ctrl_M1	ctrl_M2	ctrl_M3	mut_M1	mut_M2	mut_M3
stripe_0001	2797	2583	2594	2810	3129	2914
stripe_0002	2260	2040	2030	2274	2654	2378
stripe_0003	2762	2293	2365	2599	3052	2665
stripe_0004	3308	2913	2966	3208	3600	3314
stripe_0005	4367	3782	3879	4283	4908	4307
stripe_0006	4493	3903	4038	4547	5084	4517
stripe_0007	3004	2695	2672	2819	3379	3036
stripe_0008	2415	2178	2170	2482	2675	2528
stripe_0009	2737	2385	2367	2712	3077	2781
stripe_0010	1755	1489	1556	1755	2021	1819
stripe_0011	2259	2046	2069	2312	2587	2278
stripe_0012	5332	4620	4754	4909	5575	5209
stripe_0013	2523	2221	2223	2373	2741	2455
stripe_0014	3486	2956	3158	3339	3766	3498
stripe_0015	2516	2275	2229	2490	2744	2550
stripe_0016	3233	2896	2900	3179	3508	3252
stripe_0017	4131	3555	3621	3919	4280	3945
stripe_0018	1785	1529	1580	1727	2144	1815
stripe_0019	2270	1952	1958	2271	2501	2303
stripe_0020	3750	3125	3228	3478	4011	3588
stripe_0021	3532	2991	3085	3315	3844	3274
stripe_0022	4591	4012	4133	4419	4793	4504
stripe_0023	3976	3372	3418	3595	4126	3692
stripe_0024	3316	2858	2944	3121	3506	3114
stripe_0025	2864	2440	2402	2620	2933	2656
stripe_0026	2988	2719	2697	2988	3400	3000
stripe_0027	3754	3312	3307	3693	4316	3742
stripe_0028	3834	3333	3304	3536	4081	3556
stripe_0029	2680	2287	2309	2487	2817	2557
stripe_0030	2705	2246	2215	2473	2819	2545
stripe_0031	1735	1511	1493	1640	1939	1660
stripe_0032	4520	3943	3857	4407	5035	4481
stripe_0033	3156	2626	2731	2959	3432	3096
stripe_0034	3357	2982	2961	3184	3616	3227
stripe_0035	3767	3246	3296	3581	4020	3705
stripe_0036	3500	3053	3099	3306	3863	3439
stripe_0037	5018	4277	4293	4649	5221	4817
stripe_0038	2935	2612	2624	2868	3125	2969
stripe_0039	4006	3547	3654	3934	4401	3970
stripe_0040	2002	1728	1764	2006	2353	2008
stripe_0041	3427	2953	3058	3205	3591	3290
stripe_0042	4885	4263	4368	4707	5138	4619
stripe_0043	5929	5087	5205	5674	6270	5780
stripe_0044	4051	3524	3515	3902	4318	3908
stripe_0045	2234	1913	1941	2062	2390	2144
stripe_0046	4382	3740	3683	4187	4596	4138
stripe_0047	4477	3820	3774	4264	4689	4223
stripe_0048	2979	2689	2718	3060	3428	3130
stripe_0049	2954	2681	2577	2931	3404	3031
stripe_0050	2938	2515	2675	2926	3226	2935
stripe_0051	3507	3043	3089	3392	3830	3409
stripe_0052	3080	2793	2695	2967	3247	2988
stripe_0053	2621	2318	2149	2413	2777	2354
stripe_0054	2650	2294	2360	2392	2739	2492
stripe_0055	3534	2960	2985	3495	3802	3514
stripe_0056	3520	2885	2980	3173	3561	3144
stripe_0057	3788	3230	3320	3472	3903	3657
stripe_0058	2722	2336	2421	2451	2901	2575
stripe_0059	2701	2291	2281	2497	2867	2599
stripe_0060	2114	1923	1874	2111	2251	2177
stripe_0061	4242	3694	3664	4021	4544	4251
stripe_0062	2807	2406	2448	2799	3176	2924
stripe_0063	2893	2574	2336	2622	3039	2751
stripe_0064	3217	2866	2928	3137	3579	3276
stripe_0065	3796	3255	3381	3606	4137	3735
stripe_0066	3705	3232	3341	3742	4060	3864
stripe_0067	3490	3049	3064	3618	4189	3652
stripe_0068	2826	2438	2476	2898	3298	2891
stripe_0069	3215	2838	2899	3185	3490	3179
stripe_0070	4145	3588	3739	4003	4361	3954
stripe_0071	3868	3359	3505	3743	4070	3694
stripe_0072	3806	3337	3348	3868	4265	3859
stripe_0073	3227	2852	2931	3250	3560	3324
stripe_0074	5268	4703	4793	4967	5487	5146
stripe_0075	3778	3233	3487	3754	4057	3733
stripe_0076	3890	3330	3584	3867	4150	3851
stripe_0077	4896	4121	4340	4875	5082	4938
stripe_0078	2707	2409	2405	2559	2898	2724
stripe_0079	2343	1981	2022	2261	2676	2401
stripe_0080	3264	2882	2834	3061	3467	3270
stripe_0081	4518	3972	4063	4503	4901	4548
stripe_0082	3517	2951	3118	3460	3776	3485
stripe_0083	3309	2751	2849	3109	3467	3087
stripe_0084	6853	6030	6149	6838	7303	6875
stripe_0085	2461	2179	2107	2357	2686	2427
stripe_0086	4000	3422	3493	3970	4438	4132
stripe_0087	3369	2942	2987	3348	3604	3373
stripe_0088	4477	3704	3716	4359	4550	4324
stripe_0089	2456	2079	2108	2373	2660	2427
stripe_0090	5055	4441	4513	5142	5665	5039
stripe_0091	2125	1721	1881	1865	2107	1805
stripe_0092	2069	1875	1819	2117	2337	2118
stripe_0093	1597	1353	1388	1539	1680	1527
stripe_0094	3491	2983	3032	3213	3603	3242
stripe_0095	4297	3840	4013	4326	4560	4406
stripe_0096	3367	2884	2978	3276	3606	3350
stripe_0097	4564	4011	4184	4644	5146	4763
stripe_0098	2524	2208	2251	2530	2893	2556
stripe_0099	2294	1927	1955	2181	2460	2125
stripe_0100	3565	3103	3185	3574	3878	3583
stripe_0101	2900	2444	2482	3030	3421	3015
stripe_0102	1691	1483	1550	1603	1946	1679
stripe_0103	2828	2473	2515	2752	3162	3018
stripe_0104	3948	3440	3561	3845	4332	4054
stripe_0105	4234	3745	3958	4147	4620	4210
stripe_0106	3307	2886	2856	3121	3701	3378
stripe_0107	3045	2643	2766	2844	3187	3064
stripe_0108	2486	2144	2107	2369	2662	2425
stripe_0109	3674	3127	3242	3594	3895	3621
stripe_0110	3558	3108	3257	3501	3959	3497
stripe_0111	3496	3021	3101	3276	3818	3440
stripe_0112	988	914	890	976	1237	1031
stripe_0113	3416	2935	2893	3179	3675	3145
stripe_0114	3759	3111	3371	3795	4079	3590
stripe_0115	3157	2717	2899	3170	3515	3124
stripe_0116	3253	2848	2882	3162	3393	3050
stripe_0117	3036	2691	2685	2901	3239	3049
stripe_0118	3106	2644	2693	3156	3488	3214
stripe_0119	3815	3396	3561	3866	4274	3878
stripe_0120	2891	2453	2609	2910	3221	2952
stripe_0121	4074	3498	3575	4056	4458	4108
stripe_0122	2835	2447	2504	2851	3175	2788
stripe_0123	3879	3307	3391	3859	4319	3867
stripe_0124	2903	2540	2636	2966	3217	3005
stripe_0125	4738	4039	4274	4734	5181	4831
stripe_0126	3311	2869	2958	3323	3624	3334
stripe_0127	3598	3040	3170	3521	3953	3554
stripe_0128	2937	2514	2528	2947	3298	2940
stripe_0129	5388	4585	4644	5301	5813	5322
stripe_0130	3227	2733	2756	3014	3462	3171
stripe_0131	3823	3229	3284	3671	4081	3563
stripe_0132	2544	2288	2162	2302	2849	2574
stripe_0133	2918	2702	2589	2806	3181	2856
stripe_0134	3387	2828	2946	3335	3730	3332
stripe_0135	2525	2263	2246	2463	2752	2489
stripe_0136	3328	2795	2953	3120	3443	3251
stripe_0137	2629	2182	2306	2470	2620	2545
stripe_0138	3149	2673	2779	3033	3446	3064
stripe_0139	3090	2461	2505	2838	3215	2786
stripe_0140	4027	3508	3588	3804	4294	3949
stripe_0141	2606	2338	2250	2644	3004	2488
stripe_0142	2288	2036	2080	2240	2533	2261
stripe_0143	1341	1266	1198	1393	1703	1410
stripe_0144	2613	2353	2411	2533	2929	2696
stripe_0145	2171	1950	2021	2351	2606	2356
stripe_0146	2723	2343	2440	2796	3219	2749
stripe_0147	3207	2713	2864	3204	3547	3205
stripe_0148	2111	1833	1858	2218	2504	2164
stripe_0149	3586	3073	3180	3563	3989	3627
stripe_0150	2256	1958	1885	2264	2556	2188
stripe_0151	4149	3411	3499	3840	4270	3806
stripe_0152	2581	2261	2209	2528	2953	2630
stripe_0153	2710	2432	2450	2741	3212	2770
stripe_0154	4404	3843	3882	4465	5006	4460
stripe_0155	1376	1026	1101	1219	1482	1203
stripe_0156	3716	3118	3215	3755	4289	3946
stripe_0157	3753	3344	3375	3821	4498	3866
stripe_0158	2284	1916	1863	2248	2547	2284
stripe_0159	2999	2554	2580	2978	3363	3036
stripe_0160	4753	4048	4105	4475	5082	4714
stripe_0161	2355	2001	2020	2324	2615	2308
stripe_0162	3269	2725	2864	3282	3781	3378
stripe_0163	3373	3050	3038	3441	3895	3394
stripe_0164	2434	2049	2160	2509	2990	2335
stripe_0165	3670	3155	3124	3508	3915	3501
stripe_0166	3946	3362	3354	3760	4077	3769
stripe_0167	4480	3852	3789	4272	4886	4286
stripe_0168	3544	3043	3044	3375	3744	3430
stripe_0169	3165	2738	2813	2978	3358	2989
stripe_0170	3524	3197	3090	3438	3942	3411
stripe_0171	6348	5402	5526	6132	6737	6267
stripe_0172	4406	3872	3954	4310	4734	4387
stripe_0173	5809	5079	5089	5758	6353	5618
stripe_0174	2838	2365	2472	2814	3138	2863
stripe_0175	4705	4060	4192	4697	5046	4553
stripe_0176	3401	2966	3002	3316	3703	3349
stripe_0177	5530	4656	4798	5320	5917	5399
stripe_0178	3291	2817	2819	3120	3523	3166
stripe_0179	2931	2586	2642	3052	3351	3033
stripe_0180	3796	3353	3579	3850	4255	3978
stripe_0181	3479	2977	3160	3320	3660	3301
stripe_0182	2629	2211	2322	2540	2859	2480
stripe_0183	3597	3201	3182	3495	3795	3618
stripe_0184	2821	2410	2501	3053	3305	2978
stripe_0185	4701	4150	4190	4532	5384	4769
stripe_0186	1918	1690	1723	1957	2295	1953
stripe_0187	978	916	951	1025	1288	1124
stripe_0188	4375	3925	3974	4419	4950	4470
stripe_0189	3233	2823	2900	3117	3738	3280
stripe_0190	3977	3490	3583	3869	4524	3992
stripe_0191	2231	2121	1960	2245	2594	2331
stripe_0192	2719	2452	2497	2645	3039	2728
stripe_0193	2577	2280	2367	2604	2933	2766
stripe_0194	3420	3003	3120	3465	3954	3566
stripe_0195	2474	2111	2140	2464	2848	2423
stripe_0196	3293	2882	2909	3216	3457	3180
stripe_0197	2935	2607	2589	2851	3221	2991
stripe_0198	3548	3141	3096	3538	4012	3506
stripe_0199	4530	3820	3955	4430	5005	4534
stripe_0200	4734	4171	4036	4731	5187	4752
stripe_0201	3174	2797	2820	3101	3515	3205
stripe_0202	3853	3413	3431	3736	4276	3813
stripe_0203	3130	2679	2707	3006	3397	3105
stripe_0204	5226	4379	4554	5031	5505	4991
stripe_0205	4764	4095	4142	4384	4785	4419
stripe_0206	3651	3136	3311	3416	3787	3438
stripe_0207	5710	4876	5004	5294	5867	5414
stripe_0208	6659	5743	5834	6218	6927	6302
stripe_0209	4151	3566	3716	4032	4408	4051
stripe_0210	4365	3830	3924	4429	4902	4402
stripe_0211	5774	4888	5030	5613	6223	5686
stripe_0212	4002	3500	3507	3869	4423	3942
stripe_0213	3998	3613	3518	3965	4542	4111
stripe_0214	4266	3750	3785	4229	4649	4383
stripe_0215	5291	4464	4708	5168	5653	5287
stripe_0216	4236	3661	3751	3897	4478	4031
stripe_0217	5756	4950	5037	5490	6006	5650
stripe_0218	2618	2325	2461	2773	3096	2818
stripe_0219	3306	2868	2891	3318	3622	3299
stripe_0220	2557	2160	2252	2550	2810	2574
stripe_0221	2753	2302	2315	2657	2899	2686
stripe_0222	3490	3235	3254	3513	3927	3662
stripe_0223	3398	2998	3078	3274	3587	3305
stripe_0224	2256	1978	2027	2272	2468	2300
stripe_0225	3035	2643	2688	3064	3407	2922
stripe_0226	2419	2208	2180	2349	2738	2396
stripe_0227	2715	2688	2684	2953	3369	3047
stripe_0228	3126	2773	2832	3179	3605	3343
stripe_0229	4102	3574	3657	3968	4534	4130
stripe_0230	2409	2002	1964	2270	2641	2208
stripe_0231	4299	3565	3622	4018	4674	4158
stripe_0232	3620	3146	3285	3578	3897	3553
stripe_0233	3889	3543	3530	3993	4543	4127
stripe_0234	3383	2858	2898	3476	3921	3261
stripe_0235	3626	2999	3168	3398	3620	3377
stripe_0236	2738	2291	2339	2500	2932	2555
stripe_0237	4574	3839	3959	4167	4560	4256
stripe_0238	4625	3963	4101	4574	5276	4680
stripe_0239	4581	3931	3965	4654	5383	4651
stripe_0240	3670	3169	3326	3754	4167	3771
stripe_0241	3815	3349	3315	3604	4262	3720
stripe_0242	4474	3845	4029	4634	5009	4756
stripe_0243	3574	3052	3144	3554	3877	3650
stripe_0244	3612	3128	3132	3525	4020	3578
stripe_0245	3867	3310	3277	3796	4409	3826
stripe_0246	3503	3020	3122	3505	3930	3584
stripe_0247	3209	2739	2813	3076	3446	2995
stripe_0248	1902	1711	1678	1910	2251	1984
stripe_0249	3184	2641	2676	2972	3380	3000
stripe_0250	2111	1817	1931	2175	2398	2112
stripe_0251	2686	2420	2441	2728	3026	2782
stripe_0252	2771	2339	2347	2656	2903	2542
stripe_0253	3191	2727	2751	2961	3217	2965
stripe_0254	3940	3435	3513	3810	4097	3764
stripe_0255	3565	3023	3043	3141	3581	3224
stripe_0256	4709	4088	4199	4631	4991	4612
stripe_0257	3962	3457	3547	3944	4415	3807
stripe_0258	3256	2815	2897	3105	3350	3123
stripe_0259	3026	2674	2714	2945	3233	2931
stripe_0260	3232	2713	2840	3268	3569	3156
stripe_0261	5758	4957	5147	5534	6014	5664
stripe_0262	2864	2482	2487	2774	2978	2833
stripe_0263	3424	3028	3161	3328	3918	3467
stripe_0264	2850	2422	2434	2605	2963	2651
stripe_0265	3826	3229	3380	3640	3909	3671
stripe_0266	4867	4323	4442	4626	4987	4766
stripe_0267	4997	4324	4439	4901	5331	5005
stripe_0268	5957	5112	5216	5766	6338	5796
stripe_0269	3900	3419	3599	3825	4265	3820
stripe_0270	4593	4049	4128	4437	4980	4521
stripe_0271	2851	2397	2426	2727	3011	2626
stripe_0272	3257	2905	2946	3225	3410	3149
stripe_0273	5952	5273	5449	5917	6608	5940
stripe_0274	3109	2652	2747	3046	3415	3114
stripe_0275	4523	4127	3971	4546	5157	4513
stripe_0276	4397	3665	3846	4136	4624	4213
stripe_0277	4151	3591	3660	4288	4753	4373
stripe_0278	3235	2748	2806	3404	3828	3449
stripe_0279	1983	1671	1711	1842	2144	1923
stripe_0280	3686	3196	3193	3520	3921	3701
stripe_0281	2854	2530	2639	2867	3266	2974
stripe_0282	2834	2557	2614	2987	3350	3036
stripe_0283	2723	2423	2489	2882	3278	2920
stripe_0284	4128	3526	3742	4237	4694	4317
stripe_0285	3485	3038	3165	3563	4086	3586
stripe_0286	7738	6694	7011	7935	8613	7938
stripe_0287	3146	2764	2777	3123	3450	3126
stripe_0288	3631	3176	3260	3692	4009	3701
stripe_0289	3603	3147	3226	3674	4096	3795
stripe_0290	5680	4886	5123	5565	5908	5622
stripe_0291	2813	2350	2438	2714	2983	2673
stripe_0292	3506	3030	3143	3519	3884	3515
stripe_0293	4103	3527	3687	4026	4569	3987
stripe_0294	3852	3210	3330	3644	4190	3724
stripe_0295	3421	2940	3026	3239	3629	3291
stripe_0296	3610	3082	3159	3640	4036	3750
stripe_0297	3055	2704	2809	2949	3160	3004
stripe_0298	3464	3050	3089	3378	3657	3490
stripe_0299	4538	4011	4192	4516	5034	4444
stripe_0300	2676	2365	2397	2691	3020	2754
stripe_0301	3713	3266	3317	3597	3874	3700
stripe_0302	3745	3223	3282	3579	4265	3675
stripe_0303	4411	3950	3917	4155	4825	4389
stripe_0304	6265	5586	5601	5831	6710	6151
stripe_0305	4531	3992	4071	4329	5006	4430
stripe_0306	7596	6677	6922	7232	7871	7386
stripe_0307	3558	3132	3101	3276	3706	3429
stripe_0308	4097	3522	3478	3762	4057	3744
stripe_0309	3478	3200	3140	3383	4021	3491
stripe_0310	4848	4295	4250	4676	5174	4784
stripe_0311	4652	4174	4191	4474	4882	4700
stripe_0312	4619	4157	4085	4193	4818	4319
stripe_0313	3347	2956	2888	3275	3704	3342
stripe_0314	3830	3431	3395	3686	4121	3811
stripe_0315	2907	2579	2588	2722	3045	2771
stripe_0316	2470	2280	2226	2629	2957	2636
stripe_0317	3322	2913	2896	3229	3623	3240
stripe_0318	3630	3214	3286	3488	3843	3570
stripe_0319	4005	3472	3450	3729	4117	3816
stripe_0320	4174	3672	3672	4011	4477	4277
stripe_0321	2709	2314	2338	2519	2856	2531
stripe_0322	3227	3069	2973	3208	3592	3258
stripe_0323	2867	2484	2561	2707	3227	2795
stripe_0324	4197	3662	3680	3945	4424	4088
stripe_0325	3332	2883	2897	3168	3535	3239
stripe_0326	3153	2778	2752	2966	3327	3110
stripe_0327	2930	2617	2660	2958	3386	3032
stripe_0328	4058	3576	3676	4064	4579	4231
stripe_0329	3755	3296	3352	3534	3857	3680
stripe_0330	2502	2216	2217	2447	2815	2590
stripe_0331	1774	1486	1532	1711	2008	1652
stripe_0332	3110	2889	2873	3127	3626	3287
stripe_0333	5914	5216	5391	5735	6424	5933
stripe_0334	1891	1722	1702	1857	2201	1928
stripe_0335	2191	2019	2105	2135	2608	2337
stripe_0336	4619	4192	4100	4540	5186	4590
stripe_0337	3443	2973	3040	3255	3665	3351
stripe_0338	4099	3539	3649	3887	4373	3983
stripe_0339	2479	2251	2259	2471	2883	2552
stripe_0340	2274	2101	1887	2089	2418	2196
stripe_0341	2375	2149	2071	2250	2750	2390
stripe_0342	3239	2980	2927	3202	3698	3359
stripe_0343	2416	2059	2116	2291	2572	2339
stripe_0344	2578	2297	2198	2452	2679	2483
stripe_0345	3280	2831	2842	3074	3397	3101
stripe_0346	4397	3837	4065	4517	5051	4591
stripe_0347	4792	4248	4266	4798	5221	4816
stripe_0348	2533	2283	2316	2368	2712	2472
stripe_0349	4030	3697	3650	3893	4515	4039
stripe_0350	2497	2256	2241	2480	2842	2685
stripe_0351	2359	2154	2097	2330	2709	2535
stripe_0352	2868	2448	2366	2767	3113	2719
stripe_0353	2244	1988	1926	2304	2670	2304
stripe_0354	2369	2109	2094	2204	2654	2347
stripe_0355	2527	2190	2198	2496	2793	2495
stripe_0356	2086	1880	1905	1979	2277	2133
stripe_0357	4179	3760	3870	4149	4633	4346
stripe_0358	3295	2902	2897	3203	3561	3294
stripe_0359	3009	2577	2566	2870	3331	2933
stripe_0360	3518	3030	2957	3373	3881	3424
stripe_0361	3465	2928	2996	3180	3696	3225
stripe_0362	2705	2419	2452	2726	2973	2771
stripe_0363	2370	2108	2090	2331	2625	2403
stripe_0364	5811	5060	5085	5655	6285	5676
stripe_0365	4067	3505	3555	3699	4172	3810
stripe_0366	4741	4344	4350	4592	5127	4714
stripe_0367	2839	2611	2560	2756	3081	2759
stripe_0368	5095	4643	4697	5067	5756	5101
stripe_0369	2804	2598	2578	2839	3281	2901
stripe_0370	2413	2119	2033	2318	2729	2347
stripe_0371	3116	2823	2866	3262	3552	3311
stripe_0372	3424	3052	2944	3125	3691	3207
stripe_0373	2194	1912	1871	2080	2424	2173
stripe_0374	2873	2434	2568	2674	2978	2806
stripe_0375	3894	3496	3409	3843	4238	4007
stripe_0376	2640	2413	2374	2665	2927	2615
stripe_0377	4102	3697	3750	4066	4422	4066
stripe_0378	2385	2232	2189	2422	2756	2632
stripe_0379	3192	2951	2938	3380	3834	3469
stripe_0380	1878	1737	1813	1725	2143	1949
stripe_0381	4350	3874	3819	4247	4697	4171
stripe_0382	2446	2173	2136	2424	2747	2475
stripe_0383	2963	2835	2777	2958	3275	3044
stripe_0384	2831	2555	2411	2707	3100	2788
stripe_0385	3322	2891	2918	3090	3474	3078
stripe_0386	3574	3074	3104	3200	3565	3315
stripe_0387	3973	3469	3531	3715	4240	3749
stripe_0388	5206	4700	4479	5080	5738	5070
stripe_0389	7181	6195	6416	6831	7517	6883
stripe_0390	4019	3520	3516	3912	4364	3994
stripe_0391	2686	2485	2450	2657	2998	2756
stripe_0392	3135	2829	2852	3107	3524	3216
stripe_0393	2665	2265	2263	2448	2772	2539
stripe_0394	2910	2632	2568	2931	3382	2970
stripe_0395	5072	4613	4758	5117	5725	5364
stripe_0396	3229	2884	3003	3107	3455	3111
stripe_0397	4476	3751	3815	4282	4712	4373
stripe_0398	3731	3388	3198	3595	4116	3555
stripe_0399	1946	1700	1719	1869	2176	1996
stripe_0400	3089	2768	2680	3021	3501	3043
stripe_0401	2439	2128	2161	2438	2786	2528
stripe_0402	4164	3598	3576	3962	4356	4047
stripe_0403	3977	3361	3442	3733	4141	3755
stripe_0404	3957	3458	3429	3714	4197	3703
stripe_0405	2975	2631	2621	2975	3364	3080
stripe_0406	3079	2834	2816	3023	3635	3172
stripe_0407	2998	2609	2579	2886	3350	2997
stripe_0408	4964	4432	4387	5002	5530	4949
stripe_0409	3553	3047	3106	3388	3852	3397
stripe_0410	5461	4794	4698	5091	5736	5197
stripe_0411	3205	2820	2793	2976	3370	3096
stripe_0412	3791	3374	3383	3618	3969	3640
stripe_0413	2375	2135	2075	2328	2747	2297
stripe_0414	3142	2724	2681	3022	3678	3142
stripe_0415	5063	4450	4422	4922	5704	4911
stripe_0416	6505	5757	5749	6118	6867	6358
stripe_0417	2807	2471	2502	2842	3197	2778
stripe_0418	4673	4082	4125	4516	5169	4505
stripe_0419	4089	3633	3588	3781	4379	3885
stripe_0420	4916	4292	4230	4519	5255	4588
stripe_0421	4707	4254	4267	4526	5097	4644
stripe_0422	4403	3984	3934	4324	4868	4451
stripe_0423	3825	3403	3400	3670	4075	3675
stripe_0424	2596	2243	2267	2487	2892	2543
stripe_0425	3322	2996	2914	3230	3623	3327
stripe_0426	2587	2312	2269	2449	2769	2560
stripe_0427	2748	2234	2368	2586	3046	2674
stripe_0428	3149	2860	2855	3094	3475	3185
stripe_0429	2558	2371	2242	2723	2811	2515
stripe_0430	4859	4308	4305	4719	5228	4816
stripe_0431	3309	3020	2992	3384	3843	3411
stripe_0432	2761	2436	2513	2850	3229	2881
stripe_0433	3473	3070	3113	3365	3715	3454
stripe_0434	3604	3173	3212	3487	4092	3579
stripe_0435	2933	2493	2548	2799	3244	2916
stripe_0436	3315	2822	2852	3091	3453	3170
stripe_0437	2769	2407	2370	2672	3001	2804
stripe_0438	5461	4871	4811	5351	5958	5372
stripe_0439	4032	3634	3651	4184	4666	4206
stripe_0440	3929	3472	3391	3657	4369	3802
stripe_0441	3575	3058	3108	3425	3758	3456
stripe_0442	3903	3401	3477	3675	4033	3693
stripe_0443	4172	3618	3658	3822	4373	3880
stripe_0444	3247	2813	2801	2995	3341	2938
stripe_0445	3838	3382	3366	3882	4286	3948
stripe_0446	3279	2924	3016	3393	3698	3513
stripe_0447	2905	2550	2597	2890	3259	2886
stripe_0448	4766	4202	4172	4800	5149	4619
stripe_0449	3025	2619	2615	2993	3359	2978
stripe_0450	2420	2102	2125	2263	2603	2309
stripe_0451	3670	3156	3205	3547	3964	3706
stripe_0452	4066	3578	3580	3879	4360	3979
stripe_0453	3499	3143	3067	3285	3729	3265
stripe_0454	3643	3201	3156	3564	4010	3682
stripe_0455	3708	3223	3362	3591	3948	3743
stripe_0456	4437	3889	3848	4379	4802	4231
stripe_0457	3227	2708	2710	2912	3230	3093
stripe_0458	3119	2758	2829	3032	3295	3129
stripe_0459	2324	2067	2154	2261	2493	2347
stripe_0460	1866	1680	1691	1741	2031	1769
stripe_0461	3680	3311	3346	3491	3834	3597
stripe_0462	3679	3227	3215	3568	4090	3683
stripe_0463	2969	2586	2626	2937	3347	2909
stripe_0464	2642	2435	2402	2635	3092	2815
stripe_0465	3280	2892	2883	2985	3314	3072
stripe_0466	2866	2500	2532	2548	3037	2666
stripe_0467	2287	1982	2053	2298	2541	2284
stripe_0468	2840	2573	2553	2783	3231	2849
stripe_0469	4747	4216	4332	4502	4901	4596
stripe_0470	4448	3885	3869	4117	4615	4231
stripe_0471	4621	4001	3954	4364	4801	4451
stripe_0472	2870	2427	2455	2748	3002	2742
stripe_0473	2200	1929	1891	2145	2404	2153
stripe_0474	5998	5205	5228	5816	6359	5696
stripe_0475	2020	1699	1607	1929	2226	2029
stripe_0476	3613	2986	3074	3492	4054	3550
stripe_0477	3843	3388	3372	3676	4027	3644
stripe_0478	2137	1949	1844	1787	2031	1938
stripe_0479	2444	2136	2198	2287	2680	2401
stripe_0480	3483	3186	3032	3307	3725	3347
stripe_0481	2337	2051	1981	2171	2485	2230
stripe_0482	2592	2231	2188	2441	2761	2453
stripe_0483	3161	2757	2705	3056	3555	3095
stripe_0484	4184	3626	3652	4056	4666	4186
stripe_0485	3042	2536	2543	2884	3241	2929
stripe_0486	2993	2715	2608	3051	3405	3106
stripe_0487	3454	2978	3036	3508	3822	3519
stripe_0488	1698	1551	1522	1796	2047	1728
stripe_0489	4041	3576	3683	4046	4529	4096
stripe_0490	2859	2596	2579	3013	3405	3043
stripe_0491	2572	2288	2254	2382	2810	2596
stripe_0492	2664	2410	2353	2745	3190	2674
stripe_0493	3042	2706	2839	3224	3553	3199
stripe_0494	2611	2329	2265	2693	3062	2693
stripe_0495	2839	2620	2649	3067	3522	3142
stripe_0496	3666	3284	3283	3585	4070	3752
stripe_0497	3212	2850	2918	3113	3472	3103
stripe_0498	3798	3236	3302	3535	3951	3634
stripe_0499	3043	2613	2627	2836	3225	2927
stripe_0500	5172	4447	4502	4782	5391	4953
stripe_0501	4028	3646	3532	4039	4529	4158
stripe_0502	3728	3319	3292	3666	4113	3725
stripe_0503	3632	3666	3677	3685	3937	3778
stripe_0504	5487	5471	5408	5754	6282	5697
stripe_0505	4341	4485	4491	4782	5292	4781
stripe_0506	5455	5420	5468	5883	6261	5719
stripe_0507	6009	5892	5813	6067	6597	5997
stripe_0508	3261	3260	3180	3324	3828	3384
stripe_0509	4990	4882	4895	5269	5650	5261
stripe_0510	4327	4125	4183	4458	4779	4406
stripe_0511	3969	3912	3937	4130	4705	4144
stripe_0512	4148	4021	4186	4394	4685	4469
stripe_0513	5493	5280	5299	5569	6019	5552
stripe_0514	3140	3152	3180	3285	3573	3188
stripe_0515	3087	3014	3046	3171	3533	3096
stripe_0516	4768	4834	4788	5039	5418	4960
stripe_0517	2614	2512	2530	2888	3289	2853
stripe_0518	5631	5624	5672	6010	6622	6068
stripe_0519	2526	2559	2406	2954	3191	2881
stripe_0520	4731	4481	4419	5061	5498	5025
stripe_0521	4485	4590	4608	4810	5285	4759
stripe_0522	2414	2437	2301	2463	2880	2384
stripe_0523	3958	3768	3941	4159	4605	4067
stripe_0524	2976	2954	3058	3243	3470	3348
stripe_0525	3939	3861	4080	4128	4451	4165
stripe_0526	5364	5285	5415	5637	6129	5632
stripe_0527	4079	3969	3927	4189	4647	4247
stripe_0528	3272	3170	3269	3459	3975	3435
stripe_0529	3376	3354	3360	3629	4048	3530
stripe_0530	3356	3285	3418	3565	4040	3589
stripe_0531	2882	2907	2869	3159	3488	3095
stripe_0532	3806	3845	3901	4320	5032	4343
stripe_0533	3842	3895	3994	4331	4791	4345
stripe_0534	5080	5057	5101	5684	6486	5976
stripe_0535	4189	4040	4176	4308	4796	4477
stripe_0536	4405	4437	4394	4814	5256	4705
stripe_0537	4524	4462	4506	4869	5268	4953
stripe_0538	3849	3783	3637	4132	4555	4153
stripe_0539	2990	2916	2978	3095	3489	3181
stripe_0540	5621	5396	5528	5822	6372	5833
stripe_0541	3074	3035	3066	3170	3579	3091
stripe_0542	2594	2509	2622	2711	3005	2562
stripe_0543	4640	4670	4712	5108	5557	5136
stripe_0544	3896	3815	3866	4237	4709	4176
stripe_0545	3475	3416	3468	3724	4050	3757
stripe_0546	2820	2701	2567	2906	3237	2784
stripe_0547	6054	5907	6005	6350	6891	6439
stripe_0548	3640	3571	3561	3993	4487	4010
stripe_0549	3637	3674	3693	4028	4320	4029
stripe_0550	6397	6344	6415	6910	7486	6983
stripe_0551	5213	4982	4892	5229	5736	5318
stripe_0552	5526	5265	5345	5936	6553	5852
stripe_0553	4643	4586	4395	4846	5139	4673
stripe_0554	3041	2966	2833	3109	3321	2984
stripe_0555	4744	4524	4602	4900	5367	4796
stripe_0556	5726	5696	5691	6014	6494	5967
stripe_0557	5173	5181	5133	5386	5895	5334
stripe_0558	5404	5401	5368	5996	6543	5811
stripe_0559	4023	3912	3956	4562	4834	4558
stripe_0560	4077	4059	4057	4226	4694	4124
stripe_0561	3119	3092	2927	3099	3390	3068
stripe_0562	4240	3988	4071	4528	4963	4486
stripe_0563	3499	3380	3297	3665	4242	3603
stripe_0564	3528	3437	3378	3633	4173	3620
stripe_0565	4280	4090	4155	4841	5467	4665
stripe_0566	3790	3786	3862	4210	4562	4304
stripe_0567	5031	4767	4756	5096	5444	5096
stripe_0568	5374	5347	5336	5685	6198	5622
stripe_0569	2688	2611	2556	2929	3219	2833
stripe_0570	4272	4134	4080	4669	5155	4530
stripe_0571	4791	4543	4553	4917	5316	4879
stripe_0572	4820	4679	4871	5287	5541	5255
stripe_0573	4361	4277	4344	4315	4726	4485
stripe_0574	2349	2380	2275	2392	2650	2342
stripe_0575	3312	3268	3307	3431	3804	3416
stripe_0576	2728	2767	2768	2892	3198	3064
stripe_0577	5033	5020	5124	5471	5952	5395
stripe_0578	3947	4002	3999	4229	4498	4380
stripe_0579	3175	2925	2932	3323	3727	3308
stripe_0580	3636	3539	3724	4056	4425	3983
stripe_0581	4865	4765	4759	5194	5414	5230
stripe_0582	5858	5541	5672	5928	6576	6011
stripe_0583	6191	6016	6216	6541	6904	6452
stripe_0584	3632	3433	3658	4016	4279	4014
stripe_0585	2645	2645	2611	2786	3280	2897
stripe_0586	3607	3520	3698	4178	4656	4164
stripe_0587	2470	2523	2487	2889	3172	2732
stripe_0588	2864	2746	2733	2948	3436	2896
stripe_0589	5150	5040	4965	5103	5782	5101
stripe_0590	3512	3374	3358	3429	3950	3385
stripe_0591	5418	5233	5206	5402	5939	5274
stripe_0592	3419	3292	3258	3434	3819	3222
stripe_0593	4320	4190	4287	4661	5236	4663
stripe_0594	3738	3494	3526	3909	4278	3799
stripe_0595	3923	3923	3889	4149	4659	4218
stripe_0596	3053	3031	3025	3213	3607	3101
stripe_0597	3743	3645	3723	3956	4336	4059
stripe_0598	3339	3344	3338	3527	3794	3618
stripe_0599	3904	3694	3848	4022	4499	4092
stripe_0600	6627	6371	6547	6605	7160	6576
stripe_0601	4448	4331	4350	4629	5050	4628
stripe_0602	5001	4761	4906	5252	5630	5167
stripe_0603	3939	3920	3842	4264	4500	4280
stripe_0604	3955	3870	3870	4076	4550	4000
stripe_0605	5309	5260	5240	5602	6118	5452
stripe_0606	3030	2959	2940	3099	3523	3080
stripe_0607	5485	5355	5263	5568	6027	5493
stripe_0608	5153	4994	4976	5235	5778	5155
stripe_0609	3449	3355	3369	3836	4142	3906
stripe_0610	4153	4127	4268	5095	5452	4935
stripe_0611	2768	2705	2708	3272	3648	3343
stripe_0612	3376	3283	3182	3662	4016	3649
stripe_0613	3929	3843	3831	4332	4803	4336
stripe_0614	2584	2585	2511	2876	3244	2929
stripe_0615	2786	2783	2679	3095	3544	3104
stripe_0616	2851	2936	2784	3066	3394	3044
stripe_0617	2874	2858	2790	3176	3780	3168
stripe_0618	2965	2948	2975	3177	3651	3080
stripe_0619	5538	5475	5512	5977	6718	5844
stripe_0620	3075	2944	2851	3232	3584	3175
stripe_0621	4162	4099	4090	4462	4853	4425
stripe_0622	4322	4272	4226	4607	4957	4528
stripe_0623	3796	3811	3696	3970	4340	3854
stripe_0624	3527	3365	3396	3686	4260	3592
stripe_0625	4403	4323	4274	4568	5069	4392
stripe_0626	5577	5304	5249	5356	6071	5528
stripe_0627	3362	3365	3269	3434	3810	3447
stripe_0628	3532	3534	3477	3682	4128	3593
stripe_0629	2865	2791	2807	2960	3293	2969
stripe_0630	3115	3056	3077	3281	3551	3269
stripe_0631	5643	5461	5400	5910	6616	5734
stripe_0632	3378	3447	3390	3719	4194	3765
stripe_0633	2452	2331	2404	2572	3019	2613
stripe_0634	2568	2610	2660	3034	3367	2964
stripe_0635	2607	2582	2595	3005	3357	2967
stripe_0636	4588	4351	4448	4839	5220	4748
stripe_0637	3174	3038	2976	3244	3589	3118
stripe_0638	3640	3596	3711	4113	4521	4119
stripe_0639	3126	2990	2979	3177	3636	3074
stripe_0640	4469	4362	4518	4826	5286	4902
stripe_0641	4551	4373	4335	4924	5297	4788
stripe_0642	2979	2954	2844	3106	3424	3052
stripe_0643	3454	3249	3223	3444	3793	3262
stripe_0644	3020	2994	2950	3435	3717	3327
stripe_0645	3250	3243	3301	3764	3989	3703
stripe_0646	4083	3898	3856	4409	4798	4307
stripe_0647	5957	6066	6083	6407	7204	6424
stripe_0648	2912	2915	2889	3038	3476	3012
stripe_0649	5657	5646	5607	6040	6544	5931
stripe_0650	3060	2983	2909	3111	3529	3041
stripe_0651	3612	3546	3496	3834	4336	3763
stripe_0652	2713	2756	2714	2855	3175	2902
stripe_0653	6070	5986	5862	6430	7047	6392
stripe_0654	3625	3483	3484	3751	4187	3754
stripe_0655	2279	2296	2274	2560	2915	2601
stripe_0656	5533	5477	5543	6221	6574	6054
stripe_0657	3546	3585	3542	4079	4443	4013
stripe_0658	5481	5395	5352	6042	6457	6028
stripe_0659	3972	3679	3884	4156	4676	4095
stripe_0660	5580	5603	5363	6009	6559	5883
stripe_0661	4606	4444	4521	4837	5133	4726
stripe_0662	4213	4121	4083	4483	4733	4249
stripe_0663	2422	2350	2331	2575	3098	2576
stripe_0664	4458	4495	4389	4713	5113	4581
stripe_0665	3399	3378	3307	3567	3959	3530
stripe_0666	4165	4018	3965	4169	4641	4162
stripe_0667	5390	5281	5273	5566	5954	5616
stripe_0668	3500	3464	3504	3606	3943	3564
stripe_0669	5600	5495	5345	5578	6365	5563
stripe_0670	3177	3150	3068	3332	3759	3330
stripe_0671	3449	3413	3462	3550	3933	3548
stripe_0672	3740	3659	3643	3874	4158	3841
stripe_0673	6383	6273	6265	6583	7441	6568
stripe_0674	4051	3979	4028	4174	4549	4244
stripe_0675	3686	3631	3660	3809	4160	3844
stripe_0676	3203	3012	2985	3354	3623	3091
stripe_0677	3669	3595	3640	3847	4271	3865
stripe_0678	5654	5496	5542	6133	6733	5983
stripe_0679	3469	3398	3466	3631	3874	3592
stripe_0680	3239	3155	3127	3393	3716	3272
stripe_0681	3955	3812	3903	4174	4630	4107
stripe_0682	4240	3993	4106	4312	4747	4186
stripe_0683	4870	4850	4912	5045	5658	5257
stripe_0684	3238	3152	3180	3371	3639	3314
stripe_0685	2961	2877	2892	3184	3647	3135
stripe_0686	3831	3811	3849	4125	4547	4154
stripe_0687	3513	3510	3534	3894	4376	3811
stripe_0688	4874	4839	4889	5306	5794	5296
stripe_0689	5405	5349	5495	6015	6372	5874
stripe_0690	3903	3895	3997	4239	4560	4158
stripe_0691	3382	3258	3192	3521	4154	3636
stripe_0692	3232	3194	3227	3518	4010	3505
stripe_0693	4462	4348	4453	4618	5104	4654
stripe_0694	2888	2887	2899	3064	3425	3110
stripe_0695	3031	2947	2894	3379	3791	3225
stripe_0696	4523	4455	4547	4884	5428	5151
stripe_0697	2918	2863	2904	3145	3374	3134
stripe_0698	3025	2930	2830	3286	3662	3245
stripe_0699	4295	4357	4271	4670	5206	4557
stripe_0700	3510	3313	3354	3772	4202	3580
stripe_0701	5614	5474	5358	5860	6394	5681
stripe_0702	4256	4253	4156	4549	4874	4456
stripe_0703	3164	3013	3008	3359	3585	3195
stripe_0704	3334	3173	3091	3538	3926	3430
stripe_0705	5611	5522	5490	5901	6397	5940
stripe_0706	4108	3970	4011	4340	4621	4365
stripe_0707	4266	4144	4311	4493	4879	4565
stripe_0708	2822	2740	2750	2964	3486	2898
stripe_0709	3718	3609	3702	4032	4409	3984
stripe_0710	3491	3442	3391	3860	4340	3788
stripe_0711	6060	5917	5927	6642	7430	6581
stripe_0712	4335	4200	4237	4473	4814	4412
stripe_0713	4774	4587	4684	5041	5280	4821
stripe_0714	4719	4597	4718	4934	5324	4986
stripe_0715	4689	4571	4687	4912	5285	4954
stripe_0716	4072	4122	4010	4214	4747	4163
stripe_0717	5509	5215	5240	5693	6281	5628
stripe_0718	3848	3776	3826	3973	4400	3896
stripe_0719	2638	2464	2472	2815	3171	2653
stripe_0720	2937	2890	2924	3138	3495	3078
stripe_0721	3190	3259	3176	3424	3911	3441
stripe_0722	5299	5205	5145	5686	6260	5603
stripe_0723	4681	4549	4583	4794	5376	4688
stripe_0724	4023	3963	3978	4256	4779	4340
stripe_0725	2848	2851	2747	2989	3463	3017
stripe_0726	5350	5416	5467	5626	6244	5713
stripe_0727	4068	3864	4040	4313	4831	4338
stripe_0728	7225	7210	7354	7965	8486	7945
stripe_0729	2781	2779	2694	3052	3545	3023
stripe_0730	6562	6441	6543	6957	7542	6886
stripe_0731	3168	3108	3167	3218	3639	3188
stripe_0732	3400	3442	3362	3687	4058	3689
stripe_0733	2927	2858	2819	3089	3422	3010
stripe_0734	3529	3435	3581	3958	4468	4019
stripe_0735	5484	5355	5284	5682	6124	5593
stripe_0736	3627	3525	3446	3768	4116	3767
stripe_0737	4265	4156	4215	4474	5096	4441
stripe_0738	7443	7322	7283	7986	8553	7719
stripe_0739	5007	4909	4898	5306	5907	5286
stripe_0740	3327	3321	3320	3613	3983	3524
stripe_0741	4234	4178	4367	4490	4979	4459
stripe_0742	3302	3257	3211	3453	3980	3410
stripe_0743	4400	4278	4350	4477	5075	4379
stripe_0744	3913	3911	3954	4071	4764	4161
stripe_0745	2724	2649	2690	2878	3194	2827
stripe_0746	4275	4183	4131	4406	4902	4496
stripe_0747	4307	4096	4208	4344	4819	4289
stripe_0748	7067	6743	6922	7273	7845	7254
stripe_0749	4787	4628	4548	4858	5253	4910
stripe_0750	6959	6885	6988	7270	7821	7346
stripe_0751	3236	3140	3056	3372	3691	3336
stripe_0752	5088	4947	4937	5280	5811	5233
stripe_0753	3878	3746	3827	4093	4571	4085
stripe_0754	3060	3019	3023	3154	3542	3138
stripe_0755	4678	4641	4662	4874	5205	4851
stripe_0756	2910	2800	2845	3139	3539	3090
stripe_0757	4601	4429	4395	4887	5327	4779
stripe_0758	3715	3660	3629	3864	4240	3806
stripe_0759	2611	2556	2535	2696	3097	2754
stripe_0760	6282	6189	6390	6631	7220	6696
stripe_0761	3544	3538	3406	3720	4149	3681
stripe_0762	3288	3210	3276	3293	3705	3269
stripe_0763	2749	2852	2769	3000	3405	2966
stripe_0764	3924	3853	4008	4157	4463	4124
stripe_0765	4595	4437	4477	4855	5280	4825
stripe_0766	3775	3597	3598	3736	4228	3810
stripe_0767	3595	3429	3375	3665	4089	3550
stripe_0768	4800	4576	4656	4890	5349	4682
stripe_0769	4033	3903	4005	4256	4791	4207
stripe_0770	5556	5398	5317	5900	6442	5724
stripe_0771	3090	2945	2999	3210	3575	3279
stripe_0772	6991	6828	6910	7440	7961	7523
stripe_0773	3811	3716	3611	3813	4160	3832
stripe_0774	3148	2965	3076	3169	3501	3221
stripe_0775	5563	5635	5637	5931	6470	5885
stripe_0776	6004	5946	6021	6329	6840	6239
stripe_0777	5930	5886	5818	6292	6778	6075
stripe_0778	4911	4971	5016	5217	5718	5157
stripe_0779	5891	5884	5947	6204	6885	6202
stripe_0780	3706	3585	3722	3823	4211	3845
stripe_0781	4342	4388	4314	4553	4909	4461
stripe_0782	6393	6313	6454	6923	7458	6793
stripe_0783	7727	7623	7686	8264	8778	8243
stripe_0784	4346	4265	4258	4721	5051	4503
stripe_0785	6444	6412	6323	6812	7543	6705
stripe_0786	5271	5276	5337	5600	6150	5558
stripe_0787	7669	7608	7584	8203	8826	8173
stripe_0788	3938	3849	3860	4082	4564	4108
stripe_0789	4521	4373	4401	4853	5223	4780
stripe_0790	6820	6491	6718	7095	7681	6954
stripe_0791	7394	7142	7048	7810	8283	7438
stripe_0792	7338	7095	7199	7665	8392	7592
stripe_0793	4122	3942	4074	4272	4664	4207
stripe_0794	5363	5234	5266	5655	6080	5543
stripe_0795	7608	7613	7723	7946	8674	8071
stripe_0796	4137	4112	4126	4493	5060	4405
stripe_0797	5743	5605	5700	5973	6728	5987
stripe_0798	3752	3582	3694	3916	4286	3994
stripe_0799	2510	2451	2341	2499	2995	2622
stripe_0800	4799	4420	4379	4508	5477	4749
stripe_0801	4451	3957	3904	4187	4711	4392
stripe_0802	3784	3345	3283	3670	4165	3860
stripe_0803	2455	2347	2302	2476	2978	2572
stripe_0804	2337	1964	1904	2211	2546	2265
stripe_0805	2206	1949	1853	2183	2519	2356
stripe_0806	3641	3219	3287	3558	4155	3707
stripe_0807	2726	2286	2317	2570	2823	2549
stripe_0808	3545	3222	3271	3700	4086	3915
stripe_0809	1539	1412	1377	1662	1854	1606
stripe_0810	2181	1955	1866	2143	2553	2178
stripe_0811	2920	2593	2752	3171	3582	3199
stripe_0812	2413	2074	2160	2394	2811	2446
stripe_0813	3281	3078	3118	3527	3915	3645
stripe_0814	3314	2991	3079	3317	3632	3467
stripe_0815	3834	3387	3426	3841	4214	3991
stripe_0816	2162	1920	1871	2166	2548	2197
stripe_0817	2136	1869	1871	2219	2571	2180
stripe_0818	3749	3238	3266	3660	4146	3717
stripe_0819	2561	2209	2230	2362	2750	2368
stripe_0820	3292	2889	2861	2928	3425	3071
stripe_0821	2588	2332	2376	2371	2894	2607
stripe_0822	2424	2239	2249	2292	2696	2256
stripe_0823	2813	2461	2368	2635	3200	2855
stripe_0824	3299	2906	2720	3191	3639	3239
stripe_0825	2142	1835	1911	2218	2428	2134
stripe_0826	5924	5353	5360	5960	6498	6143
stripe_0827	2658	2375	2380	2594	2968	2636
stripe_0828	4941	4377	4469	5048	5482	5198
stripe_0829	3804	3440	3518	3929	4295	3983
stripe_0830	2787	2456	2444	2854	3198	2857
stripe_0831	4539	4054	3988	4307	4825	4360
stripe_0832	4212	3753	3765	4193	4614	4284
stripe_0833	2957	2576	2485	2762	3124	2788
stripe_0834	3513	3099	3055	3299	3792	3325
stripe_0835	2380	2032	2058	2413	2784	2456
stripe_0836	3915	3470	3460	3875	4538	3989
stripe_0837	2538	2238	2367	2366	2908	2428
stripe_0838	2637	2254	2375	2468	2900	2588
stripe_0839	3744	3345	3389	3687	4165	3751
stripe_0840	5391	4737	4712	5084	5657	5270
stripe_0841	4510	4002	3938	4438	5297	4566
stripe_0842	3428	3159	3127	3421	3881	3639
stripe_0843	3086	2795	2784	2947	3354	2979
stripe_0844	4816	4258	4423	4692	5224	4750
stripe_0845	3443	2998	3088	3286	3630	3414
stripe_0846	2898	2457	2523	2820	3104	2858
stripe_0847	2898	2457	2523	2820	3104	2858
stripe_0848	2664	2242	2305	2586	2936	2555
stripe_0849	1962	1830	1747	1944	2296	2082
stripe_0850	2747	2567	2542	2678	3041	2898
stripe_0851	3337	3265	3133	3318	3733	3520
stripe_0852	3379	3158	3203	3243	3583	3296
stripe_0853	4632	4211	4155	4317	4847	4578
stripe_0854	2610	2310	2244	2472	2654	2549
stripe_0855	1503	1421	1403	1494	1728	1551
stripe_0856	3401	3107	3009	3363	3706	3528
stripe_0857	2611	2398	2392	2619	2990	2677
stripe_0858	4535	3991	3868	4358	4924	4534
stripe_0859	2408	2064	1979	2174	2482	2241
stripe_0860	3302	2904	2940	3176	3669	3391
stripe_0861	2830	2481	2362	2646	3072	2717
stripe_0862	4786	4220	4259	4774	5536	4966
stripe_0863	2856	2534	2520	2835	3311	2778
stripe_0864	2383	2173	2125	2298	2600	2482
stripe_0865	2923	2614	2577	2912	3436	2966
stripe_0866	4093	3614	3638	4014	4461	4046
stripe_0867	2401	2070	2090	2345	2692	2416
stripe_0868	3601	3253	3366	3773	4229	3948
stripe_0869	3395	2847	2954	3439	3881	3472
stripe_0870	2191	1961	1957	2197	2539	2220
stripe_0871	3440	2970	2925	3149	3638	3276
stripe_0872	1863	1663	1604	1903	2319	1951
stripe_0873	2527	2396	2390	2519	2902	2606
stripe_0874	2984	2655	2676	3087	3492	3182
stripe_0875	3314	2928	2995	3332	3790	3515
stripe_0876	3432	2947	2968	3099	3604	3113
stripe_0877	2187	1911	1890	2060	2472	2076
stripe_0878	5368	4790	4739	5328	5980	5540
stripe_0879	3128	2834	2938	3075	3508	3171
stripe_0880	4235	3822	3854	4293	4713	4314
stripe_0881	3116	2753	2763	2856	3237	2978
stripe_0882	2758	2504	2471	2645	2934	2794
stripe_0883	4545	4061	4098	4501	4849	4596
stripe_0884	3769	3308	3294	3606	4099	3670
stripe_0885	5223	4615	4571	5006	5657	5102
stripe_0886	4106	3648	3794	4171	4732	4277
stripe_0887	3316	2900	2908	2963	3537	3121
stripe_0888	3301	2998	3045	3366	3873	3461
stripe_0889	2876	2716	2588	2875	3423	3063
stripe_0890	2871	2569	2573	2845	3228	2972
stripe_0891	3659	3332	3407	3757	4372	3899
stripe_0892	3755	3388	3412	3976	4398	4070
stripe_0893	2388	2119	2067	2481	2816	2456
stripe_0894	4510	3974	3917	4503	5139	4430
stripe_0895	2703	2436	2406	2639	3034	2700
stripe_0896	2207	2014	1967	2182	2539	2238
stripe_0897	6207	5526	5507	5940	6495	6032
stripe_0898	4014	3621	3644	3779	4110	3858
stripe_0899	3269	2867	2970	3034	3475	3208
stripe_0900	2088	1889	2163	1898	2624	2222
stripe_0901	2694	2424	2391	2561	2911	2626
stripe_0902	2813	2427	2449	2788	3192	2831
stripe_0903	2169	1943	1981	2192	2471	2150
stripe_0904	3151	2773	2840	3046	3411	3174
stripe_0905	3718	3421	3349	3786	4325	3840
stripe_0906	3889	3354	3332	3709	4120	3852
stripe_0907	4362	3993	3952	4450	4886	4471
stripe_0908	3529	3195	3171	3390	3835	3532
stripe_0909	2807	2515	2465	2669	3128	2673
stripe_0910	2700	2344	2331	2529	2830	2620
stripe_0911	4545	2488	2788	2880	3698	3427
stripe_0912	2435	2137	2112	2399	2827	2485
stripe_0913	3204	3001	2871	3229	3602	3332
stripe_0914	4810	4290	4392	4760	5190	4885
stripe_0915	4321	3849	3862	4187	4589	4187
stripe_0916	4303	3725	3783	4028	4534	4234
stripe_0917	5280	4579	4572	5010	5499	5175
stripe_0918	7349	6439	6541	7077	7751	7253
stripe_0919	3959	3419	3531	3620	4168	3684
stripe_0920	2540	2340	2236	2503	2946	2537
stripe_0921	4285	3848	3800	4166	4689	4208
stripe_0922	2766	2483	2410	2629	2915	2599
stripe_0923	3227	2936	2938	3146	3547	3234
stripe_0924	3797	3355	3463	3700	4228	3773
stripe_0925	2264	2022	1994	2270	2585	2243
stripe_0926	2964	2658	2624	2901	3284	2885
stripe_0927	4812	4285	4269	4809	5252	4739
stripe_0928	2599	2226	2231	2419	2858	2520
stripe_0929	5929	5356	5318	5929	6573	6034
stripe_0930	3614	3179	3161	3374	3807	3452
stripe_0931	5418	4774	4728	5015	5710	4899
stripe_0932	2208	1883	1857	2177	2397	2157
stripe_0933	3815	3277	3394	3660	4068	3716
stripe_0934	2899	2691	2729	2993	3470	3050
stripe_0935	6310	5677	5817	6160	6742	6417
stripe_0936	3644	3164	3014	3469	4115	3466
stripe_0937	2968	2542	2545	2983	3406	2885
stripe_0938	5667	4962	5077	5540	6011	5662
stripe_0939	3522	3218	3099	3447	3864	3493
stripe_0940	6860	6070	6106	6631	7321	6719
stripe_0941	4185	3636	3709	3975	4380	3990
stripe_0942	5502	4829	4879	5108	5677	5234
stripe_0943	2840	2515	2458	2651	3017	2703
stripe_0944	3986	3336	3358	3461	4097	3469
stripe_0945	3986	3336	3358	3461	4097	3469
stripe_0946	2340	2064	2022	2149	2476	2087
stripe_0947	2867	2550	2471	2780	3153	2775
stripe_0948	2430	2194	2146	2351	2812	2340
stripe_0949	2979	2689	2709	2997	3334	3071
stripe_0950	3457	3090	3150	3596	4123	3759
stripe_0951	2712	2365	2327	2574	2975	2620
stripe_0952	3122	2650	2672	2945	3354	2972
stripe_0953	3054	2597	2604	2892	3295	2909
stripe_0954	3218	2828	2767	3057	3521	3090
stripe_0955	3242	2908	2844	3303	3735	3254
stripe_0956	5315	4814	4868	5541	5970	5718
stripe_0957	3576	3078	3067	3479	3783	3401
stripe_0958	5437	4791	4716	5047	5682	4992
stripe_0959	2220	1877	1838	2184	2570	2089
stripe_0960	3343	2952	2993	3589	3907	3652
stripe_0961	5560	4941	4968	5433	6090	5638
stripe_0962	4815	4458	4486	4696	5338	4916
stripe_0963	4297	3803	3946	4119	4559	4131
stripe_0964	4584	4069	4083	4519	5217	4718
stripe_0965	3249	2848	2751	3014	3521	3033
stripe_0966	3504	3195	3260	3526	3927	3637
stripe_0967	5264	4566	4465	5035	5704	5060
stripe_0968	3201	2856	2854	3194	3607	3135
stripe_0969	2023	1866	1762	2053	2366	2089
stripe_0970	2771	2548	2450	2741	3099	2782
stripe_0971	4724	4176	4217	4705	5143	4810
stripe_0972	3551	3106	3051	3611	4080	3510
stripe_0973	5513	4904	4826	5480	6273	5577
stripe_0974	4365	3807	3893	4391	5032	4637
stripe_0975	2907	2760	2820	2951	3308	3057
stripe_0976	4122	3751	3856	4366	4676	4424
stripe_0977	2085	1803	1840	1937	2238	2037
stripe_0978	2490	2194	2281	2347	2800	2500
stripe_0979	3275	2935	2860	3326	3629	3434
stripe_0980	2739	2490	2583	2682	3108	2836
stripe_0981	4348	3895	3853	4357	4766	4606
stripe_0982	3037	2685	2640	2932	3258	2933
stripe_0983	1661	1445	1447	1508	1727	1552
stripe_0984	4422	3935	3957	4491	4932	4569
stripe_0985	3694	3218	3143	3253	3677	3528
stripe_0986	3325	2905	2887	3070	3527	3183
stripe_0987	3048	2583	2619	2923	3260	3031
stripe_0988	3119	2611	2597	2778	3122	2818
stripe_0989	3232	2780	2667	3019	3262	3062
stripe_0990	1885	1708	1691	1771	2126	1819
stripe_0991	1903	1706	1753	1901	2130	1841
stripe_0992	3108	2665	2757	2951	3353	3019
stripe_0993	2608	2345	2162	2430	2922	2431
stripe_0994	1765	1501	1474	1573	1858	1732
stripe_0995	2821	2444	2423	2632	3086	2731
stripe_0996	2786	2562	2555	3017	3316	3141
stripe_0997	3063	2792	2835	3403	3735	3473
stripe_0998	3068	2637	2613	2972	3257	2989
stripe_0999	2931	2570	2487	2689	3069	2791
stripe_1000	4248	3702	3714	3903	4455	3974
stripe_1001	2832	2460	2474	2620	3008	2755
stripe_1002	2044	1891	1874	1942	2300	2041
stripe_1003	2450	2101	2117	2261	2598	2279
stripe_1004	4105	3715	3626	4081	4726	4037
stripe_1005	1685	1546	1519	1697	1919	1620
stripe_1006	2326	2094	2179	2444	2736	2345
stripe_1007	2266	1926	1927	2227	2637	2242
stripe_1008	5049	4366	4470	4947	5611	5174
stripe_1009	3853	3435	3333	3820	4329	3839
stripe_1010	3571	3157	3234	3456	3975	3606
stripe_1011	4198	3659	3669	3978	4434	4153
stripe_1012	3517	3129	3110	3521	3831	3547
stripe_1013	2527	2339	2253	2402	2846	2505
stripe_1014	1485	1285	1312	1258	1470	1303
stripe_1015	2555	2154	2139	2119	2555	2164
stripe_1016	3505	3096	3195	3216	3910	3449
stripe_1017	2766	2637	2471	2913	3478	2869
stripe_1018	2246	2034	2072	2324	2641	2258
stripe_1019	3290	2958	2989	3201	3589	3269
stripe_1020	3718	3258	3251	3539	3962	3712
stripe_1021	3701	3203	3264	3693	4121	3721
stripe_1022	3901	3297	3350	3882	4277	3856
stripe_1023	3540	3044	2999	3338	3907	3459
stripe_1024	3477	2976	2971	3450	3672	3384
stripe_1025	5224	4665	4674	5030	5627	5288
stripe_1026	4000	3535	3593	4018	4313	4142
stripe_1027	3347	3003	3066	3257	3604	3253
stripe_1028	4242	3753	3843	4141	4552	4255
stripe_1029	2156	2041	2006	2231	2575	2262
stripe_1030	4299	3774	3766	4156	4609	4229
stripe_1031	2342	2064	2011	2256	2709	2364
stripe_1032	3572	3190	3139	3383	3858	3524
stripe_1033	3160	2750	2725	2926	3321	2952
stripe_1034	4383	3758	3756	3892	4407	4052
stripe_1035	6455	5775	5832	6120	6632	6319
stripe_1036	4997	4389	4405	4751	5186	4843
stripe_1037	4446	3840	3973	4089	4448	4293
stripe_1038	2753	2506	2437	2528	2897	2613
stripe_1039	3316	2915	2924	3235	3678	3313
stripe_1040	2989	2552	2684	2981	3161	2939
stripe_1041	5537	4948	4924	5427	5936	5668
stripe_1042	3718	3294	3268	3455	3767	3467
stripe_1043	3838	3361	3388	3816	4212	3739
stripe_1044	2562	2239	2249	2490	2807	2545
stripe_1045	3303	2862	2816	3079	3565	3192
stripe_1046	2968	2781	2703	3113	3376	3174
stripe_1047	2000	1833	1802	2053	2326	2109
stripe_1048	3126	2729	2790	2953	3343	3034
stripe_1049	5906	4908	5006	5529	6016	5396
stripe_1050	3110	2634	2571	2881	3436	2830
stripe_1051	3164	2831	2851	3099	3503	3254
stripe_1052	2073	1848	1859	2208	2549	2168
stripe_1053	2578	2352	2423	2608	3025	2645
stripe_1054	4149	3602	3657	4118	4457	4214
stripe_1055	3656	3183	3237	3592	4028	3645
stripe_1056	3151	2754	2829	3144	3459	3140
stripe_1057	2523	2241	2197	2504	2876	2534
stripe_1058	3576	3207	3142	3652	3966	3648
stripe_1059	4576	4025	4130	4751	5413	4969
stripe_1060	6422	5576	5603	6242	6790	6291
stripe_1061	4674	4045	4114	4533	4927	4614
stripe_1062	5808	5013	5170	5480	5961	5769
stripe_1063	3561	3056	3030	3345	3814	3497
stripe_1064	3442	3063	3026	3277	3672	3330
stripe_1065	3717	3316	3250	3767	4429	3941
stripe_1066	4104	3539	3639	4016	4611	4071
stripe_1067	5478	4809	4801	5268	5917	5424
stripe_1068	3195	2800	2927	3247	3634	3291
stripe_1069	5181	4524	4625	5186	5772	5327
stripe_1070	3109	2791	2853	3108	3497	3235
stripe_1071	3574	3067	3068	3321	3607	3394
stripe_1072	3366	2784	2753	3099	3576	3196
stripe_1073	2812	2382	2370	2573	2964	2612
stripe_1074	5200	4669	4730	5027	5435	5157
stripe_1075	2963	2608	2624	2777	3112	2736
stripe_1076	3556	3236	3314	3523	4078	3671
stripe_1077	2242	1937	1978	2213	2631	2236
stripe_1078	2397	2084	2047	2362	2754	2422
stripe_1079	3746	3255	3307	3555	4047	3726
stripe_1080	1717	1352	1497	1589	1830	1662
stripe_1081	1899	1679	1690	1732	2072	1862
stripe_1082	3091	2702	2712	2918	3263	3014
stripe_1083	2794	2446	2391	2733	3109	2847
stripe_1084	3040	2690	2632	2913	3426	2944
stripe_1085	2487	2229	2232	2681	3121	2698
stripe_1086	2285	2018	2034	2154	2471	2214
stripe_1087	2192	1998	1917	2087	2593	2107
stripe_1088	4887	4281	4284	4861	5702	5023
stripe_1089	4437	3870	3807	4256	4909	4300
stripe_1090	4838	4250	4309	4841	5265	4880
stripe_1091	1816	1541	1557	1768	2136	1812
stripe_1092	4099	3583	3524	3724	4259	3925
stripe_1093	4344	3883	3896	4127	4814	4399
stripe_1094	2161	1974	1960	2190	2516	2258
stripe_1095	2737	2599	2462	2693	3463	2928
stripe_1096	3507	3124	3097	3509	4105	3724
stripe_1097	5804	5066	5261	5518	6102	5810
stripe_1098	3144	2731	2722	2875	3174	2966
stripe_1099	1910	1724	1676	1663	2028	1789
stripe_1100	2882	2622	2604	2799	3251	2928
stripe_1101	2401	2154	2081	2273	2660	2356
stripe_1102	4406	3863	3907	4124	4727	4424
stripe_1103	2446	2028	2029	2179	2453	2186
stripe_1104	2628	2253	2229	2535	2902	2563
stripe_1105	2860	2570	2583	2725	3069	2830
stripe_1106	2159	1870	1898	1994	2440	2096
stripe_1107	2412	2149	2140	2477	2830	2526
stripe_1108	3146	2718	2679	2975	3384	2970
stripe_1109	2783	2368	2361	2603	3009	2633
stripe_1110	4046	3603	3653	3944	4373	3924
stripe_1111	3090	2629	2565	2937	3234	3023
stripe_1112	3614	3104	3002	3611	4180	3609
stripe_1113	3308	2976	2899	3232	3713	3326
stripe_1114	2291	1983	1991	2157	2490	2172
stripe_1115	2490	2877	2188	2499	3906	3439
stripe_1116	3960	3534	3543	3961	4418	4061
stripe_1117	5155	4565	4743	5304	5713	5448
stripe_1118	2610	2276	2189	2477	2744	2467
stripe_1119	2255	1958	1977	2351	2668	2345
stripe_1120	3769	3247	3305	3716	4205	3839
stripe_1121	4012	3403	3424	3595	4085	3725
stripe_1122	6715	5715	5853	6372	6910	6302
stripe_1123	2620	2245	2268	2400	2786	2399
stripe_1124	3377	2975	2931	3018	3724	3212
stripe_1125	2724	2548	2509	2694	3045	2827
stripe_1126	4306	3758	3845	4082	4484	4144
stripe_1127	4655	4203	4037	4692	5330	4881
stripe_1128	2625	2344	2308	2598	3007	2628
stripe_1129	3557	3149	3140	3395	3790	3558
stripe_1130	4456	3848	3768	4007	4539	4053
stripe_1131	3590	3051	3178	3228	3725	3290
stripe_1132	2244	2040	1844	2180	2453	2172
stripe_1133	2792	2452	2471	2706	3068	2760
stripe_1134	3753	3246	3234	3660	3946	3731
stripe_1135	3707	3312	3352	3312	3752	3397
stripe_1136	4034	3503	3557	3783	4177	3965
stripe_1137	2796	2362	2343	2667	3009	2723
stripe_1138	3060	2608	2577	3063	3277	2857
stripe_1139	5007	4214	4190	4724	5237	4767
stripe_1140	4265	3732	3657	4053	4516	4042
stripe_1141	2883	2489	2559	2807	3053	2768
stripe_1142	4472	3942	3962	4299	4688	4451
stripe_1143	4288	3712	3834	4026	4349	4020
stripe_1144	4708	4013	4129	4431	4906	4284
stripe_1145	3677	3118	3166	3336	3712	3346
stripe_1146	3119	2767	2691	2941	3457	3033
stripe_1147	3558	3041	3101	3455	3868	3459
stripe_1148	4110	3545	3550	3718	4247	3931
stripe_1149	3171	2804	2800	2955	3368	3087
stripe_1150	3333	3013	3092	3263	3582	3406
stripe_1151	4128	3522	3483	3886	4404	3849
stripe_1152	5335	4905	4936	5279	6159	5453
stripe_1153	2520	1972	1989	2037	2545	1501
stripe_1154	2352	1969	1857	2228	2556	2267
stripe_1155	2742	2421	2338	2568	3055	2680
stripe_1156	2185	1892	1923	2044	2407	2102
stripe_1157	3304	2705	2718	3010	3663	3003
stripe_1158	2896	2617	2526	2654	3166	2778
stripe_1159	3029	2662	2687	2792	3239	2960
stripe_1160	3207	2835	2743	3105	3706	3191
stripe_1161	2402	2172	2015	2364	2766	2335
stripe_1162	2848	2523	2471	2595	3127	2805
stripe_1163	2914	2571	2683	2828	3165	2869
stripe_1164	3858	3364	3339	3785	4124	3829
stripe_1165	3545	3059	3158	3256	3680	3449
stripe_1166	2312	2071	2000	2207	2577	2289
stripe_1167	3745	3275	3371	3688	4282	3938
stripe_1168	2990	2574	2486	2972	3367	3016
stripe_1169	2882	2397	2450	2777	3281	2953
stripe_1170	3318	2757	2812	3123	3619	3016
stripe_1171	3646	3296	3323	3511	4178	3619
stripe_1172	2911	2599	2578	2905	3361	2879
stripe_1173	1938	1668	1609	1847	2193	1823
stripe_1174	3963	3536	3510	3731	4234	3859
stripe_1175	4006	3569	3523	4065	4559	4113
stripe_1176	3165	2750	2768	3252	3691	3274
stripe_1177	2815	2538	2485	3077	3526	3053
stripe_1178	3614	3244	3138	3567	4137	3816
stripe_1179	4975	4265	4383	4585	5040	4764
stripe_1180	3353	2942	3075	3290	3556	3464
stripe_1181	3657	3233	3219	3550	3924	3659
stripe_1182	3298	2944	2948	3095	3460	3147
stripe_1183	7263	6423	6553	7074	7581	7346
stripe_1184	4758	4241	4319	4637	5094	4813
stripe_1185	2882	2034	2587	2704	2700	2488
stripe_1186	2733	2485	2406	2844	3095	2746
stripe_1187	2093	1863	1848	2080	2372	2132
stripe_1188	2261	2070	2091	2341	2732	2346
stripe_1189	2644	2340	2279	2668	3044	2644
stripe_1190	4516	3923	3898	4364	4973	4570
stripe_1191	3883	3323	3336	3835	4426	3903
stripe_1192	4241	3708	3815	4166	4580	4339
stripe_1193	3734	3341	3370	3878	4294	3938
stripe_1194	2455	2229	2202	2574	3010	2697
stripe_1195	2941	2481	2524	2792	3217	2861
stripe_1196	5001	4263	4337	4864	5331	4965
stripe_1197	4710	4135	4113	4446	4953	4667
stripe_1198	3523	3131	3021	3343	3852	3412
stripe_1199	6477	5728	5653	6211	6862	6555
stripe_1200	4582	4114	4076	4377	5201	4502
stripe_1201	3303	2934	2867	3196	3574	3226
stripe_1202	2458	2105	2145	2342	2665	2407
stripe_1203	2710	2358	2417	2634	2930	2637
stripe_1204	3766	3265	3339	3734	4224	3742
stripe_1205	2636	2285	2261	2685	3067	2622
stripe_1206	3086	2700	2601	2986	3423	2939
stripe_1207	3383	2866	2812	3119	3665	3159
stripe_1208	1792	1409	1386	1770	1937	1697
stripe_1209	2008	1711	1661	2026	2272	2029
stripe_1210	1964	1625	1611	1825	2195	1804
stripe_1211	2701	2461	2324	2579	2933	2648
stripe_1212	2607	2239	2253	2513	2824	2656
stripe_1213	3271	2858	2844	3182	3682	3306
stripe_1214	3056	2697	2601	2939	3469	3046
stripe_1215	3915	3298	3438	3679	4146	3805
stripe_1216	4272	3703	3708	4036	4788	4121
stripe_1217	3550	3011	3216	3499	3916	3696
stripe_1218	2997	2611	2585	2749	3208	2800
stripe_1219	2736	2387	2376	2524	2951	2629
stripe_1220	4527	3972	4020	4562	5190	4735
stripe_1221	3325	3002	2898	3279	3724	3415
stripe_1222	1661	1500	1476	1584	1805	1651
stripe_1223	2805	2444	2426	2683	3027	2671
stripe_1224	3422	3091	3097	3516	3782	3529
stripe_1225	4806	4224	4241	4501	5216	4677
stripe_1226	3770	3273	3287	3606	3947	3646
stripe_1227	2745	2379	2311	2634	3135	2751
stripe_1228	3616	3029	3120	3655	4103	3600
stripe_1229	2844	2457	2449	2757	3101	2762
stripe_1230	2372	2040	2004	2253	2526	2287
stripe_1231	2167	1953	1879	1965	2357	2034
stripe_1232	3792	3481	3454	3587	4149	3856
stripe_1233	4097	3655	3702	3870	4351	4158
stripe_1234	2437	2183	2259	2389	2848	2489
stripe_1235	2376	2099	2031	2270	2578	2309
stripe_1236	2815	2514	2467	2769	3045	2774
stripe_1237	2683	2302	2222	2491	2832	2447
stripe_1238	3734	3147	3143	3419	3953	3432
stripe_1239	3274	2794	2825	3060	3532	3144
stripe_1240	3466	3060	3023	3263	3690	3334
stripe_1241	3170	2779	2678	2921	3298	2953
stripe_1242	4147	3614	3671	4035	4541	4188
stripe_1243	2605	2360	2372	2608	2956	2657
stripe_1244	2530	2239	2142	2317	2725	2407
stripe_1245	2437	2154	2082	2340	2662	2369
stripe_1246	3061	2699	2621	2955	3482	3023
stripe_1247	3853	3359	3394	3798	4249	3884
stripe_1248	2988	2579	2633	2840	3260	2974
stripe_1249	5184	4501	4592	5011	5565	5086
stripe_1250	4298	3786	3888	4182	4627	4285
stripe_1251	3382	2990	2909	3309	3840	3304
stripe_1252	2946	2653	2622	2798	3322	2884
stripe_1253	4829	4200	4207	4859	5526	4905
stripe_1254	4309	3777	3722	4212	4976	4382
stripe_1255	2726	2401	2375	2685	3164	2760
stripe_1256	3457	2961	2971	3232	3785	3381
stripe_1257	4131	3555	3472	4065	4796	4236
stripe_1258	2007	1698	1789	1927	2311	2012
stripe_1259	2703	2413	2371	2622	3093	2672
stripe_1260	2804	2348	2515	2755	3209	2787
stripe_1261	3054	2644	2582	3078	3414	3022
stripe_1262	3100	2662	2643	2993	3535	3068
stripe_1263	2298	2021	1955	2171	2628	2348
stripe_1264	2536	2187	2242	2657	2917	2695
stripe_1265	2974	2679	2620	2848	3224	2953
stripe_1266	3355	2863	2860	3300	3739	3295
stripe_1267	3071	2607	2652	2981	3311	2998
stripe_1268	6482	5667	5640	6440	7173	6579
stripe_1269	2376	2045	1989	2310	2691	2380
stripe_1270	4494	3927	3954	4378	4898	4500
stripe_1271	4971	4233	4243	4957	5506	5048
stripe_1272	3762	3298	3415	3730	4150	3820
stripe_1273	3380	2941	2996	3225	3630	3383
stripe_1274	3145	2734	2850	3086	3432	3053
stripe_1275	3608	3126	3123	3775	4297	3877
stripe_1276	3615	3291	3167	3573	4067	3799
stripe_1277	3726	3167	3219	3439	3819	3634
stripe_1278	3054	2718	2657	3038	3264	3107
stripe_1279	3955	3468	3476	3897	4353	4145
stripe_1280	2907	2558	2538	2862	3120	2807
stripe_1281	2898	2554	2501	2748	3299	2867
stripe_1282	2793	2441	2461	2670	2980	2811
stripe_1283	4259	3732	3651	3835	4260	3875
stripe_1284	3963	3417	3450	4024	4420	3952
stripe_1285	2172	1934	1890	2115	2522	2184
stripe_1286	4543	3962	3942	4133	4670	4271
stripe_1287	3570	3129	3157	3281	3808	3263
stripe_1288	3041	2718	2599	2838	3174	2872
stripe_1289	2582	2228	2204	2482	2899	2514
stripe_1290	2744	2422	2430	2696	3100	2767
stripe_1291	3593	3175	3216	3456	3916	3556
stripe_1292	2532	2185	2169	2330	2771	2422
stripe_1293	7324	6538	6686	7019	7658	7257
stripe_1294	4730	4177	4248	4344	4964	4698
stripe_1295	2761	2471	2455	2675	3155	2701
stripe_1296	4044	3594	3551	3998	4446	4149
stripe_1297	2625	2483	2564	2882	3074	2865
stripe_1298	3208	2719	2797	3072	3249	3100
stripe_1299	6932	6129	6193	6887	7414	7159
stripe_1300	3191	2921	2986	3199	3585	3318
stripe_1301	3052	2832	2848	3034	3456	3120
stripe_1302	2465	2429	2356	2561	2939	2670
stripe_1303	3364	3082	3092	3442	3902	3464
stripe_1304	2507	2362	2193	2490	2944	2784
stripe_1305	4150	3705	3635	4072	4665	4181
stripe_1306	3896	3351	3488	3677	4136	3691
stripe_1307	4271	3913	3876	4173	4578	4204
stripe_1308	2902	2597	2625	2867	3290	2865
stripe_1309	2490	2239	2306	2460	2779	2484
stripe_1310	4071	3649	3606	4115	4803	4312
stripe_1311	2300	2227	2163	2329	2741	2446
stripe_1312	3600	3288	3244	3604	3958	3637
stripe_1313	2470	2222	2199	2397	2941	2466
stripe_1314	2654	2444	2445	2712	3138	2801
stripe_1315	2141	1908	1862	2101	2451	2128
stripe_1316	3438	3077	3127	3473	3913	3599
stripe_1317	2494	2283	2188	2515	2917	2628
stripe_1318	1758	1571	1610	1814	2120	1839
stripe_1319	3242	2967	2958	2973	3310	3175
stripe_1320	3936	3516	3662	3881	4313	3959
stripe_1321	3178	2974	2912	3136	3488	3299
stripe_1322	2918	2554	2632	2861	3291	2978
stripe_1323	2826	2496	2527	2827	3234	2836
stripe_1324	3532	2982	3000	3400	3771	3404
stripe_1325	4333	3896	3885	4637	5123	4708
stripe_1326	2919	2616	2568	2901	3244	2876
stripe_1327	3080	2754	2686	3027	3517	3057
stripe_1328	2694	2350	2373	2632	2977	2637
stripe_1329	4526	4073	4067	4538	5119	4595
stripe_1330	2450	2328	2363	2665	2839	2568
stripe_1331	2349	2174	2081	2358	2657	2402
stripe_1332	3403	2947	2956	3451	3846	3401
stripe_1333	3459	3238	3161	3589	3985	3560
stripe_1334	2978	2746	2628	2861	3339	2967
stripe_1335	3019	2709	2834	2925	3282	2985
stripe_1336	3910	3618	3718	3888	4414	4070
stripe_1337	1759	1478	1394	1599	1840	1654
stripe_1338	4109	3668	3775	4156	4774	4110
stripe_1339	2313	2056	2093	2168	2549	2287
stripe_1340	3370	3081	3209	3487	3724	3540
stripe_1341	2791	2442	2367	2782	3138	2721
stripe_1342	2905	2613	2566	2881	3251	2902
stripe_1343	2992	2633	2569	2919	3222	2931
stripe_1344	5241	4605	4723	5138	5675	5144
stripe_1345	2749	2435	2368	2544	2892	2571
stripe_1346	4098	3647	3715	3974	4319	4101
stripe_1347	2342	2129	2092	2302	2678	2360
stripe_1348	3537	3138	3126	3467	3982	3523
stripe_1349	4683	4232	4300	4706	5355	4904
stripe_1350	4095	3650	3714	4209	4642	4265
stripe_1351	2245	1853	1880	2243	2366	2164
stripe_1352	5224	4682	4604	4841	5310	4816
stripe_1353	5740	5127	5190	5757	6442	5801
stripe_1354	5123	4546	4626	5129	5547	5231
stripe_1355	3750	3320	3213	3852	4301	3848
stripe_1356	3519	3104	3127	3348	3853	3513
stripe_1357	3642	3215	3261	3630	3944	3739
stripe_1358	4744	4307	4301	4641	5389	4722
stripe_1359	3827	3474	3431	3687	4065	3799
stripe_1360	2659	2354	2373	2580	2946	2647
stripe_1361	3572	3316	3304	3396	3710	3520
stripe_1362	3154	2910	2970	3146	3521	3269
stripe_1363	2319	2227	2139	2437	2708	2487
stripe_1364	3863	3464	3487	3862	4351	3893
stripe_1365	2781	2602	2540	2666	3147	2632
stripe_1366	3318	3075	2949	3207	3698	3295
stripe_1367	3187	2846	2906	3181	3533	3350
stripe_1368	1741	1575	1501	1688	1913	1675
stripe_1369	3823	3421	3354	3715	4176	3964
stripe_1370	3461	3154	2997	3383	3843	3383
stripe_1371	2955	2782	2804	2998	3493	3153
stripe_1372	2055	1904	1992	2046	2484	2166
stripe_1373	3984	3532	3532	3872	4446	3912
stripe_1374	3051	2751	2665	3228	3640	3196
stripe_1375	2797	2596	2585	2941	3304	3003
stripe_1376	3519	3053	3097	3317	3711	3393
stripe_1377	2823	2431	2435	2619	3016	2593
stripe_1378	2760	2399	2381	2688	3113	2751
stripe_1379	4480	4051	3998	4397	4906	4541
stripe_1380	3268	2908	2929	3166	3419	3153
stripe_1381	2963	2719	2670	2882	3270	2887
stripe_1382	3129	2860	2896	3252	3687	3372
stripe_1383	3915	3605	3624	4078	4499	4234
stripe_1384	2346	2134	2086	2212	2538	2228
stripe_1385	2858	2469	2439	2894	3225	2832
stripe_1386	3553	3168	3268	3685	4143	3717
stripe_1387	3504	3213	3156	3529	3773	3644
stripe_1388	2334	2201	2134	2340	2733	2494
stripe_1389	3352	3032	2920	3267	3742	3337
stripe_1390	3242	2928	2991	3442	3786	3438
stripe_1391	2102	1780	1777	1989	2361	2037
stripe_1392	2285	2034	1946	2258	2588	2242
stripe_1393	2044	1787	1854	2121	2388	2249
stripe_1394	4483	4132	4162	4686	5210	4879
stripe_1395	3923	3606	3638	4145	4558	4137
stripe_1396	4639	4275	4359	4566	5393	4858
stripe_1397	4895	4295	4349	4892	5334	4914
stripe_1398	2916	2614	2558	2849	3137	2889
stripe_1399	7125	6248	6544	6963	7727	7197
stripe_1400	4809	4301	4210	4684	5272	4804
stripe_1401	4408	3902	3846	4488	4979	4345
stripe_1402	3467	3102	3065	3588	3974	3677
stripe_1403	2985	2740	2769	3188	3549	3238
stripe_1404	7175	6276	6536	7392	8217	7584
stripe_1405	2982	2709	2630	3098	3494	3171
stripe_1406	4106	3667	3648	3907	4467	4064
stripe_1407	4945	4418	4387	4938	5505	4879
stripe_1408	5290	4800	4678	5172	6007	5242
stripe_1409	5113	4605	4566	5353	6054	5307
stripe_1410	5492	4860	4894	5331	6125	5361
stripe_1411	3651	3254	3222	3602	4069	3569
stripe_1412	5831	5249	5259	5653	6330	5749
stripe_1413	4337	4140	4064	4493	5025	4644
stripe_1414	5157	4580	4583	4999	5567	5075
stripe_1415	2884	2594	2645	2846	3299	2914
stripe_1416	3734	3305	3389	3751	4347	3779
stripe_1417	6016	5345	5342	5995	6684	5959
stripe_1418	3517	3225	3265	3550	3908	3593
stripe_1419	4502	4066	4089	4554	5044	4643
stripe_1420	4262	3946	3802	4158	4739	4269
stripe_1421	4570	4264	4277	4618	5210	4762
stripe_1422	5730	5182	5257	5781	6424	5859
stripe_1423	5641	5008	5109	5607	6061	5703
stripe_1424	4062	3649	3723	4032	4492	4159
stripe_1425	4995	4603	4416	4906	5499	4902
stripe_1426	3180	2869	2788	3107	3489	3186
stripe_1427	3004	2775	2847	3029	3457	3024
stripe_1428	2968	2625	2768	3108	3358	3061
stripe_1429	5804	5100	5202	5835	6488	5936
stripe_1430	4382	3860	3948	4384	4832	4367
stripe_1431	3909	3405	3371	3796	4386	3862
stripe_1432	5454	4914	4930	5517	6198	5460
stripe_1433	2739	2454	2458	2720	3106	2760
stripe_1434	4720	4256	4152	4722	5179	4672
stripe_1435	3601	3269	3264	3452	4031	3546
stripe_1436	3328	3000	3029	3348	3683	3391
stripe_1437	4778	4319	4320	4638	5104	4821
stripe_1438	5791	5170	5234	5624	6372	5651
stripe_1439	6303	5590	5555	6148	6849	6043
stripe_1440	4639	4229	4182	4549	5127	4550
stripe_1441	4137	3631	3694	4019	4438	4182
stripe_1442	4722	4210	4305	4565	5030	4690
stripe_1443	2659	2494	2481	2786	3074	2873
stripe_1444	3985	3592	3631	4074	4497	4156
stripe_1445	3550	3163	3238	3569	3864	3581
stripe_1446	3492	3155	3275	3475	3887	3481
stripe_1447	2419	2097	2163	2284	2572	2354
stripe_1448	2854	2554	2477	2642	2982	2740
stripe_1449	3668	3376	3268	3623	4097	3711
stripe_1450	1948	1851	1740	1981	2276	2025
stripe_1451	2524	2382	2330	2545	2834	2589
stripe_1452	2441	2131	2130	2253	2694	2277
stripe_1453	3067	2584	2620	2834	3188	2957
stripe_1454	3770	3415	3496	3881	4325	3890
stripe_1455	3145	2715	2666	2956	3376	3046
stripe_1456	3455	3074	3074	3375	3872	3393
stripe_1457	3614	3243	3330	3884	4298	3897
stripe_1458	4509	4026	4112	4603	5074	4684
stripe_1459	2790	2416	2426	2687	3123	2631
stripe_1460	4068	3598	3663	3804	4172	3923
stripe_1461	4890	4287	4355	4744	5468	4828
stripe_1462	3502	3126	3154	3490	3930	3420
stripe_1463	5657	5037	4983	5670	6224	5533
stripe_1464	2871	2694	2529	2909	3363	2992
stripe_1465	2697	2448	2504	2800	3152	2850
stripe_1466	3433	3205	3106	3320	3811	3384
stripe_1467	3382	3137	3079	3360	3765	3347
stripe_1468	3929	3637	3587	3772	4312	3834
stripe_1469	3877	3473	3554	3789	4180	3930
stripe_1470	5657	5025	5147	5597	6046	5643
stripe_1471	2851	2589	2564	2764	3206	2792
stripe_1472	2854	2502	2496	2871	3209	2894
stripe_1473	4394	3976	3956	4361	4902	4622
stripe_1474	3774	3442	3532	3830	4270	3955
stripe_1475	4065	3598	3750	4229	4579	4291
stripe_1476	3710	3259	3309	3677	4153	3847
stripe_1477	6219	5544	5579	5965	6825	6137
stripe_1478	6066	5358	5428	6024	6762	6001
stripe_1479	4223	4068	3984	4355	5000	4604
stripe_1480	2902	2840	2947	2747	3203	3110
stripe_1481	2159	1887	1861	1908	2207	1950
stripe_1482	2892	2516	2552	2785	3223	2795
stripe_1483	3069	2700	2725	2980	3406	3066
stripe_1484	3009	2643	2622	2921	3391	2872
stripe_1485	4198	3670	3765	3994	4444	4130
stripe_1486	3736	3275	3385	3632	4018	3731
stripe_1487	3492	3135	3167	3513	3777	3677
stripe_1488	4532	4057	4101	4646	5170	4743
stripe_1489	2928	2505	2578	2781	3165	2822
stripe_1490	3624	3144	3073	3508	3943	3565
stripe_1491	3923	3406	3371	3655	4143	3826
stripe_1492	5428	4595	4553	5205	5853	5137
stripe_1493	4542	4105	4144	4575	5073	4677
stripe_1494	5215	4861	4899	5231	5818	5396
stripe_1495	2681	2391	2353	2581	2913	2772
stripe_1496	4387	3772	3877	4283	5060	4392
stripe_1497	4415	3889	3781	4143	4887	4221
stripe_1498	2922	2554	2580	2918	3312	2917
stripe_1499	2664	2270	2309	2453	2862	2485
stripe_1500	2383	2050	2108	2224	2539	2257
stripe_1501	3289	2898	2862	3117	3638	3255
stripe_1502	3128	2786	2837	3048	3441	3150
stripe_1503	4971	4257	3900	4568	4877	4747
stripe_1504	1982	1773	1730	1951	2343	2014
stripe_1505	2592	2169	2214	2393	2942	2584
stripe_1506	4252	3722	3588	3975	4530	4037
stripe_1507	4876	4255	4244	4592	5280	4763
stripe_1508	2566	2259	2199	2445	2885	2530
stripe_1509	4514	4060	4028	4368	4859	4477
stripe_1510	3170	2773	2773	3127	3609	3144
stripe_1511	3572	3041	3110	3477	4054	3540
stripe_1512	2459	2280	2122	2330	2848	2471
stripe_1513	4023	3498	3456	3941	4471	3835
stripe_1514	2678	2408	2345	2564	2997	2595
stripe_1515	3192	2802	2703	2903	3571	3037
stripe_1516	2545	2267	2282	2545	3034	2596
stripe_1517	2175	1968	1917	2166	2458	2070
stripe_1518	4005	3486	3490	3723	4205	3847
stripe_1519	2828	2492	2313	2819	3310	2824
stripe_1520	3152	2719	2751	3167	3654	3190
stripe_1521	2583	2251	2278	2561	2924	2535
stripe_1522	4768	4250	4316	4571	4948	4721
stripe_1523	5600	4922	4898	5189	5889	5509
stripe_1524	4178	3643	3818	4090	4617	4261
stripe_1525	2033	1836	1820	2008	2454	2143
stripe_1526	3005	2733	2734	2999	3548	3203
stripe_1527	3099	2788	2681	3131	3389	3241
stripe_1528	4890	4379	4336	4861	5252	4846
stripe_1529	2675	2299	2367	2476	2747	2639
stripe_1530	6881	6051	5942	6573	7348	6828
stripe_1531	4702	4127	4134	4491	4929	4629
stripe_1532	2687	2306	2322	2601	2959	2644
stripe_1533	2832	2433	2381	2801	3237	2803
stripe_1534	3898	3527	3438	3921	4465	4111
stripe_1535	2428	2157	2113	2401	2763	2454
stripe_1536	4105	3635	3613	3958	4497	4067
stripe_1537	4586	4026	4019	4317	4999	4533
stripe_1538	2364	2067	2042	2245	2586	2286
stripe_1539	3090	2677	2721	2910	3277	2948
stripe_1540	4710	4045	4149	4275	4828	4371
stripe_1541	6056	5341	5410	5808	6617	5964
stripe_1542	3806	3303	3333	3743	4151	3771
stripe_1543	4152	3675	3688	3941	4461	4059
stripe_1544	3289	2847	2813	3069	3532	3139
stripe_1545	4547	4102	4060	4401	5057	4466
stripe_1546	2920	2522	2489	2651	3212	2670
stripe_1547	4284	3684	3687	4101	4493	4070
stripe_1548	4233	3735	3718	3810	4241	3970
stripe_1549	3297	2786	2884	2927	3429	3019
stripe_1550	2922	2710	2600	2784	3118	2881
stripe_1551	2856	2505	2530	2696	3019	2780
stripe_1552	2973	2550	2507	2766	3322	2860
stripe_1553	3930	3356	3369	3662	4236	3775
stripe_1554	3235	1982	2219	3011	3431	2937
stripe_1555	2855	2625	2478	2796	3282	2854
stripe_1556	3136	2753	2833	3166	3446	3338
stripe_1557	2873	2441	2465	2752	3154	2801
stripe_1558	3055	2693	2783	3049	3444	3189
stripe_1559	3071	2739	2730	3016	3468	3059
stripe_1560	3177	2835	2725	3002	3419	3030
stripe_1561	2447	2213	2175	2359	2692	2302
stripe_1562	3258	2801	2885	3180	3571	3292
stripe_1563	3568	3288	3196	3562	4108	3705
stripe_1564	2127	1865	1878	2049	2374	2062
stripe_1565	3076	2704	2675	2962	3472	3035
stripe_1566	2257	1944	1941	2025	2454	2067
stripe_1567	3190	2743	2706	2967	3315	3041
stripe_1568	3366	2826	2821	3086	3623	3108
stripe_1569	4887	4152	4118	4466	4982	4626
stripe_1570	2333	2124	2055	2314	2681	2420
stripe_1571	1945	1771	1674	1943	2195	1917
stripe_1572	4978	4344	4384	4604	5345	4829
stripe_1573	2970	2578	2588	2823	3200	2879
stripe_1574	3982	3532	3385	3777	4493	3953
stripe_1575	3483	3101	3066	3475	4252	3590
stripe_1576	3194	2872	2755	3080	3416	3290
stripe_1577	2554	2285	2207	2435	2929	2488
stripe_1578	2988	2772	2805	2806	3267	2907
stripe_1579	1561	1377	1387	1543	1784	1588
stripe_1580	3593	3254	3314	3420	3751	3545
stripe_1581	2225	2048	2006	2201	2542	2238
stripe_1582	3279	2884	2831	2991	3460	3237
stripe_1583	2912	2495	2522	2511	2895	2510
stripe_1584	2997	2610	2699	2890	3080	2944
stripe_1585	3728	3250	3299	3644	4033	3844
stripe_1586	2099	1867	1784	1875	2188	1930
stripe_1587	3150	2758	2910	3026	3504	3216
stripe_1588	3697	3366	3333	3572	4061	3728
stripe_1589	2614	2233	2220	2565	3004	2691
stripe_1590	2921	2425	2326	2616	2985	2697
stripe_1591	4059	3471	3393	3736	4361	3871
stripe_1592	3103	2745	2803	2953	3412	3038
stripe_1593	3346	3023	2983	3159	3619	3312
stripe_1594	3455	3058	3076	3270	3782	3452
stripe_1595	3242	2837	2914	3283	3684	3418
stripe_1596	4402	3855	3797	4330	4934	4504
stripe_1597	3373	2989	3053	3427	3751	3429
stripe_1598	3464	3027	3006	3370	3826	3348
stripe_1599	2949	2559	2648	2843	3237	2952
stripe_1600	4058	3530	3620	3928	4380	4063
stripe_1601	3331	3073	2961	3252	3696	3378
stripe_1602	6445	5854	5786	6428	7061	6610
stripe_1603	5978	5200	5163	5960	6625	6082
stripe_1604	3684	3244	3345	3604	3972	3749
stripe_1605	2652	2307	2295	2605	3010	2730
stripe_1606	5464	4912	5007	5384	5890	5619
stripe_1607	3440	2936	3000	3218	3707	3338
stripe_1608	4584	3910	4017	4376	4911	4496
stripe_1609	3639	3280	3221	3467	4108	3646
stripe_1610	3046	2568	2625	2950	3390	2994
stripe_1611	6376	5485	5629	6306	6971	6410
stripe_1612	3002	2805	2843	3050	3370	3043
stripe_1613	2665	2472	2538	2662	3068	2693
stripe_1614	3918	3505	3613	3884	4125	3939
stripe_1615	1411	1413	1383	1426	1605	1477
stripe_1616	2422	2196	2216	2491	2699	2606
stripe_1617	3781	3431	3535	3694	4215	3788
stripe_1618	3763	3463	3574	3813	4146	3923
stripe_1619	3989	3713	3742	4006	4492	4068
stripe_1620	3374	2994	2982	3363	3684	3302
stripe_1621	4074	3874	3674	3911	4401	3895
stripe_1622	4945	4460	4453	4868	5278	5107
stripe_1623	4388	4013	3683	3753	4310	3892
stripe_1624	2112	2201	2553	2327	2477	2224
stripe_1625	2839	2628	2484	2775	3187	2973
stripe_1626	3268	3141	3136	3452	3929	3566
stripe_1627	4776	4281	4520	4841	5629	4971
stripe_1628	3002	2790	2793	3250	3649	3346
stripe_1629	4087	3687	3756	4234	4625	4256
stripe_1630	3785	3455	3442	3690	4247	3691
stripe_1631	2090	1827	1791	1842	2016	1873
stripe_1632	2548	2374	2388	2569	2981	2498
stripe_1633	3980	3662	3713	3991	4334	3880
stripe_1634	4798	4380	4384	4901	5468	4972
stripe_1635	4702	4420	4507	4595	5029	4754
stripe_1636	4125	3841	3863	4089	4420	4161
stripe_1637	3384	3223	3254	3444	3717	3452
stripe_1638	2893	2677	2632	2908	3222	2912
stripe_1639	2669	2477	2526	2711	2995	2702
stripe_1640	3951	3590	3674	4058	4494	4042
stripe_1641	2418	2189	2167	2307	2678	2310
stripe_1642	4246	3928	3923	4322	4766	4294
stripe_1643	2374	2196	2372	2444	2800	2532
stripe_1644	1656	1539	1486	1690	1950	1833
stripe_1645	4138	3949	3775	4090	4667	4052
stripe_1646	2467	2385	2326	2489	2876	2539
stripe_1647	2833	2601	2614	2823	3228	2892
stripe_1648	4366	4124	4190	4488	4959	4641
stripe_1649	2407	2260	2243	2418	2763	2468
stripe_1650	3603	3458	3345	3547	4126	3694
stripe_1651	2417	2486	2481	2606	3025	2615
stripe_1652	2555	2274	2234	2598	2897	2629
stripe_1653	6481	6152	6232	6644	7471	6920
stripe_1654	5106	4885	4810	5131	5679	5153
stripe_1655	6745	6306	6436	6854	7322	6926
stripe_1656	4302	3926	3964	4335	4916	4407
stripe_1657	5997	5512	5628	6108	6649	6110
stripe_1658	4418	4201	4245	4436	4958	4494
stripe_1659	3327	3155	3130	3405	3725	3440
stripe_1660	4435	4072	4104	4356	4858	4421
stripe_1661	5585	5491	5453	5883	6593	5994
stripe_1662	5167	4657	4653	5075	5667	5071
stripe_1663	2473	2322	2350	2571	2808	2489
stripe_1664	5273	4755	4816	5265	6029	5349
stripe_1665	4853	4575	4586	4910	5362	4931
stripe_1666	3348	3043	3063	3360	3659	3286
stripe_1667	3539	3326	3408	3631	3903	3699
stripe_1668	2633	2523	2514	2690	2972	2727
stripe_1669	4314	4048	4110	4509	4932	4567
stripe_1670	3071	2858	2930	3094	3421	3159
stripe_1671	3583	3327	3349	3497	3874	3535
stripe_1672	3826	3516	3569	3724	4127	3764
stripe_1673	4142	3888	3886	4063	4562	4161
stripe_1674	3411	3173	3219	3226	3647	3398
stripe_1675	5676	5322	5470	6013	6476	5998
stripe_1676	3323	3155	3132	3445	3801	3500
stripe_1677	2690	2529	2488	2721	3201	2856
stripe_1678	2491	2348	2333	2554	2788	2515
stripe_1679	2994	2744	2788	2861	3309	2924
stripe_1680	2951	2888	2940	3021	3560	3219
stripe_1681	3614	3464	3444	3618	4226	3757
stripe_1682	2267	2099	2118	2217	2504	2221
stripe_1683	1830	1675	1654	1804	1992	1848
stripe_1684	2351	2131	2167	2381	2694	2442
stripe_1685	2012	1847	1912	1964	2270	2009
stripe_1686	2257	2101	2120	2321	2621	2337
stripe_1687	3501	3325	3259	3632	3996	3660
stripe_1688	3184	2973	2965	3296	3631	3139
stripe_1689	2598	2412	2368	2614	3018	2625
stripe_1690	4567	4230	4157	4487	5109	4534
stripe_1691	2622	2363	2416	2613	2959	2715
stripe_1692	2397	2143	2184	2392	2706	2476
stripe_1693	3571	3379	3364	3681	3923	3728
stripe_1694	2827	2622	2573	2826	3191	2862
stripe_1695	3863	3472	3577	3778	4061	3836
stripe_1696	3903	3608	3741	4153	4646	4141
stripe_1697	3081	2905	2965	3339	3655	3290
stripe_1698	3123	2927	2856	3165	3547	3217
stripe_1699	2618	2502	2434	2662	2943	2760
stripe_1700	2748	2589	2599	2839	3188	2849
stripe_1701	2383	2184	2187	2384	2718	2451
stripe_1702	4344	3992	4054	4440	4850	4477
stripe_1703	4194	3872	3818	4348	4691	4299
stripe_1704	3428	3056	3137	3435	3816	3466
stripe_1705	3953	3628	3660	4033	4331	4076
stripe_1706	5416	4931	5092	5599	6156	5766
stripe_1707	2488	2365	2363	2435	2834	2580
stripe_1708	2342	2138	2088	2281	2566	2378
stripe_1709	1864	1661	1745	1784	2115	1784
stripe_1710	2066	2002	1901	2003	2539	2115
stripe_1711	6166	5680	5629	6041	6850	6043
stripe_1712	3581	3346	3261	3621	4127	3616
stripe_1713	2474	2306	2195	2486	2892	2466
stripe_1714	2431	2268	2224	2250	2642	2379
stripe_1715	1711	1595	1558	1692	1993	1832
stripe_1716	3000	2759	2896	2892	3269	3014
stripe_1717	2154	2004	1978	2102	2368	2177
stripe_1718	4150	3903	3772	3994	4721	4067
stripe_1719	3962	3669	3598	3903	4389	3828
stripe_1720	3584	3245	3215	3575	3871	3494
stripe_1721	3809	3474	3473	3763	4168	3849
stripe_1722	3365	3164	3234	3515	3868	3610
stripe_1723	2904	2737	2773	3029	3299	3096
stripe_1724	3800	3500	3541	4017	4323	4018
stripe_1725	2858	2667	2547	2844	3294	2805
stripe_1726	4550	4173	4326	4773	5154	4823
stripe_1727	2850	2711	2699	2866	3073	2827
stripe_1728	2584	2389	2273	2576	2896	2506
stripe_1729	3007	2745	2773	3041	3282	3194
stripe_1730	2769	2491	2564	2648	2852	2649
stripe_1731	2690	2492	2451	2766	3061	2688
stripe_1732	2843	2544	2592	2889	3300	2814
stripe_1733	3222	2889	2830	3230	3831	3230
stripe_1734	5726	5160	5358	5910	6405	5961
stripe_1735	3523	3167	3221	3509	3861	3599
stripe_1736	3027	2728	2741	3144	3449	3165
stripe_1737	3209	3031	3120	3537	3796	3640
stripe_1738	2679	2412	2478	2690	3048	2766
stripe_1739	3483	3156	3242	3502	3796	3485
stripe_1740	3882	3522	3644	3897	4305	4030
stripe_1741	4445	4044	4075	4454	5048	4600
stripe_1742	3593	3409	3518	4016	4502	3983
stripe_1743	3214	2892	2983	3275	3647	3307
stripe_1744	2828	2590	2500	2603	3036	2673
stripe_1745	3168	2966	3010	3290	3578	3333
stripe_1746	3625	3248	3320	3708	4052	3715
stripe_1747	2307	2185	2160	2395	2717	2325
stripe_1748	4507	4048	4040	4475	4788	4479
stripe_1749	6198	5614	5661	6116	6696	6122
stripe_1750	2371	2281	2208	2442	2663	2525
stripe_1751	2442	2367	2317	2425	2680	2456
stripe_1752	2149	2085	2185	2240	2489	2345
stripe_1753	4010	3664	3746	4099	4617	4091
stripe_1754	2899	2774	2666	2913	3338	2992
stripe_1755	1966	1812	1809	2005	2188	2100
stripe_1756	2937	2659	2635	2882	3224	2907
stripe_1757	3507	3277	3292	3597	3861	3615
stripe_1758	5075	4659	4561	5169	5625	5170
stripe_1759	2996	2711	2693	2866	3143	2951
stripe_1760	6437	5998	6158	6781	7286	6871
stripe_1761	2938	2776	2807	3021	3364	3032
stripe_1762	5142	4716	4852	5183	5688	5363
stripe_1763	4632	4068	4193	4496	4893	4610
stripe_1764	4715	4269	4261	4685	5122	4794
stripe_1765	4297	3914	3905	4287	4641	4285
stripe_1766	2995	2685	2656	2990	3239	2945
stripe_1767	3039	2866	2930	3155	3462	3185
stripe_1768	2832	2579	2630	2908	3231	2953
stripe_1769	3320	3024	2945	3175	3549	3272
stripe_1770	4499	4169	4125	4489	4949	4469
stripe_1771	3712	3481	3382	3677	4022	3702
stripe_1772	3308	3097	2959	3468	3737	3328
stripe_1773	3894	3483	3562	3716	4078	3813
stripe_1774	3587	3314	3311	3502	3825	3609
stripe_1775	2510	2326	2469	2503	2892	2503
stripe_1776	3807	3640	3602	3807	4204	3962
stripe_1777	4147	3900	3889	4329	4809	4366
stripe_1778	4001	3659	3598	3945	4406	4131
stripe_1779	3190	2933	2933	3427	3884	3529
stripe_1780	2702	2524	2553	2825	3182	2971
stripe_1781	3177	2896	2855	3326	3865	3402
stripe_1782	2398	2312	2143	2415	3005	2418
stripe_1783	2656	2409	2353	2513	3171	2718
stripe_1784	4158	3696	3685	4081	4781	4304
stripe_1785	2655	2369	2349	2640	3084	2711
stripe_1786	2481	2276	2221	2585	2907	2507
stripe_1787	3710	3309	3171	3658	4011	3722
stripe_1788	2779	2624	2493	2819	3230	2855
stripe_1789	3804	3459	3505	3862	4434	3845
stripe_1790	2704	2430	2376	2706	3103	2719
stripe_1791	2950	2523	2544	2773	3167	2850
stripe_1792	4148	3767	3766	4204	4635	4290
stripe_1793	3187	2965	2810	3206	3828	3265
stripe_1794	3099	2829	2841	3280	3605	3398
stripe_1795	4801	4396	4325	4670	5325	4898
stripe_1796	2461	2249	2143	2582	2889	2721
stripe_1797	2180	1898	1903	2052	2376	2130
stripe_1798	2242	1928	1994	2178	2585	2199
stripe_1799	2661	2432	2299	2545	3057	2695
stripe_1800	2949	2711	2651	3048	3514	3170
stripe_1801	2604	2423	2322	2603	3021	2784
stripe_1802	2074	1873	1835	2065	2468	2092
stripe_1803	2405	2171	2054	2391	2889	2487
stripe_1804	3529	3118	3164	3513	3937	3603
stripe_1805	2227	1990	1932	2289	2599	2329
stripe_1806	3960	3445	3523	3963	4542	3925
stripe_1807	3025	2718	2674	3003	3456	3032
stripe_1808	2951	2708	2615	2961	3409	3044
stripe_1809	4968	4463	4415	4842	5506	4889
stripe_1810	2568	2328	2197	2535	2969	2541
stripe_1811	2962	2750	2695	2978	3505	3023
stripe_1812	2766	2434	2367	2781	3153	2797
stripe_1813	2264	2045	2018	2356	2674	2345
stripe_1814	3664	3151	3132	3522	4041	3504
stripe_1815	2899	2648	2574	2702	3052	2745
stripe_1816	5514	4925	4996	5224	5762	5481
stripe_1817	4859	4375	4439	4689	5106	4756
stripe_1818	4508	4277	4133	4330	4743	4436
stripe_1819	3611	3422	3406	3668	4338	3728
stripe_1820	2326	1989	1972	2314	2740	2286
stripe_1821	5319	4758	4737	5004	5898	5183
stripe_1822	2413	2224	2206	2464	2909	2535
stripe_1823	5114	4585	4502	4852	5511	4904
stripe_1824	3260	2956	2930	3226	3537	3275
stripe_1825	6815	6145	6117	6549	7197	6769
stripe_1826	5048	4433	4496	4991	5608	5045
stripe_1827	4162	3716	3702	4204	4643	4221
stripe_1828	5131	4511	4690	5060	5470	5077
stripe_1829	4233	3833	3905	4124	4672	4320
stripe_1830	4387	3942	3956	4299	4753	4330
stripe_1831	5424	4898	4709	5279	5992	5393
stripe_1832	4847	4343	4315	4751	5410	4909
stripe_1833	5828	5268	5315	5727	6470	5785
stripe_1834	4354	3918	3732	4188	4736	4243
stripe_1835	3088	2643	2637	3044	3499	3078
stripe_1836	4512	4029	4065	4425	5059	4601
stripe_1837	3484	3182	3147	3492	3928	3466
stripe_1838	4077	3609	3564	3980	4303	3895
stripe_1839	3496	3055	3080	3549	3999	3492
stripe_1840	5201	4633	4595	4989	5498	5108
stripe_1841	4924	4317	4347	4774	5205	4846
stripe_1842	3519	3144	3068	3264	3682	3358
stripe_1843	4429	3941	4040	4346	4847	4440
stripe_1844	5920	5236	5353	5975	6701	6114
stripe_1845	3841	3365	3364	3909	4383	3977
stripe_1846	3182	2781	2768	3233	3729	3218
stripe_1847	2830	2576	2514	2870	3294	2889
stripe_1848	3891	3511	3570	4094	4625	4094
stripe_1849	1994	1779	1770	1981	2415	2040
stripe_1850	2508	2331	2341	2622	3017	2717
stripe_1851	2207	1945	2047	2155	2587	2340
stripe_1852	3159	2851	2852	3163	3569	3320
stripe_1853	4630	4140	4224	4910	5489	5030
stripe_1854	2419	2271	2141	2371	2836	2382
stripe_1855	2226	2019	1967	2298	2634	2266
stripe_1856	3512	3200	3216	3425	3924	3579
stripe_1857	2649	2311	2306	2584	2972	2614
stripe_1858	1891	1611	1537	1812	2136	1725
stripe_1859	3746	3448	3271	3617	4230	3729
stripe_1860	4700	4175	4169	4696	5373	4898
stripe_1861	2395	2176	2175	2489	2952	2377
stripe_1862	6125	5443	5531	5964	6512	5990
stripe_1863	4219	3787	3835	4015	4580	4194
stripe_1864	2577	2178	2210	2331	2798	2450
stripe_1865	2277	2012	1961	2304	2680	2383
stripe_1866	4979	4436	4527	4855	5388	4906
stripe_1867	2294	2057	2007	2335	2709	2257
stripe_1868	3676	3176	3150	3578	4006	3572
stripe_1869	3946	3411	3410	3864	4501	3792
stripe_1870	4021	3537	3605	3934	4424	4056
stripe_1871	4162	3726	3481	3986	4524	3888
stripe_1872	3186	2782	2716	3058	3448	3092
stripe_1873	2934	2668	2581	2891	3275	3031
stripe_1874	2721	2357	2298	2631	2980	2714
stripe_1875	3553	3173	3200	3622	4089	3730
stripe_1876	2990	2783	2677	3065	3556	3210
stripe_1877	3430	2902	2913	3304	3745	3186
stripe_1878	3400	2869	2894	3275	3707	3154
stripe_1879	4416	3779	3702	4205	4785	4191
stripe_1880	3068	2698	2689	3028	3414	3009
stripe_1881	4197	3805	3776	4155	4653	4213
stripe_1882	4051	3608	3451	3869	4647	4043
stripe_1883	3377	2993	2987	3287	3639	3328
stripe_1884	3382	2915	2904	3252	3614	3287
stripe_1885	3094	2759	2671	2888	3357	2979
stripe_1886	2545	2270	2244	2428	2804	2443
stripe_1887	3611	3205	3271	3757	4244	3801
stripe_1888	3405	3080	3034	3323	3946	3481
stripe_1889	3866	3508	3595	4039	4572	4092
stripe_1890	5345	4834	4898	5476	6113	5594
stripe_1891	4675	4076	4093	4537	5090	4635
stripe_1892	4512	4049	4085	4263	4865	4344
stripe_1893	3122	2779	2763	3144	3492	3140
stripe_1894	2292	2117	2058	2389	2573	2339
stripe_1895	3613	3300	3253	3653	4125	3634
stripe_1896	4080	3583	3628	4084	4686	4224
stripe_1897	2942	2577	2600	2925	3396	2924
stripe_1898	3585	3133	3120	3481	4044	3541
stripe_1899	2636	2397	2370	2649	3091	2686
stripe_1900	3721	3367	3383	3617	4106	3744
stripe_1901	4533	4057	4156	4717	5287	4751
stripe_1902	3265	2796	2844	3212	3708	3232
stripe_1903	3735	3285	3218	3573	4141	3633
stripe_1904	4281	3777	3681	4163	4877	4254
stripe_1905	2895	2520	2607	2806	3064	2895
stripe_1906	3730	3265	3372	3600	4023	3673
stripe_1907	3279	2778	2887	3371	3662	3236
stripe_1908	4194	3805	3916	4188	4527	4241
stripe_1909	2687	2462	2365	2568	2985	2659
stripe_1910	3816	3413	3415	3760	4232	3835
stripe_1911	2915	2579	2559	2909	3251	2939
stripe_1912	4171	3619	3645	4011	4834	4163
stripe_1913	2013	1754	1757	2052	2357	2048
stripe_1914	2655	2453	2372	2665	3112	2876
stripe_1915	3786	3492	3465	3912	4530	3931
stripe_1916	3310	2943	2975	3249	3697	3338
stripe_1917	2279	1930	1880	2284	2550	2192
stripe_1918	3002	2629	2649	2897	3412	2930
stripe_1919	4256	3665	3659	4200	4726	4234
stripe_1920	1950	1635	1634	1861	2275	1909
stripe_1921	2508	2299	2310	2711	3111	2569
stripe_1922	4336	3947	3937	4510	5097	4417
stripe_1923	4483	3924	3947	4246	4716	4367
stripe_1924	5557	4899	4933	5681	6412	5672
stripe_1925	3904	3539	3496	3994	4474	4060
stripe_1926	2241	1908	1968	2261	2588	2217
stripe_1927	4238	3555	3740	3859	4433	3943
stripe_1928	3473	2948	3017	3454	3884	3504
stripe_1929	5108	4521	4559	5148	5745	5115
stripe_1930	2687	2377	2333	2614	3069	2586
stripe_1931	4314	3702	3758	4237	4897	4239
stripe_1932	4881	4347	4330	4737	5235	4858
stripe_1933	3552	3250	3172	3546	4112	3635
stripe_1934	2886	2701	2674	3104	3449	3087
stripe_1935	3971	3445	3392	3949	4385	3804
stripe_1936	3110	2799	2745	3230	3739	3149
stripe_1937	4371	3916	3926	4385	5198	4364
stripe_1938	4465	3918	4016	4740	5283	4878
stripe_1939	2953	2706	2670	3090	3540	3140
stripe_1940	2966	2697	2617	2926	3344	2863
stripe_1941	3548	3192	3116	3612	4048	3644
stripe_1942	5924	5263	5380	5995	6614	6083
stripe_1943	2982	2662	2765	3028	3407	3125
stripe_1944	5475	4830	4912	5288	5943	5481
stripe_1945	2673	2387	2313	2762	3135	2733
stripe_1946	3241	2913	2999	3388	3782	3565
stripe_1947	1384	1109	1173	1253	1541	1355
stripe_1948	4461	4145	4051	4494	5053	4448
stripe_1949	6399	5861	5965	6353	7026	6392
stripe_1950	3678	3546	3595	3685	4208	3642
stripe_1951	3663	3511	3514	3745	4055	3761
stripe_1952	5795	5607	5599	5915	6718	6076
stripe_1953	4080	3799	3825	4148	4424	4084
stripe_1954	3871	3681	3719	3897	4254	3988
stripe_1955	4126	3753	3856	4176	4678	4183
stripe_1956	4730	4357	4296	4654	5207	4848
stripe_1957	2456	2315	2266	2363	2867	2644
stripe_1958	5414	4916	4937	5503	6121	5543
stripe_1959	3194	3055	2961	3240	3805	3310
stripe_1960	2305	2213	2187	2585	2946	2538
stripe_1961	2384	2277	2240	2477	2894	2494
stripe_1962	2648	2471	2441	2855	3309	2897
stripe_1963	4839	4475	4507	4991	5724	4959
stripe_1964	3210	3012	3036	3202	3663	3329
stripe_1965	2481	2282	2258	2417	2786	2517
stripe_1966	2198	2120	2113	2220	2518	2156
stripe_1967	2810	2671	2756	2805	3470	2903
stripe_1968	3713	3542	3480	3612	4321	3948
stripe_1969	3059	2987	2930	3198	3625	3128
stripe_1970	2606	2520	2455	2706	3093	2730
stripe_1971	2272	2142	2103	2360	2574	2384
stripe_1972	4856	4389	4442	4818	5383	4806
stripe_1973	2421	2356	2360	2517	2997	2611
stripe_1974	2433	2237	2196	2333	2603	2330
stripe_1975	3721	3523	3484	3948	4394	3989
stripe_1976	2851	2673	2638	2808	3129	2938
stripe_1977	3489	3286	3215	3486	3886	3424
stripe_1978	2216	2148	2075	2302	2572	2295
stripe_1979	3493	3167	3269	3439	3696	3365
stripe_1980	4389	4093	4090	4342	4560	4368
stripe_1981	5411	5157	5100	5337	5863	5464
stripe_1982	3317	2966	3036	3200	3517	3315
stripe_1983	2655	2337	2419	2551	2801	2631
stripe_1984	3423	3066	3062	3319	3665	3257
stripe_1985	4071	3758	3893	4187	4694	4247
stripe_1986	3432	3226	3104	3449	3977	3477
stripe_1987	4731	4440	4378	4706	5081	4734
stripe_1988	2952	2789	2757	3080	3390	3096
stripe_1989	3078	2936	2870	3006	3407	3043
stripe_1990	4722	4330	4388	4908	5627	4847
stripe_1991	2297	2160	2147	2319	2705	2420
stripe_1992	3277	3145	3023	3338	3843	3374
stripe_1993	2601	2501	2445	2888	3284	2929
stripe_1994	4239	3887	3945	4111	4613	4191
stripe_1995	6619	6136	6260	6646	7321	6863
stripe_1996	3896	3627	3571	3965	4415	4029
stripe_1997	3522	3308	3309	3473	3794	3442
stripe_1998	3070	2765	2785	3105	3454	3160
stripe_1999	3269	3109	3039	3312	3771	3486
stripe_2000	2848	2567	2622	2961	3275	2945
stripe_2001	1226	1220	1188	1215	1419	1328
stripe_2002	3262	3067	2973	3434	3934	3433
stripe_2003	4171	3887	3970	4219	4923	4424
stripe_2004	2513	2366	2318	2595	2880	2588
stripe_2005	2917	2709	2757	2918	3228	2917
stripe_2006	3852	3663	3737	3893	4344	3922
stripe_2007	2789	2639	2613	2835	3221	2808
stripe_2008	3097	2933	2896	3156	3518	3167
stripe_2009	3616	3368	3350	3532	4234	3615
stripe_2010	2729	2621	2525	2714	3099	2694
stripe_2011	2821	2633	2551	2669	3180	2744
stripe_2012	1973	1812	1816	2129	2496	2153
stripe_2013	2493	2426	2319	2677	3075	2702
stripe_2014	3574	3275	3278	3573	4063	3682
stripe_2015	4874	4706	4601	5031	5737	5113
stripe_2016	2333	2260	2290	2529	2945	2475
stripe_2017	2964	2778	2785	3034	3583	3094
stripe_2018	5582	5172	5273	5957	6530	5890
stripe_2019	4263	3989	3909	4517	4957	4555
stripe_2020	5093	4677	4712	5267	5777	5211
stripe_2021	3905	3536	3533	3951	4388	3945
stripe_2022	2839	2673	2589	3135	3565	3047
stripe_2023	2551	2384	2434	2700	3086	2691
stripe_2024	2205	2075	2081	2180	2407	2237
stripe_2025	2781	2646	2601	2941	3361	3005
stripe_2026	2942	2762	2718	3088	3382	3111
stripe_2027	3185	2994	2980	3478	3783	3489
stripe_2028	3076	2733	2790	3067	3401	3055
stripe_2029	3673	3338	3347	3573	4109	3659
stripe_2030	6000	5554	5723	6092	6906	6208
stripe_2031	5190	4809	4865	5179	5787	5362
stripe_2032	3080	2922	3024	3223	3508	3165
stripe_2033	4409	4076	4105	4376	4805	4491
stripe_2034	2933	2670	2664	2924	3228	2834
stripe_2035	3394	3118	3197	3476	3960	3473
stripe_2036	3874	3671	3699	3932	4463	3903
stripe_2037	3754	3494	3358	3755	4297	3809
stripe_2038	3946	3575	3531	3746	4203	3943
stripe_2039	5232	4758	4803	5102	5699	5129
stripe_2040	2364	2212	2127	2323	2636	2387
stripe_2041	5344	4833	4874	5225	6014	5392
stripe_2042	3283	3072	3113	3509	3930	3581
stripe_2043	3246	2903	2882	3271	3621	3256
stripe_2044	4542	4177	4116	4726	5301	4721
stripe_2045	4411	4076	4051	4362	4861	4368
stripe_2046	5954	5351	5550	5904	6452	5956
stripe_2047	3015	2879	2848	3113	3452	3140
stripe_2048	3012	2736	2871	3079	3479	3150
stripe_2049	2542	2309	2328	2576	2914	2638
stripe_2050	4063	3790	3811	4297	4805	4248
stripe_2051	3340	3122	3206	3483	3867	3532
stripe_2052	3039	2800	2807	2949	3321	3105
stripe_2053	4218	3905	3965	4428	4943	4441
stripe_2054	3525	3241	3159	3550	3992	3523
stripe_2055	3431	3092	3155	3454	3948	3440
stripe_2056	3201	2938	2892	3215	3664	3202
stripe_2057	4326	4045	4011	4404	4897	4541
stripe_2058	2728	2477	2465	2632	3153	2613
stripe_2059	3878	3466	3538	3939	4301	4034
stripe_2060	3705	3356	3386	3850	4164	3828
stripe_2061	4404	3907	3879	4373	4814	4303
stripe_2062	5806	5148	5170	5659	6321	5680
stripe_2063	3329	2930	2960	3189	3547	3224
stripe_2064	3030	2621	2759	2999	3411	3086
stripe_2065	3766	3385	3452	3610	4066	3731
stripe_2066	4343	4056	4247	4519	4867	4570
stripe_2067	6805	6391	6658	6883	7471	7060
stripe_2068	3965	3575	3696	3925	4234	4044
stripe_2069	3342	3108	3076	3370	3742	3359
stripe_2070	2199	1985	2026	2171	2488	2269
stripe_2071	2390	2379	2171	2560	3020	2586
stripe_2072	3472	3159	3090	3400	3740	3427
stripe_2073	2772	2468	2667	2769	3339	2976
stripe_2074	5856	5441	5423	5859	6600	6010
stripe_2075	3030	2832	2851	2974	3272	3073
stripe_2076	3082	2824	2879	3144	3360	2893
stripe_2077	2847	2757	2694	2744	3036	2797
stripe_2078	3188	2804	2844	3234	3443	3245
stripe_2079	4005	3640	3671	4092	4573	4078
stripe_2080	2303	2012	2037	2132	2512	2126
stripe_2081	3150	2951	2934	3252	3527	3270
stripe_2082	2420	2127	2124	2337	2758	2342
stripe_2083	2878	2526	2581	2819	3129	2858
stripe_2084	2109	2034	1956	1980	2401	2172
stripe_2085	2934	2862	2813	3027	3414	3155
stripe_2086	4623	4166	4319	4718	5073	4583
stripe_2087	3598	3392	3456	3669	4305	3946
stripe_2088	2834	2450	2472	2749	3036	2693
stripe_2089	3129	2838	2899	3162	3579	3216
stripe_2090	3635	3334	3296	3509	3816	3509
stripe_2091	5716	5237	5444	5559	6172	5870
stripe_2092	3092	2903	2811	3050	3441	3150
stripe_2093	3156	2809	2824	3113	3519	3118
stripe_2094	4613	4301	4396	4521	4989	4658
stripe_2095	5047	4622	4736	5117	5667	5044
stripe_2096	2875	2731	2762	2885	3260	2910
stripe_2097	3115	2879	2979	3284	3759	3306
stripe_2098	3929	3572	3635	3830	4297	3897
stripe_2099	3771	3465	3406	3798	4230	3887
stripe_2100	3742	3388	3437	3652	4119	3683
stripe_2101	5201	4805	4848	5241	5822	5152
stripe_2102	6937	6330	6507	7040	7638	7102
stripe_2103	6477	5879	5923	6245	6979	6293
stripe_2104	7616	7000	7128	7609	8329	7674
stripe_2105	3634	3288	3312	3558	4050	3664
stripe_2106	4911	4571	4547	5028	5609	5049
stripe_2107	3745	3476	3475	3794	4294	3847
stripe_2108	2723	2569	2581	2834	3052	2753
stripe_2109	3927	3610	3705	3962	4291	4117
stripe_2110	3299	2923	2993	3278	3583	3291
stripe_2111	4510	4139	4242	4493	4930	4578
stripe_2112	3965	3632	3662	3908	4317	3977
stripe_2113	5810	5285	5260	5692	6283	5909
stripe_2114	3906	3556	3571	3902	4224	3975
stripe_2115	5561	5058	5038	5351	5998	5337
stripe_2116	3590	3171	3329	3542	3887	3685
stripe_2117	3453	3162	3193	3501	3786	3476
stripe_2118	5930	5415	5472	5817	6356	5917
stripe_2119	3102	2916	2960	3033	3555	3049
stripe_2120	4105	3794	3763	4211	4780	4312
stripe_2121	3751	3436	3293	3647	4053	3668
stripe_2122	4857	4361	4299	4712	5103	4715
stripe_2123	4063	3703	3574	3886	4302	3850
stripe_2124	3889	3516	3590	3919	4252	4074
stripe_2125	5383	5016	4867	5457	5917	5545
stripe_2126	2574	2341	2285	2607	2882	2618
stripe_2127	2232	2239	2052	2225	2490	2264
stripe_2128	3907	3518	3631	4273	4527	4404
stripe_2129	2251	2099	2063	2351	2857	2415
stripe_2130	4285	4155	4154	4663	5069	4822
stripe_2131	3608	3260	3360	3719	4098	3890
stripe_2132	4368	3840	3862	4320	4786	4228
stripe_2133	5274	4758	4760	5491	6092	5512
stripe_2134	3593	3185	3342	3703	4073	3867
stripe_2135	4950	4540	4389	4884	5406	5095
stripe_2136	4380	3898	3835	4478	4997	4347
stripe_2137	6181	5501	5486	5917	6525	5920
stripe_2138	3059	2688	2605	2913	3251	2922
stripe_2139	5633	4907	4861	5521	6062	5569
stripe_2140	4466	4021	4000	4376	4962	4506
stripe_2141	3708	3371	3374	3671	4147	3750
stripe_2142	3273	2813	2891	3155	3528	3139
stripe_2143	2667	2519	2444	2558	2876	2715
stripe_2144	3411	3012	3070	3292	3587	3343
stripe_2145	5152	4676	4747	5161	5701	5250
stripe_2146	2393	2183	2142	2328	2593	2361
stripe_2147	4599	4127	4195	4483	4970	4501
stripe_2148	3745	3403	3291	3682	4091	3653
stripe_2149	5067	4544	4658	5088	5512	5040
stripe_2150	4203	3797	3827	4240	4534	4150
stripe_2151	4560	4077	4057	4469	4946	4435
stripe_2152	5196	4719	4762	5229	5786	5311
stripe_2153	2651	2543	2378	2716	2990	2750
stripe_2154	2821	2674	2748	2998	3509	3133
stripe_2155	2937	2799	2720	3019	3508	3110
stripe_2156	3792	3415	3700	3823	4229	3988
stripe_2157	4084	3641	3801	3986	4484	4073
stripe_2158	2917	2782	2824	3167	3601	3108
stripe_2159	3238	3003	3096	3411	3783	3364
stripe_2160	2043	1851	1816	1927	2146	1865
stripe_2161	2463	2198	2234	2200	2713	2327
stripe_2162	2854	2620	2613	2806	3043	2792
stripe_2163	4249	3966	4031	4343	4787	4464
stripe_2164	2848	2722	2610	2967	3304	3081
stripe_2165	5583	5159	5251	5851	6483	6104
stripe_2166	2882	2655	2708	2872	3334	3018
stripe_2167	2250	2064	2020	2171	2457	2212
stripe_2168	2770	2422	2502	2748	3083	2831
stripe_2169	3850	3460	3473	4068	4446	4110
stripe_2170	4171	3714	3837	4413	4952	4462
stripe_2171	2906	2590	2601	3018	3394	3048
stripe_2172	6095	5595	5629	6162	6996	6295
stripe_2173	2555	2407	2359	2533	2790	2507
stripe_2174	2823	2535	2529	2707	2957	2697
stripe_2175	3416	3054	3150	3355	3629	3478
stripe_2176	2883	2670	2529	2910	3209	2969
stripe_2177	2333	2206	2019	2007	2418	2010
stripe_2178	4418	4139	4144	4600	5194	4769
stripe_2179	3410	3100	3093	3390	3845	3455
stripe_2180	3485	3314	3306	3647	4066	3629
stripe_2181	5335	4871	4894	5390	5971	5502
stripe_2182	3209	3017	2996	3196	3554	3207
stripe_2183	2894	2561	2581	2756	3186	2696
stripe_2184	2711	2447	2394	2601	2936	2648
stripe_2185	3870	3489	3416	3662	4147	3689
stripe_2186	2495	2294	2268	2472	2863	2534
stripe_2187	4023	3669	3672	4019	4427	4034
stripe_2188	3209	2872	2781	3040	3417	3062
stripe_2189	4134	3897	3857	4166	4544	4304
stripe_2190	3286	2931	2953	3150	3588	3144
stripe_2191	2488	2207	2252	2373	2722	2416
stripe_2192	3824	3568	3477	3745	4312	3893
stripe_2193	3182	2946	3065	3185	3593	3302
stripe_2194	3621	3363	3304	3735	4107	3909
stripe_2195	5647	5139	5223	5848	6611	6137
stripe_2196	2776	2760	2649	2956	3350	3060
stripe_2197	2780	2720	2760	2967	3331	3008
stripe_2198	2482	2329	2323	2569	2798	2583
stripe_2199	2930	2652	2729	2817	3265	3048
stripe_2200	3276	2844	3157	3564	3949	3379
stripe_2201	2032	1827	1836	1940	2283	1973
stripe_2202	4544	4095	4066	4369	4750	4387
stripe_2203	3100	2826	2774	2928	3361	2994
stripe_2204	4049	3746	3786	4046	4421	4024
stripe_2205	3585	3257	3261	3436	3660	3459
stripe_2206	2961	2662	2698	2963	3256	2974
stripe_2207	3208	2983	2902	3233	3522	3206
stripe_2208	5716	5287	5297	5708	6324	5711
stripe_2209	5879	5327	5345	5806	6394	5694
stripe_2210	3410	3032	3108	3309	3643	3280
stripe_2211	5314	4859	4797	5287	5790	5279
stripe_2212	3310	2956	2972	3316	3655	3293
stripe_2213	4712	4051	4185	4546	4960	4418
stripe_2214	3970	3514	3555	3847	4234	4017
stripe_2215	2815	5335	2947	3648	4921	3836
stripe_2216	3784	3377	3262	3605	4052	3655
stripe_2217	5345	4813	4900	5568	6169	5653
stripe_2218	3343	3098	3143	3307	3593	3345
stripe_2219	2842	2575	2455	2731	2964	2784
stripe_2220	3661	3286	3354	3660	3951	3646
stripe_2221	2747	2543	2530	2870	3170	2772
stripe_2222	2560	2306	2331	2760	3087	2872
stripe_2223	4325	3737	3896	4490	4936	4303
stripe_2224	3013	2694	2732	2931	3337	3041
stripe_2225	4207	3777	3760	4080	4431	4170
stripe_2226	4355	3922	3861	4284	4704	4239
stripe_2227	4158	3740	3796	4222	4556	4175
stripe_2228	3474	3058	3046	3589	3930	3546
stripe_2229	3213	3016	2949	3268	3709	3306
stripe_2230	4689	4212	4399	4676	5231	4714
stripe_2231	3558	3207	3253	3362	3882	3452
stripe_2232	6127	5701	5749	5926	6500	6005
stripe_2233	3423	3145	3095	3214	3677	3249
stripe_2234	2725	2496	2459	2565	2897	2578
stripe_2235	6313	5728	5781	6083	6625	6114
stripe_2236	3049	2763	2851	3058	3350	3025
stripe_2237	3481	3148	3155	3475	3869	3516
stripe_2238	3048	2767	2697	2848	3194	2860
stripe_2239	4293	3848	3820	4058	4802	4234
stripe_2240	2804	2865	2739	2919	3262	3000
stripe_2241	2829	2622	2616	2706	3171	2857
stripe_2242	2576	2448	2388	2701	3236	2799
stripe_2243	5230	4886	4927	5074	5897	5486
stripe_2244	2770	2577	2553	2765	3121	2833
stripe_2245	3474	3108	3044	3512	3915	3500
stripe_2246	3438	3241	3285	3505	3857	3644
stripe_2247	4484	4211	4158	4262	4766	4379
stripe_2248	1952	1153	1651	2333	1759	2163
stripe_2249	3297	3019	3086	3200	3636	3368
stripe_2250	3402	3058	3092	3325	3833	3320
stripe_2251	3729	3363	3456	3649	4268	3790
stripe_2252	3749	3351	3437	3602	4001	3632
stripe_2253	4607	4173	4155	4563	5176	4603
stripe_2254	2459	2257	2254	2389	2722	2344
stripe_2255	3813	3409	3411	3736	4036	3680
stripe_2256	3436	3108	3091	3345	3700	3429
stripe_2257	3527	3251	3276	3497	3983	3634
stripe_2258	2474	2266	2318	2517	2819	2484
stripe_2259	2782	2626	2547	2824	3231	2815
stripe_2260	4145	3938	3988	4250	4616	4408
stripe_2261	4945	4617	4622	5178	5612	5305
stripe_2262	3493	3089	3200	3593	4010	3666
stripe_2263	3125	2937	2958	3346	3713	3341
stripe_2264	3210	2939	3005	3312	3685	3324
stripe_2265	2508	2452	2426	2591	2903	2575
stripe_2266	5152	4773	4596	5045	5694	5136
stripe_2267	3588	3278	3291	3581	3988	3613
stripe_2268	4885	4424	4408	4732	5265	4794
stripe_2269	3094	2805	2854	2974	3200	3091
stripe_2270	4415	3993	4103	4378	4776	4491
stripe_2271	6007	5418	5541	5817	6611	6063
stripe_2272	3408	3204	3256	3473	3955	3546
stripe_2273	2982	2758	2705	2870	3164	2982
stripe_2274	4668	4291	4244	4698	5185	4817
stripe_2275	4315	3983	4022	4476	4872	4332
stripe_2276	2463	2299	2360	2553	2926	2661
stripe_2277	2463	2364	2316	2576	2904	2550
stripe_2278	3144	2868	2987	3245	3534	3243
stripe_2279	2942	2697	2692	2930	3361	3010
stripe_2280	3610	3253	3240	3648	4090	3500
stripe_2281	3546	3206	3198	3587	4029	3435
stripe_2282	3691	3273	3305	3797	4193	3758
stripe_2283	3644	3412	3390	3794	4062	3732
stripe_2284	3685	3368	3416	3575	4186	3823
stripe_2285	2758	2318	2329	2562	2951	2795
stripe_2286	2925	2618	2623	2919	3280	2920
stripe_2287	2940	2663	2646	2946	3301	2880
stripe_2288	2696	2445	2456	2923	3110	2909
stripe_2289	3195	2967	2937	3178	3581	3227
stripe_2290	3567	3210	3260	3494	3817	3645
stripe_2291	3423	3119	3122	3466	3717	3471
stripe_2292	3051	2804	2779	3153	3463	3153
stripe_2293	3994	3596	3628	3942	4298	4079
stripe_2294	5273	4849	4862	5335	5823	5502
stripe_2295	3521	3113	3169	3408	3739	3579
stripe_2296	2494	2309	2230	2489	2851	2617
stripe_2297	3735	3491	3428	3859	4221	3882
stripe_2298	3361	3076	3148	3582	3892	3716
stripe_2299	4695	4334	4496	4724	5068	4871
stripe_2300	4357	4046	4090	4300	4695	4444
stripe_2301	3411	3127	3221	3323	3714	3376
stripe_2302	3429	3259	3449	3418	3820	3565
stripe_2303	5787	5219	5508	5643	6057	5857
stripe_2304	4626	4316	4323	4628	5027	4725
stripe_2305	6454	5984	6040	6470	7053	6579
stripe_2306	3649	3173	3247	3450	3904	3528
stripe_2307	3522	3140	3196	3549	3990	3614
stripe_2308	2913	2589	2620	3047	3422	3243
stripe_2309	2868	2594	2588	2876	3274	2946
stripe_2310	2330	2199	2156	2482	2860	2506
stripe_2311	2577	2415	2387	2710	3069	2767
stripe_2312	5713	5083	5054	5658	6332	5489
stripe_2313	6820	6087	5998	6659	7431	6659
stripe_2314	4476	4008	4083	4529	5174	4564
stripe_2315	4884	4427	4514	4898	5620	4862
stripe_2316	2545	2508	2417	2725	3130	2720
stripe_2317	3258	3101	3079	3236	3732	3464
stripe_2318	2043	1931	1779	1991	2286	1968
stripe_2319	2689	2521	2503	2683	3093	2808
stripe_2320	2252	2117	2061	2312	2728	2198
stripe_2321	1994	2082	1927	2584	2861	2267
stripe_2322	4354	3768	3782	4236	5015	4186
stripe_2323	3022	2740	2797	2887	3329	3094
stripe_2324	2800	2477	2449	2708	3156	2595
stripe_2325	3805	3567	3460	3715	4224	3834
stripe_2326	4310	3931	3884	4352	4810	4149
stripe_2327	3440	3188	3151	3549	3878	3341
stripe_2328	4475	4128	4136	4358	4821	4463
stripe_2329	2062	1869	1881	2100	2381	2072
stripe_2330	3709	3403	3505	3653	4062	3554
stripe_2331	5146	4578	4612	5046	5601	5090
stripe_2332	5494	5113	5062	5621	6371	5715
stripe_2333	4670	4348	4247	4584	5383	4674
stripe_2334	4013	3659	3703	3781	4209	3864
stripe_2335	4527	4141	4161	4394	4931	4460
stripe_2336	4624	4142	4241	4536	4931	4490
stripe_2337	4235	3842	3777	4080	4500	4075
stripe_2338	4265	3945	3843	4144	4781	4239
stripe_2339	7853	7010	7177	7642	8548	7934
stripe_2340	6660	6006	5978	6421	7095	6402
stripe_2341	5524	4943	4988	5633	6267	5601
stripe_2342	3791	3490	3515	3942	4322	3981
stripe_2343	4491	4175	4233	4625	5034	4679
stripe_2344	3301	3039	2979	3364	3710	3303
stripe_2345	3303	3045	2993	3494	3975	3548
stripe_2346	4648	4361	4254	4930	5616	4968
stripe_2347	2824	2593	2665	3035	3339	3147
stripe_2348	5929	5440	5534	6358	7124	6639
stripe_2349	4076	3652	3709	3860	4364	3994
stripe_2350	4065	3638	3655	4063	4610	4075
stripe_2351	6402	5717	5952	6707	7175	6881
stripe_2352	4302	3846	3881	4508	4982	4522
stripe_2353	4181	3577	3756	3919	4593	3987
stripe_2354	3531	3320	3466	3727	4207	3714
stripe_2355	3238	2942	2883	3166	3694	3333
stripe_2356	2619	2435	2437	2596	2831	2688
stripe_2357	4534	4224	4304	4706	5038	4890
stripe_2358	4579	4324	4290	4825	5300	4860
stripe_2359	6663	6050	6058	6804	7453	6860
stripe_2360	4247	3878	3981	4303	4849	4405
stripe_2361	4867	4485	4591	4895	5325	4942
stripe_2362	5229	4685	4715	5126	5792	5242
stripe_2363	5392	4941	4887	5423	6277	5495
stripe_2364	4309	3921	4132	4661	5145	4827
stripe_2365	6017	5517	5673	6303	7046	6412
stripe_2366	3284	3046	2995	3257	3648	3259
stripe_2367	2812	2409	2454	2727	3184	2787
stripe_2368	2257	2085	2066	2291	2709	2340
stripe_2369	3505	3223	3111	3493	3955	3490
stripe_2370	3602	3295	3326	3931	4242	3974
stripe_2371	4161	3780	3762	4222	5009	4288
stripe_2372	5046	4724	4629	5231	5903	5310
stripe_2373	2431	2203	2250	2482	2876	2573
stripe_2374	3013	2820	2770	3216	3655	3212
stripe_2375	3740	3433	3554	4199	4688	4176
stripe_2376	3676	3431	3402	3740	4212	3858
stripe_2377	2504	2324	2258	2588	2832	2611
stripe_2378	4565	4188	4311	4581	4886	4670
stripe_2379	5168	4525	4546	5106	5684	4911
stripe_2380	4344	3912	3940	4342	4778	4443
stripe_2381	5858	5427	5398	5799	6705	5938
stripe_2382	4198	3793	3816	4296	4785	4340
stripe_2383	4024	3756	3766	4038	4550	4046
stripe_2384	5548	5016	5043	5450	6199	5617
stripe_2385	5531	5170	5218	5612	5991	5505
stripe_2386	6717	6235	6305	6626	7375	6792
stripe_2387	2107	1717	1704	1848	2209	1963
stripe_2388	2980	2485	2461	2663	3105	2863
stripe_2389	2552	2162	2214	2350	2748	2419
stripe_2390	2802	2348	2384	2523	2889	2577
stripe_2391	3140	2600	2576	2845	3285	2987
stripe_2392	3418	2869	2839	3175	3621	3300
stripe_2393	2831	2322	2309	2556	2994	2678
stripe_2394	2872	2393	2337	2897	3202	2847
stripe_2395	4850	3902	4104	4598	5263	4768
stripe_2396	2195	1921	1841	2107	2377	2215
stripe_2397	4698	3913	4063	4271	4877	4459
stripe_2398	4378	3786	3741	3932	4519	4174
stripe_2399	4696	4071	3919	4427	5090	4462
stripe_2400	1592	1373	1354	1499	1891	1557
stripe_2401	4207	3482	3594	3931	4298	4099
stripe_2402	3561	3092	3092	3388	3791	3509
stripe_2403	2234	1920	1846	2094	2514	2216
stripe_2404	2628	2249	2296	2593	2951	2831
stripe_2405	3327	2659	2775	3002	3422	3109
stripe_2406	2941	2451	2419	2560	3009	2767
stripe_2407	2941	2451	2419	2560	3009	2767
stripe_2408	3377	2799	2782	3064	3389	3164
stripe_2409	2724	2266	2244	2668	3014	2803
stripe_2410	2865	2426	2461	2838	3407	2955
stripe_2411	2342	1916	1872	2102	2443	2214
stripe_2412	2619	2256	2270	2321	2743	2573
stripe_2413	3593	3046	3069	3405	3947	3584
stripe_2414	1910	1619	1549	1621	2024	1783
stripe_2415	2304	1852	1965	2175	2623	2378
stripe_2416	3300	2870	2898	3258	3597	3447
stripe_2417	2450	2208	2163	2252	2835	2474
stripe_2418	2055	1816	1795	1956	2349	2026
stripe_2419	2311	1883	1884	2070	2424	2201
stripe_2420	3853	3174	3301	3573	4013	3855
stripe_2421	2758	2405	2378	2659	3127	2776
stripe_2422	4091	3468	3522	3947	4448	4159
stripe_2423	4967	4257	4314	5014	5610	5166
stripe_2424	1849	1615	1567	1780	2087	1821
stripe_2425	3541	2978	2842	3149	3658	3186
stripe_2426	4717	3959	4035	4289	4812	4448
stripe_2427	2889	2511	2441	2654	3012	2698
stripe_2428	4288	3677	3727	3904	4381	4070
stripe_2429	4191	3485	3530	3782	4130	3890
stripe_2430	3844	3195	3282	3475	3858	3563
stripe_2431	3390	2852	2931	3230	3553	3381
stripe_2432	5293	4315	4317	4721	5360	4855
stripe_2433	3259	2801	2704	3084	3688	3275
stripe_2434	4249	3488	3634	4062	4675	4207
stripe_2435	3210	2687	2695	3067	3655	3205
stripe_2436	3696	3129	3098	3439	3926	3467
stripe_2437	3230	2638	2696	2840	3212	2896
stripe_2438	3795	3208	3191	3493	3896	3734
stripe_2439	2918	2511	2450	2770	3184	2876
stripe_2440	4768	4119	4222	4525	5036	4643
stripe_2441	3497	2987	2908	3396	3969	3515
stripe_2442	2058	1714	1748	1939	2274	2043
stripe_2443	2876	2475	2332	2616	3063	2667
stripe_2444	2715	2173	2202	2384	2915	2548
stripe_2445	1230	1128	1056	1262	1433	1315
stripe_2446	2381	2056	2007	2256	2621	2306
stripe_2447	5026	4277	4286	4490	5140	4806
stripe_2448	2900	2411	2383	2423	2930	2482
stripe_2449	3570	3072	3135	3384	3862	3426
stripe_2450	2714	2213	2173	2357	2768	2425
stripe_2451	3565	2972	3043	3273	3745	3460
stripe_2452	3698	3079	3075	3492	3994	3518
stripe_2453	3207	2709	2760	3073	3398	3173
stripe_2454	3868	3257	3317	3421	4065	3702
stripe_2455	3317	2719	2714	2942	3404	2907
stripe_2456	4732	3927	3970	4207	4965	4460
stripe_2457	2944	2422	2324	2524	2942	2591
stripe_2458	2321	2039	1980	2247	2699	2438
stripe_2459	1547	1343	1394	1487	1763	1570
stripe_2460	3327	2786	2766	3131	3469	3240
stripe_2461	3261	2785	2668	3027	3452	3150
stripe_2462	3646	3012	2974	3273	3831	3377
stripe_2463	4784	4048	4046	4326	4977	4694
stripe_2464	2247	1796	1832	2067	2563	2153
stripe_2465	2499	2061	2080	2319	2962	2425
stripe_2466	2738	2294	2354	2564	2907	2686
stripe_2467	2864	2333	2259	2653	3154	2708
stripe_2468	4066	3439	3506	3775	4242	3955
stripe_2469	2777	2349	2335	2545	2896	2598
stripe_2470	2928	2502	2558	2759	3064	2816
stripe_2471	3017	2527	2495	2640	3129	2818
stripe_2472	3815	3133	3130	3358	3706	3357
stripe_2473	3017	2475	2505	2837	3411	2888
stripe_2474	3507	2896	2948	3146	3451	3240
stripe_2475	3464	2976	2974	3257	3648	3418
stripe_2476	4059	3251	3240	3605	4166	3765
stripe_2477	3083	2864	2741	3250	3845	3250
stripe_2478	4907	4183	4166	4593	5319	4666
stripe_2479	3286	2841	2683	2907	3443	3074
stripe_2480	3803	3267	3231	3511	4009	3676
stripe_2481	2943	2460	2452	2585	2931	2649
stripe_2482	5092	4374	4275	4782	5503	4846
stripe_2483	2962	2525	2527	2765	3244	2927
stripe_2484	3792	3201	3146	3648	4182	3696
stripe_2485	3556	3023	3016	3237	3795	3427
stripe_2486	2101	1613	1690	1911	2277	1927
stripe_2487	2356	1915	1963	2213	2591	2170
stripe_2488	1791	1511	1540	1818	2322	1870
stripe_2489	3513	2844	2930	3209	3591	3293
stripe_2490	4801	3946	3937	4430	5082	4550
stripe_2491	5782	4735	4777	5177	5654	5225
stripe_2492	4030	3458	3437	3699	4096	3903
stripe_2493	5165	4132	4192	4577	5168	4733
stripe_2494	3351	2837	2893	3180	3728	3251
stripe_2495	3356	2757	2761	3076	3433	3128
stripe_2496	6154	5081	4955	5745	6356	5636
stripe_2497	3017	2539	2508	2761	3321	2837
stripe_2498	2152	1826	1803	2059	2426	2173
stripe_2499	3125	2603	2638	2883	3384	2954
stripe_2500	3090	2551	2562	2896	3397	3013
stripe_2501	4780	3903	3862	4273	4863	4318
stripe_2502	4805	3924	3880	4305	4889	4348
stripe_2503	3752	3102	3039	3398	3885	3443
stripe_2504	4018	3388	3328	3744	4178	3835
stripe_2505	2556	2051	2052	2220	2740	2319
stripe_2506	3280	2715	2654	2949	3417	3074
stripe_2507	3912	3246	3198	3436	3964	3584
stripe_2508	2863	2460	2419	2647	3160	2863
stripe_2509	3749	3217	3256	3715	4235	3923
stripe_2510	2209	1885	1850	2128	2452	2207
stripe_2511	2894	2492	2492	2763	3130	2883
stripe_2512	2929	2531	2453	2779	3258	2892
stripe_2513	1919	1623	1632	1819	2168	1893
stripe_2514	3022	2594	2605	2894	3438	2951
stripe_2515	3301	2799	2755	3279	3647	3388
stripe_2516	3639	2977	2988	3358	3938	3509
stripe_2517	2852	2522	2453	2699	3055	2731
stripe_2518	2569	2256	2120	2410	2783	2501
stripe_2519	2637	2136	2076	2314	2722	2356
stripe_2520	2818	2311	2409	2506	2958	2612
stripe_2521	4379	3651	3561	3998	4559	4143
stripe_2522	2131	1806	1795	2028	2478	2176
stripe_2523	2703	2301	2302	2540	3068	2686
stripe_2524	3989	3313	3390	3588	4014	3750
stripe_2525	3439	2930	2968	3171	3553	3212
stripe_2526	3763	3180	3319	3313	3838	3568
stripe_2527	3592	3069	3143	3179	3752	3294
stripe_2528	3136	2698	2774	2909	3347	3117
stripe_2529	2971	2496	2568	2787	3128	2928
stripe_2530	3904	3269	3337	3611	4041	3828
stripe_2531	2623	2155	2053	2218	2644	2362
stripe_2532	3603	2971	2975	3293	3841	3436
stripe_2533	4221	3448	3461	3800	4509	4084
stripe_2534	1955	1675	1683	1902	2265	1911
stripe_2535	2857	2451	2408	2651	3155	2821
stripe_2536	3504	2941	2934	3302	3916	3360
stripe_2537	4767	4174	4081	4359	5125	4775
stripe_2538	2181	1824	1806	1988	2328	2086
stripe_2539	2836	2463	2416	2821	3275	2983
stripe_2540	2059	1850	1822	1986	2365	2193
stripe_2541	3830	3138	3112	3505	3996	3618
stripe_2542	2535	2212	2063	2368	2784	2375
stripe_2543	4756	4053	3960	4284	5027	4427
stripe_2544	3943	3322	3333	3581	3997	3787
stripe_2545	3447	2829	2908	3082	3552	3310
stripe_2546	3605	3051	3021	3166	3547	3288
stripe_2547	3328	2888	2905	3121	3512	3294
stripe_2548	4074	3351	3496	3712	4241	3935
stripe_2549	3138	2644	2697	2936	3408	3050
stripe_2550	3629	3093	3049	3260	3893	3531
stripe_2551	3229	2588	2600	2885	3282	3057
stripe_2552	2937	2550	2465	2839	3193	2911
stripe_2553	2671	2292	2330	2403	2815	2603
stripe_2554	3267	2872	2677	3014	3662	3086
stripe_2555	3696	3109	3148	3332	3756	3454
stripe_2556	2396	2037	1966	2147	2531	2288
stripe_2557	4064	3429	3496	3662	4141	4022
stripe_2558	3721	3024	3089	3486	3993	3594
stripe_2559	2054	1740	1646	2057	2258	2027
stripe_2560	3533	2857	2815	3322	3731	3367
stripe_2561	2823	2461	2448	2713	3245	2786
stripe_2562	1807	1520	1466	1628	2011	1732
stripe_2563	4594	3996	4000	4306	4865	4590
stripe_2564	5295	4379	4451	5119	5692	5215
stripe_2565	2727	2264	2305	2712	3132	2830
stripe_2566	2025	1696	1709	1804	2153	1821
stripe_2567	3341	2832	2797	3328	3929	3366
stripe_2568	2962	2407	2419	2672	3126	2790
stripe_2569	2919	2467	2474	2876	3243	2823
stripe_2570	7047	5934	6002	6682	7402	6972
stripe_2571	2281	1877	1845	2103	2364	2169
stripe_2572	4304	3546	3569	3935	4351	4082
stripe_2573	3389	2892	2807	3099	3586	3045
stripe_2574	3676	3094	3041	3464	3933	3563
stripe_2575	4519	3870	3849	4316	4785	4554
stripe_2576	2634	2217	2249	2348	2692	2462
stripe_2577	4020	3413	3235	3267	3953	3607
stripe_2578	3218	2647	2831	2955	3318	3173
stripe_2579	3823	3439	3499	3553	3944	3583
stripe_2580	1956	1802	1840	2067	2274	1997
stripe_2581	2271	2167	2109	2366	2559	2317
stripe_2582	4298	4056	4007	4230	4800	4313
stripe_2583	2875	2608	2669	2755	3057	2839
stripe_2584	4089	3625	3828	3918	4353	4112
stripe_2585	3227	2983	2932	3203	3469	3195
stripe_2586	3319	3073	3026	3296	3558	3294
stripe_2587	4343	3905	3857	4298	4751	4295
stripe_2588	7433	6786	6905	7380	7934	7428
stripe_2589	3752	3383	3450	3625	4339	3665
stripe_2590	4539	4164	4193	4594	5138	4619
stripe_2591	2031	1874	1916	1987	2372	2076
stripe_2592	4044	3751	3770	4100	4511	4154
stripe_2593	3026	2814	2877	3187	3655	3222
stripe_2594	2125	1870	1893	2148	2363	2098
stripe_2595	4799	4656	4683	4671	5065	4980
stripe_2596	1830	1636	1607	1935	2070	1877
stripe_2597	2919	2695	2817	3098	3341	3114
stripe_2598	1866	1640	1687	1761	2089	1862
stripe_2599	1792	1786	1793	2034	2356	2014
stripe_2600	3341	3133	3155	3332	3902	3437
stripe_2601	2745	2638	2671	2840	3200	2909
stripe_2602	1881	1687	1739	1813	2094	1841
stripe_2603	1972	1881	1793	1950	2215	2008
stripe_2604	4150	3538	3697	4027	4507	4022
stripe_2605	2264	1983	2066	2251	2560	2281
stripe_2606	3898	3602	3563	3810	4223	3832
stripe_2607	3209	2874	2801	3115	3530	3051
stripe_2608	2831	2518	2588	2721	2942	2790
stripe_2609	2944	2677	2746	2992	3404	3046
stripe_2610	2188	1915	1915	2113	2534	2217
stripe_2611	2646	2347	2429	2514	2856	2470
stripe_2612	3983	3548	3680	3994	4375	3949
stripe_2613	4529	3965	4130	4270	4821	4314
stripe_2614	3258	3040	3056	3294	3692	3270
stripe_2615	4297	3872	3969	4308	4863	4223
stripe_2616	5151	4703	4806	4967	5947	4976
stripe_2617	2440	2269	2288	2440	2773	2479
stripe_2618	2568	2334	2448	2651	3017	2622
stripe_2619	4012	3733	3821	4195	4570	4240
stripe_2620	3252	3128	3049	3282	3669	3295
stripe_2621	2540	2365	2427	2762	3017	2647
stripe_2622	2903	2608	2631	3064	3319	3028
stripe_2623	2558	2322	2386	2798	3191	2801
stripe_2624	2994	2680	2700	3102	3416	3058
stripe_2625	4995	4527	4566	4912	5498	4872
stripe_2626	2829	2531	2566	2821	3090	2779
stripe_2627	4638	4232	4232	4529	5026	4662
stripe_2628	2517	2256	2232	2547	3023	2612
stripe_2629	3178	2888	2917	3341	3633	3288
stripe_2630	3410	3307	3251	3583	3877	3595
stripe_2631	2045	1927	1888	2105	2361	2203
stripe_2632	2982	2610	2663	2878	3225	2913
stripe_2633	4105	3591	3831	4386	4661	4325
stripe_2634	5783	5344	5504	5955	6520	6171
stripe_2635	3635	3400	3438	4011	4424	4004
stripe_2636	2461	2213	2223	2420	2685	2335
stripe_2637	4181	3796	3628	4114	4710	4256
stripe_2638	3290	2928	2984	3273	3737	3288
stripe_2639	2265	2153	2077	2207	2754	2271
stripe_2640	2942	2626	2544	2837	3351	2764
stripe_2641	2590	2405	2409	2538	2922	2702
stripe_2642	4799	4247	4264	4763	5276	4794
stripe_2643	2275	1924	1991	2201	2586	2167
stripe_2644	2602	2387	2397	2483	2892	2611
stripe_2645	3939	3562	3514	3836	4475	3935
stripe_2646	5042	4615	4703	4942	5618	4950
stripe_2647	4716	4224	4324	4620	4997	4640
stripe_2648	5585	4964	5041	5349	5900	5410
stripe_2649	2775	2394	2463	2696	3023	2742
stripe_2650	2846	2544	2522	2919	3255	2849
stripe_2651	4021	3677	3729	4126	4440	4030
stripe_2652	2439	2191	2240	2468	2850	2575
stripe_2653	2498	2359	2318	2579	2997	2692
stripe_2654	5556	5201	5105	5587	6243	5886
stripe_2655	2805	2579	2668	3242	3387	3257
stripe_2656	2375	2193	2217	2510	2859	2565
stripe_2657	5595	4957	5058	5598	6186	5759
stripe_2658	4628	4105	4031	4620	5058	4579
stripe_2659	3168	2932	2928	3454	3910	3522
stripe_2660	3035	2929	2997	3231	3506	3287
stripe_2661	3320	2954	2986	3239	3632	3379
stripe_2662	2541	2367	2265	2665	3009	2612
stripe_2663	6401	5862	6045	6511	6901	6604
stripe_2664	3120	2740	2657	3013	3412	2999
stripe_2665	4119	3565	3647	3809	4361	3789
stripe_2666	2318	2024	2061	1888	2312	1960
stripe_2667	2884	2683	2737	2851	3205	2774
stripe_2668	2840	2581	2633	2889	3250	2928
stripe_2669	2320	2226	2219	2330	2687	2377
stripe_2670	4417	4059	4159	4334	4863	4546
stripe_2671	5038	4673	4675	5036	5566	5149
stripe_2672	3327	3029	3034	3181	3456	3238
stripe_2673	3289	2991	3027	3284	3539	3419
stripe_2674	4178	3667	3868	4069	4532	4120
stripe_2675	4407	3794	3848	4089	4732	4142
stripe_2676	3055	2705	2742	2962	3463	3056
stripe_2677	3521	3242	3340	3457	3890	3614
stripe_2678	3482	3039	3090	3240	3531	3267
stripe_2679	2443	2210	2235	2391	2636	2322
stripe_2680	3584	3302	3319	3496	3896	3487
stripe_2681	3852	3591	3514	3707	4135	3685
stripe_2682	2556	2362	2253	2456	2890	2694
stripe_2683	2403	2203	2250	2439	2895	2482
stripe_2684	2750	2550	2629	2904	3213	2989
stripe_2685	2758	2518	2526	2617	3061	2823
stripe_2686	2590	2375	2258	2500	2977	2616
stripe_2687	3199	3018	3054	3207	3732	3310
stripe_2688	4784	4379	4470	4872	5469	5028
stripe_2689	2956	2710	2773	3132	3436	3185
stripe_2690	3544	3173	3140	3653	4081	3638
stripe_2691	4997	4535	4712	4980	5628	5052
stripe_2692	2828	2527	2449	2634	3006	2702
stripe_2693	2611	2339	2488	2442	2749	2501
stripe_2694	2564	2332	2345	2531	2702	2573
stripe_2695	3916	3623	3674	3944	4319	3898
stripe_2696	3062	2874	2886	3099	3427	3070
stripe_2697	3563	3183	3293	3427	3857	3500
stripe_2698	3392	3227	3122	3453	3880	3463
stripe_2699	2477	2277	2162	2484	2771	2469
stripe_2700	2848	2541	2532	2846	3165	2892
stripe_2701	5940	5262	5261	5705	6483	5713
stripe_2702	4009	3663	3641	3862	4372	3967
stripe_2703	2833	2609	2582	2809	3161	2856
stripe_2704	4163	3809	3750	4079	4592	4186
stripe_2705	2853	2413	2538	2702	3079	2638
stripe_2706	3924	3566	3640	3925	4285	4025
stripe_2707	2855	2637	2593	2844	3211	2819
stripe_2708	2616	2355	2330	2664	2942	2709
stripe_2709	4050	3656	3581	4006	4421	4017
stripe_2710	3023	2788	2769	3175	3700	3091
stripe_2711	3030	2716	2655	2784	3344	2890
stripe_2712	2476	2292	2214	2355	2553	2378
stripe_2713	5954	5399	5542	6139	6591	6234
stripe_2714	3971	3655	3723	4277	4565	4219
stripe_2715	4264	3907	3855	4153	4545	4083
stripe_2716	3983	3704	3682	4032	4314	3925
stripe_2717	6355	5721	5817	6371	6810	6316
stripe_2718	3245	2987	2946	3213	3626	3310
stripe_2719	6023	5343	5403	6013	6669	5989
stripe_2720	5095	4613	4546	5038	5688	4982
stripe_2721	4224	3795	3793	4023	4509	3982
stripe_2722	2072	1871	1763	1942	2355	1922
stripe_2723	2657	2520	2414	2756	3072	2692
stripe_2724	1882	1806	1839	2055	2457	2146
stripe_2725	4039	3737	3683	4221	4827	4166
stripe_2726	3087	2769	2904	3004	3441	3064
stripe_2727	3605	3205	3239	3480	3868	3455
stripe_2728	3407	3169	3210	3392	3819	3460
stripe_2729	4246	3923	3864	4171	4752	4177
stripe_2730	2806	2610	2506	2732	3135	2811
stripe_2731	4927	4431	4520	4898	5548	4853
stripe_2732	4073	3635	3685	4104	4700	4105
stripe_2733	2735	2457	2531	2796	3216	2839
stripe_2734	2884	2675	2614	2866	3271	2980
stripe_2735	2267	2095	2103	2248	2555	2311
stripe_2736	2984	2746	2774	2956	3233	2989
stripe_2737	5310	4667	4734	5125	5556	5105
stripe_2738	4455	3949	3915	4280	4926	4218
stripe_2739	2848	2578	2555	2829	3172	2824
stripe_2740	2924	2709	2668	2947	3286	2959
stripe_2741	3342	2967	2912	3193	3440	3126
stripe_2742	2014	1771	1804	1865	2204	1882
stripe_2743	2975	3010	2194	2927	3142	2840
stripe_2744	3203	2822	2899	3145	3588	3080
stripe_2745	3220	3021	2807	3174	3656	3143
stripe_2746	3394	2974	3027	3290	3766	3314
stripe_2747	2532	2362	2365	2578	2972	2542
stripe_2748	3832	3531	3484	3829	4209	3840
stripe_2749	3497	3001	3085	3429	3820	3419
stripe_2750	6393	5764	5971	7112	7882	7128
stripe_2751	3660	3349	3481	3888	4277	3907
stripe_2752	3085	2857	2904	3494	3812	3491
stripe_2753	3948	3512	3552	3851	4216	3713
stripe_2754	2830	2568	2580	2933	3186	2920
stripe_2755	4468	4021	4275	4397	4783	4555
stripe_2756	3137	2951	2957	3162	3499	3273
stripe_2757	4368	4044	4221	4429	4851	4440
stripe_2758	5536	5109	5117	5465	5950	5503
stripe_2759	5660	5124	5050	5481	6040	5482
stripe_2760	4314	3972	3916	4270	4740	4314
stripe_2761	4221	3943	4008	4269	4737	4257
stripe_2762	3342	3066	3164	3324	3697	3413
stripe_2763	3199	3034	3004	3310	3778	3357
stripe_2764	4317	4040	4073	4233	4849	4346
stripe_2765	6717	6193	6446	6661	7281	6902
stripe_2766	5193	4790	4956	5205	5642	5268
stripe_2767	5839	5410	5541	5973	6376	6148
stripe_2768	4162	3907	3966	4265	4802	4346
stripe_2769	2480	2359	2345	2419	2939	2565
stripe_2770	4455	4108	4136	4383	4967	4526
stripe_2771	3656	3371	3345	3572	4127	3706
stripe_2772	3358	3150	3198	3309	3678	3353
stripe_2773	3480	3176	3223	3431	3690	3489
stripe_2774	3296	3020	3031	3231	3484	3290
stripe_2775	4652	4293	4361	4508	5028	4595
stripe_2776	5355	4883	4988	5179	5868	5340
stripe_2777	3720	3335	3480	3617	4158	3651
stripe_2778	3693	3472	3555	3726	4157	3849
stripe_2779	5533	5012	5141	5540	6113	5593
stripe_2780	3121	3004	3128	3300	3719	3306
stripe_2781	5923	5434	5462	5981	6692	5986
stripe_2782	5412	5030	5094	5499	6059	5659
stripe_2783	5333	4845	5003	5272	5751	5322
stripe_2784	3596	3409	3433	3606	4008	3715
stripe_2785	6536	6046	6188	6526	7149	6556
stripe_2786	3088	2817	2787	3039	3483	3115
stripe_2787	4720	4371	4300	4676	5162	4699
stripe_2788	3306	3040	3060	3254	3658	3342
stripe_2789	4545	4239	4183	4559	5102	4477
stripe_2790	3046	2712	2711	3037	3390	3084
stripe_2791	3879	3603	3607	3972	4372	3982
stripe_2792	3817	3552	3462	3917	4527	3949
stripe_2793	3682	3300	3336	3620	4017	3748
stripe_2794	3897	3587	3648	3971	4660	4051
stripe_2795	5141	4739	4784	5399	6055	5363
stripe_2796	3071	2823	2871	3061	3408	3123
stripe_2797	3069	2928	2841	3009	3399	2997
stripe_2798	5969	5419	5583	5921	6423	5963
stripe_2799	3743	3423	3438	3717	4204	3663
stripe_2800	4900	4626	4531	4971	5517	5059
stripe_2801	3150	2877	2890	3173	3476	3180
stripe_2802	4377	3952	3971	4321	4609	4358
stripe_2803	3633	3297	3343	3614	3812	3627
stripe_2804	2498	2258	2312	2410	2742	2482
stripe_2805	5199	4847	4860	5175	5623	5169
stripe_2806	5000	4512	4573	4870	5436	4955
stripe_2807	3883	3521	3484	3892	4275	3881
stripe_2808	3278	2974	2936	3286	3631	3245
stripe_2809	3590	3242	3168	3549	4084	3573
stripe_2810	2237	2174	2213	2244	2687	2363
stripe_2811	2502	2330	2345	2458	2865	2634
stripe_2812	3050	2788	2909	3192	3620	3271
stripe_2813	3243	2938	3210	3266	3713	3161
stripe_2814	3197	2986	2983	3237	3686	3181
stripe_2815	3663	3367	3391	3550	4012	3602
stripe_2816	5829	5339	5289	5623	6406	5631
stripe_2817	4359	3887	3898	4278	4733	4351
stripe_2818	5485	5017	5090	5582	5983	5552
stripe_2819	6107	5498	5582	5965	6609	5978
stripe_2820	6212	5612	5679	6085	6770	6144
stripe_2821	5888	5525	5451	5983	6727	6007
stripe_2822	5192	4787	4884	5256	5579	5328
stripe_2823	5281	4856	4891	5391	5814	5563
stripe_2824	4193	3812	3797	4174	4642	4255
stripe_2825	5250	4736	4897	5281	5680	5360
stripe_2826	5078	4742	4943	5343	5776	5543
stripe_2827	4326	4071	4157	4593	4939	4663
stripe_2828	4883	4286	4326	4610	5066	4596
stripe_2829	3626	3276	3329	3747	4181	3845
stripe_2830	6014	5545	5543	5847	6449	5931
stripe_2831	3682	3389	3434	3562	3999	3529
stripe_2832	4241	3995	4041	4414	4758	4280
stripe_2833	2276	2175	2055	2272	2708	2318
stripe_2834	4152	3855	3785	4102	4693	4046
stripe_2835	3597	3505	3460	3608	3953	3569
stripe_2836	2808	2751	2689	3040	3279	2981
stripe_2837	5498	5021	5124	5721	6322	5805
stripe_2838	2342	2397	2285	2647	2947	2672
stripe_2839	2181	2059	2043	2076	2536	2142
stripe_2840	2177	2010	2050	2267	2572	2271
stripe_2841	3118	2798	2841	3059	3431	3063
stripe_2842	3069	2869	2869	3111	3513	3231
stripe_2843	2493	2394	2411	2711	2787	2531
stripe_2844	2608	2511	2379	2560	3042	2802
stripe_2845	2826	2575	2495	2745	2911	2720
stripe_2846	3257	3013	3018	3256	3605	3262
stripe_2847	3330	2964	3048	3338	3672	3264
stripe_2848	2211	2035	2025	2213	2493	2328
stripe_2849	1851	1831	1739	1895	2161	1915
stripe_2850	3391	3009	3172	3462	3737	3586
stripe_2851	4157	3938	3983	4287	4756	4364
stripe_2852	2726	2584	2571	2888	3131	2839
stripe_2853	2576	2395	2374	2749	3031	2718
stripe_2854	4775	4469	4338	4808	5177	4809
stripe_2855	3981	3738	3616	4161	4462	4057
stripe_2856	3284	3107	3141	3552	3865	3470
stripe_2857	2128	1925	1959	2085	2322	2049
stripe_2858	3611	3434	3364	3617	4103	3686
stripe_2859	4806	4309	4356	4861	5352	4843
stripe_2860	4680	4365	4294	4653	5041	4520
stripe_2861	3287	3080	3051	3263	3594	3321
stripe_2862	3656	3357	3260	3614	3949	3626
stripe_2863	4366	4046	3969	4378	4805	4336
stripe_2864	3128	2879	2921	3112	3353	3187
stripe_2865	3929	3593	3620	3921	4252	3999
stripe_2866	4333	4125	4058	4311	4585	4386
stripe_2867	3735	3349	3358	3587	4142	3673
stripe_2868	3333	3120	3095	3396	3709	3342
stripe_2869	3291	3136	3127	3358	3693	3315
stripe_2870	4063	3709	3739	4060	4308	4042
stripe_2871	3888	3713	3654	4039	4441	3998
stripe_2872	2633	2402	2378	2633	3025	2677
stripe_2873	2544	2382	2317	2512	2763	2518
stripe_2874	3306	3134	3145	3547	3804	3619
stripe_2875	2565	2288	2269	2444	2820	2406
stripe_2876	3195	3094	3021	3283	3775	3324
stripe_2877	2714	2656	2562	2828	3220	2809
stripe_2878	2081	2041	1956	2071	2365	2152
stripe_2879	3234	2975	2895	3124	3814	3164
stripe_2880	3223	2979	2882	3317	3681	3275
stripe_2881	2412	2245	2269	2551	2811	2537
stripe_2882	4642	4414	4292	4621	4997	4699
stripe_2883	3558	3371	3332	3686	4140	3610
stripe_2884	3296	3054	3030	3478	3705	3386
stripe_2885	3740	3629	3666	4195	4597	4185
stripe_2886	4123	3832	3774	4387	4930	4306
stripe_2887	5204	4830	4772	5422	6001	5425
stripe_2888	5405	4990	4971	5538	6320	5523
stripe_2889	5441	5058	5070	5620	6294	5551
stripe_2890	3448	3156	3301	3663	3945	3660
stripe_2891	4305	4025	3941	4686	5050	4493
stripe_2892	3266	2990	2938	3210	3434	3182
stripe_2893	5590	5041	5011	5546	6142	5554
stripe_2894	2940	2696	2642	3102	3419	3038
stripe_2895	2837	2623	2544	2901	3147	2900
stripe_2896	3773	3418	3366	3702	4066	3619
stripe_2897	3851	3546	3671	3812	4108	3895
stripe_2898	3855	3525	3574	3817	4214	3928
stripe_2899	2871	2620	2601	3041	3398	3199
stripe_2900	4058	3939	3821	4263	4491	4229
stripe_2901	4157	3939	3970	4319	4670	4465
stripe_2902	3240	2943	2964	3198	3460	3212
stripe_2903	3138	2772	2725	2931	3360	2931
stripe_2904	2773	2595	2480	2728	2999	2644
stripe_2905	3412	3174	3195	3614	3899	3635
stripe_2906	5841	5458	5592	6176	6645	6306
stripe_2907	3087	2842	2862	3164	3483	3277
stripe_2908	3142	2997	2955	3205	3573	3345
stripe_2909	2907	2671	2648	2976	3242	3037
stripe_2910	2981	2830	2776	3244	3502	3316
stripe_2911	3962	3633	3769	4159	4471	4113
stripe_2912	3937	3572	3547	3948	4393	3846
stripe_2913	2414	2181	2163	2405	2732	2329
stripe_2914	2656	2508	2457	2829	3051	2765
stripe_2915	3344	3095	3001	3273	3781	3328
stripe_2916	1788	1695	1662	1868	2086	1908
stripe_2917	1518	1430	1562	1588	1963	1778
stripe_2918	3433	3013	3136	3451	3775	3454
stripe_2919	3477	3187	3162	3592	3960	3639
stripe_2920	2728	2483	2475	2787	3235	2800
stripe_2921	4189	3797	3818	4150	4498	4016
stripe_2922	3263	2783	2800	3013	3406	2969
stripe_2923	2506	2354	2319	2552	2819	2543
stripe_2924	3086	2932	2935	3260	3605	3234
stripe_2925	3153	2881	2890	3194	3671	3252
stripe_2926	2924	2563	2503	2801	3047	2749
stripe_2927	3120	2896	2843	3131	3514	3080
stripe_2928	2328	2108	2023	2210	2633	2218
stripe_2929	2712	2587	2480	2782	3094	2771
stripe_2930	1978	1867	1871	2077	2345	2036
stripe_2931	3797	3468	3652	3726	4041	3827
stripe_2932	3544	3396	3517	3514	3834	3736
stripe_2933	2828	2692	2672	2935	3176	2875
stripe_2934	3641	3361	3440	3650	4034	3746
stripe_2935	2776	2556	2522	2782	3197	2791
stripe_2936	2440	2286	2345	2516	2946	2455
stripe_2937	2951	2715	2667	3029	3397	2960
stripe_2938	2800	2684	2474	2917	3198	2829
stripe_2939	4950	4399	4376	4939	5525	4947
stripe_2940	1910	1826	1766	2006	2280	2076
stripe_2941	4652	4306	4223	4624	5083	4619
stripe_2942	1923	1762	1824	2044	2360	2083
stripe_2943	6796	6419	6409	7102	7809	7248
stripe_2944	2946	2764	2862	3259	3671	3340
stripe_2945	2678	2541	2484	2869	3106	2890
stripe_2946	4842	4664	4545	5420	5855	5247
stripe_2947	2150	1879	1834	2076	2482	2157
stripe_2948	2374	2257	2159	2657	3066	2718
stripe_2949	2086	1999	1957	2270	2665	2285
stripe_2950	2299	2219	2228	2397	2631	2493
stripe_2951	3042	2736	2790	2986	3222	2996
stripe_2952	3862	3622	3599	3931	4264	3944
stripe_2953	3111	2869	2906	3283	3773	3297
stripe_2954	2037	1897	1863	2184	2314	2235
stripe_2955	2463	2237	2156	2354	2691	2345
stripe_2956	2063	2003	1802	2088	2472	2176
stripe_2957	2728	2565	2433	2747	3085	2762
stripe_2958	3648	3379	3255	3622	4264	3597
stripe_2959	3496	3197	3243	3707	4074	3634
stripe_2960	4630	4297	4447	4743	5159	4669
stripe_2961	2453	2403	2293	2435	2865	2497
stripe_2962	2700	2503	2540	2944	3170	2861
stripe_2963	5235	4886	4992	5638	6306	5729
stripe_2964	3686	3429	3533	3805	4359	3942
stripe_2965	1915	1763	1762	1887	2280	2018
stripe_2966	3122	2902	2849	3194	3506	3177
stripe_2967	3863	3569	3628	3691	4137	3738
stripe_2968	2217	1940	1943	2196	2528	2123
stripe_2969	2695	2529	2512	2655	3013	2706
stripe_2970	3202	3062	2936	3277	3691	3350
stripe_2971	3236	2845	2721	3078	3475	3154
stripe_2972	2854	2680	2718	3014	3377	3090
stripe_2973	4260	4036	3970	4428	4815	4484
stripe_2974	2225	1981	1998	2158	2625	2180
stripe_2975	4549	4304	4178	4599	5074	4549
stripe_2976	1994	1775	1746	1972	2252	1995
stripe_2977	2856	2735	2752	2917	3380	2954
stripe_2978	3535	3250	3168	3504	3955	3636
stripe_2979	3234	2880	2927	3254	3850	3367
stripe_2980	4451	4016	4138	4526	5066	4560
stripe_2981	4350	4127	4086	4194	4648	4183
stripe_2982	3165	2873	2940	3130	3536	3072
stripe_2983	2980	2734	2651	2953	3265	2831
stripe_2984	3564	3281	3340	3606	4099	3580
stripe_2985	3975	3666	3658	4029	4391	4144
stripe_2986	3483	3196	3144	3518	3842	3456
stripe_2987	2564	2438	2353	2638	2917	2589
stripe_2988	5126	4655	4579	5110	5653	5120
stripe_2989	4514	4165	3993	4492	5002	4523
stripe_2990	6159	5603	5588	6161	6837	6172
stripe_2991	3908	3589	3605	4016	4369	3974
stripe_2992	4742	4452	4453	5138	5565	5235
stripe_2993	2908	2714	2832	3224	3480	3180
stripe_2994	4129	3788	3676	4282	4946	4129
stripe_2995	3447	3217	3216	3462	3785	3419
stripe_2996	7520	7004	7006	7536	8076	7431
stripe_2997	4855	4611	4531	4929	5487	5033
stripe_2998	3690	3454	3503	3712	4012	3810
stripe_2999	4579	4312	4290	4739	5283	4723
stripe_3000	4319	4082	3981	4486	4955	4428
stripe_3001	3234	3011	3037	3246	3620	3400
stripe_3002	6234	5760	5844	6267	6947	6418
stripe_3003	4719	4356	4276	4736	5403	4873
stripe_3004	3918	3557	3708	4046	4418	4090
stripe_3005	4155	3892	3960	4259	4560	4388
stripe_3006	3276	3088	3156	3270	3605	3308
stripe_3007	3406	3191	3173	3464	3672	3415
stripe_3008	4165	3915	3873	4239	4626	4244
stripe_3009	3654	3498	3373	3737	4019	3656
stripe_3010	3463	3271	3299	3625	3880	3638
stripe_3011	2655	2439	2489	2782	3100	2656
stripe_3012	5980	5608	5530	6063	6625	6250
stripe_3013	5299	5004	5110	5712	6103	5772
stripe_3014	3669	3474	3462	4052	4349	4044
stripe_3015	3674	3454	3488	4027	4507	4009
stripe_3016	5657	5261	5292	5932	6572	5818
stripe_3017	3695	3515	3439	3806	4187	3797
stripe_3018	5873	5518	5557	5802	6456	5838
stripe_3019	2941	2757	2714	2961	3312	2955
stripe_3020	3904	3605	3602	3949	4376	3907
stripe_3021	5390	5071	4872	5343	5814	5397
stripe_3022	6566	6103	6055	6591	7208	6559
stripe_3023	3055	2828	2826	3034	3323	2967
stripe_3024	3572	3454	3468	3714	4091	3698
stripe_3025	5563	5319	5197	5612	6104	5679
stripe_3026	3128	2901	2936	3094	3475	3268
stripe_3027	3681	3505	3339	3649	4113	3660
stripe_3028	4738	4400	4515	4768	5168	4807
stripe_3029	2982	2804	2769	2989	3290	2979
stripe_3030	3610	3431	3450	3648	3899	3762
stripe_3031	3810	3650	3652	3956	4413	3975
stripe_3032	3426	3229	3273	3828	4160	3921
stripe_3033	2696	2581	2627	3017	3349	3126
stripe_3034	3613	3328	3346	3373	3736	3464
stripe_3035	3752	3525	3611	3945	4349	4093
stripe_3036	4087	3917	3793	4494	4848	4480
stripe_3037	4040	3799	3845	4200	4525	4245
stripe_3038	3233	3105	3094	3413	3642	3397
stripe_3039	2525	2294	2268	2458	2773	2406
stripe_3040	5585	5124	5154	5654	6112	5605
stripe_3041	2200	2067	2008	2236	2515	2190
stripe_3042	4985	4686	4608	4824	5170	4826
stripe_3043	2947	2815	2759	2959	3287	2980
stripe_3044	3857	3554	3588	3943	4229	3863
stripe_3045	3543	3219	3306	3746	4134	3808
stripe_3046	4824	4412	4453	4931	5183	5056
stripe_3047	3300	3178	3066	3538	3781	3508
stripe_3048	2672	2465	2415	2800	3076	2751
stripe_3049	3258	2986	3070	3374	3692	3340
stripe_3050	2298	2150	2132	2352	2570	2325
stripe_3051	3167	2990	2995	3444	3860	3343
stripe_3052	2295	2176	2168	2265	2504	2203
stripe_3053	2922	2727	2764	3025	3329	2951
stripe_3054	6203	5787	5772	6332	7134	6390
stripe_3055	4005	3760	3705	3931	4422	3942
stripe_3056	4215	3945	3879	4244	4707	4299
stripe_3057	2757	2573	2525	2816	3212	2796
stripe_3058	3275	3098	3031	3208	3769	3349
stripe_3059	2733	2527	2599	2895	3136	2904
stripe_3060	4673	4400	4334	4686	5469	4662
stripe_3061	3019	2814	2885	3001	3494	3001
stripe_3062	3600	3382	3255	3700	4088	3693
stripe_3063	4303	3875	3838	4224	4758	4186
stripe_3064	3456	3142	3184	3579	3939	3578
stripe_3065	5625	5222	5153	5775	6077	5630
stripe_3066	4629	4263	4184	4593	4975	4523
stripe_3067	3426	3083	3167	3549	3820	3538
stripe_3068	3317	3120	3156	3527	3729	3540
stripe_3069	4182	3853	4055	4178	4510	4406
stripe_3070	4821	4460	4589	4878	5186	4829
stripe_3071	6466	5956	6171	6515	6905	6598
stripe_3072	3094	2873	2811	3111	3411	3105
stripe_3073	5534	5133	5090	5569	6134	5341
stripe_3074	4810	4398	4324	4764	5431	4734
stripe_3075	5445	5034	4957	5372	5933	5288
stripe_3076	5295	4993	4926	5303	5951	5417
stripe_3077	3786	3362	3399	3861	4231	3750
stripe_3078	5392	5003	4965	5472	6211	5579
stripe_3079	3247	2986	3066	3274	3549	3300
stripe_3080	3624	3390	3440	3759	4282	3870
stripe_3081	3159	2972	2976	3114	3416	3142
stripe_3082	3289	3102	3049	3330	3692	3295
stripe_3083	4691	4323	4270	4564	5049	4727
stripe_3084	5005	4602	4506	4913	5659	4940
stripe_3085	4220	3894	3842	4224	4484	4173
stripe_3086	3320	3022	2937	3262	3778	3305
stripe_3087	4761	4391	4207	5017	5534	4790
stripe_3088	3377	3315	3333	3506	3983	3541
stripe_3089	4086	3870	3744	4285	4573	4250
stripe_3090	3908	3522	3502	3876	4325	4028
stripe_3091	2020	1854	1774	1841	2214	2011
stripe_3092	2901	2530	2568	2868	3195	2950
stripe_3093	4448	4080	4173	4479	5123	4650
stripe_3094	3373	3082	3074	3268	3646	3313
stripe_3095	4156	3765	3745	3948	4459	4248
stripe_3096	3887	3482	3418	3579	4054	3783
stripe_3097	4373	3892	3873	4085	4590	4265
stripe_3098	1854	1600	1622	1805	2201	1880
stripe_3099	3056	2911	2840	3055	3486	3081
stripe_3100	2547	2299	2215	2447	2820	2528
stripe_3101	6167	5665	5799	6164	6887	6390
stripe_3102	3416	3116	3062	3264	3839	3439
stripe_3103	3852	3355	3562	3633	4213	3815
stripe_3104	5471	4930	5070	5488	6176	5672
stripe_3105	3960	3510	3634	3871	4403	4168
stripe_3106	5410	4912	4726	5364	6069	5508
stripe_3107	3125	2811	2858	3254	3470	3365
stripe_3108	3481	3070	3153	3364	3627	3485
stripe_3109	2652	2366	2306	2338	2688	2465
stripe_3110	3812	3161	3164	3547	3916	3508
stripe_3111	2351	2025	2022	2192	2585	2186
stripe_3112	4498	4083	3985	4320	4969	4597
stripe_3113	2908	2692	2640	2795	3222	3002
stripe_3114	5009	4474	4478	4685	5158	4770
stripe_3115	4627	4089	3989	4315	4608	4307
stripe_3116	4598	4000	4005	4431	4871	4422
stripe_3117	3284	2818	2744	2987	3331	3057
stripe_3118	4168	3658	3641	3932	4478	3925
stripe_3119	4247	3723	3722	4171	4613	4205
stripe_3120	3185	2812	2864	3167	3608	3244
stripe_3121	3387	2978	3051	3237	3610	3264
stripe_3122	2888	2443	2500	2905	3240	2967
stripe_3123	3780	3387	3367	3596	3927	3803
stripe_3124	3509	2950	3138	3457	3854	3651
stripe_3125	2230	2034	1968	2429	2645	2401
stripe_3126	5227	4643	4791	5141	5737	5371
stripe_3127	3344	2975	2938	3194	3548	3291
stripe_3128	2494	2150	2082	2364	2909	2436
stripe_3129	2819	2439	2394	2755	3182	2834
stripe_3130	4210	3642	3566	4012	4698	4177
stripe_3131	2606	2290	2236	2491	2880	2595
stripe_3132	3873	3367	3347	3767	4326	3881
stripe_3133	2853	2478	2487	2786	3144	2877
stripe_3134	2782	2431	2471	2750	3104	2777
stripe_3135	3358	2899	2823	3014	3422	3145
stripe_3136	4448	3849	3834	4166	4679	4306
stripe_3137	3812	3194	3245	3645	3961	3585
stripe_3138	4412	3841	3875	4251	4688	4385
stripe_3139	1937	1767	1725	2054	2269	1993
stripe_3140	3312	2845	2904	2964	3379	3147
stripe_3141	2008	1848	1867	1929	2260	2001
stripe_3142	4199	3724	3675	3797	4281	3808
stripe_3143	3267	2904	2941	2857	3376	3031
stripe_3144	3549	3146	3062	3467	3827	3537
stripe_3145	3050	2832	2761	2883	3318	3086
stripe_3146	2806	2428	2472	2733	3145	2682
stripe_3147	3926	3544	3409	3761	4396	3775
stripe_3148	5167	4674	4490	4945	5428	5290
stripe_3149	5865	5319	5322	5903	6677	6165
stripe_3150	3848	3350	3479	3761	4229	3793
stripe_3151	2604	2311	2286	2532	2848	2565
stripe_3152	3623	3152	3132	3534	4015	3560
stripe_3153	4630	4076	4048	4514	5092	4501
stripe_3154	5475	4767	5004	5192	5727	5535
stripe_3155	2972	2706	2696	2851	3336	2897
stripe_3156	5139	4520	4551	4575	5327	4793
stripe_3157	3432	3016	3094	3075	3496	3123
stripe_3158	2922	2557	2533	2628	3069	2732
stripe_3159	3203	2853	2803	3108	3642	3181
stripe_3160	2116	1866	1851	1807	2283	1989
stripe_3161	3276	2821	2780	2925	3359	2961
stripe_3162	4493	3826	3834	4044	4531	4078
stripe_3163	2027	1813	1772	1781	2255	1929
stripe_3164	3991	3431	3425	3702	4124	3839
stripe_3165	4066	3552	3662	3836	4308	4025
stripe_3166	4091	3611	3499	3805	4287	3856
stripe_3167	2874	2554	2564	2744	3062	2828
stripe_3168	4175	3617	3701	4006	4316	3894
stripe_3169	3749	3232	3245	3535	4052	3607
stripe_3170	5243	4444	4535	4950	5611	5121
stripe_3171	3464	3098	2939	3459	3837	3377
stripe_3172	6084	5097	5032	5666	6431	5732
stripe_3173	5323	4688	4630	5080	5864	5152
stripe_3174	6232	5456	5459	6021	6919	6120
stripe_3175	4362	3821	3913	4178	4756	4177
stripe_3176	2762	2394	2371	2634	2947	2669
stripe_3177	2046	1915	1896	2131	2423	2105
stripe_3178	3152	2756	2664	2911	3347	2939
stripe_3179	2264	2007	2011	1990	2409	2143
stripe_3180	2675	2282	2265	2497	2907	2538
stripe_3181	3766	3344	3322	3421	4144	3643
stripe_3182	2828	2486	2621	2863	3158	2900
stripe_3183	2798	2598	2591	2772	3052	2924
stripe_3184	2285	2049	1942	2169	2467	2193
stripe_3185	3514	3250	3295	3511	3964	3827
stripe_3186	2609	2344	2225	2607	2946	2519
stripe_3187	3038	2718	2770	2953	3537	3097
stripe_3188	3403	2843	2822	3151	3710	3134
stripe_3189	3714	3233	3258	3581	4081	3620
stripe_3190	5642	4911	4857	5307	6141	5445
stripe_3191	4628	3957	4037	4174	4641	4255
stripe_3192	3363	2979	2908	3318	3738	3378
stripe_3193	3722	3269	3206	3611	4320	3468
stripe_3194	4354	3789	3756	4005	4597	4178
stripe_3195	2587	2293	2282	2635	3042	2692
stripe_3196	2172	2066	1947	2253	2613	2412
stripe_3197	3753	3277	3398	3812	4255	3902
stripe_3198	2709	2272	2275	2688	3014	2727
stripe_3199	2493	2118	2176	2307	2772	2394
stripe_3200	3332	2953	2919	3298	3740	3261
stripe_3201	4129	3621	3552	4062	4588	4030
stripe_3202	4997	4398	4472	4928	5256	5034
stripe_3203	5167	4536	4580	5191	5690	5325
stripe_3204	5113	4577	4652	4987	5470	5106
stripe_3205	4491	3952	4041	4401	4972	4613
stripe_3206	5215	4463	4523	4970	5774	5075
stripe_3207	3580	3031	3061	3370	3948	3398
stripe_3208	3196	2762	2771	3072	3442	3101
stripe_3209	3459	3014	3087	3373	3815	3411
stripe_3210	3658	3129	3164	3373	3831	3588
stripe_3211	3635	3197	3136	3578	4173	3595
stripe_3212	5877	5128	5128	5693	6169	5766
stripe_3213	4675	4150	4250	4557	5070	4655
stripe_3214	3629	3116	3123	3424	3813	3490
stripe_3215	3649	3141	3139	3441	3829	3508
stripe_3216	2650	2327	2322	2540	2763	2466
stripe_3217	4345	3778	3709	4181	4830	4323
stripe_3218	3728	3332	3257	3575	4020	3638
stripe_3219	3136	2798	2873	3093	3459	3136
stripe_3220	4665	4075	3984	4617	5357	4659
stripe_3221	4220	3753	3739	4223	4652	4247
stripe_3222	4613	4033	3988	4616	5124	4542
stripe_3223	3846	3383	3439	3865	4307	3892
stripe_3224	5562	4928	5028	5756	6293	5826
stripe_3225	2613	2223	2174	2500	2733	2511
stripe_3226	2700	2343	2328	2584	2865	2604
stripe_3227	3507	3059	3051	3367	3828	3405
stripe_3228	2473	2186	2256	2500	2737	2492
stripe_3229	2815	2413	2434	2794	3213	2818
stripe_3230	3657	3260	3390	3936	4377	3956
stripe_3231	4714	4097	4061	4602	5295	4546
stripe_3232	3212	2797	2708	3062	3460	3164
stripe_3233	4708	4192	4114	4648	5321	4723
stripe_3234	3455	3081	3065	3394	3740	3427
stripe_3235	3948	3546	3525	4080	4496	4036
stripe_3236	2675	2274	2274	2515	2859	2523
stripe_3237	2711	2382	2389	2619	2973	2700
stripe_3238	3276	2801	2790	3273	3631	3334
stripe_3239	2694	2325	2332	2639	3058	2648
stripe_3240	3533	2936	2965	3343	4050	3476
stripe_3241	2065	1851	1780	2079	2440	2128
stripe_3242	2301	2057	2059	2088	2434	2195
stripe_3243	3160	2807	2781	2906	3333	3051
stripe_3244	6073	5290	5330	5564	6061	5796
stripe_3245	2918	2486	2519	2842	3375	2865
stripe_3246	2384	1949	2006	2344	2707	2359
stripe_3247	2693	2322	2268	2548	3028	2616
stripe_3248	7057	6162	6260	6701	7455	6796
stripe_3249	4280	3740	3738	4282	4747	4445
stripe_3250	1509	1762	1353	1770	2096	1863
stripe_3251	3223	2968	2914	3428	3855	3360
stripe_3252	3067	2663	2579	2906	3332	2973
stripe_3253	3942	3420	3461	3760	4197	3826
stripe_3254	3965	3501	3496	3817	4277	3879
stripe_3255	3932	3492	3437	3765	4142	3866
stripe_3256	4424	3886	3841	4230	4734	4247
stripe_3257	3022	2658	2655	2894	3379	2988
stripe_3258	2407	2065	2048	2269	2634	2329
stripe_3259	2776	2472	2509	2747	3083	2815
stripe_3260	6368	5655	5584	6354	6891	6402
stripe_3261	3333	2806	2833	3141	3604	3257
stripe_3262	5138	4544	4484	4811	5398	4924
stripe_3263	3496	3045	2956	3318	3681	3335
stripe_3264	3825	3376	3427	3584	3980	3736
stripe_3265	4035	3587	3613	3902	4349	4019
stripe_3266	2939	2620	2566	2655	3014	2734
stripe_3267	3120	2830	2875	3018	3357	3003
stripe_3268	4155	3769	3704	4006	4789	4235
stripe_3269	5628	4911	4880	5409	6051	5447
stripe_3270	3877	3325	3424	3874	4398	3914
stripe_3271	2063	1936	1909	1996	2355	2133
stripe_3272	2090	1887	1844	2031	2520	2073
stripe_3273	2122	1850	1788	1918	2306	2021
stripe_3274	2301	2092	1969	2216	2562	2312
stripe_3275	2991	2664	2638	2861	3215	2902
stripe_3276	4114	3687	3767	4036	4604	4176
stripe_3277	4837	4225	4299	4702	5279	4988
stripe_3278	3923	3504	3546	3798	4258	3913
stripe_3279	2811	2444	2503	2795	3302	2951
stripe_3280	2910	2500	2539	2762	3262	2757
stripe_3281	3416	2918	3021	3391	3750	3336
stripe_3282	3608	3091	3128	3422	3885	3443
stripe_3283	1824	1711	1672	1833	2087	1890
stripe_3284	3872	3375	3417	3767	4087	3857
stripe_3285	3190	2721	2792	3116	3492	3262
stripe_3286	2723	2363	2390	2554	2899	2642
stripe_3287	2583	2229	2216	2529	2846	2567
stripe_3288	3565	3074	3140	3501	4010	3483
stripe_3289	2442	2129	2142	2348	2761	2390
stripe_3290	2635	2314	2402	2783	2984	2784
stripe_3291	3280	2838	2834	3124	3581	3184
stripe_3292	4980	4268	4360	4752	5331	4867
stripe_3293	4597	4055	3982	4348	4947	4404
stripe_3294	3296	3017	2863	3365	3886	3427
stripe_3295	4571	3938	3917	4513	5267	4586
stripe_3296	3575	3055	3114	3455	3886	3551
stripe_3297	2865	2512	2524	2952	3351	2905
stripe_3298	5065	4313	4288	4718	5251	4772
stripe_3299	3529	3090	3138	3495	4124	3620
stripe_3300	3457	3106	3097	3272	3774	3489
stripe_3301	3351	2924	2888	3128	3485	3293
stripe_3302	2957	2547	2586	2877	3241	2965
stripe_3303	3758	3273	3263	3583	3990	3514
stripe_3304	3874	3295	3363	3389	4050	3381
stripe_3305	3301	2750	2704	2899	3402	2939
stripe_3306	2274	2002	1954	2138	2564	2236
stripe_3307	4135	3621	3492	3912	4509	3979
stripe_3308	3253	2800	2792	3020	3521	3126
stripe_3309	2279	2042	1990	2265	2605	2270
stripe_3310	3358	2974	2932	3182	3645	3222
stripe_3311	3001	2600	2767	2717	3151	2882
stripe_3312	4442	3917	4010	4108	4659	4273
stripe_3313	1728	1845	1816	1810	2175	2030
stripe_3314	2699	2647	2640	2894	3206	2870
stripe_3315	2232	2145	2245	2339	2590	2379
stripe_3316	5015	4866	4971	5094	5709	5469
stripe_3317	3149	3119	3100	3293	3779	3561
stripe_3318	3826	3681	3602	3857	4338	3950
stripe_3319	3271	3176	3130	3334	3671	3388
stripe_3320	4959	4626	4807	5159	5744	5306
stripe_3321	2306	2254	2235	2551	2815	2519
stripe_3322	1678	1672	1716	1805	2192	1751
stripe_3323	2886	2776	2750	2921	3413	3062
stripe_3324	3530	3388	3482	3630	4189	3587
stripe_3325	4235	3886	3991	4145	4591	4185
stripe_3326	2234	2074	2044	2367	2568	2380
stripe_3327	2218	2011	2036	2323	2662	2292
stripe_3328	3345	3151	3235	3457	3762	3487
stripe_3329	1822	1828	1855	1891	2127	1942
stripe_3330	3034	2919	3010	3130	3535	3226
stripe_3331	1885	1790	1901	1989	2304	1992
stripe_3332	2349	2187	2223	2382	2776	2404
stripe_3333	3541	3412	3492	3545	3911	3632
stripe_3334	2932	2807	2844	2975	3399	3090
stripe_3335	2475	2347	2369	2633	2960	2582
stripe_3336	3529	3384	3468	3853	4225	3858
stripe_3337	4735	4482	4723	5196	5489	5203
stripe_3338	4136	3886	4068	4363	4697	4437
stripe_3339	5579	5236	5489	5808	6175	5801
stripe_3340	3495	3113	3375	3527	3836	3488
stripe_3341	3240	3028	3097	3359	3694	3288
stripe_3342	2454	2311	2279	2383	2839	2519
stripe_3343	1341	1188	1359	1650	1383	1365
stripe_3344	3082	2755	2982	3262	3658	3324
stripe_3345	1420	1328	1370	1473	1682	1497
stripe_3346	2495	2242	2371	2504	2816	2530
stripe_3347	3667	3494	3634	3839	4388	3785
stripe_3348	4003	3842	3847	4070	4633	4083
stripe_3349	2517	2321	2432	2772	3136	2784
stripe_3350	3741	3551	3610	3957	4343	3899
stripe_3351	3713	3442	3542	3980	4346	3852
stripe_3352	3517	3350	3415	3736	4193	3686
stripe_3353	2590	2499	2591	2706	3008	2727
stripe_3354	3320	3083	3178	3400	3716	3474
stripe_3355	2899	2796	2862	2968	3224	2992
stripe_3356	3245	3163	3280	3385	3636	3427
stripe_3357	6161	5881	5992	6392	6915	6493
stripe_3358	4489	4222	4151	4429	4984	4364
stripe_3359	2630	2546	2502	2821	3251	2756
stripe_3360	4949	4435	4688	4957	5509	4755
stripe_3361	4673	4235	4238	4746	5152	4668
stripe_3362	5429	5042	5139	5442	5976	5377
stripe_3363	5877	5361	5540	6119	6568	6089
stripe_3364	2776	2532	2609	3017	3414	3005
stripe_3365	2224	2037	2071	2411	2767	2356
stripe_3366	2744	2443	2491	2882	3102	2743
stripe_3367	4702	4275	4781	5329	5497	5253
stripe_3368	2698	2518	2573	2739	3077	2803
stripe_3369	3603	3317	3313	3563	4109	3643
stripe_3370	4131	3922	3926	4457	5013	4374
stripe_3371	1561	1665	1615	1854	2096	1773
stripe_3372	4000	3653	3794	4255	4618	4244
stripe_3373	2758	2808	2798	2970	3295	3007
stripe_3374	3254	2983	3157	3240	3443	3202
stripe_3375	3485	3280	3317	3587	3977	3629
stripe_3376	3328	3100	3186	3587	4056	3490
stripe_3377	2253	2087	2070	2256	2606	2307
stripe_3378	5814	5366	5580	6025	6611	6039
stripe_3379	4934	4602	4631	5254	5752	5173
stripe_3380	2588	2418	2510	2785	2954	2660
stripe_3381	5248	4815	4932	5841	6312	5748
stripe_3382	2428	2234	2325	2785	3027	2773
stripe_3383	3468	3300	3377	3586	3886	3547
stripe_3384	2638	2412	2443	2619	2901	2632
stripe_3385	3809	3613	3675	4068	4255	4092
stripe_3386	5419	5162	5325	5858	6407	5814
stripe_3387	2485	2277	2384	2546	2781	2533
stripe_3388	2498	2329	2406	2564	2736	2548
stripe_3389	2959	2817	2778	3179	3576	3235
stripe_3390	4420	4284	4377	4877	5422	4974
stripe_3391	2487	2314	2519	2732	3010	2750
stripe_3392	1648	1531	1566	1604	1937	1736
stripe_3393	5811	5488	5695	6145	6616	6210
stripe_3394	4866	4666	4716	5158	5687	5145
stripe_3395	2974	2744	2760	3075	3444	3007
stripe_3396	3130	2964	2987	3496	3855	3504
stripe_3397	3272	3146	3187	3702	4043	3634
stripe_3398	3373	3144	3239	3409	3684	3485
stripe_3399	2514	2452	2532	2678	2899	2696
stripe_3400	3823	3633	3717	3979	4382	4055
stripe_3401	2326	2281	2322	2435	2861	2524
stripe_3402	3979	3853	4001	4340	4665	4446
stripe_3403	2638	2416	2510	2641	2948	2699
stripe_3404	4705	4418	4583	4911	5195	5050
stripe_3405	2516	2296	2411	2797	2949	2719
stripe_3406	4840	4436	4502	5257	5721	5132
stripe_3407	2825	2622	2710	3102	3414	3119
stripe_3408	5176	4799	4867	5517	5935	5462
stripe_3409	2263	2159	2252	2473	2705	2457
stripe_3410	4340	4032	4316	4562	5059	4585
stripe_3411	3524	3373	3396	3607	4030	3612
stripe_3412	4360	3996	4184	4588	5166	4485
stripe_3413	5167	4885	4981	5368	5771	5405
stripe_3414	2920	2678	2827	3009	3299	3107
stripe_3415	2547	2426	2479	2751	3102	2763
stripe_3416	2814	2795	2840	3207	3624	3251
stripe_3417	3693	3310	3461	3823	4122	3637
stripe_3418	3062	2860	2907	3296	3703	3250
stripe_3419	2537	2283	2395	2772	3052	2622
stripe_3420	3835	3627	3822	4162	4584	4180
stripe_3421	4455	4207	4377	4773	5123	4691
stripe_3422	1753	1570	1628	1864	2180	1813
stripe_3423	4319	3972	4106	4340	4943	4289
stripe_3424	2940	2794	2766	3054	3326	3056
stripe_3425	2828	2577	2653	2971	3327	2979
stripe_3426	2641	2427	2580	2754	2958	2665
stripe_3427	2035	1823	1930	2044	2328	2104
stripe_3428	2583	2485	2577	2633	2767	2727
stripe_3429	3331	3252	3334	3316	3656	3346
stripe_3430	2357	2127	2148	2285	2625	2484
stripe_3431	3112	2857	2922	3076	3401	3115
stripe_3432	5277	4790	5123	5574	6023	5423
stripe_3433	1886	1841	2029	2201	2520	2249
stripe_3434	3834	3683	3870	4110	4517	4300
stripe_3435	3879	3626	3890	4009	4325	4007
stripe_3436	3094	2919	3210	3252	3525	3373
stripe_3437	3579	3318	3412	3681	3955	3575
stripe_3438	2386	2153	2165	2432	2670	2374
stripe_3439	3727	3369	3537	3776	4294	3850
stripe_3440	2572	2337	2314	2529	2866	2576
stripe_3441	3158	2923	2975	3246	3606	3172
stripe_3442	2139	2021	2064	2154	2390	2222
stripe_3443	3051	2855	3007	3308	3597	3414
stripe_3444	2364	2318	2271	2651	2962	2807
stripe_3445	2468	2239	2415	2772	3173	2919
stripe_3446	2276	2265	2292	2489	2802	2501
stripe_3447	2740	2789	2705	3048	3441	3006
stripe_3448	3943	3778	3903	4171	4651	4201
stripe_3449	2958	2677	2906	3243	3529	3281
stripe_3450	2551	2407	2700	2881	3139	2845
stripe_3451	2244	2294	2300	2515	2799	2594
stripe_3452	3908	3720	3865	4340	4775	4257
stripe_3453	2417	2287	2612	2814	2999	2718
stripe_3454	3317	3137	3311	3454	3803	3572
stripe_3455	3590	3289	3491	3753	4186	3717
stripe_3456	4607	4263	4616	5031	5317	4824
stripe_3457	4580	4259	4155	4602	5034	4628
stripe_3458	3352	3052	3209	3733	4034	3663
stripe_3459	2859	2724	2734	2900	3193	2837
stripe_3460	3189	2992	3057	3362	3575	3336
stripe_3461	5078	4713	4648	5201	5597	5038
stripe_3462	4164	4037	3995	4432	4882	4545
stripe_3463	3269	3038	3163	3445	3765	3433
stripe_3464	2591	2401	2418	2639	2938	2637
stripe_3465	1667	1508	1533	1679	1977	1698
stripe_3466	3104	2927	3022	3673	3948	3665
stripe_3467	2214	2098	2152	2276	2708	2394
stripe_3468	2928	2679	2666	2885	3323	2853
stripe_3469	3012	2900	2864	3095	3498	3246
stripe_3470	2651	2412	2389	2593	2887	2647
stripe_3471	4320	4023	4111	4286	4743	4315
stripe_3472	3675	3368	3425	3570	3850	3566
stripe_3473	1866	1801	1825	1926	2147	1948
stripe_3474	5371	4944	5185	5404	5890	5458
stripe_3475	3118	2925	2900	3194	3549	3262
stripe_3476	4385	4328	4360	4499	4939	4547
stripe_3477	2637	2519	2603	2809	3113	2864
stripe_3478	2694	2488	2664	2914	3169	2923
stripe_3479	3859	3719	3905	4244	4532	4309
stripe_3480	3077	2896	2850	3246	3519	3161
stripe_3481	3038	2785	2939	3312	3532	3225
stripe_3482	5965	5561	5821	6226	6619	6198
stripe_3483	2453	2248	2408	2611	2726	2606
stripe_3484	5040	4769	5073	5446	5705	5390
stripe_3485	2950	2686	2919	3126	3440	3154
stripe_3486	2943	2816	2875	3076	3306	3147
stripe_3487	4299	4044	3984	4295	4747	4309
stripe_3488	4976	4626	4640	5079	5573	5150
stripe_3489	2943	2846	3032	3151	3513	3116
stripe_3490	2511	2452	2431	2754	2996	2565
stripe_3491	1419	1386	1424	1495	1686	1498
stripe_3492	2341	2267	2307	2528	2992	2622
stripe_3493	2428	2367	2455	2804	3004	2842
stripe_3494	4637	4382	4569	5253	5623	5245
stripe_3495	1814	1771	1833	1916	2265	1992
stripe_3496	4256	4044	4230	4751	5223	4865
stripe_3497	2594	2530	2601	2858	3264	2875
stripe_3498	3494	3274	3451	3902	4211	3911
stripe_3499	4080	3792	3880	4674	5073	4562
stripe_3500	2220	2123	2050	2458	2689	2377
stripe_3501	2144	2046	2032	2289	2462	2225
stripe_3502	3868	3644	3653	3931	4464	3921
stripe_3503	2308	2201	2422	2737	3040	2730
stripe_3504	2162	2066	2137	2485	2793	2450
stripe_3505	2552	2473	2514	2752	3051	2742
stripe_3506	2660	2414	2441	2866	3210	2677
stripe_3507	2409	2330	2355	2640	3010	2676
stripe_3508	2398	2305	2353	2694	3022	2550
stripe_3509	2493	2391	2373	2702	3111	2735
stripe_3510	3664	3387	3498	3769	4267	3714
stripe_3511	3250	3103	3219	3348	3693	3338
stripe_3512	2690	2558	2625	3060	3298	3004
stripe_3513	2672	2550	2616	2941	3198	3030
stripe_3514	3416	3176	3481	3679	4089	3803
stripe_3515	3754	3458	3641	4059	4425	4058
stripe_3516	3101	2885	2984	3258	3681	3286
stripe_3517	4144	4029	4181	4310	4791	4483
stripe_3518	3333	3310	3304	3757	4097	3693
stripe_3519	3345	3192	3319	3449	3825	3522
stripe_3520	2587	2399	2560	2980	3230	2993
stripe_3521	3293	3142	3289	3729	4070	3751
stripe_3522	3258	3054	3246	3894	4215	3845
stripe_3523	2800	2613	2725	3013	3257	2999
stripe_3524	3818	3491	3747	4029	4443	3971
stripe_3525	2585	2368	2457	2724	2986	2690
stripe_3526	2619	2484	2677	2998	3436	2978
stripe_3527	3437	3230	3371	3787	4376	3899
stripe_3528	4385	4156	4372	4819	5198	4799
stripe_3529	3641	3509	3612	4042	4228	3961
stripe_3530	2275	2128	2223	2594	2803	2519
stripe_3531	2817	2704	2702	3178	3405	3081
stripe_3532	4071	3813	3926	4219	4525	4161
stripe_3533	3755	3578	3678	3934	4214	3968
stripe_3534	3353	3150	3381	3805	4194	3785
stripe_3535	4844	4588	4884	5561	5974	5691
stripe_3536	4785	4479	4789	5469	5764	5472
stripe_3537	3440	3241	3417	3956	4318	3936
stripe_3538	3531	3354	3523	3985	4132	3997
stripe_3539	2682	2565	2659	2892	3116	2906
stripe_3540	3229	3024	3181	3429	3652	3366
stripe_3541	4075	3871	4075	4340	4670	4260
stripe_3542	3889	3630	3803	4050	4278	3955
stripe_3543	4855	4601	4729	5246	5387	5255
stripe_3544	1586	1469	1499	1722	1847	1677
stripe_3545	4338	4068	4159	4456	4973	4364
stripe_3546	2528	2286	2416	2647	2935	2575
stripe_3547	4429	4039	4261	4545	4909	4462
stripe_3548	5272	5046	5110	5778	6247	5621
stripe_3549	2454	2299	2362	2590	2924	2560
stripe_3550	2691	2556	2637	2822	3121	2800
stripe_3551	2935	2793	2821	3007	3252	3005
stripe_3552	4305	4077	4201	4310	4774	4344
stripe_3553	2733	2585	2655	2860	3114	2872
stripe_3554	2850	2683	2851	3018	3322	3072
stripe_3555	2517	2370	2481	2798	3067	2799
stripe_3556	3372	3239	3402	3704	4018	3709
stripe_3557	4039	3759	3819	4342	4944	4331
stripe_3558	2914	2764	2956	3266	3573	3342
stripe_3559	5184	5041	5042	5682	6303	5764
stripe_3560	6321	5965	6160	6674	7161	6876
stripe_3561	3055	2948	3024	3383	3835	3462
stripe_3562	2935	2683	2828	3177	3510	3098
stripe_3563	4484	4342	4443	5041	5403	4979
stripe_3564	3376	3316	3326	3737	4002	3770
stripe_3565	3683	3483	3670	4018	4365	3999
stripe_3566	2459	2208	2199	2362	2751	2431
stripe_3567	3198	2997	3066	2985	3290	3047
stripe_3568	4132	3726	3715	3987	4499	4100
stripe_3569	4934	4483	4652	4837	5101	4912
stripe_3570	3613	3313	3333	3582	3961	3618
stripe_3571	2505	2231	2174	2482	2727	2523
stripe_3572	3154	2686	2718	3084	3419	3174
stripe_3573	3863	3408	3497	3694	4191	3919
stripe_3574	2934	2516	2569	2937	3275	2920
stripe_3575	3052	2726	2709	2951	3368	3041
stripe_3576	4075	3603	3572	4017	4328	4018
stripe_3577	3278	3014	3106	3269	3513	3305
stripe_3578	3555	3223	3314	3452	3928	3550
stripe_3579	4288	3871	3785	4336	4821	4267
stripe_3580	2602	2215	2276	2479	2842	2499
stripe_3581	3499	3254	3231	3551	3891	3527
stripe_3582	3051	2777	2807	2915	3344	3007
stripe_3583	3282	2932	2994	3160	3493	3220
stripe_3584	3867	3493	3526	3990	4372	3999
stripe_3585	4017	3650	3733	4063	4431	4088
stripe_3586	4816	4303	4220	4649	5070	4706
stripe_3587	3183	2913	3015	3227	3460	3230
stripe_3588	3001	2661	2659	2866	3076	2900
stripe_3589	2670	2429	2513	2583	2906	2665
stripe_3590	2130	1829	1766	1853	2092	1805
stripe_3591	2593	2333	2249	2355	2782	2334
stripe_3592	4042	3676	3798	3959	4399	4130
stripe_3593	2797	2722	2666	2855	3168	2865
stripe_3594	3408	3076	3075	3314	3676	3389
stripe_3595	5167	4648	4731	4879	5337	4963
stripe_3596	2178	1989	1993	2096	2526	2115
stripe_3597	3688	3327	3377	3581	4049	3776
stripe_3598	3940	3567	3684	4026	4585	4151
stripe_3599	2757	2543	2650	2758	3346	2982
stripe_3600	3958	3426	3447	3899	4481	3994
stripe_3601	5621	5024	4990	5587	6123	5500
stripe_3602	5139	4620	4660	4985	5368	4881
stripe_3603	3490	3138	3196	3620	3864	3634
stripe_3604	4041	3651	3788	4069	4323	4202
stripe_3605	3605	3074	2574	2401	3523	2299
stripe_3606	2835	2442	2511	2677	3026	2845
stripe_3607	3222	2938	2887	3228	3553	3228
stripe_3608	3616	3271	3330	3488	3804	3562
stripe_3609	3001	2723	2699	2777	3084	2842
stripe_3610	3038	2748	2728	2806	3114	2870
stripe_3611	3904	3481	3463	3748	4103	3795
stripe_3612	2914	2571	2585	2766	3098	2802
stripe_3613	4048	3664	3713	3867	4340	3849
stripe_3614	4338	3743	3827	3951	4437	3978
stripe_3615	2948	2753	2842	3016	3414	3110
stripe_3616	3201	2867	2796	2992	3447	3000
stripe_3617	2761	2411	2515	2533	2884	2584
stripe_3618	3866	3410	3624	3723	4122	3822
stripe_3619	2718	2426	2409	2771	3095	2911
stripe_3620	3286	2942	2984	3161	3552	3222
stripe_3621	5447	5030	4903	5311	6020	5445
stripe_3622	2560	2396	2318	2518	2882	2517
stripe_3623	3055	2748	2775	2894	3285	2927
stripe_3624	3226	2974	2920	3260	3742	3157
stripe_3625	3709	3370	3397	3779	4163	3816
stripe_3626	3388	3119	3086	3411	3674	3337
stripe_3627	3168	2816	2829	2891	3272	2932
stripe_3628	2311	2037	2115	2096	2516	2250
stripe_3629	4595	4092	4023	4378	4828	4456
stripe_3630	2372	2088	2095	2169	2502	2190
stripe_3631	3746	3321	3345	3429	3883	3459
stripe_3632	4759	4336	4299	4670	5134	4708
stripe_3633	2263	2119	2164	2211	2509	2320
stripe_3634	4443	4116	4037	4424	5115	4540
stripe_3635	3646	3256	3243	3413	3924	3502
stripe_3636	5164	4696	4746	4761	5334	4960
stripe_3637	2554	2361	2409	2501	2695	2503
stripe_3638	2567	2437	2325	2487	2814	2570
stripe_3639	3635	3431	3402	3587	3947	3562
stripe_3640	2657	2432	2456	2428	2680	2407
stripe_3641	2790	2515	2562	2528	2779	2531
stripe_3642	2932	2671	2680	2909	3229	2837
stripe_3643	1973	1856	1947	2044	2406	2105
stripe_3644	2243	1980	1995	2199	2579	2329
stripe_3645	4008	3504	3713	3653	4056	3504
stripe_3646	4126	3664	3804	3810	4567	3845
stripe_3647	3897	3536	3547	3752	4239	3837
stripe_3648	4261	3731	3614	3823	4443	3764
stripe_3649	2825	2401	2600	2767	2964	2725
stripe_3650	4677	4399	4318	4688	5285	4749
stripe_3651	2713	2532	2488	2576	2931	2710
stripe_3652	4804	4330	4268	4530	5285	4596
stripe_3653	2643	2356	2387	2632	2795	2631
stripe_3654	3015	2715	2677	2876	3263	2830
stripe_3655	4976	4427	4388	4742	5375	4781
stripe_3656	3291	2985	3053	3125	3421	3144
stripe_3657	4967	4463	4538	4614	5103	4637
stripe_3658	2989	2710	2709	2825	3284	2897
stripe_3659	3502	3249	3329	3433	3679	3423
stripe_3660	4904	4525	4575	4563	4977	4708
stripe_3661	2705	2420	2405	2570	2900	2635
stripe_3662	3793	3370	3438	3669	3942	3637
stripe_3663	3538	3175	3281	3434	3872	3490
stripe_3664	3472	3165	3212	3391	3708	3375
stripe_3665	3472	3165	3212	3391	3708	3375
stripe_3666	4922	4392	4371	4775	5195	4744
stripe_3667	3433	3015	3112	3127	3586	3176
stripe_3668	2920	2539	2576	2659	3048	2687
stripe_3669	5064	4457	4526	4862	5272	4745
stripe_3670	3826	3361	3422	3606	3930	3717
stripe_3671	3716	3223	3282	3620	4050	3730
stripe_3672	4582	4166	4257	4630	5148	4762
stripe_3673	3942	3537	3731	4105	4660	4272
stripe_3674	3086	2802	2852	3034	3417	3122
stripe_3675	3543	3220	3280	3479	3899	3415
stripe_3676	5273	4670	4876	5238	5801	5313
stripe_3677	4541	4080	4168	4556	5115	4536
stripe_3678	4309	3903	3932	4046	4700	4200
stripe_3679	2884	2591	2638	2722	3021	2726
stripe_3680	2614	2337	2376	2451	2766	2539
stripe_3681	2603	2414	2315	2461	2819	2492
stripe_3682	4537	4038	4036	4416	4774	4272
stripe_3683	4761	4106	4112	4626	5169	4534
stripe_3684	5107	4583	4566	4830	5386	4911
stripe_3685	3034	2703	2662	2967	3434	2934
stripe_3686	3001	2636	2609	2967	3468	2951
stripe_3687	4929	4514	4466	4595	4941	4657
stripe_3688	3534	3152	3142	3626	3918	3609
stripe_3689	2457	2282	2184	2409	2887	2418
stripe_3690	3226	2818	2780	2986	3328	2930
stripe_3691	5322	4708	4821	5027	5628	5133
stripe_3692	3321	2918	2958	3387	3671	3361
stripe_3693	2906	2584	2620	2878	3128	2862
stripe_3694	4313	3886	3876	4066	4393	4109
stripe_3695	4385	3905	3962	4195	4550	4144
stripe_3696	3604	3209	3127	3414	3888	3306
stripe_3697	4604	4190	4246	4667	5021	4621
stripe_3698	3291	2861	2938	2977	3485	3039
stripe_3699	2258	2055	2095	2214	2363	2202
stripe_3700	3263	2880	2902	3085	3390	2996
stripe_3701	3387	3047	2997	3207	3743	3236
stripe_3702	4139	3635	3628	3903	4515	3937
stripe_3703	3510	3175	3099	3258	3724	3427
stripe_3704	2293	2036	1971	2164	2433	2176
stripe_3705	5346	4802	4841	5046	5535	5132
stripe_3706	6089	5585	5516	5848	6319	5894
stripe_3707	5017	4640	4472	4879	5523	4945
stripe_3708	7173	6447	6818	6931	7519	7350
stripe_3709	4643	4334	4288	4547	5102	4586
stripe_3710	2837	2489	2589	2556	2763	2651
stripe_3711	3874	3429	3476	3632	3983	3611
stripe_3712	4197	3759	3749	4044	4420	4129
stripe_3713	3396	2991	2983	3164	3545	3186
stripe_3714	2740	2482	2543	2594	2842	2621
stripe_3715	4565	4121	4206	4441	4809	4521
stripe_3716	3000	2765	2737	2840	3084	2887
stripe_3717	3822	3451	3535	3711	3995	3810
stripe_3718	5210	4615	4702	4899	5375	5028
stripe_3719	4733	4276	4330	4710	5014	4733
stripe_3720	2380	2189	2237	2441	2686	2357
stripe_3721	2574	2322	2308	2573	2883	2422
stripe_3722	2627	2372	2289	2641	2971	2596
stripe_3723	5531	4871	4976	5328	5851	5419
stripe_3724	5910	5393	5421	5549	6091	5614
stripe_3725	4141	3835	3755	4067	4692	4122
stripe_3726	3047	2736	2848	3098	3449	3213
stripe_3727	2746	2379	2500	2702	2933	2695
stripe_3728	5320	4796	4838	5243	5810	5238
stripe_3729	4251	3822	3938	4065	4541	4011
stripe_3730	4178	3627	3796	3917	4291	3955
stripe_3731	5438	4820	4953	5103	5694	5217
stripe_3732	6889	6390	6471	6593	7261	6797
stripe_3733	4505	3977	4088	4309	4700	4300
stripe_3734	4085	3914	4013	4220	4641	3972
stripe_3735	5554	5061	4909	5215	5741	5420
stripe_3736	6437	5797	5850	6124	6606	6120
stripe_3737	4265	3842	3915	3919	4501	3952
stripe_3738	4248	3922	4015	4052	4481	4172
stripe_3739	4218	3869	3866	3898	4487	4094
stripe_3740	3966	3556	3648	3783	4062	3725
stripe_3741	3190	2969	2960	3086	3396	3078
stripe_3742	4519	4093	4106	4216	4481	4183
stripe_3743	5540	4936	5052	5186	5643	5227
stripe_3744	4351	3899	3945	4186	4553	4075
stripe_3745	2225	2049	2028	2130	2422	2160
stripe_3746	3588	3194	3277	3406	3697	3342
stripe_3747	4790	4319	4401	4733	5236	4863
stripe_3748	4001	3660	3852	4043	4332	4164
stripe_3749	2911	2856	2785	3195	3396	3106
stripe_3750	3341	3200	3195	3542	4052	3659
stripe_3751	2481	2369	2379	2570	2758	2494
stripe_3752	2240	2243	2219	2288	2657	2381
stripe_3753	3468	3365	3256	3463	3990	3463
stripe_3754	2526	2460	2342	2564	2965	2704
stripe_3755	3276	3226	3102	3287	3579	3415
stripe_3756	3311	3249	3162	3457	3924	3460
stripe_3757	2278	2186	2065	2174	2712	2252
stripe_3758	2511	2439	2335	2604	3084	2627
stripe_3759	2435	2368	2283	2569	3053	2613
stripe_3760	3074	3094	3039	3311	3758	3527
stripe_3761	3495	3236	3213	3504	4137	3510
stripe_3762	3562	3467	3411	3580	4018	3726
stripe_3763	4635	4360	4282	4644	5138	4568
stripe_3764	3025	2780	3031	3131	3497	3324
stripe_3765	2903	2816	2950	3185	3526	3197
stripe_3766	2782	2714	2534	2837	3159	2835
stripe_3767	3291	3010	3094	3326	3775	3419
stripe_3768	4885	4595	4509	4848	5545	4884
stripe_3769	4272	3946	4053	4227	4816	4287
stripe_3770	3776	3559	3649	4177	4502	4209
stripe_3771	5996	5574	5610	6187	6640	6070
stripe_3772	3929	3744	3765	4022	4334	3943
stripe_3773	4336	4063	4163	4516	4808	4528
stripe_3774	2882	2761	2734	2931	3232	2895
stripe_3775	3454	3305	3210	3496	3752	3443
stripe_3776	4070	3891	3879	4220	4573	4139
stripe_3777	2911	2727	2779	3031	3418	2986
stripe_3778	4744	4477	4486	4948	5295	4982
stripe_3779	3183	3008	3098	3260	3576	3189
stripe_3780	2952	2821	2820	3185	3530	3095
stripe_3781	3359	3066	3066	3362	3717	3404
stripe_3782	2076	2007	1960	2267	2534	2205
stripe_3783	3243	3092	3072	3436	3949	3566
stripe_3784	3931	3797	3618	4264	4883	4148
stripe_3785	2329	2126	2166	2465	2796	2405
stripe_3786	4087	3832	3900	4322	4811	4392
stripe_3787	3989	3777	3881	4310	4713	4283
stripe_3788	3007	2904	2850	3205	3516	3122
stripe_3789	3917	3750	3866	4203	4638	4251
stripe_3790	3712	3545	3454	4003	4382	4023
stripe_3791	2945	2814	2905	3086	3528	3183
stripe_3792	3640	3384	3483	3557	3902	3616
stripe_3793	3517	3405	3170	3465	3910	3478
stripe_3794	5335	4922	5051	5226	5648	5419
stripe_3795	4170	3996	4008	4339	4627	4293
stripe_3796	6071	5601	5555	5840	6739	5890
stripe_3797	4096	3812	3853	4140	4788	4148
stripe_3798	4186	3984	4061	4153	4880	4335
stripe_3799	2572	2445	2385	2609	2935	2611
stripe_3800	3241	3168	3258	3338	3957	3602
stripe_3801	3100	2927	2881	3058	3424	3070
stripe_3802	5007	4590	4573	4914	5490	4718
stripe_3803	4825	4577	4420	4834	5405	4730
stripe_3804	6303	5961	6116	6680	7409	6641
stripe_3805	5872	5500	5562	6470	7258	6459
stripe_3806	2406	2207	2241	2467	2788	2460
stripe_3807	3054	2781	2797	3259	3615	3214
stripe_3808	3611	3436	3517	3997	4332	3985
stripe_3809	2558	2378	2462	2740	3204	2751
stripe_3810	4202	4002	3998	4590	4992	4577
stripe_3811	2389	2267	2150	2465	2845	2484
stripe_3812	4858	4565	4460	5045	5510	4970
stripe_3813	4150	3930	3932	4105	4647	4015
stripe_3814	3400	3252	3174	3439	3902	3466
stripe_3815	4590	4304	4189	4534	5230	4553
stripe_3816	4235	3939	4015	4263	4650	4167
stripe_3817	4302	3958	3970	4233	4651	4126
stripe_3818	5297	4999	5081	5391	5854	5315
stripe_3819	2752	2609	2607	2735	3116	2833
stripe_3820	3612	3526	3542	3702	4122	3854
stripe_3821	3053	2760	2753	3075	3331	2948
stripe_3822	3485	3304	3373	3558	3876	3537
stripe_3823	5379	5155	5276	5565	5944	5583
stripe_3824	5854	5528	5598	6195	6726	6193
stripe_3825	2422	2258	2289	2604	2987	2543
stripe_3826	2578	2439	2445	2700	3061	2636
stripe_3827	2718	2539	2476	2841	3101	2742
stripe_3828	2922	2801	2671	3102	3521	3106
stripe_3829	3974	3840	3814	4205	4610	4280
stripe_3830	5549	5108	5222	5831	6494	5866
stripe_3831	3368	3080	3110	3424	3794	3399
stripe_3832	2952	2936	2732	3100	3429	3037
stripe_3833	4016	3711	3750	4154	4629	4223
stripe_3834	4656	4292	4339	4738	5362	4746
stripe_3835	3413	3322	3203	3516	3920	3493
stripe_3836	4074	3797	3701	4149	4568	4131
stripe_3837	5486	5314	5162	5725	6307	5713
stripe_3838	2561	2366	2469	2673	3212	2674
stripe_3839	3740	3682	3719	4196	4635	4336
stripe_3840	2629	2751	2589	2970	3481	3093
stripe_3841	4159	3886	3986	4565	4871	4553
stripe_3842	2677	2591	2555	2667	3055	2622
stripe_3843	3738	3615	3438	3892	4442	3842
stripe_3844	4379	4261	4116	4501	5269	4584
stripe_3845	3755	3651	3463	3810	4467	3892
stripe_3846	2860	2713	2665	2894	3290	2853
stripe_3847	2787	2570	2550	2772	3182	2783
stripe_3848	2821	2666	2573	2744	3212	2766
stripe_3849	2745	2588	2496	2659	3121	2682
stripe_3850	2551	2345	2311	2557	2978	2488
stripe_3851	3428	3246	3170	3506	4112	3429
stripe_3852	3077	2958	2914	3166	3563	3159
stripe_3853	5305	5117	4975	5343	6056	5266
stripe_3854	3504	3337	3291	3511	4064	3515
stripe_3855	5028	4691	4675	5072	5798	5097
stripe_3856	5444	5157	5259	5455	5960	5496
stripe_3857	3748	3429	3497	3885	4266	3878
stripe_3858	4140	3859	3923	4281	4824	4328
stripe_3859	5683	5469	5538	5837	6589	5827
stripe_3860	4483	4208	4140	4554	5129	4517
stripe_3861	6052	5770	5663	6086	6765	6133
stripe_3862	3331	3206	3145	3332	3768	3415
stripe_3863	3956	3713	3694	4097	4472	3920
stripe_3864	2758	2600	2613	2834	3151	2784
stripe_3865	3460	3225	3278	3484	3944	3456
stripe_3866	2767	2621	2622	2795	3113	2708
stripe_3867	3354	3124	3163	3517	4015	3434
stripe_3868	2830	2718	2808	3016	3383	3020
stripe_3869	3194	3085	3011	3306	3706	3332
stripe_3870	5974	5549	5562	6001	6779	5957
stripe_3871	3929	3834	3867	4031	4370	4130
stripe_3872	4071	3934	3922	3972	4590	4100
stripe_3873	3106	2999	2934	3288	3693	3288
stripe_3874	2445	2318	2352	2543	2855	2585
stripe_3875	6238	5998	5967	6599	7209	6495
stripe_3876	4025	3740	3709	4129	4751	4156
stripe_3877	4412	4214	4107	4607	5094	4680
stripe_3878	3050	2880	2759	2899	3480	2959
stripe_3879	3175	3014	3051	3253	3584	3306
stripe_3880	3268	3057	3047	3332	3645	3347
stripe_3881	4410	4278	4284	4643	5151	4677
stripe_3882	3412	3143	3121	3266	3790	3260
stripe_3883	3312	3258	3175	3365	3662	3363
stripe_3884	3640	3357	3404	3547	4060	3546
stripe_3885	3338	3161	3213	3544	3992	3531
stripe_3886	5893	5626	5658	5960	6438	6095
stripe_3887	4850	4704	4764	5109	5531	5096
stripe_3888	3246	3040	3030	3210	3701	3226
stripe_3889	3717	3404	3381	3891	4490	3811
stripe_3890	5390	5089	5140	5684	6483	5667
stripe_3891	5364	5031	5029	5707	6511	5598
stripe_3892	3411	3187	3106	3514	3953	3313
stripe_3893	5072	4847	4958	5502	5869	5475
stripe_3894	3751	3658	3453	4013	4809	4046
stripe_3895	4501	4410	4407	4641	5198	4757
stripe_3896	3323	3180	3158	3422	3817	3403
stripe_3897	4425	4210	4182	4477	4957	4381
stripe_3898	3697	3562	3518	3726	4307	3705
stripe_3899	2847	2615	2654	2829	3307	2882
stripe_3900	2992	2836	2806	3093	3451	3098
stripe_3901	4731	4485	4272	4563	5353	4512
stripe_3902	4576	4383	4409	4635	4953	4593
stripe_3903	6133	5931	6004	6054	6529	6235
stripe_3904	4029	3769	3945	4189	4758	4175
stripe_3905	2620	2433	2444	2723	3106	2746
stripe_3906	4917	4628	4614	4936	5521	4935
stripe_3907	3226	3241	3188	3213	3634	3388
stripe_3908	3661	3621	3518	3743	4375	3816
stripe_3909	5583	5231	5329	5668	6234	5784
stripe_3910	4774	4521	4469	4673	5485	4851
stripe_3911	5969	5662	5518	6029	6749	6031
stripe_3912	2576	2410	2296	2602	2864	2547
stripe_3913	3241	3134	3104	3491	3842	3492
stripe_3914	4050	3847	3834	4042	4503	4142
stripe_3915	3133	2952	3168	3348	3858	3377
stripe_3916	2373	2230	2153	2528	2965	2432
stripe_3917	3046	3084	3018	3415	3669	3318
stripe_3918	2406	2249	2317	2629	3003	2536
stripe_3919	2353	2282	2242	2424	2828	2558
stripe_3920	4088	3873	3965	4226	4781	4237
stripe_3921	2143	2007	1941	2150	2382	2098
stripe_3922	3249	3120	3077	3261	3629	3174
stripe_3923	3407	3233	3171	3244	3820	3468
stripe_3924	3845	3605	3493	3869	4574	3986
stripe_3925	4467	4286	4217	4549	5174	4620
stripe_3926	2555	2501	2418	2583	2962	2663
stripe_3927	2863	2768	2765	2860	3390	2978
stripe_3928	2071	1892	1912	2158	2429	2060
stripe_3929	3289	3196	3289	3341	3901	3409
stripe_3930	2583	2428	2536	2496	2941	2608
stripe_3931	2485	2503	2475	2551	2969	2636
stripe_3932	4225	3910	4107	4179	4748	4223
stripe_3933	4705	4540	4660	4714	5302	4685
stripe_3934	2956	2811	2721	2791	3119	2946
stripe_3935	2483	2393	2330	2385	2656	2483
stripe_3936	3444	3338	3287	3422	4041	3543
stripe_3937	5564	5226	5206	5425	6108	5475
stripe_3938	4268	4115	4107	4584	5113	4543
stripe_3939	3550	3407	3422	3563	3850	3520
stripe_3940	4369	4194	4111	4218	5072	4623
stripe_3941	2869	2687	2666	2785	3178	2827
stripe_3942	3197	2956	2953	3161	3594	3213
stripe_3943	3942	3650	3623	3830	4281	3738
stripe_3944	3631	3463	3391	3856	4582	3997
stripe_3945	3331	3080	3124	3370	3770	3329
stripe_3946	2635	2469	2524	2778	3211	2741
stripe_3947	2896	2647	2612	2917	3267	2803
stripe_3948	2888	2690	2687	3024	3327	2964
stripe_3949	4772	4507	4648	4750	5290	4880
stripe_3950	6718	6266	6397	6866	7696	7082
stripe_3951	5447	5231	5359	5653	6124	5668
stripe_3952	4091	3772	3918	4273	4702	4128
stripe_3953	4768	4549	4596	4952	5392	4956
stripe_3954	3860	3697	3682	3979	4388	3932
stripe_3955	3853	3706	3729	3966	4358	3986
stripe_3956	5044	4525	4647	5070	5737	4998
stripe_3957	3596	3338	3374	3671	4177	3682
stripe_3958	3890	3769	3674	4081	4358	3931
stripe_3959	3432	3301	3327	3464	3738	3421
stripe_3960	3854	3664	3578	3845	4259	3712
stripe_3961	4048	3836	3852	4148	4582	4284
stripe_3962	3851	3605	3709	4214	4668	4165
stripe_3963	3342	3305	3235	3702	4189	3711
stripe_3964	2765	2724	2702	3132	3545	3083
stripe_3965	3561	3416	3347	3667	4117	3666
stripe_3966	3711	3439	3456	3754	4318	3739
stripe_3967	3841	3628	3683	3821	4271	3768
stripe_3968	3540	3441	3390	3600	4040	3688
stripe_3969	4449	4254	4264	4406	4764	4467
stripe_3970	4917	4619	4717	5006	5470	4907
stripe_3971	3151	3057	2994	3180	3717	3354
stripe_3972	3023	2726	2733	2865	3283	2894
stripe_3973	3152	2865	2882	3103	3646	3054
stripe_3974	3949	3869	3770	3945	4446	3955
stripe_3975	2641	2484	2425	2815	3203	2775
stripe_3976	5675	5306	5456	5875	6592	5728
stripe_3977	4393	4281	4252	4749	5140	4621
stripe_3978	2613	2483	2437	2624	3014	2511
stripe_3979	6051	5774	5838	6022	6575	6087
stripe_3980	4599	4418	4479	4595	5093	4823
stripe_3981	2453	2354	2398	2535	2977	2565
stripe_3982	3595	3693	3621	3967	4471	3893
stripe_3983	4491	4334	4404	4817	5379	4840
stripe_3984	2770	2606	2625	2870	3321	2856
stripe_3985	6163	5875	5998	6651	7296	6675
stripe_3986	2449	2390	2391	2767	3151	2725
stripe_3987	3248	3061	2993	3237	3529	3225
stripe_3988	3554	3384	3326	3841	4185	3813
stripe_3989	3639	3429	3479	3788	4203	3807
stripe_3990	3079	2889	2808	3060	3415	3084
stripe_3991	4977	4744	4743	5326	5990	5573
stripe_3992	4952	4832	4773	5348	6033	5411
stripe_3993	3297	3083	3120	3729	3993	3584
stripe_3994	4974	4746	4696	5463	6111	5406
stripe_3995	3364	3303	3356	3695	4009	3703
stripe_3996	3826	3661	3591	4143	4592	4195
stripe_3997	5151	4996	4933	5555	6110	5616
stripe_3998	3057	2803	2842	3146	3430	3147
stripe_3999	4501	4111	4152	4609	5239	4524
stripe_4000	6439	6154	6083	6446	7039	6457
stripe_4001	3616	3441	3443	3771	4204	3786
stripe_4002	4003	3738	3720	4261	4661	4233
stripe_4003	2887	2711	2702	2907	3339	2961
stripe_4004	2872	2728	2761	2897	3328	2939
stripe_4005	2837	2703	2729	2871	3284	2914
stripe_4006	4434	4245	4275	4478	5013	4404
stripe_4007	1276	1310	1160	1278	1493	1249
stripe_4008	2716	2920	2828	3083	3865	2974
