=========================================
Duet evoC Bap1 Run
=========================================
Job ID: 47712170
Node: exp-1-15
CPUs: 32
Memory: 128GB
Start time: Sun Mar 29 02:07:17 PDT 2026
=========================================


 N E X T F L O W   ~  version 25.04.8

Launching `/expanse/lustre/projects/csd940/zalibhai/biomodal/pipelines/duet/1.5.0/main.nf` [peaceful_monod] DSL2 - revision: c04799865d

[-        ] resolve_align:FASTQC_RAW       -
[-        ] resolve_align:PRELUDE          -
[-        ] resolve_align:FASTQC_RESOLVED  -
[-        ] resolve_align:BWA_MEM2         -
[-        ] res…align:SAMTOOLS_MERGE_LANES -
[-        ] resolve_align:PRESEQ           -

[-        ] resolve_align:FASTQC_RAW       -
[-        ] resolve_align:PRELUDE          -
[-        ] resolve_align:FASTQC_RESOLVED  -
[-        ] resolve_align:BWA_MEM2         -
[-        ] res…align:SAMTOOLS_MERGE_LANES -
[-        ] resolve_align:PRESEQ           -
[-        ] bamlet:BAMLET                  -
[-        ] bamlet:QUALIMAP_BAMQC          -
[-        ] bam_stats_genome:TSS_BIAS      -
[-        ] bam…:DEEPTOOLS_PLOTFINGERPRINT -
[-        ] bam_stats_genome:PICARD_GCBIAS -
[-        ] bam…LONG_CTRL_GENETIC_ACCURACY -
[-        ] var…t_calling:HAPLOTYPE_CALLER -
[-        ] var…nt_calling:SPLIT_INTERVALS -
[-        ] var…calling:GENOMICS_DB_IMPORT -
[-        ] variant_calling:GENOTYPE_GVCFS -
[-        ] var…t_calling:MERGE_JOINT_VCFS -
[-        ] variant_calling:ASM            -
[-        ] var…_calling:MERGE_ASM_OUTPUTS -
[-        ] variant_calling:MUTECT2        -
Running somatic variant calling with Mutect2

[-        ] resolve_align:FASTQC_RAW       -
[-        ] resolve_align:PRELUDE          -
[-        ] resolve_align:FASTQC_RESOLVED  -
[-        ] resolve_align:BWA_MEM2         -
[-        ] res…align:SAMTOOLS_MERGE_LANES -
[-        ] resolve_align:PRESEQ           -
[-        ] bamlet:BAMLET                  -
[-        ] bamlet:QUALIMAP_BAMQC          -
[-        ] bam_stats_genome:TSS_BIAS      -
[-        ] bam…:DEEPTOOLS_PLOTFINGERPRINT -
[-        ] bam_stats_genome:PICARD_GCBIAS -
[-        ] bam…LONG_CTRL_GENETIC_ACCURACY -
[-        ] var…t_calling:HAPLOTYPE_CALLER -
[-        ] var…nt_calling:SPLIT_INTERVALS -
[-        ] var…calling:GENOMICS_DB_IMPORT -
[-        ] variant_calling:GENOTYPE_GVCFS -
[-        ] var…t_calling:MERGE_JOINT_VCFS -
[-        ] variant_calling:ASM            -
[-        ] var…_calling:MERGE_ASM_OUTPUTS -
[-        ] variant_calling:MUTECT2        -
Plus 13 more processes waiting for tasks…
Running somatic variant calling with Mutect2

[1e/61ad25] res…AW (evoC-Bap1-mut-M, L000) | 5 of 5, cached: 5
[-        ] resolve_align:PRELUDE          -
[-        ] resolve_align:FASTQC_RESOLVED  -
[-        ] resolve_align:BWA_MEM2         -
[-        ] res…align:SAMTOOLS_MERGE_LANES -
[-        ] resolve_align:PRESEQ           -
[-        ] bamlet:BAMLET                  -
[-        ] bamlet:QUALIMAP_BAMQC          -
[-        ] bam_stats_genome:TSS_BIAS      -
[-        ] bam…:DEEPTOOLS_PLOTFINGERPRINT -
[-        ] bam_stats_genome:PICARD_GCBIAS -
[-        ] bam…LONG_CTRL_GENETIC_ACCURACY -
[-        ] var…t_calling:HAPLOTYPE_CALLER -
[-        ] var…nt_calling:SPLIT_INTERVALS -
[-        ] var…calling:GENOMICS_DB_IMPORT -
[-        ] variant_calling:GENOTYPE_GVCFS -
[-        ] var…t_calling:MERGE_JOINT_VCFS -
[-        ] variant_calling:ASM            -
[-        ] var…_calling:MERGE_ASM_OUTPUTS -
[-        ] variant_calling:MUTECT2        -
Plus 13 more processes waiting for tasks…
Running somatic variant calling with Mutect2

[59/0f64df] res…W (evoC-Bap1-ctrl-M, L000) | 8 of 8, cached: 8 ✔
[be/464c94] res…(evoC-Bap1-mut-F-B2, L004) | 5 of 5, cached: 5
[-        ] resolve_align:FASTQC_RESOLVED  -
[-        ] resolve_align:BWA_MEM2         -
[-        ] res…align:SAMTOOLS_MERGE_LANES -
[-        ] resolve_align:PRESEQ           -
[-        ] bamlet:BAMLET                  -
[-        ] bamlet:QUALIMAP_BAMQC          -
[-        ] bam_stats_genome:TSS_BIAS      -
[-        ] bam…:DEEPTOOLS_PLOTFINGERPRINT -
[-        ] bam_stats_genome:PICARD_GCBIAS -
[-        ] bam…LONG_CTRL_GENETIC_ACCURACY -
[-        ] var…t_calling:HAPLOTYPE_CALLER -
[-        ] var…nt_calling:SPLIT_INTERVALS -
[-        ] var…calling:GENOMICS_DB_IMPORT -
[-        ] variant_calling:GENOTYPE_GVCFS -
[-        ] var…t_calling:MERGE_JOINT_VCFS -
[-        ] variant_calling:ASM            -
[-        ] var…_calling:MERGE_ASM_OUTPUTS -
[-        ] variant_calling:MUTECT2        -
Plus 13 more processes waiting for tasks…
Running somatic variant calling with Mutect2

[59/0f64df] res…W (evoC-Bap1-ctrl-M, L000) | 8 of 8, cached: 8 ✔
[73/0b0fdb] res…evoC-Bap1-ctrl-M-B2, L004) | 6 of 6, cached: 6
[-        ] resolve_align:FASTQC_RESOLVED  -
[df/d82591] res…evoC-Bap1-ctrl-M-B2, L004) | 3 of 3, cached: 3
[-        ] res…align:SAMTOOLS_MERGE_LANES -
[-        ] resolve_align:PRESEQ           -
[-        ] bamlet:BAMLET                  -
[-        ] bamlet:QUALIMAP_BAMQC          -
[-        ] bam_stats_genome:TSS_BIAS      -
[-        ] bam…:DEEPTOOLS_PLOTFINGERPRINT -
[-        ] bam_stats_genome:PICARD_GCBIAS -
[-        ] bam…LONG_CTRL_GENETIC_ACCURACY -
[-        ] var…t_calling:HAPLOTYPE_CALLER -
[-        ] var…nt_calling:SPLIT_INTERVALS -
[-        ] var…calling:GENOMICS_DB_IMPORT -
[-        ] variant_calling:GENOTYPE_GVCFS -
[-        ] var…t_calling:MERGE_JOINT_VCFS -
[-        ] variant_calling:ASM            -
[-        ] var…_calling:MERGE_ASM_OUTPUTS -
[-        ] variant_calling:MUTECT2        -
Plus 13 more processes waiting for tasks…
Running somatic variant calling with Mutect2

[59/0f64df] res…W (evoC-Bap1-ctrl-M, L000) | 8 of 8, cached: 8 ✔
[73/0b0fdb] res…evoC-Bap1-ctrl-M-B2, L004) | 6 of 6, cached: 6
[-        ] resolve_align:FASTQC_RESOLVED  -
[65/cbccca] res…(evoC-Bap1-mut-M-B2, L004) | 6 of 6, cached: 6
[-        ] res…align:SAMTOOLS_MERGE_LANES -
[-        ] resolve_align:PRESEQ           -
[-        ] bamlet:BAMLET                  -
[-        ] bamlet:QUALIMAP_BAMQC          -
[-        ] bam_stats_genome:TSS_BIAS      -
[-        ] bam…:DEEPTOOLS_PLOTFINGERPRINT -
[-        ] bam_stats_genome:PICARD_GCBIAS -
[-        ] bam…LONG_CTRL_GENETIC_ACCURACY -
[-        ] var…t_calling:HAPLOTYPE_CALLER -
[-        ] var…nt_calling:SPLIT_INTERVALS -
[-        ] var…calling:GENOMICS_DB_IMPORT -
[-        ] variant_calling:GENOTYPE_GVCFS -
[-        ] var…t_calling:MERGE_JOINT_VCFS -
[-        ] variant_calling:ASM            -
[-        ] var…_calling:MERGE_ASM_OUTPUTS -
[-        ] variant_calling:MUTECT2        -
Plus 13 more processes waiting for tasks…
Running somatic variant calling with Mutect2

[59/0f64df] res…W (evoC-Bap1-ctrl-M, L000) | 8 of 8, cached: 8 ✔
[80/867b17] res…E (evoC-Bap1-ctrl-M, L000) | 7 of 7, cached: 7
[-        ] resolve_align:FASTQC_RESOLVED  -
[65/cbccca] res…(evoC-Bap1-mut-M-B2, L004) | 6 of 6, cached: 6
[-        ] res…align:SAMTOOLS_MERGE_LANES -
[-        ] resolve_align:PRESEQ           -
[8d/ede468] bam…AMLET (evoC-Bap1-mut-F-B2) | 3 of 3, cached: 3
[-        ] bamlet:QUALIMAP_BAMQC          -
[-        ] bam_stats_genome:TSS_BIAS      -
[-        ] bam…:DEEPTOOLS_PLOTFINGERPRINT -
[-        ] bam_stats_genome:PICARD_GCBIAS -
[-        ] bam…LONG_CTRL_GENETIC_ACCURACY -
[-        ] var…t_calling:HAPLOTYPE_CALLER -
[-        ] var…nt_calling:SPLIT_INTERVALS -
[-        ] var…calling:GENOMICS_DB_IMPORT -
[-        ] variant_calling:GENOTYPE_GVCFS -
[-        ] var…t_calling:MERGE_JOINT_VCFS -
[-        ] variant_calling:ASM            -
[-        ] var…_calling:MERGE_ASM_OUTPUTS -
[-        ] variant_calling:MUTECT2        -
Plus 13 more processes waiting for tasks…
Running somatic variant calling with Mutect2

[59/0f64df] res…W (evoC-Bap1-ctrl-M, L000) | 8 of 8, cached: 8 ✔
[80/867b17] res…E (evoC-Bap1-ctrl-M, L000) | 7 of 7, cached: 7
[-        ] resolve_align:FASTQC_RESOLVED  -
[65/cbccca] res…(evoC-Bap1-mut-M-B2, L004) | 6 of 6, cached: 6
[-        ] res…align:SAMTOOLS_MERGE_LANES -
[-        ] resolve_align:PRESEQ           -
[b8/9c4b9b] bam…:BAMLET (evoC-Bap1-ctrl-F) | 6 of 6, cached: 6
[be/530c72] bam…AMQC (evoC-Bap1-ctrl-M-B2) | 2 of 2, cached: 2
[-        ] bam_stats_genome:TSS_BIAS      -
[-        ] bam…:DEEPTOOLS_PLOTFINGERPRINT -
[-        ] bam_stats_genome:PICARD_GCBIAS -
[f3/12d355] bam…RACY (evoC-Bap1-ctrl-M-B2) | 1 of 1, cached: 1
[-        ] var…t_calling:HAPLOTYPE_CALLER -
[-        ] var…nt_calling:SPLIT_INTERVALS -
[-        ] var…calling:GENOMICS_DB_IMPORT -
[-        ] variant_calling:GENOTYPE_GVCFS -
[-        ] var…t_calling:MERGE_JOINT_VCFS -
[-        ] variant_calling:ASM            -
[-        ] var…_calling:MERGE_ASM_OUTPUTS -
[-        ] variant_calling:MUTECT2        -
[e9/fc7aa2] mbi…-Bap1-mut-F-B2-CG-5-prime) | 2 of 2, cached: 2
[41/1ee4ad] epi…RR (evoC-Bap1-mut-F-B2-CG) | 4 of 4, cached: 4
[-        ] epi…ant_genome:MODALITY_EXPORT | 0 of 1
[3f/32ab7b] epi…R (evoC-Bap1-ctrl-M-B2-CG) | 2 of 2, cached: 2
[9a/e2d659] epi…RR (evoC-Bap1-mut-F-B2-CG) | 1 of 1, cached: 1
Plus 8 more processes waiting for tasks…
Running somatic variant calling with Mutect2

executor >  slurm (1)
[59/0f64df] res…W (evoC-Bap1-ctrl-M, L000) | 8 of 8, cached: 8 ✔
[80/867b17] res…E (evoC-Bap1-ctrl-M, L000) | 7 of 7, cached: 7
[-        ] resolve_align:FASTQC_RESOLVED  -
[65/cbccca] res…(evoC-Bap1-mut-M-B2, L004) | 6 of 6, cached: 6
[-        ] res…align:SAMTOOLS_MERGE_LANES -
[-        ] resolve_align:PRESEQ           -
[b8/9c4b9b] bam…:BAMLET (evoC-Bap1-ctrl-F) | 6 of 6, cached: 6
[85/bf0608] bam…BAMQC (evoC-Bap1-mut-M-B2) | 6 of 6, cached: 6
[84/4be3bf] bam…_BIAS (evoC-Bap1-mut-F-B2) | 3 of 3, cached: 3
[-        ] bam…:DEEPTOOLS_PLOTFINGERPRINT -
[4c/da4033] bam…CBIAS (evoC-Bap1-mut-M-B2) | 4 of 4, cached: 4
[4e/8e1db6] bam…CCURACY (evoC-Bap1-ctrl-F) | 2 of 2, cached: 2
[9b/bedb5f] var…ALLER (evoC-Bap1-mut-M-B2) | 1 of 1, cached: 1
[-        ] var…nt_calling:SPLIT_INTERVALS -
[-        ] var…calling:GENOMICS_DB_IMPORT -
[-        ] variant_calling:GENOTYPE_GVCFS -
[-        ] var…t_calling:MERGE_JOINT_VCFS -
[-        ] variant_calling:ASM            -
[-        ] var…_calling:MERGE_ASM_OUTPUTS -
[-        ] variant_calling:MUTECT2        -
[3e/eb9c1a] mbi…Bap1-mut-F-B2-CHH-5-prime) | 13 of 13, cached: 13
[4b/02fe98] epi…R (evoC-Bap1-mut-M-B2-CHH) | 10 of 10, cached: 10
[a6/6bc300] epi… (evoC-Bap1-ctrl-M-B2_CHH) | 1 of 3, cached: 1
[fa/0f51dc] epi…RR (evoC-Bap1-mut-M-B2-CG) | 6 of 6, cached: 6
[a1/894596] epi…RR (evoC-Bap1-mut-M-B2-CG) | 4 of 4, cached: 4
Plus 8 more processes waiting for tasks…
Running somatic variant calling with Mutect2

executor >  slurm (2)
[59/0f64df] res…W (evoC-Bap1-ctrl-M, L000) | 8 of 8, cached: 8 ✔
[80/867b17] res…E (evoC-Bap1-ctrl-M, L000) | 7 of 7, cached: 7
[-        ] resolve_align:FASTQC_RESOLVED  -
[65/cbccca] res…(evoC-Bap1-mut-M-B2, L004) | 6 of 6, cached: 6
[-        ] res…align:SAMTOOLS_MERGE_LANES -
[-        ] resolve_align:PRESEQ           -
[b8/9c4b9b] bam…:BAMLET (evoC-Bap1-ctrl-F) | 6 of 6, cached: 6
[85/bf0608] bam…BAMQC (evoC-Bap1-mut-M-B2) | 6 of 6, cached: 6
[55/973891] bam…BIAS (evoC-Bap1-ctrl-M-B2) | 5 of 5, cached: 5
[-        ] bam…:DEEPTOOLS_PLOTFINGERPRINT -
[f7/e7e012] bam…BIAS (evoC-Bap1-ctrl-M-B2) | 6 of 6, cached: 6
[6b/b3b67f] bam…ACCURACY (evoC-Bap1-mut-F) | 3 of 3, cached: 3
[bb/c17ef4] var…E_CALLER (evoC-Bap1-mut-M) | 3 of 3, cached: 3
[ab/68d0ab] var…NTERVALS (GRCm38_filtered) | 1 of 1, cached: 1 ✔
[-        ] var…calling:GENOMICS_DB_IMPORT -
[-        ] variant_calling:GENOTYPE_GVCFS -
[-        ] var…t_calling:MERGE_JOINT_VCFS -
[-        ] variant_calling:ASM            -
[-        ] var…_calling:MERGE_ASM_OUTPUTS -
[39/49a127] var…TECT2 (evoC-Bap1-mut-M-B2) | 1 of 1, cached: 1
[bc/79a9f5] mbi…voC-Bap1-mut-F-CG-5-prime) | 17 of 17, cached: 17
[ad/16786e] epi…ZARR (evoC-Bap1-ctrl-F-CG) | 17 of 17, cached: 17
[f2/264293] epi…T (evoC-Bap1-mut-M-B2_CHG) | 4 of 9, cached: 4
[fa/0f51dc] epi…RR (evoC-Bap1-mut-M-B2-CG) | 6 of 6, cached: 6
[a1/090fac] epi…PORT (evoC-Bap1-ctrl-F_CG) | 3 of 3, cached: 3
[bf/858655] epi…ZARR (evoC-Bap1-ctrl-F-CG) | 6 of 6, cached: 6
[b1/0a3acd] epi…XPORT (evoC-Bap1-mut-M_CG) | 2 of 2, cached: 2
Plus 6 more processes waiting for tasks…
Running somatic variant calling with Mutect2

executor >  slurm (4)
[59/0f64df] res…W (evoC-Bap1-ctrl-M, L000) | 8 of 8, cached: 8 ✔
[94/d508a3] res…evoC-Bap1-ctrl-F-B2, L004) | 8 of 8, cached: 8 ✔
[-        ] resolve_align:FASTQC_RESOLVED  -
[a8/616be2] res…evoC-Bap1-ctrl-F-B2, L004) | 7 of 7, cached: 7
[-        ] res…align:SAMTOOLS_MERGE_LANES -
[-        ] resolve_align:PRESEQ           -
[b8/9c4b9b] bam…:BAMLET (evoC-Bap1-ctrl-F) | 6 of 6, cached: 6
[85/bf0608] bam…BAMQC (evoC-Bap1-mut-M-B2) | 6 of 6, cached: 6
[c2/4fd2e6] bam…TSS_BIAS (evoC-Bap1-mut-M) | 6 of 6, cached: 6
[-        ] bam…:DEEPTOOLS_PLOTFINGERPRINT -
[f7/e7e012] bam…BIAS (evoC-Bap1-ctrl-M-B2) | 6 of 6, cached: 6
[1d/a68b5d] bam…URACY (evoC-Bap1-mut-F-B2) | 6 of 6, cached: 6
[44/9c45f8] var…LLER (evoC-Bap1-ctrl-M-B2) | 5 of 5, cached: 5
[ab/68d0ab] var…NTERVALS (GRCm38_filtered) | 1 of 1, cached: 1 ✔
[-        ] var…calling:GENOMICS_DB_IMPORT -
[-        ] variant_calling:GENOTYPE_GVCFS -
[-        ] var…t_calling:MERGE_JOINT_VCFS -
[-        ] variant_calling:ASM            -
[-        ] var…_calling:MERGE_ASM_OUTPUTS -
[e3/8fbd91] var…:MUTECT2 (evoC-Bap1-mut-M) | 4 of 4, cached: 4
[a8/6bbe4e] mbi…oC-Bap1-mut-F-CHH-5-prime) | 18 of 18, cached: 18
[ad/16786e] epi…ZARR (evoC-Bap1-ctrl-F-CG) | 17 of 17, cached: 17
[05/6f1b32] epi…PORT (evoC-Bap1-mut-M_CHH) | 6 of 11, cached: 6
[fa/0f51dc] epi…RR (evoC-Bap1-mut-M-B2-CG) | 6 of 6, cached: 6
[b5/c71679] epi…RT (evoC-Bap1-mut-M-B2_CG) | 4 of 4, cached: 4
[bf/858655] epi…ZARR (evoC-Bap1-ctrl-F-CG) | 6 of 6, cached: 6
[41/191b27] epi…PORT (evoC-Bap1-ctrl-F_CG) | 4 of 4, cached: 4
Plus 6 more processes waiting for tasks…
Running somatic variant calling with Mutect2

executor >  slurm (5)
[59/0f64df] res…W (evoC-Bap1-ctrl-M, L000) | 8 of 8, cached: 8 ✔
[94/d508a3] res…evoC-Bap1-ctrl-F-B2, L004) | 8 of 8, cached: 8 ✔
[-        ] resolve_align:FASTQC_RESOLVED  -
[a8/616be2] res…evoC-Bap1-ctrl-F-B2, L004) | 7 of 7, cached: 7
[-        ] res…align:SAMTOOLS_MERGE_LANES -
[-        ] resolve_align:PRESEQ           -
[00/a956c4] bam…MLET (evoC-Bap1-ctrl-F-B2) | 7 of 7, cached: 7
[85/bf0608] bam…BAMQC (evoC-Bap1-mut-M-B2) | 6 of 6, cached: 6
[c2/4fd2e6] bam…TSS_BIAS (evoC-Bap1-mut-M) | 6 of 6, cached: 6
[-        ] bam…:DEEPTOOLS_PLOTFINGERPRINT -
[f7/e7e012] bam…BIAS (evoC-Bap1-ctrl-M-B2) | 6 of 6, cached: 6
[1d/a68b5d] bam…URACY (evoC-Bap1-mut-F-B2) | 6 of 6, cached: 6
[ce/d6ff13] var…_CALLER (evoC-Bap1-ctrl-F) | 6 of 6, cached: 6
[ab/68d0ab] var…NTERVALS (GRCm38_filtered) | 1 of 1, cached: 1 ✔
[-        ] var…calling:GENOMICS_DB_IMPORT -
[-        ] variant_calling:GENOTYPE_GVCFS -
[-        ] var…t_calling:MERGE_JOINT_VCFS -
[-        ] variant_calling:ASM            -
[-        ] var…_calling:MERGE_ASM_OUTPUTS -
[e3/8fbd91] var…:MUTECT2 (evoC-Bap1-mut-M) | 4 of 4, cached: 4
[b6/7bc8d2] mbi…ap1-ctrl-F-B2-CHG-5-prime) | 19 of 19, cached: 19
[54/ea4913] epi… (evoC-Bap1-ctrl-F-B2-CHG) | 18 of 18, cached: 18
[10/e03adb] epi…ORT (evoC-Bap1-ctrl-F_CHH) | 6 of 11, cached: 6
[fa/0f51dc] epi…RR (evoC-Bap1-mut-M-B2-CG) | 6 of 6, cached: 6
[b5/c71679] epi…RT (evoC-Bap1-mut-M-B2_CG) | 4 of 4, cached: 4
[bf/858655] epi…ZARR (evoC-Bap1-ctrl-F-CG) | 6 of 6, cached: 6
[9b/a16146] epi…XPORT (evoC-Bap1-mut-F_CG) | 5 of 5, cached: 5
Plus 6 more processes waiting for tasks…
Running somatic variant calling with Mutect2

executor >  slurm (5)
[59/0f64df] res…W (evoC-Bap1-ctrl-M, L000) | 8 of 8, cached: 8 ✔
[94/d508a3] res…evoC-Bap1-ctrl-F-B2, L004) | 8 of 8, cached: 8 ✔
[-        ] resolve_align:FASTQC_RESOLVED  -
[a8/616be2] res…evoC-Bap1-ctrl-F-B2, L004) | 7 of 7, cached: 7
[-        ] res…align:SAMTOOLS_MERGE_LANES -
[-        ] resolve_align:PRESEQ           -
[00/a956c4] bam…MLET (evoC-Bap1-ctrl-F-B2) | 7 of 7, cached: 7
[0f/306dbc] bam…AMQC (evoC-Bap1-ctrl-F-B2) | 7 of 7, cached: 7
[c2/4fd2e6] bam…TSS_BIAS (evoC-Bap1-mut-M) | 6 of 6, cached: 6
[-        ] bam…:DEEPTOOLS_PLOTFINGERPRINT -
[c6/912c46] bam…BIAS (evoC-Bap1-ctrl-F-B2) | 7 of 7, cached: 7
[0c/680a0d] bam…RACY (evoC-Bap1-ctrl-F-B2) | 7 of 7, cached: 7
[36/e57fae] var…LLER (evoC-Bap1-ctrl-F-B2) | 7 of 7, cached: 7
[ab/68d0ab] var…NTERVALS (GRCm38_filtered) | 1 of 1, cached: 1 ✔
[-        ] var…calling:GENOMICS_DB_IMPORT -
[-        ] variant_calling:GENOTYPE_GVCFS -
[-        ] var…t_calling:MERGE_JOINT_VCFS -
[-        ] variant_calling:ASM            -
[-        ] var…_calling:MERGE_ASM_OUTPUTS -
[e3/8fbd91] var…:MUTECT2 (evoC-Bap1-mut-M) | 4 of 4, cached: 4
[bc/3c5a5b] mbi…Bap1-ctrl-F-B2-CG-5-prime) | 21 of 21, cached: 21
[ed/001ff2] epi…R (evoC-Bap1-ctrl-F-B2-CG) | 19 of 19, cached: 19
[35/3d8130] epi…T (evoC-Bap1-mut-F-B2_CHG) | 7 of 12, cached: 7
[85/3573bc] epi…R (evoC-Bap1-ctrl-F-B2-CG) | 7 of 7, cached: 7
[b5/c71679] epi…RT (evoC-Bap1-mut-M-B2_CG) | 4 of 4, cached: 4
[bc/c7ecc9] epi…R (evoC-Bap1-ctrl-F-B2-CG) | 7 of 7, cached: 7
[9b/a16146] epi…XPORT (evoC-Bap1-mut-F_CG) | 5 of 5, cached: 5
Plus 6 more processes waiting for tasks…
Running somatic variant calling with Mutect2

executor >  slurm (5)
[59/0f64df] res…W (evoC-Bap1-ctrl-M, L000) | 8 of 8, cached: 8 ✔
[94/d508a3] res…evoC-Bap1-ctrl-F-B2, L004) | 8 of 8, cached: 8 ✔
[-        ] resolve_align:FASTQC_RESOLVED  -
[a8/616be2] res…evoC-Bap1-ctrl-F-B2, L004) | 7 of 7, cached: 7
[-        ] res…align:SAMTOOLS_MERGE_LANES -
[-        ] resolve_align:PRESEQ           -
[00/a956c4] bam…MLET (evoC-Bap1-ctrl-F-B2) | 7 of 7, cached: 7
[0f/306dbc] bam…AMQC (evoC-Bap1-ctrl-F-B2) | 7 of 7, cached: 7
[c2/4fd2e6] bam…TSS_BIAS (evoC-Bap1-mut-M) | 6 of 6, cached: 6
[-        ] bam…:DEEPTOOLS_PLOTFINGERPRINT -
[c6/912c46] bam…BIAS (evoC-Bap1-ctrl-F-B2) | 7 of 7, cached: 7
[0c/680a0d] bam…RACY (evoC-Bap1-ctrl-F-B2) | 7 of 7, cached: 7
[36/e57fae] var…LLER (evoC-Bap1-ctrl-F-B2) | 7 of 7, cached: 7
[ab/68d0ab] var…NTERVALS (GRCm38_filtered) | 1 of 1, cached: 1 ✔
[-        ] var…calling:GENOMICS_DB_IMPORT -
[-        ] variant_calling:GENOTYPE_GVCFS -
[-        ] var…t_calling:MERGE_JOINT_VCFS -
[-        ] variant_calling:ASM            -
[-        ] var…_calling:MERGE_ASM_OUTPUTS -
[e3/8fbd91] var…:MUTECT2 (evoC-Bap1-mut-M) | 4 of 4, cached: 4
[bc/3c5a5b] mbi…Bap1-ctrl-F-B2-CG-5-prime) | 21 of 21, cached: 21
[ed/001ff2] epi…R (evoC-Bap1-ctrl-F-B2-CG) | 19 of 19, cached: 19
[c8/1a5a28] epi…T (evoC-Bap1-ctrl-F-B2_CG) | 9 of 14, cached: 9
[85/3573bc] epi…R (evoC-Bap1-ctrl-F-B2-CG) | 7 of 7, cached: 7
[bf/3d7091] epi…T (evoC-Bap1-ctrl-F-B2_CG) | 5 of 5, cached: 5
[bc/c7ecc9] epi…R (evoC-Bap1-ctrl-F-B2-CG) | 7 of 7, cached: 7
[b2/97d1e0] epi…T (evoC-Bap1-ctrl-F-B2_CG) | 7 of 7, cached: 7
Plus 6 more processes waiting for tasks…
Running somatic variant calling with Mutect2

executor >  slurm (5)
[59/0f64df] res…W (evoC-Bap1-ctrl-M, L000) | 8 of 8, cached: 8 ✔
[94/d508a3] res…evoC-Bap1-ctrl-F-B2, L004) | 8 of 8, cached: 8 ✔
[-        ] resolve_align:FASTQC_RESOLVED  -
[a8/616be2] res…evoC-Bap1-ctrl-F-B2, L004) | 7 of 7, cached: 7
[-        ] res…align:SAMTOOLS_MERGE_LANES -
[-        ] resolve_align:PRESEQ           -
[00/a956c4] bam…MLET (evoC-Bap1-ctrl-F-B2) | 7 of 7, cached: 7
[0f/306dbc] bam…AMQC (evoC-Bap1-ctrl-F-B2) | 7 of 7, cached: 7
[c2/4fd2e6] bam…TSS_BIAS (evoC-Bap1-mut-M) | 6 of 6, cached: 6
[-        ] bam…:DEEPTOOLS_PLOTFINGERPRINT -
[c6/912c46] bam…BIAS (evoC-Bap1-ctrl-F-B2) | 7 of 7, cached: 7
[0c/680a0d] bam…RACY (evoC-Bap1-ctrl-F-B2) | 7 of 7, cached: 7
[36/e57fae] var…LLER (evoC-Bap1-ctrl-F-B2) | 7 of 7, cached: 7
[ab/68d0ab] var…NTERVALS (GRCm38_filtered) | 1 of 1, cached: 1 ✔
[-        ] var…calling:GENOMICS_DB_IMPORT -
[-        ] variant_calling:GENOTYPE_GVCFS -
[-        ] var…t_calling:MERGE_JOINT_VCFS -
[-        ] variant_calling:ASM            -
[-        ] var…_calling:MERGE_ASM_OUTPUTS -
[99/2886e8] var…ECT2 (evoC-Bap1-ctrl-F-B2) | 5 of 5, cached: 5
[bc/3c5a5b] mbi…Bap1-ctrl-F-B2-CG-5-prime) | 21 of 21, cached: 21
[ed/001ff2] epi…R (evoC-Bap1-ctrl-F-B2-CG) | 19 of 19, cached: 19
[b8/872cd4] epi… (evoC-Bap1-ctrl-F-B2_CHG) | 10 of 15, cached: 10
[85/3573bc] epi…R (evoC-Bap1-ctrl-F-B2-CG) | 7 of 7, cached: 7
[53/d0158d] epi…XPORT (evoC-Bap1-mut-M_CG) | 6 of 6, cached: 6
[bc/c7ecc9] epi…R (evoC-Bap1-ctrl-F-B2-CG) | 7 of 7, cached: 7
[b2/97d1e0] epi…T (evoC-Bap1-ctrl-F-B2_CG) | 7 of 7, cached: 7
Plus 6 more processes waiting for tasks…
Running somatic variant calling with Mutect2

executor >  slurm (5)
[59/0f64df] res…W (evoC-Bap1-ctrl-M, L000) | 8 of 8, cached: 8 ✔
[94/d508a3] res…evoC-Bap1-ctrl-F-B2, L004) | 8 of 8, cached: 8 ✔
[-        ] resolve_align:FASTQC_RESOLVED  -
[a8/616be2] res…evoC-Bap1-ctrl-F-B2, L004) | 7 of 7, cached: 7
[-        ] res…align:SAMTOOLS_MERGE_LANES -
[-        ] resolve_align:PRESEQ           -
[00/a956c4] bam…MLET (evoC-Bap1-ctrl-F-B2) | 7 of 7, cached: 7
[0f/306dbc] bam…AMQC (evoC-Bap1-ctrl-F-B2) | 7 of 7, cached: 7
[53/1fd653] bam…BIAS (evoC-Bap1-ctrl-F-B2) | 7 of 7, cached: 7
[-        ] bam…:DEEPTOOLS_PLOTFINGERPRINT -
[c6/912c46] bam…BIAS (evoC-Bap1-ctrl-F-B2) | 7 of 7, cached: 7
[0c/680a0d] bam…RACY (evoC-Bap1-ctrl-F-B2) | 7 of 7, cached: 7
[36/e57fae] var…LLER (evoC-Bap1-ctrl-F-B2) | 7 of 7, cached: 7
[ab/68d0ab] var…NTERVALS (GRCm38_filtered) | 1 of 1, cached: 1 ✔
[-        ] var…calling:GENOMICS_DB_IMPORT -
[-        ] variant_calling:GENOTYPE_GVCFS -
[-        ] var…t_calling:MERGE_JOINT_VCFS -
[-        ] variant_calling:ASM            -
[-        ] var…_calling:MERGE_ASM_OUTPUTS -
[99/2886e8] var…ECT2 (evoC-Bap1-ctrl-F-B2) | 5 of 5, cached: 5
[bc/3c5a5b] mbi…Bap1-ctrl-F-B2-CG-5-prime) | 21 of 21, cached: 21
[ed/001ff2] epi…R (evoC-Bap1-ctrl-F-B2-CG) | 19 of 19, cached: 19
[b8/872cd4] epi… (evoC-Bap1-ctrl-F-B2_CHG) | 10 of 15, cached: 10
[85/3573bc] epi…R (evoC-Bap1-ctrl-F-B2-CG) | 7 of 7, cached: 7
[53/d0158d] epi…XPORT (evoC-Bap1-mut-M_CG) | 6 of 6, cached: 6
[bc/c7ecc9] epi…R (evoC-Bap1-ctrl-F-B2-CG) | 7 of 7, cached: 7
[b2/97d1e0] epi…T (evoC-Bap1-ctrl-F-B2_CG) | 7 of 7, cached: 7
Plus 6 more processes waiting for tasks…
Running somatic variant calling with Mutect2

executor >  slurm (5)
[59/0f64df] res…W (evoC-Bap1-ctrl-M, L000) | 8 of 8, cached: 8 ✔
[94/d508a3] res…evoC-Bap1-ctrl-F-B2, L004) | 8 of 8, cached: 8 ✔
[-        ] resolve_align:FASTQC_RESOLVED  -
[b1/5265d3] res…2 (evoC-Bap1-ctrl-M, L000) | 8 of 8, cached: 8 ✔
[-        ] res…align:SAMTOOLS_MERGE_LANES -
[-        ] resolve_align:PRESEQ           -
[00/a956c4] bam…MLET (evoC-Bap1-ctrl-F-B2) | 7 of 7, cached: 7
[0f/306dbc] bam…AMQC (evoC-Bap1-ctrl-F-B2) | 7 of 7, cached: 7
[53/1fd653] bam…BIAS (evoC-Bap1-ctrl-F-B2) | 7 of 7, cached: 7
[-        ] bam…:DEEPTOOLS_PLOTFINGERPRINT -
[c6/912c46] bam…BIAS (evoC-Bap1-ctrl-F-B2) | 7 of 7, cached: 7
[0c/680a0d] bam…RACY (evoC-Bap1-ctrl-F-B2) | 7 of 7, cached: 7
[36/e57fae] var…LLER (evoC-Bap1-ctrl-F-B2) | 7 of 7, cached: 7
[ab/68d0ab] var…NTERVALS (GRCm38_filtered) | 1 of 1, cached: 1 ✔
[-        ] var…calling:GENOMICS_DB_IMPORT -
[-        ] variant_calling:GENOTYPE_GVCFS -
[-        ] var…t_calling:MERGE_JOINT_VCFS -
[-        ] variant_calling:ASM            -
[-        ] var…_calling:MERGE_ASM_OUTPUTS -
[99/2886e8] var…ECT2 (evoC-Bap1-ctrl-F-B2) | 5 of 5, cached: 5
[bc/3c5a5b] mbi…Bap1-ctrl-F-B2-CG-5-prime) | 21 of 21, cached: 21
[16/3fd84a] epi…ZARR (evoC-Bap1-mut-F-CHH) | 20 of 20, cached: 20
[c7/31a48c] epi…RT (evoC-Bap1-mut-F-B2_CG) | 11 of 17, cached: 11
[85/3573bc] epi…R (evoC-Bap1-ctrl-F-B2-CG) | 7 of 7, cached: 7
[53/d0158d] epi…XPORT (evoC-Bap1-mut-M_CG) | 6 of 6, cached: 6
[bc/c7ecc9] epi…R (evoC-Bap1-ctrl-F-B2-CG) | 7 of 7, cached: 7
[b2/97d1e0] epi…T (evoC-Bap1-ctrl-F-B2_CG) | 7 of 7, cached: 7
Plus 6 more processes waiting for tasks…
Running somatic variant calling with Mutect2

executor >  slurm (5)
[59/0f64df] res…W (evoC-Bap1-ctrl-M, L000) | 8 of 8, cached: 8 ✔
[94/d508a3] res…evoC-Bap1-ctrl-F-B2, L004) | 8 of 8, cached: 8 ✔
[-        ] resolve_align:FASTQC_RESOLVED  -
[b1/5265d3] res…2 (evoC-Bap1-ctrl-M, L000) | 8 of 8, cached: 8 ✔
[-        ] res…align:SAMTOOLS_MERGE_LANES -
[-        ] resolve_align:PRESEQ           -
[00/a956c4] bam…MLET (evoC-Bap1-ctrl-F-B2) | 7 of 7, cached: 7
[0f/306dbc] bam…AMQC (evoC-Bap1-ctrl-F-B2) | 7 of 7, cached: 7
[53/1fd653] bam…BIAS (evoC-Bap1-ctrl-F-B2) | 7 of 7, cached: 7
[-        ] bam…:DEEPTOOLS_PLOTFINGERPRINT -
[c6/912c46] bam…BIAS (evoC-Bap1-ctrl-F-B2) | 7 of 7, cached: 7
[0c/680a0d] bam…RACY (evoC-Bap1-ctrl-F-B2) | 7 of 7, cached: 7
[36/e57fae] var…LLER (evoC-Bap1-ctrl-F-B2) | 7 of 7, cached: 7
[ab/68d0ab] var…NTERVALS (GRCm38_filtered) | 1 of 1, cached: 1 ✔
[-        ] var…calling:GENOMICS_DB_IMPORT -
[-        ] variant_calling:GENOTYPE_GVCFS -
[-        ] var…t_calling:MERGE_JOINT_VCFS -
[-        ] variant_calling:ASM            -
[-        ] var…_calling:MERGE_ASM_OUTPUTS -
[b4/e56bdd] var…ECT2 (evoC-Bap1-ctrl-M-B2) | 6 of 6, cached: 6
[bc/3c5a5b] mbi…Bap1-ctrl-F-B2-CG-5-prime) | 21 of 21, cached: 21
[16/3fd84a] epi…ZARR (evoC-Bap1-mut-F-CHH) | 20 of 20, cached: 20
[c7/31a48c] epi…RT (evoC-Bap1-mut-F-B2_CG) | 11 of 17, cached: 11
[85/3573bc] epi…R (evoC-Bap1-ctrl-F-B2-CG) | 7 of 7, cached: 7
[ea/d56e79] epi…XPORT (evoC-Bap1-mut-F_CG) | 7 of 7, cached: 7
[bc/c7ecc9] epi…R (evoC-Bap1-ctrl-F-B2-CG) | 7 of 7, cached: 7
[b2/97d1e0] epi…T (evoC-Bap1-ctrl-F-B2_CG) | 7 of 7, cached: 7
Plus 6 more processes waiting for tasks…
Running somatic variant calling with Mutect2

executor >  slurm (5)
[59/0f64df] res…W (evoC-Bap1-ctrl-M, L000) | 8 of 8, cached: 8 ✔
[94/d508a3] res…evoC-Bap1-ctrl-F-B2, L004) | 8 of 8, cached: 8 ✔
[-        ] resolve_align:FASTQC_RESOLVED  -
[b1/5265d3] res…2 (evoC-Bap1-ctrl-M, L000) | 8 of 8, cached: 8 ✔
[-        ] res…align:SAMTOOLS_MERGE_LANES -
[-        ] resolve_align:PRESEQ           -
[00/a956c4] bam…MLET (evoC-Bap1-ctrl-F-B2) | 7 of 7, cached: 7
[0f/306dbc] bam…AMQC (evoC-Bap1-ctrl-F-B2) | 7 of 7, cached: 7
[53/1fd653] bam…BIAS (evoC-Bap1-ctrl-F-B2) | 7 of 7, cached: 7
[-        ] bam…:DEEPTOOLS_PLOTFINGERPRINT -
[c6/912c46] bam…BIAS (evoC-Bap1-ctrl-F-B2) | 7 of 7, cached: 7
[0c/680a0d] bam…RACY (evoC-Bap1-ctrl-F-B2) | 7 of 7, cached: 7
[36/e57fae] var…LLER (evoC-Bap1-ctrl-F-B2) | 7 of 7, cached: 7
[ab/68d0ab] var…NTERVALS (GRCm38_filtered) | 1 of 1, cached: 1 ✔
[-        ] var…calling:GENOMICS_DB_IMPORT -
[-        ] variant_calling:GENOTYPE_GVCFS -
[-        ] var…t_calling:MERGE_JOINT_VCFS -
[-        ] variant_calling:ASM            -
[-        ] var…_calling:MERGE_ASM_OUTPUTS -
[b4/e56bdd] var…ECT2 (evoC-Bap1-ctrl-M-B2) | 6 of 6, cached: 6
[bc/3c5a5b] mbi…Bap1-ctrl-F-B2-CG-5-prime) | 21 of 21, cached: 21
[99/7ca450] epi… (evoC-Bap1-ctrl-F-B2-CHH) | 21 of 21, cached: 21
[74/248854] epi… (evoC-Bap1-ctrl-M-B2_CHG) | 13 of 20, cached: 13
[85/3573bc] epi…R (evoC-Bap1-ctrl-F-B2-CG) | 7 of 7, cached: 7
[ea/d56e79] epi…XPORT (evoC-Bap1-mut-F_CG) | 7 of 7, cached: 7
[bc/c7ecc9] epi…R (evoC-Bap1-ctrl-F-B2-CG) | 7 of 7, cached: 7
[b2/97d1e0] epi…T (evoC-Bap1-ctrl-F-B2_CG) | 7 of 7, cached: 7
Plus 6 more processes waiting for tasks…
Running somatic variant calling with Mutect2

executor >  slurm (6)
[59/0f64df] res…W (evoC-Bap1-ctrl-M, L000) | 8 of 8, cached: 8 ✔
[94/d508a3] res…evoC-Bap1-ctrl-F-B2, L004) | 8 of 8, cached: 8 ✔
[-        ] resolve_align:FASTQC_RESOLVED  -
[b1/5265d3] res…2 (evoC-Bap1-ctrl-M, L000) | 8 of 8, cached: 8 ✔
[-        ] res…align:SAMTOOLS_MERGE_LANES -
[-        ] resolve_align:PRESEQ           -
[00/a956c4] bam…MLET (evoC-Bap1-ctrl-F-B2) | 7 of 7, cached: 7
[0f/306dbc] bam…AMQC (evoC-Bap1-ctrl-F-B2) | 7 of 7, cached: 7
[53/1fd653] bam…BIAS (evoC-Bap1-ctrl-F-B2) | 7 of 7, cached: 7
[-        ] bam…:DEEPTOOLS_PLOTFINGERPRINT -
[c6/912c46] bam…BIAS (evoC-Bap1-ctrl-F-B2) | 7 of 7, cached: 7
[0c/680a0d] bam…RACY (evoC-Bap1-ctrl-F-B2) | 7 of 7, cached: 7
[36/e57fae] var…LLER (evoC-Bap1-ctrl-F-B2) | 7 of 7, cached: 7
[ab/68d0ab] var…NTERVALS (GRCm38_filtered) | 1 of 1, cached: 1 ✔
[-        ] var…calling:GENOMICS_DB_IMPORT -
[-        ] variant_calling:GENOTYPE_GVCFS -
[-        ] var…t_calling:MERGE_JOINT_VCFS -
[-        ] variant_calling:ASM            -
[-        ] var…_calling:MERGE_ASM_OUTPUTS -
[b4/e56bdd] var…ECT2 (evoC-Bap1-ctrl-M-B2) | 6 of 6, cached: 6
[bc/3c5a5b] mbi…Bap1-ctrl-F-B2-CG-5-prime) | 21 of 21, cached: 21
[99/7ca450] epi… (evoC-Bap1-ctrl-F-B2-CHH) | 21 of 21, cached: 21
[11/1a6034] epi…RT (evoC-Bap1-mut-M-B2_CG) | 14 of 21, cached: 14
[85/3573bc] epi…R (evoC-Bap1-ctrl-F-B2-CG) | 7 of 7, cached: 7
[ea/d56e79] epi…XPORT (evoC-Bap1-mut-F_CG) | 7 of 7, cached: 7
[bc/c7ecc9] epi…R (evoC-Bap1-ctrl-F-B2-CG) | 7 of 7, cached: 7
[b2/97d1e0] epi…T (evoC-Bap1-ctrl-F-B2_CG) | 7 of 7, cached: 7
Plus 6 more processes waiting for tasks…
Running somatic variant calling with Mutect2

executor >  slurm (7)
[59/0f64df] res…W (evoC-Bap1-ctrl-M, L000) | 8 of 8, cached: 8 ✔
[94/d508a3] res…evoC-Bap1-ctrl-F-B2, L004) | 8 of 8, cached: 8 ✔
[-        ] resolve_align:FASTQC_RESOLVED  -
[b1/5265d3] res…2 (evoC-Bap1-ctrl-M, L000) | 8 of 8, cached: 8 ✔
[-        ] res…align:SAMTOOLS_MERGE_LANES -
[-        ] resolve_align:PRESEQ           -
[00/a956c4] bam…MLET (evoC-Bap1-ctrl-F-B2) | 7 of 7, cached: 7
[0f/306dbc] bam…AMQC (evoC-Bap1-ctrl-F-B2) | 7 of 7, cached: 7
[53/1fd653] bam…BIAS (evoC-Bap1-ctrl-F-B2) | 7 of 7, cached: 7
[-        ] bam…:DEEPTOOLS_PLOTFINGERPRINT -
[c6/912c46] bam…BIAS (evoC-Bap1-ctrl-F-B2) | 7 of 7, cached: 7
[0c/680a0d] bam…RACY (evoC-Bap1-ctrl-F-B2) | 7 of 7, cached: 7
[36/e57fae] var…LLER (evoC-Bap1-ctrl-F-B2) | 7 of 7, cached: 7
[ab/68d0ab] var…NTERVALS (GRCm38_filtered) | 1 of 1, cached: 1 ✔
[-        ] var…calling:GENOMICS_DB_IMPORT -
[-        ] variant_calling:GENOTYPE_GVCFS -
[-        ] var…t_calling:MERGE_JOINT_VCFS -
[-        ] variant_calling:ASM            -
[-        ] var…_calling:MERGE_ASM_OUTPUTS -
[b4/e56bdd] var…ECT2 (evoC-Bap1-ctrl-M-B2) | 6 of 6, cached: 6
[bc/3c5a5b] mbi…Bap1-ctrl-F-B2-CG-5-prime) | 21 of 21, cached: 21
[99/7ca450] epi… (evoC-Bap1-ctrl-F-B2-CHH) | 21 of 21, cached: 21
[47/fda93a] epi… (evoC-Bap1-ctrl-F-B2_CHH) | 14 of 21, cached: 14
[85/3573bc] epi…R (evoC-Bap1-ctrl-F-B2-CG) | 7 of 7, cached: 7
[ea/d56e79] epi…XPORT (evoC-Bap1-mut-F_CG) | 7 of 7, cached: 7
[bc/c7ecc9] epi…R (evoC-Bap1-ctrl-F-B2-CG) | 7 of 7, cached: 7
[b2/97d1e0] epi…T (evoC-Bap1-ctrl-F-B2_CG) | 7 of 7, cached: 7
Plus 6 more processes waiting for tasks…
Running somatic variant calling with Mutect2

executor >  slurm (7)
[59/0f64df] res…W (evoC-Bap1-ctrl-M, L000) | 8 of 8, cached: 8 ✔
[94/d508a3] res…evoC-Bap1-ctrl-F-B2, L004) | 8 of 8, cached: 8 ✔
[-        ] resolve_align:FASTQC_RESOLVED  -
[b1/5265d3] res…2 (evoC-Bap1-ctrl-M, L000) | 8 of 8, cached: 8 ✔
[-        ] res…align:SAMTOOLS_MERGE_LANES -
[-        ] resolve_align:PRESEQ           -
[35/14a656] bam…:BAMLET (evoC-Bap1-ctrl-M) | 8 of 8, cached: 8 ✔
[0f/306dbc] bam…AMQC (evoC-Bap1-ctrl-F-B2) | 7 of 7, cached: 7
[53/1fd653] bam…BIAS (evoC-Bap1-ctrl-F-B2) | 7 of 7, cached: 7
[-        ] bam…:DEEPTOOLS_PLOTFINGERPRINT -
[c6/912c46] bam…BIAS (evoC-Bap1-ctrl-F-B2) | 7 of 7, cached: 7
[0c/680a0d] bam…RACY (evoC-Bap1-ctrl-F-B2) | 7 of 7, cached: 7
[36/e57fae] var…LLER (evoC-Bap1-ctrl-F-B2) | 7 of 7, cached: 7
[ab/68d0ab] var…NTERVALS (GRCm38_filtered) | 1 of 1, cached: 1 ✔
[-        ] var…calling:GENOMICS_DB_IMPORT -
[-        ] variant_calling:GENOTYPE_GVCFS -
[-        ] var…t_calling:MERGE_JOINT_VCFS -
[-        ] variant_calling:ASM            -
[-        ] var…_calling:MERGE_ASM_OUTPUTS -
[80/cf6696] var…MUTECT2 (evoC-Bap1-ctrl-F) | 7 of 7, cached: 7
[bc/3c5a5b] mbi…Bap1-ctrl-F-B2-CG-5-prime) | 21 of 21, cached: 21
[99/7ca450] epi… (evoC-Bap1-ctrl-F-B2-CHH) | 21 of 21, cached: 21
[47/fda93a] epi… (evoC-Bap1-ctrl-F-B2_CHH) | 14 of 21, cached: 14
[85/3573bc] epi…R (evoC-Bap1-ctrl-F-B2-CG) | 7 of 7, cached: 7
[ea/d56e79] epi…XPORT (evoC-Bap1-mut-F_CG) | 7 of 7, cached: 7
[bc/c7ecc9] epi…R (evoC-Bap1-ctrl-F-B2-CG) | 7 of 7, cached: 7
[b2/97d1e0] epi…T (evoC-Bap1-ctrl-F-B2_CG) | 7 of 7, cached: 7
Plus 6 more processes waiting for tasks…
Running somatic variant calling with Mutect2

executor >  slurm (7)
[59/0f64df] res…W (evoC-Bap1-ctrl-M, L000) | 8 of 8, cached: 8 ✔
[94/d508a3] res…evoC-Bap1-ctrl-F-B2, L004) | 8 of 8, cached: 8 ✔
[-        ] resolve_align:FASTQC_RESOLVED  -
[b1/5265d3] res…2 (evoC-Bap1-ctrl-M, L000) | 8 of 8, cached: 8 ✔
[-        ] res…align:SAMTOOLS_MERGE_LANES -
[-        ] resolve_align:PRESEQ           -
[35/14a656] bam…:BAMLET (evoC-Bap1-ctrl-M) | 8 of 8, cached: 8 ✔
[e7/93c471] bam…P_BAMQC (evoC-Bap1-ctrl-M) | 8 of 8, cached: 8 ✔
[53/1fd653] bam…BIAS (evoC-Bap1-ctrl-F-B2) | 7 of 7, cached: 7
[-        ] bam…:DEEPTOOLS_PLOTFINGERPRINT -
[c6/912c46] bam…BIAS (evoC-Bap1-ctrl-F-B2) | 7 of 7, cached: 7
[54/59c035] bam…CCURACY (evoC-Bap1-ctrl-M) | 8 of 8, cached: 8 ✔
[6d/56ee13] var…_CALLER (evoC-Bap1-ctrl-M) | 8 of 8, cached: 8 ✔
[ab/68d0ab] var…NTERVALS (GRCm38_filtered) | 1 of 1, cached: 1 ✔
[-        ] var…calling:GENOMICS_DB_IMPORT | 0 of 20
[-        ] variant_calling:GENOTYPE_GVCFS -
[-        ] var…t_calling:MERGE_JOINT_VCFS -
[-        ] variant_calling:ASM            -
[-        ] var…_calling:MERGE_ASM_OUTPUTS -
[6c/0aef18] var…MUTECT2 (evoC-Bap1-ctrl-M) | 8 of 8, cached: 8 ✔
[03/7274d8] mbi…C-Bap1-ctrl-M-CHH-5-prime) | 24 of 24, cached: 24 ✔
[97/13c119] epi…ZARR (evoC-Bap1-ctrl-M-CG) | 23 of 23, cached: 23
[47/fda93a] epi… (evoC-Bap1-ctrl-F-B2_CHH) | 14 of 22, cached: 14
[ba/0f088f] epi…ZARR (evoC-Bap1-ctrl-M-CG) | 8 of 8, cached: 8 ✔
[ea/d56e79] epi…XPORT (evoC-Bap1-mut-F_CG) | 7 of 7, cached: 7
[34/bb4ccb] epi…ZARR (evoC-Bap1-ctrl-M-CG) | 8 of 8, cached: 8 ✔
[b2/97d1e0] epi…T (evoC-Bap1-ctrl-F-B2_CG) | 7 of 7, cached: 7
Plus 6 more processes waiting for tasks…
Running somatic variant calling with Mutect2

executor >  slurm (8)
[59/0f64df] res…W (evoC-Bap1-ctrl-M, L000) | 8 of 8, cached: 8 ✔
[94/d508a3] res…evoC-Bap1-ctrl-F-B2, L004) | 8 of 8, cached: 8 ✔
[-        ] resolve_align:FASTQC_RESOLVED  -
[b1/5265d3] res…2 (evoC-Bap1-ctrl-M, L000) | 8 of 8, cached: 8 ✔
[-        ] res…align:SAMTOOLS_MERGE_LANES -
[-        ] resolve_align:PRESEQ           -
[35/14a656] bam…:BAMLET (evoC-Bap1-ctrl-M) | 8 of 8, cached: 8 ✔
[e7/93c471] bam…P_BAMQC (evoC-Bap1-ctrl-M) | 8 of 8, cached: 8 ✔
[d7/91957f] bam…SS_BIAS (evoC-Bap1-ctrl-M) | 8 of 8, cached: 8 ✔
[-        ] bam…:DEEPTOOLS_PLOTFINGERPRINT -
[a0/ae2497] bam…_GCBIAS (evoC-Bap1-ctrl-M) | 8 of 8, cached: 8 ✔
[54/59c035] bam…CCURACY (evoC-Bap1-ctrl-M) | 8 of 8, cached: 8 ✔
[6d/56ee13] var…_CALLER (evoC-Bap1-ctrl-M) | 8 of 8, cached: 8 ✔
[ab/68d0ab] var…NTERVALS (GRCm38_filtered) | 1 of 1, cached: 1 ✔
[-        ] var…calling:GENOMICS_DB_IMPORT | 0 of 20
[-        ] variant_calling:GENOTYPE_GVCFS -
[-        ] var…t_calling:MERGE_JOINT_VCFS -
[-        ] variant_calling:ASM            -
[-        ] var…_calling:MERGE_ASM_OUTPUTS -
[6c/0aef18] var…MUTECT2 (evoC-Bap1-ctrl-M) | 8 of 8, cached: 8 ✔
[03/7274d8] mbi…C-Bap1-ctrl-M-CHH-5-prime) | 24 of 24, cached: 24 ✔
[6a/f83b58] epi…ARR (evoC-Bap1-ctrl-M-CHG) | 24 of 24, cached: 24 ✔
[bd/e0b650] epi…ORT (evoC-Bap1-ctrl-M_CHH) | 14 of 22, cached: 14
[6b/886de2] epi…(evoC_Bap1_run-genome-CHH) | 1 of 1, cached: 1
[ba/0f088f] epi…ZARR (evoC-Bap1-ctrl-M-CG) | 8 of 8, cached: 8 ✔
[ef/2c82cf] epi…PORT (evoC-Bap1-ctrl-M_CG) | 8 of 8, cached: 8 ✔
[34/bb4ccb] epi…ZARR (evoC-Bap1-ctrl-M-CG) | 8 of 8, cached: 8 ✔
[cd/0be07a] epi…PORT (evoC-Bap1-ctrl-M_CG) | 8 of 8, cached: 8 ✔
[ab/4b9b86] epi…voC_Bap1_run-long_ctrl-CG) | 1 of 1, cached: 1 ✔
Plus 4 more processes waiting for tasks…
Running somatic variant calling with Mutect2

executor >  slurm (8)
[59/0f64df] res…W (evoC-Bap1-ctrl-M, L000) | 8 of 8, cached: 8 ✔
[94/d508a3] res…evoC-Bap1-ctrl-F-B2, L004) | 8 of 8, cached: 8 ✔
[-        ] resolve_align:FASTQC_RESOLVED  -
[b1/5265d3] res…2 (evoC-Bap1-ctrl-M, L000) | 8 of 8, cached: 8 ✔
[-        ] res…align:SAMTOOLS_MERGE_LANES -
[-        ] resolve_align:PRESEQ           -
[35/14a656] bam…:BAMLET (evoC-Bap1-ctrl-M) | 8 of 8, cached: 8 ✔
[e7/93c471] bam…P_BAMQC (evoC-Bap1-ctrl-M) | 8 of 8, cached: 8 ✔
[d7/91957f] bam…SS_BIAS (evoC-Bap1-ctrl-M) | 8 of 8, cached: 8 ✔
[-        ] bam…:DEEPTOOLS_PLOTFINGERPRINT -
[a0/ae2497] bam…_GCBIAS (evoC-Bap1-ctrl-M) | 8 of 8, cached: 8 ✔
[54/59c035] bam…CCURACY (evoC-Bap1-ctrl-M) | 8 of 8, cached: 8 ✔
[6d/56ee13] var…_CALLER (evoC-Bap1-ctrl-M) | 8 of 8, cached: 8 ✔
[ab/68d0ab] var…NTERVALS (GRCm38_filtered) | 1 of 1, cached: 1 ✔
[-        ] var…calling:GENOMICS_DB_IMPORT | 0 of 20
[-        ] variant_calling:GENOTYPE_GVCFS -
[-        ] var…t_calling:MERGE_JOINT_VCFS -
[-        ] variant_calling:ASM            -
[-        ] var…_calling:MERGE_ASM_OUTPUTS -
[6c/0aef18] var…MUTECT2 (evoC-Bap1-ctrl-M) | 8 of 8, cached: 8 ✔
[03/7274d8] mbi…C-Bap1-ctrl-M-CHH-5-prime) | 24 of 24, cached: 24 ✔
[6a/f83b58] epi…ARR (evoC-Bap1-ctrl-M-CHG) | 24 of 24, cached: 24 ✔
[05/609dcc] epi…PORT (evoC-Bap1-ctrl-M_CG) | 16 of 24, cached: 16
[a3/ccd062] epi… (evoC_Bap1_run-genome-CG) | 3 of 3, cached: 3 ✔
[ba/0f088f] epi…ZARR (evoC-Bap1-ctrl-M-CG) | 8 of 8, cached: 8 ✔
[ef/2c82cf] epi…PORT (evoC-Bap1-ctrl-M_CG) | 8 of 8, cached: 8 ✔
[34/bb4ccb] epi…ZARR (evoC-Bap1-ctrl-M-CG) | 8 of 8, cached: 8 ✔
[cd/0be07a] epi…PORT (evoC-Bap1-ctrl-M_CG) | 8 of 8, cached: 8 ✔
[ab/4b9b86] epi…voC_Bap1_run-long_ctrl-CG) | 1 of 1, cached: 1 ✔
Plus 4 more processes waiting for tasks…
Running somatic variant calling with Mutect2

executor >  slurm (9)
[59/0f64df] res…W (evoC-Bap1-ctrl-M, L000) | 8 of 8, cached: 8 ✔
[94/d508a3] res…evoC-Bap1-ctrl-F-B2, L004) | 8 of 8, cached: 8 ✔
[-        ] resolve_align:FASTQC_RESOLVED  -
[b1/5265d3] res…2 (evoC-Bap1-ctrl-M, L000) | 8 of 8, cached: 8 ✔
[-        ] res…align:SAMTOOLS_MERGE_LANES -
[-        ] resolve_align:PRESEQ           -
[35/14a656] bam…:BAMLET (evoC-Bap1-ctrl-M) | 8 of 8, cached: 8 ✔
[e7/93c471] bam…P_BAMQC (evoC-Bap1-ctrl-M) | 8 of 8, cached: 8 ✔
[d7/91957f] bam…SS_BIAS (evoC-Bap1-ctrl-M) | 8 of 8, cached: 8 ✔
[-        ] bam…:DEEPTOOLS_PLOTFINGERPRINT -
[a0/ae2497] bam…_GCBIAS (evoC-Bap1-ctrl-M) | 8 of 8, cached: 8 ✔
[54/59c035] bam…CCURACY (evoC-Bap1-ctrl-M) | 8 of 8, cached: 8 ✔
[6d/56ee13] var…_CALLER (evoC-Bap1-ctrl-M) | 8 of 8, cached: 8 ✔
[ab/68d0ab] var…NTERVALS (GRCm38_filtered) | 1 of 1, cached: 1 ✔
[fc/6112c9] var…DB_IMPORT (Interval: 0014) | 0 of 20
[-        ] variant_calling:GENOTYPE_GVCFS -
[-        ] var…t_calling:MERGE_JOINT_VCFS -
[-        ] variant_calling:ASM            -
[-        ] var…_calling:MERGE_ASM_OUTPUTS -
[6c/0aef18] var…MUTECT2 (evoC-Bap1-ctrl-M) | 8 of 8, cached: 8 ✔
[03/7274d8] mbi…C-Bap1-ctrl-M-CHH-5-prime) | 24 of 24, cached: 24 ✔
[6a/f83b58] epi…ARR (evoC-Bap1-ctrl-M-CHG) | 24 of 24, cached: 24 ✔
[05/609dcc] epi…PORT (evoC-Bap1-ctrl-M_CG) | 16 of 24, cached: 16
[a3/ccd062] epi… (evoC_Bap1_run-genome-CG) | 3 of 3, cached: 3 ✔
[ba/0f088f] epi…ZARR (evoC-Bap1-ctrl-M-CG) | 8 of 8, cached: 8 ✔
[ef/2c82cf] epi…PORT (evoC-Bap1-ctrl-M_CG) | 8 of 8, cached: 8 ✔
[34/bb4ccb] epi…ZARR (evoC-Bap1-ctrl-M-CG) | 8 of 8, cached: 8 ✔
[cd/0be07a] epi…PORT (evoC-Bap1-ctrl-M_CG) | 8 of 8, cached: 8 ✔
[ab/4b9b86] epi…voC_Bap1_run-long_ctrl-CG) | 1 of 1, cached: 1 ✔
[0e/f525a2] summary:DQSPY (evoC_Bap1_run)  | 1 of 1, cached: 1 ✔
Plus 3 more processes waiting for tasks…
Running somatic variant calling with Mutect2

executor >  slurm (10)
[59/0f64df] res…W (evoC-Bap1-ctrl-M, L000) | 8 of 8, cached: 8 ✔
[94/d508a3] res…evoC-Bap1-ctrl-F-B2, L004) | 8 of 8, cached: 8 ✔
[-        ] resolve_align:FASTQC_RESOLVED  -
[b1/5265d3] res…2 (evoC-Bap1-ctrl-M, L000) | 8 of 8, cached: 8 ✔
[-        ] res…align:SAMTOOLS_MERGE_LANES -
[-        ] resolve_align:PRESEQ           -
[35/14a656] bam…:BAMLET (evoC-Bap1-ctrl-M) | 8 of 8, cached: 8 ✔
[e7/93c471] bam…P_BAMQC (evoC-Bap1-ctrl-M) | 8 of 8, cached: 8 ✔
[d7/91957f] bam…SS_BIAS (evoC-Bap1-ctrl-M) | 8 of 8, cached: 8 ✔
[-        ] bam…:DEEPTOOLS_PLOTFINGERPRINT -
[a0/ae2497] bam…_GCBIAS (evoC-Bap1-ctrl-M) | 8 of 8, cached: 8 ✔
[54/59c035] bam…CCURACY (evoC-Bap1-ctrl-M) | 8 of 8, cached: 8 ✔
[6d/56ee13] var…_CALLER (evoC-Bap1-ctrl-M) | 8 of 8, cached: 8 ✔
[ab/68d0ab] var…NTERVALS (GRCm38_filtered) | 1 of 1, cached: 1 ✔
[9c/0af32f] var…DB_IMPORT (Interval: 0000) | 0 of 20
[-        ] variant_calling:GENOTYPE_GVCFS -
[-        ] var…t_calling:MERGE_JOINT_VCFS -
[-        ] variant_calling:ASM            -
[-        ] var…_calling:MERGE_ASM_OUTPUTS -
[6c/0aef18] var…MUTECT2 (evoC-Bap1-ctrl-M) | 8 of 8, cached: 8 ✔
[03/7274d8] mbi…C-Bap1-ctrl-M-CHH-5-prime) | 24 of 24, cached: 24 ✔
[6a/f83b58] epi…ARR (evoC-Bap1-ctrl-M-CHG) | 24 of 24, cached: 24 ✔
[05/609dcc] epi…PORT (evoC-Bap1-ctrl-M_CG) | 16 of 24, cached: 16
[a3/ccd062] epi… (evoC_Bap1_run-genome-CG) | 3 of 3, cached: 3 ✔
[ba/0f088f] epi…ZARR (evoC-Bap1-ctrl-M-CG) | 8 of 8, cached: 8 ✔
[ef/2c82cf] epi…PORT (evoC-Bap1-ctrl-M_CG) | 8 of 8, cached: 8 ✔
[34/bb4ccb] epi…ZARR (evoC-Bap1-ctrl-M-CG) | 8 of 8, cached: 8 ✔
[cd/0be07a] epi…PORT (evoC-Bap1-ctrl-M_CG) | 8 of 8, cached: 8 ✔
[ab/4b9b86] epi…voC_Bap1_run-long_ctrl-CG) | 1 of 1, cached: 1 ✔
[0e/f525a2] summary:DQSPY (evoC_Bap1_run)  | 1 of 1, cached: 1 ✔
Plus 3 more processes waiting for tasks…
Running somatic variant calling with Mutect2

executor >  slurm (11)
[59/0f64df] res…W (evoC-Bap1-ctrl-M, L000) | 8 of 8, cached: 8 ✔
[94/d508a3] res…evoC-Bap1-ctrl-F-B2, L004) | 8 of 8, cached: 8 ✔
[-        ] resolve_align:FASTQC_RESOLVED  -
[b1/5265d3] res…2 (evoC-Bap1-ctrl-M, L000) | 8 of 8, cached: 8 ✔
[-        ] res…align:SAMTOOLS_MERGE_LANES -
[-        ] resolve_align:PRESEQ           -
[35/14a656] bam…:BAMLET (evoC-Bap1-ctrl-M) | 8 of 8, cached: 8 ✔
[e7/93c471] bam…P_BAMQC (evoC-Bap1-ctrl-M) | 8 of 8, cached: 8 ✔
[d7/91957f] bam…SS_BIAS (evoC-Bap1-ctrl-M) | 8 of 8, cached: 8 ✔
[-        ] bam…:DEEPTOOLS_PLOTFINGERPRINT -
[a0/ae2497] bam…_GCBIAS (evoC-Bap1-ctrl-M) | 8 of 8, cached: 8 ✔
[54/59c035] bam…CCURACY (evoC-Bap1-ctrl-M) | 8 of 8, cached: 8 ✔
[6d/56ee13] var…_CALLER (evoC-Bap1-ctrl-M) | 8 of 8, cached: 8 ✔
[ab/68d0ab] var…NTERVALS (GRCm38_filtered) | 1 of 1, cached: 1 ✔
[a1/438377] var…DB_IMPORT (Interval: 0007) | 0 of 20
[-        ] variant_calling:GENOTYPE_GVCFS -
[-        ] var…t_calling:MERGE_JOINT_VCFS -
[-        ] variant_calling:ASM            -
[-        ] var…_calling:MERGE_ASM_OUTPUTS -
[6c/0aef18] var…MUTECT2 (evoC-Bap1-ctrl-M) | 8 of 8, cached: 8 ✔
[03/7274d8] mbi…C-Bap1-ctrl-M-CHH-5-prime) | 24 of 24, cached: 24 ✔
[6a/f83b58] epi…ARR (evoC-Bap1-ctrl-M-CHG) | 24 of 24, cached: 24 ✔
[05/609dcc] epi…PORT (evoC-Bap1-ctrl-M_CG) | 16 of 24, cached: 16
[a3/ccd062] epi… (evoC_Bap1_run-genome-CG) | 3 of 3, cached: 3 ✔
[ba/0f088f] epi…ZARR (evoC-Bap1-ctrl-M-CG) | 8 of 8, cached: 8 ✔
[ef/2c82cf] epi…PORT (evoC-Bap1-ctrl-M_CG) | 8 of 8, cached: 8 ✔
[34/bb4ccb] epi…ZARR (evoC-Bap1-ctrl-M-CG) | 8 of 8, cached: 8 ✔
[cd/0be07a] epi…PORT (evoC-Bap1-ctrl-M_CG) | 8 of 8, cached: 8 ✔
[ab/4b9b86] epi…voC_Bap1_run-long_ctrl-CG) | 1 of 1, cached: 1 ✔
[0e/f525a2] summary:DQSPY (evoC_Bap1_run)  | 1 of 1, cached: 1 ✔
Plus 3 more processes waiting for tasks…
Running somatic variant calling with Mutect2

executor >  slurm (12)
[59/0f64df] res…W (evoC-Bap1-ctrl-M, L000) | 8 of 8, cached: 8 ✔
[94/d508a3] res…evoC-Bap1-ctrl-F-B2, L004) | 8 of 8, cached: 8 ✔
[-        ] resolve_align:FASTQC_RESOLVED  -
[b1/5265d3] res…2 (evoC-Bap1-ctrl-M, L000) | 8 of 8, cached: 8 ✔
[-        ] res…align:SAMTOOLS_MERGE_LANES -
[-        ] resolve_align:PRESEQ           -
[35/14a656] bam…:BAMLET (evoC-Bap1-ctrl-M) | 8 of 8, cached: 8 ✔
[e7/93c471] bam…P_BAMQC (evoC-Bap1-ctrl-M) | 8 of 8, cached: 8 ✔
[d7/91957f] bam…SS_BIAS (evoC-Bap1-ctrl-M) | 8 of 8, cached: 8 ✔
[-        ] bam…:DEEPTOOLS_PLOTFINGERPRINT -
[a0/ae2497] bam…_GCBIAS (evoC-Bap1-ctrl-M) | 8 of 8, cached: 8 ✔
[54/59c035] bam…CCURACY (evoC-Bap1-ctrl-M) | 8 of 8, cached: 8 ✔
[6d/56ee13] var…_CALLER (evoC-Bap1-ctrl-M) | 8 of 8, cached: 8 ✔
[ab/68d0ab] var…NTERVALS (GRCm38_filtered) | 1 of 1, cached: 1 ✔
[9b/3fa866] var…DB_IMPORT (Interval: 0010) | 0 of 20
[-        ] variant_calling:GENOTYPE_GVCFS -
[-        ] var…t_calling:MERGE_JOINT_VCFS -
[-        ] variant_calling:ASM            -
[-        ] var…_calling:MERGE_ASM_OUTPUTS -
[6c/0aef18] var…MUTECT2 (evoC-Bap1-ctrl-M) | 8 of 8, cached: 8 ✔
[03/7274d8] mbi…C-Bap1-ctrl-M-CHH-5-prime) | 24 of 24, cached: 24 ✔
[6a/f83b58] epi…ARR (evoC-Bap1-ctrl-M-CHG) | 24 of 24, cached: 24 ✔
[05/609dcc] epi…PORT (evoC-Bap1-ctrl-M_CG) | 16 of 24, cached: 16
[a3/ccd062] epi… (evoC_Bap1_run-genome-CG) | 3 of 3, cached: 3 ✔
[ba/0f088f] epi…ZARR (evoC-Bap1-ctrl-M-CG) | 8 of 8, cached: 8 ✔
[ef/2c82cf] epi…PORT (evoC-Bap1-ctrl-M_CG) | 8 of 8, cached: 8 ✔
[34/bb4ccb] epi…ZARR (evoC-Bap1-ctrl-M-CG) | 8 of 8, cached: 8 ✔
[cd/0be07a] epi…PORT (evoC-Bap1-ctrl-M_CG) | 8 of 8, cached: 8 ✔
[ab/4b9b86] epi…voC_Bap1_run-long_ctrl-CG) | 1 of 1, cached: 1 ✔
[0e/f525a2] summary:DQSPY (evoC_Bap1_run)  | 1 of 1, cached: 1 ✔
Plus 3 more processes waiting for tasks…
Running somatic variant calling with Mutect2

executor >  slurm (13)
[59/0f64df] res…W (evoC-Bap1-ctrl-M, L000) | 8 of 8, cached: 8 ✔
[94/d508a3] res…evoC-Bap1-ctrl-F-B2, L004) | 8 of 8, cached: 8 ✔
[-        ] resolve_align:FASTQC_RESOLVED  -
[b1/5265d3] res…2 (evoC-Bap1-ctrl-M, L000) | 8 of 8, cached: 8 ✔
[-        ] res…align:SAMTOOLS_MERGE_LANES -
[-        ] resolve_align:PRESEQ           -
[35/14a656] bam…:BAMLET (evoC-Bap1-ctrl-M) | 8 of 8, cached: 8 ✔
[e7/93c471] bam…P_BAMQC (evoC-Bap1-ctrl-M) | 8 of 8, cached: 8 ✔
[d7/91957f] bam…SS_BIAS (evoC-Bap1-ctrl-M) | 8 of 8, cached: 8 ✔
[-        ] bam…:DEEPTOOLS_PLOTFINGERPRINT -
[a0/ae2497] bam…_GCBIAS (evoC-Bap1-ctrl-M) | 8 of 8, cached: 8 ✔
[54/59c035] bam…CCURACY (evoC-Bap1-ctrl-M) | 8 of 8, cached: 8 ✔
[6d/56ee13] var…_CALLER (evoC-Bap1-ctrl-M) | 8 of 8, cached: 8 ✔
[ab/68d0ab] var…NTERVALS (GRCm38_filtered) | 1 of 1, cached: 1 ✔
[bf/b7edad] var…DB_IMPORT (Interval: 0015) | 0 of 20
[-        ] variant_calling:GENOTYPE_GVCFS -
[-        ] var…t_calling:MERGE_JOINT_VCFS -
[-        ] variant_calling:ASM            -
[-        ] var…_calling:MERGE_ASM_OUTPUTS -
[6c/0aef18] var…MUTECT2 (evoC-Bap1-ctrl-M) | 8 of 8, cached: 8 ✔
[03/7274d8] mbi…C-Bap1-ctrl-M-CHH-5-prime) | 24 of 24, cached: 24 ✔
[6a/f83b58] epi…ARR (evoC-Bap1-ctrl-M-CHG) | 24 of 24, cached: 24 ✔
[05/609dcc] epi…PORT (evoC-Bap1-ctrl-M_CG) | 16 of 24, cached: 16
[a3/ccd062] epi… (evoC_Bap1_run-genome-CG) | 3 of 3, cached: 3 ✔
[ba/0f088f] epi…ZARR (evoC-Bap1-ctrl-M-CG) | 8 of 8, cached: 8 ✔
[ef/2c82cf] epi…PORT (evoC-Bap1-ctrl-M_CG) | 8 of 8, cached: 8 ✔
[34/bb4ccb] epi…ZARR (evoC-Bap1-ctrl-M-CG) | 8 of 8, cached: 8 ✔
[cd/0be07a] epi…PORT (evoC-Bap1-ctrl-M_CG) | 8 of 8, cached: 8 ✔
[ab/4b9b86] epi…voC_Bap1_run-long_ctrl-CG) | 1 of 1, cached: 1 ✔
[0e/f525a2] summary:DQSPY (evoC_Bap1_run)  | 1 of 1, cached: 1 ✔
Plus 3 more processes waiting for tasks…
Running somatic variant calling with Mutect2

executor >  slurm (14)
[59/0f64df] res…W (evoC-Bap1-ctrl-M, L000) | 8 of 8, cached: 8 ✔
[94/d508a3] res…evoC-Bap1-ctrl-F-B2, L004) | 8 of 8, cached: 8 ✔
[-        ] resolve_align:FASTQC_RESOLVED  -
[b1/5265d3] res…2 (evoC-Bap1-ctrl-M, L000) | 8 of 8, cached: 8 ✔
[-        ] res…align:SAMTOOLS_MERGE_LANES -
[-        ] resolve_align:PRESEQ           -
[35/14a656] bam…:BAMLET (evoC-Bap1-ctrl-M) | 8 of 8, cached: 8 ✔
[e7/93c471] bam…P_BAMQC (evoC-Bap1-ctrl-M) | 8 of 8, cached: 8 ✔
[d7/91957f] bam…SS_BIAS (evoC-Bap1-ctrl-M) | 8 of 8, cached: 8 ✔
[-        ] bam…:DEEPTOOLS_PLOTFINGERPRINT -
[a0/ae2497] bam…_GCBIAS (evoC-Bap1-ctrl-M) | 8 of 8, cached: 8 ✔
[54/59c035] bam…CCURACY (evoC-Bap1-ctrl-M) | 8 of 8, cached: 8 ✔
[6d/56ee13] var…_CALLER (evoC-Bap1-ctrl-M) | 8 of 8, cached: 8 ✔
[ab/68d0ab] var…NTERVALS (GRCm38_filtered) | 1 of 1, cached: 1 ✔
[c9/d11c80] var…DB_IMPORT (Interval: 0002) | 0 of 20
[-        ] variant_calling:GENOTYPE_GVCFS -
[-        ] var…t_calling:MERGE_JOINT_VCFS -
[-        ] variant_calling:ASM            -
[-        ] var…_calling:MERGE_ASM_OUTPUTS -
[6c/0aef18] var…MUTECT2 (evoC-Bap1-ctrl-M) | 8 of 8, cached: 8 ✔
[03/7274d8] mbi…C-Bap1-ctrl-M-CHH-5-prime) | 24 of 24, cached: 24 ✔
[6a/f83b58] epi…ARR (evoC-Bap1-ctrl-M-CHG) | 24 of 24, cached: 24 ✔
[05/609dcc] epi…PORT (evoC-Bap1-ctrl-M_CG) | 16 of 24, cached: 16
[a3/ccd062] epi… (evoC_Bap1_run-genome-CG) | 3 of 3, cached: 3 ✔
[ba/0f088f] epi…ZARR (evoC-Bap1-ctrl-M-CG) | 8 of 8, cached: 8 ✔
[ef/2c82cf] epi…PORT (evoC-Bap1-ctrl-M_CG) | 8 of 8, cached: 8 ✔
[34/bb4ccb] epi…ZARR (evoC-Bap1-ctrl-M-CG) | 8 of 8, cached: 8 ✔
[cd/0be07a] epi…PORT (evoC-Bap1-ctrl-M_CG) | 8 of 8, cached: 8 ✔
[ab/4b9b86] epi…voC_Bap1_run-long_ctrl-CG) | 1 of 1, cached: 1 ✔
[0e/f525a2] summary:DQSPY (evoC_Bap1_run)  | 1 of 1, cached: 1 ✔
Plus 3 more processes waiting for tasks…
Running somatic variant calling with Mutect2

executor >  slurm (15)
[59/0f64df] res…W (evoC-Bap1-ctrl-M, L000) | 8 of 8, cached: 8 ✔
[94/d508a3] res…evoC-Bap1-ctrl-F-B2, L004) | 8 of 8, cached: 8 ✔
[-        ] resolve_align:FASTQC_RESOLVED  -
[b1/5265d3] res…2 (evoC-Bap1-ctrl-M, L000) | 8 of 8, cached: 8 ✔
[-        ] res…align:SAMTOOLS_MERGE_LANES -
[-        ] resolve_align:PRESEQ           -
[35/14a656] bam…:BAMLET (evoC-Bap1-ctrl-M) | 8 of 8, cached: 8 ✔
[e7/93c471] bam…P_BAMQC (evoC-Bap1-ctrl-M) | 8 of 8, cached: 8 ✔
[d7/91957f] bam…SS_BIAS (evoC-Bap1-ctrl-M) | 8 of 8, cached: 8 ✔
[-        ] bam…:DEEPTOOLS_PLOTFINGERPRINT -
[a0/ae2497] bam…_GCBIAS (evoC-Bap1-ctrl-M) | 8 of 8, cached: 8 ✔
[54/59c035] bam…CCURACY (evoC-Bap1-ctrl-M) | 8 of 8, cached: 8 ✔
[6d/56ee13] var…_CALLER (evoC-Bap1-ctrl-M) | 8 of 8, cached: 8 ✔
[ab/68d0ab] var…NTERVALS (GRCm38_filtered) | 1 of 1, cached: 1 ✔
[dd/2b2b67] var…DB_IMPORT (Interval: 0003) | 0 of 20
[-        ] variant_calling:GENOTYPE_GVCFS -
[-        ] var…t_calling:MERGE_JOINT_VCFS -
[-        ] variant_calling:ASM            -
[-        ] var…_calling:MERGE_ASM_OUTPUTS -
[6c/0aef18] var…MUTECT2 (evoC-Bap1-ctrl-M) | 8 of 8, cached: 8 ✔
[03/7274d8] mbi…C-Bap1-ctrl-M-CHH-5-prime) | 24 of 24, cached: 24 ✔
[6a/f83b58] epi…ARR (evoC-Bap1-ctrl-M-CHG) | 24 of 24, cached: 24 ✔
[05/609dcc] epi…PORT (evoC-Bap1-ctrl-M_CG) | 16 of 24, cached: 16
[a3/ccd062] epi… (evoC_Bap1_run-genome-CG) | 3 of 3, cached: 3 ✔
[ba/0f088f] epi…ZARR (evoC-Bap1-ctrl-M-CG) | 8 of 8, cached: 8 ✔
[ef/2c82cf] epi…PORT (evoC-Bap1-ctrl-M_CG) | 8 of 8, cached: 8 ✔
[34/bb4ccb] epi…ZARR (evoC-Bap1-ctrl-M-CG) | 8 of 8, cached: 8 ✔
[cd/0be07a] epi…PORT (evoC-Bap1-ctrl-M_CG) | 8 of 8, cached: 8 ✔
[ab/4b9b86] epi…voC_Bap1_run-long_ctrl-CG) | 1 of 1, cached: 1 ✔
[0e/f525a2] summary:DQSPY (evoC_Bap1_run)  | 1 of 1, cached: 1 ✔
Plus 3 more processes waiting for tasks…
Running somatic variant calling with Mutect2

executor >  slurm (16)
[59/0f64df] res…W (evoC-Bap1-ctrl-M, L000) | 8 of 8, cached: 8 ✔
[94/d508a3] res…evoC-Bap1-ctrl-F-B2, L004) | 8 of 8, cached: 8 ✔
[-        ] resolve_align:FASTQC_RESOLVED  -
[b1/5265d3] res…2 (evoC-Bap1-ctrl-M, L000) | 8 of 8, cached: 8 ✔
[-        ] res…align:SAMTOOLS_MERGE_LANES -
[-        ] resolve_align:PRESEQ           -
[35/14a656] bam…:BAMLET (evoC-Bap1-ctrl-M) | 8 of 8, cached: 8 ✔
[e7/93c471] bam…P_BAMQC (evoC-Bap1-ctrl-M) | 8 of 8, cached: 8 ✔
[d7/91957f] bam…SS_BIAS (evoC-Bap1-ctrl-M) | 8 of 8, cached: 8 ✔
[-        ] bam…:DEEPTOOLS_PLOTFINGERPRINT -
[a0/ae2497] bam…_GCBIAS (evoC-Bap1-ctrl-M) | 8 of 8, cached: 8 ✔
[54/59c035] bam…CCURACY (evoC-Bap1-ctrl-M) | 8 of 8, cached: 8 ✔
[6d/56ee13] var…_CALLER (evoC-Bap1-ctrl-M) | 8 of 8, cached: 8 ✔
[ab/68d0ab] var…NTERVALS (GRCm38_filtered) | 1 of 1, cached: 1 ✔
[94/d2b78b] var…DB_IMPORT (Interval: 0004) | 0 of 20
[-        ] variant_calling:GENOTYPE_GVCFS -
[-        ] var…t_calling:MERGE_JOINT_VCFS -
[-        ] variant_calling:ASM            -
[-        ] var…_calling:MERGE_ASM_OUTPUTS -
[6c/0aef18] var…MUTECT2 (evoC-Bap1-ctrl-M) | 8 of 8, cached: 8 ✔
[03/7274d8] mbi…C-Bap1-ctrl-M-CHH-5-prime) | 24 of 24, cached: 24 ✔
[6a/f83b58] epi…ARR (evoC-Bap1-ctrl-M-CHG) | 24 of 24, cached: 24 ✔
[05/609dcc] epi…PORT (evoC-Bap1-ctrl-M_CG) | 16 of 24, cached: 16
[a3/ccd062] epi… (evoC_Bap1_run-genome-CG) | 3 of 3, cached: 3 ✔
[ba/0f088f] epi…ZARR (evoC-Bap1-ctrl-M-CG) | 8 of 8, cached: 8 ✔
[ef/2c82cf] epi…PORT (evoC-Bap1-ctrl-M_CG) | 8 of 8, cached: 8 ✔
[34/bb4ccb] epi…ZARR (evoC-Bap1-ctrl-M-CG) | 8 of 8, cached: 8 ✔
[cd/0be07a] epi…PORT (evoC-Bap1-ctrl-M_CG) | 8 of 8, cached: 8 ✔
[ab/4b9b86] epi…voC_Bap1_run-long_ctrl-CG) | 1 of 1, cached: 1 ✔
[0e/f525a2] summary:DQSPY (evoC_Bap1_run)  | 1 of 1, cached: 1 ✔
Plus 3 more processes waiting for tasks…
Running somatic variant calling with Mutect2

executor >  slurm (17)
[59/0f64df] res…W (evoC-Bap1-ctrl-M, L000) | 8 of 8, cached: 8 ✔
[94/d508a3] res…evoC-Bap1-ctrl-F-B2, L004) | 8 of 8, cached: 8 ✔
[-        ] resolve_align:FASTQC_RESOLVED  -
[b1/5265d3] res…2 (evoC-Bap1-ctrl-M, L000) | 8 of 8, cached: 8 ✔
[-        ] res…align:SAMTOOLS_MERGE_LANES -
[-        ] resolve_align:PRESEQ           -
[35/14a656] bam…:BAMLET (evoC-Bap1-ctrl-M) | 8 of 8, cached: 8 ✔
[e7/93c471] bam…P_BAMQC (evoC-Bap1-ctrl-M) | 8 of 8, cached: 8 ✔
[d7/91957f] bam…SS_BIAS (evoC-Bap1-ctrl-M) | 8 of 8, cached: 8 ✔
[-        ] bam…:DEEPTOOLS_PLOTFINGERPRINT -
[a0/ae2497] bam…_GCBIAS (evoC-Bap1-ctrl-M) | 8 of 8, cached: 8 ✔
[54/59c035] bam…CCURACY (evoC-Bap1-ctrl-M) | 8 of 8, cached: 8 ✔
[6d/56ee13] var…_CALLER (evoC-Bap1-ctrl-M) | 8 of 8, cached: 8 ✔
[ab/68d0ab] var…NTERVALS (GRCm38_filtered) | 1 of 1, cached: 1 ✔
[08/5d4751] var…DB_IMPORT (Interval: 0001) | 0 of 20
[-        ] variant_calling:GENOTYPE_GVCFS -
[-        ] var…t_calling:MERGE_JOINT_VCFS -
[-        ] variant_calling:ASM            -
[-        ] var…_calling:MERGE_ASM_OUTPUTS -
[6c/0aef18] var…MUTECT2 (evoC-Bap1-ctrl-M) | 8 of 8, cached: 8 ✔
[03/7274d8] mbi…C-Bap1-ctrl-M-CHH-5-prime) | 24 of 24, cached: 24 ✔
[6a/f83b58] epi…ARR (evoC-Bap1-ctrl-M-CHG) | 24 of 24, cached: 24 ✔
[05/609dcc] epi…PORT (evoC-Bap1-ctrl-M_CG) | 16 of 24, cached: 16
[a3/ccd062] epi… (evoC_Bap1_run-genome-CG) | 3 of 3, cached: 3 ✔
[ba/0f088f] epi…ZARR (evoC-Bap1-ctrl-M-CG) | 8 of 8, cached: 8 ✔
[ef/2c82cf] epi…PORT (evoC-Bap1-ctrl-M_CG) | 8 of 8, cached: 8 ✔
[34/bb4ccb] epi…ZARR (evoC-Bap1-ctrl-M-CG) | 8 of 8, cached: 8 ✔
[cd/0be07a] epi…PORT (evoC-Bap1-ctrl-M_CG) | 8 of 8, cached: 8 ✔
[ab/4b9b86] epi…voC_Bap1_run-long_ctrl-CG) | 1 of 1, cached: 1 ✔
[0e/f525a2] summary:DQSPY (evoC_Bap1_run)  | 1 of 1, cached: 1 ✔
Plus 3 more processes waiting for tasks…
Running somatic variant calling with Mutect2

executor >  slurm (18)
[59/0f64df] res…W (evoC-Bap1-ctrl-M, L000) | 8 of 8, cached: 8 ✔
[94/d508a3] res…evoC-Bap1-ctrl-F-B2, L004) | 8 of 8, cached: 8 ✔
[-        ] resolve_align:FASTQC_RESOLVED  -
[b1/5265d3] res…2 (evoC-Bap1-ctrl-M, L000) | 8 of 8, cached: 8 ✔
[-        ] res…align:SAMTOOLS_MERGE_LANES -
[-        ] resolve_align:PRESEQ           -
[35/14a656] bam…:BAMLET (evoC-Bap1-ctrl-M) | 8 of 8, cached: 8 ✔
[e7/93c471] bam…P_BAMQC (evoC-Bap1-ctrl-M) | 8 of 8, cached: 8 ✔
[d7/91957f] bam…SS_BIAS (evoC-Bap1-ctrl-M) | 8 of 8, cached: 8 ✔
[-        ] bam…:DEEPTOOLS_PLOTFINGERPRINT -
[a0/ae2497] bam…_GCBIAS (evoC-Bap1-ctrl-M) | 8 of 8, cached: 8 ✔
[54/59c035] bam…CCURACY (evoC-Bap1-ctrl-M) | 8 of 8, cached: 8 ✔
[6d/56ee13] var…_CALLER (evoC-Bap1-ctrl-M) | 8 of 8, cached: 8 ✔
[ab/68d0ab] var…NTERVALS (GRCm38_filtered) | 1 of 1, cached: 1 ✔
[89/e9807f] var…DB_IMPORT (Interval: 0017) | 0 of 20
[-        ] variant_calling:GENOTYPE_GVCFS -
[-        ] var…t_calling:MERGE_JOINT_VCFS -
[-        ] variant_calling:ASM            -
[-        ] var…_calling:MERGE_ASM_OUTPUTS -
[6c/0aef18] var…MUTECT2 (evoC-Bap1-ctrl-M) | 8 of 8, cached: 8 ✔
[03/7274d8] mbi…C-Bap1-ctrl-M-CHH-5-prime) | 24 of 24, cached: 24 ✔
[6a/f83b58] epi…ARR (evoC-Bap1-ctrl-M-CHG) | 24 of 24, cached: 24 ✔
[05/609dcc] epi…PORT (evoC-Bap1-ctrl-M_CG) | 16 of 24, cached: 16
[a3/ccd062] epi… (evoC_Bap1_run-genome-CG) | 3 of 3, cached: 3 ✔
[ba/0f088f] epi…ZARR (evoC-Bap1-ctrl-M-CG) | 8 of 8, cached: 8 ✔
[ef/2c82cf] epi…PORT (evoC-Bap1-ctrl-M_CG) | 8 of 8, cached: 8 ✔
[34/bb4ccb] epi…ZARR (evoC-Bap1-ctrl-M-CG) | 8 of 8, cached: 8 ✔
[cd/0be07a] epi…PORT (evoC-Bap1-ctrl-M_CG) | 8 of 8, cached: 8 ✔
[ab/4b9b86] epi…voC_Bap1_run-long_ctrl-CG) | 1 of 1, cached: 1 ✔
[0e/f525a2] summary:DQSPY (evoC_Bap1_run)  | 1 of 1, cached: 1 ✔
Plus 3 more processes waiting for tasks…
Running somatic variant calling with Mutect2

executor >  slurm (19)
[59/0f64df] res…W (evoC-Bap1-ctrl-M, L000) | 8 of 8, cached: 8 ✔
[94/d508a3] res…evoC-Bap1-ctrl-F-B2, L004) | 8 of 8, cached: 8 ✔
[-        ] resolve_align:FASTQC_RESOLVED  -
[b1/5265d3] res…2 (evoC-Bap1-ctrl-M, L000) | 8 of 8, cached: 8 ✔
[-        ] res…align:SAMTOOLS_MERGE_LANES -
[-        ] resolve_align:PRESEQ           -
[35/14a656] bam…:BAMLET (evoC-Bap1-ctrl-M) | 8 of 8, cached: 8 ✔
[e7/93c471] bam…P_BAMQC (evoC-Bap1-ctrl-M) | 8 of 8, cached: 8 ✔
[d7/91957f] bam…SS_BIAS (evoC-Bap1-ctrl-M) | 8 of 8, cached: 8 ✔
[-        ] bam…:DEEPTOOLS_PLOTFINGERPRINT -
[a0/ae2497] bam…_GCBIAS (evoC-Bap1-ctrl-M) | 8 of 8, cached: 8 ✔
[54/59c035] bam…CCURACY (evoC-Bap1-ctrl-M) | 8 of 8, cached: 8 ✔
[6d/56ee13] var…_CALLER (evoC-Bap1-ctrl-M) | 8 of 8, cached: 8 ✔
[ab/68d0ab] var…NTERVALS (GRCm38_filtered) | 1 of 1, cached: 1 ✔
[6c/292b36] var…DB_IMPORT (Interval: 0019) | 0 of 20
[-        ] variant_calling:GENOTYPE_GVCFS -
[-        ] var…t_calling:MERGE_JOINT_VCFS -
[-        ] variant_calling:ASM            -
[-        ] var…_calling:MERGE_ASM_OUTPUTS -
[6c/0aef18] var…MUTECT2 (evoC-Bap1-ctrl-M) | 8 of 8, cached: 8 ✔
[03/7274d8] mbi…C-Bap1-ctrl-M-CHH-5-prime) | 24 of 24, cached: 24 ✔
[6a/f83b58] epi…ARR (evoC-Bap1-ctrl-M-CHG) | 24 of 24, cached: 24 ✔
[05/609dcc] epi…PORT (evoC-Bap1-ctrl-M_CG) | 16 of 24, cached: 16
[a3/ccd062] epi… (evoC_Bap1_run-genome-CG) | 3 of 3, cached: 3 ✔
[ba/0f088f] epi…ZARR (evoC-Bap1-ctrl-M-CG) | 8 of 8, cached: 8 ✔
[ef/2c82cf] epi…PORT (evoC-Bap1-ctrl-M_CG) | 8 of 8, cached: 8 ✔
[34/bb4ccb] epi…ZARR (evoC-Bap1-ctrl-M-CG) | 8 of 8, cached: 8 ✔
[cd/0be07a] epi…PORT (evoC-Bap1-ctrl-M_CG) | 8 of 8, cached: 8 ✔
[ab/4b9b86] epi…voC_Bap1_run-long_ctrl-CG) | 1 of 1, cached: 1 ✔
[0e/f525a2] summary:DQSPY (evoC_Bap1_run)  | 1 of 1, cached: 1 ✔
Plus 3 more processes waiting for tasks…
Running somatic variant calling with Mutect2

executor >  slurm (20)
[59/0f64df] res…W (evoC-Bap1-ctrl-M, L000) | 8 of 8, cached: 8 ✔
[94/d508a3] res…evoC-Bap1-ctrl-F-B2, L004) | 8 of 8, cached: 8 ✔
[-        ] resolve_align:FASTQC_RESOLVED  -
[b1/5265d3] res…2 (evoC-Bap1-ctrl-M, L000) | 8 of 8, cached: 8 ✔
[-        ] res…align:SAMTOOLS_MERGE_LANES -
[-        ] resolve_align:PRESEQ           -
[35/14a656] bam…:BAMLET (evoC-Bap1-ctrl-M) | 8 of 8, cached: 8 ✔
[e7/93c471] bam…P_BAMQC (evoC-Bap1-ctrl-M) | 8 of 8, cached: 8 ✔
[d7/91957f] bam…SS_BIAS (evoC-Bap1-ctrl-M) | 8 of 8, cached: 8 ✔
[-        ] bam…:DEEPTOOLS_PLOTFINGERPRINT -
[a0/ae2497] bam…_GCBIAS (evoC-Bap1-ctrl-M) | 8 of 8, cached: 8 ✔
[54/59c035] bam…CCURACY (evoC-Bap1-ctrl-M) | 8 of 8, cached: 8 ✔
[6d/56ee13] var…_CALLER (evoC-Bap1-ctrl-M) | 8 of 8, cached: 8 ✔
[ab/68d0ab] var…NTERVALS (GRCm38_filtered) | 1 of 1, cached: 1 ✔
[f9/a9bcd2] var…DB_IMPORT (Interval: 0016) | 0 of 20
[-        ] variant_calling:GENOTYPE_GVCFS -
[-        ] var…t_calling:MERGE_JOINT_VCFS -
[-        ] variant_calling:ASM            -
[-        ] var…_calling:MERGE_ASM_OUTPUTS -
[6c/0aef18] var…MUTECT2 (evoC-Bap1-ctrl-M) | 8 of 8, cached: 8 ✔
[03/7274d8] mbi…C-Bap1-ctrl-M-CHH-5-prime) | 24 of 24, cached: 24 ✔
[6a/f83b58] epi…ARR (evoC-Bap1-ctrl-M-CHG) | 24 of 24, cached: 24 ✔
[05/609dcc] epi…PORT (evoC-Bap1-ctrl-M_CG) | 16 of 24, cached: 16
[a3/ccd062] epi… (evoC_Bap1_run-genome-CG) | 3 of 3, cached: 3 ✔
[ba/0f088f] epi…ZARR (evoC-Bap1-ctrl-M-CG) | 8 of 8, cached: 8 ✔
[ef/2c82cf] epi…PORT (evoC-Bap1-ctrl-M_CG) | 8 of 8, cached: 8 ✔
[34/bb4ccb] epi…ZARR (evoC-Bap1-ctrl-M-CG) | 8 of 8, cached: 8 ✔
[cd/0be07a] epi…PORT (evoC-Bap1-ctrl-M_CG) | 8 of 8, cached: 8 ✔
[ab/4b9b86] epi…voC_Bap1_run-long_ctrl-CG) | 1 of 1, cached: 1 ✔
[0e/f525a2] summary:DQSPY (evoC_Bap1_run)  | 1 of 1, cached: 1 ✔
Plus 3 more processes waiting for tasks…
Running somatic variant calling with Mutect2

executor >  slurm (21)
[59/0f64df] res…W (evoC-Bap1-ctrl-M, L000) | 8 of 8, cached: 8 ✔
[94/d508a3] res…evoC-Bap1-ctrl-F-B2, L004) | 8 of 8, cached: 8 ✔
[-        ] resolve_align:FASTQC_RESOLVED  -
[b1/5265d3] res…2 (evoC-Bap1-ctrl-M, L000) | 8 of 8, cached: 8 ✔
[-        ] res…align:SAMTOOLS_MERGE_LANES -
[-        ] resolve_align:PRESEQ           -
[35/14a656] bam…:BAMLET (evoC-Bap1-ctrl-M) | 8 of 8, cached: 8 ✔
[e7/93c471] bam…P_BAMQC (evoC-Bap1-ctrl-M) | 8 of 8, cached: 8 ✔
[d7/91957f] bam…SS_BIAS (evoC-Bap1-ctrl-M) | 8 of 8, cached: 8 ✔
[-        ] bam…:DEEPTOOLS_PLOTFINGERPRINT -
[a0/ae2497] bam…_GCBIAS (evoC-Bap1-ctrl-M) | 8 of 8, cached: 8 ✔
[54/59c035] bam…CCURACY (evoC-Bap1-ctrl-M) | 8 of 8, cached: 8 ✔
[6d/56ee13] var…_CALLER (evoC-Bap1-ctrl-M) | 8 of 8, cached: 8 ✔
[ab/68d0ab] var…NTERVALS (GRCm38_filtered) | 1 of 1, cached: 1 ✔
[a0/74ef65] var…DB_IMPORT (Interval: 0011) | 0 of 20
[-        ] variant_calling:GENOTYPE_GVCFS -
[-        ] var…t_calling:MERGE_JOINT_VCFS -
[-        ] variant_calling:ASM            -
[-        ] var…_calling:MERGE_ASM_OUTPUTS -
[6c/0aef18] var…MUTECT2 (evoC-Bap1-ctrl-M) | 8 of 8, cached: 8 ✔
[03/7274d8] mbi…C-Bap1-ctrl-M-CHH-5-prime) | 24 of 24, cached: 24 ✔
[6a/f83b58] epi…ARR (evoC-Bap1-ctrl-M-CHG) | 24 of 24, cached: 24 ✔
[05/609dcc] epi…PORT (evoC-Bap1-ctrl-M_CG) | 16 of 24, cached: 16
[a3/ccd062] epi… (evoC_Bap1_run-genome-CG) | 3 of 3, cached: 3 ✔
[ba/0f088f] epi…ZARR (evoC-Bap1-ctrl-M-CG) | 8 of 8, cached: 8 ✔
[ef/2c82cf] epi…PORT (evoC-Bap1-ctrl-M_CG) | 8 of 8, cached: 8 ✔
[34/bb4ccb] epi…ZARR (evoC-Bap1-ctrl-M-CG) | 8 of 8, cached: 8 ✔
[cd/0be07a] epi…PORT (evoC-Bap1-ctrl-M_CG) | 8 of 8, cached: 8 ✔
[ab/4b9b86] epi…voC_Bap1_run-long_ctrl-CG) | 1 of 1, cached: 1 ✔
[0e/f525a2] summary:DQSPY (evoC_Bap1_run)  | 1 of 1, cached: 1 ✔
Plus 3 more processes waiting for tasks…
Running somatic variant calling with Mutect2

executor >  slurm (22)
[59/0f64df] res…W (evoC-Bap1-ctrl-M, L000) | 8 of 8, cached: 8 ✔
[94/d508a3] res…evoC-Bap1-ctrl-F-B2, L004) | 8 of 8, cached: 8 ✔
[-        ] resolve_align:FASTQC_RESOLVED  -
[b1/5265d3] res…2 (evoC-Bap1-ctrl-M, L000) | 8 of 8, cached: 8 ✔
[-        ] res…align:SAMTOOLS_MERGE_LANES -
[-        ] resolve_align:PRESEQ           -
[35/14a656] bam…:BAMLET (evoC-Bap1-ctrl-M) | 8 of 8, cached: 8 ✔
[e7/93c471] bam…P_BAMQC (evoC-Bap1-ctrl-M) | 8 of 8, cached: 8 ✔
[d7/91957f] bam…SS_BIAS (evoC-Bap1-ctrl-M) | 8 of 8, cached: 8 ✔
[-        ] bam…:DEEPTOOLS_PLOTFINGERPRINT -
[a0/ae2497] bam…_GCBIAS (evoC-Bap1-ctrl-M) | 8 of 8, cached: 8 ✔
[54/59c035] bam…CCURACY (evoC-Bap1-ctrl-M) | 8 of 8, cached: 8 ✔
[6d/56ee13] var…_CALLER (evoC-Bap1-ctrl-M) | 8 of 8, cached: 8 ✔
[ab/68d0ab] var…NTERVALS (GRCm38_filtered) | 1 of 1, cached: 1 ✔
[f5/8f55f6] var…DB_IMPORT (Interval: 0013) | 0 of 20
[-        ] variant_calling:GENOTYPE_GVCFS -
[-        ] var…t_calling:MERGE_JOINT_VCFS -
[-        ] variant_calling:ASM            -
[-        ] var…_calling:MERGE_ASM_OUTPUTS -
[6c/0aef18] var…MUTECT2 (evoC-Bap1-ctrl-M) | 8 of 8, cached: 8 ✔
[03/7274d8] mbi…C-Bap1-ctrl-M-CHH-5-prime) | 24 of 24, cached: 24 ✔
[6a/f83b58] epi…ARR (evoC-Bap1-ctrl-M-CHG) | 24 of 24, cached: 24 ✔
[05/609dcc] epi…PORT (evoC-Bap1-ctrl-M_CG) | 16 of 24, cached: 16
[a3/ccd062] epi… (evoC_Bap1_run-genome-CG) | 3 of 3, cached: 3 ✔
[ba/0f088f] epi…ZARR (evoC-Bap1-ctrl-M-CG) | 8 of 8, cached: 8 ✔
[ef/2c82cf] epi…PORT (evoC-Bap1-ctrl-M_CG) | 8 of 8, cached: 8 ✔
[34/bb4ccb] epi…ZARR (evoC-Bap1-ctrl-M-CG) | 8 of 8, cached: 8 ✔
[cd/0be07a] epi…PORT (evoC-Bap1-ctrl-M_CG) | 8 of 8, cached: 8 ✔
[ab/4b9b86] epi…voC_Bap1_run-long_ctrl-CG) | 1 of 1, cached: 1 ✔
[0e/f525a2] summary:DQSPY (evoC_Bap1_run)  | 1 of 1, cached: 1 ✔
Plus 3 more processes waiting for tasks…
Running somatic variant calling with Mutect2

executor >  slurm (24)
[59/0f64df] res…W (evoC-Bap1-ctrl-M, L000) | 8 of 8, cached: 8 ✔
[94/d508a3] res…evoC-Bap1-ctrl-F-B2, L004) | 8 of 8, cached: 8 ✔
[-        ] resolve_align:FASTQC_RESOLVED  -
[b1/5265d3] res…2 (evoC-Bap1-ctrl-M, L000) | 8 of 8, cached: 8 ✔
[-        ] res…align:SAMTOOLS_MERGE_LANES -
[-        ] resolve_align:PRESEQ           -
[35/14a656] bam…:BAMLET (evoC-Bap1-ctrl-M) | 8 of 8, cached: 8 ✔
[e7/93c471] bam…P_BAMQC (evoC-Bap1-ctrl-M) | 8 of 8, cached: 8 ✔
[d7/91957f] bam…SS_BIAS (evoC-Bap1-ctrl-M) | 8 of 8, cached: 8 ✔
[-        ] bam…:DEEPTOOLS_PLOTFINGERPRINT -
[a0/ae2497] bam…_GCBIAS (evoC-Bap1-ctrl-M) | 8 of 8, cached: 8 ✔
[54/59c035] bam…CCURACY (evoC-Bap1-ctrl-M) | 8 of 8, cached: 8 ✔
[6d/56ee13] var…_CALLER (evoC-Bap1-ctrl-M) | 8 of 8, cached: 8 ✔
[ab/68d0ab] var…NTERVALS (GRCm38_filtered) | 1 of 1, cached: 1 ✔
[57/9fd85b] var…DB_IMPORT (Interval: 0005) | 0 of 20
[-        ] variant_calling:GENOTYPE_GVCFS -
[-        ] var…t_calling:MERGE_JOINT_VCFS -
[-        ] variant_calling:ASM            -
[-        ] var…_calling:MERGE_ASM_OUTPUTS -
[6c/0aef18] var…MUTECT2 (evoC-Bap1-ctrl-M) | 8 of 8, cached: 8 ✔
[03/7274d8] mbi…C-Bap1-ctrl-M-CHH-5-prime) | 24 of 24, cached: 24 ✔
[6a/f83b58] epi…ARR (evoC-Bap1-ctrl-M-CHG) | 24 of 24, cached: 24 ✔
[05/609dcc] epi…PORT (evoC-Bap1-ctrl-M_CG) | 16 of 24, cached: 16
[a3/ccd062] epi… (evoC_Bap1_run-genome-CG) | 3 of 3, cached: 3 ✔
[ba/0f088f] epi…ZARR (evoC-Bap1-ctrl-M-CG) | 8 of 8, cached: 8 ✔
[ef/2c82cf] epi…PORT (evoC-Bap1-ctrl-M_CG) | 8 of 8, cached: 8 ✔
[34/bb4ccb] epi…ZARR (evoC-Bap1-ctrl-M-CG) | 8 of 8, cached: 8 ✔
[cd/0be07a] epi…PORT (evoC-Bap1-ctrl-M_CG) | 8 of 8, cached: 8 ✔
[ab/4b9b86] epi…voC_Bap1_run-long_ctrl-CG) | 1 of 1, cached: 1 ✔
[0e/f525a2] summary:DQSPY (evoC_Bap1_run)  | 1 of 1, cached: 1 ✔
Plus 3 more processes waiting for tasks…
Running somatic variant calling with Mutect2

executor >  slurm (26)
[59/0f64df] res…W (evoC-Bap1-ctrl-M, L000) | 8 of 8, cached: 8 ✔
[94/d508a3] res…evoC-Bap1-ctrl-F-B2, L004) | 8 of 8, cached: 8 ✔
[-        ] resolve_align:FASTQC_RESOLVED  -
[b1/5265d3] res…2 (evoC-Bap1-ctrl-M, L000) | 8 of 8, cached: 8 ✔
[-        ] res…align:SAMTOOLS_MERGE_LANES -
[-        ] resolve_align:PRESEQ           -
[35/14a656] bam…:BAMLET (evoC-Bap1-ctrl-M) | 8 of 8, cached: 8 ✔
[e7/93c471] bam…P_BAMQC (evoC-Bap1-ctrl-M) | 8 of 8, cached: 8 ✔
[d7/91957f] bam…SS_BIAS (evoC-Bap1-ctrl-M) | 8 of 8, cached: 8 ✔
[-        ] bam…:DEEPTOOLS_PLOTFINGERPRINT -
[a0/ae2497] bam…_GCBIAS (evoC-Bap1-ctrl-M) | 8 of 8, cached: 8 ✔
[54/59c035] bam…CCURACY (evoC-Bap1-ctrl-M) | 8 of 8, cached: 8 ✔
[6d/56ee13] var…_CALLER (evoC-Bap1-ctrl-M) | 8 of 8, cached: 8 ✔
[ab/68d0ab] var…NTERVALS (GRCm38_filtered) | 1 of 1, cached: 1 ✔
[e6/fe57af] var…DB_IMPORT (Interval: 0018) | 0 of 20
[-        ] variant_calling:GENOTYPE_GVCFS -
[-        ] var…t_calling:MERGE_JOINT_VCFS -
[-        ] variant_calling:ASM            -
[-        ] var…_calling:MERGE_ASM_OUTPUTS -
[6c/0aef18] var…MUTECT2 (evoC-Bap1-ctrl-M) | 8 of 8, cached: 8 ✔
[03/7274d8] mbi…C-Bap1-ctrl-M-CHH-5-prime) | 24 of 24, cached: 24 ✔
[6a/f83b58] epi…ARR (evoC-Bap1-ctrl-M-CHG) | 24 of 24, cached: 24 ✔
[05/609dcc] epi…PORT (evoC-Bap1-ctrl-M_CG) | 16 of 24, cached: 16
[a3/ccd062] epi… (evoC_Bap1_run-genome-CG) | 3 of 3, cached: 3 ✔
[ba/0f088f] epi…ZARR (evoC-Bap1-ctrl-M-CG) | 8 of 8, cached: 8 ✔
[ef/2c82cf] epi…PORT (evoC-Bap1-ctrl-M_CG) | 8 of 8, cached: 8 ✔
[34/bb4ccb] epi…ZARR (evoC-Bap1-ctrl-M-CG) | 8 of 8, cached: 8 ✔
[cd/0be07a] epi…PORT (evoC-Bap1-ctrl-M_CG) | 8 of 8, cached: 8 ✔
[ab/4b9b86] epi…voC_Bap1_run-long_ctrl-CG) | 1 of 1, cached: 1 ✔
[0e/f525a2] summary:DQSPY (evoC_Bap1_run)  | 1 of 1, cached: 1 ✔
Plus 3 more processes waiting for tasks…
Running somatic variant calling with Mutect2

executor >  slurm (27)
[59/0f64df] res…W (evoC-Bap1-ctrl-M, L000) | 8 of 8, cached: 8 ✔
[94/d508a3] res…evoC-Bap1-ctrl-F-B2, L004) | 8 of 8, cached: 8 ✔
[-        ] resolve_align:FASTQC_RESOLVED  -
[b1/5265d3] res…2 (evoC-Bap1-ctrl-M, L000) | 8 of 8, cached: 8 ✔
[-        ] res…align:SAMTOOLS_MERGE_LANES -
[-        ] resolve_align:PRESEQ           -
[35/14a656] bam…:BAMLET (evoC-Bap1-ctrl-M) | 8 of 8, cached: 8 ✔
[e7/93c471] bam…P_BAMQC (evoC-Bap1-ctrl-M) | 8 of 8, cached: 8 ✔
[d7/91957f] bam…SS_BIAS (evoC-Bap1-ctrl-M) | 8 of 8, cached: 8 ✔
[-        ] bam…:DEEPTOOLS_PLOTFINGERPRINT -
[a0/ae2497] bam…_GCBIAS (evoC-Bap1-ctrl-M) | 8 of 8, cached: 8 ✔
[54/59c035] bam…CCURACY (evoC-Bap1-ctrl-M) | 8 of 8, cached: 8 ✔
[6d/56ee13] var…_CALLER (evoC-Bap1-ctrl-M) | 8 of 8, cached: 8 ✔
[ab/68d0ab] var…NTERVALS (GRCm38_filtered) | 1 of 1, cached: 1 ✔
[46/ab18a5] var…DB_IMPORT (Interval: 0008) | 0 of 20
[-        ] variant_calling:GENOTYPE_GVCFS -
[-        ] var…t_calling:MERGE_JOINT_VCFS -
[-        ] variant_calling:ASM            -
[-        ] var…_calling:MERGE_ASM_OUTPUTS -
[6c/0aef18] var…MUTECT2 (evoC-Bap1-ctrl-M) | 8 of 8, cached: 8 ✔
[03/7274d8] mbi…C-Bap1-ctrl-M-CHH-5-prime) | 24 of 24, cached: 24 ✔
[6a/f83b58] epi…ARR (evoC-Bap1-ctrl-M-CHG) | 24 of 24, cached: 24 ✔
[05/609dcc] epi…PORT (evoC-Bap1-ctrl-M_CG) | 16 of 24, cached: 16
[a3/ccd062] epi… (evoC_Bap1_run-genome-CG) | 3 of 3, cached: 3 ✔
[ba/0f088f] epi…ZARR (evoC-Bap1-ctrl-M-CG) | 8 of 8, cached: 8 ✔
[ef/2c82cf] epi…PORT (evoC-Bap1-ctrl-M_CG) | 8 of 8, cached: 8 ✔
[34/bb4ccb] epi…ZARR (evoC-Bap1-ctrl-M-CG) | 8 of 8, cached: 8 ✔
[cd/0be07a] epi…PORT (evoC-Bap1-ctrl-M_CG) | 8 of 8, cached: 8 ✔
[ab/4b9b86] epi…voC_Bap1_run-long_ctrl-CG) | 1 of 1, cached: 1 ✔
[0e/f525a2] summary:DQSPY (evoC_Bap1_run)  | 1 of 1, cached: 1 ✔
Plus 3 more processes waiting for tasks…
Running somatic variant calling with Mutect2

executor >  slurm (28)
[59/0f64df] res…W (evoC-Bap1-ctrl-M, L000) | 8 of 8, cached: 8 ✔
[94/d508a3] res…evoC-Bap1-ctrl-F-B2, L004) | 8 of 8, cached: 8 ✔
[-        ] resolve_align:FASTQC_RESOLVED  -
[b1/5265d3] res…2 (evoC-Bap1-ctrl-M, L000) | 8 of 8, cached: 8 ✔
[-        ] res…align:SAMTOOLS_MERGE_LANES -
[-        ] resolve_align:PRESEQ           -
[35/14a656] bam…:BAMLET (evoC-Bap1-ctrl-M) | 8 of 8, cached: 8 ✔
[e7/93c471] bam…P_BAMQC (evoC-Bap1-ctrl-M) | 8 of 8, cached: 8 ✔
[d7/91957f] bam…SS_BIAS (evoC-Bap1-ctrl-M) | 8 of 8, cached: 8 ✔
[-        ] bam…:DEEPTOOLS_PLOTFINGERPRINT -
[a0/ae2497] bam…_GCBIAS (evoC-Bap1-ctrl-M) | 8 of 8, cached: 8 ✔
[54/59c035] bam…CCURACY (evoC-Bap1-ctrl-M) | 8 of 8, cached: 8 ✔
[6d/56ee13] var…_CALLER (evoC-Bap1-ctrl-M) | 8 of 8, cached: 8 ✔
[ab/68d0ab] var…NTERVALS (GRCm38_filtered) | 1 of 1, cached: 1 ✔
[39/3130bd] var…DB_IMPORT (Interval: 0012) | 0 of 20
[-        ] variant_calling:GENOTYPE_GVCFS -
[-        ] var…t_calling:MERGE_JOINT_VCFS -
[-        ] variant_calling:ASM            -
[-        ] var…_calling:MERGE_ASM_OUTPUTS -
[6c/0aef18] var…MUTECT2 (evoC-Bap1-ctrl-M) | 8 of 8, cached: 8 ✔
[03/7274d8] mbi…C-Bap1-ctrl-M-CHH-5-prime) | 24 of 24, cached: 24 ✔
[6a/f83b58] epi…ARR (evoC-Bap1-ctrl-M-CHG) | 24 of 24, cached: 24 ✔
[05/609dcc] epi…PORT (evoC-Bap1-ctrl-M_CG) | 16 of 24, cached: 16
[a3/ccd062] epi… (evoC_Bap1_run-genome-CG) | 3 of 3, cached: 3 ✔
[ba/0f088f] epi…ZARR (evoC-Bap1-ctrl-M-CG) | 8 of 8, cached: 8 ✔
[ef/2c82cf] epi…PORT (evoC-Bap1-ctrl-M_CG) | 8 of 8, cached: 8 ✔
[34/bb4ccb] epi…ZARR (evoC-Bap1-ctrl-M-CG) | 8 of 8, cached: 8 ✔
[cd/0be07a] epi…PORT (evoC-Bap1-ctrl-M_CG) | 8 of 8, cached: 8 ✔
[ab/4b9b86] epi…voC_Bap1_run-long_ctrl-CG) | 1 of 1, cached: 1 ✔
[0e/f525a2] summary:DQSPY (evoC_Bap1_run)  | 1 of 1, cached: 1 ✔
Plus 3 more processes waiting for tasks…
Running somatic variant calling with Mutect2

executor >  slurm (28)
[59/0f64df] res…W (evoC-Bap1-ctrl-M, L000) | 8 of 8, cached: 8 ✔
[94/d508a3] res…evoC-Bap1-ctrl-F-B2, L004) | 8 of 8, cached: 8 ✔
[-        ] resolve_align:FASTQC_RESOLVED  -
[b1/5265d3] res…2 (evoC-Bap1-ctrl-M, L000) | 8 of 8, cached: 8 ✔
[-        ] res…align:SAMTOOLS_MERGE_LANES -
[-        ] resolve_align:PRESEQ           -
[35/14a656] bam…:BAMLET (evoC-Bap1-ctrl-M) | 8 of 8, cached: 8 ✔
[e7/93c471] bam…P_BAMQC (evoC-Bap1-ctrl-M) | 8 of 8, cached: 8 ✔
[d7/91957f] bam…SS_BIAS (evoC-Bap1-ctrl-M) | 8 of 8, cached: 8 ✔
[-        ] bam…:DEEPTOOLS_PLOTFINGERPRINT -
[a0/ae2497] bam…_GCBIAS (evoC-Bap1-ctrl-M) | 8 of 8, cached: 8 ✔
[54/59c035] bam…CCURACY (evoC-Bap1-ctrl-M) | 8 of 8, cached: 8 ✔
[6d/56ee13] var…_CALLER (evoC-Bap1-ctrl-M) | 8 of 8, cached: 8 ✔
[ab/68d0ab] var…NTERVALS (GRCm38_filtered) | 1 of 1, cached: 1 ✔
[39/3130bd] var…DB_IMPORT (Interval: 0012) | 0 of 20
[-        ] variant_calling:GENOTYPE_GVCFS -
[-        ] var…t_calling:MERGE_JOINT_VCFS -
[-        ] variant_calling:ASM            -
[-        ] var…_calling:MERGE_ASM_OUTPUTS -
[6c/0aef18] var…MUTECT2 (evoC-Bap1-ctrl-M) | 8 of 8, cached: 8 ✔
[03/7274d8] mbi…C-Bap1-ctrl-M-CHH-5-prime) | 24 of 24, cached: 24 ✔
[6a/f83b58] epi…ARR (evoC-Bap1-ctrl-M-CHG) | 24 of 24, cached: 24 ✔
[05/609dcc] epi…PORT (evoC-Bap1-ctrl-M_CG) | 16 of 24, cached: 16
[a3/ccd062] epi… (evoC_Bap1_run-genome-CG) | 3 of 3, cached: 3 ✔
[ba/0f088f] epi…ZARR (evoC-Bap1-ctrl-M-CG) | 8 of 8, cached: 8 ✔
[ef/2c82cf] epi…PORT (evoC-Bap1-ctrl-M_CG) | 8 of 8, cached: 8 ✔
[34/bb4ccb] epi…ZARR (evoC-Bap1-ctrl-M-CG) | 8 of 8, cached: 8 ✔
[cd/0be07a] epi…PORT (evoC-Bap1-ctrl-M_CG) | 8 of 8, cached: 8 ✔
[ab/4b9b86] epi…voC_Bap1_run-long_ctrl-CG) | 1 of 1, cached: 1 ✔
[0e/f525a2] summary:DQSPY (evoC_Bap1_run)  | 1 of 1, cached: 1 ✔
Plus 3 more processes waiting for tasks…
Running somatic variant calling with Mutect2

executor >  slurm (29)
[59/0f64df] res…W (evoC-Bap1-ctrl-M, L000) | 8 of 8, cached: 8 ✔
[94/d508a3] res…evoC-Bap1-ctrl-F-B2, L004) | 8 of 8, cached: 8 ✔
[-        ] resolve_align:FASTQC_RESOLVED  -
[b1/5265d3] res…2 (evoC-Bap1-ctrl-M, L000) | 8 of 8, cached: 8 ✔
[-        ] res…align:SAMTOOLS_MERGE_LANES -
[-        ] resolve_align:PRESEQ           -
[35/14a656] bam…:BAMLET (evoC-Bap1-ctrl-M) | 8 of 8, cached: 8 ✔
[e7/93c471] bam…P_BAMQC (evoC-Bap1-ctrl-M) | 8 of 8, cached: 8 ✔
[d7/91957f] bam…SS_BIAS (evoC-Bap1-ctrl-M) | 8 of 8, cached: 8 ✔
[-        ] bam…:DEEPTOOLS_PLOTFINGERPRINT -
[a0/ae2497] bam…_GCBIAS (evoC-Bap1-ctrl-M) | 8 of 8, cached: 8 ✔
[54/59c035] bam…CCURACY (evoC-Bap1-ctrl-M) | 8 of 8, cached: 8 ✔
[6d/56ee13] var…_CALLER (evoC-Bap1-ctrl-M) | 8 of 8, cached: 8 ✔
[ab/68d0ab] var…NTERVALS (GRCm38_filtered) | 1 of 1, cached: 1 ✔
[bf/b7edad] var…DB_IMPORT (Interval: 0015) | 1 of 20
[1c/d85d52] var…YPE_GVCFS (Interval: 0015) | 0 of 1
[-        ] var…t_calling:MERGE_JOINT_VCFS -
[-        ] variant_calling:ASM            -
[-        ] var…_calling:MERGE_ASM_OUTPUTS -
[6c/0aef18] var…MUTECT2 (evoC-Bap1-ctrl-M) | 8 of 8, cached: 8 ✔
[03/7274d8] mbi…C-Bap1-ctrl-M-CHH-5-prime) | 24 of 24, cached: 24 ✔
[6a/f83b58] epi…ARR (evoC-Bap1-ctrl-M-CHG) | 24 of 24, cached: 24 ✔
[05/609dcc] epi…PORT (evoC-Bap1-ctrl-M_CG) | 16 of 24, cached: 16
[a3/ccd062] epi… (evoC_Bap1_run-genome-CG) | 3 of 3, cached: 3 ✔
[ba/0f088f] epi…ZARR (evoC-Bap1-ctrl-M-CG) | 8 of 8, cached: 8 ✔
[ef/2c82cf] epi…PORT (evoC-Bap1-ctrl-M_CG) | 8 of 8, cached: 8 ✔
[34/bb4ccb] epi…ZARR (evoC-Bap1-ctrl-M-CG) | 8 of 8, cached: 8 ✔
[cd/0be07a] epi…PORT (evoC-Bap1-ctrl-M_CG) | 8 of 8, cached: 8 ✔
[ab/4b9b86] epi…voC_Bap1_run-long_ctrl-CG) | 1 of 1, cached: 1 ✔
[0e/f525a2] summary:DQSPY (evoC_Bap1_run)  | 1 of 1, cached: 1 ✔
Plus 3 more processes waiting for tasks…


executor >  slurm (29)
[59/0f64df] res…W (evoC-Bap1-ctrl-M, L000) | 8 of 8, cached: 8 ✔
[94/d508a3] res…evoC-Bap1-ctrl-F-B2, L004) | 8 of 8, cached: 8 ✔
[-        ] resolve_align:FASTQC_RESOLVED  -
[b1/5265d3] res…2 (evoC-Bap1-ctrl-M, L000) | 8 of 8, cached: 8 ✔
[-        ] res…align:SAMTOOLS_MERGE_LANES -
[-        ] resolve_align:PRESEQ           -
[35/14a656] bam…:BAMLET (evoC-Bap1-ctrl-M) | 8 of 8, cached: 8 ✔
[e7/93c471] bam…P_BAMQC (evoC-Bap1-ctrl-M) | 8 of 8, cached: 8 ✔
[d7/91957f] bam…SS_BIAS (evoC-Bap1-ctrl-M) | 8 of 8, cached: 8 ✔
[-        ] bam…:DEEPTOOLS_PLOTFINGERPRINT -
[a0/ae2497] bam…_GCBIAS (evoC-Bap1-ctrl-M) | 8 of 8, cached: 8 ✔
[54/59c035] bam…CCURACY (evoC-Bap1-ctrl-M) | 8 of 8, cached: 8 ✔
[6d/56ee13] var…_CALLER (evoC-Bap1-ctrl-M) | 8 of 8, cached: 8 ✔
[ab/68d0ab] var…NTERVALS (GRCm38_filtered) | 1 of 1, cached: 1 ✔
[bf/b7edad] var…DB_IMPORT (Interval: 0015) | 1 of 20
[1c/d85d52] var…YPE_GVCFS (Interval: 0015) | 0 of 1
[-        ] var…t_calling:MERGE_JOINT_VCFS -
[-        ] variant_calling:ASM            -
[-        ] var…_calling:MERGE_ASM_OUTPUTS -
[6c/0aef18] var…MUTECT2 (evoC-Bap1-ctrl-M) | 8 of 8, cached: 8 ✔
[03/7274d8] mbi…C-Bap1-ctrl-M-CHH-5-prime) | 24 of 24, cached: 24 ✔
[6a/f83b58] epi…ARR (evoC-Bap1-ctrl-M-CHG) | 24 of 24, cached: 24 ✔
[05/609dcc] epi…PORT (evoC-Bap1-ctrl-M_CG) | 16 of 24, cached: 16
[a3/ccd062] epi… (evoC_Bap1_run-genome-CG) | 3 of 3, cached: 3 ✔
[ba/0f088f] epi…ZARR (evoC-Bap1-ctrl-M-CG) | 8 of 8, cached: 8 ✔
[ef/2c82cf] epi…PORT (evoC-Bap1-ctrl-M_CG) | 8 of 8, cached: 8 ✔
[34/bb4ccb] epi…ZARR (evoC-Bap1-ctrl-M-CG) | 8 of 8, cached: 8 ✔
[cd/0be07a] epi…PORT (evoC-Bap1-ctrl-M_CG) | 8 of 8, cached: 8 ✔
[ab/4b9b86] epi…voC_Bap1_run-long_ctrl-CG) | 1 of 1, cached: 1 ✔
[0e/f525a2] summary:DQSPY (evoC_Bap1_run)  | 1 of 1, cached: 1 ✔
Plus 3 more processes waiting for tasks…


executor >  slurm (29)
[59/0f64df] res…W (evoC-Bap1-ctrl-M, L000) | 8 of 8, cached: 8 ✔
[94/d508a3] res…evoC-Bap1-ctrl-F-B2, L004) | 8 of 8, cached: 8 ✔
[-        ] resolve_align:FASTQC_RESOLVED  -
[b1/5265d3] res…2 (evoC-Bap1-ctrl-M, L000) | 8 of 8, cached: 8 ✔
[-        ] res…align:SAMTOOLS_MERGE_LANES -
[-        ] resolve_align:PRESEQ           -
[35/14a656] bam…:BAMLET (evoC-Bap1-ctrl-M) | 8 of 8, cached: 8 ✔
[e7/93c471] bam…P_BAMQC (evoC-Bap1-ctrl-M) | 8 of 8, cached: 8 ✔
[d7/91957f] bam…SS_BIAS (evoC-Bap1-ctrl-M) | 8 of 8, cached: 8 ✔
[-        ] bam…:DEEPTOOLS_PLOTFINGERPRINT -
[a0/ae2497] bam…_GCBIAS (evoC-Bap1-ctrl-M) | 8 of 8, cached: 8 ✔
[54/59c035] bam…CCURACY (evoC-Bap1-ctrl-M) | 8 of 8, cached: 8 ✔
[6d/56ee13] var…_CALLER (evoC-Bap1-ctrl-M) | 8 of 8, cached: 8 ✔
[ab/68d0ab] var…NTERVALS (GRCm38_filtered) | 1 of 1, cached: 1 ✔
[bf/b7edad] var…DB_IMPORT (Interval: 0015) | 1 of 20
[1c/d85d52] var…YPE_GVCFS (Interval: 0015) | 1 of 1
[-        ] var…t_calling:MERGE_JOINT_VCFS -
[-        ] variant_calling:ASM            -
[-        ] var…_calling:MERGE_ASM_OUTPUTS -
[6c/0aef18] var…MUTECT2 (evoC-Bap1-ctrl-M) | 8 of 8, cached: 8 ✔
[03/7274d8] mbi…C-Bap1-ctrl-M-CHH-5-prime) | 24 of 24, cached: 24 ✔
[6a/f83b58] epi…ARR (evoC-Bap1-ctrl-M-CHG) | 24 of 24, cached: 24 ✔
[05/609dcc] epi…PORT (evoC-Bap1-ctrl-M_CG) | 16 of 24, cached: 16
[a3/ccd062] epi… (evoC_Bap1_run-genome-CG) | 3 of 3, cached: 3 ✔
[ba/0f088f] epi…ZARR (evoC-Bap1-ctrl-M-CG) | 8 of 8, cached: 8 ✔
[ef/2c82cf] epi…PORT (evoC-Bap1-ctrl-M_CG) | 8 of 8, cached: 8 ✔
[34/bb4ccb] epi…ZARR (evoC-Bap1-ctrl-M-CG) | 8 of 8, cached: 8 ✔
[cd/0be07a] epi…PORT (evoC-Bap1-ctrl-M_CG) | 8 of 8, cached: 8 ✔
[ab/4b9b86] epi…voC_Bap1_run-long_ctrl-CG) | 1 of 1, cached: 1 ✔
[0e/f525a2] summary:DQSPY (evoC_Bap1_run)  | 1 of 1, cached: 1 ✔
Plus 3 more processes waiting for tasks…

executor >  slurm (29)
[59/0f64df] res…W (evoC-Bap1-ctrl-M, L000) | 8 of 8, cached: 8 ✔
[94/d508a3] res…evoC-Bap1-ctrl-F-B2, L004) | 8 of 8, cached: 8 ✔
[-        ] resolve_align:FASTQC_RESOLVED  -
[b1/5265d3] res…2 (evoC-Bap1-ctrl-M, L000) | 8 of 8, cached: 8 ✔
[-        ] res…align:SAMTOOLS_MERGE_LANES -
[-        ] resolve_align:PRESEQ           -
[35/14a656] bam…:BAMLET (evoC-Bap1-ctrl-M) | 8 of 8, cached: 8 ✔
[e7/93c471] bam…P_BAMQC (evoC-Bap1-ctrl-M) | 8 of 8, cached: 8 ✔
[d7/91957f] bam…SS_BIAS (evoC-Bap1-ctrl-M) | 8 of 8, cached: 8 ✔
[-        ] bam…:DEEPTOOLS_PLOTFINGERPRINT -
[a0/ae2497] bam…_GCBIAS (evoC-Bap1-ctrl-M) | 8 of 8, cached: 8 ✔
[54/59c035] bam…CCURACY (evoC-Bap1-ctrl-M) | 8 of 8, cached: 8 ✔
[6d/56ee13] var…_CALLER (evoC-Bap1-ctrl-M) | 8 of 8, cached: 8 ✔
[ab/68d0ab] var…NTERVALS (GRCm38_filtered) | 1 of 1, cached: 1 ✔
[a1/438377] var…DB_IMPORT (Interval: 0007) | 2 of 20
[1c/d85d52] var…YPE_GVCFS (Interval: 0015) | 1 of 1
[-        ] var…t_calling:MERGE_JOINT_VCFS -
[-        ] variant_calling:ASM            -
[-        ] var…_calling:MERGE_ASM_OUTPUTS -
[6c/0aef18] var…MUTECT2 (evoC-Bap1-ctrl-M) | 8 of 8, cached: 8 ✔
[03/7274d8] mbi…C-Bap1-ctrl-M-CHH-5-prime) | 24 of 24, cached: 24 ✔
[6a/f83b58] epi…ARR (evoC-Bap1-ctrl-M-CHG) | 24 of 24, cached: 24 ✔
[05/609dcc] epi…PORT (evoC-Bap1-ctrl-M_CG) | 16 of 24, cached: 16
[a3/ccd062] epi… (evoC_Bap1_run-genome-CG) | 3 of 3, cached: 3 ✔
[ba/0f088f] epi…ZARR (evoC-Bap1-ctrl-M-CG) | 8 of 8, cached: 8 ✔
[ef/2c82cf] epi…PORT (evoC-Bap1-ctrl-M_CG) | 8 of 8, cached: 8 ✔
[34/bb4ccb] epi…ZARR (evoC-Bap1-ctrl-M-CG) | 8 of 8, cached: 8 ✔
[cd/0be07a] epi…PORT (evoC-Bap1-ctrl-M_CG) | 8 of 8, cached: 8 ✔
[ab/4b9b86] epi…voC_Bap1_run-long_ctrl-CG) | 1 of 1, cached: 1 ✔
[0e/f525a2] summary:DQSPY (evoC_Bap1_run)  | 1 of 1, cached: 1 ✔
Plus 3 more processes waiting for tasks…

executor >  slurm (29)
[59/0f64df] res…W (evoC-Bap1-ctrl-M, L000) | 8 of 8, cached: 8 ✔
[94/d508a3] res…evoC-Bap1-ctrl-F-B2, L004) | 8 of 8, cached: 8 ✔
[-        ] resolve_align:FASTQC_RESOLVED  -
[b1/5265d3] res…2 (evoC-Bap1-ctrl-M, L000) | 8 of 8, cached: 8 ✔
[-        ] res…align:SAMTOOLS_MERGE_LANES -
[-        ] resolve_align:PRESEQ           -
[35/14a656] bam…:BAMLET (evoC-Bap1-ctrl-M) | 8 of 8, cached: 8 ✔
[e7/93c471] bam…P_BAMQC (evoC-Bap1-ctrl-M) | 8 of 8, cached: 8 ✔
[d7/91957f] bam…SS_BIAS (evoC-Bap1-ctrl-M) | 8 of 8, cached: 8 ✔
[-        ] bam…:DEEPTOOLS_PLOTFINGERPRINT -
[a0/ae2497] bam…_GCBIAS (evoC-Bap1-ctrl-M) | 8 of 8, cached: 8 ✔
[54/59c035] bam…CCURACY (evoC-Bap1-ctrl-M) | 8 of 8, cached: 8 ✔
[6d/56ee13] var…_CALLER (evoC-Bap1-ctrl-M) | 8 of 8, cached: 8 ✔
[ab/68d0ab] var…NTERVALS (GRCm38_filtered) | 1 of 1, cached: 1 ✔
[a1/438377] var…DB_IMPORT (Interval: 0007) | 2 of 20
[1c/d85d52] var…YPE_GVCFS (Interval: 0015) | 1 of 2
[-        ] var…t_calling:MERGE_JOINT_VCFS -
[-        ] variant_calling:ASM            -
[-        ] var…_calling:MERGE_ASM_OUTPUTS -
[6c/0aef18] var…MUTECT2 (evoC-Bap1-ctrl-M) | 8 of 8, cached: 8 ✔
[03/7274d8] mbi…C-Bap1-ctrl-M-CHH-5-prime) | 24 of 24, cached: 24 ✔
[6a/f83b58] epi…ARR (evoC-Bap1-ctrl-M-CHG) | 24 of 24, cached: 24 ✔
[05/609dcc] epi…PORT (evoC-Bap1-ctrl-M_CG) | 16 of 24, cached: 16
[a3/ccd062] epi… (evoC_Bap1_run-genome-CG) | 3 of 3, cached: 3 ✔
[ba/0f088f] epi…ZARR (evoC-Bap1-ctrl-M-CG) | 8 of 8, cached: 8 ✔
[ef/2c82cf] epi…PORT (evoC-Bap1-ctrl-M_CG) | 8 of 8, cached: 8 ✔
[34/bb4ccb] epi…ZARR (evoC-Bap1-ctrl-M-CG) | 8 of 8, cached: 8 ✔
[cd/0be07a] epi…PORT (evoC-Bap1-ctrl-M_CG) | 8 of 8, cached: 8 ✔
[ab/4b9b86] epi…voC_Bap1_run-long_ctrl-CG) | 1 of 1, cached: 1 ✔
[0e/f525a2] summary:DQSPY (evoC_Bap1_run)  | 1 of 1, cached: 1 ✔
Plus 3 more processes waiting for tasks…

executor >  slurm (30)
[59/0f64df] res…W (evoC-Bap1-ctrl-M, L000) | 8 of 8, cached: 8 ✔
[94/d508a3] res…evoC-Bap1-ctrl-F-B2, L004) | 8 of 8, cached: 8 ✔
[-        ] resolve_align:FASTQC_RESOLVED  -
[b1/5265d3] res…2 (evoC-Bap1-ctrl-M, L000) | 8 of 8, cached: 8 ✔
[-        ] res…align:SAMTOOLS_MERGE_LANES -
[-        ] resolve_align:PRESEQ           -
[35/14a656] bam…:BAMLET (evoC-Bap1-ctrl-M) | 8 of 8, cached: 8 ✔
[e7/93c471] bam…P_BAMQC (evoC-Bap1-ctrl-M) | 8 of 8, cached: 8 ✔
[d7/91957f] bam…SS_BIAS (evoC-Bap1-ctrl-M) | 8 of 8, cached: 8 ✔
[-        ] bam…:DEEPTOOLS_PLOTFINGERPRINT -
[a0/ae2497] bam…_GCBIAS (evoC-Bap1-ctrl-M) | 8 of 8, cached: 8 ✔
[54/59c035] bam…CCURACY (evoC-Bap1-ctrl-M) | 8 of 8, cached: 8 ✔
[6d/56ee13] var…_CALLER (evoC-Bap1-ctrl-M) | 8 of 8, cached: 8 ✔
[ab/68d0ab] var…NTERVALS (GRCm38_filtered) | 1 of 1, cached: 1 ✔
[a1/438377] var…DB_IMPORT (Interval: 0007) | 2 of 20
[ac/ebb8da] var…YPE_GVCFS (Interval: 0007) | 1 of 2
[-        ] var…t_calling:MERGE_JOINT_VCFS -
[-        ] variant_calling:ASM            -
[-        ] var…_calling:MERGE_ASM_OUTPUTS -
[6c/0aef18] var…MUTECT2 (evoC-Bap1-ctrl-M) | 8 of 8, cached: 8 ✔
[03/7274d8] mbi…C-Bap1-ctrl-M-CHH-5-prime) | 24 of 24, cached: 24 ✔
[6a/f83b58] epi…ARR (evoC-Bap1-ctrl-M-CHG) | 24 of 24, cached: 24 ✔
[05/609dcc] epi…PORT (evoC-Bap1-ctrl-M_CG) | 16 of 24, cached: 16
[a3/ccd062] epi… (evoC_Bap1_run-genome-CG) | 3 of 3, cached: 3 ✔
[ba/0f088f] epi…ZARR (evoC-Bap1-ctrl-M-CG) | 8 of 8, cached: 8 ✔
[ef/2c82cf] epi…PORT (evoC-Bap1-ctrl-M_CG) | 8 of 8, cached: 8 ✔
[34/bb4ccb] epi…ZARR (evoC-Bap1-ctrl-M-CG) | 8 of 8, cached: 8 ✔
[cd/0be07a] epi…PORT (evoC-Bap1-ctrl-M_CG) | 8 of 8, cached: 8 ✔
[ab/4b9b86] epi…voC_Bap1_run-long_ctrl-CG) | 1 of 1, cached: 1 ✔
[0e/f525a2] summary:DQSPY (evoC_Bap1_run)  | 1 of 1, cached: 1 ✔
Plus 3 more processes waiting for tasks…

executor >  slurm (30)
[59/0f64df] res…W (evoC-Bap1-ctrl-M, L000) | 8 of 8, cached: 8 ✔
[94/d508a3] res…evoC-Bap1-ctrl-F-B2, L004) | 8 of 8, cached: 8 ✔
[-        ] resolve_align:FASTQC_RESOLVED  -
[b1/5265d3] res…2 (evoC-Bap1-ctrl-M, L000) | 8 of 8, cached: 8 ✔
[-        ] res…align:SAMTOOLS_MERGE_LANES -
[-        ] resolve_align:PRESEQ           -
[35/14a656] bam…:BAMLET (evoC-Bap1-ctrl-M) | 8 of 8, cached: 8 ✔
[e7/93c471] bam…P_BAMQC (evoC-Bap1-ctrl-M) | 8 of 8, cached: 8 ✔
[d7/91957f] bam…SS_BIAS (evoC-Bap1-ctrl-M) | 8 of 8, cached: 8 ✔
[-        ] bam…:DEEPTOOLS_PLOTFINGERPRINT -
[a0/ae2497] bam…_GCBIAS (evoC-Bap1-ctrl-M) | 8 of 8, cached: 8 ✔
[54/59c035] bam…CCURACY (evoC-Bap1-ctrl-M) | 8 of 8, cached: 8 ✔
[6d/56ee13] var…_CALLER (evoC-Bap1-ctrl-M) | 8 of 8, cached: 8 ✔
[ab/68d0ab] var…NTERVALS (GRCm38_filtered) | 1 of 1, cached: 1 ✔
[a1/438377] var…DB_IMPORT (Interval: 0007) | 2 of 20
[ac/ebb8da] var…YPE_GVCFS (Interval: 0007) | 1 of 2
[-        ] var…t_calling:MERGE_JOINT_VCFS -
[-        ] variant_calling:ASM            -
[-        ] var…_calling:MERGE_ASM_OUTPUTS -
[6c/0aef18] var…MUTECT2 (evoC-Bap1-ctrl-M) | 8 of 8, cached: 8 ✔
[03/7274d8] mbi…C-Bap1-ctrl-M-CHH-5-prime) | 24 of 24, cached: 24 ✔
[6a/f83b58] epi…ARR (evoC-Bap1-ctrl-M-CHG) | 24 of 24, cached: 24 ✔
[05/609dcc] epi…PORT (evoC-Bap1-ctrl-M_CG) | 16 of 24, cached: 16
[a3/ccd062] epi… (evoC_Bap1_run-genome-CG) | 3 of 3, cached: 3 ✔
[ba/0f088f] epi…ZARR (evoC-Bap1-ctrl-M-CG) | 8 of 8, cached: 8 ✔
[ef/2c82cf] epi…PORT (evoC-Bap1-ctrl-M_CG) | 8 of 8, cached: 8 ✔
[34/bb4ccb] epi…ZARR (evoC-Bap1-ctrl-M-CG) | 8 of 8, cached: 8 ✔
[cd/0be07a] epi…PORT (evoC-Bap1-ctrl-M_CG) | 8 of 8, cached: 8 ✔
[ab/4b9b86] epi…voC_Bap1_run-long_ctrl-CG) | 1 of 1, cached: 1 ✔
[0e/f525a2] summary:DQSPY (evoC_Bap1_run)  | 1 of 1, cached: 1 ✔
Plus 3 more processes waiting for tasks…

executor >  slurm (30)
[59/0f64df] res…W (evoC-Bap1-ctrl-M, L000) | 8 of 8, cached: 8 ✔
[94/d508a3] res…evoC-Bap1-ctrl-F-B2, L004) | 8 of 8, cached: 8 ✔
[-        ] resolve_align:FASTQC_RESOLVED  -
[b1/5265d3] res…2 (evoC-Bap1-ctrl-M, L000) | 8 of 8, cached: 8 ✔
[-        ] res…align:SAMTOOLS_MERGE_LANES -
[-        ] resolve_align:PRESEQ           -
[35/14a656] bam…:BAMLET (evoC-Bap1-ctrl-M) | 8 of 8, cached: 8 ✔
[e7/93c471] bam…P_BAMQC (evoC-Bap1-ctrl-M) | 8 of 8, cached: 8 ✔
[d7/91957f] bam…SS_BIAS (evoC-Bap1-ctrl-M) | 8 of 8, cached: 8 ✔
[-        ] bam…:DEEPTOOLS_PLOTFINGERPRINT -
[a0/ae2497] bam…_GCBIAS (evoC-Bap1-ctrl-M) | 8 of 8, cached: 8 ✔
[54/59c035] bam…CCURACY (evoC-Bap1-ctrl-M) | 8 of 8, cached: 8 ✔
[6d/56ee13] var…_CALLER (evoC-Bap1-ctrl-M) | 8 of 8, cached: 8 ✔
[ab/68d0ab] var…NTERVALS (GRCm38_filtered) | 1 of 1, cached: 1 ✔
[c9/d11c80] var…DB_IMPORT (Interval: 0002) | 3 of 20
[ac/ebb8da] var…YPE_GVCFS (Interval: 0007) | 1 of 3
[-        ] var…t_calling:MERGE_JOINT_VCFS -
[-        ] variant_calling:ASM            -
[-        ] var…_calling:MERGE_ASM_OUTPUTS -
[6c/0aef18] var…MUTECT2 (evoC-Bap1-ctrl-M) | 8 of 8, cached: 8 ✔
[03/7274d8] mbi…C-Bap1-ctrl-M-CHH-5-prime) | 24 of 24, cached: 24 ✔
[6a/f83b58] epi…ARR (evoC-Bap1-ctrl-M-CHG) | 24 of 24, cached: 24 ✔
[05/609dcc] epi…PORT (evoC-Bap1-ctrl-M_CG) | 16 of 24, cached: 16
[a3/ccd062] epi… (evoC_Bap1_run-genome-CG) | 3 of 3, cached: 3 ✔
[ba/0f088f] epi…ZARR (evoC-Bap1-ctrl-M-CG) | 8 of 8, cached: 8 ✔
[ef/2c82cf] epi…PORT (evoC-Bap1-ctrl-M_CG) | 8 of 8, cached: 8 ✔
[34/bb4ccb] epi…ZARR (evoC-Bap1-ctrl-M-CG) | 8 of 8, cached: 8 ✔
[cd/0be07a] epi…PORT (evoC-Bap1-ctrl-M_CG) | 8 of 8, cached: 8 ✔
[ab/4b9b86] epi…voC_Bap1_run-long_ctrl-CG) | 1 of 1, cached: 1 ✔
[0e/f525a2] summary:DQSPY (evoC_Bap1_run)  | 1 of 1, cached: 1 ✔
Plus 3 more processes waiting for tasks…

executor >  slurm (31)
[59/0f64df] res…W (evoC-Bap1-ctrl-M, L000) | 8 of 8, cached: 8 ✔
[94/d508a3] res…evoC-Bap1-ctrl-F-B2, L004) | 8 of 8, cached: 8 ✔
[-        ] resolve_align:FASTQC_RESOLVED  -
[b1/5265d3] res…2 (evoC-Bap1-ctrl-M, L000) | 8 of 8, cached: 8 ✔
[-        ] res…align:SAMTOOLS_MERGE_LANES -
[-        ] resolve_align:PRESEQ           -
[35/14a656] bam…:BAMLET (evoC-Bap1-ctrl-M) | 8 of 8, cached: 8 ✔
[e7/93c471] bam…P_BAMQC (evoC-Bap1-ctrl-M) | 8 of 8, cached: 8 ✔
[d7/91957f] bam…SS_BIAS (evoC-Bap1-ctrl-M) | 8 of 8, cached: 8 ✔
[-        ] bam…:DEEPTOOLS_PLOTFINGERPRINT -
[a0/ae2497] bam…_GCBIAS (evoC-Bap1-ctrl-M) | 8 of 8, cached: 8 ✔
[54/59c035] bam…CCURACY (evoC-Bap1-ctrl-M) | 8 of 8, cached: 8 ✔
[6d/56ee13] var…_CALLER (evoC-Bap1-ctrl-M) | 8 of 8, cached: 8 ✔
[ab/68d0ab] var…NTERVALS (GRCm38_filtered) | 1 of 1, cached: 1 ✔
[c9/d11c80] var…DB_IMPORT (Interval: 0002) | 3 of 20
[04/6e649f] var…YPE_GVCFS (Interval: 0002) | 1 of 3
[-        ] var…t_calling:MERGE_JOINT_VCFS -
[-        ] variant_calling:ASM            -
[-        ] var…_calling:MERGE_ASM_OUTPUTS -
[6c/0aef18] var…MUTECT2 (evoC-Bap1-ctrl-M) | 8 of 8, cached: 8 ✔
[03/7274d8] mbi…C-Bap1-ctrl-M-CHH-5-prime) | 24 of 24, cached: 24 ✔
[6a/f83b58] epi…ARR (evoC-Bap1-ctrl-M-CHG) | 24 of 24, cached: 24 ✔
[05/609dcc] epi…PORT (evoC-Bap1-ctrl-M_CG) | 16 of 24, cached: 16
[a3/ccd062] epi… (evoC_Bap1_run-genome-CG) | 3 of 3, cached: 3 ✔
[ba/0f088f] epi…ZARR (evoC-Bap1-ctrl-M-CG) | 8 of 8, cached: 8 ✔
[ef/2c82cf] epi…PORT (evoC-Bap1-ctrl-M_CG) | 8 of 8, cached: 8 ✔
[34/bb4ccb] epi…ZARR (evoC-Bap1-ctrl-M-CG) | 8 of 8, cached: 8 ✔
[cd/0be07a] epi…PORT (evoC-Bap1-ctrl-M_CG) | 8 of 8, cached: 8 ✔
[ab/4b9b86] epi…voC_Bap1_run-long_ctrl-CG) | 1 of 1, cached: 1 ✔
[0e/f525a2] summary:DQSPY (evoC_Bap1_run)  | 1 of 1, cached: 1 ✔
Plus 3 more processes waiting for tasks…

executor >  slurm (31)
[59/0f64df] res…W (evoC-Bap1-ctrl-M, L000) | 8 of 8, cached: 8 ✔
[94/d508a3] res…evoC-Bap1-ctrl-F-B2, L004) | 8 of 8, cached: 8 ✔
[-        ] resolve_align:FASTQC_RESOLVED  -
[b1/5265d3] res…2 (evoC-Bap1-ctrl-M, L000) | 8 of 8, cached: 8 ✔
[-        ] res…align:SAMTOOLS_MERGE_LANES -
[-        ] resolve_align:PRESEQ           -
[35/14a656] bam…:BAMLET (evoC-Bap1-ctrl-M) | 8 of 8, cached: 8 ✔
[e7/93c471] bam…P_BAMQC (evoC-Bap1-ctrl-M) | 8 of 8, cached: 8 ✔
[d7/91957f] bam…SS_BIAS (evoC-Bap1-ctrl-M) | 8 of 8, cached: 8 ✔
[-        ] bam…:DEEPTOOLS_PLOTFINGERPRINT -
[a0/ae2497] bam…_GCBIAS (evoC-Bap1-ctrl-M) | 8 of 8, cached: 8 ✔
[54/59c035] bam…CCURACY (evoC-Bap1-ctrl-M) | 8 of 8, cached: 8 ✔
[6d/56ee13] var…_CALLER (evoC-Bap1-ctrl-M) | 8 of 8, cached: 8 ✔
[ab/68d0ab] var…NTERVALS (GRCm38_filtered) | 1 of 1, cached: 1 ✔
[c9/d11c80] var…DB_IMPORT (Interval: 0002) | 3 of 20
[04/6e649f] var…YPE_GVCFS (Interval: 0002) | 1 of 3
[-        ] var…t_calling:MERGE_JOINT_VCFS -
[-        ] variant_calling:ASM            -
[-        ] var…_calling:MERGE_ASM_OUTPUTS -
[6c/0aef18] var…MUTECT2 (evoC-Bap1-ctrl-M) | 8 of 8, cached: 8 ✔
[03/7274d8] mbi…C-Bap1-ctrl-M-CHH-5-prime) | 24 of 24, cached: 24 ✔
[6a/f83b58] epi…ARR (evoC-Bap1-ctrl-M-CHG) | 24 of 24, cached: 24 ✔
[05/609dcc] epi…PORT (evoC-Bap1-ctrl-M_CG) | 16 of 24, cached: 16
[a3/ccd062] epi… (evoC_Bap1_run-genome-CG) | 3 of 3, cached: 3 ✔
[ba/0f088f] epi…ZARR (evoC-Bap1-ctrl-M-CG) | 8 of 8, cached: 8 ✔
[ef/2c82cf] epi…PORT (evoC-Bap1-ctrl-M_CG) | 8 of 8, cached: 8 ✔
[34/bb4ccb] epi…ZARR (evoC-Bap1-ctrl-M-CG) | 8 of 8, cached: 8 ✔
[cd/0be07a] epi…PORT (evoC-Bap1-ctrl-M_CG) | 8 of 8, cached: 8 ✔
[ab/4b9b86] epi…voC_Bap1_run-long_ctrl-CG) | 1 of 1, cached: 1 ✔
[0e/f525a2] summary:DQSPY (evoC_Bap1_run)  | 1 of 1, cached: 1 ✔
Plus 3 more processes waiting for tasks…

executor >  slurm (31)
[59/0f64df] res…W (evoC-Bap1-ctrl-M, L000) | 8 of 8, cached: 8 ✔
[94/d508a3] res…evoC-Bap1-ctrl-F-B2, L004) | 8 of 8, cached: 8 ✔
[-        ] resolve_align:FASTQC_RESOLVED  -
[b1/5265d3] res…2 (evoC-Bap1-ctrl-M, L000) | 8 of 8, cached: 8 ✔
[-        ] res…align:SAMTOOLS_MERGE_LANES -
[-        ] resolve_align:PRESEQ           -
[35/14a656] bam…:BAMLET (evoC-Bap1-ctrl-M) | 8 of 8, cached: 8 ✔
[e7/93c471] bam…P_BAMQC (evoC-Bap1-ctrl-M) | 8 of 8, cached: 8 ✔
[d7/91957f] bam…SS_BIAS (evoC-Bap1-ctrl-M) | 8 of 8, cached: 8 ✔
[-        ] bam…:DEEPTOOLS_PLOTFINGERPRINT -
[a0/ae2497] bam…_GCBIAS (evoC-Bap1-ctrl-M) | 8 of 8, cached: 8 ✔
[54/59c035] bam…CCURACY (evoC-Bap1-ctrl-M) | 8 of 8, cached: 8 ✔
[6d/56ee13] var…_CALLER (evoC-Bap1-ctrl-M) | 8 of 8, cached: 8 ✔
[ab/68d0ab] var…NTERVALS (GRCm38_filtered) | 1 of 1, cached: 1 ✔
[39/3130bd] var…DB_IMPORT (Interval: 0012) | 4 of 20
[04/6e649f] var…YPE_GVCFS (Interval: 0002) | 1 of 4
[-        ] var…t_calling:MERGE_JOINT_VCFS -
[-        ] variant_calling:ASM            -
[-        ] var…_calling:MERGE_ASM_OUTPUTS -
[6c/0aef18] var…MUTECT2 (evoC-Bap1-ctrl-M) | 8 of 8, cached: 8 ✔
[03/7274d8] mbi…C-Bap1-ctrl-M-CHH-5-prime) | 24 of 24, cached: 24 ✔
[6a/f83b58] epi…ARR (evoC-Bap1-ctrl-M-CHG) | 24 of 24, cached: 24 ✔
[05/609dcc] epi…PORT (evoC-Bap1-ctrl-M_CG) | 16 of 24, cached: 16
[a3/ccd062] epi… (evoC_Bap1_run-genome-CG) | 3 of 3, cached: 3 ✔
[ba/0f088f] epi…ZARR (evoC-Bap1-ctrl-M-CG) | 8 of 8, cached: 8 ✔
[ef/2c82cf] epi…PORT (evoC-Bap1-ctrl-M_CG) | 8 of 8, cached: 8 ✔
[34/bb4ccb] epi…ZARR (evoC-Bap1-ctrl-M-CG) | 8 of 8, cached: 8 ✔
[cd/0be07a] epi…PORT (evoC-Bap1-ctrl-M_CG) | 8 of 8, cached: 8 ✔
[ab/4b9b86] epi…voC_Bap1_run-long_ctrl-CG) | 1 of 1, cached: 1 ✔
[0e/f525a2] summary:DQSPY (evoC_Bap1_run)  | 1 of 1, cached: 1 ✔
Plus 3 more processes waiting for tasks…

executor >  slurm (32)
[59/0f64df] res…W (evoC-Bap1-ctrl-M, L000) | 8 of 8, cached: 8 ✔
[94/d508a3] res…evoC-Bap1-ctrl-F-B2, L004) | 8 of 8, cached: 8 ✔
[-        ] resolve_align:FASTQC_RESOLVED  -
[b1/5265d3] res…2 (evoC-Bap1-ctrl-M, L000) | 8 of 8, cached: 8 ✔
[-        ] res…align:SAMTOOLS_MERGE_LANES -
[-        ] resolve_align:PRESEQ           -
[35/14a656] bam…:BAMLET (evoC-Bap1-ctrl-M) | 8 of 8, cached: 8 ✔
[e7/93c471] bam…P_BAMQC (evoC-Bap1-ctrl-M) | 8 of 8, cached: 8 ✔
[d7/91957f] bam…SS_BIAS (evoC-Bap1-ctrl-M) | 8 of 8, cached: 8 ✔
[-        ] bam…:DEEPTOOLS_PLOTFINGERPRINT -
[a0/ae2497] bam…_GCBIAS (evoC-Bap1-ctrl-M) | 8 of 8, cached: 8 ✔
[54/59c035] bam…CCURACY (evoC-Bap1-ctrl-M) | 8 of 8, cached: 8 ✔
[6d/56ee13] var…_CALLER (evoC-Bap1-ctrl-M) | 8 of 8, cached: 8 ✔
[ab/68d0ab] var…NTERVALS (GRCm38_filtered) | 1 of 1, cached: 1 ✔
[39/3130bd] var…DB_IMPORT (Interval: 0012) | 4 of 20
[7b/6dbe5e] var…YPE_GVCFS (Interval: 0012) | 1 of 4
[-        ] var…t_calling:MERGE_JOINT_VCFS -
[-        ] variant_calling:ASM            -
[-        ] var…_calling:MERGE_ASM_OUTPUTS -
[6c/0aef18] var…MUTECT2 (evoC-Bap1-ctrl-M) | 8 of 8, cached: 8 ✔
[03/7274d8] mbi…C-Bap1-ctrl-M-CHH-5-prime) | 24 of 24, cached: 24 ✔
[6a/f83b58] epi…ARR (evoC-Bap1-ctrl-M-CHG) | 24 of 24, cached: 24 ✔
[05/609dcc] epi…PORT (evoC-Bap1-ctrl-M_CG) | 16 of 24, cached: 16
[a3/ccd062] epi… (evoC_Bap1_run-genome-CG) | 3 of 3, cached: 3 ✔
[ba/0f088f] epi…ZARR (evoC-Bap1-ctrl-M-CG) | 8 of 8, cached: 8 ✔
[ef/2c82cf] epi…PORT (evoC-Bap1-ctrl-M_CG) | 8 of 8, cached: 8 ✔
[34/bb4ccb] epi…ZARR (evoC-Bap1-ctrl-M-CG) | 8 of 8, cached: 8 ✔
[cd/0be07a] epi…PORT (evoC-Bap1-ctrl-M_CG) | 8 of 8, cached: 8 ✔
[ab/4b9b86] epi…voC_Bap1_run-long_ctrl-CG) | 1 of 1, cached: 1 ✔
[0e/f525a2] summary:DQSPY (evoC_Bap1_run)  | 1 of 1, cached: 1 ✔
Plus 3 more processes waiting for tasks…

executor >  slurm (32)
[59/0f64df] res…W (evoC-Bap1-ctrl-M, L000) | 8 of 8, cached: 8 ✔
[94/d508a3] res…evoC-Bap1-ctrl-F-B2, L004) | 8 of 8, cached: 8 ✔
[-        ] resolve_align:FASTQC_RESOLVED  -
[b1/5265d3] res…2 (evoC-Bap1-ctrl-M, L000) | 8 of 8, cached: 8 ✔
[-        ] res…align:SAMTOOLS_MERGE_LANES -
[-        ] resolve_align:PRESEQ           -
[35/14a656] bam…:BAMLET (evoC-Bap1-ctrl-M) | 8 of 8, cached: 8 ✔
[e7/93c471] bam…P_BAMQC (evoC-Bap1-ctrl-M) | 8 of 8, cached: 8 ✔
[d7/91957f] bam…SS_BIAS (evoC-Bap1-ctrl-M) | 8 of 8, cached: 8 ✔
[-        ] bam…:DEEPTOOLS_PLOTFINGERPRINT -
[a0/ae2497] bam…_GCBIAS (evoC-Bap1-ctrl-M) | 8 of 8, cached: 8 ✔
[54/59c035] bam…CCURACY (evoC-Bap1-ctrl-M) | 8 of 8, cached: 8 ✔
[6d/56ee13] var…_CALLER (evoC-Bap1-ctrl-M) | 8 of 8, cached: 8 ✔
[ab/68d0ab] var…NTERVALS (GRCm38_filtered) | 1 of 1, cached: 1 ✔
[39/3130bd] var…DB_IMPORT (Interval: 0012) | 4 of 20
[7b/6dbe5e] var…YPE_GVCFS (Interval: 0012) | 1 of 4
[-        ] var…t_calling:MERGE_JOINT_VCFS -
[-        ] variant_calling:ASM            -
[-        ] var…_calling:MERGE_ASM_OUTPUTS -
[6c/0aef18] var…MUTECT2 (evoC-Bap1-ctrl-M) | 8 of 8, cached: 8 ✔
[03/7274d8] mbi…C-Bap1-ctrl-M-CHH-5-prime) | 24 of 24, cached: 24 ✔
[6a/f83b58] epi…ARR (evoC-Bap1-ctrl-M-CHG) | 24 of 24, cached: 24 ✔
[05/609dcc] epi…PORT (evoC-Bap1-ctrl-M_CG) | 16 of 24, cached: 16
[a3/ccd062] epi… (evoC_Bap1_run-genome-CG) | 3 of 3, cached: 3 ✔
[ba/0f088f] epi…ZARR (evoC-Bap1-ctrl-M-CG) | 8 of 8, cached: 8 ✔
[ef/2c82cf] epi…PORT (evoC-Bap1-ctrl-M_CG) | 8 of 8, cached: 8 ✔
[34/bb4ccb] epi…ZARR (evoC-Bap1-ctrl-M-CG) | 8 of 8, cached: 8 ✔
[cd/0be07a] epi…PORT (evoC-Bap1-ctrl-M_CG) | 8 of 8, cached: 8 ✔
[ab/4b9b86] epi…voC_Bap1_run-long_ctrl-CG) | 1 of 1, cached: 1 ✔
[0e/f525a2] summary:DQSPY (evoC_Bap1_run)  | 1 of 1, cached: 1 ✔
Plus 3 more processes waiting for tasks…

executor >  slurm (32)
[59/0f64df] res…W (evoC-Bap1-ctrl-M, L000) | 8 of 8, cached: 8 ✔
[94/d508a3] res…evoC-Bap1-ctrl-F-B2, L004) | 8 of 8, cached: 8 ✔
[-        ] resolve_align:FASTQC_RESOLVED  -
[b1/5265d3] res…2 (evoC-Bap1-ctrl-M, L000) | 8 of 8, cached: 8 ✔
[-        ] res…align:SAMTOOLS_MERGE_LANES -
[-        ] resolve_align:PRESEQ           -
[35/14a656] bam…:BAMLET (evoC-Bap1-ctrl-M) | 8 of 8, cached: 8 ✔
[e7/93c471] bam…P_BAMQC (evoC-Bap1-ctrl-M) | 8 of 8, cached: 8 ✔
[d7/91957f] bam…SS_BIAS (evoC-Bap1-ctrl-M) | 8 of 8, cached: 8 ✔
[-        ] bam…:DEEPTOOLS_PLOTFINGERPRINT -
[a0/ae2497] bam…_GCBIAS (evoC-Bap1-ctrl-M) | 8 of 8, cached: 8 ✔
[54/59c035] bam…CCURACY (evoC-Bap1-ctrl-M) | 8 of 8, cached: 8 ✔
[6d/56ee13] var…_CALLER (evoC-Bap1-ctrl-M) | 8 of 8, cached: 8 ✔
[ab/68d0ab] var…NTERVALS (GRCm38_filtered) | 1 of 1, cached: 1 ✔
[6c/292b36] var…DB_IMPORT (Interval: 0019) | 5 of 20
[7b/6dbe5e] var…YPE_GVCFS (Interval: 0012) | 1 of 5
[-        ] var…t_calling:MERGE_JOINT_VCFS -
[-        ] variant_calling:ASM            -
[-        ] var…_calling:MERGE_ASM_OUTPUTS -
[6c/0aef18] var…MUTECT2 (evoC-Bap1-ctrl-M) | 8 of 8, cached: 8 ✔
[03/7274d8] mbi…C-Bap1-ctrl-M-CHH-5-prime) | 24 of 24, cached: 24 ✔
[6a/f83b58] epi…ARR (evoC-Bap1-ctrl-M-CHG) | 24 of 24, cached: 24 ✔
[05/609dcc] epi…PORT (evoC-Bap1-ctrl-M_CG) | 16 of 24, cached: 16
[a3/ccd062] epi… (evoC_Bap1_run-genome-CG) | 3 of 3, cached: 3 ✔
[ba/0f088f] epi…ZARR (evoC-Bap1-ctrl-M-CG) | 8 of 8, cached: 8 ✔
[ef/2c82cf] epi…PORT (evoC-Bap1-ctrl-M_CG) | 8 of 8, cached: 8 ✔
[34/bb4ccb] epi…ZARR (evoC-Bap1-ctrl-M-CG) | 8 of 8, cached: 8 ✔
[cd/0be07a] epi…PORT (evoC-Bap1-ctrl-M_CG) | 8 of 8, cached: 8 ✔
[ab/4b9b86] epi…voC_Bap1_run-long_ctrl-CG) | 1 of 1, cached: 1 ✔
[0e/f525a2] summary:DQSPY (evoC_Bap1_run)  | 1 of 1, cached: 1 ✔
Plus 3 more processes waiting for tasks…

executor >  slurm (33)
[59/0f64df] res…W (evoC-Bap1-ctrl-M, L000) | 8 of 8, cached: 8 ✔
[94/d508a3] res…evoC-Bap1-ctrl-F-B2, L004) | 8 of 8, cached: 8 ✔
[-        ] resolve_align:FASTQC_RESOLVED  -
[b1/5265d3] res…2 (evoC-Bap1-ctrl-M, L000) | 8 of 8, cached: 8 ✔
[-        ] res…align:SAMTOOLS_MERGE_LANES -
[-        ] resolve_align:PRESEQ           -
[35/14a656] bam…:BAMLET (evoC-Bap1-ctrl-M) | 8 of 8, cached: 8 ✔
[e7/93c471] bam…P_BAMQC (evoC-Bap1-ctrl-M) | 8 of 8, cached: 8 ✔
[d7/91957f] bam…SS_BIAS (evoC-Bap1-ctrl-M) | 8 of 8, cached: 8 ✔
[-        ] bam…:DEEPTOOLS_PLOTFINGERPRINT -
[a0/ae2497] bam…_GCBIAS (evoC-Bap1-ctrl-M) | 8 of 8, cached: 8 ✔
[54/59c035] bam…CCURACY (evoC-Bap1-ctrl-M) | 8 of 8, cached: 8 ✔
[6d/56ee13] var…_CALLER (evoC-Bap1-ctrl-M) | 8 of 8, cached: 8 ✔
[ab/68d0ab] var…NTERVALS (GRCm38_filtered) | 1 of 1, cached: 1 ✔
[6c/292b36] var…DB_IMPORT (Interval: 0019) | 5 of 20
[e9/9d58cc] var…YPE_GVCFS (Interval: 0019) | 1 of 5
[-        ] var…t_calling:MERGE_JOINT_VCFS -
[-        ] variant_calling:ASM            -
[-        ] var…_calling:MERGE_ASM_OUTPUTS -
[6c/0aef18] var…MUTECT2 (evoC-Bap1-ctrl-M) | 8 of 8, cached: 8 ✔
[03/7274d8] mbi…C-Bap1-ctrl-M-CHH-5-prime) | 24 of 24, cached: 24 ✔
[6a/f83b58] epi…ARR (evoC-Bap1-ctrl-M-CHG) | 24 of 24, cached: 24 ✔
[05/609dcc] epi…PORT (evoC-Bap1-ctrl-M_CG) | 16 of 24, cached: 16
[a3/ccd062] epi… (evoC_Bap1_run-genome-CG) | 3 of 3, cached: 3 ✔
[ba/0f088f] epi…ZARR (evoC-Bap1-ctrl-M-CG) | 8 of 8, cached: 8 ✔
[ef/2c82cf] epi…PORT (evoC-Bap1-ctrl-M_CG) | 8 of 8, cached: 8 ✔
[34/bb4ccb] epi…ZARR (evoC-Bap1-ctrl-M-CG) | 8 of 8, cached: 8 ✔
[cd/0be07a] epi…PORT (evoC-Bap1-ctrl-M_CG) | 8 of 8, cached: 8 ✔
[ab/4b9b86] epi…voC_Bap1_run-long_ctrl-CG) | 1 of 1, cached: 1 ✔
[0e/f525a2] summary:DQSPY (evoC_Bap1_run)  | 1 of 1, cached: 1 ✔
Plus 3 more processes waiting for tasks…

executor >  slurm (33)
[59/0f64df] res…W (evoC-Bap1-ctrl-M, L000) | 8 of 8, cached: 8 ✔
[94/d508a3] res…evoC-Bap1-ctrl-F-B2, L004) | 8 of 8, cached: 8 ✔
[-        ] resolve_align:FASTQC_RESOLVED  -
[b1/5265d3] res…2 (evoC-Bap1-ctrl-M, L000) | 8 of 8, cached: 8 ✔
[-        ] res…align:SAMTOOLS_MERGE_LANES -
[-        ] resolve_align:PRESEQ           -
[35/14a656] bam…:BAMLET (evoC-Bap1-ctrl-M) | 8 of 8, cached: 8 ✔
[e7/93c471] bam…P_BAMQC (evoC-Bap1-ctrl-M) | 8 of 8, cached: 8 ✔
[d7/91957f] bam…SS_BIAS (evoC-Bap1-ctrl-M) | 8 of 8, cached: 8 ✔
[-        ] bam…:DEEPTOOLS_PLOTFINGERPRINT -
[a0/ae2497] bam…_GCBIAS (evoC-Bap1-ctrl-M) | 8 of 8, cached: 8 ✔
[54/59c035] bam…CCURACY (evoC-Bap1-ctrl-M) | 8 of 8, cached: 8 ✔
[6d/56ee13] var…_CALLER (evoC-Bap1-ctrl-M) | 8 of 8, cached: 8 ✔
[ab/68d0ab] var…NTERVALS (GRCm38_filtered) | 1 of 1, cached: 1 ✔
[6c/292b36] var…DB_IMPORT (Interval: 0019) | 5 of 20
[e9/9d58cc] var…YPE_GVCFS (Interval: 0019) | 1 of 5
[-        ] var…t_calling:MERGE_JOINT_VCFS -
[-        ] variant_calling:ASM            -
[-        ] var…_calling:MERGE_ASM_OUTPUTS -
[6c/0aef18] var…MUTECT2 (evoC-Bap1-ctrl-M) | 8 of 8, cached: 8 ✔
[03/7274d8] mbi…C-Bap1-ctrl-M-CHH-5-prime) | 24 of 24, cached: 24 ✔
[6a/f83b58] epi…ARR (evoC-Bap1-ctrl-M-CHG) | 24 of 24, cached: 24 ✔
[05/609dcc] epi…PORT (evoC-Bap1-ctrl-M_CG) | 16 of 24, cached: 16
[a3/ccd062] epi… (evoC_Bap1_run-genome-CG) | 3 of 3, cached: 3 ✔
[ba/0f088f] epi…ZARR (evoC-Bap1-ctrl-M-CG) | 8 of 8, cached: 8 ✔
[ef/2c82cf] epi…PORT (evoC-Bap1-ctrl-M_CG) | 8 of 8, cached: 8 ✔
[34/bb4ccb] epi…ZARR (evoC-Bap1-ctrl-M-CG) | 8 of 8, cached: 8 ✔
[cd/0be07a] epi…PORT (evoC-Bap1-ctrl-M_CG) | 8 of 8, cached: 8 ✔
[ab/4b9b86] epi…voC_Bap1_run-long_ctrl-CG) | 1 of 1, cached: 1 ✔
[0e/f525a2] summary:DQSPY (evoC_Bap1_run)  | 1 of 1, cached: 1 ✔
Plus 3 more processes waiting for tasks…

executor >  slurm (33)
[59/0f64df] res…W (evoC-Bap1-ctrl-M, L000) | 8 of 8, cached: 8 ✔
[94/d508a3] res…evoC-Bap1-ctrl-F-B2, L004) | 8 of 8, cached: 8 ✔
[-        ] resolve_align:FASTQC_RESOLVED  -
[b1/5265d3] res…2 (evoC-Bap1-ctrl-M, L000) | 8 of 8, cached: 8 ✔
[-        ] res…align:SAMTOOLS_MERGE_LANES -
[-        ] resolve_align:PRESEQ           -
[35/14a656] bam…:BAMLET (evoC-Bap1-ctrl-M) | 8 of 8, cached: 8 ✔
[e7/93c471] bam…P_BAMQC (evoC-Bap1-ctrl-M) | 8 of 8, cached: 8 ✔
[d7/91957f] bam…SS_BIAS (evoC-Bap1-ctrl-M) | 8 of 8, cached: 8 ✔
[-        ] bam…:DEEPTOOLS_PLOTFINGERPRINT -
[a0/ae2497] bam…_GCBIAS (evoC-Bap1-ctrl-M) | 8 of 8, cached: 8 ✔
[54/59c035] bam…CCURACY (evoC-Bap1-ctrl-M) | 8 of 8, cached: 8 ✔
[6d/56ee13] var…_CALLER (evoC-Bap1-ctrl-M) | 8 of 8, cached: 8 ✔
[ab/68d0ab] var…NTERVALS (GRCm38_filtered) | 1 of 1, cached: 1 ✔
[9c/0af32f] var…DB_IMPORT (Interval: 0000) | 6 of 20
[e9/9d58cc] var…YPE_GVCFS (Interval: 0019) | 1 of 6
[-        ] var…t_calling:MERGE_JOINT_VCFS -
[-        ] variant_calling:ASM            -
[-        ] var…_calling:MERGE_ASM_OUTPUTS -
[6c/0aef18] var…MUTECT2 (evoC-Bap1-ctrl-M) | 8 of 8, cached: 8 ✔
[03/7274d8] mbi…C-Bap1-ctrl-M-CHH-5-prime) | 24 of 24, cached: 24 ✔
[6a/f83b58] epi…ARR (evoC-Bap1-ctrl-M-CHG) | 24 of 24, cached: 24 ✔
[05/609dcc] epi…PORT (evoC-Bap1-ctrl-M_CG) | 16 of 24, cached: 16
[a3/ccd062] epi… (evoC_Bap1_run-genome-CG) | 3 of 3, cached: 3 ✔
[ba/0f088f] epi…ZARR (evoC-Bap1-ctrl-M-CG) | 8 of 8, cached: 8 ✔
[ef/2c82cf] epi…PORT (evoC-Bap1-ctrl-M_CG) | 8 of 8, cached: 8 ✔
[34/bb4ccb] epi…ZARR (evoC-Bap1-ctrl-M-CG) | 8 of 8, cached: 8 ✔
[cd/0be07a] epi…PORT (evoC-Bap1-ctrl-M_CG) | 8 of 8, cached: 8 ✔
[ab/4b9b86] epi…voC_Bap1_run-long_ctrl-CG) | 1 of 1, cached: 1 ✔
[0e/f525a2] summary:DQSPY (evoC_Bap1_run)  | 1 of 1, cached: 1 ✔
Plus 3 more processes waiting for tasks…

executor >  slurm (34)
[59/0f64df] res…W (evoC-Bap1-ctrl-M, L000) | 8 of 8, cached: 8 ✔
[94/d508a3] res…evoC-Bap1-ctrl-F-B2, L004) | 8 of 8, cached: 8 ✔
[-        ] resolve_align:FASTQC_RESOLVED  -
[b1/5265d3] res…2 (evoC-Bap1-ctrl-M, L000) | 8 of 8, cached: 8 ✔
[-        ] res…align:SAMTOOLS_MERGE_LANES -
[-        ] resolve_align:PRESEQ           -
[35/14a656] bam…:BAMLET (evoC-Bap1-ctrl-M) | 8 of 8, cached: 8 ✔
[e7/93c471] bam…P_BAMQC (evoC-Bap1-ctrl-M) | 8 of 8, cached: 8 ✔
[d7/91957f] bam…SS_BIAS (evoC-Bap1-ctrl-M) | 8 of 8, cached: 8 ✔
[-        ] bam…:DEEPTOOLS_PLOTFINGERPRINT -
[a0/ae2497] bam…_GCBIAS (evoC-Bap1-ctrl-M) | 8 of 8, cached: 8 ✔
[54/59c035] bam…CCURACY (evoC-Bap1-ctrl-M) | 8 of 8, cached: 8 ✔
[6d/56ee13] var…_CALLER (evoC-Bap1-ctrl-M) | 8 of 8, cached: 8 ✔
[ab/68d0ab] var…NTERVALS (GRCm38_filtered) | 1 of 1, cached: 1 ✔
[9c/0af32f] var…DB_IMPORT (Interval: 0000) | 6 of 20
[0b/58c8df] var…YPE_GVCFS (Interval: 0000) | 1 of 6
[-        ] var…t_calling:MERGE_JOINT_VCFS -
[-        ] variant_calling:ASM            -
[-        ] var…_calling:MERGE_ASM_OUTPUTS -
[6c/0aef18] var…MUTECT2 (evoC-Bap1-ctrl-M) | 8 of 8, cached: 8 ✔
[03/7274d8] mbi…C-Bap1-ctrl-M-CHH-5-prime) | 24 of 24, cached: 24 ✔
[6a/f83b58] epi…ARR (evoC-Bap1-ctrl-M-CHG) | 24 of 24, cached: 24 ✔
[05/609dcc] epi…PORT (evoC-Bap1-ctrl-M_CG) | 16 of 24, cached: 16
[a3/ccd062] epi… (evoC_Bap1_run-genome-CG) | 3 of 3, cached: 3 ✔
[ba/0f088f] epi…ZARR (evoC-Bap1-ctrl-M-CG) | 8 of 8, cached: 8 ✔
[ef/2c82cf] epi…PORT (evoC-Bap1-ctrl-M_CG) | 8 of 8, cached: 8 ✔
[34/bb4ccb] epi…ZARR (evoC-Bap1-ctrl-M-CG) | 8 of 8, cached: 8 ✔
[cd/0be07a] epi…PORT (evoC-Bap1-ctrl-M_CG) | 8 of 8, cached: 8 ✔
[ab/4b9b86] epi…voC_Bap1_run-long_ctrl-CG) | 1 of 1, cached: 1 ✔
[0e/f525a2] summary:DQSPY (evoC_Bap1_run)  | 1 of 1, cached: 1 ✔
Plus 3 more processes waiting for tasks…

executor >  slurm (34)
[59/0f64df] res…W (evoC-Bap1-ctrl-M, L000) | 8 of 8, cached: 8 ✔
[94/d508a3] res…evoC-Bap1-ctrl-F-B2, L004) | 8 of 8, cached: 8 ✔
[-        ] resolve_align:FASTQC_RESOLVED  -
[b1/5265d3] res…2 (evoC-Bap1-ctrl-M, L000) | 8 of 8, cached: 8 ✔
[-        ] res…align:SAMTOOLS_MERGE_LANES -
[-        ] resolve_align:PRESEQ           -
[35/14a656] bam…:BAMLET (evoC-Bap1-ctrl-M) | 8 of 8, cached: 8 ✔
[e7/93c471] bam…P_BAMQC (evoC-Bap1-ctrl-M) | 8 of 8, cached: 8 ✔
[d7/91957f] bam…SS_BIAS (evoC-Bap1-ctrl-M) | 8 of 8, cached: 8 ✔
[-        ] bam…:DEEPTOOLS_PLOTFINGERPRINT -
[a0/ae2497] bam…_GCBIAS (evoC-Bap1-ctrl-M) | 8 of 8, cached: 8 ✔
[54/59c035] bam…CCURACY (evoC-Bap1-ctrl-M) | 8 of 8, cached: 8 ✔
[6d/56ee13] var…_CALLER (evoC-Bap1-ctrl-M) | 8 of 8, cached: 8 ✔
[ab/68d0ab] var…NTERVALS (GRCm38_filtered) | 1 of 1, cached: 1 ✔
[9c/0af32f] var…DB_IMPORT (Interval: 0000) | 6 of 20
[0b/58c8df] var…YPE_GVCFS (Interval: 0000) | 1 of 6
[-        ] var…t_calling:MERGE_JOINT_VCFS -
[-        ] variant_calling:ASM            -
[-        ] var…_calling:MERGE_ASM_OUTPUTS -
[6c/0aef18] var…MUTECT2 (evoC-Bap1-ctrl-M) | 8 of 8, cached: 8 ✔
[03/7274d8] mbi…C-Bap1-ctrl-M-CHH-5-prime) | 24 of 24, cached: 24 ✔
[6a/f83b58] epi…ARR (evoC-Bap1-ctrl-M-CHG) | 24 of 24, cached: 24 ✔
[05/609dcc] epi…PORT (evoC-Bap1-ctrl-M_CG) | 16 of 24, cached: 16
[a3/ccd062] epi… (evoC_Bap1_run-genome-CG) | 3 of 3, cached: 3 ✔
[ba/0f088f] epi…ZARR (evoC-Bap1-ctrl-M-CG) | 8 of 8, cached: 8 ✔
[ef/2c82cf] epi…PORT (evoC-Bap1-ctrl-M_CG) | 8 of 8, cached: 8 ✔
[34/bb4ccb] epi…ZARR (evoC-Bap1-ctrl-M-CG) | 8 of 8, cached: 8 ✔
[cd/0be07a] epi…PORT (evoC-Bap1-ctrl-M_CG) | 8 of 8, cached: 8 ✔
[ab/4b9b86] epi…voC_Bap1_run-long_ctrl-CG) | 1 of 1, cached: 1 ✔
[0e/f525a2] summary:DQSPY (evoC_Bap1_run)  | 1 of 1, cached: 1 ✔
Plus 3 more processes waiting for tasks…

executor >  slurm (35)
[59/0f64df] res…W (evoC-Bap1-ctrl-M, L000) | 8 of 8, cached: 8 ✔
[94/d508a3] res…evoC-Bap1-ctrl-F-B2, L004) | 8 of 8, cached: 8 ✔
[-        ] resolve_align:FASTQC_RESOLVED  -
[b1/5265d3] res…2 (evoC-Bap1-ctrl-M, L000) | 8 of 8, cached: 8 ✔
[-        ] res…align:SAMTOOLS_MERGE_LANES -
[-        ] resolve_align:PRESEQ           -
[35/14a656] bam…:BAMLET (evoC-Bap1-ctrl-M) | 8 of 8, cached: 8 ✔
[e7/93c471] bam…P_BAMQC (evoC-Bap1-ctrl-M) | 8 of 8, cached: 8 ✔
[d7/91957f] bam…SS_BIAS (evoC-Bap1-ctrl-M) | 8 of 8, cached: 8 ✔
[-        ] bam…:DEEPTOOLS_PLOTFINGERPRINT -
[a0/ae2497] bam…_GCBIAS (evoC-Bap1-ctrl-M) | 8 of 8, cached: 8 ✔
[54/59c035] bam…CCURACY (evoC-Bap1-ctrl-M) | 8 of 8, cached: 8 ✔
[6d/56ee13] var…_CALLER (evoC-Bap1-ctrl-M) | 8 of 8, cached: 8 ✔
[ab/68d0ab] var…NTERVALS (GRCm38_filtered) | 1 of 1, cached: 1 ✔
[57/9fd85b] var…DB_IMPORT (Interval: 0005) | 7 of 20
[c7/4c2db8] var…YPE_GVCFS (Interval: 0005) | 1 of 7
[-        ] var…t_calling:MERGE_JOINT_VCFS -
[-        ] variant_calling:ASM            -
[-        ] var…_calling:MERGE_ASM_OUTPUTS -
[6c/0aef18] var…MUTECT2 (evoC-Bap1-ctrl-M) | 8 of 8, cached: 8 ✔
[03/7274d8] mbi…C-Bap1-ctrl-M-CHH-5-prime) | 24 of 24, cached: 24 ✔
[6a/f83b58] epi…ARR (evoC-Bap1-ctrl-M-CHG) | 24 of 24, cached: 24 ✔
[05/609dcc] epi…PORT (evoC-Bap1-ctrl-M_CG) | 16 of 24, cached: 16
[a3/ccd062] epi… (evoC_Bap1_run-genome-CG) | 3 of 3, cached: 3 ✔
[ba/0f088f] epi…ZARR (evoC-Bap1-ctrl-M-CG) | 8 of 8, cached: 8 ✔
[ef/2c82cf] epi…PORT (evoC-Bap1-ctrl-M_CG) | 8 of 8, cached: 8 ✔
[34/bb4ccb] epi…ZARR (evoC-Bap1-ctrl-M-CG) | 8 of 8, cached: 8 ✔
[cd/0be07a] epi…PORT (evoC-Bap1-ctrl-M_CG) | 8 of 8, cached: 8 ✔
[ab/4b9b86] epi…voC_Bap1_run-long_ctrl-CG) | 1 of 1, cached: 1 ✔
[0e/f525a2] summary:DQSPY (evoC_Bap1_run)  | 1 of 1, cached: 1 ✔
Plus 3 more processes waiting for tasks…

executor >  slurm (35)
[59/0f64df] res…W (evoC-Bap1-ctrl-M, L000) | 8 of 8, cached: 8 ✔
[94/d508a3] res…evoC-Bap1-ctrl-F-B2, L004) | 8 of 8, cached: 8 ✔
[-        ] resolve_align:FASTQC_RESOLVED  -
[b1/5265d3] res…2 (evoC-Bap1-ctrl-M, L000) | 8 of 8, cached: 8 ✔
[-        ] res…align:SAMTOOLS_MERGE_LANES -
[-        ] resolve_align:PRESEQ           -
[35/14a656] bam…:BAMLET (evoC-Bap1-ctrl-M) | 8 of 8, cached: 8 ✔
[e7/93c471] bam…P_BAMQC (evoC-Bap1-ctrl-M) | 8 of 8, cached: 8 ✔
[d7/91957f] bam…SS_BIAS (evoC-Bap1-ctrl-M) | 8 of 8, cached: 8 ✔
[-        ] bam…:DEEPTOOLS_PLOTFINGERPRINT -
[a0/ae2497] bam…_GCBIAS (evoC-Bap1-ctrl-M) | 8 of 8, cached: 8 ✔
[54/59c035] bam…CCURACY (evoC-Bap1-ctrl-M) | 8 of 8, cached: 8 ✔
[6d/56ee13] var…_CALLER (evoC-Bap1-ctrl-M) | 8 of 8, cached: 8 ✔
[ab/68d0ab] var…NTERVALS (GRCm38_filtered) | 1 of 1, cached: 1 ✔
[57/9fd85b] var…DB_IMPORT (Interval: 0005) | 7 of 20
[c7/4c2db8] var…YPE_GVCFS (Interval: 0005) | 1 of 7
[-        ] var…t_calling:MERGE_JOINT_VCFS -
[-        ] variant_calling:ASM            -
[-        ] var…_calling:MERGE_ASM_OUTPUTS -
[6c/0aef18] var…MUTECT2 (evoC-Bap1-ctrl-M) | 8 of 8, cached: 8 ✔
[03/7274d8] mbi…C-Bap1-ctrl-M-CHH-5-prime) | 24 of 24, cached: 24 ✔
[6a/f83b58] epi…ARR (evoC-Bap1-ctrl-M-CHG) | 24 of 24, cached: 24 ✔
[05/609dcc] epi…PORT (evoC-Bap1-ctrl-M_CG) | 16 of 24, cached: 16
[a3/ccd062] epi… (evoC_Bap1_run-genome-CG) | 3 of 3, cached: 3 ✔
[ba/0f088f] epi…ZARR (evoC-Bap1-ctrl-M-CG) | 8 of 8, cached: 8 ✔
[ef/2c82cf] epi…PORT (evoC-Bap1-ctrl-M_CG) | 8 of 8, cached: 8 ✔
[34/bb4ccb] epi…ZARR (evoC-Bap1-ctrl-M-CG) | 8 of 8, cached: 8 ✔
[cd/0be07a] epi…PORT (evoC-Bap1-ctrl-M_CG) | 8 of 8, cached: 8 ✔
[ab/4b9b86] epi…voC_Bap1_run-long_ctrl-CG) | 1 of 1, cached: 1 ✔
[0e/f525a2] summary:DQSPY (evoC_Bap1_run)  | 1 of 1, cached: 1 ✔
Plus 3 more processes waiting for tasks…

executor >  slurm (35)
[59/0f64df] res…W (evoC-Bap1-ctrl-M, L000) | 8 of 8, cached: 8 ✔
[94/d508a3] res…evoC-Bap1-ctrl-F-B2, L004) | 8 of 8, cached: 8 ✔
[-        ] resolve_align:FASTQC_RESOLVED  -
[b1/5265d3] res…2 (evoC-Bap1-ctrl-M, L000) | 8 of 8, cached: 8 ✔
[-        ] res…align:SAMTOOLS_MERGE_LANES -
[-        ] resolve_align:PRESEQ           -
[35/14a656] bam…:BAMLET (evoC-Bap1-ctrl-M) | 8 of 8, cached: 8 ✔
[e7/93c471] bam…P_BAMQC (evoC-Bap1-ctrl-M) | 8 of 8, cached: 8 ✔
[d7/91957f] bam…SS_BIAS (evoC-Bap1-ctrl-M) | 8 of 8, cached: 8 ✔
[-        ] bam…:DEEPTOOLS_PLOTFINGERPRINT -
[a0/ae2497] bam…_GCBIAS (evoC-Bap1-ctrl-M) | 8 of 8, cached: 8 ✔
[54/59c035] bam…CCURACY (evoC-Bap1-ctrl-M) | 8 of 8, cached: 8 ✔
[6d/56ee13] var…_CALLER (evoC-Bap1-ctrl-M) | 8 of 8, cached: 8 ✔
[ab/68d0ab] var…NTERVALS (GRCm38_filtered) | 1 of 1, cached: 1 ✔
[57/9fd85b] var…DB_IMPORT (Interval: 0005) | 7 of 20
[04/6e649f] var…YPE_GVCFS (Interval: 0002) | 2 of 7
[-        ] var…t_calling:MERGE_JOINT_VCFS -
[-        ] variant_calling:ASM            -
[-        ] var…_calling:MERGE_ASM_OUTPUTS -
[6c/0aef18] var…MUTECT2 (evoC-Bap1-ctrl-M) | 8 of 8, cached: 8 ✔
[03/7274d8] mbi…C-Bap1-ctrl-M-CHH-5-prime) | 24 of 24, cached: 24 ✔
[6a/f83b58] epi…ARR (evoC-Bap1-ctrl-M-CHG) | 24 of 24, cached: 24 ✔
[05/609dcc] epi…PORT (evoC-Bap1-ctrl-M_CG) | 16 of 24, cached: 16
[a3/ccd062] epi… (evoC_Bap1_run-genome-CG) | 3 of 3, cached: 3 ✔
[ba/0f088f] epi…ZARR (evoC-Bap1-ctrl-M-CG) | 8 of 8, cached: 8 ✔
[ef/2c82cf] epi…PORT (evoC-Bap1-ctrl-M_CG) | 8 of 8, cached: 8 ✔
[34/bb4ccb] epi…ZARR (evoC-Bap1-ctrl-M-CG) | 8 of 8, cached: 8 ✔
[cd/0be07a] epi…PORT (evoC-Bap1-ctrl-M_CG) | 8 of 8, cached: 8 ✔
[ab/4b9b86] epi…voC_Bap1_run-long_ctrl-CG) | 1 of 1, cached: 1 ✔
[0e/f525a2] summary:DQSPY (evoC_Bap1_run)  | 1 of 1, cached: 1 ✔
Plus 3 more processes waiting for tasks…

executor >  slurm (35)
[59/0f64df] res…W (evoC-Bap1-ctrl-M, L000) | 8 of 8, cached: 8 ✔
[94/d508a3] res…evoC-Bap1-ctrl-F-B2, L004) | 8 of 8, cached: 8 ✔
[-        ] resolve_align:FASTQC_RESOLVED  -
[b1/5265d3] res…2 (evoC-Bap1-ctrl-M, L000) | 8 of 8, cached: 8 ✔
[-        ] res…align:SAMTOOLS_MERGE_LANES -
[-        ] resolve_align:PRESEQ           -
[35/14a656] bam…:BAMLET (evoC-Bap1-ctrl-M) | 8 of 8, cached: 8 ✔
[e7/93c471] bam…P_BAMQC (evoC-Bap1-ctrl-M) | 8 of 8, cached: 8 ✔
[d7/91957f] bam…SS_BIAS (evoC-Bap1-ctrl-M) | 8 of 8, cached: 8 ✔
[-        ] bam…:DEEPTOOLS_PLOTFINGERPRINT -
[a0/ae2497] bam…_GCBIAS (evoC-Bap1-ctrl-M) | 8 of 8, cached: 8 ✔
[54/59c035] bam…CCURACY (evoC-Bap1-ctrl-M) | 8 of 8, cached: 8 ✔
[6d/56ee13] var…_CALLER (evoC-Bap1-ctrl-M) | 8 of 8, cached: 8 ✔
[ab/68d0ab] var…NTERVALS (GRCm38_filtered) | 1 of 1, cached: 1 ✔
[46/ab18a5] var…DB_IMPORT (Interval: 0008) | 8 of 20
[04/6e649f] var…YPE_GVCFS (Interval: 0002) | 2 of 8
[-        ] var…t_calling:MERGE_JOINT_VCFS -
[-        ] variant_calling:ASM            -
[-        ] var…_calling:MERGE_ASM_OUTPUTS -
[6c/0aef18] var…MUTECT2 (evoC-Bap1-ctrl-M) | 8 of 8, cached: 8 ✔
[03/7274d8] mbi…C-Bap1-ctrl-M-CHH-5-prime) | 24 of 24, cached: 24 ✔
[6a/f83b58] epi…ARR (evoC-Bap1-ctrl-M-CHG) | 24 of 24, cached: 24 ✔
[05/609dcc] epi…PORT (evoC-Bap1-ctrl-M_CG) | 16 of 24, cached: 16
[a3/ccd062] epi… (evoC_Bap1_run-genome-CG) | 3 of 3, cached: 3 ✔
[ba/0f088f] epi…ZARR (evoC-Bap1-ctrl-M-CG) | 8 of 8, cached: 8 ✔
[ef/2c82cf] epi…PORT (evoC-Bap1-ctrl-M_CG) | 8 of 8, cached: 8 ✔
[34/bb4ccb] epi…ZARR (evoC-Bap1-ctrl-M-CG) | 8 of 8, cached: 8 ✔
[cd/0be07a] epi…PORT (evoC-Bap1-ctrl-M_CG) | 8 of 8, cached: 8 ✔
[ab/4b9b86] epi…voC_Bap1_run-long_ctrl-CG) | 1 of 1, cached: 1 ✔
[0e/f525a2] summary:DQSPY (evoC_Bap1_run)  | 1 of 1, cached: 1 ✔
Plus 3 more processes waiting for tasks…

executor >  slurm (36)
[59/0f64df] res…W (evoC-Bap1-ctrl-M, L000) | 8 of 8, cached: 8 ✔
[94/d508a3] res…evoC-Bap1-ctrl-F-B2, L004) | 8 of 8, cached: 8 ✔
[-        ] resolve_align:FASTQC_RESOLVED  -
[b1/5265d3] res…2 (evoC-Bap1-ctrl-M, L000) | 8 of 8, cached: 8 ✔
[-        ] res…align:SAMTOOLS_MERGE_LANES -
[-        ] resolve_align:PRESEQ           -
[35/14a656] bam…:BAMLET (evoC-Bap1-ctrl-M) | 8 of 8, cached: 8 ✔
[e7/93c471] bam…P_BAMQC (evoC-Bap1-ctrl-M) | 8 of 8, cached: 8 ✔
[d7/91957f] bam…SS_BIAS (evoC-Bap1-ctrl-M) | 8 of 8, cached: 8 ✔
[-        ] bam…:DEEPTOOLS_PLOTFINGERPRINT -
[a0/ae2497] bam…_GCBIAS (evoC-Bap1-ctrl-M) | 8 of 8, cached: 8 ✔
[54/59c035] bam…CCURACY (evoC-Bap1-ctrl-M) | 8 of 8, cached: 8 ✔
[6d/56ee13] var…_CALLER (evoC-Bap1-ctrl-M) | 8 of 8, cached: 8 ✔
[ab/68d0ab] var…NTERVALS (GRCm38_filtered) | 1 of 1, cached: 1 ✔
[46/ab18a5] var…DB_IMPORT (Interval: 0008) | 8 of 20
[e1/d1324d] var…YPE_GVCFS (Interval: 0008) | 2 of 8
[-        ] var…t_calling:MERGE_JOINT_VCFS -
[-        ] variant_calling:ASM            -
[-        ] var…_calling:MERGE_ASM_OUTPUTS -
[6c/0aef18] var…MUTECT2 (evoC-Bap1-ctrl-M) | 8 of 8, cached: 8 ✔
[03/7274d8] mbi…C-Bap1-ctrl-M-CHH-5-prime) | 24 of 24, cached: 24 ✔
[6a/f83b58] epi…ARR (evoC-Bap1-ctrl-M-CHG) | 24 of 24, cached: 24 ✔
[05/609dcc] epi…PORT (evoC-Bap1-ctrl-M_CG) | 16 of 24, cached: 16
[a3/ccd062] epi… (evoC_Bap1_run-genome-CG) | 3 of 3, cached: 3 ✔
[ba/0f088f] epi…ZARR (evoC-Bap1-ctrl-M-CG) | 8 of 8, cached: 8 ✔
[ef/2c82cf] epi…PORT (evoC-Bap1-ctrl-M_CG) | 8 of 8, cached: 8 ✔
[34/bb4ccb] epi…ZARR (evoC-Bap1-ctrl-M-CG) | 8 of 8, cached: 8 ✔
[cd/0be07a] epi…PORT (evoC-Bap1-ctrl-M_CG) | 8 of 8, cached: 8 ✔
[ab/4b9b86] epi…voC_Bap1_run-long_ctrl-CG) | 1 of 1, cached: 1 ✔
[0e/f525a2] summary:DQSPY (evoC_Bap1_run)  | 1 of 1, cached: 1 ✔
Plus 3 more processes waiting for tasks…

executor >  slurm (36)
[59/0f64df] res…W (evoC-Bap1-ctrl-M, L000) | 8 of 8, cached: 8 ✔
[94/d508a3] res…evoC-Bap1-ctrl-F-B2, L004) | 8 of 8, cached: 8 ✔
[-        ] resolve_align:FASTQC_RESOLVED  -
[b1/5265d3] res…2 (evoC-Bap1-ctrl-M, L000) | 8 of 8, cached: 8 ✔
[-        ] res…align:SAMTOOLS_MERGE_LANES -
[-        ] resolve_align:PRESEQ           -
[35/14a656] bam…:BAMLET (evoC-Bap1-ctrl-M) | 8 of 8, cached: 8 ✔
[e7/93c471] bam…P_BAMQC (evoC-Bap1-ctrl-M) | 8 of 8, cached: 8 ✔
[d7/91957f] bam…SS_BIAS (evoC-Bap1-ctrl-M) | 8 of 8, cached: 8 ✔
[-        ] bam…:DEEPTOOLS_PLOTFINGERPRINT -
[a0/ae2497] bam…_GCBIAS (evoC-Bap1-ctrl-M) | 8 of 8, cached: 8 ✔
[54/59c035] bam…CCURACY (evoC-Bap1-ctrl-M) | 8 of 8, cached: 8 ✔
[6d/56ee13] var…_CALLER (evoC-Bap1-ctrl-M) | 8 of 8, cached: 8 ✔
[ab/68d0ab] var…NTERVALS (GRCm38_filtered) | 1 of 1, cached: 1 ✔
[46/ab18a5] var…DB_IMPORT (Interval: 0008) | 8 of 20
[e1/d1324d] var…YPE_GVCFS (Interval: 0008) | 2 of 8
[-        ] var…t_calling:MERGE_JOINT_VCFS -
[-        ] variant_calling:ASM            -
[-        ] var…_calling:MERGE_ASM_OUTPUTS -
[6c/0aef18] var…MUTECT2 (evoC-Bap1-ctrl-M) | 8 of 8, cached: 8 ✔
[03/7274d8] mbi…C-Bap1-ctrl-M-CHH-5-prime) | 24 of 24, cached: 24 ✔
[6a/f83b58] epi…ARR (evoC-Bap1-ctrl-M-CHG) | 24 of 24, cached: 24 ✔
[05/609dcc] epi…PORT (evoC-Bap1-ctrl-M_CG) | 16 of 24, cached: 16
[a3/ccd062] epi… (evoC_Bap1_run-genome-CG) | 3 of 3, cached: 3 ✔
[ba/0f088f] epi…ZARR (evoC-Bap1-ctrl-M-CG) | 8 of 8, cached: 8 ✔
[ef/2c82cf] epi…PORT (evoC-Bap1-ctrl-M_CG) | 8 of 8, cached: 8 ✔
[34/bb4ccb] epi…ZARR (evoC-Bap1-ctrl-M-CG) | 8 of 8, cached: 8 ✔
[cd/0be07a] epi…PORT (evoC-Bap1-ctrl-M_CG) | 8 of 8, cached: 8 ✔
[ab/4b9b86] epi…voC_Bap1_run-long_ctrl-CG) | 1 of 1, cached: 1 ✔
[0e/f525a2] summary:DQSPY (evoC_Bap1_run)  | 1 of 1, cached: 1 ✔
Plus 3 more processes waiting for tasks…

executor >  slurm (36)
[59/0f64df] res…W (evoC-Bap1-ctrl-M, L000) | 8 of 8, cached: 8 ✔
[94/d508a3] res…evoC-Bap1-ctrl-F-B2, L004) | 8 of 8, cached: 8 ✔
[-        ] resolve_align:FASTQC_RESOLVED  -
[b1/5265d3] res…2 (evoC-Bap1-ctrl-M, L000) | 8 of 8, cached: 8 ✔
[-        ] res…align:SAMTOOLS_MERGE_LANES -
[-        ] resolve_align:PRESEQ           -
[35/14a656] bam…:BAMLET (evoC-Bap1-ctrl-M) | 8 of 8, cached: 8 ✔
[e7/93c471] bam…P_BAMQC (evoC-Bap1-ctrl-M) | 8 of 8, cached: 8 ✔
[d7/91957f] bam…SS_BIAS (evoC-Bap1-ctrl-M) | 8 of 8, cached: 8 ✔
[-        ] bam…:DEEPTOOLS_PLOTFINGERPRINT -
[a0/ae2497] bam…_GCBIAS (evoC-Bap1-ctrl-M) | 8 of 8, cached: 8 ✔
[54/59c035] bam…CCURACY (evoC-Bap1-ctrl-M) | 8 of 8, cached: 8 ✔
[6d/56ee13] var…_CALLER (evoC-Bap1-ctrl-M) | 8 of 8, cached: 8 ✔
[ab/68d0ab] var…NTERVALS (GRCm38_filtered) | 1 of 1, cached: 1 ✔
[46/ab18a5] var…DB_IMPORT (Interval: 0008) | 8 of 20
[ac/ebb8da] var…YPE_GVCFS (Interval: 0007) | 3 of 8
[-        ] var…t_calling:MERGE_JOINT_VCFS -
[-        ] variant_calling:ASM            -
[-        ] var…_calling:MERGE_ASM_OUTPUTS -
[6c/0aef18] var…MUTECT2 (evoC-Bap1-ctrl-M) | 8 of 8, cached: 8 ✔
[03/7274d8] mbi…C-Bap1-ctrl-M-CHH-5-prime) | 24 of 24, cached: 24 ✔
[6a/f83b58] epi…ARR (evoC-Bap1-ctrl-M-CHG) | 24 of 24, cached: 24 ✔
[05/609dcc] epi…PORT (evoC-Bap1-ctrl-M_CG) | 16 of 24, cached: 16
[a3/ccd062] epi… (evoC_Bap1_run-genome-CG) | 3 of 3, cached: 3 ✔
[ba/0f088f] epi…ZARR (evoC-Bap1-ctrl-M-CG) | 8 of 8, cached: 8 ✔
[ef/2c82cf] epi…PORT (evoC-Bap1-ctrl-M_CG) | 8 of 8, cached: 8 ✔
[34/bb4ccb] epi…ZARR (evoC-Bap1-ctrl-M-CG) | 8 of 8, cached: 8 ✔
[cd/0be07a] epi…PORT (evoC-Bap1-ctrl-M_CG) | 8 of 8, cached: 8 ✔
[ab/4b9b86] epi…voC_Bap1_run-long_ctrl-CG) | 1 of 1, cached: 1 ✔
[0e/f525a2] summary:DQSPY (evoC_Bap1_run)  | 1 of 1, cached: 1 ✔
Plus 3 more processes waiting for tasks…

executor >  slurm (36)
[59/0f64df] res…W (evoC-Bap1-ctrl-M, L000) | 8 of 8, cached: 8 ✔
[94/d508a3] res…evoC-Bap1-ctrl-F-B2, L004) | 8 of 8, cached: 8 ✔
[-        ] resolve_align:FASTQC_RESOLVED  -
[b1/5265d3] res…2 (evoC-Bap1-ctrl-M, L000) | 8 of 8, cached: 8 ✔
[-        ] res…align:SAMTOOLS_MERGE_LANES -
[-        ] resolve_align:PRESEQ           -
[35/14a656] bam…:BAMLET (evoC-Bap1-ctrl-M) | 8 of 8, cached: 8 ✔
[e7/93c471] bam…P_BAMQC (evoC-Bap1-ctrl-M) | 8 of 8, cached: 8 ✔
[d7/91957f] bam…SS_BIAS (evoC-Bap1-ctrl-M) | 8 of 8, cached: 8 ✔
[-        ] bam…:DEEPTOOLS_PLOTFINGERPRINT -
[a0/ae2497] bam…_GCBIAS (evoC-Bap1-ctrl-M) | 8 of 8, cached: 8 ✔
[54/59c035] bam…CCURACY (evoC-Bap1-ctrl-M) | 8 of 8, cached: 8 ✔
[6d/56ee13] var…_CALLER (evoC-Bap1-ctrl-M) | 8 of 8, cached: 8 ✔
[ab/68d0ab] var…NTERVALS (GRCm38_filtered) | 1 of 1, cached: 1 ✔
[89/e9807f] var…DB_IMPORT (Interval: 0017) | 9 of 20
[ac/ebb8da] var…YPE_GVCFS (Interval: 0007) | 3 of 9
[-        ] var…t_calling:MERGE_JOINT_VCFS -
[-        ] variant_calling:ASM            -
[-        ] var…_calling:MERGE_ASM_OUTPUTS -
[6c/0aef18] var…MUTECT2 (evoC-Bap1-ctrl-M) | 8 of 8, cached: 8 ✔
[03/7274d8] mbi…C-Bap1-ctrl-M-CHH-5-prime) | 24 of 24, cached: 24 ✔
[6a/f83b58] epi…ARR (evoC-Bap1-ctrl-M-CHG) | 24 of 24, cached: 24 ✔
[05/609dcc] epi…PORT (evoC-Bap1-ctrl-M_CG) | 16 of 24, cached: 16
[a3/ccd062] epi… (evoC_Bap1_run-genome-CG) | 3 of 3, cached: 3 ✔
[ba/0f088f] epi…ZARR (evoC-Bap1-ctrl-M-CG) | 8 of 8, cached: 8 ✔
[ef/2c82cf] epi…PORT (evoC-Bap1-ctrl-M_CG) | 8 of 8, cached: 8 ✔
[34/bb4ccb] epi…ZARR (evoC-Bap1-ctrl-M-CG) | 8 of 8, cached: 8 ✔
[cd/0be07a] epi…PORT (evoC-Bap1-ctrl-M_CG) | 8 of 8, cached: 8 ✔
[ab/4b9b86] epi…voC_Bap1_run-long_ctrl-CG) | 1 of 1, cached: 1 ✔
[0e/f525a2] summary:DQSPY (evoC_Bap1_run)  | 1 of 1, cached: 1 ✔
Plus 3 more processes waiting for tasks…

executor >  slurm (37)
[59/0f64df] res…W (evoC-Bap1-ctrl-M, L000) | 8 of 8, cached: 8 ✔
[94/d508a3] res…evoC-Bap1-ctrl-F-B2, L004) | 8 of 8, cached: 8 ✔
[-        ] resolve_align:FASTQC_RESOLVED  -
[b1/5265d3] res…2 (evoC-Bap1-ctrl-M, L000) | 8 of 8, cached: 8 ✔
[-        ] res…align:SAMTOOLS_MERGE_LANES -
[-        ] resolve_align:PRESEQ           -
[35/14a656] bam…:BAMLET (evoC-Bap1-ctrl-M) | 8 of 8, cached: 8 ✔
[e7/93c471] bam…P_BAMQC (evoC-Bap1-ctrl-M) | 8 of 8, cached: 8 ✔
[d7/91957f] bam…SS_BIAS (evoC-Bap1-ctrl-M) | 8 of 8, cached: 8 ✔
[-        ] bam…:DEEPTOOLS_PLOTFINGERPRINT -
[a0/ae2497] bam…_GCBIAS (evoC-Bap1-ctrl-M) | 8 of 8, cached: 8 ✔
[54/59c035] bam…CCURACY (evoC-Bap1-ctrl-M) | 8 of 8, cached: 8 ✔
[6d/56ee13] var…_CALLER (evoC-Bap1-ctrl-M) | 8 of 8, cached: 8 ✔
[ab/68d0ab] var…NTERVALS (GRCm38_filtered) | 1 of 1, cached: 1 ✔
[89/e9807f] var…DB_IMPORT (Interval: 0017) | 9 of 20
[a2/36ad01] var…YPE_GVCFS (Interval: 0017) | 3 of 9
[-        ] var…t_calling:MERGE_JOINT_VCFS -
[-        ] variant_calling:ASM            -
[-        ] var…_calling:MERGE_ASM_OUTPUTS -
[6c/0aef18] var…MUTECT2 (evoC-Bap1-ctrl-M) | 8 of 8, cached: 8 ✔
[03/7274d8] mbi…C-Bap1-ctrl-M-CHH-5-prime) | 24 of 24, cached: 24 ✔
[6a/f83b58] epi…ARR (evoC-Bap1-ctrl-M-CHG) | 24 of 24, cached: 24 ✔
[05/609dcc] epi…PORT (evoC-Bap1-ctrl-M_CG) | 16 of 24, cached: 16
[a3/ccd062] epi… (evoC_Bap1_run-genome-CG) | 3 of 3, cached: 3 ✔
[ba/0f088f] epi…ZARR (evoC-Bap1-ctrl-M-CG) | 8 of 8, cached: 8 ✔
[ef/2c82cf] epi…PORT (evoC-Bap1-ctrl-M_CG) | 8 of 8, cached: 8 ✔
[34/bb4ccb] epi…ZARR (evoC-Bap1-ctrl-M-CG) | 8 of 8, cached: 8 ✔
[cd/0be07a] epi…PORT (evoC-Bap1-ctrl-M_CG) | 8 of 8, cached: 8 ✔
[ab/4b9b86] epi…voC_Bap1_run-long_ctrl-CG) | 1 of 1, cached: 1 ✔
[0e/f525a2] summary:DQSPY (evoC_Bap1_run)  | 1 of 1, cached: 1 ✔
Plus 3 more processes waiting for tasks…

executor >  slurm (37)
[59/0f64df] res…W (evoC-Bap1-ctrl-M, L000) | 8 of 8, cached: 8 ✔
[94/d508a3] res…evoC-Bap1-ctrl-F-B2, L004) | 8 of 8, cached: 8 ✔
[-        ] resolve_align:FASTQC_RESOLVED  -
[b1/5265d3] res…2 (evoC-Bap1-ctrl-M, L000) | 8 of 8, cached: 8 ✔
[-        ] res…align:SAMTOOLS_MERGE_LANES -
[-        ] resolve_align:PRESEQ           -
[35/14a656] bam…:BAMLET (evoC-Bap1-ctrl-M) | 8 of 8, cached: 8 ✔
[e7/93c471] bam…P_BAMQC (evoC-Bap1-ctrl-M) | 8 of 8, cached: 8 ✔
[d7/91957f] bam…SS_BIAS (evoC-Bap1-ctrl-M) | 8 of 8, cached: 8 ✔
[-        ] bam…:DEEPTOOLS_PLOTFINGERPRINT -
[a0/ae2497] bam…_GCBIAS (evoC-Bap1-ctrl-M) | 8 of 8, cached: 8 ✔
[54/59c035] bam…CCURACY (evoC-Bap1-ctrl-M) | 8 of 8, cached: 8 ✔
[6d/56ee13] var…_CALLER (evoC-Bap1-ctrl-M) | 8 of 8, cached: 8 ✔
[ab/68d0ab] var…NTERVALS (GRCm38_filtered) | 1 of 1, cached: 1 ✔
[89/e9807f] var…DB_IMPORT (Interval: 0017) | 9 of 20
[a2/36ad01] var…YPE_GVCFS (Interval: 0017) | 3 of 9
[-        ] var…t_calling:MERGE_JOINT_VCFS -
[-        ] variant_calling:ASM            -
[-        ] var…_calling:MERGE_ASM_OUTPUTS -
[6c/0aef18] var…MUTECT2 (evoC-Bap1-ctrl-M) | 8 of 8, cached: 8 ✔
[03/7274d8] mbi…C-Bap1-ctrl-M-CHH-5-prime) | 24 of 24, cached: 24 ✔
[6a/f83b58] epi…ARR (evoC-Bap1-ctrl-M-CHG) | 24 of 24, cached: 24 ✔
[05/609dcc] epi…PORT (evoC-Bap1-ctrl-M_CG) | 16 of 24, cached: 16
[a3/ccd062] epi… (evoC_Bap1_run-genome-CG) | 3 of 3, cached: 3 ✔
[ba/0f088f] epi…ZARR (evoC-Bap1-ctrl-M-CG) | 8 of 8, cached: 8 ✔
[ef/2c82cf] epi…PORT (evoC-Bap1-ctrl-M_CG) | 8 of 8, cached: 8 ✔
[34/bb4ccb] epi…ZARR (evoC-Bap1-ctrl-M-CG) | 8 of 8, cached: 8 ✔
[cd/0be07a] epi…PORT (evoC-Bap1-ctrl-M_CG) | 8 of 8, cached: 8 ✔
[ab/4b9b86] epi…voC_Bap1_run-long_ctrl-CG) | 1 of 1, cached: 1 ✔
[0e/f525a2] summary:DQSPY (evoC_Bap1_run)  | 1 of 1, cached: 1 ✔
Plus 3 more processes waiting for tasks…

executor >  slurm (37)
[59/0f64df] res…W (evoC-Bap1-ctrl-M, L000) | 8 of 8, cached: 8 ✔
[94/d508a3] res…evoC-Bap1-ctrl-F-B2, L004) | 8 of 8, cached: 8 ✔
[-        ] resolve_align:FASTQC_RESOLVED  -
[b1/5265d3] res…2 (evoC-Bap1-ctrl-M, L000) | 8 of 8, cached: 8 ✔
[-        ] res…align:SAMTOOLS_MERGE_LANES -
[-        ] resolve_align:PRESEQ           -
[35/14a656] bam…:BAMLET (evoC-Bap1-ctrl-M) | 8 of 8, cached: 8 ✔
[e7/93c471] bam…P_BAMQC (evoC-Bap1-ctrl-M) | 8 of 8, cached: 8 ✔
[d7/91957f] bam…SS_BIAS (evoC-Bap1-ctrl-M) | 8 of 8, cached: 8 ✔
[-        ] bam…:DEEPTOOLS_PLOTFINGERPRINT -
[a0/ae2497] bam…_GCBIAS (evoC-Bap1-ctrl-M) | 8 of 8, cached: 8 ✔
[54/59c035] bam…CCURACY (evoC-Bap1-ctrl-M) | 8 of 8, cached: 8 ✔
[6d/56ee13] var…_CALLER (evoC-Bap1-ctrl-M) | 8 of 8, cached: 8 ✔
[ab/68d0ab] var…NTERVALS (GRCm38_filtered) | 1 of 1, cached: 1 ✔
[08/5d4751] var…DB_IMPORT (Interval: 0001) | 10 of 20
[a2/36ad01] var…YPE_GVCFS (Interval: 0017) | 3 of 10
[-        ] var…t_calling:MERGE_JOINT_VCFS -
[-        ] variant_calling:ASM            -
[-        ] var…_calling:MERGE_ASM_OUTPUTS -
[6c/0aef18] var…MUTECT2 (evoC-Bap1-ctrl-M) | 8 of 8, cached: 8 ✔
[03/7274d8] mbi…C-Bap1-ctrl-M-CHH-5-prime) | 24 of 24, cached: 24 ✔
[6a/f83b58] epi…ARR (evoC-Bap1-ctrl-M-CHG) | 24 of 24, cached: 24 ✔
[05/609dcc] epi…PORT (evoC-Bap1-ctrl-M_CG) | 16 of 24, cached: 16
[a3/ccd062] epi… (evoC_Bap1_run-genome-CG) | 3 of 3, cached: 3 ✔
[ba/0f088f] epi…ZARR (evoC-Bap1-ctrl-M-CG) | 8 of 8, cached: 8 ✔
[ef/2c82cf] epi…PORT (evoC-Bap1-ctrl-M_CG) | 8 of 8, cached: 8 ✔
[34/bb4ccb] epi…ZARR (evoC-Bap1-ctrl-M-CG) | 8 of 8, cached: 8 ✔
[cd/0be07a] epi…PORT (evoC-Bap1-ctrl-M_CG) | 8 of 8, cached: 8 ✔
[ab/4b9b86] epi…voC_Bap1_run-long_ctrl-CG) | 1 of 1, cached: 1 ✔
[0e/f525a2] summary:DQSPY (evoC_Bap1_run)  | 1 of 1, cached: 1 ✔
Plus 3 more processes waiting for tasks…

executor >  slurm (38)
[59/0f64df] res…W (evoC-Bap1-ctrl-M, L000) | 8 of 8, cached: 8 ✔
[94/d508a3] res…evoC-Bap1-ctrl-F-B2, L004) | 8 of 8, cached: 8 ✔
[-        ] resolve_align:FASTQC_RESOLVED  -
[b1/5265d3] res…2 (evoC-Bap1-ctrl-M, L000) | 8 of 8, cached: 8 ✔
[-        ] res…align:SAMTOOLS_MERGE_LANES -
[-        ] resolve_align:PRESEQ           -
[35/14a656] bam…:BAMLET (evoC-Bap1-ctrl-M) | 8 of 8, cached: 8 ✔
[e7/93c471] bam…P_BAMQC (evoC-Bap1-ctrl-M) | 8 of 8, cached: 8 ✔
[d7/91957f] bam…SS_BIAS (evoC-Bap1-ctrl-M) | 8 of 8, cached: 8 ✔
[-        ] bam…:DEEPTOOLS_PLOTFINGERPRINT -
[a0/ae2497] bam…_GCBIAS (evoC-Bap1-ctrl-M) | 8 of 8, cached: 8 ✔
[54/59c035] bam…CCURACY (evoC-Bap1-ctrl-M) | 8 of 8, cached: 8 ✔
[6d/56ee13] var…_CALLER (evoC-Bap1-ctrl-M) | 8 of 8, cached: 8 ✔
[ab/68d0ab] var…NTERVALS (GRCm38_filtered) | 1 of 1, cached: 1 ✔
[08/5d4751] var…DB_IMPORT (Interval: 0001) | 10 of 20
[dc/03bda1] var…YPE_GVCFS (Interval: 0001) | 3 of 10
[-        ] var…t_calling:MERGE_JOINT_VCFS -
[-        ] variant_calling:ASM            -
[-        ] var…_calling:MERGE_ASM_OUTPUTS -
[6c/0aef18] var…MUTECT2 (evoC-Bap1-ctrl-M) | 8 of 8, cached: 8 ✔
[03/7274d8] mbi…C-Bap1-ctrl-M-CHH-5-prime) | 24 of 24, cached: 24 ✔
[6a/f83b58] epi…ARR (evoC-Bap1-ctrl-M-CHG) | 24 of 24, cached: 24 ✔
[05/609dcc] epi…PORT (evoC-Bap1-ctrl-M_CG) | 16 of 24, cached: 16
[a3/ccd062] epi… (evoC_Bap1_run-genome-CG) | 3 of 3, cached: 3 ✔
[ba/0f088f] epi…ZARR (evoC-Bap1-ctrl-M-CG) | 8 of 8, cached: 8 ✔
[ef/2c82cf] epi…PORT (evoC-Bap1-ctrl-M_CG) | 8 of 8, cached: 8 ✔
[34/bb4ccb] epi…ZARR (evoC-Bap1-ctrl-M-CG) | 8 of 8, cached: 8 ✔
[cd/0be07a] epi…PORT (evoC-Bap1-ctrl-M_CG) | 8 of 8, cached: 8 ✔
[ab/4b9b86] epi…voC_Bap1_run-long_ctrl-CG) | 1 of 1, cached: 1 ✔
[0e/f525a2] summary:DQSPY (evoC_Bap1_run)  | 1 of 1, cached: 1 ✔
Plus 3 more processes waiting for tasks…

executor >  slurm (38)
[59/0f64df] res…W (evoC-Bap1-ctrl-M, L000) | 8 of 8, cached: 8 ✔
[94/d508a3] res…evoC-Bap1-ctrl-F-B2, L004) | 8 of 8, cached: 8 ✔
[-        ] resolve_align:FASTQC_RESOLVED  -
[b1/5265d3] res…2 (evoC-Bap1-ctrl-M, L000) | 8 of 8, cached: 8 ✔
[-        ] res…align:SAMTOOLS_MERGE_LANES -
[-        ] resolve_align:PRESEQ           -
[35/14a656] bam…:BAMLET (evoC-Bap1-ctrl-M) | 8 of 8, cached: 8 ✔
[e7/93c471] bam…P_BAMQC (evoC-Bap1-ctrl-M) | 8 of 8, cached: 8 ✔
[d7/91957f] bam…SS_BIAS (evoC-Bap1-ctrl-M) | 8 of 8, cached: 8 ✔
[-        ] bam…:DEEPTOOLS_PLOTFINGERPRINT -
[a0/ae2497] bam…_GCBIAS (evoC-Bap1-ctrl-M) | 8 of 8, cached: 8 ✔
[54/59c035] bam…CCURACY (evoC-Bap1-ctrl-M) | 8 of 8, cached: 8 ✔
[6d/56ee13] var…_CALLER (evoC-Bap1-ctrl-M) | 8 of 8, cached: 8 ✔
[ab/68d0ab] var…NTERVALS (GRCm38_filtered) | 1 of 1, cached: 1 ✔
[08/5d4751] var…DB_IMPORT (Interval: 0001) | 10 of 20
[dc/03bda1] var…YPE_GVCFS (Interval: 0001) | 3 of 10
[-        ] var…t_calling:MERGE_JOINT_VCFS -
[-        ] variant_calling:ASM            -
[-        ] var…_calling:MERGE_ASM_OUTPUTS -
[6c/0aef18] var…MUTECT2 (evoC-Bap1-ctrl-M) | 8 of 8, cached: 8 ✔
[03/7274d8] mbi…C-Bap1-ctrl-M-CHH-5-prime) | 24 of 24, cached: 24 ✔
[6a/f83b58] epi…ARR (evoC-Bap1-ctrl-M-CHG) | 24 of 24, cached: 24 ✔
[05/609dcc] epi…PORT (evoC-Bap1-ctrl-M_CG) | 16 of 24, cached: 16
[a3/ccd062] epi… (evoC_Bap1_run-genome-CG) | 3 of 3, cached: 3 ✔
[ba/0f088f] epi…ZARR (evoC-Bap1-ctrl-M-CG) | 8 of 8, cached: 8 ✔
[ef/2c82cf] epi…PORT (evoC-Bap1-ctrl-M_CG) | 8 of 8, cached: 8 ✔
[34/bb4ccb] epi…ZARR (evoC-Bap1-ctrl-M-CG) | 8 of 8, cached: 8 ✔
[cd/0be07a] epi…PORT (evoC-Bap1-ctrl-M_CG) | 8 of 8, cached: 8 ✔
[ab/4b9b86] epi…voC_Bap1_run-long_ctrl-CG) | 1 of 1, cached: 1 ✔
[0e/f525a2] summary:DQSPY (evoC_Bap1_run)  | 1 of 1, cached: 1 ✔
Plus 3 more processes waiting for tasks…

executor >  slurm (38)
[59/0f64df] res…W (evoC-Bap1-ctrl-M, L000) | 8 of 8, cached: 8 ✔
[94/d508a3] res…evoC-Bap1-ctrl-F-B2, L004) | 8 of 8, cached: 8 ✔
[-        ] resolve_align:FASTQC_RESOLVED  -
[b1/5265d3] res…2 (evoC-Bap1-ctrl-M, L000) | 8 of 8, cached: 8 ✔
[-        ] res…align:SAMTOOLS_MERGE_LANES -
[-        ] resolve_align:PRESEQ           -
[35/14a656] bam…:BAMLET (evoC-Bap1-ctrl-M) | 8 of 8, cached: 8 ✔
[e7/93c471] bam…P_BAMQC (evoC-Bap1-ctrl-M) | 8 of 8, cached: 8 ✔
[d7/91957f] bam…SS_BIAS (evoC-Bap1-ctrl-M) | 8 of 8, cached: 8 ✔
[-        ] bam…:DEEPTOOLS_PLOTFINGERPRINT -
[a0/ae2497] bam…_GCBIAS (evoC-Bap1-ctrl-M) | 8 of 8, cached: 8 ✔
[54/59c035] bam…CCURACY (evoC-Bap1-ctrl-M) | 8 of 8, cached: 8 ✔
[6d/56ee13] var…_CALLER (evoC-Bap1-ctrl-M) | 8 of 8, cached: 8 ✔
[ab/68d0ab] var…NTERVALS (GRCm38_filtered) | 1 of 1, cached: 1 ✔
[dd/2b2b67] var…DB_IMPORT (Interval: 0003) | 11 of 20
[dc/03bda1] var…YPE_GVCFS (Interval: 0001) | 3 of 11
[-        ] var…t_calling:MERGE_JOINT_VCFS -
[-        ] variant_calling:ASM            -
[-        ] var…_calling:MERGE_ASM_OUTPUTS -
[6c/0aef18] var…MUTECT2 (evoC-Bap1-ctrl-M) | 8 of 8, cached: 8 ✔
[03/7274d8] mbi…C-Bap1-ctrl-M-CHH-5-prime) | 24 of 24, cached: 24 ✔
[6a/f83b58] epi…ARR (evoC-Bap1-ctrl-M-CHG) | 24 of 24, cached: 24 ✔
[05/609dcc] epi…PORT (evoC-Bap1-ctrl-M_CG) | 16 of 24, cached: 16
[a3/ccd062] epi… (evoC_Bap1_run-genome-CG) | 3 of 3, cached: 3 ✔
[ba/0f088f] epi…ZARR (evoC-Bap1-ctrl-M-CG) | 8 of 8, cached: 8 ✔
[ef/2c82cf] epi…PORT (evoC-Bap1-ctrl-M_CG) | 8 of 8, cached: 8 ✔
[34/bb4ccb] epi…ZARR (evoC-Bap1-ctrl-M-CG) | 8 of 8, cached: 8 ✔
[cd/0be07a] epi…PORT (evoC-Bap1-ctrl-M_CG) | 8 of 8, cached: 8 ✔
[ab/4b9b86] epi…voC_Bap1_run-long_ctrl-CG) | 1 of 1, cached: 1 ✔
[0e/f525a2] summary:DQSPY (evoC_Bap1_run)  | 1 of 1, cached: 1 ✔
Plus 3 more processes waiting for tasks…

executor >  slurm (39)
[59/0f64df] res…W (evoC-Bap1-ctrl-M, L000) | 8 of 8, cached: 8 ✔
[94/d508a3] res…evoC-Bap1-ctrl-F-B2, L004) | 8 of 8, cached: 8 ✔
[-        ] resolve_align:FASTQC_RESOLVED  -
[b1/5265d3] res…2 (evoC-Bap1-ctrl-M, L000) | 8 of 8, cached: 8 ✔
[-        ] res…align:SAMTOOLS_MERGE_LANES -
[-        ] resolve_align:PRESEQ           -
[35/14a656] bam…:BAMLET (evoC-Bap1-ctrl-M) | 8 of 8, cached: 8 ✔
[e7/93c471] bam…P_BAMQC (evoC-Bap1-ctrl-M) | 8 of 8, cached: 8 ✔
[d7/91957f] bam…SS_BIAS (evoC-Bap1-ctrl-M) | 8 of 8, cached: 8 ✔
[-        ] bam…:DEEPTOOLS_PLOTFINGERPRINT -
[a0/ae2497] bam…_GCBIAS (evoC-Bap1-ctrl-M) | 8 of 8, cached: 8 ✔
[54/59c035] bam…CCURACY (evoC-Bap1-ctrl-M) | 8 of 8, cached: 8 ✔
[6d/56ee13] var…_CALLER (evoC-Bap1-ctrl-M) | 8 of 8, cached: 8 ✔
[ab/68d0ab] var…NTERVALS (GRCm38_filtered) | 1 of 1, cached: 1 ✔
[dd/2b2b67] var…DB_IMPORT (Interval: 0003) | 11 of 20
[c1/2b7662] var…YPE_GVCFS (Interval: 0003) | 3 of 11
[-        ] var…t_calling:MERGE_JOINT_VCFS -
[-        ] variant_calling:ASM            -
[-        ] var…_calling:MERGE_ASM_OUTPUTS -
[6c/0aef18] var…MUTECT2 (evoC-Bap1-ctrl-M) | 8 of 8, cached: 8 ✔
[03/7274d8] mbi…C-Bap1-ctrl-M-CHH-5-prime) | 24 of 24, cached: 24 ✔
[6a/f83b58] epi…ARR (evoC-Bap1-ctrl-M-CHG) | 24 of 24, cached: 24 ✔
[05/609dcc] epi…PORT (evoC-Bap1-ctrl-M_CG) | 16 of 24, cached: 16
[a3/ccd062] epi… (evoC_Bap1_run-genome-CG) | 3 of 3, cached: 3 ✔
[ba/0f088f] epi…ZARR (evoC-Bap1-ctrl-M-CG) | 8 of 8, cached: 8 ✔
[ef/2c82cf] epi…PORT (evoC-Bap1-ctrl-M_CG) | 8 of 8, cached: 8 ✔
[34/bb4ccb] epi…ZARR (evoC-Bap1-ctrl-M-CG) | 8 of 8, cached: 8 ✔
[cd/0be07a] epi…PORT (evoC-Bap1-ctrl-M_CG) | 8 of 8, cached: 8 ✔
[ab/4b9b86] epi…voC_Bap1_run-long_ctrl-CG) | 1 of 1, cached: 1 ✔
[0e/f525a2] summary:DQSPY (evoC_Bap1_run)  | 1 of 1, cached: 1 ✔
Plus 3 more processes waiting for tasks…

executor >  slurm (39)
[59/0f64df] res…W (evoC-Bap1-ctrl-M, L000) | 8 of 8, cached: 8 ✔
[94/d508a3] res…evoC-Bap1-ctrl-F-B2, L004) | 8 of 8, cached: 8 ✔
[-        ] resolve_align:FASTQC_RESOLVED  -
[b1/5265d3] res…2 (evoC-Bap1-ctrl-M, L000) | 8 of 8, cached: 8 ✔
[-        ] res…align:SAMTOOLS_MERGE_LANES -
[-        ] resolve_align:PRESEQ           -
[35/14a656] bam…:BAMLET (evoC-Bap1-ctrl-M) | 8 of 8, cached: 8 ✔
[e7/93c471] bam…P_BAMQC (evoC-Bap1-ctrl-M) | 8 of 8, cached: 8 ✔
[d7/91957f] bam…SS_BIAS (evoC-Bap1-ctrl-M) | 8 of 8, cached: 8 ✔
[-        ] bam…:DEEPTOOLS_PLOTFINGERPRINT -
[a0/ae2497] bam…_GCBIAS (evoC-Bap1-ctrl-M) | 8 of 8, cached: 8 ✔
[54/59c035] bam…CCURACY (evoC-Bap1-ctrl-M) | 8 of 8, cached: 8 ✔
[6d/56ee13] var…_CALLER (evoC-Bap1-ctrl-M) | 8 of 8, cached: 8 ✔
[ab/68d0ab] var…NTERVALS (GRCm38_filtered) | 1 of 1, cached: 1 ✔
[dd/2b2b67] var…DB_IMPORT (Interval: 0003) | 11 of 20
[c1/2b7662] var…YPE_GVCFS (Interval: 0003) | 3 of 11
[-        ] var…t_calling:MERGE_JOINT_VCFS -
[-        ] variant_calling:ASM            -
[-        ] var…_calling:MERGE_ASM_OUTPUTS -
[6c/0aef18] var…MUTECT2 (evoC-Bap1-ctrl-M) | 8 of 8, cached: 8 ✔
[03/7274d8] mbi…C-Bap1-ctrl-M-CHH-5-prime) | 24 of 24, cached: 24 ✔
[6a/f83b58] epi…ARR (evoC-Bap1-ctrl-M-CHG) | 24 of 24, cached: 24 ✔
[05/609dcc] epi…PORT (evoC-Bap1-ctrl-M_CG) | 16 of 24, cached: 16
[a3/ccd062] epi… (evoC_Bap1_run-genome-CG) | 3 of 3, cached: 3 ✔
[ba/0f088f] epi…ZARR (evoC-Bap1-ctrl-M-CG) | 8 of 8, cached: 8 ✔
[ef/2c82cf] epi…PORT (evoC-Bap1-ctrl-M_CG) | 8 of 8, cached: 8 ✔
[34/bb4ccb] epi…ZARR (evoC-Bap1-ctrl-M-CG) | 8 of 8, cached: 8 ✔
[cd/0be07a] epi…PORT (evoC-Bap1-ctrl-M_CG) | 8 of 8, cached: 8 ✔
[ab/4b9b86] epi…voC_Bap1_run-long_ctrl-CG) | 1 of 1, cached: 1 ✔
[0e/f525a2] summary:DQSPY (evoC_Bap1_run)  | 1 of 1, cached: 1 ✔
Plus 3 more processes waiting for tasks…

executor >  slurm (39)
[59/0f64df] res…W (evoC-Bap1-ctrl-M, L000) | 8 of 8, cached: 8 ✔
[94/d508a3] res…evoC-Bap1-ctrl-F-B2, L004) | 8 of 8, cached: 8 ✔
[-        ] resolve_align:FASTQC_RESOLVED  -
[b1/5265d3] res…2 (evoC-Bap1-ctrl-M, L000) | 8 of 8, cached: 8 ✔
[-        ] res…align:SAMTOOLS_MERGE_LANES -
[-        ] resolve_align:PRESEQ           -
[35/14a656] bam…:BAMLET (evoC-Bap1-ctrl-M) | 8 of 8, cached: 8 ✔
[e7/93c471] bam…P_BAMQC (evoC-Bap1-ctrl-M) | 8 of 8, cached: 8 ✔
[d7/91957f] bam…SS_BIAS (evoC-Bap1-ctrl-M) | 8 of 8, cached: 8 ✔
[-        ] bam…:DEEPTOOLS_PLOTFINGERPRINT -
[a0/ae2497] bam…_GCBIAS (evoC-Bap1-ctrl-M) | 8 of 8, cached: 8 ✔
[54/59c035] bam…CCURACY (evoC-Bap1-ctrl-M) | 8 of 8, cached: 8 ✔
[6d/56ee13] var…_CALLER (evoC-Bap1-ctrl-M) | 8 of 8, cached: 8 ✔
[ab/68d0ab] var…NTERVALS (GRCm38_filtered) | 1 of 1, cached: 1 ✔
[94/d2b78b] var…DB_IMPORT (Interval: 0004) | 12 of 20
[c1/2b7662] var…YPE_GVCFS (Interval: 0003) | 3 of 12
[-        ] var…t_calling:MERGE_JOINT_VCFS -
[-        ] variant_calling:ASM            -
[-        ] var…_calling:MERGE_ASM_OUTPUTS -
[6c/0aef18] var…MUTECT2 (evoC-Bap1-ctrl-M) | 8 of 8, cached: 8 ✔
[03/7274d8] mbi…C-Bap1-ctrl-M-CHH-5-prime) | 24 of 24, cached: 24 ✔
[6a/f83b58] epi…ARR (evoC-Bap1-ctrl-M-CHG) | 24 of 24, cached: 24 ✔
[05/609dcc] epi…PORT (evoC-Bap1-ctrl-M_CG) | 16 of 24, cached: 16
[a3/ccd062] epi… (evoC_Bap1_run-genome-CG) | 3 of 3, cached: 3 ✔
[ba/0f088f] epi…ZARR (evoC-Bap1-ctrl-M-CG) | 8 of 8, cached: 8 ✔
[ef/2c82cf] epi…PORT (evoC-Bap1-ctrl-M_CG) | 8 of 8, cached: 8 ✔
[34/bb4ccb] epi…ZARR (evoC-Bap1-ctrl-M-CG) | 8 of 8, cached: 8 ✔
[cd/0be07a] epi…PORT (evoC-Bap1-ctrl-M_CG) | 8 of 8, cached: 8 ✔
[ab/4b9b86] epi…voC_Bap1_run-long_ctrl-CG) | 1 of 1, cached: 1 ✔
[0e/f525a2] summary:DQSPY (evoC_Bap1_run)  | 1 of 1, cached: 1 ✔
Plus 3 more processes waiting for tasks…

executor >  slurm (40)
[59/0f64df] res…W (evoC-Bap1-ctrl-M, L000) | 8 of 8, cached: 8 ✔
[94/d508a3] res…evoC-Bap1-ctrl-F-B2, L004) | 8 of 8, cached: 8 ✔
[-        ] resolve_align:FASTQC_RESOLVED  -
[b1/5265d3] res…2 (evoC-Bap1-ctrl-M, L000) | 8 of 8, cached: 8 ✔
[-        ] res…align:SAMTOOLS_MERGE_LANES -
[-        ] resolve_align:PRESEQ           -
[35/14a656] bam…:BAMLET (evoC-Bap1-ctrl-M) | 8 of 8, cached: 8 ✔
[e7/93c471] bam…P_BAMQC (evoC-Bap1-ctrl-M) | 8 of 8, cached: 8 ✔
[d7/91957f] bam…SS_BIAS (evoC-Bap1-ctrl-M) | 8 of 8, cached: 8 ✔
[-        ] bam…:DEEPTOOLS_PLOTFINGERPRINT -
[a0/ae2497] bam…_GCBIAS (evoC-Bap1-ctrl-M) | 8 of 8, cached: 8 ✔
[54/59c035] bam…CCURACY (evoC-Bap1-ctrl-M) | 8 of 8, cached: 8 ✔
[6d/56ee13] var…_CALLER (evoC-Bap1-ctrl-M) | 8 of 8, cached: 8 ✔
[ab/68d0ab] var…NTERVALS (GRCm38_filtered) | 1 of 1, cached: 1 ✔
[94/d2b78b] var…DB_IMPORT (Interval: 0004) | 12 of 20
[cf/ea760f] var…YPE_GVCFS (Interval: 0004) | 3 of 12
[-        ] var…t_calling:MERGE_JOINT_VCFS -
[-        ] variant_calling:ASM            -
[-        ] var…_calling:MERGE_ASM_OUTPUTS -
[6c/0aef18] var…MUTECT2 (evoC-Bap1-ctrl-M) | 8 of 8, cached: 8 ✔
[03/7274d8] mbi…C-Bap1-ctrl-M-CHH-5-prime) | 24 of 24, cached: 24 ✔
[6a/f83b58] epi…ARR (evoC-Bap1-ctrl-M-CHG) | 24 of 24, cached: 24 ✔
[05/609dcc] epi…PORT (evoC-Bap1-ctrl-M_CG) | 16 of 24, cached: 16
[a3/ccd062] epi… (evoC_Bap1_run-genome-CG) | 3 of 3, cached: 3 ✔
[ba/0f088f] epi…ZARR (evoC-Bap1-ctrl-M-CG) | 8 of 8, cached: 8 ✔
[ef/2c82cf] epi…PORT (evoC-Bap1-ctrl-M_CG) | 8 of 8, cached: 8 ✔
[34/bb4ccb] epi…ZARR (evoC-Bap1-ctrl-M-CG) | 8 of 8, cached: 8 ✔
[cd/0be07a] epi…PORT (evoC-Bap1-ctrl-M_CG) | 8 of 8, cached: 8 ✔
[ab/4b9b86] epi…voC_Bap1_run-long_ctrl-CG) | 1 of 1, cached: 1 ✔
[0e/f525a2] summary:DQSPY (evoC_Bap1_run)  | 1 of 1, cached: 1 ✔
Plus 3 more processes waiting for tasks…

executor >  slurm (40)
[59/0f64df] res…W (evoC-Bap1-ctrl-M, L000) | 8 of 8, cached: 8 ✔
[94/d508a3] res…evoC-Bap1-ctrl-F-B2, L004) | 8 of 8, cached: 8 ✔
[-        ] resolve_align:FASTQC_RESOLVED  -
[b1/5265d3] res…2 (evoC-Bap1-ctrl-M, L000) | 8 of 8, cached: 8 ✔
[-        ] res…align:SAMTOOLS_MERGE_LANES -
[-        ] resolve_align:PRESEQ           -
[35/14a656] bam…:BAMLET (evoC-Bap1-ctrl-M) | 8 of 8, cached: 8 ✔
[e7/93c471] bam…P_BAMQC (evoC-Bap1-ctrl-M) | 8 of 8, cached: 8 ✔
[d7/91957f] bam…SS_BIAS (evoC-Bap1-ctrl-M) | 8 of 8, cached: 8 ✔
[-        ] bam…:DEEPTOOLS_PLOTFINGERPRINT -
[a0/ae2497] bam…_GCBIAS (evoC-Bap1-ctrl-M) | 8 of 8, cached: 8 ✔
[54/59c035] bam…CCURACY (evoC-Bap1-ctrl-M) | 8 of 8, cached: 8 ✔
[6d/56ee13] var…_CALLER (evoC-Bap1-ctrl-M) | 8 of 8, cached: 8 ✔
[ab/68d0ab] var…NTERVALS (GRCm38_filtered) | 1 of 1, cached: 1 ✔
[94/d2b78b] var…DB_IMPORT (Interval: 0004) | 12 of 20
[cf/ea760f] var…YPE_GVCFS (Interval: 0004) | 3 of 12
[-        ] var…t_calling:MERGE_JOINT_VCFS -
[-        ] variant_calling:ASM            -
[-        ] var…_calling:MERGE_ASM_OUTPUTS -
[6c/0aef18] var…MUTECT2 (evoC-Bap1-ctrl-M) | 8 of 8, cached: 8 ✔
[03/7274d8] mbi…C-Bap1-ctrl-M-CHH-5-prime) | 24 of 24, cached: 24 ✔
[6a/f83b58] epi…ARR (evoC-Bap1-ctrl-M-CHG) | 24 of 24, cached: 24 ✔
[05/609dcc] epi…PORT (evoC-Bap1-ctrl-M_CG) | 16 of 24, cached: 16
[a3/ccd062] epi… (evoC_Bap1_run-genome-CG) | 3 of 3, cached: 3 ✔
[ba/0f088f] epi…ZARR (evoC-Bap1-ctrl-M-CG) | 8 of 8, cached: 8 ✔
[ef/2c82cf] epi…PORT (evoC-Bap1-ctrl-M_CG) | 8 of 8, cached: 8 ✔
[34/bb4ccb] epi…ZARR (evoC-Bap1-ctrl-M-CG) | 8 of 8, cached: 8 ✔
[cd/0be07a] epi…PORT (evoC-Bap1-ctrl-M_CG) | 8 of 8, cached: 8 ✔
[ab/4b9b86] epi…voC_Bap1_run-long_ctrl-CG) | 1 of 1, cached: 1 ✔
[0e/f525a2] summary:DQSPY (evoC_Bap1_run)  | 1 of 1, cached: 1 ✔
Plus 3 more processes waiting for tasks…

executor >  slurm (40)
[59/0f64df] res…W (evoC-Bap1-ctrl-M, L000) | 8 of 8, cached: 8 ✔
[94/d508a3] res…evoC-Bap1-ctrl-F-B2, L004) | 8 of 8, cached: 8 ✔
[-        ] resolve_align:FASTQC_RESOLVED  -
[b1/5265d3] res…2 (evoC-Bap1-ctrl-M, L000) | 8 of 8, cached: 8 ✔
[-        ] res…align:SAMTOOLS_MERGE_LANES -
[-        ] resolve_align:PRESEQ           -
[35/14a656] bam…:BAMLET (evoC-Bap1-ctrl-M) | 8 of 8, cached: 8 ✔
[e7/93c471] bam…P_BAMQC (evoC-Bap1-ctrl-M) | 8 of 8, cached: 8 ✔
[d7/91957f] bam…SS_BIAS (evoC-Bap1-ctrl-M) | 8 of 8, cached: 8 ✔
[-        ] bam…:DEEPTOOLS_PLOTFINGERPRINT -
[a0/ae2497] bam…_GCBIAS (evoC-Bap1-ctrl-M) | 8 of 8, cached: 8 ✔
[54/59c035] bam…CCURACY (evoC-Bap1-ctrl-M) | 8 of 8, cached: 8 ✔
[6d/56ee13] var…_CALLER (evoC-Bap1-ctrl-M) | 8 of 8, cached: 8 ✔
[ab/68d0ab] var…NTERVALS (GRCm38_filtered) | 1 of 1, cached: 1 ✔
[a0/74ef65] var…DB_IMPORT (Interval: 0011) | 13 of 20
[cf/ea760f] var…YPE_GVCFS (Interval: 0004) | 3 of 13
[-        ] var…t_calling:MERGE_JOINT_VCFS -
[-        ] variant_calling:ASM            -
[-        ] var…_calling:MERGE_ASM_OUTPUTS -
[6c/0aef18] var…MUTECT2 (evoC-Bap1-ctrl-M) | 8 of 8, cached: 8 ✔
[03/7274d8] mbi…C-Bap1-ctrl-M-CHH-5-prime) | 24 of 24, cached: 24 ✔
[6a/f83b58] epi…ARR (evoC-Bap1-ctrl-M-CHG) | 24 of 24, cached: 24 ✔
[05/609dcc] epi…PORT (evoC-Bap1-ctrl-M_CG) | 16 of 24, cached: 16
[a3/ccd062] epi… (evoC_Bap1_run-genome-CG) | 3 of 3, cached: 3 ✔
[ba/0f088f] epi…ZARR (evoC-Bap1-ctrl-M-CG) | 8 of 8, cached: 8 ✔
[ef/2c82cf] epi…PORT (evoC-Bap1-ctrl-M_CG) | 8 of 8, cached: 8 ✔
[34/bb4ccb] epi…ZARR (evoC-Bap1-ctrl-M-CG) | 8 of 8, cached: 8 ✔
[cd/0be07a] epi…PORT (evoC-Bap1-ctrl-M_CG) | 8 of 8, cached: 8 ✔
[ab/4b9b86] epi…voC_Bap1_run-long_ctrl-CG) | 1 of 1, cached: 1 ✔
[0e/f525a2] summary:DQSPY (evoC_Bap1_run)  | 1 of 1, cached: 1 ✔
Plus 3 more processes waiting for tasks…

executor >  slurm (41)
[59/0f64df] res…W (evoC-Bap1-ctrl-M, L000) | 8 of 8, cached: 8 ✔
[94/d508a3] res…evoC-Bap1-ctrl-F-B2, L004) | 8 of 8, cached: 8 ✔
[-        ] resolve_align:FASTQC_RESOLVED  -
[b1/5265d3] res…2 (evoC-Bap1-ctrl-M, L000) | 8 of 8, cached: 8 ✔
[-        ] res…align:SAMTOOLS_MERGE_LANES -
[-        ] resolve_align:PRESEQ           -
[35/14a656] bam…:BAMLET (evoC-Bap1-ctrl-M) | 8 of 8, cached: 8 ✔
[e7/93c471] bam…P_BAMQC (evoC-Bap1-ctrl-M) | 8 of 8, cached: 8 ✔
[d7/91957f] bam…SS_BIAS (evoC-Bap1-ctrl-M) | 8 of 8, cached: 8 ✔
[-        ] bam…:DEEPTOOLS_PLOTFINGERPRINT -
[a0/ae2497] bam…_GCBIAS (evoC-Bap1-ctrl-M) | 8 of 8, cached: 8 ✔
[54/59c035] bam…CCURACY (evoC-Bap1-ctrl-M) | 8 of 8, cached: 8 ✔
[6d/56ee13] var…_CALLER (evoC-Bap1-ctrl-M) | 8 of 8, cached: 8 ✔
[ab/68d0ab] var…NTERVALS (GRCm38_filtered) | 1 of 1, cached: 1 ✔
[a0/74ef65] var…DB_IMPORT (Interval: 0011) | 13 of 20
[4d/090462] var…YPE_GVCFS (Interval: 0011) | 3 of 13
[-        ] var…t_calling:MERGE_JOINT_VCFS -
[-        ] variant_calling:ASM            -
[-        ] var…_calling:MERGE_ASM_OUTPUTS -
[6c/0aef18] var…MUTECT2 (evoC-Bap1-ctrl-M) | 8 of 8, cached: 8 ✔
[03/7274d8] mbi…C-Bap1-ctrl-M-CHH-5-prime) | 24 of 24, cached: 24 ✔
[6a/f83b58] epi…ARR (evoC-Bap1-ctrl-M-CHG) | 24 of 24, cached: 24 ✔
[05/609dcc] epi…PORT (evoC-Bap1-ctrl-M_CG) | 16 of 24, cached: 16
[a3/ccd062] epi… (evoC_Bap1_run-genome-CG) | 3 of 3, cached: 3 ✔
[ba/0f088f] epi…ZARR (evoC-Bap1-ctrl-M-CG) | 8 of 8, cached: 8 ✔
[ef/2c82cf] epi…PORT (evoC-Bap1-ctrl-M_CG) | 8 of 8, cached: 8 ✔
[34/bb4ccb] epi…ZARR (evoC-Bap1-ctrl-M-CG) | 8 of 8, cached: 8 ✔
[cd/0be07a] epi…PORT (evoC-Bap1-ctrl-M_CG) | 8 of 8, cached: 8 ✔
[ab/4b9b86] epi…voC_Bap1_run-long_ctrl-CG) | 1 of 1, cached: 1 ✔
[0e/f525a2] summary:DQSPY (evoC_Bap1_run)  | 1 of 1, cached: 1 ✔
Plus 3 more processes waiting for tasks…

executor >  slurm (41)
[59/0f64df] res…W (evoC-Bap1-ctrl-M, L000) | 8 of 8, cached: 8 ✔
[94/d508a3] res…evoC-Bap1-ctrl-F-B2, L004) | 8 of 8, cached: 8 ✔
[-        ] resolve_align:FASTQC_RESOLVED  -
[b1/5265d3] res…2 (evoC-Bap1-ctrl-M, L000) | 8 of 8, cached: 8 ✔
[-        ] res…align:SAMTOOLS_MERGE_LANES -
[-        ] resolve_align:PRESEQ           -
[35/14a656] bam…:BAMLET (evoC-Bap1-ctrl-M) | 8 of 8, cached: 8 ✔
[e7/93c471] bam…P_BAMQC (evoC-Bap1-ctrl-M) | 8 of 8, cached: 8 ✔
[d7/91957f] bam…SS_BIAS (evoC-Bap1-ctrl-M) | 8 of 8, cached: 8 ✔
[-        ] bam…:DEEPTOOLS_PLOTFINGERPRINT -
[a0/ae2497] bam…_GCBIAS (evoC-Bap1-ctrl-M) | 8 of 8, cached: 8 ✔
[54/59c035] bam…CCURACY (evoC-Bap1-ctrl-M) | 8 of 8, cached: 8 ✔
[6d/56ee13] var…_CALLER (evoC-Bap1-ctrl-M) | 8 of 8, cached: 8 ✔
[ab/68d0ab] var…NTERVALS (GRCm38_filtered) | 1 of 1, cached: 1 ✔
[a0/74ef65] var…DB_IMPORT (Interval: 0011) | 13 of 20
[4d/090462] var…YPE_GVCFS (Interval: 0011) | 3 of 13
[-        ] var…t_calling:MERGE_JOINT_VCFS -
[-        ] variant_calling:ASM            -
[-        ] var…_calling:MERGE_ASM_OUTPUTS -
[6c/0aef18] var…MUTECT2 (evoC-Bap1-ctrl-M) | 8 of 8, cached: 8 ✔
[03/7274d8] mbi…C-Bap1-ctrl-M-CHH-5-prime) | 24 of 24, cached: 24 ✔
[6a/f83b58] epi…ARR (evoC-Bap1-ctrl-M-CHG) | 24 of 24, cached: 24 ✔
[05/609dcc] epi…PORT (evoC-Bap1-ctrl-M_CG) | 16 of 24, cached: 16
[a3/ccd062] epi… (evoC_Bap1_run-genome-CG) | 3 of 3, cached: 3 ✔
[ba/0f088f] epi…ZARR (evoC-Bap1-ctrl-M-CG) | 8 of 8, cached: 8 ✔
[ef/2c82cf] epi…PORT (evoC-Bap1-ctrl-M_CG) | 8 of 8, cached: 8 ✔
[34/bb4ccb] epi…ZARR (evoC-Bap1-ctrl-M-CG) | 8 of 8, cached: 8 ✔
[cd/0be07a] epi…PORT (evoC-Bap1-ctrl-M_CG) | 8 of 8, cached: 8 ✔
[ab/4b9b86] epi…voC_Bap1_run-long_ctrl-CG) | 1 of 1, cached: 1 ✔
[0e/f525a2] summary:DQSPY (evoC_Bap1_run)  | 1 of 1, cached: 1 ✔
Plus 3 more processes waiting for tasks…

executor >  slurm (41)
[59/0f64df] res…W (evoC-Bap1-ctrl-M, L000) | 8 of 8, cached: 8 ✔
[94/d508a3] res…evoC-Bap1-ctrl-F-B2, L004) | 8 of 8, cached: 8 ✔
[-        ] resolve_align:FASTQC_RESOLVED  -
[b1/5265d3] res…2 (evoC-Bap1-ctrl-M, L000) | 8 of 8, cached: 8 ✔
[-        ] res…align:SAMTOOLS_MERGE_LANES -
[-        ] resolve_align:PRESEQ           -
[35/14a656] bam…:BAMLET (evoC-Bap1-ctrl-M) | 8 of 8, cached: 8 ✔
[e7/93c471] bam…P_BAMQC (evoC-Bap1-ctrl-M) | 8 of 8, cached: 8 ✔
[d7/91957f] bam…SS_BIAS (evoC-Bap1-ctrl-M) | 8 of 8, cached: 8 ✔
[-        ] bam…:DEEPTOOLS_PLOTFINGERPRINT -
[a0/ae2497] bam…_GCBIAS (evoC-Bap1-ctrl-M) | 8 of 8, cached: 8 ✔
[54/59c035] bam…CCURACY (evoC-Bap1-ctrl-M) | 8 of 8, cached: 8 ✔
[6d/56ee13] var…_CALLER (evoC-Bap1-ctrl-M) | 8 of 8, cached: 8 ✔
[ab/68d0ab] var…NTERVALS (GRCm38_filtered) | 1 of 1, cached: 1 ✔
[fc/6112c9] var…DB_IMPORT (Interval: 0014) | 14 of 20
[4d/090462] var…YPE_GVCFS (Interval: 0011) | 3 of 14
[-        ] var…t_calling:MERGE_JOINT_VCFS -
[-        ] variant_calling:ASM            -
[-        ] var…_calling:MERGE_ASM_OUTPUTS -
[6c/0aef18] var…MUTECT2 (evoC-Bap1-ctrl-M) | 8 of 8, cached: 8 ✔
[03/7274d8] mbi…C-Bap1-ctrl-M-CHH-5-prime) | 24 of 24, cached: 24 ✔
[6a/f83b58] epi…ARR (evoC-Bap1-ctrl-M-CHG) | 24 of 24, cached: 24 ✔
[05/609dcc] epi…PORT (evoC-Bap1-ctrl-M_CG) | 16 of 24, cached: 16
[a3/ccd062] epi… (evoC_Bap1_run-genome-CG) | 3 of 3, cached: 3 ✔
[ba/0f088f] epi…ZARR (evoC-Bap1-ctrl-M-CG) | 8 of 8, cached: 8 ✔
[ef/2c82cf] epi…PORT (evoC-Bap1-ctrl-M_CG) | 8 of 8, cached: 8 ✔
[34/bb4ccb] epi…ZARR (evoC-Bap1-ctrl-M-CG) | 8 of 8, cached: 8 ✔
[cd/0be07a] epi…PORT (evoC-Bap1-ctrl-M_CG) | 8 of 8, cached: 8 ✔
[ab/4b9b86] epi…voC_Bap1_run-long_ctrl-CG) | 1 of 1, cached: 1 ✔
[0e/f525a2] summary:DQSPY (evoC_Bap1_run)  | 1 of 1, cached: 1 ✔
Plus 3 more processes waiting for tasks…

executor >  slurm (42)
[59/0f64df] res…W (evoC-Bap1-ctrl-M, L000) | 8 of 8, cached: 8 ✔
[94/d508a3] res…evoC-Bap1-ctrl-F-B2, L004) | 8 of 8, cached: 8 ✔
[-        ] resolve_align:FASTQC_RESOLVED  -
[b1/5265d3] res…2 (evoC-Bap1-ctrl-M, L000) | 8 of 8, cached: 8 ✔
[-        ] res…align:SAMTOOLS_MERGE_LANES -
[-        ] resolve_align:PRESEQ           -
[35/14a656] bam…:BAMLET (evoC-Bap1-ctrl-M) | 8 of 8, cached: 8 ✔
[e7/93c471] bam…P_BAMQC (evoC-Bap1-ctrl-M) | 8 of 8, cached: 8 ✔
[d7/91957f] bam…SS_BIAS (evoC-Bap1-ctrl-M) | 8 of 8, cached: 8 ✔
[-        ] bam…:DEEPTOOLS_PLOTFINGERPRINT -
[a0/ae2497] bam…_GCBIAS (evoC-Bap1-ctrl-M) | 8 of 8, cached: 8 ✔
[54/59c035] bam…CCURACY (evoC-Bap1-ctrl-M) | 8 of 8, cached: 8 ✔
[6d/56ee13] var…_CALLER (evoC-Bap1-ctrl-M) | 8 of 8, cached: 8 ✔
[ab/68d0ab] var…NTERVALS (GRCm38_filtered) | 1 of 1, cached: 1 ✔
[fc/6112c9] var…DB_IMPORT (Interval: 0014) | 14 of 20
[7b/f9bd0a] var…YPE_GVCFS (Interval: 0014) | 3 of 14
[-        ] var…t_calling:MERGE_JOINT_VCFS -
[-        ] variant_calling:ASM            -
[-        ] var…_calling:MERGE_ASM_OUTPUTS -
[6c/0aef18] var…MUTECT2 (evoC-Bap1-ctrl-M) | 8 of 8, cached: 8 ✔
[03/7274d8] mbi…C-Bap1-ctrl-M-CHH-5-prime) | 24 of 24, cached: 24 ✔
[6a/f83b58] epi…ARR (evoC-Bap1-ctrl-M-CHG) | 24 of 24, cached: 24 ✔
[05/609dcc] epi…PORT (evoC-Bap1-ctrl-M_CG) | 16 of 24, cached: 16
[a3/ccd062] epi… (evoC_Bap1_run-genome-CG) | 3 of 3, cached: 3 ✔
[ba/0f088f] epi…ZARR (evoC-Bap1-ctrl-M-CG) | 8 of 8, cached: 8 ✔
[ef/2c82cf] epi…PORT (evoC-Bap1-ctrl-M_CG) | 8 of 8, cached: 8 ✔
[34/bb4ccb] epi…ZARR (evoC-Bap1-ctrl-M-CG) | 8 of 8, cached: 8 ✔
[cd/0be07a] epi…PORT (evoC-Bap1-ctrl-M_CG) | 8 of 8, cached: 8 ✔
[ab/4b9b86] epi…voC_Bap1_run-long_ctrl-CG) | 1 of 1, cached: 1 ✔
[0e/f525a2] summary:DQSPY (evoC_Bap1_run)  | 1 of 1, cached: 1 ✔
Plus 3 more processes waiting for tasks…

executor >  slurm (42)
[59/0f64df] res…W (evoC-Bap1-ctrl-M, L000) | 8 of 8, cached: 8 ✔
[94/d508a3] res…evoC-Bap1-ctrl-F-B2, L004) | 8 of 8, cached: 8 ✔
[-        ] resolve_align:FASTQC_RESOLVED  -
[b1/5265d3] res…2 (evoC-Bap1-ctrl-M, L000) | 8 of 8, cached: 8 ✔
[-        ] res…align:SAMTOOLS_MERGE_LANES -
[-        ] resolve_align:PRESEQ           -
[35/14a656] bam…:BAMLET (evoC-Bap1-ctrl-M) | 8 of 8, cached: 8 ✔
[e7/93c471] bam…P_BAMQC (evoC-Bap1-ctrl-M) | 8 of 8, cached: 8 ✔
[d7/91957f] bam…SS_BIAS (evoC-Bap1-ctrl-M) | 8 of 8, cached: 8 ✔
[-        ] bam…:DEEPTOOLS_PLOTFINGERPRINT -
[a0/ae2497] bam…_GCBIAS (evoC-Bap1-ctrl-M) | 8 of 8, cached: 8 ✔
[54/59c035] bam…CCURACY (evoC-Bap1-ctrl-M) | 8 of 8, cached: 8 ✔
[6d/56ee13] var…_CALLER (evoC-Bap1-ctrl-M) | 8 of 8, cached: 8 ✔
[ab/68d0ab] var…NTERVALS (GRCm38_filtered) | 1 of 1, cached: 1 ✔
[fc/6112c9] var…DB_IMPORT (Interval: 0014) | 14 of 20
[7b/f9bd0a] var…YPE_GVCFS (Interval: 0014) | 3 of 14
[-        ] var…t_calling:MERGE_JOINT_VCFS -
[-        ] variant_calling:ASM            -
[-        ] var…_calling:MERGE_ASM_OUTPUTS -
[6c/0aef18] var…MUTECT2 (evoC-Bap1-ctrl-M) | 8 of 8, cached: 8 ✔
[03/7274d8] mbi…C-Bap1-ctrl-M-CHH-5-prime) | 24 of 24, cached: 24 ✔
[6a/f83b58] epi…ARR (evoC-Bap1-ctrl-M-CHG) | 24 of 24, cached: 24 ✔
[05/609dcc] epi…PORT (evoC-Bap1-ctrl-M_CG) | 16 of 24, cached: 16
[a3/ccd062] epi… (evoC_Bap1_run-genome-CG) | 3 of 3, cached: 3 ✔
[ba/0f088f] epi…ZARR (evoC-Bap1-ctrl-M-CG) | 8 of 8, cached: 8 ✔
[ef/2c82cf] epi…PORT (evoC-Bap1-ctrl-M_CG) | 8 of 8, cached: 8 ✔
[34/bb4ccb] epi…ZARR (evoC-Bap1-ctrl-M-CG) | 8 of 8, cached: 8 ✔
[cd/0be07a] epi…PORT (evoC-Bap1-ctrl-M_CG) | 8 of 8, cached: 8 ✔
[ab/4b9b86] epi…voC_Bap1_run-long_ctrl-CG) | 1 of 1, cached: 1 ✔
[0e/f525a2] summary:DQSPY (evoC_Bap1_run)  | 1 of 1, cached: 1 ✔
Plus 3 more processes waiting for tasks…

executor >  slurm (42)
[59/0f64df] res…W (evoC-Bap1-ctrl-M, L000) | 8 of 8, cached: 8 ✔
[94/d508a3] res…evoC-Bap1-ctrl-F-B2, L004) | 8 of 8, cached: 8 ✔
[-        ] resolve_align:FASTQC_RESOLVED  -
[b1/5265d3] res…2 (evoC-Bap1-ctrl-M, L000) | 8 of 8, cached: 8 ✔
[-        ] res…align:SAMTOOLS_MERGE_LANES -
[-        ] resolve_align:PRESEQ           -
[35/14a656] bam…:BAMLET (evoC-Bap1-ctrl-M) | 8 of 8, cached: 8 ✔
[e7/93c471] bam…P_BAMQC (evoC-Bap1-ctrl-M) | 8 of 8, cached: 8 ✔
[d7/91957f] bam…SS_BIAS (evoC-Bap1-ctrl-M) | 8 of 8, cached: 8 ✔
[-        ] bam…:DEEPTOOLS_PLOTFINGERPRINT -
[a0/ae2497] bam…_GCBIAS (evoC-Bap1-ctrl-M) | 8 of 8, cached: 8 ✔
[54/59c035] bam…CCURACY (evoC-Bap1-ctrl-M) | 8 of 8, cached: 8 ✔
[6d/56ee13] var…_CALLER (evoC-Bap1-ctrl-M) | 8 of 8, cached: 8 ✔
[ab/68d0ab] var…NTERVALS (GRCm38_filtered) | 1 of 1, cached: 1 ✔
[fc/6112c9] var…DB_IMPORT (Interval: 0014) | 14 of 20
[7b/6dbe5e] var…YPE_GVCFS (Interval: 0012) | 4 of 14
[-        ] var…t_calling:MERGE_JOINT_VCFS -
[-        ] variant_calling:ASM            -
[-        ] var…_calling:MERGE_ASM_OUTPUTS -
[6c/0aef18] var…MUTECT2 (evoC-Bap1-ctrl-M) | 8 of 8, cached: 8 ✔
[03/7274d8] mbi…C-Bap1-ctrl-M-CHH-5-prime) | 24 of 24, cached: 24 ✔
[6a/f83b58] epi…ARR (evoC-Bap1-ctrl-M-CHG) | 24 of 24, cached: 24 ✔
[05/609dcc] epi…PORT (evoC-Bap1-ctrl-M_CG) | 16 of 24, cached: 16
[a3/ccd062] epi… (evoC_Bap1_run-genome-CG) | 3 of 3, cached: 3 ✔
[ba/0f088f] epi…ZARR (evoC-Bap1-ctrl-M-CG) | 8 of 8, cached: 8 ✔
[ef/2c82cf] epi…PORT (evoC-Bap1-ctrl-M_CG) | 8 of 8, cached: 8 ✔
[34/bb4ccb] epi…ZARR (evoC-Bap1-ctrl-M-CG) | 8 of 8, cached: 8 ✔
[cd/0be07a] epi…PORT (evoC-Bap1-ctrl-M_CG) | 8 of 8, cached: 8 ✔
[ab/4b9b86] epi…voC_Bap1_run-long_ctrl-CG) | 1 of 1, cached: 1 ✔
[0e/f525a2] summary:DQSPY (evoC_Bap1_run)  | 1 of 1, cached: 1 ✔
Plus 3 more processes waiting for tasks…

executor >  slurm (42)
[59/0f64df] res…W (evoC-Bap1-ctrl-M, L000) | 8 of 8, cached: 8 ✔
[94/d508a3] res…evoC-Bap1-ctrl-F-B2, L004) | 8 of 8, cached: 8 ✔
[-        ] resolve_align:FASTQC_RESOLVED  -
[b1/5265d3] res…2 (evoC-Bap1-ctrl-M, L000) | 8 of 8, cached: 8 ✔
[-        ] res…align:SAMTOOLS_MERGE_LANES -
[-        ] resolve_align:PRESEQ           -
[35/14a656] bam…:BAMLET (evoC-Bap1-ctrl-M) | 8 of 8, cached: 8 ✔
[e7/93c471] bam…P_BAMQC (evoC-Bap1-ctrl-M) | 8 of 8, cached: 8 ✔
[d7/91957f] bam…SS_BIAS (evoC-Bap1-ctrl-M) | 8 of 8, cached: 8 ✔
[-        ] bam…:DEEPTOOLS_PLOTFINGERPRINT -
[a0/ae2497] bam…_GCBIAS (evoC-Bap1-ctrl-M) | 8 of 8, cached: 8 ✔
[54/59c035] bam…CCURACY (evoC-Bap1-ctrl-M) | 8 of 8, cached: 8 ✔
[6d/56ee13] var…_CALLER (evoC-Bap1-ctrl-M) | 8 of 8, cached: 8 ✔
[ab/68d0ab] var…NTERVALS (GRCm38_filtered) | 1 of 1, cached: 1 ✔
[fc/6112c9] var…DB_IMPORT (Interval: 0014) | 14 of 20
[e9/9d58cc] var…YPE_GVCFS (Interval: 0019) | 5 of 14
[-        ] var…t_calling:MERGE_JOINT_VCFS -
[-        ] variant_calling:ASM            -
[-        ] var…_calling:MERGE_ASM_OUTPUTS -
[6c/0aef18] var…MUTECT2 (evoC-Bap1-ctrl-M) | 8 of 8, cached: 8 ✔
[03/7274d8] mbi…C-Bap1-ctrl-M-CHH-5-prime) | 24 of 24, cached: 24 ✔
[6a/f83b58] epi…ARR (evoC-Bap1-ctrl-M-CHG) | 24 of 24, cached: 24 ✔
[05/609dcc] epi…PORT (evoC-Bap1-ctrl-M_CG) | 16 of 24, cached: 16
[a3/ccd062] epi… (evoC_Bap1_run-genome-CG) | 3 of 3, cached: 3 ✔
[ba/0f088f] epi…ZARR (evoC-Bap1-ctrl-M-CG) | 8 of 8, cached: 8 ✔
[ef/2c82cf] epi…PORT (evoC-Bap1-ctrl-M_CG) | 8 of 8, cached: 8 ✔
[34/bb4ccb] epi…ZARR (evoC-Bap1-ctrl-M-CG) | 8 of 8, cached: 8 ✔
[cd/0be07a] epi…PORT (evoC-Bap1-ctrl-M_CG) | 8 of 8, cached: 8 ✔
[ab/4b9b86] epi…voC_Bap1_run-long_ctrl-CG) | 1 of 1, cached: 1 ✔
[0e/f525a2] summary:DQSPY (evoC_Bap1_run)  | 1 of 1, cached: 1 ✔
Plus 3 more processes waiting for tasks…

executor >  slurm (42)
[59/0f64df] res…W (evoC-Bap1-ctrl-M, L000) | 8 of 8, cached: 8 ✔
[94/d508a3] res…evoC-Bap1-ctrl-F-B2, L004) | 8 of 8, cached: 8 ✔
[-        ] resolve_align:FASTQC_RESOLVED  -
[b1/5265d3] res…2 (evoC-Bap1-ctrl-M, L000) | 8 of 8, cached: 8 ✔
[-        ] res…align:SAMTOOLS_MERGE_LANES -
[-        ] resolve_align:PRESEQ           -
[35/14a656] bam…:BAMLET (evoC-Bap1-ctrl-M) | 8 of 8, cached: 8 ✔
[e7/93c471] bam…P_BAMQC (evoC-Bap1-ctrl-M) | 8 of 8, cached: 8 ✔
[d7/91957f] bam…SS_BIAS (evoC-Bap1-ctrl-M) | 8 of 8, cached: 8 ✔
[-        ] bam…:DEEPTOOLS_PLOTFINGERPRINT -
[a0/ae2497] bam…_GCBIAS (evoC-Bap1-ctrl-M) | 8 of 8, cached: 8 ✔
[54/59c035] bam…CCURACY (evoC-Bap1-ctrl-M) | 8 of 8, cached: 8 ✔
[6d/56ee13] var…_CALLER (evoC-Bap1-ctrl-M) | 8 of 8, cached: 8 ✔
[ab/68d0ab] var…NTERVALS (GRCm38_filtered) | 1 of 1, cached: 1 ✔
[fc/6112c9] var…DB_IMPORT (Interval: 0014) | 14 of 20
[0b/58c8df] var…YPE_GVCFS (Interval: 0000) | 6 of 14
[-        ] var…t_calling:MERGE_JOINT_VCFS -
[-        ] variant_calling:ASM            -
[-        ] var…_calling:MERGE_ASM_OUTPUTS -
[6c/0aef18] var…MUTECT2 (evoC-Bap1-ctrl-M) | 8 of 8, cached: 8 ✔
[03/7274d8] mbi…C-Bap1-ctrl-M-CHH-5-prime) | 24 of 24, cached: 24 ✔
[6a/f83b58] epi…ARR (evoC-Bap1-ctrl-M-CHG) | 24 of 24, cached: 24 ✔
[05/609dcc] epi…PORT (evoC-Bap1-ctrl-M_CG) | 16 of 24, cached: 16
[a3/ccd062] epi… (evoC_Bap1_run-genome-CG) | 3 of 3, cached: 3 ✔
[ba/0f088f] epi…ZARR (evoC-Bap1-ctrl-M-CG) | 8 of 8, cached: 8 ✔
[ef/2c82cf] epi…PORT (evoC-Bap1-ctrl-M_CG) | 8 of 8, cached: 8 ✔
[34/bb4ccb] epi…ZARR (evoC-Bap1-ctrl-M-CG) | 8 of 8, cached: 8 ✔
[cd/0be07a] epi…PORT (evoC-Bap1-ctrl-M_CG) | 8 of 8, cached: 8 ✔
[ab/4b9b86] epi…voC_Bap1_run-long_ctrl-CG) | 1 of 1, cached: 1 ✔
[0e/f525a2] summary:DQSPY (evoC_Bap1_run)  | 1 of 1, cached: 1 ✔
Plus 3 more processes waiting for tasks…

executor >  slurm (42)
[59/0f64df] res…W (evoC-Bap1-ctrl-M, L000) | 8 of 8, cached: 8 ✔
[94/d508a3] res…evoC-Bap1-ctrl-F-B2, L004) | 8 of 8, cached: 8 ✔
[-        ] resolve_align:FASTQC_RESOLVED  -
[b1/5265d3] res…2 (evoC-Bap1-ctrl-M, L000) | 8 of 8, cached: 8 ✔
[-        ] res…align:SAMTOOLS_MERGE_LANES -
[-        ] resolve_align:PRESEQ           -
[35/14a656] bam…:BAMLET (evoC-Bap1-ctrl-M) | 8 of 8, cached: 8 ✔
[e7/93c471] bam…P_BAMQC (evoC-Bap1-ctrl-M) | 8 of 8, cached: 8 ✔
[d7/91957f] bam…SS_BIAS (evoC-Bap1-ctrl-M) | 8 of 8, cached: 8 ✔
[-        ] bam…:DEEPTOOLS_PLOTFINGERPRINT -
[a0/ae2497] bam…_GCBIAS (evoC-Bap1-ctrl-M) | 8 of 8, cached: 8 ✔
[54/59c035] bam…CCURACY (evoC-Bap1-ctrl-M) | 8 of 8, cached: 8 ✔
[6d/56ee13] var…_CALLER (evoC-Bap1-ctrl-M) | 8 of 8, cached: 8 ✔
[ab/68d0ab] var…NTERVALS (GRCm38_filtered) | 1 of 1, cached: 1 ✔
[fc/6112c9] var…DB_IMPORT (Interval: 0014) | 14 of 20
[c7/4c2db8] var…YPE_GVCFS (Interval: 0005) | 7 of 14
[-        ] var…t_calling:MERGE_JOINT_VCFS -
[-        ] variant_calling:ASM            -
[-        ] var…_calling:MERGE_ASM_OUTPUTS -
[6c/0aef18] var…MUTECT2 (evoC-Bap1-ctrl-M) | 8 of 8, cached: 8 ✔
[03/7274d8] mbi…C-Bap1-ctrl-M-CHH-5-prime) | 24 of 24, cached: 24 ✔
[6a/f83b58] epi…ARR (evoC-Bap1-ctrl-M-CHG) | 24 of 24, cached: 24 ✔
[05/609dcc] epi…PORT (evoC-Bap1-ctrl-M_CG) | 16 of 24, cached: 16
[a3/ccd062] epi… (evoC_Bap1_run-genome-CG) | 3 of 3, cached: 3 ✔
[ba/0f088f] epi…ZARR (evoC-Bap1-ctrl-M-CG) | 8 of 8, cached: 8 ✔
[ef/2c82cf] epi…PORT (evoC-Bap1-ctrl-M_CG) | 8 of 8, cached: 8 ✔
[34/bb4ccb] epi…ZARR (evoC-Bap1-ctrl-M-CG) | 8 of 8, cached: 8 ✔
[cd/0be07a] epi…PORT (evoC-Bap1-ctrl-M_CG) | 8 of 8, cached: 8 ✔
[ab/4b9b86] epi…voC_Bap1_run-long_ctrl-CG) | 1 of 1, cached: 1 ✔
[0e/f525a2] summary:DQSPY (evoC_Bap1_run)  | 1 of 1, cached: 1 ✔
Plus 3 more processes waiting for tasks…

executor >  slurm (42)
[59/0f64df] res…W (evoC-Bap1-ctrl-M, L000) | 8 of 8, cached: 8 ✔
[94/d508a3] res…evoC-Bap1-ctrl-F-B2, L004) | 8 of 8, cached: 8 ✔
[-        ] resolve_align:FASTQC_RESOLVED  -
[b1/5265d3] res…2 (evoC-Bap1-ctrl-M, L000) | 8 of 8, cached: 8 ✔
[-        ] res…align:SAMTOOLS_MERGE_LANES -
[-        ] resolve_align:PRESEQ           -
[35/14a656] bam…:BAMLET (evoC-Bap1-ctrl-M) | 8 of 8, cached: 8 ✔
[e7/93c471] bam…P_BAMQC (evoC-Bap1-ctrl-M) | 8 of 8, cached: 8 ✔
[d7/91957f] bam…SS_BIAS (evoC-Bap1-ctrl-M) | 8 of 8, cached: 8 ✔
[-        ] bam…:DEEPTOOLS_PLOTFINGERPRINT -
[a0/ae2497] bam…_GCBIAS (evoC-Bap1-ctrl-M) | 8 of 8, cached: 8 ✔
[54/59c035] bam…CCURACY (evoC-Bap1-ctrl-M) | 8 of 8, cached: 8 ✔
[6d/56ee13] var…_CALLER (evoC-Bap1-ctrl-M) | 8 of 8, cached: 8 ✔
[ab/68d0ab] var…NTERVALS (GRCm38_filtered) | 1 of 1, cached: 1 ✔
[37/811ff8] var…DB_IMPORT (Interval: 0006) | 15 of 20
[c7/4c2db8] var…YPE_GVCFS (Interval: 0005) | 7 of 15
[-        ] var…t_calling:MERGE_JOINT_VCFS -
[-        ] variant_calling:ASM            -
[-        ] var…_calling:MERGE_ASM_OUTPUTS -
[6c/0aef18] var…MUTECT2 (evoC-Bap1-ctrl-M) | 8 of 8, cached: 8 ✔
[03/7274d8] mbi…C-Bap1-ctrl-M-CHH-5-prime) | 24 of 24, cached: 24 ✔
[6a/f83b58] epi…ARR (evoC-Bap1-ctrl-M-CHG) | 24 of 24, cached: 24 ✔
[05/609dcc] epi…PORT (evoC-Bap1-ctrl-M_CG) | 16 of 24, cached: 16
[a3/ccd062] epi… (evoC_Bap1_run-genome-CG) | 3 of 3, cached: 3 ✔
[ba/0f088f] epi…ZARR (evoC-Bap1-ctrl-M-CG) | 8 of 8, cached: 8 ✔
[ef/2c82cf] epi…PORT (evoC-Bap1-ctrl-M_CG) | 8 of 8, cached: 8 ✔
[34/bb4ccb] epi…ZARR (evoC-Bap1-ctrl-M-CG) | 8 of 8, cached: 8 ✔
[cd/0be07a] epi…PORT (evoC-Bap1-ctrl-M_CG) | 8 of 8, cached: 8 ✔
[ab/4b9b86] epi…voC_Bap1_run-long_ctrl-CG) | 1 of 1, cached: 1 ✔
[0e/f525a2] summary:DQSPY (evoC_Bap1_run)  | 1 of 1, cached: 1 ✔
Plus 3 more processes waiting for tasks…

executor >  slurm (43)
[59/0f64df] res…W (evoC-Bap1-ctrl-M, L000) | 8 of 8, cached: 8 ✔
[94/d508a3] res…evoC-Bap1-ctrl-F-B2, L004) | 8 of 8, cached: 8 ✔
[-        ] resolve_align:FASTQC_RESOLVED  -
[b1/5265d3] res…2 (evoC-Bap1-ctrl-M, L000) | 8 of 8, cached: 8 ✔
[-        ] res…align:SAMTOOLS_MERGE_LANES -
[-        ] resolve_align:PRESEQ           -
[35/14a656] bam…:BAMLET (evoC-Bap1-ctrl-M) | 8 of 8, cached: 8 ✔
[e7/93c471] bam…P_BAMQC (evoC-Bap1-ctrl-M) | 8 of 8, cached: 8 ✔
[d7/91957f] bam…SS_BIAS (evoC-Bap1-ctrl-M) | 8 of 8, cached: 8 ✔
[-        ] bam…:DEEPTOOLS_PLOTFINGERPRINT -
[a0/ae2497] bam…_GCBIAS (evoC-Bap1-ctrl-M) | 8 of 8, cached: 8 ✔
[54/59c035] bam…CCURACY (evoC-Bap1-ctrl-M) | 8 of 8, cached: 8 ✔
[6d/56ee13] var…_CALLER (evoC-Bap1-ctrl-M) | 8 of 8, cached: 8 ✔
[ab/68d0ab] var…NTERVALS (GRCm38_filtered) | 1 of 1, cached: 1 ✔
[37/811ff8] var…DB_IMPORT (Interval: 0006) | 15 of 20
[71/a60e4b] var…YPE_GVCFS (Interval: 0006) | 7 of 15
[-        ] var…t_calling:MERGE_JOINT_VCFS -
[-        ] variant_calling:ASM            -
[-        ] var…_calling:MERGE_ASM_OUTPUTS -
[6c/0aef18] var…MUTECT2 (evoC-Bap1-ctrl-M) | 8 of 8, cached: 8 ✔
[03/7274d8] mbi…C-Bap1-ctrl-M-CHH-5-prime) | 24 of 24, cached: 24 ✔
[6a/f83b58] epi…ARR (evoC-Bap1-ctrl-M-CHG) | 24 of 24, cached: 24 ✔
[05/609dcc] epi…PORT (evoC-Bap1-ctrl-M_CG) | 16 of 24, cached: 16
[a3/ccd062] epi… (evoC_Bap1_run-genome-CG) | 3 of 3, cached: 3 ✔
[ba/0f088f] epi…ZARR (evoC-Bap1-ctrl-M-CG) | 8 of 8, cached: 8 ✔
[ef/2c82cf] epi…PORT (evoC-Bap1-ctrl-M_CG) | 8 of 8, cached: 8 ✔
[34/bb4ccb] epi…ZARR (evoC-Bap1-ctrl-M-CG) | 8 of 8, cached: 8 ✔
[cd/0be07a] epi…PORT (evoC-Bap1-ctrl-M_CG) | 8 of 8, cached: 8 ✔
[ab/4b9b86] epi…voC_Bap1_run-long_ctrl-CG) | 1 of 1, cached: 1 ✔
[0e/f525a2] summary:DQSPY (evoC_Bap1_run)  | 1 of 1, cached: 1 ✔
Plus 3 more processes waiting for tasks…

executor >  slurm (43)
[59/0f64df] res…W (evoC-Bap1-ctrl-M, L000) | 8 of 8, cached: 8 ✔
[94/d508a3] res…evoC-Bap1-ctrl-F-B2, L004) | 8 of 8, cached: 8 ✔
[-        ] resolve_align:FASTQC_RESOLVED  -
[b1/5265d3] res…2 (evoC-Bap1-ctrl-M, L000) | 8 of 8, cached: 8 ✔
[-        ] res…align:SAMTOOLS_MERGE_LANES -
[-        ] resolve_align:PRESEQ           -
[35/14a656] bam…:BAMLET (evoC-Bap1-ctrl-M) | 8 of 8, cached: 8 ✔
[e7/93c471] bam…P_BAMQC (evoC-Bap1-ctrl-M) | 8 of 8, cached: 8 ✔
[d7/91957f] bam…SS_BIAS (evoC-Bap1-ctrl-M) | 8 of 8, cached: 8 ✔
[-        ] bam…:DEEPTOOLS_PLOTFINGERPRINT -
[a0/ae2497] bam…_GCBIAS (evoC-Bap1-ctrl-M) | 8 of 8, cached: 8 ✔
[54/59c035] bam…CCURACY (evoC-Bap1-ctrl-M) | 8 of 8, cached: 8 ✔
[6d/56ee13] var…_CALLER (evoC-Bap1-ctrl-M) | 8 of 8, cached: 8 ✔
[ab/68d0ab] var…NTERVALS (GRCm38_filtered) | 1 of 1, cached: 1 ✔
[37/811ff8] var…DB_IMPORT (Interval: 0006) | 15 of 20
[71/a60e4b] var…YPE_GVCFS (Interval: 0006) | 7 of 15
[-        ] var…t_calling:MERGE_JOINT_VCFS -
[-        ] variant_calling:ASM            -
[-        ] var…_calling:MERGE_ASM_OUTPUTS -
[6c/0aef18] var…MUTECT2 (evoC-Bap1-ctrl-M) | 8 of 8, cached: 8 ✔
[03/7274d8] mbi…C-Bap1-ctrl-M-CHH-5-prime) | 24 of 24, cached: 24 ✔
[6a/f83b58] epi…ARR (evoC-Bap1-ctrl-M-CHG) | 24 of 24, cached: 24 ✔
[05/609dcc] epi…PORT (evoC-Bap1-ctrl-M_CG) | 16 of 24, cached: 16
[a3/ccd062] epi… (evoC_Bap1_run-genome-CG) | 3 of 3, cached: 3 ✔
[ba/0f088f] epi…ZARR (evoC-Bap1-ctrl-M-CG) | 8 of 8, cached: 8 ✔
[ef/2c82cf] epi…PORT (evoC-Bap1-ctrl-M_CG) | 8 of 8, cached: 8 ✔
[34/bb4ccb] epi…ZARR (evoC-Bap1-ctrl-M-CG) | 8 of 8, cached: 8 ✔
[cd/0be07a] epi…PORT (evoC-Bap1-ctrl-M_CG) | 8 of 8, cached: 8 ✔
[ab/4b9b86] epi…voC_Bap1_run-long_ctrl-CG) | 1 of 1, cached: 1 ✔
[0e/f525a2] summary:DQSPY (evoC_Bap1_run)  | 1 of 1, cached: 1 ✔
Plus 3 more processes waiting for tasks…

executor >  slurm (43)
[59/0f64df] res…W (evoC-Bap1-ctrl-M, L000) | 8 of 8, cached: 8 ✔
[94/d508a3] res…evoC-Bap1-ctrl-F-B2, L004) | 8 of 8, cached: 8 ✔
[-        ] resolve_align:FASTQC_RESOLVED  -
[b1/5265d3] res…2 (evoC-Bap1-ctrl-M, L000) | 8 of 8, cached: 8 ✔
[-        ] res…align:SAMTOOLS_MERGE_LANES -
[-        ] resolve_align:PRESEQ           -
[35/14a656] bam…:BAMLET (evoC-Bap1-ctrl-M) | 8 of 8, cached: 8 ✔
[e7/93c471] bam…P_BAMQC (evoC-Bap1-ctrl-M) | 8 of 8, cached: 8 ✔
[d7/91957f] bam…SS_BIAS (evoC-Bap1-ctrl-M) | 8 of 8, cached: 8 ✔
[-        ] bam…:DEEPTOOLS_PLOTFINGERPRINT -
[a0/ae2497] bam…_GCBIAS (evoC-Bap1-ctrl-M) | 8 of 8, cached: 8 ✔
[54/59c035] bam…CCURACY (evoC-Bap1-ctrl-M) | 8 of 8, cached: 8 ✔
[6d/56ee13] var…_CALLER (evoC-Bap1-ctrl-M) | 8 of 8, cached: 8 ✔
[ab/68d0ab] var…NTERVALS (GRCm38_filtered) | 1 of 1, cached: 1 ✔
[e6/fe57af] var…DB_IMPORT (Interval: 0018) | 16 of 20
[71/a60e4b] var…YPE_GVCFS (Interval: 0006) | 7 of 16
[-        ] var…t_calling:MERGE_JOINT_VCFS -
[-        ] variant_calling:ASM            -
[-        ] var…_calling:MERGE_ASM_OUTPUTS -
[6c/0aef18] var…MUTECT2 (evoC-Bap1-ctrl-M) | 8 of 8, cached: 8 ✔
[03/7274d8] mbi…C-Bap1-ctrl-M-CHH-5-prime) | 24 of 24, cached: 24 ✔
[6a/f83b58] epi…ARR (evoC-Bap1-ctrl-M-CHG) | 24 of 24, cached: 24 ✔
[05/609dcc] epi…PORT (evoC-Bap1-ctrl-M_CG) | 16 of 24, cached: 16
[a3/ccd062] epi… (evoC_Bap1_run-genome-CG) | 3 of 3, cached: 3 ✔
[ba/0f088f] epi…ZARR (evoC-Bap1-ctrl-M-CG) | 8 of 8, cached: 8 ✔
[ef/2c82cf] epi…PORT (evoC-Bap1-ctrl-M_CG) | 8 of 8, cached: 8 ✔
[34/bb4ccb] epi…ZARR (evoC-Bap1-ctrl-M-CG) | 8 of 8, cached: 8 ✔
[cd/0be07a] epi…PORT (evoC-Bap1-ctrl-M_CG) | 8 of 8, cached: 8 ✔
[ab/4b9b86] epi…voC_Bap1_run-long_ctrl-CG) | 1 of 1, cached: 1 ✔
[0e/f525a2] summary:DQSPY (evoC_Bap1_run)  | 1 of 1, cached: 1 ✔
Plus 3 more processes waiting for tasks…

executor >  slurm (44)
[59/0f64df] res…W (evoC-Bap1-ctrl-M, L000) | 8 of 8, cached: 8 ✔
[94/d508a3] res…evoC-Bap1-ctrl-F-B2, L004) | 8 of 8, cached: 8 ✔
[-        ] resolve_align:FASTQC_RESOLVED  -
[b1/5265d3] res…2 (evoC-Bap1-ctrl-M, L000) | 8 of 8, cached: 8 ✔
[-        ] res…align:SAMTOOLS_MERGE_LANES -
[-        ] resolve_align:PRESEQ           -
[35/14a656] bam…:BAMLET (evoC-Bap1-ctrl-M) | 8 of 8, cached: 8 ✔
[e7/93c471] bam…P_BAMQC (evoC-Bap1-ctrl-M) | 8 of 8, cached: 8 ✔
[d7/91957f] bam…SS_BIAS (evoC-Bap1-ctrl-M) | 8 of 8, cached: 8 ✔
[-        ] bam…:DEEPTOOLS_PLOTFINGERPRINT -
[a0/ae2497] bam…_GCBIAS (evoC-Bap1-ctrl-M) | 8 of 8, cached: 8 ✔
[54/59c035] bam…CCURACY (evoC-Bap1-ctrl-M) | 8 of 8, cached: 8 ✔
[6d/56ee13] var…_CALLER (evoC-Bap1-ctrl-M) | 8 of 8, cached: 8 ✔
[ab/68d0ab] var…NTERVALS (GRCm38_filtered) | 1 of 1, cached: 1 ✔
[e6/fe57af] var…DB_IMPORT (Interval: 0018) | 16 of 20
[a4/02cbdf] var…YPE_GVCFS (Interval: 0018) | 7 of 16
[-        ] var…t_calling:MERGE_JOINT_VCFS -
[-        ] variant_calling:ASM            -
[-        ] var…_calling:MERGE_ASM_OUTPUTS -
[6c/0aef18] var…MUTECT2 (evoC-Bap1-ctrl-M) | 8 of 8, cached: 8 ✔
[03/7274d8] mbi…C-Bap1-ctrl-M-CHH-5-prime) | 24 of 24, cached: 24 ✔
[6a/f83b58] epi…ARR (evoC-Bap1-ctrl-M-CHG) | 24 of 24, cached: 24 ✔
[05/609dcc] epi…PORT (evoC-Bap1-ctrl-M_CG) | 16 of 24, cached: 16
[a3/ccd062] epi… (evoC_Bap1_run-genome-CG) | 3 of 3, cached: 3 ✔
[ba/0f088f] epi…ZARR (evoC-Bap1-ctrl-M-CG) | 8 of 8, cached: 8 ✔
[ef/2c82cf] epi…PORT (evoC-Bap1-ctrl-M_CG) | 8 of 8, cached: 8 ✔
[34/bb4ccb] epi…ZARR (evoC-Bap1-ctrl-M-CG) | 8 of 8, cached: 8 ✔
[cd/0be07a] epi…PORT (evoC-Bap1-ctrl-M_CG) | 8 of 8, cached: 8 ✔
[ab/4b9b86] epi…voC_Bap1_run-long_ctrl-CG) | 1 of 1, cached: 1 ✔
[0e/f525a2] summary:DQSPY (evoC_Bap1_run)  | 1 of 1, cached: 1 ✔
Plus 3 more processes waiting for tasks…

executor >  slurm (44)
[59/0f64df] res…W (evoC-Bap1-ctrl-M, L000) | 8 of 8, cached: 8 ✔
[94/d508a3] res…evoC-Bap1-ctrl-F-B2, L004) | 8 of 8, cached: 8 ✔
[-        ] resolve_align:FASTQC_RESOLVED  -
[b1/5265d3] res…2 (evoC-Bap1-ctrl-M, L000) | 8 of 8, cached: 8 ✔
[-        ] res…align:SAMTOOLS_MERGE_LANES -
[-        ] resolve_align:PRESEQ           -
[35/14a656] bam…:BAMLET (evoC-Bap1-ctrl-M) | 8 of 8, cached: 8 ✔
[e7/93c471] bam…P_BAMQC (evoC-Bap1-ctrl-M) | 8 of 8, cached: 8 ✔
[d7/91957f] bam…SS_BIAS (evoC-Bap1-ctrl-M) | 8 of 8, cached: 8 ✔
[-        ] bam…:DEEPTOOLS_PLOTFINGERPRINT -
[a0/ae2497] bam…_GCBIAS (evoC-Bap1-ctrl-M) | 8 of 8, cached: 8 ✔
[54/59c035] bam…CCURACY (evoC-Bap1-ctrl-M) | 8 of 8, cached: 8 ✔
[6d/56ee13] var…_CALLER (evoC-Bap1-ctrl-M) | 8 of 8, cached: 8 ✔
[ab/68d0ab] var…NTERVALS (GRCm38_filtered) | 1 of 1, cached: 1 ✔
[e6/fe57af] var…DB_IMPORT (Interval: 0018) | 16 of 20
[a4/02cbdf] var…YPE_GVCFS (Interval: 0018) | 7 of 16
[-        ] var…t_calling:MERGE_JOINT_VCFS -
[-        ] variant_calling:ASM            -
[-        ] var…_calling:MERGE_ASM_OUTPUTS -
[6c/0aef18] var…MUTECT2 (evoC-Bap1-ctrl-M) | 8 of 8, cached: 8 ✔
[03/7274d8] mbi…C-Bap1-ctrl-M-CHH-5-prime) | 24 of 24, cached: 24 ✔
[6a/f83b58] epi…ARR (evoC-Bap1-ctrl-M-CHG) | 24 of 24, cached: 24 ✔
[05/609dcc] epi…PORT (evoC-Bap1-ctrl-M_CG) | 16 of 24, cached: 16
[a3/ccd062] epi… (evoC_Bap1_run-genome-CG) | 3 of 3, cached: 3 ✔
[ba/0f088f] epi…ZARR (evoC-Bap1-ctrl-M-CG) | 8 of 8, cached: 8 ✔
[ef/2c82cf] epi…PORT (evoC-Bap1-ctrl-M_CG) | 8 of 8, cached: 8 ✔
[34/bb4ccb] epi…ZARR (evoC-Bap1-ctrl-M-CG) | 8 of 8, cached: 8 ✔
[cd/0be07a] epi…PORT (evoC-Bap1-ctrl-M_CG) | 8 of 8, cached: 8 ✔
[ab/4b9b86] epi…voC_Bap1_run-long_ctrl-CG) | 1 of 1, cached: 1 ✔
[0e/f525a2] summary:DQSPY (evoC_Bap1_run)  | 1 of 1, cached: 1 ✔
Plus 3 more processes waiting for tasks…

executor >  slurm (45)
[59/0f64df] res…W (evoC-Bap1-ctrl-M, L000) | 8 of 8, cached: 8 ✔
[94/d508a3] res…evoC-Bap1-ctrl-F-B2, L004) | 8 of 8, cached: 8 ✔
[-        ] resolve_align:FASTQC_RESOLVED  -
[b1/5265d3] res…2 (evoC-Bap1-ctrl-M, L000) | 8 of 8, cached: 8 ✔
[-        ] res…align:SAMTOOLS_MERGE_LANES -
[-        ] resolve_align:PRESEQ           -
[35/14a656] bam…:BAMLET (evoC-Bap1-ctrl-M) | 8 of 8, cached: 8 ✔
[e7/93c471] bam…P_BAMQC (evoC-Bap1-ctrl-M) | 8 of 8, cached: 8 ✔
[d7/91957f] bam…SS_BIAS (evoC-Bap1-ctrl-M) | 8 of 8, cached: 8 ✔
[-        ] bam…:DEEPTOOLS_PLOTFINGERPRINT -
[a0/ae2497] bam…_GCBIAS (evoC-Bap1-ctrl-M) | 8 of 8, cached: 8 ✔
[54/59c035] bam…CCURACY (evoC-Bap1-ctrl-M) | 8 of 8, cached: 8 ✔
[6d/56ee13] var…_CALLER (evoC-Bap1-ctrl-M) | 8 of 8, cached: 8 ✔
[ab/68d0ab] var…NTERVALS (GRCm38_filtered) | 1 of 1, cached: 1 ✔
[f5/8f55f6] var…DB_IMPORT (Interval: 0013) | 17 of 20
[f7/05ec9e] var…YPE_GVCFS (Interval: 0013) | 7 of 17
[-        ] var…t_calling:MERGE_JOINT_VCFS -
[-        ] variant_calling:ASM            -
[-        ] var…_calling:MERGE_ASM_OUTPUTS -
[6c/0aef18] var…MUTECT2 (evoC-Bap1-ctrl-M) | 8 of 8, cached: 8 ✔
[03/7274d8] mbi…C-Bap1-ctrl-M-CHH-5-prime) | 24 of 24, cached: 24 ✔
[6a/f83b58] epi…ARR (evoC-Bap1-ctrl-M-CHG) | 24 of 24, cached: 24 ✔
[05/609dcc] epi…PORT (evoC-Bap1-ctrl-M_CG) | 16 of 24, cached: 16
[a3/ccd062] epi… (evoC_Bap1_run-genome-CG) | 3 of 3, cached: 3 ✔
[ba/0f088f] epi…ZARR (evoC-Bap1-ctrl-M-CG) | 8 of 8, cached: 8 ✔
[ef/2c82cf] epi…PORT (evoC-Bap1-ctrl-M_CG) | 8 of 8, cached: 8 ✔
[34/bb4ccb] epi…ZARR (evoC-Bap1-ctrl-M-CG) | 8 of 8, cached: 8 ✔
[cd/0be07a] epi…PORT (evoC-Bap1-ctrl-M_CG) | 8 of 8, cached: 8 ✔
[ab/4b9b86] epi…voC_Bap1_run-long_ctrl-CG) | 1 of 1, cached: 1 ✔
[0e/f525a2] summary:DQSPY (evoC_Bap1_run)  | 1 of 1, cached: 1 ✔
Plus 3 more processes waiting for tasks…

executor >  slurm (45)
[59/0f64df] res…W (evoC-Bap1-ctrl-M, L000) | 8 of 8, cached: 8 ✔
[94/d508a3] res…evoC-Bap1-ctrl-F-B2, L004) | 8 of 8, cached: 8 ✔
[-        ] resolve_align:FASTQC_RESOLVED  -
[b1/5265d3] res…2 (evoC-Bap1-ctrl-M, L000) | 8 of 8, cached: 8 ✔
[-        ] res…align:SAMTOOLS_MERGE_LANES -
[-        ] resolve_align:PRESEQ           -
[35/14a656] bam…:BAMLET (evoC-Bap1-ctrl-M) | 8 of 8, cached: 8 ✔
[e7/93c471] bam…P_BAMQC (evoC-Bap1-ctrl-M) | 8 of 8, cached: 8 ✔
[d7/91957f] bam…SS_BIAS (evoC-Bap1-ctrl-M) | 8 of 8, cached: 8 ✔
[-        ] bam…:DEEPTOOLS_PLOTFINGERPRINT -
[a0/ae2497] bam…_GCBIAS (evoC-Bap1-ctrl-M) | 8 of 8, cached: 8 ✔
[54/59c035] bam…CCURACY (evoC-Bap1-ctrl-M) | 8 of 8, cached: 8 ✔
[6d/56ee13] var…_CALLER (evoC-Bap1-ctrl-M) | 8 of 8, cached: 8 ✔
[ab/68d0ab] var…NTERVALS (GRCm38_filtered) | 1 of 1, cached: 1 ✔
[f5/8f55f6] var…DB_IMPORT (Interval: 0013) | 17 of 20
[f7/05ec9e] var…YPE_GVCFS (Interval: 0013) | 7 of 17
[-        ] var…t_calling:MERGE_JOINT_VCFS -
[-        ] variant_calling:ASM            -
[-        ] var…_calling:MERGE_ASM_OUTPUTS -
[6c/0aef18] var…MUTECT2 (evoC-Bap1-ctrl-M) | 8 of 8, cached: 8 ✔
[03/7274d8] mbi…C-Bap1-ctrl-M-CHH-5-prime) | 24 of 24, cached: 24 ✔
[6a/f83b58] epi…ARR (evoC-Bap1-ctrl-M-CHG) | 24 of 24, cached: 24 ✔
[05/609dcc] epi…PORT (evoC-Bap1-ctrl-M_CG) | 16 of 24, cached: 16
[a3/ccd062] epi… (evoC_Bap1_run-genome-CG) | 3 of 3, cached: 3 ✔
[ba/0f088f] epi…ZARR (evoC-Bap1-ctrl-M-CG) | 8 of 8, cached: 8 ✔
[ef/2c82cf] epi…PORT (evoC-Bap1-ctrl-M_CG) | 8 of 8, cached: 8 ✔
[34/bb4ccb] epi…ZARR (evoC-Bap1-ctrl-M-CG) | 8 of 8, cached: 8 ✔
[cd/0be07a] epi…PORT (evoC-Bap1-ctrl-M_CG) | 8 of 8, cached: 8 ✔
[ab/4b9b86] epi…voC_Bap1_run-long_ctrl-CG) | 1 of 1, cached: 1 ✔
[0e/f525a2] summary:DQSPY (evoC_Bap1_run)  | 1 of 1, cached: 1 ✔
Plus 3 more processes waiting for tasks…

executor >  slurm (45)
[59/0f64df] res…W (evoC-Bap1-ctrl-M, L000) | 8 of 8, cached: 8 ✔
[94/d508a3] res…evoC-Bap1-ctrl-F-B2, L004) | 8 of 8, cached: 8 ✔
[-        ] resolve_align:FASTQC_RESOLVED  -
[b1/5265d3] res…2 (evoC-Bap1-ctrl-M, L000) | 8 of 8, cached: 8 ✔
[-        ] res…align:SAMTOOLS_MERGE_LANES -
[-        ] resolve_align:PRESEQ           -
[35/14a656] bam…:BAMLET (evoC-Bap1-ctrl-M) | 8 of 8, cached: 8 ✔
[e7/93c471] bam…P_BAMQC (evoC-Bap1-ctrl-M) | 8 of 8, cached: 8 ✔
[d7/91957f] bam…SS_BIAS (evoC-Bap1-ctrl-M) | 8 of 8, cached: 8 ✔
[-        ] bam…:DEEPTOOLS_PLOTFINGERPRINT -
[a0/ae2497] bam…_GCBIAS (evoC-Bap1-ctrl-M) | 8 of 8, cached: 8 ✔
[54/59c035] bam…CCURACY (evoC-Bap1-ctrl-M) | 8 of 8, cached: 8 ✔
[6d/56ee13] var…_CALLER (evoC-Bap1-ctrl-M) | 8 of 8, cached: 8 ✔
[ab/68d0ab] var…NTERVALS (GRCm38_filtered) | 1 of 1, cached: 1 ✔
[f9/a9bcd2] var…DB_IMPORT (Interval: 0016) | 18 of 20
[f7/05ec9e] var…YPE_GVCFS (Interval: 0013) | 7 of 17
[-        ] var…t_calling:MERGE_JOINT_VCFS -
[-        ] variant_calling:ASM            -
[-        ] var…_calling:MERGE_ASM_OUTPUTS -
[6c/0aef18] var…MUTECT2 (evoC-Bap1-ctrl-M) | 8 of 8, cached: 8 ✔
[03/7274d8] mbi…C-Bap1-ctrl-M-CHH-5-prime) | 24 of 24, cached: 24 ✔
[6a/f83b58] epi…ARR (evoC-Bap1-ctrl-M-CHG) | 24 of 24, cached: 24 ✔
[05/609dcc] epi…PORT (evoC-Bap1-ctrl-M_CG) | 16 of 24, cached: 16
[a3/ccd062] epi… (evoC_Bap1_run-genome-CG) | 3 of 3, cached: 3 ✔
[ba/0f088f] epi…ZARR (evoC-Bap1-ctrl-M-CG) | 8 of 8, cached: 8 ✔
[ef/2c82cf] epi…PORT (evoC-Bap1-ctrl-M_CG) | 8 of 8, cached: 8 ✔
[34/bb4ccb] epi…ZARR (evoC-Bap1-ctrl-M-CG) | 8 of 8, cached: 8 ✔
[cd/0be07a] epi…PORT (evoC-Bap1-ctrl-M_CG) | 8 of 8, cached: 8 ✔
[ab/4b9b86] epi…voC_Bap1_run-long_ctrl-CG) | 1 of 1, cached: 1 ✔
[0e/f525a2] summary:DQSPY (evoC_Bap1_run)  | 1 of 1, cached: 1 ✔
Plus 3 more processes waiting for tasks…

executor >  slurm (46)
[59/0f64df] res…W (evoC-Bap1-ctrl-M, L000) | 8 of 8, cached: 8 ✔
[94/d508a3] res…evoC-Bap1-ctrl-F-B2, L004) | 8 of 8, cached: 8 ✔
[-        ] resolve_align:FASTQC_RESOLVED  -
[b1/5265d3] res…2 (evoC-Bap1-ctrl-M, L000) | 8 of 8, cached: 8 ✔
[-        ] res…align:SAMTOOLS_MERGE_LANES -
[-        ] resolve_align:PRESEQ           -
[35/14a656] bam…:BAMLET (evoC-Bap1-ctrl-M) | 8 of 8, cached: 8 ✔
[e7/93c471] bam…P_BAMQC (evoC-Bap1-ctrl-M) | 8 of 8, cached: 8 ✔
[d7/91957f] bam…SS_BIAS (evoC-Bap1-ctrl-M) | 8 of 8, cached: 8 ✔
[-        ] bam…:DEEPTOOLS_PLOTFINGERPRINT -
[a0/ae2497] bam…_GCBIAS (evoC-Bap1-ctrl-M) | 8 of 8, cached: 8 ✔
[54/59c035] bam…CCURACY (evoC-Bap1-ctrl-M) | 8 of 8, cached: 8 ✔
[6d/56ee13] var…_CALLER (evoC-Bap1-ctrl-M) | 8 of 8, cached: 8 ✔
[ab/68d0ab] var…NTERVALS (GRCm38_filtered) | 1 of 1, cached: 1 ✔
[f9/a9bcd2] var…DB_IMPORT (Interval: 0016) | 18 of 20
[0a/606319] var…YPE_GVCFS (Interval: 0016) | 7 of 18
[-        ] var…t_calling:MERGE_JOINT_VCFS -
[-        ] variant_calling:ASM            -
[-        ] var…_calling:MERGE_ASM_OUTPUTS -
[6c/0aef18] var…MUTECT2 (evoC-Bap1-ctrl-M) | 8 of 8, cached: 8 ✔
[03/7274d8] mbi…C-Bap1-ctrl-M-CHH-5-prime) | 24 of 24, cached: 24 ✔
[6a/f83b58] epi…ARR (evoC-Bap1-ctrl-M-CHG) | 24 of 24, cached: 24 ✔
[05/609dcc] epi…PORT (evoC-Bap1-ctrl-M_CG) | 16 of 24, cached: 16
[a3/ccd062] epi… (evoC_Bap1_run-genome-CG) | 3 of 3, cached: 3 ✔
[ba/0f088f] epi…ZARR (evoC-Bap1-ctrl-M-CG) | 8 of 8, cached: 8 ✔
[ef/2c82cf] epi…PORT (evoC-Bap1-ctrl-M_CG) | 8 of 8, cached: 8 ✔
[34/bb4ccb] epi…ZARR (evoC-Bap1-ctrl-M-CG) | 8 of 8, cached: 8 ✔
[cd/0be07a] epi…PORT (evoC-Bap1-ctrl-M_CG) | 8 of 8, cached: 8 ✔
[ab/4b9b86] epi…voC_Bap1_run-long_ctrl-CG) | 1 of 1, cached: 1 ✔
[0e/f525a2] summary:DQSPY (evoC_Bap1_run)  | 1 of 1, cached: 1 ✔
Plus 3 more processes waiting for tasks…

executor >  slurm (46)
[59/0f64df] res…W (evoC-Bap1-ctrl-M, L000) | 8 of 8, cached: 8 ✔
[94/d508a3] res…evoC-Bap1-ctrl-F-B2, L004) | 8 of 8, cached: 8 ✔
[-        ] resolve_align:FASTQC_RESOLVED  -
[b1/5265d3] res…2 (evoC-Bap1-ctrl-M, L000) | 8 of 8, cached: 8 ✔
[-        ] res…align:SAMTOOLS_MERGE_LANES -
[-        ] resolve_align:PRESEQ           -
[35/14a656] bam…:BAMLET (evoC-Bap1-ctrl-M) | 8 of 8, cached: 8 ✔
[e7/93c471] bam…P_BAMQC (evoC-Bap1-ctrl-M) | 8 of 8, cached: 8 ✔
[d7/91957f] bam…SS_BIAS (evoC-Bap1-ctrl-M) | 8 of 8, cached: 8 ✔
[-        ] bam…:DEEPTOOLS_PLOTFINGERPRINT -
[a0/ae2497] bam…_GCBIAS (evoC-Bap1-ctrl-M) | 8 of 8, cached: 8 ✔
[54/59c035] bam…CCURACY (evoC-Bap1-ctrl-M) | 8 of 8, cached: 8 ✔
[6d/56ee13] var…_CALLER (evoC-Bap1-ctrl-M) | 8 of 8, cached: 8 ✔
[ab/68d0ab] var…NTERVALS (GRCm38_filtered) | 1 of 1, cached: 1 ✔
[f9/a9bcd2] var…DB_IMPORT (Interval: 0016) | 18 of 20
[0a/606319] var…YPE_GVCFS (Interval: 0016) | 7 of 18
[-        ] var…t_calling:MERGE_JOINT_VCFS -
[-        ] variant_calling:ASM            -
[-        ] var…_calling:MERGE_ASM_OUTPUTS -
[6c/0aef18] var…MUTECT2 (evoC-Bap1-ctrl-M) | 8 of 8, cached: 8 ✔
[03/7274d8] mbi…C-Bap1-ctrl-M-CHH-5-prime) | 24 of 24, cached: 24 ✔
[6a/f83b58] epi…ARR (evoC-Bap1-ctrl-M-CHG) | 24 of 24, cached: 24 ✔
[05/609dcc] epi…PORT (evoC-Bap1-ctrl-M_CG) | 16 of 24, cached: 16
[a3/ccd062] epi… (evoC_Bap1_run-genome-CG) | 3 of 3, cached: 3 ✔
[ba/0f088f] epi…ZARR (evoC-Bap1-ctrl-M-CG) | 8 of 8, cached: 8 ✔
[ef/2c82cf] epi…PORT (evoC-Bap1-ctrl-M_CG) | 8 of 8, cached: 8 ✔
[34/bb4ccb] epi…ZARR (evoC-Bap1-ctrl-M-CG) | 8 of 8, cached: 8 ✔
[cd/0be07a] epi…PORT (evoC-Bap1-ctrl-M_CG) | 8 of 8, cached: 8 ✔
[ab/4b9b86] epi…voC_Bap1_run-long_ctrl-CG) | 1 of 1, cached: 1 ✔
[0e/f525a2] summary:DQSPY (evoC_Bap1_run)  | 1 of 1, cached: 1 ✔
Plus 3 more processes waiting for tasks…

executor >  slurm (46)
[59/0f64df] res…W (evoC-Bap1-ctrl-M, L000) | 8 of 8, cached: 8 ✔
[94/d508a3] res…evoC-Bap1-ctrl-F-B2, L004) | 8 of 8, cached: 8 ✔
[-        ] resolve_align:FASTQC_RESOLVED  -
[b1/5265d3] res…2 (evoC-Bap1-ctrl-M, L000) | 8 of 8, cached: 8 ✔
[-        ] res…align:SAMTOOLS_MERGE_LANES -
[-        ] resolve_align:PRESEQ           -
[35/14a656] bam…:BAMLET (evoC-Bap1-ctrl-M) | 8 of 8, cached: 8 ✔
[e7/93c471] bam…P_BAMQC (evoC-Bap1-ctrl-M) | 8 of 8, cached: 8 ✔
[d7/91957f] bam…SS_BIAS (evoC-Bap1-ctrl-M) | 8 of 8, cached: 8 ✔
[-        ] bam…:DEEPTOOLS_PLOTFINGERPRINT -
[a0/ae2497] bam…_GCBIAS (evoC-Bap1-ctrl-M) | 8 of 8, cached: 8 ✔
[54/59c035] bam…CCURACY (evoC-Bap1-ctrl-M) | 8 of 8, cached: 8 ✔
[6d/56ee13] var…_CALLER (evoC-Bap1-ctrl-M) | 8 of 8, cached: 8 ✔
[ab/68d0ab] var…NTERVALS (GRCm38_filtered) | 1 of 1, cached: 1 ✔
[f9/a9bcd2] var…DB_IMPORT (Interval: 0016) | 18 of 20
[e1/d1324d] var…YPE_GVCFS (Interval: 0008) | 8 of 18
[-        ] var…t_calling:MERGE_JOINT_VCFS -
[-        ] variant_calling:ASM            -
[-        ] var…_calling:MERGE_ASM_OUTPUTS -
[6c/0aef18] var…MUTECT2 (evoC-Bap1-ctrl-M) | 8 of 8, cached: 8 ✔
[03/7274d8] mbi…C-Bap1-ctrl-M-CHH-5-prime) | 24 of 24, cached: 24 ✔
[6a/f83b58] epi…ARR (evoC-Bap1-ctrl-M-CHG) | 24 of 24, cached: 24 ✔
[05/609dcc] epi…PORT (evoC-Bap1-ctrl-M_CG) | 16 of 24, cached: 16
[a3/ccd062] epi… (evoC_Bap1_run-genome-CG) | 3 of 3, cached: 3 ✔
[ba/0f088f] epi…ZARR (evoC-Bap1-ctrl-M-CG) | 8 of 8, cached: 8 ✔
[ef/2c82cf] epi…PORT (evoC-Bap1-ctrl-M_CG) | 8 of 8, cached: 8 ✔
[34/bb4ccb] epi…ZARR (evoC-Bap1-ctrl-M-CG) | 8 of 8, cached: 8 ✔
[cd/0be07a] epi…PORT (evoC-Bap1-ctrl-M_CG) | 8 of 8, cached: 8 ✔
[ab/4b9b86] epi…voC_Bap1_run-long_ctrl-CG) | 1 of 1, cached: 1 ✔
[0e/f525a2] summary:DQSPY (evoC_Bap1_run)  | 1 of 1, cached: 1 ✔
Plus 3 more processes waiting for tasks…

executor >  slurm (46)
[59/0f64df] res…W (evoC-Bap1-ctrl-M, L000) | 8 of 8, cached: 8 ✔
[94/d508a3] res…evoC-Bap1-ctrl-F-B2, L004) | 8 of 8, cached: 8 ✔
[-        ] resolve_align:FASTQC_RESOLVED  -
[b1/5265d3] res…2 (evoC-Bap1-ctrl-M, L000) | 8 of 8, cached: 8 ✔
[-        ] res…align:SAMTOOLS_MERGE_LANES -
[-        ] resolve_align:PRESEQ           -
[35/14a656] bam…:BAMLET (evoC-Bap1-ctrl-M) | 8 of 8, cached: 8 ✔
[e7/93c471] bam…P_BAMQC (evoC-Bap1-ctrl-M) | 8 of 8, cached: 8 ✔
[d7/91957f] bam…SS_BIAS (evoC-Bap1-ctrl-M) | 8 of 8, cached: 8 ✔
[-        ] bam…:DEEPTOOLS_PLOTFINGERPRINT -
[a0/ae2497] bam…_GCBIAS (evoC-Bap1-ctrl-M) | 8 of 8, cached: 8 ✔
[54/59c035] bam…CCURACY (evoC-Bap1-ctrl-M) | 8 of 8, cached: 8 ✔
[6d/56ee13] var…_CALLER (evoC-Bap1-ctrl-M) | 8 of 8, cached: 8 ✔
[ab/68d0ab] var…NTERVALS (GRCm38_filtered) | 1 of 1, cached: 1 ✔
[f9/a9bcd2] var…DB_IMPORT (Interval: 0016) | 18 of 20
[4d/090462] var…YPE_GVCFS (Interval: 0011) | 9 of 18
[-        ] var…t_calling:MERGE_JOINT_VCFS -
[-        ] variant_calling:ASM            -
[-        ] var…_calling:MERGE_ASM_OUTPUTS -
[6c/0aef18] var…MUTECT2 (evoC-Bap1-ctrl-M) | 8 of 8, cached: 8 ✔
[03/7274d8] mbi…C-Bap1-ctrl-M-CHH-5-prime) | 24 of 24, cached: 24 ✔
[6a/f83b58] epi…ARR (evoC-Bap1-ctrl-M-CHG) | 24 of 24, cached: 24 ✔
[05/609dcc] epi…PORT (evoC-Bap1-ctrl-M_CG) | 16 of 24, cached: 16
[a3/ccd062] epi… (evoC_Bap1_run-genome-CG) | 3 of 3, cached: 3 ✔
[ba/0f088f] epi…ZARR (evoC-Bap1-ctrl-M-CG) | 8 of 8, cached: 8 ✔
[ef/2c82cf] epi…PORT (evoC-Bap1-ctrl-M_CG) | 8 of 8, cached: 8 ✔
[34/bb4ccb] epi…ZARR (evoC-Bap1-ctrl-M-CG) | 8 of 8, cached: 8 ✔
[cd/0be07a] epi…PORT (evoC-Bap1-ctrl-M_CG) | 8 of 8, cached: 8 ✔
[ab/4b9b86] epi…voC_Bap1_run-long_ctrl-CG) | 1 of 1, cached: 1 ✔
[0e/f525a2] summary:DQSPY (evoC_Bap1_run)  | 1 of 1, cached: 1 ✔
Plus 3 more processes waiting for tasks…

executor >  slurm (46)
[59/0f64df] res…W (evoC-Bap1-ctrl-M, L000) | 8 of 8, cached: 8 ✔
[94/d508a3] res…evoC-Bap1-ctrl-F-B2, L004) | 8 of 8, cached: 8 ✔
[-        ] resolve_align:FASTQC_RESOLVED  -
[b1/5265d3] res…2 (evoC-Bap1-ctrl-M, L000) | 8 of 8, cached: 8 ✔
[-        ] res…align:SAMTOOLS_MERGE_LANES -
[-        ] resolve_align:PRESEQ           -
[35/14a656] bam…:BAMLET (evoC-Bap1-ctrl-M) | 8 of 8, cached: 8 ✔
[e7/93c471] bam…P_BAMQC (evoC-Bap1-ctrl-M) | 8 of 8, cached: 8 ✔
[d7/91957f] bam…SS_BIAS (evoC-Bap1-ctrl-M) | 8 of 8, cached: 8 ✔
[-        ] bam…:DEEPTOOLS_PLOTFINGERPRINT -
[a0/ae2497] bam…_GCBIAS (evoC-Bap1-ctrl-M) | 8 of 8, cached: 8 ✔
[54/59c035] bam…CCURACY (evoC-Bap1-ctrl-M) | 8 of 8, cached: 8 ✔
[6d/56ee13] var…_CALLER (evoC-Bap1-ctrl-M) | 8 of 8, cached: 8 ✔
[ab/68d0ab] var…NTERVALS (GRCm38_filtered) | 1 of 1, cached: 1 ✔
[e5/a3c3ef] var…DB_IMPORT (Interval: 0009) | 19 of 20
[4d/090462] var…YPE_GVCFS (Interval: 0011) | 9 of 19
[-        ] var…t_calling:MERGE_JOINT_VCFS -
[-        ] variant_calling:ASM            -
[-        ] var…_calling:MERGE_ASM_OUTPUTS -
[6c/0aef18] var…MUTECT2 (evoC-Bap1-ctrl-M) | 8 of 8, cached: 8 ✔
[03/7274d8] mbi…C-Bap1-ctrl-M-CHH-5-prime) | 24 of 24, cached: 24 ✔
[6a/f83b58] epi…ARR (evoC-Bap1-ctrl-M-CHG) | 24 of 24, cached: 24 ✔
[05/609dcc] epi…PORT (evoC-Bap1-ctrl-M_CG) | 16 of 24, cached: 16
[a3/ccd062] epi… (evoC_Bap1_run-genome-CG) | 3 of 3, cached: 3 ✔
[ba/0f088f] epi…ZARR (evoC-Bap1-ctrl-M-CG) | 8 of 8, cached: 8 ✔
[ef/2c82cf] epi…PORT (evoC-Bap1-ctrl-M_CG) | 8 of 8, cached: 8 ✔
[34/bb4ccb] epi…ZARR (evoC-Bap1-ctrl-M-CG) | 8 of 8, cached: 8 ✔
[cd/0be07a] epi…PORT (evoC-Bap1-ctrl-M_CG) | 8 of 8, cached: 8 ✔
[ab/4b9b86] epi…voC_Bap1_run-long_ctrl-CG) | 1 of 1, cached: 1 ✔
[0e/f525a2] summary:DQSPY (evoC_Bap1_run)  | 1 of 1, cached: 1 ✔
Plus 3 more processes waiting for tasks…

executor >  slurm (47)
[59/0f64df] res…W (evoC-Bap1-ctrl-M, L000) | 8 of 8, cached: 8 ✔
[94/d508a3] res…evoC-Bap1-ctrl-F-B2, L004) | 8 of 8, cached: 8 ✔
[-        ] resolve_align:FASTQC_RESOLVED  -
[b1/5265d3] res…2 (evoC-Bap1-ctrl-M, L000) | 8 of 8, cached: 8 ✔
[-        ] res…align:SAMTOOLS_MERGE_LANES -
[-        ] resolve_align:PRESEQ           -
[35/14a656] bam…:BAMLET (evoC-Bap1-ctrl-M) | 8 of 8, cached: 8 ✔
[e7/93c471] bam…P_BAMQC (evoC-Bap1-ctrl-M) | 8 of 8, cached: 8 ✔
[d7/91957f] bam…SS_BIAS (evoC-Bap1-ctrl-M) | 8 of 8, cached: 8 ✔
[-        ] bam…:DEEPTOOLS_PLOTFINGERPRINT -
[a0/ae2497] bam…_GCBIAS (evoC-Bap1-ctrl-M) | 8 of 8, cached: 8 ✔
[54/59c035] bam…CCURACY (evoC-Bap1-ctrl-M) | 8 of 8, cached: 8 ✔
[6d/56ee13] var…_CALLER (evoC-Bap1-ctrl-M) | 8 of 8, cached: 8 ✔
[ab/68d0ab] var…NTERVALS (GRCm38_filtered) | 1 of 1, cached: 1 ✔
[e5/a3c3ef] var…DB_IMPORT (Interval: 0009) | 19 of 20
[85/74f24d] var…YPE_GVCFS (Interval: 0009) | 9 of 19
[-        ] var…t_calling:MERGE_JOINT_VCFS -
[-        ] variant_calling:ASM            -
[-        ] var…_calling:MERGE_ASM_OUTPUTS -
[6c/0aef18] var…MUTECT2 (evoC-Bap1-ctrl-M) | 8 of 8, cached: 8 ✔
[03/7274d8] mbi…C-Bap1-ctrl-M-CHH-5-prime) | 24 of 24, cached: 24 ✔
[6a/f83b58] epi…ARR (evoC-Bap1-ctrl-M-CHG) | 24 of 24, cached: 24 ✔
[05/609dcc] epi…PORT (evoC-Bap1-ctrl-M_CG) | 16 of 24, cached: 16
[a3/ccd062] epi… (evoC_Bap1_run-genome-CG) | 3 of 3, cached: 3 ✔
[ba/0f088f] epi…ZARR (evoC-Bap1-ctrl-M-CG) | 8 of 8, cached: 8 ✔
[ef/2c82cf] epi…PORT (evoC-Bap1-ctrl-M_CG) | 8 of 8, cached: 8 ✔
[34/bb4ccb] epi…ZARR (evoC-Bap1-ctrl-M-CG) | 8 of 8, cached: 8 ✔
[cd/0be07a] epi…PORT (evoC-Bap1-ctrl-M_CG) | 8 of 8, cached: 8 ✔
[ab/4b9b86] epi…voC_Bap1_run-long_ctrl-CG) | 1 of 1, cached: 1 ✔
[0e/f525a2] summary:DQSPY (evoC_Bap1_run)  | 1 of 1, cached: 1 ✔
Plus 3 more processes waiting for tasks…

executor >  slurm (47)
[59/0f64df] res…W (evoC-Bap1-ctrl-M, L000) | 8 of 8, cached: 8 ✔
[94/d508a3] res…evoC-Bap1-ctrl-F-B2, L004) | 8 of 8, cached: 8 ✔
[-        ] resolve_align:FASTQC_RESOLVED  -
[b1/5265d3] res…2 (evoC-Bap1-ctrl-M, L000) | 8 of 8, cached: 8 ✔
[-        ] res…align:SAMTOOLS_MERGE_LANES -
[-        ] resolve_align:PRESEQ           -
[35/14a656] bam…:BAMLET (evoC-Bap1-ctrl-M) | 8 of 8, cached: 8 ✔
[e7/93c471] bam…P_BAMQC (evoC-Bap1-ctrl-M) | 8 of 8, cached: 8 ✔
[d7/91957f] bam…SS_BIAS (evoC-Bap1-ctrl-M) | 8 of 8, cached: 8 ✔
[-        ] bam…:DEEPTOOLS_PLOTFINGERPRINT -
[a0/ae2497] bam…_GCBIAS (evoC-Bap1-ctrl-M) | 8 of 8, cached: 8 ✔
[54/59c035] bam…CCURACY (evoC-Bap1-ctrl-M) | 8 of 8, cached: 8 ✔
[6d/56ee13] var…_CALLER (evoC-Bap1-ctrl-M) | 8 of 8, cached: 8 ✔
[ab/68d0ab] var…NTERVALS (GRCm38_filtered) | 1 of 1, cached: 1 ✔
[e5/a3c3ef] var…DB_IMPORT (Interval: 0009) | 19 of 20
[a2/36ad01] var…YPE_GVCFS (Interval: 0017) | 10 of 19
[-        ] var…t_calling:MERGE_JOINT_VCFS -
[-        ] variant_calling:ASM            -
[-        ] var…_calling:MERGE_ASM_OUTPUTS -
[6c/0aef18] var…MUTECT2 (evoC-Bap1-ctrl-M) | 8 of 8, cached: 8 ✔
[03/7274d8] mbi…C-Bap1-ctrl-M-CHH-5-prime) | 24 of 24, cached: 24 ✔
[6a/f83b58] epi…ARR (evoC-Bap1-ctrl-M-CHG) | 24 of 24, cached: 24 ✔
[05/609dcc] epi…PORT (evoC-Bap1-ctrl-M_CG) | 16 of 24, cached: 16
[a3/ccd062] epi… (evoC_Bap1_run-genome-CG) | 3 of 3, cached: 3 ✔
[ba/0f088f] epi…ZARR (evoC-Bap1-ctrl-M-CG) | 8 of 8, cached: 8 ✔
[ef/2c82cf] epi…PORT (evoC-Bap1-ctrl-M_CG) | 8 of 8, cached: 8 ✔
[34/bb4ccb] epi…ZARR (evoC-Bap1-ctrl-M-CG) | 8 of 8, cached: 8 ✔
[cd/0be07a] epi…PORT (evoC-Bap1-ctrl-M_CG) | 8 of 8, cached: 8 ✔
[ab/4b9b86] epi…voC_Bap1_run-long_ctrl-CG) | 1 of 1, cached: 1 ✔
[0e/f525a2] summary:DQSPY (evoC_Bap1_run)  | 1 of 1, cached: 1 ✔
Plus 3 more processes waiting for tasks…

executor >  slurm (47)
[59/0f64df] res…W (evoC-Bap1-ctrl-M, L000) | 8 of 8, cached: 8 ✔
[94/d508a3] res…evoC-Bap1-ctrl-F-B2, L004) | 8 of 8, cached: 8 ✔
[-        ] resolve_align:FASTQC_RESOLVED  -
[b1/5265d3] res…2 (evoC-Bap1-ctrl-M, L000) | 8 of 8, cached: 8 ✔
[-        ] res…align:SAMTOOLS_MERGE_LANES -
[-        ] resolve_align:PRESEQ           -
[35/14a656] bam…:BAMLET (evoC-Bap1-ctrl-M) | 8 of 8, cached: 8 ✔
[e7/93c471] bam…P_BAMQC (evoC-Bap1-ctrl-M) | 8 of 8, cached: 8 ✔
[d7/91957f] bam…SS_BIAS (evoC-Bap1-ctrl-M) | 8 of 8, cached: 8 ✔
[-        ] bam…:DEEPTOOLS_PLOTFINGERPRINT -
[a0/ae2497] bam…_GCBIAS (evoC-Bap1-ctrl-M) | 8 of 8, cached: 8 ✔
[54/59c035] bam…CCURACY (evoC-Bap1-ctrl-M) | 8 of 8, cached: 8 ✔
[6d/56ee13] var…_CALLER (evoC-Bap1-ctrl-M) | 8 of 8, cached: 8 ✔
[ab/68d0ab] var…NTERVALS (GRCm38_filtered) | 1 of 1, cached: 1 ✔
[e5/a3c3ef] var…DB_IMPORT (Interval: 0009) | 19 of 20
[c1/2b7662] var…YPE_GVCFS (Interval: 0003) | 11 of 19
[-        ] var…t_calling:MERGE_JOINT_VCFS -
[-        ] variant_calling:ASM            -
[-        ] var…_calling:MERGE_ASM_OUTPUTS -
[6c/0aef18] var…MUTECT2 (evoC-Bap1-ctrl-M) | 8 of 8, cached: 8 ✔
[03/7274d8] mbi…C-Bap1-ctrl-M-CHH-5-prime) | 24 of 24, cached: 24 ✔
[6a/f83b58] epi…ARR (evoC-Bap1-ctrl-M-CHG) | 24 of 24, cached: 24 ✔
[05/609dcc] epi…PORT (evoC-Bap1-ctrl-M_CG) | 16 of 24, cached: 16
[a3/ccd062] epi… (evoC_Bap1_run-genome-CG) | 3 of 3, cached: 3 ✔
[ba/0f088f] epi…ZARR (evoC-Bap1-ctrl-M-CG) | 8 of 8, cached: 8 ✔
[ef/2c82cf] epi…PORT (evoC-Bap1-ctrl-M_CG) | 8 of 8, cached: 8 ✔
[34/bb4ccb] epi…ZARR (evoC-Bap1-ctrl-M-CG) | 8 of 8, cached: 8 ✔
[cd/0be07a] epi…PORT (evoC-Bap1-ctrl-M_CG) | 8 of 8, cached: 8 ✔
[ab/4b9b86] epi…voC_Bap1_run-long_ctrl-CG) | 1 of 1, cached: 1 ✔
[0e/f525a2] summary:DQSPY (evoC_Bap1_run)  | 1 of 1, cached: 1 ✔
Plus 3 more processes waiting for tasks…

executor >  slurm (47)
[59/0f64df] res…W (evoC-Bap1-ctrl-M, L000) | 8 of 8, cached: 8 ✔
[94/d508a3] res…evoC-Bap1-ctrl-F-B2, L004) | 8 of 8, cached: 8 ✔
[-        ] resolve_align:FASTQC_RESOLVED  -
[b1/5265d3] res…2 (evoC-Bap1-ctrl-M, L000) | 8 of 8, cached: 8 ✔
[-        ] res…align:SAMTOOLS_MERGE_LANES -
[-        ] resolve_align:PRESEQ           -
[35/14a656] bam…:BAMLET (evoC-Bap1-ctrl-M) | 8 of 8, cached: 8 ✔
[e7/93c471] bam…P_BAMQC (evoC-Bap1-ctrl-M) | 8 of 8, cached: 8 ✔
[d7/91957f] bam…SS_BIAS (evoC-Bap1-ctrl-M) | 8 of 8, cached: 8 ✔
[-        ] bam…:DEEPTOOLS_PLOTFINGERPRINT -
[a0/ae2497] bam…_GCBIAS (evoC-Bap1-ctrl-M) | 8 of 8, cached: 8 ✔
[54/59c035] bam…CCURACY (evoC-Bap1-ctrl-M) | 8 of 8, cached: 8 ✔
[6d/56ee13] var…_CALLER (evoC-Bap1-ctrl-M) | 8 of 8, cached: 8 ✔
[ab/68d0ab] var…NTERVALS (GRCm38_filtered) | 1 of 1, cached: 1 ✔
[e5/a3c3ef] var…DB_IMPORT (Interval: 0009) | 19 of 20
[dc/03bda1] var…YPE_GVCFS (Interval: 0001) | 12 of 19
[-        ] var…t_calling:MERGE_JOINT_VCFS -
[-        ] variant_calling:ASM            -
[-        ] var…_calling:MERGE_ASM_OUTPUTS -
[6c/0aef18] var…MUTECT2 (evoC-Bap1-ctrl-M) | 8 of 8, cached: 8 ✔
[03/7274d8] mbi…C-Bap1-ctrl-M-CHH-5-prime) | 24 of 24, cached: 24 ✔
[6a/f83b58] epi…ARR (evoC-Bap1-ctrl-M-CHG) | 24 of 24, cached: 24 ✔
[05/609dcc] epi…PORT (evoC-Bap1-ctrl-M_CG) | 16 of 24, cached: 16
[a3/ccd062] epi… (evoC_Bap1_run-genome-CG) | 3 of 3, cached: 3 ✔
[ba/0f088f] epi…ZARR (evoC-Bap1-ctrl-M-CG) | 8 of 8, cached: 8 ✔
[ef/2c82cf] epi…PORT (evoC-Bap1-ctrl-M_CG) | 8 of 8, cached: 8 ✔
[34/bb4ccb] epi…ZARR (evoC-Bap1-ctrl-M-CG) | 8 of 8, cached: 8 ✔
[cd/0be07a] epi…PORT (evoC-Bap1-ctrl-M_CG) | 8 of 8, cached: 8 ✔
[ab/4b9b86] epi…voC_Bap1_run-long_ctrl-CG) | 1 of 1, cached: 1 ✔
[0e/f525a2] summary:DQSPY (evoC_Bap1_run)  | 1 of 1, cached: 1 ✔
Plus 3 more processes waiting for tasks…

executor >  slurm (47)
[59/0f64df] res…W (evoC-Bap1-ctrl-M, L000) | 8 of 8, cached: 8 ✔
[94/d508a3] res…evoC-Bap1-ctrl-F-B2, L004) | 8 of 8, cached: 8 ✔
[-        ] resolve_align:FASTQC_RESOLVED  -
[b1/5265d3] res…2 (evoC-Bap1-ctrl-M, L000) | 8 of 8, cached: 8 ✔
[-        ] res…align:SAMTOOLS_MERGE_LANES -
[-        ] resolve_align:PRESEQ           -
[35/14a656] bam…:BAMLET (evoC-Bap1-ctrl-M) | 8 of 8, cached: 8 ✔
[e7/93c471] bam…P_BAMQC (evoC-Bap1-ctrl-M) | 8 of 8, cached: 8 ✔
[d7/91957f] bam…SS_BIAS (evoC-Bap1-ctrl-M) | 8 of 8, cached: 8 ✔
[-        ] bam…:DEEPTOOLS_PLOTFINGERPRINT -
[a0/ae2497] bam…_GCBIAS (evoC-Bap1-ctrl-M) | 8 of 8, cached: 8 ✔
[54/59c035] bam…CCURACY (evoC-Bap1-ctrl-M) | 8 of 8, cached: 8 ✔
[6d/56ee13] var…_CALLER (evoC-Bap1-ctrl-M) | 8 of 8, cached: 8 ✔
[ab/68d0ab] var…NTERVALS (GRCm38_filtered) | 1 of 1, cached: 1 ✔
[e5/a3c3ef] var…DB_IMPORT (Interval: 0009) | 19 of 20
[cf/ea760f] var…YPE_GVCFS (Interval: 0004) | 13 of 19
[-        ] var…t_calling:MERGE_JOINT_VCFS -
[-        ] variant_calling:ASM            -
[-        ] var…_calling:MERGE_ASM_OUTPUTS -
[6c/0aef18] var…MUTECT2 (evoC-Bap1-ctrl-M) | 8 of 8, cached: 8 ✔
[03/7274d8] mbi…C-Bap1-ctrl-M-CHH-5-prime) | 24 of 24, cached: 24 ✔
[6a/f83b58] epi…ARR (evoC-Bap1-ctrl-M-CHG) | 24 of 24, cached: 24 ✔
[05/609dcc] epi…PORT (evoC-Bap1-ctrl-M_CG) | 16 of 24, cached: 16
[a3/ccd062] epi… (evoC_Bap1_run-genome-CG) | 3 of 3, cached: 3 ✔
[ba/0f088f] epi…ZARR (evoC-Bap1-ctrl-M-CG) | 8 of 8, cached: 8 ✔
[ef/2c82cf] epi…PORT (evoC-Bap1-ctrl-M_CG) | 8 of 8, cached: 8 ✔
[34/bb4ccb] epi…ZARR (evoC-Bap1-ctrl-M-CG) | 8 of 8, cached: 8 ✔
[cd/0be07a] epi…PORT (evoC-Bap1-ctrl-M_CG) | 8 of 8, cached: 8 ✔
[ab/4b9b86] epi…voC_Bap1_run-long_ctrl-CG) | 1 of 1, cached: 1 ✔
[0e/f525a2] summary:DQSPY (evoC_Bap1_run)  | 1 of 1, cached: 1 ✔
Plus 3 more processes waiting for tasks…

executor >  slurm (47)
[59/0f64df] res…W (evoC-Bap1-ctrl-M, L000) | 8 of 8, cached: 8 ✔
[94/d508a3] res…evoC-Bap1-ctrl-F-B2, L004) | 8 of 8, cached: 8 ✔
[-        ] resolve_align:FASTQC_RESOLVED  -
[b1/5265d3] res…2 (evoC-Bap1-ctrl-M, L000) | 8 of 8, cached: 8 ✔
[-        ] res…align:SAMTOOLS_MERGE_LANES -
[-        ] resolve_align:PRESEQ           -
[35/14a656] bam…:BAMLET (evoC-Bap1-ctrl-M) | 8 of 8, cached: 8 ✔
[e7/93c471] bam…P_BAMQC (evoC-Bap1-ctrl-M) | 8 of 8, cached: 8 ✔
[d7/91957f] bam…SS_BIAS (evoC-Bap1-ctrl-M) | 8 of 8, cached: 8 ✔
[-        ] bam…:DEEPTOOLS_PLOTFINGERPRINT -
[a0/ae2497] bam…_GCBIAS (evoC-Bap1-ctrl-M) | 8 of 8, cached: 8 ✔
[54/59c035] bam…CCURACY (evoC-Bap1-ctrl-M) | 8 of 8, cached: 8 ✔
[6d/56ee13] var…_CALLER (evoC-Bap1-ctrl-M) | 8 of 8, cached: 8 ✔
[ab/68d0ab] var…NTERVALS (GRCm38_filtered) | 1 of 1, cached: 1 ✔
[e5/a3c3ef] var…DB_IMPORT (Interval: 0009) | 19 of 20
[7b/f9bd0a] var…YPE_GVCFS (Interval: 0014) | 14 of 19
[-        ] var…t_calling:MERGE_JOINT_VCFS -
[-        ] variant_calling:ASM            -
[-        ] var…_calling:MERGE_ASM_OUTPUTS -
[6c/0aef18] var…MUTECT2 (evoC-Bap1-ctrl-M) | 8 of 8, cached: 8 ✔
[03/7274d8] mbi…C-Bap1-ctrl-M-CHH-5-prime) | 24 of 24, cached: 24 ✔
[6a/f83b58] epi…ARR (evoC-Bap1-ctrl-M-CHG) | 24 of 24, cached: 24 ✔
[05/609dcc] epi…PORT (evoC-Bap1-ctrl-M_CG) | 16 of 24, cached: 16
[a3/ccd062] epi… (evoC_Bap1_run-genome-CG) | 3 of 3, cached: 3 ✔
[ba/0f088f] epi…ZARR (evoC-Bap1-ctrl-M-CG) | 8 of 8, cached: 8 ✔
[ef/2c82cf] epi…PORT (evoC-Bap1-ctrl-M_CG) | 8 of 8, cached: 8 ✔
[34/bb4ccb] epi…ZARR (evoC-Bap1-ctrl-M-CG) | 8 of 8, cached: 8 ✔
[cd/0be07a] epi…PORT (evoC-Bap1-ctrl-M_CG) | 8 of 8, cached: 8 ✔
[ab/4b9b86] epi…voC_Bap1_run-long_ctrl-CG) | 1 of 1, cached: 1 ✔
[0e/f525a2] summary:DQSPY (evoC_Bap1_run)  | 1 of 1, cached: 1 ✔
Plus 3 more processes waiting for tasks…

executor >  slurm (47)
[59/0f64df] res…W (evoC-Bap1-ctrl-M, L000) | 8 of 8, cached: 8 ✔
[94/d508a3] res…evoC-Bap1-ctrl-F-B2, L004) | 8 of 8, cached: 8 ✔
[-        ] resolve_align:FASTQC_RESOLVED  -
[b1/5265d3] res…2 (evoC-Bap1-ctrl-M, L000) | 8 of 8, cached: 8 ✔
[-        ] res…align:SAMTOOLS_MERGE_LANES -
[-        ] resolve_align:PRESEQ           -
[35/14a656] bam…:BAMLET (evoC-Bap1-ctrl-M) | 8 of 8, cached: 8 ✔
[e7/93c471] bam…P_BAMQC (evoC-Bap1-ctrl-M) | 8 of 8, cached: 8 ✔
[d7/91957f] bam…SS_BIAS (evoC-Bap1-ctrl-M) | 8 of 8, cached: 8 ✔
[-        ] bam…:DEEPTOOLS_PLOTFINGERPRINT -
[a0/ae2497] bam…_GCBIAS (evoC-Bap1-ctrl-M) | 8 of 8, cached: 8 ✔
[54/59c035] bam…CCURACY (evoC-Bap1-ctrl-M) | 8 of 8, cached: 8 ✔
[6d/56ee13] var…_CALLER (evoC-Bap1-ctrl-M) | 8 of 8, cached: 8 ✔
[ab/68d0ab] var…NTERVALS (GRCm38_filtered) | 1 of 1, cached: 1 ✔
[e5/a3c3ef] var…DB_IMPORT (Interval: 0009) | 19 of 20
[0a/606319] var…YPE_GVCFS (Interval: 0016) | 15 of 19
[-        ] var…t_calling:MERGE_JOINT_VCFS -
[-        ] variant_calling:ASM            -
[-        ] var…_calling:MERGE_ASM_OUTPUTS -
[6c/0aef18] var…MUTECT2 (evoC-Bap1-ctrl-M) | 8 of 8, cached: 8 ✔
[03/7274d8] mbi…C-Bap1-ctrl-M-CHH-5-prime) | 24 of 24, cached: 24 ✔
[6a/f83b58] epi…ARR (evoC-Bap1-ctrl-M-CHG) | 24 of 24, cached: 24 ✔
[05/609dcc] epi…PORT (evoC-Bap1-ctrl-M_CG) | 16 of 24, cached: 16
[a3/ccd062] epi… (evoC_Bap1_run-genome-CG) | 3 of 3, cached: 3 ✔
[ba/0f088f] epi…ZARR (evoC-Bap1-ctrl-M-CG) | 8 of 8, cached: 8 ✔
[ef/2c82cf] epi…PORT (evoC-Bap1-ctrl-M_CG) | 8 of 8, cached: 8 ✔
[34/bb4ccb] epi…ZARR (evoC-Bap1-ctrl-M-CG) | 8 of 8, cached: 8 ✔
[cd/0be07a] epi…PORT (evoC-Bap1-ctrl-M_CG) | 8 of 8, cached: 8 ✔
[ab/4b9b86] epi…voC_Bap1_run-long_ctrl-CG) | 1 of 1, cached: 1 ✔
[0e/f525a2] summary:DQSPY (evoC_Bap1_run)  | 1 of 1, cached: 1 ✔
Plus 3 more processes waiting for tasks…

executor >  slurm (47)
[59/0f64df] res…W (evoC-Bap1-ctrl-M, L000) | 8 of 8, cached: 8 ✔
[94/d508a3] res…evoC-Bap1-ctrl-F-B2, L004) | 8 of 8, cached: 8 ✔
[-        ] resolve_align:FASTQC_RESOLVED  -
[b1/5265d3] res…2 (evoC-Bap1-ctrl-M, L000) | 8 of 8, cached: 8 ✔
[-        ] res…align:SAMTOOLS_MERGE_LANES -
[-        ] resolve_align:PRESEQ           -
[35/14a656] bam…:BAMLET (evoC-Bap1-ctrl-M) | 8 of 8, cached: 8 ✔
[e7/93c471] bam…P_BAMQC (evoC-Bap1-ctrl-M) | 8 of 8, cached: 8 ✔
[d7/91957f] bam…SS_BIAS (evoC-Bap1-ctrl-M) | 8 of 8, cached: 8 ✔
[-        ] bam…:DEEPTOOLS_PLOTFINGERPRINT -
[a0/ae2497] bam…_GCBIAS (evoC-Bap1-ctrl-M) | 8 of 8, cached: 8 ✔
[54/59c035] bam…CCURACY (evoC-Bap1-ctrl-M) | 8 of 8, cached: 8 ✔
[6d/56ee13] var…_CALLER (evoC-Bap1-ctrl-M) | 8 of 8, cached: 8 ✔
[ab/68d0ab] var…NTERVALS (GRCm38_filtered) | 1 of 1, cached: 1 ✔
[e5/a3c3ef] var…DB_IMPORT (Interval: 0009) | 19 of 20
[f7/05ec9e] var…YPE_GVCFS (Interval: 0013) | 16 of 19
[-        ] var…t_calling:MERGE_JOINT_VCFS -
[-        ] variant_calling:ASM            -
[-        ] var…_calling:MERGE_ASM_OUTPUTS -
[6c/0aef18] var…MUTECT2 (evoC-Bap1-ctrl-M) | 8 of 8, cached: 8 ✔
[03/7274d8] mbi…C-Bap1-ctrl-M-CHH-5-prime) | 24 of 24, cached: 24 ✔
[6a/f83b58] epi…ARR (evoC-Bap1-ctrl-M-CHG) | 24 of 24, cached: 24 ✔
[05/609dcc] epi…PORT (evoC-Bap1-ctrl-M_CG) | 16 of 24, cached: 16
[a3/ccd062] epi… (evoC_Bap1_run-genome-CG) | 3 of 3, cached: 3 ✔
[ba/0f088f] epi…ZARR (evoC-Bap1-ctrl-M-CG) | 8 of 8, cached: 8 ✔
[ef/2c82cf] epi…PORT (evoC-Bap1-ctrl-M_CG) | 8 of 8, cached: 8 ✔
[34/bb4ccb] epi…ZARR (evoC-Bap1-ctrl-M-CG) | 8 of 8, cached: 8 ✔
[cd/0be07a] epi…PORT (evoC-Bap1-ctrl-M_CG) | 8 of 8, cached: 8 ✔
[ab/4b9b86] epi…voC_Bap1_run-long_ctrl-CG) | 1 of 1, cached: 1 ✔
[0e/f525a2] summary:DQSPY (evoC_Bap1_run)  | 1 of 1, cached: 1 ✔
Plus 3 more processes waiting for tasks…

executor >  slurm (47)
[59/0f64df] res…W (evoC-Bap1-ctrl-M, L000) | 8 of 8, cached: 8 ✔
[94/d508a3] res…evoC-Bap1-ctrl-F-B2, L004) | 8 of 8, cached: 8 ✔
[-        ] resolve_align:FASTQC_RESOLVED  -
[b1/5265d3] res…2 (evoC-Bap1-ctrl-M, L000) | 8 of 8, cached: 8 ✔
[-        ] res…align:SAMTOOLS_MERGE_LANES -
[-        ] resolve_align:PRESEQ           -
[35/14a656] bam…:BAMLET (evoC-Bap1-ctrl-M) | 8 of 8, cached: 8 ✔
[e7/93c471] bam…P_BAMQC (evoC-Bap1-ctrl-M) | 8 of 8, cached: 8 ✔
[d7/91957f] bam…SS_BIAS (evoC-Bap1-ctrl-M) | 8 of 8, cached: 8 ✔
[-        ] bam…:DEEPTOOLS_PLOTFINGERPRINT -
[a0/ae2497] bam…_GCBIAS (evoC-Bap1-ctrl-M) | 8 of 8, cached: 8 ✔
[54/59c035] bam…CCURACY (evoC-Bap1-ctrl-M) | 8 of 8, cached: 8 ✔
[6d/56ee13] var…_CALLER (evoC-Bap1-ctrl-M) | 8 of 8, cached: 8 ✔
[ab/68d0ab] var…NTERVALS (GRCm38_filtered) | 1 of 1, cached: 1 ✔
[e5/a3c3ef] var…DB_IMPORT (Interval: 0009) | 19 of 20
[a4/02cbdf] var…YPE_GVCFS (Interval: 0018) | 17 of 19
[-        ] var…t_calling:MERGE_JOINT_VCFS -
[-        ] variant_calling:ASM            -
[-        ] var…_calling:MERGE_ASM_OUTPUTS -
[6c/0aef18] var…MUTECT2 (evoC-Bap1-ctrl-M) | 8 of 8, cached: 8 ✔
[03/7274d8] mbi…C-Bap1-ctrl-M-CHH-5-prime) | 24 of 24, cached: 24 ✔
[6a/f83b58] epi…ARR (evoC-Bap1-ctrl-M-CHG) | 24 of 24, cached: 24 ✔
[05/609dcc] epi…PORT (evoC-Bap1-ctrl-M_CG) | 16 of 24, cached: 16
[a3/ccd062] epi… (evoC_Bap1_run-genome-CG) | 3 of 3, cached: 3 ✔
[ba/0f088f] epi…ZARR (evoC-Bap1-ctrl-M-CG) | 8 of 8, cached: 8 ✔
[ef/2c82cf] epi…PORT (evoC-Bap1-ctrl-M_CG) | 8 of 8, cached: 8 ✔
[34/bb4ccb] epi…ZARR (evoC-Bap1-ctrl-M-CG) | 8 of 8, cached: 8 ✔
[cd/0be07a] epi…PORT (evoC-Bap1-ctrl-M_CG) | 8 of 8, cached: 8 ✔
[ab/4b9b86] epi…voC_Bap1_run-long_ctrl-CG) | 1 of 1, cached: 1 ✔
[0e/f525a2] summary:DQSPY (evoC_Bap1_run)  | 1 of 1, cached: 1 ✔
Plus 3 more processes waiting for tasks…

executor >  slurm (47)
[59/0f64df] res…W (evoC-Bap1-ctrl-M, L000) | 8 of 8, cached: 8 ✔
[94/d508a3] res…evoC-Bap1-ctrl-F-B2, L004) | 8 of 8, cached: 8 ✔
[-        ] resolve_align:FASTQC_RESOLVED  -
[b1/5265d3] res…2 (evoC-Bap1-ctrl-M, L000) | 8 of 8, cached: 8 ✔
[-        ] res…align:SAMTOOLS_MERGE_LANES -
[-        ] resolve_align:PRESEQ           -
[35/14a656] bam…:BAMLET (evoC-Bap1-ctrl-M) | 8 of 8, cached: 8 ✔
[e7/93c471] bam…P_BAMQC (evoC-Bap1-ctrl-M) | 8 of 8, cached: 8 ✔
[d7/91957f] bam…SS_BIAS (evoC-Bap1-ctrl-M) | 8 of 8, cached: 8 ✔
[-        ] bam…:DEEPTOOLS_PLOTFINGERPRINT -
[a0/ae2497] bam…_GCBIAS (evoC-Bap1-ctrl-M) | 8 of 8, cached: 8 ✔
[54/59c035] bam…CCURACY (evoC-Bap1-ctrl-M) | 8 of 8, cached: 8 ✔
[6d/56ee13] var…_CALLER (evoC-Bap1-ctrl-M) | 8 of 8, cached: 8 ✔
[ab/68d0ab] var…NTERVALS (GRCm38_filtered) | 1 of 1, cached: 1 ✔
[9b/3fa866] var…DB_IMPORT (Interval: 0010) | 20 of 20 ✔
[a4/02cbdf] var…YPE_GVCFS (Interval: 0018) | 17 of 20
[-        ] var…t_calling:MERGE_JOINT_VCFS -
[-        ] variant_calling:ASM            -
[-        ] var…_calling:MERGE_ASM_OUTPUTS -
[6c/0aef18] var…MUTECT2 (evoC-Bap1-ctrl-M) | 8 of 8, cached: 8 ✔
[03/7274d8] mbi…C-Bap1-ctrl-M-CHH-5-prime) | 24 of 24, cached: 24 ✔
[6a/f83b58] epi…ARR (evoC-Bap1-ctrl-M-CHG) | 24 of 24, cached: 24 ✔
[05/609dcc] epi…PORT (evoC-Bap1-ctrl-M_CG) | 16 of 24, cached: 16
[a3/ccd062] epi… (evoC_Bap1_run-genome-CG) | 3 of 3, cached: 3 ✔
[ba/0f088f] epi…ZARR (evoC-Bap1-ctrl-M-CG) | 8 of 8, cached: 8 ✔
[ef/2c82cf] epi…PORT (evoC-Bap1-ctrl-M_CG) | 8 of 8, cached: 8 ✔
[34/bb4ccb] epi…ZARR (evoC-Bap1-ctrl-M-CG) | 8 of 8, cached: 8 ✔
[cd/0be07a] epi…PORT (evoC-Bap1-ctrl-M_CG) | 8 of 8, cached: 8 ✔
[ab/4b9b86] epi…voC_Bap1_run-long_ctrl-CG) | 1 of 1, cached: 1 ✔
[0e/f525a2] summary:DQSPY (evoC_Bap1_run)  | 1 of 1, cached: 1 ✔
Plus 3 more processes waiting for tasks…

executor >  slurm (48)
[59/0f64df] res…W (evoC-Bap1-ctrl-M, L000) | 8 of 8, cached: 8 ✔
[94/d508a3] res…evoC-Bap1-ctrl-F-B2, L004) | 8 of 8, cached: 8 ✔
[-        ] resolve_align:FASTQC_RESOLVED  -
[b1/5265d3] res…2 (evoC-Bap1-ctrl-M, L000) | 8 of 8, cached: 8 ✔
[-        ] res…align:SAMTOOLS_MERGE_LANES -
[-        ] resolve_align:PRESEQ           -
[35/14a656] bam…:BAMLET (evoC-Bap1-ctrl-M) | 8 of 8, cached: 8 ✔
[e7/93c471] bam…P_BAMQC (evoC-Bap1-ctrl-M) | 8 of 8, cached: 8 ✔
[d7/91957f] bam…SS_BIAS (evoC-Bap1-ctrl-M) | 8 of 8, cached: 8 ✔
[-        ] bam…:DEEPTOOLS_PLOTFINGERPRINT -
[a0/ae2497] bam…_GCBIAS (evoC-Bap1-ctrl-M) | 8 of 8, cached: 8 ✔
[54/59c035] bam…CCURACY (evoC-Bap1-ctrl-M) | 8 of 8, cached: 8 ✔
[6d/56ee13] var…_CALLER (evoC-Bap1-ctrl-M) | 8 of 8, cached: 8 ✔
[ab/68d0ab] var…NTERVALS (GRCm38_filtered) | 1 of 1, cached: 1 ✔
[9b/3fa866] var…DB_IMPORT (Interval: 0010) | 20 of 20 ✔
[3e/a6413d] var…YPE_GVCFS (Interval: 0010) | 17 of 20
[-        ] var…t_calling:MERGE_JOINT_VCFS -
[-        ] variant_calling:ASM            -
[-        ] var…_calling:MERGE_ASM_OUTPUTS -
[6c/0aef18] var…MUTECT2 (evoC-Bap1-ctrl-M) | 8 of 8, cached: 8 ✔
[03/7274d8] mbi…C-Bap1-ctrl-M-CHH-5-prime) | 24 of 24, cached: 24 ✔
[6a/f83b58] epi…ARR (evoC-Bap1-ctrl-M-CHG) | 24 of 24, cached: 24 ✔
[05/609dcc] epi…PORT (evoC-Bap1-ctrl-M_CG) | 16 of 24, cached: 16
[a3/ccd062] epi… (evoC_Bap1_run-genome-CG) | 3 of 3, cached: 3 ✔
[ba/0f088f] epi…ZARR (evoC-Bap1-ctrl-M-CG) | 8 of 8, cached: 8 ✔
[ef/2c82cf] epi…PORT (evoC-Bap1-ctrl-M_CG) | 8 of 8, cached: 8 ✔
[34/bb4ccb] epi…ZARR (evoC-Bap1-ctrl-M-CG) | 8 of 8, cached: 8 ✔
[cd/0be07a] epi…PORT (evoC-Bap1-ctrl-M_CG) | 8 of 8, cached: 8 ✔
[ab/4b9b86] epi…voC_Bap1_run-long_ctrl-CG) | 1 of 1, cached: 1 ✔
[0e/f525a2] summary:DQSPY (evoC_Bap1_run)  | 1 of 1, cached: 1 ✔
Plus 3 more processes waiting for tasks…

executor >  slurm (48)
[59/0f64df] res…W (evoC-Bap1-ctrl-M, L000) | 8 of 8, cached: 8 ✔
[94/d508a3] res…evoC-Bap1-ctrl-F-B2, L004) | 8 of 8, cached: 8 ✔
[-        ] resolve_align:FASTQC_RESOLVED  -
[b1/5265d3] res…2 (evoC-Bap1-ctrl-M, L000) | 8 of 8, cached: 8 ✔
[-        ] res…align:SAMTOOLS_MERGE_LANES -
[-        ] resolve_align:PRESEQ           -
[35/14a656] bam…:BAMLET (evoC-Bap1-ctrl-M) | 8 of 8, cached: 8 ✔
[e7/93c471] bam…P_BAMQC (evoC-Bap1-ctrl-M) | 8 of 8, cached: 8 ✔
[d7/91957f] bam…SS_BIAS (evoC-Bap1-ctrl-M) | 8 of 8, cached: 8 ✔
[-        ] bam…:DEEPTOOLS_PLOTFINGERPRINT -
[a0/ae2497] bam…_GCBIAS (evoC-Bap1-ctrl-M) | 8 of 8, cached: 8 ✔
[54/59c035] bam…CCURACY (evoC-Bap1-ctrl-M) | 8 of 8, cached: 8 ✔
[6d/56ee13] var…_CALLER (evoC-Bap1-ctrl-M) | 8 of 8, cached: 8 ✔
[ab/68d0ab] var…NTERVALS (GRCm38_filtered) | 1 of 1, cached: 1 ✔
[9b/3fa866] var…DB_IMPORT (Interval: 0010) | 20 of 20 ✔
[3e/a6413d] var…YPE_GVCFS (Interval: 0010) | 17 of 20
[-        ] var…t_calling:MERGE_JOINT_VCFS -
[-        ] variant_calling:ASM            -
[-        ] var…_calling:MERGE_ASM_OUTPUTS -
[6c/0aef18] var…MUTECT2 (evoC-Bap1-ctrl-M) | 8 of 8, cached: 8 ✔
[03/7274d8] mbi…C-Bap1-ctrl-M-CHH-5-prime) | 24 of 24, cached: 24 ✔
[6a/f83b58] epi…ARR (evoC-Bap1-ctrl-M-CHG) | 24 of 24, cached: 24 ✔
[05/609dcc] epi…PORT (evoC-Bap1-ctrl-M_CG) | 16 of 24, cached: 16
[a3/ccd062] epi… (evoC_Bap1_run-genome-CG) | 3 of 3, cached: 3 ✔
[ba/0f088f] epi…ZARR (evoC-Bap1-ctrl-M-CG) | 8 of 8, cached: 8 ✔
[ef/2c82cf] epi…PORT (evoC-Bap1-ctrl-M_CG) | 8 of 8, cached: 8 ✔
[34/bb4ccb] epi…ZARR (evoC-Bap1-ctrl-M-CG) | 8 of 8, cached: 8 ✔
[cd/0be07a] epi…PORT (evoC-Bap1-ctrl-M_CG) | 8 of 8, cached: 8 ✔
[ab/4b9b86] epi…voC_Bap1_run-long_ctrl-CG) | 1 of 1, cached: 1 ✔
[0e/f525a2] summary:DQSPY (evoC_Bap1_run)  | 1 of 1, cached: 1 ✔
Plus 3 more processes waiting for tasks…

executor >  slurm (48)
[59/0f64df] res…W (evoC-Bap1-ctrl-M, L000) | 8 of 8, cached: 8 ✔
[94/d508a3] res…evoC-Bap1-ctrl-F-B2, L004) | 8 of 8, cached: 8 ✔
[-        ] resolve_align:FASTQC_RESOLVED  -
[b1/5265d3] res…2 (evoC-Bap1-ctrl-M, L000) | 8 of 8, cached: 8 ✔
[-        ] res…align:SAMTOOLS_MERGE_LANES -
[-        ] resolve_align:PRESEQ           -
[35/14a656] bam…:BAMLET (evoC-Bap1-ctrl-M) | 8 of 8, cached: 8 ✔
[e7/93c471] bam…P_BAMQC (evoC-Bap1-ctrl-M) | 8 of 8, cached: 8 ✔
[d7/91957f] bam…SS_BIAS (evoC-Bap1-ctrl-M) | 8 of 8, cached: 8 ✔
[-        ] bam…:DEEPTOOLS_PLOTFINGERPRINT -
[a0/ae2497] bam…_GCBIAS (evoC-Bap1-ctrl-M) | 8 of 8, cached: 8 ✔
[54/59c035] bam…CCURACY (evoC-Bap1-ctrl-M) | 8 of 8, cached: 8 ✔
[6d/56ee13] var…_CALLER (evoC-Bap1-ctrl-M) | 8 of 8, cached: 8 ✔
[ab/68d0ab] var…NTERVALS (GRCm38_filtered) | 1 of 1, cached: 1 ✔
[9b/3fa866] var…DB_IMPORT (Interval: 0010) | 20 of 20 ✔
[71/a60e4b] var…YPE_GVCFS (Interval: 0006) | 18 of 20
[-        ] var…t_calling:MERGE_JOINT_VCFS -
[-        ] variant_calling:ASM            -
[-        ] var…_calling:MERGE_ASM_OUTPUTS -
[6c/0aef18] var…MUTECT2 (evoC-Bap1-ctrl-M) | 8 of 8, cached: 8 ✔
[03/7274d8] mbi…C-Bap1-ctrl-M-CHH-5-prime) | 24 of 24, cached: 24 ✔
[6a/f83b58] epi…ARR (evoC-Bap1-ctrl-M-CHG) | 24 of 24, cached: 24 ✔
[05/609dcc] epi…PORT (evoC-Bap1-ctrl-M_CG) | 16 of 24, cached: 16
[a3/ccd062] epi… (evoC_Bap1_run-genome-CG) | 3 of 3, cached: 3 ✔
[ba/0f088f] epi…ZARR (evoC-Bap1-ctrl-M-CG) | 8 of 8, cached: 8 ✔
[ef/2c82cf] epi…PORT (evoC-Bap1-ctrl-M_CG) | 8 of 8, cached: 8 ✔
[34/bb4ccb] epi…ZARR (evoC-Bap1-ctrl-M-CG) | 8 of 8, cached: 8 ✔
[cd/0be07a] epi…PORT (evoC-Bap1-ctrl-M_CG) | 8 of 8, cached: 8 ✔
[ab/4b9b86] epi…voC_Bap1_run-long_ctrl-CG) | 1 of 1, cached: 1 ✔
[0e/f525a2] summary:DQSPY (evoC_Bap1_run)  | 1 of 1, cached: 1 ✔
Plus 3 more processes waiting for tasks…

executor >  slurm (48)
[59/0f64df] res…W (evoC-Bap1-ctrl-M, L000) | 8 of 8, cached: 8 ✔
[94/d508a3] res…evoC-Bap1-ctrl-F-B2, L004) | 8 of 8, cached: 8 ✔
[-        ] resolve_align:FASTQC_RESOLVED  -
[b1/5265d3] res…2 (evoC-Bap1-ctrl-M, L000) | 8 of 8, cached: 8 ✔
[-        ] res…align:SAMTOOLS_MERGE_LANES -
[-        ] resolve_align:PRESEQ           -
[35/14a656] bam…:BAMLET (evoC-Bap1-ctrl-M) | 8 of 8, cached: 8 ✔
[e7/93c471] bam…P_BAMQC (evoC-Bap1-ctrl-M) | 8 of 8, cached: 8 ✔
[d7/91957f] bam…SS_BIAS (evoC-Bap1-ctrl-M) | 8 of 8, cached: 8 ✔
[-        ] bam…:DEEPTOOLS_PLOTFINGERPRINT -
[a0/ae2497] bam…_GCBIAS (evoC-Bap1-ctrl-M) | 8 of 8, cached: 8 ✔
[54/59c035] bam…CCURACY (evoC-Bap1-ctrl-M) | 8 of 8, cached: 8 ✔
[6d/56ee13] var…_CALLER (evoC-Bap1-ctrl-M) | 8 of 8, cached: 8 ✔
[ab/68d0ab] var…NTERVALS (GRCm38_filtered) | 1 of 1, cached: 1 ✔
[9b/3fa866] var…DB_IMPORT (Interval: 0010) | 20 of 20 ✔
[85/74f24d] var…YPE_GVCFS (Interval: 0009) | 19 of 20
[-        ] var…t_calling:MERGE_JOINT_VCFS -
[-        ] variant_calling:ASM            -
[-        ] var…_calling:MERGE_ASM_OUTPUTS -
[6c/0aef18] var…MUTECT2 (evoC-Bap1-ctrl-M) | 8 of 8, cached: 8 ✔
[03/7274d8] mbi…C-Bap1-ctrl-M-CHH-5-prime) | 24 of 24, cached: 24 ✔
[6a/f83b58] epi…ARR (evoC-Bap1-ctrl-M-CHG) | 24 of 24, cached: 24 ✔
[05/609dcc] epi…PORT (evoC-Bap1-ctrl-M_CG) | 16 of 24, cached: 16
[a3/ccd062] epi… (evoC_Bap1_run-genome-CG) | 3 of 3, cached: 3 ✔
[ba/0f088f] epi…ZARR (evoC-Bap1-ctrl-M-CG) | 8 of 8, cached: 8 ✔
[ef/2c82cf] epi…PORT (evoC-Bap1-ctrl-M_CG) | 8 of 8, cached: 8 ✔
[34/bb4ccb] epi…ZARR (evoC-Bap1-ctrl-M-CG) | 8 of 8, cached: 8 ✔
[cd/0be07a] epi…PORT (evoC-Bap1-ctrl-M_CG) | 8 of 8, cached: 8 ✔
[ab/4b9b86] epi…voC_Bap1_run-long_ctrl-CG) | 1 of 1, cached: 1 ✔
[0e/f525a2] summary:DQSPY (evoC_Bap1_run)  | 1 of 1, cached: 1 ✔
Plus 3 more processes waiting for tasks…

executor >  slurm (48)
[59/0f64df] res…W (evoC-Bap1-ctrl-M, L000) | 8 of 8, cached: 8 ✔
[94/d508a3] res…evoC-Bap1-ctrl-F-B2, L004) | 8 of 8, cached: 8 ✔
[-        ] resolve_align:FASTQC_RESOLVED  -
[b1/5265d3] res…2 (evoC-Bap1-ctrl-M, L000) | 8 of 8, cached: 8 ✔
[-        ] res…align:SAMTOOLS_MERGE_LANES -
[-        ] resolve_align:PRESEQ           -
[35/14a656] bam…:BAMLET (evoC-Bap1-ctrl-M) | 8 of 8, cached: 8 ✔
[e7/93c471] bam…P_BAMQC (evoC-Bap1-ctrl-M) | 8 of 8, cached: 8 ✔
[d7/91957f] bam…SS_BIAS (evoC-Bap1-ctrl-M) | 8 of 8, cached: 8 ✔
[-        ] bam…:DEEPTOOLS_PLOTFINGERPRINT -
[a0/ae2497] bam…_GCBIAS (evoC-Bap1-ctrl-M) | 8 of 8, cached: 8 ✔
[54/59c035] bam…CCURACY (evoC-Bap1-ctrl-M) | 8 of 8, cached: 8 ✔
[6d/56ee13] var…_CALLER (evoC-Bap1-ctrl-M) | 8 of 8, cached: 8 ✔
[ab/68d0ab] var…NTERVALS (GRCm38_filtered) | 1 of 1, cached: 1 ✔
[9b/3fa866] var…DB_IMPORT (Interval: 0010) | 20 of 20 ✔
[3e/a6413d] var…YPE_GVCFS (Interval: 0010) | 20 of 20 ✔
[-        ] var…t_calling:MERGE_JOINT_VCFS -
[-        ] variant_calling:ASM            -
[-        ] var…_calling:MERGE_ASM_OUTPUTS -
[6c/0aef18] var…MUTECT2 (evoC-Bap1-ctrl-M) | 8 of 8, cached: 8 ✔
[03/7274d8] mbi…C-Bap1-ctrl-M-CHH-5-prime) | 24 of 24, cached: 24 ✔
[6a/f83b58] epi…ARR (evoC-Bap1-ctrl-M-CHG) | 24 of 24, cached: 24 ✔
[05/609dcc] epi…PORT (evoC-Bap1-ctrl-M_CG) | 16 of 24, cached: 16
[a3/ccd062] epi… (evoC_Bap1_run-genome-CG) | 3 of 3, cached: 3 ✔
[ba/0f088f] epi…ZARR (evoC-Bap1-ctrl-M-CG) | 8 of 8, cached: 8 ✔
[ef/2c82cf] epi…PORT (evoC-Bap1-ctrl-M_CG) | 8 of 8, cached: 8 ✔
[34/bb4ccb] epi…ZARR (evoC-Bap1-ctrl-M-CG) | 8 of 8, cached: 8 ✔
[cd/0be07a] epi…PORT (evoC-Bap1-ctrl-M_CG) | 8 of 8, cached: 8 ✔
[ab/4b9b86] epi…voC_Bap1_run-long_ctrl-CG) | 1 of 1, cached: 1 ✔
[0e/f525a2] summary:DQSPY (evoC_Bap1_run)  | 1 of 1, cached: 1 ✔
Plus 3 more processes waiting for tasks…

executor >  slurm (48)
[59/0f64df] res…W (evoC-Bap1-ctrl-M, L000) | 8 of 8, cached: 8 ✔
[94/d508a3] res…evoC-Bap1-ctrl-F-B2, L004) | 8 of 8, cached: 8 ✔
[-        ] resolve_align:FASTQC_RESOLVED  -
[b1/5265d3] res…2 (evoC-Bap1-ctrl-M, L000) | 8 of 8, cached: 8 ✔
[-        ] res…align:SAMTOOLS_MERGE_LANES -
[-        ] resolve_align:PRESEQ           -
[35/14a656] bam…:BAMLET (evoC-Bap1-ctrl-M) | 8 of 8, cached: 8 ✔
[e7/93c471] bam…P_BAMQC (evoC-Bap1-ctrl-M) | 8 of 8, cached: 8 ✔
[d7/91957f] bam…SS_BIAS (evoC-Bap1-ctrl-M) | 8 of 8, cached: 8 ✔
[-        ] bam…:DEEPTOOLS_PLOTFINGERPRINT -
[a0/ae2497] bam…_GCBIAS (evoC-Bap1-ctrl-M) | 8 of 8, cached: 8 ✔
[54/59c035] bam…CCURACY (evoC-Bap1-ctrl-M) | 8 of 8, cached: 8 ✔
[6d/56ee13] var…_CALLER (evoC-Bap1-ctrl-M) | 8 of 8, cached: 8 ✔
[ab/68d0ab] var…NTERVALS (GRCm38_filtered) | 1 of 1, cached: 1 ✔
[9b/3fa866] var…DB_IMPORT (Interval: 0010) | 20 of 20 ✔
[3e/a6413d] var…YPE_GVCFS (Interval: 0010) | 20 of 20 ✔
[-        ] var…t_calling:MERGE_JOINT_VCFS | 0 of 1
[-        ] variant_calling:ASM            -
[-        ] var…_calling:MERGE_ASM_OUTPUTS -
[6c/0aef18] var…MUTECT2 (evoC-Bap1-ctrl-M) | 8 of 8, cached: 8 ✔
[03/7274d8] mbi…C-Bap1-ctrl-M-CHH-5-prime) | 24 of 24, cached: 24 ✔
[6a/f83b58] epi…ARR (evoC-Bap1-ctrl-M-CHG) | 24 of 24, cached: 24 ✔
[05/609dcc] epi…PORT (evoC-Bap1-ctrl-M_CG) | 16 of 24, cached: 16
[a3/ccd062] epi… (evoC_Bap1_run-genome-CG) | 3 of 3, cached: 3 ✔
[ba/0f088f] epi…ZARR (evoC-Bap1-ctrl-M-CG) | 8 of 8, cached: 8 ✔
[ef/2c82cf] epi…PORT (evoC-Bap1-ctrl-M_CG) | 8 of 8, cached: 8 ✔
[34/bb4ccb] epi…ZARR (evoC-Bap1-ctrl-M-CG) | 8 of 8, cached: 8 ✔
[cd/0be07a] epi…PORT (evoC-Bap1-ctrl-M_CG) | 8 of 8, cached: 8 ✔
[ab/4b9b86] epi…voC_Bap1_run-long_ctrl-CG) | 1 of 1, cached: 1 ✔
[0e/f525a2] summary:DQSPY (evoC_Bap1_run)  | 1 of 1, cached: 1 ✔
Plus 3 more processes waiting for tasks…

executor >  slurm (49)
[59/0f64df] res…W (evoC-Bap1-ctrl-M, L000) | 8 of 8, cached: 8 ✔
[94/d508a3] res…evoC-Bap1-ctrl-F-B2, L004) | 8 of 8, cached: 8 ✔
[-        ] resolve_align:FASTQC_RESOLVED  -
[b1/5265d3] res…2 (evoC-Bap1-ctrl-M, L000) | 8 of 8, cached: 8 ✔
[-        ] res…align:SAMTOOLS_MERGE_LANES -
[-        ] resolve_align:PRESEQ           -
[35/14a656] bam…:BAMLET (evoC-Bap1-ctrl-M) | 8 of 8, cached: 8 ✔
[e7/93c471] bam…P_BAMQC (evoC-Bap1-ctrl-M) | 8 of 8, cached: 8 ✔
[d7/91957f] bam…SS_BIAS (evoC-Bap1-ctrl-M) | 8 of 8, cached: 8 ✔
[-        ] bam…:DEEPTOOLS_PLOTFINGERPRINT -
[a0/ae2497] bam…_GCBIAS (evoC-Bap1-ctrl-M) | 8 of 8, cached: 8 ✔
[54/59c035] bam…CCURACY (evoC-Bap1-ctrl-M) | 8 of 8, cached: 8 ✔
[6d/56ee13] var…_CALLER (evoC-Bap1-ctrl-M) | 8 of 8, cached: 8 ✔
[ab/68d0ab] var…NTERVALS (GRCm38_filtered) | 1 of 1, cached: 1 ✔
[9b/3fa866] var…DB_IMPORT (Interval: 0010) | 20 of 20 ✔
[3e/a6413d] var…YPE_GVCFS (Interval: 0010) | 20 of 20 ✔
[59/6a51e6] var…t_calling:MERGE_JOINT_VCFS | 0 of 1
[-        ] variant_calling:ASM            -
[-        ] var…_calling:MERGE_ASM_OUTPUTS -
[6c/0aef18] var…MUTECT2 (evoC-Bap1-ctrl-M) | 8 of 8, cached: 8 ✔
[03/7274d8] mbi…C-Bap1-ctrl-M-CHH-5-prime) | 24 of 24, cached: 24 ✔
[6a/f83b58] epi…ARR (evoC-Bap1-ctrl-M-CHG) | 24 of 24, cached: 24 ✔
[05/609dcc] epi…PORT (evoC-Bap1-ctrl-M_CG) | 16 of 24, cached: 16
[a3/ccd062] epi… (evoC_Bap1_run-genome-CG) | 3 of 3, cached: 3 ✔
[ba/0f088f] epi…ZARR (evoC-Bap1-ctrl-M-CG) | 8 of 8, cached: 8 ✔
[ef/2c82cf] epi…PORT (evoC-Bap1-ctrl-M_CG) | 8 of 8, cached: 8 ✔
[34/bb4ccb] epi…ZARR (evoC-Bap1-ctrl-M-CG) | 8 of 8, cached: 8 ✔
[cd/0be07a] epi…PORT (evoC-Bap1-ctrl-M_CG) | 8 of 8, cached: 8 ✔
[ab/4b9b86] epi…voC_Bap1_run-long_ctrl-CG) | 1 of 1, cached: 1 ✔
[0e/f525a2] summary:DQSPY (evoC_Bap1_run)  | 1 of 1, cached: 1 ✔
Plus 3 more processes waiting for tasks…

executor >  slurm (49)
[59/0f64df] res…W (evoC-Bap1-ctrl-M, L000) | 8 of 8, cached: 8 ✔
[94/d508a3] res…evoC-Bap1-ctrl-F-B2, L004) | 8 of 8, cached: 8 ✔
[-        ] resolve_align:FASTQC_RESOLVED  -
[b1/5265d3] res…2 (evoC-Bap1-ctrl-M, L000) | 8 of 8, cached: 8 ✔
[-        ] res…align:SAMTOOLS_MERGE_LANES -
[-        ] resolve_align:PRESEQ           -
[35/14a656] bam…:BAMLET (evoC-Bap1-ctrl-M) | 8 of 8, cached: 8 ✔
[e7/93c471] bam…P_BAMQC (evoC-Bap1-ctrl-M) | 8 of 8, cached: 8 ✔
[d7/91957f] bam…SS_BIAS (evoC-Bap1-ctrl-M) | 8 of 8, cached: 8 ✔
[-        ] bam…:DEEPTOOLS_PLOTFINGERPRINT -
[a0/ae2497] bam…_GCBIAS (evoC-Bap1-ctrl-M) | 8 of 8, cached: 8 ✔
[54/59c035] bam…CCURACY (evoC-Bap1-ctrl-M) | 8 of 8, cached: 8 ✔
[6d/56ee13] var…_CALLER (evoC-Bap1-ctrl-M) | 8 of 8, cached: 8 ✔
[ab/68d0ab] var…NTERVALS (GRCm38_filtered) | 1 of 1, cached: 1 ✔
[9b/3fa866] var…DB_IMPORT (Interval: 0010) | 20 of 20 ✔
[3e/a6413d] var…YPE_GVCFS (Interval: 0010) | 20 of 20 ✔
[59/6a51e6] var…t_calling:MERGE_JOINT_VCFS | 0 of 1
[-        ] variant_calling:ASM            -
[-        ] var…_calling:MERGE_ASM_OUTPUTS -
[6c/0aef18] var…MUTECT2 (evoC-Bap1-ctrl-M) | 8 of 8, cached: 8 ✔
[03/7274d8] mbi…C-Bap1-ctrl-M-CHH-5-prime) | 24 of 24, cached: 24 ✔
[6a/f83b58] epi…ARR (evoC-Bap1-ctrl-M-CHG) | 24 of 24, cached: 24 ✔
[05/609dcc] epi…PORT (evoC-Bap1-ctrl-M_CG) | 16 of 24, cached: 16
[a3/ccd062] epi… (evoC_Bap1_run-genome-CG) | 3 of 3, cached: 3 ✔
[ba/0f088f] epi…ZARR (evoC-Bap1-ctrl-M-CG) | 8 of 8, cached: 8 ✔
[ef/2c82cf] epi…PORT (evoC-Bap1-ctrl-M_CG) | 8 of 8, cached: 8 ✔
[34/bb4ccb] epi…ZARR (evoC-Bap1-ctrl-M-CG) | 8 of 8, cached: 8 ✔
[cd/0be07a] epi…PORT (evoC-Bap1-ctrl-M_CG) | 8 of 8, cached: 8 ✔
[ab/4b9b86] epi…voC_Bap1_run-long_ctrl-CG) | 1 of 1, cached: 1 ✔
[0e/f525a2] summary:DQSPY (evoC_Bap1_run)  | 1 of 1, cached: 1 ✔
Plus 3 more processes waiting for tasks…

executor >  slurm (49)
[59/0f64df] res…W (evoC-Bap1-ctrl-M, L000) | 8 of 8, cached: 8 ✔
[94/d508a3] res…evoC-Bap1-ctrl-F-B2, L004) | 8 of 8, cached: 8 ✔
[-        ] resolve_align:FASTQC_RESOLVED  -
[b1/5265d3] res…2 (evoC-Bap1-ctrl-M, L000) | 8 of 8, cached: 8 ✔
[-        ] res…align:SAMTOOLS_MERGE_LANES -
[-        ] resolve_align:PRESEQ           -
[35/14a656] bam…:BAMLET (evoC-Bap1-ctrl-M) | 8 of 8, cached: 8 ✔
[e7/93c471] bam…P_BAMQC (evoC-Bap1-ctrl-M) | 8 of 8, cached: 8 ✔
[d7/91957f] bam…SS_BIAS (evoC-Bap1-ctrl-M) | 8 of 8, cached: 8 ✔
[-        ] bam…:DEEPTOOLS_PLOTFINGERPRINT -
[a0/ae2497] bam…_GCBIAS (evoC-Bap1-ctrl-M) | 8 of 8, cached: 8 ✔
[54/59c035] bam…CCURACY (evoC-Bap1-ctrl-M) | 8 of 8, cached: 8 ✔
[6d/56ee13] var…_CALLER (evoC-Bap1-ctrl-M) | 8 of 8, cached: 8 ✔
[ab/68d0ab] var…NTERVALS (GRCm38_filtered) | 1 of 1, cached: 1 ✔
[9b/3fa866] var…DB_IMPORT (Interval: 0010) | 20 of 20 ✔
[3e/a6413d] var…YPE_GVCFS (Interval: 0010) | 20 of 20 ✔
[59/6a51e6] var…t_calling:MERGE_JOINT_VCFS | 1 of 1 ✔
[-        ] variant_calling:ASM            | 0 of 7
[-        ] var…_calling:MERGE_ASM_OUTPUTS -
[6c/0aef18] var…MUTECT2 (evoC-Bap1-ctrl-M) | 8 of 8, cached: 8 ✔
[03/7274d8] mbi…C-Bap1-ctrl-M-CHH-5-prime) | 24 of 24, cached: 24 ✔
[6a/f83b58] epi…ARR (evoC-Bap1-ctrl-M-CHG) | 24 of 24, cached: 24 ✔
[05/609dcc] epi…PORT (evoC-Bap1-ctrl-M_CG) | 16 of 24, cached: 16
[a3/ccd062] epi… (evoC_Bap1_run-genome-CG) | 3 of 3, cached: 3 ✔
[ba/0f088f] epi…ZARR (evoC-Bap1-ctrl-M-CG) | 8 of 8, cached: 8 ✔
[ef/2c82cf] epi…PORT (evoC-Bap1-ctrl-M_CG) | 8 of 8, cached: 8 ✔
[34/bb4ccb] epi…ZARR (evoC-Bap1-ctrl-M-CG) | 8 of 8, cached: 8 ✔
[cd/0be07a] epi…PORT (evoC-Bap1-ctrl-M_CG) | 8 of 8, cached: 8 ✔
[ab/4b9b86] epi…voC_Bap1_run-long_ctrl-CG) | 1 of 1, cached: 1 ✔
[0e/f525a2] summary:DQSPY (evoC_Bap1_run)  | 1 of 1, cached: 1 ✔
Plus 3 more processes waiting for tasks…

executor >  slurm (50)
[59/0f64df] res…W (evoC-Bap1-ctrl-M, L000) | 8 of 8, cached: 8 ✔
[94/d508a3] res…evoC-Bap1-ctrl-F-B2, L004) | 8 of 8, cached: 8 ✔
[-        ] resolve_align:FASTQC_RESOLVED  -
[b1/5265d3] res…2 (evoC-Bap1-ctrl-M, L000) | 8 of 8, cached: 8 ✔
[-        ] res…align:SAMTOOLS_MERGE_LANES -
[-        ] resolve_align:PRESEQ           -
[35/14a656] bam…:BAMLET (evoC-Bap1-ctrl-M) | 8 of 8, cached: 8 ✔
[e7/93c471] bam…P_BAMQC (evoC-Bap1-ctrl-M) | 8 of 8, cached: 8 ✔
[d7/91957f] bam…SS_BIAS (evoC-Bap1-ctrl-M) | 8 of 8, cached: 8 ✔
[-        ] bam…:DEEPTOOLS_PLOTFINGERPRINT -
[a0/ae2497] bam…_GCBIAS (evoC-Bap1-ctrl-M) | 8 of 8, cached: 8 ✔
[54/59c035] bam…CCURACY (evoC-Bap1-ctrl-M) | 8 of 8, cached: 8 ✔
[6d/56ee13] var…_CALLER (evoC-Bap1-ctrl-M) | 8 of 8, cached: 8 ✔
[ab/68d0ab] var…NTERVALS (GRCm38_filtered) | 1 of 1, cached: 1 ✔
[9b/3fa866] var…DB_IMPORT (Interval: 0010) | 20 of 20 ✔
[3e/a6413d] var…YPE_GVCFS (Interval: 0010) | 20 of 20 ✔
[59/6a51e6] var…t_calling:MERGE_JOINT_VCFS | 1 of 1 ✔
[d1/922887] var…ping_vcf, evoC-Bap1-mut-M) | 0 of 7
[-        ] var…_calling:MERGE_ASM_OUTPUTS -
[6c/0aef18] var…MUTECT2 (evoC-Bap1-ctrl-M) | 8 of 8, cached: 8 ✔
[03/7274d8] mbi…C-Bap1-ctrl-M-CHH-5-prime) | 24 of 24, cached: 24 ✔
[6a/f83b58] epi…ARR (evoC-Bap1-ctrl-M-CHG) | 24 of 24, cached: 24 ✔
[05/609dcc] epi…PORT (evoC-Bap1-ctrl-M_CG) | 16 of 24, cached: 16
[a3/ccd062] epi… (evoC_Bap1_run-genome-CG) | 3 of 3, cached: 3 ✔
[ba/0f088f] epi…ZARR (evoC-Bap1-ctrl-M-CG) | 8 of 8, cached: 8 ✔
[ef/2c82cf] epi…PORT (evoC-Bap1-ctrl-M_CG) | 8 of 8, cached: 8 ✔
[34/bb4ccb] epi…ZARR (evoC-Bap1-ctrl-M-CG) | 8 of 8, cached: 8 ✔
[cd/0be07a] epi…PORT (evoC-Bap1-ctrl-M_CG) | 8 of 8, cached: 8 ✔
[ab/4b9b86] epi…voC_Bap1_run-long_ctrl-CG) | 1 of 1, cached: 1 ✔
[0e/f525a2] summary:DQSPY (evoC_Bap1_run)  | 1 of 1, cached: 1 ✔
Plus 3 more processes waiting for tasks…

executor >  slurm (52)
[59/0f64df] res…W (evoC-Bap1-ctrl-M, L000) | 8 of 8, cached: 8 ✔
[94/d508a3] res…evoC-Bap1-ctrl-F-B2, L004) | 8 of 8, cached: 8 ✔
[-        ] resolve_align:FASTQC_RESOLVED  -
[b1/5265d3] res…2 (evoC-Bap1-ctrl-M, L000) | 8 of 8, cached: 8 ✔
[-        ] res…align:SAMTOOLS_MERGE_LANES -
[-        ] resolve_align:PRESEQ           -
[35/14a656] bam…:BAMLET (evoC-Bap1-ctrl-M) | 8 of 8, cached: 8 ✔
[e7/93c471] bam…P_BAMQC (evoC-Bap1-ctrl-M) | 8 of 8, cached: 8 ✔
[d7/91957f] bam…SS_BIAS (evoC-Bap1-ctrl-M) | 8 of 8, cached: 8 ✔
[-        ] bam…:DEEPTOOLS_PLOTFINGERPRINT -
[a0/ae2497] bam…_GCBIAS (evoC-Bap1-ctrl-M) | 8 of 8, cached: 8 ✔
[54/59c035] bam…CCURACY (evoC-Bap1-ctrl-M) | 8 of 8, cached: 8 ✔
[6d/56ee13] var…_CALLER (evoC-Bap1-ctrl-M) | 8 of 8, cached: 8 ✔
[ab/68d0ab] var…NTERVALS (GRCm38_filtered) | 1 of 1, cached: 1 ✔
[9b/3fa866] var…DB_IMPORT (Interval: 0010) | 20 of 20 ✔
[3e/a6413d] var…YPE_GVCFS (Interval: 0010) | 20 of 20 ✔
[59/6a51e6] var…t_calling:MERGE_JOINT_VCFS | 1 of 1 ✔
[a1/1dc53c] var…ing_vcf, evoC-Bap1-ctrl-F) | 0 of 7
[-        ] var…_calling:MERGE_ASM_OUTPUTS -
[6c/0aef18] var…MUTECT2 (evoC-Bap1-ctrl-M) | 8 of 8, cached: 8 ✔
[03/7274d8] mbi…C-Bap1-ctrl-M-CHH-5-prime) | 24 of 24, cached: 24 ✔
[6a/f83b58] epi…ARR (evoC-Bap1-ctrl-M-CHG) | 24 of 24, cached: 24 ✔
[05/609dcc] epi…PORT (evoC-Bap1-ctrl-M_CG) | 16 of 24, cached: 16
[a3/ccd062] epi… (evoC_Bap1_run-genome-CG) | 3 of 3, cached: 3 ✔
[ba/0f088f] epi…ZARR (evoC-Bap1-ctrl-M-CG) | 8 of 8, cached: 8 ✔
[ef/2c82cf] epi…PORT (evoC-Bap1-ctrl-M_CG) | 8 of 8, cached: 8 ✔
[34/bb4ccb] epi…ZARR (evoC-Bap1-ctrl-M-CG) | 8 of 8, cached: 8 ✔
[cd/0be07a] epi…PORT (evoC-Bap1-ctrl-M_CG) | 8 of 8, cached: 8 ✔
[ab/4b9b86] epi…voC_Bap1_run-long_ctrl-CG) | 1 of 1, cached: 1 ✔
[0e/f525a2] summary:DQSPY (evoC_Bap1_run)  | 1 of 1, cached: 1 ✔
Plus 3 more processes waiting for tasks…

executor >  slurm (53)
[59/0f64df] res…W (evoC-Bap1-ctrl-M, L000) | 8 of 8, cached: 8 ✔
[94/d508a3] res…evoC-Bap1-ctrl-F-B2, L004) | 8 of 8, cached: 8 ✔
[-        ] resolve_align:FASTQC_RESOLVED  -
[b1/5265d3] res…2 (evoC-Bap1-ctrl-M, L000) | 8 of 8, cached: 8 ✔
[-        ] res…align:SAMTOOLS_MERGE_LANES -
[-        ] resolve_align:PRESEQ           -
[35/14a656] bam…:BAMLET (evoC-Bap1-ctrl-M) | 8 of 8, cached: 8 ✔
[e7/93c471] bam…P_BAMQC (evoC-Bap1-ctrl-M) | 8 of 8, cached: 8 ✔
[d7/91957f] bam…SS_BIAS (evoC-Bap1-ctrl-M) | 8 of 8, cached: 8 ✔
[-        ] bam…:DEEPTOOLS_PLOTFINGERPRINT -
[a0/ae2497] bam…_GCBIAS (evoC-Bap1-ctrl-M) | 8 of 8, cached: 8 ✔
[54/59c035] bam…CCURACY (evoC-Bap1-ctrl-M) | 8 of 8, cached: 8 ✔
[6d/56ee13] var…_CALLER (evoC-Bap1-ctrl-M) | 8 of 8, cached: 8 ✔
[ab/68d0ab] var…NTERVALS (GRCm38_filtered) | 1 of 1, cached: 1 ✔
[9b/3fa866] var…DB_IMPORT (Interval: 0010) | 20 of 20 ✔
[3e/a6413d] var…YPE_GVCFS (Interval: 0010) | 20 of 20 ✔
[59/6a51e6] var…t_calling:MERGE_JOINT_VCFS | 1 of 1 ✔
[66/edc88d] var…_vcf, evoC-Bap1-ctrl-M-B2) | 0 of 8
[-        ] var…_calling:MERGE_ASM_OUTPUTS -
[6c/0aef18] var…MUTECT2 (evoC-Bap1-ctrl-M) | 8 of 8, cached: 8 ✔
[03/7274d8] mbi…C-Bap1-ctrl-M-CHH-5-prime) | 24 of 24, cached: 24 ✔
[6a/f83b58] epi…ARR (evoC-Bap1-ctrl-M-CHG) | 24 of 24, cached: 24 ✔
[05/609dcc] epi…PORT (evoC-Bap1-ctrl-M_CG) | 16 of 24, cached: 16
[a3/ccd062] epi… (evoC_Bap1_run-genome-CG) | 3 of 3, cached: 3 ✔
[ba/0f088f] epi…ZARR (evoC-Bap1-ctrl-M-CG) | 8 of 8, cached: 8 ✔
[ef/2c82cf] epi…PORT (evoC-Bap1-ctrl-M_CG) | 8 of 8, cached: 8 ✔
[34/bb4ccb] epi…ZARR (evoC-Bap1-ctrl-M-CG) | 8 of 8, cached: 8 ✔
[cd/0be07a] epi…PORT (evoC-Bap1-ctrl-M_CG) | 8 of 8, cached: 8 ✔
[ab/4b9b86] epi…voC_Bap1_run-long_ctrl-CG) | 1 of 1, cached: 1 ✔
[0e/f525a2] summary:DQSPY (evoC_Bap1_run)  | 1 of 1, cached: 1 ✔
Plus 3 more processes waiting for tasks…

executor >  slurm (54)
[59/0f64df] res…W (evoC-Bap1-ctrl-M, L000) | 8 of 8, cached: 8 ✔
[94/d508a3] res…evoC-Bap1-ctrl-F-B2, L004) | 8 of 8, cached: 8 ✔
[-        ] resolve_align:FASTQC_RESOLVED  -
[b1/5265d3] res…2 (evoC-Bap1-ctrl-M, L000) | 8 of 8, cached: 8 ✔
[-        ] res…align:SAMTOOLS_MERGE_LANES -
[-        ] resolve_align:PRESEQ           -
[35/14a656] bam…:BAMLET (evoC-Bap1-ctrl-M) | 8 of 8, cached: 8 ✔
[e7/93c471] bam…P_BAMQC (evoC-Bap1-ctrl-M) | 8 of 8, cached: 8 ✔
[d7/91957f] bam…SS_BIAS (evoC-Bap1-ctrl-M) | 8 of 8, cached: 8 ✔
[-        ] bam…:DEEPTOOLS_PLOTFINGERPRINT -
[a0/ae2497] bam…_GCBIAS (evoC-Bap1-ctrl-M) | 8 of 8, cached: 8 ✔
[54/59c035] bam…CCURACY (evoC-Bap1-ctrl-M) | 8 of 8, cached: 8 ✔
[6d/56ee13] var…_CALLER (evoC-Bap1-ctrl-M) | 8 of 8, cached: 8 ✔
[ab/68d0ab] var…NTERVALS (GRCm38_filtered) | 1 of 1, cached: 1 ✔
[9b/3fa866] var…DB_IMPORT (Interval: 0010) | 20 of 20 ✔
[3e/a6413d] var…YPE_GVCFS (Interval: 0010) | 20 of 20 ✔
[59/6a51e6] var…t_calling:MERGE_JOINT_VCFS | 1 of 1 ✔
[bd/525549] var…ping_vcf, evoC-Bap1-mut-F) | 0 of 8
[-        ] var…_calling:MERGE_ASM_OUTPUTS -
[6c/0aef18] var…MUTECT2 (evoC-Bap1-ctrl-M) | 8 of 8, cached: 8 ✔
[03/7274d8] mbi…C-Bap1-ctrl-M-CHH-5-prime) | 24 of 24, cached: 24 ✔
[6a/f83b58] epi…ARR (evoC-Bap1-ctrl-M-CHG) | 24 of 24, cached: 24 ✔
[05/609dcc] epi…PORT (evoC-Bap1-ctrl-M_CG) | 16 of 24, cached: 16
[a3/ccd062] epi… (evoC_Bap1_run-genome-CG) | 3 of 3, cached: 3 ✔
[ba/0f088f] epi…ZARR (evoC-Bap1-ctrl-M-CG) | 8 of 8, cached: 8 ✔
[ef/2c82cf] epi…PORT (evoC-Bap1-ctrl-M_CG) | 8 of 8, cached: 8 ✔
[34/bb4ccb] epi…ZARR (evoC-Bap1-ctrl-M-CG) | 8 of 8, cached: 8 ✔
[cd/0be07a] epi…PORT (evoC-Bap1-ctrl-M_CG) | 8 of 8, cached: 8 ✔
[ab/4b9b86] epi…voC_Bap1_run-long_ctrl-CG) | 1 of 1, cached: 1 ✔
[0e/f525a2] summary:DQSPY (evoC_Bap1_run)  | 1 of 1, cached: 1 ✔
Plus 3 more processes waiting for tasks…

executor >  slurm (55)
[59/0f64df] res…W (evoC-Bap1-ctrl-M, L000) | 8 of 8, cached: 8 ✔
[94/d508a3] res…evoC-Bap1-ctrl-F-B2, L004) | 8 of 8, cached: 8 ✔
[-        ] resolve_align:FASTQC_RESOLVED  -
[b1/5265d3] res…2 (evoC-Bap1-ctrl-M, L000) | 8 of 8, cached: 8 ✔
[-        ] res…align:SAMTOOLS_MERGE_LANES -
[-        ] resolve_align:PRESEQ           -
[35/14a656] bam…:BAMLET (evoC-Bap1-ctrl-M) | 8 of 8, cached: 8 ✔
[e7/93c471] bam…P_BAMQC (evoC-Bap1-ctrl-M) | 8 of 8, cached: 8 ✔
[d7/91957f] bam…SS_BIAS (evoC-Bap1-ctrl-M) | 8 of 8, cached: 8 ✔
[-        ] bam…:DEEPTOOLS_PLOTFINGERPRINT -
[a0/ae2497] bam…_GCBIAS (evoC-Bap1-ctrl-M) | 8 of 8, cached: 8 ✔
[54/59c035] bam…CCURACY (evoC-Bap1-ctrl-M) | 8 of 8, cached: 8 ✔
[6d/56ee13] var…_CALLER (evoC-Bap1-ctrl-M) | 8 of 8, cached: 8 ✔
[ab/68d0ab] var…NTERVALS (GRCm38_filtered) | 1 of 1, cached: 1 ✔
[9b/3fa866] var…DB_IMPORT (Interval: 0010) | 20 of 20 ✔
[3e/a6413d] var…YPE_GVCFS (Interval: 0010) | 20 of 20 ✔
[59/6a51e6] var…t_calling:MERGE_JOINT_VCFS | 1 of 1 ✔
[77/d0d9c0] var…_vcf, evoC-Bap1-ctrl-F-B2) | 0 of 8
[-        ] var…_calling:MERGE_ASM_OUTPUTS -
[6c/0aef18] var…MUTECT2 (evoC-Bap1-ctrl-M) | 8 of 8, cached: 8 ✔
[03/7274d8] mbi…C-Bap1-ctrl-M-CHH-5-prime) | 24 of 24, cached: 24 ✔
[6a/f83b58] epi…ARR (evoC-Bap1-ctrl-M-CHG) | 24 of 24, cached: 24 ✔
[05/609dcc] epi…PORT (evoC-Bap1-ctrl-M_CG) | 16 of 24, cached: 16
[a3/ccd062] epi… (evoC_Bap1_run-genome-CG) | 3 of 3, cached: 3 ✔
[ba/0f088f] epi…ZARR (evoC-Bap1-ctrl-M-CG) | 8 of 8, cached: 8 ✔
[ef/2c82cf] epi…PORT (evoC-Bap1-ctrl-M_CG) | 8 of 8, cached: 8 ✔
[34/bb4ccb] epi…ZARR (evoC-Bap1-ctrl-M-CG) | 8 of 8, cached: 8 ✔
[cd/0be07a] epi…PORT (evoC-Bap1-ctrl-M_CG) | 8 of 8, cached: 8 ✔
[ab/4b9b86] epi…voC_Bap1_run-long_ctrl-CG) | 1 of 1, cached: 1 ✔
[0e/f525a2] summary:DQSPY (evoC_Bap1_run)  | 1 of 1, cached: 1 ✔
Plus 3 more processes waiting for tasks…

executor >  slurm (56)
[59/0f64df] res…W (evoC-Bap1-ctrl-M, L000) | 8 of 8, cached: 8 ✔
[94/d508a3] res…evoC-Bap1-ctrl-F-B2, L004) | 8 of 8, cached: 8 ✔
[-        ] resolve_align:FASTQC_RESOLVED  -
[b1/5265d3] res…2 (evoC-Bap1-ctrl-M, L000) | 8 of 8, cached: 8 ✔
[-        ] res…align:SAMTOOLS_MERGE_LANES -
[-        ] resolve_align:PRESEQ           -
[35/14a656] bam…:BAMLET (evoC-Bap1-ctrl-M) | 8 of 8, cached: 8 ✔
[e7/93c471] bam…P_BAMQC (evoC-Bap1-ctrl-M) | 8 of 8, cached: 8 ✔
[d7/91957f] bam…SS_BIAS (evoC-Bap1-ctrl-M) | 8 of 8, cached: 8 ✔
[-        ] bam…:DEEPTOOLS_PLOTFINGERPRINT -
[a0/ae2497] bam…_GCBIAS (evoC-Bap1-ctrl-M) | 8 of 8, cached: 8 ✔
[54/59c035] bam…CCURACY (evoC-Bap1-ctrl-M) | 8 of 8, cached: 8 ✔
[6d/56ee13] var…_CALLER (evoC-Bap1-ctrl-M) | 8 of 8, cached: 8 ✔
[ab/68d0ab] var…NTERVALS (GRCm38_filtered) | 1 of 1, cached: 1 ✔
[9b/3fa866] var…DB_IMPORT (Interval: 0010) | 20 of 20 ✔
[3e/a6413d] var…YPE_GVCFS (Interval: 0010) | 20 of 20 ✔
[59/6a51e6] var…t_calling:MERGE_JOINT_VCFS | 1 of 1 ✔
[82/59af4e] var…ing_vcf, evoC-Bap1-ctrl-M) | 0 of 8
[-        ] var…_calling:MERGE_ASM_OUTPUTS -
[6c/0aef18] var…MUTECT2 (evoC-Bap1-ctrl-M) | 8 of 8, cached: 8 ✔
[03/7274d8] mbi…C-Bap1-ctrl-M-CHH-5-prime) | 24 of 24, cached: 24 ✔
[6a/f83b58] epi…ARR (evoC-Bap1-ctrl-M-CHG) | 24 of 24, cached: 24 ✔
[05/609dcc] epi…PORT (evoC-Bap1-ctrl-M_CG) | 16 of 24, cached: 16
[a3/ccd062] epi… (evoC_Bap1_run-genome-CG) | 3 of 3, cached: 3 ✔
[ba/0f088f] epi…ZARR (evoC-Bap1-ctrl-M-CG) | 8 of 8, cached: 8 ✔
[ef/2c82cf] epi…PORT (evoC-Bap1-ctrl-M_CG) | 8 of 8, cached: 8 ✔
[34/bb4ccb] epi…ZARR (evoC-Bap1-ctrl-M-CG) | 8 of 8, cached: 8 ✔
[cd/0be07a] epi…PORT (evoC-Bap1-ctrl-M_CG) | 8 of 8, cached: 8 ✔
[ab/4b9b86] epi…voC_Bap1_run-long_ctrl-CG) | 1 of 1, cached: 1 ✔
[0e/f525a2] summary:DQSPY (evoC_Bap1_run)  | 1 of 1, cached: 1 ✔
Plus 3 more processes waiting for tasks…

executor >  slurm (57)
[59/0f64df] res…W (evoC-Bap1-ctrl-M, L000) | 8 of 8, cached: 8 ✔
[94/d508a3] res…evoC-Bap1-ctrl-F-B2, L004) | 8 of 8, cached: 8 ✔
[-        ] resolve_align:FASTQC_RESOLVED  -
[b1/5265d3] res…2 (evoC-Bap1-ctrl-M, L000) | 8 of 8, cached: 8 ✔
[-        ] res…align:SAMTOOLS_MERGE_LANES -
[-        ] resolve_align:PRESEQ           -
[35/14a656] bam…:BAMLET (evoC-Bap1-ctrl-M) | 8 of 8, cached: 8 ✔
[e7/93c471] bam…P_BAMQC (evoC-Bap1-ctrl-M) | 8 of 8, cached: 8 ✔
[d7/91957f] bam…SS_BIAS (evoC-Bap1-ctrl-M) | 8 of 8, cached: 8 ✔
[-        ] bam…:DEEPTOOLS_PLOTFINGERPRINT -
[a0/ae2497] bam…_GCBIAS (evoC-Bap1-ctrl-M) | 8 of 8, cached: 8 ✔
[54/59c035] bam…CCURACY (evoC-Bap1-ctrl-M) | 8 of 8, cached: 8 ✔
[6d/56ee13] var…_CALLER (evoC-Bap1-ctrl-M) | 8 of 8, cached: 8 ✔
[ab/68d0ab] var…NTERVALS (GRCm38_filtered) | 1 of 1, cached: 1 ✔
[9b/3fa866] var…DB_IMPORT (Interval: 0010) | 20 of 20 ✔
[3e/a6413d] var…YPE_GVCFS (Interval: 0010) | 20 of 20 ✔
[59/6a51e6] var…t_calling:MERGE_JOINT_VCFS | 1 of 1 ✔
[4a/c60f9d] var…g_vcf, evoC-Bap1-mut-F-B2) | 0 of 8
[-        ] var…_calling:MERGE_ASM_OUTPUTS -
[6c/0aef18] var…MUTECT2 (evoC-Bap1-ctrl-M) | 8 of 8, cached: 8 ✔
[03/7274d8] mbi…C-Bap1-ctrl-M-CHH-5-prime) | 24 of 24, cached: 24 ✔
[6a/f83b58] epi…ARR (evoC-Bap1-ctrl-M-CHG) | 24 of 24, cached: 24 ✔
[05/609dcc] epi…PORT (evoC-Bap1-ctrl-M_CG) | 16 of 24, cached: 16
[a3/ccd062] epi… (evoC_Bap1_run-genome-CG) | 3 of 3, cached: 3 ✔
[ba/0f088f] epi…ZARR (evoC-Bap1-ctrl-M-CG) | 8 of 8, cached: 8 ✔
[ef/2c82cf] epi…PORT (evoC-Bap1-ctrl-M_CG) | 8 of 8, cached: 8 ✔
[34/bb4ccb] epi…ZARR (evoC-Bap1-ctrl-M-CG) | 8 of 8, cached: 8 ✔
[cd/0be07a] epi…PORT (evoC-Bap1-ctrl-M_CG) | 8 of 8, cached: 8 ✔
[ab/4b9b86] epi…voC_Bap1_run-long_ctrl-CG) | 1 of 1, cached: 1 ✔
[0e/f525a2] summary:DQSPY (evoC_Bap1_run)  | 1 of 1, cached: 1 ✔
Plus 3 more processes waiting for tasks…

executor >  slurm (57)
[59/0f64df] res…W (evoC-Bap1-ctrl-M, L000) | 8 of 8, cached: 8 ✔
[94/d508a3] res…evoC-Bap1-ctrl-F-B2, L004) | 8 of 8, cached: 8 ✔
[-        ] resolve_align:FASTQC_RESOLVED  -
[b1/5265d3] res…2 (evoC-Bap1-ctrl-M, L000) | 8 of 8, cached: 8 ✔
[-        ] res…align:SAMTOOLS_MERGE_LANES -
[-        ] resolve_align:PRESEQ           -
[35/14a656] bam…:BAMLET (evoC-Bap1-ctrl-M) | 8 of 8, cached: 8 ✔
[e7/93c471] bam…P_BAMQC (evoC-Bap1-ctrl-M) | 8 of 8, cached: 8 ✔
[d7/91957f] bam…SS_BIAS (evoC-Bap1-ctrl-M) | 8 of 8, cached: 8 ✔
[-        ] bam…:DEEPTOOLS_PLOTFINGERPRINT -
[a0/ae2497] bam…_GCBIAS (evoC-Bap1-ctrl-M) | 8 of 8, cached: 8 ✔
[54/59c035] bam…CCURACY (evoC-Bap1-ctrl-M) | 8 of 8, cached: 8 ✔
[6d/56ee13] var…_CALLER (evoC-Bap1-ctrl-M) | 8 of 8, cached: 8 ✔
[ab/68d0ab] var…NTERVALS (GRCm38_filtered) | 1 of 1, cached: 1 ✔
[9b/3fa866] var…DB_IMPORT (Interval: 0010) | 20 of 20 ✔
[3e/a6413d] var…YPE_GVCFS (Interval: 0010) | 20 of 20 ✔
[59/6a51e6] var…t_calling:MERGE_JOINT_VCFS | 1 of 1 ✔
[4a/c60f9d] var…g_vcf, evoC-Bap1-mut-F-B2) | 0 of 8
[-        ] var…_calling:MERGE_ASM_OUTPUTS -
[6c/0aef18] var…MUTECT2 (evoC-Bap1-ctrl-M) | 8 of 8, cached: 8 ✔
[03/7274d8] mbi…C-Bap1-ctrl-M-CHH-5-prime) | 24 of 24, cached: 24 ✔
[6a/f83b58] epi…ARR (evoC-Bap1-ctrl-M-CHG) | 24 of 24, cached: 24 ✔
[05/609dcc] epi…PORT (evoC-Bap1-ctrl-M_CG) | 16 of 24, cached: 16
[a3/ccd062] epi… (evoC_Bap1_run-genome-CG) | 3 of 3, cached: 3 ✔
[ba/0f088f] epi…ZARR (evoC-Bap1-ctrl-M-CG) | 8 of 8, cached: 8 ✔
[ef/2c82cf] epi…PORT (evoC-Bap1-ctrl-M_CG) | 8 of 8, cached: 8 ✔
[34/bb4ccb] epi…ZARR (evoC-Bap1-ctrl-M-CG) | 8 of 8, cached: 8 ✔
[cd/0be07a] epi…PORT (evoC-Bap1-ctrl-M_CG) | 8 of 8, cached: 8 ✔
[ab/4b9b86] epi…voC_Bap1_run-long_ctrl-CG) | 1 of 1, cached: 1 ✔
[0e/f525a2] summary:DQSPY (evoC_Bap1_run)  | 1 of 1, cached: 1 ✔
Plus 3 more processes waiting for tasks…

executor >  slurm (57)
[59/0f64df] res…W (evoC-Bap1-ctrl-M, L000) | 8 of 8, cached: 8 ✔
[94/d508a3] res…evoC-Bap1-ctrl-F-B2, L004) | 8 of 8, cached: 8 ✔
[-        ] resolve_align:FASTQC_RESOLVED  -
[b1/5265d3] res…2 (evoC-Bap1-ctrl-M, L000) | 8 of 8, cached: 8 ✔
[-        ] res…align:SAMTOOLS_MERGE_LANES -
[-        ] resolve_align:PRESEQ           -
[35/14a656] bam…:BAMLET (evoC-Bap1-ctrl-M) | 8 of 8, cached: 8 ✔
[e7/93c471] bam…P_BAMQC (evoC-Bap1-ctrl-M) | 8 of 8, cached: 8 ✔
[d7/91957f] bam…SS_BIAS (evoC-Bap1-ctrl-M) | 8 of 8, cached: 8 ✔
[-        ] bam…:DEEPTOOLS_PLOTFINGERPRINT -
[a0/ae2497] bam…_GCBIAS (evoC-Bap1-ctrl-M) | 8 of 8, cached: 8 ✔
[54/59c035] bam…CCURACY (evoC-Bap1-ctrl-M) | 8 of 8, cached: 8 ✔
[6d/56ee13] var…_CALLER (evoC-Bap1-ctrl-M) | 8 of 8, cached: 8 ✔
[ab/68d0ab] var…NTERVALS (GRCm38_filtered) | 1 of 1, cached: 1 ✔
[9b/3fa866] var…DB_IMPORT (Interval: 0010) | 20 of 20 ✔
[3e/a6413d] var…YPE_GVCFS (Interval: 0010) | 20 of 20 ✔
[59/6a51e6] var…t_calling:MERGE_JOINT_VCFS | 1 of 1 ✔
[4a/c60f9d] var…g_vcf, evoC-Bap1-mut-F-B2) | 0 of 8
[-        ] var…_calling:MERGE_ASM_OUTPUTS -
[6c/0aef18] var…MUTECT2 (evoC-Bap1-ctrl-M) | 8 of 8, cached: 8 ✔
[03/7274d8] mbi…C-Bap1-ctrl-M-CHH-5-prime) | 24 of 24, cached: 24 ✔
[6a/f83b58] epi…ARR (evoC-Bap1-ctrl-M-CHG) | 24 of 24, cached: 24 ✔
[05/609dcc] epi…PORT (evoC-Bap1-ctrl-M_CG) | 16 of 24, cached: 16
[a3/ccd062] epi… (evoC_Bap1_run-genome-CG) | 3 of 3, cached: 3 ✔
[ba/0f088f] epi…ZARR (evoC-Bap1-ctrl-M-CG) | 8 of 8, cached: 8 ✔
[ef/2c82cf] epi…PORT (evoC-Bap1-ctrl-M_CG) | 8 of 8, cached: 8 ✔
[34/bb4ccb] epi…ZARR (evoC-Bap1-ctrl-M-CG) | 8 of 8, cached: 8 ✔
[cd/0be07a] epi…PORT (evoC-Bap1-ctrl-M_CG) | 8 of 8, cached: 8 ✔
[ab/4b9b86] epi…voC_Bap1_run-long_ctrl-CG) | 1 of 1, cached: 1 ✔
[0e/f525a2] summary:DQSPY (evoC_Bap1_run)  | 1 of 1, cached: 1 ✔
Plus 3 more processes waiting for tasks…

executor >  slurm (57)
[59/0f64df] res…W (evoC-Bap1-ctrl-M, L000) | 8 of 8, cached: 8 ✔
[94/d508a3] res…evoC-Bap1-ctrl-F-B2, L004) | 8 of 8, cached: 8 ✔
[-        ] resolve_align:FASTQC_RESOLVED  -
[b1/5265d3] res…2 (evoC-Bap1-ctrl-M, L000) | 8 of 8, cached: 8 ✔
[-        ] res…align:SAMTOOLS_MERGE_LANES -
[-        ] resolve_align:PRESEQ           -
[35/14a656] bam…:BAMLET (evoC-Bap1-ctrl-M) | 8 of 8, cached: 8 ✔
[e7/93c471] bam…P_BAMQC (evoC-Bap1-ctrl-M) | 8 of 8, cached: 8 ✔
[d7/91957f] bam…SS_BIAS (evoC-Bap1-ctrl-M) | 8 of 8, cached: 8 ✔
[-        ] bam…:DEEPTOOLS_PLOTFINGERPRINT -
[a0/ae2497] bam…_GCBIAS (evoC-Bap1-ctrl-M) | 8 of 8, cached: 8 ✔
[54/59c035] bam…CCURACY (evoC-Bap1-ctrl-M) | 8 of 8, cached: 8 ✔
[6d/56ee13] var…_CALLER (evoC-Bap1-ctrl-M) | 8 of 8, cached: 8 ✔
[ab/68d0ab] var…NTERVALS (GRCm38_filtered) | 1 of 1, cached: 1 ✔
[9b/3fa866] var…DB_IMPORT (Interval: 0010) | 20 of 20 ✔
[3e/a6413d] var…YPE_GVCFS (Interval: 0010) | 20 of 20 ✔
[59/6a51e6] var…t_calling:MERGE_JOINT_VCFS | 1 of 1 ✔
[66/edc88d] var…_vcf, evoC-Bap1-ctrl-M-B2) | 1 of 8
[-        ] var…_calling:MERGE_ASM_OUTPUTS -
[6c/0aef18] var…MUTECT2 (evoC-Bap1-ctrl-M) | 8 of 8, cached: 8 ✔
[03/7274d8] mbi…C-Bap1-ctrl-M-CHH-5-prime) | 24 of 24, cached: 24 ✔
[6a/f83b58] epi…ARR (evoC-Bap1-ctrl-M-CHG) | 24 of 24, cached: 24 ✔
[05/609dcc] epi…PORT (evoC-Bap1-ctrl-M_CG) | 16 of 24, cached: 16
[a3/ccd062] epi… (evoC_Bap1_run-genome-CG) | 3 of 3, cached: 3 ✔
[ba/0f088f] epi…ZARR (evoC-Bap1-ctrl-M-CG) | 8 of 8, cached: 8 ✔
[ef/2c82cf] epi…PORT (evoC-Bap1-ctrl-M_CG) | 8 of 8, cached: 8 ✔
[34/bb4ccb] epi…ZARR (evoC-Bap1-ctrl-M-CG) | 8 of 8, cached: 8 ✔
[cd/0be07a] epi…PORT (evoC-Bap1-ctrl-M_CG) | 8 of 8, cached: 8 ✔
[ab/4b9b86] epi…voC_Bap1_run-long_ctrl-CG) | 1 of 1, cached: 1 ✔
[0e/f525a2] summary:DQSPY (evoC_Bap1_run)  | 1 of 1, cached: 1 ✔
Plus 3 more processes waiting for tasks…

executor >  slurm (57)
[59/0f64df] res…W (evoC-Bap1-ctrl-M, L000) | 8 of 8, cached: 8 ✔
[94/d508a3] res…evoC-Bap1-ctrl-F-B2, L004) | 8 of 8, cached: 8 ✔
[-        ] resolve_align:FASTQC_RESOLVED  -
[b1/5265d3] res…2 (evoC-Bap1-ctrl-M, L000) | 8 of 8, cached: 8 ✔
[-        ] res…align:SAMTOOLS_MERGE_LANES -
[-        ] resolve_align:PRESEQ           -
[35/14a656] bam…:BAMLET (evoC-Bap1-ctrl-M) | 8 of 8, cached: 8 ✔
[e7/93c471] bam…P_BAMQC (evoC-Bap1-ctrl-M) | 8 of 8, cached: 8 ✔
[d7/91957f] bam…SS_BIAS (evoC-Bap1-ctrl-M) | 8 of 8, cached: 8 ✔
[-        ] bam…:DEEPTOOLS_PLOTFINGERPRINT -
[a0/ae2497] bam…_GCBIAS (evoC-Bap1-ctrl-M) | 8 of 8, cached: 8 ✔
[54/59c035] bam…CCURACY (evoC-Bap1-ctrl-M) | 8 of 8, cached: 8 ✔
[6d/56ee13] var…_CALLER (evoC-Bap1-ctrl-M) | 8 of 8, cached: 8 ✔
[ab/68d0ab] var…NTERVALS (GRCm38_filtered) | 1 of 1, cached: 1 ✔
[9b/3fa866] var…DB_IMPORT (Interval: 0010) | 20 of 20 ✔
[3e/a6413d] var…YPE_GVCFS (Interval: 0010) | 20 of 20 ✔
[59/6a51e6] var…t_calling:MERGE_JOINT_VCFS | 1 of 1 ✔
[77/d0d9c0] var…_vcf, evoC-Bap1-ctrl-F-B2) | 4 of 8
[-        ] var…_calling:MERGE_ASM_OUTPUTS -
[6c/0aef18] var…MUTECT2 (evoC-Bap1-ctrl-M) | 8 of 8, cached: 8 ✔
[03/7274d8] mbi…C-Bap1-ctrl-M-CHH-5-prime) | 24 of 24, cached: 24 ✔
[6a/f83b58] epi…ARR (evoC-Bap1-ctrl-M-CHG) | 24 of 24, cached: 24 ✔
[05/609dcc] epi…PORT (evoC-Bap1-ctrl-M_CG) | 16 of 24, cached: 16
[a3/ccd062] epi… (evoC_Bap1_run-genome-CG) | 3 of 3, cached: 3 ✔
[ba/0f088f] epi…ZARR (evoC-Bap1-ctrl-M-CG) | 8 of 8, cached: 8 ✔
[ef/2c82cf] epi…PORT (evoC-Bap1-ctrl-M_CG) | 8 of 8, cached: 8 ✔
[34/bb4ccb] epi…ZARR (evoC-Bap1-ctrl-M-CG) | 8 of 8, cached: 8 ✔
[cd/0be07a] epi…PORT (evoC-Bap1-ctrl-M_CG) | 8 of 8, cached: 8 ✔
[ab/4b9b86] epi…voC_Bap1_run-long_ctrl-CG) | 1 of 1, cached: 1 ✔
[0e/f525a2] summary:DQSPY (evoC_Bap1_run)  | 1 of 1, cached: 1 ✔
Plus 3 more processes waiting for tasks…

executor >  slurm (57)
[59/0f64df] res…W (evoC-Bap1-ctrl-M, L000) | 8 of 8, cached: 8 ✔
[94/d508a3] res…evoC-Bap1-ctrl-F-B2, L004) | 8 of 8, cached: 8 ✔
[-        ] resolve_align:FASTQC_RESOLVED  -
[b1/5265d3] res…2 (evoC-Bap1-ctrl-M, L000) | 8 of 8, cached: 8 ✔
[-        ] res…align:SAMTOOLS_MERGE_LANES -
[-        ] resolve_align:PRESEQ           -
[35/14a656] bam…:BAMLET (evoC-Bap1-ctrl-M) | 8 of 8, cached: 8 ✔
[e7/93c471] bam…P_BAMQC (evoC-Bap1-ctrl-M) | 8 of 8, cached: 8 ✔
[d7/91957f] bam…SS_BIAS (evoC-Bap1-ctrl-M) | 8 of 8, cached: 8 ✔
[-        ] bam…:DEEPTOOLS_PLOTFINGERPRINT -
[a0/ae2497] bam…_GCBIAS (evoC-Bap1-ctrl-M) | 8 of 8, cached: 8 ✔
[54/59c035] bam…CCURACY (evoC-Bap1-ctrl-M) | 8 of 8, cached: 8 ✔
[6d/56ee13] var…_CALLER (evoC-Bap1-ctrl-M) | 8 of 8, cached: 8 ✔
[ab/68d0ab] var…NTERVALS (GRCm38_filtered) | 1 of 1, cached: 1 ✔
[9b/3fa866] var…DB_IMPORT (Interval: 0010) | 20 of 20 ✔
[3e/a6413d] var…YPE_GVCFS (Interval: 0010) | 20 of 20 ✔
[59/6a51e6] var…t_calling:MERGE_JOINT_VCFS | 1 of 1 ✔
[bd/525549] var…ping_vcf, evoC-Bap1-mut-F) | 5 of 8
[-        ] var…_calling:MERGE_ASM_OUTPUTS -
[6c/0aef18] var…MUTECT2 (evoC-Bap1-ctrl-M) | 8 of 8, cached: 8 ✔
[03/7274d8] mbi…C-Bap1-ctrl-M-CHH-5-prime) | 24 of 24, cached: 24 ✔
[6a/f83b58] epi…ARR (evoC-Bap1-ctrl-M-CHG) | 24 of 24, cached: 24 ✔
[05/609dcc] epi…PORT (evoC-Bap1-ctrl-M_CG) | 16 of 24, cached: 16
[a3/ccd062] epi… (evoC_Bap1_run-genome-CG) | 3 of 3, cached: 3 ✔
[ba/0f088f] epi…ZARR (evoC-Bap1-ctrl-M-CG) | 8 of 8, cached: 8 ✔
[ef/2c82cf] epi…PORT (evoC-Bap1-ctrl-M_CG) | 8 of 8, cached: 8 ✔
[34/bb4ccb] epi…ZARR (evoC-Bap1-ctrl-M-CG) | 8 of 8, cached: 8 ✔
[cd/0be07a] epi…PORT (evoC-Bap1-ctrl-M_CG) | 8 of 8, cached: 8 ✔
[ab/4b9b86] epi…voC_Bap1_run-long_ctrl-CG) | 1 of 1, cached: 1 ✔
[0e/f525a2] summary:DQSPY (evoC_Bap1_run)  | 1 of 1, cached: 1 ✔
Plus 3 more processes waiting for tasks…

executor >  slurm (57)
[59/0f64df] res…W (evoC-Bap1-ctrl-M, L000) | 8 of 8, cached: 8 ✔
[94/d508a3] res…evoC-Bap1-ctrl-F-B2, L004) | 8 of 8, cached: 8 ✔
[-        ] resolve_align:FASTQC_RESOLVED  -
[b1/5265d3] res…2 (evoC-Bap1-ctrl-M, L000) | 8 of 8, cached: 8 ✔
[-        ] res…align:SAMTOOLS_MERGE_LANES -
[-        ] resolve_align:PRESEQ           -
[35/14a656] bam…:BAMLET (evoC-Bap1-ctrl-M) | 8 of 8, cached: 8 ✔
[e7/93c471] bam…P_BAMQC (evoC-Bap1-ctrl-M) | 8 of 8, cached: 8 ✔
[d7/91957f] bam…SS_BIAS (evoC-Bap1-ctrl-M) | 8 of 8, cached: 8 ✔
[-        ] bam…:DEEPTOOLS_PLOTFINGERPRINT -
[a0/ae2497] bam…_GCBIAS (evoC-Bap1-ctrl-M) | 8 of 8, cached: 8 ✔
[54/59c035] bam…CCURACY (evoC-Bap1-ctrl-M) | 8 of 8, cached: 8 ✔
[6d/56ee13] var…_CALLER (evoC-Bap1-ctrl-M) | 8 of 8, cached: 8 ✔
[ab/68d0ab] var…NTERVALS (GRCm38_filtered) | 1 of 1, cached: 1 ✔
[9b/3fa866] var…DB_IMPORT (Interval: 0010) | 20 of 20 ✔
[3e/a6413d] var…YPE_GVCFS (Interval: 0010) | 20 of 20 ✔
[59/6a51e6] var…t_calling:MERGE_JOINT_VCFS | 1 of 1 ✔
[d1/922887] var…ping_vcf, evoC-Bap1-mut-M) | 6 of 8
[-        ] var…_calling:MERGE_ASM_OUTPUTS -
[6c/0aef18] var…MUTECT2 (evoC-Bap1-ctrl-M) | 8 of 8, cached: 8 ✔
[03/7274d8] mbi…C-Bap1-ctrl-M-CHH-5-prime) | 24 of 24, cached: 24 ✔
[6a/f83b58] epi…ARR (evoC-Bap1-ctrl-M-CHG) | 24 of 24, cached: 24 ✔
[05/609dcc] epi…PORT (evoC-Bap1-ctrl-M_CG) | 16 of 24, cached: 16
[a3/ccd062] epi… (evoC_Bap1_run-genome-CG) | 3 of 3, cached: 3 ✔
[ba/0f088f] epi…ZARR (evoC-Bap1-ctrl-M-CG) | 8 of 8, cached: 8 ✔
[ef/2c82cf] epi…PORT (evoC-Bap1-ctrl-M_CG) | 8 of 8, cached: 8 ✔
[34/bb4ccb] epi…ZARR (evoC-Bap1-ctrl-M-CG) | 8 of 8, cached: 8 ✔
[cd/0be07a] epi…PORT (evoC-Bap1-ctrl-M_CG) | 8 of 8, cached: 8 ✔
[ab/4b9b86] epi…voC_Bap1_run-long_ctrl-CG) | 1 of 1, cached: 1 ✔
[0e/f525a2] summary:DQSPY (evoC_Bap1_run)  | 1 of 1, cached: 1 ✔
Plus 3 more processes waiting for tasks…

executor >  slurm (57)
[59/0f64df] res…W (evoC-Bap1-ctrl-M, L000) | 8 of 8, cached: 8 ✔
[94/d508a3] res…evoC-Bap1-ctrl-F-B2, L004) | 8 of 8, cached: 8 ✔
[-        ] resolve_align:FASTQC_RESOLVED  -
[b1/5265d3] res…2 (evoC-Bap1-ctrl-M, L000) | 8 of 8, cached: 8 ✔
[-        ] res…align:SAMTOOLS_MERGE_LANES -
[-        ] resolve_align:PRESEQ           -
[35/14a656] bam…:BAMLET (evoC-Bap1-ctrl-M) | 8 of 8, cached: 8 ✔
[e7/93c471] bam…P_BAMQC (evoC-Bap1-ctrl-M) | 8 of 8, cached: 8 ✔
[d7/91957f] bam…SS_BIAS (evoC-Bap1-ctrl-M) | 8 of 8, cached: 8 ✔
[-        ] bam…:DEEPTOOLS_PLOTFINGERPRINT -
[a0/ae2497] bam…_GCBIAS (evoC-Bap1-ctrl-M) | 8 of 8, cached: 8 ✔
[54/59c035] bam…CCURACY (evoC-Bap1-ctrl-M) | 8 of 8, cached: 8 ✔
[6d/56ee13] var…_CALLER (evoC-Bap1-ctrl-M) | 8 of 8, cached: 8 ✔
[ab/68d0ab] var…NTERVALS (GRCm38_filtered) | 1 of 1, cached: 1 ✔
[9b/3fa866] var…DB_IMPORT (Interval: 0010) | 20 of 20 ✔
[3e/a6413d] var…YPE_GVCFS (Interval: 0010) | 20 of 20 ✔
[59/6a51e6] var…t_calling:MERGE_JOINT_VCFS | 1 of 1 ✔
[83/a6ca27] var…g_vcf, evoC-Bap1-mut-M-B2) | 7 of 8
[-        ] var…_calling:MERGE_ASM_OUTPUTS -
[6c/0aef18] var…MUTECT2 (evoC-Bap1-ctrl-M) | 8 of 8, cached: 8 ✔
[03/7274d8] mbi…C-Bap1-ctrl-M-CHH-5-prime) | 24 of 24, cached: 24 ✔
[6a/f83b58] epi…ARR (evoC-Bap1-ctrl-M-CHG) | 24 of 24, cached: 24 ✔
[05/609dcc] epi…PORT (evoC-Bap1-ctrl-M_CG) | 16 of 24, cached: 16
[a3/ccd062] epi… (evoC_Bap1_run-genome-CG) | 3 of 3, cached: 3 ✔
[ba/0f088f] epi…ZARR (evoC-Bap1-ctrl-M-CG) | 8 of 8, cached: 8 ✔
[ef/2c82cf] epi…PORT (evoC-Bap1-ctrl-M_CG) | 8 of 8, cached: 8 ✔
[34/bb4ccb] epi…ZARR (evoC-Bap1-ctrl-M-CG) | 8 of 8, cached: 8 ✔
[cd/0be07a] epi…PORT (evoC-Bap1-ctrl-M_CG) | 8 of 8, cached: 8 ✔
[ab/4b9b86] epi…voC_Bap1_run-long_ctrl-CG) | 1 of 1, cached: 1 ✔
[0e/f525a2] summary:DQSPY (evoC_Bap1_run)  | 1 of 1, cached: 1 ✔
Plus 3 more processes waiting for tasks…

executor >  slurm (57)
[59/0f64df] res…W (evoC-Bap1-ctrl-M, L000) | 8 of 8, cached: 8 ✔
[94/d508a3] res…evoC-Bap1-ctrl-F-B2, L004) | 8 of 8, cached: 8 ✔
[-        ] resolve_align:FASTQC_RESOLVED  -
[b1/5265d3] res…2 (evoC-Bap1-ctrl-M, L000) | 8 of 8, cached: 8 ✔
[-        ] res…align:SAMTOOLS_MERGE_LANES -
[-        ] resolve_align:PRESEQ           -
[35/14a656] bam…:BAMLET (evoC-Bap1-ctrl-M) | 8 of 8, cached: 8 ✔
[e7/93c471] bam…P_BAMQC (evoC-Bap1-ctrl-M) | 8 of 8, cached: 8 ✔
[d7/91957f] bam…SS_BIAS (evoC-Bap1-ctrl-M) | 8 of 8, cached: 8 ✔
[-        ] bam…:DEEPTOOLS_PLOTFINGERPRINT -
[a0/ae2497] bam…_GCBIAS (evoC-Bap1-ctrl-M) | 8 of 8, cached: 8 ✔
[54/59c035] bam…CCURACY (evoC-Bap1-ctrl-M) | 8 of 8, cached: 8 ✔
[6d/56ee13] var…_CALLER (evoC-Bap1-ctrl-M) | 8 of 8, cached: 8 ✔
[ab/68d0ab] var…NTERVALS (GRCm38_filtered) | 1 of 1, cached: 1 ✔
[9b/3fa866] var…DB_IMPORT (Interval: 0010) | 20 of 20 ✔
[3e/a6413d] var…YPE_GVCFS (Interval: 0010) | 20 of 20 ✔
[59/6a51e6] var…t_calling:MERGE_JOINT_VCFS | 1 of 1 ✔
[4a/c60f9d] var…g_vcf, evoC-Bap1-mut-F-B2) | 8 of 8 ✔
[-        ] var…_calling:MERGE_ASM_OUTPUTS | 0 of 1
[6c/0aef18] var…MUTECT2 (evoC-Bap1-ctrl-M) | 8 of 8, cached: 8 ✔
[03/7274d8] mbi…C-Bap1-ctrl-M-CHH-5-prime) | 24 of 24, cached: 24 ✔
[6a/f83b58] epi…ARR (evoC-Bap1-ctrl-M-CHG) | 24 of 24, cached: 24 ✔
[05/609dcc] epi…PORT (evoC-Bap1-ctrl-M_CG) | 16 of 24, cached: 16
[a3/ccd062] epi… (evoC_Bap1_run-genome-CG) | 3 of 3, cached: 3 ✔
[ba/0f088f] epi…ZARR (evoC-Bap1-ctrl-M-CG) | 8 of 8, cached: 8 ✔
[ef/2c82cf] epi…PORT (evoC-Bap1-ctrl-M_CG) | 8 of 8, cached: 8 ✔
[34/bb4ccb] epi…ZARR (evoC-Bap1-ctrl-M-CG) | 8 of 8, cached: 8 ✔
[cd/0be07a] epi…PORT (evoC-Bap1-ctrl-M_CG) | 8 of 8, cached: 8 ✔
[ab/4b9b86] epi…voC_Bap1_run-long_ctrl-CG) | 1 of 1, cached: 1 ✔
[0e/f525a2] summary:DQSPY (evoC_Bap1_run)  | 1 of 1, cached: 1 ✔
Plus 3 more processes waiting for tasks…

executor >  slurm (58)
[59/0f64df] res…W (evoC-Bap1-ctrl-M, L000) | 8 of 8, cached: 8 ✔
[94/d508a3] res…evoC-Bap1-ctrl-F-B2, L004) | 8 of 8, cached: 8 ✔
[-        ] resolve_align:FASTQC_RESOLVED  -
[b1/5265d3] res…2 (evoC-Bap1-ctrl-M, L000) | 8 of 8, cached: 8 ✔
[-        ] res…align:SAMTOOLS_MERGE_LANES -
[-        ] resolve_align:PRESEQ           -
[35/14a656] bam…:BAMLET (evoC-Bap1-ctrl-M) | 8 of 8, cached: 8 ✔
[e7/93c471] bam…P_BAMQC (evoC-Bap1-ctrl-M) | 8 of 8, cached: 8 ✔
[d7/91957f] bam…SS_BIAS (evoC-Bap1-ctrl-M) | 8 of 8, cached: 8 ✔
[-        ] bam…:DEEPTOOLS_PLOTFINGERPRINT -
[a0/ae2497] bam…_GCBIAS (evoC-Bap1-ctrl-M) | 8 of 8, cached: 8 ✔
[54/59c035] bam…CCURACY (evoC-Bap1-ctrl-M) | 8 of 8, cached: 8 ✔
[6d/56ee13] var…_CALLER (evoC-Bap1-ctrl-M) | 8 of 8, cached: 8 ✔
[ab/68d0ab] var…NTERVALS (GRCm38_filtered) | 1 of 1, cached: 1 ✔
[9b/3fa866] var…DB_IMPORT (Interval: 0010) | 20 of 20 ✔
[3e/a6413d] var…YPE_GVCFS (Interval: 0010) | 20 of 20 ✔
[59/6a51e6] var…t_calling:MERGE_JOINT_VCFS | 1 of 1 ✔
[4a/c60f9d] var…g_vcf, evoC-Bap1-mut-F-B2) | 8 of 8 ✔
[f6/139495] var…_calling:MERGE_ASM_OUTPUTS | 0 of 1
[6c/0aef18] var…MUTECT2 (evoC-Bap1-ctrl-M) | 8 of 8, cached: 8 ✔
[03/7274d8] mbi…C-Bap1-ctrl-M-CHH-5-prime) | 24 of 24, cached: 24 ✔
[6a/f83b58] epi…ARR (evoC-Bap1-ctrl-M-CHG) | 24 of 24, cached: 24 ✔
[05/609dcc] epi…PORT (evoC-Bap1-ctrl-M_CG) | 16 of 24, cached: 16
[a3/ccd062] epi… (evoC_Bap1_run-genome-CG) | 3 of 3, cached: 3 ✔
[ba/0f088f] epi…ZARR (evoC-Bap1-ctrl-M-CG) | 8 of 8, cached: 8 ✔
[ef/2c82cf] epi…PORT (evoC-Bap1-ctrl-M_CG) | 8 of 8, cached: 8 ✔
[34/bb4ccb] epi…ZARR (evoC-Bap1-ctrl-M-CG) | 8 of 8, cached: 8 ✔
[cd/0be07a] epi…PORT (evoC-Bap1-ctrl-M_CG) | 8 of 8, cached: 8 ✔
[ab/4b9b86] epi…voC_Bap1_run-long_ctrl-CG) | 1 of 1, cached: 1 ✔
[0e/f525a2] summary:DQSPY (evoC_Bap1_run)  | 1 of 1, cached: 1 ✔
Plus 3 more processes waiting for tasks…

executor >  slurm (58)
[59/0f64df] res…W (evoC-Bap1-ctrl-M, L000) | 8 of 8, cached: 8 ✔
[94/d508a3] res…evoC-Bap1-ctrl-F-B2, L004) | 8 of 8, cached: 8 ✔
[-        ] resolve_align:FASTQC_RESOLVED  -
[b1/5265d3] res…2 (evoC-Bap1-ctrl-M, L000) | 8 of 8, cached: 8 ✔
[-        ] res…align:SAMTOOLS_MERGE_LANES -
[-        ] resolve_align:PRESEQ           -
[35/14a656] bam…:BAMLET (evoC-Bap1-ctrl-M) | 8 of 8, cached: 8 ✔
[e7/93c471] bam…P_BAMQC (evoC-Bap1-ctrl-M) | 8 of 8, cached: 8 ✔
[d7/91957f] bam…SS_BIAS (evoC-Bap1-ctrl-M) | 8 of 8, cached: 8 ✔
[-        ] bam…:DEEPTOOLS_PLOTFINGERPRINT -
[a0/ae2497] bam…_GCBIAS (evoC-Bap1-ctrl-M) | 8 of 8, cached: 8 ✔
[54/59c035] bam…CCURACY (evoC-Bap1-ctrl-M) | 8 of 8, cached: 8 ✔
[6d/56ee13] var…_CALLER (evoC-Bap1-ctrl-M) | 8 of 8, cached: 8 ✔
[ab/68d0ab] var…NTERVALS (GRCm38_filtered) | 1 of 1, cached: 1 ✔
[9b/3fa866] var…DB_IMPORT (Interval: 0010) | 20 of 20 ✔
[3e/a6413d] var…YPE_GVCFS (Interval: 0010) | 20 of 20 ✔
[59/6a51e6] var…t_calling:MERGE_JOINT_VCFS | 1 of 1 ✔
[4a/c60f9d] var…g_vcf, evoC-Bap1-mut-F-B2) | 8 of 8 ✔
[f6/139495] var…_calling:MERGE_ASM_OUTPUTS | 0 of 1
[6c/0aef18] var…MUTECT2 (evoC-Bap1-ctrl-M) | 8 of 8, cached: 8 ✔
[03/7274d8] mbi…C-Bap1-ctrl-M-CHH-5-prime) | 24 of 24, cached: 24 ✔
[6a/f83b58] epi…ARR (evoC-Bap1-ctrl-M-CHG) | 24 of 24, cached: 24 ✔
[05/609dcc] epi…PORT (evoC-Bap1-ctrl-M_CG) | 16 of 24, cached: 16
[a3/ccd062] epi… (evoC_Bap1_run-genome-CG) | 3 of 3, cached: 3 ✔
[ba/0f088f] epi…ZARR (evoC-Bap1-ctrl-M-CG) | 8 of 8, cached: 8 ✔
[ef/2c82cf] epi…PORT (evoC-Bap1-ctrl-M_CG) | 8 of 8, cached: 8 ✔
[34/bb4ccb] epi…ZARR (evoC-Bap1-ctrl-M-CG) | 8 of 8, cached: 8 ✔
[cd/0be07a] epi…PORT (evoC-Bap1-ctrl-M_CG) | 8 of 8, cached: 8 ✔
[ab/4b9b86] epi…voC_Bap1_run-long_ctrl-CG) | 1 of 1, cached: 1 ✔
[0e/f525a2] summary:DQSPY (evoC_Bap1_run)  | 1 of 1, cached: 1 ✔
Plus 3 more processes waiting for tasks…

executor >  slurm (58)
[59/0f64df] res…W (evoC-Bap1-ctrl-M, L000) | 8 of 8, cached: 8 ✔
[94/d508a3] res…evoC-Bap1-ctrl-F-B2, L004) | 8 of 8, cached: 8 ✔
[-        ] resolve_align:FASTQC_RESOLVED  -
[b1/5265d3] res…2 (evoC-Bap1-ctrl-M, L000) | 8 of 8, cached: 8 ✔
[-        ] res…align:SAMTOOLS_MERGE_LANES -
[-        ] resolve_align:PRESEQ           -
[35/14a656] bam…:BAMLET (evoC-Bap1-ctrl-M) | 8 of 8, cached: 8 ✔
[e7/93c471] bam…P_BAMQC (evoC-Bap1-ctrl-M) | 8 of 8, cached: 8 ✔
[d7/91957f] bam…SS_BIAS (evoC-Bap1-ctrl-M) | 8 of 8, cached: 8 ✔
[-        ] bam…:DEEPTOOLS_PLOTFINGERPRINT -
[a0/ae2497] bam…_GCBIAS (evoC-Bap1-ctrl-M) | 8 of 8, cached: 8 ✔
[54/59c035] bam…CCURACY (evoC-Bap1-ctrl-M) | 8 of 8, cached: 8 ✔
[6d/56ee13] var…_CALLER (evoC-Bap1-ctrl-M) | 8 of 8, cached: 8 ✔
[ab/68d0ab] var…NTERVALS (GRCm38_filtered) | 1 of 1, cached: 1 ✔
[9b/3fa866] var…DB_IMPORT (Interval: 0010) | 20 of 20 ✔
[3e/a6413d] var…YPE_GVCFS (Interval: 0010) | 20 of 20 ✔
[59/6a51e6] var…t_calling:MERGE_JOINT_VCFS | 1 of 1 ✔
[4a/c60f9d] var…g_vcf, evoC-Bap1-mut-F-B2) | 8 of 8 ✔
[f6/139495] var…_calling:MERGE_ASM_OUTPUTS | 1 of 1 ✔
[6c/0aef18] var…MUTECT2 (evoC-Bap1-ctrl-M) | 8 of 8, cached: 8 ✔
[03/7274d8] mbi…C-Bap1-ctrl-M-CHH-5-prime) | 24 of 24, cached: 24 ✔
[6a/f83b58] epi…ARR (evoC-Bap1-ctrl-M-CHG) | 24 of 24, cached: 24 ✔
[05/609dcc] epi…PORT (evoC-Bap1-ctrl-M_CG) | 16 of 24, cached: 16
[a3/ccd062] epi… (evoC_Bap1_run-genome-CG) | 3 of 3, cached: 3 ✔
[ba/0f088f] epi…ZARR (evoC-Bap1-ctrl-M-CG) | 8 of 8, cached: 8 ✔
[ef/2c82cf] epi…PORT (evoC-Bap1-ctrl-M_CG) | 8 of 8, cached: 8 ✔
[34/bb4ccb] epi…ZARR (evoC-Bap1-ctrl-M-CG) | 8 of 8, cached: 8 ✔
[cd/0be07a] epi…PORT (evoC-Bap1-ctrl-M_CG) | 8 of 8, cached: 8 ✔
[ab/4b9b86] epi…voC_Bap1_run-long_ctrl-CG) | 1 of 1, cached: 1 ✔
[0e/f525a2] summary:DQSPY (evoC_Bap1_run)  | 1 of 1, cached: 1 ✔
Plus 3 more processes waiting for tasks…

executor >  slurm (58)
[59/0f64df] res…W (evoC-Bap1-ctrl-M, L000) | 8 of 8, cached: 8 ✔
[94/d508a3] res…evoC-Bap1-ctrl-F-B2, L004) | 8 of 8, cached: 8 ✔
[-        ] resolve_align:FASTQC_RESOLVED  -
[b1/5265d3] res…2 (evoC-Bap1-ctrl-M, L000) | 8 of 8, cached: 8 ✔
[-        ] res…align:SAMTOOLS_MERGE_LANES -
[-        ] resolve_align:PRESEQ           -
[35/14a656] bam…:BAMLET (evoC-Bap1-ctrl-M) | 8 of 8, cached: 8 ✔
[e7/93c471] bam…P_BAMQC (evoC-Bap1-ctrl-M) | 8 of 8, cached: 8 ✔
[d7/91957f] bam…SS_BIAS (evoC-Bap1-ctrl-M) | 8 of 8, cached: 8 ✔
[-        ] bam…:DEEPTOOLS_PLOTFINGERPRINT -
[a0/ae2497] bam…_GCBIAS (evoC-Bap1-ctrl-M) | 8 of 8, cached: 8 ✔
[54/59c035] bam…CCURACY (evoC-Bap1-ctrl-M) | 8 of 8, cached: 8 ✔
[6d/56ee13] var…_CALLER (evoC-Bap1-ctrl-M) | 8 of 8, cached: 8 ✔
[ab/68d0ab] var…NTERVALS (GRCm38_filtered) | 1 of 1, cached: 1 ✔
[9b/3fa866] var…DB_IMPORT (Interval: 0010) | 20 of 20 ✔
[3e/a6413d] var…YPE_GVCFS (Interval: 0010) | 20 of 20 ✔
[59/6a51e6] var…t_calling:MERGE_JOINT_VCFS | 1 of 1 ✔
[4a/c60f9d] var…g_vcf, evoC-Bap1-mut-F-B2) | 8 of 8 ✔
[f6/139495] var…_calling:MERGE_ASM_OUTPUTS | 1 of 1 ✔
[6c/0aef18] var…MUTECT2 (evoC-Bap1-ctrl-M) | 8 of 8, cached: 8 ✔
[03/7274d8] mbi…C-Bap1-ctrl-M-CHH-5-prime) | 24 of 24, cached: 24 ✔
[6a/f83b58] epi…ARR (evoC-Bap1-ctrl-M-CHG) | 24 of 24, cached: 24 ✔
[10/e03adb] epi…ORT (evoC-Bap1-ctrl-F_CHH) | 17 of 24, cached: 16
[a3/ccd062] epi… (evoC_Bap1_run-genome-CG) | 3 of 3, cached: 3 ✔
[ba/0f088f] epi…ZARR (evoC-Bap1-ctrl-M-CG) | 8 of 8, cached: 8 ✔
[ef/2c82cf] epi…PORT (evoC-Bap1-ctrl-M_CG) | 8 of 8, cached: 8 ✔
[34/bb4ccb] epi…ZARR (evoC-Bap1-ctrl-M-CG) | 8 of 8, cached: 8 ✔
[cd/0be07a] epi…PORT (evoC-Bap1-ctrl-M_CG) | 8 of 8, cached: 8 ✔
[ab/4b9b86] epi…voC_Bap1_run-long_ctrl-CG) | 1 of 1, cached: 1 ✔
[0e/f525a2] summary:DQSPY (evoC_Bap1_run)  | 1 of 1, cached: 1 ✔
Plus 3 more processes waiting for tasks…

executor >  slurm (58)
[59/0f64df] res…W (evoC-Bap1-ctrl-M, L000) | 8 of 8, cached: 8 ✔
[94/d508a3] res…evoC-Bap1-ctrl-F-B2, L004) | 8 of 8, cached: 8 ✔
[-        ] resolve_align:FASTQC_RESOLVED  -
[b1/5265d3] res…2 (evoC-Bap1-ctrl-M, L000) | 8 of 8, cached: 8 ✔
[-        ] res…align:SAMTOOLS_MERGE_LANES -
[-        ] resolve_align:PRESEQ           -
[35/14a656] bam…:BAMLET (evoC-Bap1-ctrl-M) | 8 of 8, cached: 8 ✔
[e7/93c471] bam…P_BAMQC (evoC-Bap1-ctrl-M) | 8 of 8, cached: 8 ✔
[d7/91957f] bam…SS_BIAS (evoC-Bap1-ctrl-M) | 8 of 8, cached: 8 ✔
[-        ] bam…:DEEPTOOLS_PLOTFINGERPRINT -
[a0/ae2497] bam…_GCBIAS (evoC-Bap1-ctrl-M) | 8 of 8, cached: 8 ✔
[54/59c035] bam…CCURACY (evoC-Bap1-ctrl-M) | 8 of 8, cached: 8 ✔
[6d/56ee13] var…_CALLER (evoC-Bap1-ctrl-M) | 8 of 8, cached: 8 ✔
[ab/68d0ab] var…NTERVALS (GRCm38_filtered) | 1 of 1, cached: 1 ✔
[9b/3fa866] var…DB_IMPORT (Interval: 0010) | 20 of 20 ✔
[3e/a6413d] var…YPE_GVCFS (Interval: 0010) | 20 of 20 ✔
[59/6a51e6] var…t_calling:MERGE_JOINT_VCFS | 1 of 1 ✔
[4a/c60f9d] var…g_vcf, evoC-Bap1-mut-F-B2) | 8 of 8 ✔
[f6/139495] var…_calling:MERGE_ASM_OUTPUTS | 1 of 1 ✔
[6c/0aef18] var…MUTECT2 (evoC-Bap1-ctrl-M) | 8 of 8, cached: 8 ✔
[03/7274d8] mbi…C-Bap1-ctrl-M-CHH-5-prime) | 24 of 24, cached: 24 ✔
[6a/f83b58] epi…ARR (evoC-Bap1-ctrl-M-CHG) | 24 of 24, cached: 24 ✔
[a2/87a117] epi…T (evoC-Bap1-mut-F-B2_CHH) | 18 of 24, cached: 16
[a3/ccd062] epi… (evoC_Bap1_run-genome-CG) | 3 of 3, cached: 3 ✔
[ba/0f088f] epi…ZARR (evoC-Bap1-ctrl-M-CG) | 8 of 8, cached: 8 ✔
[ef/2c82cf] epi…PORT (evoC-Bap1-ctrl-M_CG) | 8 of 8, cached: 8 ✔
[34/bb4ccb] epi…ZARR (evoC-Bap1-ctrl-M-CG) | 8 of 8, cached: 8 ✔
[cd/0be07a] epi…PORT (evoC-Bap1-ctrl-M_CG) | 8 of 8, cached: 8 ✔
[ab/4b9b86] epi…voC_Bap1_run-long_ctrl-CG) | 1 of 1, cached: 1 ✔
[0e/f525a2] summary:DQSPY (evoC_Bap1_run)  | 1 of 1, cached: 1 ✔
Plus 3 more processes waiting for tasks…

executor >  slurm (58)
[59/0f64df] res…W (evoC-Bap1-ctrl-M, L000) | 8 of 8, cached: 8 ✔
[94/d508a3] res…evoC-Bap1-ctrl-F-B2, L004) | 8 of 8, cached: 8 ✔
[-        ] resolve_align:FASTQC_RESOLVED  -
[b1/5265d3] res…2 (evoC-Bap1-ctrl-M, L000) | 8 of 8, cached: 8 ✔
[-        ] res…align:SAMTOOLS_MERGE_LANES -
[-        ] resolve_align:PRESEQ           -
[35/14a656] bam…:BAMLET (evoC-Bap1-ctrl-M) | 8 of 8, cached: 8 ✔
[e7/93c471] bam…P_BAMQC (evoC-Bap1-ctrl-M) | 8 of 8, cached: 8 ✔
[d7/91957f] bam…SS_BIAS (evoC-Bap1-ctrl-M) | 8 of 8, cached: 8 ✔
[-        ] bam…:DEEPTOOLS_PLOTFINGERPRINT -
[a0/ae2497] bam…_GCBIAS (evoC-Bap1-ctrl-M) | 8 of 8, cached: 8 ✔
[54/59c035] bam…CCURACY (evoC-Bap1-ctrl-M) | 8 of 8, cached: 8 ✔
[6d/56ee13] var…_CALLER (evoC-Bap1-ctrl-M) | 8 of 8, cached: 8 ✔
[ab/68d0ab] var…NTERVALS (GRCm38_filtered) | 1 of 1, cached: 1 ✔
[9b/3fa866] var…DB_IMPORT (Interval: 0010) | 20 of 20 ✔
[3e/a6413d] var…YPE_GVCFS (Interval: 0010) | 20 of 20 ✔
[59/6a51e6] var…t_calling:MERGE_JOINT_VCFS | 1 of 1 ✔
[4a/c60f9d] var…g_vcf, evoC-Bap1-mut-F-B2) | 8 of 8 ✔
[f6/139495] var…_calling:MERGE_ASM_OUTPUTS | 1 of 1 ✔
[6c/0aef18] var…MUTECT2 (evoC-Bap1-ctrl-M) | 8 of 8, cached: 8 ✔
[03/7274d8] mbi…C-Bap1-ctrl-M-CHH-5-prime) | 24 of 24, cached: 24 ✔
[6a/f83b58] epi…ARR (evoC-Bap1-ctrl-M-CHG) | 24 of 24, cached: 24 ✔
[bd/e0b650] epi…ORT (evoC-Bap1-ctrl-M_CHH) | 19 of 24, cached: 16
[a3/ccd062] epi… (evoC_Bap1_run-genome-CG) | 3 of 3, cached: 3 ✔
[ba/0f088f] epi…ZARR (evoC-Bap1-ctrl-M-CG) | 8 of 8, cached: 8 ✔
[ef/2c82cf] epi…PORT (evoC-Bap1-ctrl-M_CG) | 8 of 8, cached: 8 ✔
[34/bb4ccb] epi…ZARR (evoC-Bap1-ctrl-M-CG) | 8 of 8, cached: 8 ✔
[cd/0be07a] epi…PORT (evoC-Bap1-ctrl-M_CG) | 8 of 8, cached: 8 ✔
[ab/4b9b86] epi…voC_Bap1_run-long_ctrl-CG) | 1 of 1, cached: 1 ✔
[0e/f525a2] summary:DQSPY (evoC_Bap1_run)  | 1 of 1, cached: 1 ✔
Plus 3 more processes waiting for tasks…

executor >  slurm (58)
[59/0f64df] res…W (evoC-Bap1-ctrl-M, L000) | 8 of 8, cached: 8 ✔
[94/d508a3] res…evoC-Bap1-ctrl-F-B2, L004) | 8 of 8, cached: 8 ✔
[-        ] resolve_align:FASTQC_RESOLVED  -
[b1/5265d3] res…2 (evoC-Bap1-ctrl-M, L000) | 8 of 8, cached: 8 ✔
[-        ] res…align:SAMTOOLS_MERGE_LANES -
[-        ] resolve_align:PRESEQ           -
[35/14a656] bam…:BAMLET (evoC-Bap1-ctrl-M) | 8 of 8, cached: 8 ✔
[e7/93c471] bam…P_BAMQC (evoC-Bap1-ctrl-M) | 8 of 8, cached: 8 ✔
[d7/91957f] bam…SS_BIAS (evoC-Bap1-ctrl-M) | 8 of 8, cached: 8 ✔
[-        ] bam…:DEEPTOOLS_PLOTFINGERPRINT -
[a0/ae2497] bam…_GCBIAS (evoC-Bap1-ctrl-M) | 8 of 8, cached: 8 ✔
[54/59c035] bam…CCURACY (evoC-Bap1-ctrl-M) | 8 of 8, cached: 8 ✔
[6d/56ee13] var…_CALLER (evoC-Bap1-ctrl-M) | 8 of 8, cached: 8 ✔
[ab/68d0ab] var…NTERVALS (GRCm38_filtered) | 1 of 1, cached: 1 ✔
[9b/3fa866] var…DB_IMPORT (Interval: 0010) | 20 of 20 ✔
[3e/a6413d] var…YPE_GVCFS (Interval: 0010) | 20 of 20 ✔
[59/6a51e6] var…t_calling:MERGE_JOINT_VCFS | 1 of 1 ✔
[4a/c60f9d] var…g_vcf, evoC-Bap1-mut-F-B2) | 8 of 8 ✔
[f6/139495] var…_calling:MERGE_ASM_OUTPUTS | 1 of 1 ✔
[6c/0aef18] var…MUTECT2 (evoC-Bap1-ctrl-M) | 8 of 8, cached: 8 ✔
[03/7274d8] mbi…C-Bap1-ctrl-M-CHH-5-prime) | 24 of 24, cached: 24 ✔
[6a/f83b58] epi…ARR (evoC-Bap1-ctrl-M-CHG) | 24 of 24, cached: 24 ✔
[47/fda93a] epi… (evoC-Bap1-ctrl-F-B2_CHH) | 20 of 24, cached: 16
[a3/ccd062] epi… (evoC_Bap1_run-genome-CG) | 3 of 3, cached: 3 ✔
[ba/0f088f] epi…ZARR (evoC-Bap1-ctrl-M-CG) | 8 of 8, cached: 8 ✔
[ef/2c82cf] epi…PORT (evoC-Bap1-ctrl-M_CG) | 8 of 8, cached: 8 ✔
[34/bb4ccb] epi…ZARR (evoC-Bap1-ctrl-M-CG) | 8 of 8, cached: 8 ✔
[cd/0be07a] epi…PORT (evoC-Bap1-ctrl-M_CG) | 8 of 8, cached: 8 ✔
[ab/4b9b86] epi…voC_Bap1_run-long_ctrl-CG) | 1 of 1, cached: 1 ✔
[0e/f525a2] summary:DQSPY (evoC_Bap1_run)  | 1 of 1, cached: 1 ✔
Plus 3 more processes waiting for tasks…

executor >  slurm (58)
[59/0f64df] res…W (evoC-Bap1-ctrl-M, L000) | 8 of 8, cached: 8 ✔
[94/d508a3] res…evoC-Bap1-ctrl-F-B2, L004) | 8 of 8, cached: 8 ✔
[-        ] resolve_align:FASTQC_RESOLVED  -
[b1/5265d3] res…2 (evoC-Bap1-ctrl-M, L000) | 8 of 8, cached: 8 ✔
[-        ] res…align:SAMTOOLS_MERGE_LANES -
[-        ] resolve_align:PRESEQ           -
[35/14a656] bam…:BAMLET (evoC-Bap1-ctrl-M) | 8 of 8, cached: 8 ✔
[e7/93c471] bam…P_BAMQC (evoC-Bap1-ctrl-M) | 8 of 8, cached: 8 ✔
[d7/91957f] bam…SS_BIAS (evoC-Bap1-ctrl-M) | 8 of 8, cached: 8 ✔
[-        ] bam…:DEEPTOOLS_PLOTFINGERPRINT -
[a0/ae2497] bam…_GCBIAS (evoC-Bap1-ctrl-M) | 8 of 8, cached: 8 ✔
[54/59c035] bam…CCURACY (evoC-Bap1-ctrl-M) | 8 of 8, cached: 8 ✔
[6d/56ee13] var…_CALLER (evoC-Bap1-ctrl-M) | 8 of 8, cached: 8 ✔
[ab/68d0ab] var…NTERVALS (GRCm38_filtered) | 1 of 1, cached: 1 ✔
[9b/3fa866] var…DB_IMPORT (Interval: 0010) | 20 of 20 ✔
[3e/a6413d] var…YPE_GVCFS (Interval: 0010) | 20 of 20 ✔
[59/6a51e6] var…t_calling:MERGE_JOINT_VCFS | 1 of 1 ✔
[4a/c60f9d] var…g_vcf, evoC-Bap1-mut-F-B2) | 8 of 8 ✔
[f6/139495] var…_calling:MERGE_ASM_OUTPUTS | 1 of 1 ✔
[6c/0aef18] var…MUTECT2 (evoC-Bap1-ctrl-M) | 8 of 8, cached: 8 ✔
[03/7274d8] mbi…C-Bap1-ctrl-M-CHH-5-prime) | 24 of 24, cached: 24 ✔
[6a/f83b58] epi…ARR (evoC-Bap1-ctrl-M-CHG) | 24 of 24, cached: 24 ✔
[05/6f1b32] epi…PORT (evoC-Bap1-mut-M_CHH) | 21 of 24, cached: 16
[a3/ccd062] epi… (evoC_Bap1_run-genome-CG) | 3 of 3, cached: 3 ✔
[ba/0f088f] epi…ZARR (evoC-Bap1-ctrl-M-CG) | 8 of 8, cached: 8 ✔
[ef/2c82cf] epi…PORT (evoC-Bap1-ctrl-M_CG) | 8 of 8, cached: 8 ✔
[34/bb4ccb] epi…ZARR (evoC-Bap1-ctrl-M-CG) | 8 of 8, cached: 8 ✔
[cd/0be07a] epi…PORT (evoC-Bap1-ctrl-M_CG) | 8 of 8, cached: 8 ✔
[ab/4b9b86] epi…voC_Bap1_run-long_ctrl-CG) | 1 of 1, cached: 1 ✔
[0e/f525a2] summary:DQSPY (evoC_Bap1_run)  | 1 of 1, cached: 1 ✔
Plus 3 more processes waiting for tasks…

executor >  slurm (58)
[59/0f64df] res…W (evoC-Bap1-ctrl-M, L000) | 8 of 8, cached: 8 ✔
[94/d508a3] res…evoC-Bap1-ctrl-F-B2, L004) | 8 of 8, cached: 8 ✔
[-        ] resolve_align:FASTQC_RESOLVED  -
[b1/5265d3] res…2 (evoC-Bap1-ctrl-M, L000) | 8 of 8, cached: 8 ✔
[-        ] res…align:SAMTOOLS_MERGE_LANES -
[-        ] resolve_align:PRESEQ           -
[35/14a656] bam…:BAMLET (evoC-Bap1-ctrl-M) | 8 of 8, cached: 8 ✔
[e7/93c471] bam…P_BAMQC (evoC-Bap1-ctrl-M) | 8 of 8, cached: 8 ✔
[d7/91957f] bam…SS_BIAS (evoC-Bap1-ctrl-M) | 8 of 8, cached: 8 ✔
[-        ] bam…:DEEPTOOLS_PLOTFINGERPRINT -
[a0/ae2497] bam…_GCBIAS (evoC-Bap1-ctrl-M) | 8 of 8, cached: 8 ✔
[54/59c035] bam…CCURACY (evoC-Bap1-ctrl-M) | 8 of 8, cached: 8 ✔
[6d/56ee13] var…_CALLER (evoC-Bap1-ctrl-M) | 8 of 8, cached: 8 ✔
[ab/68d0ab] var…NTERVALS (GRCm38_filtered) | 1 of 1, cached: 1 ✔
[9b/3fa866] var…DB_IMPORT (Interval: 0010) | 20 of 20 ✔
[3e/a6413d] var…YPE_GVCFS (Interval: 0010) | 20 of 20 ✔
[59/6a51e6] var…t_calling:MERGE_JOINT_VCFS | 1 of 1 ✔
[4a/c60f9d] var…g_vcf, evoC-Bap1-mut-F-B2) | 8 of 8 ✔
[f6/139495] var…_calling:MERGE_ASM_OUTPUTS | 1 of 1 ✔
[6c/0aef18] var…MUTECT2 (evoC-Bap1-ctrl-M) | 8 of 8, cached: 8 ✔
[03/7274d8] mbi…C-Bap1-ctrl-M-CHH-5-prime) | 24 of 24, cached: 24 ✔
[6a/f83b58] epi…ARR (evoC-Bap1-ctrl-M-CHG) | 24 of 24, cached: 24 ✔
[38/1280dc] epi…T (evoC-Bap1-mut-M-B2_CHH) | 22 of 24, cached: 16
[a3/ccd062] epi… (evoC_Bap1_run-genome-CG) | 3 of 3, cached: 3 ✔
[ba/0f088f] epi…ZARR (evoC-Bap1-ctrl-M-CG) | 8 of 8, cached: 8 ✔
[ef/2c82cf] epi…PORT (evoC-Bap1-ctrl-M_CG) | 8 of 8, cached: 8 ✔
[34/bb4ccb] epi…ZARR (evoC-Bap1-ctrl-M-CG) | 8 of 8, cached: 8 ✔
[cd/0be07a] epi…PORT (evoC-Bap1-ctrl-M_CG) | 8 of 8, cached: 8 ✔
[ab/4b9b86] epi…voC_Bap1_run-long_ctrl-CG) | 1 of 1, cached: 1 ✔
[0e/f525a2] summary:DQSPY (evoC_Bap1_run)  | 1 of 1, cached: 1 ✔
Plus 3 more processes waiting for tasks…

executor >  slurm (58)
[59/0f64df] res…W (evoC-Bap1-ctrl-M, L000) | 8 of 8, cached: 8 ✔
[94/d508a3] res…evoC-Bap1-ctrl-F-B2, L004) | 8 of 8, cached: 8 ✔
[-        ] resolve_align:FASTQC_RESOLVED  -
[b1/5265d3] res…2 (evoC-Bap1-ctrl-M, L000) | 8 of 8, cached: 8 ✔
[-        ] res…align:SAMTOOLS_MERGE_LANES -
[-        ] resolve_align:PRESEQ           -
[35/14a656] bam…:BAMLET (evoC-Bap1-ctrl-M) | 8 of 8, cached: 8 ✔
[e7/93c471] bam…P_BAMQC (evoC-Bap1-ctrl-M) | 8 of 8, cached: 8 ✔
[d7/91957f] bam…SS_BIAS (evoC-Bap1-ctrl-M) | 8 of 8, cached: 8 ✔
[-        ] bam…:DEEPTOOLS_PLOTFINGERPRINT -
[a0/ae2497] bam…_GCBIAS (evoC-Bap1-ctrl-M) | 8 of 8, cached: 8 ✔
[54/59c035] bam…CCURACY (evoC-Bap1-ctrl-M) | 8 of 8, cached: 8 ✔
[6d/56ee13] var…_CALLER (evoC-Bap1-ctrl-M) | 8 of 8, cached: 8 ✔
[ab/68d0ab] var…NTERVALS (GRCm38_filtered) | 1 of 1, cached: 1 ✔
[9b/3fa866] var…DB_IMPORT (Interval: 0010) | 20 of 20 ✔
[3e/a6413d] var…YPE_GVCFS (Interval: 0010) | 20 of 20 ✔
[59/6a51e6] var…t_calling:MERGE_JOINT_VCFS | 1 of 1 ✔
[4a/c60f9d] var…g_vcf, evoC-Bap1-mut-F-B2) | 8 of 8 ✔
[f6/139495] var…_calling:MERGE_ASM_OUTPUTS | 1 of 1 ✔
[6c/0aef18] var…MUTECT2 (evoC-Bap1-ctrl-M) | 8 of 8, cached: 8 ✔
[03/7274d8] mbi…C-Bap1-ctrl-M-CHH-5-prime) | 24 of 24, cached: 24 ✔
[6a/f83b58] epi…ARR (evoC-Bap1-ctrl-M-CHG) | 24 of 24, cached: 24 ✔
[a6/6bc300] epi… (evoC-Bap1-ctrl-M-B2_CHH) | 23 of 24, cached: 16
[a3/ccd062] epi… (evoC_Bap1_run-genome-CG) | 3 of 3, cached: 3 ✔
[ba/0f088f] epi…ZARR (evoC-Bap1-ctrl-M-CG) | 8 of 8, cached: 8 ✔
[ef/2c82cf] epi…PORT (evoC-Bap1-ctrl-M_CG) | 8 of 8, cached: 8 ✔
[34/bb4ccb] epi…ZARR (evoC-Bap1-ctrl-M-CG) | 8 of 8, cached: 8 ✔
[cd/0be07a] epi…PORT (evoC-Bap1-ctrl-M_CG) | 8 of 8, cached: 8 ✔
[ab/4b9b86] epi…voC_Bap1_run-long_ctrl-CG) | 1 of 1, cached: 1 ✔
[0e/f525a2] summary:DQSPY (evoC_Bap1_run)  | 1 of 1, cached: 1 ✔
Plus 3 more processes waiting for tasks…

executor >  slurm (58)
[59/0f64df] res…W (evoC-Bap1-ctrl-M, L000) | 8 of 8, cached: 8 ✔
[94/d508a3] res…evoC-Bap1-ctrl-F-B2, L004) | 8 of 8, cached: 8 ✔
[-        ] resolve_align:FASTQC_RESOLVED  -
[b1/5265d3] res…2 (evoC-Bap1-ctrl-M, L000) | 8 of 8, cached: 8 ✔
[-        ] res…align:SAMTOOLS_MERGE_LANES -
[-        ] resolve_align:PRESEQ           -
[35/14a656] bam…:BAMLET (evoC-Bap1-ctrl-M) | 8 of 8, cached: 8 ✔
[e7/93c471] bam…P_BAMQC (evoC-Bap1-ctrl-M) | 8 of 8, cached: 8 ✔
[d7/91957f] bam…SS_BIAS (evoC-Bap1-ctrl-M) | 8 of 8, cached: 8 ✔
[-        ] bam…:DEEPTOOLS_PLOTFINGERPRINT -
[a0/ae2497] bam…_GCBIAS (evoC-Bap1-ctrl-M) | 8 of 8, cached: 8 ✔
[54/59c035] bam…CCURACY (evoC-Bap1-ctrl-M) | 8 of 8, cached: 8 ✔
[6d/56ee13] var…_CALLER (evoC-Bap1-ctrl-M) | 8 of 8, cached: 8 ✔
[ab/68d0ab] var…NTERVALS (GRCm38_filtered) | 1 of 1, cached: 1 ✔
[9b/3fa866] var…DB_IMPORT (Interval: 0010) | 20 of 20 ✔
[3e/a6413d] var…YPE_GVCFS (Interval: 0010) | 20 of 20 ✔
[59/6a51e6] var…t_calling:MERGE_JOINT_VCFS | 1 of 1 ✔
[4a/c60f9d] var…g_vcf, evoC-Bap1-mut-F-B2) | 8 of 8 ✔
[f6/139495] var…_calling:MERGE_ASM_OUTPUTS | 1 of 1 ✔
[6c/0aef18] var…MUTECT2 (evoC-Bap1-ctrl-M) | 8 of 8, cached: 8 ✔
[03/7274d8] mbi…C-Bap1-ctrl-M-CHH-5-prime) | 24 of 24, cached: 24 ✔
[6a/f83b58] epi…ARR (evoC-Bap1-ctrl-M-CHG) | 24 of 24, cached: 24 ✔
[af/300b60] epi…PORT (evoC-Bap1-mut-F_CHH) | 24 of 24, cached: 16 ✔
[a3/ccd062] epi… (evoC_Bap1_run-genome-CG) | 3 of 3, cached: 3 ✔
[ba/0f088f] epi…ZARR (evoC-Bap1-ctrl-M-CG) | 8 of 8, cached: 8 ✔
[ef/2c82cf] epi…PORT (evoC-Bap1-ctrl-M_CG) | 8 of 8, cached: 8 ✔
[34/bb4ccb] epi…ZARR (evoC-Bap1-ctrl-M-CG) | 8 of 8, cached: 8 ✔
[cd/0be07a] epi…PORT (evoC-Bap1-ctrl-M_CG) | 8 of 8, cached: 8 ✔
[ab/4b9b86] epi…voC_Bap1_run-long_ctrl-CG) | 1 of 1, cached: 1 ✔
[0e/f525a2] summary:DQSPY (evoC_Bap1_run)  | 1 of 1, cached: 1 ✔
Plus 3 more processes waiting for tasks…

executor >  slurm (58)
[59/0f64df] res…W (evoC-Bap1-ctrl-M, L000) | 8 of 8, cached: 8 ✔
[94/d508a3] res…evoC-Bap1-ctrl-F-B2, L004) | 8 of 8, cached: 8 ✔
[-        ] resolve_align:FASTQC_RESOLVED  -
[b1/5265d3] res…2 (evoC-Bap1-ctrl-M, L000) | 8 of 8, cached: 8 ✔
[-        ] res…align:SAMTOOLS_MERGE_LANES -
[-        ] resolve_align:PRESEQ           -
[35/14a656] bam…:BAMLET (evoC-Bap1-ctrl-M) | 8 of 8, cached: 8 ✔
[e7/93c471] bam…P_BAMQC (evoC-Bap1-ctrl-M) | 8 of 8, cached: 8 ✔
[d7/91957f] bam…SS_BIAS (evoC-Bap1-ctrl-M) | 8 of 8, cached: 8 ✔
[-        ] bam…:DEEPTOOLS_PLOTFINGERPRINT -
[a0/ae2497] bam…_GCBIAS (evoC-Bap1-ctrl-M) | 8 of 8, cached: 8 ✔
[54/59c035] bam…CCURACY (evoC-Bap1-ctrl-M) | 8 of 8, cached: 8 ✔
[6d/56ee13] var…_CALLER (evoC-Bap1-ctrl-M) | 8 of 8, cached: 8 ✔
[ab/68d0ab] var…NTERVALS (GRCm38_filtered) | 1 of 1, cached: 1 ✔
[9b/3fa866] var…DB_IMPORT (Interval: 0010) | 20 of 20 ✔
[3e/a6413d] var…YPE_GVCFS (Interval: 0010) | 20 of 20 ✔
[59/6a51e6] var…t_calling:MERGE_JOINT_VCFS | 1 of 1 ✔
[4a/c60f9d] var…g_vcf, evoC-Bap1-mut-F-B2) | 8 of 8 ✔
[f6/139495] var…_calling:MERGE_ASM_OUTPUTS | 1 of 1 ✔
[6c/0aef18] var…MUTECT2 (evoC-Bap1-ctrl-M) | 8 of 8, cached: 8 ✔
[03/7274d8] mbi…C-Bap1-ctrl-M-CHH-5-prime) | 24 of 24, cached: 24 ✔
[6a/f83b58] epi…ARR (evoC-Bap1-ctrl-M-CHG) | 24 of 24, cached: 24 ✔
[af/300b60] epi…PORT (evoC-Bap1-mut-F_CHH) | 24 of 24, cached: 16 ✔
[a3/ccd062] epi… (evoC_Bap1_run-genome-CG) | 3 of 3, cached: 3 ✔
[ba/0f088f] epi…ZARR (evoC-Bap1-ctrl-M-CG) | 8 of 8, cached: 8 ✔
[ef/2c82cf] epi…PORT (evoC-Bap1-ctrl-M_CG) | 8 of 8, cached: 8 ✔
[34/bb4ccb] epi…ZARR (evoC-Bap1-ctrl-M-CG) | 8 of 8, cached: 8 ✔
[cd/0be07a] epi…PORT (evoC-Bap1-ctrl-M_CG) | 8 of 8, cached: 8 ✔
[ab/4b9b86] epi…voC_Bap1_run-long_ctrl-CG) | 1 of 1, cached: 1 ✔
[0e/f525a2] summary:DQSPY (evoC_Bap1_run)  | 1 of 1, cached: 1 ✔
[-        ] summary:PIPELINE_REPORT        | 0 of 1
Plus 2 more processes waiting for tasks…

executor >  slurm (59)
[59/0f64df] res…W (evoC-Bap1-ctrl-M, L000) | 8 of 8, cached: 8 ✔
[94/d508a3] res…evoC-Bap1-ctrl-F-B2, L004) | 8 of 8, cached: 8 ✔
[-        ] resolve_align:FASTQC_RESOLVED  -
[b1/5265d3] res…2 (evoC-Bap1-ctrl-M, L000) | 8 of 8, cached: 8 ✔
[-        ] res…align:SAMTOOLS_MERGE_LANES -
[-        ] resolve_align:PRESEQ           -
[35/14a656] bam…:BAMLET (evoC-Bap1-ctrl-M) | 8 of 8, cached: 8 ✔
[e7/93c471] bam…P_BAMQC (evoC-Bap1-ctrl-M) | 8 of 8, cached: 8 ✔
[d7/91957f] bam…SS_BIAS (evoC-Bap1-ctrl-M) | 8 of 8, cached: 8 ✔
[-        ] bam…:DEEPTOOLS_PLOTFINGERPRINT -
[a0/ae2497] bam…_GCBIAS (evoC-Bap1-ctrl-M) | 8 of 8, cached: 8 ✔
[54/59c035] bam…CCURACY (evoC-Bap1-ctrl-M) | 8 of 8, cached: 8 ✔
[6d/56ee13] var…_CALLER (evoC-Bap1-ctrl-M) | 8 of 8, cached: 8 ✔
[ab/68d0ab] var…NTERVALS (GRCm38_filtered) | 1 of 1, cached: 1 ✔
[9b/3fa866] var…DB_IMPORT (Interval: 0010) | 20 of 20 ✔
[3e/a6413d] var…YPE_GVCFS (Interval: 0010) | 20 of 20 ✔
[59/6a51e6] var…t_calling:MERGE_JOINT_VCFS | 1 of 1 ✔
[4a/c60f9d] var…g_vcf, evoC-Bap1-mut-F-B2) | 8 of 8 ✔
[f6/139495] var…_calling:MERGE_ASM_OUTPUTS | 1 of 1 ✔
[6c/0aef18] var…MUTECT2 (evoC-Bap1-ctrl-M) | 8 of 8, cached: 8 ✔
[03/7274d8] mbi…C-Bap1-ctrl-M-CHH-5-prime) | 24 of 24, cached: 24 ✔
[6a/f83b58] epi…ARR (evoC-Bap1-ctrl-M-CHG) | 24 of 24, cached: 24 ✔
[af/300b60] epi…PORT (evoC-Bap1-mut-F_CHH) | 24 of 24, cached: 16 ✔
[a3/ccd062] epi… (evoC_Bap1_run-genome-CG) | 3 of 3, cached: 3 ✔
[ba/0f088f] epi…ZARR (evoC-Bap1-ctrl-M-CG) | 8 of 8, cached: 8 ✔
[ef/2c82cf] epi…PORT (evoC-Bap1-ctrl-M_CG) | 8 of 8, cached: 8 ✔
[34/bb4ccb] epi…ZARR (evoC-Bap1-ctrl-M-CG) | 8 of 8, cached: 8 ✔
[cd/0be07a] epi…PORT (evoC-Bap1-ctrl-M_CG) | 8 of 8, cached: 8 ✔
[ab/4b9b86] epi…voC_Bap1_run-long_ctrl-CG) | 1 of 1, cached: 1 ✔
[0e/f525a2] summary:DQSPY (evoC_Bap1_run)  | 1 of 1, cached: 1 ✔
[59/128174] sum…INE_REPORT (evoC_Bap1_run) | 0 of 1
Plus 2 more processes waiting for tasks…

executor >  slurm (59)
[59/0f64df] res…W (evoC-Bap1-ctrl-M, L000) | 8 of 8, cached: 8 ✔
[94/d508a3] res…evoC-Bap1-ctrl-F-B2, L004) | 8 of 8, cached: 8 ✔
[-        ] resolve_align:FASTQC_RESOLVED  -
[b1/5265d3] res…2 (evoC-Bap1-ctrl-M, L000) | 8 of 8, cached: 8 ✔
[-        ] res…align:SAMTOOLS_MERGE_LANES -
[-        ] resolve_align:PRESEQ           -
[35/14a656] bam…:BAMLET (evoC-Bap1-ctrl-M) | 8 of 8, cached: 8 ✔
[e7/93c471] bam…P_BAMQC (evoC-Bap1-ctrl-M) | 8 of 8, cached: 8 ✔
[d7/91957f] bam…SS_BIAS (evoC-Bap1-ctrl-M) | 8 of 8, cached: 8 ✔
[-        ] bam…:DEEPTOOLS_PLOTFINGERPRINT -
[a0/ae2497] bam…_GCBIAS (evoC-Bap1-ctrl-M) | 8 of 8, cached: 8 ✔
[54/59c035] bam…CCURACY (evoC-Bap1-ctrl-M) | 8 of 8, cached: 8 ✔
[6d/56ee13] var…_CALLER (evoC-Bap1-ctrl-M) | 8 of 8, cached: 8 ✔
[ab/68d0ab] var…NTERVALS (GRCm38_filtered) | 1 of 1, cached: 1 ✔
[9b/3fa866] var…DB_IMPORT (Interval: 0010) | 20 of 20 ✔
[3e/a6413d] var…YPE_GVCFS (Interval: 0010) | 20 of 20 ✔
[59/6a51e6] var…t_calling:MERGE_JOINT_VCFS | 1 of 1 ✔
[4a/c60f9d] var…g_vcf, evoC-Bap1-mut-F-B2) | 8 of 8 ✔
[f6/139495] var…_calling:MERGE_ASM_OUTPUTS | 1 of 1 ✔
[6c/0aef18] var…MUTECT2 (evoC-Bap1-ctrl-M) | 8 of 8, cached: 8 ✔
[03/7274d8] mbi…C-Bap1-ctrl-M-CHH-5-prime) | 24 of 24, cached: 24 ✔
[6a/f83b58] epi…ARR (evoC-Bap1-ctrl-M-CHG) | 24 of 24, cached: 24 ✔
[af/300b60] epi…PORT (evoC-Bap1-mut-F_CHH) | 24 of 24, cached: 16 ✔
[a3/ccd062] epi… (evoC_Bap1_run-genome-CG) | 3 of 3, cached: 3 ✔
[ba/0f088f] epi…ZARR (evoC-Bap1-ctrl-M-CG) | 8 of 8, cached: 8 ✔
[ef/2c82cf] epi…PORT (evoC-Bap1-ctrl-M_CG) | 8 of 8, cached: 8 ✔
[34/bb4ccb] epi…ZARR (evoC-Bap1-ctrl-M-CG) | 8 of 8, cached: 8 ✔
[cd/0be07a] epi…PORT (evoC-Bap1-ctrl-M_CG) | 8 of 8, cached: 8 ✔
[ab/4b9b86] epi…voC_Bap1_run-long_ctrl-CG) | 1 of 1, cached: 1 ✔
[0e/f525a2] summary:DQSPY (evoC_Bap1_run)  | 1 of 1, cached: 1 ✔
[59/128174] sum…INE_REPORT (evoC_Bap1_run) | 0 of 1
Plus 2 more processes waiting for tasks…

executor >  slurm (59)
[59/0f64df] res…W (evoC-Bap1-ctrl-M, L000) | 8 of 8, cached: 8 ✔
[94/d508a3] res…evoC-Bap1-ctrl-F-B2, L004) | 8 of 8, cached: 8 ✔
[-        ] resolve_align:FASTQC_RESOLVED  -
[b1/5265d3] res…2 (evoC-Bap1-ctrl-M, L000) | 8 of 8, cached: 8 ✔
[-        ] res…align:SAMTOOLS_MERGE_LANES -
[-        ] resolve_align:PRESEQ           -
[35/14a656] bam…:BAMLET (evoC-Bap1-ctrl-M) | 8 of 8, cached: 8 ✔
[e7/93c471] bam…P_BAMQC (evoC-Bap1-ctrl-M) | 8 of 8, cached: 8 ✔
[d7/91957f] bam…SS_BIAS (evoC-Bap1-ctrl-M) | 8 of 8, cached: 8 ✔
[-        ] bam…:DEEPTOOLS_PLOTFINGERPRINT -
[a0/ae2497] bam…_GCBIAS (evoC-Bap1-ctrl-M) | 8 of 8, cached: 8 ✔
[54/59c035] bam…CCURACY (evoC-Bap1-ctrl-M) | 8 of 8, cached: 8 ✔
[6d/56ee13] var…_CALLER (evoC-Bap1-ctrl-M) | 8 of 8, cached: 8 ✔
[ab/68d0ab] var…NTERVALS (GRCm38_filtered) | 1 of 1, cached: 1 ✔
[9b/3fa866] var…DB_IMPORT (Interval: 0010) | 20 of 20 ✔
[3e/a6413d] var…YPE_GVCFS (Interval: 0010) | 20 of 20 ✔
[59/6a51e6] var…t_calling:MERGE_JOINT_VCFS | 1 of 1 ✔
[4a/c60f9d] var…g_vcf, evoC-Bap1-mut-F-B2) | 8 of 8 ✔
[f6/139495] var…_calling:MERGE_ASM_OUTPUTS | 1 of 1 ✔
[6c/0aef18] var…MUTECT2 (evoC-Bap1-ctrl-M) | 8 of 8, cached: 8 ✔
[03/7274d8] mbi…C-Bap1-ctrl-M-CHH-5-prime) | 24 of 24, cached: 24 ✔
[6a/f83b58] epi…ARR (evoC-Bap1-ctrl-M-CHG) | 24 of 24, cached: 24 ✔
[af/300b60] epi…PORT (evoC-Bap1-mut-F_CHH) | 24 of 24, cached: 16 ✔
[a3/ccd062] epi… (evoC_Bap1_run-genome-CG) | 3 of 3, cached: 3 ✔
[ba/0f088f] epi…ZARR (evoC-Bap1-ctrl-M-CG) | 8 of 8, cached: 8 ✔
[ef/2c82cf] epi…PORT (evoC-Bap1-ctrl-M_CG) | 8 of 8, cached: 8 ✔
[34/bb4ccb] epi…ZARR (evoC-Bap1-ctrl-M-CG) | 8 of 8, cached: 8 ✔
[cd/0be07a] epi…PORT (evoC-Bap1-ctrl-M_CG) | 8 of 8, cached: 8 ✔
[ab/4b9b86] epi…voC_Bap1_run-long_ctrl-CG) | 1 of 1, cached: 1 ✔
[0e/f525a2] summary:DQSPY (evoC_Bap1_run)  | 1 of 1, cached: 1 ✔
[59/128174] sum…INE_REPORT (evoC_Bap1_run) | 1 of 1 ✔
Plus 2 more processes waiting for tasks…

executor >  slurm (60)
[59/0f64df] res…W (evoC-Bap1-ctrl-M, L000) | 8 of 8, cached: 8 ✔
[94/d508a3] res…evoC-Bap1-ctrl-F-B2, L004) | 8 of 8, cached: 8 ✔
[-        ] resolve_align:FASTQC_RESOLVED  -
[b1/5265d3] res…2 (evoC-Bap1-ctrl-M, L000) | 8 of 8, cached: 8 ✔
[-        ] res…align:SAMTOOLS_MERGE_LANES -
[-        ] resolve_align:PRESEQ           -
[35/14a656] bam…:BAMLET (evoC-Bap1-ctrl-M) | 8 of 8, cached: 8 ✔
[e7/93c471] bam…P_BAMQC (evoC-Bap1-ctrl-M) | 8 of 8, cached: 8 ✔
[d7/91957f] bam…SS_BIAS (evoC-Bap1-ctrl-M) | 8 of 8, cached: 8 ✔
[-        ] bam…:DEEPTOOLS_PLOTFINGERPRINT -
[a0/ae2497] bam…_GCBIAS (evoC-Bap1-ctrl-M) | 8 of 8, cached: 8 ✔
[54/59c035] bam…CCURACY (evoC-Bap1-ctrl-M) | 8 of 8, cached: 8 ✔
[6d/56ee13] var…_CALLER (evoC-Bap1-ctrl-M) | 8 of 8, cached: 8 ✔
[ab/68d0ab] var…NTERVALS (GRCm38_filtered) | 1 of 1, cached: 1 ✔
[9b/3fa866] var…DB_IMPORT (Interval: 0010) | 20 of 20 ✔
[3e/a6413d] var…YPE_GVCFS (Interval: 0010) | 20 of 20 ✔
[59/6a51e6] var…t_calling:MERGE_JOINT_VCFS | 1 of 1 ✔
[4a/c60f9d] var…g_vcf, evoC-Bap1-mut-F-B2) | 8 of 8 ✔
[f6/139495] var…_calling:MERGE_ASM_OUTPUTS | 1 of 1 ✔
[6c/0aef18] var…MUTECT2 (evoC-Bap1-ctrl-M) | 8 of 8, cached: 8 ✔
[03/7274d8] mbi…C-Bap1-ctrl-M-CHH-5-prime) | 24 of 24, cached: 24 ✔
[6a/f83b58] epi…ARR (evoC-Bap1-ctrl-M-CHG) | 24 of 24, cached: 24 ✔
[af/300b60] epi…PORT (evoC-Bap1-mut-F_CHH) | 24 of 24, cached: 16 ✔
[a3/ccd062] epi… (evoC_Bap1_run-genome-CG) | 3 of 3, cached: 3 ✔
[ba/0f088f] epi…ZARR (evoC-Bap1-ctrl-M-CG) | 8 of 8, cached: 8 ✔
[ef/2c82cf] epi…PORT (evoC-Bap1-ctrl-M_CG) | 8 of 8, cached: 8 ✔
[34/bb4ccb] epi…ZARR (evoC-Bap1-ctrl-M-CG) | 8 of 8, cached: 8 ✔
[cd/0be07a] epi…PORT (evoC-Bap1-ctrl-M_CG) | 8 of 8, cached: 8 ✔
[ab/4b9b86] epi…voC_Bap1_run-long_ctrl-CG) | 1 of 1, cached: 1 ✔
[0e/f525a2] summary:DQSPY (evoC_Bap1_run)  | 1 of 1, cached: 1 ✔
[59/128174] sum…INE_REPORT (evoC_Bap1_run) | 1 of 1 ✔
[b5/c71c05] sum…ry:MULTIQC (evoC_Bap1_run) | 0 of 1
Plus 1 more processes waiting for tasks…

executor >  slurm (60)
[59/0f64df] res…W (evoC-Bap1-ctrl-M, L000) | 8 of 8, cached: 8 ✔
[94/d508a3] res…evoC-Bap1-ctrl-F-B2, L004) | 8 of 8, cached: 8 ✔
[-        ] resolve_align:FASTQC_RESOLVED  -
[b1/5265d3] res…2 (evoC-Bap1-ctrl-M, L000) | 8 of 8, cached: 8 ✔
[-        ] res…align:SAMTOOLS_MERGE_LANES -
[-        ] resolve_align:PRESEQ           -
[35/14a656] bam…:BAMLET (evoC-Bap1-ctrl-M) | 8 of 8, cached: 8 ✔
[e7/93c471] bam…P_BAMQC (evoC-Bap1-ctrl-M) | 8 of 8, cached: 8 ✔
[d7/91957f] bam…SS_BIAS (evoC-Bap1-ctrl-M) | 8 of 8, cached: 8 ✔
[-        ] bam…:DEEPTOOLS_PLOTFINGERPRINT -
[a0/ae2497] bam…_GCBIAS (evoC-Bap1-ctrl-M) | 8 of 8, cached: 8 ✔
[54/59c035] bam…CCURACY (evoC-Bap1-ctrl-M) | 8 of 8, cached: 8 ✔
[6d/56ee13] var…_CALLER (evoC-Bap1-ctrl-M) | 8 of 8, cached: 8 ✔
[ab/68d0ab] var…NTERVALS (GRCm38_filtered) | 1 of 1, cached: 1 ✔
[9b/3fa866] var…DB_IMPORT (Interval: 0010) | 20 of 20 ✔
[3e/a6413d] var…YPE_GVCFS (Interval: 0010) | 20 of 20 ✔
[59/6a51e6] var…t_calling:MERGE_JOINT_VCFS | 1 of 1 ✔
[4a/c60f9d] var…g_vcf, evoC-Bap1-mut-F-B2) | 8 of 8 ✔
[f6/139495] var…_calling:MERGE_ASM_OUTPUTS | 1 of 1 ✔
[6c/0aef18] var…MUTECT2 (evoC-Bap1-ctrl-M) | 8 of 8, cached: 8 ✔
[03/7274d8] mbi…C-Bap1-ctrl-M-CHH-5-prime) | 24 of 24, cached: 24 ✔
[6a/f83b58] epi…ARR (evoC-Bap1-ctrl-M-CHG) | 24 of 24, cached: 24 ✔
[af/300b60] epi…PORT (evoC-Bap1-mut-F_CHH) | 24 of 24, cached: 16 ✔
[a3/ccd062] epi… (evoC_Bap1_run-genome-CG) | 3 of 3, cached: 3 ✔
[ba/0f088f] epi…ZARR (evoC-Bap1-ctrl-M-CG) | 8 of 8, cached: 8 ✔
[ef/2c82cf] epi…PORT (evoC-Bap1-ctrl-M_CG) | 8 of 8, cached: 8 ✔
[34/bb4ccb] epi…ZARR (evoC-Bap1-ctrl-M-CG) | 8 of 8, cached: 8 ✔
[cd/0be07a] epi…PORT (evoC-Bap1-ctrl-M_CG) | 8 of 8, cached: 8 ✔
[ab/4b9b86] epi…voC_Bap1_run-long_ctrl-CG) | 1 of 1, cached: 1 ✔
[0e/f525a2] summary:DQSPY (evoC_Bap1_run)  | 1 of 1, cached: 1 ✔
[59/128174] sum…INE_REPORT (evoC_Bap1_run) | 1 of 1 ✔
[b5/c71c05] sum…ry:MULTIQC (evoC_Bap1_run) | 0 of 1
Plus 1 more processes waiting for tasks…

executor >  slurm (60)
[59/0f64df] res…W (evoC-Bap1-ctrl-M, L000) | 8 of 8, cached: 8 ✔
[94/d508a3] res…evoC-Bap1-ctrl-F-B2, L004) | 8 of 8, cached: 8 ✔
[-        ] resolve_align:FASTQC_RESOLVED  -
[b1/5265d3] res…2 (evoC-Bap1-ctrl-M, L000) | 8 of 8, cached: 8 ✔
[-        ] res…align:SAMTOOLS_MERGE_LANES -
[-        ] resolve_align:PRESEQ           -
[35/14a656] bam…:BAMLET (evoC-Bap1-ctrl-M) | 8 of 8, cached: 8 ✔
[e7/93c471] bam…P_BAMQC (evoC-Bap1-ctrl-M) | 8 of 8, cached: 8 ✔
[d7/91957f] bam…SS_BIAS (evoC-Bap1-ctrl-M) | 8 of 8, cached: 8 ✔
[-        ] bam…:DEEPTOOLS_PLOTFINGERPRINT -
[a0/ae2497] bam…_GCBIAS (evoC-Bap1-ctrl-M) | 8 of 8, cached: 8 ✔
[54/59c035] bam…CCURACY (evoC-Bap1-ctrl-M) | 8 of 8, cached: 8 ✔
[6d/56ee13] var…_CALLER (evoC-Bap1-ctrl-M) | 8 of 8, cached: 8 ✔
[ab/68d0ab] var…NTERVALS (GRCm38_filtered) | 1 of 1, cached: 1 ✔
[9b/3fa866] var…DB_IMPORT (Interval: 0010) | 20 of 20 ✔
[3e/a6413d] var…YPE_GVCFS (Interval: 0010) | 20 of 20 ✔
[59/6a51e6] var…t_calling:MERGE_JOINT_VCFS | 1 of 1 ✔
[4a/c60f9d] var…g_vcf, evoC-Bap1-mut-F-B2) | 8 of 8 ✔
[f6/139495] var…_calling:MERGE_ASM_OUTPUTS | 1 of 1 ✔
[6c/0aef18] var…MUTECT2 (evoC-Bap1-ctrl-M) | 8 of 8, cached: 8 ✔
[03/7274d8] mbi…C-Bap1-ctrl-M-CHH-5-prime) | 24 of 24, cached: 24 ✔
[6a/f83b58] epi…ARR (evoC-Bap1-ctrl-M-CHG) | 24 of 24, cached: 24 ✔
[af/300b60] epi…PORT (evoC-Bap1-mut-F_CHH) | 24 of 24, cached: 16 ✔
[a3/ccd062] epi… (evoC_Bap1_run-genome-CG) | 3 of 3, cached: 3 ✔
[ba/0f088f] epi…ZARR (evoC-Bap1-ctrl-M-CG) | 8 of 8, cached: 8 ✔
[ef/2c82cf] epi…PORT (evoC-Bap1-ctrl-M_CG) | 8 of 8, cached: 8 ✔
[34/bb4ccb] epi…ZARR (evoC-Bap1-ctrl-M-CG) | 8 of 8, cached: 8 ✔
[cd/0be07a] epi…PORT (evoC-Bap1-ctrl-M_CG) | 8 of 8, cached: 8 ✔
[ab/4b9b86] epi…voC_Bap1_run-long_ctrl-CG) | 1 of 1, cached: 1 ✔
[0e/f525a2] summary:DQSPY (evoC_Bap1_run)  | 1 of 1, cached: 1 ✔
[59/128174] sum…INE_REPORT (evoC_Bap1_run) | 1 of 1 ✔
[b5/c71c05] sum…ry:MULTIQC (evoC_Bap1_run) | 1 of 1 ✔
Plus 1 more processes waiting for tasks…

executor >  slurm (60)
[59/0f64df] res…W (evoC-Bap1-ctrl-M, L000) | 8 of 8, cached: 8 ✔
[94/d508a3] res…evoC-Bap1-ctrl-F-B2, L004) | 8 of 8, cached: 8 ✔
[-        ] resolve_align:FASTQC_RESOLVED  -
[b1/5265d3] res…2 (evoC-Bap1-ctrl-M, L000) | 8 of 8, cached: 8 ✔
[-        ] res…align:SAMTOOLS_MERGE_LANES -
[-        ] resolve_align:PRESEQ           -
[35/14a656] bam…:BAMLET (evoC-Bap1-ctrl-M) | 8 of 8, cached: 8 ✔
[e7/93c471] bam…P_BAMQC (evoC-Bap1-ctrl-M) | 8 of 8, cached: 8 ✔
[d7/91957f] bam…SS_BIAS (evoC-Bap1-ctrl-M) | 8 of 8, cached: 8 ✔
[-        ] bam…:DEEPTOOLS_PLOTFINGERPRINT -
[a0/ae2497] bam…_GCBIAS (evoC-Bap1-ctrl-M) | 8 of 8, cached: 8 ✔
[54/59c035] bam…CCURACY (evoC-Bap1-ctrl-M) | 8 of 8, cached: 8 ✔
[6d/56ee13] var…_CALLER (evoC-Bap1-ctrl-M) | 8 of 8, cached: 8 ✔
[ab/68d0ab] var…NTERVALS (GRCm38_filtered) | 1 of 1, cached: 1 ✔
[9b/3fa866] var…DB_IMPORT (Interval: 0010) | 20 of 20 ✔
[3e/a6413d] var…YPE_GVCFS (Interval: 0010) | 20 of 20 ✔
[59/6a51e6] var…t_calling:MERGE_JOINT_VCFS | 1 of 1 ✔
[4a/c60f9d] var…g_vcf, evoC-Bap1-mut-F-B2) | 8 of 8 ✔
[f6/139495] var…_calling:MERGE_ASM_OUTPUTS | 1 of 1 ✔
[6c/0aef18] var…MUTECT2 (evoC-Bap1-ctrl-M) | 8 of 8, cached: 8 ✔
[03/7274d8] mbi…C-Bap1-ctrl-M-CHH-5-prime) | 24 of 24, cached: 24 ✔
[6a/f83b58] epi…ARR (evoC-Bap1-ctrl-M-CHG) | 24 of 24, cached: 24 ✔
[af/300b60] epi…PORT (evoC-Bap1-mut-F_CHH) | 24 of 24, cached: 16 ✔
[a3/ccd062] epi… (evoC_Bap1_run-genome-CG) | 3 of 3, cached: 3 ✔
[ba/0f088f] epi…ZARR (evoC-Bap1-ctrl-M-CG) | 8 of 8, cached: 8 ✔
[ef/2c82cf] epi…PORT (evoC-Bap1-ctrl-M_CG) | 8 of 8, cached: 8 ✔
[34/bb4ccb] epi…ZARR (evoC-Bap1-ctrl-M-CG) | 8 of 8, cached: 8 ✔
[cd/0be07a] epi…PORT (evoC-Bap1-ctrl-M_CG) | 8 of 8, cached: 8 ✔
[ab/4b9b86] epi…voC_Bap1_run-long_ctrl-CG) | 1 of 1, cached: 1 ✔
[0e/f525a2] summary:DQSPY (evoC_Bap1_run)  | 1 of 1, cached: 1 ✔
[59/128174] sum…INE_REPORT (evoC_Bap1_run) | 1 of 1 ✔
[b5/c71c05] sum…ry:MULTIQC (evoC_Bap1_run) | 1 of 1 ✔
Plus 1 more processes waiting for tasks…
Completed at: 29-Mar-2026 17:46:25
Duration    : 15h 38m 37s
CPU hours   : 4'427.1 (65.7% cached)
Succeeded   : 60
Cached      : 182



=========================================
End time: Sun Mar 29 17:46:26 PDT 2026
=========================================
