=========================================
Duet evoC Bap1 Run
=========================================
Job ID: 46601265
Node: exp-2-26
CPUs: 16
Memory: 128GB
Start time: Thu Feb 19 08:11:41 PST 2026
=========================================


 N E X T F L O W   ~  version 25.04.8

Launching `/expanse/lustre/projects/csd940/zalibhai/biomodal/pipelines/duet/1.5.0/main.nf` [intergalactic_mcnulty] DSL2 - revision: c04799865d

[-        ] resolve_align:FASTQC_RAW -
[-        ] resolve_align:PRELUDE    -

[-        ] resolve_align:FASTQC_RAW       -
[-        ] resolve_align:PRELUDE          -
[-        ] resolve_align:FASTQC_RESOLVED  -
[-        ] resolve_align:BWA_MEM2         -
[-        ] res…align:SAMTOOLS_MERGE_LANES -
[-        ] resolve_align:PRESEQ           -
[-        ] bamlet:BAMLET                  -
[-        ] bamlet:QUALIMAP_BAMQC          -
[-        ] bam_stats_genome:TSS_BIAS      -
[-        ] bam…:DEEPTOOLS_PLOTFINGERPRINT -
[-        ] bam_stats_genome:PICARD_GCBIAS -
[-        ] bam…LONG_CTRL_GENETIC_ACCURACY -

[-        ] resolve_align:FASTQC_RAW       -
[-        ] resolve_align:PRELUDE          -
[-        ] resolve_align:FASTQC_RESOLVED  -
[-        ] resolve_align:BWA_MEM2         -
[-        ] res…align:SAMTOOLS_MERGE_LANES -
[-        ] resolve_align:PRESEQ           -
[-        ] bamlet:BAMLET                  -
[-        ] bamlet:QUALIMAP_BAMQC          -
[-        ] bam_stats_genome:TSS_BIAS      -
[-        ] bam…:DEEPTOOLS_PLOTFINGERPRINT -
[-        ] bam_stats_genome:PICARD_GCBIAS -
[-        ] bam…LONG_CTRL_GENETIC_ACCURACY -
[-        ] var…t_calling:HAPLOTYPE_CALLER -
[-        ] var…nt_calling:SPLIT_INTERVALS -
[-        ] var…calling:GENOMICS_DB_IMPORT -
[-        ] variant_calling:GENOTYPE_GVCFS -
[-        ] var…t_calling:MERGE_JOINT_VCFS -
[-        ] variant_calling:ASM            -
[-        ] var…_calling:MERGE_ASM_OUTPUTS -
[-        ] variant_calling:MUTECT2        -
Plus 5 more processes waiting for tasks…
Running somatic variant calling with Mutect2

[-        ] resolve_align:FASTQC_RAW       -
[-        ] resolve_align:PRELUDE          -
[-        ] resolve_align:FASTQC_RESOLVED  -
[-        ] resolve_align:BWA_MEM2         -
[-        ] res…align:SAMTOOLS_MERGE_LANES -
[-        ] resolve_align:PRESEQ           -
[-        ] bamlet:BAMLET                  -
[-        ] bamlet:QUALIMAP_BAMQC          -
[-        ] bam_stats_genome:TSS_BIAS      -
[-        ] bam…:DEEPTOOLS_PLOTFINGERPRINT -
[-        ] bam_stats_genome:PICARD_GCBIAS -
[-        ] bam…LONG_CTRL_GENETIC_ACCURACY -
[-        ] var…t_calling:HAPLOTYPE_CALLER -
[-        ] var…nt_calling:SPLIT_INTERVALS -
[-        ] var…calling:GENOMICS_DB_IMPORT -
[-        ] variant_calling:GENOTYPE_GVCFS -
[-        ] var…t_calling:MERGE_JOINT_VCFS -
[-        ] variant_calling:ASM            -
[-        ] var…_calling:MERGE_ASM_OUTPUTS -
[-        ] variant_calling:MUTECT2        -
Plus 13 more processes waiting for tasks…
Running somatic variant calling with Mutect2

[-        ] resolve_align:FASTQC_RAW       | 0 of 2
[-        ] resolve_align:PRELUDE          -
[-        ] resolve_align:FASTQC_RESOLVED  -
[-        ] resolve_align:BWA_MEM2         -
[-        ] res…align:SAMTOOLS_MERGE_LANES -
[-        ] resolve_align:PRESEQ           -
[-        ] bamlet:BAMLET                  -
[-        ] bamlet:QUALIMAP_BAMQC          -
[-        ] bam_stats_genome:TSS_BIAS      -
[-        ] bam…:DEEPTOOLS_PLOTFINGERPRINT -
[-        ] bam_stats_genome:PICARD_GCBIAS -
[-        ] bam…LONG_CTRL_GENETIC_ACCURACY -
[-        ] var…t_calling:HAPLOTYPE_CALLER -
[-        ] var…nt_calling:SPLIT_INTERVALS -
[-        ] var…calling:GENOMICS_DB_IMPORT -
[-        ] variant_calling:GENOTYPE_GVCFS -
[-        ] var…t_calling:MERGE_JOINT_VCFS -
[-        ] variant_calling:ASM            -
[-        ] var…_calling:MERGE_ASM_OUTPUTS -
[-        ] variant_calling:MUTECT2        -
Plus 13 more processes waiting for tasks…
Running somatic variant calling with Mutect2

[-        ] resolve_align:FASTQC_RAW       | 0 of 4
[-        ] resolve_align:PRELUDE          | 0 of 4
[-        ] resolve_align:FASTQC_RESOLVED  -
[-        ] resolve_align:BWA_MEM2         -
[-        ] res…align:SAMTOOLS_MERGE_LANES -
[-        ] resolve_align:PRESEQ           -
[-        ] bamlet:BAMLET                  -
[-        ] bamlet:QUALIMAP_BAMQC          -
[-        ] bam_stats_genome:TSS_BIAS      -
[-        ] bam…:DEEPTOOLS_PLOTFINGERPRINT -
[-        ] bam_stats_genome:PICARD_GCBIAS -
[-        ] bam…LONG_CTRL_GENETIC_ACCURACY -
[-        ] var…t_calling:HAPLOTYPE_CALLER -
[-        ] var…nt_calling:SPLIT_INTERVALS -
[-        ] var…calling:GENOMICS_DB_IMPORT -
[-        ] variant_calling:GENOTYPE_GVCFS -
[-        ] var…t_calling:MERGE_JOINT_VCFS -
[-        ] variant_calling:ASM            -
[-        ] var…_calling:MERGE_ASM_OUTPUTS -
[-        ] variant_calling:MUTECT2        -
Plus 13 more processes waiting for tasks…
Running somatic variant calling with Mutect2

executor >  slurm (1)
[0b/5c210c] res…AW (evoC-Bap1-mut-M, L002) | 0 of 4
[-        ] resolve_align:PRELUDE          | 0 of 4
[-        ] resolve_align:FASTQC_RESOLVED  -
[-        ] resolve_align:BWA_MEM2         -
[-        ] res…align:SAMTOOLS_MERGE_LANES -
[-        ] resolve_align:PRESEQ           -
[-        ] bamlet:BAMLET                  -
[-        ] bamlet:QUALIMAP_BAMQC          -
[-        ] bam_stats_genome:TSS_BIAS      -
[-        ] bam…:DEEPTOOLS_PLOTFINGERPRINT -
[-        ] bam_stats_genome:PICARD_GCBIAS -
[-        ] bam…LONG_CTRL_GENETIC_ACCURACY -
[-        ] var…t_calling:HAPLOTYPE_CALLER -
[-        ] var…nt_calling:SPLIT_INTERVALS -
[-        ] var…calling:GENOMICS_DB_IMPORT -
[-        ] variant_calling:GENOTYPE_GVCFS -
[-        ] var…t_calling:MERGE_JOINT_VCFS -
[-        ] variant_calling:ASM            -
[-        ] var…_calling:MERGE_ASM_OUTPUTS -
[-        ] variant_calling:MUTECT2        -
Plus 13 more processes waiting for tasks…
Running somatic variant calling with Mutect2

executor >  slurm (2)
[52/6a699d] res…AW (evoC-Bap1-mut-F, L002) | 0 of 4
[-        ] resolve_align:PRELUDE          | 0 of 4
[-        ] resolve_align:FASTQC_RESOLVED  -
[-        ] resolve_align:BWA_MEM2         -
[-        ] res…align:SAMTOOLS_MERGE_LANES -
[-        ] resolve_align:PRESEQ           -
[-        ] bamlet:BAMLET                  -
[-        ] bamlet:QUALIMAP_BAMQC          -
[-        ] bam_stats_genome:TSS_BIAS      -
[-        ] bam…:DEEPTOOLS_PLOTFINGERPRINT -
[-        ] bam_stats_genome:PICARD_GCBIAS -
[-        ] bam…LONG_CTRL_GENETIC_ACCURACY -
[-        ] var…t_calling:HAPLOTYPE_CALLER -
[-        ] var…nt_calling:SPLIT_INTERVALS -
[-        ] var…calling:GENOMICS_DB_IMPORT -
[-        ] variant_calling:GENOTYPE_GVCFS -
[-        ] var…t_calling:MERGE_JOINT_VCFS -
[-        ] variant_calling:ASM            -
[-        ] var…_calling:MERGE_ASM_OUTPUTS -
[-        ] variant_calling:MUTECT2        -
Plus 13 more processes waiting for tasks…
Running somatic variant calling with Mutect2

executor >  slurm (3)
[a7/598236] res…W (evoC-Bap1-ctrl-M, L002) | 0 of 4
[-        ] resolve_align:PRELUDE          | 0 of 4
[-        ] resolve_align:FASTQC_RESOLVED  -
[-        ] resolve_align:BWA_MEM2         -
[-        ] res…align:SAMTOOLS_MERGE_LANES -
[-        ] resolve_align:PRESEQ           -
[-        ] bamlet:BAMLET                  -
[-        ] bamlet:QUALIMAP_BAMQC          -
[-        ] bam_stats_genome:TSS_BIAS      -
[-        ] bam…:DEEPTOOLS_PLOTFINGERPRINT -
[-        ] bam_stats_genome:PICARD_GCBIAS -
[-        ] bam…LONG_CTRL_GENETIC_ACCURACY -
[-        ] var…t_calling:HAPLOTYPE_CALLER -
[-        ] var…nt_calling:SPLIT_INTERVALS -
[-        ] var…calling:GENOMICS_DB_IMPORT -
[-        ] variant_calling:GENOTYPE_GVCFS -
[-        ] var…t_calling:MERGE_JOINT_VCFS -
[-        ] variant_calling:ASM            -
[-        ] var…_calling:MERGE_ASM_OUTPUTS -
[-        ] variant_calling:MUTECT2        -
Plus 13 more processes waiting for tasks…
Running somatic variant calling with Mutect2

executor >  slurm (5)
[57/34b340] res…W (evoC-Bap1-ctrl-F, L002) | 0 of 4
[a0/a84d3f] res…DE (evoC-Bap1-mut-M, L002) | 0 of 4
[-        ] resolve_align:FASTQC_RESOLVED  -
[-        ] resolve_align:BWA_MEM2         -
[-        ] res…align:SAMTOOLS_MERGE_LANES -
[-        ] resolve_align:PRESEQ           -
[-        ] bamlet:BAMLET                  -
[-        ] bamlet:QUALIMAP_BAMQC          -
[-        ] bam_stats_genome:TSS_BIAS      -
[-        ] bam…:DEEPTOOLS_PLOTFINGERPRINT -
[-        ] bam_stats_genome:PICARD_GCBIAS -
[-        ] bam…LONG_CTRL_GENETIC_ACCURACY -
[-        ] var…t_calling:HAPLOTYPE_CALLER -
[-        ] var…nt_calling:SPLIT_INTERVALS -
[-        ] var…calling:GENOMICS_DB_IMPORT -
[-        ] variant_calling:GENOTYPE_GVCFS -
[-        ] var…t_calling:MERGE_JOINT_VCFS -
[-        ] variant_calling:ASM            -
[-        ] var…_calling:MERGE_ASM_OUTPUTS -
[-        ] variant_calling:MUTECT2        -
Plus 13 more processes waiting for tasks…
Running somatic variant calling with Mutect2

executor >  slurm (6)
[57/34b340] res…W (evoC-Bap1-ctrl-F, L002) | 0 of 4
[80/4702a6] res…E (evoC-Bap1-ctrl-M, L002) | 0 of 4
[-        ] resolve_align:FASTQC_RESOLVED  -
[-        ] resolve_align:BWA_MEM2         -
[-        ] res…align:SAMTOOLS_MERGE_LANES -
[-        ] resolve_align:PRESEQ           -
[-        ] bamlet:BAMLET                  -
[-        ] bamlet:QUALIMAP_BAMQC          -
[-        ] bam_stats_genome:TSS_BIAS      -
[-        ] bam…:DEEPTOOLS_PLOTFINGERPRINT -
[-        ] bam_stats_genome:PICARD_GCBIAS -
[-        ] bam…LONG_CTRL_GENETIC_ACCURACY -
[-        ] var…t_calling:HAPLOTYPE_CALLER -
[-        ] var…nt_calling:SPLIT_INTERVALS -
[-        ] var…calling:GENOMICS_DB_IMPORT -
[-        ] variant_calling:GENOTYPE_GVCFS -
[-        ] var…t_calling:MERGE_JOINT_VCFS -
[-        ] variant_calling:ASM            -
[-        ] var…_calling:MERGE_ASM_OUTPUTS -
[-        ] variant_calling:MUTECT2        -
Plus 13 more processes waiting for tasks…
Running somatic variant calling with Mutect2

executor >  slurm (7)
[57/34b340] res…W (evoC-Bap1-ctrl-F, L002) | 0 of 4
[5b/a1da4a] res…DE (evoC-Bap1-mut-F, L002) | 0 of 4
[-        ] resolve_align:FASTQC_RESOLVED  -
[-        ] resolve_align:BWA_MEM2         -
[-        ] res…align:SAMTOOLS_MERGE_LANES -
[-        ] resolve_align:PRESEQ           -
[-        ] bamlet:BAMLET                  -
[-        ] bamlet:QUALIMAP_BAMQC          -
[-        ] bam_stats_genome:TSS_BIAS      -
[-        ] bam…:DEEPTOOLS_PLOTFINGERPRINT -
[-        ] bam_stats_genome:PICARD_GCBIAS -
[-        ] bam…LONG_CTRL_GENETIC_ACCURACY -
[-        ] var…t_calling:HAPLOTYPE_CALLER -
[-        ] var…nt_calling:SPLIT_INTERVALS -
[-        ] var…calling:GENOMICS_DB_IMPORT -
[-        ] variant_calling:GENOTYPE_GVCFS -
[-        ] var…t_calling:MERGE_JOINT_VCFS -
[-        ] variant_calling:ASM            -
[-        ] var…_calling:MERGE_ASM_OUTPUTS -
[-        ] variant_calling:MUTECT2        -
Plus 13 more processes waiting for tasks…
Running somatic variant calling with Mutect2

executor >  slurm (8)
[57/34b340] res…W (evoC-Bap1-ctrl-F, L002) | 0 of 4
[43/687145] res…E (evoC-Bap1-ctrl-F, L002) | 0 of 4
[-        ] resolve_align:FASTQC_RESOLVED  -
[-        ] resolve_align:BWA_MEM2         -
[-        ] res…align:SAMTOOLS_MERGE_LANES -
[-        ] resolve_align:PRESEQ           -
[-        ] bamlet:BAMLET                  -
[-        ] bamlet:QUALIMAP_BAMQC          -
[-        ] bam_stats_genome:TSS_BIAS      -
[-        ] bam…:DEEPTOOLS_PLOTFINGERPRINT -
[-        ] bam_stats_genome:PICARD_GCBIAS -
[-        ] bam…LONG_CTRL_GENETIC_ACCURACY -
[-        ] var…t_calling:HAPLOTYPE_CALLER -
[-        ] var…nt_calling:SPLIT_INTERVALS -
[-        ] var…calling:GENOMICS_DB_IMPORT -
[-        ] variant_calling:GENOTYPE_GVCFS -
[-        ] var…t_calling:MERGE_JOINT_VCFS -
[-        ] variant_calling:ASM            -
[-        ] var…_calling:MERGE_ASM_OUTPUTS -
[-        ] variant_calling:MUTECT2        -
Plus 13 more processes waiting for tasks…
Running somatic variant calling with Mutect2

executor >  slurm (8)
[57/34b340] res…W (evoC-Bap1-ctrl-F, L002) | 0 of 4
[43/687145] res…E (evoC-Bap1-ctrl-F, L002) | 0 of 4
[-        ] resolve_align:FASTQC_RESOLVED  -
[-        ] resolve_align:BWA_MEM2         -
[-        ] res…align:SAMTOOLS_MERGE_LANES -
[-        ] resolve_align:PRESEQ           -
[-        ] bamlet:BAMLET                  -
[-        ] bamlet:QUALIMAP_BAMQC          -
[-        ] bam_stats_genome:TSS_BIAS      -
[-        ] bam…:DEEPTOOLS_PLOTFINGERPRINT -
[-        ] bam_stats_genome:PICARD_GCBIAS -
[-        ] bam…LONG_CTRL_GENETIC_ACCURACY -
[-        ] var…t_calling:HAPLOTYPE_CALLER -
[-        ] var…nt_calling:SPLIT_INTERVALS -
[-        ] var…calling:GENOMICS_DB_IMPORT -
[-        ] variant_calling:GENOTYPE_GVCFS -
[-        ] var…t_calling:MERGE_JOINT_VCFS -
[-        ] variant_calling:ASM            -
[-        ] var…_calling:MERGE_ASM_OUTPUTS -
[-        ] variant_calling:MUTECT2        -
Plus 13 more processes waiting for tasks…


executor >  slurm (8)
[57/34b340] res…W (evoC-Bap1-ctrl-F, L002) | 0 of 4
[80/4702a6] res…E (evoC-Bap1-ctrl-M, L002) | 1 of 4
[-        ] resolve_align:FASTQC_RESOLVED  -
[-        ] resolve_align:BWA_MEM2         -
[-        ] res…align:SAMTOOLS_MERGE_LANES -
[-        ] resolve_align:PRESEQ           -
[-        ] bamlet:BAMLET                  -
[-        ] bamlet:QUALIMAP_BAMQC          -
[-        ] bam_stats_genome:TSS_BIAS      -
[-        ] bam…:DEEPTOOLS_PLOTFINGERPRINT -
[-        ] bam_stats_genome:PICARD_GCBIAS -
[-        ] bam…LONG_CTRL_GENETIC_ACCURACY -
[-        ] var…t_calling:HAPLOTYPE_CALLER -
[-        ] var…nt_calling:SPLIT_INTERVALS -
[-        ] var…calling:GENOMICS_DB_IMPORT -
[-        ] variant_calling:GENOTYPE_GVCFS -
[-        ] var…t_calling:MERGE_JOINT_VCFS -
[-        ] variant_calling:ASM            -
[-        ] var…_calling:MERGE_ASM_OUTPUTS -
[-        ] variant_calling:MUTECT2        -
Plus 13 more processes waiting for tasks…


executor >  slurm (9)
[57/34b340] res…W (evoC-Bap1-ctrl-F, L002) | 0 of 4
[80/4702a6] res…E (evoC-Bap1-ctrl-M, L002) | 1 of 4
[-        ] resolve_align:FASTQC_RESOLVED  -
[d9/49a4ae] res…2 (evoC-Bap1-ctrl-M, L002) | 0 of 1
[-        ] res…align:SAMTOOLS_MERGE_LANES -
[-        ] resolve_align:PRESEQ           -
[-        ] bamlet:BAMLET                  -
[-        ] bamlet:QUALIMAP_BAMQC          -
[-        ] bam_stats_genome:TSS_BIAS      -
[-        ] bam…:DEEPTOOLS_PLOTFINGERPRINT -
[-        ] bam_stats_genome:PICARD_GCBIAS -
[-        ] bam…LONG_CTRL_GENETIC_ACCURACY -
[-        ] var…t_calling:HAPLOTYPE_CALLER -
[-        ] var…nt_calling:SPLIT_INTERVALS -
[-        ] var…calling:GENOMICS_DB_IMPORT -
[-        ] variant_calling:GENOTYPE_GVCFS -
[-        ] var…t_calling:MERGE_JOINT_VCFS -
[-        ] variant_calling:ASM            -
[-        ] var…_calling:MERGE_ASM_OUTPUTS -
[-        ] variant_calling:MUTECT2        -
Plus 13 more processes waiting for tasks…

executor >  slurm (9)
[57/34b340] res…W (evoC-Bap1-ctrl-F, L002) | 0 of 4
[80/4702a6] res…E (evoC-Bap1-ctrl-M, L002) | 1 of 4
[-        ] resolve_align:FASTQC_RESOLVED  -
[d9/49a4ae] res…2 (evoC-Bap1-ctrl-M, L002) | 0 of 1
[-        ] res…align:SAMTOOLS_MERGE_LANES -
[-        ] resolve_align:PRESEQ           -
[-        ] bamlet:BAMLET                  -
[-        ] bamlet:QUALIMAP_BAMQC          -
[-        ] bam_stats_genome:TSS_BIAS      -
[-        ] bam…:DEEPTOOLS_PLOTFINGERPRINT -
[-        ] bam_stats_genome:PICARD_GCBIAS -
[-        ] bam…LONG_CTRL_GENETIC_ACCURACY -
[-        ] var…t_calling:HAPLOTYPE_CALLER -
[-        ] var…nt_calling:SPLIT_INTERVALS -
[-        ] var…calling:GENOMICS_DB_IMPORT -
[-        ] variant_calling:GENOTYPE_GVCFS -
[-        ] var…t_calling:MERGE_JOINT_VCFS -
[-        ] variant_calling:ASM            -
[-        ] var…_calling:MERGE_ASM_OUTPUTS -
[-        ] variant_calling:MUTECT2        -
Plus 13 more processes waiting for tasks…

executor >  slurm (9)
[57/34b340] res…W (evoC-Bap1-ctrl-F, L002) | 0 of 4
[43/687145] res…E (evoC-Bap1-ctrl-F, L002) | 2 of 4
[-        ] resolve_align:FASTQC_RESOLVED  -
[d9/49a4ae] res…2 (evoC-Bap1-ctrl-M, L002) | 0 of 2
[-        ] res…align:SAMTOOLS_MERGE_LANES -
[-        ] resolve_align:PRESEQ           -
[-        ] bamlet:BAMLET                  -
[-        ] bamlet:QUALIMAP_BAMQC          -
[-        ] bam_stats_genome:TSS_BIAS      -
[-        ] bam…:DEEPTOOLS_PLOTFINGERPRINT -
[-        ] bam_stats_genome:PICARD_GCBIAS -
[-        ] bam…LONG_CTRL_GENETIC_ACCURACY -
[-        ] var…t_calling:HAPLOTYPE_CALLER -
[-        ] var…nt_calling:SPLIT_INTERVALS -
[-        ] var…calling:GENOMICS_DB_IMPORT -
[-        ] variant_calling:GENOTYPE_GVCFS -
[-        ] var…t_calling:MERGE_JOINT_VCFS -
[-        ] variant_calling:ASM            -
[-        ] var…_calling:MERGE_ASM_OUTPUTS -
[-        ] variant_calling:MUTECT2        -
Plus 13 more processes waiting for tasks…

executor >  slurm (10)
[57/34b340] res…W (evoC-Bap1-ctrl-F, L002) | 0 of 4
[43/687145] res…E (evoC-Bap1-ctrl-F, L002) | 2 of 4
[-        ] resolve_align:FASTQC_RESOLVED  -
[35/0786b7] res…2 (evoC-Bap1-ctrl-F, L002) | 0 of 2
[-        ] res…align:SAMTOOLS_MERGE_LANES -
[-        ] resolve_align:PRESEQ           -
[-        ] bamlet:BAMLET                  -
[-        ] bamlet:QUALIMAP_BAMQC          -
[-        ] bam_stats_genome:TSS_BIAS      -
[-        ] bam…:DEEPTOOLS_PLOTFINGERPRINT -
[-        ] bam_stats_genome:PICARD_GCBIAS -
[-        ] bam…LONG_CTRL_GENETIC_ACCURACY -
[-        ] var…t_calling:HAPLOTYPE_CALLER -
[-        ] var…nt_calling:SPLIT_INTERVALS -
[-        ] var…calling:GENOMICS_DB_IMPORT -
[-        ] variant_calling:GENOTYPE_GVCFS -
[-        ] var…t_calling:MERGE_JOINT_VCFS -
[-        ] variant_calling:ASM            -
[-        ] var…_calling:MERGE_ASM_OUTPUTS -
[-        ] variant_calling:MUTECT2        -
Plus 13 more processes waiting for tasks…

executor >  slurm (10)
[57/34b340] res…W (evoC-Bap1-ctrl-F, L002) | 0 of 4
[43/687145] res…E (evoC-Bap1-ctrl-F, L002) | 2 of 4
[-        ] resolve_align:FASTQC_RESOLVED  -
[35/0786b7] res…2 (evoC-Bap1-ctrl-F, L002) | 0 of 2
[-        ] res…align:SAMTOOLS_MERGE_LANES -
[-        ] resolve_align:PRESEQ           -
[-        ] bamlet:BAMLET                  -
[-        ] bamlet:QUALIMAP_BAMQC          -
[-        ] bam_stats_genome:TSS_BIAS      -
[-        ] bam…:DEEPTOOLS_PLOTFINGERPRINT -
[-        ] bam_stats_genome:PICARD_GCBIAS -
[-        ] bam…LONG_CTRL_GENETIC_ACCURACY -
[-        ] var…t_calling:HAPLOTYPE_CALLER -
[-        ] var…nt_calling:SPLIT_INTERVALS -
[-        ] var…calling:GENOMICS_DB_IMPORT -
[-        ] variant_calling:GENOTYPE_GVCFS -
[-        ] var…t_calling:MERGE_JOINT_VCFS -
[-        ] variant_calling:ASM            -
[-        ] var…_calling:MERGE_ASM_OUTPUTS -
[-        ] variant_calling:MUTECT2        -
Plus 13 more processes waiting for tasks…

executor >  slurm (10)
[57/34b340] res…W (evoC-Bap1-ctrl-F, L002) | 0 of 4
[a0/a84d3f] res…DE (evoC-Bap1-mut-M, L002) | 3 of 4
[-        ] resolve_align:FASTQC_RESOLVED  -
[35/0786b7] res…2 (evoC-Bap1-ctrl-F, L002) | 0 of 3
[-        ] res…align:SAMTOOLS_MERGE_LANES -
[-        ] resolve_align:PRESEQ           -
[-        ] bamlet:BAMLET                  -
[-        ] bamlet:QUALIMAP_BAMQC          -
[-        ] bam_stats_genome:TSS_BIAS      -
[-        ] bam…:DEEPTOOLS_PLOTFINGERPRINT -
[-        ] bam_stats_genome:PICARD_GCBIAS -
[-        ] bam…LONG_CTRL_GENETIC_ACCURACY -
[-        ] var…t_calling:HAPLOTYPE_CALLER -
[-        ] var…nt_calling:SPLIT_INTERVALS -
[-        ] var…calling:GENOMICS_DB_IMPORT -
[-        ] variant_calling:GENOTYPE_GVCFS -
[-        ] var…t_calling:MERGE_JOINT_VCFS -
[-        ] variant_calling:ASM            -
[-        ] var…_calling:MERGE_ASM_OUTPUTS -
[-        ] variant_calling:MUTECT2        -
Plus 13 more processes waiting for tasks…

executor >  slurm (10)
[57/34b340] res…W (evoC-Bap1-ctrl-F, L002) | 0 of 4
[a0/a84d3f] res…DE (evoC-Bap1-mut-M, L002) | 3 of 4
[-        ] resolve_align:FASTQC_RESOLVED  -
[e8/a52446] res…M2 (evoC-Bap1-mut-M, L002) | 0 of 2, retries: 1
[-        ] res…align:SAMTOOLS_MERGE_LANES -
[-        ] resolve_align:PRESEQ           -
[-        ] bamlet:BAMLET                  -
[-        ] bamlet:QUALIMAP_BAMQC          -
[-        ] bam_stats_genome:TSS_BIAS      -
[-        ] bam…:DEEPTOOLS_PLOTFINGERPRINT -
[-        ] bam_stats_genome:PICARD_GCBIAS -
[-        ] bam…LONG_CTRL_GENETIC_ACCURACY -
[-        ] var…t_calling:HAPLOTYPE_CALLER -
[-        ] var…nt_calling:SPLIT_INTERVALS -
[-        ] var…calling:GENOMICS_DB_IMPORT -
[-        ] variant_calling:GENOTYPE_GVCFS -
[-        ] var…t_calling:MERGE_JOINT_VCFS -
[-        ] variant_calling:ASM            -
[-        ] var…_calling:MERGE_ASM_OUTPUTS -
[-        ] variant_calling:MUTECT2        -
Plus 13 more processes waiting for tasks…
[e8/a52446] NOTE: Error submitting process 'resolve_align:BWA_MEM2 (evoC-Bap1-mut-M, L002)' for execution -- Execution is retried (1)

executor >  slurm (10)
[57/34b340] res…W (evoC-Bap1-ctrl-F, L002) | 0 of 4
[a0/a84d3f] res…DE (evoC-Bap1-mut-M, L002) | 3 of 4
[-        ] resolve_align:FASTQC_RESOLVED  -
[e8/a52446] res…M2 (evoC-Bap1-mut-M, L002) | 0 of 3, retries: 1
[-        ] res…align:SAMTOOLS_MERGE_LANES -
[-        ] resolve_align:PRESEQ           -
[-        ] bamlet:BAMLET                  -
[-        ] bamlet:QUALIMAP_BAMQC          -
[-        ] bam_stats_genome:TSS_BIAS      -
[-        ] bam…:DEEPTOOLS_PLOTFINGERPRINT -
[-        ] bam_stats_genome:PICARD_GCBIAS -
[-        ] bam…LONG_CTRL_GENETIC_ACCURACY -
[-        ] var…t_calling:HAPLOTYPE_CALLER -
[-        ] var…nt_calling:SPLIT_INTERVALS -
[-        ] var…calling:GENOMICS_DB_IMPORT -
[-        ] variant_calling:GENOTYPE_GVCFS -
[-        ] var…t_calling:MERGE_JOINT_VCFS -
[-        ] variant_calling:ASM            -
[-        ] var…_calling:MERGE_ASM_OUTPUTS -
[-        ] variant_calling:MUTECT2        -
Plus 13 more processes waiting for tasks…
[e8/a52446] NOTE: Error submitting process 'resolve_align:BWA_MEM2 (evoC-Bap1-mut-M, L002)' for execution -- Execution is retried (1)

executor >  slurm (11)
[57/34b340] res…W (evoC-Bap1-ctrl-F, L002) | 0 of 4
[a0/a84d3f] res…DE (evoC-Bap1-mut-M, L002) | 3 of 4
[-        ] resolve_align:FASTQC_RESOLVED  -
[21/fd657d] res…M2 (evoC-Bap1-mut-M, L002) | 0 of 3, retries: 1
[-        ] res…align:SAMTOOLS_MERGE_LANES -
[-        ] resolve_align:PRESEQ           -
[-        ] bamlet:BAMLET                  -
[-        ] bamlet:QUALIMAP_BAMQC          -
[-        ] bam_stats_genome:TSS_BIAS      -
[-        ] bam…:DEEPTOOLS_PLOTFINGERPRINT -
[-        ] bam_stats_genome:PICARD_GCBIAS -
[-        ] bam…LONG_CTRL_GENETIC_ACCURACY -
[-        ] var…t_calling:HAPLOTYPE_CALLER -
[-        ] var…nt_calling:SPLIT_INTERVALS -
[-        ] var…calling:GENOMICS_DB_IMPORT -
[-        ] variant_calling:GENOTYPE_GVCFS -
[-        ] var…t_calling:MERGE_JOINT_VCFS -
[-        ] variant_calling:ASM            -
[-        ] var…_calling:MERGE_ASM_OUTPUTS -
[-        ] variant_calling:MUTECT2        -
Plus 13 more processes waiting for tasks…
[e8/a52446] NOTE: Error submitting process 'resolve_align:BWA_MEM2 (evoC-Bap1-mut-M, L002)' for execution -- Execution is retried (1)

executor >  slurm (11)
[57/34b340] res…W (evoC-Bap1-ctrl-F, L002) | 0 of 4
[a0/a84d3f] res…DE (evoC-Bap1-mut-M, L002) | 3 of 4
[-        ] resolve_align:FASTQC_RESOLVED  -
[21/fd657d] res…M2 (evoC-Bap1-mut-M, L002) | 0 of 3, retries: 1
[-        ] res…align:SAMTOOLS_MERGE_LANES -
[-        ] resolve_align:PRESEQ           -
[-        ] bamlet:BAMLET                  -
[-        ] bamlet:QUALIMAP_BAMQC          -
[-        ] bam_stats_genome:TSS_BIAS      -
[-        ] bam…:DEEPTOOLS_PLOTFINGERPRINT -
[-        ] bam_stats_genome:PICARD_GCBIAS -
[-        ] bam…LONG_CTRL_GENETIC_ACCURACY -
[-        ] var…t_calling:HAPLOTYPE_CALLER -
[-        ] var…nt_calling:SPLIT_INTERVALS -
[-        ] var…calling:GENOMICS_DB_IMPORT -
[-        ] variant_calling:GENOTYPE_GVCFS -
[-        ] var…t_calling:MERGE_JOINT_VCFS -
[-        ] variant_calling:ASM            -
[-        ] var…_calling:MERGE_ASM_OUTPUTS -
[-        ] variant_calling:MUTECT2        -
Plus 13 more processes waiting for tasks…


executor >  slurm (11)
[a7/598236] res…W (evoC-Bap1-ctrl-M, L002) | 1 of 4
[a0/a84d3f] res…DE (evoC-Bap1-mut-M, L002) | 3 of 4
[-        ] resolve_align:FASTQC_RESOLVED  -
[21/fd657d] res…M2 (evoC-Bap1-mut-M, L002) | 0 of 3, retries: 1
[-        ] res…align:SAMTOOLS_MERGE_LANES -
[-        ] resolve_align:PRESEQ           -
[-        ] bamlet:BAMLET                  -
[-        ] bamlet:QUALIMAP_BAMQC          -
[-        ] bam_stats_genome:TSS_BIAS      -
[-        ] bam…:DEEPTOOLS_PLOTFINGERPRINT -
[-        ] bam_stats_genome:PICARD_GCBIAS -
[-        ] bam…LONG_CTRL_GENETIC_ACCURACY -
[-        ] var…t_calling:HAPLOTYPE_CALLER -
[-        ] var…nt_calling:SPLIT_INTERVALS -
[-        ] var…calling:GENOMICS_DB_IMPORT -
[-        ] variant_calling:GENOTYPE_GVCFS -
[-        ] var…t_calling:MERGE_JOINT_VCFS -
[-        ] variant_calling:ASM            -
[-        ] var…_calling:MERGE_ASM_OUTPUTS -
[-        ] variant_calling:MUTECT2        -
Plus 13 more processes waiting for tasks…


executor >  slurm (11)
[a7/598236] res…W (evoC-Bap1-ctrl-M, L002) | 1 of 4
[5b/a1da4a] res…DE (evoC-Bap1-mut-F, L002) | 4 of 4 ✔
[-        ] resolve_align:FASTQC_RESOLVED  -
[21/fd657d] res…M2 (evoC-Bap1-mut-M, L002) | 0 of 4, retries: 1
[-        ] res…align:SAMTOOLS_MERGE_LANES -
[-        ] resolve_align:PRESEQ           -
[-        ] bamlet:BAMLET                  -
[-        ] bamlet:QUALIMAP_BAMQC          -
[-        ] bam_stats_genome:TSS_BIAS      -
[-        ] bam…:DEEPTOOLS_PLOTFINGERPRINT -
[-        ] bam_stats_genome:PICARD_GCBIAS -
[-        ] bam…LONG_CTRL_GENETIC_ACCURACY -
[-        ] var…t_calling:HAPLOTYPE_CALLER -
[-        ] var…nt_calling:SPLIT_INTERVALS -
[-        ] var…calling:GENOMICS_DB_IMPORT -
[-        ] variant_calling:GENOTYPE_GVCFS -
[-        ] var…t_calling:MERGE_JOINT_VCFS -
[-        ] variant_calling:ASM            -
[-        ] var…_calling:MERGE_ASM_OUTPUTS -
[-        ] variant_calling:MUTECT2        -
Plus 13 more processes waiting for tasks…

executor >  slurm (12)
[a7/598236] res…W (evoC-Bap1-ctrl-M, L002) | 1 of 4
[5b/a1da4a] res…DE (evoC-Bap1-mut-F, L002) | 4 of 4 ✔
[-        ] resolve_align:FASTQC_RESOLVED  -
[01/56f00b] res…M2 (evoC-Bap1-mut-F, L002) | 0 of 4, retries: 1
[-        ] res…align:SAMTOOLS_MERGE_LANES -
[-        ] resolve_align:PRESEQ           -
[-        ] bamlet:BAMLET                  -
[-        ] bamlet:QUALIMAP_BAMQC          -
[-        ] bam_stats_genome:TSS_BIAS      -
[-        ] bam…:DEEPTOOLS_PLOTFINGERPRINT -
[-        ] bam_stats_genome:PICARD_GCBIAS -
[-        ] bam…LONG_CTRL_GENETIC_ACCURACY -
[-        ] var…t_calling:HAPLOTYPE_CALLER -
[-        ] var…nt_calling:SPLIT_INTERVALS -
[-        ] var…calling:GENOMICS_DB_IMPORT -
[-        ] variant_calling:GENOTYPE_GVCFS -
[-        ] var…t_calling:MERGE_JOINT_VCFS -
[-        ] variant_calling:ASM            -
[-        ] var…_calling:MERGE_ASM_OUTPUTS -
[-        ] variant_calling:MUTECT2        -
Plus 13 more processes waiting for tasks…

executor >  slurm (12)
[a7/598236] res…W (evoC-Bap1-ctrl-M, L002) | 1 of 4
[5b/a1da4a] res…DE (evoC-Bap1-mut-F, L002) | 4 of 4 ✔
[-        ] resolve_align:FASTQC_RESOLVED  -
[01/56f00b] res…M2 (evoC-Bap1-mut-F, L002) | 0 of 4, retries: 1
[-        ] res…align:SAMTOOLS_MERGE_LANES -
[-        ] resolve_align:PRESEQ           -
[-        ] bamlet:BAMLET                  -
[-        ] bamlet:QUALIMAP_BAMQC          -
[-        ] bam_stats_genome:TSS_BIAS      -
[-        ] bam…:DEEPTOOLS_PLOTFINGERPRINT -
[-        ] bam_stats_genome:PICARD_GCBIAS -
[-        ] bam…LONG_CTRL_GENETIC_ACCURACY -
[-        ] var…t_calling:HAPLOTYPE_CALLER -
[-        ] var…nt_calling:SPLIT_INTERVALS -
[-        ] var…calling:GENOMICS_DB_IMPORT -
[-        ] variant_calling:GENOTYPE_GVCFS -
[-        ] var…t_calling:MERGE_JOINT_VCFS -
[-        ] variant_calling:ASM            -
[-        ] var…_calling:MERGE_ASM_OUTPUTS -
[-        ] variant_calling:MUTECT2        -
Plus 13 more processes waiting for tasks…

executor >  slurm (12)
[57/34b340] res…W (evoC-Bap1-ctrl-F, L002) | 2 of 4
[5b/a1da4a] res…DE (evoC-Bap1-mut-F, L002) | 4 of 4 ✔
[-        ] resolve_align:FASTQC_RESOLVED  -
[01/56f00b] res…M2 (evoC-Bap1-mut-F, L002) | 0 of 4, retries: 1
[-        ] res…align:SAMTOOLS_MERGE_LANES -
[-        ] resolve_align:PRESEQ           -
[-        ] bamlet:BAMLET                  -
[-        ] bamlet:QUALIMAP_BAMQC          -
[-        ] bam_stats_genome:TSS_BIAS      -
[-        ] bam…:DEEPTOOLS_PLOTFINGERPRINT -
[-        ] bam_stats_genome:PICARD_GCBIAS -
[-        ] bam…LONG_CTRL_GENETIC_ACCURACY -
[-        ] var…t_calling:HAPLOTYPE_CALLER -
[-        ] var…nt_calling:SPLIT_INTERVALS -
[-        ] var…calling:GENOMICS_DB_IMPORT -
[-        ] variant_calling:GENOTYPE_GVCFS -
[-        ] var…t_calling:MERGE_JOINT_VCFS -
[-        ] variant_calling:ASM            -
[-        ] var…_calling:MERGE_ASM_OUTPUTS -
[-        ] variant_calling:MUTECT2        -
Plus 13 more processes waiting for tasks…

executor >  slurm (12)
[0b/5c210c] res…AW (evoC-Bap1-mut-M, L002) | 3 of 4
[5b/a1da4a] res…DE (evoC-Bap1-mut-F, L002) | 4 of 4 ✔
[-        ] resolve_align:FASTQC_RESOLVED  -
[01/56f00b] res…M2 (evoC-Bap1-mut-F, L002) | 0 of 4, retries: 1
[-        ] res…align:SAMTOOLS_MERGE_LANES -
[-        ] resolve_align:PRESEQ           -
[-        ] bamlet:BAMLET                  -
[-        ] bamlet:QUALIMAP_BAMQC          -
[-        ] bam_stats_genome:TSS_BIAS      -
[-        ] bam…:DEEPTOOLS_PLOTFINGERPRINT -
[-        ] bam_stats_genome:PICARD_GCBIAS -
[-        ] bam…LONG_CTRL_GENETIC_ACCURACY -
[-        ] var…t_calling:HAPLOTYPE_CALLER -
[-        ] var…nt_calling:SPLIT_INTERVALS -
[-        ] var…calling:GENOMICS_DB_IMPORT -
[-        ] variant_calling:GENOTYPE_GVCFS -
[-        ] var…t_calling:MERGE_JOINT_VCFS -
[-        ] variant_calling:ASM            -
[-        ] var…_calling:MERGE_ASM_OUTPUTS -
[-        ] variant_calling:MUTECT2        -
Plus 13 more processes waiting for tasks…

executor >  slurm (12)
[52/6a699d] res…AW (evoC-Bap1-mut-F, L002) | 4 of 4 ✔
[5b/a1da4a] res…DE (evoC-Bap1-mut-F, L002) | 4 of 4 ✔
[-        ] resolve_align:FASTQC_RESOLVED  -
[01/56f00b] res…M2 (evoC-Bap1-mut-F, L002) | 0 of 4, retries: 1
[-        ] res…align:SAMTOOLS_MERGE_LANES -
[-        ] resolve_align:PRESEQ           -
[-        ] bamlet:BAMLET                  -
[-        ] bamlet:QUALIMAP_BAMQC          -
[-        ] bam_stats_genome:TSS_BIAS      -
[-        ] bam…:DEEPTOOLS_PLOTFINGERPRINT -
[-        ] bam_stats_genome:PICARD_GCBIAS -
[-        ] bam…LONG_CTRL_GENETIC_ACCURACY -
[-        ] var…t_calling:HAPLOTYPE_CALLER -
[-        ] var…nt_calling:SPLIT_INTERVALS -
[-        ] var…calling:GENOMICS_DB_IMPORT -
[-        ] variant_calling:GENOTYPE_GVCFS -
[-        ] var…t_calling:MERGE_JOINT_VCFS -
[-        ] variant_calling:ASM            -
[-        ] var…_calling:MERGE_ASM_OUTPUTS -
[-        ] variant_calling:MUTECT2        -
Plus 13 more processes waiting for tasks…

executor >  slurm (12)
[52/6a699d] res…AW (evoC-Bap1-mut-F, L002) | 4 of 4 ✔
[5b/a1da4a] res…DE (evoC-Bap1-mut-F, L002) | 4 of 4 ✔
[-        ] resolve_align:FASTQC_RESOLVED  -
[01/56f00b] res…M2 (evoC-Bap1-mut-F, L002) | 0 of 4, retries: 1
[-        ] res…align:SAMTOOLS_MERGE_LANES -
[-        ] resolve_align:PRESEQ           -
[-        ] bamlet:BAMLET                  -
[-        ] bamlet:QUALIMAP_BAMQC          -
[-        ] bam_stats_genome:TSS_BIAS      -
[-        ] bam…:DEEPTOOLS_PLOTFINGERPRINT -
[-        ] bam_stats_genome:PICARD_GCBIAS -
[-        ] bam…LONG_CTRL_GENETIC_ACCURACY -
[-        ] var…t_calling:HAPLOTYPE_CALLER -
[-        ] var…nt_calling:SPLIT_INTERVALS -
[-        ] var…calling:GENOMICS_DB_IMPORT -
[-        ] variant_calling:GENOTYPE_GVCFS -
[-        ] var…t_calling:MERGE_JOINT_VCFS -
[-        ] variant_calling:ASM            -
[-        ] var…_calling:MERGE_ASM_OUTPUTS -
[-        ] variant_calling:MUTECT2        -
Plus 13 more processes waiting for tasks…
WARN: [SLURM] queue (shared) status cannot be fetched
- cmd executed: squeue --noheader -o %i %t -t all -p shared -u zalibhai
- exit status : 143
- output      :


executor >  slurm (12)
[52/6a699d] res…AW (evoC-Bap1-mut-F, L002) | 4 of 4 ✔
[5b/a1da4a] res…DE (evoC-Bap1-mut-F, L002) | 4 of 4 ✔
[-        ] resolve_align:FASTQC_RESOLVED  -
[d9/49a4ae] res…2 (evoC-Bap1-ctrl-M, L002) | 1 of 4, retries: 1
[-        ] res…align:SAMTOOLS_MERGE_LANES -
[-        ] resolve_align:PRESEQ           -
[-        ] bamlet:BAMLET                  -
[-        ] bamlet:QUALIMAP_BAMQC          -
[-        ] bam_stats_genome:TSS_BIAS      -
[-        ] bam…:DEEPTOOLS_PLOTFINGERPRINT -
[-        ] bam_stats_genome:PICARD_GCBIAS -
[-        ] bam…LONG_CTRL_GENETIC_ACCURACY -
[-        ] var…t_calling:HAPLOTYPE_CALLER -
[-        ] var…nt_calling:SPLIT_INTERVALS -
[-        ] var…calling:GENOMICS_DB_IMPORT -
[-        ] variant_calling:GENOTYPE_GVCFS -
[-        ] var…t_calling:MERGE_JOINT_VCFS -
[-        ] variant_calling:ASM            -
[-        ] var…_calling:MERGE_ASM_OUTPUTS -
[-        ] variant_calling:MUTECT2        -
Plus 13 more processes waiting for tasks…






executor >  slurm (12)
[52/6a699d] res…AW (evoC-Bap1-mut-F, L002) | 4 of 4 ✔
[5b/a1da4a] res…DE (evoC-Bap1-mut-F, L002) | 4 of 4 ✔
[-        ] resolve_align:FASTQC_RESOLVED  -
[d9/49a4ae] res…2 (evoC-Bap1-ctrl-M, L002) | 1 of 4, retries: 1
[-        ] res…align:SAMTOOLS_MERGE_LANES -
[-        ] resolve_align:PRESEQ           -
[-        ] bamlet:BAMLET                  | 0 of 1
[-        ] bamlet:QUALIMAP_BAMQC          -
[-        ] bam_stats_genome:TSS_BIAS      -
[-        ] bam…:DEEPTOOLS_PLOTFINGERPRINT -
[-        ] bam_stats_genome:PICARD_GCBIAS -
[-        ] bam…LONG_CTRL_GENETIC_ACCURACY -
[-        ] var…t_calling:HAPLOTYPE_CALLER -
[-        ] var…nt_calling:SPLIT_INTERVALS -
[-        ] var…calling:GENOMICS_DB_IMPORT -
[-        ] variant_calling:GENOTYPE_GVCFS -
[-        ] var…t_calling:MERGE_JOINT_VCFS -
[-        ] variant_calling:ASM            -
[-        ] var…_calling:MERGE_ASM_OUTPUTS -
[-        ] variant_calling:MUTECT2        -
Plus 13 more processes waiting for tasks…






executor >  slurm (13)
[52/6a699d] res…AW (evoC-Bap1-mut-F, L002) | 4 of 4 ✔
[5b/a1da4a] res…DE (evoC-Bap1-mut-F, L002) | 4 of 4 ✔
[-        ] resolve_align:FASTQC_RESOLVED  -
[d9/49a4ae] res…2 (evoC-Bap1-ctrl-M, L002) | 1 of 4, retries: 1
[-        ] res…align:SAMTOOLS_MERGE_LANES -
[-        ] resolve_align:PRESEQ           -
[77/2e0947] bam…:BAMLET (evoC-Bap1-ctrl-M) | 0 of 1
[-        ] bamlet:QUALIMAP_BAMQC          -
[-        ] bam_stats_genome:TSS_BIAS      -
[-        ] bam…:DEEPTOOLS_PLOTFINGERPRINT -
[-        ] bam_stats_genome:PICARD_GCBIAS -
[-        ] bam…LONG_CTRL_GENETIC_ACCURACY -
[-        ] var…t_calling:HAPLOTYPE_CALLER -
[-        ] var…nt_calling:SPLIT_INTERVALS -
[-        ] var…calling:GENOMICS_DB_IMPORT -
[-        ] variant_calling:GENOTYPE_GVCFS -
[-        ] var…t_calling:MERGE_JOINT_VCFS -
[-        ] variant_calling:ASM            -
[-        ] var…_calling:MERGE_ASM_OUTPUTS -
[-        ] variant_calling:MUTECT2        -
Plus 13 more processes waiting for tasks…

executor >  slurm (13)
[52/6a699d] res…AW (evoC-Bap1-mut-F, L002) | 4 of 4 ✔
[5b/a1da4a] res…DE (evoC-Bap1-mut-F, L002) | 4 of 4 ✔
[-        ] resolve_align:FASTQC_RESOLVED  -
[d9/49a4ae] res…2 (evoC-Bap1-ctrl-M, L002) | 1 of 4, retries: 1
[-        ] res…align:SAMTOOLS_MERGE_LANES -
[-        ] resolve_align:PRESEQ           -
[77/2e0947] bam…:BAMLET (evoC-Bap1-ctrl-M) | 0 of 1
[-        ] bamlet:QUALIMAP_BAMQC          -
[-        ] bam_stats_genome:TSS_BIAS      -
[-        ] bam…:DEEPTOOLS_PLOTFINGERPRINT -
[-        ] bam_stats_genome:PICARD_GCBIAS -
[-        ] bam…LONG_CTRL_GENETIC_ACCURACY -
[-        ] var…t_calling:HAPLOTYPE_CALLER -
[-        ] var…nt_calling:SPLIT_INTERVALS -
[-        ] var…calling:GENOMICS_DB_IMPORT -
[-        ] variant_calling:GENOTYPE_GVCFS -
[-        ] var…t_calling:MERGE_JOINT_VCFS -
[-        ] variant_calling:ASM            -
[-        ] var…_calling:MERGE_ASM_OUTPUTS -
[-        ] variant_calling:MUTECT2        -
Plus 13 more processes waiting for tasks…

executor >  slurm (13)
[52/6a699d] res…AW (evoC-Bap1-mut-F, L002) | 4 of 4 ✔
[5b/a1da4a] res…DE (evoC-Bap1-mut-F, L002) | 4 of 4 ✔
[-        ] resolve_align:FASTQC_RESOLVED  -
[d9/49a4ae] res…2 (evoC-Bap1-ctrl-M, L002) | 1 of 4, retries: 1
[-        ] res…align:SAMTOOLS_MERGE_LANES -
[-        ] resolve_align:PRESEQ           -
[77/2e0947] bam…:BAMLET (evoC-Bap1-ctrl-M) | 1 of 1
[-        ] bamlet:QUALIMAP_BAMQC          | 0 of 1
[-        ] bam_stats_genome:TSS_BIAS      | 0 of 1
[-        ] bam…:DEEPTOOLS_PLOTFINGERPRINT -
[-        ] bam_stats_genome:PICARD_GCBIAS | 0 of 1
[-        ] bam…LONG_CTRL_GENETIC_ACCURACY | 0 of 1
[-        ] var…t_calling:HAPLOTYPE_CALLER | 0 of 1
[-        ] var…nt_calling:SPLIT_INTERVALS -
[-        ] var…calling:GENOMICS_DB_IMPORT -
[-        ] variant_calling:GENOTYPE_GVCFS -
[-        ] var…t_calling:MERGE_JOINT_VCFS -
[-        ] variant_calling:ASM            -
[-        ] var…_calling:MERGE_ASM_OUTPUTS -
[-        ] variant_calling:MUTECT2        | 0 of 1
[-        ] mbias:GENOME_MBIAS             | 0 of 3
Plus 12 more processes waiting for tasks…

executor >  slurm (13)
[52/6a699d] res…AW (evoC-Bap1-mut-F, L002) | 4 of 4 ✔
[5b/a1da4a] res…DE (evoC-Bap1-mut-F, L002) | 4 of 4 ✔
[-        ] resolve_align:FASTQC_RESOLVED  -
[d9/49a4ae] res…2 (evoC-Bap1-ctrl-M, L002) | 1 of 4, retries: 1
[-        ] res…align:SAMTOOLS_MERGE_LANES -
[-        ] resolve_align:PRESEQ           -
[77/2e0947] bam…:BAMLET (evoC-Bap1-ctrl-M) | 1 of 1
[-        ] bamlet:QUALIMAP_BAMQC          | 0 of 1
[-        ] bam_stats_genome:TSS_BIAS      | 0 of 1
[-        ] bam…:DEEPTOOLS_PLOTFINGERPRINT -
[-        ] bam_stats_genome:PICARD_GCBIAS | 0 of 1
[-        ] bam…LONG_CTRL_GENETIC_ACCURACY | 0 of 1
[-        ] var…t_calling:HAPLOTYPE_CALLER | 0 of 1
[-        ] var…nt_calling:SPLIT_INTERVALS -
[-        ] var…calling:GENOMICS_DB_IMPORT -
[-        ] variant_calling:GENOTYPE_GVCFS -
[-        ] var…t_calling:MERGE_JOINT_VCFS -
[-        ] variant_calling:ASM            -
[-        ] var…_calling:MERGE_ASM_OUTPUTS -
[-        ] variant_calling:MUTECT2        | 0 of 1
[-        ] mbias:GENOME_MBIAS             | 0 of 3
[-        ] epi…t_genome:EPIQUANT_BAM2ZARR | 0 of 3
[-        ] epi…ort_ctrl:EPIQUANT_BAM2ZARR | 0 of 1
[-        ] epi…ong_ctrl:EPIQUANT_BAM2ZARR | 0 of 1
Plus 9 more processes waiting for tasks…

executor >  slurm (14)
[52/6a699d] res…AW (evoC-Bap1-mut-F, L002) | 4 of 4 ✔
[5b/a1da4a] res…DE (evoC-Bap1-mut-F, L002) | 4 of 4 ✔
[-        ] resolve_align:FASTQC_RESOLVED  -
[d9/49a4ae] res…2 (evoC-Bap1-ctrl-M, L002) | 1 of 4, retries: 1
[-        ] res…align:SAMTOOLS_MERGE_LANES -
[-        ] resolve_align:PRESEQ           -
[77/2e0947] bam…:BAMLET (evoC-Bap1-ctrl-M) | 1 of 1
[04/f08839] bam…P_BAMQC (evoC-Bap1-ctrl-M) | 0 of 1
[-        ] bam_stats_genome:TSS_BIAS      | 0 of 1
[-        ] bam…:DEEPTOOLS_PLOTFINGERPRINT -
[-        ] bam_stats_genome:PICARD_GCBIAS | 0 of 1
[-        ] bam…LONG_CTRL_GENETIC_ACCURACY | 0 of 1
[-        ] var…t_calling:HAPLOTYPE_CALLER | 0 of 1
[-        ] var…nt_calling:SPLIT_INTERVALS -
[-        ] var…calling:GENOMICS_DB_IMPORT -
[-        ] variant_calling:GENOTYPE_GVCFS -
[-        ] var…t_calling:MERGE_JOINT_VCFS -
[-        ] variant_calling:ASM            -
[-        ] var…_calling:MERGE_ASM_OUTPUTS -
[-        ] variant_calling:MUTECT2        | 0 of 1
[-        ] mbias:GENOME_MBIAS             | 0 of 3
[-        ] epi…t_genome:EPIQUANT_BAM2ZARR | 0 of 3
[-        ] epi…ort_ctrl:EPIQUANT_BAM2ZARR | 0 of 1
[-        ] epi…ong_ctrl:EPIQUANT_BAM2ZARR | 0 of 1
Plus 9 more processes waiting for tasks…

executor >  slurm (15)
[52/6a699d] res…AW (evoC-Bap1-mut-F, L002) | 4 of 4 ✔
[5b/a1da4a] res…DE (evoC-Bap1-mut-F, L002) | 4 of 4 ✔
[-        ] resolve_align:FASTQC_RESOLVED  -
[d9/49a4ae] res…2 (evoC-Bap1-ctrl-M, L002) | 1 of 4, retries: 1
[-        ] res…align:SAMTOOLS_MERGE_LANES -
[-        ] resolve_align:PRESEQ           -
[77/2e0947] bam…:BAMLET (evoC-Bap1-ctrl-M) | 1 of 1
[04/f08839] bam…P_BAMQC (evoC-Bap1-ctrl-M) | 0 of 1
[-        ] bam_stats_genome:TSS_BIAS      | 0 of 1
[-        ] bam…:DEEPTOOLS_PLOTFINGERPRINT -
[21/6cd358] bam…_GCBIAS (evoC-Bap1-ctrl-M) | 0 of 1
[-        ] bam…LONG_CTRL_GENETIC_ACCURACY | 0 of 1
[-        ] var…t_calling:HAPLOTYPE_CALLER | 0 of 1
[-        ] var…nt_calling:SPLIT_INTERVALS -
[-        ] var…calling:GENOMICS_DB_IMPORT -
[-        ] variant_calling:GENOTYPE_GVCFS -
[-        ] var…t_calling:MERGE_JOINT_VCFS -
[-        ] variant_calling:ASM            -
[-        ] var…_calling:MERGE_ASM_OUTPUTS -
[-        ] variant_calling:MUTECT2        | 0 of 1
[-        ] mbias:GENOME_MBIAS             | 0 of 3
[-        ] epi…t_genome:EPIQUANT_BAM2ZARR | 0 of 3
[-        ] epi…ort_ctrl:EPIQUANT_BAM2ZARR | 0 of 1
[-        ] epi…ong_ctrl:EPIQUANT_BAM2ZARR | 0 of 1
Plus 9 more processes waiting for tasks…

executor >  slurm (16)
[52/6a699d] res…AW (evoC-Bap1-mut-F, L002) | 4 of 4 ✔
[5b/a1da4a] res…DE (evoC-Bap1-mut-F, L002) | 4 of 4 ✔
[-        ] resolve_align:FASTQC_RESOLVED  -
[d9/49a4ae] res…2 (evoC-Bap1-ctrl-M, L002) | 1 of 4, retries: 1
[-        ] res…align:SAMTOOLS_MERGE_LANES -
[-        ] resolve_align:PRESEQ           -
[77/2e0947] bam…:BAMLET (evoC-Bap1-ctrl-M) | 1 of 1
[04/f08839] bam…P_BAMQC (evoC-Bap1-ctrl-M) | 0 of 1
[-        ] bam_stats_genome:TSS_BIAS      | 0 of 1
[-        ] bam…:DEEPTOOLS_PLOTFINGERPRINT -
[21/6cd358] bam…_GCBIAS (evoC-Bap1-ctrl-M) | 0 of 1
[9b/c26985] bam…CCURACY (evoC-Bap1-ctrl-M) | 0 of 1
[-        ] var…t_calling:HAPLOTYPE_CALLER | 0 of 1
[-        ] var…nt_calling:SPLIT_INTERVALS -
[-        ] var…calling:GENOMICS_DB_IMPORT -
[-        ] variant_calling:GENOTYPE_GVCFS -
[-        ] var…t_calling:MERGE_JOINT_VCFS -
[-        ] variant_calling:ASM            -
[-        ] var…_calling:MERGE_ASM_OUTPUTS -
[-        ] variant_calling:MUTECT2        | 0 of 1
[-        ] mbias:GENOME_MBIAS             | 0 of 3
[-        ] epi…t_genome:EPIQUANT_BAM2ZARR | 0 of 3
[-        ] epi…ort_ctrl:EPIQUANT_BAM2ZARR | 0 of 1
[-        ] epi…ong_ctrl:EPIQUANT_BAM2ZARR | 0 of 1
Plus 9 more processes waiting for tasks…

executor >  slurm (17)
[52/6a699d] res…AW (evoC-Bap1-mut-F, L002) | 4 of 4 ✔
[5b/a1da4a] res…DE (evoC-Bap1-mut-F, L002) | 4 of 4 ✔
[-        ] resolve_align:FASTQC_RESOLVED  -
[d9/49a4ae] res…2 (evoC-Bap1-ctrl-M, L002) | 1 of 4, retries: 1
[-        ] res…align:SAMTOOLS_MERGE_LANES -
[-        ] resolve_align:PRESEQ           -
[77/2e0947] bam…:BAMLET (evoC-Bap1-ctrl-M) | 1 of 1
[04/f08839] bam…P_BAMQC (evoC-Bap1-ctrl-M) | 0 of 1
[-        ] bam_stats_genome:TSS_BIAS      | 0 of 1
[-        ] bam…:DEEPTOOLS_PLOTFINGERPRINT -
[21/6cd358] bam…_GCBIAS (evoC-Bap1-ctrl-M) | 0 of 1
[9b/c26985] bam…CCURACY (evoC-Bap1-ctrl-M) | 0 of 1
[-        ] var…t_calling:HAPLOTYPE_CALLER | 0 of 1
[-        ] var…nt_calling:SPLIT_INTERVALS -
[-        ] var…calling:GENOMICS_DB_IMPORT -
[-        ] variant_calling:GENOTYPE_GVCFS -
[-        ] var…t_calling:MERGE_JOINT_VCFS -
[-        ] variant_calling:ASM            -
[-        ] var…_calling:MERGE_ASM_OUTPUTS -
[-        ] variant_calling:MUTECT2        | 0 of 1
[03/036b01] mbi…oC-Bap1-ctrl-M-CG-5-prime) | 0 of 3
[-        ] epi…t_genome:EPIQUANT_BAM2ZARR | 0 of 3
[-        ] epi…ort_ctrl:EPIQUANT_BAM2ZARR | 0 of 1
[-        ] epi…ong_ctrl:EPIQUANT_BAM2ZARR | 0 of 1
Plus 9 more processes waiting for tasks…

executor >  slurm (18)
[52/6a699d] res…AW (evoC-Bap1-mut-F, L002) | 4 of 4 ✔
[5b/a1da4a] res…DE (evoC-Bap1-mut-F, L002) | 4 of 4 ✔
[-        ] resolve_align:FASTQC_RESOLVED  -
[d9/49a4ae] res…2 (evoC-Bap1-ctrl-M, L002) | 1 of 4, retries: 1
[-        ] res…align:SAMTOOLS_MERGE_LANES -
[-        ] resolve_align:PRESEQ           -
[77/2e0947] bam…:BAMLET (evoC-Bap1-ctrl-M) | 1 of 1
[04/f08839] bam…P_BAMQC (evoC-Bap1-ctrl-M) | 0 of 1
[-        ] bam_stats_genome:TSS_BIAS      | 0 of 1
[-        ] bam…:DEEPTOOLS_PLOTFINGERPRINT -
[21/6cd358] bam…_GCBIAS (evoC-Bap1-ctrl-M) | 0 of 1
[9b/c26985] bam…CCURACY (evoC-Bap1-ctrl-M) | 0 of 1
[-        ] var…t_calling:HAPLOTYPE_CALLER | 0 of 1
[-        ] var…nt_calling:SPLIT_INTERVALS -
[-        ] var…calling:GENOMICS_DB_IMPORT -
[-        ] variant_calling:GENOTYPE_GVCFS -
[-        ] var…t_calling:MERGE_JOINT_VCFS -
[-        ] variant_calling:ASM            -
[-        ] var…_calling:MERGE_ASM_OUTPUTS -
[-        ] variant_calling:MUTECT2        | 0 of 1
[2b/02523a] mbi…C-Bap1-ctrl-M-CHG-5-prime) | 0 of 3
[-        ] epi…t_genome:EPIQUANT_BAM2ZARR | 0 of 3
[-        ] epi…ort_ctrl:EPIQUANT_BAM2ZARR | 0 of 1
[-        ] epi…ong_ctrl:EPIQUANT_BAM2ZARR | 0 of 1
Plus 9 more processes waiting for tasks…

executor >  slurm (19)
[52/6a699d] res…AW (evoC-Bap1-mut-F, L002) | 4 of 4 ✔
[5b/a1da4a] res…DE (evoC-Bap1-mut-F, L002) | 4 of 4 ✔
[-        ] resolve_align:FASTQC_RESOLVED  -
[d9/49a4ae] res…2 (evoC-Bap1-ctrl-M, L002) | 1 of 4, retries: 1
[-        ] res…align:SAMTOOLS_MERGE_LANES -
[-        ] resolve_align:PRESEQ           -
[77/2e0947] bam…:BAMLET (evoC-Bap1-ctrl-M) | 1 of 1
[04/f08839] bam…P_BAMQC (evoC-Bap1-ctrl-M) | 0 of 1
[-        ] bam_stats_genome:TSS_BIAS      | 0 of 1
[-        ] bam…:DEEPTOOLS_PLOTFINGERPRINT -
[21/6cd358] bam…_GCBIAS (evoC-Bap1-ctrl-M) | 0 of 1
[9b/c26985] bam…CCURACY (evoC-Bap1-ctrl-M) | 0 of 1
[-        ] var…t_calling:HAPLOTYPE_CALLER | 0 of 1
[-        ] var…nt_calling:SPLIT_INTERVALS -
[-        ] var…calling:GENOMICS_DB_IMPORT -
[-        ] variant_calling:GENOTYPE_GVCFS -
[-        ] var…t_calling:MERGE_JOINT_VCFS -
[-        ] variant_calling:ASM            -
[-        ] var…_calling:MERGE_ASM_OUTPUTS -
[-        ] variant_calling:MUTECT2        | 0 of 1
[8f/7090e3] mbi…C-Bap1-ctrl-M-CHH-5-prime) | 0 of 3
[-        ] epi…t_genome:EPIQUANT_BAM2ZARR | 0 of 3
[-        ] epi…ort_ctrl:EPIQUANT_BAM2ZARR | 0 of 1
[-        ] epi…ong_ctrl:EPIQUANT_BAM2ZARR | 0 of 1
Plus 9 more processes waiting for tasks…

executor >  slurm (20)
[52/6a699d] res…AW (evoC-Bap1-mut-F, L002) | 4 of 4 ✔
[5b/a1da4a] res…DE (evoC-Bap1-mut-F, L002) | 4 of 4 ✔
[-        ] resolve_align:FASTQC_RESOLVED  -
[d9/49a4ae] res…2 (evoC-Bap1-ctrl-M, L002) | 1 of 4, retries: 1
[-        ] res…align:SAMTOOLS_MERGE_LANES -
[-        ] resolve_align:PRESEQ           -
[77/2e0947] bam…:BAMLET (evoC-Bap1-ctrl-M) | 1 of 1
[04/f08839] bam…P_BAMQC (evoC-Bap1-ctrl-M) | 0 of 1
[98/40d2e6] bam…SS_BIAS (evoC-Bap1-ctrl-M) | 0 of 1
[-        ] bam…:DEEPTOOLS_PLOTFINGERPRINT -
[21/6cd358] bam…_GCBIAS (evoC-Bap1-ctrl-M) | 0 of 1
[9b/c26985] bam…CCURACY (evoC-Bap1-ctrl-M) | 0 of 1
[-        ] var…t_calling:HAPLOTYPE_CALLER | 0 of 1
[-        ] var…nt_calling:SPLIT_INTERVALS -
[-        ] var…calling:GENOMICS_DB_IMPORT -
[-        ] variant_calling:GENOTYPE_GVCFS -
[-        ] var…t_calling:MERGE_JOINT_VCFS -
[-        ] variant_calling:ASM            -
[-        ] var…_calling:MERGE_ASM_OUTPUTS -
[-        ] variant_calling:MUTECT2        | 0 of 1
[8f/7090e3] mbi…C-Bap1-ctrl-M-CHH-5-prime) | 0 of 3
[-        ] epi…t_genome:EPIQUANT_BAM2ZARR | 0 of 3
[-        ] epi…ort_ctrl:EPIQUANT_BAM2ZARR | 0 of 1
[-        ] epi…ong_ctrl:EPIQUANT_BAM2ZARR | 0 of 1
Plus 9 more processes waiting for tasks…

executor >  slurm (22)
[52/6a699d] res…AW (evoC-Bap1-mut-F, L002) | 4 of 4 ✔
[5b/a1da4a] res…DE (evoC-Bap1-mut-F, L002) | 4 of 4 ✔
[-        ] resolve_align:FASTQC_RESOLVED  -
[d9/49a4ae] res…2 (evoC-Bap1-ctrl-M, L002) | 1 of 4, retries: 1
[-        ] res…align:SAMTOOLS_MERGE_LANES -
[-        ] resolve_align:PRESEQ           -
[77/2e0947] bam…:BAMLET (evoC-Bap1-ctrl-M) | 1 of 1
[04/f08839] bam…P_BAMQC (evoC-Bap1-ctrl-M) | 0 of 1
[98/40d2e6] bam…SS_BIAS (evoC-Bap1-ctrl-M) | 0 of 1
[-        ] bam…:DEEPTOOLS_PLOTFINGERPRINT -
[21/6cd358] bam…_GCBIAS (evoC-Bap1-ctrl-M) | 0 of 1
[9b/c26985] bam…CCURACY (evoC-Bap1-ctrl-M) | 0 of 1
[1f/a3c1f6] var…_CALLER (evoC-Bap1-ctrl-M) | 0 of 1
[-        ] var…nt_calling:SPLIT_INTERVALS -
[-        ] var…calling:GENOMICS_DB_IMPORT -
[-        ] variant_calling:GENOTYPE_GVCFS -
[-        ] var…t_calling:MERGE_JOINT_VCFS -
[-        ] variant_calling:ASM            -
[-        ] var…_calling:MERGE_ASM_OUTPUTS -
[e7/724da4] var…MUTECT2 (evoC-Bap1-ctrl-M) | 0 of 1
[8f/7090e3] mbi…C-Bap1-ctrl-M-CHH-5-prime) | 0 of 3
[-        ] epi…t_genome:EPIQUANT_BAM2ZARR | 0 of 3
[-        ] epi…ort_ctrl:EPIQUANT_BAM2ZARR | 0 of 1
[-        ] epi…ong_ctrl:EPIQUANT_BAM2ZARR | 0 of 1
Plus 9 more processes waiting for tasks…

executor >  slurm (24)
[52/6a699d] res…AW (evoC-Bap1-mut-F, L002) | 4 of 4 ✔
[5b/a1da4a] res…DE (evoC-Bap1-mut-F, L002) | 4 of 4 ✔
[-        ] resolve_align:FASTQC_RESOLVED  -
[d9/49a4ae] res…2 (evoC-Bap1-ctrl-M, L002) | 1 of 4, retries: 1
[-        ] res…align:SAMTOOLS_MERGE_LANES -
[-        ] resolve_align:PRESEQ           -
[77/2e0947] bam…:BAMLET (evoC-Bap1-ctrl-M) | 1 of 1
[04/f08839] bam…P_BAMQC (evoC-Bap1-ctrl-M) | 0 of 1
[98/40d2e6] bam…SS_BIAS (evoC-Bap1-ctrl-M) | 0 of 1
[-        ] bam…:DEEPTOOLS_PLOTFINGERPRINT -
[21/6cd358] bam…_GCBIAS (evoC-Bap1-ctrl-M) | 0 of 1
[9b/c26985] bam…CCURACY (evoC-Bap1-ctrl-M) | 0 of 1
[1f/a3c1f6] var…_CALLER (evoC-Bap1-ctrl-M) | 0 of 1
[-        ] var…nt_calling:SPLIT_INTERVALS -
[-        ] var…calling:GENOMICS_DB_IMPORT -
[-        ] variant_calling:GENOTYPE_GVCFS -
[-        ] var…t_calling:MERGE_JOINT_VCFS -
[-        ] variant_calling:ASM            -
[-        ] var…_calling:MERGE_ASM_OUTPUTS -
[e7/724da4] var…MUTECT2 (evoC-Bap1-ctrl-M) | 0 of 1
[8f/7090e3] mbi…C-Bap1-ctrl-M-CHH-5-prime) | 0 of 3
[2f/41e811] epi…ARR (evoC-Bap1-ctrl-M-CHG) | 0 of 3
[-        ] epi…ort_ctrl:EPIQUANT_BAM2ZARR | 0 of 1
[1c/e68738] epi…ZARR (evoC-Bap1-ctrl-M-CG) | 0 of 1
Plus 9 more processes waiting for tasks…

executor >  slurm (25)
[52/6a699d] res…AW (evoC-Bap1-mut-F, L002) | 4 of 4 ✔
[5b/a1da4a] res…DE (evoC-Bap1-mut-F, L002) | 4 of 4 ✔
[-        ] resolve_align:FASTQC_RESOLVED  -
[d9/49a4ae] res…2 (evoC-Bap1-ctrl-M, L002) | 1 of 4, retries: 1
[-        ] res…align:SAMTOOLS_MERGE_LANES -
[-        ] resolve_align:PRESEQ           -
[77/2e0947] bam…:BAMLET (evoC-Bap1-ctrl-M) | 1 of 1
[04/f08839] bam…P_BAMQC (evoC-Bap1-ctrl-M) | 0 of 1
[98/40d2e6] bam…SS_BIAS (evoC-Bap1-ctrl-M) | 0 of 1
[-        ] bam…:DEEPTOOLS_PLOTFINGERPRINT -
[21/6cd358] bam…_GCBIAS (evoC-Bap1-ctrl-M) | 0 of 1
[9b/c26985] bam…CCURACY (evoC-Bap1-ctrl-M) | 0 of 1
[1f/a3c1f6] var…_CALLER (evoC-Bap1-ctrl-M) | 0 of 1
[-        ] var…nt_calling:SPLIT_INTERVALS -
[-        ] var…calling:GENOMICS_DB_IMPORT -
[-        ] variant_calling:GENOTYPE_GVCFS -
[-        ] var…t_calling:MERGE_JOINT_VCFS -
[-        ] variant_calling:ASM            -
[-        ] var…_calling:MERGE_ASM_OUTPUTS -
[e7/724da4] var…MUTECT2 (evoC-Bap1-ctrl-M) | 0 of 1
[8f/7090e3] mbi…C-Bap1-ctrl-M-CHH-5-prime) | 0 of 3
[ee/722a49] epi…ARR (evoC-Bap1-ctrl-M-CHH) | 0 of 3
[-        ] epi…ort_ctrl:EPIQUANT_BAM2ZARR | 0 of 1
[1c/e68738] epi…ZARR (evoC-Bap1-ctrl-M-CG) | 0 of 1
Plus 9 more processes waiting for tasks…

executor >  slurm (26)
[52/6a699d] res…AW (evoC-Bap1-mut-F, L002) | 4 of 4 ✔
[5b/a1da4a] res…DE (evoC-Bap1-mut-F, L002) | 4 of 4 ✔
[-        ] resolve_align:FASTQC_RESOLVED  -
[d9/49a4ae] res…2 (evoC-Bap1-ctrl-M, L002) | 1 of 4, retries: 1
[-        ] res…align:SAMTOOLS_MERGE_LANES -
[-        ] resolve_align:PRESEQ           -
[77/2e0947] bam…:BAMLET (evoC-Bap1-ctrl-M) | 1 of 1
[04/f08839] bam…P_BAMQC (evoC-Bap1-ctrl-M) | 0 of 1
[98/40d2e6] bam…SS_BIAS (evoC-Bap1-ctrl-M) | 0 of 1
[-        ] bam…:DEEPTOOLS_PLOTFINGERPRINT -
[21/6cd358] bam…_GCBIAS (evoC-Bap1-ctrl-M) | 0 of 1
[9b/c26985] bam…CCURACY (evoC-Bap1-ctrl-M) | 0 of 1
[1f/a3c1f6] var…_CALLER (evoC-Bap1-ctrl-M) | 0 of 1
[-        ] var…nt_calling:SPLIT_INTERVALS -
[-        ] var…calling:GENOMICS_DB_IMPORT -
[-        ] variant_calling:GENOTYPE_GVCFS -
[-        ] var…t_calling:MERGE_JOINT_VCFS -
[-        ] variant_calling:ASM            -
[-        ] var…_calling:MERGE_ASM_OUTPUTS -
[e7/724da4] var…MUTECT2 (evoC-Bap1-ctrl-M) | 0 of 1
[8f/7090e3] mbi…C-Bap1-ctrl-M-CHH-5-prime) | 0 of 3
[c3/2829d1] epi…ZARR (evoC-Bap1-ctrl-M-CG) | 0 of 3
[-        ] epi…ort_ctrl:EPIQUANT_BAM2ZARR | 0 of 1
[1c/e68738] epi…ZARR (evoC-Bap1-ctrl-M-CG) | 0 of 1
Plus 9 more processes waiting for tasks…

executor >  slurm (27)
[52/6a699d] res…AW (evoC-Bap1-mut-F, L002) | 4 of 4 ✔
[5b/a1da4a] res…DE (evoC-Bap1-mut-F, L002) | 4 of 4 ✔
[-        ] resolve_align:FASTQC_RESOLVED  -
[d9/49a4ae] res…2 (evoC-Bap1-ctrl-M, L002) | 1 of 4, retries: 1
[-        ] res…align:SAMTOOLS_MERGE_LANES -
[-        ] resolve_align:PRESEQ           -
[77/2e0947] bam…:BAMLET (evoC-Bap1-ctrl-M) | 1 of 1
[04/f08839] bam…P_BAMQC (evoC-Bap1-ctrl-M) | 0 of 1
[98/40d2e6] bam…SS_BIAS (evoC-Bap1-ctrl-M) | 0 of 1
[-        ] bam…:DEEPTOOLS_PLOTFINGERPRINT -
[21/6cd358] bam…_GCBIAS (evoC-Bap1-ctrl-M) | 0 of 1
[9b/c26985] bam…CCURACY (evoC-Bap1-ctrl-M) | 0 of 1
[1f/a3c1f6] var…_CALLER (evoC-Bap1-ctrl-M) | 0 of 1
[-        ] var…nt_calling:SPLIT_INTERVALS -
[-        ] var…calling:GENOMICS_DB_IMPORT -
[-        ] variant_calling:GENOTYPE_GVCFS -
[-        ] var…t_calling:MERGE_JOINT_VCFS -
[-        ] variant_calling:ASM            -
[-        ] var…_calling:MERGE_ASM_OUTPUTS -
[e7/724da4] var…MUTECT2 (evoC-Bap1-ctrl-M) | 0 of 1
[8f/7090e3] mbi…C-Bap1-ctrl-M-CHH-5-prime) | 0 of 3
[c3/2829d1] epi…ZARR (evoC-Bap1-ctrl-M-CG) | 0 of 3
[d2/acda36] epi…ZARR (evoC-Bap1-ctrl-M-CG) | 0 of 1
[1c/e68738] epi…ZARR (evoC-Bap1-ctrl-M-CG) | 0 of 1
Plus 9 more processes waiting for tasks…

executor >  slurm (27)
[52/6a699d] res…AW (evoC-Bap1-mut-F, L002) | 4 of 4 ✔
[5b/a1da4a] res…DE (evoC-Bap1-mut-F, L002) | 4 of 4 ✔
[-        ] resolve_align:FASTQC_RESOLVED  -
[d9/49a4ae] res…2 (evoC-Bap1-ctrl-M, L002) | 1 of 4, retries: 1
[-        ] res…align:SAMTOOLS_MERGE_LANES -
[-        ] resolve_align:PRESEQ           -
[77/2e0947] bam…:BAMLET (evoC-Bap1-ctrl-M) | 1 of 1
[04/f08839] bam…P_BAMQC (evoC-Bap1-ctrl-M) | 0 of 1
[98/40d2e6] bam…SS_BIAS (evoC-Bap1-ctrl-M) | 0 of 1
[-        ] bam…:DEEPTOOLS_PLOTFINGERPRINT -
[21/6cd358] bam…_GCBIAS (evoC-Bap1-ctrl-M) | 0 of 1
[9b/c26985] bam…CCURACY (evoC-Bap1-ctrl-M) | 0 of 1
[1f/a3c1f6] var…_CALLER (evoC-Bap1-ctrl-M) | 0 of 1
[-        ] var…nt_calling:SPLIT_INTERVALS -
[-        ] var…calling:GENOMICS_DB_IMPORT -
[-        ] variant_calling:GENOTYPE_GVCFS -
[-        ] var…t_calling:MERGE_JOINT_VCFS -
[-        ] variant_calling:ASM            -
[-        ] var…_calling:MERGE_ASM_OUTPUTS -
[e7/724da4] var…MUTECT2 (evoC-Bap1-ctrl-M) | 0 of 1
[8f/7090e3] mbi…C-Bap1-ctrl-M-CHH-5-prime) | 0 of 3
[c3/2829d1] epi…ZARR (evoC-Bap1-ctrl-M-CG) | 0 of 3
[d2/acda36] epi…ZARR (evoC-Bap1-ctrl-M-CG) | 0 of 1
[1c/e68738] epi…ZARR (evoC-Bap1-ctrl-M-CG) | 0 of 1
Plus 9 more processes waiting for tasks…

executor >  slurm (27)
[52/6a699d] res…AW (evoC-Bap1-mut-F, L002) | 4 of 4 ✔
[5b/a1da4a] res…DE (evoC-Bap1-mut-F, L002) | 4 of 4 ✔
[-        ] resolve_align:FASTQC_RESOLVED  -
[d9/49a4ae] res…2 (evoC-Bap1-ctrl-M, L002) | 1 of 4, retries: 1
[-        ] res…align:SAMTOOLS_MERGE_LANES -
[-        ] resolve_align:PRESEQ           -
[77/2e0947] bam…:BAMLET (evoC-Bap1-ctrl-M) | 1 of 1
[04/f08839] bam…P_BAMQC (evoC-Bap1-ctrl-M) | 0 of 1
[98/40d2e6] bam…SS_BIAS (evoC-Bap1-ctrl-M) | 0 of 1
[-        ] bam…:DEEPTOOLS_PLOTFINGERPRINT -
[21/6cd358] bam…_GCBIAS (evoC-Bap1-ctrl-M) | 0 of 1
[9b/c26985] bam…CCURACY (evoC-Bap1-ctrl-M) | 0 of 1
[1f/a3c1f6] var…_CALLER (evoC-Bap1-ctrl-M) | 0 of 1
[-        ] var…nt_calling:SPLIT_INTERVALS -
[-        ] var…calling:GENOMICS_DB_IMPORT -
[-        ] variant_calling:GENOTYPE_GVCFS -
[-        ] var…t_calling:MERGE_JOINT_VCFS -
[-        ] variant_calling:ASM            -
[-        ] var…_calling:MERGE_ASM_OUTPUTS -
[e7/724da4] var…MUTECT2 (evoC-Bap1-ctrl-M) | 0 of 1
[8f/7090e3] mbi…C-Bap1-ctrl-M-CHH-5-prime) | 0 of 3
[c3/2829d1] epi…ZARR (evoC-Bap1-ctrl-M-CG) | 0 of 3
[d2/acda36] epi…ZARR (evoC-Bap1-ctrl-M-CG) | 0 of 1
[1c/e68738] epi…ZARR (evoC-Bap1-ctrl-M-CG) | 1 of 1
[-        ] epi…_long_ctrl:MODALITY_EXPORT | 0 of 1
Plus 8 more processes waiting for tasks…

executor >  slurm (28)
[52/6a699d] res…AW (evoC-Bap1-mut-F, L002) | 4 of 4 ✔
[5b/a1da4a] res…DE (evoC-Bap1-mut-F, L002) | 4 of 4 ✔
[-        ] resolve_align:FASTQC_RESOLVED  -
[d9/49a4ae] res…2 (evoC-Bap1-ctrl-M, L002) | 1 of 4, retries: 1
[-        ] res…align:SAMTOOLS_MERGE_LANES -
[-        ] resolve_align:PRESEQ           -
[77/2e0947] bam…:BAMLET (evoC-Bap1-ctrl-M) | 1 of 1
[04/f08839] bam…P_BAMQC (evoC-Bap1-ctrl-M) | 0 of 1
[98/40d2e6] bam…SS_BIAS (evoC-Bap1-ctrl-M) | 0 of 1
[-        ] bam…:DEEPTOOLS_PLOTFINGERPRINT -
[21/6cd358] bam…_GCBIAS (evoC-Bap1-ctrl-M) | 0 of 1
[9b/c26985] bam…CCURACY (evoC-Bap1-ctrl-M) | 0 of 1
[1f/a3c1f6] var…_CALLER (evoC-Bap1-ctrl-M) | 0 of 1
[-        ] var…nt_calling:SPLIT_INTERVALS -
[-        ] var…calling:GENOMICS_DB_IMPORT -
[-        ] variant_calling:GENOTYPE_GVCFS -
[-        ] var…t_calling:MERGE_JOINT_VCFS -
[-        ] variant_calling:ASM            -
[-        ] var…_calling:MERGE_ASM_OUTPUTS -
[e7/724da4] var…MUTECT2 (evoC-Bap1-ctrl-M) | 0 of 1
[8f/7090e3] mbi…C-Bap1-ctrl-M-CHH-5-prime) | 0 of 3
[c3/2829d1] epi…ZARR (evoC-Bap1-ctrl-M-CG) | 0 of 3
[d2/acda36] epi…ZARR (evoC-Bap1-ctrl-M-CG) | 0 of 1
[1c/e68738] epi…ZARR (evoC-Bap1-ctrl-M-CG) | 1 of 1
[67/9ef61e] epi…PORT (evoC-Bap1-ctrl-M_CG) | 0 of 1
Plus 8 more processes waiting for tasks…

executor >  slurm (28)
[52/6a699d] res…AW (evoC-Bap1-mut-F, L002) | 4 of 4 ✔
[5b/a1da4a] res…DE (evoC-Bap1-mut-F, L002) | 4 of 4 ✔
[-        ] resolve_align:FASTQC_RESOLVED  -
[d9/49a4ae] res…2 (evoC-Bap1-ctrl-M, L002) | 1 of 4, retries: 1
[-        ] res…align:SAMTOOLS_MERGE_LANES -
[-        ] resolve_align:PRESEQ           -
[77/2e0947] bam…:BAMLET (evoC-Bap1-ctrl-M) | 1 of 1
[04/f08839] bam…P_BAMQC (evoC-Bap1-ctrl-M) | 0 of 1
[98/40d2e6] bam…SS_BIAS (evoC-Bap1-ctrl-M) | 0 of 1
[-        ] bam…:DEEPTOOLS_PLOTFINGERPRINT -
[21/6cd358] bam…_GCBIAS (evoC-Bap1-ctrl-M) | 0 of 1
[9b/c26985] bam…CCURACY (evoC-Bap1-ctrl-M) | 0 of 1
[1f/a3c1f6] var…_CALLER (evoC-Bap1-ctrl-M) | 0 of 1
[-        ] var…nt_calling:SPLIT_INTERVALS -
[-        ] var…calling:GENOMICS_DB_IMPORT -
[-        ] variant_calling:GENOTYPE_GVCFS -
[-        ] var…t_calling:MERGE_JOINT_VCFS -
[-        ] variant_calling:ASM            -
[-        ] var…_calling:MERGE_ASM_OUTPUTS -
[e7/724da4] var…MUTECT2 (evoC-Bap1-ctrl-M) | 0 of 1
[8f/7090e3] mbi…C-Bap1-ctrl-M-CHH-5-prime) | 0 of 3
[c3/2829d1] epi…ZARR (evoC-Bap1-ctrl-M-CG) | 0 of 3
[d2/acda36] epi…ZARR (evoC-Bap1-ctrl-M-CG) | 1 of 1
[-        ] epi…short_ctrl:MODALITY_EXPORT | 0 of 1
[1c/e68738] epi…ZARR (evoC-Bap1-ctrl-M-CG) | 1 of 1
[67/9ef61e] epi…PORT (evoC-Bap1-ctrl-M_CG) | 0 of 1
Plus 7 more processes waiting for tasks…

executor >  slurm (29)
[52/6a699d] res…AW (evoC-Bap1-mut-F, L002) | 4 of 4 ✔
[5b/a1da4a] res…DE (evoC-Bap1-mut-F, L002) | 4 of 4 ✔
[-        ] resolve_align:FASTQC_RESOLVED  -
[d9/49a4ae] res…2 (evoC-Bap1-ctrl-M, L002) | 1 of 4, retries: 1
[-        ] res…align:SAMTOOLS_MERGE_LANES -
[-        ] resolve_align:PRESEQ           -
[77/2e0947] bam…:BAMLET (evoC-Bap1-ctrl-M) | 1 of 1
[04/f08839] bam…P_BAMQC (evoC-Bap1-ctrl-M) | 0 of 1
[98/40d2e6] bam…SS_BIAS (evoC-Bap1-ctrl-M) | 0 of 1
[-        ] bam…:DEEPTOOLS_PLOTFINGERPRINT -
[21/6cd358] bam…_GCBIAS (evoC-Bap1-ctrl-M) | 0 of 1
[9b/c26985] bam…CCURACY (evoC-Bap1-ctrl-M) | 0 of 1
[1f/a3c1f6] var…_CALLER (evoC-Bap1-ctrl-M) | 0 of 1
[-        ] var…nt_calling:SPLIT_INTERVALS -
[-        ] var…calling:GENOMICS_DB_IMPORT -
[-        ] variant_calling:GENOTYPE_GVCFS -
[-        ] var…t_calling:MERGE_JOINT_VCFS -
[-        ] variant_calling:ASM            -
[-        ] var…_calling:MERGE_ASM_OUTPUTS -
[e7/724da4] var…MUTECT2 (evoC-Bap1-ctrl-M) | 0 of 1
[8f/7090e3] mbi…C-Bap1-ctrl-M-CHH-5-prime) | 0 of 3
[c3/2829d1] epi…ZARR (evoC-Bap1-ctrl-M-CG) | 0 of 3
[d2/acda36] epi…ZARR (evoC-Bap1-ctrl-M-CG) | 1 of 1
[52/b17f18] epi…PORT (evoC-Bap1-ctrl-M_CG) | 0 of 1
[1c/e68738] epi…ZARR (evoC-Bap1-ctrl-M-CG) | 1 of 1
[67/9ef61e] epi…PORT (evoC-Bap1-ctrl-M_CG) | 0 of 1
Plus 7 more processes waiting for tasks…

executor >  slurm (29)
[52/6a699d] res…AW (evoC-Bap1-mut-F, L002) | 4 of 4 ✔
[5b/a1da4a] res…DE (evoC-Bap1-mut-F, L002) | 4 of 4 ✔
[-        ] resolve_align:FASTQC_RESOLVED  -
[d9/49a4ae] res…2 (evoC-Bap1-ctrl-M, L002) | 1 of 4, retries: 1
[-        ] res…align:SAMTOOLS_MERGE_LANES -
[-        ] resolve_align:PRESEQ           -
[77/2e0947] bam…:BAMLET (evoC-Bap1-ctrl-M) | 1 of 1
[04/f08839] bam…P_BAMQC (evoC-Bap1-ctrl-M) | 0 of 1
[98/40d2e6] bam…SS_BIAS (evoC-Bap1-ctrl-M) | 0 of 1
[-        ] bam…:DEEPTOOLS_PLOTFINGERPRINT -
[21/6cd358] bam…_GCBIAS (evoC-Bap1-ctrl-M) | 0 of 1
[9b/c26985] bam…CCURACY (evoC-Bap1-ctrl-M) | 0 of 1
[1f/a3c1f6] var…_CALLER (evoC-Bap1-ctrl-M) | 0 of 1
[-        ] var…nt_calling:SPLIT_INTERVALS -
[-        ] var…calling:GENOMICS_DB_IMPORT -
[-        ] variant_calling:GENOTYPE_GVCFS -
[-        ] var…t_calling:MERGE_JOINT_VCFS -
[-        ] variant_calling:ASM            -
[-        ] var…_calling:MERGE_ASM_OUTPUTS -
[e7/724da4] var…MUTECT2 (evoC-Bap1-ctrl-M) | 0 of 1
[8f/7090e3] mbi…C-Bap1-ctrl-M-CHH-5-prime) | 0 of 3
[c3/2829d1] epi…ZARR (evoC-Bap1-ctrl-M-CG) | 0 of 3
[d2/acda36] epi…ZARR (evoC-Bap1-ctrl-M-CG) | 1 of 1
[52/b17f18] epi…PORT (evoC-Bap1-ctrl-M_CG) | 0 of 1
[1c/e68738] epi…ZARR (evoC-Bap1-ctrl-M-CG) | 1 of 1
[67/9ef61e] epi…PORT (evoC-Bap1-ctrl-M_CG) | 0 of 1
Plus 7 more processes waiting for tasks…

executor >  slurm (29)
[52/6a699d] res…AW (evoC-Bap1-mut-F, L002) | 4 of 4 ✔
[5b/a1da4a] res…DE (evoC-Bap1-mut-F, L002) | 4 of 4 ✔
[-        ] resolve_align:FASTQC_RESOLVED  -
[d9/49a4ae] res…2 (evoC-Bap1-ctrl-M, L002) | 1 of 4, retries: 1
[-        ] res…align:SAMTOOLS_MERGE_LANES -
[-        ] resolve_align:PRESEQ           -
[77/2e0947] bam…:BAMLET (evoC-Bap1-ctrl-M) | 1 of 1
[04/f08839] bam…P_BAMQC (evoC-Bap1-ctrl-M) | 0 of 1
[98/40d2e6] bam…SS_BIAS (evoC-Bap1-ctrl-M) | 0 of 1
[-        ] bam…:DEEPTOOLS_PLOTFINGERPRINT -
[21/6cd358] bam…_GCBIAS (evoC-Bap1-ctrl-M) | 0 of 1
[9b/c26985] bam…CCURACY (evoC-Bap1-ctrl-M) | 1 of 1
[1f/a3c1f6] var…_CALLER (evoC-Bap1-ctrl-M) | 0 of 1
[-        ] var…nt_calling:SPLIT_INTERVALS -
[-        ] var…calling:GENOMICS_DB_IMPORT -
[-        ] variant_calling:GENOTYPE_GVCFS -
[-        ] var…t_calling:MERGE_JOINT_VCFS -
[-        ] variant_calling:ASM            -
[-        ] var…_calling:MERGE_ASM_OUTPUTS -
[e7/724da4] var…MUTECT2 (evoC-Bap1-ctrl-M) | 0 of 1
[8f/7090e3] mbi…C-Bap1-ctrl-M-CHH-5-prime) | 0 of 3
[c3/2829d1] epi…ZARR (evoC-Bap1-ctrl-M-CG) | 0 of 3
[d2/acda36] epi…ZARR (evoC-Bap1-ctrl-M-CG) | 1 of 1
[52/b17f18] epi…PORT (evoC-Bap1-ctrl-M_CG) | 0 of 1
[1c/e68738] epi…ZARR (evoC-Bap1-ctrl-M-CG) | 1 of 1
[67/9ef61e] epi…PORT (evoC-Bap1-ctrl-M_CG) | 0 of 1
Plus 7 more processes waiting for tasks…

executor >  slurm (29)
[52/6a699d] res…AW (evoC-Bap1-mut-F, L002) | 4 of 4 ✔
[5b/a1da4a] res…DE (evoC-Bap1-mut-F, L002) | 4 of 4 ✔
[-        ] resolve_align:FASTQC_RESOLVED  -
[d9/49a4ae] res…2 (evoC-Bap1-ctrl-M, L002) | 1 of 4, retries: 1
[-        ] res…align:SAMTOOLS_MERGE_LANES -
[-        ] resolve_align:PRESEQ           -
[77/2e0947] bam…:BAMLET (evoC-Bap1-ctrl-M) | 1 of 1
[04/f08839] bam…P_BAMQC (evoC-Bap1-ctrl-M) | 0 of 1
[98/40d2e6] bam…SS_BIAS (evoC-Bap1-ctrl-M) | 0 of 1
[-        ] bam…:DEEPTOOLS_PLOTFINGERPRINT -
[21/6cd358] bam…_GCBIAS (evoC-Bap1-ctrl-M) | 0 of 1
[9b/c26985] bam…CCURACY (evoC-Bap1-ctrl-M) | 1 of 1
[1f/a3c1f6] var…_CALLER (evoC-Bap1-ctrl-M) | 0 of 1
[-        ] var…nt_calling:SPLIT_INTERVALS -
[-        ] var…calling:GENOMICS_DB_IMPORT -
[-        ] variant_calling:GENOTYPE_GVCFS -
[-        ] var…t_calling:MERGE_JOINT_VCFS -
[-        ] variant_calling:ASM            -
[-        ] var…_calling:MERGE_ASM_OUTPUTS -
[e7/724da4] var…MUTECT2 (evoC-Bap1-ctrl-M) | 0 of 1
[8f/7090e3] mbi…C-Bap1-ctrl-M-CHH-5-prime) | 0 of 3
[c3/2829d1] epi…ZARR (evoC-Bap1-ctrl-M-CG) | 0 of 3
[d2/acda36] epi…ZARR (evoC-Bap1-ctrl-M-CG) | 1 of 1
[52/b17f18] epi…PORT (evoC-Bap1-ctrl-M_CG) | 0 of 1
[1c/e68738] epi…ZARR (evoC-Bap1-ctrl-M-CG) | 1 of 1
[67/9ef61e] epi…PORT (evoC-Bap1-ctrl-M_CG) | 0 of 1
Plus 7 more processes waiting for tasks…

executor >  slurm (29)
[52/6a699d] res…AW (evoC-Bap1-mut-F, L002) | 4 of 4 ✔
[5b/a1da4a] res…DE (evoC-Bap1-mut-F, L002) | 4 of 4 ✔
[-        ] resolve_align:FASTQC_RESOLVED  -
[d9/49a4ae] res…2 (evoC-Bap1-ctrl-M, L002) | 1 of 4, retries: 1
[-        ] res…align:SAMTOOLS_MERGE_LANES -
[-        ] resolve_align:PRESEQ           -
[77/2e0947] bam…:BAMLET (evoC-Bap1-ctrl-M) | 1 of 1
[04/f08839] bam…P_BAMQC (evoC-Bap1-ctrl-M) | 0 of 1
[98/40d2e6] bam…SS_BIAS (evoC-Bap1-ctrl-M) | 0 of 1
[-        ] bam…:DEEPTOOLS_PLOTFINGERPRINT -
[21/6cd358] bam…_GCBIAS (evoC-Bap1-ctrl-M) | 0 of 1
[9b/c26985] bam…CCURACY (evoC-Bap1-ctrl-M) | 1 of 1
[1f/a3c1f6] var…_CALLER (evoC-Bap1-ctrl-M) | 0 of 1
[-        ] var…nt_calling:SPLIT_INTERVALS -
[-        ] var…calling:GENOMICS_DB_IMPORT -
[-        ] variant_calling:GENOTYPE_GVCFS -
[-        ] var…t_calling:MERGE_JOINT_VCFS -
[-        ] variant_calling:ASM            -
[-        ] var…_calling:MERGE_ASM_OUTPUTS -
[e7/724da4] var…MUTECT2 (evoC-Bap1-ctrl-M) | 0 of 1
[8f/7090e3] mbi…C-Bap1-ctrl-M-CHH-5-prime) | 0 of 3
[c3/2829d1] epi…ZARR (evoC-Bap1-ctrl-M-CG) | 0 of 3
[d2/acda36] epi…ZARR (evoC-Bap1-ctrl-M-CG) | 1 of 1
[52/b17f18] epi…PORT (evoC-Bap1-ctrl-M_CG) | 1 of 1
[1c/e68738] epi…ZARR (evoC-Bap1-ctrl-M-CG) | 1 of 1
[67/9ef61e] epi…PORT (evoC-Bap1-ctrl-M_CG) | 0 of 1
Plus 7 more processes waiting for tasks…

executor >  slurm (29)
[52/6a699d] res…AW (evoC-Bap1-mut-F, L002) | 4 of 4 ✔
[5b/a1da4a] res…DE (evoC-Bap1-mut-F, L002) | 4 of 4 ✔
[-        ] resolve_align:FASTQC_RESOLVED  -
[d9/49a4ae] res…2 (evoC-Bap1-ctrl-M, L002) | 1 of 4, retries: 1
[-        ] res…align:SAMTOOLS_MERGE_LANES -
[-        ] resolve_align:PRESEQ           -
[77/2e0947] bam…:BAMLET (evoC-Bap1-ctrl-M) | 1 of 1
[04/f08839] bam…P_BAMQC (evoC-Bap1-ctrl-M) | 0 of 1
[98/40d2e6] bam…SS_BIAS (evoC-Bap1-ctrl-M) | 0 of 1
[-        ] bam…:DEEPTOOLS_PLOTFINGERPRINT -
[21/6cd358] bam…_GCBIAS (evoC-Bap1-ctrl-M) | 0 of 1
[9b/c26985] bam…CCURACY (evoC-Bap1-ctrl-M) | 1 of 1
[1f/a3c1f6] var…_CALLER (evoC-Bap1-ctrl-M) | 0 of 1
[-        ] var…nt_calling:SPLIT_INTERVALS -
[-        ] var…calling:GENOMICS_DB_IMPORT -
[-        ] variant_calling:GENOTYPE_GVCFS -
[-        ] var…t_calling:MERGE_JOINT_VCFS -
[-        ] variant_calling:ASM            -
[-        ] var…_calling:MERGE_ASM_OUTPUTS -
[e7/724da4] var…MUTECT2 (evoC-Bap1-ctrl-M) | 0 of 1
[8f/7090e3] mbi…C-Bap1-ctrl-M-CHH-5-prime) | 0 of 3
[c3/2829d1] epi…ZARR (evoC-Bap1-ctrl-M-CG) | 0 of 3
[d2/acda36] epi…ZARR (evoC-Bap1-ctrl-M-CG) | 1 of 1
[52/b17f18] epi…PORT (evoC-Bap1-ctrl-M_CG) | 1 of 1
[1c/e68738] epi…ZARR (evoC-Bap1-ctrl-M-CG) | 1 of 1
[67/9ef61e] epi…PORT (evoC-Bap1-ctrl-M_CG) | 1 of 1
Plus 7 more processes waiting for tasks…

executor >  slurm (29)
[52/6a699d] res…AW (evoC-Bap1-mut-F, L002) | 4 of 4 ✔
[5b/a1da4a] res…DE (evoC-Bap1-mut-F, L002) | 4 of 4 ✔
[-        ] resolve_align:FASTQC_RESOLVED  -
[35/0786b7] res…2 (evoC-Bap1-ctrl-F, L002) | 2 of 4, retries: 1
[-        ] res…align:SAMTOOLS_MERGE_LANES -
[-        ] resolve_align:PRESEQ           -
[77/2e0947] bam…:BAMLET (evoC-Bap1-ctrl-M) | 1 of 2
[04/f08839] bam…P_BAMQC (evoC-Bap1-ctrl-M) | 0 of 1
[98/40d2e6] bam…SS_BIAS (evoC-Bap1-ctrl-M) | 0 of 1
[-        ] bam…:DEEPTOOLS_PLOTFINGERPRINT -
[21/6cd358] bam…_GCBIAS (evoC-Bap1-ctrl-M) | 0 of 1
[9b/c26985] bam…CCURACY (evoC-Bap1-ctrl-M) | 1 of 1
[1f/a3c1f6] var…_CALLER (evoC-Bap1-ctrl-M) | 0 of 1
[-        ] var…nt_calling:SPLIT_INTERVALS -
[-        ] var…calling:GENOMICS_DB_IMPORT -
[-        ] variant_calling:GENOTYPE_GVCFS -
[-        ] var…t_calling:MERGE_JOINT_VCFS -
[-        ] variant_calling:ASM            -
[-        ] var…_calling:MERGE_ASM_OUTPUTS -
[e7/724da4] var…MUTECT2 (evoC-Bap1-ctrl-M) | 0 of 1
[8f/7090e3] mbi…C-Bap1-ctrl-M-CHH-5-prime) | 0 of 3
[c3/2829d1] epi…ZARR (evoC-Bap1-ctrl-M-CG) | 0 of 3
[d2/acda36] epi…ZARR (evoC-Bap1-ctrl-M-CG) | 1 of 1
[52/b17f18] epi…PORT (evoC-Bap1-ctrl-M_CG) | 1 of 1
[1c/e68738] epi…ZARR (evoC-Bap1-ctrl-M-CG) | 1 of 1
[67/9ef61e] epi…PORT (evoC-Bap1-ctrl-M_CG) | 1 of 1
Plus 7 more processes waiting for tasks…

executor >  slurm (30)
[52/6a699d] res…AW (evoC-Bap1-mut-F, L002) | 4 of 4 ✔
[5b/a1da4a] res…DE (evoC-Bap1-mut-F, L002) | 4 of 4 ✔
[-        ] resolve_align:FASTQC_RESOLVED  -
[35/0786b7] res…2 (evoC-Bap1-ctrl-F, L002) | 2 of 4, retries: 1
[-        ] res…align:SAMTOOLS_MERGE_LANES -
[-        ] resolve_align:PRESEQ           -
[e1/bd4065] bam…:BAMLET (evoC-Bap1-ctrl-F) | 1 of 2
[04/f08839] bam…P_BAMQC (evoC-Bap1-ctrl-M) | 0 of 1
[98/40d2e6] bam…SS_BIAS (evoC-Bap1-ctrl-M) | 0 of 1
[-        ] bam…:DEEPTOOLS_PLOTFINGERPRINT -
[21/6cd358] bam…_GCBIAS (evoC-Bap1-ctrl-M) | 0 of 1
[9b/c26985] bam…CCURACY (evoC-Bap1-ctrl-M) | 1 of 1
[1f/a3c1f6] var…_CALLER (evoC-Bap1-ctrl-M) | 0 of 1
[-        ] var…nt_calling:SPLIT_INTERVALS -
[-        ] var…calling:GENOMICS_DB_IMPORT -
[-        ] variant_calling:GENOTYPE_GVCFS -
[-        ] var…t_calling:MERGE_JOINT_VCFS -
[-        ] variant_calling:ASM            -
[-        ] var…_calling:MERGE_ASM_OUTPUTS -
[e7/724da4] var…MUTECT2 (evoC-Bap1-ctrl-M) | 0 of 1
[8f/7090e3] mbi…C-Bap1-ctrl-M-CHH-5-prime) | 0 of 3
[c3/2829d1] epi…ZARR (evoC-Bap1-ctrl-M-CG) | 0 of 3
[d2/acda36] epi…ZARR (evoC-Bap1-ctrl-M-CG) | 1 of 1
[52/b17f18] epi…PORT (evoC-Bap1-ctrl-M_CG) | 1 of 1
[1c/e68738] epi…ZARR (evoC-Bap1-ctrl-M-CG) | 1 of 1
[67/9ef61e] epi…PORT (evoC-Bap1-ctrl-M_CG) | 1 of 1
Plus 7 more processes waiting for tasks…

executor >  slurm (30)
[52/6a699d] res…AW (evoC-Bap1-mut-F, L002) | 4 of 4 ✔
[5b/a1da4a] res…DE (evoC-Bap1-mut-F, L002) | 4 of 4 ✔
[-        ] resolve_align:FASTQC_RESOLVED  -
[35/0786b7] res…2 (evoC-Bap1-ctrl-F, L002) | 2 of 4, retries: 1
[-        ] res…align:SAMTOOLS_MERGE_LANES -
[-        ] resolve_align:PRESEQ           -
[e1/bd4065] bam…:BAMLET (evoC-Bap1-ctrl-F) | 1 of 2
[04/f08839] bam…P_BAMQC (evoC-Bap1-ctrl-M) | 0 of 1
[98/40d2e6] bam…SS_BIAS (evoC-Bap1-ctrl-M) | 0 of 1
[-        ] bam…:DEEPTOOLS_PLOTFINGERPRINT -
[21/6cd358] bam…_GCBIAS (evoC-Bap1-ctrl-M) | 0 of 1
[9b/c26985] bam…CCURACY (evoC-Bap1-ctrl-M) | 1 of 1
[1f/a3c1f6] var…_CALLER (evoC-Bap1-ctrl-M) | 0 of 1
[-        ] var…nt_calling:SPLIT_INTERVALS -
[-        ] var…calling:GENOMICS_DB_IMPORT -
[-        ] variant_calling:GENOTYPE_GVCFS -
[-        ] var…t_calling:MERGE_JOINT_VCFS -
[-        ] variant_calling:ASM            -
[-        ] var…_calling:MERGE_ASM_OUTPUTS -
[e7/724da4] var…MUTECT2 (evoC-Bap1-ctrl-M) | 0 of 1
[8f/7090e3] mbi…C-Bap1-ctrl-M-CHH-5-prime) | 0 of 3
[c3/2829d1] epi…ZARR (evoC-Bap1-ctrl-M-CG) | 0 of 3
[d2/acda36] epi…ZARR (evoC-Bap1-ctrl-M-CG) | 1 of 1
[52/b17f18] epi…PORT (evoC-Bap1-ctrl-M_CG) | 1 of 1
[1c/e68738] epi…ZARR (evoC-Bap1-ctrl-M-CG) | 1 of 1
[67/9ef61e] epi…PORT (evoC-Bap1-ctrl-M_CG) | 1 of 1
Plus 7 more processes waiting for tasks…

executor >  slurm (30)
[52/6a699d] res…AW (evoC-Bap1-mut-F, L002) | 4 of 4 ✔
[5b/a1da4a] res…DE (evoC-Bap1-mut-F, L002) | 4 of 4 ✔
[-        ] resolve_align:FASTQC_RESOLVED  -
[35/0786b7] res…2 (evoC-Bap1-ctrl-F, L002) | 2 of 4, retries: 1
[-        ] res…align:SAMTOOLS_MERGE_LANES -
[-        ] resolve_align:PRESEQ           -
[e1/bd4065] bam…:BAMLET (evoC-Bap1-ctrl-F) | 1 of 2
[04/f08839] bam…P_BAMQC (evoC-Bap1-ctrl-M) | 0 of 1
[98/40d2e6] bam…SS_BIAS (evoC-Bap1-ctrl-M) | 1 of 1
[-        ] bam…:DEEPTOOLS_PLOTFINGERPRINT -
[21/6cd358] bam…_GCBIAS (evoC-Bap1-ctrl-M) | 0 of 1
[9b/c26985] bam…CCURACY (evoC-Bap1-ctrl-M) | 1 of 1
[1f/a3c1f6] var…_CALLER (evoC-Bap1-ctrl-M) | 0 of 1
[-        ] var…nt_calling:SPLIT_INTERVALS -
[-        ] var…calling:GENOMICS_DB_IMPORT -
[-        ] variant_calling:GENOTYPE_GVCFS -
[-        ] var…t_calling:MERGE_JOINT_VCFS -
[-        ] variant_calling:ASM            -
[-        ] var…_calling:MERGE_ASM_OUTPUTS -
[e7/724da4] var…MUTECT2 (evoC-Bap1-ctrl-M) | 0 of 1
[8f/7090e3] mbi…C-Bap1-ctrl-M-CHH-5-prime) | 0 of 3
[c3/2829d1] epi…ZARR (evoC-Bap1-ctrl-M-CG) | 0 of 3
[d2/acda36] epi…ZARR (evoC-Bap1-ctrl-M-CG) | 1 of 1
[52/b17f18] epi…PORT (evoC-Bap1-ctrl-M_CG) | 1 of 1
[1c/e68738] epi…ZARR (evoC-Bap1-ctrl-M-CG) | 1 of 1
[67/9ef61e] epi…PORT (evoC-Bap1-ctrl-M_CG) | 1 of 1
Plus 7 more processes waiting for tasks…

executor >  slurm (30)
[52/6a699d] res…AW (evoC-Bap1-mut-F, L002) | 4 of 4 ✔
[5b/a1da4a] res…DE (evoC-Bap1-mut-F, L002) | 4 of 4 ✔
[-        ] resolve_align:FASTQC_RESOLVED  -
[35/0786b7] res…2 (evoC-Bap1-ctrl-F, L002) | 2 of 4, retries: 1
[-        ] res…align:SAMTOOLS_MERGE_LANES -
[-        ] resolve_align:PRESEQ           -
[e1/bd4065] bam…:BAMLET (evoC-Bap1-ctrl-F) | 1 of 2
[04/f08839] bam…P_BAMQC (evoC-Bap1-ctrl-M) | 0 of 1
[98/40d2e6] bam…SS_BIAS (evoC-Bap1-ctrl-M) | 1 of 1
[-        ] bam…:DEEPTOOLS_PLOTFINGERPRINT -
[21/6cd358] bam…_GCBIAS (evoC-Bap1-ctrl-M) | 1 of 1
[9b/c26985] bam…CCURACY (evoC-Bap1-ctrl-M) | 1 of 1
[1f/a3c1f6] var…_CALLER (evoC-Bap1-ctrl-M) | 0 of 1
[-        ] var…nt_calling:SPLIT_INTERVALS -
[-        ] var…calling:GENOMICS_DB_IMPORT -
[-        ] variant_calling:GENOTYPE_GVCFS -
[-        ] var…t_calling:MERGE_JOINT_VCFS -
[-        ] variant_calling:ASM            -
[-        ] var…_calling:MERGE_ASM_OUTPUTS -
[e7/724da4] var…MUTECT2 (evoC-Bap1-ctrl-M) | 0 of 1
[8f/7090e3] mbi…C-Bap1-ctrl-M-CHH-5-prime) | 0 of 3
[c3/2829d1] epi…ZARR (evoC-Bap1-ctrl-M-CG) | 0 of 3
[d2/acda36] epi…ZARR (evoC-Bap1-ctrl-M-CG) | 1 of 1
[52/b17f18] epi…PORT (evoC-Bap1-ctrl-M_CG) | 1 of 1
[1c/e68738] epi…ZARR (evoC-Bap1-ctrl-M-CG) | 1 of 1
[67/9ef61e] epi…PORT (evoC-Bap1-ctrl-M_CG) | 1 of 1
Plus 7 more processes waiting for tasks…

executor >  slurm (30)
[52/6a699d] res…AW (evoC-Bap1-mut-F, L002) | 4 of 4 ✔
[5b/a1da4a] res…DE (evoC-Bap1-mut-F, L002) | 4 of 4 ✔
[-        ] resolve_align:FASTQC_RESOLVED  -
[35/0786b7] res…2 (evoC-Bap1-ctrl-F, L002) | 2 of 4, retries: 1
[-        ] res…align:SAMTOOLS_MERGE_LANES -
[-        ] resolve_align:PRESEQ           -
[e1/bd4065] bam…:BAMLET (evoC-Bap1-ctrl-F) | 1 of 2
[04/f08839] bam…P_BAMQC (evoC-Bap1-ctrl-M) | 0 of 1
[98/40d2e6] bam…SS_BIAS (evoC-Bap1-ctrl-M) | 1 of 1
[-        ] bam…:DEEPTOOLS_PLOTFINGERPRINT -
[21/6cd358] bam…_GCBIAS (evoC-Bap1-ctrl-M) | 1 of 1
[9b/c26985] bam…CCURACY (evoC-Bap1-ctrl-M) | 1 of 1
[1f/a3c1f6] var…_CALLER (evoC-Bap1-ctrl-M) | 0 of 1
[-        ] var…nt_calling:SPLIT_INTERVALS -
[-        ] var…calling:GENOMICS_DB_IMPORT -
[-        ] variant_calling:GENOTYPE_GVCFS -
[-        ] var…t_calling:MERGE_JOINT_VCFS -
[-        ] variant_calling:ASM            -
[-        ] var…_calling:MERGE_ASM_OUTPUTS -
[e7/724da4] var…MUTECT2 (evoC-Bap1-ctrl-M) | 0 of 1
[2b/02523a] mbi…C-Bap1-ctrl-M-CHG-5-prime) | 1 of 3
[c3/2829d1] epi…ZARR (evoC-Bap1-ctrl-M-CG) | 0 of 3
[d2/acda36] epi…ZARR (evoC-Bap1-ctrl-M-CG) | 1 of 1
[52/b17f18] epi…PORT (evoC-Bap1-ctrl-M_CG) | 1 of 1
[1c/e68738] epi…ZARR (evoC-Bap1-ctrl-M-CG) | 1 of 1
[67/9ef61e] epi…PORT (evoC-Bap1-ctrl-M_CG) | 1 of 1
Plus 7 more processes waiting for tasks…

executor >  slurm (30)
[52/6a699d] res…AW (evoC-Bap1-mut-F, L002) | 4 of 4 ✔
[5b/a1da4a] res…DE (evoC-Bap1-mut-F, L002) | 4 of 4 ✔
[-        ] resolve_align:FASTQC_RESOLVED  -
[35/0786b7] res…2 (evoC-Bap1-ctrl-F, L002) | 2 of 4, retries: 1
[-        ] res…align:SAMTOOLS_MERGE_LANES -
[-        ] resolve_align:PRESEQ           -
[e1/bd4065] bam…:BAMLET (evoC-Bap1-ctrl-F) | 1 of 2
[04/f08839] bam…P_BAMQC (evoC-Bap1-ctrl-M) | 1 of 1
[98/40d2e6] bam…SS_BIAS (evoC-Bap1-ctrl-M) | 1 of 1
[-        ] bam…:DEEPTOOLS_PLOTFINGERPRINT -
[21/6cd358] bam…_GCBIAS (evoC-Bap1-ctrl-M) | 1 of 1
[9b/c26985] bam…CCURACY (evoC-Bap1-ctrl-M) | 1 of 1
[1f/a3c1f6] var…_CALLER (evoC-Bap1-ctrl-M) | 0 of 1
[-        ] var…nt_calling:SPLIT_INTERVALS -
[-        ] var…calling:GENOMICS_DB_IMPORT -
[-        ] variant_calling:GENOTYPE_GVCFS -
[-        ] var…t_calling:MERGE_JOINT_VCFS -
[-        ] variant_calling:ASM            -
[-        ] var…_calling:MERGE_ASM_OUTPUTS -
[e7/724da4] var…MUTECT2 (evoC-Bap1-ctrl-M) | 0 of 1
[2b/02523a] mbi…C-Bap1-ctrl-M-CHG-5-prime) | 1 of 3
[c3/2829d1] epi…ZARR (evoC-Bap1-ctrl-M-CG) | 0 of 3
[d2/acda36] epi…ZARR (evoC-Bap1-ctrl-M-CG) | 1 of 1
[52/b17f18] epi…PORT (evoC-Bap1-ctrl-M_CG) | 1 of 1
[1c/e68738] epi…ZARR (evoC-Bap1-ctrl-M-CG) | 1 of 1
[67/9ef61e] epi…PORT (evoC-Bap1-ctrl-M_CG) | 1 of 1
Plus 7 more processes waiting for tasks…

executor >  slurm (30)
[52/6a699d] res…AW (evoC-Bap1-mut-F, L002) | 4 of 4 ✔
[5b/a1da4a] res…DE (evoC-Bap1-mut-F, L002) | 4 of 4 ✔
[-        ] resolve_align:FASTQC_RESOLVED  -
[35/0786b7] res…2 (evoC-Bap1-ctrl-F, L002) | 2 of 4, retries: 1
[-        ] res…align:SAMTOOLS_MERGE_LANES -
[-        ] resolve_align:PRESEQ           -
[e1/bd4065] bam…:BAMLET (evoC-Bap1-ctrl-F) | 1 of 2
[04/f08839] bam…P_BAMQC (evoC-Bap1-ctrl-M) | 1 of 1
[98/40d2e6] bam…SS_BIAS (evoC-Bap1-ctrl-M) | 1 of 1
[-        ] bam…:DEEPTOOLS_PLOTFINGERPRINT -
[21/6cd358] bam…_GCBIAS (evoC-Bap1-ctrl-M) | 1 of 1
[9b/c26985] bam…CCURACY (evoC-Bap1-ctrl-M) | 1 of 1
[1f/a3c1f6] var…_CALLER (evoC-Bap1-ctrl-M) | 0 of 1
[-        ] var…nt_calling:SPLIT_INTERVALS -
[-        ] var…calling:GENOMICS_DB_IMPORT -
[-        ] variant_calling:GENOTYPE_GVCFS -
[-        ] var…t_calling:MERGE_JOINT_VCFS -
[-        ] variant_calling:ASM            -
[-        ] var…_calling:MERGE_ASM_OUTPUTS -
[e7/724da4] var…MUTECT2 (evoC-Bap1-ctrl-M) | 0 of 1
[8f/7090e3] mbi…C-Bap1-ctrl-M-CHH-5-prime) | 2 of 3
[c3/2829d1] epi…ZARR (evoC-Bap1-ctrl-M-CG) | 0 of 3
[d2/acda36] epi…ZARR (evoC-Bap1-ctrl-M-CG) | 1 of 1
[52/b17f18] epi…PORT (evoC-Bap1-ctrl-M_CG) | 1 of 1
[1c/e68738] epi…ZARR (evoC-Bap1-ctrl-M-CG) | 1 of 1
[67/9ef61e] epi…PORT (evoC-Bap1-ctrl-M_CG) | 1 of 1
Plus 7 more processes waiting for tasks…

executor >  slurm (30)
[52/6a699d] res…AW (evoC-Bap1-mut-F, L002) | 4 of 4 ✔
[5b/a1da4a] res…DE (evoC-Bap1-mut-F, L002) | 4 of 4 ✔
[-        ] resolve_align:FASTQC_RESOLVED  -
[21/fd657d] res…M2 (evoC-Bap1-mut-M, L002) | 3 of 4, retries: 1
[-        ] res…align:SAMTOOLS_MERGE_LANES -
[-        ] resolve_align:PRESEQ           -
[e1/bd4065] bam…:BAMLET (evoC-Bap1-ctrl-F) | 1 of 3
[04/f08839] bam…P_BAMQC (evoC-Bap1-ctrl-M) | 1 of 1
[98/40d2e6] bam…SS_BIAS (evoC-Bap1-ctrl-M) | 1 of 1
[-        ] bam…:DEEPTOOLS_PLOTFINGERPRINT -
[21/6cd358] bam…_GCBIAS (evoC-Bap1-ctrl-M) | 1 of 1
[9b/c26985] bam…CCURACY (evoC-Bap1-ctrl-M) | 1 of 1
[1f/a3c1f6] var…_CALLER (evoC-Bap1-ctrl-M) | 0 of 1
[-        ] var…nt_calling:SPLIT_INTERVALS -
[-        ] var…calling:GENOMICS_DB_IMPORT -
[-        ] variant_calling:GENOTYPE_GVCFS -
[-        ] var…t_calling:MERGE_JOINT_VCFS -
[-        ] variant_calling:ASM            -
[-        ] var…_calling:MERGE_ASM_OUTPUTS -
[e7/724da4] var…MUTECT2 (evoC-Bap1-ctrl-M) | 0 of 1
[8f/7090e3] mbi…C-Bap1-ctrl-M-CHH-5-prime) | 2 of 3
[c3/2829d1] epi…ZARR (evoC-Bap1-ctrl-M-CG) | 0 of 3
[d2/acda36] epi…ZARR (evoC-Bap1-ctrl-M-CG) | 1 of 1
[52/b17f18] epi…PORT (evoC-Bap1-ctrl-M_CG) | 1 of 1
[1c/e68738] epi…ZARR (evoC-Bap1-ctrl-M-CG) | 1 of 1
[67/9ef61e] epi…PORT (evoC-Bap1-ctrl-M_CG) | 1 of 1
Plus 7 more processes waiting for tasks…

executor >  slurm (31)
[52/6a699d] res…AW (evoC-Bap1-mut-F, L002) | 4 of 4 ✔
[5b/a1da4a] res…DE (evoC-Bap1-mut-F, L002) | 4 of 4 ✔
[-        ] resolve_align:FASTQC_RESOLVED  -
[21/fd657d] res…M2 (evoC-Bap1-mut-M, L002) | 3 of 4, retries: 1
[-        ] res…align:SAMTOOLS_MERGE_LANES -
[-        ] resolve_align:PRESEQ           -
[ac/7d609d] bam…t:BAMLET (evoC-Bap1-mut-M) | 1 of 3
[04/f08839] bam…P_BAMQC (evoC-Bap1-ctrl-M) | 1 of 1
[98/40d2e6] bam…SS_BIAS (evoC-Bap1-ctrl-M) | 1 of 1
[-        ] bam…:DEEPTOOLS_PLOTFINGERPRINT -
[21/6cd358] bam…_GCBIAS (evoC-Bap1-ctrl-M) | 1 of 1
[9b/c26985] bam…CCURACY (evoC-Bap1-ctrl-M) | 1 of 1
[1f/a3c1f6] var…_CALLER (evoC-Bap1-ctrl-M) | 0 of 1
[-        ] var…nt_calling:SPLIT_INTERVALS -
[-        ] var…calling:GENOMICS_DB_IMPORT -
[-        ] variant_calling:GENOTYPE_GVCFS -
[-        ] var…t_calling:MERGE_JOINT_VCFS -
[-        ] variant_calling:ASM            -
[-        ] var…_calling:MERGE_ASM_OUTPUTS -
[e7/724da4] var…MUTECT2 (evoC-Bap1-ctrl-M) | 0 of 1
[8f/7090e3] mbi…C-Bap1-ctrl-M-CHH-5-prime) | 2 of 3
[c3/2829d1] epi…ZARR (evoC-Bap1-ctrl-M-CG) | 0 of 3
[d2/acda36] epi…ZARR (evoC-Bap1-ctrl-M-CG) | 1 of 1
[52/b17f18] epi…PORT (evoC-Bap1-ctrl-M_CG) | 1 of 1
[1c/e68738] epi…ZARR (evoC-Bap1-ctrl-M-CG) | 1 of 1
[67/9ef61e] epi…PORT (evoC-Bap1-ctrl-M_CG) | 1 of 1
Plus 7 more processes waiting for tasks…

executor >  slurm (31)
[52/6a699d] res…AW (evoC-Bap1-mut-F, L002) | 4 of 4 ✔
[5b/a1da4a] res…DE (evoC-Bap1-mut-F, L002) | 4 of 4 ✔
[-        ] resolve_align:FASTQC_RESOLVED  -
[21/fd657d] res…M2 (evoC-Bap1-mut-M, L002) | 3 of 4, retries: 1
[-        ] res…align:SAMTOOLS_MERGE_LANES -
[-        ] resolve_align:PRESEQ           -
[ac/7d609d] bam…t:BAMLET (evoC-Bap1-mut-M) | 1 of 3
[04/f08839] bam…P_BAMQC (evoC-Bap1-ctrl-M) | 1 of 1
[98/40d2e6] bam…SS_BIAS (evoC-Bap1-ctrl-M) | 1 of 1
[-        ] bam…:DEEPTOOLS_PLOTFINGERPRINT -
[21/6cd358] bam…_GCBIAS (evoC-Bap1-ctrl-M) | 1 of 1
[9b/c26985] bam…CCURACY (evoC-Bap1-ctrl-M) | 1 of 1
[1f/a3c1f6] var…_CALLER (evoC-Bap1-ctrl-M) | 0 of 1
[-        ] var…nt_calling:SPLIT_INTERVALS -
[-        ] var…calling:GENOMICS_DB_IMPORT -
[-        ] variant_calling:GENOTYPE_GVCFS -
[-        ] var…t_calling:MERGE_JOINT_VCFS -
[-        ] variant_calling:ASM            -
[-        ] var…_calling:MERGE_ASM_OUTPUTS -
[e7/724da4] var…MUTECT2 (evoC-Bap1-ctrl-M) | 0 of 1
[8f/7090e3] mbi…C-Bap1-ctrl-M-CHH-5-prime) | 2 of 3
[c3/2829d1] epi…ZARR (evoC-Bap1-ctrl-M-CG) | 0 of 3
[d2/acda36] epi…ZARR (evoC-Bap1-ctrl-M-CG) | 1 of 1
[52/b17f18] epi…PORT (evoC-Bap1-ctrl-M_CG) | 1 of 1
[1c/e68738] epi…ZARR (evoC-Bap1-ctrl-M-CG) | 1 of 1
[67/9ef61e] epi…PORT (evoC-Bap1-ctrl-M_CG) | 1 of 1
Plus 7 more processes waiting for tasks…

executor >  slurm (31)
[52/6a699d] res…AW (evoC-Bap1-mut-F, L002) | 4 of 4 ✔
[5b/a1da4a] res…DE (evoC-Bap1-mut-F, L002) | 4 of 4 ✔
[-        ] resolve_align:FASTQC_RESOLVED  -
[21/fd657d] res…M2 (evoC-Bap1-mut-M, L002) | 3 of 4, retries: 1
[-        ] res…align:SAMTOOLS_MERGE_LANES -
[-        ] resolve_align:PRESEQ           -
[e1/bd4065] bam…:BAMLET (evoC-Bap1-ctrl-F) | 2 of 3
[04/f08839] bam…P_BAMQC (evoC-Bap1-ctrl-M) | 1 of 1
[98/40d2e6] bam…SS_BIAS (evoC-Bap1-ctrl-M) | 1 of 2
[-        ] bam…:DEEPTOOLS_PLOTFINGERPRINT -
[21/6cd358] bam…_GCBIAS (evoC-Bap1-ctrl-M) | 1 of 2
[9b/c26985] bam…CCURACY (evoC-Bap1-ctrl-M) | 1 of 1
[1f/a3c1f6] var…_CALLER (evoC-Bap1-ctrl-M) | 0 of 1
[-        ] var…nt_calling:SPLIT_INTERVALS -
[-        ] var…calling:GENOMICS_DB_IMPORT -
[-        ] variant_calling:GENOTYPE_GVCFS -
[-        ] var…t_calling:MERGE_JOINT_VCFS -
[-        ] variant_calling:ASM            -
[-        ] var…_calling:MERGE_ASM_OUTPUTS -
[e7/724da4] var…MUTECT2 (evoC-Bap1-ctrl-M) | 0 of 1
[8f/7090e3] mbi…C-Bap1-ctrl-M-CHH-5-prime) | 2 of 3
[c3/2829d1] epi…ZARR (evoC-Bap1-ctrl-M-CG) | 0 of 3
[d2/acda36] epi…ZARR (evoC-Bap1-ctrl-M-CG) | 1 of 1
[52/b17f18] epi…PORT (evoC-Bap1-ctrl-M_CG) | 1 of 1
[1c/e68738] epi…ZARR (evoC-Bap1-ctrl-M-CG) | 1 of 1
[67/9ef61e] epi…PORT (evoC-Bap1-ctrl-M_CG) | 1 of 1
Plus 7 more processes waiting for tasks…

executor >  slurm (31)
[52/6a699d] res…AW (evoC-Bap1-mut-F, L002) | 4 of 4 ✔
[5b/a1da4a] res…DE (evoC-Bap1-mut-F, L002) | 4 of 4 ✔
[-        ] resolve_align:FASTQC_RESOLVED  -
[21/fd657d] res…M2 (evoC-Bap1-mut-M, L002) | 3 of 4, retries: 1
[-        ] res…align:SAMTOOLS_MERGE_LANES -
[-        ] resolve_align:PRESEQ           -
[e1/bd4065] bam…:BAMLET (evoC-Bap1-ctrl-F) | 2 of 3
[04/f08839] bam…P_BAMQC (evoC-Bap1-ctrl-M) | 1 of 2
[98/40d2e6] bam…SS_BIAS (evoC-Bap1-ctrl-M) | 1 of 2
[-        ] bam…:DEEPTOOLS_PLOTFINGERPRINT -
[21/6cd358] bam…_GCBIAS (evoC-Bap1-ctrl-M) | 1 of 2
[9b/c26985] bam…CCURACY (evoC-Bap1-ctrl-M) | 1 of 2
[1f/a3c1f6] var…_CALLER (evoC-Bap1-ctrl-M) | 0 of 2
[-        ] var…nt_calling:SPLIT_INTERVALS -
[-        ] var…calling:GENOMICS_DB_IMPORT -
[-        ] variant_calling:GENOTYPE_GVCFS -
[-        ] var…t_calling:MERGE_JOINT_VCFS -
[-        ] variant_calling:ASM            -
[-        ] var…_calling:MERGE_ASM_OUTPUTS -
[e7/724da4] var…MUTECT2 (evoC-Bap1-ctrl-M) | 0 of 2
[8f/7090e3] mbi…C-Bap1-ctrl-M-CHH-5-prime) | 2 of 6
[c3/2829d1] epi…ZARR (evoC-Bap1-ctrl-M-CG) | 0 of 6
[d2/acda36] epi…ZARR (evoC-Bap1-ctrl-M-CG) | 1 of 2
[52/b17f18] epi…PORT (evoC-Bap1-ctrl-M_CG) | 1 of 1
[1c/e68738] epi…ZARR (evoC-Bap1-ctrl-M-CG) | 1 of 2
[67/9ef61e] epi…PORT (evoC-Bap1-ctrl-M_CG) | 1 of 1
Plus 7 more processes waiting for tasks…

executor >  slurm (33)
[52/6a699d] res…AW (evoC-Bap1-mut-F, L002) | 4 of 4 ✔
[5b/a1da4a] res…DE (evoC-Bap1-mut-F, L002) | 4 of 4 ✔
[-        ] resolve_align:FASTQC_RESOLVED  -
[21/fd657d] res…M2 (evoC-Bap1-mut-M, L002) | 3 of 4, retries: 1
[-        ] res…align:SAMTOOLS_MERGE_LANES -
[-        ] resolve_align:PRESEQ           -
[e1/bd4065] bam…:BAMLET (evoC-Bap1-ctrl-F) | 2 of 3
[04/f08839] bam…P_BAMQC (evoC-Bap1-ctrl-M) | 1 of 2
[17/21dc84] bam…SS_BIAS (evoC-Bap1-ctrl-F) | 1 of 2
[-        ] bam…:DEEPTOOLS_PLOTFINGERPRINT -
[88/0a0d3c] bam…_GCBIAS (evoC-Bap1-ctrl-F) | 1 of 2
[9b/c26985] bam…CCURACY (evoC-Bap1-ctrl-M) | 1 of 2
[1f/a3c1f6] var…_CALLER (evoC-Bap1-ctrl-M) | 0 of 2
[-        ] var…nt_calling:SPLIT_INTERVALS -
[-        ] var…calling:GENOMICS_DB_IMPORT -
[-        ] variant_calling:GENOTYPE_GVCFS -
[-        ] var…t_calling:MERGE_JOINT_VCFS -
[-        ] variant_calling:ASM            -
[-        ] var…_calling:MERGE_ASM_OUTPUTS -
[e7/724da4] var…MUTECT2 (evoC-Bap1-ctrl-M) | 0 of 2
[8f/7090e3] mbi…C-Bap1-ctrl-M-CHH-5-prime) | 2 of 6
[c3/2829d1] epi…ZARR (evoC-Bap1-ctrl-M-CG) | 0 of 6
[d2/acda36] epi…ZARR (evoC-Bap1-ctrl-M-CG) | 1 of 2
[52/b17f18] epi…PORT (evoC-Bap1-ctrl-M_CG) | 1 of 1
[1c/e68738] epi…ZARR (evoC-Bap1-ctrl-M-CG) | 1 of 2
[67/9ef61e] epi…PORT (evoC-Bap1-ctrl-M_CG) | 1 of 1
Plus 7 more processes waiting for tasks…

executor >  slurm (34)
[52/6a699d] res…AW (evoC-Bap1-mut-F, L002) | 4 of 4 ✔
[5b/a1da4a] res…DE (evoC-Bap1-mut-F, L002) | 4 of 4 ✔
[-        ] resolve_align:FASTQC_RESOLVED  -
[21/fd657d] res…M2 (evoC-Bap1-mut-M, L002) | 3 of 4, retries: 1
[-        ] res…align:SAMTOOLS_MERGE_LANES -
[-        ] resolve_align:PRESEQ           -
[e1/bd4065] bam…:BAMLET (evoC-Bap1-ctrl-F) | 2 of 3
[04/f08839] bam…P_BAMQC (evoC-Bap1-ctrl-M) | 1 of 2
[17/21dc84] bam…SS_BIAS (evoC-Bap1-ctrl-F) | 1 of 2
[-        ] bam…:DEEPTOOLS_PLOTFINGERPRINT -
[88/0a0d3c] bam…_GCBIAS (evoC-Bap1-ctrl-F) | 1 of 2
[9b/c26985] bam…CCURACY (evoC-Bap1-ctrl-M) | 1 of 2
[1f/a3c1f6] var…_CALLER (evoC-Bap1-ctrl-M) | 0 of 2
[-        ] var…nt_calling:SPLIT_INTERVALS -
[-        ] var…calling:GENOMICS_DB_IMPORT -
[-        ] variant_calling:GENOTYPE_GVCFS -
[-        ] var…t_calling:MERGE_JOINT_VCFS -
[-        ] variant_calling:ASM            -
[-        ] var…_calling:MERGE_ASM_OUTPUTS -
[e7/724da4] var…MUTECT2 (evoC-Bap1-ctrl-M) | 0 of 2
[cf/6106a3] mbi…C-Bap1-ctrl-F-CHG-5-prime) | 2 of 6
[c3/2829d1] epi…ZARR (evoC-Bap1-ctrl-M-CG) | 0 of 6
[d2/acda36] epi…ZARR (evoC-Bap1-ctrl-M-CG) | 1 of 2
[52/b17f18] epi…PORT (evoC-Bap1-ctrl-M_CG) | 1 of 1
[1c/e68738] epi…ZARR (evoC-Bap1-ctrl-M-CG) | 1 of 2
[67/9ef61e] epi…PORT (evoC-Bap1-ctrl-M_CG) | 1 of 1
Plus 7 more processes waiting for tasks…

executor >  slurm (35)
[52/6a699d] res…AW (evoC-Bap1-mut-F, L002) | 4 of 4 ✔
[5b/a1da4a] res…DE (evoC-Bap1-mut-F, L002) | 4 of 4 ✔
[-        ] resolve_align:FASTQC_RESOLVED  -
[21/fd657d] res…M2 (evoC-Bap1-mut-M, L002) | 3 of 4, retries: 1
[-        ] res…align:SAMTOOLS_MERGE_LANES -
[-        ] resolve_align:PRESEQ           -
[e1/bd4065] bam…:BAMLET (evoC-Bap1-ctrl-F) | 2 of 3
[04/f08839] bam…P_BAMQC (evoC-Bap1-ctrl-M) | 1 of 2
[17/21dc84] bam…SS_BIAS (evoC-Bap1-ctrl-F) | 1 of 2
[-        ] bam…:DEEPTOOLS_PLOTFINGERPRINT -
[88/0a0d3c] bam…_GCBIAS (evoC-Bap1-ctrl-F) | 1 of 2
[9b/c26985] bam…CCURACY (evoC-Bap1-ctrl-M) | 1 of 2
[1f/a3c1f6] var…_CALLER (evoC-Bap1-ctrl-M) | 0 of 2
[-        ] var…nt_calling:SPLIT_INTERVALS -
[-        ] var…calling:GENOMICS_DB_IMPORT -
[-        ] variant_calling:GENOTYPE_GVCFS -
[-        ] var…t_calling:MERGE_JOINT_VCFS -
[-        ] variant_calling:ASM            -
[-        ] var…_calling:MERGE_ASM_OUTPUTS -
[e7/724da4] var…MUTECT2 (evoC-Bap1-ctrl-M) | 0 of 2
[cc/87437e] mbi…oC-Bap1-ctrl-F-CG-5-prime) | 2 of 6
[c3/2829d1] epi…ZARR (evoC-Bap1-ctrl-M-CG) | 0 of 6
[d2/acda36] epi…ZARR (evoC-Bap1-ctrl-M-CG) | 1 of 2
[52/b17f18] epi…PORT (evoC-Bap1-ctrl-M_CG) | 1 of 1
[1c/e68738] epi…ZARR (evoC-Bap1-ctrl-M-CG) | 1 of 2
[67/9ef61e] epi…PORT (evoC-Bap1-ctrl-M_CG) | 1 of 1
Plus 7 more processes waiting for tasks…

executor >  slurm (37)
[52/6a699d] res…AW (evoC-Bap1-mut-F, L002) | 4 of 4 ✔
[5b/a1da4a] res…DE (evoC-Bap1-mut-F, L002) | 4 of 4 ✔
[-        ] resolve_align:FASTQC_RESOLVED  -
[21/fd657d] res…M2 (evoC-Bap1-mut-M, L002) | 3 of 4, retries: 1
[-        ] res…align:SAMTOOLS_MERGE_LANES -
[-        ] resolve_align:PRESEQ           -
[e1/bd4065] bam…:BAMLET (evoC-Bap1-ctrl-F) | 2 of 3
[0e/1c7525] bam…P_BAMQC (evoC-Bap1-ctrl-F) | 1 of 2
[17/21dc84] bam…SS_BIAS (evoC-Bap1-ctrl-F) | 1 of 2
[-        ] bam…:DEEPTOOLS_PLOTFINGERPRINT -
[88/0a0d3c] bam…_GCBIAS (evoC-Bap1-ctrl-F) | 1 of 2
[9b/c26985] bam…CCURACY (evoC-Bap1-ctrl-M) | 1 of 2
[1f/a3c1f6] var…_CALLER (evoC-Bap1-ctrl-M) | 0 of 2
[-        ] var…nt_calling:SPLIT_INTERVALS -
[-        ] var…calling:GENOMICS_DB_IMPORT -
[-        ] variant_calling:GENOTYPE_GVCFS -
[-        ] var…t_calling:MERGE_JOINT_VCFS -
[-        ] variant_calling:ASM            -
[-        ] var…_calling:MERGE_ASM_OUTPUTS -
[e7/724da4] var…MUTECT2 (evoC-Bap1-ctrl-M) | 0 of 2
[74/dd6351] mbi…C-Bap1-ctrl-F-CHH-5-prime) | 2 of 6
[c3/2829d1] epi…ZARR (evoC-Bap1-ctrl-M-CG) | 0 of 6
[d2/acda36] epi…ZARR (evoC-Bap1-ctrl-M-CG) | 1 of 2
[52/b17f18] epi…PORT (evoC-Bap1-ctrl-M_CG) | 1 of 1
[1c/e68738] epi…ZARR (evoC-Bap1-ctrl-M-CG) | 1 of 2
[67/9ef61e] epi…PORT (evoC-Bap1-ctrl-M_CG) | 1 of 1
Plus 7 more processes waiting for tasks…

executor >  slurm (38)
[52/6a699d] res…AW (evoC-Bap1-mut-F, L002) | 4 of 4 ✔
[5b/a1da4a] res…DE (evoC-Bap1-mut-F, L002) | 4 of 4 ✔
[-        ] resolve_align:FASTQC_RESOLVED  -
[21/fd657d] res…M2 (evoC-Bap1-mut-M, L002) | 3 of 4, retries: 1
[-        ] res…align:SAMTOOLS_MERGE_LANES -
[-        ] resolve_align:PRESEQ           -
[e1/bd4065] bam…:BAMLET (evoC-Bap1-ctrl-F) | 2 of 3
[0e/1c7525] bam…P_BAMQC (evoC-Bap1-ctrl-F) | 1 of 2
[17/21dc84] bam…SS_BIAS (evoC-Bap1-ctrl-F) | 1 of 2
[-        ] bam…:DEEPTOOLS_PLOTFINGERPRINT -
[88/0a0d3c] bam…_GCBIAS (evoC-Bap1-ctrl-F) | 1 of 2
[93/fe28eb] bam…CCURACY (evoC-Bap1-ctrl-F) | 1 of 2
[1f/a3c1f6] var…_CALLER (evoC-Bap1-ctrl-M) | 0 of 2
[-        ] var…nt_calling:SPLIT_INTERVALS -
[-        ] var…calling:GENOMICS_DB_IMPORT -
[-        ] variant_calling:GENOTYPE_GVCFS -
[-        ] var…t_calling:MERGE_JOINT_VCFS -
[-        ] variant_calling:ASM            -
[-        ] var…_calling:MERGE_ASM_OUTPUTS -
[e7/724da4] var…MUTECT2 (evoC-Bap1-ctrl-M) | 0 of 2
[74/dd6351] mbi…C-Bap1-ctrl-F-CHH-5-prime) | 2 of 6
[c3/2829d1] epi…ZARR (evoC-Bap1-ctrl-M-CG) | 0 of 6
[d2/acda36] epi…ZARR (evoC-Bap1-ctrl-M-CG) | 1 of 2
[52/b17f18] epi…PORT (evoC-Bap1-ctrl-M_CG) | 1 of 1
[1c/e68738] epi…ZARR (evoC-Bap1-ctrl-M-CG) | 1 of 2
[67/9ef61e] epi…PORT (evoC-Bap1-ctrl-M_CG) | 1 of 1
Plus 7 more processes waiting for tasks…

executor >  slurm (39)
[52/6a699d] res…AW (evoC-Bap1-mut-F, L002) | 4 of 4 ✔
[5b/a1da4a] res…DE (evoC-Bap1-mut-F, L002) | 4 of 4 ✔
[-        ] resolve_align:FASTQC_RESOLVED  -
[21/fd657d] res…M2 (evoC-Bap1-mut-M, L002) | 3 of 4, retries: 1
[-        ] res…align:SAMTOOLS_MERGE_LANES -
[-        ] resolve_align:PRESEQ           -
[e1/bd4065] bam…:BAMLET (evoC-Bap1-ctrl-F) | 2 of 3
[0e/1c7525] bam…P_BAMQC (evoC-Bap1-ctrl-F) | 1 of 2
[17/21dc84] bam…SS_BIAS (evoC-Bap1-ctrl-F) | 1 of 2
[-        ] bam…:DEEPTOOLS_PLOTFINGERPRINT -
[88/0a0d3c] bam…_GCBIAS (evoC-Bap1-ctrl-F) | 1 of 2
[93/fe28eb] bam…CCURACY (evoC-Bap1-ctrl-F) | 1 of 2
[1f/a3c1f6] var…_CALLER (evoC-Bap1-ctrl-M) | 0 of 2
[-        ] var…nt_calling:SPLIT_INTERVALS -
[-        ] var…calling:GENOMICS_DB_IMPORT -
[-        ] variant_calling:GENOTYPE_GVCFS -
[-        ] var…t_calling:MERGE_JOINT_VCFS -
[-        ] variant_calling:ASM            -
[-        ] var…_calling:MERGE_ASM_OUTPUTS -
[e7/724da4] var…MUTECT2 (evoC-Bap1-ctrl-M) | 0 of 2
[74/dd6351] mbi…C-Bap1-ctrl-F-CHH-5-prime) | 2 of 6
[c3/2829d1] epi…ZARR (evoC-Bap1-ctrl-M-CG) | 0 of 6
[d2/acda36] epi…ZARR (evoC-Bap1-ctrl-M-CG) | 1 of 2
[52/b17f18] epi…PORT (evoC-Bap1-ctrl-M_CG) | 1 of 1
[be/41fd7f] epi…ZARR (evoC-Bap1-ctrl-F-CG) | 1 of 2
[67/9ef61e] epi…PORT (evoC-Bap1-ctrl-M_CG) | 1 of 1
Plus 7 more processes waiting for tasks…

executor >  slurm (40)
[52/6a699d] res…AW (evoC-Bap1-mut-F, L002) | 4 of 4 ✔
[5b/a1da4a] res…DE (evoC-Bap1-mut-F, L002) | 4 of 4 ✔
[-        ] resolve_align:FASTQC_RESOLVED  -
[21/fd657d] res…M2 (evoC-Bap1-mut-M, L002) | 3 of 4, retries: 1
[-        ] res…align:SAMTOOLS_MERGE_LANES -
[-        ] resolve_align:PRESEQ           -
[e1/bd4065] bam…:BAMLET (evoC-Bap1-ctrl-F) | 2 of 3
[0e/1c7525] bam…P_BAMQC (evoC-Bap1-ctrl-F) | 1 of 2
[17/21dc84] bam…SS_BIAS (evoC-Bap1-ctrl-F) | 1 of 2
[-        ] bam…:DEEPTOOLS_PLOTFINGERPRINT -
[88/0a0d3c] bam…_GCBIAS (evoC-Bap1-ctrl-F) | 1 of 2
[93/fe28eb] bam…CCURACY (evoC-Bap1-ctrl-F) | 1 of 2
[d4/685d14] var…_CALLER (evoC-Bap1-ctrl-F) | 0 of 2
[-        ] var…nt_calling:SPLIT_INTERVALS -
[-        ] var…calling:GENOMICS_DB_IMPORT -
[-        ] variant_calling:GENOTYPE_GVCFS -
[-        ] var…t_calling:MERGE_JOINT_VCFS -
[-        ] variant_calling:ASM            -
[-        ] var…_calling:MERGE_ASM_OUTPUTS -
[e7/724da4] var…MUTECT2 (evoC-Bap1-ctrl-M) | 0 of 2
[74/dd6351] mbi…C-Bap1-ctrl-F-CHH-5-prime) | 2 of 6
[c3/2829d1] epi…ZARR (evoC-Bap1-ctrl-M-CG) | 0 of 6
[d2/acda36] epi…ZARR (evoC-Bap1-ctrl-M-CG) | 1 of 2
[52/b17f18] epi…PORT (evoC-Bap1-ctrl-M_CG) | 1 of 1
[be/41fd7f] epi…ZARR (evoC-Bap1-ctrl-F-CG) | 1 of 2
[67/9ef61e] epi…PORT (evoC-Bap1-ctrl-M_CG) | 1 of 1
Plus 7 more processes waiting for tasks…

executor >  slurm (41)
[52/6a699d] res…AW (evoC-Bap1-mut-F, L002) | 4 of 4 ✔
[5b/a1da4a] res…DE (evoC-Bap1-mut-F, L002) | 4 of 4 ✔
[-        ] resolve_align:FASTQC_RESOLVED  -
[21/fd657d] res…M2 (evoC-Bap1-mut-M, L002) | 3 of 4, retries: 1
[-        ] res…align:SAMTOOLS_MERGE_LANES -
[-        ] resolve_align:PRESEQ           -
[e1/bd4065] bam…:BAMLET (evoC-Bap1-ctrl-F) | 2 of 3
[0e/1c7525] bam…P_BAMQC (evoC-Bap1-ctrl-F) | 1 of 2
[17/21dc84] bam…SS_BIAS (evoC-Bap1-ctrl-F) | 1 of 2
[-        ] bam…:DEEPTOOLS_PLOTFINGERPRINT -
[88/0a0d3c] bam…_GCBIAS (evoC-Bap1-ctrl-F) | 1 of 2
[93/fe28eb] bam…CCURACY (evoC-Bap1-ctrl-F) | 1 of 2
[d4/685d14] var…_CALLER (evoC-Bap1-ctrl-F) | 0 of 2
[-        ] var…nt_calling:SPLIT_INTERVALS -
[-        ] var…calling:GENOMICS_DB_IMPORT -
[-        ] variant_calling:GENOTYPE_GVCFS -
[-        ] var…t_calling:MERGE_JOINT_VCFS -
[-        ] variant_calling:ASM            -
[-        ] var…_calling:MERGE_ASM_OUTPUTS -
[ac/5070aa] var…MUTECT2 (evoC-Bap1-ctrl-F) | 0 of 2
[74/dd6351] mbi…C-Bap1-ctrl-F-CHH-5-prime) | 2 of 6
[c3/2829d1] epi…ZARR (evoC-Bap1-ctrl-M-CG) | 0 of 6
[d2/acda36] epi…ZARR (evoC-Bap1-ctrl-M-CG) | 1 of 2
[52/b17f18] epi…PORT (evoC-Bap1-ctrl-M_CG) | 1 of 1
[be/41fd7f] epi…ZARR (evoC-Bap1-ctrl-F-CG) | 1 of 2
[67/9ef61e] epi…PORT (evoC-Bap1-ctrl-M_CG) | 1 of 1
Plus 7 more processes waiting for tasks…

executor >  slurm (43)
[52/6a699d] res…AW (evoC-Bap1-mut-F, L002) | 4 of 4 ✔
[5b/a1da4a] res…DE (evoC-Bap1-mut-F, L002) | 4 of 4 ✔
[-        ] resolve_align:FASTQC_RESOLVED  -
[21/fd657d] res…M2 (evoC-Bap1-mut-M, L002) | 3 of 4, retries: 1
[-        ] res…align:SAMTOOLS_MERGE_LANES -
[-        ] resolve_align:PRESEQ           -
[e1/bd4065] bam…:BAMLET (evoC-Bap1-ctrl-F) | 2 of 3
[0e/1c7525] bam…P_BAMQC (evoC-Bap1-ctrl-F) | 1 of 2
[17/21dc84] bam…SS_BIAS (evoC-Bap1-ctrl-F) | 1 of 2
[-        ] bam…:DEEPTOOLS_PLOTFINGERPRINT -
[88/0a0d3c] bam…_GCBIAS (evoC-Bap1-ctrl-F) | 1 of 2
[93/fe28eb] bam…CCURACY (evoC-Bap1-ctrl-F) | 1 of 2
[d4/685d14] var…_CALLER (evoC-Bap1-ctrl-F) | 0 of 2
[-        ] var…nt_calling:SPLIT_INTERVALS -
[-        ] var…calling:GENOMICS_DB_IMPORT -
[-        ] variant_calling:GENOTYPE_GVCFS -
[-        ] var…t_calling:MERGE_JOINT_VCFS -
[-        ] variant_calling:ASM            -
[-        ] var…_calling:MERGE_ASM_OUTPUTS -
[ac/5070aa] var…MUTECT2 (evoC-Bap1-ctrl-F) | 0 of 2
[74/dd6351] mbi…C-Bap1-ctrl-F-CHH-5-prime) | 2 of 6
[18/5461a9] epi…ARR (evoC-Bap1-ctrl-F-CHG) | 0 of 6
[d2/acda36] epi…ZARR (evoC-Bap1-ctrl-M-CG) | 1 of 2
[52/b17f18] epi…PORT (evoC-Bap1-ctrl-M_CG) | 1 of 1
[be/41fd7f] epi…ZARR (evoC-Bap1-ctrl-F-CG) | 1 of 2
[67/9ef61e] epi…PORT (evoC-Bap1-ctrl-M_CG) | 1 of 1
Plus 7 more processes waiting for tasks…

executor >  slurm (44)
[52/6a699d] res…AW (evoC-Bap1-mut-F, L002) | 4 of 4 ✔
[5b/a1da4a] res…DE (evoC-Bap1-mut-F, L002) | 4 of 4 ✔
[-        ] resolve_align:FASTQC_RESOLVED  -
[21/fd657d] res…M2 (evoC-Bap1-mut-M, L002) | 3 of 4, retries: 1
[-        ] res…align:SAMTOOLS_MERGE_LANES -
[-        ] resolve_align:PRESEQ           -
[e1/bd4065] bam…:BAMLET (evoC-Bap1-ctrl-F) | 2 of 3
[0e/1c7525] bam…P_BAMQC (evoC-Bap1-ctrl-F) | 1 of 2
[17/21dc84] bam…SS_BIAS (evoC-Bap1-ctrl-F) | 1 of 2
[-        ] bam…:DEEPTOOLS_PLOTFINGERPRINT -
[88/0a0d3c] bam…_GCBIAS (evoC-Bap1-ctrl-F) | 1 of 2
[93/fe28eb] bam…CCURACY (evoC-Bap1-ctrl-F) | 1 of 2
[d4/685d14] var…_CALLER (evoC-Bap1-ctrl-F) | 0 of 2
[-        ] var…nt_calling:SPLIT_INTERVALS -
[-        ] var…calling:GENOMICS_DB_IMPORT -
[-        ] variant_calling:GENOTYPE_GVCFS -
[-        ] var…t_calling:MERGE_JOINT_VCFS -
[-        ] variant_calling:ASM            -
[-        ] var…_calling:MERGE_ASM_OUTPUTS -
[ac/5070aa] var…MUTECT2 (evoC-Bap1-ctrl-F) | 0 of 2
[74/dd6351] mbi…C-Bap1-ctrl-F-CHH-5-prime) | 2 of 6
[18/5461a9] epi…ARR (evoC-Bap1-ctrl-F-CHG) | 0 of 6
[f1/e74fd3] epi…ZARR (evoC-Bap1-ctrl-F-CG) | 1 of 2
[52/b17f18] epi…PORT (evoC-Bap1-ctrl-M_CG) | 1 of 1
[be/41fd7f] epi…ZARR (evoC-Bap1-ctrl-F-CG) | 1 of 2
[67/9ef61e] epi…PORT (evoC-Bap1-ctrl-M_CG) | 1 of 1
Plus 7 more processes waiting for tasks…

executor >  slurm (45)
[52/6a699d] res…AW (evoC-Bap1-mut-F, L002) | 4 of 4 ✔
[5b/a1da4a] res…DE (evoC-Bap1-mut-F, L002) | 4 of 4 ✔
[-        ] resolve_align:FASTQC_RESOLVED  -
[21/fd657d] res…M2 (evoC-Bap1-mut-M, L002) | 3 of 4, retries: 1
[-        ] res…align:SAMTOOLS_MERGE_LANES -
[-        ] resolve_align:PRESEQ           -
[e1/bd4065] bam…:BAMLET (evoC-Bap1-ctrl-F) | 2 of 3
[0e/1c7525] bam…P_BAMQC (evoC-Bap1-ctrl-F) | 1 of 2
[17/21dc84] bam…SS_BIAS (evoC-Bap1-ctrl-F) | 1 of 2
[-        ] bam…:DEEPTOOLS_PLOTFINGERPRINT -
[88/0a0d3c] bam…_GCBIAS (evoC-Bap1-ctrl-F) | 1 of 2
[93/fe28eb] bam…CCURACY (evoC-Bap1-ctrl-F) | 1 of 2
[d4/685d14] var…_CALLER (evoC-Bap1-ctrl-F) | 0 of 2
[-        ] var…nt_calling:SPLIT_INTERVALS -
[-        ] var…calling:GENOMICS_DB_IMPORT -
[-        ] variant_calling:GENOTYPE_GVCFS -
[-        ] var…t_calling:MERGE_JOINT_VCFS -
[-        ] variant_calling:ASM            -
[-        ] var…_calling:MERGE_ASM_OUTPUTS -
[ac/5070aa] var…MUTECT2 (evoC-Bap1-ctrl-F) | 0 of 2
[74/dd6351] mbi…C-Bap1-ctrl-F-CHH-5-prime) | 2 of 6
[91/07409c] epi…ZARR (evoC-Bap1-ctrl-F-CG) | 0 of 6
[f1/e74fd3] epi…ZARR (evoC-Bap1-ctrl-F-CG) | 1 of 2
[52/b17f18] epi…PORT (evoC-Bap1-ctrl-M_CG) | 1 of 1
[be/41fd7f] epi…ZARR (evoC-Bap1-ctrl-F-CG) | 1 of 2
[67/9ef61e] epi…PORT (evoC-Bap1-ctrl-M_CG) | 1 of 1
Plus 7 more processes waiting for tasks…

executor >  slurm (45)
[52/6a699d] res…AW (evoC-Bap1-mut-F, L002) | 4 of 4 ✔
[5b/a1da4a] res…DE (evoC-Bap1-mut-F, L002) | 4 of 4 ✔
[-        ] resolve_align:FASTQC_RESOLVED  -
[21/fd657d] res…M2 (evoC-Bap1-mut-M, L002) | 3 of 4, retries: 1
[-        ] res…align:SAMTOOLS_MERGE_LANES -
[-        ] resolve_align:PRESEQ           -
[e1/bd4065] bam…:BAMLET (evoC-Bap1-ctrl-F) | 2 of 3
[0e/1c7525] bam…P_BAMQC (evoC-Bap1-ctrl-F) | 1 of 2
[17/21dc84] bam…SS_BIAS (evoC-Bap1-ctrl-F) | 1 of 2
[-        ] bam…:DEEPTOOLS_PLOTFINGERPRINT -
[88/0a0d3c] bam…_GCBIAS (evoC-Bap1-ctrl-F) | 1 of 2
[93/fe28eb] bam…CCURACY (evoC-Bap1-ctrl-F) | 1 of 2
[d4/685d14] var…_CALLER (evoC-Bap1-ctrl-F) | 0 of 2
[-        ] var…nt_calling:SPLIT_INTERVALS -
[-        ] var…calling:GENOMICS_DB_IMPORT -
[-        ] variant_calling:GENOTYPE_GVCFS -
[-        ] var…t_calling:MERGE_JOINT_VCFS -
[-        ] variant_calling:ASM            -
[-        ] var…_calling:MERGE_ASM_OUTPUTS -
[ac/5070aa] var…MUTECT2 (evoC-Bap1-ctrl-F) | 0 of 2
[74/dd6351] mbi…C-Bap1-ctrl-F-CHH-5-prime) | 2 of 6
[91/07409c] epi…ZARR (evoC-Bap1-ctrl-F-CG) | 0 of 6
[f1/e74fd3] epi…ZARR (evoC-Bap1-ctrl-F-CG) | 1 of 2
[52/b17f18] epi…PORT (evoC-Bap1-ctrl-M_CG) | 1 of 1
[be/41fd7f] epi…ZARR (evoC-Bap1-ctrl-F-CG) | 1 of 2
[67/9ef61e] epi…PORT (evoC-Bap1-ctrl-M_CG) | 1 of 1
Plus 7 more processes waiting for tasks…

executor >  slurm (45)
[52/6a699d] res…AW (evoC-Bap1-mut-F, L002) | 4 of 4 ✔
[5b/a1da4a] res…DE (evoC-Bap1-mut-F, L002) | 4 of 4 ✔
[-        ] resolve_align:FASTQC_RESOLVED  -
[21/fd657d] res…M2 (evoC-Bap1-mut-M, L002) | 3 of 4, retries: 1
[-        ] res…align:SAMTOOLS_MERGE_LANES -
[-        ] resolve_align:PRESEQ           -
[e1/bd4065] bam…:BAMLET (evoC-Bap1-ctrl-F) | 2 of 3
[0e/1c7525] bam…P_BAMQC (evoC-Bap1-ctrl-F) | 1 of 2
[17/21dc84] bam…SS_BIAS (evoC-Bap1-ctrl-F) | 1 of 2
[-        ] bam…:DEEPTOOLS_PLOTFINGERPRINT -
[88/0a0d3c] bam…_GCBIAS (evoC-Bap1-ctrl-F) | 1 of 2
[93/fe28eb] bam…CCURACY (evoC-Bap1-ctrl-F) | 1 of 2
[d4/685d14] var…_CALLER (evoC-Bap1-ctrl-F) | 0 of 2
[-        ] var…nt_calling:SPLIT_INTERVALS -
[-        ] var…calling:GENOMICS_DB_IMPORT -
[-        ] variant_calling:GENOTYPE_GVCFS -
[-        ] var…t_calling:MERGE_JOINT_VCFS -
[-        ] variant_calling:ASM            -
[-        ] var…_calling:MERGE_ASM_OUTPUTS -
[ac/5070aa] var…MUTECT2 (evoC-Bap1-ctrl-F) | 0 of 2
[74/dd6351] mbi…C-Bap1-ctrl-F-CHH-5-prime) | 2 of 6
[91/07409c] epi…ZARR (evoC-Bap1-ctrl-F-CG) | 0 of 6
[f1/e74fd3] epi…ZARR (evoC-Bap1-ctrl-F-CG) | 1 of 2
[52/b17f18] epi…PORT (evoC-Bap1-ctrl-M_CG) | 1 of 1
[be/41fd7f] epi…ZARR (evoC-Bap1-ctrl-F-CG) | 2 of 2
[67/9ef61e] epi…PORT (evoC-Bap1-ctrl-M_CG) | 1 of 2
Plus 7 more processes waiting for tasks…

executor >  slurm (46)
[52/6a699d] res…AW (evoC-Bap1-mut-F, L002) | 4 of 4 ✔
[5b/a1da4a] res…DE (evoC-Bap1-mut-F, L002) | 4 of 4 ✔
[-        ] resolve_align:FASTQC_RESOLVED  -
[21/fd657d] res…M2 (evoC-Bap1-mut-M, L002) | 3 of 4, retries: 1
[-        ] res…align:SAMTOOLS_MERGE_LANES -
[-        ] resolve_align:PRESEQ           -
[e1/bd4065] bam…:BAMLET (evoC-Bap1-ctrl-F) | 2 of 3
[0e/1c7525] bam…P_BAMQC (evoC-Bap1-ctrl-F) | 1 of 2
[17/21dc84] bam…SS_BIAS (evoC-Bap1-ctrl-F) | 1 of 2
[-        ] bam…:DEEPTOOLS_PLOTFINGERPRINT -
[88/0a0d3c] bam…_GCBIAS (evoC-Bap1-ctrl-F) | 1 of 2
[93/fe28eb] bam…CCURACY (evoC-Bap1-ctrl-F) | 1 of 2
[d4/685d14] var…_CALLER (evoC-Bap1-ctrl-F) | 0 of 2
[-        ] var…nt_calling:SPLIT_INTERVALS -
[-        ] var…calling:GENOMICS_DB_IMPORT -
[-        ] variant_calling:GENOTYPE_GVCFS -
[-        ] var…t_calling:MERGE_JOINT_VCFS -
[-        ] variant_calling:ASM            -
[-        ] var…_calling:MERGE_ASM_OUTPUTS -
[ac/5070aa] var…MUTECT2 (evoC-Bap1-ctrl-F) | 0 of 2
[74/dd6351] mbi…C-Bap1-ctrl-F-CHH-5-prime) | 2 of 6
[91/07409c] epi…ZARR (evoC-Bap1-ctrl-F-CG) | 0 of 6
[f1/e74fd3] epi…ZARR (evoC-Bap1-ctrl-F-CG) | 1 of 2
[52/b17f18] epi…PORT (evoC-Bap1-ctrl-M_CG) | 1 of 1
[be/41fd7f] epi…ZARR (evoC-Bap1-ctrl-F-CG) | 2 of 2
[dd/cde41b] epi…PORT (evoC-Bap1-ctrl-F_CG) | 1 of 2
Plus 7 more processes waiting for tasks…

executor >  slurm (46)
[52/6a699d] res…AW (evoC-Bap1-mut-F, L002) | 4 of 4 ✔
[5b/a1da4a] res…DE (evoC-Bap1-mut-F, L002) | 4 of 4 ✔
[-        ] resolve_align:FASTQC_RESOLVED  -
[21/fd657d] res…M2 (evoC-Bap1-mut-M, L002) | 3 of 4, retries: 1
[-        ] res…align:SAMTOOLS_MERGE_LANES -
[-        ] resolve_align:PRESEQ           -
[e1/bd4065] bam…:BAMLET (evoC-Bap1-ctrl-F) | 2 of 3
[0e/1c7525] bam…P_BAMQC (evoC-Bap1-ctrl-F) | 1 of 2
[17/21dc84] bam…SS_BIAS (evoC-Bap1-ctrl-F) | 1 of 2
[-        ] bam…:DEEPTOOLS_PLOTFINGERPRINT -
[88/0a0d3c] bam…_GCBIAS (evoC-Bap1-ctrl-F) | 1 of 2
[93/fe28eb] bam…CCURACY (evoC-Bap1-ctrl-F) | 1 of 2
[d4/685d14] var…_CALLER (evoC-Bap1-ctrl-F) | 0 of 2
[-        ] var…nt_calling:SPLIT_INTERVALS -
[-        ] var…calling:GENOMICS_DB_IMPORT -
[-        ] variant_calling:GENOTYPE_GVCFS -
[-        ] var…t_calling:MERGE_JOINT_VCFS -
[-        ] variant_calling:ASM            -
[-        ] var…_calling:MERGE_ASM_OUTPUTS -
[ac/5070aa] var…MUTECT2 (evoC-Bap1-ctrl-F) | 0 of 2
[74/dd6351] mbi…C-Bap1-ctrl-F-CHH-5-prime) | 2 of 6
[91/07409c] epi…ZARR (evoC-Bap1-ctrl-F-CG) | 0 of 6
[f1/e74fd3] epi…ZARR (evoC-Bap1-ctrl-F-CG) | 2 of 2
[52/b17f18] epi…PORT (evoC-Bap1-ctrl-M_CG) | 1 of 2
[be/41fd7f] epi…ZARR (evoC-Bap1-ctrl-F-CG) | 2 of 2
[dd/cde41b] epi…PORT (evoC-Bap1-ctrl-F_CG) | 1 of 2
Plus 7 more processes waiting for tasks…

executor >  slurm (47)
[52/6a699d] res…AW (evoC-Bap1-mut-F, L002) | 4 of 4 ✔
[5b/a1da4a] res…DE (evoC-Bap1-mut-F, L002) | 4 of 4 ✔
[-        ] resolve_align:FASTQC_RESOLVED  -
[21/fd657d] res…M2 (evoC-Bap1-mut-M, L002) | 3 of 4, retries: 1
[-        ] res…align:SAMTOOLS_MERGE_LANES -
[-        ] resolve_align:PRESEQ           -
[e1/bd4065] bam…:BAMLET (evoC-Bap1-ctrl-F) | 2 of 3
[0e/1c7525] bam…P_BAMQC (evoC-Bap1-ctrl-F) | 1 of 2
[17/21dc84] bam…SS_BIAS (evoC-Bap1-ctrl-F) | 1 of 2
[-        ] bam…:DEEPTOOLS_PLOTFINGERPRINT -
[88/0a0d3c] bam…_GCBIAS (evoC-Bap1-ctrl-F) | 1 of 2
[93/fe28eb] bam…CCURACY (evoC-Bap1-ctrl-F) | 1 of 2
[d4/685d14] var…_CALLER (evoC-Bap1-ctrl-F) | 0 of 2
[-        ] var…nt_calling:SPLIT_INTERVALS -
[-        ] var…calling:GENOMICS_DB_IMPORT -
[-        ] variant_calling:GENOTYPE_GVCFS -
[-        ] var…t_calling:MERGE_JOINT_VCFS -
[-        ] variant_calling:ASM            -
[-        ] var…_calling:MERGE_ASM_OUTPUTS -
[ac/5070aa] var…MUTECT2 (evoC-Bap1-ctrl-F) | 0 of 2
[74/dd6351] mbi…C-Bap1-ctrl-F-CHH-5-prime) | 2 of 6
[91/07409c] epi…ZARR (evoC-Bap1-ctrl-F-CG) | 0 of 6
[f1/e74fd3] epi…ZARR (evoC-Bap1-ctrl-F-CG) | 2 of 2
[7a/30eecf] epi…PORT (evoC-Bap1-ctrl-F_CG) | 1 of 2
[be/41fd7f] epi…ZARR (evoC-Bap1-ctrl-F-CG) | 2 of 2
[dd/cde41b] epi…PORT (evoC-Bap1-ctrl-F_CG) | 1 of 2
Plus 7 more processes waiting for tasks…

executor >  slurm (47)
[52/6a699d] res…AW (evoC-Bap1-mut-F, L002) | 4 of 4 ✔
[5b/a1da4a] res…DE (evoC-Bap1-mut-F, L002) | 4 of 4 ✔
[-        ] resolve_align:FASTQC_RESOLVED  -
[21/fd657d] res…M2 (evoC-Bap1-mut-M, L002) | 3 of 4, retries: 1
[-        ] res…align:SAMTOOLS_MERGE_LANES -
[-        ] resolve_align:PRESEQ           -
[e1/bd4065] bam…:BAMLET (evoC-Bap1-ctrl-F) | 2 of 3
[0e/1c7525] bam…P_BAMQC (evoC-Bap1-ctrl-F) | 1 of 2
[17/21dc84] bam…SS_BIAS (evoC-Bap1-ctrl-F) | 1 of 2
[-        ] bam…:DEEPTOOLS_PLOTFINGERPRINT -
[88/0a0d3c] bam…_GCBIAS (evoC-Bap1-ctrl-F) | 1 of 2
[93/fe28eb] bam…CCURACY (evoC-Bap1-ctrl-F) | 1 of 2
[d4/685d14] var…_CALLER (evoC-Bap1-ctrl-F) | 0 of 2
[-        ] var…nt_calling:SPLIT_INTERVALS -
[-        ] var…calling:GENOMICS_DB_IMPORT -
[-        ] variant_calling:GENOTYPE_GVCFS -
[-        ] var…t_calling:MERGE_JOINT_VCFS -
[-        ] variant_calling:ASM            -
[-        ] var…_calling:MERGE_ASM_OUTPUTS -
[ac/5070aa] var…MUTECT2 (evoC-Bap1-ctrl-F) | 0 of 2
[74/dd6351] mbi…C-Bap1-ctrl-F-CHH-5-prime) | 2 of 6
[91/07409c] epi…ZARR (evoC-Bap1-ctrl-F-CG) | 0 of 6
[f1/e74fd3] epi…ZARR (evoC-Bap1-ctrl-F-CG) | 2 of 2
[7a/30eecf] epi…PORT (evoC-Bap1-ctrl-F_CG) | 1 of 2
[be/41fd7f] epi…ZARR (evoC-Bap1-ctrl-F-CG) | 2 of 2
[dd/cde41b] epi…PORT (evoC-Bap1-ctrl-F_CG) | 1 of 2
Plus 7 more processes waiting for tasks…

executor >  slurm (48)
[52/6a699d] res…AW (evoC-Bap1-mut-F, L002) | 4 of 4 ✔
[5b/a1da4a] res…DE (evoC-Bap1-mut-F, L002) | 4 of 4 ✔
[-        ] resolve_align:FASTQC_RESOLVED  -
[21/fd657d] res…M2 (evoC-Bap1-mut-M, L002) | 3 of 4, retries: 1
[-        ] res…align:SAMTOOLS_MERGE_LANES -
[-        ] resolve_align:PRESEQ           -
[e1/bd4065] bam…:BAMLET (evoC-Bap1-ctrl-F) | 2 of 3
[0e/1c7525] bam…P_BAMQC (evoC-Bap1-ctrl-F) | 1 of 2
[17/21dc84] bam…SS_BIAS (evoC-Bap1-ctrl-F) | 1 of 2
[-        ] bam…:DEEPTOOLS_PLOTFINGERPRINT -
[88/0a0d3c] bam…_GCBIAS (evoC-Bap1-ctrl-F) | 1 of 2
[93/fe28eb] bam…CCURACY (evoC-Bap1-ctrl-F) | 1 of 2
[d4/685d14] var…_CALLER (evoC-Bap1-ctrl-F) | 0 of 2
[-        ] var…nt_calling:SPLIT_INTERVALS -
[-        ] var…calling:GENOMICS_DB_IMPORT -
[-        ] variant_calling:GENOTYPE_GVCFS -
[-        ] var…t_calling:MERGE_JOINT_VCFS -
[-        ] variant_calling:ASM            -
[-        ] var…_calling:MERGE_ASM_OUTPUTS -
[ac/5070aa] var…MUTECT2 (evoC-Bap1-ctrl-F) | 0 of 2
[74/dd6351] mbi…C-Bap1-ctrl-F-CHH-5-prime) | 2 of 6
[c3/2829d1] epi…ZARR (evoC-Bap1-ctrl-M-CG) | 1 of 6
[5b/1bbbd1] epi…PORT (evoC-Bap1-ctrl-M_CG) | 0 of 1
[f1/e74fd3] epi…ZARR (evoC-Bap1-ctrl-F-CG) | 2 of 2
[7a/30eecf] epi…PORT (evoC-Bap1-ctrl-F_CG) | 1 of 2
[be/41fd7f] epi…ZARR (evoC-Bap1-ctrl-F-CG) | 2 of 2
[dd/cde41b] epi…PORT (evoC-Bap1-ctrl-F_CG) | 1 of 2
Plus 6 more processes waiting for tasks…

executor >  slurm (48)
[52/6a699d] res…AW (evoC-Bap1-mut-F, L002) | 4 of 4 ✔
[5b/a1da4a] res…DE (evoC-Bap1-mut-F, L002) | 4 of 4 ✔
[-        ] resolve_align:FASTQC_RESOLVED  -
[21/fd657d] res…M2 (evoC-Bap1-mut-M, L002) | 3 of 4, retries: 1
[-        ] res…align:SAMTOOLS_MERGE_LANES -
[-        ] resolve_align:PRESEQ           -
[e1/bd4065] bam…:BAMLET (evoC-Bap1-ctrl-F) | 2 of 3
[0e/1c7525] bam…P_BAMQC (evoC-Bap1-ctrl-F) | 1 of 2
[17/21dc84] bam…SS_BIAS (evoC-Bap1-ctrl-F) | 1 of 2
[-        ] bam…:DEEPTOOLS_PLOTFINGERPRINT -
[88/0a0d3c] bam…_GCBIAS (evoC-Bap1-ctrl-F) | 1 of 2
[93/fe28eb] bam…CCURACY (evoC-Bap1-ctrl-F) | 2 of 2
[d4/685d14] var…_CALLER (evoC-Bap1-ctrl-F) | 0 of 2
[-        ] var…nt_calling:SPLIT_INTERVALS -
[-        ] var…calling:GENOMICS_DB_IMPORT -
[-        ] variant_calling:GENOTYPE_GVCFS -
[-        ] var…t_calling:MERGE_JOINT_VCFS -
[-        ] variant_calling:ASM            -
[-        ] var…_calling:MERGE_ASM_OUTPUTS -
[ac/5070aa] var…MUTECT2 (evoC-Bap1-ctrl-F) | 0 of 2
[74/dd6351] mbi…C-Bap1-ctrl-F-CHH-5-prime) | 2 of 6
[c3/2829d1] epi…ZARR (evoC-Bap1-ctrl-M-CG) | 1 of 6
[5b/1bbbd1] epi…PORT (evoC-Bap1-ctrl-M_CG) | 0 of 1
[f1/e74fd3] epi…ZARR (evoC-Bap1-ctrl-F-CG) | 2 of 2
[7a/30eecf] epi…PORT (evoC-Bap1-ctrl-F_CG) | 1 of 2
[be/41fd7f] epi…ZARR (evoC-Bap1-ctrl-F-CG) | 2 of 2
[dd/cde41b] epi…PORT (evoC-Bap1-ctrl-F_CG) | 1 of 2
Plus 6 more processes waiting for tasks…

executor >  slurm (48)
[52/6a699d] res…AW (evoC-Bap1-mut-F, L002) | 4 of 4 ✔
[5b/a1da4a] res…DE (evoC-Bap1-mut-F, L002) | 4 of 4 ✔
[-        ] resolve_align:FASTQC_RESOLVED  -
[21/fd657d] res…M2 (evoC-Bap1-mut-M, L002) | 3 of 4, retries: 1
[-        ] res…align:SAMTOOLS_MERGE_LANES -
[-        ] resolve_align:PRESEQ           -
[e1/bd4065] bam…:BAMLET (evoC-Bap1-ctrl-F) | 2 of 3
[0e/1c7525] bam…P_BAMQC (evoC-Bap1-ctrl-F) | 1 of 2
[17/21dc84] bam…SS_BIAS (evoC-Bap1-ctrl-F) | 1 of 2
[-        ] bam…:DEEPTOOLS_PLOTFINGERPRINT -
[88/0a0d3c] bam…_GCBIAS (evoC-Bap1-ctrl-F) | 1 of 2
[93/fe28eb] bam…CCURACY (evoC-Bap1-ctrl-F) | 2 of 2
[d4/685d14] var…_CALLER (evoC-Bap1-ctrl-F) | 0 of 2
[-        ] var…nt_calling:SPLIT_INTERVALS -
[-        ] var…calling:GENOMICS_DB_IMPORT -
[-        ] variant_calling:GENOTYPE_GVCFS -
[-        ] var…t_calling:MERGE_JOINT_VCFS -
[-        ] variant_calling:ASM            -
[-        ] var…_calling:MERGE_ASM_OUTPUTS -
[ac/5070aa] var…MUTECT2 (evoC-Bap1-ctrl-F) | 0 of 2
[74/dd6351] mbi…C-Bap1-ctrl-F-CHH-5-prime) | 2 of 6
[c3/2829d1] epi…ZARR (evoC-Bap1-ctrl-M-CG) | 1 of 6
[5b/1bbbd1] epi…PORT (evoC-Bap1-ctrl-M_CG) | 0 of 1
[f1/e74fd3] epi…ZARR (evoC-Bap1-ctrl-F-CG) | 2 of 2
[7a/30eecf] epi…PORT (evoC-Bap1-ctrl-F_CG) | 1 of 2
[be/41fd7f] epi…ZARR (evoC-Bap1-ctrl-F-CG) | 2 of 2
[dd/cde41b] epi…PORT (evoC-Bap1-ctrl-F_CG) | 1 of 2
Plus 6 more processes waiting for tasks…

executor >  slurm (48)
[52/6a699d] res…AW (evoC-Bap1-mut-F, L002) | 4 of 4 ✔
[5b/a1da4a] res…DE (evoC-Bap1-mut-F, L002) | 4 of 4 ✔
[-        ] resolve_align:FASTQC_RESOLVED  -
[21/fd657d] res…M2 (evoC-Bap1-mut-M, L002) | 3 of 4, retries: 1
[-        ] res…align:SAMTOOLS_MERGE_LANES -
[-        ] resolve_align:PRESEQ           -
[e1/bd4065] bam…:BAMLET (evoC-Bap1-ctrl-F) | 2 of 3
[0e/1c7525] bam…P_BAMQC (evoC-Bap1-ctrl-F) | 1 of 2
[17/21dc84] bam…SS_BIAS (evoC-Bap1-ctrl-F) | 1 of 2
[-        ] bam…:DEEPTOOLS_PLOTFINGERPRINT -
[88/0a0d3c] bam…_GCBIAS (evoC-Bap1-ctrl-F) | 1 of 2
[93/fe28eb] bam…CCURACY (evoC-Bap1-ctrl-F) | 2 of 2
[d4/685d14] var…_CALLER (evoC-Bap1-ctrl-F) | 0 of 2
[-        ] var…nt_calling:SPLIT_INTERVALS -
[-        ] var…calling:GENOMICS_DB_IMPORT -
[-        ] variant_calling:GENOTYPE_GVCFS -
[-        ] var…t_calling:MERGE_JOINT_VCFS -
[-        ] variant_calling:ASM            -
[-        ] var…_calling:MERGE_ASM_OUTPUTS -
[ac/5070aa] var…MUTECT2 (evoC-Bap1-ctrl-F) | 0 of 2
[03/036b01] mbi…oC-Bap1-ctrl-M-CG-5-prime) | 3 of 6
[c3/2829d1] epi…ZARR (evoC-Bap1-ctrl-M-CG) | 1 of 6
[5b/1bbbd1] epi…PORT (evoC-Bap1-ctrl-M_CG) | 0 of 1
[f1/e74fd3] epi…ZARR (evoC-Bap1-ctrl-F-CG) | 2 of 2
[7a/30eecf] epi…PORT (evoC-Bap1-ctrl-F_CG) | 1 of 2
[be/41fd7f] epi…ZARR (evoC-Bap1-ctrl-F-CG) | 2 of 2
[dd/cde41b] epi…PORT (evoC-Bap1-ctrl-F_CG) | 1 of 2
Plus 6 more processes waiting for tasks…

executor >  slurm (48)
[52/6a699d] res…AW (evoC-Bap1-mut-F, L002) | 4 of 4 ✔
[5b/a1da4a] res…DE (evoC-Bap1-mut-F, L002) | 4 of 4 ✔
[-        ] resolve_align:FASTQC_RESOLVED  -
[21/fd657d] res…M2 (evoC-Bap1-mut-M, L002) | 3 of 4, retries: 1
[-        ] res…align:SAMTOOLS_MERGE_LANES -
[-        ] resolve_align:PRESEQ           -
[e1/bd4065] bam…:BAMLET (evoC-Bap1-ctrl-F) | 2 of 3
[0e/1c7525] bam…P_BAMQC (evoC-Bap1-ctrl-F) | 1 of 2
[17/21dc84] bam…SS_BIAS (evoC-Bap1-ctrl-F) | 1 of 2
[-        ] bam…:DEEPTOOLS_PLOTFINGERPRINT -
[88/0a0d3c] bam…_GCBIAS (evoC-Bap1-ctrl-F) | 1 of 2
[93/fe28eb] bam…CCURACY (evoC-Bap1-ctrl-F) | 2 of 2
[d4/685d14] var…_CALLER (evoC-Bap1-ctrl-F) | 0 of 2
[-        ] var…nt_calling:SPLIT_INTERVALS -
[-        ] var…calling:GENOMICS_DB_IMPORT -
[-        ] variant_calling:GENOTYPE_GVCFS -
[-        ] var…t_calling:MERGE_JOINT_VCFS -
[-        ] variant_calling:ASM            -
[-        ] var…_calling:MERGE_ASM_OUTPUTS -
[ac/5070aa] var…MUTECT2 (evoC-Bap1-ctrl-F) | 0 of 2
[03/036b01] mbi…oC-Bap1-ctrl-M-CG-5-prime) | 3 of 6
[c3/2829d1] epi…ZARR (evoC-Bap1-ctrl-M-CG) | 1 of 6
[5b/1bbbd1] epi…PORT (evoC-Bap1-ctrl-M_CG) | 0 of 1
[f1/e74fd3] epi…ZARR (evoC-Bap1-ctrl-F-CG) | 2 of 2
[7a/30eecf] epi…PORT (evoC-Bap1-ctrl-F_CG) | 2 of 2
[be/41fd7f] epi…ZARR (evoC-Bap1-ctrl-F-CG) | 2 of 2
[dd/cde41b] epi…PORT (evoC-Bap1-ctrl-F_CG) | 1 of 2
Plus 6 more processes waiting for tasks…

executor >  slurm (48)
[52/6a699d] res…AW (evoC-Bap1-mut-F, L002) | 4 of 4 ✔
[5b/a1da4a] res…DE (evoC-Bap1-mut-F, L002) | 4 of 4 ✔
[-        ] resolve_align:FASTQC_RESOLVED  -
[21/fd657d] res…M2 (evoC-Bap1-mut-M, L002) | 3 of 4, retries: 1
[-        ] res…align:SAMTOOLS_MERGE_LANES -
[-        ] resolve_align:PRESEQ           -
[e1/bd4065] bam…:BAMLET (evoC-Bap1-ctrl-F) | 2 of 3
[0e/1c7525] bam…P_BAMQC (evoC-Bap1-ctrl-F) | 1 of 2
[17/21dc84] bam…SS_BIAS (evoC-Bap1-ctrl-F) | 1 of 2
[-        ] bam…:DEEPTOOLS_PLOTFINGERPRINT -
[88/0a0d3c] bam…_GCBIAS (evoC-Bap1-ctrl-F) | 1 of 2
[93/fe28eb] bam…CCURACY (evoC-Bap1-ctrl-F) | 2 of 2
[d4/685d14] var…_CALLER (evoC-Bap1-ctrl-F) | 0 of 2
[-        ] var…nt_calling:SPLIT_INTERVALS -
[-        ] var…calling:GENOMICS_DB_IMPORT -
[-        ] variant_calling:GENOTYPE_GVCFS -
[-        ] var…t_calling:MERGE_JOINT_VCFS -
[-        ] variant_calling:ASM            -
[-        ] var…_calling:MERGE_ASM_OUTPUTS -
[ac/5070aa] var…MUTECT2 (evoC-Bap1-ctrl-F) | 0 of 2
[03/036b01] mbi…oC-Bap1-ctrl-M-CG-5-prime) | 3 of 6
[c3/2829d1] epi…ZARR (evoC-Bap1-ctrl-M-CG) | 1 of 6
[5b/1bbbd1] epi…PORT (evoC-Bap1-ctrl-M_CG) | 0 of 1
[f1/e74fd3] epi…ZARR (evoC-Bap1-ctrl-F-CG) | 2 of 2
[7a/30eecf] epi…PORT (evoC-Bap1-ctrl-F_CG) | 2 of 2
[be/41fd7f] epi…ZARR (evoC-Bap1-ctrl-F-CG) | 2 of 2
[dd/cde41b] epi…PORT (evoC-Bap1-ctrl-F_CG) | 2 of 2
Plus 6 more processes waiting for tasks…

executor >  slurm (48)
[52/6a699d] res…AW (evoC-Bap1-mut-F, L002) | 4 of 4 ✔
[5b/a1da4a] res…DE (evoC-Bap1-mut-F, L002) | 4 of 4 ✔
[-        ] resolve_align:FASTQC_RESOLVED  -
[21/fd657d] res…M2 (evoC-Bap1-mut-M, L002) | 3 of 4, retries: 1
[-        ] res…align:SAMTOOLS_MERGE_LANES -
[-        ] resolve_align:PRESEQ           -
[e1/bd4065] bam…:BAMLET (evoC-Bap1-ctrl-F) | 2 of 3
[0e/1c7525] bam…P_BAMQC (evoC-Bap1-ctrl-F) | 1 of 2
[17/21dc84] bam…SS_BIAS (evoC-Bap1-ctrl-F) | 2 of 2
[-        ] bam…:DEEPTOOLS_PLOTFINGERPRINT -
[88/0a0d3c] bam…_GCBIAS (evoC-Bap1-ctrl-F) | 1 of 2
[93/fe28eb] bam…CCURACY (evoC-Bap1-ctrl-F) | 2 of 2
[d4/685d14] var…_CALLER (evoC-Bap1-ctrl-F) | 0 of 2
[-        ] var…nt_calling:SPLIT_INTERVALS -
[-        ] var…calling:GENOMICS_DB_IMPORT -
[-        ] variant_calling:GENOTYPE_GVCFS -
[-        ] var…t_calling:MERGE_JOINT_VCFS -
[-        ] variant_calling:ASM            -
[-        ] var…_calling:MERGE_ASM_OUTPUTS -
[ac/5070aa] var…MUTECT2 (evoC-Bap1-ctrl-F) | 0 of 2
[03/036b01] mbi…oC-Bap1-ctrl-M-CG-5-prime) | 3 of 6
[c3/2829d1] epi…ZARR (evoC-Bap1-ctrl-M-CG) | 1 of 6
[5b/1bbbd1] epi…PORT (evoC-Bap1-ctrl-M_CG) | 0 of 1
[f1/e74fd3] epi…ZARR (evoC-Bap1-ctrl-F-CG) | 2 of 2
[7a/30eecf] epi…PORT (evoC-Bap1-ctrl-F_CG) | 2 of 2
[be/41fd7f] epi…ZARR (evoC-Bap1-ctrl-F-CG) | 2 of 2
[dd/cde41b] epi…PORT (evoC-Bap1-ctrl-F_CG) | 2 of 2
Plus 6 more processes waiting for tasks…

executor >  slurm (48)
[52/6a699d] res…AW (evoC-Bap1-mut-F, L002) | 4 of 4 ✔
[5b/a1da4a] res…DE (evoC-Bap1-mut-F, L002) | 4 of 4 ✔
[-        ] resolve_align:FASTQC_RESOLVED  -
[21/fd657d] res…M2 (evoC-Bap1-mut-M, L002) | 3 of 4, retries: 1
[-        ] res…align:SAMTOOLS_MERGE_LANES -
[-        ] resolve_align:PRESEQ           -
[e1/bd4065] bam…:BAMLET (evoC-Bap1-ctrl-F) | 2 of 3
[0e/1c7525] bam…P_BAMQC (evoC-Bap1-ctrl-F) | 1 of 2
[17/21dc84] bam…SS_BIAS (evoC-Bap1-ctrl-F) | 2 of 2
[-        ] bam…:DEEPTOOLS_PLOTFINGERPRINT -
[88/0a0d3c] bam…_GCBIAS (evoC-Bap1-ctrl-F) | 2 of 2
[93/fe28eb] bam…CCURACY (evoC-Bap1-ctrl-F) | 2 of 2
[d4/685d14] var…_CALLER (evoC-Bap1-ctrl-F) | 0 of 2
[-        ] var…nt_calling:SPLIT_INTERVALS -
[-        ] var…calling:GENOMICS_DB_IMPORT -
[-        ] variant_calling:GENOTYPE_GVCFS -
[-        ] var…t_calling:MERGE_JOINT_VCFS -
[-        ] variant_calling:ASM            -
[-        ] var…_calling:MERGE_ASM_OUTPUTS -
[ac/5070aa] var…MUTECT2 (evoC-Bap1-ctrl-F) | 0 of 2
[03/036b01] mbi…oC-Bap1-ctrl-M-CG-5-prime) | 3 of 6
[c3/2829d1] epi…ZARR (evoC-Bap1-ctrl-M-CG) | 1 of 6
[5b/1bbbd1] epi…PORT (evoC-Bap1-ctrl-M_CG) | 0 of 1
[f1/e74fd3] epi…ZARR (evoC-Bap1-ctrl-F-CG) | 2 of 2
[7a/30eecf] epi…PORT (evoC-Bap1-ctrl-F_CG) | 2 of 2
[be/41fd7f] epi…ZARR (evoC-Bap1-ctrl-F-CG) | 2 of 2
[dd/cde41b] epi…PORT (evoC-Bap1-ctrl-F_CG) | 2 of 2
Plus 6 more processes waiting for tasks…

executor >  slurm (48)
[52/6a699d] res…AW (evoC-Bap1-mut-F, L002) | 4 of 4 ✔
[5b/a1da4a] res…DE (evoC-Bap1-mut-F, L002) | 4 of 4 ✔
[-        ] resolve_align:FASTQC_RESOLVED  -
[21/fd657d] res…M2 (evoC-Bap1-mut-M, L002) | 3 of 4, retries: 1
[-        ] res…align:SAMTOOLS_MERGE_LANES -
[-        ] resolve_align:PRESEQ           -
[ac/7d609d] bam…t:BAMLET (evoC-Bap1-mut-M) | 3 of 3
[0e/1c7525] bam…P_BAMQC (evoC-Bap1-ctrl-F) | 1 of 3
[17/21dc84] bam…SS_BIAS (evoC-Bap1-ctrl-F) | 2 of 3
[-        ] bam…:DEEPTOOLS_PLOTFINGERPRINT -
[88/0a0d3c] bam…_GCBIAS (evoC-Bap1-ctrl-F) | 2 of 3
[93/fe28eb] bam…CCURACY (evoC-Bap1-ctrl-F) | 2 of 3
[d4/685d14] var…_CALLER (evoC-Bap1-ctrl-F) | 0 of 3
[-        ] var…nt_calling:SPLIT_INTERVALS -
[-        ] var…calling:GENOMICS_DB_IMPORT -
[-        ] variant_calling:GENOTYPE_GVCFS -
[-        ] var…t_calling:MERGE_JOINT_VCFS -
[-        ] variant_calling:ASM            -
[-        ] var…_calling:MERGE_ASM_OUTPUTS -
[ac/5070aa] var…MUTECT2 (evoC-Bap1-ctrl-F) | 0 of 2
[03/036b01] mbi…oC-Bap1-ctrl-M-CG-5-prime) | 3 of 9
[c3/2829d1] epi…ZARR (evoC-Bap1-ctrl-M-CG) | 1 of 9
[5b/1bbbd1] epi…PORT (evoC-Bap1-ctrl-M_CG) | 0 of 1
[f1/e74fd3] epi…ZARR (evoC-Bap1-ctrl-F-CG) | 2 of 3
[7a/30eecf] epi…PORT (evoC-Bap1-ctrl-F_CG) | 2 of 2
[be/41fd7f] epi…ZARR (evoC-Bap1-ctrl-F-CG) | 2 of 3
[dd/cde41b] epi…PORT (evoC-Bap1-ctrl-F_CG) | 2 of 2
Plus 6 more processes waiting for tasks…

executor >  slurm (49)
[52/6a699d] res…AW (evoC-Bap1-mut-F, L002) | 4 of 4 ✔
[5b/a1da4a] res…DE (evoC-Bap1-mut-F, L002) | 4 of 4 ✔
[-        ] resolve_align:FASTQC_RESOLVED  -
[21/fd657d] res…M2 (evoC-Bap1-mut-M, L002) | 3 of 4, retries: 1
[-        ] res…align:SAMTOOLS_MERGE_LANES -
[-        ] resolve_align:PRESEQ           -
[ac/7d609d] bam…t:BAMLET (evoC-Bap1-mut-M) | 3 of 3
[0e/1c7525] bam…P_BAMQC (evoC-Bap1-ctrl-F) | 1 of 3
[17/21dc84] bam…SS_BIAS (evoC-Bap1-ctrl-F) | 2 of 3
[-        ] bam…:DEEPTOOLS_PLOTFINGERPRINT -
[88/0a0d3c] bam…_GCBIAS (evoC-Bap1-ctrl-F) | 2 of 3
[92/edfd1e] bam…ACCURACY (evoC-Bap1-mut-M) | 2 of 3
[d4/685d14] var…_CALLER (evoC-Bap1-ctrl-F) | 0 of 3
[-        ] var…nt_calling:SPLIT_INTERVALS -
[-        ] var…calling:GENOMICS_DB_IMPORT -
[-        ] variant_calling:GENOTYPE_GVCFS -
[-        ] var…t_calling:MERGE_JOINT_VCFS -
[-        ] variant_calling:ASM            -
[-        ] var…_calling:MERGE_ASM_OUTPUTS -
[ac/5070aa] var…MUTECT2 (evoC-Bap1-ctrl-F) | 0 of 3
[03/036b01] mbi…oC-Bap1-ctrl-M-CG-5-prime) | 3 of 9
[c3/2829d1] epi…ZARR (evoC-Bap1-ctrl-M-CG) | 1 of 9
[5b/1bbbd1] epi…PORT (evoC-Bap1-ctrl-M_CG) | 0 of 1
[f1/e74fd3] epi…ZARR (evoC-Bap1-ctrl-F-CG) | 2 of 3
[7a/30eecf] epi…PORT (evoC-Bap1-ctrl-F_CG) | 2 of 2
[be/41fd7f] epi…ZARR (evoC-Bap1-ctrl-F-CG) | 2 of 3
[dd/cde41b] epi…PORT (evoC-Bap1-ctrl-F_CG) | 2 of 2
Plus 6 more processes waiting for tasks…

executor >  slurm (50)
[52/6a699d] res…AW (evoC-Bap1-mut-F, L002) | 4 of 4 ✔
[5b/a1da4a] res…DE (evoC-Bap1-mut-F, L002) | 4 of 4 ✔
[-        ] resolve_align:FASTQC_RESOLVED  -
[21/fd657d] res…M2 (evoC-Bap1-mut-M, L002) | 3 of 4, retries: 1
[-        ] res…align:SAMTOOLS_MERGE_LANES -
[-        ] resolve_align:PRESEQ           -
[ac/7d609d] bam…t:BAMLET (evoC-Bap1-mut-M) | 3 of 3
[05/85cf31] bam…AP_BAMQC (evoC-Bap1-mut-M) | 1 of 3
[17/21dc84] bam…SS_BIAS (evoC-Bap1-ctrl-F) | 2 of 3
[-        ] bam…:DEEPTOOLS_PLOTFINGERPRINT -
[88/0a0d3c] bam…_GCBIAS (evoC-Bap1-ctrl-F) | 2 of 3
[92/edfd1e] bam…ACCURACY (evoC-Bap1-mut-M) | 2 of 3
[d4/685d14] var…_CALLER (evoC-Bap1-ctrl-F) | 0 of 3
[-        ] var…nt_calling:SPLIT_INTERVALS -
[-        ] var…calling:GENOMICS_DB_IMPORT -
[-        ] variant_calling:GENOTYPE_GVCFS -
[-        ] var…t_calling:MERGE_JOINT_VCFS -
[-        ] variant_calling:ASM            -
[-        ] var…_calling:MERGE_ASM_OUTPUTS -
[ac/5070aa] var…MUTECT2 (evoC-Bap1-ctrl-F) | 0 of 3
[03/036b01] mbi…oC-Bap1-ctrl-M-CG-5-prime) | 3 of 9
[c3/2829d1] epi…ZARR (evoC-Bap1-ctrl-M-CG) | 1 of 9
[5b/1bbbd1] epi…PORT (evoC-Bap1-ctrl-M_CG) | 0 of 1
[f1/e74fd3] epi…ZARR (evoC-Bap1-ctrl-F-CG) | 2 of 3
[7a/30eecf] epi…PORT (evoC-Bap1-ctrl-F_CG) | 2 of 2
[be/41fd7f] epi…ZARR (evoC-Bap1-ctrl-F-CG) | 2 of 3
[dd/cde41b] epi…PORT (evoC-Bap1-ctrl-F_CG) | 2 of 2
Plus 6 more processes waiting for tasks…

executor >  slurm (51)
[52/6a699d] res…AW (evoC-Bap1-mut-F, L002) | 4 of 4 ✔
[5b/a1da4a] res…DE (evoC-Bap1-mut-F, L002) | 4 of 4 ✔
[-        ] resolve_align:FASTQC_RESOLVED  -
[21/fd657d] res…M2 (evoC-Bap1-mut-M, L002) | 3 of 4, retries: 1
[-        ] res…align:SAMTOOLS_MERGE_LANES -
[-        ] resolve_align:PRESEQ           -
[ac/7d609d] bam…t:BAMLET (evoC-Bap1-mut-M) | 3 of 3
[05/85cf31] bam…AP_BAMQC (evoC-Bap1-mut-M) | 1 of 3
[17/21dc84] bam…SS_BIAS (evoC-Bap1-ctrl-F) | 2 of 3
[-        ] bam…:DEEPTOOLS_PLOTFINGERPRINT -
[88/0a0d3c] bam…_GCBIAS (evoC-Bap1-ctrl-F) | 2 of 3
[92/edfd1e] bam…ACCURACY (evoC-Bap1-mut-M) | 2 of 3
[d4/685d14] var…_CALLER (evoC-Bap1-ctrl-F) | 0 of 3
[-        ] var…nt_calling:SPLIT_INTERVALS -
[-        ] var…calling:GENOMICS_DB_IMPORT -
[-        ] variant_calling:GENOTYPE_GVCFS -
[-        ] var…t_calling:MERGE_JOINT_VCFS -
[-        ] variant_calling:ASM            -
[-        ] var…_calling:MERGE_ASM_OUTPUTS -
[ac/5070aa] var…MUTECT2 (evoC-Bap1-ctrl-F) | 0 of 3
[a3/b7b67b] mbi…oC-Bap1-mut-M-CHG-5-prime) | 3 of 9
[c3/2829d1] epi…ZARR (evoC-Bap1-ctrl-M-CG) | 1 of 9
[5b/1bbbd1] epi…PORT (evoC-Bap1-ctrl-M_CG) | 0 of 1
[f1/e74fd3] epi…ZARR (evoC-Bap1-ctrl-F-CG) | 2 of 3
[7a/30eecf] epi…PORT (evoC-Bap1-ctrl-F_CG) | 2 of 2
[be/41fd7f] epi…ZARR (evoC-Bap1-ctrl-F-CG) | 2 of 3
[dd/cde41b] epi…PORT (evoC-Bap1-ctrl-F_CG) | 2 of 2
Plus 6 more processes waiting for tasks…

executor >  slurm (52)
[52/6a699d] res…AW (evoC-Bap1-mut-F, L002) | 4 of 4 ✔
[5b/a1da4a] res…DE (evoC-Bap1-mut-F, L002) | 4 of 4 ✔
[-        ] resolve_align:FASTQC_RESOLVED  -
[21/fd657d] res…M2 (evoC-Bap1-mut-M, L002) | 3 of 4, retries: 1
[-        ] res…align:SAMTOOLS_MERGE_LANES -
[-        ] resolve_align:PRESEQ           -
[ac/7d609d] bam…t:BAMLET (evoC-Bap1-mut-M) | 3 of 3
[05/85cf31] bam…AP_BAMQC (evoC-Bap1-mut-M) | 1 of 3
[17/21dc84] bam…SS_BIAS (evoC-Bap1-ctrl-F) | 2 of 3
[-        ] bam…:DEEPTOOLS_PLOTFINGERPRINT -
[88/0a0d3c] bam…_GCBIAS (evoC-Bap1-ctrl-F) | 2 of 3
[92/edfd1e] bam…ACCURACY (evoC-Bap1-mut-M) | 2 of 3
[d4/685d14] var…_CALLER (evoC-Bap1-ctrl-F) | 0 of 3
[-        ] var…nt_calling:SPLIT_INTERVALS -
[-        ] var…calling:GENOMICS_DB_IMPORT -
[-        ] variant_calling:GENOTYPE_GVCFS -
[-        ] var…t_calling:MERGE_JOINT_VCFS -
[-        ] variant_calling:ASM            -
[-        ] var…_calling:MERGE_ASM_OUTPUTS -
[ac/5070aa] var…MUTECT2 (evoC-Bap1-ctrl-F) | 0 of 3
[0c/41cec4] mbi…oC-Bap1-mut-M-CHH-5-prime) | 3 of 9
[c3/2829d1] epi…ZARR (evoC-Bap1-ctrl-M-CG) | 1 of 9
[5b/1bbbd1] epi…PORT (evoC-Bap1-ctrl-M_CG) | 0 of 1
[f1/e74fd3] epi…ZARR (evoC-Bap1-ctrl-F-CG) | 2 of 3
[7a/30eecf] epi…PORT (evoC-Bap1-ctrl-F_CG) | 2 of 2
[be/41fd7f] epi…ZARR (evoC-Bap1-ctrl-F-CG) | 2 of 3
[dd/cde41b] epi…PORT (evoC-Bap1-ctrl-F_CG) | 2 of 2
Plus 6 more processes waiting for tasks…

executor >  slurm (53)
[52/6a699d] res…AW (evoC-Bap1-mut-F, L002) | 4 of 4 ✔
[5b/a1da4a] res…DE (evoC-Bap1-mut-F, L002) | 4 of 4 ✔
[-        ] resolve_align:FASTQC_RESOLVED  -
[21/fd657d] res…M2 (evoC-Bap1-mut-M, L002) | 3 of 4, retries: 1
[-        ] res…align:SAMTOOLS_MERGE_LANES -
[-        ] resolve_align:PRESEQ           -
[ac/7d609d] bam…t:BAMLET (evoC-Bap1-mut-M) | 3 of 3
[05/85cf31] bam…AP_BAMQC (evoC-Bap1-mut-M) | 1 of 3
[17/21dc84] bam…SS_BIAS (evoC-Bap1-ctrl-F) | 2 of 3
[-        ] bam…:DEEPTOOLS_PLOTFINGERPRINT -
[56/363de8] bam…D_GCBIAS (evoC-Bap1-mut-M) | 2 of 3
[92/edfd1e] bam…ACCURACY (evoC-Bap1-mut-M) | 2 of 3
[d4/685d14] var…_CALLER (evoC-Bap1-ctrl-F) | 0 of 3
[-        ] var…nt_calling:SPLIT_INTERVALS -
[-        ] var…calling:GENOMICS_DB_IMPORT -
[-        ] variant_calling:GENOTYPE_GVCFS -
[-        ] var…t_calling:MERGE_JOINT_VCFS -
[-        ] variant_calling:ASM            -
[-        ] var…_calling:MERGE_ASM_OUTPUTS -
[ac/5070aa] var…MUTECT2 (evoC-Bap1-ctrl-F) | 0 of 3
[0c/41cec4] mbi…oC-Bap1-mut-M-CHH-5-prime) | 3 of 9
[c3/2829d1] epi…ZARR (evoC-Bap1-ctrl-M-CG) | 1 of 9
[5b/1bbbd1] epi…PORT (evoC-Bap1-ctrl-M_CG) | 0 of 1
[f1/e74fd3] epi…ZARR (evoC-Bap1-ctrl-F-CG) | 2 of 3
[7a/30eecf] epi…PORT (evoC-Bap1-ctrl-F_CG) | 2 of 2
[be/41fd7f] epi…ZARR (evoC-Bap1-ctrl-F-CG) | 2 of 3
[dd/cde41b] epi…PORT (evoC-Bap1-ctrl-F_CG) | 2 of 2
Plus 6 more processes waiting for tasks…

executor >  slurm (54)
[52/6a699d] res…AW (evoC-Bap1-mut-F, L002) | 4 of 4 ✔
[5b/a1da4a] res…DE (evoC-Bap1-mut-F, L002) | 4 of 4 ✔
[-        ] resolve_align:FASTQC_RESOLVED  -
[21/fd657d] res…M2 (evoC-Bap1-mut-M, L002) | 3 of 4, retries: 1
[-        ] res…align:SAMTOOLS_MERGE_LANES -
[-        ] resolve_align:PRESEQ           -
[ac/7d609d] bam…t:BAMLET (evoC-Bap1-mut-M) | 3 of 3
[05/85cf31] bam…AP_BAMQC (evoC-Bap1-mut-M) | 1 of 3
[17/21dc84] bam…SS_BIAS (evoC-Bap1-ctrl-F) | 2 of 3
[-        ] bam…:DEEPTOOLS_PLOTFINGERPRINT -
[56/363de8] bam…D_GCBIAS (evoC-Bap1-mut-M) | 2 of 3
[92/edfd1e] bam…ACCURACY (evoC-Bap1-mut-M) | 2 of 3
[d4/685d14] var…_CALLER (evoC-Bap1-ctrl-F) | 0 of 3
[-        ] var…nt_calling:SPLIT_INTERVALS -
[-        ] var…calling:GENOMICS_DB_IMPORT -
[-        ] variant_calling:GENOTYPE_GVCFS -
[-        ] var…t_calling:MERGE_JOINT_VCFS -
[-        ] variant_calling:ASM            -
[-        ] var…_calling:MERGE_ASM_OUTPUTS -
[ac/5070aa] var…MUTECT2 (evoC-Bap1-ctrl-F) | 0 of 3
[c4/3da9b0] mbi…voC-Bap1-mut-M-CG-5-prime) | 3 of 9
[c3/2829d1] epi…ZARR (evoC-Bap1-ctrl-M-CG) | 1 of 9
[5b/1bbbd1] epi…PORT (evoC-Bap1-ctrl-M_CG) | 0 of 1
[f1/e74fd3] epi…ZARR (evoC-Bap1-ctrl-F-CG) | 2 of 3
[7a/30eecf] epi…PORT (evoC-Bap1-ctrl-F_CG) | 2 of 2
[be/41fd7f] epi…ZARR (evoC-Bap1-ctrl-F-CG) | 2 of 3
[dd/cde41b] epi…PORT (evoC-Bap1-ctrl-F_CG) | 2 of 2
Plus 6 more processes waiting for tasks…

executor >  slurm (56)
[52/6a699d] res…AW (evoC-Bap1-mut-F, L002) | 4 of 4 ✔
[5b/a1da4a] res…DE (evoC-Bap1-mut-F, L002) | 4 of 4 ✔
[-        ] resolve_align:FASTQC_RESOLVED  -
[21/fd657d] res…M2 (evoC-Bap1-mut-M, L002) | 3 of 4, retries: 1
[-        ] res…align:SAMTOOLS_MERGE_LANES -
[-        ] resolve_align:PRESEQ           -
[ac/7d609d] bam…t:BAMLET (evoC-Bap1-mut-M) | 3 of 3
[05/85cf31] bam…AP_BAMQC (evoC-Bap1-mut-M) | 1 of 3
[82/e42d6d] bam…TSS_BIAS (evoC-Bap1-mut-M) | 2 of 3
[-        ] bam…:DEEPTOOLS_PLOTFINGERPRINT -
[56/363de8] bam…D_GCBIAS (evoC-Bap1-mut-M) | 2 of 3
[92/edfd1e] bam…ACCURACY (evoC-Bap1-mut-M) | 2 of 3
[ed/4a1b65] var…E_CALLER (evoC-Bap1-mut-M) | 0 of 3
[-        ] var…nt_calling:SPLIT_INTERVALS -
[-        ] var…calling:GENOMICS_DB_IMPORT -
[-        ] variant_calling:GENOTYPE_GVCFS -
[-        ] var…t_calling:MERGE_JOINT_VCFS -
[-        ] variant_calling:ASM            -
[-        ] var…_calling:MERGE_ASM_OUTPUTS -
[ac/5070aa] var…MUTECT2 (evoC-Bap1-ctrl-F) | 0 of 3
[c4/3da9b0] mbi…voC-Bap1-mut-M-CG-5-prime) | 3 of 9
[c3/2829d1] epi…ZARR (evoC-Bap1-ctrl-M-CG) | 1 of 9
[5b/1bbbd1] epi…PORT (evoC-Bap1-ctrl-M_CG) | 0 of 1
[f1/e74fd3] epi…ZARR (evoC-Bap1-ctrl-F-CG) | 2 of 3
[7a/30eecf] epi…PORT (evoC-Bap1-ctrl-F_CG) | 2 of 2
[be/41fd7f] epi…ZARR (evoC-Bap1-ctrl-F-CG) | 2 of 3
[dd/cde41b] epi…PORT (evoC-Bap1-ctrl-F_CG) | 2 of 2
Plus 6 more processes waiting for tasks…

executor >  slurm (57)
[52/6a699d] res…AW (evoC-Bap1-mut-F, L002) | 4 of 4 ✔
[5b/a1da4a] res…DE (evoC-Bap1-mut-F, L002) | 4 of 4 ✔
[-        ] resolve_align:FASTQC_RESOLVED  -
[21/fd657d] res…M2 (evoC-Bap1-mut-M, L002) | 3 of 4, retries: 1
[-        ] res…align:SAMTOOLS_MERGE_LANES -
[-        ] resolve_align:PRESEQ           -
[ac/7d609d] bam…t:BAMLET (evoC-Bap1-mut-M) | 3 of 3
[05/85cf31] bam…AP_BAMQC (evoC-Bap1-mut-M) | 1 of 3
[82/e42d6d] bam…TSS_BIAS (evoC-Bap1-mut-M) | 2 of 3
[-        ] bam…:DEEPTOOLS_PLOTFINGERPRINT -
[56/363de8] bam…D_GCBIAS (evoC-Bap1-mut-M) | 2 of 3
[92/edfd1e] bam…ACCURACY (evoC-Bap1-mut-M) | 2 of 3
[ed/4a1b65] var…E_CALLER (evoC-Bap1-mut-M) | 0 of 3
[-        ] var…nt_calling:SPLIT_INTERVALS -
[-        ] var…calling:GENOMICS_DB_IMPORT -
[-        ] variant_calling:GENOTYPE_GVCFS -
[-        ] var…t_calling:MERGE_JOINT_VCFS -
[-        ] variant_calling:ASM            -
[-        ] var…_calling:MERGE_ASM_OUTPUTS -
[ac/5070aa] var…MUTECT2 (evoC-Bap1-ctrl-F) | 0 of 3
[c4/3da9b0] mbi…voC-Bap1-mut-M-CG-5-prime) | 3 of 9
[c3/2829d1] epi…ZARR (evoC-Bap1-ctrl-M-CG) | 1 of 9
[5b/1bbbd1] epi…PORT (evoC-Bap1-ctrl-M_CG) | 0 of 1
[97/39a1b2] epi…2ZARR (evoC-Bap1-mut-M-CG) | 2 of 3
[7a/30eecf] epi…PORT (evoC-Bap1-ctrl-F_CG) | 2 of 2
[be/41fd7f] epi…ZARR (evoC-Bap1-ctrl-F-CG) | 2 of 3
[dd/cde41b] epi…PORT (evoC-Bap1-ctrl-F_CG) | 2 of 2
Plus 6 more processes waiting for tasks…

executor >  slurm (58)
[52/6a699d] res…AW (evoC-Bap1-mut-F, L002) | 4 of 4 ✔
[5b/a1da4a] res…DE (evoC-Bap1-mut-F, L002) | 4 of 4 ✔
[-        ] resolve_align:FASTQC_RESOLVED  -
[21/fd657d] res…M2 (evoC-Bap1-mut-M, L002) | 3 of 4, retries: 1
[-        ] res…align:SAMTOOLS_MERGE_LANES -
[-        ] resolve_align:PRESEQ           -
[ac/7d609d] bam…t:BAMLET (evoC-Bap1-mut-M) | 3 of 3
[05/85cf31] bam…AP_BAMQC (evoC-Bap1-mut-M) | 1 of 3
[82/e42d6d] bam…TSS_BIAS (evoC-Bap1-mut-M) | 2 of 3
[-        ] bam…:DEEPTOOLS_PLOTFINGERPRINT -
[56/363de8] bam…D_GCBIAS (evoC-Bap1-mut-M) | 2 of 3
[92/edfd1e] bam…ACCURACY (evoC-Bap1-mut-M) | 2 of 3
[ed/4a1b65] var…E_CALLER (evoC-Bap1-mut-M) | 0 of 3
[-        ] var…nt_calling:SPLIT_INTERVALS -
[-        ] var…calling:GENOMICS_DB_IMPORT -
[-        ] variant_calling:GENOTYPE_GVCFS -
[-        ] var…t_calling:MERGE_JOINT_VCFS -
[-        ] variant_calling:ASM            -
[-        ] var…_calling:MERGE_ASM_OUTPUTS -
[ac/5070aa] var…MUTECT2 (evoC-Bap1-ctrl-F) | 0 of 3
[c4/3da9b0] mbi…voC-Bap1-mut-M-CG-5-prime) | 3 of 9
[c3/2829d1] epi…ZARR (evoC-Bap1-ctrl-M-CG) | 1 of 9
[5b/1bbbd1] epi…PORT (evoC-Bap1-ctrl-M_CG) | 0 of 1
[97/39a1b2] epi…2ZARR (evoC-Bap1-mut-M-CG) | 2 of 3
[7a/30eecf] epi…PORT (evoC-Bap1-ctrl-F_CG) | 2 of 2
[0d/f59684] epi…2ZARR (evoC-Bap1-mut-M-CG) | 2 of 3
[dd/cde41b] epi…PORT (evoC-Bap1-ctrl-F_CG) | 2 of 2
Plus 6 more processes waiting for tasks…

executor >  slurm (59)
[52/6a699d] res…AW (evoC-Bap1-mut-F, L002) | 4 of 4 ✔
[5b/a1da4a] res…DE (evoC-Bap1-mut-F, L002) | 4 of 4 ✔
[-        ] resolve_align:FASTQC_RESOLVED  -
[21/fd657d] res…M2 (evoC-Bap1-mut-M, L002) | 3 of 4, retries: 1
[-        ] res…align:SAMTOOLS_MERGE_LANES -
[-        ] resolve_align:PRESEQ           -
[ac/7d609d] bam…t:BAMLET (evoC-Bap1-mut-M) | 3 of 3
[05/85cf31] bam…AP_BAMQC (evoC-Bap1-mut-M) | 1 of 3
[82/e42d6d] bam…TSS_BIAS (evoC-Bap1-mut-M) | 2 of 3
[-        ] bam…:DEEPTOOLS_PLOTFINGERPRINT -
[56/363de8] bam…D_GCBIAS (evoC-Bap1-mut-M) | 2 of 3
[92/edfd1e] bam…ACCURACY (evoC-Bap1-mut-M) | 2 of 3
[ed/4a1b65] var…E_CALLER (evoC-Bap1-mut-M) | 0 of 3
[-        ] var…nt_calling:SPLIT_INTERVALS -
[-        ] var…calling:GENOMICS_DB_IMPORT -
[-        ] variant_calling:GENOTYPE_GVCFS -
[-        ] var…t_calling:MERGE_JOINT_VCFS -
[-        ] variant_calling:ASM            -
[-        ] var…_calling:MERGE_ASM_OUTPUTS -
[ac/5070aa] var…MUTECT2 (evoC-Bap1-ctrl-F) | 0 of 3
[c4/3da9b0] mbi…voC-Bap1-mut-M-CG-5-prime) | 3 of 9
[77/623791] epi…2ZARR (evoC-Bap1-mut-M-CG) | 1 of 9
[5b/1bbbd1] epi…PORT (evoC-Bap1-ctrl-M_CG) | 0 of 1
[97/39a1b2] epi…2ZARR (evoC-Bap1-mut-M-CG) | 2 of 3
[7a/30eecf] epi…PORT (evoC-Bap1-ctrl-F_CG) | 2 of 2
[0d/f59684] epi…2ZARR (evoC-Bap1-mut-M-CG) | 2 of 3
[dd/cde41b] epi…PORT (evoC-Bap1-ctrl-F_CG) | 2 of 2
Plus 6 more processes waiting for tasks…

executor >  slurm (60)
[52/6a699d] res…AW (evoC-Bap1-mut-F, L002) | 4 of 4 ✔
[5b/a1da4a] res…DE (evoC-Bap1-mut-F, L002) | 4 of 4 ✔
[-        ] resolve_align:FASTQC_RESOLVED  -
[21/fd657d] res…M2 (evoC-Bap1-mut-M, L002) | 3 of 4, retries: 1
[-        ] res…align:SAMTOOLS_MERGE_LANES -
[-        ] resolve_align:PRESEQ           -
[ac/7d609d] bam…t:BAMLET (evoC-Bap1-mut-M) | 3 of 3
[05/85cf31] bam…AP_BAMQC (evoC-Bap1-mut-M) | 1 of 3
[82/e42d6d] bam…TSS_BIAS (evoC-Bap1-mut-M) | 2 of 3
[-        ] bam…:DEEPTOOLS_PLOTFINGERPRINT -
[56/363de8] bam…D_GCBIAS (evoC-Bap1-mut-M) | 2 of 3
[92/edfd1e] bam…ACCURACY (evoC-Bap1-mut-M) | 2 of 3
[ed/4a1b65] var…E_CALLER (evoC-Bap1-mut-M) | 0 of 3
[-        ] var…nt_calling:SPLIT_INTERVALS -
[-        ] var…calling:GENOMICS_DB_IMPORT -
[-        ] variant_calling:GENOTYPE_GVCFS -
[-        ] var…t_calling:MERGE_JOINT_VCFS -
[-        ] variant_calling:ASM            -
[-        ] var…_calling:MERGE_ASM_OUTPUTS -
[ac/5070aa] var…MUTECT2 (evoC-Bap1-ctrl-F) | 0 of 3
[c4/3da9b0] mbi…voC-Bap1-mut-M-CG-5-prime) | 3 of 9
[69/d0bc5f] epi…ZARR (evoC-Bap1-mut-M-CHH) | 1 of 9
[5b/1bbbd1] epi…PORT (evoC-Bap1-ctrl-M_CG) | 0 of 1
[97/39a1b2] epi…2ZARR (evoC-Bap1-mut-M-CG) | 2 of 3
[7a/30eecf] epi…PORT (evoC-Bap1-ctrl-F_CG) | 2 of 2
[0d/f59684] epi…2ZARR (evoC-Bap1-mut-M-CG) | 2 of 3
[dd/cde41b] epi…PORT (evoC-Bap1-ctrl-F_CG) | 2 of 2
Plus 6 more processes waiting for tasks…

executor >  slurm (62)
[52/6a699d] res…AW (evoC-Bap1-mut-F, L002) | 4 of 4 ✔
[5b/a1da4a] res…DE (evoC-Bap1-mut-F, L002) | 4 of 4 ✔
[-        ] resolve_align:FASTQC_RESOLVED  -
[21/fd657d] res…M2 (evoC-Bap1-mut-M, L002) | 3 of 4, retries: 1
[-        ] res…align:SAMTOOLS_MERGE_LANES -
[-        ] resolve_align:PRESEQ           -
[ac/7d609d] bam…t:BAMLET (evoC-Bap1-mut-M) | 3 of 3
[05/85cf31] bam…AP_BAMQC (evoC-Bap1-mut-M) | 1 of 3
[82/e42d6d] bam…TSS_BIAS (evoC-Bap1-mut-M) | 2 of 3
[-        ] bam…:DEEPTOOLS_PLOTFINGERPRINT -
[56/363de8] bam…D_GCBIAS (evoC-Bap1-mut-M) | 2 of 3
[92/edfd1e] bam…ACCURACY (evoC-Bap1-mut-M) | 2 of 3
[ed/4a1b65] var…E_CALLER (evoC-Bap1-mut-M) | 0 of 3
[-        ] var…nt_calling:SPLIT_INTERVALS -
[-        ] var…calling:GENOMICS_DB_IMPORT -
[-        ] variant_calling:GENOTYPE_GVCFS -
[-        ] var…t_calling:MERGE_JOINT_VCFS -
[-        ] variant_calling:ASM            -
[-        ] var…_calling:MERGE_ASM_OUTPUTS -
[2d/fc0906] var…:MUTECT2 (evoC-Bap1-mut-M) | 0 of 3
[c4/3da9b0] mbi…voC-Bap1-mut-M-CG-5-prime) | 3 of 9
[b7/72e945] epi…ZARR (evoC-Bap1-mut-M-CHG) | 1 of 9
[5b/1bbbd1] epi…PORT (evoC-Bap1-ctrl-M_CG) | 0 of 1
[97/39a1b2] epi…2ZARR (evoC-Bap1-mut-M-CG) | 2 of 3
[7a/30eecf] epi…PORT (evoC-Bap1-ctrl-F_CG) | 2 of 2
[0d/f59684] epi…2ZARR (evoC-Bap1-mut-M-CG) | 2 of 3
[dd/cde41b] epi…PORT (evoC-Bap1-ctrl-F_CG) | 2 of 2
Plus 6 more processes waiting for tasks…

executor >  slurm (62)
[52/6a699d] res…AW (evoC-Bap1-mut-F, L002) | 4 of 4 ✔
[5b/a1da4a] res…DE (evoC-Bap1-mut-F, L002) | 4 of 4 ✔
[-        ] resolve_align:FASTQC_RESOLVED  -
[21/fd657d] res…M2 (evoC-Bap1-mut-M, L002) | 3 of 4, retries: 1
[-        ] res…align:SAMTOOLS_MERGE_LANES -
[-        ] resolve_align:PRESEQ           -
[ac/7d609d] bam…t:BAMLET (evoC-Bap1-mut-M) | 3 of 3
[05/85cf31] bam…AP_BAMQC (evoC-Bap1-mut-M) | 1 of 3
[82/e42d6d] bam…TSS_BIAS (evoC-Bap1-mut-M) | 2 of 3
[-        ] bam…:DEEPTOOLS_PLOTFINGERPRINT -
[56/363de8] bam…D_GCBIAS (evoC-Bap1-mut-M) | 2 of 3
[92/edfd1e] bam…ACCURACY (evoC-Bap1-mut-M) | 2 of 3
[ed/4a1b65] var…E_CALLER (evoC-Bap1-mut-M) | 0 of 3
[-        ] var…nt_calling:SPLIT_INTERVALS -
[-        ] var…calling:GENOMICS_DB_IMPORT -
[-        ] variant_calling:GENOTYPE_GVCFS -
[-        ] var…t_calling:MERGE_JOINT_VCFS -
[-        ] variant_calling:ASM            -
[-        ] var…_calling:MERGE_ASM_OUTPUTS -
[2d/fc0906] var…:MUTECT2 (evoC-Bap1-mut-M) | 0 of 3
[c4/3da9b0] mbi…voC-Bap1-mut-M-CG-5-prime) | 3 of 9
[b7/72e945] epi…ZARR (evoC-Bap1-mut-M-CHG) | 1 of 9
[5b/1bbbd1] epi…PORT (evoC-Bap1-ctrl-M_CG) | 0 of 1
[97/39a1b2] epi…2ZARR (evoC-Bap1-mut-M-CG) | 2 of 3
[7a/30eecf] epi…PORT (evoC-Bap1-ctrl-F_CG) | 2 of 2
[0d/f59684] epi…2ZARR (evoC-Bap1-mut-M-CG) | 2 of 3
[dd/cde41b] epi…PORT (evoC-Bap1-ctrl-F_CG) | 2 of 2
Plus 6 more processes waiting for tasks…

executor >  slurm (62)
[52/6a699d] res…AW (evoC-Bap1-mut-F, L002) | 4 of 4 ✔
[5b/a1da4a] res…DE (evoC-Bap1-mut-F, L002) | 4 of 4 ✔
[-        ] resolve_align:FASTQC_RESOLVED  -
[21/fd657d] res…M2 (evoC-Bap1-mut-M, L002) | 3 of 4, retries: 1
[-        ] res…align:SAMTOOLS_MERGE_LANES -
[-        ] resolve_align:PRESEQ           -
[ac/7d609d] bam…t:BAMLET (evoC-Bap1-mut-M) | 3 of 3
[05/85cf31] bam…AP_BAMQC (evoC-Bap1-mut-M) | 1 of 3
[82/e42d6d] bam…TSS_BIAS (evoC-Bap1-mut-M) | 2 of 3
[-        ] bam…:DEEPTOOLS_PLOTFINGERPRINT -
[56/363de8] bam…D_GCBIAS (evoC-Bap1-mut-M) | 2 of 3
[92/edfd1e] bam…ACCURACY (evoC-Bap1-mut-M) | 2 of 3
[ed/4a1b65] var…E_CALLER (evoC-Bap1-mut-M) | 0 of 3
[-        ] var…nt_calling:SPLIT_INTERVALS -
[-        ] var…calling:GENOMICS_DB_IMPORT -
[-        ] variant_calling:GENOTYPE_GVCFS -
[-        ] var…t_calling:MERGE_JOINT_VCFS -
[-        ] variant_calling:ASM            -
[-        ] var…_calling:MERGE_ASM_OUTPUTS -
[2d/fc0906] var…:MUTECT2 (evoC-Bap1-mut-M) | 0 of 3
[c4/3da9b0] mbi…voC-Bap1-mut-M-CG-5-prime) | 3 of 9
[b7/72e945] epi…ZARR (evoC-Bap1-mut-M-CHG) | 1 of 9
[5b/1bbbd1] epi…PORT (evoC-Bap1-ctrl-M_CG) | 0 of 1
[97/39a1b2] epi…2ZARR (evoC-Bap1-mut-M-CG) | 2 of 3
[7a/30eecf] epi…PORT (evoC-Bap1-ctrl-F_CG) | 2 of 2
[0d/f59684] epi…2ZARR (evoC-Bap1-mut-M-CG) | 3 of 3
[dd/cde41b] epi…PORT (evoC-Bap1-ctrl-F_CG) | 2 of 3
Plus 6 more processes waiting for tasks…

executor >  slurm (63)
[52/6a699d] res…AW (evoC-Bap1-mut-F, L002) | 4 of 4 ✔
[5b/a1da4a] res…DE (evoC-Bap1-mut-F, L002) | 4 of 4 ✔
[-        ] resolve_align:FASTQC_RESOLVED  -
[21/fd657d] res…M2 (evoC-Bap1-mut-M, L002) | 3 of 4, retries: 1
[-        ] res…align:SAMTOOLS_MERGE_LANES -
[-        ] resolve_align:PRESEQ           -
[ac/7d609d] bam…t:BAMLET (evoC-Bap1-mut-M) | 3 of 3
[05/85cf31] bam…AP_BAMQC (evoC-Bap1-mut-M) | 1 of 3
[82/e42d6d] bam…TSS_BIAS (evoC-Bap1-mut-M) | 2 of 3
[-        ] bam…:DEEPTOOLS_PLOTFINGERPRINT -
[56/363de8] bam…D_GCBIAS (evoC-Bap1-mut-M) | 2 of 3
[92/edfd1e] bam…ACCURACY (evoC-Bap1-mut-M) | 2 of 3
[ed/4a1b65] var…E_CALLER (evoC-Bap1-mut-M) | 0 of 3
[-        ] var…nt_calling:SPLIT_INTERVALS -
[-        ] var…calling:GENOMICS_DB_IMPORT -
[-        ] variant_calling:GENOTYPE_GVCFS -
[-        ] var…t_calling:MERGE_JOINT_VCFS -
[-        ] variant_calling:ASM            -
[-        ] var…_calling:MERGE_ASM_OUTPUTS -
[2d/fc0906] var…:MUTECT2 (evoC-Bap1-mut-M) | 0 of 3
[c4/3da9b0] mbi…voC-Bap1-mut-M-CG-5-prime) | 3 of 9
[b7/72e945] epi…ZARR (evoC-Bap1-mut-M-CHG) | 1 of 9
[5b/1bbbd1] epi…PORT (evoC-Bap1-ctrl-M_CG) | 0 of 1
[97/39a1b2] epi…2ZARR (evoC-Bap1-mut-M-CG) | 2 of 3
[7a/30eecf] epi…PORT (evoC-Bap1-ctrl-F_CG) | 2 of 2
[0d/f59684] epi…2ZARR (evoC-Bap1-mut-M-CG) | 3 of 3
[a7/ad4058] epi…XPORT (evoC-Bap1-mut-M_CG) | 2 of 3
Plus 6 more processes waiting for tasks…

executor >  slurm (63)
[52/6a699d] res…AW (evoC-Bap1-mut-F, L002) | 4 of 4 ✔
[5b/a1da4a] res…DE (evoC-Bap1-mut-F, L002) | 4 of 4 ✔
[-        ] resolve_align:FASTQC_RESOLVED  -
[21/fd657d] res…M2 (evoC-Bap1-mut-M, L002) | 3 of 4, retries: 1
[-        ] res…align:SAMTOOLS_MERGE_LANES -
[-        ] resolve_align:PRESEQ           -
[ac/7d609d] bam…t:BAMLET (evoC-Bap1-mut-M) | 3 of 3
[05/85cf31] bam…AP_BAMQC (evoC-Bap1-mut-M) | 1 of 3
[82/e42d6d] bam…TSS_BIAS (evoC-Bap1-mut-M) | 2 of 3
[-        ] bam…:DEEPTOOLS_PLOTFINGERPRINT -
[56/363de8] bam…D_GCBIAS (evoC-Bap1-mut-M) | 2 of 3
[92/edfd1e] bam…ACCURACY (evoC-Bap1-mut-M) | 2 of 3
[ed/4a1b65] var…E_CALLER (evoC-Bap1-mut-M) | 0 of 3
[-        ] var…nt_calling:SPLIT_INTERVALS -
[-        ] var…calling:GENOMICS_DB_IMPORT -
[-        ] variant_calling:GENOTYPE_GVCFS -
[-        ] var…t_calling:MERGE_JOINT_VCFS -
[-        ] variant_calling:ASM            -
[-        ] var…_calling:MERGE_ASM_OUTPUTS -
[2d/fc0906] var…:MUTECT2 (evoC-Bap1-mut-M) | 0 of 3
[c4/3da9b0] mbi…voC-Bap1-mut-M-CG-5-prime) | 3 of 9
[b7/72e945] epi…ZARR (evoC-Bap1-mut-M-CHG) | 1 of 9
[5b/1bbbd1] epi…PORT (evoC-Bap1-ctrl-M_CG) | 0 of 1
[97/39a1b2] epi…2ZARR (evoC-Bap1-mut-M-CG) | 3 of 3
[7a/30eecf] epi…PORT (evoC-Bap1-ctrl-F_CG) | 2 of 3
[0d/f59684] epi…2ZARR (evoC-Bap1-mut-M-CG) | 3 of 3
[a7/ad4058] epi…XPORT (evoC-Bap1-mut-M_CG) | 2 of 3
Plus 6 more processes waiting for tasks…

executor >  slurm (64)
[52/6a699d] res…AW (evoC-Bap1-mut-F, L002) | 4 of 4 ✔
[5b/a1da4a] res…DE (evoC-Bap1-mut-F, L002) | 4 of 4 ✔
[-        ] resolve_align:FASTQC_RESOLVED  -
[21/fd657d] res…M2 (evoC-Bap1-mut-M, L002) | 3 of 4, retries: 1
[-        ] res…align:SAMTOOLS_MERGE_LANES -
[-        ] resolve_align:PRESEQ           -
[ac/7d609d] bam…t:BAMLET (evoC-Bap1-mut-M) | 3 of 3
[05/85cf31] bam…AP_BAMQC (evoC-Bap1-mut-M) | 1 of 3
[82/e42d6d] bam…TSS_BIAS (evoC-Bap1-mut-M) | 2 of 3
[-        ] bam…:DEEPTOOLS_PLOTFINGERPRINT -
[56/363de8] bam…D_GCBIAS (evoC-Bap1-mut-M) | 2 of 3
[92/edfd1e] bam…ACCURACY (evoC-Bap1-mut-M) | 2 of 3
[ed/4a1b65] var…E_CALLER (evoC-Bap1-mut-M) | 0 of 3
[-        ] var…nt_calling:SPLIT_INTERVALS -
[-        ] var…calling:GENOMICS_DB_IMPORT -
[-        ] variant_calling:GENOTYPE_GVCFS -
[-        ] var…t_calling:MERGE_JOINT_VCFS -
[-        ] variant_calling:ASM            -
[-        ] var…_calling:MERGE_ASM_OUTPUTS -
[2d/fc0906] var…:MUTECT2 (evoC-Bap1-mut-M) | 0 of 3
[c4/3da9b0] mbi…voC-Bap1-mut-M-CG-5-prime) | 3 of 9
[b7/72e945] epi…ZARR (evoC-Bap1-mut-M-CHG) | 1 of 9
[5b/1bbbd1] epi…PORT (evoC-Bap1-ctrl-M_CG) | 0 of 1
[97/39a1b2] epi…2ZARR (evoC-Bap1-mut-M-CG) | 3 of 3
[27/6f130a] epi…XPORT (evoC-Bap1-mut-M_CG) | 2 of 3
[0d/f59684] epi…2ZARR (evoC-Bap1-mut-M-CG) | 3 of 3
[a7/ad4058] epi…XPORT (evoC-Bap1-mut-M_CG) | 2 of 3
Plus 6 more processes waiting for tasks…

executor >  slurm (64)
[52/6a699d] res…AW (evoC-Bap1-mut-F, L002) | 4 of 4 ✔
[5b/a1da4a] res…DE (evoC-Bap1-mut-F, L002) | 4 of 4 ✔
[-        ] resolve_align:FASTQC_RESOLVED  -
[21/fd657d] res…M2 (evoC-Bap1-mut-M, L002) | 3 of 4, retries: 1
[-        ] res…align:SAMTOOLS_MERGE_LANES -
[-        ] resolve_align:PRESEQ           -
[ac/7d609d] bam…t:BAMLET (evoC-Bap1-mut-M) | 3 of 3
[05/85cf31] bam…AP_BAMQC (evoC-Bap1-mut-M) | 1 of 3
[82/e42d6d] bam…TSS_BIAS (evoC-Bap1-mut-M) | 2 of 3
[-        ] bam…:DEEPTOOLS_PLOTFINGERPRINT -
[56/363de8] bam…D_GCBIAS (evoC-Bap1-mut-M) | 2 of 3
[92/edfd1e] bam…ACCURACY (evoC-Bap1-mut-M) | 2 of 3
[ed/4a1b65] var…E_CALLER (evoC-Bap1-mut-M) | 0 of 3
[-        ] var…nt_calling:SPLIT_INTERVALS -
[-        ] var…calling:GENOMICS_DB_IMPORT -
[-        ] variant_calling:GENOTYPE_GVCFS -
[-        ] var…t_calling:MERGE_JOINT_VCFS -
[-        ] variant_calling:ASM            -
[-        ] var…_calling:MERGE_ASM_OUTPUTS -
[2d/fc0906] var…:MUTECT2 (evoC-Bap1-mut-M) | 0 of 3
[c4/3da9b0] mbi…voC-Bap1-mut-M-CG-5-prime) | 3 of 9
[b7/72e945] epi…ZARR (evoC-Bap1-mut-M-CHG) | 1 of 9
[5b/1bbbd1] epi…PORT (evoC-Bap1-ctrl-M_CG) | 0 of 1
[97/39a1b2] epi…2ZARR (evoC-Bap1-mut-M-CG) | 3 of 3
[27/6f130a] epi…XPORT (evoC-Bap1-mut-M_CG) | 2 of 3
[0d/f59684] epi…2ZARR (evoC-Bap1-mut-M-CG) | 3 of 3
[a7/ad4058] epi…XPORT (evoC-Bap1-mut-M_CG) | 2 of 3
Plus 6 more processes waiting for tasks…

executor >  slurm (64)
[52/6a699d] res…AW (evoC-Bap1-mut-F, L002) | 4 of 4 ✔
[5b/a1da4a] res…DE (evoC-Bap1-mut-F, L002) | 4 of 4 ✔
[-        ] resolve_align:FASTQC_RESOLVED  -
[21/fd657d] res…M2 (evoC-Bap1-mut-M, L002) | 3 of 4, retries: 1
[-        ] res…align:SAMTOOLS_MERGE_LANES -
[-        ] resolve_align:PRESEQ           -
[ac/7d609d] bam…t:BAMLET (evoC-Bap1-mut-M) | 3 of 3
[05/85cf31] bam…AP_BAMQC (evoC-Bap1-mut-M) | 1 of 3
[82/e42d6d] bam…TSS_BIAS (evoC-Bap1-mut-M) | 2 of 3
[-        ] bam…:DEEPTOOLS_PLOTFINGERPRINT -
[56/363de8] bam…D_GCBIAS (evoC-Bap1-mut-M) | 2 of 3
[92/edfd1e] bam…ACCURACY (evoC-Bap1-mut-M) | 3 of 3
[ed/4a1b65] var…E_CALLER (evoC-Bap1-mut-M) | 0 of 3
[-        ] var…nt_calling:SPLIT_INTERVALS -
[-        ] var…calling:GENOMICS_DB_IMPORT -
[-        ] variant_calling:GENOTYPE_GVCFS -
[-        ] var…t_calling:MERGE_JOINT_VCFS -
[-        ] variant_calling:ASM            -
[-        ] var…_calling:MERGE_ASM_OUTPUTS -
[2d/fc0906] var…:MUTECT2 (evoC-Bap1-mut-M) | 0 of 3
[c4/3da9b0] mbi…voC-Bap1-mut-M-CG-5-prime) | 3 of 9
[b7/72e945] epi…ZARR (evoC-Bap1-mut-M-CHG) | 1 of 9
[5b/1bbbd1] epi…PORT (evoC-Bap1-ctrl-M_CG) | 0 of 1
[97/39a1b2] epi…2ZARR (evoC-Bap1-mut-M-CG) | 3 of 3
[27/6f130a] epi…XPORT (evoC-Bap1-mut-M_CG) | 2 of 3
[0d/f59684] epi…2ZARR (evoC-Bap1-mut-M-CG) | 3 of 3
[a7/ad4058] epi…XPORT (evoC-Bap1-mut-M_CG) | 2 of 3
Plus 6 more processes waiting for tasks…

executor >  slurm (64)
[52/6a699d] res…AW (evoC-Bap1-mut-F, L002) | 4 of 4 ✔
[5b/a1da4a] res…DE (evoC-Bap1-mut-F, L002) | 4 of 4 ✔
[-        ] resolve_align:FASTQC_RESOLVED  -
[21/fd657d] res…M2 (evoC-Bap1-mut-M, L002) | 3 of 4, retries: 1
[-        ] res…align:SAMTOOLS_MERGE_LANES -
[-        ] resolve_align:PRESEQ           -
[ac/7d609d] bam…t:BAMLET (evoC-Bap1-mut-M) | 3 of 3
[05/85cf31] bam…AP_BAMQC (evoC-Bap1-mut-M) | 1 of 3
[82/e42d6d] bam…TSS_BIAS (evoC-Bap1-mut-M) | 2 of 3
[-        ] bam…:DEEPTOOLS_PLOTFINGERPRINT -
[56/363de8] bam…D_GCBIAS (evoC-Bap1-mut-M) | 2 of 3
[92/edfd1e] bam…ACCURACY (evoC-Bap1-mut-M) | 3 of 3
[ed/4a1b65] var…E_CALLER (evoC-Bap1-mut-M) | 0 of 3
[-        ] var…nt_calling:SPLIT_INTERVALS -
[-        ] var…calling:GENOMICS_DB_IMPORT -
[-        ] variant_calling:GENOTYPE_GVCFS -
[-        ] var…t_calling:MERGE_JOINT_VCFS -
[-        ] variant_calling:ASM            -
[-        ] var…_calling:MERGE_ASM_OUTPUTS -
[2d/fc0906] var…:MUTECT2 (evoC-Bap1-mut-M) | 0 of 3
[cf/6106a3] mbi…C-Bap1-ctrl-F-CHG-5-prime) | 4 of 9
[b7/72e945] epi…ZARR (evoC-Bap1-mut-M-CHG) | 1 of 9
[5b/1bbbd1] epi…PORT (evoC-Bap1-ctrl-M_CG) | 0 of 1
[97/39a1b2] epi…2ZARR (evoC-Bap1-mut-M-CG) | 3 of 3
[27/6f130a] epi…XPORT (evoC-Bap1-mut-M_CG) | 2 of 3
[0d/f59684] epi…2ZARR (evoC-Bap1-mut-M-CG) | 3 of 3
[a7/ad4058] epi…XPORT (evoC-Bap1-mut-M_CG) | 2 of 3
Plus 6 more processes waiting for tasks…

executor >  slurm (64)
[52/6a699d] res…AW (evoC-Bap1-mut-F, L002) | 4 of 4 ✔
[5b/a1da4a] res…DE (evoC-Bap1-mut-F, L002) | 4 of 4 ✔
[-        ] resolve_align:FASTQC_RESOLVED  -
[21/fd657d] res…M2 (evoC-Bap1-mut-M, L002) | 3 of 4, retries: 1
[-        ] res…align:SAMTOOLS_MERGE_LANES -
[-        ] resolve_align:PRESEQ           -
[ac/7d609d] bam…t:BAMLET (evoC-Bap1-mut-M) | 3 of 3
[05/85cf31] bam…AP_BAMQC (evoC-Bap1-mut-M) | 1 of 3
[82/e42d6d] bam…TSS_BIAS (evoC-Bap1-mut-M) | 2 of 3
[-        ] bam…:DEEPTOOLS_PLOTFINGERPRINT -
[56/363de8] bam…D_GCBIAS (evoC-Bap1-mut-M) | 2 of 3
[92/edfd1e] bam…ACCURACY (evoC-Bap1-mut-M) | 3 of 3
[ed/4a1b65] var…E_CALLER (evoC-Bap1-mut-M) | 0 of 3
[-        ] var…nt_calling:SPLIT_INTERVALS -
[-        ] var…calling:GENOMICS_DB_IMPORT -
[-        ] variant_calling:GENOTYPE_GVCFS -
[-        ] var…t_calling:MERGE_JOINT_VCFS -
[-        ] variant_calling:ASM            -
[-        ] var…_calling:MERGE_ASM_OUTPUTS -
[2d/fc0906] var…:MUTECT2 (evoC-Bap1-mut-M) | 0 of 3
[cf/6106a3] mbi…C-Bap1-ctrl-F-CHG-5-prime) | 4 of 9
[b7/72e945] epi…ZARR (evoC-Bap1-mut-M-CHG) | 1 of 9
[5b/1bbbd1] epi…PORT (evoC-Bap1-ctrl-M_CG) | 0 of 1
[97/39a1b2] epi…2ZARR (evoC-Bap1-mut-M-CG) | 3 of 3
[27/6f130a] epi…XPORT (evoC-Bap1-mut-M_CG) | 3 of 3
[0d/f59684] epi…2ZARR (evoC-Bap1-mut-M-CG) | 3 of 3
[a7/ad4058] epi…XPORT (evoC-Bap1-mut-M_CG) | 3 of 3
Plus 6 more processes waiting for tasks…

executor >  slurm (64)
[52/6a699d] res…AW (evoC-Bap1-mut-F, L002) | 4 of 4 ✔
[5b/a1da4a] res…DE (evoC-Bap1-mut-F, L002) | 4 of 4 ✔
[-        ] resolve_align:FASTQC_RESOLVED  -
[21/fd657d] res…M2 (evoC-Bap1-mut-M, L002) | 3 of 4, retries: 1
[-        ] res…align:SAMTOOLS_MERGE_LANES -
[-        ] resolve_align:PRESEQ           -
[ac/7d609d] bam…t:BAMLET (evoC-Bap1-mut-M) | 3 of 3
[05/85cf31] bam…AP_BAMQC (evoC-Bap1-mut-M) | 1 of 3
[82/e42d6d] bam…TSS_BIAS (evoC-Bap1-mut-M) | 2 of 3
[-        ] bam…:DEEPTOOLS_PLOTFINGERPRINT -
[56/363de8] bam…D_GCBIAS (evoC-Bap1-mut-M) | 2 of 3
[92/edfd1e] bam…ACCURACY (evoC-Bap1-mut-M) | 3 of 3
[ed/4a1b65] var…E_CALLER (evoC-Bap1-mut-M) | 0 of 3
[-        ] var…nt_calling:SPLIT_INTERVALS -
[-        ] var…calling:GENOMICS_DB_IMPORT -
[-        ] variant_calling:GENOTYPE_GVCFS -
[-        ] var…t_calling:MERGE_JOINT_VCFS -
[-        ] variant_calling:ASM            -
[-        ] var…_calling:MERGE_ASM_OUTPUTS -
[2d/fc0906] var…:MUTECT2 (evoC-Bap1-mut-M) | 0 of 3
[cf/6106a3] mbi…C-Bap1-ctrl-F-CHG-5-prime) | 4 of 9
[2f/41e811] epi…ARR (evoC-Bap1-ctrl-M-CHG) | 2 of 9
[5b/1bbbd1] epi…PORT (evoC-Bap1-ctrl-M_CG) | 0 of 2
[97/39a1b2] epi…2ZARR (evoC-Bap1-mut-M-CG) | 3 of 3
[27/6f130a] epi…XPORT (evoC-Bap1-mut-M_CG) | 3 of 3
[0d/f59684] epi…2ZARR (evoC-Bap1-mut-M-CG) | 3 of 3
[a7/ad4058] epi…XPORT (evoC-Bap1-mut-M_CG) | 3 of 3
Plus 6 more processes waiting for tasks…

executor >  slurm (65)
[52/6a699d] res…AW (evoC-Bap1-mut-F, L002) | 4 of 4 ✔
[5b/a1da4a] res…DE (evoC-Bap1-mut-F, L002) | 4 of 4 ✔
[-        ] resolve_align:FASTQC_RESOLVED  -
[21/fd657d] res…M2 (evoC-Bap1-mut-M, L002) | 3 of 4, retries: 1
[-        ] res…align:SAMTOOLS_MERGE_LANES -
[-        ] resolve_align:PRESEQ           -
[ac/7d609d] bam…t:BAMLET (evoC-Bap1-mut-M) | 3 of 3
[05/85cf31] bam…AP_BAMQC (evoC-Bap1-mut-M) | 1 of 3
[82/e42d6d] bam…TSS_BIAS (evoC-Bap1-mut-M) | 2 of 3
[-        ] bam…:DEEPTOOLS_PLOTFINGERPRINT -
[56/363de8] bam…D_GCBIAS (evoC-Bap1-mut-M) | 2 of 3
[92/edfd1e] bam…ACCURACY (evoC-Bap1-mut-M) | 3 of 3
[ed/4a1b65] var…E_CALLER (evoC-Bap1-mut-M) | 0 of 3
[-        ] var…nt_calling:SPLIT_INTERVALS -
[-        ] var…calling:GENOMICS_DB_IMPORT -
[-        ] variant_calling:GENOTYPE_GVCFS -
[-        ] var…t_calling:MERGE_JOINT_VCFS -
[-        ] variant_calling:ASM            -
[-        ] var…_calling:MERGE_ASM_OUTPUTS -
[2d/fc0906] var…:MUTECT2 (evoC-Bap1-mut-M) | 0 of 3
[cf/6106a3] mbi…C-Bap1-ctrl-F-CHG-5-prime) | 4 of 9
[2f/41e811] epi…ARR (evoC-Bap1-ctrl-M-CHG) | 2 of 9
[24/6e235b] epi…ORT (evoC-Bap1-ctrl-M_CHG) | 0 of 2
[97/39a1b2] epi…2ZARR (evoC-Bap1-mut-M-CG) | 3 of 3
[27/6f130a] epi…XPORT (evoC-Bap1-mut-M_CG) | 3 of 3
[0d/f59684] epi…2ZARR (evoC-Bap1-mut-M-CG) | 3 of 3
[a7/ad4058] epi…XPORT (evoC-Bap1-mut-M_CG) | 3 of 3
Plus 6 more processes waiting for tasks…

executor >  slurm (65)
[52/6a699d] res…AW (evoC-Bap1-mut-F, L002) | 4 of 4 ✔
[5b/a1da4a] res…DE (evoC-Bap1-mut-F, L002) | 4 of 4 ✔
[-        ] resolve_align:FASTQC_RESOLVED  -
[21/fd657d] res…M2 (evoC-Bap1-mut-M, L002) | 3 of 4, retries: 1
[-        ] res…align:SAMTOOLS_MERGE_LANES -
[-        ] resolve_align:PRESEQ           -
[ac/7d609d] bam…t:BAMLET (evoC-Bap1-mut-M) | 3 of 3
[05/85cf31] bam…AP_BAMQC (evoC-Bap1-mut-M) | 1 of 3
[82/e42d6d] bam…TSS_BIAS (evoC-Bap1-mut-M) | 2 of 3
[-        ] bam…:DEEPTOOLS_PLOTFINGERPRINT -
[56/363de8] bam…D_GCBIAS (evoC-Bap1-mut-M) | 2 of 3
[92/edfd1e] bam…ACCURACY (evoC-Bap1-mut-M) | 3 of 3
[ed/4a1b65] var…E_CALLER (evoC-Bap1-mut-M) | 0 of 3
[-        ] var…nt_calling:SPLIT_INTERVALS -
[-        ] var…calling:GENOMICS_DB_IMPORT -
[-        ] variant_calling:GENOTYPE_GVCFS -
[-        ] var…t_calling:MERGE_JOINT_VCFS -
[-        ] variant_calling:ASM            -
[-        ] var…_calling:MERGE_ASM_OUTPUTS -
[2d/fc0906] var…:MUTECT2 (evoC-Bap1-mut-M) | 0 of 3
[cf/6106a3] mbi…C-Bap1-ctrl-F-CHG-5-prime) | 4 of 9
[2f/41e811] epi…ARR (evoC-Bap1-ctrl-M-CHG) | 2 of 9
[24/6e235b] epi…ORT (evoC-Bap1-ctrl-M_CHG) | 0 of 2
[97/39a1b2] epi…2ZARR (evoC-Bap1-mut-M-CG) | 3 of 3
[27/6f130a] epi…XPORT (evoC-Bap1-mut-M_CG) | 3 of 3
[0d/f59684] epi…2ZARR (evoC-Bap1-mut-M-CG) | 3 of 3
[a7/ad4058] epi…XPORT (evoC-Bap1-mut-M_CG) | 3 of 3
Plus 6 more processes waiting for tasks…

executor >  slurm (65)
[52/6a699d] res…AW (evoC-Bap1-mut-F, L002) | 4 of 4 ✔
[5b/a1da4a] res…DE (evoC-Bap1-mut-F, L002) | 4 of 4 ✔
[-        ] resolve_align:FASTQC_RESOLVED  -
[21/fd657d] res…M2 (evoC-Bap1-mut-M, L002) | 3 of 4, retries: 1
[-        ] res…align:SAMTOOLS_MERGE_LANES -
[-        ] resolve_align:PRESEQ           -
[ac/7d609d] bam…t:BAMLET (evoC-Bap1-mut-M) | 3 of 3
[05/85cf31] bam…AP_BAMQC (evoC-Bap1-mut-M) | 1 of 3
[82/e42d6d] bam…TSS_BIAS (evoC-Bap1-mut-M) | 2 of 3
[-        ] bam…:DEEPTOOLS_PLOTFINGERPRINT -
[56/363de8] bam…D_GCBIAS (evoC-Bap1-mut-M) | 2 of 3
[92/edfd1e] bam…ACCURACY (evoC-Bap1-mut-M) | 3 of 3
[ed/4a1b65] var…E_CALLER (evoC-Bap1-mut-M) | 0 of 3
[-        ] var…nt_calling:SPLIT_INTERVALS -
[-        ] var…calling:GENOMICS_DB_IMPORT -
[-        ] variant_calling:GENOTYPE_GVCFS -
[-        ] var…t_calling:MERGE_JOINT_VCFS -
[-        ] variant_calling:ASM            -
[-        ] var…_calling:MERGE_ASM_OUTPUTS -
[e7/724da4] var…MUTECT2 (evoC-Bap1-ctrl-M) | 1 of 3
[cf/6106a3] mbi…C-Bap1-ctrl-F-CHG-5-prime) | 4 of 9
[2f/41e811] epi…ARR (evoC-Bap1-ctrl-M-CHG) | 2 of 9
[24/6e235b] epi…ORT (evoC-Bap1-ctrl-M_CHG) | 0 of 2
[97/39a1b2] epi…2ZARR (evoC-Bap1-mut-M-CG) | 3 of 3
[27/6f130a] epi…XPORT (evoC-Bap1-mut-M_CG) | 3 of 3
[0d/f59684] epi…2ZARR (evoC-Bap1-mut-M-CG) | 3 of 3
[a7/ad4058] epi…XPORT (evoC-Bap1-mut-M_CG) | 3 of 3
Plus 6 more processes waiting for tasks…

executor >  slurm (65)
[52/6a699d] res…AW (evoC-Bap1-mut-F, L002) | 4 of 4 ✔
[5b/a1da4a] res…DE (evoC-Bap1-mut-F, L002) | 4 of 4 ✔
[-        ] resolve_align:FASTQC_RESOLVED  -
[21/fd657d] res…M2 (evoC-Bap1-mut-M, L002) | 3 of 4, retries: 1
[-        ] res…align:SAMTOOLS_MERGE_LANES -
[-        ] resolve_align:PRESEQ           -
[ac/7d609d] bam…t:BAMLET (evoC-Bap1-mut-M) | 3 of 3
[05/85cf31] bam…AP_BAMQC (evoC-Bap1-mut-M) | 1 of 3
[82/e42d6d] bam…TSS_BIAS (evoC-Bap1-mut-M) | 2 of 3
[-        ] bam…:DEEPTOOLS_PLOTFINGERPRINT -
[56/363de8] bam…D_GCBIAS (evoC-Bap1-mut-M) | 2 of 3
[92/edfd1e] bam…ACCURACY (evoC-Bap1-mut-M) | 3 of 3
[ed/4a1b65] var…E_CALLER (evoC-Bap1-mut-M) | 0 of 3
[-        ] var…nt_calling:SPLIT_INTERVALS -
[-        ] var…calling:GENOMICS_DB_IMPORT -
[-        ] variant_calling:GENOTYPE_GVCFS -
[-        ] var…t_calling:MERGE_JOINT_VCFS -
[-        ] variant_calling:ASM            -
[-        ] var…_calling:MERGE_ASM_OUTPUTS -
[e7/724da4] var…MUTECT2 (evoC-Bap1-ctrl-M) | 1 of 3
[74/dd6351] mbi…C-Bap1-ctrl-F-CHH-5-prime) | 5 of 9
[2f/41e811] epi…ARR (evoC-Bap1-ctrl-M-CHG) | 2 of 9
[24/6e235b] epi…ORT (evoC-Bap1-ctrl-M_CHG) | 0 of 2
[97/39a1b2] epi…2ZARR (evoC-Bap1-mut-M-CG) | 3 of 3
[27/6f130a] epi…XPORT (evoC-Bap1-mut-M_CG) | 3 of 3
[0d/f59684] epi…2ZARR (evoC-Bap1-mut-M-CG) | 3 of 3
[a7/ad4058] epi…XPORT (evoC-Bap1-mut-M_CG) | 3 of 3
Plus 6 more processes waiting for tasks…

executor >  slurm (65)
[52/6a699d] res…AW (evoC-Bap1-mut-F, L002) | 4 of 4 ✔
[5b/a1da4a] res…DE (evoC-Bap1-mut-F, L002) | 4 of 4 ✔
[-        ] resolve_align:FASTQC_RESOLVED  -
[21/fd657d] res…M2 (evoC-Bap1-mut-M, L002) | 3 of 4, retries: 1
[-        ] res…align:SAMTOOLS_MERGE_LANES -
[-        ] resolve_align:PRESEQ           -
[ac/7d609d] bam…t:BAMLET (evoC-Bap1-mut-M) | 3 of 3
[05/85cf31] bam…AP_BAMQC (evoC-Bap1-mut-M) | 1 of 3
[82/e42d6d] bam…TSS_BIAS (evoC-Bap1-mut-M) | 2 of 3
[-        ] bam…:DEEPTOOLS_PLOTFINGERPRINT -
[56/363de8] bam…D_GCBIAS (evoC-Bap1-mut-M) | 2 of 3
[92/edfd1e] bam…ACCURACY (evoC-Bap1-mut-M) | 3 of 3
[ed/4a1b65] var…E_CALLER (evoC-Bap1-mut-M) | 0 of 3
[-        ] var…nt_calling:SPLIT_INTERVALS -
[-        ] var…calling:GENOMICS_DB_IMPORT -
[-        ] variant_calling:GENOTYPE_GVCFS -
[-        ] var…t_calling:MERGE_JOINT_VCFS -
[-        ] variant_calling:ASM            -
[-        ] var…_calling:MERGE_ASM_OUTPUTS -
[e7/724da4] var…MUTECT2 (evoC-Bap1-ctrl-M) | 1 of 3
[74/dd6351] mbi…C-Bap1-ctrl-F-CHH-5-prime) | 5 of 9
[91/07409c] epi…ZARR (evoC-Bap1-ctrl-F-CG) | 3 of 9
[24/6e235b] epi…ORT (evoC-Bap1-ctrl-M_CHG) | 0 of 3
[97/39a1b2] epi…2ZARR (evoC-Bap1-mut-M-CG) | 3 of 3
[27/6f130a] epi…XPORT (evoC-Bap1-mut-M_CG) | 3 of 3
[0d/f59684] epi…2ZARR (evoC-Bap1-mut-M-CG) | 3 of 3
[a7/ad4058] epi…XPORT (evoC-Bap1-mut-M_CG) | 3 of 3
Plus 6 more processes waiting for tasks…

executor >  slurm (66)
[52/6a699d] res…AW (evoC-Bap1-mut-F, L002) | 4 of 4 ✔
[5b/a1da4a] res…DE (evoC-Bap1-mut-F, L002) | 4 of 4 ✔
[-        ] resolve_align:FASTQC_RESOLVED  -
[21/fd657d] res…M2 (evoC-Bap1-mut-M, L002) | 3 of 4, retries: 1
[-        ] res…align:SAMTOOLS_MERGE_LANES -
[-        ] resolve_align:PRESEQ           -
[ac/7d609d] bam…t:BAMLET (evoC-Bap1-mut-M) | 3 of 3
[05/85cf31] bam…AP_BAMQC (evoC-Bap1-mut-M) | 1 of 3
[82/e42d6d] bam…TSS_BIAS (evoC-Bap1-mut-M) | 2 of 3
[-        ] bam…:DEEPTOOLS_PLOTFINGERPRINT -
[56/363de8] bam…D_GCBIAS (evoC-Bap1-mut-M) | 2 of 3
[92/edfd1e] bam…ACCURACY (evoC-Bap1-mut-M) | 3 of 3
[ed/4a1b65] var…E_CALLER (evoC-Bap1-mut-M) | 0 of 3
[-        ] var…nt_calling:SPLIT_INTERVALS -
[-        ] var…calling:GENOMICS_DB_IMPORT -
[-        ] variant_calling:GENOTYPE_GVCFS -
[-        ] var…t_calling:MERGE_JOINT_VCFS -
[-        ] variant_calling:ASM            -
[-        ] var…_calling:MERGE_ASM_OUTPUTS -
[e7/724da4] var…MUTECT2 (evoC-Bap1-ctrl-M) | 1 of 3
[74/dd6351] mbi…C-Bap1-ctrl-F-CHH-5-prime) | 5 of 9
[91/07409c] epi…ZARR (evoC-Bap1-ctrl-F-CG) | 3 of 9
[15/7fa4dd] epi…PORT (evoC-Bap1-ctrl-F_CG) | 0 of 3
[97/39a1b2] epi…2ZARR (evoC-Bap1-mut-M-CG) | 3 of 3
[27/6f130a] epi…XPORT (evoC-Bap1-mut-M_CG) | 3 of 3
[0d/f59684] epi…2ZARR (evoC-Bap1-mut-M-CG) | 3 of 3
[a7/ad4058] epi…XPORT (evoC-Bap1-mut-M_CG) | 3 of 3
Plus 6 more processes waiting for tasks…

executor >  slurm (66)
[52/6a699d] res…AW (evoC-Bap1-mut-F, L002) | 4 of 4 ✔
[5b/a1da4a] res…DE (evoC-Bap1-mut-F, L002) | 4 of 4 ✔
[-        ] resolve_align:FASTQC_RESOLVED  -
[21/fd657d] res…M2 (evoC-Bap1-mut-M, L002) | 3 of 4, retries: 1
[-        ] res…align:SAMTOOLS_MERGE_LANES -
[-        ] resolve_align:PRESEQ           -
[ac/7d609d] bam…t:BAMLET (evoC-Bap1-mut-M) | 3 of 3
[05/85cf31] bam…AP_BAMQC (evoC-Bap1-mut-M) | 1 of 3
[82/e42d6d] bam…TSS_BIAS (evoC-Bap1-mut-M) | 2 of 3
[-        ] bam…:DEEPTOOLS_PLOTFINGERPRINT -
[56/363de8] bam…D_GCBIAS (evoC-Bap1-mut-M) | 2 of 3
[92/edfd1e] bam…ACCURACY (evoC-Bap1-mut-M) | 3 of 3
[ed/4a1b65] var…E_CALLER (evoC-Bap1-mut-M) | 0 of 3
[-        ] var…nt_calling:SPLIT_INTERVALS -
[-        ] var…calling:GENOMICS_DB_IMPORT -
[-        ] variant_calling:GENOTYPE_GVCFS -
[-        ] var…t_calling:MERGE_JOINT_VCFS -
[-        ] variant_calling:ASM            -
[-        ] var…_calling:MERGE_ASM_OUTPUTS -
[e7/724da4] var…MUTECT2 (evoC-Bap1-ctrl-M) | 1 of 3
[74/dd6351] mbi…C-Bap1-ctrl-F-CHH-5-prime) | 5 of 9
[91/07409c] epi…ZARR (evoC-Bap1-ctrl-F-CG) | 3 of 9
[15/7fa4dd] epi…PORT (evoC-Bap1-ctrl-F_CG) | 0 of 3
[97/39a1b2] epi…2ZARR (evoC-Bap1-mut-M-CG) | 3 of 3
[27/6f130a] epi…XPORT (evoC-Bap1-mut-M_CG) | 3 of 3
[0d/f59684] epi…2ZARR (evoC-Bap1-mut-M-CG) | 3 of 3
[a7/ad4058] epi…XPORT (evoC-Bap1-mut-M_CG) | 3 of 3
Plus 6 more processes waiting for tasks…

executor >  slurm (66)
[52/6a699d] res…AW (evoC-Bap1-mut-F, L002) | 4 of 4 ✔
[5b/a1da4a] res…DE (evoC-Bap1-mut-F, L002) | 4 of 4 ✔
[-        ] resolve_align:FASTQC_RESOLVED  -
[21/fd657d] res…M2 (evoC-Bap1-mut-M, L002) | 3 of 4, retries: 1
[-        ] res…align:SAMTOOLS_MERGE_LANES -
[-        ] resolve_align:PRESEQ           -
[ac/7d609d] bam…t:BAMLET (evoC-Bap1-mut-M) | 3 of 3
[0e/1c7525] bam…P_BAMQC (evoC-Bap1-ctrl-F) | 2 of 3
[82/e42d6d] bam…TSS_BIAS (evoC-Bap1-mut-M) | 2 of 3
[-        ] bam…:DEEPTOOLS_PLOTFINGERPRINT -
[56/363de8] bam…D_GCBIAS (evoC-Bap1-mut-M) | 2 of 3
[92/edfd1e] bam…ACCURACY (evoC-Bap1-mut-M) | 3 of 3
[ed/4a1b65] var…E_CALLER (evoC-Bap1-mut-M) | 0 of 3
[-        ] var…nt_calling:SPLIT_INTERVALS -
[-        ] var…calling:GENOMICS_DB_IMPORT -
[-        ] variant_calling:GENOTYPE_GVCFS -
[-        ] var…t_calling:MERGE_JOINT_VCFS -
[-        ] variant_calling:ASM            -
[-        ] var…_calling:MERGE_ASM_OUTPUTS -
[e7/724da4] var…MUTECT2 (evoC-Bap1-ctrl-M) | 1 of 3
[74/dd6351] mbi…C-Bap1-ctrl-F-CHH-5-prime) | 5 of 9
[91/07409c] epi…ZARR (evoC-Bap1-ctrl-F-CG) | 3 of 9
[15/7fa4dd] epi…PORT (evoC-Bap1-ctrl-F_CG) | 0 of 3
[97/39a1b2] epi…2ZARR (evoC-Bap1-mut-M-CG) | 3 of 3
[27/6f130a] epi…XPORT (evoC-Bap1-mut-M_CG) | 3 of 3
[0d/f59684] epi…2ZARR (evoC-Bap1-mut-M-CG) | 3 of 3
[a7/ad4058] epi…XPORT (evoC-Bap1-mut-M_CG) | 3 of 3
Plus 6 more processes waiting for tasks…

executor >  slurm (66)
[52/6a699d] res…AW (evoC-Bap1-mut-F, L002) | 4 of 4 ✔
[5b/a1da4a] res…DE (evoC-Bap1-mut-F, L002) | 4 of 4 ✔
[-        ] resolve_align:FASTQC_RESOLVED  -
[21/fd657d] res…M2 (evoC-Bap1-mut-M, L002) | 3 of 4, retries: 1
[-        ] res…align:SAMTOOLS_MERGE_LANES -
[-        ] resolve_align:PRESEQ           -
[ac/7d609d] bam…t:BAMLET (evoC-Bap1-mut-M) | 3 of 3
[0e/1c7525] bam…P_BAMQC (evoC-Bap1-ctrl-F) | 2 of 3
[82/e42d6d] bam…TSS_BIAS (evoC-Bap1-mut-M) | 3 of 3
[-        ] bam…:DEEPTOOLS_PLOTFINGERPRINT -
[56/363de8] bam…D_GCBIAS (evoC-Bap1-mut-M) | 2 of 3
[92/edfd1e] bam…ACCURACY (evoC-Bap1-mut-M) | 3 of 3
[ed/4a1b65] var…E_CALLER (evoC-Bap1-mut-M) | 0 of 3
[-        ] var…nt_calling:SPLIT_INTERVALS -
[-        ] var…calling:GENOMICS_DB_IMPORT -
[-        ] variant_calling:GENOTYPE_GVCFS -
[-        ] var…t_calling:MERGE_JOINT_VCFS -
[-        ] variant_calling:ASM            -
[-        ] var…_calling:MERGE_ASM_OUTPUTS -
[e7/724da4] var…MUTECT2 (evoC-Bap1-ctrl-M) | 1 of 3
[74/dd6351] mbi…C-Bap1-ctrl-F-CHH-5-prime) | 5 of 9
[91/07409c] epi…ZARR (evoC-Bap1-ctrl-F-CG) | 3 of 9
[15/7fa4dd] epi…PORT (evoC-Bap1-ctrl-F_CG) | 0 of 3
[97/39a1b2] epi…2ZARR (evoC-Bap1-mut-M-CG) | 3 of 3
[27/6f130a] epi…XPORT (evoC-Bap1-mut-M_CG) | 3 of 3
[0d/f59684] epi…2ZARR (evoC-Bap1-mut-M-CG) | 3 of 3
[a7/ad4058] epi…XPORT (evoC-Bap1-mut-M_CG) | 3 of 3
Plus 6 more processes waiting for tasks…

executor >  slurm (66)
[52/6a699d] res…AW (evoC-Bap1-mut-F, L002) | 4 of 4 ✔
[5b/a1da4a] res…DE (evoC-Bap1-mut-F, L002) | 4 of 4 ✔
[-        ] resolve_align:FASTQC_RESOLVED  -
[21/fd657d] res…M2 (evoC-Bap1-mut-M, L002) | 3 of 4, retries: 1
[-        ] res…align:SAMTOOLS_MERGE_LANES -
[-        ] resolve_align:PRESEQ           -
[ac/7d609d] bam…t:BAMLET (evoC-Bap1-mut-M) | 3 of 3
[0e/1c7525] bam…P_BAMQC (evoC-Bap1-ctrl-F) | 2 of 3
[82/e42d6d] bam…TSS_BIAS (evoC-Bap1-mut-M) | 3 of 3
[-        ] bam…:DEEPTOOLS_PLOTFINGERPRINT -
[56/363de8] bam…D_GCBIAS (evoC-Bap1-mut-M) | 2 of 3
[92/edfd1e] bam…ACCURACY (evoC-Bap1-mut-M) | 3 of 3
[ed/4a1b65] var…E_CALLER (evoC-Bap1-mut-M) | 0 of 3
[-        ] var…nt_calling:SPLIT_INTERVALS -
[-        ] var…calling:GENOMICS_DB_IMPORT -
[-        ] variant_calling:GENOTYPE_GVCFS -
[-        ] var…t_calling:MERGE_JOINT_VCFS -
[-        ] variant_calling:ASM            -
[-        ] var…_calling:MERGE_ASM_OUTPUTS -
[e7/724da4] var…MUTECT2 (evoC-Bap1-ctrl-M) | 1 of 3
[cc/87437e] mbi…oC-Bap1-ctrl-F-CG-5-prime) | 6 of 9
[91/07409c] epi…ZARR (evoC-Bap1-ctrl-F-CG) | 3 of 9
[15/7fa4dd] epi…PORT (evoC-Bap1-ctrl-F_CG) | 0 of 3
[97/39a1b2] epi…2ZARR (evoC-Bap1-mut-M-CG) | 3 of 3
[27/6f130a] epi…XPORT (evoC-Bap1-mut-M_CG) | 3 of 3
[0d/f59684] epi…2ZARR (evoC-Bap1-mut-M-CG) | 3 of 3
[a7/ad4058] epi…XPORT (evoC-Bap1-mut-M_CG) | 3 of 3
Plus 6 more processes waiting for tasks…

executor >  slurm (67)
[52/6a699d] res…AW (evoC-Bap1-mut-F, L002) | 4 of 4 ✔
[5b/a1da4a] res…DE (evoC-Bap1-mut-F, L002) | 4 of 4 ✔
[-        ] resolve_align:FASTQC_RESOLVED  -
[01/56f00b] res…M2 (evoC-Bap1-mut-F, L002) | 4 of 4, retries: 1 ✔
[-        ] res…align:SAMTOOLS_MERGE_LANES -
[-        ] resolve_align:PRESEQ           -
[28/806af0] bam…t:BAMLET (evoC-Bap1-mut-F) | 3 of 4
[0e/1c7525] bam…P_BAMQC (evoC-Bap1-ctrl-F) | 2 of 3
[82/e42d6d] bam…TSS_BIAS (evoC-Bap1-mut-M) | 3 of 3
[-        ] bam…:DEEPTOOLS_PLOTFINGERPRINT -
[56/363de8] bam…D_GCBIAS (evoC-Bap1-mut-M) | 2 of 3
[92/edfd1e] bam…ACCURACY (evoC-Bap1-mut-M) | 3 of 3
[ed/4a1b65] var…E_CALLER (evoC-Bap1-mut-M) | 0 of 3
[-        ] var…nt_calling:SPLIT_INTERVALS -
[-        ] var…calling:GENOMICS_DB_IMPORT -
[-        ] variant_calling:GENOTYPE_GVCFS -
[-        ] var…t_calling:MERGE_JOINT_VCFS -
[-        ] variant_calling:ASM            -
[-        ] var…_calling:MERGE_ASM_OUTPUTS -
[e7/724da4] var…MUTECT2 (evoC-Bap1-ctrl-M) | 1 of 3
[cc/87437e] mbi…oC-Bap1-ctrl-F-CG-5-prime) | 6 of 9
[91/07409c] epi…ZARR (evoC-Bap1-ctrl-F-CG) | 3 of 9
[15/7fa4dd] epi…PORT (evoC-Bap1-ctrl-F_CG) | 0 of 3
[97/39a1b2] epi…2ZARR (evoC-Bap1-mut-M-CG) | 3 of 3
[27/6f130a] epi…XPORT (evoC-Bap1-mut-M_CG) | 3 of 3
[0d/f59684] epi…2ZARR (evoC-Bap1-mut-M-CG) | 3 of 3
[a7/ad4058] epi…XPORT (evoC-Bap1-mut-M_CG) | 3 of 3
Plus 6 more processes waiting for tasks…

executor >  slurm (67)
[52/6a699d] res…AW (evoC-Bap1-mut-F, L002) | 4 of 4 ✔
[5b/a1da4a] res…DE (evoC-Bap1-mut-F, L002) | 4 of 4 ✔
[-        ] resolve_align:FASTQC_RESOLVED  -
[01/56f00b] res…M2 (evoC-Bap1-mut-F, L002) | 4 of 4, retries: 1 ✔
[-        ] res…align:SAMTOOLS_MERGE_LANES -
[-        ] resolve_align:PRESEQ           -
[28/806af0] bam…t:BAMLET (evoC-Bap1-mut-F) | 3 of 4
[0e/1c7525] bam…P_BAMQC (evoC-Bap1-ctrl-F) | 2 of 3
[82/e42d6d] bam…TSS_BIAS (evoC-Bap1-mut-M) | 3 of 3
[-        ] bam…:DEEPTOOLS_PLOTFINGERPRINT -
[56/363de8] bam…D_GCBIAS (evoC-Bap1-mut-M) | 2 of 3
[92/edfd1e] bam…ACCURACY (evoC-Bap1-mut-M) | 3 of 3
[ed/4a1b65] var…E_CALLER (evoC-Bap1-mut-M) | 0 of 3
[-        ] var…nt_calling:SPLIT_INTERVALS -
[-        ] var…calling:GENOMICS_DB_IMPORT -
[-        ] variant_calling:GENOTYPE_GVCFS -
[-        ] var…t_calling:MERGE_JOINT_VCFS -
[-        ] variant_calling:ASM            -
[-        ] var…_calling:MERGE_ASM_OUTPUTS -
[e7/724da4] var…MUTECT2 (evoC-Bap1-ctrl-M) | 1 of 3
[cc/87437e] mbi…oC-Bap1-ctrl-F-CG-5-prime) | 6 of 9
[91/07409c] epi…ZARR (evoC-Bap1-ctrl-F-CG) | 3 of 9
[15/7fa4dd] epi…PORT (evoC-Bap1-ctrl-F_CG) | 0 of 3
[97/39a1b2] epi…2ZARR (evoC-Bap1-mut-M-CG) | 3 of 3
[27/6f130a] epi…XPORT (evoC-Bap1-mut-M_CG) | 3 of 3
[0d/f59684] epi…2ZARR (evoC-Bap1-mut-M-CG) | 3 of 3
[a7/ad4058] epi…XPORT (evoC-Bap1-mut-M_CG) | 3 of 3
Plus 6 more processes waiting for tasks…

executor >  slurm (67)
[52/6a699d] res…AW (evoC-Bap1-mut-F, L002) | 4 of 4 ✔
[5b/a1da4a] res…DE (evoC-Bap1-mut-F, L002) | 4 of 4 ✔
[-        ] resolve_align:FASTQC_RESOLVED  -
[01/56f00b] res…M2 (evoC-Bap1-mut-F, L002) | 4 of 4, retries: 1 ✔
[-        ] res…align:SAMTOOLS_MERGE_LANES -
[-        ] resolve_align:PRESEQ           -
[28/806af0] bam…t:BAMLET (evoC-Bap1-mut-F) | 3 of 4
[0e/1c7525] bam…P_BAMQC (evoC-Bap1-ctrl-F) | 2 of 3
[82/e42d6d] bam…TSS_BIAS (evoC-Bap1-mut-M) | 3 of 3
[-        ] bam…:DEEPTOOLS_PLOTFINGERPRINT -
[56/363de8] bam…D_GCBIAS (evoC-Bap1-mut-M) | 3 of 3
[92/edfd1e] bam…ACCURACY (evoC-Bap1-mut-M) | 3 of 3
[ed/4a1b65] var…E_CALLER (evoC-Bap1-mut-M) | 0 of 3
[-        ] var…nt_calling:SPLIT_INTERVALS -
[-        ] var…calling:GENOMICS_DB_IMPORT -
[-        ] variant_calling:GENOTYPE_GVCFS -
[-        ] var…t_calling:MERGE_JOINT_VCFS -
[-        ] variant_calling:ASM            -
[-        ] var…_calling:MERGE_ASM_OUTPUTS -
[e7/724da4] var…MUTECT2 (evoC-Bap1-ctrl-M) | 1 of 3
[cc/87437e] mbi…oC-Bap1-ctrl-F-CG-5-prime) | 6 of 9
[91/07409c] epi…ZARR (evoC-Bap1-ctrl-F-CG) | 3 of 9
[15/7fa4dd] epi…PORT (evoC-Bap1-ctrl-F_CG) | 0 of 3
[97/39a1b2] epi…2ZARR (evoC-Bap1-mut-M-CG) | 3 of 3
[27/6f130a] epi…XPORT (evoC-Bap1-mut-M_CG) | 3 of 3
[0d/f59684] epi…2ZARR (evoC-Bap1-mut-M-CG) | 3 of 3
[a7/ad4058] epi…XPORT (evoC-Bap1-mut-M_CG) | 3 of 3
Plus 6 more processes waiting for tasks…

executor >  slurm (67)
[52/6a699d] res…AW (evoC-Bap1-mut-F, L002) | 4 of 4 ✔
[5b/a1da4a] res…DE (evoC-Bap1-mut-F, L002) | 4 of 4 ✔
[-        ] resolve_align:FASTQC_RESOLVED  -
[01/56f00b] res…M2 (evoC-Bap1-mut-F, L002) | 4 of 4, retries: 1 ✔
[-        ] res…align:SAMTOOLS_MERGE_LANES -
[-        ] resolve_align:PRESEQ           -
[28/806af0] bam…t:BAMLET (evoC-Bap1-mut-F) | 3 of 4
[05/85cf31] bam…AP_BAMQC (evoC-Bap1-mut-M) | 3 of 3
[82/e42d6d] bam…TSS_BIAS (evoC-Bap1-mut-M) | 3 of 3
[-        ] bam…:DEEPTOOLS_PLOTFINGERPRINT -
[56/363de8] bam…D_GCBIAS (evoC-Bap1-mut-M) | 3 of 3
[92/edfd1e] bam…ACCURACY (evoC-Bap1-mut-M) | 3 of 3
[ed/4a1b65] var…E_CALLER (evoC-Bap1-mut-M) | 0 of 3
[-        ] var…nt_calling:SPLIT_INTERVALS -
[-        ] var…calling:GENOMICS_DB_IMPORT -
[-        ] variant_calling:GENOTYPE_GVCFS -
[-        ] var…t_calling:MERGE_JOINT_VCFS -
[-        ] variant_calling:ASM            -
[-        ] var…_calling:MERGE_ASM_OUTPUTS -
[e7/724da4] var…MUTECT2 (evoC-Bap1-ctrl-M) | 1 of 3
[cc/87437e] mbi…oC-Bap1-ctrl-F-CG-5-prime) | 6 of 9
[91/07409c] epi…ZARR (evoC-Bap1-ctrl-F-CG) | 3 of 9
[15/7fa4dd] epi…PORT (evoC-Bap1-ctrl-F_CG) | 0 of 3
[97/39a1b2] epi…2ZARR (evoC-Bap1-mut-M-CG) | 3 of 3
[27/6f130a] epi…XPORT (evoC-Bap1-mut-M_CG) | 3 of 3
[0d/f59684] epi…2ZARR (evoC-Bap1-mut-M-CG) | 3 of 3
[a7/ad4058] epi…XPORT (evoC-Bap1-mut-M_CG) | 3 of 3
Plus 6 more processes waiting for tasks…

executor >  slurm (67)
[52/6a699d] res…AW (evoC-Bap1-mut-F, L002) | 4 of 4 ✔
[5b/a1da4a] res…DE (evoC-Bap1-mut-F, L002) | 4 of 4 ✔
[-        ] resolve_align:FASTQC_RESOLVED  -
[01/56f00b] res…M2 (evoC-Bap1-mut-F, L002) | 4 of 4, retries: 1 ✔
[-        ] res…align:SAMTOOLS_MERGE_LANES -
[-        ] resolve_align:PRESEQ           -
[28/806af0] bam…t:BAMLET (evoC-Bap1-mut-F) | 3 of 4
[05/85cf31] bam…AP_BAMQC (evoC-Bap1-mut-M) | 3 of 3
[82/e42d6d] bam…TSS_BIAS (evoC-Bap1-mut-M) | 3 of 3
[-        ] bam…:DEEPTOOLS_PLOTFINGERPRINT -
[56/363de8] bam…D_GCBIAS (evoC-Bap1-mut-M) | 3 of 3
[92/edfd1e] bam…ACCURACY (evoC-Bap1-mut-M) | 3 of 3
[ed/4a1b65] var…E_CALLER (evoC-Bap1-mut-M) | 0 of 3
[-        ] var…nt_calling:SPLIT_INTERVALS -
[-        ] var…calling:GENOMICS_DB_IMPORT -
[-        ] variant_calling:GENOTYPE_GVCFS -
[-        ] var…t_calling:MERGE_JOINT_VCFS -
[-        ] variant_calling:ASM            -
[-        ] var…_calling:MERGE_ASM_OUTPUTS -
[e7/724da4] var…MUTECT2 (evoC-Bap1-ctrl-M) | 1 of 3
[a3/b7b67b] mbi…oC-Bap1-mut-M-CHG-5-prime) | 7 of 9
[91/07409c] epi…ZARR (evoC-Bap1-ctrl-F-CG) | 3 of 9
[15/7fa4dd] epi…PORT (evoC-Bap1-ctrl-F_CG) | 0 of 3
[97/39a1b2] epi…2ZARR (evoC-Bap1-mut-M-CG) | 3 of 3
[27/6f130a] epi…XPORT (evoC-Bap1-mut-M_CG) | 3 of 3
[0d/f59684] epi…2ZARR (evoC-Bap1-mut-M-CG) | 3 of 3
[a7/ad4058] epi…XPORT (evoC-Bap1-mut-M_CG) | 3 of 3
Plus 6 more processes waiting for tasks…

executor >  slurm (67)
[52/6a699d] res…AW (evoC-Bap1-mut-F, L002) | 4 of 4 ✔
[5b/a1da4a] res…DE (evoC-Bap1-mut-F, L002) | 4 of 4 ✔
[-        ] resolve_align:FASTQC_RESOLVED  -
[01/56f00b] res…M2 (evoC-Bap1-mut-F, L002) | 4 of 4, retries: 1 ✔
[-        ] res…align:SAMTOOLS_MERGE_LANES -
[-        ] resolve_align:PRESEQ           -
[28/806af0] bam…t:BAMLET (evoC-Bap1-mut-F) | 3 of 4
[05/85cf31] bam…AP_BAMQC (evoC-Bap1-mut-M) | 3 of 3
[82/e42d6d] bam…TSS_BIAS (evoC-Bap1-mut-M) | 3 of 3
[-        ] bam…:DEEPTOOLS_PLOTFINGERPRINT -
[56/363de8] bam…D_GCBIAS (evoC-Bap1-mut-M) | 3 of 3
[92/edfd1e] bam…ACCURACY (evoC-Bap1-mut-M) | 3 of 3
[ed/4a1b65] var…E_CALLER (evoC-Bap1-mut-M) | 0 of 3
[-        ] var…nt_calling:SPLIT_INTERVALS -
[-        ] var…calling:GENOMICS_DB_IMPORT -
[-        ] variant_calling:GENOTYPE_GVCFS -
[-        ] var…t_calling:MERGE_JOINT_VCFS -
[-        ] variant_calling:ASM            -
[-        ] var…_calling:MERGE_ASM_OUTPUTS -
[e7/724da4] var…MUTECT2 (evoC-Bap1-ctrl-M) | 1 of 3
[0c/41cec4] mbi…oC-Bap1-mut-M-CHH-5-prime) | 8 of 9
[91/07409c] epi…ZARR (evoC-Bap1-ctrl-F-CG) | 3 of 9
[15/7fa4dd] epi…PORT (evoC-Bap1-ctrl-F_CG) | 0 of 3
[97/39a1b2] epi…2ZARR (evoC-Bap1-mut-M-CG) | 3 of 3
[27/6f130a] epi…XPORT (evoC-Bap1-mut-M_CG) | 3 of 3
[0d/f59684] epi…2ZARR (evoC-Bap1-mut-M-CG) | 3 of 3
[a7/ad4058] epi…XPORT (evoC-Bap1-mut-M_CG) | 3 of 3
Plus 6 more processes waiting for tasks…

executor >  slurm (67)
[52/6a699d] res…AW (evoC-Bap1-mut-F, L002) | 4 of 4 ✔
[5b/a1da4a] res…DE (evoC-Bap1-mut-F, L002) | 4 of 4 ✔
[-        ] resolve_align:FASTQC_RESOLVED  -
[01/56f00b] res…M2 (evoC-Bap1-mut-F, L002) | 4 of 4, retries: 1 ✔
[-        ] res…align:SAMTOOLS_MERGE_LANES -
[-        ] resolve_align:PRESEQ           -
[28/806af0] bam…t:BAMLET (evoC-Bap1-mut-F) | 3 of 4
[05/85cf31] bam…AP_BAMQC (evoC-Bap1-mut-M) | 3 of 3
[82/e42d6d] bam…TSS_BIAS (evoC-Bap1-mut-M) | 3 of 3
[-        ] bam…:DEEPTOOLS_PLOTFINGERPRINT -
[56/363de8] bam…D_GCBIAS (evoC-Bap1-mut-M) | 3 of 3
[92/edfd1e] bam…ACCURACY (evoC-Bap1-mut-M) | 3 of 3
[ed/4a1b65] var…E_CALLER (evoC-Bap1-mut-M) | 0 of 3
[-        ] var…nt_calling:SPLIT_INTERVALS -
[-        ] var…calling:GENOMICS_DB_IMPORT -
[-        ] variant_calling:GENOTYPE_GVCFS -
[-        ] var…t_calling:MERGE_JOINT_VCFS -
[-        ] variant_calling:ASM            -
[-        ] var…_calling:MERGE_ASM_OUTPUTS -
[e7/724da4] var…MUTECT2 (evoC-Bap1-ctrl-M) | 1 of 3
[0c/41cec4] mbi…oC-Bap1-mut-M-CHH-5-prime) | 8 of 9
[77/623791] epi…2ZARR (evoC-Bap1-mut-M-CG) | 4 of 9
[15/7fa4dd] epi…PORT (evoC-Bap1-ctrl-F_CG) | 0 of 4
[97/39a1b2] epi…2ZARR (evoC-Bap1-mut-M-CG) | 3 of 3
[27/6f130a] epi…XPORT (evoC-Bap1-mut-M_CG) | 3 of 3
[0d/f59684] epi…2ZARR (evoC-Bap1-mut-M-CG) | 3 of 3
[a7/ad4058] epi…XPORT (evoC-Bap1-mut-M_CG) | 3 of 3
Plus 6 more processes waiting for tasks…

executor >  slurm (68)
[52/6a699d] res…AW (evoC-Bap1-mut-F, L002) | 4 of 4 ✔
[5b/a1da4a] res…DE (evoC-Bap1-mut-F, L002) | 4 of 4 ✔
[-        ] resolve_align:FASTQC_RESOLVED  -
[01/56f00b] res…M2 (evoC-Bap1-mut-F, L002) | 4 of 4, retries: 1 ✔
[-        ] res…align:SAMTOOLS_MERGE_LANES -
[-        ] resolve_align:PRESEQ           -
[28/806af0] bam…t:BAMLET (evoC-Bap1-mut-F) | 3 of 4
[05/85cf31] bam…AP_BAMQC (evoC-Bap1-mut-M) | 3 of 3
[82/e42d6d] bam…TSS_BIAS (evoC-Bap1-mut-M) | 3 of 3
[-        ] bam…:DEEPTOOLS_PLOTFINGERPRINT -
[56/363de8] bam…D_GCBIAS (evoC-Bap1-mut-M) | 3 of 3
[92/edfd1e] bam…ACCURACY (evoC-Bap1-mut-M) | 3 of 3
[ed/4a1b65] var…E_CALLER (evoC-Bap1-mut-M) | 0 of 3
[-        ] var…nt_calling:SPLIT_INTERVALS -
[-        ] var…calling:GENOMICS_DB_IMPORT -
[-        ] variant_calling:GENOTYPE_GVCFS -
[-        ] var…t_calling:MERGE_JOINT_VCFS -
[-        ] variant_calling:ASM            -
[-        ] var…_calling:MERGE_ASM_OUTPUTS -
[e7/724da4] var…MUTECT2 (evoC-Bap1-ctrl-M) | 1 of 3
[0c/41cec4] mbi…oC-Bap1-mut-M-CHH-5-prime) | 8 of 9
[77/623791] epi…2ZARR (evoC-Bap1-mut-M-CG) | 4 of 9
[c3/6cd586] epi…XPORT (evoC-Bap1-mut-M_CG) | 0 of 4
[97/39a1b2] epi…2ZARR (evoC-Bap1-mut-M-CG) | 3 of 3
[27/6f130a] epi…XPORT (evoC-Bap1-mut-M_CG) | 3 of 3
[0d/f59684] epi…2ZARR (evoC-Bap1-mut-M-CG) | 3 of 3
[a7/ad4058] epi…XPORT (evoC-Bap1-mut-M_CG) | 3 of 3
Plus 6 more processes waiting for tasks…

executor >  slurm (68)
[52/6a699d] res…AW (evoC-Bap1-mut-F, L002) | 4 of 4 ✔
[5b/a1da4a] res…DE (evoC-Bap1-mut-F, L002) | 4 of 4 ✔
[-        ] resolve_align:FASTQC_RESOLVED  -
[01/56f00b] res…M2 (evoC-Bap1-mut-F, L002) | 4 of 4, retries: 1 ✔
[-        ] res…align:SAMTOOLS_MERGE_LANES -
[-        ] resolve_align:PRESEQ           -
[28/806af0] bam…t:BAMLET (evoC-Bap1-mut-F) | 3 of 4
[05/85cf31] bam…AP_BAMQC (evoC-Bap1-mut-M) | 3 of 3
[82/e42d6d] bam…TSS_BIAS (evoC-Bap1-mut-M) | 3 of 3
[-        ] bam…:DEEPTOOLS_PLOTFINGERPRINT -
[56/363de8] bam…D_GCBIAS (evoC-Bap1-mut-M) | 3 of 3
[92/edfd1e] bam…ACCURACY (evoC-Bap1-mut-M) | 3 of 3
[ed/4a1b65] var…E_CALLER (evoC-Bap1-mut-M) | 0 of 3
[-        ] var…nt_calling:SPLIT_INTERVALS -
[-        ] var…calling:GENOMICS_DB_IMPORT -
[-        ] variant_calling:GENOTYPE_GVCFS -
[-        ] var…t_calling:MERGE_JOINT_VCFS -
[-        ] variant_calling:ASM            -
[-        ] var…_calling:MERGE_ASM_OUTPUTS -
[e7/724da4] var…MUTECT2 (evoC-Bap1-ctrl-M) | 1 of 3
[0c/41cec4] mbi…oC-Bap1-mut-M-CHH-5-prime) | 8 of 9
[77/623791] epi…2ZARR (evoC-Bap1-mut-M-CG) | 4 of 9
[c3/6cd586] epi…XPORT (evoC-Bap1-mut-M_CG) | 0 of 4
[97/39a1b2] epi…2ZARR (evoC-Bap1-mut-M-CG) | 3 of 3
[27/6f130a] epi…XPORT (evoC-Bap1-mut-M_CG) | 3 of 3
[0d/f59684] epi…2ZARR (evoC-Bap1-mut-M-CG) | 3 of 3
[a7/ad4058] epi…XPORT (evoC-Bap1-mut-M_CG) | 3 of 3
Plus 6 more processes waiting for tasks…

executor >  slurm (69)
[52/6a699d] res…AW (evoC-Bap1-mut-F, L002) | 4 of 4 ✔
[5b/a1da4a] res…DE (evoC-Bap1-mut-F, L002) | 4 of 4 ✔
[-        ] resolve_align:FASTQC_RESOLVED  -
[01/56f00b] res…M2 (evoC-Bap1-mut-F, L002) | 4 of 4, retries: 1 ✔
[-        ] res…align:SAMTOOLS_MERGE_LANES -
[-        ] resolve_align:PRESEQ           -
[28/806af0] bam…t:BAMLET (evoC-Bap1-mut-F) | 3 of 4
[05/85cf31] bam…AP_BAMQC (evoC-Bap1-mut-M) | 3 of 3
[82/e42d6d] bam…TSS_BIAS (evoC-Bap1-mut-M) | 3 of 3
[-        ] bam…:DEEPTOOLS_PLOTFINGERPRINT -
[56/363de8] bam…D_GCBIAS (evoC-Bap1-mut-M) | 3 of 3
[92/edfd1e] bam…ACCURACY (evoC-Bap1-mut-M) | 3 of 3
[ed/4a1b65] var…E_CALLER (evoC-Bap1-mut-M) | 0 of 3
[-        ] var…nt_calling:SPLIT_INTERVALS -
[-        ] var…calling:GENOMICS_DB_IMPORT -
[-        ] variant_calling:GENOTYPE_GVCFS -
[-        ] var…t_calling:MERGE_JOINT_VCFS -
[-        ] variant_calling:ASM            -
[-        ] var…_calling:MERGE_ASM_OUTPUTS -
[e7/724da4] var…MUTECT2 (evoC-Bap1-ctrl-M) | 1 of 3
[0c/41cec4] mbi…oC-Bap1-mut-M-CHH-5-prime) | 8 of 9
[18/5461a9] epi…ARR (evoC-Bap1-ctrl-F-CHG) | 5 of 9
[5a/a3297c] epi…ORT (evoC-Bap1-ctrl-F_CHG) | 0 of 5
[97/39a1b2] epi…2ZARR (evoC-Bap1-mut-M-CG) | 3 of 3
[27/6f130a] epi…XPORT (evoC-Bap1-mut-M_CG) | 3 of 3
[0d/f59684] epi…2ZARR (evoC-Bap1-mut-M-CG) | 3 of 3
[a7/ad4058] epi…XPORT (evoC-Bap1-mut-M_CG) | 3 of 3
Plus 6 more processes waiting for tasks…

executor >  slurm (69)
[52/6a699d] res…AW (evoC-Bap1-mut-F, L002) | 4 of 4 ✔
[5b/a1da4a] res…DE (evoC-Bap1-mut-F, L002) | 4 of 4 ✔
[-        ] resolve_align:FASTQC_RESOLVED  -
[01/56f00b] res…M2 (evoC-Bap1-mut-F, L002) | 4 of 4, retries: 1 ✔
[-        ] res…align:SAMTOOLS_MERGE_LANES -
[-        ] resolve_align:PRESEQ           -
[28/806af0] bam…t:BAMLET (evoC-Bap1-mut-F) | 3 of 4
[05/85cf31] bam…AP_BAMQC (evoC-Bap1-mut-M) | 3 of 3
[82/e42d6d] bam…TSS_BIAS (evoC-Bap1-mut-M) | 3 of 3
[-        ] bam…:DEEPTOOLS_PLOTFINGERPRINT -
[56/363de8] bam…D_GCBIAS (evoC-Bap1-mut-M) | 3 of 3
[92/edfd1e] bam…ACCURACY (evoC-Bap1-mut-M) | 3 of 3
[ed/4a1b65] var…E_CALLER (evoC-Bap1-mut-M) | 0 of 3
[-        ] var…nt_calling:SPLIT_INTERVALS -
[-        ] var…calling:GENOMICS_DB_IMPORT -
[-        ] variant_calling:GENOTYPE_GVCFS -
[-        ] var…t_calling:MERGE_JOINT_VCFS -
[-        ] variant_calling:ASM            -
[-        ] var…_calling:MERGE_ASM_OUTPUTS -
[e7/724da4] var…MUTECT2 (evoC-Bap1-ctrl-M) | 1 of 3
[0c/41cec4] mbi…oC-Bap1-mut-M-CHH-5-prime) | 8 of 9
[18/5461a9] epi…ARR (evoC-Bap1-ctrl-F-CHG) | 5 of 9
[5a/a3297c] epi…ORT (evoC-Bap1-ctrl-F_CHG) | 0 of 5
[97/39a1b2] epi…2ZARR (evoC-Bap1-mut-M-CG) | 3 of 3
[27/6f130a] epi…XPORT (evoC-Bap1-mut-M_CG) | 3 of 3
[0d/f59684] epi…2ZARR (evoC-Bap1-mut-M-CG) | 3 of 3
[a7/ad4058] epi…XPORT (evoC-Bap1-mut-M_CG) | 3 of 3
Plus 6 more processes waiting for tasks…

executor >  slurm (69)
[52/6a699d] res…AW (evoC-Bap1-mut-F, L002) | 4 of 4 ✔
[5b/a1da4a] res…DE (evoC-Bap1-mut-F, L002) | 4 of 4 ✔
[-        ] resolve_align:FASTQC_RESOLVED  -
[01/56f00b] res…M2 (evoC-Bap1-mut-F, L002) | 4 of 4, retries: 1 ✔
[-        ] res…align:SAMTOOLS_MERGE_LANES -
[-        ] resolve_align:PRESEQ           -
[28/806af0] bam…t:BAMLET (evoC-Bap1-mut-F) | 3 of 4
[05/85cf31] bam…AP_BAMQC (evoC-Bap1-mut-M) | 3 of 3
[82/e42d6d] bam…TSS_BIAS (evoC-Bap1-mut-M) | 3 of 3
[-        ] bam…:DEEPTOOLS_PLOTFINGERPRINT -
[56/363de8] bam…D_GCBIAS (evoC-Bap1-mut-M) | 3 of 3
[92/edfd1e] bam…ACCURACY (evoC-Bap1-mut-M) | 3 of 3
[ed/4a1b65] var…E_CALLER (evoC-Bap1-mut-M) | 0 of 3
[-        ] var…nt_calling:SPLIT_INTERVALS -
[-        ] var…calling:GENOMICS_DB_IMPORT -
[-        ] variant_calling:GENOTYPE_GVCFS -
[-        ] var…t_calling:MERGE_JOINT_VCFS -
[-        ] variant_calling:ASM            -
[-        ] var…_calling:MERGE_ASM_OUTPUTS -
[e7/724da4] var…MUTECT2 (evoC-Bap1-ctrl-M) | 1 of 3
[c4/3da9b0] mbi…voC-Bap1-mut-M-CG-5-prime) | 9 of 9
[18/5461a9] epi…ARR (evoC-Bap1-ctrl-F-CHG) | 5 of 9
[5a/a3297c] epi…ORT (evoC-Bap1-ctrl-F_CHG) | 0 of 5
[97/39a1b2] epi…2ZARR (evoC-Bap1-mut-M-CG) | 3 of 3
[27/6f130a] epi…XPORT (evoC-Bap1-mut-M_CG) | 3 of 3
[0d/f59684] epi…2ZARR (evoC-Bap1-mut-M-CG) | 3 of 3
[a7/ad4058] epi…XPORT (evoC-Bap1-mut-M_CG) | 3 of 3
Plus 6 more processes waiting for tasks…

executor >  slurm (69)
[52/6a699d] res…AW (evoC-Bap1-mut-F, L002) | 4 of 4 ✔
[5b/a1da4a] res…DE (evoC-Bap1-mut-F, L002) | 4 of 4 ✔
[-        ] resolve_align:FASTQC_RESOLVED  -
[01/56f00b] res…M2 (evoC-Bap1-mut-F, L002) | 4 of 4, retries: 1 ✔
[-        ] res…align:SAMTOOLS_MERGE_LANES -
[-        ] resolve_align:PRESEQ           -
[28/806af0] bam…t:BAMLET (evoC-Bap1-mut-F) | 3 of 4
[05/85cf31] bam…AP_BAMQC (evoC-Bap1-mut-M) | 3 of 3
[82/e42d6d] bam…TSS_BIAS (evoC-Bap1-mut-M) | 3 of 3
[-        ] bam…:DEEPTOOLS_PLOTFINGERPRINT -
[56/363de8] bam…D_GCBIAS (evoC-Bap1-mut-M) | 3 of 3
[92/edfd1e] bam…ACCURACY (evoC-Bap1-mut-M) | 3 of 3
[ed/4a1b65] var…E_CALLER (evoC-Bap1-mut-M) | 0 of 3
[-        ] var…nt_calling:SPLIT_INTERVALS -
[-        ] var…calling:GENOMICS_DB_IMPORT -
[-        ] variant_calling:GENOTYPE_GVCFS -
[-        ] var…t_calling:MERGE_JOINT_VCFS -
[-        ] variant_calling:ASM            -
[-        ] var…_calling:MERGE_ASM_OUTPUTS -
[ac/5070aa] var…MUTECT2 (evoC-Bap1-ctrl-F) | 2 of 3
[c4/3da9b0] mbi…voC-Bap1-mut-M-CG-5-prime) | 9 of 9
[18/5461a9] epi…ARR (evoC-Bap1-ctrl-F-CHG) | 5 of 9
[5a/a3297c] epi…ORT (evoC-Bap1-ctrl-F_CHG) | 0 of 5
[97/39a1b2] epi…2ZARR (evoC-Bap1-mut-M-CG) | 3 of 3
[27/6f130a] epi…XPORT (evoC-Bap1-mut-M_CG) | 3 of 3
[0d/f59684] epi…2ZARR (evoC-Bap1-mut-M-CG) | 3 of 3
[a7/ad4058] epi…XPORT (evoC-Bap1-mut-M_CG) | 3 of 3
Plus 6 more processes waiting for tasks…

executor >  slurm (69)
[52/6a699d] res…AW (evoC-Bap1-mut-F, L002) | 4 of 4 ✔
[5b/a1da4a] res…DE (evoC-Bap1-mut-F, L002) | 4 of 4 ✔
[-        ] resolve_align:FASTQC_RESOLVED  -
[01/56f00b] res…M2 (evoC-Bap1-mut-F, L002) | 4 of 4, retries: 1 ✔
[-        ] res…align:SAMTOOLS_MERGE_LANES -
[-        ] resolve_align:PRESEQ           -
[28/806af0] bam…t:BAMLET (evoC-Bap1-mut-F) | 4 of 4 ✔
[05/85cf31] bam…AP_BAMQC (evoC-Bap1-mut-M) | 3 of 4
[82/e42d6d] bam…TSS_BIAS (evoC-Bap1-mut-M) | 3 of 4
[-        ] bam…:DEEPTOOLS_PLOTFINGERPRINT -
[56/363de8] bam…D_GCBIAS (evoC-Bap1-mut-M) | 3 of 4
[92/edfd1e] bam…ACCURACY (evoC-Bap1-mut-M) | 3 of 4
[ed/4a1b65] var…E_CALLER (evoC-Bap1-mut-M) | 0 of 4
[-        ] var…nt_calling:SPLIT_INTERVALS -
[-        ] var…calling:GENOMICS_DB_IMPORT -
[-        ] variant_calling:GENOTYPE_GVCFS -
[-        ] var…t_calling:MERGE_JOINT_VCFS -
[-        ] variant_calling:ASM            -
[-        ] var…_calling:MERGE_ASM_OUTPUTS -
[ac/5070aa] var…MUTECT2 (evoC-Bap1-ctrl-F) | 2 of 4
[c4/3da9b0] mbi…voC-Bap1-mut-M-CG-5-prime) | 9 of 12
[18/5461a9] epi…ARR (evoC-Bap1-ctrl-F-CHG) | 5 of 12
[5a/a3297c] epi…ORT (evoC-Bap1-ctrl-F_CHG) | 0 of 5
[97/39a1b2] epi…2ZARR (evoC-Bap1-mut-M-CG) | 3 of 4
[27/6f130a] epi…XPORT (evoC-Bap1-mut-M_CG) | 3 of 3
[0d/f59684] epi…2ZARR (evoC-Bap1-mut-M-CG) | 3 of 4
[a7/ad4058] epi…XPORT (evoC-Bap1-mut-M_CG) | 3 of 3
Plus 6 more processes waiting for tasks…

executor >  slurm (70)
[52/6a699d] res…AW (evoC-Bap1-mut-F, L002) | 4 of 4 ✔
[5b/a1da4a] res…DE (evoC-Bap1-mut-F, L002) | 4 of 4 ✔
[-        ] resolve_align:FASTQC_RESOLVED  -
[01/56f00b] res…M2 (evoC-Bap1-mut-F, L002) | 4 of 4, retries: 1 ✔
[-        ] res…align:SAMTOOLS_MERGE_LANES -
[-        ] resolve_align:PRESEQ           -
[28/806af0] bam…t:BAMLET (evoC-Bap1-mut-F) | 4 of 4 ✔
[05/85cf31] bam…AP_BAMQC (evoC-Bap1-mut-M) | 3 of 4
[82/e42d6d] bam…TSS_BIAS (evoC-Bap1-mut-M) | 3 of 4
[-        ] bam…:DEEPTOOLS_PLOTFINGERPRINT -
[92/c27283] bam…D_GCBIAS (evoC-Bap1-mut-F) | 3 of 4
[92/edfd1e] bam…ACCURACY (evoC-Bap1-mut-M) | 3 of 4
[ed/4a1b65] var…E_CALLER (evoC-Bap1-mut-M) | 0 of 4
[-        ] var…nt_calling:SPLIT_INTERVALS -
[-        ] var…calling:GENOMICS_DB_IMPORT -
[-        ] variant_calling:GENOTYPE_GVCFS -
[-        ] var…t_calling:MERGE_JOINT_VCFS -
[-        ] variant_calling:ASM            -
[-        ] var…_calling:MERGE_ASM_OUTPUTS -
[ac/5070aa] var…MUTECT2 (evoC-Bap1-ctrl-F) | 2 of 4
[c4/3da9b0] mbi…voC-Bap1-mut-M-CG-5-prime) | 9 of 12
[18/5461a9] epi…ARR (evoC-Bap1-ctrl-F-CHG) | 5 of 12
[5a/a3297c] epi…ORT (evoC-Bap1-ctrl-F_CHG) | 0 of 5
[97/39a1b2] epi…2ZARR (evoC-Bap1-mut-M-CG) | 3 of 4
[27/6f130a] epi…XPORT (evoC-Bap1-mut-M_CG) | 3 of 3
[0d/f59684] epi…2ZARR (evoC-Bap1-mut-M-CG) | 3 of 4
[a7/ad4058] epi…XPORT (evoC-Bap1-mut-M_CG) | 3 of 3
Plus 6 more processes waiting for tasks…

executor >  slurm (71)
[52/6a699d] res…AW (evoC-Bap1-mut-F, L002) | 4 of 4 ✔
[5b/a1da4a] res…DE (evoC-Bap1-mut-F, L002) | 4 of 4 ✔
[-        ] resolve_align:FASTQC_RESOLVED  -
[01/56f00b] res…M2 (evoC-Bap1-mut-F, L002) | 4 of 4, retries: 1 ✔
[-        ] res…align:SAMTOOLS_MERGE_LANES -
[-        ] resolve_align:PRESEQ           -
[28/806af0] bam…t:BAMLET (evoC-Bap1-mut-F) | 4 of 4 ✔
[05/85cf31] bam…AP_BAMQC (evoC-Bap1-mut-M) | 3 of 4
[82/e42d6d] bam…TSS_BIAS (evoC-Bap1-mut-M) | 3 of 4
[-        ] bam…:DEEPTOOLS_PLOTFINGERPRINT -
[92/c27283] bam…D_GCBIAS (evoC-Bap1-mut-F) | 3 of 4
[67/ac31b6] bam…ACCURACY (evoC-Bap1-mut-F) | 3 of 4
[ed/4a1b65] var…E_CALLER (evoC-Bap1-mut-M) | 0 of 4
[-        ] var…nt_calling:SPLIT_INTERVALS -
[-        ] var…calling:GENOMICS_DB_IMPORT -
[-        ] variant_calling:GENOTYPE_GVCFS -
[-        ] var…t_calling:MERGE_JOINT_VCFS -
[-        ] variant_calling:ASM            -
[-        ] var…_calling:MERGE_ASM_OUTPUTS -
[ac/5070aa] var…MUTECT2 (evoC-Bap1-ctrl-F) | 2 of 4
[c4/3da9b0] mbi…voC-Bap1-mut-M-CG-5-prime) | 9 of 12
[18/5461a9] epi…ARR (evoC-Bap1-ctrl-F-CHG) | 5 of 12
[5a/a3297c] epi…ORT (evoC-Bap1-ctrl-F_CHG) | 0 of 5
[97/39a1b2] epi…2ZARR (evoC-Bap1-mut-M-CG) | 3 of 4
[27/6f130a] epi…XPORT (evoC-Bap1-mut-M_CG) | 3 of 3
[0d/f59684] epi…2ZARR (evoC-Bap1-mut-M-CG) | 3 of 4
[a7/ad4058] epi…XPORT (evoC-Bap1-mut-M_CG) | 3 of 3
Plus 6 more processes waiting for tasks…

executor >  slurm (72)
[52/6a699d] res…AW (evoC-Bap1-mut-F, L002) | 4 of 4 ✔
[5b/a1da4a] res…DE (evoC-Bap1-mut-F, L002) | 4 of 4 ✔
[-        ] resolve_align:FASTQC_RESOLVED  -
[01/56f00b] res…M2 (evoC-Bap1-mut-F, L002) | 4 of 4, retries: 1 ✔
[-        ] res…align:SAMTOOLS_MERGE_LANES -
[-        ] resolve_align:PRESEQ           -
[28/806af0] bam…t:BAMLET (evoC-Bap1-mut-F) | 4 of 4 ✔
[05/85cf31] bam…AP_BAMQC (evoC-Bap1-mut-M) | 3 of 4
[82/e42d6d] bam…TSS_BIAS (evoC-Bap1-mut-M) | 3 of 4
[-        ] bam…:DEEPTOOLS_PLOTFINGERPRINT -
[92/c27283] bam…D_GCBIAS (evoC-Bap1-mut-F) | 3 of 4
[67/ac31b6] bam…ACCURACY (evoC-Bap1-mut-F) | 3 of 4
[c7/c4f725] var…E_CALLER (evoC-Bap1-mut-F) | 0 of 4
[-        ] var…nt_calling:SPLIT_INTERVALS -
[-        ] var…calling:GENOMICS_DB_IMPORT -
[-        ] variant_calling:GENOTYPE_GVCFS -
[-        ] var…t_calling:MERGE_JOINT_VCFS -
[-        ] variant_calling:ASM            -
[-        ] var…_calling:MERGE_ASM_OUTPUTS -
[ac/5070aa] var…MUTECT2 (evoC-Bap1-ctrl-F) | 2 of 4
[c4/3da9b0] mbi…voC-Bap1-mut-M-CG-5-prime) | 9 of 12
[18/5461a9] epi…ARR (evoC-Bap1-ctrl-F-CHG) | 5 of 12
[5a/a3297c] epi…ORT (evoC-Bap1-ctrl-F_CHG) | 0 of 5
[97/39a1b2] epi…2ZARR (evoC-Bap1-mut-M-CG) | 3 of 4
[27/6f130a] epi…XPORT (evoC-Bap1-mut-M_CG) | 3 of 3
[0d/f59684] epi…2ZARR (evoC-Bap1-mut-M-CG) | 3 of 4
[a7/ad4058] epi…XPORT (evoC-Bap1-mut-M_CG) | 3 of 3
Plus 6 more processes waiting for tasks…

executor >  slurm (73)
[52/6a699d] res…AW (evoC-Bap1-mut-F, L002) | 4 of 4 ✔
[5b/a1da4a] res…DE (evoC-Bap1-mut-F, L002) | 4 of 4 ✔
[-        ] resolve_align:FASTQC_RESOLVED  -
[01/56f00b] res…M2 (evoC-Bap1-mut-F, L002) | 4 of 4, retries: 1 ✔
[-        ] res…align:SAMTOOLS_MERGE_LANES -
[-        ] resolve_align:PRESEQ           -
[28/806af0] bam…t:BAMLET (evoC-Bap1-mut-F) | 4 of 4 ✔
[05/85cf31] bam…AP_BAMQC (evoC-Bap1-mut-M) | 3 of 4
[82/e42d6d] bam…TSS_BIAS (evoC-Bap1-mut-M) | 3 of 4
[-        ] bam…:DEEPTOOLS_PLOTFINGERPRINT -
[92/c27283] bam…D_GCBIAS (evoC-Bap1-mut-F) | 3 of 4
[67/ac31b6] bam…ACCURACY (evoC-Bap1-mut-F) | 3 of 4
[c7/c4f725] var…E_CALLER (evoC-Bap1-mut-F) | 0 of 4
[-        ] var…nt_calling:SPLIT_INTERVALS -
[-        ] var…calling:GENOMICS_DB_IMPORT -
[-        ] variant_calling:GENOTYPE_GVCFS -
[-        ] var…t_calling:MERGE_JOINT_VCFS -
[-        ] variant_calling:ASM            -
[-        ] var…_calling:MERGE_ASM_OUTPUTS -
[ac/5070aa] var…MUTECT2 (evoC-Bap1-ctrl-F) | 2 of 4
[6b/3dc252] mbi…voC-Bap1-mut-F-CG-5-prime) | 9 of 12
[18/5461a9] epi…ARR (evoC-Bap1-ctrl-F-CHG) | 5 of 12
[5a/a3297c] epi…ORT (evoC-Bap1-ctrl-F_CHG) | 0 of 5
[97/39a1b2] epi…2ZARR (evoC-Bap1-mut-M-CG) | 3 of 4
[27/6f130a] epi…XPORT (evoC-Bap1-mut-M_CG) | 3 of 3
[0d/f59684] epi…2ZARR (evoC-Bap1-mut-M-CG) | 3 of 4
[a7/ad4058] epi…XPORT (evoC-Bap1-mut-M_CG) | 3 of 3
Plus 6 more processes waiting for tasks…

executor >  slurm (75)
[52/6a699d] res…AW (evoC-Bap1-mut-F, L002) | 4 of 4 ✔
[5b/a1da4a] res…DE (evoC-Bap1-mut-F, L002) | 4 of 4 ✔
[-        ] resolve_align:FASTQC_RESOLVED  -
[01/56f00b] res…M2 (evoC-Bap1-mut-F, L002) | 4 of 4, retries: 1 ✔
[-        ] res…align:SAMTOOLS_MERGE_LANES -
[-        ] resolve_align:PRESEQ           -
[28/806af0] bam…t:BAMLET (evoC-Bap1-mut-F) | 4 of 4 ✔
[55/b753e2] bam…AP_BAMQC (evoC-Bap1-mut-F) | 3 of 4
[82/e42d6d] bam…TSS_BIAS (evoC-Bap1-mut-M) | 3 of 4
[-        ] bam…:DEEPTOOLS_PLOTFINGERPRINT -
[92/c27283] bam…D_GCBIAS (evoC-Bap1-mut-F) | 3 of 4
[67/ac31b6] bam…ACCURACY (evoC-Bap1-mut-F) | 3 of 4
[c7/c4f725] var…E_CALLER (evoC-Bap1-mut-F) | 0 of 4
[-        ] var…nt_calling:SPLIT_INTERVALS -
[-        ] var…calling:GENOMICS_DB_IMPORT -
[-        ] variant_calling:GENOTYPE_GVCFS -
[-        ] var…t_calling:MERGE_JOINT_VCFS -
[-        ] variant_calling:ASM            -
[-        ] var…_calling:MERGE_ASM_OUTPUTS -
[ac/5070aa] var…MUTECT2 (evoC-Bap1-ctrl-F) | 2 of 4
[11/7768fe] mbi…oC-Bap1-mut-F-CHH-5-prime) | 9 of 12
[18/5461a9] epi…ARR (evoC-Bap1-ctrl-F-CHG) | 5 of 12
[5a/a3297c] epi…ORT (evoC-Bap1-ctrl-F_CHG) | 0 of 5
[97/39a1b2] epi…2ZARR (evoC-Bap1-mut-M-CG) | 3 of 4
[27/6f130a] epi…XPORT (evoC-Bap1-mut-M_CG) | 3 of 3
[0d/f59684] epi…2ZARR (evoC-Bap1-mut-M-CG) | 3 of 4
[a7/ad4058] epi…XPORT (evoC-Bap1-mut-M_CG) | 3 of 3
Plus 6 more processes waiting for tasks…

executor >  slurm (76)
[52/6a699d] res…AW (evoC-Bap1-mut-F, L002) | 4 of 4 ✔
[5b/a1da4a] res…DE (evoC-Bap1-mut-F, L002) | 4 of 4 ✔
[-        ] resolve_align:FASTQC_RESOLVED  -
[01/56f00b] res…M2 (evoC-Bap1-mut-F, L002) | 4 of 4, retries: 1 ✔
[-        ] res…align:SAMTOOLS_MERGE_LANES -
[-        ] resolve_align:PRESEQ           -
[28/806af0] bam…t:BAMLET (evoC-Bap1-mut-F) | 4 of 4 ✔
[55/b753e2] bam…AP_BAMQC (evoC-Bap1-mut-F) | 3 of 4
[55/f0bd54] bam…TSS_BIAS (evoC-Bap1-mut-F) | 3 of 4
[-        ] bam…:DEEPTOOLS_PLOTFINGERPRINT -
[92/c27283] bam…D_GCBIAS (evoC-Bap1-mut-F) | 3 of 4
[67/ac31b6] bam…ACCURACY (evoC-Bap1-mut-F) | 3 of 4
[c7/c4f725] var…E_CALLER (evoC-Bap1-mut-F) | 0 of 4
[-        ] var…nt_calling:SPLIT_INTERVALS -
[-        ] var…calling:GENOMICS_DB_IMPORT -
[-        ] variant_calling:GENOTYPE_GVCFS -
[-        ] var…t_calling:MERGE_JOINT_VCFS -
[-        ] variant_calling:ASM            -
[-        ] var…_calling:MERGE_ASM_OUTPUTS -
[ac/5070aa] var…MUTECT2 (evoC-Bap1-ctrl-F) | 2 of 4
[11/7768fe] mbi…oC-Bap1-mut-F-CHH-5-prime) | 9 of 12
[18/5461a9] epi…ARR (evoC-Bap1-ctrl-F-CHG) | 5 of 12
[5a/a3297c] epi…ORT (evoC-Bap1-ctrl-F_CHG) | 0 of 5
[97/39a1b2] epi…2ZARR (evoC-Bap1-mut-M-CG) | 3 of 4
[27/6f130a] epi…XPORT (evoC-Bap1-mut-M_CG) | 3 of 3
[0d/f59684] epi…2ZARR (evoC-Bap1-mut-M-CG) | 3 of 4
[a7/ad4058] epi…XPORT (evoC-Bap1-mut-M_CG) | 3 of 3
Plus 6 more processes waiting for tasks…

executor >  slurm (77)
[52/6a699d] res…AW (evoC-Bap1-mut-F, L002) | 4 of 4 ✔
[5b/a1da4a] res…DE (evoC-Bap1-mut-F, L002) | 4 of 4 ✔
[-        ] resolve_align:FASTQC_RESOLVED  -
[01/56f00b] res…M2 (evoC-Bap1-mut-F, L002) | 4 of 4, retries: 1 ✔
[-        ] res…align:SAMTOOLS_MERGE_LANES -
[-        ] resolve_align:PRESEQ           -
[28/806af0] bam…t:BAMLET (evoC-Bap1-mut-F) | 4 of 4 ✔
[55/b753e2] bam…AP_BAMQC (evoC-Bap1-mut-F) | 3 of 4
[55/f0bd54] bam…TSS_BIAS (evoC-Bap1-mut-F) | 3 of 4
[-        ] bam…:DEEPTOOLS_PLOTFINGERPRINT -
[92/c27283] bam…D_GCBIAS (evoC-Bap1-mut-F) | 3 of 4
[67/ac31b6] bam…ACCURACY (evoC-Bap1-mut-F) | 3 of 4
[c7/c4f725] var…E_CALLER (evoC-Bap1-mut-F) | 0 of 4
[-        ] var…nt_calling:SPLIT_INTERVALS -
[-        ] var…calling:GENOMICS_DB_IMPORT -
[-        ] variant_calling:GENOTYPE_GVCFS -
[-        ] var…t_calling:MERGE_JOINT_VCFS -
[-        ] variant_calling:ASM            -
[-        ] var…_calling:MERGE_ASM_OUTPUTS -
[b1/95fc6d] var…:MUTECT2 (evoC-Bap1-mut-F) | 2 of 4
[11/7768fe] mbi…oC-Bap1-mut-F-CHH-5-prime) | 9 of 12
[18/5461a9] epi…ARR (evoC-Bap1-ctrl-F-CHG) | 5 of 12
[5a/a3297c] epi…ORT (evoC-Bap1-ctrl-F_CHG) | 0 of 5
[97/39a1b2] epi…2ZARR (evoC-Bap1-mut-M-CG) | 3 of 4
[27/6f130a] epi…XPORT (evoC-Bap1-mut-M_CG) | 3 of 3
[0d/f59684] epi…2ZARR (evoC-Bap1-mut-M-CG) | 3 of 4
[a7/ad4058] epi…XPORT (evoC-Bap1-mut-M_CG) | 3 of 3
Plus 6 more processes waiting for tasks…

executor >  slurm (79)
[52/6a699d] res…AW (evoC-Bap1-mut-F, L002) | 4 of 4 ✔
[5b/a1da4a] res…DE (evoC-Bap1-mut-F, L002) | 4 of 4 ✔
[-        ] resolve_align:FASTQC_RESOLVED  -
[01/56f00b] res…M2 (evoC-Bap1-mut-F, L002) | 4 of 4, retries: 1 ✔
[-        ] res…align:SAMTOOLS_MERGE_LANES -
[-        ] resolve_align:PRESEQ           -
[28/806af0] bam…t:BAMLET (evoC-Bap1-mut-F) | 4 of 4 ✔
[55/b753e2] bam…AP_BAMQC (evoC-Bap1-mut-F) | 3 of 4
[55/f0bd54] bam…TSS_BIAS (evoC-Bap1-mut-F) | 3 of 4
[-        ] bam…:DEEPTOOLS_PLOTFINGERPRINT -
[92/c27283] bam…D_GCBIAS (evoC-Bap1-mut-F) | 3 of 4
[67/ac31b6] bam…ACCURACY (evoC-Bap1-mut-F) | 3 of 4
[c7/c4f725] var…E_CALLER (evoC-Bap1-mut-F) | 0 of 4
[-        ] var…nt_calling:SPLIT_INTERVALS -
[-        ] var…calling:GENOMICS_DB_IMPORT -
[-        ] variant_calling:GENOTYPE_GVCFS -
[-        ] var…t_calling:MERGE_JOINT_VCFS -
[-        ] variant_calling:ASM            -
[-        ] var…_calling:MERGE_ASM_OUTPUTS -
[b1/95fc6d] var…:MUTECT2 (evoC-Bap1-mut-F) | 2 of 4
[ab/95c7dc] mbi…oC-Bap1-mut-F-CHG-5-prime) | 9 of 12
[f1/386181] epi…2ZARR (evoC-Bap1-mut-F-CG) | 5 of 12
[5a/a3297c] epi…ORT (evoC-Bap1-ctrl-F_CHG) | 0 of 5
[97/39a1b2] epi…2ZARR (evoC-Bap1-mut-M-CG) | 3 of 4
[27/6f130a] epi…XPORT (evoC-Bap1-mut-M_CG) | 3 of 3
[0d/f59684] epi…2ZARR (evoC-Bap1-mut-M-CG) | 3 of 4
[a7/ad4058] epi…XPORT (evoC-Bap1-mut-M_CG) | 3 of 3
Plus 6 more processes waiting for tasks…

executor >  slurm (80)
[52/6a699d] res…AW (evoC-Bap1-mut-F, L002) | 4 of 4 ✔
[5b/a1da4a] res…DE (evoC-Bap1-mut-F, L002) | 4 of 4 ✔
[-        ] resolve_align:FASTQC_RESOLVED  -
[01/56f00b] res…M2 (evoC-Bap1-mut-F, L002) | 4 of 4, retries: 1 ✔
[-        ] res…align:SAMTOOLS_MERGE_LANES -
[-        ] resolve_align:PRESEQ           -
[28/806af0] bam…t:BAMLET (evoC-Bap1-mut-F) | 4 of 4 ✔
[55/b753e2] bam…AP_BAMQC (evoC-Bap1-mut-F) | 3 of 4
[55/f0bd54] bam…TSS_BIAS (evoC-Bap1-mut-F) | 3 of 4
[-        ] bam…:DEEPTOOLS_PLOTFINGERPRINT -
[92/c27283] bam…D_GCBIAS (evoC-Bap1-mut-F) | 3 of 4
[67/ac31b6] bam…ACCURACY (evoC-Bap1-mut-F) | 3 of 4
[c7/c4f725] var…E_CALLER (evoC-Bap1-mut-F) | 0 of 4
[-        ] var…nt_calling:SPLIT_INTERVALS -
[-        ] var…calling:GENOMICS_DB_IMPORT -
[-        ] variant_calling:GENOTYPE_GVCFS -
[-        ] var…t_calling:MERGE_JOINT_VCFS -
[-        ] variant_calling:ASM            -
[-        ] var…_calling:MERGE_ASM_OUTPUTS -
[b1/95fc6d] var…:MUTECT2 (evoC-Bap1-mut-F) | 2 of 4
[ab/95c7dc] mbi…oC-Bap1-mut-F-CHG-5-prime) | 9 of 12
[3c/c3bed6] epi…ZARR (evoC-Bap1-mut-F-CHH) | 5 of 12
[5a/a3297c] epi…ORT (evoC-Bap1-ctrl-F_CHG) | 0 of 5
[97/39a1b2] epi…2ZARR (evoC-Bap1-mut-M-CG) | 3 of 4
[27/6f130a] epi…XPORT (evoC-Bap1-mut-M_CG) | 3 of 3
[0d/f59684] epi…2ZARR (evoC-Bap1-mut-M-CG) | 3 of 4
[a7/ad4058] epi…XPORT (evoC-Bap1-mut-M_CG) | 3 of 3
Plus 6 more processes waiting for tasks…

executor >  slurm (82)
[52/6a699d] res…AW (evoC-Bap1-mut-F, L002) | 4 of 4 ✔
[5b/a1da4a] res…DE (evoC-Bap1-mut-F, L002) | 4 of 4 ✔
[-        ] resolve_align:FASTQC_RESOLVED  -
[01/56f00b] res…M2 (evoC-Bap1-mut-F, L002) | 4 of 4, retries: 1 ✔
[-        ] res…align:SAMTOOLS_MERGE_LANES -
[-        ] resolve_align:PRESEQ           -
[28/806af0] bam…t:BAMLET (evoC-Bap1-mut-F) | 4 of 4 ✔
[55/b753e2] bam…AP_BAMQC (evoC-Bap1-mut-F) | 3 of 4
[55/f0bd54] bam…TSS_BIAS (evoC-Bap1-mut-F) | 3 of 4
[-        ] bam…:DEEPTOOLS_PLOTFINGERPRINT -
[92/c27283] bam…D_GCBIAS (evoC-Bap1-mut-F) | 3 of 4
[67/ac31b6] bam…ACCURACY (evoC-Bap1-mut-F) | 3 of 4
[c7/c4f725] var…E_CALLER (evoC-Bap1-mut-F) | 0 of 4
[-        ] var…nt_calling:SPLIT_INTERVALS -
[-        ] var…calling:GENOMICS_DB_IMPORT -
[-        ] variant_calling:GENOTYPE_GVCFS -
[-        ] var…t_calling:MERGE_JOINT_VCFS -
[-        ] variant_calling:ASM            -
[-        ] var…_calling:MERGE_ASM_OUTPUTS -
[b1/95fc6d] var…:MUTECT2 (evoC-Bap1-mut-F) | 2 of 4
[ab/95c7dc] mbi…oC-Bap1-mut-F-CHG-5-prime) | 9 of 12
[40/a97ed8] epi…ZARR (evoC-Bap1-mut-F-CHG) | 5 of 12
[5a/a3297c] epi…ORT (evoC-Bap1-ctrl-F_CHG) | 0 of 5
[36/320bbb] epi…2ZARR (evoC-Bap1-mut-F-CG) | 3 of 4
[27/6f130a] epi…XPORT (evoC-Bap1-mut-M_CG) | 3 of 3
[0d/f59684] epi…2ZARR (evoC-Bap1-mut-M-CG) | 3 of 4
[a7/ad4058] epi…XPORT (evoC-Bap1-mut-M_CG) | 3 of 3
Plus 6 more processes waiting for tasks…

executor >  slurm (83)
[52/6a699d] res…AW (evoC-Bap1-mut-F, L002) | 4 of 4 ✔
[5b/a1da4a] res…DE (evoC-Bap1-mut-F, L002) | 4 of 4 ✔
[-        ] resolve_align:FASTQC_RESOLVED  -
[01/56f00b] res…M2 (evoC-Bap1-mut-F, L002) | 4 of 4, retries: 1 ✔
[-        ] res…align:SAMTOOLS_MERGE_LANES -
[-        ] resolve_align:PRESEQ           -
[28/806af0] bam…t:BAMLET (evoC-Bap1-mut-F) | 4 of 4 ✔
[55/b753e2] bam…AP_BAMQC (evoC-Bap1-mut-F) | 3 of 4
[55/f0bd54] bam…TSS_BIAS (evoC-Bap1-mut-F) | 3 of 4
[-        ] bam…:DEEPTOOLS_PLOTFINGERPRINT -
[92/c27283] bam…D_GCBIAS (evoC-Bap1-mut-F) | 3 of 4
[67/ac31b6] bam…ACCURACY (evoC-Bap1-mut-F) | 3 of 4
[c7/c4f725] var…E_CALLER (evoC-Bap1-mut-F) | 0 of 4
[-        ] var…nt_calling:SPLIT_INTERVALS -
[-        ] var…calling:GENOMICS_DB_IMPORT -
[-        ] variant_calling:GENOTYPE_GVCFS -
[-        ] var…t_calling:MERGE_JOINT_VCFS -
[-        ] variant_calling:ASM            -
[-        ] var…_calling:MERGE_ASM_OUTPUTS -
[b1/95fc6d] var…:MUTECT2 (evoC-Bap1-mut-F) | 2 of 4
[ab/95c7dc] mbi…oC-Bap1-mut-F-CHG-5-prime) | 9 of 12
[40/a97ed8] epi…ZARR (evoC-Bap1-mut-F-CHG) | 5 of 12
[5a/a3297c] epi…ORT (evoC-Bap1-ctrl-F_CHG) | 0 of 5
[36/320bbb] epi…2ZARR (evoC-Bap1-mut-F-CG) | 3 of 4
[27/6f130a] epi…XPORT (evoC-Bap1-mut-M_CG) | 3 of 3
[aa/e30408] epi…2ZARR (evoC-Bap1-mut-F-CG) | 3 of 4
[a7/ad4058] epi…XPORT (evoC-Bap1-mut-M_CG) | 3 of 3
Plus 6 more processes waiting for tasks…

executor >  slurm (83)
[52/6a699d] res…AW (evoC-Bap1-mut-F, L002) | 4 of 4 ✔
[5b/a1da4a] res…DE (evoC-Bap1-mut-F, L002) | 4 of 4 ✔
[-        ] resolve_align:FASTQC_RESOLVED  -
[01/56f00b] res…M2 (evoC-Bap1-mut-F, L002) | 4 of 4, retries: 1 ✔
[-        ] res…align:SAMTOOLS_MERGE_LANES -
[-        ] resolve_align:PRESEQ           -
[28/806af0] bam…t:BAMLET (evoC-Bap1-mut-F) | 4 of 4 ✔
[55/b753e2] bam…AP_BAMQC (evoC-Bap1-mut-F) | 3 of 4
[55/f0bd54] bam…TSS_BIAS (evoC-Bap1-mut-F) | 3 of 4
[-        ] bam…:DEEPTOOLS_PLOTFINGERPRINT -
[92/c27283] bam…D_GCBIAS (evoC-Bap1-mut-F) | 3 of 4
[67/ac31b6] bam…ACCURACY (evoC-Bap1-mut-F) | 3 of 4
[c7/c4f725] var…E_CALLER (evoC-Bap1-mut-F) | 0 of 4
[-        ] var…nt_calling:SPLIT_INTERVALS -
[-        ] var…calling:GENOMICS_DB_IMPORT -
[-        ] variant_calling:GENOTYPE_GVCFS -
[-        ] var…t_calling:MERGE_JOINT_VCFS -
[-        ] variant_calling:ASM            -
[-        ] var…_calling:MERGE_ASM_OUTPUTS -
[b1/95fc6d] var…:MUTECT2 (evoC-Bap1-mut-F) | 2 of 4
[ab/95c7dc] mbi…oC-Bap1-mut-F-CHG-5-prime) | 9 of 12
[40/a97ed8] epi…ZARR (evoC-Bap1-mut-F-CHG) | 5 of 12
[5a/a3297c] epi…ORT (evoC-Bap1-ctrl-F_CHG) | 0 of 5
[36/320bbb] epi…2ZARR (evoC-Bap1-mut-F-CG) | 3 of 4
[27/6f130a] epi…XPORT (evoC-Bap1-mut-M_CG) | 3 of 3
[aa/e30408] epi…2ZARR (evoC-Bap1-mut-F-CG) | 3 of 4
[a7/ad4058] epi…XPORT (evoC-Bap1-mut-M_CG) | 3 of 3
Plus 6 more processes waiting for tasks…

executor >  slurm (83)
[52/6a699d] res…AW (evoC-Bap1-mut-F, L002) | 4 of 4 ✔
[5b/a1da4a] res…DE (evoC-Bap1-mut-F, L002) | 4 of 4 ✔
[-        ] resolve_align:FASTQC_RESOLVED  -
[01/56f00b] res…M2 (evoC-Bap1-mut-F, L002) | 4 of 4, retries: 1 ✔
[-        ] res…align:SAMTOOLS_MERGE_LANES -
[-        ] resolve_align:PRESEQ           -
[28/806af0] bam…t:BAMLET (evoC-Bap1-mut-F) | 4 of 4 ✔
[55/b753e2] bam…AP_BAMQC (evoC-Bap1-mut-F) | 3 of 4
[55/f0bd54] bam…TSS_BIAS (evoC-Bap1-mut-F) | 3 of 4
[-        ] bam…:DEEPTOOLS_PLOTFINGERPRINT -
[92/c27283] bam…D_GCBIAS (evoC-Bap1-mut-F) | 3 of 4
[67/ac31b6] bam…ACCURACY (evoC-Bap1-mut-F) | 3 of 4
[c7/c4f725] var…E_CALLER (evoC-Bap1-mut-F) | 0 of 4
[-        ] var…nt_calling:SPLIT_INTERVALS -
[-        ] var…calling:GENOMICS_DB_IMPORT -
[-        ] variant_calling:GENOTYPE_GVCFS -
[-        ] var…t_calling:MERGE_JOINT_VCFS -
[-        ] variant_calling:ASM            -
[-        ] var…_calling:MERGE_ASM_OUTPUTS -
[b1/95fc6d] var…:MUTECT2 (evoC-Bap1-mut-F) | 2 of 4
[ab/95c7dc] mbi…oC-Bap1-mut-F-CHG-5-prime) | 9 of 12
[40/a97ed8] epi…ZARR (evoC-Bap1-mut-F-CHG) | 5 of 12
[5a/a3297c] epi…ORT (evoC-Bap1-ctrl-F_CHG) | 0 of 5
[36/320bbb] epi…2ZARR (evoC-Bap1-mut-F-CG) | 3 of 4
[27/6f130a] epi…XPORT (evoC-Bap1-mut-M_CG) | 3 of 3
[aa/e30408] epi…2ZARR (evoC-Bap1-mut-F-CG) | 4 of 4 ✔
[a7/ad4058] epi…XPORT (evoC-Bap1-mut-M_CG) | 3 of 3
Plus 6 more processes waiting for tasks…

executor >  slurm (84)
[52/6a699d] res…AW (evoC-Bap1-mut-F, L002) | 4 of 4 ✔
[5b/a1da4a] res…DE (evoC-Bap1-mut-F, L002) | 4 of 4 ✔
[-        ] resolve_align:FASTQC_RESOLVED  -
[01/56f00b] res…M2 (evoC-Bap1-mut-F, L002) | 4 of 4, retries: 1 ✔
[-        ] res…align:SAMTOOLS_MERGE_LANES -
[-        ] resolve_align:PRESEQ           -
[28/806af0] bam…t:BAMLET (evoC-Bap1-mut-F) | 4 of 4 ✔
[55/b753e2] bam…AP_BAMQC (evoC-Bap1-mut-F) | 3 of 4
[55/f0bd54] bam…TSS_BIAS (evoC-Bap1-mut-F) | 3 of 4
[-        ] bam…:DEEPTOOLS_PLOTFINGERPRINT -
[92/c27283] bam…D_GCBIAS (evoC-Bap1-mut-F) | 3 of 4
[67/ac31b6] bam…ACCURACY (evoC-Bap1-mut-F) | 3 of 4
[c7/c4f725] var…E_CALLER (evoC-Bap1-mut-F) | 0 of 4
[-        ] var…nt_calling:SPLIT_INTERVALS -
[-        ] var…calling:GENOMICS_DB_IMPORT -
[-        ] variant_calling:GENOTYPE_GVCFS -
[-        ] var…t_calling:MERGE_JOINT_VCFS -
[-        ] variant_calling:ASM            -
[-        ] var…_calling:MERGE_ASM_OUTPUTS -
[b1/95fc6d] var…:MUTECT2 (evoC-Bap1-mut-F) | 2 of 4
[ab/95c7dc] mbi…oC-Bap1-mut-F-CHG-5-prime) | 9 of 12
[40/a97ed8] epi…ZARR (evoC-Bap1-mut-F-CHG) | 5 of 12
[5a/a3297c] epi…ORT (evoC-Bap1-ctrl-F_CHG) | 0 of 5
[36/320bbb] epi…2ZARR (evoC-Bap1-mut-F-CG) | 4 of 4 ✔
[27/6f130a] epi…XPORT (evoC-Bap1-mut-M_CG) | 3 of 4
[aa/e30408] epi…2ZARR (evoC-Bap1-mut-F-CG) | 4 of 4 ✔
[99/2d9dc3] epi…XPORT (evoC-Bap1-mut-F_CG) | 3 of 4
[-        ] epi…long_ctrl:JOIN_ZARR_STORES | 0 of 1
Plus 5 more processes waiting for tasks…

executor >  slurm (85)
[52/6a699d] res…AW (evoC-Bap1-mut-F, L002) | 4 of 4 ✔
[5b/a1da4a] res…DE (evoC-Bap1-mut-F, L002) | 4 of 4 ✔
[-        ] resolve_align:FASTQC_RESOLVED  -
[01/56f00b] res…M2 (evoC-Bap1-mut-F, L002) | 4 of 4, retries: 1 ✔
[-        ] res…align:SAMTOOLS_MERGE_LANES -
[-        ] resolve_align:PRESEQ           -
[28/806af0] bam…t:BAMLET (evoC-Bap1-mut-F) | 4 of 4 ✔
[55/b753e2] bam…AP_BAMQC (evoC-Bap1-mut-F) | 3 of 4
[55/f0bd54] bam…TSS_BIAS (evoC-Bap1-mut-F) | 3 of 4
[-        ] bam…:DEEPTOOLS_PLOTFINGERPRINT -
[92/c27283] bam…D_GCBIAS (evoC-Bap1-mut-F) | 3 of 4
[67/ac31b6] bam…ACCURACY (evoC-Bap1-mut-F) | 3 of 4
[c7/c4f725] var…E_CALLER (evoC-Bap1-mut-F) | 0 of 4
[-        ] var…nt_calling:SPLIT_INTERVALS -
[-        ] var…calling:GENOMICS_DB_IMPORT -
[-        ] variant_calling:GENOTYPE_GVCFS -
[-        ] var…t_calling:MERGE_JOINT_VCFS -
[-        ] variant_calling:ASM            -
[-        ] var…_calling:MERGE_ASM_OUTPUTS -
[b1/95fc6d] var…:MUTECT2 (evoC-Bap1-mut-F) | 2 of 4
[ab/95c7dc] mbi…oC-Bap1-mut-F-CHG-5-prime) | 9 of 12
[40/a97ed8] epi…ZARR (evoC-Bap1-mut-F-CHG) | 5 of 12
[5a/a3297c] epi…ORT (evoC-Bap1-ctrl-F_CHG) | 0 of 5
[36/320bbb] epi…2ZARR (evoC-Bap1-mut-F-CG) | 4 of 4 ✔
[b5/0a0405] epi…XPORT (evoC-Bap1-mut-F_CG) | 3 of 4
[aa/e30408] epi…2ZARR (evoC-Bap1-mut-F-CG) | 4 of 4 ✔
[99/2d9dc3] epi…XPORT (evoC-Bap1-mut-F_CG) | 3 of 4
[-        ] epi…long_ctrl:JOIN_ZARR_STORES | 0 of 1
Plus 5 more processes waiting for tasks…

executor >  slurm (86)
[52/6a699d] res…AW (evoC-Bap1-mut-F, L002) | 4 of 4 ✔
[5b/a1da4a] res…DE (evoC-Bap1-mut-F, L002) | 4 of 4 ✔
[-        ] resolve_align:FASTQC_RESOLVED  -
[01/56f00b] res…M2 (evoC-Bap1-mut-F, L002) | 4 of 4, retries: 1 ✔
[-        ] res…align:SAMTOOLS_MERGE_LANES -
[-        ] resolve_align:PRESEQ           -
[28/806af0] bam…t:BAMLET (evoC-Bap1-mut-F) | 4 of 4 ✔
[55/b753e2] bam…AP_BAMQC (evoC-Bap1-mut-F) | 3 of 4
[55/f0bd54] bam…TSS_BIAS (evoC-Bap1-mut-F) | 3 of 4
[-        ] bam…:DEEPTOOLS_PLOTFINGERPRINT -
[92/c27283] bam…D_GCBIAS (evoC-Bap1-mut-F) | 3 of 4
[67/ac31b6] bam…ACCURACY (evoC-Bap1-mut-F) | 3 of 4
[c7/c4f725] var…E_CALLER (evoC-Bap1-mut-F) | 0 of 4
[-        ] var…nt_calling:SPLIT_INTERVALS -
[-        ] var…calling:GENOMICS_DB_IMPORT -
[-        ] variant_calling:GENOTYPE_GVCFS -
[-        ] var…t_calling:MERGE_JOINT_VCFS -
[-        ] variant_calling:ASM            -
[-        ] var…_calling:MERGE_ASM_OUTPUTS -
[b1/95fc6d] var…:MUTECT2 (evoC-Bap1-mut-F) | 2 of 4
[ab/95c7dc] mbi…oC-Bap1-mut-F-CHG-5-prime) | 9 of 12
[40/a97ed8] epi…ZARR (evoC-Bap1-mut-F-CHG) | 5 of 12
[5a/a3297c] epi…ORT (evoC-Bap1-ctrl-F_CHG) | 0 of 5
[36/320bbb] epi…2ZARR (evoC-Bap1-mut-F-CG) | 4 of 4 ✔
[b5/0a0405] epi…XPORT (evoC-Bap1-mut-F_CG) | 3 of 4
[aa/e30408] epi…2ZARR (evoC-Bap1-mut-F-CG) | 4 of 4 ✔
[99/2d9dc3] epi…XPORT (evoC-Bap1-mut-F_CG) | 3 of 4
[f1/4b9fbc] epi…voC_Bap1_run-long_ctrl-CG) | 0 of 1
Plus 5 more processes waiting for tasks…

executor >  slurm (86)
[52/6a699d] res…AW (evoC-Bap1-mut-F, L002) | 4 of 4 ✔
[5b/a1da4a] res…DE (evoC-Bap1-mut-F, L002) | 4 of 4 ✔
[-        ] resolve_align:FASTQC_RESOLVED  -
[01/56f00b] res…M2 (evoC-Bap1-mut-F, L002) | 4 of 4, retries: 1 ✔
[-        ] res…align:SAMTOOLS_MERGE_LANES -
[-        ] resolve_align:PRESEQ           -
[28/806af0] bam…t:BAMLET (evoC-Bap1-mut-F) | 4 of 4 ✔
[55/b753e2] bam…AP_BAMQC (evoC-Bap1-mut-F) | 3 of 4
[55/f0bd54] bam…TSS_BIAS (evoC-Bap1-mut-F) | 3 of 4
[-        ] bam…:DEEPTOOLS_PLOTFINGERPRINT -
[92/c27283] bam…D_GCBIAS (evoC-Bap1-mut-F) | 3 of 4
[67/ac31b6] bam…ACCURACY (evoC-Bap1-mut-F) | 4 of 4 ✔
[c7/c4f725] var…E_CALLER (evoC-Bap1-mut-F) | 0 of 4
[-        ] var…nt_calling:SPLIT_INTERVALS -
[-        ] var…calling:GENOMICS_DB_IMPORT -
[-        ] variant_calling:GENOTYPE_GVCFS -
[-        ] var…t_calling:MERGE_JOINT_VCFS -
[-        ] variant_calling:ASM            -
[-        ] var…_calling:MERGE_ASM_OUTPUTS -
[b1/95fc6d] var…:MUTECT2 (evoC-Bap1-mut-F) | 2 of 4
[ab/95c7dc] mbi…oC-Bap1-mut-F-CHG-5-prime) | 9 of 12
[40/a97ed8] epi…ZARR (evoC-Bap1-mut-F-CHG) | 5 of 12
[5a/a3297c] epi…ORT (evoC-Bap1-ctrl-F_CHG) | 0 of 5
[36/320bbb] epi…2ZARR (evoC-Bap1-mut-F-CG) | 4 of 4 ✔
[b5/0a0405] epi…XPORT (evoC-Bap1-mut-F_CG) | 3 of 4
[aa/e30408] epi…2ZARR (evoC-Bap1-mut-F-CG) | 4 of 4 ✔
[99/2d9dc3] epi…XPORT (evoC-Bap1-mut-F_CG) | 3 of 4
[f1/4b9fbc] epi…voC_Bap1_run-long_ctrl-CG) | 0 of 1
Plus 5 more processes waiting for tasks…

executor >  slurm (86)
[52/6a699d] res…AW (evoC-Bap1-mut-F, L002) | 4 of 4 ✔
[5b/a1da4a] res…DE (evoC-Bap1-mut-F, L002) | 4 of 4 ✔
[-        ] resolve_align:FASTQC_RESOLVED  -
[01/56f00b] res…M2 (evoC-Bap1-mut-F, L002) | 4 of 4, retries: 1 ✔
[-        ] res…align:SAMTOOLS_MERGE_LANES -
[-        ] resolve_align:PRESEQ           -
[28/806af0] bam…t:BAMLET (evoC-Bap1-mut-F) | 4 of 4 ✔
[55/b753e2] bam…AP_BAMQC (evoC-Bap1-mut-F) | 3 of 4
[55/f0bd54] bam…TSS_BIAS (evoC-Bap1-mut-F) | 3 of 4
[-        ] bam…:DEEPTOOLS_PLOTFINGERPRINT -
[92/c27283] bam…D_GCBIAS (evoC-Bap1-mut-F) | 3 of 4
[67/ac31b6] bam…ACCURACY (evoC-Bap1-mut-F) | 4 of 4 ✔
[c7/c4f725] var…E_CALLER (evoC-Bap1-mut-F) | 0 of 4
[-        ] var…nt_calling:SPLIT_INTERVALS -
[-        ] var…calling:GENOMICS_DB_IMPORT -
[-        ] variant_calling:GENOTYPE_GVCFS -
[-        ] var…t_calling:MERGE_JOINT_VCFS -
[-        ] variant_calling:ASM            -
[-        ] var…_calling:MERGE_ASM_OUTPUTS -
[b1/95fc6d] var…:MUTECT2 (evoC-Bap1-mut-F) | 2 of 4
[ab/95c7dc] mbi…oC-Bap1-mut-F-CHG-5-prime) | 9 of 12
[40/a97ed8] epi…ZARR (evoC-Bap1-mut-F-CHG) | 5 of 12
[5a/a3297c] epi…ORT (evoC-Bap1-ctrl-F_CHG) | 0 of 5
[36/320bbb] epi…2ZARR (evoC-Bap1-mut-F-CG) | 4 of 4 ✔
[b5/0a0405] epi…XPORT (evoC-Bap1-mut-F_CG) | 3 of 4
[aa/e30408] epi…2ZARR (evoC-Bap1-mut-F-CG) | 4 of 4 ✔
[99/2d9dc3] epi…XPORT (evoC-Bap1-mut-F_CG) | 3 of 4
[f1/4b9fbc] epi…voC_Bap1_run-long_ctrl-CG) | 0 of 1
Plus 5 more processes waiting for tasks…

executor >  slurm (86)
[52/6a699d] res…AW (evoC-Bap1-mut-F, L002) | 4 of 4 ✔
[5b/a1da4a] res…DE (evoC-Bap1-mut-F, L002) | 4 of 4 ✔
[-        ] resolve_align:FASTQC_RESOLVED  -
[01/56f00b] res…M2 (evoC-Bap1-mut-F, L002) | 4 of 4, retries: 1 ✔
[-        ] res…align:SAMTOOLS_MERGE_LANES -
[-        ] resolve_align:PRESEQ           -
[28/806af0] bam…t:BAMLET (evoC-Bap1-mut-F) | 4 of 4 ✔
[55/b753e2] bam…AP_BAMQC (evoC-Bap1-mut-F) | 3 of 4
[55/f0bd54] bam…TSS_BIAS (evoC-Bap1-mut-F) | 3 of 4
[-        ] bam…:DEEPTOOLS_PLOTFINGERPRINT -
[92/c27283] bam…D_GCBIAS (evoC-Bap1-mut-F) | 3 of 4
[67/ac31b6] bam…ACCURACY (evoC-Bap1-mut-F) | 4 of 4 ✔
[c7/c4f725] var…E_CALLER (evoC-Bap1-mut-F) | 0 of 4
[-        ] var…nt_calling:SPLIT_INTERVALS -
[-        ] var…calling:GENOMICS_DB_IMPORT -
[-        ] variant_calling:GENOTYPE_GVCFS -
[-        ] var…t_calling:MERGE_JOINT_VCFS -
[-        ] variant_calling:ASM            -
[-        ] var…_calling:MERGE_ASM_OUTPUTS -
[b1/95fc6d] var…:MUTECT2 (evoC-Bap1-mut-F) | 2 of 4
[ab/95c7dc] mbi…oC-Bap1-mut-F-CHG-5-prime) | 9 of 12
[40/a97ed8] epi…ZARR (evoC-Bap1-mut-F-CHG) | 5 of 12
[5a/a3297c] epi…ORT (evoC-Bap1-ctrl-F_CHG) | 0 of 5
[36/320bbb] epi…2ZARR (evoC-Bap1-mut-F-CG) | 4 of 4 ✔
[b5/0a0405] epi…XPORT (evoC-Bap1-mut-F_CG) | 3 of 4
[aa/e30408] epi…2ZARR (evoC-Bap1-mut-F-CG) | 4 of 4 ✔
[99/2d9dc3] epi…XPORT (evoC-Bap1-mut-F_CG) | 3 of 4
[f1/4b9fbc] epi…voC_Bap1_run-long_ctrl-CG) | 1 of 1 ✔
Plus 5 more processes waiting for tasks…

executor >  slurm (86)
[52/6a699d] res…AW (evoC-Bap1-mut-F, L002) | 4 of 4 ✔
[5b/a1da4a] res…DE (evoC-Bap1-mut-F, L002) | 4 of 4 ✔
[-        ] resolve_align:FASTQC_RESOLVED  -
[01/56f00b] res…M2 (evoC-Bap1-mut-F, L002) | 4 of 4, retries: 1 ✔
[-        ] res…align:SAMTOOLS_MERGE_LANES -
[-        ] resolve_align:PRESEQ           -
[28/806af0] bam…t:BAMLET (evoC-Bap1-mut-F) | 4 of 4 ✔
[55/b753e2] bam…AP_BAMQC (evoC-Bap1-mut-F) | 3 of 4
[55/f0bd54] bam…TSS_BIAS (evoC-Bap1-mut-F) | 3 of 4
[-        ] bam…:DEEPTOOLS_PLOTFINGERPRINT -
[92/c27283] bam…D_GCBIAS (evoC-Bap1-mut-F) | 3 of 4
[67/ac31b6] bam…ACCURACY (evoC-Bap1-mut-F) | 4 of 4 ✔
[c7/c4f725] var…E_CALLER (evoC-Bap1-mut-F) | 0 of 4
[-        ] var…nt_calling:SPLIT_INTERVALS -
[-        ] var…calling:GENOMICS_DB_IMPORT -
[-        ] variant_calling:GENOTYPE_GVCFS -
[-        ] var…t_calling:MERGE_JOINT_VCFS -
[-        ] variant_calling:ASM            -
[-        ] var…_calling:MERGE_ASM_OUTPUTS -
[b1/95fc6d] var…:MUTECT2 (evoC-Bap1-mut-F) | 2 of 4
[ab/95c7dc] mbi…oC-Bap1-mut-F-CHG-5-prime) | 9 of 12
[40/a97ed8] epi…ZARR (evoC-Bap1-mut-F-CHG) | 5 of 12
[5a/a3297c] epi…ORT (evoC-Bap1-ctrl-F_CHG) | 0 of 5
[36/320bbb] epi…2ZARR (evoC-Bap1-mut-F-CG) | 4 of 4 ✔
[b5/0a0405] epi…XPORT (evoC-Bap1-mut-F_CG) | 3 of 4
[aa/e30408] epi…2ZARR (evoC-Bap1-mut-F-CG) | 4 of 4 ✔
[99/2d9dc3] epi…XPORT (evoC-Bap1-mut-F_CG) | 4 of 4 ✔
[f1/4b9fbc] epi…voC_Bap1_run-long_ctrl-CG) | 1 of 1 ✔
Plus 5 more processes waiting for tasks…

executor >  slurm (86)
[52/6a699d] res…AW (evoC-Bap1-mut-F, L002) | 4 of 4 ✔
[5b/a1da4a] res…DE (evoC-Bap1-mut-F, L002) | 4 of 4 ✔
[-        ] resolve_align:FASTQC_RESOLVED  -
[01/56f00b] res…M2 (evoC-Bap1-mut-F, L002) | 4 of 4, retries: 1 ✔
[-        ] res…align:SAMTOOLS_MERGE_LANES -
[-        ] resolve_align:PRESEQ           -
[28/806af0] bam…t:BAMLET (evoC-Bap1-mut-F) | 4 of 4 ✔
[55/b753e2] bam…AP_BAMQC (evoC-Bap1-mut-F) | 3 of 4
[55/f0bd54] bam…TSS_BIAS (evoC-Bap1-mut-F) | 3 of 4
[-        ] bam…:DEEPTOOLS_PLOTFINGERPRINT -
[92/c27283] bam…D_GCBIAS (evoC-Bap1-mut-F) | 3 of 4
[67/ac31b6] bam…ACCURACY (evoC-Bap1-mut-F) | 4 of 4 ✔
[c7/c4f725] var…E_CALLER (evoC-Bap1-mut-F) | 0 of 4
[-        ] var…nt_calling:SPLIT_INTERVALS -
[-        ] var…calling:GENOMICS_DB_IMPORT -
[-        ] variant_calling:GENOTYPE_GVCFS -
[-        ] var…t_calling:MERGE_JOINT_VCFS -
[-        ] variant_calling:ASM            -
[-        ] var…_calling:MERGE_ASM_OUTPUTS -
[b1/95fc6d] var…:MUTECT2 (evoC-Bap1-mut-F) | 2 of 4
[ab/95c7dc] mbi…oC-Bap1-mut-F-CHG-5-prime) | 9 of 12
[40/a97ed8] epi…ZARR (evoC-Bap1-mut-F-CHG) | 5 of 12
[5a/a3297c] epi…ORT (evoC-Bap1-ctrl-F_CHG) | 0 of 5
[36/320bbb] epi…2ZARR (evoC-Bap1-mut-F-CG) | 4 of 4 ✔
[b5/0a0405] epi…XPORT (evoC-Bap1-mut-F_CG) | 4 of 4 ✔
[aa/e30408] epi…2ZARR (evoC-Bap1-mut-F-CG) | 4 of 4 ✔
[99/2d9dc3] epi…XPORT (evoC-Bap1-mut-F_CG) | 4 of 4 ✔
[f1/4b9fbc] epi…voC_Bap1_run-long_ctrl-CG) | 1 of 1 ✔
[-        ] summary:DQSPY                  | 0 of 1
Plus 4 more processes waiting for tasks…

executor >  slurm (87)
[52/6a699d] res…AW (evoC-Bap1-mut-F, L002) | 4 of 4 ✔
[5b/a1da4a] res…DE (evoC-Bap1-mut-F, L002) | 4 of 4 ✔
[-        ] resolve_align:FASTQC_RESOLVED  -
[01/56f00b] res…M2 (evoC-Bap1-mut-F, L002) | 4 of 4, retries: 1 ✔
[-        ] res…align:SAMTOOLS_MERGE_LANES -
[-        ] resolve_align:PRESEQ           -
[28/806af0] bam…t:BAMLET (evoC-Bap1-mut-F) | 4 of 4 ✔
[55/b753e2] bam…AP_BAMQC (evoC-Bap1-mut-F) | 3 of 4
[55/f0bd54] bam…TSS_BIAS (evoC-Bap1-mut-F) | 3 of 4
[-        ] bam…:DEEPTOOLS_PLOTFINGERPRINT -
[92/c27283] bam…D_GCBIAS (evoC-Bap1-mut-F) | 3 of 4
[67/ac31b6] bam…ACCURACY (evoC-Bap1-mut-F) | 4 of 4 ✔
[c7/c4f725] var…E_CALLER (evoC-Bap1-mut-F) | 0 of 4
[-        ] var…nt_calling:SPLIT_INTERVALS -
[-        ] var…calling:GENOMICS_DB_IMPORT -
[-        ] variant_calling:GENOTYPE_GVCFS -
[-        ] var…t_calling:MERGE_JOINT_VCFS -
[-        ] variant_calling:ASM            -
[-        ] var…_calling:MERGE_ASM_OUTPUTS -
[b1/95fc6d] var…:MUTECT2 (evoC-Bap1-mut-F) | 2 of 4
[ab/95c7dc] mbi…oC-Bap1-mut-F-CHG-5-prime) | 9 of 12
[40/a97ed8] epi…ZARR (evoC-Bap1-mut-F-CHG) | 5 of 12
[5a/a3297c] epi…ORT (evoC-Bap1-ctrl-F_CHG) | 0 of 5
[36/320bbb] epi…2ZARR (evoC-Bap1-mut-F-CG) | 4 of 4 ✔
[b5/0a0405] epi…XPORT (evoC-Bap1-mut-F_CG) | 4 of 4 ✔
[aa/e30408] epi…2ZARR (evoC-Bap1-mut-F-CG) | 4 of 4 ✔
[99/2d9dc3] epi…XPORT (evoC-Bap1-mut-F_CG) | 4 of 4 ✔
[f1/4b9fbc] epi…voC_Bap1_run-long_ctrl-CG) | 1 of 1 ✔
[87/3c313b] summary:DQSPY (evoC_Bap1_run)  | 0 of 1
Plus 4 more processes waiting for tasks…

executor >  slurm (87)
[52/6a699d] res…AW (evoC-Bap1-mut-F, L002) | 4 of 4 ✔
[5b/a1da4a] res…DE (evoC-Bap1-mut-F, L002) | 4 of 4 ✔
[-        ] resolve_align:FASTQC_RESOLVED  -
[01/56f00b] res…M2 (evoC-Bap1-mut-F, L002) | 4 of 4, retries: 1 ✔
[-        ] res…align:SAMTOOLS_MERGE_LANES -
[-        ] resolve_align:PRESEQ           -
[28/806af0] bam…t:BAMLET (evoC-Bap1-mut-F) | 4 of 4 ✔
[55/b753e2] bam…AP_BAMQC (evoC-Bap1-mut-F) | 3 of 4
[55/f0bd54] bam…TSS_BIAS (evoC-Bap1-mut-F) | 3 of 4
[-        ] bam…:DEEPTOOLS_PLOTFINGERPRINT -
[92/c27283] bam…D_GCBIAS (evoC-Bap1-mut-F) | 3 of 4
[67/ac31b6] bam…ACCURACY (evoC-Bap1-mut-F) | 4 of 4 ✔
[c7/c4f725] var…E_CALLER (evoC-Bap1-mut-F) | 0 of 4
[-        ] var…nt_calling:SPLIT_INTERVALS -
[-        ] var…calling:GENOMICS_DB_IMPORT -
[-        ] variant_calling:GENOTYPE_GVCFS -
[-        ] var…t_calling:MERGE_JOINT_VCFS -
[-        ] variant_calling:ASM            -
[-        ] var…_calling:MERGE_ASM_OUTPUTS -
[b1/95fc6d] var…:MUTECT2 (evoC-Bap1-mut-F) | 2 of 4
[ab/95c7dc] mbi…oC-Bap1-mut-F-CHG-5-prime) | 9 of 12
[40/a97ed8] epi…ZARR (evoC-Bap1-mut-F-CHG) | 5 of 12
[5a/a3297c] epi…ORT (evoC-Bap1-ctrl-F_CHG) | 0 of 5
[36/320bbb] epi…2ZARR (evoC-Bap1-mut-F-CG) | 4 of 4 ✔
[b5/0a0405] epi…XPORT (evoC-Bap1-mut-F_CG) | 4 of 4 ✔
[aa/e30408] epi…2ZARR (evoC-Bap1-mut-F-CG) | 4 of 4 ✔
[99/2d9dc3] epi…XPORT (evoC-Bap1-mut-F_CG) | 4 of 4 ✔
[f1/4b9fbc] epi…voC_Bap1_run-long_ctrl-CG) | 1 of 1 ✔
[87/3c313b] summary:DQSPY (evoC_Bap1_run)  | 0 of 1
Plus 4 more processes waiting for tasks…

executor >  slurm (87)
[52/6a699d] res…AW (evoC-Bap1-mut-F, L002) | 4 of 4 ✔
[5b/a1da4a] res…DE (evoC-Bap1-mut-F, L002) | 4 of 4 ✔
[-        ] resolve_align:FASTQC_RESOLVED  -
[01/56f00b] res…M2 (evoC-Bap1-mut-F, L002) | 4 of 4, retries: 1 ✔
[-        ] res…align:SAMTOOLS_MERGE_LANES -
[-        ] resolve_align:PRESEQ           -
[28/806af0] bam…t:BAMLET (evoC-Bap1-mut-F) | 4 of 4 ✔
[55/b753e2] bam…AP_BAMQC (evoC-Bap1-mut-F) | 3 of 4
[55/f0bd54] bam…TSS_BIAS (evoC-Bap1-mut-F) | 3 of 4
[-        ] bam…:DEEPTOOLS_PLOTFINGERPRINT -
[92/c27283] bam…D_GCBIAS (evoC-Bap1-mut-F) | 3 of 4
[67/ac31b6] bam…ACCURACY (evoC-Bap1-mut-F) | 4 of 4 ✔
[c7/c4f725] var…E_CALLER (evoC-Bap1-mut-F) | 0 of 4
[-        ] var…nt_calling:SPLIT_INTERVALS -
[-        ] var…calling:GENOMICS_DB_IMPORT -
[-        ] variant_calling:GENOTYPE_GVCFS -
[-        ] var…t_calling:MERGE_JOINT_VCFS -
[-        ] variant_calling:ASM            -
[-        ] var…_calling:MERGE_ASM_OUTPUTS -
[b1/95fc6d] var…:MUTECT2 (evoC-Bap1-mut-F) | 2 of 4
[ab/95c7dc] mbi…oC-Bap1-mut-F-CHG-5-prime) | 9 of 12
[40/a97ed8] epi…ZARR (evoC-Bap1-mut-F-CHG) | 5 of 12
[5a/a3297c] epi…ORT (evoC-Bap1-ctrl-F_CHG) | 0 of 5
[36/320bbb] epi…2ZARR (evoC-Bap1-mut-F-CG) | 4 of 4 ✔
[b5/0a0405] epi…XPORT (evoC-Bap1-mut-F_CG) | 4 of 4 ✔
[aa/e30408] epi…2ZARR (evoC-Bap1-mut-F-CG) | 4 of 4 ✔
[99/2d9dc3] epi…XPORT (evoC-Bap1-mut-F_CG) | 4 of 4 ✔
[f1/4b9fbc] epi…voC_Bap1_run-long_ctrl-CG) | 1 of 1 ✔
[87/3c313b] summary:DQSPY (evoC_Bap1_run)  | 1 of 1 ✔
Plus 4 more processes waiting for tasks…

executor >  slurm (87)
[52/6a699d] res…AW (evoC-Bap1-mut-F, L002) | 4 of 4 ✔
[5b/a1da4a] res…DE (evoC-Bap1-mut-F, L002) | 4 of 4 ✔
[-        ] resolve_align:FASTQC_RESOLVED  -
[01/56f00b] res…M2 (evoC-Bap1-mut-F, L002) | 4 of 4, retries: 1 ✔
[-        ] res…align:SAMTOOLS_MERGE_LANES -
[-        ] resolve_align:PRESEQ           -
[28/806af0] bam…t:BAMLET (evoC-Bap1-mut-F) | 4 of 4 ✔
[55/b753e2] bam…AP_BAMQC (evoC-Bap1-mut-F) | 3 of 4
[55/f0bd54] bam…TSS_BIAS (evoC-Bap1-mut-F) | 3 of 4
[-        ] bam…:DEEPTOOLS_PLOTFINGERPRINT -
[92/c27283] bam…D_GCBIAS (evoC-Bap1-mut-F) | 3 of 4
[67/ac31b6] bam…ACCURACY (evoC-Bap1-mut-F) | 4 of 4 ✔
[c7/c4f725] var…E_CALLER (evoC-Bap1-mut-F) | 0 of 4
[-        ] var…nt_calling:SPLIT_INTERVALS -
[-        ] var…calling:GENOMICS_DB_IMPORT -
[-        ] variant_calling:GENOTYPE_GVCFS -
[-        ] var…t_calling:MERGE_JOINT_VCFS -
[-        ] variant_calling:ASM            -
[-        ] var…_calling:MERGE_ASM_OUTPUTS -
[b1/95fc6d] var…:MUTECT2 (evoC-Bap1-mut-F) | 2 of 4
[ab/95c7dc] mbi…oC-Bap1-mut-F-CHG-5-prime) | 9 of 12
[b7/72e945] epi…ZARR (evoC-Bap1-mut-M-CHG) | 6 of 12
[5a/a3297c] epi…ORT (evoC-Bap1-ctrl-F_CHG) | 0 of 6
[36/320bbb] epi…2ZARR (evoC-Bap1-mut-F-CG) | 4 of 4 ✔
[b5/0a0405] epi…XPORT (evoC-Bap1-mut-F_CG) | 4 of 4 ✔
[aa/e30408] epi…2ZARR (evoC-Bap1-mut-F-CG) | 4 of 4 ✔
[99/2d9dc3] epi…XPORT (evoC-Bap1-mut-F_CG) | 4 of 4 ✔
[f1/4b9fbc] epi…voC_Bap1_run-long_ctrl-CG) | 1 of 1 ✔
[87/3c313b] summary:DQSPY (evoC_Bap1_run)  | 1 of 1 ✔
Plus 4 more processes waiting for tasks…

executor >  slurm (88)
[52/6a699d] res…AW (evoC-Bap1-mut-F, L002) | 4 of 4 ✔
[5b/a1da4a] res…DE (evoC-Bap1-mut-F, L002) | 4 of 4 ✔
[-        ] resolve_align:FASTQC_RESOLVED  -
[01/56f00b] res…M2 (evoC-Bap1-mut-F, L002) | 4 of 4, retries: 1 ✔
[-        ] res…align:SAMTOOLS_MERGE_LANES -
[-        ] resolve_align:PRESEQ           -
[28/806af0] bam…t:BAMLET (evoC-Bap1-mut-F) | 4 of 4 ✔
[55/b753e2] bam…AP_BAMQC (evoC-Bap1-mut-F) | 3 of 4
[55/f0bd54] bam…TSS_BIAS (evoC-Bap1-mut-F) | 3 of 4
[-        ] bam…:DEEPTOOLS_PLOTFINGERPRINT -
[92/c27283] bam…D_GCBIAS (evoC-Bap1-mut-F) | 3 of 4
[67/ac31b6] bam…ACCURACY (evoC-Bap1-mut-F) | 4 of 4 ✔
[c7/c4f725] var…E_CALLER (evoC-Bap1-mut-F) | 0 of 4
[-        ] var…nt_calling:SPLIT_INTERVALS -
[-        ] var…calling:GENOMICS_DB_IMPORT -
[-        ] variant_calling:GENOTYPE_GVCFS -
[-        ] var…t_calling:MERGE_JOINT_VCFS -
[-        ] variant_calling:ASM            -
[-        ] var…_calling:MERGE_ASM_OUTPUTS -
[b1/95fc6d] var…:MUTECT2 (evoC-Bap1-mut-F) | 2 of 4
[ab/95c7dc] mbi…oC-Bap1-mut-F-CHG-5-prime) | 9 of 12
[b7/72e945] epi…ZARR (evoC-Bap1-mut-M-CHG) | 6 of 12
[e3/287b69] epi…PORT (evoC-Bap1-mut-M_CHG) | 0 of 6
[36/320bbb] epi…2ZARR (evoC-Bap1-mut-F-CG) | 4 of 4 ✔
[b5/0a0405] epi…XPORT (evoC-Bap1-mut-F_CG) | 4 of 4 ✔
[aa/e30408] epi…2ZARR (evoC-Bap1-mut-F-CG) | 4 of 4 ✔
[99/2d9dc3] epi…XPORT (evoC-Bap1-mut-F_CG) | 4 of 4 ✔
[f1/4b9fbc] epi…voC_Bap1_run-long_ctrl-CG) | 1 of 1 ✔
[87/3c313b] summary:DQSPY (evoC_Bap1_run)  | 1 of 1 ✔
Plus 4 more processes waiting for tasks…

executor >  slurm (88)
[52/6a699d] res…AW (evoC-Bap1-mut-F, L002) | 4 of 4 ✔
[5b/a1da4a] res…DE (evoC-Bap1-mut-F, L002) | 4 of 4 ✔
[-        ] resolve_align:FASTQC_RESOLVED  -
[01/56f00b] res…M2 (evoC-Bap1-mut-F, L002) | 4 of 4, retries: 1 ✔
[-        ] res…align:SAMTOOLS_MERGE_LANES -
[-        ] resolve_align:PRESEQ           -
[28/806af0] bam…t:BAMLET (evoC-Bap1-mut-F) | 4 of 4 ✔
[55/b753e2] bam…AP_BAMQC (evoC-Bap1-mut-F) | 3 of 4
[55/f0bd54] bam…TSS_BIAS (evoC-Bap1-mut-F) | 3 of 4
[-        ] bam…:DEEPTOOLS_PLOTFINGERPRINT -
[92/c27283] bam…D_GCBIAS (evoC-Bap1-mut-F) | 3 of 4
[67/ac31b6] bam…ACCURACY (evoC-Bap1-mut-F) | 4 of 4 ✔
[c7/c4f725] var…E_CALLER (evoC-Bap1-mut-F) | 0 of 4
[-        ] var…nt_calling:SPLIT_INTERVALS -
[-        ] var…calling:GENOMICS_DB_IMPORT -
[-        ] variant_calling:GENOTYPE_GVCFS -
[-        ] var…t_calling:MERGE_JOINT_VCFS -
[-        ] variant_calling:ASM            -
[-        ] var…_calling:MERGE_ASM_OUTPUTS -
[b1/95fc6d] var…:MUTECT2 (evoC-Bap1-mut-F) | 2 of 4
[ab/95c7dc] mbi…oC-Bap1-mut-F-CHG-5-prime) | 9 of 12
[b7/72e945] epi…ZARR (evoC-Bap1-mut-M-CHG) | 6 of 12
[e3/287b69] epi…PORT (evoC-Bap1-mut-M_CHG) | 0 of 6
[36/320bbb] epi…2ZARR (evoC-Bap1-mut-F-CG) | 4 of 4 ✔
[b5/0a0405] epi…XPORT (evoC-Bap1-mut-F_CG) | 4 of 4 ✔
[aa/e30408] epi…2ZARR (evoC-Bap1-mut-F-CG) | 4 of 4 ✔
[99/2d9dc3] epi…XPORT (evoC-Bap1-mut-F_CG) | 4 of 4 ✔
[f1/4b9fbc] epi…voC_Bap1_run-long_ctrl-CG) | 1 of 1 ✔
[87/3c313b] summary:DQSPY (evoC_Bap1_run)  | 1 of 1 ✔
Plus 4 more processes waiting for tasks…

executor >  slurm (88)
[52/6a699d] res…AW (evoC-Bap1-mut-F, L002) | 4 of 4 ✔
[5b/a1da4a] res…DE (evoC-Bap1-mut-F, L002) | 4 of 4 ✔
[-        ] resolve_align:FASTQC_RESOLVED  -
[01/56f00b] res…M2 (evoC-Bap1-mut-F, L002) | 4 of 4, retries: 1 ✔
[-        ] res…align:SAMTOOLS_MERGE_LANES -
[-        ] resolve_align:PRESEQ           -
[28/806af0] bam…t:BAMLET (evoC-Bap1-mut-F) | 4 of 4 ✔
[55/b753e2] bam…AP_BAMQC (evoC-Bap1-mut-F) | 3 of 4
[55/f0bd54] bam…TSS_BIAS (evoC-Bap1-mut-F) | 3 of 4
[-        ] bam…:DEEPTOOLS_PLOTFINGERPRINT -
[92/c27283] bam…D_GCBIAS (evoC-Bap1-mut-F) | 3 of 4
[67/ac31b6] bam…ACCURACY (evoC-Bap1-mut-F) | 4 of 4 ✔
[c7/c4f725] var…E_CALLER (evoC-Bap1-mut-F) | 0 of 4
[-        ] var…nt_calling:SPLIT_INTERVALS -
[-        ] var…calling:GENOMICS_DB_IMPORT -
[-        ] variant_calling:GENOTYPE_GVCFS -
[-        ] var…t_calling:MERGE_JOINT_VCFS -
[-        ] variant_calling:ASM            -
[-        ] var…_calling:MERGE_ASM_OUTPUTS -
[2d/fc0906] var…:MUTECT2 (evoC-Bap1-mut-M) | 3 of 4
[ab/95c7dc] mbi…oC-Bap1-mut-F-CHG-5-prime) | 9 of 12
[b7/72e945] epi…ZARR (evoC-Bap1-mut-M-CHG) | 6 of 12
[e3/287b69] epi…PORT (evoC-Bap1-mut-M_CHG) | 0 of 6
[36/320bbb] epi…2ZARR (evoC-Bap1-mut-F-CG) | 4 of 4 ✔
[b5/0a0405] epi…XPORT (evoC-Bap1-mut-F_CG) | 4 of 4 ✔
[aa/e30408] epi…2ZARR (evoC-Bap1-mut-F-CG) | 4 of 4 ✔
[99/2d9dc3] epi…XPORT (evoC-Bap1-mut-F_CG) | 4 of 4 ✔
[f1/4b9fbc] epi…voC_Bap1_run-long_ctrl-CG) | 1 of 1 ✔
[87/3c313b] summary:DQSPY (evoC_Bap1_run)  | 1 of 1 ✔
Plus 4 more processes waiting for tasks…

executor >  slurm (88)
[52/6a699d] res…AW (evoC-Bap1-mut-F, L002) | 4 of 4 ✔
[5b/a1da4a] res…DE (evoC-Bap1-mut-F, L002) | 4 of 4 ✔
[-        ] resolve_align:FASTQC_RESOLVED  -
[01/56f00b] res…M2 (evoC-Bap1-mut-F, L002) | 4 of 4, retries: 1 ✔
[-        ] res…align:SAMTOOLS_MERGE_LANES -
[-        ] resolve_align:PRESEQ           -
[28/806af0] bam…t:BAMLET (evoC-Bap1-mut-F) | 4 of 4 ✔
[55/b753e2] bam…AP_BAMQC (evoC-Bap1-mut-F) | 3 of 4
[55/f0bd54] bam…TSS_BIAS (evoC-Bap1-mut-F) | 4 of 4 ✔
[-        ] bam…:DEEPTOOLS_PLOTFINGERPRINT -
[92/c27283] bam…D_GCBIAS (evoC-Bap1-mut-F) | 3 of 4
[67/ac31b6] bam…ACCURACY (evoC-Bap1-mut-F) | 4 of 4 ✔
[c7/c4f725] var…E_CALLER (evoC-Bap1-mut-F) | 0 of 4
[-        ] var…nt_calling:SPLIT_INTERVALS -
[-        ] var…calling:GENOMICS_DB_IMPORT -
[-        ] variant_calling:GENOTYPE_GVCFS -
[-        ] var…t_calling:MERGE_JOINT_VCFS -
[-        ] variant_calling:ASM            -
[-        ] var…_calling:MERGE_ASM_OUTPUTS -
[2d/fc0906] var…:MUTECT2 (evoC-Bap1-mut-M) | 3 of 4
[ab/95c7dc] mbi…oC-Bap1-mut-F-CHG-5-prime) | 9 of 12
[b7/72e945] epi…ZARR (evoC-Bap1-mut-M-CHG) | 6 of 12
[e3/287b69] epi…PORT (evoC-Bap1-mut-M_CHG) | 0 of 6
[36/320bbb] epi…2ZARR (evoC-Bap1-mut-F-CG) | 4 of 4 ✔
[b5/0a0405] epi…XPORT (evoC-Bap1-mut-F_CG) | 4 of 4 ✔
[aa/e30408] epi…2ZARR (evoC-Bap1-mut-F-CG) | 4 of 4 ✔
[99/2d9dc3] epi…XPORT (evoC-Bap1-mut-F_CG) | 4 of 4 ✔
[f1/4b9fbc] epi…voC_Bap1_run-long_ctrl-CG) | 1 of 1 ✔
[87/3c313b] summary:DQSPY (evoC_Bap1_run)  | 1 of 1 ✔
Plus 4 more processes waiting for tasks…

executor >  slurm (88)
[52/6a699d] res…AW (evoC-Bap1-mut-F, L002) | 4 of 4 ✔
[5b/a1da4a] res…DE (evoC-Bap1-mut-F, L002) | 4 of 4 ✔
[-        ] resolve_align:FASTQC_RESOLVED  -
[01/56f00b] res…M2 (evoC-Bap1-mut-F, L002) | 4 of 4, retries: 1 ✔
[-        ] res…align:SAMTOOLS_MERGE_LANES -
[-        ] resolve_align:PRESEQ           -
[28/806af0] bam…t:BAMLET (evoC-Bap1-mut-F) | 4 of 4 ✔
[55/b753e2] bam…AP_BAMQC (evoC-Bap1-mut-F) | 3 of 4
[55/f0bd54] bam…TSS_BIAS (evoC-Bap1-mut-F) | 4 of 4 ✔
[-        ] bam…:DEEPTOOLS_PLOTFINGERPRINT -
[92/c27283] bam…D_GCBIAS (evoC-Bap1-mut-F) | 4 of 4 ✔
[67/ac31b6] bam…ACCURACY (evoC-Bap1-mut-F) | 4 of 4 ✔
[c7/c4f725] var…E_CALLER (evoC-Bap1-mut-F) | 0 of 4
[-        ] var…nt_calling:SPLIT_INTERVALS -
[-        ] var…calling:GENOMICS_DB_IMPORT -
[-        ] variant_calling:GENOTYPE_GVCFS -
[-        ] var…t_calling:MERGE_JOINT_VCFS -
[-        ] variant_calling:ASM            -
[-        ] var…_calling:MERGE_ASM_OUTPUTS -
[2d/fc0906] var…:MUTECT2 (evoC-Bap1-mut-M) | 3 of 4
[ab/95c7dc] mbi…oC-Bap1-mut-F-CHG-5-prime) | 9 of 12
[b7/72e945] epi…ZARR (evoC-Bap1-mut-M-CHG) | 6 of 12
[e3/287b69] epi…PORT (evoC-Bap1-mut-M_CHG) | 0 of 6
[36/320bbb] epi…2ZARR (evoC-Bap1-mut-F-CG) | 4 of 4 ✔
[b5/0a0405] epi…XPORT (evoC-Bap1-mut-F_CG) | 4 of 4 ✔
[aa/e30408] epi…2ZARR (evoC-Bap1-mut-F-CG) | 4 of 4 ✔
[99/2d9dc3] epi…XPORT (evoC-Bap1-mut-F_CG) | 4 of 4 ✔
[f1/4b9fbc] epi…voC_Bap1_run-long_ctrl-CG) | 1 of 1 ✔
[87/3c313b] summary:DQSPY (evoC_Bap1_run)  | 1 of 1 ✔
Plus 4 more processes waiting for tasks…

executor >  slurm (88)
[52/6a699d] res…AW (evoC-Bap1-mut-F, L002) | 4 of 4 ✔
[5b/a1da4a] res…DE (evoC-Bap1-mut-F, L002) | 4 of 4 ✔
[-        ] resolve_align:FASTQC_RESOLVED  -
[01/56f00b] res…M2 (evoC-Bap1-mut-F, L002) | 4 of 4, retries: 1 ✔
[-        ] res…align:SAMTOOLS_MERGE_LANES -
[-        ] resolve_align:PRESEQ           -
[28/806af0] bam…t:BAMLET (evoC-Bap1-mut-F) | 4 of 4 ✔
[55/b753e2] bam…AP_BAMQC (evoC-Bap1-mut-F) | 4 of 4 ✔
[55/f0bd54] bam…TSS_BIAS (evoC-Bap1-mut-F) | 4 of 4 ✔
[-        ] bam…:DEEPTOOLS_PLOTFINGERPRINT -
[92/c27283] bam…D_GCBIAS (evoC-Bap1-mut-F) | 4 of 4 ✔
[67/ac31b6] bam…ACCURACY (evoC-Bap1-mut-F) | 4 of 4 ✔
[c7/c4f725] var…E_CALLER (evoC-Bap1-mut-F) | 0 of 4
[-        ] var…nt_calling:SPLIT_INTERVALS -
[-        ] var…calling:GENOMICS_DB_IMPORT -
[-        ] variant_calling:GENOTYPE_GVCFS -
[-        ] var…t_calling:MERGE_JOINT_VCFS -
[-        ] variant_calling:ASM            -
[-        ] var…_calling:MERGE_ASM_OUTPUTS -
[2d/fc0906] var…:MUTECT2 (evoC-Bap1-mut-M) | 3 of 4
[ab/95c7dc] mbi…oC-Bap1-mut-F-CHG-5-prime) | 9 of 12
[b7/72e945] epi…ZARR (evoC-Bap1-mut-M-CHG) | 6 of 12
[e3/287b69] epi…PORT (evoC-Bap1-mut-M_CHG) | 0 of 6
[36/320bbb] epi…2ZARR (evoC-Bap1-mut-F-CG) | 4 of 4 ✔
[b5/0a0405] epi…XPORT (evoC-Bap1-mut-F_CG) | 4 of 4 ✔
[aa/e30408] epi…2ZARR (evoC-Bap1-mut-F-CG) | 4 of 4 ✔
[99/2d9dc3] epi…XPORT (evoC-Bap1-mut-F_CG) | 4 of 4 ✔
[f1/4b9fbc] epi…voC_Bap1_run-long_ctrl-CG) | 1 of 1 ✔
[87/3c313b] summary:DQSPY (evoC_Bap1_run)  | 1 of 1 ✔
Plus 4 more processes waiting for tasks…

executor >  slurm (89)
[52/6a699d] res…AW (evoC-Bap1-mut-F, L002) | 4 of 4 ✔
[5b/a1da4a] res…DE (evoC-Bap1-mut-F, L002) | 4 of 4 ✔
[-        ] resolve_align:FASTQC_RESOLVED  -
[01/56f00b] res…M2 (evoC-Bap1-mut-F, L002) | 4 of 4, retries: 1 ✔
[-        ] res…align:SAMTOOLS_MERGE_LANES -
[-        ] resolve_align:PRESEQ           -
[28/806af0] bam…t:BAMLET (evoC-Bap1-mut-F) | 4 of 4 ✔
[55/b753e2] bam…AP_BAMQC (evoC-Bap1-mut-F) | 4 of 4 ✔
[55/f0bd54] bam…TSS_BIAS (evoC-Bap1-mut-F) | 4 of 4 ✔
[-        ] bam…:DEEPTOOLS_PLOTFINGERPRINT -
[92/c27283] bam…D_GCBIAS (evoC-Bap1-mut-F) | 4 of 4 ✔
[67/ac31b6] bam…ACCURACY (evoC-Bap1-mut-F) | 4 of 4 ✔
[1f/a3c1f6] var…_CALLER (evoC-Bap1-ctrl-M) | 1 of 4
[18/a2c784] var…NTERVALS (GRCm38_filtered) | 0 of 1
[-        ] var…calling:GENOMICS_DB_IMPORT -
[-        ] variant_calling:GENOTYPE_GVCFS -
[-        ] var…t_calling:MERGE_JOINT_VCFS -
[-        ] variant_calling:ASM            -
[-        ] var…_calling:MERGE_ASM_OUTPUTS -
[2d/fc0906] var…:MUTECT2 (evoC-Bap1-mut-M) | 3 of 4
[ab/95c7dc] mbi…oC-Bap1-mut-F-CHG-5-prime) | 9 of 12
[b7/72e945] epi…ZARR (evoC-Bap1-mut-M-CHG) | 6 of 12
[e3/287b69] epi…PORT (evoC-Bap1-mut-M_CHG) | 0 of 6
[36/320bbb] epi…2ZARR (evoC-Bap1-mut-F-CG) | 4 of 4 ✔
[b5/0a0405] epi…XPORT (evoC-Bap1-mut-F_CG) | 4 of 4 ✔
[aa/e30408] epi…2ZARR (evoC-Bap1-mut-F-CG) | 4 of 4 ✔
[99/2d9dc3] epi…XPORT (evoC-Bap1-mut-F_CG) | 4 of 4 ✔
[f1/4b9fbc] epi…voC_Bap1_run-long_ctrl-CG) | 1 of 1 ✔
[87/3c313b] summary:DQSPY (evoC_Bap1_run)  | 1 of 1 ✔
Plus 4 more processes waiting for tasks…

executor >  slurm (89)
[52/6a699d] res…AW (evoC-Bap1-mut-F, L002) | 4 of 4 ✔
[5b/a1da4a] res…DE (evoC-Bap1-mut-F, L002) | 4 of 4 ✔
[-        ] resolve_align:FASTQC_RESOLVED  -
[01/56f00b] res…M2 (evoC-Bap1-mut-F, L002) | 4 of 4, retries: 1 ✔
[-        ] res…align:SAMTOOLS_MERGE_LANES -
[-        ] resolve_align:PRESEQ           -
[28/806af0] bam…t:BAMLET (evoC-Bap1-mut-F) | 4 of 4 ✔
[55/b753e2] bam…AP_BAMQC (evoC-Bap1-mut-F) | 4 of 4 ✔
[55/f0bd54] bam…TSS_BIAS (evoC-Bap1-mut-F) | 4 of 4 ✔
[-        ] bam…:DEEPTOOLS_PLOTFINGERPRINT -
[92/c27283] bam…D_GCBIAS (evoC-Bap1-mut-F) | 4 of 4 ✔
[67/ac31b6] bam…ACCURACY (evoC-Bap1-mut-F) | 4 of 4 ✔
[1f/a3c1f6] var…_CALLER (evoC-Bap1-ctrl-M) | 1 of 4
[18/a2c784] var…NTERVALS (GRCm38_filtered) | 0 of 1
[-        ] var…calling:GENOMICS_DB_IMPORT -
[-        ] variant_calling:GENOTYPE_GVCFS -
[-        ] var…t_calling:MERGE_JOINT_VCFS -
[-        ] variant_calling:ASM            -
[-        ] var…_calling:MERGE_ASM_OUTPUTS -
[2d/fc0906] var…:MUTECT2 (evoC-Bap1-mut-M) | 3 of 4
[ab/95c7dc] mbi…oC-Bap1-mut-F-CHG-5-prime) | 9 of 12
[b7/72e945] epi…ZARR (evoC-Bap1-mut-M-CHG) | 6 of 12
[e3/287b69] epi…PORT (evoC-Bap1-mut-M_CHG) | 0 of 6
[36/320bbb] epi…2ZARR (evoC-Bap1-mut-F-CG) | 4 of 4 ✔
[b5/0a0405] epi…XPORT (evoC-Bap1-mut-F_CG) | 4 of 4 ✔
[aa/e30408] epi…2ZARR (evoC-Bap1-mut-F-CG) | 4 of 4 ✔
[99/2d9dc3] epi…XPORT (evoC-Bap1-mut-F_CG) | 4 of 4 ✔
[f1/4b9fbc] epi…voC_Bap1_run-long_ctrl-CG) | 1 of 1 ✔
[87/3c313b] summary:DQSPY (evoC_Bap1_run)  | 1 of 1 ✔
Plus 4 more processes waiting for tasks…

executor >  slurm (89)
[52/6a699d] res…AW (evoC-Bap1-mut-F, L002) | 4 of 4 ✔
[5b/a1da4a] res…DE (evoC-Bap1-mut-F, L002) | 4 of 4 ✔
[-        ] resolve_align:FASTQC_RESOLVED  -
[01/56f00b] res…M2 (evoC-Bap1-mut-F, L002) | 4 of 4, retries: 1 ✔
[-        ] res…align:SAMTOOLS_MERGE_LANES -
[-        ] resolve_align:PRESEQ           -
[28/806af0] bam…t:BAMLET (evoC-Bap1-mut-F) | 4 of 4 ✔
[55/b753e2] bam…AP_BAMQC (evoC-Bap1-mut-F) | 4 of 4 ✔
[55/f0bd54] bam…TSS_BIAS (evoC-Bap1-mut-F) | 4 of 4 ✔
[-        ] bam…:DEEPTOOLS_PLOTFINGERPRINT -
[92/c27283] bam…D_GCBIAS (evoC-Bap1-mut-F) | 4 of 4 ✔
[67/ac31b6] bam…ACCURACY (evoC-Bap1-mut-F) | 4 of 4 ✔
[1f/a3c1f6] var…_CALLER (evoC-Bap1-ctrl-M) | 1 of 4
[18/a2c784] var…NTERVALS (GRCm38_filtered) | 1 of 1 ✔
[-        ] var…calling:GENOMICS_DB_IMPORT -
[-        ] variant_calling:GENOTYPE_GVCFS -
[-        ] var…t_calling:MERGE_JOINT_VCFS -
[-        ] variant_calling:ASM            -
[-        ] var…_calling:MERGE_ASM_OUTPUTS -
[2d/fc0906] var…:MUTECT2 (evoC-Bap1-mut-M) | 3 of 4
[ab/95c7dc] mbi…oC-Bap1-mut-F-CHG-5-prime) | 10 of 12
[b7/72e945] epi…ZARR (evoC-Bap1-mut-M-CHG) | 6 of 12
[e3/287b69] epi…PORT (evoC-Bap1-mut-M_CHG) | 0 of 6
[36/320bbb] epi…2ZARR (evoC-Bap1-mut-F-CG) | 4 of 4 ✔
[b5/0a0405] epi…XPORT (evoC-Bap1-mut-F_CG) | 4 of 4 ✔
[aa/e30408] epi…2ZARR (evoC-Bap1-mut-F-CG) | 4 of 4 ✔
[99/2d9dc3] epi…XPORT (evoC-Bap1-mut-F_CG) | 4 of 4 ✔
[f1/4b9fbc] epi…voC_Bap1_run-long_ctrl-CG) | 1 of 1 ✔
[87/3c313b] summary:DQSPY (evoC_Bap1_run)  | 1 of 1 ✔
Plus 4 more processes waiting for tasks…

executor >  slurm (89)
[52/6a699d] res…AW (evoC-Bap1-mut-F, L002) | 4 of 4 ✔
[5b/a1da4a] res…DE (evoC-Bap1-mut-F, L002) | 4 of 4 ✔
[-        ] resolve_align:FASTQC_RESOLVED  -
[01/56f00b] res…M2 (evoC-Bap1-mut-F, L002) | 4 of 4, retries: 1 ✔
[-        ] res…align:SAMTOOLS_MERGE_LANES -
[-        ] resolve_align:PRESEQ           -
[28/806af0] bam…t:BAMLET (evoC-Bap1-mut-F) | 4 of 4 ✔
[55/b753e2] bam…AP_BAMQC (evoC-Bap1-mut-F) | 4 of 4 ✔
[55/f0bd54] bam…TSS_BIAS (evoC-Bap1-mut-F) | 4 of 4 ✔
[-        ] bam…:DEEPTOOLS_PLOTFINGERPRINT -
[92/c27283] bam…D_GCBIAS (evoC-Bap1-mut-F) | 4 of 4 ✔
[67/ac31b6] bam…ACCURACY (evoC-Bap1-mut-F) | 4 of 4 ✔
[1f/a3c1f6] var…_CALLER (evoC-Bap1-ctrl-M) | 1 of 4
[18/a2c784] var…NTERVALS (GRCm38_filtered) | 1 of 1 ✔
[-        ] var…calling:GENOMICS_DB_IMPORT -
[-        ] variant_calling:GENOTYPE_GVCFS -
[-        ] var…t_calling:MERGE_JOINT_VCFS -
[-        ] variant_calling:ASM            -
[-        ] var…_calling:MERGE_ASM_OUTPUTS -
[2d/fc0906] var…:MUTECT2 (evoC-Bap1-mut-M) | 3 of 4
[11/7768fe] mbi…oC-Bap1-mut-F-CHH-5-prime) | 11 of 12
[b7/72e945] epi…ZARR (evoC-Bap1-mut-M-CHG) | 6 of 12
[e3/287b69] epi…PORT (evoC-Bap1-mut-M_CHG) | 0 of 6
[36/320bbb] epi…2ZARR (evoC-Bap1-mut-F-CG) | 4 of 4 ✔
[b5/0a0405] epi…XPORT (evoC-Bap1-mut-F_CG) | 4 of 4 ✔
[aa/e30408] epi…2ZARR (evoC-Bap1-mut-F-CG) | 4 of 4 ✔
[99/2d9dc3] epi…XPORT (evoC-Bap1-mut-F_CG) | 4 of 4 ✔
[f1/4b9fbc] epi…voC_Bap1_run-long_ctrl-CG) | 1 of 1 ✔
[87/3c313b] summary:DQSPY (evoC_Bap1_run)  | 1 of 1 ✔
Plus 4 more processes waiting for tasks…

executor >  slurm (89)
[52/6a699d] res…AW (evoC-Bap1-mut-F, L002) | 4 of 4 ✔
[5b/a1da4a] res…DE (evoC-Bap1-mut-F, L002) | 4 of 4 ✔
[-        ] resolve_align:FASTQC_RESOLVED  -
[01/56f00b] res…M2 (evoC-Bap1-mut-F, L002) | 4 of 4, retries: 1 ✔
[-        ] res…align:SAMTOOLS_MERGE_LANES -
[-        ] resolve_align:PRESEQ           -
[28/806af0] bam…t:BAMLET (evoC-Bap1-mut-F) | 4 of 4 ✔
[55/b753e2] bam…AP_BAMQC (evoC-Bap1-mut-F) | 4 of 4 ✔
[55/f0bd54] bam…TSS_BIAS (evoC-Bap1-mut-F) | 4 of 4 ✔
[-        ] bam…:DEEPTOOLS_PLOTFINGERPRINT -
[92/c27283] bam…D_GCBIAS (evoC-Bap1-mut-F) | 4 of 4 ✔
[67/ac31b6] bam…ACCURACY (evoC-Bap1-mut-F) | 4 of 4 ✔
[1f/a3c1f6] var…_CALLER (evoC-Bap1-ctrl-M) | 1 of 4
[18/a2c784] var…NTERVALS (GRCm38_filtered) | 1 of 1 ✔
[-        ] var…calling:GENOMICS_DB_IMPORT -
[-        ] variant_calling:GENOTYPE_GVCFS -
[-        ] var…t_calling:MERGE_JOINT_VCFS -
[-        ] variant_calling:ASM            -
[-        ] var…_calling:MERGE_ASM_OUTPUTS -
[2d/fc0906] var…:MUTECT2 (evoC-Bap1-mut-M) | 3 of 4
[11/7768fe] mbi…oC-Bap1-mut-F-CHH-5-prime) | 11 of 12
[f1/386181] epi…2ZARR (evoC-Bap1-mut-F-CG) | 7 of 12
[e3/287b69] epi…PORT (evoC-Bap1-mut-M_CHG) | 0 of 7
[36/320bbb] epi…2ZARR (evoC-Bap1-mut-F-CG) | 4 of 4 ✔
[b5/0a0405] epi…XPORT (evoC-Bap1-mut-F_CG) | 4 of 4 ✔
[aa/e30408] epi…2ZARR (evoC-Bap1-mut-F-CG) | 4 of 4 ✔
[99/2d9dc3] epi…XPORT (evoC-Bap1-mut-F_CG) | 4 of 4 ✔
[f1/4b9fbc] epi…voC_Bap1_run-long_ctrl-CG) | 1 of 1 ✔
[87/3c313b] summary:DQSPY (evoC_Bap1_run)  | 1 of 1 ✔
Plus 4 more processes waiting for tasks…

executor >  slurm (90)
[52/6a699d] res…AW (evoC-Bap1-mut-F, L002) | 4 of 4 ✔
[5b/a1da4a] res…DE (evoC-Bap1-mut-F, L002) | 4 of 4 ✔
[-        ] resolve_align:FASTQC_RESOLVED  -
[01/56f00b] res…M2 (evoC-Bap1-mut-F, L002) | 4 of 4, retries: 1 ✔
[-        ] res…align:SAMTOOLS_MERGE_LANES -
[-        ] resolve_align:PRESEQ           -
[28/806af0] bam…t:BAMLET (evoC-Bap1-mut-F) | 4 of 4 ✔
[55/b753e2] bam…AP_BAMQC (evoC-Bap1-mut-F) | 4 of 4 ✔
[55/f0bd54] bam…TSS_BIAS (evoC-Bap1-mut-F) | 4 of 4 ✔
[-        ] bam…:DEEPTOOLS_PLOTFINGERPRINT -
[92/c27283] bam…D_GCBIAS (evoC-Bap1-mut-F) | 4 of 4 ✔
[67/ac31b6] bam…ACCURACY (evoC-Bap1-mut-F) | 4 of 4 ✔
[1f/a3c1f6] var…_CALLER (evoC-Bap1-ctrl-M) | 1 of 4
[18/a2c784] var…NTERVALS (GRCm38_filtered) | 1 of 1 ✔
[-        ] var…calling:GENOMICS_DB_IMPORT -
[-        ] variant_calling:GENOTYPE_GVCFS -
[-        ] var…t_calling:MERGE_JOINT_VCFS -
[-        ] variant_calling:ASM            -
[-        ] var…_calling:MERGE_ASM_OUTPUTS -
[2d/fc0906] var…:MUTECT2 (evoC-Bap1-mut-M) | 3 of 4
[11/7768fe] mbi…oC-Bap1-mut-F-CHH-5-prime) | 11 of 12
[f1/386181] epi…2ZARR (evoC-Bap1-mut-F-CG) | 7 of 12
[59/7a9871] epi…XPORT (evoC-Bap1-mut-F_CG) | 0 of 7
[36/320bbb] epi…2ZARR (evoC-Bap1-mut-F-CG) | 4 of 4 ✔
[b5/0a0405] epi…XPORT (evoC-Bap1-mut-F_CG) | 4 of 4 ✔
[aa/e30408] epi…2ZARR (evoC-Bap1-mut-F-CG) | 4 of 4 ✔
[99/2d9dc3] epi…XPORT (evoC-Bap1-mut-F_CG) | 4 of 4 ✔
[f1/4b9fbc] epi…voC_Bap1_run-long_ctrl-CG) | 1 of 1 ✔
[87/3c313b] summary:DQSPY (evoC_Bap1_run)  | 1 of 1 ✔
Plus 4 more processes waiting for tasks…

executor >  slurm (90)
[52/6a699d] res…AW (evoC-Bap1-mut-F, L002) | 4 of 4 ✔
[5b/a1da4a] res…DE (evoC-Bap1-mut-F, L002) | 4 of 4 ✔
[-        ] resolve_align:FASTQC_RESOLVED  -
[01/56f00b] res…M2 (evoC-Bap1-mut-F, L002) | 4 of 4, retries: 1 ✔
[-        ] res…align:SAMTOOLS_MERGE_LANES -
[-        ] resolve_align:PRESEQ           -
[28/806af0] bam…t:BAMLET (evoC-Bap1-mut-F) | 4 of 4 ✔
[55/b753e2] bam…AP_BAMQC (evoC-Bap1-mut-F) | 4 of 4 ✔
[55/f0bd54] bam…TSS_BIAS (evoC-Bap1-mut-F) | 4 of 4 ✔
[-        ] bam…:DEEPTOOLS_PLOTFINGERPRINT -
[92/c27283] bam…D_GCBIAS (evoC-Bap1-mut-F) | 4 of 4 ✔
[67/ac31b6] bam…ACCURACY (evoC-Bap1-mut-F) | 4 of 4 ✔
[1f/a3c1f6] var…_CALLER (evoC-Bap1-ctrl-M) | 1 of 4
[18/a2c784] var…NTERVALS (GRCm38_filtered) | 1 of 1 ✔
[-        ] var…calling:GENOMICS_DB_IMPORT -
[-        ] variant_calling:GENOTYPE_GVCFS -
[-        ] var…t_calling:MERGE_JOINT_VCFS -
[-        ] variant_calling:ASM            -
[-        ] var…_calling:MERGE_ASM_OUTPUTS -
[2d/fc0906] var…:MUTECT2 (evoC-Bap1-mut-M) | 3 of 4
[11/7768fe] mbi…oC-Bap1-mut-F-CHH-5-prime) | 11 of 12
[f1/386181] epi…2ZARR (evoC-Bap1-mut-F-CG) | 7 of 12
[59/7a9871] epi…XPORT (evoC-Bap1-mut-F_CG) | 0 of 7
[36/320bbb] epi…2ZARR (evoC-Bap1-mut-F-CG) | 4 of 4 ✔
[b5/0a0405] epi…XPORT (evoC-Bap1-mut-F_CG) | 4 of 4 ✔
[aa/e30408] epi…2ZARR (evoC-Bap1-mut-F-CG) | 4 of 4 ✔
[99/2d9dc3] epi…XPORT (evoC-Bap1-mut-F_CG) | 4 of 4 ✔
[f1/4b9fbc] epi…voC_Bap1_run-long_ctrl-CG) | 1 of 1 ✔
[87/3c313b] summary:DQSPY (evoC_Bap1_run)  | 1 of 1 ✔
Plus 4 more processes waiting for tasks…

executor >  slurm (90)
[52/6a699d] res…AW (evoC-Bap1-mut-F, L002) | 4 of 4 ✔
[5b/a1da4a] res…DE (evoC-Bap1-mut-F, L002) | 4 of 4 ✔
[-        ] resolve_align:FASTQC_RESOLVED  -
[01/56f00b] res…M2 (evoC-Bap1-mut-F, L002) | 4 of 4, retries: 1 ✔
[-        ] res…align:SAMTOOLS_MERGE_LANES -
[-        ] resolve_align:PRESEQ           -
[28/806af0] bam…t:BAMLET (evoC-Bap1-mut-F) | 4 of 4 ✔
[55/b753e2] bam…AP_BAMQC (evoC-Bap1-mut-F) | 4 of 4 ✔
[55/f0bd54] bam…TSS_BIAS (evoC-Bap1-mut-F) | 4 of 4 ✔
[-        ] bam…:DEEPTOOLS_PLOTFINGERPRINT -
[92/c27283] bam…D_GCBIAS (evoC-Bap1-mut-F) | 4 of 4 ✔
[67/ac31b6] bam…ACCURACY (evoC-Bap1-mut-F) | 4 of 4 ✔
[1f/a3c1f6] var…_CALLER (evoC-Bap1-ctrl-M) | 1 of 4
[18/a2c784] var…NTERVALS (GRCm38_filtered) | 1 of 1 ✔
[-        ] var…calling:GENOMICS_DB_IMPORT -
[-        ] variant_calling:GENOTYPE_GVCFS -
[-        ] var…t_calling:MERGE_JOINT_VCFS -
[-        ] variant_calling:ASM            -
[-        ] var…_calling:MERGE_ASM_OUTPUTS -
[2d/fc0906] var…:MUTECT2 (evoC-Bap1-mut-M) | 3 of 4
[11/7768fe] mbi…oC-Bap1-mut-F-CHH-5-prime) | 11 of 12
[32/438eff] epi…ARR (evoC-Bap1-ctrl-F-CHH) | 8 of 12
[59/7a9871] epi…XPORT (evoC-Bap1-mut-F_CG) | 0 of 8
[36/320bbb] epi…2ZARR (evoC-Bap1-mut-F-CG) | 4 of 4 ✔
[b5/0a0405] epi…XPORT (evoC-Bap1-mut-F_CG) | 4 of 4 ✔
[aa/e30408] epi…2ZARR (evoC-Bap1-mut-F-CG) | 4 of 4 ✔
[99/2d9dc3] epi…XPORT (evoC-Bap1-mut-F_CG) | 4 of 4 ✔
[f1/4b9fbc] epi…voC_Bap1_run-long_ctrl-CG) | 1 of 1 ✔
[87/3c313b] summary:DQSPY (evoC_Bap1_run)  | 1 of 1 ✔
Plus 4 more processes waiting for tasks…

executor >  slurm (91)
[52/6a699d] res…AW (evoC-Bap1-mut-F, L002) | 4 of 4 ✔
[5b/a1da4a] res…DE (evoC-Bap1-mut-F, L002) | 4 of 4 ✔
[-        ] resolve_align:FASTQC_RESOLVED  -
[01/56f00b] res…M2 (evoC-Bap1-mut-F, L002) | 4 of 4, retries: 1 ✔
[-        ] res…align:SAMTOOLS_MERGE_LANES -
[-        ] resolve_align:PRESEQ           -
[28/806af0] bam…t:BAMLET (evoC-Bap1-mut-F) | 4 of 4 ✔
[55/b753e2] bam…AP_BAMQC (evoC-Bap1-mut-F) | 4 of 4 ✔
[55/f0bd54] bam…TSS_BIAS (evoC-Bap1-mut-F) | 4 of 4 ✔
[-        ] bam…:DEEPTOOLS_PLOTFINGERPRINT -
[92/c27283] bam…D_GCBIAS (evoC-Bap1-mut-F) | 4 of 4 ✔
[67/ac31b6] bam…ACCURACY (evoC-Bap1-mut-F) | 4 of 4 ✔
[1f/a3c1f6] var…_CALLER (evoC-Bap1-ctrl-M) | 1 of 4
[18/a2c784] var…NTERVALS (GRCm38_filtered) | 1 of 1 ✔
[-        ] var…calling:GENOMICS_DB_IMPORT -
[-        ] variant_calling:GENOTYPE_GVCFS -
[-        ] var…t_calling:MERGE_JOINT_VCFS -
[-        ] variant_calling:ASM            -
[-        ] var…_calling:MERGE_ASM_OUTPUTS -
[2d/fc0906] var…:MUTECT2 (evoC-Bap1-mut-M) | 3 of 4
[11/7768fe] mbi…oC-Bap1-mut-F-CHH-5-prime) | 11 of 12
[32/438eff] epi…ARR (evoC-Bap1-ctrl-F-CHH) | 8 of 12
[12/13b22c] epi…ORT (evoC-Bap1-ctrl-F_CHH) | 0 of 8
[36/320bbb] epi…2ZARR (evoC-Bap1-mut-F-CG) | 4 of 4 ✔
[b5/0a0405] epi…XPORT (evoC-Bap1-mut-F_CG) | 4 of 4 ✔
[aa/e30408] epi…2ZARR (evoC-Bap1-mut-F-CG) | 4 of 4 ✔
[99/2d9dc3] epi…XPORT (evoC-Bap1-mut-F_CG) | 4 of 4 ✔
[f1/4b9fbc] epi…voC_Bap1_run-long_ctrl-CG) | 1 of 1 ✔
[87/3c313b] summary:DQSPY (evoC_Bap1_run)  | 1 of 1 ✔
Plus 4 more processes waiting for tasks…

executor >  slurm (91)
[52/6a699d] res…AW (evoC-Bap1-mut-F, L002) | 4 of 4 ✔
[5b/a1da4a] res…DE (evoC-Bap1-mut-F, L002) | 4 of 4 ✔
[-        ] resolve_align:FASTQC_RESOLVED  -
[01/56f00b] res…M2 (evoC-Bap1-mut-F, L002) | 4 of 4, retries: 1 ✔
[-        ] res…align:SAMTOOLS_MERGE_LANES -
[-        ] resolve_align:PRESEQ           -
[28/806af0] bam…t:BAMLET (evoC-Bap1-mut-F) | 4 of 4 ✔
[55/b753e2] bam…AP_BAMQC (evoC-Bap1-mut-F) | 4 of 4 ✔
[55/f0bd54] bam…TSS_BIAS (evoC-Bap1-mut-F) | 4 of 4 ✔
[-        ] bam…:DEEPTOOLS_PLOTFINGERPRINT -
[92/c27283] bam…D_GCBIAS (evoC-Bap1-mut-F) | 4 of 4 ✔
[67/ac31b6] bam…ACCURACY (evoC-Bap1-mut-F) | 4 of 4 ✔
[1f/a3c1f6] var…_CALLER (evoC-Bap1-ctrl-M) | 1 of 4
[18/a2c784] var…NTERVALS (GRCm38_filtered) | 1 of 1 ✔
[-        ] var…calling:GENOMICS_DB_IMPORT -
[-        ] variant_calling:GENOTYPE_GVCFS -
[-        ] var…t_calling:MERGE_JOINT_VCFS -
[-        ] variant_calling:ASM            -
[-        ] var…_calling:MERGE_ASM_OUTPUTS -
[2d/fc0906] var…:MUTECT2 (evoC-Bap1-mut-M) | 3 of 4
[11/7768fe] mbi…oC-Bap1-mut-F-CHH-5-prime) | 11 of 12
[32/438eff] epi…ARR (evoC-Bap1-ctrl-F-CHH) | 8 of 12
[12/13b22c] epi…ORT (evoC-Bap1-ctrl-F_CHH) | 0 of 8
[36/320bbb] epi…2ZARR (evoC-Bap1-mut-F-CG) | 4 of 4 ✔
[b5/0a0405] epi…XPORT (evoC-Bap1-mut-F_CG) | 4 of 4 ✔
[aa/e30408] epi…2ZARR (evoC-Bap1-mut-F-CG) | 4 of 4 ✔
[99/2d9dc3] epi…XPORT (evoC-Bap1-mut-F_CG) | 4 of 4 ✔
[f1/4b9fbc] epi…voC_Bap1_run-long_ctrl-CG) | 1 of 1 ✔
[87/3c313b] summary:DQSPY (evoC_Bap1_run)  | 1 of 1 ✔
Plus 4 more processes waiting for tasks…

executor >  slurm (91)
[52/6a699d] res…AW (evoC-Bap1-mut-F, L002) | 4 of 4 ✔
[5b/a1da4a] res…DE (evoC-Bap1-mut-F, L002) | 4 of 4 ✔
[-        ] resolve_align:FASTQC_RESOLVED  -
[01/56f00b] res…M2 (evoC-Bap1-mut-F, L002) | 4 of 4, retries: 1 ✔
[-        ] res…align:SAMTOOLS_MERGE_LANES -
[-        ] resolve_align:PRESEQ           -
[28/806af0] bam…t:BAMLET (evoC-Bap1-mut-F) | 4 of 4 ✔
[55/b753e2] bam…AP_BAMQC (evoC-Bap1-mut-F) | 4 of 4 ✔
[55/f0bd54] bam…TSS_BIAS (evoC-Bap1-mut-F) | 4 of 4 ✔
[-        ] bam…:DEEPTOOLS_PLOTFINGERPRINT -
[92/c27283] bam…D_GCBIAS (evoC-Bap1-mut-F) | 4 of 4 ✔
[67/ac31b6] bam…ACCURACY (evoC-Bap1-mut-F) | 4 of 4 ✔
[1f/a3c1f6] var…_CALLER (evoC-Bap1-ctrl-M) | 1 of 4
[18/a2c784] var…NTERVALS (GRCm38_filtered) | 1 of 1 ✔
[-        ] var…calling:GENOMICS_DB_IMPORT -
[-        ] variant_calling:GENOTYPE_GVCFS -
[-        ] var…t_calling:MERGE_JOINT_VCFS -
[-        ] variant_calling:ASM            -
[-        ] var…_calling:MERGE_ASM_OUTPUTS -
[2d/fc0906] var…:MUTECT2 (evoC-Bap1-mut-M) | 3 of 4
[6b/3dc252] mbi…voC-Bap1-mut-F-CG-5-prime) | 12 of 12 ✔
[32/438eff] epi…ARR (evoC-Bap1-ctrl-F-CHH) | 8 of 12
[12/13b22c] epi…ORT (evoC-Bap1-ctrl-F_CHH) | 0 of 8
[36/320bbb] epi…2ZARR (evoC-Bap1-mut-F-CG) | 4 of 4 ✔
[b5/0a0405] epi…XPORT (evoC-Bap1-mut-F_CG) | 4 of 4 ✔
[aa/e30408] epi…2ZARR (evoC-Bap1-mut-F-CG) | 4 of 4 ✔
[99/2d9dc3] epi…XPORT (evoC-Bap1-mut-F_CG) | 4 of 4 ✔
[f1/4b9fbc] epi…voC_Bap1_run-long_ctrl-CG) | 1 of 1 ✔
[87/3c313b] summary:DQSPY (evoC_Bap1_run)  | 1 of 1 ✔
Plus 4 more processes waiting for tasks…

executor >  slurm (91)
[52/6a699d] res…AW (evoC-Bap1-mut-F, L002) | 4 of 4 ✔
[5b/a1da4a] res…DE (evoC-Bap1-mut-F, L002) | 4 of 4 ✔
[-        ] resolve_align:FASTQC_RESOLVED  -
[01/56f00b] res…M2 (evoC-Bap1-mut-F, L002) | 4 of 4, retries: 1 ✔
[-        ] res…align:SAMTOOLS_MERGE_LANES -
[-        ] resolve_align:PRESEQ           -
[28/806af0] bam…t:BAMLET (evoC-Bap1-mut-F) | 4 of 4 ✔
[55/b753e2] bam…AP_BAMQC (evoC-Bap1-mut-F) | 4 of 4 ✔
[55/f0bd54] bam…TSS_BIAS (evoC-Bap1-mut-F) | 4 of 4 ✔
[-        ] bam…:DEEPTOOLS_PLOTFINGERPRINT -
[92/c27283] bam…D_GCBIAS (evoC-Bap1-mut-F) | 4 of 4 ✔
[67/ac31b6] bam…ACCURACY (evoC-Bap1-mut-F) | 4 of 4 ✔
[1f/a3c1f6] var…_CALLER (evoC-Bap1-ctrl-M) | 1 of 4
[18/a2c784] var…NTERVALS (GRCm38_filtered) | 1 of 1 ✔
[-        ] var…calling:GENOMICS_DB_IMPORT -
[-        ] variant_calling:GENOTYPE_GVCFS -
[-        ] var…t_calling:MERGE_JOINT_VCFS -
[-        ] variant_calling:ASM            -
[-        ] var…_calling:MERGE_ASM_OUTPUTS -
[b1/95fc6d] var…:MUTECT2 (evoC-Bap1-mut-F) | 4 of 4 ✔
[6b/3dc252] mbi…voC-Bap1-mut-F-CG-5-prime) | 12 of 12 ✔
[32/438eff] epi…ARR (evoC-Bap1-ctrl-F-CHH) | 8 of 12
[12/13b22c] epi…ORT (evoC-Bap1-ctrl-F_CHH) | 0 of 8
[36/320bbb] epi…2ZARR (evoC-Bap1-mut-F-CG) | 4 of 4 ✔
[b5/0a0405] epi…XPORT (evoC-Bap1-mut-F_CG) | 4 of 4 ✔
[aa/e30408] epi…2ZARR (evoC-Bap1-mut-F-CG) | 4 of 4 ✔
[99/2d9dc3] epi…XPORT (evoC-Bap1-mut-F_CG) | 4 of 4 ✔
[f1/4b9fbc] epi…voC_Bap1_run-long_ctrl-CG) | 1 of 1 ✔
[87/3c313b] summary:DQSPY (evoC_Bap1_run)  | 1 of 1 ✔
Plus 4 more processes waiting for tasks…

executor >  slurm (91)
[52/6a699d] res…AW (evoC-Bap1-mut-F, L002) | 4 of 4 ✔
[5b/a1da4a] res…DE (evoC-Bap1-mut-F, L002) | 4 of 4 ✔
[-        ] resolve_align:FASTQC_RESOLVED  -
[01/56f00b] res…M2 (evoC-Bap1-mut-F, L002) | 4 of 4, retries: 1 ✔
[-        ] res…align:SAMTOOLS_MERGE_LANES -
[-        ] resolve_align:PRESEQ           -
[28/806af0] bam…t:BAMLET (evoC-Bap1-mut-F) | 4 of 4 ✔
[55/b753e2] bam…AP_BAMQC (evoC-Bap1-mut-F) | 4 of 4 ✔
[55/f0bd54] bam…TSS_BIAS (evoC-Bap1-mut-F) | 4 of 4 ✔
[-        ] bam…:DEEPTOOLS_PLOTFINGERPRINT -
[92/c27283] bam…D_GCBIAS (evoC-Bap1-mut-F) | 4 of 4 ✔
[67/ac31b6] bam…ACCURACY (evoC-Bap1-mut-F) | 4 of 4 ✔
[1f/a3c1f6] var…_CALLER (evoC-Bap1-ctrl-M) | 1 of 4
[18/a2c784] var…NTERVALS (GRCm38_filtered) | 1 of 1 ✔
[-        ] var…calling:GENOMICS_DB_IMPORT -
[-        ] variant_calling:GENOTYPE_GVCFS -
[-        ] var…t_calling:MERGE_JOINT_VCFS -
[-        ] variant_calling:ASM            -
[-        ] var…_calling:MERGE_ASM_OUTPUTS -
[b1/95fc6d] var…:MUTECT2 (evoC-Bap1-mut-F) | 4 of 4 ✔
[6b/3dc252] mbi…voC-Bap1-mut-F-CG-5-prime) | 12 of 12 ✔
[40/a97ed8] epi…ZARR (evoC-Bap1-mut-F-CHG) | 9 of 12
[12/13b22c] epi…ORT (evoC-Bap1-ctrl-F_CHH) | 0 of 9
[36/320bbb] epi…2ZARR (evoC-Bap1-mut-F-CG) | 4 of 4 ✔
[b5/0a0405] epi…XPORT (evoC-Bap1-mut-F_CG) | 4 of 4 ✔
[aa/e30408] epi…2ZARR (evoC-Bap1-mut-F-CG) | 4 of 4 ✔
[99/2d9dc3] epi…XPORT (evoC-Bap1-mut-F_CG) | 4 of 4 ✔
[f1/4b9fbc] epi…voC_Bap1_run-long_ctrl-CG) | 1 of 1 ✔
[87/3c313b] summary:DQSPY (evoC_Bap1_run)  | 1 of 1 ✔
Plus 4 more processes waiting for tasks…

executor >  slurm (92)
[52/6a699d] res…AW (evoC-Bap1-mut-F, L002) | 4 of 4 ✔
[5b/a1da4a] res…DE (evoC-Bap1-mut-F, L002) | 4 of 4 ✔
[-        ] resolve_align:FASTQC_RESOLVED  -
[01/56f00b] res…M2 (evoC-Bap1-mut-F, L002) | 4 of 4, retries: 1 ✔
[-        ] res…align:SAMTOOLS_MERGE_LANES -
[-        ] resolve_align:PRESEQ           -
[28/806af0] bam…t:BAMLET (evoC-Bap1-mut-F) | 4 of 4 ✔
[55/b753e2] bam…AP_BAMQC (evoC-Bap1-mut-F) | 4 of 4 ✔
[55/f0bd54] bam…TSS_BIAS (evoC-Bap1-mut-F) | 4 of 4 ✔
[-        ] bam…:DEEPTOOLS_PLOTFINGERPRINT -
[92/c27283] bam…D_GCBIAS (evoC-Bap1-mut-F) | 4 of 4 ✔
[67/ac31b6] bam…ACCURACY (evoC-Bap1-mut-F) | 4 of 4 ✔
[1f/a3c1f6] var…_CALLER (evoC-Bap1-ctrl-M) | 1 of 4
[18/a2c784] var…NTERVALS (GRCm38_filtered) | 1 of 1 ✔
[-        ] var…calling:GENOMICS_DB_IMPORT -
[-        ] variant_calling:GENOTYPE_GVCFS -
[-        ] var…t_calling:MERGE_JOINT_VCFS -
[-        ] variant_calling:ASM            -
[-        ] var…_calling:MERGE_ASM_OUTPUTS -
[b1/95fc6d] var…:MUTECT2 (evoC-Bap1-mut-F) | 4 of 4 ✔
[6b/3dc252] mbi…voC-Bap1-mut-F-CG-5-prime) | 12 of 12 ✔
[40/a97ed8] epi…ZARR (evoC-Bap1-mut-F-CHG) | 9 of 12
[56/7e69a7] epi…PORT (evoC-Bap1-mut-F_CHG) | 0 of 9
[36/320bbb] epi…2ZARR (evoC-Bap1-mut-F-CG) | 4 of 4 ✔
[b5/0a0405] epi…XPORT (evoC-Bap1-mut-F_CG) | 4 of 4 ✔
[aa/e30408] epi…2ZARR (evoC-Bap1-mut-F-CG) | 4 of 4 ✔
[99/2d9dc3] epi…XPORT (evoC-Bap1-mut-F_CG) | 4 of 4 ✔
[f1/4b9fbc] epi…voC_Bap1_run-long_ctrl-CG) | 1 of 1 ✔
[87/3c313b] summary:DQSPY (evoC_Bap1_run)  | 1 of 1 ✔
Plus 4 more processes waiting for tasks…

executor >  slurm (92)
[52/6a699d] res…AW (evoC-Bap1-mut-F, L002) | 4 of 4 ✔
[5b/a1da4a] res…DE (evoC-Bap1-mut-F, L002) | 4 of 4 ✔
[-        ] resolve_align:FASTQC_RESOLVED  -
[01/56f00b] res…M2 (evoC-Bap1-mut-F, L002) | 4 of 4, retries: 1 ✔
[-        ] res…align:SAMTOOLS_MERGE_LANES -
[-        ] resolve_align:PRESEQ           -
[28/806af0] bam…t:BAMLET (evoC-Bap1-mut-F) | 4 of 4 ✔
[55/b753e2] bam…AP_BAMQC (evoC-Bap1-mut-F) | 4 of 4 ✔
[55/f0bd54] bam…TSS_BIAS (evoC-Bap1-mut-F) | 4 of 4 ✔
[-        ] bam…:DEEPTOOLS_PLOTFINGERPRINT -
[92/c27283] bam…D_GCBIAS (evoC-Bap1-mut-F) | 4 of 4 ✔
[67/ac31b6] bam…ACCURACY (evoC-Bap1-mut-F) | 4 of 4 ✔
[1f/a3c1f6] var…_CALLER (evoC-Bap1-ctrl-M) | 1 of 4
[18/a2c784] var…NTERVALS (GRCm38_filtered) | 1 of 1 ✔
[-        ] var…calling:GENOMICS_DB_IMPORT -
[-        ] variant_calling:GENOTYPE_GVCFS -
[-        ] var…t_calling:MERGE_JOINT_VCFS -
[-        ] variant_calling:ASM            -
[-        ] var…_calling:MERGE_ASM_OUTPUTS -
[b1/95fc6d] var…:MUTECT2 (evoC-Bap1-mut-F) | 4 of 4 ✔
[6b/3dc252] mbi…voC-Bap1-mut-F-CG-5-prime) | 12 of 12 ✔
[40/a97ed8] epi…ZARR (evoC-Bap1-mut-F-CHG) | 9 of 12
[56/7e69a7] epi…PORT (evoC-Bap1-mut-F_CHG) | 0 of 9
[36/320bbb] epi…2ZARR (evoC-Bap1-mut-F-CG) | 4 of 4 ✔
[b5/0a0405] epi…XPORT (evoC-Bap1-mut-F_CG) | 4 of 4 ✔
[aa/e30408] epi…2ZARR (evoC-Bap1-mut-F-CG) | 4 of 4 ✔
[99/2d9dc3] epi…XPORT (evoC-Bap1-mut-F_CG) | 4 of 4 ✔
[f1/4b9fbc] epi…voC_Bap1_run-long_ctrl-CG) | 1 of 1 ✔
[87/3c313b] summary:DQSPY (evoC_Bap1_run)  | 1 of 1 ✔
Plus 4 more processes waiting for tasks…

executor >  slurm (92)
[52/6a699d] res…AW (evoC-Bap1-mut-F, L002) | 4 of 4 ✔
[5b/a1da4a] res…DE (evoC-Bap1-mut-F, L002) | 4 of 4 ✔
[-        ] resolve_align:FASTQC_RESOLVED  -
[01/56f00b] res…M2 (evoC-Bap1-mut-F, L002) | 4 of 4, retries: 1 ✔
[-        ] res…align:SAMTOOLS_MERGE_LANES -
[-        ] resolve_align:PRESEQ           -
[28/806af0] bam…t:BAMLET (evoC-Bap1-mut-F) | 4 of 4 ✔
[55/b753e2] bam…AP_BAMQC (evoC-Bap1-mut-F) | 4 of 4 ✔
[55/f0bd54] bam…TSS_BIAS (evoC-Bap1-mut-F) | 4 of 4 ✔
[-        ] bam…:DEEPTOOLS_PLOTFINGERPRINT -
[92/c27283] bam…D_GCBIAS (evoC-Bap1-mut-F) | 4 of 4 ✔
[67/ac31b6] bam…ACCURACY (evoC-Bap1-mut-F) | 4 of 4 ✔
[d4/685d14] var…_CALLER (evoC-Bap1-ctrl-F) | 2 of 4
[18/a2c784] var…NTERVALS (GRCm38_filtered) | 1 of 1 ✔
[-        ] var…calling:GENOMICS_DB_IMPORT -
[-        ] variant_calling:GENOTYPE_GVCFS -
[-        ] var…t_calling:MERGE_JOINT_VCFS -
[-        ] variant_calling:ASM            -
[-        ] var…_calling:MERGE_ASM_OUTPUTS -
[b1/95fc6d] var…:MUTECT2 (evoC-Bap1-mut-F) | 4 of 4 ✔
[6b/3dc252] mbi…voC-Bap1-mut-F-CG-5-prime) | 12 of 12 ✔
[40/a97ed8] epi…ZARR (evoC-Bap1-mut-F-CHG) | 9 of 12
[56/7e69a7] epi…PORT (evoC-Bap1-mut-F_CHG) | 0 of 9
[36/320bbb] epi…2ZARR (evoC-Bap1-mut-F-CG) | 4 of 4 ✔
[b5/0a0405] epi…XPORT (evoC-Bap1-mut-F_CG) | 4 of 4 ✔
[aa/e30408] epi…2ZARR (evoC-Bap1-mut-F-CG) | 4 of 4 ✔
[99/2d9dc3] epi…XPORT (evoC-Bap1-mut-F_CG) | 4 of 4 ✔
[f1/4b9fbc] epi…voC_Bap1_run-long_ctrl-CG) | 1 of 1 ✔
[87/3c313b] summary:DQSPY (evoC_Bap1_run)  | 1 of 1 ✔
Plus 4 more processes waiting for tasks…

executor >  slurm (92)
[52/6a699d] res…AW (evoC-Bap1-mut-F, L002) | 4 of 4 ✔
[5b/a1da4a] res…DE (evoC-Bap1-mut-F, L002) | 4 of 4 ✔
[-        ] resolve_align:FASTQC_RESOLVED  -
[01/56f00b] res…M2 (evoC-Bap1-mut-F, L002) | 4 of 4, retries: 1 ✔
[-        ] res…align:SAMTOOLS_MERGE_LANES -
[-        ] resolve_align:PRESEQ           -
[28/806af0] bam…t:BAMLET (evoC-Bap1-mut-F) | 4 of 4 ✔
[55/b753e2] bam…AP_BAMQC (evoC-Bap1-mut-F) | 4 of 4 ✔
[55/f0bd54] bam…TSS_BIAS (evoC-Bap1-mut-F) | 4 of 4 ✔
[-        ] bam…:DEEPTOOLS_PLOTFINGERPRINT -
[92/c27283] bam…D_GCBIAS (evoC-Bap1-mut-F) | 4 of 4 ✔
[67/ac31b6] bam…ACCURACY (evoC-Bap1-mut-F) | 4 of 4 ✔
[ed/4a1b65] var…E_CALLER (evoC-Bap1-mut-M) | 3 of 4
[18/a2c784] var…NTERVALS (GRCm38_filtered) | 1 of 1 ✔
[-        ] var…calling:GENOMICS_DB_IMPORT -
[-        ] variant_calling:GENOTYPE_GVCFS -
[-        ] var…t_calling:MERGE_JOINT_VCFS -
[-        ] variant_calling:ASM            -
[-        ] var…_calling:MERGE_ASM_OUTPUTS -
[b1/95fc6d] var…:MUTECT2 (evoC-Bap1-mut-F) | 4 of 4 ✔
[6b/3dc252] mbi…voC-Bap1-mut-F-CG-5-prime) | 12 of 12 ✔
[40/a97ed8] epi…ZARR (evoC-Bap1-mut-F-CHG) | 9 of 12
[56/7e69a7] epi…PORT (evoC-Bap1-mut-F_CHG) | 0 of 9
[36/320bbb] epi…2ZARR (evoC-Bap1-mut-F-CG) | 4 of 4 ✔
[b5/0a0405] epi…XPORT (evoC-Bap1-mut-F_CG) | 4 of 4 ✔
[aa/e30408] epi…2ZARR (evoC-Bap1-mut-F-CG) | 4 of 4 ✔
[99/2d9dc3] epi…XPORT (evoC-Bap1-mut-F_CG) | 4 of 4 ✔
[f1/4b9fbc] epi…voC_Bap1_run-long_ctrl-CG) | 1 of 1 ✔
[87/3c313b] summary:DQSPY (evoC_Bap1_run)  | 1 of 1 ✔
Plus 4 more processes waiting for tasks…

executor >  slurm (92)
[52/6a699d] res…AW (evoC-Bap1-mut-F, L002) | 4 of 4 ✔
[5b/a1da4a] res…DE (evoC-Bap1-mut-F, L002) | 4 of 4 ✔
[-        ] resolve_align:FASTQC_RESOLVED  -
[01/56f00b] res…M2 (evoC-Bap1-mut-F, L002) | 4 of 4, retries: 1 ✔
[-        ] res…align:SAMTOOLS_MERGE_LANES -
[-        ] resolve_align:PRESEQ           -
[28/806af0] bam…t:BAMLET (evoC-Bap1-mut-F) | 4 of 4 ✔
[55/b753e2] bam…AP_BAMQC (evoC-Bap1-mut-F) | 4 of 4 ✔
[55/f0bd54] bam…TSS_BIAS (evoC-Bap1-mut-F) | 4 of 4 ✔
[-        ] bam…:DEEPTOOLS_PLOTFINGERPRINT -
[92/c27283] bam…D_GCBIAS (evoC-Bap1-mut-F) | 4 of 4 ✔
[67/ac31b6] bam…ACCURACY (evoC-Bap1-mut-F) | 4 of 4 ✔
[ed/4a1b65] var…E_CALLER (evoC-Bap1-mut-M) | 3 of 4
[18/a2c784] var…NTERVALS (GRCm38_filtered) | 1 of 1 ✔
[-        ] var…calling:GENOMICS_DB_IMPORT -
[-        ] variant_calling:GENOTYPE_GVCFS -
[-        ] var…t_calling:MERGE_JOINT_VCFS -
[-        ] variant_calling:ASM            -
[-        ] var…_calling:MERGE_ASM_OUTPUTS -
[b1/95fc6d] var…:MUTECT2 (evoC-Bap1-mut-F) | 4 of 4 ✔
[6b/3dc252] mbi…voC-Bap1-mut-F-CG-5-prime) | 12 of 12 ✔
[40/a97ed8] epi…ZARR (evoC-Bap1-mut-F-CHG) | 9 of 12
[5b/1bbbd1] epi…PORT (evoC-Bap1-ctrl-M_CG) | 1 of 9
[36/320bbb] epi…2ZARR (evoC-Bap1-mut-F-CG) | 4 of 4 ✔
[b5/0a0405] epi…XPORT (evoC-Bap1-mut-F_CG) | 4 of 4 ✔
[aa/e30408] epi…2ZARR (evoC-Bap1-mut-F-CG) | 4 of 4 ✔
[99/2d9dc3] epi…XPORT (evoC-Bap1-mut-F_CG) | 4 of 4 ✔
[f1/4b9fbc] epi…voC_Bap1_run-long_ctrl-CG) | 1 of 1 ✔
[87/3c313b] summary:DQSPY (evoC_Bap1_run)  | 1 of 1 ✔
Plus 4 more processes waiting for tasks…

executor >  slurm (92)
[52/6a699d] res…AW (evoC-Bap1-mut-F, L002) | 4 of 4 ✔
[5b/a1da4a] res…DE (evoC-Bap1-mut-F, L002) | 4 of 4 ✔
[-        ] resolve_align:FASTQC_RESOLVED  -
[01/56f00b] res…M2 (evoC-Bap1-mut-F, L002) | 4 of 4, retries: 1 ✔
[-        ] res…align:SAMTOOLS_MERGE_LANES -
[-        ] resolve_align:PRESEQ           -
[28/806af0] bam…t:BAMLET (evoC-Bap1-mut-F) | 4 of 4 ✔
[55/b753e2] bam…AP_BAMQC (evoC-Bap1-mut-F) | 4 of 4 ✔
[55/f0bd54] bam…TSS_BIAS (evoC-Bap1-mut-F) | 4 of 4 ✔
[-        ] bam…:DEEPTOOLS_PLOTFINGERPRINT -
[92/c27283] bam…D_GCBIAS (evoC-Bap1-mut-F) | 4 of 4 ✔
[67/ac31b6] bam…ACCURACY (evoC-Bap1-mut-F) | 4 of 4 ✔
[ed/4a1b65] var…E_CALLER (evoC-Bap1-mut-M) | 3 of 4
[18/a2c784] var…NTERVALS (GRCm38_filtered) | 1 of 1 ✔
[-        ] var…calling:GENOMICS_DB_IMPORT -
[-        ] variant_calling:GENOTYPE_GVCFS -
[-        ] var…t_calling:MERGE_JOINT_VCFS -
[-        ] variant_calling:ASM            -
[-        ] var…_calling:MERGE_ASM_OUTPUTS -
[b1/95fc6d] var…:MUTECT2 (evoC-Bap1-mut-F) | 4 of 4 ✔
[6b/3dc252] mbi…voC-Bap1-mut-F-CG-5-prime) | 12 of 12 ✔
[ee/722a49] epi…ARR (evoC-Bap1-ctrl-M-CHH) | 10 of 12
[5b/1bbbd1] epi…PORT (evoC-Bap1-ctrl-M_CG) | 1 of 10
[36/320bbb] epi…2ZARR (evoC-Bap1-mut-F-CG) | 4 of 4 ✔
[b5/0a0405] epi…XPORT (evoC-Bap1-mut-F_CG) | 4 of 4 ✔
[aa/e30408] epi…2ZARR (evoC-Bap1-mut-F-CG) | 4 of 4 ✔
[99/2d9dc3] epi…XPORT (evoC-Bap1-mut-F_CG) | 4 of 4 ✔
[f1/4b9fbc] epi…voC_Bap1_run-long_ctrl-CG) | 1 of 1 ✔
[87/3c313b] summary:DQSPY (evoC_Bap1_run)  | 1 of 1 ✔
Plus 4 more processes waiting for tasks…

executor >  slurm (93)
[52/6a699d] res…AW (evoC-Bap1-mut-F, L002) | 4 of 4 ✔
[5b/a1da4a] res…DE (evoC-Bap1-mut-F, L002) | 4 of 4 ✔
[-        ] resolve_align:FASTQC_RESOLVED  -
[01/56f00b] res…M2 (evoC-Bap1-mut-F, L002) | 4 of 4, retries: 1 ✔
[-        ] res…align:SAMTOOLS_MERGE_LANES -
[-        ] resolve_align:PRESEQ           -
[28/806af0] bam…t:BAMLET (evoC-Bap1-mut-F) | 4 of 4 ✔
[55/b753e2] bam…AP_BAMQC (evoC-Bap1-mut-F) | 4 of 4 ✔
[55/f0bd54] bam…TSS_BIAS (evoC-Bap1-mut-F) | 4 of 4 ✔
[-        ] bam…:DEEPTOOLS_PLOTFINGERPRINT -
[92/c27283] bam…D_GCBIAS (evoC-Bap1-mut-F) | 4 of 4 ✔
[67/ac31b6] bam…ACCURACY (evoC-Bap1-mut-F) | 4 of 4 ✔
[ed/4a1b65] var…E_CALLER (evoC-Bap1-mut-M) | 3 of 4
[18/a2c784] var…NTERVALS (GRCm38_filtered) | 1 of 1 ✔
[-        ] var…calling:GENOMICS_DB_IMPORT -
[-        ] variant_calling:GENOTYPE_GVCFS -
[-        ] var…t_calling:MERGE_JOINT_VCFS -
[-        ] variant_calling:ASM            -
[-        ] var…_calling:MERGE_ASM_OUTPUTS -
[b1/95fc6d] var…:MUTECT2 (evoC-Bap1-mut-F) | 4 of 4 ✔
[6b/3dc252] mbi…voC-Bap1-mut-F-CG-5-prime) | 12 of 12 ✔
[ee/722a49] epi…ARR (evoC-Bap1-ctrl-M-CHH) | 10 of 12
[d9/bc113d] epi…ORT (evoC-Bap1-ctrl-M_CHH) | 1 of 10
[36/320bbb] epi…2ZARR (evoC-Bap1-mut-F-CG) | 4 of 4 ✔
[b5/0a0405] epi…XPORT (evoC-Bap1-mut-F_CG) | 4 of 4 ✔
[aa/e30408] epi…2ZARR (evoC-Bap1-mut-F-CG) | 4 of 4 ✔
[99/2d9dc3] epi…XPORT (evoC-Bap1-mut-F_CG) | 4 of 4 ✔
[f1/4b9fbc] epi…voC_Bap1_run-long_ctrl-CG) | 1 of 1 ✔
[87/3c313b] summary:DQSPY (evoC_Bap1_run)  | 1 of 1 ✔
Plus 4 more processes waiting for tasks…

executor >  slurm (93)
[52/6a699d] res…AW (evoC-Bap1-mut-F, L002) | 4 of 4 ✔
[5b/a1da4a] res…DE (evoC-Bap1-mut-F, L002) | 4 of 4 ✔
[-        ] resolve_align:FASTQC_RESOLVED  -
[01/56f00b] res…M2 (evoC-Bap1-mut-F, L002) | 4 of 4, retries: 1 ✔
[-        ] res…align:SAMTOOLS_MERGE_LANES -
[-        ] resolve_align:PRESEQ           -
[28/806af0] bam…t:BAMLET (evoC-Bap1-mut-F) | 4 of 4 ✔
[55/b753e2] bam…AP_BAMQC (evoC-Bap1-mut-F) | 4 of 4 ✔
[55/f0bd54] bam…TSS_BIAS (evoC-Bap1-mut-F) | 4 of 4 ✔
[-        ] bam…:DEEPTOOLS_PLOTFINGERPRINT -
[92/c27283] bam…D_GCBIAS (evoC-Bap1-mut-F) | 4 of 4 ✔
[67/ac31b6] bam…ACCURACY (evoC-Bap1-mut-F) | 4 of 4 ✔
[ed/4a1b65] var…E_CALLER (evoC-Bap1-mut-M) | 3 of 4
[18/a2c784] var…NTERVALS (GRCm38_filtered) | 1 of 1 ✔
[-        ] var…calling:GENOMICS_DB_IMPORT -
[-        ] variant_calling:GENOTYPE_GVCFS -
[-        ] var…t_calling:MERGE_JOINT_VCFS -
[-        ] variant_calling:ASM            -
[-        ] var…_calling:MERGE_ASM_OUTPUTS -
[b1/95fc6d] var…:MUTECT2 (evoC-Bap1-mut-F) | 4 of 4 ✔
[6b/3dc252] mbi…voC-Bap1-mut-F-CG-5-prime) | 12 of 12 ✔
[ee/722a49] epi…ARR (evoC-Bap1-ctrl-M-CHH) | 10 of 12
[d9/bc113d] epi…ORT (evoC-Bap1-ctrl-M_CHH) | 1 of 10
[36/320bbb] epi…2ZARR (evoC-Bap1-mut-F-CG) | 4 of 4 ✔
[b5/0a0405] epi…XPORT (evoC-Bap1-mut-F_CG) | 4 of 4 ✔
[aa/e30408] epi…2ZARR (evoC-Bap1-mut-F-CG) | 4 of 4 ✔
[99/2d9dc3] epi…XPORT (evoC-Bap1-mut-F_CG) | 4 of 4 ✔
[f1/4b9fbc] epi…voC_Bap1_run-long_ctrl-CG) | 1 of 1 ✔
[87/3c313b] summary:DQSPY (evoC_Bap1_run)  | 1 of 1 ✔
Plus 4 more processes waiting for tasks…

executor >  slurm (93)
[52/6a699d] res…AW (evoC-Bap1-mut-F, L002) | 4 of 4 ✔
[5b/a1da4a] res…DE (evoC-Bap1-mut-F, L002) | 4 of 4 ✔
[-        ] resolve_align:FASTQC_RESOLVED  -
[01/56f00b] res…M2 (evoC-Bap1-mut-F, L002) | 4 of 4, retries: 1 ✔
[-        ] res…align:SAMTOOLS_MERGE_LANES -
[-        ] resolve_align:PRESEQ           -
[28/806af0] bam…t:BAMLET (evoC-Bap1-mut-F) | 4 of 4 ✔
[55/b753e2] bam…AP_BAMQC (evoC-Bap1-mut-F) | 4 of 4 ✔
[55/f0bd54] bam…TSS_BIAS (evoC-Bap1-mut-F) | 4 of 4 ✔
[-        ] bam…:DEEPTOOLS_PLOTFINGERPRINT -
[92/c27283] bam…D_GCBIAS (evoC-Bap1-mut-F) | 4 of 4 ✔
[67/ac31b6] bam…ACCURACY (evoC-Bap1-mut-F) | 4 of 4 ✔
[ed/4a1b65] var…E_CALLER (evoC-Bap1-mut-M) | 3 of 4
[18/a2c784] var…NTERVALS (GRCm38_filtered) | 1 of 1 ✔
[-        ] var…calling:GENOMICS_DB_IMPORT -
[-        ] variant_calling:GENOTYPE_GVCFS -
[-        ] var…t_calling:MERGE_JOINT_VCFS -
[-        ] variant_calling:ASM            -
[-        ] var…_calling:MERGE_ASM_OUTPUTS -
[b1/95fc6d] var…:MUTECT2 (evoC-Bap1-mut-F) | 4 of 4 ✔
[6b/3dc252] mbi…voC-Bap1-mut-F-CG-5-prime) | 12 of 12 ✔
[ee/722a49] epi…ARR (evoC-Bap1-ctrl-M-CHH) | 10 of 12
[15/7fa4dd] epi…PORT (evoC-Bap1-ctrl-F_CG) | 2 of 10
[36/320bbb] epi…2ZARR (evoC-Bap1-mut-F-CG) | 4 of 4 ✔
[b5/0a0405] epi…XPORT (evoC-Bap1-mut-F_CG) | 4 of 4 ✔
[aa/e30408] epi…2ZARR (evoC-Bap1-mut-F-CG) | 4 of 4 ✔
[99/2d9dc3] epi…XPORT (evoC-Bap1-mut-F_CG) | 4 of 4 ✔
[f1/4b9fbc] epi…voC_Bap1_run-long_ctrl-CG) | 1 of 1 ✔
[87/3c313b] summary:DQSPY (evoC_Bap1_run)  | 1 of 1 ✔
Plus 4 more processes waiting for tasks…

executor >  slurm (94)
[52/6a699d] res…AW (evoC-Bap1-mut-F, L002) | 4 of 4 ✔
[5b/a1da4a] res…DE (evoC-Bap1-mut-F, L002) | 4 of 4 ✔
[-        ] resolve_align:FASTQC_RESOLVED  -
[01/56f00b] res…M2 (evoC-Bap1-mut-F, L002) | 4 of 4, retries: 1 ✔
[-        ] res…align:SAMTOOLS_MERGE_LANES -
[-        ] resolve_align:PRESEQ           -
[28/806af0] bam…t:BAMLET (evoC-Bap1-mut-F) | 4 of 4 ✔
[55/b753e2] bam…AP_BAMQC (evoC-Bap1-mut-F) | 4 of 4 ✔
[55/f0bd54] bam…TSS_BIAS (evoC-Bap1-mut-F) | 4 of 4 ✔
[-        ] bam…:DEEPTOOLS_PLOTFINGERPRINT -
[92/c27283] bam…D_GCBIAS (evoC-Bap1-mut-F) | 4 of 4 ✔
[67/ac31b6] bam…ACCURACY (evoC-Bap1-mut-F) | 4 of 4 ✔
[ed/4a1b65] var…E_CALLER (evoC-Bap1-mut-M) | 3 of 4
[18/a2c784] var…NTERVALS (GRCm38_filtered) | 1 of 1 ✔
[-        ] var…calling:GENOMICS_DB_IMPORT -
[-        ] variant_calling:GENOTYPE_GVCFS -
[-        ] var…t_calling:MERGE_JOINT_VCFS -
[-        ] variant_calling:ASM            -
[-        ] var…_calling:MERGE_ASM_OUTPUTS -
[b1/95fc6d] var…:MUTECT2 (evoC-Bap1-mut-F) | 4 of 4 ✔
[6b/3dc252] mbi…voC-Bap1-mut-F-CG-5-prime) | 12 of 12 ✔
[69/d0bc5f] epi…ZARR (evoC-Bap1-mut-M-CHH) | 11 of 12
[12/f242a9] epi…PORT (evoC-Bap1-mut-M_CHH) | 2 of 11
[36/320bbb] epi…2ZARR (evoC-Bap1-mut-F-CG) | 4 of 4 ✔
[b5/0a0405] epi…XPORT (evoC-Bap1-mut-F_CG) | 4 of 4 ✔
[aa/e30408] epi…2ZARR (evoC-Bap1-mut-F-CG) | 4 of 4 ✔
[99/2d9dc3] epi…XPORT (evoC-Bap1-mut-F_CG) | 4 of 4 ✔
[f1/4b9fbc] epi…voC_Bap1_run-long_ctrl-CG) | 1 of 1 ✔
[87/3c313b] summary:DQSPY (evoC_Bap1_run)  | 1 of 1 ✔
Plus 4 more processes waiting for tasks…

executor >  slurm (94)
[52/6a699d] res…AW (evoC-Bap1-mut-F, L002) | 4 of 4 ✔
[5b/a1da4a] res…DE (evoC-Bap1-mut-F, L002) | 4 of 4 ✔
[-        ] resolve_align:FASTQC_RESOLVED  -
[01/56f00b] res…M2 (evoC-Bap1-mut-F, L002) | 4 of 4, retries: 1 ✔
[-        ] res…align:SAMTOOLS_MERGE_LANES -
[-        ] resolve_align:PRESEQ           -
[28/806af0] bam…t:BAMLET (evoC-Bap1-mut-F) | 4 of 4 ✔
[55/b753e2] bam…AP_BAMQC (evoC-Bap1-mut-F) | 4 of 4 ✔
[55/f0bd54] bam…TSS_BIAS (evoC-Bap1-mut-F) | 4 of 4 ✔
[-        ] bam…:DEEPTOOLS_PLOTFINGERPRINT -
[92/c27283] bam…D_GCBIAS (evoC-Bap1-mut-F) | 4 of 4 ✔
[67/ac31b6] bam…ACCURACY (evoC-Bap1-mut-F) | 4 of 4 ✔
[ed/4a1b65] var…E_CALLER (evoC-Bap1-mut-M) | 3 of 4
[18/a2c784] var…NTERVALS (GRCm38_filtered) | 1 of 1 ✔
[-        ] var…calling:GENOMICS_DB_IMPORT -
[-        ] variant_calling:GENOTYPE_GVCFS -
[-        ] var…t_calling:MERGE_JOINT_VCFS -
[-        ] variant_calling:ASM            -
[-        ] var…_calling:MERGE_ASM_OUTPUTS -
[b1/95fc6d] var…:MUTECT2 (evoC-Bap1-mut-F) | 4 of 4 ✔
[6b/3dc252] mbi…voC-Bap1-mut-F-CG-5-prime) | 12 of 12 ✔
[69/d0bc5f] epi…ZARR (evoC-Bap1-mut-M-CHH) | 11 of 12
[12/f242a9] epi…PORT (evoC-Bap1-mut-M_CHH) | 2 of 11
[36/320bbb] epi…2ZARR (evoC-Bap1-mut-F-CG) | 4 of 4 ✔
[b5/0a0405] epi…XPORT (evoC-Bap1-mut-F_CG) | 4 of 4 ✔
[aa/e30408] epi…2ZARR (evoC-Bap1-mut-F-CG) | 4 of 4 ✔
[99/2d9dc3] epi…XPORT (evoC-Bap1-mut-F_CG) | 4 of 4 ✔
[f1/4b9fbc] epi…voC_Bap1_run-long_ctrl-CG) | 1 of 1 ✔
[87/3c313b] summary:DQSPY (evoC_Bap1_run)  | 1 of 1 ✔
Plus 4 more processes waiting for tasks…

executor >  slurm (94)
[52/6a699d] res…AW (evoC-Bap1-mut-F, L002) | 4 of 4 ✔
[5b/a1da4a] res…DE (evoC-Bap1-mut-F, L002) | 4 of 4 ✔
[-        ] resolve_align:FASTQC_RESOLVED  -
[01/56f00b] res…M2 (evoC-Bap1-mut-F, L002) | 4 of 4, retries: 1 ✔
[-        ] res…align:SAMTOOLS_MERGE_LANES -
[-        ] resolve_align:PRESEQ           -
[28/806af0] bam…t:BAMLET (evoC-Bap1-mut-F) | 4 of 4 ✔
[55/b753e2] bam…AP_BAMQC (evoC-Bap1-mut-F) | 4 of 4 ✔
[55/f0bd54] bam…TSS_BIAS (evoC-Bap1-mut-F) | 4 of 4 ✔
[-        ] bam…:DEEPTOOLS_PLOTFINGERPRINT -
[92/c27283] bam…D_GCBIAS (evoC-Bap1-mut-F) | 4 of 4 ✔
[67/ac31b6] bam…ACCURACY (evoC-Bap1-mut-F) | 4 of 4 ✔
[ed/4a1b65] var…E_CALLER (evoC-Bap1-mut-M) | 3 of 4
[18/a2c784] var…NTERVALS (GRCm38_filtered) | 1 of 1 ✔
[-        ] var…calling:GENOMICS_DB_IMPORT -
[-        ] variant_calling:GENOTYPE_GVCFS -
[-        ] var…t_calling:MERGE_JOINT_VCFS -
[-        ] variant_calling:ASM            -
[-        ] var…_calling:MERGE_ASM_OUTPUTS -
[b1/95fc6d] var…:MUTECT2 (evoC-Bap1-mut-F) | 4 of 4 ✔
[6b/3dc252] mbi…voC-Bap1-mut-F-CG-5-prime) | 12 of 12 ✔
[69/d0bc5f] epi…ZARR (evoC-Bap1-mut-M-CHH) | 11 of 12
[c3/6cd586] epi…XPORT (evoC-Bap1-mut-M_CG) | 3 of 11
[36/320bbb] epi…2ZARR (evoC-Bap1-mut-F-CG) | 4 of 4 ✔
[b5/0a0405] epi…XPORT (evoC-Bap1-mut-F_CG) | 4 of 4 ✔
[aa/e30408] epi…2ZARR (evoC-Bap1-mut-F-CG) | 4 of 4 ✔
[99/2d9dc3] epi…XPORT (evoC-Bap1-mut-F_CG) | 4 of 4 ✔
[f1/4b9fbc] epi…voC_Bap1_run-long_ctrl-CG) | 1 of 1 ✔
[87/3c313b] summary:DQSPY (evoC_Bap1_run)  | 1 of 1 ✔
Plus 4 more processes waiting for tasks…

executor >  slurm (94)
[52/6a699d] res…AW (evoC-Bap1-mut-F, L002) | 4 of 4 ✔
[5b/a1da4a] res…DE (evoC-Bap1-mut-F, L002) | 4 of 4 ✔
[-        ] resolve_align:FASTQC_RESOLVED  -
[01/56f00b] res…M2 (evoC-Bap1-mut-F, L002) | 4 of 4, retries: 1 ✔
[-        ] res…align:SAMTOOLS_MERGE_LANES -
[-        ] resolve_align:PRESEQ           -
[28/806af0] bam…t:BAMLET (evoC-Bap1-mut-F) | 4 of 4 ✔
[55/b753e2] bam…AP_BAMQC (evoC-Bap1-mut-F) | 4 of 4 ✔
[55/f0bd54] bam…TSS_BIAS (evoC-Bap1-mut-F) | 4 of 4 ✔
[-        ] bam…:DEEPTOOLS_PLOTFINGERPRINT -
[92/c27283] bam…D_GCBIAS (evoC-Bap1-mut-F) | 4 of 4 ✔
[67/ac31b6] bam…ACCURACY (evoC-Bap1-mut-F) | 4 of 4 ✔
[c7/c4f725] var…E_CALLER (evoC-Bap1-mut-F) | 4 of 4 ✔
[18/a2c784] var…NTERVALS (GRCm38_filtered) | 1 of 1 ✔
[-        ] var…calling:GENOMICS_DB_IMPORT -
[-        ] variant_calling:GENOTYPE_GVCFS -
[-        ] var…t_calling:MERGE_JOINT_VCFS -
[-        ] variant_calling:ASM            -
[-        ] var…_calling:MERGE_ASM_OUTPUTS -
[b1/95fc6d] var…:MUTECT2 (evoC-Bap1-mut-F) | 4 of 4 ✔
[6b/3dc252] mbi…voC-Bap1-mut-F-CG-5-prime) | 12 of 12 ✔
[69/d0bc5f] epi…ZARR (evoC-Bap1-mut-M-CHH) | 11 of 12
[c3/6cd586] epi…XPORT (evoC-Bap1-mut-M_CG) | 3 of 11
[36/320bbb] epi…2ZARR (evoC-Bap1-mut-F-CG) | 4 of 4 ✔
[b5/0a0405] epi…XPORT (evoC-Bap1-mut-F_CG) | 4 of 4 ✔
[aa/e30408] epi…2ZARR (evoC-Bap1-mut-F-CG) | 4 of 4 ✔
[99/2d9dc3] epi…XPORT (evoC-Bap1-mut-F_CG) | 4 of 4 ✔
[f1/4b9fbc] epi…voC_Bap1_run-long_ctrl-CG) | 1 of 1 ✔
[87/3c313b] summary:DQSPY (evoC_Bap1_run)  | 1 of 1 ✔
Plus 4 more processes waiting for tasks…

executor >  slurm (96)
[52/6a699d] res…AW (evoC-Bap1-mut-F, L002) | 4 of 4 ✔
[5b/a1da4a] res…DE (evoC-Bap1-mut-F, L002) | 4 of 4 ✔
[-        ] resolve_align:FASTQC_RESOLVED  -
[01/56f00b] res…M2 (evoC-Bap1-mut-F, L002) | 4 of 4, retries: 1 ✔
[-        ] res…align:SAMTOOLS_MERGE_LANES -
[-        ] resolve_align:PRESEQ           -
[28/806af0] bam…t:BAMLET (evoC-Bap1-mut-F) | 4 of 4 ✔
[55/b753e2] bam…AP_BAMQC (evoC-Bap1-mut-F) | 4 of 4 ✔
[55/f0bd54] bam…TSS_BIAS (evoC-Bap1-mut-F) | 4 of 4 ✔
[-        ] bam…:DEEPTOOLS_PLOTFINGERPRINT -
[92/c27283] bam…D_GCBIAS (evoC-Bap1-mut-F) | 4 of 4 ✔
[67/ac31b6] bam…ACCURACY (evoC-Bap1-mut-F) | 4 of 4 ✔
[c7/c4f725] var…E_CALLER (evoC-Bap1-mut-F) | 4 of 4 ✔
[18/a2c784] var…NTERVALS (GRCm38_filtered) | 1 of 1 ✔
[40/1b73c7] var…DB_IMPORT (Interval: 0009) | 0 of 20
[-        ] variant_calling:GENOTYPE_GVCFS -
[-        ] var…t_calling:MERGE_JOINT_VCFS -
[-        ] variant_calling:ASM            -
[-        ] var…_calling:MERGE_ASM_OUTPUTS -
[b1/95fc6d] var…:MUTECT2 (evoC-Bap1-mut-F) | 4 of 4 ✔
[6b/3dc252] mbi…voC-Bap1-mut-F-CG-5-prime) | 12 of 12 ✔
[69/d0bc5f] epi…ZARR (evoC-Bap1-mut-M-CHH) | 11 of 12
[c3/6cd586] epi…XPORT (evoC-Bap1-mut-M_CG) | 3 of 11
[36/320bbb] epi…2ZARR (evoC-Bap1-mut-F-CG) | 4 of 4 ✔
[b5/0a0405] epi…XPORT (evoC-Bap1-mut-F_CG) | 4 of 4 ✔
[aa/e30408] epi…2ZARR (evoC-Bap1-mut-F-CG) | 4 of 4 ✔
[99/2d9dc3] epi…XPORT (evoC-Bap1-mut-F_CG) | 4 of 4 ✔
[f1/4b9fbc] epi…voC_Bap1_run-long_ctrl-CG) | 1 of 1 ✔
[87/3c313b] summary:DQSPY (evoC_Bap1_run)  | 1 of 1 ✔
Plus 4 more processes waiting for tasks…

executor >  slurm (99)
[52/6a699d] res…AW (evoC-Bap1-mut-F, L002) | 4 of 4 ✔
[5b/a1da4a] res…DE (evoC-Bap1-mut-F, L002) | 4 of 4 ✔
[-        ] resolve_align:FASTQC_RESOLVED  -
[01/56f00b] res…M2 (evoC-Bap1-mut-F, L002) | 4 of 4, retries: 1 ✔
[-        ] res…align:SAMTOOLS_MERGE_LANES -
[-        ] resolve_align:PRESEQ           -
[28/806af0] bam…t:BAMLET (evoC-Bap1-mut-F) | 4 of 4 ✔
[55/b753e2] bam…AP_BAMQC (evoC-Bap1-mut-F) | 4 of 4 ✔
[55/f0bd54] bam…TSS_BIAS (evoC-Bap1-mut-F) | 4 of 4 ✔
[-        ] bam…:DEEPTOOLS_PLOTFINGERPRINT -
[92/c27283] bam…D_GCBIAS (evoC-Bap1-mut-F) | 4 of 4 ✔
[67/ac31b6] bam…ACCURACY (evoC-Bap1-mut-F) | 4 of 4 ✔
[c7/c4f725] var…E_CALLER (evoC-Bap1-mut-F) | 4 of 4 ✔
[18/a2c784] var…NTERVALS (GRCm38_filtered) | 1 of 1 ✔
[e8/696ce9] var…DB_IMPORT (Interval: 0008) | 0 of 20
[-        ] variant_calling:GENOTYPE_GVCFS -
[-        ] var…t_calling:MERGE_JOINT_VCFS -
[-        ] variant_calling:ASM            -
[-        ] var…_calling:MERGE_ASM_OUTPUTS -
[b1/95fc6d] var…:MUTECT2 (evoC-Bap1-mut-F) | 4 of 4 ✔
[6b/3dc252] mbi…voC-Bap1-mut-F-CG-5-prime) | 12 of 12 ✔
[69/d0bc5f] epi…ZARR (evoC-Bap1-mut-M-CHH) | 11 of 12
[c3/6cd586] epi…XPORT (evoC-Bap1-mut-M_CG) | 3 of 11
[36/320bbb] epi…2ZARR (evoC-Bap1-mut-F-CG) | 4 of 4 ✔
[b5/0a0405] epi…XPORT (evoC-Bap1-mut-F_CG) | 4 of 4 ✔
[aa/e30408] epi…2ZARR (evoC-Bap1-mut-F-CG) | 4 of 4 ✔
[99/2d9dc3] epi…XPORT (evoC-Bap1-mut-F_CG) | 4 of 4 ✔
[f1/4b9fbc] epi…voC_Bap1_run-long_ctrl-CG) | 1 of 1 ✔
[87/3c313b] summary:DQSPY (evoC_Bap1_run)  | 1 of 1 ✔
Plus 4 more processes waiting for tasks…

executor >  slurm (103)
[52/6a699d] res…AW (evoC-Bap1-mut-F, L002) | 4 of 4 ✔
[5b/a1da4a] res…DE (evoC-Bap1-mut-F, L002) | 4 of 4 ✔
[-        ] resolve_align:FASTQC_RESOLVED  -
[01/56f00b] res…M2 (evoC-Bap1-mut-F, L002) | 4 of 4, retries: 1 ✔
[-        ] res…align:SAMTOOLS_MERGE_LANES -
[-        ] resolve_align:PRESEQ           -
[28/806af0] bam…t:BAMLET (evoC-Bap1-mut-F) | 4 of 4 ✔
[55/b753e2] bam…AP_BAMQC (evoC-Bap1-mut-F) | 4 of 4 ✔
[55/f0bd54] bam…TSS_BIAS (evoC-Bap1-mut-F) | 4 of 4 ✔
[-        ] bam…:DEEPTOOLS_PLOTFINGERPRINT -
[92/c27283] bam…D_GCBIAS (evoC-Bap1-mut-F) | 4 of 4 ✔
[67/ac31b6] bam…ACCURACY (evoC-Bap1-mut-F) | 4 of 4 ✔
[c7/c4f725] var…E_CALLER (evoC-Bap1-mut-F) | 4 of 4 ✔
[18/a2c784] var…NTERVALS (GRCm38_filtered) | 1 of 1 ✔
[bf/735a2f] var…DB_IMPORT (Interval: 0005) | 0 of 20
[-        ] variant_calling:GENOTYPE_GVCFS -
[-        ] var…t_calling:MERGE_JOINT_VCFS -
[-        ] variant_calling:ASM            -
[-        ] var…_calling:MERGE_ASM_OUTPUTS -
[b1/95fc6d] var…:MUTECT2 (evoC-Bap1-mut-F) | 4 of 4 ✔
[6b/3dc252] mbi…voC-Bap1-mut-F-CG-5-prime) | 12 of 12 ✔
[69/d0bc5f] epi…ZARR (evoC-Bap1-mut-M-CHH) | 11 of 12
[c3/6cd586] epi…XPORT (evoC-Bap1-mut-M_CG) | 3 of 11
[36/320bbb] epi…2ZARR (evoC-Bap1-mut-F-CG) | 4 of 4 ✔
[b5/0a0405] epi…XPORT (evoC-Bap1-mut-F_CG) | 4 of 4 ✔
[aa/e30408] epi…2ZARR (evoC-Bap1-mut-F-CG) | 4 of 4 ✔
[99/2d9dc3] epi…XPORT (evoC-Bap1-mut-F_CG) | 4 of 4 ✔
[f1/4b9fbc] epi…voC_Bap1_run-long_ctrl-CG) | 1 of 1 ✔
[87/3c313b] summary:DQSPY (evoC_Bap1_run)  | 1 of 1 ✔
Plus 4 more processes waiting for tasks…

executor >  slurm (106)
[52/6a699d] res…AW (evoC-Bap1-mut-F, L002) | 4 of 4 ✔
[5b/a1da4a] res…DE (evoC-Bap1-mut-F, L002) | 4 of 4 ✔
[-        ] resolve_align:FASTQC_RESOLVED  -
[01/56f00b] res…M2 (evoC-Bap1-mut-F, L002) | 4 of 4, retries: 1 ✔
[-        ] res…align:SAMTOOLS_MERGE_LANES -
[-        ] resolve_align:PRESEQ           -
[28/806af0] bam…t:BAMLET (evoC-Bap1-mut-F) | 4 of 4 ✔
[55/b753e2] bam…AP_BAMQC (evoC-Bap1-mut-F) | 4 of 4 ✔
[55/f0bd54] bam…TSS_BIAS (evoC-Bap1-mut-F) | 4 of 4 ✔
[-        ] bam…:DEEPTOOLS_PLOTFINGERPRINT -
[92/c27283] bam…D_GCBIAS (evoC-Bap1-mut-F) | 4 of 4 ✔
[67/ac31b6] bam…ACCURACY (evoC-Bap1-mut-F) | 4 of 4 ✔
[c7/c4f725] var…E_CALLER (evoC-Bap1-mut-F) | 4 of 4 ✔
[18/a2c784] var…NTERVALS (GRCm38_filtered) | 1 of 1 ✔
[eb/8181a7] var…DB_IMPORT (Interval: 0011) | 0 of 20
[-        ] variant_calling:GENOTYPE_GVCFS -
[-        ] var…t_calling:MERGE_JOINT_VCFS -
[-        ] variant_calling:ASM            -
[-        ] var…_calling:MERGE_ASM_OUTPUTS -
[b1/95fc6d] var…:MUTECT2 (evoC-Bap1-mut-F) | 4 of 4 ✔
[6b/3dc252] mbi…voC-Bap1-mut-F-CG-5-prime) | 12 of 12 ✔
[69/d0bc5f] epi…ZARR (evoC-Bap1-mut-M-CHH) | 11 of 12
[c3/6cd586] epi…XPORT (evoC-Bap1-mut-M_CG) | 3 of 11
[36/320bbb] epi…2ZARR (evoC-Bap1-mut-F-CG) | 4 of 4 ✔
[b5/0a0405] epi…XPORT (evoC-Bap1-mut-F_CG) | 4 of 4 ✔
[aa/e30408] epi…2ZARR (evoC-Bap1-mut-F-CG) | 4 of 4 ✔
[99/2d9dc3] epi…XPORT (evoC-Bap1-mut-F_CG) | 4 of 4 ✔
[f1/4b9fbc] epi…voC_Bap1_run-long_ctrl-CG) | 1 of 1 ✔
[87/3c313b] summary:DQSPY (evoC_Bap1_run)  | 1 of 1 ✔
Plus 4 more processes waiting for tasks…

executor >  slurm (108)
[52/6a699d] res…AW (evoC-Bap1-mut-F, L002) | 4 of 4 ✔
[5b/a1da4a] res…DE (evoC-Bap1-mut-F, L002) | 4 of 4 ✔
[-        ] resolve_align:FASTQC_RESOLVED  -
[01/56f00b] res…M2 (evoC-Bap1-mut-F, L002) | 4 of 4, retries: 1 ✔
[-        ] res…align:SAMTOOLS_MERGE_LANES -
[-        ] resolve_align:PRESEQ           -
[28/806af0] bam…t:BAMLET (evoC-Bap1-mut-F) | 4 of 4 ✔
[55/b753e2] bam…AP_BAMQC (evoC-Bap1-mut-F) | 4 of 4 ✔
[55/f0bd54] bam…TSS_BIAS (evoC-Bap1-mut-F) | 4 of 4 ✔
[-        ] bam…:DEEPTOOLS_PLOTFINGERPRINT -
[92/c27283] bam…D_GCBIAS (evoC-Bap1-mut-F) | 4 of 4 ✔
[67/ac31b6] bam…ACCURACY (evoC-Bap1-mut-F) | 4 of 4 ✔
[c7/c4f725] var…E_CALLER (evoC-Bap1-mut-F) | 4 of 4 ✔
[18/a2c784] var…NTERVALS (GRCm38_filtered) | 1 of 1 ✔
[86/8bc4d6] var…DB_IMPORT (Interval: 0003) | 0 of 20
[-        ] variant_calling:GENOTYPE_GVCFS -
[-        ] var…t_calling:MERGE_JOINT_VCFS -
[-        ] variant_calling:ASM            -
[-        ] var…_calling:MERGE_ASM_OUTPUTS -
[b1/95fc6d] var…:MUTECT2 (evoC-Bap1-mut-F) | 4 of 4 ✔
[6b/3dc252] mbi…voC-Bap1-mut-F-CG-5-prime) | 12 of 12 ✔
[69/d0bc5f] epi…ZARR (evoC-Bap1-mut-M-CHH) | 11 of 12
[c3/6cd586] epi…XPORT (evoC-Bap1-mut-M_CG) | 3 of 11
[36/320bbb] epi…2ZARR (evoC-Bap1-mut-F-CG) | 4 of 4 ✔
[b5/0a0405] epi…XPORT (evoC-Bap1-mut-F_CG) | 4 of 4 ✔
[aa/e30408] epi…2ZARR (evoC-Bap1-mut-F-CG) | 4 of 4 ✔
[99/2d9dc3] epi…XPORT (evoC-Bap1-mut-F_CG) | 4 of 4 ✔
[f1/4b9fbc] epi…voC_Bap1_run-long_ctrl-CG) | 1 of 1 ✔
[87/3c313b] summary:DQSPY (evoC_Bap1_run)  | 1 of 1 ✔
Plus 4 more processes waiting for tasks…

executor >  slurm (111)
[52/6a699d] res…AW (evoC-Bap1-mut-F, L002) | 4 of 4 ✔
[5b/a1da4a] res…DE (evoC-Bap1-mut-F, L002) | 4 of 4 ✔
[-        ] resolve_align:FASTQC_RESOLVED  -
[01/56f00b] res…M2 (evoC-Bap1-mut-F, L002) | 4 of 4, retries: 1 ✔
[-        ] res…align:SAMTOOLS_MERGE_LANES -
[-        ] resolve_align:PRESEQ           -
[28/806af0] bam…t:BAMLET (evoC-Bap1-mut-F) | 4 of 4 ✔
[55/b753e2] bam…AP_BAMQC (evoC-Bap1-mut-F) | 4 of 4 ✔
[55/f0bd54] bam…TSS_BIAS (evoC-Bap1-mut-F) | 4 of 4 ✔
[-        ] bam…:DEEPTOOLS_PLOTFINGERPRINT -
[92/c27283] bam…D_GCBIAS (evoC-Bap1-mut-F) | 4 of 4 ✔
[67/ac31b6] bam…ACCURACY (evoC-Bap1-mut-F) | 4 of 4 ✔
[c7/c4f725] var…E_CALLER (evoC-Bap1-mut-F) | 4 of 4 ✔
[18/a2c784] var…NTERVALS (GRCm38_filtered) | 1 of 1 ✔
[f1/d2f5f6] var…DB_IMPORT (Interval: 0002) | 0 of 20
[-        ] variant_calling:GENOTYPE_GVCFS -
[-        ] var…t_calling:MERGE_JOINT_VCFS -
[-        ] variant_calling:ASM            -
[-        ] var…_calling:MERGE_ASM_OUTPUTS -
[b1/95fc6d] var…:MUTECT2 (evoC-Bap1-mut-F) | 4 of 4 ✔
[6b/3dc252] mbi…voC-Bap1-mut-F-CG-5-prime) | 12 of 12 ✔
[69/d0bc5f] epi…ZARR (evoC-Bap1-mut-M-CHH) | 11 of 12
[c3/6cd586] epi…XPORT (evoC-Bap1-mut-M_CG) | 3 of 11
[36/320bbb] epi…2ZARR (evoC-Bap1-mut-F-CG) | 4 of 4 ✔
[b5/0a0405] epi…XPORT (evoC-Bap1-mut-F_CG) | 4 of 4 ✔
[aa/e30408] epi…2ZARR (evoC-Bap1-mut-F-CG) | 4 of 4 ✔
[99/2d9dc3] epi…XPORT (evoC-Bap1-mut-F_CG) | 4 of 4 ✔
[f1/4b9fbc] epi…voC_Bap1_run-long_ctrl-CG) | 1 of 1 ✔
[87/3c313b] summary:DQSPY (evoC_Bap1_run)  | 1 of 1 ✔
Plus 4 more processes waiting for tasks…

executor >  slurm (112)
[52/6a699d] res…AW (evoC-Bap1-mut-F, L002) | 4 of 4 ✔
[5b/a1da4a] res…DE (evoC-Bap1-mut-F, L002) | 4 of 4 ✔
[-        ] resolve_align:FASTQC_RESOLVED  -
[01/56f00b] res…M2 (evoC-Bap1-mut-F, L002) | 4 of 4, retries: 1 ✔
[-        ] res…align:SAMTOOLS_MERGE_LANES -
[-        ] resolve_align:PRESEQ           -
[28/806af0] bam…t:BAMLET (evoC-Bap1-mut-F) | 4 of 4 ✔
[55/b753e2] bam…AP_BAMQC (evoC-Bap1-mut-F) | 4 of 4 ✔
[55/f0bd54] bam…TSS_BIAS (evoC-Bap1-mut-F) | 4 of 4 ✔
[-        ] bam…:DEEPTOOLS_PLOTFINGERPRINT -
[92/c27283] bam…D_GCBIAS (evoC-Bap1-mut-F) | 4 of 4 ✔
[67/ac31b6] bam…ACCURACY (evoC-Bap1-mut-F) | 4 of 4 ✔
[c7/c4f725] var…E_CALLER (evoC-Bap1-mut-F) | 4 of 4 ✔
[18/a2c784] var…NTERVALS (GRCm38_filtered) | 1 of 1 ✔
[ba/d9267b] var…DB_IMPORT (Interval: 0018) | 0 of 20
[-        ] variant_calling:GENOTYPE_GVCFS -
[-        ] var…t_calling:MERGE_JOINT_VCFS -
[-        ] variant_calling:ASM            -
[-        ] var…_calling:MERGE_ASM_OUTPUTS -
[b1/95fc6d] var…:MUTECT2 (evoC-Bap1-mut-F) | 4 of 4 ✔
[6b/3dc252] mbi…voC-Bap1-mut-F-CG-5-prime) | 12 of 12 ✔
[69/d0bc5f] epi…ZARR (evoC-Bap1-mut-M-CHH) | 11 of 12
[c3/6cd586] epi…XPORT (evoC-Bap1-mut-M_CG) | 3 of 11
[36/320bbb] epi…2ZARR (evoC-Bap1-mut-F-CG) | 4 of 4 ✔
[b5/0a0405] epi…XPORT (evoC-Bap1-mut-F_CG) | 4 of 4 ✔
[aa/e30408] epi…2ZARR (evoC-Bap1-mut-F-CG) | 4 of 4 ✔
[99/2d9dc3] epi…XPORT (evoC-Bap1-mut-F_CG) | 4 of 4 ✔
[f1/4b9fbc] epi…voC_Bap1_run-long_ctrl-CG) | 1 of 1 ✔
[87/3c313b] summary:DQSPY (evoC_Bap1_run)  | 1 of 1 ✔
Plus 4 more processes waiting for tasks…

executor >  slurm (114)
[52/6a699d] res…AW (evoC-Bap1-mut-F, L002) | 4 of 4 ✔
[5b/a1da4a] res…DE (evoC-Bap1-mut-F, L002) | 4 of 4 ✔
[-        ] resolve_align:FASTQC_RESOLVED  -
[01/56f00b] res…M2 (evoC-Bap1-mut-F, L002) | 4 of 4, retries: 1 ✔
[-        ] res…align:SAMTOOLS_MERGE_LANES -
[-        ] resolve_align:PRESEQ           -
[28/806af0] bam…t:BAMLET (evoC-Bap1-mut-F) | 4 of 4 ✔
[55/b753e2] bam…AP_BAMQC (evoC-Bap1-mut-F) | 4 of 4 ✔
[55/f0bd54] bam…TSS_BIAS (evoC-Bap1-mut-F) | 4 of 4 ✔
[-        ] bam…:DEEPTOOLS_PLOTFINGERPRINT -
[92/c27283] bam…D_GCBIAS (evoC-Bap1-mut-F) | 4 of 4 ✔
[67/ac31b6] bam…ACCURACY (evoC-Bap1-mut-F) | 4 of 4 ✔
[c7/c4f725] var…E_CALLER (evoC-Bap1-mut-F) | 4 of 4 ✔
[18/a2c784] var…NTERVALS (GRCm38_filtered) | 1 of 1 ✔
[e2/33419b] var…DB_IMPORT (Interval: 0006) | 0 of 20
[-        ] variant_calling:GENOTYPE_GVCFS -
[-        ] var…t_calling:MERGE_JOINT_VCFS -
[-        ] variant_calling:ASM            -
[-        ] var…_calling:MERGE_ASM_OUTPUTS -
[b1/95fc6d] var…:MUTECT2 (evoC-Bap1-mut-F) | 4 of 4 ✔
[6b/3dc252] mbi…voC-Bap1-mut-F-CG-5-prime) | 12 of 12 ✔
[69/d0bc5f] epi…ZARR (evoC-Bap1-mut-M-CHH) | 11 of 12
[c3/6cd586] epi…XPORT (evoC-Bap1-mut-M_CG) | 3 of 11
[36/320bbb] epi…2ZARR (evoC-Bap1-mut-F-CG) | 4 of 4 ✔
[b5/0a0405] epi…XPORT (evoC-Bap1-mut-F_CG) | 4 of 4 ✔
[aa/e30408] epi…2ZARR (evoC-Bap1-mut-F-CG) | 4 of 4 ✔
[99/2d9dc3] epi…XPORT (evoC-Bap1-mut-F_CG) | 4 of 4 ✔
[f1/4b9fbc] epi…voC_Bap1_run-long_ctrl-CG) | 1 of 1 ✔
[87/3c313b] summary:DQSPY (evoC_Bap1_run)  | 1 of 1 ✔
Plus 4 more processes waiting for tasks…

executor >  slurm (115)
[52/6a699d] res…AW (evoC-Bap1-mut-F, L002) | 4 of 4 ✔
[5b/a1da4a] res…DE (evoC-Bap1-mut-F, L002) | 4 of 4 ✔
[-        ] resolve_align:FASTQC_RESOLVED  -
[01/56f00b] res…M2 (evoC-Bap1-mut-F, L002) | 4 of 4, retries: 1 ✔
[-        ] res…align:SAMTOOLS_MERGE_LANES -
[-        ] resolve_align:PRESEQ           -
[28/806af0] bam…t:BAMLET (evoC-Bap1-mut-F) | 4 of 4 ✔
[55/b753e2] bam…AP_BAMQC (evoC-Bap1-mut-F) | 4 of 4 ✔
[55/f0bd54] bam…TSS_BIAS (evoC-Bap1-mut-F) | 4 of 4 ✔
[-        ] bam…:DEEPTOOLS_PLOTFINGERPRINT -
[92/c27283] bam…D_GCBIAS (evoC-Bap1-mut-F) | 4 of 4 ✔
[67/ac31b6] bam…ACCURACY (evoC-Bap1-mut-F) | 4 of 4 ✔
[c7/c4f725] var…E_CALLER (evoC-Bap1-mut-F) | 4 of 4 ✔
[18/a2c784] var…NTERVALS (GRCm38_filtered) | 1 of 1 ✔
[e2/33419b] var…DB_IMPORT (Interval: 0006) | 0 of 20
[-        ] variant_calling:GENOTYPE_GVCFS -
[-        ] var…t_calling:MERGE_JOINT_VCFS -
[-        ] variant_calling:ASM            -
[-        ] var…_calling:MERGE_ASM_OUTPUTS -
[b1/95fc6d] var…:MUTECT2 (evoC-Bap1-mut-F) | 4 of 4 ✔
[6b/3dc252] mbi…voC-Bap1-mut-F-CG-5-prime) | 12 of 12 ✔
[3c/c3bed6] epi…ZARR (evoC-Bap1-mut-F-CHH) | 12 of 12 ✔
[d3/c566fe] epi…PORT (evoC-Bap1-mut-F_CHH) | 3 of 12
[-        ] epi…nt_genome:JOIN_ZARR_STORES | 0 of 3
[36/320bbb] epi…2ZARR (evoC-Bap1-mut-F-CG) | 4 of 4 ✔
[b5/0a0405] epi…XPORT (evoC-Bap1-mut-F_CG) | 4 of 4 ✔
[aa/e30408] epi…2ZARR (evoC-Bap1-mut-F-CG) | 4 of 4 ✔
[99/2d9dc3] epi…XPORT (evoC-Bap1-mut-F_CG) | 4 of 4 ✔
[f1/4b9fbc] epi…voC_Bap1_run-long_ctrl-CG) | 1 of 1 ✔
[87/3c313b] summary:DQSPY (evoC_Bap1_run)  | 1 of 1 ✔
Plus 3 more processes waiting for tasks…

executor >  slurm (117)
[52/6a699d] res…AW (evoC-Bap1-mut-F, L002) | 4 of 4 ✔
[5b/a1da4a] res…DE (evoC-Bap1-mut-F, L002) | 4 of 4 ✔
[-        ] resolve_align:FASTQC_RESOLVED  -
[01/56f00b] res…M2 (evoC-Bap1-mut-F, L002) | 4 of 4, retries: 1 ✔
[-        ] res…align:SAMTOOLS_MERGE_LANES -
[-        ] resolve_align:PRESEQ           -
[28/806af0] bam…t:BAMLET (evoC-Bap1-mut-F) | 4 of 4 ✔
[55/b753e2] bam…AP_BAMQC (evoC-Bap1-mut-F) | 4 of 4 ✔
[55/f0bd54] bam…TSS_BIAS (evoC-Bap1-mut-F) | 4 of 4 ✔
[-        ] bam…:DEEPTOOLS_PLOTFINGERPRINT -
[92/c27283] bam…D_GCBIAS (evoC-Bap1-mut-F) | 4 of 4 ✔
[67/ac31b6] bam…ACCURACY (evoC-Bap1-mut-F) | 4 of 4 ✔
[c7/c4f725] var…E_CALLER (evoC-Bap1-mut-F) | 4 of 4 ✔
[18/a2c784] var…NTERVALS (GRCm38_filtered) | 1 of 1 ✔
[e2/33419b] var…DB_IMPORT (Interval: 0006) | 0 of 20
[-        ] variant_calling:GENOTYPE_GVCFS -
[-        ] var…t_calling:MERGE_JOINT_VCFS -
[-        ] variant_calling:ASM            -
[-        ] var…_calling:MERGE_ASM_OUTPUTS -
[b1/95fc6d] var…:MUTECT2 (evoC-Bap1-mut-F) | 4 of 4 ✔
[6b/3dc252] mbi…voC-Bap1-mut-F-CG-5-prime) | 12 of 12 ✔
[3c/c3bed6] epi…ZARR (evoC-Bap1-mut-F-CHH) | 12 of 12 ✔
[d3/c566fe] epi…PORT (evoC-Bap1-mut-F_CHH) | 3 of 12
[fc/34220a] epi…(evoC_Bap1_run-genome-CHG) | 0 of 3
[36/320bbb] epi…2ZARR (evoC-Bap1-mut-F-CG) | 4 of 4 ✔
[b5/0a0405] epi…XPORT (evoC-Bap1-mut-F_CG) | 4 of 4 ✔
[aa/e30408] epi…2ZARR (evoC-Bap1-mut-F-CG) | 4 of 4 ✔
[99/2d9dc3] epi…XPORT (evoC-Bap1-mut-F_CG) | 4 of 4 ✔
[f1/4b9fbc] epi…voC_Bap1_run-long_ctrl-CG) | 1 of 1 ✔
[87/3c313b] summary:DQSPY (evoC_Bap1_run)  | 1 of 1 ✔
Plus 3 more processes waiting for tasks…

executor >  slurm (118)
[52/6a699d] res…AW (evoC-Bap1-mut-F, L002) | 4 of 4 ✔
[5b/a1da4a] res…DE (evoC-Bap1-mut-F, L002) | 4 of 4 ✔
[-        ] resolve_align:FASTQC_RESOLVED  -
[01/56f00b] res…M2 (evoC-Bap1-mut-F, L002) | 4 of 4, retries: 1 ✔
[-        ] res…align:SAMTOOLS_MERGE_LANES -
[-        ] resolve_align:PRESEQ           -
[28/806af0] bam…t:BAMLET (evoC-Bap1-mut-F) | 4 of 4 ✔
[55/b753e2] bam…AP_BAMQC (evoC-Bap1-mut-F) | 4 of 4 ✔
[55/f0bd54] bam…TSS_BIAS (evoC-Bap1-mut-F) | 4 of 4 ✔
[-        ] bam…:DEEPTOOLS_PLOTFINGERPRINT -
[92/c27283] bam…D_GCBIAS (evoC-Bap1-mut-F) | 4 of 4 ✔
[67/ac31b6] bam…ACCURACY (evoC-Bap1-mut-F) | 4 of 4 ✔
[c7/c4f725] var…E_CALLER (evoC-Bap1-mut-F) | 4 of 4 ✔
[18/a2c784] var…NTERVALS (GRCm38_filtered) | 1 of 1 ✔
[e2/33419b] var…DB_IMPORT (Interval: 0006) | 0 of 20
[-        ] variant_calling:GENOTYPE_GVCFS -
[-        ] var…t_calling:MERGE_JOINT_VCFS -
[-        ] variant_calling:ASM            -
[-        ] var…_calling:MERGE_ASM_OUTPUTS -
[b1/95fc6d] var…:MUTECT2 (evoC-Bap1-mut-F) | 4 of 4 ✔
[6b/3dc252] mbi…voC-Bap1-mut-F-CG-5-prime) | 12 of 12 ✔
[3c/c3bed6] epi…ZARR (evoC-Bap1-mut-F-CHH) | 12 of 12 ✔
[d3/c566fe] epi…PORT (evoC-Bap1-mut-F_CHH) | 3 of 12
[a6/6be32c] epi…(evoC_Bap1_run-genome-CHH) | 0 of 3
[36/320bbb] epi…2ZARR (evoC-Bap1-mut-F-CG) | 4 of 4 ✔
[b5/0a0405] epi…XPORT (evoC-Bap1-mut-F_CG) | 4 of 4 ✔
[aa/e30408] epi…2ZARR (evoC-Bap1-mut-F-CG) | 4 of 4 ✔
[99/2d9dc3] epi…XPORT (evoC-Bap1-mut-F_CG) | 4 of 4 ✔
[f1/4b9fbc] epi…voC_Bap1_run-long_ctrl-CG) | 1 of 1 ✔
[87/3c313b] summary:DQSPY (evoC_Bap1_run)  | 1 of 1 ✔
Plus 3 more processes waiting for tasks…

executor >  slurm (118)
[52/6a699d] res…AW (evoC-Bap1-mut-F, L002) | 4 of 4 ✔
[5b/a1da4a] res…DE (evoC-Bap1-mut-F, L002) | 4 of 4 ✔
[-        ] resolve_align:FASTQC_RESOLVED  -
[01/56f00b] res…M2 (evoC-Bap1-mut-F, L002) | 4 of 4, retries: 1 ✔
[-        ] res…align:SAMTOOLS_MERGE_LANES -
[-        ] resolve_align:PRESEQ           -
[28/806af0] bam…t:BAMLET (evoC-Bap1-mut-F) | 4 of 4 ✔
[55/b753e2] bam…AP_BAMQC (evoC-Bap1-mut-F) | 4 of 4 ✔
[55/f0bd54] bam…TSS_BIAS (evoC-Bap1-mut-F) | 4 of 4 ✔
[-        ] bam…:DEEPTOOLS_PLOTFINGERPRINT -
[92/c27283] bam…D_GCBIAS (evoC-Bap1-mut-F) | 4 of 4 ✔
[67/ac31b6] bam…ACCURACY (evoC-Bap1-mut-F) | 4 of 4 ✔
[c7/c4f725] var…E_CALLER (evoC-Bap1-mut-F) | 4 of 4 ✔
[18/a2c784] var…NTERVALS (GRCm38_filtered) | 1 of 1 ✔
[e2/33419b] var…DB_IMPORT (Interval: 0006) | 0 of 20
[-        ] variant_calling:GENOTYPE_GVCFS -
[-        ] var…t_calling:MERGE_JOINT_VCFS -
[-        ] variant_calling:ASM            -
[-        ] var…_calling:MERGE_ASM_OUTPUTS -
[b1/95fc6d] var…:MUTECT2 (evoC-Bap1-mut-F) | 4 of 4 ✔
[6b/3dc252] mbi…voC-Bap1-mut-F-CG-5-prime) | 12 of 12 ✔
[3c/c3bed6] epi…ZARR (evoC-Bap1-mut-F-CHH) | 12 of 12 ✔
[d3/c566fe] epi…PORT (evoC-Bap1-mut-F_CHH) | 3 of 12
[a6/6be32c] epi…(evoC_Bap1_run-genome-CHH) | 0 of 3
[36/320bbb] epi…2ZARR (evoC-Bap1-mut-F-CG) | 4 of 4 ✔
[b5/0a0405] epi…XPORT (evoC-Bap1-mut-F_CG) | 4 of 4 ✔
[aa/e30408] epi…2ZARR (evoC-Bap1-mut-F-CG) | 4 of 4 ✔
[99/2d9dc3] epi…XPORT (evoC-Bap1-mut-F_CG) | 4 of 4 ✔
[f1/4b9fbc] epi…voC_Bap1_run-long_ctrl-CG) | 1 of 1 ✔
[87/3c313b] summary:DQSPY (evoC_Bap1_run)  | 1 of 1 ✔
Plus 3 more processes waiting for tasks…

executor >  slurm (118)
[52/6a699d] res…AW (evoC-Bap1-mut-F, L002) | 4 of 4 ✔
[5b/a1da4a] res…DE (evoC-Bap1-mut-F, L002) | 4 of 4 ✔
[-        ] resolve_align:FASTQC_RESOLVED  -
[01/56f00b] res…M2 (evoC-Bap1-mut-F, L002) | 4 of 4, retries: 1 ✔
[-        ] res…align:SAMTOOLS_MERGE_LANES -
[-        ] resolve_align:PRESEQ           -
[28/806af0] bam…t:BAMLET (evoC-Bap1-mut-F) | 4 of 4 ✔
[55/b753e2] bam…AP_BAMQC (evoC-Bap1-mut-F) | 4 of 4 ✔
[55/f0bd54] bam…TSS_BIAS (evoC-Bap1-mut-F) | 4 of 4 ✔
[-        ] bam…:DEEPTOOLS_PLOTFINGERPRINT -
[92/c27283] bam…D_GCBIAS (evoC-Bap1-mut-F) | 4 of 4 ✔
[67/ac31b6] bam…ACCURACY (evoC-Bap1-mut-F) | 4 of 4 ✔
[c7/c4f725] var…E_CALLER (evoC-Bap1-mut-F) | 4 of 4 ✔
[18/a2c784] var…NTERVALS (GRCm38_filtered) | 1 of 1 ✔
[e2/33419b] var…DB_IMPORT (Interval: 0006) | 0 of 20
[-        ] variant_calling:GENOTYPE_GVCFS -
[-        ] var…t_calling:MERGE_JOINT_VCFS -
[-        ] variant_calling:ASM            -
[-        ] var…_calling:MERGE_ASM_OUTPUTS -
[b1/95fc6d] var…:MUTECT2 (evoC-Bap1-mut-F) | 4 of 4 ✔
[6b/3dc252] mbi…voC-Bap1-mut-F-CG-5-prime) | 12 of 12 ✔
[3c/c3bed6] epi…ZARR (evoC-Bap1-mut-F-CHH) | 12 of 12 ✔
[d3/c566fe] epi…PORT (evoC-Bap1-mut-F_CHH) | 3 of 12
[a6/6be32c] epi…(evoC_Bap1_run-genome-CHH) | 0 of 3
[36/320bbb] epi…2ZARR (evoC-Bap1-mut-F-CG) | 4 of 4 ✔
[b5/0a0405] epi…XPORT (evoC-Bap1-mut-F_CG) | 4 of 4 ✔
[aa/e30408] epi…2ZARR (evoC-Bap1-mut-F-CG) | 4 of 4 ✔
[99/2d9dc3] epi…XPORT (evoC-Bap1-mut-F_CG) | 4 of 4 ✔
[f1/4b9fbc] epi…voC_Bap1_run-long_ctrl-CG) | 1 of 1 ✔
[87/3c313b] summary:DQSPY (evoC_Bap1_run)  | 1 of 1 ✔
Plus 3 more processes waiting for tasks…

executor >  slurm (118)
[52/6a699d] res…AW (evoC-Bap1-mut-F, L002) | 4 of 4 ✔
[5b/a1da4a] res…DE (evoC-Bap1-mut-F, L002) | 4 of 4 ✔
[-        ] resolve_align:FASTQC_RESOLVED  -
[01/56f00b] res…M2 (evoC-Bap1-mut-F, L002) | 4 of 4, retries: 1 ✔
[-        ] res…align:SAMTOOLS_MERGE_LANES -
[-        ] resolve_align:PRESEQ           -
[28/806af0] bam…t:BAMLET (evoC-Bap1-mut-F) | 4 of 4 ✔
[55/b753e2] bam…AP_BAMQC (evoC-Bap1-mut-F) | 4 of 4 ✔
[55/f0bd54] bam…TSS_BIAS (evoC-Bap1-mut-F) | 4 of 4 ✔
[-        ] bam…:DEEPTOOLS_PLOTFINGERPRINT -
[92/c27283] bam…D_GCBIAS (evoC-Bap1-mut-F) | 4 of 4 ✔
[67/ac31b6] bam…ACCURACY (evoC-Bap1-mut-F) | 4 of 4 ✔
[c7/c4f725] var…E_CALLER (evoC-Bap1-mut-F) | 4 of 4 ✔
[18/a2c784] var…NTERVALS (GRCm38_filtered) | 1 of 1 ✔
[e2/33419b] var…DB_IMPORT (Interval: 0006) | 0 of 20
[-        ] variant_calling:GENOTYPE_GVCFS -
[-        ] var…t_calling:MERGE_JOINT_VCFS -
[-        ] variant_calling:ASM            -
[-        ] var…_calling:MERGE_ASM_OUTPUTS -
[b1/95fc6d] var…:MUTECT2 (evoC-Bap1-mut-F) | 4 of 4 ✔
[6b/3dc252] mbi…voC-Bap1-mut-F-CG-5-prime) | 12 of 12 ✔
[3c/c3bed6] epi…ZARR (evoC-Bap1-mut-F-CHH) | 12 of 12 ✔
[d3/c566fe] epi…PORT (evoC-Bap1-mut-F_CHH) | 3 of 12
[9b/83bcc2] epi… (evoC_Bap1_run-genome-CG) | 1 of 3
[36/320bbb] epi…2ZARR (evoC-Bap1-mut-F-CG) | 4 of 4 ✔
[b5/0a0405] epi…XPORT (evoC-Bap1-mut-F_CG) | 4 of 4 ✔
[aa/e30408] epi…2ZARR (evoC-Bap1-mut-F-CG) | 4 of 4 ✔
[99/2d9dc3] epi…XPORT (evoC-Bap1-mut-F_CG) | 4 of 4 ✔
[f1/4b9fbc] epi…voC_Bap1_run-long_ctrl-CG) | 1 of 1 ✔
[87/3c313b] summary:DQSPY (evoC_Bap1_run)  | 1 of 1 ✔
Plus 3 more processes waiting for tasks…

executor >  slurm (118)
[52/6a699d] res…AW (evoC-Bap1-mut-F, L002) | 4 of 4 ✔
[5b/a1da4a] res…DE (evoC-Bap1-mut-F, L002) | 4 of 4 ✔
[-        ] resolve_align:FASTQC_RESOLVED  -
[01/56f00b] res…M2 (evoC-Bap1-mut-F, L002) | 4 of 4, retries: 1 ✔
[-        ] res…align:SAMTOOLS_MERGE_LANES -
[-        ] resolve_align:PRESEQ           -
[28/806af0] bam…t:BAMLET (evoC-Bap1-mut-F) | 4 of 4 ✔
[55/b753e2] bam…AP_BAMQC (evoC-Bap1-mut-F) | 4 of 4 ✔
[55/f0bd54] bam…TSS_BIAS (evoC-Bap1-mut-F) | 4 of 4 ✔
[-        ] bam…:DEEPTOOLS_PLOTFINGERPRINT -
[92/c27283] bam…D_GCBIAS (evoC-Bap1-mut-F) | 4 of 4 ✔
[67/ac31b6] bam…ACCURACY (evoC-Bap1-mut-F) | 4 of 4 ✔
[c7/c4f725] var…E_CALLER (evoC-Bap1-mut-F) | 4 of 4 ✔
[18/a2c784] var…NTERVALS (GRCm38_filtered) | 1 of 1 ✔
[f1/d2f5f6] var…DB_IMPORT (Interval: 0002) | 1 of 20
[-        ] variant_calling:GENOTYPE_GVCFS | 0 of 1
[-        ] var…t_calling:MERGE_JOINT_VCFS -
[-        ] variant_calling:ASM            -
[-        ] var…_calling:MERGE_ASM_OUTPUTS -
[b1/95fc6d] var…:MUTECT2 (evoC-Bap1-mut-F) | 4 of 4 ✔
[6b/3dc252] mbi…voC-Bap1-mut-F-CG-5-prime) | 12 of 12 ✔
[3c/c3bed6] epi…ZARR (evoC-Bap1-mut-F-CHH) | 12 of 12 ✔
[d3/c566fe] epi…PORT (evoC-Bap1-mut-F_CHH) | 3 of 12
[9b/83bcc2] epi… (evoC_Bap1_run-genome-CG) | 1 of 3
[36/320bbb] epi…2ZARR (evoC-Bap1-mut-F-CG) | 4 of 4 ✔
[b5/0a0405] epi…XPORT (evoC-Bap1-mut-F_CG) | 4 of 4 ✔
[aa/e30408] epi…2ZARR (evoC-Bap1-mut-F-CG) | 4 of 4 ✔
[99/2d9dc3] epi…XPORT (evoC-Bap1-mut-F_CG) | 4 of 4 ✔
[f1/4b9fbc] epi…voC_Bap1_run-long_ctrl-CG) | 1 of 1 ✔
[87/3c313b] summary:DQSPY (evoC_Bap1_run)  | 1 of 1 ✔
Plus 3 more processes waiting for tasks…

executor >  slurm (119)
[52/6a699d] res…AW (evoC-Bap1-mut-F, L002) | 4 of 4 ✔
[5b/a1da4a] res…DE (evoC-Bap1-mut-F, L002) | 4 of 4 ✔
[-        ] resolve_align:FASTQC_RESOLVED  -
[01/56f00b] res…M2 (evoC-Bap1-mut-F, L002) | 4 of 4, retries: 1 ✔
[-        ] res…align:SAMTOOLS_MERGE_LANES -
[-        ] resolve_align:PRESEQ           -
[28/806af0] bam…t:BAMLET (evoC-Bap1-mut-F) | 4 of 4 ✔
[55/b753e2] bam…AP_BAMQC (evoC-Bap1-mut-F) | 4 of 4 ✔
[55/f0bd54] bam…TSS_BIAS (evoC-Bap1-mut-F) | 4 of 4 ✔
[-        ] bam…:DEEPTOOLS_PLOTFINGERPRINT -
[92/c27283] bam…D_GCBIAS (evoC-Bap1-mut-F) | 4 of 4 ✔
[67/ac31b6] bam…ACCURACY (evoC-Bap1-mut-F) | 4 of 4 ✔
[c7/c4f725] var…E_CALLER (evoC-Bap1-mut-F) | 4 of 4 ✔
[18/a2c784] var…NTERVALS (GRCm38_filtered) | 1 of 1 ✔
[f1/d2f5f6] var…DB_IMPORT (Interval: 0002) | 1 of 20
[36/91ecc4] var…YPE_GVCFS (Interval: 0002) | 0 of 1
[-        ] var…t_calling:MERGE_JOINT_VCFS -
[-        ] variant_calling:ASM            -
[-        ] var…_calling:MERGE_ASM_OUTPUTS -
[b1/95fc6d] var…:MUTECT2 (evoC-Bap1-mut-F) | 4 of 4 ✔
[6b/3dc252] mbi…voC-Bap1-mut-F-CG-5-prime) | 12 of 12 ✔
[3c/c3bed6] epi…ZARR (evoC-Bap1-mut-F-CHH) | 12 of 12 ✔
[d3/c566fe] epi…PORT (evoC-Bap1-mut-F_CHH) | 3 of 12
[9b/83bcc2] epi… (evoC_Bap1_run-genome-CG) | 1 of 3
[36/320bbb] epi…2ZARR (evoC-Bap1-mut-F-CG) | 4 of 4 ✔
[b5/0a0405] epi…XPORT (evoC-Bap1-mut-F_CG) | 4 of 4 ✔
[aa/e30408] epi…2ZARR (evoC-Bap1-mut-F-CG) | 4 of 4 ✔
[99/2d9dc3] epi…XPORT (evoC-Bap1-mut-F_CG) | 4 of 4 ✔
[f1/4b9fbc] epi…voC_Bap1_run-long_ctrl-CG) | 1 of 1 ✔
[87/3c313b] summary:DQSPY (evoC_Bap1_run)  | 1 of 1 ✔
Plus 3 more processes waiting for tasks…

executor >  slurm (119)
[52/6a699d] res…AW (evoC-Bap1-mut-F, L002) | 4 of 4 ✔
[5b/a1da4a] res…DE (evoC-Bap1-mut-F, L002) | 4 of 4 ✔
[-        ] resolve_align:FASTQC_RESOLVED  -
[01/56f00b] res…M2 (evoC-Bap1-mut-F, L002) | 4 of 4, retries: 1 ✔
[-        ] res…align:SAMTOOLS_MERGE_LANES -
[-        ] resolve_align:PRESEQ           -
[28/806af0] bam…t:BAMLET (evoC-Bap1-mut-F) | 4 of 4 ✔
[55/b753e2] bam…AP_BAMQC (evoC-Bap1-mut-F) | 4 of 4 ✔
[55/f0bd54] bam…TSS_BIAS (evoC-Bap1-mut-F) | 4 of 4 ✔
[-        ] bam…:DEEPTOOLS_PLOTFINGERPRINT -
[92/c27283] bam…D_GCBIAS (evoC-Bap1-mut-F) | 4 of 4 ✔
[67/ac31b6] bam…ACCURACY (evoC-Bap1-mut-F) | 4 of 4 ✔
[c7/c4f725] var…E_CALLER (evoC-Bap1-mut-F) | 4 of 4 ✔
[18/a2c784] var…NTERVALS (GRCm38_filtered) | 1 of 1 ✔
[f1/d2f5f6] var…DB_IMPORT (Interval: 0002) | 1 of 20
[36/91ecc4] var…YPE_GVCFS (Interval: 0002) | 0 of 1
[-        ] var…t_calling:MERGE_JOINT_VCFS -
[-        ] variant_calling:ASM            -
[-        ] var…_calling:MERGE_ASM_OUTPUTS -
[b1/95fc6d] var…:MUTECT2 (evoC-Bap1-mut-F) | 4 of 4 ✔
[6b/3dc252] mbi…voC-Bap1-mut-F-CG-5-prime) | 12 of 12 ✔
[3c/c3bed6] epi…ZARR (evoC-Bap1-mut-F-CHH) | 12 of 12 ✔
[d3/c566fe] epi…PORT (evoC-Bap1-mut-F_CHH) | 3 of 12
[9b/83bcc2] epi… (evoC_Bap1_run-genome-CG) | 1 of 3
[36/320bbb] epi…2ZARR (evoC-Bap1-mut-F-CG) | 4 of 4 ✔
[b5/0a0405] epi…XPORT (evoC-Bap1-mut-F_CG) | 4 of 4 ✔
[aa/e30408] epi…2ZARR (evoC-Bap1-mut-F-CG) | 4 of 4 ✔
[99/2d9dc3] epi…XPORT (evoC-Bap1-mut-F_CG) | 4 of 4 ✔
[f1/4b9fbc] epi…voC_Bap1_run-long_ctrl-CG) | 1 of 1 ✔
[87/3c313b] summary:DQSPY (evoC_Bap1_run)  | 1 of 1 ✔
Plus 3 more processes waiting for tasks…

executor >  slurm (119)
[52/6a699d] res…AW (evoC-Bap1-mut-F, L002) | 4 of 4 ✔
[5b/a1da4a] res…DE (evoC-Bap1-mut-F, L002) | 4 of 4 ✔
[-        ] resolve_align:FASTQC_RESOLVED  -
[01/56f00b] res…M2 (evoC-Bap1-mut-F, L002) | 4 of 4, retries: 1 ✔
[-        ] res…align:SAMTOOLS_MERGE_LANES -
[-        ] resolve_align:PRESEQ           -
[28/806af0] bam…t:BAMLET (evoC-Bap1-mut-F) | 4 of 4 ✔
[55/b753e2] bam…AP_BAMQC (evoC-Bap1-mut-F) | 4 of 4 ✔
[55/f0bd54] bam…TSS_BIAS (evoC-Bap1-mut-F) | 4 of 4 ✔
[-        ] bam…:DEEPTOOLS_PLOTFINGERPRINT -
[92/c27283] bam…D_GCBIAS (evoC-Bap1-mut-F) | 4 of 4 ✔
[67/ac31b6] bam…ACCURACY (evoC-Bap1-mut-F) | 4 of 4 ✔
[c7/c4f725] var…E_CALLER (evoC-Bap1-mut-F) | 4 of 4 ✔
[18/a2c784] var…NTERVALS (GRCm38_filtered) | 1 of 1 ✔
[f1/d2f5f6] var…DB_IMPORT (Interval: 0002) | 1 of 20
[36/91ecc4] var…YPE_GVCFS (Interval: 0002) | 1 of 1
[-        ] var…t_calling:MERGE_JOINT_VCFS -
[-        ] variant_calling:ASM            -
[-        ] var…_calling:MERGE_ASM_OUTPUTS -
[b1/95fc6d] var…:MUTECT2 (evoC-Bap1-mut-F) | 4 of 4 ✔
[6b/3dc252] mbi…voC-Bap1-mut-F-CG-5-prime) | 12 of 12 ✔
[3c/c3bed6] epi…ZARR (evoC-Bap1-mut-F-CHH) | 12 of 12 ✔
[d3/c566fe] epi…PORT (evoC-Bap1-mut-F_CHH) | 3 of 12
[9b/83bcc2] epi… (evoC_Bap1_run-genome-CG) | 1 of 3
[36/320bbb] epi…2ZARR (evoC-Bap1-mut-F-CG) | 4 of 4 ✔
[b5/0a0405] epi…XPORT (evoC-Bap1-mut-F_CG) | 4 of 4 ✔
[aa/e30408] epi…2ZARR (evoC-Bap1-mut-F-CG) | 4 of 4 ✔
[99/2d9dc3] epi…XPORT (evoC-Bap1-mut-F_CG) | 4 of 4 ✔
[f1/4b9fbc] epi…voC_Bap1_run-long_ctrl-CG) | 1 of 1 ✔
[87/3c313b] summary:DQSPY (evoC_Bap1_run)  | 1 of 1 ✔
Plus 3 more processes waiting for tasks…

executor >  slurm (119)
[52/6a699d] res…AW (evoC-Bap1-mut-F, L002) | 4 of 4 ✔
[5b/a1da4a] res…DE (evoC-Bap1-mut-F, L002) | 4 of 4 ✔
[-        ] resolve_align:FASTQC_RESOLVED  -
[01/56f00b] res…M2 (evoC-Bap1-mut-F, L002) | 4 of 4, retries: 1 ✔
[-        ] res…align:SAMTOOLS_MERGE_LANES -
[-        ] resolve_align:PRESEQ           -
[28/806af0] bam…t:BAMLET (evoC-Bap1-mut-F) | 4 of 4 ✔
[55/b753e2] bam…AP_BAMQC (evoC-Bap1-mut-F) | 4 of 4 ✔
[55/f0bd54] bam…TSS_BIAS (evoC-Bap1-mut-F) | 4 of 4 ✔
[-        ] bam…:DEEPTOOLS_PLOTFINGERPRINT -
[92/c27283] bam…D_GCBIAS (evoC-Bap1-mut-F) | 4 of 4 ✔
[67/ac31b6] bam…ACCURACY (evoC-Bap1-mut-F) | 4 of 4 ✔
[c7/c4f725] var…E_CALLER (evoC-Bap1-mut-F) | 4 of 4 ✔
[18/a2c784] var…NTERVALS (GRCm38_filtered) | 1 of 1 ✔
[f1/d2f5f6] var…DB_IMPORT (Interval: 0002) | 1 of 20
[36/91ecc4] var…YPE_GVCFS (Interval: 0002) | 1 of 1
[-        ] var…t_calling:MERGE_JOINT_VCFS -
[-        ] variant_calling:ASM            -
[-        ] var…_calling:MERGE_ASM_OUTPUTS -
[b1/95fc6d] var…:MUTECT2 (evoC-Bap1-mut-F) | 4 of 4 ✔
[6b/3dc252] mbi…voC-Bap1-mut-F-CG-5-prime) | 12 of 12 ✔
[3c/c3bed6] epi…ZARR (evoC-Bap1-mut-F-CHH) | 12 of 12 ✔
[d3/c566fe] epi…PORT (evoC-Bap1-mut-F_CHH) | 3 of 12
[fc/34220a] epi…(evoC_Bap1_run-genome-CHG) | 2 of 3
[36/320bbb] epi…2ZARR (evoC-Bap1-mut-F-CG) | 4 of 4 ✔
[b5/0a0405] epi…XPORT (evoC-Bap1-mut-F_CG) | 4 of 4 ✔
[aa/e30408] epi…2ZARR (evoC-Bap1-mut-F-CG) | 4 of 4 ✔
[99/2d9dc3] epi…XPORT (evoC-Bap1-mut-F_CG) | 4 of 4 ✔
[f1/4b9fbc] epi…voC_Bap1_run-long_ctrl-CG) | 1 of 1 ✔
[87/3c313b] summary:DQSPY (evoC_Bap1_run)  | 1 of 1 ✔
Plus 3 more processes waiting for tasks…

executor >  slurm (119)
[52/6a699d] res…AW (evoC-Bap1-mut-F, L002) | 4 of 4 ✔
[5b/a1da4a] res…DE (evoC-Bap1-mut-F, L002) | 4 of 4 ✔
[-        ] resolve_align:FASTQC_RESOLVED  -
[01/56f00b] res…M2 (evoC-Bap1-mut-F, L002) | 4 of 4, retries: 1 ✔
[-        ] res…align:SAMTOOLS_MERGE_LANES -
[-        ] resolve_align:PRESEQ           -
[28/806af0] bam…t:BAMLET (evoC-Bap1-mut-F) | 4 of 4 ✔
[55/b753e2] bam…AP_BAMQC (evoC-Bap1-mut-F) | 4 of 4 ✔
[55/f0bd54] bam…TSS_BIAS (evoC-Bap1-mut-F) | 4 of 4 ✔
[-        ] bam…:DEEPTOOLS_PLOTFINGERPRINT -
[92/c27283] bam…D_GCBIAS (evoC-Bap1-mut-F) | 4 of 4 ✔
[67/ac31b6] bam…ACCURACY (evoC-Bap1-mut-F) | 4 of 4 ✔
[c7/c4f725] var…E_CALLER (evoC-Bap1-mut-F) | 4 of 4 ✔
[18/a2c784] var…NTERVALS (GRCm38_filtered) | 1 of 1 ✔
[f1/d2f5f6] var…DB_IMPORT (Interval: 0002) | 1 of 20
[36/91ecc4] var…YPE_GVCFS (Interval: 0002) | 1 of 1
[-        ] var…t_calling:MERGE_JOINT_VCFS -
[-        ] variant_calling:ASM            -
[-        ] var…_calling:MERGE_ASM_OUTPUTS -
[b1/95fc6d] var…:MUTECT2 (evoC-Bap1-mut-F) | 4 of 4 ✔
[6b/3dc252] mbi…voC-Bap1-mut-F-CG-5-prime) | 12 of 12 ✔
[3c/c3bed6] epi…ZARR (evoC-Bap1-mut-F-CHH) | 12 of 12 ✔
[d3/c566fe] epi…PORT (evoC-Bap1-mut-F_CHH) | 3 of 12
[a6/6be32c] epi…(evoC_Bap1_run-genome-CHH) | 3 of 3 ✔
[36/320bbb] epi…2ZARR (evoC-Bap1-mut-F-CG) | 4 of 4 ✔
[b5/0a0405] epi…XPORT (evoC-Bap1-mut-F_CG) | 4 of 4 ✔
[aa/e30408] epi…2ZARR (evoC-Bap1-mut-F-CG) | 4 of 4 ✔
[99/2d9dc3] epi…XPORT (evoC-Bap1-mut-F_CG) | 4 of 4 ✔
[f1/4b9fbc] epi…voC_Bap1_run-long_ctrl-CG) | 1 of 1 ✔
[87/3c313b] summary:DQSPY (evoC_Bap1_run)  | 1 of 1 ✔
Plus 3 more processes waiting for tasks…

executor >  slurm (119)
[52/6a699d] res…AW (evoC-Bap1-mut-F, L002) | 4 of 4 ✔
[5b/a1da4a] res…DE (evoC-Bap1-mut-F, L002) | 4 of 4 ✔
[-        ] resolve_align:FASTQC_RESOLVED  -
[01/56f00b] res…M2 (evoC-Bap1-mut-F, L002) | 4 of 4, retries: 1 ✔
[-        ] res…align:SAMTOOLS_MERGE_LANES -
[-        ] resolve_align:PRESEQ           -
[28/806af0] bam…t:BAMLET (evoC-Bap1-mut-F) | 4 of 4 ✔
[55/b753e2] bam…AP_BAMQC (evoC-Bap1-mut-F) | 4 of 4 ✔
[55/f0bd54] bam…TSS_BIAS (evoC-Bap1-mut-F) | 4 of 4 ✔
[-        ] bam…:DEEPTOOLS_PLOTFINGERPRINT -
[92/c27283] bam…D_GCBIAS (evoC-Bap1-mut-F) | 4 of 4 ✔
[67/ac31b6] bam…ACCURACY (evoC-Bap1-mut-F) | 4 of 4 ✔
[c7/c4f725] var…E_CALLER (evoC-Bap1-mut-F) | 4 of 4 ✔
[18/a2c784] var…NTERVALS (GRCm38_filtered) | 1 of 1 ✔
[f1/d2f5f6] var…DB_IMPORT (Interval: 0002) | 1 of 20
[36/91ecc4] var…YPE_GVCFS (Interval: 0002) | 1 of 1
[-        ] var…t_calling:MERGE_JOINT_VCFS -
[-        ] variant_calling:ASM            -
[-        ] var…_calling:MERGE_ASM_OUTPUTS -
[b1/95fc6d] var…:MUTECT2 (evoC-Bap1-mut-F) | 4 of 4 ✔
[6b/3dc252] mbi…voC-Bap1-mut-F-CG-5-prime) | 12 of 12 ✔
[3c/c3bed6] epi…ZARR (evoC-Bap1-mut-F-CHH) | 12 of 12 ✔
[59/7a9871] epi…XPORT (evoC-Bap1-mut-F_CG) | 4 of 12
[a6/6be32c] epi…(evoC_Bap1_run-genome-CHH) | 3 of 3 ✔
[36/320bbb] epi…2ZARR (evoC-Bap1-mut-F-CG) | 4 of 4 ✔
[b5/0a0405] epi…XPORT (evoC-Bap1-mut-F_CG) | 4 of 4 ✔
[aa/e30408] epi…2ZARR (evoC-Bap1-mut-F-CG) | 4 of 4 ✔
[99/2d9dc3] epi…XPORT (evoC-Bap1-mut-F_CG) | 4 of 4 ✔
[f1/4b9fbc] epi…voC_Bap1_run-long_ctrl-CG) | 1 of 1 ✔
[87/3c313b] summary:DQSPY (evoC_Bap1_run)  | 1 of 1 ✔
Plus 3 more processes waiting for tasks…

executor >  slurm (119)
[52/6a699d] res…AW (evoC-Bap1-mut-F, L002) | 4 of 4 ✔
[5b/a1da4a] res…DE (evoC-Bap1-mut-F, L002) | 4 of 4 ✔
[-        ] resolve_align:FASTQC_RESOLVED  -
[01/56f00b] res…M2 (evoC-Bap1-mut-F, L002) | 4 of 4, retries: 1 ✔
[-        ] res…align:SAMTOOLS_MERGE_LANES -
[-        ] resolve_align:PRESEQ           -
[28/806af0] bam…t:BAMLET (evoC-Bap1-mut-F) | 4 of 4 ✔
[55/b753e2] bam…AP_BAMQC (evoC-Bap1-mut-F) | 4 of 4 ✔
[55/f0bd54] bam…TSS_BIAS (evoC-Bap1-mut-F) | 4 of 4 ✔
[-        ] bam…:DEEPTOOLS_PLOTFINGERPRINT -
[92/c27283] bam…D_GCBIAS (evoC-Bap1-mut-F) | 4 of 4 ✔
[67/ac31b6] bam…ACCURACY (evoC-Bap1-mut-F) | 4 of 4 ✔
[c7/c4f725] var…E_CALLER (evoC-Bap1-mut-F) | 4 of 4 ✔
[18/a2c784] var…NTERVALS (GRCm38_filtered) | 1 of 1 ✔
[77/3ce926] var…DB_IMPORT (Interval: 0016) | 2 of 20
[36/91ecc4] var…YPE_GVCFS (Interval: 0002) | 1 of 2
[-        ] var…t_calling:MERGE_JOINT_VCFS -
[-        ] variant_calling:ASM            -
[-        ] var…_calling:MERGE_ASM_OUTPUTS -
[b1/95fc6d] var…:MUTECT2 (evoC-Bap1-mut-F) | 4 of 4 ✔
[6b/3dc252] mbi…voC-Bap1-mut-F-CG-5-prime) | 12 of 12 ✔
[3c/c3bed6] epi…ZARR (evoC-Bap1-mut-F-CHH) | 12 of 12 ✔
[59/7a9871] epi…XPORT (evoC-Bap1-mut-F_CG) | 4 of 12
[a6/6be32c] epi…(evoC_Bap1_run-genome-CHH) | 3 of 3 ✔
[36/320bbb] epi…2ZARR (evoC-Bap1-mut-F-CG) | 4 of 4 ✔
[b5/0a0405] epi…XPORT (evoC-Bap1-mut-F_CG) | 4 of 4 ✔
[aa/e30408] epi…2ZARR (evoC-Bap1-mut-F-CG) | 4 of 4 ✔
[99/2d9dc3] epi…XPORT (evoC-Bap1-mut-F_CG) | 4 of 4 ✔
[f1/4b9fbc] epi…voC_Bap1_run-long_ctrl-CG) | 1 of 1 ✔
[87/3c313b] summary:DQSPY (evoC_Bap1_run)  | 1 of 1 ✔
Plus 3 more processes waiting for tasks…

executor >  slurm (120)
[52/6a699d] res…AW (evoC-Bap1-mut-F, L002) | 4 of 4 ✔
[5b/a1da4a] res…DE (evoC-Bap1-mut-F, L002) | 4 of 4 ✔
[-        ] resolve_align:FASTQC_RESOLVED  -
[01/56f00b] res…M2 (evoC-Bap1-mut-F, L002) | 4 of 4, retries: 1 ✔
[-        ] res…align:SAMTOOLS_MERGE_LANES -
[-        ] resolve_align:PRESEQ           -
[28/806af0] bam…t:BAMLET (evoC-Bap1-mut-F) | 4 of 4 ✔
[55/b753e2] bam…AP_BAMQC (evoC-Bap1-mut-F) | 4 of 4 ✔
[55/f0bd54] bam…TSS_BIAS (evoC-Bap1-mut-F) | 4 of 4 ✔
[-        ] bam…:DEEPTOOLS_PLOTFINGERPRINT -
[92/c27283] bam…D_GCBIAS (evoC-Bap1-mut-F) | 4 of 4 ✔
[67/ac31b6] bam…ACCURACY (evoC-Bap1-mut-F) | 4 of 4 ✔
[c7/c4f725] var…E_CALLER (evoC-Bap1-mut-F) | 4 of 4 ✔
[18/a2c784] var…NTERVALS (GRCm38_filtered) | 1 of 1 ✔
[77/3ce926] var…DB_IMPORT (Interval: 0016) | 2 of 20
[59/951ea3] var…YPE_GVCFS (Interval: 0016) | 1 of 2
[-        ] var…t_calling:MERGE_JOINT_VCFS -
[-        ] variant_calling:ASM            -
[-        ] var…_calling:MERGE_ASM_OUTPUTS -
[b1/95fc6d] var…:MUTECT2 (evoC-Bap1-mut-F) | 4 of 4 ✔
[6b/3dc252] mbi…voC-Bap1-mut-F-CG-5-prime) | 12 of 12 ✔
[3c/c3bed6] epi…ZARR (evoC-Bap1-mut-F-CHH) | 12 of 12 ✔
[59/7a9871] epi…XPORT (evoC-Bap1-mut-F_CG) | 4 of 12
[a6/6be32c] epi…(evoC_Bap1_run-genome-CHH) | 3 of 3 ✔
[36/320bbb] epi…2ZARR (evoC-Bap1-mut-F-CG) | 4 of 4 ✔
[b5/0a0405] epi…XPORT (evoC-Bap1-mut-F_CG) | 4 of 4 ✔
[aa/e30408] epi…2ZARR (evoC-Bap1-mut-F-CG) | 4 of 4 ✔
[99/2d9dc3] epi…XPORT (evoC-Bap1-mut-F_CG) | 4 of 4 ✔
[f1/4b9fbc] epi…voC_Bap1_run-long_ctrl-CG) | 1 of 1 ✔
[87/3c313b] summary:DQSPY (evoC_Bap1_run)  | 1 of 1 ✔
Plus 3 more processes waiting for tasks…

executor >  slurm (120)
[52/6a699d] res…AW (evoC-Bap1-mut-F, L002) | 4 of 4 ✔
[5b/a1da4a] res…DE (evoC-Bap1-mut-F, L002) | 4 of 4 ✔
[-        ] resolve_align:FASTQC_RESOLVED  -
[01/56f00b] res…M2 (evoC-Bap1-mut-F, L002) | 4 of 4, retries: 1 ✔
[-        ] res…align:SAMTOOLS_MERGE_LANES -
[-        ] resolve_align:PRESEQ           -
[28/806af0] bam…t:BAMLET (evoC-Bap1-mut-F) | 4 of 4 ✔
[55/b753e2] bam…AP_BAMQC (evoC-Bap1-mut-F) | 4 of 4 ✔
[55/f0bd54] bam…TSS_BIAS (evoC-Bap1-mut-F) | 4 of 4 ✔
[-        ] bam…:DEEPTOOLS_PLOTFINGERPRINT -
[92/c27283] bam…D_GCBIAS (evoC-Bap1-mut-F) | 4 of 4 ✔
[67/ac31b6] bam…ACCURACY (evoC-Bap1-mut-F) | 4 of 4 ✔
[c7/c4f725] var…E_CALLER (evoC-Bap1-mut-F) | 4 of 4 ✔
[18/a2c784] var…NTERVALS (GRCm38_filtered) | 1 of 1 ✔
[77/3ce926] var…DB_IMPORT (Interval: 0016) | 2 of 20
[59/951ea3] var…YPE_GVCFS (Interval: 0016) | 1 of 2
[-        ] var…t_calling:MERGE_JOINT_VCFS -
[-        ] variant_calling:ASM            -
[-        ] var…_calling:MERGE_ASM_OUTPUTS -
[b1/95fc6d] var…:MUTECT2 (evoC-Bap1-mut-F) | 4 of 4 ✔
[6b/3dc252] mbi…voC-Bap1-mut-F-CG-5-prime) | 12 of 12 ✔
[3c/c3bed6] epi…ZARR (evoC-Bap1-mut-F-CHH) | 12 of 12 ✔
[59/7a9871] epi…XPORT (evoC-Bap1-mut-F_CG) | 4 of 12
[a6/6be32c] epi…(evoC_Bap1_run-genome-CHH) | 3 of 3 ✔
[36/320bbb] epi…2ZARR (evoC-Bap1-mut-F-CG) | 4 of 4 ✔
[b5/0a0405] epi…XPORT (evoC-Bap1-mut-F_CG) | 4 of 4 ✔
[aa/e30408] epi…2ZARR (evoC-Bap1-mut-F-CG) | 4 of 4 ✔
[99/2d9dc3] epi…XPORT (evoC-Bap1-mut-F_CG) | 4 of 4 ✔
[f1/4b9fbc] epi…voC_Bap1_run-long_ctrl-CG) | 1 of 1 ✔
[87/3c313b] summary:DQSPY (evoC_Bap1_run)  | 1 of 1 ✔
Plus 3 more processes waiting for tasks…

executor >  slurm (120)
[52/6a699d] res…AW (evoC-Bap1-mut-F, L002) | 4 of 4 ✔
[5b/a1da4a] res…DE (evoC-Bap1-mut-F, L002) | 4 of 4 ✔
[-        ] resolve_align:FASTQC_RESOLVED  -
[01/56f00b] res…M2 (evoC-Bap1-mut-F, L002) | 4 of 4, retries: 1 ✔
[-        ] res…align:SAMTOOLS_MERGE_LANES -
[-        ] resolve_align:PRESEQ           -
[28/806af0] bam…t:BAMLET (evoC-Bap1-mut-F) | 4 of 4 ✔
[55/b753e2] bam…AP_BAMQC (evoC-Bap1-mut-F) | 4 of 4 ✔
[55/f0bd54] bam…TSS_BIAS (evoC-Bap1-mut-F) | 4 of 4 ✔
[-        ] bam…:DEEPTOOLS_PLOTFINGERPRINT -
[92/c27283] bam…D_GCBIAS (evoC-Bap1-mut-F) | 4 of 4 ✔
[67/ac31b6] bam…ACCURACY (evoC-Bap1-mut-F) | 4 of 4 ✔
[c7/c4f725] var…E_CALLER (evoC-Bap1-mut-F) | 4 of 4 ✔
[18/a2c784] var…NTERVALS (GRCm38_filtered) | 1 of 1 ✔
[eb/8181a7] var…DB_IMPORT (Interval: 0011) | 3 of 20
[59/951ea3] var…YPE_GVCFS (Interval: 0016) | 1 of 3
[-        ] var…t_calling:MERGE_JOINT_VCFS -
[-        ] variant_calling:ASM            -
[-        ] var…_calling:MERGE_ASM_OUTPUTS -
[b1/95fc6d] var…:MUTECT2 (evoC-Bap1-mut-F) | 4 of 4 ✔
[6b/3dc252] mbi…voC-Bap1-mut-F-CG-5-prime) | 12 of 12 ✔
[3c/c3bed6] epi…ZARR (evoC-Bap1-mut-F-CHH) | 12 of 12 ✔
[59/7a9871] epi…XPORT (evoC-Bap1-mut-F_CG) | 4 of 12
[a6/6be32c] epi…(evoC_Bap1_run-genome-CHH) | 3 of 3 ✔
[36/320bbb] epi…2ZARR (evoC-Bap1-mut-F-CG) | 4 of 4 ✔
[b5/0a0405] epi…XPORT (evoC-Bap1-mut-F_CG) | 4 of 4 ✔
[aa/e30408] epi…2ZARR (evoC-Bap1-mut-F-CG) | 4 of 4 ✔
[99/2d9dc3] epi…XPORT (evoC-Bap1-mut-F_CG) | 4 of 4 ✔
[f1/4b9fbc] epi…voC_Bap1_run-long_ctrl-CG) | 1 of 1 ✔
[87/3c313b] summary:DQSPY (evoC_Bap1_run)  | 1 of 1 ✔
Plus 3 more processes waiting for tasks…

executor >  slurm (121)
[52/6a699d] res…AW (evoC-Bap1-mut-F, L002) | 4 of 4 ✔
[5b/a1da4a] res…DE (evoC-Bap1-mut-F, L002) | 4 of 4 ✔
[-        ] resolve_align:FASTQC_RESOLVED  -
[01/56f00b] res…M2 (evoC-Bap1-mut-F, L002) | 4 of 4, retries: 1 ✔
[-        ] res…align:SAMTOOLS_MERGE_LANES -
[-        ] resolve_align:PRESEQ           -
[28/806af0] bam…t:BAMLET (evoC-Bap1-mut-F) | 4 of 4 ✔
[55/b753e2] bam…AP_BAMQC (evoC-Bap1-mut-F) | 4 of 4 ✔
[55/f0bd54] bam…TSS_BIAS (evoC-Bap1-mut-F) | 4 of 4 ✔
[-        ] bam…:DEEPTOOLS_PLOTFINGERPRINT -
[92/c27283] bam…D_GCBIAS (evoC-Bap1-mut-F) | 4 of 4 ✔
[67/ac31b6] bam…ACCURACY (evoC-Bap1-mut-F) | 4 of 4 ✔
[c7/c4f725] var…E_CALLER (evoC-Bap1-mut-F) | 4 of 4 ✔
[18/a2c784] var…NTERVALS (GRCm38_filtered) | 1 of 1 ✔
[eb/8181a7] var…DB_IMPORT (Interval: 0011) | 3 of 20
[82/a04f1e] var…YPE_GVCFS (Interval: 0011) | 1 of 3
[-        ] var…t_calling:MERGE_JOINT_VCFS -
[-        ] variant_calling:ASM            -
[-        ] var…_calling:MERGE_ASM_OUTPUTS -
[b1/95fc6d] var…:MUTECT2 (evoC-Bap1-mut-F) | 4 of 4 ✔
[6b/3dc252] mbi…voC-Bap1-mut-F-CG-5-prime) | 12 of 12 ✔
[3c/c3bed6] epi…ZARR (evoC-Bap1-mut-F-CHH) | 12 of 12 ✔
[59/7a9871] epi…XPORT (evoC-Bap1-mut-F_CG) | 4 of 12
[a6/6be32c] epi…(evoC_Bap1_run-genome-CHH) | 3 of 3 ✔
[36/320bbb] epi…2ZARR (evoC-Bap1-mut-F-CG) | 4 of 4 ✔
[b5/0a0405] epi…XPORT (evoC-Bap1-mut-F_CG) | 4 of 4 ✔
[aa/e30408] epi…2ZARR (evoC-Bap1-mut-F-CG) | 4 of 4 ✔
[99/2d9dc3] epi…XPORT (evoC-Bap1-mut-F_CG) | 4 of 4 ✔
[f1/4b9fbc] epi…voC_Bap1_run-long_ctrl-CG) | 1 of 1 ✔
[87/3c313b] summary:DQSPY (evoC_Bap1_run)  | 1 of 1 ✔
Plus 3 more processes waiting for tasks…

executor >  slurm (121)
[52/6a699d] res…AW (evoC-Bap1-mut-F, L002) | 4 of 4 ✔
[5b/a1da4a] res…DE (evoC-Bap1-mut-F, L002) | 4 of 4 ✔
[-        ] resolve_align:FASTQC_RESOLVED  -
[01/56f00b] res…M2 (evoC-Bap1-mut-F, L002) | 4 of 4, retries: 1 ✔
[-        ] res…align:SAMTOOLS_MERGE_LANES -
[-        ] resolve_align:PRESEQ           -
[28/806af0] bam…t:BAMLET (evoC-Bap1-mut-F) | 4 of 4 ✔
[55/b753e2] bam…AP_BAMQC (evoC-Bap1-mut-F) | 4 of 4 ✔
[55/f0bd54] bam…TSS_BIAS (evoC-Bap1-mut-F) | 4 of 4 ✔
[-        ] bam…:DEEPTOOLS_PLOTFINGERPRINT -
[92/c27283] bam…D_GCBIAS (evoC-Bap1-mut-F) | 4 of 4 ✔
[67/ac31b6] bam…ACCURACY (evoC-Bap1-mut-F) | 4 of 4 ✔
[c7/c4f725] var…E_CALLER (evoC-Bap1-mut-F) | 4 of 4 ✔
[18/a2c784] var…NTERVALS (GRCm38_filtered) | 1 of 1 ✔
[eb/8181a7] var…DB_IMPORT (Interval: 0011) | 3 of 20
[82/a04f1e] var…YPE_GVCFS (Interval: 0011) | 1 of 3
[-        ] var…t_calling:MERGE_JOINT_VCFS -
[-        ] variant_calling:ASM            -
[-        ] var…_calling:MERGE_ASM_OUTPUTS -
[b1/95fc6d] var…:MUTECT2 (evoC-Bap1-mut-F) | 4 of 4 ✔
[6b/3dc252] mbi…voC-Bap1-mut-F-CG-5-prime) | 12 of 12 ✔
[3c/c3bed6] epi…ZARR (evoC-Bap1-mut-F-CHH) | 12 of 12 ✔
[59/7a9871] epi…XPORT (evoC-Bap1-mut-F_CG) | 4 of 12
[a6/6be32c] epi…(evoC_Bap1_run-genome-CHH) | 3 of 3 ✔
[36/320bbb] epi…2ZARR (evoC-Bap1-mut-F-CG) | 4 of 4 ✔
[b5/0a0405] epi…XPORT (evoC-Bap1-mut-F_CG) | 4 of 4 ✔
[aa/e30408] epi…2ZARR (evoC-Bap1-mut-F-CG) | 4 of 4 ✔
[99/2d9dc3] epi…XPORT (evoC-Bap1-mut-F_CG) | 4 of 4 ✔
[f1/4b9fbc] epi…voC_Bap1_run-long_ctrl-CG) | 1 of 1 ✔
[87/3c313b] summary:DQSPY (evoC_Bap1_run)  | 1 of 1 ✔
Plus 3 more processes waiting for tasks…

executor >  slurm (121)
[52/6a699d] res…AW (evoC-Bap1-mut-F, L002) | 4 of 4 ✔
[5b/a1da4a] res…DE (evoC-Bap1-mut-F, L002) | 4 of 4 ✔
[-        ] resolve_align:FASTQC_RESOLVED  -
[01/56f00b] res…M2 (evoC-Bap1-mut-F, L002) | 4 of 4, retries: 1 ✔
[-        ] res…align:SAMTOOLS_MERGE_LANES -
[-        ] resolve_align:PRESEQ           -
[28/806af0] bam…t:BAMLET (evoC-Bap1-mut-F) | 4 of 4 ✔
[55/b753e2] bam…AP_BAMQC (evoC-Bap1-mut-F) | 4 of 4 ✔
[55/f0bd54] bam…TSS_BIAS (evoC-Bap1-mut-F) | 4 of 4 ✔
[-        ] bam…:DEEPTOOLS_PLOTFINGERPRINT -
[92/c27283] bam…D_GCBIAS (evoC-Bap1-mut-F) | 4 of 4 ✔
[67/ac31b6] bam…ACCURACY (evoC-Bap1-mut-F) | 4 of 4 ✔
[c7/c4f725] var…E_CALLER (evoC-Bap1-mut-F) | 4 of 4 ✔
[18/a2c784] var…NTERVALS (GRCm38_filtered) | 1 of 1 ✔
[88/e8f6b8] var…DB_IMPORT (Interval: 0007) | 4 of 20
[82/a04f1e] var…YPE_GVCFS (Interval: 0011) | 1 of 4
[-        ] var…t_calling:MERGE_JOINT_VCFS -
[-        ] variant_calling:ASM            -
[-        ] var…_calling:MERGE_ASM_OUTPUTS -
[b1/95fc6d] var…:MUTECT2 (evoC-Bap1-mut-F) | 4 of 4 ✔
[6b/3dc252] mbi…voC-Bap1-mut-F-CG-5-prime) | 12 of 12 ✔
[3c/c3bed6] epi…ZARR (evoC-Bap1-mut-F-CHH) | 12 of 12 ✔
[59/7a9871] epi…XPORT (evoC-Bap1-mut-F_CG) | 4 of 12
[a6/6be32c] epi…(evoC_Bap1_run-genome-CHH) | 3 of 3 ✔
[36/320bbb] epi…2ZARR (evoC-Bap1-mut-F-CG) | 4 of 4 ✔
[b5/0a0405] epi…XPORT (evoC-Bap1-mut-F_CG) | 4 of 4 ✔
[aa/e30408] epi…2ZARR (evoC-Bap1-mut-F-CG) | 4 of 4 ✔
[99/2d9dc3] epi…XPORT (evoC-Bap1-mut-F_CG) | 4 of 4 ✔
[f1/4b9fbc] epi…voC_Bap1_run-long_ctrl-CG) | 1 of 1 ✔
[87/3c313b] summary:DQSPY (evoC_Bap1_run)  | 1 of 1 ✔
Plus 3 more processes waiting for tasks…

executor >  slurm (122)
[52/6a699d] res…AW (evoC-Bap1-mut-F, L002) | 4 of 4 ✔
[5b/a1da4a] res…DE (evoC-Bap1-mut-F, L002) | 4 of 4 ✔
[-        ] resolve_align:FASTQC_RESOLVED  -
[01/56f00b] res…M2 (evoC-Bap1-mut-F, L002) | 4 of 4, retries: 1 ✔
[-        ] res…align:SAMTOOLS_MERGE_LANES -
[-        ] resolve_align:PRESEQ           -
[28/806af0] bam…t:BAMLET (evoC-Bap1-mut-F) | 4 of 4 ✔
[55/b753e2] bam…AP_BAMQC (evoC-Bap1-mut-F) | 4 of 4 ✔
[55/f0bd54] bam…TSS_BIAS (evoC-Bap1-mut-F) | 4 of 4 ✔
[-        ] bam…:DEEPTOOLS_PLOTFINGERPRINT -
[92/c27283] bam…D_GCBIAS (evoC-Bap1-mut-F) | 4 of 4 ✔
[67/ac31b6] bam…ACCURACY (evoC-Bap1-mut-F) | 4 of 4 ✔
[c7/c4f725] var…E_CALLER (evoC-Bap1-mut-F) | 4 of 4 ✔
[18/a2c784] var…NTERVALS (GRCm38_filtered) | 1 of 1 ✔
[88/e8f6b8] var…DB_IMPORT (Interval: 0007) | 4 of 20
[2d/afde59] var…YPE_GVCFS (Interval: 0007) | 1 of 4
[-        ] var…t_calling:MERGE_JOINT_VCFS -
[-        ] variant_calling:ASM            -
[-        ] var…_calling:MERGE_ASM_OUTPUTS -
[b1/95fc6d] var…:MUTECT2 (evoC-Bap1-mut-F) | 4 of 4 ✔
[6b/3dc252] mbi…voC-Bap1-mut-F-CG-5-prime) | 12 of 12 ✔
[3c/c3bed6] epi…ZARR (evoC-Bap1-mut-F-CHH) | 12 of 12 ✔
[59/7a9871] epi…XPORT (evoC-Bap1-mut-F_CG) | 4 of 12
[a6/6be32c] epi…(evoC_Bap1_run-genome-CHH) | 3 of 3 ✔
[36/320bbb] epi…2ZARR (evoC-Bap1-mut-F-CG) | 4 of 4 ✔
[b5/0a0405] epi…XPORT (evoC-Bap1-mut-F_CG) | 4 of 4 ✔
[aa/e30408] epi…2ZARR (evoC-Bap1-mut-F-CG) | 4 of 4 ✔
[99/2d9dc3] epi…XPORT (evoC-Bap1-mut-F_CG) | 4 of 4 ✔
[f1/4b9fbc] epi…voC_Bap1_run-long_ctrl-CG) | 1 of 1 ✔
[87/3c313b] summary:DQSPY (evoC_Bap1_run)  | 1 of 1 ✔
Plus 3 more processes waiting for tasks…

executor >  slurm (122)
[52/6a699d] res…AW (evoC-Bap1-mut-F, L002) | 4 of 4 ✔
[5b/a1da4a] res…DE (evoC-Bap1-mut-F, L002) | 4 of 4 ✔
[-        ] resolve_align:FASTQC_RESOLVED  -
[01/56f00b] res…M2 (evoC-Bap1-mut-F, L002) | 4 of 4, retries: 1 ✔
[-        ] res…align:SAMTOOLS_MERGE_LANES -
[-        ] resolve_align:PRESEQ           -
[28/806af0] bam…t:BAMLET (evoC-Bap1-mut-F) | 4 of 4 ✔
[55/b753e2] bam…AP_BAMQC (evoC-Bap1-mut-F) | 4 of 4 ✔
[55/f0bd54] bam…TSS_BIAS (evoC-Bap1-mut-F) | 4 of 4 ✔
[-        ] bam…:DEEPTOOLS_PLOTFINGERPRINT -
[92/c27283] bam…D_GCBIAS (evoC-Bap1-mut-F) | 4 of 4 ✔
[67/ac31b6] bam…ACCURACY (evoC-Bap1-mut-F) | 4 of 4 ✔
[c7/c4f725] var…E_CALLER (evoC-Bap1-mut-F) | 4 of 4 ✔
[18/a2c784] var…NTERVALS (GRCm38_filtered) | 1 of 1 ✔
[88/e8f6b8] var…DB_IMPORT (Interval: 0007) | 4 of 20
[2d/afde59] var…YPE_GVCFS (Interval: 0007) | 1 of 4
[-        ] var…t_calling:MERGE_JOINT_VCFS -
[-        ] variant_calling:ASM            -
[-        ] var…_calling:MERGE_ASM_OUTPUTS -
[b1/95fc6d] var…:MUTECT2 (evoC-Bap1-mut-F) | 4 of 4 ✔
[6b/3dc252] mbi…voC-Bap1-mut-F-CG-5-prime) | 12 of 12 ✔
[3c/c3bed6] epi…ZARR (evoC-Bap1-mut-F-CHH) | 12 of 12 ✔
[59/7a9871] epi…XPORT (evoC-Bap1-mut-F_CG) | 4 of 12
[a6/6be32c] epi…(evoC_Bap1_run-genome-CHH) | 3 of 3 ✔
[36/320bbb] epi…2ZARR (evoC-Bap1-mut-F-CG) | 4 of 4 ✔
[b5/0a0405] epi…XPORT (evoC-Bap1-mut-F_CG) | 4 of 4 ✔
[aa/e30408] epi…2ZARR (evoC-Bap1-mut-F-CG) | 4 of 4 ✔
[99/2d9dc3] epi…XPORT (evoC-Bap1-mut-F_CG) | 4 of 4 ✔
[f1/4b9fbc] epi…voC_Bap1_run-long_ctrl-CG) | 1 of 1 ✔
[87/3c313b] summary:DQSPY (evoC_Bap1_run)  | 1 of 1 ✔
Plus 3 more processes waiting for tasks…

executor >  slurm (122)
[52/6a699d] res…AW (evoC-Bap1-mut-F, L002) | 4 of 4 ✔
[5b/a1da4a] res…DE (evoC-Bap1-mut-F, L002) | 4 of 4 ✔
[-        ] resolve_align:FASTQC_RESOLVED  -
[01/56f00b] res…M2 (evoC-Bap1-mut-F, L002) | 4 of 4, retries: 1 ✔
[-        ] res…align:SAMTOOLS_MERGE_LANES -
[-        ] resolve_align:PRESEQ           -
[28/806af0] bam…t:BAMLET (evoC-Bap1-mut-F) | 4 of 4 ✔
[55/b753e2] bam…AP_BAMQC (evoC-Bap1-mut-F) | 4 of 4 ✔
[55/f0bd54] bam…TSS_BIAS (evoC-Bap1-mut-F) | 4 of 4 ✔
[-        ] bam…:DEEPTOOLS_PLOTFINGERPRINT -
[92/c27283] bam…D_GCBIAS (evoC-Bap1-mut-F) | 4 of 4 ✔
[67/ac31b6] bam…ACCURACY (evoC-Bap1-mut-F) | 4 of 4 ✔
[c7/c4f725] var…E_CALLER (evoC-Bap1-mut-F) | 4 of 4 ✔
[18/a2c784] var…NTERVALS (GRCm38_filtered) | 1 of 1 ✔
[46/ae7667] var…DB_IMPORT (Interval: 0012) | 5 of 20
[2d/afde59] var…YPE_GVCFS (Interval: 0007) | 1 of 5
[-        ] var…t_calling:MERGE_JOINT_VCFS -
[-        ] variant_calling:ASM            -
[-        ] var…_calling:MERGE_ASM_OUTPUTS -
[b1/95fc6d] var…:MUTECT2 (evoC-Bap1-mut-F) | 4 of 4 ✔
[6b/3dc252] mbi…voC-Bap1-mut-F-CG-5-prime) | 12 of 12 ✔
[3c/c3bed6] epi…ZARR (evoC-Bap1-mut-F-CHH) | 12 of 12 ✔
[59/7a9871] epi…XPORT (evoC-Bap1-mut-F_CG) | 4 of 12
[a6/6be32c] epi…(evoC_Bap1_run-genome-CHH) | 3 of 3 ✔
[36/320bbb] epi…2ZARR (evoC-Bap1-mut-F-CG) | 4 of 4 ✔
[b5/0a0405] epi…XPORT (evoC-Bap1-mut-F_CG) | 4 of 4 ✔
[aa/e30408] epi…2ZARR (evoC-Bap1-mut-F-CG) | 4 of 4 ✔
[99/2d9dc3] epi…XPORT (evoC-Bap1-mut-F_CG) | 4 of 4 ✔
[f1/4b9fbc] epi…voC_Bap1_run-long_ctrl-CG) | 1 of 1 ✔
[87/3c313b] summary:DQSPY (evoC_Bap1_run)  | 1 of 1 ✔
Plus 3 more processes waiting for tasks…

executor >  slurm (123)
[52/6a699d] res…AW (evoC-Bap1-mut-F, L002) | 4 of 4 ✔
[5b/a1da4a] res…DE (evoC-Bap1-mut-F, L002) | 4 of 4 ✔
[-        ] resolve_align:FASTQC_RESOLVED  -
[01/56f00b] res…M2 (evoC-Bap1-mut-F, L002) | 4 of 4, retries: 1 ✔
[-        ] res…align:SAMTOOLS_MERGE_LANES -
[-        ] resolve_align:PRESEQ           -
[28/806af0] bam…t:BAMLET (evoC-Bap1-mut-F) | 4 of 4 ✔
[55/b753e2] bam…AP_BAMQC (evoC-Bap1-mut-F) | 4 of 4 ✔
[55/f0bd54] bam…TSS_BIAS (evoC-Bap1-mut-F) | 4 of 4 ✔
[-        ] bam…:DEEPTOOLS_PLOTFINGERPRINT -
[92/c27283] bam…D_GCBIAS (evoC-Bap1-mut-F) | 4 of 4 ✔
[67/ac31b6] bam…ACCURACY (evoC-Bap1-mut-F) | 4 of 4 ✔
[c7/c4f725] var…E_CALLER (evoC-Bap1-mut-F) | 4 of 4 ✔
[18/a2c784] var…NTERVALS (GRCm38_filtered) | 1 of 1 ✔
[46/ae7667] var…DB_IMPORT (Interval: 0012) | 5 of 20
[41/ed4781] var…YPE_GVCFS (Interval: 0012) | 1 of 5
[-        ] var…t_calling:MERGE_JOINT_VCFS -
[-        ] variant_calling:ASM            -
[-        ] var…_calling:MERGE_ASM_OUTPUTS -
[b1/95fc6d] var…:MUTECT2 (evoC-Bap1-mut-F) | 4 of 4 ✔
[6b/3dc252] mbi…voC-Bap1-mut-F-CG-5-prime) | 12 of 12 ✔
[3c/c3bed6] epi…ZARR (evoC-Bap1-mut-F-CHH) | 12 of 12 ✔
[59/7a9871] epi…XPORT (evoC-Bap1-mut-F_CG) | 4 of 12
[a6/6be32c] epi…(evoC_Bap1_run-genome-CHH) | 3 of 3 ✔
[36/320bbb] epi…2ZARR (evoC-Bap1-mut-F-CG) | 4 of 4 ✔
[b5/0a0405] epi…XPORT (evoC-Bap1-mut-F_CG) | 4 of 4 ✔
[aa/e30408] epi…2ZARR (evoC-Bap1-mut-F-CG) | 4 of 4 ✔
[99/2d9dc3] epi…XPORT (evoC-Bap1-mut-F_CG) | 4 of 4 ✔
[f1/4b9fbc] epi…voC_Bap1_run-long_ctrl-CG) | 1 of 1 ✔
[87/3c313b] summary:DQSPY (evoC_Bap1_run)  | 1 of 1 ✔
Plus 3 more processes waiting for tasks…

executor >  slurm (123)
[52/6a699d] res…AW (evoC-Bap1-mut-F, L002) | 4 of 4 ✔
[5b/a1da4a] res…DE (evoC-Bap1-mut-F, L002) | 4 of 4 ✔
[-        ] resolve_align:FASTQC_RESOLVED  -
[01/56f00b] res…M2 (evoC-Bap1-mut-F, L002) | 4 of 4, retries: 1 ✔
[-        ] res…align:SAMTOOLS_MERGE_LANES -
[-        ] resolve_align:PRESEQ           -
[28/806af0] bam…t:BAMLET (evoC-Bap1-mut-F) | 4 of 4 ✔
[55/b753e2] bam…AP_BAMQC (evoC-Bap1-mut-F) | 4 of 4 ✔
[55/f0bd54] bam…TSS_BIAS (evoC-Bap1-mut-F) | 4 of 4 ✔
[-        ] bam…:DEEPTOOLS_PLOTFINGERPRINT -
[92/c27283] bam…D_GCBIAS (evoC-Bap1-mut-F) | 4 of 4 ✔
[67/ac31b6] bam…ACCURACY (evoC-Bap1-mut-F) | 4 of 4 ✔
[c7/c4f725] var…E_CALLER (evoC-Bap1-mut-F) | 4 of 4 ✔
[18/a2c784] var…NTERVALS (GRCm38_filtered) | 1 of 1 ✔
[46/ae7667] var…DB_IMPORT (Interval: 0012) | 5 of 20
[41/ed4781] var…YPE_GVCFS (Interval: 0012) | 1 of 5
[-        ] var…t_calling:MERGE_JOINT_VCFS -
[-        ] variant_calling:ASM            -
[-        ] var…_calling:MERGE_ASM_OUTPUTS -
[b1/95fc6d] var…:MUTECT2 (evoC-Bap1-mut-F) | 4 of 4 ✔
[6b/3dc252] mbi…voC-Bap1-mut-F-CG-5-prime) | 12 of 12 ✔
[3c/c3bed6] epi…ZARR (evoC-Bap1-mut-F-CHH) | 12 of 12 ✔
[59/7a9871] epi…XPORT (evoC-Bap1-mut-F_CG) | 4 of 12
[a6/6be32c] epi…(evoC_Bap1_run-genome-CHH) | 3 of 3 ✔
[36/320bbb] epi…2ZARR (evoC-Bap1-mut-F-CG) | 4 of 4 ✔
[b5/0a0405] epi…XPORT (evoC-Bap1-mut-F_CG) | 4 of 4 ✔
[aa/e30408] epi…2ZARR (evoC-Bap1-mut-F-CG) | 4 of 4 ✔
[99/2d9dc3] epi…XPORT (evoC-Bap1-mut-F_CG) | 4 of 4 ✔
[f1/4b9fbc] epi…voC_Bap1_run-long_ctrl-CG) | 1 of 1 ✔
[87/3c313b] summary:DQSPY (evoC_Bap1_run)  | 1 of 1 ✔
Plus 3 more processes waiting for tasks…

executor >  slurm (123)
[52/6a699d] res…AW (evoC-Bap1-mut-F, L002) | 4 of 4 ✔
[5b/a1da4a] res…DE (evoC-Bap1-mut-F, L002) | 4 of 4 ✔
[-        ] resolve_align:FASTQC_RESOLVED  -
[01/56f00b] res…M2 (evoC-Bap1-mut-F, L002) | 4 of 4, retries: 1 ✔
[-        ] res…align:SAMTOOLS_MERGE_LANES -
[-        ] resolve_align:PRESEQ           -
[28/806af0] bam…t:BAMLET (evoC-Bap1-mut-F) | 4 of 4 ✔
[55/b753e2] bam…AP_BAMQC (evoC-Bap1-mut-F) | 4 of 4 ✔
[55/f0bd54] bam…TSS_BIAS (evoC-Bap1-mut-F) | 4 of 4 ✔
[-        ] bam…:DEEPTOOLS_PLOTFINGERPRINT -
[92/c27283] bam…D_GCBIAS (evoC-Bap1-mut-F) | 4 of 4 ✔
[67/ac31b6] bam…ACCURACY (evoC-Bap1-mut-F) | 4 of 4 ✔
[c7/c4f725] var…E_CALLER (evoC-Bap1-mut-F) | 4 of 4 ✔
[18/a2c784] var…NTERVALS (GRCm38_filtered) | 1 of 1 ✔
[bf/735a2f] var…DB_IMPORT (Interval: 0005) | 6 of 20
[41/ed4781] var…YPE_GVCFS (Interval: 0012) | 1 of 6
[-        ] var…t_calling:MERGE_JOINT_VCFS -
[-        ] variant_calling:ASM            -
[-        ] var…_calling:MERGE_ASM_OUTPUTS -
[b1/95fc6d] var…:MUTECT2 (evoC-Bap1-mut-F) | 4 of 4 ✔
[6b/3dc252] mbi…voC-Bap1-mut-F-CG-5-prime) | 12 of 12 ✔
[3c/c3bed6] epi…ZARR (evoC-Bap1-mut-F-CHH) | 12 of 12 ✔
[59/7a9871] epi…XPORT (evoC-Bap1-mut-F_CG) | 4 of 12
[a6/6be32c] epi…(evoC_Bap1_run-genome-CHH) | 3 of 3 ✔
[36/320bbb] epi…2ZARR (evoC-Bap1-mut-F-CG) | 4 of 4 ✔
[b5/0a0405] epi…XPORT (evoC-Bap1-mut-F_CG) | 4 of 4 ✔
[aa/e30408] epi…2ZARR (evoC-Bap1-mut-F-CG) | 4 of 4 ✔
[99/2d9dc3] epi…XPORT (evoC-Bap1-mut-F_CG) | 4 of 4 ✔
[f1/4b9fbc] epi…voC_Bap1_run-long_ctrl-CG) | 1 of 1 ✔
[87/3c313b] summary:DQSPY (evoC_Bap1_run)  | 1 of 1 ✔
Plus 3 more processes waiting for tasks…

executor >  slurm (124)
[52/6a699d] res…AW (evoC-Bap1-mut-F, L002) | 4 of 4 ✔
[5b/a1da4a] res…DE (evoC-Bap1-mut-F, L002) | 4 of 4 ✔
[-        ] resolve_align:FASTQC_RESOLVED  -
[01/56f00b] res…M2 (evoC-Bap1-mut-F, L002) | 4 of 4, retries: 1 ✔
[-        ] res…align:SAMTOOLS_MERGE_LANES -
[-        ] resolve_align:PRESEQ           -
[28/806af0] bam…t:BAMLET (evoC-Bap1-mut-F) | 4 of 4 ✔
[55/b753e2] bam…AP_BAMQC (evoC-Bap1-mut-F) | 4 of 4 ✔
[55/f0bd54] bam…TSS_BIAS (evoC-Bap1-mut-F) | 4 of 4 ✔
[-        ] bam…:DEEPTOOLS_PLOTFINGERPRINT -
[92/c27283] bam…D_GCBIAS (evoC-Bap1-mut-F) | 4 of 4 ✔
[67/ac31b6] bam…ACCURACY (evoC-Bap1-mut-F) | 4 of 4 ✔
[c7/c4f725] var…E_CALLER (evoC-Bap1-mut-F) | 4 of 4 ✔
[18/a2c784] var…NTERVALS (GRCm38_filtered) | 1 of 1 ✔
[bf/735a2f] var…DB_IMPORT (Interval: 0005) | 6 of 20
[c4/11a495] var…YPE_GVCFS (Interval: 0005) | 1 of 6
[-        ] var…t_calling:MERGE_JOINT_VCFS -
[-        ] variant_calling:ASM            -
[-        ] var…_calling:MERGE_ASM_OUTPUTS -
[b1/95fc6d] var…:MUTECT2 (evoC-Bap1-mut-F) | 4 of 4 ✔
[6b/3dc252] mbi…voC-Bap1-mut-F-CG-5-prime) | 12 of 12 ✔
[3c/c3bed6] epi…ZARR (evoC-Bap1-mut-F-CHH) | 12 of 12 ✔
[59/7a9871] epi…XPORT (evoC-Bap1-mut-F_CG) | 4 of 12
[a6/6be32c] epi…(evoC_Bap1_run-genome-CHH) | 3 of 3 ✔
[36/320bbb] epi…2ZARR (evoC-Bap1-mut-F-CG) | 4 of 4 ✔
[b5/0a0405] epi…XPORT (evoC-Bap1-mut-F_CG) | 4 of 4 ✔
[aa/e30408] epi…2ZARR (evoC-Bap1-mut-F-CG) | 4 of 4 ✔
[99/2d9dc3] epi…XPORT (evoC-Bap1-mut-F_CG) | 4 of 4 ✔
[f1/4b9fbc] epi…voC_Bap1_run-long_ctrl-CG) | 1 of 1 ✔
[87/3c313b] summary:DQSPY (evoC_Bap1_run)  | 1 of 1 ✔
Plus 3 more processes waiting for tasks…

executor >  slurm (124)
[52/6a699d] res…AW (evoC-Bap1-mut-F, L002) | 4 of 4 ✔
[5b/a1da4a] res…DE (evoC-Bap1-mut-F, L002) | 4 of 4 ✔
[-        ] resolve_align:FASTQC_RESOLVED  -
[01/56f00b] res…M2 (evoC-Bap1-mut-F, L002) | 4 of 4, retries: 1 ✔
[-        ] res…align:SAMTOOLS_MERGE_LANES -
[-        ] resolve_align:PRESEQ           -
[28/806af0] bam…t:BAMLET (evoC-Bap1-mut-F) | 4 of 4 ✔
[55/b753e2] bam…AP_BAMQC (evoC-Bap1-mut-F) | 4 of 4 ✔
[55/f0bd54] bam…TSS_BIAS (evoC-Bap1-mut-F) | 4 of 4 ✔
[-        ] bam…:DEEPTOOLS_PLOTFINGERPRINT -
[92/c27283] bam…D_GCBIAS (evoC-Bap1-mut-F) | 4 of 4 ✔
[67/ac31b6] bam…ACCURACY (evoC-Bap1-mut-F) | 4 of 4 ✔
[c7/c4f725] var…E_CALLER (evoC-Bap1-mut-F) | 4 of 4 ✔
[18/a2c784] var…NTERVALS (GRCm38_filtered) | 1 of 1 ✔
[bf/735a2f] var…DB_IMPORT (Interval: 0005) | 6 of 20
[c4/11a495] var…YPE_GVCFS (Interval: 0005) | 1 of 6
[-        ] var…t_calling:MERGE_JOINT_VCFS -
[-        ] variant_calling:ASM            -
[-        ] var…_calling:MERGE_ASM_OUTPUTS -
[b1/95fc6d] var…:MUTECT2 (evoC-Bap1-mut-F) | 4 of 4 ✔
[6b/3dc252] mbi…voC-Bap1-mut-F-CG-5-prime) | 12 of 12 ✔
[3c/c3bed6] epi…ZARR (evoC-Bap1-mut-F-CHH) | 12 of 12 ✔
[59/7a9871] epi…XPORT (evoC-Bap1-mut-F_CG) | 4 of 12
[a6/6be32c] epi…(evoC_Bap1_run-genome-CHH) | 3 of 3 ✔
[36/320bbb] epi…2ZARR (evoC-Bap1-mut-F-CG) | 4 of 4 ✔
[b5/0a0405] epi…XPORT (evoC-Bap1-mut-F_CG) | 4 of 4 ✔
[aa/e30408] epi…2ZARR (evoC-Bap1-mut-F-CG) | 4 of 4 ✔
[99/2d9dc3] epi…XPORT (evoC-Bap1-mut-F_CG) | 4 of 4 ✔
[f1/4b9fbc] epi…voC_Bap1_run-long_ctrl-CG) | 1 of 1 ✔
[87/3c313b] summary:DQSPY (evoC_Bap1_run)  | 1 of 1 ✔
Plus 3 more processes waiting for tasks…

executor >  slurm (124)
[52/6a699d] res…AW (evoC-Bap1-mut-F, L002) | 4 of 4 ✔
[5b/a1da4a] res…DE (evoC-Bap1-mut-F, L002) | 4 of 4 ✔
[-        ] resolve_align:FASTQC_RESOLVED  -
[01/56f00b] res…M2 (evoC-Bap1-mut-F, L002) | 4 of 4, retries: 1 ✔
[-        ] res…align:SAMTOOLS_MERGE_LANES -
[-        ] resolve_align:PRESEQ           -
[28/806af0] bam…t:BAMLET (evoC-Bap1-mut-F) | 4 of 4 ✔
[55/b753e2] bam…AP_BAMQC (evoC-Bap1-mut-F) | 4 of 4 ✔
[55/f0bd54] bam…TSS_BIAS (evoC-Bap1-mut-F) | 4 of 4 ✔
[-        ] bam…:DEEPTOOLS_PLOTFINGERPRINT -
[92/c27283] bam…D_GCBIAS (evoC-Bap1-mut-F) | 4 of 4 ✔
[67/ac31b6] bam…ACCURACY (evoC-Bap1-mut-F) | 4 of 4 ✔
[c7/c4f725] var…E_CALLER (evoC-Bap1-mut-F) | 4 of 4 ✔
[18/a2c784] var…NTERVALS (GRCm38_filtered) | 1 of 1 ✔
[90/e75c75] var…DB_IMPORT (Interval: 0004) | 7 of 20
[c4/11a495] var…YPE_GVCFS (Interval: 0005) | 1 of 7
[-        ] var…t_calling:MERGE_JOINT_VCFS -
[-        ] variant_calling:ASM            -
[-        ] var…_calling:MERGE_ASM_OUTPUTS -
[b1/95fc6d] var…:MUTECT2 (evoC-Bap1-mut-F) | 4 of 4 ✔
[6b/3dc252] mbi…voC-Bap1-mut-F-CG-5-prime) | 12 of 12 ✔
[3c/c3bed6] epi…ZARR (evoC-Bap1-mut-F-CHH) | 12 of 12 ✔
[59/7a9871] epi…XPORT (evoC-Bap1-mut-F_CG) | 4 of 12
[a6/6be32c] epi…(evoC_Bap1_run-genome-CHH) | 3 of 3 ✔
[36/320bbb] epi…2ZARR (evoC-Bap1-mut-F-CG) | 4 of 4 ✔
[b5/0a0405] epi…XPORT (evoC-Bap1-mut-F_CG) | 4 of 4 ✔
[aa/e30408] epi…2ZARR (evoC-Bap1-mut-F-CG) | 4 of 4 ✔
[99/2d9dc3] epi…XPORT (evoC-Bap1-mut-F_CG) | 4 of 4 ✔
[f1/4b9fbc] epi…voC_Bap1_run-long_ctrl-CG) | 1 of 1 ✔
[87/3c313b] summary:DQSPY (evoC_Bap1_run)  | 1 of 1 ✔
Plus 3 more processes waiting for tasks…

executor >  slurm (125)
[52/6a699d] res…AW (evoC-Bap1-mut-F, L002) | 4 of 4 ✔
[5b/a1da4a] res…DE (evoC-Bap1-mut-F, L002) | 4 of 4 ✔
[-        ] resolve_align:FASTQC_RESOLVED  -
[01/56f00b] res…M2 (evoC-Bap1-mut-F, L002) | 4 of 4, retries: 1 ✔
[-        ] res…align:SAMTOOLS_MERGE_LANES -
[-        ] resolve_align:PRESEQ           -
[28/806af0] bam…t:BAMLET (evoC-Bap1-mut-F) | 4 of 4 ✔
[55/b753e2] bam…AP_BAMQC (evoC-Bap1-mut-F) | 4 of 4 ✔
[55/f0bd54] bam…TSS_BIAS (evoC-Bap1-mut-F) | 4 of 4 ✔
[-        ] bam…:DEEPTOOLS_PLOTFINGERPRINT -
[92/c27283] bam…D_GCBIAS (evoC-Bap1-mut-F) | 4 of 4 ✔
[67/ac31b6] bam…ACCURACY (evoC-Bap1-mut-F) | 4 of 4 ✔
[c7/c4f725] var…E_CALLER (evoC-Bap1-mut-F) | 4 of 4 ✔
[18/a2c784] var…NTERVALS (GRCm38_filtered) | 1 of 1 ✔
[90/e75c75] var…DB_IMPORT (Interval: 0004) | 7 of 20
[b4/80880f] var…YPE_GVCFS (Interval: 0004) | 1 of 7
[-        ] var…t_calling:MERGE_JOINT_VCFS -
[-        ] variant_calling:ASM            -
[-        ] var…_calling:MERGE_ASM_OUTPUTS -
[b1/95fc6d] var…:MUTECT2 (evoC-Bap1-mut-F) | 4 of 4 ✔
[6b/3dc252] mbi…voC-Bap1-mut-F-CG-5-prime) | 12 of 12 ✔
[3c/c3bed6] epi…ZARR (evoC-Bap1-mut-F-CHH) | 12 of 12 ✔
[59/7a9871] epi…XPORT (evoC-Bap1-mut-F_CG) | 4 of 12
[a6/6be32c] epi…(evoC_Bap1_run-genome-CHH) | 3 of 3 ✔
[36/320bbb] epi…2ZARR (evoC-Bap1-mut-F-CG) | 4 of 4 ✔
[b5/0a0405] epi…XPORT (evoC-Bap1-mut-F_CG) | 4 of 4 ✔
[aa/e30408] epi…2ZARR (evoC-Bap1-mut-F-CG) | 4 of 4 ✔
[99/2d9dc3] epi…XPORT (evoC-Bap1-mut-F_CG) | 4 of 4 ✔
[f1/4b9fbc] epi…voC_Bap1_run-long_ctrl-CG) | 1 of 1 ✔
[87/3c313b] summary:DQSPY (evoC_Bap1_run)  | 1 of 1 ✔
Plus 3 more processes waiting for tasks…

executor >  slurm (125)
[52/6a699d] res…AW (evoC-Bap1-mut-F, L002) | 4 of 4 ✔
[5b/a1da4a] res…DE (evoC-Bap1-mut-F, L002) | 4 of 4 ✔
[-        ] resolve_align:FASTQC_RESOLVED  -
[01/56f00b] res…M2 (evoC-Bap1-mut-F, L002) | 4 of 4, retries: 1 ✔
[-        ] res…align:SAMTOOLS_MERGE_LANES -
[-        ] resolve_align:PRESEQ           -
[28/806af0] bam…t:BAMLET (evoC-Bap1-mut-F) | 4 of 4 ✔
[55/b753e2] bam…AP_BAMQC (evoC-Bap1-mut-F) | 4 of 4 ✔
[55/f0bd54] bam…TSS_BIAS (evoC-Bap1-mut-F) | 4 of 4 ✔
[-        ] bam…:DEEPTOOLS_PLOTFINGERPRINT -
[92/c27283] bam…D_GCBIAS (evoC-Bap1-mut-F) | 4 of 4 ✔
[67/ac31b6] bam…ACCURACY (evoC-Bap1-mut-F) | 4 of 4 ✔
[c7/c4f725] var…E_CALLER (evoC-Bap1-mut-F) | 4 of 4 ✔
[18/a2c784] var…NTERVALS (GRCm38_filtered) | 1 of 1 ✔
[c0/f1c023] var…DB_IMPORT (Interval: 0019) | 8 of 20
[b4/80880f] var…YPE_GVCFS (Interval: 0004) | 1 of 8
[-        ] var…t_calling:MERGE_JOINT_VCFS -
[-        ] variant_calling:ASM            -
[-        ] var…_calling:MERGE_ASM_OUTPUTS -
[b1/95fc6d] var…:MUTECT2 (evoC-Bap1-mut-F) | 4 of 4 ✔
[6b/3dc252] mbi…voC-Bap1-mut-F-CG-5-prime) | 12 of 12 ✔
[3c/c3bed6] epi…ZARR (evoC-Bap1-mut-F-CHH) | 12 of 12 ✔
[59/7a9871] epi…XPORT (evoC-Bap1-mut-F_CG) | 4 of 12
[a6/6be32c] epi…(evoC_Bap1_run-genome-CHH) | 3 of 3 ✔
[36/320bbb] epi…2ZARR (evoC-Bap1-mut-F-CG) | 4 of 4 ✔
[b5/0a0405] epi…XPORT (evoC-Bap1-mut-F_CG) | 4 of 4 ✔
[aa/e30408] epi…2ZARR (evoC-Bap1-mut-F-CG) | 4 of 4 ✔
[99/2d9dc3] epi…XPORT (evoC-Bap1-mut-F_CG) | 4 of 4 ✔
[f1/4b9fbc] epi…voC_Bap1_run-long_ctrl-CG) | 1 of 1 ✔
[87/3c313b] summary:DQSPY (evoC_Bap1_run)  | 1 of 1 ✔
Plus 3 more processes waiting for tasks…

executor >  slurm (126)
[52/6a699d] res…AW (evoC-Bap1-mut-F, L002) | 4 of 4 ✔
[5b/a1da4a] res…DE (evoC-Bap1-mut-F, L002) | 4 of 4 ✔
[-        ] resolve_align:FASTQC_RESOLVED  -
[01/56f00b] res…M2 (evoC-Bap1-mut-F, L002) | 4 of 4, retries: 1 ✔
[-        ] res…align:SAMTOOLS_MERGE_LANES -
[-        ] resolve_align:PRESEQ           -
[28/806af0] bam…t:BAMLET (evoC-Bap1-mut-F) | 4 of 4 ✔
[55/b753e2] bam…AP_BAMQC (evoC-Bap1-mut-F) | 4 of 4 ✔
[55/f0bd54] bam…TSS_BIAS (evoC-Bap1-mut-F) | 4 of 4 ✔
[-        ] bam…:DEEPTOOLS_PLOTFINGERPRINT -
[92/c27283] bam…D_GCBIAS (evoC-Bap1-mut-F) | 4 of 4 ✔
[67/ac31b6] bam…ACCURACY (evoC-Bap1-mut-F) | 4 of 4 ✔
[c7/c4f725] var…E_CALLER (evoC-Bap1-mut-F) | 4 of 4 ✔
[18/a2c784] var…NTERVALS (GRCm38_filtered) | 1 of 1 ✔
[c0/f1c023] var…DB_IMPORT (Interval: 0019) | 8 of 20
[00/592a6e] var…YPE_GVCFS (Interval: 0019) | 1 of 8
[-        ] var…t_calling:MERGE_JOINT_VCFS -
[-        ] variant_calling:ASM            -
[-        ] var…_calling:MERGE_ASM_OUTPUTS -
[b1/95fc6d] var…:MUTECT2 (evoC-Bap1-mut-F) | 4 of 4 ✔
[6b/3dc252] mbi…voC-Bap1-mut-F-CG-5-prime) | 12 of 12 ✔
[3c/c3bed6] epi…ZARR (evoC-Bap1-mut-F-CHH) | 12 of 12 ✔
[59/7a9871] epi…XPORT (evoC-Bap1-mut-F_CG) | 4 of 12
[a6/6be32c] epi…(evoC_Bap1_run-genome-CHH) | 3 of 3 ✔
[36/320bbb] epi…2ZARR (evoC-Bap1-mut-F-CG) | 4 of 4 ✔
[b5/0a0405] epi…XPORT (evoC-Bap1-mut-F_CG) | 4 of 4 ✔
[aa/e30408] epi…2ZARR (evoC-Bap1-mut-F-CG) | 4 of 4 ✔
[99/2d9dc3] epi…XPORT (evoC-Bap1-mut-F_CG) | 4 of 4 ✔
[f1/4b9fbc] epi…voC_Bap1_run-long_ctrl-CG) | 1 of 1 ✔
[87/3c313b] summary:DQSPY (evoC_Bap1_run)  | 1 of 1 ✔
Plus 3 more processes waiting for tasks…

executor >  slurm (126)
[52/6a699d] res…AW (evoC-Bap1-mut-F, L002) | 4 of 4 ✔
[5b/a1da4a] res…DE (evoC-Bap1-mut-F, L002) | 4 of 4 ✔
[-        ] resolve_align:FASTQC_RESOLVED  -
[01/56f00b] res…M2 (evoC-Bap1-mut-F, L002) | 4 of 4, retries: 1 ✔
[-        ] res…align:SAMTOOLS_MERGE_LANES -
[-        ] resolve_align:PRESEQ           -
[28/806af0] bam…t:BAMLET (evoC-Bap1-mut-F) | 4 of 4 ✔
[55/b753e2] bam…AP_BAMQC (evoC-Bap1-mut-F) | 4 of 4 ✔
[55/f0bd54] bam…TSS_BIAS (evoC-Bap1-mut-F) | 4 of 4 ✔
[-        ] bam…:DEEPTOOLS_PLOTFINGERPRINT -
[92/c27283] bam…D_GCBIAS (evoC-Bap1-mut-F) | 4 of 4 ✔
[67/ac31b6] bam…ACCURACY (evoC-Bap1-mut-F) | 4 of 4 ✔
[c7/c4f725] var…E_CALLER (evoC-Bap1-mut-F) | 4 of 4 ✔
[18/a2c784] var…NTERVALS (GRCm38_filtered) | 1 of 1 ✔
[a4/05342e] var…DB_IMPORT (Interval: 0013) | 9 of 20
[00/592a6e] var…YPE_GVCFS (Interval: 0019) | 1 of 9
[-        ] var…t_calling:MERGE_JOINT_VCFS -
[-        ] variant_calling:ASM            -
[-        ] var…_calling:MERGE_ASM_OUTPUTS -
[b1/95fc6d] var…:MUTECT2 (evoC-Bap1-mut-F) | 4 of 4 ✔
[6b/3dc252] mbi…voC-Bap1-mut-F-CG-5-prime) | 12 of 12 ✔
[3c/c3bed6] epi…ZARR (evoC-Bap1-mut-F-CHH) | 12 of 12 ✔
[59/7a9871] epi…XPORT (evoC-Bap1-mut-F_CG) | 4 of 12
[a6/6be32c] epi…(evoC_Bap1_run-genome-CHH) | 3 of 3 ✔
[36/320bbb] epi…2ZARR (evoC-Bap1-mut-F-CG) | 4 of 4 ✔
[b5/0a0405] epi…XPORT (evoC-Bap1-mut-F_CG) | 4 of 4 ✔
[aa/e30408] epi…2ZARR (evoC-Bap1-mut-F-CG) | 4 of 4 ✔
[99/2d9dc3] epi…XPORT (evoC-Bap1-mut-F_CG) | 4 of 4 ✔
[f1/4b9fbc] epi…voC_Bap1_run-long_ctrl-CG) | 1 of 1 ✔
[87/3c313b] summary:DQSPY (evoC_Bap1_run)  | 1 of 1 ✔
Plus 3 more processes waiting for tasks…

executor >  slurm (127)
[52/6a699d] res…AW (evoC-Bap1-mut-F, L002) | 4 of 4 ✔
[5b/a1da4a] res…DE (evoC-Bap1-mut-F, L002) | 4 of 4 ✔
[-        ] resolve_align:FASTQC_RESOLVED  -
[01/56f00b] res…M2 (evoC-Bap1-mut-F, L002) | 4 of 4, retries: 1 ✔
[-        ] res…align:SAMTOOLS_MERGE_LANES -
[-        ] resolve_align:PRESEQ           -
[28/806af0] bam…t:BAMLET (evoC-Bap1-mut-F) | 4 of 4 ✔
[55/b753e2] bam…AP_BAMQC (evoC-Bap1-mut-F) | 4 of 4 ✔
[55/f0bd54] bam…TSS_BIAS (evoC-Bap1-mut-F) | 4 of 4 ✔
[-        ] bam…:DEEPTOOLS_PLOTFINGERPRINT -
[92/c27283] bam…D_GCBIAS (evoC-Bap1-mut-F) | 4 of 4 ✔
[67/ac31b6] bam…ACCURACY (evoC-Bap1-mut-F) | 4 of 4 ✔
[c7/c4f725] var…E_CALLER (evoC-Bap1-mut-F) | 4 of 4 ✔
[18/a2c784] var…NTERVALS (GRCm38_filtered) | 1 of 1 ✔
[a4/05342e] var…DB_IMPORT (Interval: 0013) | 9 of 20
[d5/b36753] var…YPE_GVCFS (Interval: 0013) | 1 of 9
[-        ] var…t_calling:MERGE_JOINT_VCFS -
[-        ] variant_calling:ASM            -
[-        ] var…_calling:MERGE_ASM_OUTPUTS -
[b1/95fc6d] var…:MUTECT2 (evoC-Bap1-mut-F) | 4 of 4 ✔
[6b/3dc252] mbi…voC-Bap1-mut-F-CG-5-prime) | 12 of 12 ✔
[3c/c3bed6] epi…ZARR (evoC-Bap1-mut-F-CHH) | 12 of 12 ✔
[59/7a9871] epi…XPORT (evoC-Bap1-mut-F_CG) | 4 of 12
[a6/6be32c] epi…(evoC_Bap1_run-genome-CHH) | 3 of 3 ✔
[36/320bbb] epi…2ZARR (evoC-Bap1-mut-F-CG) | 4 of 4 ✔
[b5/0a0405] epi…XPORT (evoC-Bap1-mut-F_CG) | 4 of 4 ✔
[aa/e30408] epi…2ZARR (evoC-Bap1-mut-F-CG) | 4 of 4 ✔
[99/2d9dc3] epi…XPORT (evoC-Bap1-mut-F_CG) | 4 of 4 ✔
[f1/4b9fbc] epi…voC_Bap1_run-long_ctrl-CG) | 1 of 1 ✔
[87/3c313b] summary:DQSPY (evoC_Bap1_run)  | 1 of 1 ✔
Plus 3 more processes waiting for tasks…

executor >  slurm (127)
[52/6a699d] res…AW (evoC-Bap1-mut-F, L002) | 4 of 4 ✔
[5b/a1da4a] res…DE (evoC-Bap1-mut-F, L002) | 4 of 4 ✔
[-        ] resolve_align:FASTQC_RESOLVED  -
[01/56f00b] res…M2 (evoC-Bap1-mut-F, L002) | 4 of 4, retries: 1 ✔
[-        ] res…align:SAMTOOLS_MERGE_LANES -
[-        ] resolve_align:PRESEQ           -
[28/806af0] bam…t:BAMLET (evoC-Bap1-mut-F) | 4 of 4 ✔
[55/b753e2] bam…AP_BAMQC (evoC-Bap1-mut-F) | 4 of 4 ✔
[55/f0bd54] bam…TSS_BIAS (evoC-Bap1-mut-F) | 4 of 4 ✔
[-        ] bam…:DEEPTOOLS_PLOTFINGERPRINT -
[92/c27283] bam…D_GCBIAS (evoC-Bap1-mut-F) | 4 of 4 ✔
[67/ac31b6] bam…ACCURACY (evoC-Bap1-mut-F) | 4 of 4 ✔
[c7/c4f725] var…E_CALLER (evoC-Bap1-mut-F) | 4 of 4 ✔
[18/a2c784] var…NTERVALS (GRCm38_filtered) | 1 of 1 ✔
[a4/05342e] var…DB_IMPORT (Interval: 0013) | 9 of 20
[d5/b36753] var…YPE_GVCFS (Interval: 0013) | 1 of 9
[-        ] var…t_calling:MERGE_JOINT_VCFS -
[-        ] variant_calling:ASM            -
[-        ] var…_calling:MERGE_ASM_OUTPUTS -
[b1/95fc6d] var…:MUTECT2 (evoC-Bap1-mut-F) | 4 of 4 ✔
[6b/3dc252] mbi…voC-Bap1-mut-F-CG-5-prime) | 12 of 12 ✔
[3c/c3bed6] epi…ZARR (evoC-Bap1-mut-F-CHH) | 12 of 12 ✔
[59/7a9871] epi…XPORT (evoC-Bap1-mut-F_CG) | 4 of 12
[a6/6be32c] epi…(evoC_Bap1_run-genome-CHH) | 3 of 3 ✔
[36/320bbb] epi…2ZARR (evoC-Bap1-mut-F-CG) | 4 of 4 ✔
[b5/0a0405] epi…XPORT (evoC-Bap1-mut-F_CG) | 4 of 4 ✔
[aa/e30408] epi…2ZARR (evoC-Bap1-mut-F-CG) | 4 of 4 ✔
[99/2d9dc3] epi…XPORT (evoC-Bap1-mut-F_CG) | 4 of 4 ✔
[f1/4b9fbc] epi…voC_Bap1_run-long_ctrl-CG) | 1 of 1 ✔
[87/3c313b] summary:DQSPY (evoC_Bap1_run)  | 1 of 1 ✔
Plus 3 more processes waiting for tasks…

executor >  slurm (127)
[52/6a699d] res…AW (evoC-Bap1-mut-F, L002) | 4 of 4 ✔
[5b/a1da4a] res…DE (evoC-Bap1-mut-F, L002) | 4 of 4 ✔
[-        ] resolve_align:FASTQC_RESOLVED  -
[01/56f00b] res…M2 (evoC-Bap1-mut-F, L002) | 4 of 4, retries: 1 ✔
[-        ] res…align:SAMTOOLS_MERGE_LANES -
[-        ] resolve_align:PRESEQ           -
[28/806af0] bam…t:BAMLET (evoC-Bap1-mut-F) | 4 of 4 ✔
[55/b753e2] bam…AP_BAMQC (evoC-Bap1-mut-F) | 4 of 4 ✔
[55/f0bd54] bam…TSS_BIAS (evoC-Bap1-mut-F) | 4 of 4 ✔
[-        ] bam…:DEEPTOOLS_PLOTFINGERPRINT -
[92/c27283] bam…D_GCBIAS (evoC-Bap1-mut-F) | 4 of 4 ✔
[67/ac31b6] bam…ACCURACY (evoC-Bap1-mut-F) | 4 of 4 ✔
[c7/c4f725] var…E_CALLER (evoC-Bap1-mut-F) | 4 of 4 ✔
[18/a2c784] var…NTERVALS (GRCm38_filtered) | 1 of 1 ✔
[11/12f286] var…DB_IMPORT (Interval: 0017) | 10 of 20
[d5/b36753] var…YPE_GVCFS (Interval: 0013) | 1 of 10
[-        ] var…t_calling:MERGE_JOINT_VCFS -
[-        ] variant_calling:ASM            -
[-        ] var…_calling:MERGE_ASM_OUTPUTS -
[b1/95fc6d] var…:MUTECT2 (evoC-Bap1-mut-F) | 4 of 4 ✔
[6b/3dc252] mbi…voC-Bap1-mut-F-CG-5-prime) | 12 of 12 ✔
[3c/c3bed6] epi…ZARR (evoC-Bap1-mut-F-CHH) | 12 of 12 ✔
[59/7a9871] epi…XPORT (evoC-Bap1-mut-F_CG) | 4 of 12
[a6/6be32c] epi…(evoC_Bap1_run-genome-CHH) | 3 of 3 ✔
[36/320bbb] epi…2ZARR (evoC-Bap1-mut-F-CG) | 4 of 4 ✔
[b5/0a0405] epi…XPORT (evoC-Bap1-mut-F_CG) | 4 of 4 ✔
[aa/e30408] epi…2ZARR (evoC-Bap1-mut-F-CG) | 4 of 4 ✔
[99/2d9dc3] epi…XPORT (evoC-Bap1-mut-F_CG) | 4 of 4 ✔
[f1/4b9fbc] epi…voC_Bap1_run-long_ctrl-CG) | 1 of 1 ✔
[87/3c313b] summary:DQSPY (evoC_Bap1_run)  | 1 of 1 ✔
Plus 3 more processes waiting for tasks…

executor >  slurm (128)
[52/6a699d] res…AW (evoC-Bap1-mut-F, L002) | 4 of 4 ✔
[5b/a1da4a] res…DE (evoC-Bap1-mut-F, L002) | 4 of 4 ✔
[-        ] resolve_align:FASTQC_RESOLVED  -
[01/56f00b] res…M2 (evoC-Bap1-mut-F, L002) | 4 of 4, retries: 1 ✔
[-        ] res…align:SAMTOOLS_MERGE_LANES -
[-        ] resolve_align:PRESEQ           -
[28/806af0] bam…t:BAMLET (evoC-Bap1-mut-F) | 4 of 4 ✔
[55/b753e2] bam…AP_BAMQC (evoC-Bap1-mut-F) | 4 of 4 ✔
[55/f0bd54] bam…TSS_BIAS (evoC-Bap1-mut-F) | 4 of 4 ✔
[-        ] bam…:DEEPTOOLS_PLOTFINGERPRINT -
[92/c27283] bam…D_GCBIAS (evoC-Bap1-mut-F) | 4 of 4 ✔
[67/ac31b6] bam…ACCURACY (evoC-Bap1-mut-F) | 4 of 4 ✔
[c7/c4f725] var…E_CALLER (evoC-Bap1-mut-F) | 4 of 4 ✔
[18/a2c784] var…NTERVALS (GRCm38_filtered) | 1 of 1 ✔
[11/12f286] var…DB_IMPORT (Interval: 0017) | 10 of 20
[36/04b9ba] var…YPE_GVCFS (Interval: 0017) | 1 of 10
[-        ] var…t_calling:MERGE_JOINT_VCFS -
[-        ] variant_calling:ASM            -
[-        ] var…_calling:MERGE_ASM_OUTPUTS -
[b1/95fc6d] var…:MUTECT2 (evoC-Bap1-mut-F) | 4 of 4 ✔
[6b/3dc252] mbi…voC-Bap1-mut-F-CG-5-prime) | 12 of 12 ✔
[3c/c3bed6] epi…ZARR (evoC-Bap1-mut-F-CHH) | 12 of 12 ✔
[59/7a9871] epi…XPORT (evoC-Bap1-mut-F_CG) | 4 of 12
[a6/6be32c] epi…(evoC_Bap1_run-genome-CHH) | 3 of 3 ✔
[36/320bbb] epi…2ZARR (evoC-Bap1-mut-F-CG) | 4 of 4 ✔
[b5/0a0405] epi…XPORT (evoC-Bap1-mut-F_CG) | 4 of 4 ✔
[aa/e30408] epi…2ZARR (evoC-Bap1-mut-F-CG) | 4 of 4 ✔
[99/2d9dc3] epi…XPORT (evoC-Bap1-mut-F_CG) | 4 of 4 ✔
[f1/4b9fbc] epi…voC_Bap1_run-long_ctrl-CG) | 1 of 1 ✔
[87/3c313b] summary:DQSPY (evoC_Bap1_run)  | 1 of 1 ✔
Plus 3 more processes waiting for tasks…

executor >  slurm (128)
[52/6a699d] res…AW (evoC-Bap1-mut-F, L002) | 4 of 4 ✔
[5b/a1da4a] res…DE (evoC-Bap1-mut-F, L002) | 4 of 4 ✔
[-        ] resolve_align:FASTQC_RESOLVED  -
[01/56f00b] res…M2 (evoC-Bap1-mut-F, L002) | 4 of 4, retries: 1 ✔
[-        ] res…align:SAMTOOLS_MERGE_LANES -
[-        ] resolve_align:PRESEQ           -
[28/806af0] bam…t:BAMLET (evoC-Bap1-mut-F) | 4 of 4 ✔
[55/b753e2] bam…AP_BAMQC (evoC-Bap1-mut-F) | 4 of 4 ✔
[55/f0bd54] bam…TSS_BIAS (evoC-Bap1-mut-F) | 4 of 4 ✔
[-        ] bam…:DEEPTOOLS_PLOTFINGERPRINT -
[92/c27283] bam…D_GCBIAS (evoC-Bap1-mut-F) | 4 of 4 ✔
[67/ac31b6] bam…ACCURACY (evoC-Bap1-mut-F) | 4 of 4 ✔
[c7/c4f725] var…E_CALLER (evoC-Bap1-mut-F) | 4 of 4 ✔
[18/a2c784] var…NTERVALS (GRCm38_filtered) | 1 of 1 ✔
[11/12f286] var…DB_IMPORT (Interval: 0017) | 10 of 20
[36/04b9ba] var…YPE_GVCFS (Interval: 0017) | 1 of 10
[-        ] var…t_calling:MERGE_JOINT_VCFS -
[-        ] variant_calling:ASM            -
[-        ] var…_calling:MERGE_ASM_OUTPUTS -
[b1/95fc6d] var…:MUTECT2 (evoC-Bap1-mut-F) | 4 of 4 ✔
[6b/3dc252] mbi…voC-Bap1-mut-F-CG-5-prime) | 12 of 12 ✔
[3c/c3bed6] epi…ZARR (evoC-Bap1-mut-F-CHH) | 12 of 12 ✔
[59/7a9871] epi…XPORT (evoC-Bap1-mut-F_CG) | 4 of 12
[a6/6be32c] epi…(evoC_Bap1_run-genome-CHH) | 3 of 3 ✔
[36/320bbb] epi…2ZARR (evoC-Bap1-mut-F-CG) | 4 of 4 ✔
[b5/0a0405] epi…XPORT (evoC-Bap1-mut-F_CG) | 4 of 4 ✔
[aa/e30408] epi…2ZARR (evoC-Bap1-mut-F-CG) | 4 of 4 ✔
[99/2d9dc3] epi…XPORT (evoC-Bap1-mut-F_CG) | 4 of 4 ✔
[f1/4b9fbc] epi…voC_Bap1_run-long_ctrl-CG) | 1 of 1 ✔
[87/3c313b] summary:DQSPY (evoC_Bap1_run)  | 1 of 1 ✔
Plus 3 more processes waiting for tasks…

executor >  slurm (128)
[52/6a699d] res…AW (evoC-Bap1-mut-F, L002) | 4 of 4 ✔
[5b/a1da4a] res…DE (evoC-Bap1-mut-F, L002) | 4 of 4 ✔
[-        ] resolve_align:FASTQC_RESOLVED  -
[01/56f00b] res…M2 (evoC-Bap1-mut-F, L002) | 4 of 4, retries: 1 ✔
[-        ] res…align:SAMTOOLS_MERGE_LANES -
[-        ] resolve_align:PRESEQ           -
[28/806af0] bam…t:BAMLET (evoC-Bap1-mut-F) | 4 of 4 ✔
[55/b753e2] bam…AP_BAMQC (evoC-Bap1-mut-F) | 4 of 4 ✔
[55/f0bd54] bam…TSS_BIAS (evoC-Bap1-mut-F) | 4 of 4 ✔
[-        ] bam…:DEEPTOOLS_PLOTFINGERPRINT -
[92/c27283] bam…D_GCBIAS (evoC-Bap1-mut-F) | 4 of 4 ✔
[67/ac31b6] bam…ACCURACY (evoC-Bap1-mut-F) | 4 of 4 ✔
[c7/c4f725] var…E_CALLER (evoC-Bap1-mut-F) | 4 of 4 ✔
[18/a2c784] var…NTERVALS (GRCm38_filtered) | 1 of 1 ✔
[11/12f286] var…DB_IMPORT (Interval: 0017) | 10 of 20
[59/951ea3] var…YPE_GVCFS (Interval: 0016) | 2 of 10
[-        ] var…t_calling:MERGE_JOINT_VCFS -
[-        ] variant_calling:ASM            -
[-        ] var…_calling:MERGE_ASM_OUTPUTS -
[b1/95fc6d] var…:MUTECT2 (evoC-Bap1-mut-F) | 4 of 4 ✔
[6b/3dc252] mbi…voC-Bap1-mut-F-CG-5-prime) | 12 of 12 ✔
[3c/c3bed6] epi…ZARR (evoC-Bap1-mut-F-CHH) | 12 of 12 ✔
[59/7a9871] epi…XPORT (evoC-Bap1-mut-F_CG) | 4 of 12
[a6/6be32c] epi…(evoC_Bap1_run-genome-CHH) | 3 of 3 ✔
[36/320bbb] epi…2ZARR (evoC-Bap1-mut-F-CG) | 4 of 4 ✔
[b5/0a0405] epi…XPORT (evoC-Bap1-mut-F_CG) | 4 of 4 ✔
[aa/e30408] epi…2ZARR (evoC-Bap1-mut-F-CG) | 4 of 4 ✔
[99/2d9dc3] epi…XPORT (evoC-Bap1-mut-F_CG) | 4 of 4 ✔
[f1/4b9fbc] epi…voC_Bap1_run-long_ctrl-CG) | 1 of 1 ✔
[87/3c313b] summary:DQSPY (evoC_Bap1_run)  | 1 of 1 ✔
Plus 3 more processes waiting for tasks…
slurmstepd: error: *** JOB 46601265 ON exp-2-26 CANCELLED AT 2026-02-19T13:35:38 ***
