loop_id	direction	logFC	FDR	anchor1_type	anchor2_type	anchor1_dist_to_boundary	anchor2_dist_to_boundary	min_dist_to_boundary	nearest_boundary_type	nearest_boundary_enriched	nearest_boundary_gap_score	near_boundary_10kb	near_boundary_25kb	near_boundary_50kb	near_boundary_100kb
loop_32	up_in_mutant	0.507964758182221	0.0010800226715267	Active_Promoter	Other	0	34999	0	Shifted	Matrix 1	3.4442993777183823	TRUE	TRUE	TRUE	TRUE
loop_8162	down_in_mutant	-0.399584538766962	6.576630843075e-4	Active_Enhancer	Active_Promoter	54999	0	0	Strength Change	Matrix 1	3.5785167264711983	TRUE	TRUE	TRUE	TRUE
loop_1329	down_in_mutant	-0.385575955751452	1.86261900083425e-5	Active_Enhancer	Other	0	74999	0	Strength Change	Matrix 2	-3.509399765515128	TRUE	TRUE	TRUE	TRUE
loop_122	down_in_mutant	-0.309987134535429	0.0170995086700478	Poised_Enhancer	Active_Promoter	24999	0	0	Complex	Matrix 1	4.0906963413336594	TRUE	TRUE	TRUE	TRUE
loop_139	down_in_mutant	-0.530963634931943	0.0037576297724676	Poised_Enhancer	Other	154999	419999	154999	Merge	Matrix 2	-2.0664217503867652	FALSE	FALSE	FALSE	FALSE
loop_9622	down_in_mutant	-0.327231693131887	0.0017252091709439	Active_Promoter	Other	294999	474999	294999	Strength Change	Matrix 2	-2.3026716229719275	FALSE	FALSE	FALSE	FALSE
loop_216	down_in_mutant	-0.585277781779022	0.0205871830132063	Poised_Enhancer	Active_Enhancer	179999	109999	109999	Merge	Matrix 2	-2.416855417395399	FALSE	FALSE	FALSE	FALSE
loop_291	down_in_mutant	-0.309596343189563	4.684422489338e-4	Active_Enhancer	Active_Enhancer	19999	0	0	Strength Change	Matrix 1	3.179608690106335	TRUE	TRUE	TRUE	TRUE
loop_251	down_in_mutant	-0.438108404388366	0.0187774306217553	Active_Promoter	Active_Promoter	334999	69999	69999	Strength Change	Matrix 1	2.030151618672364	FALSE	FALSE	FALSE	TRUE
loop_10275	down_in_mutant	-0.431575816057458	0.0034116165698337	Other	Other	544999	494999	494999	Merge	Matrix 2	-2.516745924927651	FALSE	FALSE	FALSE	FALSE
loop_294	up_in_mutant	0.390539107725139	0.0116861621635594	Polycomb	Polycomb	79999	564999	79999	Split	Matrix 1	2.141479169461566	FALSE	FALSE	FALSE	TRUE
loop_10883	down_in_mutant	-0.315993423612167	0.0031180078591711	Active_Promoter	Poised_Enhancer	84999	44999	44999	Split	Matrix 1	2.5586225099561593	FALSE	FALSE	TRUE	TRUE
loop_318	down_in_mutant	-0.545875935910879	0.003581033848225	Active_Enhancer	Active_Enhancer	199999	29999	29999	Split	Matrix 1	2.1925984052851595	FALSE	FALSE	TRUE	TRUE
loop_323	up_in_mutant	0.323950110606268	0.0130009109326563	Active_Enhancer	Active_Promoter	49999	0	0	Shifted	Matrix 2	-2.0775767404811427	TRUE	TRUE	TRUE	TRUE
loop_1539	down_in_mutant	-0.824911416210738	3.02875082049036e-6	Poised_Enhancer	Active_Promoter	234999	24999	24999	Shifted	Matrix 1	3.21210756515027	FALSE	TRUE	TRUE	TRUE
loop_467	down_in_mutant	-0.389209429688525	5.68864062262666e-5	Active_Promoter	Active_Enhancer	0	134999	0	Split	Matrix 1	2.980971555860907	TRUE	TRUE	TRUE	TRUE
loop_413	down_in_mutant	-0.393885611332712	0.0099136550477718	Poised_Enhancer	Poised_Enhancer	209999	259999	209999	Complex	Matrix 1	2.641243597750834	FALSE	FALSE	FALSE	FALSE
loop_467	up_in_mutant	0.472685798771331	0.0034223313618301	Repressed_Promoter	Other	349999	484999	349999	Shifted	Matrix 1	4.482513993455282	FALSE	FALSE	FALSE	FALSE
loop_13236	down_in_mutant	-0.341616610525246	0.0112145055738813	Other	Other	184999	64999	64999	Strength Change	Matrix 2	-2.3354864176185295	FALSE	FALSE	FALSE	TRUE
loop_13365	down_in_mutant	-0.380561952610522	6.71156898012222e-5	Active_Enhancer	Active_Enhancer	14999	0	0	Shifted	Matrix 1	4.923576019626304	TRUE	TRUE	TRUE	TRUE
loop_564	down_in_mutant	-0.608304515067549	0.0056090876456255	Active_Enhancer	Active_Enhancer	304999	489999	304999	Merge	Matrix 2	-2.47203571827624	FALSE	FALSE	FALSE	FALSE
loop_570	down_in_mutant	-0.507246378783241	0.0124541925204314	Other	Repressed_Promoter	124999	389999	124999	Merge	Matrix 2	-2.382196420531643	FALSE	FALSE	FALSE	FALSE
loop_749	down_in_mutant	-0.394578570668128	0.0015326090365922	Active_Enhancer	Active_Enhancer	764999	974999	764999	Complex	Matrix 1	2.05181618194244	FALSE	FALSE	FALSE	FALSE
loop_15040	down_in_mutant	-0.43863070613811	3.14224082486974e-5	Active_Promoter	Active_Enhancer	0	4999	0	Strength Change	Matrix 1	2.6339215423245332	TRUE	TRUE	TRUE	TRUE
loop_720	down_in_mutant	-0.483819620901568	0.0230187873892694	Bivalent_Promoter	Poised_Enhancer	364999	154999	154999	Strength Change	Matrix 1	3.126772711116455	FALSE	FALSE	FALSE	FALSE
loop_17841	down_in_mutant	-0.348629608286288	9.143091278898e-4	Other	Repressed_Promoter	564999	24999	24999	Complex	Matrix 2	-2.2761432505659447	FALSE	TRUE	TRUE	TRUE
loop_727	up_in_mutant	0.648903030552877	0.0256698622010734	Poised_Enhancer	Poised_Enhancer	24999	29999	24999	Merge	Matrix 2	-2.2833143705352024	FALSE	TRUE	TRUE	TRUE
loop_753	down_in_mutant	-0.407900527865251	0.0160789924202226	Active_Enhancer	Active_Enhancer	269999	54999	54999	Strength Change	Matrix 1	3.2428649730478183	FALSE	FALSE	FALSE	TRUE
loop_15943	up_in_mutant	0.353299532641351	3.84580681911e-4	Other	Poised_Enhancer	154999	64999	64999	Shifted	Matrix 2	-2.524503287825172	FALSE	FALSE	FALSE	TRUE
loop_827	down_in_mutant	-0.460344990434603	0.012276662330146	Active_Promoter	Active_Enhancer	174999	9999	9999	Complex	Matrix 2	-2.460394976841131	TRUE	TRUE	TRUE	TRUE
loop_867	down_in_mutant	-0.316726841379132	0.0253141522163369	Active_Promoter	Poised_Enhancer	804999	739999	739999	Strength Change	Matrix 2	-2.944475812854456	FALSE	FALSE	FALSE	FALSE
loop_869	down_in_mutant	-0.31590110989778	0.0266033656551999	Active_Enhancer	Active_Enhancer	139999	219999	139999	Complex	Matrix 1	2.332684883672389	FALSE	FALSE	FALSE	FALSE
loop_882	down_in_mutant	-0.433706220302438	0.0269721261047592	Active_Enhancer	Poised_Enhancer	809999	659999	659999	Strength Change	Matrix 2	-2.944475812854456	FALSE	FALSE	FALSE	FALSE
loop_17266	down_in_mutant	-0.600053079545689	6.548165469775e-4	Other	Poised_Enhancer	264999	464999	264999	Split	Matrix 1	6.411782545881877	FALSE	FALSE	FALSE	FALSE
loop_1107	down_in_mutant	-0.62207260584874	3.614764220882e-4	Other	Poised_Enhancer	124999	254999	124999	Merge	Matrix 2	-4.310345872260645	FALSE	FALSE	FALSE	FALSE
loop_15541	down_in_mutant	-0.452097905259116	2.589436056028e-4	Active_Enhancer	Active_Promoter	0	214999	0	Complex	Matrix 1	2.54799264835729	TRUE	TRUE	TRUE	TRUE
loop_936	down_in_mutant	-0.310295150617931	0.0088678910504422	Active_Enhancer	Poised_Enhancer	1684999	1624999	1624999	Shifted	Matrix 2	-2.3697484972906344	FALSE	FALSE	FALSE	FALSE
loop_971	down_in_mutant	-0.404672533324142	0.0206478738780949	Active_Promoter	Active_Enhancer	124999	344999	124999	Strength Change	Matrix 2	-4.206700506369612	FALSE	FALSE	FALSE	FALSE
loop_17977	down_in_mutant	-0.374358903730253	0.0020457195262961	Other	Other	4999	74999	4999	Merge	Matrix 2	-2.7301317849001783	TRUE	TRUE	TRUE	TRUE
loop_1021	down_in_mutant	-0.408779181980828	0.017779488281524	Other	Active_Enhancer	69999	139999	69999	Strength Change	Matrix 1	3.2183435864427796	FALSE	FALSE	FALSE	TRUE
loop_1054	down_in_mutant	-0.435500809394855	0.0120494355181984	Other	Poised_Enhancer	139999	84999	84999	Strength Change	Matrix 1	3.3088494008108533	FALSE	FALSE	FALSE	TRUE
loop_8008	down_in_mutant	-0.907281814173301	2.57709819655521e-5	Other	Other	194999	344999	194999	Merge	Matrix 2	-2.3368402998386677	FALSE	FALSE	FALSE	FALSE
loop_1100	up_in_mutant	0.316430794939712	0.0119934694950731	Poised_Enhancer	Other	379999	354999	354999	Merge	Matrix 2	-2.815470402909145	FALSE	FALSE	FALSE	FALSE
loop_1350	down_in_mutant	-0.693425681985245	1.8502089672842e-5	Active_Promoter	Active_Enhancer	0	54999	0	Strength Change	Matrix 1	2.5745787612597812	TRUE	TRUE	TRUE	TRUE
loop_1127	up_in_mutant	0.512268586533115	0.0011421711698848	Polycomb	Other	689999	764999	689999	Strength Change	Matrix 1	2.747126861815573	FALSE	FALSE	FALSE	FALSE
loop_1133	down_in_mutant	-0.413238809337614	0.0072145797429907	Other	Other	219999	99999	99999	Merge	Matrix 2	-3.026983527981262	FALSE	FALSE	FALSE	TRUE
loop_1164	down_in_mutant	-0.443512061434171	0.0031231608696555002	Polycomb	Repressed_Promoter	9999	59999	9999	Strength Change	Matrix 1	3.6472841836897	TRUE	TRUE	TRUE	TRUE
loop_1231	down_in_mutant	-0.334345538443171	0.0049474664804606	Poised_Enhancer	Active_Promoter	34999	0	0	Complex	Matrix 1	5.4016423600764965	TRUE	TRUE	TRUE	TRUE
loop_1262	down_in_mutant	-0.497796548329216	0.0045136831499299	Active_Promoter	Active_Promoter	0	194999	0	Strength Change	Matrix 1	5.048281167943682	TRUE	TRUE	TRUE	TRUE
loop_1280	up_in_mutant	0.445075926971527	0.0167595595999851	Polycomb	Polycomb	514999	679999	514999	Strength Change	Matrix 1	2.1704136928424105	FALSE	FALSE	FALSE	FALSE
loop_11108	up_in_mutant	0.528857142465129	5.650977096149e-4	Poised_Enhancer	Other	0	169999	0	Split	Matrix 1	2.7671234169631433	TRUE	TRUE	TRUE	TRUE
loop_1327	down_in_mutant	-0.606689936726529	0.0236370379231726	Active_Promoter	Active_Promoter	4999	424999	4999	Merge	Matrix 2	-2.182574072294394	TRUE	TRUE	TRUE	TRUE
loop_1403	up_in_mutant	0.336947069739314	0.0195523107666676	Other	Polycomb	574999	719999	574999	Shifted	Matrix 1	4.482513993455282	FALSE	FALSE	FALSE	FALSE
loop_13443	down_in_mutant	-0.451842733240291	2.50458627324543e-5	Poised_Enhancer	Active_Enhancer	0	104999	0	Complex	Matrix 1	8.311023715483067	TRUE	TRUE	TRUE	TRUE
loop_1475	down_in_mutant	-0.445495426881342	0.0110015182887482	Active_Enhancer	Poised_Enhancer	379999	424999	379999	Split	Matrix 1	2.6868627754877017	FALSE	FALSE	FALSE	FALSE
loop_13840	down_in_mutant	-0.36574936010493603	2.41477285657953e-5	Poised_Enhancer	Poised_Enhancer	4999	74999	4999	Strength Change	Matrix 1	3.6139879048948744	TRUE	TRUE	TRUE	TRUE
loop_14500	down_in_mutant	-0.441518084243702	0.003276241804923	Polycomb	Other	0	164999	0	Split	Matrix 1	3.3306657058513203	TRUE	TRUE	TRUE	TRUE
loop_1541	down_in_mutant	-0.353380232961542	0.0089336997540338	Active_Enhancer	Other	0	84999	0	Strength Change	Matrix 1	2.0267472794018446	TRUE	TRUE	TRUE	TRUE
loop_1566	down_in_mutant	-0.395993412485924	0.0043505787767933	Active_Promoter	Poised_Enhancer	0	64999	0	Complex	Matrix 1	6.92432592801199	TRUE	TRUE	TRUE	TRUE
loop_1591	down_in_mutant	-0.956922657768539	9.032206145608e-4	Active_Enhancer	Bivalent_Promoter	639999	659999	639999	Split	Matrix 1	3.097107610934099	FALSE	FALSE	FALSE	FALSE
loop_1610	down_in_mutant	-0.453235069681451	0.0055054991878025	Poised_Enhancer	Active_Enhancer	0	0	0	Strength Change	Matrix 1	3.2264325788821875	TRUE	TRUE	TRUE	TRUE
loop_20087	up_in_mutant	0.447695485461473	5.75823574649592e-5	Other	Polycomb	214999	304999	214999	Strength Change	Matrix 2	-3.800970371789272	FALSE	FALSE	FALSE	FALSE
loop_1638	down_in_mutant	-0.459287738883099	0.0207454171166079	Active_Enhancer	Poised_Enhancer	119999	0	0	Strength Change	Matrix 2	-2.089809608950171	TRUE	TRUE	TRUE	TRUE
loop_1662	down_in_mutant	-0.402242657976892	0.0130359506450365	Active_Enhancer	Poised_Enhancer	84999	0	0	Strength Change	Matrix 1	2.204202558737038	TRUE	TRUE	TRUE	TRUE
loop_1715	down_in_mutant	-0.326783252490957	0.0279717310074719	Other	Other	1299999	1139999	1139999	Merge	Matrix 2	-2.1264139507199964	FALSE	FALSE	FALSE	FALSE
loop_1720	down_in_mutant	-0.571639821742711	0.0119934694950731	Other	Other	1459999	1334999	1334999	Shifted	Matrix 2	-2.3697484972906344	FALSE	FALSE	FALSE	FALSE
loop_1844	down_in_mutant	-0.614637350000508	0.0133038001430177	Active_Enhancer	Active_Enhancer	0	14999	0	Strength Change	Matrix 1	4.108034996510159	TRUE	TRUE	TRUE	TRUE
loop_2207	down_in_mutant	-0.353707683412625	0.0060858628107524	Active_Enhancer	Active_Enhancer	124999	354999	124999	Split	Matrix 1	2.7487149393124755	FALSE	FALSE	FALSE	FALSE
loop_18710	down_in_mutant	-0.499289638027787	1.33523178893e-4	Active_Enhancer	Active_Promoter	64999	124999	64999	Split	Matrix 1	2.11542623158456	FALSE	FALSE	FALSE	TRUE
loop_7955	down_in_mutant	-0.676079610913446	1.395794781755e-4	Active_Enhancer	Active_Enhancer	0	14999	0	Strength Change	Matrix 1	2.7990446505247775	TRUE	TRUE	TRUE	TRUE
loop_7987	down_in_mutant	-0.511863483899756	8.478707314906e-4	Poised_Enhancer	Poised_Enhancer	14999	374999	14999	Merge	Matrix 2	-2.262129061675376	FALSE	TRUE	TRUE	TRUE
loop_1882	up_in_mutant	0.409196285067122	0.0231948575343385	Other	Polycomb	1334999	444999	444999	Shifted	Matrix 2	-2.1941895231264077	FALSE	FALSE	FALSE	FALSE
loop_1955	down_in_mutant	-0.412725005993494	0.0061657611348622	Active_Enhancer	Active_Enhancer	49999	189999	49999	Strength Change	Matrix 1	3.4766575877472734	FALSE	FALSE	TRUE	TRUE
loop_1965	up_in_mutant	0.374205075883309	0.0090279570325212	Polycomb	Active_Promoter	519999	349999	349999	Merge	Matrix 2	-2.3530005979997575	FALSE	FALSE	FALSE	FALSE
loop_1986	down_in_mutant	-0.427661869333732	0.0166122285567147	Poised_Enhancer	Bivalent_Promoter	54999	239999	54999	Split	Matrix 1	2.6682686021168207	FALSE	FALSE	FALSE	TRUE
loop_2010	down_in_mutant	-0.381392022376958	0.0130231788240529	Active_Promoter	Active_Promoter	404999	384999	384999	Shifted	Matrix 1	3.648662816743624	FALSE	FALSE	FALSE	FALSE
loop_8889	down_in_mutant	-0.481854557237322	1.306749303275e-4	Active_Enhancer	Active_Enhancer	0	244999	0	Split	Matrix 1	2.30414353908569	TRUE	TRUE	TRUE	TRUE
loop_2084	down_in_mutant	-0.484434612867771	7.967080440606e-4	Other	Active_Enhancer	34999	0	0	Strength Change	Matrix 2	-3.632120184727458	TRUE	TRUE	TRUE	TRUE
loop_2107	down_in_mutant	-0.362250056899823	0.0208137016283425	Active_Enhancer	Poised_Enhancer	49999	169999	49999	Strength Change	Matrix 1	4.137517721188318	FALSE	FALSE	TRUE	TRUE
loop_2108	down_in_mutant	-0.491873905022398	0.004789085760411	Active_Enhancer	Active_Enhancer	144999	0	0	Strength Change	Matrix 1	4.137517721188318	TRUE	TRUE	TRUE	TRUE
loop_2134	down_in_mutant	-0.440902541707972	0.0118671348522153	Other	Poised_Enhancer	249999	119999	119999	Shifted	Matrix 2	-3.218671126849691	FALSE	FALSE	FALSE	FALSE
loop_2207	down_in_mutant	-0.35344100089504	0.026223895657889	Active_Promoter	Active_Promoter	284999	339999	284999	Merge	Matrix 2	-3.0044318710128075	FALSE	FALSE	FALSE	FALSE
loop_10324	down_in_mutant	-0.454853910788424	0.0030749859243435	Active_Enhancer	Active_Enhancer	44999	4999	4999	Strength Change	Matrix 1	3.179608690106335	TRUE	TRUE	TRUE	TRUE
loop_10216	down_in_mutant	-0.51177362507795	4.69297804567962e-5	Active_Enhancer	Active_Enhancer	44999	64999	44999	Merge	Matrix 2	-4.211123386403107	FALSE	FALSE	TRUE	TRUE
loop_2243	up_in_mutant	0.603657576505031	0.002407982251765	Active_Enhancer	Poised_Enhancer	169999	4999	4999	Merge	Matrix 2	-3.799144961715485	TRUE	TRUE	TRUE	TRUE
loop_2308	down_in_mutant	-0.479423629127426	0.0034435214634492	Active_Promoter	Poised_Enhancer	169999	59999	59999	Strength Change	Matrix 1	2.9737048797008985	FALSE	FALSE	FALSE	TRUE
loop_11180	down_in_mutant	-0.527071564812169	0.0029717674829817	Poised_Enhancer	Active_Promoter	94999	0	0	Complex	Matrix 2	-2.8035463803086658	TRUE	TRUE	TRUE	TRUE
loop_2432	down_in_mutant	-0.426407329428652	0.0271576972621035	Active_Enhancer	Active_Enhancer	9999	0	0	Complex	Matrix 1	2.694568295625563	TRUE	TRUE	TRUE	TRUE
loop_11631	down_in_mutant	-0.535767264392674	7.343824111495e-4	Other	Poised_Enhancer	54999	234999	54999	Merge	Matrix 2	-3.211805522578294	FALSE	FALSE	FALSE	TRUE
loop_11629	down_in_mutant	-0.447037141542841	9.505000050692e-4	Poised_Enhancer	Other	174999	14999	14999	Strength Change	Matrix 2	-2.0206641331699577	FALSE	TRUE	TRUE	TRUE
loop_2824	down_in_mutant	-0.398789845490994	1.620660208252e-4	Active_Enhancer	Active_Enhancer	74999	174999	74999	Strength Change	Matrix 1	2.036787298793739	FALSE	FALSE	FALSE	TRUE
loop_2833	down_in_mutant	-0.429871889624772	7.74277804085203e-5	Active_Promoter	Poised_Enhancer	114999	254999	114999	Split	Matrix 1	2.6955076910380584	FALSE	FALSE	FALSE	FALSE
loop_2490	down_in_mutant	-0.688339953467639	0.016230532390915	Other	Poised_Enhancer	104999	259999	104999	Merge	Matrix 2	-2.199581888930789	FALSE	FALSE	FALSE	FALSE
loop_2524	up_in_mutant	0.382641463407192	0.004597824725245	Other	Other	44999	79999	44999	Complex	Matrix 2	-2.132523186427082	FALSE	FALSE	TRUE	TRUE
loop_2573	down_in_mutant	-0.505405314812313	0.0287498320047992	Poised_Enhancer	Active_Promoter	14999	64999	14999	Strength Change	Matrix 1	5.984149863127441	FALSE	TRUE	TRUE	TRUE
loop_22500	up_in_mutant	0.333895372721255	0.0031581680320535	Other	Other	524999	624999	524999	Complex	Matrix 2	-5.918037435466958	FALSE	FALSE	FALSE	FALSE
loop_19480	down_in_mutant	-0.360856400490715	7.204604398812e-4	Other	Other	114999	74999	74999	Strength Change	Matrix 1	2.0111830292586967	FALSE	FALSE	FALSE	TRUE
loop_2619	down_in_mutant	-0.618777302365277	0.0067196575004867	Other	Poised_Enhancer	164999	389999	164999	Strength Change	Matrix 2	-2.2613317862393907	FALSE	FALSE	FALSE	FALSE
loop_621	down_in_mutant	-0.426098600223582	0.0019012489101667	Active_Enhancer	Active_Promoter	54999	94999	54999	Complex	Matrix 2	-2.0506806028373643	FALSE	FALSE	FALSE	TRUE
loop_4416	down_in_mutant	-0.445959354074573	8.197874651893e-4	Poised_Enhancer	Active_Promoter	4999	0	0	Complex	Matrix 1	3.4585311626454067	TRUE	TRUE	TRUE	TRUE
loop_12404	down_in_mutant	-0.302946727000836	0.0016140558077295	Other	Polycomb	304999	49999	49999	Split	Matrix 1	2.3997234903375873	FALSE	FALSE	TRUE	TRUE
loop_13250	down_in_mutant	-0.303911684470155	0.0097761483798808	Repressed_Promoter	Poised_Enhancer	4999	284999	4999	Merge	Matrix 2	-2.222784650005156	TRUE	TRUE	TRUE	TRUE
loop_2742	down_in_mutant	-0.302543432546916	0.0122609754273034	Active_Enhancer	Active_Enhancer	609999	649999	609999	Split	Matrix 1	2.6868627754877017	FALSE	FALSE	FALSE	FALSE
loop_2760	down_in_mutant	-0.49703932814721	0.0113917233825537	Active_Enhancer	Poised_Enhancer	304999	194999	194999	Split	Matrix 1	2.4408597701936565	FALSE	FALSE	FALSE	FALSE
loop_19717	down_in_mutant	-0.453986813969425	7.489451877104e-4	Active_Enhancer	Active_Enhancer	0	0	0	Split	Matrix 1	2.4408597701936565	TRUE	TRUE	TRUE	TRUE
loop_14358	up_in_mutant	0.352591526415697	9.41534420221487e-5	Other	Poised_Enhancer	274999	184999	184999	Strength Change	Matrix 2	-2.252753618031341	FALSE	FALSE	FALSE	FALSE
loop_19716	down_in_mutant	-0.352345497635602	0.0014566921028054	Active_Enhancer	Active_Enhancer	764999	894999	764999	Complex	Matrix 1	2.05181618194244	FALSE	FALSE	FALSE	FALSE
loop_2797	down_in_mutant	-0.959745981857733	0.0016863693998006	Poised_Enhancer	Active_Enhancer	194999	0	0	Strength Change	Matrix 1	2.126054526516806	TRUE	TRUE	TRUE	TRUE
loop_3189	down_in_mutant	-0.715769569998683	4.995099625223e-4	Active_Enhancer	Poised_Enhancer	0	134999	0	Strength Change	Matrix 1	2.126054526516806	TRUE	TRUE	TRUE	TRUE
loop_2816	down_in_mutant	-0.302499319263223	0.0210532143045522	Other	Other	134999	299999	134999	Complex	Matrix 2	-2.092867581680692	FALSE	FALSE	FALSE	FALSE
loop_22112	up_in_mutant	0.398883149355024	0.0032089158864276	Other	Repressed_Promoter	44999	124999	44999	Strength Change	Matrix 1	3.6139879048948744	FALSE	FALSE	TRUE	TRUE
loop_2926	down_in_mutant	-0.363489173848245	0.0251054111008995	Active_Promoter	Active_Enhancer	0	79999	0	Strength Change	Matrix 1	2.6339215423245332	TRUE	TRUE	TRUE	TRUE
loop_2945	down_in_mutant	-0.46414556533356	0.0161368932613151	Poised_Enhancer	Active_Promoter	24999	0	0	Strength Change	Matrix 2	-2.5155600403475753	TRUE	TRUE	TRUE	TRUE
loop_3005	up_in_mutant	0.3588138934346	0.0122429145067475	Repressed_Promoter	Other	44999	99999	44999	Split	Matrix 1	3.148813675151795	FALSE	FALSE	TRUE	TRUE
loop_15947	down_in_mutant	-0.569680714409841	1.812379486588e-4	Active_Enhancer	Active_Enhancer	0	504999	0	Strength Change	Matrix 1	2.356400553823324	TRUE	TRUE	TRUE	TRUE
loop_3034	down_in_mutant	-0.468349214128843	0.0239053150981243	Poised_Enhancer	Active_Enhancer	394999	269999	269999	Strength Change	Matrix 1	3.2428649730478183	FALSE	FALSE	FALSE	FALSE
loop_3050	down_in_mutant	-0.637165764659236	0.004789085760411	Other	Other	229999	94999	94999	Strength Change	Matrix 1	2.358013206513913	FALSE	FALSE	FALSE	TRUE
loop_3162	down_in_mutant	-0.49179923556903	0.0132915675900754	Poised_Enhancer	Poised_Enhancer	114999	224999	114999	Merge	Matrix 2	-2.109172966621626	FALSE	FALSE	FALSE	FALSE
loop_14988	down_in_mutant	-0.364018910309957	0.0014518412338507	Other	Other	164999	174999	164999	Complex	Matrix 1	2.1063928008996182	FALSE	FALSE	FALSE	FALSE
loop_17280	down_in_mutant	-0.866346995338293	9.11944669701854e-6	Polycomb	Repressed_Promoter	224999	54999	54999	Merge	Matrix 2	-2.1100274072929013	FALSE	FALSE	FALSE	TRUE
loop_3243	down_in_mutant	-0.593720340707453	0.017416485814602	Active_Enhancer	Poised_Enhancer	329999	34999	34999	Complex	Matrix 1	6.207493529272858	FALSE	FALSE	TRUE	TRUE
loop_3244	down_in_mutant	-0.441273377578629	0.0250220643515027	Active_Promoter	Other	119999	39999	39999	Strength Change	Matrix 2	-2.0579088427818517	FALSE	FALSE	TRUE	TRUE
loop_3247	down_in_mutant	-0.518124344638804	0.0287498320047992	Active_Enhancer	Active_Enhancer	329999	0	0	Complex	Matrix 1	2.54799264835729	TRUE	TRUE	TRUE	TRUE
loop_17332	down_in_mutant	-0.384812844216208	0.0149873355543256	Other	Active_Enhancer	284999	24999	24999	Shifted	Matrix 1	3.1730302885948096	FALSE	TRUE	TRUE	TRUE
loop_3263	down_in_mutant	-0.365227924008328	0.0168046007960576	Active_Promoter	Other	0	39999	0	Strength Change	Matrix 1	2.8213630018085785	TRUE	TRUE	TRUE	TRUE
loop_3768	down_in_mutant	-0.453466896818812	5.410499886787e-4	Other	Other	124999	54999	54999	Strength Change	Matrix 1	2.2665558251920146	FALSE	FALSE	FALSE	TRUE
loop_3357	down_in_mutant	-0.378789667339191	0.0287498320047992	Poised_Enhancer	Active_Enhancer	0	179999	0	Complex	Matrix 1	2.2252627081220844	TRUE	TRUE	TRUE	TRUE
loop_3398	down_in_mutant	-0.516277471406927	0.0206478738780949	Active_Enhancer	Other	79999	414999	79999	Strength Change	Matrix 2	-3.0164413804591157	FALSE	FALSE	FALSE	TRUE
loop_3456	up_in_mutant	0.689208253393807	0.0135165551198552	Polycomb	Repressed_Promoter	1359999	1249999	1249999	Merge	Matrix 2	-2.0797523197262717	FALSE	FALSE	FALSE	FALSE
loop_21700	up_in_mutant	0.356141088902321	0.0087001841420762	Polycomb	Other	0	0	0	Strength Change	Matrix 2	-2.918908597953531	TRUE	TRUE	TRUE	TRUE
loop_3462	up_in_mutant	0.343872786343041	0.0127557821097193	Poised_Enhancer	Polycomb	84999	0	0	Merge	Matrix 2	-3.564763181205506	TRUE	TRUE	TRUE	TRUE
loop_183	up_in_mutant	0.419793779939131	1.647257840287e-4	Polycomb	Other	9999	484999	9999	Merge	Matrix 2	-3.494901996015954	TRUE	TRUE	TRUE	TRUE
loop_10314	down_in_mutant	-0.455944243282767	0.0014296496134987	Active_Promoter	Poised_Enhancer	224999	154999	154999	Strength Change	Matrix 1	2.02909361944911	FALSE	FALSE	FALSE	FALSE
loop_18627	up_in_mutant	0.338132400885666	8.959320518175e-4	Repressed_Promoter	Polycomb	359999	134999	134999	Split	Matrix 1	3.037654738382998	FALSE	FALSE	FALSE	FALSE
loop_3590	down_in_mutant	-0.335760400317859	0.0281175137525158	Other	Poised_Enhancer	0	49999	0	Strength Change	Matrix 1	2.6091756902599816	TRUE	TRUE	TRUE	TRUE
loop_21870	up_in_mutant	0.435920573711936	2.667337326173e-4	Other	Other	154999	0	0	Merge	Matrix 2	-3.18257132290323	TRUE	TRUE	TRUE	TRUE
loop_3611	up_in_mutant	0.531906894289216	0.0271576972621035	Polycomb	Poised_Enhancer	279999	1079999	279999	Merge	Matrix 2	-2.3294147136040313	FALSE	FALSE	FALSE	FALSE
loop_3634	up_in_mutant	0.473893658439265	0.018117747923249	Repressed_Promoter	Poised_Enhancer	0	174999	0	Merge	Matrix 2	-4.572606896367816	TRUE	TRUE	TRUE	TRUE
loop_21904	up_in_mutant	0.610417457156287	2.097205010062e-4	Other	Polycomb	514999	554999	514999	Split	Matrix 1	2.4695439919224915	FALSE	FALSE	FALSE	FALSE
loop_3645	up_in_mutant	0.445710499556838	0.0058550054749854	Polycomb	Polycomb	49999	54999	49999	Shifted	Matrix 1	2.9922516783661584	FALSE	FALSE	TRUE	TRUE
loop_4284	up_in_mutant	0.436899544178765	7.128315915334e-4	Other	Other	134999	0	0	Strength Change	Matrix 2	-2.110511512465062	TRUE	TRUE	TRUE	TRUE
loop_3692	up_in_mutant	0.433987010267071	0.0263736576338041	Other	Other	194999	149999	149999	Split	Matrix 1	2.1406630958478092	FALSE	FALSE	FALSE	FALSE
loop_3694	up_in_mutant	0.414596283857196	0.004597824725245	Poised_Enhancer	Polycomb	269999	189999	189999	Strength Change	Matrix 1	4.662359398120871	FALSE	FALSE	FALSE	FALSE
loop_21983	up_in_mutant	0.354092045085057	0.0011334870390458	Repressed_Promoter	Repressed_Promoter	34999	124999	34999	Strength Change	Matrix 1	2.526193267540218	FALSE	FALSE	TRUE	TRUE
loop_3740	up_in_mutant	0.993297374282723	0.0011100455374465	Poised_Enhancer	Poised_Enhancer	164999	94999	94999	Strength Change	Matrix 1	2.654754329455442	FALSE	FALSE	FALSE	TRUE
loop_22011	up_in_mutant	1.13005308385977	1.898274647806e-6	Repressed_Promoter	Other	554999	314999	314999	Split	Matrix 1	2.820386143032063	FALSE	FALSE	FALSE	FALSE
loop_3749	up_in_mutant	0.477060791282449	0.0132997627313065	Other	Other	114999	174999	114999	Strength Change	Matrix 2	-2.2259089442993423	FALSE	FALSE	FALSE	FALSE
loop_3757	up_in_mutant	0.414459405101291	0.028390367255837	Other	Active_Enhancer	129999	4999	4999	Strength Change	Matrix 1	2.122791783678005	TRUE	TRUE	TRUE	TRUE
loop_3779	up_in_mutant	0.454929935851277	0.0075081673989804	Repressed_Promoter	Poised_Enhancer	74999	199999	74999	Strength Change	Matrix 2	-2.152036683103324	FALSE	FALSE	FALSE	TRUE
loop_3780	up_in_mutant	0.402157937857956	0.012904809878869	Polycomb	Polycomb	29999	4999	4999	Strength Change	Matrix 2	-3.3525885632813175	TRUE	TRUE	TRUE	TRUE
loop_19616	up_in_mutant	0.511848226313354	3.953637294756e-4	Other	Other	84999	144999	84999	Strength Change	Matrix 2	-4.174662457385051	FALSE	FALSE	FALSE	TRUE
loop_3830	up_in_mutant	0.395738228011634	0.0158064281009642	Poised_Enhancer	Other	864999	534999	534999	Strength Change	Matrix 2	-2.574479900834285	FALSE	FALSE	FALSE	FALSE
loop_3836	down_in_mutant	-0.358579913610825	0.0165741895723943	Other	Active_Promoter	179999	259999	179999	Complex	Matrix 2	-2.092867581680692	FALSE	FALSE	FALSE	FALSE
loop_3839	up_in_mutant	0.408011135604309	0.0293739779103617	Active_Promoter	Active_Enhancer	14999	214999	14999	Split	Matrix 1	2.3935733444077343	FALSE	TRUE	TRUE	TRUE
loop_22100	up_in_mutant	0.314526379256494	0.0048031221160271	Poised_Enhancer	Polycomb	0	384999	0	Complex	Matrix 1	2.0009314452801563	TRUE	TRUE	TRUE	TRUE
loop_3859	up_in_mutant	0.337202889649143	0.012276662330146	Repressed_Promoter	Other	84999	0	0	Merge	Matrix 2	-4.053314421650652	TRUE	TRUE	TRUE	TRUE
loop_19749	up_in_mutant	0.347469078358575	0.0042195686400262	Other	Other	104999	294999	104999	Strength Change	Matrix 2	-2.111454963843677	FALSE	FALSE	FALSE	FALSE
loop_19791	up_in_mutant	0.529829340122908	3.236044399047e-4	Polycomb	Other	NA	NA	NA	NA	NA	NA	NA	NA	NA	NA
loop_21245	up_in_mutant	0.514598594701197	0.00487576627807	Other	Other	NA	NA	NA	NA	NA	NA	NA	NA	NA	NA
loop_3915	up_in_mutant	0.788418215597205	8.65494021168448e-5	Polycomb	Polycomb	229999	89999	89999	Complex	Matrix 2	-2.108707254516824	FALSE	FALSE	FALSE	TRUE
loop_22154	up_in_mutant	0.56601532766971	9.24421070689309e-5	Poised_Enhancer	Poised_Enhancer	14999	0	0	Merge	Matrix 2	-4.010995614110853	TRUE	TRUE	TRUE	TRUE
loop_3933	up_in_mutant	0.442672974226696	0.0034544175735878	Poised_Enhancer	Poised_Enhancer	9999	64999	9999	Merge	Matrix 2	-5.469192742623822	TRUE	TRUE	TRUE	TRUE
loop_22176	up_in_mutant	0.445423850224702	1.578212935421e-4	Poised_Enhancer	Other	84999	294999	84999	Strength Change	Matrix 1	2.257209710876516	FALSE	FALSE	FALSE	TRUE
loop_22194	up_in_mutant	0.380377791433413	0.0015036067089252	Poised_Enhancer	Other	174999	314999	174999	Merge	Matrix 2	-2.2148288010087	FALSE	FALSE	FALSE	FALSE
loop_3994	up_in_mutant	0.456078932023803	0.0276786756782985	Poised_Enhancer	Other	374999	14999	14999	Merge	Matrix 2	-2.408503017459709	FALSE	TRUE	TRUE	TRUE
loop_22237	up_in_mutant	0.42310142438222	2.560788050099e-4	Repressed_Promoter	Polycomb	514999	324999	324999	Strength Change	Matrix 2	-4.61006499555424	FALSE	FALSE	FALSE	FALSE
loop_22214	up_in_mutant	0.817891350203598	4.23239390312694e-7	Repressed_Promoter	Other	0	164999	0	Strength Change	Matrix 2	-2.7004555620157404	TRUE	TRUE	TRUE	TRUE
loop_4714	up_in_mutant	0.360998595728867	0.001380733292285	Poised_Enhancer	Poised_Enhancer	134999	0	0	Shifted	Matrix 2	-2.8683340598496443	TRUE	TRUE	TRUE	TRUE
loop_22596	up_in_mutant	0.384428814055033	0.0027103334347125	Other	Poised_Enhancer	374999	184999	184999	Strength Change	Matrix 1	2.1084058726716584	FALSE	FALSE	FALSE	FALSE
loop_22261	up_in_mutant	0.322017476859886	1.051094521554e-4	Polycomb	Other	224999	274999	224999	Strength Change	Matrix 2	-2.456417041494496	FALSE	FALSE	FALSE	FALSE
loop_4049	up_in_mutant	0.509786751093454	8.903043728339e-4	Other	Other	19999	19999	19999	Split	Matrix 1	2.36577615762209	FALSE	TRUE	TRUE	TRUE
loop_4054	down_in_mutant	-0.395120920622544	0.0213248544862925	Other	Other	59999	49999	49999	Split	Matrix 1	2.358730619295735	FALSE	FALSE	TRUE	TRUE
loop_22271	up_in_mutant	0.429181619951826	8.73917306613544e-5	Other	Other	34999	164999	34999	Merge	Matrix 2	-3.1489047382534467	FALSE	FALSE	TRUE	TRUE
loop_4829	up_in_mutant	0.491491828237413	0.0012365711268571	Repressed_Promoter	Polycomb	14999	164999	14999	Split	Matrix 1	4.074379987186409	FALSE	TRUE	TRUE	TRUE
loop_22320	up_in_mutant	0.433270300096165	0.0020776213331827	Other	Polycomb	3614999	4414999	3614999	Strength Change	Matrix 2	-2.006791851794423	FALSE	FALSE	FALSE	FALSE
loop_22331	up_in_mutant	0.670642175191049	4.499321305313e-4	Other	Polycomb	1894999	1274999	1274999	Split	Matrix 1	2.0569923671264547	FALSE	FALSE	FALSE	FALSE
loop_4131	up_in_mutant	0.387615581365571	0.003581033848225	Active_Enhancer	Poised_Enhancer	0	99999	0	Complex	Matrix 2	-3.3096627929379445	TRUE	TRUE	TRUE	TRUE
loop_4162	up_in_mutant	0.549519963760996	0.0016987161200058	Repressed_Promoter	Polycomb	0	9999	0	Complex	Matrix 1	4.501669227388014	TRUE	TRUE	TRUE	TRUE
loop_4165	up_in_mutant	0.372548002764556	0.0158674518413192	Poised_Enhancer	Bivalent_Promoter	0	54999	0	Shifted	Matrix 1	2.66065804771194	TRUE	TRUE	TRUE	TRUE
loop_4167	up_in_mutant	0.345273315784937	0.013400131471006	Poised_Enhancer	Other	0	79999	0	Split	Matrix 1	3.8342308225618913	TRUE	TRUE	TRUE	TRUE
loop_4191	down_in_mutant	-0.56956372737743	0.008379906384145	Active_Promoter	Other	59999	129999	59999	Split	Matrix 1	2.392000923787682	FALSE	FALSE	FALSE	TRUE
loop_21673	up_in_mutant	0.564881609870098	1.17763178625359e-5	Polycomb	Polycomb	324999	4999	4999	Merge	Matrix 2	-2.4912366966128734	TRUE	TRUE	TRUE	TRUE
loop_5042	up_in_mutant	0.585609104566488	7.58713743508368e-7	Polycomb	Other	284999	364999	284999	Shifted	Matrix 2	-2.7539140025386617	FALSE	FALSE	FALSE	FALSE
loop_21731	up_in_mutant	0.312695099014554	0.0054367440422653	Other	Polycomb	354999	174999	174999	Complex	Matrix 1	2.677452933337863	FALSE	FALSE	FALSE	FALSE
loop_4308	up_in_mutant	0.561136519631846	8.969943811552e-4	Polycomb	Other	894999	784999	784999	Shifted	Matrix 1	2.741779082631633	FALSE	FALSE	FALSE	FALSE
loop_4348	up_in_mutant	0.309121321867469	0.0173052121494746	Repressed_Promoter	Polycomb	19999	24999	19999	Complex	Matrix 1	2.04308784411215	FALSE	TRUE	TRUE	TRUE
loop_9751	up_in_mutant	0.47125787660616	3.47822025692172e-6	Other	Other	254999	74999	74999	Strength Change	Matrix 1	3.568643858707812	FALSE	FALSE	FALSE	TRUE
loop_4374	up_in_mutant	0.550485846554248	0.0026262863962556	Polycomb	Other	64999	4999	4999	Merge	Matrix 2	-3.134693852975521	TRUE	TRUE	TRUE	TRUE
loop_4423	up_in_mutant	0.847880784781991	0.0227301018155629	Active_Enhancer	Poised_Enhancer	1664999	1599999	1599999	Strength Change	Matrix 1	2.02909361944911	FALSE	FALSE	FALSE	FALSE
loop_10686	up_in_mutant	0.596388724442939	4.28184678644197e-6	Other	Other	534999	544999	534999	Strength Change	Matrix 2	-3.525717434592597	FALSE	FALSE	FALSE	FALSE
loop_21843	up_in_mutant	0.324243640472188	1.05561453952e-4	Repressed_Promoter	Poised_Enhancer	0	0	0	Shifted	Matrix 2	-2.0320000957396935	TRUE	TRUE	TRUE	TRUE
loop_5292	up_in_mutant	0.374772635830487	4.44592212377e-4	Polycomb	Polycomb	154999	0	0	Strength Change	Matrix 2	-3.525717434592597	TRUE	TRUE	TRUE	TRUE
loop_4507	up_in_mutant	0.414462305190045	0.0050231639987019	Polycomb	Other	409999	519999	409999	Strength Change	Matrix 2	-2.159350437775918	FALSE	FALSE	FALSE	FALSE
loop_4514	up_in_mutant	0.337180376629489	0.022633674788932	Repressed_Promoter	Repressed_Promoter	0	49999	0	Merge	Matrix 2	-4.572606896367816	TRUE	TRUE	TRUE	TRUE
loop_4527	up_in_mutant	0.61216815327462	0.001229889973942	Poised_Enhancer	Repressed_Promoter	134999	319999	134999	Strength Change	Matrix 1	2.081315831648306	FALSE	FALSE	FALSE	FALSE
loop_4528	up_in_mutant	0.677749675768965	4.180595022831e-4	Other	Poised_Enhancer	159999	439999	159999	Strength Change	Matrix 2	-2.2191744743959005	FALSE	FALSE	FALSE	FALSE
loop_21903	up_in_mutant	0.41503974306074	0.0019103181327554	Other	Repressed_Promoter	264999	194999	194999	Strength Change	Matrix 1	2.8178999707834307	FALSE	FALSE	FALSE	FALSE
loop_19312	up_in_mutant	0.436907970772748	1.620660208252e-4	Poised_Enhancer	Other	64999	74999	64999	Complex	Matrix 2	-4.9589355391703265	FALSE	FALSE	FALSE	TRUE
loop_4613	up_in_mutant	0.449490280780529	0.0087455029503819	Repressed_Promoter	Other	279999	369999	279999	Strength Change	Matrix 2	-5.556593659749272	FALSE	FALSE	FALSE	FALSE
loop_4647	up_in_mutant	0.324541248365324	0.0152938277170564	Active_Promoter	Other	409999	354999	354999	Strength Change	Matrix 2	-2.6457605435282296	FALSE	FALSE	FALSE	FALSE
loop_4648	up_in_mutant	0.454154206333327	0.0025123989328959	Polycomb	Poised_Enhancer	1754999	1674999	1674999	Complex	Matrix 1	2.488230033023424	FALSE	FALSE	FALSE	FALSE
loop_22503	up_in_mutant	0.478048011136119	0.0015630567938121	Active_Promoter	Poised_Enhancer	0	214999	0	Strength Change	Matrix 2	-3.124066501769002	TRUE	TRUE	TRUE	TRUE
loop_4716	up_in_mutant	0.411143232430558	0.0063553082143227	Other	Other	64999	104999	64999	Strength Change	Matrix 2	-2.4844679265971528	FALSE	FALSE	FALSE	TRUE
loop_19558	up_in_mutant	0.539333485710682	3.75500218322007e-5	Other	Other	14999	224999	14999	Split	Matrix 1	2.8686505363106116	FALSE	TRUE	TRUE	TRUE
loop_12384	up_in_mutant	0.487184305252261	1.800657231761e-4	Poised_Enhancer	Polycomb	64999	449999	64999	Strength Change	Matrix 2	-3.056305044468035	FALSE	FALSE	FALSE	TRUE
loop_22053	up_in_mutant	0.361678011312932	3.3019360031751e-5	Polycomb	Polycomb	4999	84999	4999	Merge	Matrix 2	-3.98855014682155	TRUE	TRUE	TRUE	TRUE
loop_4785	up_in_mutant	0.31233062045872	0.0101646445520274	Poised_Enhancer	Poised_Enhancer	319999	354999	319999	Strength Change	Matrix 2	-2.252753618031341	FALSE	FALSE	FALSE	FALSE
loop_5694	up_in_mutant	0.311991636207353	3.159861036178e-4	Polycomb	Active_Promoter	24999	114999	24999	Split	Matrix 1	3.0692686126461317	FALSE	TRUE	TRUE	TRUE
loop_4810	down_in_mutant	-0.398170855659383	0.0206311048540542	Active_Enhancer	Active_Enhancer	499999	304999	304999	Split	Matrix 1	2.4408597701936565	FALSE	FALSE	FALSE	FALSE
loop_22537	up_in_mutant	0.358168934784608	0.0078955558276212	Polycomb	Active_Promoter	214999	734999	214999	Split	Matrix 1	2.040293206973061	FALSE	FALSE	FALSE	FALSE
loop_4824	up_in_mutant	0.52582754582689	0.0015463951101017	Other	Other	0	104999	0	Strength Change	Matrix 1	3.0451572598495193	TRUE	TRUE	TRUE	TRUE
loop_14446	up_in_mutant	0.523432552260051	7.14733310540432e-5	Poised_Enhancer	Other	0	134999	0	Complex	Matrix 2	-2.5630539651714006	TRUE	TRUE	TRUE	TRUE
loop_14706	up_in_mutant	0.585659773908857	0.0011002524278069	Other	Poised_Enhancer	NA	NA	NA	NA	NA	NA	NA	NA	NA	NA
loop_4905	up_in_mutant	0.328100926119444	0.0158674518413192	Other	Other	89999	24999	24999	Strength Change	Matrix 2	-2.48023421068508	FALSE	TRUE	TRUE	TRUE
loop_5820	up_in_mutant	0.548833603302115	3.92342140348747e-5	Other	Repressed_Promoter	0	134999	0	Complex	Matrix 2	-2.2761432505659447	TRUE	TRUE	TRUE	TRUE
loop_4908	up_in_mutant	0.521455115885063	0.00991211500056	Polycomb	Poised_Enhancer	0	189999	0	Merge	Matrix 2	-3.029831629706172	TRUE	TRUE	TRUE	TRUE
loop_4909	up_in_mutant	0.473181721583905	0.019952460363701	Polycomb	Poised_Enhancer	554999	564999	554999	Strength Change	Matrix 2	-2.48023421068508	FALSE	FALSE	FALSE	FALSE
loop_4935	up_in_mutant	0.329832777085236	0.0167032838222299	Bivalent_Promoter	Poised_Enhancer	604999	659999	604999	Split	Matrix 1	2.839545787965947	FALSE	FALSE	FALSE	FALSE
loop_4947	up_in_mutant	0.368320073774045	0.0200199299057201	Poised_Enhancer	Poised_Enhancer	0	34999	0	Strength Change	Matrix 2	-7.623205196126119	TRUE	TRUE	TRUE	TRUE
loop_4989	up_in_mutant	0.303981476222131	0.0060364948426678	Other	Other	139999	104999	104999	Strength Change	Matrix 1	2.641891746841027	FALSE	FALSE	FALSE	FALSE
loop_5010	up_in_mutant	0.34661341299261	0.0025672478109892	Other	Other	1754999	1789999	1754999	Strength Change	Matrix 1	2.641891746841027	FALSE	FALSE	FALSE	FALSE
loop_5014	up_in_mutant	0.386416386328686	0.0259347454462345	Other	Other	0	89999	0	Strength Change	Matrix 2	-3.1312719503544377	TRUE	TRUE	TRUE	TRUE
loop_5021	down_in_mutant	-0.520169607310269	0.0019473901654264	Poised_Enhancer	Poised_Enhancer	19999	0	0	Strength Change	Matrix 1	2.5568076035030964	TRUE	TRUE	TRUE	TRUE
loop_22228	up_in_mutant	0.365944433235155	0.0010136760339766	Active_Promoter	Poised_Enhancer	54999	4999	4999	Complex	Matrix 1	2.832667035354934	TRUE	TRUE	TRUE	TRUE
loop_20175	up_in_mutant	0.369508309772668	1.33523178893e-4	Other	Polycomb	814999	694999	694999	Complex	Matrix 1	5.433961616443989	FALSE	FALSE	FALSE	FALSE
loop_22267	up_in_mutant	0.50060276259581	3.05982770416201e-5	Other	Other	414999	314999	314999	Shifted	Matrix 1	3.806538181846743	FALSE	FALSE	FALSE	FALSE
loop_6107	up_in_mutant	0.330279139639674	1.448352642503e-4	Repressed_Promoter	Repressed_Promoter	54999	104999	54999	Merge	Matrix 2	-2.0581289164897596	FALSE	FALSE	FALSE	TRUE
loop_5138	up_in_mutant	0.440621221468438	0.0207917914561547	Polycomb	Poised_Enhancer	4999	289999	4999	Merge	Matrix 2	-2.003627082616024	TRUE	TRUE	TRUE	TRUE
loop_2086	down_in_mutant	-0.310960774950668	0.0027696996234338	Poised_Enhancer	Other	1014999	924999	924999	Strength Change	Matrix 1	4.020774141763551	FALSE	FALSE	FALSE	FALSE
loop_22316	up_in_mutant	0.402115899760075	2.097205010062e-4	Repressed_Promoter	Poised_Enhancer	134999	204999	134999	Merge	Matrix 2	-2.010326844495693	FALSE	FALSE	FALSE	FALSE
loop_6149	up_in_mutant	0.625802372293926	3.535017166414e-4	Other	Polycomb	254999	84999	84999	Shifted	Matrix 1	2.270177942288199	FALSE	FALSE	FALSE	TRUE
loop_18222	down_in_mutant	-0.315936634654699	9.388363721193e-4	Poised_Enhancer	Poised_Enhancer	494999	294999	294999	Shifted	Matrix 2	-2.3697484972906344	FALSE	FALSE	FALSE	FALSE
loop_5204	up_in_mutant	0.327452158113513	0.0135860780220991	Active_Promoter	Repressed_Promoter	654999	599999	599999	Split	Matrix 1	2.0419286701865444	FALSE	FALSE	FALSE	FALSE
loop_16445	up_in_mutant	0.305528204466229	6.496544239805e-4	Repressed_Promoter	Polycomb	584999	359999	359999	Split	Matrix 1	2.0419286701865444	FALSE	FALSE	FALSE	FALSE
loop_5269	up_in_mutant	0.394111171616668	0.0280248256174084	Other	Active_Promoter	194999	34999	34999	Strength Change	Matrix 1	2.5787707965537496	FALSE	FALSE	TRUE	TRUE
loop_21686	up_in_mutant	0.971785282865532	7.15200267494884e-6	Other	Other	434999	414999	414999	Split	Matrix 1	3.4778233307210153	FALSE	FALSE	FALSE	FALSE
loop_5296	up_in_mutant	0.443116507856726	0.0020632941723692	Poised_Enhancer	Other	1529999	1709999	1529999	Split	Matrix 1	2.041787271568693	FALSE	FALSE	FALSE	FALSE
loop_5005	up_in_mutant	0.376144414339517	7.30375806186524e-5	Other	Other	84999	0	0	Complex	Matrix 2	-4.63626563784177	TRUE	TRUE	TRUE	TRUE
loop_21701	up_in_mutant	0.628105123603216	5.70586075333259e-5	Other	Other	474999	274999	274999	Strength Change	Matrix 2	-2.918908597953531	FALSE	FALSE	FALSE	FALSE
loop_16750	up_in_mutant	0.615466393952923	2.30703680920792e-5	Repressed_Promoter	Poised_Enhancer	369999	19999	19999	Strength Change	Matrix 1	2.544336230711113	FALSE	TRUE	TRUE	TRUE
loop_21710	up_in_mutant	0.726359505281599	7.62785935965848e-5	Other	Other	714999	364999	364999	Split	Matrix 1	2.1677813728598823	FALSE	FALSE	FALSE	FALSE
loop_18879	up_in_mutant	0.327419916241302	0.0050465063625916	Poised_Enhancer	Polycomb	0	134999	0	Split	Matrix 1	2.2843073014899673	TRUE	TRUE	TRUE	TRUE
loop_5350	down_in_mutant	-0.309394975159469	0.0172595246413794	Other	Other	234999	369999	234999	Split	Matrix 1	2.282617023192977	FALSE	FALSE	FALSE	FALSE
loop_18865	up_in_mutant	0.323726144215156	0.0049677762781796	Poised_Enhancer	Other	104999	154999	104999	Split	Matrix 1	2.328259761847223	FALSE	FALSE	FALSE	FALSE
loop_22404	up_in_mutant	0.615769385628229	4.33517327452388e-6	Poised_Enhancer	Repressed_Promoter	64999	0	0	Merge	Matrix 2	-2.68390271937542	TRUE	TRUE	TRUE	TRUE
loop_5357	up_in_mutant	0.316750837414799	0.0253997227242897	Poised_Enhancer	Other	0	299999	0	Strength Change	Matrix 1	2.7220915847390126	TRUE	TRUE	TRUE	TRUE
loop_5364	up_in_mutant	0.332745718374506	0.0266033656551999	Other	Other	19999	149999	19999	Split	Matrix 1	3.2739147766357504	FALSE	TRUE	TRUE	TRUE
loop_6403	up_in_mutant	0.463204616395998	0.0035888927370438	Polycomb	Polycomb	104999	4999	4999	Merge	Matrix 2	-2.6679218003883403	TRUE	TRUE	TRUE	TRUE
loop_21737	up_in_mutant	0.61414991257951	2.13609666675241e-5	Other	Polycomb	834999	784999	784999	Shifted	Matrix 1	2.741779082631633	FALSE	FALSE	FALSE	FALSE
loop_5419	up_in_mutant	0.360410527682983	0.013807743742146	Poised_Enhancer	Other	9999	129999	9999	Complex	Matrix 1	2.593280463554776	TRUE	TRUE	TRUE	TRUE
loop_5435	up_in_mutant	0.466496399917686	0.0256868192223364	Repressed_Promoter	Polycomb	19999	124999	19999	Complex	Matrix 1	2.04308784411215	FALSE	TRUE	TRUE	TRUE
loop_4402	up_in_mutant	0.319537571318202	1.739503752604e-4	Repressed_Promoter	Other	369999	0	0	Strength Change	Matrix 2	-2.008058048980262	TRUE	TRUE	TRUE	TRUE
loop_6481	up_in_mutant	0.490722602815239	4.77881647332571e-5	Repressed_Promoter	Other	814999	364999	364999	Merge	Matrix 2	-2.4171414348489955	FALSE	FALSE	FALSE	FALSE
loop_9594	down_in_mutant	-0.355439899378673	0.0029451535665983	Other	Other	4999	409999	4999	Shifted	Matrix 2	-7.850869454239146	TRUE	TRUE	TRUE	TRUE
loop_5188	up_in_mutant	0.58845001908088	1.055846302426e-4	Other	Other	114999	384999	114999	Merge	Matrix 2	-2.1687927299035024	FALSE	FALSE	FALSE	FALSE
loop_6516	up_in_mutant	0.473760165151681	3.90306927230869e-5	Repressed_Promoter	Polycomb	114999	14999	14999	Shifted	Matrix 2	-3.175649962875766	FALSE	TRUE	TRUE	TRUE
loop_5502	up_in_mutant	0.308032740703527	0.0165741895723943	Other	Active_Promoter	594999	559999	559999	Strength Change	Matrix 2	-2.3752989555614783	FALSE	FALSE	FALSE	FALSE
loop_22451	up_in_mutant	0.517357134314328	1.475029181894e-4	Polycomb	Other	484999	224999	224999	Strength Change	Matrix 2	-3.9621326097096192	FALSE	FALSE	FALSE	FALSE
loop_5526	up_in_mutant	0.530490907371143	0.0116861621635594	Polycomb	Polycomb	4999	79999	4999	Merge	Matrix 2	-4.045829729819724	TRUE	TRUE	TRUE	TRUE
loop_6605	up_in_mutant	0.446648545199068	9.83795602635664e-6	Polycomb	Other	774999	894999	774999	Strength Change	Matrix 2	-2.159350437775918	FALSE	FALSE	FALSE	FALSE
loop_5536	up_in_mutant	0.318381262594546	0.0099348630573755	Poised_Enhancer	Other	89999	359999	89999	Strength Change	Matrix 1	2.081315831648306	FALSE	FALSE	FALSE	TRUE
loop_19231	up_in_mutant	0.431679663323451	1.267397753181e-4	Active_Promoter	Repressed_Promoter	74999	284999	74999	Split	Matrix 1	2.526703276284106	FALSE	FALSE	FALSE	TRUE
loop_5561	up_in_mutant	0.818645046401275	0.0034223313618301	Repressed_Promoter	Other	0	564999	0	Merge	Matrix 2	-4.572606896367816	TRUE	TRUE	TRUE	TRUE
loop_11228	up_in_mutant	0.427278912659809	8.235910256172e-4	Polycomb	Polycomb	984999	364999	364999	Merge	Matrix 2	-2.945241377378179	FALSE	FALSE	FALSE	FALSE
loop_5577	down_in_mutant	-0.30142935160963	0.0247204075376801	Poised_Enhancer	Active_Enhancer	9999	44999	9999	Strength Change	Matrix 2	-2.4811658141746453	TRUE	TRUE	TRUE	TRUE
loop_5584	up_in_mutant	0.511099636095687	0.0063305105845788	Poised_Enhancer	Active_Promoter	109999	24999	24999	Split	Matrix 1	2.980971555860907	FALSE	TRUE	TRUE	TRUE
loop_11047	up_in_mutant	0.340441313719006	1.912449142094e-4	Poised_Enhancer	Active_Promoter	49999	104999	49999	Complex	Matrix 2	-4.9589355391703265	FALSE	FALSE	TRUE	TRUE
loop_5591	down_in_mutant	-0.53178552848782	0.0113652537674454	Active_Enhancer	Poised_Enhancer	119999	79999	79999	Complex	Matrix 1	2.5185570434139244	FALSE	FALSE	FALSE	TRUE
loop_19729	up_in_mutant	0.488833517900574	4.68430123793292e-5	Active_Enhancer	Polycomb	159999	434999	159999	Strength Change	Matrix 1	2.2121058023708615	FALSE	FALSE	FALSE	FALSE
loop_5622	up_in_mutant	0.363973620352039	0.0119763588562296	Other	Other	294999	369999	294999	Strength Change	Matrix 2	-5.556593659749272	FALSE	FALSE	FALSE	FALSE
loop_5626	up_in_mutant	0.42794404250404	0.0027118912699043	Other	Repressed_Promoter	0	19999	0	Complex	Matrix 2	-6.1219428098248185	TRUE	TRUE	TRUE	TRUE
loop_5643	up_in_mutant	0.394558962225764	0.0034374819050996	Active_Enhancer	Active_Enhancer	64999	129999	64999	Split	Matrix 1	3.714955592934543	FALSE	FALSE	FALSE	TRUE
loop_5647	down_in_mutant	-0.318595006992538	0.0075105335807239	Active_Enhancer	Active_Promoter	19999	54999	19999	Complex	Matrix 1	2.65865191522205	FALSE	TRUE	TRUE	TRUE
loop_21011	up_in_mutant	0.32027549809855	0.0041345046544976	Polycomb	Active_Promoter	144999	4999	4999	Split	Matrix 1	2.180377459174069	TRUE	TRUE	TRUE	TRUE
loop_5681	up_in_mutant	0.368465634752129	0.0165613815504227	Poised_Enhancer	Polycomb	9999	84999	9999	Merge	Matrix 2	-3.033962898772384	TRUE	TRUE	TRUE	TRUE
loop_5682	up_in_mutant	0.408556668698521	0.0122000901607296	Active_Promoter	Poised_Enhancer	514999	429999	429999	Merge	Matrix 2	-3.033962898772384	FALSE	FALSE	FALSE	FALSE
loop_5688	up_in_mutant	0.429492646623467	0.0122609754273034	Polycomb	Repressed_Promoter	1764999	1624999	1624999	Complex	Matrix 1	2.488230033023424	FALSE	FALSE	FALSE	FALSE
loop_6811	up_in_mutant	0.504130256916169	0.0033887938319704	Poised_Enhancer	Other	94999	24999	24999	Complex	Matrix 2	-3.849190667937491	FALSE	TRUE	TRUE	TRUE
loop_21996	up_in_mutant	0.876286328881147	8.25611203242382e-6	Active_Promoter	Other	294999	54999	54999	Complex	Matrix 1	2.3942144809768267	FALSE	FALSE	FALSE	TRUE
loop_5719	up_in_mutant	0.644028086280769	0.0045344507521208	Poised_Enhancer	Active_Enhancer	199999	49999	49999	Split	Matrix 1	2.8258242226169092	FALSE	FALSE	TRUE	TRUE
loop_5728	up_in_mutant	0.392661559746506	0.0026262863962556	Repressed_Promoter	Polycomb	24999	69999	24999	Merge	Matrix 2	-2.9300645220919015	FALSE	TRUE	TRUE	TRUE
loop_5739	up_in_mutant	0.517557164787109	0.0138093746951321	Active_Enhancer	Active_Promoter	94999	29999	29999	Strength Change	Matrix 1	2.042903764370101	FALSE	FALSE	TRUE	TRUE
loop_22515	up_in_mutant	0.383433136661753	0.0036188307084542002	Active_Enhancer	Polycomb	0	4999	0	Complex	Matrix 2	-2.8789920936988236	TRUE	TRUE	TRUE	TRUE
loop_5753	up_in_mutant	0.818208172398066	0.0015937157447812	Active_Enhancer	Polycomb	94999	4999	4999	Strength Change	Matrix 2	-3.3525885632813175	TRUE	TRUE	TRUE	TRUE
loop_5754	up_in_mutant	0.527223355106353	0.0209852282181218	Active_Promoter	Active_Promoter	269999	339999	269999	Strength Change	Matrix 2	-2.159247208681107	FALSE	FALSE	FALSE	FALSE
loop_22058	up_in_mutant	0.410153753835322	0.0056854676367995	Other	Other	344999	624999	344999	Complex	Matrix 2	-2.036090659113801	FALSE	FALSE	FALSE	FALSE
loop_21115	up_in_mutant	0.403551848107034	6.1721781847153e-6	Other	Repressed_Promoter	0	0	0	Complex	Matrix 1	2.546198430759254	TRUE	TRUE	TRUE	TRUE
loop_6948	up_in_mutant	0.973312269267331	5.08961242090346e-7	Other	Repressed_Promoter	124999	54999	54999	Merge	Matrix 2	-2.109953272335514	FALSE	FALSE	FALSE	TRUE
loop_5819	up_in_mutant	0.450812874111386	0.006546797730495	Other	Poised_Enhancer	339999	299999	299999	Shifted	Matrix 1	3.3427737359418908	FALSE	FALSE	FALSE	FALSE
loop_5852	up_in_mutant	0.459554313184841	0.0288619957792457	Other	Other	599999	449999	449999	Split	Matrix 1	2.3935733444077343	FALSE	FALSE	FALSE	FALSE
loop_13296	up_in_mutant	0.301158615501362	0.0043712751723879	Repressed_Promoter	Repressed_Promoter	194999	24999	24999	Shifted	Matrix 2	-2.728436350032	FALSE	TRUE	TRUE	TRUE
loop_5877	up_in_mutant	0.541883259344542	0.0172595246413794	Other	Other	NA	NA	NA	NA	NA	NA	NA	NA	NA	NA
loop_5885	up_in_mutant	0.315753731324956	0.0127247024705829	Other	Active_Enhancer	0	0	0	Shifted	Matrix 1	4.440190921401663	TRUE	TRUE	TRUE	TRUE
loop_5902	up_in_mutant	0.516662106422916	0.0069871247880471	Other	Other	164999	199999	164999	Shifted	Matrix 2	-3.307997620058332	FALSE	FALSE	FALSE	FALSE
loop_15862	up_in_mutant	0.344332008596065	2.196504334113e-4	Repressed_Promoter	Active_Enhancer	44999	114999	44999	Split	Matrix 1	3.148813675151795	FALSE	FALSE	TRUE	TRUE
loop_5940	up_in_mutant	0.351418552105189	0.023644745325339	Other	Other	424999	364999	364999	Shifted	Matrix 1	2.442967742998539	FALSE	FALSE	FALSE	FALSE
loop_5973	up_in_mutant	0.540075593829492	0.0063305105845788	Polycomb	Polycomb	424999	249999	249999	Complex	Matrix 2	-2.471379414205052	FALSE	FALSE	FALSE	FALSE
loop_5997	up_in_mutant	0.434918517393306	0.004789085760411	Polycomb	Poised_Enhancer	39999	114999	39999	Strength Change	Matrix 2	-4.210219672749965	FALSE	FALSE	TRUE	TRUE
loop_6011	up_in_mutant	0.445889841676605	9.564845769605e-4	Other	Other	124999	49999	49999	Strength Change	Matrix 2	-2.394009261558897	FALSE	FALSE	TRUE	TRUE
loop_6012	up_in_mutant	0.484984529789476	0.0060631035000487	Active_Promoter	Repressed_Promoter	529999	479999	479999	Split	Matrix 1	2.3540884549200385	FALSE	FALSE	FALSE	FALSE
loop_6068	up_in_mutant	0.534644233505332	0.0020552921395769	Other	Other	174999	0	0	Strength Change	Matrix 2	-4.61006499555424	TRUE	TRUE	TRUE	TRUE
loop_6070	up_in_mutant	1.07931142740985	9.25937846241952e-5	Other	Other	499999	669999	499999	Strength Change	Matrix 2	-2.089809608950171	FALSE	FALSE	FALSE	FALSE
loop_6086	up_in_mutant	0.354644170213242	0.002251758752433	Poised_Enhancer	Other	4999	59999	4999	Shifted	Matrix 2	-4.518818502432064	TRUE	TRUE	TRUE	TRUE
loop_20083	up_in_mutant	0.310665207475905	4.549193861901e-4	Polycomb	Polycomb	394999	219999	219999	Shifted	Matrix 1	2.322405649936504	FALSE	FALSE	FALSE	FALSE
loop_6115	down_in_mutant	-0.527224568725653	0.022380982079495	Other	Active_Enhancer	359999	0	0	Strength Change	Matrix 1	2.1503563646441815	TRUE	TRUE	TRUE	TRUE
loop_7287	up_in_mutant	0.643889431773407	1.18327234019e-4	Polycomb	Poised_Enhancer	164999	44999	44999	Merge	Matrix 2	-6.495883629833673	FALSE	FALSE	TRUE	TRUE
loop_20388	up_in_mutant	0.58452689551119	6.64588690520368e-5	Other	Poised_Enhancer	0	9999	0	Strength Change	Matrix 2	-2.556537120501845	TRUE	TRUE	TRUE	TRUE
loop_6124	up_in_mutant	0.443832188906843	0.0286861901439148	Other	Other	109999	54999	54999	Merge	Matrix 2	-3.086085442305253	FALSE	FALSE	FALSE	TRUE
loop_22304	up_in_mutant	0.616467472530029	5.15192962683633e-6	Polycomb	Polycomb	54999	54999	54999	Complex	Matrix 2	-4.483504466431647	FALSE	FALSE	FALSE	TRUE
loop_17798	up_in_mutant	0.420157794865977	3.18071522105e-4	Polycomb	Polycomb	4999	84999	4999	Shifted	Matrix 1	2.270177942288199	TRUE	TRUE	TRUE	TRUE
loop_6140	up_in_mutant	0.404177120476027	0.0229843707473426	Other	Active_Enhancer	1074999	1169999	1074999	Strength Change	Matrix 2	-2.006791851794423	FALSE	FALSE	FALSE	FALSE
loop_21576	up_in_mutant	0.602427228920364	1.8011986933908e-5	Other	Other	944999	694999	694999	Strength Change	Matrix 2	-2.4235668545468627	FALSE	FALSE	FALSE	FALSE
loop_6155	up_in_mutant	0.501333149391008	0.0170130660360762	Other	Poised_Enhancer	1824999	1954999	1824999	Merge	Matrix 2	-2.747784176519292	FALSE	FALSE	FALSE	FALSE
loop_22323	up_in_mutant	0.480384810801628	0.0011303436053709	Other	Polycomb	254999	0	0	Shifted	Matrix 2	-4.6166333935074695	TRUE	TRUE	TRUE	TRUE
loop_6186	up_in_mutant	0.643930788255182	0.0246726771396645	Repressed_Promoter	Other	69999	309999	69999	Split	Matrix 1	3.41908044877487	FALSE	FALSE	FALSE	TRUE
loop_6209	up_in_mutant	0.321695892468236	0.0132997627313065	Poised_Enhancer	Active_Enhancer	24999	124999	24999	Split	Matrix 1	2.2410779382846693	FALSE	TRUE	TRUE	TRUE
loop_22635	up_in_mutant	0.372959003129434	6.178779376761e-4	Poised_Enhancer	Polycomb	184999	134999	134999	Split	Matrix 1	2.8336447883904876	FALSE	FALSE	FALSE	FALSE
loop_22636	up_in_mutant	0.534651627628684	1.905368768527e-4	Other	Poised_Enhancer	354999	394999	354999	Shifted	Matrix 1	2.314866155081457	FALSE	FALSE	FALSE	FALSE
loop_6340	down_in_mutant	-0.3473539696491	0.004789085760411	Active_Enhancer	Poised_Enhancer	499999	439999	439999	Merge	Matrix 2	-2.030639077241198	FALSE	FALSE	FALSE	FALSE
loop_6376	down_in_mutant	-0.305740611922278	0.0106851067074824	Poised_Enhancer	Active_Enhancer	344999	394999	344999	Strength Change	Matrix 1	3.3088494008108533	FALSE	FALSE	FALSE	FALSE
loop_7580	down_in_mutant	-0.35746073311754	1.18327234019e-4	Other	Active_Enhancer	634999	584999	584999	Merge	Matrix 2	-2.030639077241198	FALSE	FALSE	FALSE	FALSE
loop_6419	down_in_mutant	-0.353440468951805	0.0051007882392557	Other	Active_Promoter	59999	0	0	Split	Matrix 1	3.199994914262287	TRUE	TRUE	TRUE	TRUE
loop_7663	down_in_mutant	-0.451602332195589	2.317664867537e-4	Active_Enhancer	Active_Enhancer	114999	214999	114999	Merge	Matrix 2	-2.216316408753002	FALSE	FALSE	FALSE	FALSE
loop_7602	up_in_mutant	0.379992328410638	2.427208133397e-4	Other	Poised_Enhancer	4999	134999	4999	Strength Change	Matrix 2	-2.7715224048884526	TRUE	TRUE	TRUE	TRUE
loop_7624	up_in_mutant	0.325221624282701	5.179777974079e-4	Other	Polycomb	294999	304999	294999	Complex	Matrix 2	-3.145873128216449	FALSE	FALSE	FALSE	FALSE
loop_6463	up_in_mutant	0.364211896020799	0.0063553082143227	Other	Other	24999	4999	4999	Merge	Matrix 2	-3.171506492354109	TRUE	TRUE	TRUE	TRUE
loop_6464	up_in_mutant	0.313947129204878	0.0163724799390637	Other	Other	1199999	1024999	1024999	Complex	Matrix 2	-2.2204252283104786	FALSE	FALSE	FALSE	FALSE
loop_6531	down_in_mutant	-0.34076033021584	0.0109614105454341	Active_Enhancer	Active_Enhancer	49999	0	0	Strength Change	Matrix 1	4.108034996510159	TRUE	TRUE	TRUE	TRUE
loop_7846	up_in_mutant	0.355352810705021	9.79022421373531e-5	Other	Other	224999	114999	114999	Split	Matrix 1	3.457942706369939	FALSE	FALSE	FALSE	FALSE
loop_6564	down_in_mutant	-0.328975169951082	0.023644745325339	Other	Other	109999	74999	74999	Strength Change	Matrix 1	2.362224180722841	FALSE	FALSE	FALSE	TRUE
loop_6570	up_in_mutant	0.543697014637347	0.0024140713250307	Poised_Enhancer	Other	184999	549999	184999	Strength Change	Matrix 1	2.4348625858909134	FALSE	FALSE	FALSE	FALSE
loop_7630	down_in_mutant	-0.3310523064423	3.724670599774e-4	Poised_Enhancer	Active_Enhancer	604999	584999	584999	Merge	Matrix 2	-2.030639077241198	FALSE	FALSE	FALSE	FALSE
loop_6618	up_in_mutant	0.348004119393434	0.002407982251765	Other	Other	139999	0	0	Complex	Matrix 2	-4.896833518087421	TRUE	TRUE	TRUE	TRUE
loop_7927	up_in_mutant	0.538743441407224	9.64642177120388e-6	Polycomb	Other	194999	84999	84999	Complex	Matrix 1	2.703884017182315	FALSE	FALSE	FALSE	TRUE
loop_6672	up_in_mutant	0.421838443236527	0.0131808918593897	Poised_Enhancer	Other	284999	244999	244999	Complex	Matrix 2	-9.616301601145684	FALSE	FALSE	FALSE	FALSE
loop_7879	up_in_mutant	0.706476262210604	2.48155608620934e-6	Other	Other	0	334999	0	Strength Change	Matrix 2	-2.3927961209475335	TRUE	TRUE	TRUE	TRUE
loop_7945	down_in_mutant	-0.412123469452902	0.001223849428592	Active_Promoter	Other	0	104999	0	Strength Change	Matrix 2	-2.5343691263344397	TRUE	TRUE	TRUE	TRUE
loop_7929	up_in_mutant	0.515377247626851	5.65659333580091e-5	Polycomb	Other	74999	34999	34999	Merge	Matrix 2	-2.668784314916656	FALSE	FALSE	TRUE	TRUE
loop_6733	down_in_mutant	-0.383138306005308	0.004597824725245	Active_Enhancer	Active_Enhancer	0	89999	0	Strength Change	Matrix 1	3.066745544918253	TRUE	TRUE	TRUE	TRUE
loop_1295	up_in_mutant	0.436058851904243	1.77749862310126e-5	Other	Other	84999	484999	84999	Merge	Matrix 2	-2.076392371725261	FALSE	FALSE	FALSE	TRUE
loop_8103	down_in_mutant	-0.395182271087771	3.488025593033e-4	Active_Enhancer	Active_Promoter	0	0	0	Strength Change	Matrix 1	2.2859706795730097	TRUE	TRUE	TRUE	TRUE
loop_6842	down_in_mutant	-0.367186573792182	0.0049941633099854	Active_Enhancer	Active_Enhancer	1149999	1194999	1149999	Split	Matrix 1	2.3284933470679428	FALSE	FALSE	FALSE	FALSE
loop_8225	up_in_mutant	0.311273338023653	3.403236496112e-4	Other	Poised_Enhancer	1844999	1674999	1674999	Strength Change	Matrix 1	2.2060725204341325	FALSE	FALSE	FALSE	FALSE
loop_8150	up_in_mutant	0.390646631859414	1.582795878386e-4	Polycomb	Polycomb	94999	174999	94999	Split	Matrix 1	2.5974657257648572	FALSE	FALSE	FALSE	TRUE
loop_6889	down_in_mutant	-0.437424665676503	0.0116878041716093	Active_Enhancer	Poised_Enhancer	194999	14999	14999	Strength Change	Matrix 1	2.2422180967968437	FALSE	TRUE	TRUE	TRUE
loop_6901	up_in_mutant	0.305308726057393	0.0243386554738921	Other	Other	289999	54999	54999	Strength Change	Matrix 2	-2.0461623657563046	FALSE	FALSE	FALSE	TRUE
loop_8213	up_in_mutant	0.326404663900503	0.0017265292068672	Poised_Enhancer	Poised_Enhancer	14999	24999	14999	Complex	Matrix 2	-2.070451916500856	FALSE	TRUE	TRUE	TRUE
loop_8266	down_in_mutant	-0.442075834488743	2.357849273924e-4	Other	Poised_Enhancer	744999	424999	424999	Merge	Matrix 2	-2.4367059005045526	FALSE	FALSE	FALSE	FALSE
loop_8152	up_in_mutant	0.345878053918728	3.301896334718e-4	Other	Repressed_Promoter	284999	0	0	Strength Change	Matrix 2	-2.0461623657563046	TRUE	TRUE	TRUE	TRUE
loop_8307	down_in_mutant	-0.460857947843745	8.478707314906e-4	Other	Poised_Enhancer	444999	54999	54999	Strength Change	Matrix 2	-2.342314520100479	FALSE	FALSE	FALSE	TRUE
loop_8246	up_in_mutant	0.517972967792642	1.921143146866e-4	Polycomb	Polycomb	64999	84999	64999	Split	Matrix 1	2.5974657257648572	FALSE	FALSE	FALSE	TRUE
loop_8267	down_in_mutant	-0.320393854004459	0.0044877301949606	Other	Other	744999	554999	554999	Merge	Matrix 2	-2.4367059005045526	FALSE	FALSE	FALSE	FALSE
loop_8226	up_in_mutant	0.393324569548697	2.113574119456e-4	Poised_Enhancer	Polycomb	14999	104999	14999	Merge	Matrix 2	-2.7383395087330253	FALSE	TRUE	TRUE	TRUE
loop_8253	down_in_mutant	-0.452936643327187	8.73917306613544e-5	Other	Polycomb	324999	14999	14999	Strength Change	Matrix 1	3.5785167264711983	FALSE	TRUE	TRUE	TRUE
loop_8561	up_in_mutant	0.660857119023717	2.90106265499192e-6	Poised_Enhancer	Polycomb	464999	0	0	Strength Change	Matrix 2	-2.918908597953531	TRUE	TRUE	TRUE	TRUE
loop_8593	up_in_mutant	0.373774583985967	0.0016238692095461	Repressed_Promoter	Polycomb	1159999	1464999	1159999	Strength Change	Matrix 1	2.143623733202706	FALSE	FALSE	FALSE	FALSE
loop_8445	down_in_mutant	-0.38983780048867	0.0010076387277593	Active_Enhancer	Active_Enhancer	14999	0	0	Strength Change	Matrix 1	3.4766575877472734	TRUE	TRUE	TRUE	TRUE
loop_8427	down_in_mutant	-0.370629783913097	7.8908013645326e-5	Active_Enhancer	Active_Enhancer	4999	0	0	Strength Change	Matrix 1	3.4766575877472734	TRUE	TRUE	TRUE	TRUE
loop_7075	down_in_mutant	-0.336558358905485	0.0013961008364463	Poised_Enhancer	Poised_Enhancer	114999	0	0	Complex	Matrix 1	4.0906963413336594	TRUE	TRUE	TRUE	TRUE
loop_8474	down_in_mutant	-0.51178749048046	6.1721781847153e-6	Active_Enhancer	Active_Enhancer	4999	14999	4999	Complex	Matrix 1	2.4292138482909023	TRUE	TRUE	TRUE	TRUE
loop_7105	down_in_mutant	-0.34380185535087	0.004253755301185	Other	Other	254999	69999	69999	Shifted	Matrix 1	2.741779082631633	FALSE	FALSE	FALSE	TRUE
loop_7156	up_in_mutant	0.377708030165303	7.879657124805e-4	Other	Repressed_Promoter	4999	79999	4999	Strength Change	Matrix 2	-2.941045905606574	TRUE	TRUE	TRUE	TRUE
loop_7194	up_in_mutant	0.410298968382269	8.459396020806e-4	Other	Other	0	54999	0	Strength Change	Matrix 2	-3.015199152457407	TRUE	TRUE	TRUE	TRUE
loop_7284	down_in_mutant	-0.301633776426792	0.0099136550477718	Other	Poised_Enhancer	49999	0	0	Complex	Matrix 1	4.0906963413336594	TRUE	TRUE	TRUE	TRUE
loop_8704	up_in_mutant	0.453678434415728	1.13301506920466e-5	Polycomb	Polycomb	134999	374999	134999	Shifted	Matrix 2	-2.7539140025386617	FALSE	FALSE	FALSE	FALSE
loop_8807	up_in_mutant	0.343955596868206	4.313320282983e-4	Polycomb	Polycomb	274999	94999	94999	Strength Change	Matrix 2	-2.941045905606574	FALSE	FALSE	FALSE	TRUE
loop_7311	down_in_mutant	-0.332741999742363	0.0246726771396645	Other	Poised_Enhancer	0	384999	0	Shifted	Matrix 2	-2.793846679235412	TRUE	TRUE	TRUE	TRUE
loop_8873	up_in_mutant	0.324850863223944	4.951592061202e-4	Polycomb	Polycomb	684999	774999	684999	Strength Change	Matrix 1	2.747126861815573	FALSE	FALSE	FALSE	FALSE
loop_8739	up_in_mutant	0.572901318228105	3.02875082049036e-6	Other	Repressed_Promoter	154999	0	0	Complex	Matrix 2	-3.185377712010855	TRUE	TRUE	TRUE	TRUE
loop_7336	down_in_mutant	-0.351614073080095	0.0297716290445254	Other	Active_Promoter	179999	284999	179999	Complex	Matrix 1	2.0414393016055934	FALSE	FALSE	FALSE	FALSE
loop_8774	up_in_mutant	0.475864405240557	1.39167741330901e-6	Other	Poised_Enhancer	384999	264999	264999	Strength Change	Matrix 1	2.7220915847390126	FALSE	FALSE	FALSE	FALSE
loop_7374	down_in_mutant	-0.424524945745222	0.0015257541159844	Active_Promoter	Poised_Enhancer	624999	694999	624999	Split	Matrix 1	3.6698079207425702	FALSE	FALSE	FALSE	FALSE
loop_7382	down_in_mutant	-0.345618548664937	0.0286312588367154	Polycomb	Repressed_Promoter	104999	0	0	Complex	Matrix 2	-3.185377712010855	TRUE	TRUE	TRUE	TRUE
loop_7388	up_in_mutant	0.389866606711081	8.459396020806e-4	Other	Other	64999	0	0	Strength Change	Matrix 2	-3.5802052788091805	TRUE	TRUE	TRUE	TRUE
loop_8895	down_in_mutant	-0.432148916440767	0.0031581680320535	Active_Enhancer	Active_Enhancer	4999	434999	4999	Complex	Matrix 1	2.5788135950502555	TRUE	TRUE	TRUE	TRUE
loop_7393	up_in_mutant	0.316814827678698	0.0193188862649061	Other	Other	4999	174999	4999	Split	Matrix 1	3.228894580311999	TRUE	TRUE	TRUE	TRUE
loop_7394	up_in_mutant	0.383735518843002	0.008550992026201	Polycomb	Other	1854999	2134999	1854999	Merge	Matrix 2	-2.662313589700282	FALSE	FALSE	FALSE	FALSE
loop_8893	up_in_mutant	0.550500586930037	6.09584071576702e-6	Other	Other	104999	444999	104999	Split	Matrix 1	3.1148708508947887	FALSE	FALSE	FALSE	FALSE
loop_7406	up_in_mutant	0.352434629809118	0.0132826642537112	Other	Poised_Enhancer	219999	74999	74999	Merge	Matrix 2	-2.079731829209935	FALSE	FALSE	FALSE	TRUE
loop_8876	down_in_mutant	-0.438390983971874	1.395794781755e-4	Poised_Enhancer	Poised_Enhancer	0	814999	0	Strength Change	Matrix 1	2.7220915847390126	TRUE	TRUE	TRUE	TRUE
loop_7433	up_in_mutant	0.319062962683368	0.0094550918544829	Poised_Enhancer	Other	174999	79999	79999	Merge	Matrix 2	-2.495288421579474	FALSE	FALSE	FALSE	TRUE
loop_8766	down_in_mutant	-0.770419663001704	1.24505052072546e-6	Active_Enhancer	Poised_Enhancer	0	94999	0	Strength Change	Matrix 1	5.402578340153406	TRUE	TRUE	TRUE	TRUE
loop_7457	up_in_mutant	0.346768933770336	0.0075910802405236	Other	Other	154999	69999	69999	Merge	Matrix 2	-3.371723719057781	FALSE	FALSE	FALSE	TRUE
loop_8912	down_in_mutant	-0.484511829273788	1.6938129113648e-5	Poised_Enhancer	Polycomb	74999	94999	74999	Merge	Matrix 2	-2.325254307144202	FALSE	FALSE	FALSE	TRUE
loop_7478	down_in_mutant	-0.318781649539965	0.0211195902490931	Active_Enhancer	Active_Promoter	84999	0	0	Strength Change	Matrix 1	2.5745787612597812	TRUE	TRUE	TRUE	TRUE
loop_8865	down_in_mutant	-0.561141832541381	4.28184678644197e-6	Active_Enhancer	Active_Promoter	14999	244999	14999	Complex	Matrix 1	4.137238444768616	FALSE	TRUE	TRUE	TRUE
loop_8954	up_in_mutant	0.403265674409999	3.809528710097e-4	Other	Poised_Enhancer	114999	64999	64999	Split	Matrix 1	3.1148708508947887	FALSE	FALSE	FALSE	TRUE
loop_8933	up_in_mutant	0.429504910851314	2.19326942831711e-5	Other	Other	0	124999	0	Merge	Matrix 2	-4.407086716356045	TRUE	TRUE	TRUE	TRUE
loop_7501	down_in_mutant	-0.388237677849586	0.028307466311925	Other	Polycomb	1109999	1224999	1109999	Merge	Matrix 2	-2.662313589700282	FALSE	FALSE	FALSE	FALSE
loop_7502	up_in_mutant	0.411456967228185	0.0206311048540542	Active_Promoter	Other	764999	1089999	764999	Strength Change	Matrix 2	-3.509399765515128	FALSE	FALSE	FALSE	FALSE
loop_9037	up_in_mutant	0.792052148749731	2.1164790713458e-7	Polycomb	Polycomb	364999	4999	4999	Merge	Matrix 2	-2.6679218003883403	TRUE	TRUE	TRUE	TRUE
loop_8953	up_in_mutant	0.45120435030589	3.16081887622568e-5	Other	Other	84999	404999	84999	Merge	Matrix 2	-3.891737300633499	FALSE	FALSE	FALSE	TRUE
loop_8947	up_in_mutant	0.34472908895427	3.017967301932e-4	Other	Other	214999	34999	34999	Merge	Matrix 2	-2.105489027963613	FALSE	FALSE	TRUE	TRUE
loop_9106	down_in_mutant	-0.441396930864424	3.14224082486974e-5	Active_Enhancer	Active_Enhancer	104999	0	0	Merge	Matrix 2	-2.416855417395399	TRUE	TRUE	TRUE	TRUE
loop_9259	down_in_mutant	-0.412104703851315	5.358218884176e-4	Other	Other	154999	174999	154999	Split	Matrix 1	6.68564146184078	FALSE	FALSE	FALSE	FALSE
loop_7691	down_in_mutant	-0.302417951252192	0.002670110829109	Poised_Enhancer	Poised_Enhancer	209999	174999	174999	Strength Change	Matrix 1	2.5390923620270893	FALSE	FALSE	FALSE	FALSE
loop_7757	down_in_mutant	-0.397922226690063	0.0044879826196548	Active_Enhancer	Active_Promoter	109999	139999	109999	Merge	Matrix 2	-2.416855417395399	FALSE	FALSE	FALSE	FALSE
loop_7779	down_in_mutant	-0.357780029706602	0.0143257046958069	Active_Enhancer	Active_Enhancer	0	19999	0	Split	Matrix 1	2.592604657213704	TRUE	TRUE	TRUE	TRUE
loop_9380	down_in_mutant	-0.634982271628178	6.12357500390182e-7	Polycomb	Active_Enhancer	134999	34999	34999	Split	Matrix 1	6.68564146184078	FALSE	FALSE	TRUE	TRUE
loop_7829	up_in_mutant	0.304553820285778	0.0015937157447812	Other	Other	89999	9999	9999	Strength Change	Matrix 2	-2.6494099087355942	TRUE	TRUE	TRUE	TRUE
loop_7861	down_in_mutant	-0.438171279724113	0.0094974828878554	Active_Enhancer	Active_Enhancer	144999	49999	49999	Strength Change	Matrix 1	4.137517721188318	FALSE	FALSE	TRUE	TRUE
loop_7872	down_in_mutant	-0.340334900531484	0.0131808918593897	Active_Promoter	Active_Enhancer	774999	624999	624999	Split	Matrix 1	6.68564146184078	FALSE	FALSE	FALSE	FALSE
loop_9525	down_in_mutant	-0.474921894182388	1.055846302426e-4	Other	Poised_Enhancer	154999	54999	54999	Merge	Matrix 2	-3.229394967965623	FALSE	FALSE	FALSE	TRUE
loop_7929	up_in_mutant	0.366957801985663	9.564845769605e-4	Other	Poised_Enhancer	44999	4999	4999	Strength Change	Matrix 2	-4.094103857308736	TRUE	TRUE	TRUE	TRUE
loop_9491	up_in_mutant	0.302084479383812	2.078966930579e-4	Active_Enhancer	Other	114999	34999	34999	Split	Matrix 1	2.256403962117708	FALSE	FALSE	TRUE	TRUE
loop_20643	down_in_mutant	-0.576485630207349	1.34158074214592e-5	Other	Active_Enhancer	154999	34999	34999	Split	Matrix 1	6.68564146184078	FALSE	FALSE	TRUE	TRUE
loop_7971	down_in_mutant	-0.37548786251209	0.0051374643443773	Other	Other	184999	329999	184999	Strength Change	Matrix 2	-2.0195860511518275	FALSE	FALSE	FALSE	FALSE
loop_9643	down_in_mutant	-0.328236301640602	0.0025970618356423	Repressed_Promoter	Poised_Enhancer	44999	44999	44999	Merge	Matrix 2	-3.134693852975521	FALSE	FALSE	TRUE	TRUE
loop_9632	up_in_mutant	0.303216443067058	0.0019000808258294	Other	Other	64999	114999	64999	Strength Change	Matrix 2	-2.2430626303430814	FALSE	FALSE	FALSE	TRUE
loop_8008	down_in_mutant	-0.437224542398174	0.0026759495629845	Other	Other	1224999	949999	949999	Merge	Matrix 2	-2.3374932845842995	FALSE	FALSE	FALSE	FALSE
loop_8042	down_in_mutant	-0.390962272941006	0.0198199666135274	Active_Enhancer	Active_Enhancer	149999	0	0	Merge	Matrix 2	-2.416855417395399	TRUE	TRUE	TRUE	TRUE
loop_9614	up_in_mutant	0.409916953153682	2.472770592892e-4	Other	Other	1014999	1104999	1014999	Strength Change	Matrix 1	7.953734825472146	FALSE	FALSE	FALSE	FALSE
loop_8067	up_in_mutant	0.311766725645012	0.0122000901607296	Repressed_Promoter	Poised_Enhancer	374999	114999	114999	Strength Change	Matrix 2	-2.008058048980262	FALSE	FALSE	FALSE	FALSE
loop_199	up_in_mutant	0.333734813807231	3.45601027829e-4	Other	Other	274999	24999	24999	Strength Change	Matrix 1	2.5313794026466705	FALSE	TRUE	TRUE	TRUE
loop_9513	up_in_mutant	0.329028768173061	3.403236496112e-4	Other	Polycomb	264999	44999	44999	Strength Change	Matrix 1	2.5313794026466705	FALSE	FALSE	TRUE	TRUE
loop_9637	up_in_mutant	0.379193975557341	1.061091616166e-4	Polycomb	Other	14999	144999	14999	Strength Change	Matrix 1	3.6472841836897	FALSE	TRUE	TRUE	TRUE
loop_9856	down_in_mutant	-0.542388788886675	2.87022132418363e-6	Active_Promoter	Active_Enhancer	124999	4999	4999	Strength Change	Matrix 1	3.179608690106335	TRUE	TRUE	TRUE	TRUE
loop_9863	down_in_mutant	-0.494349067207001	3.3019360031751e-5	Active_Enhancer	Active_Enhancer	0	4999	0	Strength Change	Matrix 1	3.817362566080551	TRUE	TRUE	TRUE	TRUE
loop_9955	up_in_mutant	0.310247569752155	5.349772295251e-4	Other	Repressed_Promoter	14999	204999	14999	Split	Matrix 1	3.037654738382998	FALSE	TRUE	TRUE	TRUE
loop_9980	up_in_mutant	0.328548811414303	2.55779478483e-4	Other	Poised_Enhancer	4999	144999	4999	Merge	Matrix 2	-4.9903319353468385	TRUE	TRUE	TRUE	TRUE
loop_9943	down_in_mutant	-0.450601288639963	0.00061276773326040005	Active_Promoter	Active_Enhancer	74999	4999	4999	Strength Change	Matrix 1	3.179608690106335	TRUE	TRUE	TRUE	TRUE
loop_8234	down_in_mutant	-0.376046735690883	0.0294822317318236	Other	Poised_Enhancer	0	464999	0	Strength Change	Matrix 1	2.4548438350143833	TRUE	TRUE	TRUE	TRUE
loop_8236	up_in_mutant	0.326850235630963	0.0132412843045822	Other	Poised_Enhancer	264999	379999	264999	Split	Matrix 1	3.037654738382998	FALSE	FALSE	FALSE	FALSE
loop_8240	down_in_mutant	-0.423119202591063	0.0046271076251291	Active_Enhancer	Active_Enhancer	0	49999	0	Complex	Matrix 1	7.038145438880477	TRUE	TRUE	TRUE	TRUE
loop_8247	up_in_mutant	0.375024076731783	0.0056090876456255	Poised_Enhancer	Active_Enhancer	69999	64999	64999	Merge	Matrix 2	-3.3700216962789	FALSE	FALSE	FALSE	TRUE
loop_9978	down_in_mutant	-0.509762910214879	1.8011986933908e-5	Active_Promoter	Active_Enhancer	154999	104999	104999	Strength Change	Matrix 1	3.4859947599430696	FALSE	FALSE	FALSE	FALSE
loop_10093	down_in_mutant	-0.479734464250574	1.181848200944e-4	Active_Enhancer	Active_Enhancer	94999	0	0	Strength Change	Matrix 1	3.817362566080551	TRUE	TRUE	TRUE	TRUE
loop_8343	up_in_mutant	0.354675062966153	0.006091475180453	Other	Other	109999	14999	14999	Merge	Matrix 2	-2.516745924927651	FALSE	TRUE	TRUE	TRUE
loop_8349	up_in_mutant	0.37896197462895	0.0073543006718379	Other	Poised_Enhancer	164999	9999	9999	Strength Change	Matrix 2	-2.193908465477126	TRUE	TRUE	TRUE	TRUE
loop_8366	up_in_mutant	0.438995634610377	0.0120367375973554	Polycomb	Other	189999	154999	154999	Merge	Matrix 2	-2.59666217459065	FALSE	FALSE	FALSE	FALSE
loop_8375	up_in_mutant	0.682127574473615	2.932166096551e-4	Poised_Enhancer	Polycomb	174999	554999	174999	Strength Change	Matrix 2	-2.409598593656475	FALSE	FALSE	FALSE	FALSE
loop_10119	down_in_mutant	-0.566636601742262	9.55528657279176e-5	Active_Enhancer	Active_Enhancer	104999	4999	4999	Strength Change	Matrix 1	3.179608690106335	TRUE	TRUE	TRUE	TRUE
loop_4155	down_in_mutant	-0.478243314166501	5.38709584330198e-5	Active_Enhancer	Active_Enhancer	94999	64999	64999	Strength Change	Matrix 1	3.4859947599430696	FALSE	FALSE	FALSE	TRUE
loop_8410	up_in_mutant	0.342618054192971	0.0045136831499299	Other	Polycomb	74999	0	0	Strength Change	Matrix 2	-2.8485601218651575	TRUE	TRUE	TRUE	TRUE
loop_10215	down_in_mutant	-0.589247779504087	5.62305250881177e-5	Active_Enhancer	Other	74999	384999	74999	Merge	Matrix 2	-4.211123386403107	FALSE	FALSE	FALSE	TRUE
loop_10186	up_in_mutant	0.348016195217565	5.187724685568e-4	Polycomb	Repressed_Promoter	984999	884999	884999	Split	Matrix 1	2.2839668358588368	FALSE	FALSE	FALSE	FALSE
loop_8445	up_in_mutant	0.386066199979696	0.0082556695219056	Active_Promoter	Other	314999	584999	314999	Strength Change	Matrix 1	2.3232336068224217	FALSE	FALSE	FALSE	FALSE
loop_8524	down_in_mutant	-0.41115629602148	0.0200795169669098	Active_Enhancer	Active_Enhancer	454999	564999	454999	Merge	Matrix 2	-2.4603732993301946	FALSE	FALSE	FALSE	FALSE
loop_10402	up_in_mutant	0.340696657024083	1.385807929602e-4	Poised_Enhancer	Other	0	154999	0	Strength Change	Matrix 2	-3.129560612618537	TRUE	TRUE	TRUE	TRUE
loop_8612	down_in_mutant	-0.594643010855201	0.0039647053810923	Polycomb	Polycomb	829999	0	0	Complex	Matrix 2	-5.932267372668512	TRUE	TRUE	TRUE	TRUE
loop_10537	up_in_mutant	0.300551627081911	8.072717804058e-4	Repressed_Promoter	Other	74999	214999	74999	Strength Change	Matrix 2	-2.4085398645956246	FALSE	FALSE	FALSE	TRUE
loop_10531	down_in_mutant	-0.371343737517278	2.404465015559e-4	Other	Other	404999	724999	404999	Merge	Matrix 2	-2.3310256244923493	FALSE	FALSE	FALSE	FALSE
loop_10451	down_in_mutant	-0.414810589932074	5.15312599322482e-5	Active_Enhancer	Active_Promoter	84999	0	0	Complex	Matrix 1	5.4016423600764965	TRUE	TRUE	TRUE	TRUE
loop_8665	down_in_mutant	-0.308647184160387	0.018117747923249	Other	Active_Promoter	739999	634999	634999	Merge	Matrix 2	-2.3294147136040313	FALSE	FALSE	FALSE	FALSE
loop_10493	up_in_mutant	0.32344105451662303	0.0014566921028054	Polycomb	Polycomb	514999	24999	24999	Merge	Matrix 2	-4.045829729819724	FALSE	TRUE	TRUE	TRUE
loop_8691	up_in_mutant	0.31276836825409	0.0159842174626374	Poised_Enhancer	Other	149999	0	0	Strength Change	Matrix 2	-2.0501047790799927	TRUE	TRUE	TRUE	TRUE
loop_10490	down_in_mutant	-0.340120500389604	3.094793138565e-4	Active_Promoter	Poised_Enhancer	444999	344999	344999	Shifted	Matrix 1	4.3303666432396435	FALSE	FALSE	FALSE	FALSE
loop_8726	down_in_mutant	-0.444491897472739	0.028224075679704	Active_Promoter	Poised_Enhancer	94999	64999	64999	Strength Change	Matrix 1	2.7856724997401456	FALSE	FALSE	FALSE	TRUE
loop_10626	up_in_mutant	0.41856479134829	3.3019360031751e-5	Polycomb	Other	0	64999	0	Strength Change	Matrix 2	-3.525717434592597	TRUE	TRUE	TRUE	TRUE
loop_8748	up_in_mutant	0.39236850658915	0.0221197123326584	Poised_Enhancer	Polycomb	544999	304999	304999	Merge	Matrix 2	-2.053855656308603	FALSE	FALSE	FALSE	FALSE
loop_10557	up_in_mutant	0.593465104048368	4.23239390312694e-7	Other	Polycomb	534999	574999	534999	Strength Change	Matrix 2	-3.525717434592597	FALSE	FALSE	FALSE	FALSE
loop_10726	up_in_mutant	0.333269338926406	0.0013946163798406	Polycomb	Polycomb	1054999	1454999	1054999	Split	Matrix 1	2.1942145989310005	FALSE	FALSE	FALSE	FALSE
loop_10792	up_in_mutant	0.308795892718181	2.915310932023e-4	Other	Poised_Enhancer	154999	234999	154999	Merge	Matrix 2	-2.0159870599866863	FALSE	FALSE	FALSE	FALSE
loop_21885	up_in_mutant	0.30971020111545	2.097205010062e-4	Polycomb	Polycomb	394999	444999	394999	Strength Change	Matrix 1	2.1704136928424105	FALSE	FALSE	FALSE	FALSE
loop_10927	up_in_mutant	0.327167501875917	3.117418022119e-4	Poised_Enhancer	Polycomb	134999	374999	134999	Strength Change	Matrix 1	2.081315831648306	FALSE	FALSE	FALSE	FALSE
loop_8890	down_in_mutant	-0.304881389386117	0.0137341116630258	Other	Active_Enhancer	104999	0	0	Strength Change	Matrix 1	6.486519458835641	TRUE	TRUE	TRUE	TRUE
loop_8910	down_in_mutant	-0.328445420028374	0.018117747923249	Other	Other	39999	794999	39999	Strength Change	Matrix 1	3.3943646906616576	FALSE	FALSE	TRUE	TRUE
loop_10932	up_in_mutant	0.314925433015267	8.956865543226e-4	Polycomb	Polycomb	124999	274999	124999	Merge	Matrix 2	-3.432228520926184	FALSE	FALSE	FALSE	FALSE
loop_10954	up_in_mutant	0.418494841809425	1.65984896620628e-5	Polycomb	Repressed_Promoter	774999	874999	774999	Strength Change	Matrix 2	-2.159350437775918	FALSE	FALSE	FALSE	FALSE
loop_8951	down_in_mutant	-0.370998315200197	0.0134540180275302	Poised_Enhancer	Active_Enhancer	64999	14999	14999	Shifted	Matrix 2	-3.4654895194933215	FALSE	TRUE	TRUE	TRUE
loop_11031	up_in_mutant	0.386507731327367	1.440480472415e-4	Poised_Enhancer	Other	84999	64999	64999	Complex	Matrix 1	2.0904300476002557	FALSE	FALSE	FALSE	TRUE
loop_10864	up_in_mutant	0.325189771491144	3.025509065712e-4	Other	Other	144999	4999	4999	Strength Change	Matrix 1	2.1304299212003235	TRUE	TRUE	TRUE	TRUE
loop_10979	up_in_mutant	0.399619177705749	2.034282663996e-4	Repressed_Promoter	Polycomb	364999	134999	134999	Strength Change	Matrix 2	-3.901434756410244	FALSE	FALSE	FALSE	FALSE
loop_9012	down_in_mutant	-0.44204187897156	0.0085846932934731009	Active_Enhancer	Poised_Enhancer	699999	214999	214999	Complex	Matrix 1	2.72113959931836	FALSE	FALSE	FALSE	FALSE
loop_9021	down_in_mutant	-0.310859032520741	0.028307466311925	Active_Enhancer	Poised_Enhancer	119999	224999	119999	Strength Change	Matrix 1	3.3943646906616576	FALSE	FALSE	FALSE	FALSE
loop_10961	up_in_mutant	0.337648461652122	0.0011176921476137	Other	Other	4999	4999	4999	Shifted	Matrix 1	3.8056590711336455	TRUE	TRUE	TRUE	TRUE
loop_9033	down_in_mutant	-0.47498828247922	0.0048194791419709	Active_Enhancer	Active_Enhancer	59999	0	0	Strength Change	Matrix 1	4.5702826780260715	TRUE	TRUE	TRUE	TRUE
loop_9072	up_in_mutant	0.328929347273576	0.0221021704525992	Poised_Enhancer	Other	134999	459999	134999	Complex	Matrix 2	-2.6728310455165856	FALSE	FALSE	FALSE	FALSE
loop_11060	up_in_mutant	0.623323428242287	2.53086045851812e-6	Other	Other	0	84999	0	Complex	Matrix 2	-4.341189410418442	TRUE	TRUE	TRUE	TRUE
loop_20807	up_in_mutant	0.350259760954971	1.605283908668e-4	Polycomb	Polycomb	404999	484999	404999	Strength Change	Matrix 2	-2.159350437775918	FALSE	FALSE	FALSE	FALSE
loop_9091	down_in_mutant	-0.469165715644018	0.0087455029503819	Poised_Enhancer	Active_Enhancer	0	114999	0	Strength Change	Matrix 1	3.3943646906616576	TRUE	TRUE	TRUE	TRUE
loop_9093	up_in_mutant	0.336981220182709	0.0245995237770902	Polycomb	Polycomb	384999	284999	284999	Strength Change	Matrix 1	2.2985494000680187	FALSE	FALSE	FALSE	FALSE
loop_11012	up_in_mutant	0.350381142113743	2.915310932023e-4	Polycomb	Polycomb	34999	144999	34999	Merge	Matrix 2	-2.0159870599866863	FALSE	FALSE	TRUE	TRUE
loop_9112	down_in_mutant	-0.393088366723857	0.0067713409033445	Poised_Enhancer	Other	0	34999	0	Strength Change	Matrix 1	2.6694758678587966	TRUE	TRUE	TRUE	TRUE
loop_11110	up_in_mutant	0.306271380613823	0.0019502796989981	Polycomb	Polycomb	104999	144999	104999	Complex	Matrix 1	10.064445927572308	FALSE	FALSE	FALSE	FALSE
loop_11207	down_in_mutant	-0.447798242365314	0.0031180078591711	Repressed_Promoter	Other	554999	14999	14999	Complex	Matrix 2	-2.8283967092388083	FALSE	TRUE	TRUE	TRUE
loop_9133	up_in_mutant	0.313477065562811	0.0125033499792681	Other	Other	0	144999	0	Strength Change	Matrix 2	-4.594778217036958	TRUE	TRUE	TRUE	TRUE
loop_9158	up_in_mutant	0.346718078461778	0.0297716290445254	Other	Poised_Enhancer	14999	209999	14999	Merge	Matrix 2	-2.2113171952709885	FALSE	TRUE	TRUE	TRUE
loop_9176	up_in_mutant	0.303114570745639	0.0132915675900754	Repressed_Promoter	Polycomb	99999	64999	64999	Merge	Matrix 2	-2.331416627253892	FALSE	FALSE	FALSE	TRUE
loop_11409	down_in_mutant	-0.424543006386247	2.63126073094e-4	Poised_Enhancer	Other	104999	184999	104999	Split	Matrix 1	2.191810486421888	FALSE	FALSE	FALSE	FALSE
loop_11397	down_in_mutant	-0.326082077989586	0.0013719508045915	Bivalent_Promoter	Poised_Enhancer	0	24999	0	Strength Change	Matrix 2	-2.2394795404525274	TRUE	TRUE	TRUE	TRUE
loop_9250	down_in_mutant	-0.439407952057336	0.0134540180275302	Active_Promoter	Active_Enhancer	899999	1374999	899999	Strength Change	Matrix 2	-3.9488459132038	FALSE	FALSE	FALSE	FALSE
loop_11387	down_in_mutant	-0.608249329950787	1.93214600406245e-5	Other	Active_Enhancer	64999	224999	64999	Split	Matrix 1	2.980971555860907	FALSE	FALSE	FALSE	TRUE
loop_9305	down_in_mutant	-0.362330474984998	0.0173102478157534	Active_Enhancer	Poised_Enhancer	0	79999	0	Strength Change	Matrix 1	2.149671706339183	TRUE	TRUE	TRUE	TRUE
loop_11417	down_in_mutant	-0.365190906649119	6.39627325194926e-5	Other	Other	124999	164999	124999	Strength Change	Matrix 1	2.418870510602405	FALSE	FALSE	FALSE	FALSE
loop_11537	up_in_mutant	0.478083464137493	2.38289819960013e-5	Bivalent_Promoter	Other	0	124999	0	Strength Change	Matrix 2	-2.2394795404525274	TRUE	TRUE	TRUE	TRUE
loop_11482	up_in_mutant	0.353388987029077	1.620660208252e-4	Polycomb	Other	614999	774999	614999	Strength Change	Matrix 1	2.4154791251189756	FALSE	FALSE	FALSE	FALSE
loop_11488	up_in_mutant	0.33721609813644	6.552297053328e-4	Polycomb	Other	594999	364999	364999	Merge	Matrix 2	-2.655494557991964	FALSE	FALSE	FALSE	FALSE
loop_11550	up_in_mutant	0.413990573129465	8.8844604722775e-6	Other	Poised_Enhancer	0	94999	0	Complex	Matrix 2	-2.100474523321069	TRUE	TRUE	TRUE	TRUE
loop_11767	down_in_mutant	-0.310272706215319	6.032469620306e-4	Active_Enhancer	Active_Enhancer	124999	174999	124999	Strength Change	Matrix 1	2.036787298793739	FALSE	FALSE	FALSE	FALSE
loop_11740	down_in_mutant	-0.344731349940149	2.00970957379328e-5	Poised_Enhancer	Poised_Enhancer	254999	204999	204999	Split	Matrix 1	2.6474146376670165	FALSE	FALSE	FALSE	FALSE
loop_9554	up_in_mutant	0.32155627627194	0.0034223313618301	Other	Polycomb	134999	19999	19999	Shifted	Matrix 2	-2.389828024921819	FALSE	TRUE	TRUE	TRUE
loop_9586	up_in_mutant	0.341732315869553	0.002816483989183	Polycomb	Polycomb	1234999	1164999	1164999	Strength Change	Matrix 1	2.1817473593944015	FALSE	FALSE	FALSE	FALSE
loop_11825	down_in_mutant	-0.414322966384706	6.56174643023815e-5	Active_Enhancer	Active_Enhancer	0	84999	0	Split	Matrix 1	2.6955076910380584	TRUE	TRUE	TRUE	TRUE
loop_12002	up_in_mutant	0.510638959462082	1.77621022325217e-5	Other	Other	254999	174999	174999	Merge	Matrix 2	-2.540126115974666	FALSE	FALSE	FALSE	FALSE
loop_9645	down_in_mutant	-0.314272484879308	0.0192122670943843	Poised_Enhancer	Other	9999	324999	9999	Shifted	Matrix 1	3.704223633019378	TRUE	TRUE	TRUE	TRUE
loop_9657	up_in_mutant	0.343544852878036	0.0163917081595074	Polycomb	Polycomb	464999	124999	124999	Complex	Matrix 1	2.1958261017815217	FALSE	FALSE	FALSE	FALSE
loop_9665	up_in_mutant	0.327795596824896	0.0165613815504227	Polycomb	Polycomb	84999	24999	24999	Merge	Matrix 2	-2.1719042583047368	FALSE	TRUE	TRUE	TRUE
loop_11875	up_in_mutant	0.329558557902776	9.955288920722e-4	Other	Other	74999	0	0	Complex	Matrix 2	-3.669721240094786	TRUE	TRUE	TRUE	TRUE
loop_11893	down_in_mutant	-0.338888785343663	0.0011569565743949	Active_Enhancer	Active_Enhancer	224999	114999	114999	Strength Change	Matrix 1	2.023455445070758	FALSE	FALSE	FALSE	FALSE
loop_11980	up_in_mutant	0.350560862035035	5.421864452165e-4	Polycomb	Polycomb	144999	0	0	Merge	Matrix 2	-3.771481226858045	TRUE	TRUE	TRUE	TRUE
loop_9713	up_in_mutant	0.452259391605008	0.0137023238275033	Active_Enhancer	Active_Promoter	19999	84999	19999	Merge	Matrix 2	-3.1624336297021816	FALSE	TRUE	TRUE	TRUE
loop_11934	up_in_mutant	0.444377306982187	1.712103464991e-4	Polycomb	Polycomb	254999	204999	204999	Merge	Matrix 2	-2.397477575258006	FALSE	FALSE	FALSE	FALSE
loop_11931	down_in_mutant	-0.396532717218427	6.354987107604e-4	Poised_Enhancer	Polycomb	114999	214999	114999	Strength Change	Matrix 2	-3.0464391376604576	FALSE	FALSE	FALSE	FALSE
loop_12019	down_in_mutant	-0.339525973927819	0.0079323849998254	Poised_Enhancer	Active_Enhancer	14999	864999	14999	Strength Change	Matrix 2	-2.0146144386012135	FALSE	TRUE	TRUE	TRUE
loop_9790	down_in_mutant	-0.333866679699575	0.0063305105845788	Poised_Enhancer	Other	204999	274999	204999	Split	Matrix 1	3.2670987954403596	FALSE	FALSE	FALSE	FALSE
loop_9860	up_in_mutant	0.367457547855563	0.0014005016439822	Poised_Enhancer	Other	124999	0	0	Strength Change	Matrix 2	-2.2860393651763316	TRUE	TRUE	TRUE	TRUE
loop_9863	down_in_mutant	-0.33488290181181	0.0090710976649029	Active_Enhancer	Active_Enhancer	154999	34999	34999	Strength Change	Matrix 1	3.784191364947651	FALSE	FALSE	TRUE	TRUE
loop_9900	up_in_mutant	0.341596037762811	0.012477448323499	Poised_Enhancer	Other	449999	0	0	Shifted	Matrix 1	4.103722485733357	TRUE	TRUE	TRUE	TRUE
loop_9908	up_in_mutant	0.360086767034448	0.002816483989183	Poised_Enhancer	Other	369999	284999	284999	Complex	Matrix 2	-2.124847128683777	FALSE	FALSE	FALSE	FALSE
loop_12310	up_in_mutant	0.387617209667053	3.05982770416201e-5	Poised_Enhancer	Poised_Enhancer	304999	144999	144999	Merge	Matrix 2	-2.8400968315047943	FALSE	FALSE	FALSE	FALSE
loop_12413	up_in_mutant	0.411586171633455	1.401005045069e-4	Other	Other	0	0	0	Strength Change	Matrix 2	-3.0202945536531014	TRUE	TRUE	TRUE	TRUE
loop_9938	up_in_mutant	0.342363800576213	0.004789085760411	Other	Other	94999	44999	44999	Strength Change	Matrix 2	-2.2602613466338863	FALSE	FALSE	TRUE	TRUE
loop_12304	up_in_mutant	0.3250060216867	3.236044399047e-4	Other	Poised_Enhancer	294999	494999	294999	Strength Change	Matrix 1	2.7737339640448733	FALSE	FALSE	FALSE	FALSE
loop_10027	up_in_mutant	0.357724442788552	8.313291004954e-4	Polycomb	Poised_Enhancer	99999	9999	9999	Complex	Matrix 2	-2.0466185213216805	TRUE	TRUE	TRUE	TRUE
loop_10091	down_in_mutant	-0.384995817076615	0.0045521924208484	Poised_Enhancer	Other	119999	174999	119999	Merge	Matrix 2	-2.0408685106955655	FALSE	FALSE	FALSE	FALSE
loop_10097	up_in_mutant	0.377472878548311	0.0028593790565232	Other	Poised_Enhancer	209999	304999	209999	Merge	Matrix 2	-2.1893478511044653	FALSE	FALSE	FALSE	FALSE
loop_12502	up_in_mutant	0.564354034537121	2.93193231433871e-6	Poised_Enhancer	Other	84999	204999	84999	Complex	Matrix 2	-9.767272954098924	FALSE	FALSE	FALSE	TRUE
loop_12619	up_in_mutant	0.387514217796483	3.419104194394e-4	Poised_Enhancer	Other	4999	214999	4999	Merge	Matrix 2	-2.5186756963878363	TRUE	TRUE	TRUE	TRUE
loop_10151	up_in_mutant	0.397555679460399	0.0059871264538635	Poised_Enhancer	Other	514999	179999	179999	Split	Matrix 1	2.325396834686148	FALSE	FALSE	FALSE	FALSE
loop_10166	down_in_mutant	-0.389859765256311	0.0053264634142938	Poised_Enhancer	Active_Enhancer	44999	9999	9999	Merge	Matrix 2	-2.678104479451829	TRUE	TRUE	TRUE	TRUE
loop_12409	up_in_mutant	0.30991507691322	3.896080186717e-4	Polycomb	Polycomb	0	4999	0	Shifted	Matrix 2	-3.6387128504140342	TRUE	TRUE	TRUE	TRUE
loop_10199	up_in_mutant	0.481490658141056	0.0049474664804606	Other	Active_Enhancer	404999	329999	329999	Strength Change	Matrix 2	-2.1809407000971626	FALSE	FALSE	FALSE	FALSE
loop_10203	down_in_mutant	-0.351139986469244	0.0165741895723943	Poised_Enhancer	Poised_Enhancer	0	174999	0	Complex	Matrix 1	2.907908806696472	TRUE	TRUE	TRUE	TRUE
loop_12473	up_in_mutant	0.302149948239704	0.0023088195591801	Polycomb	Poised_Enhancer	0	494999	0	Strength Change	Matrix 2	-2.352200021221168	TRUE	TRUE	TRUE	TRUE
loop_10207	up_in_mutant	0.491794722199962	0.0038101550368688	Repressed_Promoter	Other	0	329999	0	Shifted	Matrix 2	-4.861158131477241	TRUE	TRUE	TRUE	TRUE
loop_12524	up_in_mutant	0.328934653862953	3.289089096797e-4	Other	Other	0	44999	0	Strength Change	Matrix 2	-5.741534374518184	TRUE	TRUE	TRUE	TRUE
loop_12439	up_in_mutant	0.301984559473026	8.997322092564e-4	Poised_Enhancer	Repressed_Promoter	544999	434999	434999	Complex	Matrix 2	-2.124847128683777	FALSE	FALSE	FALSE	FALSE
loop_12610	up_in_mutant	0.456584404595133	5.14748405098683e-5	Polycomb	Other	64999	104999	64999	Strength Change	Matrix 2	-2.2860393651763316	FALSE	FALSE	FALSE	TRUE
loop_10232	up_in_mutant	0.36767910692508	0.0036750246796332	Other	Other	224999	139999	139999	Strength Change	Matrix 2	-2.212528143890182	FALSE	FALSE	FALSE	FALSE
loop_10236	down_in_mutant	-0.430387276801821	0.019941264053234	Other	Other	39999	204999	39999	Complex	Matrix 2	-10.602625586721892	FALSE	FALSE	TRUE	TRUE
loop_19443	up_in_mutant	0.324179058563735	4.622527243763e-4	Poised_Enhancer	Polycomb	384999	234999	234999	Split	Matrix 1	2.2425483385540925	FALSE	FALSE	FALSE	FALSE
loop_12637	up_in_mutant	0.330899927210844	2.232499008381e-4	Repressed_Promoter	Other	14999	74999	14999	Complex	Matrix 2	-2.132523186427082	FALSE	TRUE	TRUE	TRUE
loop_10245	up_in_mutant	0.339602804660268	0.0089460118509085	Other	Other	209999	274999	209999	Merge	Matrix 2	-3.3901226405614797	FALSE	FALSE	FALSE	FALSE
loop_10247	down_in_mutant	-0.377049463526513	0.0210532143045522	Poised_Enhancer	Polycomb	49999	89999	49999	Shifted	Matrix 2	-4.963731664297909	FALSE	FALSE	TRUE	TRUE
loop_12527	up_in_mutant	0.568270877255239	7.58713743508368e-7	Repressed_Promoter	Other	0	104999	0	Shifted	Matrix 2	-3.9366988751512695	TRUE	TRUE	TRUE	TRUE
loop_10252	up_in_mutant	0.315888738296754	0.0224398209797426	Poised_Enhancer	Other	119999	124999	119999	Merge	Matrix 2	-2.0408685106955655	FALSE	FALSE	FALSE	FALSE
loop_12605	up_in_mutant	0.340881765502683	6.178779376761e-4	Other	Other	504999	4999	4999	Merge	Matrix 2	-2.244403858177549	TRUE	TRUE	TRUE	TRUE
loop_12651	up_in_mutant	0.386116018883104	5.50314405009791e-5	Other	Other	204999	254999	204999	Strength Change	Matrix 2	-2.084130964286592	FALSE	FALSE	FALSE	FALSE
loop_12680	up_in_mutant	0.375265717517455	0.0021907855139116	Polycomb	Other	104999	94999	94999	Complex	Matrix 2	-2.728507749164519	FALSE	FALSE	FALSE	TRUE
loop_12672	up_in_mutant	0.303926395947826	0.0067684516018981	Poised_Enhancer	Other	564999	634999	564999	Complex	Matrix 2	-3.5619962196608608	FALSE	FALSE	FALSE	FALSE
loop_10293	up_in_mutant	0.586863012710763	0.0247251321876293	Poised_Enhancer	Active_Enhancer	119999	404999	119999	Complex	Matrix 2	-3.5619962196608608	FALSE	FALSE	FALSE	FALSE
loop_12733	up_in_mutant	0.30120296738338	0.0036759753885937	Poised_Enhancer	Other	244999	344999	244999	Split	Matrix 1	2.100593003589286	FALSE	FALSE	FALSE	FALSE
loop_12813	up_in_mutant	0.401942830685575	3.275313930712e-4	Other	Other	0	164999	0	Merge	Matrix 2	-2.177150545338258	TRUE	TRUE	TRUE	TRUE
loop_12625	up_in_mutant	0.420238122863138	1.64361213969897e-5	Polycomb	Repressed_Promoter	304999	114999	114999	Shifted	Matrix 2	-3.9366988751512695	FALSE	FALSE	FALSE	FALSE
loop_12707	up_in_mutant	0.348706285583977	0.0010835149120923	Other	Polycomb	114999	194999	114999	Strength Change	Matrix 2	-2.2259089442993423	FALSE	FALSE	FALSE	FALSE
loop_12696	down_in_mutant	-0.487062228529982	0.0010485716124667	Other	Other	144999	4999	4999	Strength Change	Matrix 1	3.4998356484908015	TRUE	TRUE	TRUE	TRUE
loop_12666	up_in_mutant	0.375575380075923	6.246405826659e-4	Other	Polycomb	524999	714999	524999	Shifted	Matrix 1	4.482513993455282	FALSE	FALSE	FALSE	FALSE
loop_10366	up_in_mutant	0.328609775882984	0.0021905025401714	Other	Other	389999	329999	329999	Merge	Matrix 2	-2.3968710421928696	FALSE	FALSE	FALSE	FALSE
loop_10396	up_in_mutant	0.426575656734989	5.531083485874e-4	Other	Poised_Enhancer	224999	284999	224999	Merge	Matrix 2	-2.222784650005156	FALSE	FALSE	FALSE	FALSE
loop_10413	down_in_mutant	-0.351779868325041	0.0097205251583182	Active_Enhancer	Poised_Enhancer	29999	94999	29999	Complex	Matrix 1	3.4570819304993616	FALSE	FALSE	TRUE	TRUE
loop_10446	down_in_mutant	-0.403896233569596	0.0065884665718211	Active_Enhancer	Active_Enhancer	0	54999	0	Strength Change	Matrix 1	5.306589051160387	TRUE	TRUE	TRUE	TRUE
loop_10460	down_in_mutant	-0.33353658116916	0.0165741895723943	Other	Active_Enhancer	84999	0	0	Strength Change	Matrix 1	2.609891285292683	TRUE	TRUE	TRUE	TRUE
loop_10464	down_in_mutant	-0.468489903924106	0.0020353503058804	Other	Other	89999	4999	4999	Strength Change	Matrix 2	-2.1547211273834064	TRUE	TRUE	TRUE	TRUE
loop_10466	down_in_mutant	-0.325121728068758	0.0090279570325212	Other	Other	39999	14999	14999	Shifted	Matrix 1	2.2960920465059993	FALSE	TRUE	TRUE	TRUE
loop_13072	up_in_mutant	0.346466705759157	0.0029826171205333	Polycomb	Other	74999	374999	74999	Split	Matrix 1	2.3997234903375873	FALSE	FALSE	FALSE	TRUE
loop_10488	down_in_mutant	-0.309943097664911	0.0147351488479796	Active_Promoter	Active_Promoter	199999	79999	79999	Shifted	Matrix 2	-3.0025986095751067	FALSE	FALSE	FALSE	TRUE
loop_12981	up_in_mutant	0.384822473650711	6.02597690397005e-5	Polycomb	Repressed_Promoter	104999	0	0	Merge	Matrix 2	-2.6581238688932753	TRUE	TRUE	TRUE	TRUE
loop_10518	down_in_mutant	-0.366120581017234	0.0154955453536467	Active_Enhancer	Active_Enhancer	574999	629999	574999	Split	Matrix 1	2.5333600955740287	FALSE	FALSE	FALSE	FALSE
loop_10523	up_in_mutant	0.300379964711078	0.0134540180275302	Bivalent_Promoter	Other	159999	404999	159999	Strength Change	Matrix 2	-2.3553804568115684	FALSE	FALSE	FALSE	FALSE
loop_13104	up_in_mutant	0.347689902100943	3.088451708974e-4	Polycomb	Polycomb	0	504999	0	Merge	Matrix 2	-3.04536100363484	TRUE	TRUE	TRUE	TRUE
loop_13114	up_in_mutant	0.469613680965118	1.03773045475256e-5	Other	Poised_Enhancer	454999	334999	334999	Shifted	Matrix 1	2.6417088639076023	FALSE	FALSE	FALSE	FALSE
loop_13039	down_in_mutant	-0.346410169827354	0.0043611755077165	Active_Enhancer	Active_Promoter	0	0	0	Strength Change	Matrix 1	5.306589051160387	TRUE	TRUE	TRUE	TRUE
loop_22026	up_in_mutant	0.332798741760156	4.756079971463e-4	Poised_Enhancer	Bivalent_Promoter	364999	0	0	Merge	Matrix 2	-3.143934085421741	TRUE	TRUE	TRUE	TRUE
loop_10555	down_in_mutant	-0.367784841256926	0.0122429145067475	Other	Active_Enhancer	0	29999	0	Complex	Matrix 1	6.250346064137085	TRUE	TRUE	TRUE	TRUE
loop_10556	down_in_mutant	-0.341115714485806	0.0251054111008995	Active_Enhancer	Poised_Enhancer	149999	0	0	Complex	Matrix 1	3.4173895887551504	TRUE	TRUE	TRUE	TRUE
loop_13088	up_in_mutant	0.308849274073665	0.0027081471557925	Poised_Enhancer	Other	194999	164999	164999	Strength Change	Matrix 2	-3.0637183807271073	FALSE	FALSE	FALSE	FALSE
loop_1701	up_in_mutant	0.41915538296448	3.09856435339299e-5	Other	Other	114999	14999	14999	Merge	Matrix 2	-2.6581238688932753	FALSE	TRUE	TRUE	TRUE
loop_10608	up_in_mutant	0.380183328486813	0.009537391502747	Other	Other	0	134999	0	Shifted	Matrix 2	-3.4948806631441194	TRUE	TRUE	TRUE	TRUE
loop_13165	up_in_mutant	0.464906759357105	4.92912475542331e-5	Other	Other	184999	74999	74999	Merge	Matrix 2	-2.773392658773369	FALSE	FALSE	FALSE	TRUE
loop_13219	down_in_mutant	-0.3448697674357	0.0013583720542738	Other	Poised_Enhancer	204999	194999	194999	Merge	Matrix 2	-3.021313812437632	FALSE	FALSE	FALSE	FALSE
loop_13248	up_in_mutant	0.469050580952868	2.092856416884e-4	Other	Poised_Enhancer	44999	34999	34999	Split	Matrix 1	2.175786172175266	FALSE	FALSE	TRUE	TRUE
loop_13209	up_in_mutant	0.445703226285706	3.3019360031751e-5	Other	Other	44999	0	0	Shifted	Matrix 2	-2.688858833028408	TRUE	TRUE	TRUE	TRUE
loop_13146	up_in_mutant	0.300091771101875	0.0012040204723109	Other	Other	394999	164999	164999	Merge	Matrix 2	-3.143934085421741	FALSE	FALSE	FALSE	FALSE
loop_13452	down_in_mutant	-0.400584554140218	3.755840423094e-4	Other	Other	14999	154999	14999	Split	Matrix 1	2.331020547970709	FALSE	TRUE	TRUE	TRUE
loop_21090	up_in_mutant	0.404499872588381	4.97081902801563e-5	Poised_Enhancer	Polycomb	124999	334999	124999	Strength Change	Matrix 2	-5.9964513118404135	FALSE	FALSE	FALSE	FALSE
loop_10836	up_in_mutant	0.365803818871562	0.013809766943126	Polycomb	Polycomb	74999	0	0	Complex	Matrix 2	-4.656822909478795	TRUE	TRUE	TRUE	TRUE
loop_13509	up_in_mutant	0.322623730404163	3.185645984183e-4	Polycomb	Other	24999	4999	4999	Complex	Matrix 2	-3.277981797381721	TRUE	TRUE	TRUE	TRUE
loop_10848	up_in_mutant	0.43445735337489	0.0075105335807239	Other	Poised_Enhancer	444999	334999	334999	Strength Change	Matrix 2	-3.9746138241981814	FALSE	FALSE	FALSE	FALSE
loop_10860	down_in_mutant	-0.34106644633425	0.0201273699889714	Other	Poised_Enhancer	124999	364999	124999	Merge	Matrix 2	-2.6959332967706806	FALSE	FALSE	FALSE	FALSE
loop_10892	up_in_mutant	0.301706399851555	0.0095439472648872	Other	Repressed_Promoter	4999	59999	4999	Strength Change	Matrix 2	-2.2648148759658944	TRUE	TRUE	TRUE	TRUE
loop_13649	up_in_mutant	0.320420223921431	3.18071522105e-4	Other	Polycomb	64999	104999	64999	Strength Change	Matrix 1	2.947292972414587	FALSE	FALSE	FALSE	TRUE
loop_13638	down_in_mutant	-0.341513712695852	7.76705542782673e-5	Bivalent_Promoter	Active_Enhancer	104999	0	0	Split	Matrix 1	4.962492040059535	TRUE	TRUE	TRUE	TRUE
loop_13741	down_in_mutant	-0.315124448620195	8.918732337648e-4	Other	Other	164999	0	0	Split	Matrix 1	2.5005823578002	TRUE	TRUE	TRUE	TRUE
loop_12748	up_in_mutant	0.326174675971923	1.072144786012e-4	Repressed_Promoter	Polycomb	0	344999	0	Merge	Matrix 2	-3.5311913014067597	TRUE	TRUE	TRUE	TRUE
loop_13906	up_in_mutant	0.521296490129072	3.02875082049036e-6	Other	Other	144999	34999	34999	Strength Change	Matrix 2	-2.2453232741353744	FALSE	FALSE	TRUE	TRUE
loop_11013	up_in_mutant	0.302828141524952	0.0202003112604514	Poised_Enhancer	Other	49999	0	0	Complex	Matrix 1	2.372128515512182	TRUE	TRUE	TRUE	TRUE
loop_11021	up_in_mutant	0.301807761103756	0.0223711156968674	Other	Other	9999	164999	9999	Split	Matrix 1	2.8842197895021515	TRUE	TRUE	TRUE	TRUE
loop_13849	up_in_mutant	0.39213244444333	8.8844604722775e-6	Other	Other	0	44999	0	Merge	Matrix 2	-4.451471085257267	TRUE	TRUE	TRUE	TRUE
loop_11064	down_in_mutant	-0.387839985538879	0.013807743742146	Active_Enhancer	Active_Enhancer	334999	209999	209999	Strength Change	Matrix 1	3.2549362143450233	FALSE	FALSE	FALSE	FALSE
loop_11070	up_in_mutant	0.527523130439401	1.418300135688e-4	Other	Other	194999	249999	194999	Split	Matrix 1	3.0692686126461317	FALSE	FALSE	FALSE	FALSE
loop_11090	up_in_mutant	0.336057418060216	0.0132356672268413	Poised_Enhancer	Poised_Enhancer	84999	79999	79999	Merge	Matrix 2	-2.217939351117985	FALSE	FALSE	FALSE	TRUE
loop_11095	up_in_mutant	0.350250665629197	0.0027118912699043	Polycomb	Poised_Enhancer	469999	429999	429999	Strength Change	Matrix 1	2.554057710772092	FALSE	FALSE	FALSE	FALSE
loop_13910	up_in_mutant	0.360993031883069	6.2355993654228e-5	Polycomb	Other	74999	0	0	Complex	Matrix 2	-3.1475017591056775	TRUE	TRUE	TRUE	TRUE
loop_11106	up_in_mutant	0.311679907477513	0.0086540197288372	Other	Polycomb	94999	34999	34999	Strength Change	Matrix 1	2.196023023057928	FALSE	FALSE	TRUE	TRUE
loop_11121	up_in_mutant	0.351841385953235	0.018241328143512	Other	Poised_Enhancer	264999	149999	149999	Merge	Matrix 2	-3.2505829635160657	FALSE	FALSE	FALSE	FALSE
loop_13890	up_in_mutant	0.37558960622533	3.14224082486974e-5	Other	Other	484999	884999	484999	Strength Change	Matrix 1	2.9013905669604063	FALSE	FALSE	FALSE	FALSE
loop_11145	up_in_mutant	0.309940871338959	0.0136782153514376	Active_Enhancer	Poised_Enhancer	144999	344999	144999	Strength Change	Matrix 2	-2.156046538174843	FALSE	FALSE	FALSE	FALSE
loop_11146	up_in_mutant	0.357578330201712	0.0049605149833646	Poised_Enhancer	Poised_Enhancer	109999	0	0	Strength Change	Matrix 2	-3.251432343462868	TRUE	TRUE	TRUE	TRUE
loop_11158	down_in_mutant	-0.311978488937969	0.0091607217058221	Poised_Enhancer	Active_Enhancer	529999	609999	529999	Split	Matrix 1	2.6868627754877017	FALSE	FALSE	FALSE	FALSE
loop_11160	up_in_mutant	0.323470548108855	0.0076377706822058	Poised_Enhancer	Repressed_Promoter	64999	4999	4999	Strength Change	Matrix 2	-2.3966602747440193	TRUE	TRUE	TRUE	TRUE
loop_11176	up_in_mutant	0.335889319108541	0.0093223379966857	Repressed_Promoter	Polycomb	99999	149999	99999	Strength Change	Matrix 1	2.1112246554385985	FALSE	FALSE	FALSE	TRUE
loop_11193	down_in_mutant	-0.409502853781457	0.0190865838896892	Poised_Enhancer	Active_Promoter	84999	244999	84999	Merge	Matrix 2	-2.217939351117985	FALSE	FALSE	FALSE	TRUE
loop_14142	up_in_mutant	0.354640931922773	1.244685600245e-4	Other	Other	214999	204999	204999	Strength Change	Matrix 2	-2.78473026141064	FALSE	FALSE	FALSE	FALSE
loop_14036	up_in_mutant	0.353591049823947	0.0011986528141615	Poised_Enhancer	Poised_Enhancer	354999	164999	164999	Strength Change	Matrix 1	3.3282179929753357	FALSE	FALSE	FALSE	FALSE
loop_11241	up_in_mutant	0.386719663993784	0.0024495947698548	Other	Other	64999	0	0	Strength Change	Matrix 1	2.947292972414587	TRUE	TRUE	TRUE	TRUE
loop_14080	up_in_mutant	0.440491719600192	2.64891885396266e-5	Polycomb	Other	74999	134999	74999	Complex	Matrix 2	-3.2884809013087386	FALSE	FALSE	FALSE	TRUE
loop_11278	up_in_mutant	0.328380159902535	0.0081272107899657	Other	Polycomb	219999	244999	219999	Shifted	Matrix 2	-3.3435929442796852	FALSE	FALSE	FALSE	FALSE
loop_14128	up_in_mutant	0.414579506810805	0.001495362064017	Polycomb	Other	114999	34999	34999	Merge	Matrix 2	-2.793634964906236	FALSE	FALSE	TRUE	TRUE
loop_13944	up_in_mutant	0.474132909185857	4.10411974264608e-6	Active_Promoter	Other	0	114999	0	Complex	Matrix 2	-3.01220330746844	TRUE	TRUE	TRUE	TRUE
loop_13991	up_in_mutant	0.432980814169034	1.68106661628685e-5	Polycomb	Other	494999	404999	404999	Strength Change	Matrix 2	-2.5415712543593307	FALSE	FALSE	FALSE	FALSE
loop_11355	down_in_mutant	-0.457150227524593	0.0137341116630258	Other	Poised_Enhancer	619999	109999	109999	Strength Change	Matrix 1	3.2549362143450233	FALSE	FALSE	FALSE	FALSE
loop_14263	up_in_mutant	0.494301253971309	4.55125019463918e-5	Poised_Enhancer	Poised_Enhancer	144999	44999	44999	Strength Change	Matrix 2	-2.5170992037847713	FALSE	FALSE	TRUE	TRUE
loop_13966	up_in_mutant	0.418663788342541	4.39190496800518e-5	Other	Other	394999	544999	394999	Strength Change	Matrix 2	-2.252753618031341	FALSE	FALSE	FALSE	FALSE
loop_14177	down_in_mutant	-0.3002292629304	0.0047914946652797	Other	Poised_Enhancer	124999	124999	124999	Shifted	Matrix 1	2.0169873465011885	FALSE	FALSE	FALSE	FALSE
loop_14065	down_in_mutant	-0.420876843593852	1.812379486588e-4	Poised_Enhancer	Other	114999	0	0	Split	Matrix 1	2.5005823578002	TRUE	TRUE	TRUE	TRUE
loop_14068	up_in_mutant	0.354361006521804	6.738363189204e-4	Poised_Enhancer	Poised_Enhancer	94999	354999	94999	Strength Change	Matrix 2	-2.252753618031341	FALSE	FALSE	FALSE	TRUE
loop_14264	up_in_mutant	0.540603347081185	1.56897522131108e-6	Polycomb	Other	14999	114999	14999	Complex	Matrix 2	-2.0931783913899378	FALSE	TRUE	TRUE	TRUE
loop_11407	up_in_mutant	0.388476609973065	0.0032480546833061	Poised_Enhancer	Active_Promoter	149999	0	0	Shifted	Matrix 2	-3.3435929442796852	TRUE	TRUE	TRUE	TRUE
loop_14105	up_in_mutant	0.568191014016692	1.78515973396842e-6	Polycomb	Polycomb	0	44999	0	Complex	Matrix 2	-2.602744998783892	TRUE	TRUE	TRUE	TRUE
loop_11452	up_in_mutant	0.358064570643652	0.0274706084430277	Other	Other	0	29999	0	Complex	Matrix 2	-7.176338802065655	TRUE	TRUE	TRUE	TRUE
loop_14192	up_in_mutant	0.327688126734073	4.568772996086e-4	Other	Other	154999	0	0	Complex	Matrix 2	-3.1475017591056775	TRUE	TRUE	TRUE	TRUE
loop_14242	up_in_mutant	0.458822811712703	6.87049644561236e-5	Polycomb	Other	444999	414999	414999	Split	Matrix 1	2.8672190938800757	FALSE	FALSE	FALSE	FALSE
loop_14204	up_in_mutant	0.48246100891113	2.70086165879585e-6	Poised_Enhancer	Polycomb	0	64999	0	Complex	Matrix 2	-2.5630539651714006	TRUE	TRUE	TRUE	TRUE
loop_14365	up_in_mutant	0.681555948308967	3.3019360031751e-5	Polycomb	Repressed_Promoter	184999	0	0	Complex	Matrix 2	-2.092867581680692	TRUE	TRUE	TRUE	TRUE
loop_14386	up_in_mutant	0.808391790898773	2.54156556934787e-7	Polycomb	Repressed_Promoter	54999	194999	54999	Strength Change	Matrix 2	-2.273713156772252	FALSE	FALSE	FALSE	TRUE
loop_11501	down_in_mutant	-0.436371769063497	0.0193392297562419	Other	Other	29999	24999	24999	Strength Change	Matrix 1	2.03230431555602	FALSE	TRUE	TRUE	TRUE
loop_14298	up_in_mutant	0.363908711571532	6.695222101311e-4	Other	Other	334999	414999	334999	Shifted	Matrix 1	12.052311002888494	FALSE	FALSE	FALSE	FALSE
loop_11521	up_in_mutant	0.427712741455067	0.0043981008643151	Other	Other	214999	359999	214999	Merge	Matrix 2	-3.55043369133057	FALSE	FALSE	FALSE	FALSE
loop_14376	down_in_mutant	-0.600557249280095	2.26258547217019e-5	Other	Other	564999	314999	314999	Merge	Matrix 2	-2.231084264382743	FALSE	FALSE	FALSE	FALSE
loop_11537	up_in_mutant	0.388801570487711	0.0169078681784647	Other	Other	129999	49999	49999	Complex	Matrix 2	-4.5817948707376726	FALSE	FALSE	TRUE	TRUE
loop_11538	up_in_mutant	0.316788459136801	0.0206311048540542	Poised_Enhancer	Repressed_Promoter	119999	19999	19999	Split	Matrix 1	2.0191845430599997	FALSE	TRUE	TRUE	TRUE
loop_11542	up_in_mutant	0.497110977566354	0.0020070478093704	Other	Repressed_Promoter	674999	549999	549999	Strength Change	Matrix 2	-2.367819261780378	FALSE	FALSE	FALSE	FALSE
loop_14438	down_in_mutant	-0.619192147317801	3.597607108867e-4	Repressed_Promoter	Repressed_Promoter	0	624999	0	Strength Change	Matrix 2	-2.08275547105523	TRUE	TRUE	TRUE	TRUE
loop_14474	up_in_mutant	0.402732624089316	0.0038674432313556	Polycomb	Other	0	34999	0	Strength Change	Matrix 1	2.3325670096152074	TRUE	TRUE	TRUE	TRUE
loop_11566	up_in_mutant	0.318548175924021	0.0133275395946023	Poised_Enhancer	Polycomb	29999	0	0	Merge	Matrix 2	-4.053314421650652	TRUE	TRUE	TRUE	TRUE
loop_11572	up_in_mutant	0.509922455545203	0.0026798702099838	Other	Polycomb	0	0	0	Merge	Matrix 2	-3.763075932129774	TRUE	TRUE	TRUE	TRUE
loop_11621	up_in_mutant	0.522620541278314	0.0026262863962556	Other	Other	NA	NA	NA	NA	NA	NA	NA	NA	NA	NA
loop_14629	up_in_mutant	0.543110931336826	2.87997538559923e-5	Other	Other	NA	NA	NA	NA	NA	NA	NA	NA	NA	NA
loop_14656	up_in_mutant	0.493641247912845	0.0014291067769106	Repressed_Promoter	Polycomb	NA	NA	NA	NA	NA	NA	NA	NA	NA	NA
loop_14641	up_in_mutant	0.536795685113934	7.852542451953e-4	Other	Other	NA	NA	NA	NA	NA	NA	NA	NA	NA	NA
loop_11732	down_in_mutant	-0.338006937339985	0.0134327265498722	Active_Enhancer	Active_Enhancer	44999	0	0	Strength Change	Matrix 1	2.8975587572493926	TRUE	TRUE	TRUE	TRUE
loop_11741	down_in_mutant	-0.313264685170645	0.0081272107899657	Active_Enhancer	Active_Promoter	179999	219999	179999	Complex	Matrix 2	-2.017895941733277	FALSE	FALSE	FALSE	FALSE
loop_11757	up_in_mutant	0.331356305956822	0.0034223313618301	Other	Other	454999	584999	454999	Merge	Matrix 2	-3.0723106429410914	FALSE	FALSE	FALSE	FALSE
loop_15029	down_in_mutant	-0.38044555859274	0.0014306878002247	Poised_Enhancer	Poised_Enhancer	134999	0	0	Strength Change	Matrix 1	3.050947632052575	TRUE	TRUE	TRUE	TRUE
loop_11885	up_in_mutant	0.327844082915205	0.0093223379966857	Poised_Enhancer	Poised_Enhancer	254999	164999	164999	Strength Change	Matrix 2	-2.03078127268282	FALSE	FALSE	FALSE	FALSE
loop_11917	up_in_mutant	0.454292599351586	0.0015459930880652	Poised_Enhancer	Other	114999	44999	44999	Split	Matrix 1	2.2532026370742138	FALSE	FALSE	TRUE	TRUE
loop_11920	down_in_mutant	-0.390014970314244	0.0118671348522153	Active_Enhancer	Active_Promoter	304999	389999	304999	Merge	Matrix 2	-4.583187034931179	FALSE	FALSE	FALSE	FALSE
loop_15086	up_in_mutant	0.374309370590565	0.0012240895388089	Repressed_Promoter	Other	144999	0	0	Split	Matrix 1	2.4598364902779286	TRUE	TRUE	TRUE	TRUE
loop_14973	down_in_mutant	-0.346917232170608	3.094793138565e-4	Active_Promoter	Active_Enhancer	0	0	0	Strength Change	Matrix 1	2.6339215423245332	TRUE	TRUE	TRUE	TRUE
loop_14960	up_in_mutant	0.321124509690147	6.694089507019e-4	Repressed_Promoter	Polycomb	334999	214999	214999	Split	Matrix 1	2.2532026370742138	FALSE	FALSE	FALSE	FALSE
loop_15144	up_in_mutant	0.394293574312413	3.340909577808e-4	Other	Poised_Enhancer	94999	0	0	Complex	Matrix 2	-3.723232611302987	TRUE	TRUE	TRUE	TRUE
loop_11986	up_in_mutant	0.304125715760291	0.0148989545897574	Other	Other	219999	379999	219999	Strength Change	Matrix 1	3.0232187419630665	FALSE	FALSE	FALSE	FALSE
loop_15027	down_in_mutant	-0.394671706464381	4.806398676794e-4	Active_Enhancer	Active_Enhancer	0	0	0	Strength Change	Matrix 1	2.0267472794018446	TRUE	TRUE	TRUE	TRUE
loop_12019	down_in_mutant	-0.602496135152088	0.0075350004046885	Poised_Enhancer	Other	549999	429999	429999	Merge	Matrix 2	-3.5921114007144967	FALSE	FALSE	FALSE	FALSE
loop_12035	up_in_mutant	0.333059520341928	0.0200085302616487	Poised_Enhancer	Poised_Enhancer	0	154999	0	Strength Change	Matrix 1	3.037774182918304	TRUE	TRUE	TRUE	TRUE
loop_12039	down_in_mutant	-0.302131254739575	0.0132915675900754	Other	Poised_Enhancer	769999	204999	204999	Shifted	Matrix 2	-2.474053786351721	FALSE	FALSE	FALSE	FALSE
loop_12073	up_in_mutant	0.498104160699776	0.0057212093809887	Other	Poised_Enhancer	109999	154999	109999	Strength Change	Matrix 1	3.037774182918304	FALSE	FALSE	FALSE	FALSE
loop_15107	up_in_mutant	0.479534301969259	2.40482192384337e-5	Repressed_Promoter	Polycomb	34999	244999	34999	Complex	Matrix 1	2.815864748509158	FALSE	FALSE	TRUE	TRUE
loop_15314	up_in_mutant	0.454173607732839	0.0011019456255042	Poised_Enhancer	Other	14999	54999	14999	Strength Change	Matrix 2	-2.1280625715549695	FALSE	TRUE	TRUE	TRUE
loop_12147	down_in_mutant	-0.496349737351213	0.0015937157447812	Active_Enhancer	Active_Enhancer	0	89999	0	Shifted	Matrix 1	4.636715835628309	TRUE	TRUE	TRUE	TRUE
loop_15419	down_in_mutant	-0.341450239353076	6.430416249234e-4	Other	Poised_Enhancer	224999	34999	34999	Complex	Matrix 2	-2.0233737149735727	FALSE	FALSE	TRUE	TRUE
loop_12190	down_in_mutant	-0.329305759799676	0.012276662330146	Active_Enhancer	Active_Enhancer	644999	689999	644999	Split	Matrix 1	3.097107610934099	FALSE	FALSE	FALSE	FALSE
loop_15574	up_in_mutant	0.366899487738564	2.79737887997e-5	Other	Other	294999	444999	294999	Strength Change	Matrix 2	-2.317523581717255	FALSE	FALSE	FALSE	FALSE
loop_12256	up_in_mutant	0.418440338108868	0.001042669084223	Other	Other	19999	94999	19999	Strength Change	Matrix 1	2.358013206513913	FALSE	TRUE	TRUE	TRUE
loop_12261	down_in_mutant	-0.328830692479268	0.0050231639987019	Active_Enhancer	Active_Promoter	34999	84999	34999	Split	Matrix 1	2.493611066494212	FALSE	FALSE	TRUE	TRUE
loop_12268	down_in_mutant	-0.362938316175377	0.0027118912699043	Poised_Enhancer	Active_Promoter	34999	0	0	Complex	Matrix 1	6.92432592801199	TRUE	TRUE	TRUE	TRUE
loop_12283	down_in_mutant	-0.345955437382909	0.0122609754273034	Other	Other	134999	299999	134999	Strength Change	Matrix 1	2.257209710876516	FALSE	FALSE	FALSE	FALSE
loop_12294	up_in_mutant	0.356267550561191	0.0085723559323138	Other	Poised_Enhancer	924999	814999	814999	Split	Matrix 1	3.0703872633054763	FALSE	FALSE	FALSE	FALSE
loop_15592	up_in_mutant	0.38907404878815	1.401005045069e-4	Other	Polycomb	104999	274999	104999	Strength Change	Matrix 1	2.9143394535379907	FALSE	FALSE	FALSE	FALSE
loop_15642	up_in_mutant	0.351052926865788	1.380545376996e-4	Poised_Enhancer	Other	4999	94999	4999	Strength Change	Matrix 2	-2.317523581717255	TRUE	TRUE	TRUE	TRUE
loop_7605	up_in_mutant	0.309260250271762	1.909991675675e-4	Repressed_Promoter	Polycomb	404999	179999	179999	Complex	Matrix 2	-2.471379414205052	FALSE	FALSE	FALSE	FALSE
loop_12370	up_in_mutant	0.546802900176586	9.40441995482459e-5	Polycomb	Polycomb	524999	574999	524999	Split	Matrix 1	2.824068643092717	FALSE	FALSE	FALSE	FALSE
loop_15564	down_in_mutant	-0.371678264431066	7.897412899546e-4	Active_Enhancer	Active_Enhancer	264999	0	0	Strength Change	Matrix 1	3.720568605323859	TRUE	TRUE	TRUE	TRUE
loop_12377	down_in_mutant	-0.324189196430088	0.0274547903092512	Active_Enhancer	Active_Enhancer	434999	364999	364999	Merge	Matrix 2	-2.1939062009815125	FALSE	FALSE	FALSE	FALSE
loop_12378	down_in_mutant	-0.371799874968384	0.0291979027338117	Active_Promoter	Active_Promoter	284999	434999	284999	Complex	Matrix 2	-2.327053821468936	FALSE	FALSE	FALSE	FALSE
loop_15759	down_in_mutant	-0.376588661751451	0.0023499803679277	Active_Enhancer	Active_Enhancer	0	14999	0	Strength Change	Matrix 1	2.356400553823324	TRUE	TRUE	TRUE	TRUE
loop_12400	down_in_mutant	-0.364126768802381	0.0136782153514376	Active_Promoter	Active_Enhancer	174999	119999	119999	Split	Matrix 1	2.395636416661328	FALSE	FALSE	FALSE	FALSE
loop_15809	up_in_mutant	0.381772320971179	1.081701542595e-4	Other	Other	54999	0	0	Shifted	Matrix 2	-3.3076674431328046	TRUE	TRUE	TRUE	TRUE
loop_12519	up_in_mutant	0.343198208607139	0.0090279570325212	Poised_Enhancer	Poised_Enhancer	94999	204999	94999	Split	Matrix 1	2.493611066494212	FALSE	FALSE	FALSE	TRUE
loop_15870	down_in_mutant	-0.411474937296958	7.997251239207e-4	Active_Enhancer	Other	0	164999	0	Strength Change	Matrix 1	2.356400553823324	TRUE	TRUE	TRUE	TRUE
loop_12544	up_in_mutant	0.393358042115265	0.0204042772353182	Other	Repressed_Promoter	154999	234999	154999	Split	Matrix 1	2.001697947154596	FALSE	FALSE	FALSE	FALSE
loop_15740	up_in_mutant	0.626139588560262	4.49446777177958e-6	Poised_Enhancer	Active_Enhancer	364999	334999	334999	Strength Change	Matrix 1	2.257209710876516	FALSE	FALSE	FALSE	FALSE
loop_14425	down_in_mutant	-0.37529443403347	6.91951560597886e-5	Active_Enhancer	Polycomb	0	29999	0	Strength Change	Matrix 1	2.356400553823324	TRUE	TRUE	TRUE	TRUE
loop_15859	down_in_mutant	-0.439287817625715	8.65847429969411e-5	Active_Enhancer	Poised_Enhancer	14999	34999	14999	Strength Change	Matrix 2	-2.5413962792817593	FALSE	TRUE	TRUE	TRUE
loop_19947	up_in_mutant	0.360255896318671	8.14802466965295e-5	Polycomb	Repressed_Promoter	0	0	0	Shifted	Matrix 2	-12.263689000360412	TRUE	TRUE	TRUE	TRUE
loop_15879	up_in_mutant	0.487151227533806	8.82288064173624e-6	Active_Promoter	Other	64999	214999	64999	Split	Matrix 1	2.5126835640221095	FALSE	FALSE	FALSE	TRUE
loop_12577	down_in_mutant	-0.334267601259158	0.0275483629953353	Active_Promoter	Active_Enhancer	249999	49999	49999	Split	Matrix 1	2.8029158210607044	FALSE	FALSE	TRUE	TRUE
loop_15919	down_in_mutant	-0.367102596920357	0.0053152188153824	Active_Promoter	Other	344999	94999	94999	Strength Change	Matrix 1	2.358013206513913	FALSE	FALSE	FALSE	TRUE
loop_12598	up_in_mutant	0.389142866438009	0.004789085760411	Poised_Enhancer	Poised_Enhancer	394999	79999	79999	Complex	Matrix 2	-3.2669039739418855	FALSE	FALSE	FALSE	TRUE
loop_15878	up_in_mutant	0.479875209847958	1.53766333648656e-5	Polycomb	Other	0	34999	0	Complex	Matrix 2	-15.531442016607434	TRUE	TRUE	TRUE	TRUE
loop_15939	down_in_mutant	-0.369852469661224	0.0021914533570711	Other	Poised_Enhancer	94999	164999	94999	Strength Change	Matrix 1	2.747541566221896	FALSE	FALSE	FALSE	TRUE
loop_15858	down_in_mutant	-0.375487895878596	2.625840976971e-4	Active_Enhancer	Poised_Enhancer	784999	794999	784999	Strength Change	Matrix 2	-3.1890000941582506	FALSE	FALSE	FALSE	FALSE
loop_15912	up_in_mutant	0.52094486867161	1.291494247347e-4	Polycomb	Other	914999	64999	64999	Shifted	Matrix 1	2.3678671793534347	FALSE	FALSE	FALSE	TRUE
loop_16171	down_in_mutant	-0.358386209303954	7.04455419773794e-5	Poised_Enhancer	Repressed_Promoter	0	194999	0	Merge	Matrix 2	-3.2914885478329876	TRUE	TRUE	TRUE	TRUE
loop_12735	up_in_mutant	0.30102261567402	0.0100070962777591	Other	Other	0	84999	0	Strength Change	Matrix 1	2.380261993920279	TRUE	TRUE	TRUE	TRUE
loop_12740	up_in_mutant	0.303022352814043	0.0099136550477718	Repressed_Promoter	Poised_Enhancer	384999	339999	339999	Complex	Matrix 2	-2.8447630231891607	FALSE	FALSE	FALSE	FALSE
loop_12745	up_in_mutant	0.328245878176941	0.0075956309420027	Other	Other	394999	294999	294999	Strength Change	Matrix 2	-2.486855130422738	FALSE	FALSE	FALSE	FALSE
loop_12758	down_in_mutant	-0.349190223027828	0.0259347454462345	Poised_Enhancer	Poised_Enhancer	89999	114999	89999	Merge	Matrix 2	-2.109172966621626	FALSE	FALSE	FALSE	TRUE
loop_16291	up_in_mutant	0.301767256498187	7.308804201869e-4	Other	Other	64999	444999	64999	Strength Change	Matrix 2	-2.4887821690456953	FALSE	FALSE	FALSE	TRUE
loop_12807	up_in_mutant	0.310712423475928	0.018241328143512	Other	Repressed_Promoter	1704999	1794999	1704999	Strength Change	Matrix 1	2.641891746841027	FALSE	FALSE	FALSE	FALSE
loop_12825	up_in_mutant	0.330429359399506	0.0020632941723692	Poised_Enhancer	Other	39999	0	0	Strength Change	Matrix 2	-2.394009261558897	TRUE	TRUE	TRUE	TRUE
loop_12830	up_in_mutant	0.339178783336619	0.0116546086303915	Poised_Enhancer	Poised_Enhancer	614999	1209999	614999	Split	Matrix 1	3.0988216381021276	FALSE	FALSE	FALSE	FALSE
loop_16305	up_in_mutant	0.315515526442857	1.585703216322e-4	Other	Polycomb	0	54999	0	Strength Change	Matrix 2	-3.519121641642865	TRUE	TRUE	TRUE	TRUE
loop_12849	down_in_mutant	-0.39013208225907	0.004597824725245	Poised_Enhancer	Active_Enhancer	14999	64999	14999	Strength Change	Matrix 1	3.2264325788821875	FALSE	TRUE	TRUE	TRUE
loop_12925	up_in_mutant	0.350438963424274	0.0034223313618301	Other	Other	394999	149999	149999	Strength Change	Matrix 2	-3.1312719503544377	FALSE	FALSE	FALSE	FALSE
loop_16301	up_in_mutant	0.378468157276569	2.097205010062e-4	Other	Other	0	234999	0	Strength Change	Matrix 2	-2.089809608950171	TRUE	TRUE	TRUE	TRUE
loop_12955	up_in_mutant	0.38545071220155	0.0071735586623288	Polycomb	Polycomb	139999	339999	139999	Strength Change	Matrix 2	-2.602274409436884	FALSE	FALSE	FALSE	FALSE
loop_12974	up_in_mutant	0.356888785766526	0.0244327389525654	Other	Other	324999	169999	169999	Strength Change	Matrix 1	2.641891746841027	FALSE	FALSE	FALSE	FALSE
loop_12999	down_in_mutant	-0.410655739650121	0.0118671348522153	Active_Enhancer	Poised_Enhancer	0	0	0	Complex	Matrix 1	2.5376805006835768	TRUE	TRUE	TRUE	TRUE
loop_13030	down_in_mutant	-0.638633307655441	0.0117480747585707	Active_Promoter	Poised_Enhancer	174999	0	0	Strength Change	Matrix 1	2.5568076035030964	TRUE	TRUE	TRUE	TRUE
loop_16482	up_in_mutant	0.411323033301107	2.301635492129e-4	Poised_Enhancer	Poised_Enhancer	404999	14999	14999	Merge	Matrix 2	-2.408503017459709	FALSE	TRUE	TRUE	TRUE
loop_13051	up_in_mutant	0.441893416782249	0.0069242364604734	Other	Other	214999	89999	89999	Strength Change	Matrix 2	-2.278901312080447	FALSE	FALSE	FALSE	TRUE
loop_16551	down_in_mutant	-0.363396869145835	6.510905050487e-4	Active_Enhancer	Active_Promoter	204999	474999	204999	Strength Change	Matrix 1	2.014776208464992	FALSE	FALSE	FALSE	FALSE
loop_16261	up_in_mutant	0.320838639029763	1.282190338703e-4	Poised_Enhancer	Poised_Enhancer	114999	64999	64999	Strength Change	Matrix 2	-2.394009261558897	FALSE	FALSE	FALSE	TRUE
loop_16574	up_in_mutant	0.341844078471489	0.0010109033291586	Poised_Enhancer	Other	84999	24999	24999	Strength Change	Matrix 2	-4.61006499555424	FALSE	TRUE	TRUE	TRUE
loop_16420	up_in_mutant	0.315043073081022	0.0023517092188176	Other	Other	0	104999	0	Merge	Matrix 2	-2.214015514165894	TRUE	TRUE	TRUE	TRUE
loop_16547	up_in_mutant	0.345944049979127	1.795810437206e-4	Poised_Enhancer	Polycomb	44999	114999	44999	Shifted	Matrix 1	3.09618993754542	FALSE	FALSE	TRUE	TRUE
loop_13105	up_in_mutant	0.339099072687327	0.0130359506450365	Repressed_Promoter	Poised_Enhancer	214999	324999	214999	Merge	Matrix 2	-2.591047224653459	FALSE	FALSE	FALSE	FALSE
loop_13108	up_in_mutant	0.333288053703637	0.0280248256174084	Other	Repressed_Promoter	269999	294999	269999	Split	Matrix 1	2.7024530853328024	FALSE	FALSE	FALSE	FALSE
loop_16442	up_in_mutant	0.361019295142078	3.619590952983e-4	Active_Promoter	Active_Promoter	654999	434999	434999	Merge	Matrix 2	-2.1767904381234726	FALSE	FALSE	FALSE	FALSE
loop_16520	up_in_mutant	0.457015647241989	2.56965349966715e-6	Repressed_Promoter	Polycomb	14999	0	0	Shifted	Matrix 1	2.001958409140103	TRUE	TRUE	TRUE	TRUE
loop_16478	up_in_mutant	0.34032383546796	1.206876747911e-4	Polycomb	Polycomb	374999	714999	374999	Merge	Matrix 2	-2.522513317082805	FALSE	FALSE	FALSE	FALSE
loop_13141	up_in_mutant	0.380170554800616	0.0156471121142045	Other	Other	434999	329999	329999	Merge	Matrix 2	-2.3407855921888228	FALSE	FALSE	FALSE	FALSE
loop_13149	up_in_mutant	0.361739276906769	0.0134534473290317	Polycomb	Other	119999	454999	119999	Strength Change	Matrix 2	-2.037026884723771	FALSE	FALSE	FALSE	FALSE
loop_13150	up_in_mutant	0.585071720583395	0.0023263079236526	Poised_Enhancer	Other	0	154999	0	Strength Change	Matrix 2	-2.7815473585813244	TRUE	TRUE	TRUE	TRUE
loop_13160	up_in_mutant	0.381507276124207	0.0134534473290317	Poised_Enhancer	Polycomb	129999	124999	124999	Merge	Matrix 2	-2.326108601125838	FALSE	FALSE	FALSE	FALSE
loop_16664	up_in_mutant	0.35160463097609	3.610356883429e-4	Other	Other	54999	64999	54999	Strength Change	Matrix 2	-2.5300682435178627	FALSE	FALSE	FALSE	TRUE
loop_16646	up_in_mutant	0.362285877750004	3.896080186717e-4	Other	Repressed_Promoter	1174999	1024999	1024999	Strength Change	Matrix 2	-3.1312719503544377	FALSE	FALSE	FALSE	FALSE
loop_13179	up_in_mutant	0.702782885341812	1.948251958708e-4	Polycomb	Repressed_Promoter	279999	44999	44999	Complex	Matrix 1	2.432515529913985	FALSE	FALSE	TRUE	TRUE
loop_16693	up_in_mutant	0.55445454428697	1.77749862310126e-5	Other	Polycomb	584999	324999	324999	Strength Change	Matrix 2	-4.61006499555424	FALSE	FALSE	FALSE	FALSE
loop_13241	up_in_mutant	0.318619691702003	0.0048071351046168	Poised_Enhancer	Other	509999	454999	454999	Merge	Matrix 2	-3.5336850844007084	FALSE	FALSE	FALSE	FALSE
loop_16840	down_in_mutant	-0.464143370622962	6.06694744218226e-5	Active_Enhancer	Active_Enhancer	0	24999	0	Split	Matrix 1	6.4599033688588765	TRUE	TRUE	TRUE	TRUE
loop_16924	up_in_mutant	0.379535054366639	1.812379486588e-4	Other	Polycomb	654999	784999	654999	Shifted	Matrix 1	3.0164687526102103	FALSE	FALSE	FALSE	FALSE
loop_16964	down_in_mutant	-0.460142036374817	4.70951493747973e-5	Poised_Enhancer	Active_Enhancer	94999	24999	24999	Split	Matrix 1	4.644846394703352	FALSE	TRUE	TRUE	TRUE
loop_13399	down_in_mutant	-0.390302664834483	0.0105731175137132	Other	Other	0	14999	0	Shifted	Matrix 2	-2.5714079873572415	TRUE	TRUE	TRUE	TRUE
loop_16866	down_in_mutant	-0.324217208040856	7.01824662666438e-5	Other	Other	1164999	1404999	1164999	Merge	Matrix 2	-3.1489047382534467	FALSE	FALSE	FALSE	FALSE
loop_13428	up_in_mutant	0.326641222137857	0.0077460376627262	Poised_Enhancer	Other	499999	554999	499999	Shifted	Matrix 1	3.0164687526102103	FALSE	FALSE	FALSE	FALSE
loop_13438	down_in_mutant	-0.353778008481135	0.0126695074324645	Other	Other	0	0	0	Split	Matrix 1	7.440024120038625	TRUE	TRUE	TRUE	TRUE
loop_17001	up_in_mutant	0.350256268877323	2.69064784108487e-5	Poised_Enhancer	Polycomb	54999	254999	54999	Merge	Matrix 2	-2.1953896583844483	FALSE	FALSE	FALSE	TRUE
loop_16965	up_in_mutant	0.396865022152964	4.247163020267e-4	Other	Polycomb	394999	224999	224999	Shifted	Matrix 1	2.322405649936504	FALSE	FALSE	FALSE	FALSE
loop_13457	up_in_mutant	0.319410099592029	0.0097474113324354	Polycomb	Other	94999	134999	94999	Merge	Matrix 2	-2.7227417618529985	FALSE	FALSE	FALSE	TRUE
loop_16959	down_in_mutant	-0.410346071388442	5.31918491301366e-5	Other	Other	614999	284999	284999	Merge	Matrix 2	-2.0049802616717294	FALSE	FALSE	FALSE	FALSE
loop_13466	down_in_mutant	-0.355475889444947	0.012477448323499	Active_Enhancer	Other	0	64999	0	Strength Change	Matrix 1	2.3764868755782813	TRUE	TRUE	TRUE	TRUE
loop_16932	up_in_mutant	0.463329629067563	3.75435118466486e-5	Polycomb	Other	24999	14999	14999	Merge	Matrix 2	-2.2877931354051007	FALSE	TRUE	TRUE	TRUE
loop_13478	up_in_mutant	0.414660558041867	0.0016863693998006	Polycomb	Other	209999	174999	174999	Complex	Matrix 2	-2.320694649829077	FALSE	FALSE	FALSE	FALSE
loop_17011	down_in_mutant	-0.585153563235224	1.202010066871e-4	Active_Enhancer	Active_Promoter	0	224999	0	Strength Change	Matrix 1	2.1503563646441815	TRUE	TRUE	TRUE	TRUE
loop_17115	down_in_mutant	-0.328492831990349	0.0048031221160271	Other	Other	184999	114999	114999	Complex	Matrix 2	-2.3030837321345436	FALSE	FALSE	FALSE	FALSE
loop_16910	down_in_mutant	-0.77147728872594	2.6019767419485e-7	Active_Enhancer	Other	54999	124999	54999	Shifted	Matrix 2	-2.520845260595394	FALSE	FALSE	FALSE	TRUE
loop_17068	down_in_mutant	-0.501580663693141	4.89406977282993e-5	Polycomb	Repressed_Promoter	254999	14999	14999	Merge	Matrix 2	-2.1100274072929013	FALSE	TRUE	TRUE	TRUE
loop_16970	down_in_mutant	-0.302462493652832	3.614764220882e-4	Poised_Enhancer	Poised_Enhancer	754999	654999	654999	Strength Change	Matrix 2	-2.944475812854456	FALSE	FALSE	FALSE	FALSE
loop_20196	down_in_mutant	-0.36569609878603	2.69691621703e-4	Other	Poised_Enhancer	0	94999	0	Complex	Matrix 1	2.71549976027189	TRUE	TRUE	TRUE	TRUE
loop_17061	up_in_mutant	0.449921771793009	5.59508730920136e-5	Polycomb	Other	654999	354999	354999	Merge	Matrix 2	-2.171426950092102	FALSE	FALSE	FALSE	FALSE
loop_13533	up_in_mutant	0.307274070951395	0.0180612460532226	Other	Other	74999	4999	4999	Strength Change	Matrix 2	-2.8126479699293685	TRUE	TRUE	TRUE	TRUE
loop_13540	down_in_mutant	-0.530984267119101	0.0132915675900754	Polycomb	Repressed_Promoter	94999	199999	94999	Merge	Matrix 2	-2.7227417618529985	FALSE	FALSE	FALSE	TRUE
loop_17130	up_in_mutant	0.321033751604795	0.0029826171205333	Other	Other	4999	0	0	Complex	Matrix 2	-8.32980372129439	TRUE	TRUE	TRUE	TRUE
loop_17159	up_in_mutant	0.801576139959754	2.35670186945449e-7	Polycomb	Polycomb	44999	134999	44999	Merge	Matrix 2	-3.266124750349253	FALSE	FALSE	TRUE	TRUE
loop_17167	down_in_mutant	-0.303700456391273	0.0022046087473606	Other	Other	884999	134999	134999	Strength Change	Matrix 2	-2.944475812854456	FALSE	FALSE	FALSE	FALSE
loop_20220	down_in_mutant	-0.341372085025536	0.011038864297503	Active_Enhancer	Active_Enhancer	334999	0	0	Strength Change	Matrix 1	2.1503563646441815	TRUE	TRUE	TRUE	TRUE
loop_17058	up_in_mutant	0.434644188298435	8.16990511890919e-6	Other	Other	164999	194999	164999	Strength Change	Matrix 2	-2.729790730172968	FALSE	FALSE	FALSE	FALSE
loop_20207	up_in_mutant	0.348739251256936	0.0010399408119051	Polycomb	Repressed_Promoter	274999	4999	4999	Merge	Matrix 2	-2.171426950092102	TRUE	TRUE	TRUE	TRUE
loop_17171	up_in_mutant	0.361136790279316	0.0010835149120923	Active_Promoter	Active_Enhancer	1154999	714999	714999	Shifted	Matrix 1	3.806538181846743	FALSE	FALSE	FALSE	FALSE
loop_17197	up_in_mutant	0.447095363932175	1.385807929602e-4	Polycomb	Poised_Enhancer	294999	484999	294999	Split	Matrix 1	2.4133287302907167	FALSE	FALSE	FALSE	FALSE
loop_17247	up_in_mutant	0.487993638551823	4.11574825338867e-5	Polycomb	Poised_Enhancer	14999	314999	14999	Merge	Matrix 2	-2.1100274072929013	FALSE	TRUE	TRUE	TRUE
loop_13635	up_in_mutant	0.330109988744206	0.0290087867253882	Other	Other	589999	809999	589999	Merge	Matrix 2	-2.52609784011479	FALSE	FALSE	FALSE	FALSE
loop_3979	up_in_mutant	0.303629495186192	0.0012421215939085	Repressed_Promoter	Poised_Enhancer	0	469999	0	Merge	Matrix 2	-2.1100274072929013	TRUE	TRUE	TRUE	TRUE
loop_17265	up_in_mutant	0.45310122309152	1.198231480114e-4	Other	Other	184999	134999	134999	Strength Change	Matrix 1	3.0096824891753315	FALSE	FALSE	FALSE	FALSE
loop_13647	up_in_mutant	0.387745795664681	0.0204291994511251	Other	Other	0	94999	0	Merge	Matrix 2	-2.1236049640966392	TRUE	TRUE	TRUE	TRUE
loop_17288	up_in_mutant	0.445921233096118	2.045303220719e-4	Polycomb	Other	124999	354999	124999	Complex	Matrix 2	-2.0106105520242914	FALSE	FALSE	FALSE	FALSE
loop_17405	down_in_mutant	-0.400090888165631	3.05982770416201e-5	Active_Promoter	Other	0	74999	0	Strength Change	Matrix 1	2.8213630018085785	TRUE	TRUE	TRUE	TRUE
loop_17585	up_in_mutant	0.484045162043896	1.073663438417e-4	Polycomb	Polycomb	1904999	1284999	1284999	Split	Matrix 1	4.074379987186409	FALSE	FALSE	FALSE	FALSE
loop_17509	down_in_mutant	-0.467949915385438	2.91738738811106e-5	Other	Other	674999	604999	604999	Strength Change	Matrix 1	4.020774141763551	FALSE	FALSE	FALSE	FALSE
loop_13790	down_in_mutant	-0.319842158267579	0.0143257046958069	Other	Other	1659999	1989999	1659999	Merge	Matrix 2	-2.1827580702132687	FALSE	FALSE	FALSE	FALSE
loop_17484	down_in_mutant	-0.325078436140625	9.892928968916e-4	Poised_Enhancer	Poised_Enhancer	84999	0	0	Strength Change	Matrix 1	2.407487245101233	TRUE	TRUE	TRUE	TRUE
loop_13873	up_in_mutant	0.30231901703721	0.0299628780336038	Poised_Enhancer	Poised_Enhancer	279999	679999	279999	Strength Change	Matrix 1	2.407487245101233	FALSE	FALSE	FALSE	FALSE
loop_17603	up_in_mutant	0.448111380898484	1.8011986933908e-5	Other	Other	184999	0	0	Merge	Matrix 2	-2.0581289164897596	TRUE	TRUE	TRUE	TRUE
loop_13952	down_in_mutant	-0.333603304664054	0.0249656272786113	Active_Enhancer	Active_Enhancer	1404999	1504999	1404999	Split	Matrix 1	2.0147007157366317	FALSE	FALSE	FALSE	FALSE
loop_13962	down_in_mutant	-0.422311662063694	0.0069744966701418	Poised_Enhancer	Other	339999	624999	339999	Merge	Matrix 2	-2.0591909527842827	FALSE	FALSE	FALSE	FALSE
loop_14011	down_in_mutant	-0.544696661072529	0.0193964967437299	Active_Enhancer	Poised_Enhancer	609999	754999	609999	Merge	Matrix 2	-2.003627082616024	FALSE	FALSE	FALSE	FALSE
loop_17804	up_in_mutant	0.472266899668231	5.31918491301366e-5	Polycomb	Polycomb	354999	84999	84999	Shifted	Matrix 1	2.270177942288199	FALSE	FALSE	FALSE	TRUE
loop_14054	down_in_mutant	-0.452189491326305	0.0090710976649029	Active_Promoter	Active_Enhancer	164999	0	0	Merge	Matrix 2	-2.010326844495693	TRUE	TRUE	TRUE	TRUE
loop_14057	up_in_mutant	0.399804348659395	0.019318885212499	Other	Other	1399999	1464999	1399999	Merge	Matrix 2	-2.747784176519292	FALSE	FALSE	FALSE	FALSE
loop_17661	up_in_mutant	0.398815516020999	1.013589906828e-4	Poised_Enhancer	Repressed_Promoter	4999	104999	4999	Merge	Matrix 2	-2.0581289164897596	TRUE	TRUE	TRUE	TRUE
loop_17706	down_in_mutant	-0.415063220211073	2.41519475428779e-5	Other	Active_Enhancer	214999	344999	214999	Strength Change	Matrix 2	-4.206700506369612	FALSE	FALSE	FALSE	FALSE
loop_17968	up_in_mutant	0.317807881610732	0.0023517369189445	Poised_Enhancer	Polycomb	4704999	4864999	4704999	Strength Change	Matrix 2	-2.006791851794423	FALSE	FALSE	FALSE	FALSE
loop_17877	up_in_mutant	0.567366923480518	1.77749862310126e-5	Other	Other	914999	694999	694999	Strength Change	Matrix 2	-2.4235668545468627	FALSE	FALSE	FALSE	FALSE
loop_14106	down_in_mutant	-0.406287115961526	0.0137933002962889	Active_Promoter	Other	1284999	1199999	1199999	Merge	Matrix 2	-2.1264139507199964	FALSE	FALSE	FALSE	FALSE
loop_14120	up_in_mutant	0.35355051727473	0.0036888535072761002	Polycomb	Polycomb	1864999	1914999	1864999	Merge	Matrix 2	-2.747784176519292	FALSE	FALSE	FALSE	FALSE
loop_14127	up_in_mutant	0.360983410479192	0.0290944056755494	Poised_Enhancer	Poised_Enhancer	179999	314999	179999	Shifted	Matrix 1	2.2611341905630873	FALSE	FALSE	FALSE	FALSE
loop_17831	up_in_mutant	0.324882969814513	0.0041850016462275	Poised_Enhancer	Repressed_Promoter	4999	134999	4999	Merge	Matrix 2	-2.010326844495693	TRUE	TRUE	TRUE	TRUE
loop_17997	down_in_mutant	-0.643148296902054	4.929718399455e-4	Other	Other	384999	564999	384999	Merge	Matrix 2	-2.129327550999889	FALSE	FALSE	FALSE	FALSE
loop_17914	up_in_mutant	0.501595482413087	1.401005045069e-4	Other	Other	4084999	3934999	3934999	Strength Change	Matrix 1	2.644087617591807	FALSE	FALSE	FALSE	FALSE
loop_18035	up_in_mutant	0.451754393912083	0.0011002524278069	Other	Poised_Enhancer	384999	804999	384999	Strength Change	Matrix 2	-2.006791851794423	FALSE	FALSE	FALSE	FALSE
loop_14332	down_in_mutant	-0.303262695074357	0.0112258993364773	Active_Enhancer	Active_Enhancer	149999	214999	149999	Shifted	Matrix 1	2.503068924076653	FALSE	FALSE	FALSE	FALSE
loop_14373	down_in_mutant	-0.372156783496988	0.0055777320879021	Active_Promoter	Poised_Enhancer	824999	779999	779999	Complex	Matrix 2	-3.657010893467972	FALSE	FALSE	FALSE	FALSE
loop_18178	up_in_mutant	0.323900807478822	3.493625157513e-4	Active_Promoter	Poised_Enhancer	184999	14999	14999	Split	Matrix 1	2.693927383019584	FALSE	TRUE	TRUE	TRUE
loop_18342	down_in_mutant	-0.438942905209204	0.0031983147597217	Active_Enhancer	Active_Promoter	774999	184999	184999	Merge	Matrix 2	-3.735858328626135	FALSE	FALSE	FALSE	FALSE
loop_14407	down_in_mutant	-0.361941200644724	0.0123178874541434	Poised_Enhancer	Poised_Enhancer	344999	389999	344999	Complex	Matrix 1	2.710124437686544	FALSE	FALSE	FALSE	FALSE
loop_18321	up_in_mutant	0.346170752568611	2.733183261098e-4	Repressed_Promoter	Other	224999	24999	24999	Merge	Matrix 2	-3.0099167232717856	FALSE	TRUE	TRUE	TRUE
loop_18301	up_in_mutant	0.33786098646463403	5.022577778875e-4	Other	Polycomb	504999	194999	194999	Merge	Matrix 2	-2.253299737169482	FALSE	FALSE	FALSE	FALSE
loop_14475	down_in_mutant	-0.349972299241119	0.0059998773862487	Poised_Enhancer	Active_Promoter	0	0	0	Strength Change	Matrix 1	3.2674003462917818	TRUE	TRUE	TRUE	TRUE
loop_14488	up_in_mutant	0.379547031293998	0.0094550918544829	Repressed_Promoter	Polycomb	524999	404999	404999	Strength Change	Matrix 1	2.4160473686665536	FALSE	FALSE	FALSE	FALSE
loop_18539	up_in_mutant	0.400972912828945	0.0010136760339766	Poised_Enhancer	Other	0	424999	0	Shifted	Matrix 2	-2.3638391570653416	TRUE	TRUE	TRUE	TRUE
loop_18347	up_in_mutant	0.330722671738754	7.863194967816e-4	Poised_Enhancer	Other	114999	0	0	Strength Change	Matrix 2	-3.623938819072957	TRUE	TRUE	TRUE	TRUE
loop_18488	up_in_mutant	0.455156545552741	2.92829450751002e-5	Polycomb	Polycomb	384999	334999	334999	Split	Matrix 1	2.693927383019584	FALSE	FALSE	FALSE	FALSE
loop_18502	up_in_mutant	0.439628103956852	1.055846302426e-4	Other	Other	154999	574999	154999	Shifted	Matrix 2	-3.9166615177283592	FALSE	FALSE	FALSE	FALSE
loop_18508	up_in_mutant	0.327455340625568	4.993461965854e-4	Other	Repressed_Promoter	404999	304999	304999	Merge	Matrix 2	-3.0798336639592443	FALSE	FALSE	FALSE	FALSE
loop_18556	down_in_mutant	-0.538124470394699	0.0012731049801025	Active_Enhancer	Active_Enhancer	24999	914999	24999	Strength Change	Matrix 1	2.784887379717508	FALSE	TRUE	TRUE	TRUE
loop_14618	up_in_mutant	0.352314747195974	0.0130733512944324	Other	Other	0	64999	0	Merge	Matrix 2	-3.0557882787677157	TRUE	TRUE	TRUE	TRUE
loop_14620	up_in_mutant	0.55594291395587	0.002670110829109	Other	Polycomb	144999	39999	39999	Complex	Matrix 2	-2.112136485223518	FALSE	FALSE	TRUE	TRUE
loop_18490	up_in_mutant	0.308469150801044	0.0016338389648845	Other	Active_Enhancer	814999	204999	204999	Merge	Matrix 2	-2.538762814655706	FALSE	FALSE	FALSE	FALSE
loop_18612	up_in_mutant	0.548072021401656	3.58283529795484e-5	Poised_Enhancer	Polycomb	694999	374999	374999	Split	Matrix 1	2.0419286701865444	FALSE	FALSE	FALSE	FALSE
loop_18628	up_in_mutant	0.720238993903621	1.36877241165745e-5	Poised_Enhancer	Poised_Enhancer	634999	374999	374999	Split	Matrix 1	2.382525297447364	FALSE	FALSE	FALSE	FALSE
loop_16517	up_in_mutant	0.314830025938271	3.326473832097e-4	Poised_Enhancer	Active_Enhancer	1349999	199999	199999	Merge	Matrix 2	-2.538762814655706	FALSE	FALSE	FALSE	FALSE
loop_14641	up_in_mutant	0.31865973557229	0.0280248256174084	Other	Other	79999	784999	79999	Split	Matrix 1	2.450744612344171	FALSE	FALSE	FALSE	TRUE
loop_18607	up_in_mutant	0.502505584063632	5.70586075333259e-5	Repressed_Promoter	Poised_Enhancer	4999	374999	4999	Strength Change	Matrix 2	-2.2012874168928125	TRUE	TRUE	TRUE	TRUE
loop_14647	up_in_mutant	0.696331654050082	4.664199508394e-4	Polycomb	Polycomb	349999	89999	89999	Merge	Matrix 2	-2.5980265199916595	FALSE	FALSE	FALSE	TRUE
loop_7874	up_in_mutant	0.432790126837187	1.724182706294e-4	Repressed_Promoter	Polycomb	0	4999	0	Merge	Matrix 2	-4.199614817607232	TRUE	TRUE	TRUE	TRUE
loop_7961	down_in_mutant	-0.306273593985459	0.0051239307452907	Active_Promoter	Active_Promoter	0	94999	0	Strength Change	Matrix 2	-2.0329242715597364	TRUE	TRUE	TRUE	TRUE
loop_7998	up_in_mutant	0.599324583324095	8.8844604722775e-6	Other	Polycomb	274999	4999	4999	Merge	Matrix 2	-4.199614817607232	TRUE	TRUE	TRUE	TRUE
loop_14718	up_in_mutant	0.485348748715291	0.0049068202899549	Other	Other	34999	459999	34999	Strength Change	Matrix 2	-2.7890958633014495	FALSE	FALSE	TRUE	TRUE
loop_14732	up_in_mutant	0.341639078123951	0.0089549860172282	Active_Promoter	Poised_Enhancer	1349999	1419999	1349999	Split	Matrix 1	2.5862891568790913	FALSE	FALSE	FALSE	FALSE
loop_18774	up_in_mutant	0.306908720567987	5.684228855481e-4	Poised_Enhancer	Other	0	74999	0	Merge	Matrix 2	-2.4367059005045526	TRUE	TRUE	TRUE	TRUE
loop_20536	up_in_mutant	0.44798572735656	4.55125019463918e-5	Polycomb	Repressed_Promoter	454999	214999	214999	Strength Change	Matrix 1	2.2060725204341325	FALSE	FALSE	FALSE	FALSE
loop_8618	down_in_mutant	-0.426699348464284	1.055846302426e-4	Active_Enhancer	Active_Enhancer	24999	184999	24999	Strength Change	Matrix 1	3.4766575877472734	FALSE	TRUE	TRUE	TRUE
loop_18826	down_in_mutant	-0.328779807059088	1.013589906828e-4	Poised_Enhancer	Active_Promoter	144999	224999	144999	Strength Change	Matrix 2	-2.1722536330566853	FALSE	FALSE	FALSE	FALSE
loop_14815	up_in_mutant	0.368046503960731	0.0063553082143227	Other	Other	69999	0	0	Strength Change	Matrix 2	-3.015199152457407	TRUE	TRUE	TRUE	TRUE
loop_18848	up_in_mutant	0.352817477256749	1.905368768527e-4	Other	Poised_Enhancer	1264999	1314999	1264999	Strength Change	Matrix 2	-2.125351057164465	FALSE	FALSE	FALSE	FALSE
loop_20615	up_in_mutant	0.363941507348971	0.0020219819831258	Poised_Enhancer	Other	104999	0	0	Merge	Matrix 2	-2.6090059158355885	TRUE	TRUE	TRUE	TRUE
loop_14848	up_in_mutant	0.39933184891645	0.0074714305903516	Other	Other	84999	559999	84999	Merge	Matrix 2	-3.891737300633499	FALSE	FALSE	FALSE	TRUE
loop_9720	up_in_mutant	0.333837384745623	6.492167805107e-4	Repressed_Promoter	Polycomb	44999	324999	44999	Merge	Matrix 2	-3.134693852975521	FALSE	FALSE	TRUE	TRUE
loop_14919	down_in_mutant	-0.36902452620198	0.0085578919520261	Active_Enhancer	Active_Enhancer	539999	649999	539999	Strength Change	Matrix 2	-2.063211255026801	FALSE	FALSE	FALSE	FALSE
loop_14926	down_in_mutant	-0.433543205082648	0.0275158692654365	Other	Other	174999	9999	9999	Strength Change	Matrix 2	-2.3297736676494463	TRUE	TRUE	TRUE	TRUE
loop_14930	up_in_mutant	0.371703291488159	0.010383056950627	Polycomb	Polycomb	854999	174999	174999	Merge	Matrix 2	-2.4171414348489955	FALSE	FALSE	FALSE	FALSE
loop_14974	down_in_mutant	-0.454529859675336	0.003477118552366	Active_Enhancer	Active_Enhancer	0	39999	0	Strength Change	Matrix 1	3.817362566080551	TRUE	TRUE	TRUE	TRUE
loop_14981	up_in_mutant	0.327808685306403	0.0247204075376801	Other	Poised_Enhancer	49999	119999	49999	Split	Matrix 1	2.012493342701599	FALSE	FALSE	TRUE	TRUE
loop_15033	up_in_mutant	0.323452033968102	0.0173879265258673	Poised_Enhancer	Other	334999	169999	169999	Split	Matrix 1	2.7813444174904465	FALSE	FALSE	FALSE	FALSE
loop_15036	up_in_mutant	0.398064991942198	0.0036608379887052	Poised_Enhancer	Other	0	79999	0	Strength Change	Matrix 2	-2.340650643822384	TRUE	TRUE	TRUE	TRUE
loop_10703	up_in_mutant	0.364147890896436	2.560470428455e-4	Polycomb	Repressed_Promoter	74999	544999	74999	Split	Matrix 1	2.141479169461566	FALSE	FALSE	FALSE	TRUE
loop_15052	up_in_mutant	0.455583513855361	0.0028396312487111	Polycomb	Polycomb	469999	304999	304999	Merge	Matrix 2	-2.053855656308603	FALSE	FALSE	FALSE	FALSE
loop_11028	down_in_mutant	-0.668039238616756	2.05093118970783e-6	Active_Enhancer	Active_Promoter	4999	24999	4999	Split	Matrix 1	2.7535420311994088	TRUE	TRUE	TRUE	TRUE
loop_11138	up_in_mutant	0.320561340656959	0.0010024433982901	Polycomb	Poised_Enhancer	94999	0	0	Shifted	Matrix 2	-4.1139768781221235	TRUE	TRUE	TRUE	TRUE
loop_11191	up_in_mutant	0.328226675053292	0.0011176921476137	Poised_Enhancer	Other	0	144999	0	Merge	Matrix 2	-2.8299607112045075	TRUE	TRUE	TRUE	TRUE
loop_11571	down_in_mutant	-0.344442988596902	0.0012040204723109	Other	Other	644999	874999	644999	Strength Change	Matrix 1	2.26851971361557	FALSE	FALSE	FALSE	FALSE
loop_15225	down_in_mutant	-0.455201329779306	0.0122000901607296	Other	Other	474999	154999	154999	Merge	Matrix 2	-2.019849837421321	FALSE	FALSE	FALSE	FALSE
loop_15240	up_in_mutant	0.418130905340199	0.0134540180275302	Other	Polycomb	274999	14999	14999	Complex	Matrix 1	2.8528670367175955	FALSE	TRUE	TRUE	TRUE
loop_15268	down_in_mutant	-0.430615733560684	0.0022229817658534	Active_Enhancer	Poised_Enhancer	29999	0	0	Merge	Matrix 2	-2.220610772914688	TRUE	TRUE	TRUE	TRUE
loop_15272	up_in_mutant	0.347639947241047	0.0090279570325212	Polycomb	Polycomb	289999	484999	289999	Split	Matrix 1	2.8541448959252405	FALSE	FALSE	FALSE	FALSE
loop_15285	down_in_mutant	-0.314719932720318	0.0248318863030457	Poised_Enhancer	Active_Promoter	0	64999	0	Strength Change	Matrix 1	2.5959965989922913	TRUE	TRUE	TRUE	TRUE
loop_12736	down_in_mutant	-0.347388634957469	0.0131853584042913	Active_Promoter	Active_Enhancer	84999	124999	84999	Shifted	Matrix 2	-2.6618934314517992	FALSE	FALSE	FALSE	TRUE
loop_20985	up_in_mutant	0.314816316713284	0.001142641056942	Poised_Enhancer	Polycomb	1844999	1674999	1674999	Complex	Matrix 1	2.488230033023424	FALSE	FALSE	FALSE	FALSE
loop_19475	up_in_mutant	0.587520965345952	3.54717059193682e-6	Poised_Enhancer	Polycomb	74999	14999	14999	Complex	Matrix 2	-2.132523186427082	FALSE	TRUE	TRUE	TRUE
loop_15334	up_in_mutant	0.442449230639269	0.0179477159044463	Active_Promoter	Other	144999	199999	144999	Strength Change	Matrix 2	-2.7682522627488853	FALSE	FALSE	FALSE	FALSE
loop_15377	up_in_mutant	0.354195376025862	0.0273293647661214	Active_Enhancer	Repressed_Promoter	314999	74999	74999	Strength Change	Matrix 2	-2.152036683103324	FALSE	FALSE	FALSE	TRUE
loop_22031	up_in_mutant	0.31395218833069	2.641632992119e-4	Other	Poised_Enhancer	484999	584999	484999	Strength Change	Matrix 2	-3.0153799034516418	FALSE	FALSE	FALSE	FALSE
loop_13202	up_in_mutant	0.393678955322657	1.990522644872e-4	Other	Polycomb	134999	4999	4999	Strength Change	Matrix 2	-3.3525885632813175	TRUE	TRUE	TRUE	TRUE
loop_15402	down_in_mutant	-0.301126310171717	0.0122609754273034	Active_Enhancer	Active_Enhancer	14999	0	0	Complex	Matrix 1	8.311023715483067	TRUE	TRUE	TRUE	TRUE
loop_13553	up_in_mutant	0.352347348772818	0.0021146850520251	Other	Other	14999	114999	14999	Merge	Matrix 2	-2.6959332967706806	FALSE	TRUE	TRUE	TRUE
loop_19605	up_in_mutant	0.373769912220161	3.088451708974e-4	Poised_Enhancer	Polycomb	44999	84999	44999	Merge	Matrix 2	-3.98855014682155	FALSE	FALSE	TRUE	TRUE
loop_13569	up_in_mutant	0.508022753817169	2.41519475428779e-5	Polycomb	Polycomb	124999	304999	124999	Strength Change	Matrix 1	2.447148418956682	FALSE	FALSE	FALSE	FALSE
loop_15488	up_in_mutant	0.337339991665708	0.0068716793646406	Other	Poised_Enhancer	249999	179999	179999	Complex	Matrix 2	-3.1475017591056775	FALSE	FALSE	FALSE	FALSE
loop_15490	up_in_mutant	0.333214269499618	0.022633674788932	Poised_Enhancer	Poised_Enhancer	309999	184999	184999	Strength Change	Matrix 2	-2.252753618031341	FALSE	FALSE	FALSE	FALSE
loop_15506	down_in_mutant	-0.354616987800563	0.012477448323499	Bivalent_Promoter	Poised_Enhancer	119999	104999	104999	Split	Matrix 1	4.962492040059535	FALSE	FALSE	FALSE	FALSE
loop_14236	up_in_mutant	0.779309051059312	5.40213159679805e-8	Polycomb	Repressed_Promoter	24999	194999	24999	Strength Change	Matrix 2	-2.273713156772252	FALSE	TRUE	TRUE	TRUE
loop_4483	up_in_mutant	0.357024461908067	0.0025820460766626	Other	Other	394999	414999	394999	Shifted	Matrix 1	12.052311002888494	FALSE	FALSE	FALSE	FALSE
loop_14400	up_in_mutant	0.533831813853622	4.35524548169638e-5	Other	Active_Enhancer	14999	4999	4999	Strength Change	Matrix 2	-3.229172195113608	TRUE	TRUE	TRUE	TRUE
loop_15224	down_in_mutant	-0.365934975382885	0.0014748216252312	Other	Poised_Enhancer	104999	304999	104999	Strength Change	Matrix 1	3.037774182918304	FALSE	FALSE	FALSE	FALSE
loop_15614	up_in_mutant	0.373948360079201	0.0251054111008995	Poised_Enhancer	Other	84999	194999	84999	Complex	Matrix 1	2.5427414897087632	FALSE	FALSE	FALSE	TRUE
loop_15615	up_in_mutant	0.369729589777425	0.0107151058344935	Other	Polycomb	214999	364999	214999	Shifted	Matrix 1	2.6294647116925858	FALSE	FALSE	FALSE	FALSE
loop_19917	down_in_mutant	-0.401925486420646	1.264805225365e-4	Active_Promoter	Active_Enhancer	614999	684999	614999	Split	Matrix 1	3.097107610934099	FALSE	FALSE	FALSE	FALSE
loop_15664	up_in_mutant	0.303110459908694	0.0046650475814221	Active_Promoter	Poised_Enhancer	349999	314999	314999	Strength Change	Matrix 1	2.358013206513913	FALSE	FALSE	FALSE	FALSE
loop_15666	up_in_mutant	0.460138242849133	0.0070626262442045	Other	Repressed_Promoter	119999	234999	119999	Split	Matrix 1	2.001697947154596	FALSE	FALSE	FALSE	FALSE
loop_15692	up_in_mutant	0.404632872794148	0.0275837891741239	Other	Poised_Enhancer	294999	399999	294999	Strength Change	Matrix 1	2.9143394535379907	FALSE	FALSE	FALSE	FALSE
loop_19963	up_in_mutant	0.320081908729776	0.0012086684368524	Polycomb	Other	484999	4999	4999	Complex	Matrix 1	2.383042446572536	TRUE	TRUE	TRUE	TRUE
loop_15766	down_in_mutant	-0.415967350803098	3.3019360031751e-5	Other	Active_Enhancer	94999	0	0	Shifted	Matrix 1	2.7676344687576284	TRUE	TRUE	TRUE	TRUE
loop_15704	up_in_mutant	0.380375276371636	0.0063305105845788	Other	Polycomb	354999	194999	194999	Merge	Matrix 2	-2.45682247153176	FALSE	FALSE	FALSE	FALSE
loop_14477	up_in_mutant	0.306332068116729	1.924221854335e-4	Other	Repressed_Promoter	69999	64999	64999	Merge	Matrix 2	-3.9963887067356785	FALSE	FALSE	FALSE	TRUE
loop_16457	up_in_mutant	0.536044411424359	1.42438921202576e-6	Repressed_Promoter	Polycomb	34999	4999	4999	Shifted	Matrix 1	2.001958409140103	TRUE	TRUE	TRUE	TRUE
loop_15781	up_in_mutant	0.365992393143102	0.019268668583025	Poised_Enhancer	Other	54999	0	0	Strength Change	Matrix 2	-3.800970371789272	TRUE	TRUE	TRUE	TRUE
loop_20089	up_in_mutant	0.476592893025581	2.29183985336105e-5	Other	Polycomb	404999	714999	404999	Merge	Matrix 2	-2.522513317082805	FALSE	FALSE	FALSE	FALSE
loop_14867	up_in_mutant	0.312723687108371	3.784910892116e-4	Other	Poised_Enhancer	194999	444999	194999	Merge	Matrix 2	-2.370351780095298	FALSE	FALSE	FALSE	FALSE
loop_14911	up_in_mutant	0.359857917293681	1.492737737055e-4	Repressed_Promoter	Other	114999	59999	59999	Split	Matrix 1	2.5178555819794357	FALSE	FALSE	FALSE	TRUE
loop_15856	up_in_mutant	0.336551524672458	0.0113917233825537	Poised_Enhancer	Active_Promoter	1069999	1274999	1069999	Shifted	Matrix 1	2.6315599850421973	FALSE	FALSE	FALSE	FALSE
loop_15888	up_in_mutant	0.367835811543132	0.0096071524736367	Other	Repressed_Promoter	14999	134999	14999	Strength Change	Matrix 1	2.098058910643415	FALSE	TRUE	TRUE	TRUE
loop_17298	down_in_mutant	-0.601466608445091	1.022588226541e-4	Poised_Enhancer	Other	44999	174999	44999	Shifted	Matrix 2	-2.520845260595394	FALSE	FALSE	TRUE	TRUE
loop_17230	down_in_mutant	-0.786555893339439	5.94064594270944e-6	Repressed_Promoter	Polycomb	144999	224999	144999	Strength Change	Matrix 1	2.62834140673245	FALSE	FALSE	FALSE	FALSE
loop_17319	up_in_mutant	0.399823212575887	0.0012178362776297	Other	Poised_Enhancer	104999	204999	104999	Strength Change	Matrix 2	-3.532792523805884	FALSE	FALSE	FALSE	FALSE
loop_15916	down_in_mutant	-0.314121825469722	0.0176987974842567	Other	Poised_Enhancer	39999	74999	39999	Strength Change	Matrix 1	2.8213630018085785	FALSE	FALSE	TRUE	TRUE
loop_15952	down_in_mutant	-0.365254012247507	0.0075956309420027	Active_Promoter	Poised_Enhancer	49999	9999	9999	Strength Change	Matrix 1	2.2665558251920146	TRUE	TRUE	TRUE	TRUE
loop_15959	down_in_mutant	-0.369012259349631	0.0223057579337462	Poised_Enhancer	Other	69999	9999	9999	Strength Change	Matrix 1	4.020774141763551	TRUE	TRUE	TRUE	TRUE
loop_20351	down_in_mutant	-0.424205618654419	0.0043279698887212	Poised_Enhancer	Other	1744999	1334999	1334999	Shifted	Matrix 2	-2.3697484972906344	FALSE	FALSE	FALSE	FALSE
loop_16056	up_in_mutant	0.349593193599967	0.0135905513219236	Poised_Enhancer	Other	239999	49999	49999	Merge	Matrix 2	-2.131220206107777	FALSE	FALSE	TRUE	TRUE
loop_20396	up_in_mutant	0.445073593169091	7.5261224658538e-5	Poised_Enhancer	Other	524999	394999	394999	Split	Matrix 1	2.31417173558943	FALSE	FALSE	FALSE	FALSE
loop_16084	up_in_mutant	0.391996300925839	0.0276786756782985	Polycomb	Poised_Enhancer	799999	1049999	799999	Split	Matrix 1	2.693927383019584	FALSE	FALSE	FALSE	FALSE
loop_20430	up_in_mutant	0.462805419870667	6.165196475418e-4	Repressed_Promoter	Other	34999	24999	24999	Merge	Matrix 2	-2.580361019254765	FALSE	TRUE	TRUE	TRUE
loop_16122	up_in_mutant	0.40670865118053	0.0049605149833646	Polycomb	Polycomb	9999	94999	9999	Strength Change	Matrix 2	-2.067564774631511	TRUE	TRUE	TRUE	TRUE
loop_16132	up_in_mutant	0.5159233364003	0.0020407986430405	Other	Other	1324999	1249999	1249999	Split	Matrix 1	3.199994914262287	FALSE	FALSE	FALSE	FALSE
loop_21672	up_in_mutant	0.480313569843512	1.336619670522e-4	Poised_Enhancer	Poised_Enhancer	174999	164999	164999	Strength Change	Matrix 2	-2.477067350206642	FALSE	FALSE	FALSE	FALSE
loop_18714	up_in_mutant	0.445205715979936	8.92153238319678e-5	Other	Polycomb	184999	24999	24999	Complex	Matrix 2	-2.634351506872966	FALSE	TRUE	TRUE	TRUE
loop_18743	up_in_mutant	0.425474303544407	0.00137085175189	Poised_Enhancer	Other	14999	414999	14999	Merge	Matrix 2	-2.262129061675376	FALSE	TRUE	TRUE	TRUE
loop_16160	up_in_mutant	0.398175269521029	0.0030675566888772	Bivalent_Promoter	Active_Promoter	939999	899999	899999	Strength Change	Matrix 2	-2.0461623657563046	FALSE	FALSE	FALSE	FALSE
loop_8582	up_in_mutant	0.64352681443333	1.85009049103133e-5	Poised_Enhancer	Polycomb	114999	274999	114999	Strength Change	Matrix 2	-2.764358338676549	FALSE	FALSE	FALSE	FALSE
loop_16230	up_in_mutant	0.36009883642145	0.0100449677194749	Active_Promoter	Poised_Enhancer	229999	174999	174999	Strength Change	Matrix 2	-5.171354858638172	FALSE	FALSE	FALSE	FALSE
loop_16318	up_in_mutant	0.3207615384627	0.0259347454462345	Other	Other	814999	724999	724999	Shifted	Matrix 1	2.3189345899888645	FALSE	FALSE	FALSE	FALSE
loop_16347	up_in_mutant	0.374168388217956	0.0081272107899657	Polycomb	Other	274999	14999	14999	Strength Change	Matrix 2	-2.5163737783848705	FALSE	TRUE	TRUE	TRUE
loop_20673	up_in_mutant	0.487885155631695	2.87997538559923e-5	Polycomb	Poised_Enhancer	84999	14999	14999	Strength Change	Matrix 2	-2.063211255026801	FALSE	TRUE	TRUE	TRUE
loop_9634	up_in_mutant	0.383110496715099	9.440503247617e-4	Poised_Enhancer	Polycomb	429999	59999	59999	Merge	Matrix 2	-2.3374932845842995	FALSE	FALSE	FALSE	TRUE
loop_20721	up_in_mutant	0.309108369537859	6.441315465095e-4	Other	Polycomb	64999	0	0	Merge	Matrix 2	-4.9903319353468385	TRUE	TRUE	TRUE	TRUE
loop_19079	up_in_mutant	0.303621408991042	0.001380733292285	Poised_Enhancer	Poised_Enhancer	624999	384999	384999	Strength Change	Matrix 2	-2.193908465477126	FALSE	FALSE	FALSE	FALSE
loop_10760	up_in_mutant	0.505423427277318	2.79737887997e-5	Other	Other	1064999	1314999	1064999	Split	Matrix 1	2.1942145989310005	FALSE	FALSE	FALSE	FALSE
loop_10905	up_in_mutant	0.327799351380822	1.013589906828e-4	Other	Active_Enhancer	494999	624999	494999	Split	Matrix 1	2.3147116237436163	FALSE	FALSE	FALSE	FALSE
loop_16490	up_in_mutant	0.325782726764311	0.0091474150117348	Other	Poised_Enhancer	0	0	0	Shifted	Matrix 2	-8.558612663105682	TRUE	TRUE	TRUE	TRUE
loop_11072	up_in_mutant	0.357801521423021	6.39627325194926e-5	Polycomb	Repressed_Promoter	4999	64999	4999	Merge	Matrix 2	-2.692489491913739	TRUE	TRUE	TRUE	TRUE
loop_16499	up_in_mutant	0.343186397007772	0.0223234757445844	Other	Other	0	79999	0	Complex	Matrix 2	-19.548016156962337	TRUE	TRUE	TRUE	TRUE
loop_10723	up_in_mutant	0.436386336934214	1.796155576753e-4	Polycomb	Polycomb	564999	554999	554999	Merge	Matrix 2	-3.432228520926184	FALSE	FALSE	FALSE	FALSE
loop_16537	up_in_mutant	0.525255282967242	0.0067687690999418	Other	Poised_Enhancer	64999	99999	64999	Split	Matrix 1	2.980971555860907	FALSE	FALSE	FALSE	TRUE
loop_2797	up_in_mutant	0.785163154753758	8.16990511890919e-6	Active_Enhancer	Active_Promoter	154999	0	0	Split	Matrix 1	2.980971555860907	TRUE	TRUE	TRUE	TRUE
loop_11038	up_in_mutant	0.359992638828909	7.451482034899e-4	Poised_Enhancer	Active_Enhancer	0	4999	0	Strength Change	Matrix 2	-3.025908753267275	TRUE	TRUE	TRUE	TRUE
loop_16582	up_in_mutant	0.388610284528303	0.011683512804784	Poised_Enhancer	Repressed_Promoter	14999	279999	14999	Strength Change	Matrix 2	-5.556593659749272	FALSE	TRUE	TRUE	TRUE
loop_12636	down_in_mutant	-0.333456247248353	9.092916804772e-4	Poised_Enhancer	Active_Enhancer	44999	244999	44999	Merge	Matrix 2	-2.678104479451829	FALSE	FALSE	TRUE	TRUE
loop_12626	up_in_mutant	0.368310884103306	4.990571424135e-4	Other	Repressed_Promoter	124999	0	0	Shifted	Matrix 2	-4.861158131477241	TRUE	TRUE	TRUE	TRUE
loop_16652	up_in_mutant	0.308932174133445	0.0210720326210583	Polycomb	Poised_Enhancer	289999	504999	289999	Strength Change	Matrix 2	-2.2484034329258233	FALSE	FALSE	FALSE	FALSE
loop_16653	up_in_mutant	0.348015132034734	0.0165741895723943	Poised_Enhancer	Other	1439999	1299999	1299999	Complex	Matrix 1	2.488230033023424	FALSE	FALSE	FALSE	FALSE
loop_12848	down_in_mutant	-0.368964292579708	4.094041865812e-4	Poised_Enhancer	Other	134999	204999	134999	Merge	Matrix 2	-2.599343885226858	FALSE	FALSE	FALSE	FALSE
loop_12755	down_in_mutant	-0.401042617852738	2.656572033007e-4	Poised_Enhancer	Poised_Enhancer	814999	714999	714999	Merge	Matrix 2	-3.033962898772384	FALSE	FALSE	FALSE	FALSE
loop_6796	up_in_mutant	0.343214853079225	5.283431994169e-4	Poised_Enhancer	Poised_Enhancer	634999	524999	524999	Strength Change	Matrix 2	-2.6457605435282296	FALSE	FALSE	FALSE	FALSE
loop_12879	up_in_mutant	0.57393839366534	1.8011986933908e-5	Other	Other	134999	0	0	Merge	Matrix 2	-2.6075212884679555	TRUE	TRUE	TRUE	TRUE
loop_16721	up_in_mutant	0.397754800436317	0.0163724799390637	Poised_Enhancer	Poised_Enhancer	229999	129999	129999	Split	Matrix 1	2.8220297214013215	FALSE	FALSE	FALSE	FALSE
loop_16751	up_in_mutant	0.696587804835094	0.0014180845891621	Other	Other	129999	159999	129999	Split	Matrix 1	2.331020547970709	FALSE	FALSE	FALSE	FALSE
loop_14481	up_in_mutant	0.46661380177004	0.0031581680320535	Polycomb	Other	584999	234999	234999	Merge	Matrix 2	-2.109953272335514	FALSE	FALSE	FALSE	FALSE
loop_13568	up_in_mutant	0.491295603532448	1.485036322741e-4	Other	Polycomb	NA	NA	NA	NA	NA	NA	NA	NA	NA	NA
loop_15154	up_in_mutant	0.507535478026891	2.01073152616815e-6	Other	Other	634999	654999	634999	Merge	Matrix 2	-3.0723106429410914	FALSE	FALSE	FALSE	FALSE
loop_15172	up_in_mutant	0.366856275202782	2.524956959187e-4	Other	Other	0	134999	0	Strength Change	Matrix 2	-2.1490500237776673	TRUE	TRUE	TRUE	TRUE
loop_16901	up_in_mutant	0.409705443027529	0.004789768011397	Other	Active_Promoter	0	219999	0	Strength Change	Matrix 2	-2.8712835418527978	TRUE	TRUE	TRUE	TRUE
loop_16909	up_in_mutant	0.473140107307477	0.022789266769861	Other	Other	169999	54999	54999	Merge	Matrix 2	-4.010995614110853	FALSE	FALSE	FALSE	TRUE
loop_16950	up_in_mutant	0.425008202329893	0.0141015265532948	Other	Other	254999	494999	254999	Merge	Matrix 2	-3.290351863846905	FALSE	FALSE	FALSE	FALSE
loop_16952	up_in_mutant	0.338281834451331	0.0131808918593897	Other	Other	174999	279999	174999	Shifted	Matrix 1	4.636715835628309	FALSE	FALSE	FALSE	FALSE
loop_16045	up_in_mutant	0.646204055910903	1.05561453952e-4	Other	Other	464999	684999	464999	Strength Change	Matrix 1	2.714648330502463	FALSE	FALSE	FALSE	FALSE
loop_19979	up_in_mutant	0.560909238415828	1.53766333648656e-5	Poised_Enhancer	Repressed_Promoter	74999	214999	74999	Split	Matrix 1	3.0703872633054763	FALSE	FALSE	FALSE	TRUE
loop_16317	up_in_mutant	0.305921603915088	2.119058179363e-4	Active_Enhancer	Active_Promoter	0	114999	0	Strength Change	Matrix 2	-2.276744791346578	TRUE	TRUE	TRUE	TRUE
loop_20084	up_in_mutant	0.337481730624078	5.187724685568e-4	Other	Polycomb	74999	4999	4999	Merge	Matrix 2	-2.3407855921888228	TRUE	TRUE	TRUE	TRUE
loop_17044	up_in_mutant	0.330026322987994	0.0247395740638368	Other	Other	549999	459999	459999	Strength Change	Matrix 2	-3.1312719503544377	FALSE	FALSE	FALSE	FALSE
loop_16685	up_in_mutant	0.340428961178332	0.0017386676983393	Other	Other	1174999	814999	814999	Strength Change	Matrix 2	-3.1312719503544377	FALSE	FALSE	FALSE	FALSE
loop_17083	down_in_mutant	-0.32529790932965	0.0198329020100852	Other	Other	139999	89999	89999	Split	Matrix 1	6.411782545881877	FALSE	FALSE	FALSE	TRUE
loop_17183	down_in_mutant	-0.507623836018842	0.001380733292285	Active_Enhancer	Active_Promoter	94999	224999	94999	Strength Change	Matrix 1	2.1503563646441815	FALSE	FALSE	FALSE	TRUE
loop_17086	up_in_mutant	0.358157026704062	0.0122609754273034	Other	Active_Enhancer	319999	114999	114999	Complex	Matrix 1	5.433961616443989	FALSE	FALSE	FALSE	FALSE
loop_15329	up_in_mutant	0.303737133651728	3.539522514609e-4	Polycomb	Other	259999	34999	34999	Merge	Matrix 2	-2.171426950092102	FALSE	FALSE	TRUE	TRUE
loop_17091	up_in_mutant	0.361568055183056	0.0260843636551811	Other	Poised_Enhancer	309999	199999	199999	Complex	Matrix 1	4.1815369313954065	FALSE	FALSE	FALSE	FALSE
loop_4761	up_in_mutant	0.365859900721269	1.658232151592e-4	Other	Polycomb	404999	304999	304999	Strength Change	Matrix 2	-2.107960794918669	FALSE	FALSE	FALSE	FALSE
loop_17098	up_in_mutant	0.350117924408669	0.024671486030663	Other	Polycomb	144999	144999	144999	Merge	Matrix 2	-3.87947475160259	FALSE	FALSE	FALSE	FALSE
loop_21497	up_in_mutant	0.3606897314665	6.682084472987e-4	Polycomb	Other	944999	844999	844999	Complex	Matrix 1	5.433961616443989	FALSE	FALSE	FALSE	FALSE
loop_20187	up_in_mutant	0.561171637820613	2.70086165879585e-6	Other	Repressed_Promoter	0	104999	0	Strength Change	Matrix 2	-3.1608732134421413	TRUE	TRUE	TRUE	TRUE
loop_17111	up_in_mutant	0.545545065200164	0.0048071351046168	Poised_Enhancer	Poised_Enhancer	0	204999	0	Strength Change	Matrix 2	-3.532792523805884	TRUE	TRUE	TRUE	TRUE
loop_20444	up_in_mutant	0.436892897486566	9.0365787454e-4	Other	Other	514999	674999	514999	Merge	Matrix 2	-2.147542846252574	FALSE	FALSE	FALSE	FALSE
loop_21635	up_in_mutant	0.342057897032853	0.0031180078591711	Other	Repressed_Promoter	0	94999	0	Split	Matrix 1	2.0419286701865444	TRUE	TRUE	TRUE	TRUE
loop_21666	up_in_mutant	0.621906999750703	2.29528896976041e-6	Other	Poised_Enhancer	224999	14999	14999	Split	Matrix 1	3.457942706369939	FALSE	TRUE	TRUE	TRUE
loop_7931	up_in_mutant	0.384035494305588	0.0026135419943805	Repressed_Promoter	Other	774999	204999	204999	Strength Change	Matrix 1	2.081174443966287	FALSE	FALSE	FALSE	FALSE
loop_20504	up_in_mutant	0.364680164478322	9.249385756795e-4	Polycomb	Polycomb	374999	44999	44999	Split	Matrix 1	2.5735361198515534	FALSE	FALSE	TRUE	TRUE
loop_21677	up_in_mutant	0.943429183087818	4.23239390312694e-7	Polycomb	Polycomb	124999	4999	4999	Merge	Matrix 2	-4.199614817607232	TRUE	TRUE	TRUE	TRUE
loop_17268	up_in_mutant	0.840195182073115	0.0024484899136757	Poised_Enhancer	Other	4999	4999	4999	Shifted	Matrix 2	-2.7120881438268243	TRUE	TRUE	TRUE	TRUE
loop_21681	up_in_mutant	0.600646870003346	1.402268589059e-4	Repressed_Promoter	Polycomb	524999	1444999	524999	Strength Change	Matrix 2	-2.435256850567878	FALSE	FALSE	FALSE	FALSE
loop_18794	up_in_mutant	0.791467072162977	3.30614021017694e-6	Polycomb	Repressed_Promoter	264999	54999	54999	Strength Change	Matrix 2	-2.918908597953531	FALSE	FALSE	FALSE	TRUE
loop_17275	up_in_mutant	0.483218019435404	8.064206404291e-4	Polycomb	Polycomb	834999	784999	784999	Strength Change	Matrix 1	2.2060725204341325	FALSE	FALSE	FALSE	FALSE
loop_8348	up_in_mutant	0.915881479768368	9.41202706947649e-8	Other	Repressed_Promoter	474999	54999	54999	Strength Change	Matrix 2	-2.918908597953531	FALSE	FALSE	FALSE	TRUE
loop_8340	up_in_mutant	0.494257113106739	2.244847782898e-4	Poised_Enhancer	Other	1274999	1064999	1064999	Merge	Matrix 2	-2.2239315111679576	FALSE	FALSE	FALSE	FALSE
loop_18800	up_in_mutant	0.382470138780573	0.0013511996290409	Polycomb	Other	104999	114999	104999	Strength Change	Matrix 2	-2.6036138498300856	FALSE	FALSE	FALSE	FALSE
loop_8394	up_in_mutant	0.548593546437152	3.920525661951e-4	Other	Other	3684999	3364999	3364999	Strength Change	Matrix 2	-2.183077063883398	FALSE	FALSE	FALSE	FALSE
loop_17290	up_in_mutant	0.492030899158588	4.180595022831e-4	Poised_Enhancer	Active_Promoter	59999	14999	14999	Merge	Matrix 2	-3.3033604942694788	FALSE	TRUE	TRUE	TRUE
loop_9044	up_in_mutant	0.740090865987907	1.48580175462403e-7	Other	Other	44999	94999	44999	Complex	Matrix 2	-4.496790917650169	FALSE	FALSE	TRUE	TRUE
loop_21726	up_in_mutant	0.394452367989179	4.6669545357e-4	Poised_Enhancer	Repressed_Promoter	0	0	0	Merge	Matrix 2	-4.484061650890293	TRUE	TRUE	TRUE	TRUE
loop_17302	up_in_mutant	0.338774072860559	0.0154955453536467	Repressed_Promoter	Other	369999	234999	234999	Merge	Matrix 2	-2.079731829209935	FALSE	FALSE	FALSE	FALSE
loop_21718	up_in_mutant	0.367061866360592	4.04089805823008e-5	Poised_Enhancer	Other	0	64999	0	Complex	Matrix 2	-3.432297605969633	TRUE	TRUE	TRUE	TRUE
loop_21723	up_in_mutant	0.46328565638943	5.9694789531191e-5	Polycomb	Other	134999	84999	84999	Merge	Matrix 2	-3.891737300633499	FALSE	FALSE	FALSE	TRUE
loop_9092	up_in_mutant	0.784070026886901	2.79767597881059e-6	Other	Repressed_Promoter	334999	4999	4999	Strength Change	Matrix 2	-2.0580187692181178	TRUE	TRUE	TRUE	TRUE
loop_17311	up_in_mutant	0.390381510756294	0.0053917926748735	Poised_Enhancer	Other	39999	179999	39999	Complex	Matrix 1	4.152607821491313	FALSE	FALSE	TRUE	TRUE
loop_21735	up_in_mutant	0.497523250727347	1.921143146866e-4	Other	Other	324999	204999	204999	Strength Change	Matrix 2	-2.0624717719549133	FALSE	FALSE	FALSE	FALSE
loop_21750	up_in_mutant	0.448725598724013	0.0015955965580545	Polycomb	Other	254999	554999	254999	Merge	Matrix 2	-3.891737300633499	FALSE	FALSE	FALSE	FALSE
loop_9798	up_in_mutant	0.806071166067635	4.18835962485069e-8	Polycomb	Other	54999	64999	54999	Strength Change	Matrix 2	-2.5163737783848705	FALSE	FALSE	FALSE	TRUE
loop_9465	up_in_mutant	0.302676570065627	4.216830973112e-4	Other	Other	579999	614999	579999	Complex	Matrix 2	-2.343796885068825	FALSE	FALSE	FALSE	FALSE
loop_21771	up_in_mutant	0.702361047245078	9.83201868502488e-6	Poised_Enhancer	Poised_Enhancer	434999	204999	204999	Merge	Matrix 2	-2.3374932845842995	FALSE	FALSE	FALSE	FALSE
loop_17338	up_in_mutant	0.354575651943639	0.0159842174626374	Other	Other	49999	119999	49999	Strength Change	Matrix 2	-2.2430626303430814	FALSE	FALSE	TRUE	TRUE
loop_17340	up_in_mutant	0.372675871964474	0.0097459928153332	Other	Other	69999	9999	9999	Strength Change	Matrix 2	-2.6494099087355942	TRUE	TRUE	TRUE	TRUE
loop_17342	up_in_mutant	0.496908921247666	0.0168115750821176	Other	Other	329999	484999	329999	Complex	Matrix 2	-2.343796885068825	FALSE	FALSE	FALSE	FALSE
loop_19005	up_in_mutant	0.560767339472444	2.55779478483e-4	Other	Other	224999	94999	94999	Split	Matrix 1	3.5235851826872935	FALSE	FALSE	FALSE	TRUE
loop_17346	up_in_mutant	0.360328744926099	0.0264134804946319	Repressed_Promoter	Polycomb	54999	294999	54999	Merge	Matrix 2	-3.134693852975521	FALSE	FALSE	FALSE	TRUE
loop_17347	up_in_mutant	0.484015009301897	0.0047062010291308	Polycomb	Polycomb	0	14999	0	Strength Change	Matrix 2	-2.2430626303430814	TRUE	TRUE	TRUE	TRUE
loop_17353	up_in_mutant	0.497889496343101	0.0016567793970069	Poised_Enhancer	Other	0	44999	0	Strength Change	Matrix 2	-2.3524947315098745	TRUE	TRUE	TRUE	TRUE
loop_21825	up_in_mutant	0.439682253957558	6.34850774794475e-5	Other	Poised_Enhancer	324999	154999	154999	Split	Matrix 1	2.0912957397804965	FALSE	FALSE	FALSE	FALSE
loop_21817	up_in_mutant	0.405471920725531	2.039586906055e-4	Repressed_Promoter	Poised_Enhancer	164999	524999	164999	Split	Matrix 1	5.875053903834727	FALSE	FALSE	FALSE	FALSE
loop_17365	up_in_mutant	0.453878847717198	0.0247251321876293	Poised_Enhancer	Poised_Enhancer	84999	174999	84999	Strength Change	Matrix 1	2.030151618672364	FALSE	FALSE	FALSE	TRUE
loop_19092	up_in_mutant	1.01311171109921	1.57046460462425e-6	Other	Other	14999	204999	14999	Merge	Matrix 2	-3.799144961715485	FALSE	TRUE	TRUE	TRUE
loop_17380	up_in_mutant	0.434882203443568	0.0028719640585358	Other	Other	324999	0	0	Merge	Matrix 2	-3.18257132290323	TRUE	TRUE	TRUE	TRUE
loop_21855	up_in_mutant	0.395469437273773	2.707798254557e-4	Poised_Enhancer	Repressed_Promoter	0	94999	0	Strength Change	Matrix 2	-3.129560612618537	TRUE	TRUE	TRUE	TRUE
loop_21862	up_in_mutant	0.524040978209394	9.2025493810843e-5	Repressed_Promoter	Polycomb	294999	374999	294999	Merge	Matrix 2	-2.436518951677357	FALSE	FALSE	FALSE	FALSE
loop_21869	up_in_mutant	0.429034809145246	1.33523178893e-4	Polycomb	Repressed_Promoter	0	104999	0	Merge	Matrix 2	-4.045829729819724	TRUE	TRUE	TRUE	TRUE
loop_17398	down_in_mutant	-0.393832081727221	0.0256698622010734	Other	Other	4999	219999	4999	Merge	Matrix 2	-2.1380766858439726	TRUE	TRUE	TRUE	TRUE
loop_17401	up_in_mutant	0.798007480930904	4.180595022831e-4	Other	Other	669999	869999	669999	Split	Matrix 1	2.768439144886221	FALSE	FALSE	FALSE	FALSE
loop_19236	up_in_mutant	0.365873706380884	5.283431994169e-4	Poised_Enhancer	Other	594999	444999	444999	Shifted	Matrix 1	2.6194463646157633	FALSE	FALSE	FALSE	FALSE
loop_19239	up_in_mutant	0.594653127634528	3.92342140348747e-5	Polycomb	Other	44999	504999	44999	Complex	Matrix 1	2.458183249893186	FALSE	FALSE	TRUE	TRUE
loop_19238	up_in_mutant	0.523466053766779	1.8011986933908e-5	Other	Other	154999	0	0	Merge	Matrix 2	-2.2626699836996287	TRUE	TRUE	TRUE	TRUE
loop_17428	up_in_mutant	0.344049930496068	0.0093717329499295	Other	Poised_Enhancer	54999	9999	9999	Merge	Matrix 2	-3.211805522578294	TRUE	TRUE	TRUE	TRUE
loop_20876	up_in_mutant	0.390196067795956	8.65847429969411e-5	Poised_Enhancer	Other	54999	104999	54999	Merge	Matrix 2	-2.6446734902806206	FALSE	FALSE	FALSE	TRUE
loop_17430	up_in_mutant	0.337653166731482	0.007854549097624	Other	Active_Promoter	144999	49999	49999	Strength Change	Matrix 2	-2.438766965300367	FALSE	FALSE	TRUE	TRUE
loop_11459	up_in_mutant	0.325587928357593	0.0028709446728009	Active_Promoter	Active_Promoter	214999	94999	94999	Strength Change	Matrix 2	-3.2391421053296083	FALSE	FALSE	FALSE	TRUE
loop_17223	up_in_mutant	0.619411649258478	9.86272837525858e-6	Active_Enhancer	Active_Promoter	139999	0	0	Split	Matrix 1	2.980971555860907	TRUE	TRUE	TRUE	TRUE
loop_17433	up_in_mutant	0.386108684958794	0.0065125973980995	Polycomb	Other	0	64999	0	Strength Change	Matrix 2	-2.6519636519826464	TRUE	TRUE	TRUE	TRUE
loop_21921	up_in_mutant	0.336531913305843	0.0023241679857146	Repressed_Promoter	Other	154999	44999	44999	Split	Matrix 1	2.581193568331235	FALSE	FALSE	TRUE	TRUE
loop_21932	up_in_mutant	0.412637561080397	6.924031786288e-4	Poised_Enhancer	Other	344999	0	0	Merge	Matrix 2	-2.1337503921055183	TRUE	TRUE	TRUE	TRUE
loop_17450	up_in_mutant	0.569247254147916	2.605415907247e-4	Polycomb	Polycomb	119999	0	0	Complex	Matrix 2	-2.698292070227323	TRUE	TRUE	TRUE	TRUE
loop_17453	up_in_mutant	0.453011771917722	0.0075910364169691	Polycomb	Active_Promoter	0	74999	0	Complex	Matrix 2	-4.218974229849033	TRUE	TRUE	TRUE	TRUE
loop_11983	up_in_mutant	0.310399112157016	3.341971171368e-4	Polycomb	Other	0	104999	0	Strength Change	Matrix 2	-2.3090411169615477	TRUE	TRUE	TRUE	TRUE
loop_21950	up_in_mutant	0.377667968413335	9.55528657279176e-5	Other	Poised_Enhancer	314999	174999	174999	Strength Change	Matrix 1	2.1817473593944015	FALSE	FALSE	FALSE	FALSE
loop_21951	up_in_mutant	0.45780161583678203	4.49446777177958e-6	Other	Repressed_Promoter	0	14999	0	Complex	Matrix 2	-6.1499130864247515	TRUE	TRUE	TRUE	TRUE
loop_19435	up_in_mutant	0.447824178536461	2.9251338987008e-5	Poised_Enhancer	Polycomb	74999	0	0	Complex	Matrix 2	-2.124847128683777	TRUE	TRUE	TRUE	TRUE
loop_17474	up_in_mutant	0.390988593964702	0.0280248256174084	Active_Promoter	Other	254999	0	0	Strength Change	Matrix 2	-2.6457605435282296	TRUE	TRUE	TRUE	TRUE
loop_17476	up_in_mutant	0.307086149743381	0.0133786202849849	Polycomb	Repressed_Promoter	54999	4999	4999	Shifted	Matrix 2	-3.9366988751512695	TRUE	TRUE	TRUE	TRUE
loop_12888	up_in_mutant	1.08216431156954	5.04427871113644e-7	Repressed_Promoter	Polycomb	34999	174999	34999	Merge	Matrix 2	-2.149701011046853	FALSE	FALSE	TRUE	TRUE
loop_21989	up_in_mutant	0.475258985129956	1.142079629721e-4	Poised_Enhancer	Other	94999	124999	94999	Strength Change	Matrix 1	2.8084044358065223	FALSE	FALSE	FALSE	TRUE
loop_21986	up_in_mutant	0.409418141075527	0.0011176921476137	Polycomb	Repressed_Promoter	104999	124999	104999	Complex	Matrix 1	4.7978845951424285	FALSE	FALSE	FALSE	FALSE
loop_12734	up_in_mutant	0.301560091072871	7.284412409582e-4	Poised_Enhancer	Other	164999	0	0	Strength Change	Matrix 2	-2.8695979635113065	TRUE	TRUE	TRUE	TRUE
loop_12874	up_in_mutant	0.578892449722	4.23036052292502e-5	Other	Other	54999	94999	54999	Strength Change	Matrix 1	2.3097053416163873	FALSE	FALSE	FALSE	TRUE
loop_12795	up_in_mutant	0.61122280619905	8.8844604722775e-6	Other	Poised_Enhancer	64999	44999	44999	Strength Change	Matrix 2	-2.9264159679821007	FALSE	FALSE	TRUE	TRUE
loop_21016	up_in_mutant	0.57729766027078	3.92342140348747e-5	Repressed_Promoter	Other	74999	154999	74999	Strength Change	Matrix 1	2.0234612741933997	FALSE	FALSE	FALSE	TRUE
loop_21990	up_in_mutant	0.85314207393822	1.10018720242836e-7	Other	Other	0	24999	0	Merge	Matrix 2	-2.244403858177549	TRUE	TRUE	TRUE	TRUE
loop_19511	up_in_mutant	0.3707255050397	0.0026135419943805	Other	Poised_Enhancer	244999	554999	244999	Strength Change	Matrix 2	-3.354148372757213	FALSE	FALSE	FALSE	FALSE
loop_22005	up_in_mutant	0.714339509860723	5.87727510449593e-6	Other	Other	424999	234999	234999	Merge	Matrix 2	-2.1828519081744653	FALSE	FALSE	FALSE	FALSE
loop_12873	up_in_mutant	0.730166729951729	1.33523178893e-4	Repressed_Promoter	Other	34999	334999	34999	Merge	Matrix 2	-2.149701011046853	FALSE	FALSE	TRUE	TRUE
loop_17511	up_in_mutant	0.500659839327763	0.0183911150174883	Other	Active_Enhancer	139999	0	0	Complex	Matrix 2	-2.8789920936988236	TRUE	TRUE	TRUE	TRUE
loop_22520	up_in_mutant	0.396992893618155	1.77749862310126e-5	Other	Poised_Enhancer	54999	0	0	Complex	Matrix 2	-5.324447090147738	TRUE	TRUE	TRUE	TRUE
loop_17519	up_in_mutant	0.32317521899265	0.0203373980810469	Other	Other	114999	164999	114999	Shifted	Matrix 2	-2.946521923467716	FALSE	FALSE	FALSE	FALSE
loop_13587	up_in_mutant	0.362304637220602	0.0024181064181188	Other	Other	194999	134999	134999	Shifted	Matrix 2	-7.851442518853078	FALSE	FALSE	FALSE	FALSE
loop_17544	up_in_mutant	0.380508688957236	0.0018380764063274	Other	Repressed_Promoter	284999	319999	284999	Complex	Matrix 2	-2.0931783913899378	FALSE	FALSE	FALSE	FALSE
loop_21151	up_in_mutant	0.736217840084926	1.42438921202576e-6	Repressed_Promoter	Other	464999	544999	464999	Strength Change	Matrix 2	-2.252753618031341	FALSE	FALSE	FALSE	FALSE
loop_17560	up_in_mutant	0.496344555902839	0.0029295003479457	Poised_Enhancer	Other	39999	49999	39999	Complex	Matrix 1	2.546198430759254	FALSE	FALSE	TRUE	TRUE
loop_14477	up_in_mutant	0.557035598572341	1.306865913483e-4	Other	Poised_Enhancer	34999	274999	34999	Strength Change	Matrix 2	-2.78473026141064	FALSE	FALSE	TRUE	TRUE
loop_13210	up_in_mutant	0.313761181795493	4.330375081121e-4	Poised_Enhancer	Active_Enhancer	4999	174999	4999	Merge	Matrix 2	-2.322593609331236	TRUE	TRUE	TRUE	TRUE
loop_17567	up_in_mutant	0.414151551194239	0.0068408821305822	Other	Bivalent_Promoter	29999	189999	29999	Split	Matrix 1	3.0692686126461317	FALSE	FALSE	TRUE	TRUE
loop_17569	up_in_mutant	0.399398779965311	0.0066287133978862	Other	Other	279999	184999	184999	Complex	Matrix 2	-4.726318097022436	FALSE	FALSE	FALSE	FALSE
loop_14531	up_in_mutant	0.449853622911883	0.0016172447972776	Other	Other	0	664999	0	Split	Matrix 1	2.040293206973061	TRUE	TRUE	TRUE	TRUE
loop_22097	up_in_mutant	0.347661981255362	0.0024994437022254	Polycomb	Poised_Enhancer	394999	254999	254999	Strength Change	Matrix 2	-2.1881050838085376	FALSE	FALSE	FALSE	FALSE
loop_17575	up_in_mutant	0.491245580736082	0.0156471121142045	Poised_Enhancer	Bivalent_Promoter	904999	0	0	Strength Change	Matrix 2	-2.418410795762388	TRUE	TRUE	TRUE	TRUE
loop_22104	up_in_mutant	0.632884902502249	5.15192962683633e-6	Poised_Enhancer	Other	324999	214999	214999	Merge	Matrix 2	-3.7480371522107943	FALSE	FALSE	FALSE	FALSE
loop_14742	up_in_mutant	0.694877635555591	6.95816207002554e-5	Other	Other	NA	NA	NA	NA	NA	NA	NA	NA	NA	NA
loop_22130	up_in_mutant	0.443213393345684	5.96028557809962e-5	Poised_Enhancer	Polycomb	114999	204999	114999	Strength Change	Matrix 1	2.00704357343456	FALSE	FALSE	FALSE	FALSE
loop_21289	up_in_mutant	0.563550164617575	3.46986642661603e-6	Poised_Enhancer	Repressed_Promoter	54999	134999	54999	Complex	Matrix 2	-2.2761432505659447	FALSE	FALSE	FALSE	TRUE
loop_17598	up_in_mutant	0.506597607475277	0.0052296522341305	Repressed_Promoter	Other	414999	239999	239999	Strength Change	Matrix 2	-2.5493805178200337	FALSE	FALSE	FALSE	FALSE
loop_22156	up_in_mutant	0.43872527023598	0.001937891322106	Other	Poised_Enhancer	0	0	0	Complex	Matrix 2	-2.2761432505659447	TRUE	TRUE	TRUE	TRUE
loop_14023	up_in_mutant	0.36175722599601	2.501385922499e-4	Poised_Enhancer	Active_Promoter	39999	0	0	Strength Change	Matrix 2	-2.310044751868802	TRUE	TRUE	TRUE	TRUE
loop_4981	up_in_mutant	0.401309720396561	1.41763506787e-4	Polycomb	Other	494999	634999	494999	Strength Change	Matrix 2	-2.735273361974647	FALSE	FALSE	FALSE	FALSE
loop_17626	up_in_mutant	0.322262930970404	0.0198297021940038	Other	Active_Promoter	0	44999	0	Strength Change	Matrix 2	-3.0435445814052664	TRUE	TRUE	TRUE	TRUE
loop_19970	up_in_mutant	0.53146528715076	2.53086045851812e-6	Repressed_Promoter	Repressed_Promoter	74999	4999	4999	Merge	Matrix 2	-3.9963887067356785	TRUE	TRUE	TRUE	TRUE
loop_17629	up_in_mutant	0.388030818786188	0.003477118552366	Poised_Enhancer	Poised_Enhancer	0	34999	0	Complex	Matrix 2	-5.243268034156028	TRUE	TRUE	TRUE	TRUE
loop_22178	up_in_mutant	0.719235304073705	6.70557572104417e-7	Other	Other	114999	44999	44999	Complex	Matrix 2	-7.921618790563465	FALSE	FALSE	TRUE	TRUE
loop_15965	up_in_mutant	0.66602461869626	5.76361898786108e-6	Polycomb	Polycomb	914999	724999	724999	Split	Matrix 1	2.824068643092717	FALSE	FALSE	FALSE	FALSE
loop_15861	up_in_mutant	0.32326361823425	9.541052947783e-4	Poised_Enhancer	Other	124999	64999	64999	Merge	Matrix 2	-2.45682247153176	FALSE	FALSE	FALSE	TRUE
loop_15906	up_in_mutant	0.326100118035536	0.007080966011071	Polycomb	Active_Enhancer	94999	334999	94999	Shifted	Matrix 2	-2.348493278776633	FALSE	FALSE	FALSE	TRUE
loop_17643	up_in_mutant	0.390219091582256	0.0137341116630258	Poised_Enhancer	Polycomb	569999	489999	489999	Complex	Matrix 1	2.383042446572536	FALSE	FALSE	FALSE	FALSE
loop_22190	up_in_mutant	1.12927622010429	4.3286804284942e-7	Other	Repressed_Promoter	374999	94999	94999	Complex	Matrix 2	-2.1672458938036403	FALSE	FALSE	FALSE	TRUE
loop_17651	up_in_mutant	0.461580471748057	0.0055777320879021	Poised_Enhancer	Poised_Enhancer	519999	449999	449999	Strength Change	Matrix 2	-4.513221936081955	FALSE	FALSE	FALSE	FALSE
loop_17652	up_in_mutant	0.441830953832924	0.0037670425466113	Poised_Enhancer	Poised_Enhancer	114999	189999	114999	Strength Change	Matrix 2	-4.210219672749965	FALSE	FALSE	FALSE	FALSE
loop_22221	up_in_mutant	0.507882556436396	2.472770592892e-4	Poised_Enhancer	Repressed_Promoter	0	284999	0	Strength Change	Matrix 1	2.1084058726716584	TRUE	TRUE	TRUE	TRUE
loop_21428	up_in_mutant	0.385406244620885	2.64891885396266e-5	Poised_Enhancer	Other	84999	0	0	Strength Change	Matrix 2	-4.61006499555424	TRUE	TRUE	TRUE	TRUE
loop_17667	down_in_mutant	-0.464782968796285	0.0058550054749854	Other	Other	934999	879999	879999	Split	Matrix 1	2.352960927365594	FALSE	FALSE	FALSE	FALSE
loop_4695	up_in_mutant	0.455323052598493	1.25858654137e-4	Other	Polycomb	884999	824999	824999	Merge	Matrix 2	-3.5781009087269853	FALSE	FALSE	FALSE	FALSE
loop_17670	up_in_mutant	0.399913501647826	0.0094201274552352	Poised_Enhancer	Active_Promoter	179999	79999	79999	Merge	Matrix 2	-2.408503017459709	FALSE	FALSE	FALSE	TRUE
loop_20108	up_in_mutant	0.392037050674005	0.0020956210649871	Poised_Enhancer	Active_Promoter	814999	654999	654999	Merge	Matrix 2	-2.1767904381234726	FALSE	FALSE	FALSE	FALSE
loop_17676	up_in_mutant	0.37486189366884	0.00991211500056	Active_Enhancer	Poised_Enhancer	174999	199999	174999	Complex	Matrix 2	-4.898022104819412	FALSE	FALSE	FALSE	FALSE
loop_22225	up_in_mutant	0.449464771299967	1.734609997038e-4	Repressed_Promoter	Poised_Enhancer	0	234999	0	Strength Change	Matrix 2	-4.210219672749965	TRUE	TRUE	TRUE	TRUE
loop_17689	up_in_mutant	0.33193691405379	0.0076987052020661	Polycomb	Polycomb	219999	179999	179999	Merge	Matrix 2	-3.87947475160259	FALSE	FALSE	FALSE	FALSE
loop_17706	up_in_mutant	0.363493020298305	0.018476106798106	Other	Other	1014999	1464999	1014999	Merge	Matrix 2	-2.1100274072929013	FALSE	FALSE	FALSE	FALSE
loop_22291	up_in_mutant	0.746621130928402	5.08961242090346e-7	Polycomb	Polycomb	0	84999	0	Shifted	Matrix 2	-4.6166333935074695	TRUE	TRUE	TRUE	TRUE
loop_22297	up_in_mutant	0.46079191713743	1.948529234551e-4	Poised_Enhancer	Poised_Enhancer	4999	94999	4999	Merge	Matrix 2	-2.010326844495693	TRUE	TRUE	TRUE	TRUE
loop_22299	up_in_mutant	0.637393387804431	2.60038563235752e-6	Other	Polycomb	234999	154999	154999	Complex	Matrix 2	-4.483504466431647	FALSE	FALSE	FALSE	FALSE
loop_18044	up_in_mutant	1.12192831598309	2.35670186945449e-7	Polycomb	Repressed_Promoter	2104999	1284999	1284999	Split	Matrix 1	2.0569923671264547	FALSE	FALSE	FALSE	FALSE
loop_19399	up_in_mutant	0.557095258518199	4.331434670883e-4	Repressed_Promoter	Other	894999	394999	394999	Merge	Matrix 2	-2.010326844495693	FALSE	FALSE	FALSE	FALSE
loop_22317	up_in_mutant	0.562390810348757	0.0061589484176612	Other	Repressed_Promoter	384999	914999	384999	Merge	Matrix 2	-2.391191850688506	FALSE	FALSE	FALSE	FALSE
loop_22324	up_in_mutant	0.469672781401048	0.0023798202157446	Other	Other	124999	254999	124999	Merge	Matrix 2	-2.409183069785592	FALSE	FALSE	FALSE	FALSE
loop_22326	up_in_mutant	0.645099703732573	4.499321305313e-4	Other	Repressed_Promoter	444999	914999	444999	Merge	Matrix 2	-2.391191850688506	FALSE	FALSE	FALSE	FALSE
loop_22328	up_in_mutant	1.01937666588718	2.70086165879585e-6	Other	Poised_Enhancer	2694999	2254999	2254999	Split	Matrix 1	4.074379987186409	FALSE	FALSE	FALSE	FALSE
loop_17760	up_in_mutant	0.472249378548824	0.0028435755853884	Poised_Enhancer	Poised_Enhancer	114999	99999	99999	Strength Change	Matrix 1	3.095912184604324	FALSE	FALSE	FALSE	TRUE
loop_17761	up_in_mutant	0.363290558885698	0.00532423128062	Other	Poised_Enhancer	154999	99999	99999	Merge	Matrix 2	-2.22727887913334	FALSE	FALSE	FALSE	TRUE
loop_16413	up_in_mutant	0.396638900476857	1.415365999028e-4	Poised_Enhancer	Active_Promoter	329999	814999	329999	Strength Change	Matrix 1	2.1007398942154705	FALSE	FALSE	FALSE	FALSE
loop_17774	up_in_mutant	0.697475642268889	9.68890544391063e-5	Other	Other	124999	84999	84999	Split	Matrix 1	2.5379775311136754	FALSE	FALSE	FALSE	TRUE
loop_6269	up_in_mutant	0.40688799123759	7.28857881599e-4	Polycomb	Poised_Enhancer	74999	44999	44999	Merge	Matrix 2	-2.3366201043390036	FALSE	FALSE	TRUE	TRUE
loop_17785	up_in_mutant	0.432447966143887	0.0090229696799536	Active_Promoter	Active_Enhancer	0	119999	0	Strength Change	Matrix 1	2.367869152557549	TRUE	TRUE	TRUE	TRUE
loop_21674	up_in_mutant	0.584566621350253	2.87022132418363e-6	Polycomb	Polycomb	224999	24999	24999	Complex	Matrix 2	-2.634351506872966	FALSE	TRUE	TRUE	TRUE
loop_21683	up_in_mutant	0.489643717385458	0.0013495548710864	Other	Poised_Enhancer	54999	74999	54999	Strength Change	Matrix 2	-2.560930818914133	FALSE	FALSE	FALSE	TRUE
loop_8231	up_in_mutant	0.439643789221838	7.88935344227847e-5	Other	Repressed_Promoter	474999	214999	214999	Strength Change	Matrix 1	2.2060725204341325	FALSE	FALSE	FALSE	FALSE
loop_17792	down_in_mutant	-0.333277461130256	0.0053032125033938	Active_Enhancer	Active_Promoter	0	74999	0	Strength Change	Matrix 1	3.066745544918253	TRUE	TRUE	TRUE	TRUE
loop_17797	up_in_mutant	0.437370109693921	0.0096674068351623	Poised_Enhancer	Other	194999	299999	194999	Split	Matrix 1	2.507724807067244	FALSE	FALSE	FALSE	FALSE
loop_22399	up_in_mutant	0.404759104909798	9.01699241986463e-5	Other	Other	0	84999	0	Merge	Matrix 2	-4.407086716356045	TRUE	TRUE	TRUE	TRUE
loop_9033	up_in_mutant	0.313401321133822	0.0025379070373186	Other	Other	44999	94999	44999	Complex	Matrix 2	-4.496790917650169	FALSE	FALSE	TRUE	TRUE
loop_17814	up_in_mutant	0.463792306980279	0.0010176009051256	Poised_Enhancer	Other	9999	54999	9999	Complex	Matrix 1	2.593280463554776	TRUE	TRUE	TRUE	TRUE
loop_17832	up_in_mutant	0.44624905051972	0.019268668583025	Poised_Enhancer	Poised_Enhancer	549999	399999	399999	Merge	Matrix 2	-3.18257132290323	FALSE	FALSE	FALSE	FALSE
loop_17836	up_in_mutant	0.370478287581787	0.0223057579337462	Other	Other	469999	399999	399999	Merge	Matrix 2	-2.942134692155508	FALSE	FALSE	FALSE	FALSE
loop_21914	up_in_mutant	0.380175707614157	1.904642520432e-4	Other	Poised_Enhancer	14999	84999	14999	Merge	Matrix 2	-2.6446734902806206	FALSE	TRUE	TRUE	TRUE
loop_19288	up_in_mutant	0.340003413770746	8.918732337648e-4	Other	Poised_Enhancer	64999	204999	64999	Merge	Matrix 2	-2.2113171952709885	FALSE	FALSE	FALSE	TRUE
loop_20991	up_in_mutant	0.377582386680074	1.119806709163e-4	Polycomb	Bivalent_Promoter	424999	484999	424999	Split	Matrix 1	2.8541448959252405	FALSE	FALSE	FALSE	FALSE
loop_12836	up_in_mutant	0.317728591664042	0.0032632879868738	Other	Other	514999	94999	94999	Merge	Matrix 2	-2.244403858177549	FALSE	FALSE	FALSE	TRUE
loop_17875	up_in_mutant	0.363460893004367	0.0259347454462345	Other	Active_Promoter	109999	54999	54999	Shifted	Matrix 1	3.1086629609164618	FALSE	FALSE	FALSE	TRUE
loop_22013	up_in_mutant	0.382133093057732	0.0034691069192835	Other	Other	34999	4999	4999	Complex	Matrix 2	-2.154971433540944	TRUE	TRUE	TRUE	TRUE
loop_11947	up_in_mutant	0.471098424126471	2.05252184450365e-5	Polycomb	Polycomb	0	0	0	Merge	Matrix 2	-2.1368256317276537	TRUE	TRUE	TRUE	TRUE
loop_17422	up_in_mutant	0.394898692150251	1.983968100419e-4	Polycomb	Polycomb	149999	0	0	Strength Change	Matrix 2	-4.34586353547168	TRUE	TRUE	TRUE	TRUE
loop_22093	up_in_mutant	0.544557360085885	7.13271069785376e-6	Polycomb	Polycomb	54999	24999	24999	Strength Change	Matrix 2	-2.273713156772252	FALSE	TRUE	TRUE	TRUE
loop_6930	up_in_mutant	0.964980484322235	2.52377172523343e-7	Polycomb	Repressed_Promoter	74999	194999	74999	Strength Change	Matrix 2	-2.273713156772252	FALSE	FALSE	FALSE	TRUE
loop_19759	up_in_mutant	0.515594642670345	2.55779478483e-4	Repressed_Promoter	Polycomb	274999	554999	274999	Split	Matrix 1	2.0199995341911094	FALSE	FALSE	FALSE	FALSE
loop_15310	up_in_mutant	0.567777123679298	1.33523178893e-4	Repressed_Promoter	Other	334999	114999	114999	Split	Matrix 1	2.9094581164349167	FALSE	FALSE	FALSE	FALSE
loop_17920	up_in_mutant	0.326913189355618	0.0254974659648678	Polycomb	Repressed_Promoter	0	0	0	Shifted	Matrix 1	8.199879272199244	TRUE	TRUE	TRUE	TRUE
loop_17921	up_in_mutant	0.451381507480622	0.0130359506450365	Other	Other	204999	299999	204999	Strength Change	Matrix 1	2.257209710876516	FALSE	FALSE	FALSE	FALSE
loop_15375	up_in_mutant	0.339741452355295	9.87147978421598e-5	Repressed_Promoter	Repressed_Promoter	184999	334999	184999	Merge	Matrix 2	-6.03794205162292	FALSE	FALSE	FALSE	FALSE
loop_17959	down_in_mutant	-0.339710702176954	0.0192051183788789	Active_Enhancer	Other	14999	79999	14999	Strength Change	Matrix 1	2.8213630018085785	FALSE	TRUE	TRUE	TRUE
loop_17960	up_in_mutant	0.350628045098715	0.018241328143512	Other	Poised_Enhancer	9999	44999	9999	Merge	Matrix 2	-2.010326844495693	TRUE	TRUE	TRUE	TRUE
loop_18040	up_in_mutant	0.482249657822774	0.0079444067852622	Polycomb	Polycomb	1574999	1274999	1274999	Split	Matrix 1	2.0569923671264547	FALSE	FALSE	FALSE	FALSE
loop_55	down_in_mutant	-0.428342941993396	0.01019265010965	Polycomb	Polycomb	194999	344999	194999	Complex	Matrix 2	-4.896833518087421	FALSE	FALSE	FALSE	FALSE
loop_58	up_in_mutant	0.383233469280687	0.0050877798299685	Other	Other	64999	84999	64999	Complex	Matrix 2	-4.896833518087421	FALSE	FALSE	FALSE	TRUE
loop_128	down_in_mutant	-0.612124974859398	8.8844604722775e-6	Other	Poised_Enhancer	4999	134999	4999	Complex	Matrix 1	4.137238444768616	TRUE	TRUE	TRUE	TRUE
loop_147	down_in_mutant	-0.360117310055077	0.0018198952925344	Active_Promoter	Active_Promoter	184999	0	0	Merge	Matrix 2	-2.95318962447042	TRUE	TRUE	TRUE	TRUE
loop_235	down_in_mutant	-0.378574360390906	0.0079723657922491	Poised_Enhancer	Poised_Enhancer	104999	44999	44999	Strength Change	Matrix 2	-2.3106986183509663	FALSE	FALSE	TRUE	TRUE
loop_286	down_in_mutant	-0.346625404945472	0.0120650459330036	Active_Promoter	Other	394999	0	0	Strength Change	Matrix 2	-3.106960644848245	TRUE	TRUE	TRUE	TRUE
loop_287	down_in_mutant	-0.327410129087551	0.0237069804547986	Active_Enhancer	Poised_Enhancer	74999	104999	74999	Merge	Matrix 2	-4.211123386403107	FALSE	FALSE	FALSE	TRUE
loop_293	down_in_mutant	-0.461578617516336	0.0162741077633771	Active_Promoter	Active_Promoter	204999	84999	84999	Merge	Matrix 2	-3.799144961715485	FALSE	FALSE	FALSE	TRUE
loop_305	down_in_mutant	-0.350792122921932	9.70644555252465e-5	Active_Enhancer	Active_Enhancer	84999	24999	24999	Complex	Matrix 1	5.4016423600764965	FALSE	TRUE	TRUE	TRUE
loop_412	down_in_mutant	-0.424274135686191	4.50131101690735e-5	Poised_Enhancer	Other	84999	164999	84999	Strength Change	Matrix 1	2.418870510602405	FALSE	FALSE	FALSE	TRUE
loop_417	down_in_mutant	-0.572242398544398	5.40247727747067e-5	Active_Enhancer	Active_Promoter	114999	34999	34999	Merge	Matrix 2	-2.273442434452727	FALSE	FALSE	TRUE	TRUE
loop_11032	down_in_mutant	-0.367962251899442	0.0012721902306625	Active_Enhancer	Poised_Enhancer	384999	79999	79999	Split	Matrix 1	2.3908288229897003	FALSE	FALSE	FALSE	TRUE
loop_440	down_in_mutant	-0.328556594069149	0.0050812741356668	Poised_Enhancer	Poised_Enhancer	84999	4999	4999	Strength Change	Matrix 1	2.652749246833981	TRUE	TRUE	TRUE	TRUE
loop_441	up_in_mutant	0.39640654926762	0.0159666336204668	Other	Other	894999	24999	24999	Strength Change	Matrix 2	-2.3687374311077427	FALSE	TRUE	TRUE	TRUE
loop_553	up_in_mutant	0.417605096911417	1.25858654137e-4	Poised_Enhancer	Other	4999	144999	4999	Merge	Matrix 2	-2.5186756963878363	TRUE	TRUE	TRUE	TRUE
loop_575	down_in_mutant	-0.321714791828537	0.005417077135374	Active_Enhancer	Active_Enhancer	154999	184999	154999	Split	Matrix 1	2.2198517373193583	FALSE	FALSE	FALSE	FALSE
loop_585	down_in_mutant	-0.362049750476963	0.0198516631372235	Active_Enhancer	Poised_Enhancer	24999	354999	24999	Merge	Matrix 2	-2.0471229335465897	FALSE	TRUE	TRUE	TRUE
loop_590	down_in_mutant	-0.78526457802704	0.0028008942024302	Active_Enhancer	Poised_Enhancer	24999	194999	24999	Merge	Matrix 2	-2.0471229335465897	FALSE	TRUE	TRUE	TRUE
loop_627	down_in_mutant	-0.513502405322124	4.253388783568e-4	Poised_Enhancer	Active_Enhancer	124999	0	0	Strength Change	Matrix 1	5.306589051160387	TRUE	TRUE	TRUE	TRUE
loop_720	down_in_mutant	-0.401518608132599	0.0025684532071766	Bivalent_Promoter	Other	24999	164999	24999	Strength Change	Matrix 2	-3.229172195113608	FALSE	TRUE	TRUE	TRUE
loop_757	down_in_mutant	-0.367065227917938	6.527792195003e-4	Active_Enhancer	Active_Enhancer	174999	44999	44999	Split	Matrix 1	2.5005823578002	FALSE	FALSE	TRUE	TRUE
loop_765	down_in_mutant	-0.340136399053279	0.0063668862223051	Active_Enhancer	Active_Enhancer	304999	0	0	Split	Matrix 1	2.4408597701936565	TRUE	TRUE	TRUE	TRUE
loop_767	down_in_mutant	-0.509068419071991	3.75435118466486e-5	Poised_Enhancer	Other	1064999	1254999	1064999	Strength Change	Matrix 2	-3.229172195113608	FALSE	FALSE	FALSE	FALSE
loop_768	down_in_mutant	-0.317199586552533	0.0075252944653637	Poised_Enhancer	Poised_Enhancer	24999	4999	4999	Strength Change	Matrix 2	-4.082329173410274	TRUE	TRUE	TRUE	TRUE
loop_13138	down_in_mutant	-0.359317060943033	0.0012094872250573	Active_Enhancer	Poised_Enhancer	484999	124999	124999	Strength Change	Matrix 1	2.3303466498024963	FALSE	FALSE	FALSE	FALSE
loop_863	down_in_mutant	-0.348392231907732	0.0044153735337659	Other	Active_Enhancer	174999	4999	4999	Shifted	Matrix 1	5.038210083138694	TRUE	TRUE	TRUE	TRUE
loop_962	down_in_mutant	-0.519327888299605	0.0023248257218727	Other	Active_Enhancer	54999	424999	54999	Strength Change	Matrix 1	2.356400553823324	FALSE	FALSE	FALSE	TRUE
loop_14598	down_in_mutant	-0.403488035784573	8.580107711305e-4	Poised_Enhancer	Active_Promoter	389999	89999	89999	Split	Matrix 1	4.809484322084695	FALSE	FALSE	FALSE	TRUE
loop_1081	down_in_mutant	-0.583600145440039	4.05282593169996e-6	Active_Enhancer	Other	94999	124999	94999	Shifted	Matrix 2	-2.520845260595394	FALSE	FALSE	FALSE	TRUE
loop_1087	down_in_mutant	-0.307457052592448	0.0030057281260898	Active_Enhancer	Other	14999	164999	14999	Merge	Matrix 2	-2.740050807085134	FALSE	TRUE	TRUE	TRUE
loop_1095	down_in_mutant	-0.31663614146318	0.0122866544130757	Poised_Enhancer	Active_Enhancer	94999	304999	94999	Split	Matrix 1	6.4599033688588765	FALSE	FALSE	FALSE	TRUE
loop_1096	down_in_mutant	-0.513116270984501	5.194783065599e-4	Poised_Enhancer	Active_Enhancer	0	54999	0	Shifted	Matrix 1	2.5313582957776335	TRUE	TRUE	TRUE	TRUE
loop_1109	down_in_mutant	-0.382409201111413	0.0280389063352432	Poised_Enhancer	Other	34999	174999	34999	Complex	Matrix 1	2.7700877056583626	FALSE	FALSE	TRUE	TRUE
loop_15620	down_in_mutant	-0.480893016048178	7.376545202003e-4	Active_Promoter	Other	0	9999	0	Strength Change	Matrix 2	-3.4125830751631945	TRUE	TRUE	TRUE	TRUE
loop_1150	down_in_mutant	-0.303249253519612	0.0013885817827228	Poised_Enhancer	Active_Promoter	74999	0	0	Split	Matrix 1	2.7969703673384787	TRUE	TRUE	TRUE	TRUE
loop_1177	up_in_mutant	0.401006646269574	0.0034445564856082	Other	Other	44999	254999	44999	Merge	Matrix 2	-2.409183069785592	FALSE	FALSE	TRUE	TRUE
loop_1219	down_in_mutant	-0.304971175567785	0.0201687014333943	Active_Promoter	Active_Enhancer	0	4999	0	Shifted	Matrix 1	3.149079969545381	TRUE	TRUE	TRUE	TRUE
loop_1226	down_in_mutant	-0.386065427480871	0.0046343926254991	Active_Enhancer	Active_Enhancer	94999	234999	94999	Strength Change	Matrix 1	3.6639504668222505	FALSE	FALSE	FALSE	TRUE
loop_1229	up_in_mutant	0.317265138263658	0.0031726060339704	Other	Other	514999	704999	514999	Merge	Matrix 2	-2.147542846252574	FALSE	FALSE	FALSE	FALSE
loop_16584	down_in_mutant	-0.306188383743301	0.0055205591217341	Repressed_Promoter	Other	214999	474999	214999	Merge	Matrix 2	-3.0099167232717856	FALSE	FALSE	FALSE	FALSE
loop_1282	down_in_mutant	-0.397050921440823	0.015694005077494	Other	Bivalent_Promoter	124999	24999	24999	Complex	Matrix 1	4.641126280807499	FALSE	TRUE	TRUE	TRUE
loop_1289	down_in_mutant	-0.509278242967867	0.0175396772336043	Poised_Enhancer	Polycomb	0	334999	0	Strength Change	Matrix 1	3.0230167955569	TRUE	TRUE	TRUE	TRUE
loop_1312	up_in_mutant	0.399435136015559	7.70346728577492e-5	Other	Repressed_Promoter	34999	114999	34999	Merge	Matrix 2	-2.7383395087330253	FALSE	FALSE	TRUE	TRUE
loop_1354	down_in_mutant	-0.481737134546612	1.58974495261299e-5	Other	Active_Promoter	0	244999	0	Complex	Matrix 1	4.137238444768616	TRUE	TRUE	TRUE	TRUE
loop_1371	up_in_mutant	0.396828173413121	3.18071522105e-4	Polycomb	Polycomb	144999	114999	114999	Merge	Matrix 2	-3.891737300633499	FALSE	FALSE	FALSE	FALSE
loop_1384	down_in_mutant	-0.738848258373141	0.0093968442960083	Repressed_Promoter	Polycomb	24999	54999	24999	Shifted	Matrix 1	2.031000427721506	FALSE	TRUE	TRUE	TRUE
loop_1385	down_in_mutant	-1.05558770875933	0.0035652737350348	Repressed_Promoter	Repressed_Promoter	634999	0	0	Strength Change	Matrix 2	-2.1722536330566853	TRUE	TRUE	TRUE	TRUE
loop_16947	down_in_mutant	-0.30246535612463	0.0111014926177343	Other	Polycomb	0	39999	0	Strength Change	Matrix 1	2.069579100198374	TRUE	TRUE	TRUE	TRUE
loop_1456	down_in_mutant	-0.392313062022172	0.0041959248542036	Active_Promoter	Other	324999	4999	4999	Strength Change	Matrix 1	2.247022970436634	TRUE	TRUE	TRUE	TRUE
loop_1460	down_in_mutant	-0.317868062247377	0.0157418222482709	Active_Promoter	Other	124999	124999	124999	Strength Change	Matrix 2	-2.8033902984919936	FALSE	FALSE	FALSE	FALSE
loop_1461	up_in_mutant	0.336224073113864	0.001331433667326	Other	Poised_Enhancer	204999	4999	4999	Merge	Matrix 2	-3.799144961715485	TRUE	TRUE	TRUE	TRUE
loop_1465	down_in_mutant	-0.420177286150805	0.0102641702886753	Active_Promoter	Active_Enhancer	154999	34999	34999	Complex	Matrix 1	3.307578092498839	FALSE	FALSE	TRUE	TRUE
loop_1501	down_in_mutant	-0.351520938385823	0.0096939014084839	Active_Promoter	Active_Enhancer	4999	344999	4999	Split	Matrix 1	3.4932836023613274	TRUE	TRUE	TRUE	TRUE
loop_4498	up_in_mutant	0.369713827296286	3.110239723573e-4	Polycomb	Polycomb	484999	234999	234999	Strength Change	Matrix 2	-3.9621326097096192	FALSE	FALSE	FALSE	FALSE
loop_1516	down_in_mutant	-0.438883832105783	0.0173587898058348	Other	Other	234999	0	0	Strength Change	Matrix 2	-2.0501047790799927	TRUE	TRUE	TRUE	TRUE
loop_1541	down_in_mutant	-0.311747844893679	0.0280988106459218	Active_Promoter	Active_Promoter	84999	74999	74999	Split	Matrix 1	2.5586225099561593	FALSE	FALSE	FALSE	TRUE
loop_1543	up_in_mutant	0.424191634546452	0.0020236225490552	Polycomb	Repressed_Promoter	774999	994999	774999	Strength Change	Matrix 2	-2.159350437775918	FALSE	FALSE	FALSE	FALSE
loop_17209	down_in_mutant	-0.420278706755833	5.12963600116026e-5	Active_Promoter	Active_Enhancer	0	209999	0	Split	Matrix 1	2.980971555860907	TRUE	TRUE	TRUE	TRUE
loop_1582	down_in_mutant	-0.351872046257154	0.0248769670683402	Active_Enhancer	Active_Enhancer	64999	134999	64999	Merge	Matrix 2	-2.158876568574359	FALSE	FALSE	FALSE	TRUE
loop_1594	down_in_mutant	-0.40499322902473	0.010722490899972	Other	Active_Promoter	14999	174999	14999	Split	Matrix 1	2.9448315944406693	FALSE	TRUE	TRUE	TRUE
loop_1612	down_in_mutant	-0.357355603955237	3.348847760854e-4	Active_Promoter	Poised_Enhancer	74999	114999	74999	Split	Matrix 1	2.4542009871559594	FALSE	FALSE	FALSE	TRUE
loop_1631	down_in_mutant	-0.433755791943041	0.0116192823440502	Poised_Enhancer	Other	154999	104999	104999	Strength Change	Matrix 1	2.0587853301415966	FALSE	FALSE	FALSE	FALSE
loop_4354	up_in_mutant	0.310123272173456	0.0023129436540737	Active_Promoter	Poised_Enhancer	114999	4999	4999	Shifted	Matrix 1	4.103722485733357	TRUE	TRUE	TRUE	TRUE
loop_1667	down_in_mutant	-0.535064350220092	1.59985952977852e-5	Poised_Enhancer	Poised_Enhancer	134999	144999	134999	Merge	Matrix 2	-2.599343885226858	FALSE	FALSE	FALSE	FALSE
loop_19791	up_in_mutant	0.34441690008323	2.552084626416e-4	Active_Promoter	Poised_Enhancer	344999	269999	269999	Shifted	Matrix 1	2.056397001456181	FALSE	FALSE	FALSE	FALSE
loop_1685	down_in_mutant	-0.345686006442807	0.012178876697798	Poised_Enhancer	Poised_Enhancer	34999	194999	34999	Strength Change	Matrix 2	-2.104319381749457	FALSE	FALSE	TRUE	TRUE
loop_17448	down_in_mutant	-0.350532835400694	0.0058790183860123	Poised_Enhancer	Active_Enhancer	184999	0	0	Strength Change	Matrix 1	4.099104738275044	TRUE	TRUE	TRUE	TRUE
loop_1730	down_in_mutant	-0.301714913250761	0.0165557435299713	Other	Other	74999	24999	24999	Shifted	Matrix 1	2.2960920465059993	FALSE	TRUE	TRUE	TRUE
loop_1793	down_in_mutant	-0.37886378601893	0.0028095071483556	Active_Enhancer	Active_Enhancer	734999	0	0	Split	Matrix 1	2.4408597701936565	TRUE	TRUE	TRUE	TRUE
loop_1807	down_in_mutant	-0.304725344255729	0.0168924077516594	Other	Other	44999	0	0	Strength Change	Matrix 1	2.947292972414587	TRUE	TRUE	TRUE	TRUE
loop_1832	down_in_mutant	-0.56954623464094	0.0050284613738383	Poised_Enhancer	Other	NA	NA	NA	NA	NA	NA	NA	NA	NA	NA
loop_1838	up_in_mutant	0.369687900155665	0.0223708108007757	Other	Other	NA	NA	NA	NA	NA	NA	NA	NA	NA	NA
loop_1876	down_in_mutant	-0.385547666231708	0.0067492565698469	Active_Enhancer	Active_Promoter	74999	204999	74999	Strength Change	Matrix 1	3.050947632052575	FALSE	FALSE	FALSE	TRUE
loop_1881	down_in_mutant	-0.302730273595515	0.0046045471218544	Poised_Enhancer	Poised_Enhancer	4999	104999	4999	Merge	Matrix 2	-2.845958188998973	TRUE	TRUE	TRUE	TRUE
loop_1926	down_in_mutant	-0.496310707967449	4.949617405952e-4	Active_Enhancer	Active_Enhancer	504999	684999	504999	Split	Matrix 1	3.097107610934099	FALSE	FALSE	FALSE	FALSE
loop_21378	up_in_mutant	0.460453898618648	2.357030486601e-4	Polycomb	Polycomb	604999	954999	604999	Merge	Matrix 2	-2.2912642383634907	FALSE	FALSE	FALSE	FALSE
loop_2337	down_in_mutant	-0.554403735616347	1.388477754494e-4	Poised_Enhancer	Active_Promoter	339999	89999	89999	Split	Matrix 1	4.809484322084695	FALSE	FALSE	FALSE	TRUE
loop_1972	down_in_mutant	-0.311686636574463	0.0044525608861514	Active_Enhancer	Active_Enhancer	64999	24999	24999	Strength Change	Matrix 2	-2.0202076798516884	FALSE	TRUE	TRUE	TRUE
loop_2009	down_in_mutant	-0.303328916114961	0.0079651509051349	Other	Other	124999	274999	124999	Split	Matrix 1	2.9296434093024084	FALSE	FALSE	FALSE	FALSE
loop_2022	down_in_mutant	-0.448351187341716	0.0039520430697681	Polycomb	Repressed_Promoter	134999	484999	134999	Strength Change	Matrix 2	-3.1312719503544377	FALSE	FALSE	FALSE	FALSE
loop_2035	down_in_mutant	-0.508546412605396	1.48310526848431e-5	Other	Active_Promoter	134999	0	0	Split	Matrix 1	6.411782545881877	TRUE	TRUE	TRUE	TRUE
loop_2037	down_in_mutant	-0.395070523661932	3.097877626142e-4	Active_Promoter	Active_Promoter	134999	0	0	Split	Matrix 1	2.647401233217331	TRUE	TRUE	TRUE	TRUE
loop_2060	down_in_mutant	-0.364387839689459	0.0147518736941879	Poised_Enhancer	Other	34999	164999	34999	Strength Change	Matrix 1	2.204202558737038	FALSE	FALSE	TRUE	TRUE
loop_2061	down_in_mutant	-0.437312814623586	0.005487018334462	Active_Promoter	Active_Enhancer	344999	0	0	Shifted	Matrix 2	-2.520845260595394	TRUE	TRUE	TRUE	TRUE
loop_2062	down_in_mutant	-0.377125229448659	0.0148081097135307	Poised_Enhancer	Poised_Enhancer	44999	144999	44999	Strength Change	Matrix 1	2.3764868755782813	FALSE	FALSE	TRUE	TRUE
loop_2073	down_in_mutant	-0.443589692460237	0.0202336212963071	Poised_Enhancer	Poised_Enhancer	754999	224999	224999	Strength Change	Matrix 2	-2.944475812854456	FALSE	FALSE	FALSE	FALSE
loop_2074	down_in_mutant	-1.25053334219114	6.1721781847153e-6	Polycomb	Polycomb	154999	64999	64999	Merge	Matrix 2	-2.1100274072929013	FALSE	FALSE	FALSE	TRUE
loop_2480	down_in_mutant	-0.505965528758404	7.859328797927e-4	Repressed_Promoter	Repressed_Promoter	134999	219999	134999	Strength Change	Matrix 1	2.62834140673245	FALSE	FALSE	FALSE	FALSE
loop_2088	down_in_mutant	-0.338371609726041	5.116284015061e-4	Active_Promoter	Poised_Enhancer	84999	14999	14999	Strength Change	Matrix 1	2.2665558251920146	FALSE	TRUE	TRUE	TRUE
loop_2105	down_in_mutant	-0.3049127979897	0.0252280804611064	Active_Promoter	Poised_Enhancer	314999	34999	34999	Merge	Matrix 2	-2.003627082616024	FALSE	FALSE	TRUE	TRUE
loop_2108	down_in_mutant	-0.354534616288842	0.0146431116130958	Other	Other	204999	494999	204999	Strength Change	Matrix 1	2.0452968314069344	FALSE	FALSE	FALSE	FALSE
loop_2115	down_in_mutant	-0.338173005482821	0.027421544998482	Active_Promoter	Active_Enhancer	94999	334999	94999	Strength Change	Matrix 2	-4.206700506369612	FALSE	FALSE	FALSE	TRUE
loop_2117	down_in_mutant	-0.887982533764969	0.0013719508045915	Polycomb	Polycomb	24999	54999	24999	Strength Change	Matrix 2	-2.09070200323818	FALSE	TRUE	TRUE	TRUE
loop_2154	down_in_mutant	-0.398729172980647	0.0027160159253578	Active_Promoter	Poised_Enhancer	804999	1084999	804999	Merge	Matrix 2	-2.6826494584601814	FALSE	FALSE	FALSE	FALSE
loop_2155	down_in_mutant	-0.365149708431649	0.0046170674619159	Active_Promoter	Active_Enhancer	0	4999	0	Strength Change	Matrix 1	5.590853689083416	TRUE	TRUE	TRUE	TRUE
loop_2175	down_in_mutant	-0.386921155820101	0.009764272007731	Poised_Enhancer	Other	334999	274999	274999	Merge	Matrix 2	-2.504533606688052	FALSE	FALSE	FALSE	FALSE
loop_2186	down_in_mutant	-0.699474034887849	0.0023058232764264	Polycomb	Repressed_Promoter	414999	474999	414999	Complex	Matrix 2	-2.112136485223518	FALSE	FALSE	FALSE	FALSE
loop_2212	down_in_mutant	-0.357861269121538	0.0025684532071766	Active_Enhancer	Active_Enhancer	1054999	1234999	1054999	Merge	Matrix 2	-2.216316408753002	FALSE	FALSE	FALSE	FALSE
loop_18727	down_in_mutant	-0.47348034767217	9.071935237486e-4	Active_Enhancer	Active_Enhancer	14999	404999	14999	Strength Change	Matrix 1	2.028358296640608	FALSE	TRUE	TRUE	TRUE
loop_4243	down_in_mutant	-0.324555894152314	6.739318584471e-4	Poised_Enhancer	Active_Promoter	4999	119999	4999	Split	Matrix 1	2.11542623158456	TRUE	TRUE	TRUE	TRUE
loop_2253	up_in_mutant	0.350536011446174	0.0126101911122405	Other	Other	124999	34999	34999	Merge	Matrix 2	-2.668784314916656	FALSE	FALSE	TRUE	TRUE
loop_2257	down_in_mutant	-0.402757177492851	0.0038571622921264	Poised_Enhancer	Active_Enhancer	14999	404999	14999	Shifted	Matrix 2	-3.270308925983218	FALSE	TRUE	TRUE	TRUE
loop_2258	down_in_mutant	-0.429114058464164	0.0162875139061459	Active_Promoter	Active_Enhancer	1374999	934999	934999	Complex	Matrix 2	-2.2204252283104786	FALSE	FALSE	FALSE	FALSE
loop_2314	down_in_mutant	-0.427724929952878	0.0140433866165185	Active_Enhancer	Active_Enhancer	0	1214999	0	Split	Matrix 1	2.5328134310333397	TRUE	TRUE	TRUE	TRUE
loop_2325	up_in_mutant	0.457844978756408	0.0020696918492446	Poised_Enhancer	Polycomb	1524999	1184999	1184999	Strength Change	Matrix 1	2.2060725204341325	FALSE	FALSE	FALSE	FALSE
loop_8679	down_in_mutant	-0.530423907324295	4.705794079349e-4	Other	Repressed_Promoter	874999	0	0	Split	Matrix 1	2.5974657257648572	TRUE	TRUE	TRUE	TRUE
loop_2338	down_in_mutant	-0.72167848607225	0.0107976792544575	Active_Enhancer	Active_Enhancer	24999	4999	4999	Complex	Matrix 2	-2.812007322757744	TRUE	TRUE	TRUE	TRUE
loop_2368	down_in_mutant	-0.363377834971474	0.0121295719768916	Active_Enhancer	Active_Enhancer	4999	474999	4999	Complex	Matrix 1	2.4292138482909023	TRUE	TRUE	TRUE	TRUE
loop_2379	down_in_mutant	-0.429438640005797	0.0040735599261542	Active_Enhancer	Active_Enhancer	14999	474999	14999	Complex	Matrix 1	2.5788135950502555	FALSE	TRUE	TRUE	TRUE
loop_2386	down_in_mutant	-0.412069083154856	0.001223849428592	Active_Enhancer	Poised_Enhancer	614999	364999	364999	Merge	Matrix 2	-3.2122890555910537	FALSE	FALSE	FALSE	FALSE
loop_2387	down_in_mutant	-0.40845703088672	0.0015612533267469	Active_Enhancer	Active_Enhancer	184999	474999	184999	Strength Change	Matrix 1	3.4766575877472734	FALSE	FALSE	FALSE	FALSE
loop_2415	down_in_mutant	-0.414092441737457	0.016594460605586	Repressed_Promoter	Other	0	14999	0	Strength Change	Matrix 1	3.083903834564563	TRUE	TRUE	TRUE	TRUE
loop_2418	down_in_mutant	-1.08587365750228	1.3644068929898e-5	Poised_Enhancer	Active_Enhancer	94999	524999	94999	Strength Change	Matrix 1	4.05323844879309	FALSE	FALSE	FALSE	TRUE
loop_2429	down_in_mutant	-0.40831576093969	0.0278185860654381	Polycomb	Polycomb	4999	514999	4999	Merge	Matrix 2	-2.1211278404160674	TRUE	TRUE	TRUE	TRUE
loop_2432	down_in_mutant	-0.305472167025876	0.0284994487322809	Active_Promoter	Poised_Enhancer	74999	164999	74999	Strength Change	Matrix 1	2.8647781359222475	FALSE	FALSE	FALSE	TRUE
loop_2505	down_in_mutant	-0.39345799126794	0.0046045471218544	Active_Promoter	Active_Enhancer	364999	104999	104999	Merge	Matrix 2	-2.416855417395399	FALSE	FALSE	FALSE	FALSE
loop_2515	up_in_mutant	0.352769446315732	0.0024181064181188	Polycomb	Polycomb	4999	94999	4999	Merge	Matrix 2	-2.4651060330018306	TRUE	TRUE	TRUE	TRUE
loop_2532	down_in_mutant	-0.315517249469948	0.024646310535305	Other	Other	104999	444999	104999	Strength Change	Matrix 2	-2.3026716229719275	FALSE	FALSE	FALSE	FALSE
loop_2533	down_in_mutant	-0.44244147825646	0.0023633669901125	Other	Poised_Enhancer	854999	454999	454999	Shifted	Matrix 2	-3.218671126849691	FALSE	FALSE	FALSE	FALSE
loop_9688	down_in_mutant	-0.314422943837828	0.0066877011041566	Other	Other	0	14999	0	Strength Change	Matrix 1	2.069579100198374	TRUE	TRUE	TRUE	TRUE
loop_2565	down_in_mutant	-0.346950485210338	0.0011005210683704	Poised_Enhancer	Active_Enhancer	154999	0	0	Complex	Matrix 1	7.038145438880477	TRUE	TRUE	TRUE	TRUE
loop_2573	down_in_mutant	-0.32337608239459	0.0015073827602641	Bivalent_Promoter	Active_Promoter	34999	194999	34999	Strength Change	Matrix 1	2.320633568723561	FALSE	FALSE	TRUE	TRUE
loop_16984	up_in_mutant	0.449492547900714	8.40175638713091e-5	Polycomb	Polycomb	114999	614999	114999	Strength Change	Matrix 1	2.2288474109998377	FALSE	FALSE	FALSE	FALSE
loop_2600	down_in_mutant	-0.587775891771127	0.015298149963012	Active_Enhancer	Active_Enhancer	44999	0	0	Strength Change	Matrix 1	3.817362566080551	TRUE	TRUE	TRUE	TRUE
loop_2614	down_in_mutant	-0.527652771053765	0.0240967070501978	Active_Promoter	Active_Promoter	1334999	74999	74999	Strength Change	Matrix 1	2.294310847887978	FALSE	FALSE	FALSE	TRUE
loop_2650	up_in_mutant	0.365495065129327	6.91753288901395e-5	Other	Poised_Enhancer	0	0	0	Complex	Matrix 2	-7.113507172496459	TRUE	TRUE	TRUE	TRUE
loop_2663	down_in_mutant	-0.342051564332163	0.0026592352195874	Repressed_Promoter	Polycomb	74999	164999	74999	Merge	Matrix 2	-4.769084038988442	FALSE	FALSE	FALSE	TRUE
loop_2670	down_in_mutant	-0.400281203844021	0.0212782028895911	Active_Promoter	Active_Promoter	164999	94999	94999	Merge	Matrix 2	-2.5310739165270326	FALSE	FALSE	FALSE	TRUE
loop_2727	down_in_mutant	-0.319272961692068	0.0013409260561746	Other	Other	84999	0	0	Shifted	Matrix 1	3.21210756515027	TRUE	TRUE	TRUE	TRUE
loop_2762	down_in_mutant	-0.334992401099177	0.0022040566092055	Active_Enhancer	Active_Promoter	44999	24999	24999	Strength Change	Matrix 1	2.4265150930153947	FALSE	TRUE	TRUE	TRUE
loop_2775	down_in_mutant	-0.364168266982651	0.0020815478741168	Active_Enhancer	Active_Enhancer	44999	64999	44999	Shifted	Matrix 2	-2.4613511725054265	FALSE	FALSE	TRUE	TRUE
loop_2778	down_in_mutant	-0.350527936164396	7.723108203784e-4	Active_Enhancer	Active_Enhancer	0	104999	0	Complex	Matrix 1	2.5185570434139244	TRUE	TRUE	TRUE	TRUE
loop_2783	down_in_mutant	-0.426628206101119	0.0027572331120902	Active_Promoter	Active_Enhancer	0	224999	0	Split	Matrix 1	2.980971555860907	TRUE	TRUE	TRUE	TRUE
loop_2791	up_in_mutant	0.305293676796687	0.0021098994716862	Poised_Enhancer	Other	54999	84999	54999	Merge	Matrix 2	-2.6446734902806206	FALSE	FALSE	FALSE	TRUE
loop_11085	down_in_mutant	-0.420632267324955	4.705794079349e-4	Poised_Enhancer	Other	234999	169999	169999	Strength Change	Matrix 2	-2.520501094365891	FALSE	FALSE	FALSE	FALSE
loop_2811	down_in_mutant	-0.416109901249989	0.0101483175503552	Other	Poised_Enhancer	144999	14999	14999	Strength Change	Matrix 1	2.7323644755633354	FALSE	TRUE	TRUE	TRUE
loop_17258	up_in_mutant	0.384989516962391	3.295612194157e-4	Other	Other	109999	169999	109999	Strength Change	Matrix 1	2.065153114885859	FALSE	FALSE	FALSE	FALSE
loop_2923	down_in_mutant	-0.349712364991175	0.0011176921476137	Poised_Enhancer	Poised_Enhancer	44999	194999	44999	Merge	Matrix 2	-2.678104479451829	FALSE	FALSE	TRUE	TRUE
loop_2931	down_in_mutant	-0.313062917143718	0.0050877798299685	Active_Enhancer	Poised_Enhancer	194999	334999	194999	Strength Change	Matrix 1	2.7737339640448733	FALSE	FALSE	FALSE	FALSE
loop_2966	down_in_mutant	-0.313408760155147	0.0132337625895197	Active_Promoter	Active_Enhancer	34999	44999	34999	Split	Matrix 1	3.3397678008060665	FALSE	FALSE	TRUE	TRUE
loop_18867	down_in_mutant	-0.354083228206352	0.0033025408951208	Active_Promoter	Polycomb	154999	0	0	Strength Change	Matrix 2	-3.0202945536531014	TRUE	TRUE	TRUE	TRUE
loop_3007	down_in_mutant	-0.439195163964159	0.0087779067812869	Active_Promoter	Active_Promoter	124999	84999	84999	Shifted	Matrix 2	-2.554015796400039	FALSE	FALSE	FALSE	TRUE
loop_3059	down_in_mutant	-0.404811497339269	0.0020412863096884	Active_Enhancer	Active_Promoter	0	94999	0	Strength Change	Matrix 1	5.306589051160387	TRUE	TRUE	TRUE	TRUE
loop_3067	down_in_mutant	-0.350334040541818	0.0052697279458743	Poised_Enhancer	Active_Promoter	14999	94999	14999	Complex	Matrix 2	-2.0506806028373643	FALSE	TRUE	TRUE	TRUE
loop_3070	down_in_mutant	-0.380587835816651	0.0056301402058789	Other	Active_Promoter	84999	14999	14999	Shifted	Matrix 1	3.843698543569467	FALSE	TRUE	TRUE	TRUE
loop_3091	down_in_mutant	-0.459495845749486	2.50458627324543e-5	Active_Enhancer	Poised_Enhancer	0	84999	0	Complex	Matrix 1	8.311023715483067	TRUE	TRUE	TRUE	TRUE
loop_3104	down_in_mutant	-0.401559538432995	0.001582093926506	Active_Enhancer	Other	294999	604999	294999	Merge	Matrix 2	-2.47203571827624	FALSE	FALSE	FALSE	FALSE
loop_3127	down_in_mutant	-0.450029231025166	0.011465260403656	Other	Other	234999	224999	224999	Strength Change	Matrix 1	2.1188176824143268	FALSE	FALSE	FALSE	FALSE
loop_3184	down_in_mutant	-0.384633095685368	0.0016839005975615	Active_Enhancer	Active_Enhancer	604999	824999	604999	Complex	Matrix 2	-2.3353082757127814	FALSE	FALSE	FALSE	FALSE
loop_3206	down_in_mutant	-0.573417140197504	1.055846302426e-4	Poised_Enhancer	Poised_Enhancer	94999	4999	4999	Merge	Matrix 2	-2.4987430587392447	TRUE	TRUE	TRUE	TRUE
loop_3212	up_in_mutant	0.338999744985558	0.0012186211130776	Other	Active_Promoter	14999	114999	14999	Split	Matrix 1	3.0692686126461317	FALSE	TRUE	TRUE	TRUE
loop_3219	down_in_mutant	-0.320682043758598	0.0137509124263788	Poised_Enhancer	Other	494999	124999	124999	Strength Change	Matrix 2	-2.0977734206407934	FALSE	FALSE	FALSE	FALSE
loop_3225	down_in_mutant	-0.357584156133743	7.722055694618e-4	Other	Other	154999	94999	94999	Merge	Matrix 2	-2.2268687492581156	FALSE	FALSE	FALSE	TRUE
loop_3226	down_in_mutant	-0.491949005806489	0.0223100056960692	Active_Enhancer	Active_Enhancer	374999	484999	374999	Split	Matrix 1	2.6868627754877017	FALSE	FALSE	FALSE	FALSE
loop_3233	down_in_mutant	-0.678173305988614	1.054504570777e-4	Repressed_Promoter	Repressed_Promoter	124999	134999	124999	Strength Change	Matrix 1	3.6139879048948744	FALSE	FALSE	FALSE	FALSE
loop_3235	up_in_mutant	0.335254682841438	0.0234839367782023	Other	Other	154999	184999	154999	Merge	Matrix 2	-2.03038248641418	FALSE	FALSE	FALSE	FALSE
loop_3373	down_in_mutant	-0.737957048030215	0.0046045471218544	Other	Poised_Enhancer	664999	874999	664999	Complex	Matrix 1	2.8200922033699216	FALSE	FALSE	FALSE	FALSE
loop_3385	down_in_mutant	-0.704609826479253	0.006054246415804	Other	Other	164999	584999	164999	Strength Change	Matrix 1	2.5836362877068373	FALSE	FALSE	FALSE	FALSE
loop_3386	down_in_mutant	-0.359587615689042	3.92342140348747e-5	Active_Enhancer	Active_Enhancer	0	114999	0	Shifted	Matrix 1	4.636715835628309	TRUE	TRUE	TRUE	TRUE
loop_3425	down_in_mutant	-0.362317962656441	1.475029181894e-4	Poised_Enhancer	Other	714999	644999	644999	Merge	Matrix 2	-2.4925321092166706	FALSE	FALSE	FALSE	FALSE
loop_3459	down_in_mutant	-0.656986374442489	2.14855755092e-4	Poised_Enhancer	Active_Enhancer	424999	364999	364999	Merge	Matrix 2	-2.1939062009815125	FALSE	FALSE	FALSE	FALSE
loop_3466	down_in_mutant	-0.689627833515699	1.620660208252e-4	Poised_Enhancer	Active_Enhancer	394999	434999	394999	Split	Matrix 1	2.395636416661328	FALSE	FALSE	FALSE	FALSE
loop_3481	down_in_mutant	-0.455352679414107	0.004758797960857	Other	Poised_Enhancer	354999	654999	354999	Split	Matrix 1	2.839545787965947	FALSE	FALSE	FALSE	FALSE
loop_3483	down_in_mutant	-0.368855969017315	0.01402123495208	Active_Promoter	Active_Promoter	264999	254999	254999	Complex	Matrix 1	2.7022962602968006	FALSE	FALSE	FALSE	FALSE
loop_3486	down_in_mutant	-0.516656936673203	0.0014360854121374	Repressed_Promoter	Poised_Enhancer	174999	0	0	Strength Change	Matrix 2	-2.7708245781607745	TRUE	TRUE	TRUE	TRUE
loop_3491	down_in_mutant	-0.37439435637466	0.0246311810531766	Polycomb	Other	144999	1024999	144999	Merge	Matrix 2	-2.80371553509412	FALSE	FALSE	FALSE	FALSE
loop_3494	down_in_mutant	-0.895790040121369	7.121697499798e-4	Polycomb	Polycomb	14999	0	0	Shifted	Matrix 1	8.199879272199244	TRUE	TRUE	TRUE	TRUE
loop_3566	down_in_mutant	-0.41702038068364	0.0010930913013603	Active_Enhancer	Other	0	434999	0	Complex	Matrix 1	2.5376805006835768	TRUE	TRUE	TRUE	TRUE
loop_3577	down_in_mutant	-0.310766333978077	0.0212419960198831	Other	Other	364999	754999	364999	Merge	Matrix 2	-2.370351780095298	FALSE	FALSE	FALSE	FALSE
loop_3581	down_in_mutant	-0.355915847712032	0.0145552259263074	Active_Promoter	Other	0	114999	0	Split	Matrix 1	2.4735545123596387	TRUE	TRUE	TRUE	TRUE
loop_3604	down_in_mutant	-0.701613968344608	0.0117881630580104	Polycomb	Other	384999	254999	254999	Shifted	Matrix 2	-2.614782489383023	FALSE	FALSE	FALSE	FALSE
loop_3619	down_in_mutant	-0.302318870990761	0.0065341677832646	Active_Promoter	Active_Promoter	204999	324999	204999	Merge	Matrix 2	-2.2877931354051007	FALSE	FALSE	FALSE	FALSE
loop_3638	down_in_mutant	-0.354737548497228	0.0041602254660214	Active_Enhancer	Active_Enhancer	24999	184999	24999	Split	Matrix 1	4.644846394703352	FALSE	TRUE	TRUE	TRUE
loop_3659	down_in_mutant	-0.513025604246568	2.097205010062e-4	Other	Bivalent_Promoter	0	194999	0	Strength Change	Matrix 1	3.884965625073331	TRUE	TRUE	TRUE	TRUE
loop_3678	down_in_mutant	-0.322812841108387	0.0114680718265303	Active_Enhancer	Poised_Enhancer	334999	144999	144999	Strength Change	Matrix 1	2.1873886842739356	FALSE	FALSE	FALSE	FALSE
loop_3682	down_in_mutant	-0.319126038394881	0.0212175377858313	Active_Enhancer	Active_Promoter	394999	0	0	Complex	Matrix 1	4.829358525290246	TRUE	TRUE	TRUE	TRUE
loop_3687	up_in_mutant	0.407046239943032	0.0012365711268571	Other	Poised_Enhancer	264999	204999	204999	Strength Change	Matrix 2	-3.532792523805884	FALSE	FALSE	FALSE	FALSE
loop_3692	down_in_mutant	-0.439031163807444	7.343824111495e-4	Polycomb	Poised_Enhancer	0	374999	0	Complex	Matrix 2	-2.320694649829077	TRUE	TRUE	TRUE	TRUE
loop_3693	down_in_mutant	-1.15525136278972	5.15192962683633e-6	Repressed_Promoter	Repressed_Promoter	144999	74999	74999	Merge	Matrix 2	-2.1100274072929013	FALSE	FALSE	FALSE	TRUE
loop_3707	down_in_mutant	-0.635509763156543	8.903792910624e-4	Other	Other	694999	0	0	Merge	Matrix 2	-2.2062342933656267	TRUE	TRUE	TRUE	TRUE
loop_3717	down_in_mutant	-0.697914098646631	0.0031180078591711	Repressed_Promoter	Polycomb	584999	154999	154999	Strength Change	Matrix 1	2.62834140673245	FALSE	FALSE	FALSE	FALSE
loop_3755	down_in_mutant	-0.410173549331985	0.0084268825426345	Active_Enhancer	Other	164999	194999	164999	Shifted	Matrix 2	-2.3697484972906344	FALSE	FALSE	FALSE	FALSE
loop_3802	down_in_mutant	-0.440068117893278	0.0284279277936535	Other	Other	724999	104999	104999	Strength Change	Matrix 2	-2.006791851794423	FALSE	FALSE	FALSE	FALSE
loop_3803	down_in_mutant	-0.343030245887325	0.0272816479145153	Other	Other	224999	224999	224999	Strength Change	Matrix 1	2.176585144775024	FALSE	FALSE	FALSE	FALSE
loop_3807	down_in_mutant	-0.422719671661531	0.0155234086181618	Other	Other	1034999	824999	824999	Strength Change	Matrix 1	4.020774141763551	FALSE	FALSE	FALSE	FALSE
loop_3837	down_in_mutant	-0.325476237329315	0.0026700798643418	Poised_Enhancer	Active_Promoter	994999	724999	724999	Merge	Matrix 2	-3.692833264615648	FALSE	FALSE	FALSE	FALSE
loop_3840	down_in_mutant	-0.301580848502978	0.006488708765366	Active_Promoter	Poised_Enhancer	0	34999	0	Strength Change	Matrix 1	5.590853689083416	TRUE	TRUE	TRUE	TRUE
loop_3853	down_in_mutant	-0.375824648354178	0.0104204400213276	Active_Enhancer	Poised_Enhancer	914999	244999	244999	Merge	Matrix 2	-3.735858328626135	FALSE	FALSE	FALSE	FALSE
loop_3856	down_in_mutant	-0.359649050004829	0.0010687154218571	Active_Enhancer	Other	0	224999	0	Shifted	Matrix 1	3.169302025992338	TRUE	TRUE	TRUE	TRUE
loop_3870	down_in_mutant	-0.369935844714978	0.0048031221160271	Poised_Enhancer	Active_Enhancer	354999	44999	44999	Strength Change	Matrix 1	2.0216376206511533	FALSE	FALSE	TRUE	TRUE
loop_3882	down_in_mutant	-0.412805032075719	0.0033887938319704	Poised_Enhancer	Other	504999	284999	284999	Strength Change	Matrix 1	2.785995028533501	FALSE	FALSE	FALSE	FALSE
loop_3892	down_in_mutant	-0.906362167886298	5.58919872287993e-5	Bivalent_Promoter	Repressed_Promoter	484999	824999	484999	Complex	Matrix 1	2.2045259965130364	FALSE	FALSE	FALSE	FALSE
loop_3899	down_in_mutant	-0.687871705606101	2.235584386229e-4	Other	Poised_Enhancer	174999	684999	174999	Split	Matrix 1	2.5379775311136754	FALSE	FALSE	FALSE	FALSE
loop_3989	up_in_mutant	0.414769832139891	0.0019716864947172	Other	Other	614999	454999	454999	Complex	Matrix 2	-33.599274413439645	FALSE	FALSE	FALSE	FALSE
loop_3998	up_in_mutant	0.45188776599764	4.750985903972e-4	Other	Polycomb	0	4999	0	Merge	Matrix 2	-2.0484614320526484	TRUE	TRUE	TRUE	TRUE
loop_3999	up_in_mutant	0.313707258722178	0.0262675730149251	Repressed_Promoter	Poised_Enhancer	484999	664999	484999	Merge	Matrix 2	-2.5430650580725125	FALSE	FALSE	FALSE	FALSE
loop_4035	up_in_mutant	0.447381965532026	1.585703216322e-4	Other	Repressed_Promoter	24999	0	0	Merge	Matrix 2	-2.68390271937542	TRUE	TRUE	TRUE	TRUE
loop_4056	up_in_mutant	0.336349719846961	0.0239340156995773	Other	Poised_Enhancer	654999	774999	654999	Complex	Matrix 2	-4.361525279201505	FALSE	FALSE	FALSE	FALSE
loop_4090	up_in_mutant	0.367472757048672	7.01824662666438e-5	Other	Other	204999	104999	104999	Strength Change	Matrix 1	3.568643858707812	FALSE	FALSE	FALSE	FALSE
loop_4100	up_in_mutant	0.307703700184583	1.587144072888e-4	Other	Polycomb	854999	954999	854999	Merge	Matrix 2	-2.4764731142668266	FALSE	FALSE	FALSE	FALSE
loop_4114	up_in_mutant	0.325518648213142	0.0215496818791311	Repressed_Promoter	Poised_Enhancer	74999	444999	74999	Complex	Matrix 2	-3.0945668671768147	FALSE	FALSE	FALSE	TRUE
loop_4134	up_in_mutant	0.58013998348429	3.16092357108216e-5	Repressed_Promoter	Polycomb	114999	0	0	Shifted	Matrix 1	3.041537420405357	TRUE	TRUE	TRUE	TRUE
loop_4453	up_in_mutant	0.456276209825462	5.593916372793e-4	Poised_Enhancer	Active_Promoter	0	64999	0	Strength Change	Matrix 1	2.0353128459959966	TRUE	TRUE	TRUE	TRUE
loop_4159	up_in_mutant	0.518616895052132	0.0053899274010349	Poised_Enhancer	Polycomb	114999	84999	84999	Strength Change	Matrix 1	2.030151618672364	FALSE	FALSE	FALSE	TRUE
loop_4160	up_in_mutant	0.321025890146395	0.0107175816018699	Other	Other	404999	274999	274999	Merge	Matrix 2	-2.516745924927651	FALSE	FALSE	FALSE	FALSE
loop_4169	up_in_mutant	0.48335527415867	0.0033185541925842	Poised_Enhancer	Other	164999	74999	74999	Merge	Matrix 2	-2.04477268186976	FALSE	FALSE	FALSE	TRUE
loop_4232	up_in_mutant	0.355670060101394	4.682449157048e-4	Polycomb	Polycomb	0	84999	0	Strength Change	Matrix 2	-2.2598419869182305	TRUE	TRUE	TRUE	TRUE
loop_4234	up_in_mutant	0.773746753993014	1.40745615887756e-5	Other	Polycomb	0	284999	0	Merge	Matrix 2	-2.945241377378179	TRUE	TRUE	TRUE	TRUE
loop_4252	up_in_mutant	0.414601404290585	0.0232257918667441	Other	Poised_Enhancer	434999	114999	114999	Split	Matrix 1	2.5586225099561593	FALSE	FALSE	FALSE	FALSE
loop_4358	up_in_mutant	0.356735703033614	0.0031458607144338	Other	Active_Enhancer	4999	4999	4999	Merge	Matrix 2	-3.6002801903572355	TRUE	TRUE	TRUE	TRUE
loop_4359	up_in_mutant	0.563821208914998	6.1721781847153e-6	Poised_Enhancer	Other	74999	0	0	Complex	Matrix 2	-2.132523186427082	TRUE	TRUE	TRUE	TRUE
loop_4364	up_in_mutant	0.348130874935813	0.0018497550418725	Other	Repressed_Promoter	64999	24999	24999	Complex	Matrix 2	-3.837596956670435	FALSE	TRUE	TRUE	TRUE
loop_4376	up_in_mutant	0.596320911255412	2.265926429541e-4	Poised_Enhancer	Active_Enhancer	44999	174999	44999	Merge	Matrix 2	-3.358254860501426	FALSE	FALSE	TRUE	TRUE
loop_4378	up_in_mutant	0.382181563530059	0.0041602254660214	Other	Other	124999	474999	124999	Split	Matrix 1	2.161740332895833	FALSE	FALSE	FALSE	FALSE
loop_4382	down_in_mutant	-0.3614433521232	0.0193747743763489	Other	Other	454999	704999	454999	Strength Change	Matrix 1	2.122791783678005	FALSE	FALSE	FALSE	FALSE
loop_4399	up_in_mutant	0.3826323234078	8.73917306613544e-5	Polycomb	Active_Promoter	254999	194999	194999	Strength Change	Matrix 2	-2.6577830586751725	FALSE	FALSE	FALSE	FALSE
loop_4414	up_in_mutant	0.419742097560662	5.893610179032e-4	Active_Promoter	Repressed_Promoter	124999	334999	124999	Strength Change	Matrix 1	2.1096892767098594	FALSE	FALSE	FALSE	FALSE
loop_4444	up_in_mutant	0.359308929957888	0.0016015126492821	Other	Other	214999	154999	154999	Merge	Matrix 2	-2.0986112982577168	FALSE	FALSE	FALSE	FALSE
loop_4487	up_in_mutant	0.370950574450248	6.50949263923e-4	Active_Enhancer	Poised_Enhancer	54999	174999	54999	Strength Change	Matrix 2	-2.4791721386125243	FALSE	FALSE	FALSE	TRUE
loop_4494	up_in_mutant	0.593803656239782	8.8844604722775e-6	Repressed_Promoter	Other	664999	544999	544999	Complex	Matrix 1	2.546198430759254	FALSE	FALSE	FALSE	FALSE
loop_4497	up_in_mutant	0.632482333743561	4.59959186421317e-5	Other	Poised_Enhancer	84999	264999	84999	Strength Change	Matrix 2	-2.4791721386125243	FALSE	FALSE	FALSE	TRUE
loop_4500	down_in_mutant	-0.307705540826739	0.0124614288105191	Active_Promoter	Active_Promoter	44999	184999	44999	Strength Change	Matrix 1	3.5664256287548564	FALSE	FALSE	TRUE	TRUE
loop_4505	up_in_mutant	0.383927526639678	0.0248769670683402	Other	Other	154999	104999	104999	Shifted	Matrix 2	-2.733579670984954	FALSE	FALSE	FALSE	FALSE
loop_4509	up_in_mutant	0.328935281920303	0.0152188631965416	Other	Repressed_Promoter	184999	0	0	Strength Change	Matrix 2	-2.08275547105523	TRUE	TRUE	TRUE	TRUE
loop_4526	up_in_mutant	0.627490540398595	9.544305603127e-4	Polycomb	Other	184999	114999	114999	Complex	Matrix 2	-2.092867581680692	FALSE	FALSE	FALSE	FALSE
loop_4536	up_in_mutant	0.506620866364945	0.0152544978056355	Poised_Enhancer	Active_Promoter	NA	NA	NA	NA	NA	NA	NA	NA	NA	NA
loop_4574	up_in_mutant	0.577329775988804	3.07897748924e-4	Other	Polycomb	4999	54999	4999	Complex	Matrix 2	-3.723232611302987	TRUE	TRUE	TRUE	TRUE
loop_4576	up_in_mutant	0.332503613037648	0.0098330348952836	Repressed_Promoter	Active_Promoter	314999	144999	144999	Strength Change	Matrix 1	4.930562881813735	FALSE	FALSE	FALSE	FALSE
loop_4584	up_in_mutant	0.945935162378319	8.45908638060827e-6	Other	Other	664999	544999	544999	Strength Change	Matrix 1	2.499245616920435	FALSE	FALSE	FALSE	FALSE
loop_19130	up_in_mutant	0.388602748635328	6.907663162476e-4	Polycomb	Polycomb	254999	4999	4999	Split	Matrix 1	3.937842386277409	TRUE	TRUE	TRUE	TRUE
loop_4590	down_in_mutant	-0.304400587088923	0.0105587748133352	Other	Other	14999	304999	14999	Strength Change	Matrix 1	2.769520005373358	FALSE	TRUE	TRUE	TRUE
loop_4594	down_in_mutant	-0.303885988433917	0.012384956944475	Poised_Enhancer	Poised_Enhancer	194999	114999	114999	Merge	Matrix 2	-3.780739800148136	FALSE	FALSE	FALSE	FALSE
loop_5009	up_in_mutant	0.353621848617269	0.0011138114684157	Other	Other	259999	19999	19999	Strength Change	Matrix 1	2.5044180296551177	FALSE	TRUE	TRUE	TRUE
loop_4641	up_in_mutant	0.345917586276339	3.706806870295e-4	Polycomb	Polycomb	474999	44999	44999	Complex	Matrix 1	2.383042446572536	FALSE	FALSE	TRUE	TRUE
loop_4643	up_in_mutant	0.41182293660839697	1.198231480114e-4	Poised_Enhancer	Poised_Enhancer	0	14999	0	Strength Change	Matrix 2	-7.623205196126119	TRUE	TRUE	TRUE	TRUE
loop_4644	up_in_mutant	0.466249096648616	3.64452647784715e-5	Repressed_Promoter	Repressed_Promoter	74999	0	0	Complex	Matrix 2	-5.3508070765146405	TRUE	TRUE	TRUE	TRUE
loop_4654	up_in_mutant	0.424410366297169	1.585703216322e-4	Polycomb	Polycomb	734999	954999	734999	Merge	Matrix 2	-2.2912642383634907	FALSE	FALSE	FALSE	FALSE
loop_4728	up_in_mutant	0.413662071514431	0.0060724854091545	Repressed_Promoter	Polycomb	0	264999	0	Strength Change	Matrix 2	-2.111041568192056	TRUE	TRUE	TRUE	TRUE
loop_4742	up_in_mutant	0.580489103657753	6.939180590486e-4	Other	Other	224999	64999	64999	Strength Change	Matrix 2	-2.979058895488471	FALSE	FALSE	FALSE	TRUE
loop_4764	up_in_mutant	0.45758845947236	5.24061858592811e-5	Other	Active_Promoter	24999	144999	24999	Merge	Matrix 2	-5.3193303271907135	FALSE	TRUE	TRUE	TRUE
loop_4770	up_in_mutant	0.47380044367011	1.181848200944e-4	Polycomb	Poised_Enhancer	44999	324999	44999	Merge	Matrix 2	-2.1100274072929013	FALSE	FALSE	TRUE	TRUE
loop_4775	up_in_mutant	0.481572463712872	7.756983118991e-4	Other	Other	64999	134999	64999	Strength Change	Matrix 1	2.385919157400031	FALSE	FALSE	FALSE	TRUE
loop_4776	up_in_mutant	0.332574113031474	0.0107119898343483	Poised_Enhancer	Repressed_Promoter	44999	334999	44999	Merge	Matrix 2	-6.03794205162292	FALSE	FALSE	TRUE	TRUE
loop_4777	up_in_mutant	0.348351706230446	0.0209629407206699	Poised_Enhancer	Poised_Enhancer	194999	484999	194999	Split	Matrix 1	2.4133287302907167	FALSE	FALSE	FALSE	FALSE
loop_4780	up_in_mutant	0.428285326008655	0.0064919251838141	Poised_Enhancer	Poised_Enhancer	444999	484999	444999	Split	Matrix 1	2.4133287302907167	FALSE	FALSE	FALSE	FALSE
loop_4781	up_in_mutant	0.312814868187341	0.020436763144661	Polycomb	Poised_Enhancer	774999	484999	484999	Split	Matrix 1	4.14881752349959	FALSE	FALSE	FALSE	FALSE
loop_4788	up_in_mutant	0.766215405486298	2.69064784108487e-5	Poised_Enhancer	Other	414999	724999	414999	Split	Matrix 1	2.0559022738172197	FALSE	FALSE	FALSE	FALSE
loop_4795	up_in_mutant	1.20985702512776	8.8844604722775e-6	Active_Promoter	Repressed_Promoter	0	364999	0	Merge	Matrix 2	-2.877070397325512	TRUE	TRUE	TRUE	TRUE
loop_4846	up_in_mutant	0.40876512433086	0.0044280923890051	Polycomb	Other	1584999	1884999	1584999	Shifted	Matrix 1	2.270177942288199	FALSE	FALSE	FALSE	FALSE
loop_4867	up_in_mutant	0.365554924227638	2.384757613662e-4	Poised_Enhancer	Other	74999	94999	74999	Strength Change	Matrix 2	-2.082402155178023	FALSE	FALSE	FALSE	TRUE
loop_4878	up_in_mutant	0.307201785703483	0.001478569192444	Other	Polycomb	134999	14999	14999	Merge	Matrix 2	-2.0045123755083605	FALSE	TRUE	TRUE	TRUE
loop_4903	up_in_mutant	0.374058631263755	0.0278551943239568	Poised_Enhancer	Active_Promoter	234999	824999	234999	Strength Change	Matrix 1	2.1007398942154705	FALSE	FALSE	FALSE	FALSE
loop_5361	up_in_mutant	0.352803884638455	8.166904523858e-4	Polycomb	Repressed_Promoter	239999	164999	164999	Split	Matrix 1	2.7953930562864295	FALSE	FALSE	FALSE	FALSE
loop_6340	up_in_mutant	0.531122382433523	2.79737887997e-5	Bivalent_Promoter	Other	54999	44999	44999	Split	Matrix 1	2.1351287200382525	FALSE	FALSE	TRUE	TRUE
loop_4997	up_in_mutant	0.391843640916694	8.316520241567e-4	Active_Promoter	Active_Enhancer	704999	604999	604999	Strength Change	Matrix 1	2.2060725204341325	FALSE	FALSE	FALSE	FALSE
loop_5001	up_in_mutant	0.38269468205148	0.0024458537547047	Active_Enhancer	Poised_Enhancer	804999	664999	664999	Split	Matrix 1	2.5862891568790913	FALSE	FALSE	FALSE	FALSE
loop_5003	up_in_mutant	0.316956506647007	0.0046497518728515	Other	Poised_Enhancer	614999	334999	334999	Complex	Matrix 2	-33.599274413439645	FALSE	FALSE	FALSE	FALSE
loop_5013	down_in_mutant	-0.551784655775839	3.190290390299e-4	Other	Polycomb	244999	14999	14999	Strength Change	Matrix 1	3.5785167264711983	FALSE	TRUE	TRUE	TRUE
loop_5015	up_in_mutant	0.551773232795137	1.013589906828e-4	Polycomb	Polycomb	544999	174999	174999	Strength Change	Matrix 2	-2.183077063883398	FALSE	FALSE	FALSE	FALSE
loop_5027	down_in_mutant	-0.301547035289942	9.509683275987e-4	Active_Enhancer	Active_Enhancer	4999	24999	4999	Complex	Matrix 1	2.4292138482909023	TRUE	TRUE	TRUE	TRUE
loop_5055	up_in_mutant	0.322753623531355	2.733183261098e-4	Other	Other	54999	0	0	Complex	Matrix 2	-4.1363155308604185	TRUE	TRUE	TRUE	TRUE
loop_5085	up_in_mutant	0.539085467373399	7.70346728577492e-5	Poised_Enhancer	Poised_Enhancer	224999	4999	4999	Merge	Matrix 2	-4.209471225225539	TRUE	TRUE	TRUE	TRUE
loop_5182	up_in_mutant	0.535871285059078	3.00044757321304e-5	Poised_Enhancer	Polycomb	204999	54999	54999	Merge	Matrix 2	-2.3374932845842995	FALSE	FALSE	FALSE	TRUE
loop_5200	up_in_mutant	0.742833117577805	0.0011176921476137	Other	Poised_Enhancer	284999	134999	134999	Merge	Matrix 2	-2.129057026340826	FALSE	FALSE	FALSE	FALSE
loop_5235	up_in_mutant	0.732222450010076	2.10076570313633e-5	Repressed_Promoter	Polycomb	114999	74999	74999	Strength Change	Matrix 1	2.2227782817939383	FALSE	FALSE	FALSE	TRUE
loop_5256	up_in_mutant	0.336352144209904	0.0139073266266716	Other	Poised_Enhancer	134999	0	0	Merge	Matrix 2	-2.3017805524644173	TRUE	TRUE	TRUE	TRUE
loop_5263	up_in_mutant	0.693108035593074	0.0030875235661973	Other	Poised_Enhancer	4999	254999	4999	Strength Change	Matrix 1	2.0353128459959966	TRUE	TRUE	TRUE	TRUE
loop_5288	up_in_mutant	0.311488687430879	0.0021098994716862	Polycomb	Polycomb	84999	0	0	Strength Change	Matrix 2	-3.9621326097096192	TRUE	TRUE	TRUE	TRUE
loop_5308	up_in_mutant	0.332823522929803	0.0046497518728515	Polycomb	Polycomb	114999	0	0	Merge	Matrix 2	-2.3294147136040313	TRUE	TRUE	TRUE	TRUE
loop_5314	up_in_mutant	0.323060123251702	0.0048326328092809	Other	Other	1064999	1404999	1064999	Split	Matrix 1	2.1942145989310005	FALSE	FALSE	FALSE	FALSE
loop_5330	down_in_mutant	-0.626124594702622	0.0010024433982901	Repressed_Promoter	Polycomb	844999	0	0	Strength Change	Matrix 2	-3.525717434592597	TRUE	TRUE	TRUE	TRUE
loop_5377	up_in_mutant	0.302700150103201	0.026298593176233	Poised_Enhancer	Active_Promoter	0	0	0	Complex	Matrix 2	-2.4873599707041905	TRUE	TRUE	TRUE	TRUE
loop_5379	down_in_mutant	-0.32894999950706	0.0110742445026512	Poised_Enhancer	Active_Enhancer	674999	474999	474999	Complex	Matrix 1	2.72113959931836	FALSE	FALSE	FALSE	FALSE
loop_5382	up_in_mutant	0.3096082466207	0.0136216248002331	Polycomb	Other	0	54999	0	Strength Change	Matrix 2	-2.2598419869182305	TRUE	TRUE	TRUE	TRUE
loop_10904	down_in_mutant	-0.489713500385634	1.43403072388299e-5	Other	Active_Enhancer	54999	209999	54999	Split	Matrix 1	2.980971555860907	FALSE	FALSE	FALSE	TRUE
loop_5415	up_in_mutant	0.345690656271068	0.0148836342264637	Poised_Enhancer	Poised_Enhancer	364999	864999	364999	Strength Change	Matrix 2	-3.9488459132038	FALSE	FALSE	FALSE	FALSE
loop_11006	down_in_mutant	-0.513380385695289	2.99312867375313e-5	Poised_Enhancer	Poised_Enhancer	44999	14999	14999	Split	Matrix 1	2.8857782354824786	FALSE	TRUE	TRUE	TRUE
loop_5419	up_in_mutant	0.396347628796757	0.0036936671012545	Other	Other	324999	34999	34999	Merge	Matrix 2	-2.655494557991964	FALSE	FALSE	TRUE	TRUE
loop_5471	up_in_mutant	0.373691723923624	5.99505983071133e-5	Other	Other	184999	294999	184999	Split	Matrix 1	7.7595165377667374	FALSE	FALSE	FALSE	FALSE
loop_5473	down_in_mutant	-0.31303243645498	0.0150996326377674	Poised_Enhancer	Active_Promoter	194999	24999	24999	Shifted	Matrix 1	3.704223633019378	FALSE	TRUE	TRUE	TRUE
loop_5865	up_in_mutant	0.389002691482526	1.142156486993e-4	Poised_Enhancer	Poised_Enhancer	319999	269999	269999	Shifted	Matrix 1	2.056397001456181	FALSE	FALSE	FALSE	FALSE
loop_5569	up_in_mutant	0.503065527847011	2.428852958171e-4	Polycomb	Polycomb	144999	114999	114999	Complex	Matrix 2	-2.728507749164519	FALSE	FALSE	FALSE	FALSE
loop_5574	up_in_mutant	0.390058061068782	0.005785097899991	Polycomb	Other	224999	124999	124999	Complex	Matrix 1	2.341375036260111	FALSE	FALSE	FALSE	FALSE
loop_5575	up_in_mutant	0.486398798927515	0.0060138979901747	Other	Other	434999	164999	164999	Merge	Matrix 2	-2.1828519081744653	FALSE	FALSE	FALSE	FALSE
loop_5896	up_in_mutant	0.311966753802319	0.0026729390723695	Polycomb	Other	99999	119999	99999	Merge	Matrix 2	-2.6075212884679555	FALSE	FALSE	FALSE	TRUE
loop_18892	up_in_mutant	0.385523299509952	0.0012524028028179	Other	Polycomb	844999	0	0	Shifted	Matrix 2	-2.5785764630473618	TRUE	TRUE	TRUE	TRUE
loop_5594	down_in_mutant	-0.432399646502816	0.0143629900042321	Poised_Enhancer	Other	344999	4999	4999	Split	Matrix 1	3.760052333645099	TRUE	TRUE	TRUE	TRUE
loop_5613	up_in_mutant	0.324071921362096	7.121697499798e-4	Polycomb	Poised_Enhancer	44999	24999	24999	Strength Change	Matrix 2	-3.3525885632813175	FALSE	TRUE	TRUE	TRUE
loop_5657	up_in_mutant	0.540587737764162	3.87617859647613e-5	Polycomb	Other	514999	494999	494999	Merge	Matrix 2	-2.5379841603040982	FALSE	FALSE	FALSE	FALSE
loop_5664	up_in_mutant	0.306946081489977	0.0014373212977926	Poised_Enhancer	Other	474999	394999	394999	Complex	Matrix 1	2.546198430759254	FALSE	FALSE	FALSE	FALSE
loop_5681	up_in_mutant	0.974527060884041	7.32924914067724e-8	Polycomb	Repressed_Promoter	54999	194999	54999	Strength Change	Matrix 2	-2.273713156772252	FALSE	FALSE	FALSE	TRUE
loop_5729	down_in_mutant	-0.340571702765249	0.0011176921476137	Other	Poised_Enhancer	674999	574999	574999	Merge	Matrix 2	-2.8278182175618993	FALSE	FALSE	FALSE	FALSE
loop_5745	up_in_mutant	0.94604309822519	2.48155608620934e-6	Other	Other	124999	114999	114999	Merge	Matrix 2	-2.109953272335514	FALSE	FALSE	FALSE	FALSE
loop_5755	up_in_mutant	0.431790359518672	0.0028612852093801	Active_Promoter	Active_Enhancer	0	274999	0	Merge	Matrix 2	-3.55043369133057	TRUE	TRUE	TRUE	TRUE
loop_5767	up_in_mutant	0.474726103678534	0.0193433613639998	Other	Poised_Enhancer	204999	274999	204999	Strength Change	Matrix 2	-2.78473026141064	FALSE	FALSE	FALSE	FALSE
loop_5784	up_in_mutant	0.395103575567581	0.0251003164384169	Other	Poised_Enhancer	NA	NA	NA	NA	NA	NA	NA	NA	NA	NA
loop_13596	up_in_mutant	0.397308969553701	0.0014217867408662	Poised_Enhancer	Repressed_Promoter	NA	NA	NA	NA	NA	NA	NA	NA	NA	NA
loop_5838	up_in_mutant	0.397672657385281	0.0032651593253654	Poised_Enhancer	Poised_Enhancer	874999	654999	654999	Merge	Matrix 2	-3.5921114007144967	FALSE	FALSE	FALSE	FALSE
loop_3721	up_in_mutant	0.371454089023897	3.539522514609e-4	Other	Other	4999	159999	4999	Split	Matrix 1	2.4598364902779286	TRUE	TRUE	TRUE	TRUE
loop_5860	up_in_mutant	0.308340821827084	0.0149102528172186	Other	Other	0	184999	0	Complex	Matrix 2	-3.0998791266173416	TRUE	TRUE	TRUE	TRUE
loop_5869	up_in_mutant	0.33892609768209	0.0121555955541233	Other	Repressed_Promoter	134999	44999	44999	Complex	Matrix 1	2.815864748509158	FALSE	FALSE	TRUE	TRUE
loop_5876	down_in_mutant	-0.326753527578054	0.0212419960198831	Active_Enhancer	Other	0	304999	0	Strength Change	Matrix 1	2.769520005373358	TRUE	TRUE	TRUE	TRUE
loop_5879	down_in_mutant	-0.505530139807708	0.0262863173365324	Other	Poised_Enhancer	94999	874999	94999	Split	Matrix 1	2.220854812093106	FALSE	FALSE	FALSE	TRUE
loop_5903	up_in_mutant	0.333688429911578	7.781628667009e-4	Active_Promoter	Poised_Enhancer	0	74999	0	Strength Change	Matrix 2	-7.623205196126119	TRUE	TRUE	TRUE	TRUE
loop_5905	up_in_mutant	0.307798152126186	0.00173975187109	Other	Polycomb	0	64999	0	Merge	Matrix 2	-5.469192742623822	TRUE	TRUE	TRUE	TRUE
loop_5915	up_in_mutant	0.34845340062307	3.393163649865e-4	Other	Poised_Enhancer	204999	164999	164999	Merge	Matrix 2	-2.651532081433921	FALSE	FALSE	FALSE	FALSE
loop_5924	up_in_mutant	0.421259297474845	3.06101195117e-4	Polycomb	Repressed_Promoter	694999	444999	444999	Split	Matrix 1	2.824068643092717	FALSE	FALSE	FALSE	FALSE
loop_5931	up_in_mutant	0.361235954973087	0.0261353707169408	Other	Polycomb	134999	274999	134999	Strength Change	Matrix 1	2.9143394535379907	FALSE	FALSE	FALSE	FALSE
loop_5938	up_in_mutant	0.423643563945424	0.0162490512306059	Poised_Enhancer	Repressed_Promoter	74999	224999	74999	Split	Matrix 1	3.0703872633054763	FALSE	FALSE	FALSE	TRUE
loop_5939	up_in_mutant	0.438139450820984	0.0026303686870966	Polycomb	Polycomb	594999	294999	294999	Strength Change	Matrix 2	-2.1534354522810366	FALSE	FALSE	FALSE	FALSE
loop_5943	up_in_mutant	0.441282032489701	0.026170952216654	Active_Promoter	Active_Promoter	84999	1254999	84999	Complex	Matrix 2	-2.1160402505895175	FALSE	FALSE	FALSE	TRUE
loop_6010	up_in_mutant	0.368229241039281	0.0213410105851223	Active_Promoter	Other	304999	74999	74999	Strength Change	Matrix 1	3.019587498763142	FALSE	FALSE	FALSE	TRUE
loop_6017	up_in_mutant	0.361532100764279	0.0071340718739824	Polycomb	Other	134999	154999	134999	Split	Matrix 1	3.0148927736883864	FALSE	FALSE	FALSE	FALSE
loop_6026	down_in_mutant	-0.378297221042844	0.006016468532687	Other	Polycomb	154999	94999	94999	Merge	Matrix 2	-3.569457300094819	FALSE	FALSE	FALSE	TRUE
loop_6029	up_in_mutant	0.855457298738027	1.905368768527e-4	Repressed_Promoter	Other	0	714999	0	Strength Change	Matrix 2	-2.111041568192056	TRUE	TRUE	TRUE	TRUE
loop_6065	up_in_mutant	0.564050864675852	4.65488358316582e-6	Other	Other	424999	334999	334999	Shifted	Matrix 1	3.806538181846743	FALSE	FALSE	FALSE	FALSE
loop_6075	up_in_mutant	0.373707464360794	0.0021829171199154	Active_Promoter	Other	104999	154999	104999	Shifted	Matrix 1	3.806538181846743	FALSE	FALSE	FALSE	FALSE
loop_6086	up_in_mutant	0.918003605464519	1.31215514191393e-5	Polycomb	Polycomb	164999	44999	44999	Split	Matrix 1	3.3907309807892454	FALSE	FALSE	TRUE	TRUE
loop_6094	down_in_mutant	-0.352165048887757	0.0029077843199458	Active_Enhancer	Active_Enhancer	24999	254999	24999	Split	Matrix 1	4.644846394703352	FALSE	TRUE	TRUE	TRUE
loop_6095	up_in_mutant	0.632973508030293	3.480944119801e-4	Poised_Enhancer	Active_Enhancer	864999	304999	304999	Merge	Matrix 2	-2.1393692488956373	FALSE	FALSE	FALSE	FALSE
loop_6097	up_in_mutant	0.625447914579118	8.95768750879093e-5	Poised_Enhancer	Active_Promoter	414999	694999	414999	Split	Matrix 1	2.0559022738172197	FALSE	FALSE	FALSE	FALSE
loop_6099	up_in_mutant	0.499818042104417	0.0034184755218711	Other	Other	74999	184999	74999	Strength Change	Matrix 2	-2.4713614163921207	FALSE	FALSE	FALSE	TRUE
loop_6391	up_in_mutant	0.410211638018739	5.201380786428e-4	Repressed_Promoter	Polycomb	269999	1169999	269999	Strength Change	Matrix 2	-2.107960794918669	FALSE	FALSE	FALSE	FALSE
loop_6136	up_in_mutant	0.338879160611685	0.0141297689206518	Poised_Enhancer	Repressed_Promoter	414999	204999	204999	Merge	Matrix 2	-2.391191850688506	FALSE	FALSE	FALSE	FALSE
loop_20116	up_in_mutant	0.447081598469699	2.29323705028e-4	Polycomb	Other	2129999	1979999	1979999	Strength Change	Matrix 1	2.644087617591807	FALSE	FALSE	FALSE	FALSE
loop_6145	up_in_mutant	0.400021618830131	0.0016055800360076	Other	Other	2314999	2114999	2114999	Strength Change	Matrix 1	2.818295797198107	FALSE	FALSE	FALSE	FALSE
loop_6169	up_in_mutant	0.432077513029758	0.0174618617247697	Polycomb	Polycomb	1574999	2104999	1574999	Shifted	Matrix 1	2.270177942288199	FALSE	FALSE	FALSE	FALSE
loop_6192	up_in_mutant	0.314063395294494	6.961928338085e-4	Poised_Enhancer	Other	44999	134999	44999	Merge	Matrix 2	-2.6756661690857113	FALSE	FALSE	TRUE	TRUE
loop_6205	up_in_mutant	0.518034814074546	8.01319277124314e-5	Polycomb	Repressed_Promoter	34999	94999	34999	Complex	Matrix 1	2.0348923370700382	FALSE	FALSE	TRUE	TRUE
loop_6207	up_in_mutant	0.335344223856396	0.0013965818664861	Polycomb	Polycomb	264999	384999	264999	Split	Matrix 1	3.0821130699211876	FALSE	FALSE	FALSE	FALSE
loop_6221	up_in_mutant	0.304986428886419	0.014863075333334	Polycomb	Active_Enhancer	104999	234999	104999	Split	Matrix 1	2.1430873224055675	FALSE	FALSE	FALSE	FALSE
loop_6248	up_in_mutant	0.334490170582395	0.0215496818791311	Other	Polycomb	344999	0	0	Complex	Matrix 1	3.1036628947645464	TRUE	TRUE	TRUE	TRUE
loop_6283	up_in_mutant	0.513033558807321	8.10579114775605e-5	Polycomb	Polycomb	424999	54999	54999	Split	Matrix 1	2.5735361198515534	FALSE	FALSE	FALSE	TRUE
loop_6289	up_in_mutant	0.326861652938299	0.0014024249616174	Other	Other	0	74999	0	Strength Change	Matrix 2	-2.935501011905173	TRUE	TRUE	TRUE	TRUE
loop_6300	up_in_mutant	0.420822940441517	0.006007252674308	Active_Promoter	Polycomb	374999	124999	124999	Strength Change	Matrix 2	-2.7890958633014495	FALSE	FALSE	FALSE	FALSE
loop_6301	down_in_mutant	-0.342037176632391	0.0211539478533592	Active_Enhancer	Active_Promoter	94999	124999	94999	Split	Matrix 1	2.11542623158456	FALSE	FALSE	FALSE	TRUE
loop_6307	up_in_mutant	0.488264899609039	0.0152889386528045	Poised_Enhancer	Polycomb	104999	124999	104999	Split	Matrix 1	2.1514407388776298	FALSE	FALSE	FALSE	FALSE
loop_6312	up_in_mutant	0.5082593972012	0.0181189245372137	Poised_Enhancer	Polycomb	444999	124999	124999	Strength Change	Matrix 2	-2.7890958633014495	FALSE	FALSE	FALSE	FALSE
loop_6317	up_in_mutant	0.361560478325775	6.446617111479e-4	Polycomb	Polycomb	124999	54999	54999	Strength Change	Matrix 2	-2.5205709687464832	FALSE	FALSE	FALSE	TRUE
loop_6330	up_in_mutant	0.307478592462157	0.0068954223271707	Active_Enhancer	Other	804999	684999	684999	Split	Matrix 1	2.5862891568790913	FALSE	FALSE	FALSE	FALSE
loop_6349	up_in_mutant	0.49899215601318	0.0035520393415681	Active_Promoter	Other	0	104999	0	Strength Change	Matrix 1	3.5785167264711983	TRUE	TRUE	TRUE	TRUE
loop_6655	up_in_mutant	0.358705627529948	4.319052681277e-4	Polycomb	Polycomb	49999	189999	49999	Split	Matrix 1	2.5974657257648572	FALSE	FALSE	TRUE	TRUE
loop_6353	up_in_mutant	0.489426225482162	0.0014833046916139	Polycomb	Polycomb	344999	674999	344999	Merge	Matrix 2	-2.0104810803943187	FALSE	FALSE	FALSE	FALSE
loop_6406	up_in_mutant	0.385583973875137	0.0029487831526306	Repressed_Promoter	Polycomb	254999	4999	4999	Merge	Matrix 2	-2.6679218003883403	TRUE	TRUE	TRUE	TRUE
loop_6415	down_in_mutant	-0.3925264173631	1.712103464991e-4	Other	Other	4999	824999	4999	Strength Change	Matrix 1	2.7220915847390126	TRUE	TRUE	TRUE	TRUE
loop_6424	up_in_mutant	0.463899490458366	7.727655722414e-4	Other	Other	274999	174999	174999	Merge	Matrix 2	-2.926351646710904	FALSE	FALSE	FALSE	FALSE
loop_6428	up_in_mutant	0.433755821967822	0.0178997641512325	Active_Enhancer	Other	124999	94999	94999	Complex	Matrix 2	-4.496790917650169	FALSE	FALSE	FALSE	TRUE
loop_6431	up_in_mutant	0.318466577628397	0.0248614648501105	Other	Repressed_Promoter	74999	144999	74999	Split	Matrix 1	2.2843073014899673	FALSE	FALSE	FALSE	TRUE
loop_6489	up_in_mutant	0.331987484200238	0.0092210577259562	Other	Other	214999	184999	184999	Shifted	Matrix 2	-4.495621661232865	FALSE	FALSE	FALSE	FALSE
loop_6497	up_in_mutant	0.656191477354767	0.0020236225490552	Other	Other	294999	24999	24999	Merge	Matrix 2	-2.129057026340826	FALSE	TRUE	TRUE	TRUE
loop_6503	up_in_mutant	0.378227090174434	0.0213791397710308	Other	Other	934999	124999	124999	Split	Matrix 1	2.573039807294928	FALSE	FALSE	FALSE	FALSE
loop_6505	up_in_mutant	0.47497076472809	0.0098915743850328	Other	Polycomb	154999	84999	84999	Strength Change	Matrix 2	-2.1987356658385666	FALSE	FALSE	FALSE	TRUE
loop_6522	up_in_mutant	0.333769745133418	4.658715069649e-4	Poised_Enhancer	Poised_Enhancer	444999	524999	444999	Split	Matrix 1	5.875053903834727	FALSE	FALSE	FALSE	FALSE
loop_6529	down_in_mutant	-0.391092238644637	0.0030707222178631	Active_Promoter	Active_Promoter	354999	64999	64999	Strength Change	Matrix 2	-3.106960644848245	FALSE	FALSE	FALSE	TRUE
loop_6534	up_in_mutant	0.40645853621008	0.0010506832011554	Other	Poised_Enhancer	74999	354999	74999	Split	Matrix 1	5.875053903834727	FALSE	FALSE	FALSE	TRUE
loop_6538	up_in_mutant	0.426233289284408	0.0038407472507768	Repressed_Promoter	Active_Promoter	1234999	1404999	1234999	Split	Matrix 1	3.691462708187336	FALSE	FALSE	FALSE	FALSE
loop_6879	up_in_mutant	0.363584704572154	0.0020481229109599	Repressed_Promoter	Poised_Enhancer	179999	69999	69999	Split	Matrix 1	2.154208856909428	FALSE	FALSE	FALSE	TRUE
loop_6554	up_in_mutant	0.5255384063058	0.0042000029612655	Other	Other	124999	124999	124999	Split	Matrix 1	2.2128476910468216	FALSE	FALSE	FALSE	FALSE
loop_4508	up_in_mutant	0.311355095559069	0.0010083666404296	Polycomb	Repressed_Promoter	504999	259999	259999	Merge	Matrix 2	-2.3294147136040313	FALSE	FALSE	FALSE	FALSE
loop_6591	up_in_mutant	0.307908761850454	0.0223708108007757	Polycomb	Other	824999	0	0	Complex	Matrix 2	-2.3459008440901608	TRUE	TRUE	TRUE	TRUE
loop_6594	up_in_mutant	0.337339452888257	0.0205192447219356	Polycomb	Polycomb	694999	794999	694999	Split	Matrix 1	2.141479169461566	FALSE	FALSE	FALSE	FALSE
loop_6601	up_in_mutant	0.570119268200367	0.0031860691352662	Polycomb	Other	14999	744999	14999	Merge	Matrix 2	-2.8041722465252397	FALSE	TRUE	TRUE	TRUE
loop_6647	up_in_mutant	0.301535512489853	0.0044973925903144	Other	Other	84999	0	0	Complex	Matrix 2	-3.1111776991078943	TRUE	TRUE	TRUE	TRUE
loop_6649	up_in_mutant	0.371017064691278	0.0078598098322478	Repressed_Promoter	Poised_Enhancer	0	64999	0	Merge	Matrix 2	-4.572606896367816	TRUE	TRUE	TRUE	TRUE
loop_6655	up_in_mutant	0.782575339417597	2.196980388215e-4	Poised_Enhancer	Active_Promoter	594999	414999	414999	Shifted	Matrix 1	2.6194463646157633	FALSE	FALSE	FALSE	FALSE
loop_6678	down_in_mutant	-0.329302666283966	0.0031581680320535	Poised_Enhancer	Active_Promoter	4999	24999	4999	Strength Change	Matrix 2	-2.4811658141746453	TRUE	TRUE	TRUE	TRUE
loop_6707	up_in_mutant	0.509092913522924	0.0069892064386699	Poised_Enhancer	Poised_Enhancer	1574999	34999	34999	Strength Change	Matrix 2	-2.3687374311077427	FALSE	FALSE	TRUE	TRUE
loop_6776	up_in_mutant	0.322147948932745	3.610356883429e-4	Active_Promoter	Poised_Enhancer	274999	144999	144999	Merge	Matrix 2	-2.8400968315047943	FALSE	FALSE	FALSE	FALSE
loop_6777	up_in_mutant	0.464876169432609	9.18892793675218e-5	Poised_Enhancer	Poised_Enhancer	74999	204999	74999	Shifted	Matrix 1	2.2318610023953385	FALSE	FALSE	FALSE	TRUE
loop_6779	up_in_mutant	0.4170040354981	7.74277804085203e-5	Poised_Enhancer	Repressed_Promoter	94999	24999	24999	Complex	Matrix 2	-2.3761045659982343	FALSE	TRUE	TRUE	TRUE
loop_6791	up_in_mutant	0.449636297253165	5.243074520688e-4	Polycomb	Polycomb	104999	114999	104999	Complex	Matrix 1	4.7978845951424285	FALSE	FALSE	FALSE	FALSE
loop_6802	up_in_mutant	0.372818846282564	0.0013342297281163	Active_Promoter	Poised_Enhancer	354999	454999	354999	Complex	Matrix 2	-2.751718627693871	FALSE	FALSE	FALSE	FALSE
loop_6808	down_in_mutant	-0.433233317781387	2.097205010062e-4	Poised_Enhancer	Active_Enhancer	44999	274999	44999	Merge	Matrix 2	-2.678104479451829	FALSE	FALSE	TRUE	TRUE
loop_6820	up_in_mutant	0.346129530241254	0.009037672279595	Active_Enhancer	Poised_Enhancer	4999	304999	4999	Strength Change	Matrix 1	2.122791783678005	TRUE	TRUE	TRUE	TRUE
loop_6831	up_in_mutant	0.355909376142826	0.0020616230830703	Active_Promoter	Poised_Enhancer	194999	274999	194999	Complex	Matrix 2	-2.751718627693871	FALSE	FALSE	FALSE	FALSE
loop_7177	up_in_mutant	0.394596701057986	5.55762227119898e-5	Poised_Enhancer	Poised_Enhancer	709999	484999	484999	Merge	Matrix 2	-2.244403858177549	FALSE	FALSE	FALSE	FALSE
loop_6951	up_in_mutant	0.336205723629907	0.0012381839931751	Active_Promoter	Bivalent_Promoter	0	184999	0	Merge	Matrix 2	-3.55043369133057	TRUE	TRUE	TRUE	TRUE
loop_6982	up_in_mutant	0.513589206143387	6.2355993654228e-5	Other	Other	894999	14999	14999	Strength Change	Matrix 2	-2.418410795762388	FALSE	TRUE	TRUE	TRUE
loop_6984	up_in_mutant	0.398208137797704	0.0013681133016317	Active_Promoter	Other	0	434999	0	Strength Change	Matrix 2	-2.2453232741353744	TRUE	TRUE	TRUE	TRUE
loop_6985	up_in_mutant	0.327704121578445	0.0161742358900716	Other	Other	0	384999	0	Shifted	Matrix 1	2.3955987673998784	TRUE	TRUE	TRUE	TRUE
loop_6987	up_in_mutant	0.336899228803821	0.0029409999419692	Poised_Enhancer	Poised_Enhancer	414999	274999	274999	Merge	Matrix 2	-3.7480371522107943	FALSE	FALSE	FALSE	FALSE
loop_19910	up_in_mutant	0.457314092963057	8.149382178209e-5	Polycomb	Other	389999	314999	314999	Complex	Matrix 1	2.546198430759254	FALSE	FALSE	FALSE	FALSE
loop_6989	up_in_mutant	0.384337367081245	0.0198229891689026	Poised_Enhancer	Active_Enhancer	184999	4999	4999	Strength Change	Matrix 2	-3.229172195113608	TRUE	TRUE	TRUE	TRUE
loop_6997	up_in_mutant	0.932242819880695	3.625689728878e-4	Active_Promoter	Polycomb	744999	0	0	Complex	Matrix 2	-3.2029818591054022	TRUE	TRUE	TRUE	TRUE
loop_7001	up_in_mutant	0.343876421114678	0.0272617576540185	Polycomb	Other	384999	1164999	384999	Merge	Matrix 2	-3.2641287135664254	FALSE	FALSE	FALSE	FALSE
loop_7015	up_in_mutant	0.424770795654638	0.0025357930298162	Polycomb	Repressed_Promoter	NA	NA	NA	NA	NA	NA	NA	NA	NA	NA
loop_7023	up_in_mutant	0.37382439860342	0.0126072518484527	Other	Other	NA	NA	NA	NA	NA	NA	NA	NA	NA	NA
loop_7029	up_in_mutant	0.482953071050602	0.0072155216373938	Other	Other	NA	NA	NA	NA	NA	NA	NA	NA	NA	NA
loop_7070	up_in_mutant	0.346196440703157	0.0130240279164077	Polycomb	Other	0	284999	0	Merge	Matrix 2	-3.029831629706172	TRUE	TRUE	TRUE	TRUE
loop_7077	up_in_mutant	0.487935102629416	0.0051444919838347	Polycomb	Poised_Enhancer	484999	474999	474999	Merge	Matrix 2	-2.0468334316318098	FALSE	FALSE	FALSE	FALSE
loop_7085	up_in_mutant	0.431734428579059	0.0035498440278407	Polycomb	Polycomb	244999	0	0	Merge	Matrix 2	-2.542879627254859	TRUE	TRUE	TRUE	TRUE
loop_7086	up_in_mutant	0.795107076685068	5.30891297898586e-5	Poised_Enhancer	Other	654999	284999	284999	Strength Change	Matrix 1	2.499245616920435	FALSE	FALSE	FALSE	FALSE
loop_7113	up_in_mutant	0.3098638748896	3.714939438953e-4	Polycomb	Poised_Enhancer	184999	164999	164999	Merge	Matrix 2	-2.651532081433921	FALSE	FALSE	FALSE	FALSE
loop_7114	up_in_mutant	0.309359940453554	0.003103043636902	Poised_Enhancer	Other	124999	84999	84999	Merge	Matrix 2	-2.45682247153176	FALSE	FALSE	FALSE	TRUE
loop_7115	up_in_mutant	0.350064494687326	0.0023518550320301	Other	Other	114999	284999	114999	Split	Matrix 1	2.001697947154596	FALSE	FALSE	FALSE	FALSE
loop_7135	up_in_mutant	0.437050178463398	5.283431994169e-4	Repressed_Promoter	Polycomb	954999	724999	724999	Split	Matrix 1	2.824068643092717	FALSE	FALSE	FALSE	FALSE
loop_7141	up_in_mutant	0.342600882827444	0.0026587455336455	Poised_Enhancer	Poised_Enhancer	224999	354999	224999	Shifted	Matrix 1	2.1023361273070367	FALSE	FALSE	FALSE	FALSE
loop_7154	up_in_mutant	0.753436306138353	2.560470428455e-4	Other	Poised_Enhancer	264999	4999	4999	Complex	Matrix 1	3.4582753007854956	TRUE	TRUE	TRUE	TRUE
loop_7189	up_in_mutant	0.363733186741223	0.0011128442193477	Other	Polycomb	74999	54999	54999	Merge	Matrix 2	-2.3407855921888228	FALSE	FALSE	FALSE	TRUE
loop_7198	up_in_mutant	0.34219359379406	0.0013422080496278	Polycomb	Active_Promoter	194999	354999	194999	Split	Matrix 1	2.7024530853328024	FALSE	FALSE	FALSE	FALSE
loop_7201	up_in_mutant	0.67869696033151	6.12357500390182e-7	Other	Repressed_Promoter	84999	34999	34999	Merge	Matrix 2	-2.014550481339332	FALSE	FALSE	TRUE	TRUE
loop_19268	up_in_mutant	0.397456650572572	2.040499582159e-4	Active_Promoter	Poised_Enhancer	69999	29999	29999	Shifted	Matrix 1	2.763863917778647	FALSE	FALSE	TRUE	TRUE
loop_7237	up_in_mutant	0.384699242370422	0.0175289383806736	Poised_Enhancer	Active_Promoter	104999	304999	104999	Strength Change	Matrix 2	-4.513221936081955	FALSE	FALSE	FALSE	FALSE
loop_7238	up_in_mutant	0.870564439075675	2.75816342132838e-6	Repressed_Promoter	Poised_Enhancer	34999	234999	34999	Merge	Matrix 2	-2.014550481339332	FALSE	FALSE	TRUE	TRUE
loop_18078	down_in_mutant	-0.466869877016182	3.024345012259e-4	Active_Promoter	Active_Enhancer	34999	219999	34999	Strength Change	Matrix 2	-2.979058895488471	FALSE	FALSE	TRUE	TRUE
loop_7247	up_in_mutant	0.474924137413806	0.0154607841987938	Bivalent_Promoter	Poised_Enhancer	14999	344999	14999	Complex	Matrix 2	-2.800768026903301	FALSE	TRUE	TRUE	TRUE
loop_7255	up_in_mutant	0.340541602912765	3.14224082486974e-5	Repressed_Promoter	Polycomb	74999	254999	74999	Merge	Matrix 2	-2.1953896583844483	FALSE	FALSE	FALSE	TRUE
loop_7277	up_in_mutant	0.390184072582557	0.0010100736081471	Poised_Enhancer	Other	624999	354999	354999	Merge	Matrix 2	-2.171426950092102	FALSE	FALSE	FALSE	FALSE
loop_7304	up_in_mutant	0.474480574390682	0.0031180078591711	Other	Other	74999	124999	74999	Complex	Matrix 2	-2.3012342670847605	FALSE	FALSE	FALSE	TRUE
loop_20392	up_in_mutant	0.4301871000273	0.001953857093537	Repressed_Promoter	Poised_Enhancer	269999	1219999	269999	Strength Change	Matrix 2	-2.107960794918669	FALSE	FALSE	FALSE	FALSE
loop_7354	up_in_mutant	0.405234066018338	0.0047914946652797	Other	Polycomb	404999	0	0	Shifted	Matrix 2	-4.6166333935074695	TRUE	TRUE	TRUE	TRUE
loop_19404	up_in_mutant	0.537962529194775	0.0013778581310029	Bivalent_Promoter	Polycomb	179999	24999	24999	Merge	Matrix 2	-3.00374886055434	FALSE	TRUE	TRUE	TRUE
loop_20404	up_in_mutant	0.465232330632861	0.0055355682084838	Repressed_Promoter	Other	894999	169999	169999	Merge	Matrix 2	-2.010326844495693	FALSE	FALSE	FALSE	FALSE
loop_7387	up_in_mutant	0.648219528993601	3.45601027829e-4	Other	Other	1124999	1614999	1124999	Merge	Matrix 2	-2.1827580702132687	FALSE	FALSE	FALSE	FALSE
loop_7414	up_in_mutant	0.420524060927903	2.097205010062e-4	Active_Promoter	Polycomb	214999	214999	214999	Split	Matrix 1	3.06414044244656	FALSE	FALSE	FALSE	FALSE
loop_7422	up_in_mutant	0.436674300503133	0.0016974574133625	Poised_Enhancer	Poised_Enhancer	404999	674999	404999	Strength Change	Matrix 1	2.1007398942154705	FALSE	FALSE	FALSE	FALSE
loop_7441	up_in_mutant	0.564411714926181	0.0029077843199458	Active_Enhancer	Other	94999	94999	94999	Strength Change	Matrix 1	2.4160473686665536	FALSE	FALSE	FALSE	TRUE
loop_7538	down_in_mutant	-0.324507218907845	3.403236496112e-4	Active_Enhancer	Poised_Enhancer	0	64999	0	Shifted	Matrix 2	-3.0632785898858095	TRUE	TRUE	TRUE	TRUE
loop_7850	down_in_mutant	-0.309512135940913	0.0187464909377301	Active_Enhancer	Active_Enhancer	74999	394999	74999	Merge	Matrix 2	-2.216316408753002	FALSE	FALSE	FALSE	TRUE
loop_7893	down_in_mutant	-0.335699301801381	0.0094442187499778	Active_Enhancer	Active_Enhancer	184999	444999	184999	Strength Change	Matrix 1	2.5492547664455825	FALSE	FALSE	FALSE	FALSE
loop_7903	down_in_mutant	-0.470627169463097	1.923164259778e-4	Poised_Enhancer	Active_Enhancer	34999	0	0	Strength Change	Matrix 1	2.028358296640608	TRUE	TRUE	TRUE	TRUE
loop_7910	down_in_mutant	-0.321546496063933	0.0067688634637923	Other	Other	1464999	1024999	1024999	Complex	Matrix 2	-2.2204252283104786	FALSE	FALSE	FALSE	FALSE
loop_7936	up_in_mutant	0.382579119046907	0.0015239604602824	Other	Repressed_Promoter	734999	374999	374999	Strength Change	Matrix 2	-2.450196980534027	FALSE	FALSE	FALSE	FALSE
loop_7950	up_in_mutant	0.322839461073419	0.0042770407753539	Polycomb	Other	254999	104999	104999	Split	Matrix 1	2.7953930562864295	FALSE	FALSE	FALSE	FALSE
loop_7990	down_in_mutant	-0.702703795930416	0.0014306878002247	Other	Other	224999	344999	224999	Complex	Matrix 2	-2.2518000083384875	FALSE	FALSE	FALSE	FALSE
loop_8148	down_in_mutant	-0.448266241058768	1.385807929602e-4	Active_Enhancer	Active_Promoter	24999	0	0	Strength Change	Matrix 1	3.5785167264711983	TRUE	TRUE	TRUE	TRUE
loop_8218	up_in_mutant	0.329580862801579	0.0031342618026476	Other	Polycomb	1024999	524999	524999	Strength Change	Matrix 2	-2.0461623657563046	FALSE	FALSE	FALSE	FALSE
loop_8295	down_in_mutant	-0.304766875394608	0.003520624026644	Other	Active_Promoter	244999	0	0	Strength Change	Matrix 1	3.5785167264711983	TRUE	TRUE	TRUE	TRUE
loop_8530	up_in_mutant	0.351350461438431	3.629870600909e-4	Repressed_Promoter	Polycomb	139999	274999	139999	Strength Change	Matrix 2	-2.5205709687464832	FALSE	FALSE	FALSE	FALSE
loop_8335	down_in_mutant	-0.404506152981279	0.0079651509051349	Other	Poised_Enhancer	104999	414999	104999	Split	Matrix 1	2.708411283064445	FALSE	FALSE	FALSE	FALSE
loop_8345	down_in_mutant	-0.313731145720908	0.0160043104261504	Other	Poised_Enhancer	174999	574999	174999	Split	Matrix 1	2.259481933693286	FALSE	FALSE	FALSE	FALSE
loop_8350	up_in_mutant	0.304827351181913	0.0140783649945747	Other	Other	304999	74999	74999	Split	Matrix 1	2.1351287200382525	FALSE	FALSE	FALSE	TRUE
loop_16740	up_in_mutant	0.504980206588473	2.659649877716e-4	Poised_Enhancer	Polycomb	1604999	1179999	1179999	Strength Change	Matrix 1	2.2060725204341325	FALSE	FALSE	FALSE	FALSE
loop_8378	up_in_mutant	0.310173449709189	0.0248873593594959	Other	Other	2284999	2194999	2194999	Merge	Matrix 2	-2.3056848205799647	FALSE	FALSE	FALSE	FALSE
loop_8388	up_in_mutant	0.31149482892023	0.0275830434073846	Polycomb	Other	1354999	24999	24999	Merge	Matrix 2	-2.0797523197262717	FALSE	TRUE	TRUE	TRUE
loop_8657	down_in_mutant	-0.321161478330543	0.0027855448445117	Repressed_Promoter	Other	1159999	639999	639999	Strength Change	Matrix 2	-2.918908597953531	FALSE	FALSE	FALSE	FALSE
loop_8398	down_in_mutant	-0.439822316754768	0.0246139657833455	Repressed_Promoter	Poised_Enhancer	374999	254999	254999	Complex	Matrix 1	2.434704532910529	FALSE	FALSE	FALSE	FALSE
loop_8401	up_in_mutant	0.325780236960075	0.0161742358900716	Poised_Enhancer	Repressed_Promoter	14999	324999	14999	Merge	Matrix 2	-2.0104810803943187	FALSE	TRUE	TRUE	TRUE
loop_8517	down_in_mutant	-0.3762624199126	0.002510445570517	Active_Enhancer	Active_Enhancer	4999	524999	4999	Complex	Matrix 1	2.4292138482909023	TRUE	TRUE	TRUE	TRUE
loop_8807	down_in_mutant	-0.359185201587011	0.0034934270485352	Active_Enhancer	Active_Enhancer	9999	519999	9999	Complex	Matrix 1	2.5788135950502555	TRUE	TRUE	TRUE	TRUE
loop_8715	up_in_mutant	0.320757558987953	3.561445783441e-4	Poised_Enhancer	Active_Enhancer	314999	0	0	Strength Change	Matrix 2	-3.509399765515128	TRUE	TRUE	TRUE	TRUE
loop_8838	up_in_mutant	0.333432363104363	3.91324003187e-4	Poised_Enhancer	Other	0	104999	0	Strength Change	Matrix 2	-5.171354858638172	TRUE	TRUE	TRUE	TRUE
loop_8851	up_in_mutant	0.356472983433679	2.307543477762e-4	Polycomb	Polycomb	74999	254999	74999	Merge	Matrix 2	-3.891737300633499	FALSE	FALSE	FALSE	TRUE
loop_8875	down_in_mutant	-0.589974085367456	1.898274647806e-6	Active_Enhancer	Poised_Enhancer	14999	114999	14999	Complex	Matrix 1	4.137238444768616	FALSE	TRUE	TRUE	TRUE
loop_8924	down_in_mutant	-0.358944690959688	0.0024994437022254	Poised_Enhancer	Active_Enhancer	24999	244999	24999	Split	Matrix 1	2.30414353908569	FALSE	TRUE	TRUE	TRUE
loop_8970	down_in_mutant	-0.739178795323546	1.8011986933908e-5	Poised_Enhancer	Active_Enhancer	94999	4999	4999	Complex	Matrix 1	2.5788135950502555	TRUE	TRUE	TRUE	TRUE
loop_8975	down_in_mutant	-0.370947251139879	0.011038864297503	Poised_Enhancer	Other	644999	94999	94999	Merge	Matrix 2	-2.3530005979997575	FALSE	FALSE	FALSE	TRUE
loop_9021	down_in_mutant	-0.927167401439191	4.72235077046036e-7	Poised_Enhancer	Active_Enhancer	94999	0	0	Strength Change	Matrix 1	3.4766575877472734	TRUE	TRUE	TRUE	TRUE
loop_19552	up_in_mutant	0.340296934262244	3.274123472384e-4	Polycomb	Repressed_Promoter	199999	194999	194999	Strength Change	Matrix 1	2.3137316694580408	FALSE	FALSE	FALSE	FALSE
loop_9070	up_in_mutant	0.372934414983965	0.0022046087473606	Other	Repressed_Promoter	254999	144999	144999	Split	Matrix 1	2.2843073014899673	FALSE	FALSE	FALSE	FALSE
loop_9080	up_in_mutant	0.334586345716566	0.018972260038405	Other	Other	104999	224999	104999	Merge	Matrix 2	-3.494901996015954	FALSE	FALSE	FALSE	FALSE
loop_9656	down_in_mutant	-0.307693399487146	0.0023819318265265	Polycomb	Poised_Enhancer	214999	264999	214999	Merge	Matrix 2	-2.3301135576702237	FALSE	FALSE	FALSE	FALSE
loop_9697	down_in_mutant	-0.50478169030044	3.92342140348747e-5	Other	Poised_Enhancer	624999	454999	454999	Shifted	Matrix 2	-3.218671126849691	FALSE	FALSE	FALSE	FALSE
loop_9723	down_in_mutant	-0.410829582168499	8.412657274195e-4	Active_Promoter	Active_Enhancer	134999	0	0	Split	Matrix 1	2.592604657213704	TRUE	TRUE	TRUE	TRUE
loop_9755	down_in_mutant	-0.329070017169979	0.0285569337486092	Active_Enhancer	Poised_Enhancer	0	404999	0	Split	Matrix 1	2.592604657213704	TRUE	TRUE	TRUE	TRUE
loop_9774	down_in_mutant	-0.346069532080215	0.0034714825231052	Other	Other	204999	0	0	Strength Change	Matrix 1	2.488354147453984	TRUE	TRUE	TRUE	TRUE
loop_9786	up_in_mutant	0.415170082952445	3.236044399047e-4	Polycomb	Other	14999	274999	14999	Strength Change	Matrix 1	3.6472841836897	FALSE	TRUE	TRUE	TRUE
loop_9794	down_in_mutant	-0.383037770686513	0.0010024433982901	Other	Other	24999	44999	24999	Complex	Matrix 1	2.3889345016418324	FALSE	TRUE	TRUE	TRUE
loop_9832	down_in_mutant	-0.770657394987635	1.081701542595e-4	Other	Poised_Enhancer	424999	4999	4999	Strength Change	Matrix 2	-2.063211255026801	TRUE	TRUE	TRUE	TRUE
loop_9842	up_in_mutant	0.392617980116568	0.0017279444264495	Repressed_Promoter	Polycomb	464999	34999	34999	Merge	Matrix 2	-2.962423845979071	FALSE	FALSE	TRUE	TRUE
loop_9850	down_in_mutant	-0.366493291042093	0.0263489793348479	Other	Polycomb	744999	34999	34999	Merge	Matrix 2	-2.962423845979071	FALSE	FALSE	TRUE	TRUE
loop_250	down_in_mutant	-0.365233233386459	0.004891992768965	Polycomb	Other	829999	479999	479999	Merge	Matrix 2	-2.809191653880648	FALSE	FALSE	FALSE	FALSE
loop_9854	down_in_mutant	-0.415981669381664	0.0225006925273819	Poised_Enhancer	Poised_Enhancer	14999	344999	14999	Strength Change	Matrix 2	-2.063211255026801	FALSE	TRUE	TRUE	TRUE
loop_9952	down_in_mutant	-0.306472073870566	0.004246263831748	Other	Other	214999	414999	214999	Split	Matrix 1	3.691462708187336	FALSE	FALSE	FALSE	FALSE
loop_10034	down_in_mutant	-0.386708339277142	7.308804201869e-4	Active_Enhancer	Active_Enhancer	0	4999	0	Strength Change	Matrix 1	2.781700483720023	TRUE	TRUE	TRUE	TRUE
loop_10064	up_in_mutant	0.336777511602213	0.0020924812196453	Other	Active_Promoter	604999	844999	604999	Strength Change	Matrix 2	-2.733196385001279	FALSE	FALSE	FALSE	FALSE
loop_9992	up_in_mutant	0.378856363328617	8.40175638713091e-5	Polycomb	Repressed_Promoter	0	19999	0	Merge	Matrix 2	-6.145201686787354	TRUE	TRUE	TRUE	TRUE
loop_10149	down_in_mutant	-0.449616390928304	0.0012808385249856	Active_Enhancer	Active_Enhancer	0	4999	0	Strength Change	Matrix 1	3.4859947599430696	TRUE	TRUE	TRUE	TRUE
loop_10153	down_in_mutant	-0.326002378994178	0.0128528932673451	Other	Other	844999	364999	364999	Split	Matrix 1	3.278036351220908	FALSE	FALSE	FALSE	FALSE
loop_10225	down_in_mutant	-0.326500603460059	0.029744114292866	Active_Promoter	Active_Promoter	64999	64999	64999	Strength Change	Matrix 1	2.030151618672364	FALSE	FALSE	FALSE	TRUE
loop_10234	down_in_mutant	-0.306494051952016	0.0251285631018239	Active_Promoter	Active_Promoter	64999	14999	14999	Strength Change	Matrix 1	2.247022970436634	FALSE	TRUE	TRUE	TRUE
loop_10259	up_in_mutant	0.373172440750212	8.87424472761368e-5	Other	Other	164999	64999	64999	Strength Change	Matrix 2	-2.193908465477126	FALSE	FALSE	FALSE	TRUE
loop_10268	up_in_mutant	0.347576627118904	0.0168071716187759	Other	Other	374999	674999	374999	Split	Matrix 1	2.2839668358588368	FALSE	FALSE	FALSE	FALSE
loop_9961	down_in_mutant	-0.341500238872922	6.864344931423e-4	Active_Promoter	Other	69999	0	0	Shifted	Matrix 1	2.115169629586706	TRUE	TRUE	TRUE	TRUE
loop_10293	up_in_mutant	0.414467699555132	5.888598942207e-4	Polycomb	Other	0	34999	0	Merge	Matrix 2	-6.145201686787354	TRUE	TRUE	TRUE	TRUE
loop_10299	up_in_mutant	0.583843490053377	3.54717059193682e-6	Polycomb	Other	0	0	0	Merge	Matrix 2	-6.145201686787354	TRUE	TRUE	TRUE	TRUE
loop_10316	up_in_mutant	0.361580878939448	0.0062453777478223	Other	Poised_Enhancer	304999	934999	304999	Complex	Matrix 1	2.528459397528657	FALSE	FALSE	FALSE	FALSE
loop_10326	down_in_mutant	-0.444453811013424	0.0029855315118172	Polycomb	Other	94999	0	0	Split	Matrix 1	2.1637490406246744	TRUE	TRUE	TRUE	TRUE
loop_10049	down_in_mutant	-0.50803923131079	6.583480486797e-4	Active_Promoter	Active_Enhancer	854999	0	0	Strength Change	Matrix 1	3.179608690106335	TRUE	TRUE	TRUE	TRUE
loop_10335	up_in_mutant	0.38990694343755	0.020240689810819	Other	Other	684999	864999	684999	Split	Matrix 1	3.691462708187336	FALSE	FALSE	FALSE	FALSE
loop_10468	down_in_mutant	-0.449021766402276	2.93985692577803e-5	Poised_Enhancer	Active_Promoter	114999	0	0	Complex	Matrix 1	5.4016423600764965	TRUE	TRUE	TRUE	TRUE
loop_10634	up_in_mutant	0.35291257834907	1.883249552222e-4	Polycomb	Polycomb	304999	194999	194999	Strength Change	Matrix 1	2.110377439346943	FALSE	FALSE	FALSE	FALSE
loop_10635	up_in_mutant	0.482824654620063	3.14224082486974e-5	Active_Promoter	Polycomb	174999	0	0	Strength Change	Matrix 2	-3.9621326097096192	TRUE	TRUE	TRUE	TRUE
loop_10685	up_in_mutant	0.330519321554515	3.614764220882e-4	Other	Polycomb	0	0	0	Complex	Matrix 2	-7.113507172496459	TRUE	TRUE	TRUE	TRUE
loop_10744	down_in_mutant	-0.329499062747705	0.0258700035090276	Other	Other	234999	1184999	234999	Shifted	Matrix 1	2.524371628456642	FALSE	FALSE	FALSE	FALSE
loop_10751	up_in_mutant	0.354727879638022	0.0047624880741271	Poised_Enhancer	Other	154999	0	0	Merge	Matrix 2	-2.411982331469393	TRUE	TRUE	TRUE	TRUE
loop_10754	down_in_mutant	-0.484996056873877	0.0056263725344482	Poised_Enhancer	Other	154999	144999	144999	Strength Change	Matrix 1	2.918640066869627	FALSE	FALSE	FALSE	FALSE
loop_10765	up_in_mutant	0.353223117967379	0.0189077957348501	Polycomb	Other	154999	794999	154999	Strength Change	Matrix 1	2.654893084952165	FALSE	FALSE	FALSE	FALSE
loop_10770	up_in_mutant	0.320689164271805	0.0201650188690937	Polycomb	Polycomb	14999	104999	14999	Merge	Matrix 2	-2.8041722465252397	FALSE	TRUE	TRUE	TRUE
loop_10845	down_in_mutant	-0.343267859781451	1.181848200944e-4	Active_Promoter	Active_Promoter	0	174999	0	Strength Change	Matrix 1	5.048281167943682	TRUE	TRUE	TRUE	TRUE
loop_10686	down_in_mutant	-0.436297959856243	3.16784007448065e-5	Other	Active_Promoter	304999	4999	4999	Shifted	Matrix 1	3.21210756515027	TRUE	TRUE	TRUE	TRUE
loop_11151	up_in_mutant	0.347511211821881	2.232499008381e-4	Polycomb	Other	284999	174999	174999	Strength Change	Matrix 2	-2.1672140622744807	FALSE	FALSE	FALSE	FALSE
loop_11153	down_in_mutant	-0.368463290457587	0.0023052436841531	Poised_Enhancer	Poised_Enhancer	74999	214999	74999	Complex	Matrix 1	2.72113959931836	FALSE	FALSE	FALSE	TRUE
loop_11166	up_in_mutant	0.306642359924308	0.0188612182436403	Poised_Enhancer	Active_Promoter	424999	184999	184999	Split	Matrix 1	2.6126444739078023	FALSE	FALSE	FALSE	FALSE
loop_11172	up_in_mutant	0.398380087393857	7.74277804085203e-5	Polycomb	Other	94999	54999	54999	Strength Change	Matrix 1	2.081315831648306	FALSE	FALSE	FALSE	TRUE
loop_10692	up_in_mutant	0.355494836202299	1.251893299604e-4	Polycomb	Repressed_Promoter	149999	164999	149999	Complex	Matrix 2	-2.3813536635173853	FALSE	FALSE	FALSE	FALSE
loop_11192	down_in_mutant	-0.377653187997741	0.003983242334378	Other	Poised_Enhancer	44999	214999	44999	Complex	Matrix 1	2.72113959931836	FALSE	FALSE	TRUE	TRUE
loop_11195	up_in_mutant	0.441762511325155	5.631160980635e-4	Polycomb	Polycomb	104999	34999	34999	Merge	Matrix 2	-2.0159870599866863	FALSE	FALSE	TRUE	TRUE
loop_11213	up_in_mutant	0.46416738076503	6.143943984766e-4	Other	Repressed_Promoter	0	124999	0	Complex	Matrix 2	-4.341189410418442	TRUE	TRUE	TRUE	TRUE
loop_11227	up_in_mutant	0.348123445252133	0.0080621251945659	Polycomb	Poised_Enhancer	34999	234999	34999	Merge	Matrix 2	-2.0159870599866863	FALSE	FALSE	TRUE	TRUE
loop_11234	up_in_mutant	0.300076908044711	0.0161070832072213	Other	Other	64999	504999	64999	Strength Change	Matrix 2	-2.43480013070036	FALSE	FALSE	FALSE	TRUE
loop_10710	up_in_mutant	0.38106819128821	2.231619940965e-4	Polycomb	Repressed_Promoter	49999	549999	49999	Strength Change	Matrix 1	6.486519458835641	FALSE	FALSE	TRUE	TRUE
loop_11246	down_in_mutant	-0.3404792948079	0.026298593176233	Poised_Enhancer	Other	84999	494999	84999	Complex	Matrix 2	-3.6991288161114353	FALSE	FALSE	FALSE	TRUE
loop_10789	up_in_mutant	0.339193862497329	0.0032641218965769	Poised_Enhancer	Other	579999	234999	234999	Shifted	Matrix 1	2.6194463646157633	FALSE	FALSE	FALSE	FALSE
loop_10753	down_in_mutant	-0.614457097393947	1.417695029373e-4	Other	Other	719999	104999	104999	Complex	Matrix 1	2.497383868700177	FALSE	FALSE	FALSE	FALSE
loop_11466	down_in_mutant	-0.336066498479642	8.624768376991e-4	Active_Enhancer	Active_Enhancer	394999	404999	394999	Merge	Matrix 2	-2.273442434452727	FALSE	FALSE	FALSE	FALSE
loop_11492	down_in_mutant	-0.314819680918529	0.009212331776707	Poised_Enhancer	Poised_Enhancer	0	124999	0	Strength Change	Matrix 2	-3.025908753267275	TRUE	TRUE	TRUE	TRUE
loop_11496	down_in_mutant	-0.320902958963762	0.0028668682110238	Active_Promoter	Poised_Enhancer	44999	14999	14999	Strength Change	Matrix 1	2.7323644755633354	FALSE	TRUE	TRUE	TRUE
loop_11499	down_in_mutant	-0.32624878651995	0.0031981653543675	Active_Promoter	Active_Enhancer	0	0	0	Strength Change	Matrix 2	-2.4811658141746453	TRUE	TRUE	TRUE	TRUE
loop_11521	down_in_mutant	-0.330070569407748	0.0246376162071398	Active_Promoter	Repressed_Promoter	224999	374999	224999	Strength Change	Matrix 1	2.149671706339183	FALSE	FALSE	FALSE	FALSE
loop_10955	down_in_mutant	-0.31236848358747	0.0011843667736727	Active_Enhancer	Poised_Enhancer	0	114999	0	Strength Change	Matrix 1	4.372655977027653	TRUE	TRUE	TRUE	TRUE
loop_11562	up_in_mutant	0.30207915726185	0.0073363877102102	Other	Other	104999	194999	104999	Merge	Matrix 2	-2.007131864898724	FALSE	FALSE	FALSE	FALSE
loop_11566	down_in_mutant	-0.574817386306703	0.0012828182795903	Bivalent_Promoter	Other	0	44999	0	Strength Change	Matrix 2	-2.2394795404525274	TRUE	TRUE	TRUE	TRUE
loop_11067	down_in_mutant	-0.337460690760414	0.0083175859467166	Active_Promoter	Poised_Enhancer	14999	54999	14999	Merge	Matrix 2	-2.1337503921055183	FALSE	TRUE	TRUE	TRUE
loop_11586	down_in_mutant	-0.321342199721277	0.0036845407641144	Poised_Enhancer	Active_Enhancer	204999	74999	74999	Strength Change	Matrix 1	2.4225645594361156	FALSE	FALSE	FALSE	TRUE
loop_11592	down_in_mutant	-0.33429198478764	0.0177818584146543	Polycomb	Poised_Enhancer	464999	1294999	464999	Strength Change	Matrix 2	-3.9488459132038	FALSE	FALSE	FALSE	FALSE
loop_11594	up_in_mutant	0.343977191337682	0.0026106350175894	Polycomb	Poised_Enhancer	4999	324999	4999	Shifted	Matrix 1	2.468820058688044	TRUE	TRUE	TRUE	TRUE
loop_11615	down_in_mutant	-0.666512049769353	2.097205010062e-4	Other	Repressed_Promoter	164999	0	0	Complex	Matrix 2	-3.2281689689698574	TRUE	TRUE	TRUE	TRUE
loop_11617	down_in_mutant	-0.351730326671275	0.0209629407206699	Other	Other	444999	64999	64999	Merge	Matrix 2	-2.8416987201023294	FALSE	FALSE	FALSE	TRUE
loop_11086	down_in_mutant	-0.400268756749201	3.295612194157e-4	Other	Other	554999	0	0	Split	Matrix 1	2.5642090019159167	TRUE	TRUE	TRUE	TRUE
loop_11630	up_in_mutant	0.355578079403735	0.0017188558389461	Poised_Enhancer	Other	364999	0	0	Merge	Matrix 2	-2.1337503921055183	TRUE	TRUE	TRUE	TRUE
loop_11640	down_in_mutant	-0.744074935969896	7.586939068824e-4	Other	Other	324999	134999	134999	Merge	Matrix 2	-2.4803477085880044	FALSE	FALSE	FALSE	FALSE
loop_11821	down_in_mutant	-0.321694954073405	7.314190844561e-4	Active_Promoter	Other	274999	14999	14999	Strength Change	Matrix 1	2.4443051018855235	FALSE	TRUE	TRUE	TRUE
loop_11994	down_in_mutant	-0.313998702285749	0.0016660888268258	Active_Enhancer	Active_Enhancer	84999	94999	84999	Split	Matrix 1	2.4542009871559594	FALSE	FALSE	FALSE	TRUE
loop_12005	up_in_mutant	0.302659009608342	0.0027189153739712	Repressed_Promoter	Other	94999	134999	94999	Complex	Matrix 1	8.823618210398857	FALSE	FALSE	FALSE	TRUE
loop_12026	down_in_mutant	-0.385078257244124	6.523223834244e-4	Active_Promoter	Active_Enhancer	74999	0	0	Split	Matrix 1	2.6292441697696645	TRUE	TRUE	TRUE	TRUE
loop_12039	down_in_mutant	-0.445181303766523	4.682449157048e-4	Other	Other	174999	774999	174999	Merge	Matrix 2	-2.933856093292619	FALSE	FALSE	FALSE	FALSE
loop_12042	down_in_mutant	-0.342377131442631	0.0036665490950358	Other	Other	0	244999	0	Split	Matrix 1	2.1406630958478092	TRUE	TRUE	TRUE	TRUE
loop_12062	up_in_mutant	0.371674576547002	3.588558603341e-4	Other	Poised_Enhancer	214999	434999	214999	Complex	Matrix 1	2.722929824475838	FALSE	FALSE	FALSE	FALSE
loop_11350	down_in_mutant	-0.403577057253463	3.590828619329e-4	Active_Promoter	Polycomb	194999	214999	194999	Complex	Matrix 1	2.641243597750834	FALSE	FALSE	FALSE	FALSE
loop_19366	down_in_mutant	-0.413843979015196	0.0020100160524393	Active_Promoter	Other	114999	164999	114999	Split	Matrix 1	2.6955076910380584	FALSE	FALSE	FALSE	FALSE
loop_18834	down_in_mutant	-0.33827721501329	7.90500323236132e-5	Active_Enhancer	Active_Enhancer	34999	254999	34999	Merge	Matrix 2	-2.678104479451829	FALSE	FALSE	TRUE	TRUE
loop_12590	up_in_mutant	0.358620130572455	0.0066106567900329	Other	Other	254999	104999	104999	Strength Change	Matrix 1	2.940461681119063	FALSE	FALSE	FALSE	FALSE
loop_12591	down_in_mutant	-0.300801044265635	4.622527243763e-4	Poised_Enhancer	Poised_Enhancer	34999	164999	34999	Strength Change	Matrix 1	4.099104738275044	FALSE	FALSE	TRUE	TRUE
loop_12622	up_in_mutant	0.309150887868922	0.0012483971996604	Poised_Enhancer	Active_Promoter	124999	0	0	Shifted	Matrix 2	-3.876972042593719	TRUE	TRUE	TRUE	TRUE
loop_12708	down_in_mutant	-0.301785182800561	0.0105109463200084	Polycomb	Polycomb	234999	84999	84999	Strength Change	Matrix 2	-2.2259089442993423	FALSE	FALSE	FALSE	TRUE
loop_12787	up_in_mutant	0.313908913403129	0.002385810528214	Other	Polycomb	54999	14999	14999	Complex	Matrix 2	-2.561001464030801	FALSE	TRUE	TRUE	TRUE
loop_12820	down_in_mutant	-0.318233730472228	0.0149834142476365	Other	Other	0	0	0	Strength Change	Matrix 1	3.784191364947651	TRUE	TRUE	TRUE	TRUE
loop_11884	up_in_mutant	0.395691617070326	2.673680238607e-4	Poised_Enhancer	Polycomb	4999	69999	4999	Split	Matrix 1	2.1014002712168223	TRUE	TRUE	TRUE	TRUE
loop_12837	down_in_mutant	-0.412079251543746	2.45657860516e-4	Poised_Enhancer	Poised_Enhancer	764999	714999	714999	Merge	Matrix 2	-3.033962898772384	FALSE	FALSE	FALSE	FALSE
loop_18857	up_in_mutant	0.318870392626115	7.703198695372e-4	Poised_Enhancer	Other	79999	109999	79999	Strength Change	Matrix 1	2.8084044358065223	FALSE	FALSE	FALSE	TRUE
loop_12853	down_in_mutant	-0.357860770530355	0.0075514649809751	Poised_Enhancer	Poised_Enhancer	94999	504999	94999	Shifted	Matrix 1	2.7476392020995815	FALSE	FALSE	FALSE	TRUE
loop_12857	up_in_mutant	0.409912610769632	0.0017681562646308	Poised_Enhancer	Other	334999	214999	214999	Strength Change	Matrix 2	-2.084130964286592	FALSE	FALSE	FALSE	FALSE
loop_11994	down_in_mutant	-0.397525986202413	8.959320518175e-4	Poised_Enhancer	Other	324999	114999	114999	Split	Matrix 1	3.760052333645099	FALSE	FALSE	FALSE	FALSE
loop_11979	up_in_mutant	0.318760855927176	0.0018539851216947	Other	Repressed_Promoter	49999	64999	49999	Complex	Matrix 1	2.350091812623231	FALSE	FALSE	TRUE	TRUE
loop_13117	down_in_mutant	-0.492470365486045	7.88935344227847e-5	Active_Promoter	Active_Promoter	94999	0	0	Complex	Matrix 1	3.4585311626454067	TRUE	TRUE	TRUE	TRUE
loop_13237	down_in_mutant	-0.311688203296265	0.0067879349050184	Other	Poised_Enhancer	14999	74999	14999	Strength Change	Matrix 1	2.4304047094648795	FALSE	TRUE	TRUE	TRUE
loop_13251	up_in_mutant	0.330216455552344	0.0059451200335862	Active_Enhancer	Poised_Enhancer	294999	84999	84999	Merge	Matrix 2	-2.12725066729444	FALSE	FALSE	FALSE	TRUE
loop_13282	down_in_mutant	-0.45484512439859	0.0045781957633932	Poised_Enhancer	Other	184999	74999	74999	Merge	Matrix 2	-3.7408063694025424	FALSE	FALSE	FALSE	TRUE
loop_13305	down_in_mutant	-0.423278885213154	0.0129457017412298	Other	Other	424999	44999	44999	Strength Change	Matrix 2	-3.4768746253389806	FALSE	FALSE	TRUE	TRUE
loop_13366	down_in_mutant	-0.388255070401134	2.68629747861647e-5	Active_Enhancer	Active_Enhancer	24999	0	0	Complex	Matrix 1	8.311023715483067	TRUE	TRUE	TRUE	TRUE
loop_13555	up_in_mutant	0.376679616053647	0.0132368893930273	Repressed_Promoter	Poised_Enhancer	504999	34999	34999	Strength Change	Matrix 2	-2.3952646469652077	FALSE	FALSE	TRUE	TRUE
loop_13577	down_in_mutant	-0.416595431342956	0.00382336038824	Other	Other	14999	314999	14999	Split	Matrix 1	2.331020547970709	FALSE	TRUE	TRUE	TRUE
loop_13591	up_in_mutant	0.508339271284222	9.18892793675218e-5	Polycomb	Poised_Enhancer	104999	434999	104999	Merge	Matrix 2	-2.5379841603040982	FALSE	FALSE	FALSE	FALSE
loop_13602	down_in_mutant	-0.478956812109948	0.0015891775573237	Other	Other	194999	134999	134999	Complex	Matrix 1	8.311023715483067	FALSE	FALSE	FALSE	FALSE
loop_12621	down_in_mutant	-0.834501114163413	2.118182897456e-4	Repressed_Promoter	Repressed_Promoter	34999	104999	34999	Split	Matrix 1	2.244101690883746	FALSE	FALSE	TRUE	TRUE
loop_13608	down_in_mutant	-0.404850229036756	0.0098612227430554	Other	Other	444999	254999	254999	Strength Change	Matrix 2	-3.9746138241981814	FALSE	FALSE	FALSE	FALSE
loop_13610	down_in_mutant	-0.40524826245588	0.0058364411282667	Polycomb	Other	164999	154999	154999	Strength Change	Matrix 1	2.093132555740049	FALSE	FALSE	FALSE	FALSE
loop_13612	down_in_mutant	-0.365919856970141	0.0119410000711537	Other	Other	384999	174999	174999	Complex	Matrix 2	-4.656822909478795	FALSE	FALSE	FALSE	FALSE
loop_13655	up_in_mutant	0.309230192423531	1.119806709163e-4	Poised_Enhancer	Poised_Enhancer	514999	324999	324999	Complex	Matrix 1	2.546198430759254	FALSE	FALSE	FALSE	FALSE
loop_13884	down_in_mutant	-0.343910812113643	6.917585229271e-4	Poised_Enhancer	Active_Enhancer	504999	484999	484999	Strength Change	Matrix 1	5.347780838330169	FALSE	FALSE	FALSE	FALSE
loop_14017	down_in_mutant	-0.362992154056746	0.0010778676026919	Active_Enhancer	Poised_Enhancer	334999	104999	104999	Strength Change	Matrix 1	3.2549362143450233	FALSE	FALSE	FALSE	FALSE
loop_14229	up_in_mutant	0.312984383636949	0.0025446467997265	Poised_Enhancer	Poised_Enhancer	124999	354999	124999	Strength Change	Matrix 2	-2.252753618031341	FALSE	FALSE	FALSE	FALSE
loop_12973	down_in_mutant	-0.305947822036467	7.962064244733e-4	Bivalent_Promoter	Active_Enhancer	294999	374999	294999	Split	Matrix 1	6.549079927806942	FALSE	FALSE	FALSE	FALSE
loop_14266	up_in_mutant	0.326847857879609	0.0020237362506679	Polycomb	Polycomb	184999	0	0	Split	Matrix 1	2.161416733925219	TRUE	TRUE	TRUE	TRUE
loop_4846	down_in_mutant	-0.419283455402965	6.09986470977697e-5	Poised_Enhancer	Poised_Enhancer	784999	124999	124999	Strength Change	Matrix 1	2.3303466498024963	FALSE	FALSE	FALSE	FALSE
loop_4823	up_in_mutant	0.305131566023914	1.751816106073e-4	Polycomb	Polycomb	139999	0	0	Split	Matrix 1	2.161416733925219	TRUE	TRUE	TRUE	TRUE
loop_14320	down_in_mutant	-0.384000301628962	0.0015110649755211	Poised_Enhancer	Poised_Enhancer	414999	104999	104999	Strength Change	Matrix 1	3.2549362143450233	FALSE	FALSE	FALSE	FALSE
loop_14324	down_in_mutant	-0.353838672288885	0.0016943518912974	Other	Repressed_Promoter	24999	34999	24999	Strength Change	Matrix 2	-2.3426922796652847	FALSE	TRUE	TRUE	TRUE
loop_13027	down_in_mutant	-0.47882931279318	5.9846921149292e-5	Active_Enhancer	Poised_Enhancer	734999	124999	124999	Strength Change	Matrix 1	2.3303466498024963	FALSE	FALSE	FALSE	FALSE
loop_14372	down_in_mutant	-0.425052044776491	0.0017447359131168	Other	Poised_Enhancer	114999	84999	84999	Strength Change	Matrix 2	-2.111454963843677	FALSE	FALSE	FALSE	TRUE
loop_14389	down_in_mutant	-0.318632976131305	8.505728676879e-4	Poised_Enhancer	Poised_Enhancer	674999	694999	674999	Split	Matrix 1	2.6868627754877017	FALSE	FALSE	FALSE	FALSE
loop_14396	down_in_mutant	-0.334125613809572	0.0022879120321608	Active_Enhancer	Active_Enhancer	494999	0	0	Split	Matrix 1	2.4408597701936565	TRUE	TRUE	TRUE	TRUE
loop_14413	down_in_mutant	-0.408573940650764	5.52377130585e-4	Poised_Enhancer	Poised_Enhancer	134999	224999	134999	Complex	Matrix 1	2.4037314640796943	FALSE	FALSE	FALSE	FALSE
loop_14416	down_in_mutant	-0.343647578992441	0.0254919186650001	Poised_Enhancer	Polycomb	144999	144999	144999	Strength Change	Matrix 1	3.6139879048948744	FALSE	FALSE	FALSE	FALSE
loop_14423	down_in_mutant	-0.319347785189688	0.0239340156995773	Active_Enhancer	Active_Enhancer	594999	784999	594999	Complex	Matrix 2	-2.3353082757127814	FALSE	FALSE	FALSE	FALSE
loop_14435	down_in_mutant	-0.364350126323986	0.0078193173310159	Poised_Enhancer	Other	504999	844999	504999	Strength Change	Matrix 2	-3.229172195113608	FALSE	FALSE	FALSE	FALSE
loop_7399	up_in_mutant	0.336700337364563	7.182292832638e-4	Other	Polycomb	229999	184999	184999	Shifted	Matrix 1	2.6982319966643433	FALSE	FALSE	FALSE	FALSE
loop_14493	down_in_mutant	-0.429980825583048	0.002453893934987	Active_Promoter	Active_Enhancer	4999	594999	4999	Complex	Matrix 1	2.4037314640796943	TRUE	TRUE	TRUE	TRUE
loop_14494	down_in_mutant	-0.434122030570556	0.0049763715051845	Poised_Enhancer	Other	494999	74999	74999	Strength Change	Matrix 2	-2.0977734206407934	FALSE	FALSE	FALSE	TRUE
loop_14495	down_in_mutant	-0.407285477220699	0.007968227287497	Active_Promoter	Other	264999	164999	164999	Strength Change	Matrix 2	-3.229172195113608	FALSE	FALSE	FALSE	FALSE
loop_14502	down_in_mutant	-0.375142993738675	0.0212457016609291	Poised_Enhancer	Other	374999	134999	134999	Merge	Matrix 2	-2.374173191492541	FALSE	FALSE	FALSE	FALSE
loop_14509	up_in_mutant	0.322186004821027	0.0247309853269809	Polycomb	Repressed_Promoter	214999	134999	134999	Complex	Matrix 2	-2.177520625805259	FALSE	FALSE	FALSE	FALSE
loop_14511	down_in_mutant	-0.315475631269509	0.0251499764127822	Active_Promoter	Active_Promoter	0	24999	0	Complex	Matrix 2	-3.01220330746844	TRUE	TRUE	TRUE	TRUE
loop_14521	up_in_mutant	0.436861322353654	0.007888219165931	Polycomb	Repressed_Promoter	0	194999	0	Complex	Matrix 2	-2.602744998783892	TRUE	TRUE	TRUE	TRUE
loop_14522	down_in_mutant	-0.544695921609274	0.0049811396271416	Other	Other	24999	0	0	Split	Matrix 1	2.5005823578002	TRUE	TRUE	TRUE	TRUE
loop_14662	up_in_mutant	0.345711908802287	0.0235059999758166	Repressed_Promoter	Polycomb	NA	NA	NA	NA	NA	NA	NA	NA	NA	NA
loop_13546	up_in_mutant	0.318837168628038	0.0033533340440005	Poised_Enhancer	Poised_Enhancer	NA	NA	NA	NA	NA	NA	NA	NA	NA	NA
loop_14891	up_in_mutant	0.339496368835114	1.609509976669e-4	Poised_Enhancer	Polycomb	34999	334999	34999	Shifted	Matrix 2	-3.288715960688853	FALSE	FALSE	TRUE	TRUE
loop_15165	down_in_mutant	-0.313470685100513	0.0050812741356668	Active_Promoter	Other	94999	264999	94999	Split	Matrix 1	3.937842386277409	FALSE	FALSE	FALSE	TRUE
loop_15216	up_in_mutant	0.548689812954411	3.18071522105e-4	Other	Poised_Enhancer	64999	44999	44999	Shifted	Matrix 2	-2.752633100975461	FALSE	FALSE	TRUE	TRUE
loop_15220	down_in_mutant	-0.389975002972438	0.003983242334378	Other	Other	204999	264999	204999	Split	Matrix 1	3.937842386277409	FALSE	FALSE	FALSE	FALSE
loop_15234	down_in_mutant	-0.383455730055957	0.0025031338738716	Other	Active_Enhancer	144999	0	0	Strength Change	Matrix 1	2.0267472794018446	TRUE	TRUE	TRUE	TRUE
loop_15250	up_in_mutant	0.398613572823253	7.507557435305e-4	Polycomb	Poised_Enhancer	224999	374999	224999	Merge	Matrix 2	-2.000010514999369	FALSE	FALSE	FALSE	FALSE
loop_15258	down_in_mutant	-0.398548403669824	0.0111550533936987	Poised_Enhancer	Repressed_Promoter	94999	0	0	Strength Change	Matrix 2	-2.1231101849804612	TRUE	TRUE	TRUE	TRUE
loop_15271	up_in_mutant	0.304771263401242	0.0054367440422653	Other	Poised_Enhancer	1004999	844999	844999	Shifted	Matrix 1	2.2745217280776493	FALSE	FALSE	FALSE	FALSE
loop_15274	up_in_mutant	0.314263340866184	0.0108171916690001	Other	Other	524999	334999	334999	Shifted	Matrix 1	3.7959286558896608	FALSE	FALSE	FALSE	FALSE
loop_15277	down_in_mutant	-0.323180158669748	0.0124131160145181	Active_Enhancer	Poised_Enhancer	114999	84999	84999	Split	Matrix 1	3.891940726253269	FALSE	FALSE	FALSE	TRUE
loop_15280	up_in_mutant	0.38891856911948	0.0058349985477697	Polycomb	Active_Promoter	184999	84999	84999	Merge	Matrix 2	-3.0720681901282023	FALSE	FALSE	FALSE	TRUE
loop_15290	up_in_mutant	0.300857054248776	0.0251073797903749	Repressed_Promoter	Polycomb	144999	174999	144999	Split	Matrix 1	2.4598364902779286	FALSE	FALSE	FALSE	FALSE
loop_15299	up_in_mutant	0.453993843162919	0.003162857671265	Other	Other	114999	264999	114999	Merge	Matrix 2	-2.2833143705352024	FALSE	FALSE	FALSE	FALSE
loop_15320	down_in_mutant	-0.402854850513528	0.00227586815479	Other	Other	0	94999	0	Split	Matrix 1	2.268787726228915	TRUE	TRUE	TRUE	TRUE
loop_15330	down_in_mutant	-0.365869361197878	0.0209187962272144	Other	Other	94999	364999	94999	Split	Matrix 1	2.220854812093106	FALSE	FALSE	FALSE	TRUE
loop_15340	up_in_mutant	0.362153836388011	0.0174787927913654	Repressed_Promoter	Other	244999	314999	244999	Strength Change	Matrix 2	-2.759632846977594	FALSE	FALSE	FALSE	FALSE
loop_15654	down_in_mutant	-0.3658351596789	0.0010924747138549	Active_Enhancer	Active_Enhancer	264999	0	0	Strength Change	Matrix 1	3.2428649730478183	TRUE	TRUE	TRUE	TRUE
loop_15727	down_in_mutant	-0.330196852103945	0.0124464201521219	Active_Enhancer	Poised_Enhancer	54999	134999	54999	Strength Change	Matrix 1	2.3665071493303618	FALSE	FALSE	FALSE	TRUE
loop_15733	up_in_mutant	0.339470278634208	0.0013422080496278	Polycomb	Polycomb	914999	24999	24999	Shifted	Matrix 2	-2.8248490080233424	FALSE	TRUE	TRUE	TRUE
loop_15871	down_in_mutant	-0.30724716018565	0.0089724644106763	Active_Enhancer	Poised_Enhancer	0	144999	0	Strength Change	Matrix 1	2.3665071493303618	TRUE	TRUE	TRUE	TRUE
loop_15887	up_in_mutant	0.423100677189364	0.00147952709947	Other	Other	364999	684999	364999	Strength Change	Matrix 1	2.714648330502463	FALSE	FALSE	FALSE	FALSE
loop_15914	down_in_mutant	-0.367242150654108	3.597607108867e-4	Poised_Enhancer	Other	254999	344999	254999	Complex	Matrix 2	-2.327053821468936	FALSE	FALSE	FALSE	FALSE
loop_15915	down_in_mutant	-0.333340222755949	0.0017477706767899	Poised_Enhancer	Active_Enhancer	54999	0	0	Shifted	Matrix 1	2.7676344687576284	TRUE	TRUE	TRUE	TRUE
loop_15930	up_in_mutant	0.430732936459713	0.0020965401310502	Repressed_Promoter	Other	134999	634999	134999	Strength Change	Matrix 1	2.879767266104316	FALSE	FALSE	FALSE	FALSE
loop_19185	up_in_mutant	0.389521715224818	1.540920913166e-4	Polycomb	Repressed_Promoter	334999	584999	334999	Merge	Matrix 2	-2.2912642383634907	FALSE	FALSE	FALSE	FALSE
loop_15993	down_in_mutant	-1.07260396941961	4.27465973431446e-6	Active_Promoter	Active_Enhancer	614999	664999	614999	Split	Matrix 1	3.097107610934099	FALSE	FALSE	FALSE	FALSE
loop_989	down_in_mutant	-0.599644780224924	1.072144786012e-4	Poised_Enhancer	Active_Enhancer	414999	414999	414999	Split	Matrix 1	2.395636416661328	FALSE	FALSE	FALSE	FALSE
loop_16013	up_in_mutant	0.31135508906557	0.0234759302446153	Other	Other	414999	4999	4999	Merge	Matrix 2	-5.469192742623822	TRUE	TRUE	TRUE	TRUE
loop_16021	up_in_mutant	0.466920225242611	0.0018093375526057	Repressed_Promoter	Repressed_Promoter	214999	224999	214999	Split	Matrix 1	3.0703872633054763	FALSE	FALSE	FALSE	FALSE
loop_16035	up_in_mutant	0.306874742340284	0.013031776696781	Other	Other	4999	304999	4999	Merge	Matrix 2	-2.0586544006689467	TRUE	TRUE	TRUE	TRUE
loop_16039	up_in_mutant	0.445995156755736	0.00176511567944	Other	Other	64999	314999	64999	Strength Change	Matrix 1	4.074864418196028	FALSE	FALSE	FALSE	TRUE
loop_2312	down_in_mutant	-0.575400281417593	7.08749747252133e-5	Active_Enhancer	Active_Promoter	414999	89999	89999	Split	Matrix 1	4.809484322084695	FALSE	FALSE	FALSE	TRUE
loop_16050	down_in_mutant	-0.357598059680985	0.0127471807115768	Poised_Enhancer	Poised_Enhancer	394999	454999	394999	Split	Matrix 1	2.395636416661328	FALSE	FALSE	FALSE	FALSE
loop_16053	down_in_mutant	-0.378240893215645	0.0193902814695509	Poised_Enhancer	Other	1334999	124999	124999	Shifted	Matrix 2	-3.1546790391538035	FALSE	FALSE	FALSE	FALSE
loop_16054	up_in_mutant	0.42247298954524	0.0057110073117769	Polycomb	Other	1164999	124999	124999	Shifted	Matrix 2	-3.1546790391538035	FALSE	FALSE	FALSE	FALSE
loop_16272	down_in_mutant	-0.33159148644279	0.0091140181374908	Active_Promoter	Active_Enhancer	144999	0	0	Split	Matrix 1	2.0039169105871917	TRUE	TRUE	TRUE	TRUE
loop_16438	down_in_mutant	-0.318537285316141	0.007134211179767	Active_Enhancer	Poised_Enhancer	374999	64999	64999	Split	Matrix 1	3.496311851701085	FALSE	FALSE	FALSE	TRUE
loop_16530	up_in_mutant	0.312224067345303	0.0036936671012545	Other	Polycomb	74999	94999	74999	Merge	Matrix 2	-2.3407855921888228	FALSE	FALSE	FALSE	TRUE
loop_16588	down_in_mutant	-0.330157135557723	9.663406396968e-4	Other	Poised_Enhancer	74999	4999	4999	Split	Matrix 1	2.6036547432171164	TRUE	TRUE	TRUE	TRUE
loop_16596	down_in_mutant	-0.342371248296029	0.0011996233061532	Active_Enhancer	Active_Promoter	94999	284999	94999	Split	Matrix 1	2.9296434093024084	FALSE	FALSE	FALSE	TRUE
loop_16623	up_in_mutant	0.328268548903629	0.0101934251771813	Polycomb	Polycomb	314999	104999	104999	Complex	Matrix 1	2.3432879853377564	FALSE	FALSE	FALSE	FALSE
loop_15051	up_in_mutant	0.379556772853467	0.0026459183183681	Other	Other	0	54999	0	Shifted	Matrix 1	3.7034449207066897	TRUE	TRUE	TRUE	TRUE
loop_16648	up_in_mutant	0.416715521989482	4.056854851586e-4	Other	Poised_Enhancer	104999	574999	104999	Split	Matrix 1	3.420501083086452	FALSE	FALSE	FALSE	FALSE
loop_16649	down_in_mutant	-0.417229734999308	0.0287323152348135	Poised_Enhancer	Other	514999	74999	74999	Strength Change	Matrix 1	3.019587498763142	FALSE	FALSE	FALSE	TRUE
loop_16674	down_in_mutant	-0.301785218996615	0.001867069880539	Active_Promoter	Active_Promoter	114999	0	0	Strength Change	Matrix 1	2.254892581048734	TRUE	TRUE	TRUE	TRUE
loop_16677	up_in_mutant	0.434305056176547	9.368234342086e-4	Other	Polycomb	684999	624999	624999	Merge	Matrix 2	-2.2252699457131206	FALSE	FALSE	FALSE	FALSE
loop_16701	up_in_mutant	0.405128651017528	0.0187478424703387	Repressed_Promoter	Other	0	664999	0	Strength Change	Matrix 2	-2.111041568192056	TRUE	TRUE	TRUE	TRUE
loop_16703	up_in_mutant	0.309578454390185	0.0091204184924107	Active_Promoter	Other	54999	164999	54999	Complex	Matrix 1	2.832667035354934	FALSE	FALSE	FALSE	TRUE
loop_16709	down_in_mutant	-0.406105754311341	0.0031871043994986	Other	Active_Promoter	364999	64999	64999	Strength Change	Matrix 1	2.014776208464992	FALSE	FALSE	FALSE	TRUE
loop_16715	up_in_mutant	0.444063945566061	0.0243510284658767	Other	Other	214999	4999	4999	Merge	Matrix 2	-2.936985739723681	TRUE	TRUE	TRUE	TRUE
loop_16986	down_in_mutant	-0.313694805920164	0.0164963991288994	Other	Other	94999	174999	94999	Merge	Matrix 2	-2.253576205085685	FALSE	FALSE	FALSE	TRUE
loop_16990	up_in_mutant	0.329661013310803	0.0039199441543277	Other	Repressed_Promoter	234999	4999	4999	Merge	Matrix 2	-2.3020275170394604	TRUE	TRUE	TRUE	TRUE
loop_17008	down_in_mutant	-0.306928866818335	0.0023517369189445	Poised_Enhancer	Other	74999	154999	74999	Strength Change	Matrix 1	2.8184700030300167	FALSE	FALSE	FALSE	TRUE
loop_17050	up_in_mutant	0.333862236991175	0.0070970249002443	Other	Polycomb	954999	694999	694999	Complex	Matrix 1	5.433961616443989	FALSE	FALSE	FALSE	FALSE
loop_15335	down_in_mutant	-0.490099034232297	2.83256997926674e-5	Active_Enhancer	Other	0	119999	0	Shifted	Matrix 2	-2.520845260595394	TRUE	TRUE	TRUE	TRUE
loop_17121	up_in_mutant	0.339437632599024	0.0025636124802852	Poised_Enhancer	Poised_Enhancer	1564999	1384999	1384999	Strength Change	Matrix 2	-2.6703859464941835	FALSE	FALSE	FALSE	FALSE
loop_17137	down_in_mutant	-0.414521421086754	2.197503319854e-4	Active_Promoter	Active_Enhancer	0	24999	0	Complex	Matrix 1	2.730435303411917	TRUE	TRUE	TRUE	TRUE
loop_17165	down_in_mutant	-0.313797328918003	0.0148881957214096	Other	Active_Promoter	144999	224999	144999	Merge	Matrix 2	-2.740050807085134	FALSE	FALSE	FALSE	FALSE
loop_17192	down_in_mutant	-0.386189190576847	3.896080186717e-4	Active_Enhancer	Active_Enhancer	0	94999	0	Shifted	Matrix 2	-2.520845260595394	TRUE	TRUE	TRUE	TRUE
loop_17215	down_in_mutant	-0.316536335894601	0.0289458655647301	Active_Enhancer	Active_Promoter	14999	224999	14999	Merge	Matrix 2	-2.740050807085134	FALSE	TRUE	TRUE	TRUE
loop_17220	down_in_mutant	-0.317247060256668	0.0052163807085972	Other	Poised_Enhancer	444999	4999	4999	Strength Change	Matrix 2	-2.292329124885946	TRUE	TRUE	TRUE	TRUE
loop_17228	down_in_mutant	-0.370278900946949	0.0058694696311575	Active_Promoter	Active_Enhancer	0	224999	0	Complex	Matrix 1	2.730435303411917	TRUE	TRUE	TRUE	TRUE
loop_17279	up_in_mutant	0.347824163067264	0.0032450827530149	Active_Enhancer	Repressed_Promoter	224999	14999	14999	Merge	Matrix 2	-2.1100274072929013	FALSE	TRUE	TRUE	TRUE
loop_17284	down_in_mutant	-0.317939566068116	0.0174740717890146	Active_Enhancer	Poised_Enhancer	104999	4999	4999	Strength Change	Matrix 2	-2.3697789656791466	TRUE	TRUE	TRUE	TRUE
loop_17305	up_in_mutant	0.300454197549195	0.0142031038028641	Polycomb	Polycomb	4999	214999	4999	Strength Change	Matrix 1	2.2126357722999783	TRUE	TRUE	TRUE	TRUE
loop_15537	up_in_mutant	0.3778095810822	0.0017349339879944	Repressed_Promoter	Repressed_Promoter	54999	94999	54999	Strength Change	Matrix 1	2.385919157400031	FALSE	FALSE	FALSE	TRUE
loop_17350	down_in_mutant	-0.42291309592519	2.55779478483e-4	Other	Other	264999	104999	104999	Split	Matrix 1	6.411782545881877	FALSE	FALSE	FALSE	FALSE
loop_17352	up_in_mutant	0.309203821997348	0.0253771792799286	Other	Poised_Enhancer	244999	14999	14999	Merge	Matrix 2	-2.1393692488956373	FALSE	TRUE	TRUE	TRUE
loop_17353	up_in_mutant	0.475399207872211	6.675763375691e-4	Other	Repressed_Promoter	34999	164999	34999	Split	Matrix 1	3.151607343517725	FALSE	FALSE	TRUE	TRUE
loop_15639	up_in_mutant	0.374727927855812	0.0012796800598448	Poised_Enhancer	Other	149999	319999	149999	Split	Matrix 1	3.065828908856787	FALSE	FALSE	FALSE	FALSE
loop_17665	down_in_mutant	-0.381991384246345	0.0027295142873791	Other	Other	434999	624999	434999	Merge	Matrix 2	-2.0591909527842827	FALSE	FALSE	FALSE	FALSE
loop_17841	down_in_mutant	-0.345679793235593	0.0045691418154235	Active_Enhancer	Active_Promoter	184999	0	0	Split	Matrix 1	2.7969703673384787	TRUE	TRUE	TRUE	TRUE
loop_17872	up_in_mutant	0.448769044873237	9.655764278618e-4	Polycomb	Polycomb	334999	174999	174999	Complex	Matrix 2	-2.34409521990229	FALSE	FALSE	FALSE	FALSE
loop_17909	up_in_mutant	0.323225413836051	0.0132709031240866	Polycomb	Other	24999	304999	24999	Split	Matrix 1	4.074379987186409	FALSE	TRUE	TRUE	TRUE
loop_17920	up_in_mutant	0.403718674780672	0.0026433809254982	Other	Other	84999	304999	84999	Split	Matrix 1	3.41908044877487	FALSE	FALSE	FALSE	TRUE
loop_17935	down_in_mutant	-0.328215265156107	0.0048230309414155	Other	Other	664999	524999	524999	Strength Change	Matrix 1	4.020774141763551	FALSE	FALSE	FALSE	FALSE
loop_17959	down_in_mutant	-0.301853129921142	0.0262758828051715	Other	Other	1124999	204999	204999	Split	Matrix 1	2.0569923671264547	FALSE	FALSE	FALSE	FALSE
loop_17960	up_in_mutant	0.418710331974299	0.0020696918492446	Polycomb	Polycomb	354999	0	0	Shifted	Matrix 2	-4.6166333935074695	TRUE	TRUE	TRUE	TRUE
loop_17964	down_in_mutant	-0.408303405817707	0.0141505161477215	Active_Enhancer	Active_Promoter	604999	884999	604999	Merge	Matrix 2	-2.003627082616024	FALSE	FALSE	FALSE	FALSE
loop_16035	down_in_mutant	-0.303776524010327	0.0101197540229701	Poised_Enhancer	Other	2064999	389999	389999	Strength Change	Matrix 2	-3.089681907526522	FALSE	FALSE	FALSE	FALSE
loop_18000	down_in_mutant	-0.326536814145198	0.0135264808336576	Other	Other	1224999	304999	304999	Shifted	Matrix 2	-2.3697484972906344	FALSE	FALSE	FALSE	FALSE
loop_16020	up_in_mutant	0.482804386638698	5.701061386663e-4	Poised_Enhancer	Other	2689999	2039999	2039999	Split	Matrix 1	4.074379987186409	FALSE	FALSE	FALSE	FALSE
loop_18019	down_in_mutant	-0.355502311495839	0.0239189728615922	Poised_Enhancer	Poised_Enhancer	0	344999	0	Merge	Matrix 2	-2.391191850688506	TRUE	TRUE	TRUE	TRUE
loop_18039	down_in_mutant	-0.353026108801848	0.0218985113372587	Polycomb	Other	1084999	1534999	1084999	Strength Change	Matrix 1	2.818295797198107	FALSE	FALSE	FALSE	FALSE
loop_18042	down_in_mutant	-0.454027243468176	0.005785097899991	Repressed_Promoter	Other	2204999	3934999	2204999	Strength Change	Matrix 1	2.818295797198107	FALSE	FALSE	FALSE	FALSE
loop_18047	up_in_mutant	0.487637969968264	0.0020924812196453	Other	Polycomb	404999	34999	34999	Merge	Matrix 2	-3.00374886055434	FALSE	FALSE	TRUE	TRUE
loop_18056	down_in_mutant	-0.391209023566624	0.0227007973706125	Polycomb	Other	834999	74999	74999	Strength Change	Matrix 1	2.818295797198107	FALSE	FALSE	FALSE	TRUE
loop_18263	down_in_mutant	-0.344684601294466	0.0043758184546251	Active_Promoter	Active_Enhancer	804999	1154999	804999	Merge	Matrix 2	-2.6826494584601814	FALSE	FALSE	FALSE	FALSE
loop_18484	down_in_mutant	-0.417127177950137	7.143734152967e-4	Active_Enhancer	Active_Enhancer	0	234999	0	Shifted	Matrix 1	3.169302025992338	TRUE	TRUE	TRUE	TRUE
loop_18526	up_in_mutant	0.323430919107131	0.0044973925903144	Repressed_Promoter	Poised_Enhancer	434999	554999	434999	Split	Matrix 1	2.2297544041212327	FALSE	FALSE	FALSE	FALSE
loop_18592	down_in_mutant	-0.575257302595857	7.063439499857e-4	Other	Active_Enhancer	34999	134999	34999	Strength Change	Matrix 1	3.2183435864427796	FALSE	FALSE	TRUE	TRUE
loop_18594	down_in_mutant	-0.447777073265948	0.0014004587898698	Poised_Enhancer	Active_Enhancer	344999	44999	44999	Strength Change	Matrix 1	2.0216376206511533	FALSE	FALSE	TRUE	TRUE
loop_18600	up_in_mutant	0.338925562950838	0.0131853584042913	Poised_Enhancer	Poised_Enhancer	774999	2044999	774999	Complex	Matrix 1	3.7162519093035655	FALSE	FALSE	FALSE	FALSE
loop_18625	down_in_mutant	-0.305785830694685	0.0233706859180783	Other	Other	504999	324999	324999	Complex	Matrix 1	2.414733912192248	FALSE	FALSE	FALSE	FALSE
loop_1312	down_in_mutant	-0.423638848324184	2.28709202476e-4	Active_Enhancer	Active_Enhancer	9999	764999	9999	Strength Change	Matrix 1	2.784887379717508	TRUE	TRUE	TRUE	TRUE
loop_18651	down_in_mutant	-0.346228997302566	0.0221124082101198	Other	Other	504999	124999	124999	Strength Change	Matrix 1	2.786154616915532	FALSE	FALSE	FALSE	FALSE
loop_18653	down_in_mutant	-0.450452189460404	0.0078553845508457	Other	Other	0	544999	0	Shifted	Matrix 1	2.503068924076653	TRUE	TRUE	TRUE	TRUE
loop_18657	down_in_mutant	-0.44064976975495	0.006488708765366	Polycomb	Other	1544999	754999	754999	Split	Matrix 1	3.02061659868	FALSE	FALSE	FALSE	FALSE
loop_18658	up_in_mutant	0.399393024892349	0.0067399055513971	Other	Other	104999	754999	104999	Split	Matrix 1	3.02061659868	FALSE	FALSE	FALSE	FALSE
loop_18659	down_in_mutant	-0.411602759147339	0.0038172619324794	Other	Active_Promoter	474999	624999	474999	Strength Change	Matrix 2	-6.0679503390047715	FALSE	FALSE	FALSE	FALSE
loop_18701	down_in_mutant	-0.320287940430013	0.008453323950766	Active_Enhancer	Other	94999	54999	54999	Split	Matrix 1	2.11542623158456	FALSE	FALSE	FALSE	TRUE
loop_18733	down_in_mutant	-0.414815290303671	0.0152701700613131	Polycomb	Polycomb	0	54999	0	Complex	Matrix 1	2.1795614701016808	TRUE	TRUE	TRUE	TRUE
loop_18737	down_in_mutant	-0.388266176224147	0.014935721015338	Poised_Enhancer	Other	34999	414999	34999	Merge	Matrix 2	-2.036174926932734	FALSE	FALSE	TRUE	TRUE
loop_18738	down_in_mutant	-0.34919701872984	0.0213225423494968	Active_Promoter	Poised_Enhancer	0	94999	0	Strength Change	Matrix 2	-2.3555903682622117	TRUE	TRUE	TRUE	TRUE
loop_6645	down_in_mutant	-0.30963588044924	2.39698717642e-4	Other	Polycomb	299999	0	0	Strength Change	Matrix 1	3.5785167264711983	TRUE	TRUE	TRUE	TRUE
loop_18785	up_in_mutant	0.365457432623487	0.0107633891474199	Poised_Enhancer	Polycomb	864999	524999	524999	Strength Change	Matrix 2	-2.0461623657563046	FALSE	FALSE	FALSE	FALSE
loop_18805	down_in_mutant	-0.356592602378316	0.0242204531697979	Polycomb	Other	1484999	654999	654999	Strength Change	Matrix 2	-2.918908597953531	FALSE	FALSE	FALSE	FALSE
loop_18866	up_in_mutant	0.320899199034069	0.0020956210649871	Poised_Enhancer	Polycomb	314999	0	0	Strength Change	Matrix 2	-2.0819255536283547	TRUE	TRUE	TRUE	TRUE
loop_18873	down_in_mutant	-0.310975808713447	0.0052443840232954	Other	Active_Promoter	254999	0	0	Shifted	Matrix 2	-2.4714926664471877	TRUE	TRUE	TRUE	TRUE
loop_18881	down_in_mutant	-0.31787451495471	0.003232550775013	Poised_Enhancer	Other	54999	44999	44999	Strength Change	Matrix 1	2.1456003497148832	FALSE	FALSE	TRUE	TRUE
loop_18996	up_in_mutant	0.447716687924078	7.572402390749e-4	Other	Other	424999	94999	94999	Strength Change	Matrix 2	-2.008058048980262	FALSE	FALSE	FALSE	TRUE
loop_19001	down_in_mutant	-0.449245451561161	0.001842372482471	Active_Promoter	Active_Promoter	794999	314999	314999	Shifted	Matrix 2	-3.218671126849691	FALSE	FALSE	FALSE	FALSE
loop_19002	down_in_mutant	-0.354993403267551	0.0072269512446204	Poised_Enhancer	Poised_Enhancer	284999	64999	64999	Merge	Matrix 2	-2.4449460653274593	FALSE	FALSE	FALSE	TRUE
loop_19003	up_in_mutant	0.322393290337938	0.0039089676301883	Other	Other	324999	354999	324999	Shifted	Matrix 1	2.3189345899888645	FALSE	FALSE	FALSE	FALSE
loop_19009	up_in_mutant	0.390739301742651	0.0026303686870966	Poised_Enhancer	Other	24999	394999	24999	Merge	Matrix 2	-2.1687927299035024	FALSE	TRUE	TRUE	TRUE
loop_19016	down_in_mutant	-0.589814196036935	0.0029077843199458	Active_Promoter	Active_Promoter	194999	724999	194999	Strength Change	Matrix 2	-2.1461689355861164	FALSE	FALSE	FALSE	FALSE
loop_19047	down_in_mutant	-0.321563731027048	0.0168437929788468	Other	Active_Promoter	94999	104999	94999	Merge	Matrix 2	-2.257522362927763	FALSE	FALSE	FALSE	TRUE
loop_19072	up_in_mutant	0.406862507502378	6.12766922819294e-5	Polycomb	Poised_Enhancer	0	44999	0	Merge	Matrix 2	-6.145201686787354	TRUE	TRUE	TRUE	TRUE
loop_19083	up_in_mutant	0.341923707097469	2.097205010062e-4	Other	Other	24999	114999	24999	Strength Change	Matrix 1	2.6361574915171957	FALSE	TRUE	TRUE	TRUE
loop_19097	down_in_mutant	-0.322256007932685	0.0265289539625403	Active_Promoter	Poised_Enhancer	0	0	0	Split	Matrix 1	2.967580997012533	TRUE	TRUE	TRUE	TRUE
loop_19245	down_in_mutant	-0.379184742302457	0.0152817944994243	Poised_Enhancer	Repressed_Promoter	294999	284999	284999	Split	Matrix 1	2.526703276284106	FALSE	FALSE	FALSE	FALSE
loop_19246	up_in_mutant	0.442597262538912	0.003005568232862	Other	Other	164999	294999	164999	Split	Matrix 1	2.926224473775693	FALSE	FALSE	FALSE	FALSE
loop_19249	down_in_mutant	-0.416926009594834	0.0068587547776849	Active_Enhancer	Repressed_Promoter	174999	284999	174999	Merge	Matrix 2	-2.7016927881106367	FALSE	FALSE	FALSE	FALSE
loop_19283	down_in_mutant	-0.310077054192885	0.0057655245349256	Active_Enhancer	Active_Enhancer	4999	64999	4999	Strength Change	Matrix 1	2.091553416705369	TRUE	TRUE	TRUE	TRUE
loop_19309	down_in_mutant	-0.539254448296507	6.441315465095e-4	Other	Poised_Enhancer	164999	234999	164999	Merge	Matrix 2	-3.211805522578294	FALSE	FALSE	FALSE	FALSE
loop_1759	down_in_mutant	-0.485747405570261	8.354551500878e-4	Poised_Enhancer	Repressed_Promoter	34999	0	0	Complex	Matrix 2	-3.2281689689698574	TRUE	TRUE	TRUE	TRUE
loop_19320	up_in_mutant	0.622747055696839	0.0010079394648476	Poised_Enhancer	Poised_Enhancer	1814999	34999	34999	Strength Change	Matrix 2	-2.3687374311077427	FALSE	FALSE	TRUE	TRUE
loop_19371	down_in_mutant	-0.361753110230178	0.014600926557291	Other	Active_Enhancer	424999	0	0	Split	Matrix 1	2.6292441697696645	TRUE	TRUE	TRUE	TRUE
loop_19374	down_in_mutant	-0.610648956106594	4.419239810193e-4	Other	Other	64999	4999	4999	Merge	Matrix 2	-2.5330462539409924	TRUE	TRUE	TRUE	TRUE
loop_17366	up_in_mutant	0.358386522316275	7.30955795173703e-5	Polycomb	Polycomb	14999	239999	14999	Strength Change	Matrix 2	-4.34586353547168	FALSE	TRUE	TRUE	TRUE
loop_19478	down_in_mutant	-0.317597310423452	0.0159691065674007	Other	Active_Promoter	104999	54999	54999	Complex	Matrix 1	2.65865191522205	FALSE	FALSE	FALSE	TRUE
loop_19483	down_in_mutant	-0.35332738936913	0.0077553888395158	Active_Enhancer	Active_Enhancer	34999	24999	24999	Merge	Matrix 2	-3.5316062954061427	FALSE	TRUE	TRUE	TRUE
loop_11977	up_in_mutant	0.372773452225037	8.319579998683e-4	Poised_Enhancer	Active_Enhancer	69999	364999	69999	Shifted	Matrix 1	2.2318610023953385	FALSE	FALSE	FALSE	TRUE
loop_19488	down_in_mutant	-0.3621873558028	0.0134959508973642	Other	Other	34999	274999	34999	Strength Change	Matrix 2	-2.7682522627488853	FALSE	FALSE	TRUE	TRUE
loop_19621	down_in_mutant	-0.838938214949579	1.098971731297e-4	Other	Other	194999	154999	154999	Shifted	Matrix 2	-2.2511426300011195	FALSE	FALSE	FALSE	FALSE
loop_19688	down_in_mutant	-0.401420948267736	0.0012736555357125	Active_Enhancer	Other	4999	164999	4999	Strength Change	Matrix 2	-3.229172195113608	TRUE	TRUE	TRUE	TRUE
loop_19692	down_in_mutant	-0.344458223120084	0.004924036737785	Active_Enhancer	Poised_Enhancer	494999	194999	194999	Split	Matrix 1	2.4408597701936565	FALSE	FALSE	FALSE	FALSE
loop_19739	up_in_mutant	0.319487018598595	0.0143707709633636	Polycomb	Polycomb	314999	84999	84999	Strength Change	Matrix 2	-2.2648148759658944	FALSE	FALSE	FALSE	TRUE
loop_19756	down_in_mutant	-0.31797875893309	0.0269290159614182	Other	Poised_Enhancer	4999	144999	4999	Shifted	Matrix 2	-4.428813505390002	TRUE	TRUE	TRUE	TRUE
loop_19768	down_in_mutant	-0.657784125306225	0.0013583720542738	Polycomb	Other	694999	194999	194999	Complex	Matrix 2	-2.511611378513366	FALSE	FALSE	FALSE	FALSE
loop_19896	down_in_mutant	-0.357039485976958	0.0091388387108317	Repressed_Promoter	Active_Promoter	214999	124999	124999	Merge	Matrix 2	-3.780739800148136	FALSE	FALSE	FALSE	FALSE
loop_19899	up_in_mutant	0.315518337969505	0.0248769670683402	Poised_Enhancer	Other	74999	454999	74999	Split	Matrix 1	4.553324220649828	FALSE	FALSE	FALSE	TRUE
loop_19910	down_in_mutant	-0.816190877929475	3.763415231536e-4	Repressed_Promoter	Polycomb	214999	94999	94999	Merge	Matrix 2	-3.556210016352096	FALSE	FALSE	FALSE	TRUE
loop_20005	up_in_mutant	0.346484263941758	0.0050840022108085	Polycomb	Poised_Enhancer	914999	214999	214999	Shifted	Matrix 2	-2.8248490080233424	FALSE	FALSE	FALSE	FALSE
loop_3835	down_in_mutant	-0.41439119945493	7.859328797927e-4	Other	Poised_Enhancer	44999	564999	44999	Complex	Matrix 2	-7.921618790563465	FALSE	FALSE	TRUE	TRUE
loop_20083	up_in_mutant	0.328963482766797	0.001380733292285	Poised_Enhancer	Poised_Enhancer	274999	184999	184999	Strength Change	Matrix 1	2.1084058726716584	FALSE	FALSE	FALSE	FALSE
loop_20127	up_in_mutant	0.44416715034346	9.18892793675218e-5	Repressed_Promoter	Other	124999	414999	124999	Split	Matrix 1	2.7700628168446557	FALSE	FALSE	FALSE	FALSE
loop_18091	up_in_mutant	0.360951676218342	0.0019974749021747	Other	Other	419999	194999	194999	Merge	Matrix 2	-2.370351780095298	FALSE	FALSE	FALSE	FALSE
loop_20160	down_in_mutant	-0.644510064029671	6.76435162670631e-6	Polycomb	Repressed_Promoter	224999	14999	14999	Merge	Matrix 2	-2.1100274072929013	FALSE	TRUE	TRUE	TRUE
loop_20200	up_in_mutant	0.331134370237422	0.0027175347023426	Poised_Enhancer	Other	874999	1014999	874999	Shifted	Matrix 1	2.6315599850421973	FALSE	FALSE	FALSE	FALSE
loop_20222	down_in_mutant	-0.464273324088611	0.001270838648668	Other	Bivalent_Promoter	84999	194999	84999	Strength Change	Matrix 1	3.884965625073331	FALSE	FALSE	FALSE	TRUE
loop_20223	up_in_mutant	0.44952670983352	4.658715069649e-4	Poised_Enhancer	Repressed_Promoter	0	364999	0	Merge	Matrix 2	-5.3193303271907135	TRUE	TRUE	TRUE	TRUE
loop_20226	down_in_mutant	-0.375007123722967	0.0198995660593104	Active_Enhancer	Active_Enhancer	14999	0	0	Strength Change	Matrix 1	2.1503563646441815	TRUE	TRUE	TRUE	TRUE
loop_15640	down_in_mutant	-0.343532982899788	0.0029266535890895	Repressed_Promoter	Polycomb	154999	0	0	Shifted	Matrix 2	-2.8727360906087807	TRUE	TRUE	TRUE	TRUE
loop_20292	down_in_mutant	-0.312630122340416	0.0040783571584503	Active_Enhancer	Poised_Enhancer	184999	74999	74999	Split	Matrix 1	2.7969703673384787	FALSE	FALSE	FALSE	TRUE
loop_20319	down_in_mutant	-0.399254576777918	9.249385756795e-4	Other	Other	484999	304999	304999	Shifted	Matrix 2	-2.3697484972906344	FALSE	FALSE	FALSE	FALSE
loop_20355	down_in_mutant	-0.42959029980034	0.004246263831748	Poised_Enhancer	Poised_Enhancer	0	374999	0	Merge	Matrix 2	-2.010326844495693	TRUE	TRUE	TRUE	TRUE
loop_20357	up_in_mutant	0.479512249310746	0.0063668862223051	Poised_Enhancer	Other	4999	374999	4999	Complex	Matrix 2	-2.9944723454723237	TRUE	TRUE	TRUE	TRUE
loop_18239	up_in_mutant	0.398245348254813	0.0010083666404296	Other	Poised_Enhancer	484999	784999	484999	Strength Change	Matrix 2	-2.006791851794423	FALSE	FALSE	FALSE	FALSE
loop_20370	down_in_mutant	-0.894578862786473	7.063439499857e-4	Repressed_Promoter	Repressed_Promoter	4999	1284999	4999	Split	Matrix 1	4.074379987186409	TRUE	TRUE	TRUE	TRUE
loop_20413	down_in_mutant	-0.43624829888803	1.357780351266e-4	Poised_Enhancer	Active_Promoter	0	0	0	Strength Change	Matrix 1	2.6671634832909334	TRUE	TRUE	TRUE	TRUE
loop_20446	up_in_mutant	0.349876600410826	0.005326517267677	Poised_Enhancer	Poised_Enhancer	0	154999	0	Strength Change	Matrix 1	2.6671634832909334	TRUE	TRUE	TRUE	TRUE
loop_1292	down_in_mutant	-0.844265986118768	2.27494729174747e-6	Other	Poised_Enhancer	4999	84999	4999	Merge	Matrix 2	-2.082686097765471	TRUE	TRUE	TRUE	TRUE
loop_20461	up_in_mutant	0.439743750280355	0.0013583720542738	Other	Repressed_Promoter	154999	494999	154999	Shifted	Matrix 2	-3.9166615177283592	FALSE	FALSE	FALSE	FALSE
loop_20521	down_in_mutant	-0.654735731137619	0.0014213285150323	Poised_Enhancer	Polycomb	0	114999	0	Strength Change	Matrix 1	3.0230167955569	TRUE	TRUE	TRUE	TRUE
loop_20558	up_in_mutant	0.348340230949445	0.0021692058789803	Other	Polycomb	1374999	1184999	1184999	Strength Change	Matrix 1	2.2060725204341325	FALSE	FALSE	FALSE	FALSE
loop_20610	down_in_mutant	-0.356320414039509	0.0031581680320535	Poised_Enhancer	Poised_Enhancer	0	214999	0	Strength Change	Matrix 2	-4.388031149537075	TRUE	TRUE	TRUE	TRUE
loop_20620	up_in_mutant	0.366634932578715	0.0012212567339412	Repressed_Promoter	Other	334999	204999	204999	Merge	Matrix 2	-2.717267493479565	FALSE	FALSE	FALSE	FALSE
loop_303	up_in_mutant	0.460127642047158	1.126055228043e-4	Polycomb	Polycomb	89999	614999	89999	Strength Change	Matrix 1	2.2288474109998377	FALSE	FALSE	FALSE	TRUE
loop_20777	down_in_mutant	-0.306344573399026	0.0242204531697979	Poised_Enhancer	Active_Enhancer	414999	34999	34999	Strength Change	Matrix 1	2.62398205487147	FALSE	FALSE	TRUE	TRUE
loop_20785	up_in_mutant	0.517220920651693	2.097205010062e-4	Repressed_Promoter	Poised_Enhancer	294999	354999	294999	Merge	Matrix 2	-2.436518951677357	FALSE	FALSE	FALSE	FALSE
loop_20828	down_in_mutant	-0.326127552171158	0.0078194217017361	Other	Poised_Enhancer	354999	184999	184999	Shifted	Matrix 2	-2.8745649649468352	FALSE	FALSE	FALSE	FALSE
loop_20832	up_in_mutant	0.304794975320413	0.0271794646803051	Other	Poised_Enhancer	164999	44999	44999	Complex	Matrix 1	2.0939797391893427	FALSE	FALSE	TRUE	TRUE
loop_20834	down_in_mutant	-0.425047213424701	0.0144506563108094	Repressed_Promoter	Polycomb	544999	0	0	Complex	Matrix 1	2.5046044703866905	TRUE	TRUE	TRUE	TRUE
loop_20845	down_in_mutant	-0.329408031987607	0.0196471659045768	Active_Promoter	Active_Enhancer	24999	134999	24999	Split	Matrix 1	2.980971555860907	FALSE	TRUE	TRUE	TRUE
loop_20861	down_in_mutant	-0.374355688964536	0.0049429524050680004	Active_Promoter	Active_Enhancer	34999	394999	34999	Merge	Matrix 2	-2.273442434452727	FALSE	FALSE	TRUE	TRUE
loop_20882	down_in_mutant	-0.341173956767614	0.0152889386528045	Active_Enhancer	Active_Promoter	134999	0	0	Strength Change	Matrix 1	2.9502340464970827	TRUE	TRUE	TRUE	TRUE
loop_20888	down_in_mutant	-0.308168081780191	0.0254634378383388	Poised_Enhancer	Poised_Enhancer	144999	234999	144999	Merge	Matrix 2	-3.211805522578294	FALSE	FALSE	FALSE	FALSE
loop_11081	down_in_mutant	-0.42960913793349	1.388477754494e-4	Other	Polycomb	54999	434999	54999	Split	Matrix 1	2.980971555860907	FALSE	FALSE	FALSE	TRUE
loop_20898	up_in_mutant	0.414133433354071	5.366911650597e-4	Poised_Enhancer	Other	364999	104999	104999	Merge	Matrix 2	-2.1337503921055183	FALSE	FALSE	FALSE	FALSE
loop_20937	down_in_mutant	-0.358366985177846	0.0046205321361682	Active_Promoter	Active_Promoter	14999	364999	14999	Strength Change	Matrix 1	2.023455445070758	FALSE	TRUE	TRUE	TRUE
loop_4636	up_in_mutant	0.312332284039958	0.0012404523634448	Repressed_Promoter	Polycomb	344999	184999	184999	Merge	Matrix 2	-2.397477575258006	FALSE	FALSE	FALSE	FALSE
loop_20986	up_in_mutant	0.373161902963171	5.941641823926e-4	Poised_Enhancer	Other	554999	404999	404999	Complex	Matrix 2	-2.124847128683777	FALSE	FALSE	FALSE	FALSE
loop_21051	up_in_mutant	0.335885415374106	0.0039199441543277	Poised_Enhancer	Polycomb	74999	4999	4999	Strength Change	Matrix 2	-3.3525885632813175	TRUE	TRUE	TRUE	TRUE
loop_21101	up_in_mutant	0.40695058408159	0.0184260479867907	Polycomb	Other	44999	144999	44999	Shifted	Matrix 2	-7.851442518853078	FALSE	FALSE	TRUE	TRUE
loop_21214	down_in_mutant	-0.336832867638086	0.0260462974156215	Active_Promoter	Other	NA	NA	NA	NA	NA	NA	NA	NA	NA	NA
loop_21310	down_in_mutant	-0.422763131399747	0.0117437143407236	Active_Enhancer	Active_Promoter	974999	424999	424999	Shifted	Matrix 2	-2.474053786351721	FALSE	FALSE	FALSE	FALSE
loop_21312	up_in_mutant	0.350407795401794	0.0102800229157084	Other	Polycomb	4999	174999	4999	Split	Matrix 1	2.4598364902779286	TRUE	TRUE	TRUE	TRUE
loop_21348	down_in_mutant	-0.327759633087062	0.0017831459135465	Active_Enhancer	Poised_Enhancer	0	204999	0	Strength Change	Matrix 1	2.235407761577994	TRUE	TRUE	TRUE	TRUE
loop_21381	up_in_mutant	0.43926364932788	9.307285519655e-4	Repressed_Promoter	Other	1174999	894999	894999	Merge	Matrix 2	-2.0328432724269834	FALSE	FALSE	FALSE	FALSE
loop_21460	up_in_mutant	0.664393063331115	2.097205010062e-4	Other	Other	0	644999	0	Strength Change	Matrix 2	-2.577914735442304	TRUE	TRUE	TRUE	TRUE
loop_15114	up_in_mutant	0.32309574254047	0.0054157762571623	Repressed_Promoter	Other	0	314999	0	Strength Change	Matrix 2	-2.111041568192056	TRUE	TRUE	TRUE	TRUE
loop_21500	down_in_mutant	-0.338158282981487	0.0031746098017252	Active_Promoter	Poised_Enhancer	194999	234999	194999	Strength Change	Matrix 1	2.2410717114645955	FALSE	FALSE	FALSE	FALSE
loop_21503	up_in_mutant	0.317586164941347	0.0045310209583968	Other	Polycomb	164999	444999	164999	Split	Matrix 1	2.4133287302907167	FALSE	FALSE	FALSE	FALSE
loop_21510	up_in_mutant	0.387127455872947	0.0027103334347125	Poised_Enhancer	Polycomb	0	214999	0	Strength Change	Matrix 2	-3.2138513960068056	TRUE	TRUE	TRUE	TRUE
loop_21525	down_in_mutant	-0.512480084365649	0.0011334195904281	Polycomb	Polycomb	224999	234999	224999	Strength Change	Matrix 2	-3.2138513960068056	FALSE	FALSE	FALSE	FALSE
loop_21531	down_in_mutant	-0.47304109213119	0.0048876489815925	Other	Active_Enhancer	184999	24999	24999	Shifted	Matrix 1	3.1730302885948096	FALSE	TRUE	TRUE	TRUE
loop_21577	up_in_mutant	0.361943771729382	0.0051151761909497	Other	Other	114999	0	0	Merge	Matrix 2	-2.0581289164897596	TRUE	TRUE	TRUE	TRUE
loop_21586	up_in_mutant	0.631166264637834	6.58993046333839e-5	Poised_Enhancer	Other	2144999	1944999	1944999	Strength Change	Matrix 1	2.644087617591807	FALSE	FALSE	FALSE	FALSE
loop_21588	up_in_mutant	0.516716962043744	0.0016754984701772	Other	Other	14999	444999	14999	Complex	Matrix 2	-2.9944723454723237	FALSE	TRUE	TRUE	TRUE
loop_21589	up_in_mutant	0.518988134266449	0.0036489147710453	Repressed_Promoter	Repressed_Promoter	2204999	3044999	2204999	Strength Change	Matrix 1	2.818295797198107	FALSE	FALSE	FALSE	FALSE
loop_21633	up_in_mutant	0.369139686489351	0.0022950382833528	Poised_Enhancer	Other	404999	224999	224999	Shifted	Matrix 1	2.983653654179432	FALSE	FALSE	FALSE	FALSE
loop_21646	up_in_mutant	0.503813035789609	7.284412409582e-4	Poised_Enhancer	Active_Promoter	694999	724999	694999	Split	Matrix 1	2.6156464199639404	FALSE	FALSE	FALSE	FALSE
loop_21647	up_in_mutant	0.328274886622751	0.0180479741611538	Other	Other	34999	94999	34999	Strength Change	Matrix 1	2.4160473686665536	FALSE	FALSE	TRUE	TRUE
loop_21670	up_in_mutant	0.508881121346172	1.70231880418e-4	Repressed_Promoter	Polycomb	534999	464999	464999	Merge	Matrix 2	-2.4912366966128734	FALSE	FALSE	FALSE	FALSE
loop_21678	up_in_mutant	0.578910866400767	8.89180446457579e-5	Other	Other	74999	0	0	Complex	Matrix 2	-3.950611590871554	TRUE	TRUE	TRUE	TRUE
loop_21679	up_in_mutant	0.357571102231438	0.0050465063625916	Other	Other	724999	254999	254999	Split	Matrix 1	3.199994914262287	FALSE	FALSE	FALSE	FALSE
loop_21684	up_in_mutant	0.444918288879274	0.0140069303739566	Active_Promoter	Other	984999	0	0	Complex	Matrix 2	-3.950611590871554	TRUE	TRUE	TRUE	TRUE
loop_21688	up_in_mutant	0.39499789284158	0.0287508537669186	Other	Bivalent_Promoter	44999	24999	24999	Complex	Matrix 1	4.641126280807499	FALSE	TRUE	TRUE	TRUE
loop_21705	up_in_mutant	0.335730841202845	0.0142031038028641	Active_Enhancer	Other	924999	524999	524999	Merge	Matrix 2	-2.0690961247109168	FALSE	FALSE	FALSE	FALSE
loop_21707	up_in_mutant	0.747760355531914	1.948529234551e-4	Other	Other	714999	264999	264999	Split	Matrix 1	2.1677813728598823	FALSE	FALSE	FALSE	FALSE
loop_21708	up_in_mutant	0.364791032932662	0.0145552259263074	Other	Polycomb	444999	904999	444999	Merge	Matrix 2	-2.0104810803943187	FALSE	FALSE	FALSE	FALSE
loop_21738	up_in_mutant	0.556334569566978	0.0025357930298162	Other	Repressed_Promoter	724999	234999	234999	Split	Matrix 1	3.1552501994508355	FALSE	FALSE	FALSE	FALSE
loop_21741	up_in_mutant	0.647929463688215	5.647328753902e-4	Other	Other	504999	144999	144999	Strength Change	Matrix 2	-2.3910862835033906	FALSE	FALSE	FALSE	FALSE
loop_21743	up_in_mutant	0.394998488133304	4.218902475244e-4	Polycomb	Other	254999	404999	254999	Merge	Matrix 2	-3.891737300633499	FALSE	FALSE	FALSE	FALSE
loop_21745	up_in_mutant	0.357097176884845	0.0061490079365058	Other	Other	684999	234999	234999	Merge	Matrix 2	-2.105489027963613	FALSE	FALSE	FALSE	FALSE
loop_21785	up_in_mutant	0.335294772757552	0.0019235959378879	Poised_Enhancer	Polycomb	1164999	104999	104999	Strength Change	Matrix 1	3.869873892278674	FALSE	FALSE	FALSE	FALSE
loop_21787	up_in_mutant	0.57968924723187	2.10076570313633e-5	Other	Other	0	64999	0	Strength Change	Matrix 2	-2.5163737783848705	TRUE	TRUE	TRUE	TRUE
loop_21790	up_in_mutant	0.302422362676622	0.0049163479730031	Other	Other	44999	84999	44999	Strength Change	Matrix 2	-2.2430626303430814	FALSE	FALSE	TRUE	TRUE
loop_21799	down_in_mutant	-0.391496277649314	0.0015502555668689	Other	Poised_Enhancer	24999	404999	24999	Shifted	Matrix 2	-7.850869454239146	FALSE	TRUE	TRUE	TRUE
loop_21831	up_in_mutant	0.36049975499504	0.0117912532978418	Repressed_Promoter	Polycomb	114999	14999	14999	Strength Change	Matrix 1	2.2227782817939383	FALSE	TRUE	TRUE	TRUE
loop_21833	up_in_mutant	0.555517254151944	2.4793899344e-4	Other	Other	384999	64999	64999	Split	Matrix 1	3.037654738382998	FALSE	FALSE	FALSE	TRUE
loop_21838	up_in_mutant	0.343657937665739	0.0069434493323089	Other	Active_Enhancer	44999	84999	44999	Split	Matrix 1	2.1637490406246744	FALSE	FALSE	TRUE	TRUE
loop_21865	up_in_mutant	0.314529345563528	0.0067688634637923	Polycomb	Polycomb	394999	24999	24999	Merge	Matrix 2	-4.045829729819724	FALSE	TRUE	TRUE	TRUE
loop_21872	up_in_mutant	0.349524895210557	0.0016565107341327	Active_Promoter	Other	154999	0	0	Merge	Matrix 2	-2.1380766858439726	TRUE	TRUE	TRUE	TRUE
loop_21876	up_in_mutant	0.331353584954758	0.018576322879123	Polycomb	Polycomb	144999	234999	144999	Strength Change	Matrix 2	-2.50692470951616	FALSE	FALSE	FALSE	FALSE
loop_21878	up_in_mutant	0.388339082582146	0.0097903389742874	Other	Poised_Enhancer	524999	1074999	524999	Merge	Matrix 2	-2.3294147136040313	FALSE	FALSE	FALSE	FALSE
loop_21888	up_in_mutant	0.30770647314153	4.909408120139e-4	Repressed_Promoter	Polycomb	514999	634999	514999	Strength Change	Matrix 1	2.1704136928424105	FALSE	FALSE	FALSE	FALSE
loop_4554	up_in_mutant	0.341203079098232	4.143560010665e-4	Bivalent_Promoter	Polycomb	0	254999	0	Merge	Matrix 2	-3.432228520926184	TRUE	TRUE	TRUE	TRUE
loop_21905	up_in_mutant	0.722260810886389	2.67392504943843e-5	Repressed_Promoter	Poised_Enhancer	554999	284999	284999	Complex	Matrix 2	-2.3633107102609285	FALSE	FALSE	FALSE	FALSE
loop_11051	up_in_mutant	0.308136668593718	4.334740615352e-4	Bivalent_Promoter	Poised_Enhancer	0	14999	0	Strength Change	Matrix 2	-2.2394795404525274	TRUE	TRUE	TRUE	TRUE
loop_21988	up_in_mutant	0.425969342948682	2.461523163143e-4	Polycomb	Polycomb	14999	214999	14999	Strength Change	Matrix 2	-4.34586353547168	FALSE	TRUE	TRUE	TRUE
loop_22008	up_in_mutant	0.474841123394245	0.0010683134495853	Polycomb	Repressed_Promoter	204999	624999	204999	Strength Change	Matrix 2	-2.291905392570288	FALSE	FALSE	FALSE	FALSE
loop_22009	up_in_mutant	0.602705197943068	7.13271069785376e-6	Other	Other	514999	154999	154999	Merge	Matrix 2	-2.244403858177549	FALSE	FALSE	FALSE	FALSE
loop_22012	up_in_mutant	0.493820234305068	9.24534960847226e-5	Other	Other	124999	444999	124999	Split	Matrix 1	2.161740332895833	FALSE	FALSE	FALSE	FALSE
loop_17430	up_in_mutant	0.33722737870917	2.93238193997e-4	Polycomb	Polycomb	0	489999	0	Strength Change	Matrix 2	-4.34586353547168	TRUE	TRUE	TRUE	TRUE
loop_22015	up_in_mutant	0.363029407854033	0.0150996326377674	Poised_Enhancer	Other	214999	414999	214999	Shifted	Matrix 1	2.5271223513776424	FALSE	FALSE	FALSE	FALSE
loop_22018	up_in_mutant	0.521015948509435	7.128315915334e-4	Other	Bivalent_Promoter	254999	74999	74999	Shifted	Matrix 2	-3.6387128504140342	FALSE	FALSE	FALSE	TRUE
loop_22019	up_in_mutant	0.5123842617653	0.0239286554966949	Other	Poised_Enhancer	154999	394999	154999	Merge	Matrix 2	-2.9843182572547056	FALSE	FALSE	FALSE	FALSE
loop_22020	up_in_mutant	0.501793134754135	0.002133893583428	Poised_Enhancer	Other	334999	124999	124999	Strength Change	Matrix 2	-2.084130964286592	FALSE	FALSE	FALSE	FALSE
loop_22041	up_in_mutant	0.442897309278676	0.0025249652331389	Poised_Enhancer	Repressed_Promoter	1114999	454999	454999	Strength Change	Matrix 2	-2.159247208681107	FALSE	FALSE	FALSE	FALSE
loop_22087	up_in_mutant	0.54658776924253	4.12462477469977e-5	Other	Other	354999	204999	204999	Strength Change	Matrix 2	-2.78473026141064	FALSE	FALSE	FALSE	FALSE
loop_22095	up_in_mutant	0.870803979400638	5.81331242160672e-7	Other	Repressed_Promoter	164999	54999	54999	Merge	Matrix 2	-2.109953272335514	FALSE	FALSE	FALSE	TRUE
loop_22107	up_in_mutant	0.310867408848607	0.0090173301727473	Other	Other	524999	474999	474999	Strength Change	Matrix 2	-3.8132025590406142	FALSE	FALSE	FALSE	FALSE
loop_19904	up_in_mutant	0.407600167570065	1.800657231761e-4	Repressed_Promoter	Polycomb	104999	144999	104999	Strength Change	Matrix 1	2.1112246554385985	FALSE	FALSE	FALSE	FALSE
loop_17642	down_in_mutant	-0.313142931646653	0.0017497517723838	Poised_Enhancer	Active_Enhancer	114999	374999	114999	Split	Matrix 1	2.6868627754877017	FALSE	FALSE	FALSE	FALSE
loop_22110	up_in_mutant	0.34990502283798	0.0029700617555528	Polycomb	Poised_Enhancer	204999	214999	204999	Strength Change	Matrix 2	-2.38314327077436	FALSE	FALSE	FALSE	FALSE
loop_22122	up_in_mutant	0.381495234957304	0.0074918359771187	Repressed_Promoter	Poised_Enhancer	NA	NA	NA	NA	NA	NA	NA	NA	NA	NA
loop_22124	up_in_mutant	0.319571300829558	0.0297602048555273	Other	Active_Promoter	NA	NA	NA	NA	NA	NA	NA	NA	NA	NA
loop_22128	up_in_mutant	0.534541755229278	0.0041114193163183	Other	Other	NA	NA	NA	NA	NA	NA	NA	NA	NA	NA
loop_22132	up_in_mutant	0.302454538650806	9.38645351386e-4	Polycomb	Bivalent_Promoter	64999	4999	4999	Complex	Matrix 2	-3.123059067821999	TRUE	TRUE	TRUE	TRUE
loop_22147	up_in_mutant	0.477199324564444	0.0011851678044745	Repressed_Promoter	Poised_Enhancer	414999	304999	304999	Strength Change	Matrix 2	-2.5493805178200337	FALSE	FALSE	FALSE	FALSE
loop_22157	up_in_mutant	0.560276907298576	0.0025357930298162	Polycomb	Poised_Enhancer	364999	44999	44999	Shifted	Matrix 2	-2.752633100975461	FALSE	FALSE	TRUE	TRUE
loop_22159	up_in_mutant	0.575567926878824	6.76171468831419e-5	Polycomb	Polycomb	64999	174999	64999	Split	Matrix 1	2.4598364902779286	FALSE	FALSE	FALSE	TRUE
loop_22160	up_in_mutant	0.385348657303643	0.0020457195262961	Other	Other	54999	134999	54999	Strength Change	Matrix 2	-2.1490500237776673	FALSE	FALSE	FALSE	TRUE
loop_22162	up_in_mutant	0.350417839996033	0.0181666840227416	Polycomb	Poised_Enhancer	574999	654999	574999	Strength Change	Matrix 2	-2.735273361974647	FALSE	FALSE	FALSE	FALSE
loop_22165	up_in_mutant	0.394936088953143	0.0125593661656612	Other	Polycomb	394999	594999	394999	Strength Change	Matrix 1	3.0232187419630665	FALSE	FALSE	FALSE	FALSE
loop_22179	up_in_mutant	0.537664223035783	1.22625982365823e-5	Polycomb	Repressed_Promoter	0	4999	0	Shifted	Matrix 2	-9.33774121194733	TRUE	TRUE	TRUE	TRUE
loop_22184	up_in_mutant	0.362269008173896	2.553789571222e-4	Other	Polycomb	114999	4999	4999	Complex	Matrix 2	-15.531442016607434	TRUE	TRUE	TRUE	TRUE
loop_22189	up_in_mutant	0.566049809683301	3.98331042994818e-5	Poised_Enhancer	Poised_Enhancer	4999	354999	4999	Shifted	Matrix 1	2.1023361273070367	TRUE	TRUE	TRUE	TRUE
loop_22191	up_in_mutant	0.383963195585484	0.006016468532687	Polycomb	Poised_Enhancer	24999	214999	24999	Shifted	Matrix 2	-2.8248490080233424	FALSE	TRUE	TRUE	TRUE
loop_14606	up_in_mutant	0.406625761274526	1.800657231761e-4	Poised_Enhancer	Polycomb	214999	29999	29999	Split	Matrix 1	2.391921820748105	FALSE	FALSE	TRUE	TRUE
loop_22195	up_in_mutant	0.454816637823643	9.55528657279176e-5	Polycomb	Polycomb	424999	294999	294999	Strength Change	Matrix 2	-2.1534354522810366	FALSE	FALSE	FALSE	FALSE
loop_22197	up_in_mutant	1.28734035539557	7.32924914067724e-8	Other	Other	374999	214999	214999	Complex	Matrix 2	-2.1672458938036403	FALSE	FALSE	FALSE	FALSE
loop_22234	up_in_mutant	0.417626662905158	1.094968762164e-4	Repressed_Promoter	Other	394999	524999	394999	Strength Change	Matrix 2	-2.307100861135238	FALSE	FALSE	FALSE	FALSE
loop_22235	up_in_mutant	0.345650430499202	0.0027671525894334	Poised_Enhancer	Poised_Enhancer	354999	184999	184999	Strength Change	Matrix 1	2.1084058726716584	FALSE	FALSE	FALSE	FALSE
loop_22246	up_in_mutant	0.970849948973045	4.18835962485069e-8	Other	Other	44999	164999	44999	Split	Matrix 1	2.3352874221040354	FALSE	FALSE	TRUE	TRUE
loop_22251	up_in_mutant	0.451472741997116	0.0164046275861663	Other	Polycomb	274999	384999	274999	Strength Change	Matrix 2	-4.61006499555424	FALSE	FALSE	FALSE	FALSE
loop_22309	up_in_mutant	0.420408379594665	0.0011176921476137	Other	Polycomb	404999	84999	84999	Shifted	Matrix 1	2.270177942288199	FALSE	FALSE	FALSE	TRUE
loop_18249	up_in_mutant	0.445920189932227	1.754882447635e-4	Polycomb	Repressed_Promoter	2129999	1779999	1779999	Strength Change	Matrix 1	2.644087617591807	FALSE	FALSE	FALSE	FALSE
loop_18261	up_in_mutant	0.354885692970242	0.0019285166210169	Polycomb	Polycomb	2129999	1679999	1679999	Strength Change	Matrix 1	2.644087617591807	FALSE	FALSE	FALSE	FALSE
loop_22332	up_in_mutant	0.342291172656499	0.0080340780419963	Other	Other	3554999	3444999	3444999	Strength Change	Matrix 1	2.644087617591807	FALSE	FALSE	FALSE	FALSE
loop_22360	up_in_mutant	0.316009017324046	0.0134324944843308	Other	Poised_Enhancer	1684999	1804999	1684999	Merge	Matrix 2	-6.3882558388735635	FALSE	FALSE	FALSE	FALSE
loop_22365	up_in_mutant	0.340938824636882	0.0256021556773909	Other	Other	1184999	904999	904999	Merge	Matrix 2	-3.0798336639592443	FALSE	FALSE	FALSE	FALSE
loop_22367	up_in_mutant	0.44612136643836	0.0214252395124264	Other	Polycomb	64999	424999	64999	Split	Matrix 1	2.61124947525285	FALSE	FALSE	FALSE	TRUE
loop_8601	up_in_mutant	0.420666461818113	3.779985338234e-4	Repressed_Promoter	Polycomb	1529999	1179999	1179999	Strength Change	Matrix 1	2.2060725204341325	FALSE	FALSE	FALSE	FALSE
loop_16739	up_in_mutant	0.351205845091249	0.0014844222326758	Active_Enhancer	Poised_Enhancer	444999	819999	444999	Merge	Matrix 2	-2.0797523197262717	FALSE	FALSE	FALSE	FALSE
loop_22406	up_in_mutant	0.509596931876784	9.41534420221487e-5	Other	Repressed_Promoter	244999	0	0	Complex	Matrix 2	-3.185377712010855	TRUE	TRUE	TRUE	TRUE
loop_22409	up_in_mutant	0.428139390406945	3.45601027829e-4	Other	Poised_Enhancer	324999	4999	4999	Merge	Matrix 2	-4.209471225225539	TRUE	TRUE	TRUE	TRUE
loop_22425	up_in_mutant	0.366665287879589	5.643167641015e-4	Polycomb	Other	0	84999	0	Strength Change	Matrix 2	-2.2430626303430814	TRUE	TRUE	TRUE	TRUE
loop_22446	up_in_mutant	0.402576379946228	0.0059451200335862	Poised_Enhancer	Other	354999	54999	54999	Strength Change	Matrix 1	2.294310847887978	FALSE	FALSE	FALSE	TRUE
loop_22453	up_in_mutant	0.413734673578489	8.540845498167e-4	Polycomb	Poised_Enhancer	4999	0	0	Shifted	Matrix 2	-17.451083397443032	TRUE	TRUE	TRUE	TRUE
loop_22484	up_in_mutant	0.420953063262252	0.003983242334378	Other	Other	364999	74999	74999	Merge	Matrix 2	-2.397477575258006	FALSE	FALSE	FALSE	TRUE
loop_18866	up_in_mutant	0.515182723538615	9.98970933405956e-6	Polycomb	Other	0	0	0	Merge	Matrix 2	-2.1368256317276537	TRUE	TRUE	TRUE	TRUE
loop_12056	up_in_mutant	0.463475043746382	2.815313862057e-4	Poised_Enhancer	Other	324999	249999	249999	Strength Change	Matrix 2	-2.084130964286592	FALSE	FALSE	FALSE	FALSE
loop_22514	up_in_mutant	0.414831476676895	6.805407566016e-4	Other	Other	44999	54999	44999	Merge	Matrix 2	-3.1054837817934784	FALSE	FALSE	TRUE	TRUE
loop_22524	up_in_mutant	0.458093532892128	0.0018282891474694	Repressed_Promoter	Other	544999	414999	414999	Complex	Matrix 2	-3.087322017638372	FALSE	FALSE	FALSE	FALSE
loop_22541	up_in_mutant	0.339194358291557	0.0234293391394401	Other	Other	104999	284999	104999	Strength Change	Matrix 2	-2.111454963843677	FALSE	FALSE	FALSE	FALSE
loop_19139	up_in_mutant	0.406798218860207	0.0016470110518	Other	Repressed_Promoter	0	144999	0	Strength Change	Matrix 2	-2.5493805178200337	TRUE	TRUE	TRUE	TRUE
loop_22577	up_in_mutant	0.449622585552163	3.3019360031751e-5	Polycomb	Repressed_Promoter	54999	0	0	Complex	Matrix 2	-5.3508070765146405	TRUE	TRUE	TRUE	TRUE
loop_22580	up_in_mutant	0.459478315000543	2.078966930579e-4	Repressed_Promoter	Polycomb	0	204999	0	Merge	Matrix 2	-3.2244745343005063	TRUE	TRUE	TRUE	TRUE
loop_22593	up_in_mutant	0.777244313999697	6.08186397386388e-7	Repressed_Promoter	Active_Promoter	0	194999	0	Strength Change	Matrix 2	-2.7004555620157404	TRUE	TRUE	TRUE	TRUE
loop_22597	up_in_mutant	0.378529408719613	0.0010930913013603	Polycomb	Polycomb	274999	84999	84999	Complex	Matrix 2	-2.8447630231891607	FALSE	FALSE	FALSE	TRUE
loop_22614	up_in_mutant	0.520404602241342	3.1946121694923e-5	Poised_Enhancer	Polycomb	4999	54999	4999	Complex	Matrix 2	-4.483504466431647	TRUE	TRUE	TRUE	TRUE
loop_22616	up_in_mutant	0.359374308262088	0.0184434427462186	Polycomb	Polycomb	84999	14999	14999	Merge	Matrix 2	-3.00374886055434	FALSE	TRUE	TRUE	TRUE
loop_22623	up_in_mutant	0.427564769329994	0.0019716864947172	Repressed_Promoter	Polycomb	1824999	1984999	1824999	Merge	Matrix 2	-2.747784176519292	FALSE	FALSE	FALSE	FALSE
loop_22625	up_in_mutant	0.370235195615796	0.0247267772568198	Poised_Enhancer	Repressed_Promoter	274999	204999	204999	Merge	Matrix 2	-2.391191850688506	FALSE	FALSE	FALSE	FALSE
loop_47	down_in_mutant	-0.59013196150795	1.41763506787e-4	Other	Poised_Enhancer	209999	324999	209999	Complex	Matrix 2	-2.2518000083384875	FALSE	FALSE	FALSE	FALSE
loop_57	down_in_mutant	-0.31261549928001	0.0150711123659538	Active_Promoter	Active_Promoter	34999	19999	19999	Strength Change	Matrix 1	3.6130956854233616	FALSE	TRUE	TRUE	TRUE
loop_61	down_in_mutant	-0.904820765241616	1.005477222647e-4	Poised_Enhancer	Poised_Enhancer	139999	524999	139999	Complex	Matrix 2	-4.896833518087421	FALSE	FALSE	FALSE	FALSE
loop_62	down_in_mutant	-0.741045192005028	0.0071490694518995	Active_Promoter	Active_Promoter	1914999	214999	214999	Split	Matrix 1	2.5735361198515534	FALSE	FALSE	FALSE	FALSE
loop_72	down_in_mutant	-0.312014385052225	1.721755846876e-4	Active_Enhancer	Active_Promoter	49999	0	0	Strength Change	Matrix 1	3.5785167264711983	TRUE	TRUE	TRUE	TRUE
loop_98	up_in_mutant	0.321535226384155	0.0028553468590946	Repressed_Promoter	Repressed_Promoter	1529999	929999	929999	Strength Change	Matrix 1	2.2060725204341325	FALSE	FALSE	FALSE	FALSE
loop_175	down_in_mutant	-0.395991091504052	4.705794079349e-4	Poised_Enhancer	Poised_Enhancer	374999	269999	269999	Shifted	Matrix 1	3.9088132405991023	FALSE	FALSE	FALSE	FALSE
loop_198	down_in_mutant	-0.400627014730448	0.026929040057692	Active_Promoter	Active_Promoter	689999	444999	444999	Merge	Matrix 2	-3.815242633512276	FALSE	FALSE	FALSE	FALSE
loop_237	up_in_mutant	0.321946451229505	0.0010001548298595	Repressed_Promoter	Other	0	254999	0	Strength Change	Matrix 1	3.6472841836897	TRUE	TRUE	TRUE	TRUE
loop_245	down_in_mutant	-0.397547168738214	2.803572189546e-4	Poised_Enhancer	Other	289999	689999	289999	Split	Matrix 1	2.0884874749624993	FALSE	FALSE	FALSE	FALSE
loop_265	down_in_mutant	-0.327572335287372	0.0117325689273083	Other	Other	434999	39999	39999	Strength Change	Matrix 1	2.470976490328826	FALSE	FALSE	TRUE	TRUE
loop_312	up_in_mutant	0.457058927020709	6.90657584898432e-5	Polycomb	Active_Promoter	0	19999	0	Merge	Matrix 2	-6.145201686787354	TRUE	TRUE	TRUE	TRUE
loop_315	up_in_mutant	0.465567977255947	3.596894484716e-4	Poised_Enhancer	Active_Promoter	0	164999	0	Strength Change	Matrix 1	2.0353128459959966	TRUE	TRUE	TRUE	TRUE
loop_359	down_in_mutant	-0.325608495121997	9.043209894057e-4	Poised_Enhancer	Active_Enhancer	389999	164999	164999	Split	Matrix 1	2.605681657340411	FALSE	FALSE	FALSE	FALSE
loop_369	down_in_mutant	-0.309602771921005	0.0027101751499898	Polycomb	Other	154999	474999	154999	Strength Change	Matrix 1	2.654893084952165	FALSE	FALSE	FALSE	FALSE
loop_384	up_in_mutant	0.345296040842736	0.0170884033235037	Active_Enhancer	Active_Enhancer	284999	189999	189999	Merge	Matrix 2	-3.11689785494723	FALSE	FALSE	FALSE	FALSE
loop_385	down_in_mutant	-0.366751330052048	0.003814269298943	Other	Other	69999	279999	69999	Strength Change	Matrix 2	-2.0501047790799927	FALSE	FALSE	FALSE	TRUE
loop_387	down_in_mutant	-0.409159090434107	0.012291156262046	Poised_Enhancer	Active_Promoter	304999	24999	24999	Strength Change	Matrix 1	2.1382961332030015	FALSE	TRUE	TRUE	TRUE
loop_393	down_in_mutant	-0.445197157827542	0.0155404760976917	Active_Promoter	Active_Promoter	19999	214999	19999	Strength Change	Matrix 1	2.3809553063447866	FALSE	TRUE	TRUE	TRUE
loop_420	down_in_mutant	-0.376751713479314	3.581710984103e-4	Other	Poised_Enhancer	684999	444999	444999	Complex	Matrix 1	2.72113959931836	FALSE	FALSE	FALSE	FALSE
loop_422	down_in_mutant	-0.448154433286054	1.333029491885e-4	Active_Enhancer	Active_Promoter	0	29999	0	Split	Matrix 1	2.7535420311994088	TRUE	TRUE	TRUE	TRUE
loop_444	up_in_mutant	0.489334985650056	1.924221854335e-4	Other	Other	24999	489999	24999	Complex	Matrix 1	2.458183249893186	FALSE	TRUE	TRUE	TRUE
loop_457	down_in_mutant	-0.613809760482054	1.388477754494e-4	Poised_Enhancer	Poised_Enhancer	104999	564999	104999	Merge	Matrix 2	-2.2227024227735415	FALSE	FALSE	FALSE	FALSE
loop_505	down_in_mutant	-0.346277919538258	0.0032084803087168	Other	Other	159999	64999	64999	Merge	Matrix 2	-2.8416987201023294	FALSE	FALSE	FALSE	TRUE
loop_543	down_in_mutant	-0.305709304295051	0.0024215675063427	Poised_Enhancer	Repressed_Promoter	0	14999	0	Strength Change	Matrix 2	-2.1848760013242456	TRUE	TRUE	TRUE	TRUE
loop_546	up_in_mutant	0.4207893664383	3.797077291335e-4	Other	Other	34999	24999	24999	Complex	Matrix 1	2.1450774940359127	FALSE	TRUE	TRUE	TRUE
loop_552	down_in_mutant	-0.388148525199975	0.0086886739865697	Polycomb	Polycomb	149999	429999	149999	Split	Matrix 1	2.9721973699309703	FALSE	FALSE	FALSE	FALSE
loop_583	down_in_mutant	-0.336434080620894	5.86262790786964e-5	Poised_Enhancer	Active_Enhancer	29999	254999	29999	Merge	Matrix 2	-2.678104479451829	FALSE	FALSE	TRUE	TRUE
loop_601	up_in_mutant	0.396510490006541	1.072144786012e-4	Other	Poised_Enhancer	294999	269999	269999	Shifted	Matrix 1	2.056397001456181	FALSE	FALSE	FALSE	FALSE
loop_611	up_in_mutant	0.320239138384507	7.676616696202e-4	Other	Other	104999	134999	104999	Strength Change	Matrix 1	2.8084044358065223	FALSE	FALSE	FALSE	FALSE
loop_629	down_in_mutant	-0.332391796774653	0.0025031642049019	Poised_Enhancer	Active_Enhancer	164999	9999	9999	Strength Change	Matrix 2	-2.2613317862393907	TRUE	TRUE	TRUE	TRUE
loop_634	up_in_mutant	0.412140423603234	1.800657231761e-4	Polycomb	Other	149999	0	0	Strength Change	Matrix 2	-4.34586353547168	TRUE	TRUE	TRUE	TRUE
loop_646	down_in_mutant	-0.36078753925721	0.0097084418356369	Other	Other	224999	4999	4999	Strength Change	Matrix 1	3.4998356484908015	TRUE	TRUE	TRUE	TRUE
loop_647	down_in_mutant	-0.421900965902584	0.0022447052197059	Poised_Enhancer	Active_Enhancer	324999	9999	9999	Strength Change	Matrix 2	-2.2613317862393907	TRUE	TRUE	TRUE	TRUE
loop_656	down_in_mutant	-0.645780332513054	0.0076627258075899	Polycomb	Polycomb	239999	44999	44999	Complex	Matrix 2	-2.124847128683777	FALSE	FALSE	TRUE	TRUE
loop_658	down_in_mutant	-0.648919350854733	0.002621036624919	Repressed_Promoter	Polycomb	64999	299999	64999	Strength Change	Matrix 1	3.342797894680698	FALSE	FALSE	FALSE	TRUE
loop_687	up_in_mutant	0.368457401880178	8.615786478221e-4	Active_Enhancer	Other	339999	44999	44999	Merge	Matrix 2	-2.6775728094422235	FALSE	FALSE	TRUE	TRUE
loop_697	down_in_mutant	-0.566616194729022	0.002383258017806	Repressed_Promoter	Other	4999	9999	4999	Complex	Matrix 1	2.7723034219105993	TRUE	TRUE	TRUE	TRUE
loop_736	down_in_mutant	-0.308661081824006	0.0025852407602067	Other	Other	734999	449999	449999	Strength Change	Matrix 2	-2.2768249575335755	FALSE	FALSE	FALSE	FALSE
loop_743	down_in_mutant	-0.765243528846491	0.0060371225716763	Repressed_Promoter	Repressed_Promoter	0	34999	0	Complex	Matrix 2	-4.656822909478795	TRUE	TRUE	TRUE	TRUE
loop_826	down_in_mutant	-0.38445708345447	0.0058916701109779	Poised_Enhancer	Poised_Enhancer	489999	679999	489999	Complex	Matrix 1	2.1898106874129653	FALSE	FALSE	FALSE	FALSE
loop_827	down_in_mutant	-0.410526365324628	0.0214914671789079	Active_Promoter	Active_Promoter	159999	24999	24999	Complex	Matrix 2	-2.0632032611816644	FALSE	TRUE	TRUE	TRUE
loop_829	down_in_mutant	-0.301835761590742	0.0098988102963194	Poised_Enhancer	Other	84999	874999	84999	Strength Change	Matrix 2	-2.2485160037398764	FALSE	FALSE	FALSE	TRUE
loop_861	down_in_mutant	-0.301097362534884	0.0166426434621901	Poised_Enhancer	Active_Promoter	NA	NA	NA	NA	NA	NA	NA	NA	NA	NA
loop_919	up_in_mutant	0.325404620644959	0.0010888370062809	Polycomb	Poised_Enhancer	169999	94999	94999	Merge	Matrix 2	-3.0720681901282023	FALSE	FALSE	FALSE	TRUE
loop_940	down_in_mutant	-0.332815612265273	0.0077870416995585	Other	Other	364999	619999	364999	Split	Matrix 1	2.455038659142839	FALSE	FALSE	FALSE	FALSE
loop_941	down_in_mutant	-0.392097207979889	0.0084728700418103	Other	Polycomb	644999	659999	644999	Complex	Matrix 1	2.8200922033699216	FALSE	FALSE	FALSE	FALSE
loop_948	down_in_mutant	-0.700302472863938	0.0015064297907183	Polycomb	Repressed_Promoter	4999	9999	4999	Split	Matrix 1	3.937842386277409	TRUE	TRUE	TRUE	TRUE
loop_962	up_in_mutant	0.462249550570952	1.56771029821248e-5	Polycomb	Other	0	44999	0	Complex	Matrix 2	-15.531442016607434	TRUE	TRUE	TRUE	TRUE
loop_971	up_in_mutant	0.311968853134852	2.721146162953e-4	Active_Promoter	Other	64999	214999	64999	Split	Matrix 1	2.5126835640221095	FALSE	FALSE	FALSE	TRUE
loop_991	up_in_mutant	0.30282095680457	6.034576292533e-4	Other	Other	84999	4999	4999	Strength Change	Matrix 2	-2.8053096420645827	TRUE	TRUE	TRUE	TRUE
loop_1010	up_in_mutant	0.329666063218125	8.722254188505e-4	Repressed_Promoter	Polycomb	309999	1084999	309999	Merge	Matrix 2	-2.2912642383634907	FALSE	FALSE	FALSE	FALSE
loop_1024	down_in_mutant	-0.346243884669451	0.0145340454712076	Active_Promoter	Active_Enhancer	0	4999	0	Complex	Matrix 1	6.92432592801199	TRUE	TRUE	TRUE	TRUE
loop_1076	down_in_mutant	-0.499985487110965	0.0138290336507913	Poised_Enhancer	Poised_Enhancer	449999	639999	449999	Strength Change	Matrix 2	-4.513221936081955	FALSE	FALSE	FALSE	FALSE
loop_1079	down_in_mutant	-0.302871290036892	0.0048695521416989	Poised_Enhancer	Active_Promoter	274999	389999	274999	Complex	Matrix 2	-2.460394976841131	FALSE	FALSE	FALSE	FALSE
loop_1102	down_in_mutant	-0.627873604595974	2.118182897456e-4	Other	Other	189999	369999	189999	Complex	Matrix 2	-2.204263664252316	FALSE	FALSE	FALSE	FALSE
loop_1103	up_in_mutant	0.343900511317924	0.0020067440532602	Other	Other	219999	4999	4999	Strength Change	Matrix 2	-2.979058895488471	TRUE	TRUE	TRUE	TRUE
loop_1136	down_in_mutant	-0.804406928490457	2.71750898774538e-5	Repressed_Promoter	Repressed_Promoter	134999	0	0	Merge	Matrix 2	-2.1100274072929013	TRUE	TRUE	TRUE	TRUE
loop_1153	down_in_mutant	-0.300677654271344	0.0063966311467868	Poised_Enhancer	Other	89999	164999	89999	Strength Change	Matrix 2	-2.4372376557791826	FALSE	FALSE	FALSE	TRUE
loop_1154	down_in_mutant	-0.517165749992771	2.052233683607e-4	Other	Poised_Enhancer	119999	254999	119999	Merge	Matrix 2	-4.310345872260645	FALSE	FALSE	FALSE	FALSE
loop_1164	down_in_mutant	-0.346010038933595	0.0027665119709475	Active_Promoter	Active_Enhancer	204999	9999	9999	Shifted	Matrix 1	9.058750267686843	TRUE	TRUE	TRUE	TRUE
loop_1168	down_in_mutant	-0.313348675056951	0.0186362595848881	Other	Active_Promoter	144999	264999	144999	Merge	Matrix 2	-2.2264245816382737	FALSE	FALSE	FALSE	FALSE
loop_1175	down_in_mutant	-0.765491716848208	0.0017083113340303	Repressed_Promoter	Repressed_Promoter	594999	19999	19999	Merge	Matrix 2	-2.1100274072929013	FALSE	TRUE	TRUE	TRUE
loop_1205	up_in_mutant	0.311288023333025	0.0041603728985611	Other	Repressed_Promoter	569999	194999	194999	Merge	Matrix 2	-2.391191850688506	FALSE	FALSE	FALSE	FALSE
loop_1212	up_in_mutant	0.544572168974836	5.689438506982e-4	Other	Repressed_Promoter	419999	894999	419999	Merge	Matrix 2	-2.391191850688506	FALSE	FALSE	FALSE	FALSE
loop_1217	up_in_mutant	0.478357015558848	7.050722925635e-4	Active_Promoter	Polycomb	489999	0	0	Shifted	Matrix 2	-4.6166333935074695	TRUE	TRUE	TRUE	TRUE
loop_1218	up_in_mutant	0.383393197234326	0.0096353353352667	Poised_Enhancer	Poised_Enhancer	0	469999	0	Complex	Matrix 2	-2.9944723454723237	TRUE	TRUE	TRUE	TRUE
loop_1221	up_in_mutant	0.319035346945272	0.0260796300532926	Other	Other	444999	419999	419999	Merge	Matrix 2	-2.010326844495693	FALSE	FALSE	FALSE	FALSE
loop_1242	down_in_mutant	-0.618168911908268	7.861178271687e-4	Repressed_Promoter	Repressed_Promoter	14999	1279999	14999	Split	Matrix 1	4.074379987186409	FALSE	TRUE	TRUE	TRUE
loop_1309	down_in_mutant	-0.321195540377131	0.0022916712348325	Other	Active_Enhancer	174999	664999	174999	Split	Matrix 1	2.5379775311136754	FALSE	FALSE	FALSE	FALSE
loop_1320	down_in_mutant	-0.336676716238254	0.0286062179179473	Other	Other	1599999	1004999	1004999	Split	Matrix 1	3.02061659868	FALSE	FALSE	FALSE	FALSE
loop_1336	up_in_mutant	0.60803695828489	2.46311115615331e-5	Other	Other	0	314999	0	Strength Change	Matrix 2	-2.3927961209475335	TRUE	TRUE	TRUE	TRUE
loop_1342	down_in_mutant	-0.303708120477432	0.0022324916580901	Active_Enhancer	Active_Enhancer	184999	754999	184999	Strength Change	Matrix 1	2.5492547664455825	FALSE	FALSE	FALSE	FALSE
loop_1359	down_in_mutant	-0.366460790402689	0.0053410542545924	Other	Poised_Enhancer	19999	379999	19999	Merge	Matrix 2	-2.262129061675376	FALSE	TRUE	TRUE	TRUE
loop_1370	down_in_mutant	-0.38507309225729	0.005815634557969	Active_Enhancer	Active_Enhancer	4999	344999	4999	Strength Change	Matrix 1	2.028358296640608	TRUE	TRUE	TRUE	TRUE
loop_1371	down_in_mutant	-0.461234827215757	3.100706270713e-4	Polycomb	Poised_Enhancer	174999	324999	174999	Complex	Matrix 1	2.703884017182315	FALSE	FALSE	FALSE	FALSE
loop_1378	down_in_mutant	-0.794676913275492	7.754710243831e-4	Polycomb	Poised_Enhancer	4999	0	0	Complex	Matrix 2	-2.925163981691654	TRUE	TRUE	TRUE	TRUE
loop_1392	up_in_mutant	0.32287186642935	0.001406088354938	Other	Other	79999	579999	79999	Merge	Matrix 2	-2.076392371725261	FALSE	FALSE	FALSE	TRUE
loop_1407	down_in_mutant	-0.482303904765647	0.0015362517692414	Active_Promoter	Active_Promoter	739999	1349999	739999	Split	Matrix 1	2.5328134310333397	FALSE	FALSE	FALSE	FALSE
loop_1482	down_in_mutant	-0.665048243760334	0.0013621278495323	Repressed_Promoter	Repressed_Promoter	54999	24999	24999	Strength Change	Matrix 2	-2.0580187692181178	FALSE	TRUE	TRUE	TRUE
loop_1484	down_in_mutant	-0.806623583678698	0.0050759099679348	Repressed_Promoter	Repressed_Promoter	54999	619999	54999	Merge	Matrix 2	-3.2122890555910537	FALSE	FALSE	FALSE	TRUE
loop_1511	up_in_mutant	0.355480405213579	0.0018615697111585	Other	Other	219999	94999	94999	Split	Matrix 1	3.5235851826872935	FALSE	FALSE	FALSE	TRUE
loop_1514	down_in_mutant	-0.342432317382082	0.0071598708057739	Polycomb	Other	649999	874999	649999	Strength Change	Matrix 2	-2.063211255026801	FALSE	FALSE	FALSE	FALSE
loop_1524	down_in_mutant	-0.410343169181221	0.0118521568713772	Poised_Enhancer	Poised_Enhancer	0	749999	0	Strength Change	Matrix 2	-2.063211255026801	TRUE	TRUE	TRUE	TRUE
loop_1533	down_in_mutant	-0.405552877813042	0.0281765557580914	Other	Poised_Enhancer	39999	429999	39999	Complex	Matrix 2	-2.1343027135348813	FALSE	FALSE	TRUE	TRUE
loop_1575	down_in_mutant	-0.323707866444996	0.002035015684035	Active_Promoter	Active_Promoter	124999	84999	84999	Shifted	Matrix 2	-2.0524212356468583	FALSE	FALSE	FALSE	TRUE
loop_1601	down_in_mutant	-0.326438060108296	0.0067690552540911	Poised_Enhancer	Other	44999	299999	44999	Complex	Matrix 1	3.307578092498839	FALSE	FALSE	TRUE	TRUE
loop_1609	down_in_mutant	-0.364203698190648	0.0101791917344702	Active_Promoter	Active_Promoter	69999	139999	69999	Merge	Matrix 2	-2.257522362927763	FALSE	FALSE	FALSE	TRUE
loop_1614	down_in_mutant	-0.362766318809177	0.0257658215592739	Active_Promoter	Active_Promoter	639999	199999	199999	Complex	Matrix 1	2.933502191245007	FALSE	FALSE	FALSE	FALSE
loop_1616	down_in_mutant	-0.612568739230376	0.0178316315772001	Other	Active_Enhancer	254999	0	0	Strength Change	Matrix 1	3.179608690106335	TRUE	TRUE	TRUE	TRUE
loop_1620	down_in_mutant	-1.12206964097921	0.0035067298828245	Repressed_Promoter	Repressed_Promoter	89999	74999	74999	Split	Matrix 1	2.963771064982909	FALSE	FALSE	FALSE	TRUE
loop_1638	up_in_mutant	0.476707940580601	7.30955795173703e-5	Repressed_Promoter	Polycomb	289999	54999	54999	Strength Change	Matrix 2	-2.016723605887813	FALSE	FALSE	FALSE	TRUE
loop_1639	down_in_mutant	-0.399117456372856	9.440503247617e-4	Poised_Enhancer	Active_Enhancer	614999	74999	74999	Strength Change	Matrix 2	-2.170650470578021	FALSE	FALSE	FALSE	TRUE
loop_1654	up_in_mutant	0.310512591768114	0.0032036208499493	Other	Active_Promoter	239999	1314999	239999	Split	Matrix 1	2.588378210959045	FALSE	FALSE	FALSE	FALSE
loop_1662	down_in_mutant	-0.308172348815154	0.019403675424513	Polycomb	Other	0	139999	0	Strength Change	Matrix 2	-3.525717434592597	TRUE	TRUE	TRUE	TRUE
loop_1666	down_in_mutant	-0.306301858315266	0.018524918318468	Other	Active_Promoter	914999	74999	74999	Merge	Matrix 2	-2.053855656308603	FALSE	FALSE	FALSE	TRUE
loop_1668	down_in_mutant	-0.530113717587878	0.0048569568252558	Poised_Enhancer	Active_Promoter	44999	214999	44999	Strength Change	Matrix 1	2.3809553063447866	FALSE	FALSE	TRUE	TRUE
loop_1672	down_in_mutant	-0.525064971022538	0.0195410597323643	Poised_Enhancer	Active_Promoter	824999	194999	194999	Strength Change	Matrix 2	-2.0501047790799927	FALSE	FALSE	FALSE	FALSE
loop_1675	down_in_mutant	-0.542914764331754	0.0157361119435971	Active_Promoter	Active_Promoter	479999	214999	214999	Split	Matrix 1	2.588378210959045	FALSE	FALSE	FALSE	FALSE
loop_1689	down_in_mutant	-0.385402637501392	3.596894484716e-4	Other	Poised_Enhancer	684999	369999	369999	Complex	Matrix 1	2.72113959931836	FALSE	FALSE	FALSE	FALSE
loop_1699	down_in_mutant	-0.305479137371132	8.16718753329e-4	Other	Active_Promoter	414999	4999	4999	Shifted	Matrix 1	3.21210756515027	TRUE	TRUE	TRUE	TRUE
loop_1712	up_in_mutant	0.310339505359033	0.0161074534639869	Poised_Enhancer	Other	59999	659999	59999	Strength Change	Matrix 1	2.7768262415187612	FALSE	FALSE	FALSE	TRUE
loop_1715	up_in_mutant	0.388414617791218	0.0060035438841889	Poised_Enhancer	Polycomb	434999	204999	204999	Split	Matrix 1	2.6126444739078023	FALSE	FALSE	FALSE	FALSE
loop_1716	up_in_mutant	0.30471697168891	0.0154798173373892	Active_Enhancer	Polycomb	409999	284999	284999	Strength Change	Matrix 1	2.2985494000680187	FALSE	FALSE	FALSE	FALSE
loop_1718	down_in_mutant	-0.305687648503721	0.0102126108903678	Polycomb	Poised_Enhancer	119999	139999	119999	Strength Change	Matrix 2	-3.901434756410244	FALSE	FALSE	FALSE	FALSE
loop_1722	down_in_mutant	-0.444732909192099	0.0024612113331385	Poised_Enhancer	Active_Enhancer	0	0	0	Strength Change	Matrix 2	-3.901434756410244	TRUE	TRUE	TRUE	TRUE
loop_1724	up_in_mutant	0.399161165536034	0.0011751333537736	Other	Poised_Enhancer	174999	69999	69999	Complex	Matrix 1	2.0904300476002557	FALSE	FALSE	FALSE	TRUE
loop_1738	down_in_mutant	-0.341281188166231	1.924221854335e-4	Active_Enhancer	Active_Enhancer	94999	44999	44999	Split	Matrix 1	4.1370875546604	FALSE	FALSE	TRUE	TRUE
loop_1751	down_in_mutant	-0.305523595636143	0.0010026788943596	Poised_Enhancer	Active_Promoter	109999	0	0	Strength Change	Matrix 1	2.9502340464970827	TRUE	TRUE	TRUE	TRUE
loop_1773	down_in_mutant	-0.311533465938273	0.0014867840893032	Active_Enhancer	Other	184999	4999	4999	Strength Change	Matrix 2	-2.9474275695057717	TRUE	TRUE	TRUE	TRUE
loop_1802	down_in_mutant	-0.328140899386962	4.836298546078e-4	Polycomb	Poised_Enhancer	4999	149999	4999	Complex	Matrix 1	2.1958261017815217	TRUE	TRUE	TRUE	TRUE
loop_1816	down_in_mutant	-0.546093187385536	3.018287535899e-4	Other	Other	44999	14999	14999	Merge	Matrix 2	-2.5330462539409924	FALSE	TRUE	TRUE	TRUE
loop_1836	down_in_mutant	-0.459159904991289	0.0017196370508752	Poised_Enhancer	Other	109999	0	0	Strength Change	Matrix 2	-2.9991729030347782	TRUE	TRUE	TRUE	TRUE
loop_1846	down_in_mutant	-0.858330345772178	0.0158394785338281	Other	Poised_Enhancer	134999	249999	134999	Strength Change	Matrix 2	-5.556593659749272	FALSE	FALSE	FALSE	FALSE
loop_1905	down_in_mutant	-0.310217533993049	0.0033533340440005	Polycomb	Poised_Enhancer	139999	44999	44999	Complex	Matrix 1	2.467484243156429	FALSE	FALSE	TRUE	TRUE
loop_1916	down_in_mutant	-0.421495326177125	0.0032335130740937	Poised_Enhancer	Active_Enhancer	349999	9999	9999	Strength Change	Matrix 2	-2.2613317862393907	TRUE	TRUE	TRUE	TRUE
loop_1932	down_in_mutant	-0.738948254977035	0.0091096516896283	Active_Promoter	Active_Promoter	0	269999	0	Strength Change	Matrix 2	-3.348565886392355	TRUE	TRUE	TRUE	TRUE
loop_1937	down_in_mutant	-0.600410080297995	0.0080338483312151	Active_Promoter	Active_Promoter	14999	69999	14999	Merge	Matrix 2	-2.514605437925368	FALSE	TRUE	TRUE	TRUE
loop_1984	down_in_mutant	-0.416517677702832	0.0063279859461552	Other	Other	719999	134999	134999	Split	Matrix 1	2.97573460617646	FALSE	FALSE	FALSE	FALSE
loop_2009	down_in_mutant	-0.307526032316976	0.0034423587917187	Other	Other	734999	424999	424999	Strength Change	Matrix 2	-2.2768249575335755	FALSE	FALSE	FALSE	FALSE
loop_2019	down_in_mutant	-0.40601524351	0.0018160859829828	Other	Other	194999	129999	129999	Shifted	Matrix 2	-2.2511426300011195	FALSE	FALSE	FALSE	FALSE
loop_2049	down_in_mutant	-0.466162893805287	5.12963600116026e-5	Poised_Enhancer	Poised_Enhancer	759999	124999	124999	Strength Change	Matrix 1	2.3303466498024963	FALSE	FALSE	FALSE	FALSE
loop_2091	up_in_mutant	0.332808387786894	0.0024215675063427	Poised_Enhancer	Other	89999	314999	89999	Strength Change	Matrix 2	-2.252753618031341	FALSE	FALSE	FALSE	TRUE
loop_2100	down_in_mutant	-0.309909236186069	0.0027334438549251	Poised_Enhancer	Other	19999	389999	19999	Split	Matrix 1	4.962492040059535	FALSE	TRUE	TRUE	TRUE
loop_2101	down_in_mutant	-0.870536697481625	4.24516564555287e-5	Repressed_Promoter	Repressed_Promoter	0	104999	0	Strength Change	Matrix 2	-2.08275547105523	TRUE	TRUE	TRUE	TRUE
loop_2107	down_in_mutant	-0.317186309027402	0.0071354862644485	Active_Promoter	Active_Promoter	39999	109999	39999	Strength Change	Matrix 1	3.5664256287548564	FALSE	FALSE	TRUE	TRUE
loop_2112	down_in_mutant	-0.491825782482997	0.0024416547992922	Bivalent_Promoter	Active_Enhancer	294999	479999	294999	Split	Matrix 1	6.549079927806942	FALSE	FALSE	FALSE	FALSE
loop_2118	down_in_mutant	-0.364614120943199	0.0129390081946839	Other	Other	349999	269999	269999	Strength Change	Matrix 2	-2.0242193445745027	FALSE	FALSE	FALSE	FALSE
loop_2171	down_in_mutant	-0.487359196396488	0.0238211243579768	Poised_Enhancer	Other	NA	NA	NA	NA	NA	NA	NA	NA	NA	NA
loop_2202	down_in_mutant	-0.415788099196285	1.912449142094e-4	Polycomb	Active_Promoter	994999	409999	409999	Shifted	Matrix 2	-2.474053786351721	FALSE	FALSE	FALSE	FALSE
loop_2211	down_in_mutant	-0.329595037563504	0.0018115266401676	Polycomb	Polycomb	114999	284999	114999	Complex	Matrix 2	-2.017895941733277	FALSE	FALSE	FALSE	FALSE
loop_2226	down_in_mutant	-0.401953709663697	0.0010034918898989	Poised_Enhancer	Other	0	299999	0	Merge	Matrix 2	-2.1454200370425056	TRUE	TRUE	TRUE	TRUE
loop_2244	up_in_mutant	0.545481407754151	0.0010083666404296	Active_Enhancer	Active_Promoter	0	19999	0	Shifted	Matrix 2	-3.793931702932438	TRUE	TRUE	TRUE	TRUE
loop_2292	down_in_mutant	-0.305510541440814	0.0057283154061815	Poised_Enhancer	Active_Promoter	194999	0	0	Strength Change	Matrix 2	-2.9879764154090904	TRUE	TRUE	TRUE	TRUE
loop_2322	down_in_mutant	-0.315737648793422	0.0058551331665606	Poised_Enhancer	Active_Enhancer	379999	414999	379999	Split	Matrix 1	3.097107610934099	FALSE	FALSE	FALSE	FALSE
loop_2323	down_in_mutant	-0.48252374709088	0.001389872102648	Poised_Enhancer	Polycomb	64999	439999	64999	Split	Matrix 1	2.9162338125749727	FALSE	FALSE	FALSE	TRUE
loop_2327	down_in_mutant	-0.424993429859573	0.0068410395750638	Active_Enhancer	Active_Promoter	64999	364999	64999	Strength Change	Matrix 2	-3.0435445814052664	FALSE	FALSE	FALSE	TRUE
loop_2330	down_in_mutant	-0.325889017666613	0.0086666210961189	Active_Enhancer	Active_Enhancer	0	339999	0	Strength Change	Matrix 1	2.235407761577994	TRUE	TRUE	TRUE	TRUE
loop_2331	down_in_mutant	-0.343233662789112	0.0147949091327623	Active_Enhancer	Active_Enhancer	19999	134999	19999	Strength Change	Matrix 1	2.235407761577994	FALSE	TRUE	TRUE	TRUE
loop_2347	down_in_mutant	-0.565315327455524	0.0214115317838588	Repressed_Promoter	Repressed_Promoter	4999	289999	4999	Merge	Matrix 2	-2.1203482012229644	TRUE	TRUE	TRUE	TRUE
loop_2350	down_in_mutant	-1.00779339978773	0.001086919243303	Repressed_Promoter	Repressed_Promoter	114999	4999	4999	Merge	Matrix 2	-2.1203482012229644	TRUE	TRUE	TRUE	TRUE
loop_2396	down_in_mutant	-0.328217729883235	0.0011589795573755	Active_Promoter	Active_Promoter	314999	64999	64999	Strength Change	Matrix 1	2.014776208464992	FALSE	FALSE	FALSE	TRUE
loop_2407	up_in_mutant	0.385238552003209	0.001837278515442	Other	Other	0	54999	0	Shifted	Matrix 2	-2.614782489383023	TRUE	TRUE	TRUE	TRUE
loop_2413	down_in_mutant	-0.361880258549624	0.0035553547743069	Active_Enhancer	Active_Promoter	714999	1109999	714999	Merge	Matrix 2	-2.390296644139536	FALSE	FALSE	FALSE	FALSE
loop_2414	down_in_mutant	-0.300143005801898	0.0060780202229759	Active_Enhancer	Active_Promoter	474999	74999	74999	Split	Matrix 1	2.2048294384442877	FALSE	FALSE	FALSE	TRUE
loop_2418	down_in_mutant	-0.401456735706363	0.0017538065982433	Active_Promoter	Active_Promoter	959999	234999	234999	Strength Change	Matrix 2	-3.1312719503544377	FALSE	FALSE	FALSE	FALSE
loop_2424	down_in_mutant	-0.500979816538691	0.0015065883056055	Repressed_Promoter	Polycomb	0	319999	0	Strength Change	Matrix 2	-2.111041568192056	TRUE	TRUE	TRUE	TRUE
loop_2458	down_in_mutant	-0.359109054036161	0.0011419828658675	Other	Poised_Enhancer	139999	184999	139999	Merge	Matrix 2	-2.740050807085134	FALSE	FALSE	FALSE	FALSE
loop_2465	down_in_mutant	-0.415783231029725	0.0017446275569895	Active_Promoter	Active_Enhancer	0	0	0	Split	Matrix 1	2.3734636332733636	TRUE	TRUE	TRUE	TRUE
loop_2470	down_in_mutant	-0.344123740635751	8.976179760278e-4	Active_Promoter	Poised_Enhancer	204999	164999	164999	Split	Matrix 1	2.3014184589930253	FALSE	FALSE	FALSE	FALSE
loop_2473	down_in_mutant	-0.4088778694926	4.541304962455e-4	Polycomb	Other	344999	594999	344999	Strength Change	Matrix 2	-2.107960794918669	FALSE	FALSE	FALSE	FALSE
loop_2474	down_in_mutant	-0.311202722699669	0.0107938916501096	Other	Active_Enhancer	49999	24999	24999	Shifted	Matrix 1	3.1730302885948096	FALSE	TRUE	TRUE	TRUE
loop_2477	down_in_mutant	-0.31969144325535	0.0060121129950025	Active_Promoter	Other	189999	0	0	Strength Change	Matrix 2	-2.2967348463316895	TRUE	TRUE	TRUE	TRUE
loop_2496	down_in_mutant	-0.32651457946601	0.0248606428029422	Other	Repressed_Promoter	189999	164999	164999	Shifted	Matrix 2	-2.5563555778900824	FALSE	FALSE	FALSE	FALSE
loop_2502	down_in_mutant	-0.591946726170873	0.0178316315772001	Repressed_Promoter	Polycomb	569999	204999	204999	Strength Change	Matrix 2	-3.2138513960068056	FALSE	FALSE	FALSE	FALSE
loop_2506	up_in_mutant	0.390645335435432	0.0226875123203557	Active_Promoter	Active_Promoter	794999	389999	389999	Complex	Matrix 2	-2.0106105520242914	FALSE	FALSE	FALSE	FALSE
loop_2507	down_in_mutant	-0.732012209021549	0.0035945224537274	Repressed_Promoter	Repressed_Promoter	244999	594999	244999	Complex	Matrix 1	5.559567340968293	FALSE	FALSE	FALSE	FALSE
loop_2508	down_in_mutant	-1.12504897828188	7.861178271687e-4	Polycomb	Repressed_Promoter	159999	234999	159999	Strength Change	Matrix 1	2.62834140673245	FALSE	FALSE	FALSE	FALSE
loop_2559	down_in_mutant	-0.332659672141709	0.0083175859467166	Other	Other	809999	549999	549999	Split	Matrix 1	2.8590042175358135	FALSE	FALSE	FALSE	FALSE
loop_2592	down_in_mutant	-0.308874346536538	0.0207105042363089	Repressed_Promoter	Polycomb	214999	779999	214999	Strength Change	Matrix 2	-3.853839877998423	FALSE	FALSE	FALSE	FALSE
loop_2627	down_in_mutant	-0.700274583089885	1.05730722485902e-5	Polycomb	Poised_Enhancer	4999	154999	4999	Complex	Matrix 1	3.1036628947645464	TRUE	TRUE	TRUE	TRUE
loop_2636	down_in_mutant	-0.300827496408048	0.0049264150415546	Other	Active_Promoter	174999	689999	174999	Split	Matrix 1	2.5379775311136754	FALSE	FALSE	FALSE	FALSE
loop_2638	down_in_mutant	-0.336556120211805	0.0030782434480713	Active_Enhancer	Other	9999	0	0	Shifted	Matrix 2	-12.331229037028267	TRUE	TRUE	TRUE	TRUE
loop_2646	down_in_mutant	-0.398301844664915	0.0026729390723695	Repressed_Promoter	Polycomb	459999	794999	459999	Complex	Matrix 1	2.2045259965130364	FALSE	FALSE	FALSE	FALSE
loop_2701	down_in_mutant	-0.61593548355768	6.025821220722e-4	Polycomb	Poised_Enhancer	174999	524999	174999	Complex	Matrix 2	-4.896833518087421	FALSE	FALSE	FALSE	FALSE
loop_2706	down_in_mutant	-0.310653093100291	0.0077870416995585	Active_Promoter	Active_Promoter	299999	219999	219999	Strength Change	Matrix 2	-2.1352327280947137	FALSE	FALSE	FALSE	FALSE
loop_2781	down_in_mutant	-0.371825423414605	0.0097902394685739	Active_Promoter	Active_Enhancer	2749999	4524999	2749999	Strength Change	Matrix 2	-2.022552226770897	FALSE	FALSE	FALSE	FALSE
loop_2784	down_in_mutant	-0.471048148152771	0.0063108756462844	Other	Other	1889999	1674999	1674999	Shifted	Matrix 2	-2.4573228224294557	FALSE	FALSE	FALSE	FALSE
loop_2806	down_in_mutant	-0.52363231239425	9.86272837525858e-6	Poised_Enhancer	Active_Enhancer	74999	0	0	Strength Change	Matrix 1	3.4766575877472734	TRUE	TRUE	TRUE	TRUE
loop_2811	up_in_mutant	0.475567083155873	3.29050797141049e-5	Repressed_Promoter	Polycomb	244999	14999	14999	Merge	Matrix 2	-2.6679218003883403	FALSE	TRUE	TRUE	TRUE
loop_2855	down_in_mutant	-1.00175099495454	3.301714419526e-4	Polycomb	Polycomb	199999	0	0	Merge	Matrix 2	-4.484061650890293	TRUE	TRUE	TRUE	TRUE
loop_2856	down_in_mutant	-1.16266303368978	4.409652304696e-4	Repressed_Promoter	Repressed_Promoter	619999	169999	169999	Strength Change	Matrix 1	2.747126861815573	FALSE	FALSE	FALSE	FALSE
loop_2895	down_in_mutant	-0.379211313858564	3.596894484716e-4	Poised_Enhancer	Other	289999	739999	289999	Split	Matrix 1	2.0884874749624993	FALSE	FALSE	FALSE	FALSE
loop_2910	down_in_mutant	-0.347119716529272	0.0088986778663762	Active_Enhancer	Other	489999	1254999	489999	Strength Change	Matrix 2	-2.1461689355861164	FALSE	FALSE	FALSE	FALSE
loop_2911	down_in_mutant	-0.326166981052583	0.0258315190873564	Other	Active_Promoter	299999	124999	124999	Merge	Matrix 2	-2.416855417395399	FALSE	FALSE	FALSE	FALSE
loop_2922	down_in_mutant	-0.517707948482917	0.0084710180245081	Poised_Enhancer	Other	24999	174999	24999	Strength Change	Matrix 1	3.568643858707812	FALSE	TRUE	TRUE	TRUE
loop_2942	up_in_mutant	0.42035581146162	1.388477754494e-4	Polycomb	Poised_Enhancer	114999	589999	114999	Strength Change	Matrix 1	2.2288474109998377	FALSE	FALSE	FALSE	FALSE
loop_3000	down_in_mutant	-0.521408441790237	0.0029850108130209	Other	Poised_Enhancer	0	684999	0	Merge	Matrix 2	-2.4385304693806367	TRUE	TRUE	TRUE	TRUE
loop_3005	down_in_mutant	-0.364846347227934	0.0151380492414637	Active_Promoter	Active_Promoter	979999	209999	209999	Merge	Matrix 2	-2.7116775394308905	FALSE	FALSE	FALSE	FALSE
loop_3006	down_in_mutant	-0.42106940639823	0.0090068799703516	Active_Promoter	Active_Enhancer	309999	24999	24999	Merge	Matrix 2	-4.211123386403107	FALSE	TRUE	TRUE	TRUE
loop_3030	down_in_mutant	-0.901986185500437	0.001679630598172	Repressed_Promoter	Polycomb	89999	529999	89999	Strength Change	Matrix 1	2.030151618672364	FALSE	FALSE	FALSE	TRUE
loop_3056	down_in_mutant	-0.439709923912543	0.0020565150307183	Active_Enhancer	Active_Enhancer	164999	24999	24999	Strength Change	Matrix 1	2.62398205487147	FALSE	TRUE	TRUE	TRUE
loop_3071	down_in_mutant	-0.411678006096411	0.0026280903195196	Other	Other	79999	1164999	79999	Shifted	Matrix 1	2.524371628456642	FALSE	FALSE	FALSE	TRUE
loop_3076	up_in_mutant	0.357932940238653	7.451482034899e-4	Other	Active_Enhancer	19999	319999	19999	Strength Change	Matrix 1	2.353621536247098	FALSE	TRUE	TRUE	TRUE
loop_3081	down_in_mutant	-0.314994178278669	0.0047872252943838	Other	Poised_Enhancer	0	309999	0	Strength Change	Matrix 1	2.3809553063447866	TRUE	TRUE	TRUE	TRUE
loop_3086	down_in_mutant	-0.514442797035169	0.0059512877709405	Poised_Enhancer	Active_Promoter	529999	194999	194999	Strength Change	Matrix 2	-2.0501047790799927	FALSE	FALSE	FALSE	FALSE
loop_3107	up_in_mutant	0.30896765850178	5.69160443706e-4	Repressed_Promoter	Repressed_Promoter	39999	124999	39999	Merge	Matrix 2	-2.0159870599866863	FALSE	FALSE	TRUE	TRUE
loop_3113	down_in_mutant	-0.434474465027548	1.495360929896e-4	Active_Enhancer	Active_Promoter	0	4999	0	Split	Matrix 1	2.7535420311994088	TRUE	TRUE	TRUE	TRUE
loop_3121	down_in_mutant	-0.474661666834854	6.09986470977697e-5	Poised_Enhancer	Active_Promoter	229999	29999	29999	Shifted	Matrix 1	3.21210756515027	FALSE	FALSE	TRUE	TRUE
loop_3124	down_in_mutant	-0.317459649294369	0.0013523020489747	Active_Enhancer	Poised_Enhancer	674999	1029999	674999	Strength Change	Matrix 2	-2.198072804476847	FALSE	FALSE	FALSE	FALSE
loop_3133	down_in_mutant	-0.308682655414227	0.0061067043542273	Active_Enhancer	Poised_Enhancer	214999	329999	214999	Shifted	Matrix 2	-3.4654895194933215	FALSE	FALSE	FALSE	FALSE
loop_3157	down_in_mutant	-0.495434607964425	0.0052267438412114	Active_Promoter	Active_Promoter	459999	154999	154999	Split	Matrix 1	3.029128892473908	FALSE	FALSE	FALSE	FALSE
loop_3218	up_in_mutant	0.348704121556287	0.0162905388745019	Active_Enhancer	Poised_Enhancer	1789999	24999	24999	Strength Change	Matrix 2	-2.3687374311077427	FALSE	TRUE	TRUE	TRUE
loop_3229	down_in_mutant	-0.479818361971381	0.0092107830106872	Other	Poised_Enhancer	479999	0	0	Merge	Matrix 2	-2.3259435490908484	TRUE	TRUE	TRUE	TRUE
loop_3240	down_in_mutant	-0.321340705591896	1.912449142094e-4	Active_Promoter	Poised_Enhancer	104999	264999	104999	Split	Matrix 1	2.6955076910380584	FALSE	FALSE	FALSE	FALSE
loop_3247	down_in_mutant	-0.30669740167315	0.0011002092391917	Active_Promoter	Repressed_Promoter	194999	109999	109999	Split	Matrix 1	2.6474146376670165	FALSE	FALSE	FALSE	FALSE
loop_3250	up_in_mutant	0.304725176694191	2.992905607823e-4	Polycomb	Polycomb	244999	194999	194999	Split	Matrix 1	3.1040748459235092	FALSE	FALSE	FALSE	FALSE
loop_3305	down_in_mutant	-0.337827141611237	5.65356025075646e-5	Poised_Enhancer	Active_Enhancer	29999	229999	29999	Merge	Matrix 2	-2.678104479451829	FALSE	FALSE	TRUE	TRUE
loop_3353	up_in_mutant	0.314542275560091	0.0021803822941335	Active_Promoter	Active_Promoter	374999	589999	374999	Complex	Matrix 2	-5.918037435466958	FALSE	FALSE	FALSE	FALSE
loop_3361	down_in_mutant	-0.423714109728641	6.137059730299e-4	Poised_Enhancer	Active_Enhancer	349999	94999	94999	Merge	Matrix 2	-2.599343885226858	FALSE	FALSE	FALSE	TRUE
loop_3364	down_in_mutant	-0.369690444317235	0.0023875490195513	Other	Poised_Enhancer	164999	0	0	Merge	Matrix 2	-2.5186756963878363	TRUE	TRUE	TRUE	TRUE
loop_3366	down_in_mutant	-0.463280028392682	0.0021539184730786	Active_Enhancer	Polycomb	309999	84999	84999	Strength Change	Matrix 2	-2.1809407000971626	FALSE	FALSE	FALSE	TRUE
loop_3369	down_in_mutant	-0.436071754283562	0.0014355799788234	Poised_Enhancer	Active_Promoter	34999	0	0	Merge	Matrix 2	-2.599343885226858	TRUE	TRUE	TRUE	TRUE
loop_3377	up_in_mutant	0.302505777302002	0.0212993573143579	Active_Promoter	Active_Promoter	154999	4999	4999	Strength Change	Matrix 1	2.8084044358065223	TRUE	TRUE	TRUE	TRUE
loop_3392	down_in_mutant	-0.550734280235964	0.022110694774141	Repressed_Promoter	Repressed_Promoter	254999	89999	89999	Strength Change	Matrix 1	3.342797894680698	FALSE	FALSE	FALSE	TRUE
loop_3394	down_in_mutant	-0.954596110682182	0.0067511840457392	Repressed_Promoter	Repressed_Promoter	94999	279999	94999	Strength Change	Matrix 1	2.2658781524408944	FALSE	FALSE	FALSE	TRUE
loop_3427	down_in_mutant	-0.351830989930889	0.0016355969725331	Active_Promoter	Active_Promoter	69999	494999	69999	Merge	Matrix 2	-3.143934085421741	FALSE	FALSE	FALSE	TRUE
loop_3511	down_in_mutant	-0.364107590816948	1.800657231761e-4	Other	Poised_Enhancer	809999	124999	124999	Strength Change	Matrix 1	2.3303466498024963	FALSE	FALSE	FALSE	FALSE
loop_3559	down_in_mutant	-0.734691611079948	2.61955672762e-4	Repressed_Promoter	Repressed_Promoter	629999	124999	124999	Complex	Matrix 2	-2.177520625805259	FALSE	FALSE	FALSE	FALSE
loop_3564	up_in_mutant	0.437058913575328	1.417695029373e-4	Polycomb	Other	389999	339999	339999	Complex	Matrix 1	2.546198430759254	FALSE	FALSE	FALSE	FALSE
loop_3565	up_in_mutant	0.305553599619951	0.0012914837874671	Other	Polycomb	264999	539999	264999	Strength Change	Matrix 2	-2.252753618031341	FALSE	FALSE	FALSE	FALSE
loop_3601	down_in_mutant	-0.70289507114376	5.331375295762e-4	Poised_Enhancer	Active_Enhancer	489999	479999	479999	Strength Change	Matrix 1	5.347780838330169	FALSE	FALSE	FALSE	FALSE
loop_3658	down_in_mutant	-0.584190517800618	0.0078170673000399	Other	Active_Promoter	NA	NA	NA	NA	NA	NA	NA	NA	NA	NA
loop_3659	down_in_mutant	-0.601015510354474	0.0016696950665078	Other	Poised_Enhancer	NA	NA	NA	NA	NA	NA	NA	NA	NA	NA
loop_3661	down_in_mutant	-0.309229687577133	0.0293948085222821	Active_Promoter	Active_Promoter	NA	NA	NA	NA	NA	NA	NA	NA	NA	NA
loop_3704	up_in_mutant	0.480686458808701	1.06264776632e-4	Polycomb	Polycomb	79999	159999	79999	Split	Matrix 1	2.4598364902779286	FALSE	FALSE	FALSE	TRUE
loop_3770	down_in_mutant	-0.850380542318386	0.004935794184554	Polycomb	Repressed_Promoter	0	329999	0	Complex	Matrix 2	-5.202509595533201	TRUE	TRUE	TRUE	TRUE
loop_3773	up_in_mutant	0.368806849728919	0.0195410597323643	Active_Promoter	Active_Promoter	199999	654999	199999	Split	Matrix 1	2.193827744968732	FALSE	FALSE	FALSE	FALSE
loop_3778	down_in_mutant	-0.521756485722905	0.029897694554668	Repressed_Promoter	Repressed_Promoter	9999	204999	9999	Complex	Matrix 2	-5.202509595533201	TRUE	TRUE	TRUE	TRUE
loop_3779	down_in_mutant	-0.64130289279998	0.0185441678678768	Polycomb	Repressed_Promoter	0	89999	0	Complex	Matrix 2	-5.202509595533201	TRUE	TRUE	TRUE	TRUE
loop_3788	down_in_mutant	-0.468357478810121	1.778628272635e-4	Active_Enhancer	Active_Enhancer	0	479999	0	Strength Change	Matrix 1	2.356400553823324	TRUE	TRUE	TRUE	TRUE
loop_3799	down_in_mutant	-0.33345751136542	5.168500491728e-4	Active_Enhancer	Active_Enhancer	629999	664999	629999	Split	Matrix 1	3.097107610934099	FALSE	FALSE	FALSE	FALSE
loop_3804	down_in_mutant	-0.546855609874143	1.048605147292e-4	Poised_Enhancer	Active_Enhancer	414999	364999	364999	Merge	Matrix 2	-2.1939062009815125	FALSE	FALSE	FALSE	FALSE
loop_3817	down_in_mutant	-0.474562747981574	8.95248308798296e-5	Other	Polycomb	54999	439999	54999	Strength Change	Matrix 1	2.356400553823324	FALSE	FALSE	FALSE	TRUE
loop_3825	up_in_mutant	0.319401005373697	0.0017472943431299	Other	Poised_Enhancer	124999	304999	124999	Strength Change	Matrix 1	2.9143394535379907	FALSE	FALSE	FALSE	FALSE
loop_3827	down_in_mutant	-0.401650312372966	0.0062929122731847	Active_Enhancer	Active_Enhancer	64999	364999	64999	Strength Change	Matrix 2	-3.0435445814052664	FALSE	FALSE	FALSE	TRUE
loop_3829	up_in_mutant	0.359819781883126	4.346762632676e-4	Poised_Enhancer	Polycomb	239999	29999	29999	Split	Matrix 1	2.391921820748105	FALSE	FALSE	TRUE	TRUE
loop_3834	down_in_mutant	-0.333461876630765	0.0027140341934301	Active_Promoter	Active_Promoter	0	424999	0	Strength Change	Matrix 1	2.764688598764085	TRUE	TRUE	TRUE	TRUE
loop_3840	down_in_mutant	-0.307726344148132	0.0043600282937849	Poised_Enhancer	Other	64999	159999	64999	Split	Matrix 1	2.9162338125749727	FALSE	FALSE	FALSE	TRUE
loop_3932	up_in_mutant	0.324942265999689	0.0045993960577781	Other	Other	419999	169999	169999	Merge	Matrix 2	-2.370351780095298	FALSE	FALSE	FALSE	FALSE
loop_3949	down_in_mutant	-0.484179398379988	0.0017439925814789	Poised_Enhancer	Other	289999	294999	289999	Merge	Matrix 2	-2.2268760633032363	FALSE	FALSE	FALSE	FALSE
loop_3983	down_in_mutant	-0.861495676166254	2.99312867375313e-5	Repressed_Promoter	Repressed_Promoter	134999	44999	44999	Merge	Matrix 2	-2.1100274072929013	FALSE	FALSE	TRUE	TRUE
loop_3990	down_in_mutant	-0.305172294695224	8.615786478221e-4	Other	Other	164999	189999	164999	Complex	Matrix 2	-3.3335534814015033	FALSE	FALSE	FALSE	FALSE
loop_3999	down_in_mutant	-0.329584337665127	0.0047022967857713	Polycomb	Active_Promoter	109999	104999	104999	Shifted	Matrix 2	-13.582323667194942	FALSE	FALSE	FALSE	FALSE
loop_4005	down_in_mutant	-0.300015372011461	0.0056018980867922	Poised_Enhancer	Poised_Enhancer	29999	79999	29999	Shifted	Matrix 2	-2.520845260595394	FALSE	FALSE	TRUE	TRUE
loop_4007	down_in_mutant	-0.436021868579296	3.208074576402e-4	Polycomb	Other	369999	594999	369999	Strength Change	Matrix 2	-2.107960794918669	FALSE	FALSE	FALSE	FALSE
loop_4017	down_in_mutant	-0.439236053068746	0.0012950800559694	Poised_Enhancer	Poised_Enhancer	369999	0	0	Complex	Matrix 2	-8.32980372129439	TRUE	TRUE	TRUE	TRUE
loop_4036	down_in_mutant	-0.404651725984268	0.0186777958681167	Repressed_Promoter	Active_Enhancer	134999	224999	134999	Strength Change	Matrix 1	2.62834140673245	FALSE	FALSE	FALSE	FALSE
loop_4048	down_in_mutant	-0.804122388956852	0.005118066345286	Polycomb	Repressed_Promoter	229999	234999	229999	Strength Change	Matrix 2	-3.2138513960068056	FALSE	FALSE	FALSE	FALSE
loop_4090	up_in_mutant	0.536132419588681	0.0012074969581254	Other	Other	444999	919999	444999	Merge	Matrix 2	-2.391191850688506	FALSE	FALSE	FALSE	FALSE
loop_4116	down_in_mutant	-0.397337711017072	0.0013356455068243	Other	Other	184999	54999	54999	Split	Matrix 1	2.0147007157366317	FALSE	FALSE	FALSE	TRUE
loop_4140	down_in_mutant	-1.26123758633303	6.224392874336e-4	Polycomb	Polycomb	199999	24999	24999	Strength Change	Matrix 2	-2.09070200323818	FALSE	TRUE	TRUE	TRUE
loop_4181	down_in_mutant	-0.709401594898209	9.86272837525858e-6	Polycomb	Poised_Enhancer	4999	84999	4999	Complex	Matrix 1	3.1036628947645464	TRUE	TRUE	TRUE	TRUE
loop_4185	down_in_mutant	-0.362882963785247	0.0031111995742129	Active_Enhancer	Active_Enhancer	9999	564999	9999	Strength Change	Matrix 1	2.784887379717508	TRUE	TRUE	TRUE	TRUE
loop_4192	down_in_mutant	-0.37940197977071	0.0019121734445102	Repressed_Promoter	Repressed_Promoter	459999	819999	459999	Complex	Matrix 1	2.2045259965130364	FALSE	FALSE	FALSE	FALSE
loop_4198	down_in_mutant	-0.359229895804715	0.0148937777467185	Other	Other	1574999	1004999	1004999	Split	Matrix 1	3.02061659868	FALSE	FALSE	FALSE	FALSE
loop_4207	down_in_mutant	-0.37989497976594	0.0072080357149689	Other	Other	284999	419999	284999	Merge	Matrix 2	-3.692833264615648	FALSE	FALSE	FALSE	FALSE
loop_4209	down_in_mutant	-0.409308319238839	0.0166524543081965	Active_Promoter	Active_Promoter	269999	0	0	Strength Change	Matrix 1	3.054248916305453	TRUE	TRUE	TRUE	TRUE
loop_4211	down_in_mutant	-1.14345020096791	1.796155576753e-4	Polycomb	Polycomb	184999	449999	184999	Split	Matrix 1	2.1430873224055675	FALSE	FALSE	FALSE	FALSE
loop_4212	down_in_mutant	-1.25092399640745	1.126055228043e-4	Repressed_Promoter	Repressed_Promoter	234999	474999	234999	Split	Matrix 1	2.1430873224055675	FALSE	FALSE	FALSE	FALSE
loop_4219	down_in_mutant	-0.713538358974658	0.0018493140003465	Polycomb	Repressed_Promoter	449999	244999	244999	Strength Change	Matrix 2	-4.668561120081218	FALSE	FALSE	FALSE	FALSE
loop_4257	up_in_mutant	0.622434143478383	7.84904319333331e-5	Other	Polycomb	419999	399999	399999	Split	Matrix 1	3.4778233307210153	FALSE	FALSE	FALSE	FALSE
loop_4268	up_in_mutant	0.345294247026216	0.0060851193419646	Other	Other	674999	0	0	Complex	Matrix 2	-3.950611590871554	TRUE	TRUE	TRUE	TRUE
loop_4270	down_in_mutant	-0.443770946598928	9.127145061677e-4	Polycomb	Poised_Enhancer	174999	324999	174999	Complex	Matrix 2	-4.896833518087421	FALSE	FALSE	FALSE	FALSE
loop_4312	up_in_mutant	0.40695787757969	0.0079972564131056	Polycomb	Other	529999	779999	529999	Split	Matrix 1	5.103972913122219	FALSE	FALSE	FALSE	FALSE
loop_4327	up_in_mutant	0.344047631389355	3.595424568817e-4	Polycomb	Repressed_Promoter	0	0	0	Merge	Matrix 2	-4.484061650890293	TRUE	TRUE	TRUE	TRUE
loop_4335	up_in_mutant	0.315128400277258	2.405317878822e-4	Other	Poised_Enhancer	294999	0	0	Merge	Matrix 2	-4.209471225225539	TRUE	TRUE	TRUE	TRUE
loop_4337	up_in_mutant	0.306088137429994	1.976041919209e-4	Poised_Enhancer	Poised_Enhancer	194999	0	0	Merge	Matrix 2	-4.209471225225539	TRUE	TRUE	TRUE	TRUE
loop_4351	up_in_mutant	0.352667155077301	4.816698344591e-4	Other	Poised_Enhancer	349999	0	0	Strength Change	Matrix 1	2.3137316694580408	TRUE	TRUE	TRUE	TRUE
loop_4354	up_in_mutant	0.3685270777779	1.42108980363e-4	Other	Repressed_Promoter	814999	814999	814999	Complex	Matrix 2	-4.361525279201505	FALSE	FALSE	FALSE	FALSE
loop_4359	up_in_mutant	0.330328218998658	0.0013986325542541	Active_Enhancer	Polycomb	9999	339999	9999	Merge	Matrix 2	-3.2122890555910537	TRUE	TRUE	TRUE	TRUE
loop_4373	up_in_mutant	0.308691280555634	0.0017936785901356	Other	Active_Promoter	274999	4999	4999	Strength Change	Matrix 2	-2.0289583689075585	TRUE	TRUE	TRUE	TRUE
loop_4421	down_in_mutant	-0.343885129551076	0.0015906235160065	Other	Other	34999	339999	34999	Complex	Matrix 1	2.3889345016418324	FALSE	FALSE	TRUE	TRUE
loop_4541	up_in_mutant	0.311660932244239	6.174090312581e-4	Repressed_Promoter	Repressed_Promoter	14999	124999	14999	Merge	Matrix 2	-2.0159870599866863	FALSE	TRUE	TRUE	TRUE
loop_4553	up_in_mutant	0.338957786325481	0.0030472329976022	Repressed_Promoter	Polycomb	384999	324999	324999	Strength Change	Matrix 2	-2.1672140622744807	FALSE	FALSE	FALSE	FALSE
loop_4569	up_in_mutant	0.360002509077652	0.0027801216139509	Other	Repressed_Promoter	174999	44999	44999	Complex	Matrix 1	2.0904300476002557	FALSE	FALSE	TRUE	TRUE
loop_4570	up_in_mutant	0.342314855350302	7.376545202003e-4	Other	Polycomb	339999	654999	339999	Complex	Matrix 2	-2.2592153908346044	FALSE	FALSE	FALSE	FALSE
loop_4609	up_in_mutant	0.493097541843176	3.110239723573e-4	Poised_Enhancer	Poised_Enhancer	974999	24999	24999	Strength Change	Matrix 2	-2.3687374311077427	FALSE	TRUE	TRUE	TRUE
loop_4610	up_in_mutant	0.467835756209153	0.0010204914721157	Poised_Enhancer	Poised_Enhancer	1524999	24999	24999	Strength Change	Matrix 2	-2.3687374311077427	FALSE	TRUE	TRUE	TRUE
loop_4690	up_in_mutant	0.312527651093718	4.903474682202e-4	Polycomb	Poised_Enhancer	169999	94999	94999	Split	Matrix 1	2.0891055113504917	FALSE	FALSE	FALSE	TRUE
loop_4718	up_in_mutant	0.525618493839476	1.060857046639e-4	Other	Poised_Enhancer	409999	54999	54999	Merge	Matrix 2	-3.358254860501426	FALSE	FALSE	FALSE	TRUE
loop_4737	up_in_mutant	0.583389681854438	1.018637222942e-4	Poised_Enhancer	Other	274999	209999	209999	Shifted	Matrix 1	3.6720189241540946	FALSE	FALSE	FALSE	FALSE
loop_4824	up_in_mutant	0.483402301362003	2.38874891301117e-5	Repressed_Promoter	Repressed_Promoter	464999	664999	464999	Strength Change	Matrix 2	-2.252753618031341	FALSE	FALSE	FALSE	FALSE
loop_4864	up_in_mutant	0.305435615376251	0.0020518469790816	Poised_Enhancer	Repressed_Promoter	144999	0	0	Merge	Matrix 2	-3.5311913014067597	TRUE	TRUE	TRUE	TRUE
loop_4872	down_in_mutant	-0.32090859989547	9.192583119142e-4	Bivalent_Promoter	Poised_Enhancer	294999	149999	149999	Split	Matrix 1	2.6868627754877017	FALSE	FALSE	FALSE	FALSE
loop_4884	up_in_mutant	0.397556142561496	0.0053433108354425	Other	Other	114999	0	0	Split	Matrix 1	2.0073940928759986	TRUE	TRUE	TRUE	TRUE
loop_4891	up_in_mutant	0.340513067341183	0.005341051273889	Other	Polycomb	124999	549999	124999	Strength Change	Matrix 2	-2.0977734206407934	FALSE	FALSE	FALSE	FALSE
loop_4931	up_in_mutant	0.334309927594532	0.0033781598608642	Other	Other	NA	NA	NA	NA	NA	NA	NA	NA	NA	NA
loop_4935	up_in_mutant	0.312696656085626	0.0067746760553143	Other	Polycomb	NA	NA	NA	NA	NA	NA	NA	NA	NA	NA
loop_4963	up_in_mutant	0.341521896388441	5.652245030257e-4	Polycomb	Active_Promoter	169999	69999	69999	Merge	Matrix 2	-3.0720681901282023	FALSE	FALSE	FALSE	TRUE
loop_4992	up_in_mutant	0.690076852648601	8.4765282344671e-5	Poised_Enhancer	Other	649999	529999	529999	Strength Change	Matrix 1	2.499245616920435	FALSE	FALSE	FALSE	FALSE
loop_5033	up_in_mutant	0.318249874971632	2.10561169395e-4	Polycomb	Repressed_Promoter	0	0	0	Complex	Matrix 2	-15.531442016607434	TRUE	TRUE	TRUE	TRUE
loop_5048	up_in_mutant	0.37114048956688	1.800657231761e-4	Polycomb	Repressed_Promoter	334999	559999	334999	Merge	Matrix 2	-2.2912642383634907	FALSE	FALSE	FALSE	FALSE
loop_5053	up_in_mutant	0.321530306774801	1.195082652565e-4	Polycomb	Other	114999	24999	24999	Merge	Matrix 2	-2.67861416480497	FALSE	TRUE	TRUE	TRUE
loop_5062	up_in_mutant	0.384385211198561	1.800657231761e-4	Polycomb	Poised_Enhancer	9999	209999	9999	Shifted	Matrix 2	-2.8248490080233424	TRUE	TRUE	TRUE	TRUE
loop_5075	up_in_mutant	0.589487711892243	2.51390873761383e-5	Poised_Enhancer	Repressed_Promoter	0	99999	0	Strength Change	Matrix 1	2.714648330502463	TRUE	TRUE	TRUE	TRUE
loop_5085	up_in_mutant	0.312057752757318	0.0146091908543887	Poised_Enhancer	Bivalent_Promoter	174999	1414999	174999	Merge	Matrix 2	-2.2148288010087	FALSE	FALSE	FALSE	FALSE
loop_5103	up_in_mutant	0.607221874053108	7.121321807292e-4	Poised_Enhancer	Other	129999	1844999	129999	Shifted	Matrix 1	3.941080001849235	FALSE	FALSE	FALSE	FALSE
loop_5133	up_in_mutant	0.335455217716001	6.408032758081e-4	Repressed_Promoter	Polycomb	0	239999	0	Strength Change	Matrix 2	-2.111041568192056	TRUE	TRUE	TRUE	TRUE
loop_5176	up_in_mutant	0.318900482597298	6.357202987461e-4	Poised_Enhancer	Poised_Enhancer	0	4999	0	Merge	Matrix 2	-2.2497514134705727	TRUE	TRUE	TRUE	TRUE
loop_5183	up_in_mutant	0.529274451254511	1.072144786012e-4	Poised_Enhancer	Other	409999	709999	409999	Split	Matrix 1	2.0559022738172197	FALSE	FALSE	FALSE	FALSE
loop_5188	up_in_mutant	0.545877350497218	4.39002709597235e-5	Other	Poised_Enhancer	9999	9999	9999	Strength Change	Matrix 2	-2.556537120501845	TRUE	TRUE	TRUE	TRUE
loop_5194	up_in_mutant	0.351787689351844	0.00158125250291	Active_Promoter	Poised_Enhancer	0	999999	0	Merge	Matrix 2	-2.877070397325512	TRUE	TRUE	TRUE	TRUE
loop_5205	down_in_mutant	-0.303322112406102	0.0146244825634053	Active_Promoter	Active_Promoter	614999	1019999	614999	Merge	Matrix 2	-2.335609704717636	FALSE	FALSE	FALSE	FALSE
loop_5236	up_in_mutant	0.328949271344462	0.0025847250654905	Repressed_Promoter	Poised_Enhancer	609999	759999	609999	Strength Change	Matrix 2	-2.006791851794423	FALSE	FALSE	FALSE	FALSE
loop_5240	up_in_mutant	0.317467349460652	0.00197833396109	Polycomb	Polycomb	1569999	1869999	1569999	Shifted	Matrix 1	2.270177942288199	FALSE	FALSE	FALSE	FALSE
loop_5242	up_in_mutant	0.460087394774711	5.008134030699e-4	Other	Other	49999	259999	49999	Merge	Matrix 2	-2.409183069785592	FALSE	FALSE	TRUE	TRUE
loop_5266	up_in_mutant	0.594446117490419	4.856466317932e-4	Other	Repressed_Promoter	629999	1704999	629999	Split	Matrix 1	2.638684315590937	FALSE	FALSE	FALSE	FALSE
loop_5270	up_in_mutant	0.333200712649256	0.0074095774162963	Other	Polycomb	514999	1219999	514999	Shifted	Matrix 2	-4.6166333935074695	FALSE	FALSE	FALSE	FALSE
loop_5273	up_in_mutant	0.472955372486543	0.0014844222326758	Other	Repressed_Promoter	1664999	3039999	1664999	Strength Change	Matrix 1	2.818295797198107	FALSE	FALSE	FALSE	FALSE
loop_5275	up_in_mutant	0.432980335147294	0.0031715110250116	Polycomb	Repressed_Promoter	1289999	3039999	1289999	Strength Change	Matrix 1	2.818295797198107	FALSE	FALSE	FALSE	FALSE
loop_5280	down_in_mutant	-0.385646991608848	0.0135708667680301	Repressed_Promoter	Other	9999	559999	9999	Merge	Matrix 2	-2.129327550999889	TRUE	TRUE	TRUE	TRUE
loop_5293	up_in_mutant	0.365081350306187	7.61354236004796e-5	Poised_Enhancer	Repressed_Promoter	29999	79999	29999	Split	Matrix 1	2.0419286701865444	FALSE	FALSE	TRUE	TRUE
loop_5302	up_in_mutant	0.557068062742277	1.85009049103133e-5	Poised_Enhancer	Active_Promoter	404999	814999	404999	Strength Change	Matrix 1	2.1007398942154705	FALSE	FALSE	FALSE	FALSE
loop_5306	up_in_mutant	0.391014643715101	3.761081211422e-4	Other	Active_Enhancer	404999	399999	399999	Merge	Matrix 2	-2.332679073798321	FALSE	FALSE	FALSE	FALSE
loop_5362	up_in_mutant	0.432934934429441	2.499631424906e-4	Polycomb	Polycomb	29999	309999	29999	Merge	Matrix 2	-2.1340046322751816	FALSE	FALSE	TRUE	TRUE
loop_5380	up_in_mutant	0.440542416744243	8.254405568201e-4	Poised_Enhancer	Bivalent_Promoter	524999	64999	64999	Strength Change	Matrix 2	-2.5988480883299325	FALSE	FALSE	FALSE	TRUE
loop_5382	down_in_mutant	-0.334157177158774	0.0193949912853322	Other	Other	939999	224999	224999	Merge	Matrix 2	-2.937176144550802	FALSE	FALSE	FALSE	FALSE
loop_5385	down_in_mutant	-0.445936268635301	0.0013694285599311	Other	Other	2039999	1639999	1639999	Complex	Matrix 2	-2.2204252283104786	FALSE	FALSE	FALSE	FALSE
loop_5408	up_in_mutant	0.301694487230328	0.0039580158321032	Other	Repressed_Promoter	59999	484999	59999	Merge	Matrix 2	-2.5430650580725125	FALSE	FALSE	FALSE	TRUE
loop_5419	up_in_mutant	0.315124649151353	0.0054595759590861	Repressed_Promoter	Other	369999	244999	244999	Strength Change	Matrix 1	2.544336230711113	FALSE	FALSE	FALSE	FALSE
loop_5437	down_in_mutant	-0.301468482256356	0.0220734076186755	Other	Other	949999	3964999	949999	Strength Change	Matrix 2	-2.022552226770897	FALSE	FALSE	FALSE	FALSE
loop_5459	down_in_mutant	-0.36289088204788	5.963459391653e-4	Poised_Enhancer	Active_Enhancer	9999	229999	9999	Split	Matrix 1	2.30414353908569	TRUE	TRUE	TRUE	TRUE
loop_5489	down_in_mutant	-0.335118088489892	0.0017082944587038	Poised_Enhancer	Poised_Enhancer	339999	269999	269999	Shifted	Matrix 1	3.9088132405991023	FALSE	FALSE	FALSE	FALSE
loop_5500	down_in_mutant	-0.341591457242593	0.0077870416995585	Repressed_Promoter	Other	4999	604999	4999	Shifted	Matrix 2	-2.1675456171291128	TRUE	TRUE	TRUE	TRUE
loop_5538	up_in_mutant	0.36110923214349	5.86780704863e-4	Other	Other	404999	94999	94999	Strength Change	Matrix 2	-2.008058048980262	FALSE	FALSE	FALSE	TRUE
loop_5540	up_in_mutant	0.363427240511435	3.463397610358e-4	Poised_Enhancer	Polycomb	204999	59999	59999	Merge	Matrix 2	-2.3374932845842995	FALSE	FALSE	FALSE	TRUE
loop_5565	up_in_mutant	0.532929630903654	1.600861883595e-4	Repressed_Promoter	Polycomb	319999	94999	94999	Strength Change	Matrix 1	3.869873892278674	FALSE	FALSE	FALSE	TRUE
loop_5578	up_in_mutant	0.339702658617376	0.0202895982452494	Other	Other	229999	694999	229999	Merge	Matrix 2	-2.809191653880648	FALSE	FALSE	FALSE	FALSE
loop_5598	down_in_mutant	-0.354948705328309	4.541304962455e-4	Active_Promoter	Active_Promoter	314999	14999	14999	Strength Change	Matrix 1	2.247022970436634	FALSE	TRUE	TRUE	TRUE
loop_5621	down_in_mutant	-0.405943159839452	0.0043600282937849	Active_Promoter	Poised_Enhancer	979999	474999	474999	Strength Change	Matrix 1	3.179608690106335	FALSE	FALSE	FALSE	FALSE
loop_5664	up_in_mutant	0.332949578740553	0.0011982289428957	Poised_Enhancer	Polycomb	914999	314999	314999	Merge	Matrix 2	-2.5123598976762147	FALSE	FALSE	FALSE	FALSE
loop_5677	up_in_mutant	0.510884262294389	6.224392874336e-4	Polycomb	Other	19999	354999	19999	Merge	Matrix 2	-2.8041722465252397	FALSE	TRUE	TRUE	TRUE
loop_5678	up_in_mutant	0.390817055923259	0.010376578922824	Poised_Enhancer	Poised_Enhancer	729999	1064999	729999	Merge	Matrix 2	-2.3294147136040313	FALSE	FALSE	FALSE	FALSE
loop_5690	up_in_mutant	0.419254207827861	1.9708685871684e-5	Poised_Enhancer	Repressed_Promoter	124999	299999	124999	Strength Change	Matrix 1	2.081315831648306	FALSE	FALSE	FALSE	FALSE
loop_5706	down_in_mutant	-0.322212574444571	8.254405568201e-4	Other	Active_Enhancer	684999	294999	294999	Complex	Matrix 1	2.72113959931836	FALSE	FALSE	FALSE	FALSE
loop_5770	down_in_mutant	-0.362572605112392	0.001617971011825	Other	Other	44999	39999	39999	Split	Matrix 1	2.8857782354824786	FALSE	FALSE	TRUE	TRUE
loop_5784	up_in_mutant	0.718907973515774	1.388477754494e-4	Poised_Enhancer	Poised_Enhancer	0	84999	0	Merge	Matrix 2	-3.265386942551241	TRUE	TRUE	TRUE	TRUE
loop_5795	down_in_mutant	-0.305439882337999	0.0128635145590542	Other	Active_Promoter	4999	219999	4999	Split	Matrix 1	2.9448315944406693	TRUE	TRUE	TRUE	TRUE
loop_5818	up_in_mutant	0.321803810993749	0.0014867840893032	Repressed_Promoter	Polycomb	344999	54999	54999	Merge	Matrix 2	-2.397477575258006	FALSE	FALSE	FALSE	TRUE
loop_5825	down_in_mutant	-0.352225202139341	7.766723959428e-4	Repressed_Promoter	Active_Promoter	279999	519999	279999	Strength Change	Matrix 2	-5.556593659749272	FALSE	FALSE	FALSE	FALSE
loop_5827	up_in_mutant	0.442362151582557	2.525434188085e-4	Other	Other	34999	0	0	Complex	Matrix 1	2.1450774940359127	TRUE	TRUE	TRUE	TRUE
loop_5842	up_in_mutant	0.360150970121925	0.0196105838503029	Active_Promoter	Active_Promoter	454999	69999	69999	Shifted	Matrix 1	2.945829361747849	FALSE	FALSE	FALSE	TRUE
loop_5883	up_in_mutant	0.362920705031036	0.001034804465448	Poised_Enhancer	Polycomb	259999	0	0	Shifted	Matrix 2	-3.6387128504140342	TRUE	TRUE	TRUE	TRUE
loop_5904	up_in_mutant	0.392272586327512	3.311903298984e-4	Polycomb	Other	314999	104999	104999	Shifted	Matrix 1	4.482513993455282	FALSE	FALSE	FALSE	FALSE
loop_5909	up_in_mutant	0.437956769843666	3.539522514609e-4	Polycomb	Repressed_Promoter	124999	229999	124999	Merge	Matrix 2	-2.8166586213958364	FALSE	FALSE	FALSE	FALSE
loop_5913	up_in_mutant	0.312616798450715	0.0049773083877978	Polycomb	Polycomb	564999	259999	259999	Split	Matrix 1	2.1014002712168223	FALSE	FALSE	FALSE	FALSE
loop_5916	up_in_mutant	0.519003177534187	1.13112464499e-4	Other	Poised_Enhancer	409999	79999	79999	Merge	Matrix 2	-3.358254860501426	FALSE	FALSE	FALSE	TRUE
loop_5935	up_in_mutant	0.714182142698053	2.45354411528528e-5	Active_Promoter	Active_Promoter	299999	234999	234999	Shifted	Matrix 1	3.6720189241540946	FALSE	FALSE	FALSE	FALSE
loop_6010	up_in_mutant	0.51780466570057	1.800657231761e-4	Repressed_Promoter	Other	544999	739999	544999	Strength Change	Matrix 1	2.093132555740049	FALSE	FALSE	FALSE	FALSE
loop_6041	up_in_mutant	0.696378550721862	1.05730722485902e-5	Other	Repressed_Promoter	149999	39999	39999	Merge	Matrix 2	-2.109953272335514	FALSE	FALSE	TRUE	TRUE
loop_6049	up_in_mutant	0.829613689330242	4.35491333426416e-6	Other	Other	124999	89999	89999	Merge	Matrix 2	-2.109953272335514	FALSE	FALSE	FALSE	TRUE
loop_6058	up_in_mutant	0.512504468635122	3.05077555016404e-5	Poised_Enhancer	Active_Enhancer	74999	249999	74999	Strength Change	Matrix 2	-2.4791721386125243	FALSE	FALSE	FALSE	TRUE
loop_6070	up_in_mutant	0.396064500504745	6.223284796886e-4	Other	Repressed_Promoter	164999	0	0	Complex	Matrix 2	-2.092867581680692	TRUE	TRUE	TRUE	TRUE
loop_6094	down_in_mutant	-0.33929872229049	0.0070551366999196	Poised_Enhancer	Polycomb	89999	234999	89999	Split	Matrix 1	2.2739982992477676	FALSE	FALSE	FALSE	TRUE
loop_6097	up_in_mutant	0.322696823787181	0.0089495541573461	Polycomb	Polycomb	74999	0	0	Split	Matrix 1	2.161416733925219	TRUE	TRUE	TRUE	TRUE
loop_6107	down_in_mutant	-0.447976046523597	0.0165595085358804	Active_Promoter	Active_Promoter	289999	209999	209999	Strength Change	Matrix 2	-3.6769440603245074	FALSE	FALSE	FALSE	FALSE
loop_6166	up_in_mutant	0.372805442739447	1.691054306186e-4	Polycomb	Polycomb	834999	659999	659999	Merge	Matrix 2	-3.5921114007144967	FALSE	FALSE	FALSE	FALSE
loop_6190	up_in_mutant	0.327821966141035	0.0015225127439381	Poised_Enhancer	Other	209999	19999	19999	Strength Change	Matrix 1	2.5044180296551177	FALSE	TRUE	TRUE	TRUE
loop_6192	up_in_mutant	0.37807288633705	7.084820277281e-4	Polycomb	Polycomb	54999	4999	4999	Split	Matrix 1	3.937842386277409	TRUE	TRUE	TRUE	TRUE
loop_6193	up_in_mutant	0.359325691115533	0.0029935571488249	Repressed_Promoter	Active_Enhancer	329999	44999	44999	Split	Matrix 1	4.553324220649828	FALSE	FALSE	TRUE	TRUE
loop_6204	up_in_mutant	0.400966214765527	5.630831522246e-4	Poised_Enhancer	Polycomb	204999	0	0	Merge	Matrix 2	-2.542879627254859	TRUE	TRUE	TRUE	TRUE
loop_6209	up_in_mutant	0.327275619728163	0.0103874776075606	Other	Repressed_Promoter	0	89999	0	Complex	Matrix 2	-2.9804196949886164	TRUE	TRUE	TRUE	TRUE
loop_6212	down_in_mutant	-0.443787454653537	3.024345012259e-4	Active_Promoter	Other	9999	299999	9999	Merge	Matrix 2	-2.1454200370425056	TRUE	TRUE	TRUE	TRUE
loop_6262	down_in_mutant	-0.311121875358515	5.701061386663e-4	Active_Enhancer	Poised_Enhancer	0	379999	0	Strength Change	Matrix 1	2.356400553823324	TRUE	TRUE	TRUE	TRUE
loop_6282	up_in_mutant	0.3442011374059	5.579441079319e-4	Repressed_Promoter	Other	14999	264999	14999	Strength Change	Matrix 1	2.257209710876516	FALSE	TRUE	TRUE	TRUE
loop_6284	up_in_mutant	0.337350833526191	0.001086919243303	Other	Poised_Enhancer	59999	209999	59999	Shifted	Matrix 1	2.3678671793534347	FALSE	FALSE	FALSE	TRUE
loop_6305	up_in_mutant	0.693056144074067	3.951913670378e-4	Other	Other	179999	1844999	179999	Shifted	Matrix 1	3.941080001849235	FALSE	FALSE	FALSE	FALSE
loop_6308	down_in_mutant	-0.446799174487475	0.009371778677709	Active_Promoter	Active_Promoter	29999	444999	29999	Merge	Matrix 2	-2.0328432724269834	FALSE	FALSE	TRUE	TRUE
loop_6375	up_in_mutant	0.345991988762596	0.0014217867408662	Polycomb	Polycomb	34999	234999	34999	Split	Matrix 1	3.3907309807892454	FALSE	FALSE	TRUE	TRUE
loop_6385	up_in_mutant	0.600121003834665	4.22559418913782e-5	Poised_Enhancer	Active_Promoter	409999	694999	409999	Split	Matrix 1	2.0559022738172197	FALSE	FALSE	FALSE	FALSE
loop_6403	up_in_mutant	0.473893697480347	8.354551500878e-4	Other	Other	94999	319999	94999	Merge	Matrix 2	-2.219622308705856	FALSE	FALSE	FALSE	TRUE
loop_6420	up_in_mutant	0.879348111485193	6.86593626554587e-5	Active_Enhancer	Repressed_Promoter	309999	54999	54999	Merge	Matrix 2	-3.266124750349253	FALSE	FALSE	FALSE	TRUE
loop_6423	down_in_mutant	-0.465165421628242	5.630831522246e-4	Other	Other	14999	9999	9999	Split	Matrix 1	2.014030834386244	TRUE	TRUE	TRUE	TRUE
loop_6447	up_in_mutant	0.30328518738485	0.0049952672956027	Polycomb	Poised_Enhancer	1754999	1429999	1429999	Strength Change	Matrix 1	2.644087617591807	FALSE	FALSE	FALSE	FALSE
loop_6453	up_in_mutant	0.34647035946227	0.0040270161658568	Poised_Enhancer	Poised_Enhancer	1879999	1429999	1429999	Strength Change	Matrix 1	2.644087617591807	FALSE	FALSE	FALSE	FALSE
loop_6459	up_in_mutant	0.376621083973942	0.0010065584487503	Other	Repressed_Promoter	769999	194999	194999	Merge	Matrix 2	-2.391191850688506	FALSE	FALSE	FALSE	FALSE
loop_6463	up_in_mutant	0.583395138969523	2.552084626416e-4	Other	Other	2764999	2039999	2039999	Split	Matrix 1	4.074379987186409	FALSE	FALSE	FALSE	FALSE
loop_6469	up_in_mutant	0.391585816047741	0.0020509389474463	Polycomb	Polycomb	339999	294999	294999	Shifted	Matrix 1	2.270177942288199	FALSE	FALSE	FALSE	FALSE
loop_6470	up_in_mutant	0.360833766289721	0.0035553547743069	Poised_Enhancer	Repressed_Promoter	254999	194999	194999	Merge	Matrix 2	-2.391191850688506	FALSE	FALSE	FALSE	FALSE
loop_6476	down_in_mutant	-0.329459113826142	0.0097673363212549	Other	Polycomb	3404999	2129999	2129999	Strength Change	Matrix 1	2.644087617591807	FALSE	FALSE	FALSE	FALSE
loop_6492	up_in_mutant	0.323435972911939	0.0286856717610407	Poised_Enhancer	Poised_Enhancer	324999	9999	9999	Strength Change	Matrix 1	7.969339578111158	TRUE	TRUE	TRUE	TRUE
loop_6527	up_in_mutant	0.356740611835573	5.216861839745e-4	Other	Poised_Enhancer	0	64999	0	Merge	Matrix 2	-2.693754063559325	TRUE	TRUE	TRUE	TRUE
loop_6535	up_in_mutant	0.328299236278342	0.0018661038969629	Other	Polycomb	344999	0	0	Complex	Matrix 1	3.1036628947645464	TRUE	TRUE	TRUE	TRUE
loop_6553	up_in_mutant	0.411178579825209	0.0043033434101983	Poised_Enhancer	Poised_Enhancer	369999	69999	69999	Split	Matrix 1	2.382525297447364	FALSE	FALSE	FALSE	TRUE
loop_6564	up_in_mutant	0.371748696936599	2.552084626416e-4	Polycomb	Repressed_Promoter	209999	14999	14999	Complex	Matrix 2	-2.634351506872966	FALSE	TRUE	TRUE	TRUE
loop_6593	up_in_mutant	0.406316518670903	4.339748826208e-4	Other	Poised_Enhancer	64999	59999	59999	Merge	Matrix 2	-2.3366201043390036	FALSE	FALSE	FALSE	TRUE
loop_6607	up_in_mutant	0.324054185376792	0.0052809721696713	Poised_Enhancer	Bivalent_Promoter	99999	19999	19999	Complex	Matrix 1	4.641126280807499	FALSE	TRUE	TRUE	TRUE
loop_6610	up_in_mutant	0.337901324440032	0.0013684076414836	Other	Repressed_Promoter	234999	0	0	Complex	Matrix 2	-2.5338382044765844	TRUE	TRUE	TRUE	TRUE
loop_6611	up_in_mutant	0.403310074306788	0.0017638124168629	Polycomb	Polycomb	34999	309999	34999	Merge	Matrix 2	-2.1340046322751816	FALSE	FALSE	TRUE	TRUE
loop_6623	down_in_mutant	-0.467350341409516	0.0013877437661877	Active_Promoter	Active_Enhancer	34999	399999	34999	Strength Change	Matrix 1	2.7990446505247775	FALSE	FALSE	TRUE	TRUE
loop_6629	up_in_mutant	0.447242876623272	0.0066877919229036	Other	Other	464999	0	0	Strength Change	Matrix 1	2.664731510121949	TRUE	TRUE	TRUE	TRUE
loop_6639	up_in_mutant	0.326250611194777	3.466045090541e-4	Bivalent_Promoter	Poised_Enhancer	39999	14999	14999	Split	Matrix 1	2.1351287200382525	FALSE	TRUE	TRUE	TRUE
loop_6642	up_in_mutant	0.32302666541158	4.684422489338e-4	Other	Polycomb	1379999	1179999	1179999	Strength Change	Matrix 1	2.2060725204341325	FALSE	FALSE	FALSE	FALSE
loop_6659	up_in_mutant	0.322965548878496	7.859328797927e-4	Repressed_Promoter	Polycomb	329999	679999	329999	Merge	Matrix 2	-2.0104810803943187	FALSE	FALSE	FALSE	FALSE
loop_6677	up_in_mutant	0.379209679251455	0.0026725208908153	Poised_Enhancer	Poised_Enhancer	989999	514999	514999	Strength Change	Matrix 2	-2.918908597953531	FALSE	FALSE	FALSE	FALSE
loop_6733	up_in_mutant	0.346280650580045	3.110239723573e-4	Other	Other	194999	194999	194999	Merge	Matrix 2	-2.387452799932282	FALSE	FALSE	FALSE	FALSE
loop_6773	up_in_mutant	0.400255211665779	2.93742348439409e-5	Poised_Enhancer	Other	224999	74999	74999	Strength Change	Matrix 1	3.568643858707812	FALSE	FALSE	FALSE	TRUE
loop_6775	up_in_mutant	0.328456493161064	2.650640503349e-4	Other	Repressed_Promoter	579999	639999	579999	Complex	Matrix 2	-2.343796885068825	FALSE	FALSE	FALSE	FALSE
loop_6825	up_in_mutant	0.381830632514607	5.201380786428e-4	Other	Polycomb	1019999	94999	94999	Strength Change	Matrix 1	3.869873892278674	FALSE	FALSE	FALSE	TRUE
loop_6865	up_in_mutant	0.322575733734982	0.0014546485533199	Other	Other	384999	59999	59999	Split	Matrix 1	3.037654738382998	FALSE	FALSE	FALSE	TRUE
loop_6870	up_in_mutant	0.355747655795921	0.0015225127439381	Other	Other	14999	0	0	Merge	Matrix 2	-3.15544187851576	TRUE	TRUE	TRUE	TRUE
loop_6872	up_in_mutant	0.325949399291254	5.630831522246e-4	Active_Promoter	Polycomb	324999	564999	324999	Merge	Matrix 2	-3.0044318710128075	FALSE	FALSE	FALSE	FALSE
loop_6920	up_in_mutant	0.470790248152308	5.12963600116026e-5	Polycomb	Polycomb	314999	54999	54999	Strength Change	Matrix 2	-2.016723605887813	FALSE	FALSE	FALSE	TRUE
loop_6942	down_in_mutant	-0.410904521820308	0.0020806939230237	Active_Enhancer	Poised_Enhancer	679999	244999	244999	Strength Change	Matrix 1	2.4568731715603347	FALSE	FALSE	FALSE	FALSE
loop_6980	up_in_mutant	0.311535223240187	0.0011126694867601	Polycomb	Poised_Enhancer	59999	129999	59999	Complex	Matrix 2	-2.4898460202267936	FALSE	FALSE	FALSE	TRUE
loop_6993	up_in_mutant	0.318485495751454	0.0148991925059344	Other	Active_Promoter	164999	59999	59999	Complex	Matrix 1	2.0939797391893427	FALSE	FALSE	FALSE	TRUE
loop_7004	down_in_mutant	-0.476683799143606	0.010401468756788	Poised_Enhancer	Active_Enhancer	44999	534999	44999	Complex	Matrix 2	-2.343994931513958	FALSE	FALSE	TRUE	TRUE
loop_7058	up_in_mutant	0.443120443035473	0.0039132907877522	Poised_Enhancer	Poised_Enhancer	1324999	24999	24999	Strength Change	Matrix 2	-2.3687374311077427	FALSE	TRUE	TRUE	TRUE
loop_7072	up_in_mutant	0.325250668905306	0.0099062144446858	Active_Promoter	Other	0	99999	0	Split	Matrix 1	2.8857782354824786	TRUE	TRUE	TRUE	TRUE
loop_7100	down_in_mutant	-0.304256674680602	0.0010903545169738	Other	Poised_Enhancer	34999	164999	34999	Merge	Matrix 2	-2.507436818187843	FALSE	FALSE	TRUE	TRUE
loop_7110	down_in_mutant	-0.488672567691431	3.233656622415e-4	Other	Other	504999	24999	24999	Merge	Matrix 2	-2.019849837421321	FALSE	TRUE	TRUE	TRUE
loop_7114	up_in_mutant	0.461380786494324	0.0125900647412741	Poised_Enhancer	Other	204999	794999	204999	Strength Change	Matrix 1	2.0623409891927267	FALSE	FALSE	FALSE	FALSE
loop_7136	up_in_mutant	0.35882383671483	0.0012675569679034	Polycomb	Polycomb	94999	119999	94999	Complex	Matrix 1	4.7978845951424285	FALSE	FALSE	FALSE	TRUE
loop_7143	up_in_mutant	0.402724505367524	4.02307502752958e-5	Other	Polycomb	69999	19999	19999	Complex	Matrix 2	-2.132523186427082	FALSE	TRUE	TRUE	TRUE
loop_7175	up_in_mutant	0.354437715103851	2.519076816104e-4	Polycomb	Repressed_Promoter	144999	119999	119999	Complex	Matrix 2	-4.271273755929495	FALSE	FALSE	FALSE	FALSE
loop_7186	up_in_mutant	0.308841434980538	2.284957027845e-4	Other	Other	334999	109999	109999	Shifted	Matrix 2	-3.831527297273928	FALSE	FALSE	FALSE	FALSE
loop_7196	up_in_mutant	0.477785021553951	6.174090312581e-4	Polycomb	Repressed_Promoter	294999	229999	229999	Complex	Matrix 2	-10.602625586721892	FALSE	FALSE	FALSE	FALSE
loop_7209	up_in_mutant	0.410230933382571	3.433068738537e-4	Polycomb	Repressed_Promoter	124999	254999	124999	Merge	Matrix 2	-2.8166586213958364	FALSE	FALSE	FALSE	FALSE
loop_7217	up_in_mutant	0.325189415704114	0.0028387122124248	Polycomb	Polycomb	9999	84999	9999	Shifted	Matrix 2	-2.076825517507157	TRUE	TRUE	TRUE	TRUE
loop_7233	down_in_mutant	-0.358942489685756	0.0158378794422471	Other	Other	64999	4999	4999	Strength Change	Matrix 1	3.4998356484908015	TRUE	TRUE	TRUE	TRUE
loop_7238	up_in_mutant	0.733198058471884	0.0118915603477668	Active_Enhancer	Active_Promoter	179999	29999	29999	Strength Change	Matrix 1	2.087941050913991	FALSE	FALSE	TRUE	TRUE
loop_7272	up_in_mutant	0.365306247874276	0.0019706348378174	Active_Enhancer	Poised_Enhancer	164999	219999	164999	Merge	Matrix 2	-2.0756666509779342	FALSE	FALSE	FALSE	FALSE
loop_7276	up_in_mutant	0.305608346203799	0.005341051273889	Repressed_Promoter	Other	294999	1294999	294999	Merge	Matrix 2	-2.6775728094422235	FALSE	FALSE	FALSE	FALSE
loop_7343	up_in_mutant	0.73277526879726	9.86272837525858e-6	Other	Repressed_Promoter	124999	39999	39999	Merge	Matrix 2	-2.109953272335514	FALSE	FALSE	TRUE	TRUE
loop_7351	up_in_mutant	0.366881573220724	8.839584840666e-4	Polycomb	Polycomb	249999	549999	249999	Split	Matrix 1	2.0199995341911094	FALSE	FALSE	FALSE	FALSE
loop_7362	up_in_mutant	0.312574835391364	1.980022560426e-4	Active_Promoter	Repressed_Promoter	299999	74999	74999	Shifted	Matrix 2	-4.260212158066951	FALSE	FALSE	FALSE	TRUE
loop_7373	up_in_mutant	0.372362756037272	1.122644813219e-4	Active_Enhancer	Active_Enhancer	49999	39999	39999	Split	Matrix 1	2.084418881676402	FALSE	FALSE	TRUE	TRUE
loop_7386	up_in_mutant	0.486213162418624	3.29050797141049e-5	Other	Repressed_Promoter	0	24999	0	Strength Change	Matrix 1	2.376447919153868	TRUE	TRUE	TRUE	TRUE
loop_7389	up_in_mutant	0.357390778922973	5.549344597563e-4	Polycomb	Other	549999	74999	74999	Shifted	Matrix 1	2.100218361315351	FALSE	FALSE	FALSE	TRUE
loop_7391	up_in_mutant	0.317036018125775	0.0013413799898994	Other	Repressed_Promoter	0	269999	0	Complex	Matrix 2	-2.0931783913899378	TRUE	TRUE	TRUE	TRUE
loop_7404	up_in_mutant	0.335146315532312	0.0015225127439381	Other	Active_Enhancer	714999	29999	29999	Complex	Matrix 2	-2.5198048716789176	FALSE	FALSE	TRUE	TRUE
loop_7408	up_in_mutant	0.393283773861685	2.28709202476e-4	Poised_Enhancer	Polycomb	44999	249999	44999	Split	Matrix 1	3.0130604221230586	FALSE	FALSE	TRUE	TRUE
loop_7414	up_in_mutant	0.628312022612018	1.43403072388299e-5	Polycomb	Other	689999	339999	339999	Complex	Matrix 1	2.546198430759254	FALSE	FALSE	FALSE	FALSE
loop_7423	up_in_mutant	0.464960545090017	0.001610419592001	Other	Poised_Enhancer	114999	4999	4999	Split	Matrix 1	2.0073940928759986	TRUE	TRUE	TRUE	TRUE
loop_7427	up_in_mutant	0.634013281530482	1.126055228043e-4	Active_Promoter	Polycomb	749999	0	0	Complex	Matrix 2	-3.2029818591054022	TRUE	TRUE	TRUE	TRUE
loop_7434	up_in_mutant	0.351530510664367	0.0052828349311306	Other	Other	179999	19999	19999	Strength Change	Matrix 2	-2.182840047384237	FALSE	TRUE	TRUE	TRUE
loop_7505	up_in_mutant	0.383366942791157	0.0133470838248459	Other	Other	NA	NA	NA	NA	NA	NA	NA	NA	NA	NA
loop_7545	up_in_mutant	0.407575541513809	2.231619940965e-4	Polycomb	Other	54999	159999	54999	Split	Matrix 1	2.4598364902779286	FALSE	FALSE	FALSE	TRUE
loop_7567	up_in_mutant	0.327336194479616	0.0035934814977338	Polycomb	Repressed_Promoter	164999	9999	9999	Complex	Matrix 2	-5.202509595533201	TRUE	TRUE	TRUE	TRUE
loop_7592	up_in_mutant	0.524917882591451	0.0010083666404296	Active_Enhancer	Poised_Enhancer	0	44999	0	Shifted	Matrix 2	-3.793931702932438	TRUE	TRUE	TRUE	TRUE
loop_7642	up_in_mutant	0.525820629638578	2.7509905583e-4	Bivalent_Promoter	Other	1414999	564999	564999	Shifted	Matrix 2	-5.246542837647297	FALSE	FALSE	FALSE	FALSE
loop_7655	up_in_mutant	0.321687796514344	6.432464325092e-4	Active_Promoter	Repressed_Promoter	64999	64999	64999	Split	Matrix 1	2.5126835640221095	FALSE	FALSE	FALSE	TRUE
loop_7663	up_in_mutant	0.423717614617856	7.450141620579e-4	Bivalent_Promoter	Poised_Enhancer	1389999	689999	689999	Shifted	Matrix 2	-5.246542837647297	FALSE	FALSE	FALSE	FALSE
loop_7678	up_in_mutant	0.326228735899518	0.0054639343499263	Poised_Enhancer	Bivalent_Promoter	174999	1389999	174999	Merge	Matrix 2	-2.2148288010087	FALSE	FALSE	FALSE	FALSE
loop_7695	down_in_mutant	-0.404780201275507	0.0080267256050508	Active_Enhancer	Active_Enhancer	54999	364999	54999	Strength Change	Matrix 2	-2.8053096420645827	FALSE	FALSE	FALSE	TRUE
loop_7698	up_in_mutant	0.336336739297904	0.0255838267900549	Other	Other	84999	74999	74999	Strength Change	Matrix 2	-3.686839768389742	FALSE	FALSE	FALSE	TRUE
loop_7770	up_in_mutant	0.519428844767133	0.0012721902306625	Polycomb	Bivalent_Promoter	64999	4999	4999	Complex	Matrix 2	-2.800768026903301	TRUE	TRUE	TRUE	TRUE
loop_7797	up_in_mutant	0.304929589709584	4.986897565724e-4	Poised_Enhancer	Poised_Enhancer	14999	0	0	Merge	Matrix 2	-2.2497514134705727	TRUE	TRUE	TRUE	TRUE
loop_7798	up_in_mutant	0.308898376550663	2.982817200658e-4	Polycomb	Poised_Enhancer	619999	344999	344999	Complex	Matrix 1	5.433961616443989	FALSE	FALSE	FALSE	FALSE
loop_7805	up_in_mutant	0.303521099214145	0.0015080489272776	Poised_Enhancer	Repressed_Promoter	734999	9999	9999	Merge	Matrix 2	-2.171426950092102	TRUE	TRUE	TRUE	TRUE
loop_7809	up_in_mutant	0.482466130739254	7.962064244733e-4	Other	Other	119999	319999	119999	Merge	Matrix 2	-2.219622308705856	FALSE	FALSE	FALSE	FALSE
loop_7813	up_in_mutant	0.55940459026165	9.87147978421598e-5	Poised_Enhancer	Poised_Enhancer	409999	644999	409999	Split	Matrix 1	2.0559022738172197	FALSE	FALSE	FALSE	FALSE
loop_7825	down_in_mutant	-0.857695404815254	1.43403072388299e-5	Repressed_Promoter	Repressed_Promoter	134999	0	0	Merge	Matrix 2	-2.1100274072929013	TRUE	TRUE	TRUE	TRUE
loop_7829	up_in_mutant	0.306641075246592	0.0122582639033489	Polycomb	Poised_Enhancer	369999	1219999	369999	Strength Change	Matrix 2	-2.107960794918669	FALSE	FALSE	FALSE	FALSE
loop_7835	up_in_mutant	0.415391081221846	0.0085567231698044	Other	Poised_Enhancer	134999	139999	134999	Strength Change	Matrix 1	2.4520515835368157	FALSE	FALSE	FALSE	FALSE
loop_7839	down_in_mutant	-0.379468514680434	0.0166816562862606	Active_Enhancer	Active_Enhancer	39999	159999	39999	Split	Matrix 1	5.0032497858174585	FALSE	FALSE	TRUE	TRUE
loop_7859	up_in_mutant	0.330134024319266	0.0025852407602067	Other	Polycomb	239999	0	0	Shifted	Matrix 2	-4.6166333935074695	TRUE	TRUE	TRUE	TRUE
loop_7861	up_in_mutant	0.509864681486331	2.552084626416e-4	Bivalent_Promoter	Polycomb	179999	0	0	Merge	Matrix 2	-2.4611610198685017	TRUE	TRUE	TRUE	TRUE
loop_7864	up_in_mutant	0.343011086726845	7.280811441632e-4	Repressed_Promoter	Polycomb	14999	149999	14999	Split	Matrix 1	4.074379987186409	FALSE	TRUE	TRUE	TRUE
loop_7872	up_in_mutant	0.334173633616334	0.0022306801614673	Polycomb	Polycomb	1889999	1489999	1489999	Split	Matrix 1	4.074379987186409	FALSE	FALSE	FALSE	FALSE
loop_7877	up_in_mutant	0.80748021187195	4.32353652776555e-5	Other	Poised_Enhancer	2764999	2239999	2239999	Split	Matrix 1	4.074379987186409	FALSE	FALSE	FALSE	FALSE
loop_7909	up_in_mutant	0.481681663567812	0.0010193645136936	Other	Repressed_Promoter	1689999	3039999	1689999	Strength Change	Matrix 1	2.818295797198107	FALSE	FALSE	FALSE	FALSE
loop_7915	down_in_mutant	-0.385956913295628	0.0080744567036624	Other	Other	309999	54999	54999	Split	Matrix 1	2.0147007157366317	FALSE	FALSE	FALSE	TRUE
loop_7942	up_in_mutant	0.390560787470059	6.974190713058e-4	Poised_Enhancer	Poised_Enhancer	429999	374999	374999	Merge	Matrix 2	-2.332679073798321	FALSE	FALSE	FALSE	FALSE
loop_7947	up_in_mutant	0.34610467816187	5.6238388884e-4	Poised_Enhancer	Active_Promoter	0	224999	0	Shifted	Matrix 2	-2.3638391570653416	TRUE	TRUE	TRUE	TRUE
loop_7956	up_in_mutant	0.394369181425064	0.0013205014165116	Active_Enhancer	Other	94999	79999	79999	Split	Matrix 1	3.06414044244656	FALSE	FALSE	FALSE	TRUE
loop_7969	up_in_mutant	0.500066892653682	0.0013597140298157	Poised_Enhancer	Poised_Enhancer	459999	369999	369999	Split	Matrix 1	2.382525297447364	FALSE	FALSE	FALSE	FALSE
loop_7975	up_in_mutant	0.412855474238405	6.098317903167e-4	Other	Polycomb	269999	0	0	Complex	Matrix 1	3.1036628947645464	TRUE	TRUE	TRUE	TRUE
loop_7977	up_in_mutant	0.355905913113888	0.0039132907877522	Other	Poised_Enhancer	424999	299999	299999	Strength Change	Matrix 1	2.785995028533501	FALSE	FALSE	FALSE	FALSE
loop_7980	down_in_mutant	-0.344558668101276	0.0018372583560842	Active_Promoter	Other	0	0	0	Strength Change	Matrix 1	3.6639504668222505	TRUE	TRUE	TRUE	TRUE
loop_7987	down_in_mutant	-0.326476281282087	0.0035136046129149	Other	Other	239999	1389999	239999	Complex	Matrix 1	2.98791933202976	FALSE	FALSE	FALSE	FALSE
loop_8250	up_in_mutant	0.303266218623538	0.0046077727051437	Polycomb	Other	239999	99999	99999	Split	Matrix 1	2.7953930562864295	FALSE	FALSE	FALSE	TRUE
loop_8256	down_in_mutant	-0.531810663942664	1.892241309875e-4	Active_Enhancer	Active_Enhancer	0	4999	0	Strength Change	Matrix 1	2.7990446505247775	TRUE	TRUE	TRUE	TRUE
loop_8265	up_in_mutant	0.363446954971529	4.945310406067e-4	Polycomb	Other	174999	89999	89999	Complex	Matrix 1	2.703884017182315	FALSE	FALSE	FALSE	TRUE
loop_8277	up_in_mutant	0.462969451194543	1.3664902746e-4	Polycomb	Repressed_Promoter	279999	4999	4999	Merge	Matrix 2	-4.199614817607232	TRUE	TRUE	TRUE	TRUE
loop_8309	up_in_mutant	0.478902741285152	6.91951560597886e-5	Polycomb	Other	79999	39999	39999	Merge	Matrix 2	-2.668784314916656	FALSE	FALSE	TRUE	TRUE
loop_8340	down_in_mutant	-0.675980362642567	4.42424983178435e-5	Other	Poised_Enhancer	174999	324999	174999	Merge	Matrix 2	-2.3368402998386677	FALSE	FALSE	FALSE	FALSE
loop_8361	up_in_mutant	0.33814087574594	0.0041445953322108	Poised_Enhancer	Polycomb	0	399999	0	Merge	Matrix 2	-2.262129061675376	TRUE	TRUE	TRUE	TRUE
loop_8379	down_in_mutant	-0.346484974726674	0.01145470241421	Polycomb	Polycomb	174999	349999	174999	Complex	Matrix 2	-4.896833518087421	FALSE	FALSE	FALSE	FALSE
loop_8380	down_in_mutant	-0.575051418148471	1.388477754494e-4	Poised_Enhancer	Polycomb	0	99999	0	Strength Change	Matrix 1	3.0230167955569	TRUE	TRUE	TRUE	TRUE
loop_8383	down_in_mutant	-0.490920360194307	0.0028316273178268	Active_Enhancer	Active_Promoter	9999	214999	9999	Strength Change	Matrix 1	2.597952839263274	TRUE	TRUE	TRUE	TRUE
loop_8482	down_in_mutant	-0.31451819543014	1.664533456172e-4	Active_Enhancer	Active_Promoter	0	0	0	Strength Change	Matrix 1	2.2859706795730097	TRUE	TRUE	TRUE	TRUE
loop_8524	up_in_mutant	0.430213444851614	1.62808158365e-4	Polycomb	Polycomb	49999	64999	49999	Split	Matrix 1	2.5974657257648572	FALSE	FALSE	TRUE	TRUE
loop_8551	up_in_mutant	0.308770706239956	0.002068603967761	Polycomb	Polycomb	264999	0	0	Strength Change	Matrix 2	-2.918908597953531	TRUE	TRUE	TRUE	TRUE
loop_8590	up_in_mutant	0.330671041228272	8.354551500878e-4	Bivalent_Promoter	Other	39999	64999	39999	Merge	Matrix 2	-2.2239315111679576	FALSE	FALSE	TRUE	TRUE
loop_8656	up_in_mutant	0.616621952318271	1.26250587785107e-5	Repressed_Promoter	Other	369999	69999	69999	Strength Change	Matrix 1	2.544336230711113	FALSE	FALSE	FALSE	TRUE
loop_8660	up_in_mutant	0.328624320962561	0.0027534651714662	Poised_Enhancer	Polycomb	1604999	829999	829999	Strength Change	Matrix 1	2.2060725204341325	FALSE	FALSE	FALSE	FALSE
loop_8665	up_in_mutant	0.314888591243346	0.0088237488751323	Poised_Enhancer	Repressed_Promoter	1604999	929999	929999	Strength Change	Matrix 1	2.2060725204341325	FALSE	FALSE	FALSE	FALSE
loop_8677	up_in_mutant	0.307126165016976	0.00260188872332	Other	Other	3689999	3364999	3364999	Strength Change	Matrix 2	-2.183077063883398	FALSE	FALSE	FALSE	FALSE
loop_8683	down_in_mutant	-0.319446890393787	0.0072352498266036	Active_Promoter	Other	739999	1289999	739999	Split	Matrix 1	2.5328134310333397	FALSE	FALSE	FALSE	FALSE
loop_8686	up_in_mutant	0.70903028732244	1.54508603222329e-5	Other	Other	709999	364999	364999	Split	Matrix 1	2.1677813728598823	FALSE	FALSE	FALSE	FALSE
loop_8688	up_in_mutant	0.565274398458328	1.026704217788e-4	Other	Other	709999	264999	264999	Split	Matrix 1	2.1677813728598823	FALSE	FALSE	FALSE	FALSE
loop_8693	up_in_mutant	0.421265718369201	0.0047709593662632	Other	Other	604999	779999	604999	Split	Matrix 1	5.103972913122219	FALSE	FALSE	FALSE	FALSE
loop_8694	up_in_mutant	0.435491004528908	0.0012404523634448	Other	Other	709999	114999	114999	Split	Matrix 1	2.1677813728598823	FALSE	FALSE	FALSE	FALSE
loop_8720	down_in_mutant	-0.303776909482196	9.506558487836e-4	Active_Enhancer	Active_Promoter	0	0	0	Complex	Matrix 1	2.4292138482909023	TRUE	TRUE	TRUE	TRUE
loop_8752	down_in_mutant	-0.318048080711474	0.00158125250291	Active_Enhancer	Active_Enhancer	0	9999	0	Complex	Matrix 1	2.4292138482909023	TRUE	TRUE	TRUE	TRUE
loop_8784	down_in_mutant	-0.330543000648117	0.0083175859467166	Active_Enhancer	Active_Enhancer	0	519999	0	Complex	Matrix 1	2.4292138482909023	TRUE	TRUE	TRUE	TRUE
loop_8892	up_in_mutant	0.364313115245193	2.055873345729e-4	Polycomb	Repressed_Promoter	144999	0	0	Complex	Matrix 2	-3.185377712010855	TRUE	TRUE	TRUE	TRUE
loop_8896	up_in_mutant	0.305302495601263	1.589306403092e-4	Polycomb	Repressed_Promoter	74999	239999	74999	Merge	Matrix 2	-3.891737300633499	FALSE	FALSE	FALSE	TRUE
loop_8984	down_in_mutant	-0.31380036229466	0.0018122443100358	Active_Enhancer	Active_Enhancer	0	229999	0	Split	Matrix 1	2.30414353908569	TRUE	TRUE	TRUE	TRUE
loop_8991	up_in_mutant	0.35893305040878	3.539522514609e-4	Other	Other	104999	429999	104999	Split	Matrix 1	3.1148708508947887	FALSE	FALSE	FALSE	FALSE
loop_9005	down_in_mutant	-0.310015927457333	0.0018479550339189	Active_Enhancer	Active_Enhancer	9999	419999	9999	Complex	Matrix 1	2.5788135950502555	TRUE	TRUE	TRUE	TRUE
loop_9006	up_in_mutant	0.510791095364036	1.05530906394097e-5	Other	Other	39999	94999	39999	Strength Change	Matrix 2	-2.756745230068528	FALSE	FALSE	TRUE	TRUE
loop_9017	up_in_mutant	0.304895533276473	2.373182017524e-4	Other	Other	94999	59999	59999	Split	Matrix 1	3.1148708508947887	FALSE	FALSE	FALSE	TRUE
loop_9043	down_in_mutant	-0.341515092939689	8.513301303503e-4	Poised_Enhancer	Active_Enhancer	374999	0	0	Complex	Matrix 1	2.4292138482909023	TRUE	TRUE	TRUE	TRUE
loop_9061	down_in_mutant	-0.308647312806421	0.004935794184554	Repressed_Promoter	Other	519999	0	0	Strength Change	Matrix 1	2.0150418592579515	TRUE	TRUE	TRUE	TRUE
loop_9070	up_in_mutant	0.668018314284746	2.90106265499192e-6	Polycomb	Polycomb	364999	0	0	Merge	Matrix 2	-2.6679218003883403	TRUE	TRUE	TRUE	TRUE
loop_9071	up_in_mutant	0.365543389226738	9.56814360499926e-5	Repressed_Promoter	Other	319999	194999	194999	Merge	Matrix 2	-2.717267493479565	FALSE	FALSE	FALSE	FALSE
loop_9077	up_in_mutant	0.332206651174097	6.224392874336e-4	Polycomb	Other	309999	204999	204999	Strength Change	Matrix 2	-2.0624717719549133	FALSE	FALSE	FALSE	FALSE
loop_9119	up_in_mutant	0.334064185610674	5.716832884183e-4	Other	Poised_Enhancer	374999	0	0	Strength Change	Matrix 1	2.3137316694580408	TRUE	TRUE	TRUE	TRUE
loop_9163	down_in_mutant	-0.796778667671369	0.0024495308677305	Repressed_Promoter	Repressed_Promoter	619999	0	0	Strength Change	Matrix 2	-2.0580187692181178	TRUE	TRUE	TRUE	TRUE
loop_9164	down_in_mutant	-0.874502004546995	0.0010193645136936	Repressed_Promoter	Other	619999	0	0	Strength Change	Matrix 2	-2.1722536330566853	TRUE	TRUE	TRUE	TRUE
loop_9165	down_in_mutant	-0.382734805815203	0.0186777958681167	Polycomb	Repressed_Promoter	49999	169999	49999	Strength Change	Matrix 2	-4.216930081513294	FALSE	FALSE	TRUE	TRUE
loop_9450	up_in_mutant	0.396070988560097	2.30703680920792e-5	Poised_Enhancer	Other	249999	74999	74999	Strength Change	Matrix 1	3.568643858707812	FALSE	FALSE	FALSE	TRUE
loop_9601	down_in_mutant	-0.365269272891421	5.652245030257e-4	Other	Other	259999	264999	259999	Merge	Matrix 2	-3.164013521630984	FALSE	FALSE	FALSE	FALSE
loop_9615	down_in_mutant	-0.395803736661738	5.191580106541e-4	Repressed_Promoter	Repressed_Promoter	0	49999	0	Strength Change	Matrix 1	2.0810959196080323	TRUE	TRUE	TRUE	TRUE
loop_9659	down_in_mutant	-0.680435834110794	9.86272837525858e-6	Other	Repressed_Promoter	409999	14999	14999	Strength Change	Matrix 2	-2.063211255026801	FALSE	TRUE	TRUE	TRUE
loop_9660	down_in_mutant	-0.31352193761466	9.461697811654e-4	Active_Promoter	Active_Promoter	794999	319999	319999	Shifted	Matrix 2	-3.218671126849691	FALSE	FALSE	FALSE	FALSE
loop_9666	down_in_mutant	-0.363917718918214	0.0013411483369831	Poised_Enhancer	Active_Enhancer	99999	149999	99999	Strength Change	Matrix 1	2.186992856850265	FALSE	FALSE	FALSE	TRUE
loop_9695	down_in_mutant	-0.316648708390821	0.0068830225044153	Poised_Enhancer	Poised_Enhancer	0	329999	0	Strength Change	Matrix 2	-2.063211255026801	TRUE	TRUE	TRUE	TRUE
loop_9697	up_in_mutant	0.471261252756977	0.0091231605697832	Other	Other	279999	24999	24999	Merge	Matrix 2	-2.129057026340826	FALSE	TRUE	TRUE	TRUE
loop_9753	down_in_mutant	-0.322645624359521	3.39521863075e-4	Active_Enhancer	Active_Enhancer	0	0	0	Strength Change	Matrix 1	3.817362566080551	TRUE	TRUE	TRUE	TRUE
loop_9856	down_in_mutant	-0.30162696298316	7.554614356824e-4	Active_Enhancer	Active_Enhancer	0	4999	0	Strength Change	Matrix 1	2.781700483720023	TRUE	TRUE	TRUE	TRUE
loop_9908	down_in_mutant	-0.341730840180934	2.231619940965e-4	Active_Enhancer	Active_Enhancer	99999	0	0	Strength Change	Matrix 1	3.817362566080551	TRUE	TRUE	TRUE	TRUE
loop_9917	up_in_mutant	0.326163074643185	2.373182017524e-4	Other	Poised_Enhancer	344999	144999	144999	Split	Matrix 1	2.0912957397804965	FALSE	FALSE	FALSE	FALSE
loop_9922	down_in_mutant	-0.430185563942506	9.10844208089299e-5	Active_Promoter	Active_Promoter	314999	0	0	Strength Change	Matrix 2	-3.106960644848245	TRUE	TRUE	TRUE	TRUE
loop_9935	down_in_mutant	-0.302816107760993	0.0112972319152694	Active_Promoter	Active_Promoter	64999	0	0	Strength Change	Matrix 2	-3.106960644848245	TRUE	TRUE	TRUE	TRUE
loop_9983	up_in_mutant	0.325888982526474	4.521845507307e-4	Polycomb	Active_Promoter	74999	114999	74999	Split	Matrix 1	2.194531047151973	FALSE	FALSE	FALSE	TRUE
loop_10035	down_in_mutant	-0.451148467909836	1.222003308976e-4	Active_Enhancer	Active_Promoter	0	399999	0	Strength Change	Matrix 1	3.179608690106335	TRUE	TRUE	TRUE	TRUE
loop_10047	down_in_mutant	-0.577060715861772	1.800657231761e-4	Active_Enhancer	Active_Promoter	0	499999	0	Strength Change	Matrix 1	3.179608690106335	TRUE	TRUE	TRUE	TRUE
loop_10050	down_in_mutant	-0.359004251212957	0.0013878908897409	Active_Promoter	Active_Promoter	124999	9999	9999	Shifted	Matrix 2	-2.0524212356468583	TRUE	TRUE	TRUE	TRUE
loop_10060	down_in_mutant	-0.342306678135121	0.003699461965599	Active_Promoter	Active_Enhancer	854999	64999	64999	Merge	Matrix 2	-4.211123386403107	FALSE	FALSE	FALSE	TRUE
loop_10074	down_in_mutant	-0.586552409129668	4.339748826208e-4	Polycomb	Other	704999	374999	374999	Strength Change	Matrix 1	3.179608690106335	FALSE	FALSE	FALSE	FALSE
loop_10101	up_in_mutant	0.362532509277509	0.0021597141197114	Polycomb	Polycomb	14999	4999	4999	Strength Change	Matrix 1	2.2227782817939383	TRUE	TRUE	TRUE	TRUE
loop_10109	down_in_mutant	-0.495178294852935	4.334740615352e-4	Active_Promoter	Active_Promoter	854999	399999	399999	Strength Change	Matrix 1	3.179608690106335	FALSE	FALSE	FALSE	FALSE
loop_10113	up_in_mutant	0.313358899356823	0.0189081851140568	Other	Other	264999	1389999	264999	Merge	Matrix 2	-2.6469728086651805	FALSE	FALSE	FALSE	FALSE
loop_10275	up_in_mutant	0.334718861705389	3.143942427175e-4	Polycomb	Polycomb	499999	24999	24999	Merge	Matrix 2	-4.045829729819724	FALSE	TRUE	TRUE	TRUE
loop_10281	up_in_mutant	0.316817870674004	6.123138902645e-4	Other	Polycomb	519999	564999	519999	Strength Change	Matrix 2	-3.525717434592597	FALSE	FALSE	FALSE	FALSE
loop_10332	down_in_mutant	-0.315653377596984	9.00428840094e-4	Active_Promoter	Active_Enhancer	0	324999	0	Split	Matrix 1	3.4932836023613274	TRUE	TRUE	TRUE	TRUE
loop_10390	down_in_mutant	-0.427950054296029	7.158856175158e-4	Poised_Enhancer	Active_Enhancer	614999	164999	164999	Split	Matrix 1	2.605681657340411	FALSE	FALSE	FALSE	FALSE
loop_10403	up_in_mutant	0.305933116984731	0.0021539184730786	Polycomb	Polycomb	0	54999	0	Merge	Matrix 2	-4.045829729819724	TRUE	TRUE	TRUE	TRUE
loop_10419	down_in_mutant	-0.502553547030893	1.753276789236e-4	Repressed_Promoter	Polycomb	829999	0	0	Strength Change	Matrix 2	-3.525717434592597	TRUE	TRUE	TRUE	TRUE
loop_10431	down_in_mutant	-0.382680972824651	0.001967877091654	Other	Other	104999	1164999	104999	Shifted	Matrix 1	2.524371628456642	FALSE	FALSE	FALSE	FALSE
loop_10436	down_in_mutant	-0.322948703955297	0.0028204605743785	Other	Repressed_Promoter	204999	0	0	Strength Change	Matrix 2	-2.0501047790799927	TRUE	TRUE	TRUE	TRUE
loop_10451	down_in_mutant	-0.381230500614846	0.0039132907877522	Poised_Enhancer	Other	294999	334999	294999	Strength Change	Matrix 1	2.3809553063447866	FALSE	FALSE	FALSE	FALSE
loop_10452	down_in_mutant	-0.413418136776554	0.0018159203113073	Other	Poised_Enhancer	354999	314999	314999	Strength Change	Matrix 1	2.1382961332030015	FALSE	FALSE	FALSE	FALSE
loop_10453	down_in_mutant	-0.371172331177295	0.0041463129175636	Other	Other	0	334999	0	Strength Change	Matrix 1	2.3809553063447866	TRUE	TRUE	TRUE	TRUE
loop_10613	up_in_mutant	0.314971805131624	3.110239723573e-4	Poised_Enhancer	Repressed_Promoter	344999	144999	144999	Strength Change	Matrix 2	-3.901434756410244	FALSE	FALSE	FALSE	FALSE
loop_10637	up_in_mutant	0.343801034438331	2.501385922499e-4	Active_Promoter	Poised_Enhancer	84999	69999	69999	Complex	Matrix 1	2.0904300476002557	FALSE	FALSE	FALSE	TRUE
loop_10704	up_in_mutant	0.374008375622405	1.222003308976e-4	Other	Poised_Enhancer	154999	0	0	Merge	Matrix 2	-2.2626699836996287	TRUE	TRUE	TRUE	TRUE
loop_10725	up_in_mutant	0.3353250887638	2.28709202476e-4	Active_Promoter	Repressed_Promoter	69999	269999	69999	Split	Matrix 1	2.526703276284106	FALSE	FALSE	FALSE	TRUE
loop_10748	down_in_mutant	-0.326005543172185	0.0044773747322997	Repressed_Promoter	Other	549999	19999	19999	Complex	Matrix 2	-2.8283967092388083	FALSE	TRUE	TRUE	TRUE
loop_10788	down_in_mutant	-0.349798600777941	0.0088237488751323	Active_Promoter	Active_Enhancer	0	534999	0	Complex	Matrix 2	-2.8035463803086658	TRUE	TRUE	TRUE	TRUE
loop_10797	down_in_mutant	-0.310507931060255	0.0181911220507931	Repressed_Promoter	Polycomb	549999	0	0	Complex	Matrix 1	2.5046044703866905	TRUE	TRUE	TRUE	TRUE
loop_11252	down_in_mutant	-0.308806577799808	4.289317024539e-4	Poised_Enhancer	Other	294999	19999	19999	Split	Matrix 1	2.332087319840685	FALSE	TRUE	TRUE	TRUE
loop_11396	up_in_mutant	0.310964925509712	9.192583119142e-4	Poised_Enhancer	Polycomb	74999	54999	54999	Shifted	Matrix 2	-3.0722399019128974	FALSE	FALSE	FALSE	TRUE
loop_11403	down_in_mutant	-0.31135989223368	7.242304309119e-4	Other	Other	34999	139999	34999	Merge	Matrix 2	-2.507436818187843	FALSE	FALSE	TRUE	TRUE
loop_11404	down_in_mutant	-0.317742169884043	0.0016143760126437	Active_Promoter	Active_Enhancer	429999	0	0	Split	Matrix 1	2.6292441697696645	TRUE	TRUE	TRUE	TRUE
loop_11413	down_in_mutant	-0.555620663217923	1.453302221963e-4	Other	Other	69999	14999	14999	Merge	Matrix 2	-2.5330462539409924	FALSE	TRUE	TRUE	TRUE
loop_11426	down_in_mutant	-0.487249888101909	2.785382439741e-4	Other	Other	479999	0	0	Merge	Matrix 2	-2.019849837421321	TRUE	TRUE	TRUE	TRUE
loop_11665	up_in_mutant	0.314235756046631	1.62808158365e-4	Polycomb	Repressed_Promoter	289999	114999	114999	Shifted	Matrix 2	-3.9366988751512695	FALSE	FALSE	FALSE	FALSE
loop_11719	down_in_mutant	-0.307548345754919	0.0014756528321245	Poised_Enhancer	Poised_Enhancer	119999	79999	79999	Split	Matrix 1	2.2198517373193583	FALSE	FALSE	FALSE	TRUE
loop_11739	up_in_mutant	0.340159545151294	0.0011002092391917	Repressed_Promoter	Other	0	79999	0	Shifted	Matrix 1	4.482513993455282	TRUE	TRUE	TRUE	TRUE
loop_11809	down_in_mutant	-0.372688381735008	1.453302221963e-4	Poised_Enhancer	Repressed_Promoter	119999	204999	119999	Merge	Matrix 2	-2.599343885226858	FALSE	FALSE	FALSE	FALSE
loop_11822	up_in_mutant	0.338464743151498	7.026440024327e-4	Other	Polycomb	569999	94999	94999	Strength Change	Matrix 2	-2.9264159679821007	FALSE	FALSE	FALSE	TRUE
loop_11874	down_in_mutant	-0.385032879376855	0.0027334438549251	Poised_Enhancer	Other	139999	4999	4999	Strength Change	Matrix 1	3.4998356484908015	TRUE	TRUE	TRUE	TRUE
loop_11903	up_in_mutant	0.359691798968695	1.430381636708e-4	Other	Other	499999	84999	84999	Merge	Matrix 2	-2.244403858177549	FALSE	FALSE	FALSE	TRUE
loop_11910	up_in_mutant	0.342927567169079	8.71609726506e-4	Other	Other	0	154999	0	Merge	Matrix 2	-2.177150545338258	TRUE	TRUE	TRUE	TRUE
loop_11917	up_in_mutant	0.476909675589475	5.65356025075646e-5	Other	Repressed_Promoter	129999	0	0	Merge	Matrix 2	-2.6075212884679555	TRUE	TRUE	TRUE	TRUE
loop_11981	up_in_mutant	0.466870252701964	2.93742348439409e-5	Repressed_Promoter	Other	79999	134999	79999	Strength Change	Matrix 1	2.0234612741933997	FALSE	FALSE	FALSE	TRUE
loop_12014	down_in_mutant	-0.315904158801891	0.0073286370797973	Other	Poised_Enhancer	229999	204999	204999	Split	Matrix 1	2.100593003589286	FALSE	FALSE	FALSE	FALSE
loop_12018	down_in_mutant	-0.320639902703329	0.0036165372257704	Poised_Enhancer	Polycomb	179999	0	0	Strength Change	Matrix 2	-3.0202945536531014	TRUE	TRUE	TRUE	TRUE
loop_12020	down_in_mutant	-0.381958530276834	0.0010193645136936	Active_Promoter	Active_Enhancer	0	179999	0	Merge	Matrix 2	-2.599343885226858	TRUE	TRUE	TRUE	TRUE
loop_12021	up_in_mutant	0.36721517193975	0.0014552217025968	Polycomb	Polycomb	144999	94999	94999	Complex	Matrix 2	-2.728507749164519	FALSE	FALSE	FALSE	TRUE
loop_12023	up_in_mutant	0.396959859294284	7.321599863677e-4	Polycomb	Bivalent_Promoter	9999	59999	9999	Shifted	Matrix 2	-2.076825517507157	TRUE	TRUE	TRUE	TRUE
loop_12043	down_in_mutant	-0.480277310382373	2.992905607823e-4	Poised_Enhancer	Active_Enhancer	349999	0	0	Strength Change	Matrix 1	4.099104738275044	TRUE	TRUE	TRUE	TRUE
loop_12048	down_in_mutant	-0.346773937070547	0.0034860017579473	Active_Enhancer	Active_Enhancer	9999	0	0	Strength Change	Matrix 1	4.099104738275044	TRUE	TRUE	TRUE	TRUE
loop_12052	down_in_mutant	-0.340878149227418	0.0118507460593606	Poised_Enhancer	Other	164999	114999	114999	Split	Matrix 1	3.760052333645099	FALSE	FALSE	FALSE	FALSE
loop_12053	down_in_mutant	-0.454284254724731	5.618993261625e-4	Poised_Enhancer	Active_Enhancer	324999	94999	94999	Merge	Matrix 2	-2.599343885226858	FALSE	FALSE	FALSE	TRUE
loop_12054	up_in_mutant	0.693245197992876	4.62816903219346e-5	Repressed_Promoter	Polycomb	19999	179999	19999	Merge	Matrix 2	-2.149701011046853	FALSE	TRUE	TRUE	TRUE
loop_12066	down_in_mutant	-0.447688873365114	9.043209894057e-4	Active_Enhancer	Active_Enhancer	9999	94999	9999	Merge	Matrix 2	-2.0471229335465897	TRUE	TRUE	TRUE	TRUE
loop_12073	down_in_mutant	-0.300382150425765	0.0236936687906429	Other	Poised_Enhancer	29999	484999	29999	Complex	Matrix 2	-2.4474583836481543	FALSE	FALSE	TRUE	TRUE
loop_12075	up_in_mutant	0.398914330016469	0.0168101590090082	Other	Poised_Enhancer	314999	309999	309999	Shifted	Matrix 1	3.6720189241540946	FALSE	FALSE	FALSE	FALSE
loop_12079	down_in_mutant	-0.36540961340523	0.0161676171466816	Active_Enhancer	Active_Enhancer	9999	154999	9999	Merge	Matrix 2	-2.0471229335465897	TRUE	TRUE	TRUE	TRUE
loop_12082	down_in_mutant	-0.332568152604621	0.0075643548125412	Poised_Enhancer	Other	139999	54999	54999	Strength Change	Matrix 2	-2.7682522627488853	FALSE	FALSE	FALSE	TRUE
loop_12085	down_in_mutant	-0.527846692192903	0.0111435167428067	Active_Promoter	Poised_Enhancer	0	39999	0	Strength Change	Matrix 2	-3.124066501769002	TRUE	TRUE	TRUE	TRUE
loop_12086	down_in_mutant	-1.15123088946283	1.04170712954505e-5	Polycomb	Repressed_Promoter	274999	94999	94999	Strength Change	Matrix 1	2.2658781524408944	FALSE	FALSE	FALSE	TRUE
loop_12088	down_in_mutant	-0.461216301609556	0.0174860949418294	Active_Enhancer	Other	49999	89999	49999	Complex	Matrix 2	-2.2405604716772096	FALSE	FALSE	TRUE	TRUE
loop_12307	up_in_mutant	0.311047660557586	3.784910892116e-4	Other	Other	169999	64999	64999	Merge	Matrix 2	-2.773392658773369	FALSE	FALSE	FALSE	TRUE
loop_12337	up_in_mutant	0.301496960254278	5.286964541789e-4	Polycomb	Polycomb	0	489999	0	Merge	Matrix 2	-3.04536100363484	TRUE	TRUE	TRUE	TRUE
loop_12338	up_in_mutant	0.355379389258129	0.0018525236490879	Poised_Enhancer	Poised_Enhancer	24999	29999	24999	Merge	Matrix 2	-3.370839669049366	FALSE	TRUE	TRUE	TRUE
loop_12353	up_in_mutant	0.37561468911131	2.108105683557e-4	Other	Other	0	224999	0	Split	Matrix 1	2.8686505363106116	TRUE	TRUE	TRUE	TRUE
loop_12385	down_in_mutant	-0.317910766032777	0.0027484043966676	Other	Poised_Enhancer	0	239999	0	Complex	Matrix 1	2.1075678409407637	TRUE	TRUE	TRUE	TRUE
loop_12402	down_in_mutant	-0.342089709073458	0.0027855448445117	Poised_Enhancer	Active_Enhancer	184999	54999	54999	Merge	Matrix 2	-3.7408063694025424	FALSE	FALSE	FALSE	TRUE
loop_12403	down_in_mutant	-0.309354018721759	0.004879322458448	Other	Polycomb	99999	54999	54999	Merge	Matrix 2	-2.9300645220919015	FALSE	FALSE	FALSE	TRUE
loop_12623	down_in_mutant	-0.355480719487602	0.0014546485533199	Active_Promoter	Active_Promoter	169999	129999	129999	Complex	Matrix 1	8.311023715483067	FALSE	FALSE	FALSE	FALSE
loop_12626	up_in_mutant	0.370962982988273	2.672721196587e-4	Other	Other	84999	129999	84999	Strength Change	Matrix 2	-4.174662457385051	FALSE	FALSE	FALSE	TRUE
loop_12645	down_in_mutant	-0.351147573672788	0.0105361320753591	Repressed_Promoter	Other	9999	134999	9999	Strength Change	Matrix 2	-2.3804709198116556	TRUE	TRUE	TRUE	TRUE
loop_12653	down_in_mutant	-0.302870952412817	0.0116063575039121	Other	Other	79999	134999	79999	Strength Change	Matrix 2	-2.3804709198116556	FALSE	FALSE	FALSE	TRUE
loop_12711	up_in_mutant	0.305954289516615	5.579441079319e-4	Repressed_Promoter	Polycomb	59999	89999	59999	Strength Change	Matrix 1	2.947292972414587	FALSE	FALSE	FALSE	TRUE
loop_12902	up_in_mutant	0.346060826510292	9.20385054741769e-5	Other	Poised_Enhancer	124999	24999	24999	Strength Change	Matrix 2	-2.2453232741353744	FALSE	TRUE	TRUE	TRUE
loop_12903	up_in_mutant	0.321259952197119	3.693692076383e-4	Poised_Enhancer	Poised_Enhancer	89999	339999	89999	Strength Change	Matrix 2	-2.252753618031341	FALSE	FALSE	FALSE	TRUE
loop_13098	up_in_mutant	0.319182210359939	0.0015480899896677	Polycomb	Other	119999	24999	24999	Merge	Matrix 2	-2.793634964906236	FALSE	TRUE	TRUE	TRUE
loop_13103	up_in_mutant	0.319473226594059	3.39521863075e-4	Poised_Enhancer	Bivalent_Promoter	0	4999	0	Complex	Matrix 2	-2.0615139578263384	TRUE	TRUE	TRUE	TRUE
loop_13130	up_in_mutant	0.595754603957078	1.880911809318e-4	Polycomb	Repressed_Promoter	169999	0	0	Complex	Matrix 2	-2.092867581680692	TRUE	TRUE	TRUE	TRUE
loop_13135	down_in_mutant	-0.352952582817885	5.649815722742e-4	Active_Enhancer	Active_Enhancer	374999	599999	374999	Split	Matrix 1	2.6868627754877017	FALSE	FALSE	FALSE	FALSE
loop_13158	up_in_mutant	0.460609663295458	3.295612194157e-4	Other	Active_Enhancer	29999	249999	29999	Strength Change	Matrix 2	-2.78473026141064	FALSE	FALSE	TRUE	TRUE
loop_13189	down_in_mutant	-0.377641826624151	4.343327079645e-4	Other	Other	569999	304999	304999	Merge	Matrix 2	-2.231084264382743	FALSE	FALSE	FALSE	FALSE
loop_13198	down_in_mutant	-0.329724277070025	0.0010773736302622	Poised_Enhancer	Active_Enhancer	139999	374999	139999	Split	Matrix 1	2.6868627754877017	FALSE	FALSE	FALSE	FALSE
loop_13203	down_in_mutant	-0.305445823559118	8.670552389141e-4	Poised_Enhancer	Other	169999	389999	169999	Split	Matrix 1	4.962492040059535	FALSE	FALSE	FALSE	FALSE
loop_13211	up_in_mutant	0.468006776465004	4.02307502752958e-5	Active_Promoter	Other	314999	219999	219999	Merge	Matrix 2	-3.7480371522107943	FALSE	FALSE	FALSE	FALSE
loop_13264	up_in_mutant	0.344476607276084	5.976697349392e-4	Other	Polycomb	229999	209999	209999	Shifted	Matrix 1	2.6982319966643433	FALSE	FALSE	FALSE	FALSE
loop_13265	up_in_mutant	0.398899387220053	1.97952268418e-4	Repressed_Promoter	Polycomb	79999	144999	79999	Strength Change	Matrix 1	2.1112246554385985	FALSE	FALSE	FALSE	TRUE
loop_13293	down_in_mutant	-0.424057482347326	4.405057139421e-4	Poised_Enhancer	Other	359999	124999	124999	Merge	Matrix 2	-2.374173191492541	FALSE	FALSE	FALSE	FALSE
loop_13298	down_in_mutant	-0.307834187358928	0.0110210558660389	Active_Promoter	Other	184999	834999	184999	Strength Change	Matrix 2	-3.229172195113608	FALSE	FALSE	FALSE	FALSE
loop_13344	up_in_mutant	0.539202353495932	0.0010994964776373	Polycomb	Other	169999	99999	99999	Complex	Matrix 2	-2.092867581680692	FALSE	FALSE	FALSE	TRUE
loop_13348	down_in_mutant	-0.761359534679501	3.338357508269e-4	Repressed_Promoter	Repressed_Promoter	629999	104999	104999	Strength Change	Matrix 1	2.1112246554385985	FALSE	FALSE	FALSE	FALSE
loop_13349	down_in_mutant	-0.873572622611947	7.61479633265589e-5	Repressed_Promoter	Repressed_Promoter	0	124999	0	Strength Change	Matrix 2	-2.08275547105523	TRUE	TRUE	TRUE	TRUE
loop_13358	down_in_mutant	-0.372104893281706	0.0058020286680777	Poised_Enhancer	Polycomb	89999	189999	89999	Split	Matrix 1	2.2739982992477676	FALSE	FALSE	FALSE	TRUE
loop_13363	down_in_mutant	-0.386052094499696	0.0266036977705515	Active_Promoter	Active_Enhancer	164999	199999	164999	Shifted	Matrix 2	-4.428813505390002	FALSE	FALSE	FALSE	FALSE
loop_13456	up_in_mutant	0.444195985135082	2.707136429491e-4	Other	Other	NA	NA	NA	NA	NA	NA	NA	NA	NA	NA
loop_13526	up_in_mutant	0.32818243583478	0.0022831535912566	Repressed_Promoter	Polycomb	NA	NA	NA	NA	NA	NA	NA	NA	NA	NA
loop_13531	down_in_mutant	-0.326483360143087	0.0060774956241633	Poised_Enhancer	Other	NA	NA	NA	NA	NA	NA	NA	NA	NA	NA
loop_13588	up_in_mutant	0.331762923416319	0.0064932047261847	Other	Other	NA	NA	NA	NA	NA	NA	NA	NA	NA	NA
loop_13908	up_in_mutant	0.420579686208617	3.29664384544277e-5	Repressed_Promoter	Polycomb	34999	244999	34999	Complex	Matrix 1	2.815864748509158	FALSE	FALSE	TRUE	TRUE
loop_13920	down_in_mutant	-0.308141879095119	0.0019774140176661	Active_Promoter	Other	134999	299999	134999	Merge	Matrix 2	-2.1454200370425056	FALSE	FALSE	FALSE	FALSE
loop_13995	up_in_mutant	0.366477184381197	3.463397610358e-4	Other	Polycomb	4999	159999	4999	Split	Matrix 1	2.4598364902779286	TRUE	TRUE	TRUE	TRUE
loop_14007	down_in_mutant	-0.314617222793694	0.0010903545169738	Other	Repressed_Promoter	584999	24999	24999	Complex	Matrix 2	-2.2761432505659447	FALSE	TRUE	TRUE	TRUE
loop_14031	up_in_mutant	0.362894929336085	2.984035831755e-4	Polycomb	Polycomb	494999	659999	494999	Strength Change	Matrix 2	-2.735273361974647	FALSE	FALSE	FALSE	FALSE
loop_14040	up_in_mutant	0.42162206814778	2.567405201115e-4	Poised_Enhancer	Other	0	44999	0	Strength Change	Matrix 2	-2.1280625715549695	TRUE	TRUE	TRUE	TRUE
loop_14076	down_in_mutant	-0.331550253935277	0.0026280903195196	Polycomb	Active_Enhancer	114999	309999	114999	Complex	Matrix 2	-2.017895941733277	FALSE	FALSE	FALSE	FALSE
loop_14135	up_in_mutant	0.443372488853975	4.021693230203e-4	Polycomb	Other	54999	54999	54999	Complex	Matrix 2	-2.9467093041681856	FALSE	FALSE	FALSE	TRUE
loop_14136	down_in_mutant	-0.360601189016308	0.0080622339404029	Other	Poised_Enhancer	129999	369999	129999	Shifted	Matrix 2	-3.2991046786766893	FALSE	FALSE	FALSE	FALSE
loop_14363	up_in_mutant	0.304991530652003	3.311903298984e-4	Polycomb	Polycomb	404999	179999	179999	Complex	Matrix 2	-2.471379414205052	FALSE	FALSE	FALSE	FALSE
loop_14394	up_in_mutant	0.314049808144917	6.429850494254e-4	Polycomb	Polycomb	909999	9999	9999	Shifted	Matrix 2	-2.8248490080233424	TRUE	TRUE	TRUE	TRUE
loop_14444	up_in_mutant	0.394288976049182	1.035839105047e-4	Polycomb	Other	369999	339999	339999	Strength Change	Matrix 1	2.257209710876516	FALSE	FALSE	FALSE	FALSE
loop_14481	up_in_mutant	0.378736883058441	8.615786478221e-4	Other	Other	369999	674999	369999	Strength Change	Matrix 1	2.714648330502463	FALSE	FALSE	FALSE	FALSE
loop_14487	down_in_mutant	-0.32413561176378197	4.994598044006e-4	Active_Enhancer	Poised_Enhancer	0	404999	0	Strength Change	Matrix 1	2.356400553823324	TRUE	TRUE	TRUE	TRUE
loop_14509	up_in_mutant	0.307408201137069	6.580986817672e-4	Polycomb	Repressed_Promoter	714999	414999	414999	Split	Matrix 1	2.824068643092717	FALSE	FALSE	FALSE	FALSE
loop_14534	down_in_mutant	-0.343657607827369	4.705794079349e-4	Active_Promoter	Active_Promoter	29999	54999	29999	Strength Change	Matrix 1	3.720568605323859	FALSE	FALSE	TRUE	TRUE
loop_14551	up_in_mutant	0.464978924114723	7.08749747252133e-5	Polycomb	Polycomb	899999	714999	714999	Split	Matrix 1	2.824068643092717	FALSE	FALSE	FALSE	FALSE
loop_14557	up_in_mutant	0.300162901068002	0.0053553475040125	Repressed_Promoter	Other	119999	619999	119999	Strength Change	Matrix 1	2.879767266104316	FALSE	FALSE	FALSE	FALSE
loop_14561	up_in_mutant	0.491238956518011	9.86272837525858e-6	Other	Other	119999	19999	19999	Complex	Matrix 2	-7.921618790563465	FALSE	TRUE	TRUE	TRUE
loop_14610	up_in_mutant	0.379938596894477	6.379050508484e-4	Active_Enhancer	Polycomb	139999	29999	29999	Split	Matrix 1	2.391921820748105	FALSE	FALSE	TRUE	TRUE
loop_14618	down_in_mutant	-0.536300104053585	6.496544239805e-4	Poised_Enhancer	Active_Enhancer	64999	414999	64999	Split	Matrix 1	2.9162338125749727	FALSE	FALSE	FALSE	TRUE
loop_14620	down_in_mutant	-0.418256156590492	7.998174324988e-4	Other	Other	44999	589999	44999	Complex	Matrix 2	-7.921618790563465	FALSE	FALSE	TRUE	TRUE
loop_14623	down_in_mutant	-0.617617780486554	1.038989195203e-4	Active_Enhancer	Active_Promoter	439999	89999	89999	Split	Matrix 1	4.809484322084695	FALSE	FALSE	FALSE	TRUE
loop_14839	up_in_mutant	0.310536850047138	0.0015924906737911	Active_Promoter	Active_Promoter	634999	434999	434999	Merge	Matrix 2	-2.1767904381234726	FALSE	FALSE	FALSE	FALSE
loop_14861	up_in_mutant	0.361975411822245	1.62808158365e-4	Polycomb	Polycomb	359999	709999	359999	Merge	Matrix 2	-2.522513317082805	FALSE	FALSE	FALSE	FALSE
loop_14949	up_in_mutant	0.320395121182428	1.800657231761e-4	Repressed_Promoter	Poised_Enhancer	0	219999	0	Strength Change	Matrix 2	-4.210219672749965	TRUE	TRUE	TRUE	TRUE
loop_15008	up_in_mutant	0.329113614154624	5.118962765776e-4	Polycomb	Other	144999	399999	144999	Split	Matrix 1	2.7700628168446557	FALSE	FALSE	FALSE	FALSE
loop_15012	down_in_mutant	-0.302664865413099	0.0039219686146522	Active_Promoter	Active_Enhancer	109999	219999	109999	Merge	Matrix 2	-2.109172966621626	FALSE	FALSE	FALSE	FALSE
loop_15017	up_in_mutant	0.403219025984445	1.333029491885e-4	Other	Polycomb	574999	324999	324999	Strength Change	Matrix 2	-4.61006499555424	FALSE	FALSE	FALSE	FALSE
loop_15032	down_in_mutant	-0.421607572107957	0.0028750589263049	Poised_Enhancer	Other	509999	69999	69999	Strength Change	Matrix 2	-2.213041678490968	FALSE	FALSE	FALSE	TRUE
loop_15077	down_in_mutant	-0.317211181810499	0.0032422434792049	Active_Promoter	Poised_Enhancer	34999	4999	4999	Merge	Matrix 2	-2.109172966621626	TRUE	TRUE	TRUE	TRUE
loop_15080	up_in_mutant	0.324534698056996	0.0028316273178268	Repressed_Promoter	Other	0	664999	0	Strength Change	Matrix 2	-2.111041568192056	TRUE	TRUE	TRUE	TRUE
loop_15098	up_in_mutant	0.301273233207887	0.0195233981618911	Other	Poised_Enhancer	159999	1209999	159999	Split	Matrix 1	3.0988216381021276	FALSE	FALSE	FALSE	FALSE
loop_15100	up_in_mutant	0.303217391462154	0.0046652073988943	Other	Active_Enhancer	0	279999	0	Merge	Matrix 2	-2.936985739723681	TRUE	TRUE	TRUE	TRUE
loop_15101	down_in_mutant	-0.378371159761301	6.583480486797e-4	Other	Repressed_Promoter	419999	139999	139999	Split	Matrix 1	4.313819832745336	FALSE	FALSE	FALSE	FALSE
loop_15122	down_in_mutant	-0.510299641634707	0.0069373101943978	Other	Poised_Enhancer	379999	54999	54999	Split	Matrix 1	2.4735545123596387	FALSE	FALSE	FALSE	TRUE
loop_15126	up_in_mutant	0.510809412388503	0.0015420149800646	Other	Other	0	324999	0	Merge	Matrix 2	-2.936985739723681	TRUE	TRUE	TRUE	TRUE
loop_15250	down_in_mutant	-0.335430088897518	1.94104673119e-4	Active_Enhancer	Active_Enhancer	0	14999	0	Split	Matrix 1	6.4599033688588765	TRUE	TRUE	TRUE	TRUE
loop_15295	down_in_mutant	-0.48080505451584	5.65356025075646e-5	Polycomb	Repressed_Promoter	229999	19999	19999	Merge	Matrix 2	-2.1100274072929013	FALSE	TRUE	TRUE	TRUE
loop_15305	down_in_mutant	-0.369087680458238	1.737968587908e-4	Active_Promoter	Active_Enhancer	99999	14999	14999	Split	Matrix 1	4.644846394703352	FALSE	TRUE	TRUE	TRUE
loop_15341	down_in_mutant	-0.429102197530757	4.405057139421e-4	Active_Enhancer	Active_Promoter	0	214999	0	Strength Change	Matrix 1	2.1503563646441815	TRUE	TRUE	TRUE	TRUE
loop_15357	up_in_mutant	0.304735804676173	5.652245030257e-4	Active_Promoter	Other	1144999	719999	719999	Shifted	Matrix 1	3.806538181846743	FALSE	FALSE	FALSE	FALSE
loop_15379	up_in_mutant	0.437850903296424	4.62753843588564e-5	Repressed_Promoter	Poised_Enhancer	0	319999	0	Merge	Matrix 2	-2.1100274072929013	TRUE	TRUE	TRUE	TRUE
loop_15407	up_in_mutant	0.331011554600392	3.100706270713e-4	Poised_Enhancer	Poised_Enhancer	1549999	1379999	1379999	Strength Change	Matrix 2	-2.6703859464941835	FALSE	FALSE	FALSE	FALSE
loop_15412	down_in_mutant	-0.345097384687407	1.41763506787e-4	Poised_Enhancer	Active_Enhancer	9999	0	0	Strength Change	Matrix 1	2.954934911513941	TRUE	TRUE	TRUE	TRUE
loop_15426	up_in_mutant	0.321634070323072	7.484885687323e-4	Polycomb	Poised_Enhancer	114999	339999	114999	Complex	Matrix 2	-2.0106105520242914	FALSE	FALSE	FALSE	FALSE
loop_15452	down_in_mutant	-0.311059096421398	4.343327079645e-4	Poised_Enhancer	Active_Enhancer	0	39999	0	Shifted	Matrix 1	2.5313582957776335	TRUE	TRUE	TRUE	TRUE
loop_15459	down_in_mutant	-0.391372107228857	2.831295293004e-4	Other	Other	249999	89999	89999	Split	Matrix 1	6.411782545881877	FALSE	FALSE	FALSE	TRUE
loop_15469	down_in_mutant	-0.332485786987511	0.0033793984986971	Poised_Enhancer	Other	89999	339999	89999	Strength Change	Matrix 2	-2.4372376557791826	FALSE	FALSE	FALSE	TRUE
loop_15505	down_in_mutant	-0.325603680779476	0.001990107562797	Active_Enhancer	Active_Promoter	0	214999	0	Merge	Matrix 2	-2.740050807085134	TRUE	TRUE	TRUE	TRUE
loop_15524	up_in_mutant	0.339303627295983	7.242304309119e-4	Repressed_Promoter	Active_Promoter	0	444999	0	Merge	Matrix 2	-2.1100274072929013	TRUE	TRUE	TRUE	TRUE
loop_15525	down_in_mutant	-0.6421898607053	9.20385054741769e-5	Repressed_Promoter	Polycomb	134999	204999	134999	Strength Change	Matrix 1	2.62834140673245	FALSE	FALSE	FALSE	FALSE
loop_15538	down_in_mutant	-0.328405182605692	0.0026729390723695	Poised_Enhancer	Active_Promoter	149999	214999	149999	Merge	Matrix 2	-2.740050807085134	FALSE	FALSE	FALSE	FALSE
loop_15577	down_in_mutant	-0.449012259375589	3.557328607684e-4	Poised_Enhancer	Other	29999	179999	29999	Shifted	Matrix 2	-2.520845260595394	FALSE	FALSE	TRUE	TRUE
loop_15581	up_in_mutant	0.371638117900824	4.144440333037e-4	Poised_Enhancer	Repressed_Promoter	0	349999	0	Merge	Matrix 2	-5.3193303271907135	TRUE	TRUE	TRUE	TRUE
loop_15599	down_in_mutant	-0.38635253715479	5.092808940707e-4	Active_Promoter	Poised_Enhancer	204999	0	0	Strength Change	Matrix 1	2.164332971434744	TRUE	TRUE	TRUE	TRUE
loop_15615	up_in_mutant	0.342350373900282	7.042085800119e-4	Poised_Enhancer	Other	0	199999	0	Merge	Matrix 2	-5.3193303271907135	TRUE	TRUE	TRUE	TRUE
loop_15634	up_in_mutant	0.41733910888756	1.122644813219e-4	Poised_Enhancer	Other	0	0	0	Merge	Matrix 2	-5.3193303271907135	TRUE	TRUE	TRUE	TRUE
loop_15649	down_in_mutant	-0.404476686439515	0.001610419592001	Poised_Enhancer	Other	369999	0	0	Complex	Matrix 2	-16.15870165350244	TRUE	TRUE	TRUE	TRUE
loop_15653	down_in_mutant	-0.37981255115793	0.0028256581235514	Poised_Enhancer	Other	4999	254999	4999	Split	Matrix 1	2.036377813204156	TRUE	TRUE	TRUE	TRUE
loop_15657	down_in_mutant	-0.527158822803585	3.024345012259e-4	Polycomb	Other	0	254999	0	Strength Change	Matrix 2	-2.182033449093358	TRUE	TRUE	TRUE	TRUE
loop_15717	up_in_mutant	0.350375209254974	4.518536172218e-4	Poised_Enhancer	Poised_Enhancer	109999	69999	69999	Strength Change	Matrix 2	-5.521628577077614	FALSE	FALSE	FALSE	TRUE
loop_15772	up_in_mutant	0.328780868596009	0.0016140558077295	Poised_Enhancer	Repressed_Promoter	0	89999	0	Merge	Matrix 2	-2.0581289164897596	TRUE	TRUE	TRUE	TRUE
loop_15843	up_in_mutant	0.457957353532538	9.074972146542e-4	Polycomb	Polycomb	1889999	1289999	1289999	Split	Matrix 1	4.074379987186409	FALSE	FALSE	FALSE	FALSE
loop_15868	up_in_mutant	0.307464658200641	8.173847587289e-4	Poised_Enhancer	Repressed_Promoter	0	119999	0	Merge	Matrix 2	-2.010326844495693	TRUE	TRUE	TRUE	TRUE
loop_15922	down_in_mutant	-0.302264847422277	0.0032953621772295	Other	Other	669999	519999	519999	Strength Change	Matrix 1	4.020774141763551	FALSE	FALSE	FALSE	FALSE
loop_15937	up_in_mutant	0.450429920413508	1.308357457065e-4	Other	Other	914999	689999	689999	Strength Change	Matrix 2	-2.4235668545468627	FALSE	FALSE	FALSE	FALSE
loop_15970	up_in_mutant	0.442057883605641	1.62808158365e-4	Polycomb	Polycomb	339999	69999	69999	Shifted	Matrix 1	2.270177942288199	FALSE	FALSE	FALSE	TRUE
loop_15992	up_in_mutant	0.378658219810154	0.0023796297078981	Polycomb	Polycomb	339999	0	0	Shifted	Matrix 2	-4.6166333935074695	TRUE	TRUE	TRUE	TRUE
loop_16013	up_in_mutant	0.326727801668916	0.0037986087085376	Polycomb	Poised_Enhancer	1754999	1454999	1454999	Strength Change	Matrix 1	2.644087617591807	FALSE	FALSE	FALSE	FALSE
loop_16016	up_in_mutant	0.344219137007708	0.0031505583460589	Other	Other	484999	859999	484999	Strength Change	Matrix 2	-2.006791851794423	FALSE	FALSE	FALSE	FALSE
loop_16060	up_in_mutant	0.90945587138535	9.86272837525858e-6	Polycomb	Repressed_Promoter	2104999	1279999	1279999	Split	Matrix 1	2.0569923671264547	FALSE	FALSE	FALSE	FALSE
loop_16063	down_in_mutant	-0.306989270547844	0.0122434808428723	Other	Active_Enhancer	1804999	2379999	1804999	Split	Matrix 1	2.0147007157366317	FALSE	FALSE	FALSE	FALSE
loop_16090	up_in_mutant	0.486181026725038	4.062870215233e-4	Other	Polycomb	389999	24999	24999	Merge	Matrix 2	-3.00374886055434	FALSE	TRUE	TRUE	TRUE
loop_16092	up_in_mutant	0.332027792446016	0.0161456211452485	Repressed_Promoter	Other	159999	559999	159999	Merge	Matrix 2	-2.067617980038827	FALSE	FALSE	FALSE	FALSE
loop_16103	down_in_mutant	-0.601033002090537	4.876843261904e-4	Polycomb	Polycomb	24999	59999	24999	Strength Change	Matrix 2	-2.09070200323818	FALSE	TRUE	TRUE	TRUE
loop_16104	up_in_mutant	0.398693818693327	0.0052997283920452	Poised_Enhancer	Other	0	374999	0	Complex	Matrix 2	-2.9944723454723237	TRUE	TRUE	TRUE	TRUE
loop_16105	up_in_mutant	0.428204881048744	0.0051312552486174	Repressed_Promoter	Repressed_Promoter	2189999	3039999	2189999	Strength Change	Matrix 1	2.818295797198107	FALSE	FALSE	FALSE	FALSE
loop_16121	down_in_mutant	-0.322860465508609	0.0245112043822685	Other	Other	1389999	54999	54999	Merge	Matrix 2	-3.206925670437452	FALSE	FALSE	FALSE	TRUE
loop_16122	down_in_mutant	-0.303392304937374	0.0227728885331703	Other	Poised_Enhancer	269999	184999	184999	Strength Change	Matrix 2	-4.206700506369612	FALSE	FALSE	FALSE	FALSE
loop_16124	up_in_mutant	0.438983586723074	0.0034860017579473	Polycomb	Repressed_Promoter	1569999	1279999	1279999	Split	Matrix 1	2.0569923671264547	FALSE	FALSE	FALSE	FALSE
loop_16134	up_in_mutant	0.415466454752299	0.00260188872332	Other	Other	2814999	1039999	1039999	Split	Matrix 1	4.074379987186409	FALSE	FALSE	FALSE	FALSE
loop_16135	down_in_mutant	-0.522282720562657	0.0013219038940747	Other	Repressed_Promoter	309999	29999	29999	Split	Matrix 1	2.0147007157366317	FALSE	FALSE	TRUE	TRUE
loop_16137	down_in_mutant	-0.322420460710351	0.0095384410119206	Repressed_Promoter	Other	1204999	334999	334999	Strength Change	Matrix 2	-2.83830338602563	FALSE	FALSE	FALSE	FALSE
loop_16141	down_in_mutant	-0.824200362858701	0.0022166926976397	Polycomb	Polycomb	69999	24999	24999	Strength Change	Matrix 2	-2.09070200323818	FALSE	TRUE	TRUE	TRUE
loop_16145	down_in_mutant	-0.405907589083123	0.0241065806547433	Polycomb	Repressed_Promoter	639999	3064999	639999	Strength Change	Matrix 1	2.818295797198107	FALSE	FALSE	FALSE	FALSE
loop_16394	up_in_mutant	0.334697608315768	1.126055228043e-4	Poised_Enhancer	Other	29999	104999	29999	Split	Matrix 1	2.0419286701865444	FALSE	FALSE	TRUE	TRUE
loop_16428	up_in_mutant	0.319422903052932	5.176611280326e-4	Poised_Enhancer	Repressed_Promoter	0	404999	0	Shifted	Matrix 2	-2.3638391570653416	TRUE	TRUE	TRUE	TRUE
loop_16451	up_in_mutant	0.477999024470088	1.935370444238e-4	Polycomb	Poised_Enhancer	0	369999	0	Strength Change	Matrix 2	-2.2012874168928125	TRUE	TRUE	TRUE	TRUE
loop_16455	down_in_mutant	-0.330367802458661	2.659649877716e-4	Active_Enhancer	Active_Promoter	764999	189999	189999	Merge	Matrix 2	-3.735858328626135	FALSE	FALSE	FALSE	FALSE
loop_16479	down_in_mutant	-0.602087166316014	5.9846921149292e-5	Active_Enhancer	Active_Enhancer	9999	914999	9999	Strength Change	Matrix 1	2.784887379717508	TRUE	TRUE	TRUE	TRUE
loop_16489	up_in_mutant	0.362533227399026	2.180743660542e-4	Active_Enhancer	Poised_Enhancer	0	154999	0	Strength Change	Matrix 1	2.6671634832909334	TRUE	TRUE	TRUE	TRUE
loop_16511	down_in_mutant	-0.369654261258687	0.0017472943431299	Repressed_Promoter	Other	19999	114999	19999	Strength Change	Matrix 1	3.2183435864427796	FALSE	TRUE	TRUE	TRUE
loop_16577	up_in_mutant	0.381283509487173	0.0013710826767742	Poised_Enhancer	Active_Enhancer	974999	199999	199999	Merge	Matrix 2	-2.538762814655706	FALSE	FALSE	FALSE	FALSE
loop_16641	up_in_mutant	0.341766777807013	5.652245030257e-4	Polycomb	Polycomb	379999	39999	39999	Split	Matrix 1	2.5735361198515534	FALSE	FALSE	TRUE	TRUE
loop_16653	up_in_mutant	0.305679033013639	0.0014138884976865	Other	Other	109999	39999	39999	Merge	Matrix 2	-2.668784314916656	FALSE	FALSE	TRUE	TRUE
loop_16670	up_in_mutant	0.440856715407876	3.656151699813e-4	Other	Poised_Enhancer	39999	59999	39999	Strength Change	Matrix 2	-2.560930818914133	FALSE	FALSE	TRUE	TRUE
loop_16678	down_in_mutant	-0.613013101296486	1.849295700813e-4	Poised_Enhancer	Polycomb	0	324999	0	Strength Change	Matrix 1	3.0230167955569	TRUE	TRUE	TRUE	TRUE
loop_16685	down_in_mutant	-0.358432363001535	0.0131509359112793	Poised_Enhancer	Other	199999	19999	19999	Strength Change	Matrix 2	-2.935501011905173	FALSE	TRUE	TRUE	TRUE
loop_16772	down_in_mutant	-0.933476476759259	0.0073844857055985	Repressed_Promoter	Repressed_Promoter	0	754999	0	Split	Matrix 1	2.5974657257648572	TRUE	TRUE	TRUE	TRUE
loop_16827	down_in_mutant	-0.54567104477985	2.908472456139e-4	Active_Enhancer	Active_Enhancer	0	54999	0	Strength Change	Matrix 1	2.4498781214655705	TRUE	TRUE	TRUE	TRUE
loop_16851	up_in_mutant	0.36608490541817	7.484885687323e-4	Polycomb	Other	344999	129999	129999	Split	Matrix 1	2.291110084875446	FALSE	FALSE	FALSE	FALSE
loop_16855	up_in_mutant	0.69846079005087	5.12963600116026e-5	Other	Other	484999	129999	129999	Strength Change	Matrix 2	-2.3910862835033906	FALSE	FALSE	FALSE	FALSE
loop_16862	down_in_mutant	-0.764695540079103	0.0031595960308496	Repressed_Promoter	Repressed_Promoter	0	14999	0	Strength Change	Matrix 2	-2.0580187692181178	TRUE	TRUE	TRUE	TRUE
loop_16898	up_in_mutant	0.356058151486337	7.47899478471192e-5	Repressed_Promoter	Other	369999	0	0	Strength Change	Matrix 2	-2.008058048980262	TRUE	TRUE	TRUE	TRUE
loop_16912	up_in_mutant	0.313236040701565	7.026440024327e-4	Other	Other	24999	279999	24999	Strength Change	Matrix 1	3.6472841836897	FALSE	TRUE	TRUE	TRUE
loop_16935	up_in_mutant	0.307478834714323	0.0016320900753162	Poised_Enhancer	Other	9999	384999	9999	Merge	Matrix 2	-2.1687927299035024	TRUE	TRUE	TRUE	TRUE
loop_16936	down_in_mutant	-0.582502556085956	2.45354411528528e-5	Other	Poised_Enhancer	409999	0	0	Strength Change	Matrix 2	-2.063211255026801	TRUE	TRUE	TRUE	TRUE
loop_16952	down_in_mutant	-0.344964140355771	0.0041445953322108	Poised_Enhancer	Poised_Enhancer	0	319999	0	Strength Change	Matrix 2	-2.063211255026801	TRUE	TRUE	TRUE	TRUE
loop_16955	up_in_mutant	0.507490007635406	9.043209894057e-4	Other	Other	279999	114999	114999	Merge	Matrix 2	-2.129057026340826	FALSE	FALSE	FALSE	FALSE
loop_16999	down_in_mutant	-0.309811170641274	7.240656519902e-4	Poised_Enhancer	Other	149999	34999	34999	Strength Change	Matrix 1	2.2388566086598205	FALSE	FALSE	TRUE	TRUE
loop_17014	up_in_mutant	0.764543265979443	1.27408000444312e-5	Other	Other	9999	199999	9999	Merge	Matrix 2	-3.799144961715485	TRUE	TRUE	TRUE	TRUE
loop_17015	down_in_mutant	-0.398732159621366	2.984841847031e-4	Poised_Enhancer	Other	0	374999	0	Strength Change	Matrix 1	3.179608690106335	TRUE	TRUE	TRUE	TRUE
loop_17033	down_in_mutant	-0.406452281368844	0.0104115964971397	Repressed_Promoter	Repressed_Promoter	464999	374999	374999	Merge	Matrix 2	-3.0044318710128075	FALSE	FALSE	FALSE	FALSE
loop_17034	down_in_mutant	-0.318437063572701	0.0248606428029422	Active_Promoter	Active_Promoter	309999	499999	309999	Strength Change	Matrix 1	2.3232336068224217	FALSE	FALSE	FALSE	FALSE
loop_17041	down_in_mutant	-0.908837786569824	0.0224676002514379	Repressed_Promoter	Repressed_Promoter	89999	49999	49999	Merge	Matrix 2	-3.3700216962789	FALSE	FALSE	TRUE	TRUE
loop_17042	down_in_mutant	-0.916649955450003	0.0050227459632773	Polycomb	Repressed_Promoter	529999	49999	49999	Merge	Matrix 2	-3.3700216962789	FALSE	FALSE	TRUE	TRUE
loop_17078	down_in_mutant	-0.444584750535899	1.912449142094e-4	Active_Enhancer	Poised_Enhancer	574999	244999	244999	Strength Change	Matrix 1	2.4568731715603347	FALSE	FALSE	FALSE	FALSE
loop_17082	down_in_mutant	-0.361100265806472	5.277549790383e-4	Poised_Enhancer	Active_Enhancer	414999	164999	164999	Split	Matrix 1	2.605681657340411	FALSE	FALSE	FALSE	FALSE
loop_17087	down_in_mutant	-0.439299974659735	5.040526531367e-4	Poised_Enhancer	Active_Enhancer	614999	139999	139999	Split	Matrix 1	2.605681657340411	FALSE	FALSE	FALSE	FALSE
loop_17092	down_in_mutant	-0.390513042053674	0.001178823468051	Active_Enhancer	Active_Enhancer	164999	164999	164999	Strength Change	Matrix 2	-2.170650470578021	FALSE	FALSE	FALSE	FALSE
loop_17094	down_in_mutant	-0.328608017752515	0.0031114027384096	Other	Poised_Enhancer	264999	79999	79999	Strength Change	Matrix 1	2.2824278473060167	FALSE	FALSE	FALSE	TRUE
loop_17098	down_in_mutant	-0.373322704154028	0.0018776437102891	Active_Promoter	Active_Promoter	289999	0	0	Complex	Matrix 1	5.4016423600764965	TRUE	TRUE	TRUE	TRUE
loop_17100	down_in_mutant	-0.303710413962895	0.0067498499921846	Other	Other	379999	334999	334999	Merge	Matrix 2	-2.92679196279977	FALSE	FALSE	FALSE	FALSE
loop_17105	down_in_mutant	-0.443697088464915	0.0071385416651455	Poised_Enhancer	Active_Enhancer	614999	49999	49999	Strength Change	Matrix 1	2.62398205487147	FALSE	FALSE	TRUE	TRUE
loop_17117	down_in_mutant	-0.331150377874293	0.0027872632059446	Other	Repressed_Promoter	229999	0	0	Strength Change	Matrix 2	-2.0501047790799927	TRUE	TRUE	TRUE	TRUE
loop_17121	down_in_mutant	-0.398962379528533	0.0022424482461821	Other	Poised_Enhancer	69999	254999	69999	Strength Change	Matrix 2	-2.0501047790799927	FALSE	FALSE	FALSE	TRUE
loop_17126	up_in_mutant	0.31505894002663	0.0082651784200938	Other	Polycomb	179999	284999	179999	Strength Change	Matrix 2	-2.3043930175703324	FALSE	FALSE	FALSE	FALSE
loop_17166	up_in_mutant	0.476540647645221	1.06264776632e-4	Polycomb	Other	44999	489999	44999	Strength Change	Matrix 2	-2.43480013070036	FALSE	FALSE	TRUE	TRUE
loop_17192	up_in_mutant	0.340313357602642	0.0032335130740937	Other	Poised_Enhancer	719999	114999	114999	Split	Matrix 1	2.5586225099561593	FALSE	FALSE	FALSE	FALSE
loop_17251	down_in_mutant	-0.331002547845429	0.0030682961222742	Other	Poised_Enhancer	269999	144999	144999	Strength Change	Matrix 1	3.39626732647923	FALSE	FALSE	FALSE	FALSE
loop_17254	up_in_mutant	0.376004743597071	0.0026994173455664	Active_Enhancer	Poised_Enhancer	1574999	24999	24999	Strength Change	Matrix 2	-2.3687374311077427	FALSE	TRUE	TRUE	TRUE
loop_17261	down_in_mutant	-0.403815762604437	0.0030022975365475	Polycomb	Other	589999	134999	134999	Merge	Matrix 2	-2.4803477085880044	FALSE	FALSE	FALSE	FALSE
loop_17308	down_in_mutant	-0.317496051878387	0.0071974251796117	Other	Active_Promoter	194999	324999	194999	Complex	Matrix 1	2.722929824475838	FALSE	FALSE	FALSE	FALSE
loop_17309	down_in_mutant	-0.602401368203532	0.0154295249621794	Poised_Enhancer	Active_Promoter	9999	519999	9999	Strength Change	Matrix 2	-5.556593659749272	TRUE	TRUE	TRUE	TRUE
loop_17312	down_in_mutant	-0.544258436928257	1.388477754494e-4	Other	Other	454999	0	0	Merge	Matrix 2	-2.019849837421321	TRUE	TRUE	TRUE	TRUE
loop_17347	down_in_mutant	-0.301078263588633	0.0014486421201791	Active_Enhancer	Poised_Enhancer	144999	79999	79999	Split	Matrix 1	2.2198517373193583	FALSE	FALSE	FALSE	TRUE
loop_17388	up_in_mutant	0.33181061360447	6.408032758081e-4	Poised_Enhancer	Other	79999	134999	79999	Strength Change	Matrix 1	2.8084044358065223	FALSE	FALSE	FALSE	TRUE
loop_17427	up_in_mutant	0.347455759060306	0.0018479550339189	Repressed_Promoter	Other	524999	89999	89999	Split	Matrix 1	2.148025276693758	FALSE	FALSE	FALSE	TRUE
loop_17440	down_in_mutant	-0.463699878636956	0.0010065584487503	Poised_Enhancer	Active_Enhancer	324999	0	0	Strength Change	Matrix 1	4.099104738275044	TRUE	TRUE	TRUE	TRUE
loop_17451	up_in_mutant	0.309676455406545	0.0166483195254629	Other	Active_Promoter	314999	234999	234999	Shifted	Matrix 1	3.6720189241540946	FALSE	FALSE	FALSE	FALSE
loop_17457	down_in_mutant	-0.649556862662934	0.0011375420157095	Repressed_Promoter	Polycomb	64999	274999	64999	Strength Change	Matrix 1	3.342797894680698	FALSE	FALSE	FALSE	TRUE
loop_17512	up_in_mutant	0.316656070874364	0.006305388570273	Other	Poised_Enhancer	139999	219999	139999	Merge	Matrix 2	-2.0756666509779342	FALSE	FALSE	FALSE	FALSE
loop_17514	down_in_mutant	-0.369205241256814	5.8740328946e-4	Other	Active_Promoter	0	214999	0	Complex	Matrix 1	2.1075678409407637	TRUE	TRUE	TRUE	TRUE
loop_17529	down_in_mutant	-0.841739815728663	0.0015356718429821	Repressed_Promoter	Repressed_Promoter	469999	59999	59999	Strength Change	Matrix 2	-2.152036683103324	FALSE	FALSE	FALSE	TRUE
loop_17530	down_in_mutant	-1.13832226024143	0.0072023414295539	Repressed_Promoter	Repressed_Promoter	774999	59999	59999	Strength Change	Matrix 2	-2.152036683103324	FALSE	FALSE	FALSE	TRUE
loop_17562	up_in_mutant	0.30831818806006	0.0021664537932431	Other	Other	329999	614999	329999	Complex	Matrix 2	-2.036090659113801	FALSE	FALSE	FALSE	FALSE
loop_17626	down_in_mutant	-0.321399821729672	0.001424898443954	Active_Enhancer	Active_Enhancer	0	0	0	Split	Matrix 1	2.4408597701936565	TRUE	TRUE	TRUE	TRUE
loop_17632	up_in_mutant	0.327494804506703	3.024345012259e-4	Poised_Enhancer	Bivalent_Promoter	889999	0	0	Strength Change	Matrix 2	-2.418410795762388	TRUE	TRUE	TRUE	TRUE
loop_17665	up_in_mutant	0.491370287175099	2.64687340908041e-5	Active_Enhancer	Active_Enhancer	49999	249999	49999	Strength Change	Matrix 2	-2.4791721386125243	FALSE	FALSE	TRUE	TRUE
loop_17676	down_in_mutant	-0.471136177665342	7.451482034899e-4	Repressed_Promoter	Repressed_Promoter	104999	104999	104999	Strength Change	Matrix 1	3.6139879048948744	FALSE	FALSE	FALSE	FALSE
loop_17711	up_in_mutant	0.30025417719043	0.0051758904956889	Polycomb	Other	NA	NA	NA	NA	NA	NA	NA	NA	NA	NA
loop_17740	up_in_mutant	0.47821083518388	2.659649877716e-4	Other	Other	NA	NA	NA	NA	NA	NA	NA	NA	NA	NA
loop_17745	down_in_mutant	-0.316913885102029	0.0119453513840867	Poised_Enhancer	Active_Enhancer	NA	NA	NA	NA	NA	NA	NA	NA	NA	NA
loop_17820	up_in_mutant	0.359776678602363	2.984035831755e-4	Poised_Enhancer	Poised_Enhancer	39999	0	0	Strength Change	Matrix 2	-2.310044751868802	TRUE	TRUE	TRUE	TRUE
loop_17827	up_in_mutant	0.456930716562752	8.149382178209e-5	Polycomb	Polycomb	54999	159999	54999	Split	Matrix 1	2.4598364902779286	FALSE	FALSE	FALSE	TRUE
loop_17830	down_in_mutant	-0.328433697244293	0.0015944132143561	Poised_Enhancer	Active_Enhancer	299999	204999	204999	Shifted	Matrix 2	-3.307997620058332	FALSE	FALSE	FALSE	FALSE
loop_17846	up_in_mutant	0.307159934040337	0.0091150426965799	Repressed_Promoter	Active_Promoter	329999	44999	44999	Split	Matrix 1	4.553324220649828	FALSE	FALSE	TRUE	TRUE
loop_17879	down_in_mutant	-0.644554923281058	0.0037648533964592	Polycomb	Polycomb	4999	0	0	Complex	Matrix 2	-5.202509595533201	TRUE	TRUE	TRUE	TRUE
loop_17880	down_in_mutant	-0.779559016447666	0.0013838695681547	Repressed_Promoter	Repressed_Promoter	89999	89999	89999	Merge	Matrix 2	-3.556210016352096	FALSE	FALSE	FALSE	TRUE
loop_17903	up_in_mutant	0.402598384994012	4.32353652776555e-5	Polycomb	Other	0	19999	0	Complex	Matrix 2	-15.531442016607434	TRUE	TRUE	TRUE	TRUE
loop_17922	up_in_mutant	0.331592910977877	5.191580106541e-4	Polycomb	Repressed_Promoter	689999	414999	414999	Split	Matrix 1	2.824068643092717	FALSE	FALSE	FALSE	FALSE
loop_17935	down_in_mutant	-0.591953899539097	8.54225207048872e-5	Poised_Enhancer	Active_Enhancer	414999	439999	414999	Split	Matrix 1	2.395636416661328	FALSE	FALSE	FALSE	FALSE
loop_17939	up_in_mutant	0.30897499393069	5.179177040378e-4	Other	Active_Promoter	84999	29999	29999	Strength Change	Matrix 2	-2.8053096420645827	FALSE	FALSE	TRUE	TRUE
loop_17950	up_in_mutant	0.329933433154421	0.0027872632059446	Repressed_Promoter	Active_Promoter	44999	319999	44999	Strength Change	Matrix 1	4.074864418196028	FALSE	FALSE	TRUE	TRUE
loop_17973	up_in_mutant	0.307751815177694	0.0069288486917514	Repressed_Promoter	Other	1159999	879999	879999	Merge	Matrix 2	-2.0328432724269834	FALSE	FALSE	FALSE	FALSE
loop_17997	down_in_mutant	-0.823188920724708	3.208074576402e-4	Repressed_Promoter	Repressed_Promoter	469999	4999	4999	Merge	Matrix 2	-2.1203482012229644	TRUE	TRUE	TRUE	TRUE
loop_18053	down_in_mutant	-0.30797880981345	0.0015080489272776	Other	Active_Enhancer	84999	219999	84999	Merge	Matrix 2	-2.109172966621626	FALSE	FALSE	FALSE	TRUE
loop_18084	up_in_mutant	0.38848346104785503	0.0012204167492256	Poised_Enhancer	Repressed_Promoter	59999	394999	59999	Strength Change	Matrix 2	-2.0202076798516884	FALSE	FALSE	FALSE	TRUE
loop_18097	down_in_mutant	-0.468984760584422	0.0033533340440005	Other	Poised_Enhancer	0	29999	0	Strength Change	Matrix 2	-2.089809608950171	TRUE	TRUE	TRUE	TRUE
loop_18099	up_in_mutant	0.324921935565885	0.0294358094453443	Other	Other	189999	24999	24999	Complex	Matrix 2	-2.968647529244274	FALSE	TRUE	TRUE	TRUE
loop_18145	down_in_mutant	-0.859121441803188	9.86272837525858e-6	Repressed_Promoter	Repressed_Promoter	134999	19999	19999	Merge	Matrix 2	-2.1100274072929013	FALSE	TRUE	TRUE	TRUE
loop_18167	up_in_mutant	0.363213650564343	3.411802506771e-4	Other	Poised_Enhancer	284999	784999	284999	Merge	Matrix 2	-3.1489047382534467	FALSE	FALSE	FALSE	FALSE
loop_18252	up_in_mutant	0.342659614928946	7.026440024327e-4	Other	Poised_Enhancer	94999	0	0	Merge	Matrix 2	-2.0581289164897596	TRUE	TRUE	TRUE	TRUE
loop_18286	up_in_mutant	0.404993940357671	0.0030702661273378	Polycomb	Polycomb	1569999	2104999	1569999	Shifted	Matrix 1	2.270177942288199	FALSE	FALSE	FALSE	FALSE
loop_18294	down_in_mutant	-0.439355991430169	0.0010026788943596	Other	Repressed_Promoter	184999	29999	29999	Split	Matrix 1	2.0147007157366317	FALSE	FALSE	TRUE	TRUE
loop_18296	up_in_mutant	0.386022483284669	0.0036090589637566	Other	Polycomb	514999	0	0	Shifted	Matrix 2	-4.6166333935074695	TRUE	TRUE	TRUE	TRUE
loop_18305	up_in_mutant	0.373244027443838	0.0041521714019159	Poised_Enhancer	Other	2789999	1039999	1039999	Split	Matrix 1	4.074379987186409	FALSE	FALSE	FALSE	FALSE
loop_18370	up_in_mutant	0.36545995646621	5.087698712686e-4	Poised_Enhancer	Active_Enhancer	429999	399999	399999	Merge	Matrix 2	-2.332679073798321	FALSE	FALSE	FALSE	FALSE
loop_18378	down_in_mutant	-0.803029541121367	2.90106265499192e-6	Poised_Enhancer	Poised_Enhancer	0	84999	0	Merge	Matrix 2	-2.082686097765471	TRUE	TRUE	TRUE	TRUE
loop_18385	up_in_mutant	0.372761883786238	6.583480486797e-4	Other	Polycomb	319999	0	0	Complex	Matrix 1	3.1036628947645464	TRUE	TRUE	TRUE	TRUE
loop_18396	down_in_mutant	-0.380859037307735	0.0107201178948012	Polycomb	Other	1524999	1004999	1004999	Split	Matrix 1	3.02061659868	FALSE	FALSE	FALSE	FALSE
loop_18397	up_in_mutant	0.398650743998163	0.0017477161504125	Other	Other	199999	274999	199999	Shifted	Matrix 2	-2.925583692664471	FALSE	FALSE	FALSE	FALSE
loop_18402	down_in_mutant	-1.26705925284889	1.038989195203e-4	Repressed_Promoter	Polycomb	234999	449999	234999	Split	Matrix 1	2.1430873224055675	FALSE	FALSE	FALSE	FALSE
loop_18423	down_in_mutant	-0.314047951822762	0.0026729390723695	Active_Enhancer	Other	0	4999	0	Strength Change	Matrix 2	-3.194429052983254	TRUE	TRUE	TRUE	TRUE
loop_18427	up_in_mutant	0.328485437800389	8.709496013915e-4	Other	Other	49999	89999	49999	Complex	Matrix 2	-4.896833518087421	FALSE	FALSE	TRUE	TRUE
loop_18432	up_in_mutant	0.305478557930776	0.0027855448445117	Poised_Enhancer	Bivalent_Promoter	39999	19999	19999	Complex	Matrix 1	4.641126280807499	FALSE	TRUE	TRUE	TRUE
loop_18438	down_in_mutant	-0.399937851717822	0.0060903313327973	Poised_Enhancer	Polycomb	0	354999	0	Merge	Matrix 2	-2.262129061675376	TRUE	TRUE	TRUE	TRUE
loop_18467	up_in_mutant	0.36653532952907	3.596894484716e-4	Polycomb	Polycomb	49999	164999	49999	Split	Matrix 1	2.5974657257648572	FALSE	FALSE	TRUE	TRUE
loop_18470	up_in_mutant	0.382969327804174	1.892241309875e-4	Repressed_Promoter	Repressed_Promoter	329999	754999	329999	Merge	Matrix 2	-2.0104810803943187	FALSE	FALSE	FALSE	FALSE
loop_18532	up_in_mutant	0.383779529619087	1.21646956434e-4	Polycomb	Other	0	459999	0	Merge	Matrix 2	-3.494901996015954	TRUE	TRUE	TRUE	TRUE
loop_18542	down_in_mutant	-0.823297373884837	0.0061744764827128	Repressed_Promoter	Repressed_Promoter	79999	619999	79999	Merge	Matrix 2	-3.2122890555910537	FALSE	FALSE	FALSE	TRUE
loop_18578	up_in_mutant	0.54076066063567	9.86272837525858e-6	Polycomb	Polycomb	34999	49999	34999	Strength Change	Matrix 2	-2.5163737783848705	FALSE	FALSE	TRUE	TRUE
loop_18598	down_in_mutant	-0.465288004966291	4.330375081121e-4	Poised_Enhancer	Other	0	924999	0	Strength Change	Matrix 2	-2.063211255026801	TRUE	TRUE	TRUE	TRUE
loop_18633	down_in_mutant	-0.350374470365354	1.924221854335e-4	Poised_Enhancer	Other	174999	34999	34999	Strength Change	Matrix 1	2.2388566086598205	FALSE	FALSE	TRUE	TRUE
loop_18638	down_in_mutant	-0.332721278696541	0.0067430856114179	Other	Active_Enhancer	879999	64999	64999	Merge	Matrix 2	-4.211123386403107	FALSE	FALSE	FALSE	TRUE
loop_18640	down_in_mutant	-0.344012527820986	0.0060471684551735	Active_Promoter	Other	124999	0	0	Shifted	Matrix 1	2.115169629586706	TRUE	TRUE	TRUE	TRUE
loop_18643	down_in_mutant	-0.525642294253882	1.785551407529e-4	Active_Promoter	Active_Promoter	854999	499999	499999	Strength Change	Matrix 1	3.179608690106335	FALSE	FALSE	FALSE	FALSE
loop_18651	down_in_mutant	-0.414986231137361	0.0067887856163544	Repressed_Promoter	Repressed_Promoter	489999	374999	374999	Merge	Matrix 2	-3.0044318710128075	FALSE	FALSE	FALSE	FALSE
loop_18660	down_in_mutant	-0.580480027117217	0.0122843053849863	Active_Promoter	Active_Enhancer	229999	0	0	Strength Change	Matrix 1	3.179608690106335	TRUE	TRUE	TRUE	TRUE
loop_18673	down_in_mutant	-0.375074543640159	6.098317903167e-4	Poised_Enhancer	Active_Enhancer	414999	24999	24999	Strength Change	Matrix 1	2.62398205487147	FALSE	TRUE	TRUE	TRUE
loop_18681	down_in_mutant	-0.485649137589992	0.0016696950665078	Poised_Enhancer	Active_Enhancer	614999	24999	24999	Strength Change	Matrix 1	2.62398205487147	FALSE	TRUE	TRUE	TRUE
loop_18698	up_in_mutant	0.329035035251947	0.0018776437102891	Active_Promoter	Active_Promoter	214999	1314999	214999	Split	Matrix 1	2.588378210959045	FALSE	FALSE	FALSE	FALSE
loop_18715	up_in_mutant	0.337048456639416	2.764990310116e-4	Active_Promoter	Repressed_Promoter	84999	44999	44999	Complex	Matrix 1	2.0904300476002557	FALSE	FALSE	TRUE	TRUE
loop_18872	up_in_mutant	0.350779151030465	2.286997072319e-4	Polycomb	Polycomb	14999	489999	14999	Strength Change	Matrix 2	-4.34586353547168	FALSE	TRUE	TRUE	TRUE
loop_18875	up_in_mutant	0.464297874016149	1.142156486993e-4	Other	Other	214999	0	0	Strength Change	Matrix 2	-2.212528143890182	TRUE	TRUE	TRUE	TRUE
loop_18880	down_in_mutant	-0.326893087991567	0.0034577578894198	Active_Promoter	Active_Enhancer	0	94999	0	Strength Change	Matrix 2	-3.348565886392355	TRUE	TRUE	TRUE	TRUE
loop_18884	up_in_mutant	0.476511975635866	7.042085800119e-4	Polycomb	Repressed_Promoter	294999	254999	254999	Complex	Matrix 2	-10.602625586721892	FALSE	FALSE	FALSE	FALSE
loop_18890	up_in_mutant	0.425086679940678	0.0029296847612	Other	Other	314999	54999	54999	Complex	Matrix 1	2.3942144809768267	FALSE	FALSE	FALSE	TRUE
loop_18996	down_in_mutant	-0.358328843377322	0.0021037262963262	Repressed_Promoter	Repressed_Promoter	0	629999	0	Strength Change	Matrix 2	-2.08275547105523	TRUE	TRUE	TRUE	TRUE
loop_19018	down_in_mutant	-0.403498930464056	7.321599863677e-4	Poised_Enhancer	Other	94999	389999	94999	Shifted	Matrix 1	2.543971025735705	FALSE	FALSE	FALSE	TRUE
loop_19115	up_in_mutant	0.323667488006746	0.001245142516025	Other	Active_Promoter	94999	69999	69999	Merge	Matrix 2	-3.0720681901282023	FALSE	FALSE	FALSE	TRUE
loop_19157	down_in_mutant	-0.615732431751434	0.0015687078466182	Repressed_Promoter	Repressed_Promoter	9999	89999	9999	Complex	Matrix 2	-5.202509595533201	TRUE	TRUE	TRUE	TRUE
loop_19159	down_in_mutant	-0.577500823796372	0.0174869614756219	Polycomb	Repressed_Promoter	4999	89999	4999	Split	Matrix 1	3.937842386277409	TRUE	TRUE	TRUE	TRUE
loop_19218	down_in_mutant	-0.742236240797426	7.61354236004796e-5	Other	Polycomb	0	0	0	Merge	Matrix 2	-3.9963887067356785	TRUE	TRUE	TRUE	TRUE
loop_19260	up_in_mutant	0.333835752647074	2.406527827712e-4	Repressed_Promoter	Polycomb	499999	324999	324999	Strength Change	Matrix 2	-4.61006499555424	FALSE	FALSE	FALSE	FALSE
loop_19278	up_in_mutant	0.33922499700002	0.001424898443954	Active_Enhancer	Other	179999	399999	179999	Complex	Matrix 2	-4.898022104819412	FALSE	FALSE	FALSE	FALSE
loop_19281	up_in_mutant	0.53842503098211	1.333029491885e-4	Poised_Enhancer	Other	54999	324999	54999	Merge	Matrix 2	-2.057880705420767	FALSE	FALSE	FALSE	TRUE
loop_19285	up_in_mutant	0.931792668359728	9.86272837525858e-6	Other	Other	29999	154999	29999	Split	Matrix 1	2.3352874221040354	FALSE	FALSE	TRUE	TRUE
loop_19349	down_in_mutant	-1.12123236952452	0.003245459772408	Repressed_Promoter	Repressed_Promoter	134999	234999	134999	Strength Change	Matrix 1	2.62834140673245	FALSE	FALSE	FALSE	FALSE
loop_19352	up_in_mutant	0.513645669653701	0.0099871021645233	Other	Active_Enhancer	0	94999	0	Shifted	Matrix 1	3.811925883441772	TRUE	TRUE	TRUE	TRUE
loop_19387	up_in_mutant	0.342880669804961	0.0022150078836773	Poised_Enhancer	Repressed_Promoter	754999	194999	194999	Merge	Matrix 2	-2.391191850688506	FALSE	FALSE	FALSE	FALSE
loop_19400	up_in_mutant	0.398982981776953	0.0083361598626929	Poised_Enhancer	Poised_Enhancer	0	444999	0	Complex	Matrix 2	-2.9944723454723237	TRUE	TRUE	TRUE	TRUE
loop_19471	up_in_mutant	0.30091641928883	4.840378233947e-4	Other	Poised_Enhancer	224999	14999	14999	Split	Matrix 1	3.457942706369939	FALSE	TRUE	TRUE	TRUE
loop_19473	up_in_mutant	0.419649731772824	1.800657231761e-4	Polycomb	Repressed_Promoter	129999	4999	4999	Merge	Matrix 2	-4.199614817607232	TRUE	TRUE	TRUE	TRUE
loop_19496	up_in_mutant	0.450776317214082	1.104783979024e-4	Polycomb	Repressed_Promoter	264999	39999	39999	Strength Change	Matrix 2	-2.918908597953531	FALSE	FALSE	TRUE	TRUE
loop_19512	up_in_mutant	0.383561989024986	4.706900955116e-4	Repressed_Promoter	Poised_Enhancer	1244999	469999	469999	Merge	Matrix 2	-2.0797523197262717	FALSE	FALSE	FALSE	FALSE
loop_19559	up_in_mutant	0.377875848812584	1.659717105272e-4	Polycomb	Other	9999	459999	9999	Merge	Matrix 2	-3.494901996015954	TRUE	TRUE	TRUE	TRUE
loop_19576	up_in_mutant	0.370911392712729	2.505917512711e-4	Poised_Enhancer	Poised_Enhancer	429999	204999	204999	Merge	Matrix 2	-2.3374932845842995	FALSE	FALSE	FALSE	FALSE
loop_19592	up_in_mutant	0.333954442177109	8.130869755915e-4	Repressed_Promoter	Other	0	279999	0	Strength Change	Matrix 1	3.6472841836897	TRUE	TRUE	TRUE	TRUE
loop_19622	up_in_mutant	0.415253966057181	1.737968587908e-4	Repressed_Promoter	Polycomb	104999	79999	79999	Strength Change	Matrix 1	2.2227782817939383	FALSE	FALSE	FALSE	TRUE
loop_19633	down_in_mutant	-0.321998851504358	0.001034804465448	Active_Promoter	Active_Promoter	69999	9999	9999	Shifted	Matrix 2	-2.0524212356468583	TRUE	TRUE	TRUE	TRUE
loop_19640	up_in_mutant	0.317961908885729	0.0038623630917027	Polycomb	Other	339999	199999	199999	Strength Change	Matrix 1	2.294310847887978	FALSE	FALSE	FALSE	FALSE
loop_19655	up_in_mutant	0.3134693566703	1.800657231761e-4	Other	Poised_Enhancer	1064999	1289999	1064999	Split	Matrix 1	2.1942145989310005	FALSE	FALSE	FALSE	FALSE
loop_19657	up_in_mutant	0.491843426610525	1.122644813219e-4	Polycomb	Repressed_Promoter	334999	9999	9999	Strength Change	Matrix 2	-2.3043930175703324	TRUE	TRUE	TRUE	TRUE
loop_19681	up_in_mutant	0.323205879135302	4.331434670883e-4	Repressed_Promoter	Repressed_Promoter	109999	39999	39999	Merge	Matrix 2	-2.0159870599866863	FALSE	FALSE	TRUE	TRUE
loop_19687	up_in_mutant	0.675137543074582	2.17819862019242e-5	Other	Polycomb	0	279999	0	Merge	Matrix 2	-2.945241377378179	TRUE	TRUE	TRUE	TRUE
loop_19692	down_in_mutant	-0.349984588627255	6.192288813173e-4	Other	Poised_Enhancer	684999	319999	319999	Complex	Matrix 1	2.72113959931836	FALSE	FALSE	FALSE	FALSE
loop_19781	up_in_mutant	0.442614061002606	1.56282201167e-4	Repressed_Promoter	Other	0	104999	0	Shifted	Matrix 2	-3.9366988751512695	TRUE	TRUE	TRUE	TRUE
loop_19783	up_in_mutant	0.340800417029325	1.28671709209e-4	Other	Other	0	19999	0	Merge	Matrix 2	-2.244403858177549	TRUE	TRUE	TRUE	TRUE
loop_19793	up_in_mutant	0.454335875535826	4.02307502752958e-5	Other	Other	499999	159999	159999	Merge	Matrix 2	-2.244403858177549	FALSE	FALSE	FALSE	FALSE
loop_19795	up_in_mutant	0.435026795086653	1.912449142094e-4	Poised_Enhancer	Poised_Enhancer	144999	89999	89999	Strength Change	Matrix 1	2.654754329455442	FALSE	FALSE	FALSE	TRUE
loop_19796	up_in_mutant	0.445943875649962	4.32353652776555e-5	Other	Other	414999	239999	239999	Merge	Matrix 2	-2.1828519081744653	FALSE	FALSE	FALSE	FALSE
loop_19807	up_in_mutant	0.407503709659552	3.110239723573e-4	Polycomb	Polycomb	144999	119999	119999	Complex	Matrix 2	-2.728507749164519	FALSE	FALSE	FALSE	FALSE
loop_19819	up_in_mutant	0.365064377828088	8.548749392847e-4	Polycomb	Polycomb	149999	0	0	Merge	Matrix 2	-2.1368256317276537	TRUE	TRUE	TRUE	TRUE
loop_19856	up_in_mutant	0.317573204347963	0.0033760559467592	Poised_Enhancer	Polycomb	64999	574999	64999	Strength Change	Matrix 2	-3.056305044468035	FALSE	FALSE	FALSE	TRUE
loop_19874	up_in_mutant	0.315404641141562	0.00158125250291	Polycomb	Poised_Enhancer	0	4999	0	Strength Change	Matrix 2	-4.174662457385051	TRUE	TRUE	TRUE	TRUE
loop_19906	up_in_mutant	0.301785670575285	0.0010026788943596	Active_Promoter	Other	314999	394999	314999	Merge	Matrix 2	-2.3994721674244057	FALSE	FALSE	FALSE	FALSE
loop_19920	up_in_mutant	0.310495517956765	0.0069520717453137	Other	Other	149999	589999	149999	Merge	Matrix 2	-2.109953272335514	FALSE	FALSE	FALSE	FALSE
loop_19949	up_in_mutant	0.434965322656823	0.0027334438549251	Repressed_Promoter	Polycomb	NA	NA	NA	NA	NA	NA	NA	NA	NA	NA
loop_19978	up_in_mutant	0.303116277652629	0.0052267438412114	Other	Other	379999	599999	379999	Strength Change	Matrix 1	3.0232187419630665	FALSE	FALSE	FALSE	FALSE
loop_20005	up_in_mutant	1.06714096839237	2.27494729174747e-6	Other	Other	369999	199999	199999	Complex	Matrix 2	-2.1672458938036403	FALSE	FALSE	FALSE	FALSE
loop_20006	up_in_mutant	0.305189404764022	7.044071177655e-4	Polycomb	Repressed_Promoter	609999	934999	609999	Merge	Matrix 2	-2.2912642383634907	FALSE	FALSE	FALSE	FALSE
loop_20007	up_in_mutant	0.416927760419904	1.485036322741e-4	Poised_Enhancer	Poised_Enhancer	0	339999	0	Shifted	Matrix 1	2.1023361273070367	TRUE	TRUE	TRUE	TRUE
loop_20011	up_in_mutant	0.333621110175248	8.839584840666e-4	Repressed_Promoter	Repressed_Promoter	204999	209999	204999	Merge	Matrix 2	-2.2912642383634907	FALSE	FALSE	FALSE	FALSE
loop_20021	up_in_mutant	0.637129790694704	4.04763532418113e-5	Repressed_Promoter	Other	469999	674999	469999	Strength Change	Matrix 1	2.714648330502463	FALSE	FALSE	FALSE	FALSE
loop_20044	up_in_mutant	0.335656847168532	9.506558487836e-4	Poised_Enhancer	Repressed_Promoter	0	274999	0	Strength Change	Matrix 1	2.1084058726716584	TRUE	TRUE	TRUE	TRUE
loop_20046	up_in_mutant	0.69249738993286	3.98255839140238e-6	Repressed_Promoter	Other	0	154999	0	Strength Change	Matrix 2	-2.7004555620157404	TRUE	TRUE	TRUE	TRUE
loop_20047	up_in_mutant	0.389241771963916	1.801062341933e-4	Other	Poised_Enhancer	104999	554999	104999	Split	Matrix 1	3.420501083086452	FALSE	FALSE	FALSE	FALSE
loop_20048	up_in_mutant	0.653922684381001	9.86272837525858e-6	Repressed_Promoter	Other	24999	209999	24999	Merge	Matrix 2	-2.014550481339332	FALSE	TRUE	TRUE	TRUE
loop_20052	up_in_mutant	0.415077108221286	1.912449142094e-4	Poised_Enhancer	Repressed_Promoter	159999	394999	159999	Strength Change	Matrix 2	-2.0202076798516884	FALSE	FALSE	FALSE	FALSE
loop_20057	up_in_mutant	0.398266959956341	3.071872979422e-4	Repressed_Promoter	Polycomb	119999	119999	119999	Split	Matrix 1	2.7700628168446557	FALSE	FALSE	FALSE	FALSE
loop_20065	up_in_mutant	0.522484617875075	0.002625625361054	Other	Poised_Enhancer	0	374999	0	Merge	Matrix 2	-2.936985739723681	TRUE	TRUE	TRUE	TRUE
loop_20095	up_in_mutant	0.555565762909597	7.84904319333331e-5	Poised_Enhancer	Active_Enhancer	859999	309999	309999	Merge	Matrix 2	-2.1393692488956373	FALSE	FALSE	FALSE	FALSE
loop_20108	up_in_mutant	0.402082671636122	2.315199802115e-4	Repressed_Promoter	Polycomb	0	69999	0	Shifted	Matrix 2	-4.6166333935074695	TRUE	TRUE	TRUE	TRUE
loop_20109	up_in_mutant	0.351240276644861	8.709496013915e-4	Poised_Enhancer	Polycomb	234999	134999	134999	Complex	Matrix 2	-4.483504466431647	FALSE	FALSE	FALSE	FALSE
loop_20130	up_in_mutant	0.501190502979878	9.747411931154e-4	Other	Repressed_Promoter	1894999	1279999	1279999	Split	Matrix 1	2.0569923671264547	FALSE	FALSE	FALSE	FALSE
loop_20133	up_in_mutant	0.532526329646527	0.0013894411824552	Polycomb	Repressed_Promoter	1794999	1279999	1279999	Split	Matrix 1	2.0569923671264547	FALSE	FALSE	FALSE	FALSE
loop_20138	up_in_mutant	0.512882714649342	2.650024845545e-4	Other	Polycomb	389999	84999	84999	Merge	Matrix 2	-2.4611610198685017	FALSE	FALSE	FALSE	TRUE
loop_20167	up_in_mutant	0.645443375534351	6.59506296350524e-5	Active_Enhancer	Poised_Enhancer	0	84999	0	Strength Change	Matrix 1	2.6671634832909334	TRUE	TRUE	TRUE	TRUE
loop_20172	up_in_mutant	0.346959005438965	0.0027060164418095	Active_Enhancer	Poised_Enhancer	209999	369999	209999	Strength Change	Matrix 2	-2.2012874168928125	FALSE	FALSE	FALSE	FALSE
loop_20174	up_in_mutant	0.439105844972355	0.0010692543891524	Other	Poised_Enhancer	199999	299999	199999	Shifted	Matrix 2	-2.925583692664471	FALSE	FALSE	FALSE	FALSE
loop_20179	up_in_mutant	0.323456632310083	9.56814360499926e-5	Polycomb	Polycomb	329999	4999	4999	Merge	Matrix 2	-2.4912366966128734	TRUE	TRUE	TRUE	TRUE
loop_20186	up_in_mutant	0.673780739571152	3.42845444211423e-5	Other	Polycomb	444999	399999	399999	Split	Matrix 1	3.4778233307210153	FALSE	FALSE	FALSE	FALSE
loop_20203	up_in_mutant	0.387760191328668	8.149382178209e-5	Other	Other	814999	764999	764999	Shifted	Matrix 1	2.741779082631633	FALSE	FALSE	FALSE	FALSE
loop_20209	up_in_mutant	0.45233598678541	2.74108164479621e-5	Polycomb	Polycomb	59999	49999	49999	Complex	Matrix 2	-3.243834038732059	FALSE	FALSE	TRUE	TRUE
loop_20216	up_in_mutant	0.627458034664097	9.86272837525858e-6	Repressed_Promoter	Polycomb	319999	19999	19999	Strength Change	Matrix 1	3.869873892278674	FALSE	TRUE	TRUE	TRUE
loop_20228	down_in_mutant	-0.386440428503838	2.721146162953e-4	Active_Promoter	Active_Promoter	114999	399999	114999	Merge	Matrix 2	-4.211123386403107	FALSE	FALSE	FALSE	FALSE
loop_20237	up_in_mutant	0.371269846071136	6.583480486797e-4	Polycomb	Other	504999	509999	504999	Merge	Matrix 2	-2.3294147136040313	FALSE	FALSE	FALSE	FALSE
loop_20239	up_in_mutant	0.327761583217343	0.0187642034346955	Polycomb	Other	19999	729999	19999	Merge	Matrix 2	-2.8041722465252397	FALSE	TRUE	TRUE	TRUE
loop_20245	down_in_mutant	-0.39471749769597	2.992905607823e-4	Other	Active_Enhancer	684999	469999	469999	Complex	Matrix 1	2.72113959931836	FALSE	FALSE	FALSE	FALSE
loop_20249	up_in_mutant	0.654203420719813	8.77368818758677e-6	Polycomb	Polycomb	59999	279999	59999	Merge	Matrix 2	-2.945241377378179	FALSE	FALSE	FALSE	TRUE
loop_20251	up_in_mutant	0.485738801688371	4.903474682202e-4	Other	Polycomb	309999	279999	279999	Merge	Matrix 2	-2.2626699836996287	FALSE	FALSE	FALSE	FALSE
loop_20257	up_in_mutant	0.652914420895264	2.74108164479621e-5	Poised_Enhancer	Poised_Enhancer	114999	84999	84999	Merge	Matrix 2	-2.158876568574359	FALSE	FALSE	FALSE	TRUE
loop_20270	up_in_mutant	0.339031090592979	0.0088028133372661	Other	Other	9999	794999	9999	Merge	Matrix 2	-2.410085857652933	TRUE	TRUE	TRUE	TRUE
loop_20285	up_in_mutant	0.367470526615533	2.063340356314e-4	Other	Poised_Enhancer	69999	44999	44999	Strength Change	Matrix 2	-2.9264159679821007	FALSE	FALSE	TRUE	TRUE
loop_20287	up_in_mutant	0.424544644230157	1.800657231761e-4	Other	Other	414999	164999	164999	Merge	Matrix 2	-2.1828519081744653	FALSE	FALSE	FALSE	FALSE
loop_20289	up_in_mutant	0.477829334413631	8.72648245060432e-5	Poised_Enhancer	Bivalent_Promoter	259999	59999	59999	Shifted	Matrix 2	-3.6387128504140342	FALSE	FALSE	FALSE	TRUE
loop_20293	up_in_mutant	0.356235907226696	6.752522151634e-4	Poised_Enhancer	Poised_Enhancer	129999	0	0	Complex	Matrix 2	-2.3761045659982343	TRUE	TRUE	TRUE	TRUE
loop_20294	up_in_mutant	0.573529783977309	3.562383740586e-4	Repressed_Promoter	Other	549999	469999	469999	Split	Matrix 1	2.820386143032063	FALSE	FALSE	FALSE	FALSE
loop_20325	up_in_mutant	0.374999639690302	0.0011313207610612	Polycomb	Repressed_Promoter	119999	189999	119999	Strength Change	Matrix 2	-2.5415712543593307	FALSE	FALSE	FALSE	FALSE
loop_20333	up_in_mutant	0.363479050535666	0.0017743593859944	Other	Other	NA	NA	NA	NA	NA	NA	NA	NA	NA	NA
loop_20350	up_in_mutant	0.403070077361508	0.0013908981133018	Polycomb	Poised_Enhancer	354999	44999	44999	Shifted	Matrix 2	-2.752633100975461	FALSE	FALSE	TRUE	TRUE
loop_20357	up_in_mutant	0.662088439170039	7.56777615367e-4	Poised_Enhancer	Active_Promoter	594999	9999	9999	Split	Matrix 1	2.3093101581883375	TRUE	TRUE	TRUE	TRUE
loop_20371	up_in_mutant	0.442007133948675	2.231619940965e-4	Other	Repressed_Promoter	284999	394999	284999	Strength Change	Matrix 2	-2.0202076798516884	FALSE	FALSE	FALSE	FALSE
loop_20373	up_in_mutant	0.30501771038542	0.0073824124821702	Other	Other	499999	674999	499999	Strength Change	Matrix 2	-2.089809608950171	FALSE	FALSE	FALSE	FALSE
loop_20406	up_in_mutant	0.579353132649198	3.375602239875e-4	Other	Other	629999	1729999	629999	Split	Matrix 1	2.638684315590937	FALSE	FALSE	FALSE	FALSE
