##FastQC	0.11.8
>>Basic Statistics	pass
#Measure	Value
Filename	evoC-Bap1-ctrl-F_S3_L005_R1_001.fastq.gz
File type	Conventional base calls
Encoding	Sanger / Illumina 1.9
Total Sequences	277968822
Sequences flagged as poor quality	0
Sequence length	151
%GC	22
>>END_MODULE
>>Per base sequence quality	pass
#Base	Mean	Median	Lower Quartile	Upper Quartile	10th Percentile	90th Percentile
1	37.26989918315371	40.0	40.0	40.0	24.0	40.0
2	38.67563803612479	40.0	40.0	40.0	40.0	40.0
3	39.04080398268551	40.0	40.0	40.0	40.0	40.0
4	39.09361828716172	40.0	40.0	40.0	40.0	40.0
5	39.21695703340427	40.0	40.0	40.0	40.0	40.0
6	39.2523534959615	40.0	40.0	40.0	40.0	40.0
7	39.323548797138116	40.0	40.0	40.0	40.0	40.0
8	39.336823562895844	40.0	40.0	40.0	40.0	40.0
9	39.36646536207575	40.0	40.0	40.0	40.0	40.0
10-14	39.4375080878675	40.0	40.0	40.0	40.0	40.0
15-19	39.53280871766259	40.0	40.0	40.0	40.0	40.0
20-24	39.56519467136498	40.0	40.0	40.0	40.0	40.0
25-29	39.555025767602096	40.0	40.0	40.0	40.0	40.0
30-34	39.51441784215642	40.0	40.0	40.0	40.0	40.0
35-39	39.49232507450062	40.0	40.0	40.0	40.0	40.0
40-44	39.46126017543076	40.0	40.0	40.0	40.0	40.0
45-49	39.43948313598998	40.0	40.0	40.0	40.0	40.0
50-54	39.410453427758895	40.0	40.0	40.0	40.0	40.0
55-59	39.37917945919848	40.0	40.0	40.0	40.0	40.0
60-64	39.3430872876815	40.0	40.0	40.0	40.0	40.0
65-69	39.30812576383117	40.0	40.0	40.0	40.0	40.0
70-74	39.272887208911506	40.0	40.0	40.0	40.0	40.0
75-79	39.23192857434925	40.0	40.0	40.0	40.0	40.0
80-84	39.18879208834436	40.0	40.0	40.0	40.0	40.0
85-89	39.15160692877995	40.0	40.0	40.0	40.0	40.0
90-94	39.10990143491704	40.0	40.0	40.0	40.0	40.0
95-99	39.06001056981851	40.0	40.0	40.0	40.0	40.0
100-104	39.01425558079316	40.0	40.0	40.0	40.0	40.0
105-109	38.975432977875485	40.0	40.0	40.0	40.0	40.0
110-114	38.93333246920764	40.0	40.0	40.0	40.0	40.0
115-119	38.88884749887525	40.0	40.0	40.0	40.0	40.0
120-124	38.84527036417056	40.0	40.0	40.0	40.0	40.0
125-129	38.801109393484424	40.0	40.0	40.0	40.0	40.0
130-134	38.75911094950066	40.0	40.0	40.0	40.0	40.0
135-139	38.7186538193841	40.0	40.0	40.0	40.0	40.0
140-144	38.68392411074073	40.0	40.0	40.0	40.0	40.0
145-149	38.63474157688087	40.0	40.0	40.0	40.0	40.0
150-151	38.33411035752779	40.0	40.0	40.0	40.0	40.0
>>END_MODULE
>>Per tile sequence quality	pass
#Tile	Base	Mean
1101	1	-0.47463488956324085
1101	2	-0.05579459044055568
1101	3	-0.04857572833236645
1101	4	0.05041558805443458
1101	5	-0.18582365142740542
1101	6	-0.05649416596389756
1101	7	-0.08731170578684555
1101	8	-0.07771221403706363
1101	9	-0.05053707027177978
1101	10-14	-0.05076716080689181
1101	15-19	-0.031637746690876156
1101	20-24	-0.026518099419114094
1101	25-29	-0.02816042581567757
1101	30-34	-0.027378893766361045
1101	35-39	-0.031148759888495192
1101	40-44	-0.03994582872489616
1101	45-49	-0.035443532983713055
1101	50-54	-0.055590766846151496
1101	55-59	-0.037811944416084486
1101	60-64	-0.04212853518745163
1101	65-69	-0.037630940594063134
1101	70-74	-0.027977653888648035
1101	75-79	-0.036146009037835825
1101	80-84	-0.029913316139726476
1101	85-89	-0.056738753367071126
1101	90-94	-0.03638491690931289
1101	95-99	-0.027423133106090347
1101	100-104	-0.043963590533607544
1101	105-109	-0.040528589160956585
1101	110-114	-0.045820055523719816
1101	115-119	-0.049818517667013396
1101	120-124	-0.05053578837637218
1101	125-129	-0.02454236184068037
1101	130-134	-0.0279872027415351
1101	135-139	-0.02923605638207505
1101	140-144	0.008941635549227556
1101	145-149	0.021659441563713244
1101	150-151	0.05881281307877373
1102	1	-0.31080952834745545
1102	2	-0.08488776013759747
1102	3	-0.08827476182266736
1102	4	-0.006036655791760381
1102	5	-0.1540321811707912
1102	6	-0.07188608324320711
1102	7	-0.09614296146127543
1102	8	-0.08468372295058657
1102	9	-0.033325384737722175
1102	10-14	-0.04236440304828193
1102	15-19	-0.037379531292735635
1102	20-24	-0.02674834352588107
1102	25-29	-0.016954122201752853
1102	30-34	-0.010240391763787215
1102	35-39	-0.01575612081745703
1102	40-44	-0.01628406170638641
1102	45-49	-0.014528149214719122
1102	50-54	-0.005820385793740002
1102	55-59	-0.008246471558926771
1102	60-64	-0.008399078797943105
1102	65-69	0.00818337150491999
1102	70-74	-0.006228305450342475
1102	75-79	0.010029834546052996
1102	80-84	0.0014299489863276449
1102	85-89	-0.006445540883596834
1102	90-94	0.0030864036929258987
1102	95-99	0.01367053176817734
1102	100-104	0.010950780702295049
1102	105-109	-0.013871180450756526
1102	110-114	0.008530050626568197
1102	115-119	0.011102877305589232
1102	120-124	-0.0014130429164396219
1102	125-129	0.01720098155114158
1102	130-134	0.010262270302263232
1102	135-139	0.025391009090292016
1102	140-144	0.05751611640695842
1102	145-149	0.06621068102612782
1102	150-151	0.1043275593593691
1103	1	-0.33080485215969446
1103	2	-0.11254205553832008
1103	3	-0.05707406172523122
1103	4	0.031764743266130324
1103	5	-0.1156006608925253
1103	6	-0.07747377993671023
1103	7	-0.048117059311849175
1103	8	-0.05024383775949559
1103	9	-0.004663845355082685
1103	10-14	-0.024331587259901255
1103	15-19	-0.02050032173165306
1103	20-24	-0.021322213340020824
1103	25-29	-0.02718951831980121
1103	30-34	-0.014690440590598541
1103	35-39	-0.003804653432041505
1103	40-44	-0.0054793123386502884
1103	45-49	-0.007837454205500194
1103	50-54	-0.004980305415827502
1103	55-59	-5.301877326289173E-4
1103	60-64	-0.002074091705480896
1103	65-69	-0.012130081135950377
1103	70-74	0.009595994070970448
1103	75-79	-0.002569924313924332
1103	80-84	0.015868628381866756
1103	85-89	0.0055382531715650885
1103	90-94	0.0024264839389189774
1103	95-99	0.009656109975097138
1103	100-104	0.024174481201733045
1103	105-109	0.02293544722054719
1103	110-114	0.015523184270421098
1103	115-119	0.02013996508549809
1103	120-124	0.019996267702559578
1103	125-129	0.038268270047254305
1103	130-134	0.026418469417841095
1103	135-139	0.03598382441842318
1103	140-144	0.04048960489456732
1103	145-149	0.048323749811309824
1103	150-151	0.10974737774548515
1104	1	-0.46312607224393787
1104	2	-0.09211974854080296
1104	3	-0.05314859881769962
1104	4	0.0045489753210645745
1104	5	-0.036059231790893875
1104	6	-0.018578627979429996
1104	7	-8.741406975758537E-4
1104	8	0.004937368354333671
1104	9	0.023670995639008652
1104	10-14	0.010750866540739423
1104	15-19	-0.023172235917918726
1104	20-24	-0.021999621988712192
1104	25-29	-0.0364349988214272
1104	30-34	-0.03138487000840939
1104	35-39	-0.032792105733648214
1104	40-44	-0.021692956717487277
1104	45-49	-0.02162288587955885
1104	50-54	-0.034320839711703854
1104	55-59	-0.029912348920724696
1104	60-64	-0.01817021001912167
1104	65-69	-0.019665291626644432
1104	70-74	-0.011871492869126143
1104	75-79	-0.0227162130533074
1104	80-84	-0.01202661361185875
1104	85-89	-0.0125460011227716
1104	90-94	-0.015971026456412574
1104	95-99	-0.020005001298500247
1104	100-104	-0.021123772265347895
1104	105-109	-0.0033193662064832097
1104	110-114	-0.006198082942681538
1104	115-119	-0.0026798425028502493
1104	120-124	0.0011612244212244605
1104	125-129	0.029313382206801464
1104	130-134	0.017353608364921058
1104	135-139	0.02177337152051706
1104	140-144	0.02690333725512062
1104	145-149	0.052797008221759256
1104	150-151	0.10428862602291389
1105	1	-0.42145669591930357
1105	2	-0.1567112367255774
1105	3	-0.09213865509209285
1105	4	0.07046414100124565
1105	5	-0.06621453410387801
1105	6	-0.0198273716441264
1105	7	-0.05510304420726442
1105	8	-0.041738704360049894
1105	9	-0.001666124801801061
1105	10-14	-0.006962645110306198
1105	15-19	-0.0273512538177485
1105	20-24	-0.019460674635048747
1105	25-29	-0.013395405470987498
1105	30-34	-2.1936101947517272E-4
1105	35-39	-0.010987556117108
1105	40-44	-0.013506710045717796
1105	45-49	0.0071846441724048304
1105	50-54	-0.011486649823886808
1105	55-59	-0.00624826387093691
1105	60-64	-0.006849241746643031
1105	65-69	-0.004486771166199333
1105	70-74	0.004232485931531471
1105	75-79	0.003278058349700075
1105	80-84	0.025392916505872165
1105	85-89	0.015603244119780868
1105	90-94	0.019816024797052023
1105	95-99	0.01910149977436504
1105	100-104	0.026583830123904306
1105	105-109	0.017647660842655455
1105	110-114	0.028149352218413526
1105	115-119	0.046258090402496066
1105	120-124	0.04310356582432462
1105	125-129	0.0543208397677688
1105	130-134	0.05131639268448396
1105	135-139	0.06198343642157056
1105	140-144	0.04988162305053123
1105	145-149	0.059469865393417365
1105	150-151	0.12156916927222028
1106	1	-0.5075124062089671
1106	2	-0.1003324020622074
1106	3	-0.09641195045055895
1106	4	-0.015328581102032501
1106	5	-0.11725021984270256
1106	6	-0.049700039309257704
1106	7	-0.02739069633607727
1106	8	-0.04400958622213125
1106	9	0.006236244316198736
1106	10-14	0.01515939916226472
1106	15-19	-0.013992689500362587
1106	20-24	-0.02025635139379034
1106	25-29	-0.012104841685406598
1106	30-34	-0.009234096994845231
1106	35-39	2.976100606701948E-4
1106	40-44	0.005823132653510754
1106	45-49	0.0051069542457611306
1106	50-54	0.0027010372949689554
1106	55-59	0.019204766540589446
1106	60-64	0.004291552701246815
1106	65-69	0.007866605387000902
1106	70-74	0.029870263278247933
1106	75-79	0.020461418629253103
1106	80-84	0.04481729465209128
1106	85-89	0.02607491534472217
1106	90-94	0.03385792580699842
1106	95-99	0.047830337337934736
1106	100-104	0.035644695414390526
1106	105-109	0.03181784065618842
1106	110-114	0.04752644561365571
1106	115-119	0.05065396177256787
1106	120-124	0.04688386263640609
1106	125-129	0.05165140543166302
1106	130-134	0.017086343826711925
1106	135-139	0.03681333815709564
1106	140-144	0.048793868899366544
1106	145-149	0.04998630572848839
1106	150-151	0.10153178367577453
1107	1	-0.5999066031783613
1107	2	-0.12021393499578892
1107	3	-0.08380417559869358
1107	4	-0.023468764655753205
1107	5	-0.033974741015484256
1107	6	-0.024524096071246504
1107	7	0.017638625933521723
1107	8	0.014068074788838203
1107	9	0.05291836200728994
1107	10-14	0.02618337046665431
1107	15-19	-0.005519562429100233
1107	20-24	-0.026329031296647543
1107	25-29	-0.02827468168656111
1107	30-34	-0.013320851171606307
1107	35-39	-0.01579880436266734
1107	40-44	-0.028986888004702394
1107	45-49	-0.0329691012632054
1107	50-54	-0.0360807360934885
1107	55-59	-0.028283942466480028
1107	60-64	-0.023185958030119025
1107	65-69	-0.020425691283236347
1107	70-74	-0.019062040830128524
1107	75-79	-0.02102705773366864
1107	80-84	-0.013636536614711758
1107	85-89	-0.010436478600070132
1107	90-94	-0.01581995009549786
1107	95-99	-0.026762279266201006
1107	100-104	-0.015809441561323467
1107	105-109	-0.004836960536124479
1107	110-114	-0.019936837706524102
1107	115-119	-0.0028147490264203157
1107	120-124	0.002333868013820961
1107	125-129	8.087686073920963E-4
1107	130-134	-0.023931473096311606
1107	135-139	-0.013801927539219605
1107	140-144	-0.002145435198173118
1107	145-149	0.021438289043707925
1107	150-151	0.04303462970080574
1108	1	-0.6950373907080873
1108	2	-0.14800363113653248
1108	3	-0.13067043343094298
1108	4	-0.07446112704404584
1108	5	-0.0219041339957613
1108	6	-0.001828441519208468
1108	7	-0.012585296393915257
1108	8	-0.006029925415575121
1108	9	0.04690445484885686
1108	10-14	0.034565684130306806
1108	15-19	0.006419463619991461
1108	20-24	-0.011579538933936817
1108	25-29	-0.007338614962712597
1108	30-34	-0.009495458652814648
1108	35-39	-0.013419894938422772
1108	40-44	-0.0038993295862042032
1108	45-49	-0.013264192687323373
1108	50-54	-0.015678427056506905
1108	55-59	-0.002469090663453244
1108	60-64	-0.007637110016176507
1108	65-69	-0.019376056155699928
1108	70-74	-0.01075491819096186
1108	75-79	0.00897710523074835
1108	80-84	0.004850485325853526
1108	85-89	0.01124906226722544
1108	90-94	0.0012912393612580786
1108	95-99	0.019370180847026575
1108	100-104	0.0076019706077303795
1108	105-109	0.00967053143626373
1108	110-114	0.016141702399252722
1108	115-119	0.01273507363909232
1108	120-124	0.028501422794455777
1108	125-129	0.010062717811777588
1108	130-134	-0.011369856614365403
1108	135-139	0.009442154188697316
1108	140-144	0.0331563229714078
1108	145-149	0.024034611702347775
1108	150-151	0.07873796958288182
1109	1	-0.5867476265647795
1109	2	-0.20011450070733616
1109	3	-0.12345909092538676
1109	4	0.02438064528453765
1109	5	-0.11895128990744297
1109	6	-0.06424526977577472
1109	7	-0.05026256969493659
1109	8	-0.02314013858961772
1109	9	0.021742938722560723
1109	10-14	0.007036346550336248
1109	15-19	-0.0036529412892818414
1109	20-24	-0.006661742687974481
1109	25-29	-0.002231021097443886
1109	30-34	0.004195646631998784
1109	35-39	0.012597128020502169
1109	40-44	0.013512014599896816
1109	45-49	-0.007327409938291396
1109	50-54	0.011134578808039919
1109	55-59	0.012554335257803473
1109	60-64	0.006308387194835063
1109	65-69	0.01626426980103446
1109	70-74	0.019390583736004885
1109	75-79	0.0314374664992485
1109	80-84	0.026419905736396743
1109	85-89	0.03354056681235562
1109	90-94	0.040430924122290435
1109	95-99	0.033115076858116765
1109	100-104	0.049596487436531334
1109	105-109	0.032187739828160034
1109	110-114	0.03830337922946825
1109	115-119	0.03886591351402302
1109	120-124	0.05211448232344651
1109	125-129	0.03526260564460415
1109	130-134	0.027070545769525722
1109	135-139	0.029702148720275545
1109	140-144	0.03551363507053651
1109	145-149	0.04920208851932273
1109	150-151	0.10130354015758058
1110	1	-0.603092135230284
1110	2	-0.0989766410681554
1110	3	-0.07562445712240873
1110	4	0.0018582364924739636
1110	5	0.025496854749604836
1110	6	0.014832350076432022
1110	7	-0.01057830314557151
1110	8	0.030264348586207745
1110	9	0.039130638964032016
1110	10-14	0.04057597466113805
1110	15-19	0.010959666926616762
1110	20-24	-0.006396200802548435
1110	25-29	-0.006579142087367984
1110	30-34	-0.003421283985126422
1110	35-39	0.0015953552712204555
1110	40-44	6.655437489939686E-4
1110	45-49	6.152692748457866E-4
1110	50-54	9.792858010939653E-4
1110	55-59	5.969273854589119E-5
1110	60-64	0.01338353798482217
1110	65-69	0.00866951186955589
1110	70-74	0.014698228477151076
1110	75-79	0.006085352869114047
1110	80-84	0.016256080985719734
1110	85-89	0.019067028213591186
1110	90-94	-0.005337289533329681
1110	95-99	0.011799697649294671
1110	100-104	0.014037767724687455
1110	105-109	0.007379019892553629
1110	110-114	0.005807087991193782
1110	115-119	0.01346390281504739
1110	120-124	0.013627617572979034
1110	125-129	-0.0028499611986418927
1110	130-134	0.011402713818753796
1110	135-139	7.152415305924364E-4
1110	140-144	0.0361627448229882
1110	145-149	0.02351700589489525
1110	150-151	0.10511443559515499
1111	1	-0.5254280497949111
1111	2	-0.14420868495508898
1111	3	-0.08504191237182113
1111	4	0.05798019766892537
1111	5	-0.08347602187507164
1111	6	-0.0270687872839801
1111	7	-0.036627383247136436
1111	8	-0.02790173401817242
1111	9	0.016233295863784747
1111	10-14	0.0031443534111019744
1111	15-19	0.006022383954551458
1111	20-24	0.0028435573329730346
1111	25-29	-0.007362872115031394
1111	30-34	0.013201907118663314
1111	35-39	0.016978631542450273
1111	40-44	0.01821609670511748
1111	45-49	0.014540670428438318
1111	50-54	0.025407076603528367
1111	55-59	0.022543382983073457
1111	60-64	0.023067316604233667
1111	65-69	0.03579346650536053
1111	70-74	0.03555854301500716
1111	75-79	0.02500013312953797
1111	80-84	0.028826915160266253
1111	85-89	0.03168332323498646
1111	90-94	0.03837912513481001
1111	95-99	0.03229175683226515
1111	100-104	0.044244197756349024
1111	105-109	0.04862605462771796
1111	110-114	0.0512070949400254
1111	115-119	0.04635966569190941
1111	120-124	0.0646480446500064
1111	125-129	0.03520667506253261
1111	130-134	0.07286161713530248
1111	135-139	0.053877432422218874
1111	140-144	0.07496339611361691
1111	145-149	0.0884730485219265
1111	150-151	0.15153099557614524
1112	1	-0.5212752589401148
1112	2	-0.1425833336842004
1112	3	-0.029497837264933935
1112	4	-0.004130555804977121
1112	5	-0.006513445715846444
1112	6	-0.02014290474561875
1112	7	-0.008140223957305182
1112	8	0.0442437366934314
1112	9	0.04170202257372324
1112	10-14	0.028855000965130273
1112	15-19	0.00617787373633405
1112	20-24	-0.003203735557519849
1112	25-29	-0.006715304588091442
1112	30-34	0.007442321717249456
1112	35-39	-9.857449484655945E-4
1112	40-44	0.008684011351213883
1112	45-49	-0.013384099090608004
1112	50-54	-0.00892001898728978
1112	55-59	-0.0019012209175386374
1112	60-64	-0.007791374181643107
1112	65-69	-0.0014859956881707603
1112	70-74	7.877949668113615E-4
1112	75-79	-0.01643147561183156
1112	80-84	0.010785136475675472
1112	85-89	0.004846091553055487
1112	90-94	-0.009137941746125477
1112	95-99	0.00804330317257751
1112	100-104	-0.005154601324463215
1112	105-109	0.006161460681525455
1112	110-114	-0.0020744671208987597
1112	115-119	0.0031808835407858282
1112	120-124	-0.003738699659315614
1112	125-129	-0.0044906924103571555
1112	130-134	0.005470188387334929
1112	135-139	0.0018894070133228524
1112	140-144	0.013503239632100872
1112	145-149	0.023062951047137403
1112	150-151	0.09178475168661038
1113	1	-0.5811155143981281
1113	2	-0.10270345115016255
1113	3	-0.07996325642452717
1113	4	-0.02308532669015051
1113	5	-3.9973186369479663E-4
1113	6	0.001035435839803256
1113	7	-0.014041322005653
1113	8	0.007058268326488815
1113	9	0.03580902540721098
1113	10-14	0.013684862155486144
1113	15-19	-0.009523250209419132
1113	20-24	-0.008085310972433035
1113	25-29	-0.010095419667088379
1113	30-34	-0.0030689434454842512
1113	35-39	-0.006172809028591075
1113	40-44	-0.0029839623925482783
1113	45-49	-0.001747264952669525
1113	50-54	-0.0067959461819881994
1113	55-59	-0.011755728090022899
1113	60-64	-0.005406969476851486
1113	65-69	-0.02630717181975939
1113	70-74	-0.004099340471292123
1113	75-79	-0.010212299641587208
1113	80-84	-0.00598070996896638
1113	85-89	1.9935340746712882E-4
1113	90-94	0.0014052805147386493
1113	95-99	9.136049969313831E-4
1113	100-104	0.014920231978244658
1113	105-109	0.001443430567135806
1113	110-114	-0.008517757174701046
1113	115-119	-2.821283514009565E-5
1113	120-124	-0.001336201010666116
1113	125-129	0.024803210887874627
1113	130-134	0.017163570172080256
1113	135-139	0.026916264254069233
1113	140-144	0.03977828844585929
1113	145-149	0.033879843682747435
1113	150-151	0.11741177289763982
1114	1	-0.5462883979983957
1114	2	-0.05998637980866306
1114	3	-0.012942357990084474
1114	4	0.050547046989429134
1114	5	-0.10594618492601882
1114	6	-0.04102012165807878
1114	7	-0.05472755996659373
1114	8	-0.0018922235241944918
1114	9	0.03132842406422043
1114	10-14	0.008428899602151319
1114	15-19	-0.004078163809083435
1114	20-24	-0.0047235036993669155
1114	25-29	0.003990627633847055
1114	30-34	0.010558405792515657
1114	35-39	0.013215091882827323
1114	40-44	0.017571977818342077
1114	45-49	0.015767264279880067
1114	50-54	0.025712868111440912
1114	55-59	0.013273479317412296
1114	60-64	0.021787744051131597
1114	65-69	0.0201950168635463
1114	70-74	0.03114608936727592
1114	75-79	0.03375987483351395
1114	80-84	0.04536660406174775
1114	85-89	0.03552595437376738
1114	90-94	0.04167475393465736
1114	95-99	0.033929707432236
1114	100-104	0.05044921229462318
1114	105-109	0.04929195789246421
1114	110-114	0.04809407301485891
1114	115-119	0.05215903643635045
1114	120-124	0.06346059103834278
1114	125-129	0.0656437083252186
1114	130-134	0.0701093760171787
1114	135-139	0.07444242882344554
1114	140-144	0.09370999628269061
1114	145-149	0.11155853070978594
1114	150-151	0.18661099221587563
1115	1	-0.6788587548476315
1115	2	-0.16200210312860008
1115	3	-0.09066020550283582
1115	4	0.07020350317868918
1115	5	-0.10935666346081518
1115	6	-0.0731264691558664
1115	7	-0.02126867346795791
1115	8	-0.025788780077576234
1115	9	0.017401685973624126
1115	10-14	0.004921794253547773
1115	15-19	9.496823447037173E-4
1115	20-24	-0.008856610580359359
1115	25-29	0.005059409331678921
1115	30-34	0.007760644693277641
1115	35-39	0.010093386781349523
1115	40-44	0.019506497483789076
1115	45-49	0.003725882011949011
1115	50-54	0.014697486291957773
1115	55-59	0.005038377094741975
1115	60-64	0.020202237508172516
1115	65-69	0.021809945605376413
1115	70-74	0.02788570844234073
1115	75-79	0.03531675483966268
1115	80-84	0.04633845913109269
1115	85-89	0.03149054672064722
1115	90-94	0.04164773601894467
1115	95-99	0.036582640741279704
1115	100-104	0.03826425338624517
1115	105-109	0.03654712388689063
1115	110-114	0.04243906066393777
1115	115-119	0.027034594603364326
1115	120-124	0.03651931256970897
1115	125-129	0.045414427350600306
1115	130-134	0.05954020493502554
1115	135-139	0.06425079361858366
1115	140-144	0.06978286439702686
1115	145-149	0.08568507107258938
1115	150-151	0.15529423840403211
1116	1	-0.7553752175426283
1116	2	-0.1687315924647308
1116	3	-0.067909176993588
1116	4	-0.0053507572545896664
1116	5	-0.004255995378542821
1116	6	0.01685162756302816
1116	7	0.009476571311878956
1116	8	0.011423209564838999
1116	9	0.032729785884967555
1116	10-14	0.035598804616526536
1116	15-19	0.015302118904372719
1116	20-24	0.02003038880432939
1116	25-29	0.010080788099628535
1116	30-34	0.004545408232509374
1116	35-39	0.0025323211609133978
1116	40-44	0.00289205266508219
1116	45-49	0.0042240313935906215
1116	50-54	-0.0021966498821512914
1116	55-59	0.005420186615616274
1116	60-64	0.011572111075906832
1116	65-69	0.008079022112745804
1116	70-74	0.011011055132698289
1116	75-79	0.017970879471199908
1116	80-84	0.02155757047262341
1116	85-89	0.02007115501322687
1116	90-94	0.004299577724765413
1116	95-99	0.004944336512124892
1116	100-104	0.027320230525340605
1116	105-109	0.020464024134831504
1116	110-114	0.005819478890181529
1116	115-119	0.03419073019617258
1116	120-124	0.015850287357999093
1116	125-129	0.0457190080938048
1116	130-134	0.03370079404380988
1116	135-139	0.0527305602633561
1116	140-144	0.04312596303641669
1116	145-149	0.07182226944591008
1116	150-151	0.14263585569553783
1117	1	-0.6221177634833808
1117	2	-0.16407332602803848
1117	3	-0.08557289695225023
1117	4	-0.05051600142014223
1117	5	0.023975298271551537
1117	6	-0.0015835564612700637
1117	7	-0.01080256940242208
1117	8	0.0029030909552218986
1117	9	0.034119336786638144
1117	10-14	0.023624064475946227
1117	15-19	0.00748265900420364
1117	20-24	-0.003190860599445955
1117	25-29	-0.006345616999844594
1117	30-34	-0.00490117094249598
1117	35-39	0.0037853014940907315
1117	40-44	0.0026851794724080946
1117	45-49	-0.002397604526692021
1117	50-54	0.011367330206915938
1117	55-59	0.00297136136358489
1117	60-64	0.016779048781181416
1117	65-69	0.014133600110334044
1117	70-74	0.004094833448370139
1117	75-79	0.007325209196622495
1117	80-84	0.02239356760789235
1117	85-89	0.006578055225602952
1117	90-94	0.024830132483799616
1117	95-99	0.01865473751536939
1117	100-104	0.02814904700858989
1117	105-109	0.013955083043136085
1117	110-114	0.019951160156281844
1117	115-119	0.02823366819809081
1117	120-124	0.0349349926383411
1117	125-129	0.03193297513830373
1117	130-134	0.026679664617333287
1117	135-139	0.04749283292817097
1117	140-144	0.0603424860399997
1117	145-149	0.06949137255730164
1117	150-151	0.13242661112925447
1118	1	-0.6827896408297249
1118	2	-0.22277441761698924
1118	3	-0.086274859924238
1118	4	-0.020063459047939602
1118	5	-0.017685462752382364
1118	6	-0.0010423604644387297
1118	7	-0.009823666197171121
1118	8	-0.0029000669426935133
1118	9	0.02314814335676374
1118	10-14	0.04455985106714877
1118	15-19	0.009942465011313573
1118	20-24	0.008838996291167689
1118	25-29	0.007041235063866225
1118	30-34	-0.018286942410455254
1118	35-39	-0.06815327420131467
1118	40-44	5.864692203658706E-4
1118	45-49	0.0018973158326289763
1118	50-54	2.748052958452263E-4
1118	55-59	-0.008009707640624697
1118	60-64	0.004861867433866962
1118	65-69	0.006330315945305642
1118	70-74	0.003118993470060616
1118	75-79	0.004198697841111709
1118	80-84	0.009263072892657931
1118	85-89	0.0091982180397423
1118	90-94	0.007263270970845781
1118	95-99	0.02729988583542564
1118	100-104	0.0071262716044557806
1118	105-109	0.008602068381676986
1118	110-114	0.00912849827360418
1118	115-119	0.018863461105098622
1118	120-124	0.023630971917278032
1118	125-129	0.02978007622223089
1118	130-134	0.010768544869925734
1118	135-139	0.03276082455506213
1118	140-144	0.04452153210338139
1118	145-149	0.05783234586542818
1118	150-151	0.1281887405598141
1119	1	-0.8123548527348419
1119	2	-0.19105584063307646
1119	3	-0.10672187241871711
1119	4	-0.08154606869386072
1119	5	0.012580806018434032
1119	6	-0.0284197418069283
1119	7	-0.02840750143742099
1119	8	0.005256437120543467
1119	9	0.032628915366615274
1119	10-14	0.04789843284530093
1119	15-19	0.023682580090245153
1119	20-24	0.017124984344043526
1119	25-29	0.01405794423487805
1119	30-34	0.027718152910026106
1119	35-39	0.009203287492582035
1119	40-44	0.028195172962547588
1119	45-49	0.028449512942458455
1119	50-54	0.02118046762819148
1119	55-59	0.02899650206327209
1119	60-64	0.040873798464552635
1119	65-69	0.04615158056189017
1119	70-74	0.04460440300420743
1119	75-79	0.04430989655327977
1119	80-84	0.055700174310466366
1119	85-89	0.048454830054161846
1119	90-94	0.04631248699266877
1119	95-99	0.06434658706731256
1119	100-104	0.04698085916642469
1119	105-109	0.05998937785761882
1119	110-114	0.053613230449180094
1119	115-119	0.063264378080234
1119	120-124	0.06831420729053406
1119	125-129	0.07857619433421092
1119	130-134	0.07473028826435524
1119	135-139	0.08175367980645376
1119	140-144	0.09239586089378093
1119	145-149	0.10243101409988498
1119	150-151	0.15107422474500964
1120	1	-0.6122975796867607
1120	2	-0.23155377420139445
1120	3	-0.15130600953613538
1120	4	-0.07528006951579869
1120	5	-0.013878517069322527
1120	6	-0.038423115157492305
1120	7	-0.041354753442426784
1120	8	0.002494848137658323
1120	9	0.020031048659348016
1120	10-14	0.02990907324520009
1120	15-19	-7.334255912283538E-4
1120	20-24	0.005897587317903685
1120	25-29	-0.0011676668193345563
1120	30-34	0.009057089808599983
1120	35-39	0.002525722917411599
1120	40-44	0.0018275640674119131
1120	45-49	-0.00304293801012534
1120	50-54	0.005163474197821927
1120	55-59	0.006742923079634977
1120	60-64	8.836846595059455E-4
1120	65-69	0.008125723007196939
1120	70-74	0.005088893939110051
1120	75-79	-0.006168610768121141
1120	80-84	0.018418227920697916
1120	85-89	-0.00451583848867898
1120	90-94	0.032343767535735424
1120	95-99	0.01268620662948905
1120	100-104	0.030457892627310912
1120	105-109	0.012383476440724905
1120	110-114	0.03878734559675934
1120	115-119	0.05080885741300989
1120	120-124	0.033558620631517044
1120	125-129	0.049351483167242804
1120	130-134	0.046945039232824115
1120	135-139	0.056612618310310836
1120	140-144	0.0764085229308904
1120	145-149	0.08265205040247992
1120	150-151	0.14789970864129032
1121	1	-0.8598086034448968
1121	2	-0.26880906572817764
1121	3	-0.13655835938386218
1121	4	8.514424670451604E-4
1121	5	-0.12539540084445377
1121	6	-0.06338312529696566
1121	7	-0.07428436010617645
1121	8	-0.014807487074605774
1121	9	0.028465709316101595
1121	10-14	0.026148311667505197
1121	15-19	0.01584231898009847
1121	20-24	0.017983939269811344
1121	25-29	0.030593346057827375
1121	30-34	0.027148379432354375
1121	35-39	0.02534871706211561
1121	40-44	0.036922550516521824
1121	45-49	0.028694803937476365
1121	50-54	0.039926369126781935
1121	55-59	0.03508568604301843
1121	60-64	0.044113135782303914
1121	65-69	0.04516313852144549
1121	70-74	0.044873044950016094
1121	75-79	0.0504146067612794
1121	80-84	0.0545216639242696
1121	85-89	0.055126675095465316
1121	90-94	0.06048799032806329
1121	95-99	0.07284385424618023
1121	100-104	0.06143907100666013
1121	105-109	0.06809544316878657
1121	110-114	0.06697132743987311
1121	115-119	0.07160425027284134
1121	120-124	0.0706600192338982
1121	125-129	0.08354832084312847
1121	130-134	0.06988855150888185
1121	135-139	0.07637888444640595
1121	140-144	0.09713357210035412
1121	145-149	0.10382330426715924
1121	150-151	0.19560558966446706
1122	1	-0.7289698741937372
1122	2	-0.2372816731377725
1122	3	-0.1351807941961667
1122	4	-0.09081512554313775
1122	5	-0.028664238322747337
1122	6	-0.03604225858249066
1122	7	-0.048378097289443645
1122	8	-0.0063263308638426
1122	9	0.024547868477185375
1122	10-14	0.033131131498819855
1122	15-19	0.01594052450679584
1122	20-24	0.0048811708420046784
1122	25-29	0.001736918774241758
1122	30-34	0.012805070457204693
1122	35-39	0.010606108395847968
1122	40-44	0.006217358671108286
1122	45-49	0.007145687209202833
1122	50-54	0.007553993566958184
1122	55-59	0.00827904291134729
1122	60-64	0.006036292926474118
1122	65-69	0.011424070349029591
1122	70-74	0.021075166298658132
1122	75-79	0.018481555201361743
1122	80-84	0.023205975586094496
1122	85-89	0.019723187661000452
1122	90-94	0.02952479702888411
1122	95-99	0.042335838759576916
1122	100-104	0.03928025110497657
1122	105-109	0.0247373067696941
1122	110-114	0.034807032287801576
1122	115-119	0.03294164177377468
1122	120-124	0.05373431646984983
1122	125-129	0.048039146073783456
1122	130-134	0.01861412129870388
1122	135-139	0.03356748289112943
1122	140-144	0.04180616197671583
1122	145-149	0.04221161969343967
1122	150-151	0.11279040649743877
1123	1	-0.6135127686243607
1123	2	-0.25034635816238193
1123	3	-0.06333029532862611
1123	4	-0.041423799627025915
1123	5	0.03429116974729851
1123	6	-0.01287798878944102
1123	7	0.03670698060079047
1123	8	0.045165899130566345
1123	9	0.08428949082245651
1123	10-14	0.04899581075101622
1123	15-19	0.029742137008014424
1123	20-24	0.02226230071442359
1123	25-29	0.01468424335147489
1123	30-34	0.024555982217101757
1123	35-39	0.0316926186305011
1123	40-44	0.033997011686309975
1123	45-49	0.04137162578762599
1123	50-54	0.027178979064565567
1123	55-59	0.0351642159556107
1123	60-64	0.028792796888190253
1123	65-69	0.027908054046079656
1123	70-74	0.049138037044052396
1123	75-79	0.04269888024671076
1123	80-84	0.05503646959209618
1123	85-89	0.050831665323073594
1123	90-94	0.04332326275019227
1123	95-99	0.05131584334320394
1123	100-104	0.040306583345234515
1123	105-109	0.043783421772317865
1123	110-114	0.04844319278176101
1123	115-119	0.054794621826232515
1123	120-124	0.05152445546171691
1123	125-129	0.06082058281008784
1123	130-134	0.06052689757337504
1123	135-139	0.05075666371831744
1123	140-144	0.07861654217762037
1123	145-149	0.08011879572168112
1123	150-151	0.12699998028309523
1124	1	-0.47203035244740477
1124	2	-0.1747735631829812
1124	3	-0.08257511012223517
1124	4	-0.03085830152546265
1124	5	0.027938831363329086
1124	6	0.004285802892532331
1124	7	0.043106551817835737
1124	8	0.05383202695549727
1124	9	0.06474578863517166
1124	10-14	0.05870238425008267
1124	15-19	0.019124540485641717
1124	20-24	0.005918934740641646
1124	25-29	0.011582546588158493
1124	30-34	0.014158812044662739
1124	35-39	0.006315423315022883
1124	40-44	0.018517287111514236
1124	45-49	0.019784417478774685
1124	50-54	0.005267205798027419
1124	55-59	7.908491186654487E-4
1124	60-64	0.006651901995788023
1124	65-69	0.010608978326267504
1124	70-74	0.020559826721857632
1124	75-79	0.015338734521485264
1124	80-84	0.018890144880266746
1124	85-89	0.009774727033992292
1124	90-94	0.022648162789295156
1124	95-99	0.020427000777523574
1124	100-104	0.0347770490441448
1124	105-109	0.03341713464582341
1124	110-114	0.038288570976625635
1124	115-119	0.046343648305807505
1124	120-124	0.043251910499279234
1124	125-129	0.04644341778285366
1124	130-134	0.04841733375182855
1124	135-139	0.0511817389816116
1124	140-144	0.0638820160902327
1124	145-149	0.06411367476439978
1124	150-151	0.13643902330337454
1125	1	-0.6585793859128515
1125	2	-0.14768557174942742
1125	3	-0.08133955364536405
1125	4	-0.03093551977318043
1125	5	-0.0038662309082013735
1125	6	0.006473695089454168
1125	7	0.018000590126710847
1125	8	0.016921978772820978
1125	9	0.04385204004672971
1125	10-14	0.043369662481957505
1125	15-19	0.01754871511101186
1125	20-24	0.004542485012763109
1125	25-29	-0.0021229480342057627
1125	30-34	0.0037796421543845327
1125	35-39	-5.217911490973393E-4
1125	40-44	5.008004844526681E-4
1125	45-49	-0.0016686226330833165
1125	50-54	-0.009421873632845745
1125	55-59	0.007283923847523965
1125	60-64	-0.011424898838448883
1125	65-69	-0.001343187614878616
1125	70-74	0.005394411402178889
1125	75-79	0.0014137046956221866
1125	80-84	0.010403393526068783
1125	85-89	0.006362649875896409
1125	90-94	0.018011835421461342
1125	95-99	9.987482363555955E-4
1125	100-104	0.015161610018829208
1125	105-109	0.019869225689170378
1125	110-114	0.006609801538253635
1125	115-119	0.012225220378823565
1125	120-124	0.024846947441041323
1125	125-129	0.028724327204052713
1125	130-134	0.027893002036307735
1125	135-139	0.024039785975574546
1125	140-144	0.030987299695730997
1125	145-149	0.047305300857395594
1125	150-151	0.1030543003847626
1126	1	-0.42278640274810186
1126	2	-0.12844695332767486
1126	3	-0.02079145762596113
1126	4	0.03959406179420455
1126	5	0.029339275576830914
1126	6	0.0329062570786931
1126	7	0.0453860497410048
1126	8	0.05905120306637457
1126	9	0.06599953730716379
1126	10-14	0.05994375582906741
1126	15-19	0.031451316829183895
1126	20-24	0.015075144018865672
1126	25-29	0.014796850766913394
1126	30-34	0.0332263464802125
1126	35-39	0.029832631349272276
1126	40-44	0.03029038377201232
1126	45-49	0.019476958179993176
1126	50-54	0.019025662534268406
1126	55-59	0.020127019236710453
1126	60-64	0.030137765025145313
1126	65-69	0.019807752808240764
1126	70-74	0.030099211970046724
1126	75-79	0.02931154499504629
1126	80-84	0.04458882386649066
1126	85-89	0.029849414479720338
1126	90-94	0.03228247187516331
1126	95-99	0.05495110276746118
1126	100-104	0.05626412782996937
1126	105-109	0.04809218282024119
1126	110-114	0.06202875415829112
1126	115-119	0.054176342544820955
1126	120-124	0.049008563665672966
1126	125-129	0.06775458807866386
1126	130-134	0.06031427181972049
1126	135-139	0.0695050770585226
1126	140-144	0.08798162227439832
1126	145-149	0.09937496480380759
1126	150-151	0.1471431815736821
1127	1	-0.29095889660953844
1127	2	-0.09024046517809126
1127	3	-0.08389204221921176
1127	4	0.006196519920855792
1127	5	-0.0052294647470105815
1127	6	0.02500986609491207
1127	7	0.027738704410097625
1127	8	0.034934509232542155
1127	9	0.07557963934598178
1127	10-14	0.0416569888762055
1127	15-19	0.012115805136694746
1127	20-24	-0.003963338557575469
1127	25-29	-0.005024160441053027
1127	30-34	0.00960454180442838
1127	35-39	0.016372150284020393
1127	40-44	0.010883843678946903
1127	45-49	0.005798128867468222
1127	50-54	0.0173212420413833
1127	55-59	0.010638344239630726
1127	60-64	0.015168937397525895
1127	65-69	0.01432103577490551
1127	70-74	0.01800434016343644
1127	75-79	0.023576173066878425
1127	80-84	0.019519538549658932
1127	85-89	0.034771873937465614
1127	90-94	0.03329586981629262
1127	95-99	0.030159704777730667
1127	100-104	0.033245922272179484
1127	105-109	0.022669515758437342
1127	110-114	0.03147657222518063
1127	115-119	0.03446774980489664
1127	120-124	0.014170184592103396
1127	125-129	0.045819878873196274
1127	130-134	0.04052591254627913
1127	135-139	0.03379125111545278
1127	140-144	0.052435991632656
1127	145-149	0.054091445094648805
1127	150-151	0.1415538239799119
1128	1	-0.36147569313057915
1128	2	-0.06451408159256289
1128	3	-0.016450339941997072
1128	4	0.037530187165288
1128	5	0.05753764263332073
1128	6	0.045642095628402046
1128	7	0.03560970063313107
1128	8	0.0345106498546599
1128	9	0.08434334820694289
1128	10-14	0.05785672921231111
1128	15-19	0.016624962365924034
1128	20-24	0.008038894668153773
1128	25-29	0.00947711151275854
1128	30-34	0.012843925474577134
1128	35-39	0.016203526301183047
1128	40-44	0.01502204855403022
1128	45-49	0.014724316740839072
1128	50-54	0.001555069190310121
1128	55-59	1.760216414226079E-4
1128	60-64	0.006834938848754746
1128	65-69	0.00476746120492777
1128	70-74	0.01028926608791636
1128	75-79	0.0032380660914839154
1128	80-84	0.010496819462744611
1128	85-89	0.01981141965122646
1128	90-94	0.009430389387006244
1128	95-99	0.03085864931668425
1128	100-104	0.021866593133680112
1128	105-109	0.016680278263706327
1128	110-114	0.03749095150769932
1128	115-119	0.029413706551103758
1128	120-124	0.01344790653570982
1128	125-129	0.04065680210560885
1128	130-134	0.03783078170301479
1128	135-139	0.04195711611115627
1128	140-144	0.05543613700979222
1128	145-149	0.07297830948140671
1128	150-151	0.1368331151952944
1129	1	-0.432894812976798
1129	2	-0.08216754195079545
1129	3	-0.019533783092406054
1129	4	0.01962907154117488
1129	5	0.02422693901582562
1129	6	0.03949264801897101
1129	7	0.04967978693115782
1129	8	0.034055036784614856
1129	9	0.057928939462662754
1129	10-14	0.05521048303718601
1129	15-19	0.0182475354017555
1129	20-24	0.009040542930058848
1129	25-29	0.010094877229768429
1129	30-34	0.013848602885843775
1129	35-39	0.015999965588299858
1129	40-44	0.022619537655110378
1129	45-49	0.01620541546300558
1129	50-54	0.02538526471968794
1129	55-59	0.016436478559285206
1129	60-64	0.01527213917502479
1129	65-69	0.021709776667549363
1129	70-74	0.02399866310774712
1129	75-79	0.008867425682751673
1129	80-84	0.023547192262100225
1129	85-89	0.019293688993762714
1129	90-94	0.026773211373011918
1129	95-99	0.026491171925520973
1129	100-104	0.032367990155904636
1129	105-109	0.020936512572149013
1129	110-114	0.015932702210982086
1129	115-119	0.023813435649429948
1129	120-124	0.02612854562702438
1129	125-129	0.04710930390305634
1129	130-134	0.05712334940483288
1129	135-139	0.06407925345265397
1129	140-144	0.06961768122198464
1129	145-149	0.10277759537233777
1129	150-151	0.13272360175305664
1130	1	-0.5352235930784701
1130	2	-0.1530427366327629
1130	3	-0.04676239505455726
1130	4	-0.013221154951260417
1130	5	-0.006949278947935511
1130	6	0.014180380677245807
1130	7	0.016196968469330386
1130	8	0.048761979281266576
1130	9	0.05272539094666229
1130	10-14	0.05525056839094589
1130	15-19	0.005795072916903621
1130	20-24	0.008109852439808662
1130	25-29	0.005574149804786543
1130	30-34	0.020087062435067082
1130	35-39	0.024899574381436196
1130	40-44	0.009614251978575794
1130	45-49	0.004523652687183244
1130	50-54	0.007353320161485044
1130	55-59	0.008843165645096462
1130	60-64	0.006740851958923599
1130	65-69	0.021537816668804055
1130	70-74	0.022472784138280133
1130	75-79	0.026109930906997647
1130	80-84	0.03177277941388468
1130	85-89	0.023795340519953356
1130	90-94	0.024784628347880755
1130	95-99	0.020400503404019332
1130	100-104	0.024870928212720855
1130	105-109	0.01744152888725381
1130	110-114	0.025996466632932425
1130	115-119	0.03406157503740559
1130	120-124	0.037066852871873834
1130	125-129	0.043812513093719474
1130	130-134	0.03482852818840598
1130	135-139	0.04966886256531211
1130	140-144	0.052777587290769645
1130	145-149	0.0674040063869299
1130	150-151	0.1392660534425474
1131	1	-0.4878656746336958
1131	2	-0.17255542018153847
1131	3	-0.10841365559623029
1131	4	-0.030131661530525378
1131	5	-0.009968690439151828
1131	6	-0.002376235584257813
1131	7	-0.010642638921723346
1131	8	0.005977774575796957
1131	9	0.05847363453926846
1131	10-14	0.05901111771656531
1131	15-19	0.012062966589681423
1131	20-24	0.007583082625515658
1131	25-29	0.0069530528972094885
1131	30-34	0.01379788276712901
1131	35-39	0.011847922434085945
1131	40-44	0.015774593608682608
1131	45-49	0.014713218103885595
1131	50-54	0.004997733033654583
1131	55-59	0.01775840380612692
1131	60-64	0.01634283233380529
1131	65-69	0.009396821175833736
1131	70-74	0.0220600338910657
1131	75-79	0.01795117214991393
1131	80-84	0.024014208546439875
1131	85-89	0.027709455948560446
1131	90-94	0.019944349846348075
1131	95-99	0.030616934536467966
1131	100-104	0.02964136170988496
1131	105-109	0.02075825749388116
1131	110-114	0.03510538711805111
1131	115-119	0.031535883631889305
1131	120-124	0.014988114122992613
1131	125-129	0.043681405632320036
1131	130-134	0.027852224298079875
1131	135-139	0.042664292704934326
1131	140-144	0.037365547153527245
1131	145-149	0.07475267809531516
1131	150-151	0.14767508636064264
1132	1	-0.6907979594758942
1132	2	-0.16392187695154092
1132	3	-0.06812602307561377
1132	4	-0.010486138216244001
1132	5	0.037973876565907005
1132	6	0.03711565276122997
1132	7	0.03351754935682294
1132	8	0.048801830258383916
1132	9	0.07092832260172344
1132	10-14	0.06733676865215443
1132	15-19	0.011111820884529777
1132	20-24	0.009575984457782738
1132	25-29	0.0035526942597527977
1132	30-34	0.024429249669481123
1132	35-39	0.021497351333195525
1132	40-44	0.02161722047856074
1132	45-49	0.022354421068122576
1132	50-54	0.026592571632903628
1132	55-59	0.014157174766580738
1132	60-64	0.018311222361845125
1132	65-69	0.03027661696630446
1132	70-74	0.028184752864873985
1132	75-79	0.01796329040772804
1132	80-84	0.03477827901073027
1132	85-89	0.03874839719408385
1132	90-94	0.03002096706828894
1132	95-99	0.04961721382321116
1132	100-104	0.05304755842261244
1132	105-109	0.06463362613212098
1132	110-114	0.062067255719121306
1132	115-119	0.05020259851631437
1132	120-124	0.04916811046187064
1132	125-129	0.053488916901059724
1132	130-134	0.04967484598497407
1132	135-139	0.054036149712345605
1132	140-144	0.05162116126994931
1132	145-149	0.06105624696215273
1132	150-151	0.14894663564920307
1133	1	-0.6438376987285466
1133	2	-0.1312273239178552
1133	3	-0.06682514551954455
1133	4	-0.006032762474916353
1133	5	0.03227857953378077
1133	6	0.02151393667538315
1133	7	0.021956388366895396
1133	8	0.04002241046238453
1133	9	0.07040905541618514
1133	10-14	0.060765585138028655
1133	15-19	0.030548557996887382
1133	20-24	0.011463863539631802
1133	25-29	0.01682954131586456
1133	30-34	0.016460374413227896
1133	35-39	0.021942247452940933
1133	40-44	0.027030855109657637
1133	45-49	0.018940786084549188
1133	50-54	0.015246590526096782
1133	55-59	0.022029949272884153
1133	60-64	0.023703013756893654
1133	65-69	0.02611306166444649
1133	70-74	0.031165959831398027
1133	75-79	0.034669555566566146
1133	80-84	0.0318052208616777
1133	85-89	0.03909658955645767
1133	90-94	0.029409909791958455
1133	95-99	0.04598022225301435
1133	100-104	0.04614981481509517
1133	105-109	0.05864256953178426
1133	110-114	0.05300586387564721
1133	115-119	0.06988106821435736
1133	120-124	0.06617947864375395
1133	125-129	0.07708608102364423
1133	130-134	0.06967343588900832
1133	135-139	0.0672911000655958
1133	140-144	0.0684436962864794
1133	145-149	0.082306114253484
1133	150-151	0.18556064201634825
1134	1	-0.6283571938471866
1134	2	-0.22902295211642354
1134	3	-0.07014583755263715
1134	4	-0.07067237416227101
1134	5	-0.003625873211341002
1134	6	0.015564595403539272
1134	7	0.02948178688961889
1134	8	0.04127009058894515
1134	9	0.04867249123908124
1134	10-14	0.059115460177601165
1134	15-19	0.01967460745697025
1134	20-24	0.004220941129666755
1134	25-29	0.004467905779470982
1134	30-34	0.024748485740417436
1134	35-39	0.021206343746833056
1134	40-44	0.02116429699175626
1134	45-49	0.026455272005840413
1134	50-54	0.021146651999615074
1134	55-59	0.014879712024736591
1134	60-64	0.019578866950922702
1134	65-69	0.022418874314922732
1134	70-74	0.033646608506479936
1134	75-79	0.027266035120725007
1134	80-84	0.024189611445677883
1134	85-89	0.020393092946314084
1134	90-94	0.03393854317614853
1134	95-99	0.0508871745027335
1134	100-104	0.04658071497050997
1134	105-109	0.0485484970856902
1134	110-114	0.04501438683855952
1134	115-119	0.051661509420092955
1134	120-124	0.06047303587790509
1134	125-129	0.061529946905338306
1134	130-134	0.05192579139635001
1134	135-139	0.05930605250861731
1134	140-144	0.0560199244584112
1134	145-149	0.06323200362864867
1134	150-151	0.14608855553559152
1135	1	-0.6400198556024606
1135	2	-0.14000834222303382
1135	3	-0.06882946772312692
1135	4	-0.05035728393441019
1135	5	-0.010200982593836727
1135	6	-0.004571025131710371
1135	7	0.00559688429560623
1135	8	0.05022974827119242
1135	9	0.05640953175953456
1135	10-14	0.04365028144934513
1135	15-19	0.020349410859914485
1135	20-24	0.008218903709661163
1135	25-29	-0.0019334764423390993
1135	30-34	0.01762787919632558
1135	35-39	0.024842606804476475
1135	40-44	0.022916773814685598
1135	45-49	0.020062357636213335
1135	50-54	0.0244268518903894
1135	55-59	0.01759883390589323
1135	60-64	0.0234168216414119
1135	65-69	0.016724044276493544
1135	70-74	0.024798336208966987
1135	75-79	0.03431488627852275
1135	80-84	0.04969435735942085
1135	85-89	0.04006299361741128
1135	90-94	0.04793976090056873
1135	95-99	0.05567060604668228
1135	100-104	0.05343906609213178
1135	105-109	0.05588857512594103
1135	110-114	0.04460315319481367
1135	115-119	0.046853495667498635
1135	120-124	0.03702925960890724
1135	125-129	0.049767565066495933
1135	130-134	0.045613212219443255
1135	135-139	0.030977911949634063
1135	140-144	0.06475494934414883
1135	145-149	0.06906911969637264
1135	150-151	0.13802694415446837
1136	1	-0.6411082460559498
1136	2	-0.2579938399593118
1136	3	-0.09238398348470156
1136	4	-0.13892623390602665
1136	5	-0.00915475340119798
1136	6	0.014617751400727741
1136	7	0.020957362704599802
1136	8	0.020413930373258893
1136	9	0.06922254184558341
1136	10-14	0.056087773185609535
1136	15-19	0.009155431865828234
1136	20-24	0.00318633883811259
1136	25-29	0.0060202134520253026
1136	30-34	0.02313352166336813
1136	35-39	0.015749584942057027
1136	40-44	0.031125191034121258
1136	45-49	0.03015858783042802
1136	50-54	0.022463167757507563
1136	55-59	0.04364133577475826
1136	60-64	0.027935021957674167
1136	65-69	0.030121287313242817
1136	70-74	0.031757148849955286
1136	75-79	0.04087501068611488
1136	80-84	0.03885951945815691
1136	85-89	0.03695606347924496
1136	90-94	0.034912758818535394
1136	95-99	0.05541088841275155
1136	100-104	0.0453950086194439
1136	105-109	0.034566586370836205
1136	110-114	0.046332320365358726
1136	115-119	0.048773847502303624
1136	120-124	0.04253822546802155
1136	125-129	0.03159612383600319
1136	130-134	0.019872326434857257
1136	135-139	0.0269071907981413
1136	140-144	0.045568217999260696
1136	145-149	0.07990204422999625
1136	150-151	0.13459890189221113
1137	1	-0.7525769767364991
1137	2	-0.26950429691082434
1137	3	-0.07132381694722767
1137	4	-0.07022271494546573
1137	5	-0.013212075809086343
1137	6	-0.010462176131326828
1137	7	0.01619024277480463
1137	8	0.04558275850443749
1137	9	0.05828538433881647
1137	10-14	0.05895638439256601
1137	15-19	0.028680181189962184
1137	20-24	0.017903670180203335
1137	25-29	0.012692070561080016
1137	30-34	0.022899916830517952
1137	35-39	0.027476944564838846
1137	40-44	0.02429326324080705
1137	45-49	0.023353972262931677
1137	50-54	0.023097218049876744
1137	55-59	0.022205230767269768
1137	60-64	0.017959569230079353
1137	65-69	0.012131514789260223
1137	70-74	0.035296937730542766
1137	75-79	0.03385245057295805
1137	80-84	0.03301089860572404
1137	85-89	0.04049589869912751
1137	90-94	0.04306379300540186
1137	95-99	0.03924893922785344
1137	100-104	0.04032974568378478
1137	105-109	0.04359779253296381
1137	110-114	0.03511513505879549
1137	115-119	0.054150219177273584
1137	120-124	0.03584258426239728
1137	125-129	0.03615245127181055
1137	130-134	0.041712572536241055
1137	135-139	0.032979574056149374
1137	140-144	0.051497413495809496
1137	145-149	0.07338351015879852
1137	150-151	0.14846658698167658
1138	1	-0.5549182396791466
1138	2	-0.12625601845971346
1138	3	-0.10450687451433538
1138	4	-0.019861853744195912
1138	5	-0.00853450250086496
1138	6	-0.00969009742976823
1138	7	0.019696686783596817
1138	8	0.04423223138906707
1138	9	0.06901872019504651
1138	10-14	0.04715108218769615
1138	15-19	0.023977710289265985
1138	20-24	0.008410187925186108
1138	25-29	0.012897940251342277
1138	30-34	0.03613452051136079
1138	35-39	0.031002193486479257
1138	40-44	0.0374754062395013
1138	45-49	0.036722866282623556
1138	50-54	0.030729963261123316
1138	55-59	0.026866697467731626
1138	60-64	0.03604965106637792
1138	65-69	0.041231178325887186
1138	70-74	0.036398994597981016
1138	75-79	0.04266204732828527
1138	80-84	0.054807984572988744
1138	85-89	0.047969024931610704
1138	90-94	0.05962572604281746
1138	95-99	0.06290607522121405
1138	100-104	0.0723218435535955
1138	105-109	0.0656371809808931
1138	110-114	0.08055167429656507
1138	115-119	0.08071615502267093
1138	120-124	0.06342909590705403
1138	125-129	0.06071155485508939
1138	130-134	0.07041595959342573
1138	135-139	0.07562923188633164
1138	140-144	0.06769682680567257
1138	145-149	0.0859007259923743
1138	150-151	0.1337919076055627
1139	1	-0.850385304079218
1139	2	-0.23121569136645093
1139	3	-0.10951218039119226
1139	4	-0.03369245034672019
1139	5	-0.016347428500687045
1139	6	0.005694081604836754
1139	7	0.025544174918984197
1139	8	0.05668767066387659
1139	9	0.047225538041388404
1139	10-14	0.06059057337437679
1139	15-19	0.02510653068510038
1139	20-24	0.026713766975007047
1139	25-29	0.023570917394266644
1139	30-34	0.03587119839947661
1139	35-39	0.028988608464864285
1139	40-44	0.02944085979284239
1139	45-49	0.024372457209409504
1139	50-54	0.03315587165064926
1139	55-59	0.02566158953250408
1139	60-64	0.030203327672353453
1139	65-69	0.03752161053537151
1139	70-74	0.03761986487905489
1139	75-79	0.0373723413487852
1139	80-84	0.04760575768968067
1139	85-89	0.03879342332264457
1139	90-94	0.04876414643742066
1139	95-99	0.05675611427523819
1139	100-104	0.040452346922400295
1139	105-109	0.04035536645021409
1139	110-114	0.05295540048589942
1139	115-119	0.049495421178875176
1139	120-124	0.04664288462371502
1139	125-129	0.05946766147481952
1139	130-134	0.05596054774764525
1139	135-139	0.053145677690096704
1139	140-144	0.0424513299687419
1139	145-149	0.06936578395029613
1139	150-151	0.14555556639522393
1140	1	-0.8800716366554653
1140	2	-0.25926116920744846
1140	3	-0.1177476328011835
1140	4	-0.08074100481707802
1140	5	-0.0037456555492454413
1140	6	0.012175972076221342
1140	7	0.03636205867238829
1140	8	0.027931248331505287
1140	9	0.06881613930790564
1140	10-14	0.062455832411203005
1140	15-19	0.03432566654583269
1140	20-24	0.036247606492054274
1140	25-29	0.03751505645016806
1140	30-34	0.046960222828914766
1140	35-39	0.03148668973168611
1140	40-44	0.03478263815453886
1140	45-49	0.03757229171080212
1140	50-54	0.04141512272838099
1140	55-59	0.04309486590700118
1140	60-64	0.04105032096030925
1140	65-69	0.03765740194566547
1140	70-74	0.032810912538934645
1140	75-79	0.025876881098703564
1140	80-84	0.0503995697436892
1140	85-89	0.05056459235004951
1140	90-94	0.05559924539925731
1140	95-99	0.0575103041741869
1140	100-104	0.06799358806058109
1140	105-109	0.055418935110715495
1140	110-114	0.06659193679234221
1140	115-119	0.05793939458998665
1140	120-124	0.04437798056534348
1140	125-129	0.05075046543581152
1140	130-134	0.06501612682652791
1140	135-139	0.07062505156115151
1140	140-144	0.07219309080017666
1140	145-149	0.07336767566957292
1140	150-151	0.13192682873798134
1141	1	-0.6614351853352289
1141	2	-0.20913330449815248
1141	3	-0.0943588825936672
1141	4	-0.02826460406284781
1141	5	0.00979739169262217
1141	6	-0.009949885090101418
1141	7	0.014056591908612859
1141	8	0.04255762017906761
1141	9	0.07992190807654254
1141	10-14	0.04973250862279599
1141	15-19	0.033259970938530614
1141	20-24	0.028567736555046963
1141	25-29	0.02882143838922957
1141	30-34	0.03240630095950081
1141	35-39	0.024557867938753475
1141	40-44	0.0309478875145075
1141	45-49	0.036301598675372304
1141	50-54	0.04815225440005122
1141	55-59	0.04365998315356734
1141	60-64	0.04063891899247096
1141	65-69	0.049752150240159665
1141	70-74	0.03545358335981774
1141	75-79	0.04219971198173056
1141	80-84	0.05356350206227489
1141	85-89	0.03833717766713107
1141	90-94	0.03480578397797274
1141	95-99	0.03963565806702718
1141	100-104	0.04375947583383066
1141	105-109	0.045267589349251125
1141	110-114	0.05659496435204403
1141	115-119	0.05204694643175145
1141	120-124	0.048751924183008555
1141	125-129	0.07202022578057665
1141	130-134	0.06106066746327343
1141	135-139	0.07061315614851083
1141	140-144	0.057472949669715945
1141	145-149	0.08804864841764726
1141	150-151	0.11397165930385711
1142	1	-0.8577570789241804
1142	2	-0.1741361761941036
1142	3	-0.12405694129739686
1142	4	-0.013171451743360763
1142	5	-0.005456710576325463
1142	6	0.00323343458985903
1142	7	0.02264613270367022
1142	8	0.046958843152133056
1142	9	0.07641704280057127
1142	10-14	0.06531511201744422
1142	15-19	0.019316656276735955
1142	20-24	0.01598148253178522
1142	25-29	0.016226137355928927
1142	30-34	0.02445482149261835
1142	35-39	0.030342855073811847
1142	40-44	0.019026702573285093
1142	45-49	0.015857330067369446
1142	50-54	0.030546242291435988
1142	55-59	0.021593847244375297
1142	60-64	0.02732825166209807
1142	65-69	0.025495283196740104
1142	70-74	0.02987523727352226
1142	75-79	0.023050359285910815
1142	80-84	0.029763737406142354
1142	85-89	0.029348938461922103
1142	90-94	0.023756015928171337
1142	95-99	0.027144717871948387
1142	100-104	0.038285305714858
1142	105-109	0.020928830079931515
1142	110-114	0.025905834637129033
1142	115-119	0.03032025864545318
1142	120-124	0.013617053590436967
1142	125-129	0.02662456375406208
1142	130-134	0.02638178564420457
1142	135-139	0.044654610521973837
1142	140-144	0.0392317818607566
1142	145-149	0.03966099453238314
1142	150-151	0.10374946073389424
1143	1	-0.6217808567421841
1143	2	-0.15784415873284274
1143	3	-0.07907833752575755
1143	4	-0.006997318791377438
1143	5	0.03477636314888599
1143	6	0.022021022551705016
1143	7	0.0414049878458016
1143	8	0.06075705884116189
1143	9	0.06979087651966154
1143	10-14	0.055624502266496734
1143	15-19	0.031491203488123176
1143	20-24	0.023575213714977394
1143	25-29	0.011015024369754656
1143	30-34	0.011746722081717564
1143	35-39	0.019283439263418245
1143	40-44	0.016793968333537634
1143	45-49	0.017251458132122366
1143	50-54	0.01340339787202538
1143	55-59	0.02661472922250141
1143	60-64	0.023176576074874333
1143	65-69	0.008594419704529344
1143	70-74	0.01390704968501666
1143	75-79	0.010701926411762486
1143	80-84	0.014846697246383656
1143	85-89	0.02178631490068028
1143	90-94	0.010975724983950386
1143	95-99	0.013470316395334692
1143	100-104	0.018767912580315738
1143	105-109	0.01664056678195891
1143	110-114	0.0142120575991882
1143	115-119	0.01707237063875766
1143	120-124	-0.009474045235513984
1143	125-129	0.018854494319278103
1143	130-134	0.01523277709788573
1143	135-139	0.017225980078286796
1143	140-144	0.015310645737976358
1143	145-149	0.05138216918642513
1143	150-151	0.12411811550698104
1144	1	-0.6025346640419755
1144	2	-0.129339495184567
1144	3	-0.09289702512283782
1144	4	0.04063890809987214
1144	5	0.0056827733166286976
1144	6	0.06244824778356417
1144	7	0.04389310618174136
1144	8	0.03482624326781547
1144	9	0.05714112550103323
1144	10-14	0.07127329063668952
1144	15-19	0.03691568759299457
1144	20-24	0.03318459125758011
1144	25-29	0.022482169117367334
1144	30-34	0.033069128863211006
1144	35-39	0.024874589555388127
1144	40-44	0.02078035867664596
1144	45-49	0.01952656335401315
1144	50-54	0.021954240553505144
1144	55-59	0.017984323533447366
1144	60-64	0.02738489931653021
1144	65-69	0.006868859972051666
1144	70-74	0.029755248148383373
1144	75-79	0.016521506036831113
1144	80-84	0.01887077031340567
1144	85-89	0.020222720182658804
1144	90-94	0.023112854801745186
1144	95-99	0.0197125693299256
1144	100-104	0.022842724117069224
1144	105-109	0.021246449200347683
1144	110-114	0.013790898044490518
1144	115-119	0.026264481549929997
1144	120-124	0.022159488162841967
1144	125-129	0.040866538059248114
1144	130-134	0.04841207938709147
1144	135-139	0.04818834397541849
1144	140-144	0.046600685022795574
1144	145-149	0.05603919621655251
1144	150-151	0.10024411199564298
1145	1	-0.7785073710449382
1145	2	-0.13996852285578143
1145	3	-0.0717660400293525
1145	4	-0.009696457789999613
1145	5	0.01674837159513487
1145	6	0.047914522923733216
1145	7	0.015751957272989614
1145	8	0.03389893543446476
1145	9	0.08818915461047538
1145	10-14	0.07173753238274116
1145	15-19	0.03925134613637482
1145	20-24	0.03782407796308007
1145	25-29	0.02528426215823032
1145	30-34	0.04711671603206469
1145	35-39	0.05137286597172874
1145	40-44	0.030401435597106286
1145	45-49	0.03332050194745051
1145	50-54	0.03837071281169102
1145	55-59	0.036669341403623434
1145	60-64	0.03799167698651473
1145	65-69	0.04016266999189355
1145	70-74	0.036930747147629006
1145	75-79	0.0483166300779132
1145	80-84	0.05231467463202932
1145	85-89	0.04438805238073229
1145	90-94	0.0467257835550825
1145	95-99	0.041130789914952004
1145	100-104	0.04367321938540414
1145	105-109	0.04728757978240594
1145	110-114	0.044758513933558675
1145	115-119	0.030567798266126545
1145	120-124	0.026585171853604095
1145	125-129	0.04177242988178875
1145	130-134	0.033755972127671896
1145	135-139	0.04580518682042367
1145	140-144	0.027395041979701773
1145	145-149	0.04760502472995398
1145	150-151	0.1067424708359681
1146	1	-0.6090521576741708
1146	2	-0.10763186202103014
1146	3	-0.006253532031600173
1146	4	0.0021805360613669222
1146	5	0.04389187896516944
1146	6	0.061321581330759045
1146	7	0.07371242387912957
1146	8	0.06391780672382197
1146	9	0.0703150245642874
1146	10-14	0.09064983372149271
1146	15-19	0.04917595968751698
1146	20-24	0.040350457563427256
1146	25-29	0.037289103802272905
1146	30-34	0.036802308789134486
1146	35-39	0.034070982258960214
1146	40-44	0.04615844894986765
1146	45-49	0.04493766609087402
1146	50-54	0.039969048335819934
1146	55-59	0.03379827574713801
1146	60-64	0.03144631263484854
1146	65-69	0.046139046450818455
1146	70-74	0.04277012371188249
1146	75-79	0.05287182868823237
1146	80-84	0.05818103704163491
1146	85-89	0.03894273811685878
1146	90-94	0.03470872740697928
1146	95-99	0.05010507638744599
1146	100-104	0.05605673758459062
1146	105-109	0.05552958428739885
1146	110-114	0.05300166790126326
1146	115-119	0.05515044487923859
1146	120-124	0.049097525187626445
1146	125-129	0.049647153718204606
1146	130-134	0.040511238534350014
1146	135-139	0.03257416323488371
1146	140-144	0.04119586614463344
1146	145-149	0.05119046840214736
1146	150-151	0.1110763692606227
1147	1	-0.5911326872903686
1147	2	-0.15056852164177315
1147	3	-0.04444097951510173
1147	4	-0.0018898039613901574
1147	5	0.025081798133321342
1147	6	0.053179758424633405
1147	7	0.04763516524621281
1147	8	0.05238055584899115
1147	9	0.06585144969327672
1147	10-14	0.07436956693481989
1147	15-19	0.03382980396503399
1147	20-24	0.03135646064539088
1147	25-29	0.02973691391847666
1147	30-34	0.030139324829349334
1147	35-39	0.03048769843424992
1147	40-44	0.0369355792637549
1147	45-49	0.02666654008090319
1147	50-54	0.03429133564373643
1147	55-59	0.02147526865657312
1147	60-64	0.020682403733118804
1147	65-69	0.038363155081775346
1147	70-74	0.03658106483689494
1147	75-79	0.030228164644967137
1147	80-84	0.031578119268793614
1147	85-89	0.027733263538337383
1147	90-94	0.031831883819059215
1147	95-99	0.03942690584086961
1147	100-104	0.04037756366128065
1147	105-109	0.04531888650581806
1147	110-114	0.04948668379935128
1147	115-119	0.033606057695450886
1147	120-124	0.04453466430133801
1147	125-129	0.05326919238194705
1147	130-134	0.03721498035779547
1147	135-139	0.0387193959883092
1147	140-144	0.051071919005373445
1147	145-149	0.058305701594086656
1147	150-151	0.1323461690099137
1148	1	-0.65287842101732
1148	2	-0.13378077579341152
1148	3	-0.058434713534325056
1148	4	-0.02488134327438729
1148	5	0.023503020833423705
1148	6	-0.015475386889697518
1148	7	0.05632215828914866
1148	8	0.040992074395092004
1148	9	0.06911761294001195
1148	10-14	0.0657118022233334
1148	15-19	0.04411805544710745
1148	20-24	0.032688784708078344
1148	25-29	0.030477445338483733
1148	30-34	0.03998516379031969
1148	35-39	0.0324412611393754
1148	40-44	0.02634180463667235
1148	45-49	0.031030139848617466
1148	50-54	0.026094027211314597
1148	55-59	0.030673838497676797
1148	60-64	0.029714553536059896
1148	65-69	0.050116749385004766
1148	70-74	0.042631569462294294
1148	75-79	0.022403308525738908
1148	80-84	0.04186138336834233
1148	85-89	0.04308047460201436
1148	90-94	0.03824003339913418
1148	95-99	0.04518784873496884
1148	100-104	0.03293816950648676
1148	105-109	0.03443385823766221
1148	110-114	0.029839590839813468
1148	115-119	0.031057362539556266
1148	120-124	0.03334228805333339
1148	125-129	0.02859075400117206
1148	130-134	0.0016137208408366632
1148	135-139	0.012285385757465406
1148	140-144	0.020866247207095512
1148	145-149	0.0016668877280139327
1148	150-151	0.07434961990175992
1149	1	-0.4651822037886646
1149	2	-0.033866650787850006
1149	3	-0.010468787641897848
1149	4	0.012219999076123145
1149	5	0.030833175502159804
1149	6	0.03096472980232079
1149	7	0.04055848351602975
1149	8	0.04794355122254501
1149	9	0.08875156320296895
1149	10-14	0.0651112974378023
1149	15-19	0.04810523567555691
1149	20-24	0.022311537871395615
1149	25-29	0.03136535788741668
1149	30-34	0.026237484867266403
1149	35-39	0.02942328859113985
1149	40-44	0.026843056136961252
1149	45-49	0.017748294234202433
1149	50-54	0.02259805163973283
1149	55-59	0.014420857095103656
1149	60-64	0.03047155316207295
1149	65-69	0.03410083446986789
1149	70-74	0.03402498542760668
1149	75-79	0.037790501395051024
1149	80-84	0.02980502869311863
1149	85-89	0.016015564575276642
1149	90-94	0.03563119443126084
1149	95-99	0.047599658504957176
1149	100-104	0.0364444744682757
1149	105-109	0.032246511520789056
1149	110-114	0.027859790013728514
1149	115-119	0.0360696274156993
1149	120-124	0.02645523516364534
1149	125-129	0.026443612682541584
1149	130-134	-4.7055322895772633E-4
1149	135-139	0.024633114698360714
1149	140-144	0.012859121562975417
1149	145-149	0.03226556524179358
1149	150-151	0.07657142107847648
1150	1	-0.47931927506986227
1150	2	-0.10349830562752516
1150	3	-0.04045381293747141
1150	4	0.021093196275145942
1150	5	0.007589628853381214
1150	6	-2.341793507483203E-4
1150	7	0.015549619142703364
1150	8	0.028342312537084524
1150	9	0.04552784407839283
1150	10-14	0.04713266697210372
1150	15-19	0.026443813617319734
1150	20-24	0.03251949281906974
1150	25-29	0.024114895279474524
1150	30-34	0.020988738743895397
1150	35-39	0.02254642112802685
1150	40-44	0.024800726032026432
1150	45-49	0.019198602672986453
1150	50-54	0.02118050321747944
1150	55-59	0.020738500071900035
1150	60-64	0.026595380139546876
1150	65-69	0.03760734779678643
1150	70-74	0.045733216325693604
1150	75-79	0.036575659657387405
1150	80-84	0.038530831960791545
1150	85-89	0.02994094224813182
1150	90-94	0.033198854020945134
1150	95-99	0.028655009349776606
1150	100-104	0.0377786828113571
1150	105-109	0.03029257610672431
1150	110-114	0.03675470248806789
1150	115-119	0.02771977835832473
1150	120-124	0.021372038533222337
1150	125-129	0.014701349045388667
1150	130-134	0.021426818331612196
1150	135-139	0.014429569152710542
1150	140-144	-2.141308845367007E-4
1150	145-149	0.04680680459969011
1150	150-151	0.08840637402055762
1151	1	-0.39980968445607346
1151	2	-0.05906558086073943
1151	3	-0.05915625248981371
1151	4	0.027924681098824067
1151	5	-0.01881198839653564
1151	6	-0.00798367943593803
1151	7	0.005043214289301545
1151	8	0.009025804508858926
1151	9	0.028680368304478066
1151	10-14	0.030991543343674266
1151	15-19	0.02688364403735477
1151	20-24	0.03124227515536404
1151	25-29	0.04100230317888531
1151	30-34	0.03531313831720695
1151	35-39	0.025180520589671573
1151	40-44	0.027178109650684235
1151	45-49	0.03356572858569962
1151	50-54	0.03507832702072733
1151	55-59	0.03290678563420357
1151	60-64	0.03822355299135438
1151	65-69	0.029139705938540317
1151	70-74	0.040221093706584554
1151	75-79	0.03638167465091158
1151	80-84	0.041005861023087675
1151	85-89	0.025145100582413704
1151	90-94	0.03762934741732238
1151	95-99	0.03863515221798508
1151	100-104	0.043100312183142364
1151	105-109	0.0334152759184434
1151	110-114	0.036539548419490586
1151	115-119	0.02664681336044339
1151	120-124	0.015341870895639431
1151	125-129	0.012692427483791846
1151	130-134	0.015537146531720225
1151	135-139	0.005281236392697508
1151	140-144	-0.007643667422755129
1151	145-149	0.013014459508511322
1151	150-151	0.02760890414165118
1152	1	-0.17302998771183553
1152	2	-0.06450804086002648
1152	3	-0.03342427781419843
1152	4	0.016650161969899102
1152	5	-0.005935999817779702
1152	6	0.017803927395405594
1152	7	-1.3806397047488872E-4
1152	8	0.005686974607911566
1152	9	0.059611689042206706
1152	10-14	0.01394323900935035
1152	15-19	0.03042927256415595
1152	20-24	0.028662315618497303
1152	25-29	0.030878210080160784
1152	30-34	0.03852709436695534
1152	35-39	0.028653940237767017
1152	40-44	0.033849419818103854
1152	45-49	0.03216534964754203
1152	50-54	0.01127862488043263
1152	55-59	0.010410464965687538
1152	60-64	0.021274588785594517
1152	65-69	0.031813720852738925
1152	70-74	0.03268809628975333
1152	75-79	0.031242843584308844
1152	80-84	0.017287700364221337
1152	85-89	0.022778696883761995
1152	90-94	0.022572685186389663
1152	95-99	0.027547147935457872
1152	100-104	0.03202881662646462
1152	105-109	0.018922533111911832
1152	110-114	0.019821910771689488
1152	115-119	0.026954850772128225
1152	120-124	0.023879073852505428
1152	125-129	0.03937986065538723
1152	130-134	0.02370468808098991
1152	135-139	0.0133161811575917
1152	140-144	0.012294687129859483
1152	145-149	0.025003642383254032
1152	150-151	0.10183042126717368
1153	1	-0.3952129511784719
1153	2	-0.05167384876582304
1153	3	-0.04226074113772427
1153	4	0.02877235681635426
1153	5	-0.006841645140397645
1153	6	0.027415310266192705
1153	7	0.026207940246415262
1153	8	0.07578638536098481
1153	9	0.055766428585037886
1153	10-14	0.032926188815835644
1153	15-19	0.03114955144926057
1153	20-24	0.03978458245946115
1153	25-29	0.028717407121639837
1153	30-34	0.030532090760416963
1153	35-39	0.022442062257262307
1153	40-44	0.02986907762577573
1153	45-49	0.026266752788906444
1153	50-54	0.025626554156808368
1153	55-59	0.023094503781557307
1153	60-64	0.022934373420248733
1153	65-69	0.01014750952491994
1153	70-74	0.025032435366171057
1153	75-79	0.02160216490735678
1153	80-84	0.029209793226002034
1153	85-89	0.009414570396593547
1153	90-94	0.008487452946397411
1153	95-99	0.0153757366401166
1153	100-104	8.25455188916635E-4
1153	105-109	0.00669865557024707
1153	110-114	0.016731341087705687
1153	115-119	0.0017420010276651965
1153	120-124	-0.008266922277151423
1153	125-129	0.019091185003894395
1153	130-134	0.011697286254197081
1153	135-139	0.01083553268075832
1153	140-144	0.009065841318587786
1153	145-149	0.03431621172494914
1153	150-151	0.06217200818959867
1154	1	-0.3157333152339632
1154	2	-0.06730089079331947
1154	3	-0.041907516805871126
1154	4	0.011486332219170947
1154	5	-0.006301125176086941
1154	6	-0.016538303259871157
1154	7	-0.005659332289667418
1154	8	-0.00267510796332715
1154	9	0.03737471502628864
1154	10-14	0.01388438933263103
1154	15-19	0.021070662740264368
1154	20-24	0.02814594457414188
1154	25-29	0.03546735542389712
1154	30-34	0.027972892158587115
1154	35-39	0.02891294301398517
1154	40-44	0.02817791992372065
1154	45-49	0.026016161498667145
1154	50-54	0.03219669290437821
1154	55-59	0.01992157774584058
1154	60-64	0.020696306983673196
1154	65-69	0.025525201258020047
1154	70-74	0.025004718060948505
1154	75-79	0.017431928615422976
1154	80-84	0.016376541929197685
1154	85-89	0.005694969505398717
1154	90-94	0.017572531223336796
1154	95-99	0.0201028203489102
1154	100-104	0.030380319493303887
1154	105-109	0.0276304536187979
1154	110-114	0.02186003554493965
1154	115-119	0.029426853074639325
1154	120-124	0.01665389533774686
1154	125-129	0.028900527098365103
1154	130-134	0.029585919167253394
1154	135-139	0.040872433631086835
1154	140-144	0.028059319897309365
1154	145-149	0.06163245099445902
1154	150-151	0.10342483220397725
1155	1	-0.433205896621061
1155	2	-0.09681630566441868
1155	3	-0.04545231220429713
1155	4	-0.0491725738952411
1155	5	-0.02938919325379885
1155	6	-0.024860853900662505
1155	7	-0.009908523845460593
1155	8	-0.02602802798558912
1155	9	0.026668184110839377
1155	10-14	0.012038670518343508
1155	15-19	0.01272419538688041
1155	20-24	0.030533129276882676
1155	25-29	0.01598099448907675
1155	30-34	0.017635594808623978
1155	35-39	0.0218744235412629
1155	40-44	0.02057365860693494
1155	45-49	0.018860632631636065
1155	50-54	0.025228623974157927
1155	55-59	0.0042503077172355574
1155	60-64	0.012551695365260684
1155	65-69	0.017615900549444063
1155	70-74	0.018091605998584726
1155	75-79	0.002078046286612789
1155	80-84	0.00836613730620428
1155	85-89	0.01613920249744183
1155	90-94	0.008657539314327778
1155	95-99	0.016276977824425387
1155	100-104	0.019858387081619355
1155	105-109	0.007815902347246606
1155	110-114	0.004340054391434478
1155	115-119	0.012425117729463864
1155	120-124	0.007862557356290267
1155	125-129	0.02562872266759797
1155	130-134	0.0068268844531047534
1155	135-139	0.011164466216442293
1155	140-144	0.007077567636706306
1155	145-149	0.03538631317966434
1155	150-151	0.07787440762205478
1156	1	-0.5322457532333686
1156	2	-0.12971479582777334
1156	3	-0.060215710645863396
1156	4	-0.013321355328827167
1156	5	0.015234210144107863
1156	6	0.018296857047744197
1156	7	0.03848159331639067
1156	8	0.03571176209299409
1156	9	0.03350184777434606
1156	10-14	0.03262068625450354
1156	15-19	0.027617641012334104
1156	20-24	0.029556287672846793
1156	25-29	0.03966060790276771
1156	30-34	0.03853332317380875
1156	35-39	0.035964138868436635
1156	40-44	0.04838343651708499
1156	45-49	0.03751277001495623
1156	50-54	0.04069162684264427
1156	55-59	0.038815568724679395
1156	60-64	0.04699530129729368
1156	65-69	0.05007506161151554
1156	70-74	0.04106931809710801
1156	75-79	0.03721403519060118
1156	80-84	0.041064760134979394
1156	85-89	0.0411770792888575
1156	90-94	0.03195646532311258
1156	95-99	0.030884506739148776
1156	100-104	0.011016834109071283
1156	105-109	0.023988063326342512
1156	110-114	0.024694019811121848
1156	115-119	0.010946081450988743
1156	120-124	0.008363077694248489
1156	125-129	0.02904196630549194
1156	130-134	0.013974162728665362
1156	135-139	0.018573972136181283
1156	140-144	0.009342739799720334
1156	145-149	0.04240005354750309
1156	150-151	0.09560335795566743
1157	1	-0.6138122671560282
1157	2	-0.12180684043304524
1157	3	-0.015105758651195345
1157	4	-0.010261525637361046
1157	5	-0.03648751535662598
1157	6	-0.011527279543727786
1157	7	0.0016142380802435241
1157	8	0.0170608142160944
1157	9	0.039264863777781045
1157	10-14	0.04112722997869156
1157	15-19	0.04474174926780705
1157	20-24	0.038680119883260033
1157	25-29	0.03898879085380713
1157	30-34	0.04946475356682356
1157	35-39	0.04043021049950113
1157	40-44	0.046468904430426505
1157	45-49	0.03956788013982049
1157	50-54	0.040343790576635286
1157	55-59	0.031604606815797354
1157	60-64	0.031044862488244007
1157	65-69	0.05023099784022378
1157	70-74	0.048905233436698836
1157	75-79	0.042286180300017406
1157	80-84	0.04611944542250512
1157	85-89	0.028547756833319227
1157	90-94	0.04944140736385094
1157	95-99	0.03756744493394848
1157	100-104	0.0512188073491302
1157	105-109	0.04459454659067319
1157	110-114	0.0498636963883925
1157	115-119	0.0457917200256901
1157	120-124	0.03593198361998162
1157	125-129	0.05984251579631916
1157	130-134	0.03663457707602191
1157	135-139	0.04203622699930776
1157	140-144	0.031702653973177064
1157	145-149	0.05016492916984561
1157	150-151	0.07365070336101098
1158	1	-0.5148481562409586
1158	2	-0.17504337512060886
1158	3	-0.07983544299006695
1158	4	-0.059708461681054814
1158	5	0.03670584056781934
1158	6	-0.017938935873601736
1158	7	0.020230258976198456
1158	8	0.03013918885788769
1158	9	0.058979459463458284
1158	10-14	0.05169280372053464
1158	15-19	0.03466668592832178
1158	20-24	0.03261149348933401
1158	25-29	0.02890032694271838
1158	30-34	0.04114305984669642
1158	35-39	0.03853467804528066
1158	40-44	0.04628470172742283
1158	45-49	0.032739964097437735
1158	50-54	0.033372352285709894
1158	55-59	0.031031448478806567
1158	60-64	0.02658828156862114
1158	65-69	0.047616720011880886
1158	70-74	0.03606422165650969
1158	75-79	0.04192029175931111
1158	80-84	0.044004739388100234
1158	85-89	0.042804342477332114
1158	90-94	0.03874487627972911
1158	95-99	0.035146344048065714
1158	100-104	0.049127855874964155
1158	105-109	0.03358692622077797
1158	110-114	0.03924627864394381
1158	115-119	0.05144391093044476
1158	120-124	0.0374290134641484
1158	125-129	0.06004964025950699
1158	130-134	0.03701839364078552
1158	135-139	0.02785398970326014
1158	140-144	0.04138630112397834
1158	145-149	0.04579576929481988
1158	150-151	0.07994985985156688
1159	1	-0.5667943166785676
1159	2	-0.16473092315940363
1159	3	-0.06844589716794047
1159	4	-0.030501845162817176
1159	5	4.998419243236185E-4
1159	6	0.032718571458595136
1159	7	0.01849115831650039
1159	8	0.06221275151615657
1159	9	0.08351543315580301
1159	10-14	0.06616007743867414
1159	15-19	0.0465098148933194
1159	20-24	0.042658910565684494
1159	25-29	0.034771795137210404
1159	30-34	0.04327681906271863
1159	35-39	0.038243270946601626
1159	40-44	0.048918294332281675
1159	45-49	0.04645664368057112
1159	50-54	0.05479849773388423
1159	55-59	0.06742077844220518
1159	60-64	0.056027690139700326
1159	65-69	0.06276856279335163
1159	70-74	0.05441599261195762
1159	75-79	0.05402962469239725
1159	80-84	0.08174453198780895
1159	85-89	0.06164232144843851
1159	90-94	0.06773888709914644
1159	95-99	0.05939105273241552
1159	100-104	0.06359160838596267
1159	105-109	0.050511005259188835
1159	110-114	0.05639582950878719
1159	115-119	0.0660908597476606
1159	120-124	0.06242188863213727
1159	125-129	0.07603571736554926
1159	130-134	0.05189257807268177
1159	135-139	0.0615696349180368
1159	140-144	0.04861643075300748
1159	145-149	0.05353076222105102
1159	150-151	0.11402043006722096
1160	1	-0.4742302459404968
1160	2	-0.12741592952818337
1160	3	-0.04674913261719382
1160	4	-0.011849784104391858
1160	5	-0.01678059573986701
1160	6	0.032551158196824304
1160	7	0.06365952198594016
1160	8	0.06323786055134661
1160	9	0.07200916327123252
1160	10-14	0.055616821841105946
1160	15-19	0.041803700465969484
1160	20-24	0.03712897003169502
1160	25-29	0.039456476466547485
1160	30-34	0.041447397028392174
1160	35-39	0.04021397981681929
1160	40-44	0.04247577140033343
1160	45-49	0.04752883736897218
1160	50-54	0.040357397272238416
1160	55-59	0.042575242620387144
1160	60-64	0.047933782100734845
1160	65-69	0.04025432236434057
1160	70-74	0.0449234913008425
1160	75-79	0.04859760973901217
1160	80-84	0.05174319180873965
1160	85-89	0.04520772917611282
1160	90-94	0.06374925590012737
1160	95-99	0.04933238132229434
1160	100-104	0.05307722510153923
1160	105-109	0.04695780024781726
1160	110-114	0.0470973330208011
1160	115-119	0.05166403916058471
1160	120-124	0.06482955010941538
1160	125-129	0.06123670692519312
1160	130-134	0.0487984612175012
1160	135-139	0.05337123657634635
1160	140-144	0.06689470658096752
1160	145-149	0.0693227204790432
1160	150-151	0.11720277025097658
1161	1	-0.5185149580335917
1161	2	-0.16243980374138545
1161	3	-0.09568861778673465
1161	4	-0.04352495851252769
1161	5	0.012530513028124801
1161	6	0.011747698733671541
1161	7	0.02888916082775239
1161	8	0.059913738640126724
1161	9	0.04582909635669097
1161	10-14	0.07730108272139091
1161	15-19	0.03682303358005612
1161	20-24	0.03821788365424794
1161	25-29	0.04359167966021715
1161	30-34	0.04935391713723902
1161	35-39	0.04347983869418215
1161	40-44	0.0446756986278416
1161	45-49	0.045168012749435604
1161	50-54	0.03980897814484763
1161	55-59	0.03201791923016373
1161	60-64	0.033347696406089256
1161	65-69	0.03176621423974524
1161	70-74	0.03648008353654575
1161	75-79	0.028940801585427778
1161	80-84	0.05196853606685181
1161	85-89	0.03109882358030802
1161	90-94	0.04626449690073997
1161	95-99	0.04574137435916725
1161	100-104	0.05326289991779731
1161	105-109	0.052215240409353214
1161	110-114	0.057065191170650564
1161	115-119	0.05399186914885945
1161	120-124	0.050514422494387645
1161	125-129	0.07073709194036581
1161	130-134	0.05550076562097672
1161	135-139	0.05208651579292933
1161	140-144	0.050435723399040455
1161	145-149	0.045821863727034895
1161	150-151	0.10358466441328318
1162	1	-0.7575095388902398
1162	2	-0.14888282541458153
1162	3	-0.1229557209898644
1162	4	-0.044251431796297425
1162	5	0.009247445640575336
1162	6	0.0013842684437861408
1162	7	0.028116296030646026
1162	8	0.055196740667255995
1162	9	0.0689010349000867
1162	10-14	0.07019847226649034
1162	15-19	0.05125885372034844
1162	20-24	0.04364108849658521
1162	25-29	0.04343328660662138
1162	30-34	0.04975150240031212
1162	35-39	0.048771903867574906
1162	40-44	0.03682579736744174
1162	45-49	0.045040650688953576
1162	50-54	0.03918656495059736
1162	55-59	0.030362126024044755
1162	60-64	0.04587070040368246
1162	65-69	0.046031387816150016
1162	70-74	0.038559327845298697
1162	75-79	0.04927379126477405
1162	80-84	0.05659349547880055
1162	85-89	0.06150745708681171
1162	90-94	0.05289670590757822
1162	95-99	0.05167701447948758
1162	100-104	0.05784905851855626
1162	105-109	0.05288174050784278
1162	110-114	0.047463872203294954
1162	115-119	0.04517695947554046
1162	120-124	0.044663804514307515
1162	125-129	0.03944781773622452
1162	130-134	0.028582199844287004
1162	135-139	0.041919729950187445
1162	140-144	0.04291831251417477
1162	145-149	0.05548105669869585
1162	150-151	0.12361762510312957
1163	1	-0.6258476783274673
1163	2	-0.16178878357094106
1163	3	-0.09201451829787999
1163	4	1.0665929082165349E-6
1163	5	-0.028725134135044073
1163	6	0.001125217443743054
1163	7	0.005254903588088666
1163	8	0.056331020681653854
1163	9	0.047405889627327724
1163	10-14	0.04816534713696541
1163	15-19	0.009921175498242008
1163	20-24	0.014916719303819548
1163	25-29	0.008690471733451943
1163	30-34	0.007107462942549603
1163	35-39	0.0010077569763566885
1163	40-44	0.007499117028153535
1163	45-49	0.0073526680832216584
1163	50-54	0.007713985929896694
1163	55-59	9.115888053514709E-4
1163	60-64	-0.014255051199036473
1163	65-69	0.0011167659729949264
1163	70-74	0.0011773350658117465
1163	75-79	0.002048925037044569
1163	80-84	0.01858438447862909
1163	85-89	0.02473790453665714
1163	90-94	0.015134541284119507
1163	95-99	0.017818592480388418
1163	100-104	0.021103575832682964
1163	105-109	0.010676533042001779
1163	110-114	1.9387629189537847E-4
1163	115-119	0.015705394331426703
1163	120-124	-0.00627541112581298
1163	125-129	0.01065895848075371
1163	130-134	0.012785943353016194
1163	135-139	0.015464429695953186
1163	140-144	0.01500083663071905
1163	145-149	0.03983654344613541
1163	150-151	0.08632846079554923
1164	1	-0.6943760525432054
1164	2	-0.16543750959460368
1164	3	-0.07816943710521684
1164	4	-0.03337161058146876
1164	5	-0.025674271334978016
1164	6	-0.0016360173151710455
1164	7	0.011073980835689667
1164	8	0.007038471534272617
1164	9	0.03339054723225843
1164	10-14	0.03172047281214674
1164	15-19	0.01596638805610695
1164	20-24	0.003274512361137738
1164	25-29	0.0024983582047184427
1164	30-34	0.01778646337105272
1164	35-39	0.0036593558508926094
1164	40-44	-0.008040451155878259
1164	45-49	0.013917279229602286
1164	50-54	0.011658860651614589
1164	55-59	-0.0015671347214478715
1164	60-64	0.01080829918897308
1164	65-69	0.01747984027734617
1164	70-74	-3.901976731128798E-4
1164	75-79	0.005570407317883053
1164	80-84	0.018552308493568148
1164	85-89	0.02449463071920377
1164	90-94	0.02346111307368659
1164	95-99	0.015122219066263654
1164	100-104	0.025070819817223366
1164	105-109	0.01925717343561928
1164	110-114	0.013931144106926752
1164	115-119	0.021550714640049762
1164	120-124	0.02533747944511333
1164	125-129	0.026029541325733874
1164	130-134	0.016327556307579982
1164	135-139	0.04800253544094346
1164	140-144	0.017425532746749184
1164	145-149	0.03796721659165314
1164	150-151	0.06516205608877357
1165	1	-0.5231992196246651
1165	2	-0.14673985537347534
1165	3	-0.06047461450735625
1165	4	0.0060006245042671935
1165	5	0.027266051262820667
1165	6	0.02975193480671834
1165	7	0.04065329550329011
1165	8	0.05680633252924139
1165	9	0.08357724649910381
1165	10-14	0.07595067781082321
1165	15-19	0.0520858583464161
1165	20-24	0.04459334271805204
1165	25-29	0.047185657103796075
1165	30-34	0.054733374964442305
1165	35-39	0.048930563560176665
1165	40-44	0.061340434779808106
1165	45-49	0.06223930618759255
1165	50-54	0.06346774556158152
1165	55-59	0.07087306907295243
1165	60-64	0.06920666136428366
1165	65-69	0.0731693478758686
1165	70-74	0.07050716740136664
1165	75-79	0.07259700113733203
1165	80-84	0.08117522575022917
1165	85-89	0.07575920087927557
1165	90-94	0.08084801557229326
1165	95-99	0.084425785011355
1165	100-104	0.08762427875602441
1165	105-109	0.088585712913968
1165	110-114	0.08701153630791225
1165	115-119	0.0923365355094603
1165	120-124	0.07729996574609999
1165	125-129	0.09736117426160718
1165	130-134	0.08996471630729275
1165	135-139	0.0943720425831458
1165	140-144	0.09434469070110652
1165	145-149	0.11426382120134804
1165	150-151	0.14422472124734753
1166	1	-0.6487655567854276
1166	2	-0.11097256347120776
1166	3	-0.029651310195596636
1166	4	0.02667854423735605
1166	5	0.0035303828547625926
1166	6	0.05001147479676149
1166	7	0.05395504302130405
1166	8	0.044997064052616054
1166	9	0.0767523790092639
1166	10-14	0.07273163808609695
1166	15-19	0.04631551138660228
1166	20-24	0.04721922905307707
1166	25-29	0.041645839869019596
1166	30-34	0.04931321298829516
1166	35-39	0.04579203271238441
1166	40-44	0.03903308037365605
1166	45-49	0.04169313273200004
1166	50-54	0.04507527287385216
1166	55-59	0.04444222824609767
1166	60-64	0.049690715781210315
1166	65-69	0.046622017932484994
1166	70-74	0.06024345778995155
1166	75-79	0.057545332645048575
1166	80-84	0.06784328368505044
1166	85-89	0.040574314587800586
1166	90-94	0.051144278999402104
1166	95-99	0.04990965002679815
1166	100-104	0.04285471250215522
1166	105-109	0.04234112880872232
1166	110-114	0.04660183603309065
1166	115-119	0.047496074072597594
1166	120-124	0.04750428370019932
1166	125-129	0.052911444134323915
1166	130-134	0.04905059177649207
1166	135-139	0.0576251327438797
1166	140-144	0.04737947833881151
1166	145-149	0.07017662642881106
1166	150-151	0.10211516380680763
1167	1	-0.7272277421486351
1167	2	-0.13762376335329662
1167	3	-0.0678897102022944
1167	4	-0.03378847056387713
1167	5	0.014250888990623878
1167	6	0.03564332305950302
1167	7	0.04245928384224129
1167	8	0.05710860968714826
1167	9	0.0653305624662579
1167	10-14	0.08217460060144788
1167	15-19	0.05736804236399706
1167	20-24	0.06596687745771845
1167	25-29	0.05487827054621164
1167	30-34	0.05643837361968451
1167	35-39	0.04302660856622964
1167	40-44	0.0572957759773729
1167	45-49	0.0417803705925337
1167	50-54	0.04300656598081787
1167	55-59	0.04253546676648057
1167	60-64	0.05963196995610076
1167	65-69	0.050801979075266956
1167	70-74	0.056469922790732596
1167	75-79	0.05063619455018653
1167	80-84	0.0587837427797524
1167	85-89	0.052818774921490785
1167	90-94	0.05700393518004887
1167	95-99	0.0427577836710995
1167	100-104	0.059024081200966805
1167	105-109	0.05260303899771657
1167	110-114	0.05114423948586477
1167	115-119	0.05262140198514942
1167	120-124	0.04428827869344332
1167	125-129	0.06013659556955986
1167	130-134	0.061540113478962155
1167	135-139	0.0522828976377383
1167	140-144	0.05354682489912932
1167	145-149	0.06438603783328034
1167	150-151	0.0865968168511202
1168	1	-0.7575871754614312
1168	2	-0.13498122413897562
1168	3	-0.09304961521651478
1168	4	-0.018935026740606986
1168	5	0.01878770968288279
1168	6	0.036003905482260734
1168	7	0.04823148238433106
1168	8	0.07316638793450636
1168	9	0.09358835993649706
1168	10-14	0.07470494649247428
1168	15-19	0.051444573655516024
1168	20-24	0.052417029723415
1168	25-29	0.03317570120658786
1168	30-34	0.053087083641756294
1168	35-39	0.047118539961061856
1168	40-44	0.05369325577076722
1168	45-49	0.05367074071210709
1168	50-54	0.0499650691052409
1168	55-59	0.048113374219191485
1168	60-64	0.05744708833361045
1168	65-69	0.05611949610054978
1168	70-74	0.04540723057082374
1168	75-79	0.05038767744704842
1168	80-84	0.0557601194052495
1168	85-89	0.052398782844079506
1168	90-94	0.047473067713674766
1168	95-99	0.049428787238298355
1168	100-104	0.05597507112336331
1168	105-109	0.06154946999230049
1168	110-114	0.05161997161719256
1168	115-119	0.055557987618357174
1168	120-124	0.053126839380951196
1168	125-129	0.06168689624927737
1168	130-134	0.04500651374536346
1168	135-139	0.05350115100887365
1168	140-144	0.03515346213063708
1168	145-149	0.0575357005651469
1168	150-151	0.07571226393577746
1169	1	-0.7118615492339302
1169	2	-0.1164558356284644
1169	3	-0.05318926152978776
1169	4	-0.050144333208265834
1169	5	7.325307781869128E-4
1169	6	0.025928501538885484
1169	7	0.02347961085344963
1169	8	0.04636529981667081
1169	9	0.050075821708830404
1169	10-14	0.0549694901200084
1169	15-19	0.02217539055515516
1169	20-24	0.04142174513612673
1169	25-29	0.031248351508999406
1169	30-34	0.04034648039603894
1169	35-39	0.047105179018572585
1169	40-44	0.04950315296573393
1169	45-49	0.038985488448489036
1169	50-54	0.04482911497756703
1169	55-59	0.04901623263171473
1169	60-64	0.05044943568400839
1169	65-69	0.04544834253030672
1169	70-74	0.04479232449516246
1169	75-79	0.0440789054237527
1169	80-84	0.04676464837994132
1169	85-89	0.054513014827122674
1169	90-94	0.05097068822306028
1169	95-99	0.06271625451866214
1169	100-104	0.06981990545518357
1169	105-109	0.05898109071961244
1169	110-114	0.0630098988906127
1169	115-119	0.07356728559359027
1169	120-124	0.089902933266508
1169	125-129	0.0903417826911479
1169	130-134	0.10298000448234035
1169	135-139	0.09929911375017753
1169	140-144	0.08171963842631413
1169	145-149	0.09703606325557246
1169	150-151	0.12495646183197806
1170	1	-0.551055948458469
1170	2	-0.1045520341640156
1170	3	-0.07966832707707994
1170	4	-0.024277955437035814
1170	5	0.02499096158533831
1170	6	0.02587885718989469
1170	7	0.054951370884026574
1170	8	0.0501102992184812
1170	9	0.08125767088024105
1170	10-14	0.0634314552750439
1170	15-19	0.04161115793246495
1170	20-24	0.04383088956719661
1170	25-29	0.04278889183098045
1170	30-34	0.058438340115372966
1170	35-39	0.04825392839244813
1170	40-44	0.046256964068881246
1170	45-49	0.046636902568806704
1170	50-54	0.04254413769147902
1170	55-59	0.04170071580457346
1170	60-64	0.044785511773604014
1170	65-69	0.042500303321311605
1170	70-74	0.05049678488705922
1170	75-79	0.042322098278887665
1170	80-84	0.0383093054466741
1170	85-89	0.03996336401998235
1170	90-94	0.03499044642322957
1170	95-99	0.03286284622416957
1170	100-104	0.032404205201459035
1170	105-109	0.040296910459105106
1170	110-114	0.032798838608236736
1170	115-119	0.04713475135385181
1170	120-124	0.0548347413330319
1170	125-129	0.04503670131121851
1170	130-134	0.0423876027822061
1170	135-139	0.04519554658346436
1170	140-144	0.03924073754037494
1170	145-149	0.057156768055811824
1170	150-151	0.10920011863048984
1171	1	-0.7791229585613166
1171	2	-0.1922644531709281
1171	3	-0.07005919299868424
1171	4	-0.04283916768867613
1171	5	-0.01159858215564924
1171	6	0.009970713625676808
1171	7	-0.00855546137294283
1171	8	0.018810686749716865
1171	9	0.05012831801429485
1171	10-14	0.048492434866837186
1171	15-19	0.051894888862669575
1171	20-24	0.04185075308255648
1171	25-29	0.040405271153602484
1171	30-34	0.04982516353278754
1171	35-39	0.04182085868071539
1171	40-44	0.047223371231368105
1171	45-49	0.03651507067667836
1171	50-54	0.023213704749949216
1171	55-59	0.02667616888179225
1171	60-64	0.03256274863376518
1171	65-69	0.0379317746575083
1171	70-74	0.03817996822731118
1171	75-79	0.052998566486650134
1171	80-84	0.05007916796427736
1171	85-89	0.036665288238495464
1171	90-94	0.05130414707825537
1171	95-99	0.0311577353721475
1171	100-104	0.04955426954913378
1171	105-109	0.04023752702150318
1171	110-114	0.04162589138289974
1171	115-119	0.034601584802651075
1171	120-124	0.019974302202740546
1171	125-129	0.03728055555338727
1171	130-134	0.018883692594251045
1171	135-139	0.016587506199627455
1171	140-144	0.013342885737770871
1171	145-149	0.030393582907450423
1171	150-151	0.04871153415202656
1172	1	-0.4940380800465647
1172	2	-0.11794596775138899
1172	3	-0.04711317719826269
1172	4	0.016660975516295196
1172	5	-0.011725125468124986
1172	6	0.014736010970011648
1172	7	0.01260336273873719
1172	8	0.028282215433186764
1172	9	0.05203900114150173
1172	10-14	0.046934512293979935
1172	15-19	0.030455271099214087
1172	20-24	0.04114322555318495
1172	25-29	0.02830119814078813
1172	30-34	0.04108985356189976
1172	35-39	0.04094075862211355
1172	40-44	0.027854425900784463
1172	45-49	0.03258396579510503
1172	50-54	0.029571672166213148
1172	55-59	0.046103039575619675
1172	60-64	0.03355330415317326
1172	65-69	0.04044964798317352
1172	70-74	0.038373323175285634
1172	75-79	0.028812646682141008
1172	80-84	0.024762971621328234
1172	85-89	0.03183169386195317
1172	90-94	0.034452898885177774
1172	95-99	0.028728771228159644
1172	100-104	0.045091952996813234
1172	105-109	0.039379510887542324
1172	110-114	0.02698908102342301
1172	115-119	0.0407127131789764
1172	120-124	0.03297622430526559
1172	125-129	0.02501328576722983
1172	130-134	0.01198563120795626
1172	135-139	0.006773775764798984
1172	140-144	0.0031968067911307685
1172	145-149	0.0046394137797776125
1172	150-151	0.042377503230618174
1173	1	-0.5482513652144334
1173	2	-0.07013963667716183
1173	3	-0.03284067636524668
1173	4	-0.016415388595902414
1173	5	0.03709909960353741
1173	6	0.01782586563716393
1173	7	0.039414099651665424
1173	8	0.03152270022110315
1173	9	0.06589889239752011
1173	10-14	0.05357018126938584
1173	15-19	0.039913409981949144
1173	20-24	0.04459599144399107
1173	25-29	0.04273642556174906
1173	30-34	0.04478374485962178
1173	35-39	0.0483306680287896
1173	40-44	0.05398361052535705
1173	45-49	0.042366872510889664
1173	50-54	0.04430237147018801
1173	55-59	0.05010110660203537
1173	60-64	0.052819708004221866
1173	65-69	0.0462888149918399
1173	70-74	0.055454969708293333
1173	75-79	0.0663139315375858
1173	80-84	0.06738604894565015
1173	85-89	0.0551920819696079
1173	90-94	0.06270280279412077
1173	95-99	0.06642095616268051
1173	100-104	0.0680527626194376
1173	105-109	0.06342277050556788
1173	110-114	0.07070989173963937
1173	115-119	0.08456648657129762
1173	120-124	0.0660336131961543
1173	125-129	0.07033520317727238
1173	130-134	0.05846612110064342
1173	135-139	0.042367412900496504
1173	140-144	0.04439848984535644
1173	145-149	0.07208405583451594
1173	150-151	0.1065455192770699
1174	1	-0.4791624893444748
1174	2	-0.03354327040341332
1174	3	0.02564314586295069
1174	4	-0.0022496152223467902
1174	5	-0.03350468212020985
1174	6	0.014034366325454073
1174	7	-0.00518857459726263
1174	8	0.0367353468787357
1174	9	0.06633084668790445
1174	10-14	0.04540836699540307
1174	15-19	0.03987831242631046
1174	20-24	0.045400979483368076
1174	25-29	0.04175950756161484
1174	30-34	0.04493600388398988
1174	35-39	0.05031731279328966
1174	40-44	0.04470054943460866
1174	45-49	0.054564047730551124
1174	50-54	0.054039291493864994
1174	55-59	0.03999728656996382
1174	60-64	0.043305515476632195
1174	65-69	0.04245783815998294
1174	70-74	0.06101388351207504
1174	75-79	0.05383854009038913
1174	80-84	0.05730579781868528
1174	85-89	0.05560921213547232
1174	90-94	0.05344204158244992
1174	95-99	0.06846100055119564
1174	100-104	0.06925947555095036
1174	105-109	0.05601114548206709
1174	110-114	0.06237613717642887
1174	115-119	0.057665915752650676
1174	120-124	0.06316258535867547
1174	125-129	0.05730098100171688
1174	130-134	0.06478093098495208
1174	135-139	0.04301250503664278
1174	140-144	0.06327054783176322
1174	145-149	0.054822664557960366
1174	150-151	0.10726363101976233
1175	1	-0.437683419519999
1175	2	-0.12430090072614064
1175	3	-0.023064464842676102
1175	4	-0.037827986826385995
1175	5	-0.011456429660135825
1175	6	0.028154043928815042
1175	7	0.006345285550580115
1175	8	0.007874207786287002
1175	9	0.05056338158595253
1175	10-14	0.03986790098553428
1175	15-19	0.03726549488531106
1175	20-24	0.04735128287798318
1175	25-29	0.044062545463134484
1175	30-34	0.04975672379860896
1175	35-39	0.033235977793701466
1175	40-44	0.03928060638959607
1175	45-49	0.04735363224414613
1175	50-54	0.03597456450456349
1175	55-59	0.03998210896852328
1175	60-64	0.05281666948449981
1175	65-69	0.047596028426845294
1175	70-74	0.04419042037756071
1175	75-79	0.05716834764621126
1175	80-84	0.05247559583221317
1175	85-89	0.04447730510372594
1175	90-94	0.04842058291801976
1175	95-99	0.05467534055705414
1175	100-104	0.05807545043984419
1175	105-109	0.05967627496718109
1175	110-114	0.046513676209812616
1175	115-119	0.0449296120917424
1175	120-124	0.054995997224729365
1175	125-129	0.04866622002048615
1175	130-134	0.04169558063720302
1175	135-139	0.06642548263137371
1175	140-144	0.030882771343293314
1175	145-149	0.06107754122808018
1175	150-151	0.0885066097388787
1176	1	-0.4488845649145148
1176	2	-0.12153177965954853
1176	3	-0.02647667547901733
1176	4	-2.4386770991924323E-4
1176	5	-0.015888327095694876
1176	6	0.020388394867900672
1176	7	0.009883465854578333
1176	8	0.029341549715134363
1176	9	0.0446124458149626
1176	10-14	0.046004300667185305
1176	15-19	0.043987143415499474
1176	20-24	0.0498691130174862
1176	25-29	0.04957268290010575
1176	30-34	0.05356646991374703
1176	35-39	0.04524571863142057
1176	40-44	0.0560102969805385
1176	45-49	0.051382132534058655
1176	50-54	0.05018356177289007
1176	55-59	0.05048725698715373
1176	60-64	0.04592728053840034
1176	65-69	0.04878879797589519
1176	70-74	0.05922384617475274
1176	75-79	0.05923237413733062
1176	80-84	0.06400063127662037
1176	85-89	0.05172644693554673
1176	90-94	0.05449892706292303
1176	95-99	0.054660253100415446
1176	100-104	0.07610223121503168
1176	105-109	0.054454922864451305
1176	110-114	0.06547065492101467
1176	115-119	0.07519690380532751
1176	120-124	0.056276737617970696
1176	125-129	0.06549483939274836
1176	130-134	0.06452166238468493
1176	135-139	0.07595630032881218
1176	140-144	0.051429173627170144
1176	145-149	0.08026123324404466
1176	150-151	0.11671739700195616
1177	1	-0.3757959594933169
1177	2	-0.14320666118616288
1177	3	-0.08388108353150159
1177	4	-0.027457635104653377
1177	5	-0.009572951230545357
1177	6	9.211967996236581E-5
1177	7	-0.01196288955900826
1177	8	0.004496970216941065
1177	9	0.03779353523788842
1177	10-14	0.01595544354592704
1177	15-19	0.024294848446537287
1177	20-24	0.02089467124036304
1177	25-29	0.01703246554859561
1177	30-34	0.027316070499203704
1177	35-39	0.03440854580299657
1177	40-44	0.03474497966443124
1177	45-49	0.03896628654430856
1177	50-54	0.037665880421904774
1177	55-59	0.031489744752690285
1177	60-64	0.04431913930315545
1177	65-69	0.04638200327634934
1177	70-74	0.03987773882398926
1177	75-79	0.027106615601944384
1177	80-84	0.03270437832037487
1177	85-89	0.03752568469329276
1177	90-94	0.04090296462891985
1177	95-99	0.04748451816868737
1177	100-104	0.03430692601638441
1177	105-109	0.033166589388471834
1177	110-114	0.03561914409625899
1177	115-119	0.03723232226216311
1177	120-124	0.026281344426713815
1177	125-129	0.034525799565649606
1177	130-134	0.02089980618547571
1177	135-139	0.023627238436830567
1177	140-144	0.010975984191354371
1177	145-149	0.04036134674920788
1177	150-151	0.0766201810044862
1178	1	-0.4532381294709822
1178	2	-0.1239537809096447
1178	3	-0.052615540554043605
1178	4	-0.038495124858208385
1178	5	-0.0513541680156564
1178	6	-0.019376946556221242
1178	7	0.030219860749909344
1178	8	-0.020415648457039026
1178	9	0.004344337745159521
1178	10-14	0.018650827777406676
1178	15-19	0.018716219887117802
1178	20-24	0.034352272174672294
1178	25-29	0.03263231430724289
1178	30-34	0.024289260072052343
1178	35-39	0.03967058632550646
1178	40-44	0.039137362815345966
1178	45-49	0.03259805178849007
1178	50-54	0.02043698079066303
1178	55-59	0.04053827970267321
1178	60-64	0.037652318422296105
1178	65-69	0.030548439545448502
1178	70-74	0.036501062480894575
1178	75-79	0.040675734512625183
1178	80-84	0.03921338280660791
1178	85-89	0.03669518710506736
1178	90-94	0.0490276974810584
1178	95-99	0.03739419947428502
1178	100-104	0.03972555959789048
1178	105-109	0.03658353501715794
1178	110-114	0.04814786145613681
1178	115-119	0.05168706102517007
1178	120-124	0.030914283013125043
1178	125-129	0.05789715275320617
1178	130-134	0.06270351631512483
1178	135-139	0.0738518656546745
1178	140-144	0.06996999320035968
1178	145-149	0.08070117202534277
1178	150-151	0.09784956816496049
1179	1	-0.580656453584929
1179	2	-0.08014919242181406
1179	3	-0.035618836430543865
1179	4	-0.006723746781482021
1179	5	0.010254788465076103
1179	6	0.0033259411002788397
1179	7	9.145490097068887E-4
1179	8	1.1986109237227538E-4
1179	9	0.07249720882316524
1179	10-14	0.03622132570430381
1179	15-19	0.0359096668186325
1179	20-24	0.048429434292643236
1179	25-29	0.04231502961035716
1179	30-34	0.04161975637442339
1179	35-39	0.026468771094869226
1179	40-44	0.042398037996896676
1179	45-49	0.03445240483210199
1179	50-54	0.04438047637984255
1179	55-59	0.03311212048318879
1179	60-64	0.0452578105629442
1179	65-69	0.028796455856884506
1179	70-74	0.03206914494969482
1179	75-79	0.03590154045696892
1179	80-84	0.03181161593884241
1179	85-89	0.021044483237815825
1179	90-94	0.027135318206767067
1179	95-99	0.022575512360425876
1179	100-104	0.025688764292659982
1179	105-109	0.0352966544572908
1179	110-114	0.023151995730884778
1179	115-119	0.023092540551473917
1179	120-124	0.026128270034725176
1179	125-129	0.02291130769329186
1179	130-134	0.033053962403712944
1179	135-139	0.047403534791847335
1179	140-144	0.029907421885162933
1179	145-149	0.04787435841823395
1179	150-151	0.0839527391143946
1180	1	-0.3890901956130932
1180	2	-0.06908565514110165
1180	3	-0.051961486360042386
1180	4	-0.03206661331783067
1180	5	-0.038328223357709135
1180	6	-0.003204561524626115
1180	7	-0.0011704253887074856
1180	8	-0.046421080710295826
1180	9	0.00448992061338771
1180	10-14	-0.001034172100766284
1180	15-19	0.020728640892208716
1180	20-24	0.023668610742547003
1180	25-29	0.024341731965115798
1180	30-34	0.03400665161625227
1180	35-39	0.02853780744227663
1180	40-44	0.03733874227884115
1180	45-49	0.02775756085048897
1180	50-54	0.023533389830134865
1180	55-59	0.008013062331869492
1180	60-64	0.02193291413561127
1180	65-69	0.022541867501772117
1180	70-74	0.02400685185224205
1180	75-79	0.010775520025248397
1180	80-84	0.012920998663084049
1180	85-89	0.011762661535570373
1180	90-94	0.009472147287148402
1180	95-99	-7.871168363209335E-4
1180	100-104	0.03357527319313647
1180	105-109	0.016124262764037667
1180	110-114	0.007916299238935665
1180	115-119	0.01302968053411746
1180	120-124	0.015387127158156488
1180	125-129	0.026045616962115048
1180	130-134	0.047482152021437685
1180	135-139	0.011419608669626768
1180	140-144	0.008226072005946605
1180	145-149	0.039071557313114624
1180	150-151	0.03412938513827157
1181	1	-0.44957385486412704
1181	2	-0.10126183830874425
1181	3	-0.03181568688949454
1181	4	-0.028710394036295384
1181	5	-0.05484659146834048
1181	6	-0.0254883367792047
1181	7	0.019141705706203993
1181	8	-0.0011165818334006872
1181	9	0.0331155223681705
1181	10-14	0.011503598728140219
1181	15-19	0.0340035279743347
1181	20-24	0.03260203599885614
1181	25-29	0.038955296355901226
1181	30-34	0.037898241444750624
1181	35-39	0.036825530741126045
1181	40-44	0.04547788852956813
1181	45-49	0.04331921558080154
1181	50-54	0.04333359741756482
1181	55-59	0.035041633663958294
1181	60-64	0.03251363555357756
1181	65-69	0.03582355265616144
1181	70-74	0.029520541794113342
1181	75-79	0.03987784336064237
1181	80-84	0.022052233428524914
1181	85-89	0.030115382662422974
1181	90-94	0.03035983807104259
1181	95-99	0.02446752203295688
1181	100-104	0.029356381968888456
1181	105-109	0.022918456965676626
1181	110-114	0.019684125508007355
1181	115-119	0.023535955541468923
1181	120-124	0.00356619859491758
1181	125-129	0.037807201471132146
1181	130-134	0.03876612686622849
1181	135-139	0.03697684662454037
1181	140-144	0.027389354531422327
1181	145-149	0.037580587139153465
1181	150-151	0.06706095021042557
1182	1	-0.2700405388377263
1182	2	-0.11319478127386162
1182	3	-0.04140549323583542
1182	4	-0.06807471687393019
1182	5	-0.04954027805430172
1182	6	-0.007087274523193798
1182	7	-0.0317387442064998
1182	8	-0.044808409951286876
1182	9	0.011071956571854003
1182	10-14	-0.005597551332044759
1182	15-19	0.020813515482174694
1182	20-24	0.016253073538074148
1182	25-29	0.01781753080147297
1182	30-34	0.016121380666405116
1182	35-39	9.108173316150214E-4
1182	40-44	0.004186631216740011
1182	45-49	-0.003846242981403236
1182	50-54	0.028222291168646052
1182	55-59	0.002604781600943795
1182	60-64	0.02105249870066217
1182	65-69	0.020459581657306103
1182	70-74	0.011837965706021691
1182	75-79	0.02671261440470829
1182	80-84	0.02762343674228873
1182	85-89	0.02450620203973841
1182	90-94	0.022832875595575786
1182	95-99	0.01731131079147019
1182	100-104	0.024204062275671845
1182	105-109	0.02045721908642406
1182	110-114	0.032110753181427754
1182	115-119	0.01274305798776254
1182	120-124	0.0044646541866697476
1182	125-129	0.021304322401469733
1182	130-134	0.013448539330859433
1182	135-139	0.025007282349903903
1182	140-144	0.0055731247552799346
1182	145-149	0.019436553078989505
1182	150-151	0.031923928307428184
1183	1	-0.4798938343870063
1183	2	-0.14675344713936056
1183	3	-0.09534670448736904
1183	4	-0.10851424108441421
1183	5	-0.055139008736169615
1183	6	-0.059330663606353085
1183	7	-0.03235330858446872
1183	8	-0.02346860062633027
1183	9	-0.01622167885907544
1183	10-14	-0.004034601056957854
1183	15-19	0.0054911750078616706
1183	20-24	0.0057559532439341865
1183	25-29	0.003400590195987263
1183	30-34	0.008228868135887524
1183	35-39	0.01660656383033654
1183	40-44	0.008693956282357362
1183	45-49	0.005211375733388479
1183	50-54	0.004369822899576548
1183	55-59	0.0023019652460760653
1183	60-64	-3.110593003015083E-4
1183	65-69	0.02148233005353717
1183	70-74	0.014027809673741842
1183	75-79	0.02946865118253328
1183	80-84	0.009774222402036514
1183	85-89	0.006480169274624359
1183	90-94	0.015344133845907493
1183	95-99	0.02748650680068465
1183	100-104	0.02088781429642239
1183	105-109	0.02055629485085575
1183	110-114	0.021873734899571673
1183	115-119	0.011288044720259904
1183	120-124	0.01183528868373429
1183	125-129	-0.0051244182799123905
1183	130-134	-0.0038673285108856703
1183	135-139	0.0038579429710452473
1183	140-144	-0.018633135993241012
1183	145-149	-0.0327664439930615
1183	150-151	-0.04374879369019169
1184	1	-0.4092914746062988
1184	2	-0.10334266976555284
1184	3	-0.029868756971730193
1184	4	-0.04626266905184906
1184	5	-0.07641890579753863
1184	6	-0.013821455180568876
1184	7	-0.012878788283735787
1184	8	-0.04930949984178312
1184	9	0.01180064032010364
1184	10-14	-0.016148271494493827
1184	15-19	0.009931710259401427
1184	20-24	0.02159842716687166
1184	25-29	0.024225236415198026
1184	30-34	0.026567144184411973
1184	35-39	0.014906434634852417
1184	40-44	0.008642087444307833
1184	45-49	0.012439005864585795
1184	50-54	0.009781480927593122
1184	55-59	0.010346672715492389
1184	60-64	0.021687111207327803
1184	65-69	0.016094159849302514
1184	70-74	0.007567429126183356
1184	75-79	0.01869368998722365
1184	80-84	0.01702785801132478
1184	85-89	0.016921427477328166
1184	90-94	0.01600777319482205
1184	95-99	0.0038548655627224093
1184	100-104	0.03129615069886427
1184	105-109	0.019626289502724603
1184	110-114	0.017777831222950624
1184	115-119	0.04518096828618923
1184	120-124	0.03222506497565547
1184	125-129	0.026441680950419766
1184	130-134	0.008314354415887237
1184	135-139	0.015839355470745886
1184	140-144	8.814086188380088E-4
1184	145-149	0.04051850017578573
1184	150-151	0.03697471970270527
1185	1	-0.3649868308581645
1185	2	-0.09576242612559582
1185	3	-0.07397067439178784
1185	4	-0.07187602379157454
1185	5	-0.08677932260700771
1185	6	-0.031214375787151027
1185	7	-0.04199820749993677
1185	8	-0.057759153856999035
1185	9	0.015742580514725546
1185	10-14	-0.015652840900798992
1185	15-19	-1.7708812823968856E-4
1185	20-24	0.009224807818789316
1185	25-29	0.011669320616967127
1185	30-34	-4.647385036804508E-5
1185	35-39	0.011415172216288738
1185	40-44	0.0052723211121588065
1185	45-49	0.0036874186765345485
1185	50-54	0.003211472870944476
1185	55-59	0.00984985206366673
1185	60-64	-0.001956304214658644
1185	65-69	2.166412531039441E-4
1185	70-74	0.00519803012274167
1185	75-79	0.01508522314400551
1185	80-84	0.015615468922547393
1185	85-89	0.009626934815621269
1185	90-94	0.014795787960657947
1185	95-99	0.019496728809009767
1185	100-104	0.021838641118314683
1185	105-109	0.012567592346826473
1185	110-114	0.011105246546222247
1185	115-119	0.02657448679514829
1185	120-124	0.02474199326753279
1185	125-129	0.01981474801664973
1185	130-134	0.011753361728160883
1185	135-139	0.02856143719715476
1185	140-144	0.01239601395171519
1185	145-149	0.021064894108988597
1185	150-151	0.04434997552775144
1186	1	-0.27233319752205176
1186	2	-0.08800988100410478
1186	3	-0.04909127356162202
1186	4	-0.07758520442571637
1186	5	-0.033687231092535797
1186	6	-0.019715988488904657
1186	7	-0.03442089333584164
1186	8	-0.06317394866201198
1186	9	-0.034511998562621216
1186	10-14	-0.007825910189083629
1186	15-19	-0.005226005679851653
1186	20-24	-0.0146053066796199
1186	25-29	-0.006439139832757235
1186	30-34	0.002964372546529148
1186	35-39	0.013419844247060553
1186	40-44	0.0037183265557487744
1186	45-49	-0.006239656584654085
1186	50-54	-0.007386359497829176
1186	55-59	0.009882581601836193
1186	60-64	-4.345729168377943E-4
1186	65-69	-0.0020599539692298663
1186	70-74	0.0036796359787700794
1186	75-79	0.013735858288974612
1186	80-84	0.005471344217632179
1186	85-89	-0.004399435677548524
1186	90-94	0.010399666779974837
1186	95-99	0.007638234239458086
1186	100-104	0.01872900509999198
1186	105-109	0.018304135422702927
1186	110-114	0.027782162783118736
1186	115-119	0.0016874920199327903
1186	120-124	-4.749950810634118E-4
1186	125-129	-0.023614005549895012
1186	130-134	-0.0015854322545862942
1186	135-139	0.004677924834588509
1186	140-144	-0.011933519205925336
1186	145-149	0.014452032677638726
1186	150-151	-0.020020634492269096
1187	1	-0.41239200235607143
1187	2	-0.05502087603105821
1187	3	-0.03813250309639926
1187	4	-0.07130191114927698
1187	5	-0.09664856306310554
1187	6	-0.034771165947070415
1187	7	-0.04694762697536703
1187	8	-0.08849238008211557
1187	9	-0.003078357250302588
1187	10-14	-0.028368131159588472
1187	15-19	-0.01272585880932553
1187	20-24	-0.005662665555874469
1187	25-29	0.0029971741451859657
1187	30-34	0.006435993082476443
1187	35-39	0.01783527079329872
1187	40-44	0.005297658291098628
1187	45-49	0.011455622463039106
1187	50-54	-0.004817053166313201
1187	55-59	0.005001204758670497
1187	60-64	0.008933521869401773
1187	65-69	5.154363702146725E-4
1187	70-74	-0.009940262042839265
1187	75-79	0.00932519749596139
1187	80-84	0.005571356481482326
1187	85-89	0.0019440876225900183
1187	90-94	0.022560641474093757
1187	95-99	0.0010538933084447422
1187	100-104	0.024272974277202763
1187	105-109	0.016926785626033336
1187	110-114	0.013225853025417678
1187	115-119	0.009600901750701496
1187	120-124	0.0030214710753284635
1187	125-129	0.014572276825077779
1187	130-134	0.006404573519503742
1187	135-139	0.03177679698847413
1187	140-144	0.03782332205264538
1187	145-149	0.02710203808967293
1187	150-151	0.046407889833510296
1188	1	-0.30333742309704803
1188	2	-0.09363431671874878
1188	3	0.020131016507413335
1188	4	-0.11525441604425879
1188	5	-0.1587048088034706
1188	6	-0.02389411306925382
1188	7	-0.04784348904674829
1188	8	-0.046443688137230765
1188	9	-0.015783958567503475
1188	10-14	-0.01729889583295119
1188	15-19	-0.019195541510363512
1188	20-24	-0.007462224754412716
1188	25-29	-0.013281088749032222
1188	30-34	-0.016147436065637066
1188	35-39	-0.009216443229647098
1188	40-44	-0.009157997692554432
1188	45-49	-0.00813733468943667
1188	50-54	-0.0209435642587934
1188	55-59	-0.011866025136946234
1188	60-64	-0.004670946096574369
1188	65-69	-0.011864258283345919
1188	70-74	-0.007364458849060895
1188	75-79	-0.019751080900675788
1188	80-84	-0.008553444627281692
1188	85-89	-0.014863601778635882
1188	90-94	-0.011178397280851016
1188	95-99	-0.01753989821486357
1188	100-104	-0.014022542428151041
1188	105-109	-0.01646257397936779
1188	110-114	-0.00346061365317496
1188	115-119	-0.0023600397133947126
1188	120-124	-0.008390862733151039
1188	125-129	-0.008294476927410699
1188	130-134	-0.007889527960664111
1188	135-139	0.01528612302949739
1188	140-144	-0.014563235582500056
1188	145-149	-0.008512731321992817
1188	150-151	-0.026155448217018318
1189	1	-0.4542120326456711
1189	2	-0.12467081780044964
1189	3	-0.05118305356762676
1189	4	-0.13437406320079504
1189	5	-0.08300701583668513
1189	6	-0.045369410508470764
1189	7	-0.06169038144923178
1189	8	-0.11064857556311836
1189	9	-0.052837864008111524
1189	10-14	-0.05686492917389785
1189	15-19	-0.027284430708682805
1189	20-24	-0.009909438105843549
1189	25-29	-0.007901487036271249
1189	30-34	-0.021631968192025397
1189	35-39	-0.027480669177037953
1189	40-44	-0.026069939164372613
1189	45-49	-0.03063937763123903
1189	50-54	-0.016207675416666234
1189	55-59	-0.02853235997619663
1189	60-64	-0.020361567821268522
1189	65-69	-0.02537618786324458
1189	70-74	-0.015484941297579269
1189	75-79	-0.011122704219211244
1189	80-84	-0.018534170901311597
1189	85-89	-0.02546378067950883
1189	90-94	-0.011137930737923796
1189	95-99	-0.009728090905362308
1189	100-104	-4.297754794890807E-4
1189	105-109	-0.01185231271976761
1189	110-114	0.009090898207730902
1189	115-119	-0.003286738577280346
1189	120-124	-0.01791298001933228
1189	125-129	0.012956353892668915
1189	130-134	-0.0019877887730146426
1189	135-139	0.010120708507642462
1189	140-144	-0.008982216220275063
1189	145-149	0.005156992169169428
1189	150-151	0.008309632391963362
1190	1	-0.25268676742314966
1190	2	-0.10352134359681742
1190	3	-0.0543905730732277
1190	4	-0.07980382594863045
1190	5	-0.12275227813791645
1190	6	-0.07843347980757898
1190	7	-0.1121928228988125
1190	8	-0.1563973507409031
1190	9	-0.06338151707311823
1190	10-14	-0.07442871601785583
1190	15-19	-0.04834700766576816
1190	20-24	-0.02712926642437452
1190	25-29	-0.0202547036661187
1190	30-34	-0.02245513597301141
1190	35-39	-0.016620328262376916
1190	40-44	-0.03150706557264016
1190	45-49	-0.039564835795815156
1190	50-54	-0.03935861399028795
1190	55-59	-0.03275330639202423
1190	60-64	-0.04767765632517751
1190	65-69	-0.04124900613785343
1190	70-74	-0.031945786567213474
1190	75-79	-0.03423221763247142
1190	80-84	-0.03198213949966089
1190	85-89	-0.037932124413096346
1190	90-94	-0.043955511642870704
1190	95-99	-0.04261465695851285
1190	100-104	-0.03230984294565076
1190	105-109	-0.037456487657117066
1190	110-114	-0.051964929620901046
1190	115-119	-0.019927919055540144
1190	120-124	-0.026750295641129185
1190	125-129	-0.013665971144618538
1190	130-134	-0.01294581641359116
1190	135-139	-0.004066617303777775
1190	140-144	-0.018379631736898716
1190	145-149	-0.036074142675069254
1190	150-151	-0.021890824524682273
1191	1	-0.2642335909645652
1191	2	-0.16376883799714648
1191	3	-0.1020927317351763
1191	4	-0.19769270637398506
1191	5	-0.2149515889030411
1191	6	-0.07985395092681102
1191	7	-0.11798627200249001
1191	8	-0.14023442591437174
1191	9	-0.08547909560459033
1191	10-14	-0.07582778714201766
1191	15-19	-0.038762213284584845
1191	20-24	-0.028997576985567264
1191	25-29	-0.024684064454696397
1191	30-34	-0.017609152283220908
1191	35-39	-0.020862826432249904
1191	40-44	-0.039559344456513656
1191	45-49	-0.026256767639317502
1191	50-54	-0.025129779843453548
1191	55-59	-0.03137452057254109
1191	60-64	-0.019250080022338523
1191	65-69	-0.02229733413292223
1191	70-74	-0.026158252633003087
1191	75-79	-0.031560066016908195
1191	80-84	-0.01756901487453888
1191	85-89	-0.029875053707293375
1191	90-94	-0.02374377816257578
1191	95-99	-0.02924337565369939
1191	100-104	-0.035255183921293565
1191	105-109	-0.03445227846891896
1191	110-114	-0.03153539332912203
1191	115-119	-0.006872356083498232
1191	120-124	-0.02888080849563579
1191	125-129	0.0010063117777221464
1191	130-134	0.004414229681209747
1191	135-139	0.013933497814093698
1191	140-144	-0.006528178651194594
1191	145-149	0.0067286138912194815
1191	150-151	0.018889075063022176
1192	1	-0.23854203581440458
1192	2	-0.17563712336016124
1192	3	-0.06474450400922649
1192	4	-0.20048377865850853
1192	5	-0.1621337641444356
1192	6	-0.04229005591204782
1192	7	-0.10749170825545207
1192	8	-0.17402160766248187
1192	9	-0.05768447868060633
1192	10-14	-0.07890501646336645
1192	15-19	-0.04517083891405349
1192	20-24	-0.017798988717942166
1192	25-29	-0.027104399667528867
1192	30-34	-0.02076017578955458
1192	35-39	-0.011781135411311539
1192	40-44	-0.03416100938934363
1192	45-49	-0.0336115659234153
1192	50-54	-0.034605102649479136
1192	55-59	-0.01716218848305573
1192	60-64	-0.009974987535677826
1192	65-69	-0.016936502182630875
1192	70-74	-0.028344719597889423
1192	75-79	-0.010497957761842258
1192	80-84	-0.005518773375918329
1192	85-89	0.0030241999543676457
1192	90-94	-0.004771450727083959
1192	95-99	-0.011271324331737276
1192	100-104	0.005409500611769147
1192	105-109	-0.011351709056512505
1192	110-114	-0.0036687960107215645
1192	115-119	-0.0019862129512802085
1192	120-124	-0.0012951477397606936
1192	125-129	0.016914587337481635
1192	130-134	0.011569454296633808
1192	135-139	0.027463967429781633
1192	140-144	0.008148798938357515
1192	145-149	0.02367043480819575
1192	150-151	0.008156704196302655
1193	1	-0.09313696984540343
1193	2	-0.2271032867742946
1193	3	-0.06631167605043231
1193	4	-0.21962021742835702
1193	5	-0.1756275888360932
1193	6	-0.09855490964369551
1193	7	-0.09322409613300664
1193	8	-0.13544036271553495
1193	9	-0.09584730711124934
1193	10-14	-0.11200643182903747
1193	15-19	-0.06235837755915696
1193	20-24	-0.038178256092649576
1193	25-29	-0.03909369838635257
1193	30-34	-0.029368839435974792
1193	35-39	-0.044032842791793314
1193	40-44	-0.049052049876358694
1193	45-49	-0.04447032206271473
1193	50-54	-0.05162681632786814
1193	55-59	-0.05561152988570939
1193	60-64	-0.05173865738438366
1193	65-69	-0.05733054812268534
1193	70-74	-0.041319460447041934
1193	75-79	-0.03799803680766445
1193	80-84	-0.06614718716726742
1193	85-89	-0.06450210483247787
1193	90-94	-0.03128068661275307
1193	95-99	-0.058718655965570576
1193	100-104	-0.025523347163861843
1193	105-109	-0.03251232665720494
1193	110-114	-0.0405193593818538
1193	115-119	-0.0520448756680878
1193	120-124	-0.03833168447580704
1193	125-129	-0.030994947937237782
1193	130-134	-0.026544505202586777
1193	135-139	-0.02700147042733647
1193	140-144	-0.05338186130082079
1193	145-149	-0.04355625686316955
1193	150-151	-0.0785651778458103
1194	1	-0.18511075194520288
1194	2	-0.17235110703716572
1194	3	-0.08408436139231412
1194	4	-0.23243395972601633
1194	5	-0.2232322965755884
1194	6	-0.09317493630410922
1194	7	-0.1031151559680552
1194	8	-0.10731407371919488
1194	9	-0.08607444007550669
1194	10-14	-0.09864515229725868
1194	15-19	-0.07529984718901517
1194	20-24	-0.05437729328008345
1194	25-29	-0.04916372947709391
1194	30-34	-0.07043717204923894
1194	35-39	-0.05412729762001334
1194	40-44	-0.06366152183305473
1194	45-49	-0.06266659112181827
1194	50-54	-0.059962289038125505
1194	55-59	-0.052691147027381646
1194	60-64	-0.06132758143598238
1194	65-69	-0.06510439085089104
1194	70-74	-0.06777692934635837
1194	75-79	-0.07330616942980583
1194	80-84	-0.07042842485827094
1194	85-89	-0.06904155207693918
1194	90-94	-0.07286848849980032
1194	95-99	-0.0928083373899824
1194	100-104	-0.05870655861977525
1194	105-109	-0.06745549513012605
1194	110-114	-0.042568845468949235
1194	115-119	-0.04747102669205816
1194	120-124	-0.04207346353440755
1194	125-129	-0.03336092485199771
1194	130-134	-0.03047671215582426
1194	135-139	-0.0377738662242777
1194	140-144	-0.04453117890921021
1194	145-149	-0.05968385969018897
1194	150-151	-0.11471819599456268
1195	1	-0.0498297201568505
1195	2	-0.19386526196413456
1195	3	-0.12213105273425384
1195	4	-0.24657190304719023
1195	5	-0.22698139135240325
1195	6	-0.1030667359886337
1195	7	-0.17572138921568126
1195	8	-0.17412414257456277
1195	9	-0.15802673787244714
1195	10-14	-0.13237821963947027
1195	15-19	-0.11280225883346162
1195	20-24	-0.09911954425307812
1195	25-29	-0.09993494113150803
1195	30-34	-0.10166129695774373
1195	35-39	-0.09033180829895571
1195	40-44	-0.11361233877394028
1195	45-49	-0.10728402554587291
1195	50-54	-0.09483835576904909
1195	55-59	-0.11698781267361369
1195	60-64	-0.09833580370457895
1195	65-69	-0.11737853990846503
1195	70-74	-0.12367904637274307
1195	75-79	-0.1124087365275912
1195	80-84	-0.09685427496538068
1195	85-89	-0.10935354597339852
1195	90-94	-0.1157608716319416
1195	95-99	-0.11136333427093348
1195	100-104	-0.10160945333705484
1195	105-109	-0.1072407941685043
1195	110-114	-0.1094503878824753
1195	115-119	-0.07805327469838375
1195	120-124	-0.0832842934004745
1195	125-129	-0.07629325820724375
1195	130-134	-0.0763903731639175
1195	135-139	-0.08221199336684037
1195	140-144	-0.08577368824238363
1195	145-149	-0.0857303458253611
1195	150-151	-0.15109712557029553
1196	1	-0.0963282237922769
1196	2	-0.19929505145712767
1196	3	-0.14368674030431094
1196	4	-0.24550647843312134
1196	5	-0.2880992015552337
1196	6	-0.17872619583448568
1196	7	-0.21117742705948928
1196	8	-0.30477635291239835
1196	9	-0.24953171997125168
1196	10-14	-0.19694254512096165
1196	15-19	-0.1412896998140667
1196	20-24	-0.0993492326240144
1196	25-29	-0.10631653917094752
1196	30-34	-0.10818808292597737
1196	35-39	-0.10550342168873783
1196	40-44	-0.11436632756679188
1196	45-49	-0.1142774470089094
1196	50-54	-0.09860317960294651
1196	55-59	-0.09496331427961735
1196	60-64	-0.10790395861121027
1196	65-69	-0.11235035223472067
1196	70-74	-0.11973704403755647
1196	75-79	-0.13594453666479467
1196	80-84	-0.12118944598876169
1196	85-89	-0.11957329554915219
1196	90-94	-0.13172810534185686
1196	95-99	-0.11705062531895294
1196	100-104	-0.10153671124287911
1196	105-109	-0.10410412010698167
1196	110-114	-0.0885949634498644
1196	115-119	-0.1014099617703863
1196	120-124	-0.13814517109180713
1196	125-129	-0.12331128168023042
1196	130-134	-0.11098971498875443
1196	135-139	-0.10846228466462549
1196	140-144	-0.13359603351756277
1196	145-149	-0.10371544548042522
1196	150-151	-1.0785763609640995
1197	1	0.12480477690407099
1197	2	-0.18070487278082226
1197	3	-0.10745451449098908
1197	4	-0.2923831319623602
1197	5	-0.2299676455129358
1197	6	-0.15966797526354526
1197	7	-0.16111683786612474
1197	8	-0.21010596777055923
1197	9	-0.21275192469607163
1197	10-14	-0.17779404434263313
1197	15-19	-0.1529282527285858
1197	20-24	-0.12409474492110206
1197	25-29	-0.1168574899696111
1197	30-34	-0.12697070896483353
1197	35-39	-0.11365753496217224
1197	40-44	-0.15033134117642533
1197	45-49	-0.13105604217795275
1197	50-54	-0.13309286318414593
1197	55-59	-0.1225286847611784
1197	60-64	-0.11515704447132435
1197	65-69	-0.12033862787227889
1197	70-74	-0.15268183876793273
1197	75-79	-0.14923923618854218
1197	80-84	-0.13923662658085334
1197	85-89	-0.14667770440100725
1197	90-94	-0.1443850943927245
1197	95-99	-0.12758563475463802
1197	100-104	-0.13090609461309555
1197	105-109	-0.14645972385428507
1197	110-114	-0.128990045809509
1197	115-119	-0.11496150280951412
1197	120-124	-0.1285633428820816
1197	125-129	-0.11294208529444205
1197	130-134	-0.13260545949782454
1197	135-139	-0.16408599224038056
1197	140-144	-0.1572988619439073
1197	145-149	-0.14851571024110655
1197	150-151	-1.1160987508662288
1198	1	0.14919098268445907
1198	2	-0.2107349353309047
1198	3	-0.1365269155966402
1198	4	-0.2543882147702661
1198	5	-0.33932154578856455
1198	6	-0.18944233951050649
1198	7	-0.23423454077119032
1198	8	-0.30020949844827527
1198	9	-0.2701061360730179
1198	10-14	-0.25084120258817677
1198	15-19	-0.17056031649597259
1198	20-24	-0.13951497788695377
1198	25-29	-0.1618781195490655
1198	30-34	-0.18514527019708993
1198	35-39	-0.17509845172374838
1198	40-44	-0.17975226183666848
1198	45-49	-0.18196864922105505
1198	50-54	-0.1803187135314488
1198	55-59	-0.18098222344755044
1198	60-64	-0.1832496372075596
1198	65-69	-0.18209591750706977
1198	70-74	-0.1909735672155506
1198	75-79	-0.20197789220411977
1198	80-84	-0.19760055993833703
1198	85-89	-0.1961374714088322
1198	90-94	-0.1975479822561752
1198	95-99	-0.21757267780927947
1198	100-104	-0.2081922900016977
1198	105-109	-0.22022006503436842
1198	110-114	-0.17764194241256348
1198	115-119	-0.19697514148343487
1198	120-124	-0.22098447748658856
1198	125-129	-0.23829453769695874
1198	130-134	-0.22989313284956836
1198	135-139	-0.20682383835502094
1198	140-144	-0.20034046059468125
1198	145-149	-0.21292033949290357
1198	150-151	-1.0791851017347014
1201	1	-0.2961719065027353
1201	2	0.030226557584938973
1201	3	-0.019295811945880814
1201	4	7.011292483198872E-4
1201	5	-0.20300036415131473
1201	6	-0.16938133296211788
1201	7	-0.24496912105016122
1201	8	-0.2427723501618857
1201	9	-0.23005611233674728
1201	10-14	-0.20325519647145995
1201	15-19	-0.09748286709157838
1201	20-24	-0.04241646435097124
1201	25-29	-0.04940109132072479
1201	30-34	-0.044264575547828144
1201	35-39	-0.0467272111414303
1201	40-44	-0.038510111873861774
1201	45-49	-0.04350820602339667
1201	50-54	-0.025225365571351688
1201	55-59	-0.03553545398766289
1201	60-64	-0.03824840428143261
1201	65-69	-0.03288321810995143
1201	70-74	-0.019157766183354852
1201	75-79	-0.035999949439137424
1201	80-84	-0.012605651430291687
1201	85-89	-0.01591930409846043
1201	90-94	-0.021039699428690994
1201	95-99	-0.017242777212295834
1201	100-104	-0.03879772277073812
1201	105-109	-0.041114195204436044
1201	110-114	-0.026497629855761318
1201	115-119	-0.01735206636131892
1201	120-124	-0.01024526442989071
1201	125-129	-0.013724275605888181
1201	130-134	-0.012013292403416642
1201	135-139	-0.0450289391157952
1201	140-144	-0.03444865749391823
1201	145-149	-0.045116863701316845
1201	150-151	-0.007627298912844083
1202	1	-0.10035037130398905
1202	2	0.027271541427360546
1202	3	-0.008767592498017507
1202	4	0.04467150122395225
1202	5	-0.12889273168983806
1202	6	-0.07390303788497476
1202	7	-0.12292037311835458
1202	8	-0.18271471984103016
1202	9	-0.08953056515307622
1202	10-14	-0.11354800964925005
1202	15-19	-0.04896423506688308
1202	20-24	-0.01751115495851252
1202	25-29	-0.028124235880262916
1202	30-34	-0.03480088795388525
1202	35-39	-0.02161912801677346
1202	40-44	-0.01420360679057353
1202	45-49	-0.025431180929679442
1202	50-54	-0.017308012815192342
1202	55-59	-0.013254300229021965
1202	60-64	-0.03210273830297439
1202	65-69	-0.01889158488481968
1202	70-74	-0.024747831941063225
1202	75-79	-0.020965319730549936
1202	80-84	-0.020579897882953446
1202	85-89	-0.01766533486868127
1202	90-94	-0.04149083382385754
1202	95-99	-0.0314861857563713
1202	100-104	-0.02080497017406202
1202	105-109	-0.02435635194457575
1202	110-114	-0.029612613870639848
1202	115-119	-0.03032988695801464
1202	120-124	-0.02779675928686487
1202	125-129	-0.014130685256567688
1202	130-134	-0.013643730684563593
1202	135-139	-0.017908880483986422
1202	140-144	-0.0017177821480700572
1202	145-149	-0.01657623084111748
1202	150-151	0.02546923005239421
1203	1	-0.04127754511581827
1203	2	0.06396876545910857
1203	3	0.008665841357675674
1203	4	0.01212255279969554
1203	5	-0.08677893411281445
1203	6	-0.08609266460543097
1203	7	-0.1130496091103197
1203	8	-0.15840623366923978
1203	9	-0.08682394813542516
1203	10-14	-0.10268077214281845
1203	15-19	-0.05415855465422936
1203	20-24	-0.03354233123593531
1203	25-29	-0.043646082199366276
1203	30-34	-0.03654639342863675
1203	35-39	-0.05003799074031434
1203	40-44	-0.0297543321328817
1203	45-49	-0.04228847258224988
1203	50-54	-0.051631914843106586
1203	55-59	-0.04969812246280725
1203	60-64	-0.04668589841443804
1203	65-69	-0.05565808915706327
1203	70-74	-0.04296274802407396
1203	75-79	-0.05402300631152457
1203	80-84	-0.0431076191220825
1203	85-89	-0.033316248642385915
1203	90-94	-0.04020614241235165
1203	95-99	-0.04920284979688461
1203	100-104	-0.05161583081767418
1203	105-109	-0.062372860123261376
1203	110-114	-0.03730163421379018
1203	115-119	-0.07641029446001824
1203	120-124	-0.05994402743979066
1203	125-129	-0.03590336872963462
1203	130-134	-0.04765171018711101
1203	135-139	-0.05388327718878827
1203	140-144	-0.028758439777945455
1203	145-149	-0.04347700487618056
1203	150-151	-0.01032778270531054
1204	1	-0.289957253665456
1204	2	0.04382021992706342
1204	3	0.007874848305135629
1204	4	0.03681270063541575
1204	5	-0.05908236324590632
1204	6	-0.06707418440420554
1204	7	-0.09267991078575477
1204	8	-0.1401003187060681
1204	9	-0.06750460870192398
1204	10-14	-0.10808291301658812
1204	15-19	-0.050855069612346426
1204	20-24	-0.01945514541589688
1204	25-29	-0.03830482671699542
1204	30-34	-0.021881940757829454
1204	35-39	-0.04472594170636768
1204	40-44	-0.029155674273859233
1204	45-49	-0.02912220364498097
1204	50-54	-0.03744428400178634
1204	55-59	-0.040723741211536435
1204	60-64	-0.04272230411086042
1204	65-69	-0.04546353118542612
1204	70-74	-0.03822735992063997
1204	75-79	-0.02932810052455892
1204	80-84	-0.026639159877518637
1204	85-89	-0.027271950179127202
1204	90-94	-0.03054838015032857
1204	95-99	-0.04821920936226576
1204	100-104	-0.04540419187675582
1204	105-109	-0.04953952193444877
1204	110-114	-0.02497679582603496
1204	115-119	-0.03530406564286892
1204	120-124	-0.030073023716234104
1204	125-129	-0.02902206382508865
1204	130-134	-0.04041235499141038
1204	135-139	-0.035372509092326254
1204	140-144	-0.03168656196672259
1204	145-149	-0.05997951615015751
1204	150-151	-0.031225583828067727
1205	1	-0.375437072496311
1205	2	-0.05453888398164963
1205	3	-0.04673928673579297
1205	4	0.05237537000143533
1205	5	-0.13218852994415897
1205	6	-0.08490032147503968
1205	7	-0.12851062769232868
1205	8	-0.09949955823805823
1205	9	-0.09183801505478328
1205	10-14	-0.06898298641166178
1205	15-19	-0.03807678253088653
1205	20-24	-0.022398092453002505
1205	25-29	-0.031097585145310802
1205	30-34	-0.02883009176180451
1205	35-39	-0.026362547653327795
1205	40-44	-0.016313157425280167
1205	45-49	-0.039044150725487725
1205	50-54	-0.03369508709150182
1205	55-59	-0.03699866570948984
1205	60-64	-0.026630610486719775
1205	65-69	-0.009105159435392807
1205	70-74	-0.01171127144940698
1205	75-79	-0.032225876838467116
1205	80-84	-0.015430476848507624
1205	85-89	-0.019425947679884814
1205	90-94	-0.022878695640905278
1205	95-99	-0.023131544007704008
1205	100-104	-0.016669001464613586
1205	105-109	-0.020712518710247707
1205	110-114	-0.025315746040135423
1205	115-119	-0.028843967882217214
1205	120-124	-0.017594572086920834
1205	125-129	-0.009343504034781347
1205	130-134	0.002893609299562172
1205	135-139	-0.0026421264780012166
1205	140-144	0.00877573198006587
1205	145-149	-0.011350975875849656
1205	150-151	0.05747895299658978
1206	1	-0.2969847970989292
1206	2	-0.038503551571416494
1206	3	0.011119543823156164
1206	4	0.03188156927689789
1206	5	-0.031234807409525445
1206	6	-0.04238533673404277
1206	7	-0.056926338934069065
1206	8	-0.10708701977243607
1206	9	-0.038921333798164426
1206	10-14	-0.0516243868954831
1206	15-19	-0.03498534712023371
1206	20-24	-0.019202521138154793
1206	25-29	-0.050134025349890976
1206	30-34	-0.0291243207634011
1206	35-39	-0.032752271121623266
1206	40-44	-0.03841839484756804
1206	45-49	-0.02654583163506885
1206	50-54	-0.023831551709101007
1206	55-59	-0.03512411086953193
1206	60-64	-0.0314023665462102
1206	65-69	-0.034955333456572646
1206	70-74	-0.032978728652700795
1206	75-79	-0.04002503374758959
1206	80-84	-0.03223829693607172
1206	85-89	-0.02123843042303264
1206	90-94	-0.04100472301833946
1206	95-99	-0.03749813501837451
1206	100-104	-0.03166564960687168
1206	105-109	-0.026817816066412092
1206	110-114	-0.04696578969126364
1206	115-119	-0.050572618706631545
1206	120-124	-0.034567678041675265
1206	125-129	-0.03347612625363183
1206	130-134	-0.031284023244488424
1206	135-139	-0.04363813982967457
1206	140-144	-0.029775377525574243
1206	145-149	-0.03870748416780856
1206	150-151	0.01581220084310786
1207	1	-0.45272054859356103
1207	2	-0.04154197382042213
1207	3	-0.024689106841350394
1207	4	-0.0021288871776690144
1207	5	-0.07215972836988271
1207	6	-0.03158189059866601
1207	7	-0.04147358453406014
1207	8	-0.05369089456520015
1207	9	-0.006564001531273789
1207	10-14	-0.032615504898686254
1207	15-19	-0.034539227347785584
1207	20-24	-0.01677993196077665
1207	25-29	-0.055891023441219545
1207	30-34	-0.027306300146676676
1207	35-39	-0.039890644566384026
1207	40-44	-0.03911536148881822
1207	45-49	-0.044410969725980465
1207	50-54	-0.04475647457448417
1207	55-59	-0.03127700689556434
1207	60-64	-0.03220446867658211
1207	65-69	-0.02904624152279922
1207	70-74	-0.033576826169074536
1207	75-79	-0.03371496351489611
1207	80-84	-0.035229862113432375
1207	85-89	-0.025079707905142357
1207	90-94	-0.023460367510665492
1207	95-99	-0.02476911679389815
1207	100-104	-0.019808819033009684
1207	105-109	-0.04301711564506405
1207	110-114	-0.021261942421006097
1207	115-119	-0.03125310166367257
1207	120-124	-0.02772050602228404
1207	125-129	-0.031625277474852
1207	130-134	-0.03687445571610226
1207	135-139	-0.03129078342023206
1207	140-144	-0.014120629887329983
1207	145-149	-0.023240308271908816
1207	150-151	0.028437606138361105
1208	1	-0.4033129956284185
1208	2	-0.05980626073785089
1208	3	-0.017195885051577875
1208	4	0.021990994291741117
1208	5	-0.026242253708730345
1208	6	-0.008272947305300704
1208	7	-0.05671266875433645
1208	8	-0.005945096660241234
1208	9	7.93428792320583E-5
1208	10-14	-0.003555006441565922
1208	15-19	-0.0160340969140762
1208	20-24	-0.024495207448033796
1208	25-29	-0.027373754819507212
1208	30-34	-0.02844094847701939
1208	35-39	-0.03499618196438803
1208	40-44	-0.04112965941324376
1208	45-49	-0.024502041184803147
1208	50-54	-0.011812146566029469
1208	55-59	-0.01778488567295966
1208	60-64	-0.01416249066127051
1208	65-69	-0.007141125272291049
1208	70-74	-0.001228785881828287
1208	75-79	-0.012600423080336043
1208	80-84	-0.019835211488675952
1208	85-89	-0.004998849216498513
1208	90-94	-0.013246762702280535
1208	95-99	0.0057593519135323845
1208	100-104	-0.0021595710087325415
1208	105-109	-0.02705952838864789
1208	110-114	0.007122239694020038
1208	115-119	-0.015385470535889567
1208	120-124	-0.010808093617946213
1208	125-129	-0.007544676542877937
1208	130-134	0.014395151881892332
1208	135-139	0.013997005743469515
1208	140-144	0.03769018083445275
1208	145-149	0.02364247470803349
1208	150-151	0.046981089186751035
1209	1	-0.3970688836888243
1209	2	0.005951082957587062
1209	3	-0.05328534087053782
1209	4	0.024503110673272488
1209	5	-0.021404229178024536
1209	6	-0.00716731934461734
1209	7	-0.02425288357510169
1209	8	-0.03962177766111097
1209	9	-0.0016178519120444435
1209	10-14	-0.0068858205730606414
1209	15-19	-0.027384304677205762
1209	20-24	-0.028640498080129362
1209	25-29	-0.019377876355157753
1209	30-34	-0.021315982843574943
1209	35-39	-0.03234338417709637
1209	40-44	-0.03710846115101418
1209	45-49	-0.037466771849288705
1209	50-54	-0.024713645419197405
1209	55-59	-0.03697427391474406
1209	60-64	-0.029697110018716444
1209	65-69	-0.024448947034215962
1209	70-74	-0.01146768666644249
1209	75-79	-0.015552089404238245
1209	80-84	-0.015428532001749318
1209	85-89	7.710610344915381E-4
1209	90-94	-0.023772952847650686
1209	95-99	-0.012391578088646327
1209	100-104	0.00303378228737472
1209	105-109	-0.02302492489204866
1209	110-114	0.004333055107601069
1209	115-119	0.006657843863209223
1209	120-124	-0.00850869158783496
1209	125-129	0.006436254317947032
1209	130-134	0.0179228631631716
1209	135-139	0.028877062357707928
1209	140-144	0.0280075440189691
1209	145-149	0.0036874360899545877
1209	150-151	0.0940787435355972
1210	1	-0.3691049890509106
1210	2	-0.022602792415760575
1210	3	0.0015796901133811048
1210	4	-0.001164489788784806
1210	5	-0.03572416559983793
1210	6	-0.02831317844653114
1210	7	-0.04769726104135685
1210	8	-0.01042673415526707
1210	9	-0.012416212818791905
1210	10-14	-0.01895222611700831
1210	15-19	-0.03295952632542054
1210	20-24	-0.015132532232364326
1210	25-29	-0.02170758044572807
1210	30-34	-0.020020772203238835
1210	35-39	-0.02376499066516402
1210	40-44	-0.012729459819212252
1210	45-49	-0.027938242765245036
1210	50-54	-0.025461899581401326
1210	55-59	-0.010707692608377783
1210	60-64	-0.014385896908464701
1210	65-69	-0.01806246306225745
1210	70-74	-0.009634520923064827
1210	75-79	-0.01351345023206818
1210	80-84	-0.0057626037432356725
1210	85-89	-0.019517825366264674
1210	90-94	-0.010434343105593769
1210	95-99	-0.003355517890121007
1210	100-104	-0.0012363978153118182
1210	105-109	9.653273077248059E-4
1210	110-114	4.0513689611998416E-4
1210	115-119	0.01313300446134491
1210	120-124	0.014521471034640854
1210	125-129	0.02916246506364928
1210	130-134	0.03537015808886679
1210	135-139	0.02423112359454649
1210	140-144	0.055419320684464424
1210	145-149	0.04319061483833764
1210	150-151	0.09177233515838878
1211	1	-0.25160748376175235
1211	2	-0.050403900511874156
1211	3	-0.032723782599212825
1211	4	0.009841253709296893
1211	5	-0.0020048493321809246
1211	6	-0.006634668215546924
1211	7	-0.04609926457005287
1211	8	-0.01779539683596454
1211	9	-0.010360677184635847
1211	10-14	-0.008508958930143251
1211	15-19	-0.009272924574162289
1211	20-24	-0.004557372351911226
1211	25-29	-0.011091967549553772
1211	30-34	-0.007311771803635736
1211	35-39	-0.01531164739350288
1211	40-44	-0.029937376975610164
1211	45-49	-0.02860504354148219
1211	50-54	-0.036956165140402675
1211	55-59	-0.027338568514721828
1211	60-64	-0.041834830276819446
1211	65-69	-0.043331682271372074
1211	70-74	-0.03935932884728288
1211	75-79	-0.048676154979922615
1211	80-84	-0.029480096285205093
1211	85-89	-0.021597126353334772
1211	90-94	-0.030141460492004057
1211	95-99	-0.028133112147074257
1211	100-104	-0.029080215045262037
1211	105-109	-0.028680062879210766
1211	110-114	-0.02138572910448744
1211	115-119	-0.02196538295565631
1211	120-124	-0.02501790359931988
1211	125-129	-0.026341571067369784
1211	130-134	9.584868080239062E-4
1211	135-139	-0.007962815486344255
1211	140-144	0.006008258123713972
1211	145-149	-0.009138360672920953
1211	150-151	0.0177857470312901
1212	1	-0.32823630517871294
1212	2	-0.008741797744725943
1212	3	-0.05745094553441987
1212	4	0.013824201036108263
1212	5	-0.008636616851291024
1212	6	-0.028500417347629536
1212	7	-0.02538820375622919
1212	8	-0.041665161280448615
1212	9	-0.00812434733632017
1212	10-14	-0.020693491679558917
1212	15-19	-0.006279968631744737
1212	20-24	-9.69387004481348E-4
1212	25-29	-0.002594443516635181
1212	30-34	0.0015726926055918966
1212	35-39	-0.017394485101803525
1212	40-44	-0.017058369009809837
1212	45-49	-0.0017754188481475808
1212	50-54	4.127047844946219E-4
1212	55-59	-0.003550868915333183
1212	60-64	-0.016119644154258594
1212	65-69	-0.008263593525768442
1212	70-74	-0.014924355032256642
1212	75-79	-0.02158667948579307
1212	80-84	-0.006407637915529563
1212	85-89	-0.025784100794012943
1212	90-94	-0.0019045627971863155
1212	95-99	-0.0066704410330871156
1212	100-104	-0.004608126904848575
1212	105-109	-0.030867777631122806
1212	110-114	-0.02499402308177423
1212	115-119	-0.03306364934480399
1212	120-124	-0.015395011167008477
1212	125-129	-0.008657329572940853
1212	130-134	0.02678158616009796
1212	135-139	0.015362052388354641
1212	140-144	0.05246789570778532
1212	145-149	0.03263905388737243
1212	150-151	0.05850486464120053
1213	1	-0.3927563983442752
1213	2	0.006042725936033833
1213	3	0.005764340816355684
1213	4	0.025478883939605623
1213	5	-0.04570624792209799
1213	6	-0.003367400347350724
1213	7	-0.035139777258024196
1213	8	-0.06208298740276774
1213	9	-0.01388435571373492
1213	10-14	-0.024426255415747278
1213	15-19	-0.006431417858983934
1213	20-24	0.013570451841836473
1213	25-29	0.002682173481368011
1213	30-34	0.010784134868998763
1213	35-39	-0.004799461061644195
1213	40-44	0.013803858423074189
1213	45-49	-0.007033333327434832
1213	50-54	3.873737031625524E-4
1213	55-59	0.015441764220817333
1213	60-64	-0.006148588983862169
1213	65-69	0.0015968067631249028
1213	70-74	8.282871077156528E-4
1213	75-79	-0.0019019344036124153
1213	80-84	0.010773009896460906
1213	85-89	0.008745541760319497
1213	90-94	0.007048165098296977
1213	95-99	-0.003005526456966834
1213	100-104	-0.00394427732211966
1213	105-109	-0.010305085505557088
1213	110-114	9.71292980196381E-5
1213	115-119	0.003911656064893521
1213	120-124	-0.005994019105813209
1213	125-129	-0.012324141214818951
1213	130-134	-0.01779943494263847
1213	135-139	-0.023516458369506665
1213	140-144	0.006095124937345986
1213	145-149	-0.01978143389793985
1213	150-151	0.012712471714699802
1214	1	-0.40248376074549697
1214	2	0.004874686596259892
1214	3	0.019881111107515892
1214	4	0.03102203249142832
1214	5	-0.05314322683770456
1214	6	-0.03803545353765969
1214	7	-0.07841970848787128
1214	8	-0.06228159534522604
1214	9	-0.030872981744337835
1214	10-14	-0.08278819241480306
1214	15-19	-0.042454454602228964
1214	20-24	0.0014355480118766195
1214	25-29	-0.010141814288481044
1214	30-34	-0.005224452929567747
1214	35-39	-0.015656109518282335
1214	40-44	-0.005211134839363751
1214	45-49	-0.008850810208826942
1214	50-54	0.009030121378728495
1214	55-59	-0.004028849812598878
1214	60-64	-0.004484355311767274
1214	65-69	-0.0025135506711038147
1214	70-74	0.004193114579628343
1214	75-79	0.008885641090834895
1214	80-84	-3.649325365557843E-4
1214	85-89	0.005581337320634816
1214	90-94	0.0018285899498167169
1214	95-99	0.00636270043245446
1214	100-104	0.016575593897570684
1214	105-109	0.008629862313760839
1214	110-114	0.015206307766426619
1214	115-119	0.015218492868498856
1214	120-124	0.03564816092148959
1214	125-129	0.01367335889019472
1214	130-134	0.036872793835414086
1214	135-139	0.02541137551766326
1214	140-144	0.02822959018583049
1214	145-149	0.026571756412600678
1214	150-151	0.06212173303168811
1215	1	-0.3421445646081551
1215	2	-0.05227252145281369
1215	3	-0.0369288097040652
1215	4	-0.0408946128718739
1215	5	-0.0699439207308501
1215	6	-0.07377408560363818
1215	7	-0.08788187734418074
1215	8	-0.08203080239442073
1215	9	-0.056604775577824284
1215	10-14	-0.06259456912671624
1215	15-19	-0.007190613474527652
1215	20-24	0.008625880172210998
1215	25-29	-8.252385363718417E-4
1215	30-34	0.0028815286439822785
1215	35-39	0.015933449596637672
1215	40-44	0.003551087379790374
1215	45-49	0.010451223629083017
1215	50-54	0.02103019828109609
1215	55-59	0.011657386059880537
1215	60-64	0.02575141830960348
1215	65-69	0.027201924151682988
1215	70-74	0.013958734099027481
1215	75-79	0.02896781245353708
1215	80-84	0.03619208085054737
1215	85-89	0.018465818833647063
1215	90-94	0.02340039124210591
1215	95-99	0.015234149071979175
1215	100-104	0.033360872856064816
1215	105-109	0.022281175621984062
1215	110-114	0.0323734218017151
1215	115-119	0.03840740355457939
1215	120-124	0.027270118745285288
1215	125-129	0.01678127764341042
1215	130-134	0.039133302954759586
1215	135-139	0.03355137740392422
1215	140-144	0.03757413459420178
1215	145-149	0.021309717787850957
1215	150-151	0.09606697949077869
1216	1	-0.3776840257414946
1216	2	-0.0033877300368700958
1216	3	0.012532865416837069
1216	4	0.028485978118695243
1216	5	-0.05909427981253401
1216	6	-0.01290634121875911
1216	7	-0.05802932050946197
1216	8	-0.08515048655133484
1216	9	-0.09246457999953606
1216	10-14	-0.09314990871685325
1216	15-19	-0.026491371725470003
1216	20-24	-0.008835659927107997
1216	25-29	-0.016872031930802223
1216	30-34	-0.009049944974734103
1216	35-39	-0.017963496002451507
1216	40-44	-0.02310153115787017
1216	45-49	-0.019934578068649955
1216	50-54	-0.018753075248866935
1216	55-59	-0.034376349425649266
1216	60-64	-0.031524283937486075
1216	65-69	-0.01127440512164668
1216	70-74	-0.021345894510169217
1216	75-79	-0.018665046879803526
1216	80-84	-0.010938234996203278
1216	85-89	-0.039717536439638934
1216	90-94	-0.050526099203459296
1216	95-99	-0.04398857322819083
1216	100-104	-0.03695515615692102
1216	105-109	-0.02018418458330018
1216	110-114	-0.03504937182026424
1216	115-119	-0.03832179954953574
1216	120-124	-0.05421657208196251
1216	125-129	-0.06016317739508992
1216	130-134	-0.023887657090170933
1216	135-139	-0.05887663122153697
1216	140-144	-0.0495225468965117
1216	145-149	-0.0685976283005516
1216	150-151	0.010612071521030941
1217	1	-0.49987629418225055
1217	2	-0.04535296625500962
1217	3	-0.0019007588384383212
1217	4	0.005630113321160479
1217	5	-0.061612839277202625
1217	6	-0.060195432621128475
1217	7	-0.10310383457695593
1217	8	-0.11702294566359228
1217	9	-0.08251151444169835
1217	10-14	-0.09289860785403903
1217	15-19	-0.029029073373024517
1217	20-24	0.002879996939505247
1217	25-29	-0.013746645444406624
1217	30-34	-0.013274534090982115
1217	35-39	-0.0067664294582385764
1217	40-44	-0.01699900270875787
1217	45-49	-0.0077723561283917775
1217	50-54	0.001328766640661172
1217	55-59	-0.005620630619894484
1217	60-64	-0.006131950434358657
1217	65-69	-0.001258548391412262
1217	70-74	-8.071536940619239E-4
1217	75-79	0.009627463092741095
1217	80-84	0.004637284111083773
1217	85-89	0.007440179239914357
1217	90-94	0.0013008347091911787
1217	95-99	0.00868244221813086
1217	100-104	0.001413131142783186
1217	105-109	-0.006232078171741762
1217	110-114	0.002676052317482913
1217	115-119	0.019238014012628923
1217	120-124	0.006971959230739344
1217	125-129	0.01921273302840376
1217	130-134	0.01438498300669977
1217	135-139	0.015896976987029632
1217	140-144	0.02844087140898921
1217	145-149	0.0421163766931727
1217	150-151	0.0875789456802849
1218	1	-0.44561247629677325
1218	2	-0.03105936533151521
1218	3	-0.006252749754267484
1218	4	0.07917795631930602
1218	5	-0.1289524757029099
1218	6	-0.11871043116474311
1218	7	-0.09452386211876984
1218	8	-0.12914900268143725
1218	9	-0.08147762819970694
1218	10-14	-0.08103035785661916
1218	15-19	-0.019850219237852684
1218	20-24	0.009610483601989017
1218	25-29	0.010807530259661746
1218	30-34	0.0208382141716541
1218	35-39	0.014544045562857377
1218	40-44	0.013725035377646577
1218	45-49	0.01309975237200689
1218	50-54	0.02600549431465282
1218	55-59	0.016547858795689763
1218	60-64	0.028294419332617338
1218	65-69	0.02649568650004852
1218	70-74	0.03273791156971839
1218	75-79	0.03420533709049067
1218	80-84	0.03332771522798339
1218	85-89	0.03579183712158596
1218	90-94	0.030460420973412283
1218	95-99	0.03997439615198317
1218	100-104	0.05333810858660115
1218	105-109	0.06227086304951257
1218	110-114	0.06520698106447753
1218	115-119	0.06320852824154599
1218	120-124	0.05343791822784283
1218	125-129	0.056220752755017145
1218	130-134	0.07049477377725566
1218	135-139	0.05014219521635255
1218	140-144	0.06366863836551317
1218	145-149	0.05580851419009747
1218	150-151	0.12062143525776747
1219	1	-0.6148141585728766
1219	2	-0.01285819442738756
1219	3	-0.027547997378803757
1219	4	0.036407381495415336
1219	5	-0.048291112189190244
1219	6	-0.01796266412456049
1219	7	-0.04282075137648178
1219	8	-0.0362819534863732
1219	9	-0.0165648694196463
1219	10-14	-0.03797733819349958
1219	15-19	-0.019076431707397035
1219	20-24	-0.006998266335465075
1219	25-29	0.001392746787495014
1219	30-34	8.207208271002742E-4
1219	35-39	-8.765838906938939E-4
1219	40-44	-0.0037342271099305435
1219	45-49	-4.270758872237934E-4
1219	50-54	0.0079662374076932
1219	55-59	0.003506153697024672
1219	60-64	0.008412327412514742
1219	65-69	0.001164115604730398
1219	70-74	0.0013359477819108179
1219	75-79	8.451493828474099E-4
1219	80-84	0.00647078707376636
1219	85-89	-0.011281816490459562
1219	90-94	-0.01665920297141099
1219	95-99	-0.025972644206383677
1219	100-104	-0.006806261087021426
1219	105-109	-0.016858140350180406
1219	110-114	-0.03500777145028877
1219	115-119	-0.015321372702103986
1219	120-124	-0.013922206771908918
1219	125-129	5.8504589134145135E-5
1219	130-134	-4.3517520872882187E-4
1219	135-139	-0.006689809544468517
1219	140-144	-0.01435935292894186
1219	145-149	-0.03163665668251525
1219	150-151	0.026441309955636427
1220	1	-0.5510502013881435
1220	2	-0.04494297694824212
1220	3	-0.04374810762342207
1220	4	0.02213301310332838
1220	5	-0.04547546714636752
1220	6	-0.046892798930329604
1220	7	-0.08944065260096323
1220	8	-0.06692553779402743
1220	9	-0.05232818819340679
1220	10-14	-0.05343503715750586
1220	15-19	-0.022795719152611582
1220	20-24	0.009349084496022897
1220	25-29	-0.009153858802484649
1220	30-34	5.147855526814737E-4
1220	35-39	-0.020845383800420336
1220	40-44	-0.009679381321610947
1220	45-49	-0.017889983675324572
1220	50-54	-0.009344526330124836
1220	55-59	0.005958032533058599
1220	60-64	-0.0017508220007798059
1220	65-69	-0.010363523799497898
1220	70-74	-0.0061158212077288
1220	75-79	9.13867489209963E-4
1220	80-84	-8.515242159816694E-4
1220	85-89	-0.008027317969457215
1220	90-94	-0.015657208417472646
1220	95-99	-0.0055573965998263475
1220	100-104	0.006175048685697959
1220	105-109	1.4394653646832012E-4
1220	110-114	-0.008918323927971983
1220	115-119	-2.2283746547913097E-4
1220	120-124	-0.015050819518961589
1220	125-129	-6.204419975688324E-4
1220	130-134	0.01785068759779307
1220	135-139	0.015536734981360212
1220	140-144	0.0332891352621516
1220	145-149	0.020506421265380936
1220	150-151	0.07905747454140766
1221	1	-0.3906723983735958
1221	2	-0.06478834281730173
1221	3	-0.05490458954427169
1221	4	0.035729596047865186
1221	5	3.430963882067317E-4
1221	6	4.173348271336863E-4
1221	7	-0.04168966881912439
1221	8	-0.035082551752978475
1221	9	-0.025151910393603316
1221	10-14	-0.028385498973314327
1221	15-19	-0.01684163465175459
1221	20-24	-0.0025504784164240846
1221	25-29	-0.0053437083721448175
1221	30-34	-0.011428448388805634
1221	35-39	-0.006466378465326272
1221	40-44	-0.014073074736856483
1221	45-49	-0.012064420825311117
1221	50-54	-0.017089064786617314
1221	55-59	-0.02050065085783359
1221	60-64	-0.021186802356005785
1221	65-69	-0.025844721292131112
1221	70-74	-0.014776894245521532
1221	75-79	-0.017125989464879865
1221	80-84	-0.01615968842218507
1221	85-89	-0.022972768048560965
1221	90-94	-0.022154448809999394
1221	95-99	-0.019460914869895873
1221	100-104	-0.01996726027969231
1221	105-109	-0.014202687850911389
1221	110-114	-0.02099966294126432
1221	115-119	-0.02250239732491366
1221	120-124	-0.030390914114036605
1221	125-129	-0.0392783949165576
1221	130-134	0.002953974974502671
1221	135-139	-0.016791754508702184
1221	140-144	-0.010098356173216416
1221	145-149	-0.02764478744453669
1221	150-151	0.005271140114857076
1222	1	-0.46035701568922605
1222	2	0.014555203993182886
1222	3	-0.04756167617593832
1222	4	0.05297302300011353
1222	5	-0.03967734007807877
1222	6	-0.016167861199889444
1222	7	-0.03286814800865301
1222	8	-0.062051480040032914
1222	9	-0.013400298429871782
1222	10-14	-0.04514682279589266
1222	15-19	-0.01350417991377384
1222	20-24	0.0021198900717038782
1222	25-29	-0.010606711704376437
1222	30-34	-0.0219262561742255
1222	35-39	-0.0163150577023643
1222	40-44	-0.030112462473148582
1222	45-49	-0.032817519356804326
1222	50-54	-0.030513699145238604
1222	55-59	-0.04282097517417327
1222	60-64	-0.02567266726891404
1222	65-69	-0.033426790484980984
1222	70-74	-0.03671311216913864
1222	75-79	-0.038308905281262184
1222	80-84	-0.03338485266284863
1222	85-89	-0.032689326304705446
1222	90-94	-0.038099471877011126
1222	95-99	-0.019649966477409464
1222	100-104	-0.0302194349556828
1222	105-109	-0.04060262513975488
1222	110-114	-0.06255479438948441
1222	115-119	-0.03126839571395834
1222	120-124	-0.05191587482864435
1222	125-129	-0.03976562037836828
1222	130-134	-0.03280374086907756
1222	135-139	-0.04265463159435967
1222	140-144	-0.02990169293532574
1222	145-149	-0.05693322253143407
1222	150-151	-0.012791269495110669
1223	1	-0.4847159473116136
1223	2	-0.037568864849575334
1223	3	-0.035097823433908104
1223	4	0.06882890513742268
1223	5	-0.02123426966986841
1223	6	0.005587468839543419
1223	7	-0.009289611724888402
1223	8	0.04443766615706579
1223	9	-0.024487875529374037
1223	10-14	-0.007291205905829656
1223	15-19	-4.057568134214762E-4
1223	20-24	0.008495617177658232
1223	25-29	0.012737411446110514
1223	30-34	0.019214326120781777
1223	35-39	0.007915796023503674
1223	40-44	0.008283045922738097
1223	45-49	0.004048238397587056
1223	50-54	0.012675381686769072
1223	55-59	0.013293043395705695
1223	60-64	0.006626568349560102
1223	65-69	0.009494939595057872
1223	70-74	0.012050551786167318
1223	75-79	0.015403831330154105
1223	80-84	0.02921143600590881
1223	85-89	0.00920649905737747
1223	90-94	0.005350797268448559
1223	95-99	0.02462011027208888
1223	100-104	0.027586245992068825
1223	105-109	0.016513630701894044
1223	110-114	0.014484534079599598
1223	115-119	0.03004125078874864
1223	120-124	0.017029786673028013
1223	125-129	0.04270812454785755
1223	130-134	0.0438647149283824
1223	135-139	0.025238692060796097
1223	140-144	0.04783898825495214
1223	145-149	0.015161202064234658
1223	150-151	0.08994141800358335
1224	1	-0.4802767208528351
1224	2	-0.050992256516103396
1224	3	-0.013050963896098722
1224	4	0.06108506200408215
1224	5	-0.020550708477159674
1224	6	0.02458858452103385
1224	7	7.666683928562179E-4
1224	8	0.030985366802994463
1224	9	0.017745887329546406
1224	10-14	0.017136839734121168
1224	15-19	4.4032730554022237E-4
1224	20-24	0.015340593489426624
1224	25-29	-0.0025005027581102013
1224	30-34	0.006980356322145553
1224	35-39	0.0022739201419881283
1224	40-44	0.0070518660909897335
1224	45-49	0.01900414782689097
1224	50-54	0.002300366612935534
1224	55-59	0.009424531508578582
1224	60-64	0.009307024647320361
1224	65-69	0.015818769415368195
1224	70-74	0.009050718211412345
1224	75-79	-0.0015199795249642989
1224	80-84	0.01822562032569408
1224	85-89	0.0076863882800992656
1224	90-94	-0.0013706926023573374
1224	95-99	0.009003228113265038
1224	100-104	0.01180662625246498
1224	105-109	0.003177799628836908
1224	110-114	-0.005326172465700552
1224	115-119	0.012363439968524403
1224	120-124	-0.016699224451357964
1224	125-129	-0.0016455020732308867
1224	130-134	0.020675227558960785
1224	135-139	0.012840753063336763
1224	140-144	0.017519141826610962
1224	145-149	0.006875850095291014
1224	150-151	0.06800006866973973
1225	1	-0.2339431486882475
1225	2	-0.05271915239698899
1225	3	0.005331461220116296
1225	4	0.03880531896371053
1225	5	0.004329699100161122
1225	6	9.267085092687921E-4
1225	7	0.0024831094830872757
1225	8	-0.01877381801448763
1225	9	-0.018665922558390946
1225	10-14	-0.0041432556633083095
1225	15-19	-0.009868336717936188
1225	20-24	-0.010694033541675196
1225	25-29	-0.015446981033214513
1225	30-34	-0.004722235907529182
1225	35-39	-0.011637524535025534
1225	40-44	-0.021278520808586165
1225	45-49	-0.029127859214206353
1225	50-54	-0.021663623507343743
1225	55-59	-0.019494468851938507
1225	60-64	-0.024098106880622083
1225	65-69	-0.025346695154055965
1225	70-74	-0.01601907142076442
1225	75-79	-0.003468424943129378
1225	80-84	-0.002696189550931649
1225	85-89	-0.0047607759457761745
1225	90-94	-0.011826624725237878
1225	95-99	-0.020769807392632345
1225	100-104	-0.013271012501895996
1225	105-109	-0.01939290863985832
1225	110-114	-0.022243003788744886
1225	115-119	-0.02026372812211008
1225	120-124	-0.027173918926088447
1225	125-129	-0.02096991334019549
1225	130-134	-0.008901304507389796
1225	135-139	-0.007375511008120839
1225	140-144	0.014507934926669463
1225	145-149	-6.817869050124159E-4
1225	150-151	0.05936417549617801
1226	1	-0.2766919661375695
1226	2	-0.057680804351512904
1226	3	-0.004356394490940829
1226	4	0.03734604615328152
1226	5	0.003988877238114696
1226	6	0.004033229730779908
1226	7	-0.009547141403274395
1226	8	-0.02291302468384515
1226	9	0.008602367973807645
1226	10-14	-0.0024072446911134193
1226	15-19	-0.0040726169692177905
1226	20-24	-0.004307946830799381
1226	25-29	-0.006578134705129912
1226	30-34	-0.0026114220331052707
1226	35-39	0.0026698420642645715
1226	40-44	-0.0031715860797945084
1226	45-49	-0.012165557035345387
1226	50-54	-0.031133089577224382
1226	55-59	-8.365237718734875E-4
1226	60-64	-0.008444954059264376
1226	65-69	-0.007113080263373206
1226	70-74	-0.00913509811842772
1226	75-79	0.0020806954753354034
1226	80-84	0.005275176463477749
1226	85-89	0.004509712478679262
1226	90-94	-0.00716743723342006
1226	95-99	-0.010365029339347132
1226	100-104	-0.01241668928627604
1226	105-109	-0.01959259210643438
1226	110-114	3.2656599407232534E-4
1226	115-119	-0.006252585937019717
1226	120-124	-0.01693657914461255
1226	125-129	-0.017919163090631685
1226	130-134	-0.011806954155552773
1226	135-139	-0.01263293571253854
1226	140-144	0.0029625640395849473
1226	145-149	-0.001840957686667366
1226	150-151	0.04540898686257577
1227	1	-0.47279986893110504
1227	2	-0.02751812333616499
1227	3	-0.014018991038156514
1227	4	0.05064203583743421
1227	5	-0.011779311692919237
1227	6	0.007269851339927413
1227	7	-0.004405682683852774
1227	8	-0.029884538606793853
1227	9	0.024041399310426925
1227	10-14	0.0035588792901961597
1227	15-19	0.0024195045853545594
1227	20-24	0.010597064383169652
1227	25-29	-0.0015477020811118791
1227	30-34	-0.0016311945431013442
1227	35-39	0.0025156265416654833
1227	40-44	-0.007264343862104283
1227	45-49	0.0018672409835360781
1227	50-54	-0.0071573878452966255
1227	55-59	-6.699359976352071E-4
1227	60-64	0.0015970175799182584
1227	65-69	-0.01047925740783029
1227	70-74	0.01387761837889201
1227	75-79	-0.0013806633529327428
1227	80-84	0.00922155983880657
1227	85-89	0.003585196025028381
1227	90-94	0.010346812561024876
1227	95-99	0.011258297783463433
1227	100-104	0.012563660805476218
1227	105-109	0.012692185296444336
1227	110-114	0.025585337641942374
1227	115-119	0.03604915670941011
1227	120-124	0.03128100196705219
1227	125-129	0.04232917628804245
1227	130-134	0.051534847822019
1227	135-139	0.04195329886565702
1227	140-144	0.0474919576395223
1227	145-149	0.048629338764044405
1227	150-151	0.11826721744739643
1228	1	-0.18654432536801835
1228	2	-0.04120500069230104
1228	3	0.010587370551881747
1228	4	0.05924590063583679
1228	5	0.01213825159326376
1228	6	0.01235295433289707
1228	7	-0.00830239611300243
1228	8	-0.019269381283386622
1228	9	0.013525167753471123
1228	10-14	-0.011970238103742759
1228	15-19	0.0011703602740169572
1228	20-24	0.005927252764067248
1228	25-29	-0.020431423952544492
1228	30-34	-0.03133234397536455
1228	35-39	-0.05949768689932711
1228	40-44	-0.019199769776051312
1228	45-49	-0.02473969528514175
1228	50-54	-0.010480852582077205
1228	55-59	-0.014320814892975875
1228	60-64	-0.02209080255016005
1228	65-69	-0.03091629718450406
1228	70-74	-0.01106296239476734
1228	75-79	-0.030132048691946522
1228	80-84	-0.01309587702952797
1228	85-89	-0.010647171021560098
1228	90-94	-0.018170620727154585
1228	95-99	-0.011058693450792134
1228	100-104	7.166226045924873E-4
1228	105-109	-0.009749235135757317
1228	110-114	-0.010891779349719855
1228	115-119	0.014553640902121856
1228	120-124	0.0036903341274907575
1228	125-129	-0.004704721807662793
1228	130-134	0.002851348995740466
1228	135-139	0.01930768758237633
1228	140-144	0.010054172219255975
1228	145-149	0.011171747948381494
1228	150-151	0.033559292906829796
1229	1	-0.4034239710485821
1229	2	-0.035508812810526535
1229	3	0.01572144324362057
1229	4	0.0432760960977987
1229	5	-0.010235225813922
1229	6	0.005712540094037877
1229	7	-0.03930021821105356
1229	8	-0.04774329571429803
1229	9	-0.035726358604030395
1229	10-14	-0.026937069577392947
1229	15-19	-0.024470966092785318
1229	20-24	-0.0025772246583031233
1229	25-29	-0.010949468559147135
1229	30-34	-0.009660493173157647
1229	35-39	0.006007162812025513
1229	40-44	0.001639583264378075
1229	45-49	-0.002453412880207395
1229	50-54	-0.007344601752166113
1229	55-59	0.005130074181302291
1229	60-64	0.006771792060533244
1229	65-69	-0.004025570976025961
1229	70-74	6.675038264347677E-6
1229	75-79	0.007096458555501783
1229	80-84	0.003401853981976899
1229	85-89	-0.0012253034324061218
1229	90-94	-0.011805723412713576
1229	95-99	0.00155761711281599
1229	100-104	0.02610303653191437
1229	105-109	0.00270159591468655
1229	110-114	0.011424188505330335
1229	115-119	0.017158803631225794
1229	120-124	0.019995238014033134
1229	125-129	0.029441580623256414
1229	130-134	0.021043979552992198
1229	135-139	0.03575718069594558
1229	140-144	0.03628353424077346
1229	145-149	0.03922346577410707
1229	150-151	0.0994821590516679
1230	1	-0.3491081513746508
1230	2	-0.031725611115710706
1230	3	1.300234683228041E-4
1230	4	0.03423653865034737
1230	5	0.00341818828576379
1230	6	-0.017480982753859564
1230	7	0.021871541459077548
1230	8	-0.01973789163299955
1230	9	0.017618879421966938
1230	10-14	-0.003675266210095174
1230	15-19	-0.013171048252438311
1230	20-24	0.013111751651784687
1230	25-29	-0.003026270102523654
1230	30-34	0.008481743246896656
1230	35-39	0.0057047795784086475
1230	40-44	-0.014779506588510571
1230	45-49	-0.006666061143675961
1230	50-54	-0.022253800725323458
1230	55-59	-0.004645350410946492
1230	60-64	-0.003535817615023973
1230	65-69	-0.008738695778959027
1230	70-74	-0.0045129607799339055
1230	75-79	-0.022913235222553396
1230	80-84	-0.018807843090677068
1230	85-89	-0.022385214596944536
1230	90-94	-0.014077525767604016
1230	95-99	-0.030175507650412214
1230	100-104	-0.017115294763073052
1230	105-109	0.0025010979417174894
1230	110-114	-0.0010358854473011547
1230	115-119	0.029047061580378397
1230	120-124	0.018595777936916136
1230	125-129	0.0014519163501560683
1230	130-134	0.02915598651888729
1230	135-139	0.03255483972916551
1230	140-144	0.02586349169207125
1230	145-149	0.031388575507619976
1230	150-151	0.05581154671794053
1231	1	-0.3155471473152929
1231	2	-0.038924489013581365
1231	3	-9.730829432115229E-4
1231	4	0.05370748120247981
1231	5	-0.011778662024596542
1231	6	0.009257888850228824
1231	7	-0.03466766216033079
1231	8	-0.037741827783762005
1231	9	-0.037521036360168125
1231	10-14	-0.03305360787682332
1231	15-19	-0.012474123190223452
1231	20-24	0.0018601294463209683
1231	25-29	-0.003909110304249452
1231	30-34	0.0027131849772956684
1231	35-39	-0.017042943670148247
1231	40-44	-0.027347119037713696
1231	45-49	-0.028948712702948853
1231	50-54	-0.027665550084954305
1231	55-59	-0.024814607282387158
1231	60-64	-0.01751339524471973
1231	65-69	-0.021855828641896835
1231	70-74	-0.029009638660497217
1231	75-79	-0.0016992702194329468
1231	80-84	0.012155101285337366
1231	85-89	0.01932880563136763
1231	90-94	0.006396631225769056
1231	95-99	0.027591882165758363
1231	100-104	0.020682145986413047
1231	105-109	0.02773996742418916
1231	110-114	0.03597863604515794
1231	115-119	0.0572447971930643
1231	120-124	0.029003076568365316
1231	125-129	0.048627994996735424
1231	130-134	0.057569999193852084
1231	135-139	0.051112977991820685
1231	140-144	0.054543874034308715
1231	145-149	0.06065806966339693
1231	150-151	0.11908149337560303
1232	1	-0.33729650608362505
1232	2	-0.05184734109553801
1232	3	0.030722431454471177
1232	4	0.02985465576037427
1232	5	0.0027207855975461825
1232	6	0.010562681026172527
1232	7	-0.015965103528692737
1232	8	0.004220300883282846
1232	9	-0.01738001171576542
1232	10-14	0.015166454075242086
1232	15-19	0.007612609282425353
1232	20-24	0.004812402858540565
1232	25-29	-0.0033124246961264703
1232	30-34	0.002349845934375594
1232	35-39	-0.006377571311716679
1232	40-44	-0.002122841933520192
1232	45-49	-0.00281687928251273
1232	50-54	-0.011901234186908027
1232	55-59	-0.00422690426618999
1232	60-64	-0.006056926746786928
1232	65-69	0.009482467990004295
1232	70-74	-2.163925338010131E-4
1232	75-79	0.003807019076923268
1232	80-84	0.00960710714314672
1232	85-89	0.0020700421798593993
1232	90-94	0.003349529169589971
1232	95-99	0.005779425032862662
1232	100-104	0.0020950940913095906
1232	105-109	-0.004684583337407844
1232	110-114	-0.001099880871478831
1232	115-119	0.0024027032798912273
1232	120-124	-0.0016964740773772746
1232	125-129	3.351702156564329E-4
1232	130-134	0.022736288049365783
1232	135-139	0.01619810388069709
1232	140-144	-0.0034810206285484924
1232	145-149	0.002565135550540276
1232	150-151	0.04400708437097478
1233	1	-0.43914757331855725
1233	2	-0.04698076540247342
1233	3	-0.01579931129735712
1233	4	0.0027863032279640265
1233	5	-0.029349366596527204
1233	6	0.023441490672745147
1233	7	-0.029602533267386377
1233	8	0.0021857540892469274
1233	9	7.007624640564813E-4
1233	10-14	0.013285406775651154
1233	15-19	0.005917699172705682
1233	20-24	-5.374068515919816E-4
1233	25-29	0.005997610148632759
1233	30-34	0.005320402060426943
1233	35-39	0.014167448357007117
1233	40-44	0.009995933026402781
1233	45-49	0.01128049365912176
1233	50-54	0.0034788618042256303
1233	55-59	0.00484972349699575
1233	60-64	0.0021120855962593055
1233	65-69	0.005991701960077478
1233	70-74	-0.00200007390636614
1233	75-79	-0.004781068543898925
1233	80-84	2.5507097188182115E-4
1233	85-89	0.002941142585733303
1233	90-94	-0.010509213806486173
1233	95-99	5.685501275607407E-4
1233	100-104	-0.0010098896277384029
1233	105-109	-0.03021032942219648
1233	110-114	-0.02974622806281957
1233	115-119	-0.015475195102851558
1233	120-124	-0.06333585757059268
1233	125-129	-0.02828318099783189
1233	130-134	-0.02026269102147893
1233	135-139	-0.03409872165091343
1233	140-144	-0.026221287973314134
1233	145-149	8.321501597450265E-4
1233	150-151	0.0730937199209265
1234	1	-0.267744569438662
1234	2	-0.035792097513741794
1234	3	-0.024069789353625026
1234	4	0.032339341093234
1234	5	-0.018866489880366544
1234	6	0.008600254966729892
1234	7	-0.019742303614229684
1234	8	-0.00961317357038638
1234	9	0.027743478144934386
1234	10-14	0.002114473407772266
1234	15-19	0.02101871629567853
1234	20-24	0.01826509686210187
1234	25-29	0.011225976392850612
1234	30-34	0.018202302475678778
1234	35-39	0.00917956414981802
1234	40-44	0.01326748375718978
1234	45-49	0.019604713746851132
1234	50-54	0.016520777601371606
1234	55-59	0.005667986955899096
1234	60-64	0.009264206492986204
1234	65-69	0.024302887182415134
1234	70-74	0.0120131351342323
1234	75-79	0.010620654022993392
1234	80-84	0.019804337689805607
1234	85-89	0.020067636470123773
1234	90-94	0.0082392039954442
1234	95-99	0.00275552139496682
1234	100-104	0.027145254490818616
1234	105-109	-4.173955583652855E-4
1234	110-114	0.011640565372402989
1234	115-119	0.015485018534022288
1234	120-124	-0.016215741270592332
1234	125-129	-0.013464936134177208
1234	130-134	-0.01576808051741807
1234	135-139	-0.010631246097773328
1234	140-144	-0.016470844688271313
1234	145-149	-0.04601728486233725
1234	150-151	-0.04485397227761467
1235	1	-0.33840076267649266
1235	2	-0.13760175296810928
1235	3	-0.029838229301375918
1235	4	-0.019265841417869467
1235	5	-0.043994425302379625
1235	6	-0.012004005768751824
1235	7	-0.026420631556277385
1235	8	-0.009690214292270127
1235	9	-0.020690687905620564
1235	10-14	0.009329682815383933
1235	15-19	0.005504071744503847
1235	20-24	0.017457497543574618
1235	25-29	-0.00879290469935512
1235	30-34	0.005274773256687126
1235	35-39	0.009313847592920865
1235	40-44	-0.0037443222243496166
1235	45-49	-0.0053372889665084244
1235	50-54	-0.012710997076538888
1235	55-59	-0.0013769907015301897
1235	60-64	-0.007999227589856162
1235	65-69	-0.0022050675480542736
1235	70-74	0.008900321322705906
1235	75-79	0.001366002321830706
1235	80-84	0.00283625269867116
1235	85-89	0.007373124622617411
1235	90-94	0.0038427178587383537
1235	95-99	0.012811071603643143
1235	100-104	0.0257883255752418
1235	105-109	0.015683842911776935
1235	110-114	0.008573404496253545
1235	115-119	0.022907504991955818
1235	120-124	0.005243377407666117
1235	125-129	0.012833205760237831
1235	130-134	0.034082881977411716
1235	135-139	0.02734343419712104
1235	140-144	0.013275976159278002
1235	145-149	0.00891638811441453
1235	150-151	0.04638854820641569
1236	1	-0.20937253947683843
1236	2	-0.07666932349181366
1236	3	-0.0542842116068698
1236	4	-0.032859446990848085
1236	5	-0.05049924835552133
1236	6	-0.030130918214865687
1236	7	-0.061058312321470964
1236	8	-0.0498900199328105
1236	9	-0.02723315208885424
1236	10-14	-0.03367576261615568
1236	15-19	-0.0048962682170028415
1236	20-24	0.005022575853260491
1236	25-29	-1.8144570680078687E-4
1236	30-34	0.0069697116123421665
1236	35-39	-0.0024244261180470517
1236	40-44	-0.006734609573349815
1236	45-49	0.0028693635262939665
1236	50-54	5.455998532966078E-6
1236	55-59	0.004856526382745585
1236	60-64	0.003031239838300337
1236	65-69	0.009666673579111773
1236	70-74	0.0033107702468555544
1236	75-79	0.00724100697857466
1236	80-84	0.010236359871932166
1236	85-89	0.012861864708369808
1236	90-94	0.022511619213723577
1236	95-99	0.013276451457876703
1236	100-104	0.007143173825092219
1236	105-109	0.009770303974981687
1236	110-114	-0.0030568460860038726
1236	115-119	0.010273479613267966
1236	120-124	-5.994500395516411E-4
1236	125-129	0.007415832124927135
1236	130-134	0.01926272384776695
1236	135-139	0.00351354244386215
1236	140-144	0.02537775141702525
1236	145-149	0.012385116610822422
1236	150-151	0.05521088449291511
1237	1	-0.3526820827318531
1237	2	-0.11728350762868445
1237	3	-0.09661125496825917
1237	4	-0.0396712302349016
1237	5	-0.07882590446578774
1237	6	-0.05116276878943182
1237	7	-0.0630448621659383
1237	8	-0.07544547626812204
1237	9	-0.030093595448555277
1237	10-14	-0.016608425628263035
1237	15-19	-0.010598773180859666
1237	20-24	-5.678909992639092E-4
1237	25-29	-0.002086502642391963
1237	30-34	0.006722633491136776
1237	35-39	0.014226122900673488
1237	40-44	0.01875822042673292
1237	45-49	0.012421104164452856
1237	50-54	0.01339153288429884
1237	55-59	0.00850858409312849
1237	60-64	0.015841873044429633
1237	65-69	0.017315297504204352
1237	70-74	0.004485773564866236
1237	75-79	0.019363565495183366
1237	80-84	0.015949419902824502
1237	85-89	0.02095768973313028
1237	90-94	0.009294543833171076
1237	95-99	0.024205017749991953
1237	100-104	0.01032644949845718
1237	105-109	0.014519896488465633
1237	110-114	0.014175498180662771
1237	115-119	0.016245195439907434
1237	120-124	0.006652095042561257
1237	125-129	0.005266749450527186
1237	130-134	0.020878237728304327
1237	135-139	0.015084896760100719
1237	140-144	0.022168402459577408
1237	145-149	0.025435915776668594
1237	150-151	0.1007178659791137
1238	1	-0.4849501868190984
1238	2	-0.14576773512361285
1238	3	-0.058043546102894084
1238	4	-0.027142136011981677
1238	5	-0.10376093009243448
1238	6	-0.0644279519337374
1238	7	-0.03505872083358952
1238	8	-0.06453984264610568
1238	9	0.007386894087247242
1238	10-14	-0.02768643022717754
1238	15-19	-0.0037645322638795164
1238	20-24	0.009052720736846709
1238	25-29	0.007055449047491891
1238	30-34	0.014973691896550179
1238	35-39	0.014548608272889396
1238	40-44	-4.3549728407299426E-4
1238	45-49	0.005832919036571127
1238	50-54	0.011810102466164096
1238	55-59	0.010541882162137028
1238	60-64	0.011113115996678857
1238	65-69	0.021128125685109467
1238	70-74	0.012593145605109157
1238	75-79	0.01928736044070689
1238	80-84	0.028669411668197142
1238	85-89	0.01768593784929351
1238	90-94	0.017250112406713924
1238	95-99	0.022816562921235573
1238	100-104	0.026930464813496258
1238	105-109	0.016733497762821514
1238	110-114	0.025849217572172734
1238	115-119	0.02121006654085278
1238	120-124	0.008085869789724143
1238	125-129	0.030011107090125222
1238	130-134	0.023718024582635167
1238	135-139	0.02598709702474622
1238	140-144	0.0365331406840852
1238	145-149	0.02054317039417697
1238	150-151	0.07006206607604071
1239	1	-0.45064271848464443
1239	2	-0.15221086475678192
1239	3	-0.1046910774127312
1239	4	-0.04148823607051355
1239	5	-0.07173638123961013
1239	6	-0.06559722325227568
1239	7	-0.05327337176126434
1239	8	-0.02965552281420969
1239	9	-0.04737959650783807
1239	10-14	-0.034589832423328915
1239	15-19	-0.016632466221089715
1239	20-24	0.009968737111044845
1239	25-29	0.012287319668836005
1239	30-34	0.019345141627823637
1239	35-39	0.007633287118459009
1239	40-44	0.005304923724850141
1239	45-49	0.004141622121295541
1239	50-54	-0.0029999230899306895
1239	55-59	0.008851327720414304
1239	60-64	0.0013788443482596335
1239	65-69	0.004513657126643977
1239	70-74	-2.884799589537579E-4
1239	75-79	0.00140845690201985
1239	80-84	-5.810066835039152E-4
1239	85-89	-7.42867169591932E-4
1239	90-94	0.0026015867181001795
1239	95-99	-0.00833718861877486
1239	100-104	0.004076304935693997
1239	105-109	-0.006710716399453531
1239	110-114	0.011665001170236167
1239	115-119	0.01907098789474304
1239	120-124	0.009074150367702316
1239	125-129	0.001459409765580233
1239	130-134	0.02713789239800235
1239	135-139	0.024269188524442598
1239	140-144	0.02010822344904284
1239	145-149	0.014638661367428085
1239	150-151	0.06449580927390741
1240	1	-0.25423857566050145
1240	2	-0.04090705877513301
1240	3	-0.14633397240702095
1240	4	-0.03026087680991907
1240	5	-0.10595639581690364
1240	6	-0.05596023803484229
1240	7	-0.07869096791327479
1240	8	-0.05997313565782747
1240	9	-0.04929705503015214
1240	10-14	-0.04788244604515768
1240	15-19	-0.008421497565407776
1240	20-24	0.004516787587149906
1240	25-29	-0.0025719409974485075
1240	30-34	0.01708574477463287
1240	35-39	-0.001353228905017545
1240	40-44	-0.007577958975389265
1240	45-49	0.0032765782534980303
1240	50-54	1.4278678287382718E-4
1240	55-59	-0.0017922398337120171
1240	60-64	-0.002537887253623694
1240	65-69	-0.005154571925530149
1240	70-74	0.0027977518940716095
1240	75-79	0.004110505709107315
1240	80-84	0.01885890359549336
1240	85-89	0.007663527685444649
1240	90-94	0.011222447904529531
1240	95-99	0.0021900101284373363
1240	100-104	0.009947280480808729
1240	105-109	-0.0016974021583919807
1240	110-114	0.016642709335258132
1240	115-119	0.012050783154442968
1240	120-124	0.016897039106197553
1240	125-129	4.962271268098561E-4
1240	130-134	0.021519004349677573
1240	135-139	0.015812920278349907
1240	140-144	0.019653034443393835
1240	145-149	0.004658566916518225
1240	150-151	0.044623445242386595
1241	1	-0.2799329920109912
1241	2	-0.10964958370183808
1241	3	-0.030734530923602676
1241	4	-0.0015684349640565642
1241	5	-0.055382559854798785
1241	6	0.022341771742986793
1241	7	-0.025931221940659555
1241	8	-0.08642753848329932
1241	9	-0.022002360637237928
1241	10-14	-0.029893340571859994
1241	15-19	-0.003977197033059099
1241	20-24	0.007816012196634858
1241	25-29	-0.0027760464242803096
1241	30-34	0.008177345517680124
1241	35-39	0.0067409580376036615
1241	40-44	-0.001901070206123734
1241	45-49	-0.0023499656498700006
1241	50-54	-0.0063565685815589745
1241	55-59	-4.923789489978958E-4
1241	60-64	0.007155802087005725
1241	65-69	0.0012321028998982797
1241	70-74	5.062983656713982E-4
1241	75-79	-0.002657965008900476
1241	80-84	0.00507845824471076
1241	85-89	0.006183948694470587
1241	90-94	0.0023928672298509923
1241	95-99	0.012799851407287122
1241	100-104	0.005927940473078763
1241	105-109	0.005458384717954345
1241	110-114	0.017844570400370685
1241	115-119	0.01278888549181545
1241	120-124	-0.006536635593292317
1241	125-129	8.957422661026726E-4
1241	130-134	0.007515296732947263
1241	135-139	0.011392125332442049
1241	140-144	0.020682716771183607
1241	145-149	0.015680636579610052
1241	150-151	0.06355542364455147
1242	1	-0.40624927766867813
1242	2	-0.08279739587424473
1242	3	-0.0019995999447459667
1242	4	-0.006042259234256164
1242	5	-0.04087890547241102
1242	6	-0.03343068833481766
1242	7	-0.022293996564833662
1242	8	-0.050924374105925097
1242	9	-0.010593561536303753
1242	10-14	-0.004377084520008623
1242	15-19	0.02195294138386572
1242	20-24	0.03404800362632443
1242	25-29	0.016941517701503983
1242	30-34	0.030061558633356356
1242	35-39	0.02994073281451648
1242	40-44	0.023683447761627008
1242	45-49	0.02398831297601589
1242	50-54	0.028366463056549662
1242	55-59	0.02983847290389008
1242	60-64	0.04166175689587703
1242	65-69	0.032421508747425776
1242	70-74	0.02513281911388532
1242	75-79	0.036303716639316974
1242	80-84	0.037376823964834216
1242	85-89	0.03143217893800454
1242	90-94	0.02159075772256358
1242	95-99	0.035490770833177976
1242	100-104	0.05113796196921072
1242	105-109	0.02305432563972687
1242	110-114	0.020436537872015492
1242	115-119	0.029086805706810992
1242	120-124	0.03210769088116905
1242	125-129	0.04802871273888343
1242	130-134	0.06194002218661154
1242	135-139	0.05122706790961473
1242	140-144	0.06571806178123296
1242	145-149	0.06668222212223185
1242	150-151	0.1347841713412734
1243	1	-0.39205110088034445
1243	2	-0.04711720403049924
1243	3	-0.003929353732658569
1243	4	0.024389128663344195
1243	5	-0.01837388784979055
1243	6	0.011680236929301202
1243	7	-0.05060826633391713
1243	8	-0.009130813240396662
1243	9	0.009861867040690697
1243	10-14	0.009596784782907264
1243	15-19	0.013715683673233059
1243	20-24	0.02778299628946712
1243	25-29	0.015360579238695493
1243	30-34	0.03482115314658785
1243	35-39	0.03120113277653047
1243	40-44	0.019575794826913295
1243	45-49	0.014502251416530498
1243	50-54	0.0271694741248254
1243	55-59	0.024142869735293004
1243	60-64	0.025276286184592323
1243	65-69	0.012423735336376751
1243	70-74	0.025105723091414234
1243	75-79	0.029889950559926604
1243	80-84	0.030684143542295317
1243	85-89	0.02490656669915836
1243	90-94	0.007368312926566034
1243	95-99	-3.23096723747085E-4
1243	100-104	0.019953852034397812
1243	105-109	0.019099496929086968
1243	110-114	0.007608315034133284
1243	115-119	0.03021157898982807
1243	120-124	0.02334007069288191
1243	125-129	0.031872690289510786
1243	130-134	0.03948216886792011
1243	135-139	0.03710043915405947
1243	140-144	0.03808768621411929
1243	145-149	0.031496067696188845
1243	150-151	0.09548187756494286
1244	1	-0.4908009280155099
1244	2	-0.007486505589881176
1244	3	-0.026361222660497674
1244	4	0.01337729521461739
1244	5	-0.023008301295604383
1244	6	0.006643580058195653
1244	7	0.010252841949281333
1244	8	0.005337557160125073
1244	9	0.03683751585220563
1244	10-14	0.023203008865884556
1244	15-19	0.01861800107681688
1244	20-24	0.028902991026171776
1244	25-29	0.017933752246833023
1244	30-34	0.02141138814904764
1244	35-39	0.01901632318930524
1244	40-44	0.019226204716474626
1244	45-49	0.016992559112033234
1244	50-54	0.013537063217455625
1244	55-59	0.017948024382590688
1244	60-64	0.016624613685635836
1244	65-69	0.020243570073681383
1244	70-74	0.03081456268400018
1244	75-79	0.019862245603057715
1244	80-84	0.034118018710039166
1244	85-89	0.026602158675842702
1244	90-94	0.032159733673516655
1244	95-99	0.03285445910975682
1244	100-104	0.02160541484060019
1244	105-109	0.0178811778541359
1244	110-114	0.007629473380134755
1244	115-119	0.034810382583074784
1244	120-124	0.03485282900408748
1244	125-129	0.03210221601680274
1244	130-134	0.032998717016077705
1244	135-139	0.02720635148443762
1244	140-144	0.043661525181398986
1244	145-149	0.034876396011569
1244	150-151	0.09626136363940674
1245	1	-0.2960652722067181
1245	2	-0.03651836023824728
1245	3	0.021597207967538168
1245	4	0.05102103834895644
1245	5	-0.005694230298985303
1245	6	0.022053135879296804
1245	7	-0.015379085039157303
1245	8	0.031201391962738967
1245	9	0.02747019385702032
1245	10-14	0.024750578490497332
1245	15-19	0.013959204965615868
1245	20-24	0.015808214830656198
1245	25-29	0.007515635797275877
1245	30-34	0.028125947259823647
1245	35-39	0.015943463283186077
1245	40-44	0.02271115081916264
1245	45-49	0.015224565545757685
1245	50-54	0.010780809987693374
1245	55-59	0.019607299405755896
1245	60-64	0.01733547975025118
1245	65-69	0.015281090845292056
1245	70-74	0.01385142248000193
1245	75-79	0.021105937125170726
1245	80-84	0.025787440803959782
1245	85-89	0.0245312753336151
1245	90-94	0.022037538746872087
1245	95-99	0.040598129669639604
1245	100-104	0.024150588934340078
1245	105-109	0.02979422725579184
1245	110-114	0.01634412845307054
1245	115-119	0.04692330235069164
1245	120-124	0.022708621660406436
1245	125-129	0.02562677062043406
1245	130-134	0.030688984810112174
1245	135-139	0.04545868659276664
1245	140-144	0.027081605153306043
1245	145-149	0.030903493192887765
1245	150-151	0.0844218849919045
1246	1	-0.28962904096108133
1246	2	-0.020825963759470767
1246	3	-0.0134795111927275
1246	4	0.0506425969720965
1246	5	0.01060470126969193
1246	6	0.031827470182172135
1246	7	-0.012272758743840484
1246	8	-0.012850214162632767
1246	9	0.057259974983580264
1246	10-14	0.03316692298893997
1246	15-19	0.019710934932128055
1246	20-24	0.028417795331868945
1246	25-29	0.020204873739864126
1246	30-34	0.023269125707699345
1246	35-39	0.010027482953901767
1246	40-44	0.019553738188200498
1246	45-49	0.012854709613563386
1246	50-54	0.012969337039038464
1246	55-59	0.022055194718042515
1246	60-64	0.020332105899974806
1246	65-69	0.008323833168070394
1246	70-74	0.025483273869532752
1246	75-79	0.016667129218866705
1246	80-84	0.013256968609965725
1246	85-89	0.013567863353060261
1246	90-94	0.013897297281637577
1246	95-99	0.008123618274595401
1246	100-104	0.016896106943697475
1246	105-109	-0.017822845757493155
1246	110-114	-0.019701371080010688
1246	115-119	-0.010664510760264534
1246	120-124	-0.034456955996496674
1246	125-129	-0.04352999196050433
1246	130-134	-0.018969731958542013
1246	135-139	-0.007069600298542866
1246	140-144	-0.019688008932583045
1246	145-149	-0.047409492042454815
1246	150-151	0.025338911849310364
1247	1	-0.48111726234169794
1247	2	-0.041237688153849206
1247	3	-0.01753973352939653
1247	4	0.025389632858434652
1247	5	0.022847898371615827
1247	6	0.04340730329402476
1247	7	0.03120344677400766
1247	8	0.033060961544101986
1247	9	0.05645291179487799
1247	10-14	0.05522704685685653
1247	15-19	0.020284920901779913
1247	20-24	0.019785023848342576
1247	25-29	0.023492494847225487
1247	30-34	0.037436860487659374
1247	35-39	0.019893733833633576
1247	40-44	0.011409886046756412
1247	45-49	0.01243331277305515
1247	50-54	0.018779827830798013
1247	55-59	0.023209932220197516
1247	60-64	0.01784738444904832
1247	65-69	0.012412649305325374
1247	70-74	0.020200501393716763
1247	75-79	0.014695761709297983
1247	80-84	0.03203522052847063
1247	85-89	0.028922740741691655
1247	90-94	0.012533487016121114
1247	95-99	0.015949182432663633
1247	100-104	0.03142251013748876
1247	105-109	0.005137794005960927
1247	110-114	0.010569695142102375
1247	115-119	0.007443644350772161
1247	120-124	0.009109987753930682
1247	125-129	0.01428379283319714
1247	130-134	0.02321688327680249
1247	135-139	0.023517828764546778
1247	140-144	0.020413183638410715
1247	145-149	0.01914123547810931
1247	150-151	0.07411799347901393
1248	1	-0.25500904163225613
1248	2	-0.07584273221423388
1248	3	-0.04504249961061646
1248	4	0.024682731247487766
1248	5	0.00859390658451531
1248	6	0.033393474820059055
1248	7	0.010840133157351772
1248	8	-0.003735433344623118
1248	9	0.020638596346962856
1248	10-14	0.02321753855808595
1248	15-19	0.007397858636096544
1248	20-24	0.006065434247162216
1248	25-29	0.005064861067452853
1248	30-34	0.007817026794363358
1248	35-39	0.020826005535525383
1248	40-44	2.4465907289084043E-4
1248	45-49	0.008831745508949496
1248	50-54	0.008106520623591962
1248	55-59	0.010412135969204428
1248	60-64	0.014881583249703567
1248	65-69	0.02682586399038911
1248	70-74	0.019098071345432288
1248	75-79	0.008831089591147645
1248	80-84	0.01090827398589056
1248	85-89	0.0017484140953030192
1248	90-94	0.0057367593272843465
1248	95-99	0.009151512248934068
1248	100-104	0.020253513950031277
1248	105-109	0.004409032867116025
1248	110-114	-0.0030546968303184485
1248	115-119	0.004805294655838566
1248	120-124	0.01208630330668825
1248	125-129	0.027530675122633852
1248	130-134	0.023314106757588604
1248	135-139	0.02514082505432924
1248	140-144	0.019763139610475378
1248	145-149	0.014796829721738902
1248	150-151	0.06554499702367877
1249	1	-0.523684275282676
1249	2	-0.059447140430229695
1249	3	-0.05325472368499362
1249	4	0.06656223535082972
1249	5	-0.07474635524484796
1249	6	-0.013216963311656116
1249	7	-0.0334974115482396
1249	8	-0.009849201502532878
1249	9	0.006225267350345121
1249	10-14	0.02106543892840307
1249	15-19	0.0014485424374157674
1249	20-24	0.011581882102554175
1249	25-29	0.021093383443421487
1249	30-34	0.016356026723059358
1249	35-39	0.016850463956217254
1249	40-44	0.004652202538103722
1249	45-49	0.015805786391823062
1249	50-54	0.00539210693278136
1249	55-59	0.004007610160265074
1249	60-64	0.01493726183605304
1249	65-69	0.007979025788330318
1249	70-74	0.016833426418521924
1249	75-79	0.00470216072086771
1249	80-84	0.0267648455678966
1249	85-89	0.005542226150993201
1249	90-94	0.026220954796436047
1249	95-99	0.017765085180187157
1249	100-104	0.01920745606767582
1249	105-109	-0.003922496624063854
1249	110-114	9.029435591259016E-4
1249	115-119	0.011527513237197695
1249	120-124	-0.003221858166732261
1249	125-129	-0.010602534363499672
1249	130-134	0.01596053831302413
1249	135-139	0.008384132709913672
1249	140-144	0.014812969475563875
1249	145-149	0.007004462043958881
1249	150-151	0.0653083532989811
1250	1	-0.24659543455183552
1250	2	-0.046039608647603814
1250	3	-0.020663313930150196
1250	4	0.06944897614379641
1250	5	0.014342243004236366
1250	6	0.05099356000671662
1250	7	0.01571687826506718
1250	8	-0.019690508014690522
1250	9	0.0205522719351805
1250	10-14	0.03250958045312302
1250	15-19	0.015233153201073435
1250	20-24	0.021984824743000786
1250	25-29	0.0036347734983692703
1250	30-34	0.011805327731181592
1250	35-39	-0.002099023323424376
1250	40-44	-0.00876898756436617
1250	45-49	0.0018220407589311094
1250	50-54	3.6962972710341546E-4
1250	55-59	-0.003849659830557073
1250	60-64	-0.01596521820542307
1250	65-69	-0.008530614789634683
1250	70-74	0.0019055826255112152
1250	75-79	-0.023240193018274624
1250	80-84	0.002436702093966403
1250	85-89	0.0017965732175184712
1250	90-94	-0.009703914246578904
1250	95-99	-0.016751935526471584
1250	100-104	-0.002997980351345575
1250	105-109	-0.01610977303147365
1250	110-114	-0.00774214149699759
1250	115-119	-0.0035698783818887136
1250	120-124	-0.008333350230877556
1250	125-129	0.0020944314638882133
1250	130-134	0.02836187054426631
1250	135-139	0.0217436530203301
1250	140-144	0.024678533747227505
1250	145-149	0.029063095118956994
1250	150-151	0.07492012887360744
1251	1	-0.29295302779195254
1251	2	-0.02483518628560688
1251	3	1.0340562327115776E-4
1251	4	0.06454800107147207
1251	5	0.0268321420954436
1251	6	0.06786891918468996
1251	7	0.032102199863594194
1251	8	0.04703676540049884
1251	9	0.05943250401287514
1251	10-14	0.04719416388130071
1251	15-19	0.02601079632598413
1251	20-24	0.027221449820693522
1251	25-29	0.04192794070488759
1251	30-34	0.0423354324432168
1251	35-39	0.02560812259758194
1251	40-44	0.02431450716582617
1251	45-49	0.03055689244072113
1251	50-54	0.028892631189314955
1251	55-59	0.02753130472660814
1251	60-64	0.0266951197763845
1251	65-69	0.039941035624359245
1251	70-74	0.03782586553543865
1251	75-79	0.039500808018523514
1251	80-84	0.03689219385267961
1251	85-89	0.04150865345611976
1251	90-94	0.02280973011102816
1251	95-99	0.04447414557850493
1251	100-104	0.04120976360358242
1251	105-109	0.03163813440696828
1251	110-114	0.026425139737170866
1251	115-119	0.05038270486447516
1251	120-124	0.048559556320242336
1251	125-129	0.03595201239451029
1251	130-134	0.04884778859074146
1251	135-139	0.07242151269379349
1251	140-144	0.05610394528330431
1251	145-149	0.0780357061655863
1251	150-151	0.09341982574916585
1252	1	-0.31957707937260693
1252	2	-0.02636807687110121
1252	3	0.008850406645173337
1252	4	0.002539518230065596
1252	5	0.0041063711063102915
1252	6	0.010880297290938756
1252	7	9.317931674743818E-4
1252	8	0.009932522706058933
1252	9	0.01853215056727464
1252	10-14	0.012387957073379141
1252	15-19	0.006524388685100746
1252	20-24	0.019487007191862915
1252	25-29	0.017304383034939974
1252	30-34	0.029357463969859054
1252	35-39	0.020324098942715807
1252	40-44	9.700413844555555E-4
1252	45-49	-0.006369116877571912
1252	50-54	-0.015555727941055864
1252	55-59	-0.0635196941494911
1252	60-64	-0.0073477998368502995
1252	65-69	-0.02517638079854123
1252	70-74	-5.939261959255759E-4
1252	75-79	0.006272287584685898
1252	80-84	0.008024356881030315
1252	85-89	0.016548201163097076
1252	90-94	0.010691044870206667
1252	95-99	-0.0028491291170169575
1252	100-104	-0.0031375701992928384
1252	105-109	-0.0044811822161534565
1252	110-114	0.009314089491198274
1252	115-119	0.022350446818627745
1252	120-124	0.014367956015497896
1252	125-129	0.00533032233030184
1252	130-134	0.03093535159892724
1252	135-139	0.02070124969685594
1252	140-144	0.011510915401508726
1252	145-149	0.0365449950652561
1252	150-151	0.08480852208160883
1253	1	-0.09261548374385598
1253	2	0.03267451772374841
1253	3	3.695991180663327E-4
1253	4	0.04785733839930373
1253	5	0.007329026755485302
1253	6	0.01477522448761448
1253	7	-0.03247976174217371
1253	8	-0.023681057917727344
1253	9	-0.010082456358084357
1253	10-14	-0.007098934173527027
1253	15-19	0.010101252049558695
1253	20-24	0.008669071506041348
1253	25-29	0.012132902055391526
1253	30-34	5.633075427482481E-4
1253	35-39	0.008027933288431655
1253	40-44	0.0034493557100034877
1253	45-49	0.005120318209520747
1253	50-54	0.012287771905448608
1253	55-59	-9.234832494442458E-4
1253	60-64	-0.0032486355732501693
1253	65-69	-0.01004636306528539
1253	70-74	-0.0023285105040571352
1253	75-79	0.028071673348691206
1253	80-84	0.028317705504143476
1253	85-89	0.02481843852982024
1253	90-94	0.014784240673975546
1253	95-99	0.0024225336959844412
1253	100-104	0.004099954212399837
1253	105-109	0.011126144685732697
1253	110-114	0.01281001458278297
1253	115-119	0.02906307258044194
1253	120-124	0.019495596662245873
1253	125-129	0.014793501281140209
1253	130-134	0.01710225726927206
1253	135-139	0.03394098001050594
1253	140-144	0.037528091552701426
1253	145-149	0.04336595729799342
1253	150-151	0.09040078029128296
1254	1	-0.41563499881177535
1254	2	-0.014590569748236248
1254	3	-0.014061454985501598
1254	4	0.007150430154538867
1254	5	-0.052134058092988766
1254	6	-5.707109171666502E-4
1254	7	-0.023697705198920005
1254	8	-0.0360141066293167
1254	9	-0.026042452364741564
1254	10-14	-0.005880748332330654
1254	15-19	-0.0016925272615608833
1254	20-24	0.015254668974101548
1254	25-29	0.009907200856382303
1254	30-34	0.014570692828911547
1254	35-39	0.014799182845059988
1254	40-44	0.010144506149160293
1254	45-49	0.002370742622282762
1254	50-54	0.025757495687969367
1254	55-59	0.022318941516580537
1254	60-64	0.019114977577324055
1254	65-69	0.017612786323688567
1254	70-74	0.023765219322235964
1254	75-79	0.027881701537289416
1254	80-84	0.03080069419559095
1254	85-89	0.01681513202196072
1254	90-94	0.01360513632531024
1254	95-99	0.03057981912455432
1254	100-104	0.01247055715451495
1254	105-109	-0.0051658940170611345
1254	110-114	0.018020080304971486
1254	115-119	0.022759745001941667
1254	120-124	0.010900116148278016
1254	125-129	0.008374789105715763
1254	130-134	0.03345506007344312
1254	135-139	0.03235723762341536
1254	140-144	0.030975467969028614
1254	145-149	0.03846479975626238
1254	150-151	0.09642724363339994
1255	1	-0.24399677331830816
1255	2	0.011595829256599188
1255	3	-0.012180152886770657
1255	4	0.01875551466214631
1255	5	0.010434900789348944
1255	6	-2.3038324013668898E-4
1255	7	-0.020649570671757544
1255	8	-0.03470563281802441
1255	9	0.020809376575876115
1255	10-14	-0.02149506081142505
1255	15-19	0.012321083305337766
1255	20-24	0.03333217793565524
1255	25-29	0.030048857836050047
1255	30-34	0.03748640272652182
1255	35-39	0.022875430255403728
1255	40-44	0.022552086294368223
1255	45-49	0.02647063093194646
1255	50-54	0.023108406260668346
1255	55-59	0.030982151793217838
1255	60-64	0.024371850239781168
1255	65-69	0.03267254641968975
1255	70-74	0.03466721274124751
1255	75-79	0.045772963561688584
1255	80-84	0.03743350299991022
1255	85-89	0.026090840675237814
1255	90-94	0.01089170044473775
1255	95-99	0.01960213143161127
1255	100-104	-0.008804120701043416
1255	105-109	3.880373113958058E-4
1255	110-114	-0.011817151207651477
1255	115-119	0.026893623686746082
1255	120-124	0.026484712859556225
1255	125-129	-0.007328782065421535
1255	130-134	0.002904135847174416
1255	135-139	0.022876883805437842
1255	140-144	0.024096281959650412
1255	145-149	0.048597496512883254
1255	150-151	0.0903292827217399
1256	1	-0.3772173955705611
1256	2	-0.0671014863989754
1256	3	-0.0055851490990903585
1256	4	0.007217628854192526
1256	5	-0.03372590160677902
1256	6	-0.0044444407233399374
1256	7	-0.002795451462930032
1256	8	-0.026749045652280756
1256	9	-0.017871336171715768
1256	10-14	-0.0058788852526703295
1256	15-19	0.018400863981021587
1256	20-24	0.031860001741087274
1256	25-29	0.023023629211508023
1256	30-34	0.03143560792170064
1256	35-39	0.04059595068105182
1256	40-44	0.026340967027138618
1256	45-49	0.034233297790706274
1256	50-54	0.023527708977937323
1256	55-59	0.04144875494525735
1256	60-64	0.04042475462927797
1256	65-69	0.02398051830032699
1256	70-74	0.033136932727430235
1256	75-79	0.03692588825060028
1256	80-84	0.014710493961061388
1256	85-89	0.013889398731940616
1256	90-94	-0.002487177261102147
1256	95-99	-0.01008038275346479
1256	100-104	0.009449661104866891
1256	105-109	-0.007292535812055689
1256	110-114	0.007987079926621732
1256	115-119	0.021876464259513284
1256	120-124	0.016530753449231383
1256	125-129	0.005890633659085154
1256	130-134	0.005750220229991498
1256	135-139	-0.004171876205916192
1256	140-144	-0.012153754001168693
1256	145-149	0.02557758946768729
1256	150-151	0.06543534506526782
1257	1	-0.3702781853106245
1257	2	-0.06166895006482065
1257	3	-0.02927582279715324
1257	4	0.014239604455475785
1257	5	0.012546119675889145
1257	6	-2.3902685228449627E-5
1257	7	-0.003090257230596194
1257	8	-0.028071025687971485
1257	9	-0.01721761128837329
1257	10-14	0.010675413795446786
1257	15-19	0.029875892825515393
1257	20-24	0.032716253042870846
1257	25-29	0.022902163501974826
1257	30-34	0.030981232863581454
1257	35-39	0.02764132070641523
1257	40-44	0.015015776330969288
1257	45-49	0.019493708242073637
1257	50-54	0.027996480286937242
1257	55-59	0.02306959312821988
1257	60-64	0.025475654373373402
1257	65-69	0.020553617365493437
1257	70-74	0.03632471271060922
1257	75-79	0.036449148446045854
1257	80-84	0.049214488287610436
1257	85-89	0.037289604115485986
1257	90-94	0.031001721229920065
1257	95-99	0.02491233475046073
1257	100-104	0.034229765691058844
1257	105-109	0.01720912134882724
1257	110-114	0.01802099579382599
1257	115-119	0.03866099858208116
1257	120-124	0.02769285202597871
1257	125-129	0.028544075035476624
1257	130-134	0.04726803720124195
1257	135-139	0.04221749647932427
1257	140-144	-0.003990544370054749
1257	145-149	0.04084605734554003
1257	150-151	0.10651202250361536
1258	1	-0.2386429136597883
1258	2	-0.05047406388142406
1258	3	-0.004193782008250935
1258	4	0.02497608668510054
1258	5	-0.013180642884819349
1258	6	0.03360416725430326
1258	7	-0.015686259241654454
1258	8	0.01768575842852016
1258	9	0.02622172968736436
1258	10-14	0.028672356879063443
1258	15-19	0.022456249535395045
1258	20-24	0.02964314584040295
1258	25-29	0.02235803063697972
1258	30-34	0.02992848201512288
1258	35-39	0.03605141365869713
1258	40-44	0.03083278622238339
1258	45-49	0.026515776452541218
1258	50-54	0.03745041432344465
1258	55-59	0.022603675156886993
1258	60-64	0.04538184629099362
1258	65-69	0.03733886806110576
1258	70-74	0.02199323909003681
1258	75-79	0.02977095583322864
1258	80-84	0.03536574445427476
1258	85-89	0.035490108034551326
1258	90-94	0.03642721929328019
1258	95-99	0.04658324018407711
1258	100-104	0.0461913767258153
1258	105-109	0.027992902201539493
1258	110-114	0.010978075927141617
1258	115-119	0.0398325103517152
1258	120-124	0.04475868429146601
1258	125-129	0.02679808979478082
1258	130-134	0.04313043541458228
1258	135-139	0.027803005167029937
1258	140-144	0.03490380441231622
1258	145-149	0.0428046339001682
1258	150-151	0.09467975213571833
1259	1	-0.0791555100352781
1259	2	-0.042826762933700024
1259	3	0.017777976587062483
1259	4	0.05598988362979895
1259	5	0.007407490540217054
1259	6	0.014045654845872946
1259	7	-0.014306191701358273
1259	8	-0.010697677049812171
1259	9	-8.05573482274724E-4
1259	10-14	0.014316478480118633
1259	15-19	0.028334693451760984
1259	20-24	0.03493724318848024
1259	25-29	0.03871607825236367
1259	30-34	0.036286159400304996
1259	35-39	0.04149372956415931
1259	40-44	0.03311066717701294
1259	45-49	0.02728593958823211
1259	50-54	0.043826483989988674
1259	55-59	0.028180175546062003
1259	60-64	0.042568796752732396
1259	65-69	0.03828269827288011
1259	70-74	0.027335877895474425
1259	75-79	0.029504975285497892
1259	80-84	0.034964339947514134
1259	85-89	0.04088703775282454
1259	90-94	0.0432236449097374
1259	95-99	0.049013381489196206
1259	100-104	0.04777702868248923
1259	105-109	0.04673485598524252
1259	110-114	0.042396387531212554
1259	115-119	0.05845388459089662
1259	120-124	0.045810232586674715
1259	125-129	0.030812025988517178
1259	130-134	0.0645736958715446
1259	135-139	0.05825442231838451
1259	140-144	0.05365600195148801
1259	145-149	0.04632879553755487
1259	150-151	0.11958963566701897
1260	1	-0.4401921800121755
1260	2	-0.04786773676980971
1260	3	-0.04333337675669213
1260	4	0.029828758780773512
1260	5	0.017348216145094852
1260	6	0.010104665597118867
1260	7	0.003306425425797954
1260	8	0.031571425495862115
1260	9	0.03117707809786907
1260	10-14	0.04666206787818794
1260	15-19	0.0405164992393523
1260	20-24	0.05587065434495031
1260	25-29	0.03611672442806935
1260	30-34	0.050052301085159456
1260	35-39	0.0509533810868632
1260	40-44	0.05002918951420554
1260	45-49	0.04289247821941444
1260	50-54	0.04463624543733147
1260	55-59	0.050255244737350324
1260	60-64	0.04738539930969665
1260	65-69	0.04533868012320852
1260	70-74	0.04482528247825002
1260	75-79	0.055500441655446764
1260	80-84	0.05290892076283882
1260	85-89	0.045504793679839395
1260	90-94	0.04257975078294862
1260	95-99	0.04838504235730312
1260	100-104	0.04076534308718749
1260	105-109	0.03363876502913854
1260	110-114	0.033588223822107466
1260	115-119	0.03689713352994772
1260	120-124	0.03649278219820218
1260	125-129	0.04250298104835082
1260	130-134	0.04344698316532458
1260	135-139	0.041008865705563835
1260	140-144	0.04808742732114979
1260	145-149	0.04664333204625848
1260	150-151	0.07743221467642769
1261	1	-0.2926301594681959
1261	2	0.04260411801166697
1261	3	0.013520282760879354
1261	4	0.03160172081928181
1261	5	0.015271370852978805
1261	6	0.021132513833492794
1261	7	0.015599602369981369
1261	8	0.010074131057386637
1261	9	0.022755494593774017
1261	10-14	0.03131005695662736
1261	15-19	0.028666292699696783
1261	20-24	0.019565277966087535
1261	25-29	0.007661968446768697
1261	30-34	0.01878511703958452
1261	35-39	0.0238123948743052
1261	40-44	0.012744303888624131
1261	45-49	0.023610252598423642
1261	50-54	0.020560701852815555
1261	55-59	0.022303705315380284
1261	60-64	0.017441751464971844
1261	65-69	0.018662308737923183
1261	70-74	0.024337749690552357
1261	75-79	0.025121260932039036
1261	80-84	0.03946508926165393
1261	85-89	0.03389116975694151
1261	90-94	0.0352369440231044
1261	95-99	0.029615809126148918
1261	100-104	0.024390700322328485
1261	105-109	0.01783499825796042
1261	110-114	0.027542296890025852
1261	115-119	0.04084939433474233
1261	120-124	0.03593195443048813
1261	125-129	0.02637419514081074
1261	130-134	0.050998589467212696
1261	135-139	0.04199076680410485
1261	140-144	0.04944517865233422
1261	145-149	0.052628216645274506
1261	150-151	0.09685804223153127
1262	1	-0.19175329789369755
1262	2	-0.03898730273117934
1262	3	-0.01599214722008213
1262	4	0.038079307760142456
1262	5	0.035894302487690766
1262	6	-0.018590800540472685
1262	7	0.0038476047513711364
1262	8	-0.0017887024698453047
1262	9	0.02522401860362322
1262	10-14	-0.005902764596719123
1262	15-19	0.00959812868131138
1262	20-24	0.00851476534219131
1262	25-29	0.010036727201942597
1262	30-34	0.007530653888437655
1262	35-39	0.019825114316823544
1262	40-44	0.008597204343359977
1262	45-49	0.0065155158872300944
1262	50-54	0.026426888174164276
1262	55-59	-0.0054545457078916115
1262	60-64	0.019829655006589064
1262	65-69	0.011302814824880159
1262	70-74	0.026900494036794953
1262	75-79	0.034580370890346046
1262	80-84	0.039832384812029886
1262	85-89	0.037878768968575116
1262	90-94	0.026261817613239202
1262	95-99	0.031319494365952494
1262	100-104	0.027385953092824877
1262	105-109	0.008795010584229601
1262	110-114	0.01664364586618916
1262	115-119	0.03512813313061969
1262	120-124	0.022420844167179155
1262	125-129	0.0158790455633806
1262	130-134	0.028704523053129094
1262	135-139	0.01982346343253738
1262	140-144	0.012882273190676585
1262	145-149	0.035438327867488795
1262	150-151	0.04755685537787002
1263	1	-0.45992878935197723
1263	2	-0.001003292608452
1263	3	-0.015646290907184834
1263	4	0.09111649564205493
1263	5	0.03471226087114587
1263	6	0.033897284801398087
1263	7	0.012635881357738299
1263	8	0.007273948403458519
1263	9	0.06763656672639229
1263	10-14	0.029483926384514803
1263	15-19	0.020107959530847097
1263	20-24	0.029429305802750605
1263	25-29	0.024547987041223962
1263	30-34	0.02443909272140843
1263	35-39	0.039549069839040385
1263	40-44	0.027908350349846955
1263	45-49	0.02090600928281816
1263	50-54	0.01892378362532554
1263	55-59	0.007004103631352621
1263	60-64	0.004098524256761493
1263	65-69	0.006721691234986338
1263	70-74	0.03457796781513167
1263	75-79	0.030966410095892627
1263	80-84	0.03265308077390472
1263	85-89	0.038003571082583676
1263	90-94	0.0346675735853097
1263	95-99	0.036686858347962925
1263	100-104	0.030251133437310784
1263	105-109	0.018979817653118403
1263	110-114	0.018525359888506898
1263	115-119	0.026199941594633458
1263	120-124	0.033156677507342636
1263	125-129	0.03432806930603505
1263	130-134	0.04879901098563266
1263	135-139	0.03624694450642352
1263	140-144	0.03563942298302436
1263	145-149	0.05421633628136391
1263	150-151	0.08224983051308499
1264	1	-0.31794699944950366
1264	2	-0.04479438550092141
1264	3	-0.010959438151722622
1264	4	0.07605418263428732
1264	5	0.035101288793271124
1264	6	0.03141460830458698
1264	7	0.013321636052552321
1264	8	0.030612782378248937
1264	9	0.05154789684834071
1264	10-14	0.02969514950364527
1264	15-19	0.026589753825412288
1264	20-24	0.027731781186922433
1264	25-29	0.03472147350358057
1264	30-34	0.028955564711964143
1264	35-39	0.03062450937979122
1264	40-44	0.023873145547646857
1264	45-49	0.025419354324618837
1264	50-54	0.0335257278733323
1264	55-59	0.02570204094980255
1264	60-64	0.022787055123522748
1264	65-69	0.02169799456710564
1264	70-74	0.0132462581550854
1264	75-79	0.030379947365503313
1264	80-84	0.04528394717303996
1264	85-89	0.03224903341067886
1264	90-94	0.04263966232510086
1264	95-99	0.0351922818276833
1264	100-104	0.03795800962474516
1264	105-109	0.021361320529962313
1264	110-114	0.029435253208397683
1264	115-119	0.03249374393210758
1264	120-124	0.042812764652872204
1264	125-129	0.0390125122276217
1264	130-134	0.04744382383181289
1264	135-139	0.04552039717903966
1264	140-144	0.04611881619745617
1264	145-149	0.03860451521122599
1264	150-151	0.08332672456504753
1265	1	-0.21907855456012015
1265	2	-0.04812094333462369
1265	3	-0.0353746976257483
1265	4	0.029722524628503777
1265	5	0.02243369253897498
1265	6	0.02694328978403604
1265	7	0.023616491986587107
1265	8	0.04279559421519252
1265	9	0.013237033469742698
1265	10-14	0.03510585911155317
1265	15-19	0.008336948228311769
1265	20-24	0.019834355805024018
1265	25-29	0.012972785394822495
1265	30-34	0.015955193814264135
1265	35-39	0.011756530868346715
1265	40-44	0.01784003616673857
1265	45-49	0.0031058165427069184
1265	50-54	0.012231794702231014
1265	55-59	0.021720114672952207
1265	60-64	0.015234062866120723
1265	65-69	0.0254846826252475
1265	70-74	0.008492312713748618
1265	75-79	0.017989578033940745
1265	80-84	0.004981577370784862
1265	85-89	-0.0026452360604736214
1265	90-94	-6.664508027256488E-4
1265	95-99	0.011247883640642442
1265	100-104	0.013262532841253005
1265	105-109	0.011605741042487239
1265	110-114	0.013683539663205124
1265	115-119	0.02542056465119913
1265	120-124	0.030704801694966477
1265	125-129	0.021912635099134548
1265	130-134	0.04619580766797071
1265	135-139	0.04324788623258513
1265	140-144	0.031678992301387154
1265	145-149	0.039167000462839496
1265	150-151	0.0838287079086868
1266	1	-0.27350539110310024
1266	2	-0.009442126027053632
1266	3	-0.004976663963518035
1266	4	0.07495741550338408
1266	5	0.03717075285680238
1266	6	0.027734660796355115
1266	7	0.0014710504923769463
1266	8	0.03319526543159412
1266	9	0.04668438817434151
1266	10-14	0.044765423041674524
1266	15-19	0.029248652448785606
1266	20-24	0.029807952756520706
1266	25-29	0.033182787956000936
1266	30-34	0.024789062506279436
1266	35-39	0.03342143731190106
1266	40-44	0.004763707174888054
1266	45-49	0.020547824649298718
1266	50-54	0.024591285406074803
1266	55-59	0.028941279987229507
1266	60-64	0.026721946658547324
1266	65-69	0.02302652619963652
1266	70-74	0.029690286440050784
1266	75-79	0.014502647795119117
1266	80-84	-0.002222822642238498
1266	85-89	0.00558333407387579
1266	90-94	0.015689614891705617
1266	95-99	0.04031697916959587
1266	100-104	0.04330817456821734
1266	105-109	0.028199543928252524
1266	110-114	0.04651388448743177
1266	115-119	0.04963826147160688
1266	120-124	0.06319590542170772
1266	125-129	0.041978124080699786
1266	130-134	0.0773401007400949
1266	135-139	0.07567596851986025
1266	140-144	0.06276038732564615
1266	145-149	0.0871188845172739
1266	150-151	0.1246849712867899
1267	1	-0.2227982292583448
1267	2	-0.02958655500601992
1267	3	0.047090604068401376
1267	4	0.0481720811028481
1267	5	0.05572983506937135
1267	6	0.061542238444019404
1267	7	0.012942794606843222
1267	8	0.058889867391997086
1267	9	0.05712242634551501
1267	10-14	0.050074093658579955
1267	15-19	0.037470668619874914
1267	20-24	0.03657519241320273
1267	25-29	0.03470534726839247
1267	30-34	0.04188909253684159
1267	35-39	0.03124845083208072
1267	40-44	0.030325250076302268
1267	45-49	0.025282451392357075
1267	50-54	0.037082276496136046
1267	55-59	0.028980675540609013
1267	60-64	0.0421111856524945
1267	65-69	0.04473938519777221
1267	70-74	0.033469985049087825
1267	75-79	0.029472074483095412
1267	80-84	0.040059258478486015
1267	85-89	0.02917496455813051
1267	90-94	0.01883651622907223
1267	95-99	0.054589041363307444
1267	100-104	0.057840392284397524
1267	105-109	0.025418393901972536
1267	110-114	0.041889150395974184
1267	115-119	0.05251866446331377
1267	120-124	0.053327858371126524
1267	125-129	0.045330293566955504
1267	130-134	0.07784543252271447
1267	135-139	0.09172221371625255
1267	140-144	0.07688172131684468
1267	145-149	0.0989387234520791
1267	150-151	0.15558124998521095
1268	1	-0.35975573459912624
1268	2	-0.038800862361355826
1268	3	-0.011462101769055266
1268	4	0.030438697960356365
1268	5	0.03207551463297875
1268	6	0.05858783185933447
1268	7	0.05866955803753626
1268	8	0.05397601509500305
1268	9	0.05968564563470835
1268	10-14	0.06981827290560716
1268	15-19	0.05550144263331447
1268	20-24	0.05365229506989522
1268	25-29	0.04731285484289316
1268	30-34	0.04773670738699565
1268	35-39	0.04303526740896757
1268	40-44	0.03565547851557227
1268	45-49	0.03165349397042405
1268	50-54	0.039244031293002024
1268	55-59	0.035696117127564264
1268	60-64	0.047226984213153855
1268	65-69	0.04738171308537886
1268	70-74	0.04237687977989424
1268	75-79	0.046728712933322925
1268	80-84	0.06060441288633456
1268	85-89	0.053968225373047574
1268	90-94	0.046222928816412434
1268	95-99	0.0394973298046537
1268	100-104	0.04687426758790281
1268	105-109	0.0394636506245547
1268	110-114	0.05033944847038185
1268	115-119	0.06323239706833306
1268	120-124	0.06601054819756769
1268	125-129	0.06830028102596941
1268	130-134	0.09532391897798931
1268	135-139	0.06972910426770795
1268	140-144	0.08839561299647869
1268	145-149	0.11030876471148332
1268	150-151	0.15728852945623828
1269	1	-0.5502430760409425
1269	2	-0.0728384776927058
1269	3	-0.06123026505797213
1269	4	-0.003381057552488187
1269	5	0.03598278036015756
1269	6	0.0276584437837073
1269	7	0.030954031129368786
1269	8	0.026240416959772972
1269	9	0.09346185507027371
1269	10-14	0.06664624191503776
1269	15-19	0.04890113990275324
1269	20-24	0.0403094111264366
1269	25-29	0.03963845932677401
1269	30-34	0.04927556418110868
1269	35-39	0.04491032756665447
1269	40-44	0.04215312081676359
1269	45-49	0.04216429610129069
1269	50-54	0.02743585009544347
1269	55-59	0.03222917669122438
1269	60-64	0.044267424242413256
1269	65-69	0.04761077107529843
1269	70-74	0.0361108745849279
1269	75-79	0.04504935111839359
1269	80-84	0.04817844801841176
1269	85-89	0.04639867994048075
1269	90-94	0.04078716601156884
1269	95-99	0.0562232743185902
1269	100-104	0.04952916298925203
1269	105-109	0.026410926329035078
1269	110-114	0.03822413907114708
1269	115-119	0.052020172297773115
1269	120-124	0.04584750869123866
1269	125-129	0.05141872921230828
1269	130-134	0.07587639421661407
1269	135-139	0.07372493522387202
1269	140-144	0.0556372972322805
1269	145-149	0.06870449080686569
1269	150-151	0.12124658054104032
1270	1	-0.5127497329491888
1270	2	-0.1187278868880739
1270	3	-0.029239708530219843
1270	4	-0.0058167154242809715
1270	5	0.033421182029023555
1270	6	0.04892002986606059
1270	7	0.033121199794734935
1270	8	0.03881197481013743
1270	9	0.06287941081328796
1270	10-14	0.07727339924230137
1270	15-19	0.06954455997295383
1270	20-24	0.04139860347284241
1270	25-29	0.04470898460247241
1270	30-34	0.059942737730310114
1270	35-39	0.05575111152985812
1270	40-44	0.05931522168009451
1270	45-49	0.05655840036354931
1270	50-54	0.04974203429807034
1270	55-59	0.07060437461904456
1270	60-64	0.05795003594522541
1270	65-69	0.05648076695404569
1270	70-74	0.06356909111173792
1270	75-79	0.06696432216280357
1270	80-84	0.051047369718965285
1270	85-89	0.045778766773942436
1270	90-94	0.0550602319537532
1270	95-99	0.061962443789319366
1270	100-104	0.06361160429330681
1270	105-109	0.041939768159373614
1270	110-114	0.05550665979639291
1270	115-119	0.07207108687538977
1270	120-124	0.06352278278191648
1270	125-129	0.0719440665945612
1270	130-134	0.08672402306947191
1270	135-139	0.09452569541114286
1270	140-144	0.08579039648766695
1270	145-149	0.09879710655143015
1270	150-151	0.11294886473523746
1271	1	-0.54521698609787
1271	2	-0.11673973355950551
1271	3	-0.04160067458974481
1271	4	-0.012661036048456253
1271	5	0.02794036883171458
1271	6	0.0367760466516458
1271	7	0.04782593166693516
1271	8	0.04963731508592417
1271	9	0.050200724141618025
1271	10-14	0.06759118013248155
1271	15-19	0.052055795329259524
1271	20-24	0.03686392694353202
1271	25-29	0.04387227861609233
1271	30-34	0.0445967785453405
1271	35-39	0.05412761468537752
1271	40-44	0.04829693412680314
1271	45-49	0.04856172577196105
1271	50-54	0.04882145777344249
1271	55-59	0.05867430916360661
1271	60-64	0.06357603037699988
1271	65-69	0.06057520219703605
1271	70-74	0.05853760883177728
1271	75-79	0.047599797590244464
1271	80-84	0.06594896847050791
1271	85-89	0.055895558056406
1271	90-94	0.06687945964974773
1271	95-99	0.06529978770490885
1271	100-104	0.07750377865742308
1271	105-109	0.061753511140992146
1271	110-114	0.058307386245786574
1271	115-119	0.06621232737448679
1271	120-124	0.08640257667994433
1271	125-129	0.0807331696910154
1271	130-134	0.07935367166240326
1271	135-139	0.10341718724110649
1271	140-144	0.1002169415323948
1271	145-149	0.1153991347554566
1271	150-151	0.14937912162375966
1272	1	-0.5317634370495057
1272	2	-0.15374613337530008
1272	3	-0.0779504065611647
1272	4	-0.027278491607269473
1272	5	-0.015593985519942066
1272	6	0.014299369720149002
1272	7	0.006593031546522354
1272	8	0.019917201359589853
1272	9	0.0498366544011688
1272	10-14	0.052337408743952096
1272	15-19	0.04210366734691462
1272	20-24	0.04468673216750574
1272	25-29	0.03749118531625584
1272	30-34	0.053634678681497405
1272	35-39	0.052906413984104006
1272	40-44	0.03467747631641771
1272	45-49	0.033801705048681185
1272	50-54	0.04121929510854727
1272	55-59	0.0333176827106314
1272	60-64	0.05106201799745946
1272	65-69	0.0516951954991427
1272	70-74	0.06108422951911763
1272	75-79	0.05471270609874779
1272	80-84	0.06054542735097357
1272	85-89	0.06795720754335122
1272	90-94	0.07457156184717917
1272	95-99	0.08754442333019341
1272	100-104	0.06872010601205858
1272	105-109	0.08216243024079262
1272	110-114	0.07677887142805417
1272	115-119	0.08457744531648359
1272	120-124	0.066527558341825
1272	125-129	0.09609466580871384
1272	130-134	0.08538969926349438
1272	135-139	0.0907376905833388
1272	140-144	0.09993729199116785
1272	145-149	0.1386923941661493
1272	150-151	0.16607981996001087
1273	1	-0.4585273551262361
1273	2	-0.09960582905507209
1273	3	-0.023059926794367414
1273	4	-0.013300820526097823
1273	5	0.05421324694516727
1273	6	0.04073398511484072
1273	7	0.04722341209730274
1273	8	0.07310619685195263
1273	9	0.07762586261448234
1273	10-14	0.06983909141753486
1273	15-19	0.04721585295067854
1273	20-24	0.04437320362701058
1273	25-29	0.03265196585932273
1273	30-34	0.05591955834901796
1273	35-39	0.05349652641480418
1273	40-44	0.04325211667817541
1273	45-49	0.03715553770483382
1273	50-54	0.042864644286247255
1273	55-59	0.042087383714090265
1273	60-64	0.0444454019099183
1273	65-69	0.0432668856134697
1273	70-74	0.04780723606089765
1273	75-79	0.04425698525777477
1273	80-84	0.04603816144691564
1273	85-89	0.038392361853802015
1273	90-94	0.053158789913439364
1273	95-99	0.056999466443521385
1273	100-104	0.05860426979567279
1273	105-109	0.049155145944745016
1273	110-114	0.05559468342332252
1273	115-119	0.06821190395174881
1273	120-124	0.07316713705002087
1273	125-129	0.07466974955990935
1273	130-134	0.08704495537620005
1273	135-139	0.09821564741007904
1273	140-144	0.07404858091032906
1273	145-149	0.08913334478224755
1273	150-151	0.11993759273656934
1274	1	-0.41046063675353395
1274	2	-0.0867006461213009
1274	3	-0.08770083338448842
1274	4	0.008963218762161773
1274	5	0.014861923966336121
1274	6	0.03363438050730139
1274	7	0.02426461098740873
1274	8	0.05112015548002802
1274	9	0.07877478550383188
1274	10-14	0.07336870145518759
1274	15-19	0.06235523559552547
1274	20-24	0.05547524209513455
1274	25-29	0.046164406978796535
1274	30-34	0.051673576233696394
1274	35-39	0.043020071042207064
1274	40-44	0.032803346453953
1274	45-49	0.04725501558992562
1274	50-54	0.047965826353134844
1274	55-59	0.04905310852162614
1274	60-64	0.058071378773028925
1274	65-69	0.04907049458931567
1274	70-74	0.04533563944293206
1274	75-79	0.03737565374705554
1274	80-84	0.05472656779801355
1274	85-89	0.06219537077140558
1274	90-94	0.05264062171585948
1274	95-99	0.06273892994901331
1274	100-104	0.06782483722771104
1274	105-109	0.06716011929459853
1274	110-114	0.06624695753714605
1274	115-119	0.06882736073229268
1274	120-124	0.06459424523981028
1274	125-129	0.0674186521196134
1274	130-134	0.10747330848299441
1274	135-139	0.10583315402185889
1274	140-144	0.10139928804345288
1274	145-149	0.10609008429555189
1274	150-151	0.17624592918769366
1275	1	-0.4648391250999566
1275	2	-0.04553684349649956
1275	3	-0.02087887867421756
1275	4	0.01734310851637133
1275	5	0.05066010866612913
1275	6	0.02946562540305564
1275	7	-0.0035022680203269374
1275	8	0.03886969496081605
1275	9	0.07095259010812072
1275	10-14	0.06766902223823479
1275	15-19	0.04924522848953927
1275	20-24	0.05406884329170225
1275	25-29	0.05192825514474464
1275	30-34	0.055748321961630154
1275	35-39	0.06254951939422426
1275	40-44	0.05681677500278681
1275	45-49	0.04853617391824372
1275	50-54	0.05499734933510325
1275	55-59	0.0621749682637045
1275	60-64	0.06259382176867945
1275	65-69	0.06147226837047981
1275	70-74	0.05373833967074404
1275	75-79	0.06088098708476508
1275	80-84	0.06705145876647123
1275	85-89	0.06225093016835359
1275	90-94	0.06538989711568632
1275	95-99	0.07009730183221308
1275	100-104	0.05516847329722907
1275	105-109	0.05782579985070413
1275	110-114	0.06521165249279193
1275	115-119	0.07748337044495912
1275	120-124	0.06631144553936252
1275	125-129	0.09698708614436669
1275	130-134	0.10688544784242282
1275	135-139	0.11004713996098303
1275	140-144	0.10886455174263432
1275	145-149	0.13301543495396118
1275	150-151	0.16876632395347002
1276	1	-0.38378034288020046
1276	2	-0.02568679246003569
1276	3	0.008297878429274874
1276	4	0.06650725183201445
1276	5	0.05281724542430766
1276	6	0.06795775524841474
1276	7	0.03233792495366572
1276	8	0.06401449386775937
1276	9	0.11063033979524306
1276	10-14	0.0754407973356166
1276	15-19	0.06052578576866807
1276	20-24	0.06111757913033955
1276	25-29	0.06188172079776422
1276	30-34	0.0581785870748206
1276	35-39	0.0719727724688255
1276	40-44	0.06049597358716596
1276	45-49	0.06319079390008397
1276	50-54	0.06583122057212876
1276	55-59	0.06377463017034302
1276	60-64	0.06373933654248987
1276	65-69	0.070861336671733
1276	70-74	0.07784716271687842
1276	75-79	0.07713689778740473
1276	80-84	0.07616755810541065
1276	85-89	0.06977594848110868
1276	90-94	0.07942482156077801
1276	95-99	0.06984359002069596
1276	100-104	0.08082983974317415
1276	105-109	0.06978820153702969
1276	110-114	0.0769560045240496
1276	115-119	0.08376071074408742
1276	120-124	0.0517149564036643
1276	125-129	0.09084137545035986
1276	130-134	0.11175655723923228
1276	135-139	0.13425677492969612
1276	140-144	0.13090243851549133
1276	145-149	0.11958034193028055
1276	150-151	0.1569432227260208
1277	1	-0.3400471544662267
1277	2	-0.08884368415730393
1277	3	9.726577311752749E-4
1277	4	0.03279702000079254
1277	5	0.04451473532348871
1277	6	0.032703074928079445
1277	7	0.011122688892562849
1277	8	0.037036692975370045
1277	9	0.05003339150056263
1277	10-14	0.055604477092899174
1277	15-19	0.03289036617777441
1277	20-24	0.04363731054122866
1277	25-29	0.024768035114085762
1277	30-34	0.04118210443733972
1277	35-39	0.04228012993324626
1277	40-44	0.032721837792067276
1277	45-49	0.03922070894343932
1277	50-54	0.0353219400230671
1277	55-59	0.020806910908198972
1277	60-64	0.025292121190524597
1277	65-69	0.03127681521225867
1277	70-74	0.0329556264105193
1277	75-79	0.03120844749560092
1277	80-84	0.03488124873615561
1277	85-89	0.035398019983745144
1277	90-94	0.030658315110777323
1277	95-99	0.026162565860701648
1277	100-104	0.012999632879150624
1277	105-109	0.0199437759001313
1277	110-114	0.036171728354155164
1277	115-119	0.05867685186318994
1277	120-124	0.01605881965458167
1277	125-129	-0.016558746062244722
1277	130-134	0.027755664231385424
1277	135-139	0.06340017721826285
1277	140-144	0.07068249965298179
1277	145-149	0.08734317230831579
1277	150-151	0.16001734891889186
1278	1	-0.49983472084667113
1278	2	-0.090850045872223
1278	3	-0.012404088160465676
1278	4	-0.0034622461461069065
1278	5	-0.0015021511185224767
1278	6	0.012085764601792448
1278	7	-0.005722809102174153
1278	8	0.03765148738862223
1278	9	0.04871585192644545
1278	10-14	0.051808226425464454
1278	15-19	0.02782252785842587
1278	20-24	0.026672527748608843
1278	25-29	0.035375917587913364
1278	30-34	0.03456916757025397
1278	35-39	0.03686153435891981
1278	40-44	0.02702228461875933
1278	45-49	0.04207042297225172
1278	50-54	0.05064759205741609
1278	55-59	0.046166677843359594
1278	60-64	0.02563152725279849
1278	65-69	0.05113088141579425
1278	70-74	0.061106966703825094
1278	75-79	0.05373389351163382
1278	80-84	0.05868536011584524
1278	85-89	0.05757882510420842
1278	90-94	0.062334004571454216
1278	95-99	0.05257104096158827
1278	100-104	0.0647891395492266
1278	105-109	0.040664512268335784
1278	110-114	0.04647817322636172
1278	115-119	0.058102274835512446
1278	120-124	0.0654608788670572
1278	125-129	0.060580246349417166
1278	130-134	0.06877082845165461
1278	135-139	0.09076045021328838
1278	140-144	0.09519008210448021
1278	145-149	0.11163701071908605
1278	150-151	0.1642637807994376
1279	1	-0.4989009882093782
1279	2	-0.10078533291708425
1279	3	-0.061130521789145575
1279	4	-0.013480744918872745
1279	5	-0.01806442685897025
1279	6	0.02714409015410979
1279	7	-0.033361164905443275
1279	8	0.02762693570243613
1279	9	0.03058634575795338
1279	10-14	0.04475182973489211
1279	15-19	0.030886394477434465
1279	20-24	0.03862822663317189
1279	25-29	0.041025342408715915
1279	30-34	0.03949043003235175
1279	35-39	0.03358621104109716
1279	40-44	0.038150600017822
1279	45-49	0.03133591175584627
1279	50-54	0.03213384580646306
1279	55-59	0.025991302648833425
1279	60-64	0.03949560945940789
1279	65-69	0.02495780697447003
1279	70-74	0.03394729839639865
1279	75-79	0.03830622753487489
1279	80-84	0.047299134011645094
1279	85-89	0.042367691744473746
1279	90-94	0.04274831821479097
1279	95-99	0.051019098648971806
1279	100-104	0.034473259576785154
1279	105-109	0.029857113825997317
1279	110-114	0.04534951385092256
1279	115-119	0.056773422102068594
1279	120-124	0.05337965854205606
1279	125-129	0.04082767633596518
1279	130-134	0.09528782332554186
1279	135-139	0.07687649062697233
1279	140-144	0.08755984685651441
1279	145-149	0.08286557485345014
1279	150-151	0.09475358576015935
1280	1	-0.3774563196004195
1280	2	-0.09922451840731839
1280	3	-0.050917698830510005
1280	4	0.04380647186869169
1280	5	0.03161980338269643
1280	6	0.03930031548310353
1280	7	-0.0020607621856854053
1280	8	0.03504176454052299
1280	9	0.05382411082847938
1280	10-14	0.0505089916576722
1280	15-19	0.029101647666799124
1280	20-24	0.03206298025202159
1280	25-29	0.0330905549944589
1280	30-34	0.033253216159735643
1280	35-39	0.028449227007321554
1280	40-44	0.017235994717410108
1280	45-49	0.024089788185598593
1280	50-54	0.04110707025249383
1280	55-59	0.03243275286386904
1280	60-64	0.036434463412824414
1280	65-69	0.03315096858861466
1280	70-74	0.037429436270265626
1280	75-79	0.030196095205113238
1280	80-84	0.03961462982454833
1280	85-89	0.027302312859532663
1280	90-94	0.027410874756817805
1280	95-99	0.012121363807949592
1280	100-104	0.030797464215915227
1280	105-109	0.025909353834137505
1280	110-114	0.001121628696942878
1280	115-119	0.0580576265214674
1280	120-124	0.0459512121617891
1280	125-129	0.037951971916236005
1280	130-134	0.08791042694706874
1280	135-139	0.0797933079556401
1280	140-144	0.06725323694526963
1280	145-149	0.09899868589550209
1280	150-151	0.10474673578504223
1281	1	-0.5043375506395051
1281	2	-0.10758584538918115
1281	3	-0.04763923774748946
1281	4	-0.01972306552792702
1281	5	-0.01847964827178572
1281	6	0.02157586626583452
1281	7	-0.025227575014923787
1281	8	0.024380990337022013
1281	9	0.02095935676119609
1281	10-14	0.03688330481067226
1281	15-19	0.02301028063379107
1281	20-24	0.0362720321039518
1281	25-29	0.032134346556063065
1281	30-34	0.044103048613962414
1281	35-39	0.04094314826365775
1281	40-44	0.04225147820015707
1281	45-49	0.03592544353077898
1281	50-54	0.03994037013346485
1281	55-59	0.04149208876771837
1281	60-64	0.039259675146723794
1281	65-69	0.04399897597669167
1281	70-74	0.04729324153147729
1281	75-79	0.049540664022472924
1281	80-84	0.04603380260842016
1281	85-89	0.04662120532744751
1281	90-94	0.042213554185764224
1281	95-99	0.06469460607952016
1281	100-104	0.064273930237853
1281	105-109	0.05632405248510963
1281	110-114	0.04497353316328656
1281	115-119	0.06273187527933999
1281	120-124	0.08219094345226807
1281	125-129	0.07585385401625189
1281	130-134	0.10166972236780936
1281	135-139	0.09483028300536489
1281	140-144	0.09041738881849426
1281	145-149	0.11785726977660715
1281	150-151	0.1596591782686545
1282	1	-0.6279431458359426
1282	2	-0.21240768418326184
1282	3	-0.026754371138061117
1282	4	-0.0989287056410788
1282	5	-0.010950159244366375
1282	6	0.010111112688349522
1282	7	-4.795571582505431E-4
1282	8	-0.002824488105240164
1282	9	0.05106942047561347
1282	10-14	0.051835166028098456
1282	15-19	0.022614578686322773
1282	20-24	0.03239991971452838
1282	25-29	0.031358541684916474
1282	30-34	0.03967214487065718
1282	35-39	0.04076301337279631
1282	40-44	0.032636813597683556
1282	45-49	0.026466493367024668
1282	50-54	0.039864862311198124
1282	55-59	0.04438521563282194
1282	60-64	0.05033066227562699
1282	65-69	0.04182185419611528
1282	70-74	0.03698450571762635
1282	75-79	0.048966275279568094
1282	80-84	0.0435483047212486
1282	85-89	0.04206926575767511
1282	90-94	0.050657060576334345
1282	95-99	0.05430069176716046
1282	100-104	0.06049704250408183
1282	105-109	0.031190667954788864
1282	110-114	0.028927525353765304
1282	115-119	0.05415304305809343
1282	120-124	0.076024445768752
1282	125-129	0.05497799352537669
1282	130-134	0.09544199693793587
1282	135-139	0.08381553220313265
1282	140-144	0.0795692538408872
1282	145-149	0.08666666454167427
1282	150-151	0.11094878417236487
1283	1	-0.6095630432780794
1283	2	-0.14989337782205325
1283	3	-0.06639491854430446
1283	4	-0.07545271793323138
1283	5	-0.0063316644758515395
1283	6	-0.06378033323096588
1283	7	-0.03360680333393162
1283	8	-0.01482808180754347
1283	9	0.03548740431226349
1283	10-14	0.027592180788218457
1283	15-19	0.00924632935106473
1283	20-24	0.020716424641491926
1283	25-29	0.00970130823359483
1283	30-34	0.019768987142889216
1283	35-39	0.024105443392265613
1283	40-44	0.015948455193289135
1283	45-49	0.012656008816293252
1283	50-54	0.014627021347848768
1283	55-59	0.021999005232501645
1283	60-64	0.03069277399271897
1283	65-69	0.02003277624294242
1283	70-74	7.381876424261691E-4
1283	75-79	0.01834130893713848
1283	80-84	0.01625958144297357
1283	85-89	0.019701936415302157
1283	90-94	0.023051101325975765
1283	95-99	0.026722085272076868
1283	100-104	0.025383013895329043
1283	105-109	0.022622599843131752
1283	110-114	0.018745121306487533
1283	115-119	0.052538628366406215
1283	120-124	0.04616988358839791
1283	125-129	0.053225332891216226
1283	130-134	0.06479326886105952
1283	135-139	0.07655877670588751
1283	140-144	0.06538764572670175
1283	145-149	0.06567853538659563
1283	150-151	0.13294863502940046
1284	1	-0.5201748078227126
1284	2	-0.22961731147097453
1284	3	-0.07820618070726226
1284	4	-0.10709547910713724
1284	5	-0.02981286125870497
1284	6	0.004782849114874921
1284	7	-0.030148245784495487
1284	8	-0.008081448459272167
1284	9	0.02365013300354235
1284	10-14	0.03583777807904909
1284	15-19	0.027910577338076337
1284	20-24	0.020678683178601887
1284	25-29	0.027975961657993764
1284	30-34	0.0369467814417348
1284	35-39	0.04073694236471681
1284	40-44	0.038662294745300585
1284	45-49	0.03093626277973982
1284	50-54	0.04053727776070559
1284	55-59	0.027601326203502197
1284	60-64	0.03746200981419889
1284	65-69	0.044482394811645065
1284	70-74	0.05504232879403759
1284	75-79	0.048215308013105584
1284	80-84	0.05507745416259269
1284	85-89	0.05403232326879248
1284	90-94	0.05186486502068277
1284	95-99	0.05476403854013512
1284	100-104	0.0616022477233642
1284	105-109	0.042522897636644075
1284	110-114	0.017382126215593985
1284	115-119	0.047484630986971865
1284	120-124	0.05921135966531921
1284	125-129	0.04930667755791518
1284	130-134	0.07780578327051302
1284	135-139	0.07433536499068794
1284	140-144	0.060611395725949535
1284	145-149	0.08995082029546353
1284	150-151	0.08611313661872799
1285	1	-0.5251090140227817
1285	2	-0.12412142744033616
1285	3	-0.04535843952227481
1285	4	-0.09363276083602301
1285	5	-0.020989573752018487
1285	6	-0.02309638677557757
1285	7	-0.00622907107665327
1285	8	-7.518244386517381E-4
1285	9	0.04618817128667274
1285	10-14	0.028043314483369386
1285	15-19	0.014520546115427635
1285	20-24	0.038034312621157085
1285	25-29	0.024596666572470838
1285	30-34	0.025604342500315624
1285	35-39	0.01671465571156716
1285	40-44	0.014532672448375195
1285	45-49	0.002995463529742892
1285	50-54	0.009808765722453927
1285	55-59	0.02101053739911407
1285	60-64	0.021562374270935436
1285	65-69	0.019902384908704107
1285	70-74	0.012479795004537664
1285	75-79	0.023105459264385786
1285	80-84	0.009559811535126528
1285	85-89	0.021682044429752523
1285	90-94	0.007728312324509545
1285	95-99	0.01472997747433169
1285	100-104	0.017327185590538363
1285	105-109	-0.008177199564599391
1285	110-114	-0.0014047738741993498
1285	115-119	0.022292791225808628
1285	120-124	0.02776371393427013
1285	125-129	0.02125085820738093
1285	130-134	0.04667052049445175
1285	135-139	0.05411178105209302
1285	140-144	0.041362621396523025
1285	145-149	0.054152879568718504
1285	150-151	0.07966265330910005
1286	1	-0.2620562879099353
1286	2	-0.03292952738637922
1286	3	-0.09569037088594712
1286	4	-0.09286926188915601
1286	5	-0.07243282707780452
1286	6	-0.02514808985746697
1286	7	-0.017219994587065912
1286	8	-0.014238666829449187
1286	9	-0.023084180858269576
1286	10-14	0.01853209258133859
1286	15-19	-0.00157936871244857
1286	20-24	0.005176301801974148
1286	25-29	0.009378827474435525
1286	30-34	0.0067807098311121194
1286	35-39	0.006637351184451745
1286	40-44	-0.007582502790917545
1286	45-49	-0.01375701165149934
1286	50-54	-0.008511007611424759
1286	55-59	-4.203870376073837E-4
1286	60-64	-0.0048873196607530645
1286	65-69	-0.0071000391934319396
1286	70-74	-0.004562648165737926
1286	75-79	2.7111721049521975E-4
1286	80-84	-0.010754284423512672
1286	85-89	-0.0017375784553195217
1286	90-94	0.0014301382597139423
1286	95-99	-4.1915246324464306E-4
1286	100-104	-1.475529664034525E-4
1286	105-109	-0.0033286396620511027
1286	110-114	-0.00668552685174717
1286	115-119	0.02570205565724848
1286	120-124	0.02067072353228383
1286	125-129	0.022076406077346178
1286	130-134	0.03946121759141619
1286	135-139	0.05779462741477914
1286	140-144	0.05237000682686954
1286	145-149	0.05976980842164181
1286	150-151	0.09689998119843324
1287	1	-0.16980054496053754
1287	2	-0.11423524137907037
1287	3	-0.0031189094960524244
1287	4	-0.04020156257084295
1287	5	4.258007331117142E-4
1287	6	-0.006108086234384302
1287	7	-0.03842819905261763
1287	8	1.5783551496895143E-5
1287	9	0.02966421953893672
1287	10-14	0.03029697745882487
1287	15-19	-0.001427924406023351
1287	20-24	0.010686756595028157
1287	25-29	-0.0055717300432220895
1287	30-34	0.004543970683002385
1287	35-39	-0.0027114477946383886
1287	40-44	-0.011989402111012737
1287	45-49	-0.009733284648341112
1287	50-54	-0.003259456713585962
1287	55-59	-0.012455638230555621
1287	60-64	-0.001442456661010283
1287	65-69	0.008955754235721258
1287	70-74	-0.0032948878005925053
1287	75-79	0.010033295768153039
1287	80-84	0.0030991091538297155
1287	85-89	-0.010531831764822641
1287	90-94	-0.008199827209182331
1287	95-99	-0.012495609561575804
1287	100-104	0.008841996893927728
1287	105-109	-0.020696756632375468
1287	110-114	2.9874355860926016E-4
1287	115-119	0.016641826521997416
1287	120-124	0.021161798538123833
1287	125-129	0.02556133790055526
1287	130-134	0.03920853861551876
1287	135-139	0.049513733704415586
1287	140-144	0.03518155853359417
1287	145-149	0.055886778443699825
1287	150-151	0.0954221738334482
1288	1	-0.29161092559273527
1288	2	-0.09017641178526503
1288	3	-0.027418536467912702
1288	4	-0.10583451591349302
1288	5	0.013851484862961172
1288	6	0.04433295146189664
1288	7	0.0036476334689723444
1288	8	0.007053295598723253
1288	9	2.966785465474686E-4
1288	10-14	0.016876198478136928
1288	15-19	-0.00922113987004991
1288	20-24	0.0031048746874375865
1288	25-29	-0.004898336734072473
1288	30-34	0.0017748950398868146
1288	35-39	0.010470147252938489
1288	40-44	-0.00862540579527149
1288	45-49	-0.0041877592749486325
1288	50-54	-0.012669440358969553
1288	55-59	-0.022224888997804726
1288	60-64	-0.005800740374645841
1288	65-69	-0.016757720794963404
1288	70-74	-0.019910118152374423
1288	75-79	0.0016754970078736164
1288	80-84	-0.023652168576724364
1288	85-89	-0.01704228744632985
1288	90-94	-0.03705715512702312
1288	95-99	-0.015574478782603762
1288	100-104	-0.011472459694545023
1288	105-109	-0.02016235367163688
1288	110-114	-0.03038650008551258
1288	115-119	0.013210044739452087
1288	120-124	0.00559106270478793
1288	125-129	0.0212251912334267
1288	130-134	0.048227646131337565
1288	135-139	0.05978194111338553
1288	140-144	0.040615600683096886
1288	145-149	0.04399821221210942
1288	150-151	0.05967954669724662
1289	1	-0.0879907850917121
1289	2	-0.14289130495666313
1289	3	-0.0542349851627435
1289	4	-0.100553823309113
1289	5	-0.06402109715087079
1289	6	-0.02385141361978782
1289	7	-0.04522735601430128
1289	8	-0.0273159906535696
1289	9	-0.01119314449603337
1289	10-14	-0.0013327693111975236
1289	15-19	-0.0184306512383543
1289	20-24	-0.013091695282490434
1289	25-29	-0.003909958040438255
1289	30-34	-0.01254921047974733
1289	35-39	-0.00479028995888342
1289	40-44	-0.010606594457279073
1289	45-49	-0.020105272996602253
1289	50-54	-0.01718799668617521
1289	55-59	-0.012466760246326203
1289	60-64	-0.016512341783943896
1289	65-69	-0.014583233272801976
1289	70-74	-0.019997906015206013
1289	75-79	-0.0028216508527947326
1289	80-84	-0.028942660348491245
1289	85-89	-0.03988394183437549
1289	90-94	-0.024887053894900646
1289	95-99	-0.022492885119923756
1289	100-104	-0.023237732834054725
1289	105-109	-0.03471139077566221
1289	110-114	-0.013796548791177088
1289	115-119	-0.025463700746250595
1289	120-124	0.0038459273333444344
1289	125-129	-0.010756745943133694
1289	130-134	0.027109138403744737
1289	135-139	0.015534506635546563
1289	140-144	0.02193900766166479
1289	145-149	0.047641621225373854
1289	150-151	0.036846356509421696
1290	1	-0.1848343567077535
1290	2	-0.11274279657904884
1290	3	-0.07348345173642912
1290	4	-0.07716029555137993
1290	5	-0.09252715391976096
1290	6	-0.04230780749276164
1290	7	-0.04493053175167461
1290	8	-0.08442732108619566
1290	9	-0.030301225706196533
1290	10-14	-0.005253618872352206
1290	15-19	-0.019387513104256016
1290	20-24	-0.007297874603338528
1290	25-29	-0.019287527589135323
1290	30-34	-0.004556784944398373
1290	35-39	0.009398831156957499
1290	40-44	-0.017734729516000414
1290	45-49	-0.017204353669633576
1290	50-54	-0.019708354142210283
1290	55-59	-0.007387757404508477
1290	60-64	-0.008015889231131723
1290	65-69	-0.0069369992709056305
1290	70-74	0.0071998144634193295
1290	75-79	-0.0010355384777724908
1290	80-84	-0.00151503783354201
1290	85-89	-3.8708303011247835E-4
1290	90-94	-0.006428734935646219
1290	95-99	-0.00675192436758465
1290	100-104	0.013519623382208579
1290	105-109	-0.00630680515457982
1290	110-114	0.005052066511694875
1290	115-119	0.03503375344109827
1290	120-124	0.04087693859592889
1290	125-129	0.035504389184957574
1290	130-134	0.04438265536149544
1290	135-139	0.06366507076450034
1290	140-144	0.04320002220145369
1290	145-149	0.0674516402694394
1290	150-151	0.06389894528694384
1291	1	-0.36788616465562285
1291	2	-0.1514062156734184
1291	3	-0.023037146604529823
1291	4	-0.1485608571579533
1291	5	-0.07398096550974032
1291	6	-0.04497549878491469
1291	7	-0.06294452853840227
1291	8	-0.02609419397320778
1291	9	-0.024671450533254813
1291	10-14	-0.008864671356775489
1291	15-19	-0.013396390478078501
1291	20-24	-0.004038049224092788
1291	25-29	-0.007774672275559169
1291	30-34	-0.021945513260881455
1291	35-39	-0.025432377288233
1291	40-44	-0.024777026642794908
1291	45-49	-0.0263624186890965
1291	50-54	-0.0246053943681801
1291	55-59	-0.018545452372848104
1291	60-64	-0.011094024497133148
1291	65-69	-0.019402369328240354
1291	70-74	-0.02123898869719909
1291	75-79	-0.009274065228936479
1291	80-84	-0.0239000983211497
1291	85-89	-0.031345283459152995
1291	90-94	-0.023246888227390627
1291	95-99	-0.011693701571026338
1291	100-104	-0.0273772727822319
1291	105-109	-0.021064416887952575
1291	110-114	-0.019355368768216863
1291	115-119	0.006987689756869031
1291	120-124	0.018401733383981878
1291	125-129	0.011954718839994882
1291	130-134	0.031236747021246458
1291	135-139	0.02742731509833618
1291	140-144	0.004583025667862728
1291	145-149	0.025239585559681643
1291	150-151	0.033487690740038545
1292	1	-0.21148228053659324
1292	2	-0.17963819789214597
1292	3	-0.04971527274179266
1292	4	-0.18269394415348472
1292	5	-0.09615631286889936
1292	6	-0.017554675077946058
1292	7	-0.05466136131914112
1292	8	-0.05977251862674393
1292	9	-0.002347726208782319
1292	10-14	-0.00931653473895011
1292	15-19	-0.025004925870369732
1292	20-24	-0.010323722722482387
1292	25-29	-0.009865233592115885
1292	30-34	-0.015308199049520965
1292	35-39	-0.00476528312142932
1292	40-44	-0.011928968293162256
1292	45-49	-0.021365251383471673
1292	50-54	0.004102780829938979
1292	55-59	4.742849276695438E-4
1292	60-64	0.015551958637693986
1292	65-69	0.005675264608193231
1292	70-74	0.01185995679792029
1292	75-79	-0.0030001646324393505
1292	80-84	0.004709699281349344
1292	85-89	0.02210576036536338
1292	90-94	0.00914522602241874
1292	95-99	0.012954983135990972
1292	100-104	0.006592790541198212
1292	105-109	-0.0016258859891564725
1292	110-114	0.003129303457015453
1292	115-119	0.03104543193678211
1292	120-124	0.04739248561254783
1292	125-129	0.023357347338397005
1292	130-134	0.06351931046253867
1292	135-139	0.05949159048729058
1292	140-144	0.055762211378237225
1292	145-149	0.0677656667395965
1292	150-151	0.03804253857583717
1293	1	-0.26448682244340915
1293	2	-0.2691852067655134
1293	3	-0.09680597841089877
1293	4	-0.21860789240376022
1293	5	-0.13266007205989183
1293	6	-0.09156943838121379
1293	7	-0.07977314946447223
1293	8	-0.08836339379030278
1293	9	-0.03715702552305089
1293	10-14	-0.037625626511228916
1293	15-19	-0.030151265919556636
1293	20-24	-0.02353488721446695
1293	25-29	-0.032346345906312024
1293	30-34	-0.029851963309042162
1293	35-39	-0.030058043806484136
1293	40-44	-0.038765733142518854
1293	45-49	-0.029402856092197283
1293	50-54	-0.03016280009178729
1293	55-59	-0.028050776405819988
1293	60-64	-0.02556188384937741
1293	65-69	-0.023922880327162943
1293	70-74	-0.024030944213571104
1293	75-79	-0.023251829468492247
1293	80-84	-0.011264632218995985
1293	85-89	-0.013302612420169169
1293	90-94	-0.020149225695924144
1293	95-99	-0.016461351750727715
1293	100-104	-0.012831202875197789
1293	105-109	-0.014652924394688682
1293	110-114	0.004051338947064664
1293	115-119	0.015120509371705282
1293	120-124	0.018942627361937525
1293	125-129	0.009979279946968234
1293	130-134	0.058311611849752865
1293	135-139	0.058674092809738454
1293	140-144	0.039983565933404464
1293	145-149	0.05611685944874978
1293	150-151	0.0323056324619202
1294	1	-0.20795449944520072
1294	2	-0.22236864662971811
1294	3	-0.05740636505700536
1294	4	-0.21269919367021117
1294	5	-0.1545227725002647
1294	6	-0.04900173847003941
1294	7	-0.08688985603276222
1294	8	-0.10102063456258037
1294	9	-0.06631361853582263
1294	10-14	-0.03684915645888509
1294	15-19	-0.0575457561455508
1294	20-24	-0.04381433079776542
1294	25-29	-0.046065448715857826
1294	30-34	-0.05098614799618417
1294	35-39	-0.04138638887808099
1294	40-44	-0.049591237316448655
1294	45-49	-0.04749806937052625
1294	50-54	-0.054362572605619164
1294	55-59	-0.037838340763101996
1294	60-64	-0.03467246919085909
1294	65-69	-0.04273893538471185
1294	70-74	-0.031096376631559508
1294	75-79	-0.04458138163690961
1294	80-84	-0.042054399092556594
1294	85-89	-0.027936588779297722
1294	90-94	-0.04017564517345562
1294	95-99	-0.03653537183864586
1294	100-104	-0.03224996901057864
1294	105-109	-0.04297594001995719
1294	110-114	-0.05075847296822644
1294	115-119	-0.02600224339852275
1294	120-124	-0.01023937631160976
1294	125-129	-0.015156508397105029
1294	130-134	0.0024497112282588773
1294	135-139	0.013446121656812693
1294	140-144	0.011866744148321118
1294	145-149	0.03896770997640431
1294	150-151	-0.030318888752042028
1295	1	-0.3091666437082097
1295	2	-0.28260805263316513
1295	3	-0.161658612837293
1295	4	-0.31375404273079255
1295	5	-0.13086103292903317
1295	6	-0.08060061299700294
1295	7	-0.12108104003006304
1295	8	-0.14205150681350176
1295	9	-0.08186312050874989
1295	10-14	-0.0732165371227893
1295	15-19	-0.08688204807306477
1295	20-24	-0.07132342187973961
1295	25-29	-0.06330871709334218
1295	30-34	-0.06758049998805404
1295	35-39	-0.06943632991428217
1295	40-44	-0.08513833974321017
1295	45-49	-0.07697873946664657
1295	50-54	-0.07096178621475246
1295	55-59	-0.06829850513594948
1295	60-64	-0.06961988749015546
1295	65-69	-0.06548064277790644
1295	70-74	-0.06912140667403577
1295	75-79	-0.054888071396710814
1295	80-84	-0.06270559548901389
1295	85-89	-0.04447447840929897
1295	90-94	-0.06771844165195517
1295	95-99	-0.06830276037290162
1295	100-104	-0.0607361460647482
1295	105-109	-0.04683616915193056
1295	110-114	-0.05060588132717925
1295	115-119	-0.03509868718781206
1295	120-124	-0.028058749376747016
1295	125-129	-0.049006445366337914
1295	130-134	-0.02177103745018627
1295	135-139	-0.018499606948871872
1295	140-144	-0.03470646221290963
1295	145-149	-0.032274366818690226
1295	150-151	-0.10324608125078072
1296	1	-0.17369021390299366
1296	2	-0.3031058873849233
1296	3	-0.14150503389841163
1296	4	-0.3124194149419992
1296	5	-0.14800794162381692
1296	6	-0.11052866220149582
1296	7	-0.10793378699941769
1296	8	-0.13876785641949851
1296	9	-0.06304194983029987
1296	10-14	-0.059267268738658174
1296	15-19	-0.08042183576103668
1296	20-24	-0.05658183361543223
1296	25-29	-0.056747354038911624
1296	30-34	-0.06555284689947882
1296	35-39	-0.06368123286847549
1296	40-44	-0.09019734343898733
1296	45-49	-0.0792933126144959
1296	50-54	-0.06505620878068896
1296	55-59	-0.07215736935051353
1296	60-64	-0.08119025736782248
1296	65-69	-0.08328045115482752
1296	70-74	-0.084429615432839
1296	75-79	-0.0878965219071759
1296	80-84	-0.08105772487179053
1296	85-89	-0.09593375929335224
1296	90-94	-0.08486800095656122
1296	95-99	-0.09407872318260502
1296	100-104	-0.05970384952801311
1296	105-109	-0.07223946022283911
1296	110-114	-0.05578586036646982
1296	115-119	-0.035596452394756284
1296	120-124	-0.04276283404421122
1296	125-129	-0.02432917425561243
1296	130-134	-0.020968829815181778
1296	135-139	-0.013708617398748402
1296	140-144	0.0025440924650723673
1296	145-149	0.026461313222419847
1296	150-151	-0.04320452204121494
1297	1	-0.14944981433942672
1297	2	-0.287282380027726
1297	3	-0.14783791249696776
1297	4	-0.31323729040165205
1297	5	-0.23054783966614423
1297	6	-0.1306600361585808
1297	7	-0.14951997984577048
1297	8	-0.13587249116454814
1297	9	-0.09748572592645388
1297	10-14	-0.11385145409381892
1297	15-19	-0.10683103773799729
1297	20-24	-0.08341745571245696
1297	25-29	-0.10210994136743778
1297	30-34	-0.10327459840554809
1297	35-39	-0.0889618443566107
1297	40-44	-0.12826257241999173
1297	45-49	-0.13450637653153308
1297	50-54	-0.1268325506592589
1297	55-59	-0.11176140072752361
1297	60-64	-0.1284677748266958
1297	65-69	-0.1297420439972612
1297	70-74	-0.13497999267021044
1297	75-79	-0.11873884062934081
1297	80-84	-0.13967352045506942
1297	85-89	-0.12884589134593938
1297	90-94	-0.13045285240592364
1297	95-99	-0.12040353624464473
1297	100-104	-0.11455911832733534
1297	105-109	-0.1359898092027123
1297	110-114	-0.0969967926694224
1297	115-119	-0.09559923368188095
1297	120-124	-0.07966365830436217
1297	125-129	-0.090970718347954
1297	130-134	-0.06201060829481975
1297	135-139	-0.07987778608195129
1297	140-144	-0.06664486263849767
1297	145-149	-0.04189381120896485
1297	150-151	-0.9874349301213527
1298	1	0.05130836125846372
1298	2	-0.32210511679259923
1298	3	-0.15271460044250063
1298	4	-0.3229401234609526
1298	5	-0.187084575966594
1298	6	-0.15320232999666672
1298	7	-0.17084790742904943
1298	8	-0.1782013070545858
1298	9	-0.14703831219451047
1298	10-14	-0.11175473824811633
1298	15-19	-0.12718716819716747
1298	20-24	-0.11693830599289612
1298	25-29	-0.1232581947823661
1298	30-34	-0.12224112611225735
1298	35-39	-0.11833549366583895
1298	40-44	-0.14506005983877657
1298	45-49	-0.1377644909453437
1298	50-54	-0.14971892127120157
1298	55-59	-0.1453603731271187
1298	60-64	-0.13197832172658508
1298	65-69	-0.12894625799139448
1298	70-74	-0.1426379835523619
1298	75-79	-0.15462690594053186
1298	80-84	-0.1520306796221078
1298	85-89	-0.1537185613311891
1298	90-94	-0.15032424067297256
1298	95-99	-0.15567869037526805
1298	100-104	-0.1333985907409172
1298	105-109	-0.1630954724426843
1298	110-114	-0.1259640139516165
1298	115-119	-0.1061067762017629
1298	120-124	-0.10144125496768908
1298	125-129	-0.1311984428493176
1298	130-134	-0.09581960634994147
1298	135-139	-0.07834562507323994
1298	140-144	-0.09428251760381556
1298	145-149	-0.05656191236263197
1298	150-151	-1.155547676404261
2101	1	0.1794190994088325
2101	2	0.036783384790552986
2101	3	-0.05876056816640585
2101	4	-0.13805527834900033
2101	5	-0.09601492624901198
2101	6	-0.1212829393766981
2101	7	-0.1833761811160386
2101	8	-0.20191769870233145
2101	9	-0.28836827745782756
2101	10-14	-0.26398105033514696
2101	15-19	-0.12031168871422437
2101	20-24	-0.11358636528539279
2101	25-29	-0.11078069271357549
2101	30-34	-0.12894445654055886
2101	35-39	-0.12573879120009934
2101	40-44	-0.1256327731577116
2101	45-49	-0.1112332743407407
2101	50-54	-0.10546463645101767
2101	55-59	-0.11254336786281982
2101	60-64	-0.1167494444219912
2101	65-69	-0.11793317737861742
2101	70-74	-0.13190175767546464
2101	75-79	-0.12260241583555853
2101	80-84	-0.1481656695530944
2101	85-89	-0.13682180694287638
2101	90-94	-0.1557906820912507
2101	95-99	-0.16213115063356298
2101	100-104	-0.16239696819902605
2101	105-109	-0.1536944456412499
2101	110-114	-0.1766125287158573
2101	115-119	-0.20859803053322423
2101	120-124	-0.19947610028616936
2101	125-129	-0.23256822045876646
2101	130-134	-0.23835503344834308
2101	135-139	-0.2394230744854866
2101	140-144	-0.2490237770078494
2101	145-149	-0.2506227224139437
2101	150-151	-0.2883447107643633
2102	1	0.33352333109274923
2102	2	-0.05473444684795936
2102	3	-0.0952245576765236
2102	4	-0.09657120464998314
2102	5	-0.16630174224494
2102	6	-0.16267200765542356
2102	7	-0.19104776274637203
2102	8	-0.21474717184673153
2102	9	-0.3533654372901651
2102	10-14	-0.2517552583951428
2102	15-19	-0.09759291946087245
2102	20-24	-0.09448401353923686
2102	25-29	-0.08237055376866209
2102	30-34	-0.1074899945698462
2102	35-39	-0.10484788138345635
2102	40-44	-0.0977832824920597
2102	45-49	-0.08977952969624425
2102	50-54	-0.09708834563076607
2102	55-59	-0.07955410456892054
2102	60-64	-0.10320358006620012
2102	65-69	-0.11096791971165487
2102	70-74	-0.11938380434204277
2102	75-79	-0.1289723803280225
2102	80-84	-0.13492442552170303
2102	85-89	-0.1363155688795672
2102	90-94	-0.13376944776839395
2102	95-99	-0.1460467109581458
2102	100-104	-0.16732072649571705
2102	105-109	-0.14930707097578022
2102	110-114	-0.16172272003069565
2102	115-119	-0.17909201428052768
2102	120-124	-0.1941014288327736
2102	125-129	-0.2067050204317198
2102	130-134	-0.21034989961304973
2102	135-139	-0.2121431033186454
2102	140-144	-0.2139997091944963
2102	145-149	-0.22785159744605465
2102	150-151	-0.23239326652385017
2103	1	0.2997604967259022
2103	2	0.044777157721036076
2103	3	-0.0215252195885256
2103	4	-0.06834726699791815
2103	5	-0.14261683053716467
2103	6	-0.13909090255693712
2103	7	-0.17095245424004446
2103	8	-0.17521496612464205
2103	9	-0.2989296242013424
2103	10-14	-0.21767841119130082
2103	15-19	-0.0606629762544415
2103	20-24	-0.07287134479108914
2103	25-29	-0.058021449704583006
2103	30-34	-0.07207133660927667
2103	35-39	-0.07149735062020568
2103	40-44	-0.0661102407354619
2103	45-49	-0.04645709370500839
2103	50-54	-0.050648364490676556
2103	55-59	-0.05998849766307757
2103	60-64	-0.07169293937640475
2103	65-69	-0.062195251300863674
2103	70-74	-0.07344979000903606
2103	75-79	-0.07931113281206592
2103	80-84	-0.07822386953299798
2103	85-89	-0.0850387170916207
2103	90-94	-0.08589282651627173
2103	95-99	-0.08245656141693303
2103	100-104	-0.10832065944455849
2103	105-109	-0.08710396631494177
2103	110-114	-0.09879204948968123
2103	115-119	-0.12772378551341745
2103	120-124	-0.12398792858387964
2103	125-129	-0.1299908526031075
2103	130-134	-0.1406018106045721
2103	135-139	-0.14913250232093134
2103	140-144	-0.14921843181109296
2103	145-149	-0.1554174653777025
2103	150-151	-0.15463549616359273
2104	1	0.3427325616564616
2104	2	0.0760835558151669
2104	3	-0.01786994299589395
2104	4	-0.04458901214945854
2104	5	-0.11635027267820419
2104	6	-0.09653264912069659
2104	7	-0.13823941654639071
2104	8	-0.15745543009291652
2104	9	-0.23417258886016867
2104	10-14	-0.2133467576430732
2104	15-19	-0.07731685464529647
2104	20-24	-0.07422701518898123
2104	25-29	-0.06499573524305191
2104	30-34	-0.08333278521450183
2104	35-39	-0.07914268938167623
2104	40-44	-0.08477199045622541
2104	45-49	-0.06765145214051671
2104	50-54	-0.07461021921020716
2104	55-59	-0.08144425798956689
2104	60-64	-0.08670825792750492
2104	65-69	-0.09600655610441322
2104	70-74	-0.08747788623173136
2104	75-79	-0.12251078739247134
2104	80-84	-0.11653807935726235
2104	85-89	-0.10721119952869174
2104	90-94	-0.10558473872332996
2104	95-99	-0.11560718197413422
2104	100-104	-0.12281822068387527
2104	105-109	-0.12277166161692321
2104	110-114	-0.14473694828807737
2104	115-119	-0.15111027993840054
2104	120-124	-0.15996693141718055
2104	125-129	-0.18800546669495333
2104	130-134	-0.2017931677398579
2104	135-139	-0.20683888561961794
2104	140-144	-0.20211650427457073
2104	145-149	-0.20454550587529496
2104	150-151	-0.2283547313442753
2105	1	0.49568168452810824
2105	2	0.00952696479531312
2105	3	-0.031433009985448734
2105	4	0.002279735848141229
2105	5	-0.05136807929870457
2105	6	-0.08964904662067852
2105	7	-0.10673938387426318
2105	8	-0.11335954385286584
2105	9	-0.20184146034011263
2105	10-14	-0.1676645352450663
2105	15-19	-0.06729864906743899
2105	20-24	-0.06079922292389739
2105	25-29	-0.04828324865805911
2105	30-34	-0.06543953381859069
2105	35-39	-0.047289832083983185
2105	40-44	-0.05696899960334889
2105	45-49	-0.056082407550512414
2105	50-54	-0.05799141721029599
2105	55-59	-0.05180968551211862
2105	60-64	-0.059462020144820826
2105	65-69	-0.052654469923574254
2105	70-74	-0.06236260306698682
2105	75-79	-0.06119327194768687
2105	80-84	-0.06846093437243894
2105	85-89	-0.05361881616592257
2105	90-94	-0.04937281237851465
2105	95-99	-0.055231116701243366
2105	100-104	-0.061370223055419615
2105	105-109	-0.06300788530148793
2105	110-114	-0.07351664696351179
2105	115-119	-0.08725292094356263
2105	120-124	-0.08083093636991379
2105	125-129	-0.10641990922594857
2105	130-134	-0.11937833501621498
2105	135-139	-0.10884720693261585
2105	140-144	-0.10788977506600617
2105	145-149	-0.12265662539670785
2105	150-151	-0.13709834258723674
2106	1	0.21688947883753684
2106	2	0.06970381662479497
2106	3	-0.008097091827018232
2106	4	0.013194214749596256
2106	5	-0.08794262221302773
2106	6	-0.049011641931528516
2106	7	-0.11203263704140909
2106	8	-0.10517311718684397
2106	9	-0.18471527327932336
2106	10-14	-0.12869924146467326
2106	15-19	-0.05353103582756091
2106	20-24	-0.05962930032951874
2106	25-29	-0.05364766140117183
2106	30-34	-0.057844658655383796
2106	35-39	-0.05311987946755892
2106	40-44	-0.050346106547017655
2106	45-49	-0.05570992912793571
2106	50-54	-0.06115659046313482
2106	55-59	-0.07809788399154627
2106	60-64	-0.07582495887861995
2106	65-69	-0.07863946036411562
2106	70-74	-0.06799913272327984
2106	75-79	-0.08397993307858087
2106	80-84	-0.08431374725527263
2106	85-89	-0.08704240602667568
2106	90-94	-0.08610421683188463
2106	95-99	-0.08589004207302509
2106	100-104	-0.09597789713021143
2106	105-109	-0.09155973154760488
2106	110-114	-0.10505772261687696
2106	115-119	-0.08083912778961633
2106	120-124	-0.09604530477559337
2106	125-129	-0.12815610622330809
2106	130-134	-0.1472755395242089
2106	135-139	-0.15014323677306152
2106	140-144	-0.1453844571361742
2106	145-149	-0.16527497267564684
2106	150-151	-0.17383251492697127
2107	1	0.4274115630363937
2107	2	0.1362023756201296
2107	3	-0.0024006549114190534
2107	4	-3.4329670341293195E-4
2107	5	0.005403681654051695
2107	6	-0.017124743963385924
2107	7	-0.04797000421729791
2107	8	-0.057843473437614534
2107	9	-0.1354250531197252
2107	10-14	-0.10144889668516299
2107	15-19	-0.05221750986139284
2107	20-24	-0.06846559338290348
2107	25-29	-0.0642877187930253
2107	30-34	-0.06063767201403891
2107	35-39	-0.07186743156317021
2107	40-44	-0.0756564170332723
2107	45-49	-0.07401487323282652
2107	50-54	-0.06962553455959153
2107	55-59	-0.06769972633718879
2107	60-64	-0.10822174931870876
2107	65-69	-0.08831526156786396
2107	70-74	-0.10226304340225312
2107	75-79	-0.10202440834044069
2107	80-84	-0.1143124848280408
2107	85-89	-0.12373163664162234
2107	90-94	-0.13380822330212538
2107	95-99	-0.12378922276675297
2107	100-104	-0.13428667819094642
2107	105-109	-0.11882140451261591
2107	110-114	-0.1426938858590816
2107	115-119	-0.15167733272203776
2107	120-124	-0.1601858628763324
2107	125-129	-0.16496736338557838
2107	130-134	-0.16265654277994201
2107	135-139	-0.1729116295595503
2107	140-144	-0.16777766708757724
2107	145-149	-0.19846096214813258
2107	150-151	-0.21315249305799
2108	1	0.3794618989596117
2108	2	0.106671380930905
2108	3	0.027595905868821546
2108	4	-0.0014360077052586462
2108	5	-0.0283597613409583
2108	6	-0.008344193300104052
2108	7	-0.06114291301850017
2108	8	-0.0385189571524549
2108	9	-0.10920748862992724
2108	10-14	-0.07414309866236124
2108	15-19	-0.02337880489120181
2108	20-24	-0.03969939838530223
2108	25-29	-0.028499624578870453
2108	30-34	-0.045254545408390356
2108	35-39	-0.04528709432914013
2108	40-44	-0.03186998272053643
2108	45-49	-0.037868753653036435
2108	50-54	-0.050036939168847994
2108	55-59	-0.04110409185091868
2108	60-64	-0.05722510469139763
2108	65-69	-0.05083970327340381
2108	70-74	-0.04964991402240315
2108	75-79	-0.051042640370773995
2108	80-84	-0.054298523669416454
2108	85-89	-0.05913893570652817
2108	90-94	-0.05170904243362173
2108	95-99	-0.06264734738875433
2108	100-104	-0.07706902660321902
2108	105-109	-0.04715140324647393
2108	110-114	-0.07129495803950903
2108	115-119	-0.07012825729309213
2108	120-124	-0.06675793570926913
2108	125-129	-0.07384849858845399
2108	130-134	-0.07110218375868271
2108	135-139	-0.0637859252250692
2108	140-144	-0.08786305824098406
2108	145-149	-0.09370936316334877
2108	150-151	-0.06457798463558362
2109	1	0.4691134634410119
2109	2	0.08555257882798628
2109	3	-0.01875781603793314
2109	4	-0.018110309958125015
2109	5	-0.09618679470968061
2109	6	-0.07364549249249563
2109	7	-0.10119641060177997
2109	8	-0.07204948252926613
2109	9	-0.13013943529925598
2109	10-14	-0.11212127854638254
2109	15-19	-0.0464701195763908
2109	20-24	-0.04025464920998445
2109	25-29	-0.024050889662184716
2109	30-34	-0.03523334237243603
2109	35-39	-0.03463206491914406
2109	40-44	-0.05163949882867769
2109	45-49	-0.037504458277389574
2109	50-54	-0.02253793127562176
2109	55-59	-0.011380084529058365
2109	60-64	-0.025287331429176163
2109	65-69	-0.04380567660805923
2109	70-74	-0.03531586872693282
2109	75-79	-0.038636769314884134
2109	80-84	-0.0370204248853625
2109	85-89	-0.04244457662135659
2109	90-94	-0.05320905940158127
2109	95-99	-0.06752402834313642
2109	100-104	-0.08170494938718775
2109	105-109	-0.07906274803076485
2109	110-114	-0.06202243375280858
2109	115-119	-0.07592468529315255
2109	120-124	-0.07545736856354779
2109	125-129	-0.0739489455039859
2109	130-134	-0.0917502008956319
2109	135-139	-0.09907882354121966
2109	140-144	-0.09930664112813048
2109	145-149	-0.09600423599707852
2109	150-151	-0.1081542490782681
2110	1	0.4145947627308928
2110	2	0.11202817384919683
2110	3	0.0048634560882092615
2110	4	-0.03690895089797408
2110	5	-0.03396302020193076
2110	6	-0.02000017877458049
2110	7	-0.0647452653018874
2110	8	-0.03398027697999595
2110	9	-0.09705525960802674
2110	10-14	-0.09154770705858795
2110	15-19	-0.035909384340804706
2110	20-24	-0.04737438183118314
2110	25-29	-0.039224672089694934
2110	30-34	-0.03869767467993057
2110	35-39	-0.05401646423630524
2110	40-44	-0.0676654814360873
2110	45-49	-0.06365367160327651
2110	50-54	-0.044581086744450715
2110	55-59	-0.05056049453404654
2110	60-64	-0.056985271838428275
2110	65-69	-0.055649736746921974
2110	70-74	-0.08339165837551121
2110	75-79	-0.06217657367810148
2110	80-84	-0.05625367971905604
2110	85-89	-0.051246167268530485
2110	90-94	-0.058724856274800175
2110	95-99	-0.07869998583460358
2110	100-104	-0.0937609879098602
2110	105-109	-0.07017944333004777
2110	110-114	-0.0760976971759817
2110	115-119	-0.0952390850146756
2110	120-124	-0.08293795722315878
2110	125-129	-0.11165397025221324
2110	130-134	-0.11859985455267719
2110	135-139	-0.1066927994767255
2110	140-144	-0.11900741180821228
2110	145-149	-0.12116036678160214
2110	150-151	-0.14169185567110532
2111	1	0.2839197869951775
2111	2	0.09466894976873164
2111	3	0.05692316923738616
2111	4	-0.008785158458117337
2111	5	0.018281041986767832
2111	6	0.007580834908544887
2111	7	-0.0388051865196104
2111	8	0.002290891171810472
2111	9	-0.10709577011861882
2111	10-14	-0.0804726972601486
2111	15-19	-0.04192086557524277
2111	20-24	-0.04790321772583894
2111	25-29	-0.04281044014603452
2111	30-34	-0.05284404591510139
2111	35-39	-0.04935812420291086
2111	40-44	-0.05166070797257305
2111	45-49	-0.04188456148912678
2111	50-54	-0.053246040899935565
2111	55-59	-0.056899276981475566
2111	60-64	-0.04835704654231421
2111	65-69	-0.07506720506996345
2111	70-74	-0.06621782514906016
2111	75-79	-0.0717428499899313
2111	80-84	-0.07148398029124792
2111	85-89	-0.08345281658787229
2111	90-94	-0.06604866491338157
2111	95-99	-0.07921461893560888
2111	100-104	-0.08900704136024729
2111	105-109	-0.09286672380948602
2111	110-114	-0.1030359467046793
2111	115-119	-0.11631702856452364
2111	120-124	-0.11878838945789738
2111	125-129	-0.14066971024485753
2111	130-134	-0.16622050491968565
2111	135-139	-0.13426468298754202
2111	140-144	-0.12410907000301563
2111	145-149	-0.15537992792125266
2111	150-151	-0.1569144928995101
2112	1	0.39971054757259594
2112	2	0.08601309554158831
2112	3	0.06344548487628998
2112	4	-0.04011819203456213
2112	5	-0.006496122979548602
2112	6	0.0035081554087526
2112	7	-0.061051930888503136
2112	8	-0.07824779614985289
2112	9	-0.18072751966710854
2112	10-14	-0.14359067427702144
2112	15-19	-0.04144837660388845
2112	20-24	-0.052774105111623726
2112	25-29	-0.04866206979509258
2112	30-34	-0.04846868735650389
2112	35-39	-0.04902777866752217
2112	40-44	-0.05775307269952634
2112	45-49	-0.04580177037708211
2112	50-54	-0.045060098587299535
2112	55-59	-0.047527293046719876
2112	60-64	-0.031411637981491936
2112	65-69	-0.05183067543683961
2112	70-74	-0.05726015234429127
2112	75-79	-0.07020130712897554
2112	80-84	-0.0830101315438867
2112	85-89	-0.07562331749165452
2112	90-94	-0.07088722004332482
2112	95-99	-0.08020694282258489
2112	100-104	-0.0860183295500434
2112	105-109	-0.07318167863602554
2112	110-114	-0.07471236072012744
2112	115-119	-0.08234678674687501
2112	120-124	-0.09471367117586738
2112	125-129	-0.09340962564559163
2112	130-134	-0.12397294582429907
2112	135-139	-0.11315014299801618
2112	140-144	-0.09581315134018809
2112	145-149	-0.16546970219857116
2112	150-151	-0.12432773538781561
2113	1	0.4189839166571261
2113	2	0.12428149411638145
2113	3	0.052458550091991185
2113	4	-0.054325463375121785
2113	5	0.004557135586800598
2113	6	-0.040144535176978025
2113	7	-0.07480242546554194
2113	8	-0.09408434493234807
2113	9	-0.18568777965279537
2113	10-14	-0.1443075457377816
2113	15-19	-0.05606756171702898
2113	20-24	-0.0494226803790454
2113	25-29	-0.04034329959237226
2113	30-34	-0.05242197119643777
2113	35-39	-0.041287661052336944
2113	40-44	-0.04507680266042513
2113	45-49	-0.031225781527673746
2113	50-54	-0.045252261054415044
2113	55-59	-0.04234428811582802
2113	60-64	-0.05658395556081075
2113	65-69	-0.057631926614391205
2113	70-74	-0.06483594952829463
2113	75-79	-0.05528123176248556
2113	80-84	-0.06946927824493798
2113	85-89	-0.04813338506023257
2113	90-94	-0.056710864301813046
2113	95-99	-0.07404416351302956
2113	100-104	-0.10458723076979481
2113	105-109	-0.08717763531769407
2113	110-114	-0.1067770855471224
2113	115-119	-0.12366646283986427
2113	120-124	-0.13965525369223286
2113	125-129	-0.16250681441443504
2113	130-134	-0.1702518714774257
2113	135-139	-0.19865809229873577
2113	140-144	-0.19728171893185475
2113	145-149	-0.21435277135851294
2113	150-151	-0.22905404760700065
2114	1	0.41430933081701227
2114	2	0.07734427353070572
2114	3	-0.018150855824785594
2114	4	-0.05110560720874702
2114	5	-0.04317167814622991
2114	6	-0.0473476010742786
2114	7	-0.11285851456798923
2114	8	-0.11762255785074416
2114	9	-0.19869255984257705
2114	10-14	-0.19942502693431408
2114	15-19	-0.050847626712176464
2114	20-24	-0.05525294981925555
2114	25-29	-0.04671454644827833
2114	30-34	-0.06208660144309874
2114	35-39	-0.06400830906363808
2114	40-44	-0.05496363604674315
2114	45-49	-0.04917101279581715
2114	50-54	-0.04727217228447955
2114	55-59	-0.04231837246718584
2114	60-64	-0.04618696641073683
2114	65-69	-0.0646735034859276
2114	70-74	-0.06033954564227173
2114	75-79	-0.06838355472166313
2114	80-84	-0.09478475119883001
2114	85-89	-0.07798744724607332
2114	90-94	-0.09173354358768648
2114	95-99	-0.09362389730218013
2114	100-104	-0.1183127638602457
2114	105-109	-0.09890413805568699
2114	110-114	-0.13274897896197047
2114	115-119	-0.13107788203009818
2114	120-124	-0.12851303533812342
2114	125-129	-0.15185702443750415
2114	130-134	-0.1634608232933985
2114	135-139	-0.16588865224473892
2114	140-144	-0.21902029703942105
2114	145-149	-0.19331763851913308
2114	150-151	-0.21466221694573306
2115	1	0.3779100829683273
2115	2	0.1349855231610988
2115	3	-0.0014514909525402686
2115	4	-0.12543118752203242
2115	5	-0.1114780226964811
2115	6	-0.10063761951539618
2115	7	-0.1692804119789315
2115	8	-0.16259539038340876
2115	9	-0.25464713366964986
2115	10-14	-0.22276362793748206
2115	15-19	-0.06791641949829597
2115	20-24	-0.05080214590248033
2115	25-29	-0.025629236947118272
2115	30-34	-0.07192592879044923
2115	35-39	-0.06164836715866784
2115	40-44	-0.06072230642631382
2115	45-49	-0.03865037264454685
2115	50-54	-0.051278766681747356
2115	55-59	-0.05753153964219848
2115	60-64	-0.0603387489633036
2115	65-69	-0.06317578830861947
2115	70-74	-0.060661838599500584
2115	75-79	-0.05492974861380162
2115	80-84	-0.08095867125891232
2115	85-89	-0.07467025856558251
2115	90-94	-0.08680315648649639
2115	95-99	-0.0916177232653439
2115	100-104	-0.10601617100823546
2115	105-109	-0.09654928366105509
2115	110-114	-0.10146252917777332
2115	115-119	-0.11801821549490654
2115	120-124	-0.1303478597665375
2115	125-129	-0.11844507938261017
2115	130-134	-0.13927210460990835
2115	135-139	-0.1570375811287903
2115	140-144	-0.1397982911757083
2115	145-149	-0.1918984310995384
2115	150-151	-0.18993379235504193
2116	1	0.2082709865353749
2116	2	0.07925650448346033
2116	3	0.01551259379092329
2116	4	-0.13732717857618582
2116	5	-0.0887101691364478
2116	6	-0.12263312592467202
2116	7	-0.157618221851493
2116	8	-0.17982534114649695
2116	9	-0.28230730447491936
2116	10-14	-0.23785912931732156
2116	15-19	-0.060214439065831016
2116	20-24	-0.05759083891217642
2116	25-29	-0.05432129407412134
2116	30-34	-0.06528179662973344
2116	35-39	-0.07592273284880235
2116	40-44	-0.07103354632562286
2116	45-49	-0.06167779961949549
2116	50-54	-0.056722303170573696
2116	55-59	-0.06630458354839419
2116	60-64	-0.08960099615875805
2116	65-69	-0.08410635398931277
2116	70-74	-0.07457995050008748
2116	75-79	-0.08850322617106343
2116	80-84	-0.11121226874757895
2116	85-89	-0.09357870203967167
2116	90-94	-0.10349407560963897
2116	95-99	-0.1306139216341009
2116	100-104	-0.145571596382851
2116	105-109	-0.12315894407969097
2116	110-114	-0.13670741018957955
2116	115-119	-0.1869035680996376
2116	120-124	-0.18738025803363456
2116	125-129	-0.21045621584999452
2116	130-134	-0.236867192857666
2116	135-139	-0.24635184331877724
2116	140-144	-0.24751495103878796
2116	145-149	-0.2879052395460633
2116	150-151	-0.34659320452554
2117	1	0.4177411617962363
2117	2	0.11681267258827432
2117	3	-0.022888296295811017
2117	4	-0.06449460492023462
2117	5	-0.048125030638033195
2117	6	-0.09613614707923546
2117	7	-0.12031590959065852
2117	8	-0.1279675108090217
2117	9	-0.3181550747334967
2117	10-14	-0.25583252151195524
2117	15-19	-0.09541474879438994
2117	20-24	-0.08157524724543208
2117	25-29	-0.08033747779110456
2117	30-34	-0.12489451351041936
2117	35-39	-0.10593596355199963
2117	40-44	-0.12874850107325386
2117	45-49	-0.13022605067757098
2117	50-54	-0.10003474366622811
2117	55-59	-0.11168431093810938
2117	60-64	-0.11263692204774856
2117	65-69	-0.1153091633545813
2117	70-74	-0.11961392264954185
2117	75-79	-0.12480450085754313
2117	80-84	-0.135469746998524
2117	85-89	-0.14245268067203654
2117	90-94	-0.13777671146476678
2117	95-99	-0.14415819154535114
2117	100-104	-0.15202413668615122
2117	105-109	-0.14875226781644102
2117	110-114	-0.15900020410504112
2117	115-119	-0.18779778911431322
2117	120-124	-0.19923926976714768
2117	125-129	-0.19867437666923848
2117	130-134	-0.2019624979000838
2117	135-139	-0.23362645810311022
2117	140-144	-0.2403161179987734
2117	145-149	-0.26911326058819895
2117	150-151	-0.283200369076944
2118	1	0.48621035912506727
2118	2	0.07215710337158754
2118	3	-0.008436220654871818
2118	4	-0.05016385134798895
2118	5	-0.0029698006032390367
2118	6	-0.032788061093988574
2118	7	-0.10284470751506802
2118	8	-0.10899950058947638
2118	9	-0.20114572356359162
2118	10-14	-0.18930220910873174
2118	15-19	-0.06018973591398691
2118	20-24	-0.06345233375161996
2118	25-29	-0.05951965784180402
2118	30-34	-0.14682553555108058
2118	35-39	-0.36783423038063745
2118	40-44	-0.1339719401566768
2118	45-49	-0.0862763705820484
2118	50-54	-0.08008196345672758
2118	55-59	-0.08635100601539847
2118	60-64	-0.08711578623378813
2118	65-69	-0.08860053953789304
2118	70-74	-0.08545526207831244
2118	75-79	-0.09205957503046136
2118	80-84	-0.11537373093818815
2118	85-89	-0.11177228772941561
2118	90-94	-0.10405303401488908
2118	95-99	-0.11100439832378584
2118	100-104	-0.1310495862927823
2118	105-109	-0.11454288578774197
2118	110-114	-0.13596447061233619
2118	115-119	-0.1760538627368362
2118	120-124	-0.16848110208184863
2118	125-129	-0.19593055580035212
2118	130-134	-0.20530825300393474
2118	135-139	-0.20793153975180445
2118	140-144	-0.20372459493336947
2118	145-149	-0.23422578150824336
2118	150-151	-0.262440984409686
2119	1	0.40455008294858175
2119	2	0.13033892785426815
2119	3	0.017669423339029322
2119	4	-0.035372722376457943
2119	5	-0.0023355002489395815
2119	6	-0.016384936785051707
2119	7	-0.042412637846865664
2119	8	-0.04330940028989261
2119	9	-0.1909627335523183
2119	10-14	-0.139637475458386
2119	15-19	-0.037153729239989275
2119	20-24	-0.029718699070485854
2119	25-29	-0.03218497683374011
2119	30-34	-0.0407284652758193
2119	35-39	-0.04897219122989327
2119	40-44	-0.03804356672581122
2119	45-49	-0.030786721859605848
2119	50-54	-0.038809866648477964
2119	55-59	-0.048411897535835635
2119	60-64	-0.050248687358610766
2119	65-69	-0.05964856214081493
2119	70-74	-0.06733223634752505
2119	75-79	-0.06969845428341159
2119	80-84	-0.08669809851503629
2119	85-89	-0.08053633350513678
2119	90-94	-0.08680075439499291
2119	95-99	-0.09685002868864245
2119	100-104	-0.10737518801194312
2119	105-109	-0.096306783772107
2119	110-114	-0.10086001031663017
2119	115-119	-0.12950115253683236
2119	120-124	-0.13251082279392534
2119	125-129	-0.1411321518600559
2119	130-134	-0.1418633310381452
2119	135-139	-0.1738889289452672
2119	140-144	-0.17479660876831815
2119	145-149	-0.20277350464341737
2119	150-151	-0.21519664125641214
2120	1	0.39811147662484103
2120	2	0.16209796134744892
2120	3	0.03979217983681593
2120	4	-0.02949716553867887
2120	5	0.008424535568764213
2120	6	-0.012698399467076626
2120	7	-0.034675151085018285
2120	8	-0.062115260866640654
2120	9	-0.18520730800944563
2120	10-14	-0.1294239994081039
2120	15-19	-0.024076959709532275
2120	20-24	-0.02564389326811778
2120	25-29	-0.027707364883042374
2120	30-34	-0.03610731487973595
2120	35-39	-0.028718119003777076
2120	40-44	-0.024089472954976543
2120	45-49	-0.022893993580609617
2120	50-54	-0.025074807279963807
2120	55-59	-0.01864266717753793
2120	60-64	-0.03912385023564724
2120	65-69	-0.05036448519522452
2120	70-74	-0.04324958593762318
2120	75-79	-0.05633584913874756
2120	80-84	-0.05182666820162041
2120	85-89	-0.05953888499514193
2120	90-94	-0.07091935944838923
2120	95-99	-0.06975277980617278
2120	100-104	-0.08303901886342402
2120	105-109	-0.06508465701146093
2120	110-114	-0.06454504973746822
2120	115-119	-0.09475151813249028
2120	120-124	-0.08923663443103891
2120	125-129	-0.08578594104800175
2120	130-134	-0.09588550072756874
2120	135-139	-0.09918018195259037
2120	140-144	-0.10358976099846018
2120	145-149	-0.13794872859066487
2120	150-151	-0.1527371494205383
2121	1	0.24877018389884853
2121	2	0.11881607842738617
2121	3	-0.002582358523284256
2121	4	0.03254715036513289
2121	5	0.005735390977740451
2121	6	-0.015992668070822447
2121	7	-0.06330937243995294
2121	8	-0.03109116192342043
2121	9	-0.08366724696334416
2121	10-14	-0.09277484481218323
2121	15-19	-0.02809614410735861
2121	20-24	-0.02003152143751663
2121	25-29	-0.024968610088357934
2121	30-34	-0.03906199688761092
2121	35-39	-0.033748301069707054
2121	40-44	-0.03672078948638813
2121	45-49	-0.03241324736442408
2121	50-54	-0.031078067094078676
2121	55-59	-0.02970077494176593
2121	60-64	-0.044740566518321145
2121	65-69	-0.050062465139866674
2121	70-74	-0.05635524898376332
2121	75-79	-0.05255342538261942
2121	80-84	-0.06745018040908946
2121	85-89	-0.04898369472245179
2121	90-94	-0.06258820971986978
2121	95-99	-0.07233451000914215
2121	100-104	-0.0865759078627164
2121	105-109	-0.08229763074820085
2121	110-114	-0.11355817186887407
2121	115-119	-0.10694558029993573
2121	120-124	-0.12177065284693356
2121	125-129	-0.1210217417723527
2121	130-134	-0.13842252987083015
2121	135-139	-0.14340954041573895
2121	140-144	-0.1582143973904948
2121	145-149	-0.15817187882555572
2121	150-151	-0.16154809312880758
2122	1	0.4521608220594331
2122	2	0.11771008294469709
2122	3	0.03279585157663689
2122	4	-0.011719632168968985
2122	5	0.026246419187614833
2122	6	0.0073475853719315865
2122	7	-0.05213930026561542
2122	8	-0.03281690876323751
2122	9	-0.11737281504018426
2122	10-14	-0.11890642196146217
2122	15-19	-0.024331609155495926
2122	20-24	-0.022662512462886752
2122	25-29	-0.016407074105835306
2122	30-34	-0.037097450277364885
2122	35-39	-0.032893595040675905
2122	40-44	-0.027645162858618733
2122	45-49	-0.031715939068163834
2122	50-54	-0.029218492616983838
2122	55-59	-0.022956140278473924
2122	60-64	-0.029342490851114178
2122	65-69	-0.047755108380272304
2122	70-74	-0.05879089467079979
2122	75-79	-0.06560485793293935
2122	80-84	-0.05625677628535897
2122	85-89	-0.045737238010666204
2122	90-94	-0.05047886793294509
2122	95-99	-0.0745990482753669
2122	100-104	-0.07185928557042587
2122	105-109	-0.048246940429109486
2122	110-114	-0.056315443766976614
2122	115-119	-0.08149740907807512
2122	120-124	-0.0881174532407556
2122	125-129	-0.10690175723633644
2122	130-134	-0.1323703713670028
2122	135-139	-0.11832068355515446
2122	140-144	-0.10662384128377056
2122	145-149	-0.12814719234390992
2122	150-151	-0.15712569481020466
2123	1	0.39349552476162586
2123	2	0.1160404810919573
2123	3	0.08015027644596984
2123	4	0.03526935052204294
2123	5	-0.018617081752786646
2123	6	-0.040131135316450184
2123	7	-0.03638109712585447
2123	8	-0.054287601094266336
2123	9	-0.09162367796936621
2123	10-14	-0.07674685579210205
2123	15-19	-0.023461693887817603
2123	20-24	-0.010770546366380529
2123	25-29	-0.051358056028377064
2123	30-34	-0.013141782895935705
2123	35-39	-0.014660938488376019
2123	40-44	-0.019583757069042917
2123	45-49	-0.01802191502510908
2123	50-54	-0.013712873887371302
2123	55-59	-0.0025541875364325506
2123	60-64	-0.01438738062106637
2123	65-69	-0.017979948669513135
2123	70-74	-0.015679366314991228
2123	75-79	-0.003591269705772504
2123	80-84	-0.02001615290519254
2123	85-89	-0.0016808053328105643
2123	90-94	-0.01020848085443049
2123	95-99	-0.013404679857892177
2123	100-104	-0.032783155707022615
2123	105-109	-0.027124523106166976
2123	110-114	-0.012045613255544652
2123	115-119	-0.029841919541382822
2123	120-124	-0.029666985498792542
2123	125-129	-0.023307074636868208
2123	130-134	-0.03935072203742607
2123	135-139	-0.04351504501108394
2123	140-144	-0.03057135813828893
2123	145-149	-0.04606744729256462
2123	150-151	-0.04768455103735647
2124	1	0.3856457275504539
2124	2	0.07929050290367456
2124	3	0.0063209226174691935
2124	4	-0.011189734014813268
2124	5	-1.42978364230828E-4
2124	6	-0.004167714176226411
2124	7	-0.04555656974242339
2124	8	0.015781763361481183
2124	9	-0.060581676974713616
2124	10-14	-0.06230739184516665
2124	15-19	-0.031699364136628105
2124	20-24	-0.04922504060417765
2124	25-29	-0.04553873277231446
2124	30-34	-0.06569473816229277
2124	35-39	-0.0504043950130324
2124	40-44	-0.03719033032489705
2124	45-49	-0.03980938998593331
2124	50-54	-0.040226907816276025
2124	55-59	-0.044678773541455996
2124	60-64	-0.03759342120492448
2124	65-69	-0.05209915193841397
2124	70-74	-0.0487655887403875
2124	75-79	-0.05793405889029657
2124	80-84	-0.0799129860723582
2124	85-89	-0.05980477946714302
2124	90-94	-0.07620803387754904
2124	95-99	-0.07664665957020134
2124	100-104	-0.0846302386640545
2124	105-109	-0.07463117104383343
2124	110-114	-0.08624295814626493
2124	115-119	-0.09684017827323999
2124	120-124	-0.09629545188934685
2124	125-129	-0.1199395419189031
2124	130-134	-0.11250917990234655
2124	135-139	-0.13301042523622186
2124	140-144	-0.12359811181241298
2124	145-149	-0.1342571234512704
2124	150-151	-0.13359972322866298
2125	1	0.45853080911860644
2125	2	0.13390037907625896
2125	3	0.06785753504647118
2125	4	0.0024275086603395835
2125	5	0.021244980429514726
2125	6	0.028372452618960153
2125	7	-0.019652658562712588
2125	8	-0.014095916994278923
2125	9	-0.07214938660540327
2125	10-14	-0.07719304680860262
2125	15-19	-0.032278603975264275
2125	20-24	-0.03679616081758752
2125	25-29	-0.03743048237746649
2125	30-34	-0.04993332761672775
2125	35-39	-0.04666827868473433
2125	40-44	-0.03883811341624721
2125	45-49	-0.04417790490029461
2125	50-54	-0.04627700832615744
2125	55-59	-0.04207258091120991
2125	60-64	-0.054527879312814775
2125	65-69	-0.06055619813447777
2125	70-74	-0.06271118101329165
2125	75-79	-0.0604451697821915
2125	80-84	-0.07515966871605428
2125	85-89	-0.08320734538852292
2125	90-94	-0.0701283510732722
2125	95-99	-0.08077976784120722
2125	100-104	-0.10159003758979424
2125	105-109	-0.08958594631097583
2125	110-114	-0.10866702551371077
2125	115-119	-0.10827997440357251
2125	120-124	-0.11329171065509769
2125	125-129	-0.11560887508268536
2125	130-134	-0.124183512524084
2125	135-139	-0.11947844611989922
2125	140-144	-0.11920051507102869
2125	145-149	-0.14801438359480557
2125	150-151	-0.1396732446881046
2126	1	0.48916332150490405
2126	2	0.17268999442411115
2126	3	0.03673244389325703
2126	4	0.005139616910284417
2126	5	0.05944440544194407
2126	6	0.03446188875872025
2126	7	-0.0019826232502282437
2126	8	-0.008352845031822653
2126	9	-0.08164537088660495
2126	10-14	-0.056644109815778165
2126	15-19	-0.022854915782076546
2126	20-24	-0.03245225867525647
2126	25-29	-0.04272368288928163
2126	30-34	-0.03583644776569628
2126	35-39	-0.034005255184119676
2126	40-44	-0.033285821225248924
2126	45-49	-0.0395299215591578
2126	50-54	-0.04112567818415869
2126	55-59	-0.03870817959627715
2126	60-64	-0.04027492379858444
2126	65-69	-0.06261691056567287
2126	70-74	-0.05113014146674999
2126	75-79	-0.06450094487053093
2126	80-84	-0.06739741484145156
2126	85-89	-0.07399014918355817
2126	90-94	-0.07057281545515792
2126	95-99	-0.06762052863494716
2126	100-104	-0.07600249628169564
2126	105-109	-0.09138496105536831
2126	110-114	-0.07298743824659937
2126	115-119	-0.08895445629499932
2126	120-124	-0.09352881716529993
2126	125-129	-0.10324299828113226
2126	130-134	-0.10199504564646134
2126	135-139	-0.10864000217347325
2126	140-144	-0.10987911603033496
2126	145-149	-0.12838014787283925
2126	150-151	-0.15240914974568653
2127	1	0.4730470734807497
2127	2	0.07834057356033242
2127	3	0.03540873548826795
2127	4	-0.03168230046597387
2127	5	0.041348870245855096
2127	6	-0.009548271052743473
2127	7	0.02871767688176874
2127	8	-0.009593580802551571
2127	9	-0.04935621093863318
2127	10-14	-0.057056543587343356
2127	15-19	-0.024857229224245714
2127	20-24	-0.03344414005286467
2127	25-29	-0.04074518804698357
2127	30-34	-0.04686041152525888
2127	35-39	-0.05518986775079071
2127	40-44	-0.04672920201051767
2127	45-49	-0.032504663484459684
2127	50-54	-0.03199554006070571
2127	55-59	-0.0419052780075333
2127	60-64	-0.046487190642025666
2127	65-69	-0.04768525235568433
2127	70-74	-0.048930736494583016
2127	75-79	-0.05271608077343615
2127	80-84	-0.05908027226544732
2127	85-89	-0.05788217406717422
2127	90-94	-0.0364277355982594
2127	95-99	-0.04261486394062075
2127	100-104	-0.04361418013578344
2127	105-109	-0.04036425429463719
2127	110-114	-0.030161386377230315
2127	115-119	-0.05687059573361353
2127	120-124	-0.055021592802496855
2127	125-129	-0.06048313768971525
2127	130-134	-0.07731416025381321
2127	135-139	-0.0842516226781882
2127	140-144	-0.08374774301954346
2127	145-149	-0.08403026147687598
2127	150-151	-0.0974865632165347
2128	1	0.5663832647432656
2128	2	0.12551122451539243
2128	3	0.07126491765167486
2128	4	0.036300529599692766
2128	5	0.06260192504151973
2128	6	0.01253109617329784
2128	7	-6.906278811413813E-5
2128	8	0.0033623889440903554
2128	9	-0.08372197492884936
2128	10-14	-0.07869262184288317
2128	15-19	-0.023163776467079344
2128	20-24	-0.04473540045253799
2128	25-29	-0.05129662183808392
2128	30-34	-0.07100677596051241
2128	35-39	-0.06660069090666099
2128	40-44	-0.07686437553604719
2128	45-49	-0.07028246231131874
2128	50-54	-0.07291211978765944
2128	55-59	-0.07212690231292385
2128	60-64	-0.1095615823595324
2128	65-69	-0.08539373101010739
2128	70-74	-0.11241546704484051
2128	75-79	-0.08277898522141669
2128	80-84	-0.13586449149826763
2128	85-89	-0.13578715099367855
2128	90-94	-0.1222604622315373
2128	95-99	-0.11316242319593073
2128	100-104	-0.11163672451616691
2128	105-109	-0.09070463443790544
2128	110-114	-0.09790545241612847
2128	115-119	-0.11875618001027277
2128	120-124	-0.10866472446651443
2128	125-129	-0.11724449145008009
2128	130-134	-0.1310265272518123
2128	135-139	-0.13404765625433868
2128	140-144	-0.13306966613367877
2128	145-149	-0.15521623625053138
2128	150-151	-0.15937438991060304
2129	1	0.4381612207724004
2129	2	0.0929457092976449
2129	3	0.0024919554623465956
2129	4	-0.009899818533355642
2129	5	0.022288690349419937
2129	6	0.005011433710173208
2129	7	-0.03254234611738838
2129	8	-0.036522978202334855
2129	9	-0.17052913646595158
2129	10-14	-0.12008310906659858
2129	15-19	-0.0729630715277878
2129	20-24	-0.029926658128346162
2129	25-29	-0.01509233498563134
2129	30-34	-0.0448607739942517
2129	35-39	-0.03201620808074779
2129	40-44	-0.04413742735619053
2129	45-49	-0.05621237652339772
2129	50-54	-0.018753660438143527
2129	55-59	-0.01971498213676881
2129	60-64	-0.07415114148474089
2129	65-69	-0.06453581904769834
2129	70-74	-0.07285971166616179
2129	75-79	-0.048114145009286347
2129	80-84	-0.05194828540426499
2129	85-89	-0.06779437408205524
2129	90-94	-0.06260390287479112
2129	95-99	-0.06426470364132086
2129	100-104	-0.06538629873756463
2129	105-109	-0.04762861317848177
2129	110-114	-0.07484039147574606
2129	115-119	-0.08252149011454435
2129	120-124	-0.07103039342279516
2129	125-129	-0.08387464603736561
2129	130-134	-0.10181734982259627
2129	135-139	-0.10940669281664839
2129	140-144	-0.10365079402542676
2129	145-149	-0.13195135179243067
2129	150-151	-0.12653875852769403
2130	1	0.5351807944367337
2130	2	0.10127152380812987
2130	3	0.038243099240773404
2130	4	0.0069899195061182695
2130	5	-0.07395809105372564
2130	6	-0.05343040199592508
2130	7	-0.07845205696902724
2130	8	-0.07944519232145808
2130	9	-0.16836714632901106
2130	10-14	-0.10841697802557348
2130	15-19	-0.07484562878073575
2130	20-24	-0.03267994441959132
2130	25-29	-0.02088686140456275
2130	30-34	-0.03364572055012616
2130	35-39	-0.01824754473144452
2130	40-44	-0.01225389577602698
2130	45-49	-0.010388230772626628
2130	50-54	-0.026336273460941584
2130	55-59	-0.015018833046575253
2130	60-64	-0.02626442367895976
2130	65-69	-0.02013508670448516
2130	70-74	-0.05048416398810929
2130	75-79	-0.03673891957528497
2130	80-84	-0.047122459124523175
2130	85-89	-0.03937214069087247
2130	90-94	-0.05202738302351406
2130	95-99	-0.09420846344858802
2130	100-104	-0.08158847694868143
2130	105-109	-0.06155726924975369
2130	110-114	-0.08151948165669154
2130	115-119	-0.0926419930846265
2130	120-124	-0.09418790277693034
2130	125-129	-0.11294536173664227
2130	130-134	-0.11699030041608438
2130	135-139	-0.12160228561516817
2130	140-144	-0.14128048478306
2130	145-149	-0.12783530906467888
2130	150-151	-0.11792565499792573
2131	1	0.5015208799045823
2131	2	0.1485477679439171
2131	3	0.05239306024262902
2131	4	-0.03969506089244135
2131	5	0.016754160666103246
2131	6	-0.055926312555740765
2131	7	-0.05927861506331311
2131	8	-0.053697129710322145
2131	9	-0.15202607881584385
2131	10-14	-0.14798848991777902
2131	15-19	-0.03567912255077488
2131	20-24	-0.04868896992477545
2131	25-29	-0.042593265807681746
2131	30-34	-0.04601213124573178
2131	35-39	-0.044968233654273604
2131	40-44	-0.041712017663854795
2131	45-49	-0.04578243393643078
2131	50-54	-0.041758087668952726
2131	55-59	-0.047332233645327904
2131	60-64	-0.03873705005231187
2131	65-69	-0.04040542728335339
2131	70-74	-0.045324326786250424
2131	75-79	-0.035963603896284724
2131	80-84	-0.05395466738645638
2131	85-89	-0.0453221441935554
2131	90-94	-0.05670135353785355
2131	95-99	-0.05822951782177199
2131	100-104	-0.07574116917734841
2131	105-109	-0.07724708778628298
2131	110-114	-0.09578757854721687
2131	115-119	-0.09326599146007908
2131	120-124	-0.07906842100825173
2131	125-129	-0.11068580836283815
2131	130-134	-0.08430810033117808
2131	135-139	-0.10965037481707185
2131	140-144	-0.08468070706754816
2131	145-149	-0.09215780448221977
2131	150-151	-0.10518661175611754
2132	1	0.29334609520500976
2132	2	0.12662302646627666
2132	3	0.058927898499774756
2132	4	-0.01837117020603074
2132	5	-0.0435113074597524
2132	6	-0.008099833299269221
2132	7	-0.03759875139172664
2132	8	-0.037221276306553364
2132	9	-0.13079194669152372
2132	10-14	-0.09129386069652412
2132	15-19	-0.0017553154109748448
2132	20-24	-0.0273679576007666
2132	25-29	-0.016968638843920303
2132	30-34	-0.030453050530645953
2132	35-39	-0.007778686275628388
2132	40-44	-0.01887905751943464
2132	45-49	-0.01773429572602936
2132	50-54	-0.027633146763733407
2132	55-59	-8.76235114191104E-4
2132	60-64	-0.020647118577663548
2132	65-69	-0.02287580664010136
2132	70-74	-0.02008326664664395
2132	75-79	-0.016058829889949777
2132	80-84	-0.01510040693857917
2132	85-89	0.0011892707965799332
2132	90-94	-0.01450091323923175
2132	95-99	-0.015049226227453971
2132	100-104	-0.03583043021829013
2132	105-109	-0.03741715269070767
2132	110-114	-0.025857779682965543
2132	115-119	-0.04104079318368292
2132	120-124	-0.032516040271460156
2132	125-129	-0.054982189555410343
2132	130-134	-0.08566298116923576
2132	135-139	-0.07031529718061336
2132	140-144	-0.06113675188188239
2132	145-149	-0.06958064132093966
2132	150-151	-0.08402580153551042
2133	1	0.46212566774743635
2133	2	0.14445997155661416
2133	3	-0.009503190604668532
2133	4	-0.07172619943057867
2133	5	0.002588719847857135
2133	6	-0.006150816392782588
2133	7	-0.0356843803117286
2133	8	-0.03916380666601782
2133	9	-0.07468914530203818
2133	10-14	-0.08223842235913281
2133	15-19	-0.020656668140922818
2133	20-24	-0.035501479095778166
2133	25-29	-0.03597922943910703
2133	30-34	-0.037614535603019306
2133	35-39	-0.04562041484886947
2133	40-44	-0.036870665467631625
2133	45-49	-0.0407275623139256
2133	50-54	-0.03657994467184267
2133	55-59	-0.03715183133361677
2133	60-64	-0.03740282039013465
2133	65-69	-0.05415337633774442
2133	70-74	-0.055649827644501215
2133	75-79	-0.07363730678966363
2133	80-84	-0.07244645117239656
2133	85-89	-0.07711045919187143
2133	90-94	-0.05489452397392114
2133	95-99	-0.06087841586511189
2133	100-104	-0.05855315286010665
2133	105-109	-0.05673199358345471
2133	110-114	-0.06805295179236737
2133	115-119	-0.07347227824971725
2133	120-124	-0.08189817001304078
2133	125-129	-0.09485356449866345
2133	130-134	-0.09697230516839994
2133	135-139	-0.11558757593249425
2133	140-144	-0.10002827692981242
2133	145-149	-0.11933072459438421
2133	150-151	-0.10500178562302409
2134	1	0.31539936233476595
2134	2	0.14957830014208895
2134	3	0.05554449247233606
2134	4	-0.038416163747022836
2134	5	-0.005956559914388038
2134	6	-0.04302656307294228
2134	7	-0.058430584362092475
2134	8	-0.05402157811677455
2134	9	-0.13899930777294145
2134	10-14	-0.11201632320320698
2134	15-19	-0.02417690360071134
2134	20-24	-0.026531156040540793
2134	25-29	-0.029266327015683657
2134	30-34	-0.037777008100619014
2134	35-39	-0.03633256209793956
2134	40-44	-0.04228069365045428
2134	45-49	-0.026086535245596565
2134	50-54	-0.05550644246019232
2134	55-59	-0.044146807301238766
2134	60-64	-0.048760470707037484
2134	65-69	-0.06130507862128809
2134	70-74	-0.05686331408168144
2134	75-79	-0.06239402069287081
2134	80-84	-0.08290758194248582
2134	85-89	-0.06839124720014667
2134	90-94	-0.06453445228236632
2134	95-99	-0.06693120329940427
2134	100-104	-0.1038585611679963
2134	105-109	-0.08345707710503802
2134	110-114	-0.1026765579419262
2134	115-119	-0.10474574153131044
2134	120-124	-0.12272393122130865
2134	125-129	-0.12144323497405196
2134	130-134	-0.1368256387522777
2134	135-139	-0.1327860360706623
2134	140-144	-0.14301201415436537
2134	145-149	-0.17847211114496986
2134	150-151	-0.16630703308462103
2135	1	0.49820436225808606
2135	2	0.0997649779246288
2135	3	-6.07879282775059E-4
2135	4	-0.02864469509501788
2135	5	0.008008023035266376
2135	6	-0.005241108082778112
2135	7	-0.03468201456978193
2135	8	-0.015778170686999715
2135	9	-0.10741441939558172
2135	10-14	-0.07912325604554127
2135	15-19	-0.012433067772001039
2135	20-24	-0.027024338547519733
2135	25-29	-0.016858364852616603
2135	30-34	-0.042428152768032135
2135	35-39	-0.038690755425975
2135	40-44	-0.03726181955126151
2135	45-49	-0.04877487212035447
2135	50-54	-0.03600239159308671
2135	55-59	-0.028969202861958365
2135	60-64	-0.045395053885791015
2135	65-69	-0.03222703232550117
2135	70-74	-0.035446436431492145
2135	75-79	-0.04041519123827442
2135	80-84	-0.04854512498218355
2135	85-89	-0.03210144482396515
2135	90-94	-0.027772403103369925
2135	95-99	-0.05717842342446744
2135	100-104	-0.06228268162114148
2135	105-109	-0.05125891480999201
2135	110-114	-0.06192962169590999
2135	115-119	-0.08734372795954215
2135	120-124	-0.09137792024731795
2135	125-129	-0.10161014152627246
2135	130-134	-0.08908519667205894
2135	135-139	-0.11627687169194445
2135	140-144	-0.12562652001012964
2135	145-149	-0.15123139671652552
2135	150-151	-0.19257909644412763
2136	1	0.4855351451599361
2136	2	0.09861538131406888
2136	3	0.01662389155670496
2136	4	-0.05676928411865845
2136	5	-0.047247849180934054
2136	6	-0.02808149238931179
2136	7	-0.08409411989578075
2136	8	-0.07082627217088344
2136	9	-0.19392606548390745
2136	10-14	-0.12233747006845874
2136	15-19	-0.01927836923979953
2136	20-24	-0.039633855768649084
2136	25-29	-0.03401256428195154
2136	30-34	-0.045324202896658505
2136	35-39	-0.033973577969170776
2136	40-44	-0.02876936003571018
2136	45-49	-0.02432143364680428
2136	50-54	-0.03140895305609348
2136	55-59	-0.03488378644763657
2136	60-64	-0.02718316339508675
2136	65-69	-0.02981330609030408
2136	70-74	-0.031927650732214374
2136	75-79	-0.03901556572846232
2136	80-84	-0.05233754279326064
2136	85-89	-0.04184604726578556
2136	90-94	-0.04350807998427797
2136	95-99	-0.04768323549611608
2136	100-104	-0.05430416057631504
2136	105-109	-0.06103070479311157
2136	110-114	-0.05430560301177678
2136	115-119	-0.06697227779703496
2136	120-124	-0.08728330932567019
2136	125-129	-0.0979002084471432
2136	130-134	-0.11333743950569897
2136	135-139	-0.10985054286221896
2136	140-144	-0.12048408243019537
2136	145-149	-0.1550060943853495
2136	150-151	-0.14494349148871066
2137	1	0.46987673968368426
2137	2	0.059596164402904606
2137	3	-0.024011399143667234
2137	4	-0.09643238292876788
2137	5	-0.009352673853996407
2137	6	-0.050143189028716506
2137	7	-0.09820910713919773
2137	8	-0.06594745272084879
2137	9	-0.14964488406750576
2137	10-14	-0.13920260905804582
2137	15-19	-0.03869270008934933
2137	20-24	-0.04241142500705308
2137	25-29	-0.03427130516700316
2137	30-34	-0.05832853616981026
2137	35-39	-0.05936022676170438
2137	40-44	-0.04612085118530018
2137	45-49	-0.030038670610821328
2137	50-54	-0.03683171214394321
2137	55-59	-0.040131814221972206
2137	60-64	-0.05188496020914357
2137	65-69	-0.06882744738216218
2137	70-74	-0.06600445671931254
2137	75-79	-0.07152163846850357
2137	80-84	-0.08456217749703399
2137	85-89	-0.0750252383518486
2137	90-94	-0.06891736398856807
2137	95-99	-0.08359149597006166
2137	100-104	-0.08889649386632925
2137	105-109	-0.07925686458482062
2137	110-114	-0.07734963531557071
2137	115-119	-0.11888244112992652
2137	120-124	-0.0968188067987441
2137	125-129	-0.1290168789801669
2137	130-134	-0.13597151289362586
2137	135-139	-0.14266931999185317
2137	140-144	-0.16117322788375077
2137	145-149	-0.1616751603714377
2137	150-151	-0.19972794203589217
2138	1	0.5361342403441611
2138	2	0.12390627111547303
2138	3	0.02793307731497663
2138	4	-0.02441165264292522
2138	5	0.05108420929966684
2138	6	0.014534386648342945
2138	7	0.0011029328146960893
2138	8	-0.018540962007250528
2138	9	-0.13441878365051707
2138	10-14	-0.09932026088935686
2138	15-19	-0.005194933380714417
2138	20-24	-0.02520964568985562
2138	25-29	-0.023577273631197215
2138	30-34	-0.031006573249882763
2138	35-39	-0.022659101073870147
2138	40-44	-0.02996564606418417
2138	45-49	-0.032771392379622455
2138	50-54	-0.03125956626058013
2138	55-59	-0.028922691215626628
2138	60-64	-0.03907198484267127
2138	65-69	-0.050263522323461984
2138	70-74	-0.043295553385839014
2138	75-79	-0.04866078788722206
2138	80-84	-0.0543244039452091
2138	85-89	-0.03645217014658897
2138	90-94	-0.02541139649225954
2138	95-99	-0.03027239751116184
2138	100-104	-0.035649189133003745
2138	105-109	-0.04385375781209433
2138	110-114	-0.05608155001760906
2138	115-119	-0.06985799038630347
2138	120-124	-0.0922897537290126
2138	125-129	-0.08829470691708963
2138	130-134	-0.09289272890283229
2138	135-139	-0.11891091750175065
2138	140-144	-0.11497505389472451
2138	145-149	-0.11616368093130802
2138	150-151	-0.11568864058755679
2139	1	0.43901470785072405
2139	2	0.0815959410025826
2139	3	0.01609799010520163
2139	4	-0.0327900106768908
2139	5	0.010791423962096758
2139	6	-0.021691401148146383
2139	7	-0.05258569154852211
2139	8	-0.031257129654214566
2139	9	-0.1460983548411079
2139	10-14	-0.09738483101882878
2139	15-19	-0.02895537773231638
2139	20-24	-0.02583215665733718
2139	25-29	-0.030153217605970895
2139	30-34	-0.039864418810495295
2139	35-39	-0.04955213332885933
2139	40-44	-0.03525599810706126
2139	45-49	-0.05079408777327643
2139	50-54	-0.051073602621023895
2139	55-59	-0.05066520442886002
2139	60-64	-0.06358761137254731
2139	65-69	-0.0667229446198192
2139	70-74	-0.07137198540399226
2139	75-79	-0.08640154617295792
2139	80-84	-0.08818927865229398
2139	85-89	-0.07193048210465491
2139	90-94	-0.0769879156297506
2139	95-99	-0.09406061041450187
2139	100-104	-0.09902778992650241
2139	105-109	-0.09294162541597473
2139	110-114	-0.09763037145189202
2139	115-119	-0.11842741027938786
2139	120-124	-0.12165699328081558
2139	125-129	-0.13206272429592758
2139	130-134	-0.14255708287900148
2139	135-139	-0.15482211019161696
2139	140-144	-0.14420357497723302
2139	145-149	-0.16479917617272832
2139	150-151	-0.17629660778296596
2140	1	0.4103561636211168
2140	2	0.09135430508182907
2140	3	0.006034768234421506
2140	4	0.003043520107254949
2140	5	0.034527989471264675
2140	6	-0.007565456361668055
2140	7	-0.03840171816113269
2140	8	-0.03758569470705453
2140	9	-0.14740046461874812
2140	10-14	-0.08330915470277489
2140	15-19	-0.02541143959773251
2140	20-24	-0.02588268212723932
2140	25-29	-0.02710785531819937
2140	30-34	-0.036968799460574076
2140	35-39	-0.01701721900996489
2140	40-44	-0.024814579570254125
2140	45-49	-0.03350495270813525
2140	50-54	-0.024748889426170706
2140	55-59	-0.040482346168460026
2140	60-64	-0.032696863729732684
2140	65-69	-0.037424951221574076
2140	70-74	-0.0468586233117847
2140	75-79	-0.04483791749081689
2140	80-84	-0.06890985503316926
2140	85-89	-0.06773006388501557
2140	90-94	-0.060123465928299424
2140	95-99	-0.07054857155618066
2140	100-104	-0.07400904463553815
2140	105-109	-0.06396224241530035
2140	110-114	-0.06783750989437465
2140	115-119	-0.08421973965995022
2140	120-124	-0.08755527853017497
2140	125-129	-0.103041701112069
2140	130-134	-0.12227362499495342
2140	135-139	-0.12122894412106433
2140	140-144	-0.13263328938187158
2140	145-149	-0.16130232535653732
2140	150-151	-0.16812573259318953
2141	1	0.4260285969700206
2141	2	0.10907705099399578
2141	3	0.047041029162294024
2141	4	0.022886710251071918
2141	5	-0.05721720572516631
2141	6	0.01883940022577235
2141	7	-0.016759656279127455
2141	8	-0.03926782446610133
2141	9	-0.12519209490948668
2141	10-14	-0.07857473249911351
2141	15-19	-0.018055153313390804
2141	20-24	-0.017275000512903205
2141	25-29	-0.012565249782106491
2141	30-34	-0.0034958308640966607
2141	35-39	0.0036675465647562078
2141	40-44	0.003961476104763051
2141	45-49	-0.008415530724306564
2141	50-54	0.0037265547466915905
2141	55-59	0.002038462152647469
2141	60-64	-0.008231025379458856
2141	65-69	-0.012184243691798713
2141	70-74	-0.016877241668957765
2141	75-79	-0.027202907023728073
2141	80-84	-0.025193464098883567
2141	85-89	-0.005808521716240023
2141	90-94	-0.013192743416546193
2141	95-99	-0.01041377527830889
2141	100-104	-0.02760673343729536
2141	105-109	-0.00816835548820194
2141	110-114	-0.023499164452900345
2141	115-119	-0.030927277815820275
2141	120-124	-0.050812492640318396
2141	125-129	-0.05474310242487235
2141	130-134	-0.05714895463295733
2141	135-139	-0.07317224292161484
2141	140-144	-0.04933255226497835
2141	145-149	-0.07276172603256725
2141	150-151	-0.06645561031368885
2142	1	0.4708277818017592
2142	2	0.07957030498970852
2142	3	-0.017299426893615077
2142	4	-0.02868360463298103
2142	5	0.0036678875114972698
2142	6	0.03848790150983916
2142	7	0.008717447455850902
2142	8	0.023039204749160547
2142	9	-0.1153318943926891
2142	10-14	-0.05728551241862334
2142	15-19	-0.004401472559955266
2142	20-24	-0.011962185385982593
2142	25-29	-0.011762401505968967
2142	30-34	-0.022920142707540947
2142	35-39	-0.018092805853299865
2142	40-44	-0.02185729414816251
2142	45-49	-0.018015017582079906
2142	50-54	-0.018549652018954532
2142	55-59	-0.012394498720681213
2142	60-64	-0.034346730692440985
2142	65-69	-0.03209415624540668
2142	70-74	-0.0253754672801918
2142	75-79	-0.05053572489457281
2142	80-84	-0.03691909030707308
2142	85-89	-0.05069334249800761
2142	90-94	-0.04944390492311612
2142	95-99	-0.04453693320984797
2142	100-104	-0.043153997457963555
2142	105-109	-0.06065709677807263
2142	110-114	-0.04797716226632076
2142	115-119	-0.060519387638237276
2142	120-124	-0.06661739127280697
2142	125-129	-0.08586011243665581
2142	130-134	-0.09061468608108925
2142	135-139	-0.10562794546159182
2142	140-144	-0.10733008184035242
2142	145-149	-0.11344892253384842
2142	150-151	-0.12247528084675707
2143	1	0.30422562270214115
2143	2	0.10280667578756209
2143	3	0.07369543407596524
2143	4	-0.013117823986753763
2143	5	0.04565514696555084
2143	6	0.030963076849005233
2143	7	0.02290462692022288
2143	8	-0.022923031962434948
2143	9	-0.042805056141510534
2143	10-14	-0.026365309358780564
2143	15-19	8.180695845751984E-4
2143	20-24	-0.0036123002283474648
2143	25-29	-0.0065016944027931345
2143	30-34	-0.009652431912165582
2143	35-39	-2.7659694585935313E-4
2143	40-44	2.1728601824122507E-4
2143	45-49	-0.004308592597801919
2143	50-54	-0.01024718860075069
2143	55-59	-0.006114846992964829
2143	60-64	-0.022872157277433303
2143	65-69	-0.015106950085915116
2143	70-74	-0.021351353500385528
2143	75-79	-0.030686968886648458
2143	80-84	-0.038530183006201923
2143	85-89	-0.03700897226531907
2143	90-94	-0.03200185430628011
2143	95-99	-0.042060070215185874
2143	100-104	-0.044222668750428795
2143	105-109	-0.03407139230324674
2143	110-114	-0.05525031254322954
2143	115-119	-0.059687675248639493
2143	120-124	-0.07972592636541975
2143	125-129	-0.06936179846972124
2143	130-134	-0.08946671061887201
2143	135-139	-0.12291903636194945
2143	140-144	-0.1122171760474302
2143	145-149	-0.1244023664900169
2143	150-151	-0.08983630136390985
2144	1	0.5062810608886252
2144	2	0.15817822189071507
2144	3	0.05037216788533527
2144	4	-0.0173317462328626
2144	5	0.030363878685641055
2144	6	0.049233627202355024
2144	7	0.02290231565048373
2144	8	0.01209103613012985
2144	9	-0.046240000900311884
2144	10-14	-0.012163626389465776
2144	15-19	7.515793509043078E-4
2144	20-24	-0.019115104824948048
2144	25-29	-0.00604267877639586
2144	30-34	-0.016321061361274758
2144	35-39	0.0055833931466438
2144	40-44	-0.004654184919829163
2144	45-49	-0.003901020158103563
2144	50-54	-0.00933819845755579
2144	55-59	-0.005666577745266466
2144	60-64	-0.018421125831842744
2144	65-69	-0.01944167453286383
2144	70-74	-0.025359587426308394
2144	75-79	-0.03574095497873486
2144	80-84	-0.04538955005192946
2144	85-89	-0.04072213392399959
2144	90-94	-0.0339673583371507
2144	95-99	-0.05926038264503575
2144	100-104	-0.07205158274896206
2144	105-109	-0.05184960060458366
2144	110-114	-0.05967663637584053
2144	115-119	-0.07031125134402316
2144	120-124	-0.07035375063529159
2144	125-129	-0.07524612827553767
2144	130-134	-0.08005762874363143
2144	135-139	-0.07490605120059257
2144	140-144	-0.07849912542558712
2144	145-149	-0.11453895396576996
2144	150-151	-0.08688180923780209
2145	1	0.4841334985813077
2145	2	0.13189688709086766
2145	3	0.06836407747226048
2145	4	0.0019701968102410206
2145	5	0.03625470117294327
2145	6	0.0373605966200401
2145	7	-0.004327085675981834
2145	8	0.036417846785035124
2145	9	-0.01752119294300769
2145	10-14	-0.008972770124202611
2145	15-19	-0.0031039573549875854
2145	20-24	-0.014285577893218715
2145	25-29	3.921338925678697E-4
2145	30-34	-0.017231478647531162
2145	35-39	-0.00582753806533276
2145	40-44	-6.993136883579609E-4
2145	45-49	-0.009660981925470935
2145	50-54	-0.015537760227289255
2145	55-59	-0.01287390508325359
2145	60-64	-0.01424387813499095
2145	65-69	-0.02141451260597904
2145	70-74	-0.01978160947537333
2145	75-79	-0.007295344243154034
2145	80-84	-0.01107966492647705
2145	85-89	-0.026148377325625916
2145	90-94	-0.022181491116128882
2145	95-99	-0.02746034565962674
2145	100-104	-0.02511887126541268
2145	105-109	-0.018365622110586344
2145	110-114	-0.025631514495415786
2145	115-119	-0.03512748082853534
2145	120-124	-0.04096723620646259
2145	125-129	-0.05392415974331044
2145	130-134	-0.04461867259441732
2145	135-139	-0.05183560204611126
2145	140-144	-0.05276376310742137
2145	145-149	-0.06978692234487482
2145	150-151	-0.05543891291241465
2146	1	0.5144956529396936
2146	2	0.11101085154393786
2146	3	0.0506150924943114
2146	4	-0.014453498315610602
2146	5	0.03787748672148439
2146	6	0.06371915244339021
2146	7	0.04850850197844636
2146	8	0.05638373619617454
2146	9	-0.00794647329419007
2146	10-14	0.005579468347761463
2146	15-19	-0.007502393807023111
2146	20-24	-0.017203939718790195
2146	25-29	-0.014811981289106768
2146	30-34	-0.03262776589083671
2146	35-39	-0.03548867642756193
2146	40-44	-0.016359359148630404
2146	45-49	-0.0168170899341078
2146	50-54	-0.028024399373876463
2146	55-59	-0.021306514799952936
2146	60-64	-0.02464579402325029
2146	65-69	-0.03519164436291078
2146	70-74	-0.03100345497916379
2146	75-79	-0.03161047059583666
2146	80-84	-0.041927924773972336
2146	85-89	-0.03610597860766518
2146	90-94	-0.039464774216682486
2146	95-99	-0.0509939156471475
2146	100-104	-0.07069221079623134
2146	105-109	-0.06897352958749536
2146	110-114	-0.08289105632138671
2146	115-119	-0.1058108288822055
2146	120-124	-0.0902810195299395
2146	125-129	-0.10426429316163421
2146	130-134	-0.1154236090544245
2146	135-139	-0.12426961606917075
2146	140-144	-0.12806305589937494
2146	145-149	-0.14673380739908026
2146	150-151	-0.17083238455801109
2147	1	0.561812945260634
2147	2	0.1552408158208607
2147	3	0.06202273574285044
2147	4	0.06348380280578425
2147	5	0.033712627654779226
2147	6	0.06593489654140683
2147	7	0.041972102757235064
2147	8	0.0475371111069407
2147	9	-0.017829689165289153
2147	10-14	-0.005527836550292875
2147	15-19	-0.00814372934276264
2147	20-24	-0.02389494490923738
2147	25-29	-0.045328205804274546
2147	30-34	-0.06145880579588692
2147	35-39	-0.032232059712939076
2147	40-44	-0.04286469337378662
2147	45-49	-0.016263507216756068
2147	50-54	-0.04367314909114839
2147	55-59	-0.04899564244182386
2147	60-64	-0.027129424280246894
2147	65-69	-0.03278336770284085
2147	70-74	-0.03559017889894278
2147	75-79	-0.035644239073413075
2147	80-84	-0.027153092069539753
2147	85-89	-0.02735894274618289
2147	90-94	-0.04302944377439388
2147	95-99	-0.049630302527404524
2147	100-104	-0.03573715301532587
2147	105-109	-0.032439023968649394
2147	110-114	-0.05166668526855034
2147	115-119	-0.05818457999566817
2147	120-124	-0.06381714744844658
2147	125-129	-0.07671809251824868
2147	130-134	-0.07875343225023101
2147	135-139	-0.0654717802180258
2147	140-144	-0.0856026918479671
2147	145-149	-0.07832308523368425
2147	150-151	-0.10071527997332907
2148	1	0.4616048989126895
2148	2	0.10338412622947146
2148	3	0.04639658145788417
2148	4	0.006481948383260772
2148	5	0.02865594658695869
2148	6	0.036894759044393766
2148	7	0.009420440089343174
2148	8	0.024551629105026507
2148	9	-0.006733722924181507
2148	10-14	-0.022081284962055747
2148	15-19	-0.030275865714095573
2148	20-24	-0.018386281011537164
2148	25-29	-0.023752352063681315
2148	30-34	-0.031474125618700555
2148	35-39	-0.03776087925054128
2148	40-44	-0.048242717690428094
2148	45-49	-0.03689081999839061
2148	50-54	-0.07797993006834503
2148	55-59	-0.03539597764588365
2148	60-64	-0.03224265768484713
2148	65-69	-0.03504414960711699
2148	70-74	-0.026861812193310186
2148	75-79	-0.04742914160844691
2148	80-84	-0.03610007762629408
2148	85-89	-0.03749025247377347
2148	90-94	-0.0238778325558755
2148	95-99	-0.041827608599618316
2148	100-104	-0.0572464657175189
2148	105-109	-0.037981735449207576
2148	110-114	-0.0592418168900366
2148	115-119	-0.07104078125347257
2148	120-124	-0.056744430846286775
2148	125-129	-0.06553797060903577
2148	130-134	-0.07715311969289473
2148	135-139	-0.08226751172489344
2148	140-144	-0.09236980044046561
2148	145-149	-0.11923847600179727
2148	150-151	-0.12994710421283884
2149	1	0.5096077708611446
2149	2	0.143208841806036
2149	3	0.059526018432677574
2149	4	0.0426492060682051
2149	5	0.07726005208591147
2149	6	0.045621250990357964
2149	7	0.04887171991423145
2149	8	0.04804338771362637
2149	9	0.01886521075904568
2149	10-14	0.004101086765629702
2149	15-19	-0.011473648693090865
2149	20-24	-0.02011553100345509
2149	25-29	-0.004301044288013145
2149	30-34	-0.0030568524126337593
2149	35-39	-0.0018660243989998548
2149	40-44	-0.0044551656884976865
2149	45-49	0.0012111337477094253
2149	50-54	-0.0065187698456981025
2149	55-59	-0.009829312742986929
2149	60-64	-0.019911210972658466
2149	65-69	-0.019210984959535438
2149	70-74	-0.02091103747064693
2149	75-79	-0.00790388447591539
2149	80-84	-0.023767307018793815
2149	85-89	-0.02695924810999628
2149	90-94	-0.027529639615565316
2149	95-99	-0.030906279217226995
2149	100-104	-0.031608157046903784
2149	105-109	-0.03993676893164633
2149	110-114	-0.060818852593044426
2149	115-119	-0.06322643424589813
2149	120-124	-0.07798918813068667
2149	125-129	-0.07788009159512654
2149	130-134	-0.07680510478132163
2149	135-139	-0.0767199530095084
2149	140-144	-0.08915496458162409
2149	145-149	-0.11007355081120096
2149	150-151	-0.10441431507467769
2150	1	0.3984392143118072
2150	2	0.07579585941721945
2150	3	0.03718792888297884
2150	4	-0.003065861258875202
2150	5	0.017773956314151462
2150	6	0.021951230252390985
2150	7	-0.02511754967161295
2150	8	0.04247392445893894
2150	9	-0.029044399351448646
2150	10-14	-0.02620470102780814
2150	15-19	-0.007294215935786497
2150	20-24	-0.015132931173958752
2150	25-29	2.2949191103549538E-4
2150	30-34	-0.016131620484607367
2150	35-39	-0.019930202270913355
2150	40-44	-0.02164268561543281
2150	45-49	-0.023661637096289212
2150	50-54	-0.0179814014805757
2150	55-59	-0.03142530624420914
2150	60-64	-0.0476723625606823
2150	65-69	-0.031436438180783455
2150	70-74	-0.03919818922047824
2150	75-79	-0.04360612372631323
2150	80-84	-0.05178059790409861
2150	85-89	-0.0608982109713736
2150	90-94	-0.03205318325009188
2150	95-99	-0.03660171661201872
2150	100-104	-0.058683833762756876
2150	105-109	-0.039299932455833186
2150	110-114	-0.05289192653172137
2150	115-119	-0.07122810661705614
2150	120-124	-0.05803396135869576
2150	125-129	-0.0753385535314095
2150	130-134	-0.07819771661834096
2150	135-139	-0.07866385743216142
2150	140-144	-0.09758808376361117
2150	145-149	-0.10520775889059308
2150	150-151	-0.0864068079514837
2151	1	0.4254120943723123
2151	2	0.10455647545741442
2151	3	0.009592685348700059
2151	4	0.012524609425497601
2151	5	0.008101076745894886
2151	6	0.05069023182637977
2151	7	0.024310486116981167
2151	8	0.026480569568128942
2151	9	-0.01904709435142138
2151	10-14	-0.0023882292602053212
2151	15-19	0.012879177939709052
2151	20-24	-0.009556787371899134
2151	25-29	-0.009889628418299878
2151	30-34	-0.016774667013507383
2151	35-39	0.004988666296597444
2151	40-44	1.479586980650538E-4
2151	45-49	0.010665176467576032
2151	50-54	2.7866591159408927E-4
2151	55-59	0.002758598496860998
2151	60-64	-0.020576443945707013
2151	65-69	-0.03223075105451301
2151	70-74	-0.023424096242983694
2151	75-79	-0.012012242328943046
2151	80-84	-0.03479023657908442
2151	85-89	-0.035772787074179746
2151	90-94	-0.010900449455228056
2151	95-99	-0.03117404838862825
2151	100-104	-0.03173131373942084
2151	105-109	-0.04197779563310178
2151	110-114	-0.037244406319722145
2151	115-119	-0.07535737746492543
2151	120-124	-0.042665131016804025
2151	125-129	-0.06501051884246323
2151	130-134	-0.056680485334489106
2151	135-139	-0.06557477554957813
2151	140-144	-0.06323123225407556
2151	145-149	-0.10155114387981001
2151	150-151	-0.0719163386738444
2152	1	0.44418524374309243
2152	2	0.07518421536867947
2152	3	0.06113834513812577
2152	4	2.4683301853656303E-4
2152	5	0.024456567620212866
2152	6	0.06975942035884941
2152	7	0.03455407002506661
2152	8	0.010192714918431989
2152	9	-0.044159224241745676
2152	10-14	-0.04225746033627331
2152	15-19	-0.00393525426066077
2152	20-24	-0.01767991989198947
2152	25-29	-0.013477793387906445
2152	30-34	-0.03212738862304576
2152	35-39	-0.026189973552348533
2152	40-44	-0.027184727948394993
2152	45-49	-0.018350804927727893
2152	50-54	-0.06952397009052902
2152	55-59	-0.16340745976268778
2152	60-64	-0.05973417133902359
2152	65-69	-0.07826381898738788
2152	70-74	-0.046469331331735475
2152	75-79	-0.053816178240069235
2152	80-84	-0.0634805767785025
2152	85-89	-0.0428642738724605
2152	90-94	-0.04970619739210491
2152	95-99	-0.07374220197785064
2152	100-104	-0.10853857636720932
2152	105-109	-0.11037359187597673
2152	110-114	-0.11520767210858907
2152	115-119	-0.12219707062453722
2152	120-124	-0.10329178696741792
2152	125-129	-0.09175147270603645
2152	130-134	-0.11046228826347715
2152	135-139	-0.11458629689131783
2152	140-144	-0.12117698649344533
2152	145-149	-0.15615991057296696
2152	150-151	-0.16631756432430933
2153	1	0.4104594422083707
2153	2	0.09414411205234785
2153	3	0.03643660449587571
2153	4	0.01077277106414698
2153	5	0.06816287043078262
2153	6	0.06467386316806767
2153	7	-0.0023471877352250203
2153	8	0.052552628223388353
2153	9	-0.04909906762652838
2153	10-14	-0.03048063981269422
2153	15-19	0.007412528083861503
2153	20-24	-0.006698894564181046
2153	25-29	-0.0023957385429014266
2153	30-34	-0.00861717111894933
2153	35-39	-0.009177464658918666
2153	40-44	0.0013028248794739739
2153	45-49	-0.009050112093127893
2153	50-54	-0.014119033406117865
2153	55-59	-0.013392381875526382
2153	60-64	-0.025421930529113013
2153	65-69	-0.0169116731152954
2153	70-74	-0.016809159129472562
2153	75-79	-0.030455802924549857
2153	80-84	-0.03926444160615006
2153	85-89	-0.01704414311954139
2153	90-94	-0.023240960438471348
2153	95-99	-0.04144663442859553
2153	100-104	-0.03848788114419932
2153	105-109	-0.03774576258089013
2153	110-114	-0.03479118373751788
2153	115-119	-0.08893163935572801
2153	120-124	-0.06814740917027251
2153	125-129	-0.04189179518781572
2153	130-134	-0.05018146181487282
2153	135-139	-0.04651222995197202
2153	140-144	-0.05923661297008209
2153	145-149	-0.0632596040070652
2153	150-151	-0.03982499686191687
2154	1	0.4832941472402581
2154	2	0.1162586591940169
2154	3	0.029721393777599303
2154	4	0.007022880026454459
2154	5	0.05021513928035404
2154	6	0.06592661654332943
2154	7	0.031414852814037886
2154	8	0.053997743084643446
2154	9	-0.054264385520554015
2154	10-14	-0.0086922637056972
2154	15-19	0.013411030743661456
2154	20-24	-0.0017686115775745748
2154	25-29	0.005392398318925018
2154	30-34	0.009288028055941311
2154	35-39	0.010048444911163301
2154	40-44	0.007380547240359192
2154	45-49	0.01438509557971912
2154	50-54	0.006285131201863692
2154	55-59	0.009928393514009315
2154	60-64	0.022935625813552463
2154	65-69	0.015524639700110754
2154	70-74	-0.013007565336820903
2154	75-79	0.00971543437750455
2154	80-84	-0.032142881627805764
2154	85-89	0.006001070314773926
2154	90-94	0.014715421399976947
2154	95-99	0.015059068129467335
2154	100-104	0.004469862137774783
2154	105-109	0.011149437729898182
2154	110-114	0.0033972561440478444
2154	115-119	-0.014604689014220185
2154	120-124	-0.0350095302897202
2154	125-129	-0.08328260536430321
2154	130-134	-0.05184709778609431
2154	135-139	-0.06997472125517135
2154	140-144	-0.03817323036813747
2154	145-149	-0.08265691066615943
2154	150-151	-0.08911925604451909
2155	1	0.3453890238014665
2155	2	0.07397190507897733
2155	3	0.05048616519319182
2155	4	-0.015484262063594656
2155	5	0.007553602737779386
2155	6	0.0038730850670418704
2155	7	-0.014052717349493093
2155	8	-0.013563914109560926
2155	9	-0.07323872010302068
2155	10-14	-0.06182614965290156
2155	15-19	-0.019008871063896038
2155	20-24	-0.018552481372751117
2155	25-29	-0.020689863280743737
2155	30-34	-0.03455113263778742
2155	35-39	-0.017027077955425796
2155	40-44	-0.017939899023005523
2155	45-49	-0.021902883940398965
2155	50-54	-0.023945994990043573
2155	55-59	-0.028483388790931485
2155	60-64	-0.0269454408200005
2155	65-69	-0.03135154476715485
2155	70-74	-0.0258051111078359
2155	75-79	-0.022634470877342494
2155	80-84	-0.04230838919866642
2155	85-89	-0.03322262787807517
2155	90-94	-0.05283980945585398
2155	95-99	-0.06463052068976083
2155	100-104	-0.0790516071387728
2155	105-109	-0.06396640946716303
2155	110-114	-0.06928193612984757
2155	115-119	-0.09735172766902167
2155	120-124	-0.09119393611426574
2155	125-129	-0.11538274193146947
2155	130-134	-0.16242843813403596
2155	135-139	-0.12491191761721154
2155	140-144	-0.10167262889810047
2155	145-149	-0.11223968918721994
2155	150-151	-0.1240141461389257
2156	1	0.5073420694424584
2156	2	0.11859256766653914
2156	3	0.04767720635586414
2156	4	9.923792357398042E-4
2156	5	0.021559148894624514
2156	6	0.057969850747731755
2156	7	0.0292320427201318
2156	8	0.012029230159711801
2156	9	-0.052650954834405184
2156	10-14	-0.04184879227601357
2156	15-19	-0.008414401178647779
2156	20-24	-0.009239885204365805
2156	25-29	0.001981145773250148
2156	30-34	-0.0033966221452175205
2156	35-39	-0.01250572941516026
2156	40-44	-0.005118504499485255
2156	45-49	-0.0208988201467335
2156	50-54	-0.018342490710416826
2156	55-59	-0.02209492391547485
2156	60-64	-0.03137226345013033
2156	65-69	-0.02992621062313816
2156	70-74	-0.022545014230722416
2156	75-79	-0.032768397890698964
2156	80-84	-0.04586514240081385
2156	85-89	-0.03715166793004698
2156	90-94	-0.032653072105993886
2156	95-99	-0.040743239071979076
2156	100-104	-0.04052025494311806
2156	105-109	-0.04649170485298271
2156	110-114	-0.04414986130510812
2156	115-119	-0.047335483515652754
2156	120-124	-0.06405625635246537
2156	125-129	-0.05920465506780204
2156	130-134	-0.09385290894385179
2156	135-139	-0.11297871641687607
2156	140-144	-0.07446899285285724
2156	145-149	-0.10928041223267115
2156	150-151	-0.11566500031933202
2157	1	0.48540135323963796
2157	2	0.12403138760732446
2157	3	0.042319987954087424
2157	4	0.002637211508719872
2157	5	0.03017482629254431
2157	6	0.03270195081634597
2157	7	-0.017175982364790343
2157	8	0.014349522845165552
2157	9	-0.01396776209534778
2157	10-14	-0.026959976168548394
2157	15-19	0.008271009400935725
2157	20-24	-0.010024457241932794
2157	25-29	-0.0024361899438503087
2157	30-34	0.0011531800154784833
2157	35-39	-0.00802014830593123
2157	40-44	9.158095058481308E-4
2157	45-49	-0.007255056327743148
2157	50-54	6.409858008495917E-4
2157	55-59	0.01085059336326566
2157	60-64	3.8516529989607307E-4
2157	65-69	-0.009321318468046513
2157	70-74	-0.010942682950840776
2157	75-79	-0.004995843707263248
2157	80-84	-0.024379028691939197
2157	85-89	-0.025561851376096456
2157	90-94	-0.022245590765919587
2157	95-99	-0.013186226681469293
2157	100-104	-0.017829493979398592
2157	105-109	-0.022233688773589222
2157	110-114	-0.04123717694858442
2157	115-119	-0.03121560812961377
2157	120-124	-0.03364217576189077
2157	125-129	-0.03625423420638896
2157	130-134	-0.07192850631778214
2157	135-139	-0.06706668167336716
2157	140-144	-0.07511641155026894
2157	145-149	-0.08038328508519754
2157	150-151	-0.09441654965632296
2158	1	0.4479317355172867
2158	2	0.09737689384688508
2158	3	0.05999335894121316
2158	4	6.408037495333474E-4
2158	5	0.05271186194467248
2158	6	0.050410118344800026
2158	7	0.020807783050109663
2158	8	-0.018535256357878893
2158	9	-0.04639699941697728
2158	10-14	-0.04089859244001559
2158	15-19	0.019526037970578614
2158	20-24	0.007359884345120804
2158	25-29	0.011038116528901298
2158	30-34	0.004532639170854225
2158	35-39	0.002747572222268957
2158	40-44	0.0034993638835345564
2158	45-49	-0.004741018545217912
2158	50-54	-2.7086575700252524E-4
2158	55-59	-0.004036792541967316
2158	60-64	-0.01771847765521528
2158	65-69	-0.022617259492136554
2158	70-74	-0.018624705323354362
2158	75-79	-0.03691537618145446
2158	80-84	-0.04763964714669555
2158	85-89	-0.02953285619523882
2158	90-94	-0.041812734396351914
2158	95-99	-0.03924941665059123
2158	100-104	-0.051416622389332645
2158	105-109	-0.06243233831851569
2158	110-114	-0.06806321798224246
2158	115-119	-0.056752792896681115
2158	120-124	-0.06489968327283435
2158	125-129	-0.07808315192040993
2158	130-134	-0.08813983702989248
2158	135-139	-0.1126154693755268
2158	140-144	-0.11560993899086469
2158	145-149	-0.1359239772544143
2158	150-151	-0.13423967890161492
2159	1	0.47122953929288514
2159	2	0.09745703733933908
2159	3	-0.00550037684214999
2159	4	-0.062416867535702636
2159	5	0.024443801321211822
2159	6	0.003193735529286812
2159	7	-0.03520526470238394
2159	8	-0.01318167578061491
2159	9	-0.06271951140409016
2159	10-14	-0.05084005359793764
2159	15-19	0.012348690806845752
2159	20-24	0.009820484415648423
2159	25-29	0.011256711416770315
2159	30-34	0.016259626634841595
2159	35-39	0.00630293377493274
2159	40-44	-0.00406355094591504
2159	45-49	0.009431272030205662
2159	50-54	0.004090395887288878
2159	55-59	0.009736070068328218
2159	60-64	0.004465348372555411
2159	65-69	-0.01389318795201433
2159	70-74	0.007250712462031572
2159	75-79	0.010158226667734027
2159	80-84	-2.05543707359368E-4
2159	85-89	0.005287344432403529
2159	90-94	0.005187255766863075
2159	95-99	-0.024908248693840562
2159	100-104	-0.01253204999266444
2159	105-109	-0.017204419756261302
2159	110-114	-0.025581866670975728
2159	115-119	-0.03276421381147543
2159	120-124	-0.04890855426130969
2159	125-129	-0.042358599624186866
2159	130-134	-0.05940827982466601
2159	135-139	-0.06815033328936693
2159	140-144	-0.05899842091887564
2159	145-149	-0.059877725721264596
2159	150-151	-0.07772915290625093
2160	1	0.4509063275468961
2160	2	0.06957466443219573
2160	3	-0.005287600436609807
2160	4	0.0021832965784938096
2160	5	0.051212014244107706
2160	6	0.0212972615905187
2160	7	0.005417510684779359
2160	8	-0.0021680802700174695
2160	9	-0.05709736176897451
2160	10-14	-0.01738247279874372
2160	15-19	0.0027173949591556834
2160	20-24	-0.015043618580016016
2160	25-29	-0.007878754124121201
2160	30-34	-0.02703245741885496
2160	35-39	-0.042478607135265634
2160	40-44	-0.05204895472674309
2160	45-49	-0.043504314105859976
2160	50-54	-0.05376211764485106
2160	55-59	-0.06357807412555871
2160	60-64	-0.024644580748741873
2160	65-69	-0.025247023527896317
2160	70-74	-0.028137023074293666
2160	75-79	-0.030540292958136206
2160	80-84	-0.03259800196889273
2160	85-89	-0.03963835507637725
2160	90-94	-0.023524454780599058
2160	95-99	-0.038582007044340116
2160	100-104	-0.048590860251302104
2160	105-109	-0.02852986236579369
2160	110-114	-0.03942044643078191
2160	115-119	-0.05076965354911067
2160	120-124	-0.06580466233074844
2160	125-129	-0.07045897559759595
2160	130-134	-0.0724435887545738
2160	135-139	-0.06470811119709197
2160	140-144	-0.07927386227638067
2160	145-149	-0.10624245576288871
2160	150-151	-0.13087962319635693
2161	1	0.45472401375701565
2161	2	0.10699057541285129
2161	3	0.046274634256597835
2161	4	0.014928917881917414
2161	5	0.0288117929430598
2161	6	0.024785716227036403
2161	7	-0.013672968594569568
2161	8	3.2968921515674765E-4
2161	9	-0.05506053311757597
2161	10-14	-0.05579465193655153
2161	15-19	-0.02880800040546916
2161	20-24	-0.02180483393194521
2161	25-29	-0.025452800152578448
2161	30-34	-0.017891325456361074
2161	35-39	-0.02714833040754172
2161	40-44	-0.025116036695777666
2161	45-49	-0.03956076127951036
2161	50-54	-0.025913122529878763
2161	55-59	-0.04217073422650941
2161	60-64	-0.06879542356099222
2161	65-69	-0.02963991650177178
2161	70-74	-0.022492059391957753
2161	75-79	-0.028331108978683517
2161	80-84	-0.044341131163903924
2161	85-89	-0.03664358968411108
2161	90-94	-0.04027469984443144
2161	95-99	-0.06356091891876758
2161	100-104	-0.06665627702502519
2161	105-109	-0.05057112890550286
2161	110-114	-0.07500866081973356
2161	115-119	-0.07346989241798951
2161	120-124	-0.10618267224717926
2161	125-129	-0.11347325907527761
2161	130-134	-0.1046751512220041
2161	135-139	-0.12421556253619315
2161	140-144	-0.13986716995891157
2161	145-149	-0.14423732402891432
2161	150-151	-0.14807529352311377
2162	1	0.4623517180790486
2162	2	0.10719983877923767
2162	3	0.053276317848265364
2162	4	0.02756354497527269
2162	5	0.08305620531479008
2162	6	0.043488523592913
2162	7	0.028623610242291875
2162	8	0.029060521297701314
2162	9	-0.056538864961893864
2162	10-14	-0.03500138400474384
2162	15-19	0.008666480743293903
2162	20-24	-3.980653034219017E-4
2162	25-29	0.0011732118162441907
2162	30-34	-0.005414128499381832
2162	35-39	-0.003931355357032373
2162	40-44	0.006862520489121948
2162	45-49	0.0034031542289909567
2162	50-54	0.006819295158038585
2162	55-59	0.0026719431046373643
2162	60-64	-0.036650949190907056
2162	65-69	-0.039709582420478284
2162	70-74	-0.0016462036086295484
2162	75-79	-0.0015009607135496594
2162	80-84	-0.008065734181158746
2162	85-89	0.008199285453599714
2162	90-94	-0.004094930681375786
2162	95-99	-0.0021946639741230456
2162	100-104	-0.012692543230436115
2162	105-109	-0.0029930042844341642
2162	110-114	-0.008660728348289126
2162	115-119	0.003359687489698615
2162	120-124	-0.019701690377658565
2162	125-129	-0.04381443516004424
2162	130-134	-0.04269861369517969
2162	135-139	-0.05144706196529114
2162	140-144	-0.04501222546313244
2162	145-149	-0.07428262248060946
2162	150-151	-0.10062969717071013
2163	1	0.49638027085682523
2163	2	0.06316007114548228
2163	3	0.03284729646890838
2163	4	-0.02642356809317903
2163	5	0.04014690330294712
2163	6	0.0030676893201473376
2163	7	0.014282571315810344
2163	8	0.017093959484675736
2163	9	-0.035774606254243224
2163	10-14	-0.02790338198427378
2163	15-19	-0.024012436586836827
2163	20-24	-0.03895157337527877
2163	25-29	-0.020584673279017807
2163	30-34	-0.05612249150542681
2163	35-39	-0.050977320534869364
2163	40-44	-0.041531750916746546
2163	45-49	-0.0343846408665911
2163	50-54	-0.03170164313252144
2163	55-59	-0.03867849063410489
2163	60-64	-0.05474104840190819
2163	65-69	-0.04678836906310835
2163	70-74	-0.052327985226568785
2163	75-79	-0.04744871196263034
2163	80-84	-0.04312908364889978
2163	85-89	-0.04631677757870989
2163	90-94	-0.05247548257499801
2163	95-99	-0.0530818400398374
2163	100-104	-0.07280136731851172
2163	105-109	-0.05973505575991567
2163	110-114	-0.05395688587547198
2163	115-119	-0.06943597868747275
2163	120-124	-0.08488700318935827
2163	125-129	-0.08533855750167874
2163	130-134	-0.09280602875372068
2163	135-139	-0.1104413204996888
2163	140-144	-0.12147488230419157
2163	145-149	-0.10940904798503226
2163	150-151	-0.11929965281957777
2164	1	0.3696362826250592
2164	2	0.09057346419572809
2164	3	0.018522003212943616
2164	4	-0.03263019312957738
2164	5	0.04475001969192505
2164	6	0.008832576519523627
2164	7	-0.0313700438990594
2164	8	-0.01729719255913409
2164	9	-0.060855310681304786
2164	10-14	-0.047184905176422376
2164	15-19	-0.028461070184569337
2164	20-24	-0.04448245079545643
2164	25-29	-0.03984486104702967
2164	30-34	-0.03961648001391893
2164	35-39	-0.05034754843058664
2164	40-44	-0.06311418505935507
2164	45-49	-0.05542568298826467
2164	50-54	-0.05364811289157956
2164	55-59	-0.05366670059996892
2164	60-64	-0.06646199611932957
2164	65-69	-0.06898543080215092
2164	70-74	-0.08071389319792388
2164	75-79	-0.08568407790571086
2164	80-84	-0.06393914469075668
2164	85-89	-0.07464120423274778
2164	90-94	-0.07212194012068807
2164	95-99	-0.08211766297974066
2164	100-104	-0.08076396157191112
2164	105-109	-0.07714269204058155
2164	110-114	-0.08111315250614126
2164	115-119	-0.0854468107162134
2164	120-124	-0.07586879659179857
2164	125-129	-0.10335980209685403
2164	130-134	-0.11637017560028795
2164	135-139	-0.11624190623771824
2164	140-144	-0.13331612677067994
2164	145-149	-0.12219022421445658
2164	150-151	-0.11910690176198813
2165	1	0.4131708672925285
2165	2	0.08507757298133356
2165	3	0.016937472424636724
2165	4	0.008066571416321722
2165	5	0.038219523001806976
2165	6	0.06290224929715293
2165	7	0.034147499763250266
2165	8	0.06607979910389616
2165	9	-0.006665656189532854
2165	10-14	0.016338427826099178
2165	15-19	0.008805284658052415
2165	20-24	-0.007756990317211887
2165	25-29	-0.003989525091036228
2165	30-34	-0.008043377217504144
2165	35-39	-0.0055900613292791945
2165	40-44	-0.006127066252723523
2165	45-49	-0.0076571839263621655
2165	50-54	-0.006038358725433568
2165	55-59	-0.004557783293229534
2165	60-64	-0.006815695276543465
2165	65-69	-0.010091976001675107
2165	70-74	-0.017315945703778368
2165	75-79	-0.023119851859178198
2165	80-84	-0.034126517896226005
2165	85-89	-0.017542813427581905
2165	90-94	-0.013410841480791191
2165	95-99	-0.027446267051594475
2165	100-104	-0.014349625900152319
2165	105-109	-0.009554090255790015
2165	110-114	-0.025011477273110927
2165	115-119	-0.021184961620463127
2165	120-124	-0.035097094095434045
2165	125-129	-0.05081504689096761
2165	130-134	-0.05297391583081179
2165	135-139	-0.03824668264228137
2165	140-144	-0.033079421463284575
2165	145-149	-0.05130132095570872
2165	150-151	-0.03164633465173239
2166	1	0.40801046506577876
2166	2	0.08964292440004584
2166	3	0.030709804927091966
2166	4	0.06448680217199865
2166	5	0.08783833092157067
2166	6	0.07688673493302645
2166	7	0.0812099621662199
2166	8	0.07498572046812768
2166	9	0.050196542494163054
2166	10-14	0.03527131080318924
2166	15-19	0.030162969020167907
2166	20-24	0.024944101325992563
2166	25-29	0.031553570700921796
2166	30-34	0.021551317365904765
2166	35-39	0.02059812876503031
2166	40-44	0.026364888944478082
2166	45-49	0.027893748675118957
2166	50-54	0.02145610577792212
2166	55-59	0.024552326640595368
2166	60-64	0.025942770115570113
2166	65-69	0.01980174183477601
2166	70-74	0.024292600190086944
2166	75-79	0.023080057420393985
2166	80-84	0.0105805467649418
2166	85-89	0.022473550362221317
2166	90-94	0.018716908496791973
2166	95-99	0.01139823043815369
2166	100-104	0.021654086312793197
2166	105-109	0.022827495301115164
2166	110-114	0.013227557680437485
2166	115-119	-0.024537258783396965
2166	120-124	0.0026383963454179593
2166	125-129	-0.009563515120120769
2166	130-134	-0.0014298113252024791
2166	135-139	-0.012133426647075396
2166	140-144	-0.01572591491494535
2166	145-149	-0.030468786789192848
2166	150-151	-0.06826773290990928
2167	1	0.39038051174079413
2167	2	0.08864539155421625
2167	3	0.06474473663329405
2167	4	-0.0026788490593219194
2167	5	0.04840751163915513
2167	6	0.06494954418690213
2167	7	0.0758669159148937
2167	8	0.033347681289860986
2167	9	0.03677862172629176
2167	10-14	0.027432115796777623
2167	15-19	0.03364669335955739
2167	20-24	0.024285199323685447
2167	25-29	0.04151389142067785
2167	30-34	0.01783271915348905
2167	35-39	0.015431551993003723
2167	40-44	0.022035418417985397
2167	45-49	0.020121764584970947
2167	50-54	0.025572069332241654
2167	55-59	0.028615904034332118
2167	60-64	0.024773763938647164
2167	65-69	0.019194416059200137
2167	70-74	0.02299059055641095
2167	75-79	0.015991152460905766
2167	80-84	0.009047890456805874
2167	85-89	6.923898340289725E-4
2167	90-94	-0.0074262385261008035
2167	95-99	0.009963942545070381
2167	100-104	-0.0024728962088147455
2167	105-109	-0.004434084876102418
2167	110-114	-0.004782046513724936
2167	115-119	-0.050592503526218024
2167	120-124	-0.0698825021187659
2167	125-129	-0.03575212631086089
2167	130-134	-0.033943175966918204
2167	135-139	-0.049536819158504386
2167	140-144	-0.018989731929124787
2167	145-149	-0.05319468279720496
2167	150-151	-0.04484265120559172
2168	1	0.3335708394042456
2168	2	0.10227261041892888
2168	3	0.0654967840748597
2168	4	0.03419298054369335
2168	5	0.08736200938628258
2168	6	0.08731071914363042
2168	7	0.062292385590907884
2168	8	0.07709070060945322
2168	9	0.05001464810926848
2168	10-14	0.03761091432652108
2168	15-19	0.03609573260929011
2168	20-24	0.02603290662397484
2168	25-29	0.017670357529070202
2168	30-34	0.01899747932090179
2168	35-39	0.022771115473169345
2168	40-44	0.0268314582950282
2168	45-49	0.026097321781165306
2168	50-54	0.019300875756613323
2168	55-59	0.019170239938951283
2168	60-64	0.010320542043857017
2168	65-69	0.0074542259073453465
2168	70-74	0.025632997985248096
2168	75-79	0.012015659876844609
2168	80-84	0.017457571152306173
2168	85-89	-0.00277700021230487
2168	90-94	0.019797883483057888
2168	95-99	0.012268226199040555
2168	100-104	-0.008733150727877614
2168	105-109	0.012025664579020656
2168	110-114	0.030547504322775865
2168	115-119	2.8391761826895845E-4
2168	120-124	-0.027985557994263388
2168	125-129	-0.12038148346660194
2168	130-134	-0.07653859536509344
2168	135-139	-0.07320413533105352
2168	140-144	-0.02345125702889561
2168	145-149	-0.01061652955642245
2168	150-151	-0.025541376165868712
2169	1	0.5486835453249554
2169	2	0.12149028912045168
2169	3	0.09501391172513252
2169	4	0.04360175060755722
2169	5	0.07296364744544093
2169	6	0.10577863403958787
2169	7	0.08922121865630572
2169	8	0.07631617203426799
2169	9	0.03969885963123687
2169	10-14	0.04230064430059599
2169	15-19	0.0024264313910506985
2169	20-24	-0.009577999940965753
2169	25-29	0.012312853921180533
2169	30-34	-7.379181454254535E-4
2169	35-39	0.010953896527723828
2169	40-44	0.017212092480704655
2169	45-49	0.027242888961467315
2169	50-54	0.02915202436039266
2169	55-59	0.029735570113771814
2169	60-64	0.0034479216382834466
2169	65-69	0.025530123823436668
2169	70-74	0.02339467420907937
2169	75-79	0.03016718873084301
2169	80-84	0.01931801204611361
2169	85-89	0.015190882992314414
2169	90-94	0.01741023227943117
2169	95-99	-0.0026620124526459676
2169	100-104	0.016024012406724353
2169	105-109	0.013915952447909774
2169	110-114	0.005171874713383318
2169	115-119	0.005640366330872837
2169	120-124	0.007318544895788648
2169	125-129	-0.011941518011092
2169	130-134	-0.015880851610219793
2169	135-139	-0.02772287856389255
2169	140-144	-0.03461485406699438
2169	145-149	-0.05018964084661803
2169	150-151	-0.08185873756357154
2170	1	0.5411477501106532
2170	2	0.13019112488817086
2170	3	0.04912191833177104
2170	4	0.05132727650381241
2170	5	0.09202253277200612
2170	6	0.08060273380690575
2170	7	0.06344607235674715
2170	8	0.03140347437942381
2170	9	0.03341254664450588
2170	10-14	0.03240431171535363
2170	15-19	0.0025411426894876854
2170	20-24	-0.009008134175921612
2170	25-29	-0.008015418770405347
2170	30-34	-0.036344661528815436
2170	35-39	-0.012122276463159665
2170	40-44	-0.0027882940851355897
2170	45-49	0.0027655561363459924
2170	50-54	-0.0015119488516219803
2170	55-59	0.0017355774035294758
2170	60-64	-0.015454988436111705
2170	65-69	-0.0022162305247448444
2170	70-74	0.006995309009219852
2170	75-79	0.0072759189707838345
2170	80-84	-0.003002652907866832
2170	85-89	-0.00980067816051644
2170	90-94	-0.0040345856745034325
2170	95-99	-0.012638149967919787
2170	100-104	-0.01734021195780855
2170	105-109	-0.010554126896167304
2170	110-114	-0.005299790954843786
2170	115-119	-0.003379672436238934
2170	120-124	-0.0022287508325149474
2170	125-129	-0.04404930829795717
2170	130-134	-0.006313338760598697
2170	135-139	-0.026568336304464424
2170	140-144	-0.023444953763032572
2170	145-149	-0.032300936165782446
2170	150-151	-0.04833478510226996
2171	1	0.4989637040920982
2171	2	0.12547269754232104
2171	3	0.04597097286398366
2171	4	0.02199510201519672
2171	5	0.07750450602519976
2171	6	0.07889782579214
2171	7	0.0521652645720323
2171	8	0.04423239503194054
2171	9	0.035830995763646456
2171	10-14	0.04028492123129013
2171	15-19	0.019244429398312946
2171	20-24	0.013300725537924052
2171	25-29	0.0152575951866325
2171	30-34	0.012760313525227218
2171	35-39	0.010531702842001778
2171	40-44	-0.0046178505843315065
2171	45-49	0.0066698335336425885
2171	50-54	9.739198245526381E-4
2171	55-59	0.016718805365982803
2171	60-64	0.03302238241251132
2171	65-69	0.03217364333664108
2171	70-74	0.030431518350759745
2171	75-79	0.02042664267969485
2171	80-84	0.019784139535694578
2171	85-89	0.021079262092207784
2171	90-94	0.04015802055173623
2171	95-99	0.026033962244582654
2171	100-104	0.020214272978599013
2171	105-109	0.016747901606734672
2171	110-114	0.016528561649494122
2171	115-119	0.030954948887156775
2171	120-124	0.02152772521285584
2171	125-129	0.02799602697184156
2171	130-134	0.02113270001253653
2171	135-139	0.022220937756486592
2171	140-144	0.03503285883004992
2171	145-149	0.013243452111851184
2171	150-151	3.9155974788940284E-4
2172	1	0.4779823291628489
2172	2	0.10890825147608751
2172	3	0.05938143742064739
2172	4	0.0302943857115352
2172	5	0.0637243847150657
2172	6	0.07024785233062403
2172	7	0.05033641018167856
2172	8	0.09759772011462076
2172	9	0.019928792382280847
2172	10-14	0.038163714243076186
2172	15-19	0.017795434097287455
2172	20-24	0.011177868266230462
2172	25-29	0.012955278759939404
2172	30-34	0.016087155195023684
2172	35-39	0.02449659008171068
2172	40-44	-0.004210701180454635
2172	45-49	0.008237742875010667
2172	50-54	-0.004421771290381571
2172	55-59	-0.005651025344377558
2172	60-64	0.014792752263531384
2172	65-69	0.013836342927405099
2172	70-74	0.007886542851998968
2172	75-79	0.0038178806850766023
2172	80-84	0.014868143983761684
2172	85-89	0.003870600577783989
2172	90-94	0.011470905493233374
2172	95-99	0.01572519882890333
2172	100-104	0.017775248608423055
2172	105-109	0.028058246734147474
2172	110-114	0.013506938009207659
2172	115-119	0.0024160988576085174
2172	120-124	0.009606870307500515
2172	125-129	0.0035699270808535744
2172	130-134	0.0021410726514901057
2172	135-139	-0.017350395999628176
2172	140-144	-0.011209293306002621
2172	145-149	-0.0069276124004034045
2172	150-151	-0.020108689833428173
2173	1	0.48023064251744074
2173	2	0.14697495589832243
2173	3	0.055313068591374304
2173	4	0.010575601741834362
2173	5	0.09516863245107032
2173	6	0.10109763930739035
2173	7	0.06814157307745461
2173	8	0.09156641965123669
2173	9	0.04052940879275013
2173	10-14	0.05597448004323269
2173	15-19	0.036312887714096576
2173	20-24	0.02194495766094917
2173	25-29	0.028226363889508832
2173	30-34	0.034198775135827475
2173	35-39	0.024782280784982902
2173	40-44	0.020085346849697316
2173	45-49	0.029922015813212965
2173	50-54	0.021383178812008907
2173	55-59	0.030861462902549874
2173	60-64	0.0326505387290581
2173	65-69	0.023598349969837784
2173	70-74	0.031098666092198357
2173	75-79	0.011313938415121072
2173	80-84	0.024243875483655586
2173	85-89	0.012926346999400096
2173	90-94	0.024874264434288307
2173	95-99	0.025113520719379778
2173	100-104	0.03167551933231039
2173	105-109	0.030392621667445496
2173	110-114	0.028832737524972174
2173	115-119	0.020262562782043858
2173	120-124	0.021211705580164164
2173	125-129	0.01905862946406245
2173	130-134	0.022553863968418852
2173	135-139	0.011969650335544202
2173	140-144	0.007370729243547203
2173	145-149	-0.005956457362081835
2173	150-151	-0.006288724197382578
2174	1	0.4073391245295852
2174	2	0.10538066175440974
2174	3	0.05423384626193695
2174	4	-0.013626395296007843
2174	5	0.04598712902532043
2174	6	0.06745072847948563
2174	7	0.0479943259834954
2174	8	0.05094967861440125
2174	9	0.02522616225561336
2174	10-14	0.019427424744634436
2174	15-19	0.016684854624422485
2174	20-24	0.004943382026894483
2174	25-29	0.01706978963672867
2174	30-34	0.017901074501125436
2174	35-39	0.016017350962549415
2174	40-44	0.017388616843909688
2174	45-49	0.014622133005865123
2174	50-54	0.019698638228305754
2174	55-59	0.025312233718814525
2174	60-64	0.013636329946855597
2174	65-69	0.012932363681805725
2174	70-74	0.028303855699029157
2174	75-79	0.01794012524867128
2174	80-84	0.004691873146136061
2174	85-89	0.005014322518704262
2174	90-94	0.01764409680124146
2174	95-99	0.007605966108066298
2174	100-104	0.008387443495230684
2174	105-109	-4.4109825619642606E-4
2174	110-114	-3.319723073076375E-4
2174	115-119	0.004304741701723458
2174	120-124	-0.00247832100476586
2174	125-129	0.006768141312612386
2174	130-134	0.015107710132042484
2174	135-139	-0.009049143633099277
2174	140-144	-0.014259463199991274
2174	145-149	-0.027862303905017427
2174	150-151	-0.01435073126379649
2175	1	0.406886512925972
2175	2	0.11045541773474099
2175	3	0.09770212711813997
2175	4	0.022210231784718815
2175	5	0.09699561999975259
2175	6	0.0847889892125906
2175	7	0.0577830369945076
2175	8	0.06681971439117973
2175	9	0.03605278809496326
2175	10-14	0.028180873336978607
2175	15-19	0.022699604211823043
2175	20-24	0.009014490392310393
2175	25-29	0.012867257382275454
2175	30-34	0.010276411591647161
2175	35-39	0.0063122083320976685
2175	40-44	0.00466741524941483
2175	45-49	-0.003967233601173348
2175	50-54	-0.009871518539604551
2175	55-59	0.002200507107183114
2175	60-64	-0.004888539937404346
2175	65-69	-0.02625239608427421
2175	70-74	-0.020280582767121302
2175	75-79	-0.020749939801085304
2175	80-84	-0.031161636359293254
2175	85-89	-0.06321298970610911
2175	90-94	-0.07046112559952888
2175	95-99	-0.10260528327405893
2175	100-104	-0.08550448943862676
2175	105-109	-0.046615352166774926
2175	110-114	-0.06106726377630878
2175	115-119	-0.030697426006021544
2175	120-124	-0.019632116481425044
2175	125-129	-0.02496941846195
2175	130-134	-0.03783900346578406
2175	135-139	-0.035591793072008215
2175	140-144	-0.03724354169173694
2175	145-149	-0.07046852423329852
2175	150-151	-0.06639574731065778
2176	1	0.39266832893645187
2176	2	0.13884532860285503
2176	3	0.08407604088002074
2176	4	0.0649919606043241
2176	5	0.07993155160922782
2176	6	0.06857891297093488
2176	7	0.05480624834614645
2176	8	0.051331634653564606
2176	9	0.02000480847920727
2176	10-14	0.027045510722523147
2176	15-19	0.027754044892127183
2176	20-24	0.015337441458690648
2176	25-29	0.01370208300130571
2176	30-34	0.011641322944633714
2176	35-39	0.01513416435371795
2176	40-44	0.018007680600554465
2176	45-49	0.02353809327594547
2176	50-54	0.019851657687020463
2176	55-59	0.02662415997944123
2176	60-64	0.02371424234139141
2176	65-69	0.018225236758688368
2176	70-74	0.013511299975512259
2176	75-79	0.011973591142691475
2176	80-84	0.026093268386638613
2176	85-89	0.022151679298950455
2176	90-94	0.017783471620603564
2176	95-99	0.00489700484598643
2176	100-104	-0.001770540300363166
2176	105-109	-0.013068618925174746
2176	110-114	-0.05147483334459224
2176	115-119	-0.01823238198828392
2176	120-124	0.004453796214342276
2176	125-129	-0.006208977023199225
2176	130-134	-0.01160400032607356
2176	135-139	-0.009379219901234137
2176	140-144	-0.01697281393353478
2176	145-149	-0.031500011221375246
2176	150-151	-0.05047894705764833
2177	1	0.3301613939819745
2177	2	0.13700984468955113
2177	3	0.0905559504463298
2177	4	0.01751873476371202
2177	5	0.08505385554314415
2177	6	0.08087644495003588
2177	7	0.06925027907120551
2177	8	0.08380097396365471
2177	9	0.030689462145595314
2177	10-14	0.041119492729471574
2177	15-19	0.026736929951844957
2177	20-24	0.012294272725213773
2177	25-29	0.018532634284305516
2177	30-34	0.002055390942288682
2177	35-39	0.00711231490430464
2177	40-44	0.010773977592123174
2177	45-49	0.01397463994813819
2177	50-54	-0.005744216407208569
2177	55-59	0.0034834075637277806
2177	60-64	0.003660621145662901
2177	65-69	-0.004402168841572518
2177	70-74	-0.013979320029633868
2177	75-79	-0.0047540687395226655
2177	80-84	-0.004853188444741363
2177	85-89	-0.014594503055761265
2177	90-94	-0.008126421848132281
2177	95-99	0.010937852757145095
2177	100-104	-0.015862149485961652
2177	105-109	2.8359492976903766E-4
2177	110-114	0.00195535647842604
2177	115-119	-0.012341517060512786
2177	120-124	-0.013248398729537314
2177	125-129	-0.0169669218943298
2177	130-134	-0.022112582819282522
2177	135-139	-0.04772920687459248
2177	140-144	-0.024268897063372208
2177	145-149	-0.032280404404993135
2177	150-151	-0.04373225335115194
2178	1	0.4529507768866594
2178	2	0.1393277955976302
2178	3	0.11444995001092906
2178	4	0.048005459216177826
2178	5	0.09629239564433334
2178	6	0.07957042887343135
2178	7	0.07334346508282863
2178	8	0.052620671975894595
2178	9	0.012860084176949726
2178	10-14	0.02278330359298053
2178	15-19	0.023012707535649213
2178	20-24	0.013060087692458922
2178	25-29	0.019752858309509236
2178	30-34	0.022612722122630657
2178	35-39	0.014764589086105673
2178	40-44	0.009677575928620286
2178	45-49	0.006502166987154112
2178	50-54	0.007349897213671852
2178	55-59	0.01663355755450624
2178	60-64	-0.0021575494048065025
2178	65-69	0.008454158620118335
2178	70-74	0.018040147577842447
2178	75-79	0.01331803785338792
2178	80-84	0.004953439493746714
2178	85-89	0.006126258676019347
2178	90-94	-8.785881518278416E-4
2178	95-99	0.0042696929048133825
2178	100-104	0.009954264658624368
2178	105-109	0.007764541335404829
2178	110-114	-0.004286082823334425
2178	115-119	-0.009638023843692167
2178	120-124	-0.015724709148706495
2178	125-129	5.829904727718827E-4
2178	130-134	-0.0196887407956865
2178	135-139	-0.01717444208115637
2178	140-144	-0.01694764457506892
2178	145-149	-0.0216644165824178
2178	150-151	-0.031812075068529566
2179	1	0.4594799051558951
2179	2	0.0807753689643178
2179	3	0.06256344727987084
2179	4	-0.0075012345542546655
2179	5	0.07363000109704387
2179	6	0.09607082467630335
2179	7	0.06322723848165879
2179	8	0.06174571082496527
2179	9	0.03338404549516838
2179	10-14	0.05820871199689748
2179	15-19	0.040912857149578485
2179	20-24	0.02777575656700293
2179	25-29	0.023287535442371166
2179	30-34	0.015252516593626808
2179	35-39	0.025256781267621875
2179	40-44	0.014084329117906691
2179	45-49	0.008180365612076912
2179	50-54	0.022771645520364814
2179	55-59	0.015617847181850664
2179	60-64	0.02508726131663508
2179	65-69	0.0034856908765803496
2179	70-74	0.016540118498177492
2179	75-79	0.011527889304041139
2179	80-84	0.016363722359329813
2179	85-89	0.03977671253828419
2179	90-94	0.027661623419028558
2179	95-99	0.035304811114137635
2179	100-104	0.040848188096397564
2179	105-109	0.033806406127524724
2179	110-114	0.04136267295011464
2179	115-119	0.037067037978161466
2179	120-124	0.027187052103883502
2179	125-129	0.030762833409170298
2179	130-134	0.009048745221001298
2179	135-139	0.017915523201850192
2179	140-144	-0.014746331013370195
2179	145-149	-0.02888673841740541
2179	150-151	-0.09038997178178221
2180	1	0.5297064725192939
2180	2	0.1293710169779274
2180	3	0.09154736678318898
2180	4	-0.0017303455712465166
2180	5	0.042840696413293244
2180	6	0.0867878562097033
2180	7	0.040078010687430776
2180	8	0.04844948721765974
2180	9	0.02256202725580181
2180	10-14	0.027162312077145145
2180	15-19	0.021160357112883332
2180	20-24	0.009465615546822903
2180	25-29	0.009742373667080528
2180	30-34	0.00972980821224212
2180	35-39	-0.0053013690940559854
2180	40-44	-0.021554530116397075
2180	45-49	-0.010706336168453845
2180	50-54	-0.012948454310418356
2180	55-59	-0.0071599961109214405
2180	60-64	-0.01632402525682153
2180	65-69	-0.027776966184703156
2180	70-74	-0.02702527380108677
2180	75-79	-0.03339357153257083
2180	80-84	-0.017346658382351166
2180	85-89	-0.031512940836321945
2180	90-94	-0.012960690917623197
2180	95-99	-0.021726259560750805
2180	100-104	-0.024205779142178585
2180	105-109	-0.016044374985476395
2180	110-114	-0.02251982660412466
2180	115-119	-0.011793906574531832
2180	120-124	-0.035800066178374834
2180	125-129	-0.03163974877708853
2180	130-134	-0.03457713835953058
2180	135-139	-0.031050207450810774
2180	140-144	-0.038956176789142205
2180	145-149	-0.04408614744223627
2180	150-151	-0.09370198520038997
2181	1	0.5291235500792482
2181	2	0.0858395660767286
2181	3	0.10278128380548424
2181	4	-0.022970225018219992
2181	5	0.05524777430995442
2181	6	0.05902215781475917
2181	7	0.0405416307783284
2181	8	0.06437674367908386
2181	9	0.038580434858104695
2181	10-14	0.026285990969647344
2181	15-19	0.00449654356103224
2181	20-24	-0.0018241951799709
2181	25-29	0.010992036233744784
2181	30-34	0.007100672502801331
2181	35-39	0.005411840457668404
2181	40-44	-0.007372766360660421
2181	45-49	-0.012244402853205827
2181	50-54	-0.008534252145238952
2181	55-59	-0.018271960303849255
2181	60-64	-0.021900756127870125
2181	65-69	-0.05189324473381873
2181	70-74	-0.022264971988455784
2181	75-79	-0.005991984394128735
2181	80-84	-0.042103785078047906
2181	85-89	-0.018253337626141786
2181	90-94	-0.023179835513772673
2181	95-99	-0.01253462779518344
2181	100-104	-0.009158255869614607
2181	105-109	-0.016800759772955587
2181	110-114	-0.01810231662587114
2181	115-119	-0.005867346989234079
2181	120-124	-0.001835402622582194
2181	125-129	0.0037527598001858564
2181	130-134	-0.0027184008496092815
2181	135-139	-0.0029595758709319853
2181	140-144	-0.012912672793511604
2181	145-149	-0.018633735946409047
2181	150-151	-0.02416080363824591
2182	1	0.5729367915535022
2182	2	0.10481018655173813
2182	3	0.04286987419713739
2182	4	-0.046029001893387544
2182	5	0.054643224603012186
2182	6	0.06037937438051699
2182	7	0.038929949994049196
2182	8	0.0466973258483705
2182	9	0.03614423161976532
2182	10-14	0.036376766909654634
2182	15-19	0.02056788836429746
2182	20-24	0.003372616008867624
2182	25-29	4.2473242994844895E-4
2182	30-34	0.008530972047530838
2182	35-39	0.009917391539339349
2182	40-44	0.006437306356978922
2182	45-49	-0.0027005774833668283
2182	50-54	0.0027805695947691333
2182	55-59	-0.0016386668611048094
2182	60-64	0.003231372748949468
2182	65-69	-0.013077478885534788
2182	70-74	-0.020937782006527073
2182	75-79	-0.01897765656128314
2182	80-84	-0.06484051232503418
2182	85-89	-0.015420958909587057
2182	90-94	-0.022070472874069935
2182	95-99	-0.03384195989190886
2182	100-104	-0.03093389292387627
2182	105-109	-0.02023600573056683
2182	110-114	-0.021977819404504828
2182	115-119	-0.022288784032880926
2182	120-124	-0.0035875578300803568
2182	125-129	-0.008006186897844714
2182	130-134	-0.007572383680326311
2182	135-139	-0.004461279611639668
2182	140-144	0.00831881391290068
2182	145-149	-0.015448778549206565
2182	150-151	-0.02599897710859267
2183	1	0.4965942937358463
2183	2	0.07450976360244965
2183	3	0.07081947476071804
2183	4	-0.04991493990112872
2183	5	0.034693689959347296
2183	6	0.03243595866795346
2183	7	-0.003592666398020583
2183	8	0.016602452525191325
2183	9	0.017574705413927916
2183	10-14	-0.0019130045518096495
2183	15-19	-0.013543397544374614
2183	20-24	-0.01075647523275336
2183	25-29	-0.017295901184404272
2183	30-34	-0.012350545786517841
2183	35-39	-0.009967552022928317
2183	40-44	-0.02681442233752307
2183	45-49	-0.026370836662586328
2183	50-54	-0.030762932668878307
2183	55-59	-0.023514628538428894
2183	60-64	-0.031512372792320775
2183	65-69	-0.029504624051391204
2183	70-74	-0.03842654242591692
2183	75-79	-0.03893817315163517
2183	80-84	-0.04838831554594236
2183	85-89	-0.045874816084861436
2183	90-94	-0.038968231394456154
2183	95-99	-0.03722650207309641
2183	100-104	-0.038725958600899446
2183	105-109	-0.04545204126725366
2183	110-114	-0.052081969390435745
2183	115-119	-0.041560984809308366
2183	120-124	-0.043948988616286044
2183	125-129	-0.05193639252153304
2183	130-134	-0.045855357125098806
2183	135-139	-0.03743479537577343
2183	140-144	-0.055102321390464226
2183	145-149	-0.0372223931154636
2183	150-151	-0.09594154484391737
2184	1	0.557097080502075
2184	2	0.11250967035082482
2184	3	0.03802535393267448
2184	4	-0.06701457015400081
2184	5	0.018866429059585244
2184	6	0.0391699749340404
2184	7	0.03650244205368125
2184	8	0.01424496872778036
2184	9	0.011910330584015583
2184	10-14	-0.002059946924241274
2184	15-19	-0.00920518670137227
2184	20-24	0.0012123580456560035
2184	25-29	-0.011994098749632087
2184	30-34	-0.0018170540928252876
2184	35-39	8.799280020781453E-4
2184	40-44	-0.010813238458737828
2184	45-49	-0.01166573893662104
2184	50-54	-0.0071993145951125825
2184	55-59	-0.023752079474242294
2184	60-64	-0.017958966280268385
2184	65-69	-0.011432605338832502
2184	70-74	0.003465519589404664
2184	75-79	0.009305368648156787
2184	80-84	-0.018301218331174596
2184	85-89	0.0017478082429960295
2184	90-94	0.00155088523792557
2184	95-99	-0.0011847939462157342
2184	100-104	-0.009980416978820017
2184	105-109	-0.013744153837350837
2184	110-114	0.004903871067497789
2184	115-119	2.716469376622399E-4
2184	120-124	0.0033783019723472307
2184	125-129	-0.0066574613525531845
2184	130-134	-0.02457012538265957
2184	135-139	-0.02069763018513271
2184	140-144	-0.014479648844840654
2184	145-149	-0.02713322030530918
2184	150-151	-0.05976868721793949
2185	1	0.4223711448165588
2185	2	0.12035700456885934
2185	3	0.05532708682688536
2185	4	-0.01974519581848
2185	5	0.02604618195394437
2185	6	0.032985204887808095
2185	7	0.03571971148177511
2185	8	0.008840981737236575
2185	9	0.014551201024993077
2185	10-14	0.018334111201632197
2185	15-19	-0.0022554416892432982
2185	20-24	0.0028430504315011262
2185	25-29	-0.0033352337855134806
2185	30-34	-0.014137278346836979
2185	35-39	2.2984545110915633E-4
2185	40-44	-0.007707463096025435
2185	45-49	-8.802634710534107E-4
2185	50-54	-0.0038226663906968383
2185	55-59	-0.01155891499018935
2185	60-64	-0.01891952724947288
2185	65-69	-0.003265542613952732
2185	70-74	0.003418882096980269
2185	75-79	-0.015430306287079532
2185	80-84	-0.014551751313440775
2185	85-89	-0.0188753359462126
2185	90-94	-0.02747534878221103
2185	95-99	-0.03342280227743544
2185	100-104	-0.035991733443481166
2185	105-109	-0.020420770209810257
2185	110-114	-0.01961293780679796
2185	115-119	-0.028363464888421674
2185	120-124	-0.032900816916402675
2185	125-129	-0.027654534954649534
2185	130-134	-0.02881527306788456
2185	135-139	-0.03164415436369694
2185	140-144	-0.033647229224605724
2185	145-149	-0.05555022659147113
2185	150-151	-0.07605959416638086
2186	1	0.5028959654856067
2186	2	0.0612645157800884
2186	3	0.015709745706608658
2186	4	-0.022823229845556625
2186	5	0.018024469374537944
2186	6	0.03148007795479657
2186	7	0.016738009325543146
2186	8	0.016641916572886828
2186	9	0.010102400158928049
2186	10-14	0.018777787337555196
2186	15-19	0.0074059262927548275
2186	20-24	-0.007361129335912153
2186	25-29	0.007198045824395649
2186	30-34	0.006974283126616854
2186	35-39	0.015491661132749357
2186	40-44	-0.0012841407356845025
2186	45-49	-0.002475007762086534
2186	50-54	0.002414903041483285
2186	55-59	0.010695831504264675
2186	60-64	0.00851807879300992
2186	65-69	0.007366608955251763
2186	70-74	0.008436535443621551
2186	75-79	-0.007375074945144888
2186	80-84	-0.0069704484823489565
2186	85-89	-0.004284566071838469
2186	90-94	-0.0030939290156837274
2186	95-99	-0.02006149132460422
2186	100-104	-0.009079793433137695
2186	105-109	-0.007751128942679486
2186	110-114	-0.024588647149712983
2186	115-119	-0.005006519075976712
2186	120-124	-0.0051998602952636475
2186	125-129	-0.008848249283722964
2186	130-134	-0.028601659794041723
2186	135-139	-0.01832578670468621
2186	140-144	-0.03819039289038528
2186	145-149	-0.035045807983671295
2186	150-151	-0.0717618655682557
2187	1	0.4890333530451372
2187	2	0.11057277184978176
2187	3	0.08342488447959795
2187	4	-0.07221977887937925
2187	5	0.025397363747920565
2187	6	0.06907185883191858
2187	7	0.04163923649907986
2187	8	0.03976098490512214
2187	9	-1.3926292517396632E-5
2187	10-14	0.01654850095160043
2187	15-19	-0.006881823301277734
2187	20-24	0.0017063487016528711
2187	25-29	0.005425915923751745
2187	30-34	-0.015673419012486534
2187	35-39	9.434095982072677E-4
2187	40-44	-0.008763777469155798
2187	45-49	-0.013942061272267381
2187	50-54	-0.01562096138648883
2187	55-59	-0.00867191723364158
2187	60-64	-0.01178248680724181
2187	65-69	-0.01895222509536154
2187	70-74	-0.015490170615002796
2187	75-79	-0.025587935781466342
2187	80-84	-0.03335516643107184
2187	85-89	-0.03255890808974726
2187	90-94	-0.024226970034419537
2187	95-99	-0.00975211335848769
2187	100-104	-0.014787912339386367
2187	105-109	-0.0101763495460645
2187	110-114	-0.014154500527730818
2187	115-119	-0.007894516029622878
2187	120-124	-0.019523251509113493
2187	125-129	-0.013939882165921347
2187	130-134	-0.046624571522400515
2187	135-139	-0.021871303678068443
2187	140-144	-0.02908204713067164
2187	145-149	-0.03887541733330835
2187	150-151	-0.0756280743928599
2188	1	0.47239314042739267
2188	2	0.09023592984490847
2188	3	0.05795678568052409
2188	4	-0.10423571009384602
2188	5	0.029601462399241996
2188	6	0.031149096042852875
2188	7	0.024070362051801908
2188	8	0.03314697294140245
2188	9	-0.008258290478792674
2188	10-14	0.017854463032691115
2188	15-19	-0.01151735398574516
2188	20-24	-0.0023821577852487508
2188	25-29	0.01388416569962203
2188	30-34	-6.720374277051633E-4
2188	35-39	0.001225982525717484
2188	40-44	0.00389475959264729
2188	45-49	1.1466809181825965E-4
2188	50-54	0.0014367391760359283
2188	55-59	0.014578764414864054
2188	60-64	0.008507717172001605
2188	65-69	-0.009322199600894976
2188	70-74	-0.002369277540076098
2188	75-79	0.008608433435043139
2188	80-84	-0.001262272075152282
2188	85-89	-0.003955955363089458
2188	90-94	0.013296687639304139
2188	95-99	-0.010745466998194786
2188	100-104	-0.005023207751243319
2188	105-109	0.01247860375299581
2188	110-114	0.003272041748076049
2188	115-119	-0.006618284686972231
2188	120-124	0.007960640841545796
2188	125-129	0.015515692426355088
2188	130-134	0.0017183678186896145
2188	135-139	-0.006059796660132122
2188	140-144	-0.01122436874594257
2188	145-149	-0.02769154461561385
2188	150-151	-0.057413937571560325
2189	1	0.4214995149488985
2189	2	0.010671182644543364
2189	3	-0.01635386296800334
2189	4	-0.07758102537722067
2189	5	-0.013649752740526822
2189	6	-1.934242870191838E-4
2189	7	0.01833321189287318
2189	8	-0.0035974559321800825
2189	9	-0.027816471290940115
2189	10-14	-0.014050902167383583
2189	15-19	-0.01737536686628971
2189	20-24	-0.016832060588150455
2189	25-29	-0.02009020218564217
2189	30-34	-0.03038662222962074
2189	35-39	-0.013244425295475537
2189	40-44	-0.0074468670175988905
2189	45-49	-0.01458101988956173
2189	50-54	-0.0130526304098737
2189	55-59	-0.015918639865184048
2189	60-64	-0.02887677789547638
2189	65-69	-0.017601285283149082
2189	70-74	-0.02299918652877153
2189	75-79	-0.02575947052559968
2189	80-84	-0.042224376120302054
2189	85-89	-0.039670802224271995
2189	90-94	-0.034595189299032825
2189	95-99	-0.03451427384165129
2189	100-104	-0.04719311736343457
2189	105-109	-0.03101620956055484
2189	110-114	-0.02278472502304396
2189	115-119	-0.03603817790117603
2189	120-124	-0.028638700373463166
2189	125-129	-0.0290326189161334
2189	130-134	-0.05787899709321209
2189	135-139	-0.03541678502486434
2189	140-144	-0.04510981580913409
2189	145-149	-0.059367790320827396
2189	150-151	-0.1348768957746742
2190	1	0.36414103697035216
2190	2	0.05025412256414796
2190	3	-0.0074687062822960115
2190	4	-0.10484040414478812
2190	5	0.019097993768895094
2190	6	0.0020331244100120216
2190	7	-0.0015724717445877445
2190	8	0.0012007327390932687
2190	9	-0.03804745584134395
2190	10-14	-0.011694874995590965
2190	15-19	-0.026626504849289745
2190	20-24	-0.03017094023690703
2190	25-29	-0.0251428302499761
2190	30-34	-0.01949722028230383
2190	35-39	-0.023152771097201708
2190	40-44	-0.02127644940087947
2190	45-49	-0.009561203846566002
2190	50-54	-0.012610132144608599
2190	55-59	-0.015073629254644061
2190	60-64	-0.0171593572633455
2190	65-69	-0.00416381988959813
2190	70-74	-0.023650559255798953
2190	75-79	-0.01377730760921736
2190	80-84	-0.017807995936621523
2190	85-89	-0.023669954424391904
2190	90-94	-0.029149907738506897
2190	95-99	-0.03565088021630913
2190	100-104	-0.03117150610816566
2190	105-109	-0.01591590992869385
2190	110-114	-0.02767334609853833
2190	115-119	-0.02605239798824499
2190	120-124	-0.02423948228517503
2190	125-129	-0.006820422815877691
2190	130-134	-0.02792244678533251
2190	135-139	-0.01303997259724099
2190	140-144	-0.018534240702315685
2190	145-149	-0.05942809544919925
2190	150-151	-0.12475526048115881
2191	1	0.37300892043530354
2191	2	0.025112140078363154
2191	3	0.036769187142816406
2191	4	-0.06327746114573785
2191	5	0.024987191258702524
2191	6	0.01807091994372456
2191	7	0.04732640795251797
2191	8	0.0031487694394130017
2191	9	0.009654889176403003
2191	10-14	0.002056160043863997
2191	15-19	-0.013802030484562522
2191	20-24	-0.0037434136554210795
2191	25-29	-0.004727312624474678
2191	30-34	-0.011712948554517766
2191	35-39	-0.00805712480432419
2191	40-44	-0.01630543842661325
2191	45-49	-0.017923050488306558
2191	50-54	-0.01872958287404458
2191	55-59	-0.019523852672186592
2191	60-64	-0.013855315395332468
2191	65-69	-0.03154659922616787
2191	70-74	-0.013366568714950233
2191	75-79	-0.002266591168456955
2191	80-84	-0.02289026440440267
2191	85-89	-0.02085816248210648
2191	90-94	-0.0058121126835288806
2191	95-99	-0.02846151382058082
2191	100-104	-0.030512592761887447
2191	105-109	-0.01802447778968741
2191	110-114	-0.013546907289182286
2191	115-119	-0.014634086926243128
2191	120-124	-0.011435030404634006
2191	125-129	-0.03781733470925985
2191	130-134	-0.03087639161850575
2191	135-139	-0.04887875097468708
2191	140-144	-0.03767558683197336
2191	145-149	-0.05945342257718522
2191	150-151	-0.11892328456956847
2192	1	0.35770674774718003
2192	2	0.01897434141561405
2192	3	0.007495259386715247
2192	4	-0.1089167938576594
2192	5	-0.019134372043474457
2192	6	0.023995340790591513
2192	7	-0.04459571202212942
2192	8	-0.04063386831817439
2192	9	-0.03704772556616831
2192	10-14	-0.01351395990583626
2192	15-19	-0.019941420183876346
2192	20-24	-0.019737394717111556
2192	25-29	-0.01387543246052303
2192	30-34	-0.023182886905182443
2192	35-39	-0.016791662488131465
2192	40-44	-0.018541827036315794
2192	45-49	-0.008348721264653136
2192	50-54	-0.0025599314557425146
2192	55-59	-0.013987367527782624
2192	60-64	-0.029667748406204453
2192	65-69	-0.02057269465799294
2192	70-74	-0.020357352455384614
2192	75-79	-0.022907606767866184
2192	80-84	-0.0295238734522556
2192	85-89	-0.011309614680662605
2192	90-94	-0.012844189342530399
2192	95-99	-0.016239534166828662
2192	100-104	-0.005655310069528241
2192	105-109	-0.012561027975806383
2192	110-114	0.011812278994355552
2192	115-119	0.015448135480539804
2192	120-124	0.006618461584253055
2192	125-129	0.013314238213347096
2192	130-134	0.0018404579464075255
2192	135-139	-0.001486700020414844
2192	140-144	-0.005674063460780587
2192	145-149	-0.013350528172772158
2192	150-151	-0.10168450259516248
2193	1	0.4215863913283968
2193	2	-0.025080270961097995
2193	3	-1.02225089563035E-4
2193	4	-0.16999899260035534
2193	5	-0.05073446206265686
2193	6	-0.017940415875379756
2193	7	-0.02585654401427462
2193	8	-0.07312021056924323
2193	9	-0.03458126591626609
2193	10-14	-0.011135305036823695
2193	15-19	-0.04199932988966992
2193	20-24	-0.028494128002705565
2193	25-29	-0.027991504951096147
2193	30-34	-0.030214585353057544
2193	35-39	-0.013435195859770488
2193	40-44	-0.03214136978240845
2193	45-49	-0.027688483232019223
2193	50-54	-0.041030696180690995
2193	55-59	-0.032388272010770436
2193	60-64	-0.013214063403822252
2193	65-69	-0.02812661986849463
2193	70-74	-0.027345607590085308
2193	75-79	-0.02276932777044749
2193	80-84	-0.03788425615994839
2193	85-89	-0.039054261732609064
2193	90-94	-0.06347187462300496
2193	95-99	-0.043539427706733136
2193	100-104	-0.04281161248243848
2193	105-109	-0.03540193234364608
2193	110-114	-0.029134288376496897
2193	115-119	-0.04515268788478721
2193	120-124	-0.03646786166398641
2193	125-129	-0.04348168771642236
2193	130-134	-0.04512505382052723
2193	135-139	-0.05731287605837565
2193	140-144	-0.05128599026810576
2193	145-149	-0.07277452081208224
2193	150-151	-0.15915566228596134
2194	1	0.4593782833304303
2194	2	-0.043297842143445564
2194	3	-0.015842627429911715
2194	4	-0.12674054144259372
2194	5	-0.05284865877074196
2194	6	-0.02636318742911925
2194	7	-0.024205073413504863
2194	8	-0.03622451842792884
2194	9	-0.043832687671780945
2194	10-14	-0.033904001557843344
2194	15-19	-0.06382799808285
2194	20-24	-0.06084964508118418
2194	25-29	-0.06798518518554175
2194	30-34	-0.05426713120625948
2194	35-39	-0.0473229165528295
2194	40-44	-0.0628971445018891
2194	45-49	-0.05436304572038608
2194	50-54	-0.05735730467029754
2194	55-59	-0.045993506182938404
2194	60-64	-0.051056804058610794
2194	65-69	-0.06462265548618262
2194	70-74	-0.06761683818511699
2194	75-79	-0.052076095783043286
2194	80-84	-0.06551944559981138
2194	85-89	-0.0641583221015054
2194	90-94	-0.07927892427525762
2194	95-99	-0.0674897766621001
2194	100-104	-0.06530442466021924
2194	105-109	-0.08350432300807142
2194	110-114	-0.06382244840566642
2194	115-119	-0.05806909767719759
2194	120-124	-0.06402401101486532
2194	125-129	-0.059977769821593085
2194	130-134	-0.05915392808312703
2194	135-139	-0.07038072700093778
2194	140-144	-0.06605877194492393
2194	145-149	-0.0795344420286952
2194	150-151	-0.18451272038247168
2195	1	0.4481553257823734
2195	2	-0.10249718555107279
2195	3	-0.032211380671149925
2195	4	-0.19968447491344676
2195	5	-0.10281389940411856
2195	6	-0.040626587326492825
2195	7	-0.06128290840594275
2195	8	-0.09998518787377719
2195	9	-0.08205174456657716
2195	10-14	-0.07867193595531319
2195	15-19	-0.08738064244252541
2195	20-24	-0.08795307084289306
2195	25-29	-0.0769752610314356
2195	30-34	-0.0800394851478643
2195	35-39	-0.07252712790517535
2195	40-44	-0.0708136983238461
2195	45-49	-0.08199345135269454
2195	50-54	-0.06760399189519717
2195	55-59	-0.08036167123552929
2195	60-64	-0.07571059513832523
2195	65-69	-0.07814402164914469
2195	70-74	-0.09615913165534096
2195	75-79	-0.08685189725546394
2195	80-84	-0.08421184637141721
2195	85-89	-0.08825961399158189
2195	90-94	-0.0775721463445791
2195	95-99	-0.0775393580403545
2195	100-104	-0.10667053050874387
2195	105-109	-0.0916303384658832
2195	110-114	-0.08083022045501309
2195	115-119	-0.09249183716787712
2195	120-124	-0.085901229035791
2195	125-129	-0.058491422007115546
2195	130-134	-0.07912316458502033
2195	135-139	-0.07981301452727507
2195	140-144	-0.07361503638288269
2195	145-149	-0.1143165052128765
2195	150-151	-0.23778723776432287
2196	1	0.3912408133536118
2196	2	-0.1017408814022005
2196	3	-0.04749799545424338
2196	4	-0.23038384392894784
2196	5	-0.1075673398893997
2196	6	-0.044487582057293196
2196	7	-0.05207792842210068
2196	8	-0.09388860589766779
2196	9	-0.09480307920926379
2196	10-14	-0.05573967191341467
2196	15-19	-0.08623665989285456
2196	20-24	-0.07288427788861185
2196	25-29	-0.07004166188261962
2196	30-34	-0.09169170622318035
2196	35-39	-0.07708400615184985
2196	40-44	-0.08309099163847122
2196	45-49	-0.07519146876736471
2196	50-54	-0.07804080082091502
2196	55-59	-0.07111254557704427
2196	60-64	-0.07787907910994107
2196	65-69	-0.06758798385482834
2196	70-74	-0.07936210467143923
2196	75-79	-0.06652786524694676
2196	80-84	-0.09443432659755757
2196	85-89	-0.09205225787898996
2196	90-94	-0.07803418364242987
2196	95-99	-0.07422150290168616
2196	100-104	-0.058433229295481226
2196	105-109	-0.06541262064943254
2196	110-114	-0.03792974610659883
2196	115-119	-0.0647265345032082
2196	120-124	-0.06658386801666438
2196	125-129	-0.06303457014473679
2196	130-134	-0.054722510052911844
2196	135-139	-0.061336461080131244
2196	140-144	-0.077994610478207
2196	145-149	-0.07654305572060593
2196	150-151	-0.9388635634510791
2197	1	0.4483287384051735
2197	2	-0.09475245830528678
2197	3	-0.0474131506561406
2197	4	-0.24487583364506804
2197	5	-0.1477289971120399
2197	6	-0.08723818247582216
2197	7	-0.10880472637327898
2197	8	-0.07248938996850995
2197	9	-0.137504389686967
2197	10-14	-0.10913496204130269
2197	15-19	-0.12177024723150254
2197	20-24	-0.10465378697406891
2197	25-29	-0.09990959347327077
2197	30-34	-0.12226029863877841
2197	35-39	-0.10463794184895647
2197	40-44	-0.11685605815178235
2197	45-49	-0.0962522611109975
2197	50-54	-0.10413687504306779
2197	55-59	-0.11635912593042974
2197	60-64	-0.1060108155505759
2197	65-69	-0.11527612643494223
2197	70-74	-0.1155229040769683
2197	75-79	-0.11584425807313181
2197	80-84	-0.13681877010185417
2197	85-89	-0.14375007346315272
2197	90-94	-0.13857566688344036
2197	95-99	-0.11417393277077537
2197	100-104	-0.13418420542051024
2197	105-109	-0.09229101621839675
2197	110-114	-0.10082369024626558
2197	115-119	-0.11171185363905778
2197	120-124	-0.09000923342257039
2197	125-129	-0.10965816199725964
2197	130-134	-0.09796924433734944
2197	135-139	-0.10526310721559895
2197	140-144	-0.10783569534760318
2197	145-149	-0.12264264287813376
2197	150-151	-0.9982487471724895
2198	1	0.5393431687736694
2198	2	-0.23656483132533168
2198	3	-0.1080968516386207
2198	4	-0.28768755075008556
2198	5	-0.18636435474829938
2198	6	-0.17184069475734276
2198	7	-0.14840873305428914
2198	8	-0.14696967086471346
2198	9	-0.14970638590804697
2198	10-14	-0.15965583432001296
2198	15-19	-0.15819383401459675
2198	20-24	-0.15062185816093887
2198	25-29	-0.13117834738459777
2198	30-34	-0.15264541150239097
2198	35-39	-0.1591031327724437
2198	40-44	-0.1529894621019281
2198	45-49	-0.1618661657450602
2198	50-54	-0.16020675302455345
2198	55-59	-0.15054610283052483
2198	60-64	-0.15183000557170345
2198	65-69	-0.16312460033855558
2198	70-74	-0.16671395324697613
2198	75-79	-0.17227649912646115
2198	80-84	-0.20166893565323818
2198	85-89	-0.20348014551790072
2198	90-94	-0.178328400428299
2198	95-99	-0.1832493607662542
2198	100-104	-0.18314250470737647
2198	105-109	-0.17647043337537127
2198	110-114	-0.1708577188745437
2198	115-119	-0.17626714760849893
2198	120-124	-0.17647403029427977
2198	125-129	-0.16834691122679857
2198	130-134	-0.16562596910382865
2198	135-139	-0.1904449917614528
2198	140-144	-0.16903366683015975
2198	145-149	-0.19778592683312723
2198	150-151	-0.3534749137739013
2201	1	0.21691956236855958
2201	2	0.06046208475494552
2201	3	-0.007476132026859261
2201	4	0.09024129304855677
2201	5	-0.019612202236629628
2201	6	-0.06984569725992174
2201	7	-0.024615710507070787
2201	8	-0.04142797873666382
2201	9	-0.06772589935069817
2201	10-14	-0.04759468710957293
2201	15-19	-0.04818383796158088
2201	20-24	-0.049679545831097016
2201	25-29	-0.03572838495880859
2201	30-34	-0.041319213955326006
2201	35-39	-0.04341397622856391
2201	40-44	-0.03653581584345744
2201	45-49	-0.025335389150427545
2201	50-54	-0.034747690659095554
2201	55-59	-0.026033518205110795
2201	60-64	-0.021792139336838545
2201	65-69	-0.02482999829327781
2201	70-74	-0.0187574204278107
2201	75-79	-0.039956777355683926
2201	80-84	-0.0392951420882639
2201	85-89	-0.027024454641299656
2201	90-94	-0.040056303287229866
2201	95-99	-0.042589202667919324
2201	100-104	-0.029909409045636437
2201	105-109	-0.014346765369161574
2201	110-114	-0.032057851865921805
2201	115-119	-0.03103647064624937
2201	120-124	-0.012782119443400575
2201	125-129	-0.0315486734334911
2201	130-134	-0.029741726732481766
2201	135-139	-0.011100082010585766
2201	140-144	-0.011717643891437035
2201	145-149	-0.004440313897141834
2201	150-151	0.028815780435941463
2202	1	0.36130636420718076
2202	2	0.09662265159444416
2202	3	0.06112620173566086
2202	4	0.11089986714299727
2202	5	-0.024008657081793672
2202	6	-0.004273347039763564
2202	7	-0.011158060945490433
2202	8	0.001205531489191003
2202	9	-0.030110746866306215
2202	10-14	-0.005540034125047555
2202	15-19	-0.002776266983921971
2202	20-24	-0.022611211542844956
2202	25-29	-0.004162665965139922
2202	30-34	-0.018966674489270474
2202	35-39	-0.007210143075553788
2202	40-44	0.018534617792468566
2202	45-49	0.005654088716774197
2202	50-54	0.009911208598254007
2202	55-59	0.0034302171434674733
2202	60-64	0.0072454087228805975
2202	65-69	0.017551224588849834
2202	70-74	0.008962779420137679
2202	75-79	0.01270158142084199
2202	80-84	0.00689718784636284
2202	85-89	0.028181465703625008
2202	90-94	0.02530436704203254
2202	95-99	0.022820127800578405
2202	100-104	0.026424053982431417
2202	105-109	0.02495332192506794
2202	110-114	0.03274173190788332
2202	115-119	0.019358948537323784
2202	120-124	0.045790674005068865
2202	125-129	0.04184807795383705
2202	130-134	0.040358994861890096
2202	135-139	0.04549867037349031
2202	140-144	0.05312698032744834
2202	145-149	0.051213216991797594
2202	150-151	0.05357859234749185
2203	1	0.25730105195057007
2203	2	0.07126284127220117
2203	3	0.0033230880502870264
2203	4	0.07875593333911723
2203	5	0.0792712419253121
2203	6	0.014928634804796559
2203	7	0.01591123007705164
2203	8	0.05307232532804562
2203	9	0.03836411550201291
2203	10-14	0.0254452554996476
2203	15-19	0.0015043711222872957
2203	20-24	-0.018606407087048638
2203	25-29	-0.01802750680283083
2203	30-34	-0.010140636602081088
2203	35-39	-0.010237204737777006
2203	40-44	0.006156643408488094
2203	45-49	-0.00187844839510376
2203	50-54	-0.006100930737147792
2203	55-59	-2.3644086782326212E-4
2203	60-64	0.0028108188319109217
2203	65-69	0.01577077414920325
2203	70-74	0.004728499253936036
2203	75-79	0.014792190888705647
2203	80-84	0.009402253597038168
2203	85-89	0.023211294371321856
2203	90-94	0.010588461297359686
2203	95-99	0.01074525285478245
2203	100-104	0.005800230877760271
2203	105-109	0.016316772651023825
2203	110-114	0.009409942784465386
2203	115-119	-0.004913738534689571
2203	120-124	0.015257819130539474
2203	125-129	0.0077450317622762554
2203	130-134	0.011425249000602378
2203	135-139	0.023853976044591718
2203	140-144	0.012229652839948812
2203	145-149	0.021018828304498527
2203	150-151	0.005948150829809151
2204	1	0.331717800528736
2204	2	0.13231852953520473
2204	3	0.020953274539792233
2204	4	0.091748549359842
2204	5	0.011596878476282768
2204	6	-0.0065784824149233145
2204	7	0.01619954547707181
2204	8	0.03547512028438149
2204	9	0.06108961392094869
2204	10-14	0.028479743297381788
2204	15-19	-0.004059737272463337
2204	20-24	-0.01262225157354635
2204	25-29	-0.017228734735063256
2204	30-34	-0.005998323615848733
2204	35-39	-0.005292768699227679
2204	40-44	0.0020042902312837896
2204	45-49	0.0017451238563452875
2204	50-54	0.004507336200674672
2204	55-59	0.009179684270257837
2204	60-64	0.014680157133334149
2204	65-69	0.006383258217717014
2204	70-74	1.6423261599385341E-4
2204	75-79	0.002884763913677091
2204	80-84	0.019276778369480496
2204	85-89	0.009560489949187456
2204	90-94	0.009124998887607205
2204	95-99	0.028932530924812738
2204	100-104	0.022998528131033424
2204	105-109	0.027008386711862897
2204	110-114	0.029841904231361127
2204	115-119	0.007440337204577929
2204	120-124	0.026809545309355087
2204	125-129	0.018114371378139538
2204	130-134	0.0360903763375191
2204	135-139	0.03684949528180681
2204	140-144	0.0479005904887444
2204	145-149	0.06524783686961655
2204	150-151	0.06395455705729347
2205	1	0.2723500305677007
2205	2	0.031909823571950824
2205	3	-0.031125976011004752
2205	4	0.025026596196070727
2205	5	0.027523289414240537
2205	6	0.013509111608719593
2205	7	-0.015661953863727263
2205	8	0.0627544598199421
2205	9	0.046003804719354946
2205	10-14	0.01727582870783806
2205	15-19	-0.03301092211777501
2205	20-24	-0.05761439228673737
2205	25-29	-0.04824476764570562
2205	30-34	-0.04065172553942631
2205	35-39	-0.0485190096460002
2205	40-44	-0.038453510317552286
2205	45-49	-0.04112822921025128
2205	50-54	-0.04138129457981421
2205	55-59	-0.0523286537622738
2205	60-64	-0.04753749849171385
2205	65-69	-0.03918295549701867
2205	70-74	-0.05468710116864628
2205	75-79	-0.05256405790630936
2205	80-84	-0.05222345487972291
2205	85-89	-0.05385633986362848
2205	90-94	-0.06572148669412314
2205	95-99	-0.05035900884155353
2205	100-104	-0.06472937319976069
2205	105-109	-0.05744787089253123
2205	110-114	-0.046655987885444006
2205	115-119	-0.05824769452231493
2205	120-124	-0.03932088346694229
2205	125-129	-0.040147926535475165
2205	130-134	-0.044374524342622124
2205	135-139	-0.03845618316840671
2205	140-144	-0.025035378810216002
2205	145-149	-0.018329038592867164
2205	150-151	0.030026732052775174
2206	1	0.3007047544592396
2206	2	0.09576220786015455
2206	3	0.010766913098315456
2206	4	0.06971240739924411
2206	5	-0.025218694908069494
2206	6	0.001269284163079476
2206	7	0.0010112832037236785
2206	8	0.031520627139990154
2206	9	0.036289517690143214
2206	10-14	0.021802655514044034
2206	15-19	-0.016048359583479055
2206	20-24	-0.01659013294482037
2206	25-29	-0.012087551413500819
2206	30-34	-0.0018216231877232758
2206	35-39	-0.01273702912764918
2206	40-44	0.0012652601075231473
2206	45-49	0.007062748808408514
2206	50-54	-0.005553629033414609
2206	55-59	0.0033262348511939877
2206	60-64	0.007675232254236164
2206	65-69	0.00927531693143635
2206	70-74	0.0011266152641908889
2206	75-79	0.01740412628190313
2206	80-84	0.022283021785781898
2206	85-89	0.00880454792812202
2206	90-94	0.0087243185572774
2206	95-99	0.02481726434260878
2206	100-104	0.029240954055950397
2206	105-109	0.035308030085062114
2206	110-114	0.03201231887502587
2206	115-119	0.03628027473371276
2206	120-124	0.05208089183096121
2206	125-129	0.04503091541418769
2206	130-134	0.04048581678063812
2206	135-139	0.03686969759517211
2206	140-144	0.051803292560819614
2206	145-149	0.03381919557399016
2206	150-151	0.06987701678726665
2207	1	0.31041981683953423
2207	2	0.09963514548197594
2207	3	0.0038315313730592493
2207	4	0.07463583021290532
2207	5	-0.010895288292736893
2207	6	0.0024393267440530053
2207	7	0.01704905297458481
2207	8	0.03147390493016644
2207	9	0.013463867456934508
2207	10-14	0.010168416343567799
2207	15-19	-0.005963908847725463
2207	20-24	-0.020066217324874458
2207	25-29	-0.004960557512468711
2207	30-34	-0.014803110035344957
2207	35-39	-0.005739219074250457
2207	40-44	-0.003389555166350533
2207	45-49	-0.002678041412529808
2207	50-54	-0.008372873084539378
2207	55-59	0.0014684244206009112
2207	60-64	-0.004011659405229295
2207	65-69	9.741418566235893E-4
2207	70-74	0.010130567197286666
2207	75-79	-7.268791282299958E-4
2207	80-84	-6.258995608590112E-4
2207	85-89	-0.0014283814341382595
2207	90-94	0.0027628963936621176
2207	95-99	0.007133019408414043
2207	100-104	0.011909070287650536
2207	105-109	0.014143323785901885
2207	110-114	0.016515207429478096
2207	115-119	0.006040062294168536
2207	120-124	0.03246290395203033
2207	125-129	0.021995356300529068
2207	130-134	0.016320453118545686
2207	135-139	0.022207257739609076
2207	140-144	0.0290448574459532
2207	145-149	0.022609895408621128
2207	150-151	0.06394845065280208
2208	1	0.324161282986573
2208	2	0.13108794588060135
2208	3	0.03400961684930337
2208	4	0.07696401664179575
2208	5	0.04466870941100609
2208	6	0.02276937558897174
2208	7	0.07602097070379443
2208	8	0.025514766150685375
2208	9	0.01855897005774665
2208	10-14	0.029538422337076042
2208	15-19	-0.003406712050505689
2208	20-24	-0.006974609822705702
2208	25-29	-0.013648034189799318
2208	30-34	-0.016688314862626896
2208	35-39	-0.005380745816921717
2208	40-44	0.003342476652427706
2208	45-49	0.007783173897614404
2208	50-54	-0.014395822721972706
2208	55-59	-0.004090017054004136
2208	60-64	8.777757672007169E-4
2208	65-69	0.005036770165901316
2208	70-74	-0.004039074787016261
2208	75-79	-0.010873493636303522
2208	80-84	9.933267196515772E-5
2208	85-89	0.004708141122385712
2208	90-94	-0.0013312303332995157
2208	95-99	-5.161642012083689E-4
2208	100-104	9.565802925308731E-4
2208	105-109	0.003707829920372774
2208	110-114	3.7955884494067504E-5
2208	115-119	0.003983093472086807
2208	120-124	0.0190425671176655
2208	125-129	0.015951274017247385
2208	130-134	0.004711486811935117
2208	135-139	0.014401151993119754
2208	140-144	0.010216346036379775
2208	145-149	0.014781146395122846
2208	150-151	0.03288516253426366
2209	1	0.28138850353237643
2209	2	0.10447337228451659
2209	3	0.03609459093229361
2209	4	0.05639851109218341
2209	5	0.06848427775554455
2209	6	-0.007593687321438836
2209	7	0.03520604174173769
2209	8	0.02769188663629052
2209	9	0.012461359260193206
2209	10-14	0.018783564765648464
2209	15-19	-0.012235531945776756
2209	20-24	-0.026085233871448565
2209	25-29	-0.015043187142737224
2209	30-34	-0.013065427258524664
2209	35-39	-0.022257220296609148
2209	40-44	-0.015055356537267528
2209	45-49	-0.024797060322988784
2209	50-54	-0.017942915243196467
2209	55-59	-0.01777693149817594
2209	60-64	-0.021832604482362683
2209	65-69	-0.011199024070123187
2209	70-74	-0.02613333055649747
2209	75-79	-0.02899611800899038
2209	80-84	-0.021996702466736906
2209	85-89	-0.018426391531797037
2209	90-94	-0.027397102304171028
2209	95-99	-0.02137045543793903
2209	100-104	-0.023869486994833267
2209	105-109	-0.025205809890465503
2209	110-114	-0.03359331530846532
2209	115-119	-0.03535899548820254
2209	120-124	-0.01803306070731736
2209	125-129	-0.03504256034457853
2209	130-134	-0.02398801952612928
2209	135-139	-0.022288471692775147
2209	140-144	-0.004753160634891174
2209	145-149	-0.01666463212388436
2209	150-151	0.03598337023582587
2210	1	0.3380868643049624
2210	2	0.13167896190422113
2210	3	0.08601844747859388
2210	4	0.16506645290587585
2210	5	-0.04178089202790858
2210	6	-0.006805404418258831
2210	7	-0.007418796451567289
2210	8	-0.029912562079609017
2210	9	-0.01786484808128108
2210	10-14	-0.012734825405424033
2210	15-19	-0.0035748029618503097
2210	20-24	-0.01563521735565132
2210	25-29	0.004539750635082385
2210	30-34	3.199968638583073E-4
2210	35-39	0.015601290391700218
2210	40-44	0.008544711710257502
2210	45-49	0.013785509629471449
2210	50-54	0.01577052316991967
2210	55-59	0.013003624487573973
2210	60-64	0.03031034876232752
2210	65-69	0.025368559454754802
2210	70-74	0.012019800043823636
2210	75-79	0.020640174715701676
2210	80-84	0.02981836388758552
2210	85-89	0.0349890234858421
2210	90-94	0.028419122627248328
2210	95-99	0.029765174215292234
2210	100-104	0.034160346891084714
2210	105-109	0.03959725016861171
2210	110-114	0.04401948994230054
2210	115-119	0.036979118757173524
2210	120-124	0.04900289288625004
2210	125-129	0.03368130725129248
2210	130-134	0.05542562663134731
2210	135-139	0.04883615210147951
2210	140-144	0.04423371181167113
2210	145-149	0.04623978765675929
2210	150-151	0.09043590308150584
2211	1	0.4076687127478209
2211	2	0.1372226705519637
2211	3	0.050818938859293894
2211	4	0.09397428072828262
2211	5	0.06436531510505006
2211	6	0.017537320953501023
2211	7	0.079037980185646
2211	8	0.02760657594981808
2211	9	0.01940661254231202
2211	10-14	0.003518356580499926
2211	15-19	-0.006615781337480087
2211	20-24	-0.006665110374271421
2211	25-29	-0.0160717786626563
2211	30-34	-0.021368411010627142
2211	35-39	-0.008668745152647261
2211	40-44	-1.346909657939932E-5
2211	45-49	-0.004296422778374165
2211	50-54	-0.009543455698612036
2211	55-59	0.008531400668296385
2211	60-64	-0.006647170299508787
2211	65-69	-0.008057316584029195
2211	70-74	-0.011096824399544403
2211	75-79	-0.01479291370245761
2211	80-84	-0.01593304948998764
2211	85-89	-0.009263028807367846
2211	90-94	-4.603997431189555E-4
2211	95-99	7.679068422561386E-5
2211	100-104	-0.00972252269857421
2211	105-109	-0.010808326531304147
2211	110-114	-0.013918506988645163
2211	115-119	-0.03136639146146791
2211	120-124	-0.0021735524272159523
2211	125-129	-0.006143381581004803
2211	130-134	-0.017766497027650985
2211	135-139	-1.8209110960043517E-4
2211	140-144	-0.021231038678735104
2211	145-149	-0.02135680141544327
2211	150-151	0.02711693054770592
2212	1	0.39999833839691235
2212	2	0.1447149796776941
2212	3	0.12636187593348325
2212	4	0.06696784308268633
2212	5	0.08395249967318108
2212	6	0.05389110651514528
2212	7	0.06427682551075264
2212	8	1.19404076613705E-4
2212	9	0.011038404556011017
2212	10-14	0.014242231677677353
2212	15-19	0.006658170411597553
2212	20-24	-0.005936095996197821
2212	25-29	0.005176170575133199
2212	30-34	-0.005552037720512715
2212	35-39	-0.006840427679378536
2212	40-44	0.006349239696412212
2212	45-49	0.006277164258293055
2212	50-54	0.011114359183508782
2212	55-59	0.010705683599020688
2212	60-64	0.0022250488901534027
2212	65-69	0.008550601266804847
2212	70-74	-0.0020870972249724673
2212	75-79	-2.8188398452755337E-5
2212	80-84	-0.004102148496180291
2212	85-89	0.017104148210634662
2212	90-94	-9.994001171804712E-4
2212	95-99	7.599301331495667E-4
2212	100-104	0.006648916092096613
2212	105-109	-0.010474301895996518
2212	110-114	-0.00979396225935858
2212	115-119	-0.031828289364327134
2212	120-124	-0.013348704003085743
2212	125-129	-0.015481765688583948
2212	130-134	-0.0080298637602354
2212	135-139	-0.026256229099885786
2212	140-144	-0.014430339692161454
2212	145-149	-0.0205906442322501
2212	150-151	0.022477240435726742
2213	1	0.3739180235327737
2213	2	0.1850223528224859
2213	3	0.06558206707814662
2213	4	0.08208825847508905
2213	5	0.0785495392244755
2213	6	0.012464037262510885
2213	7	0.05623710624006151
2213	8	3.2391037341739093E-4
2213	9	0.018659102896315005
2213	10-14	-0.0047418927726283755
2213	15-19	-0.0052068796521140825
2213	20-24	-0.0050339109547294925
2213	25-29	0.003509263726165557
2213	30-34	-0.0125605220342635
2213	35-39	-0.007063617068034489
2213	40-44	-6.787064918327701E-4
2213	45-49	0.006572566073337782
2213	50-54	-0.002479867680385439
2213	55-59	0.0018173821745861574
2213	60-64	-0.001372630389980145
2213	65-69	0.006084521730585379
2213	70-74	-0.012658050984533986
2213	75-79	-0.018846391639300464
2213	80-84	-0.006481977922284443
2213	85-89	-0.009040435025376325
2213	90-94	-0.009197967469873447
2213	95-99	-0.008759876122205412
2213	100-104	-0.015929228801617512
2213	105-109	-0.013422316242483134
2213	110-114	0.0016048373727102216
2213	115-119	-0.036391034982869996
2213	120-124	-0.00283579264452527
2213	125-129	0.00637751880167059
2213	130-134	-0.017674361894471247
2213	135-139	-0.014504613449403791
2213	140-144	-1.5588621265294478E-4
2213	145-149	-0.00674923487267165
2213	150-151	0.028477997923893383
2214	1	0.09797689660625508
2214	2	0.15152482960704816
2214	3	0.06562857707169911
2214	4	0.13838870279209203
2214	5	0.015864335298005017
2214	6	-0.010475410267382301
2214	7	0.05627577446464471
2214	8	0.01563888249816614
2214	9	0.04739802437438101
2214	10-14	0.03588093562028405
2214	15-19	0.025459647501222094
2214	20-24	0.027061284505236927
2214	25-29	0.03579453722068848
2214	30-34	0.03306319240562061
2214	35-39	0.03451525123797694
2214	40-44	0.04495089670950847
2214	45-49	0.04329225625686206
2214	50-54	0.05542560071455682
2214	55-59	0.04957993291098717
2214	60-64	0.05491423232073345
2214	65-69	0.05243284513282731
2214	70-74	0.06835818396773163
2214	75-79	0.05741479994787113
2214	80-84	0.060773471041983385
2214	85-89	0.05356461827936698
2214	90-94	0.055546231959432646
2214	95-99	0.046849860391759535
2214	100-104	0.06443484788452025
2214	105-109	0.06471750801779308
2214	110-114	0.07864727184868059
2214	115-119	0.07571065533034016
2214	120-124	0.09693399003504766
2214	125-129	0.09274451887599611
2214	130-134	0.0893413639339471
2214	135-139	0.09805145716985919
2214	140-144	0.08268534158491292
2214	145-149	0.07170874471137978
2214	150-151	0.12024549748804247
2215	1	0.29482082726722325
2215	2	0.1299725262409055
2215	3	0.07548691578659827
2215	4	0.08007288583799976
2215	5	0.09260155445730334
2215	6	0.020528272156127514
2215	7	0.08510680674422844
2215	8	0.08445667133010204
2215	9	0.07717941750591706
2215	10-14	0.0707969925220624
2215	15-19	0.03296721468122854
2215	20-24	0.027164168293445812
2215	25-29	0.033649868079649536
2215	30-34	0.03451771879569776
2215	35-39	0.04003016382698377
2215	40-44	0.041456277616632065
2215	45-49	0.04370098491227736
2215	50-54	0.049731938685063426
2215	55-59	0.05231379330477637
2215	60-64	0.060052148211191536
2215	65-69	0.0725965047584225
2215	70-74	0.0767964062552906
2215	75-79	0.07731449734139773
2215	80-84	0.06917273714518046
2215	85-89	0.08236745206195195
2215	90-94	0.09004190890959052
2215	95-99	0.07931845163340512
2215	100-104	0.07270313614237978
2215	105-109	0.08326954482710391
2215	110-114	0.08120257121304064
2215	115-119	0.07033381556030349
2215	120-124	0.08303672682757934
2215	125-129	0.09215062081580783
2215	130-134	0.09640467849598622
2215	135-139	0.10815186005003596
2215	140-144	0.09131536867737111
2215	145-149	0.10846717268771044
2215	150-151	0.1538616946553404
2216	1	0.28936052088226916
2216	2	0.10140935230527504
2216	3	0.05938785389403023
2216	4	0.10233580322653779
2216	5	0.060618749017812945
2216	6	0.03246480053915235
2216	7	0.035168835122988185
2216	8	0.08746791793167574
2216	9	0.08984402351274667
2216	10-14	0.06415172471560027
2216	15-19	0.027618098235912214
2216	20-24	0.022823356166334463
2216	25-29	0.03299893536750176
2216	30-34	0.03844983127343937
2216	35-39	0.04217226334769464
2216	40-44	0.04962407213308495
2216	45-49	0.046120794215902094
2216	50-54	0.05216856729034447
2216	55-59	0.050344834423789564
2216	60-64	0.05009922293124447
2216	65-69	0.06159057217393382
2216	70-74	0.05771947768906216
2216	75-79	0.06620578275627054
2216	80-84	0.05871315123963683
2216	85-89	0.0683292123630963
2216	90-94	0.07547463034951107
2216	95-99	0.069616824314636
2216	100-104	0.08303983298149831
2216	105-109	0.09157912959195613
2216	110-114	0.08767612543102388
2216	115-119	0.08040656947255798
2216	120-124	0.08668313652912474
2216	125-129	0.09342450973659311
2216	130-134	0.0891081440578887
2216	135-139	0.09353626534107917
2216	140-144	0.09389406020534352
2216	145-149	0.10810343325453431
2216	150-151	0.1427159026820206
2217	1	0.45762156126490794
2217	2	0.11405265598342851
2217	3	0.08081124792008154
2217	4	0.11361002828119382
2217	5	0.08609700868219505
2217	6	0.011312563245091667
2217	7	0.08845006644953202
2217	8	0.10212517089243534
2217	9	0.10422060809506206
2217	10-14	0.07963931149586756
2217	15-19	0.04155612065704162
2217	20-24	0.04251544106208627
2217	25-29	0.04545095643107544
2217	30-34	0.05776581007456372
2217	35-39	0.05335136087187209
2217	40-44	0.06239560728147353
2217	45-49	0.06377709589458647
2217	50-54	0.05718509770419189
2217	55-59	0.06998332336263502
2217	60-64	0.06980256857301725
2217	65-69	0.07091841276095323
2217	70-74	0.08567526803512493
2217	75-79	0.0850106302819924
2217	80-84	0.08928153448528775
2217	85-89	0.09095806594930878
2217	90-94	0.09355155660290393
2217	95-99	0.11361257736533759
2217	100-104	0.11221029157524498
2217	105-109	0.10923197360902748
2217	110-114	0.11761052726343024
2217	115-119	0.11500242061421773
2217	120-124	0.12975264932160968
2217	125-129	0.1462940277499527
2217	130-134	0.15432799077854042
2217	135-139	0.14834953694594333
2217	140-144	0.1627907947412126
2217	145-149	0.15001409123961906
2217	150-151	0.19446838822535994
2218	1	0.3949841306779973
2218	2	0.10294885287650857
2218	3	0.08176779542290546
2218	4	0.06826100198221496
2218	5	0.07466171859817194
2218	6	0.007845012080863967
2218	7	0.0632013574227912
2218	8	0.05706181093784579
2218	9	0.09450194845732085
2218	10-14	0.060084191203706894
2218	15-19	0.02646389286515216
2218	20-24	0.023030762206843747
2218	25-29	0.02001434780871847
2218	30-34	0.024547181077096525
2218	35-39	0.027616091632182815
2218	40-44	0.02961505361390948
2218	45-49	0.024271487158394223
2218	50-54	0.02575431151718277
2218	55-59	0.023721764653743094
2218	60-64	0.0249888356233825
2218	65-69	0.03230043908519775
2218	70-74	0.023684244406112498
2218	75-79	0.027807843537651422
2218	80-84	0.046075367805308076
2218	85-89	0.037774591525334245
2218	90-94	0.038837280202109525
2218	95-99	0.029715151953730867
2218	100-104	0.0393555969369217
2218	105-109	0.03971190489876619
2218	110-114	0.05171714793389981
2218	115-119	0.04431018664953967
2218	120-124	0.050010148305666746
2218	125-129	0.06361264536354128
2218	130-134	0.07781910006614368
2218	135-139	0.0652670272657474
2218	140-144	0.07223008371681772
2218	145-149	0.07680073348799255
2218	150-151	0.13240718913714744
2219	1	0.2877741298468166
2219	2	0.11073613645848468
2219	3	0.02945822107388807
2219	4	0.08700513608960136
2219	5	0.07523253345126335
2219	6	-0.0038664437647426553
2219	7	0.06970438897791098
2219	8	0.08973280138887674
2219	9	0.09967863713974623
2219	10-14	0.06322002050641373
2219	15-19	0.025981404349380455
2219	20-24	0.014102888493340515
2219	25-29	0.02302199841201258
2219	30-34	0.028060063160914694
2219	35-39	0.025270558712520597
2219	40-44	0.0315071664995088
2219	45-49	0.018370888889101877
2219	50-54	0.02132543513699403
2219	55-59	0.018320981094412048
2219	60-64	0.03934123822758551
2219	65-69	0.034347715501631626
2219	70-74	0.04310702992006554
2219	75-79	0.04870717298274485
2219	80-84	0.055178909830743805
2219	85-89	0.053381376651600476
2219	90-94	0.06363073371741734
2219	95-99	0.08230224007347431
2219	100-104	0.08069028956399649
2219	105-109	0.07380680205604051
2219	110-114	0.07365084755637952
2219	115-119	0.07643108532574416
2219	120-124	0.0874111437107743
2219	125-129	0.07940789086610067
2219	130-134	0.09277784625120233
2219	135-139	0.10483120783516142
2219	140-144	0.10370204310724063
2219	145-149	0.11477391654285185
2219	150-151	0.14924218505476006
2220	1	0.1366103148948099
2220	2	0.1510230189000623
2220	3	0.07055512167173106
2220	4	0.046435984778831596
2220	5	0.08602495847664215
2220	6	0.018925481966590496
2220	7	0.07513143587441817
2220	8	0.08325661309631016
2220	9	0.08308358358856793
2220	10-14	0.07746013117217387
2220	15-19	0.04204283336144243
2220	20-24	0.021362432658783348
2220	25-29	0.03759779811606734
2220	30-34	0.04982299173364879
2220	35-39	0.05195948263375527
2220	40-44	0.05761025000066411
2220	45-49	0.049727415932103725
2220	50-54	0.0422695475050574
2220	55-59	0.044604376598591955
2220	60-64	0.055468714593665425
2220	65-69	0.05764477868876128
2220	70-74	0.053229729358754696
2220	75-79	0.06261604749539629
2220	80-84	0.0650977028389832
2220	85-89	0.05778102565828647
2220	90-94	0.06879246173544118
2220	95-99	0.07367896746573166
2220	100-104	0.0776003576769142
2220	105-109	0.0945321323475099
2220	110-114	0.08702687364012007
2220	115-119	0.10540314477606216
2220	120-124	0.09195076498161825
2220	125-129	0.10795859263886598
2220	130-134	0.10691146646818339
2220	135-139	0.0983370859018251
2220	140-144	0.11952378851439249
2220	145-149	0.127433436038082
2220	150-151	0.17131897398315488
2221	1	0.24659667223721016
2221	2	0.08958083614219703
2221	3	0.08510825560583157
2221	4	0.0911307054755568
2221	5	0.08289240398399045
2221	6	0.009695186212695717
2221	7	0.051641922956868314
2221	8	0.09857407153565845
2221	9	0.09164423674302213
2221	10-14	0.07850845440235332
2221	15-19	0.03406171453247708
2221	20-24	0.029033619700932434
2221	25-29	0.024814776282731543
2221	30-34	0.029958863376826628
2221	35-39	0.03731377339668285
2221	40-44	0.04424633136164857
2221	45-49	0.03541329176541552
2221	50-54	0.0300757351730212
2221	55-59	0.040428282015660955
2221	60-64	0.047172978362404194
2221	65-69	0.047920462616971804
2221	70-74	0.04470655088623232
2221	75-79	0.049594539664809645
2221	80-84	0.06626898674396386
2221	85-89	0.06886653385132746
2221	90-94	0.0592057305586664
2221	95-99	0.07788612602480072
2221	100-104	0.06356477787117143
2221	105-109	0.07881767608220258
2221	110-114	0.08318744443455728
2221	115-119	0.08073715829868178
2221	120-124	0.08097222677162819
2221	125-129	0.09506414196068391
2221	130-134	0.08613807973753751
2221	135-139	0.08495978774040935
2221	140-144	0.09069091790156136
2221	145-149	0.092235016827793
2221	150-151	0.155606856986104
2222	1	0.31273920500813546
2222	2	0.13979891635196395
2222	3	0.07584681975144036
2222	4	0.05658183739734568
2222	5	0.06545337897147618
2222	6	0.04936333793328629
2222	7	0.0822182443627284
2222	8	0.1216999509763852
2222	9	0.09478409797281984
2222	10-14	0.08924628924798128
2222	15-19	0.042581741039256826
2222	20-24	0.02922563806791345
2222	25-29	0.030016376396865496
2222	30-34	0.042257362316107105
2222	35-39	0.05164806337200645
2222	40-44	0.053022715205777615
2222	45-49	0.04194585084035651
2222	50-54	0.04277858172628157
2222	55-59	0.04738250765937835
2222	60-64	0.04500991836288648
2222	65-69	0.05539807975790012
2222	70-74	0.06237037940063317
2222	75-79	0.057140313598750936
2222	80-84	0.05860534038244225
2222	85-89	0.07004080982627414
2222	90-94	0.07012795501066904
2222	95-99	0.08218338833695071
2222	100-104	0.06654264299181989
2222	105-109	0.07515581485596101
2222	110-114	0.0709671767008544
2222	115-119	0.07442017724768846
2222	120-124	0.07808652878302524
2222	125-129	0.09370042884605567
2222	130-134	0.08424881968968378
2222	135-139	0.0931979856935925
2222	140-144	0.09439153805094236
2222	145-149	0.1030261306620801
2222	150-151	0.13704195493720306
2223	1	0.47304957586142393
2223	2	0.11122085393523662
2223	3	0.07475995536643865
2223	4	0.108130772383916
2223	5	0.09555703183438169
2223	6	0.023343394887369584
2223	7	0.07719513549842105
2223	8	0.0856430310319638
2223	9	0.07044004270318993
2223	10-14	0.06887481486034375
2223	15-19	0.03006724870591171
2223	20-24	0.018188665242810487
2223	25-29	0.025076006713227628
2223	30-34	0.03215757260123553
2223	35-39	0.0316805024875606
2223	40-44	0.04349501899864805
2223	45-49	0.035783031836288615
2223	50-54	0.027417801989543023
2223	55-59	0.028063589426182034
2223	60-64	0.03167595138740609
2223	65-69	0.04139763401004615
2223	70-74	0.03281469457346731
2223	75-79	0.033030762820636994
2223	80-84	0.03668106824814288
2223	85-89	0.030542673025124145
2223	90-94	0.029750348777490387
2223	95-99	0.05518528596585526
2223	100-104	0.05015085817514375
2223	105-109	0.06401995351031076
2223	110-114	0.05230635919774329
2223	115-119	0.04427673993432535
2223	120-124	0.06511915352986364
2223	125-129	0.06157905973676492
2223	130-134	0.05985340371557868
2223	135-139	0.06885140102797038
2223	140-144	0.057825000679613936
2223	145-149	0.06373222474125129
2223	150-151	0.09869193580185964
2224	1	0.248750873994517
2224	2	0.13611455324640787
2224	3	0.06768095722040357
2224	4	0.07955656164877212
2224	5	0.06734622996896178
2224	6	0.0297258669628917
2224	7	0.04297075623907887
2224	8	0.08908725841770604
2224	9	0.06755171364902424
2224	10-14	0.052060757144829495
2224	15-19	0.023401774241321505
2224	20-24	0.0019606284964410747
2224	25-29	0.016572295645040924
2224	30-34	0.027016682789458457
2224	35-39	0.02088269736039905
2224	40-44	0.01337673613274859
2224	45-49	0.02593572128192534
2224	50-54	0.019610101714533812
2224	55-59	0.021610478416484113
2224	60-64	0.019069327508397294
2224	65-69	0.017362989545596008
2224	70-74	0.018941800183867485
2224	75-79	0.02173458570987208
2224	80-84	0.014594007161377931
2224	85-89	0.02998802414020929
2224	90-94	0.025091135172225165
2224	95-99	0.03245959324983971
2224	100-104	0.03115596765340456
2224	105-109	0.042836006374457725
2224	110-114	0.03961698500754807
2224	115-119	0.016664837088953277
2224	120-124	0.043541131558043844
2224	125-129	0.03232570290271042
2224	130-134	0.027530540602114684
2224	135-139	0.05866421201823613
2224	140-144	0.048165449906051094
2224	145-149	0.06209522650458865
2224	150-151	0.07518110906892161
2225	1	0.435713326259652
2225	2	0.129070831581366
2225	3	0.08021828801057751
2225	4	0.1343745360821984
2225	5	0.020469423017395627
2225	6	-0.0072334862854290805
2225	7	0.06763241418737209
2225	8	0.07677882290898452
2225	9	0.06196125233477545
2225	10-14	0.047629978458687106
2225	15-19	0.017845069820886295
2225	20-24	0.019451579400147523
2225	25-29	0.02580671866842721
2225	30-34	0.02232402208854012
2225	35-39	0.02018633063993036
2225	40-44	0.02857023771220213
2225	45-49	0.02332993684659357
2225	50-54	0.026474620415896766
2225	55-59	0.03122506634099409
2225	60-64	0.03781674293396975
2225	65-69	0.04038188882709193
2225	70-74	0.029464370350758884
2225	75-79	0.03583534033630542
2225	80-84	0.035944805322856155
2225	85-89	0.048656205989857426
2225	90-94	0.04385344803640834
2225	95-99	0.03592911069234361
2225	100-104	0.05041051247564354
2225	105-109	0.04384460656689981
2225	110-114	0.0518067791661565
2225	115-119	0.03865265911866089
2225	120-124	0.049741689071467476
2225	125-129	0.04387464439410138
2225	130-134	0.06411939863067317
2225	135-139	0.06180106004196517
2225	140-144	0.04440259125898649
2225	145-149	0.05153132422385198
2225	150-151	0.10149040690571809
2226	1	0.4585720976348
2226	2	0.12504066743103692
2226	3	0.03781384364818763
2226	4	0.08027256447414999
2226	5	0.09947019232478738
2226	6	0.05465616800854178
2226	7	0.07282374241260925
2226	8	0.10793835927157858
2226	9	0.0664753927195676
2226	10-14	0.06390476925132305
2226	15-19	0.004701969116098326
2226	20-24	0.001236709782794776
2226	25-29	-4.267171288105942E-4
2226	30-34	0.010441113225517995
2226	35-39	0.022215149669257528
2226	40-44	0.03069088205991477
2226	45-49	0.022351755523409622
2226	50-54	0.02423576049445586
2226	55-59	0.02263075435197237
2226	60-64	0.020660107950341455
2226	65-69	0.042385438095728034
2226	70-74	0.028484341631937582
2226	75-79	0.03928129210193276
2226	80-84	0.02980036792984464
2226	85-89	0.035451032398938764
2226	90-94	0.02629172671002067
2226	95-99	0.036357985160499595
2226	100-104	0.047066799552915484
2226	105-109	0.05984499039001889
2226	110-114	0.056683273994181604
2226	115-119	0.04091021558633656
2226	120-124	0.06279159465643858
2226	125-129	0.07839238765850354
2226	130-134	0.0800209068272082
2226	135-139	0.07678300861940102
2226	140-144	0.07809810248814841
2226	145-149	0.0732529778105615
2226	150-151	0.10651143734421709
2227	1	0.3828373959900091
2227	2	0.14147886585678293
2227	3	0.07767579371216726
2227	4	0.13394318116268522
2227	5	0.11882845218518412
2227	6	0.05166517163409168
2227	7	0.09154507399570377
2227	8	0.11428101922405176
2227	9	0.10191217802963592
2227	10-14	0.06944745381017725
2227	15-19	0.03348290799731046
2227	20-24	0.010640540834351953
2227	25-29	0.017872565074959823
2227	30-34	0.021404946460876317
2227	35-39	0.022241683196682516
2227	40-44	0.026538652056153467
2227	45-49	0.034910410616483034
2227	50-54	0.03961334944612105
2227	55-59	0.02898821204852453
2227	60-64	0.029566271913324726
2227	65-69	0.03193132461602488
2227	70-74	0.036907815142576794
2227	75-79	0.048926986249476556
2227	80-84	0.037490016615663535
2227	85-89	0.03982347694999788
2227	90-94	0.028473739630456407
2227	95-99	0.04516428281347373
2227	100-104	0.042431490656220205
2227	105-109	0.05607735326734087
2227	110-114	0.04900316087122292
2227	115-119	0.05709451659693343
2227	120-124	0.08825292903726734
2227	125-129	0.07693825850891045
2227	130-134	0.09411066285505143
2227	135-139	0.08138377619528114
2227	140-144	0.09143688527372262
2227	145-149	0.11048401416976361
2227	150-151	0.11510659077853092
2228	1	0.4956697096239253
2228	2	0.14036636253346302
2228	3	0.08134282350245314
2228	4	0.11166203157438304
2228	5	0.08564357421778368
2228	6	0.053965463917165835
2228	7	0.08867081463661464
2228	8	0.10461975531501366
2228	9	0.10447326161233406
2228	10-14	0.06733780621646446
2228	15-19	0.014272289281684891
2228	20-24	-0.0036568773652376763
2228	25-29	0.017045673364847858
2228	30-34	0.016400811851688957
2228	35-39	0.025871551715894725
2228	40-44	0.024151189474302726
2228	45-49	0.023973541677584365
2228	50-54	0.027328040415248722
2228	55-59	0.01602784227610954
2228	60-64	0.025314451657941106
2228	65-69	0.025484552059523935
2228	70-74	0.023012688437290763
2228	75-79	0.028574181553409517
2228	80-84	0.032544417234447565
2228	85-89	0.026590928533337888
2228	90-94	0.049374888261844774
2228	95-99	0.03367031515177388
2228	100-104	0.038012747017155846
2228	105-109	0.03806339284106741
2228	110-114	0.0576345942189036
2228	115-119	0.05914060879878491
2228	120-124	0.07460823139304296
2228	125-129	0.08225795168404915
2228	130-134	0.05600480001889707
2228	135-139	0.0668219798379397
2228	140-144	0.07203775148809655
2228	145-149	0.08049979250331774
2228	150-151	0.11565233761658789
2229	1	0.4380359932142923
2229	2	0.12623212672102113
2229	3	0.07347807048145683
2229	4	0.1118452553170215
2229	5	0.08134017121425785
2229	6	0.03936246775610641
2229	7	0.07111286311715759
2229	8	0.09469966807447605
2229	9	0.10014716996456485
2229	10-14	0.06401913613627386
2229	15-19	0.029999168842849144
2229	20-24	0.02185160781602491
2229	25-29	0.028380741497706197
2229	30-34	0.022405055110908734
2229	35-39	0.028607178543474276
2229	40-44	0.03969438467078845
2229	45-49	0.02561033860539652
2229	50-54	0.03412826477743636
2229	55-59	0.03179953467403607
2229	60-64	0.03907968939308404
2229	65-69	0.05392787800350618
2229	70-74	0.047545238238903664
2229	75-79	0.059497791765892316
2229	80-84	0.06014825667246981
2229	85-89	0.05693616307622307
2229	90-94	0.05888501471861929
2229	95-99	0.05403838924456039
2229	100-104	0.051153238685749614
2229	105-109	0.056177379401205485
2229	110-114	0.052126306482684015
2229	115-119	0.05970420255592046
2229	120-124	0.06493080189805767
2229	125-129	0.06816526008562107
2229	130-134	0.06586185317600268
2229	135-139	0.07293088399075032
2229	140-144	0.05918072259145646
2229	145-149	0.07660022812680012
2229	150-151	0.09125871716017997
2230	1	0.475709902892234
2230	2	0.12424836525801197
2230	3	0.07419353064121026
2230	4	0.11009753152134749
2230	5	0.0911554899390623
2230	6	0.023483752884949638
2230	7	0.055185749385579186
2230	8	0.11343097877200137
2230	9	0.08042370812933086
2230	10-14	0.059739252671533905
2230	15-19	0.02309036436312084
2230	20-24	0.007172544561612426
2230	25-29	0.02164540134365467
2230	30-34	0.024509405806149687
2230	35-39	0.029533960666597636
2230	40-44	0.028047684631054892
2230	45-49	0.021952233505800223
2230	50-54	0.029336663851871947
2230	55-59	0.017843572238518846
2230	60-64	0.026722707520420386
2230	65-69	0.031380877941835195
2230	70-74	0.023122376293564173
2230	75-79	0.03208458522721003
2230	80-84	0.03617549941378684
2230	85-89	0.030374571511146087
2230	90-94	0.02459315254795058
2230	95-99	0.03284202676798742
2230	100-104	0.03682641867111869
2230	105-109	0.04995034670295695
2230	110-114	0.05593215190641132
2230	115-119	0.04501413732971571
2230	120-124	0.06888678203988974
2230	125-129	0.06757623166413396
2230	130-134	0.06750059846198297
2230	135-139	0.08054401155157365
2230	140-144	0.08958738252870546
2230	145-149	0.0855368433355892
2230	150-151	0.1308482882801698
2231	1	0.44199195355696475
2231	2	0.11325245616960444
2231	3	0.0445175950525325
2231	4	0.11692915216471533
2231	5	0.09736303497912502
2231	6	0.04055029027883705
2231	7	0.054380969064425244
2231	8	0.09056661253242027
2231	9	0.0836953516900536
2231	10-14	0.07097312127604027
2231	15-19	0.03641904774073623
2231	20-24	0.02051031348662491
2231	25-29	0.024131114728959346
2231	30-34	0.036649979970889035
2231	35-39	0.03958057797736814
2231	40-44	0.042571325913378644
2231	45-49	0.03651116614635441
2231	50-54	0.035002666838828134
2231	55-59	0.03274553965901106
2231	60-64	0.044835232467058006
2231	65-69	0.043371862120636706
2231	70-74	0.05424310451522274
2231	75-79	0.039057489983093774
2231	80-84	0.037967317794318944
2231	85-89	0.056193188267073424
2231	90-94	0.06789662585035217
2231	95-99	0.06101510253359521
2231	100-104	0.06237898943764009
2231	105-109	0.06456014998251192
2231	110-114	0.06866332785782703
2231	115-119	0.07135133711743435
2231	120-124	0.06571630503314196
2231	125-129	0.0702369506778524
2231	130-134	0.0676623105877141
2231	135-139	0.06139038019388465
2231	140-144	0.05781339448283518
2231	145-149	0.08008528541058979
2231	150-151	0.10071461679181226
2232	1	0.4081125246786712
2232	2	0.12537356088956386
2232	3	0.07802511630129771
2232	4	0.1100133686636866
2232	5	0.0844683043953296
2232	6	0.042166210423552286
2232	7	0.11358685648856692
2232	8	0.09399073259708501
2232	9	0.08908152027218108
2232	10-14	0.06953186260334832
2232	15-19	0.024704062482072686
2232	20-24	0.017194240207352607
2232	25-29	0.026189821057528206
2232	30-34	0.03632626547493345
2232	35-39	0.02821520904176822
2232	40-44	0.025419726835153256
2232	45-49	0.03303654315954674
2232	50-54	0.03442220003550034
2232	55-59	0.029114486200121803
2232	60-64	0.027787252389060768
2232	65-69	0.04127056008822194
2232	70-74	0.041407832152664525
2232	75-79	0.041916908745825765
2232	80-84	0.04340732022262728
2232	85-89	0.04381747409110659
2232	90-94	0.03776823508579241
2232	95-99	0.05091205454229453
2232	100-104	0.050223389727548806
2232	105-109	0.06934391964862385
2232	110-114	0.06567493213003672
2232	115-119	0.06548910865110003
2232	120-124	0.06003426043972837
2232	125-129	0.0712447229480091
2232	130-134	0.06964087373345507
2232	135-139	0.07166271816572589
2232	140-144	0.06708428947444389
2232	145-149	0.06595445394336963
2232	150-151	0.10979085477882933
2233	1	0.5356344812025853
2233	2	0.1341129275889159
2233	3	0.0970362621426375
2233	4	0.13483449762762234
2233	5	0.10883292309343773
2233	6	0.05893840450617205
2233	7	0.07630058937979811
2233	8	0.09787945512245244
2233	9	0.10939555045300864
2233	10-14	0.07309789248765952
2233	15-19	0.029174356496667997
2233	20-24	0.014348685055175281
2233	25-29	0.021307063997362263
2233	30-34	0.030571635726488466
2233	35-39	0.016156608572465814
2233	40-44	0.019882967777860472
2233	45-49	0.025543639492006776
2233	50-54	0.026197888795785218
2233	55-59	0.022993823463238527
2233	60-64	0.022868612272503697
2233	65-69	0.024499279004345453
2233	70-74	0.03143921406803685
2233	75-79	0.03120466448094561
2233	80-84	0.04370470784947855
2233	85-89	0.025949491177769346
2233	90-94	0.02070887253618281
2233	95-99	0.03570170261230743
2233	100-104	0.037639120086048194
2233	105-109	0.0490472260968744
2233	110-114	0.042061122976313925
2233	115-119	0.04340926782274579
2233	120-124	0.04911800356849483
2233	125-129	0.06596573232761926
2233	130-134	0.057002859697696806
2233	135-139	0.05350695004153749
2233	140-144	0.04697295345680175
2233	145-149	0.059547135195096246
2233	150-151	0.07706886323802564
2234	1	0.4270013526123222
2234	2	0.07748241844342374
2234	3	0.10120626951757572
2234	4	0.061014880081977196
2234	5	0.07373442480029979
2234	6	0.04576758626354405
2234	7	0.057774839564757485
2234	8	0.0502399448802322
2234	9	0.07762717637250915
2234	10-14	0.05870197594575188
2234	15-19	0.028934628326332756
2234	20-24	0.015815095716568806
2234	25-29	0.0034097924295579674
2234	30-34	0.00605811460857808
2234	35-39	0.015372043017592318
2234	40-44	0.012667778222905213
2234	45-49	0.015433372975508064
2234	50-54	0.012250619633846327
2234	55-59	0.019827841295395388
2234	60-64	0.010497004469350202
2234	65-69	0.017482885479999766
2234	70-74	0.0030958804875922397
2234	75-79	0.011261454856686726
2234	80-84	0.010299096666891217
2234	85-89	0.016022525779739283
2234	90-94	0.025782900894562033
2234	95-99	0.023698329413640806
2234	100-104	0.02833110593608268
2234	105-109	0.035461534522298166
2234	110-114	0.033544154935626125
2234	115-119	0.02374616384476269
2234	120-124	0.04511521229557047
2234	125-129	0.04179110101479466
2234	130-134	0.036430220773688404
2234	135-139	0.032042154144249935
2234	140-144	0.04101703933652345
2234	145-149	0.0585586452867517
2234	150-151	0.08383882669007647
2235	1	0.3228205131911963
2235	2	0.05783736487168056
2235	3	0.01748129284437283
2235	4	0.06911498455617249
2235	5	0.0631882003043529
2235	6	-0.01475880307611277
2235	7	0.0661712823598819
2235	8	0.039791137206968585
2235	9	0.028579774007340575
2235	10-14	0.039707362378301525
2235	15-19	0.04012217514748784
2235	20-24	0.012125478116480792
2235	25-29	0.014113912788417338
2235	30-34	0.010341978337947921
2235	35-39	0.022243468936018473
2235	40-44	0.027851404398759882
2235	45-49	0.018183037197538
2235	50-54	0.023727723246857124
2235	55-59	0.028247902119886703
2235	60-64	0.03746947031438452
2235	65-69	0.03254742242517494
2235	70-74	0.03533333372430292
2235	75-79	0.04678081134564849
2235	80-84	0.03640255356899047
2235	85-89	0.04530517222306685
2235	90-94	0.0441184752209125
2235	95-99	0.039317841247324736
2235	100-104	0.05104051853484748
2235	105-109	0.04810439395042465
2235	110-114	0.06324099742540312
2235	115-119	0.045798726128857936
2235	120-124	0.0545064810767002
2235	125-129	0.05918167025230048
2235	130-134	0.05682379508278501
2235	135-139	0.04290516032157399
2235	140-144	0.03394923041445708
2235	145-149	0.04420919247868227
2235	150-151	0.09514644772369962
2236	1	0.2736226813346079
2236	2	0.022339480139748957
2236	3	0.05264062263321989
2236	4	0.04714445654133925
2236	5	0.07065599925894617
2236	6	-0.030387942509733534
2236	7	0.06898591624587169
2236	8	0.06182904794938793
2236	9	0.04685170273597805
2236	10-14	0.03683773003722024
2236	15-19	0.01623686266167823
2236	20-24	0.012223904500316962
2236	25-29	0.01615781258661997
2236	30-34	0.019949094226014097
2236	35-39	0.023726761579624167
2236	40-44	0.024183716548769496
2236	45-49	0.03399124656477426
2236	50-54	0.03109818632978545
2236	55-59	0.02088969461107837
2236	60-64	0.03136850458867002
2236	65-69	0.02297053319944098
2236	70-74	0.030498100938579853
2236	75-79	0.02657371305383549
2236	80-84	0.017646626078274608
2236	85-89	0.028814441103904187
2236	90-94	0.02513407558752334
2236	95-99	0.0169434595048088
2236	100-104	0.041989853810910915
2236	105-109	0.024815127115083158
2236	110-114	0.028830291901975613
2236	115-119	0.04831631211196452
2236	120-124	0.050146958041374035
2236	125-129	0.05544844171644314
2236	130-134	0.03669079691550081
2236	135-139	0.0568127446981066
2236	140-144	0.0490577242968655
2236	145-149	0.029404813482955205
2236	150-151	0.0606029501460128
2237	1	0.21849065041985938
2237	2	0.0289539428504213
2237	3	0.026222998486851168
2237	4	0.06143167384401238
2237	5	0.051401810767472966
2237	6	0.0034572387184539366
2237	7	0.07522810423026272
2237	8	0.06548634501797324
2237	9	0.06735927975392286
2237	10-14	0.06414990887342498
2237	15-19	0.018936635030939897
2237	20-24	0.021638692161140227
2237	25-29	0.02636051769098202
2237	30-34	0.02703467844817453
2237	35-39	0.03132113327072972
2237	40-44	0.041290557168956354
2237	45-49	0.03852338459883242
2237	50-54	0.038353284667067555
2237	55-59	0.0347284817958311
2237	60-64	0.04524112417454518
2237	65-69	0.042313537604506735
2237	70-74	0.035507512173055034
2237	75-79	0.034190298163274235
2237	80-84	0.04269081188201085
2237	85-89	0.04254655737325663
2237	90-94	0.046081298237474755
2237	95-99	0.04562485703411312
2237	100-104	0.04169128984859327
2237	105-109	0.0594072259600793
2237	110-114	0.06241373088072777
2237	115-119	0.036524138970925435
2237	120-124	0.05770710022487435
2237	125-129	0.06244222071323691
2237	130-134	0.051286672928966937
2237	135-139	0.0503627202512007
2237	140-144	0.05300221744716538
2237	145-149	0.06553104788935116
2237	150-151	0.08039876180809102
2238	1	0.2408298191793321
2238	2	0.11669041908285749
2238	3	-0.030085885869034712
2238	4	0.058760101038039636
2238	5	0.04654671815089273
2238	6	-0.008374023207537107
2238	7	0.06934319581390014
2238	8	0.036514835894685405
2238	9	0.05510238852886573
2238	10-14	0.055329941261483384
2238	15-19	0.02515892915003093
2238	20-24	0.01856692168574625
2238	25-29	0.026769346805622263
2238	30-34	0.028792034116882803
2238	35-39	0.0238524755041567
2238	40-44	0.03348426050742859
2238	45-49	0.026937813786567233
2238	50-54	0.03409504517197348
2238	55-59	0.03520268785555203
2238	60-64	0.025618100596737747
2238	65-69	0.03289690062174344
2238	70-74	0.03185653521854448
2238	75-79	0.031203430319990844
2238	80-84	0.044630952127235446
2238	85-89	0.0402295316140453
2238	90-94	0.04265656225513936
2238	95-99	0.057914049372961074
2238	100-104	0.029485951542326916
2238	105-109	0.05301741735609511
2238	110-114	0.03624241471052869
2238	115-119	0.03359428353364535
2238	120-124	0.03738408479045319
2238	125-129	0.07040284993014723
2238	130-134	0.06462547920975936
2238	135-139	0.05181432133074537
2238	140-144	0.04551074780574993
2238	145-149	0.05057673018876585
2238	150-151	0.10309062897019317
2239	1	0.23978739995936138
2239	2	-0.005630641949707638
2239	3	9.323184906548931E-4
2239	4	0.012100071987219962
2239	5	0.03563860597533619
2239	6	-0.008883464258275353
2239	7	0.04552140460664589
2239	8	0.05280501596058684
2239	9	0.05484916213342217
2239	10-14	0.041622008606708505
2239	15-19	0.015162783066926977
2239	20-24	0.0064669710162093
2239	25-29	0.019820041670101318
2239	30-34	0.018023683840183935
2239	35-39	0.023381091349975236
2239	40-44	0.02456099019854463
2239	45-49	0.026011212456957367
2239	50-54	0.017058360821806673
2239	55-59	0.023917260721084688
2239	60-64	0.019996166885910327
2239	65-69	0.037893816567418526
2239	70-74	0.03780412818295531
2239	75-79	0.038650697071851425
2239	80-84	0.04390546815966445
2239	85-89	0.043046295001758494
2239	90-94	0.0450209673526345
2239	95-99	0.0333014035888084
2239	100-104	0.026797715293803037
2239	105-109	0.038048528425122186
2239	110-114	0.035430862895694304
2239	115-119	0.032969145458828564
2239	120-124	0.04675548489850456
2239	125-129	0.04437800995579977
2239	130-134	0.04439367340514622
2239	135-139	0.04730663465094409
2239	140-144	0.03241141275431403
2239	145-149	0.04537270628680545
2239	150-151	0.08957395241997546
2240	1	0.39085019528490506
2240	2	0.11350438054930834
2240	3	0.0772485300184158
2240	4	0.07633740710559778
2240	5	0.04936144559334821
2240	6	0.002240290581092097
2240	7	0.07229956751167066
2240	8	0.07196215932994221
2240	9	0.07988015279119765
2240	10-14	0.060726065335352075
2240	15-19	0.03996365449646788
2240	20-24	0.02059690766990485
2240	25-29	0.0278407370677769
2240	30-34	0.034775662303999866
2240	35-39	0.025110024883886695
2240	40-44	0.03475120182061886
2240	45-49	0.039867572581592015
2240	50-54	0.034203442648340854
2240	55-59	0.027057350951857018
2240	60-64	0.025586210729620973
2240	65-69	0.03238979388139995
2240	70-74	0.032566466625254975
2240	75-79	0.040391694740208095
2240	80-84	0.04836916620448051
2240	85-89	0.03350297514337797
2240	90-94	0.04603916889893611
2240	95-99	0.04848956045672992
2240	100-104	0.05245209010210061
2240	105-109	0.05746114669945257
2240	110-114	0.05296017426544353
2240	115-119	0.04769790392443696
2240	120-124	0.06312633042396243
2240	125-129	0.049042279067265326
2240	130-134	0.06791647401860956
2240	135-139	0.059497646195907805
2240	140-144	0.06106396035998074
2240	145-149	0.06506461073343672
2240	150-151	0.12705441935306538
2241	1	0.2271397670670794
2241	2	0.06521727273239719
2241	3	0.028755479555726993
2241	4	0.053333949379577916
2241	5	0.029293149398107232
2241	6	0.016918173324235397
2241	7	0.05594708117938296
2241	8	0.09052051971013242
2241	9	0.06807868340389689
2241	10-14	0.06783367099332338
2241	15-19	0.0404644537758756
2241	20-24	0.022554636586050947
2241	25-29	0.024638203316875718
2241	30-34	0.02718797295698039
2241	35-39	0.029021901553640816
2241	40-44	0.030710962194547164
2241	45-49	0.037606691934307435
2241	50-54	0.02555310253316634
2241	55-59	0.031050955059058083
2241	60-64	0.03274045696668537
2241	65-69	0.040899774809126654
2241	70-74	0.04098705750585907
2241	75-79	0.046992474235651116
2241	80-84	0.05769529287800168
2241	85-89	0.04577173418691416
2241	90-94	0.04391900205303756
2241	95-99	0.051068056063712675
2241	100-104	0.05342801919345419
2241	105-109	0.07011649438984335
2241	110-114	0.04822915424641394
2241	115-119	0.05560071617169626
2241	120-124	0.05410716459315523
2241	125-129	0.08343169239149262
2241	130-134	0.06941061010898153
2241	135-139	0.06195234165224406
2241	140-144	0.057497130588537004
2241	145-149	0.06758812898671351
2241	150-151	0.08948613050660015
2242	1	0.323337455377704
2242	2	0.07620080211450642
2242	3	0.07209641565599156
2242	4	0.08160500550064853
2242	5	0.05788962075506987
2242	6	0.020378214981484177
2242	7	0.049060852727102144
2242	8	0.08854597334281777
2242	9	0.08935269931574652
2242	10-14	0.06348030920585757
2242	15-19	0.019877815396931453
2242	20-24	0.0179839073875101
2242	25-29	0.01590587339569538
2242	30-34	0.038664182354736454
2242	35-39	0.03846506876816136
2242	40-44	0.03500124004682448
2242	45-49	0.02477927018519921
2242	50-54	0.030724959514799366
2242	55-59	0.027460694409235487
2242	60-64	0.041830967362741944
2242	65-69	0.03256379944502186
2242	70-74	0.039592129783137864
2242	75-79	0.02877734270619925
2242	80-84	0.03581839853242741
2242	85-89	0.021343881583781865
2242	90-94	0.039378349100523735
2242	95-99	0.05717275435907965
2242	100-104	0.05685318729696576
2242	105-109	0.05138782892286997
2242	110-114	0.05798951963928545
2242	115-119	0.05862299017540096
2242	120-124	0.05277597922820121
2242	125-129	0.07314892399289619
2242	130-134	0.056529658965686735
2242	135-139	0.053607999151921604
2242	140-144	0.05039037786347933
2242	145-149	0.05645235571586227
2242	150-151	0.0752287466824555
2243	1	0.29765008875612153
2243	2	0.06553235645110789
2243	3	0.046760990427841875
2243	4	0.09182645005040513
2243	5	0.049211511918755946
2243	6	-0.006449279668906627
2243	7	0.05323037913608175
2243	8	0.07134378230999516
2243	9	0.054977621492284356
2243	10-14	0.07332126543758477
2243	15-19	0.03061263221071897
2243	20-24	0.029201128866496617
2243	25-29	0.02276222592280419
2243	30-34	0.038309106190801856
2243	35-39	0.03131556908305555
2243	40-44	0.036573957961600456
2243	45-49	0.03277779834514405
2243	50-54	0.027828577679549937
2243	55-59	0.022018982939364662
2243	60-64	0.038819630701318886
2243	65-69	0.03728901414250885
2243	70-74	0.03170059532721581
2243	75-79	0.03435731903315542
2243	80-84	0.03336680130196612
2243	85-89	0.046465974678994826
2243	90-94	0.03739948887537281
2243	95-99	0.047172678852476224
2243	100-104	0.05399656756976157
2243	105-109	0.049359412361766886
2243	110-114	0.06086476682189357
2243	115-119	0.05097792628624376
2243	120-124	0.074077251299002
2243	125-129	0.0665108323949184
2243	130-134	0.056287227238392745
2243	135-139	0.06907135781872853
2243	140-144	0.0659190850446052
2243	145-149	0.0745656475231371
2243	150-151	0.10001326558649026
2244	1	0.501031052543297
2244	2	0.1292152754267235
2244	3	0.04478737621469975
2244	4	0.04069843924983729
2244	5	0.05926149404171355
2244	6	0.009940390786717046
2244	7	0.06298228260346406
2244	8	0.08874295955172329
2244	9	0.08838649941760934
2244	10-14	0.06808276944401825
2244	15-19	0.036326972724992856
2244	20-24	0.020816006504958295
2244	25-29	0.02082586288079824
2244	30-34	0.026902829418027352
2244	35-39	0.032698958333824635
2244	40-44	0.039615138825766394
2244	45-49	0.02405924958279826
2244	50-54	0.03448507786683308
2244	55-59	0.025717192457115345
2244	60-64	0.03981431118490519
2244	65-69	0.038620728111389724
2244	70-74	0.03762071591363281
2244	75-79	0.034877149122287676
2244	80-84	0.0487001799228679
2244	85-89	0.040969565219270976
2244	90-94	0.0373455848713391
2244	95-99	0.04871723278832718
2244	100-104	0.031041314571346845
2244	105-109	0.03903292701797767
2244	110-114	0.03248587635545164
2244	115-119	0.05605727970544905
2244	120-124	0.040345505614048705
2244	125-129	0.05200255088142569
2244	130-134	0.050884616589769394
2244	135-139	0.04790526257329475
2244	140-144	0.06790586836106627
2244	145-149	0.04597432330744056
2244	150-151	0.0670885071870373
2245	1	0.414129863289034
2245	2	0.15361747541097515
2245	3	0.0696202265894641
2245	4	0.16153009864854795
2245	5	0.02920682958211529
2245	6	0.03795870166188564
2245	7	0.08387829601280572
2245	8	0.08152685052039743
2245	9	0.08418798585451981
2245	10-14	0.07404574551105014
2245	15-19	0.044666385628076455
2245	20-24	0.043911499234965845
2245	25-29	0.04098711642198083
2245	30-34	0.05159992478420605
2245	35-39	0.04435263852587923
2245	40-44	0.052436513113548244
2245	45-49	0.04516812893445632
2245	50-54	0.04617657390125629
2245	55-59	0.043683348522371546
2245	60-64	0.04810537849051144
2245	65-69	0.04609895498433758
2245	70-74	0.052732312763005496
2245	75-79	0.06308423281679865
2245	80-84	0.07529708691524206
2245	85-89	0.07017437177609764
2245	90-94	0.06863155561305945
2245	95-99	0.07524265079228343
2245	100-104	0.07684454148400022
2245	105-109	0.09101663800239379
2245	110-114	0.07987400741169637
2245	115-119	0.09390362550731624
2245	120-124	0.08527735538369541
2245	125-129	0.0968144046955075
2245	130-134	0.0809416309600195
2245	135-139	0.09167624550051556
2245	140-144	0.08809388493057213
2245	145-149	0.08430993669318099
2245	150-151	0.11662339779063302
2246	1	0.38486204843913185
2246	2	0.10524825151545514
2246	3	0.15018742429989373
2246	4	0.09013369135323757
2246	5	0.0860736870587786
2246	6	-0.007070152640530125
2246	7	0.07171903100196886
2246	8	0.0803112679291047
2246	9	0.07778036882944406
2246	10-14	0.07078588033105859
2246	15-19	0.03303111285860183
2246	20-24	0.017974087600542532
2246	25-29	0.009533414614828928
2246	30-34	0.026064096834083728
2246	35-39	0.027865753818375083
2246	40-44	0.025377999840010546
2246	45-49	0.03184413782218343
2246	50-54	0.025218802884424463
2246	55-59	0.01748056792427377
2246	60-64	0.03455246936908907
2246	65-69	0.036323950226936574
2246	70-74	0.022025566934061658
2246	75-79	0.030981496741894432
2246	80-84	0.02675577845167254
2246	85-89	0.043972801665930206
2246	90-94	0.04493659862849597
2246	95-99	0.02985468392275692
2246	100-104	0.014059455184529668
2246	105-109	0.02754430902551519
2246	110-114	0.02309309943793636
2246	115-119	0.03267163110525928
2246	120-124	0.03504315962286597
2246	125-129	0.02945176845835107
2246	130-134	0.030379179625818153
2246	135-139	0.03061678843516802
2246	140-144	0.030999073866290416
2246	145-149	0.04275961697108954
2246	150-151	0.056537117458823616
2247	1	0.4245622476137427
2247	2	0.12416284291853685
2247	3	0.1025343944290924
2247	4	0.11250939543226224
2247	5	0.10827676600535341
2247	6	0.05228926067686501
2247	7	0.07293809304563581
2247	8	0.06991662802106191
2247	9	0.08806056522715977
2247	10-14	0.08074401250333096
2247	15-19	0.02511414738051343
2247	20-24	0.0273897833315786
2247	25-29	0.03529679337651004
2247	30-34	0.034441496050263254
2247	35-39	0.03403426264684839
2247	40-44	0.043012565452173135
2247	45-49	0.04327380409704773
2247	50-54	0.03582649579119135
2247	55-59	0.041821528151281484
2247	60-64	0.04100135203986355
2247	65-69	0.05482183423944065
2247	70-74	0.04675794686635015
2247	75-79	0.047011112578069
2247	80-84	0.03929024967931838
2247	85-89	0.04474022754470042
2247	90-94	0.039014739148917954
2247	95-99	0.06326320945153441
2247	100-104	0.045268629712978736
2247	105-109	0.04871269669341416
2247	110-114	0.06355293411439789
2247	115-119	0.04803502138695137
2247	120-124	0.060885799128087115
2247	125-129	0.06662688297863184
2247	130-134	0.06196616266415589
2247	135-139	0.07063866128807916
2247	140-144	0.07485210405020837
2247	145-149	0.061621633743520476
2247	150-151	0.05996427187249509
2248	1	0.473083987322255
2248	2	0.19160862069308848
2248	3	0.11486784071348666
2248	4	0.11628742553325822
2248	5	0.11942042758315807
2248	6	0.043524661093563566
2248	7	0.10208370586384063
2248	8	0.0992892699638972
2248	9	0.09925586281049448
2248	10-14	0.0721557419313612
2248	15-19	0.019508365578190023
2248	20-24	0.024836844148786952
2248	25-29	0.020465673269463025
2248	30-34	0.026678819446431135
2248	35-39	0.03156718743151288
2248	40-44	0.03457048862652812
2248	45-49	0.030667684906738657
2248	50-54	0.03272840295513646
2248	55-59	0.033981920030278445
2248	60-64	0.038204458407129493
2248	65-69	0.03199775219719925
2248	70-74	0.030498466320828754
2248	75-79	0.0263910364493114
2248	80-84	0.02536446361499145
2248	85-89	0.02643747142635533
2248	90-94	0.025745496847250138
2248	95-99	0.02933534285453021
2248	100-104	0.04430502511048928
2248	105-109	0.04204760748300629
2248	110-114	0.04413814996748755
2248	115-119	0.03244455961738879
2248	120-124	0.034639344362304314
2248	125-129	0.03654065000269924
2248	130-134	0.019137334890153568
2248	135-139	0.008353438993914608
2248	140-144	0.01461342502509666
2248	145-149	0.01471486272634337
2248	150-151	0.021154438882525994
2249	1	0.4513933492150741
2249	2	0.14223395505691627
2249	3	0.05574048268379528
2249	4	0.06962792220470959
2249	5	0.07904987746893255
2249	6	0.042317320417048165
2249	7	0.05448326820477689
2249	8	0.06157311742691007
2249	9	0.03619271422292769
2249	10-14	0.03858384302150597
2249	15-19	0.01660355526583146
2249	20-24	-6.445987672591968E-4
2249	25-29	0.005455830375503012
2249	30-34	0.011363529873207767
2249	35-39	0.0010056056187508489
2249	40-44	0.021151545553664164
2249	45-49	0.011131196632369722
2249	50-54	0.011413077359179624
2249	55-59	0.006196017337131821
2249	60-64	0.00753281208300649
2249	65-69	0.01283495581878924
2249	70-74	0.006055199233486519
2249	75-79	0.013514752613659198
2249	80-84	0.004103255103281356
2249	85-89	0.012911255949191514
2249	90-94	0.018500882981882683
2249	95-99	0.011467143171621785
2249	100-104	9.552067220397475E-5
2249	105-109	0.018378005507351247
2249	110-114	0.009262715551230372
2249	115-119	0.006082776046774541
2249	120-124	0.012200387955168424
2249	125-129	0.007702523066583922
2249	130-134	-0.004067228577326887
2249	135-139	-0.005250701612816044
2249	140-144	-6.537018817454054E-5
2249	145-149	0.002622408656598907
2249	150-151	0.02383119755732821
2250	1	0.42114909305622206
2250	2	0.12783828488700522
2250	3	0.053152181629585016
2250	4	0.06887140603495823
2250	5	0.09571842608322356
2250	6	0.012247465309656036
2250	7	0.06445262363188675
2250	8	0.04108158917640026
2250	9	0.04365005333356464
2250	10-14	0.03845556895829816
2250	15-19	-9.58475371852785E-4
2250	20-24	-0.01387293101750231
2250	25-29	0.0032717276290910036
2250	30-34	-0.01135185298819863
2250	35-39	0.004841116205184903
2250	40-44	-0.0022091920103690654
2250	45-49	0.014096378059868186
2250	50-54	0.004947137890482622
2250	55-59	-0.011345600316580828
2250	60-64	-0.0024682069512138582
2250	65-69	0.006801498018589314
2250	70-74	7.463075089972904E-4
2250	75-79	0.008241087530898028
2250	80-84	-0.0043668027625543004
2250	85-89	0.018375343859624138
2250	90-94	0.020092712709079308
2250	95-99	0.010977489265378892
2250	100-104	-0.0025146882951432303
2250	105-109	0.0031032363104799288
2250	110-114	-0.0026317734423884076
2250	115-119	-0.006687552992573842
2250	120-124	-0.001962647571971843
2250	125-129	-4.2950627297244637E-4
2250	130-134	-0.003658357189053163
2250	135-139	0.008151290052779814
2250	140-144	-0.00781760203089732
2250	145-149	-0.007134272552981713
2250	150-151	0.02213755023705488
2251	1	0.3077238237409148
2251	2	0.18210195403708695
2251	3	0.05657679767200108
2251	4	0.10446585792924168
2251	5	0.10344175200311412
2251	6	0.02026589941247181
2251	7	0.07780249373232095
2251	8	0.03031862706782107
2251	9	0.056774763575248244
2251	10-14	0.03541726172285564
2251	15-19	0.025511233493794805
2251	20-24	0.013477953362851736
2251	25-29	0.005964728212397574
2251	30-34	0.013942941412977916
2251	35-39	0.01204285283726847
2251	40-44	0.014340825928137235
2251	45-49	0.009156318999330892
2251	50-54	0.018183103813690593
2251	55-59	0.01011910560915652
2251	60-64	0.0042037639353296186
2251	65-69	4.3327464332776344E-5
2251	70-74	-0.0010378097644192508
2251	75-79	7.680190209597981E-4
2251	80-84	0.001359377500023129
2251	85-89	0.0071834650281630275
2251	90-94	-1.191407263050337E-4
2251	95-99	0.011208189011931324
2251	100-104	0.003026585332946752
2251	105-109	0.003991857078723626
2251	110-114	-0.0027317428782467346
2251	115-119	-0.00707795440931136
2251	120-124	0.0015288225832037483
2251	125-129	0.0017688116002787524
2251	130-134	-0.004172642994021203
2251	135-139	-0.010341569605323286
2251	140-144	-0.0027773124249108605
2251	145-149	-0.0015727497287798542
2251	150-151	0.019423798946320403
2252	1	0.5309881321121992
2252	2	0.1240579132823143
2252	3	0.06492149224440169
2252	4	0.12953120998484025
2252	5	0.09889444568367622
2252	6	0.05566278662465862
2252	7	0.03622946237258873
2252	8	0.07014406443293097
2252	9	0.06768866385705508
2252	10-14	0.05060438354300345
2252	15-19	0.028208303853169525
2252	20-24	0.018755693303774024
2252	25-29	0.025615409378261234
2252	30-34	0.013228127414272706
2252	35-39	0.013667232510833571
2252	40-44	0.03945586160524073
2252	45-49	0.024975375134360434
2252	50-54	0.025637308725080743
2252	55-59	0.025633877948202155
2252	60-64	0.02307278820044445
2252	65-69	0.020871163139780435
2252	70-74	0.02233232817786046
2252	75-79	0.014145439773983526
2252	80-84	0.01826500774757278
2252	85-89	0.03043853060403734
2252	90-94	0.004997153022195278
2252	95-99	0.026831182999970338
2252	100-104	0.013140121209467281
2252	105-109	0.027921601948534658
2252	110-114	0.033556010262351776
2252	115-119	0.0019302749596192825
2252	120-124	0.015414368219850871
2252	125-129	0.006759274773237678
2252	130-134	0.009685744152825748
2252	135-139	0.004569493322868823
2252	140-144	0.016439020553022488
2252	145-149	0.0037801711222513745
2252	150-151	0.024887874408726418
2253	1	0.4864939190650759
2253	2	0.16188043056714463
2253	3	0.09725352007998822
2253	4	0.11906571566204605
2253	5	0.09884366537212941
2253	6	0.06399163542732822
2253	7	0.06386939243132872
2253	8	0.08956479953712204
2253	9	0.07082109531364722
2253	10-14	0.07158533796035016
2253	15-19	0.029479678349012772
2253	20-24	0.019612691748548627
2253	25-29	0.02519288580218415
2253	30-34	0.03612149268503373
2253	35-39	0.037539834826702645
2253	40-44	0.03663146946620088
2253	45-49	0.0321820268101618
2253	50-54	0.018862268145980465
2253	55-59	0.04036431407767793
2253	60-64	0.024782815653288992
2253	65-69	0.03210439701839363
2253	70-74	0.03189128092498095
2253	75-79	0.03849183712539883
2253	80-84	0.02965348132880763
2253	85-89	0.054539097629842104
2253	90-94	0.05002219181336187
2253	95-99	0.045269907265300446
2253	100-104	0.037224805632334323
2253	105-109	0.05058595427498602
2253	110-114	0.04164681346192367
2253	115-119	0.051386122764995434
2253	120-124	0.041236979126992424
2253	125-129	0.048787982252285644
2253	130-134	0.046218047739195356
2253	135-139	0.04290416089187232
2253	140-144	0.014526847568014034
2253	145-149	0.0270072909036827
2253	150-151	0.05264403080010993
2254	1	0.4359838781024621
2254	2	0.09155471889717148
2254	3	0.04741891486716554
2254	4	0.0748508819996232
2254	5	0.08803798055402723
2254	6	0.028573720147797133
2254	7	0.0740452362455315
2254	8	0.06655099074949788
2254	9	0.07176180812118815
2254	10-14	0.06138810225287017
2254	15-19	0.03769960483317902
2254	20-24	0.032165742627633165
2254	25-29	0.03199053380755146
2254	30-34	0.04157351161551048
2254	35-39	0.03829490404784508
2254	40-44	0.04362224740755494
2254	45-49	0.05099065635080535
2254	50-54	0.0445536854248374
2254	55-59	0.034814778820091874
2254	60-64	0.04154651502575035
2254	65-69	0.04542813537510426
2254	70-74	0.03859198059188884
2254	75-79	0.047388066689052266
2254	80-84	0.04982220600211207
2254	85-89	0.046717470738919076
2254	90-94	0.054646945180024886
2254	95-99	0.055939864902569525
2254	100-104	0.0351342043423557
2254	105-109	0.053955026363631475
2254	110-114	0.05062536714733312
2254	115-119	0.04986207893806238
2254	120-124	0.05491097830205405
2254	125-129	0.05798011326617569
2254	130-134	0.0600465176011582
2254	135-139	0.05154246918074534
2254	140-144	0.06228951086813339
2254	145-149	0.06032186502638126
2254	150-151	0.07024504117581643
2255	1	0.4113803807819494
2255	2	0.17960486257838681
2255	3	0.09365943004117128
2255	4	0.14958031187388343
2255	5	0.10160375766525931
2255	6	0.059196949683197886
2255	7	0.09251022530074238
2255	8	0.12136042940407776
2255	9	0.10590119068171333
2255	10-14	0.08873111533775102
2255	15-19	0.06013030399853392
2255	20-24	0.05531505338414888
2255	25-29	0.055152949666634754
2255	30-34	0.06100835125103288
2255	35-39	0.0586771300812714
2255	40-44	0.0736303526832387
2255	45-49	0.06374382309413562
2255	50-54	0.07458442770077767
2255	55-59	0.06936803316394702
2255	60-64	0.07410942775126728
2255	65-69	0.07837907609538775
2255	70-74	0.07188942778115148
2255	75-79	0.0665501584406627
2255	80-84	0.07736742510938655
2255	85-89	0.07632471386050099
2255	90-94	0.06195632058945222
2255	95-99	0.0689446936548137
2255	100-104	0.07358602217614418
2255	105-109	0.07262471827515071
2255	110-114	0.06705867798854115
2255	115-119	0.06943697089151613
2255	120-124	0.06626457640157213
2255	125-129	0.0676162728744174
2255	130-134	0.0586916066164207
2255	135-139	0.05798676742113429
2255	140-144	0.0663240668024585
2255	145-149	0.054733364752976854
2255	150-151	0.07266011197932443
2256	1	0.436458351473469
2256	2	0.15059980455767175
2256	3	0.0980447608056565
2256	4	0.09101699692836718
2256	5	0.07483177228989035
2256	6	0.01638204500916629
2256	7	0.05797454154816961
2256	8	0.05623349215304074
2256	9	0.06157004203458172
2256	10-14	0.042124334049489676
2256	15-19	0.012315771208889714
2256	20-24	0.021223293020561584
2256	25-29	0.025054595556191828
2256	30-34	0.019244161703085183
2256	35-39	0.021406764943250778
2256	40-44	0.024280127879052316
2256	45-49	0.019735610778994328
2256	50-54	0.023504266415642405
2256	55-59	0.019088101019320902
2256	60-64	0.018435184750451583
2256	65-69	-0.003470815808277905
2256	70-74	0.029287015265232696
2256	75-79	0.008823487815071474
2256	80-84	0.02558531056735802
2256	85-89	0.030866327592676157
2256	90-94	0.022164053156785712
2256	95-99	0.024768366045705648
2256	100-104	0.033668546849916936
2256	105-109	0.018022033760750844
2256	110-114	0.030745749736652783
2256	115-119	0.02111312355658157
2256	120-124	0.02888876513196692
2256	125-129	0.004854094869777725
2256	130-134	0.007857383923941086
2256	135-139	0.006088723937693885
2256	140-144	0.03233253739529118
2256	145-149	0.01696979587417502
2256	150-151	0.01691701856513106
2257	1	0.4857893343251405
2257	2	0.12378622111979354
2257	3	0.07790595747082563
2257	4	0.0870677067837704
2257	5	0.10161166472691718
2257	6	0.02262865080958676
2257	7	0.06626398187874116
2257	8	0.056912230312129
2257	9	0.06331428324376276
2257	10-14	0.059274679505008976
2257	15-19	0.0370235966399477
2257	20-24	0.021076980102783693
2257	25-29	0.028668994371443546
2257	30-34	0.02337384702718026
2257	35-39	0.036425328690157244
2257	40-44	0.051871585438277634
2257	45-49	0.049838667397210656
2257	50-54	0.04418042214432205
2257	55-59	0.05084618911877925
2257	60-64	0.04999997693698077
2257	65-69	0.06342392352039639
2257	70-74	0.05879516095505721
2257	75-79	0.051883154610997906
2257	80-84	0.0656815270882305
2257	85-89	0.05749836397350094
2257	90-94	0.05293076501059346
2257	95-99	0.056344006574491345
2257	100-104	0.04120086837174597
2257	105-109	0.04252609493425297
2257	110-114	0.028404045742512096
2257	115-119	0.03605420538087856
2257	120-124	0.04152146134467216
2257	125-129	0.04292838527518228
2257	130-134	0.0375700063280604
2257	135-139	0.024444944907408228
2257	140-144	0.04449047145494234
2257	145-149	0.020425225488864385
2257	150-151	0.036935088369482116
2258	1	0.41077970953762843
2258	2	0.11120383771817188
2258	3	0.03375460706995881
2258	4	0.08814722207795711
2258	5	0.07867542276641615
2258	6	0.023471633047677187
2258	7	0.0516118816131268
2258	8	0.04847783968101993
2258	9	0.07122745858461599
2258	10-14	0.052905803931267315
2258	15-19	0.03079992816232391
2258	20-24	0.019925601337924093
2258	25-29	0.02648333344024678
2258	30-34	0.0264613253246182
2258	35-39	0.024789548271421324
2258	40-44	0.009420335010410952
2258	45-49	0.020776320283125926
2258	50-54	0.023528187620883045
2258	55-59	0.02142115520361898
2258	60-64	0.02715572758356899
2258	65-69	0.0267587484309999
2258	70-74	0.017913873041358386
2258	75-79	0.0268970125741248
2258	80-84	0.03184385133506851
2258	85-89	0.03232966799824055
2258	90-94	0.025354721749344833
2258	95-99	0.02870283627922987
2258	100-104	0.024054922258528677
2258	105-109	0.028508335510366578
2258	110-114	0.024645793336596
2258	115-119	0.020959606118012175
2258	120-124	0.031441118550446845
2258	125-129	0.04728631950452922
2258	130-134	0.02388477446180559
2258	135-139	0.031110285090129253
2258	140-144	0.008938154968333833
2258	145-149	0.03364943842873913
2258	150-151	0.0664098818621639
2259	1	0.4598331634028412
2259	2	0.19934497908936777
2259	3	0.11161383323909746
2259	4	0.1331743237019083
2259	5	0.09818445647135832
2259	6	0.051933883651948065
2259	7	0.07702151628239307
2259	8	0.10361388440995967
2259	9	0.07627493884459824
2259	10-14	0.07598859403186253
2259	15-19	0.0479964971993283
2259	20-24	0.05269596891134398
2259	25-29	0.0428880682217212
2259	30-34	0.05317138632162255
2259	35-39	0.0562687775207209
2259	40-44	0.06890142178058056
2259	45-49	0.07036637331838591
2259	50-54	0.05873555205209158
2259	55-59	0.07259712088495718
2259	60-64	0.062195730920748815
2259	65-69	0.06256628520937824
2259	70-74	0.06299909656429747
2259	75-79	0.08681629266147439
2259	80-84	0.0818435362111245
2259	85-89	0.07533149367394287
2259	90-94	0.08479136905582862
2259	95-99	0.08220854753296436
2259	100-104	0.0661843510950817
2259	105-109	0.08100659252890097
2259	110-114	0.08343266040026265
2259	115-119	0.08794304588570867
2259	120-124	0.08670624430163798
2259	125-129	0.07369302429314217
2259	130-134	0.07406299185844745
2259	135-139	0.05727795555798565
2259	140-144	0.06381563700945492
2259	145-149	0.06771942305700662
2259	150-151	0.1093556946732619
2260	1	0.4370073989329697
2260	2	0.20147793976055794
2260	3	0.09149596185759634
2260	4	0.16246718770981516
2260	5	0.09344217358775353
2260	6	0.05708596816801759
2260	7	0.0962184122780485
2260	8	0.07426103388872463
2260	9	0.06232207843078186
2260	10-14	0.06271575993518752
2260	15-19	0.035596305352058266
2260	20-24	0.02075652046428189
2260	25-29	0.018097893035381674
2260	30-34	0.017134563291129723
2260	35-39	0.01950170451017641
2260	40-44	0.03843831640165263
2260	45-49	0.02443849713043278
2260	50-54	0.021234497390778984
2260	55-59	0.028376731601440497
2260	60-64	0.03366483552320432
2260	65-69	0.01752738257084019
2260	70-74	0.01972023634026243
2260	75-79	0.03543154022185746
2260	80-84	0.023688431033058066
2260	85-89	0.025012542468701326
2260	90-94	0.01924771506678269
2260	95-99	0.03561288589389733
2260	100-104	0.031029114134106806
2260	105-109	0.027489789832216616
2260	110-114	0.03417063372047835
2260	115-119	0.017997733705129804
2260	120-124	0.04745836417144034
2260	125-129	0.033020816367496764
2260	130-134	0.019556213668160183
2260	135-139	0.01943514931507906
2260	140-144	0.03244654661464352
2260	145-149	0.0030218586499870526
2260	150-151	0.02845503144452266
2261	1	0.45876363236660467
2261	2	0.19301526243778255
2261	3	0.10502608136832237
2261	4	0.11339763966329741
2261	5	0.0780080611562326
2261	6	0.03871433713607075
2261	7	0.09470878646688874
2261	8	0.06318267916188347
2261	9	0.059282312528999626
2261	10-14	0.06249189218887352
2261	15-19	0.02494144151386024
2261	20-24	0.016447780054939187
2261	25-29	0.027149755480081694
2261	30-34	0.016165969737961916
2261	35-39	0.007672140466823407
2261	40-44	0.03119980905121622
2261	45-49	0.01790971664419061
2261	50-54	0.023416745812085082
2261	55-59	0.03140108668115005
2261	60-64	0.02968302227041164
2261	65-69	0.022844778451243997
2261	70-74	0.017795958353396202
2261	75-79	0.032294750570557085
2261	80-84	0.03768116263698573
2261	85-89	0.02552419159140129
2261	90-94	0.029813420626155107
2261	95-99	0.01888687721906024
2261	100-104	0.024204047516562355
2261	105-109	0.029597106713197263
2261	110-114	0.02300221650699541
2261	115-119	0.020409851493468523
2261	120-124	0.027449703580060714
2261	125-129	0.03974810621947711
2261	130-134	0.022611372815262598
2261	135-139	0.01082980511427678
2261	140-144	0.008757179620246802
2261	145-149	0.012748275078095617
2261	150-151	0.026797945356356934
2262	1	0.6045264607559204
2262	2	0.2018110409909184
2262	3	0.13014861866062688
2262	4	0.15195473721347952
2262	5	0.10497227389718944
2262	6	0.057986654986045494
2262	7	0.09243636706356995
2262	8	0.10508332638774931
2262	9	0.07353482203095041
2262	10-14	0.06529701982388048
2262	15-19	0.010951901853971435
2262	20-24	0.019562876984764443
2262	25-29	0.019852867037272404
2262	30-34	0.015497867292694423
2262	35-39	0.014005983688811341
2262	40-44	0.0010638110518712551
2262	45-49	0.018015027667622974
2262	50-54	0.007232072834028713
2262	55-59	0.006394465345522349
2262	60-64	0.008573565814728568
2262	65-69	0.021272000470609953
2262	70-74	0.024145183429631345
2262	75-79	0.017131192765930336
2262	80-84	0.018787807261574585
2262	85-89	0.02796636506228367
2262	90-94	0.01965718508456149
2262	95-99	0.030313109360633916
2262	100-104	0.010882102182655728
2262	105-109	0.02555354366407414
2262	110-114	0.02678639864588206
2262	115-119	0.011940833514522353
2262	120-124	0.02669820124565092
2262	125-129	0.03012218201958916
2262	130-134	0.023966083411551153
2262	135-139	0.018947058495349722
2262	140-144	0.009465664458176093
2262	145-149	0.014351732715581988
2262	150-151	0.024214604005493356
2263	1	0.5651719610985282
2263	2	0.16774292446204697
2263	3	0.11878065580406627
2263	4	0.1272420741655651
2263	5	0.09570965746633675
2263	6	0.05170118986313099
2263	7	0.06296205834701141
2263	8	0.05386955916196001
2263	9	0.09102890179171652
2263	10-14	0.06678537971192355
2263	15-19	0.03282417766180146
2263	20-24	0.026513222261691283
2263	25-29	0.018185417119958913
2263	30-34	0.023607546236512178
2263	35-39	0.018924743118802212
2263	40-44	0.023484777994895012
2263	45-49	0.0343054888404879
2263	50-54	0.025286344826099594
2263	55-59	0.017464305838494454
2263	60-64	0.02568053402820425
2263	65-69	0.016236801879578877
2263	70-74	0.019370899322417756
2263	75-79	0.014804967692036541
2263	80-84	0.01172506426981812
2263	85-89	0.022183770842822526
2263	90-94	0.0109002274480261
2263	95-99	0.0050725216121634276
2263	100-104	-0.00475223698253302
2263	105-109	0.012931011309731844
2263	110-114	0.019612464440633914
2263	115-119	0.016141502961687593
2263	120-124	0.0412512604552262
2263	125-129	0.029747931259457516
2263	130-134	0.015589853820230815
2263	135-139	0.010811924697968323
2263	140-144	0.013341289317324367
2263	145-149	0.025568983273053902
2263	150-151	0.025909629255657762
2264	1	0.5136085005478108
2264	2	0.20419366104493974
2264	3	0.07845270330309262
2264	4	0.13007649222206652
2264	5	0.10490558226062774
2264	6	0.055679801433740295
2264	7	0.09969093562526155
2264	8	0.09308795443782003
2264	9	0.11739856446814656
2264	10-14	0.08633034953183483
2264	15-19	0.04091106328490213
2264	20-24	0.03489774134258994
2264	25-29	0.03711637721119132
2264	30-34	0.02863070092725195
2264	35-39	0.03642275185561772
2264	40-44	0.04404818148748291
2264	45-49	0.04239073513559788
2264	50-54	0.040030555712178284
2264	55-59	0.043916567983536936
2264	60-64	0.0431656651464607
2264	65-69	0.055081210400423686
2264	70-74	0.043939085882733764
2264	75-79	0.05281379716404189
2264	80-84	0.058811650411200844
2264	85-89	0.046824758376928344
2264	90-94	0.07105172375752744
2264	95-99	0.07227317355970797
2264	100-104	0.07149633725998683
2264	105-109	0.06635822402823521
2264	110-114	0.06993823681624889
2264	115-119	0.07513428897275531
2264	120-124	0.07404633381251102
2264	125-129	0.06984543801166154
2264	130-134	0.06537165416224155
2264	135-139	0.07169993122592189
2264	140-144	0.07555613796210281
2264	145-149	0.06372028349586856
2264	150-151	0.10949353477740686
2265	1	0.49554679107622235
2265	2	0.18258519140955087
2265	3	0.10859496778222422
2265	4	0.12130499318696764
2265	5	0.14909333845246664
2265	6	0.0679985333739026
2265	7	0.10061345475490668
2265	8	0.09124658144241948
2265	9	0.10176542813831446
2265	10-14	0.08195500153734514
2265	15-19	0.034302830538671
2265	20-24	0.02593317809735396
2265	25-29	0.040082309310960795
2265	30-34	0.03854225282741197
2265	35-39	0.04340367072357054
2265	40-44	0.050162127797598544
2265	45-49	0.05110597674510586
2265	50-54	0.04710651339802041
2265	55-59	0.033506020139640214
2265	60-64	0.03722263039899332
2265	65-69	0.02993485120418171
2265	70-74	0.03486500197634257
2265	75-79	0.03983885959841871
2265	80-84	0.04658762122540594
2265	85-89	0.04891711906655871
2265	90-94	0.03591814894335954
2265	95-99	0.0387819525302362
2265	100-104	0.05117473423857888
2265	105-109	0.06266839915222988
2265	110-114	0.05593173276822938
2265	115-119	0.05178881870087082
2265	120-124	0.05356303132316498
2265	125-129	0.04547198193824897
2265	130-134	0.05188765916324911
2265	135-139	0.0367581961936736
2265	140-144	0.03479250037359094
2265	145-149	0.031580824343599545
2265	150-151	0.06134210012401553
2266	1	0.5313730167117541
2266	2	0.1670488726859034
2266	3	0.08512936006457039
2266	4	0.09581129343495576
2266	5	0.09483301185657211
2266	6	-7.505640855995921E-4
2266	7	0.10252118598898363
2266	8	0.08558752491898503
2266	9	0.08359222378066278
2266	10-14	0.06652265647858968
2266	15-19	0.02621136337122465
2266	20-24	0.017403980091273752
2266	25-29	0.021452627370521782
2266	30-34	0.042686598067284365
2266	35-39	0.032518673674744036
2266	40-44	0.04294098412015046
2266	45-49	0.04908179129100887
2266	50-54	0.0367742635650572
2266	55-59	0.0372812918087746
2266	60-64	0.037583155053461326
2266	65-69	0.03557356088938235
2266	70-74	0.04261488142689274
2266	75-79	0.03749111349883094
2266	80-84	0.04299419526508785
2266	85-89	0.0326354258512751
2266	90-94	0.044332191430079604
2266	95-99	0.03852417704104738
2266	100-104	0.03937139524114741
2266	105-109	0.041596139890522466
2266	110-114	0.06265837589526058
2266	115-119	0.06259149590885471
2266	120-124	0.07646668622761155
2266	125-129	0.07668976889140566
2266	130-134	0.061063729823949586
2266	135-139	0.05793360450202556
2266	140-144	0.06292151547590663
2266	145-149	0.06739988005657693
2266	150-151	0.06478387302334454
2267	1	0.6201087128601586
2267	2	0.18590099467574817
2267	3	0.13216429469171231
2267	4	0.13185424940179047
2267	5	0.11218412240963005
2267	6	0.045654696726124655
2267	7	0.09150642430865474
2267	8	0.08351760824933763
2267	9	0.10430274952864949
2267	10-14	0.08424224408972236
2267	15-19	0.02949532961706325
2267	20-24	0.021403845239227337
2267	25-29	0.018188675110913266
2267	30-34	0.02925903228376825
2267	35-39	0.029385417676444092
2267	40-44	0.03804381115050859
2267	45-49	0.030267764897971006
2267	50-54	0.031383610414067675
2267	55-59	0.03510223549435665
2267	60-64	0.04125166632436361
2267	65-69	0.03777215956815638
2267	70-74	0.024556156311604127
2267	75-79	0.03627106693255655
2267	80-84	0.03008094501123537
2267	85-89	0.026013366514476388
2267	90-94	0.017974634155486058
2267	95-99	0.032998251225059505
2267	100-104	0.04533889682615211
2267	105-109	0.03238977475477611
2267	110-114	0.03291386434428745
2267	115-119	0.03105752827551811
2267	120-124	0.04642680318638526
2267	125-129	0.025369890456744315
2267	130-134	0.03412460501601089
2267	135-139	0.03748387034827516
2267	140-144	0.031115761381059315
2267	145-149	0.04194548108424101
2267	150-151	0.08557925388659982
2268	1	0.44902077023981946
2268	2	0.15800014295434295
2268	3	0.10015738817153874
2268	4	0.11499149435528722
2268	5	0.10533902940819928
2268	6	0.01063024243775601
2268	7	0.10287406867665538
2268	8	0.08265145408041263
2268	9	0.10423579777975078
2268	10-14	0.08398552903279466
2268	15-19	0.028111431980583745
2268	20-24	0.03417906540462212
2268	25-29	0.028845203011925946
2268	30-34	0.02266468345103334
2268	35-39	0.03521684518270973
2268	40-44	0.0309652850298221
2268	45-49	0.03374415393418673
2268	50-54	0.030447768937612807
2268	55-59	0.05357747199307994
2268	60-64	0.03740757255543059
2268	65-69	0.03800289626845199
2268	70-74	0.03244177557170502
2268	75-79	0.03398602114055649
2268	80-84	0.04573264834783686
2268	85-89	0.03760100915845044
2268	90-94	0.03903176706313616
2268	95-99	0.03313186946970603
2268	100-104	0.03264689359850337
2268	105-109	0.035527901985361154
2268	110-114	0.03580556193605844
2268	115-119	0.04691904440793593
2268	120-124	0.03155703117119657
2268	125-129	0.035478814933000535
2268	130-134	0.025160188648392534
2268	135-139	0.04944055751840892
2268	140-144	0.041886094174842015
2268	145-149	0.025411517098177683
2268	150-151	0.06458412119476264
2269	1	0.6071994281378679
2269	2	0.2250626989165312
2269	3	0.1096130305323868
2269	4	0.14049066326691673
2269	5	0.10920002727534239
2269	6	0.05677100761417364
2269	7	0.10860320212519525
2269	8	0.09238385601022969
2269	9	0.1009170870748406
2269	10-14	0.06997763227560938
2269	15-19	0.03262499423312448
2269	20-24	0.02059264488190138
2269	25-29	0.024886019211500354
2269	30-34	0.029308730107203473
2269	35-39	0.017366467721430467
2269	40-44	0.031224606986327785
2269	45-49	0.028172009053463398
2269	50-54	0.03337137674770929
2269	55-59	0.0365198419959043
2269	60-64	0.029528146041911896
2269	65-69	0.024925744388696103
2269	70-74	0.004722099868409657
2269	75-79	0.02092439327891782
2269	80-84	0.02109587376186539
2269	85-89	0.011140412237445219
2269	90-94	0.031072857243749752
2269	95-99	0.03176519442905601
2269	100-104	0.027003842016661395
2269	105-109	0.028390342666178014
2269	110-114	0.035277008436160884
2269	115-119	0.02794858919585863
2269	120-124	0.037727089018432025
2269	125-129	0.04294433342763426
2269	130-134	0.04610082972146756
2269	135-139	0.044906481419459965
2269	140-144	0.043023515451444894
2269	145-149	0.06385473965463007
2269	150-151	0.07708010375546337
2270	1	0.5835148991345989
2270	2	0.1839458131192373
2270	3	0.1066588412783247
2270	4	0.15551091625025038
2270	5	0.08996680324916895
2270	6	0.055749611041647995
2270	7	0.09995763262985236
2270	8	0.0720231290481621
2270	9	0.08035277297516785
2270	10-14	0.06308633077533443
2270	15-19	0.03238821390526425
2270	20-24	0.02659856128094873
2270	25-29	0.023480623463072448
2270	30-34	0.017025632534164004
2270	35-39	0.03145340404692831
2270	40-44	0.04075612742540358
2270	45-49	0.041631649005424265
2270	50-54	0.037471127655670955
2270	55-59	0.033027674940832696
2270	60-64	0.026418587597085263
2270	65-69	0.03768358641744385
2270	70-74	0.03858204631308837
2270	75-79	0.039923771791187335
2270	80-84	0.029774674121881617
2270	85-89	0.034481365841529055
2270	90-94	0.035936233526641104
2270	95-99	0.018684685422741154
2270	100-104	0.03960046047399857
2270	105-109	0.035412157994429094
2270	110-114	0.020864385128149365
2270	115-119	0.03590858271630992
2270	120-124	0.02288124097820088
2270	125-129	0.03328190821775223
2270	130-134	0.03089239344092931
2270	135-139	0.03181680026241196
2270	140-144	0.03592181766443758
2270	145-149	0.03078239057504817
2270	150-151	0.025202167666883213
2271	1	0.5275195973990066
2271	2	0.20632279944334897
2271	3	0.13925888351590743
2271	4	0.15736967317008066
2271	5	0.0892202502619952
2271	6	0.031527820398729034
2271	7	0.1093964211203442
2271	8	0.06216534790710426
2271	9	0.08841357962614182
2271	10-14	0.06792958834982699
2271	15-19	0.03812293673311018
2271	20-24	0.0315452439876438
2271	25-29	0.030195835622158995
2271	30-34	0.026830708611186083
2271	35-39	0.036120192502203
2271	40-44	0.03985066845301333
2271	45-49	0.030790375016820803
2271	50-54	0.03546938656401721
2271	55-59	0.04586679040750852
2271	60-64	0.03534514589702553
2271	65-69	0.03553806522115366
2271	70-74	0.030184335987847533
2271	75-79	0.0278740207205459
2271	80-84	0.03686792236550218
2271	85-89	0.03345905492831491
2271	90-94	0.040291039904850834
2271	95-99	0.02362318649677775
2271	100-104	0.04568581516834058
2271	105-109	0.03911484583975522
2271	110-114	0.024902303841109585
2271	115-119	0.02830584235262279
2271	120-124	0.03121060723366753
2271	125-129	0.024041878122545768
2271	130-134	0.018605394893832283
2271	135-139	0.012970068339726026
2271	140-144	0.011523947187811245
2271	145-149	0.0014662299392256273
2271	150-151	0.00127545504896176
2272	1	0.5668081622186989
2272	2	0.14113214589477252
2272	3	0.11702154761383099
2272	4	0.08506174281972534
2272	5	0.09171244788760191
2272	6	0.027539277371047888
2272	7	0.08762588237221536
2272	8	0.06818161530520683
2272	9	0.057415839982340344
2272	10-14	0.04614228115688945
2272	15-19	0.02063668955593556
2272	20-24	0.01481152366029903
2272	25-29	0.018310642421596413
2272	30-34	0.0121677406070404
2272	35-39	0.024499322092196962
2272	40-44	0.0286591476458824
2272	45-49	0.01606008007890125
2272	50-54	0.026077624934849553
2272	55-59	0.017487197775253094
2272	60-64	0.02254825280721917
2272	65-69	0.018828915946933478
2272	70-74	0.006572521201377413
2272	75-79	0.013189241884219882
2272	80-84	0.024656908693728496
2272	85-89	0.023874020836018417
2272	90-94	0.031109329535503605
2272	95-99	0.027313229691273477
2272	100-104	0.008848270858976548
2272	105-109	0.02345569142857329
2272	110-114	0.024336550007468816
2272	115-119	0.02312126144035176
2272	120-124	0.0364379565706372
2272	125-129	0.03553289814691141
2272	130-134	0.03148329906607472
2272	135-139	0.022632213083099373
2272	140-144	0.024897822465852926
2272	145-149	0.027523430070772292
2272	150-151	0.02344185855400127
2273	1	0.6226033719875801
2273	2	0.22213939105127878
2273	3	0.13087106276729088
2273	4	0.08900565750978018
2273	5	0.08503411668166194
2273	6	0.04630204882913347
2273	7	0.06343224725656427
2273	8	0.06790508666480122
2273	9	0.07963869763167253
2273	10-14	0.05132896947112897
2273	15-19	0.02510166463920882
2273	20-24	0.018628172674745258
2273	25-29	0.028691826625049544
2273	30-34	0.021080682085163005
2273	35-39	0.012280808525034104
2273	40-44	0.013223310287131085
2273	45-49	0.0023588215670926616
2273	50-54	0.011253597278127359
2273	55-59	0.009150428851206982
2273	60-64	-0.0019852991593936054
2273	65-69	-6.364747186466957E-4
2273	70-74	-0.006269728727339441
2273	75-79	-0.010168555307387805
2273	80-84	-0.01160603148023398
2273	85-89	0.009634822206535887
2273	90-94	-0.0092314700434315
2273	95-99	-0.01496935209237904
2273	100-104	0.012923151398666732
2273	105-109	0.00961586037674067
2273	110-114	0.0044220165685402435
2273	115-119	-0.00929789881552523
2273	120-124	0.013668295826427368
2273	125-129	-0.018370131421228564
2273	130-134	-0.018380091849941493
2273	135-139	-0.004965280585352616
2273	140-144	-0.022724969318197452
2273	145-149	-0.02845751431681265
2273	150-151	-0.04138298724561906
2274	1	0.5751574889637041
2274	2	0.11477595323543
2274	3	0.09369271773182675
2274	4	0.10530515288995446
2274	5	0.10753632118243672
2274	6	0.03807991074848616
2274	7	0.059969982142092704
2274	8	0.05385746714179618
2274	9	0.040526619690879784
2274	10-14	0.031566147043797343
2274	15-19	0.014435483041651764
2274	20-24	0.012092244016919551
2274	25-29	0.021647940316604775
2274	30-34	0.011989064005732075
2274	35-39	0.007011574184218716
2274	40-44	0.02315261259109036
2274	45-49	0.01018194183565413
2274	50-54	0.02479993207376907
2274	55-59	0.019960223325377058
2274	60-64	0.026335732099568077
2274	65-69	0.029082629585019504
2274	70-74	0.025853488854245654
2274	75-79	0.020752091216927226
2274	80-84	0.022675025575104257
2274	85-89	0.015957346362867497
2274	90-94	0.009623878950272058
2274	95-99	0.002669864752355977
2274	100-104	0.017923088993256897
2274	105-109	0.017846026104770374
2274	110-114	0.014791435874904835
2274	115-119	0.024027273117241066
2274	120-124	0.023805242064824483
2274	125-129	0.02770029311391653
2274	130-134	0.007679883420635747
2274	135-139	0.02722721369951131
2274	140-144	0.004973458078360693
2274	145-149	0.017384652268177092
2274	150-151	0.031278375819631776
2275	1	0.5546370544245249
2275	2	0.18531982379972334
2275	3	0.16306213080283527
2275	4	0.1373630725088404
2275	5	0.100670290221899
2275	6	0.06860558368164504
2275	7	0.10862856843800017
2275	8	0.09358791206977912
2275	9	0.08454558925405564
2275	10-14	0.07167970785769029
2275	15-19	0.032537868504668666
2275	20-24	0.03477062280408916
2275	25-29	0.025921518271971422
2275	30-34	0.031906291965647426
2275	35-39	0.01793292169986671
2275	40-44	0.031290421226451315
2275	45-49	0.025790103965007916
2275	50-54	0.030856841494063758
2275	55-59	0.032429438186348136
2275	60-64	0.030125870849630587
2275	65-69	0.018936393293060405
2275	70-74	0.026707219516325154
2275	75-79	0.018569146025633643
2275	80-84	0.015616611257897262
2275	85-89	0.01948757381727262
2275	90-94	0.027365853185735034
2275	95-99	0.018789664264652117
2275	100-104	0.014796752841199634
2275	105-109	0.0195587017683323
2275	110-114	0.02054685210638496
2275	115-119	0.023243647188408545
2275	120-124	0.018579206408595894
2275	125-129	0.03360814975209081
2275	130-134	0.03041882422542841
2275	135-139	0.024715314611796657
2275	140-144	0.02961282609523863
2275	145-149	0.013860379644619059
2275	150-151	0.027800546223730294
2276	1	0.5524110597813419
2276	2	0.19888166659043094
2276	3	0.12493458132816215
2276	4	0.11351802634601427
2276	5	0.09166656639197868
2276	6	0.005184035330529468
2276	7	0.08988311056538123
2276	8	0.05578847790260966
2276	9	0.08870993408906713
2276	10-14	0.060483671211684964
2276	15-19	0.02190177328747467
2276	20-24	0.016654350207723212
2276	25-29	0.01949036222168843
2276	30-34	0.024652315043518058
2276	35-39	0.03386049440523209
2276	40-44	0.033226101069011804
2276	45-49	0.030472161042709445
2276	50-54	0.02204688947406197
2276	55-59	0.03604094678882319
2276	60-64	0.03664051455857731
2276	65-69	0.05007833485949931
2276	70-74	0.03751281378526983
2276	75-79	0.022596243486226797
2276	80-84	0.029845128340696192
2276	85-89	0.02925555340810604
2276	90-94	0.018935813194865148
2276	95-99	0.022348891070876675
2276	100-104	0.03236849892466154
2276	105-109	0.03666446005127
2276	110-114	0.04605345012173956
2276	115-119	0.030033179575340796
2276	120-124	0.03116035445800236
2276	125-129	0.029960388866442145
2276	130-134	0.023696399833816884
2276	135-139	0.017184546767765596
2276	140-144	0.015270896849457927
2276	145-149	0.008587450123080487
2276	150-151	0.011975198448929802
2277	1	0.5316056341068389
2277	2	0.16644615933635976
2277	3	0.13161403917280978
2277	4	0.10558673457869361
2277	5	0.12032016532335632
2277	6	0.04312001633789464
2277	7	0.09792832688052755
2277	8	0.0774249357540171
2277	9	0.11804890738856955
2277	10-14	0.07400896558101522
2277	15-19	0.031588004693503535
2277	20-24	0.0344682767194584
2277	25-29	0.035163382623501604
2277	30-34	0.03164067323642428
2277	35-39	0.039464533558529524
2277	40-44	0.037488163104768546
2277	45-49	0.01643419091541176
2277	50-54	0.025507264349265313
2277	55-59	0.04272171047333728
2277	60-64	0.027760960578874005
2277	65-69	0.02222014372458858
2277	70-74	0.033701512475282414
2277	75-79	0.01510761597995014
2277	80-84	0.019821997010097903
2277	85-89	0.012661695040868892
2277	90-94	0.01804428805052538
2277	95-99	0.012298434976692363
2277	100-104	0.010692552617349804
2277	105-109	0.018304553391779166
2277	110-114	0.006973692152840272
2277	115-119	0.004242577243815049
2277	120-124	0.007739207579028573
2277	125-129	0.008055074812915564
2277	130-134	-0.010539481336039103
2277	135-139	-0.0048990356764022636
2277	140-144	0.00834047242252467
2277	145-149	-0.016664451731585928
2277	150-151	-0.0039036477179124063
2278	1	0.5354825170245121
2278	2	0.14953577819257902
2278	3	0.1030696941231497
2278	4	0.13105746781147332
2278	5	0.09652798307557475
2278	6	0.04652473858720896
2278	7	0.07295618637459711
2278	8	0.07630635722602364
2278	9	0.0960864557723724
2278	10-14	0.06721149643956892
2278	15-19	0.02606384424171182
2278	20-24	0.01874134956494089
2278	25-29	0.022189528070263975
2278	30-34	0.020208950846217988
2278	35-39	0.026757275775551648
2278	40-44	0.014964056151690386
2278	45-49	0.02274025752468134
2278	50-54	0.04369794211046951
2278	55-59	0.034647080574366385
2278	60-64	-0.08710336652863049
2278	65-69	0.03397211839737224
2278	70-74	0.02388214163618585
2278	75-79	0.03772407456126814
2278	80-84	0.023363248452596963
2278	85-89	0.032994875214725994
2278	90-94	0.03897495564857678
2278	95-99	0.04299176429788787
2278	100-104	0.028361680599594763
2278	105-109	0.030156467673670306
2278	110-114	0.028267774568817572
2278	115-119	0.03273877682711657
2278	120-124	0.04725248995952569
2278	125-129	0.04479265511923103
2278	130-134	0.03594788678280736
2278	135-139	0.045541688474436626
2278	140-144	0.035352704027289406
2278	145-149	0.04357706490706903
2278	150-151	0.022400872971381602
2279	1	0.5354091006888595
2279	2	0.18416685091222718
2279	3	0.13641511990863364
2279	4	0.12679287223587465
2279	5	0.11523918720830295
2279	6	0.03693192064907436
2279	7	0.10723517987408826
2279	8	0.07316789908128385
2279	9	0.08635879411105662
2279	10-14	0.05961109269159692
2279	15-19	0.036700505072843725
2279	20-24	0.0267595358903705
2279	25-29	0.03341089341311232
2279	30-34	0.04799950601347547
2279	35-39	0.02809001896880403
2279	40-44	0.039927814073408285
2279	45-49	0.040692484014989816
2279	50-54	0.03373146773852653
2279	55-59	0.038303662178698517
2279	60-64	0.050593982976671725
2279	65-69	0.04189736277108835
2279	70-74	0.041687299999615846
2279	75-79	0.03537501781287489
2279	80-84	0.037557576882804256
2279	85-89	0.04373332405567254
2279	90-94	0.026732930545946942
2279	95-99	0.025337628429333847
2279	100-104	0.03140721077531339
2279	105-109	0.04692511489334805
2279	110-114	0.03911275042520401
2279	115-119	0.04116928508917539
2279	120-124	0.037156853495943665
2279	125-129	0.04739130972957639
2279	130-134	0.03663697703030522
2279	135-139	0.058876462763777226
2279	140-144	0.0583966412053627
2279	145-149	0.057448162970551664
2279	150-151	0.06521989500757996
2280	1	0.46880795342194403
2280	2	0.189301928677736
2280	3	0.11085115191476547
2280	4	0.12195610405894541
2280	5	0.0948761758484693
2280	6	0.026440143809814742
2280	7	0.10068234183000868
2280	8	0.09457017593667416
2280	9	0.09621886795921597
2280	10-14	0.07917206162954926
2280	15-19	0.04785099889674882
2280	20-24	0.024394647104095668
2280	25-29	0.03027312721713571
2280	30-34	0.03471535549174831
2280	35-39	0.036431961808524704
2280	40-44	0.032939626275123146
2280	45-49	0.037691345162876644
2280	50-54	0.029288386668106625
2280	55-59	0.03604898762774411
2280	60-64	0.03254120135398608
2280	65-69	0.04276281823609196
2280	70-74	0.036388078992338535
2280	75-79	0.03707673379511078
2280	80-84	0.05081548377017242
2280	85-89	0.03643138544518365
2280	90-94	0.039056780890348364
2280	95-99	0.04534027222677395
2280	100-104	0.04154698271046442
2280	105-109	0.06451909679612555
2280	110-114	0.06555088345749027
2280	115-119	0.05912466033191066
2280	120-124	0.07804996956375732
2280	125-129	0.08017370659654688
2280	130-134	0.0728283043578557
2280	135-139	0.07549340010076833
2280	140-144	0.08003028872212781
2280	145-149	0.0653019098014056
2280	150-151	0.04530502641021883
2281	1	0.5265672789048494
2281	2	0.1135059788741799
2281	3	0.10542329701019071
2281	4	0.09261368605125142
2281	5	0.07462456614820212
2281	6	0.0010047774813770616
2281	7	0.05171186970636654
2281	8	0.05708142170084329
2281	9	0.04901598525019324
2281	10-14	0.049756477145066924
2281	15-19	0.024855594609000775
2281	20-24	0.016218973301818096
2281	25-29	0.018635827100588642
2281	30-34	0.0186182484611237
2281	35-39	0.02539282234967999
2281	40-44	0.016326210057954427
2281	45-49	0.013622460757702015
2281	50-54	0.01519660801206868
2281	55-59	0.007382970979229242
2281	60-64	0.018970670969657988
2281	65-69	0.00256104052706263
2281	70-74	0.02134499319807759
2281	75-79	0.01815793654161979
2281	80-84	0.016772245419467424
2281	85-89	0.02374847868703256
2281	90-94	0.016202326613559137
2281	95-99	0.012229029697024885
2281	100-104	0.003140887508621404
2281	105-109	2.7227262944506947E-4
2281	110-114	0.018704788918718407
2281	115-119	0.012090898287894447
2281	120-124	0.015678820714832398
2281	125-129	0.009437417488555866
2281	130-134	-0.0030927270401903684
2281	135-139	0.020507382287931364
2281	140-144	-0.004337384836745173
2281	145-149	-0.013865802371903158
2281	150-151	-0.00904220413764989
2282	1	0.5223578839331537
2282	2	0.12354061702335883
2282	3	0.12075706444959877
2282	4	0.09776749833223874
2282	5	0.07876084791490001
2282	6	0.02237782924669318
2282	7	0.07168137689554044
2282	8	0.02840427736133222
2282	9	0.06707682302582185
2282	10-14	0.04963644151699498
2282	15-19	0.01871130620444461
2282	20-24	0.011385482949982872
2282	25-29	0.011705385687399428
2282	30-34	0.001717714341481269
2282	35-39	0.017746668500613794
2282	40-44	0.0234354850889531
2282	45-49	0.012555642493126129
2282	50-54	0.02211773909301229
2282	55-59	0.016361791393826763
2282	60-64	0.015199078380504716
2282	65-69	0.028556640781843612
2282	70-74	0.009992493769054533
2282	75-79	0.009127243143538522
2282	80-84	0.01579314111088337
2282	85-89	0.022255908404659408
2282	90-94	0.022458728638930836
2282	95-99	0.019836509548802894
2282	100-104	0.02119983360996258
2282	105-109	0.014583456988354726
2282	110-114	0.0024749894406568274
2282	115-119	9.712327738569115E-4
2282	120-124	0.005199963314588274
2282	125-129	0.007794494249452555
2282	130-134	-0.0014984873632215567
2282	135-139	0.0032377040135145307
2282	140-144	-0.00408144759563811
2282	145-149	0.015630740615577565
2282	150-151	-0.012824067181014698
2283	1	0.3885546668667459
2283	2	0.18324629820123306
2283	3	0.12022191657001713
2283	4	0.05901490499712736
2283	5	0.08647922756820492
2283	6	0.0037156072070629875
2283	7	0.08826358070724893
2283	8	0.06329237250368891
2283	9	0.03712935024175579
2283	10-14	0.04480584172078039
2283	15-19	0.035510433930014074
2283	20-24	0.022070074664341632
2283	25-29	0.023950508207050802
2283	30-34	0.012495408440607036
2283	35-39	0.01409686113608899
2283	40-44	0.0217586754978214
2283	45-49	0.027677297914230792
2283	50-54	0.01612225775667042
2283	55-59	0.02017853604574782
2283	60-64	0.02897887652181197
2283	65-69	0.01957518670152325
2283	70-74	0.028853837999271548
2283	75-79	0.025761700731301573
2283	80-84	0.02375907002544153
2283	85-89	0.03819379906424558
2283	90-94	0.023867205237301903
2283	95-99	0.0230734243880093
2283	100-104	0.030903086480250863
2283	105-109	0.031082830956336238
2283	110-114	0.033205051321495205
2283	115-119	0.02271292325168872
2283	120-124	0.02127971607779955
2283	125-129	0.01844316601311391
2283	130-134	0.0011723791543616358
2283	135-139	0.008079223444710237
2283	140-144	0.019791987944316247
2283	145-149	0.005415725695506524
2283	150-151	-0.026746379100806905
2284	1	0.5132881928806299
2284	2	0.1796639839065861
2284	3	0.11353484838384986
2284	4	0.07668117801986796
2284	5	0.092037115790923
2284	6	-0.029272672728573923
2284	7	0.06484693629394656
2284	8	0.013350106292485009
2284	9	0.04007520981196677
2284	10-14	0.02700879317528404
2284	15-19	0.013179947770247225
2284	20-24	0.010073848673663122
2284	25-29	0.011686525304760664
2284	30-34	0.0013526296338994825
2284	35-39	0.008416281374763912
2284	40-44	0.0036831554283480727
2284	45-49	0.010948325658070246
2284	50-54	0.005850719345644961
2284	55-59	0.013027296699746671
2284	60-64	-0.0012972574422462912
2284	65-69	0.00945250380657825
2284	70-74	0.00735652187255198
2284	75-79	0.008381239836857901
2284	80-84	0.00713494606023346
2284	85-89	-0.004381210479422748
2284	90-94	0.021558648549223847
2284	95-99	0.014773967121932685
2284	100-104	0.018339882859677914
2284	105-109	0.009003614257906634
2284	110-114	0.024358103096858486
2284	115-119	0.010758446553374768
2284	120-124	0.01937936505309068
2284	125-129	0.02788195547341843
2284	130-134	0.013523126412522402
2284	135-139	0.02502242825922707
2284	140-144	0.03014650274010222
2284	145-149	0.03021083410370551
2284	150-151	0.016384391592517034
2285	1	0.46263852432912955
2285	2	0.18296876216073343
2285	3	0.08415046873101062
2285	4	0.061681946258111964
2285	5	0.04841257030060575
2285	6	0.01949351051890602
2285	7	0.0674855526203757
2285	8	0.028716716794299657
2285	9	0.024901423582718962
2285	10-14	0.03691670476010955
2285	15-19	0.013408565025400776
2285	20-24	0.015102751663398806
2285	25-29	0.01598386914671579
2285	30-34	0.01482064006920325
2285	35-39	0.013743231465397798
2285	40-44	0.01696684497012768
2285	45-49	0.019804172503086193
2285	50-54	0.0282953047499106
2285	55-59	0.017118287456540315
2285	60-64	0.037961412260692384
2285	65-69	0.03220046123314546
2285	70-74	0.013607911024571706
2285	75-79	-0.00514516787331587
2285	80-84	0.0023361915196602467
2285	85-89	0.012815673528407956
2285	90-94	0.005529675560026703
2285	95-99	0.007243004651314777
2285	100-104	0.012463195376334113
2285	105-109	0.01933854599553797
2285	110-114	0.026519404501875954
2285	115-119	0.016072848690363628
2285	120-124	0.02785418803441786
2285	125-129	0.034606300437587834
2285	130-134	0.04890959451196153
2285	135-139	0.01523735324274611
2285	140-144	0.011646832691106113
2285	145-149	0.015963993034418422
2285	150-151	0.023480134786630913
2286	1	0.5155093942490865
2286	2	0.21003515794792094
2286	3	0.08990192480906956
2286	4	0.05922908612398459
2286	5	0.0718326359276773
2286	6	0.04440795170581424
2286	7	0.08599808829639954
2286	8	0.008581514020285397
2286	9	0.06608914859634041
2286	10-14	0.04379411118718224
2286	15-19	0.02365279406549803
2286	20-24	0.013001174652977454
2286	25-29	0.004931799717674323
2286	30-34	0.010166291392735616
2286	35-39	0.004583817368143173
2286	40-44	-2.649583182616766E-4
2286	45-49	0.004584622412700412
2286	50-54	-0.013570483386025955
2286	55-59	-0.008048272426741221
2286	60-64	0.004135475239358755
2286	65-69	-0.0012467372544051614
2286	70-74	-0.01923114148058147
2286	75-79	-0.004788283314120179
2286	80-84	-0.0017927044939511916
2286	85-89	-7.361598375013045E-4
2286	90-94	0.0048429137014878165
2286	95-99	0.004440201664039023
2286	100-104	-0.007303985562238324
2286	105-109	0.005327181938000081
2286	110-114	0.008389257553126583
2286	115-119	-0.004873474088064711
2286	120-124	-0.003596773661271868
2286	125-129	0.00446806226182872
2286	130-134	-0.008095681056623505
2286	135-139	0.0130992307685176
2286	140-144	0.010307726869847045
2286	145-149	-0.0034144651062391063
2286	150-151	-0.04525766217488325
2287	1	0.6219123132503199
2287	2	0.19368352031774805
2287	3	0.1267668846245371
2287	4	0.08645154161951751
2287	5	0.0594020704961693
2287	6	-0.007219894531274917
2287	7	0.07431255327881559
2287	8	0.013610224424141393
2287	9	0.012848683344735434
2287	10-14	0.006294348212115608
2287	15-19	0.00317600838972254
2287	20-24	0.006210062310024966
2287	25-29	0.008769795527499014
2287	30-34	-0.009438265211784369
2287	35-39	0.009094000238071942
2287	40-44	-0.00522616200166226
2287	45-49	-0.0011793501458399192
2287	50-54	-0.007800716905684624
2287	55-59	-0.007633192939124456
2287	60-64	-0.010568475266758526
2287	65-69	0.0032991674861690967
2287	70-74	-0.009327554289775719
2287	75-79	-0.013146389569349992
2287	80-84	-0.010711291664676992
2287	85-89	-0.017691584891693424
2287	90-94	-0.016574357701429676
2287	95-99	-0.010081115462696744
2287	100-104	-0.020273188328346237
2287	105-109	-0.01631124105718129
2287	110-114	-0.008069044517512225
2287	115-119	-0.014435987204642231
2287	120-124	-0.015286015754199411
2287	125-129	0.0027662192698372223
2287	130-134	0.003872814085738696
2287	135-139	-0.0028200109927354333
2287	140-144	-0.01971723598396835
2287	145-149	-0.01719141554993797
2287	150-151	-0.09616124085913924
2288	1	0.6209350974761207
2288	2	0.17351278465586262
2288	3	0.10330152666976034
2288	4	0.0227582025637858
2288	5	0.030596633493409797
2288	6	-0.01888289026771872
2288	7	0.03941305532490702
2288	8	-0.01197936135528721
2288	9	-0.0050271322613753
2288	10-14	0.0034134476532159397
2288	15-19	-0.011490282997861812
2288	20-24	-0.006106114192917289
2288	25-29	-0.004971176958996182
2288	30-34	-0.02020865021264484
2288	35-39	-0.014122811577166772
2288	40-44	-0.010060116022131638
2288	45-49	-0.004344970691519734
2288	50-54	-1.2814850997244775E-4
2288	55-59	-0.005032454983307844
2288	60-64	0.008025774000266495
2288	65-69	0.0077570041010375235
2288	70-74	4.007013427766992E-4
2288	75-79	0.006438650932004464
2288	80-84	-0.011278057243004014
2288	85-89	5.677578218410417E-5
2288	90-94	-0.002423746469567334
2288	95-99	-0.002482589178505634
2288	100-104	-0.018777246151856275
2288	105-109	0.006546921706423348
2288	110-114	0.0015090079888153696
2288	115-119	0.010817721729537766
2288	120-124	0.009131252040091908
2288	125-129	0.016702346481842767
2288	130-134	0.028325678788462483
2288	135-139	0.021927606507219366
2288	140-144	0.023416394915933836
2288	145-149	0.00337772767214517
2288	150-151	-0.03439636178477912
2289	1	0.654533353012468
2289	2	0.1362732929496957
2289	3	0.0916808084208256
2289	4	0.02142279384050738
2289	5	-5.872718752684136E-4
2289	6	0.003555964574019299
2289	7	0.05002505112729949
2289	8	0.020091759679765175
2289	9	0.04658058928707476
2289	10-14	0.02442120628083444
2289	15-19	0.005474258745742588
2289	20-24	0.006411031482272733
2289	25-29	0.007987827422141436
2289	30-34	-0.004488216653356858
2289	35-39	-0.00894668958564182
2289	40-44	-0.009582839951534083
2289	45-49	-0.010454217321232306
2289	50-54	-8.547966240826099E-4
2289	55-59	-0.008042990550670481
2289	60-64	0.0036976308655596313
2289	65-69	0.0032400797599549946
2289	70-74	-0.005830978401142772
2289	75-79	-0.006875074905330791
2289	80-84	-0.01970430614021268
2289	85-89	-0.004659982806344942
2289	90-94	-0.007969778040084918
2289	95-99	-0.01799671262222091
2289	100-104	-0.0011888850873731371
2289	105-109	-0.008026426303018752
2289	110-114	0.00382328015788147
2289	115-119	6.341948149923837E-5
2289	120-124	0.01747856489030397
2289	125-129	8.825363568050193E-4
2289	130-134	-0.011790337653522442
2289	135-139	-0.0013666725039058747
2289	140-144	0.01444797889931948
2289	145-149	0.0029972672342211126
2289	150-151	-0.040857879710138434
2290	1	0.5268475733621187
2290	2	0.07907920909722321
2290	3	0.11611183684210857
2290	4	-0.031073393491148238
2290	5	7.209223934765419E-4
2290	6	-0.035260764506723774
2290	7	0.018139529405232224
2290	8	-0.0012478093081824682
2290	9	0.008486194683634096
2290	10-14	0.015016242001209434
2290	15-19	-0.012730998293179141
2290	20-24	-0.011939199680163881
2290	25-29	-0.0034684427661844097
2290	30-34	-0.01762288967209713
2290	35-39	-1.9468758306828704E-4
2290	40-44	-0.0037572491160489108
2290	45-49	-0.008505064000068785
2290	50-54	-0.016285623074132616
2290	55-59	-0.0024805501796762996
2290	60-64	-0.019735284518226592
2290	65-69	-0.01787009954918517
2290	70-74	-0.022388394488814356
2290	75-79	-0.019966877699950203
2290	80-84	-0.03857530857044367
2290	85-89	-0.027930746268417295
2290	90-94	-0.039456632265078895
2290	95-99	-0.02653517289447649
2290	100-104	-0.026355257991724557
2290	105-109	-0.01582839796097346
2290	110-114	-0.010848677724148104
2290	115-119	-0.02401146217554384
2290	120-124	-0.016047980844277276
2290	125-129	-0.025904409583944243
2290	130-134	-0.00656214261987742
2290	135-139	-0.014023499083222646
2290	140-144	-0.024088492552500895
2290	145-149	-0.04250945286620578
2290	150-151	-0.07810530630111856
2291	1	0.38452188409806354
2291	2	0.04090917291609486
2291	3	0.07450634481804741
2291	4	-0.006054223718443552
2291	5	0.022103722347850407
2291	6	-0.012221705919174042
2291	7	0.03730466984116276
2291	8	-0.035174176097093834
2291	9	-0.003070964631703532
2291	10-14	8.682740412453427E-4
2291	15-19	-0.025919988455044063
2291	20-24	-0.01444868228477958
2291	25-29	0.0010282952221700725
2291	30-34	-0.010760704074023408
2291	35-39	-0.00400093923061462
2291	40-44	-7.378110223186241E-4
2291	45-49	-0.005631114225025158
2291	50-54	-0.011881785324398209
2291	55-59	-0.02236093070544598
2291	60-64	-0.01674600287344674
2291	65-69	-0.035819863818645103
2291	70-74	-0.029069095648573295
2291	75-79	-0.017797508059040013
2291	80-84	-0.03899423077261588
2291	85-89	-0.027325637812978698
2291	90-94	-0.022512902049840022
2291	95-99	-0.028894899662780915
2291	100-104	-0.0232033028792884
2291	105-109	-0.01594762741355993
2291	110-114	-0.019624696645379913
2291	115-119	-0.02193793389648846
2291	120-124	-0.014601698132445051
2291	125-129	-0.028062088152218223
2291	130-134	-0.033892802752511386
2291	135-139	-0.027760592429039832
2291	140-144	-0.040184328035948624
2291	145-149	-0.051027478202477994
2291	150-151	-0.06677834131388494
2292	1	0.5115550818659074
2292	2	0.025477102317388756
2292	3	0.0594473562248794
2292	4	-0.054979617479553156
2292	5	0.012483888011992406
2292	6	-0.0270902395858883
2292	7	-0.004284475082108941
2292	8	-0.01481243449645575
2292	9	0.017964568747785847
2292	10-14	0.026876576702207444
2292	15-19	0.0031507584422811874
2292	20-24	0.004905644756355798
2292	25-29	0.002209228788053963
2292	30-34	-0.00122251031021392
2292	35-39	0.015285767022533037
2292	40-44	-0.007434422729701851
2292	45-49	0.0071577811147349735
2292	50-54	0.005813070339080184
2292	55-59	0.00657863275268511
2292	60-64	0.01608014054330198
2292	65-69	0.016719409772598226
2292	70-74	-7.414114296366847E-4
2292	75-79	0.0017666765300390352
2292	80-84	-0.009168036816333824
2292	85-89	0.013478079370557339
2292	90-94	0.026584201392346074
2292	95-99	0.01967043703468363
2292	100-104	0.00398066922797824
2292	105-109	0.037269898243636135
2292	110-114	0.024664075680391306
2292	115-119	0.017551861131103408
2292	120-124	0.03771950063155316
2292	125-129	0.06361760453571463
2292	130-134	0.04458322238287593
2292	135-139	0.04523945559492404
2292	140-144	0.036603705625374516
2292	145-149	0.02585744953629643
2292	150-151	0.006001423723333232
2293	1	0.39555415683901174
2293	2	0.05311741285404992
2293	3	0.028117226314321897
2293	4	-0.058960397767506834
2293	5	-0.046072906806209346
2293	6	-0.02877811353641846
2293	7	0.02102127892221972
2293	8	-0.021429215762871934
2293	9	-0.010714180489721059
2293	10-14	-0.015497009823370433
2293	15-19	-0.03055638818748463
2293	20-24	-0.012222256649138785
2293	25-29	-0.01785318312402495
2293	30-34	-0.02566902929243753
2293	35-39	-0.030429682083628506
2293	40-44	-0.03816118123489787
2293	45-49	-0.01923208835109591
2293	50-54	-0.023552627909886326
2293	55-59	-0.018275831764917427
2293	60-64	-0.032960395986570745
2293	65-69	-0.03131344289032967
2293	70-74	-0.025534343850431185
2293	75-79	-0.04943830088460999
2293	80-84	-0.04879737690772856
2293	85-89	-0.015054954310727453
2293	90-94	-0.021690899517544437
2293	95-99	-0.03167879774215976
2293	100-104	-0.028040858280213854
2293	105-109	-0.017523419467657675
2293	110-114	-0.030858482104520135
2293	115-119	-0.021957192218415855
2293	120-124	-0.008684726820256117
2293	125-129	-0.013823142703792257
2293	130-134	-0.006522910339334942
2293	135-139	-0.015197891934903396
2293	140-144	-0.003858103580952843
2293	145-149	-0.023992504729854147
2293	150-151	-0.11064630481281057
2294	1	0.4701439191827177
2294	2	0.004800077799728797
2294	3	0.015326864673838259
2294	4	-0.06091521690937185
2294	5	-0.041937196998937054
2294	6	-0.028540125476929745
2294	7	-0.018013373466807536
2294	8	-0.08870064856543536
2294	9	-0.01868013749069064
2294	10-14	-0.024507546244237233
2294	15-19	-0.04569318603235217
2294	20-24	-0.03469195626077948
2294	25-29	-0.027542349233115715
2294	30-34	-0.03870889702815816
2294	35-39	-0.04682996433296438
2294	40-44	-0.04705386237365161
2294	45-49	-0.04802524983300316
2294	50-54	-0.046530144353276626
2294	55-59	-0.043645044127686106
2294	60-64	-0.030429035386617898
2294	65-69	-0.036795016586616214
2294	70-74	-0.04064855389685107
2294	75-79	-0.03169112676804531
2294	80-84	-0.04894348814590899
2294	85-89	-0.043889488266763976
2294	90-94	-0.04862620379994809
2294	95-99	-0.03892914742559128
2294	100-104	-0.042083745054284805
2294	105-109	-0.03501489011296144
2294	110-114	-0.030387876140522962
2294	115-119	-0.03594850617458434
2294	120-124	-0.0100173667531962
2294	125-129	-0.0071817383186356665
2294	130-134	-0.004724759280051671
2294	135-139	-0.00797268119675465
2294	140-144	-0.008148514788274497
2294	145-149	-0.020191349478032805
2294	150-151	-0.09241017429011578
2295	1	0.5142047442626279
2295	2	0.017738097868033265
2295	3	2.271515450473771E-4
2295	4	-0.16465130091440727
2295	5	-0.08772293278800447
2295	6	-0.14150749993148537
2295	7	-0.006110115136117145
2295	8	-0.11243657450141598
2295	9	-0.07313503633272234
2295	10-14	-0.07145135826675642
2295	15-19	-0.08965433963488323
2295	20-24	-0.06619759616892651
2295	25-29	-0.07580292677275935
2295	30-34	-0.09619040695301351
2295	35-39	-0.07193279274624587
2295	40-44	-0.06718102004555249
2295	45-49	-0.06704494616593593
2295	50-54	-0.05412586301878264
2295	55-59	-0.06370459041230703
2295	60-64	-0.05854848110804056
2295	65-69	-0.06743062653661269
2295	70-74	-0.09132174273130289
2295	75-79	-0.07592137491918294
2295	80-84	-0.10075988634839206
2295	85-89	-0.09512575857604588
2295	90-94	-0.08017923895458523
2295	95-99	-0.09026316941860557
2295	100-104	-0.07707633051555973
2295	105-109	-0.056590459463016884
2295	110-114	-0.07154425793289931
2295	115-119	-0.07878447198267224
2295	120-124	-0.05156858697409206
2295	125-129	-0.0562778615097983
2295	130-134	-0.0682714648332805
2295	135-139	-0.06544394124966146
2295	140-144	-0.06724574204184108
2295	145-149	-0.0720860390643665
2295	150-151	-0.1700940589235458
2296	1	0.553987462724244
2296	2	-0.09020918096003783
2296	3	-0.03233467327785178
2296	4	-0.12706980966751047
2296	5	-0.07783126804739737
2296	6	-0.09120995012511912
2296	7	-0.04194396115531873
2296	8	-0.1864641881449529
2296	9	-0.14316780908367832
2296	10-14	-0.10196187888110586
2296	15-19	-0.10650634552016669
2296	20-24	-0.09949124504330342
2296	25-29	-0.0922869490214353
2296	30-34	-0.10159179143055042
2296	35-39	-0.09689191202662784
2296	40-44	-0.10895669003407704
2296	45-49	-0.08944668283407253
2296	50-54	-0.08248871730224039
2296	55-59	-0.09463026200261737
2296	60-64	-0.09044004365195235
2296	65-69	-0.09375819943057451
2296	70-74	-0.09888617342111417
2296	75-79	-0.09517146878498295
2296	80-84	-0.11001289861843588
2296	85-89	-0.12760906863968557
2296	90-94	-0.12846139872559093
2296	95-99	-0.10733358101897039
2296	100-104	-0.10801553603378977
2296	105-109	-0.08772223829737413
2296	110-114	-0.09256858018662939
2296	115-119	-0.11487049298042962
2296	120-124	-0.09655415712544624
2296	125-129	-0.10510888229187287
2296	130-134	-0.11996409762360116
2296	135-139	-0.11199618376969056
2296	140-144	-0.10895212041959468
2296	145-149	-0.0986543404318212
2296	150-151	-0.1868822096699958
2297	1	0.4243772025556112
2297	2	-0.04521353240580339
2297	3	-0.07368056174853166
2297	4	-0.12754366024802977
2297	5	-0.11281269136082273
2297	6	-0.10250363730209955
2297	7	-0.1122959091622846
2297	8	-0.17056513116872907
2297	9	-0.10919818394613401
2297	10-14	-0.09855639135584227
2297	15-19	-0.10692964254201343
2297	20-24	-0.09714964787585245
2297	25-29	-0.10397694731005203
2297	30-34	-0.11691213167771508
2297	35-39	-0.10980051533155688
2297	40-44	-0.09721362132582101
2297	45-49	-0.1058581088897057
2297	50-54	-0.0993116975952475
2297	55-59	-0.09378449612704287
2297	60-64	-0.08394202291632524
2297	65-69	-0.11394694475249167
2297	70-74	-0.12460190404705429
2297	75-79	-0.11875500425631458
2297	80-84	-0.12832518553307182
2297	85-89	-0.11236344553667266
2297	90-94	-0.1218809717434226
2297	95-99	-0.1142481497390051
2297	100-104	-0.14695864947130843
2297	105-109	-0.11057764642499279
2297	110-114	-0.1044673286026665
2297	115-119	-0.09233612973912386
2297	120-124	-0.08732173688934353
2297	125-129	-0.1291845091757935
2297	130-134	-0.1465234607936381
2297	135-139	-0.12183923100948135
2297	140-144	-0.11247954164639395
2297	145-149	-0.10633985024603021
2297	150-151	-0.8777572532532574
2298	1	0.43549173748020564
2298	2	-0.13497223506047362
2298	3	-0.08194317513610372
2298	4	-0.23562766726148254
2298	5	-0.16838909064341578
2298	6	-0.17757532011010824
2298	7	-0.09183195005278577
2298	8	-0.1626555509839278
2298	9	-0.17547661896053057
2298	10-14	-0.1757738181737949
2298	15-19	-0.1502260286059709
2298	20-24	-0.12760255420027278
2298	25-29	-0.13415893507076504
2298	30-34	-0.16337164836600948
2298	35-39	-0.16611810656188908
2298	40-44	-0.1710303628489882
2298	45-49	-0.14983348127828577
2298	50-54	-0.1656448485429607
2298	55-59	-0.16817903868552975
2298	60-64	-0.16790394681483178
2298	65-69	-0.14450048804651772
2298	70-74	-0.18202947806771164
2298	75-79	-0.19160073336762196
2298	80-84	-0.1774932633013222
2298	85-89	-0.1681703501916587
2298	90-94	-0.16072434370245503
2298	95-99	-0.16229478798007335
2298	100-104	-0.1756422569942373
2298	105-109	-0.15382826081572176
2298	110-114	-0.14960608369851514
2298	115-119	-0.1563518434216533
2298	120-124	-0.1482907869456298
2298	125-129	-0.16200805664330176
2298	130-134	-0.16132482208077192
2298	135-139	-0.17390243128908622
2298	140-144	-0.210389179561993
2298	145-149	-0.2167712647481821
2298	150-151	-0.33580612657669207
>>END_MODULE
>>Per sequence quality scores	pass
#Quality	Count
10	1.0
11	52.0
12	1641.0
13	10955.0
14	23196.0
15	35203.0
16	56810.0
17	76933.0
18	106274.0
19	158684.0
20	226988.0
21	294553.0
22	359129.0
23	424026.0
24	482039.0
25	553170.0
26	633575.0
27	712062.0
28	805953.0
29	911090.0
30	1014178.0
31	1167933.0
32	1344899.0
33	1568516.0
34	1960877.0
35	2449539.0
36	3771742.0
37	6192246.0
38	1.5894888E7
39	1.44318673E8
40	9.2412997E7
>>END_MODULE
>>Per base sequence content	fail
#Base	G	A	T	C
1	11.886411936417906	17.561949214303965	70.00081627860276	0.5508225706753729
2	19.60410994784465	35.67589135035668	43.727587227915414	0.9924114738832596
3	23.04979968619105	32.501974257052225	43.7482062674182	0.7000197893385198
4	19.77500930767532	31.434386438931806	47.883945866756825	0.9066583866360485
5	20.11433649205768	30.2043363185489	48.69341469291679	0.9879124964766259
6	19.5647413701554	30.248354857883104	49.240213909222746	0.9466898627387473
7	19.33582151767987	30.056235183268086	49.58794962969318	1.0199936693588572
8	20.131890921316	30.56254729212406	48.36998244419361	0.9355793423663298
9	19.109774045174344	30.10490585666791	49.80502656710731	0.9802935310504388
10-14	19.62451427049428	30.46859601517873	48.92845722123306	0.9784324930939271
15-19	19.611263184733748	30.166688099190587	49.214276492429086	1.0077722236465763
20-24	19.750215046261523	30.21659590957928	49.0546322300643	0.9785568140948969
25-29	19.699544693082537	30.136056158225998	49.18427439349365	0.9801247551978121
30-34	19.783510634990055	30.2095313371288	49.0234449906013	0.9835130372798399
35-39	19.78071262430164	29.982098019715163	49.22776803612775	1.0094213198554505
40-44	19.834719067224086	30.087625906173006	49.04944261764484	1.0282124089580658
45-49	19.824792188867022	29.987983645106453	49.14162455453234	1.0455996114941852
50-54	19.81824614771227	30.099355409698415	49.041073387938816	1.0413250546504997
55-59	19.92975931001241	29.90575552199857	49.044696042696096	1.1197891252929173
60-64	19.847191221087833	30.12755525807968	48.90615885598196	1.1190946648505347
65-69	19.871438315268332	29.98198237954416	48.99105590742587	1.1555233977616406
70-74	19.811064383303002	30.057088653368822	48.92861091109301	1.2032360522351662
75-79	19.989679171062047	30.013667410745327	48.69158623731125	1.3050671808813754
80-84	19.97447492114248	30.098976696266167	48.504313552087474	1.4222348305038783
85-89	20.104954055880434	29.99735231140461	48.23495502339893	1.6627386093160241
90-94	20.190453849972336	29.96134810477441	47.93368163067747	1.9145164145757922
95-99	20.35544246415623	29.83103045485355	47.57110163810141	2.2424254428888095
100-104	20.406930406137107	29.813428439413503	47.169211368414864	2.6104297860345236
105-109	20.50859287390735	29.667292465989746	46.94130314300804	2.882811517094861
110-114	20.582003878449182	29.577411248272835	46.65031171244763	3.190273160830354
115-119	20.732147867848308	29.465781225159006	46.315674992426736	3.486395914565949
120-124	20.68860173317166	29.459228786883273	46.18846944156774	3.6637000383773195
125-129	20.725145948162485	29.308672872778697	46.13748022624707	3.828700952811749
130-134	20.671772247165208	29.279822852425223	46.111214896996806	3.9371900034127654
135-139	20.709170469956888	29.298043237497858	46.004509290188665	3.9882770023565883
140-144	20.67423818629013	29.2837771745235	46.02308754424956	4.018897094936805
145-149	20.63387636354047	29.326763554047012	46.00383288062735	4.03552720178517
150-151	20.584831762399602	29.329065713581524	46.068115207241945	4.0179873167769244
>>END_MODULE
>>Per sequence GC content	pass
#GC Content	Count
0	127498.0
1	91959.5
2	66407.5
3	100261.0
4	170932.0
5	300074.0
6	511248.5
7	843568.0
8	1350529.5
9	2086760.5
10	3102262.0
11	4461250.5
12	6150463.0
13	8123435.0
14	1.0218439E7
15	1.21927755E7
16	1.3855195E7
17	1.5181888E7
18	1.6306872E7
19	1.70302075E7
20	1.71131365E7
21	1.6791245E7
22	1.62489615E7
23	1.55308335E7
24	1.46962285E7
25	1.36248255E7
26	1.2215744E7
27	1.0746864E7
28	9382422.5
29	8118126.5
30	6796278.5
31	5386642.5
32	4174007.0
33	3289231.5
34	2574182.5
35	1950907.5
36	1519173.0
37	1181540.0
38	917271.5
39	713997.5
40	561263.5
41	444685.5
42	351272.5
43	278499.5
44	221913.5
45	177205.0
46	142003.0
47	113121.5
48	89749.5
49	76100.0
50	67018.0
51	55534.5
52	40166.5
53	27441.0
54	21454.5
55	17031.5
56	14020.5
57	11590.0
58	9539.0
59	7991.5
60	6856.5
61	6026.0
62	5448.0
63	4930.0
64	4440.0
65	3933.0
66	3387.0
67	2991.5
68	2668.5
69	2354.5
70	2121.5
71	1831.5
72	1542.0
73	1265.0
74	992.0
75	747.5
76	535.5
77	393.0
78	290.5
79	207.0
80	168.5
81	121.5
82	77.0
83	69.0
84	57.5
85	44.0
86	40.0
87	41.0
88	38.5
89	33.5
90	32.5
91	33.5
92	36.0
93	49.5
94	67.5
95	130.5
96	346.5
97	914.0
98	3297.5
99	2700.5
100	64.5
>>END_MODULE
>>Per base N content	pass
#Base	N-Count
1	7.195051537110878E-7
2	0.08299455972799712
3	3.475209892424554E-4
4	0.02970513002353911
5	6.295670094972018E-5
6	0.035746095294097405
7	4.892635045235397E-5
8	0.0046480032929736275
9	7.112308444434102E-4
10-14	2.482292780303253E-5
15-19	1.1346596274023855E-4
20-24	4.2824946748883943E-4
25-29	1.4814611114911299E-4
30-34	2.488768326686653E-4
35-39	0.0013739670415266934
40-44	0.004244792604833933
45-49	0.002096134364306512
50-54	4.27961665427355E-4
55-59	8.494477844713102E-4
60-64	0.0010176680894089627
65-69	0.0016119793463743213
70-74	0.0011325730624566232
75-79	5.807845600755901E-4
80-84	0.00146721490944765
85-89	0.001478295288814801
90-94	3.3305893565286254E-4
95-99	0.002059727403528731
100-104	9.774477513165127E-4
105-109	0.003928642040293281
110-114	0.005968942804671813
115-119	0.00168457741638377
120-124	0.009358243781743263
125-129	0.011039943177512189
130-134	0.015853864358931595
135-139	0.014749927601592671
140-144	0.01842861355148672
145-149	0.009283918899364908
150-151	3.851151335238597E-4
>>END_MODULE
>>Sequence Length Distribution	pass
#Length	Count
151	2.77968822E8
>>END_MODULE
>>Sequence Duplication Levels	pass
#Total Deduplicated Percentage	74.07473894820184
#Duplication Level	Percentage of deduplicated	Percentage of total
1	86.84234761780618	64.32824229437992
2	10.442381056616053	15.470333015329645
3	1.6764812678733019	3.725547368077959
4	0.403703838286419	1.1961702573381432
5	0.1632080577062582	0.604479713441707
6	0.08635129330060792	0.38378697054492855
7	0.05784853060451236	0.2999580362146423
8	0.043302660916740766	0.256610664253606
9	0.029525926720593444	0.19684127826285266
>10	0.20231674199249905	3.001548060499072
>50	0.026093362221591976	1.350788195808256
>100	0.023116485080619493	3.4124522427222344
>500	0.00205119155562354	1.0282148583833501
>1k	9.059392915128794E-4	1.223679164780393
>5k	1.5919938534198454E-4	0.8850690406559648
>10k+	2.0683064225178582E-4	2.6362788393073457
>>END_MODULE
>>Overrepresented sequences	pass
>>END_MODULE
>>Adapter Content	pass
#Position	Illumina Universal Adapter	Illumina Small RNA 3' Adapter	Illumina Small RNA 5' Adapter	Nextera Transposase Sequence	SOLID Small RNA Adapter
1	4.317030922266527E-6	0.0	0.0	0.0	0.0
2	8.27430926767751E-6	0.0	0.0	0.0	0.0
3	1.115232988252186E-5	0.0	0.0	0.0	0.0
4	1.47498556510773E-5	0.0	0.0	0.0	0.0
5	1.6188865958499476E-5	0.0	0.0	0.0	0.0
6	1.942663915019937E-5	0.0	0.0	0.0	0.0
7	8.5980865868475E-5	0.0	0.0	0.0	0.0
8	8.957839163703042E-5	0.0	0.0	0.0	0.0
9	9.317591740558587E-5	0.0	0.0	0.0	0.0
10-14	1.1893420190844282E-4	0.0	0.0	0.0	0.0
15-19	2.3002579764143478E-4	2.878020614844351E-7	0.0	7.195051537110878E-8	0.0
20-24	4.250116942971395E-4	3.597525768555439E-7	0.0	3.597525768555439E-7	0.0
25-29	0.0016177353876040096	3.597525768555439E-7	0.0	3.597525768555439E-7	0.0
30-34	0.005062294360480472	3.597525768555439E-7	0.0	3.597525768555439E-7	0.0
35-39	0.006643047183183731	5.036536075977614E-7	0.0	3.597525768555439E-7	0.0
40-44	0.006945167397227017	7.195051537110878E-7	0.0	3.597525768555439E-7	0.0
45-49	0.007291681079254276	7.195051537110878E-7	0.0	6.475546383399791E-7	0.0
50-54	0.007740580344654624	1.0073072151955228E-6	0.0	1.0792577305666318E-6	0.0
55-59	0.008429074826240763	1.6548618535355019E-6	0.0	1.0792577305666318E-6	0.0
60-64	0.009397169010559033	2.37436700724659E-6	0.0	1.2231587613088492E-6	0.0
65-69	0.010860786394238129	2.5182680379888073E-6	0.0	1.6548618535355019E-6	0.0
70-74	0.01294778304309251	2.7341195841021332E-6	0.0	2.1585154611332635E-6	0.0
75-79	0.0159554584866356	2.878020614844351E-6	0.0	2.37436700724659E-6	0.0
80-84	0.019911010019677676	3.0938721609576774E-6	0.0	2.7341195841021332E-6	0.0
85-89	0.025820233896591466	3.5975257685554395E-6	0.0	2.878020614844351E-6	0.0
90-94	0.03370262870704254	4.3889814376376355E-6	0.0	3.3097237070710038E-6	0.0
95-99	0.045465530663003635	4.820684529864288E-6	2.1585154611332635E-7	3.5975257685554395E-6	0.0
100-104	0.06083063517101929	5.1804371067198324E-6	3.597525768555439E-7	4.460931953008745E-6	0.0
105-109	0.08262271946455922	5.684090714317593E-6	3.597525768555439E-7	5.899942260430919E-6	0.0
110-114	0.10968827288119384	5.827991745059811E-6	3.597525768555439E-7	6.979199990997552E-6	0.0
115-119	0.14635957985244835	6.4755463833997905E-6	3.597525768555439E-7	8.777962875275271E-6	0.0
120-124	0.19053201585320242	6.979199990997552E-6	3.597525768555439E-7	1.0720626790295206E-5	0.0
125-129	0.2480963134779195	7.338952567853096E-6	3.597525768555439E-7	1.1512082459377404E-5	0.0
130-134	0.31600716716351734	7.914556690821966E-6	3.597525768555439E-7	1.2303538128459601E-5	0.0
135-139	0.4027701351340762	7.914556690821966E-6	3.597525768555439E-7	1.3454746374397342E-5	0.0
140	0.45438872997058644	8.27430926767751E-6	7.195051537110878E-7	1.4030350497366212E-5	0.0
>>END_MODULE
