loop_id	sample	group	center_value	background_mean	enrichment
1	ctrl_M1	ctrl	126.679740905762	85.7254338264465	1.47773811401443
1	ctrl_M2	ctrl	191.894882202148	104.535167694092	1.83569688971757
1	ctrl_M3	ctrl	200.00651550293	113.860402107239	1.75659414336649
1	mut_M1	mut	257.611907958984	126.181118011475	2.04160425916941
1	mut_M2	mut	190.637298583984	104.61492061615	1.82227637760645
1	mut_M3	mut	192.365188598633	101.451102256775	1.8961369991994
2	ctrl_M1	ctrl	127.44458770752	24.2050666809082	5.26520291753799
2	ctrl_M2	ctrl	163.163162231445	36.2298169136047	4.50356022004007
2	ctrl_M3	ctrl	153.456253051758	31.0492434501648	4.94235079505434
2	mut_M1	mut	177.910064697266	31.4294366836548	5.66061894420747
2	mut_M2	mut	212.332595825195	32.8406705856323	6.46553776274258
2	mut_M3	mut	199.999816894531	33.617036819458	5.94935889110752
3	ctrl_M1	ctrl	173.327026367188	205.020606994629	0.845412707083285
3	ctrl_M2	ctrl	249.042602539062	293.447166442871	0.848679527418598
3	ctrl_M3	ctrl	238.997192382812	276.776098251343	0.863503726993713
3	mut_M1	mut	285.751708984375	269.283739089966	1.0611547134263
3	mut_M2	mut	262.11669921875	256.993654251099	1.01993451932726
3	mut_M3	mut	254.440490722656	232.155904769897	1.09598974436961
4	ctrl_M1	ctrl	89.0411682128906	62.5389933586121	1.42377040996342
4	ctrl_M2	ctrl	115.403038024902	83.1190567016602	1.38840649309964
4	ctrl_M3	ctrl	102.743316650391	81.2254009246826	1.26491609128111
4	mut_M1	mut	123.100952148438	89.2814140319824	1.37879707084769
4	mut_M2	mut	107.06127166748	80.2957420349121	1.33333684893193
4	mut_M3	mut	81.2917175292969	66.7829842567444	1.21725194574675
5	ctrl_M1	ctrl	31.1083202362061	18.5373454093933	1.67814320492959
5	ctrl_M2	ctrl	31.6092720031738	22.1648225784302	1.42610083574206
5	ctrl_M3	ctrl	28.3998260498047	22.4770665168762	1.26350233596904
5	mut_M1	mut	40.464771270752	23.7665591239929	1.70259275058045
5	mut_M2	mut	39.7436065673828	24.5757460594177	1.61718820137924
5	mut_M3	mut	49.3208274841309	19.7739479541779	2.49423269437251
6	ctrl_M1	ctrl	83.7920608520508	37.5274574756622	2.23282008663637
6	ctrl_M2	ctrl	109.010948181152	55.5805060863495	1.96131622140672
6	ctrl_M3	ctrl	112.383865356445	54.6166067123413	2.05768670229472
6	mut_M1	mut	156.043579101562	44.3927068710327	3.51507240941382
6	mut_M2	mut	113.409248352051	51.6609101295471	2.19526229924446
6	mut_M3	mut	131.375137329102	41.1482782363892	3.19272501693451
7	ctrl_M1	ctrl	178.824676513672	161.707501888275	1.10585269344661
7	ctrl_M2	ctrl	224.213851928711	198.252032279968	1.13095361167385
7	ctrl_M3	ctrl	206.274291992188	209.01939868927	0.986866737181828
7	mut_M1	mut	215.126022338867	206.525052547455	1.04164613292829
7	mut_M2	mut	218.977600097656	212.829309940338	1.02888836203548
7	mut_M3	mut	260.291717529297	169.084722995758	1.53941593845724
8	ctrl_M1	ctrl	138.68620300293	34.6076822280884	4.0073820052118
8	ctrl_M2	ctrl	201.957702636719	46.7611598968506	4.31891987029862
8	ctrl_M3	ctrl	193.48063659668	39.3790493011475	4.91328866568249
8	mut_M1	mut	225.078765869141	38.693977355957	5.81689402974981
8	mut_M2	mut	215.221893310547	43.7686285972595	4.91726380762185
8	mut_M3	mut	199.707611083984	37.0329151153564	5.39270566364816
9	ctrl_M1	ctrl	87.3929061889648	68.1787567138672	1.28182017979201
9	ctrl_M2	ctrl	115.523048400879	92.3388481140137	1.2510774258115
9	ctrl_M3	ctrl	132.816009521484	98.4992980957031	1.34839549204136
9	mut_M1	mut	160.958755493164	98.6114282608032	1.63225255258921
9	mut_M2	mut	123.377128601074	86.1062307357788	1.43284786184246
9	mut_M3	mut	129.586517333984	79.5333681106567	1.62933521378961
10	ctrl_M1	ctrl	60.570198059082	5.58777928352356	10.8397620925513
10	ctrl_M2	ctrl	66.8183135986328	12.8879411220551	5.18456074293256
10	ctrl_M3	ctrl	46.7980575561523	7.0930038690567	6.59777696728876
10	mut_M1	mut	91.8134613037109	14.7427407503128	6.22770642573789
10	mut_M2	mut	85.549934387207	13.1539055109024	6.50376683307481
10	mut_M3	mut	82.6580810546875	13.5961097478867	6.07953911724901
11	ctrl_M1	ctrl	64.9190216064453	44.0828847885132	1.47265819643821
11	ctrl_M2	ctrl	104.678062438965	64.8083524703979	1.61519400584636
11	ctrl_M3	ctrl	90.7162246704102	61.5002994537354	1.4750533814661
11	mut_M1	mut	114.844970703125	59.6999359130859	1.92370341687338
11	mut_M2	mut	104.716697692871	59.4250984191895	1.76216279785001
11	mut_M3	mut	101.690948486328	55.676646232605	1.82645607031511
12	ctrl_M1	ctrl	69.5149841308594	156.758539199829	0.443452614994355
12	ctrl_M2	ctrl	107.646835327148	171.979935646057	0.625926710129086
12	ctrl_M3	ctrl	96.463981628418	179.606695413589	0.537084552478879
12	mut_M1	mut	131.729354858398	185.976199388504	0.708312973872619
12	mut_M2	mut	107.032508850098	167.170229077339	0.640260586115369
12	mut_M3	mut	110.764930725098	157.970640420914	0.701174157615389
13	ctrl_M1	ctrl	64.9059219360352	36.4790577888489	1.77926530645964
13	ctrl_M2	ctrl	106.417388916016	34.1430718898773	3.11680768676137
13	ctrl_M3	ctrl	142.220733642578	37.9275703430176	3.74979816414106
13	mut_M1	mut	122.954452514648	35.5436320304871	3.45925403484894
13	mut_M2	mut	126.306770324707	49.2259495258331	2.56585747032514
13	mut_M3	mut	97.2343063354492	30.836076259613	3.1532645566453
14	ctrl_M1	ctrl	99.2781066894531	65.5948572158813	1.51350442554842
14	ctrl_M2	ctrl	132.378067016602	90.0299215316772	1.47037856708588
14	ctrl_M3	ctrl	132.601959228516	89.316349029541	1.48463255237468
14	mut_M1	mut	149.241989135742	87.7610692977905	1.70054889177951
14	mut_M2	mut	156.39518737793	84.9787797927856	1.84040283655858
14	mut_M3	mut	136.720153808594	77.9992933273315	1.75283836527639
15	ctrl_M1	ctrl	64.0319671630859	43.7981350421906	1.46197930805511
15	ctrl_M2	ctrl	74.2761459350586	61.2579054832458	1.21251527209616
15	ctrl_M3	ctrl	78.9018325805664	61.3489027023315	1.28611644389799
15	mut_M1	mut	92.9351959228516	59.9491319656372	1.55023422150836
15	mut_M2	mut	87.1062698364258	55.7933449745178	1.56123046352946
15	mut_M3	mut	68.067497253418	48.86559009552	1.39295355116684
16	ctrl_M1	ctrl	307.361633300781	168.427414894104	1.82489076077092
16	ctrl_M2	ctrl	421.344390869141	230.527191162109	1.82774270030838
16	ctrl_M3	ctrl	423.251831054688	252.507553100586	1.67619473499902
16	mut_M1	mut	511.760284423828	253.852602005005	2.0159741534331
16	mut_M2	mut	439.255004882812	228.056467056274	1.92608002111347
16	mut_M3	mut	429.067535400391	220.604363441467	1.94496395586588
17	ctrl_M1	ctrl	70.1483840942383	170.568094730377	0.411263221325912
17	ctrl_M2	ctrl	98.0622177124023	194.571720600128	0.503990083502082
17	ctrl_M3	ctrl	129.089630126953	207.917278289795	0.620870142148687
17	mut_M1	mut	122.600677490234	197.672975540161	0.620219719742751
17	mut_M2	mut	122.067520141602	187.197671890259	0.652078195786331
17	mut_M3	mut	116.761405944824	182.881703853607	0.638453183038415
18	ctrl_M1	ctrl	157.499298095703	196.753106117249	0.80049205424918
18	ctrl_M2	ctrl	206.181091308594	225.425057411194	0.914632533208154
18	ctrl_M3	ctrl	211.022994995117	224.284167766571	0.940873344277891
18	mut_M1	mut	272.164489746094	272.526537895203	0.998671512316176
18	mut_M2	mut	220.080657958984	241.069753170013	0.912933518473275
18	mut_M3	mut	228.837219238281	232.266209125519	0.985236811242808
19	ctrl_M1	ctrl	28.2066650390625	18.9281754493713	1.49019461038435
19	ctrl_M2	ctrl	32.5255851745605	28.3814702033997	1.14601480971428
19	ctrl_M3	ctrl	38.0814247131348	23.4229991436005	1.62581335035993
19	mut_M1	mut	39.3885345458984	24.6486814022064	1.59799763334896
19	mut_M2	mut	53.2342109680176	26.7840690612793	1.98753262046267
19	mut_M3	mut	43.3519134521484	19.2042152881622	2.2574165516084
20	ctrl_M1	ctrl	97.5078048706055	60.0199093818665	1.62459100446535
20	ctrl_M2	ctrl	153.819702148438	86.6968078613281	1.77422567154344
20	ctrl_M3	ctrl	164.492630004883	77.3577222824097	2.12638926213947
20	mut_M1	mut	197.907989501953	79.6111130714417	2.48593421026979
20	mut_M2	mut	172.62028503418	76.7913675308228	2.24791263112866
20	mut_M3	mut	170.936645507812	65.4724645614624	2.61081733600154
21	ctrl_M1	ctrl	31.8800601959229	108.822359919548	0.292955052798815
21	ctrl_M2	ctrl	47.2187614440918	126.729966163635	0.372593498392656
21	ctrl_M3	ctrl	34.9738311767578	139.368855714798	0.250944380632124
21	mut_M1	mut	67.6778259277344	135.240277767181	0.500426552245352
21	mut_M2	mut	56.6724700927734	131.139109373093	0.43215536817121
21	mut_M3	mut	63.6286087036133	113.40828204155	0.561057865952872
22	ctrl_M1	ctrl	30.582857131958	17.9555900096893	1.703249913562
22	ctrl_M2	ctrl	46.3128890991211	27.0129890441895	1.71446740023326
22	ctrl_M3	ctrl	44.8989448547363	26.5436391830444	1.69151428502754
22	mut_M1	mut	54.3871421813965	23.8944265842438	2.27614343410358
22	mut_M2	mut	50.2775650024414	21.6006789207458	2.32759188666767
22	mut_M3	mut	51.7306861877441	21.7345397472382	2.38011417721959
23	ctrl_M1	ctrl	128.24836730957	211.185585021973	0.607278036028012
23	ctrl_M2	ctrl	154.570281982422	251.956510543823	0.613480007517159
23	ctrl_M3	ctrl	188.941665649414	272.124966621399	0.694319481212042
23	mut_M1	mut	225.12190246582	269.983755111694	0.833834992674599
23	mut_M2	mut	185.088684082031	266.877789497375	0.693533487483609
23	mut_M3	mut	186.756057739258	233.78231716156	0.798845952109356
24	ctrl_M1	ctrl	59.5257720947266	21.4371502399445	2.77675770466032
24	ctrl_M2	ctrl	63.2711868286133	35.5984001159668	1.77736040447038
24	ctrl_M3	ctrl	48.892017364502	35.4170475006104	1.38046564620214
24	mut_M1	mut	64.7356491088867	32.9662518501282	1.96369455051151
24	mut_M2	mut	67.0055847167969	34.7987351417542	1.92551782252564
24	mut_M3	mut	59.0687866210938	39.9429364204407	1.4788293479311
25	ctrl_M1	ctrl	41.7618370056152	25.4496326446533	1.64096030731465
25	ctrl_M2	ctrl	72.1986465454102	42.8597893714905	1.68453106289494
25	ctrl_M3	ctrl	80.1161727905273	39.5603494644165	2.02516342436736
25	mut_M1	mut	105.248474121094	37.9423627853394	2.77390405854643
25	mut_M2	mut	82.5803985595703	35.0890502929688	2.35345208462704
25	mut_M3	mut	76.6314926147461	38.7991242408752	1.97508304927187
26	ctrl_M1	ctrl	52.2842330932617	37.1072287559509	1.40900398240806
26	ctrl_M2	ctrl	70.286491394043	55.5620527267456	1.26500890346352
26	ctrl_M3	ctrl	95.0060272216797	55.2097387313843	1.72082008364356
26	mut_M1	mut	121.686828613281	54.8663969039917	2.21787533863789
26	mut_M2	mut	91.7825622558594	52.9096655845642	1.73470312544625
26	mut_M3	mut	97.0484313964844	48.2148132324219	2.01283433223432
27	ctrl_M1	ctrl	23.8629932403564	11.8685598373413	2.01060563096104
27	ctrl_M2	ctrl	29.1627464294434	18.0196750164032	1.61838359475943
27	ctrl_M3	ctrl	32.9883575439453	16.4092712402344	2.01034872670397
27	mut_M1	mut	40.8942184448242	21.4661581516266	1.90505530407291
27	mut_M2	mut	34.715892791748	20.2671239376068	1.71291658839322
27	mut_M3	mut	33.9362030029297	15.7839725017548	2.15004194914537
28	ctrl_M1	ctrl	47.3166847229004	45.6705746650696	1.0360431211979
28	ctrl_M2	ctrl	59.8624420166016	56.1607732772827	1.06591199734809
28	ctrl_M3	ctrl	67.0168685913086	60.2155351638794	1.11294981285011
28	mut_M1	mut	81.3227157592773	53.3305320739746	1.5248810127466
28	mut_M2	mut	87.0841598510742	51.0437459945679	1.70606914038679
28	mut_M3	mut	67.0398483276367	44.5931181907654	1.50336758333082
29	ctrl_M1	ctrl	42.5483856201172	18.75670170784	2.26843643849882
29	ctrl_M2	ctrl	36.9887161254883	27.5779795646667	1.34124097230381
29	ctrl_M3	ctrl	61.8212966918945	30.040219783783	2.05795087841762
29	mut_M1	mut	76.2750625610352	33.6508865356445	2.26665833841379
29	mut_M2	mut	78.6009216308594	32.3921785354614	2.42654014594328
29	mut_M3	mut	76.6469268798828	27.6355743408203	2.77348774932708
30	ctrl_M1	ctrl	119.978286743164	86.0438537597656	1.39438532214216
30	ctrl_M2	ctrl	155.412307739258	140.643947601318	1.10500530161314
30	ctrl_M3	ctrl	172.388107299805	132.763576507568	1.29845935033226
30	mut_M1	mut	222.407363891602	126.346950531006	1.76029071502618
30	mut_M2	mut	178.252746582031	121.718456268311	1.46446769082496
30	mut_M3	mut	180.323318481445	115.555521011353	1.56049072258287
31	ctrl_M1	ctrl	35.311164855957	25.7959990501404	1.36886207769359
31	ctrl_M2	ctrl	41.8649978637695	38.6989426612854	1.08181244718222
31	ctrl_M3	ctrl	55.8353538513184	31.4153289794922	1.77732831917079
31	mut_M1	mut	54.1807823181152	38.517972946167	1.40663638748173
31	mut_M2	mut	61.5635414123535	41.2221655845642	1.49345723445947
31	mut_M3	mut	70.8794479370117	30.3003873825073	2.33922580072131
32	ctrl_M1	ctrl	268.878112792969	195.074382781982	1.37833635026015
32	ctrl_M2	ctrl	308.699157714844	252.12579536438	1.22438545912647
32	ctrl_M3	ctrl	326.062957763672	291.483528137207	1.11863253422055
32	mut_M1	mut	336.552734375	221.728143692017	1.5178620484122
32	mut_M2	mut	279.201934814453	244.653800964355	1.14121233234031
32	mut_M3	mut	241.711059570312	236.264533996582	1.02305265831311
33	ctrl_M1	ctrl	129.797729492188	144.277286529541	0.899640772392896
33	ctrl_M2	ctrl	174.518569946289	189.663740158081	0.920147255352189
33	ctrl_M3	ctrl	183.349075317383	197.16886806488	0.929908849793924
33	mut_M1	mut	202.904006958008	176.369995117188	1.15044515833427
33	mut_M2	mut	200.198226928711	172.485723495483	1.1606654908686
33	mut_M3	mut	188.31135559082	159.95529460907	1.17727491328782
34	ctrl_M1	ctrl	76.0633926391602	178.397119045258	0.426371193919693
34	ctrl_M2	ctrl	101.629264831543	217.974365711212	0.466244113154978
34	ctrl_M3	ctrl	99.2875747680664	206.157121658325	0.481611180682959
34	mut_M1	mut	139.406921386719	233.533166885376	0.59694699149583
34	mut_M2	mut	115.359352111816	199.527181625366	0.578163592409259
34	mut_M3	mut	114.393966674805	179.063003063202	0.638847582794243
35	ctrl_M1	ctrl	20.0055694580078	21.4960255622864	0.930663642915763
35	ctrl_M2	ctrl	38.7846527099609	29.3097953796387	1.32326589822952
35	ctrl_M3	ctrl	31.5958404541016	32.1380376815796	0.983129112211204
35	mut_M1	mut	60.1463661193848	32.9068870544434	1.82777441147425
35	mut_M2	mut	62.3832015991211	35.1808686256409	1.77321379591106
35	mut_M3	mut	62.3643836975098	28.3189435005188	2.20221434801645
36	ctrl_M1	ctrl	7.89870691299438	10.2758750915527	0.768665134854306
36	ctrl_M2	ctrl	16.9882659912109	19.182076215744	0.885632285063466
36	ctrl_M3	ctrl	24.7406444549561	13.5629076957703	1.82414014825683
36	mut_M1	mut	67.9901657104492	18.0310225486755	3.77073266515567
36	mut_M2	mut	39.9039688110352	18.5990498065948	2.14548427075484
36	mut_M3	mut	60.5122528076172	18.0681962966919	3.34910313204292
37	ctrl_M1	ctrl	72.2575149536133	37.1047959327698	1.94739017254095
37	ctrl_M2	ctrl	82.2296600341797	56.0876545906067	1.46609197040575
37	ctrl_M3	ctrl	112.12410736084	52.3826236724854	2.14048284526333
37	mut_M1	mut	125.296951293945	51.7573313713074	2.42085416643807
37	mut_M2	mut	102.371841430664	47.8618416786194	2.13890309775512
37	mut_M3	mut	131.187072753906	47.6075501441956	2.75559385762472
38	ctrl_M1	ctrl	71.2339630126953	52.8049283027649	1.34900217275677
38	ctrl_M2	ctrl	108.417579650879	82.2543935775757	1.31807645689623
38	ctrl_M3	ctrl	115.897521972656	78.0233974456787	1.48542008893353
38	mut_M1	mut	130.760925292969	76.1309642791748	1.71757873463239
38	mut_M2	mut	129.542221069336	76.8566455841064	1.68550448806114
38	mut_M3	mut	106.228553771973	66.4045052528381	1.59971907579919
39	ctrl_M1	ctrl	65.9392547607422	104.448540687561	0.631308530752838
39	ctrl_M2	ctrl	84.2078628540039	149.69393825531	0.562533552363246
39	ctrl_M3	ctrl	79.0337600708008	148.780487537384	0.53121051946373
39	mut_M1	mut	106.564628601074	129.72665643692	0.821455139043775
39	mut_M2	mut	96.1894989013672	124.257258892059	0.774115731821557
39	mut_M3	mut	92.0180435180664	110.170534610748	0.835232794713961
40	ctrl_M1	ctrl	88.826774597168	44.1890668869019	2.01015275621258
40	ctrl_M2	ctrl	106.559814453125	63.5317497253418	1.67726868713361
40	ctrl_M3	ctrl	110.054847717285	56.4305045604706	1.95027226097812
40	mut_M1	mut	139.681198120117	61.5120029449463	2.27079580297739
40	mut_M2	mut	123.18408203125	57.4719219207764	2.14337850404683
40	mut_M3	mut	113.597183227539	49.932891368866	2.27499710337962
41	ctrl_M1	ctrl	51.3936576843262	21.1587948799133	2.42895013520433
41	ctrl_M2	ctrl	105.452659606934	27.7328534126282	3.80244535381692
41	ctrl_M3	ctrl	88.9359970092773	30.6997399330139	2.89696255418885
41	mut_M1	mut	114.262306213379	31.4985008239746	3.62754744589018
41	mut_M2	mut	102.048934936523	25.8571949005127	3.94663594907195
41	mut_M3	mut	107.794799804688	31.7383713722229	3.3963557405163
42	ctrl_M1	ctrl	76.0578002929688	34.63338804245	2.19608316113183
42	ctrl_M2	ctrl	95.9471817016602	55.3314933776855	1.73404287223439
42	ctrl_M3	ctrl	107.611633300781	56.3187437057495	1.91076054293795
42	mut_M1	mut	121.180130004883	60.3540458679199	2.00782115369823
42	mut_M2	mut	119.426109313965	45.6205320358276	2.61781491763785
42	mut_M3	mut	111.783546447754	47.9599914550781	2.33076660475339
43	ctrl_M1	ctrl	70.067512512207	46.4566464424133	1.5082344051472
43	ctrl_M2	ctrl	73.591926574707	68.7206392288208	1.07088536137835
43	ctrl_M3	ctrl	86.3470611572266	70.6276865005493	1.22256675017318
43	mut_M1	mut	99.370491027832	64.1273937225342	1.54957944272283
43	mut_M2	mut	83.5435638427734	53.1622381210327	1.57148319550754
43	mut_M3	mut	85.0482330322266	53.1279897689819	1.60081782506819
44	ctrl_M1	ctrl	57.219108581543	28.3878347873688	2.01562074071964
44	ctrl_M2	ctrl	73.2223739624023	41.0969285964966	1.78169942287717
44	ctrl_M3	ctrl	97.3811721801758	38.1810350418091	2.55051158444346
44	mut_M1	mut	102.09383392334	37.7110285758972	2.70726728436658
44	mut_M2	mut	102.442649841309	32.546844959259	3.14754471499596
44	mut_M3	mut	96.0476684570312	33.00119972229	2.91042959847783
45	ctrl_M1	ctrl	122.275955200195	198.075113296509	0.617321142293904
45	ctrl_M2	ctrl	147.908874511719	248.635034561157	0.594883479606078
45	ctrl_M3	ctrl	169.627822875977	251.994930267334	0.673139823471938
45	mut_M1	mut	185.01708984375	223.446223258972	0.828016187274362
45	mut_M2	mut	197.726684570312	228.680079460144	0.864643238873693
45	mut_M3	mut	156.726043701172	205.289707183838	0.763438390804576
46	ctrl_M1	ctrl	44.9478721618652	19.6508479118347	2.28732481995321
46	ctrl_M2	ctrl	49.5070571899414	25.0847659111023	1.97359055952083
46	ctrl_M3	ctrl	57.856632232666	21.0660443305969	2.74644025829915
46	mut_M1	mut	61.3220901489258	29.6765828132629	2.06634606601404
46	mut_M2	mut	57.2078857421875	21.0216774940491	2.72137586348103
46	mut_M3	mut	49.0395317077637	19.8970499038696	2.46466345235563
47	ctrl_M1	ctrl	33.2691307067871	22.5889747142792	1.47280392880146
47	ctrl_M2	ctrl	48.4002876281738	26.8706617355347	1.80123169665627
47	ctrl_M3	ctrl	44.7869834899902	27.8188054561615	1.60995351006599
47	mut_M1	mut	65.3703918457031	32.1743273735046	2.03175628465617
47	mut_M2	mut	64.7042922973633	29.1704769134521	2.21814310713324
47	mut_M3	mut	46.8354606628418	26.5355296134949	1.76500945505995
48	ctrl_M1	ctrl	14.2928562164307	10.9198131561279	1.30889201235187
48	ctrl_M2	ctrl	17.3332672119141	14.5239238739014	1.19342867412442
48	ctrl_M3	ctrl	21.892183303833	13.8666529655457	1.57876477894329
48	mut_M1	mut	39.0288848876953	15.785768032074	2.47240962925562
48	mut_M2	mut	25.8611392974854	16.2609503269196	1.59038302052205
48	mut_M3	mut	25.3918972015381	15.237945318222	1.66635964831647
49	ctrl_M1	ctrl	54.0230751037598	49.8344345092773	1.08405113122539
49	ctrl_M2	ctrl	82.223991394043	66.6541767120361	1.23359098334186
49	ctrl_M3	ctrl	79.6313858032227	72.0409688949585	1.10536250448452
49	mut_M1	mut	130.706192016602	60.88423204422	2.14679872978722
49	mut_M2	mut	118.019905090332	62.3398671150208	1.89316901931437
49	mut_M3	mut	100.430778503418	56.9988079071045	1.76198033241499
50	ctrl_M1	ctrl	47.4459953308105	21.2741112709045	2.23022220419143
50	ctrl_M2	ctrl	45.3256607055664	39.0194554328918	1.16161694730774
50	ctrl_M3	ctrl	63.366268157959	27.6208992004395	2.29414211674002
50	mut_M1	mut	72.063117980957	37.1981015205383	1.93727945876938
50	mut_M2	mut	72.7111282348633	36.767126083374	1.97761250280976
50	mut_M3	mut	64.561393737793	27.6269106864929	2.33690239456841
51	ctrl_M1	ctrl	110.303588867188	70.850417137146	1.5568516506215
51	ctrl_M2	ctrl	124.800407409668	99.4292249679565	1.25516826114141
51	ctrl_M3	ctrl	141.847671508789	103.714117050171	1.36767949767312
51	mut_M1	mut	176.815933227539	91.808952331543	1.92591167568296
51	mut_M2	mut	195.385025024414	96.8802461624146	2.01676846172399
51	mut_M3	mut	136.899688720703	74.5641813278198	1.83599801248842
52	ctrl_M1	ctrl	51.148323059082	28.7362322807312	1.77992447163573
52	ctrl_M2	ctrl	65.9551696777344	36.9235286712646	1.78626399077246
52	ctrl_M3	ctrl	80.2189254760742	35.4443678855896	2.26323476087969
52	mut_M1	mut	110.435653686523	37.558602809906	2.94035574873398
52	mut_M2	mut	100.438613891602	34.7562386989594	2.88980101562626
52	mut_M3	mut	85.3219146728516	29.619505405426	2.88059889944082
53	ctrl_M1	ctrl	47.2378005981445	99.1932363510132	0.476219975634075
53	ctrl_M2	ctrl	72.2345809936523	143.804780006409	0.502310013550545
53	ctrl_M3	ctrl	64.4281539916992	147.945662498474	0.435485251163506
53	mut_M1	mut	92.4208908081055	120.532831192017	0.76676943446946
53	mut_M2	mut	75.3270645141602	114.317639350891	0.658927746775353
53	mut_M3	mut	69.1977615356445	111.471122741699	0.620768498905223
54	ctrl_M1	ctrl	47.2453155517578	35.2154350280762	1.34160817590612
54	ctrl_M2	ctrl	95.2278289794922	52.1606788635254	1.82566314423646
54	ctrl_M3	ctrl	72.8413543701172	57.5111036300659	1.26656158154539
54	mut_M1	mut	106.221534729004	52.0856132507324	2.03936419482419
54	mut_M2	mut	94.6934814453125	49.8165006637573	1.90084570741847
54	mut_M3	mut	82.0370635986328	46.896589756012	1.74931831984896
55	ctrl_M1	ctrl	77.6655731201172	42.6652121543884	1.82034892593705
55	ctrl_M2	ctrl	102.027809143066	58.2527141571045	1.7514687619173
55	ctrl_M3	ctrl	121.726585388184	61.0979218482971	1.99231957005713
55	mut_M1	mut	125.466117858887	67.5579509735107	1.85716286611596
55	mut_M2	mut	121.124076843262	69.0853881835938	1.75325173713109
55	mut_M3	mut	105.15699005127	54.2377681732178	1.93881484421395
56	ctrl_M1	ctrl	67.1317520141602	44.7631089687347	1.49971156071954
56	ctrl_M2	ctrl	104.548858642578	65.8092398643494	1.58866534331777
56	ctrl_M3	ctrl	76.3604354858398	62.9311022758484	1.21339739372633
56	mut_M1	mut	179.667358398438	69.530321598053	2.58401448848568
56	mut_M2	mut	176.772079467773	71.5440425872803	2.47081480267375
56	mut_M3	mut	174.873138427734	63.2725005149841	2.76380950656946
57	ctrl_M1	ctrl	68.5685577392578	120.04238319397	0.571202902798604
57	ctrl_M2	ctrl	94.872200012207	180.845686912537	0.524603055963898
57	ctrl_M3	ctrl	73.9535369873047	175.95815372467	0.420290480559503
57	mut_M1	mut	123.952529907227	139.777256011963	0.886786115593928
57	mut_M2	mut	121.878540039062	149.333643913269	0.816149240353687
57	mut_M3	mut	112.226554870605	131.087477684021	0.856119568805201
58	ctrl_M1	ctrl	32.7529754638672	13.3251757621765	2.45797699395729
58	ctrl_M2	ctrl	56.3377952575684	25.0822546482086	2.2461216524485
58	ctrl_M3	ctrl	48.0789985656738	22.7528653144836	2.11309643427936
58	mut_M1	mut	61.8981018066406	25.0333805084229	2.47262257631621
58	mut_M2	mut	66.1367797851562	21.6224904060364	3.05870316245777
58	mut_M3	mut	64.0701446533203	22.178231716156	2.88887524818526
59	ctrl_M1	ctrl	158.579559326172	88.5350069999695	1.79115092097103
59	ctrl_M2	ctrl	226.411575317383	134.682110786438	1.68108128091635
59	ctrl_M3	ctrl	224.593872070312	122.524585723877	1.83305147079999
59	mut_M1	mut	282.161468505859	141.672472953796	1.99164638424771
59	mut_M2	mut	251.58610534668	129.414141654968	1.94403874359755
59	mut_M3	mut	252.209381103516	131.380043983459	1.91969323084766
60	ctrl_M1	ctrl	70.8453826904297	103.415515899658	0.685055642512768
60	ctrl_M2	ctrl	104.497039794922	139.691586017609	0.748055360913073
60	ctrl_M3	ctrl	93.2038421630859	140.697185516357	0.662442832960934
60	mut_M1	mut	149.454391479492	126.401366710663	1.18237955307555
60	mut_M2	mut	152.801849365234	130.250476837158	1.17313850264265
60	mut_M3	mut	133.36946105957	113.290465831757	1.17723464265415
61	ctrl_M1	ctrl	64.4959030151367	127.822684764862	0.504573215104823
61	ctrl_M2	ctrl	93.8380889892578	161.384410858154	0.581456960373546
61	ctrl_M3	ctrl	111.234069824219	159.485234260559	0.697456854485287
61	mut_M1	mut	125.981597900391	159.111383914948	0.791782428136843
61	mut_M2	mut	116.651237487793	147.43959569931	0.791179851887905
61	mut_M3	mut	104.500328063965	126.227847576141	0.827870632911883
62	ctrl_M1	ctrl	34.4882469177246	35.2031226158142	0.979692832766817
62	ctrl_M2	ctrl	50.2043075561523	47.2572612762451	1.06236176622001
62	ctrl_M3	ctrl	28.7307662963867	41.440495967865	0.693301699831633
62	mut_M1	mut	65.4613723754883	39.5372738838196	1.65568755619942
62	mut_M2	mut	58.6439590454102	47.4792137145996	1.23515017325103
62	mut_M3	mut	64.8733139038086	43.3196382522583	1.49754976082762
63	ctrl_M1	ctrl	37.0092506408691	16.9669008255005	2.18126168246625
63	ctrl_M2	ctrl	44.7763519287109	24.8842873573303	1.79938252945471
63	ctrl_M3	ctrl	39.722354888916	22.5928792953491	1.75818028192153
63	mut_M1	mut	56.9929161071777	21.6474394798279	2.63277863233139
63	mut_M2	mut	64.863525390625	26.0094776153564	2.49384191216237
63	mut_M3	mut	62.4099731445312	20.5077154636383	3.04324356631477
64	ctrl_M1	ctrl	14.925332069397	8.23260590434074	1.81295354627961
64	ctrl_M2	ctrl	22.9889087677002	13.2050244808197	1.74092132892988
64	ctrl_M3	ctrl	17.6891822814941	8.8371753692627	2.00167831262242
64	mut_M1	mut	22.9862461090088	13.228374004364	1.73764712892345
64	mut_M2	mut	23.1565418243408	10.2897838354111	2.25044006703526
64	mut_M3	mut	27.3776206970215	11.0359132289886	2.48077527694828
65	ctrl_M1	ctrl	120.486892700195	221.996392250061	0.542742571079608
65	ctrl_M2	ctrl	185.889343261719	243.699388504028	0.76278132827012
65	ctrl_M3	ctrl	168.450592041016	283.223473548889	0.594762114630792
65	mut_M1	mut	192.221389770508	239.602188110352	0.802252230192397
65	mut_M2	mut	195.372009277344	232.842312812805	0.839074337121939
65	mut_M3	mut	167.198638916016	208.608034133911	0.801496642304228
66	ctrl_M1	ctrl	90.9058456420898	54.8637084960938	1.65693949851316
66	ctrl_M2	ctrl	120.731559753418	67.9047203063965	1.77795533519111
66	ctrl_M3	ctrl	127.006248474121	72.3516674041748	1.75540181768904
66	mut_M1	mut	185.582885742188	71.716796875	2.58771855170348
66	mut_M2	mut	171.095260620117	60.2224946022034	2.84105236341135
66	mut_M3	mut	142.421783447266	52.947681427002	2.68985873618697
67	ctrl_M1	ctrl	143.564788818359	109.636262893677	1.30946445116965
67	ctrl_M2	ctrl	193.901763916016	148.100759506226	1.30925570241836
67	ctrl_M3	ctrl	207.040237426758	158.431848526001	1.30680945373669
67	mut_M1	mut	191.115768432617	149.455583572388	1.27874625935305
67	mut_M2	mut	224.417098999023	152.769466400146	1.46899183643943
67	mut_M3	mut	202.943740844727	133.033092498779	1.52551321654489
68	ctrl_M1	ctrl	132.24983215332	261.846611976624	0.505066042882873
68	ctrl_M2	ctrl	154.890228271484	264.934741973877	0.58463539782471
68	ctrl_M3	ctrl	155.707290649414	326.170742034912	0.47737969898216
68	mut_M1	mut	184.191055297852	321.104953765869	0.57361636168389
68	mut_M2	mut	168.65705871582	279.307611465454	0.603839823164577
68	mut_M3	mut	171.363494873047	259.363707542419	0.660707299786806
69	ctrl_M1	ctrl	53.9824295043945	44.7689247131348	1.20580134212061
69	ctrl_M2	ctrl	69.2442321777344	63.1919956207275	1.09577536676214
69	ctrl_M3	ctrl	68.7750549316406	62.6195392608643	1.09830023892596
69	mut_M1	mut	95.6004257202148	69.4942989349365	1.37565853869135
69	mut_M2	mut	99.6506423950195	60.325177192688	1.65189141636037
69	mut_M3	mut	88.2296676635742	51.9669132232666	1.69780466437387
70	ctrl_M1	ctrl	89.4602279663086	131.185140609741	0.681938728353703
70	ctrl_M2	ctrl	120.453575134277	165.287715911865	0.728750920597787
70	ctrl_M3	ctrl	145.422515869141	178.364742279053	0.81530976363942
70	mut_M1	mut	179.294174194336	185.428282737732	0.966919239865517
70	mut_M2	mut	180.059448242188	173.158945083618	1.03985068836748
70	mut_M3	mut	153.755630493164	146.672139167786	1.04829472976647
71	ctrl_M1	ctrl	65.7779159545898	49.7451601028442	1.32229780381848
71	ctrl_M2	ctrl	103.697448730469	75.0327672958374	1.38202884509927
71	ctrl_M3	ctrl	87.5403289794922	66.2219686508179	1.32192278126137
71	mut_M1	mut	106.071517944336	62.8446893692017	1.68783582207216
71	mut_M2	mut	116.437492370605	66.7662725448608	1.74395676038931
71	mut_M3	mut	115.989990234375	64.5941982269287	1.79567195534939
72	ctrl_M1	ctrl	69.6073608398438	153.976445198059	0.452064994423713
72	ctrl_M2	ctrl	105.888153076172	206.323464393616	0.513214303508217
72	ctrl_M3	ctrl	82.1583633422852	220.723423957825	0.372223128243896
72	mut_M1	mut	136.032913208008	188.346033096313	0.722249951176011
72	mut_M2	mut	131.080902099609	181.295387268066	0.72302392286347
72	mut_M3	mut	110.856941223145	181.424820899963	0.611035142122424
73	ctrl_M1	ctrl	95.7979202270508	163.903684616089	0.584476916741914
73	ctrl_M2	ctrl	139.014678955078	212.115253448486	0.65537332509111
73	ctrl_M3	ctrl	149.198486328125	210.506715774536	0.708758795552749
73	mut_M1	mut	158.664916992188	205.916728973389	0.7705295134748
73	mut_M2	mut	161.035278320312	198.841274261475	0.809868468799654
73	mut_M3	mut	158.422927856445	172.056683540344	0.920760092526705
74	ctrl_M1	ctrl	133.464828491211	60.0851154327393	2.22126274585616
74	ctrl_M2	ctrl	178.258651733398	84.0104036331177	2.12186400760402
74	ctrl_M3	ctrl	164.813110351562	75.5100154876709	2.18266556147738
74	mut_M1	mut	233.451461791992	89.690851688385	2.60284585771443
74	mut_M2	mut	256.998687744141	88.1546688079834	2.91531567436241
74	mut_M3	mut	188.256805419922	76.9090332984924	2.44778535558075
75	ctrl_M1	ctrl	107.243911743164	211.457488059998	0.507165353788443
75	ctrl_M2	ctrl	124.54712677002	246.09183883667	0.506100191533295
75	ctrl_M3	ctrl	159.602294921875	270.729238510132	0.589527366161827
75	mut_M1	mut	176.69709777832	231.043066978455	0.764779917827172
75	mut_M2	mut	208.436859130859	242.574119091034	0.859270807256386
75	mut_M3	mut	170.413681030273	213.201773166656	0.799307053122226
76	ctrl_M1	ctrl	72.4340286254883	120.423869132996	0.601492288422426
76	ctrl_M2	ctrl	110.304985046387	169.684458732605	0.650059444867661
76	ctrl_M3	ctrl	106.337364196777	179.560626983643	0.592208692869313
76	mut_M1	mut	107.22045135498	149.448851585388	0.717439111893875
76	mut_M2	mut	132.941345214844	152.48623752594	0.871825204502332
76	mut_M3	mut	95.5691452026367	125.150448799133	0.763634059003858
77	ctrl_M1	ctrl	69.7999877929688	80.465211391449	0.867455470332442
77	ctrl_M2	ctrl	103.191513061523	110.919806003571	0.930325401562654
77	ctrl_M3	ctrl	82.0160903930664	107.662888050079	0.761786088767344
77	mut_M1	mut	140.743774414062	124.169891357422	1.1334774708704
77	mut_M2	mut	136.083435058594	100.718124389648	1.35113154542203
77	mut_M3	mut	119.97135925293	91.7908115386963	1.30700837308049
78	ctrl_M1	ctrl	93.8557815551758	106.483864784241	0.881408481419676
78	ctrl_M2	ctrl	123.810478210449	149.198629379272	0.829836565694683
78	ctrl_M3	ctrl	131.464767456055	144.80249786377	0.907890191091434
78	mut_M1	mut	147.066909790039	149.745646476746	0.982111421936246
78	mut_M2	mut	129.104019165039	133.384553909302	0.967908317576461
78	mut_M3	mut	123.528701782227	115.014528274536	1.07402693933907
79	ctrl_M1	ctrl	61.5555763244629	48.8881106376648	1.25911137742023
79	ctrl_M2	ctrl	60.7079200744629	61.9322805404663	0.980230657496886
79	ctrl_M3	ctrl	77.1407089233398	72.2019748687744	1.06840164778791
79	mut_M1	mut	90.2316055297852	67.6940670013428	1.33293225723896
79	mut_M2	mut	82.1252059936523	67.5589694976807	1.21560773653411
79	mut_M3	mut	74.6852569580078	55.5551881790161	1.34434351508897
80	ctrl_M1	ctrl	154.655181884766	203.549650192261	0.759790948983148
80	ctrl_M2	ctrl	167.222244262695	239.13893032074	0.699268178704372
80	ctrl_M3	ctrl	196.054122924805	250.396522521973	0.782974623409958
80	mut_M1	mut	218.874053955078	285.101861000061	0.767704753617975
80	mut_M2	mut	189.800796508789	232.11726474762	0.817693577059677
80	mut_M3	mut	200.687469482422	225.293115615845	0.890783852555092
81	ctrl_M1	ctrl	87.4617691040039	66.2440309524536	1.32029660403334
81	ctrl_M2	ctrl	126.713752746582	100.015884399414	1.26693628224643
81	ctrl_M3	ctrl	123.349716186523	96.4596357345581	1.27877028818523
81	mut_M1	mut	142.39372253418	87.5067706108093	1.62723091642226
81	mut_M2	mut	146.56575012207	97.4062900543213	1.50468465681563
81	mut_M3	mut	124.508346557617	76.7722644805908	1.62178812100944
82	ctrl_M1	ctrl	59.1683006286621	56.6094336509705	1.04520212997481
82	ctrl_M2	ctrl	89.2395095825195	72.7393617630005	1.22683932632348
82	ctrl_M3	ctrl	94.6178436279297	68.016263961792	1.39110615780192
82	mut_M1	mut	115.12523651123	82.1674213409424	1.40110562839175
82	mut_M2	mut	115.441360473633	85.4998035430908	1.35019445296681
82	mut_M3	mut	102.329124450684	66.7988929748535	1.5318985074978
83	ctrl_M1	ctrl	71.5181884765625	69.2768335342407	1.03235359972413
83	ctrl_M2	ctrl	111.485130310059	103.187713623047	1.0804108977288
83	ctrl_M3	ctrl	90.7173080444336	108.345177650452	0.837298992089062
83	mut_M1	mut	133.050964355469	108.351702690125	1.22795453188199
83	mut_M2	mut	150.876724243164	89.1929445266724	1.69157689595107
83	mut_M3	mut	131.859298706055	73.3626027107239	1.79736396793321
84	ctrl_M1	ctrl	37.5215797424316	24.4373650550842	1.53541839137952
84	ctrl_M2	ctrl	61.2503471374512	35.1329369544983	1.74338818348088
84	ctrl_M3	ctrl	79.1406097412109	31.686619758606	2.49760341570409
84	mut_M1	mut	81.8049926757812	34.7046051025391	2.35717975853862
84	mut_M2	mut	80.576789855957	35.7855114936829	2.25165958212393
84	mut_M3	mut	78.5250549316406	30.6526989936829	2.56176641893178
85	ctrl_M1	ctrl	65.2395477294922	44.2516613006592	1.47428471184923
85	ctrl_M2	ctrl	93.9288177490234	69.7355213165283	1.34692931200273
85	ctrl_M3	ctrl	82.9020690917969	61.6796617507935	1.34407463884528
85	mut_M1	mut	104.947731018066	57.1742568016052	1.83557665440646
85	mut_M2	mut	113.726707458496	60.3814377784729	1.88347133891936
85	mut_M3	mut	95.6646194458008	51.9410438537598	1.84179239283571
86	ctrl_M1	ctrl	104.90454864502	140.267952442169	0.74788678966616
86	ctrl_M2	ctrl	144.603240966797	158.085003376007	0.914718271048496
86	ctrl_M3	ctrl	152.892730712891	183.892623901367	0.831423944414955
86	mut_M1	mut	164.290023803711	161.170091152191	1.01935801257675
86	mut_M2	mut	182.243865966797	164.262848854065	1.10946490480453
86	mut_M3	mut	164.696228027344	141.596067428589	1.16314125821612
87	ctrl_M1	ctrl	131.238433837891	100.383387565613	1.30737203655446
87	ctrl_M2	ctrl	180.226699829102	138.845870018005	1.29803428654903
87	ctrl_M3	ctrl	186.058944702148	133.241040229797	1.39640867694561
87	mut_M1	mut	216.682571411133	148.022055625916	1.46385327845154
87	mut_M2	mut	196.952346801758	129.274873733521	1.52351606397809
87	mut_M3	mut	176.793411254883	117.904734611511	1.49945981251225
88	ctrl_M1	ctrl	87.9164276123047	206.915489196777	0.424890509422887
88	ctrl_M2	ctrl	118.376350402832	231.380300521851	0.511609459127887
88	ctrl_M3	ctrl	120.14005279541	257.376166343689	0.466787793532445
88	mut_M1	mut	176.673553466797	288.714057922363	0.611932632370486
88	mut_M2	mut	144.375106811523	239.269075393677	0.603400613196581
88	mut_M3	mut	140.459701538086	214.582515716553	0.654571976980746
89	ctrl_M1	ctrl	28.2446975708008	30.2882825136185	0.932528860231714
89	ctrl_M2	ctrl	66.0293350219727	45.6648075580597	1.44595671268341
89	ctrl_M3	ctrl	48.3533325195312	37.2815964221954	1.29697591197421
89	mut_M1	mut	63.7567901611328	45.8853523731232	1.3894802341864
89	mut_M2	mut	69.0289840698242	44.9881870746613	1.53438021308272
89	mut_M3	mut	66.6207046508789	42.8380200862885	1.55517702537804
90	ctrl_M1	ctrl	108.379257202148	130.766860961914	0.828797574591272
90	ctrl_M2	ctrl	152.71452331543	175.294003486633	0.871190801042288
90	ctrl_M3	ctrl	132.462585449219	165.860176086426	0.798640086938022
90	mut_M1	mut	180.993789672852	165.554686546326	1.09325681711949
90	mut_M2	mut	164.570419311523	151.825645446777	1.08394348548456
90	mut_M3	mut	146.279769897461	133.199115753174	1.098203761116
91	ctrl_M1	ctrl	71.958740234375	33.6756155490875	2.13682033902198
91	ctrl_M2	ctrl	110.749206542969	48.8196158409119	2.26853908281184
91	ctrl_M3	ctrl	99.044189453125	48.0542330741882	2.06109187717586
91	mut_M1	mut	129.587478637695	54.8132152557373	2.36416488310511
91	mut_M2	mut	148.019119262695	47.5066571235657	3.11575531146498
91	mut_M3	mut	135.381088256836	48.0947937965393	2.81488031385587
92	ctrl_M1	ctrl	46.5188674926758	9.82228982448578	4.73605119823586
92	ctrl_M2	ctrl	66.419303894043	14.4440839290619	4.59837427006399
92	ctrl_M3	ctrl	64.1431045532227	16.243682384491	3.9488031737474
92	mut_M1	mut	82.3655395507812	17.5465219020844	4.69412342858655
92	mut_M2	mut	77.3023147583008	16.7683637142181	4.61000942463784
92	mut_M3	mut	85.2763595581055	14.4298479557037	5.90971989586335
93	ctrl_M1	ctrl	129.351165771484	146.90322971344	0.88051955034485
93	ctrl_M2	ctrl	180.273620605469	171.354104042053	1.05205312480422
93	ctrl_M3	ctrl	188.048522949219	181.613205909729	1.03543419107247
93	mut_M1	mut	197.101913452148	172.628427505493	1.14176973225268
93	mut_M2	mut	227.942047119141	166.542984008789	1.36866796566532
93	mut_M3	mut	203.501220703125	148.989649772644	1.3658748846894
94	ctrl_M1	ctrl	355.174163818359	169.903413772583	2.09044748384963
94	ctrl_M2	ctrl	478.445709228516	235.164762496948	2.03451275670914
94	ctrl_M3	ctrl	503.54248046875	222.751554489136	2.26055652730948
94	mut_M1	mut	542.346923828125	243.639095306396	2.22602584838069
94	mut_M2	mut	491.977294921875	230.310346603394	2.13614934012967
94	mut_M3	mut	473.783050537109	209.505387306213	2.26143612166224
95	ctrl_M1	ctrl	91.4087142944336	150.320510864258	0.608092094477894
95	ctrl_M2	ctrl	167.333953857422	216.258037567139	0.773769871122002
95	ctrl_M3	ctrl	150.688659667969	231.788747787476	0.650112057234691
95	mut_M1	mut	195.412063598633	223.21835899353	0.875430069819197
95	mut_M2	mut	189.645751953125	213.253872871399	0.889295699063292
95	mut_M3	mut	156.733322143555	204.575416564941	0.766139572267719
96	ctrl_M1	ctrl	47.4945983886719	27.9375014305115	1.70003028033142
96	ctrl_M2	ctrl	59.4441223144531	42.9113759994507	1.38527653634817
96	ctrl_M3	ctrl	62.9539794921875	44.0120658874512	1.43038001563424
96	mut_M1	mut	76.6610565185547	32.352846622467	2.36953049025733
96	mut_M2	mut	70.8122863769531	41.7879433631897	1.69456261011712
96	mut_M3	mut	81.7581939697266	38.9484977722168	2.099136003855
97	ctrl_M1	ctrl	83.5828475952148	40.1253566741943	2.08304310598114
97	ctrl_M2	ctrl	105.251678466797	55.5608911514282	1.894348277819
97	ctrl_M3	ctrl	106.553153991699	52.8046741485596	2.01787352558837
97	mut_M1	mut	133.411407470703	51.6571235656738	2.58263329937626
97	mut_M2	mut	144.991012573242	48.1644291877747	3.01033387124714
97	mut_M3	mut	120.812561035156	46.6204109191895	2.5914091843714
98	ctrl_M1	ctrl	38.7165832519531	28.1125917434692	1.37719722198674
98	ctrl_M2	ctrl	41.3464660644531	42.1132044792175	0.981793396530944
98	ctrl_M3	ctrl	38.7075576782227	36.5942189693451	1.05775061658367
98	mut_M1	mut	55.9470558166504	49.1493215560913	1.13830779439755
98	mut_M2	mut	62.8966674804688	44.9971380233765	1.39779262067275
98	mut_M3	mut	55.0639915466309	46.7306845188141	1.17832623497012
99	ctrl_M1	ctrl	25.0549583435059	9.11704343557358	2.7481451109188
99	ctrl_M2	ctrl	31.092529296875	13.6533889770508	2.27727557964815
99	ctrl_M3	ctrl	29.5099334716797	11.4319018125534	2.58136694624815
99	mut_M1	mut	50.5804595947266	11.3983484506607	4.43752529707886
99	mut_M2	mut	48.2844047546387	9.55233171582222	5.05472445797309
99	mut_M3	mut	43.4163856506348	10.105943441391	4.29612394947848
100	ctrl_M1	ctrl	151.730194091797	96.752815246582	1.56822510750825
100	ctrl_M2	ctrl	201.352157592773	128.604581356049	1.56566862136365
100	ctrl_M3	ctrl	194.769378662109	127.068828582764	1.53278644994551
100	mut_M1	mut	224.556869506836	132.601531028748	1.69347116707237
100	mut_M2	mut	186.703979492188	121.156226158142	1.54101844711214
100	mut_M3	mut	172.453948974609	100.700919628143	1.71253598886115
101	ctrl_M1	ctrl	37.443717956543	38.7023210525513	0.967479906584948
101	ctrl_M2	ctrl	81.1377868652344	60.3718616962433	1.34396695058823
101	ctrl_M3	ctrl	63.4941596984863	54.2412633895874	1.17058777267852
101	mut_M1	mut	86.8643188476562	67.0536196231842	1.29544563493814
101	mut_M2	mut	94.646598815918	61.1085238456726	1.54882809892356
101	mut_M3	mut	75.4727783203125	52.9798607826233	1.42455599553154
102	ctrl_M1	ctrl	45.2892265319824	34.7406866550446	1.30363648196361
102	ctrl_M2	ctrl	59.38232421875	46.5173516273499	1.27656287689079
102	ctrl_M3	ctrl	58.7434196472168	44.8179030418396	1.31071325653896
102	mut_M1	mut	71.5228652954102	41.8112754821777	1.71061189764223
102	mut_M2	mut	92.6763305664062	45.7089252471924	2.02753248004007
102	mut_M3	mut	65.7866592407227	36.2827382087708	1.8131668801342
103	ctrl_M1	ctrl	44.0059013366699	49.9350125789642	0.88126344750753
103	ctrl_M2	ctrl	56.3443832397461	75.4921903610229	0.746360424439837
103	ctrl_M3	ctrl	68.4489593505859	73.3546953201294	0.933123081649591
103	mut_M1	mut	86.3584899902344	73.0934414863586	1.18148069422003
103	mut_M2	mut	75.0078506469727	65.3718395233154	1.14740308967779
103	mut_M3	mut	73.1261291503906	65.5477828979492	1.11561560006141
104	ctrl_M1	ctrl	119.582916259766	84.2034463882446	1.4201665298638
104	ctrl_M2	ctrl	177.507583618164	121.75884437561	1.45786192804669
104	ctrl_M3	ctrl	167.530181884766	108.542185783386	1.54345686587793
104	mut_M1	mut	185.665893554688	110.179703712463	1.68511883131598
104	mut_M2	mut	177.07666015625	108.845202445984	1.62686692823349
104	mut_M3	mut	167.714385986328	92.9997758865356	1.80338484031347
105	ctrl_M1	ctrl	77.7719192504883	54.7481842041016	1.42053878829212
105	ctrl_M2	ctrl	89.0216064453125	77.2657871246338	1.15214779733902
105	ctrl_M3	ctrl	109.91219329834	79.1748180389404	1.38822160910154
105	mut_M1	mut	121.78840637207	86.0272035598755	1.41569644638402
105	mut_M2	mut	108.853851318359	79.8880500793457	1.36257990037615
105	mut_M3	mut	94.1198348999023	73.1952457427979	1.28587361029747
106	ctrl_M1	ctrl	313.865478515625	125.809529781342	2.49476712186372
106	ctrl_M2	ctrl	376.156036376953	181.988136291504	2.06692614168231
106	ctrl_M3	ctrl	389.110748291016	159.889205932617	2.4336273735389
106	mut_M1	mut	448.242156982422	176.427578926086	2.54065809728201
106	mut_M2	mut	392.134643554688	167.53214931488	2.34065309350065
106	mut_M3	mut	372.901123046875	157.187856674194	2.37232780532018
107	ctrl_M1	ctrl	110.426368713379	83.6960210800171	1.31937417440438
107	ctrl_M2	ctrl	184.265151977539	127.548336029053	1.44466919533601
107	ctrl_M3	ctrl	175.382308959961	126.26201915741	1.38903456582073
107	mut_M1	mut	220.726699829102	134.532486915588	1.64069441433574
107	mut_M2	mut	213.601455688477	127.926380157471	1.66972172139589
107	mut_M3	mut	183.345153808594	114.342219352722	1.60347730563994
108	ctrl_M1	ctrl	143.527984619141	213.212402820587	0.673169021691087
108	ctrl_M2	ctrl	152.90119934082	216.408755302429	0.706538878832062
108	ctrl_M3	ctrl	197.11457824707	254.821532726288	0.773539724599324
108	mut_M1	mut	193.854263305664	238.05383682251	0.814329505851231
108	mut_M2	mut	227.03791809082	229.473774433136	0.989385033874425
108	mut_M3	mut	184.52766418457	184.944784641266	0.997744621685307
109	ctrl_M1	ctrl	108.243217468262	128.108567714691	0.844933476341166
109	ctrl_M2	ctrl	128.125610351562	173.96249961853	0.736512815305137
109	ctrl_M3	ctrl	144.551376342773	167.084949016571	0.865137028760366
109	mut_M1	mut	169.284606933594	163.624231338501	1.03459374903576
109	mut_M2	mut	156.060775756836	164.591553688049	0.948170013952345
109	mut_M3	mut	155.481018066406	146.622842788696	1.06041470148329
110	ctrl_M1	ctrl	104.523254394531	210.043147087097	0.497627539122661
110	ctrl_M2	ctrl	151.839752197266	259.098316192627	0.586031412432569
110	ctrl_M3	ctrl	139.605804443359	270.773532867432	0.51558142690301
110	mut_M1	mut	212.754257202148	283.571371078491	0.750267054085862
110	mut_M2	mut	172.439239501953	268.125616073608	0.643128553053332
110	mut_M3	mut	161.509262084961	232.770414352417	0.69385648745048
111	ctrl_M1	ctrl	63.168701171875	191.167644500732	0.330436153758399
111	ctrl_M2	ctrl	92.4179840087891	217.858955383301	0.424210167749079
111	ctrl_M3	ctrl	93.4464797973633	236.302247524261	0.395453199351263
111	mut_M1	mut	97.4591369628906	239.523443698883	0.406887674366487
111	mut_M2	mut	92.5445022583008	220.945430278778	0.418856828772302
111	mut_M3	mut	99.6637115478516	200.673861503601	0.496645207308492
112	ctrl_M1	ctrl	111.695053100586	75.7114171981812	1.47527357476633
112	ctrl_M2	ctrl	173.096420288086	104.92685508728	1.64968653777053
112	ctrl_M3	ctrl	158.447280883789	95.9147844314575	1.65195889062357
112	mut_M1	mut	181.971313476562	101.88748550415	1.78600259468716
112	mut_M2	mut	228.980575561523	116.481444358826	1.96581160906745
112	mut_M3	mut	202.429321289062	111.826692581177	1.81020574441219
113	ctrl_M1	ctrl	59.708179473877	44.0759162902832	1.35466677721774
113	ctrl_M2	ctrl	62.1402320861816	52.3914289474487	1.18607629787138
113	ctrl_M3	ctrl	72.981689453125	50.1107959747314	1.45640650948603
113	mut_M1	mut	94.4927597045898	50.3762798309326	1.87573913797756
113	mut_M2	mut	93.2478713989258	51.0441389083862	1.82680858945013
113	mut_M3	mut	77.026008605957	46.180380821228	1.66793792593737
114	ctrl_M1	ctrl	80.360466003418	101.044589519501	0.795297070190078
114	ctrl_M2	ctrl	110.314605712891	130.850050926208	0.843061236369724
114	ctrl_M3	ctrl	82.1738052368164	118.929443836212	0.690945846429627
114	mut_M1	mut	117.628379821777	112.256426811218	1.04785430253889
114	mut_M2	mut	142.435012817383	125.416676521301	1.1356943651205
114	mut_M3	mut	114.224143981934	115.757225990295	0.986756057816293
115	ctrl_M1	ctrl	22.1057968139648	21.1554193496704	1.04492359374144
115	ctrl_M2	ctrl	33.6122093200684	29.4245824813843	1.14231729001876
115	ctrl_M3	ctrl	29.6763801574707	30.6824641227722	0.967209805533356
115	mut_M1	mut	44.7464447021484	22.9346942901611	1.95103732955989
115	mut_M2	mut	54.0197830200195	25.5329308509827	2.11569064810045
115	mut_M3	mut	44.4745063781738	21.1906280517578	2.09878188931189
116	ctrl_M1	ctrl	103.072296142578	105.55406999588	0.976488127332287
116	ctrl_M2	ctrl	170.972427368164	152.407515525818	1.12181099979418
116	ctrl_M3	ctrl	173.44694519043	155.352697372437	1.11647205438998
116	mut_M1	mut	180.117645263672	150.690530776978	1.19528177606758
116	mut_M2	mut	177.068130493164	134.90843296051	1.31250602062063
116	mut_M3	mut	162.227386474609	122.060262680054	1.32907617034909
117	ctrl_M1	ctrl	72.3175811767578	28.4594974517822	2.54107021036765
117	ctrl_M2	ctrl	70.0834121704102	44.652886390686	1.5695158328002
117	ctrl_M3	ctrl	75.9842071533203	43.5663275718689	1.74410402226292
117	mut_M1	mut	95.7104187011719	46.3588461875916	2.06455566891977
117	mut_M2	mut	111.303733825684	39.0116491317749	2.85308968738332
117	mut_M3	mut	90.9402389526367	45.2579898834229	2.00937423838053
118	ctrl_M1	ctrl	59.5114326477051	35.2714717388153	1.68723984891774
118	ctrl_M2	ctrl	75.4189834594727	45.5520389080048	1.65566646998581
118	ctrl_M3	ctrl	76.3348846435547	46.5019445419312	1.64154177627396
118	mut_M1	mut	79.8460540771484	45.0222449302673	1.77348006970372
118	mut_M2	mut	69.5997467041016	41.8921298980713	1.66140386925769
118	mut_M3	mut	65.8366165161133	36.4499845504761	1.8062179539457
119	ctrl_M1	ctrl	18.8608150482178	13.4422818422318	1.40309623541463
119	ctrl_M2	ctrl	29.9828357696533	15.8643534183502	1.88995006471378
119	ctrl_M3	ctrl	32.3664894104004	17.851546049118	1.8130916684384
119	mut_M1	mut	61.3988227844238	21.4478549957275	2.86270225142116
119	mut_M2	mut	47.3176383972168	18.858293056488	2.50911565831975
119	mut_M3	mut	51.4055099487305	20.9323129653931	2.45579693145798
120	ctrl_M1	ctrl	121.912010192871	29.7710657119751	4.09498307424827
120	ctrl_M2	ctrl	178.81266784668	47.2584977149963	3.78371460144697
120	ctrl_M3	ctrl	180.519912719727	45.4658737182617	3.9704485574907
120	mut_M1	mut	199.769287109375	47.8189120292664	4.17762091674339
120	mut_M2	mut	194.246627807617	41.3493909835815	4.6976901760112
120	mut_M3	mut	175.255752563477	38.1815714836121	4.59006127180224
121	ctrl_M1	ctrl	105.217910766602	120.09196805954	0.876144445517256
121	ctrl_M2	ctrl	131.994155883789	161.219331741333	0.818724122337673
121	ctrl_M3	ctrl	122.986473083496	158.795890808105	0.77449405307419
121	mut_M1	mut	152.8974609375	157.150314331055	0.972937671733856
121	mut_M2	mut	147.101272583008	147.450821876526	0.997629383891731
121	mut_M3	mut	135.555709838867	130.965848445892	1.03504624638744
122	ctrl_M1	ctrl	37.4346809387207	22.9885184764862	1.62840771914079
122	ctrl_M2	ctrl	45.4603500366211	34.4375252723694	1.32008179092636
122	ctrl_M3	ctrl	47.3255386352539	34.2013149261475	1.38373447738621
122	mut_M1	mut	81.9906921386719	41.0228009223938	1.99866148325124
122	mut_M2	mut	73.9229354858398	36.1002564430237	2.04771219845795
122	mut_M3	mut	60.1449089050293	27.0497431755066	2.22349278936926
123	ctrl_M1	ctrl	39.7295799255371	15.984921336174	2.4854410659894
123	ctrl_M2	ctrl	68.0554733276367	19.8278155326843	3.43232330437277
123	ctrl_M3	ctrl	82.1440582275391	18.1162812709808	4.53426710475729
123	mut_M1	mut	94.776008605957	28.6600775718689	3.30689993313151
123	mut_M2	mut	94.060920715332	20.5427497625351	4.5787891982638
123	mut_M3	mut	78.8244476318359	18.6312716007233	4.2307604827561
124	ctrl_M1	ctrl	36.4058685302734	7.94335842132568	4.58318340924085
124	ctrl_M2	ctrl	48.8813323974609	10.338996887207	4.72786024899034
124	ctrl_M3	ctrl	40.5261192321777	10.8581035137177	3.73233863362776
124	mut_M1	mut	66.6439819335938	16.570152759552	4.02192924233461
124	mut_M2	mut	73.0769653320312	14.1255677938461	5.17338250741804
124	mut_M3	mut	69.4586181640625	15.0482196807861	4.61573658794659
125	ctrl_M1	ctrl	69.8094940185547	56.5665061473846	1.23411359076456
125	ctrl_M2	ctrl	93.3946838378906	69.5224583148956	1.34337430093263
125	ctrl_M3	ctrl	88.4168319702148	65.683028459549	1.34611381423539
125	mut_M1	mut	98.1088790893555	67.0636751651764	1.4629213034883
125	mut_M2	mut	119.515884399414	66.527467250824	1.79648931994978
125	mut_M3	mut	99.1419525146484	52.0848791599274	1.90346899356782
126	ctrl_M1	ctrl	49.2994689941406	35.0132622718811	1.40802272611235
126	ctrl_M2	ctrl	77.6222076416016	55.7372627258301	1.39264477380999
126	ctrl_M3	ctrl	67.5659255981445	55.3085441589355	1.22161822600114
126	mut_M1	mut	89.3645629882812	47.6861410140991	1.87401540757637
126	mut_M2	mut	87.2942962646484	51.7298240661621	1.68750421716106
126	mut_M3	mut	80.739875793457	44.9992208480835	1.79425052860434
127	ctrl_M1	ctrl	47.1646690368652	41.636926651001	1.13276057649974
127	ctrl_M2	ctrl	63.0882225036621	58.2802648544312	1.08249718255811
127	ctrl_M3	ctrl	71.2627029418945	65.5915060043335	1.08646236811801
127	mut_M1	mut	86.3721771240234	62.9634408950806	1.37178298860684
127	mut_M2	mut	86.1157302856445	69.1030302047729	1.24619325708956
127	mut_M3	mut	81.5240173339844	52.3813552856445	1.55635563244631
128	ctrl_M1	ctrl	117.701812744141	57.896936416626	2.03295407372092
128	ctrl_M2	ctrl	163.697052001953	80.2087411880493	2.04088793287711
128	ctrl_M3	ctrl	171.309616088867	78.5044326782227	2.18216488221803
128	mut_M1	mut	170.802856445312	61.3060607910156	2.7860680370177
128	mut_M2	mut	180.88606262207	69.2377414703369	2.61253557352916
128	mut_M3	mut	163.233734130859	56.1892023086548	2.90507299310274
129	ctrl_M1	ctrl	99.0683288574219	114.525191307068	0.865035261908425
129	ctrl_M2	ctrl	130.74137878418	152.323663711548	0.858312986954948
129	ctrl_M3	ctrl	129.581848144531	152.149166107178	0.851676361165532
129	mut_M1	mut	146.285003662109	145.747874259949	1.00368533266703
129	mut_M2	mut	153.853393554688	145.959638595581	1.05408176558301
129	mut_M3	mut	149.545928955078	138.439944267273	1.08022240074269
130	ctrl_M1	ctrl	23.4633541107178	28.0254558324814	0.837215788780279
130	ctrl_M2	ctrl	32.2674140930176	34.1233035326004	0.945612257681623
130	ctrl_M3	ctrl	34.0200653076172	38.8619742393494	0.875407541008826
130	mut_M1	mut	45.0587348937988	44.0383081436157	1.02317134316004
130	mut_M2	mut	44.4167442321777	39.9736726284027	1.11114994724348
130	mut_M3	mut	47.467456817627	35.5583754181862	1.33491635260001
131	ctrl_M1	ctrl	45.5136756896973	39.8633689880371	1.14174182576881
131	ctrl_M2	ctrl	64.7526626586914	50.0692205429077	1.29326284604731
131	ctrl_M3	ctrl	67.3699569702148	45.1186180114746	1.49317421364904
131	mut_M1	mut	62.3011627197266	44.8700513839722	1.38847986124618
131	mut_M2	mut	72.9824295043945	53.185914516449	1.37221349238665
131	mut_M3	mut	70.5020446777344	52.4540271759033	1.34407305737093
132	ctrl_M1	ctrl	119.102752685547	230.81724357605	0.516004570717026
132	ctrl_M2	ctrl	191.98307800293	282.106554031372	0.680533916208058
132	ctrl_M3	ctrl	168.089691162109	292.915620803833	0.573850212224359
132	mut_M1	mut	185.915985107422	270.59977722168	0.687051508379907
132	mut_M2	mut	198.54118347168	273.476539611816	0.725989818920106
132	mut_M3	mut	203.923431396484	249.616645812988	0.816946444946876
133	ctrl_M1	ctrl	38.173412322998	26.8876227140427	1.41973921342853
133	ctrl_M2	ctrl	51.1599349975586	37.4598069190979	1.36572874249056
133	ctrl_M3	ctrl	48.097282409668	35.1099469661713	1.369904729734
133	mut_M1	mut	70.0272369384766	37.4546537399292	1.86965383326512
133	mut_M2	mut	53.8154602050781	35.0196766853333	1.53672064675619
133	mut_M3	mut	68.543098449707	32.5626287460327	2.10496207122277
134	ctrl_M1	ctrl	54.834602355957	41.6565647125244	1.31634960142238
134	ctrl_M2	ctrl	92.4151000976562	58.3210334777832	1.58459297764092
134	ctrl_M3	ctrl	80.0063552856445	52.980019569397	1.5101231735267
134	mut_M1	mut	112.90007019043	54.3032293319702	2.07906733318273
134	mut_M2	mut	102.372703552246	56.4604825973511	1.81317443356478
134	mut_M3	mut	102.292045593262	50.7672710418701	2.01492109963714
135	ctrl_M1	ctrl	68.9990768432617	26.2591485977173	2.62762048763682
135	ctrl_M2	ctrl	87.4384841918945	44.5037841796875	1.96474267983268
135	ctrl_M3	ctrl	75.9988021850586	41.0508861541748	1.85133158635431
135	mut_M1	mut	91.0251846313477	42.9185423851013	2.12088248045782
135	mut_M2	mut	105.988166809082	42.6621417999268	2.48436112997177
135	mut_M3	mut	94.3895721435547	49.1012744903564	1.92234464631041
136	ctrl_M1	ctrl	67.3418121337891	19.2252333164215	3.50278256837945
136	ctrl_M2	ctrl	95.3423461914062	28.7093687057495	3.32094889193131
136	ctrl_M3	ctrl	81.7914505004883	29.4376693964005	2.77846216013587
136	mut_M1	mut	101.904937744141	26.5853111743927	3.833129395239
136	mut_M2	mut	121.171951293945	28.6942849159241	4.22286011479241
136	mut_M3	mut	108.338424682617	27.901184797287	3.88293276682471
137	ctrl_M1	ctrl	66.1679763793945	167.150650978088	0.39585832296919
137	ctrl_M2	ctrl	79.6476821899414	191.946368694305	0.414947585264239
137	ctrl_M3	ctrl	84.735710144043	213.135519981384	0.397567285600467
137	mut_M1	mut	117.055885314941	202.722368240356	0.577419681562495
137	mut_M2	mut	113.322975158691	202.90886592865	0.558491984271106
137	mut_M3	mut	108.566230773926	156.904710292816	0.691924611895456
138	ctrl_M1	ctrl	286.056427001953	189.802625656128	1.50712576295025
138	ctrl_M2	ctrl	383.945068359375	251.910949230194	1.52413013222593
138	ctrl_M3	ctrl	348.374633789062	239.908438205719	1.4521149668372
138	mut_M1	mut	387.559906005859	252.189913272858	1.53677798202237
138	mut_M2	mut	385.635894775391	239.619573116302	1.60936725560486
138	mut_M3	mut	341.781127929688	198.66276550293	1.72040858821452
139	ctrl_M1	ctrl	44.3756561279297	26.2793900966644	1.68861057903936
139	ctrl_M2	ctrl	58.4558334350586	26.6987292766571	2.18946125972246
139	ctrl_M3	ctrl	53.7605857849121	29.5977432727814	1.81637448806279
139	mut_M1	mut	68.1877822875977	37.0265939235687	1.84158938379135
139	mut_M2	mut	72.628547668457	30.9767978191376	2.34461121812878
139	mut_M3	mut	71.6004104614258	26.0936777591705	2.74397542279229
140	ctrl_M1	ctrl	41.4297904968262	16.3255755901337	2.53772311230877
140	ctrl_M2	ctrl	58.2183532714844	22.2893717288971	2.61193334561364
140	ctrl_M3	ctrl	51.119197845459	21.8237783908844	2.34236239618393
140	mut_M1	mut	68.515380859375	23.5864772796631	2.9048585783707
140	mut_M2	mut	63.531177520752	22.2449426651001	2.85598297452236
140	mut_M3	mut	56.5097503662109	21.9653511047363	2.57267685350251
141	ctrl_M1	ctrl	161.009826660156	264.177192687988	0.609476635821171
141	ctrl_M2	ctrl	209.754272460938	292.850786209106	0.716249647734137
141	ctrl_M3	ctrl	217.960876464844	323.066150665283	0.674663303524686
141	mut_M1	mut	275.070220947266	356.414106369019	0.771771419906898
141	mut_M2	mut	231.224746704102	317.618843078613	0.727994423954474
141	mut_M3	mut	246.098815917969	296.978345870972	0.828675960182267
142	ctrl_M1	ctrl	160.078201293945	42.4082179069519	3.77469766933319
142	ctrl_M2	ctrl	204.952728271484	55.0462665557861	3.72328117954697
142	ctrl_M3	ctrl	221.066940307617	51.1155939102173	4.3248434263703
142	mut_M1	mut	262.512634277344	62.8088521957397	4.17954834549818
142	mut_M2	mut	246.671173095703	56.3676738739014	4.37611056378741
142	mut_M3	mut	235.62971496582	58.7188863754272	4.01284372900551
143	ctrl_M1	ctrl	70.4625091552734	35.6321060657501	1.97750054474054
143	ctrl_M2	ctrl	100.52906036377	62.327399969101	1.61291920429229
143	ctrl_M3	ctrl	97.8970489501953	38.3468313217163	2.55293711568692
143	mut_M1	mut	128.460784912109	55.657702922821	2.30805042547736
143	mut_M2	mut	109.992118835449	46.2407822608948	2.37868205202203
143	mut_M3	mut	115.697891235352	53.8860046863556	2.14708609236801
144	ctrl_M1	ctrl	21.5547046661377	9.89974975585938	2.17729793153409
144	ctrl_M2	ctrl	27.2182102203369	17.8931477069855	1.52115271533308
144	ctrl_M3	ctrl	28.3835296630859	17.7704141139984	1.59723512806194
144	mut_M1	mut	42.4070625305176	14.5622265338898	2.91212764969878
144	mut_M2	mut	41.7208633422852	14.621160030365	2.85345781426644
144	mut_M3	mut	49.8871688842773	12.0312011241913	4.14648282987877
145	ctrl_M1	ctrl	51.3850479125977	20.991676568985	2.44787726905618
145	ctrl_M2	ctrl	68.4487991333008	26.8847332000732	2.5460099835811
145	ctrl_M3	ctrl	59.7147216796875	32.6549863815308	1.82865553768724
145	mut_M1	mut	94.6520767211914	25.2813827991486	3.74394381324661
145	mut_M2	mut	66.4570999145508	25.0887258052826	2.64888302540091
145	mut_M3	mut	73.4164505004883	25.01353764534	2.93506866327506
146	ctrl_M1	ctrl	44.303035736084	147.659254550934	0.300035618294429
146	ctrl_M2	ctrl	60.6586151123047	188.819183349609	0.321252396267342
146	ctrl_M3	ctrl	52.2452507019043	193.806411743164	0.269574418266103
146	mut_M1	mut	73.8090972900391	197.886105537415	0.372987770362098
146	mut_M2	mut	74.8577651977539	197.933107852936	0.378197291043261
146	mut_M3	mut	64.7081680297852	164.203718662262	0.394072488473166
147	ctrl_M1	ctrl	75.0637741088867	41.0590205192566	1.82819203087619
147	ctrl_M2	ctrl	95.1328735351562	55.0012140274048	1.72965043076605
147	ctrl_M3	ctrl	97.9877243041992	67.3471069335938	1.45496560677533
147	mut_M1	mut	143.85270690918	60.729175567627	2.36875777687757
147	mut_M2	mut	115.329872131348	59.0946311950684	1.95161336654509
147	mut_M3	mut	117.51594543457	53.7515840530396	2.18627873959233
148	ctrl_M1	ctrl	34.2319602966309	14.5339784622192	2.35530556107649
148	ctrl_M2	ctrl	43.7229385375977	22.5615949630737	1.93793650711124
148	ctrl_M3	ctrl	45.851634979248	23.7137470245361	1.93354660196916
148	mut_M1	mut	73.8303756713867	30.3338966369629	2.43392322967903
148	mut_M2	mut	71.7342300415039	25.9710035324097	2.76208926435921
148	mut_M3	mut	57.1063957214355	22.5194571018219	2.53586911368372
149	ctrl_M1	ctrl	104.90454864502	140.267952442169	0.74788678966616
149	ctrl_M2	ctrl	144.603240966797	158.085003376007	0.914718271048496
149	ctrl_M3	ctrl	152.892730712891	183.892623901367	0.831423944414955
149	mut_M1	mut	164.290023803711	161.170091152191	1.01935801257675
149	mut_M2	mut	182.243865966797	164.262848854065	1.10946490480453
149	mut_M3	mut	164.696228027344	141.596067428589	1.16314125821612
150	ctrl_M1	ctrl	85.5131378173828	119.721201896667	0.714268955395136
150	ctrl_M2	ctrl	151.35237121582	159.661350250244	0.947958732521047
150	ctrl_M3	ctrl	136.856979370117	158.328915596008	0.86438398731487
150	mut_M1	mut	141.590179443359	143.727644920349	0.985128362200784
150	mut_M2	mut	142.687805175781	144.595933914185	0.986803717872622
150	mut_M3	mut	156.44367980957	135.306798934937	1.15621447732865
151	ctrl_M1	ctrl	127.401947021484	176.57280254364	0.721526447936379
151	ctrl_M2	ctrl	179.199188232422	219.445676803589	0.81659930987299
151	ctrl_M3	ctrl	168.038970947266	219.511034011841	0.765514916841043
151	mut_M1	mut	218.643783569336	262.060447692871	0.834325765273749
151	mut_M2	mut	178.1484375	205.592317581177	0.866513105139054
151	mut_M3	mut	179.082000732422	167.077352523804	1.07185084050759
152	ctrl_M1	ctrl	58.907398223877	37.8140287399292	1.55781862411488
152	ctrl_M2	ctrl	82.3788833618164	51.6380639076233	1.59531316877384
152	ctrl_M3	ctrl	86.2171020507812	44.9977226257324	1.91603256831218
152	mut_M1	mut	103.607978820801	50.5571608543396	2.04932351955653
152	mut_M2	mut	105.057647705078	37.4316973686218	2.80664931302703
152	mut_M3	mut	104.418960571289	46.0555038452148	2.26724173775678
153	ctrl_M1	ctrl	100.885734558105	119.920876026154	0.84126915930887
153	ctrl_M2	ctrl	128.349945068359	150.459282398224	0.853054348143525
153	ctrl_M3	ctrl	119.22437286377	154.098562717438	0.77368906472142
153	mut_M1	mut	140.746398925781	131.693160533905	1.06874493979166
153	mut_M2	mut	145.88655090332	130.171116828918	1.12072904079832
153	mut_M3	mut	121.387954711914	121.113819599152	1.00226345031203
154	ctrl_M1	ctrl	94.5277557373047	138.135112762451	0.684313740705903
154	ctrl_M2	ctrl	155.770477294922	162.175638198853	0.96050478989898
154	ctrl_M3	ctrl	143.28791809082	166.494296073914	0.860617579518814
154	mut_M1	mut	161.938034057617	133.461155891418	1.21337203305333
154	mut_M2	mut	144.348480224609	144.818004608154	0.99675783142562
154	mut_M3	mut	177.665756225586	132.924154281616	1.33659497166466
155	ctrl_M1	ctrl	71.6095275878906	70.8047761917114	1.01136577840456
155	ctrl_M2	ctrl	112.950813293457	88.2132062911987	1.28042974563919
155	ctrl_M3	ctrl	102.12279510498	84.271125793457	1.21183613181194
155	mut_M1	mut	125.952735900879	101.1647605896	1.24502578928485
155	mut_M2	mut	116.421043395996	81.490770816803	1.42864084152203
155	mut_M3	mut	115.818634033203	74.8916230201721	1.54648316276985
156	ctrl_M1	ctrl	25.855110168457	25.4320526123047	1.01663481759029
156	ctrl_M2	ctrl	34.8600578308105	32.9165596961975	1.05904317317941
156	ctrl_M3	ctrl	37.7091178894043	28.0387282371521	1.34489401838984
156	mut_M1	mut	46.8474655151367	26.3676371574402	1.77670320762578
156	mut_M2	mut	49.1649398803711	27.5923237800598	1.78183397209557
156	mut_M3	mut	56.3832550048828	25.8601117134094	2.18031753419093
157	ctrl_M1	ctrl	25.3031768798828	20.9379568099976	1.20848357408976
157	ctrl_M2	ctrl	42.8629837036133	35.1302032470703	1.22011772611045
157	ctrl_M3	ctrl	45.0323829650879	28.756899356842	1.5659679580293
157	mut_M1	mut	74.3157501220703	29.849925994873	2.48964604250056
157	mut_M2	mut	75.8613586425781	34.246666431427	2.2151457805237
157	mut_M3	mut	75.0593109130859	31.7297296524048	2.36558305839197
158	ctrl_M1	ctrl	47.8830680847168	55.3717775344849	0.864755841636036
158	ctrl_M2	ctrl	80.6264953613281	78.5428895950317	1.02652825452488
158	ctrl_M3	ctrl	92.0259552001953	80.6753444671631	1.1406949150078
158	mut_M1	mut	97.4038619995117	79.0626068115234	1.23198394193745
158	mut_M2	mut	76.6467132568359	90.16002368927	0.850118601576606
158	mut_M3	mut	80.0686874389648	76.4120607376099	1.04785405165176
159	ctrl_M1	ctrl	116.584457397461	98.881664276123	1.17903008865125
159	ctrl_M2	ctrl	173.095199584961	148.059987068176	1.16908830679052
159	ctrl_M3	ctrl	189.536727905273	161.3967628479	1.17435272282315
159	mut_M1	mut	180.951721191406	133.724998474121	1.35316300808502
159	mut_M2	mut	202.852203369141	148.334041595459	1.36753641434759
159	mut_M3	mut	171.094680786133	116.393133163452	1.46997229248793
160	ctrl_M1	ctrl	57.4741668701172	51.6664123535156	1.11240870523123
160	ctrl_M2	ctrl	72.2816467285156	76.9522666931152	0.939304972220948
160	ctrl_M3	ctrl	102.402244567871	80.4494400024414	1.27287703388319
160	mut_M1	mut	79.3299255371094	73.8183221817017	1.07466443550208
160	mut_M2	mut	103.233703613281	65.3967370986938	1.5785757545898
160	mut_M3	mut	98.1454010009766	63.802885055542	1.53825960872363
161	ctrl_M1	ctrl	40.6112327575684	26.5359587669373	1.5304226658721
161	ctrl_M2	ctrl	66.5218658447266	34.454484462738	1.93071720218797
161	ctrl_M3	ctrl	72.9798889160156	30.9341101646423	2.35920440341069
161	mut_M1	mut	78.3395004272461	38.1433792114258	2.05381646951143
161	mut_M2	mut	99.6993942260742	28.8689846992493	3.45351231658198
161	mut_M3	mut	85.0019226074219	25.9132204055786	3.28025314017406
162	ctrl_M1	ctrl	54.8904914855957	17.1285121440887	3.20462694154898
162	ctrl_M2	ctrl	60.2089996337891	28.9036350250244	2.08309437832511
162	ctrl_M3	ctrl	64.6549682617188	27.9982943534851	2.30924667929533
162	mut_M1	mut	88.6367263793945	27.6929593086243	3.20069536056375
162	mut_M2	mut	80.9025497436523	29.7931361198425	2.71547612235996
162	mut_M3	mut	80.1911468505859	26.6103773117065	3.01352911727817
163	ctrl_M1	ctrl	32.3412895202637	15.7568163871765	2.0525269017277
163	ctrl_M2	ctrl	58.1704711914062	14.4559046030045	4.02399384811355
163	ctrl_M3	ctrl	45.3510513305664	19.853376865387	2.28429912140705
163	mut_M1	mut	62.7410202026367	20.9190702438354	2.99922603974838
163	mut_M2	mut	58.8680534362793	22.8691650629044	2.5741234222743
163	mut_M3	mut	58.685977935791	16.5589375495911	3.54406662625769
164	ctrl_M1	ctrl	50.2221145629883	26.8797392845154	1.8684003602639
164	ctrl_M2	ctrl	91.2911224365234	36.7709875106812	2.48269433639783
164	ctrl_M3	ctrl	80.4245529174805	37.4403963088989	2.14806895348928
164	mut_M1	mut	85.5925827026367	34.066333770752	2.51252697982203
164	mut_M2	mut	85.8760528564453	38.3230648040771	2.24084512278645
164	mut_M3	mut	99.8772430419922	34.8418374061584	2.8665894360766
165	ctrl_M1	ctrl	210.71403503418	164.316007614136	1.28237070808707
165	ctrl_M2	ctrl	277.274688720703	230.148670196533	1.20476337527359
165	ctrl_M3	ctrl	278.238433837891	223.767608642578	1.24342587171461
165	mut_M1	mut	346.866363525391	263.782106399536	1.3149730596207
165	mut_M2	mut	323.407287597656	216.522480010986	1.4936430045566
165	mut_M3	mut	303.310577392578	203.734182357788	1.48875644667186
166	ctrl_M1	ctrl	38.4687767028809	33.3597388267517	1.15314981638981
166	ctrl_M2	ctrl	52.5705490112305	52.8922262191772	0.993918251680052
166	ctrl_M3	ctrl	54.7637100219727	58.0605411529541	0.943217354411212
166	mut_M1	mut	92.8728256225586	62.9656434059143	1.47497620287693
166	mut_M2	mut	93.0991439819336	66.0393781661987	1.40975197779171
166	mut_M3	mut	119.225212097168	59.6961078643799	1.99720243684946
167	ctrl_M1	ctrl	86.9320526123047	95.9698829650879	0.905826389763641
167	ctrl_M2	ctrl	130.546203613281	149.307362556458	0.874345386443471
167	ctrl_M3	ctrl	110.836479187012	147.764479637146	0.750088786284664
167	mut_M1	mut	159.714935302734	144.020045280457	1.10897712184241
167	mut_M2	mut	132.260848999023	127.999311447144	1.03329344122011
167	mut_M3	mut	155.691390991211	125.789031028748	1.23771834251295
168	ctrl_M1	ctrl	35.5314178466797	8.69099408388138	4.08830307600571
168	ctrl_M2	ctrl	46.7997932434082	11.8937915563583	3.93480859502615
168	ctrl_M3	ctrl	49.7831153869629	12.067148566246	4.1255077878311
168	mut_M1	mut	50.2747459411621	9.60064506530762	5.23660083246201
168	mut_M2	mut	49.257568359375	11.2935521602631	4.36156557833861
168	mut_M3	mut	53.6331939697266	6.77156379818916	7.9203557063243
169	ctrl_M1	ctrl	55.9994926452637	11.4750583171844	4.88010527679862
169	ctrl_M2	ctrl	94.4376525878906	20.7672238349915	4.5474375072112
169	ctrl_M3	ctrl	81.5558013916016	15.4891276359558	5.26535795355455
169	mut_M1	mut	105.398384094238	19.3656721115112	5.44253685011986
169	mut_M2	mut	92.4472503662109	17.8525586128235	5.1783754010367
169	mut_M3	mut	94.166389465332	18.9785144329071	4.96173658893215
170	ctrl_M1	ctrl	24.5554847717285	14.0091440677643	1.7528183487121
170	ctrl_M2	ctrl	38.4966583251953	18.4943556785583	2.08153552328546
170	ctrl_M3	ctrl	32.4303665161133	17.3617792129517	1.86791722889326
170	mut_M1	mut	47.5803375244141	19.4441108703613	2.44703076636643
170	mut_M2	mut	40.618968963623	17.7805893421173	2.2844557164035
170	mut_M3	mut	40.5269355773926	11.9824984073639	3.38217742240521
171	ctrl_M1	ctrl	124.377212524414	46.9679574966431	2.64812904698493
171	ctrl_M2	ctrl	161.738311767578	74.4248523712158	2.17317611811792
171	ctrl_M3	ctrl	150.343002319336	67.2353515625	2.23607073995265
171	mut_M1	mut	186.376281738281	74.7530860900879	2.49322524977326
171	mut_M2	mut	176.919403076172	69.6105241775513	2.541561138441
171	mut_M3	mut	164.379791259766	58.7778615951538	2.79662762133079
172	ctrl_M1	ctrl	79.5657653808594	18.2057439088821	4.37036606573605
172	ctrl_M2	ctrl	88.2985153198242	35.7262172698975	2.47153273050891
172	ctrl_M3	ctrl	100.947563171387	27.180125951767	3.71402116938403
172	mut_M1	mut	84.7718505859375	25.7094395160675	3.29730449911045
172	mut_M2	mut	92.0027465820312	27.6429033279419	3.32825917345062
172	mut_M3	mut	92.8303985595703	21.9533138275146	4.22853694384962
173	ctrl_M1	ctrl	97.5078048706055	60.0199093818665	1.62459100446535
173	ctrl_M2	ctrl	153.819702148438	86.6968078613281	1.77422567154344
173	ctrl_M3	ctrl	164.492630004883	77.3577222824097	2.12638926213947
173	mut_M1	mut	197.907989501953	79.6111130714417	2.48593421026979
173	mut_M2	mut	172.62028503418	76.7913675308228	2.24791263112866
173	mut_M3	mut	170.936645507812	65.4724645614624	2.61081733600154
174	ctrl_M1	ctrl	148.075531005859	100.584887504578	1.4721449183817
174	ctrl_M2	ctrl	235.977279663086	137.305974006653	1.71862354402476
174	ctrl_M3	ctrl	234.865600585938	138.298715591431	1.698248603261
174	mut_M1	mut	257.831115722656	133.794216156006	1.92707220932497
174	mut_M2	mut	209.981033325195	120.025493621826	1.74947027493008
174	mut_M3	mut	250.413528442383	124.494365692139	2.01144467101129
175	ctrl_M1	ctrl	58.3503494262695	58.5437998771667	0.996695628720666
175	ctrl_M2	ctrl	104.531532287598	94.2046375274658	1.10962193615066
175	ctrl_M3	ctrl	85.8647994995117	84.167688369751	1.02016345182614
175	mut_M1	mut	108.575347900391	90.8005895614624	1.19575597939148
175	mut_M2	mut	104.594429016113	82.5187606811523	1.26752302328267
175	mut_M3	mut	103.867431640625	91.5996747016907	1.1339279531165
176	ctrl_M1	ctrl	91.1059494018555	124.566296577454	0.731385229432482
176	ctrl_M2	ctrl	132.883422851562	188.821142196655	0.703752881195718
176	ctrl_M3	ctrl	113.109809875488	181.529169082642	0.623094406519289
176	mut_M1	mut	125.517395019531	175.623941421509	0.714694101519345
176	mut_M2	mut	132.487335205078	163.665142059326	0.809502460560927
176	mut_M3	mut	125.946571350098	148.4808177948	0.848234628692277
177	ctrl_M1	ctrl	171.153549194336	138.467255592346	1.23605792909061
177	ctrl_M2	ctrl	223.759353637695	192.833339691162	1.16037690368306
177	ctrl_M3	ctrl	220.535903930664	163.553881168365	1.3483990863148
177	mut_M1	mut	271.026702880859	209.623294353485	1.29292263875898
177	mut_M2	mut	248.33056640625	172.655935764313	1.43829730096994
177	mut_M3	mut	223.107925415039	187.79956817627	1.18801085424024
178	ctrl_M1	ctrl	71.600700378418	72.5398526191711	0.987053292681974
178	ctrl_M2	ctrl	108.789474487305	107.78475856781	1.00932150271379
178	ctrl_M3	ctrl	105.652557373047	103.415843963623	1.02162834362412
178	mut_M1	mut	142.542388916016	110.111500740051	1.2945277101665
178	mut_M2	mut	126.177108764648	102.920642852783	1.2259650276877
178	mut_M3	mut	117.775932312012	93.350492477417	1.26165303670469
179	ctrl_M1	ctrl	51.2177658081055	49.743597984314	1.02963532763063
179	ctrl_M2	ctrl	66.7231369018555	75.0821557044983	0.888668369678389
179	ctrl_M3	ctrl	76.418212890625	70.2072744369507	1.08846573953319
179	mut_M1	mut	84.8954467773438	64.0065274238586	1.32635607951602
179	mut_M2	mut	77.4093322753906	57.3542928695679	1.34966936915134
179	mut_M3	mut	70.9530334472656	66.443977355957	1.06786252525421
180	ctrl_M1	ctrl	23.4886283874512	24.916773557663	0.942683382866295
180	ctrl_M2	ctrl	23.9401779174805	38.1461548805237	0.627590853978932
180	ctrl_M3	ctrl	37.9576148986816	35.6569314002991	1.06452275639073
180	mut_M1	mut	46.9775238037109	31.8242454528809	1.47615514948394
180	mut_M2	mut	48.0327568054199	31.8044357299805	1.51025338771038
180	mut_M3	mut	57.1089401245117	35.7025351524353	1.59957660935504
181	ctrl_M1	ctrl	147.767684936523	150.982583999634	0.978706821820468
181	ctrl_M2	ctrl	230.622817993164	207.102641105652	1.11356773029038
181	ctrl_M3	ctrl	198.225189208984	205.896486282349	0.962741971891427
181	mut_M1	mut	265.129241943359	213.729953765869	1.24048705982408
181	mut_M2	mut	242.116424560547	192.09469127655	1.26040143510256
181	mut_M3	mut	248.994369506836	175.021793365479	1.42264780127632
182	ctrl_M1	ctrl	56.3841743469238	41.5225520133972	1.35791688161969
182	ctrl_M2	ctrl	65.6206817626953	64.2814416885376	1.0208340080586
182	ctrl_M3	ctrl	77.6993637084961	57.4186201095581	1.35320848115544
182	mut_M1	mut	100.688812255859	63.2549982070923	1.59179219207645
182	mut_M2	mut	87.2681655883789	55.595531463623	1.56969747911268
182	mut_M3	mut	94.7136764526367	55.0568885803223	1.72028748617822
183	ctrl_M1	ctrl	23.906587600708	26.6877088546753	0.895790183072232
183	ctrl_M2	ctrl	41.9030838012695	31.7332439422607	1.32047904958954
183	ctrl_M3	ctrl	28.7958908081055	37.7586641311646	0.762630020704002
183	mut_M1	mut	59.4896965026855	39.9232492446899	1.49010157309774
183	mut_M2	mut	46.2549362182617	42.0302023887634	1.10051661875004
183	mut_M3	mut	48.5791816711426	35.8193321228027	1.35622801409569
184	ctrl_M1	ctrl	17.7668476104736	14.4695748090744	1.22787627452131
184	ctrl_M2	ctrl	31.6878890991211	18.8682894706726	1.67942563889399
184	ctrl_M3	ctrl	38.7275619506836	13.5518575906754	2.85773088239438
184	mut_M1	mut	48.610050201416	21.0305776596069	2.31139871610757
184	mut_M2	mut	52.2827033996582	21.9036331176758	2.38694207115198
184	mut_M3	mut	59.1942825317383	23.1246509552002	2.55979139518328
185	ctrl_M1	ctrl	98.6249084472656	30.770845413208	3.20514133176634
185	ctrl_M2	ctrl	122.537818908691	41.5875191688538	2.9465046571103
185	ctrl_M3	ctrl	158.013259887695	46.3192434310913	3.41139552770913
185	mut_M1	mut	146.319107055664	42.5395607948303	3.4396007932796
185	mut_M2	mut	161.478408813477	37.0259654521942	4.36122074985373
185	mut_M3	mut	175.967651367188	36.9946620464325	4.75656869486544
186	ctrl_M1	ctrl	103.213768005371	99.910117149353	1.03306622942979
186	ctrl_M2	ctrl	119.520805358887	130.635970115662	0.914914975202206
186	ctrl_M3	ctrl	108.08967590332	117.213298797607	0.922162220602281
186	mut_M1	mut	191.017822265625	129.04838180542	1.48020315786403
186	mut_M2	mut	197.25830078125	129.5593957901	1.52253180541865
186	mut_M3	mut	198.545166015625	127.611540794373	1.55585587933267
187	ctrl_M1	ctrl	90.1922912597656	91.4171905517578	0.986600996108071
187	ctrl_M2	ctrl	122.40550994873	123.01539516449	0.99504220414897
187	ctrl_M3	ctrl	129.844223022461	113.259666442871	1.14642950222668
187	mut_M1	mut	162.490051269531	119.017977237701	1.36525636748983
187	mut_M2	mut	169.471405029297	132.117147445679	1.28273587725603
187	mut_M3	mut	173.522369384766	124.179149627686	1.39735511078165
188	ctrl_M1	ctrl	68.0474243164062	178.231642723083	0.381792050371946
188	ctrl_M2	ctrl	81.7047348022461	214.082556724548	0.381650593361384
188	ctrl_M3	ctrl	83.7254104614258	199.671740531921	0.419315273350065
188	mut_M1	mut	105.467552185059	201.134840965271	0.524362421144476
188	mut_M2	mut	94.1066665649414	216.157719612122	0.435361118417647
188	mut_M3	mut	101.5341796875	194.044339179993	0.523252469598293
189	ctrl_M1	ctrl	53.5789527893066	30.1377396583557	1.77780262875328
189	ctrl_M2	ctrl	73.5737915039062	42.032817363739	1.75038924626968
189	ctrl_M3	ctrl	62.8596611022949	32.7409386634827	1.91991016960076
189	mut_M1	mut	74.6765518188477	37.3418641090393	1.99980781893453
189	mut_M2	mut	115.937950134277	41.1463351249695	2.81769809588511
189	mut_M3	mut	112.802001953125	35.5647478103638	3.17173630907215
190	ctrl_M1	ctrl	116.569061279297	131.138590335846	0.888899758497964
190	ctrl_M2	ctrl	105.511329650879	134.234477519989	0.786022574827448
190	ctrl_M3	ctrl	122.396873474121	146.889471530914	0.833258314557701
190	mut_M1	mut	191.412414550781	165.991612672806	1.15314509853027
190	mut_M2	mut	162.68132019043	161.947294235229	1.00453249903721
190	mut_M3	mut	135.436828613281	135.115312814713	1.00237956595645
191	ctrl_M1	ctrl	28.9458999633789	27.4782433509827	1.05341158798434
191	ctrl_M2	ctrl	44.5587997436523	41.1378688812256	1.08315770737429
191	ctrl_M3	ctrl	43.6361770629883	34.3102254867554	1.27181259941976
191	mut_M1	mut	60.6254692077637	34.602680683136	1.75204544881721
191	mut_M2	mut	55.8818359375	38.7302508354187	1.44284725071794
191	mut_M3	mut	51.2861289978027	32.6286883354187	1.57181093124517
192	ctrl_M1	ctrl	29.5205020904541	24.8958582878113	1.18575956487136
192	ctrl_M2	ctrl	43.6525497436523	36.6716299057007	1.19036295512097
192	ctrl_M3	ctrl	37.0532531738281	28.8562107086182	1.28406510293335
192	mut_M1	mut	41.1102905273438	29.9933094978333	1.37064869518029
192	mut_M2	mut	45.1628952026367	32.1707053184509	1.40385157103579
192	mut_M3	mut	48.1578025817871	32.943971157074	1.46180927466743
193	ctrl_M1	ctrl	130.221694946289	182.512949943542	0.713492905498328
193	ctrl_M2	ctrl	178.240997314453	212.687466621399	0.838041846780453
193	ctrl_M3	ctrl	166.05924987793	225.447196006775	0.73657713566302
193	mut_M1	mut	196.869079589844	220.168319702148	0.894175328476755
193	mut_M2	mut	191.988479614258	209.95118522644	0.914443418869919
193	mut_M3	mut	166.692901611328	183.735342025757	0.907244625739779
194	ctrl_M1	ctrl	70.373779296875	37.7107524871826	1.86614624889265
194	ctrl_M2	ctrl	96.063720703125	52.2210521697998	1.8395592718195
194	ctrl_M3	ctrl	111.960136413574	54.0820016860962	2.07019216972433
194	mut_M1	mut	123.687637329102	53.8954162597656	2.29495652715531
194	mut_M2	mut	104.506057739258	48.5944910049438	2.15057418192992
194	mut_M3	mut	112.636817932129	44.4100995063782	2.53628834846344
195	ctrl_M1	ctrl	57.5700073242188	31.8000388145447	1.8103753790982
195	ctrl_M2	ctrl	83.1063232421875	27.4164550304413	3.03125707353165
195	ctrl_M3	ctrl	77.3556594848633	29.6198039054871	2.61161956816781
195	mut_M1	mut	84.1863021850586	28.3640308380127	2.96806552869187
195	mut_M2	mut	118.031211853027	39.2875821590424	3.00428800569142
195	mut_M3	mut	100.704902648926	27.0040576457977	3.72925076556401
196	ctrl_M1	ctrl	78.0266036987305	105.492968082428	0.739637959923202
196	ctrl_M2	ctrl	127.092834472656	159.729070663452	0.795677542884099
196	ctrl_M3	ctrl	85.895866394043	134.23467540741	0.639893277451182
196	mut_M1	mut	135.301025390625	141.940467357635	0.953223755771625
196	mut_M2	mut	142.784927368164	145.902712345123	0.978631069108679
196	mut_M3	mut	122.746383666992	121.557643413544	1.00977923082471
197	ctrl_M1	ctrl	261.815399169922	213.325955867767	1.22730212601139
197	ctrl_M2	ctrl	299.473358154297	220.60487985611	1.35751012556762
197	ctrl_M3	ctrl	335.989013671875	264.849553108215	1.26860328714466
197	mut_M1	mut	417.242706298828	265.238098144531	1.57308738532527
197	mut_M2	mut	337.879364013672	226.141278743744	1.49410742651962
197	mut_M3	mut	349.586761474609	220.746072769165	1.58366016250796
198	ctrl_M1	ctrl	171.593383789062	108.171535491943	1.58630810784638
198	ctrl_M2	ctrl	193.091491699219	139.993117809296	1.37929274467803
198	ctrl_M3	ctrl	207.709930419922	146.793885231018	1.41497672122403
198	mut_M1	mut	230.237442016602	149.166208267212	1.5434959746658
198	mut_M2	mut	212.133834838867	134.7136926651	1.57470135843009
198	mut_M3	mut	206.398590087891	120.280637264252	1.71597519586167
199	ctrl_M1	ctrl	157.34944152832	55.9072952270508	2.81447064983724
199	ctrl_M2	ctrl	205.029006958008	83.1284713745117	2.46641136986999
199	ctrl_M3	ctrl	195.710403442383	91.6090478897095	2.13636543497323
199	mut_M1	mut	219.761138916016	73.7021751403809	2.98174563365919
199	mut_M2	mut	209.772827148438	69.1740083694458	3.03253826246527
199	mut_M3	mut	186.136215209961	69.0188570022583	2.69688927482341
200	ctrl_M1	ctrl	126.144149780273	32.3075284957886	3.90448157607342
200	ctrl_M2	ctrl	146.315536499023	38.2996501922607	3.82028388678572
200	ctrl_M3	ctrl	156.19580078125	47.7315392494202	3.27238139053199
200	mut_M1	mut	188.893447875977	45.633327960968	4.13937480162623
200	mut_M2	mut	165.438919067383	42.0564789772034	3.93373204535403
200	mut_M3	mut	161.095962524414	38.0115399360657	4.2380804038819
201	ctrl_M1	ctrl	142.756271362305	10.3083652257919	13.8485849342166
201	ctrl_M2	ctrl	201.141143798828	14.0057336688042	14.361342901075
201	ctrl_M3	ctrl	148.966369628906	13.0327954292297	11.4301164656361
201	mut_M1	mut	239.758682250977	14.0793242454529	17.0291327958023
201	mut_M2	mut	206.636581420898	15.7592839002609	13.1120539948822
201	mut_M3	mut	159.064056396484	9.34159648418427	17.0275023831084
202	ctrl_M1	ctrl	196.009796142578	56.4799470901489	3.47043165302054
202	ctrl_M2	ctrl	277.442626953125	77.1621532440186	3.59557911863523
202	ctrl_M3	ctrl	266.449188232422	72.4958658218384	3.67537079820844
202	mut_M1	mut	313.881622314453	64.6679625511169	4.85374225400011
202	mut_M2	mut	311.051452636719	80.8675308227539	3.84643192975044
202	mut_M3	mut	263.570007324219	68.1564664840698	3.86713133647888
203	ctrl_M1	ctrl	47.702262878418	31.1427526473999	1.53172917688124
203	ctrl_M2	ctrl	62.2519760131836	34.2897915840149	1.81546673623423
203	ctrl_M3	ctrl	73.4109420776367	36.5241937637329	2.00992642171696
203	mut_M1	mut	88.8547744750977	33.1799154281616	2.67796868462424
203	mut_M2	mut	104.793701171875	41.5446724891663	2.52243416286895
203	mut_M3	mut	90.5697860717773	35.0102853775024	2.58694795244307
204	ctrl_M1	ctrl	78.0322647094727	32.4744567871094	2.40288129285806
204	ctrl_M2	ctrl	68.2774047851562	39.7087907791138	1.71945313482246
204	ctrl_M3	ctrl	95.5099334716797	41.985034942627	2.27485659121625
204	mut_M1	mut	96.5100708007812	38.2317736148834	2.52434197201906
204	mut_M2	mut	84.8835678100586	38.6922550201416	2.19381289009575
204	mut_M3	mut	100.864669799805	36.378858089447	2.77261780872292
205	ctrl_M1	ctrl	64.2131576538086	13.9292359352112	4.6099554887635
205	ctrl_M2	ctrl	91.4338912963867	19.9068093299866	4.59309625067115
205	ctrl_M3	ctrl	105.720031738281	18.1221256256104	5.83375449008458
205	mut_M1	mut	149.723007202148	25.821268081665	5.79843742486306
205	mut_M2	mut	161.644805908203	19.2173082828522	8.41141764127501
205	mut_M3	mut	165.696060180664	21.2567818164825	7.79497393402152
206	ctrl_M1	ctrl	52.4810638427734	25.1035361289978	2.09058451259984
206	ctrl_M2	ctrl	65.6798629760742	32.8180847167969	2.00133138612011
206	ctrl_M3	ctrl	73.469482421875	29.1476469039917	2.52059738008606
206	mut_M1	mut	73.6266632080078	38.7573437690735	1.89968290001232
206	mut_M2	mut	90.2749176025391	35.0313506126404	2.57697508157065
206	mut_M3	mut	73.2970504760742	30.463255405426	2.40608068640684
207	ctrl_M1	ctrl	176.720855712891	20.6896016597748	8.54153011831424
207	ctrl_M2	ctrl	220.278549194336	33.1715412139893	6.64058832157726
207	ctrl_M3	ctrl	235.323501586914	28.968186378479	8.1235151732433
207	mut_M1	mut	300.025451660156	30.7918150424957	9.74367542952865
207	mut_M2	mut	272.328094482422	31.5194170475006	8.64001050755527
207	mut_M3	mut	244.662216186523	28.0466496944427	8.72340257578079
208	ctrl_M1	ctrl	100.080299377441	41.3959503173828	2.41763502492697
208	ctrl_M2	ctrl	143.875106811523	57.7858538627625	2.48979805945616
208	ctrl_M3	ctrl	147.820343017578	61.3322043418884	2.41015865325128
208	mut_M1	mut	174.847473144531	61.0229058265686	2.86527609225067
208	mut_M2	mut	178.136962890625	60.4863171577454	2.9450786766543
208	mut_M3	mut	159.143600463867	51.5929627418518	3.08459898417059
209	ctrl_M1	ctrl	152.127166748047	94.5103206634521	1.6096354946225
209	ctrl_M2	ctrl	194.805953979492	131.349290847778	1.48311386169001
209	ctrl_M3	ctrl	196.561019897461	123.254584312439	1.59475625993105
209	mut_M1	mut	271.472473144531	127.603302001953	2.12747216479066
209	mut_M2	mut	224.895172119141	117.792433738708	1.9092497283655
209	mut_M3	mut	239.848541259766	107.500567436218	2.23113744401462
210	ctrl_M1	ctrl	127.375907897949	39.405366897583	3.23245075293949
210	ctrl_M2	ctrl	165.064300537109	59.5334815979004	2.77262972207778
210	ctrl_M3	ctrl	213.564712524414	59.1266899108887	3.61198492332791
210	mut_M1	mut	215.678146362305	55.9631099700928	3.85393425200217
210	mut_M2	mut	186.581253051758	56.4613399505615	3.30458422019618
210	mut_M3	mut	175.366638183594	43.1875476837158	4.06058337620585
211	ctrl_M1	ctrl	96.6135940551758	151.697292327881	0.636884103681651
211	ctrl_M2	ctrl	138.655364990234	180.83703327179	0.766742090829603
211	ctrl_M3	ctrl	146.652755737305	182.417326927185	0.803940931531376
211	mut_M1	mut	155.539443969727	185.745872020721	0.837377661627791
211	mut_M2	mut	165.399856567383	178.529646396637	0.926455969110677
211	mut_M3	mut	155.260726928711	148.481217384338	1.0456590379834
212	ctrl_M1	ctrl	109.579452514648	34.5832419395447	3.16857085597138
212	ctrl_M2	ctrl	131.312393188477	41.6182594299316	3.15516302188355
212	ctrl_M3	ctrl	118.630043029785	42.2351808547974	2.80879685202793
212	mut_M1	mut	187.345428466797	49.1925435066223	3.80841109469317
212	mut_M2	mut	160.570404052734	42.6633229255676	3.76366379929835
212	mut_M3	mut	147.145156860352	38.5992279052734	3.81212694775816
213	ctrl_M1	ctrl	61.605110168457	28.1848812103271	2.18575021511478
213	ctrl_M2	ctrl	71.8379135131836	34.7792887687683	2.06553716468445
213	ctrl_M3	ctrl	83.6980361938477	39.1696684360504	2.13680736998057
213	mut_M1	mut	116.526466369629	46.2781014442444	2.51796125452595
213	mut_M2	mut	89.4159545898438	43.8831391334534	2.03759248667057
213	mut_M3	mut	66.1718902587891	37.476580619812	1.76568644108922
214	ctrl_M1	ctrl	127.633804321289	38.444465637207	3.31995261751703
214	ctrl_M2	ctrl	168.889007568359	57.7173080444336	2.92614145202927
214	ctrl_M3	ctrl	197.053436279297	62.5964241027832	3.14799829389192
214	mut_M1	mut	219.267608642578	54.8292880058289	3.99909640663705
214	mut_M2	mut	239.376449584961	58.6884961128235	4.07876271228318
214	mut_M3	mut	214.506698608398	56.0192685127258	3.8291592215216
215	ctrl_M1	ctrl	68.9458312988281	19.5535600185394	3.5259989093269
215	ctrl_M2	ctrl	95.9933547973633	24.7602820396423	3.87690877848942
215	ctrl_M3	ctrl	85.4516677856445	20.7366557121277	4.12080274524058
215	mut_M1	mut	120.696571350098	33.1888823509216	3.636656699491
215	mut_M2	mut	107.256103515625	28.6393837928772	3.74505625858823
215	mut_M3	mut	100.661209106445	27.8015966415405	3.62069885425356
216	ctrl_M1	ctrl	54.39501953125	16.1075677871704	3.37698529349511
216	ctrl_M2	ctrl	60.7134056091309	18.7806708812714	3.23276021357022
216	ctrl_M3	ctrl	67.414421081543	17.5465977191925	3.84202237723869
216	mut_M1	mut	99.7994766235352	25.8628425598145	3.85879767054697
216	mut_M2	mut	63.9444541931152	17.9813189506531	3.55616038893481
216	mut_M3	mut	77.5123062133789	18.6257741451263	4.1615615871548
217	ctrl_M1	ctrl	208.48356628418	137.425683498383	1.51706406675164
217	ctrl_M2	ctrl	266.041198730469	184.940021514893	1.43852691565219
217	ctrl_M3	ctrl	246.70458984375	187.209544181824	1.31779921222469
217	mut_M1	mut	293.483154296875	166.062870979309	1.7673014597793
217	mut_M2	mut	295.644287109375	159.710915565491	1.85112135925452
217	mut_M3	mut	272.832183837891	155.279563426971	1.75703858135977
218	ctrl_M1	ctrl	179.19889831543	131.707699298859	1.36058027943232
218	ctrl_M2	ctrl	228.533096313477	168.408500671387	1.35701639407983
218	ctrl_M3	ctrl	240.736587524414	179.90753364563	1.33811287746627
218	mut_M1	mut	252.961395263672	172.692042350769	1.46481211189721
218	mut_M2	mut	267.100616455078	174.390429496765	1.53162428251278
218	mut_M3	mut	257.924163818359	163.756338119507	1.57504843342387
219	ctrl_M1	ctrl	186.608871459961	29.4198752641678	6.3429525035153
219	ctrl_M2	ctrl	248.331481933594	35.4219162464142	7.01067328503812
219	ctrl_M3	ctrl	265.042907714844	39.855563223362	6.65008561614015
219	mut_M1	mut	290.046051025391	47.7570604085922	6.07336482907158
219	mut_M2	mut	296.676239013672	44.3437269926071	6.6903767259602
219	mut_M3	mut	275.606689453125	44.3979182243347	6.20764892760363
220	ctrl_M1	ctrl	112.323799133301	60.5906038284302	1.85381547692377
220	ctrl_M2	ctrl	139.204742431641	95.8924789428711	1.45167529264285
220	ctrl_M3	ctrl	130.848434448242	91.8246793746948	1.42498111988291
220	mut_M1	mut	172.438659667969	78.3855257034302	2.19987884396395
220	mut_M2	mut	150.453506469727	77.6274881362915	1.93814729913164
220	mut_M3	mut	169.103881835938	69.3997135162354	2.4366654164412
221	ctrl_M1	ctrl	138.68620300293	34.6076822280884	4.0073820052118
221	ctrl_M2	ctrl	201.957702636719	46.7611598968506	4.31891987029862
221	ctrl_M3	ctrl	193.48063659668	39.3790493011475	4.91328866568249
221	mut_M1	mut	225.078765869141	38.693977355957	5.81689402974981
221	mut_M2	mut	215.221893310547	43.7686285972595	4.91726380762185
221	mut_M3	mut	199.707611083984	37.0329151153564	5.39270566364816
222	ctrl_M1	ctrl	130.954025268555	55.5550365447998	2.35719447620114
222	ctrl_M2	ctrl	155.620452880859	73.51784324646	2.11677119470385
222	ctrl_M3	ctrl	156.001525878906	77.900908946991	2.0025636155935
222	mut_M1	mut	196.248397827148	81.5441279411316	2.40665272634744
222	mut_M2	mut	220.925643920898	77.4935917854309	2.85088920039493
222	mut_M3	mut	205.311492919922	65.0074009895325	3.1582787466458
223	ctrl_M1	ctrl	228.919342041016	125.017483234406	1.83109862811585
223	ctrl_M2	ctrl	310.161193847656	187.94261264801	1.65029734064911
223	ctrl_M3	ctrl	322.973419189453	184.998430252075	1.74581707936319
223	mut_M1	mut	381.471435546875	170.387845039368	2.23884183439691
223	mut_M2	mut	412.624481201172	180.091465950012	2.29119397204365
223	mut_M3	mut	386.519775390625	149.410461425781	2.58696594403215
224	ctrl_M1	ctrl	232.044555664062	152.748856544495	1.51912466589542
224	ctrl_M2	ctrl	304.527313232422	203.080572128296	1.49953937021626
224	ctrl_M3	ctrl	304.230987548828	217.777810096741	1.3969788171425
224	mut_M1	mut	373.647094726562	200.77178478241	1.86105380858924
224	mut_M2	mut	349.715698242188	205.788135528564	1.69939679634079
224	mut_M3	mut	369.09521484375	178.675553321838	2.06572867961919
225	ctrl_M1	ctrl	189.432968139648	43.3888902664185	4.36593254578496
225	ctrl_M2	ctrl	275.778228759766	67.2343354225159	4.10174692776708
225	ctrl_M3	ctrl	293.815216064453	65.6135101318359	4.47796826406781
225	mut_M1	mut	272.318725585938	55.5328803062439	4.90373854343945
225	mut_M2	mut	312.443572998047	54.8454055786133	5.69680485907251
225	mut_M3	mut	256.765197753906	62.6267275810242	4.09992997672939
226	ctrl_M1	ctrl	139.75798034668	34.2935953140259	4.07533765611095
226	ctrl_M2	ctrl	157.013946533203	52.8583860397339	2.97046425926011
226	ctrl_M3	ctrl	167.028198242188	47.203492641449	3.53847117862464
226	mut_M1	mut	213.809875488281	47.7545657157898	4.47726562441727
226	mut_M2	mut	194.914047241211	41.3622117042542	4.71237004043388
226	mut_M3	mut	180.090759277344	37.1473007202148	4.84801737369148
227	ctrl_M1	ctrl	110.268760681152	26.1540374755859	4.21612765463402
227	ctrl_M2	ctrl	135.214050292969	44.8429055213928	3.01528299116263
227	ctrl_M3	ctrl	140.856430053711	45.0692272186279	3.12533492909531
227	mut_M1	mut	187.653274536133	42.1139812469482	4.45584266744505
227	mut_M2	mut	215.984985351562	38.170642375946	5.65840582991261
227	mut_M3	mut	189.422485351562	38.4726929664612	4.92355670336602
228	ctrl_M1	ctrl	181.163757324219	65.3242163658142	2.77330165446923
228	ctrl_M2	ctrl	224.594482421875	93.9561557769775	2.39041796212897
228	ctrl_M3	ctrl	223.524642944336	91.5636773109436	2.44119338048495
228	mut_M1	mut	243.415496826172	84.6595854759216	2.87522665576248
228	mut_M2	mut	244.603073120117	85.8302488327026	2.84984695310495
228	mut_M3	mut	247.014541625977	88.4456052780151	2.79284132715836
229	ctrl_M1	ctrl	163.639495849609	242.671070098877	0.674326345463982
229	ctrl_M2	ctrl	197.230697631836	258.759899139404	0.762215081578695
229	ctrl_M3	ctrl	231.235214233398	278.472348213196	0.830370468440073
229	mut_M1	mut	222.920059204102	263.986054420471	0.844438770424741
229	mut_M2	mut	205.645217895508	257.069930076599	0.799958275299766
229	mut_M3	mut	202.078979492188	235.596983909607	0.857731606486611
230	ctrl_M1	ctrl	109.662040710449	112.998729705811	0.970471446855657
230	ctrl_M2	ctrl	148.59065246582	158.067289352417	0.94004681850735
230	ctrl_M3	ctrl	173.152221679688	160.241499900818	1.08057040022005
230	mut_M1	mut	186.061004638672	139.531344413757	1.33347102344932
230	mut_M2	mut	166.915466308594	148.726786613464	1.12229592334568
230	mut_M3	mut	149.762008666992	135.882969856262	1.10213964873899
231	ctrl_M1	ctrl	75.7489929199219	33.3417437076569	2.27189656258219
231	ctrl_M2	ctrl	103.057579040527	46.4370951652527	2.21929426622796
231	ctrl_M3	ctrl	108.345443725586	43.6308517456055	2.48323008584169
231	mut_M1	mut	105.249809265137	40.752302646637	2.58267146712561
231	mut_M2	mut	117.411811828613	48.387891292572	2.42647093502579
231	mut_M3	mut	107.064903259277	45.6132283210754	2.34723362498349
232	ctrl_M1	ctrl	108.09196472168	117.643881797791	0.918806512245754
232	ctrl_M2	ctrl	147.072494506836	163.073373794556	0.90187926504864
232	ctrl_M3	ctrl	135.888610839844	166.445321559906	0.816415923056963
232	mut_M1	mut	188.723373413086	160.491249084473	1.17591067730898
232	mut_M2	mut	178.533157348633	156.253101348877	1.14258952819125
232	mut_M3	mut	171.028961181641	136.173076629639	1.25596751879817
233	ctrl_M1	ctrl	58.3727989196777	42.3995366096497	1.37673200198119
233	ctrl_M2	ctrl	63.2264785766602	56.6406345367432	1.11627419243767
233	ctrl_M3	ctrl	59.7163619995117	53.2606115341187	1.12121059596279
233	mut_M1	mut	77.2141647338867	50.8541097640991	1.51834660152475
233	mut_M2	mut	59.5371475219727	51.5945501327515	1.1539425650342
233	mut_M3	mut	63.037956237793	45.7880220413208	1.37673464428984
234	ctrl_M1	ctrl	45.8117752075195	20.8069940805435	2.20174884609391
234	ctrl_M2	ctrl	61.102653503418	28.5781226158142	2.13809193573848
234	ctrl_M3	ctrl	65.7232360839844	25.4529451131821	2.58214661571506
234	mut_M1	mut	92.3170623779297	31.7640085220337	2.90634169531507
234	mut_M2	mut	98.8550109863281	28.9341056346893	3.41655664890537
234	mut_M3	mut	88.5574111938477	25.8752971887589	3.42246933620999
235	ctrl_M1	ctrl	115.294219970703	26.3845763206482	4.3697582469981
235	ctrl_M2	ctrl	156.444763183594	31.7937111854553	4.92061974995742
235	ctrl_M3	ctrl	178.449752807617	32.5608081817627	5.48050748038763
235	mut_M1	mut	201.801254272461	36.9161019325256	5.46648328800555
235	mut_M2	mut	219.618423461914	33.5270609855652	6.55048241647155
235	mut_M3	mut	193.56169128418	34.9017124176025	5.54590814823623
236	ctrl_M1	ctrl	114.446578979492	34.8949761390686	3.27974372366334
236	ctrl_M2	ctrl	137.299179077148	61.6343202590942	2.22764165322144
236	ctrl_M3	ctrl	162.969573974609	51.201150894165	3.18292794455879
236	mut_M1	mut	186.028335571289	53.3472995758057	3.4871181306365
236	mut_M2	mut	187.770950317383	50.7980051040649	3.69642370665373
236	mut_M3	mut	150.920547485352	41.8416509628296	3.60694532869707
237	ctrl_M1	ctrl	200.113418579102	266.738318443298	0.750223738932509
237	ctrl_M2	ctrl	308.918334960938	317.266830444336	0.97368620138542
237	ctrl_M3	ctrl	292.743560791016	332.810419082642	0.879610565071652
237	mut_M1	mut	297.883605957031	311.635702133179	0.955871242986561
237	mut_M2	mut	311.020141601562	299.708698272705	1.03774145826947
237	mut_M3	mut	271.819366455078	283.720035552979	0.958054886484468
238	ctrl_M1	ctrl	206.592193603516	124.901044845581	1.65404696060735
238	ctrl_M2	ctrl	295.912414550781	176.210321426392	1.67931374368665
238	ctrl_M3	ctrl	292.584106445312	167.293744087219	1.74892437276538
238	mut_M1	mut	361.253112792969	180.105311393738	2.00578822466381
238	mut_M2	mut	319.12060546875	169.736757278442	1.88009132839302
238	mut_M3	mut	288.506896972656	154.461799621582	1.86782037810949
239	ctrl_M1	ctrl	105.765762329102	172.779272079468	0.61214381248496
239	ctrl_M2	ctrl	176.296676635742	234.367887496948	0.752221981085347
239	ctrl_M3	ctrl	161.096664428711	235.25877571106	0.684763677536802
239	mut_M1	mut	225.209777832031	211.389234542847	1.06537959853572
239	mut_M2	mut	209.735900878906	208.078683853149	1.00796437672071
239	mut_M3	mut	165.136306762695	197.154150009155	0.837599952905008
240	ctrl_M1	ctrl	91.0833511352539	24.8888418674469	3.65960584346777
240	ctrl_M2	ctrl	109.030143737793	37.2976989746094	2.92324048762407
240	ctrl_M3	ctrl	107.434913635254	33.2086219787598	3.23515121175366
240	mut_M1	mut	124.830902099609	31.9754433631897	3.90396157081329
240	mut_M2	mut	127.333160400391	30.0279700756073	4.24048512369564
240	mut_M3	mut	115.499183654785	28.8214161396027	4.0074083485468
241	ctrl_M1	ctrl	112.945281982422	191.861099720001	0.588682552884625
241	ctrl_M2	ctrl	177.999130249023	211.02553653717	0.843495688578289
241	ctrl_M3	ctrl	188.363784790039	228.383755683899	0.824768750413008
241	mut_M1	mut	216.183883666992	205.30365896225	1.0529957661726
241	mut_M2	mut	239.77571105957	217.78148651123	1.1009921683458
241	mut_M3	mut	222.94270324707	196.302178859711	1.13571181197331
242	ctrl_M1	ctrl	140.342758178711	39.8724498748779	3.51979270446423
242	ctrl_M2	ctrl	175.546768188477	67.5044994354248	2.60051951583473
242	ctrl_M3	ctrl	157.531631469727	63.4098377227783	2.48434055545828
242	mut_M1	mut	194.824111938477	60.0822014808655	3.24262605458162
242	mut_M2	mut	206.880096435547	69.8055477142334	2.96366267739153
242	mut_M3	mut	169.912872314453	57.9201383590698	2.93357158888496
243	ctrl_M1	ctrl	114.590560913086	34.5414838790894	3.31747649620972
243	ctrl_M2	ctrl	170.971481323242	49.8134589195251	3.43223468178451
243	ctrl_M3	ctrl	174.050979614258	42.4015693664551	4.10482400097091
243	mut_M1	mut	182.105194091797	47.043609380722	3.87098686705833
243	mut_M2	mut	206.898361206055	47.1235191822052	4.39055411812672
243	mut_M3	mut	170.237426757812	39.6971310377121	4.28840629807952
244	ctrl_M1	ctrl	144.818603515625	35.8850512504578	4.03562482062159
244	ctrl_M2	ctrl	231.462707519531	44.4590420722961	5.2062009600464
244	ctrl_M3	ctrl	223.309158325195	50.7635817527771	4.39900319510017
244	mut_M1	mut	224.014511108398	34.9971733093262	6.40093155891257
244	mut_M2	mut	243.852325439453	49.8982310295105	4.88699339452005
244	mut_M3	mut	239.541076660156	44.0259032249451	5.44091226104436
245	ctrl_M1	ctrl	63.5390319824219	71.0045118331909	0.894859077852581
245	ctrl_M2	ctrl	104.310173034668	92.6971731185913	1.12527890037401
245	ctrl_M3	ctrl	99.4444427490234	100.73078250885	0.987229923884353
245	mut_M1	mut	129.704132080078	87.6948499679565	1.47903932930465
245	mut_M2	mut	123.893188476562	92.4589557647705	1.33998039943005
245	mut_M3	mut	104.780754089355	79.7609090805054	1.31368555470696
246	ctrl_M1	ctrl	165.726867675781	36.9620938301086	4.48369804041737
246	ctrl_M2	ctrl	208.493133544922	52.6649556159973	3.95885900037844
246	ctrl_M3	ctrl	211.389755249023	53.226263999939	3.97153095789826
246	mut_M1	mut	293.958282470703	55.4892988204956	5.29756707543989
246	mut_M2	mut	227.898162841797	56.7633652687073	4.01488110796407
246	mut_M3	mut	238.91096496582	42.112268447876	5.67319153708212
247	ctrl_M1	ctrl	173.045013427734	56.1114873886108	3.08394985556662
247	ctrl_M2	ctrl	237.544418334961	77.8686780929565	3.05057725586904
247	ctrl_M3	ctrl	242.049331665039	81.5552678108215	2.9679178079153
247	mut_M1	mut	302.216064453125	80.4439430236816	3.75685294745133
247	mut_M2	mut	267.290374755859	74.4931974411011	3.58811789448554
247	mut_M3	mut	253.828857421875	62.0696039199829	4.08942286387229
248	ctrl_M1	ctrl	173.518402099609	105.1390376091	1.65037084270011
248	ctrl_M2	ctrl	216.198486328125	127.324789524078	1.69800780457791
248	ctrl_M3	ctrl	222.542541503906	142.860879421234	1.55775704591406
248	mut_M1	mut	269.141357421875	148.144293308258	1.81675143477749
248	mut_M2	mut	220.275451660156	129.521578788757	1.70068535081257
248	mut_M3	mut	199.852203369141	110.327749609947	1.81144094822652
249	ctrl_M1	ctrl	110.397506713867	61.0326189994812	1.80882794354287
249	ctrl_M2	ctrl	135.89421081543	72.1948890686035	1.88232453250667
249	ctrl_M3	ctrl	147.561004638672	75.0756340026855	1.96549794882043
249	mut_M1	mut	154.239303588867	72.6649980545044	2.12260796419723
249	mut_M2	mut	161.287353515625	65.1561088562012	2.4753987975492
249	mut_M3	mut	145.023880004883	61.2063970565796	2.36942357301022
250	ctrl_M1	ctrl	143.694381713867	176.077679157257	0.816085164238972
250	ctrl_M2	ctrl	199.565643310547	191.789477348328	1.04054532120183
250	ctrl_M3	ctrl	214.0380859375	205.97118139267	1.0391652098623
250	mut_M1	mut	220.813735961914	196.196970939636	1.12546964871263
250	mut_M2	mut	224.460571289062	185.37086725235	1.21087296302875
250	mut_M3	mut	195.132766723633	171.749072551727	1.13615033737584
251	ctrl_M1	ctrl	170.313919067383	62.3082203865051	2.73341010240552
251	ctrl_M2	ctrl	202.670532226562	78.5903959274292	2.57882060313972
251	ctrl_M3	ctrl	198.886642456055	87.1135997772217	2.28307225237705
251	mut_M1	mut	226.638153076172	79.9078702926636	2.83624319164191
251	mut_M2	mut	269.883575439453	77.1358289718628	3.4988095549981
251	mut_M3	mut	182.897598266602	71.2043542861938	2.56862940616631
252	ctrl_M1	ctrl	84.7902374267578	18.7467818260193	4.52292229213841
252	ctrl_M2	ctrl	116.371292114258	27.5937750339508	4.21730234341177
252	ctrl_M3	ctrl	146.869522094727	30.6662178039551	4.78929364663237
252	mut_M1	mut	133.956909179688	33.8084712028503	3.96222912227968
252	mut_M2	mut	148.607940673828	28.1567339897156	5.27788275188834
252	mut_M3	mut	112.720489501953	23.2885644435883	4.84016478452312
253	ctrl_M1	ctrl	120.972961425781	23.9108805656433	5.05932690741649
253	ctrl_M2	ctrl	122.923454284668	28.8002595901489	4.26813702494243
253	ctrl_M3	ctrl	145.861343383789	32.6540837287903	4.46686376488913
253	mut_M1	mut	181.499649047852	27.4213809967041	6.61890985977938
253	mut_M2	mut	181.763259887695	27.1881127357483	6.68539451981542
253	mut_M3	mut	164.507553100586	23.4865598678589	7.00432732703919
254	ctrl_M1	ctrl	112.237510681152	97.5598030090332	1.15044831190116
254	ctrl_M2	ctrl	145.859359741211	121.586380958557	1.19963567129223
254	ctrl_M3	ctrl	148.690231323242	130.752089500427	1.1371920088723
254	mut_M1	mut	174.146133422852	132.512638092041	1.3141850915525
254	mut_M2	mut	152.154510498047	124.235950469971	1.22472207056382
254	mut_M3	mut	136.736511230469	107.136565208435	1.27628238747851
255	ctrl_M1	ctrl	117.776885986328	25.526584148407	4.61389135740193
255	ctrl_M2	ctrl	152.595306396484	46.336085319519	3.29322827649844
255	ctrl_M3	ctrl	150.855606079102	40.8478450775146	3.69311051275364
255	mut_M1	mut	160.587326049805	40.0867052078247	4.00599962549327
255	mut_M2	mut	151.187576293945	40.3223567008972	3.74947271597796
255	mut_M3	mut	157.720489501953	31.9377927780151	4.93836535912784
256	ctrl_M1	ctrl	94.565185546875	40.6601204872131	2.32574779449102
256	ctrl_M2	ctrl	141.299163818359	48.166464805603	2.93355894788281
256	ctrl_M3	ctrl	134.328170776367	63.0127191543579	2.13176280247981
256	mut_M1	mut	143.975448608398	51.1007099151611	2.81748431376845
256	mut_M2	mut	148.98469543457	49.6440992355347	3.00105546739236
256	mut_M3	mut	140.588012695312	42.3309693336487	3.32116213987946
257	ctrl_M1	ctrl	145.859924316406	37.9585528373718	3.84261025285455
257	ctrl_M2	ctrl	168.848770141602	55.4343485832214	3.04592323093895
257	ctrl_M3	ctrl	177.006805419922	47.3796315193176	3.73592617215169
257	mut_M1	mut	226.937362670898	51.1842927932739	4.43373055064893
257	mut_M2	mut	208.842880249023	47.1003179550171	4.43400149545652
257	mut_M3	mut	211.113189697266	43.4443082809448	4.85939811337409
258	ctrl_M1	ctrl	127.046951293945	52.9665510654449	2.39862609020866
258	ctrl_M2	ctrl	152.723434448242	76.1771392822266	2.00484601925548
258	ctrl_M3	ctrl	141.440246582031	75.2086629867554	1.8806376947153
258	mut_M1	mut	191.490142822266	72.0006437301636	2.6595615386428
258	mut_M2	mut	186.230651855469	66.0883278846741	2.81790533693705
258	mut_M3	mut	164.443878173828	63.8513245582581	2.5754184319824
259	ctrl_M1	ctrl	115.109344482422	20.6467363834381	5.57518352269744
259	ctrl_M2	ctrl	150.436325073242	26.6810631752014	5.63831823662351
259	ctrl_M3	ctrl	158.483825683594	26.7441785335541	5.92591862504788
259	mut_M1	mut	177.090545654297	34.6297473907471	5.1138272438457
259	mut_M2	mut	164.25732421875	29.1032800674438	5.64394541914522
259	mut_M3	mut	150.346160888672	27.6634297370911	5.43483444813381
260	ctrl_M1	ctrl	158.362411499023	51.949423789978	3.04839591944761
260	ctrl_M2	ctrl	203.851867675781	69.6996026039124	2.92472065922997
260	ctrl_M3	ctrl	201.89631652832	76.0815124511719	2.65368431861676
260	mut_M1	mut	219.497955322266	69.8180999755859	3.1438546078885
260	mut_M2	mut	226.645553588867	65.2154960632324	3.47533281613182
260	mut_M3	mut	210.304870605469	55.8465433120728	3.76576343195096
261	ctrl_M1	ctrl	92.3905487060547	88.8168306350708	1.04023694659481
261	ctrl_M2	ctrl	133.394943237305	113.007315635681	1.1804098034445
261	ctrl_M3	ctrl	122.337844848633	111.879925012589	1.09347449808236
261	mut_M1	mut	147.989196777344	116.30153465271	1.27246125529862
261	mut_M2	mut	159.024215698242	104.792671203613	1.51751275992628
261	mut_M3	mut	142.382064819336	98.0421049594879	1.45225426237197
262	ctrl_M1	ctrl	103.869499206543	36.1250929832458	2.87527285409939
262	ctrl_M2	ctrl	132.034927368164	57.9983310699463	2.27652977132961
262	ctrl_M3	ctrl	122.302841186523	51.7321853637695	2.36415377248257
262	mut_M1	mut	145.021667480469	52.6208162307739	2.75597525596071
262	mut_M2	mut	137.979888916016	51.870171546936	2.66010087880972
262	mut_M3	mut	130.794998168945	43.6006164550781	2.99984286469215
263	ctrl_M1	ctrl	97.6409530639648	151.905341625214	0.64277498091455
263	ctrl_M2	ctrl	131.971557617188	163.551309585571	0.806912264729614
263	ctrl_M3	ctrl	125.679313659668	173.681106090546	0.723621103576731
263	mut_M1	mut	200.24755859375	194.881992340088	1.02753238608264
263	mut_M2	mut	192.533813476562	178.264440536499	1.0800460983532
263	mut_M3	mut	184.197174072266	153.565971374512	1.19946608238521
264	ctrl_M1	ctrl	77.7048416137695	33.7134771347046	2.30485990226681
264	ctrl_M2	ctrl	101.45401763916	39.6890254020691	2.55622345500757
264	ctrl_M3	ctrl	122.684150695801	39.6450219154358	3.09456634826663
264	mut_M1	mut	123.393135070801	42.1339797973633	2.92858960070329
264	mut_M2	mut	135.307556152344	44.2008891105652	3.06119534867007
264	mut_M3	mut	131.361068725586	42.2920942306519	3.10604312969633
265	ctrl_M1	ctrl	298.269866943359	124.660949468613	2.39264876623179
265	ctrl_M2	ctrl	400.891235351562	157.954386472702	2.53801900854995
265	ctrl_M3	ctrl	385.171813964844	161.919504404068	2.3787857761944
265	mut_M1	mut	479.67333984375	176.384169340134	2.71948067470138
265	mut_M2	mut	408.448944091797	151.688160657883	2.69268835695761
265	mut_M3	mut	400.693115234375	137.250673294067	2.91942549801462
266	ctrl_M1	ctrl	202.48567199707	98.1790537834167	2.06241213572657
266	ctrl_M2	ctrl	230.693695068359	123.997520446777	1.86047022744603
266	ctrl_M3	ctrl	274.892578125	134.522834777832	2.04346406005339
266	mut_M1	mut	345.842864990234	148.415993690491	2.33022638861591
266	mut_M2	mut	300.182342529297	135.068325042725	2.22244810124316
266	mut_M3	mut	286.24609375	128.259991645813	2.23176448147963
267	ctrl_M1	ctrl	161.489685058594	49.8780326843262	3.23769155212372
267	ctrl_M2	ctrl	208.882736206055	71.2889680862427	2.93008500211921
267	ctrl_M3	ctrl	223.995620727539	65.8264780044556	3.40281946593554
267	mut_M1	mut	293.520721435547	72.7168245315552	4.03648981272793
267	mut_M2	mut	237.334457397461	68.4649066925049	3.46651253704904
267	mut_M3	mut	229.363784790039	63.9842834472656	3.58468943360248
268	ctrl_M1	ctrl	77.3872833251953	20.2672917842865	3.81833370481174
268	ctrl_M2	ctrl	103.678070068359	27.578378200531	3.75939692009747
268	ctrl_M3	ctrl	123.102569580078	30.3740844726562	4.05288164951602
268	mut_M1	mut	138.458084106445	32.3916616439819	4.2744977280957
268	mut_M2	mut	147.812194824219	28.6651377677917	5.15651437022923
268	mut_M3	mut	125.44310760498	25.9048376083374	4.84245875236087
269	ctrl_M1	ctrl	161.009826660156	264.177192687988	0.609476635821171
269	ctrl_M2	ctrl	209.754272460938	292.850786209106	0.716249647734137
269	ctrl_M3	ctrl	217.960876464844	323.066150665283	0.674663303524686
269	mut_M1	mut	275.070220947266	356.414106369019	0.771771419906898
269	mut_M2	mut	231.224746704102	317.618843078613	0.727994423954474
269	mut_M3	mut	246.098815917969	296.978345870972	0.828675960182267
270	ctrl_M1	ctrl	100.467468261719	30.5062413215637	3.29334142488088
270	ctrl_M2	ctrl	115.49951171875	33.8114681243896	3.41598629476356
270	ctrl_M3	ctrl	110.9443359375	33.2377409934998	3.33790241518511
270	mut_M1	mut	126.66153717041	41.9719214439392	3.01776837497394
270	mut_M2	mut	136.010894775391	38.2491312026978	3.55592115425089
270	mut_M3	mut	122.287445068359	37.1396794319153	3.29263598767829
271	ctrl_M1	ctrl	224.880828857422	49.754136800766	4.51984183260837
271	ctrl_M2	ctrl	272.617370605469	65.5825600624084	4.1568577125694
271	ctrl_M3	ctrl	300.173736572266	62.9653615951538	4.76728361384283
271	mut_M1	mut	354.723846435547	58.8150186538696	6.03117799763222
271	mut_M2	mut	343.047790527344	57.5064425468445	5.96538014410992
271	mut_M3	mut	297.137969970703	55.8757834434509	5.31783093961307
272	ctrl_M1	ctrl	64.1943283081055	25.9519023895264	2.47358853869661
272	ctrl_M2	ctrl	86.876106262207	41.2342772483826	2.10689048188943
272	ctrl_M3	ctrl	96.4686965942383	37.5133366584778	2.57158400684246
272	mut_M1	mut	117.375427246094	33.696878194809	3.48327303697158
272	mut_M2	mut	120.621879577637	37.0670418739319	3.25415445850472
272	mut_M3	mut	114.41609954834	30.7060027122498	3.72618020719105
273	ctrl_M1	ctrl	85.9431610107422	41.4262526035309	2.07460621247255
273	ctrl_M2	ctrl	118.560470581055	60.9999899864197	1.94361459087861
273	ctrl_M3	ctrl	117.031326293945	60.2197425365448	1.94340462719388
273	mut_M1	mut	140.948776245117	58.604353427887	2.40509054363266
273	mut_M2	mut	129.74919128418	52.5965156555176	2.46687807485149
273	mut_M3	mut	131.743377685547	46.5251976251602	2.83165648745792
274	ctrl_M1	ctrl	103.197952270508	33.9358086585999	3.04097519256716
274	ctrl_M2	ctrl	151.691345214844	54.9171543121338	2.76218509707682
274	ctrl_M3	ctrl	145.50212097168	42.7384977340698	3.40447438927386
274	mut_M1	mut	170.041519165039	38.583505153656	4.407103981037
274	mut_M2	mut	174.646255493164	44.1554222106934	3.95526181721956
274	mut_M3	mut	146.647583007812	39.4888806343079	3.7136424393961
275	ctrl_M1	ctrl	140.772216796875	125.132205486298	1.12498789779814
275	ctrl_M2	ctrl	183.169525146484	155.116975784302	1.18084770683765
275	ctrl_M3	ctrl	199.93896484375	162.212051391602	1.23257774701998
275	mut_M1	mut	287.078918457031	180.604465484619	1.58954496328043
275	mut_M2	mut	222.893905639648	160.120443344116	1.39203902377803
275	mut_M3	mut	238.519805908203	150.456520080566	1.58530720888985
276	ctrl_M1	ctrl	177.379013061523	149.509662628174	1.18640501184636
276	ctrl_M2	ctrl	216.583755493164	201.359922409058	1.07560508020648
276	ctrl_M3	ctrl	212.830352783203	203.073070526123	1.0480481347517
276	mut_M1	mut	274.783752441406	205.809448242188	1.33513672374289
276	mut_M2	mut	249.498611450195	191.996532440186	1.2994954037929
276	mut_M3	mut	232.462783813477	183.960414886475	1.26365655326954
277	ctrl_M1	ctrl	79.8862228393555	154.724869251251	0.516311458047714
277	ctrl_M2	ctrl	102.049453735352	206.001887321472	0.495381159183752
277	ctrl_M3	ctrl	99.6222229003906	203.720509529114	0.489014204464051
277	mut_M1	mut	134.468170166016	218.402641296387	0.615689303791585
277	mut_M2	mut	121.959777832031	204.100434303284	0.597547860436224
277	mut_M3	mut	106.82054901123	179.849049568176	0.593945585298951
278	ctrl_M1	ctrl	67.3899002075195	45.4125518798828	1.48394876345569
278	ctrl_M2	ctrl	96.1858673095703	70.9443960189819	1.35579232056377
278	ctrl_M3	ctrl	97.0934143066406	70.3405284881592	1.38033387569707
278	mut_M1	mut	118.470344543457	68.9132032394409	1.71912404262835
278	mut_M2	mut	97.636360168457	61.571026802063	1.58575169588021
278	mut_M3	mut	105.755058288574	64.0169486999512	1.65198530133403
279	ctrl_M1	ctrl	71.6384429931641	42.9320688247681	1.66864642106031
279	ctrl_M2	ctrl	111.372253417969	58.4576501846313	1.90517841661807
279	ctrl_M3	ctrl	105.770401000977	51.4363851547241	2.05633425993705
279	mut_M1	mut	113.438201904297	69.8071365356445	1.62502299240385
279	mut_M2	mut	107.60774230957	58.1586017608643	1.85024637889388
279	mut_M3	mut	92.4832534790039	51.5452604293823	1.79421449632032
280	ctrl_M1	ctrl	138.041442871094	49.455629825592	2.79121797372522
280	ctrl_M2	ctrl	171.20198059082	73.2478408813477	2.33729729819813
280	ctrl_M3	ctrl	169.683334350586	75.1017503738403	2.25937922226764
280	mut_M1	mut	221.146499633789	65.2389140129089	3.3897943118739
280	mut_M2	mut	175.973556518555	63.7865133285522	2.7587893950583
280	mut_M3	mut	172.4638671875	56.3615803718567	3.05995442373396
281	ctrl_M1	ctrl	177.576049804688	37.6290185451508	4.71912520364079
281	ctrl_M2	ctrl	177.594863891602	54.9604744911194	3.23131969903749
281	ctrl_M3	ctrl	217.734390258789	52.2352204322815	4.16834443229857
281	mut_M1	mut	233.14274597168	47.8606352806091	4.87128398118314
281	mut_M2	mut	227.191802978516	53.234778881073	4.26773263182072
281	mut_M3	mut	213.458267211914	43.7084412574768	4.88368518919443
282	ctrl_M1	ctrl	215.305725097656	47.3782062530518	4.54440431846843
282	ctrl_M2	ctrl	270.061676025391	62.352632522583	4.33119926295941
282	ctrl_M3	ctrl	271.465759277344	67.2319440841675	4.03774965866667
282	mut_M1	mut	303.676300048828	75.8249063491821	4.00496769030436
282	mut_M2	mut	283.9765625	64.470344543457	4.40476260071143
282	mut_M3	mut	266.863494873047	54.4399814605713	4.90197622617351
283	ctrl_M1	ctrl	95.1797561645508	27.6824655532837	3.43826874746208
283	ctrl_M2	ctrl	120.925140380859	38.9384574890137	3.10554521619091
283	ctrl_M3	ctrl	123.479682922363	38.9590682983398	3.16947217466248
283	mut_M1	mut	157.395278930664	41.6716508865356	3.77703488060079
283	mut_M2	mut	169.854110717773	35.9986963272095	4.71834060805668
283	mut_M3	mut	155.131393432617	35.7276954650879	4.34204869396649
284	ctrl_M1	ctrl	139.000152587891	58.3244013786316	2.38322467616129
284	ctrl_M2	ctrl	196.122131347656	82.7420330047607	2.37028417390194
284	ctrl_M3	ctrl	183.469802856445	85.2453927993774	2.15225476511365
284	mut_M1	mut	260.469482421875	96.4762601852417	2.69982980187824
284	mut_M2	mut	211.581405639648	85.0293769836426	2.48833301084108
284	mut_M3	mut	201.191390991211	76.0529823303223	2.64541093362221
285	ctrl_M1	ctrl	86.1748733520508	32.5089073181152	2.65080805419845
285	ctrl_M2	ctrl	144.736633300781	46.8705272674561	3.08800949634883
285	ctrl_M3	ctrl	131.370681762695	38.9418678283691	3.37350746352726
285	mut_M1	mut	142.713226318359	43.8531980514526	3.25434022282514
285	mut_M2	mut	144.708908081055	37.5048899650574	3.85840108358876
285	mut_M3	mut	141.003479003906	42.1062240600586	3.34875620294958
286	ctrl_M1	ctrl	112.07657623291	44.8362307548523	2.49968773793013
286	ctrl_M2	ctrl	177.942993164062	71.2470288276672	2.49754966757241
286	ctrl_M3	ctrl	134.638580322266	68.568211555481	1.96357141695791
286	mut_M1	mut	192.923492431641	82.7574186325073	2.3311927271238
286	mut_M2	mut	183.497299194336	71.5654234886169	2.56404965204353
286	mut_M3	mut	162.701583862305	64.2356157302856	2.53288743343663
287	ctrl_M1	ctrl	221.249588012695	44.3934731483459	4.98383145813719
287	ctrl_M2	ctrl	296.68212890625	66.0228710174561	4.49362659233357
287	ctrl_M3	ctrl	306.729705810547	63.9448146820068	4.79678778233845
287	mut_M1	mut	316.096862792969	67.3286914825439	4.69483151733198
287	mut_M2	mut	335.591949462891	58.5844821929932	5.72834199263484
287	mut_M3	mut	298.410339355469	56.7292556762695	5.26025479795423
288	ctrl_M1	ctrl	233.273834228516	157.193580627441	1.4839908429937
288	ctrl_M2	ctrl	275.917572021484	215.464237213135	1.28057247731813
288	ctrl_M3	ctrl	255.733169555664	220.195308685303	1.16139245237577
288	mut_M1	mut	321.082366943359	202.288385391235	1.5872506289591
288	mut_M2	mut	308.703643798828	208.123201370239	1.48327356953184
288	mut_M3	mut	304.006286621094	187.72958946228	1.61938396334786
289	ctrl_M1	ctrl	92.824089050293	38.6323981285095	2.40275244476194
289	ctrl_M2	ctrl	120.676567077637	48.8838639259338	2.46863806143637
289	ctrl_M3	ctrl	112.144409179688	50.0584502220154	2.24026929883593
289	mut_M1	mut	142.756469726562	39.8258099555969	3.58452144189224
289	mut_M2	mut	163.427444458008	49.1383023262024	3.3258667215058
289	mut_M3	mut	159.346405029297	40.9646520614624	3.88985129887634
290	ctrl_M1	ctrl	117.123481750488	38.1872401237488	3.06708422423145
290	ctrl_M2	ctrl	156.562683105469	53.4912910461426	2.92688174174773
290	ctrl_M3	ctrl	143.070892333984	48.6258764266968	2.94227894379781
290	mut_M1	mut	190.539733886719	49.2661085128784	3.86756209569324
290	mut_M2	mut	151.895141601562	50.7843170166016	2.99098521994315
290	mut_M3	mut	165.761474609375	44.3865737915039	3.73449582722926
291	ctrl_M1	ctrl	123.729682922363	45.0859298706055	2.74430810848222
291	ctrl_M2	ctrl	156.57341003418	57.5354661941528	2.72133729664802
291	ctrl_M3	ctrl	169.268692016602	62.0870304107666	2.7263132234981
291	mut_M1	mut	179.801773071289	54.8045263290405	3.28078326946534
291	mut_M2	mut	169.523254394531	54.5576677322388	3.1072305954596
291	mut_M3	mut	163.402908325195	43.0288848876953	3.79751668563278
292	ctrl_M1	ctrl	153.993789672852	175.615218162537	0.87688180605354
292	ctrl_M2	ctrl	223.039489746094	203.991196632385	1.09337801546424
292	ctrl_M3	ctrl	238.335418701172	211.631453514099	1.12618145716839
292	mut_M1	mut	281.957366943359	198.570444583893	1.41993622230239
292	mut_M2	mut	295.211090087891	210.45205783844	1.40274746239126
292	mut_M3	mut	292.591949462891	176.243297100067	1.66015930408271
293	ctrl_M1	ctrl	142.088348388672	27.7355470657349	5.12296902065477
293	ctrl_M2	ctrl	174.792922973633	39.3840475082397	4.43816555261527
293	ctrl_M3	ctrl	184.458755493164	41.9051609039307	4.40181475298576
293	mut_M1	mut	214.715316772461	38.7394008636475	5.54255646668885
293	mut_M2	mut	220.563690185547	38.3956141471863	5.7445022064248
293	mut_M3	mut	190.293151855469	32.8325729370117	5.79586474141214
294	ctrl_M1	ctrl	74.9337692260742	149.203935623169	0.502223811410228
294	ctrl_M2	ctrl	103.200187683105	185.682804107666	0.555787533363973
294	ctrl_M3	ctrl	107.072998046875	184.746976852417	0.579565630090981
294	mut_M1	mut	127.778007507324	192.803483963013	0.662737025705599
294	mut_M2	mut	116.599594116211	187.447452545166	0.622038830258928
294	mut_M3	mut	108.450820922852	170.510793685913	0.636034931152932
295	ctrl_M1	ctrl	71.9036636352539	26.3715076446533	2.72656628525491
295	ctrl_M2	ctrl	82.8353576660156	40.5229568481445	2.0441587709513
295	ctrl_M3	ctrl	79.1516876220703	39.0806312561035	2.02534311954617
295	mut_M1	mut	122.890449523926	37.0647573471069	3.31556061120465
295	mut_M2	mut	111.075347900391	43.2338399887085	2.56917608820777
295	mut_M3	mut	109.25122833252	34.4543642997742	3.17089664989801
296	ctrl_M1	ctrl	248.889938354492	141.533183097839	1.75852710231521
296	ctrl_M2	ctrl	294.986907958984	184.327861785889	1.60033814259526
296	ctrl_M3	ctrl	270.096862792969	178.869488716125	1.51002199833883
296	mut_M1	mut	348.607421875	185.741792678833	1.87683890010569
296	mut_M2	mut	312.4306640625	177.329008102417	1.76187002569853
296	mut_M3	mut	291.319671630859	164.338542938232	1.77268014199416
297	ctrl_M1	ctrl	198.4619140625	24.4372606277466	8.12128319477684
297	ctrl_M2	ctrl	290.088928222656	39.936333656311	7.26378467084983
297	ctrl_M3	ctrl	283.371154785156	37.4783892631531	7.560921383133
297	mut_M1	mut	293.422149658203	38.5140590667725	7.61857245816371
297	mut_M2	mut	287.601531982422	38.1593444347382	7.53685725587585
297	mut_M3	mut	251.338073730469	28.3804428577423	8.85603071771315
298	ctrl_M1	ctrl	231.909484863281	197.440457344055	1.17457935411465
298	ctrl_M2	ctrl	284.388793945312	226.127062797546	1.25765041312162
298	ctrl_M3	ctrl	284.322967529297	231.349566459656	1.22897557959712
298	mut_M1	mut	354.968536376953	267.177867889404	1.32858510767025
298	mut_M2	mut	315.569274902344	223.123826980591	1.41432351341748
298	mut_M3	mut	263.952117919922	212.7960729599	1.24039938448329
299	ctrl_M1	ctrl	155.410888671875	55.4845843315125	2.80097419029612
299	ctrl_M2	ctrl	202.921478271484	74.5548934936523	2.72177276047965
299	ctrl_M3	ctrl	202.233703613281	72.0860042572021	2.80545031864595
299	mut_M1	mut	241.780151367188	74.5904569625854	3.2414354491549
299	mut_M2	mut	262.675537109375	74.3375444412231	3.5335514386955
299	mut_M3	mut	208.982482910156	65.2355909347534	3.20350409823334
300	ctrl_M1	ctrl	125.52165222168	29.6402192115784	4.23484223668113
300	ctrl_M2	ctrl	164.998565673828	40.0170383453369	4.12320782587487
300	ctrl_M3	ctrl	173.413772583008	41.1538939476013	4.21378771116543
300	mut_M1	mut	207.34635925293	51.0055255889893	4.06517444646606
300	mut_M2	mut	201.419937133789	42.1783013343811	4.77543975839549
300	mut_M3	mut	191.556488037109	39.5584545135498	4.84236531463827
301	ctrl_M1	ctrl	148.659698486328	64.2280678749084	2.31455971516783
301	ctrl_M2	ctrl	194.897094726562	94.05064868927	2.07225678336866
301	ctrl_M3	ctrl	196.529327392578	79.2443227767944	2.48004299243162
301	mut_M1	mut	213.935241699219	85.0729665756226	2.51472647905194
301	mut_M2	mut	205.37922668457	73.2945337295532	2.8021083733528
301	mut_M3	mut	196.523559570312	68.1128513813019	2.88526402264612
302	ctrl_M1	ctrl	115.927238464355	51.8943853378296	2.23390715025673
302	ctrl_M2	ctrl	167.419143676758	65.2606973648071	2.56539005001564
302	ctrl_M3	ctrl	140.955581665039	63.2766809463501	2.22760706719984
302	mut_M1	mut	187.838592529297	57.9964065551758	3.23879708565381
302	mut_M2	mut	136.940582275391	62.3121919631958	2.19765310705606
302	mut_M3	mut	151.458480834961	49.6338376998901	3.05151662361374
303	ctrl_M1	ctrl	308.504699707031	131.639405250549	2.34355889955484
303	ctrl_M2	ctrl	393.186187744141	177.118391990662	2.2199060375665
303	ctrl_M3	ctrl	461.895141601562	181.739212036133	2.54152714995666
303	mut_M1	mut	478.63671875	167.734848022461	2.8535317758532
303	mut_M2	mut	482.358062744141	167.841131210327	2.87389663824228
303	mut_M3	mut	445.075561523438	141.233598709106	3.15134334599901
304	ctrl_M1	ctrl	165.425369262695	215.265275001526	0.768472152610414
304	ctrl_M2	ctrl	215.969863891602	255.93593788147	0.843843446447222
304	ctrl_M3	ctrl	220.973968505859	247.43921661377	0.893043437212218
304	mut_M1	mut	246.471435546875	254.842595100403	0.967151646881363
304	mut_M2	mut	231.038223266602	248.231792449951	0.930735829550052
304	mut_M3	mut	222.997802734375	214.9080991745	1.03764261836082
305	ctrl_M1	ctrl	123.945976257324	92.4009072780609	1.34139349827308
305	ctrl_M2	ctrl	174.018463134766	126.041219949722	1.38064724543432
305	ctrl_M3	ctrl	197.290313720703	133.344851016998	1.47954954552803
305	mut_M1	mut	292.091796875	112.507622718811	2.59619561605191
305	mut_M2	mut	279.641571044922	117.260102987289	2.38479724919936
305	mut_M3	mut	274.318145751953	107.95676279068	2.54100010653187
306	ctrl_M1	ctrl	127.494598388672	37.7100882530212	3.38091487702783
306	ctrl_M2	ctrl	171.545135498047	49.1341896057129	3.49135982245042
306	ctrl_M3	ctrl	186.940734863281	50.8962755203247	3.67297475015886
306	mut_M1	mut	207.221160888672	47.6675271987915	4.34721860071494
306	mut_M2	mut	189.943756103516	51.5464134216309	3.6849073193482
306	mut_M3	mut	221.713577270508	37.5488772392273	5.9046659599953
307	ctrl_M1	ctrl	104.273910522461	22.9023876190186	4.55297116864226
307	ctrl_M2	ctrl	145.359222412109	29.346095085144	4.95327306717871
307	ctrl_M3	ctrl	138.259902954102	31.6677389144897	4.36595436533803
307	mut_M1	mut	151.928649902344	31.6736798286438	4.79668452558356
307	mut_M2	mut	154.09977722168	32.1843867301941	4.78802900653408
307	mut_M3	mut	133.894226074219	26.464138507843	5.05945908779677
308	ctrl_M1	ctrl	135.969131469727	69.6947345733643	1.95092401602589
308	ctrl_M2	ctrl	153.305541992188	95.3463926315308	1.60787983437026
308	ctrl_M3	ctrl	154.04948425293	94.2245855331421	1.63491814138832
308	mut_M1	mut	175.935699462891	95.9357509613037	1.83389088739041
308	mut_M2	mut	183.609832763672	90.3352842330933	2.0325372784559
308	mut_M3	mut	167.535568237305	74.1393003463745	2.25974034627503
309	ctrl_M1	ctrl	78.0571365356445	23.7359499931335	3.28856172001649
309	ctrl_M2	ctrl	85.1374359130859	38.3632802963257	2.2192428607634
309	ctrl_M3	ctrl	96.2820510864258	31.1794500350952	3.08799709353603
309	mut_M1	mut	108.753517150879	34.5792894363403	3.14504777060534
309	mut_M2	mut	120.183204650879	32.2743334770203	3.72380129047284
309	mut_M3	mut	115.892311096191	27.7730441093445	4.17283430076714
310	ctrl_M1	ctrl	95.9207992553711	14.8640508651733	6.45320714557798
310	ctrl_M2	ctrl	124.156768798828	23.6486277580261	5.25006228983796
310	ctrl_M3	ctrl	112.868133544922	22.971049785614	4.91349479446113
310	mut_M1	mut	138.268188476562	25.1299929618835	5.5021180740593
310	mut_M2	mut	135.018417358398	20.9968259334564	6.43042037812294
310	mut_M3	mut	121.328659057617	18.7157166004181	6.48271512376431
311	ctrl_M1	ctrl	108.170753479004	33.7833714485168	3.20189338248397
311	ctrl_M2	ctrl	133.497482299805	52.1209626197815	2.56130116539978
311	ctrl_M3	ctrl	137.053894042969	54.6788468360901	2.50652495386037
311	mut_M1	mut	171.244812011719	57.1845602989197	2.99459873638224
311	mut_M2	mut	153.638397216797	47.9760766029358	3.20239602934508
311	mut_M3	mut	161.386138916016	43.1860198974609	3.73699959614718
312	ctrl_M1	ctrl	122.691772460938	57.2582683563232	2.14277825688712
312	ctrl_M2	ctrl	183.5771484375	80.6982755661011	2.27485838017851
312	ctrl_M3	ctrl	171.84294128418	77.3049478530884	2.22292293128187
312	mut_M1	mut	188.811447143555	72.0249996185303	2.62147099123313
312	mut_M2	mut	208.76708984375	74.3382563591003	2.80833987866589
312	mut_M3	mut	184.907897949219	67.9701380729675	2.72042845860804
313	ctrl_M1	ctrl	182.748336791992	112.455674648285	1.62506994301136
313	ctrl_M2	ctrl	251.624450683594	150.142090797424	1.67590879644198
313	ctrl_M3	ctrl	231.537567138672	151.883252620697	1.52444435540828
313	mut_M1	mut	297.469665527344	145.822633743286	2.0399416598868
313	mut_M2	mut	252.425689697266	138.990720748901	1.81613339607969
313	mut_M3	mut	262.391326904297	133.1568775177	1.97054280481621
314	ctrl_M1	ctrl	108.513717651367	39.9467272758484	2.71646077291979
314	ctrl_M2	ctrl	163.774505615234	58.9866800308228	2.77646589924464
314	ctrl_M3	ctrl	151.303115844727	53.3840699195862	2.83423718110362
314	mut_M1	mut	185.721084594727	59.281343460083	3.13287577093764
314	mut_M2	mut	178.977111816406	57.5568385124207	3.10957162419168
314	mut_M3	mut	175.141571044922	57.5528120994568	3.04314532437199
315	ctrl_M1	ctrl	100.332061767578	17.4858121871948	5.73791258269679
315	ctrl_M2	ctrl	156.089660644531	21.24558198452	7.34692326895361
315	ctrl_M3	ctrl	150.341934204102	18.2260167598724	8.24875430462151
315	mut_M1	mut	178.604553222656	23.303740978241	7.66420092762882
315	mut_M2	mut	166.502014160156	26.815021276474	6.20928144876155
315	mut_M3	mut	160.933471679688	25.4672312736511	6.31923705998588
316	ctrl_M1	ctrl	70.594482421875	71.6740169525146	0.984938272242299
316	ctrl_M2	ctrl	102.227561950684	101.495634078979	1.00721142222861
316	ctrl_M3	ctrl	105.084419250488	89.9599370956421	1.16812464129189
316	mut_M1	mut	104.907913208008	91.4373636245728	1.14731996909647
316	mut_M2	mut	134.770645141602	79.3837699890137	1.69771031484462
316	mut_M3	mut	119.624969482422	75.4830889701843	1.5847916548523
317	ctrl_M1	ctrl	132.511169433594	81.5357632637024	1.62519076451185
317	ctrl_M2	ctrl	196.15885925293	123.914765357971	1.58301441064151
317	ctrl_M3	ctrl	189.307205200195	122.441935539246	1.54609778395342
317	mut_M1	mut	243.372283935547	130.852395057678	1.85989934558149
317	mut_M2	mut	214.824523925781	124.07057762146	1.73147032958299
317	mut_M3	mut	208.820251464844	113.787534713745	1.83517686704587
318	ctrl_M1	ctrl	159.543121337891	110.84930896759	1.43927934981117
318	ctrl_M2	ctrl	208.591522216797	160.414522171021	1.30032817100196
318	ctrl_M3	ctrl	199.762878417969	174.976877212524	1.14165300924499
318	mut_M1	mut	203.666961669922	140.708735942841	1.4474365099311
318	mut_M2	mut	241.496948242188	142.762850761414	1.69159516606865
318	mut_M3	mut	206.995315551758	130.825675964355	1.58222240417206
319	ctrl_M1	ctrl	122.063400268555	104.002115249634	1.17366266999059
319	ctrl_M2	ctrl	161.270248413086	135.66642665863	1.18872629275393
319	ctrl_M3	ctrl	147.094619750977	134.165113449097	1.09637010672514
319	mut_M1	mut	213.353607177734	164.266991615295	1.29882214971951
319	mut_M2	mut	178.493942260742	148.128791809082	1.20499154877869
319	mut_M3	mut	173.515655517578	120.693849563599	1.43765118226795
320	ctrl_M1	ctrl	137.502639770508	56.2446393966675	2.44472435498724
320	ctrl_M2	ctrl	199.790344238281	68.4834327697754	2.91735294446947
320	ctrl_M3	ctrl	189.160369873047	70.3247728347778	2.68981131752055
320	mut_M1	mut	205.353500366211	60.1213760375977	3.41564870767081
320	mut_M2	mut	205.968246459961	51.4870462417603	4.00038964155811
320	mut_M3	mut	190.90461730957	53.4318428039551	3.5728623100276
321	ctrl_M1	ctrl	173.338394165039	27.4860687255859	6.3064091083962
321	ctrl_M2	ctrl	159.230911254883	37.5708017349243	4.23815579923779
321	ctrl_M3	ctrl	187.173095703125	31.2278203964233	5.99379314108527
321	mut_M1	mut	219.97331237793	36.7472929954529	5.98610930076262
321	mut_M2	mut	213.495346069336	39.2544145584106	5.43876016165403
321	mut_M3	mut	197.451553344727	34.8542103767395	5.66507033757101
322	ctrl_M1	ctrl	104.185470581055	31.3611979484558	3.32211386670529
322	ctrl_M2	ctrl	161.590118408203	49.8355407714844	3.24246744204418
322	ctrl_M3	ctrl	156.254943847656	50.5360150337219	3.0919522194892
322	mut_M1	mut	217.098907470703	47.8358316421509	4.53841607886681
322	mut_M2	mut	185.2099609375	45.7846212387085	4.04524392528806
322	mut_M3	mut	156.572937011719	45.168553352356	3.4664146932116
323	ctrl_M1	ctrl	79.1797409057617	14.1358759403229	5.60133247066069
323	ctrl_M2	ctrl	108.150657653809	22.6522514820099	4.7743888831404
323	ctrl_M3	ctrl	130.834121704102	19.8642616271973	6.58640749701813
323	mut_M1	mut	137.592361450195	21.7504379749298	6.32595819949871
323	mut_M2	mut	138.749557495117	20.5102860927582	6.76487674855531
323	mut_M3	mut	128.247894287109	19.8904905319214	6.44769891829917
324	ctrl_M1	ctrl	146.504486083984	21.1279098987579	6.93416844288024
324	ctrl_M2	ctrl	172.117599487305	29.5528182983398	5.82406719216264
324	ctrl_M3	ctrl	179.494186401367	30.6040267944336	5.86505127599792
324	mut_M1	mut	185.17805480957	24.910710811615	7.43367205416026
324	mut_M2	mut	209.192687988281	25.635657787323	8.16022314401967
324	mut_M3	mut	198.717742919922	24.8354623317719	8.00137079251001
325	ctrl_M1	ctrl	67.3006362915039	31.3278136253357	2.14827108895579
325	ctrl_M2	ctrl	97.0459823608398	61.3612442016602	1.58155173715031
325	ctrl_M3	ctrl	99.3803405761719	63.4304428100586	1.5667609459036
325	mut_M1	mut	82.3893737792969	43.3903436660767	1.89879514237889
325	mut_M2	mut	100.490768432617	47.6851892471313	2.1073790419876
325	mut_M3	mut	63.123119354248	43.6947183609009	1.44463957480802
326	ctrl_M1	ctrl	84.9464721679688	23.45250248909	3.62206430667625
326	ctrl_M2	ctrl	119.994453430176	35.413586139679	3.38837340440167
326	ctrl_M3	ctrl	112.232154846191	27.9641723632812	4.01342665851822
326	mut_M1	mut	137.797317504883	25.6407656669617	5.37414987113414
326	mut_M2	mut	138.150512695312	27.7437453269958	4.9795192057536
326	mut_M3	mut	137.487167358398	21.6265873908997	6.35732142447274
327	ctrl_M1	ctrl	104.491325378418	38.9348111152649	2.68375066901123
327	ctrl_M2	ctrl	143.730285644531	50.1581211090088	2.8655436540807
327	ctrl_M3	ctrl	150.095474243164	57.9715576171875	2.58912267347227
327	mut_M1	mut	184.051849365234	54.1393694877625	3.3995935140478
327	mut_M2	mut	185.261291503906	52.2532653808594	3.54544907679145
327	mut_M3	mut	191.775650024414	52.4038443565369	3.6595721626765
328	ctrl_M1	ctrl	129.584381103516	51.0449423789978	2.53863311552747
328	ctrl_M2	ctrl	158.829071044922	70.4439744949341	2.25468639700822
328	ctrl_M3	ctrl	194.263641357422	68.0479822158813	2.8548038462202
328	mut_M1	mut	215.031234741211	74.8767585754395	2.87180212968973
328	mut_M2	mut	228.657623291016	66.928807258606	3.4164305723768
328	mut_M3	mut	183.149963378906	64.3890829086304	2.84442571792489
329	ctrl_M1	ctrl	81.4310836791992	37.4390602111816	2.17503012147935
329	ctrl_M2	ctrl	126.399955749512	56.055634021759	2.25490190157241
329	ctrl_M3	ctrl	119.285781860352	49.4456562995911	2.41246230280774
329	mut_M1	mut	130.575408935547	48.5599064826965	2.68895511530845
329	mut_M2	mut	123.569480895996	40.1070077419281	3.08099476508231
329	mut_M3	mut	129.888916015625	45.8219618797302	2.83464327338377
330	ctrl_M1	ctrl	64.7214202880859	34.2913613319397	1.88739722700373
330	ctrl_M2	ctrl	81.9487533569336	47.4665188789368	1.72645383087695
330	ctrl_M3	ctrl	79.7690200805664	47.3712332248688	1.68391267548191
330	mut_M1	mut	94.611083984375	54.8103692531586	1.72615301216791
330	mut_M2	mut	93.3217620849609	48.2353053092957	1.93471900896161
330	mut_M3	mut	90.7895965576172	39.4648790359497	2.3005162761278
331	ctrl_M1	ctrl	286.463134765625	118.466959953308	2.41808462780281
331	ctrl_M2	ctrl	374.721557617188	161.511229038239	2.32009600724709
331	ctrl_M3	ctrl	410.918853759766	169.515651702881	2.42407618194457
331	mut_M1	mut	450.705230712891	179.038333892822	2.51736720797847
331	mut_M2	mut	449.28076171875	176.2049741745	2.54976208148255
331	mut_M3	mut	404.697906494141	154.058130264282	2.62691690337857
332	ctrl_M1	ctrl	244.492584228516	115.574650764465	2.1154516376327
332	ctrl_M2	ctrl	323.362365722656	161.053744316101	2.00779166666247
332	ctrl_M3	ctrl	343.171447753906	168.828589916229	2.03266193198785
332	mut_M1	mut	396.180969238281	149.836006641388	2.64409722415044
332	mut_M2	mut	386.3095703125	148.228060245514	2.6061838067141
332	mut_M3	mut	346.441162109375	124.219316482544	2.78894758012985
333	ctrl_M1	ctrl	125.73762512207	15.375381231308	8.17785414426266
333	ctrl_M2	ctrl	168.562194824219	28.6540374755859	5.88266819179805
333	ctrl_M3	ctrl	123.260360717773	27.9010758399963	4.41776372440374
333	mut_M1	mut	162.199462890625	24.7227492332458	6.56073729342802
333	mut_M2	mut	166.840866088867	27.0217566490173	6.17431606153312
333	mut_M3	mut	167.22624206543	26.5016813278198	6.31002388100886
334	ctrl_M1	ctrl	149.55192565918	103.463839054108	1.44545115497763
334	ctrl_M2	ctrl	227.531219482422	131.669946193695	1.72804216952978
334	ctrl_M3	ctrl	223.162521362305	143.056871414185	1.55995667426694
334	mut_M1	mut	289.782501220703	144.810976982117	2.00110866772544
334	mut_M2	mut	246.47624206543	134.129688262939	1.83759647291697
334	mut_M3	mut	220.665756225586	113.515065193176	1.94393366070014
335	ctrl_M1	ctrl	214.003677368164	51.0401134490967	4.1928526977432
335	ctrl_M2	ctrl	293.799926757812	65.2676544189453	4.5014629278991
335	ctrl_M3	ctrl	289.893524169922	71.4335536956787	4.05822627003728
335	mut_M1	mut	311.1845703125	64.7134170532227	4.80865614091388
335	mut_M2	mut	333.849517822266	67.7556295394897	4.92725873984669
335	mut_M3	mut	277.093322753906	55.4946708679199	4.99315192648682
336	ctrl_M1	ctrl	171.671051025391	30.7990803718567	5.57390184877918
336	ctrl_M2	ctrl	237.316528320312	44.330286026001	5.3533723689741
336	ctrl_M3	ctrl	232.600921630859	40.5606093406677	5.73465057384244
336	mut_M1	mut	270.493347167969	44.9665865898132	6.01542984873231
336	mut_M2	mut	258.045562744141	45.5207567214966	5.66874501500284
336	mut_M3	mut	251.534027099609	40.8058128356934	6.16417146528667
337	ctrl_M1	ctrl	119.752227783203	96.4254293441772	1.24191542207983
337	ctrl_M2	ctrl	142.458358764648	152.218179702759	0.935882685253702
337	ctrl_M3	ctrl	159.281845092773	141.821629524231	1.12311391165872
337	mut_M1	mut	219.375640869141	140.884486198425	1.55713128385312
337	mut_M2	mut	214.431625366211	134.916971206665	1.58935991112449
337	mut_M3	mut	215.376998901367	123.425158500671	1.74500078847535
338	ctrl_M1	ctrl	92.5992660522461	44.0559682846069	2.10185520050413
338	ctrl_M2	ctrl	107.856651306152	59.4081964492798	1.8155180219658
338	ctrl_M3	ctrl	109.927551269531	52.1350803375244	2.10851408605983
338	mut_M1	mut	148.020874023438	55.3699722290039	2.67330591048953
338	mut_M2	mut	132.031646728516	54.4725465774536	2.42381997949705
338	mut_M3	mut	139.9638671875	51.0052599906921	2.74410653358187
339	ctrl_M1	ctrl	112.290428161621	20.016881942749	5.60978620360488
339	ctrl_M2	ctrl	130.910339355469	27.2453355789185	4.80487160733534
339	ctrl_M3	ctrl	116.732116699219	28.232292175293	4.13470206295807
339	mut_M1	mut	133.211242675781	26.2926950454712	5.06647349940364
339	mut_M2	mut	126.113609313965	27.2980813980103	4.61987080612769
339	mut_M3	mut	127.722991943359	22.8691761493683	5.58494066900995
340	ctrl_M1	ctrl	201.559341430664	42.5617496967316	4.73569209129911
340	ctrl_M2	ctrl	281.018035888672	60.9591407775879	4.60994089326125
340	ctrl_M3	ctrl	261.785583496094	63.132256269455	4.14662169491877
340	mut_M1	mut	358.359985351562	65.5707671642303	5.46524008868166
340	mut_M2	mut	290.604339599609	64.6027455329895	4.49832800761094
340	mut_M3	mut	296.257751464844	57.7138414382935	5.13321837676664
341	ctrl_M1	ctrl	137.24494934082	52.9846749305725	2.59027633029091
341	ctrl_M2	ctrl	194.133331298828	80.5368175506592	2.41049171301951
341	ctrl_M3	ctrl	181.201354980469	80.8488006591797	2.24123739007988
341	mut_M1	mut	229.377838134766	72.7288866043091	3.15387528730813
341	mut_M2	mut	192.215667724609	75.1769857406616	2.55684190887483
341	mut_M3	mut	213.412017822266	62.4000196456909	3.42006331142242
342	ctrl_M1	ctrl	85.030876159668	24.7663469314575	3.4333233074299
342	ctrl_M2	ctrl	98.3956527709961	37.9614458084106	2.59198907406197
342	ctrl_M3	ctrl	116.155067443848	37.1249308586121	3.12876185241171
342	mut_M1	mut	121.950469970703	39.6782927513123	3.07348077537106
342	mut_M2	mut	161.99967956543	37.8904762268066	4.2754722478473
342	mut_M3	mut	129.286529541016	38.7715840339661	3.3345691893257
343	ctrl_M1	ctrl	51.0460929870605	16.7554063796997	3.04654460955995
343	ctrl_M2	ctrl	74.814697265625	22.705973982811	3.29493451028622
343	ctrl_M3	ctrl	77.0357666015625	29.6333293914795	2.5996325145872
343	mut_M1	mut	108.500694274902	22.3486378192902	4.85491308921076
343	mut_M2	mut	90.3575210571289	24.8538949489594	3.63554771767925
343	mut_M3	mut	108.971557617188	23.9352328777313	4.55276780359098
344	ctrl_M1	ctrl	129.665191650391	33.9624781608582	3.81789547383
344	ctrl_M2	ctrl	162.283767700195	53.7767133712769	3.01773309536008
344	ctrl_M3	ctrl	193.091125488281	59.3668565750122	3.25250715008472
344	mut_M1	mut	232.663619995117	51.6061334609985	4.50844898447882
344	mut_M2	mut	213.392364501953	50.9966788291931	4.18443650451598
344	mut_M3	mut	216.78923034668	42.3760113716125	5.11584793683309
345	ctrl_M1	ctrl	79.6786575317383	20.8778367042542	3.81642306434472
345	ctrl_M2	ctrl	120.85538482666	29.8164858818054	4.05330746573352
345	ctrl_M3	ctrl	93.8720474243164	26.1854643821716	3.58489145177159
345	mut_M1	mut	125.752700805664	24.3307847976685	5.1684605265061
345	mut_M2	mut	111.842895507812	26.8289294242859	4.16874239516135
345	mut_M3	mut	112.145263671875	22.2953252792358	5.02999002110629
346	ctrl_M1	ctrl	90.9438018798828	58.2190637588501	1.56209660561671
346	ctrl_M2	ctrl	136.028701782227	62.3648433685303	2.18117603500416
346	ctrl_M3	ctrl	155.271530151367	73.4985198974609	2.11258036716915
346	mut_M1	mut	159.345748901367	69.4493503570557	2.29441669478739
346	mut_M2	mut	162.763870239258	68.4797601699829	2.37681717685984
346	mut_M3	mut	154.64045715332	62.4294419288635	2.47704372128664
347	ctrl_M1	ctrl	149.196075439453	211.912058830261	0.704047123429428
347	ctrl_M2	ctrl	168.487823486328	261.773432731628	0.643639890145242
347	ctrl_M3	ctrl	185.880508422852	255.50014591217	0.727516251543547
347	mut_M1	mut	183.071365356445	229.368153572083	0.798155116590378
347	mut_M2	mut	197.66340637207	209.753736495972	0.942359405244094
347	mut_M3	mut	183.017959594727	206.451454639435	0.886493921364543
348	ctrl_M1	ctrl	144.261917114258	123.475200653076	1.16834729849588
348	ctrl_M2	ctrl	184.257568359375	158.35418844223	1.16357874819708
348	ctrl_M3	ctrl	185.890594482422	166.239840507507	1.11820724752216
348	mut_M1	mut	235.082138061523	147.791773319244	1.59063074203544
348	mut_M2	mut	211.695724487305	143.575018882751	1.47446071144301
348	mut_M3	mut	188.128799438477	127.051022052765	1.48073424675282
349	ctrl_M1	ctrl	94.7257080078125	204.771622657776	0.462591968449274
349	ctrl_M2	ctrl	131.492492675781	229.017824172974	0.574158335276415
349	ctrl_M3	ctrl	129.407821655273	246.649258613586	0.524663331171858
349	mut_M1	mut	133.802154541016	204.490427970886	0.654319891002748
349	mut_M2	mut	150.826507568359	218.184145927429	0.691280784528341
349	mut_M3	mut	148.136032104492	188.073836326599	0.787648271539732
350	ctrl_M1	ctrl	180.265396118164	87.2177925109863	2.06684199322583
350	ctrl_M2	ctrl	222.527328491211	114.237621307373	1.94793384127343
350	ctrl_M3	ctrl	242.502624511719	116.483266830444	2.08186661578363
350	mut_M1	mut	257.160919189453	118.101227760315	2.17746186103466
350	mut_M2	mut	264.407806396484	115.679377555847	2.28569527242515
350	mut_M3	mut	214.544235229492	103.21483039856	2.07861829933779
351	ctrl_M1	ctrl	276.997100830078	50.3584208488464	5.50051205262175
351	ctrl_M2	ctrl	352.119750976562	61.5219788551331	5.72347895059919
351	ctrl_M3	ctrl	372.567321777344	65.3433227539062	5.70168926334668
351	mut_M1	mut	426.945068359375	70.7089591026306	6.03806184927266
351	mut_M2	mut	395.365142822266	64.1842589378357	6.1598458775568
351	mut_M3	mut	413.009796142578	60.7286005020142	6.80091081843521
352	ctrl_M1	ctrl	172.424514770508	39.0953125953674	4.41036286255297
352	ctrl_M2	ctrl	194.488906860352	66.6790676116943	2.9167910384254
352	ctrl_M3	ctrl	237.634170532227	49.9889945983887	4.75372974474438
352	mut_M1	mut	262.758422851562	63.3029155731201	4.15081075607102
352	mut_M2	mut	263.328338623047	64.7324180603027	4.06795152280173
352	mut_M3	mut	232.908874511719	53.0990281105042	4.38631144108727
353	ctrl_M1	ctrl	147.418090820312	189.416976928711	0.778272851835212
353	ctrl_M2	ctrl	198.698883056641	213.492557048798	0.930706371235342
353	ctrl_M3	ctrl	195.158599853516	236.250459194183	0.82606654191985
353	mut_M1	mut	207.455825805664	220.908388137817	0.939103433574642
353	mut_M2	mut	203.672332763672	222.40950345993	0.915753731721117
353	mut_M3	mut	216.570739746094	207.070249080658	1.04588051981207
354	ctrl_M1	ctrl	216.694076538086	119.785377502441	1.80901944007038
354	ctrl_M2	ctrl	303.930358886719	167.445460319519	1.8151006202662
354	ctrl_M3	ctrl	294.616271972656	152.476144790649	1.93221223147507
354	mut_M1	mut	351.545623779297	172.714667320251	2.03541267938439
354	mut_M2	mut	313.201904296875	157.896422386169	1.9835908854912
354	mut_M3	mut	295.980010986328	135.083614349365	2.19108744174433
355	ctrl_M1	ctrl	212.459808349609	59.7203164100647	3.55758008532258
355	ctrl_M2	ctrl	259.861511230469	80.2139902114868	3.23960334781171
355	ctrl_M3	ctrl	305.658660888672	78.3337879180908	3.9020028140128
355	mut_M1	mut	335.947631835938	82.8308916091919	4.05582537274845
355	mut_M2	mut	295.171691894531	71.7563514709473	4.1135270375897
355	mut_M3	mut	276.967712402344	58.4594583511353	4.73777418084759
356	ctrl_M1	ctrl	154.143783569336	145.470853328705	1.05961971104297
356	ctrl_M2	ctrl	202.195663452148	195.652812957764	1.03344112663383
356	ctrl_M3	ctrl	226.850967407227	206.222029685974	1.10003265777505
356	mut_M1	mut	283.641906738281	213.576026916504	1.32806060133879
356	mut_M2	mut	230.308090209961	195.303653717041	1.17923083274026
356	mut_M3	mut	224.017242431641	176.755054950714	1.26738803874155
357	ctrl_M1	ctrl	149.967544555664	158.603273391724	0.945551383326555
357	ctrl_M2	ctrl	201.874435424805	223.669807434082	0.902555591837308
357	ctrl_M3	ctrl	203.252304077148	222.54229927063	0.913319871068541
357	mut_M1	mut	278.119567871094	246.836793899536	1.12673464712189
357	mut_M2	mut	218.739318847656	220.547006607056	0.991803616892338
357	mut_M3	mut	199.919784545898	195.42765045166	1.02298617459636
358	ctrl_M1	ctrl	169.836669921875	72.9756832122803	2.32730496579024
358	ctrl_M2	ctrl	210.252349853516	93.6522674560547	2.24503213392216
358	ctrl_M3	ctrl	211.633865356445	90.1767988204956	2.34687711389844
358	mut_M1	mut	245.167068481445	98.0019569396973	2.50165482544703
358	mut_M2	mut	211.174453735352	89.8156509399414	2.35119883367055
358	mut_M3	mut	239.134613037109	78.3895826339722	3.05059173683461
359	ctrl_M1	ctrl	539.476684570312	274.07776260376	1.96833438599776
359	ctrl_M2	ctrl	705.068115234375	379.508346557617	1.85784613600674
359	ctrl_M3	ctrl	742.781677246094	371.370645523071	2.00010874903668
359	mut_M1	mut	864.546142578125	401.952770233154	2.15086499360769
359	mut_M2	mut	808.574401855469	362.909614562988	2.22803246155147
359	mut_M3	mut	675.855407714844	347.449390411377	1.94519094396636
360	ctrl_M1	ctrl	172.920745849609	146.013944625854	1.18427555869887
360	ctrl_M2	ctrl	243.937728881836	189.633241653442	1.28636586473397
360	ctrl_M3	ctrl	259.528106689453	188.081447601318	1.37987084850379
360	mut_M1	mut	366.037750244141	195.371438980103	1.87354790523614
360	mut_M2	mut	301.361114501953	173.938480377197	1.73257299850172
360	mut_M3	mut	270.240478515625	182.233988761902	1.48293125970429
361	ctrl_M1	ctrl	215.752975463867	111.374317169189	1.93718786294434
361	ctrl_M2	ctrl	302.340728759766	150.381241798401	2.01049496030283
361	ctrl_M3	ctrl	272.525665283203	140.651371955872	1.93759692133473
361	mut_M1	mut	345.731719970703	158.814318656921	2.1769555975464
361	mut_M2	mut	294.986938476562	146.523995399475	2.01323297028808
361	mut_M3	mut	276.533935546875	122.029450416565	2.26612456749487
362	ctrl_M1	ctrl	116.779968261719	87.7114019393921	1.3314114890378
362	ctrl_M2	ctrl	150.068298339844	125.043178081512	1.20013183159835
362	ctrl_M3	ctrl	156.289184570312	116.995610237122	1.3358551167309
362	mut_M1	mut	134.928176879883	110.603483200073	1.21992701292967
362	mut_M2	mut	155.958602905273	116.527373790741	1.3383859760312
362	mut_M3	mut	116.409553527832	95.8214650154114	1.21485883678682
363	ctrl_M1	ctrl	251.958358764648	22.2224352359772	11.3380174624939
363	ctrl_M2	ctrl	351.426910400391	48.1791987419128	7.29416261741754
363	ctrl_M3	ctrl	367.728607177734	38.2984914779663	9.60164729697759
363	mut_M1	mut	427.330291748047	41.9775261878967	10.179977968098
363	mut_M2	mut	463.226226806641	38.5999126434326	12.0007066100305
363	mut_M3	mut	405.734954833984	40.2512226104736	10.0800653624968
364	ctrl_M1	ctrl	115.579551696777	67.5422005653381	1.71121981116042
364	ctrl_M2	ctrl	138.665100097656	95.5810213088989	1.45075976589032
364	ctrl_M3	ctrl	136.647598266602	93.9728918075562	1.45411719952641
364	mut_M1	mut	158.834854125977	99.5571756362915	1.595413420588
364	mut_M2	mut	156.100296020508	90.7807178497314	1.71953141281499
364	mut_M3	mut	122.915863037109	73.0192012786865	1.68333617575446
365	ctrl_M1	ctrl	212.822555541992	118.701498031616	1.79292223831334
365	ctrl_M2	ctrl	268.892120361328	166.811602592468	1.611950944553
365	ctrl_M3	ctrl	276.368621826172	162.807589530945	1.69751682106713
365	mut_M1	mut	344.961730957031	183.086196899414	1.88414930671453
365	mut_M2	mut	314.33740234375	156.696057319641	2.00603261958621
365	mut_M3	mut	287.946411132812	139.384285926819	2.06584558092864
366	ctrl_M1	ctrl	230.644348144531	166.427984237671	1.38585075821837
366	ctrl_M2	ctrl	263.724212646484	212.029651641846	1.2438081683592
366	ctrl_M3	ctrl	279.604827880859	222.501546859741	1.25664217542323
366	mut_M1	mut	332.537292480469	225.654260635376	1.47365838138461
366	mut_M2	mut	297.382263183594	203.943641662598	1.45815903236434
366	mut_M3	mut	269.008331298828	184.160091400146	1.46073087417361
367	ctrl_M1	ctrl	186.148666381836	37.5043992996216	4.96338215937548
367	ctrl_M2	ctrl	229.067428588867	48.9344592094421	4.68110677607463
367	ctrl_M3	ctrl	263.856536865234	49.732081413269	5.30555989950653
367	mut_M1	mut	246.532470703125	45.706850528717	5.39377506547365
367	mut_M2	mut	244.82991027832	50.3219985961914	4.86526602893809
367	mut_M3	mut	253.496383666992	40.5967559814453	6.24425222012449
368	ctrl_M1	ctrl	79.8280868530273	27.9642369747162	2.85464920516886
368	ctrl_M2	ctrl	119.047691345215	48.4593300819397	2.45665161164873
368	ctrl_M3	ctrl	114.587516784668	49.9089598655701	2.29593077261698
368	mut_M1	mut	129.417327880859	45.305920124054	2.85652134481535
368	mut_M2	mut	136.200912475586	45.326869726181	3.0048603245354
368	mut_M3	mut	98.0815124511719	41.6036944389343	2.35751929663687
369	ctrl_M1	ctrl	92.9018630981445	33.7910796403885	2.74930141584184
369	ctrl_M2	ctrl	148.066848754883	46.6530966758728	3.17378393514995
369	ctrl_M3	ctrl	122.114974975586	40.5644464492798	3.01039421623253
369	mut_M1	mut	172.111801147461	54.5699203014374	3.15396834367243
369	mut_M2	mut	147.091506958008	42.8417863845825	3.43336539792238
369	mut_M3	mut	129.069534301758	39.9594399929047	3.23001359189908
370	ctrl_M1	ctrl	228.264572143555	124.806308269501	1.82895059799903
370	ctrl_M2	ctrl	330.609619140625	180.112010002136	1.83557786699901
370	ctrl_M3	ctrl	340.795684814453	180.971753120422	1.88314297086839
370	mut_M1	mut	410.561950683594	187.222390174866	2.19291052902449
370	mut_M2	mut	351.499053955078	166.830920219421	2.10691791121679
370	mut_M3	mut	360.786804199219	148.715849399567	2.42601448101113
371	ctrl_M1	ctrl	82.5360717773438	107.255774259567	0.769525672133978
371	ctrl_M2	ctrl	114.012573242188	127.075115203857	0.897206137167654
371	ctrl_M3	ctrl	123.118835449219	143.534651517868	0.857763851078791
371	mut_M1	mut	151.174392700195	156.837388038635	0.963892567905779
371	mut_M2	mut	155.978485107422	137.083758831024	1.1378334416675
371	mut_M3	mut	142.459991455078	126.125849723816	1.12950669325146
372	ctrl_M1	ctrl	160.199432373047	37.5990362167358	4.26073241477769
372	ctrl_M2	ctrl	191.168518066406	57.9250259399414	3.30027505321476
372	ctrl_M3	ctrl	199.499221801758	60.7403287887573	3.28446068337193
372	mut_M1	mut	203.559143066406	55.5019574165344	3.66760295567098
372	mut_M2	mut	215.349182128906	58.697681427002	3.66878515289774
372	mut_M3	mut	196.905151367188	51.5862636566162	3.81700742426096
373	ctrl_M1	ctrl	59.2731437683105	14.1100280284882	4.20078143350517
373	ctrl_M2	ctrl	82.8614196777344	20.3670988082886	4.06839582100977
373	ctrl_M3	ctrl	77.8245086669922	14.3302960395813	5.43076768630846
373	mut_M1	mut	83.1300964355469	16.6849269866943	4.98234703105625
373	mut_M2	mut	91.1947555541992	18.5829131603241	4.90745206456148
373	mut_M3	mut	108.141571044922	14.2015953063965	7.61474811186982
374	ctrl_M1	ctrl	121.504516601562	128.395078659058	0.946333129513535
374	ctrl_M2	ctrl	147.867538452148	172.647617340088	0.856470194783362
374	ctrl_M3	ctrl	167.795394897461	180.154069900513	0.931399412681175
374	mut_M1	mut	244.017105102539	189.11137008667	1.29033545148928
374	mut_M2	mut	224.572128295898	152.907091140747	1.46868354253882
374	mut_M3	mut	213.323974609375	154.2941198349	1.38258006745584
375	ctrl_M1	ctrl	172.1572265625	177.328370571136	0.970838597388668
375	ctrl_M2	ctrl	219.794723510742	192.418311595917	1.14227550220021
375	ctrl_M3	ctrl	236.547668457031	208.24631357193	1.13590326954492
375	mut_M1	mut	315.054870605469	205.052354812622	1.53646063169266
375	mut_M2	mut	270.674743652344	199.064778327942	1.35973197230517
375	mut_M3	mut	255.435180664062	177.339233875275	1.44037602442624
376	ctrl_M1	ctrl	120.552665710449	22.0612823963165	5.46444506465215
376	ctrl_M2	ctrl	150.789978027344	30.3140225410461	4.97426489088241
376	ctrl_M3	ctrl	145.524551391602	27.6859531402588	5.25625939819969
376	mut_M1	mut	184.331436157227	31.7041075229645	5.81411843950215
376	mut_M2	mut	216.329345703125	28.5982210636139	7.56443364857982
376	mut_M3	mut	183.790344238281	26.3217732906342	6.98244537740463
377	ctrl_M1	ctrl	197.128570556641	32.2545390129089	6.11165363354738
377	ctrl_M2	ctrl	297.430450439453	37.7290811538696	7.88332080567903
377	ctrl_M3	ctrl	330.342254638672	45.2516641616821	7.30011284133936
377	mut_M1	mut	357.579772949219	46.3227581977844	7.71931091457161
377	mut_M2	mut	330.194763183594	54.2164726257324	6.09030331912216
377	mut_M3	mut	303.970184326172	40.3935432434082	7.5252171490496
378	ctrl_M1	ctrl	125.688659667969	29.5578324794769	4.25229623164144
378	ctrl_M2	ctrl	148.931732177734	44.9776496887207	3.31123865316339
378	ctrl_M3	ctrl	153.134796142578	44.1802587509155	3.46613624437871
378	mut_M1	mut	180.236755371094	45.5410122871399	3.95768004089777
378	mut_M2	mut	181.414184570312	49.3804879188538	3.67380299822934
378	mut_M3	mut	155.060623168945	40.7840223312378	3.80199436704848
379	ctrl_M1	ctrl	56.4794960021973	214.545847415924	0.2632514060862
379	ctrl_M2	ctrl	89.4738082885742	234.883736610413	0.380928069264238
379	ctrl_M3	ctrl	65.0672378540039	254.122463226318	0.256046777714632
379	mut_M1	mut	114.235427856445	273.372115135193	0.417875202084717
379	mut_M2	mut	117.052215576172	255.365089416504	0.458372034500214
379	mut_M3	mut	100.913345336914	232.107202529907	0.434770417449287
380	ctrl_M1	ctrl	149.8896484375	53.985689163208	2.77647003790871
380	ctrl_M2	ctrl	206.294311523438	75.2800011634827	2.740360100094
380	ctrl_M3	ctrl	194.38134765625	80.0813341140747	2.42729906796204
380	mut_M1	mut	253.782012939453	74.7388610839844	3.3955830910278
380	mut_M2	mut	223.45849609375	73.6991996765137	3.03203422933453
380	mut_M3	mut	188.262359619141	60.8843474388123	3.09213069596157
381	ctrl_M1	ctrl	113.476150512695	162.320303440094	0.699087841186638
381	ctrl_M2	ctrl	148.66975402832	192.931215286255	0.770584240646268
381	ctrl_M3	ctrl	157.790649414062	225.9868516922	0.698229336054372
381	mut_M1	mut	232.262008666992	203.35183429718	1.14216824977129
381	mut_M2	mut	213.327728271484	207.992880821228	1.0256491829393
381	mut_M3	mut	189.955642700195	174.650468826294	1.08763316798837
382	ctrl_M1	ctrl	95.0787048339844	104.619526386261	0.908804580924488
382	ctrl_M2	ctrl	159.110397338867	147.90415096283	1.07576694976501
382	ctrl_M3	ctrl	141.304061889648	143.570307731628	0.984215079860272
382	mut_M1	mut	148.253784179688	128.045349121094	1.15782248396607
382	mut_M2	mut	179.301361083984	132.74317073822	1.35073887482755
382	mut_M3	mut	156.04899597168	119.741611480713	1.30321443015501
383	ctrl_M1	ctrl	108.129173278809	56.2396731376648	1.92264939047792
383	ctrl_M2	ctrl	168.113662719727	78.8948783874512	2.13085647833974
383	ctrl_M3	ctrl	150.893997192383	81.721652507782	1.84643839866079
383	mut_M1	mut	199.828659057617	81.5544991493225	2.45024690411917
383	mut_M2	mut	175.263610839844	76.0092334747314	2.30582000143586
383	mut_M3	mut	162.511581420898	59.9924836158752	2.70886570493465
384	ctrl_M1	ctrl	108.994552612305	56.1156477928162	1.94232013528066
384	ctrl_M2	ctrl	156.985961914062	75.5024814605713	2.07921592611553
384	ctrl_M3	ctrl	177.159286499023	65.754065990448	2.6942712033163
384	mut_M1	mut	207.347610473633	66.2315549850464	3.13064687248317
384	mut_M2	mut	202.223571777344	63.3119630813599	3.19408152796453
384	mut_M3	mut	189.424255371094	58.0706629753113	3.26196130138255
385	ctrl_M1	ctrl	146.534652709961	43.6205019950867	3.35930688570403
385	ctrl_M2	ctrl	199.742477416992	65.8128957748413	3.03500514702088
385	ctrl_M3	ctrl	181.487640380859	65.918776512146	2.75320098435715
385	mut_M1	mut	270.930511474609	70.8869285583496	3.82200945907251
385	mut_M2	mut	261.175384521484	62.8181219100952	4.15764395018489
385	mut_M3	mut	247.621810913086	67.6141557693481	3.66227764135364
386	ctrl_M1	ctrl	72.1183395385742	14.0460239648819	5.13443090506507
386	ctrl_M2	ctrl	78.0968856811523	26.1863298416138	2.9823532413101
386	ctrl_M3	ctrl	98.9912490844727	21.1905198097229	4.67148753184678
386	mut_M1	mut	137.66618347168	27.710503578186	4.96801449613683
386	mut_M2	mut	112.063110351562	25.0354166030884	4.47618316596091
386	mut_M3	mut	161.218399047852	23.4943566322327	6.8620052709454
387	ctrl_M1	ctrl	74.981559753418	30.3003344535828	2.47461162081503
387	ctrl_M2	ctrl	126.331565856934	46.187891960144	2.73516630648453
387	ctrl_M3	ctrl	106.749816894531	40.2489233016968	2.6522403119795
387	mut_M1	mut	186.106140136719	48.8330340385437	3.81107059597866
387	mut_M2	mut	164.859741210938	52.582688331604	3.13524748242762
387	mut_M3	mut	161.765213012695	53.3764390945435	3.03064827397285
388	ctrl_M1	ctrl	71.3425216674805	14.632110953331	4.87575045699331
388	ctrl_M2	ctrl	90.4886856079102	27.2621266841888	3.319208609664
388	ctrl_M3	ctrl	95.1436386108398	31.4032728672028	3.02973639127299
388	mut_M1	mut	106.552314758301	23.7647266387939	4.48363309108563
388	mut_M2	mut	110.813873291016	24.4808976650238	4.52654452493125
388	mut_M3	mut	102.752906799316	23.6581144332886	4.34324160063813
389	ctrl_M1	ctrl	90.473258972168	45.1494228839874	2.00386302178527
389	ctrl_M2	ctrl	115.76203918457	64.019091129303	1.8082424655289
389	ctrl_M3	ctrl	116.587066650391	66.5544772148132	1.75175392444434
389	mut_M1	mut	130.010543823242	60.9392809867859	2.13344400718206
389	mut_M2	mut	147.083938598633	64.568717956543	2.27794423140979
389	mut_M3	mut	130.431625366211	62.8031539916992	2.07683240531917
390	ctrl_M1	ctrl	73.5157852172852	35.7525510787964	2.05623886964768
390	ctrl_M2	ctrl	122.001846313477	46.2218370437622	2.63948501652946
390	ctrl_M3	ctrl	123.769348144531	53.6184058189392	2.30833696478184
390	mut_M1	mut	110.933631896973	48.315661907196	2.29601805124914
390	mut_M2	mut	142.393661499023	50.7493906021118	2.80582012531788
390	mut_M3	mut	107.704475402832	42.3250732421875	2.54469672826172
391	ctrl_M1	ctrl	115.644470214844	58.8552002906799	1.9648980828149
391	ctrl_M2	ctrl	148.28645324707	74.3579840660095	1.99422368841297
391	ctrl_M3	ctrl	137.813217163086	69.0245976448059	1.99658124589526
391	mut_M1	mut	175.203918457031	72.2955646514893	2.42343938112422
391	mut_M2	mut	172.053695678711	69.8331730365753	2.46378172718283
391	mut_M3	mut	159.045715332031	65.46284532547	2.42955701881401
392	ctrl_M1	ctrl	98.062385559082	29.1628823280334	3.36257522339681
392	ctrl_M2	ctrl	106.196670532227	43.4014301300049	2.44684726319212
392	ctrl_M3	ctrl	118.263305664062	42.4740567207336	2.78436567624426
392	mut_M1	mut	132.316253662109	35.1218314170837	3.76735062846834
392	mut_M2	mut	148.777252197266	40.9090089797974	3.63678455938002
392	mut_M3	mut	151.770660400391	36.5105466842651	4.15689914787824
393	ctrl_M1	ctrl	43.1173629760742	15.0791954994202	2.85939412203603
393	ctrl_M2	ctrl	59.622932434082	28.9762091636658	2.0576512302667
393	ctrl_M3	ctrl	75.7264938354492	20.4949595928192	3.6948837831318
393	mut_M1	mut	79.4016036987305	23.7261939048767	3.34657990308383
393	mut_M2	mut	94.2613372802734	22.3436014652252	4.21871726574511
393	mut_M3	mut	90.3391189575195	22.5975246429443	3.9977440177602
394	ctrl_M1	ctrl	129.674057006836	57.2606525421143	2.26462765005102
394	ctrl_M2	ctrl	186.285827636719	77.7214345932007	2.3968397985929
394	ctrl_M3	ctrl	174.494293212891	81.1016139984131	2.15155142555246
394	mut_M1	mut	167.605102539062	58.8223557472229	2.84934359411431
394	mut_M2	mut	186.340316772461	68.3963623046875	2.72441852890311
394	mut_M3	mut	164.03742980957	62.1919260025024	2.63760009302445
395	ctrl_M1	ctrl	91.8283081054688	118.703065395355	0.77359677106588
395	ctrl_M2	ctrl	149.00244140625	172.6697473526	0.862933106063911
395	ctrl_M3	ctrl	137.845336914062	163.970010280609	0.840674076181136
395	mut_M1	mut	165.111663818359	140.735844135284	1.17320263954678
395	mut_M2	mut	177.794326782227	153.456973552704	1.15859398674485
395	mut_M3	mut	164.766967773438	122.052048683167	1.34997297916034
396	ctrl_M1	ctrl	88.9921875	22.9437952041626	3.87870388085815
396	ctrl_M2	ctrl	120.183799743652	31.39386677742	3.82825730247713
396	ctrl_M3	ctrl	137.318740844727	26.1554141044617	5.2501076945787
396	mut_M1	mut	139.127716064453	31.0773453712463	4.47682111848518
396	mut_M2	mut	126.856941223145	26.5992788076401	4.76918724528379
396	mut_M3	mut	114.966773986816	22.2603286504745	5.16464854549061
397	ctrl_M1	ctrl	85.3270263671875	31.5710544586182	2.7026980197646
397	ctrl_M2	ctrl	101.945533752441	37.2920188903809	2.7337091631351
397	ctrl_M3	ctrl	111.704566955566	34.1766321659088	3.26844864096913
397	mut_M1	mut	155.135055541992	35.0396854877472	4.4274100461387
397	mut_M2	mut	149.421524047852	34.2829189300537	4.35848313711885
397	mut_M3	mut	130.559265136719	34.1433925628662	3.82385156648765
398	ctrl_M1	ctrl	28.6035766601562	6.63335782289505	4.31208106419813
398	ctrl_M2	ctrl	41.7102699279785	8.99065339565277	4.63929239538325
398	ctrl_M3	ctrl	37.2075233459473	8.39683043956757	4.43113906059337
398	mut_M1	mut	51.226863861084	9.03479540348053	5.669952840476
398	mut_M2	mut	58.1520385742188	10.6555200815201	5.4574566167889
398	mut_M3	mut	41.424560546875	9.94313967227936	4.1661448910713
399	ctrl_M1	ctrl	40.2247848510742	7.85773742198944	5.11913069766208
399	ctrl_M2	ctrl	52.7967567443848	9.96033751964569	5.30069956366929
399	ctrl_M3	ctrl	50.9103546142578	9.46888601779938	5.37659388005704
399	mut_M1	mut	68.3175201416016	13.2785766124725	5.14494302630533
399	mut_M2	mut	67.0976028442383	13.3305480480194	5.03337166653154
399	mut_M3	mut	65.8331146240234	12.5428488254547	5.24865726599689
400	ctrl_M1	ctrl	199.730514526367	77.2888469696045	2.58420874883689
400	ctrl_M2	ctrl	262.877563476562	111.992436885834	2.34727960910916
400	ctrl_M3	ctrl	288.086456298828	103.925081729889	2.77205898233106
400	mut_M1	mut	319.717163085938	88.9192523956299	3.59558986914796
400	mut_M2	mut	319.864776611328	88.1479887962341	3.6287246139074
400	mut_M3	mut	282.823669433594	82.9508395195007	3.40953353904399
401	ctrl_M1	ctrl	163.620697021484	104.886383533478	1.55998034739428
401	ctrl_M2	ctrl	221.897506713867	138.303088188171	1.60442915354109
401	ctrl_M3	ctrl	220.112014770508	138.924866676331	1.58439608427574
401	mut_M1	mut	265.582946777344	149.016540527344	1.78223803772045
401	mut_M2	mut	237.953414916992	139.059501647949	1.71116257499188
401	mut_M3	mut	216.466583251953	121.818684101105	1.7769571625999
402	ctrl_M1	ctrl	165.110992431641	134.964254379272	1.22336831475133
402	ctrl_M2	ctrl	220.724990844727	179.636637687683	1.22873036194587
402	ctrl_M3	ctrl	223.896759033203	183.731293678284	1.21860982171741
402	mut_M1	mut	298.363830566406	195.982511520386	1.52240028077899
402	mut_M2	mut	243.429870605469	178.835786819458	1.36119215809541
402	mut_M3	mut	230.292877197266	151.434850692749	1.52073895898979
403	ctrl_M1	ctrl	89.8154754638672	47.4556894302368	1.89261765116493
403	ctrl_M2	ctrl	131.530288696289	61.3037533760071	2.14555033669059
403	ctrl_M3	ctrl	126.995162963867	62.3058662414551	2.03825370907645
403	mut_M1	mut	163.301406860352	65.3385825157166	2.49931052332014
403	mut_M2	mut	145.020904541016	59.5781407356262	2.43412940971984
403	mut_M3	mut	141.259246826172	55.1576008796692	2.56101143946308
404	ctrl_M1	ctrl	208.699844360352	71.6612567901611	2.91231069211453
404	ctrl_M2	ctrl	269.770904541016	98.5189867019653	2.73826308584672
404	ctrl_M3	ctrl	268.371368408203	93.4862756729126	2.87070338909611
404	mut_M1	mut	343.82568359375	99.070333480835	3.47052110872588
404	mut_M2	mut	281.400085449219	85.7842435836792	3.28032367826061
404	mut_M3	mut	292.205780029297	80.9304046630859	3.6105809830774
405	ctrl_M1	ctrl	85.0369262695312	87.8844528198242	0.967599200325787
405	ctrl_M2	ctrl	102.58479309082	120.90926027298	0.848444468680167
405	ctrl_M3	ctrl	99.0570983886719	125.281373023987	0.790676985713639
405	mut_M1	mut	128.634002685547	121.686470031738	1.05709371511883
405	mut_M2	mut	133.324844360352	118.674859046936	1.12344641005743
405	mut_M3	mut	124.573829650879	102.027066230774	1.22098805986547
406	ctrl_M1	ctrl	123.095191955566	40.8820943832397	3.01098057261057
406	ctrl_M2	ctrl	161.917083740234	55.6731743812561	2.90835012624587
406	ctrl_M3	ctrl	160.099456787109	57.4506692886353	2.78672918469863
406	mut_M1	mut	168.899566650391	51.9618997573853	3.25045018444279
406	mut_M2	mut	163.031997680664	51.9011316299438	3.14120314067689
406	mut_M3	mut	151.907485961914	39.7469873428345	3.82186163322639
407	ctrl_M1	ctrl	132.210998535156	60.405216217041	2.18873479502351
407	ctrl_M2	ctrl	170.283905029297	69.1638708114624	2.4620354967333
407	ctrl_M3	ctrl	134.19677734375	68.6554040908813	1.95464259690482
407	mut_M1	mut	184.831695556641	69.1983375549316	2.67104242800509
407	mut_M2	mut	158.309722900391	68.1770334243774	2.32203888830084
407	mut_M3	mut	155.760894775391	54.4113793373108	2.86265293533154
408	ctrl_M1	ctrl	85.5700149536133	25.0487649440765	3.41613708878084
408	ctrl_M2	ctrl	90.3308563232422	29.9441454410553	3.01664498995496
408	ctrl_M3	ctrl	90.4087448120117	28.0038108825684	3.22844434249086
408	mut_M1	mut	118.711563110352	29.5817737579346	4.01299678923108
408	mut_M2	mut	120.781936645508	22.4113414287567	5.38932205506131
408	mut_M3	mut	108.744804382324	27.5704140663147	3.94425720704673
409	ctrl_M1	ctrl	87.8831024169922	25.1592767238617	3.49306950996893
409	ctrl_M2	ctrl	120.621116638184	30.6208629608154	3.93918083865039
409	ctrl_M3	ctrl	128.784408569336	32.9793019294739	3.90500711157383
409	mut_M1	mut	161.382339477539	38.3353118896484	4.20975678878242
409	mut_M2	mut	158.979370117188	35.4004888534546	4.49088064222236
409	mut_M3	mut	147.065124511719	29.4492938518524	4.99384213596239
410	ctrl_M1	ctrl	46.775016784668	18.0374047756195	2.59322321401203
410	ctrl_M2	ctrl	75.1799011230469	25.3301911354065	2.96799580868383
410	ctrl_M3	ctrl	56.6611938476562	29.7637434005737	1.90369850610135
410	mut_M1	mut	68.9088821411133	27.7010536193848	2.48759065586198
410	mut_M2	mut	68.2990188598633	32.9050936698914	2.07563666419093
410	mut_M3	mut	70.1891937255859	26.8438251018524	2.61472399925383
411	ctrl_M1	ctrl	231.656784057617	77.5180940628052	2.98842208207453
411	ctrl_M2	ctrl	345.012023925781	98.4983406066895	3.5027191504011
411	ctrl_M3	ctrl	328.147796630859	92.9748210906982	3.52942649183209
411	mut_M1	mut	386.019073486328	95.856707572937	4.02704289830326
411	mut_M2	mut	372.699249267578	87.6435899734497	4.25244161473168
411	mut_M3	mut	324.209228515625	74.9903950691223	4.32334338573341
412	ctrl_M1	ctrl	184.760757446289	115.246911048889	1.60317318498811
412	ctrl_M2	ctrl	218.375137329102	141.523882865906	1.54302675214199
412	ctrl_M3	ctrl	238.521469116211	148.018836975098	1.61142645078571
412	mut_M1	mut	309.257690429688	148.793788909912	2.07843144996414
412	mut_M2	mut	267.101104736328	139.513311386108	1.91452057214179
412	mut_M3	mut	252.557830810547	115.863824367523	2.17978158574696
413	ctrl_M1	ctrl	210.436477661133	243.040085792542	0.865850902639826
413	ctrl_M2	ctrl	278.252899169922	244.827110290527	1.13652813546559
413	ctrl_M3	ctrl	243.004592895508	259.869493484497	0.935102422516572
413	mut_M1	mut	329.694641113281	310.690351486206	1.06116794273194
413	mut_M2	mut	277.234619140625	253.953727722168	1.09167375343246
413	mut_M3	mut	278.726898193359	251.501016616821	1.10825356470832
414	ctrl_M1	ctrl	156.178115844727	54.8673968315125	2.84646483820474
414	ctrl_M2	ctrl	228.909378051758	69.5427513122559	3.29163534275377
414	ctrl_M3	ctrl	240.356552124023	66.334246635437	3.62341572136918
414	mut_M1	mut	290.956420898438	72.8516292572021	3.99382174242415
414	mut_M2	mut	248.623245239258	55.990140914917	4.44048257740711
414	mut_M3	mut	228.723617553711	55.4493141174316	4.12491337709454
415	ctrl_M1	ctrl	149.117858886719	132.516363620758	1.12527883208048
415	ctrl_M2	ctrl	232.935852050781	186.315949440002	1.25021960143993
415	ctrl_M3	ctrl	210.334564208984	187.520944595337	1.12165904807529
415	mut_M1	mut	296.126586914062	189.05499458313	1.56635156646894
415	mut_M2	mut	246.125030517578	160.200961112976	1.53635177222194
415	mut_M3	mut	219.311950683594	150.676173210144	1.45551845398758
416	ctrl_M1	ctrl	164.44792175293	53.2338981628418	3.08915798820304
416	ctrl_M2	ctrl	211.064208984375	78.6139373779297	2.68481920667199
416	ctrl_M3	ctrl	195.722869873047	74.5276298522949	2.62617864355739
416	mut_M1	mut	251.468490600586	71.5321359634399	3.51546178809915
416	mut_M2	mut	191.722213745117	80.6872367858887	2.37611574497055
416	mut_M3	mut	242.811645507812	73.8529024124146	3.28777390700079
417	ctrl_M1	ctrl	229.741989135742	107.221769332886	2.1426804516019
417	ctrl_M2	ctrl	286.344543457031	138.095597267151	2.07352405959103
417	ctrl_M3	ctrl	306.573852539062	142.164463996887	2.15647317142331
417	mut_M1	mut	349.309265136719	147.015358924866	2.37600525340511
417	mut_M2	mut	324.611236572266	137.547203063965	2.35999881743367
417	mut_M3	mut	282.246368408203	125.601104736328	2.24716469652649
418	ctrl_M1	ctrl	89.0209808349609	128.580659866333	0.692335697510834
418	ctrl_M2	ctrl	146.887619018555	164.129926681519	0.894947204257142
418	ctrl_M3	ctrl	182.996871948242	169.291604995728	1.08095656576037
418	mut_M1	mut	201.843719482422	183.233717918396	1.10156428508597
418	mut_M2	mut	157.430816650391	174.293014526367	0.903253736692783
418	mut_M3	mut	181.938018798828	161.064884185791	1.12959457127203
419	ctrl_M1	ctrl	125.697570800781	33.8673844337463	3.71146378447616
419	ctrl_M2	ctrl	167.075592041016	39.9843802452087	4.17852148805123
419	ctrl_M3	ctrl	154.962860107422	36.7682962417603	4.21457820858776
419	mut_M1	mut	187.79035949707	41.2165355682373	4.55618981333762
419	mut_M2	mut	184.502258300781	36.3855195045471	5.07076058863812
419	mut_M3	mut	170.354461669922	29.8948125839233	5.69846227306787
420	ctrl_M1	ctrl	142.795394897461	195.289047241211	0.731200223026781
420	ctrl_M2	ctrl	165.137649536133	227.506614685059	0.725858673448839
420	ctrl_M3	ctrl	183.409072875977	222.225798606873	0.825327545342454
420	mut_M1	mut	194.170532226562	272.23078250885	0.713257077091383
420	mut_M2	mut	180.082809448242	231.86378288269	0.776675025350352
420	mut_M3	mut	157.13362121582	215.473425865173	0.729248261519462
421	ctrl_M1	ctrl	59.2100028991699	22.0756350755692	2.68214267433225
421	ctrl_M2	ctrl	70.6639785766602	26.0041848421097	2.71740794820959
421	ctrl_M3	ctrl	68.9173431396484	31.0297861099243	2.22100606480192
421	mut_M1	mut	104.871894836426	31.1740672588348	3.36407482429822
421	mut_M2	mut	96.7432174682617	31.6534893512726	3.05632078645928
421	mut_M3	mut	96.9970779418945	27.8473809957504	3.48316697921059
422	ctrl_M1	ctrl	121.43675994873	197.281365394592	0.615551092247556
422	ctrl_M2	ctrl	141.276092529297	235.848881721497	0.599011076491444
422	ctrl_M3	ctrl	143.372756958008	227.161337852478	0.631149465456645
422	mut_M1	mut	181.210418701172	264.86190032959	0.684169442549784
422	mut_M2	mut	168.805816650391	261.950922012329	0.644417722807044
422	mut_M3	mut	163.119903564453	235.396650314331	0.69295762427645
423	ctrl_M1	ctrl	100.290626525879	53.277435541153	1.88242218318507
423	ctrl_M2	ctrl	164.564392089844	79.8182096481323	2.061739956525
423	ctrl_M3	ctrl	170.319244384766	67.1351461410522	2.53696095375918
423	mut_M1	mut	217.839874267578	84.1493282318115	2.58872980741428
423	mut_M2	mut	194.44157409668	77.252495765686	2.51696171326864
423	mut_M3	mut	194.580749511719	77.4160385131836	2.51344234668611
424	ctrl_M1	ctrl	130.263076782227	34.8199214935303	3.74105027222506
424	ctrl_M2	ctrl	147.113800048828	44.8605861663818	3.27935527866718
424	ctrl_M3	ctrl	160.322540283203	41.473042011261	3.86570486533569
424	mut_M1	mut	196.072189331055	35.6109266281128	5.50595583705668
424	mut_M2	mut	204.500015258789	40.7709784507751	5.01582309351963
424	mut_M3	mut	145.37678527832	34.3155765533447	4.23646634793757
425	ctrl_M1	ctrl	96.6699905395508	61.2837390899658	1.57741665203615
425	ctrl_M2	ctrl	144.328033447266	80.3255853652954	1.79678782035521
425	ctrl_M3	ctrl	136.811599731445	85.0351209640503	1.60888346109702
425	mut_M1	mut	181.077484130859	90.7703776359558	1.99489622988118
425	mut_M2	mut	186.408447265625	82.5657176971436	2.25769789768416
425	mut_M3	mut	149.112640380859	78.3409109115601	1.90338149819568
426	ctrl_M1	ctrl	78.5900344848633	21.8964128494263	3.58917394485109
426	ctrl_M2	ctrl	84.9220657348633	33.7794027328491	2.51401916151347
426	ctrl_M3	ctrl	91.0193710327148	33.7739858627319	2.69495496926676
426	mut_M1	mut	120.087112426758	41.3317165374756	2.90544701471265
426	mut_M2	mut	121.218879699707	32.7318496704102	3.7033922897822
426	mut_M3	mut	127.022819519043	37.2195024490356	3.41280272870316
427	ctrl_M1	ctrl	345.647888183594	147.496395111084	2.34343278643031
427	ctrl_M2	ctrl	430.337371826172	204.723516464233	2.10204171586392
427	ctrl_M3	ctrl	419.938507080078	189.823567390442	2.21225695446088
427	mut_M1	mut	541.828979492188	196.51383972168	2.75720519358623
427	mut_M2	mut	443.609802246094	176.076619148254	2.51941344848619
427	mut_M3	mut	441.691925048828	178.995610237122	2.46761316919283
428	ctrl_M1	ctrl	267.226745605469	127.036077022552	2.10355004553571
428	ctrl_M2	ctrl	333.630401611328	165.708787918091	2.01335370201513
428	ctrl_M3	ctrl	319.383239746094	159.339228630066	2.00442315738579
428	mut_M1	mut	371.256408691406	163.021019935608	2.27735299925157
428	mut_M2	mut	331.220397949219	148.249929428101	2.23420273606172
428	mut_M3	mut	332.197784423828	145.076877593994	2.2898051704249
429	ctrl_M1	ctrl	167.885879516602	204.441374778748	0.821193262363318
429	ctrl_M2	ctrl	232.66552734375	235.568551063538	0.98767652258045
429	ctrl_M3	ctrl	224.4033203125	250.123772621155	0.89716910136482
429	mut_M1	mut	270.75732421875	249.579031944275	1.0848560558533
429	mut_M2	mut	245.478042602539	229.50640296936	1.06959125944434
429	mut_M3	mut	233.774505615234	221.616172790527	1.05486211891313
430	ctrl_M1	ctrl	174.397979736328	36.4088201522827	4.78999261736291
430	ctrl_M2	ctrl	243.39453125	45.8984966278076	5.3028867856761
430	ctrl_M3	ctrl	245.599334716797	52.5676517486572	4.67206212465198
430	mut_M1	mut	258.635192871094	49.8622646331787	5.18699250372587
430	mut_M2	mut	242.975494384766	46.0574431419373	5.27548812546926
430	mut_M3	mut	272.031127929688	41.168025970459	6.6078254061754
431	ctrl_M1	ctrl	188.754333496094	160.057267904282	1.17929248679275
431	ctrl_M2	ctrl	290.748687744141	188.890675067902	1.53924320318948
431	ctrl_M3	ctrl	244.301498413086	208.400925636292	1.17226685854289
431	mut_M1	mut	287.076049804688	210.247341156006	1.36542059569578
431	mut_M2	mut	278.492523193359	201.741261959076	1.3804440424778
431	mut_M3	mut	296.800933837891	176.926937103271	1.67753389448351
432	ctrl_M1	ctrl	212.004730224609	112.877338886261	1.87818682045856
432	ctrl_M2	ctrl	280.293090820312	156.7476811409	1.78818014263547
432	ctrl_M3	ctrl	261.022979736328	142.813910484314	1.82771397303765
432	mut_M1	mut	298.235107421875	158.77670955658	1.87833031843754
432	mut_M2	mut	288.067901611328	146.908892631531	1.96086088766488
432	mut_M3	mut	267.084350585938	131.90311384201	2.02485250580091
433	ctrl_M1	ctrl	117.202445983887	26.3124041557312	4.45426595343468
433	ctrl_M2	ctrl	157.678619384766	39.240541934967	4.01825794470639
433	ctrl_M3	ctrl	140.91178894043	33.6113557815552	4.19238634276566
433	mut_M1	mut	180.316772460938	30.6097066402435	5.89083634744377
433	mut_M2	mut	138.447387695312	32.332706451416	4.28196098904826
433	mut_M3	mut	155.496337890625	29.5376727581024	5.26433951530495
434	ctrl_M1	ctrl	197.134719848633	155.305088043213	1.26933845073885
434	ctrl_M2	ctrl	268.134246826172	223.311698913574	1.20071741933209
434	ctrl_M3	ctrl	254.030563354492	208.698732376099	1.21721181754329
434	mut_M1	mut	299.491760253906	212.634347915649	1.40848251089101
434	mut_M2	mut	278.513671875	188.668573379517	1.47620595675336
434	mut_M3	mut	314.118194580078	206.798362731934	1.51895880813747
435	ctrl_M1	ctrl	203.842880249023	32.5764565467834	6.25736810743311
435	ctrl_M2	ctrl	278.966979980469	51.1654515266418	5.45225287096725
435	ctrl_M3	ctrl	257.416931152344	48.3034949302673	5.32915747657514
435	mut_M1	mut	317.485809326172	45.5354118347168	6.97228369161507
435	mut_M2	mut	312.726104736328	49.3169145584106	6.34115308178774
435	mut_M3	mut	270.420928955078	43.3853454589844	6.23300162979522
436	ctrl_M1	ctrl	147.997894287109	28.8977155685425	5.12143923404856
436	ctrl_M2	ctrl	160.780563354492	44.9516775608063	3.57674222807378
436	ctrl_M3	ctrl	182.462417602539	41.2008490562439	4.42860819090055
436	mut_M1	mut	228.777526855469	40.7961058616638	5.60782756156272
436	mut_M2	mut	213.959777832031	36.3908700942993	5.87949057765311
436	mut_M3	mut	216.921920776367	31.9568257331848	6.787968322871
437	ctrl_M1	ctrl	108.73371887207	18.4757066369057	5.88522653065253
437	ctrl_M2	ctrl	127.804695129395	27.1433348655701	4.70851115982466
437	ctrl_M3	ctrl	127.343612670898	18.1380274295807	7.02080825300871
437	mut_M1	mut	150.618377685547	23.131817817688	6.51130744987862
437	mut_M2	mut	133.778625488281	20.1779158115387	6.62995260450934
437	mut_M3	mut	163.024566650391	19.5706008672714	8.33007467456056
438	ctrl_M1	ctrl	94.5973510742188	51.1774563789368	1.84841838120646
438	ctrl_M2	ctrl	101.047050476074	77.1854057312012	1.30914710519203
438	ctrl_M3	ctrl	113.451454162598	69.7364616394043	1.62685991654174
438	mut_M1	mut	128.687835693359	69.0011825561523	1.86500913355557
438	mut_M2	mut	123.301292419434	63.3915457725525	1.94507470857133
438	mut_M3	mut	125.038864135742	59.0000057220459	2.11930257642365
439	ctrl_M1	ctrl	104.893058776855	38.5597624778748	2.72027243002449
439	ctrl_M2	ctrl	171.767929077148	48.4289922714233	3.54679957234014
439	ctrl_M3	ctrl	156.824142456055	43.1898417472839	3.63104230327301
439	mut_M1	mut	201.367065429688	45.8142442703247	4.39529383572347
439	mut_M2	mut	216.070617675781	42.0640921592712	5.13669989257471
439	mut_M3	mut	193.77375793457	48.283980846405	4.01321006548692
440	ctrl_M1	ctrl	104.485122680664	88.6776423454285	1.17825778761303
440	ctrl_M2	ctrl	145.568984985352	126.782005310059	1.14818332956122
440	ctrl_M3	ctrl	148.311172485352	119.993507862091	1.23599330603624
440	mut_M1	mut	175.774032592773	113.425949573517	1.54968094385532
440	mut_M2	mut	157.512390136719	103.965252399445	1.5150484080156
440	mut_M3	mut	174.38298034668	99.5882306098938	1.75104005040286
441	ctrl_M1	ctrl	291.398986816406	139.299218177795	2.09189247885424
441	ctrl_M2	ctrl	371.251525878906	187.107577323914	1.98416082976805
441	ctrl_M3	ctrl	336.446960449219	169.737866401672	1.98215617753225
441	mut_M1	mut	444.715362548828	208.490480422974	2.13302478677499
441	mut_M2	mut	402.407775878906	180.245397567749	2.2325550683071
441	mut_M3	mut	390.632141113281	159.642496109009	2.44691827448342
442	ctrl_M1	ctrl	99.4348068237305	111.131103038788	0.894752271009359
442	ctrl_M2	ctrl	140.652984619141	164.195864677429	0.856617095049624
442	ctrl_M3	ctrl	130.837738037109	156.533030509949	0.835847473283243
442	mut_M1	mut	145.684921264648	139.011400222778	1.04800700540513
442	mut_M2	mut	164.962097167969	141.575637817383	1.16518703154812
442	mut_M3	mut	156.823486328125	140.045088768005	1.11980711146475
443	ctrl_M1	ctrl	90.8611373901367	35.4900598526001	2.56018552145327
443	ctrl_M2	ctrl	109.640731811523	58.5364413261414	1.87303377738065
443	ctrl_M3	ctrl	108.227035522461	50.0096406936646	2.16412343742697
443	mut_M1	mut	136.845016479492	52.0226907730103	2.63048709026962
443	mut_M2	mut	123.375640869141	49.9125671386719	2.47183520988545
443	mut_M3	mut	121.526786804199	48.8485751152039	2.4878266462756
444	ctrl_M1	ctrl	140.628723144531	36.6379806995392	3.83833171095862
444	ctrl_M2	ctrl	172.245483398438	55.8607783317566	3.08347804206152
444	ctrl_M3	ctrl	155.816207885742	54.1924748420715	2.87523698336022
444	mut_M1	mut	195.626876831055	51.0672359466553	3.83077081037646
444	mut_M2	mut	190.940521240234	52.2199993133545	3.65646349580484
444	mut_M3	mut	185.981094360352	42.5409202575684	4.37181643542993
445	ctrl_M1	ctrl	121.24951171875	185.846812486649	0.652416418104888
445	ctrl_M2	ctrl	155.687240600586	219.619405269623	0.708895647948101
445	ctrl_M3	ctrl	144.239059448242	216.642257213593	0.665793743581769
445	mut_M1	mut	170.58903503418	212.236850261688	0.803767276153238
445	mut_M2	mut	174.048461914062	201.986071586609	0.861685464482302
445	mut_M3	mut	152.051177978516	181.733306884766	0.836672047545632
446	ctrl_M1	ctrl	87.7815628051758	22.1700346469879	3.9594689048942
446	ctrl_M2	ctrl	134.429672241211	42.7797045707703	3.14237028025345
446	ctrl_M3	ctrl	117.824577331543	38.7443699836731	3.04107609392524
446	mut_M1	mut	123.450996398926	43.3162355422974	2.84999365372779
446	mut_M2	mut	126.040199279785	42.2026014328003	2.98655047320911
446	mut_M3	mut	111.268363952637	39.5670924186707	2.81214406090987
447	ctrl_M1	ctrl	151.603073120117	43.6963472366333	3.46946787792411
447	ctrl_M2	ctrl	191.315231323242	71.4848594665527	2.67630422373226
447	ctrl_M3	ctrl	198.623184204102	58.5235567092896	3.39390145391785
447	mut_M1	mut	246.502639770508	63.5835194587708	3.87683226516498
447	mut_M2	mut	239.39616394043	69.4300241470337	3.4480207501218
447	mut_M3	mut	241.600006103516	66.6489028930664	3.62496598767944
448	ctrl_M1	ctrl	139.407806396484	109.019847393036	1.27873786039981
448	ctrl_M2	ctrl	156.961227416992	149.719533920288	1.04836839460481
448	ctrl_M3	ctrl	183.01123046875	137.26124382019	1.33330593090422
448	mut_M1	mut	251.819366455078	154.59303188324	1.62891796213215
448	mut_M2	mut	240.973266601562	140.817669868469	1.71124310483651
448	mut_M3	mut	221.369888305664	136.617841720581	1.62035855286327
449	ctrl_M1	ctrl	146.660079956055	23.1200180053711	6.34342412371753
449	ctrl_M2	ctrl	208.310073852539	28.1111273765564	7.41023549365941
449	ctrl_M3	ctrl	210.678939819336	30.6270921230316	6.87884239786855
449	mut_M1	mut	243.078536987305	34.7147340774536	7.00217194361798
449	mut_M2	mut	248.721206665039	29.9608755111694	8.30153333043674
449	mut_M3	mut	216.585601806641	33.0115215778351	6.56090938722627
450	ctrl_M1	ctrl	86.0100708007812	179.131820678711	0.480149593047726
450	ctrl_M2	ctrl	158.623123168945	230.377172470093	0.688536635241226
450	ctrl_M3	ctrl	156.025054931641	224.834502220154	0.693955124284545
450	mut_M1	mut	159.303375244141	219.07555437088	0.72716180361434
450	mut_M2	mut	164.149566650391	214.904810905457	0.763824532167431
450	mut_M3	mut	147.011703491211	206.023189544678	0.713568719211243
451	ctrl_M1	ctrl	86.4425582885742	33.0048742294312	2.61908461422015
451	ctrl_M2	ctrl	103.929962158203	43.1918187141418	2.40624185904388
451	ctrl_M3	ctrl	119.458686828613	42.2042922973633	2.83048667151982
451	mut_M1	mut	135.008819580078	42.6109533309937	3.16840645482291
451	mut_M2	mut	106.704483032227	38.8082036972046	2.74953419294469
451	mut_M3	mut	104.032051086426	37.2584171295166	2.79217581157011
452	ctrl_M1	ctrl	101.356842041016	48.8025808334351	2.07687463060509
452	ctrl_M2	ctrl	143.581192016602	78.633617401123	1.82595175908251
452	ctrl_M3	ctrl	102.911865234375	66.9815335273743	1.53642145550932
452	mut_M1	mut	154.922424316406	60.6667122840881	2.55366441469484
452	mut_M2	mut	184.339370727539	64.4564805030823	2.85990437716692
452	mut_M3	mut	160.798675537109	59.8290901184082	2.6876336447516
453	ctrl_M1	ctrl	86.9416198730469	40.6386013031006	2.13938514331726
453	ctrl_M2	ctrl	105.559684753418	46.7094688415527	2.25992046947689
453	ctrl_M3	ctrl	126.398811340332	45.9929542541504	2.74822118713815
453	mut_M1	mut	150.891220092773	42.8797945976257	3.51893523531776
453	mut_M2	mut	141.620223999023	45.5853915214539	3.10670193393804
453	mut_M3	mut	112.26057434082	36.4587340354919	3.07911334034628
454	ctrl_M1	ctrl	125.60237121582	62.1094961166382	2.02227322823463
454	ctrl_M2	ctrl	147.975189208984	75.5172748565674	1.95948793822392
454	ctrl_M3	ctrl	181.351470947266	86.2871961593628	2.10171936300178
454	mut_M1	mut	186.898681640625	70.8420748710632	2.63824403761171
454	mut_M2	mut	201.916915893555	75.1408843994141	2.68717779285453
454	mut_M3	mut	168.295639038086	63.6595048904419	2.6436843850376
455	ctrl_M1	ctrl	101.778198242188	46.7401914596558	2.17753062329747
455	ctrl_M2	ctrl	124.574653625488	73.0139212608337	1.70617673279675
455	ctrl_M3	ctrl	118.782653808594	70.0022959709167	1.6968393987812
455	mut_M1	mut	150.730377197266	63.5828189849854	2.37061488627706
455	mut_M2	mut	160.648834228516	51.2079029083252	3.13718830697123
455	mut_M3	mut	171.937530517578	58.0995864868164	2.95935893720333
456	ctrl_M1	ctrl	100.076354980469	47.2280797958374	2.11900114112387
456	ctrl_M2	ctrl	139.559585571289	58.5399036407471	2.38400777745981
456	ctrl_M3	ctrl	146.028182983398	56.5008554458618	2.58453047889373
456	mut_M1	mut	178.738235473633	55.6009244918823	3.2146630133772
456	mut_M2	mut	194.697860717773	57.3681793212891	3.3938302212342
456	mut_M3	mut	193.517608642578	50.3032360076904	3.84702106665648
457	ctrl_M1	ctrl	68.6426010131836	31.8921985626221	2.15233204692364
457	ctrl_M2	ctrl	69.8208770751953	43.3735809326172	1.6097558830493
457	ctrl_M3	ctrl	71.5584564208984	46.0853886604309	1.55273631189616
457	mut_M1	mut	113.34774017334	52.1825671195984	2.17213806123328
457	mut_M2	mut	117.605697631836	52.7573800086975	2.22918002395964
457	mut_M3	mut	98.3626937866211	40.0089321136475	2.45851835053274
458	ctrl_M1	ctrl	213.486938476562	117.22220993042	1.82121577987041
458	ctrl_M2	ctrl	265.340850830078	150.096516609192	1.76780152414162
458	ctrl_M3	ctrl	260.155731201172	146.838136196136	1.77171774268282
458	mut_M1	mut	302.344360351562	142.398553848267	2.12322634030207
458	mut_M2	mut	281.028686523438	134.601044654846	2.08786408191758
458	mut_M3	mut	244.518371582031	123.48336315155	1.9801725944404
459	ctrl_M1	ctrl	116.072700500488	50.2274241447449	2.31094272654698
459	ctrl_M2	ctrl	149.327529907227	79.2244467735291	1.88486680549621
459	ctrl_M3	ctrl	165.05973815918	74.4791941642761	2.21618587595233
459	mut_M1	mut	202.607315063477	69.4839816093445	2.91588522089283
459	mut_M2	mut	180.419815063477	61.120014667511	2.95189417157291
459	mut_M3	mut	188.214294433594	59.7616534233093	3.14941578172907
460	ctrl_M1	ctrl	204.11247253418	108.836055755615	1.87541225301753
460	ctrl_M2	ctrl	276.474670410156	148.841689109802	1.85750828322163
460	ctrl_M3	ctrl	301.553985595703	153.756387710571	1.96124525351977
460	mut_M1	mut	337.692352294922	158.724799156189	2.12753365630423
460	mut_M2	mut	306.862609863281	141.856670379639	2.16318773760904
460	mut_M3	mut	314.844940185547	142.593753814697	2.20798549559676
461	ctrl_M1	ctrl	231.942962646484	44.3687529563904	5.22761960144471
461	ctrl_M2	ctrl	313.78125	63.366747379303	4.95182825341747
461	ctrl_M3	ctrl	290.180725097656	61.5778512954712	4.71242044002594
461	mut_M1	mut	342.997619628906	64.2709932327271	5.33674060998097
461	mut_M2	mut	343.962005615234	61.3610548973083	5.60554257404598
461	mut_M3	mut	305.745574951172	58.2777304649353	5.24635349578573
462	ctrl_M1	ctrl	114.89134979248	26.326464176178	4.36410104386301
462	ctrl_M2	ctrl	148.230865478516	29.6477653980255	4.9997314633496
462	ctrl_M3	ctrl	151.012344360352	33.8395042419434	4.46260510439674
462	mut_M1	mut	180.582382202148	32.6638121604919	5.5285152056002
462	mut_M2	mut	171.826690673828	33.4765214920044	5.13275223995025
462	mut_M3	mut	181.221633911133	33.1523571014404	5.466327276719
463	ctrl_M1	ctrl	132.486190795898	92.5647954940796	1.43128054341537
463	ctrl_M2	ctrl	173.168579101562	121.115118026733	1.42978500060859
463	ctrl_M3	ctrl	178.61669921875	130.347241401672	1.37031437948374
463	mut_M1	mut	213.117080688477	124.822964191437	1.70735474893567
463	mut_M2	mut	207.882278442383	115.667819499969	1.79723521495482
463	mut_M3	mut	159.180236816406	98.6946425437927	1.61285590295111
464	ctrl_M1	ctrl	126.659484863281	103.037260532379	1.22925904870577
464	ctrl_M2	ctrl	156.748062133789	146.768649101257	1.06799417378058
464	ctrl_M3	ctrl	181.488265991211	139.990917205811	1.29642886562699
464	mut_M1	mut	233.201568603516	145.032252311707	1.60792902879501
464	mut_M2	mut	209.069671630859	133.636255264282	1.56446819927271
464	mut_M3	mut	178.518463134766	118.608057022095	1.50511244865524
465	ctrl_M1	ctrl	205.729415893555	120.755081176758	1.70369158704315
465	ctrl_M2	ctrl	295.797729492188	176.447156906128	1.67640972333465
465	ctrl_M3	ctrl	275.789184570312	174.729536056519	1.57837759313402
465	mut_M1	mut	359.183654785156	175.676352500916	2.04457600395184
465	mut_M2	mut	323.247100830078	162.158535003662	1.99340170915319
465	mut_M3	mut	276.724853515625	155.838747024536	1.77571277233162
466	ctrl_M1	ctrl	65.265510559082	37.8186893463135	1.72574755199559
466	ctrl_M2	ctrl	74.7165603637695	51.3614253997803	1.45472131628359
466	ctrl_M3	ctrl	75.6598892211914	52.1260986328125	1.45147807347248
466	mut_M1	mut	98.9822235107422	51.6517066955566	1.91633984321485
466	mut_M2	mut	98.5109405517578	47.0425209999084	2.09408293726328
466	mut_M3	mut	90.4133453369141	41.3868341445923	2.18459196518968
467	ctrl_M1	ctrl	95.7868041992188	98.0389088988304	0.977028460180685
467	ctrl_M2	ctrl	126.48169708252	142.080548048019	0.890211213429245
467	ctrl_M3	ctrl	111.744110107422	135.310606360435	0.825834079922471
467	mut_M1	mut	149.173065185547	132.493667840958	1.12588826029491
467	mut_M2	mut	132.068771362305	117.356263160706	1.12536619525327
467	mut_M3	mut	124.17667388916	112.470063686371	1.10408645482263
468	ctrl_M1	ctrl	102.015296936035	86.6298299431801	1.17760010614065
468	ctrl_M2	ctrl	140.116592407227	124.108575820923	1.12898396811355
468	ctrl_M3	ctrl	153.652618408203	133.681663036346	1.14939188306198
468	mut_M1	mut	153.782241821289	113.177146553993	1.35877468644188
468	mut_M2	mut	172.868530273438	113.806536197662	1.51896838309176
468	mut_M3	mut	166.795349121094	105.454102635384	1.58168667650421
469	ctrl_M1	ctrl	76.0419769287109	37.5136938095093	2.02704583864347
469	ctrl_M2	ctrl	99.8632049560547	50.4827303886414	1.97816568531967
469	ctrl_M3	ctrl	114.70841217041	50.4394960403442	2.27417839541181
469	mut_M1	mut	179.079544067383	60.1828985214233	2.97558855533746
469	mut_M2	mut	157.120986938477	51.5677881240845	3.04688241738051
469	mut_M3	mut	162.440536499023	43.8906722068787	3.70102639880656
470	ctrl_M1	ctrl	119.906097412109	29.0497040748596	4.12761855002438
470	ctrl_M2	ctrl	183.136413574219	45.5543112754822	4.02017742001918
470	ctrl_M3	ctrl	182.413330078125	40.7899165153503	4.47202018688805
470	mut_M1	mut	230.774642944336	40.645350933075	5.67776234296317
470	mut_M2	mut	208.210800170898	43.7642955780029	4.757549445753
470	mut_M3	mut	201.136917114258	38.6809649467468	5.19989398897284
471	ctrl_M1	ctrl	44.3530120849609	31.8421897888184	1.39290081426925
471	ctrl_M2	ctrl	80.4250946044922	41.9547924995422	1.91694654681869
471	ctrl_M3	ctrl	75.5311126708984	41.3474321365356	1.82674252711711
471	mut_M1	mut	82.2981872558594	39.4308547973633	2.08715199502504
471	mut_M2	mut	73.660270690918	46.9452834129333	1.56906648199347
471	mut_M3	mut	72.9015808105469	41.7157702445984	1.74757844295076
472	ctrl_M1	ctrl	73.04443359375	25.9484620094299	2.81498123346212
472	ctrl_M2	ctrl	98.5140228271484	37.0962347984314	2.65563401144189
472	ctrl_M3	ctrl	91.7152099609375	40.6651554107666	2.25537586256598
472	mut_M1	mut	111.486862182617	37.9167304039001	2.94030790616771
472	mut_M2	mut	98.7307739257812	37.7966055870056	2.61215980621616
472	mut_M3	mut	97.0874252319336	29.1862535476685	3.32647782536959
473	ctrl_M1	ctrl	64.2918472290039	28.7444553375244	2.23666952370721
473	ctrl_M2	ctrl	81.9052963256836	35.9614286422729	2.27758738787711
473	ctrl_M3	ctrl	88.8080978393555	34.2684631347656	2.59154014261173
473	mut_M1	mut	109.369087219238	35.5317091941833	3.07806997466765
473	mut_M2	mut	119.831268310547	34.4940638542175	3.47396783449438
473	mut_M3	mut	107.083084106445	32.3590240478516	3.30921859534744
474	ctrl_M1	ctrl	70.5410919189453	26.9599256515503	2.61651655982549
474	ctrl_M2	ctrl	77.298942565918	39.8807735443115	1.93825083357601
474	ctrl_M3	ctrl	83.9498062133789	40.0172843933105	2.09783865862253
474	mut_M1	mut	101.835052490234	35.5210828781128	2.86689042785299
474	mut_M2	mut	100.077980041504	34.4406461715698	2.90581017391354
474	mut_M3	mut	96.6732864379883	37.7657990455627	2.5598104338096
475	ctrl_M1	ctrl	77.5361099243164	34.7976789474487	2.22819774966632
475	ctrl_M2	ctrl	114.441360473633	45.601580619812	2.50959196848349
475	ctrl_M3	ctrl	85.1531372070312	45.0266180038452	1.89117328775968
475	mut_M1	mut	126.672264099121	37.1553208827972	3.40926309043854
475	mut_M2	mut	110.689788818359	38.4915046691895	2.87569399454943
475	mut_M3	mut	122.064033508301	38.0254144668579	3.21006451132016
476	ctrl_M1	ctrl	45.871654510498	17.5819153785706	2.60902487145445
476	ctrl_M2	ctrl	60.6227607727051	28.1813688278198	2.15116452089652
476	ctrl_M3	ctrl	66.6856079101562	19.9287984371185	3.3461931044448
476	mut_M1	mut	69.3631057739258	24.644898891449	2.814501535569
476	mut_M2	mut	59.7157821655273	26.0077829360962	2.2960735373813
476	mut_M3	mut	78.5344848632812	22.6921186447144	3.46087053804358
477	ctrl_M1	ctrl	115.303642272949	79.1055874824524	1.45759163091389
477	ctrl_M2	ctrl	140.880172729492	106.62278842926	1.32129514529589
477	ctrl_M3	ctrl	175.41667175293	112.59666633606	1.55792065130397
477	mut_M1	mut	221.321105957031	97.5801882743835	2.26809468059954
477	mut_M2	mut	180.093826293945	102.649852752686	1.75444797498001
477	mut_M3	mut	177.423706054688	85.1927266120911	2.08261565406344
478	ctrl_M1	ctrl	83.3757400512695	46.5786695480347	1.78999831597353
478	ctrl_M2	ctrl	107.728370666504	67.1577010154724	1.6041104599707
478	ctrl_M3	ctrl	114.808708190918	76.8567051887512	1.49380210755797
478	mut_M1	mut	136.843292236328	66.0348076820374	2.07229031233405
478	mut_M2	mut	113.014274597168	64.0381212234497	1.76479684972057
478	mut_M3	mut	122.889106750488	59.9755582809448	2.04898645836419
479	ctrl_M1	ctrl	97.1080932617188	23.4106398820877	4.14803242247212
479	ctrl_M2	ctrl	145.893859863281	37.9321568012238	3.84617886685986
479	ctrl_M3	ctrl	99.1603088378906	36.297595500946	2.73186990679055
479	mut_M1	mut	147.540222167969	33.4928162097931	4.4051303791178
479	mut_M2	mut	147.334457397461	29.4183640480042	5.00824781272828
479	mut_M3	mut	142.554092407227	31.0771193504333	4.5871076659246
480	ctrl_M1	ctrl	59.423755645752	21.2979929447174	2.79011058929339
480	ctrl_M2	ctrl	68.3320083618164	33.1542887687683	2.06103074140399
480	ctrl_M3	ctrl	67.6213531494141	30.1135149002075	2.24554833182054
480	mut_M1	mut	88.6670913696289	28.797390460968	3.07899743519498
480	mut_M2	mut	100.854888916016	33.0069971084595	3.05556087349028
480	mut_M3	mut	100.074005126953	29.4496660232544	3.39813718253822
481	ctrl_M1	ctrl	151.239700317383	51.2215127944946	2.9526597725485
481	ctrl_M2	ctrl	153.717391967773	62.9685077667236	2.44117889115687
481	ctrl_M3	ctrl	160.482559204102	56.3032255172729	2.85032620653089
481	mut_M1	mut	196.572998046875	56.5380868911743	3.4768243648789
481	mut_M2	mut	195.503768920898	58.7942008972168	3.32522197661425
481	mut_M3	mut	173.27685546875	46.4274263381958	3.7322089362984
482	ctrl_M1	ctrl	126.366561889648	37.7111940383911	3.35090322944968
482	ctrl_M2	ctrl	158.753189086914	49.7600898742676	3.19037183188469
482	ctrl_M3	ctrl	158.751342773438	45.4015929698944	3.49660292489527
482	mut_M1	mut	205.603866577148	53.6770997047424	3.83038330513567
482	mut_M2	mut	221.756454467773	54.9026775360107	4.03908268995302
482	mut_M3	mut	186.219207763672	53.8386187553406	3.4588407367936
483	ctrl_M1	ctrl	80.5716094970703	24.5948004722595	3.27596109543344
483	ctrl_M2	ctrl	100.339645385742	33.1076760292053	3.03070639259697
483	ctrl_M3	ctrl	101.092674255371	30.1765308380127	3.35004294556043
483	mut_M1	mut	114.488494873047	28.7187805175781	3.98653747860119
483	mut_M2	mut	128.532958984375	36.2300734519958	3.54768695555306
483	mut_M3	mut	135.374465942383	30.7838950157166	4.39757431193382
484	ctrl_M1	ctrl	152.191177368164	147.16108417511	1.03418086528276
484	ctrl_M2	ctrl	154.34375	160.842290878296	0.959596814725717
484	ctrl_M3	ctrl	180.543350219727	158.66999912262	1.137854359476
484	mut_M1	mut	239.791213989258	200.007564544678	1.19891072387761
484	mut_M2	mut	233.905776977539	177.994366645813	1.31411898806316
484	mut_M3	mut	154.929275512695	131.178405761719	1.18105777100325
485	ctrl_M1	ctrl	146.181823730469	165.059143304825	0.885632996776833
485	ctrl_M2	ctrl	184.682052612305	181.08785867691	1.01984779079975
485	ctrl_M3	ctrl	149.647888183594	167.409181833267	0.893904901420742
485	mut_M1	mut	216.286041259766	192.46187210083	1.12378643571779
485	mut_M2	mut	210.897094726562	189.520347118378	1.11279394499437
485	mut_M3	mut	202.6962890625	187.804026126862	1.07929682468883
486	ctrl_M1	ctrl	67.7705535888672	46.1997218132019	1.46690393208171
486	ctrl_M2	ctrl	87.9635391235352	62.2401251792908	1.4132930946097
486	ctrl_M3	ctrl	74.3547821044922	57.1532168388367	1.30097282737665
486	mut_M1	mut	98.2656021118164	57.9598579406738	1.6954079185701
486	mut_M2	mut	98.2086181640625	62.8176774978638	1.56339142222191
486	mut_M3	mut	96.0164413452148	50.3530960083008	1.90686271464592
487	ctrl_M1	ctrl	77.2206649780273	28.7310242652893	2.68771013051977
487	ctrl_M2	ctrl	78.0890197753906	42.5083441734314	1.83702803046838
487	ctrl_M3	ctrl	66.9064178466797	40.6065158843994	1.64767689099828
487	mut_M1	mut	107.823432922363	40.520516872406	2.66095897201622
487	mut_M2	mut	115.270286560059	46.0834717750549	2.50133685939987
487	mut_M3	mut	107.815231323242	38.0981206893921	2.82993568638838
488	ctrl_M1	ctrl	221.85466003418	117.956161499023	1.88082298724189
488	ctrl_M2	ctrl	274.184906005859	145.215339660645	1.88812632774613
488	ctrl_M3	ctrl	271.988433837891	156.529699325562	1.73761551328473
488	mut_M1	mut	366.274688720703	189.704921722412	1.9307600740937
488	mut_M2	mut	312.864776611328	161.015438079834	1.94307316330876
488	mut_M3	mut	258.296478271484	142.360980987549	1.81437692041526
489	ctrl_M1	ctrl	98.925666809082	47.952285528183	2.06300212220209
489	ctrl_M2	ctrl	124.18465423584	72.3769602775574	1.71580367232343
489	ctrl_M3	ctrl	130.958068847656	59.2752331495285	2.20932186833074
489	mut_M1	mut	133.895690917969	59.5208134651184	2.24956083633563
489	mut_M2	mut	146.470733642578	64.4605507850647	2.2722538336814
489	mut_M3	mut	138.109130859375	58.218074798584	2.37227237996427
490	ctrl_M1	ctrl	94.9571914672852	78.3127682209015	1.21253779714993
490	ctrl_M2	ctrl	103.491554260254	102.939466953278	1.00536322290484
490	ctrl_M3	ctrl	114.45775604248	95.2315708398819	1.20188877525631
490	mut_M1	mut	143.968399047852	94.7125918865204	1.52005552989561
490	mut_M2	mut	140.010482788086	101.165994644165	1.38396783702419
490	mut_M3	mut	143.507949829102	94.9001712799072	1.51219906027173
491	ctrl_M1	ctrl	75.6314544677734	19.1769623756409	3.94387041004172
491	ctrl_M2	ctrl	101.126525878906	24.0421853065491	4.20621189752495
491	ctrl_M3	ctrl	102.535743713379	25.5950720310211	4.00607365312768
491	mut_M1	mut	122.238792419434	22.8326053619385	5.35369444186178
491	mut_M2	mut	137.757293701172	34.2329378128052	4.02411544269047
491	mut_M3	mut	120.043632507324	26.1981854438782	4.58213538355479
492	ctrl_M1	ctrl	35.0721588134766	17.8607833385468	1.96364057212343
492	ctrl_M2	ctrl	37.8299026489258	28.2983093261719	1.33682554010174
492	ctrl_M3	ctrl	32.1059226989746	23.9200644493103	1.34221723219062
492	mut_M1	mut	42.4135398864746	22.2030096054077	1.91026084482459
492	mut_M2	mut	40.3111686706543	25.8530740737915	1.55924082975957
492	mut_M3	mut	40.5267181396484	25.0315985679626	1.61902237404517
493	ctrl_M1	ctrl	157.052627563477	56.3639616966248	2.78640150259135
493	ctrl_M2	ctrl	199.6328125	83.2518787384033	2.39793762645637
493	ctrl_M3	ctrl	180.208511352539	72.0826387405396	2.50002655981001
493	mut_M1	mut	233.216415405273	83.7980899810791	2.78307555050398
493	mut_M2	mut	214.78596496582	71.6707963943481	2.99684077436536
493	mut_M3	mut	207.678985595703	65.7215857505798	3.15998135504317
494	ctrl_M1	ctrl	115.263740539551	37.3868126869202	3.08300526992706
494	ctrl_M2	ctrl	139.955093383789	51.7134428024292	2.70635807247424
494	ctrl_M3	ctrl	149.136215209961	45.0538759231567	3.31017503276135
494	mut_M1	mut	170.061126708984	46.292375087738	3.67363148653892
494	mut_M2	mut	179.798278808594	47.6863722801208	3.77043314916926
494	mut_M3	mut	156.148696899414	42.6373558044434	3.66225095232433
495	ctrl_M1	ctrl	128.945449829102	27.4567241668701	4.6963158840591
495	ctrl_M2	ctrl	201.088745117188	40.5951471328735	4.9535168442424
495	ctrl_M3	ctrl	213.035522460938	30.6524925231934	6.95002281787503
495	mut_M1	mut	219.29118347168	35.7367548942566	6.13629256826906
495	mut_M2	mut	207.415573120117	29.4678387641907	7.03871005878343
495	mut_M3	mut	190.276931762695	29.8138537406921	6.38216492968809
496	ctrl_M1	ctrl	151.188781738281	123.905327796936	1.22019597079844
496	ctrl_M2	ctrl	180.893539428711	167.180152893066	1.08202759896036
496	ctrl_M3	ctrl	173.330184936523	174.272487640381	0.994592934796444
496	mut_M1	mut	241.459335327148	165.532115936279	1.45868572972327
496	mut_M2	mut	208.129791259766	155.098720550537	1.34191817005962
496	mut_M3	mut	196.67626953125	151.316017150879	1.29977165163647
497	ctrl_M1	ctrl	115.901741027832	26.6540222167969	4.3483771449246
497	ctrl_M2	ctrl	110.925331115723	38.5493946075439	2.87748568414652
497	ctrl_M3	ctrl	158.139999389648	38.9619297981262	4.05883384650146
497	mut_M1	mut	179.939712524414	37.0711660385132	4.85389945213687
497	mut_M2	mut	168.840713500977	34.6620674133301	4.87105144328596
497	mut_M3	mut	165.931121826172	29.9359498023987	5.54287146128486
498	ctrl_M1	ctrl	91.5404205322266	55.5977931022644	1.64647579381165
498	ctrl_M2	ctrl	128.711929321289	75.9379334449768	1.6949622340533
498	ctrl_M3	ctrl	112.617149353027	78.4393634796143	1.43572237658833
498	mut_M1	mut	150.634613037109	87.1337471008301	1.72877464873394
498	mut_M2	mut	127.20231628418	73.8778290748596	1.72179282847208
498	mut_M3	mut	132.767120361328	69.4632015228271	1.91133027920831
499	ctrl_M1	ctrl	180.579605102539	80.2921648025513	2.24903146585482
499	ctrl_M2	ctrl	212.129348754883	104.74333190918	2.0252301018915
499	ctrl_M3	ctrl	260.722900390625	109.929819107056	2.37172136285168
499	mut_M1	mut	335.989013671875	115.753259658813	2.9026311195228
499	mut_M2	mut	287.548706054688	91.5307569503784	3.14155280296192
499	mut_M3	mut	294.057708740234	80.7871322631836	3.6399077489503
500	ctrl_M1	ctrl	116.960922241211	18.5372940301895	6.30949274747061
500	ctrl_M2	ctrl	131.813537597656	38.8275957107544	3.39484161161044
500	ctrl_M3	ctrl	137.253555297852	29.2816824913025	4.68735207885066
500	mut_M1	mut	160.353012084961	29.1401438713074	5.50282156440728
500	mut_M2	mut	179.34831237793	34.6785221099854	5.17174035874753
500	mut_M3	mut	149.914108276367	31.2722158432007	4.79384348803547
501	ctrl_M1	ctrl	89.9529724121094	201.58749628067	0.44622297549084
501	ctrl_M2	ctrl	104.089050292969	221.9449634552	0.468985863308312
501	ctrl_M3	ctrl	113.916130065918	243.179319858551	0.468444973578259
501	mut_M1	mut	123.530433654785	225.321427345276	0.548240951205634
501	mut_M2	mut	135.685989379883	224.219022750854	0.605149321030861
501	mut_M3	mut	110.292984008789	207.768035888672	0.530846737502429
502	ctrl_M1	ctrl	133.946136474609	85.5958843231201	1.56486655326756
502	ctrl_M2	ctrl	179.887603759766	115.546917915344	1.55683601956013
502	ctrl_M3	ctrl	191.291046142578	118.470088005066	1.61467801167159
502	mut_M1	mut	199.403839111328	95.5325784683228	2.08728626724388
502	mut_M2	mut	172.543350219727	106.798771858215	1.61559301869869
502	mut_M3	mut	192.130386352539	87.6348557472229	2.19239690319942
503	ctrl_M1	ctrl	53.4541625976562	35.3450775146484	1.51235097943986
503	ctrl_M2	ctrl	79.3119201660156	45.721339225769	1.73468060011056
503	ctrl_M3	ctrl	68.4610214233398	44.6386642456055	1.53367092363387
503	mut_M1	mut	91.8793334960938	45.4725761413574	2.02054383746535
503	mut_M2	mut	83.1438064575195	43.7347812652588	1.9010911693656
503	mut_M3	mut	89.1026000976562	36.8883533477783	2.41546699733678
504	ctrl_M1	ctrl	127.635269165039	21.4300343990326	5.95590593969373
504	ctrl_M2	ctrl	163.416976928711	38.2905449867249	4.26781538328501
504	ctrl_M3	ctrl	184.56591796875	29.61554479599	6.23206222408377
504	mut_M1	mut	197.644409179688	40.3008852005005	4.90422004867608
504	mut_M2	mut	193.410995483398	33.7685656547546	5.72754547708087
504	mut_M3	mut	178.821929931641	31.9505472183228	5.59683465543561
505	ctrl_M1	ctrl	78.5314788818359	24.816020488739	3.16454763234387
505	ctrl_M2	ctrl	105.822654724121	34.2772097587585	3.08725988693059
505	ctrl_M3	ctrl	83.1226196289062	35.5255923271179	2.33979545966517
505	mut_M1	mut	122.483642578125	34.9780950546265	3.50172421873856
505	mut_M2	mut	112.833053588867	35.3263783454895	3.19401701712437
505	mut_M3	mut	118.487808227539	35.8148746490479	3.30834072123966
506	ctrl_M1	ctrl	64.7275695800781	23.2378013134003	2.78544293873244
506	ctrl_M2	ctrl	73.7545547485352	30.764365196228	2.39740213321802
506	ctrl_M3	ctrl	74.6480865478516	31.4047918319702	2.376964857696
506	mut_M1	mut	113.403465270996	34.4484424591064	3.29197656485099
506	mut_M2	mut	87.9067077636719	37.400496006012	2.35041555998459
506	mut_M3	mut	87.3927154541016	31.3790831565857	2.78506274444032
507	ctrl_M1	ctrl	62.9738502502441	20.1086361408234	3.13168182114541
507	ctrl_M2	ctrl	84.2207870483398	34.5765089988708	2.43578051940091
507	ctrl_M3	ctrl	84.7091751098633	26.0767245292664	3.24845917725567
507	mut_M1	mut	110.508995056152	31.418915271759	3.51727594986335
507	mut_M2	mut	115.402786254883	35.689236164093	3.23354598356436
507	mut_M3	mut	104.373695373535	29.3498663902283	3.55618979609002
508	ctrl_M1	ctrl	93.1052169799805	16.4731669425964	5.6519318540522
508	ctrl_M2	ctrl	138.871520996094	18.6924310922623	7.42929158388497
508	ctrl_M3	ctrl	124.042854309082	20.7721047401428	5.97160739659496
508	mut_M1	mut	153.656921386719	21.6515257358551	7.0968172525718
508	mut_M2	mut	144.145233154297	16.0564571619034	8.97739966549442
508	mut_M3	mut	132.802474975586	19.1214684247971	6.94520274412426
509	ctrl_M1	ctrl	42.6084785461426	17.3305666446686	2.45857388392146
509	ctrl_M2	ctrl	66.3686752319336	26.6421699523926	2.49111372499046
509	ctrl_M3	ctrl	49.4415130615234	25.947616815567	1.90543560948
509	mut_M1	mut	83.6203765869141	33.9656143188477	2.46191268033426
509	mut_M2	mut	77.4614562988281	27.6538138389587	2.80111295859309
509	mut_M3	mut	61.4325294494629	31.5642647743225	1.94626834772461
510	ctrl_M1	ctrl	107.860916137695	25.6490578651428	4.20525840382928
510	ctrl_M2	ctrl	159.748107910156	37.551926612854	4.25405890773856
510	ctrl_M3	ctrl	150.440139770508	31.7381248474121	4.74004499301018
510	mut_M1	mut	194.666534423828	37.579083442688	5.1801831388654
510	mut_M2	mut	203.216217041016	34.1548295021057	5.9498530662695
510	mut_M3	mut	223.395950317383	33.8608436584473	6.59747147976486
511	ctrl_M1	ctrl	113.733192443848	45.2289080619812	2.51461282876847
511	ctrl_M2	ctrl	142.420715332031	62.7690868377686	2.26896267744229
511	ctrl_M3	ctrl	168.555450439453	76.7557506561279	2.19599768093723
511	mut_M1	mut	212.973114013672	62.2806253433228	3.41957250492677
511	mut_M2	mut	187.034118652344	58.5889463424683	3.19231067169358
511	mut_M3	mut	205.585601806641	49.8961563110352	4.12026931543769
512	ctrl_M1	ctrl	64.7884063720703	36.406240940094	1.77959615437031
512	ctrl_M2	ctrl	89.379508972168	51.3314251899719	1.7412239898149
512	ctrl_M3	ctrl	114.428680419922	51.9008493423462	2.20475544947506
512	mut_M1	mut	135.661895751953	55.6031665802002	2.43982319885107
512	mut_M2	mut	141.871505737305	54.6408405303955	2.59643710382502
512	mut_M3	mut	118.660263061523	47.8925352096558	2.47763586834718
513	ctrl_M1	ctrl	71.1054992675781	25.7003836631775	2.76670964136054
513	ctrl_M2	ctrl	111.132591247559	26.0056889057159	4.27339539631008
513	ctrl_M3	ctrl	100.174285888672	26.5682740211487	3.77044763272661
513	mut_M1	mut	112.991973876953	26.1865248680115	4.31488998431327
513	mut_M2	mut	113.017181396484	25.1667647361755	4.49073143017186
513	mut_M3	mut	113.007873535156	21.6957066059113	5.20876667388035
514	ctrl_M1	ctrl	203.718353271484	108.405946731567	1.87921750986528
514	ctrl_M2	ctrl	310.180297851562	157.816648483276	1.96544725054424
514	ctrl_M3	ctrl	294.041107177734	154.113052368164	1.90795719544437
514	mut_M1	mut	371.329681396484	166.460126876831	2.2307425109152
514	mut_M2	mut	325.434661865234	148.007839202881	2.1987663870908
514	mut_M3	mut	275.739532470703	132.172179222107	2.08621461864028
515	ctrl_M1	ctrl	115.426658630371	112.189916133881	1.02885056525604
515	ctrl_M2	ctrl	165.524307250977	147.094595909119	1.12529155967935
515	ctrl_M3	ctrl	157.199508666992	153.445485115051	1.02446486808736
515	mut_M1	mut	217.709259033203	155.518160820007	1.3998960499872
515	mut_M2	mut	198.071182250977	150.914916992188	1.31246921244525
515	mut_M3	mut	173.908752441406	127.799308776855	1.36079572030441
516	ctrl_M1	ctrl	81.2349395751953	26.8313720226288	3.02761034756941
516	ctrl_M2	ctrl	123.852592468262	42.1693058013916	2.93703180819672
516	ctrl_M3	ctrl	107.245361328125	40.725133895874	2.63339493498855
516	mut_M1	mut	159.813720703125	36.3960218429565	4.39096672138229
516	mut_M2	mut	149.097869873047	40.8707933425903	3.64802974640759
516	mut_M3	mut	144.514678955078	31.8771736621857	4.53348469618274
517	ctrl_M1	ctrl	129.351318359375	130.502887248993	0.991175912549576
517	ctrl_M2	ctrl	193.487777709961	172.784952640533	1.11981844919388
517	ctrl_M3	ctrl	182.102615356445	173.228552341461	1.05122748470178
517	mut_M1	mut	221.637252807617	167.31272649765	1.32468854848725
517	mut_M2	mut	209.404266357422	170.126600265503	1.23087316169618
517	mut_M3	mut	202.753524780273	152.72803735733	1.32754619445479
518	ctrl_M1	ctrl	126.346176147461	203.182750225067	0.62183515090482
518	ctrl_M2	ctrl	155.497512817383	226.925627708435	0.685235574261244
518	ctrl_M3	ctrl	170.479629516602	238.625769138336	0.714422545947965
518	mut_M1	mut	219.037826538086	217.770603179932	1.00581907447401
518	mut_M2	mut	222.489013671875	221.620739936829	1.00391783609825
518	mut_M3	mut	178.606689453125	189.250947952271	0.943755851083874
519	ctrl_M1	ctrl	76.726692199707	51.3178858757019	1.49512574203755
519	ctrl_M2	ctrl	99.9756469726562	72.2244319915771	1.38423583565621
519	ctrl_M3	ctrl	116.344856262207	82.3855581283569	1.41219964888678
519	mut_M1	mut	133.195266723633	76.0402002334595	1.75164276678251
519	mut_M2	mut	120.072250366211	68.8092288970947	1.74500212094777
519	mut_M3	mut	124.961685180664	66.2342190742493	1.88666352419103
520	ctrl_M1	ctrl	85.3418579101562	14.0569251775742	6.07116114172018
520	ctrl_M2	ctrl	119.112113952637	21.5965514183044	5.51533027868892
520	ctrl_M3	ctrl	122.78938293457	22.1790878772736	5.53626838100903
520	mut_M1	mut	134.908462524414	19.4254076480865	6.94494885092941
520	mut_M2	mut	135.62190246582	18.755943775177	7.23087593412987
520	mut_M3	mut	126.454460144043	20.9153029918671	6.04602573499485
521	ctrl_M1	ctrl	102.085289001465	43.9686346054077	2.32177528180303
521	ctrl_M2	ctrl	135.433776855469	62.1379518508911	2.17956615596957
521	ctrl_M3	ctrl	148.027191162109	59.0999946594238	2.5046904321252
521	mut_M1	mut	144.617263793945	50.2057838439941	2.88049010933319
521	mut_M2	mut	147.809310913086	59.9940528869629	2.4637327168341
521	mut_M3	mut	131.380355834961	61.7814588546753	2.12653372501285
522	ctrl_M1	ctrl	97.3685073852539	22.1330461502075	4.39923663125516
522	ctrl_M2	ctrl	147.615020751953	33.6908659934998	4.38145522232743
522	ctrl_M3	ctrl	128.006851196289	28.5778131484985	4.47923886026998
522	mut_M1	mut	149.92692565918	28.8238801956177	5.20148309810052
522	mut_M2	mut	173.376388549805	30.08118724823	5.76361521635109
522	mut_M3	mut	131.073547363281	26.198835849762	5.00302945195453
523	ctrl_M1	ctrl	158.278228759766	85.6315760612488	1.84836290583459
523	ctrl_M2	ctrl	229.629135131836	122.147318840027	1.87993594384642
523	ctrl_M3	ctrl	237.8359375	121.925752162933	1.95066204867182
523	mut_M1	mut	252.274642944336	114.515338897705	2.20297687080758
523	mut_M2	mut	248.307769775391	111.318726062775	2.23060197109483
523	mut_M3	mut	239.823181152344	104.674454689026	2.29113380016955
524	ctrl_M1	ctrl	100.836723327637	55.6736941337585	1.81120949303942
524	ctrl_M2	ctrl	137.854431152344	68.2314510345459	2.02039424725919
524	ctrl_M3	ctrl	133.842376708984	59.1251163482666	2.26371439035499
524	mut_M1	mut	143.895126342773	65.6686925888062	2.19122873731922
524	mut_M2	mut	147.553634643555	62.2475337982178	2.37043342346487
524	mut_M3	mut	143.610824584961	51.654447555542	2.78022186628832
525	ctrl_M1	ctrl	127.361885070801	118.64972114563	1.07342759714098
525	ctrl_M2	ctrl	187.337448120117	167.306776046753	1.11972421289002
525	ctrl_M3	ctrl	188.357009887695	155.018616676331	1.21506057740777
525	mut_M1	mut	230.192794799805	159.2162733078	1.44578685342541
525	mut_M2	mut	193.834747314453	152.812845230103	1.26844537854511
525	mut_M3	mut	171.539291381836	139.952854156494	1.22569341236887
526	ctrl_M1	ctrl	127.44458770752	24.2050666809082	5.26520291753799
526	ctrl_M2	ctrl	163.163162231445	36.2298169136047	4.50356022004007
526	ctrl_M3	ctrl	153.456253051758	31.0492434501648	4.94235079505434
526	mut_M1	mut	177.910064697266	31.4294366836548	5.66061894420747
526	mut_M2	mut	212.332595825195	32.8406705856323	6.46553776274258
526	mut_M3	mut	199.999816894531	33.617036819458	5.94935889110752
527	ctrl_M1	ctrl	73.2805252075195	54.5868463516235	1.34245757183846
527	ctrl_M2	ctrl	132.54948425293	79.079384803772	1.67615725111973
527	ctrl_M3	ctrl	113.856460571289	75.3474216461182	1.51108635284211
527	mut_M1	mut	124.656867980957	69.5175161361694	1.79317206525017
527	mut_M2	mut	131.870651245117	65.9591264724731	1.99927831518738
527	mut_M3	mut	138.14176940918	61.9410429000854	2.23021381206013
528	ctrl_M1	ctrl	116.65983581543	34.0419775247574	3.42694062736478
528	ctrl_M2	ctrl	153.678405761719	52.7719619274139	2.91212227381461
528	ctrl_M3	ctrl	151.888137817383	51.83855509758	2.93002259672306
528	mut_M1	mut	200.842239379883	52.6786007881165	3.81259631757702
528	mut_M2	mut	173.727142333984	47.22136759758	3.67899430220839
528	mut_M3	mut	164.752792358398	38.3001842498779	4.30161879335929
529	ctrl_M1	ctrl	65.5935668945312	31.6180119514465	2.07456328991394
529	ctrl_M2	ctrl	76.4168243408203	50.8443918228149	1.50295483142214
529	ctrl_M3	ctrl	85.5317916870117	42.476053237915	2.01364734166649
529	mut_M1	mut	94.2412567138672	42.2869553565979	2.22861295922462
529	mut_M2	mut	89.086540222168	41.2025909423828	2.16215869401867
529	mut_M3	mut	72.4094924926758	37.7323985099792	1.91902702589991
530	ctrl_M1	ctrl	67.6733779907227	18.985324382782	3.5645099670826
530	ctrl_M2	ctrl	71.7282485961914	28.5748805999756	2.51018541775649
530	ctrl_M3	ctrl	78.1415710449219	28.2404500246048	2.76700870477773
530	mut_M1	mut	92.9715881347656	30.0231827497482	3.09665996805569
530	mut_M2	mut	97.2332763671875	28.8568785190582	3.36950083852523
530	mut_M3	mut	72.1059188842773	22.8103816509247	3.16110094025342
531	ctrl_M1	ctrl	149.639892578125	44.6487255096436	3.35149303524475
531	ctrl_M2	ctrl	179.207107543945	60.6118679046631	2.95663396854592
531	ctrl_M3	ctrl	192.282363891602	57.7294797897339	3.33074825188006
531	mut_M1	mut	225.198715209961	55.7470321655273	4.03965388760585
531	mut_M2	mut	185.669494628906	47.8428206443787	3.88082249600226
531	mut_M3	mut	197.70068359375	48.3211574554443	4.09138965216312
532	ctrl_M1	ctrl	79.8110198974609	49.9416260719299	1.59808612924438
532	ctrl_M2	ctrl	118.506744384766	65.2885217666626	1.81512371819815
532	ctrl_M3	ctrl	107.141304016113	66.3879337310791	1.61386712907975
532	mut_M1	mut	137.016036987305	69.4863882064819	1.97183996065755
532	mut_M2	mut	133.869369506836	66.2435836791992	2.02086544947706
532	mut_M3	mut	126.347206115723	55.2578077316284	2.28650413945764
533	ctrl_M1	ctrl	63.2825469970703	38.4115281105042	1.64748840022756
533	ctrl_M2	ctrl	93.6268081665039	45.7411847114563	2.04688201141092
533	ctrl_M3	ctrl	96.3483352661133	48.5916171073914	1.98281804561424
533	mut_M1	mut	139.337738037109	48.504123210907	2.87269883080325
533	mut_M2	mut	130.236953735352	41.9256134033203	3.1063815926194
533	mut_M3	mut	119.728729248047	40.5609912872314	2.95181960421508
534	ctrl_M1	ctrl	60.1529846191406	16.6096713542938	3.62156380677516
534	ctrl_M2	ctrl	71.9482498168945	25.0589957237244	2.8711545590304
534	ctrl_M3	ctrl	78.2724075317383	19.9126517772675	3.93078774275032
534	mut_M1	mut	85.6217193603516	23.5445523262024	3.63658302668445
534	mut_M2	mut	98.9874801635742	22.5632717609406	4.38710667550139
534	mut_M3	mut	79.0203247070312	24.126398563385	3.27526400177087
535	ctrl_M1	ctrl	98.4609909057617	45.4737043380737	2.165229165712
535	ctrl_M2	ctrl	121.400726318359	64.8728675842285	1.87136365077029
535	ctrl_M3	ctrl	113.423072814941	62.5666761398315	1.81283519938713
535	mut_M1	mut	137.184722900391	58.6745796203613	2.33806060116679
535	mut_M2	mut	137.365951538086	54.506275177002	2.52018599862141
535	mut_M3	mut	105.201683044434	57.3578424453735	1.83412901460904
536	ctrl_M1	ctrl	129.193206787109	176.25376033783	0.732995463696671
536	ctrl_M2	ctrl	191.996795654297	224.647624969482	0.85465758064604
536	ctrl_M3	ctrl	176.634704589844	222.158010482788	0.79508591297692
536	mut_M1	mut	244.281280517578	202.602120399475	1.20571926905762
536	mut_M2	mut	216.288696289062	198.141939163208	1.09158463474463
536	mut_M3	mut	205.948226928711	178.935174942017	1.15096557731283
537	ctrl_M1	ctrl	90.2675094604492	24.4791374206543	3.68752819632794
537	ctrl_M2	ctrl	103.307518005371	36.2949228286743	2.84633524344497
537	ctrl_M3	ctrl	118.802772521973	30.9408507347107	3.83967375495254
537	mut_M1	mut	159.589981079102	40.6868934631348	3.9223928763129
537	mut_M2	mut	147.370407104492	31.5772485733032	4.66698061936547
537	mut_M3	mut	128.587615966797	27.1174473762512	4.74187758835334
538	ctrl_M1	ctrl	99.8499069213867	52.9901962280273	1.88430906146701
538	ctrl_M2	ctrl	128.728744506836	74.9473829269409	1.71758825297904
538	ctrl_M3	ctrl	141.838455200195	72.5647749900818	1.95464611058991
538	mut_M1	mut	159.420745849609	68.5451738834381	2.32577637224622
538	mut_M2	mut	167.079132080078	68.8385925292969	2.42711429651865
538	mut_M3	mut	154.461578369141	70.9678993225098	2.17649923195836
539	ctrl_M1	ctrl	79.4153518676758	61.0939922332764	1.29988807351863
539	ctrl_M2	ctrl	120.86791229248	80.9219551086426	1.49363559160438
539	ctrl_M3	ctrl	127.528182983398	79.0508499145508	1.6132424018369
539	mut_M1	mut	139.412658691406	74.209831237793	1.87862789021419
539	mut_M2	mut	143.126220703125	77.6131086349487	1.84409854495476
539	mut_M3	mut	144.247268676758	63.5212936401367	2.27084903991334
540	ctrl_M1	ctrl	84.4059219360352	49.6528749465942	1.69992013608116
540	ctrl_M2	ctrl	132.242050170898	64.9968729019165	2.03459096209841
540	ctrl_M3	ctrl	128.700653076172	75.7370023727417	1.69931010000591
540	mut_M1	mut	170.461578369141	61.7783222198486	2.75924583646872
540	mut_M2	mut	142.604263305664	65.162446975708	2.18844242234835
540	mut_M3	mut	165.822265625	55.4263000488281	2.9917614107187
541	ctrl_M1	ctrl	125.420486450195	153.894276499748	0.814978238975642
541	ctrl_M2	ctrl	179.351974487305	187.422023296356	0.956941832837377
541	ctrl_M3	ctrl	193.632675170898	195.928678512573	0.988281433023969
541	mut_M1	mut	223.807174682617	209.333330631256	1.06914256801683
541	mut_M2	mut	204.949096679688	181.898878097534	1.12671996014068
541	mut_M3	mut	165.915710449219	178.09822177887	0.931596670601367
542	ctrl_M1	ctrl	147.022399902344	114.781087636948	1.28089394280158
542	ctrl_M2	ctrl	184.462936401367	135.669544458389	1.35964882271675
542	ctrl_M3	ctrl	178.811935424805	146.20976805687	1.22298214272014
542	mut_M1	mut	215.833221435547	153.507421731949	1.40601163774628
542	mut_M2	mut	191.870223999023	134.989521980286	1.42137123818429
542	mut_M3	mut	202.470153808594	123.652212142944	1.63741634945062
543	ctrl_M1	ctrl	116.384407043457	41.8152828216553	2.78329833472235
543	ctrl_M2	ctrl	150.975433349609	55.4054737091064	2.72491909630212
543	ctrl_M3	ctrl	201.843536376953	58.8385791778564	3.43046244823185
543	mut_M1	mut	285.401885986328	74.6344318389893	3.82399756994242
543	mut_M2	mut	249.806686401367	73.9373731613159	3.37862539228086
543	mut_M3	mut	246.185119628906	71.4098176956177	3.44749682289154
544	ctrl_M1	ctrl	72.0710220336914	41.1112771034241	1.75307183604104
544	ctrl_M2	ctrl	114.845405578613	53.0597915649414	2.16445263336647
544	ctrl_M3	ctrl	97.4702072143555	51.9110298156738	1.87763963767341
544	mut_M1	mut	134.524856567383	63.2736988067627	2.12607859354359
544	mut_M2	mut	112.419044494629	50.0970191955566	2.24402661674928
544	mut_M3	mut	106.276206970215	52.4391760826111	2.02665668893788
545	ctrl_M1	ctrl	65.6260452270508	25.1113309860229	2.613403696665
545	ctrl_M2	ctrl	80.3500823974609	35.7906370162964	2.24500285817421
545	ctrl_M3	ctrl	78.6390075683594	31.7477350234985	2.47699583955056
545	mut_M1	mut	113.864547729492	29.2663049697876	3.89063627427643
545	mut_M2	mut	102.839073181152	28.2378334999084	3.64188963652207
545	mut_M3	mut	115.01929473877	26.2401642799377	4.38332982643363
546	ctrl_M1	ctrl	72.3228530883789	26.0422124862671	2.77713935121746
546	ctrl_M2	ctrl	87.9703369140625	28.4315762519836	3.09410692303508
546	ctrl_M3	ctrl	87.2813262939453	26.4715557098389	3.29717404034191
546	mut_M1	mut	104.18433380127	25.0106964111328	4.16559107705992
546	mut_M2	mut	89.8359985351562	25.9133605957031	3.46678302118995
546	mut_M3	mut	82.0535278320312	24.2654871940613	3.38149105253131
547	ctrl_M1	ctrl	108.235908508301	51.4000091552734	2.10575659979617
547	ctrl_M2	ctrl	156.606185913086	71.5770878791809	2.18793737707562
547	ctrl_M3	ctrl	137.58528137207	72.6850452423096	1.8928966875291
547	mut_M1	mut	181.176147460938	58.9816074371338	3.07173973944413
547	mut_M2	mut	172.817352294922	64.4440550804138	2.68166477232507
547	mut_M3	mut	152.019760131836	66.4450511932373	2.28790191898156
548	ctrl_M1	ctrl	349.819091796875	181.841155529022	1.92376192715649
548	ctrl_M2	ctrl	454.572998046875	235.714819431305	1.92848714028077
548	ctrl_M3	ctrl	488.733306884766	234.738855361938	2.08202986306293
548	mut_M1	mut	507.942138671875	236.912827014923	2.14400437946688
548	mut_M2	mut	496.571563720703	216.92535161972	2.28913568659884
548	mut_M3	mut	420.768920898438	201.029908180237	2.0930662741048
549	ctrl_M1	ctrl	125.541389465332	125.801247596741	0.997934375561666
549	ctrl_M2	ctrl	188.377090454102	162.196677207947	1.16141152640624
549	ctrl_M3	ctrl	170.540557861328	171.876662254333	0.992226376894448
549	mut_M1	mut	210.410049438477	178.994129180908	1.17551369087539
549	mut_M2	mut	177.62646484375	156.368386268616	1.13594869834249
549	mut_M3	mut	209.103958129883	144.582901000977	1.44625648456501
550	ctrl_M1	ctrl	40.6951904296875	21.1872663497925	1.92073813383132
550	ctrl_M2	ctrl	49.5976943969727	33.7391769886017	1.47003272823544
550	ctrl_M3	ctrl	45.2929077148438	28.7164256572723	1.57724740033492
550	mut_M1	mut	66.2282791137695	29.8087193965912	2.22177538835644
550	mut_M2	mut	53.8027877807617	28.4827394485474	1.88896113303827
550	mut_M3	mut	45.827564239502	25.5324029922485	1.79487861966674
551	ctrl_M1	ctrl	99.6722183227539	46.743396282196	2.13232726439088
551	ctrl_M2	ctrl	136.847518920898	72.3641242980957	1.89109617850374
551	ctrl_M3	ctrl	136.765518188477	66.4357528686523	2.05861320573684
551	mut_M1	mut	138.650817871094	65.8765430450439	2.10470694821204
551	mut_M2	mut	135.401031494141	64.1405954360962	2.1110036564759
551	mut_M3	mut	138.534866333008	59.0024433135986	2.34795134833135
552	ctrl_M1	ctrl	92.2311248779297	53.1412410736084	1.73558469871218
552	ctrl_M2	ctrl	124.505104064941	76.7761039733887	1.62166478398143
552	ctrl_M3	ctrl	132.388565063477	77.9242515563965	1.69893919311708
552	mut_M1	mut	145.936096191406	69.0566310882568	2.11328143136457
552	mut_M2	mut	130.386489868164	69.6695690155029	1.87149844201204
552	mut_M3	mut	129.501220703125	69.759129524231	1.85640534201538
553	ctrl_M1	ctrl	92.6346740722656	39.1489815711975	2.36620903927724
553	ctrl_M2	ctrl	120.688766479492	54.3882141113281	2.21902425831546
553	ctrl_M3	ctrl	122.176445007324	42.9936957359314	2.8417293027735
553	mut_M1	mut	155.015121459961	56.8680410385132	2.72587412242632
553	mut_M2	mut	135.391510009766	57.2716064453125	2.36402501017757
553	mut_M3	mut	133.76985168457	53.9790945053101	2.47817887481256
554	ctrl_M1	ctrl	137.734893798828	50.1788582801819	2.74487898927
554	ctrl_M2	ctrl	184.194931030273	76.3467082977295	2.41261129834135
554	ctrl_M3	ctrl	170.619918823242	66.1272392272949	2.58017604873509
554	mut_M1	mut	212.534454345703	70.9834856987	2.99413944319158
554	mut_M2	mut	205.885559082031	69.4227728843689	2.96567755115394
554	mut_M3	mut	208.483245849609	68.2924461364746	3.05280097059314
555	ctrl_M1	ctrl	91.3098602294922	57.6176309585571	1.58475554635644
555	ctrl_M2	ctrl	118.924919128418	77.7563905715942	1.52945524161024
555	ctrl_M3	ctrl	119.071533203125	74.5801439285278	1.59655810422188
555	mut_M1	mut	144.301345825195	78.3692932128906	1.84129956912078
555	mut_M2	mut	133.89924621582	69.7358531951904	1.92009189076725
555	mut_M3	mut	120.776977539062	66.4128742218018	1.81857778261032
556	ctrl_M1	ctrl	92.72119140625	26.41619348526	3.51001333549391
556	ctrl_M2	ctrl	145.482192993164	43.4715602397919	3.34660619933297
556	ctrl_M3	ctrl	157.717224121094	43.8499212265015	3.59675045495349
556	mut_M1	mut	187.304229736328	42.7229132652283	4.38416333112688
556	mut_M2	mut	181.173828125	39.8485078811646	4.54656492196127
556	mut_M3	mut	187.754150390625	42.2346196174622	4.44550352509856
557	ctrl_M1	ctrl	142.045471191406	25.9467465877533	5.47450026965812
557	ctrl_M2	ctrl	181.117706298828	39.9602861404419	4.53244267726921
557	ctrl_M3	ctrl	164.158828735352	36.0200867652893	4.55742457826456
557	mut_M1	mut	185.281936645508	36.9851207733154	5.00963449007277
557	mut_M2	mut	213.846755981445	39.9336130619049	5.35505654471938
557	mut_M3	mut	219.974029541016	35.8342180252075	6.13865856892078
558	ctrl_M1	ctrl	112.433074951172	18.1183979511261	6.20546448170843
558	ctrl_M2	ctrl	150.344787597656	31.6578321456909	4.74905504918221
558	ctrl_M3	ctrl	136.457183837891	30.9735448360443	4.40560434913777
558	mut_M1	mut	175.355361938477	32.5288028717041	5.39077206837554
558	mut_M2	mut	202.405334472656	31.5682213306427	6.41168003583987
558	mut_M3	mut	173.949661254883	33.3219637870789	5.22027040081997
559	ctrl_M1	ctrl	111.75318145752	59.3788371086121	1.88203721896924
559	ctrl_M2	ctrl	142.457000732422	80.0687756538391	1.77918295326889
559	ctrl_M3	ctrl	144.196792602539	82.2774076461792	1.75256849635606
559	mut_M1	mut	158.48518371582	82.2259645462036	1.92743477793764
559	mut_M2	mut	132.055191040039	75.5017414093018	1.74903503647891
559	mut_M3	mut	140.548446655273	61.4929151535034	2.28560389931792
560	ctrl_M1	ctrl	110.020217895508	111.197038173676	0.989416801944583
560	ctrl_M2	ctrl	147.055404663086	140.320514678955	1.04799647435402
560	ctrl_M3	ctrl	126.588165283203	154.488865375519	0.819399928761876
560	mut_M1	mut	171.092575073242	147.299501419067	1.16152854167838
560	mut_M2	mut	153.326461791992	134.789270877838	1.1375271992602
560	mut_M3	mut	159.333892822266	123.727796077728	1.28777766899015
561	ctrl_M1	ctrl	66.4574584960938	21.1495485305786	3.1422636941875
561	ctrl_M2	ctrl	87.9816284179688	32.9305481910706	2.67173288180565
561	ctrl_M3	ctrl	85.4143371582031	29.433479309082	2.90194496754067
561	mut_M1	mut	105.735359191895	31.4998006820679	3.35669930927808
561	mut_M2	mut	118.170120239258	27.4986672401428	4.29730354592429
561	mut_M3	mut	104.57666015625	24.8131623268127	4.21456397934599
562	ctrl_M1	ctrl	129.040161132812	46.8730645179749	2.75297044176252
562	ctrl_M2	ctrl	190.546798706055	73.583062171936	2.58954701097949
562	ctrl_M3	ctrl	169.709197998047	69.9458541870117	2.42629388075384
562	mut_M1	mut	190.933837890625	62.5284748077393	3.05355021816385
562	mut_M2	mut	196.76692199707	65.0815830230713	3.0233886893519
562	mut_M3	mut	172.961318969727	44.2261390686035	3.91083921437115
563	ctrl_M1	ctrl	65.9499664306641	59.3981161117554	1.110304008743
563	ctrl_M2	ctrl	129.630905151367	74.7933359146118	1.73318790459301
563	ctrl_M3	ctrl	132.508117675781	77.3702201843262	1.71265013024514
563	mut_M1	mut	164.654403686523	90.3726654052734	1.8219491806304
563	mut_M2	mut	129.000930786133	75.5468482971191	1.70756204519325
563	mut_M3	mut	127.628982543945	65.0469274520874	1.96210624457173
564	ctrl_M1	ctrl	55.8698120117188	32.5354924201965	1.71719583309695
564	ctrl_M2	ctrl	76.9547882080078	49.7729616165161	1.54611631915574
564	ctrl_M3	ctrl	76.9942855834961	44.5578584671021	1.72796198543389
564	mut_M1	mut	94.5322647094727	42.6019601821899	2.21896514397928
564	mut_M2	mut	83.6820526123047	42.519603729248	1.96808166758013
564	mut_M3	mut	79.1843719482422	36.7989096641541	2.15181299312724
565	ctrl_M1	ctrl	45.5810966491699	27.559700012207	1.65390394775635
565	ctrl_M2	ctrl	96.1911926269531	31.7228126525879	3.03224035271999
565	ctrl_M3	ctrl	73.3884887695312	35.1257581710815	2.08930689587081
565	mut_M1	mut	111.088195800781	41.358588218689	2.68597649449222
565	mut_M2	mut	111.405136108398	29.6489691734314	3.75747080637897
565	mut_M3	mut	91.1486358642578	28.297149181366	3.2211243358847
566	ctrl_M1	ctrl	110.312705993652	115.712420463562	0.953335048663941
566	ctrl_M2	ctrl	127.29899597168	153.519588470459	0.829203603526955
566	ctrl_M3	ctrl	139.213134765625	160.073560237885	0.86968225457559
566	mut_M1	mut	168.086639404297	171.171410560608	0.981978467395881
566	mut_M2	mut	165.413528442383	152.733181476593	1.08302286931496
566	mut_M3	mut	154.10905456543	133.904851913452	1.15088476902268
567	ctrl_M1	ctrl	87.0084609985352	96.8698835372925	0.898199293953307
567	ctrl_M2	ctrl	115.579238891602	125.712727546692	0.919391704779243
567	ctrl_M3	ctrl	126.706108093262	128.940366268158	0.982672158924618
567	mut_M1	mut	126.213645935059	124.914579391479	1.01039963909663
567	mut_M2	mut	126.157592773438	114.758455276489	1.09933156968246
567	mut_M3	mut	118.574081420898	107.002102375031	1.1081472119614
568	ctrl_M1	ctrl	50.1673698425293	28.1576452255249	1.78166069785738
568	ctrl_M2	ctrl	77.1998138427734	39.8227376937866	1.9385863030411
568	ctrl_M3	ctrl	84.4250259399414	34.8985090255737	2.41915853419625
568	mut_M1	mut	102.945457458496	33.0204501152039	3.11762732183642
568	mut_M2	mut	101.602378845215	41.1260023117065	2.47051434941669
568	mut_M3	mut	75.2441635131836	34.2689542770386	2.19569476514782
569	ctrl_M1	ctrl	82.4369964599609	37.6274099349976	2.19087618845871
569	ctrl_M2	ctrl	105.947059631348	49.7970724105835	2.12757607029184
569	ctrl_M3	ctrl	122.418022155762	49.9192113876343	2.45232283829881
569	mut_M1	mut	160.768325805664	55.4227504730225	2.90076411642399
569	mut_M2	mut	145.630874633789	54.9532861709595	2.65008491358882
569	mut_M3	mut	126.864677429199	55.9360089302063	2.26803234366423
570	ctrl_M1	ctrl	55.0891265869141	11.9960281848907	4.59228052300677
570	ctrl_M2	ctrl	76.5445709228516	21.8481378555298	3.5034826047419
570	ctrl_M3	ctrl	80.7110061645508	22.1683197021484	3.64082651499873
570	mut_M1	mut	93.4298095703125	19.4263656139374	4.80943329426898
570	mut_M2	mut	94.0229187011719	20.1688008308411	4.66180014814748
570	mut_M3	mut	81.0283126831055	15.9503874778748	5.08002158540049
571	ctrl_M1	ctrl	260.844055175781	153.489608764648	1.69942484885569
571	ctrl_M2	ctrl	352.219146728516	206.323797225952	1.70711838122477
571	ctrl_M3	ctrl	337.947906494141	208.93599319458	1.61747098394585
571	mut_M1	mut	359.946899414062	207.718851089478	1.73285620215091
571	mut_M2	mut	372.127075195312	192.294176101685	1.93519680491276
571	mut_M3	mut	318.863616943359	167.552841186523	1.90306302588085
572	ctrl_M1	ctrl	52.2346534729004	10.6093844771385	4.92343863920263
572	ctrl_M2	ctrl	55.8508491516113	17.0981825590134	3.26647870081194
572	ctrl_M3	ctrl	78.2661666870117	11.5336873531342	6.78587552191136
572	mut_M1	mut	99.465446472168	19.7456829547882	5.03732621960529
572	mut_M2	mut	96.3415985107422	20.7627022266388	4.64012812297307
572	mut_M3	mut	82.2374572753906	16.5349550247192	4.97355191788839
573	ctrl_M1	ctrl	202.417114257812	117.020835876465	1.72975276361466
573	ctrl_M2	ctrl	245.05241394043	141.934122085571	1.7265222086109
573	ctrl_M3	ctrl	281.187622070312	157.155757904053	1.78922888871806
573	mut_M1	mut	316.869537353516	164.172218322754	1.93010449996215
573	mut_M2	mut	311.220581054688	164.237432479858	1.89494304894747
573	mut_M3	mut	278.247680664062	143.630851745605	1.93724173659352
574	ctrl_M1	ctrl	139.301147460938	154.183008670807	0.903479239780284
574	ctrl_M2	ctrl	185.297332763672	188.860945701599	0.981131022484883
574	ctrl_M3	ctrl	200.919464111328	205.385782241821	0.978254005307755
574	mut_M1	mut	215.503753662109	179.550357818604	1.20024129319658
574	mut_M2	mut	196.892044067383	184.809501647949	1.06537836156525
574	mut_M3	mut	185.720458984375	159.038842201233	1.16776792646278
575	ctrl_M1	ctrl	139.281936645508	62.0623540878296	2.24422580633017
575	ctrl_M2	ctrl	209.463485717773	88.1273021697998	2.37682852601329
575	ctrl_M3	ctrl	218.6650390625	86.1261873245239	2.53889143192382
575	mut_M1	mut	194.284194946289	77.1638889312744	2.51781238137605
575	mut_M2	mut	233.831985473633	83.4026107788086	2.80365306661415
575	mut_M3	mut	220.305282592773	75.3410491943359	2.92410691049065
576	ctrl_M1	ctrl	169.289840698242	103.4421916008	1.63656471386027
576	ctrl_M2	ctrl	224.436737060547	147.211135864258	1.52459075696215
576	ctrl_M3	ctrl	253.553436279297	160.146885871887	1.58325549010133
576	mut_M1	mut	235.00065612793	140.051073074341	1.67796398106274
576	mut_M2	mut	294.864654541016	157.125649452209	1.87661693408434
576	mut_M3	mut	253.809341430664	127.037858963013	1.99790317234928
577	ctrl_M1	ctrl	61.7662124633789	31.8255062103271	1.940777062749
577	ctrl_M2	ctrl	97.4439697265625	45.7680540084839	2.12908265028047
577	ctrl_M3	ctrl	89.7603454589844	46.3440685272217	1.93682489068177
577	mut_M1	mut	108.35277557373	45.4066390991211	2.38627605397528
577	mut_M2	mut	92.8549575805664	54.5650472640991	1.70172962796387
577	mut_M3	mut	105.468452453613	47.3839416503906	2.22582691055513
578	ctrl_M1	ctrl	94.7903289794922	106.770021677017	0.887799098385837
578	ctrl_M2	ctrl	132.659484863281	145.849515914917	0.909564108122715
578	ctrl_M3	ctrl	147.909591674805	146.385149478912	1.01041391289567
578	mut_M1	mut	167.138290405273	157.261687278748	1.06280361922494
578	mut_M2	mut	150.406921386719	141.548632621765	1.06258123869429
578	mut_M3	mut	150.101303100586	132.015914916992	1.13699399951108
579	ctrl_M1	ctrl	76.1221160888672	37.9890966415405	2.00378852930208
579	ctrl_M2	ctrl	118.235580444336	49.3465194702148	2.39602674542633
579	ctrl_M3	ctrl	144.992446899414	50.6912069320679	2.8603076484985
579	mut_M1	mut	140.397430419922	45.9504737854004	3.05540767818002
579	mut_M2	mut	140.257308959961	45.9265398979187	3.05394896440516
579	mut_M3	mut	144.519714355469	41.1161050796509	3.51491742896129
580	ctrl_M1	ctrl	62.1546745300293	31.745475769043	1.95790653705182
580	ctrl_M2	ctrl	91.2483596801758	47.8245306015015	1.90798233735954
580	ctrl_M3	ctrl	87.6845016479492	47.5607409477234	1.84363195149394
580	mut_M1	mut	120.199905395508	42.3271474838257	2.83978279994983
580	mut_M2	mut	121.762924194336	41.4513778686523	2.93748797881142
580	mut_M3	mut	113.436676025391	37.4587707519531	3.02830748976129
581	ctrl_M1	ctrl	231.465194702148	44.6294808387756	5.18637435058495
581	ctrl_M2	ctrl	281.521209716797	69.8176407814026	4.03223607337626
581	ctrl_M3	ctrl	288.722869873047	68.557550907135	4.21139416523408
581	mut_M1	mut	312.759887695312	66.3304491043091	4.71517820124324
581	mut_M2	mut	317.692535400391	69.7386751174927	4.55547133445188
581	mut_M3	mut	295.352294921875	63.2964949607849	4.66617140656618
582	ctrl_M1	ctrl	164.924697875977	99.1920733451843	1.66268021540436
582	ctrl_M2	ctrl	239.272186279297	142.534128189087	1.67870101932273
582	ctrl_M3	ctrl	229.56201171875	128.983116149902	1.77978342104835
582	mut_M1	mut	263.766784667969	154.684847831726	1.70518824801061
582	mut_M2	mut	242.110412597656	137.238805294037	1.76415418422603
582	mut_M3	mut	250.019409179688	130.531732082367	1.91539179930534
583	ctrl_M1	ctrl	122.152397155762	214.217273712158	0.570226644373678
583	ctrl_M2	ctrl	141.954528808594	259.639783859253	0.546736431137785
583	ctrl_M3	ctrl	144.596084594727	276.975992202759	0.522052772317089
583	mut_M1	mut	184.356796264648	315.9321641922	0.583532850275079
583	mut_M2	mut	164.085998535156	253.354370117188	0.64765410779873
583	mut_M3	mut	156.870361328125	230.362481117249	0.680971834333917
584	ctrl_M1	ctrl	147.434600830078	55.416109085083	2.66050076889582
584	ctrl_M2	ctrl	170.674118041992	78.5168499946594	2.17372599707707
584	ctrl_M3	ctrl	199.67805480957	71.0812301635742	2.80915305418977
584	mut_M1	mut	222.819244384766	84.727906703949	2.62982118941433
584	mut_M2	mut	198.378723144531	76.3610339164734	2.59790514834471
584	mut_M3	mut	180.979598999023	67.2380013465881	2.69162668988535
585	ctrl_M1	ctrl	53.8922920227051	18.3169815540314	2.94220376123292
585	ctrl_M2	ctrl	83.5707168579102	31.8848700523376	2.6210148173956
585	ctrl_M3	ctrl	79.1342391967773	27.1519303321838	2.91449772552553
585	mut_M1	mut	90.7817916870117	31.7440795898438	2.85980229573443
585	mut_M2	mut	98.8195266723633	33.7871737480164	2.92476451002845
585	mut_M3	mut	88.5309448242188	31.2759685516357	2.83063799217142
586	ctrl_M1	ctrl	62.0945205688477	27.7309460639954	2.23917786380424
586	ctrl_M2	ctrl	80.6444778442383	46.6940703392029	1.7270817741612
586	ctrl_M3	ctrl	76.2288513183594	37.1800556182861	2.05026189581244
586	mut_M1	mut	98.3678894042969	34.998309135437	2.81064690935871
586	mut_M2	mut	100.01008605957	37.1982583999634	2.68856904493326
586	mut_M3	mut	86.7640228271484	30.1885747909546	2.8740682005679
587	ctrl_M1	ctrl	36.3455276489258	16.6648011207581	2.18097578156231
587	ctrl_M2	ctrl	63.2305717468262	23.6266973018646	2.67623404739841
587	ctrl_M3	ctrl	69.5935897827148	22.6077105998993	3.07831213050935
587	mut_M1	mut	117.25651550293	27.9585468769073	4.19394169586757
587	mut_M2	mut	90.5628890991211	27.4486207962036	3.29936027647869
587	mut_M3	mut	78.3857421875	24.3819284439087	3.21491150168161
588	ctrl_M1	ctrl	35.1806678771973	9.26516234874725	3.79709135716916
588	ctrl_M2	ctrl	56.8160591125488	13.4475085735321	4.22502494063297
588	ctrl_M3	ctrl	50.5029411315918	9.94317597150803	5.07915592324897
588	mut_M1	mut	79.9198608398438	13.5449664592743	5.9003365626736
588	mut_M2	mut	72.8561859130859	13.6638534069061	5.33203802349506
588	mut_M3	mut	75.9697799682617	16.1443662643433	4.70565265457647
589	ctrl_M1	ctrl	166.771362304688	41.149076461792	4.05285796534314
589	ctrl_M2	ctrl	211.657501220703	69.6476268768311	3.03897649800776
589	ctrl_M3	ctrl	220.176483154297	75.4928965568542	2.9165192116914
589	mut_M1	mut	279.754333496094	75.7588319778442	3.69269596946674
589	mut_M2	mut	269.116058349609	70.387396812439	3.82335575027333
589	mut_M3	mut	262.457061767578	77.142614364624	3.40223187831103
590	ctrl_M1	ctrl	65.6622314453125	54.0834631919861	1.2140907325447
590	ctrl_M2	ctrl	95.8529434204102	78.9570231437683	1.21398882080289
590	ctrl_M3	ctrl	87.3410797119141	79.4882621765137	1.09879216528803
590	mut_M1	mut	111.925758361816	77.7394700050354	1.43975458482759
590	mut_M2	mut	118.187812805176	67.9588212966919	1.73910922158576
590	mut_M3	mut	93.3657531738281	63.4043278694153	1.47254542885653
591	ctrl_M1	ctrl	125.914581298828	41.4083762168884	3.04079978020181
591	ctrl_M2	ctrl	153.611328125	55.7579202651978	2.75496875411401
591	ctrl_M3	ctrl	159.637664794922	53.6945238113403	2.97307161817508
591	mut_M1	mut	182.816116333008	53.8657445907593	3.39392164207399
591	mut_M2	mut	195.474670410156	47.2120337486267	4.14035691516556
591	mut_M3	mut	154.578125	38.3705825805664	4.02855819755756
592	ctrl_M1	ctrl	87.4237747192383	70.4423875808716	1.24106773948954
592	ctrl_M2	ctrl	132.276062011719	88.4762754440308	1.49504555145289
592	ctrl_M3	ctrl	115.691375732422	91.2834978103638	1.26738543666199
592	mut_M1	mut	148.17204284668	101.639520645142	1.45781918200893
592	mut_M2	mut	130.117492675781	95.3349237442017	1.36484603506797
592	mut_M3	mut	112.269950866699	76.459677696228	1.46835501076455
593	ctrl_M1	ctrl	87.8026657104492	177.828806400299	0.493748271091705
593	ctrl_M2	ctrl	128.054763793945	220.532039642334	0.580662855164396
593	ctrl_M3	ctrl	142.592849731445	221.975341320038	0.642381486535745
593	mut_M1	mut	153.87809753418	248.773952007294	0.618545857765962
593	mut_M2	mut	139.659759521484	222.443532466888	0.627843650802809
593	mut_M3	mut	135.638076782227	204.203363895416	0.66423037404856
594	ctrl_M1	ctrl	56.6801643371582	20.8364493846893	2.72024102046901
594	ctrl_M2	ctrl	72.2459487915039	27.6240530014038	2.61532762002131
594	ctrl_M3	ctrl	95.8732376098633	34.0429558753967	2.81624304190201
594	mut_M1	mut	112.622428894043	30.5445928573608	3.68714781761782
594	mut_M2	mut	119.344383239746	34.4052886962891	3.46878017194544
594	mut_M3	mut	98.1877975463867	30.6634240150452	3.20211459418917
595	ctrl_M1	ctrl	61.0907516479492	17.8567521572113	3.42115694444906
595	ctrl_M2	ctrl	99.2551879882812	26.7854108810425	3.7055689916084
595	ctrl_M3	ctrl	89.2543258666992	26.8553152084351	3.32352553578165
595	mut_M1	mut	114.261894226074	30.2627611160278	3.77565992038838
595	mut_M2	mut	110.513717651367	23.0856119394302	4.78712532902841
595	mut_M3	mut	112.124122619629	23.1369774341583	4.8461007034607
596	ctrl_M1	ctrl	57.083869934082	30.0558362007141	1.89926074765891
596	ctrl_M2	ctrl	80.8992538452148	41.15083360672	1.96592017110448
596	ctrl_M3	ctrl	75.7036972045898	45.782509803772	1.65355061417696
596	mut_M1	mut	100.597846984863	38.3823833465576	2.62093799847074
596	mut_M2	mut	92.7005844116211	42.1456999778748	2.19952651065912
596	mut_M3	mut	88.6637802124023	35.7541351318359	2.47981890445603
597	ctrl_M1	ctrl	52.1690292358398	23.1139526367188	2.25703626098828
597	ctrl_M2	ctrl	83.3647003173828	29.8926796913147	2.78879983923303
597	ctrl_M3	ctrl	101.304870605469	28.9206414222717	3.5028569776967
597	mut_M1	mut	113.178192138672	31.1533880233765	3.63293366531264
597	mut_M2	mut	112.148277282715	34.0353908538818	3.29504890260204
597	mut_M3	mut	104.253662109375	29.2779912948608	3.56082017579104
598	ctrl_M1	ctrl	26.3470859527588	10.5214283466339	2.50413585349255
598	ctrl_M2	ctrl	28.1738109588623	11.3139840364456	2.49017595111557
598	ctrl_M3	ctrl	34.1382789611816	11.4644249677658	2.97775763347636
598	mut_M1	mut	46.475341796875	13.9765605926514	3.3252345230994
598	mut_M2	mut	53.0636901855469	12.5674835443497	4.22230035140203
598	mut_M3	mut	45.2038993835449	11.0353734493256	4.09627273522924
599	ctrl_M1	ctrl	106.958702087402	88.3526840209961	1.21058803445048
599	ctrl_M2	ctrl	149.442993164062	132.348137378693	1.12916582072066
599	ctrl_M3	ctrl	154.616271972656	129.169993400574	1.19699837324579
599	mut_M1	mut	268.90087890625	120.135617733002	2.23831103531573
599	mut_M2	mut	250.478393554688	115.358256816864	2.17130875991245
599	mut_M3	mut	220.197525024414	101.038189888	2.17934946447972
600	ctrl_M1	ctrl	88.7242202758789	53.658106803894	1.65351007630855
600	ctrl_M2	ctrl	133.656097412109	73.6484317779541	1.81478538219354
600	ctrl_M3	ctrl	120.859130859375	70.6684989929199	1.71022637500032
600	mut_M1	mut	176.131607055664	73.4627180099487	2.39756453105657
600	mut_M2	mut	146.582595825195	62.1309213638306	2.35925353443299
600	mut_M3	mut	138.127868652344	57.8513593673706	2.38763393225036
601	ctrl_M1	ctrl	95.7789611816406	77.2020027637482	1.24062793389883
601	ctrl_M2	ctrl	122.051239013672	62.6113407611847	1.94934715548108
601	ctrl_M3	ctrl	103.916137695312	60.3214898109436	1.72270509267926
601	mut_M1	mut	155.660263061523	106.677141666412	1.45917167098726
601	mut_M2	mut	134.384811401367	87.6554627418518	1.53310252661759
601	mut_M3	mut	129.693023681641	47.1427116394043	2.75107262971349
602	ctrl_M1	ctrl	69.841926574707	26.6422176361084	2.62147571679805
602	ctrl_M2	ctrl	81.4803771972656	45.2413349151611	1.8010162023305
602	ctrl_M3	ctrl	107.500228881836	46.4073276519775	2.31644945574139
602	mut_M1	mut	114.583198547363	55.1085729598999	2.07922637791293
602	mut_M2	mut	118.705558776855	48.6758289337158	2.43869619433708
602	mut_M3	mut	116.089973449707	39.5265612602234	2.93701171436159
603	ctrl_M1	ctrl	76.59619140625	35.1972266435623	2.17619962453092
603	ctrl_M2	ctrl	99.8889617919922	51.0799913406372	1.95553991240646
603	ctrl_M3	ctrl	115.906730651855	52.2235631942749	2.21943359591676
603	mut_M1	mut	116.495544433594	50.1955180168152	2.32083558525222
603	mut_M2	mut	124.660018920898	46.454008102417	2.68351481418053
603	mut_M3	mut	114.234329223633	38.6919095516205	2.95240867011818
604	ctrl_M1	ctrl	105.98127746582	48.0504491329193	2.20562511648227
604	ctrl_M2	ctrl	150.015502929688	60.3344407081604	2.48639916387586
604	ctrl_M3	ctrl	158.828735351562	56.9497690200806	2.78892676975668
604	mut_M1	mut	175.3876953125	52.3690285682678	3.34907291785766
604	mut_M2	mut	145.226257324219	55.5158295631409	2.61594320875717
604	mut_M3	mut	149.006927490234	43.4654350280762	3.42817062325465
605	ctrl_M1	ctrl	26.6255054473877	14.7727251052856	1.80234217164585
605	ctrl_M2	ctrl	38.1187782287598	25.3204958438873	1.5054514913049
605	ctrl_M3	ctrl	32.4036026000977	19.2715269327164	1.68142372491967
605	mut_M1	mut	45.6559257507324	24.9028017520905	1.8333650247567
605	mut_M2	mut	49.917293548584	24.9284744262695	2.00242071355884
605	mut_M3	mut	45.7366104125977	25.648553609848	1.78320427375042
606	ctrl_M1	ctrl	66.9315185546875	33.3965001106262	2.00414769011652
606	ctrl_M2	ctrl	92.5230484008789	51.6056098937988	1.79288741265311
606	ctrl_M3	ctrl	105.260330200195	48.0821475982666	2.18917697020651
606	mut_M1	mut	126.93172454834	49.7995414733887	2.54885327842161
606	mut_M2	mut	116.12419128418	45.4237451553345	2.55646448541556
606	mut_M3	mut	120.304740905762	46.8266792297363	2.56914952938548
607	ctrl_M1	ctrl	144.1455078125	248.580988883972	0.579873418557287
607	ctrl_M2	ctrl	213.177062988281	284.476124763489	0.749367150461273
607	ctrl_M3	ctrl	209.501831054688	273.111859798431	0.767091664233509
607	mut_M1	mut	257.4072265625	312.074498176575	0.824826213184701
607	mut_M2	mut	227.608810424805	264.146229743958	0.861677301415321
607	mut_M3	mut	204.987396240234	269.918108940125	0.75944291787294
608	ctrl_M1	ctrl	53.2066307067871	192.249864578247	0.276757701876724
608	ctrl_M2	ctrl	111.908630371094	222.467757225037	0.503033031694085
608	ctrl_M3	ctrl	96.749626159668	229.140706062317	0.422228017981912
608	mut_M1	mut	120.989700317383	229.834492683411	0.526420986270508
608	mut_M2	mut	132.429244995117	215.935566902161	0.613281299116047
608	mut_M3	mut	98.1346054077148	205.804379463196	0.476834388382218
609	ctrl_M1	ctrl	130.215759277344	127.835723876953	1.01861792093954
609	ctrl_M2	ctrl	168.346084594727	181.516821861267	0.927440679428561
609	ctrl_M3	ctrl	195.511932373047	183.531823158264	1.06527537845277
609	mut_M1	mut	221.902984619141	163.100910186768	1.36052572830549
609	mut_M2	mut	182.020263671875	155.811172008514	1.16821060598869
609	mut_M3	mut	200.922225952148	132.847720146179	1.51242509642667
610	ctrl_M1	ctrl	103.112350463867	26.295117855072	3.92134962209261
610	ctrl_M2	ctrl	90.1726837158203	32.4960823059082	2.77487861050333
610	ctrl_M3	ctrl	112.482536315918	35.4714527130127	3.17107216402935
610	mut_M1	mut	132.563339233398	31.3452563285828	4.22913559371719
610	mut_M2	mut	134.535903930664	27.3769207000732	4.91420877477664
610	mut_M3	mut	124.703918457031	28.627956867218	4.35601880481489
611	ctrl_M1	ctrl	82.1852569580078	48.9731316566467	1.67817033907925
611	ctrl_M2	ctrl	115.73169708252	65.1359491348267	1.77677148517424
611	ctrl_M3	ctrl	105.73583984375	67.279372215271	1.5715937346358
611	mut_M1	mut	119.568229675293	64.6934576034546	1.84822753497269
611	mut_M2	mut	128.410903930664	63.0215940475464	2.03756991347735
611	mut_M3	mut	109.706718444824	62.0565843582153	1.76784977096956
612	ctrl_M1	ctrl	88.2785186767578	36.6717729568481	2.40726072286267
612	ctrl_M2	ctrl	108.474891662598	57.5217342376709	1.88580704494055
612	ctrl_M3	ctrl	115.773818969727	59.0749521255493	1.95977846454581
612	mut_M1	mut	140.347595214844	53.6881055831909	2.61412828205257
612	mut_M2	mut	131.691223144531	53.5879669189453	2.45747750318129
612	mut_M3	mut	126.219940185547	48.4360380172729	2.60590967701642
613	ctrl_M1	ctrl	90.6147079467773	40.2497067451477	2.25131349454369
613	ctrl_M2	ctrl	115.274017333984	68.6040506362915	1.68028004563632
613	ctrl_M3	ctrl	120.802146911621	64.823187828064	1.86356381040739
613	mut_M1	mut	132.615463256836	58.7084474563599	2.25888213711347
613	mut_M2	mut	120.788932800293	58.5259141921997	2.06385384094336
613	mut_M3	mut	111.331817626953	53.5971727371216	2.07719571651667
614	ctrl_M1	ctrl	117.044929504395	164.176037073135	0.712923344910893
614	ctrl_M2	ctrl	156.126647949219	197.26340341568	0.791462811884187
614	ctrl_M3	ctrl	126.008918762207	213.26133275032	0.590866225663769
614	mut_M1	mut	205.994812011719	210.232648134232	0.979842159816172
614	mut_M2	mut	163.398574829102	197.221198797226	0.828504115306087
614	mut_M3	mut	136.973785400391	179.523874998093	0.762983672237723
615	ctrl_M1	ctrl	95.1536712646484	33.685923576355	2.82473096066273
615	ctrl_M2	ctrl	126.13729095459	50.0128774642944	2.52209625500238
615	ctrl_M3	ctrl	130.626129150391	45.3492708206177	2.88044607524323
615	mut_M1	mut	144.657028198242	55.0684213638306	2.62685990656079
615	mut_M2	mut	140.512542724609	48.4280157089233	2.90147222981755
615	mut_M3	mut	133.335433959961	38.0036935806274	3.50848618640398
616	ctrl_M1	ctrl	78.4300994873047	188.060832500458	0.417046433563532
616	ctrl_M2	ctrl	116.90104675293	211.036378860474	0.553937891581331
616	ctrl_M3	ctrl	125.95930480957	244.71949005127	0.514708921562322
616	mut_M1	mut	178.93782043457	239.075771331787	0.748456522540053
616	mut_M2	mut	157.038864135742	229.767340183258	0.683469043122016
616	mut_M3	mut	142.40837097168	207.094940185547	0.687647756357972
617	ctrl_M1	ctrl	111.211334228516	179.924962520599	0.618098415420168
617	ctrl_M2	ctrl	151.585052490234	200.439905166626	0.756261844986514
617	ctrl_M3	ctrl	144.963348388672	211.407069683075	0.685707193264585
617	mut_M1	mut	215.743194580078	212.229326248169	1.01655694052291
617	mut_M2	mut	173.848999023438	205.692863464355	0.84518731518152
617	mut_M3	mut	180.207473754883	189.982058525085	0.948549958632478
618	ctrl_M1	ctrl	54.8151893615723	27.1074514389038	2.02214470383236
618	ctrl_M2	ctrl	76.5114822387695	43.4728579521179	1.7599827994525
618	ctrl_M3	ctrl	70.0017471313477	34.0387239456177	2.05653264920232
618	mut_M1	mut	86.7138137817383	38.7868270874023	2.23565112934701
618	mut_M2	mut	87.171012878418	33.047730922699	2.63773065334855
618	mut_M3	mut	89.2814788818359	35.9232964515686	2.48533647245331
619	ctrl_M1	ctrl	89.1338958740234	66.8777022361755	1.33278944840615
619	ctrl_M2	ctrl	121.269302368164	72.7637977600098	1.6666159010575
619	ctrl_M3	ctrl	128.926162719727	71.5273947715759	1.80247250904992
619	mut_M1	mut	129.691741943359	74.5198907852173	1.74036409040319
619	mut_M2	mut	157.401779174805	79.7189340591431	1.97445915493588
619	mut_M3	mut	175.281005859375	73.6567687988281	2.37969990698484
620	ctrl_M1	ctrl	66.0517349243164	26.3074061870575	2.51076576894958
620	ctrl_M2	ctrl	84.7833786010742	37.5988006591797	2.25494901737975
620	ctrl_M3	ctrl	89.5650329589844	38.1784605979919	2.34595715898758
620	mut_M1	mut	113.679145812988	38.1002078056335	2.98368834083313
620	mut_M2	mut	98.4398727416992	36.3565707206726	2.70762260549853
620	mut_M3	mut	92.7457809448242	36.2805571556091	2.55634941180845
621	ctrl_M1	ctrl	83.5258102416992	43.4472470283508	1.92246496509194
621	ctrl_M2	ctrl	92.5769577026367	54.4155559539795	1.70129581660309
621	ctrl_M3	ctrl	101.62255859375	60.2276458740234	1.68730750005257
621	mut_M1	mut	164.380935668945	64.7547979354858	2.53851360686378
621	mut_M2	mut	141.671585083008	59.3072071075439	2.38877519263569
621	mut_M3	mut	117.442054748535	54.0823221206665	2.17154238470942
622	ctrl_M1	ctrl	57.0420913696289	21.0624904632568	2.70823108355291
622	ctrl_M2	ctrl	50.596622467041	29.9034786224365	1.69199788111201
622	ctrl_M3	ctrl	61.3474159240723	33.6139602661133	1.82505766765951
622	mut_M1	mut	81.9842376708984	30.5309090614319	2.6852864913369
622	mut_M2	mut	68.3974533081055	27.0129356384277	2.5320259235655
622	mut_M3	mut	65.3940963745117	25.9267501831055	2.52226352754092
623	ctrl_M1	ctrl	58.7195625305176	28.5814247131348	2.05446590293774
623	ctrl_M2	ctrl	75.763069152832	39.1546540260315	1.93496969996113
623	ctrl_M3	ctrl	75.8228378295898	39.2537744045258	1.93160629722394
623	mut_M1	mut	101.290466308594	49.2821469306946	2.05531764780943
623	mut_M2	mut	90.4192810058594	43.6767578125	2.07019214645053
623	mut_M3	mut	74.6714859008789	39.4713168144226	1.89179110116727
624	ctrl_M1	ctrl	59.705696105957	213.172041893005	0.280082207665508
624	ctrl_M2	ctrl	94.6460494995117	222.33571434021	0.425689816772702
624	ctrl_M3	ctrl	104.035972595215	255.323390960693	0.407467456090739
624	mut_M1	mut	147.073577880859	272.047820091248	0.54061663802904
624	mut_M2	mut	148.504364013672	253.280269622803	0.586324249554976
624	mut_M3	mut	141.660583496094	228.239441871643	0.620666534821622
625	ctrl_M1	ctrl	50.0659370422363	22.4133670330048	2.23375349935205
625	ctrl_M2	ctrl	59.7466201782227	33.5750684738159	1.77949362113191
625	ctrl_M3	ctrl	52.4691009521484	30.0668125152588	1.74508358428485
625	mut_M1	mut	71.3617706298828	36.8658909797668	1.93571262577238
625	mut_M2	mut	68.4115753173828	35.9286327362061	1.90409626271258
625	mut_M3	mut	51.0012817382812	28.7923164367676	1.77135041740348
626	ctrl_M1	ctrl	35.239429473877	8.99941730499268	3.9157456843708
626	ctrl_M2	ctrl	37.1316986083984	12.594557762146	2.94823361880962
626	ctrl_M3	ctrl	49.5836410522461	10.4096676111221	4.7632299997042
626	mut_M1	mut	67.31005859375	14.1794052124023	4.74702976503385
626	mut_M2	mut	74.8294677734375	12.637193441391	5.92136759799421
626	mut_M3	mut	62.5575218200684	11.9495489597321	5.23513665920585
627	ctrl_M1	ctrl	48.2542037963867	27.7880535125732	1.73650895607183
627	ctrl_M2	ctrl	79.1328659057617	43.7358493804932	1.8093364374228
627	ctrl_M3	ctrl	81.7097854614258	41.8549485206604	1.95221325911062
627	mut_M1	mut	156.579788208008	45.5222158432007	3.439634589567
627	mut_M2	mut	122.44465637207	43.7041349411011	2.80167211951651
627	mut_M3	mut	120.884757995605	35.594988822937	3.39611731856223
628	ctrl_M1	ctrl	106.84627532959	64.0149741172791	1.66908253581172
628	ctrl_M2	ctrl	151.393981933594	94.8721814155579	1.59576790239975
628	ctrl_M3	ctrl	138.321075439453	91.2021007537842	1.51664352351789
628	mut_M1	mut	192.298599243164	103.121301174164	1.86478057446528
628	mut_M2	mut	166.688522338867	91.9033131599426	1.81373790136133
628	mut_M3	mut	154.466247558594	83.4583005905151	1.8508194687126
629	ctrl_M1	ctrl	54.5371513366699	16.2562079429626	3.35485074551345
629	ctrl_M2	ctrl	72.2144927978516	27.7902612686157	2.59855393584965
629	ctrl_M3	ctrl	70.9654006958008	24.6346635818481	2.88071320560233
629	mut_M1	mut	150.473999023438	33.513952255249	4.48989119150726
629	mut_M2	mut	155.249328613281	29.0513820648193	5.34395672697738
629	mut_M3	mut	135.588165283203	26.8994319438934	5.04055868413919
630	ctrl_M1	ctrl	66.3027725219727	26.6289901733398	2.4898718310525
630	ctrl_M2	ctrl	84.8303451538086	44.2075943946838	1.91890887335887
630	ctrl_M3	ctrl	89.9841842651367	42.6671862602234	2.10897863562718
630	mut_M1	mut	126.668853759766	43.0233359336853	2.94418949648648
630	mut_M2	mut	107.376022338867	41.0209295749664	2.61759115289271
630	mut_M3	mut	93.1106262207031	34.7238929271698	2.68145701335948
631	ctrl_M1	ctrl	61.3818168640137	21.0417981147766	2.91713742947226
631	ctrl_M2	ctrl	99.6869049072266	31.1665585041046	3.19852141820849
631	ctrl_M3	ctrl	96.2303085327148	30.0570514202118	3.20158844549885
631	mut_M1	mut	134.691787719727	31.2737646102905	4.30686197834356
631	mut_M2	mut	112.83821105957	30.2251403331757	3.7332568125653
631	mut_M3	mut	121.144271850586	24.6665010452271	4.91128724047496
632	ctrl_M1	ctrl	35.4105186462402	16.7097804546356	2.1191492456992
632	ctrl_M2	ctrl	62.1373825073242	26.2888822555542	2.36363729363945
632	ctrl_M3	ctrl	52.7630348205566	26.4221091270447	1.99692744310674
632	mut_M1	mut	58.658260345459	28.2442193031311	2.07682356930844
632	mut_M2	mut	59.5931816101074	23.1939768791199	2.56933866583939
632	mut_M3	mut	55.9474716186523	29.0624313354492	1.92507884054456
633	ctrl_M1	ctrl	153.416305541992	112.843883275986	1.35954471866922
633	ctrl_M2	ctrl	193.347015380859	151.609951972961	1.27529237272855
633	ctrl_M3	ctrl	173.242553710938	148.5341796875	1.16634806934957
633	mut_M1	mut	245.630249023438	158.134336471558	1.55330116471964
633	mut_M2	mut	238.387619018555	156.081503868103	1.5273277942017
633	mut_M3	mut	211.831985473633	136.837520599365	1.54805483573352
634	ctrl_M1	ctrl	96.9024505615234	46.9241962432861	2.06508493100483
634	ctrl_M2	ctrl	124.035057067871	60.0319986343384	2.06614905199779
634	ctrl_M3	ctrl	128.765777587891	65.5827608108521	1.96340892020794
634	mut_M1	mut	219.276336669922	68.3957657814026	3.20599285883784
634	mut_M2	mut	194.925918579102	77.2337141036987	2.52384494053183
634	mut_M3	mut	177.2763671875	65.9704580307007	2.68720837295083
635	ctrl_M1	ctrl	57.1487655639648	40.1573333740234	1.42312152631461
635	ctrl_M2	ctrl	91.2730026245117	55.6855564117432	1.63907857810798
635	ctrl_M3	ctrl	77.6476058959961	61.3157844543457	1.26635590797686
635	mut_M1	mut	88.5833358764648	55.6304354667664	1.59235381016179
635	mut_M2	mut	102.130149841309	59.3894777297974	1.71966741829196
635	mut_M3	mut	91.0947952270508	47.8908619880676	1.90213313031926
636	ctrl_M1	ctrl	99.0506134033203	36.1204390525818	2.74223171150076
636	ctrl_M2	ctrl	145.07438659668	63.2419853210449	2.2939568683718
636	ctrl_M3	ctrl	142.898422241211	59.6085557937622	2.39728039604953
636	mut_M1	mut	171.572769165039	52.3872776031494	3.27508465824009
636	mut_M2	mut	159.915512084961	60.6392660140991	2.63716107724291
636	mut_M3	mut	181.774993896484	53.724907875061	3.38343984356768
637	ctrl_M1	ctrl	136.578643798828	139.448788642883	0.979417929176815
637	ctrl_M2	ctrl	151.782028198242	203.675934314728	0.745213364106644
637	ctrl_M3	ctrl	156.153793334961	202.819369792938	0.76991558298589
637	mut_M1	mut	235.250885009766	177.548736572266	1.32499329227282
637	mut_M2	mut	206.150939941406	196.595617294312	1.04860394539106
637	mut_M3	mut	189.376602172852	160.824185848236	1.1775380747244
638	ctrl_M1	ctrl	75.8161926269531	47.4241132736206	1.59868445382458
638	ctrl_M2	ctrl	101.722518920898	54.4790186882019	1.86718706339194
638	ctrl_M3	ctrl	107.483200073242	56.070511341095	1.91692919330425
638	mut_M1	mut	120.902633666992	56.2171292304993	2.15063692013286
638	mut_M2	mut	122.808204650879	56.2153606414795	2.18460227328441
638	mut_M3	mut	124.685127258301	47.8195819854736	2.60740730222562
639	ctrl_M1	ctrl	62.9393272399902	17.4898496866226	3.59862024932841
639	ctrl_M2	ctrl	61.8895072937012	24.0978896617889	2.56825423978254
639	ctrl_M3	ctrl	54.7917366027832	22.5667006969452	2.42799057507774
639	mut_M1	mut	114.26033782959	28.5203709602356	4.00627109615428
639	mut_M2	mut	97.9132843017578	23.3157913684845	4.19944074615907
639	mut_M3	mut	100.961112976074	21.9616849422455	4.59714786190496
640	ctrl_M1	ctrl	115.537490844727	29.6706285476685	3.89400213275245
640	ctrl_M2	ctrl	153.033706665039	35.5035161972046	4.31038170458982
640	ctrl_M3	ctrl	150.15673828125	43.6609554290771	3.43915374287135
640	mut_M1	mut	172.146026611328	41.6336975097656	4.13477632081439
640	mut_M2	mut	175.616226196289	46.0038766860962	3.8174223314829
640	mut_M3	mut	146.279571533203	36.6744947433472	3.98859132366748
641	ctrl_M1	ctrl	75.7808456420898	30.2473931312561	2.50536782833631
641	ctrl_M2	ctrl	90.5732498168945	46.23126745224	1.95913404084071
641	ctrl_M3	ctrl	88.6313400268555	45.2034764289856	1.96071955142863
641	mut_M1	mut	107.935600280762	39.1444840431213	2.75736423455883
641	mut_M2	mut	111.181922912598	37.4265236854553	2.97067191831672
641	mut_M3	mut	111.311065673828	37.9029326438904	2.93674019157382
642	ctrl_M1	ctrl	34.7839241027832	16.7069244384766	2.08200642978158
642	ctrl_M2	ctrl	53.5089225769043	26.0848382711411	2.05134193360531
642	ctrl_M3	ctrl	50.2480659484863	29.2399380207062	1.71847375028303
642	mut_M1	mut	74.4995956420898	28.1525747776031	2.64628000211754
642	mut_M2	mut	69.5479202270508	23.7019933462143	2.93426460851484
642	mut_M3	mut	52.4516448974609	24.6132414340973	2.1310336161087
643	ctrl_M1	ctrl	126.493698120117	100.335001945496	1.26071356622718
643	ctrl_M2	ctrl	167.066253662109	144.03716468811	1.15988296509352
643	ctrl_M3	ctrl	130.970245361328	126.505348205566	1.03529413751351
643	mut_M1	mut	221.001159667969	122.769691467285	1.80012800412437
643	mut_M2	mut	265.631866455078	125.092175483704	2.12348906258876
643	mut_M3	mut	232.550048828125	121.164326667786	1.91929469030717
644	ctrl_M1	ctrl	95.1473083496094	28.4376621246338	3.34582033968218
644	ctrl_M2	ctrl	109.691497802734	43.7772817611694	2.50567174090811
644	ctrl_M3	ctrl	110.943138122559	39.3920788764954	2.81638190435176
644	mut_M1	mut	134.848068237305	42.2459468841553	3.19197646598095
644	mut_M2	mut	123.023483276367	41.4896354675293	2.96516182632282
644	mut_M3	mut	124.225700378418	40.5594878196716	3.06280249224862
645	ctrl_M1	ctrl	44.4489517211914	45.1486511230469	0.984502318796889
645	ctrl_M2	ctrl	68.6559448242188	72.7204694747925	0.944107557611648
645	ctrl_M3	ctrl	71.5013275146484	76.1460103988647	0.939002938435162
645	mut_M1	mut	140.796997070312	68.8026428222656	2.04638937248423
645	mut_M2	mut	115.735618591309	76.6458511352539	1.5100050019286
645	mut_M3	mut	112.09774017334	61.2861404418945	1.82908793676802
646	ctrl_M1	ctrl	55.4808387756348	27.4549655914307	2.0207943292033
646	ctrl_M2	ctrl	83.0625381469727	36.0525884628296	2.30392717107152
646	ctrl_M3	ctrl	84.1656875610352	34.1285367012024	2.46613818511797
646	mut_M1	mut	90.231071472168	36.6826686859131	2.45977391243671
646	mut_M2	mut	81.9595565795898	34.2090735435486	2.39584262564884
646	mut_M3	mut	85.6221542358398	32.8069226741791	2.60988069762573
647	ctrl_M1	ctrl	110.762306213379	44.4480299949646	2.49195085194837
647	ctrl_M2	ctrl	158.838027954102	65.8003263473511	2.41393982023154
647	ctrl_M3	ctrl	166.093017578125	68.5779843330383	2.4219582887056
647	mut_M1	mut	173.238586425781	55.7776517868042	3.10587808694316
647	mut_M2	mut	160.093658447266	60.0691909790039	2.66515423028127
647	mut_M3	mut	157.692657470703	48.8791332244873	3.22617540590312
648	ctrl_M1	ctrl	79.8467407226562	58.0206437110901	1.37617812584513
648	ctrl_M2	ctrl	126.513442993164	80.8556394577026	1.56468298119572
648	ctrl_M3	ctrl	100.312980651855	80.491340637207	1.24625804288674
648	mut_M1	mut	129.346649169922	68.0097751617432	1.90188320520551
648	mut_M2	mut	120.810768127441	78.5845746994019	1.5373343762381
648	mut_M3	mut	147.735809326172	63.8110942840576	2.31520570182545
649	ctrl_M1	ctrl	56.7407150268555	24.2743577957153	2.33747543413366
649	ctrl_M2	ctrl	96.3033294677734	36.9914727210999	2.60339268441297
649	ctrl_M3	ctrl	81.7027893066406	29.2727103233337	2.79109069178039
649	mut_M1	mut	103.856201171875	28.3492674827576	3.66345272360359
649	mut_M2	mut	124.400291442871	34.8278956413269	3.57185782121321
649	mut_M3	mut	110.867256164551	30.1642570495605	3.67545124623469
650	ctrl_M1	ctrl	82.4379272460938	39.933123588562	2.0643996721986
650	ctrl_M2	ctrl	103.540794372559	59.7543878555298	1.73277307472202
650	ctrl_M3	ctrl	114.577651977539	53.535270690918	2.14022737718176
650	mut_M1	mut	119.816093444824	46.9859886169434	2.55003878755502
650	mut_M2	mut	129.363189697266	53.5600671768188	2.415291774564
650	mut_M3	mut	141.861022949219	50.8418827056885	2.79023937351845
651	ctrl_M1	ctrl	112.081336975098	51.0442047119141	2.19577007042559
651	ctrl_M2	ctrl	174.377410888672	73.9318180084229	2.35862468401366
651	ctrl_M3	ctrl	133.84814453125	69.9488878250122	1.91351354815092
651	mut_M1	mut	195.10075378418	62.5289077758789	3.12016890625174
651	mut_M2	mut	175.938262939453	66.2787895202637	2.6545183491268
651	mut_M3	mut	171.561935424805	62.9205942153931	2.72664200909332
652	ctrl_M1	ctrl	79.4704284667969	62.4300575256348	1.27295138938748
652	ctrl_M2	ctrl	121.970207214355	88.4821772575378	1.37847203803933
652	ctrl_M3	ctrl	129.766632080078	95.0422239303589	1.36535769801813
652	mut_M1	mut	149.429061889648	89.4905877113342	1.66977405905138
652	mut_M2	mut	152.029907226562	95.3663477897644	1.59416723771066
652	mut_M3	mut	144.06575012207	84.3908314704895	1.70712561556463
653	ctrl_M1	ctrl	71.7509536743164	33.1150200366974	2.16671931935428
653	ctrl_M2	ctrl	117.474601745605	59.0727891921997	1.98864152771573
653	ctrl_M3	ctrl	106.023963928223	54.8920450210571	1.9314996168853
653	mut_M1	mut	150.353317260742	55.6476454734802	2.70188102266421
653	mut_M2	mut	167.047760009766	53.7330780029297	3.1088440532042
653	mut_M3	mut	147.635299682617	45.4926815032959	3.24525384752097
654	ctrl_M1	ctrl	64.6860656738281	37.632152557373	1.71890421562278
654	ctrl_M2	ctrl	84.9794082641602	61.9466400146484	1.37181626386944
654	ctrl_M3	ctrl	83.8335571289062	56.0914640426636	1.49458671760006
654	mut_M1	mut	121.634590148926	62.3492269515991	1.95085963525015
654	mut_M2	mut	112.088966369629	50.1455502510071	2.23527243810387
654	mut_M3	mut	112.651397705078	47.6147766113281	2.36589155136931
655	ctrl_M1	ctrl	39.5214767456055	13.6986441016197	2.88506486134146
655	ctrl_M2	ctrl	58.5763626098633	24.1990119218826	2.42060968435219
655	ctrl_M3	ctrl	51.5167198181152	18.6756579875946	2.75849556959843
655	mut_M1	mut	57.2746276855469	18.1263414621353	3.15974560035679
655	mut_M2	mut	55.2724380493164	21.3665888309479	2.5868629984239
655	mut_M3	mut	54.584846496582	17.1516491919756	3.18248384663322
656	ctrl_M1	ctrl	28.2367267608643	15.0785375833511	1.87264359058545
656	ctrl_M2	ctrl	63.898624420166	23.0140037536621	2.77651055870703
656	ctrl_M3	ctrl	42.2538642883301	22.6864643096924	1.86251430419141
656	mut_M1	mut	111.113754272461	33.3897814750671	3.32777722296362
656	mut_M2	mut	82.870491027832	29.2920217514038	2.82911475797537
656	mut_M3	mut	92.3055191040039	18.6345013380051	4.95347406564332
657	ctrl_M1	ctrl	99.9299240112305	34.1204962730408	2.92873594837444
657	ctrl_M2	ctrl	149.806091308594	51.3474407196045	2.91749869534194
657	ctrl_M3	ctrl	136.376602172852	53.8561325073242	2.53223905660706
657	mut_M1	mut	173.229598999023	51.4621438980103	3.36615589397785
657	mut_M2	mut	152.78271484375	47.1608109474182	3.23961169824019
657	mut_M3	mut	157.940902709961	40.7241263389587	3.87831285551402
658	ctrl_M1	ctrl	64.5285873413086	174.850841522217	0.369049338164664
658	ctrl_M2	ctrl	102.155830383301	173.755884170532	0.58792731464012
658	ctrl_M3	ctrl	83.049072265625	185.404061317444	0.44793556125737
658	mut_M1	mut	108.080635070801	186.292274475098	0.580167027190643
658	mut_M2	mut	108.707931518555	180.745384216309	0.601442365955291
658	mut_M3	mut	106.120231628418	157.464042663574	0.673933107732706
659	ctrl_M1	ctrl	40.3526382446289	17.437757730484	2.31409558891198
659	ctrl_M2	ctrl	60.9680862426758	25.7107105255127	2.37131082714253
659	ctrl_M3	ctrl	54.4809379577637	28.2267112731934	1.93011992897322
659	mut_M1	mut	84.8657150268555	28.5601072311401	2.97147746470375
659	mut_M2	mut	81.089714050293	29.6435036659241	2.73549695623556
659	mut_M3	mut	85.5998916625977	22.6702406406403	3.77587044705407
660	ctrl_M1	ctrl	81.4580154418945	160.591720104218	0.50723670802599
660	ctrl_M2	ctrl	94.2689056396484	181.352325439453	0.51981084560794
660	ctrl_M3	ctrl	94.6549758911133	191.775793552399	0.493571029678732
660	mut_M1	mut	165.119216918945	207.185434341431	0.796963442163784
660	mut_M2	mut	141.053634643555	181.52365398407	0.777053742295939
660	mut_M3	mut	113.375434875488	161.260896682739	0.703055962156408
661	ctrl_M1	ctrl	55.6729850769043	30.6926960945129	1.81388382778329
661	ctrl_M2	ctrl	99.8651733398438	40.981077671051	2.43686059555209
661	ctrl_M3	ctrl	99.752197265625	36.4357004165649	2.73775983788346
661	mut_M1	mut	104.509956359863	39.0999250411987	2.67289403367765
661	mut_M2	mut	121.408897399902	37.6701993942261	3.22294278640084
661	mut_M3	mut	114.937484741211	31.6783783435822	3.62826289573931
662	ctrl_M1	ctrl	83.7285232543945	79.144510269165	1.05791953187454
662	ctrl_M2	ctrl	143.585037231445	106.53488445282	1.34777484360096
662	ctrl_M3	ctrl	166.116546630859	105.895353317261	1.56868589061861
662	mut_M1	mut	164.901763916016	97.9337387084961	1.68380954399028
662	mut_M2	mut	171.998992919922	84.8535575866699	2.02700980149525
662	mut_M3	mut	150.207000732422	87.3016090393066	1.72055248907031
663	ctrl_M1	ctrl	64.3666076660156	22.5699334144592	2.85187406112504
663	ctrl_M2	ctrl	103.292137145996	35.5823273658752	2.90290559366437
663	ctrl_M3	ctrl	104.995094299316	36.6373739242554	2.86579203292203
663	mut_M1	mut	127.903701782227	38.3732595443726	3.33314665735722
663	mut_M2	mut	119.854789733887	38.8896498680115	3.08192000032566
663	mut_M3	mut	132.845291137695	42.331244468689	3.13823259403481
664	ctrl_M1	ctrl	90.6787719726562	43.9343166351318	2.06396227180976
664	ctrl_M2	ctrl	118.089241027832	66.7539715766907	1.76902195088369
664	ctrl_M3	ctrl	133.017181396484	56.8858780860901	2.33831639541853
664	mut_M1	mut	165.127548217773	62.3362598419189	2.64898068373892
664	mut_M2	mut	156.80436706543	66.8225774765015	2.34657765364664
664	mut_M3	mut	144.447021484375	53.364803314209	2.70678448178435
665	ctrl_M1	ctrl	274.370025634766	195.407706260681	1.4040900990299
665	ctrl_M2	ctrl	398.473083496094	258.787218093872	1.53977111555623
665	ctrl_M3	ctrl	370.844299316406	263.12636756897	1.40937718535259
665	mut_M1	mut	392.954406738281	214.691820144653	1.83031848383194
665	mut_M2	mut	416.259002685547	215.13475894928	1.93487563199252
665	mut_M3	mut	338.051727294922	198.817722320557	1.70030982826509
666	ctrl_M1	ctrl	102.63013458252	30.3790082931519	3.37832405824962
666	ctrl_M2	ctrl	128.91520690918	45.6385111808777	2.82470228702803
666	ctrl_M3	ctrl	118.318229675293	41.5903348922729	2.8448491694467
666	mut_M1	mut	142.83056640625	45.0728569030762	3.16888203278062
666	mut_M2	mut	126.367691040039	37.7982487678528	3.34321549699716
666	mut_M3	mut	147.531036376953	41.67689037323	3.53987629729006
667	ctrl_M1	ctrl	126.503776550293	229.667261123657	0.550813276264835
667	ctrl_M2	ctrl	171.286636352539	242.328454971313	0.706836662548836
667	ctrl_M3	ctrl	143.660308837891	274.02462387085	0.524260582164321
667	mut_M1	mut	200.316543579102	288.522919654846	0.694282949232373
667	mut_M2	mut	178.212020874023	267.682696342468	0.665758464439637
667	mut_M3	mut	169.217926025391	227.573962211609	0.743573317355366
668	ctrl_M1	ctrl	115.294998168945	129.305678129196	0.891646831268678
668	ctrl_M2	ctrl	112.200782775879	166.469238042831	0.674003101684231
668	ctrl_M3	ctrl	153.15364074707	179.466416358948	0.853383289499414
668	mut_M1	mut	179.61653137207	180.937041759491	0.992701823935113
668	mut_M2	mut	163.472534179688	164.337539672852	0.994736409618362
668	mut_M3	mut	147.527755737305	155.494831085205	0.948763085613214
669	ctrl_M1	ctrl	36.3455276489258	16.6648011207581	2.18097578156231
669	ctrl_M2	ctrl	63.2305717468262	23.6266973018646	2.67623404739841
669	ctrl_M3	ctrl	69.5935897827148	22.6077105998993	3.07831213050935
669	mut_M1	mut	117.25651550293	27.9585468769073	4.19394169586757
669	mut_M2	mut	90.5628890991211	27.4486207962036	3.29936027647869
669	mut_M3	mut	78.3857421875	24.3819284439087	3.21491150168161
670	ctrl_M1	ctrl	102.15259552002	125.255427360535	0.815554245214333
670	ctrl_M2	ctrl	150.026428222656	156.568796157837	0.958214100793205
670	ctrl_M3	ctrl	166.566558837891	163.717745780945	1.01740075911354
670	mut_M1	mut	200.113906860352	151.094155311584	1.3244318183432
670	mut_M2	mut	189.270889282227	138.326953887939	1.36828639655839
670	mut_M3	mut	132.79362487793	116.619176864624	1.13869458221337
671	ctrl_M1	ctrl	59.3101615905762	33.6878986358643	1.76057765524841
671	ctrl_M2	ctrl	75.706413269043	43.7923722267151	1.72875798728389
671	ctrl_M3	ctrl	68.9906768798828	44.0389595031738	1.56658280890834
671	mut_M1	mut	102.68936920166	46.7001719474792	2.19890773244151
671	mut_M2	mut	90.127326965332	46.0470037460327	1.95728971775057
671	mut_M3	mut	80.693359375	41.0366053581238	1.96637510999739
672	ctrl_M1	ctrl	44.3427047729492	19.6759437322617	2.25365072071449
672	ctrl_M2	ctrl	52.5424728393555	25.6271812915802	2.05026343871139
672	ctrl_M3	ctrl	57.7276420593262	21.3382697105408	2.70535722166871
672	mut_M1	mut	65.4396743774414	24.4678068161011	2.67452145871851
672	mut_M2	mut	71.3129959106445	23.5373947620392	3.0297743922644
672	mut_M3	mut	68.4442367553711	21.0462253093719	3.25209084998689
673	ctrl_M1	ctrl	224.444183349609	41.2538585662842	5.44056219587281
673	ctrl_M2	ctrl	265.378448486328	59.1296939849854	4.48807410628093
673	ctrl_M3	ctrl	299.078369140625	55.6323699951172	5.37597749595919
673	mut_M1	mut	326.227478027344	56.1816129684448	5.8066591681975
673	mut_M2	mut	276.086029052734	54.292640209198	5.08514649479067
673	mut_M3	mut	281.07177734375	48.0148072242737	5.8538562079586
674	ctrl_M1	ctrl	63.9288177490234	120.843379497528	0.529022094671981
674	ctrl_M2	ctrl	97.6377563476562	170.331966400146	0.573220390811929
674	ctrl_M3	ctrl	103.469573974609	154.748241901398	0.668631660710808
674	mut_M1	mut	130.090835571289	160.430646419525	0.810885192291143
674	mut_M2	mut	103.155326843262	147.625339508057	0.698764366517389
674	mut_M3	mut	105.593795776367	135.944403171539	0.776742501441014
675	ctrl_M1	ctrl	148.341888427734	124.723127365112	1.18936953844559
675	ctrl_M2	ctrl	189.404769897461	176.921618461609	1.07055752453769
675	ctrl_M3	ctrl	210.282485961914	179.858690261841	1.16915388217151
675	mut_M1	mut	254.446624755859	157.555869102478	1.61496125917316
675	mut_M2	mut	245.603256225586	168.67733001709	1.45605373407738
675	mut_M3	mut	238.577728271484	139.334422111511	1.7122669664539
676	ctrl_M1	ctrl	68.3471603393555	61.133535861969	1.11799782845334
676	ctrl_M2	ctrl	89.5815887451172	93.7103004455566	0.955941751538422
676	ctrl_M3	ctrl	82.7848281860352	87.8889269828796	0.941925576155472
676	mut_M1	mut	119.348526000977	89.786482334137	1.32924826653555
676	mut_M2	mut	105.796188354492	92.2364811897278	1.14701023922273
676	mut_M3	mut	102.115135192871	77.1919159889221	1.32287343674078
677	ctrl_M1	ctrl	111.832626342773	205.743810653687	0.543552809620179
677	ctrl_M2	ctrl	146.586242675781	249.459298610687	0.587615869571363
677	ctrl_M3	ctrl	154.827407836914	264.050874710083	0.586354459181051
677	mut_M1	mut	236.351531982422	242.050617218018	0.976454985733573
677	mut_M2	mut	229.014190673828	228.286731719971	1.00318660199117
677	mut_M3	mut	194.792297363281	211.261775493622	0.922042318863131
678	ctrl_M1	ctrl	113.402397155762	112.613878726959	1.00700196492401
678	ctrl_M2	ctrl	154.554244995117	148.191983222961	1.04293256378507
678	ctrl_M3	ctrl	124.026435852051	151.286177158356	0.819813403852677
678	mut_M1	mut	216.298690795898	162.810408592224	1.32853109740447
678	mut_M2	mut	182.237197875977	156.809167861938	1.16215907756379
678	mut_M3	mut	194.495239257812	137.040004253387	1.41925885304404
679	ctrl_M1	ctrl	67.6657638549805	46.5595779418945	1.45331566234183
679	ctrl_M2	ctrl	78.0340042114258	63.7420983314514	1.22421454978871
679	ctrl_M3	ctrl	80.0439987182617	69.6107501983643	1.14987984600319
679	mut_M1	mut	95.2716598510742	54.5264096260071	1.74725716408867
679	mut_M2	mut	97.4738159179688	57.4955668449402	1.69532750552483
679	mut_M3	mut	80.889533996582	52.6034097671509	1.5377241580848
680	ctrl_M1	ctrl	169.107162475586	99.3603982925415	1.7019573731749
680	ctrl_M2	ctrl	239.22135925293	138.498546600342	1.72724815620801
680	ctrl_M3	ctrl	227.400527954102	131.511968612671	1.72912420331751
680	mut_M1	mut	249.838195800781	141.160671234131	1.76988529182039
680	mut_M2	mut	260.586029052734	134.820762634277	1.93283307378712
680	mut_M3	mut	203.163360595703	113.238053321838	1.79412622025817
681	ctrl_M1	ctrl	35.5944862365723	9.0964320898056	3.9130162117588
681	ctrl_M2	ctrl	49.7908172607422	22.7563548088074	2.18799617421467
681	ctrl_M3	ctrl	52.3833541870117	20.9452487230301	2.5009659651076
681	mut_M1	mut	94.2274627685547	16.4043691158295	5.74404672945511
681	mut_M2	mut	105.502479553223	13.8597617149353	7.61214238189485
681	mut_M3	mut	115.71891784668	16.8972208499908	6.84839944236998
682	ctrl_M1	ctrl	56.9596290588379	15.0304747819901	3.78960943583024
682	ctrl_M2	ctrl	60.504524230957	25.4445390701294	2.37789822264795
682	ctrl_M3	ctrl	84.9200973510742	22.3655245304108	3.7969195506954
682	mut_M1	mut	103.960655212402	23.5315017700195	4.4179354224155
682	mut_M2	mut	85.4494705200195	22.4323620796204	3.80920521061176
682	mut_M3	mut	79.7861022949219	19.2576787471771	4.14307992891497
683	ctrl_M1	ctrl	66.3125228881836	23.2580051422119	2.85116984378984
683	ctrl_M2	ctrl	89.2406463623047	34.2175149917603	2.60803995800964
683	ctrl_M3	ctrl	95.9369125366211	31.7971186637878	3.01715742080363
683	mut_M1	mut	126.389640808105	30.869734287262	4.09428988380566
683	mut_M2	mut	116.860198974609	31.6404623985291	3.69337835530628
683	mut_M3	mut	124.164443969727	33.5517961978912	3.70067948784007
684	ctrl_M1	ctrl	120.280555725098	58.4588770866394	2.05752422419669
684	ctrl_M2	ctrl	168.735229492188	77.4395570755005	2.17892813265548
684	ctrl_M3	ctrl	173.408630371094	68.9657936096191	2.51441506426611
684	mut_M1	mut	216.721176147461	60.3578672409058	3.59060361232553
684	mut_M2	mut	190.197509765625	64.6325197219849	2.94275251195149
684	mut_M3	mut	150.580596923828	59.2861361503601	2.53989560969076
685	ctrl_M1	ctrl	85.4434432983398	107.568970680237	0.794313106818991
685	ctrl_M2	ctrl	104.729080200195	132.106035232544	0.792765296572882
685	ctrl_M3	ctrl	132.001495361328	141.061494827271	0.935772696319174
685	mut_M1	mut	170.303771972656	107.653624534607	1.58196040968327
685	mut_M2	mut	178.276702880859	123.315079689026	1.44570074747091
685	mut_M3	mut	164.223602294922	104.942189693451	1.56489589911016
686	ctrl_M1	ctrl	47.7143020629883	77.7703447341919	0.613528231436662
686	ctrl_M2	ctrl	87.237419128418	114.012800693512	0.765154601919908
686	ctrl_M3	ctrl	61.6670341491699	125.026419639587	0.493232025094672
686	mut_M1	mut	110.087005615234	111.494905948639	0.987372514273853
686	mut_M2	mut	84.0920181274414	113.585741996765	0.740339558901999
686	mut_M3	mut	79.3226699829102	109.433871269226	0.724845690487937
687	ctrl_M1	ctrl	33.1515998840332	23.8467059135437	1.3901961975052
687	ctrl_M2	ctrl	53.0356903076172	37.7894144058228	1.40345361635044
687	ctrl_M3	ctrl	48.1327972412109	40.4887757301331	1.18879359460081
687	mut_M1	mut	68.1093215942383	42.7013940811157	1.59501400504296
687	mut_M2	mut	65.6229782104492	43.0253624916077	1.52521616112472
687	mut_M3	mut	63.0697784423828	39.5343070030212	1.59531766770473
688	ctrl_M1	ctrl	70.1315078735352	92.4970374107361	0.758202747209231
688	ctrl_M2	ctrl	91.8652572631836	137.706020355225	0.667111408972601
688	ctrl_M3	ctrl	107.66268157959	131.688570976257	0.817555242504688
688	mut_M1	mut	177.42936706543	125.996255397797	1.40821143061155
688	mut_M2	mut	196.559188842773	114.381052494049	1.71845934756545
688	mut_M3	mut	178.178955078125	107.765767097473	1.65339105243842
689	ctrl_M1	ctrl	56.1023445129395	18.6860685348511	3.00236212921428
689	ctrl_M2	ctrl	100.077789306641	28.4840159416199	3.51347188934866
689	ctrl_M3	ctrl	80.2203826904297	25.3609132766724	3.16315038876059
689	mut_M1	mut	119.52717590332	27.4736604690552	4.35060977906272
689	mut_M2	mut	115.418212890625	30.2430262565613	3.81635792369108
689	mut_M3	mut	124.384788513184	31.6894993782043	3.92511055566671
690	ctrl_M1	ctrl	36.2734069824219	23.9303183555603	1.51579291355284
690	ctrl_M2	ctrl	48.5971908569336	46.8555517196655	1.03717039013196
690	ctrl_M3	ctrl	47.2099838256836	42.3168396949768	1.11563113327878
690	mut_M1	mut	73.4781646728516	46.7597484588623	1.57139777467997
690	mut_M2	mut	50.0621910095215	42.9201745986938	1.16640231493944
690	mut_M3	mut	54.891716003418	39.232723236084	1.39913091612595
691	ctrl_M1	ctrl	61.3681030273438	7.10347813367844	8.63916265700745
691	ctrl_M2	ctrl	57.6403579711914	14.7219133377075	3.91527627211037
691	ctrl_M3	ctrl	79.9652786254883	15.1619784832001	5.27406622520222
691	mut_M1	mut	94.7779769897461	16.1591436862946	5.8652846233512
691	mut_M2	mut	127.91975402832	17.9643304347992	7.12076380985085
691	mut_M3	mut	123.791969299316	16.6726088523865	7.42487096022751
692	ctrl_M1	ctrl	74.3160629272461	53.7004418373108	1.38390039978427
692	ctrl_M2	ctrl	85.1599807739258	75.4732723236084	1.12834620988452
692	ctrl_M3	ctrl	103.101119995117	80.0156278610229	1.28851229130128
692	mut_M1	mut	119.838233947754	66.1574821472168	1.81140862769058
692	mut_M2	mut	101.894706726074	73.3718996047974	1.38874292849046
692	mut_M3	mut	104.255493164062	60.0804471969604	1.73526493273733
693	ctrl_M1	ctrl	119.391983032227	167.534976482391	0.712639148785598
693	ctrl_M2	ctrl	153.254409790039	221.564712524414	0.69169141621842
693	ctrl_M3	ctrl	149.864715576172	225.204427719116	0.665460786424186
693	mut_M1	mut	241.750427246094	213.842628479004	1.13050624641864
693	mut_M2	mut	187.796401977539	209.458005905151	0.896582592610849
693	mut_M3	mut	195.772018432617	183.943658828735	1.06430425315664
694	ctrl_M1	ctrl	138.685562133789	89.5855922698975	1.54807886647628
694	ctrl_M2	ctrl	164.721328735352	117.278178215027	1.40453519352372
694	ctrl_M3	ctrl	165.670486450195	114.196407318115	1.45075042499971
694	mut_M1	mut	177.234359741211	102.374247550964	1.73123968166877
694	mut_M2	mut	156.50895690918	106.422879219055	1.47063261262675
694	mut_M3	mut	178.665664672852	107.74059677124	1.65829473779696
695	ctrl_M1	ctrl	88.0909042358398	30.0514268875122	2.93133848737298
695	ctrl_M2	ctrl	110.269691467285	48.6309127807617	2.26748142615385
695	ctrl_M3	ctrl	110.381858825684	44.036835193634	2.5065801922487
695	mut_M1	mut	152.723861694336	43.8580584526062	3.48223033765555
695	mut_M2	mut	128.581695556641	41.5389847755432	3.0954462717718
695	mut_M3	mut	154.218063354492	40.2992129325867	3.82682569042902
696	ctrl_M1	ctrl	151.705032348633	144.362817764282	1.05085945742857
696	ctrl_M2	ctrl	216.410552978516	195.576348304749	1.10652721995455
696	ctrl_M3	ctrl	206.857498168945	195.206055641174	1.05968791536462
696	mut_M1	mut	258.040252685547	190.142550468445	1.35708841629517
696	mut_M2	mut	252.208435058594	186.286179542542	1.35387625468479
696	mut_M3	mut	233.051391601562	166.898909568787	1.39636257782446
697	ctrl_M1	ctrl	74.6245727539062	41.9361705780029	1.77947990303744
697	ctrl_M2	ctrl	111.505523681641	53.755241394043	2.07431909503056
697	ctrl_M3	ctrl	136.840881347656	55.6121978759766	2.46062710293939
697	mut_M1	mut	194.154983520508	66.4042978286743	2.92383158724809
697	mut_M2	mut	162.787841796875	61.9122695922852	2.62933087203703
697	mut_M3	mut	168.165740966797	56.1029481887817	2.99744926774495
698	ctrl_M1	ctrl	77.4659805297852	51.7289199829102	1.49753717176732
698	ctrl_M2	ctrl	98.8552703857422	76.7171497344971	1.28856808064247
698	ctrl_M3	ctrl	85.4646835327148	66.2468338012695	1.29009461477202
698	mut_M1	mut	120.54175567627	73.5278534889221	1.63940262032035
698	mut_M2	mut	108.891151428223	66.8313894271851	1.62934142715771
698	mut_M3	mut	107.050704956055	56.2888298034668	1.90181080917517
699	ctrl_M1	ctrl	42.9221649169922	7.25526559352875	5.91600188355284
699	ctrl_M2	ctrl	63.1962051391602	9.95472559332848	6.34836234777917
699	ctrl_M3	ctrl	58.252815246582	8.58372294902802	6.78642770654409
699	mut_M1	mut	73.8766326904297	12.9628063440323	5.69912337882301
699	mut_M2	mut	80.7676544189453	14.2404928207397	5.67168955707178
699	mut_M3	mut	79.4862289428711	11.5764387845993	6.86620733904933
700	ctrl_M1	ctrl	50.9645462036133	24.0350453853607	2.12042646004966
700	ctrl_M2	ctrl	64.5524215698242	33.66974401474	1.91722341404094
700	ctrl_M3	ctrl	66.0811996459961	35.3674886226654	1.86841650960899
700	mut_M1	mut	93.194091796875	34.7621307373047	2.68090850072273
700	mut_M2	mut	80.0256042480469	31.8870260715485	2.50966032606755
700	mut_M3	mut	77.1220550537109	32.0280170440674	2.40795597640649
701	ctrl_M1	ctrl	95.3549652099609	81.1379632949829	1.17522009843026
701	ctrl_M2	ctrl	127.496337890625	106.37986946106	1.1985006048282
701	ctrl_M3	ctrl	118.944305419922	112.938079833984	1.05318158051533
701	mut_M1	mut	139.918563842773	114.05578994751	1.22675546683922
701	mut_M2	mut	132.826538085938	100.655396461487	1.31961665996478
701	mut_M3	mut	133.814895629883	96.6715965270996	1.38422143046299
702	ctrl_M1	ctrl	104.74836730957	124.898624420166	0.838667101386088
702	ctrl_M2	ctrl	140.880508422852	172.126571655273	0.818470425966539
702	ctrl_M3	ctrl	151.118286132812	181.53425693512	0.832450517517596
702	mut_M1	mut	172.865600585938	162.062852859497	1.06665776601999
702	mut_M2	mut	156.11994934082	168.135160446167	0.92853837904301
702	mut_M3	mut	153.484573364258	152.914874076843	1.00372559759705
703	ctrl_M1	ctrl	42.7845573425293	7.1520299911499	5.9821557509507
703	ctrl_M2	ctrl	56.4431533813477	9.22728163003922	6.11698609020431
703	ctrl_M3	ctrl	62.9071388244629	9.29935073852539	6.76468073882308
703	mut_M1	mut	74.628791809082	10.5069049596786	7.10283305078687
703	mut_M2	mut	75.6397705078125	8.97694367170334	8.42600480453501
703	mut_M3	mut	63.9159927368164	10.3867576122284	6.15360395640385
704	ctrl_M1	ctrl	65.3917999267578	37.3457889556885	1.75098188457999
704	ctrl_M2	ctrl	85.1428756713867	51.2278137207031	1.66204390715541
704	ctrl_M3	ctrl	92.772331237793	51.0243978500366	1.81819551326124
704	mut_M1	mut	105.013191223145	47.4185447692871	2.21460172879791
704	mut_M2	mut	111.452507019043	50.6803131103516	2.19912822512295
704	mut_M3	mut	101.898384094238	41.210159778595	2.47265200236291
705	ctrl_M1	ctrl	58.3628120422363	20.7233209609985	2.81628664402176
705	ctrl_M2	ctrl	91.1511993408203	33.6849374771118	2.70599283144746
705	ctrl_M3	ctrl	79.3471908569336	29.8008694648743	2.66257972608681
705	mut_M1	mut	105.657852172852	34.740213394165	3.04137026949287
705	mut_M2	mut	94.5757827758789	34.18501329422	2.76658610490784
705	mut_M3	mut	89.3343200683594	31.2140431404114	2.86199130521167
706	ctrl_M1	ctrl	47.6511726379395	25.2865800857544	1.88444512766614
706	ctrl_M2	ctrl	75.7180633544922	44.9123115539551	1.68590884625319
706	ctrl_M3	ctrl	62.6956634521484	32.4964356422424	1.92930892921222
706	mut_M1	mut	73.391471862793	34.2797226905823	2.14095873893857
706	mut_M2	mut	70.2059020996094	38.4917893409729	1.82391890067002
706	mut_M3	mut	82.3340835571289	36.8812599182129	2.23240973165535
707	ctrl_M1	ctrl	25.8693027496338	12.4948754310608	2.07039300970746
707	ctrl_M2	ctrl	37.0969734191895	12.0925090312958	3.0677647891915
707	ctrl_M3	ctrl	34.6864738464355	10.5363352298737	3.29208145808507
707	mut_M1	mut	58.6926231384277	16.2506959438324	3.61169905223064
707	mut_M2	mut	57.7768516540527	10.5495758056641	5.47669903684965
707	mut_M3	mut	46.4141616821289	13.0635850429535	3.55294213108558
708	ctrl_M1	ctrl	79.7713241577148	110.145436286926	0.724236308347015
708	ctrl_M2	ctrl	98.019645690918	158.901453018188	0.616858082976109
708	ctrl_M3	ctrl	109.041473388672	157.382881164551	0.6928420205668
708	mut_M1	mut	131.590438842773	154.144403457642	0.853682883653535
708	mut_M2	mut	121.254791259766	148.480129241943	0.816639855304712
708	mut_M3	mut	103.466278076172	129.95156288147	0.79619110214584
709	ctrl_M1	ctrl	72.1788864135742	167.68171453476	0.430451743732689
709	ctrl_M2	ctrl	85.4697647094727	200.652209281921	0.425959749037129
709	ctrl_M3	ctrl	93.5615921020508	209.163990020752	0.447312140549471
709	mut_M1	mut	160.647384643555	222.900448799133	0.720713598869072
709	mut_M2	mut	138.428451538086	210.687180519104	0.657033100908263
709	mut_M3	mut	130.207077026367	177.17275428772	0.734915916105912
710	ctrl_M1	ctrl	45.2169418334961	25.4218056201935	1.77866759383836
710	ctrl_M2	ctrl	63.7720832824707	42.547224521637	1.49885413207247
710	ctrl_M3	ctrl	54.4596405029297	43.3106637001038	1.25741874749426
710	mut_M1	mut	78.8924713134766	41.234619140625	1.91325815437811
710	mut_M2	mut	89.4966659545898	37.8083007335663	2.3671168557738
710	mut_M3	mut	70.3683929443359	31.1495609283447	2.25904927219388
711	ctrl_M1	ctrl	27.5705337524414	20.0079901218414	1.37797617774433
711	ctrl_M2	ctrl	39.0329322814941	24.830589056015	1.57196964572368
711	ctrl_M3	ctrl	44.7835960388184	27.2098748683929	1.64585821343997
711	mut_M1	mut	63.730052947998	27.5310659408569	2.31484146254652
711	mut_M2	mut	51.0325317382812	23.3887537717819	2.18192607593531
711	mut_M3	mut	50.6156196594238	19.8975424766541	2.54381262001634
712	ctrl_M1	ctrl	43.9757080078125	22.8943612575531	1.92080956149429
712	ctrl_M2	ctrl	63.1710319519043	33.5911784172058	1.8805839785468
712	ctrl_M3	ctrl	54.8881072998047	33.4341387748718	1.64167851516657
712	mut_M1	mut	59.2712287902832	33.8808970451355	1.74939963104646
712	mut_M2	mut	69.9753341674805	32.8150410652161	2.1324164741532
712	mut_M3	mut	68.4011840820312	31.8933584690094	2.14468426548732
713	ctrl_M1	ctrl	31.7906608581543	13.0243082046509	2.44087135828083
713	ctrl_M2	ctrl	30.9823951721191	20.2754998207092	1.52807059979227
713	ctrl_M3	ctrl	34.9185066223145	23.0643315315247	1.51396135520283
713	mut_M1	mut	55.3076553344727	24.0724790096283	2.2975471413788
713	mut_M2	mut	42.1721954345703	20.9714925289154	2.01092961678447
713	mut_M3	mut	46.505916595459	20.6167361736298	2.25573612640702
714	ctrl_M1	ctrl	148.662750244141	99.5009517669678	1.49408370075002
714	ctrl_M2	ctrl	215.235382080078	148.370195388794	1.45066454563916
714	ctrl_M3	ctrl	190.615524291992	147.178840637207	1.29512858959024
714	mut_M1	mut	212.058151245117	126.222189903259	1.68003860024648
714	mut_M2	mut	207.838714599609	131.179730415344	1.58438132127232
714	mut_M3	mut	214.405075073242	112.962122917175	1.89802625460966
715	ctrl_M1	ctrl	83.8575286865234	41.5333740711212	2.01903964129971
715	ctrl_M2	ctrl	134.782608032227	63.1572194099426	2.13408077954439
715	ctrl_M3	ctrl	114.27165222168	53.1334257125854	2.15065470914315
715	mut_M1	mut	175.274368286133	58.8336296081543	2.97915273039418
715	mut_M2	mut	174.10514831543	60.4079713821411	2.88215519130811
715	mut_M3	mut	141.551452636719	54.2510123252869	2.60919467802706
716	ctrl_M1	ctrl	140.538314819336	133.784414291382	1.05048346299326
716	ctrl_M2	ctrl	187.048706054688	174.873823165894	1.06962095680406
716	ctrl_M3	ctrl	183.971435546875	175.93955039978	1.04565139065573
716	mut_M1	mut	193.772537231445	189.985976219177	1.01993073956101
716	mut_M2	mut	179.237380981445	172.683570861816	1.03795271366535
716	mut_M3	mut	168.878570556641	149.562125205994	1.12915332223343
717	ctrl_M1	ctrl	42.1674499511719	26.9619417190552	1.5639619130758
717	ctrl_M2	ctrl	77.0057067871094	40.5855646133423	1.89736689684475
717	ctrl_M3	ctrl	57.1606292724609	40.1450452804565	1.42385265412287
717	mut_M1	mut	89.3971176147461	48.0437870025635	1.86074252660341
717	mut_M2	mut	88.6190795898438	47.1021852493286	1.88142183044696
717	mut_M3	mut	95.7619781494141	42.9107246398926	2.23165604759766
718	ctrl_M1	ctrl	55.3244972229004	22.1026439666748	2.50307145635227
718	ctrl_M2	ctrl	61.1233787536621	37.5385098457336	1.62828463369621
718	ctrl_M3	ctrl	67.3550109863281	30.437388420105	2.21290375037031
718	mut_M1	mut	118.979721069336	42.3424906730652	2.80993676040463
718	mut_M2	mut	109.6103515625	34.8241791725159	3.14753582617124
718	mut_M3	mut	100.149368286133	35.704258441925	2.80496984551664
719	ctrl_M1	ctrl	63.4329414367676	34.3562879562378	1.84632698147038
719	ctrl_M2	ctrl	88.5578536987305	48.3813829421997	1.83041178885955
719	ctrl_M3	ctrl	92.7171783447266	49.0029692649841	1.89207265876803
719	mut_M1	mut	106.261276245117	43.3929824829102	2.44881246148423
719	mut_M2	mut	105.200355529785	41.9037117958069	2.51052594200765
719	mut_M3	mut	93.8972702026367	42.6427617073059	2.20195096291218
720	ctrl_M1	ctrl	48.09130859375	15.950248748064	3.01508204375728
720	ctrl_M2	ctrl	49.9486045837402	17.9639596939087	2.78048968238762
720	ctrl_M3	ctrl	46.0014343261719	19.0279830694199	2.41756754556406
720	mut_M1	mut	63.1513519287109	24.7126874923706	2.55542226834727
720	mut_M2	mut	65.3001556396484	20.1015295982361	3.248516751948
720	mut_M3	mut	54.1978454589844	15.9744312763214	3.39278716853731
721	ctrl_M1	ctrl	72.594352722168	93.9473533630371	0.772713122014672
721	ctrl_M2	ctrl	108.272644042969	129.255240917206	0.837665407411391
721	ctrl_M3	ctrl	87.302131652832	127.860764503479	0.682790627694523
721	mut_M1	mut	121.258598327637	113.455262184143	1.06877897061159
721	mut_M2	mut	117.664497375488	118.536110639572	0.992646854537567
721	mut_M3	mut	89.7135238647461	118.938086986542	0.754287597335389
722	ctrl_M1	ctrl	27.5588779449463	16.546407699585	1.66555051980482
722	ctrl_M2	ctrl	39.3070640563965	28.3338384628296	1.38728341053975
722	ctrl_M3	ctrl	32.6714172363281	22.22265625	1.47018506108279
722	mut_M1	mut	86.3819580078125	41.0631084442139	2.10363903953268
722	mut_M2	mut	70.6536712646484	36.2321887016296	1.95002493077297
722	mut_M3	mut	95.6219100952148	29.9351949691772	3.1942972208356
723	ctrl_M1	ctrl	64.5754776000977	39.4090828895569	1.63859376735736
723	ctrl_M2	ctrl	94.5068206787109	61.1564340591431	1.54532915681963
723	ctrl_M3	ctrl	96.7048645019531	55.9808921813965	1.72746200951206
723	mut_M1	mut	117.510589599609	58.6090803146362	2.00498948232538
723	mut_M2	mut	100.208282470703	59.1530494689941	1.69405099771278
723	mut_M3	mut	96.3710861206055	51.4644713401794	1.8725750719092
724	ctrl_M1	ctrl	97.4788284301758	128.441853523254	0.75893352327345
724	ctrl_M2	ctrl	118.222686767578	173.403783798218	0.681776857332874
724	ctrl_M3	ctrl	133.719009399414	176.783988952637	0.75639773823205
724	mut_M1	mut	134.590759277344	180.215528488159	0.746832198126516
724	mut_M2	mut	138.644027709961	171.051683425903	0.810538808698829
724	mut_M3	mut	128.1337890625	162.196016311646	0.789993441123129
725	ctrl_M1	ctrl	48.4280624389648	24.0677000284195	2.01215996467383
725	ctrl_M2	ctrl	63.3685188293457	41.7424817085266	1.51808220871548
725	ctrl_M3	ctrl	67.0320663452148	33.2979257106781	2.01310036329737
725	mut_M1	mut	110.616790771484	38.7036454677582	2.85804578443736
725	mut_M2	mut	91.3842849731445	34.6314172744751	2.63876826780921
725	mut_M3	mut	79.2603530883789	34.3488011360168	2.30751439546662
726	ctrl_M1	ctrl	83.8209075927734	199.908648490906	0.419296054600592
726	ctrl_M2	ctrl	141.365905761719	241.019874572754	0.586532152223182
726	ctrl_M3	ctrl	128.822631835938	246.142921447754	0.523365169626791
726	mut_M1	mut	159.762634277344	229.975937843323	0.69469282645642
726	mut_M2	mut	151.646499633789	241.222295761108	0.628658719772613
726	mut_M3	mut	134.304473876953	219.677515029907	0.611371053877174
727	ctrl_M1	ctrl	81.9994125366211	47.6974349021912	1.71915770113781
727	ctrl_M2	ctrl	96.7573852539062	65.5222988128662	1.47670925787034
727	ctrl_M3	ctrl	90.0472259521484	74.2044897079468	1.21350104699265
727	mut_M1	mut	149.06672668457	67.2903137207031	2.21527762975352
727	mut_M2	mut	121.06014251709	63.4963192939758	1.9065694494291
727	mut_M3	mut	129.659317016602	63.8366827964783	2.03110987815543
728	ctrl_M1	ctrl	69.0914611816406	168.468754768372	0.410114393476908
728	ctrl_M2	ctrl	94.5169677734375	201.209807395935	0.469743344008325
728	ctrl_M3	ctrl	84.6226959228516	215.775284767151	0.392179743913536
728	mut_M1	mut	112.087814331055	195.486848831177	0.57337777452157
728	mut_M2	mut	114.903648376465	190.169303894043	0.604217641983303
728	mut_M3	mut	111.041839599609	181.637127876282	0.611338887032189
729	ctrl_M1	ctrl	74.3957824707031	55.4556722640991	1.34153603109173
729	ctrl_M2	ctrl	106.238510131836	83.6196374893188	1.27049713825184
729	ctrl_M3	ctrl	101.500061035156	66.7653021812439	1.52025165346545
729	mut_M1	mut	106.394752502441	68.9977431297302	1.54200337107254
729	mut_M2	mut	109.181251525879	65.9960684776306	1.65435993452983
729	mut_M3	mut	111.006736755371	65.4483051300049	1.69609795906663
730	ctrl_M1	ctrl	82.6978530883789	96.6741945743561	0.855428415540329
730	ctrl_M2	ctrl	105.812927246094	139.026433944702	0.761099340922324
730	ctrl_M3	ctrl	110.617965698242	132.491010665894	0.83490921491414
730	mut_M1	mut	123.007621765137	143.386031627655	0.857877300660381
730	mut_M2	mut	119.236099243164	113.845376491547	1.04735126640841
730	mut_M3	mut	123.002319335938	122.598022937775	1.00329773995106
731	ctrl_M1	ctrl	74.6876678466797	48.8561458587646	1.52872615172285
731	ctrl_M2	ctrl	112.974319458008	73.692852973938	1.53304309575261
731	ctrl_M3	ctrl	93.4566268920898	69.1383266448975	1.35173400091232
731	mut_M1	mut	141.920547485352	70.9012432098389	2.00166514803308
731	mut_M2	mut	115.223106384277	70.6789112091064	1.63023318289928
731	mut_M3	mut	144.995422363281	67.8971614837646	2.13551522913004
732	ctrl_M1	ctrl	144.795761108398	86.6369228363037	1.6712939052785
732	ctrl_M2	ctrl	174.711715698242	113.796544075012	1.53529895936977
732	ctrl_M3	ctrl	206.383346557617	132.997340202332	1.55178551874528
732	mut_M1	mut	219.006118774414	126.192719459534	1.73548933498214
732	mut_M2	mut	203.622528076172	124.022910118103	1.64181382199683
732	mut_M3	mut	199.390533447266	110.170669555664	1.80983318202058
733	ctrl_M1	ctrl	102.316131591797	45.590434551239	2.24424558789419
733	ctrl_M2	ctrl	141.555908203125	65.9801063537598	2.14543316199215
733	ctrl_M3	ctrl	130.680908203125	61.4797172546387	2.12559383872679
733	mut_M1	mut	144.251174926758	66.7789649963379	2.16012894082243
733	mut_M2	mut	138.857177734375	59.2374038696289	2.34407939348549
733	mut_M3	mut	146.359161376953	53.4434995651245	2.73857742415623
734	ctrl_M1	ctrl	58.6807136535645	139.949203014374	0.41930009167353
734	ctrl_M2	ctrl	90.0324401855469	154.086475849152	0.58429813317093
734	ctrl_M3	ctrl	66.3424301147461	151.007506847382	0.439332000771301
734	mut_M1	mut	142.446044921875	164.677971839905	0.864997566646965
734	mut_M2	mut	157.583679199219	175.521246433258	0.897804011773241
734	mut_M3	mut	135.033355712891	154.146510601044	0.876006567948716
735	ctrl_M1	ctrl	80.4804382324219	135.98129940033	0.591849310069373
735	ctrl_M2	ctrl	81.1772613525391	158.255818128586	0.512949617350441
735	ctrl_M3	ctrl	85.8912353515625	153.48482966423	0.559607327574078
735	mut_M1	mut	135.252410888672	169.161653518677	0.799545334745377
735	mut_M2	mut	138.983322143555	177.937569141388	0.781079132496856
735	mut_M3	mut	132.499176025391	156.438692092896	0.846971898401648
736	ctrl_M1	ctrl	66.1081771850586	162.437111377716	0.406977054839007
736	ctrl_M2	ctrl	115.392227172852	174.798202514648	0.660145387726063
736	ctrl_M3	ctrl	95.0673294067383	177.52764415741	0.535507187390175
736	mut_M1	mut	154.708572387695	172.561918735504	0.896539477083738
736	mut_M2	mut	158.863800048828	193.646307468414	0.820381251394326
736	mut_M3	mut	158.663635253906	173.801748275757	0.912900110775456
737	ctrl_M1	ctrl	48.1265335083008	11.5411295890808	4.17000200342901
737	ctrl_M2	ctrl	45.9498138427734	14.7125871181488	3.12316341604474
737	ctrl_M3	ctrl	41.4362564086914	14.5879380702972	2.84044641600587
737	mut_M1	mut	92.2039337158203	17.648410320282	5.22448946066589
737	mut_M2	mut	98.2509231567383	19.9229888916016	4.93153530784507
737	mut_M3	mut	107.689010620117	20.6945486068726	5.20373807932946
738	ctrl_M1	ctrl	19.9734668731689	10.6871831417084	1.86891780634126
738	ctrl_M2	ctrl	33.444637298584	15.5791800022125	2.14675209438714
738	ctrl_M3	ctrl	28.9404296875	15.4154953956604	1.87735969196598
738	mut_M1	mut	46.6785202026367	16.8898355960846	2.76370482927955
738	mut_M2	mut	55.062858581543	17.0835552215576	3.22314985770992
738	mut_M3	mut	51.0678901672363	24.0013740062714	2.12770694518958
739	ctrl_M1	ctrl	20.6396427154541	9.82698810100555	2.10030199521073
739	ctrl_M2	ctrl	21.5598392486572	13.3947777748108	1.60957050658959
739	ctrl_M3	ctrl	21.0933017730713	13.4437237977982	1.56900737402281
739	mut_M1	mut	36.4985198974609	16.2073135375977	2.25197839313664
739	mut_M2	mut	28.6330451965332	15.4523705244064	1.85298722621933
739	mut_M3	mut	41.403450012207	17.7704311609268	2.32990689068051
740	ctrl_M1	ctrl	37.0497512817383	31.6870360374451	1.16924003993166
740	ctrl_M2	ctrl	43.4869804382324	53.2250204086304	0.817040183439386
740	ctrl_M3	ctrl	40.9816474914551	45.1084032058716	0.908514701893076
740	mut_M1	mut	47.8536338806152	50.8344163894653	0.941362904886859
740	mut_M2	mut	54.6439666748047	55.9610958099365	0.976463485640001
740	mut_M3	mut	59.9109802246094	45.116042137146	1.32793076224393
741	ctrl_M1	ctrl	25.8140735626221	12.231339931488	2.1104861533745
741	ctrl_M2	ctrl	22.8129196166992	16.8594565391541	1.35312307153668
741	ctrl_M3	ctrl	22.8903884887695	15.7017111778259	1.45782763607928
741	mut_M1	mut	35.7952079772949	17.5636501312256	2.03802784215431
741	mut_M2	mut	41.1049270629883	16.4661812782288	2.49632421558096
741	mut_M3	mut	46.2372016906738	21.9945285320282	2.10221381301007
742	ctrl_M1	ctrl	26.0306644439697	14.6994733810425	1.77085693951055
742	ctrl_M2	ctrl	31.4502754211426	19.4224877357483	1.61927122050675
742	ctrl_M3	ctrl	30.1848907470703	15.8507254123688	1.9043223550839
742	mut_M1	mut	69.1247940063477	22.7294921875	3.04119394468314
742	mut_M2	mut	65.6880416870117	24.6411776542664	2.66578337320816
742	mut_M3	mut	76.3512268066406	25.4072332382202	3.00509804002528
743	ctrl_M1	ctrl	138.087280273438	103.18262720108	1.33828032895824
743	ctrl_M2	ctrl	172.182693481445	133.265307426453	1.29202938714167
743	ctrl_M3	ctrl	162.841537475586	134.456703186035	1.21110761767137
743	mut_M1	mut	230.951721191406	149.797560691833	1.5417588919657
743	mut_M2	mut	209.998001098633	138.597003936768	1.51516984591125
743	mut_M3	mut	189.468688964844	120.491025924683	1.5724713729575
744	ctrl_M1	ctrl	111.397415161133	118.617074489594	0.939134737899019
744	ctrl_M2	ctrl	170.469360351562	175.411986351013	0.971822757941067
744	ctrl_M3	ctrl	166.624877929688	169.478177070618	0.983164209161034
744	mut_M1	mut	222.995407104492	165.783910751343	1.34509679554465
744	mut_M2	mut	201.147430419922	153.4363489151	1.31095031811022
744	mut_M3	mut	197.651428222656	139.338421821594	1.41849911631499
745	ctrl_M1	ctrl	61.5261917114258	16.7554528713226	3.67201007241824
745	ctrl_M2	ctrl	81.0446319580078	23.96635389328	3.38160040191729
745	ctrl_M3	ctrl	79.4918594360352	22.7930765151978	3.48754409625363
745	mut_M1	mut	97.5014495849609	28.3808870315552	3.43546167096731
745	mut_M2	mut	95.1100692749023	30.6453061103821	3.10357706763715
745	mut_M3	mut	95.8714599609375	23.0720624923706	4.15530514416039
746	ctrl_M1	ctrl	100.502731323242	59.7465972900391	1.68214987768011
746	ctrl_M2	ctrl	137.234649658203	77.7387094497681	1.76533223447553
746	ctrl_M3	ctrl	149.630523681641	79.8486785888672	1.87392611031265
746	mut_M1	mut	205.300415039062	73.8219118118286	2.78102273431189
746	mut_M2	mut	147.969345092773	81.5312261581421	1.81487942798462
746	mut_M3	mut	170.746215820312	69.7682085037231	2.44733553408069
747	ctrl_M1	ctrl	66.233024597168	29.6496114730835	2.23385809481165
747	ctrl_M2	ctrl	68.9120635986328	41.1915397644043	1.67296643904978
747	ctrl_M3	ctrl	73.9690856933594	42.7360544204712	1.73083563039285
747	mut_M1	mut	101.4677734375	44.3927383422852	2.28568403812228
747	mut_M2	mut	108.793045043945	43.9954218864441	2.47282649828315
747	mut_M3	mut	101.827812194824	46.2052421569824	2.20381513960827
748	ctrl_M1	ctrl	65.5466003417969	42.5968041419983	1.53876802877733
748	ctrl_M2	ctrl	97.9055252075195	51.2010293006897	1.91217884766627
748	ctrl_M3	ctrl	104.13451385498	54.8488955497742	1.89857084288016
748	mut_M1	mut	113.821731567383	46.4727098941803	2.44921657950565
748	mut_M2	mut	108.030883789062	50.651309967041	2.13283494265713
748	mut_M3	mut	96.7075347900391	46.0952515602112	2.09799342701745
749	ctrl_M1	ctrl	65.5981292724609	37.5342164039612	1.74768879058144
749	ctrl_M2	ctrl	88.4721527099609	48.7009830474854	1.8166399767269
749	ctrl_M3	ctrl	84.8461380004883	50.3542990684509	1.68498300185153
749	mut_M1	mut	130.864395141602	47.3742771148682	2.76235128241209
749	mut_M2	mut	148.032241821289	49.3066482543945	3.00227752366225
749	mut_M3	mut	130.717132568359	49.6202878952026	2.63434853188341
750	ctrl_M1	ctrl	30.849630355835	12.5397833138704	2.46014062473566
750	ctrl_M2	ctrl	51.6716690063477	15.6761239767075	3.29620185979165
750	ctrl_M3	ctrl	43.5110969543457	15.6652494072914	2.77755532791539
750	mut_M1	mut	60.9839744567871	19.4338217973709	3.13803301752192
750	mut_M2	mut	63.0410346984863	16.1473475694656	3.90411084094677
750	mut_M3	mut	60.2106170654297	18.1648423671722	3.31467875406633
751	ctrl_M1	ctrl	81.2349395751953	26.8313720226288	3.02761034756941
751	ctrl_M2	ctrl	123.852592468262	42.1693058013916	2.93703180819672
751	ctrl_M3	ctrl	107.245361328125	40.725133895874	2.63339493498855
751	mut_M1	mut	159.813720703125	36.3960218429565	4.39096672138229
751	mut_M2	mut	149.097869873047	40.8707933425903	3.64802974640759
751	mut_M3	mut	144.514678955078	31.8771736621857	4.53348469618274
752	ctrl_M1	ctrl	134.913162231445	234.304015159607	0.575803885134205
752	ctrl_M2	ctrl	170.416168212891	276.804767608643	0.615654743540515
752	ctrl_M3	ctrl	174.369873046875	288.780022621155	0.603815566825506
752	mut_M1	mut	188.820175170898	253.571012496948	0.744644166190609
752	mut_M2	mut	207.045669555664	266.594240188599	0.77663219358825
752	mut_M3	mut	220.217575073242	238.328353881836	0.92400913062332
753	ctrl_M1	ctrl	108.235244750977	141.241954803467	0.766310866353996
753	ctrl_M2	ctrl	159.208877563477	172.68576335907	0.921957169291539
753	ctrl_M3	ctrl	175.217514038086	191.388277053833	0.915508079885172
753	mut_M1	mut	173.693649291992	165.056265830994	1.05232993378054
753	mut_M2	mut	201.483581542969	170.911432266235	1.17887714631699
753	mut_M3	mut	189.285263061523	155.929756164551	1.21391367316558
754	ctrl_M1	ctrl	75.506233215332	18.6925752162933	4.0393703030023
754	ctrl_M2	ctrl	111.602867126465	31.2935855388641	3.56631767196709
754	ctrl_M3	ctrl	93.2024078369141	26.0220944881439	3.58166433833289
754	mut_M1	mut	125.071075439453	31.8904547691345	3.921896891872
754	mut_M2	mut	113.258728027344	29.8982236385345	3.78814237918033
754	mut_M3	mut	129.024078369141	26.4561023712158	4.8769118201447
755	ctrl_M1	ctrl	134.638656616211	57.412145614624	2.34512497616734
755	ctrl_M2	ctrl	164.900772094727	81.6481437683105	2.01965120680096
755	ctrl_M3	ctrl	165.992523193359	76.0471649169922	2.18275754756335
755	mut_M1	mut	196.985336303711	83.0615348815918	2.37155906864138
755	mut_M2	mut	190.370376586914	77.1780414581299	2.46663912416322
755	mut_M3	mut	192.004577636719	70.866509437561	2.70938387061225
756	ctrl_M1	ctrl	60.5722427368164	22.7169501781464	2.66638973373665
756	ctrl_M2	ctrl	73.0209579467773	29.5044007301331	2.4749175085668
756	ctrl_M3	ctrl	81.2861251831055	33.6087300777435	2.41860150606925
756	mut_M1	mut	85.5773010253906	31.0646753311157	2.75481073319549
756	mut_M2	mut	83.7376937866211	29.86732172966	2.80365593355043
756	mut_M3	mut	96.5141754150391	28.136931180954	3.43015998419792
757	ctrl_M1	ctrl	101.360702514648	70.047069311142	1.44703702112667
757	ctrl_M2	ctrl	140.351165771484	93.6390528678894	1.49885289815456
757	ctrl_M3	ctrl	133.790145874023	91.4733834266663	1.46261284826402
757	mut_M1	mut	132.776153564453	86.5598402023315	1.53392327497477
757	mut_M2	mut	140.397674560547	89.6589155197144	1.56590868567528
757	mut_M3	mut	142.204406738281	77.6263060569763	1.83191000527457
758	ctrl_M1	ctrl	84.7690505981445	141.417988777161	0.599421978286789
758	ctrl_M2	ctrl	117.094665527344	178.673184394836	0.655356683343064
758	ctrl_M3	ctrl	124.556953430176	187.304193496704	0.664998210156825
758	mut_M1	mut	141.92741394043	171.760058403015	0.826312096421238
758	mut_M2	mut	152.117645263672	164.213148117065	0.926342665054014
758	mut_M3	mut	150.157440185547	139.666822433472	1.07511173784363
759	ctrl_M1	ctrl	97.3873596191406	114.528162002563	0.850335480080094
759	ctrl_M2	ctrl	136.594284057617	152.706691741943	0.89448787410342
759	ctrl_M3	ctrl	117.188011169434	152.859888076782	0.766636772039042
759	mut_M1	mut	132.525024414062	140.746832847595	0.941584416024227
759	mut_M2	mut	159.550506591797	138.678995132446	1.1505023268983
759	mut_M3	mut	127.101608276367	123.171478271484	1.0319077927783
760	ctrl_M1	ctrl	81.3545913696289	58.2758851051331	1.3960249805363
760	ctrl_M2	ctrl	125.747032165527	81.8299832344055	1.53668651996811
760	ctrl_M3	ctrl	127.764633178711	88.232006072998	1.44805313701024
760	mut_M1	mut	137.255401611328	84.7167859077454	1.62016771694805
760	mut_M2	mut	174.632202148438	75.5096106529236	2.31271490659813
760	mut_M3	mut	147.298721313477	73.0789046287537	2.01561205742978
761	ctrl_M1	ctrl	88.4552154541016	29.5041742324829	2.99805765642191
761	ctrl_M2	ctrl	136.848876953125	41.8975939750671	3.26627054132422
761	ctrl_M3	ctrl	111.525321960449	35.7718515396118	3.11768379774673
761	mut_M1	mut	128.544586181641	44.4133453369141	2.89427840228016
761	mut_M2	mut	149.009002685547	47.1636829376221	3.15940133179641
761	mut_M3	mut	139.620025634766	42.1909637451172	3.30924001827107
762	ctrl_M1	ctrl	61.7722396850586	20.7153918743134	2.98194888418475
762	ctrl_M2	ctrl	77.6600952148438	35.6836657524109	2.17634857790912
762	ctrl_M3	ctrl	71.1174468994141	29.5524554252625	2.40648182616394
762	mut_M1	mut	95.0401611328125	32.2001328468323	2.95154562202877
762	mut_M2	mut	100.185920715332	29.0038938522339	3.45422312003172
762	mut_M3	mut	78.5352249145508	24.9899373054504	3.14267394730205
763	ctrl_M1	ctrl	51.3634452819824	20.8803894519806	2.45988923722447
763	ctrl_M2	ctrl	97.3998870849609	31.2045538425446	3.12133567351843
763	ctrl_M3	ctrl	96.1431121826172	33.9223501682281	2.83421141830749
763	mut_M1	mut	100.348442077637	34.6986367702484	2.89199955439397
763	mut_M2	mut	97.6511306762695	33.9593992233276	2.87552586057501
763	mut_M3	mut	101.056434631348	29.8655526638031	3.38371219072827
764	ctrl_M1	ctrl	65.7247314453125	18.5101017951965	3.55074932447797
764	ctrl_M2	ctrl	87.2110214233398	30.370288848877	2.87159012076913
764	ctrl_M3	ctrl	74.2790222167969	28.1629204750061	2.63747583574359
764	mut_M1	mut	99.6907424926758	34.0943369865417	2.92396777013224
764	mut_M2	mut	99.2179336547852	31.1799340248108	3.18210851812049
764	mut_M3	mut	100.836044311523	32.3768692016602	3.11444703573602
765	ctrl_M1	ctrl	44.976448059082	12.1945960521698	3.68822779095494
765	ctrl_M2	ctrl	79.6394653320312	18.5147197246552	4.30141349782245
765	ctrl_M3	ctrl	66.5644912719727	18.7012543678284	3.55935970725488
765	mut_M1	mut	92.9332580566406	23.1872725486755	4.00794262721292
765	mut_M2	mut	90.6678848266602	22.7881941795349	3.97872179394035
765	mut_M3	mut	88.5492858886719	17.1135354042053	5.17422518475712
766	ctrl_M1	ctrl	52.6838607788086	186.002405643463	0.283242899985902
766	ctrl_M2	ctrl	92.1282348632812	209.379988670349	0.440004966321444
766	ctrl_M3	ctrl	82.1319122314453	225.077633857727	0.364904814502188
766	mut_M1	mut	123.686828613281	211.935133934021	0.583607004262856
766	mut_M2	mut	135.314346313477	208.973886489868	0.647517967849237
766	mut_M3	mut	117.902641296387	187.918241500854	0.627414562603017
767	ctrl_M1	ctrl	54.140308380127	47.016152381897	1.15152571270322
767	ctrl_M2	ctrl	87.8716430664062	59.5935258865356	1.4745165982243
767	ctrl_M3	ctrl	85.8344116210938	63.6621704101562	1.34827969370332
767	mut_M1	mut	150.898452758789	88.21453332901	1.71058494631479
767	mut_M2	mut	160.443481445312	82.6318349838257	1.94166668907592
767	mut_M3	mut	155.962066650391	74.2324690818787	2.10099527308413
768	ctrl_M1	ctrl	40.8867683410645	17.0159182548523	2.4028540645701
768	ctrl_M2	ctrl	59.3498306274414	31.1334133148193	1.90630657895744
768	ctrl_M3	ctrl	68.453010559082	34.1802201271057	2.00270830043008
768	mut_M1	mut	75.1350860595703	31.7382802963257	2.36733324421073
768	mut_M2	mut	82.9516448974609	29.2980017662048	2.83130725294533
768	mut_M3	mut	71.766357421875	26.9115581512451	2.66674850332122
769	ctrl_M1	ctrl	43.5816879272461	12.9187095165253	3.37353261728639
769	ctrl_M2	ctrl	71.650993347168	20.2102484703064	3.54528018061926
769	ctrl_M3	ctrl	72.4116973876953	16.2711520195007	4.45031164977815
769	mut_M1	mut	85.1371612548828	24.9209794998169	3.41628471126138
769	mut_M2	mut	96.0765686035156	19.2975974082947	4.97868032847545
769	mut_M3	mut	88.8527221679688	16.625470161438	5.34437350073014
770	ctrl_M1	ctrl	103.82300567627	151.359375953674	0.685937062187981
770	ctrl_M2	ctrl	127.631507873535	181.654649734497	0.702605235043963
770	ctrl_M3	ctrl	133.575698852539	195.267036437988	0.684066810708008
770	mut_M1	mut	157.152084350586	222.145261764526	0.707429377976861
770	mut_M2	mut	149.906356811523	202.466442108154	0.740401003003974
770	mut_M3	mut	140.815063476562	171.257873535156	0.822239938928447
771	ctrl_M1	ctrl	70.6376953125	31.6848874092102	2.2293812946284
771	ctrl_M2	ctrl	117.735488891602	41.5645685195923	2.83259259232066
771	ctrl_M3	ctrl	89.0327377319336	44.7567291259766	1.98925925711268
771	mut_M1	mut	129.025894165039	42.0284638404846	3.06996455199375
771	mut_M2	mut	118.527450561523	35.5909495353699	3.33026941143372
771	mut_M3	mut	114.608352661133	35.4332089424133	3.23448979310331
772	ctrl_M1	ctrl	90.0545654296875	47.9566268920898	1.87783360227409
772	ctrl_M2	ctrl	102.120063781738	59.4301896095276	1.71831966972838
772	ctrl_M3	ctrl	115.026901245117	60.9950609207153	1.88583959928551
772	mut_M1	mut	133.67333984375	66.8421688079834	1.99983546655632
772	mut_M2	mut	148.346878051758	63.2684354782104	2.34472177050827
772	mut_M3	mut	138.818374633789	55.1425685882568	2.51744483776825
773	ctrl_M1	ctrl	108.19637298584	74.7711479663849	1.44703372796258
773	ctrl_M2	ctrl	132.515686035156	96.7891798019409	1.36911673708076
773	ctrl_M3	ctrl	109.733612060547	89.8791518211365	1.22090173123709
773	mut_M1	mut	143.443511962891	103.789224624634	1.3820655514257
773	mut_M2	mut	161.565643310547	113.990433216095	1.41736142895661
773	mut_M3	mut	149.490692138672	103.72642993927	1.44120155515037
774	ctrl_M1	ctrl	22.8899707794189	8.70179688930511	2.63048782574456
774	ctrl_M2	ctrl	25.5938453674316	11.7528157234192	2.17767775567451
774	ctrl_M3	ctrl	21.4870071411133	9.98077464103699	2.15283962557047
774	mut_M1	mut	29.9844932556152	11.2263786792755	2.67089629810619
774	mut_M2	mut	30.5327587127686	14.5967757701874	2.09174677980113
774	mut_M3	mut	37.6544723510742	12.7542352676392	2.95231125668612
775	ctrl_M1	ctrl	39.2927017211914	15.9044191837311	2.47055244629019
775	ctrl_M2	ctrl	47.1859855651855	19.8503475189209	2.37708612003941
775	ctrl_M3	ctrl	67.4308853149414	22.7398223876953	2.96532154760491
775	mut_M1	mut	67.9393539428711	28.5659017562866	2.3783374501006
775	mut_M2	mut	55.8292846679688	22.4102897644043	2.4912343952217
775	mut_M3	mut	63.1385688781738	16.9991377592087	3.71422184892706
776	ctrl_M1	ctrl	33.5811614990234	18.8866784572601	1.77803426764618
776	ctrl_M2	ctrl	35.2688674926758	22.6224374771118	1.55902154789284
776	ctrl_M3	ctrl	31.7096633911133	28.9458169937134	1.0954834475047
776	mut_M1	mut	38.1769409179688	27.0737996101379	1.41010650398968
776	mut_M2	mut	28.7010650634766	25.0015068054199	1.14797341163672
776	mut_M3	mut	32.2662086486816	27.5088062286377	1.17294107132469
777	ctrl_M1	ctrl	96.6994476318359	60.8413233757019	1.58937120803087
777	ctrl_M2	ctrl	111.687660217285	77.5673789978027	1.43987925930112
777	ctrl_M3	ctrl	129.592330932617	82.5059747695923	1.57070237997332
777	mut_M1	mut	135.0556640625	90.0838184356689	1.49922223999582
777	mut_M2	mut	143.527435302734	83.8481578826904	1.71175418669948
777	mut_M3	mut	126.334526062012	79.9031438827515	1.58109581079054
778	ctrl_M1	ctrl	27.4345474243164	22.8356118202209	1.20139314156773
778	ctrl_M2	ctrl	44.3524055480957	31.5530724525452	1.40564458864665
778	ctrl_M3	ctrl	31.4648399353027	25.4469575881958	1.23648730211656
778	mut_M1	mut	41.5822219848633	31.9550013542175	1.30127429894085
778	mut_M2	mut	52.67333984375	32.7765555381775	1.60704317396613
778	mut_M3	mut	42.8923416137695	34.3037414550781	1.25036919573156
779	ctrl_M1	ctrl	50.8453254699707	41.1843929290771	1.23457751477679
779	ctrl_M2	ctrl	72.6084823608398	63.9011521339417	1.13626249192889
779	ctrl_M3	ctrl	84.1795043945312	56.8690836429596	1.48023317771453
779	mut_M1	mut	85.8592300415039	54.8566575050354	1.5651560621174
779	mut_M2	mut	82.341667175293	53.5131206512451	1.53871921826292
779	mut_M3	mut	72.6990432739258	57.1582207679749	1.27189129222613
780	ctrl_M1	ctrl	56.1186370849609	37.7766070365906	1.48553937177588
780	ctrl_M2	ctrl	89.493896484375	49.3151893615723	1.81473289757072
780	ctrl_M3	ctrl	75.5595626831055	52.1448159217834	1.44903306968125
780	mut_M1	mut	85.50634765625	51.5056052207947	1.66013674219924
780	mut_M2	mut	79.5715408325195	49.8787560462952	1.59529922435646
780	mut_M3	mut	73.5190200805664	44.2839322090149	1.66017371116832
781	ctrl_M1	ctrl	58.1597709655762	57.2475481033325	1.01593470624449
781	ctrl_M2	ctrl	102.930229187012	72.5747299194336	1.41826541140802
781	ctrl_M3	ctrl	92.4787063598633	75.1616568565369	1.23039738914191
781	mut_M1	mut	113.70191192627	61.0768713951111	1.86161978059948
781	mut_M2	mut	105.333755493164	73.8910837173462	1.4255272787187
781	mut_M3	mut	123.970962524414	71.2824678421021	1.73915082175637
782	ctrl_M1	ctrl	68.7824401855469	28.2963280677795	2.43079031388062
782	ctrl_M2	ctrl	109.638252258301	42.6893093585968	2.56828357979096
782	ctrl_M3	ctrl	101.983680725098	51.3464875221252	1.98618611801153
782	mut_M1	mut	103.262298583984	51.5477004051208	2.00323773461146
782	mut_M2	mut	108.180732727051	39.7733542919159	2.71992982872553
782	mut_M3	mut	103.632629394531	41.1923611164093	2.51582154034983
783	ctrl_M1	ctrl	45.2882690429688	25.5112571716309	1.77522686311713
783	ctrl_M2	ctrl	67.1993713378906	31.2568881511688	2.14990599873192
783	ctrl_M3	ctrl	60.3526458740234	30.974155664444	1.94848397250434
783	mut_M1	mut	83.6541519165039	37.262095451355	2.24502006404103
783	mut_M2	mut	68.9949493408203	32.4375295639038	2.12700998714764
783	mut_M3	mut	73.7332305908203	30.0630719661713	2.45261797176913
784	ctrl_M1	ctrl	39.1807594299316	47.5783112049103	0.823500423568797
784	ctrl_M2	ctrl	59.9790954589844	58.5730576515198	1.02400485588152
784	ctrl_M3	ctrl	48.082950592041	65.4812040328979	0.734301564886987
784	mut_M1	mut	70.6735992431641	68.1957032680511	1.03633507473885
784	mut_M2	mut	74.8998489379883	66.025200843811	1.13441304200151
784	mut_M3	mut	59.3857574462891	57.8720393180847	1.02615629492309
785	ctrl_M1	ctrl	68.5856094360352	194.151534080505	0.353258138087109
785	ctrl_M2	ctrl	91.2590026855469	214.330500602722	0.425786355320013
785	ctrl_M3	ctrl	90.3627395629883	209.774761676788	0.430760778087381
785	mut_M1	mut	122.130973815918	259.858357429504	0.469990555716686
785	mut_M2	mut	98.397590637207	218.947193145752	0.449412432392793
785	mut_M3	mut	97.1011657714844	192.630680561066	0.504079440973072
786	ctrl_M1	ctrl	59.5224494934082	32.1367406845093	1.85216198735734
786	ctrl_M2	ctrl	81.4702835083008	53.2845478057861	1.52896640514333
786	ctrl_M3	ctrl	73.6547622680664	45.4754810333252	1.6196587830284
786	mut_M1	mut	95.2799377441406	53.1808032989502	1.79162276298338
786	mut_M2	mut	80.1238861083984	51.4048233032227	1.5586842043162
786	mut_M3	mut	98.7992248535156	45.5475702285767	2.16914369652871
787	ctrl_M1	ctrl	25.1513233184814	31.484910607338	0.798837374263328
787	ctrl_M2	ctrl	37.1154022216797	43.7819204330444	0.847733536002382
787	ctrl_M3	ctrl	33.8096084594727	41.5388300418854	0.813927797807039
787	mut_M1	mut	32.4657135009766	38.6351480484009	0.840315493557953
787	mut_M2	mut	29.4310359954834	41.3080942630768	0.712476247585944
787	mut_M3	mut	38.4782676696777	34.6999475955963	1.10888546916886
788	ctrl_M1	ctrl	65.6700744628906	33.5081100463867	1.95982627405666
788	ctrl_M2	ctrl	114.89151763916	51.9843063354492	2.21011927903351
788	ctrl_M3	ctrl	79.3403244018555	53.6295289993286	1.47941490224254
788	mut_M1	mut	116.668617248535	55.3240776062012	2.10882173362178
788	mut_M2	mut	88.3127822875977	45.3499450683594	1.94736249745126
788	mut_M3	mut	87.9245071411133	39.9354486465454	2.2016656910331
789	ctrl_M1	ctrl	38.9769401550293	18.0521268844604	2.15913284924788
789	ctrl_M2	ctrl	42.0115051269531	33.5869169235229	1.25082945906029
789	ctrl_M3	ctrl	47.9594230651855	28.7692677974701	1.66703662403959
789	mut_M1	mut	65.5968475341797	37.6078500747681	1.74423285042263
789	mut_M2	mut	63.4602394104004	35.302442073822	1.79761613311897
789	mut_M3	mut	49.4811668395996	30.3404228687286	1.63086609088099
790	ctrl_M1	ctrl	25.1621761322021	20.3666734695435	1.2354583172274
790	ctrl_M2	ctrl	36.0935707092285	26.0172848701477	1.38729198259432
790	ctrl_M3	ctrl	45.4194526672363	30.3632593154907	1.4958688128736
790	mut_M1	mut	63.683780670166	37.4177598953247	1.70196668235404
790	mut_M2	mut	43.5998420715332	28.9372043609619	1.50670539999891
790	mut_M3	mut	41.9005241394043	30.3302903175354	1.38147454906423
791	ctrl_M1	ctrl	42.629322052002	33.6463503837585	1.26698205201416
791	ctrl_M2	ctrl	79.908561706543	47.4915533065796	1.68258471544817
791	ctrl_M3	ctrl	72.9820785522461	49.0558767318726	1.48773365016282
791	mut_M1	mut	68.4978942871094	36.850284576416	1.85881588363493
791	mut_M2	mut	84.142707824707	44.7637794017792	1.87970517568413
791	mut_M3	mut	86.6806106567383	39.8619141578674	2.17452203407624
792	ctrl_M1	ctrl	50.808837890625	19.4526724815369	2.61192069824078
792	ctrl_M2	ctrl	80.6651763916016	26.2870378494263	3.06862936986877
792	ctrl_M3	ctrl	59.6917724609375	24.0239663124084	2.4846759974895
792	mut_M1	mut	90.0636138916016	31.453173160553	2.86341900805592
792	mut_M2	mut	80.5463562011719	24.4063277244568	3.30022431520736
792	mut_M3	mut	90.0335693359375	23.5858402252197	3.81727207834076
793	ctrl_M1	ctrl	118.284385681152	167.035786151886	0.708137988907336
793	ctrl_M2	ctrl	148.631149291992	180.631158828735	0.822843358010653
793	ctrl_M3	ctrl	158.22639465332	200.934087753296	0.787454216566721
793	mut_M1	mut	220.179473876953	193.625643730164	1.13714004836981
793	mut_M2	mut	192.881423950195	198.227097511292	0.973032579156885
793	mut_M3	mut	165.599945068359	173.49393081665	0.954499931431991
794	ctrl_M1	ctrl	102.63013458252	30.3790082931519	3.37832405824962
794	ctrl_M2	ctrl	128.91520690918	45.6385111808777	2.82470228702803
794	ctrl_M3	ctrl	118.318229675293	41.5903348922729	2.8448491694467
794	mut_M1	mut	142.83056640625	45.0728569030762	3.16888203278062
794	mut_M2	mut	126.367691040039	37.7982487678528	3.34321549699716
794	mut_M3	mut	147.531036376953	41.67689037323	3.53987629729006
795	ctrl_M1	ctrl	37.3765068054199	8.80229556560516	4.24622265031273
795	ctrl_M2	ctrl	54.6687393188477	14.0242621898651	3.89815439691045
795	ctrl_M3	ctrl	71.0803298950195	10.5882844924927	6.71311107530375
795	mut_M1	mut	76.0760803222656	16.1789944171906	4.70215134269612
795	mut_M2	mut	72.979377746582	17.0607228279114	4.27762519107266
795	mut_M3	mut	49.2384185791016	14.2952179908752	3.44439788260178
796	ctrl_M1	ctrl	50.861198425293	66.9062371253967	0.760186204015152
796	ctrl_M2	ctrl	89.9906768798828	86.2908039093018	1.0428767933889
796	ctrl_M3	ctrl	93.1164398193359	84.9416742324829	1.09623975110826
796	mut_M1	mut	114.637100219727	86.9321641921997	1.31869603483325
796	mut_M2	mut	105.094009399414	73.84991979599	1.42307547103282
796	mut_M3	mut	83.191535949707	74.6602630615234	1.11426791894844
797	ctrl_M1	ctrl	21.7145099639893	12.3351472616196	1.76037703510466
797	ctrl_M2	ctrl	29.1471977233887	15.2105567455292	1.91624791985053
797	ctrl_M3	ctrl	26.2827491760254	14.881760597229	1.76610482370744
797	mut_M1	mut	25.5778522491455	15.9112322330475	1.60753434269035
797	mut_M2	mut	26.8334064483643	15.5885496139526	1.72135362897051
797	mut_M3	mut	29.2429103851318	11.1855597496033	2.61434483742926
798	ctrl_M1	ctrl	49.2344093322754	16.4043047428131	3.00131033312128
798	ctrl_M2	ctrl	80.9839401245117	22.3909077644348	3.6168225503186
798	ctrl_M3	ctrl	81.7085189819336	20.2805395126343	4.02891249175256
798	mut_M1	mut	93.3301239013672	19.5696139335632	4.76913465018845
798	mut_M2	mut	73.1764450073242	20.8279179334641	3.51338262619867
798	mut_M3	mut	98.824592590332	19.9664466381073	4.94953330362342
799	ctrl_M1	ctrl	33.6477127075195	32.5512561798096	1.03368400044696
799	ctrl_M2	ctrl	53.1079788208008	44.1958675384521	1.20165033019421
799	ctrl_M3	ctrl	43.0150413513184	34.9831137657166	1.22959441630588
799	mut_M1	mut	63.6312713623047	47.3420600891113	1.34407482991937
799	mut_M2	mut	46.5089454650879	40.3682670593262	1.15211647298947
799	mut_M3	mut	50.0969772338867	37.5038862228394	1.33578096243739
800	ctrl_M1	ctrl	32.9344520568848	33.1835851669312	0.992492278673534
800	ctrl_M2	ctrl	46.3175506591797	51.4822068214417	0.899680754164739
800	ctrl_M3	ctrl	44.5502052307129	44.8662414550781	0.992956035225691
800	mut_M1	mut	76.1022872924805	46.8749308586121	1.62351785695485
800	mut_M2	mut	52.078483581543	45.0275845527649	1.15659065656777
800	mut_M3	mut	68.8445129394531	45.2273383140564	1.52218802843095
801	ctrl_M1	ctrl	38.5597496032715	15.3735468387604	2.5081882539983
801	ctrl_M2	ctrl	44.9308395385742	25.682635307312	1.74946375249047
801	ctrl_M3	ctrl	49.8428726196289	20.215136051178	2.46562142809444
801	mut_M1	mut	70.8804550170898	22.9311447143555	3.09101250286545
801	mut_M2	mut	52.7497329711914	28.5337147712708	1.8486808813377
801	mut_M3	mut	55.7157974243164	18.0793840885162	3.08173094567454
802	ctrl_M1	ctrl	49.8583526611328	43.239652633667	1.15307014798524
802	ctrl_M2	ctrl	59.9138374328613	56.3915929794312	1.06246045318697
802	ctrl_M3	ctrl	76.6236114501953	48.8558263778687	1.56836179287114
802	mut_M1	mut	104.155342102051	53.0604391098022	1.96295665564534
802	mut_M2	mut	102.189796447754	57.105863571167	1.78947992477869
802	mut_M3	mut	98.0752639770508	44.8454141616821	2.18696305542988
803	ctrl_M1	ctrl	29.2749614715576	14.9210616350174	1.961989179299
803	ctrl_M2	ctrl	35.2480812072754	18.2247910499573	1.93407326924377
803	ctrl_M3	ctrl	32.9626426696777	11.1176001429558	2.96490629684709
803	mut_M1	mut	45.9649047851562	15.7225369215012	2.92350433105344
803	mut_M2	mut	41.6752586364746	14.4656907320023	2.88097259982733
803	mut_M3	mut	39.7364501953125	12.9509500265121	3.06822666398737
804	ctrl_M1	ctrl	132.824691772461	226.968759536743	0.585211339408842
804	ctrl_M2	ctrl	168.442993164062	272.024393081665	0.619220178219436
804	ctrl_M3	ctrl	170.558547973633	276.945100784302	0.615856888208584
804	mut_M1	mut	214.848297119141	289.452377319336	0.742257842581514
804	mut_M2	mut	209.467819213867	311.186929702759	0.673125376486563
804	mut_M3	mut	188.227905273438	261.319278717041	0.720298579567306
805	ctrl_M1	ctrl	140.595352172852	285.825821876526	0.491891709607635
805	ctrl_M2	ctrl	200.031753540039	327.66588306427	0.610474766763569
805	ctrl_M3	ctrl	181.402297973633	346.638637542725	0.523318171510163
805	mut_M1	mut	228.943572998047	284.83060503006	0.803788528883282
805	mut_M2	mut	221.37028503418	333.777473449707	0.663227157741475
805	mut_M3	mut	183.865585327148	287.770915985107	0.638930396067766
806	ctrl_M1	ctrl	45.4638442993164	17.8387087583542	2.54860623126799
806	ctrl_M2	ctrl	57.7560195922852	21.6979284286499	2.66182183161892
806	ctrl_M3	ctrl	51.6231231689453	22.1677439212799	2.32874952689208
806	mut_M1	mut	67.5113067626953	21.5762436389923	3.12896479536826
806	mut_M2	mut	65.8827056884766	23.4492385387421	2.80958827637952
806	mut_M3	mut	71.1618270874023	19.1079795360565	3.7241942275017
807	ctrl_M1	ctrl	32.0823554992676	42.2159142494202	0.759958799179819
807	ctrl_M2	ctrl	64.1650161743164	68.691556930542	0.934103389725136
807	ctrl_M3	ctrl	61.2199020385742	71.7777338027954	0.852909374469412
807	mut_M1	mut	112.644332885742	66.6173644065857	1.69091548260961
807	mut_M2	mut	106.835182189941	66.1333041191101	1.61545205721953
807	mut_M3	mut	76.9696502685547	58.6880583763123	1.31150445930618
808	ctrl_M1	ctrl	19.5071887969971	5.65153443813324	3.45166237780911
808	ctrl_M2	ctrl	23.8934707641602	8.21599447727203	2.90816538767849
808	ctrl_M3	ctrl	19.9541854858398	9.74723064899445	2.04716459519693
808	mut_M1	mut	31.0250015258789	9.96397256851196	3.11371807906455
808	mut_M2	mut	28.346752166748	9.15896439552307	3.09497350820624
808	mut_M3	mut	22.2317161560059	9.77106434106827	2.27526044041741
809	ctrl_M1	ctrl	12.5544357299805	8.75297963619232	1.43430423144933
809	ctrl_M2	ctrl	19.7788314819336	7.71389573812485	2.56405221867072
809	ctrl_M3	ctrl	14.1939783096313	12.6742012500763	1.11991107207217
809	mut_M1	mut	22.1381320953369	11.8856253623962	1.86259716424998
809	mut_M2	mut	21.0349750518799	11.844673037529	1.77590170579062
809	mut_M3	mut	18.7386417388916	10.0183264017105	1.87043633712036
810	ctrl_M1	ctrl	31.8487987518311	44.435290813446	0.716745590470934
810	ctrl_M2	ctrl	63.7957000732422	64.1061544418335	0.995157183092725
810	ctrl_M3	ctrl	77.9391784667969	61.5886745452881	1.26547906806284
810	mut_M1	mut	79.5202407836914	47.8895325660706	1.66049315002149
810	mut_M2	mut	68.8787841796875	55.6785445213318	1.23707946699825
810	mut_M3	mut	82.6632232666016	48.4337401390076	1.70672805836083
811	ctrl_M1	ctrl	31.2791595458984	15.2925374507904	2.04538714693694
811	ctrl_M2	ctrl	39.0626945495605	19.3362066745758	2.0201839588797
811	ctrl_M3	ctrl	34.1289863586426	18.3595271110535	1.8589251320147
811	mut_M1	mut	61.0656204223633	19.4832141399384	3.134268298021
811	mut_M2	mut	41.6311531066895	13.4660440683365	3.09156519133776
811	mut_M3	mut	55.8513374328613	14.0393577218056	3.97819747452652
812	ctrl_M1	ctrl	61.9007797241211	185.374903678894	0.333922114027611
812	ctrl_M2	ctrl	95.1821212768555	213.997660636902	0.444781129819707
812	ctrl_M3	ctrl	101.908645629883	229.543210029602	0.443962797317074
812	mut_M1	mut	128.473922729492	248.695538520813	0.51659118411865
812	mut_M2	mut	107.626190185547	226.787341117859	0.474568772908779
812	mut_M3	mut	107.791656494141	204.995530605316	0.525824422492776
813	ctrl_M1	ctrl	36.6069602966309	17.3313517570496	2.11218148530976
813	ctrl_M2	ctrl	44.6497535705566	22.4986810684204	1.98454982471074
813	ctrl_M3	ctrl	40.3377494812012	21.9859042167664	1.8347095977267
813	mut_M1	mut	81.5358581542969	41.2622809410095	1.97603855857761
813	mut_M2	mut	66.3072662353516	32.5110678672791	2.0395290153507
813	mut_M3	mut	74.1297454833984	33.3703036308289	2.22142855826203
814	ctrl_M1	ctrl	24.9799957275391	12.6906763315201	1.96837387346297
814	ctrl_M2	ctrl	36.6712379455566	15.899733543396	2.30640581777474
814	ctrl_M3	ctrl	35.4715843200684	16.8318638801575	2.10740679538673
814	mut_M1	mut	50.0987968444824	19.1943428516388	2.61008137823302
814	mut_M2	mut	46.5783157348633	15.8696768283844	2.93505130813714
814	mut_M3	mut	48.6862602233887	15.3454332351685	3.17268724038433
815	ctrl_M1	ctrl	40.4930305480957	54.8492681980133	0.738260178821536
815	ctrl_M2	ctrl	47.0571441650391	63.4707107543945	0.741399357368642
815	ctrl_M3	ctrl	49.765251159668	64.7439846992493	0.768646715070736
815	mut_M1	mut	69.4592819213867	68.8067948818207	1.0094828866929
815	mut_M2	mut	64.7296295166016	71.620888710022	0.903781434194126
815	mut_M3	mut	61.3119201660156	55.9157376289368	1.09650561301522
816	ctrl_M1	ctrl	56.8370780944824	35.5907733440399	1.59696103102521
816	ctrl_M2	ctrl	77.8694381713867	54.1068654060364	1.43917851435355
816	ctrl_M3	ctrl	66.3561019897461	50.8961968421936	1.30375364185829
816	mut_M1	mut	97.9745635986328	57.5021138191223	1.70384281709747
816	mut_M2	mut	86.7000732421875	50.8558025360107	1.70482165099638
816	mut_M3	mut	80.2977752685547	52.6749172210693	1.52440249562341
817	ctrl_M1	ctrl	63.6799354553223	202.117290496826	0.315064264411966
817	ctrl_M2	ctrl	75.658561706543	218.918392181396	0.345601668971934
817	ctrl_M3	ctrl	107.615852355957	247.599060058594	0.434637564175284
817	mut_M1	mut	115.326675415039	221.457410812378	0.520762321712257
817	mut_M2	mut	122.760147094727	232.719731330872	0.527502100456584
817	mut_M3	mut	116.104286193848	200.726935386658	0.578419064537589
818	ctrl_M1	ctrl	23.553560256958	29.2233414649963	0.805984499930318
818	ctrl_M2	ctrl	26.9230117797852	42.1801714897156	0.638285972506052
818	ctrl_M3	ctrl	27.0546951293945	40.9940128326416	0.65996698688283
818	mut_M1	mut	48.3752670288086	38.5087337493896	1.25621546903176
818	mut_M2	mut	46.7446632385254	36.8127841949463	1.26979429186838
818	mut_M3	mut	43.9203453063965	31.7089004516602	1.38511095247066
819	ctrl_M1	ctrl	23.4034805297852	20.782364487648	1.12612212838895
819	ctrl_M2	ctrl	31.3423690795898	35.6052424907684	0.880273995822838
819	ctrl_M3	ctrl	19.5672016143799	31.4769893884659	0.621635105343013
819	mut_M1	mut	29.3633899688721	30.101991891861	0.975463353865676
819	mut_M2	mut	33.7031097412109	28.2579479217529	1.19269487772204
819	mut_M3	mut	33.7062339782715	30.7597906589508	1.09578879622392
820	ctrl_M1	ctrl	108.558181762695	130.032081604004	0.834856909337923
820	ctrl_M2	ctrl	151.177795410156	191.161285400391	0.790838977115642
820	ctrl_M3	ctrl	163.115432739258	182.167280197144	0.895415645239542
820	mut_M1	mut	203.41520690918	207.691062927246	0.979412421710393
820	mut_M2	mut	165.874221801758	178.437492370605	0.929592876463684
820	mut_M3	mut	139.814239501953	175.675619125366	0.795865927201762
821	ctrl_M1	ctrl	29.350923538208	35.2218508720398	0.833315763127817
821	ctrl_M2	ctrl	44.2392578125	59.0178894996643	0.749590644252903
821	ctrl_M3	ctrl	40.6235847473145	61.2606091499329	0.663127339264451
821	mut_M1	mut	58.5297050476074	58.0484545230865	1.00829049676645
821	mut_M2	mut	54.2137603759766	50.5340552330017	1.07281634386966
821	mut_M3	mut	44.570858001709	52.1588101387024	0.854522138890529
822	ctrl_M1	ctrl	48.8176002502441	40.1279668807983	1.21654805974244
822	ctrl_M2	ctrl	73.3095626831055	47.2379159927368	1.55192203429079
822	ctrl_M3	ctrl	72.8357925415039	49.6867370605469	1.46590009427965
822	mut_M1	mut	77.9260711669922	49.4534940719604	1.57574449751924
822	mut_M2	mut	74.5865783691406	46.1464767456055	1.61630060687663
822	mut_M3	mut	67.9890060424805	42.6548852920532	1.59393245526198
823	ctrl_M1	ctrl	47.4728393554688	44.3827772140503	1.06962300097886
823	ctrl_M2	ctrl	64.6522521972656	59.0161352157593	1.09550128894244
823	ctrl_M3	ctrl	65.9792709350586	53.4296789169312	1.23488054340807
823	mut_M1	mut	84.8089599609375	50.4834518432617	1.67993583767306
823	mut_M2	mut	79.4167556762695	60.612377166748	1.31023991119486
823	mut_M3	mut	59.0764427185059	43.08762550354	1.3710767773372
824	ctrl_M1	ctrl	68.6294479370117	111.877758026123	0.613432456529805
824	ctrl_M2	ctrl	70.2673950195312	144.000346660614	0.487966846254477
824	ctrl_M3	ctrl	83.7625350952148	147.759624958038	0.566883782487958
824	mut_M1	mut	149.122665405273	173.426280021667	0.859861985084627
824	mut_M2	mut	101.652076721191	140.630806922913	0.722829363959438
824	mut_M3	mut	114.73558807373	140.430983066559	0.81702474459892
825	ctrl_M1	ctrl	39.3557815551758	19.8743517398834	1.98022969857162
825	ctrl_M2	ctrl	63.4272079467773	28.1504006385803	2.25315471566859
825	ctrl_M3	ctrl	51.408821105957	24.4192101955414	2.10526141895218
825	mut_M1	mut	76.0880889892578	32.854070186615	2.31594102517796
825	mut_M2	mut	82.7457275390625	25.4465680122375	3.25174410550252
825	mut_M3	mut	64.608528137207	27.6562266349792	2.33612954471132
826	ctrl_M1	ctrl	35.6250305175781	14.7192475795746	2.42030241865174
826	ctrl_M2	ctrl	53.7573547363281	24.0153131484985	2.23846153510137
826	ctrl_M3	ctrl	52.7800025939941	25.3480889797211	2.08220835251995
826	mut_M1	mut	58.8045654296875	23.9103879928589	2.45937311628946
826	mut_M2	mut	45.1747016906738	25.5030779838562	1.77134311863337
826	mut_M3	mut	56.396240234375	23.6332955360413	2.38630453160329
827	ctrl_M1	ctrl	35.2079887390137	20.2940361499786	1.73489336861415
827	ctrl_M2	ctrl	47.2303810119629	33.4762568473816	1.41086206941494
827	ctrl_M3	ctrl	42.852237701416	27.5593481063843	1.55490752306616
827	mut_M1	mut	58.385799407959	28.6095657348633	2.04077894607155
827	mut_M2	mut	60.3398513793945	27.5045638084412	2.19381233600499
827	mut_M3	mut	55.0875473022461	27.1713314056396	2.02741435374831
828	ctrl_M1	ctrl	28.5086250305176	8.57558834552765	3.32439290248644
828	ctrl_M2	ctrl	24.130069732666	11.6671136617661	2.0682124501574
828	ctrl_M3	ctrl	34.7966003417969	10.7195078134537	3.24610056239008
828	mut_M1	mut	44.0489311218262	13.0376029014587	3.3786065931566
828	mut_M2	mut	42.4869804382324	13.3504838943481	3.18242999837774
828	mut_M3	mut	38.4728469848633	14.1754958629608	2.71403888490342
829	ctrl_M1	ctrl	14.9954662322998	8.08556044101715	1.85459824853073
829	ctrl_M2	ctrl	21.8871803283691	12.802595615387	1.70958928844583
829	ctrl_M3	ctrl	17.0149574279785	13.7490501403809	1.23753693922504
829	mut_M1	mut	33.2507743835449	13.7753467559814	2.41378855810704
829	mut_M2	mut	24.9430675506592	12.7219142913818	1.96063791811239
829	mut_M3	mut	26.228494644165	10.7190279960632	2.44690979945177
830	ctrl_M1	ctrl	28.8638019561768	36.7067356109619	0.786335299932174
830	ctrl_M2	ctrl	35.2642631530762	45.9005842208862	0.768274821587779
830	ctrl_M3	ctrl	37.7028503417969	47.012065410614	0.801982427542624
830	mut_M1	mut	56.7907104492188	53.1481637954712	1.06853570083371
830	mut_M2	mut	46.2738380432129	45.7749300003052	1.01089915468804
830	mut_M3	mut	43.6195259094238	43.3983292579651	1.00509689325006
831	ctrl_M1	ctrl	35.8491516113281	35.728280544281	1.00338306420588
831	ctrl_M2	ctrl	63.3030738830566	49.9710593223572	1.26679471561122
831	ctrl_M3	ctrl	67.5120697021484	46.7543687820435	1.44397350367132
831	mut_M1	mut	69.0405349731445	44.1631984710693	1.56330468270707
831	mut_M2	mut	62.1733283996582	46.8938522338867	1.32583111512281
831	mut_M3	mut	59.1352882385254	42.6052656173706	1.38798074326323
832	ctrl_M1	ctrl	17.1902770996094	11.7646434307098	1.46118130998656
832	ctrl_M2	ctrl	40.7723197937012	14.7624299526215	2.76189759575868
832	ctrl_M3	ctrl	29.84499168396	14.4468863010406	2.06584249796513
832	mut_M1	mut	57.7102470397949	16.1113655567169	3.58195876300102
832	mut_M2	mut	46.7120819091797	18.8098340034485	2.48338618515271
832	mut_M3	mut	38.0849571228027	15.4760265350342	2.46090022116382
833	ctrl_M1	ctrl	25.5727043151855	14.5643417835236	1.7558434631159
833	ctrl_M2	ctrl	29.7072010040283	20.5145208835602	1.44810601098829
833	ctrl_M3	ctrl	55.7985801696777	19.1732313632965	2.91023349754666
833	mut_M1	mut	58.486873626709	23.9833250045776	2.43864741921922
833	mut_M2	mut	55.2235832214355	22.8862679004669	2.41295712615113
833	mut_M3	mut	43.3619804382324	20.0423157215118	2.16352147330416
834	ctrl_M1	ctrl	19.1485443115234	16.2359179258347	1.17939400771756
834	ctrl_M2	ctrl	24.6371726989746	18.564685344696	1.32709885686339
834	ctrl_M3	ctrl	34.6474952697754	19.5916912555695	1.76847903623052
834	mut_M1	mut	47.0922889709473	21.3125877380371	2.20959977032261
834	mut_M2	mut	29.9236602783203	17.2910993099213	1.73058171386193
834	mut_M3	mut	27.0013847351074	13.2015361785889	2.04532142091919
835	ctrl_M1	ctrl	93.0526123046875	43.127818107605	2.15760074095376
835	ctrl_M2	ctrl	122.478385925293	57.3585786819458	2.13531068481382
835	ctrl_M3	ctrl	125.421241760254	60.430685043335	2.07545623006448
835	mut_M1	mut	152.550765991211	51.2361488342285	2.97740500529772
835	mut_M2	mut	147.281448364258	56.1210384368896	2.62435358408205
835	mut_M3	mut	139.320663452148	44.094651222229	3.15958193545965
836	ctrl_M1	ctrl	70.8602905273438	49.4760522842407	1.43221391472889
836	ctrl_M2	ctrl	98.2709045410156	69.1685171127319	1.42074615219598
836	ctrl_M3	ctrl	98.0462417602539	65.5044612884521	1.49678723909357
836	mut_M1	mut	124.984832763672	69.5697040557861	1.79654110161874
836	mut_M2	mut	113.202445983887	70.7875547409058	1.59918570994897
836	mut_M3	mut	101.273460388184	57.1957874298096	1.77064544329363
837	ctrl_M1	ctrl	70.6255798339844	123.178111076355	0.573361445607859
837	ctrl_M2	ctrl	98.7437057495117	151.080586910248	0.653583016646422
837	ctrl_M3	ctrl	96.4944534301758	163.366997718811	0.590660627774179
837	mut_M1	mut	153.54899597168	159.789298534393	0.96094668028491
837	mut_M2	mut	124.309349060059	146.355815887451	0.849363917014774
837	mut_M3	mut	110.609359741211	137.789142608643	0.802743653434078
838	ctrl_M1	ctrl	45.4961547851562	52.7717990875244	0.862130068935092
838	ctrl_M2	ctrl	52.1007385253906	70.0988187789917	0.743247025169631
838	ctrl_M3	ctrl	60.532112121582	68.5628995895386	0.882869780653473
838	mut_M1	mut	89.0963745117188	80.7592926025391	1.10323371639981
838	mut_M2	mut	70.0810623168945	72.1636142730713	0.971141246497213
838	mut_M3	mut	69.0401382446289	71.3832302093506	0.967175876492981
839	ctrl_M1	ctrl	36.7540473937988	12.6011315733194	2.91672594480473
839	ctrl_M2	ctrl	34.2648048400879	21.4017367362976	1.60102917171083
839	ctrl_M3	ctrl	37.0357284545898	20.7737843990326	1.7828108611888
839	mut_M1	mut	41.329288482666	20.96983730793	1.97089218556011
839	mut_M2	mut	49.5193367004395	22.6906688213348	2.18236567156095
839	mut_M3	mut	44.2267379760742	18.5529914498329	2.38380630399485
840	ctrl_M1	ctrl	31.1640472412109	9.86154651641846	3.16015821548132
840	ctrl_M2	ctrl	31.0409469604492	12.2314840555191	2.53779073901036
840	ctrl_M3	ctrl	42.6581115722656	14.0332194566727	3.03979508793202
840	mut_M1	mut	47.7185020446777	13.957332611084	3.4188840643364
840	mut_M2	mut	54.0197563171387	17.0339258909225	3.17130394150218
840	mut_M3	mut	43.659496307373	10.820746421814	4.03479525399081
841	ctrl_M1	ctrl	66.3331069946289	117.025215148926	0.566827473123751
841	ctrl_M2	ctrl	100.681091308594	146.526437759399	0.687118944868604
841	ctrl_M3	ctrl	88.0759887695312	155.331853866577	0.567018203781849
841	mut_M1	mut	138.622894287109	145.318946838379	0.953921682637043
841	mut_M2	mut	111.155799865723	159.363181114197	0.697499881017501
841	mut_M3	mut	110.511245727539	141.965298652649	0.778438440776506
842	ctrl_M1	ctrl	64.639045715332	32.3415393829346	1.99863849861889
842	ctrl_M2	ctrl	97.2020492553711	47.8310399055481	2.03219602683353
842	ctrl_M3	ctrl	83.7781753540039	46.0952835083008	1.81749994744944
842	mut_M1	mut	132.836044311523	51.7837018966675	2.56520950504066
842	mut_M2	mut	103.926063537598	47.7822241783142	2.17499426459859
842	mut_M3	mut	94.5331115722656	47.1640810966492	2.00434545472321
843	ctrl_M1	ctrl	53.4315528869629	13.8145452737808	3.86777500294366
843	ctrl_M2	ctrl	86.8610153198242	20.5896135568619	4.21868118505197
843	ctrl_M3	ctrl	88.8792877197266	23.7307047843933	3.74532861654319
843	mut_M1	mut	113.035133361816	20.0899667739868	5.62644700379386
843	mut_M2	mut	108.279441833496	21.5613627433777	5.02192014123749
843	mut_M3	mut	113.251075744629	21.3033218383789	5.31612283773519
844	ctrl_M1	ctrl	67.2939376831055	25.5953857898712	2.62914332433057
844	ctrl_M2	ctrl	77.8175735473633	38.3906788825989	2.02699133780193
844	ctrl_M3	ctrl	74.1051330566406	35.2751145362854	2.10077653980154
844	mut_M1	mut	116.318550109863	37.5066571235657	3.10127745393709
844	mut_M2	mut	85.8276901245117	32.8834247589111	2.61005934612249
844	mut_M3	mut	86.9734573364258	35.6424407958984	2.44016558334115
845	ctrl_M1	ctrl	26.0117149353027	20.2424383163452	1.28500897613204
845	ctrl_M2	ctrl	41.3235702514648	28.4500297307968	1.45249655773585
845	ctrl_M3	ctrl	44.4728927612305	27.4457755088806	1.62039118722808
845	mut_M1	mut	47.8395042419434	28.4379838705063	1.68223965734641
845	mut_M2	mut	46.786865234375	25.7527072429657	1.81677463238956
845	mut_M3	mut	38.8381805419922	28.8348028659821	1.34692027278645
846	ctrl_M1	ctrl	17.8770275115967	14.976589679718	1.19366477241522
846	ctrl_M2	ctrl	31.7268295288086	22.6670627593994	1.39968860833777
846	ctrl_M3	ctrl	27.7403144836426	22.2229225635529	1.24827481193399
846	mut_M1	mut	43.6621131896973	22.2645547389984	1.96105934753858
846	mut_M2	mut	30.3264255523682	19.9594242572784	1.51940382455217
846	mut_M3	mut	35.4571266174316	18.5409605503082	1.91236729732658
847	ctrl_M1	ctrl	31.3931846618652	22.4747532606125	1.39681999165181
847	ctrl_M2	ctrl	33.9462928771973	40.8885563611984	0.83021500141323
847	ctrl_M3	ctrl	47.5385665893555	34.6382385492325	1.37243025570678
847	mut_M1	mut	53.8022880554199	32.153093457222	1.67331607227781
847	mut_M2	mut	58.5307197570801	37.4438786506653	1.56315856867141
847	mut_M3	mut	46.473316192627	27.0416238307953	1.71858452300866
848	ctrl_M1	ctrl	39.9974899291992	19.7199764251709	2.02827270514106
848	ctrl_M2	ctrl	48.8611907958984	25.1772837638855	1.94068555028106
848	ctrl_M3	ctrl	38.0524597167969	23.4109652042389	1.62541182667287
848	mut_M1	mut	74.8218231201172	29.9453387260437	2.49861335029896
848	mut_M2	mut	59.3563270568848	28.1606351137161	2.10777657596132
848	mut_M3	mut	57.1112060546875	27.4586265087128	2.07990031972524
849	ctrl_M1	ctrl	10.6469259262085	11.6469649076462	0.914137374898317
849	ctrl_M2	ctrl	19.7732410430908	19.1053663492203	1.03495743979271
849	ctrl_M3	ctrl	19.3118152618408	16.6062836647034	1.16292215957313
849	mut_M1	mut	42.7273292541504	22.2292115688324	1.92212526844895
849	mut_M2	mut	35.7958068847656	16.9766376018524	2.10853336946179
849	mut_M3	mut	25.9091968536377	18.8043026924133	1.37783342873389
850	ctrl_M1	ctrl	41.5181541442871	27.8335304260254	1.49165964607444
850	ctrl_M2	ctrl	37.9862861633301	31.6910762786865	1.1986429816799
850	ctrl_M3	ctrl	40.2094917297363	26.8557553291321	1.49723927839477
850	mut_M1	mut	64.6142654418945	32.4415259361267	1.99171474144317
850	mut_M2	mut	53.6053771972656	30.6216688156128	1.75057007898715
850	mut_M3	mut	55.4012641906738	28.5138611793518	1.94295903463234
851	ctrl_M1	ctrl	71.4465103149414	59.6765079498291	1.19723007879428
851	ctrl_M2	ctrl	83.7033081054688	86.9139881134033	0.963059110764249
851	ctrl_M3	ctrl	93.6850128173828	85.9409017562866	1.09010972543734
851	mut_M1	mut	116.586624145508	85.9255990982056	1.35683225219366
851	mut_M2	mut	99.4951705932617	87.0266160964966	1.14327288657231
851	mut_M3	mut	105.579566955566	68.780622959137	1.53501905643239
852	ctrl_M1	ctrl	70.8503723144531	99.9405741691589	0.708925007720409
852	ctrl_M2	ctrl	113.424224853516	124.309384346008	0.912434933615354
852	ctrl_M3	ctrl	95.8541946411133	127.306587219238	0.752939786815902
852	mut_M1	mut	120.276306152344	135.158298492432	0.889892130146036
852	mut_M2	mut	108.23624420166	125.686991691589	0.861157091477296
852	mut_M3	mut	113.24488067627	109.193131446838	1.03710626461339
853	ctrl_M1	ctrl	17.6408195495605	15.3050899505615	1.15261129510143
853	ctrl_M2	ctrl	24.770076751709	19.121369600296	1.29541331345457
853	ctrl_M3	ctrl	26.6821537017822	22.6362233161926	1.17873698845758
853	mut_M1	mut	38.700870513916	22.0796022415161	1.75278839222688
853	mut_M2	mut	33.1671752929688	26.7603735923767	1.23941376148863
853	mut_M3	mut	26.369255065918	23.0914173126221	1.14195047921568
854	ctrl_M1	ctrl	26.4506568908691	17.6406555175781	1.49941462574972
854	ctrl_M2	ctrl	57.0213508605957	21.8166313171387	2.61366432020149
854	ctrl_M3	ctrl	52.6006507873535	27.345890045166	1.92353039891828
854	mut_M1	mut	60.2975845336914	30.3036956787109	1.98977659929617
854	mut_M2	mut	85.7041091918945	36.1042127609253	2.37379803180891
854	mut_M3	mut	49.268009185791	26.4033527374268	1.86597549469366
855	ctrl_M1	ctrl	49.4011421203613	33.7241272926331	1.46486050451935
855	ctrl_M2	ctrl	80.6256713867188	43.8712892532349	1.83777757068705
855	ctrl_M3	ctrl	79.6397247314453	49.6537599563599	1.60390119099621
855	mut_M1	mut	105.540000915527	49.9570932388306	2.11261292587563
855	mut_M2	mut	113.454551696777	52.8610954284668	2.14627696942655
855	mut_M3	mut	97.7243728637695	42.059663772583	2.3234701397559
856	ctrl_M1	ctrl	34.673038482666	140.351114273071	0.247044981881691
856	ctrl_M2	ctrl	49.8819198608398	163.79328918457	0.30454190223038
856	ctrl_M3	ctrl	50.5391883850098	171.328409194946	0.294984285574634
856	mut_M1	mut	71.8085098266602	175.748738288879	0.408586203951166
856	mut_M2	mut	65.0040588378906	154.443192481995	0.420893001454039
856	mut_M3	mut	55.3854789733887	146.151527881622	0.378959288186498
857	ctrl_M1	ctrl	40.3780822753906	77.5300154685974	0.520805807032829
857	ctrl_M2	ctrl	56.0893898010254	107.255693435669	0.522950232331185
857	ctrl_M3	ctrl	56.7698554992676	112.179745674133	0.506061545764029
857	mut_M1	mut	62.3277015686035	113.549459934235	0.548903549208445
857	mut_M2	mut	66.6748886108398	106.654627323151	0.625147640419041
857	mut_M3	mut	55.8095054626465	90.8117141723633	0.614562845457563
858	ctrl_M1	ctrl	57.5719108581543	24.2251348495483	2.37653623873337
858	ctrl_M2	ctrl	93.711784362793	42.0285711288452	2.22971616321442
858	ctrl_M3	ctrl	80.6364059448242	35.5701680183411	2.26696724916356
858	mut_M1	mut	98.4937438964844	36.2359147071838	2.71812495123679
858	mut_M2	mut	87.3002090454102	35.536376953125	2.45664348846157
858	mut_M3	mut	83.4530792236328	28.5303812026978	2.92506008352043
859	ctrl_M1	ctrl	47.5466957092285	16.3617444038391	2.90596739172091
859	ctrl_M2	ctrl	82.4048309326172	25.15412068367	3.27599727968683
859	ctrl_M3	ctrl	67.3561630249023	23.8579902648926	2.82321194187165
859	mut_M1	mut	107.927116394043	27.1879842281342	3.96966231436753
859	mut_M2	mut	100.399627685547	27.5592546463013	3.6430458288545
859	mut_M3	mut	88.8031463623047	23.9109103679657	3.71391741241594
860	ctrl_M1	ctrl	78.4607238769531	242.292472839355	0.323826501737733
860	ctrl_M2	ctrl	108.975608825684	289.110071182251	0.3769346684467
860	ctrl_M3	ctrl	79.3041534423828	301.384175300598	0.263133103665066
860	mut_M1	mut	104.858192443848	276.652159690857	0.37902538899758
860	mut_M2	mut	109.550239562988	290.695965766907	0.376855039160848
860	mut_M3	mut	95.8489990234375	252.194117546082	0.380060407261179
861	ctrl_M1	ctrl	53.2204627990723	43.9154887199402	1.21188365085658
861	ctrl_M2	ctrl	63.5841865539551	59.8115844726562	1.06307477246358
861	ctrl_M3	ctrl	71.6842269897461	65.7633142471313	1.09003367318692
861	mut_M1	mut	86.4510498046875	57.9646682739258	1.49144388088521
861	mut_M2	mut	112.409042358398	59.6249227523804	1.88526940026787
861	mut_M3	mut	84.4192199707031	53.7904453277588	1.56940920374084
862	ctrl_M1	ctrl	39.2819519042969	46.8448820114136	0.838553759079295
862	ctrl_M2	ctrl	73.5174331665039	59.0332403182983	1.24535656132221
862	ctrl_M3	ctrl	65.0081329345703	60.6777801513672	1.0713663679258
862	mut_M1	mut	95.0258636474609	56.6496686935425	1.67743017459682
862	mut_M2	mut	111.490013122559	57.0871171951294	1.95298026245527
862	mut_M3	mut	91.4901580810547	61.5864553451538	1.48555648426767
863	ctrl_M1	ctrl	6.24519443511963	7.05091473460197	0.885728259408908
863	ctrl_M2	ctrl	7.58503818511963	11.8710386753082	0.638953203050085
863	ctrl_M3	ctrl	8.25090789794922	7.63933983445168	1.08005509333928
863	mut_M1	mut	12.1002397537231	7.7659904062748	1.55810645142522
863	mut_M2	mut	26.054292678833	11.0259661078453	2.36299408360185
863	mut_M3	mut	19.1965732574463	10.0950406193733	1.9015845484174
864	ctrl_M1	ctrl	34.1945991516113	24.0899143218994	1.41945706799488
864	ctrl_M2	ctrl	43.4771842956543	30.6428499221802	1.41883618547452
864	ctrl_M3	ctrl	50.9446754455566	34.2977194786072	1.48536626399702
864	mut_M1	mut	71.4790725708008	40.5943288803101	1.76081424529896
864	mut_M2	mut	65.3287658691406	36.736231803894	1.77831973126367
864	mut_M3	mut	61.6417121887207	32.2971959114075	1.9085778331285
865	ctrl_M1	ctrl	38.3138389587402	24.6814833581448	1.5523312923612
865	ctrl_M2	ctrl	61.8706092834473	32.9211851358414	1.87935546755541
865	ctrl_M3	ctrl	47.4420204162598	41.6171722412109	1.13996261306002
865	mut_M1	mut	82.8428649902344	42.0916866064072	1.968152660759
865	mut_M2	mut	61.1440620422363	36.6369862556458	1.66891625898443
865	mut_M3	mut	58.0582504272461	33.7501789331436	1.72023533689273
866	ctrl_M1	ctrl	7.0403356552124	5.04939073324203	1.39429408955485
866	ctrl_M2	ctrl	18.07080078125	8.47026598453522	2.13343958905696
866	ctrl_M3	ctrl	15.6865100860596	7.81543552875519	2.00711912066122
866	mut_M1	mut	19.8716793060303	12.2755897045135	1.61879630912752
866	mut_M2	mut	26.9763221740723	11.1442703008652	2.42064499924934
866	mut_M3	mut	17.0922775268555	8.03919005393982	2.12611934935895
867	ctrl_M1	ctrl	67.1701965332031	150.293636322021	0.446926418024002
867	ctrl_M2	ctrl	86.4435501098633	189.692026138306	0.455704711840848
867	ctrl_M3	ctrl	100.03394317627	198.702807426453	0.503434976444889
867	mut_M1	mut	114.775451660156	215.255104064941	0.533206644082777
867	mut_M2	mut	120.414215087891	178.246709823608	0.675548037924804
867	mut_M3	mut	93.9473037719727	161.605315208435	0.581337956927973
868	ctrl_M1	ctrl	45.3908920288086	92.8854823112488	0.488675850082888
868	ctrl_M2	ctrl	59.7240447998047	125.48419380188	0.475948746932221
868	ctrl_M3	ctrl	57.4004249572754	127.971785545349	0.448539689531287
868	mut_M1	mut	71.3195953369141	116.056886672974	0.614522734336991
868	mut_M2	mut	80.6709518432617	119.737557411194	0.673731397127365
868	mut_M3	mut	54.0695495605469	96.2753829956055	0.561613445495355
869	ctrl_M1	ctrl	41.6276359558105	24.8630523681641	1.67427696886939
869	ctrl_M2	ctrl	60.646842956543	37.6683621406555	1.61002070464558
869	ctrl_M3	ctrl	51.285213470459	33.4526469707489	1.53306892322461
869	mut_M1	mut	43.7027893066406	33.9759168624878	1.28628726881811
869	mut_M2	mut	69.898307800293	31.9841256141663	2.18540624319378
869	mut_M3	mut	53.1990356445312	25.3757908344269	2.09644838230449
870	ctrl_M1	ctrl	38.1039123535156	25.2690567970276	1.5079277655507
870	ctrl_M2	ctrl	56.4909973144531	40.2797031402588	1.40246806481529
870	ctrl_M3	ctrl	66.7921752929688	40.1091723442078	1.66525937558057
870	mut_M1	mut	68.3192825317383	33.9344882965088	2.01326986087977
870	mut_M2	mut	69.2402496337891	36.8883771896362	1.87702075582881
870	mut_M3	mut	54.2706756591797	27.7031798362732	1.95900528314516
871	ctrl_M1	ctrl	55.3794136047363	16.6950263977051	3.31712045764413
871	ctrl_M2	ctrl	69.8226318359375	24.6279983520508	2.83509162368136
871	ctrl_M3	ctrl	62.4576301574707	24.4291586875916	2.55668363189254
871	mut_M1	mut	72.4659957885742	27.5185985565186	2.63334615822609
871	mut_M2	mut	75.6918487548828	24.5375452041626	3.08473598826187
871	mut_M3	mut	68.4671249389648	23.4374089241028	2.92127534919417
872	ctrl_M1	ctrl	28.5535221099854	15.205070078373	1.87789480500972
872	ctrl_M2	ctrl	33.7870063781738	25.6572275161743	1.31686115956506
872	ctrl_M3	ctrl	34.2209091186523	23.0501062870026	1.48463129378057
872	mut_M1	mut	53.5503120422363	26.8357772827148	1.99548205658751
872	mut_M2	mut	42.0947875976562	22.7109714150429	1.85350009158015
872	mut_M3	mut	42.6285552978516	20.1417855322361	2.11642385078653
873	ctrl_M1	ctrl	26.0028228759766	18.40689265728	1.41266770878312
873	ctrl_M2	ctrl	42.725456237793	26.8539807796478	1.59102877850325
873	ctrl_M3	ctrl	43.3523406982422	22.170423746109	1.95541326565085
873	mut_M1	mut	38.8735198974609	18.4158327579498	2.11087494160045
873	mut_M2	mut	55.694694519043	18.0127848386765	3.0919535772979
873	mut_M3	mut	40.3423347473145	27.7546472549438	1.45353440729204
874	ctrl_M1	ctrl	142.827056884766	318.403654575348	0.448572291279925
874	ctrl_M2	ctrl	223.74365234375	329.997132301331	0.678016959672979
874	ctrl_M3	ctrl	225.664291381836	337.445468902588	0.668742988654501
874	mut_M1	mut	268.022613525391	316.229886054993	0.84755624102771
874	mut_M2	mut	236.109222412109	314.266435623169	0.751302702574396
874	mut_M3	mut	240.163131713867	286.813638687134	0.837349063361124
875	ctrl_M1	ctrl	73.7619705200195	27.8729438781738	2.64636454772829
875	ctrl_M2	ctrl	99.3197479248047	39.8572089672089	2.49188918387428
875	ctrl_M3	ctrl	83.5002746582031	33.9805684089661	2.45729481782803
875	mut_M1	mut	126.435699462891	38.8630881309509	3.25336213727689
875	mut_M2	mut	122.060821533203	43.6058645248413	2.79918361585671
875	mut_M3	mut	118.263694763184	41.2574324607849	2.86648217568054
876	ctrl_M1	ctrl	42.6027374267578	19.2707849740982	2.21074219259983
876	ctrl_M2	ctrl	58.3335838317871	21.7890691757202	2.67719485221465
876	ctrl_M3	ctrl	49.2251358032227	24.7458367347717	1.98922898953963
876	mut_M1	mut	72.1398620605469	26.854171037674	2.68635594669228
876	mut_M2	mut	72.5854797363281	22.6216788291931	3.20866900659279
876	mut_M3	mut	66.5701675415039	21.6940730810165	3.06858777938553
877	ctrl_M1	ctrl	30.293270111084	24.2485725879669	1.24928055048142
877	ctrl_M2	ctrl	55.9610824584961	32.3889241218567	1.72778454288738
877	ctrl_M3	ctrl	48.0931205749512	32.2240357398987	1.49246112321691
877	mut_M1	mut	55.0888862609863	31.2827513217926	1.76099875916635
877	mut_M2	mut	65.5440063476562	35.1186466217041	1.8663591183821
877	mut_M3	mut	50.9919586181641	29.3554725646973	1.73705119227025
878	ctrl_M1	ctrl	30.5321350097656	18.5991104841232	1.64159114145963
878	ctrl_M2	ctrl	62.5990524291992	28.0538058280945	2.23139251810567
878	ctrl_M3	ctrl	49.7585220336914	29.7377145290375	1.67324634127833
878	mut_M1	mut	63.8118133544922	28.8675379753113	2.21050417978377
878	mut_M2	mut	70.5583267211914	30.0159268379211	2.35069625209941
878	mut_M3	mut	70.2611694335938	24.7754933834076	2.83591403595007
879	ctrl_M1	ctrl	27.6457767486572	16.8523876667023	1.64046646062392
879	ctrl_M2	ctrl	45.7066955566406	22.8115930557251	2.00366083355014
879	ctrl_M3	ctrl	42.1161041259766	21.7370953559875	1.93752216826778
879	mut_M1	mut	35.9691581726074	26.5615057945251	1.35418369917949
879	mut_M2	mut	57.49560546875	25.6136879920959	2.24472186459413
879	mut_M3	mut	43.6598892211914	26.0651111602783	1.67503176766522
880	ctrl_M1	ctrl	23.5283508300781	6.56044274568558	3.58639679395897
880	ctrl_M2	ctrl	31.6471271514893	15.3327348232269	2.06402364068466
880	ctrl_M3	ctrl	34.0824928283691	8.98103213310242	3.79494164181279
880	mut_M1	mut	31.5405540466309	12.7926616668701	2.4655192850377
880	mut_M2	mut	41.8509140014648	10.7587821483612	3.88993042375522
880	mut_M3	mut	45.0821533203125	10.2789717912674	4.38586215000731
881	ctrl_M1	ctrl	73.7329406738281	38.6752209663391	1.90646462596817
881	ctrl_M2	ctrl	86.396125793457	63.0003986358643	1.37135839874312
881	ctrl_M3	ctrl	87.0040664672852	64.0387964248657	1.35861495412962
881	mut_M1	mut	100.601615905762	59.2511863708496	1.69788357107489
881	mut_M2	mut	103.533981323242	66.0579500198364	1.56732053132367
881	mut_M3	mut	83.7694854736328	49.0941925048828	1.70630131996369
882	ctrl_M1	ctrl	40.7110824584961	20.1512584686279	2.0202749382564
882	ctrl_M2	ctrl	58.8100166320801	38.4583015441895	1.52918912876342
882	ctrl_M3	ctrl	61.2728958129883	39.7649827003479	1.54087570651583
882	mut_M1	mut	67.828498840332	36.4490461349487	1.86091286419963
882	mut_M2	mut	82.5354080200195	35.8537726402283	2.30200065271274
882	mut_M3	mut	56.8589820861816	34.8845443725586	1.62991901166721
883	ctrl_M1	ctrl	123.27286529541	191.827266693115	0.642624312072495
883	ctrl_M2	ctrl	182.310668945312	263.303024291992	0.692398689439805
883	ctrl_M3	ctrl	195.272186279297	254.366115570068	0.767681598791828
883	mut_M1	mut	226.699249267578	298.333194732666	0.759886104765249
883	mut_M2	mut	217.938415527344	286.867000579834	0.759719365025718
883	mut_M3	mut	210.334182739258	264.57336807251	0.794993782902643
884	ctrl_M1	ctrl	79.7181701660156	45.2695655822754	1.76096609588911
884	ctrl_M2	ctrl	109.001945495605	60.0604619979858	1.81487024690654
884	ctrl_M3	ctrl	133.316680908203	61.2639150619507	2.17610449435678
884	mut_M1	mut	235.103897094727	77.8989944458008	3.01806074349654
884	mut_M2	mut	217.633941650391	73.0862188339233	2.97776988771206
884	mut_M3	mut	211.290603637695	64.305347442627	3.28573924316649
885	ctrl_M1	ctrl	21.8226566314697	24.405942440033	0.894153408953146
885	ctrl_M2	ctrl	46.15478515625	35.8007092475891	1.28921426771337
885	ctrl_M3	ctrl	55.4874114990234	32.3267283439636	1.71645614454469
885	mut_M1	mut	78.5391845703125	54.9678463935852	1.42882047821102
885	mut_M2	mut	95.6516494750977	46.6718068122864	2.04945246409268
885	mut_M3	mut	103.098342895508	41.2632775306702	2.49854953521026
886	ctrl_M1	ctrl	21.5599994659424	22.6862907409668	0.950353661253642
886	ctrl_M2	ctrl	46.9897232055664	35.7294807434082	1.31515270381408
886	ctrl_M3	ctrl	38.9069633483887	34.9751691818237	1.11241673045597
886	mut_M1	mut	41.5652351379395	36.0050458908081	1.15442805611174
886	mut_M2	mut	49.31103515625	33.5205774307251	1.47106759297802
886	mut_M3	mut	43.8738555908203	32.2216701507568	1.36162574396504
887	ctrl_M1	ctrl	18.294584274292	7.85390251874924	2.32936227953151
887	ctrl_M2	ctrl	25.5378246307373	14.6175654530525	1.74706415461299
887	ctrl_M3	ctrl	20.7937793731689	8.91759353876114	2.33177025649205
887	mut_M1	mut	22.964672088623	11.9534692764282	1.92117213484695
887	mut_M2	mut	22.4754772186279	16.0372194051743	1.40145723836493
887	mut_M3	mut	27.2709674835205	11.2636671066284	2.4211446614462
888	ctrl_M1	ctrl	25.478235244751	11.0661486685276	2.30235793932642
888	ctrl_M2	ctrl	29.8562183380127	17.638148188591	1.69270708119602
888	ctrl_M3	ctrl	27.3312454223633	15.2102184295654	1.79690025813417
888	mut_M1	mut	33.1228485107422	20.1969311237335	1.63999413117864
888	mut_M2	mut	33.4320259094238	17.8820929527283	1.86958126198103
888	mut_M3	mut	24.2665100097656	13.4071184396744	1.80997207706886
889	ctrl_M1	ctrl	21.1625423431396	6.47676992416382	3.26745315812215
889	ctrl_M2	ctrl	19.9256362915039	8.21363651752472	2.42592136247937
889	ctrl_M3	ctrl	15.8506689071655	5.59699159860611	2.83199798104271
889	mut_M1	mut	28.195894241333	11.6211766004562	2.42625124896786
889	mut_M2	mut	32.6958122253418	10.8308854103088	3.018757099417
889	mut_M3	mut	35.0202941894531	6.13485538959503	5.70841396666806
890	ctrl_M1	ctrl	24.9737873077393	19.8990788459778	1.25502228022918
890	ctrl_M2	ctrl	35.84619140625	29.76247215271	1.20440906999676
890	ctrl_M3	ctrl	37.1490287780762	32.1509871482849	1.15545530862675
890	mut_M1	mut	51.8465385437012	34.7902812957764	1.49025925093614
890	mut_M2	mut	33.8529205322266	30.6826975345612	1.10332282531855
890	mut_M3	mut	35.0747680664062	28.1377532482147	1.2465376235621
891	ctrl_M1	ctrl	32.9065437316895	13.0284180641174	2.52575128996819
891	ctrl_M2	ctrl	49.3758010864258	22.1730222702026	2.22684127065437
891	ctrl_M3	ctrl	52.5863952636719	19.5710513591766	2.68694789557203
891	mut_M1	mut	47.9638786315918	23.0355205535889	2.08217038204154
891	mut_M2	mut	54.4422798156738	25.0074992179871	2.17703814928105
891	mut_M3	mut	45.217342376709	22.2332348823547	2.03377253089677
892	ctrl_M1	ctrl	38.3927154541016	25.8438875675201	1.48556270235258
892	ctrl_M2	ctrl	59.0688552856445	40.9761805534363	1.44154126831352
892	ctrl_M3	ctrl	60.4621772766113	35.9156618118286	1.68344878603068
892	mut_M1	mut	68.127799987793	33.5452229976654	2.0309240452071
892	mut_M2	mut	68.5669326782227	34.0875608921051	2.01149424845188
892	mut_M3	mut	71.7100448608398	35.7995834350586	2.00309718661737
893	ctrl_M1	ctrl	37.8895454406738	16.0902187824249	2.35481853621903
893	ctrl_M2	ctrl	61.2046165466309	29.1908040046692	2.09670883120728
893	ctrl_M3	ctrl	58.8136596679688	27.3609154224396	2.14955014333087
893	mut_M1	mut	68.0789184570312	22.5919513702393	3.01341470426113
893	mut_M2	mut	56.6632118225098	20.8559193611145	2.71688870873548
893	mut_M3	mut	53.67236328125	21.6702370643616	2.47677785535251
894	ctrl_M1	ctrl	71.0766525268555	71.3646440505981	0.995964506968766
894	ctrl_M2	ctrl	109.698715209961	96.1180229187012	1.14129183974942
894	ctrl_M3	ctrl	91.1826248168945	92.0572195053101	0.990499444876617
894	mut_M1	mut	126.961616516113	98.8283853530884	1.28466751796574
894	mut_M2	mut	113.77938079834	98.0411033630371	1.16052733899807
894	mut_M3	mut	102.464973449707	84.1461153030396	1.21770295729868
895	ctrl_M1	ctrl	94.7739868164062	96.5954213142395	0.981143676656186
895	ctrl_M2	ctrl	119.540313720703	144.947598457336	0.824714000045253
895	ctrl_M3	ctrl	118.042335510254	128.375296592712	0.919509739360204
895	mut_M1	mut	151.531173706055	115.336407184601	1.31381909151655
895	mut_M2	mut	144.945053100586	126.717388153076	1.14384501774524
895	mut_M3	mut	123.337326049805	108.826137542725	1.13334286077536
896	ctrl_M1	ctrl	91.1182556152344	61.2098231315613	1.48862144919761
896	ctrl_M2	ctrl	112.219467163086	86.4528493881226	1.2980424353544
896	ctrl_M3	ctrl	122.054389953613	83.3916091918945	1.46362914850043
896	mut_M1	mut	168.754959106445	81.0212106704712	2.08284914172419
896	mut_M2	mut	134.214614868164	76.4255352020264	1.75614883838727
896	mut_M3	mut	122.615333557129	68.0694799423218	1.80132614001203
897	ctrl_M1	ctrl	64.0700073242188	24.0540981292725	2.66357969356786
897	ctrl_M2	ctrl	97.6659469604492	36.4963717460632	2.67604537897618
897	ctrl_M3	ctrl	78.6704254150391	39.9269790649414	1.97035756917851
897	mut_M1	mut	110.027450561523	38.4511179924011	2.8614889840984
897	mut_M2	mut	124.888252258301	36.6347317695618	3.40901232862486
897	mut_M3	mut	103.538993835449	36.5438017845154	2.83328468247443
898	ctrl_M1	ctrl	18.0947265625	11.214590549469	1.61349863668066
898	ctrl_M2	ctrl	26.4855003356934	16.9618637561798	1.5614734746377
898	ctrl_M3	ctrl	36.8081665039062	18.7852191925049	1.95942172016776
898	mut_M1	mut	39.9404144287109	16.6030757427216	2.40560333805741
898	mut_M2	mut	37.0957908630371	16.2023320198059	2.28953405088174
898	mut_M3	mut	27.3473873138428	11.762953042984	2.32487430782988
899	ctrl_M1	ctrl	19.6768264770508	14.653125166893	1.34284162954591
899	ctrl_M2	ctrl	30.2076473236084	22.3025562763214	1.35444775699007
899	ctrl_M3	ctrl	23.9983234405518	16.6581456661224	1.44063594601391
899	mut_M1	mut	37.5110359191895	20.6902873516083	1.81297800662366
899	mut_M2	mut	34.3250579833984	19.3064711093903	1.7779042989738
899	mut_M3	mut	34.6977272033691	16.7267496585846	2.07438551491451
900	ctrl_M1	ctrl	29.3200645446777	14.9015135765076	1.96758969443891
900	ctrl_M2	ctrl	39.2077522277832	28.1137309074402	1.39461220415278
900	ctrl_M3	ctrl	40.3445625305176	24.2133316993713	1.66621277201456
900	mut_M1	mut	54.912483215332	21.5456576347351	2.54865663171052
900	mut_M2	mut	66.140251159668	27.3378286361694	2.41936739160625
900	mut_M3	mut	43.5119438171387	21.3787186145782	2.03529241399284
901	ctrl_M1	ctrl	11.9696950912476	7.64354169368744	1.56598806821881
901	ctrl_M2	ctrl	13.308783531189	10.6553022861481	1.2490291850744
901	ctrl_M3	ctrl	10.2700481414795	6.60244452953339	1.55549177210661
901	mut_M1	mut	18.7994384765625	9.98401594161987	1.88295357163786
901	mut_M2	mut	16.3705272674561	9.80884671211243	1.66895535713092
901	mut_M3	mut	14.2485466003418	9.59208428859711	1.48544843556892
902	ctrl_M1	ctrl	16.5876617431641	15.370216012001	1.07920810808465
902	ctrl_M2	ctrl	28.91428565979	26.6205635070801	1.0861635461661
902	ctrl_M3	ctrl	20.6129608154297	18.6891062259674	1.10293989269477
902	mut_M1	mut	32.4685249328613	23.775313615799	1.36564023749767
902	mut_M2	mut	37.4689598083496	23.4648115634918	1.59681486071026
902	mut_M3	mut	31.8887901306152	20.8658947944641	1.52827331129243
903	ctrl_M1	ctrl	29.8767395019531	20.0288252830505	1.49168706001127
903	ctrl_M2	ctrl	35.9141082763672	30.6912207603455	1.1701752939971
903	ctrl_M3	ctrl	34.9147567749023	28.8827605247498	1.20884417349871
903	mut_M1	mut	52.9737434387207	24.8173917531967	2.13454113008863
903	mut_M2	mut	41.3819313049316	23.2685260772705	1.77845090692508
903	mut_M3	mut	34.6741790771484	26.0487418174744	1.33112682831721
904	ctrl_M1	ctrl	20.5407657623291	8.14010939002037	2.52340168640875
904	ctrl_M2	ctrl	28.5291519165039	12.5499610900879	2.27324624448729
904	ctrl_M3	ctrl	20.2066783905029	11.5960147380829	1.74255370029338
904	mut_M1	mut	38.1096076965332	12.5284633636475	3.04184213102398
904	mut_M2	mut	38.4803047180176	12.4716904759407	3.08541210129055
904	mut_M3	mut	44.8425102233887	11.8385989665985	3.78782238927998
905	ctrl_M1	ctrl	96.435791015625	194.521281719208	0.495759590741492
905	ctrl_M2	ctrl	135.797378540039	238.621634244919	0.569090807586449
905	ctrl_M3	ctrl	149.158401489258	242.029279708862	0.616282466603548
905	mut_M1	mut	206.044128417969	259.02273607254	0.795467346002651
905	mut_M2	mut	182.165679931641	241.185855388641	0.755291721556818
905	mut_M3	mut	165.058578491211	216.732727050781	0.761576623601184
906	ctrl_M1	ctrl	59.3982925415039	31.8371329307556	1.86569226163338
906	ctrl_M2	ctrl	67.0402679443359	51.0618996620178	1.3129215400931
906	ctrl_M3	ctrl	51.9601554870605	41.0725193023682	1.26508323252683
906	mut_M1	mut	84.98974609375	42.4968338012695	1.99990772233039
906	mut_M2	mut	67.7621383666992	40.575258731842	1.67003589094854
906	mut_M3	mut	77.6465225219727	42.8306617736816	1.81287235140701
907	ctrl_M1	ctrl	18.2839069366455	24.8516116142273	0.735723188518613
907	ctrl_M2	ctrl	19.0849113464355	39.2671880722046	0.486026942172232
907	ctrl_M3	ctrl	28.003511428833	35.5450525283813	0.787831482496004
907	mut_M1	mut	40.3267211914062	31.9053349494934	1.26394915631646
907	mut_M2	mut	44.0920448303223	34.9034585952759	1.26325718438373
907	mut_M3	mut	50.1934204101562	36.6392102241516	1.36993729130848
908	ctrl_M1	ctrl	20.6487102508545	15.1239984035492	1.36529439503305
908	ctrl_M2	ctrl	42.1358413696289	22.7380614280701	1.85309734969809
908	ctrl_M3	ctrl	23.1905422210693	23.5449318885803	0.984948367266976
908	mut_M1	mut	41.5966758728027	23.0245623588562	1.80662178175139
908	mut_M2	mut	42.9411125183105	25.980637550354	1.65281211575678
908	mut_M3	mut	35.9766159057617	21.4980149269104	1.67348548357028
909	ctrl_M1	ctrl	29.3355445861816	16.4694976806641	1.7812045731439
909	ctrl_M2	ctrl	44.5916023254395	22.0075011253357	2.02620016109436
909	ctrl_M3	ctrl	41.2163009643555	18.4768595695496	2.23069839380504
909	mut_M1	mut	49.3136749267578	23.7433562278748	2.07694626039698
909	mut_M2	mut	80.8455429077148	21.849335193634	3.70013742712272
909	mut_M3	mut	57.1182403564453	21.8123459815979	2.61861976720126
910	ctrl_M1	ctrl	22.2473907470703	16.4332959651947	1.35379967562136
910	ctrl_M2	ctrl	39.580810546875	30.4071865081787	1.30169262901811
910	ctrl_M3	ctrl	37.9061851501465	29.098301410675	1.30269408564997
910	mut_M1	mut	43.9690284729004	27.9311995506287	1.57419048162258
910	mut_M2	mut	40.0436859130859	25.3774993419647	1.57792087287611
910	mut_M3	mut	44.9607315063477	24.3332376480103	1.84770856047691
911	ctrl_M1	ctrl	20.3972473144531	11.791606426239	1.72981072952576
911	ctrl_M2	ctrl	29.1390247344971	20.413957118988	1.42740697282025
911	ctrl_M3	ctrl	29.9519271850586	20.2180874347687	1.48144216319645
911	mut_M1	mut	26.0037021636963	22.769567489624	1.14203759801525
911	mut_M2	mut	42.9948844909668	22.4699106216431	1.913442612876
911	mut_M3	mut	25.9474792480469	20.7031724452972	1.25330933298297
912	ctrl_M1	ctrl	29.091402053833	32.388632774353	0.898197903459175
912	ctrl_M2	ctrl	46.5283584594727	41.1065473556519	1.13189653358409
912	ctrl_M3	ctrl	45.4385261535645	36.0949800014496	1.25885998971989
912	mut_M1	mut	63.0325775146484	35.8978230953217	1.75588857706703
912	mut_M2	mut	62.4843444824219	40.7437257766724	1.53359427227927
912	mut_M3	mut	52.2203559875488	40.4410881996155	1.29126980287453
913	ctrl_M1	ctrl	44.3338012695312	32.4554052650928	1.36599130121521
913	ctrl_M2	ctrl	70.5689010620117	44.9148038625717	1.57117241963107
913	ctrl_M3	ctrl	54.7597885131836	39.6506810635328	1.38105543320785
913	mut_M1	mut	80.9238967895508	43.0723342895508	1.87879060014592
913	mut_M2	mut	100.144538879395	45.9384187459946	2.17997357360339
913	mut_M3	mut	80.8297958374023	44.7916131019592	1.80457434416147
914	ctrl_M1	ctrl	43.3716087341309	38.3531594276428	1.13084839375374
914	ctrl_M2	ctrl	63.0958404541016	50.2228059768677	1.25631850365277
914	ctrl_M3	ctrl	56.2518043518066	43.1946773529053	1.30228555458866
914	mut_M1	mut	69.147834777832	47.3583936691284	1.46009670980263
914	mut_M2	mut	78.241081237793	53.9666471481323	1.44980437682241
914	mut_M3	mut	80.8124313354492	44.6946849822998	1.80809936052694
915	ctrl_M1	ctrl	21.5804080963135	11.1874277591705	1.92898748138272
915	ctrl_M2	ctrl	43.5162734985352	16.2894906997681	2.67143241618688
915	ctrl_M3	ctrl	30.3972873687744	16.0267252922058	1.89666240698325
915	mut_M1	mut	42.7038269042969	17.4323844909668	2.44968362913435
915	mut_M2	mut	39.8277702331543	18.9383063316345	2.10302703608855
915	mut_M3	mut	34.8405113220215	18.4789562225342	1.88541554525332
916	ctrl_M1	ctrl	114.526954650879	137.477501869202	0.833059614073012
916	ctrl_M2	ctrl	177.231292724609	179.837249755859	0.985509358963242
916	ctrl_M3	ctrl	174.657028198242	187.629111289978	0.930863164023158
916	mut_M1	mut	188.899673461914	169.453001022339	1.11476145197931
916	mut_M2	mut	218.506210327148	172.091588020325	1.26970883842005
916	mut_M3	mut	189.040557861328	147.082901000977	1.28526536106378
917	ctrl_M1	ctrl	38.8881416320801	38.2360277175903	1.01705495977004
917	ctrl_M2	ctrl	64.6473388671875	54.2455682754517	1.19175337124163
917	ctrl_M3	ctrl	81.7277984619141	49.3164019584656	1.65721332490447
917	mut_M1	mut	103.265586853027	55.462522983551	1.86189847302211
917	mut_M2	mut	106.508834838867	51.9611158370972	2.04977959235483
917	mut_M3	mut	80.3613815307617	50.146541595459	1.60253088197091
918	ctrl_M1	ctrl	72.6626434326172	122.235615730286	0.594447395699697
918	ctrl_M2	ctrl	95.7288208007812	165.074076652527	0.579914319328806
918	ctrl_M3	ctrl	114.074615478516	163.819867134094	0.696341765343639
918	mut_M1	mut	113.705665588379	164.385461807251	0.691701470058853
918	mut_M2	mut	135.085739135742	141.520214080811	0.954533174028453
918	mut_M3	mut	101.658805847168	134.244806289673	0.757264349041624
919	ctrl_M1	ctrl	58.0056648254395	27.1393253803253	2.1373289133963
919	ctrl_M2	ctrl	88.0641479492188	41.5514421463013	2.11940051657287
919	ctrl_M3	ctrl	82.3865509033203	38.0348148345947	2.16608260777926
919	mut_M1	mut	93.5902328491211	35.7865839004517	2.6152323761738
919	mut_M2	mut	87.8759002685547	40.5390691757202	2.16768421316357
919	mut_M3	mut	82.634162902832	33.1529211997986	2.49251528710942
920	ctrl_M1	ctrl	37.084545135498	14.7260341048241	2.51829819702438
920	ctrl_M2	ctrl	40.3091087341309	24.9843554496765	1.61337396977566
920	ctrl_M3	ctrl	36.042179107666	18.6786930561066	1.92958784639822
920	mut_M1	mut	44.9033241271973	17.7040297985077	2.53633351492564
920	mut_M2	mut	50.4098014831543	24.1262164115906	2.08942009899806
920	mut_M3	mut	38.5800590515137	24.2591626644135	1.59032937720097
921	ctrl_M1	ctrl	59.6549224853516	30.0458042621613	1.98546598935543
921	ctrl_M2	ctrl	73.4172744750977	36.0035989284515	2.03916487962764
921	ctrl_M3	ctrl	82.8432846069336	45.0885510444641	1.83734634819464
921	mut_M1	mut	83.6939315795898	47.1981925964355	1.77324441838712
921	mut_M2	mut	83.7826538085938	43.2661933898926	1.93644615447418
921	mut_M3	mut	79.1481018066406	33.2673721313477	2.37915100399709
922	ctrl_M1	ctrl	73.6593246459961	106.38547706604	0.692381391496428
922	ctrl_M2	ctrl	93.5430450439453	138.570181846619	0.675058975873228
922	ctrl_M3	ctrl	113.374389648438	154.241231918335	0.735045929278269
922	mut_M1	mut	123.444023132324	124.614647865295	0.990606042282954
922	mut_M2	mut	138.104431152344	121.476732254028	1.13687970189669
922	mut_M3	mut	122.046127319336	112.992971420288	1.08012140742254
923	ctrl_M1	ctrl	30.7383289337158	18.9268453121185	1.6240598169857
923	ctrl_M2	ctrl	42.8617897033691	29.7147581577301	1.4424411424065
923	ctrl_M3	ctrl	54.5927658081055	25.2525445222855	2.16187187631437
923	mut_M1	mut	46.6084861755371	26.1281508505344	1.78384174380193
923	mut_M2	mut	58.7172355651855	28.1313681602478	2.0872513285066
923	mut_M3	mut	58.7710342407227	28.138561964035	2.08862962918433
924	ctrl_M1	ctrl	20.7890872955322	6.66662263870239	3.11838368874268
924	ctrl_M2	ctrl	19.3890113830566	8.22494292259216	2.35734297070915
924	ctrl_M3	ctrl	27.1452007293701	9.47083142399788	2.86618983213951
924	mut_M1	mut	37.8212814331055	7.56440794467926	4.99989975550018
924	mut_M2	mut	28.1014709472656	9.07156074047089	3.09775481322599
924	mut_M3	mut	29.1767749786377	8.67226876318455	3.36437624056334
925	ctrl_M1	ctrl	18.9939002990723	5.23568072915077	3.62778047051641
925	ctrl_M2	ctrl	21.2723121643066	9.68254628777504	2.19697500348277
925	ctrl_M3	ctrl	24.4666938781738	7.21055459976196	3.39317781172915
925	mut_M1	mut	23.0192890167236	9.9532153904438	2.31274900760459
925	mut_M2	mut	28.42649269104	8.58332121372223	3.31182906747034
925	mut_M3	mut	29.231653213501	8.30088174343109	3.52151182452797
926	ctrl_M1	ctrl	69.9002304077148	95.5412521362305	0.731623553646182
926	ctrl_M2	ctrl	95.310417175293	118.621500968933	0.803483486524544
926	ctrl_M3	ctrl	96.6545181274414	124.515315055847	0.776246023102381
926	mut_M1	mut	96.9015350341797	130.989362716675	0.739766443812496
926	mut_M2	mut	116.011001586914	121.179443359375	0.95734885695808
926	mut_M3	mut	109.344863891602	96.258451461792	1.13595078905881
927	ctrl_M1	ctrl	40.3780822753906	77.5300154685974	0.520805807032829
927	ctrl_M2	ctrl	56.0893898010254	107.255693435669	0.522950232331185
927	ctrl_M3	ctrl	56.7698554992676	112.179745674133	0.506061545764029
927	mut_M1	mut	62.3277015686035	113.549459934235	0.548903549208445
927	mut_M2	mut	66.6748886108398	106.654627323151	0.625147640419041
927	mut_M3	mut	55.8095054626465	90.8117141723633	0.614562845457563
928	ctrl_M1	ctrl	22.4391422271729	10.3614272177219	2.16564202553037
928	ctrl_M2	ctrl	19.7419414520264	19.1218154430389	1.03243028941654
928	ctrl_M3	ctrl	33.2575950622559	14.0935584306717	2.35977274482203
928	mut_M1	mut	47.696231842041	19.6344542503357	2.42921097953235
928	mut_M2	mut	25.6255970001221	22.4568282365799	1.14110491161795
928	mut_M3	mut	37.173397064209	18.149712562561	2.04815348651249
929	ctrl_M1	ctrl	32.00244140625	15.3457568883896	2.08542606526386
929	ctrl_M2	ctrl	44.061882019043	20.5375645160675	2.14542878171223
929	ctrl_M3	ctrl	23.2108211517334	21.9995715618134	1.05505787176431
929	mut_M1	mut	50.6788215637207	25.3815064430237	1.99668296590214
929	mut_M2	mut	43.0105781555176	23.1727170944214	1.85608696555796
929	mut_M3	mut	56.5697021484375	20.3586719036102	2.77865385405646
930	ctrl_M1	ctrl	23.5626831054688	18.3518009185791	1.28394391427896
930	ctrl_M2	ctrl	34.4126968383789	27.2067151069641	1.26486041049367
930	ctrl_M3	ctrl	42.7582321166992	31.9873521327972	1.33672308790006
930	mut_M1	mut	54.4546279907227	30.2438135147095	1.80052121946321
930	mut_M2	mut	58.6298637390137	34.5415127277374	1.69737394540723
930	mut_M3	mut	68.9105072021484	35.4060044288635	1.94629437333436
931	ctrl_M1	ctrl	35.5219497680664	22.1441091895103	1.60412638250958
931	ctrl_M2	ctrl	45.7412643432617	28.2005217075348	1.62200064302499
931	ctrl_M3	ctrl	43.0526733398438	25.6480362415314	1.67859530976993
931	mut_M1	mut	60.6911201477051	36.2057523727417	1.67628390988493
931	mut_M2	mut	54.5401954650879	33.1583338975906	1.64484125268583
931	mut_M3	mut	59.4944496154785	33.0622831583023	1.79946585450917
932	ctrl_M1	ctrl	22.6444625854492	20.1924345493317	1.12143300651177
932	ctrl_M2	ctrl	39.6891441345215	29.7643933296204	1.33344374585402
932	ctrl_M3	ctrl	39.1534156799316	28.9671295881271	1.35164982642877
932	mut_M1	mut	46.9793167114258	30.9567356109619	1.51757980239978
932	mut_M2	mut	49.0898170471191	26.4771285057068	1.854046107626
932	mut_M3	mut	40.1842269897461	22.9663352966309	1.74970131153842
933	ctrl_M1	ctrl	26.1380100250244	18.0671918392181	1.44671126855957
933	ctrl_M2	ctrl	40.4093284606934	18.4807705879211	2.18656079671832
933	ctrl_M3	ctrl	33.9389038085938	22.1026589870453	1.53551225798153
933	mut_M1	mut	47.2778282165527	18.9202489852905	2.49879524594569
933	mut_M2	mut	48.995002746582	20.0020773410797	2.44949571542539
933	mut_M3	mut	42.3288116455078	21.2344400882721	1.99340370970677
934	ctrl_M1	ctrl	23.9127025604248	14.5395457744598	1.64466641058553
934	ctrl_M2	ctrl	36.2778282165527	21.2442693710327	1.70765243007221
934	ctrl_M3	ctrl	39.9744606018066	25.1113970279694	1.5918851729867
934	mut_M1	mut	40.0502624511719	25.1212396621704	1.59427890461484
934	mut_M2	mut	39.3711433410645	23.3709530830383	1.68461864611069
934	mut_M3	mut	38.0462265014648	20.03031873703	1.89943190624964
935	ctrl_M1	ctrl	52.8733749389648	35.6670637130737	1.48241457060521
935	ctrl_M2	ctrl	85.8813552856445	44.7434930801392	1.9194155255564
935	ctrl_M3	ctrl	68.0567398071289	44.6970901489258	1.52262126192939
935	mut_M1	mut	71.6337814331055	48.2846546173096	1.48357241034143
935	mut_M2	mut	72.2209014892578	45.5912103652954	1.58409704218411
935	mut_M3	mut	80.2072143554688	42.7105026245117	1.87792719417536
936	ctrl_M1	ctrl	35.5094947814941	12.4240801334381	2.8581186212671
936	ctrl_M2	ctrl	50.2037811279297	23.7754693031311	2.11157897612217
936	ctrl_M3	ctrl	27.65647315979	20.283989906311	1.36346316910684
936	mut_M1	mut	49.7617416381836	19.5944075584412	2.53958898679468
936	mut_M2	mut	65.4375457763672	18.5135452747345	3.53457670075056
936	mut_M3	mut	73.4117431640625	17.148833990097	4.2808591654952
937	ctrl_M1	ctrl	31.8473739624023	12.2128610610962	2.60769149858353
937	ctrl_M2	ctrl	35.5960578918457	18.3954463005066	1.93504725628024
937	ctrl_M3	ctrl	45.6601486206055	23.0439743995667	1.98143548629633
937	mut_M1	mut	51.9386215209961	17.5701639652252	2.9560692560293
937	mut_M2	mut	32.2426490783691	22.7047152519226	1.42008603590124
937	mut_M3	mut	57.0219955444336	16.8236284255981	3.38939936747957
938	ctrl_M1	ctrl	14.1819458007812	12.5799324512482	1.1273467370148
938	ctrl_M2	ctrl	27.1495552062988	17.9958579540253	1.50865578488444
938	ctrl_M3	ctrl	16.7420921325684	17.844701051712	0.938210849487003
938	mut_M1	mut	27.6846885681152	16.5299332141876	1.67482156215571
938	mut_M2	mut	24.8324012756348	15.2840197086334	1.62472973399843
938	mut_M3	mut	28.0473594665527	11.8414754867554	2.36856965146983
939	ctrl_M1	ctrl	60.7936668395996	101.509414672852	0.598896831742433
939	ctrl_M2	ctrl	87.7314300537109	142.039280414581	0.617656114545514
939	ctrl_M3	ctrl	80.8019638061523	139.636260032654	0.57866032638841
939	mut_M1	mut	100.255638122559	145.498691558838	0.689048382830415
939	mut_M2	mut	84.5619430541992	130.053228855133	0.650210254667289
939	mut_M3	mut	73.3814544677734	120.797752380371	0.607473674151718
940	ctrl_M1	ctrl	47.973762512207	31.226982831955	1.53629195527385
940	ctrl_M2	ctrl	62.4687805175781	48.0802879333496	1.29925970086066
940	ctrl_M3	ctrl	46.0472373962402	44.266517162323	1.0402272495798
940	mut_M1	mut	72.4179916381836	47.3177304267883	1.53046206960901
940	mut_M2	mut	74.3615570068359	44.7322254180908	1.66237106050088
940	mut_M3	mut	72.8081436157227	38.2703075408936	1.90247082644747
941	ctrl_M1	ctrl	22.3017559051514	23.8294727802277	0.935889606573927
941	ctrl_M2	ctrl	27.7477951049805	44.8605918884277	0.618533860943959
941	ctrl_M3	ctrl	31.2952976226807	40.1296653747559	0.779854437619293
941	mut_M1	mut	47.2408332824707	44.2857365608215	1.0667279569256
941	mut_M2	mut	45.6233100891113	40.3268179893494	1.13133920214486
941	mut_M3	mut	43.1523170471191	33.1778280735016	1.30063718913487
942	ctrl_M1	ctrl	10.3296670913696	9.56111079454422	1.08038357815746
942	ctrl_M2	ctrl	24.1372222900391	12.3355530500412	1.95671991293154
942	ctrl_M3	ctrl	21.8470764160156	12.9678398370743	1.68471207930531
942	mut_M1	mut	22.2416458129883	13.1235791444778	1.69478505582428
942	mut_M2	mut	21.0820636749268	14.8570088148117	1.41899785735531
942	mut_M3	mut	30.3790721893311	12.5405389666557	2.42246942257478
943	ctrl_M1	ctrl	34.456169128418	5.98107349872589	5.76086703093649
943	ctrl_M2	ctrl	26.0144367218018	28.1289348602295	0.924828360940984
943	ctrl_M3	ctrl	36.9597587585449	16.7631062269211	2.20482756943869
943	mut_M1	mut	74.306640625	15.9008105993271	4.67313538267946
943	mut_M2	mut	59.8361663818359	16.5000269412994	3.62642840491772
943	mut_M3	mut	89.4663925170898	16.8762240409851	5.30132761332241
944	ctrl_M1	ctrl	28.7990303039551	17.5230309963226	1.64349594028561
944	ctrl_M2	ctrl	44.139347076416	26.1225445270538	1.68970319988174
944	ctrl_M3	ctrl	47.7751159667969	23.8808393478394	2.00056268001817
944	mut_M1	mut	56.6820487976074	25.8978462219238	2.18867809747141
944	mut_M2	mut	45.5358352661133	27.7833185195923	1.6389631510002
944	mut_M3	mut	46.6918792724609	24.1203780174255	1.93578555189843
945	ctrl_M1	ctrl	31.7886543273926	17.6614315509796	1.79989114900651
945	ctrl_M2	ctrl	63.8509140014648	24.2301442623138	2.63518505338719
945	ctrl_M3	ctrl	66.939323425293	26.6999182701111	2.50709843933221
945	mut_M1	mut	65.4926834106445	23.4535884857178	2.79243764554523
945	mut_M2	mut	66.5051956176758	23.0166599750519	2.88943728976149
945	mut_M3	mut	66.9040832519531	21.4558695554733	3.1182182143201
946	ctrl_M1	ctrl	34.2540664672852	14.7580544948578	2.32104214544136
946	ctrl_M2	ctrl	56.4914474487305	30.6330394744873	1.84413458206716
946	ctrl_M3	ctrl	38.0975112915039	23.8713450431824	1.59595159898141
946	mut_M1	mut	63.2779998779297	22.7278335094452	2.78416329702665
946	mut_M2	mut	53.8248443603516	22.890558719635	2.35139932666571
946	mut_M3	mut	63.5811882019043	20.7424924373627	3.06526269173795
947	ctrl_M1	ctrl	16.8683185577393	8.06812900304794	2.09073485951536
947	ctrl_M2	ctrl	29.0446243286133	15.82550573349	1.83530465425499
947	ctrl_M3	ctrl	28.5913505554199	15.0558435916901	1.89902016325413
947	mut_M1	mut	26.6479721069336	15.3473100662231	1.73632851567789
947	mut_M2	mut	31.2403697967529	17.1465289592743	1.82196465949194
947	mut_M3	mut	38.4100723266602	12.8770837783813	2.98282382779436
948	ctrl_M1	ctrl	93.5542984008789	177.34038734436	0.527540848431862
948	ctrl_M2	ctrl	98.2527770996094	218.560597419739	0.449544786478223
948	ctrl_M3	ctrl	105.47435760498	218.974514961243	0.481674123692654
948	mut_M1	mut	102.619018554688	230.443051338196	0.445311837170933
948	mut_M2	mut	99.4961318969727	204.584871292114	0.486331815586247
948	mut_M3	mut	134.824172973633	189.708435058594	0.710691503685594
949	ctrl_M1	ctrl	36.5382843017578	19.9566628932953	1.83088147037015
949	ctrl_M2	ctrl	37.6492538452148	26.9666152000427	1.39614310383141
949	ctrl_M3	ctrl	40.8591690063477	22.2331013679504	1.83776290721398
949	mut_M1	mut	50.4017639160156	27.7249474525452	1.81792098983361
949	mut_M2	mut	53.241138458252	25.4444065093994	2.0924496092524
949	mut_M3	mut	52.6407012939453	20.2589581012726	2.59839134030484
950	ctrl_M1	ctrl	14.4912347793579	12.248594045639	1.18309372695043
950	ctrl_M2	ctrl	41.1928672790527	22.1501498222351	1.85971054867096
950	ctrl_M3	ctrl	35.5065307617188	17.7844152450562	1.99649694816866
950	mut_M1	mut	48.8071136474609	14.8223099708557	3.29281426062656
950	mut_M2	mut	47.8990364074707	19.8526992797852	2.41272160185509
950	mut_M3	mut	59.2599868774414	18.3113443851471	3.2362444630504
951	ctrl_M1	ctrl	19.1893444061279	7.17726111412048	2.67363052576908
951	ctrl_M2	ctrl	31.3438339233398	7.48320209980011	4.18855905604595
951	ctrl_M3	ctrl	25.4393939971924	9.70111060142517	2.62231769561056
951	mut_M1	mut	34.2564353942871	10.9482309818268	3.12894708297168
951	mut_M2	mut	32.1998176574707	6.58312785625458	4.89126420761795
951	mut_M3	mut	32.0534210205078	8.36791443824768	3.83051490990389
952	ctrl_M1	ctrl	101.998977661133	64.573992729187	1.57956745974963
952	ctrl_M2	ctrl	124.779884338379	82.6909217834473	1.50899133359712
952	ctrl_M3	ctrl	130.253799438477	88.814507484436	1.46658246639832
952	mut_M1	mut	157.327774047852	86.2682886123657	1.82370343237921
952	mut_M2	mut	143.719650268555	86.2909135818481	1.66552472679797
952	mut_M3	mut	148.785064697266	77.6368956565857	1.9164221268634
953	ctrl_M1	ctrl	65.4157638549805	125.580325126648	0.520907744019683
953	ctrl_M2	ctrl	84.7427139282227	164.431924819946	0.515366550753549
953	ctrl_M3	ctrl	79.1855773925781	159.271403312683	0.497173853846947
953	mut_M1	mut	113.834007263184	176.302941322327	0.645672763082642
953	mut_M2	mut	99.4577102661133	165.527312278748	0.60085377389942
953	mut_M3	mut	102.289184570312	149.164207458496	0.685748855661461
954	ctrl_M1	ctrl	68.9746780395508	42.1508989334106	1.63637501891753
954	ctrl_M2	ctrl	83.1546325683594	59.5860948562622	1.3955375456128
954	ctrl_M3	ctrl	81.2172088623047	63.7245531082153	1.27450417305216
954	mut_M1	mut	110.736770629883	64.931845664978	1.7054308174334
954	mut_M2	mut	109.878715515137	59.1743206977844	1.85686483967108
954	mut_M3	mut	101.102394104004	55.2288136482239	1.83060955732217
955	ctrl_M1	ctrl	79.1797409057617	14.1358759403229	5.60133247066069
955	ctrl_M2	ctrl	108.150657653809	22.6522514820099	4.7743888831404
955	ctrl_M3	ctrl	130.834121704102	19.8642616271973	6.58640749701813
955	mut_M1	mut	137.592361450195	21.7504379749298	6.32595819949871
955	mut_M2	mut	138.749557495117	20.5102860927582	6.76487674855531
955	mut_M3	mut	128.247894287109	19.8904905319214	6.44769891829917
956	ctrl_M1	ctrl	59.7601356506348	204.830911636353	0.291753501330552
956	ctrl_M2	ctrl	89.6870498657227	230.862180709839	0.38848740659886
956	ctrl_M3	ctrl	100.211471557617	240.054210662842	0.417453504693426
956	mut_M1	mut	90.8529205322266	257.412887573242	0.35294627782137
956	mut_M2	mut	91.3401184082031	252.50178527832	0.361740485547551
956	mut_M3	mut	106.609550476074	210.12309551239	0.507367123143243
957	ctrl_M1	ctrl	37.7619247436523	31.3890948295593	1.20302687760501
957	ctrl_M2	ctrl	63.8094139099121	41.3992695808411	1.54131738448453
957	ctrl_M3	ctrl	62.1386413574219	34.5569286346436	1.7981528976255
957	mut_M1	mut	61.3817710876465	36.3729710578918	1.68756549994088
957	mut_M2	mut	56.2265853881836	35.543354511261	1.58191555527967
957	mut_M3	mut	62.5279388427734	34.2520055770874	1.82552635354588
958	ctrl_M1	ctrl	53.3983383178711	22.5836620330811	2.36446765097937
958	ctrl_M2	ctrl	82.1045074462891	34.0565085411072	2.41083161379231
958	ctrl_M3	ctrl	75.1397552490234	28.4587817192078	2.64030119034608
958	mut_M1	mut	114.183540344238	33.0852179527283	3.4511950475098
958	mut_M2	mut	89.578742980957	35.9600229263306	2.49106467936554
958	mut_M3	mut	93.8543395996094	30.7103571891785	3.05611357827779
959	ctrl_M1	ctrl	40.72265625	37.6935238838196	1.08036214325614
959	ctrl_M2	ctrl	63.5111083984375	58.9025239944458	1.07824086459226
959	ctrl_M3	ctrl	52.4918251037598	47.8126153945923	1.09786558778579
959	mut_M1	mut	79.9605941772461	55.8839597702026	1.43083264868931
959	mut_M2	mut	72.7125473022461	50.188232421875	1.4487967356777
959	mut_M3	mut	86.7502517700195	51.5956611633301	1.68134780743297
960	ctrl_M1	ctrl	78.7753601074219	51.61687707901	1.52615509820248
960	ctrl_M2	ctrl	95.5690002441406	75.9616003036499	1.25812252325006
960	ctrl_M3	ctrl	122.802932739258	68.6832032203674	1.78796164100339
960	mut_M1	mut	127.636108398438	67.007420539856	1.90480557780193
960	mut_M2	mut	131.59358215332	67.8443536758423	1.93963941026057
960	mut_M3	mut	128.417465209961	61.7008347511292	2.08129218555849
961	ctrl_M1	ctrl	49.8495025634766	20.8528344631195	2.39053844941995
961	ctrl_M2	ctrl	69.0208969116211	31.6575078964233	2.1802378487101
961	ctrl_M3	ctrl	57.0690879821777	28.2962336540222	2.01684396163677
961	mut_M1	mut	75.734992980957	32.2766847610474	2.34643035806319
961	mut_M2	mut	75.9645385742188	33.4094395637512	2.27374477291859
961	mut_M3	mut	84.3927688598633	26.2962636947632	3.20930645659253
962	ctrl_M1	ctrl	46.9267921447754	31.5212941169739	1.48873304410131
962	ctrl_M2	ctrl	61.5966339111328	48.7172026634216	1.26437132149588
962	ctrl_M3	ctrl	63.2674713134766	44.0223956108093	1.43716557074286
962	mut_M1	mut	66.443603515625	46.7598700523376	1.42095355357608
962	mut_M2	mut	67.9135971069336	47.1485457420349	1.44041764254005
962	mut_M3	mut	68.0303802490234	33.8320121765137	2.01082867593227
963	ctrl_M1	ctrl	25.3552780151367	27.7137269973755	0.914899609768758
963	ctrl_M2	ctrl	48.3757247924805	41.7502646446228	1.15869265031619
963	ctrl_M3	ctrl	48.2948532104492	32.9563422203064	1.4654190955904
963	mut_M1	mut	45.4259872436523	35.1143498420715	1.29365878758849
963	mut_M2	mut	49.0420074462891	33.7713561058044	1.45217761740577
963	mut_M3	mut	52.3944778442383	31.5034413337708	1.66313506163128
964	ctrl_M1	ctrl	80.2314834594727	176.319602966309	0.455034392714708
964	ctrl_M2	ctrl	120.523284912109	243.208156585693	0.495556097312236
964	ctrl_M3	ctrl	97.2568817138672	231.746160507202	0.419669872851441
964	mut_M1	mut	118.430587768555	215.358854293823	0.549922073819054
964	mut_M2	mut	137.62255859375	203.312484741211	0.676901660854348
964	mut_M3	mut	124.880256652832	200.382919311523	0.623208091198073
965	ctrl_M1	ctrl	35.5557479858398	17.2644641399384	2.05947590945425
965	ctrl_M2	ctrl	54.4919776916504	29.7234673500061	1.83329814957269
965	ctrl_M3	ctrl	49.9792709350586	28.6647691726685	1.74357834992487
965	mut_M1	mut	73.2589950561523	36.2269191741943	2.02222537069443
965	mut_M2	mut	62.6653060913086	32.41215467453	1.93338908568618
965	mut_M3	mut	69.8776779174805	29.9980087280273	2.32941054691385
966	ctrl_M1	ctrl	22.3704795837402	10.5253734588623	2.12538582798736
966	ctrl_M2	ctrl	27.7163429260254	15.1281259059906	1.83210683849808
966	ctrl_M3	ctrl	27.6127624511719	12.5799899101257	2.19497492831422
966	mut_M1	mut	35.1855163574219	14.9135349988937	2.3593008874175
966	mut_M2	mut	29.5791454315186	15.8374805450439	1.86766735702636
966	mut_M3	mut	34.6581382751465	14.4813380241394	2.39329668414436
967	ctrl_M1	ctrl	10.919750213623	6.51880013942719	1.67511658281682
967	ctrl_M2	ctrl	12.6900291442871	10.9846690893173	1.15524910592239
967	ctrl_M3	ctrl	10.1848011016846	9.92813444137573	1.0258524561512
967	mut_M1	mut	29.4838104248047	13.6499562263489	2.1599930385045
967	mut_M2	mut	19.8507595062256	11.0537971258163	1.79583172011216
967	mut_M3	mut	40.3884201049805	9.17669665813446	4.40119376389968
968	ctrl_M1	ctrl	16.8552188873291	8.07727146148682	2.08674661582149
968	ctrl_M2	ctrl	32.373119354248	17.8379625082016	1.81484400695222
968	ctrl_M3	ctrl	25.8740081787109	16.358492732048	1.58168656504771
968	mut_M1	mut	40.1431655883789	14.8460698127747	2.7039591012725
968	mut_M2	mut	45.1367301940918	18.5595518350601	2.43199461900938
968	mut_M3	mut	47.6400260925293	15.5614132881165	3.06142027144217
969	ctrl_M1	ctrl	28.4607772827148	38.890145778656	0.73182490610089
969	ctrl_M2	ctrl	33.0710144042969	47.7352895736694	0.692800121244864
969	ctrl_M3	ctrl	35.2839164733887	47.0431032180786	0.750033778805415
969	mut_M1	mut	44.3132286071777	52.544590473175	0.843345208481555
969	mut_M2	mut	45.6565933227539	50.8388547897339	0.898064944845562
969	mut_M3	mut	41.8527984619141	43.0365886688232	0.972493400533701
970	ctrl_M1	ctrl	29.6891746520996	16.7687256336212	1.77050870178071
970	ctrl_M2	ctrl	33.8559074401855	19.3183934688568	1.7525218903303
970	ctrl_M3	ctrl	34.9922180175781	21.3718473911285	1.63730431802088
970	mut_M1	mut	39.6526336669922	24.2405931949615	1.63579469149435
970	mut_M2	mut	33.658088684082	15.6945198774338	2.14457587405888
970	mut_M3	mut	38.354061126709	23.9290714263916	1.60282279421875
971	ctrl_M1	ctrl	11.2545251846313	13.6632789373398	0.823706025196803
971	ctrl_M2	ctrl	17.8662853240967	22.3673524856567	0.798766207826947
971	ctrl_M3	ctrl	19.286771774292	18.2681744098663	1.05575802713354
971	mut_M1	mut	24.8464756011963	17.8486595153809	1.39206395750813
971	mut_M2	mut	18.6624755859375	22.5042209625244	0.829287786367524
971	mut_M3	mut	28.59743309021	15.0184051990509	1.90415911085001
972	ctrl_M1	ctrl	34.472583770752	26.4510040283203	1.30326182453578
972	ctrl_M2	ctrl	49.8159141540527	36.7639660835266	1.35502013142087
972	ctrl_M3	ctrl	61.6541519165039	39.6359047889709	1.55551266571969
972	mut_M1	mut	72.7586975097656	39.458372592926	1.84393558904174
972	mut_M2	mut	69.9272842407227	38.6165904998779	1.81080937844432
972	mut_M3	mut	62.8498382568359	29.5424990653992	2.12743810595384
973	ctrl_M1	ctrl	22.8131217956543	12.8707562536001	1.7724771836366
973	ctrl_M2	ctrl	27.8752536773682	22.9995083808899	1.2119934572397
973	ctrl_M3	ctrl	28.1519260406494	18.6610045433044	1.50859649464853
973	mut_M1	mut	37.3573303222656	20.5670517683029	1.81636778781484
973	mut_M2	mut	39.5513496398926	20.5010597705841	1.92923439483078
973	mut_M3	mut	37.2884864807129	18.6000137329102	2.00475585750434
974	ctrl_M1	ctrl	42.527717590332	12.2862632274628	3.46140374847841
974	ctrl_M2	ctrl	63.1265449523926	29.5300140380859	2.1377079222169
974	ctrl_M3	ctrl	49.9096527099609	21.2859694957733	2.34472067245381
974	mut_M1	mut	53.3437309265137	15.7008002996445	3.39751668121794
974	mut_M2	mut	62.469970703125	17.6016573905945	3.54909593550583
974	mut_M3	mut	60.6691665649414	18.6178231239319	3.2586605942644
975	ctrl_M1	ctrl	14.0740661621094	8.06075042486191	1.74599949388093
975	ctrl_M2	ctrl	18.9835052490234	12.2407600879669	1.55084366596523
975	ctrl_M3	ctrl	27.7418651580811	18.2187805175781	1.52270702922815
975	mut_M1	mut	43.688606262207	17.2352423667908	2.53484142157392
975	mut_M2	mut	41.650089263916	17.3500361442566	2.40057651278747
975	mut_M3	mut	45.7798385620117	16.2466683387756	2.81779855459656
976	ctrl_M1	ctrl	102.133293151855	52.8800392150879	1.93141485270901
976	ctrl_M2	ctrl	118.630981445312	68.3499965667725	1.73563990349904
976	ctrl_M3	ctrl	108.90209197998	67.9472723007202	1.6027441322148
976	mut_M1	mut	129.518096923828	71.8553981781006	1.8024824885502
976	mut_M2	mut	131.826385498047	67.13134765625	1.96370831363421
976	mut_M3	mut	130.292724609375	53.1956806182861	2.44931022772903
977	ctrl_M1	ctrl	36.5165176391602	31.0484848022461	1.17611271119158
977	ctrl_M2	ctrl	52.6007385253906	43.108375787735	1.22019764289882
977	ctrl_M3	ctrl	57.9205513000488	44.296181678772	1.30757435753895
977	mut_M1	mut	68.0035705566406	43.4359855651855	1.56560441007113
977	mut_M2	mut	57.0948486328125	40.41259765625	1.41279828429892
977	mut_M3	mut	57.9186630249023	37.2345309257507	1.5555094044396
978	ctrl_M1	ctrl	55.1867561340332	55.6783151626587	0.991171445702165
978	ctrl_M2	ctrl	74.7544326782227	77.9782552719116	0.958657415680212
978	ctrl_M3	ctrl	72.0751190185547	74.5791072845459	0.966425070543717
978	mut_M1	mut	93.2943801879883	83.4314885139465	1.11821545857225
978	mut_M2	mut	72.9136428833008	71.8128395080566	1.01532878218972
978	mut_M3	mut	87.1888275146484	80.1682953834534	1.08757242620184
979	ctrl_M1	ctrl	37.0009689331055	31.7158970832825	1.16663794298313
979	ctrl_M2	ctrl	57.7917785644531	42.3671388626099	1.36407083687815
979	ctrl_M3	ctrl	54.4453773498535	37.1226215362549	1.46663611288014
979	mut_M1	mut	71.9108963012695	48.5694096088409	1.48057999634774
979	mut_M2	mut	66.7049026489258	44.0905089378357	1.51290842986128
979	mut_M3	mut	64.0307846069336	39.4773278236389	1.62196349492004
980	ctrl_M1	ctrl	54.4879989624023	119.801758766174	0.454818022068862
980	ctrl_M2	ctrl	85.7276229858398	170.769651412964	0.502007366511096
980	ctrl_M3	ctrl	88.9130554199219	167.149946212769	0.531935890106376
980	mut_M1	mut	85.6367950439453	147.19566822052	0.581788826255738
980	mut_M2	mut	122.960426330566	156.175704956055	0.787321090467723
980	mut_M3	mut	111.690971374512	126.245533943176	0.884712257819626
981	ctrl_M1	ctrl	48.096607208252	29.8765273094177	1.60984597406978
981	ctrl_M2	ctrl	75.9076461791992	38.2225532531738	1.98593865973347
981	ctrl_M3	ctrl	78.9784698486328	37.5810623168945	2.1015496896459
981	mut_M1	mut	117.37223815918	37.2590188980103	3.15016985499443
981	mut_M2	mut	111.100471496582	38.187424659729	2.90934705564851
981	mut_M3	mut	131.034744262695	31.3702564239502	4.17703771661409
982	ctrl_M1	ctrl	56.0527572631836	62.9738597869873	0.890095627817403
982	ctrl_M2	ctrl	81.9097595214844	90.1079835891724	0.909017783539958
982	ctrl_M3	ctrl	74.6801605224609	82.5304675102234	0.904879891940634
982	mut_M1	mut	93.4663772583008	94.9119319915771	0.984769515244884
982	mut_M2	mut	108.84831237793	81.8538784980774	1.32978808549049
982	mut_M3	mut	96.0802612304688	83.4104118347168	1.15189769618759
983	ctrl_M1	ctrl	61.637393951416	39.2573251724243	1.57008644070106
983	ctrl_M2	ctrl	87.964485168457	57.1850624084473	1.53824235672187
983	ctrl_M3	ctrl	68.1261215209961	46.5311260223389	1.46409784900305
983	mut_M1	mut	75.9007034301758	46.271821975708	1.64032234282935
983	mut_M2	mut	80.3855361938477	45.4308481216431	1.7694042598239
983	mut_M3	mut	67.3320159912109	49.5859107971191	1.35788603877218
984	ctrl_M1	ctrl	59.9023399353027	147.594999313354	0.405856161888831
984	ctrl_M2	ctrl	84.8650054931641	188.594557762146	0.449986502792913
984	ctrl_M3	ctrl	95.2612762451172	188.410057067871	0.505606111094171
984	mut_M1	mut	133.470108032227	170.339135169983	0.783555158355334
984	mut_M2	mut	138.212875366211	185.480509757996	0.745161179180191
984	mut_M3	mut	116.100791931152	165.663388252258	0.700823477993604
985	ctrl_M1	ctrl	39.9382057189941	17.8024234771729	2.2434139806979
985	ctrl_M2	ctrl	61.6048545837402	31.2093353271484	1.97392395377774
985	ctrl_M3	ctrl	57.6521987915039	31.9656939506531	1.80356474914964
985	mut_M1	mut	63.0199165344238	35.4657278060913	1.77692438398515
985	mut_M2	mut	74.1149444580078	35.3191785812378	2.09843341309696
985	mut_M3	mut	75.3979644775391	36.5020589828491	2.06558113647687
986	ctrl_M1	ctrl	21.5240631103516	17.1770787239075	1.25306889817032
986	ctrl_M2	ctrl	26.6652240753174	22.5680713653564	1.18154642652586
986	ctrl_M3	ctrl	22.1113109588623	25.0343971252441	0.883237205523345
986	mut_M1	mut	28.9778671264648	19.3201057910919	1.49988138987448
986	mut_M2	mut	31.0709476470947	19.8805842399597	1.56287900154577
986	mut_M3	mut	26.8679141998291	16.4813616275787	1.63019990744395
987	ctrl_M1	ctrl	46.435115814209	24.5188159942627	1.89385636831218
987	ctrl_M2	ctrl	61.9258842468262	38.3430852890015	1.61504698383229
987	ctrl_M3	ctrl	57.8174896240234	35.5389809608459	1.62687528063121
987	mut_M1	mut	74.6846923828125	31.4882535934448	2.37182707390162
987	mut_M2	mut	69.6455459594727	43.4307670593262	1.60359926096487
987	mut_M3	mut	86.7053604125977	35.2827546596527	2.45744305536747
988	ctrl_M1	ctrl	15.6547832489014	5.46733498573303	2.86332981054799
988	ctrl_M2	ctrl	17.5892181396484	8.60733759403229	2.04351437915524
988	ctrl_M3	ctrl	24.8236026763916	8.90740239620209	2.78685093276754
988	mut_M1	mut	25.7242317199707	8.89693784713745	2.89135792133777
988	mut_M2	mut	21.7425975799561	6.5870007276535	3.30083424595301
988	mut_M3	mut	22.884313583374	7.34379422664642	3.11614308314086
989	ctrl_M1	ctrl	231.942962646484	44.3687529563904	5.22761960144471
989	ctrl_M2	ctrl	313.78125	63.366747379303	4.95182825341747
989	ctrl_M3	ctrl	290.180725097656	61.5778512954712	4.71242044002594
989	mut_M1	mut	342.997619628906	64.2709932327271	5.33674060998097
989	mut_M2	mut	343.962005615234	61.3610548973083	5.60554257404598
989	mut_M3	mut	305.745574951172	58.2777304649353	5.24635349578573
990	ctrl_M1	ctrl	43.4680938720703	36.3667135238647	1.19527143533455
990	ctrl_M2	ctrl	61.3206977844238	49.3184766769409	1.24336155364455
990	ctrl_M3	ctrl	62.2760009765625	54.3522005081177	1.14578619438345
990	mut_M1	mut	68.3840789794922	56.8122825622559	1.20368476490195
990	mut_M2	mut	63.7538146972656	48.5258231163025	1.31381212317545
990	mut_M3	mut	68.4882507324219	47.6770052909851	1.43650487933167
991	ctrl_M1	ctrl	13.4122142791748	17.4476268291473	0.768712811805951
991	ctrl_M2	ctrl	40.4443054199219	23.689423084259	1.7072727046188
991	ctrl_M3	ctrl	41.4286613464355	22.0906312465668	1.87539508871546
991	mut_M1	mut	36.5653076171875	29.9573945999146	1.22057702632431
991	mut_M2	mut	33.6782417297363	23.4816188812256	1.43423849522842
991	mut_M3	mut	45.1407279968262	21.9028313159943	2.06095400843738
992	ctrl_M1	ctrl	13.850305557251	8.04076552391052	1.72251081269126
992	ctrl_M2	ctrl	17.8325233459473	10.1341841220856	1.75964074967659
992	ctrl_M3	ctrl	14.1578617095947	8.04867148399353	1.75903088326447
992	mut_M1	mut	24.4674110412598	12.3214023113251	1.98576512827366
992	mut_M2	mut	24.5277118682861	9.75548815727234	2.51424751615343
992	mut_M3	mut	34.8499870300293	7.90353524684906	4.40941755069962
993	ctrl_M1	ctrl	35.7797012329102	21.5864322185516	1.65750879398035
993	ctrl_M2	ctrl	49.3159408569336	26.3620402812958	1.8707179084285
993	ctrl_M3	ctrl	44.5739822387695	24.0765725374222	1.85134251021354
993	mut_M1	mut	46.0870323181152	33.2490329742432	1.38611647303599
993	mut_M2	mut	53.5808982849121	37.175745010376	1.44128646971183
993	mut_M3	mut	55.4852981567383	26.1687004566193	2.12029245581828
994	ctrl_M1	ctrl	25.5266017913818	10.8776450157166	2.34670296323329
994	ctrl_M2	ctrl	30.6622772216797	16.6311864852905	1.84366143983768
994	ctrl_M3	ctrl	40.8846588134766	11.4858503341675	3.55956743506009
994	mut_M1	mut	56.7806968688965	20.9439074993134	2.71108420769897
994	mut_M2	mut	47.2182579040527	19.6504724025726	2.40290701092107
994	mut_M3	mut	43.2917366027832	12.3733389377594	3.49879178292538
995	ctrl_M1	ctrl	9.99229049682617	6.24131774902344	1.60099051172161
995	ctrl_M2	ctrl	15.060697555542	7.38389378786087	2.03966876938314
995	ctrl_M3	ctrl	11.9470996856689	7.53320096433163	1.58592605483862
995	mut_M1	mut	16.9728622436523	8.96207374334335	1.89385433881964
995	mut_M2	mut	21.5212459564209	6.74817010760307	3.1891973102713
995	mut_M3	mut	20.5794010162354	9.64597409963608	2.13347048246913
996	ctrl_M1	ctrl	28.5735721588135	16.1577970981598	1.76840766010533
996	ctrl_M2	ctrl	32.1612815856934	21.3448479175568	1.50674681355962
996	ctrl_M3	ctrl	23.0680847167969	21.9058990478516	1.05305354810623
996	mut_M1	mut	36.0473823547363	25.9468069076538	1.38928009458085
996	mut_M2	mut	38.6715431213379	33.0241460800171	1.17100811714063
996	mut_M3	mut	43.5878524780273	29.6328053474426	1.470932365902
997	ctrl_M1	ctrl	53.8333892822266	40.2710762023926	1.33677553119448
997	ctrl_M2	ctrl	114.343414306641	54.1707925796509	2.11079456034382
997	ctrl_M3	ctrl	84.9435958862305	58.6581358909607	1.44811277405971
997	mut_M1	mut	119.787330627441	50.728039264679	2.36136330841486
997	mut_M2	mut	122.400848388672	61.5700645446777	1.98799285486948
997	mut_M3	mut	112.443939208984	49.2071266174316	2.28511492010491
998	ctrl_M1	ctrl	32.6628379821777	30.7493443489075	1.06222876206914
998	ctrl_M2	ctrl	36.9746627807617	50.7300143241882	0.728851810379483
998	ctrl_M3	ctrl	34.8659591674805	45.453396320343	0.767070493957257
998	mut_M1	mut	60.5348815917969	45.0609078407288	1.34340128711481
998	mut_M2	mut	53.818416595459	50.4921188354492	1.0658775634045
998	mut_M3	mut	51.8286209106445	38.2220597267151	1.35598712579111
999	ctrl_M1	ctrl	16.3042697906494	8.32750177383423	1.95788247585595
999	ctrl_M2	ctrl	22.4258060455322	13.5726063251495	1.65228442557698
999	ctrl_M3	ctrl	22.4405899047852	11.3249894380569	1.98151089036559
999	mut_M1	mut	30.5911827087402	15.5270030498505	1.9701923552488
999	mut_M2	mut	26.9601402282715	13.1777584552765	2.04588210656391
999	mut_M3	mut	37.499195098877	12.6809309124947	2.95713267090893
1000	ctrl_M1	ctrl	77.8819122314453	19.9958455562592	3.89490466968857
1000	ctrl_M2	ctrl	70.4368057250977	28.2418913841248	2.49405412573364
1000	ctrl_M3	ctrl	73.3847198486328	24.7561163902283	2.9643066259617
1000	mut_M1	mut	102.689468383789	28.6228213310242	3.58767806975353
1000	mut_M2	mut	85.9979248046875	33.7196907997131	2.55037702793583
1000	mut_M3	mut	82.7342376708984	30.5915966033936	2.7044759625825
1001	ctrl_M1	ctrl	99.3135299682617	15.044310092926	6.60140141720157
1001	ctrl_M2	ctrl	146.317825317383	34.1965243816376	4.27873381763764
1001	ctrl_M3	ctrl	146.752075195312	28.7124209403992	5.11110071491144
1001	mut_M1	mut	201.533477783203	21.6102576255798	9.32582485942463
1001	mut_M2	mut	168.593994140625	24.8977854251862	6.77144538204905
1001	mut_M3	mut	131.065063476562	30.4215908050537	4.30829092128837
1002	ctrl_M1	ctrl	76.3478469848633	19.6482005119324	3.88574245964648
1002	ctrl_M2	ctrl	96.1703567504883	26.6728587150574	3.60555116262053
1002	ctrl_M3	ctrl	89.3099060058594	29.3275589942932	3.04525535259303
1002	mut_M1	mut	104.226219177246	27.9787192344666	3.725196221593
1002	mut_M2	mut	107.505035400391	28.6749820709229	3.74908814709961
1002	mut_M3	mut	101.015953063965	28.2383797168732	3.57725740912837
1003	ctrl_M1	ctrl	71.8170852661133	16.3509947061539	4.39221506438897
1003	ctrl_M2	ctrl	91.5814666748047	26.2091434001923	3.494256385126
1003	ctrl_M3	ctrl	83.4202041625977	26.6642475128174	3.12854147196533
1003	mut_M1	mut	104.233253479004	28.1395497322083	3.70415498723135
1003	mut_M2	mut	97.6994400024414	25.9455063343048	3.76556305140457
1003	mut_M3	mut	100.375396728516	24.1600550413132	4.15460132673025
1004	ctrl_M1	ctrl	54.126392364502	12.8866291046143	4.20019788923087
1004	ctrl_M2	ctrl	57.6177406311035	21.479532957077	2.68244848462218
1004	ctrl_M3	ctrl	68.5620193481445	22.6064777374268	3.03284837843778
1004	mut_M1	mut	81.6675491333008	18.7982616424561	4.34442028133356
1004	mut_M2	mut	76.3444290161133	20.811936378479	3.66830013448719
1004	mut_M3	mut	65.0922393798828	17.5709960460663	3.7045275753992
1005	ctrl_M1	ctrl	28.8637313842773	12.0480046272278	2.39572711642615
1005	ctrl_M2	ctrl	46.361988067627	16.2849018573761	2.84693076284201
1005	ctrl_M3	ctrl	45.3344573974609	17.8962647914886	2.53317985208968
1005	mut_M1	mut	59.1776733398438	24.6484842300415	2.40086460439292
1005	mut_M2	mut	49.0813751220703	18.9439885616302	2.59086807207439
1005	mut_M3	mut	53.0660781860352	21.4518828392029	2.47372590013675
1006	ctrl_M1	ctrl	59.5818405151367	19.9705810546875	2.98348056834088
1006	ctrl_M2	ctrl	104.523719787598	30.3513970375061	3.4437861182612
1006	ctrl_M3	ctrl	114.422248840332	38.3346815109253	2.98482325483054
1006	mut_M1	mut	99.2450180053711	28.1982574462891	3.51954436171842
1006	mut_M2	mut	115.706771850586	29.5025420188904	3.92192549972471
1006	mut_M3	mut	101.593086242676	23.9322934150696	4.24502092134242
1007	ctrl_M1	ctrl	40.9200668334961	9.92042624950409	4.12482949868627
1007	ctrl_M2	ctrl	58.5203475952148	20.9063513278961	2.7991659891953
1007	ctrl_M3	ctrl	58.4947853088379	18.5766294002533	3.14883739393758
1007	mut_M1	mut	60.2426948547363	17.4412202835083	3.4540412812571
1007	mut_M2	mut	53.8275184631348	17.1162757873535	3.14481486112216
1007	mut_M3	mut	54.5783386230469	15.2030121088028	3.58996876621871
1008	ctrl_M1	ctrl	39.9522705078125	10.0397038459778	3.97942719434086
1008	ctrl_M2	ctrl	52.8847961425781	17.6291289329529	2.9998530468357
1008	ctrl_M3	ctrl	50.5490608215332	17.7412300109863	2.84924217713374
1008	mut_M1	mut	73.1107025146484	20.5746027231216	3.55344419032145
1008	mut_M2	mut	64.8052597045898	17.8181641995907	3.63703347767322
1008	mut_M3	mut	56.1065979003906	20.1412879228592	2.78565095317032
1009	ctrl_M1	ctrl	94.6880722045898	64.2498359680176	1.4737480769869
1009	ctrl_M2	ctrl	124.921234130859	82.9403085708618	1.50615829966596
1009	ctrl_M3	ctrl	122.38005065918	87.3321447372437	1.40131736175019
1009	mut_M1	mut	142.552871704102	80.5394191741943	1.76997640615935
1009	mut_M2	mut	139.240447998047	78.235134601593	1.77976875360564
1009	mut_M3	mut	119.609077453613	72.3339185714722	1.65356833717545
1010	ctrl_M1	ctrl	133.194366455078	227.923412322998	0.584382118087649
1010	ctrl_M2	ctrl	153.600997924805	235.091857433319	0.653365878349792
1010	ctrl_M3	ctrl	158.950485229492	263.684693813324	0.602805126572957
1010	mut_M1	mut	193.312576293945	272.513282299042	0.709369373349715
1010	mut_M2	mut	208.600448608398	268.876392364502	0.775822848461941
1010	mut_M3	mut	157.864654541016	230.021682977676	0.686303362784874
1011	ctrl_M1	ctrl	207.002456665039	34.7253794670105	5.96112871456722
1011	ctrl_M2	ctrl	227.711685180664	49.8549451828003	4.56748441595365
1011	ctrl_M3	ctrl	247.180297851562	46.860034942627	5.27486371177908
1011	mut_M1	mut	288.538116455078	51.9378528594971	5.55544945678896
1011	mut_M2	mut	250.854904174805	46.371994972229	5.40962070588154
1011	mut_M3	mut	274.619689941406	40.6873588562012	6.74950888092731
1012	ctrl_M1	ctrl	44.1166152954102	25.6714873313904	1.7185064007361
1012	ctrl_M2	ctrl	53.848030090332	30.9503636360168	1.73981897995115
1012	ctrl_M3	ctrl	47.6038246154785	31.1352524757385	1.52893652147426
1012	mut_M1	mut	84.2214889526367	31.579026222229	2.66700715721727
1012	mut_M2	mut	74.0320739746094	34.8149075508118	2.12644752442789
1012	mut_M3	mut	73.5485229492188	32.6186861991882	2.25479721960871
1013	ctrl_M1	ctrl	29.5453357696533	30.347179889679	0.973577639736523
1013	ctrl_M2	ctrl	46.1417083740234	40.5591650009155	1.13763950448639
1013	ctrl_M3	ctrl	62.1063652038574	36.4879431724548	1.70210649885966
1013	mut_M1	mut	49.0760688781738	42.0350046157837	1.16750478147316
1013	mut_M2	mut	58.6410598754883	46.5862135887146	1.25876424285519
1013	mut_M3	mut	44.1377639770508	35.8260455131531	1.23200211870568
1014	ctrl_M1	ctrl	39.0851135253906	18.1598536968231	2.15228130016423
1014	ctrl_M2	ctrl	52.6905555725098	26.6667385101318	1.97589051066333
1014	ctrl_M3	ctrl	46.6273460388184	23.7792336940765	1.9608430884984
1014	mut_M1	mut	53.7003860473633	21.1749594211578	2.53603253632242
1014	mut_M2	mut	51.0089492797852	22.6541929244995	2.25163392268198
1014	mut_M3	mut	51.2000999450684	18.74966776371	2.7307203834388
1015	ctrl_M1	ctrl	80.535530090332	22.3021378517151	3.61111255906521
1015	ctrl_M2	ctrl	69.5998458862305	37.8750958442688	1.83761504320423
1015	ctrl_M3	ctrl	80.8061599731445	31.4130086898804	2.57237887560818
1015	mut_M1	mut	75.8971481323242	32.739794254303	2.31819258064974
1015	mut_M2	mut	91.4339752197266	37.3945960998535	2.44511198825556
1015	mut_M3	mut	90.6358413696289	31.4949109554291	2.87779322500371
1016	ctrl_M1	ctrl	43.7929344177246	19.158465385437	2.28582684138225
1016	ctrl_M2	ctrl	53.5836563110352	24.2017583847046	2.21403980071546
1016	ctrl_M3	ctrl	52.7173461914062	30.4145965576172	1.73329099044726
1016	mut_M1	mut	93.434944152832	25.8065662384033	3.62058800421845
1016	mut_M2	mut	70.0483322143555	26.9842700958252	2.59589501459937
1016	mut_M3	mut	65.1481246948242	27.4382910728455	2.37435066644142
1017	ctrl_M1	ctrl	127.449821472168	46.9444031715393	2.71490982655492
1017	ctrl_M2	ctrl	177.938262939453	69.704607963562	2.55274748883847
1017	ctrl_M3	ctrl	167.47380065918	74.4866642951965	2.24837294358448
1017	mut_M1	mut	196.704010009766	74.0125665664673	2.65771096903003
1017	mut_M2	mut	177.092514038086	67.1142978668213	2.63867044231768
1017	mut_M3	mut	191.18424987793	58.8341126441956	3.24954760572549
1018	ctrl_M1	ctrl	99.1037521362305	43.9128656387329	2.25682725767769
1018	ctrl_M2	ctrl	143.512344360352	57.2372264862061	2.50732527011835
1018	ctrl_M3	ctrl	128.02294921875	57.5021305084229	2.22640357995079
1018	mut_M1	mut	206.593780517578	53.9039583206177	3.83262726808985
1018	mut_M2	mut	182.135711669922	49.2520403862	3.6980338325426
1018	mut_M3	mut	158.506896972656	56.3584771156311	2.81247658000848
1019	ctrl_M1	ctrl	136.318344116211	204.343165397644	0.667104984162013
1019	ctrl_M2	ctrl	156.7978515625	234.026529312134	0.670000328695087
1019	ctrl_M3	ctrl	154.591796875	249.587196350098	0.619389933200552
1019	mut_M1	mut	183.683883666992	244.371033668518	0.751659805622273
1019	mut_M2	mut	176.667846679688	242.582496643066	0.728279447711493
1019	mut_M3	mut	187.367691040039	206.495138168335	0.907370956536985
1020	ctrl_M1	ctrl	73.3172988891602	21.5620157718658	3.40029891754484
1020	ctrl_M2	ctrl	122.946067810059	29.8132948875427	4.12386716308336
1020	ctrl_M3	ctrl	93.9555206298828	25.8682944774628	3.63207248594374
1020	mut_M1	mut	126.503540039062	23.9733061790466	5.27684997197551
1020	mut_M2	mut	143.03825378418	28.3478617668152	5.04582162001454
1020	mut_M3	mut	142.3525390625	24.1357769966125	5.89798866149945
1021	ctrl_M1	ctrl	76.1432037353516	20.8949410915375	3.64409755460808
1021	ctrl_M2	ctrl	83.5677032470703	31.736967086792	2.63313450899499
1021	ctrl_M3	ctrl	86.7732009887695	29.2716157436371	2.96441446036787
1021	mut_M1	mut	108.711265563965	29.5074067115784	3.68420263517457
1021	mut_M2	mut	123.623100280762	32.1894416809082	3.84048600489034
1021	mut_M3	mut	110.928779602051	24.9241235256195	4.45065919722421
1022	ctrl_M1	ctrl	71.3523406982422	25.4321727752686	2.80559358135647
1022	ctrl_M2	ctrl	106.029075622559	43.9381332397461	2.41314475159918
1022	ctrl_M3	ctrl	113.139389038086	46.3488659858704	2.4410389905241
1022	mut_M1	mut	163.919097900391	43.8072669506073	3.7418243435549
1022	mut_M2	mut	144.036819458008	45.8288779258728	3.1429270358961
1022	mut_M3	mut	130.412216186523	38.443567276001	3.39230267707064
1023	ctrl_M1	ctrl	72.6462783813477	10.5366990566254	6.89459554562
1023	ctrl_M2	ctrl	106.969146728516	28.0305609703064	3.81616146897064
1023	ctrl_M3	ctrl	102.57738494873	23.5267648696899	4.36002933326729
1023	mut_M1	mut	109.507446289062	19.5977253913879	5.58776307464665
1023	mut_M2	mut	111.937141418457	19.7457418441772	5.66892559934211
1023	mut_M3	mut	130.924331665039	23.9714441299438	5.46167894413568
1024	ctrl_M1	ctrl	95.3302383422852	25.8964095115662	3.68121450580659
1024	ctrl_M2	ctrl	164.617294311523	39.8160376548767	4.1344469215751
1024	ctrl_M3	ctrl	125.411026000977	32.1812481880188	3.89702180811208
1024	mut_M1	mut	165.940948486328	28.5506846904755	5.81215302838906
1024	mut_M2	mut	165.690658569336	38.1416046619415	4.34409249526582
1024	mut_M3	mut	153.788101196289	32.4646906852722	4.73708813945533
1025	ctrl_M1	ctrl	98.8184204101562	142.142974376678	0.695204394332482
1025	ctrl_M2	ctrl	125.803604125977	164.716404914856	0.763758802233488
1025	ctrl_M3	ctrl	136.407775878906	176.335483551025	0.773569636308818
1025	mut_M1	mut	145.269180297852	185.631893157959	0.782565850224014
1025	mut_M2	mut	150.467620849609	165.541352748871	0.908942801004359
1025	mut_M3	mut	128.645965576172	149.066509246826	0.863010519439737
1026	ctrl_M1	ctrl	68.5493698120117	43.5018925666809	1.57577902402608
1026	ctrl_M2	ctrl	97.5154647827148	53.4799289703369	1.82340303474978
1026	ctrl_M3	ctrl	95.5860595703125	59.258038520813	1.61304798397504
1026	mut_M1	mut	136.408325195312	53.9773397445679	2.52714057122536
1026	mut_M2	mut	129.984115600586	54.5092840194702	2.38462342587653
1026	mut_M3	mut	105.208099365234	48.8090867996216	2.15550231040278
1027	ctrl_M1	ctrl	118.284385681152	167.035786151886	0.708137988907336
1027	ctrl_M2	ctrl	148.631149291992	180.631158828735	0.822843358010653
1027	ctrl_M3	ctrl	158.22639465332	200.934087753296	0.787454216566721
1027	mut_M1	mut	220.179473876953	193.625643730164	1.13714004836981
1027	mut_M2	mut	192.881423950195	198.227097511292	0.973032579156885
1027	mut_M3	mut	165.599945068359	173.49393081665	0.954499931431991
1028	ctrl_M1	ctrl	51.4541511535645	15.9168016910553	3.23269411482835
1028	ctrl_M2	ctrl	62.7303161621094	23.7829248905182	2.63761990801723
1028	ctrl_M3	ctrl	92.5825805664062	20.2397725582123	4.57428957267807
1028	mut_M1	mut	92.2911682128906	20.391321182251	4.52600238052367
1028	mut_M2	mut	88.5044021606445	23.6831996440887	3.73701203767604
1028	mut_M3	mut	75.0234298706055	19.3224053382874	3.88271690595096
1029	ctrl_M1	ctrl	35.0761184692383	10.155705332756	3.45383381261608
1029	ctrl_M2	ctrl	63.5528144836426	18.8092818260193	3.37880069380047
1029	ctrl_M3	ctrl	39.015998840332	14.4781882762909	2.69481223035507
1029	mut_M1	mut	56.1294479370117	11.4323208332062	4.90971594971152
1029	mut_M2	mut	59.8976898193359	13.2874761819839	4.50783045621179
1029	mut_M3	mut	55.4446678161621	11.5438525080681	4.80296051750587
1030	ctrl_M1	ctrl	29.0935516357422	10.1043998003006	2.87929537733421
1030	ctrl_M2	ctrl	51.5667724609375	20.3063173294067	2.53944482519539
1030	ctrl_M3	ctrl	60.2676467895508	13.2299313545227	4.55540132254337
1030	mut_M1	mut	52.0007476806641	16.4867420196533	3.15409482471889
1030	mut_M2	mut	67.8182983398438	20.2371685504913	3.35117524818941
1030	mut_M3	mut	48.5167770385742	19.7593085765839	2.45538839836076
1031	ctrl_M1	ctrl	125.840934753418	161.425104379654	0.779562356406808
1031	ctrl_M2	ctrl	177.444747924805	194.455327510834	0.912521915425118
1031	ctrl_M3	ctrl	183.926559448242	204.871726512909	0.897764482092423
1031	mut_M1	mut	191.064254760742	204.343717575073	0.93501408816519
1031	mut_M2	mut	172.541229248047	185.587935447693	0.929700677103964
1031	mut_M3	mut	166.349258422852	181.766539812088	0.915180861091513
1032	ctrl_M1	ctrl	39.9403686523438	17.637659072876	2.26449374530467
1032	ctrl_M2	ctrl	46.0461273193359	22.4833936691284	2.048006097165
1032	ctrl_M3	ctrl	44.7510528564453	15.8774394989014	2.81853083801968
1032	mut_M1	mut	58.6349945068359	25.0286266803741	2.3427172116005
1032	mut_M2	mut	54.880615234375	19.0483727455139	2.88111829643296
1032	mut_M3	mut	52.4496841430664	18.3531656265259	2.85780040404914
1033	ctrl_M1	ctrl	109.875061035156	25.4439322948456	4.31832075961838
1033	ctrl_M2	ctrl	150.024475097656	34.756688117981	4.31642032717274
1033	ctrl_M3	ctrl	148.468017578125	34.2402791976929	4.33606328736154
1033	mut_M1	mut	171.622314453125	39.8927693367004	4.30209076247901
1033	mut_M2	mut	169.83674621582	36.7970638275146	4.61549723129883
1033	mut_M3	mut	161.138336181641	29.2006387710571	5.51831545347414
1034	ctrl_M1	ctrl	134.840362548828	38.5122489929199	3.50123314204832
1034	ctrl_M2	ctrl	191.978973388672	50.8746604919434	3.77356765690995
1034	ctrl_M3	ctrl	159.716430664062	42.5504283905029	3.75357985114224
1034	mut_M1	mut	233.481231689453	45.8888168334961	5.08797671852428
1034	mut_M2	mut	197.635803222656	57.4380731582642	3.44085016010361
1034	mut_M3	mut	218.855804443359	43.5634179115295	5.02384374173351
1035	ctrl_M1	ctrl	56.644229888916	44.8452920913696	1.2631031541395
1035	ctrl_M2	ctrl	93.3902359008789	62.1903591156006	1.50168349610722
1035	ctrl_M3	ctrl	83.8170852661133	63.3308887481689	1.32347874667299
1035	mut_M1	mut	108.747604370117	64.40589427948	1.68847285775154
1035	mut_M2	mut	89.8199691772461	58.4590301513672	1.53646013190223
1035	mut_M3	mut	116.970062255859	57.0780248641968	2.04930115458902
1036	ctrl_M1	ctrl	42.0948219299316	17.8783367872238	2.35451554755437
1036	ctrl_M2	ctrl	59.9068565368652	27.2794827222824	2.19604078078549
1036	ctrl_M3	ctrl	52.0907287597656	23.1398211717606	2.2511292707541
1036	mut_M1	mut	66.4510040283203	30.0604333877563	2.21058037225058
1036	mut_M2	mut	61.2363739013672	29.8161642551422	2.05379784526798
1036	mut_M3	mut	49.8983001708984	23.5813841819763	2.11600386923159
1037	ctrl_M1	ctrl	38.1980972290039	19.4590880870819	1.96299523688174
1037	ctrl_M2	ctrl	48.3049812316895	29.9840669631958	1.61102165663457
1037	ctrl_M3	ctrl	42.1372566223145	25.8576040863991	1.62958859148433
1037	mut_M1	mut	53.6888046264648	37.1212642192841	1.44630862540975
1037	mut_M2	mut	53.4397468566895	27.4477488994598	1.94696282935396
1037	mut_M3	mut	52.0974578857422	25.4768669605255	2.04489264580544
1038	ctrl_M1	ctrl	54.002872467041	24.7286972999573	2.18381388279335
1038	ctrl_M2	ctrl	88.2812194824219	33.2175712585449	2.65766629339923
1038	ctrl_M3	ctrl	69.471321105957	31.2806735038757	2.22090234397765
1038	mut_M1	mut	78.5682373046875	35.7119112014771	2.20005691830455
1038	mut_M2	mut	92.0035934448242	34.0634074211121	2.70095097379488
1038	mut_M3	mut	69.5038375854492	37.3565812110901	1.86055134951202
1039	ctrl_M1	ctrl	51.5193710327148	15.2356411218643	3.38150331979011
1039	ctrl_M2	ctrl	68.0316848754883	22.9887301921844	2.95934939889012
1039	ctrl_M3	ctrl	73.178596496582	15.0477236509323	4.86310077152753
1039	mut_M1	mut	71.1992492675781	22.1272211074829	3.21772214060356
1039	mut_M2	mut	78.4076385498047	22.6137881278992	3.46724918913834
1039	mut_M3	mut	80.8042068481445	20.5100963115692	3.93972829871915
1040	ctrl_M1	ctrl	50.3687744140625	21.155707359314	2.38085985774838
1040	ctrl_M2	ctrl	54.6784591674805	27.6688623428345	1.97617301680063
1040	ctrl_M3	ctrl	39.9697456359863	28.1587376594543	1.41944380175602
1040	mut_M1	mut	61.3636856079102	32.5169095993042	1.88713153753157
1040	mut_M2	mut	54.1924514770508	29.8014187812805	1.81845206346656
1040	mut_M3	mut	74.2801132202148	32.6436109542847	2.27548702636603
1041	ctrl_M1	ctrl	48.866870880127	28.0245208740234	1.74371833508928
1041	ctrl_M2	ctrl	65.683967590332	43.489239692688	1.51034987170345
1041	ctrl_M3	ctrl	61.9280433654785	39.2284159660339	1.5786526639031
1041	mut_M1	mut	85.0894927978516	35.8316516876221	2.37470194060983
1041	mut_M2	mut	75.6070251464844	39.1101665496826	1.93318085338345
1041	mut_M3	mut	69.9862365722656	30.2121098041534	2.3164961674621
1042	ctrl_M1	ctrl	70.4779663085938	26.8398859500885	2.6258668326555
1042	ctrl_M2	ctrl	110.977294921875	39.5084872245789	2.80894822145542
1042	ctrl_M3	ctrl	96.8455581665039	32.5088589191437	2.97905129206101
1042	mut_M1	mut	124.70002746582	31.4142022132874	3.96954303086123
1042	mut_M2	mut	102.712028503418	34.0852398872375	3.01338728561732
1042	mut_M3	mut	108.734985351562	30.9811134338379	3.50971844778184
1043	ctrl_M1	ctrl	50.9601936340332	18.1503527164459	2.80766960456137
1043	ctrl_M2	ctrl	66.9600067138672	26.1037406921387	2.56514985739315
1043	ctrl_M3	ctrl	72.0188903808594	22.9651718139648	3.13600485832488
1043	mut_M1	mut	62.7933578491211	24.0128598213196	2.61498873171994
1043	mut_M2	mut	83.7789306640625	19.8720035552979	4.2159277211747
1043	mut_M3	mut	68.2373809814453	21.5829062461853	3.16164005917906
1044	ctrl_M1	ctrl	75.1285247802734	22.5766899585724	3.32770326022691
1044	ctrl_M2	ctrl	101.688041687012	34.6933727264404	2.9310509096025
1044	ctrl_M3	ctrl	88.2248382568359	37.6074552536011	2.34594012442222
1044	mut_M1	mut	120.991676330566	23.6611514091492	5.11351600090695
1044	mut_M2	mut	117.006736755371	34.2077260017395	3.42047690482031
1044	mut_M3	mut	116.312782287598	24.8446483612061	4.6816030799299
1045	ctrl_M1	ctrl	69.2592926025391	41.6692571640015	1.66211968526218
1045	ctrl_M2	ctrl	106.95418548584	63.8050751686096	1.67626454797217
1045	ctrl_M3	ctrl	102.044845581055	53.641900062561	1.90233465746073
1045	mut_M1	mut	137.520645141602	52.8061184883118	2.60425589076464
1045	mut_M2	mut	130.124298095703	49.2499651908875	2.64211959523942
1045	mut_M3	mut	92.9169616699219	46.1469826698303	2.01350026143028
1046	ctrl_M1	ctrl	63.9525718688965	32.9554290771484	1.94057773361664
1046	ctrl_M2	ctrl	84.2562561035156	52.8591313362122	1.59397731240798
1046	ctrl_M3	ctrl	93.7260971069336	48.7921802997589	1.92092455248196
1046	mut_M1	mut	86.1959991455078	56.212482213974	1.53339606704079
1046	mut_M2	mut	100.022384643555	49.3294587135315	2.02764001981878
1046	mut_M3	mut	103.137786865234	47.3129694461823	2.17990517341238
1047	ctrl_M1	ctrl	109.539810180664	42.4204981327057	2.58223771531363
1047	ctrl_M2	ctrl	164.591247558594	54.7832226753235	3.00440973569691
1047	ctrl_M3	ctrl	179.277816772461	52.0293593406677	3.44570486825756
1047	mut_M1	mut	191.907531738281	50.2012913227081	3.8227608629556
1047	mut_M2	mut	196.747604370117	44.923490524292	4.3796152541559
1047	mut_M3	mut	171.402282714844	48.8044283390045	3.51202316159206
1048	ctrl_M1	ctrl	85.6359024047852	29.8036589622498	2.87333520066292
1048	ctrl_M2	ctrl	124.658493041992	40.0764436721802	3.1105178408963
1048	ctrl_M3	ctrl	137.404159545898	38.4501276016235	3.57356836288098
1048	mut_M1	mut	135.02668762207	36.5434355735779	3.69496423920522
1048	mut_M2	mut	147.342926025391	38.6258082389832	3.81462376434325
1048	mut_M3	mut	123.44563293457	38.966100692749	3.16802632903789
1049	ctrl_M1	ctrl	48.1482086181641	12.110880613327	3.97561582476347
1049	ctrl_M2	ctrl	66.2992095947266	18.6357514858246	3.55763542163339
1049	ctrl_M3	ctrl	52.6977272033691	18.81902551651	2.80023676874965
1049	mut_M1	mut	79.768196105957	20.1675145626068	3.95528144325021
1049	mut_M2	mut	60.5641288757324	24.4408288002014	2.47798998024295
1049	mut_M3	mut	67.5062026977539	22.6253080368042	2.98365894457405
1050	ctrl_M1	ctrl	56.9596290588379	15.0304747819901	3.78960943583024
1050	ctrl_M2	ctrl	60.504524230957	25.4445390701294	2.37789822264795
1050	ctrl_M3	ctrl	84.9200973510742	22.3655245304108	3.7969195506954
1050	mut_M1	mut	103.960655212402	23.5315017700195	4.4179354224155
1050	mut_M2	mut	85.4494705200195	22.4323620796204	3.80920521061176
1050	mut_M3	mut	79.7861022949219	19.2576787471771	4.14307992891497
1051	ctrl_M1	ctrl	35.5917930603027	27.1900606155396	1.30900013661468
1051	ctrl_M2	ctrl	55.1490516662598	41.1913342475891	1.3388508207764
1051	ctrl_M3	ctrl	60.087516784668	40.1518535614014	1.49650667291811
1051	mut_M1	mut	72.5693817138672	32.6738348007202	2.22102431981041
1051	mut_M2	mut	74.0175476074219	32.7342329025269	2.26116640117472
1051	mut_M3	mut	60.5241546630859	36.9293451309204	1.63891762630824
1052	ctrl_M1	ctrl	65.3471069335938	18.1131613254547	3.60771406820964
1052	ctrl_M2	ctrl	76.4391784667969	32.785240650177	2.33151189226925
1052	ctrl_M3	ctrl	69.7560806274414	29.9276065826416	2.33082723921868
1052	mut_M1	mut	83.4851303100586	33.4584736824036	2.49518645418559
1052	mut_M2	mut	82.0346069335938	32.6004166603088	2.51636682403116
1052	mut_M3	mut	100.25732421875	28.1879239082336	3.55674736972967
1053	ctrl_M1	ctrl	46.6478385925293	28.9994165897369	1.6085785190947
1053	ctrl_M2	ctrl	70.1803359985352	35.072958946228	2.00098132883889
1053	ctrl_M3	ctrl	63.6306648254395	35.5370278358459	1.79054548735378
1053	mut_M1	mut	80.6421432495117	33.6710815429688	2.39499711782651
1053	mut_M2	mut	68.6057815551758	32.4997706413269	2.11096202223459
1053	mut_M3	mut	61.3263282775879	34.3228917121887	1.78674713051085
1054	ctrl_M1	ctrl	61.4758148193359	19.6490998268127	3.12868352042506
1054	ctrl_M2	ctrl	69.5786819458008	26.3467812538147	2.64087978244882
1054	ctrl_M3	ctrl	73.9379196166992	21.1706604957581	3.49247108428734
1054	mut_M1	mut	82.9426956176758	22.0140283107758	3.7677200395475
1054	mut_M2	mut	72.7384872436523	24.2462391853333	2.99999050111048
1054	mut_M3	mut	116.249282836914	22.1916329860687	5.23842850636057
1055	ctrl_M1	ctrl	42.639720916748	17.9493997097015	2.375551361403
1055	ctrl_M2	ctrl	70.7176666259766	25.8467752933502	2.73603441138634
1055	ctrl_M3	ctrl	70.4023132324219	28.9421534538269	2.43251813811086
1055	mut_M1	mut	96.9031066894531	28.9581637382507	3.34631392947938
1055	mut_M2	mut	94.1136703491211	24.391524553299	3.85845788947998
1055	mut_M3	mut	77.0132598876953	23.6835405826569	3.25176295406148
1056	ctrl_M1	ctrl	306.561492919922	45.3945095539093	6.75327249776446
1056	ctrl_M2	ctrl	455.306182861328	63.0944628715515	7.21626212728439
1056	ctrl_M3	ctrl	430.394165039062	66.6936831474304	6.4532972948525
1056	mut_M1	mut	496.315185546875	69.1888370513916	7.17334192477069
1056	mut_M2	mut	470.246276855469	68.3954644203186	6.87540147348967
1056	mut_M3	mut	391.33740234375	59.0347228050232	6.62893605236767
1057	ctrl_M1	ctrl	113.585327148438	32.1249577999115	3.53573467258377
1057	ctrl_M2	ctrl	138.182113647461	44.1750907897949	3.12805500061095
1057	ctrl_M3	ctrl	139.935317993164	46.0544490814209	3.03847556065145
1057	mut_M1	mut	167.368072509766	52.1826996803284	3.20734790524568
1057	mut_M2	mut	140.962417602539	48.1753571033478	2.92602745632255
1057	mut_M3	mut	126.545280456543	45.240067243576	2.797194791405
1058	ctrl_M1	ctrl	81.1684646606445	28.7853970527649	2.8197792273582
1058	ctrl_M2	ctrl	133.974182128906	44.8992376327515	2.98388545535525
1058	ctrl_M3	ctrl	121.712677001953	34.7280742526054	3.50473441506253
1058	mut_M1	mut	125.58171081543	38.164130449295	3.29056916368834
1058	mut_M2	mut	140.332122802734	41.3942666053772	3.39013429421419
1058	mut_M3	mut	122.26106262207	34.3074206113815	3.56369148258001
1059	ctrl_M1	ctrl	71.6937484741211	31.5731443166733	2.27071930989974
1059	ctrl_M2	ctrl	95.2053070068359	48.645788192749	1.95711305220514
1059	ctrl_M3	ctrl	99.5914077758789	48.4955899715424	2.05361782038985
1059	mut_M1	mut	136.673217773438	52.4111952781677	2.60771037653419
1059	mut_M2	mut	112.343528747559	49.6946702003479	2.26067560755785
1059	mut_M3	mut	108.381080627441	38.8201744556427	2.79187515633866
1060	ctrl_M1	ctrl	46.8014106750488	14.7418442964554	3.17473239669897
1060	ctrl_M2	ctrl	52.1536407470703	28.9038331508636	1.80438492274897
1060	ctrl_M3	ctrl	60.0792007446289	24.0450541973114	2.49860949580836
1060	mut_M1	mut	60.5877075195312	30.8022513389587	1.96698958309258
1060	mut_M2	mut	60.5314521789551	26.1659421920776	2.31336795497784
1060	mut_M3	mut	64.9791717529297	27.7930111885071	2.33796803492094
1061	ctrl_M1	ctrl	44.4658203125	24.3798706531525	1.82387433244033
1061	ctrl_M2	ctrl	65.9168167114258	32.6132082939148	2.02116934088098
1061	ctrl_M3	ctrl	50.7982711791992	28.3956732749939	1.78894406507817
1061	mut_M1	mut	66.0948944091797	21.5526394844055	3.0666728526222
1061	mut_M2	mut	63.0447807312012	23.5398850440979	2.67821107083139
1061	mut_M3	mut	82.0025024414062	27.2437415122986	3.00995743937697
1062	ctrl_M1	ctrl	35.2138824462891	10.1914055347443	3.45525279376224
1062	ctrl_M2	ctrl	46.6003074645996	20.1935873031616	2.3076785102617
1062	ctrl_M3	ctrl	49.4225845336914	19.9582438468933	2.47629926324327
1062	mut_M1	mut	46.6811065673828	16.5847837924957	2.81469491260447
1062	mut_M2	mut	52.701976776123	15.3936634063721	3.42361498915895
1062	mut_M3	mut	62.0204467773438	16.9521853923798	3.65855170538795
1063	ctrl_M1	ctrl	33.3785285949707	12.5969309806824	2.649734974825
1063	ctrl_M2	ctrl	32.3947448730469	15.9929316043854	2.02556639860599
1063	ctrl_M3	ctrl	28.2693367004395	11.1997668743134	2.52410045831178
1063	mut_M1	mut	42.9577522277832	15.28249168396	2.81091284825434
1063	mut_M2	mut	40.4677047729492	14.1420977115631	2.8615065175134
1063	mut_M3	mut	37.9172859191895	14.8947741985321	2.54567712231087
1064	ctrl_M1	ctrl	24.6556148529053	7.58372044563293	3.25112390806852
1064	ctrl_M2	ctrl	34.3644065856934	12.4668744802475	2.75645725319047
1064	ctrl_M3	ctrl	32.9401893615723	12.6700508594513	2.59984665625871
1064	mut_M1	mut	41.3903541564941	14.0126404762268	2.953786920225
1064	mut_M2	mut	39.5910758972168	11.4405994415283	3.46057705276394
1064	mut_M3	mut	38.5859298706055	9.16379380226135	4.2106938134164
1065	ctrl_M1	ctrl	45.335506439209	25.9975776672363	1.7438357919147
1065	ctrl_M2	ctrl	81.1827774047852	37.9678120613098	2.13820004359726
1065	ctrl_M3	ctrl	59.8992614746094	32.2967171669006	1.85465479866162
1065	mut_M1	mut	90.5811920166016	39.321834564209	2.30358509516362
1065	mut_M2	mut	71.2971496582031	28.9625463485718	2.4617017026101
1065	mut_M3	mut	70.5959854125977	30.3548219203949	2.32569262299527
1066	ctrl_M1	ctrl	51.137638092041	22.8424065113068	2.23871499995976
1066	ctrl_M2	ctrl	77.7906112670898	30.2382497787476	2.57258974432322
1066	ctrl_M3	ctrl	65.9905853271484	25.0541436672211	2.63391901170765
1066	mut_M1	mut	98.6917114257812	34.2606477737427	2.88061428603281
1066	mut_M2	mut	89.9119567871094	32.660279750824	2.75294509027716
1066	mut_M3	mut	78.1132125854492	29.9062347412109	2.61193738567861
1067	ctrl_M1	ctrl	31.9251003265381	37.4843215942383	0.851692093353646
1067	ctrl_M2	ctrl	52.3690452575684	56.1623783111572	0.932457756105473
1067	ctrl_M3	ctrl	35.1128082275391	61.2436618804932	0.573329666277237
1067	mut_M1	mut	66.476692199707	51.5559315681458	1.28940919459169
1067	mut_M2	mut	63.767520904541	50.078688621521	1.27334646053685
1067	mut_M3	mut	45.8875999450684	53.5168931484222	0.857441402994097
1068	ctrl_M1	ctrl	75.9360275268555	35.8119349479675	2.12041118797925
1068	ctrl_M2	ctrl	115.68000793457	52.4177374839783	2.20688670452303
1068	ctrl_M3	ctrl	102.158905029297	51.5961046218872	1.97997321266693
1068	mut_M1	mut	134.138717651367	51.6906418800354	2.59502905695539
1068	mut_M2	mut	130.792282104492	46.2723069190979	2.82657794289721
1068	mut_M3	mut	89.1061477661133	41.8731544017792	2.1280017958792
1069	ctrl_M1	ctrl	57.6684875488281	26.3032219409943	2.19244956675632
1069	ctrl_M2	ctrl	57.3430442810059	42.0935814380646	1.36227525247237
1069	ctrl_M3	ctrl	75.5169982910156	37.4034383296967	2.01898546399299
1069	mut_M1	mut	69.3823089599609	42.4728696346283	1.63356772350963
1069	mut_M2	mut	88.1591262817383	33.7732217311859	2.6103262218639
1069	mut_M3	mut	85.9227828979492	32.6427421569824	2.63221706328278
1070	ctrl_M1	ctrl	35.5077323913574	24.7719135284424	1.43338674061608
1070	ctrl_M2	ctrl	53.1938743591309	35.5052995681763	1.49819534002211
1070	ctrl_M3	ctrl	60.436351776123	27.1344938278198	2.22728871080544
1070	mut_M1	mut	71.9927215576172	37.4203968048096	1.92388984898108
1070	mut_M2	mut	65.4584732055664	35.1523442268372	1.86213678334408
1070	mut_M3	mut	57.6826667785645	27.2379870414734	2.11772869598385
1071	ctrl_M1	ctrl	45.7347946166992	10.9649224281311	4.17100940900084
1071	ctrl_M2	ctrl	59.8824462890625	18.0281629562378	3.32160555872627
1071	ctrl_M3	ctrl	51.1107444763184	17.4846050739288	2.92318552579316
1071	mut_M1	mut	69.2685928344727	19.0646777153015	3.63334717055704
1071	mut_M2	mut	59.4322242736816	19.0043699741364	3.1272925308529
1071	mut_M3	mut	50.634593963623	13.9690101146698	3.62478039230913
1072	ctrl_M1	ctrl	42.1295509338379	15.2225675582886	2.76757194688216
1072	ctrl_M2	ctrl	73.0341949462891	22.0207557678223	3.31660710087934
1072	ctrl_M3	ctrl	87.7237930297852	22.6219005584717	3.87782595025746
1072	mut_M1	mut	90.3310394287109	24.1742930412292	3.73665692207219
1072	mut_M2	mut	86.3684768676758	17.1343989372253	5.04064818288058
1072	mut_M3	mut	100.754997253418	23.0533766746521	4.37050930435719
1073	ctrl_M1	ctrl	34.724967956543	11.1709518432617	3.10850574273033
1073	ctrl_M2	ctrl	38.3616065979004	15.5504608154297	2.4669112416165
1073	ctrl_M3	ctrl	44.5371704101562	14.2067799568176	3.1349236452968
1073	mut_M1	mut	37.497314453125	17.0220725536346	2.202864212626
1073	mut_M2	mut	40.9716987609863	15.1448750495911	2.7053177148591
1073	mut_M3	mut	46.9184608459473	14.3669326305389	3.26572568080506
1074	ctrl_M1	ctrl	90.676139831543	28.0911555290222	3.22792487969608
1074	ctrl_M2	ctrl	131.300216674805	30.9851279258728	4.23752378847428
1074	ctrl_M3	ctrl	123.457870483398	31.3826155662537	3.93395732815066
1074	mut_M1	mut	139.353256225586	30.1828308105469	4.61697105550787
1074	mut_M2	mut	134.767074584961	30.2327265739441	4.45765532444927
1074	mut_M3	mut	135.017883300781	31.6661081314087	4.26379783522753
1075	ctrl_M1	ctrl	56.8194122314453	15.545081615448	3.65513759509508
1075	ctrl_M2	ctrl	95.2783126831055	29.2638077735901	3.25584125689521
1075	ctrl_M3	ctrl	72.3833770751953	21.3020060062408	3.39796059835816
1075	mut_M1	mut	75.2899627685547	24.5290336608887	3.06942229398151
1075	mut_M2	mut	89.9789581298828	23.0466778278351	3.90420514410146
1075	mut_M3	mut	66.766975402832	24.2378346920013	2.75465924457623
1076	ctrl_M1	ctrl	49.15771484375	12.1752407550812	4.03751480834042
1076	ctrl_M2	ctrl	61.357738494873	16.1403872966766	3.80150348111577
1076	ctrl_M3	ctrl	83.3349533081055	16.5479481220245	5.03596897292605
1076	mut_M1	mut	68.7107315063477	15.5791535377502	4.41042777708384
1076	mut_M2	mut	90.0053787231445	14.125581741333	6.37179978646677
1076	mut_M3	mut	91.1963958740234	14.9592318534851	6.09632879329811
1077	ctrl_M1	ctrl	79.8920974731445	21.2011132240295	3.76829728839871
1077	ctrl_M2	ctrl	108.201919555664	34.1769425868988	3.1659332686225
1077	ctrl_M3	ctrl	112.685363769531	32.2859036922455	3.49023415431287
1077	mut_M1	mut	144.784729003906	42.9796557426453	3.36868051877503
1077	mut_M2	mut	117.705253601074	34.6593906879425	3.39605663183289
1077	mut_M3	mut	129.759658813477	31.990781545639	4.05615782247637
1078	ctrl_M1	ctrl	29.317892074585	12.9128639698029	2.27044071269904
1078	ctrl_M2	ctrl	39.5307540893555	20.2363405227661	1.95345369113961
1078	ctrl_M3	ctrl	36.9085807800293	18.2758951187134	2.0195224660836
1078	mut_M1	mut	36.592041015625	17.3484468460083	2.10924017235839
1078	mut_M2	mut	46.561466217041	13.0658136606216	3.5636101529115
1078	mut_M3	mut	34.0805244445801	15.9447051286697	2.13741954896995
1079	ctrl_M1	ctrl	36.731746673584	14.5240421295166	2.5290305788177
1079	ctrl_M2	ctrl	48.2895431518555	22.6974763870239	2.1275291723384
1079	ctrl_M3	ctrl	49.4135360717773	20.5477290153503	2.40481739051856
1079	mut_M1	mut	57.9228057861328	30.2129721641541	1.91715020526365
1079	mut_M2	mut	52.8738632202148	19.4433078765869	2.71938620505434
1079	mut_M3	mut	48.4199409484863	24.5029182434082	1.97608874451158
1080	ctrl_M1	ctrl	39.2963523864746	19.2356040477753	2.04289671844329
1080	ctrl_M2	ctrl	61.2396240234375	27.0950202941895	2.26018003893396
1080	ctrl_M3	ctrl	46.9022064208984	29.9365906715393	1.56671836601248
1080	mut_M1	mut	70.7678909301758	28.6406667232513	2.47088839146067
1080	mut_M2	mut	57.5966911315918	27.4467403888702	2.09848930384999
1080	mut_M3	mut	60.5708541870117	25.1917543411255	2.40439206284772
1081	ctrl_M1	ctrl	26.4937114715576	21.3976259231567	1.23816125988472
1081	ctrl_M2	ctrl	37.5811958312988	24.7218494415283	1.52016118050493
1081	ctrl_M3	ctrl	44.2821197509766	22.6621255874634	1.95401440081478
1081	mut_M1	mut	43.3795623779297	25.999095916748	1.66850272474227
1081	mut_M2	mut	45.5488357543945	27.0001058578491	1.68698730272397
1081	mut_M3	mut	43.2843170166016	20.563871383667	2.10487199657261
1082	ctrl_M1	ctrl	35.2199249267578	14.7043197154999	2.39520940840482
1082	ctrl_M2	ctrl	42.3476486206055	20.9490656852722	2.02145762760088
1082	ctrl_M3	ctrl	48.6050338745117	15.1922085285187	3.19933956825769
1082	mut_M1	mut	49.8822174072266	15.9271914958954	3.13189035368111
1082	mut_M2	mut	59.755485534668	13.0929266214371	4.56395176284195
1082	mut_M3	mut	57.0598106384277	14.082857131958	4.05172118866013
1083	ctrl_M1	ctrl	87.3478012084961	35.9317269325256	2.4309380223367
1083	ctrl_M2	ctrl	145.443740844727	50.169557094574	2.8990437481948
1083	ctrl_M3	ctrl	127.482521057129	49.2912154197693	2.58631319945094
1083	mut_M1	mut	161.918350219727	59.9418563842773	2.70125685100066
1083	mut_M2	mut	140.020446777344	52.9185972213745	2.64595915480518
1083	mut_M3	mut	146.770645141602	46.6642737388611	3.1452465319175
1084	ctrl_M1	ctrl	58.1137275695801	27.2937183380127	2.12919789271231
1084	ctrl_M2	ctrl	86.8052825927734	42.8399362564087	2.02627011565144
1084	ctrl_M3	ctrl	96.1731185913086	38.8218822479248	2.47729149187375
1084	mut_M1	mut	91.6744003295898	42.2287445068359	2.17090044708172
1084	mut_M2	mut	101.717483520508	31.7775049209595	3.20092731551803
1084	mut_M3	mut	103.40007019043	36.0329151153564	2.86960047110823
1085	ctrl_M1	ctrl	114.804374694824	12.8306217193604	8.94768602846375
1085	ctrl_M2	ctrl	121.815643310547	24.1378388404846	5.04666735558092
1085	ctrl_M3	ctrl	148.738540649414	26.7848563194275	5.55308338695592
1085	mut_M1	mut	156.799774169922	26.9631838798523	5.81532859281828
1085	mut_M2	mut	121.897453308105	32.791567325592	3.71734147678178
1085	mut_M3	mut	152.525192260742	34.149257183075	4.4664278184164
1086	ctrl_M1	ctrl	49.3571815490723	37.5053362846375	1.31600423935645
1086	ctrl_M2	ctrl	76.3744049072266	56.4443531036377	1.35309204034982
1086	ctrl_M3	ctrl	72.7715835571289	50.5439720153809	1.43976780327007
1086	mut_M1	mut	79.5573120117188	60.599750995636	1.31283232529203
1086	mut_M2	mut	64.2049789428711	57.5854377746582	1.11495165139
1086	mut_M3	mut	80.8856735229492	52.5949192047119	1.53789899758421
1087	ctrl_M1	ctrl	103.130149841309	29.9121417999268	3.44776882013715
1087	ctrl_M2	ctrl	115.919174194336	44.7315564155579	2.59144066254799
1087	ctrl_M3	ctrl	121.19507598877	39.9023394584656	3.03729249045464
1087	mut_M1	mut	126.906158447266	47.3237309455872	2.68166004479195
1087	mut_M2	mut	139.959686279297	46.1015100479126	3.03590242779117
1087	mut_M3	mut	160.00341796875	43.5012402534485	3.6781346241287
1088	ctrl_M1	ctrl	53.5564651489258	8.42340847849846	6.35805152814727
1088	ctrl_M2	ctrl	47.0618438720703	13.3055700361729	3.53700320573465
1088	ctrl_M3	ctrl	61.5654373168945	14.0942784547806	4.36811558068887
1088	mut_M1	mut	60.5023803710938	11.8550535440445	5.10350966752805
1088	mut_M2	mut	68.0995025634766	11.2803564071655	6.03699919625042
1088	mut_M3	mut	65.8373260498047	11.3670092821121	5.79196553955583
1089	ctrl_M1	ctrl	52.3689804077148	25.3927183151245	2.06236212121184
1089	ctrl_M2	ctrl	72.4589767456055	37.4933013916016	1.93258459661373
1089	ctrl_M3	ctrl	55.4616012573242	39.8411121368408	1.392069605558
1089	mut_M1	mut	59.1414985656738	31.2595453262329	1.89195005712519
1089	mut_M2	mut	77.8127975463867	26.1391754150391	2.97686504301958
1089	mut_M3	mut	60.237133026123	33.6698546409607	1.78905236355972
1090	ctrl_M1	ctrl	102.063865661621	17.1287055015564	5.95864443184846
1090	ctrl_M2	ctrl	141.514907836914	29.4945888519287	4.79799561022395
1090	ctrl_M3	ctrl	97.1349258422852	25.0304408073425	3.88067180238357
1090	mut_M1	mut	170.709915161133	23.388542175293	7.29886941570331
1090	mut_M2	mut	165.459045410156	23.552309513092	7.02517285271673
1090	mut_M3	mut	186.489807128906	24.5129899978638	7.60779517901155
1091	ctrl_M1	ctrl	151.366836547852	34.4097414016724	4.39895304009739
1091	ctrl_M2	ctrl	218.64582824707	54.3546743392944	4.02257636357515
1091	ctrl_M3	ctrl	237.539443969727	54.6487131118774	4.34666125592808
1091	mut_M1	mut	256.097106933594	50.8294472694397	5.038361042489
1091	mut_M2	mut	209.312591552734	44.3497333526611	4.71959075578467
1091	mut_M3	mut	265.079986572266	47.0981497764587	5.62824628632783
1092	ctrl_M1	ctrl	117.122711181641	29.9529153108597	3.91022743416154
1092	ctrl_M2	ctrl	140.598785400391	40.2438576221466	3.49367067939873
1092	ctrl_M3	ctrl	166.634536743164	44.2109768390656	3.76907611315032
1092	mut_M1	mut	191.714233398438	48.0571250915527	3.98929884035315
1092	mut_M2	mut	151.655090332031	36.3628756999969	4.17060222583122
1092	mut_M3	mut	172.84748840332	34.3519313335419	5.03166726566401
1093	ctrl_M1	ctrl	90.5873336791992	27.2985281944275	3.3183962532343
1093	ctrl_M2	ctrl	111.166145324707	35.8552422523499	3.10041540208591
1093	ctrl_M3	ctrl	120.885200500488	31.9899053573608	3.77885458397184
1093	mut_M1	mut	127.000038146973	42.9858775138855	2.9544595921288
1093	mut_M2	mut	112.984130859375	31.8883357048035	3.54311783171411
1093	mut_M3	mut	120.191940307617	30.0690846443176	3.997193187932
1094	ctrl_M1	ctrl	35.1886215209961	17.0688741207123	2.06156664300994
1094	ctrl_M2	ctrl	52.0304565429688	25.6999158859253	2.02453800914825
1094	ctrl_M3	ctrl	49.6761054992676	24.1255230903625	2.059068535559
1094	mut_M1	mut	57.5779800415039	23.1408264636993	2.4881557334102
1094	mut_M2	mut	51.4136199951172	26.7968208789825	1.91864625387119
1094	mut_M3	mut	41.5941009521484	25.2281088829041	1.64872052618795
1095	ctrl_M1	ctrl	53.5662994384766	17.2109363079071	3.11234080936474
1095	ctrl_M2	ctrl	76.2234878540039	23.7082662582397	3.21505955027448
1095	ctrl_M3	ctrl	71.5255355834961	24.3594963550568	2.93624853900759
1095	mut_M1	mut	83.3663101196289	22.2918622493744	3.73976427752098
1095	mut_M2	mut	89.7641143798828	20.9667780399323	4.28125457373196
1095	mut_M3	mut	71.9574127197266	18.3195657730103	3.92789947159881
1096	ctrl_M1	ctrl	65.103271484375	16.1619985103607	4.02816962534926
1096	ctrl_M2	ctrl	113.446479797363	24.3793547153473	4.65338320566567
1096	ctrl_M3	ctrl	99.8402633666992	23.1044342517853	4.32125981872872
1096	mut_M1	mut	115.45482635498	25.832747220993	4.46932048563367
1096	mut_M2	mut	102.968643188477	25.2661352157593	4.07536183548372
1096	mut_M3	mut	116.02449798584	22.4254841804504	5.17377894953033
1097	ctrl_M1	ctrl	44.8775291442871	6.4815114736557	6.92392959986157
1097	ctrl_M2	ctrl	65.8514556884766	14.7769610881805	4.45635982226064
1097	ctrl_M3	ctrl	59.1987953186035	13.4430350065231	4.40367783687819
1097	mut_M1	mut	56.8463821411133	13.8831520080566	4.09463082361443
1097	mut_M2	mut	59.2925643920898	14.7278172969818	4.02588945778413
1097	mut_M3	mut	65.3241348266602	10.4151241779327	6.27204570110331
1098	ctrl_M1	ctrl	43.7248306274414	18.0195772647858	2.42651811332386
1098	ctrl_M2	ctrl	61.5154113769531	24.1210403442383	2.55028019103028
1098	ctrl_M3	ctrl	69.3895645141602	21.7217080593109	3.19448011752541
1098	mut_M1	mut	90.4328918457031	23.468635559082	3.85335106585295
1098	mut_M2	mut	72.8545455932617	19.3484899997711	3.76538663193477
1098	mut_M3	mut	67.7587356567383	22.8893386125565	2.96027494737518
1099	ctrl_M1	ctrl	35.2361030578613	15.5801048278809	2.26160885611024
1099	ctrl_M2	ctrl	65.3858795166016	23.9191122055054	2.73362485007081
1099	ctrl_M3	ctrl	41.9035224914551	18.2405517101288	2.29727275563636
1099	mut_M1	mut	65.0746231079102	17.3563344478607	3.74932986589983
1099	mut_M2	mut	66.7695388793945	23.4639220237732	2.84562567211675
1099	mut_M3	mut	57.7981071472168	20.344197511673	2.84101189609734
1100	ctrl_M1	ctrl	63.4557342529297	33.3626446723938	1.90199952300055
1100	ctrl_M2	ctrl	92.8571243286133	48.3261122703552	1.92146895262615
1100	ctrl_M3	ctrl	93.8479843139648	44.669602394104	2.10093619114801
1100	mut_M1	mut	106.857360839844	37.1199786663055	2.87870210811409
1100	mut_M2	mut	129.43293762207	44.4425048828125	2.91236819264268
1100	mut_M3	mut	110.573204040527	44.996244430542	2.45738739843528
1101	ctrl_M1	ctrl	62.4259796142578	20.4492502212524	3.0527270652388
1101	ctrl_M2	ctrl	98.7389297485352	33.4534883499146	2.95152866319208
1101	ctrl_M3	ctrl	94.5217361450195	28.0540218353271	3.3692757744272
1101	mut_M1	mut	104.083068847656	26.8886299133301	3.87089521419077
1101	mut_M2	mut	114.400123596191	33.3474612236023	3.43054971498768
1101	mut_M3	mut	115.510925292969	36.9255194664001	3.1282139550691
1102	ctrl_M1	ctrl	59.8045234680176	16.3188290596008	3.66475580138716
1102	ctrl_M2	ctrl	75.6242828369141	28.859627366066	2.6204178549386
1102	ctrl_M3	ctrl	81.0203018188477	22.6796275377274	3.57238238079841
1102	mut_M1	mut	100.329345703125	26.4140436053276	3.79833346238926
1102	mut_M2	mut	93.343391418457	27.5301396846771	3.39058909571791
1102	mut_M3	mut	114.670562744141	23.4726927876472	4.8852751485116
1103	ctrl_M1	ctrl	63.6934814453125	23.4466915130615	2.71652319943863
1103	ctrl_M2	ctrl	75.2182693481445	33.5705604553223	2.2406021325813
1103	ctrl_M3	ctrl	59.1414680480957	28.9857749938965	2.04036180024681
1103	mut_M1	mut	79.5733642578125	30.4180750846863	2.61598947455663
1103	mut_M2	mut	89.9003677368164	35.3244190216064	2.54499211103311
1103	mut_M3	mut	97.4867401123047	30.6135377883911	3.18443235101277
1104	ctrl_M1	ctrl	50.2223663330078	11.9635545015335	4.19794688330882
1104	ctrl_M2	ctrl	74.1563491821289	23.1831655502319	3.19871542225117
1104	ctrl_M3	ctrl	67.4028930664062	16.3243024349213	4.1289907078796
1104	mut_M1	mut	82.0099029541016	22.2531251907349	3.68532070220171
1104	mut_M2	mut	86.7014770507812	22.1793603897095	3.90910628292996
1104	mut_M3	mut	94.2231979370117	20.8611681461334	4.51667889722061
1105	ctrl_M1	ctrl	52.9846801757812	4.11912673711777	12.8630856871512
1105	ctrl_M2	ctrl	51.5190963745117	5.21980381011963	9.86992964651884
1105	ctrl_M3	ctrl	56.5159111022949	6.10351502895355	9.25956777925467
1105	mut_M1	mut	88.6715850830078	6.55609291791916	13.5250653389384
1105	mut_M2	mut	63.5468368530273	6.87700670957565	9.24047911201595
1105	mut_M3	mut	56.7864151000977	6.09170949459076	9.32191778851604
1106	ctrl_M1	ctrl	56.1866340637207	18.8446795940399	2.9815648381462
1106	ctrl_M2	ctrl	97.5062255859375	35.1129503250122	2.7769305821186
1106	ctrl_M3	ctrl	80.2915573120117	30.5359477996826	2.62941100891082
1106	mut_M1	mut	104.042022705078	29.412766456604	3.53730829293406
1106	mut_M2	mut	91.1760635375977	29.0734741687775	3.13605670269408
1106	mut_M3	mut	89.5656356811523	33.9222385883331	2.640322083931
1107	ctrl_M1	ctrl	53.5836982727051	14.4486629962921	3.70855755210402
1107	ctrl_M2	ctrl	52.9450302124023	20.4727647304535	2.58612018989531
1107	ctrl_M3	ctrl	56.1049041748047	15.5247528553009	3.61389998911627
1107	mut_M1	mut	67.5552673339844	18.1178531646729	3.72865740327928
1107	mut_M2	mut	71.7933731079102	19.1883931159973	3.74150001377949
1107	mut_M3	mut	64.9844818115234	18.0773463249207	3.59480206018616
1108	ctrl_M1	ctrl	59.3598403930664	20.8656394481659	2.84486083163314
1108	ctrl_M2	ctrl	77.6894073486328	29.9782223701477	2.5915281563191
1108	ctrl_M3	ctrl	84.1376419067383	33.5614595413208	2.5069720762039
1108	mut_M1	mut	72.5537490844727	29.6658096313477	2.44570264510177
1108	mut_M2	mut	98.2417449951172	27.5584421157837	3.56485118361791
1108	mut_M3	mut	116.018936157227	27.9882349967957	4.14527519046876
1109	ctrl_M1	ctrl	56.9573173522949	18.5409252643585	3.07197815320386
1109	ctrl_M2	ctrl	91.3672103881836	25.6810722351074	3.55776462726037
1109	ctrl_M3	ctrl	67.9636459350586	29.8789610862732	2.27463216471345
1109	mut_M1	mut	86.3740539550781	32.1994466781616	2.682470131192
1109	mut_M2	mut	71.3063125610352	25.9742329120636	2.74527116171032
1109	mut_M3	mut	91.0636138916016	27.9385366439819	3.25942675709957
1110	ctrl_M1	ctrl	93.7136001586914	41.3904418945312	2.26413625632427
1110	ctrl_M2	ctrl	111.223075866699	53.4127063751221	2.08233365082776
1110	ctrl_M3	ctrl	150.547561645508	55.843189239502	2.69589834849573
1110	mut_M1	mut	160.645629882812	62.2788429260254	2.57945752257515
1110	mut_M2	mut	145.401382446289	56.1393709182739	2.59000733474481
1110	mut_M3	mut	119.515769958496	50.1213111877441	2.38452999584976
1111	ctrl_M1	ctrl	37.2245063781738	31.1592411994934	1.19465381521483
1111	ctrl_M2	ctrl	64.9672012329102	43.7905313968658	1.48359015432181
1111	ctrl_M3	ctrl	51.8558578491211	36.5785129070282	1.41765899507515
1111	mut_M1	mut	63.0013542175293	42.1624555587769	1.49425249033946
1111	mut_M2	mut	64.9137420654297	49.2161617279053	1.31895173833972
1111	mut_M3	mut	69.2423629760742	39.8701996803284	1.73669466246084
1112	ctrl_M1	ctrl	54.5484962463379	34.7052631378174	1.5717643756142
1112	ctrl_M2	ctrl	68.3310699462891	44.8421835899353	1.52381227843743
1112	ctrl_M3	ctrl	59.2701416015625	46.3906126022339	1.27763222507453
1112	mut_M1	mut	74.6999740600586	41.1369161605835	1.81588658149428
1112	mut_M2	mut	71.3224029541016	46.886549949646	1.52116978175401
1112	mut_M3	mut	61.2057342529297	46.2240190505981	1.32411104681166
1113	ctrl_M1	ctrl	40.6676063537598	16.7773153781891	2.42396387246965
1113	ctrl_M2	ctrl	77.7267303466797	24.5207705497742	3.16983229335734
1113	ctrl_M3	ctrl	64.8864974975586	20.0027474164963	3.24387926050832
1113	mut_M1	mut	69.1475067138672	20.6389424800873	3.35034155846801
1113	mut_M2	mut	72.6203460693359	19.4534525871277	3.73303123155571
1113	mut_M3	mut	65.7597274780273	21.203263759613	3.10139647478627
1114	ctrl_M1	ctrl	91.7461776733398	52.4483232498169	1.74926807929289
1114	ctrl_M2	ctrl	121.433769226074	85.6857795715332	1.41719862774543
1114	ctrl_M3	ctrl	129.903106689453	76.8847165107727	1.6895829572481
1114	mut_M1	mut	164.568359375	80.2916202545166	2.04963306075197
1114	mut_M2	mut	149.559371948242	83.5556049346924	1.78993823412731
1114	mut_M3	mut	130.034927368164	73.3703718185425	1.77230841476124
1115	ctrl_M1	ctrl	88.1974563598633	172.79812669754	0.510407479788487
1115	ctrl_M2	ctrl	116.003211975098	185.490921974182	0.625384847627442
1115	ctrl_M3	ctrl	106.094573974609	206.460738182068	0.513872879215658
1115	mut_M1	mut	135.125793457031	188.898054122925	0.715337138248648
1115	mut_M2	mut	129.83512878418	188.314801216125	0.689457907427947
1115	mut_M3	mut	125.71427154541	155.816141605377	0.806811606616447
1116	ctrl_M1	ctrl	50.9836692810059	15.697506070137	3.24788339327336
1116	ctrl_M2	ctrl	75.1407165527344	26.3068242073059	2.85632032056026
1116	ctrl_M3	ctrl	61.8660736083984	28.7454413175583	2.15220468960445
1116	mut_M1	mut	86.3692855834961	22.420040845871	3.85232507724902
1116	mut_M2	mut	78.2927856445312	26.0808863639832	3.00192196506983
1116	mut_M3	mut	94.5421371459961	25.9934847354889	3.63714746630019
1117	ctrl_M1	ctrl	23.1343021392822	5.71322292089462	4.04925599081292
1117	ctrl_M2	ctrl	31.0768661499023	8.83260369300842	3.51842641536172
1117	ctrl_M3	ctrl	25.4491939544678	6.7024542093277	3.79699631801297
1117	mut_M1	mut	52.7713737487793	10.9725855588913	4.80938366491183
1117	mut_M2	mut	38.0781440734863	5.35949605703354	7.10479934461645
1117	mut_M3	mut	41.5934181213379	5.21009945869446	7.98322919765534
1118	ctrl_M1	ctrl	61.3226890563965	36.5090174674988	1.67965870653702
1118	ctrl_M2	ctrl	81.2272262573242	48.523805141449	1.67396654117589
1118	ctrl_M3	ctrl	92.4928283691406	53.2327499389648	1.73751738309951
1118	mut_M1	mut	105.157615661621	49.8866167068481	2.10793239957653
1118	mut_M2	mut	99.2702102661133	55.9349479675293	1.77474394583759
1118	mut_M3	mut	107.092636108398	45.0009698867798	2.37978506636275
1119	ctrl_M1	ctrl	34.1998329162598	10.6200167089701	3.22031818343311
1119	ctrl_M2	ctrl	43.6469039916992	14.436203122139	3.02343376734312
1119	ctrl_M3	ctrl	38.4711723327637	11.892004609108	3.23504519190137
1119	mut_M1	mut	50.0709228515625	9.99468336999416	5.00975578695013
1119	mut_M2	mut	45.5400276184082	15.8545397520065	2.87236516043581
1119	mut_M3	mut	44.0210762023926	10.0017414689064	4.40134114036502
1120	ctrl_M1	ctrl	46.2528839111328	21.5570878982544	2.14559981985685
1120	ctrl_M2	ctrl	106.602119445801	40.6077480316162	2.62516698445831
1120	ctrl_M3	ctrl	84.5710525512695	35.135232925415	2.40701556556624
1120	mut_M1	mut	107.831550598145	34.7960591316223	3.09895871225682
1120	mut_M2	mut	99.7159423828125	33.7137174606323	2.95772610953542
1120	mut_M3	mut	91.9918975830078	36.0256900787354	2.55350827095765
1121	ctrl_M1	ctrl	38.0151824951172	10.7610597014427	3.5326616104565
1121	ctrl_M2	ctrl	64.3534545898438	21.2909580469131	3.02257204434133
1121	ctrl_M3	ctrl	56.2691078186035	17.5081865787506	3.21387412485633
1121	mut_M1	mut	60.7793273925781	19.5119369029999	3.11498175166985
1121	mut_M2	mut	57.9547386169434	17.7324628829956	3.26828478363931
1121	mut_M3	mut	57.6429672241211	16.1121561527252	3.57760728469425
1122	ctrl_M1	ctrl	46.5883407592773	17.4784924983978	2.66546675942149
1122	ctrl_M2	ctrl	62.8323364257812	22.8528604507446	2.74942983882501
1122	ctrl_M3	ctrl	59.1235694885254	20.5620748996735	2.87536981442784
1122	mut_M1	mut	70.6335906982422	20.3222770690918	3.47567304874851
1122	mut_M2	mut	79.4433822631836	22.74267578125	3.4931413975782
1122	mut_M3	mut	65.3047790527344	22.361713886261	2.9203834457813
1123	ctrl_M1	ctrl	115.214324951172	178.0812458992	0.646976184209688
1123	ctrl_M2	ctrl	157.955108642578	207.291417121887	0.761995411270215
1123	ctrl_M3	ctrl	147.019332885742	214.008580207825	0.686978684419901
1123	mut_M1	mut	214.161376953125	219.045701026917	0.977701803546506
1123	mut_M2	mut	157.842498779297	203.307698249817	0.77637246468329
1123	mut_M3	mut	172.337432861328	191.739864349365	0.898808567775534
1124	ctrl_M1	ctrl	74.6323623657227	23.6804890632629	3.1516394009575
1124	ctrl_M2	ctrl	98.7023391723633	28.3588900566101	3.48047257757033
1124	ctrl_M3	ctrl	76.2314987182617	23.9653906822205	3.18089947829712
1124	mut_M1	mut	100.620452880859	27.5790824890137	3.64843366058107
1124	mut_M2	mut	107.260078430176	29.2913556098938	3.66183388227844
1124	mut_M3	mut	108.193206787109	24.4331543445587	4.42813094295392
1125	ctrl_M1	ctrl	16.8301086425781	10.3955367803574	1.6189744693491
1125	ctrl_M2	ctrl	42.6320915222168	15.5313947200775	2.74489782087027
1125	ctrl_M3	ctrl	35.3766975402832	14.5613503456116	2.4294929179384
1125	mut_M1	mut	45.8034324645996	14.2392054796219	3.21671265508108
1125	mut_M2	mut	61.7220726013184	15.4777913093567	3.98778297030054
1125	mut_M3	mut	51.1491737365723	11.9925801753998	4.26506831628225
1126	ctrl_M1	ctrl	59.5236625671387	98.1919314861298	0.606197084284331
1126	ctrl_M2	ctrl	90.1210403442383	138.226727962494	0.65197984262994
1126	ctrl_M3	ctrl	84.8750610351562	130.185702800751	0.651953779940471
1126	mut_M1	mut	99.8825759887695	120.244913578033	0.830659468385333
1126	mut_M2	mut	100.62890625	119.477593421936	0.842240819955489
1126	mut_M3	mut	88.3546829223633	103.78141784668	0.851353592537087
1127	ctrl_M1	ctrl	88.3657836914062	14.3605728149414	6.15336065142655
1127	ctrl_M2	ctrl	97.8936157226562	32.3613963127136	3.0250121093878
1127	ctrl_M3	ctrl	149.105758666992	29.179057598114	5.11002653754759
1127	mut_M1	mut	159.206726074219	32.8729529380798	4.84309171658852
1127	mut_M2	mut	151.759994506836	35.3315343856812	4.29531287405225
1127	mut_M3	mut	154.834365844727	29.997838973999	5.16151733392966
1128	ctrl_M1	ctrl	27.6779308319092	8.85212773084641	3.12669808586943
1128	ctrl_M2	ctrl	43.2325096130371	11.5541664361954	3.74172467150932
1128	ctrl_M3	ctrl	33.4939117431641	10.888062953949	3.07620482034559
1128	mut_M1	mut	53.9195709228516	11.3448390960693	4.75278410440684
1128	mut_M2	mut	51.1174468994141	13.6208674907684	3.75287748258758
1128	mut_M3	mut	55.83349609375	12.5846999883652	4.43661717366082
1129	ctrl_M1	ctrl	45.6086578369141	24.2561159133911	1.88029517997706
1129	ctrl_M2	ctrl	72.3562316894531	33.0305695533752	2.19058383393996
1129	ctrl_M3	ctrl	57.7987899780273	29.0467619895935	1.98985312024572
1129	mut_M1	mut	88.1819534301758	29.6113619804382	2.97797694980833
1129	mut_M2	mut	89.1860046386719	32.982861995697	2.70401048430264
1129	mut_M3	mut	96.6647415161133	31.8777260780334	3.03236000207442
1130	ctrl_M1	ctrl	44.7375450134277	20.0106091499329	2.23569131145505
1130	ctrl_M2	ctrl	71.5443725585938	31.2948498725891	2.28613886469731
1130	ctrl_M3	ctrl	62.8222923278809	27.6936101913452	2.26847608144329
1130	mut_M1	mut	77.981330871582	30.9942727088928	2.51599163509998
1130	mut_M2	mut	79.5085830688477	30.3911991119385	2.61617130590989
1130	mut_M3	mut	73.5624923706055	30.2950839996338	2.42819899002408
1131	ctrl_M1	ctrl	45.8325843811035	25.3617503643036	1.80715383294729
1131	ctrl_M2	ctrl	73.0109481811523	41.9096531867981	1.74210337307567
1131	ctrl_M3	ctrl	58.1600112915039	41.8115067481995	1.39100491263708
1131	mut_M1	mut	85.4726791381836	34.8782143592834	2.4506036420822
1131	mut_M2	mut	86.0583648681641	35.2396106719971	2.44209181733525
1131	mut_M3	mut	93.0636672973633	38.9529340267181	2.38913113023861
1132	ctrl_M1	ctrl	47.1713218688965	35.6967015266418	1.32144763665883
1132	ctrl_M2	ctrl	58.6933212280273	50.3448495864868	1.16582573411405
1132	ctrl_M3	ctrl	70.3601684570312	54.6515522003174	1.28743220684998
1132	mut_M1	mut	78.0949096679688	60.7306528091431	1.28592244699552
1132	mut_M2	mut	74.4255981445312	52.6436367034912	1.41376247548634
1132	mut_M3	mut	56.881519317627	41.5737314224243	1.36820817789153
1133	ctrl_M1	ctrl	60.9238357543945	34.1006798744202	1.78658712901777
1133	ctrl_M2	ctrl	72.857666015625	47.5053968429565	1.53367134804658
1133	ctrl_M3	ctrl	76.6144943237305	47.6500334739685	1.6078581427563
1133	mut_M1	mut	88.0151748657227	51.0615782737732	1.72370650969341
1133	mut_M2	mut	89.0994110107422	46.1838250160217	1.92923411995071
1133	mut_M3	mut	88.5976333618164	47.9778323173523	1.84663685461615
1134	ctrl_M1	ctrl	53.9108695983887	15.2956753969193	3.52458248487981
1134	ctrl_M2	ctrl	67.7323608398438	24.5040814876556	2.76412567734747
1134	ctrl_M3	ctrl	67.2831192016602	21.6438930034637	3.10864220179302
1134	mut_M1	mut	80.2333602905273	29.4829216003418	2.72135039322552
1134	mut_M2	mut	76.9689636230469	25.5965416431427	3.00700636422369
1134	mut_M3	mut	65.643669128418	26.3254141807556	2.49354743966022
1135	ctrl_M1	ctrl	36.1479187011719	18.6121046543121	1.94217254698259
1135	ctrl_M2	ctrl	51.674732208252	25.1006436347961	2.05870148033244
1135	ctrl_M3	ctrl	54.0594329833984	22.3999412059784	2.41337387836404
1135	mut_M1	mut	60.692024230957	25.7838053703308	2.35388156865297
1135	mut_M2	mut	58.7231712341309	25.4638750553131	2.30613648184227
1135	mut_M3	mut	60.9068984985352	24.0222330093384	2.53543866945501
1136	ctrl_M1	ctrl	24.0942497253418	14.8238596916199	1.6253695209327
1136	ctrl_M2	ctrl	69.4503860473633	21.0077979564667	3.30593364384414
1136	ctrl_M3	ctrl	66.9829559326172	13.9287552833557	4.80896925604394
1136	mut_M1	mut	57.9716377258301	23.5689113140106	2.45966548702522
1136	mut_M2	mut	60.7171974182129	15.554899930954	3.90341292375573
1136	mut_M3	mut	52.7147331237793	25.2851758003235	2.08480785500827
1137	ctrl_M1	ctrl	51.5746383666992	20.8194403648376	2.47723461644073
1137	ctrl_M2	ctrl	77.1929550170898	31.9160346984863	2.41862611525331
1137	ctrl_M3	ctrl	77.0158004760742	37.3431038856506	2.06238347813579
1137	mut_M1	mut	98.2734146118164	31.1151337623596	3.15837994984611
1137	mut_M2	mut	89.631462097168	31.6398000717163	2.83287068483382
1137	mut_M3	mut	88.8673782348633	25.9676551818848	3.42223345205453
1138	ctrl_M1	ctrl	34.0583457946777	19.1618013381958	1.77740835496443
1138	ctrl_M2	ctrl	43.9371147155762	25.9838516712189	1.69093925225271
1138	ctrl_M3	ctrl	36.4731216430664	27.1900537014008	1.34141410839462
1138	mut_M1	mut	54.6938743591309	26.7724118232727	2.0429192080329
1138	mut_M2	mut	48.4522361755371	29.9823179244995	1.61602702958283
1138	mut_M3	mut	47.7608947753906	22.7497322559357	2.09940469795768
1139	ctrl_M1	ctrl	101.540328979492	55.0935645103455	1.84305244871976
1139	ctrl_M2	ctrl	141.472229003906	76.1420431137085	1.85800410940688
1139	ctrl_M3	ctrl	119.065086364746	78.3411512374878	1.51982814247656
1139	mut_M1	mut	165.812393188477	79.3611226081848	2.08934031852236
1139	mut_M2	mut	149.330810546875	74.3552613258362	2.00834221928808
1139	mut_M3	mut	151.610473632812	74.1429696083069	2.04483950985187
1140	ctrl_M1	ctrl	54.2463531494141	23.6908011436462	2.28976440351249
1140	ctrl_M2	ctrl	77.4332427978516	34.2946982383728	2.25787794543736
1140	ctrl_M3	ctrl	93.5747680664062	39.0636081695557	2.39544610575257
1140	mut_M1	mut	105.123268127441	40.9574799537659	2.56664394992338
1140	mut_M2	mut	105.835456848145	31.2113008499146	3.39093385940799
1140	mut_M3	mut	73.7406616210938	32.9843029975891	2.23562891798816
1141	ctrl_M1	ctrl	12.2131042480469	9.29513192176819	1.31392478889354
1141	ctrl_M2	ctrl	19.314151763916	16.0250489711761	1.20524759697495
1141	ctrl_M3	ctrl	15.7333812713623	14.9179469943047	1.0546612933649
1141	mut_M1	mut	28.7833976745605	19.9896619319916	1.43991418026412
1141	mut_M2	mut	29.7831916809082	15.0685822963715	1.97650920936869
1141	mut_M3	mut	29.4689521789551	16.2641458511353	1.81189669895257
1142	ctrl_M1	ctrl	44.8385848999023	18.8725996017456	2.3758563126489
1142	ctrl_M2	ctrl	53.3045234680176	24.9749348163605	2.13432082445713
1142	ctrl_M3	ctrl	66.9033050537109	31.4832620620728	2.12504361593165
1142	mut_M1	mut	62.5226860046387	34.955135345459	1.78865524011656
1142	mut_M2	mut	88.8817977905273	29.4290981292725	3.02020121038363
1142	mut_M3	mut	65.7041702270508	28.8699131011963	2.27587003801297
1143	ctrl_M1	ctrl	33.0434989929199	16.4159340262413	2.01289180013145
1143	ctrl_M2	ctrl	59.576587677002	26.8598594665527	2.21805284391714
1143	ctrl_M3	ctrl	63.7299194335938	32.1741862297058	1.98077797457246
1143	mut_M1	mut	74.5802688598633	25.7784674167633	2.89312268468547
1143	mut_M2	mut	77.0411834716797	18.3642157912254	4.19517960078048
1143	mut_M3	mut	67.8059921264648	24.0036699771881	2.82481771291241
1144	ctrl_M1	ctrl	50.795539855957	9.72245812416077	5.22455732976908
1144	ctrl_M2	ctrl	70.1800689697266	24.2534513473511	2.89361163343837
1144	ctrl_M3	ctrl	85.0597457885742	18.3147897720337	4.64432007395786
1144	mut_M1	mut	80.7316741943359	18.8375403881073	4.28568021785393
1144	mut_M2	mut	113.908622741699	21.3389492034912	5.33806147882216
1144	mut_M3	mut	137.669082641602	24.4263501167297	5.63608897701467
1145	ctrl_M1	ctrl	33.6044120788574	5.33272540569305	6.3015455554832
1145	ctrl_M2	ctrl	57.6611328125	10.5236380398273	5.4792014505134
1145	ctrl_M3	ctrl	52.7286338806152	11.2880499362946	4.67119069973959
1145	mut_M1	mut	62.8144760131836	10.3153132796288	6.08943948772095
1145	mut_M2	mut	53.285083770752	10.3647817373276	5.14097499794442
1145	mut_M3	mut	47.7189331054688	8.25240129232407	5.78243003643731
1146	ctrl_M1	ctrl	66.1895599365234	38.1664891242981	1.73423234505437
1146	ctrl_M2	ctrl	74.754753112793	47.9573788642883	1.55877478884609
1146	ctrl_M3	ctrl	78.8559417724609	52.3283052444458	1.50694621971979
1146	mut_M1	mut	79.6854019165039	50.8241996765137	1.56786338837967
1146	mut_M2	mut	94.3220520019531	50.6283626556396	1.86302789690249
1146	mut_M3	mut	76.5509567260742	45.8811182975769	1.66846318412681
1147	ctrl_M1	ctrl	50.5531044006348	24.6517469882965	2.05069054232282
1147	ctrl_M2	ctrl	65.369140625	35.2799620628357	1.85286879018106
1147	ctrl_M3	ctrl	69.4867782592773	27.0929200649261	2.5647578073075
1147	mut_M1	mut	77.0754776000977	34.7432568073273	2.21842983884696
1147	mut_M2	mut	74.3430786132812	32.0672507286072	2.31834899856132
1147	mut_M3	mut	65.5161819458008	32.2666010856628	2.03046431112671
1148	ctrl_M1	ctrl	41.2370071411133	17.457802772522	2.36209605976412
1148	ctrl_M2	ctrl	41.8405914306641	22.8139209747314	1.83399387930757
1148	ctrl_M3	ctrl	44.5610237121582	24.2168281078339	1.84008506455654
1148	mut_M1	mut	51.0197982788086	23.4498791694641	2.17569557225034
1148	mut_M2	mut	45.8441772460938	24.4157385826111	1.87764859502321
1148	mut_M3	mut	46.6955337524414	24.0954489707947	1.93793997401914
1149	ctrl_M1	ctrl	41.1273651123047	22.7451900243759	1.80817856734671
1149	ctrl_M2	ctrl	56.4307136535645	30.9865342378616	1.82113666602357
1149	ctrl_M3	ctrl	59.2680206298828	25.3389041423798	2.3390127803813
1149	mut_M1	mut	71.9329376220703	36.7195858955383	1.9589800883569
1149	mut_M2	mut	83.3567886352539	34.7995219230652	2.39534292509935
1149	mut_M3	mut	68.4361953735352	34.4157667160034	1.988512879526
1150	ctrl_M1	ctrl	27.8260746002197	12.3485379219055	2.2533902212713
1150	ctrl_M2	ctrl	34.7510147094727	17.8273051977158	1.94931394981252
1150	ctrl_M3	ctrl	35.9462203979492	11.1410182714462	3.22647531151414
1150	mut_M1	mut	46.4230651855469	15.8784482479095	2.923652516968
1150	mut_M2	mut	39.0907897949219	20.5440034866333	1.9027834482386
1150	mut_M3	mut	47.407154083252	15.3970911502838	3.07896820383362
1151	ctrl_M1	ctrl	32.3202209472656	12.4366410970688	2.59879019543977
1151	ctrl_M2	ctrl	50.4410285949707	13.1338872909546	3.84052546497105
1151	ctrl_M3	ctrl	39.0513381958008	13.622127532959	2.86675764129468
1151	mut_M1	mut	53.5883750915527	14.3408081531525	3.73677511889542
1151	mut_M2	mut	73.2448272705078	14.4147329330444	5.08124761039456
1151	mut_M3	mut	56.6089172363281	14.7544760704041	3.83672839118156
1152	ctrl_M1	ctrl	56.3357963562012	30.1170406341553	1.87056215252144
1152	ctrl_M2	ctrl	76.1697158813477	46.6887626647949	1.63143573600811
1152	ctrl_M3	ctrl	77.1556930541992	43.7810945510864	1.76230616994213
1152	mut_M1	mut	83.4961242675781	35.2079477310181	2.37151352602181
1152	mut_M2	mut	78.9678726196289	41.6588430404663	1.89558487121022
1152	mut_M3	mut	62.7095375061035	38.105450630188	1.64568418609446
1153	ctrl_M1	ctrl	41.9578857421875	24.8871719837189	1.68592420905181
1153	ctrl_M2	ctrl	41.2600288391113	32.887815952301	1.25456883178114
1153	ctrl_M3	ctrl	38.0984039306641	33.9130911827087	1.12341289460777
1153	mut_M1	mut	65.9589385986328	25.0491704940796	2.63317855632075
1153	mut_M2	mut	66.4242401123047	27.8961620330811	2.38112468781672
1153	mut_M3	mut	41.413444519043	25.6384267807007	1.61528805465618
1154	ctrl_M1	ctrl	30.5964202880859	11.1464475989342	2.74494811163079
1154	ctrl_M2	ctrl	55.0137939453125	20.3844873905182	2.69880683734545
1154	ctrl_M3	ctrl	45.2394828796387	18.1955094337463	2.48629932810428
1154	mut_M1	mut	68.1227951049805	23.2216248512268	2.93359295662644
1154	mut_M2	mut	55.3920860290527	22.3475856781006	2.47866086417263
1154	mut_M3	mut	46.4796333312988	16.3399901390076	2.84453252027004
1155	ctrl_M1	ctrl	31.8613796234131	36.4288234710693	0.874620055976181
1155	ctrl_M2	ctrl	39.019645690918	47.1068668365479	0.828321820389986
1155	ctrl_M3	ctrl	40.488109588623	46.097339630127	0.878317705826173
1155	mut_M1	mut	64.4391860961914	51.7488069534302	1.2452303712853
1155	mut_M2	mut	66.0870666503906	45.1604380607605	1.46338409210014
1155	mut_M3	mut	59.2293510437012	43.7976641654968	1.35234040838098
1156	ctrl_M1	ctrl	54.3046073913574	16.0587064027786	3.38163025273076
1156	ctrl_M2	ctrl	62.6792182922363	27.3316929340363	2.29327976292978
1156	ctrl_M3	ctrl	78.2124328613281	28.5666091442108	2.7378969784791
1156	mut_M1	mut	119.659530639648	26.4994440078735	4.51554872638441
1156	mut_M2	mut	94.4185028076172	29.6484618186951	3.18460038112604
1156	mut_M3	mut	86.4700317382812	30.8379902839661	2.80400995467077
1157	ctrl_M1	ctrl	41.9894104003906	28.6612901687622	1.46502164254122
1157	ctrl_M2	ctrl	65.9526901245117	34.9771542549133	1.88559336885582
1157	ctrl_M3	ctrl	63.1870574951172	36.8641185760498	1.71405312091658
1157	mut_M1	mut	74.4519729614258	37.5324702262878	1.98366834137337
1157	mut_M2	mut	71.9331970214844	37.3251276016235	1.92720565591196
1157	mut_M3	mut	76.5294876098633	34.6480302810669	2.20876878105484
1158	ctrl_M1	ctrl	18.3370018005371	7.48426052927971	2.45007529184742
1158	ctrl_M2	ctrl	29.8950214385986	11.7497301101685	2.544315584979
1158	ctrl_M3	ctrl	26.5476608276367	10.3510805368423	2.56472362794843
1158	mut_M1	mut	34.9417572021484	8.3613942861557	4.17893906283105
1158	mut_M2	mut	35.7319831848145	9.92878043651581	3.59882902167927
1158	mut_M3	mut	31.7967128753662	9.30881881713867	3.41576235395457
1159	ctrl_M1	ctrl	21.9866313934326	8.53516757488251	2.5760046537499
1159	ctrl_M2	ctrl	31.6032829284668	14.6982567310333	2.15013817670914
1159	ctrl_M3	ctrl	29.5394821166992	14.5300016403198	2.03299922793739
1159	mut_M1	mut	36.0602111816406	9.39124822616577	3.83976765529103
1159	mut_M2	mut	41.4634208679199	11.5461891889572	3.59109141460938
1159	mut_M3	mut	35.3432426452637	10.3290276527405	3.4217395706058
1160	ctrl_M1	ctrl	32.4232025146484	18.2630947828293	1.77533999030286
1160	ctrl_M2	ctrl	49.1885185241699	26.4921922683716	1.8567175576064
1160	ctrl_M3	ctrl	46.9892463684082	32.3352501392365	1.45318951194351
1160	mut_M1	mut	51.0752220153809	22.2007570266724	2.30060722497067
1160	mut_M2	mut	52.8781929016113	27.0004301071167	1.95842039152087
1160	mut_M3	mut	51.2509384155273	24.4032518863678	2.1001683978092
1161	ctrl_M1	ctrl	25.6067810058594	9.28500843048096	2.75786297854045
1161	ctrl_M2	ctrl	37.8059234619141	10.359238743782	3.64948857700634
1161	ctrl_M3	ctrl	30.1078853607178	8.97206604480743	3.35573603787086
1161	mut_M1	mut	57.5571136474609	16.0025582313538	3.59674452142842
1161	mut_M2	mut	51.3698921203613	10.0410199165344	5.11600340875444
1161	mut_M3	mut	57.3710975646973	11.4308578968048	5.01896691242517
1162	ctrl_M1	ctrl	26.8441162109375	21.2677731513977	1.26219684683694
1162	ctrl_M2	ctrl	48.0802993774414	31.3680853843689	1.53277762376279
1162	ctrl_M3	ctrl	56.9189987182617	31.4880380630493	1.80763878029782
1162	mut_M1	mut	62.2148742675781	28.9836950302124	2.14654736750182
1162	mut_M2	mut	73.6879653930664	31.3579082489014	2.34990053571727
1162	mut_M3	mut	42.1043815612793	26.3396265506744	1.59851854696099
1163	ctrl_M1	ctrl	36.2250099182129	15.6566438674927	2.31371488198857
1163	ctrl_M2	ctrl	57.1160163879395	26.952335357666	2.11914906927329
1163	ctrl_M3	ctrl	46.1433563232422	22.4466228485107	2.05569259280817
1163	mut_M1	mut	49.8274917602539	22.0542650222778	2.25931318545058
1163	mut_M2	mut	72.37451171875	21.3482975959778	3.3901771976603
1163	mut_M3	mut	81.7055358886719	24.1233615875244	3.38698798640595
1164	ctrl_M1	ctrl	37.144214630127	15.4053136706352	2.4111300441048
1164	ctrl_M2	ctrl	39.9543800354004	19.1653847694397	2.08471577878833
1164	ctrl_M3	ctrl	44.6154594421387	20.1655676364899	2.21245740493843
1164	mut_M1	mut	57.8465118408203	22.2553389072418	2.59921954376517
1164	mut_M2	mut	62.0588493347168	27.2532615661621	2.27711641720599
1164	mut_M3	mut	60.8450736999512	21.512570142746	2.82834981112046
1165	ctrl_M1	ctrl	49.0499725341797	49.402458190918	0.992865017862551
1165	ctrl_M2	ctrl	82.2984466552734	89.4934797286987	0.919602711893233
1165	ctrl_M3	ctrl	71.9202499389648	84.5739183425903	0.850383325597281
1165	mut_M1	mut	118.775482177734	76.1304626464844	1.56015710464383
1165	mut_M2	mut	104.395774841309	73.1551856994629	1.42704544924797
1165	mut_M3	mut	98.1033782958984	68.4793944358826	1.43259704768203
1166	ctrl_M1	ctrl	60.2550010681152	27.617214679718	2.18179138508006
1166	ctrl_M2	ctrl	101.831809997559	34.7646026611328	2.92918089673459
1166	ctrl_M3	ctrl	105.223419189453	44.4939546585083	2.36489248926161
1166	mut_M1	mut	92.3451461791992	39.0551662445068	2.36447965938918
1166	mut_M2	mut	110.106925964355	37.4584341049194	2.93944284098878
1166	mut_M3	mut	94.3902130126953	29.3917369842529	3.21145405810029
1167	ctrl_M1	ctrl	92.8186187744141	17.0859189033508	5.43246279579443
1167	ctrl_M2	ctrl	101.377098083496	20.9802441596985	4.83202661093116
1167	ctrl_M3	ctrl	138.512542724609	27.1316959857941	5.10519293733548
1167	mut_M1	mut	135.905471801758	29.7612948417664	4.56651743562686
1167	mut_M2	mut	140.825698852539	21.8153033256531	6.45536285928874
1167	mut_M3	mut	136.757843017578	21.9431674480438	6.23236564827699
1168	ctrl_M1	ctrl	135.410003662109	49.545835018158	2.7330249578493
1168	ctrl_M2	ctrl	133.855209350586	65.8538084030151	2.03261151627576
1168	ctrl_M3	ctrl	168.754745483398	73.2484064102173	2.30386917277506
1168	mut_M1	mut	236.230239868164	78.8212156295776	2.99703877923343
1168	mut_M2	mut	241.579528808594	73.394871711731	3.29150420423695
1168	mut_M3	mut	233.424850463867	65.0135583877563	3.59040262142961
1169	ctrl_M1	ctrl	64.4720840454102	32.2113223075867	2.00153484634268
1169	ctrl_M2	ctrl	88.9785079956055	48.849869966507	1.82146867651054
1169	ctrl_M3	ctrl	98.5202484130859	46.505553483963	2.11846201222096
1169	mut_M1	mut	109.753257751465	48.0866904258728	2.28240406606175
1169	mut_M2	mut	101.879852294922	49.669421672821	2.05115841625896
1169	mut_M3	mut	101.311912536621	46.3657505512238	2.18505925887459
1170	ctrl_M1	ctrl	36.2421188354492	17.3935623168945	2.08365130587694
1170	ctrl_M2	ctrl	57.2103881835938	30.1207642555237	1.89936708438938
1170	ctrl_M3	ctrl	46.5201187133789	31.2122750282288	1.49044306034423
1170	mut_M1	mut	64.9503479003906	35.7311444282532	1.81775168245194
1170	mut_M2	mut	57.9544944763184	25.1626563072205	2.30319461382494
1170	mut_M3	mut	53.9531745910645	26.106116771698	2.06668709340777
1171	ctrl_M1	ctrl	31.7268218994141	15.7309031486511	2.01684681417256
1171	ctrl_M2	ctrl	50.7402267456055	24.2211244106293	2.09487494822241
1171	ctrl_M3	ctrl	60.8720855712891	22.4486811161041	2.71161077376706
1171	mut_M1	mut	76.0277709960938	20.8095350265503	3.65350647667486
1171	mut_M2	mut	63.6650428771973	20.2518825531006	3.14366048243994
1171	mut_M3	mut	71.1296539306641	20.2336678504944	3.51541077259139
1172	ctrl_M1	ctrl	58.6847114562988	15.9448249340057	3.68048640854884
1172	ctrl_M2	ctrl	87.9897384643555	20.4505841732025	4.30255379108696
1172	ctrl_M3	ctrl	75.5004043579102	20.5204319953918	3.67927947983088
1172	mut_M1	mut	106.390647888184	20.8184204101562	5.11040923336724
1172	mut_M2	mut	115.395401000977	17.3635785579681	6.64583055939363
1172	mut_M3	mut	84.9584732055664	11.4839662909508	7.39800788796399
1173	ctrl_M1	ctrl	52.2477912902832	31.6003913879395	1.65339063839013
1173	ctrl_M2	ctrl	57.6651039123535	39.437132358551	1.46220327046295
1173	ctrl_M3	ctrl	61.0999488830566	38.1478776931763	1.60166050060462
1173	mut_M1	mut	80.4196166992188	38.4608907699585	2.09094524565806
1173	mut_M2	mut	73.2245407104492	37.0769267082214	1.97493555187821
1173	mut_M3	mut	75.5880432128906	35.539370059967	2.1268819082991
1174	ctrl_M1	ctrl	55.9478988647461	37.4447619915009	1.49414486537383
1174	ctrl_M2	ctrl	82.8229598999023	54.644059419632	1.51568095012624
1174	ctrl_M3	ctrl	70.4185028076172	44.2785925865173	1.59035097310341
1174	mut_M1	mut	79.8531341552734	52.0890846252441	1.53301089335277
1174	mut_M2	mut	73.9640960693359	45.1688873767853	1.637500951758
1174	mut_M3	mut	85.6368179321289	42.5881872177124	2.01081153077379
1175	ctrl_M1	ctrl	39.9403953552246	23.5035309791565	1.69933595895207
1175	ctrl_M2	ctrl	59.5793991088867	34.9842782020569	1.70303353880212
1175	ctrl_M3	ctrl	54.0595474243164	27.477400302887	1.96741856319779
1175	mut_M1	mut	67.954704284668	26.8802828788757	2.52805019169166
1175	mut_M2	mut	70.872444152832	25.4701502323151	2.78256875230022
1175	mut_M3	mut	59.0841445922852	21.9720683097839	2.68905702272806
1176	ctrl_M1	ctrl	19.946834564209	11.8253175020218	1.68679061351195
1176	ctrl_M2	ctrl	33.3494338989258	19.8211603164673	1.68251673294925
1176	ctrl_M3	ctrl	30.1957550048828	17.7775630950928	1.69853173032573
1176	mut_M1	mut	40.2695426940918	19.945497751236	2.01897907970717
1176	mut_M2	mut	37.0091400146484	24.7163844108582	1.49735250105553
1176	mut_M3	mut	40.5525093078613	19.048107624054	2.12895213048101
1177	ctrl_M1	ctrl	94.0277404785156	119.816601753235	0.784763873308375
1177	ctrl_M2	ctrl	144.134338378906	152.273429870605	0.946549496529924
1177	ctrl_M3	ctrl	110.015556335449	158.537831306458	0.693938824751466
1177	mut_M1	mut	181.913787841797	166.932868003845	1.08974218209446
1177	mut_M2	mut	155.389419555664	163.644368171692	0.949555559361707
1177	mut_M3	mut	142.465713500977	131.344604492188	1.08467122842073
1178	ctrl_M1	ctrl	28.020471572876	21.9755525588989	1.27507472213841
1178	ctrl_M2	ctrl	55.9906806945801	29.864363193512	1.87483256655357
1178	ctrl_M3	ctrl	47.2238540649414	29.5544383525848	1.59785997289342
1178	mut_M1	mut	78.2485504150391	33.8809247016907	2.30951637548235
1178	mut_M2	mut	65.3441009521484	32.4176919460297	2.01569257493519
1178	mut_M3	mut	47.5213470458984	28.3702130317688	1.67504371548724
1179	ctrl_M1	ctrl	23.574068069458	12.9791467189789	1.81630338109874
1179	ctrl_M2	ctrl	36.9662055969238	13.7946050167084	2.67975817735625
1179	ctrl_M3	ctrl	38.6179885864258	12.5496680736542	3.07721195172464
1179	mut_M1	mut	57.871826171875	17.1729390621185	3.36994302271376
1179	mut_M2	mut	49.0834426879883	17.8870096206665	2.74408320501364
1179	mut_M3	mut	40.3848495483398	21.1197259426117	1.91218624986314
1180	ctrl_M1	ctrl	56.8251647949219	27.0714673995972	2.09907959388147
1180	ctrl_M2	ctrl	74.3550643920898	38.0111360549927	1.95613896634177
1180	ctrl_M3	ctrl	72.5986328125	37.9363069534302	1.91369794908135
1180	mut_M1	mut	98.8038711547852	48.5452280044556	2.03529523325582
1180	mut_M2	mut	91.0605087280273	39.5066604614258	2.30494067745712
1180	mut_M3	mut	74.5620727539062	38.8798475265503	1.9177563055768
1181	ctrl_M1	ctrl	57.8549194335938	38.2340998649597	1.51317592510177
1181	ctrl_M2	ctrl	78.0374221801758	59.2787647247314	1.31644818414406
1181	ctrl_M3	ctrl	71.0601043701172	53.0724449157715	1.33892652737014
1181	mut_M1	mut	109.32169342041	59.4600419998169	1.83857410360973
1181	mut_M2	mut	97.5555572509766	54.1907434463501	1.80022548219067
1181	mut_M3	mut	94.0933837890625	51.0680842399597	1.84250858808282
1182	ctrl_M1	ctrl	60.9800453186035	22.3840799331665	2.72425963008867
1182	ctrl_M2	ctrl	67.245002746582	34.7687230110168	1.93406593406593
1182	ctrl_M3	ctrl	61.4373550415039	29.536904335022	2.08002011127001
1182	mut_M1	mut	73.0071105957031	33.6273074150085	2.17106620208071
1182	mut_M2	mut	77.7097244262695	37.1628704071045	2.09105818724416
1182	mut_M3	mut	91.9286041259766	30.8904852867126	2.9759520859816
1183	ctrl_M1	ctrl	37.5171852111816	23.660213470459	1.58566554177644
1183	ctrl_M2	ctrl	56.7884178161621	41.9543342590332	1.35357690258033
1183	ctrl_M3	ctrl	60.7722549438477	41.7603144645691	1.45526334566779
1183	mut_M1	mut	79.3912506103516	40.6557712554932	1.95276705271271
1183	mut_M2	mut	76.4540863037109	38.8861479759216	1.96610079123937
1183	mut_M3	mut	79.8799896240234	41.8681154251099	1.90789551459286
1184	ctrl_M1	ctrl	56.2547912597656	25.4193634986877	2.21306844534757
1184	ctrl_M2	ctrl	74.8292694091797	37.1766133308411	2.0128048981563
1184	ctrl_M3	ctrl	61.573600769043	36.5525755882263	1.68452153584701
1184	mut_M1	mut	77.0908889770508	34.8305015563965	2.21331550027287
1184	mut_M2	mut	81.9811172485352	32.4963314533234	2.52278068268383
1184	mut_M3	mut	81.3978118896484	30.3556258678436	2.68147368280339
1185	ctrl_M1	ctrl	46.7110061645508	22.7612500190735	2.05221620628954
1185	ctrl_M2	ctrl	62.1204299926758	29.5038676261902	2.105501244099
1185	ctrl_M3	ctrl	64.035026550293	24.4252238273621	2.62167614114383
1185	mut_M1	mut	75.7038421630859	33.3438510894775	2.27039887983953
1185	mut_M2	mut	76.6271820068359	30.2603278160095	2.53226542926926
1185	mut_M3	mut	75.5437698364258	24.1464967727661	3.12856024405282
1186	ctrl_M1	ctrl	22.197925567627	9.8857604265213	2.24544441802118
1186	ctrl_M2	ctrl	32.250301361084	16.2965549230576	1.97896435862367
1186	ctrl_M3	ctrl	25.3137359619141	14.1892305612564	1.78401047559499
1186	mut_M1	mut	37.9524421691895	14.9860483407974	2.53251833346014
1186	mut_M2	mut	50.1515121459961	13.8510376214981	3.62077654515617
1186	mut_M3	mut	36.6286506652832	10.6764352917671	3.43079404916438
1187	ctrl_M1	ctrl	21.697301864624	20.403716802597	1.06339948130736
1187	ctrl_M2	ctrl	28.7094821929932	26.8614296913147	1.06879948397817
1187	ctrl_M3	ctrl	31.3355236053467	23.5260443687439	1.33195037441051
1187	mut_M1	mut	47.8100242614746	29.4048285484314	1.62592426555825
1187	mut_M2	mut	38.2625961303711	27.0877964496613	1.41254000492349
1187	mut_M3	mut	37.6106071472168	19.9505183696747	1.88519448218378
1188	ctrl_M1	ctrl	12.576868057251	6.68057459592819	1.88260274272165
1188	ctrl_M2	ctrl	9.42435932159424	11.7644913196564	0.801085152389701
1188	ctrl_M3	ctrl	17.873893737793	13.5356689095497	1.3205031725608
1188	mut_M1	mut	20.7810363769531	11.503842830658	1.80644300194812
1188	mut_M2	mut	17.5915622711182	9.11640238761902	1.92966057476897
1188	mut_M3	mut	23.5324993133545	11.4710342288017	2.05147145793259
1189	ctrl_M1	ctrl	32.266731262207	12.1282270550728	2.66046563241996
1189	ctrl_M2	ctrl	37.7018966674805	17.7230741977692	2.1272774828323
1189	ctrl_M3	ctrl	36.9707489013672	16.4570330381393	2.24650146935277
1189	mut_M1	mut	54.1367301940918	17.3223440647125	3.12525429536838
1189	mut_M2	mut	59.5660514831543	15.300669670105	3.89303558389583
1189	mut_M3	mut	52.6602058410645	14.6007997989655	3.60666583790812
1190	ctrl_M1	ctrl	29.5506057739258	22.68501496315	1.30264872304155
1190	ctrl_M2	ctrl	42.3158416748047	30.4307980537415	1.39055970862394
1190	ctrl_M3	ctrl	52.9449424743652	25.7745180130005	2.05415839193036
1190	mut_M1	mut	72.7064666748047	30.0387907028198	2.42041923039131
1190	mut_M2	mut	69.9702301025391	33.9832324981689	2.05896334630054
1190	mut_M3	mut	56.4784622192383	27.2018189430237	2.07627520562271
1191	ctrl_M1	ctrl	70.7191696166992	70.3768796920776	1.00486367008767
1191	ctrl_M2	ctrl	90.2532424926758	100.002992630005	0.902505416278875
1191	ctrl_M3	ctrl	99.1419372558594	83.4628190994263	1.18785751937944
1191	mut_M1	mut	133.100402832031	92.7123413085938	1.43562767322427
1191	mut_M2	mut	123.209205627441	99.0908603668213	1.24339626451256
1191	mut_M3	mut	114.711296081543	97.7709264755249	1.1732659208283
1192	ctrl_M1	ctrl	37.4490242004395	31.137752532959	1.20268873486614
1192	ctrl_M2	ctrl	63.053825378418	45.4142293930054	1.38841561821435
1192	ctrl_M3	ctrl	64.6984939575195	46.4048762321472	1.39421757390012
1192	mut_M1	mut	101.728096008301	58.9179215431213	1.72660700418373
1192	mut_M2	mut	104.84774017334	49.4152312278748	2.1217696966719
1192	mut_M3	mut	95.7998046875	61.6397638320923	1.55418837989808
1193	ctrl_M1	ctrl	36.2882308959961	24.4181871414185	1.48611486535966
1193	ctrl_M2	ctrl	48.7349739074707	34.4318876266479	1.41540232809523
1193	ctrl_M3	ctrl	46.5036582946777	29.3288006782532	1.58559699746466
1193	mut_M1	mut	47.7778396606445	39.1576972007751	1.22013915720506
1193	mut_M2	mut	47.4636001586914	33.8545598983765	1.40198544305896
1193	mut_M3	mut	55.5107765197754	24.3064744472504	2.28378560783236
1194	ctrl_M1	ctrl	37.5793876647949	18.7025089263916	2.0093233379916
1194	ctrl_M2	ctrl	50.9174957275391	25.3289666175842	2.01024765424857
1194	ctrl_M3	ctrl	51.0254516601562	27.0341596603394	1.88744360103094
1194	mut_M1	mut	84.7385025024414	29.110294342041	2.91094626206037
1194	mut_M2	mut	69.4556121826172	25.5570020675659	2.71767447523755
1194	mut_M3	mut	55.1006088256836	30.8653631210327	1.78519230794781
1195	ctrl_M1	ctrl	40.5995750427246	33.9882707595825	1.1945172300735
1195	ctrl_M2	ctrl	73.6567306518555	51.0303630828857	1.44339029162342
1195	ctrl_M3	ctrl	55.2862281799316	48.2291784286499	1.14632324209549
1195	mut_M1	mut	80.1025924682617	40.2494106292725	1.99015566230441
1195	mut_M2	mut	68.4872589111328	43.5677871704102	1.57197010358257
1195	mut_M3	mut	63.986743927002	37.1718878746033	1.72137460822159
1196	ctrl_M1	ctrl	27.2962894439697	16.2115726470947	1.6837533309183
1196	ctrl_M2	ctrl	30.9186229705811	19.5288430452347	1.58322860698733
1196	ctrl_M3	ctrl	39.7536544799805	23.4215722084045	1.69730939179716
1196	mut_M1	mut	51.2520599365234	21.4080221652985	2.39405861694225
1196	mut_M2	mut	32.1552276611328	19.3056735992432	1.66558434212797
1196	mut_M3	mut	44.2229919433594	18.3824474811554	2.40571838916957
1197	ctrl_M1	ctrl	31.6316299438477	10.736492395401	2.94617914109427
1197	ctrl_M2	ctrl	43.7355575561523	16.9782962799072	2.57596856805419
1197	ctrl_M3	ctrl	29.8082656860352	16.4434599876404	1.81277332802466
1197	mut_M1	mut	47.0674209594727	14.3418238162994	3.28182953314352
1197	mut_M2	mut	43.3706359863281	15.3317943811417	2.82880365521173
1197	mut_M3	mut	33.000659942627	12.7770586013794	2.58280571234636
1198	ctrl_M1	ctrl	27.3795700073242	5.94523656368256	4.60529530053972
1198	ctrl_M2	ctrl	21.8288478851318	7.23054605722427	3.01897639713143
1198	ctrl_M3	ctrl	31.4310836791992	7.60025823116302	4.13552838906495
1198	mut_M1	mut	46.6225318908691	9.22188663482666	5.05563923490429
1198	mut_M2	mut	34.6150856018066	6.69318759441376	5.17168914116451
1198	mut_M3	mut	36.3368453979492	8.29058015346527	4.38290743534531
1199	ctrl_M1	ctrl	82.7387084960938	194.764190196991	0.424814789681866
1199	ctrl_M2	ctrl	115.952438354492	217.89670085907	0.532144075139014
1199	ctrl_M3	ctrl	103.445533752441	226.259176254272	0.45719928563776
1199	mut_M1	mut	149.817352294922	245.362002372742	0.610597202688813
1199	mut_M2	mut	126.949264526367	224.880179405212	0.56451958043673
1199	mut_M3	mut	108.318260192871	200.396509170532	0.540519695883001
1200	ctrl_M1	ctrl	63.7790336608887	176.334111690521	0.36169424650419
1200	ctrl_M2	ctrl	91.4273452758789	191.948008060455	0.476313071439029
1200	ctrl_M3	ctrl	100.145347595215	185.310296535492	0.540419768720376
1200	mut_M1	mut	113.37003326416	201.613816261292	0.562312818468912
1200	mut_M2	mut	110.701316833496	173.325350761414	0.638690857091523
1200	mut_M3	mut	99.3313446044922	166.018296718597	0.598315646936553
1201	ctrl_M1	ctrl	21.8789844512939	7.43551218509674	2.9424986344783
1201	ctrl_M2	ctrl	30.9709224700928	16.3232412338257	1.89735126905517
1201	ctrl_M3	ctrl	32.7449073791504	15.5248579978943	2.10919207013628
1201	mut_M1	mut	41.8035850524902	15.3646261692047	2.72076811971365
1201	mut_M2	mut	43.9878578186035	15.9343430995941	2.76056926499367
1201	mut_M3	mut	49.9581184387207	11.2468404769897	4.4419691504411
1202	ctrl_M1	ctrl	45.574348449707	17.9414608478546	2.54016932267568
1202	ctrl_M2	ctrl	58.2276878356934	26.0009779930115	2.23944221834055
1202	ctrl_M3	ctrl	64.9417953491211	29.1377463340759	2.22878580259906
1202	mut_M1	mut	89.4014053344727	36.0587229728699	2.47932810603795
1202	mut_M2	mut	86.8656158447266	32.6984329223633	2.65656816187411
1202	mut_M3	mut	82.6004180908203	30.867938041687	2.67592924345218
1203	ctrl_M1	ctrl	49.5100593566895	27.0785232782364	1.82838845560244
1203	ctrl_M2	ctrl	48.3234634399414	43.4209589958191	1.11290640643368
1203	ctrl_M3	ctrl	57.486328125	40.2872061729431	1.42691274937818
1203	mut_M1	mut	69.8627700805664	46.1065359115601	1.51524656318954
1203	mut_M2	mut	76.3584899902344	43.991854429245	1.73574155899808
1203	mut_M3	mut	61.5001602172852	38.618467092514	1.5925065091257
1204	ctrl_M1	ctrl	22.4786891937256	12.9723305702209	1.73281809864815
1204	ctrl_M2	ctrl	36.6526908874512	17.2212555408478	2.12834022470157
1204	ctrl_M3	ctrl	28.6415538787842	23.1802644729614	1.23560082380393
1204	mut_M1	mut	33.9643020629883	17.806432723999	1.90741753777623
1204	mut_M2	mut	33.6388397216797	19.4872946739197	1.72619341394264
1204	mut_M3	mut	30.1716175079346	17.0510444641113	1.76948793790545
1205	ctrl_M1	ctrl	17.7373352050781	15.0405797958374	1.17929863381909
1205	ctrl_M2	ctrl	45.0643997192383	22.9471554756165	1.96383380794729
1205	ctrl_M3	ctrl	30.962589263916	19.008080124855	1.62891723206855
1205	mut_M1	mut	40.9764404296875	20.5113551616669	1.99774418153839
1205	mut_M2	mut	28.8755512237549	23.1639754772186	1.24657148131388
1205	mut_M3	mut	42.4872550964355	20.8409353494644	2.03864434988171
1206	ctrl_M1	ctrl	63.148868560791	74.1667213439941	0.851444791093016
1206	ctrl_M2	ctrl	83.5130004882812	89.5401859283447	0.932687369614278
1206	ctrl_M3	ctrl	95.8115768432617	83.9514865875244	1.14127314164202
1206	mut_M1	mut	154.288421630859	83.9199085235596	1.83851989766582
1206	mut_M2	mut	124.921234130859	80.0895709991455	1.55976905073186
1206	mut_M3	mut	124.49528503418	76.0578422546387	1.63685007809417
1207	ctrl_M1	ctrl	82.6695251464844	198.056766033173	0.417403185976681
1207	ctrl_M2	ctrl	102.857444763184	226.411735534668	0.454293787026045
1207	ctrl_M3	ctrl	119.93985748291	221.579602241516	0.541294669137364
1207	mut_M1	mut	112.901008605957	227.73089838028	0.495764998992046
1207	mut_M2	mut	108.373611450195	228.644213676453	0.473983617199915
1207	mut_M3	mut	108.012321472168	203.617639541626	0.530466425773916
1208	ctrl_M1	ctrl	30.4736099243164	27.9114689826965	1.09179527395023
1208	ctrl_M2	ctrl	57.9596176147461	44.5303869247437	1.30157453409731
1208	ctrl_M3	ctrl	53.4066848754883	33.0342612266541	1.61670589540524
1208	mut_M1	mut	86.014892578125	43.7809906005859	1.96466300552308
1208	mut_M2	mut	81.0518035888672	44.7815818786621	1.80993614313315
1208	mut_M3	mut	67.432746887207	42.001293182373	1.60549215935825
1209	ctrl_M1	ctrl	33.4310111999512	20.5930449962616	1.62341272046073
1209	ctrl_M2	ctrl	44.8729362487793	33.2041206359863	1.35142673226366
1209	ctrl_M3	ctrl	44.4994125366211	33.4290932416916	1.33115822839978
1209	mut_M1	mut	64.1716461181641	35.9556655883789	1.78474365772566
1209	mut_M2	mut	52.1383476257324	39.4061579704285	1.3231015229868
1209	mut_M3	mut	56.296947479248	33.0075652599335	1.70557710136787
1210	ctrl_M1	ctrl	61.5096092224121	20.9181072711945	2.94049592656572
1210	ctrl_M2	ctrl	73.9079132080078	33.286649107933	2.2203470517071
1210	ctrl_M3	ctrl	63.8776626586914	27.0195124149323	2.36413084284192
1210	mut_M1	mut	81.6177673339844	30.8018665313721	2.64976693054805
1210	mut_M2	mut	93.4516372680664	34.1361095905304	2.7376182695989
1210	mut_M3	mut	78.7278060913086	27.0732777118683	2.9079525179471
1211	ctrl_M1	ctrl	49.5410461425781	49.95068359375	0.991799162259651
1211	ctrl_M2	ctrl	63.357982635498	71.8921298980713	0.8812923295683
1211	ctrl_M3	ctrl	71.8313674926758	59.7586197853088	1.20202520993189
1211	mut_M1	mut	112.035690307617	49.2375402450562	2.27541200778945
1211	mut_M2	mut	102.54419708252	52.7385249137878	1.94438879832437
1211	mut_M3	mut	78.3017272949219	48.9116206169128	1.60088188261434
1212	ctrl_M1	ctrl	27.7738304138184	16.4562785625458	1.68773458156154
1212	ctrl_M2	ctrl	43.4065551757812	26.8603487014771	1.61600862513726
1212	ctrl_M3	ctrl	47.7079544067383	23.510974407196	2.02917810127581
1212	mut_M1	mut	106.969253540039	38.6867294311523	2.76501154563618
1212	mut_M2	mut	105.460670471191	37.8885073661804	2.78344748321562
1212	mut_M3	mut	114.102027893066	33.1477332115173	3.44222717025553
1213	ctrl_M1	ctrl	58.5242500305176	112.45728302002	0.520413160080518
1213	ctrl_M2	ctrl	83.9559936523438	159.230173110962	0.527261837452364
1213	ctrl_M3	ctrl	73.8216705322266	152.609833717346	0.483728136870617
1213	mut_M1	mut	107.543876647949	142.509219169617	0.754645048752592
1213	mut_M2	mut	91.90087890625	141.457300186157	0.649672224659376
1213	mut_M3	mut	75.7706832885742	131.566681861877	0.575910878166864
1214	ctrl_M1	ctrl	54.8803215026855	16.3382694721222	3.35900455041014
1214	ctrl_M2	ctrl	82.4488220214844	26.04017162323	3.16621653706511
1214	ctrl_M3	ctrl	80.6493835449219	20.1138646602631	4.00964135471453
1214	mut_M1	mut	97.7562866210938	24.824499130249	3.93789562916
1214	mut_M2	mut	86.8438262939453	25.9747343063354	3.34339613524991
1214	mut_M3	mut	105.110054016113	21.1913723945618	4.96003996622168
1215	ctrl_M1	ctrl	52.8435173034668	12.2797301411629	4.30331258879461
1215	ctrl_M2	ctrl	64.8488006591797	26.9550001621246	2.40581711256307
1215	ctrl_M3	ctrl	79.4348297119141	17.0849702358246	4.6493981912448
1215	mut_M1	mut	144.039077758789	26.2268962860107	5.49203673160589
1215	mut_M2	mut	147.831985473633	26.9266850948334	5.49016653750663
1215	mut_M3	mut	142.948852539062	34.3118441104889	4.16616641410317
1216	ctrl_M1	ctrl	25.2250633239746	16.0430853366852	1.57233242824516
1216	ctrl_M2	ctrl	35.4248466491699	22.1521162986755	1.59916308543793
1216	ctrl_M3	ctrl	42.162899017334	25.6239233016968	1.64545056277709
1216	mut_M1	mut	40.3996353149414	20.7199540138245	1.94979367656832
1216	mut_M2	mut	31.089412689209	23.4322409629822	1.32677931821901
1216	mut_M3	mut	50.2829208374023	18.1623177528381	2.7685299597594
1217	ctrl_M1	ctrl	40.1205177307129	22.0134011507034	1.82254970306716
1217	ctrl_M2	ctrl	69.4412689208984	26.9939186573029	2.57247826084384
1217	ctrl_M3	ctrl	52.1052856445312	24.9359095096588	2.08956828401821
1217	mut_M1	mut	71.3929290771484	34.3027448654175	2.081259950399
1217	mut_M2	mut	65.9132995605469	35.6364874839783	1.84960146788262
1217	mut_M3	mut	53.6465301513672	32.0882425308228	1.67184382565784
1218	ctrl_M1	ctrl	39.3431358337402	16.1275069713593	2.43950512026499
1218	ctrl_M2	ctrl	56.1159629821777	23.662232875824	2.3715413197337
1218	ctrl_M3	ctrl	51.5796775817871	22.1846759319305	2.32501379511017
1218	mut_M1	mut	69.4630279541016	24.2202967405319	2.86796766770645
1218	mut_M2	mut	69.3908157348633	23.5655142068863	2.94459162340646
1218	mut_M3	mut	65.409423828125	23.3994998931885	2.79533426469364
1219	ctrl_M1	ctrl	36.4091796875	14.8580541014671	2.45046756721022
1219	ctrl_M2	ctrl	51.0360717773438	21.007384121418	2.42943488262825
1219	ctrl_M3	ctrl	51.1974716186523	20.5498237609863	2.49138251569098
1219	mut_M1	mut	49.0123100280762	18.5182324051857	2.64670563343568
1219	mut_M2	mut	68.5554809570312	24.7683336734772	2.76786811179159
1219	mut_M3	mut	57.3528823852539	22.8598145842552	2.50889534444238
1220	ctrl_M1	ctrl	61.841739654541	68.9176071882248	0.897328595371014
1220	ctrl_M2	ctrl	72.046745300293	96.476663351059	0.746778990875021
1220	ctrl_M3	ctrl	81.185188293457	89.3231707811356	0.908892816762868
1220	mut_M1	mut	81.9905548095703	76.1850821971893	1.07620222286241
1220	mut_M2	mut	109.235595703125	88.170793056488	1.23890907540257
1220	mut_M3	mut	93.4594039916992	79.7174496650696	1.17238326595201
1221	ctrl_M1	ctrl	40.2091293334961	22.988530755043	1.74909522326369
1221	ctrl_M2	ctrl	55.8262023925781	34.2954413890839	1.62780241721419
1221	ctrl_M3	ctrl	58.4928779602051	35.7136526107788	1.63782961652461
1221	mut_M1	mut	69.187744140625	29.9281919002533	2.31179165020121
1221	mut_M2	mut	77.8635940551758	29.8926401138306	2.60477474584623
1221	mut_M3	mut	68.1028823852539	28.9718052148819	2.35066064679572
1222	ctrl_M1	ctrl	24.9678478240967	20.7068328857422	1.20577820673332
1222	ctrl_M2	ctrl	50.9486961364746	35.9907402992249	1.41560567281724
1222	ctrl_M3	ctrl	51.9046401977539	29.9184424877167	1.73487106553304
1222	mut_M1	mut	64.4857025146484	35.0251398086548	1.8411261986944
1222	mut_M2	mut	43.3709983825684	27.0098609924316	1.60574681945684
1222	mut_M3	mut	54.4882926940918	29.4370136260986	1.85101292495863
1223	ctrl_M1	ctrl	12.9183235168457	15.9499785900116	0.809927326481528
1223	ctrl_M2	ctrl	35.5568389892578	15.8080534934998	2.24928635292629
1223	ctrl_M3	ctrl	24.1979866027832	13.2794060707092	1.82221904156974
1223	mut_M1	mut	38.1798515319824	13.2880476713181	2.87324763399162
1223	mut_M2	mut	28.2131690979004	16.2355234622955	1.73774311394524
1223	mut_M3	mut	36.1146583557129	11.7938199043274	3.06216803789429
1224	ctrl_M1	ctrl	44.1409797668457	18.4937024116516	2.38681140121707
1224	ctrl_M2	ctrl	55.6322860717773	27.0579924583435	2.05603893775285
1224	ctrl_M3	ctrl	65.3540344238281	32.2075438499451	2.02915300615013
1224	mut_M1	mut	80.9505920410156	34.8374214172363	2.32366773279506
1224	mut_M2	mut	70.2555770874023	31.5900392532349	2.22397878407853
1224	mut_M3	mut	60.2957382202148	28.7221002578735	2.0992802642866
1225	ctrl_M1	ctrl	28.3124027252197	14.9653227329254	1.89186716721646
1225	ctrl_M2	ctrl	47.1619529724121	25.2948813438416	1.86448603301689
1225	ctrl_M3	ctrl	40.5184783935547	20.6805853843689	1.9592520057087
1225	mut_M1	mut	57.4235305786133	25.8038897514343	2.22538272840905
1225	mut_M2	mut	53.3885536193848	25.1472353935242	2.12303868731166
1225	mut_M3	mut	51.6995697021484	23.11283826828	2.23683344737027
1226	ctrl_M1	ctrl	64.1460189819336	38.1707201004028	1.68050324471758
1226	ctrl_M2	ctrl	87.1924591064453	44.3816204071045	1.96460738266528
1226	ctrl_M3	ctrl	84.8791809082031	44.9808521270752	1.88700695728065
1226	mut_M1	mut	116.383293151855	44.2056107521057	2.63277197558709
1226	mut_M2	mut	116.415222167969	41.9246010780334	2.77677590661596
1226	mut_M3	mut	110.800201416016	43.3261284828186	2.55735292526667
1227	ctrl_M1	ctrl	76.0845184326172	34.6712908744812	2.19445300459283
1227	ctrl_M2	ctrl	87.3511734008789	41.7810373306274	2.09068943668487
1227	ctrl_M3	ctrl	85.6256790161133	48.7304382324219	1.75712926298175
1227	mut_M1	mut	109.270622253418	45.3741302490234	2.4082141443531
1227	mut_M2	mut	117.13159942627	38.5714044570923	3.03674706884395
1227	mut_M3	mut	126.964637756348	38.2118010520935	3.32265515522963
1228	ctrl_M1	ctrl	79.5056915283203	47.6442441940308	1.66873654673866
1228	ctrl_M2	ctrl	108.518730163574	74.5326766967773	1.45598863442223
1228	ctrl_M3	ctrl	105.154396057129	72.1606607437134	1.4572260699025
1228	mut_M1	mut	124.738990783691	60.6017026901245	2.05834135422764
1228	mut_M2	mut	144.449493408203	75.6522626876831	1.90938761480985
1228	mut_M3	mut	139.836654663086	63.1129350662231	2.21565760673875
1229	ctrl_M1	ctrl	49.9618263244629	11.7860996723175	4.23904664931778
1229	ctrl_M2	ctrl	49.2211265563965	19.250209569931	2.55691380281284
1229	ctrl_M3	ctrl	56.0250091552734	11.9610798358917	4.6839424135569
1229	mut_M1	mut	52.5922508239746	17.2478587627411	3.04920463156764
1229	mut_M2	mut	85.6615905761719	21.6041190624237	3.96505825248686
1229	mut_M3	mut	65.4633865356445	17.7352352142334	3.69114848181472
1230	ctrl_M1	ctrl	40.9143142700195	33.3563680648804	1.22658180862012
1230	ctrl_M2	ctrl	76.0291061401367	48.9596166610718	1.55289422845069
1230	ctrl_M3	ctrl	70.9635162353516	45.3937277793884	1.56328902046184
1230	mut_M1	mut	92.7528076171875	50.5707902908325	1.83411821495702
1230	mut_M2	mut	95.2014694213867	44.5549788475037	2.13671899042369
1230	mut_M3	mut	91.7628021240234	36.0887231826782	2.5427001575957
1231	ctrl_M1	ctrl	38.9551315307617	20.6490430831909	1.88653446911894
1231	ctrl_M2	ctrl	45.7638053894043	35.6481037139893	1.28376549161142
1231	ctrl_M3	ctrl	33.6164703369141	25.3375029563904	1.32674756446099
1231	mut_M1	mut	46.1897468566895	27.4823396205902	1.6807065007698
1231	mut_M2	mut	44.8730163574219	31.3874673843384	1.42964756627075
1231	mut_M3	mut	48.3113708496094	33.681333065033	1.43436635231534
1232	ctrl_M1	ctrl	62.381103515625	19.2708792686462	3.23706576363224
1232	ctrl_M2	ctrl	67.7523803710938	30.9862308502197	2.18653184050016
1232	ctrl_M3	ctrl	82.3496246337891	30.3455762863159	2.71372749216577
1232	mut_M1	mut	131.341369628906	37.4420552253723	3.50785684274895
1232	mut_M2	mut	115.303680419922	29.3839716911316	3.92403319850467
1232	mut_M3	mut	105.952903747559	28.2955274581909	3.74451064409784
1233	ctrl_M1	ctrl	33.9321022033691	6.07063096761703	5.58955113304949
1233	ctrl_M2	ctrl	37.3402862548828	12.382504940033	3.01556804828405
1233	ctrl_M3	ctrl	43.5041046142578	11.8697646856308	3.66511938243583
1233	mut_M1	mut	51.6150856018066	16.0235478878021	3.22120206855677
1233	mut_M2	mut	61.3312568664551	14.6733078956604	4.1797839520967
1233	mut_M3	mut	44.0029144287109	11.6660665273666	3.77187240664945
1234	ctrl_M1	ctrl	48.4370346069336	48.8055934906006	0.992448429425656
1234	ctrl_M2	ctrl	87.3294372558594	75.4315767288208	1.15773050283453
1234	ctrl_M3	ctrl	73.6553497314453	80.85608959198	0.910943753316894
1234	mut_M1	mut	100.580986022949	76.645712852478	1.31228456595531
1234	mut_M2	mut	102.281860351562	81.5434889793396	1.25432283597133
1234	mut_M3	mut	110.450424194336	63.0982441902161	1.75045162685307
1235	ctrl_M1	ctrl	39.9866523742676	35.9745516777039	1.11152607911582
1235	ctrl_M2	ctrl	59.9595222473145	46.2673959732056	1.29593466384056
1235	ctrl_M3	ctrl	65.0960540771484	53.5771203041077	1.21499725456797
1235	mut_M1	mut	75.5819396972656	46.4627828598022	1.62672003365205
1235	mut_M2	mut	95.7227172851562	49.9457321166992	1.9165344710835
1235	mut_M3	mut	88.3732604980469	45.7729721069336	1.93068652591734
1236	ctrl_M1	ctrl	27.3612174987793	13.51807269454	2.02404722308015
1236	ctrl_M2	ctrl	55.1930618286133	20.6596336364746	2.67154117056412
1236	ctrl_M3	ctrl	44.9405364990234	15.0908491611481	2.97799918474598
1236	mut_M1	mut	45.32568359375	18.4213449954987	2.46049805835706
1236	mut_M2	mut	49.4256591796875	19.030974149704	2.59711661583316
1236	mut_M3	mut	51.6867408752441	19.0259056091309	2.71665075697836
1237	ctrl_M1	ctrl	25.7324237823486	13.376088142395	1.92376302461634
1237	ctrl_M2	ctrl	39.6970100402832	17.7951686382294	2.23077459097533
1237	ctrl_M3	ctrl	49.0666313171387	13.5633909702301	3.61757848202073
1237	mut_M1	mut	47.7708969116211	14.9530673027039	3.19472225628136
1237	mut_M2	mut	61.7146263122559	19.9555025100708	3.09261198915491
1237	mut_M3	mut	62.9764747619629	17.7375113964081	3.5504684594433
1238	ctrl_M1	ctrl	101.259048461914	196.025062561035	0.516561745416536
1238	ctrl_M2	ctrl	116.690162658691	212.547287940979	0.549008005649521
1238	ctrl_M3	ctrl	136.355773925781	243.975258827209	0.558891809691049
1238	mut_M1	mut	168.813217163086	248.098773002625	0.680427456855259
1238	mut_M2	mut	169.069396972656	224.903273582458	0.751742712676295
1238	mut_M3	mut	132.635940551758	205.966877937317	0.64396733047594
1239	ctrl_M1	ctrl	49.4004936218262	41.468768119812	1.19126986070813
1239	ctrl_M2	ctrl	57.813793182373	52.5643672943115	1.09986662368957
1239	ctrl_M3	ctrl	59.5538063049316	58.1763582229614	1.02367711084099
1239	mut_M1	mut	71.1092681884766	56.9649524688721	1.24829856089731
1239	mut_M2	mut	72.4905624389648	52.462438583374	1.3817612066157
1239	mut_M3	mut	76.0860977172852	43.1622171401978	1.76279400731768
1240	ctrl_M1	ctrl	60.5528450012207	35.1218314170837	1.72407993997053
1240	ctrl_M2	ctrl	84.1244735717773	49.234986782074	1.70863199261397
1240	ctrl_M3	ctrl	74.4354248046875	44.8982963562012	1.65786746593129
1240	mut_M1	mut	118.316337585449	57.715051651001	2.05000834619191
1240	mut_M2	mut	137.453598022461	55.8272805213928	2.46212240214332
1240	mut_M3	mut	127.283950805664	56.8034400939941	2.24077891400669
1241	ctrl_M1	ctrl	66.0309143066406	47.2646698951721	1.39704592146925
1241	ctrl_M2	ctrl	80.1820983886719	69.8031921386719	1.14868813204676
1241	ctrl_M3	ctrl	91.6742324829102	61.6030406951904	1.48814460209052
1241	mut_M1	mut	127.113227844238	64.1267786026001	1.98221757921088
1241	mut_M2	mut	103.695083618164	62.6285276412964	1.65571645260568
1241	mut_M3	mut	109.683837890625	64.9890222549438	1.68772869763064
1242	ctrl_M1	ctrl	84.5058670043945	106.568710327148	0.792970720439193
1242	ctrl_M2	ctrl	97.2591400146484	142.015522956848	0.684848655905037
1242	ctrl_M3	ctrl	96.9081115722656	135.045563697815	0.7175956685931
1242	mut_M1	mut	157.413589477539	154.428179740906	1.01933202697618
1242	mut_M2	mut	144.990447998047	164.427981376648	0.881786948815747
1242	mut_M3	mut	143.578018188477	150.326542854309	0.95510756425515
1243	ctrl_M1	ctrl	89.062255859375	181.772296905518	0.489966058500478
1243	ctrl_M2	ctrl	91.0282211303711	180.818399429321	0.503423442623451
1243	ctrl_M3	ctrl	97.461181640625	194.8590259552	0.500162520893603
1243	mut_M1	mut	137.246734619141	226.81711101532	0.60509868062763
1243	mut_M2	mut	114.382583618164	208.851356506348	0.547674602317882
1243	mut_M3	mut	79.3811950683594	155.443515300751	0.510675501096159
1244	ctrl_M1	ctrl	44.9436874389648	25.7966866493225	1.74222713365963
1244	ctrl_M2	ctrl	45.9001846313477	29.3194539546967	1.56551976384932
1244	ctrl_M3	ctrl	56.5794105529785	29.8621025085449	1.89468944917018
1244	mut_M1	mut	50.2095565795898	25.2853095531464	1.98572046247075
1244	mut_M2	mut	70.0087280273438	30.4576663970947	2.29855850131781
1244	mut_M3	mut	58.0547561645508	24.1325221061707	2.40566468391243
1245	ctrl_M1	ctrl	22.1980419158936	7.87757980823517	2.81787585226212
1245	ctrl_M2	ctrl	28.1321926116943	10.0837293863297	2.78985993513796
1245	ctrl_M3	ctrl	30.315486907959	8.41355335712433	3.60317283568289
1245	mut_M1	mut	28.6486892700195	10.3771946430206	2.76073546421216
1245	mut_M2	mut	30.2747859954834	9.93773806095123	3.04644636533975
1245	mut_M3	mut	29.8900012969971	9.3335108757019	3.20243922089492
1246	ctrl_M1	ctrl	34.0121917724609	12.3615882396698	2.75144189508851
1246	ctrl_M2	ctrl	33.6987953186035	23.3669362068176	1.44215720111272
1246	ctrl_M3	ctrl	34.2879981994629	19.5920426845551	1.75009817768992
1246	mut_M1	mut	43.2675895690918	22.3986535072327	1.93170493731333
1246	mut_M2	mut	36.2457695007324	22.6048257350922	1.60345272843505
1246	mut_M3	mut	33.137638092041	18.664520740509	1.77543471663432
1247	ctrl_M1	ctrl	80.535530090332	22.3021378517151	3.61111255906521
1247	ctrl_M2	ctrl	69.5998458862305	37.8750958442688	1.83761504320423
1247	ctrl_M3	ctrl	80.8061599731445	31.4130086898804	2.57237887560818
1247	mut_M1	mut	75.8971481323242	32.739794254303	2.31819258064974
1247	mut_M2	mut	91.4339752197266	37.3945960998535	2.44511198825556
1247	mut_M3	mut	90.6358413696289	31.4949109554291	2.87779322500371
1248	ctrl_M1	ctrl	76.1432037353516	20.8949410915375	3.64409755460808
1248	ctrl_M2	ctrl	83.5677032470703	31.736967086792	2.63313450899499
1248	ctrl_M3	ctrl	86.7732009887695	29.2716157436371	2.96441446036787
1248	mut_M1	mut	108.711265563965	29.5074067115784	3.68420263517457
1248	mut_M2	mut	123.623100280762	32.1894416809082	3.84048600489034
1248	mut_M3	mut	110.928779602051	24.9241235256195	4.45065919722421
1249	ctrl_M1	ctrl	17.2958641052246	7.48269069194794	2.31144982697689
1249	ctrl_M2	ctrl	24.8882865905762	10.9309120178223	2.27687191608506
1249	ctrl_M3	ctrl	20.3406772613525	9.70806837081909	2.09523424067484
1249	mut_M1	mut	27.0178756713867	12.189649105072	2.2164604935301
1249	mut_M2	mut	23.4423027038574	11.9516212940216	1.96143285727968
1249	mut_M3	mut	20.0920810699463	10.9203404188156	1.83987680780792
1250	ctrl_M1	ctrl	14.273175239563	2.83963832259178	5.02640604826591
1250	ctrl_M2	ctrl	14.4897336959839	4.21090745925903	3.44100026803571
1250	ctrl_M3	ctrl	13.0903615951538	3.32661533355713	3.93503915619735
1250	mut_M1	mut	14.3723106384277	4.95184773206711	2.90241368799685
1250	mut_M2	mut	12.5722036361694	5.67063242197037	2.21707257685396
1250	mut_M3	mut	12.1307172775269	6.40599977970123	1.8936493435366
1251	ctrl_M1	ctrl	64.3666076660156	22.5699334144592	2.85187406112504
1251	ctrl_M2	ctrl	103.292137145996	35.5823273658752	2.90290559366437
1251	ctrl_M3	ctrl	104.995094299316	36.6373739242554	2.86579203292203
1251	mut_M1	mut	127.903701782227	38.3732595443726	3.33314665735722
1251	mut_M2	mut	119.854789733887	38.8896498680115	3.08192000032566
1251	mut_M3	mut	132.845291137695	42.331244468689	3.13823259403481
1252	ctrl_M1	ctrl	29.7063598632812	13.7908926010132	2.15405635608378
1252	ctrl_M2	ctrl	30.524974822998	15.1176180839539	2.01916562870429
1252	ctrl_M3	ctrl	15.6128931045532	16.6412127017975	0.938206450715386
1252	mut_M1	mut	24.1662864685059	16.9870748519897	1.42262789085639
1252	mut_M2	mut	33.8812942504883	16.028425693512	2.11382545599615
1252	mut_M3	mut	29.3799781799316	15.6078457832336	1.88238521753543
1253	ctrl_M1	ctrl	63.8070182800293	22.9023621082306	2.78604529866806
1253	ctrl_M2	ctrl	90.0368347167969	32.473180770874	2.77265215723965
1253	ctrl_M3	ctrl	83.9261322021484	25.9941585063934	3.22865355235509
1253	mut_M1	mut	81.5352020263672	36.9036321640015	2.20940859327941
1253	mut_M2	mut	93.2001953125	36.5761075019836	2.5481168357635
1253	mut_M3	mut	79.9569549560547	35.3343043327332	2.26287050123083
1254	ctrl_M1	ctrl	51.2643127441406	17.71550822258	2.89375343343522
1254	ctrl_M2	ctrl	64.0772552490234	30.9408845901489	2.07095744345411
1254	ctrl_M3	ctrl	59.0754623413086	27.4486465454102	2.15221767833165
1254	mut_M1	mut	81.9133224487305	27.5471606254578	2.9735668064835
1254	mut_M2	mut	81.3655471801758	27.0923676490784	3.00326454424679
1254	mut_M3	mut	69.8254699707031	26.5146164894104	2.63347086308378
1255	ctrl_M1	ctrl	58.1972999572754	18.4756170511246	3.14995162522775
1255	ctrl_M2	ctrl	81.6342849731445	18.6973764896393	4.3660823227462
1255	ctrl_M3	ctrl	64.7567749023438	15.2153370380402	4.25601974773507
1255	mut_M1	mut	80.1775207519531	19.7033129930496	4.06924057797975
1255	mut_M2	mut	86.4622955322266	23.9023680686951	3.61731085739016
1255	mut_M3	mut	93.072868347168	17.9108395576477	5.19645480869862
1256	ctrl_M1	ctrl	33.1044006347656	11.0218194723129	3.00353319321956
1256	ctrl_M2	ctrl	38.7778091430664	13.5139660835266	2.86946177779269
1256	ctrl_M3	ctrl	35.120418548584	10.5740225315094	3.32138677063805
1256	mut_M1	mut	38.2973403930664	19.8858554363251	1.92585833260708
1256	mut_M2	mut	36.6987724304199	14.7510418891907	2.48787663312869
1256	mut_M3	mut	37.0621147155762	15.059076666832	2.46111468422274
1257	ctrl_M1	ctrl	45.2758026123047	26.9326281547546	1.68107628977574
1257	ctrl_M2	ctrl	49.1307373046875	34.8904604911804	1.40814241523429
1257	ctrl_M3	ctrl	42.400074005127	33.9249663352966	1.24981919174412
1257	mut_M1	mut	56.4084434509277	32.9442615509033	1.71223881779135
1257	mut_M2	mut	48.6946105957031	36.2242922782898	1.3442529179483
1257	mut_M3	mut	40.6049919128418	27.5899858474731	1.471729349095
1258	ctrl_M1	ctrl	103.402320861816	45.7644670009613	2.25944554013148
1258	ctrl_M2	ctrl	93.1589736938477	59.020028591156	1.57842982996805
1258	ctrl_M3	ctrl	113.869255065918	62.7628002166748	1.81427939277421
1258	mut_M1	mut	164.431793212891	71.0465688705444	2.31442272057509
1258	mut_M2	mut	163.892684936523	70.6238703727722	2.32064150649706
1258	mut_M3	mut	108.770919799805	64.4509010314941	1.68765553404216
1259	ctrl_M1	ctrl	102.454818725586	65.6913142204285	1.55964026510106
1259	ctrl_M2	ctrl	115.613204956055	94.500560760498	1.22341289856538
1259	ctrl_M3	ctrl	108.314903259277	90.6940937042236	1.19428839117704
1259	mut_M1	mut	147.678039550781	102.18026638031	1.44526966685652
1259	mut_M2	mut	134.771331787109	95.4197521209717	1.41240496638734
1259	mut_M3	mut	122.36279296875	85.1521501541138	1.43699005541598
1260	ctrl_M1	ctrl	45.4653091430664	15.5432702898979	2.92508000537157
1260	ctrl_M2	ctrl	48.8021087646484	24.7890055179596	1.96869974187917
1260	ctrl_M3	ctrl	38.7072792053223	24.7060453891754	1.56671286705728
1260	mut_M1	mut	54.9599456787109	29.0414333343506	1.89246670596329
1260	mut_M2	mut	43.7951393127441	27.6899266242981	1.58162713491316
1260	mut_M3	mut	49.5041694641113	20.8437094688416	2.37501724623984
1261	ctrl_M1	ctrl	32.7971954345703	13.9417052268982	2.35245222164744
1261	ctrl_M2	ctrl	32.8706130981445	17.3038609027863	1.89961149611713
1261	ctrl_M3	ctrl	25.5554122924805	17.6190841197968	1.45043931447983
1261	mut_M1	mut	40.1768951416016	18.2207546234131	2.20500720041395
1261	mut_M2	mut	30.5116958618164	17.758692741394	1.718127359155
1261	mut_M3	mut	30.2188243865967	17.217999458313	1.75507174685191
1262	ctrl_M1	ctrl	33.196605682373	10.1496227383614	3.27072311337284
1262	ctrl_M2	ctrl	37.9505157470703	12.3337963819504	3.07695332173702
1262	ctrl_M3	ctrl	34.5048217773438	8.67564761638641	3.97720415847362
1262	mut_M1	mut	44.229076385498	9.6022035330534	4.60613818830746
1262	mut_M2	mut	41.153751373291	9.56852042675018	4.30095245010292
1262	mut_M3	mut	36.4347686767578	7.88361912965775	4.62157900800816
1263	ctrl_M1	ctrl	37.1944122314453	17.8868528604507	2.0794274164174
1263	ctrl_M2	ctrl	45.9963722229004	22.2197268009186	2.0700692062964
1263	ctrl_M3	ctrl	34.256046295166	22.0062856674194	1.556648260087
1263	mut_M1	mut	45.176212310791	21.53671002388	2.09763758070288
1263	mut_M2	mut	45.8217163085938	21.9505286216736	2.08749944469903
1263	mut_M3	mut	41.0825462341309	19.9728033542633	2.05692438389534
1264	ctrl_M1	ctrl	27.7878837585449	11.7923953533173	2.35642402802651
1264	ctrl_M2	ctrl	24.065357208252	14.068793296814	1.71054877988021
1264	ctrl_M3	ctrl	23.5426502227783	13.6813564300537	1.72078334068268
1264	mut_M1	mut	33.168270111084	16.9177458286285	1.96056084818085
1264	mut_M2	mut	32.5303382873535	18.4486863613129	1.76328751273966
1264	mut_M3	mut	39.7825584411621	18.2276127338409	2.1825435410586
1265	ctrl_M1	ctrl	23.5251407623291	7.05033719539642	3.33673980553583
1265	ctrl_M2	ctrl	17.3078536987305	11.6988009214401	1.4794553574299
1265	ctrl_M3	ctrl	15.6419439315796	8.35325944423676	1.87255574138447
1265	mut_M1	mut	23.0561790466309	14.6506793498993	1.57372764060865
1265	mut_M2	mut	22.0308380126953	12.5149254798889	1.76036509750683
1265	mut_M3	mut	16.3184757232666	13.3898050785065	1.21872391924967
1266	ctrl_M1	ctrl	29.6513748168945	9.43882703781128	3.14142580408701
1266	ctrl_M2	ctrl	38.3158683776855	16.3124127388	2.348878059378
1266	ctrl_M3	ctrl	24.1630516052246	12.6955473423004	1.90326978063526
1266	mut_M1	mut	34.8780288696289	13.0546481013298	2.67169429607804
1266	mut_M2	mut	35.507999420166	16.4487857818604	2.15870033758504
1266	mut_M3	mut	46.0466117858887	17.3651314973831	2.65167078019696
1267	ctrl_M1	ctrl	23.341215133667	7.81654691696167	2.98612870640068
1267	ctrl_M2	ctrl	22.8028774261475	17.8128254413605	1.28013815108749
1267	ctrl_M3	ctrl	13.4379529953003	14.3834388256073	0.934265661934493
1267	mut_M1	mut	23.9855079650879	16.9371664524078	1.41614643939914
1267	mut_M2	mut	28.01344871521	14.1887052059174	1.9743484911877
1267	mut_M3	mut	27.0800266265869	20.3480660915375	1.3308403120358
1268	ctrl_M1	ctrl	69.4213409423828	15.071801841259	4.60604124666383
1268	ctrl_M2	ctrl	118.713439941406	21.6341944932938	5.4873057547026
1268	ctrl_M3	ctrl	86.5637588500977	21.2529857158661	4.07301637555211
1268	mut_M1	mut	143.41535949707	20.5698964595795	6.97209924118414
1268	mut_M2	mut	151.81721496582	22.7250771522522	6.68060284014368
1268	mut_M3	mut	146.094161987305	22.4255967140198	6.51461648268968
1269	ctrl_M1	ctrl	33.6158027648926	16.9727618694305	1.98057352265324
1269	ctrl_M2	ctrl	60.1732521057129	23.0284109115601	2.61300062504558
1269	ctrl_M3	ctrl	43.4359169006348	17.8144567012787	2.43823977508767
1269	mut_M1	mut	47.8379173278809	23.1077897548676	2.07020739912194
1269	mut_M2	mut	45.659854888916	21.1711781024933	2.15669882270457
1269	mut_M3	mut	45.641902923584	20.2327852249146	2.25583884849332
1270	ctrl_M1	ctrl	56.7407150268555	24.2743577957153	2.33747543413366
1270	ctrl_M2	ctrl	96.3033294677734	36.9914727210999	2.60339268441297
1270	ctrl_M3	ctrl	81.7027893066406	29.2727103233337	2.79109069178039
1270	mut_M1	mut	103.856201171875	28.3492674827576	3.66345272360359
1270	mut_M2	mut	124.400291442871	34.8278956413269	3.57185782121321
1270	mut_M3	mut	110.867256164551	30.1642570495605	3.67545124623469
1271	ctrl_M1	ctrl	33.3476219177246	12.260036110878	2.72002640254348
1271	ctrl_M2	ctrl	55.1590309143066	24.4777274131775	2.25343758361375
1271	ctrl_M3	ctrl	30.1886901855469	19.8857254981995	1.5181085642704
1271	mut_M1	mut	63.8271484375	24.0519700050354	2.65371811224351
1271	mut_M2	mut	48.7789039611816	22.8606706857681	2.13374772033914
1271	mut_M3	mut	52.2404403686523	23.1546592712402	2.25615241220754
1272	ctrl_M1	ctrl	20.2538642883301	6.67077004909515	3.03621083312224
1272	ctrl_M2	ctrl	32.6033172607422	13.5193727016449	2.41159985601812
1272	ctrl_M3	ctrl	19.4495544433594	12.9960346221924	1.49657607176167
1272	mut_M1	mut	27.5860500335693	10.8070558309555	2.55259623574373
1272	mut_M2	mut	21.1913433074951	14.2414820194244	1.48800126830842
1272	mut_M3	mut	19.0505599975586	13.365914106369	1.42530917421359
1273	ctrl_M1	ctrl	9.7857723236084	7.0662180185318	1.38486702475699
1273	ctrl_M2	ctrl	38.5654678344727	9.1519547700882	4.21390498568876
1273	ctrl_M3	ctrl	21.8670501708984	7.18784642219543	3.0422255688957
1273	mut_M1	mut	21.7366275787354	11.5076432228088	1.88888612184744
1273	mut_M2	mut	26.1627826690674	7.05597126483917	3.70789246257846
1273	mut_M3	mut	25.3424282073975	7.45640587806702	3.39874580619895
1274	ctrl_M1	ctrl	12.4138832092285	5.18560272455215	2.39391327655179
1274	ctrl_M2	ctrl	28.0793285369873	9.80655831098557	2.86332142700177
1274	ctrl_M3	ctrl	23.7314109802246	12.7866911888123	1.85594620451837
1274	mut_M1	mut	27.8912239074707	13.6493492126465	2.04341052990488
1274	mut_M2	mut	22.6064147949219	10.6628890037537	2.12010223373457
1274	mut_M3	mut	20.4646778106689	8.83404493331909	2.31656935923916
1275	ctrl_M1	ctrl	18.6958141326904	5.64230597019196	3.31350590192371
1275	ctrl_M2	ctrl	21.2689609527588	8.30040335655212	2.56240089055065
1275	ctrl_M3	ctrl	19.7349319458008	7.61895740032196	2.59024048946209
1275	mut_M1	mut	24.3591747283936	9.53013575077057	2.55601550339133
1275	mut_M2	mut	19.0343723297119	7.62656664848328	2.49579833325096
1275	mut_M3	mut	17.3239078521729	7.16761577129364	2.41696938074656
1276	ctrl_M1	ctrl	15.752555847168	7.74286556243896	2.03446072001875
1276	ctrl_M2	ctrl	33.5638465881348	12.088130235672	2.77659538189687
1276	ctrl_M3	ctrl	28.821605682373	11.9915376901627	2.40349540042868
1276	mut_M1	mut	21.6383724212646	17.2379250526428	1.25527709136589
1276	mut_M2	mut	29.8713989257812	15.1678664684296	1.9693869924261
1276	mut_M3	mut	33.2959518432617	13.0960984230042	2.54243292680018
1277	ctrl_M1	ctrl	21.0523319244385	10.3757343292236	2.02899681665362
1277	ctrl_M2	ctrl	38.1114082336426	14.6731026172638	2.59736534445021
1277	ctrl_M3	ctrl	26.3051624298096	13.7732498645782	1.90987331882075
1277	mut_M1	mut	25.833324432373	16.6275448799133	1.55364635121693
1277	mut_M2	mut	31.5600261688232	14.0001134872437	2.25426930985806
1277	mut_M3	mut	21.4909267425537	15.1936588287354	1.41446684994062
1278	ctrl_M1	ctrl	7.60443115234375	0.522742569446564	14.5471817234909
1278	ctrl_M2	ctrl	22.119119644165	2.55457150936127	8.65864179691552
1278	ctrl_M3	ctrl	13.5309267044067	3.04870812594891	4.43824929951117
1278	mut_M1	mut	16.7613315582275	3.4382027387619	4.87502710915276
1278	mut_M2	mut	10.6399126052856	2.87718436121941	3.69802948629133
1278	mut_M3	mut	17.0149402618408	3.81016558408737	4.46566950604492
1279	ctrl_M1	ctrl	50.0770378112793	15.0822570323944	3.3202615300695
1279	ctrl_M2	ctrl	80.0917053222656	25.9962601661682	3.08089335967247
1279	ctrl_M3	ctrl	66.883903503418	22.6900548934937	2.94771889346979
1279	mut_M1	mut	66.1229705810547	31.7545776367188	2.08231302388966
1279	mut_M2	mut	66.4285507202148	23.7943668365479	2.79177635515736
1279	mut_M3	mut	75.357421875	31.4475741386414	2.39628727935501
1280	ctrl_M1	ctrl	2.55313801765442	1.53182482719421	1.66672975416576
1280	ctrl_M2	ctrl	13.8713159561157	2.59652596712112	5.34225966994485
1280	ctrl_M3	ctrl	5.84124660491943	2.29723151028156	2.54273310233477
1280	mut_M1	mut	9.57923126220703	2.1741741746664	4.40591714032149
1280	mut_M2	mut	10.6776561737061	2.14176724851131	4.985441896699
1280	mut_M3	mut	7.523512840271	4.28317560255527	1.75652682457908
1281	ctrl_M1	ctrl	47.7455673217773	22.0193569660187	2.16834521532398
1281	ctrl_M2	ctrl	57.2002029418945	31.451265335083	1.81869321734694
1281	ctrl_M3	ctrl	67.3411483764648	27.9578058719635	2.40867071918528
1281	mut_M1	mut	63.2125434875488	40.4575047492981	1.56244296031741
1281	mut_M2	mut	71.8954162597656	33.2870845794678	2.15985921170496
1281	mut_M3	mut	67.5576553344727	32.8797070980072	2.05469151939517
1282	ctrl_M1	ctrl	37.098087310791	14.776594877243	2.51059784875909
1282	ctrl_M2	ctrl	85.9235305786133	22.7276725769043	3.78056883246057
1282	ctrl_M3	ctrl	85.2037887573242	27.2280254364014	3.12926800205698
1282	mut_M1	mut	84.4682998657227	32.5396938323975	2.59585416816748
1282	mut_M2	mut	78.5742568969727	23.9270851612091	3.28390426027982
1282	mut_M3	mut	87.1450958251953	24.9271392822266	3.49599265437294
1283	ctrl_M1	ctrl	33.4990196228027	15.3152205944061	2.1873024561617
1283	ctrl_M2	ctrl	59.5620384216309	25.4489390850067	2.34045270895878
1283	ctrl_M3	ctrl	79.2751388549805	23.3155698776245	3.40009441206321
1283	mut_M1	mut	57.6241302490234	30.2929503917694	1.90222905011854
1283	mut_M2	mut	59.3933906555176	23.8400864601135	2.49132446540778
1283	mut_M3	mut	71.5399703979492	25.580970287323	2.79660894776153
1284	ctrl_M1	ctrl	99.794075012207	51.0750093460083	1.95387286835624
1284	ctrl_M2	ctrl	131.425521850586	69.5850458145142	1.88870353266582
1284	ctrl_M3	ctrl	159.788360595703	70.6074810028076	2.26305142636868
1284	mut_M1	mut	171.487548828125	72.8315324783325	2.35457833980279
1284	mut_M2	mut	153.001846313477	66.4926986694336	2.30103228437336
1284	mut_M3	mut	170.5927734375	55.6168155670166	3.06728768445832
1285	ctrl_M1	ctrl	13.2015571594238	4.2000233232975	3.14321044033134
1285	ctrl_M2	ctrl	19.3396778106689	7.04697179794312	2.74439551699552
1285	ctrl_M3	ctrl	20.8645038604736	5.88200563192368	3.54717509062466
1285	mut_M1	mut	29.9040069580078	8.5806331038475	3.48505833964618
1285	mut_M2	mut	26.3119277954102	5.53769686818123	4.75142074796375
1285	mut_M3	mut	19.1446743011475	4.22841593623161	4.52762324943116
1286	ctrl_M1	ctrl	71.0917205810547	28.1338210105896	2.52691308991749
1286	ctrl_M2	ctrl	78.2611312866211	40.299108505249	1.94200651551454
1286	ctrl_M3	ctrl	88.5893936157227	38.3811655044556	2.3081475627789
1286	mut_M1	mut	98.9069519042969	41.2087736129761	2.40014305771896
1286	mut_M2	mut	97.6989974975586	38.4750018119812	2.53928506553403
1286	mut_M3	mut	97.22119140625	30.6945662498474	3.16737466217602
1287	ctrl_M1	ctrl	21.3011112213135	13.076078414917	1.62901372608882
1287	ctrl_M2	ctrl	24.7934322357178	16.3407266139984	1.5172784430821
1287	ctrl_M3	ctrl	33.5934028625488	15.3971750736237	2.18179001679967
1287	mut_M1	mut	19.8572635650635	18.0796899795532	1.09831880897961
1287	mut_M2	mut	26.1749172210693	18.1098144054413	1.44534431082876
1287	mut_M3	mut	12.2708930969238	18.1323478221893	0.676740442950659
1288	ctrl_M1	ctrl	8.36859226226807	2.5734469294548	3.25190007475343
1288	ctrl_M2	ctrl	14.3645305633545	7.6532416343689	1.87692108123789
1288	ctrl_M3	ctrl	13.5738124847412	5.2783510684967	2.57160092396186
1288	mut_M1	mut	15.4186353683472	5.16947871446609	2.9826286594817
1288	mut_M2	mut	12.1893911361694	5.99952292442322	2.03172673722908
1288	mut_M3	mut	12.6874122619629	5.98073661327362	2.12137953605991
1289	ctrl_M1	ctrl	37.7288208007812	14.0394114255905	2.68735060588157
1289	ctrl_M2	ctrl	59.5374908447266	28.9571104049683	2.05605773546077
1289	ctrl_M3	ctrl	64.7076950073242	25.6995799541473	2.51785029649412
1289	mut_M1	mut	60.2450218200684	32.5127663612366	1.85296511378668
1289	mut_M2	mut	59.0476188659668	31.7729640007019	1.85842337103527
1289	mut_M3	mut	62.510612487793	29.623598575592	2.11016269101411
1290	ctrl_M1	ctrl	39.1216278076172	13.6179796457291	2.87279235432597
1290	ctrl_M2	ctrl	51.2125625610352	19.545666217804	2.62014924384548
1290	ctrl_M3	ctrl	51.2035255432129	17.929229259491	2.85586874941141
1290	mut_M1	mut	43.149787902832	23.7143845558167	1.81956178543323
1290	mut_M2	mut	47.0535659790039	19.5725178718567	2.40406299726323
1290	mut_M3	mut	45.3815231323242	22.894394159317	1.98221113939614
1291	ctrl_M1	ctrl	37.1670455932617	20.8615362644196	1.78160635545581
1291	ctrl_M2	ctrl	63.5729141235352	30.7446649074554	2.06777059743198
1291	ctrl_M3	ctrl	71.6387634277344	36.3832507133484	1.969003924145
1291	mut_M1	mut	72.0589218139648	30.4606504440308	2.36563962894909
1291	mut_M2	mut	58.1226844787598	34.3110337257385	1.69399397707912
1291	mut_M3	mut	63.8665885925293	30.6721901893616	2.08223110896988
1292	ctrl_M1	ctrl	6.53530263900757	1.90929746627808	3.42288341886677
1292	ctrl_M2	ctrl	10.376669883728	3.54555787146091	2.92666775156949
1292	ctrl_M3	ctrl	12.8554162979126	2.28543354570866	5.62493550602297
1292	mut_M1	mut	9.69077491760254	3.23370061814785	2.99680646477195
1292	mut_M2	mut	9.34126853942871	3.3125142455101	2.81999346933834
1292	mut_M3	mut	6.80066585540771	3.95072066783905	1.72137349794652
1293	ctrl_M1	ctrl	13.4590892791748	15.1045093536377	0.891064314904965
1293	ctrl_M2	ctrl	32.1187934875488	18.3933687210083	1.74621593111782
1293	ctrl_M3	ctrl	43.0787200927734	18.3493297100067	2.34769993092885
1293	mut_M1	mut	40.440357208252	20.8796181678772	1.93683413571559
1293	mut_M2	mut	25.1070308685303	19.2656195163727	1.30320391966598
1293	mut_M3	mut	22.4903297424316	18.7521846294403	1.19934451301864
1294	ctrl_M1	ctrl	57.4685478210449	19.5178396701813	2.94441130740732
1294	ctrl_M2	ctrl	62.8303184509277	26.2163705825806	2.39660628281915
1294	ctrl_M3	ctrl	80.8020553588867	24.6139934062958	3.28276903406577
1294	mut_M1	mut	71.4496459960938	25.0725209712982	2.84971926348714
1294	mut_M2	mut	80.0110015869141	23.942276597023	3.34182930610962
1294	mut_M3	mut	81.1171493530273	30.0481243133545	2.69957447283909
1295	ctrl_M1	ctrl	26.8196067810059	11.4098225831985	2.35057176265816
1295	ctrl_M2	ctrl	34.5961074829102	15.1047174930573	2.29041738111368
1295	ctrl_M3	ctrl	40.5529098510742	13.6648128032684	2.96768864930038
1295	mut_M1	mut	36.181095123291	12.3813745975494	2.92221956764414
1295	mut_M2	mut	45.1817626953125	16.172283411026	2.7937775728385
1295	mut_M3	mut	38.4071273803711	13.2381947040558	2.90123602492448
1296	ctrl_M1	ctrl	18.2525768280029	12.9136235713959	1.4134357198109
1296	ctrl_M2	ctrl	33.3132553100586	18.3958446979523	1.81091196718827
1296	ctrl_M3	ctrl	35.7573699951172	17.0817911624908	2.09330331081645
1296	mut_M1	mut	42.3913116455078	18.3600912094116	2.30888349965154
1296	mut_M2	mut	43.4431762695312	18.510157585144	2.34699116253867
1296	mut_M3	mut	43.257209777832	18.7513177394867	2.30688906128131
1297	ctrl_M1	ctrl	18.8608150482178	13.4422818422318	1.40309623541463
1297	ctrl_M2	ctrl	29.9828357696533	15.8643534183502	1.88995006471378
1297	ctrl_M3	ctrl	32.3664894104004	17.851546049118	1.8130916684384
1297	mut_M1	mut	61.3988227844238	21.4478549957275	2.86270225142116
1297	mut_M2	mut	47.3176383972168	18.858293056488	2.50911565831975
1297	mut_M3	mut	51.4055099487305	20.9323129653931	2.45579693145798
1298	ctrl_M1	ctrl	11.8591680526733	2.66334466636181	4.45273501490637
1298	ctrl_M2	ctrl	14.3440132141113	9.11000752449036	1.57453362969794
1298	ctrl_M3	ctrl	15.9721536636353	5.96320158243179	2.67845274771372
1298	mut_M1	mut	30.7635593414307	6.61405110359192	4.65124306716103
1298	mut_M2	mut	14.6697034835815	5.65316009521484	2.59495631407977
1298	mut_M3	mut	13.2944889068604	6.16720592975616	2.15567455640094
1299	ctrl_M1	ctrl	89.057487487793	32.3054285049438	2.75673444400108
1299	ctrl_M2	ctrl	172.013336181641	46.5693361759186	3.69370384692299
1299	ctrl_M3	ctrl	88.0274810791016	45.7587909698486	1.92372829817782
1299	mut_M1	mut	254.407089233398	57.5219373703003	4.42278373893494
1299	mut_M2	mut	138.195602416992	53.7136895656586	2.5728190249911
1299	mut_M3	mut	135.609786987305	53.4494171142578	2.53716119480619
1300	ctrl_M1	ctrl	56.7173461914062	46.7936906814575	1.21207251160211
1300	ctrl_M2	ctrl	91.4958038330078	63.8274631500244	1.43348645422347
1300	ctrl_M3	ctrl	92.5205841064453	60.7122325897217	1.52391997724209
1300	mut_M1	mut	114.219543457031	67.8876762390137	1.68247831984845
1300	mut_M2	mut	98.4283218383789	71.4001884460449	1.37854428651485
1300	mut_M3	mut	89.2033081054688	58.2864265441895	1.53043021153201
1301	ctrl_M1	ctrl	49.5308952331543	32.457537651062	1.5260213441217
1301	ctrl_M2	ctrl	84.6626281738281	48.0839233398438	1.76072629463815
1301	ctrl_M3	ctrl	83.503532409668	46.4506273269653	1.79768363130788
1301	mut_M1	mut	99.9568939208984	52.5802421569824	1.90103525241419
1301	mut_M2	mut	84.3580703735352	53.3858633041382	1.58015746402655
1301	mut_M3	mut	101.945503234863	40.7846698760986	2.49960349181611
1302	ctrl_M1	ctrl	51.3405952453613	47.7907519340515	1.07427887546545
1302	ctrl_M2	ctrl	70.16748046875	68.5326433181763	1.02385486786178
1302	ctrl_M3	ctrl	82.1008148193359	55.3517026901245	1.48325725911199
1302	mut_M1	mut	107.485084533691	60.2324199676514	1.78450549706317
1302	mut_M2	mut	101.159629821777	64.8502111434937	1.55989669174619
1302	mut_M3	mut	80.5980987548828	52.7486753463745	1.52796441286222
1303	ctrl_M1	ctrl	36.0462379455566	16.688542842865	2.15993920409701
1303	ctrl_M2	ctrl	50.0820007324219	24.9189381599426	2.00979674217937
1303	ctrl_M3	ctrl	36.6873626708984	25.794050693512	1.42231877834242
1303	mut_M1	mut	65.0542297363281	30.2609210014343	2.14977692626225
1303	mut_M2	mut	49.8556709289551	27.0232682228088	1.8449164075156
1303	mut_M3	mut	54.507999420166	24.054102897644	2.26605829583878
1304	ctrl_M1	ctrl	68.4497833251953	38.200630903244	1.79184955082463
1304	ctrl_M2	ctrl	94.2076797485352	48.6627659797668	1.93592940828117
1304	ctrl_M3	ctrl	86.7118988037109	55.3742198944092	1.56592542466618
1304	mut_M1	mut	115.176574707031	53.247917175293	2.16302497481485
1304	mut_M2	mut	88.898567199707	53.9403100013733	1.64809151444335
1304	mut_M3	mut	112.08406829834	42.69473695755	2.62524320994837
1305	ctrl_M1	ctrl	17.1032447814941	14.6207089424133	1.16979585934299
1305	ctrl_M2	ctrl	22.0990715026855	19.6739020347595	1.12326835132356
1305	ctrl_M3	ctrl	15.4036283493042	16.9517693519592	0.908673780859571
1305	mut_M1	mut	34.7452964782715	21.60640001297	1.60810206500918
1305	mut_M2	mut	32.2029991149902	21.3602087497711	1.50761631088157
1305	mut_M3	mut	25.0613231658936	16.4258003234863	1.52572919872037
1306	ctrl_M1	ctrl	22.6145496368408	12.0968582630157	1.86945644440435
1306	ctrl_M2	ctrl	31.9800624847412	14.6386535167694	2.18463142447536
1306	ctrl_M3	ctrl	36.3407516479492	15.4359028339386	2.35430036317977
1306	mut_M1	mut	46.5471611022949	16.4665998220444	2.82676214915849
1306	mut_M2	mut	30.2879085540771	18.5972592830658	1.62862215840893
1306	mut_M3	mut	26.1490516662598	16.7826969623566	1.55809592015585
1307	ctrl_M1	ctrl	100.55347442627	47.4081840515137	2.12101510399572
1307	ctrl_M2	ctrl	153.979461669922	72.4166402816772	2.12629943989381
1307	ctrl_M3	ctrl	134.066207885742	68.5053215026855	1.9570188847371
1307	mut_M1	mut	189.513732910156	82.0998601913452	2.30833198093721
1307	mut_M2	mut	163.748718261719	74.5355033874512	2.19692241709992
1307	mut_M3	mut	141.733108520508	62.7144002914429	2.25997710034464
1308	ctrl_M1	ctrl	31.2467136383057	14.1452300548553	2.20899296208903
1308	ctrl_M2	ctrl	41.8959121704102	21.7410516738892	1.92704165368076
1308	ctrl_M3	ctrl	33.7883338928223	23.7128014564514	1.42489844377412
1308	mut_M1	mut	60.7442245483398	21.3320405483246	2.8475580857224
1308	mut_M2	mut	36.9382972717285	17.7070508003235	2.08607846039803
1308	mut_M3	mut	42.2911758422852	21.4734909534454	1.96945973684356
1309	ctrl_M1	ctrl	21.1926574707031	9.37862485647202	2.25967642325287
1309	ctrl_M2	ctrl	33.0490951538086	15.6550164222717	2.11108658479534
1309	ctrl_M3	ctrl	25.0998077392578	10.3491529226303	2.4253006914578
1309	mut_M1	mut	48.9859580993652	13.5678789615631	3.61043595967647
1309	mut_M2	mut	32.1675415039062	12.9771634340286	2.47878064165831
1309	mut_M3	mut	21.2471237182617	13.9416406154633	1.52400454898369
1310	ctrl_M1	ctrl	19.9181594848633	11.5656074285507	1.72218879189117
1310	ctrl_M2	ctrl	32.3915824890137	18.8383302688599	1.71945082322702
1310	ctrl_M3	ctrl	23.3265857696533	17.7820205688477	1.31180737753274
1310	mut_M1	mut	47.8019981384277	23.2602591514587	2.05509310223785
1310	mut_M2	mut	34.3803482055664	21.3622903823853	1.60939429200511
1310	mut_M3	mut	27.166187286377	17.3440601825714	1.5663107138936
1311	ctrl_M1	ctrl	14.3838415145874	12.3284121751785	1.16672295752304
1311	ctrl_M2	ctrl	24.6861667633057	15.4987640380859	1.59278292789303
1311	ctrl_M3	ctrl	29.127046585083	21.0042660236359	1.38672051440915
1311	mut_M1	mut	47.1481246948242	21.4977452754974	2.19316603162855
1311	mut_M2	mut	30.1266345977783	14.712585568428	2.04767778291992
1311	mut_M3	mut	23.6386604309082	18.0254845619202	1.31140221777151
1312	ctrl_M1	ctrl	14.6319637298584	7.01462626457214	2.08592206882898
1312	ctrl_M2	ctrl	17.8381805419922	10.1281816959381	1.76124215357888
1312	ctrl_M3	ctrl	19.8506164550781	9.12589716911316	2.17519615739952
1312	mut_M1	mut	38.3912696838379	10.5088957548141	3.65321633971398
1312	mut_M2	mut	30.2305164337158	10.0892164707184	2.99631953793963
1312	mut_M3	mut	30.6648101806641	10.718177318573	2.86100978452059
1313	ctrl_M1	ctrl	40.6690406799316	20.8603231906891	1.94958823543463
1313	ctrl_M2	ctrl	55.1222305297852	35.5084915161133	1.55236756550955
1313	ctrl_M3	ctrl	58.1969985961914	29.3186392784119	1.98498293333291
1313	mut_M1	mut	71.4193954467773	32.9723925590515	2.16603618675441
1313	mut_M2	mut	58.6052703857422	34.6258916854858	1.69252739880509
1313	mut_M3	mut	49.6305885314941	29.6553950309753	1.67357704996526
1314	ctrl_M1	ctrl	41.3833198547363	13.5058722496033	3.06409827443407
1314	ctrl_M2	ctrl	38.1217422485352	21.3420798778534	1.78622432615361
1314	ctrl_M3	ctrl	46.6092262268066	17.2781462669373	2.69758257088008
1314	mut_M1	mut	55.0327491760254	26.6626455783844	2.06403933226494
1314	mut_M2	mut	45.9063682556152	21.6322405338287	2.12212730270941
1314	mut_M3	mut	40.3745079040527	25.2260007858276	1.60051164062184
1315	ctrl_M1	ctrl	12.0135068893433	6.58032858371735	1.82566975744494
1315	ctrl_M2	ctrl	12.3750143051147	7.00264710187912	1.76719091010512
1315	ctrl_M3	ctrl	12.6610383987427	6.90622228384018	1.83327988564286
1315	mut_M1	mut	30.2939434051514	12.4035316109657	2.44236434874476
1315	mut_M2	mut	24.7175884246826	8.13395124673843	3.03881688922022
1315	mut_M3	mut	24.8554973602295	11.4797811508179	2.1651542859298
1316	ctrl_M1	ctrl	67.9620132446289	48.0384769439697	1.41474121512839
1316	ctrl_M2	ctrl	88.9323959350586	74.9009227752686	1.18733378228049
1316	ctrl_M3	ctrl	90.0583190917969	72.9588022232056	1.23437222579776
1316	mut_M1	mut	160.095153808594	86.2086944580078	1.85706505376411
1316	mut_M2	mut	108.581718444824	80.3914585113525	1.35066237701721
1316	mut_M3	mut	114.079643249512	83.3426685333252	1.36880238246626
1317	ctrl_M1	ctrl	40.951042175293	17.1706624031067	2.38494248002242
1317	ctrl_M2	ctrl	49.1728363037109	28.1624555587769	1.74604221571106
1317	ctrl_M3	ctrl	42.9498100280762	19.6606758832932	2.18455409585248
1317	mut_M1	mut	59.6101455688477	24.6635118722916	2.41693664217451
1317	mut_M2	mut	52.7120704650879	29.8663229942322	1.76493338250134
1317	mut_M3	mut	49.2702102661133	21.804851770401	2.25959849600973
1318	ctrl_M1	ctrl	9.847825050354	10.0667908787727	0.978248696028796
1318	ctrl_M2	ctrl	17.2902660369873	19.2840507030487	0.896609654436026
1318	ctrl_M3	ctrl	28.9116058349609	22.8972375392914	1.2626678561267
1318	mut_M1	mut	41.0708999633789	17.9626051187515	2.28646678429201
1318	mut_M2	mut	24.2734470367432	15.5367653369904	1.56232307756829
1318	mut_M3	mut	31.7266941070557	14.0570158958435	2.25700065662136
1319	ctrl_M1	ctrl	22.5997009277344	8.97386693954468	2.51839046422066
1319	ctrl_M2	ctrl	20.8620376586914	15.8208540678024	1.31864168453133
1319	ctrl_M3	ctrl	17.0321521759033	12.9623175859451	1.313974299964
1319	mut_M1	mut	37.6739349365234	16.7531609535217	2.24876577268267
1319	mut_M2	mut	22.5447387695312	14.9488945007324	1.50812080240627
1319	mut_M3	mut	25.7348766326904	13.7504035234451	1.87157246613244
1320	ctrl_M1	ctrl	18.5217113494873	11.3081653118134	1.63790595899214
1320	ctrl_M2	ctrl	27.3471984863281	15.0518200397491	1.81686988112461
1320	ctrl_M3	ctrl	19.7953414916992	13.108145236969	1.51015579502966
1320	mut_M1	mut	43.2337913513184	13.3682547807693	3.2340639866852
1320	mut_M2	mut	35.9275169372559	11.6849614977837	3.07467995885741
1320	mut_M3	mut	19.3040618896484	9.24420738220215	2.08823332185456
1321	ctrl_M1	ctrl	12.1074886322021	7.93370819091797	1.52608192043943
1321	ctrl_M2	ctrl	15.9877853393555	10.8103885650635	1.47892790745969
1321	ctrl_M3	ctrl	13.6489677429199	10.3849960565567	1.31429686333896
1321	mut_M1	mut	23.4373531341553	12.6201627254486	1.85713557297433
1321	mut_M2	mut	19.1800479888916	13.5992366075516	1.41037681322796
1321	mut_M3	mut	13.7663316726685	11.2415916919708	1.22458919073719
1322	ctrl_M1	ctrl	35.5077323913574	24.7719135284424	1.43338674061608
1322	ctrl_M2	ctrl	53.1938743591309	35.5052995681763	1.49819534002211
1322	ctrl_M3	ctrl	60.436351776123	27.1344938278198	2.22728871080544
1322	mut_M1	mut	71.9927215576172	37.4203968048096	1.92388984898108
1322	mut_M2	mut	65.4584732055664	35.1523442268372	1.86213678334408
1322	mut_M3	mut	57.6826667785645	27.2379870414734	2.11772869598385
1323	ctrl_M1	ctrl	17.1902770996094	11.7646434307098	1.46118130998656
1323	ctrl_M2	ctrl	40.7723197937012	14.7624299526215	2.76189759575868
1323	ctrl_M3	ctrl	29.84499168396	14.4468863010406	2.06584249796513
1323	mut_M1	mut	57.7102470397949	16.1113655567169	3.58195876300102
1323	mut_M2	mut	46.7120819091797	18.8098340034485	2.48338618515271
1323	mut_M3	mut	38.0849571228027	15.4760265350342	2.46090022116382
1324	ctrl_M1	ctrl	107.844284057617	96.9077625274658	1.11285495862162
1324	ctrl_M2	ctrl	134.97802734375	147.764580726624	0.913466723080752
1324	ctrl_M3	ctrl	141.359588623047	142.747592926025	0.990276513428161
1324	mut_M1	mut	196.095855712891	153.571109771729	1.27690589723791
1324	mut_M2	mut	179.890777587891	141.080877304077	1.27508972885223
1324	mut_M3	mut	151.22900390625	131.686144828796	1.14840482347525
1325	ctrl_M1	ctrl	85.8241577148438	30.3882911205292	2.82425087262851
1325	ctrl_M2	ctrl	113.483215332031	37.5010709762573	3.02613265108828
1325	ctrl_M3	ctrl	113.066093444824	42.3762211799622	2.66814950216203
1325	mut_M1	mut	155.853805541992	53.2295517921448	2.92795637563478
1325	mut_M2	mut	119.530532836914	52.3563303947449	2.28301968330675
1325	mut_M3	mut	111.901306152344	38.7081942558289	2.89089450705888
1326	ctrl_M1	ctrl	62.4746971130371	42.6270337104797	1.46561211688717
1326	ctrl_M2	ctrl	96.6458053588867	62.9189167022705	1.53603733859898
1326	ctrl_M3	ctrl	59.9339904785156	57.3340005874634	1.04534813312191
1326	mut_M1	mut	115.971389770508	64.4473247528076	1.79947562160764
1326	mut_M2	mut	80.6614685058594	60.7991428375244	1.32668759362963
1326	mut_M3	mut	78.5504989624023	53.1060743331909	1.47912456246665
1327	ctrl_M1	ctrl	33.4310111999512	20.5930449962616	1.62341272046073
1327	ctrl_M2	ctrl	44.8729362487793	33.2041206359863	1.35142673226366
1327	ctrl_M3	ctrl	44.4994125366211	33.4290932416916	1.33115822839978
1327	mut_M1	mut	64.1716461181641	35.9556655883789	1.78474365772566
1327	mut_M2	mut	52.1383476257324	39.4061579704285	1.3231015229868
1327	mut_M3	mut	56.296947479248	33.0075652599335	1.70557710136787
1328	ctrl_M1	ctrl	21.9283847808838	25.5407960414886	0.858563090408896
1328	ctrl_M2	ctrl	51.951530456543	46.7988533973694	1.11010263468257
1328	ctrl_M3	ctrl	33.2701301574707	41.313063621521	0.805317428459589
1328	mut_M1	mut	87.7085876464844	41.5261859893799	2.11212721700267
1328	mut_M2	mut	51.9366340637207	52.8481640815735	0.982751907588582
1328	mut_M3	mut	68.9565963745117	47.9773263931274	1.43727467865716
1329	ctrl_M1	ctrl	10.2046918869019	9.89913988113403	1.03086652067117
1329	ctrl_M2	ctrl	18.5288047790527	15.5015680789948	1.19528583718959
1329	ctrl_M3	ctrl	20.2516021728516	12.276113986969	1.6496753121019
1329	mut_M1	mut	30.2789974212646	13.9245297908783	2.17450771236095
1329	mut_M2	mut	21.4329738616943	13.4580558538437	1.5925757846794
1329	mut_M3	mut	20.5930919647217	13.2608361244202	1.55292560525644
1330	ctrl_M1	ctrl	4.31408405303955	2.74123373627663	1.5737746095666
1330	ctrl_M2	ctrl	5.54574012756348	3.53213059902191	1.57008354365469
1330	ctrl_M3	ctrl	9.85219287872314	2.26844745874405	4.34314351903831
1330	mut_M1	mut	19.0782451629639	3.99614867568016	4.77415799844251
1330	mut_M2	mut	14.6636457443237	3.61672049760818	4.05440391482314
1330	mut_M3	mut	10.8170480728149	3.74631476402283	2.88738367013227
1331	ctrl_M1	ctrl	33.3579025268555	17.4665058851242	1.90982115978134
1331	ctrl_M2	ctrl	43.2317161560059	20.8449679017067	2.07396415095781
1331	ctrl_M3	ctrl	48.4389495849609	20.8784997463226	2.32003976212384
1331	mut_M1	mut	57.2890739440918	22.4174191951752	2.55556063101242
1331	mut_M2	mut	55.3465003967285	21.127685546875	2.61961965847768
1331	mut_M3	mut	47.8107528686523	19.9327730536461	2.39860017168594
1332	ctrl_M1	ctrl	47.800350189209	39.5153465270996	1.20966546899513
1332	ctrl_M2	ctrl	67.5583343505859	56.2308311462402	1.20144648360054
1332	ctrl_M3	ctrl	76.3294067382812	49.4704675674438	1.54292875106184
1332	mut_M1	mut	94.2030563354492	60.5439491271973	1.55594502330096
1332	mut_M2	mut	88.1220550537109	62.188515663147	1.41701492814263
1332	mut_M3	mut	70.9432983398438	50.3079748153687	1.41017996848824
1333	ctrl_M1	ctrl	39.9974899291992	19.7199764251709	2.02827270514106
1333	ctrl_M2	ctrl	48.8611907958984	25.1772837638855	1.94068555028106
1333	ctrl_M3	ctrl	38.0524597167969	23.4109652042389	1.62541182667287
1333	mut_M1	mut	74.8218231201172	29.9453387260437	2.49861335029896
1333	mut_M2	mut	59.3563270568848	28.1606351137161	2.10777657596132
1333	mut_M3	mut	57.1112060546875	27.4586265087128	2.07990031972524
1334	ctrl_M1	ctrl	21.7705516815186	14.9895598888397	1.45238098002647
1334	ctrl_M2	ctrl	24.556661605835	20.938220500946	1.17281512078476
1334	ctrl_M3	ctrl	11.8835983276367	19.7257285118103	0.60244154331343
1334	mut_M1	mut	50.4833984375	22.6393210887909	2.22989895498656
1334	mut_M2	mut	28.172191619873	24.1979360580444	1.16423944390527
1334	mut_M3	mut	34.1490669250488	18.9283556938171	1.8041222110066
1335	ctrl_M1	ctrl	12.6262321472168	10.7016215324402	1.17984289660613
1335	ctrl_M2	ctrl	19.4656372070312	8.57723653316498	2.26945323610523
1335	ctrl_M3	ctrl	13.0655193328857	10.1266044378281	1.29021721082334
1335	mut_M1	mut	29.4777927398682	12.6702357530594	2.32653861493859
1335	mut_M2	mut	18.8378086090088	11.5934021472931	1.62487321406402
1335	mut_M3	mut	20.2029037475586	10.517427444458	1.92089784828553
1336	ctrl_M1	ctrl	33.5041580200195	39.4645829200745	0.848967746292257
1336	ctrl_M2	ctrl	69.3244171142578	60.7378578186035	1.14137079581072
1336	ctrl_M3	ctrl	56.2191162109375	52.4792613983154	1.07126348033439
1336	mut_M1	mut	80.1326446533203	50.7945456504822	1.57758364854199
1336	mut_M2	mut	72.773567199707	57.5563955307007	1.26438715504499
1336	mut_M3	mut	78.1022567749023	58.981520652771	1.32418181000617
1337	ctrl_M1	ctrl	41.5181541442871	27.8335304260254	1.49165964607444
1337	ctrl_M2	ctrl	37.9862861633301	31.6910762786865	1.1986429816799
1337	ctrl_M3	ctrl	40.2094917297363	26.8557553291321	1.49723927839477
1337	mut_M1	mut	64.6142654418945	32.4415259361267	1.99171474144317
1337	mut_M2	mut	53.6053771972656	30.6216688156128	1.75057007898715
1337	mut_M3	mut	55.4012641906738	28.5138611793518	1.94295903463234
1338	ctrl_M1	ctrl	30.8128833770752	26.1858496665955	1.17669977370955
1338	ctrl_M2	ctrl	40.6084098815918	34.1149101257324	1.19034198630239
1338	ctrl_M3	ctrl	51.0046920776367	30.114586353302	1.69368728759059
1338	mut_M1	mut	63.1974334716797	31.5986833572388	2.00000211265771
1338	mut_M2	mut	59.3597984313965	37.4388709068298	1.58551251663329
1338	mut_M3	mut	58.9011650085449	34.354663848877	1.71450273149654
1339	ctrl_M1	ctrl	12.9409160614014	7.90770471096039	1.63649460044515
1339	ctrl_M2	ctrl	26.7582206726074	14.8917787075043	1.79684517196884
1339	ctrl_M3	ctrl	19.6144142150879	12.7857851982117	1.53407975427519
1339	mut_M1	mut	35.4481430053711	15.11559009552	2.34513788620646
1339	mut_M2	mut	32.218433380127	15.4085912704468	2.09093958134388
1339	mut_M3	mut	31.994649887085	18.9275245666504	1.69037687809733
1340	ctrl_M1	ctrl	14.4211311340332	3.78934490680695	3.80570560049257
1340	ctrl_M2	ctrl	18.1535396575928	8.27525341510773	2.19371404680499
1340	ctrl_M3	ctrl	13.367823600769	6.35489463806152	2.10354763723458
1340	mut_M1	mut	24.5053768157959	7.24875867366791	3.38063079749295
1340	mut_M2	mut	21.5684337615967	6.91336220502853	3.11981827683042
1340	mut_M3	mut	16.6955280303955	6.5858981013298	2.53504195988462
1341	ctrl_M1	ctrl	11.3680400848389	7.44744122028351	1.52643569094274
1341	ctrl_M2	ctrl	10.7910327911377	10.2729501724243	1.05043172701295
1341	ctrl_M3	ctrl	15.0966720581055	6.61296498775482	2.28289006308968
1341	mut_M1	mut	22.5282020568848	7.75999736785889	2.9031198064827
1341	mut_M2	mut	18.2045955657959	7.44678175449371	2.44462590229806
1341	mut_M3	mut	18.3452625274658	7.08888232707977	2.58789209370655
1342	ctrl_M1	ctrl	10.5001811981201	3.65425455570221	2.87341263123975
1342	ctrl_M2	ctrl	9.14998340606689	7.25714957714081	1.26082331758578
1342	ctrl_M3	ctrl	15.2613773345947	5.32468146085739	2.86615780620561
1342	mut_M1	mut	21.8643093109131	9.2254753112793	2.3699927183352
1342	mut_M2	mut	18.5922336578369	6.04592621326447	3.07516714594473
1342	mut_M3	mut	18.5349159240723	6.63507318496704	2.79347573227474
1343	ctrl_M1	ctrl	74.9478073120117	30.9898052215576	2.41846654976312
1343	ctrl_M2	ctrl	91.6379852294922	44.8721981048584	2.04219960464942
1343	ctrl_M3	ctrl	120.170280456543	41.390410900116	2.90333625212226
1343	mut_M1	mut	114.213356018066	47.9713258743286	2.38086719381643
1343	mut_M2	mut	118.367469787598	49.7162933349609	2.38085870541681
1343	mut_M3	mut	92.0447463989258	42.4338154792786	2.169136698157
1344	ctrl_M1	ctrl	26.3281211853027	17.6738085746765	1.48966879855349
1344	ctrl_M2	ctrl	23.2951354980469	25.0074257850647	0.931528726637651
1344	ctrl_M3	ctrl	41.624153137207	22.959536075592	1.81293528754952
1344	mut_M1	mut	67.2166366577148	32.5774645805359	2.06328630920759
1344	mut_M2	mut	45.9606323242188	31.7022747993469	1.44975818344637
1344	mut_M3	mut	52.6242790222168	25.1565918922424	2.09186837579714
1345	ctrl_M1	ctrl	38.8156242370605	27.4205141067505	1.41556879954723
1345	ctrl_M2	ctrl	77.257194519043	42.912691116333	1.80033441178519
1345	ctrl_M3	ctrl	54.3947906494141	42.7301397323608	1.27298415100242
1345	mut_M1	mut	92.6635818481445	43.1779680252075	2.14608482256615
1345	mut_M2	mut	79.9783782958984	46.0485372543335	1.73682777053623
1345	mut_M3	mut	63.8882789611816	39.0322885513306	1.63680586848407
1346	ctrl_M1	ctrl	14.5834350585938	12.9326386451721	1.12764575418164
1346	ctrl_M2	ctrl	21.8355884552002	17.31485247612	1.26109006619115
1346	ctrl_M3	ctrl	23.9512634277344	19.3374536037445	1.23859448707851
1346	mut_M1	mut	32.7989158630371	20.4123964309692	1.60681358379241
1346	mut_M2	mut	40.3487281799316	18.4566781520844	2.18613164554614
1346	mut_M3	mut	33.8834037780762	19.4112794399261	1.7455523157522
1347	ctrl_M1	ctrl	24.5407943725586	11.961118221283	2.05171405537085
1347	ctrl_M2	ctrl	13.1123886108398	23.8565564155579	0.549634590275095
1347	ctrl_M3	ctrl	30.7460117340088	19.9382045269012	1.54206521918889
1347	mut_M1	mut	39.0588607788086	18.2185881137848	2.14390163139236
1347	mut_M2	mut	48.8890953063965	19.583646774292	2.49642448466619
1347	mut_M3	mut	40.6067390441895	22.7401392459869	1.78568559343169
1348	ctrl_M1	ctrl	17.0853786468506	16.9062540531158	1.01059516751446
1348	ctrl_M2	ctrl	32.3180160522461	22.7469530105591	1.42076242199314
1348	ctrl_M3	ctrl	35.4840621948242	24.0538761615753	1.4751910235369
1348	mut_M1	mut	38.1664924621582	25.7785081863403	1.48055473909782
1348	mut_M2	mut	43.5458106994629	23.8240580558777	1.8278082851095
1348	mut_M3	mut	30.2914886474609	20.7515935897827	1.4597186725156
1349	ctrl_M1	ctrl	8.20400047302246	8.34434926509857	0.983180379006528
1349	ctrl_M2	ctrl	19.7362766265869	13.0135097503662	1.51659905783922
1349	ctrl_M3	ctrl	14.3698663711548	8.61387270689011	1.66822367361669
1349	mut_M1	mut	16.8945541381836	11.7707402706146	1.43530090289737
1349	mut_M2	mut	36.5500907897949	9.52647113800049	3.8366872958864
1349	mut_M3	mut	20.4942226409912	10.5599863529205	1.94074328849139
1350	ctrl_M1	ctrl	51.1485481262207	30.4508216381073	1.67970995114994
1350	ctrl_M2	ctrl	81.1426315307617	40.2215962409973	2.01738963925191
1350	ctrl_M3	ctrl	62.2896957397461	41.8404338359833	1.48874402172609
1350	mut_M1	mut	75.944709777832	41.7517528533936	1.8189585966487
1350	mut_M2	mut	106.065811157227	47.2378516197205	2.24535637249318
1350	mut_M3	mut	87.554328918457	44.039219379425	1.98809902065072
1351	ctrl_M1	ctrl	39.2819519042969	46.8448820114136	0.838553759079295
1351	ctrl_M2	ctrl	73.5174331665039	59.0332403182983	1.24535656132221
1351	ctrl_M3	ctrl	65.0081329345703	60.6777801513672	1.0713663679258
1351	mut_M1	mut	95.0258636474609	56.6496686935425	1.67743017459682
1351	mut_M2	mut	111.490013122559	57.0871171951294	1.95298026245527
1351	mut_M3	mut	91.4901580810547	61.5864553451538	1.48555648426767
1352	ctrl_M1	ctrl	28.9540958404541	12.4948313832283	2.31728584023302
1352	ctrl_M2	ctrl	25.9678039550781	17.2067291736603	1.50916561148816
1352	ctrl_M3	ctrl	43.4782867431641	16.0784888267517	2.70412768336935
1352	mut_M1	mut	44.1423530578613	21.3087525367737	2.07155970213096
1352	mut_M2	mut	48.1989669799805	19.9847457408905	2.41178785083871
1352	mut_M3	mut	47.810474395752	21.5181882381439	2.22186337746602
1353	ctrl_M1	ctrl	9.75704288482666	7.71165198087692	1.26523381877474
1353	ctrl_M2	ctrl	29.7795143127441	10.807401239872	2.75547410999028
1353	ctrl_M3	ctrl	12.3504238128662	8.91558158397675	1.38526283412208
1353	mut_M1	mut	19.3084316253662	8.43706297874451	2.28852524557538
1353	mut_M2	mut	38.4677124023438	9.04274350404739	4.25398689956496
1353	mut_M3	mut	32.1080932617188	15.7656044363976	2.03659132710395
1354	ctrl_M1	ctrl	20.575511932373	15.5301203727722	1.32487781411189
1354	ctrl_M2	ctrl	48.8730659484863	30.2505793571472	1.6156076011463
1354	ctrl_M3	ctrl	33.325626373291	24.856418132782	1.34072520808376
1354	mut_M1	mut	46.0923614501953	32.9794225692749	1.39760971719187
1354	mut_M2	mut	49.1772689819336	31.6011033058167	1.55618835538827
1354	mut_M3	mut	40.7409706115723	20.7723276615143	1.961309838524
1355	ctrl_M1	ctrl	17.7316474914551	8.34584593772888	2.12460757408617
1355	ctrl_M2	ctrl	26.7146396636963	10.4800045490265	2.54910573165523
1355	ctrl_M3	ctrl	33.4957580566406	10.0967657566071	3.31747401733292
1355	mut_M1	mut	30.3159065246582	14.7346541881561	2.05745626178499
1355	mut_M2	mut	41.212947845459	16.830269575119	2.4487396153408
1355	mut_M3	mut	29.1906414031982	10.7095452547073	2.72566581577006
1356	ctrl_M1	ctrl	7.58160305023193	1.97152869403362	3.84554537459988
1356	ctrl_M2	ctrl	9.88807678222656	3.9624394774437	2.49545181409451
1356	ctrl_M3	ctrl	11.9725952148438	3.50635904073715	3.4145377229614
1356	mut_M1	mut	14.7026653289795	3.77067309617996	3.89921506159594
1356	mut_M2	mut	17.8113861083984	2.57845485210419	6.90777505522859
1356	mut_M3	mut	11.0477476119995	3.32250836491585	3.32512258769869
1357	ctrl_M1	ctrl	59.1683006286621	56.6094336509705	1.04520212997481
1357	ctrl_M2	ctrl	89.2395095825195	72.7393617630005	1.22683932632348
1357	ctrl_M3	ctrl	94.6178436279297	68.016263961792	1.39110615780192
1357	mut_M1	mut	115.12523651123	82.1674213409424	1.40110562839175
1357	mut_M2	mut	115.441360473633	85.4998035430908	1.35019445296681
1357	mut_M3	mut	102.329124450684	66.7988929748535	1.5318985074978
1358	ctrl_M1	ctrl	2.20667004585266	8.01878333091736	0.275187638172562
1358	ctrl_M2	ctrl	11.1260623931885	7.75644743442535	1.434427614865
1358	ctrl_M3	ctrl	9.92652034759521	7.97735333442688	1.24433755550936
1358	mut_M1	mut	14.6232109069824	11.9371579885483	1.22501611531078
1358	mut_M2	mut	35.7476043701172	15.5776398181915	2.29480234408625
1358	mut_M3	mut	16.0009479522705	9.26903557777405	1.72627969954487
1359	ctrl_M1	ctrl	30.2548294067383	20.4588689804077	1.47881241312565
1359	ctrl_M2	ctrl	51.9821319580078	26.6919550895691	1.94748311929844
1359	ctrl_M3	ctrl	47.6947479248047	27.9745554924011	1.70493318250437
1359	mut_M1	mut	55.2739524841309	26.2587575912476	2.10497211423874
1359	mut_M2	mut	61.513786315918	27.3265337944031	2.25106436032941
1359	mut_M3	mut	41.4354133605957	28.2333846092224	1.46760347489691
1360	ctrl_M1	ctrl	19.3221015930176	9.73968183994293	1.98385346775668
1360	ctrl_M2	ctrl	31.1142597198486	16.1812357902527	1.92286053569477
1360	ctrl_M3	ctrl	30.4367485046387	15.2362246513367	1.99765684749
1360	mut_M1	mut	36.8869590759277	19.8022820949554	1.86276303403053
1360	mut_M2	mut	52.922061920166	18.5164813995361	2.8581057479685
1360	mut_M3	mut	24.431510925293	17.7641224861145	1.37532889363886
1361	ctrl_M1	ctrl	5.68859577178955	2.00432027876377	2.83816704947883
1361	ctrl_M2	ctrl	7.69207286834717	3.86548358201981	1.98993805176838
1361	ctrl_M3	ctrl	5.90040826797485	2.82858753204346	2.08599104716841
1361	mut_M1	mut	9.33769226074219	4.41168430447578	2.11658215236952
1361	mut_M2	mut	16.3231010437012	4.85091406106949	3.36495366403222
1361	mut_M3	mut	5.8206000328064	3.91789585351944	1.4856443995513
1362	ctrl_M1	ctrl	30.3627548217773	13.5677886009216	2.23785583007351
1362	ctrl_M2	ctrl	33.9114952087402	22.2075400352478	1.52702618817374
1362	ctrl_M3	ctrl	31.200044631958	18.5377185344696	1.68305741474841
1362	mut_M1	mut	33.7596168518066	20.7066464424133	1.63037587692892
1362	mut_M2	mut	45.4906730651855	20.720484495163	2.19544446828958
1362	mut_M3	mut	31.5939998626709	15.4767565727234	2.04138378181595
1363	ctrl_M1	ctrl	21.8729858398438	12.0916523933411	1.80893273543733
1363	ctrl_M2	ctrl	40.3700714111328	16.3624937534332	2.46723219696645
1363	ctrl_M3	ctrl	33.1718254089355	20.2612208127975	1.63720763499025
1363	mut_M1	mut	35.8142585754395	18.0134720802307	1.98819297112324
1363	mut_M2	mut	53.9187240600586	18.7781571149826	2.87135333514907
1363	mut_M3	mut	38.0636405944824	15.6433358192444	2.433217635567
1364	ctrl_M1	ctrl	26.7395668029785	14.2911878824234	1.87105277902513
1364	ctrl_M2	ctrl	36.4486503601074	24.2290191650391	1.50433866562376
1364	ctrl_M3	ctrl	38.687744140625	20.8902332782745	1.85195366778692
1364	mut_M1	mut	29.8859786987305	23.741849899292	1.25878896655065
1364	mut_M2	mut	51.5758247375488	25.8220949172974	1.99735245737169
1364	mut_M3	mut	37.5091285705566	24.5492496490479	1.52791344366044
1365	ctrl_M1	ctrl	23.2164840698242	8.22865474224091	2.82141915016132
1365	ctrl_M2	ctrl	33.0177459716797	11.9062538146973	2.7731431301189
1365	ctrl_M3	ctrl	28.049955368042	11.1761736273766	2.50979953455021
1365	mut_M1	mut	26.4761638641357	14.0138135552406	1.88929043188495
1365	mut_M2	mut	46.1039695739746	10.9476123452187	4.21132646280724
1365	mut_M3	mut	22.7686958312988	10.1909592151642	2.23420537268159
1366	ctrl_M1	ctrl	22.0241050720215	15.4116014242172	1.42906012592654
1366	ctrl_M2	ctrl	42.3462753295898	20.8239650726318	2.0335356490414
1366	ctrl_M3	ctrl	32.596134185791	18.906968832016	1.72402749882332
1366	mut_M1	mut	49.1183090209961	26.1398541927338	1.8790582632496
1366	mut_M2	mut	44.590404510498	24.6991491317749	1.80534172544161
1366	mut_M3	mut	46.3716316223145	25.6550159454346	1.80750741768946
1367	ctrl_M1	ctrl	18.3247528076172	4.82008129358292	3.80175181526779
1367	ctrl_M2	ctrl	21.6387672424316	7.01062199473381	3.08656881781475
1367	ctrl_M3	ctrl	17.2428302764893	7.57645010948181	2.27584555132358
1367	mut_M1	mut	20.7878265380859	9.34769862890244	2.22384432397204
1367	mut_M2	mut	31.3852615356445	10.8312304019928	2.8976635498281
1367	mut_M3	mut	22.2208938598633	8.88002073764801	2.5023470683638
1368	ctrl_M1	ctrl	9.02001857757568	7.06289309263229	1.27709968978364
1368	ctrl_M2	ctrl	27.2800769805908	11.1235983371735	2.45245074064071
1368	ctrl_M3	ctrl	17.4804153442383	10.2104076743126	1.71201933378386
1368	mut_M1	mut	29.0888767242432	12.199015378952	2.38452660486293
1368	mut_M2	mut	38.9470748901367	14.5059504508972	2.68490334514604
1368	mut_M3	mut	20.3749008178711	10.9977884292603	1.85263618671391
1369	ctrl_M1	ctrl	37.4490242004395	31.137752532959	1.20268873486614
1369	ctrl_M2	ctrl	63.053825378418	45.4142293930054	1.38841561821435
1369	ctrl_M3	ctrl	64.6984939575195	46.4048762321472	1.39421757390012
1369	mut_M1	mut	101.728096008301	58.9179215431213	1.72660700418373
1369	mut_M2	mut	104.84774017334	49.4152312278748	2.1217696966719
1369	mut_M3	mut	95.7998046875	61.6397638320923	1.55418837989808
1370	ctrl_M1	ctrl	38.6809844970703	28.5357532501221	1.35552701756365
1370	ctrl_M2	ctrl	54.755786895752	34.9089765548706	1.56853028359871
1370	ctrl_M3	ctrl	56.7156982421875	39.988883972168	1.41828659888736
1370	mut_M1	mut	99.4658889770508	52.8526878356934	1.88194570702377
1370	mut_M2	mut	98.5540161132812	51.1382513046265	1.92720739561865
1370	mut_M3	mut	99.1918640136719	47.9984693527222	2.06656306651675
1371	ctrl_M1	ctrl	39.3557815551758	19.8743517398834	1.98022969857162
1371	ctrl_M2	ctrl	63.4272079467773	28.1504006385803	2.25315471566859
1371	ctrl_M3	ctrl	51.408821105957	24.4192101955414	2.10526141895218
1371	mut_M1	mut	76.0880889892578	32.854070186615	2.31594102517796
1371	mut_M2	mut	82.7457275390625	25.4465680122375	3.25174410550252
1371	mut_M3	mut	64.608528137207	27.6562266349792	2.33612954471132
1372	ctrl_M1	ctrl	33.6242713928223	17.4650840759277	1.92522814357171
1372	ctrl_M2	ctrl	38.380069732666	34.1446509361267	1.12404340593384
1372	ctrl_M3	ctrl	47.7484130859375	35.0388264656067	1.36272866138386
1372	mut_M1	mut	55.9840354919434	29.4168119430542	1.90313061797175
1372	mut_M2	mut	59.2013359069824	27.8276498317719	2.12742852037006
1372	mut_M3	mut	48.8860816955566	26.4250073432922	1.84999311676505
1373	ctrl_M1	ctrl	13.145715713501	5.61109292507172	2.34280841344879
1373	ctrl_M2	ctrl	20.5654811859131	9.45600566267967	2.17485922910131
1373	ctrl_M3	ctrl	24.451452255249	8.97736442089081	2.72367825442723
1373	mut_M1	mut	16.5513439178467	10.1793872117996	1.62596662976538
1373	mut_M2	mut	27.7332229614258	11.7277410030365	2.36475404378773
1373	mut_M3	mut	20.9842014312744	9.68761682510376	2.16608499387564
1374	ctrl_M1	ctrl	53.4214248657227	29.5439069271088	1.80820448011581
1374	ctrl_M2	ctrl	64.6291198730469	37.092236995697	1.74238938138307
1374	ctrl_M3	ctrl	52.5618133544922	39.0721435546875	1.34525031320393
1374	mut_M1	mut	64.5743255615234	44.933500289917	1.43710873056586
1374	mut_M2	mut	70.9670333862305	38.6788189411163	1.83477767235522
1374	mut_M3	mut	70.335334777832	38.0783290863037	1.84712240441062
1375	ctrl_M1	ctrl	25.1486587524414	14.7911124229431	1.70025472279098
1375	ctrl_M2	ctrl	31.4569549560547	19.3399562835693	1.62652668366058
1375	ctrl_M3	ctrl	29.3730125427246	19.6146450042725	1.49750416264615
1375	mut_M1	mut	39.8490295410156	20.3282055854797	1.96028269064139
1375	mut_M2	mut	47.8857574462891	23.633944272995	2.0261432832862
1375	mut_M3	mut	29.3237285614014	18.0122647285461	1.62798676364825
1376	ctrl_M1	ctrl	20.9739456176758	15.7127847671509	1.33483312655844
1376	ctrl_M2	ctrl	26.700475692749	15.8915936946869	1.68016350063593
1376	ctrl_M3	ctrl	36.6727867126465	21.3419075012207	1.71834624953505
1376	mut_M1	mut	43.3229675292969	21.1248183250427	2.05080899928683
1376	mut_M2	mut	46.8583564758301	21.1836669445038	2.21200402171106
1376	mut_M3	mut	40.9921951293945	17.5513505935669	2.33555787692028
1377	ctrl_M1	ctrl	16.5760478973389	8.77100574970245	1.88986854761795
1377	ctrl_M2	ctrl	29.7388286590576	14.3639463186264	2.07038010302878
1377	ctrl_M3	ctrl	26.8905124664307	11.5390622615814	2.33038975411034
1377	mut_M1	mut	30.0086574554443	13.4350620508194	2.23360765599249
1377	mut_M2	mut	34.5591163635254	10.4177062511444	3.31734409959284
1377	mut_M3	mut	32.7911491394043	9.25019806623459	3.54491319046451
1378	ctrl_M1	ctrl	24.2503051757812	11.5208222866058	2.10491096663949
1378	ctrl_M2	ctrl	30.4065952301025	17.6249101161957	1.72520569067536
1378	ctrl_M3	ctrl	24.687816619873	11.4654721021652	2.15323158086188
1378	mut_M1	mut	39.9426383972168	24.6339569091797	1.62144630456557
1378	mut_M2	mut	44.4000053405762	22.5343861579895	1.97032237884298
1378	mut_M3	mut	29.5791988372803	19.1594107151031	1.5438470043321
1379	ctrl_M1	ctrl	20.6736183166504	4.50630792975426	4.58770653024987
1379	ctrl_M2	ctrl	26.3549041748047	15.7539451122284	1.67290821359709
1379	ctrl_M3	ctrl	27.930908203125	11.4300317764282	2.44364221810179
1379	mut_M1	mut	26.8894176483154	12.0507737398148	2.23134366546731
1379	mut_M2	mut	31.9806632995605	8.75033497810364	3.65479303130534
1379	mut_M3	mut	26.7291107177734	10.5162026882172	2.54170744994502
1380	ctrl_M1	ctrl	27.0515956878662	14.6032000780106	1.85244299491592
1380	ctrl_M2	ctrl	34.246826171875	21.3330888748169	1.60533837236775
1380	ctrl_M3	ctrl	33.688606262207	15.7010188102722	2.14563186435817
1380	mut_M1	mut	48.5829582214355	23.0906534194946	2.10400967607173
1380	mut_M2	mut	49.6922988891602	22.8959584236145	2.17035242507727
1380	mut_M3	mut	31.0291919708252	21.7740044593811	1.4250567473112
1381	ctrl_M1	ctrl	22.9353466033936	14.1480425596237	1.62109680591769
1381	ctrl_M2	ctrl	35.6639442443848	13.846542596817	2.57565699126821
1381	ctrl_M3	ctrl	32.4558143615723	15.8202360868454	2.05153792796806
1381	mut_M1	mut	41.2870788574219	17.6002006530762	2.34583000905764
1381	mut_M2	mut	43.3579635620117	16.9015827178955	2.56531972689777
1381	mut_M3	mut	32.6487121582031	17.7890675067902	1.8353245410835
1382	ctrl_M1	ctrl	9.40959072113037	2.54385201632977	3.69895365796726
1382	ctrl_M2	ctrl	3.1073625087738	4.86497315764427	0.638721408748421
1382	ctrl_M3	ctrl	4.90712785720825	2.487684071064	1.97256874949939
1382	mut_M1	mut	5.04519748687744	6.10299301147461	0.826675940377395
1382	mut_M2	mut	19.2589435577393	3.89122384786606	4.94932810619488
1382	mut_M3	mut	13.9583978652954	3.2628818154335	4.27793547387217
1383	ctrl_M1	ctrl	19.1696071624756	21.7106194496155	0.882959936125411
1383	ctrl_M2	ctrl	32.7348442077637	39.1179060935974	0.83682506240081
1383	ctrl_M3	ctrl	31.6368885040283	36.7119297981262	0.861760432589492
1383	mut_M1	mut	54.7169075012207	36.2026438713074	1.5114063960557
1383	mut_M2	mut	67.7965774536133	36.7973160743713	1.842432674073
1383	mut_M3	mut	49.3144607543945	32.3775448799133	1.52310686116873
1384	ctrl_M1	ctrl	29.3355445861816	16.4694976806641	1.7812045731439
1384	ctrl_M2	ctrl	44.5916023254395	22.0075011253357	2.02620016109436
1384	ctrl_M3	ctrl	41.2163009643555	18.4768595695496	2.23069839380504
1384	mut_M1	mut	49.3136749267578	23.7433562278748	2.07694626039698
1384	mut_M2	mut	80.8455429077148	21.849335193634	3.70013742712272
1384	mut_M3	mut	57.1182403564453	21.8123459815979	2.61861976720126
1385	ctrl_M1	ctrl	32.0227737426758	15.8915708065033	2.01507919717862
1385	ctrl_M2	ctrl	58.8628120422363	33.9419550895691	1.73421984346228
1385	ctrl_M3	ctrl	56.9969444274902	21.2774496078491	2.67874888569655
1385	mut_M1	mut	62.8122634887695	33.5926170349121	1.8698234622057
1385	mut_M2	mut	77.0869445800781	35.5614728927612	2.16770955501592
1385	mut_M3	mut	85.6405868530273	28.2480735778809	3.03173193799972
1386	ctrl_M1	ctrl	3.21887516975403	3.21827298402786	1.00018711455776
1386	ctrl_M2	ctrl	6.41132164001465	7.45175534486771	0.860377366579857
1386	ctrl_M3	ctrl	1.19624400138855	6.46129050850868	0.185140104722617
1386	mut_M1	mut	14.3337297439575	6.41179847717285	2.23552405693787
1386	mut_M2	mut	17.044958114624	6.42464196681976	2.65305961058269
1386	mut_M3	mut	11.9660339355469	5.42299389839172	2.20653649252595
1387	ctrl_M1	ctrl	27.7236061096191	13.2403517067432	2.09387233237163
1387	ctrl_M2	ctrl	46.9684982299805	18.6867679357529	2.51346291619092
1387	ctrl_M3	ctrl	40.7858581542969	15.6895393133163	2.5995574082714
1387	mut_M1	mut	39.3922462463379	19.5671310424805	2.01318456756981
1387	mut_M2	mut	55.3599128723145	18.5740780830383	2.98049317036459
1387	mut_M3	mut	44.2746734619141	19.8963392972946	2.22526731175791
1388	ctrl_M1	ctrl	19.9493274688721	11.5313124060631	1.730013615656
1388	ctrl_M2	ctrl	26.4869537353516	20.4533046483994	1.29499629476376
1388	ctrl_M3	ctrl	29.5585899353027	17.2767207622528	1.71089122421218
1388	mut_M1	mut	28.6592044830322	20.0092148780823	1.43230030051929
1388	mut_M2	mut	45.5499382019043	19.8309046030045	2.29691681311418
1388	mut_M3	mut	30.5466804504395	17.111775636673	1.78512628373724
1389	ctrl_M1	ctrl	29.9210586547852	12.9748630523682	2.30607895698167
1389	ctrl_M2	ctrl	39.1919441223145	20.7640357017517	1.88749165553631
1389	ctrl_M3	ctrl	37.4184188842773	18.1403059959412	2.06272258542108
1389	mut_M1	mut	42.7070465087891	20.0660789012909	2.1283204715218
1389	mut_M2	mut	48.6874237060547	21.0986330509186	2.30761033610824
1389	mut_M3	mut	46.1237258911133	21.7367784976959	2.12192095972282
1390	ctrl_M1	ctrl	23.2320976257324	9.46406835317612	2.45476857930087
1390	ctrl_M2	ctrl	22.1838111877441	13.7729954719543	1.61067439780377
1390	ctrl_M3	ctrl	28.9363479614258	11.1156918406487	2.60319810734671
1390	mut_M1	mut	38.217227935791	14.9555446505547	2.55538857519132
1390	mut_M2	mut	44.325984954834	13.2421031594276	3.34735233679828
1390	mut_M3	mut	37.0735473632812	16.2909736633301	2.27571096298138
1391	ctrl_M1	ctrl	23.0910415649414	12.8072533607483	1.80296593770144
1391	ctrl_M2	ctrl	39.273365020752	17.2175290584564	2.28101052638925
1391	ctrl_M3	ctrl	34.1045265197754	12.0527511835098	2.82960512504697
1391	mut_M1	mut	37.5155906677246	16.7798948287964	2.23574647222122
1391	mut_M2	mut	43.703426361084	16.3117892742157	2.67925398166875
1391	mut_M3	mut	32.7735443115234	18.9452376365662	1.7299093809342
1392	ctrl_M1	ctrl	16.6349544525146	7.41317701339722	2.24397102921618
1392	ctrl_M2	ctrl	29.4757137298584	11.7318329811096	2.5124559629616
1392	ctrl_M3	ctrl	20.0385494232178	9.39366948604584	2.13319719764302
1392	mut_M1	mut	28.0805206298828	10.315806388855	2.72208682204627
1392	mut_M2	mut	36.1838493347168	12.5853462219238	2.87507778464482
1392	mut_M3	mut	32.8900260925293	10.9999904632568	2.99000496431261
1393	ctrl_M1	ctrl	5.23939371109009	1.14195092022419	4.58810761329522
1393	ctrl_M2	ctrl	10.5757923126221	3.0049412548542	3.519467242675
1393	ctrl_M3	ctrl	9.1521520614624	2.58992400765419	3.53375312727879
1393	mut_M1	mut	7.62122535705566	3.30457493662834	2.3062649518342
1393	mut_M2	mut	14.235089302063	2.79755613207817	5.08840167274442
1393	mut_M3	mut	7.42065477371216	2.31058901548386	3.21158575756417
1394	ctrl_M1	ctrl	42.875129699707	20.4809999465942	2.09340998054329
1394	ctrl_M2	ctrl	52.6222114562988	33.8166065216064	1.55610561996151
1394	ctrl_M3	ctrl	48.542854309082	33.6545577049255	1.44238574563045
1394	mut_M1	mut	62.0331230163574	36.5546627044678	1.69699618124983
1394	mut_M2	mut	69.1834182739258	34.4498629570007	2.0082349343531
1394	mut_M3	mut	55.6567459106445	30.3919909000397	1.83129647852625
1395	ctrl_M1	ctrl	37.084545135498	14.7260341048241	2.51829819702438
1395	ctrl_M2	ctrl	40.3091087341309	24.9843554496765	1.61337396977566
1395	ctrl_M3	ctrl	36.042179107666	18.6786930561066	1.92958784639822
1395	mut_M1	mut	44.9033241271973	17.7040297985077	2.53633351492564
1395	mut_M2	mut	50.4098014831543	24.1262164115906	2.08942009899806
1395	mut_M3	mut	38.5800590515137	24.2591626644135	1.59032937720097
1396	ctrl_M1	ctrl	4.87378454208374	2.46207427978516	1.97954407066428
1396	ctrl_M2	ctrl	12.4734840393066	5.72537636756897	2.17863127915256
1396	ctrl_M3	ctrl	8.50334548950195	5.0835999250412	1.67270155301079
1396	mut_M1	mut	14.039831161499	5.71668815612793	2.45593790986293
1396	mut_M2	mut	22.944507598877	4.2841032743454	5.35573167348138
1396	mut_M3	mut	9.34502029418945	4.35158944129944	2.14749585645628
1397	ctrl_M1	ctrl	65.5981292724609	37.5342164039612	1.74768879058144
1397	ctrl_M2	ctrl	88.4721527099609	48.7009830474854	1.8166399767269
1397	ctrl_M3	ctrl	84.8461380004883	50.3542990684509	1.68498300185153
1397	mut_M1	mut	130.864395141602	47.3742771148682	2.76235128241209
1397	mut_M2	mut	148.032241821289	49.3066482543945	3.00227752366225
1397	mut_M3	mut	130.717132568359	49.6202878952026	2.63434853188341
1398	ctrl_M1	ctrl	30.8069686889648	9.76014357805252	3.15640527647974
1398	ctrl_M2	ctrl	40.0205307006836	15.5156974196434	2.57935751247741
1398	ctrl_M3	ctrl	45.607292175293	13.1334701180458	3.47260029263912
1398	mut_M1	mut	57.1922416687012	17.246510207653	3.31616315301413
1398	mut_M2	mut	59.720344543457	14.6385304927826	4.079668008541
1398	mut_M3	mut	59.2557411193848	13.300981760025	4.45499002919265
1399	ctrl_M1	ctrl	14.8178129196167	8.2189884185791	1.80287550790568
1399	ctrl_M2	ctrl	12.2637100219727	18.3998875617981	0.666510052345896
1399	ctrl_M3	ctrl	26.370584487915	16.1159570217133	1.63630273103767
1399	mut_M1	mut	24.9903144836426	20.9041976928711	1.19546872120163
1399	mut_M2	mut	30.1840934753418	17.2888374328613	1.7458717853388
1399	mut_M3	mut	32.8380851745605	12.6073126792908	2.60468555114855
1400	ctrl_M1	ctrl	20.2094421386719	21.2326951026917	0.951807674010726
1400	ctrl_M2	ctrl	25.6795196533203	32.6674880981445	0.786087977629932
1400	ctrl_M3	ctrl	31.1207389831543	25.4159679412842	1.22445617869244
1400	mut_M1	mut	42.1613655090332	32.8597946166992	1.28306844278348
1400	mut_M2	mut	49.7150993347168	30.3369460105896	1.63876414314621
1400	mut_M3	mut	53.4725227355957	25.3956861495972	2.10557503430337
1401	ctrl_M1	ctrl	5.19266653060913	10.3986747264862	0.499358492037742
1401	ctrl_M2	ctrl	22.1569175720215	15.3226156234741	1.44602710897983
1401	ctrl_M3	ctrl	19.5880966186523	17.1467387676239	1.14238030240702
1401	mut_M1	mut	30.4898643493652	18.3894424438477	1.65800917795449
1401	mut_M2	mut	30.9833374023438	14.7244062423706	2.10421642084194
1401	mut_M3	mut	36.0214004516602	13.2213656902313	2.72448408852913
1402	ctrl_M1	ctrl	18.9385681152344	7.10963714122772	2.66378828328839
1402	ctrl_M2	ctrl	32.7524871826172	17.1693692207336	1.90761155879072
1402	ctrl_M3	ctrl	40.5158195495605	19.1311395168304	2.11779436943195
1402	mut_M1	mut	52.5514297485352	11.4731019735336	4.58040291716763
1402	mut_M2	mut	57.0872192382812	17.7736961841583	3.21189349962913
1402	mut_M3	mut	65.4311599731445	11.9164603948593	5.49082175453469
1403	ctrl_M1	ctrl	69.1803970336914	38.026985168457	1.81924485275987
1403	ctrl_M2	ctrl	91.6705093383789	48.6290531158447	1.88509755927183
1403	ctrl_M3	ctrl	93.2805862426758	50.9942169189453	1.82923852700678
1403	mut_M1	mut	115.886894226074	56.0824413299561	2.06636678928194
1403	mut_M2	mut	114.266830444336	53.6492891311646	2.1298852658601
1403	mut_M3	mut	100.633377075195	46.8839359283447	2.14643619573661
1404	ctrl_M1	ctrl	43.8057670593262	35.9777579307556	1.21757912607108
1404	ctrl_M2	ctrl	61.1233978271484	44.3612403869629	1.37785592318811
1404	ctrl_M3	ctrl	61.7369995117188	45.3606023788452	1.36102688840197
1404	mut_M1	mut	75.6268768310547	53.0256080627441	1.42623308989813
1404	mut_M2	mut	65.2964019775391	46.8337421417236	1.39421705359238
1404	mut_M3	mut	67.7926635742188	44.2274088859558	1.53282015116526
1405	ctrl_M1	ctrl	23.5626831054688	18.3518009185791	1.28394391427896
1405	ctrl_M2	ctrl	34.4126968383789	27.2067151069641	1.26486041049367
1405	ctrl_M3	ctrl	42.7582321166992	31.9873521327972	1.33672308790006
1405	mut_M1	mut	54.4546279907227	30.2438135147095	1.80052121946321
1405	mut_M2	mut	58.6298637390137	34.5415127277374	1.69737394540723
1405	mut_M3	mut	68.9105072021484	35.4060044288635	1.94629437333436
1406	ctrl_M1	ctrl	5.42714786529541	8.11130619049072	0.669084329680208
1406	ctrl_M2	ctrl	18.1441020965576	10.3701413869858	1.74964847820956
1406	ctrl_M3	ctrl	22.8140983581543	8.38394409418106	2.72116537298818
1406	mut_M1	mut	18.3618106842041	12.6951810121536	1.44636068336683
1406	mut_M2	mut	18.953556060791	12.1476805210114	1.56026132132861
1406	mut_M3	mut	25.3667278289795	11.4476749897003	2.21588469726843
1407	ctrl_M1	ctrl	32.4018974304199	20.1244125366211	1.61007916983699
1407	ctrl_M2	ctrl	56.2641830444336	29.6662044525146	1.89657504499752
1407	ctrl_M3	ctrl	48.2221183776855	24.9275929927826	1.93448755327671
1407	mut_M1	mut	54.2867546081543	26.9249098300934	2.01622790756681
1407	mut_M2	mut	67.1004028320312	31.74809217453	2.11352551401066
1407	mut_M3	mut	63.4146842956543	28.133504152298	2.25406276986916
1408	ctrl_M1	ctrl	127.048568725586	75.3330140113831	1.68649257424359
1408	ctrl_M2	ctrl	162.034439086914	90.4149203300476	1.79212057584555
1408	ctrl_M3	ctrl	162.397186279297	93.7449684143066	1.73232962820555
1408	mut_M1	mut	196.459518432617	105.069374084473	1.86980764037549
1408	mut_M2	mut	178.780990600586	102.144285202026	1.75027893383348
1408	mut_M3	mut	198.244430541992	94.3900671005249	2.10026792682394
1409	ctrl_M1	ctrl	76.1742553710938	29.3265962600708	2.59744617805537
1409	ctrl_M2	ctrl	94.3905563354492	45.302583694458	2.08355790415981
1409	ctrl_M3	ctrl	97.3678588867188	41.4477686882019	2.34917009934082
1409	mut_M1	mut	122.004295349121	44.7967300415039	2.7235089533563
1409	mut_M2	mut	114.522689819336	47.094452381134	2.43176603674053
1409	mut_M3	mut	133.299880981445	39.2590327262878	3.39539391891812
1410	ctrl_M1	ctrl	24.5048236846924	12.9879921674728	1.8867291701994
1410	ctrl_M2	ctrl	34.1657791137695	17.5636397600174	1.9452561986352
1410	ctrl_M3	ctrl	33.0464515686035	13.5642838478088	2.43628428447712
1410	mut_M1	mut	30.7417984008789	18.2539563179016	1.68411701362134
1410	mut_M2	mut	27.4528560638428	18.8372721672058	1.45736897679039
1410	mut_M3	mut	45.9355773925781	16.5257555246353	2.77963554066263
1411	ctrl_M1	ctrl	31.7268218994141	15.7309031486511	2.01684681417256
1411	ctrl_M2	ctrl	50.7402267456055	24.2211244106293	2.09487494822241
1411	ctrl_M3	ctrl	60.8720855712891	22.4486811161041	2.71161077376706
1411	mut_M1	mut	76.0277709960938	20.8095350265503	3.65350647667486
1411	mut_M2	mut	63.6650428771973	20.2518825531006	3.14366048243994
1411	mut_M3	mut	71.1296539306641	20.2336678504944	3.51541077259139
1412	ctrl_M1	ctrl	41.6034202575684	23.4250106811523	1.77602566862615
1412	ctrl_M2	ctrl	71.0598068237305	37.6617510318756	1.88678977681064
1412	ctrl_M3	ctrl	57.4789199829102	30.2782434225082	1.89835715305008
1412	mut_M1	mut	81.0886611938477	30.827691078186	2.63038386456476
1412	mut_M2	mut	92.4329071044922	34.590514421463	2.67220388740847
1412	mut_M3	mut	93.823974609375	30.8098790645599	3.0452561794473
1413	ctrl_M1	ctrl	22.5362453460693	18.1318011879921	1.24291266556541
1413	ctrl_M2	ctrl	32.4140510559082	30.4040637016296	1.06610916797187
1413	ctrl_M3	ctrl	48.5296440124512	23.6018099784851	2.05618315106722
1413	mut_M1	mut	56.5206031799316	25.6801517009735	2.20094506598218
1413	mut_M2	mut	38.9650764465332	27.0977809429169	1.43794344373126
1413	mut_M3	mut	63.6949119567871	21.5390013456345	2.95718965492784
1414	ctrl_M1	ctrl	26.6036243438721	15.0822566747665	1.76390210812295
1414	ctrl_M2	ctrl	39.4476661682129	22.9768260717392	1.71684574906246
1414	ctrl_M3	ctrl	33.7467765808105	18.3440976142883	1.83965312932728
1414	mut_M1	mut	61.3571510314941	24.381402015686	2.51655548733495
1414	mut_M2	mut	44.5599403381348	24.7733592391014	1.79870399924621
1414	mut_M3	mut	60.0895881652832	22.5621893405914	2.66328711536768
1415	ctrl_M1	ctrl	32.0930824279785	29.0706338882446	1.10396913088834
1415	ctrl_M2	ctrl	43.7261734008789	42.9255981445312	1.01865029937736
1415	ctrl_M3	ctrl	46.0960464477539	39.9814043045044	1.15293715289937
1415	mut_M1	mut	56.5971183776855	39.0560550689697	1.44912532199526
1415	mut_M2	mut	60.7297096252441	38.6048684120178	1.57311013152784
1415	mut_M3	mut	68.5673751831055	36.7692742347717	1.86480088634067
1416	ctrl_M1	ctrl	25.1243896484375	13.3192807435989	1.88631729686394
1416	ctrl_M2	ctrl	37.6744918823242	15.2502020597458	2.4704257513918
1416	ctrl_M3	ctrl	37.9575424194336	18.4741518497467	2.05462977289288
1416	mut_M1	mut	38.0451545715332	21.2280235290527	1.79221369900332
1416	mut_M2	mut	46.6313743591309	19.5639686584473	2.38353348306948
1416	mut_M3	mut	52.7104988098145	22.4454398155212	2.34838342411828
1417	ctrl_M1	ctrl	10.6173400878906	5.81352120637894	1.82631828645274
1417	ctrl_M2	ctrl	13.2896490097046	9.64938795566559	1.37725305177533
1417	ctrl_M3	ctrl	20.3587436676025	6.3169242143631	3.22288869974281
1417	mut_M1	mut	24.0597152709961	10.1709200143814	2.3655397188235
1417	mut_M2	mut	17.322229385376	6.85691583156586	2.52624209059603
1417	mut_M3	mut	24.3645095825195	7.62503862380981	3.19532933334125
1418	ctrl_M1	ctrl	14.8329210281372	5.02076089382172	2.95431735185593
1418	ctrl_M2	ctrl	8.79371166229248	6.27209085226059	1.40203831057757
1418	ctrl_M3	ctrl	15.4895992279053	4.42067432403564	3.50389965252287
1418	mut_M1	mut	14.4601736068726	8.05018210411072	1.79625422380056
1418	mut_M2	mut	17.0717544555664	7.13487887382507	2.39271818869913
1418	mut_M3	mut	20.0071315765381	8.07336926460266	2.47816381498348
1419	ctrl_M1	ctrl	14.0526180267334	2.55105143785477	5.50855926235284
1419	ctrl_M2	ctrl	15.7103443145752	3.78473629057407	4.15097462766481
1419	ctrl_M3	ctrl	14.3233804702759	3.88828128576279	3.68373052708968
1419	mut_M1	mut	16.1318340301514	5.27444067597389	3.05849188969648
1419	mut_M2	mut	12.6210231781006	3.60854160785675	3.49754126448792
1419	mut_M3	mut	21.0918464660645	4.19932493567467	5.02267549883606
1420	ctrl_M1	ctrl	63.2030372619629	18.8533442020416	3.3523515289727
1420	ctrl_M2	ctrl	87.1878967285156	26.1967658996582	3.32819314653085
1420	ctrl_M3	ctrl	84.4560394287109	28.0190711021423	3.01423409508581
1420	mut_M1	mut	100.686424255371	26.5518493652344	3.79206822358689
1420	mut_M2	mut	106.969680786133	25.6992440223694	4.16236682655035
1420	mut_M3	mut	122.524024963379	26.416841506958	4.6381027395386
1421	ctrl_M1	ctrl	63.057788848877	36.2543196678162	1.73931794684469
1421	ctrl_M2	ctrl	96.3115310668945	55.8418116569519	1.72472074614192
1421	ctrl_M3	ctrl	94.1089324951172	48.7412147521973	1.93078758856487
1421	mut_M1	mut	146.9150390625	50.4078459739685	2.9145272174171
1421	mut_M2	mut	127.779098510742	53.6095223426819	2.38351496015866
1421	mut_M3	mut	127.33708190918	44.3795771598816	2.86927208545579
1422	ctrl_M1	ctrl	45.7795219421387	28.7324023246765	1.59330644979941
1422	ctrl_M2	ctrl	40.4056777954102	45.9395389556885	0.879540341804125
1422	ctrl_M3	ctrl	49.0150375366211	40.198525428772	1.21932426659458
1422	mut_M1	mut	52.7779541015625	44.741379737854	1.17962285496773
1422	mut_M2	mut	55.7069435119629	45.6425371170044	1.22050497256887
1422	mut_M3	mut	67.6873016357422	37.8300423622131	1.78924731269538
1423	ctrl_M1	ctrl	34.4767379760742	35.7142786979675	0.96534885297953
1423	ctrl_M2	ctrl	63.7010040283203	54.0802755355835	1.17789717965484
1423	ctrl_M3	ctrl	71.7001571655273	55.0915727615356	1.30147232274312
1423	mut_M1	mut	68.7667694091797	54.5246353149414	1.26120549017841
1423	mut_M2	mut	75.3947448730469	50.5417308807373	1.49173254574433
1423	mut_M3	mut	86.7630462646484	50.6244964599609	1.7138549977138
1424	ctrl_M1	ctrl	28.4896545410156	10.915783405304	2.60995051689763
1424	ctrl_M2	ctrl	26.7704486846924	15.5478372573853	1.72181173764064
1424	ctrl_M3	ctrl	33.6144676208496	13.8173289299011	2.43277610248583
1424	mut_M1	mut	42.2531929016113	15.0666906833649	2.80441098776011
1424	mut_M2	mut	36.6984901428223	18.1316394805908	2.02400285876556
1424	mut_M3	mut	53.9041862487793	18.7925047874451	2.86838752249736
1425	ctrl_M1	ctrl	21.2052841186523	15.7907497882843	1.34289279502011
1425	ctrl_M2	ctrl	32.837028503418	25.9279136657715	1.26647399889978
1425	ctrl_M3	ctrl	44.3259582519531	19.1824350357056	2.31075763684049
1425	mut_M1	mut	43.7667922973633	28.6090359687805	1.52982408582811
1425	mut_M2	mut	34.4014778137207	20.3993771076202	1.68639844404219
1425	mut_M3	mut	55.7830505371094	24.847843170166	2.24498561726622
1426	ctrl_M1	ctrl	41.7247123718262	16.1404837369919	2.58509676981977
1426	ctrl_M2	ctrl	33.4042739868164	24.7621650695801	1.34900457584999
1426	ctrl_M3	ctrl	42.1163177490234	20.6292691230774	2.04158070253246
1426	mut_M1	mut	70.5578308105469	21.0801174640656	3.34712702293163
1426	mut_M2	mut	47.7674026489258	17.3051574230194	2.76029864862052
1426	mut_M3	mut	46.3744201660156	16.9947779178619	2.72874528812024
1427	ctrl_M1	ctrl	2.68269109725952	0.186262294650078	14.4027598408973
1427	ctrl_M2	ctrl	1.92434310913086	0.873118579387665	2.20398827210897
1427	ctrl_M3	ctrl	0.563108503818512	0.781879276037216	0.720198783976606
1427	mut_M1	mut	3.8778989315033	1.43899974226952	2.69485728009046
1427	mut_M2	mut	6.62429666519165	2.36214256286621	2.80435938513117
1427	mut_M3	mut	7.24279594421387	0.537317410111427	13.4795482296244
1428	ctrl_M1	ctrl	14.9925031661987	4.19358551502228	3.57510371792647
1428	ctrl_M2	ctrl	26.2263431549072	5.70219492912292	4.59934174136365
1428	ctrl_M3	ctrl	19.6675281524658	5.34225970506668	3.68149982184745
1428	mut_M1	mut	21.9485683441162	8.01401424407959	2.73877331330311
1428	mut_M2	mut	24.0542278289795	6.85644602775574	3.50826473826309
1428	mut_M3	mut	28.6713371276855	7.13695776462555	4.01730514222678
1429	ctrl_M1	ctrl	21.2974643707275	11.3866821527481	1.87038367147076
1429	ctrl_M2	ctrl	35.1810722351074	15.5203552246094	2.26676978239027
1429	ctrl_M3	ctrl	46.8555755615234	16.5039132833481	2.83905851643072
1429	mut_M1	mut	47.6165084838867	16.7744159698486	2.83863882769305
1429	mut_M2	mut	45.7844467163086	20.6177757978439	2.22062976943888
1429	mut_M3	mut	53.1335334777832	16.3356058597565	3.25262092719072
1430	ctrl_M1	ctrl	38.4687767028809	33.3597388267517	1.15314981638981
1430	ctrl_M2	ctrl	52.5705490112305	52.8922262191772	0.993918251680052
1430	ctrl_M3	ctrl	54.7637100219727	58.0605411529541	0.943217354411212
1430	mut_M1	mut	92.8728256225586	62.9656434059143	1.47497620287693
1430	mut_M2	mut	93.0991439819336	66.0393781661987	1.40975197779171
1430	mut_M3	mut	119.225212097168	59.6961078643799	1.99720243684946
1431	ctrl_M1	ctrl	35.5965576171875	20.7975430488586	1.71157513815753
1431	ctrl_M2	ctrl	58.5039024353027	24.8349261283875	2.35571074916265
1431	ctrl_M3	ctrl	51.7155647277832	24.0533809661865	2.15003307852993
1431	mut_M1	mut	63.1567230224609	27.8053917884827	2.27138403597756
1431	mut_M2	mut	74.2893447875977	30.7930855751038	2.41253331389631
1431	mut_M3	mut	84.5349197387695	21.8557603359222	3.86785535892922
1432	ctrl_M1	ctrl	41.2225303649902	40.2162890434265	1.02502074023979
1432	ctrl_M2	ctrl	80.522590637207	61.2127022743225	1.31545557777123
1432	ctrl_M3	ctrl	68.8268508911133	61.7691850662231	1.11425868444474
1432	mut_M1	mut	101.59937286377	62.4828085899353	1.62603722778453
1432	mut_M2	mut	99.5762786865234	62.3084077835083	1.59811945496189
1432	mut_M3	mut	101.58910369873	54.1641473770142	1.87557837828796
1433	ctrl_M1	ctrl	54.7042961120605	28.3192391395569	1.93170077213157
1433	ctrl_M2	ctrl	60.4272270202637	44.726224899292	1.35104688929873
1433	ctrl_M3	ctrl	53.0175628662109	39.2104759216309	1.35212750215468
1433	mut_M1	mut	81.2409210205078	43.9741106033325	1.84747161240712
1433	mut_M2	mut	75.8621368408203	42.9065732955933	1.76807726681384
1433	mut_M3	mut	69.0257797241211	35.8744850158691	1.92409116656552
1434	ctrl_M1	ctrl	34.989086151123	29.523722410202	1.18511770517909
1434	ctrl_M2	ctrl	48.314281463623	40.0497829914093	1.20635563678301
1434	ctrl_M3	ctrl	55.4199905395508	38.4347875118256	1.44192264683392
1434	mut_M1	mut	74.8409805297852	40.0311832427979	1.86956703417579
1434	mut_M2	mut	71.5688400268555	41.6561052799225	1.71808764995969
1434	mut_M3	mut	77.9461975097656	39.8172392845154	1.95759924370443
1435	ctrl_M1	ctrl	22.5953521728516	19.8896780014038	1.13603408618565
1435	ctrl_M2	ctrl	33.4046669006348	22.4255838394165	1.4895784716169
1435	ctrl_M3	ctrl	32.8970756530762	21.1547346115112	1.55506917279763
1435	mut_M1	mut	43.6970596313477	26.5786948204041	1.64406340968263
1435	mut_M2	mut	51.6178245544434	25.0976133346558	2.05668259631554
1435	mut_M3	mut	53.7470703125	23.5244917869568	2.28472822279205
1436	ctrl_M1	ctrl	32.3789291381836	17.929859161377	1.80586633987241
1436	ctrl_M2	ctrl	53.6352806091309	29.6478590965271	1.80907769544188
1436	ctrl_M3	ctrl	56.1950187683105	27.3570799827576	2.05413073338707
1436	mut_M1	mut	50.7856254577637	34.1137795448303	1.48871295222578
1436	mut_M2	mut	49.5460548400879	29.3745627403259	1.68669931457636
1436	mut_M3	mut	64.0074996948242	28.0840451717377	2.27914103197776
1437	ctrl_M1	ctrl	22.3730754852295	9.54026114940643	2.34512191384001
1437	ctrl_M2	ctrl	31.2859039306641	16.0351686477661	1.95108044186505
1437	ctrl_M3	ctrl	30.3240165710449	15.5864734649658	1.94553416070705
1437	mut_M1	mut	35.8136978149414	19.2312217950821	1.86226846097214
1437	mut_M2	mut	31.0801219940186	17.4008693695068	1.78612466618956
1437	mut_M3	mut	35.9586753845215	14.09137403965	2.55182179419422
1438	ctrl_M1	ctrl	22.714298248291	17.9617190361023	1.26459489777322
1438	ctrl_M2	ctrl	30.5034713745117	22.0037961006165	1.38628222307773
1438	ctrl_M3	ctrl	37.285026550293	21.9665751457214	1.69735274174296
1438	mut_M1	mut	33.4324798583984	25.5060014724731	1.31076914954623
1438	mut_M2	mut	50.1398086547852	20.8000915050507	2.41055711906894
1438	mut_M3	mut	49.8507423400879	23.0922169685364	2.15876814287734
1439	ctrl_M1	ctrl	26.2898139953613	12.8000750541687	2.05387967524451
1439	ctrl_M2	ctrl	33.4956474304199	20.5908653736115	1.62672363801411
1439	ctrl_M3	ctrl	31.3900928497314	14.0293383598328	2.23746067309946
1439	mut_M1	mut	47.6549987792969	25.8478729724884	1.8436719659687
1439	mut_M2	mut	33.3036270141602	24.6694266796112	1.34999598680114
1439	mut_M3	mut	57.3560600280762	20.3510618209839	2.81833255348557
1440	ctrl_M1	ctrl	20.7535343170166	8.39247274398804	2.47287479508151
1440	ctrl_M2	ctrl	29.4954319000244	15.6652408838272	1.88285849663988
1440	ctrl_M3	ctrl	35.9512748718262	16.8259110450745	2.13666141319286
1440	mut_M1	mut	32.7564659118652	18.3668897151947	1.78345198451136
1440	mut_M2	mut	37.2072830200195	19.3057222366333	1.92726708506234
1440	mut_M3	mut	41.7768974304199	11.8802757263184	3.51649224250508
1441	ctrl_M1	ctrl	10.919750213623	6.51880013942719	1.67511658281682
1441	ctrl_M2	ctrl	12.6900291442871	10.9846690893173	1.15524910592239
1441	ctrl_M3	ctrl	10.1848011016846	9.92813444137573	1.0258524561512
1441	mut_M1	mut	29.4838104248047	13.6499562263489	2.1599930385045
1441	mut_M2	mut	19.8507595062256	11.0537971258163	1.79583172011216
1441	mut_M3	mut	40.3884201049805	9.17669665813446	4.40119376389968
1442	ctrl_M1	ctrl	16.347074508667	6.59918189048767	2.47713652691258
1442	ctrl_M2	ctrl	22.7643432617188	8.1649169921875	2.78806793547326
1442	ctrl_M3	ctrl	22.5663547515869	8.23288315534592	2.7410026749783
1442	mut_M1	mut	28.3695850372314	9.75133126974106	2.90930379170523
1442	mut_M2	mut	23.9149055480957	11.617654800415	2.05849682736669
1442	mut_M3	mut	34.0187225341797	9.51697063446045	3.57453267860255
1443	ctrl_M1	ctrl	12.7083921432495	4.21546088159084	3.01471001634668
1443	ctrl_M2	ctrl	12.4568786621094	5.13733214139938	2.42477580176784
1443	ctrl_M3	ctrl	15.0564775466919	3.56661319732666	4.22150558910549
1443	mut_M1	mut	13.5600728988647	4.39263409376144	3.08700260696041
1443	mut_M2	mut	11.8840932846069	4.36198195815086	2.72447098558034
1443	mut_M3	mut	19.7927379608154	3.27745050191879	6.0390654105158
1444	ctrl_M1	ctrl	33.1512451171875	17.4255583286285	1.90244952224705
1444	ctrl_M2	ctrl	31.0168323516846	24.7196917533875	1.25474187385181
1444	ctrl_M3	ctrl	42.8180809020996	22.1355581283569	1.93435741054332
1444	mut_M1	mut	56.999195098877	26.9404711723328	2.1157460362985
1444	mut_M2	mut	58.5918312072754	21.1303992271423	2.77286910566333
1444	mut_M3	mut	64.3811492919922	21.1740946769714	3.04056207711265
1445	ctrl_M1	ctrl	18.6614284515381	18.3559346199036	1.01664278272724
1445	ctrl_M2	ctrl	29.2110481262207	25.4393784999847	1.14826107588431
1445	ctrl_M3	ctrl	30.2186946868896	18.3166162967682	1.64979678545876
1445	mut_M1	mut	26.7133693695068	22.9619946479797	1.16337320773033
1445	mut_M2	mut	32.4988594055176	20.8454024791718	1.55904206877222
1445	mut_M3	mut	41.8154716491699	19.3151350021362	2.16490703505542
1446	ctrl_M1	ctrl	9.60641384124756	2.34441140294075	4.09758024090721
1446	ctrl_M2	ctrl	8.17648792266846	2.92776389420033	2.79274156596625
1446	ctrl_M3	ctrl	11.6588411331177	1.69585579633713	6.8749012494456
1446	mut_M1	mut	19.3616943359375	6.1216647028923	3.16281522684339
1446	mut_M2	mut	11.0630712509155	4.12916612625122	2.67925070405425
1446	mut_M3	mut	18.182502746582	4.24584019184113	4.28242748785548
1447	ctrl_M1	ctrl	20.0409412384033	17.4068057537079	1.15132790713967
1447	ctrl_M2	ctrl	26.0892391204834	20.8049993515015	1.2539889417781
1447	ctrl_M3	ctrl	21.9949626922607	17.731573343277	1.24044055575025
1447	mut_M1	mut	42.6866226196289	18.4901185035706	2.3086181200724
1447	mut_M2	mut	40.9638710021973	20.1071681976318	2.037276984982
1447	mut_M3	mut	43.7846260070801	21.194233417511	2.06587448314618
1448	ctrl_M1	ctrl	24.8229637145996	18.0769419670105	1.3731837918106
1448	ctrl_M2	ctrl	48.3502998352051	25.2310066223145	1.91630482917173
1448	ctrl_M3	ctrl	47.746452331543	22.5891060829163	2.11369374938005
1448	mut_M1	mut	41.8313369750977	35.6363849639893	1.17383783504888
1448	mut_M2	mut	45.668773651123	27.4513130187988	1.66362802463579
1448	mut_M3	mut	51.5738487243652	26.7502708435059	1.92797482410859
1449	ctrl_M1	ctrl	19.2241153717041	14.0619804859161	1.36709870924356
1449	ctrl_M2	ctrl	20.3359375	21.7550892829895	0.934766906054523
1449	ctrl_M3	ctrl	23.9664821624756	19.9177594184875	1.20327199756364
1449	mut_M1	mut	35.7464485168457	22.9254150390625	1.55924978701313
1449	mut_M2	mut	40.8931770324707	21.5113770961761	1.90100228588991
1449	mut_M3	mut	40.9030914306641	21.2084159851074	1.92862547864896
1450	ctrl_M1	ctrl	14.1581659317017	9.83114457130432	1.44013403821029
1450	ctrl_M2	ctrl	13.7646389007568	15.8545255661011	0.868183588551355
1450	ctrl_M3	ctrl	11.3151216506958	17.8993391990662	0.632153037877852
1450	mut_M1	mut	16.9158058166504	12.579288482666	1.34473470736918
1450	mut_M2	mut	22.8385219573975	15.9361169338226	1.43312966717289
1450	mut_M3	mut	26.701488494873	14.7780237197876	1.80683757186829
1451	ctrl_M1	ctrl	8.74760246276855	4.41870707273483	1.97967466925896
1451	ctrl_M2	ctrl	8.27298450469971	5.46927356719971	1.512629493305
1451	ctrl_M3	ctrl	9.60024166107178	4.41574436426163	2.17409362253176
1451	mut_M1	mut	14.3376998901367	6.56486177444458	2.18400636338604
1451	mut_M2	mut	7.99960327148438	6.07644212245941	1.31649460494599
1451	mut_M3	mut	15.4310188293457	5.76568824052811	2.67635331388162
1452	ctrl_M1	ctrl	9.40529537200928	3.73621690273285	2.51733119807091
1452	ctrl_M2	ctrl	14.6075878143311	7.72927224636078	1.8899046829679
1452	ctrl_M3	ctrl	10.4506902694702	5.43781960010529	1.92185306575229
1452	mut_M1	mut	12.9936742782593	6.66025203466415	1.95092831481932
1452	mut_M2	mut	16.2193508148193	5.4349952340126	2.98424379718264
1452	mut_M3	mut	19.5780754089355	7.13172549009323	2.74520877677242
1453	ctrl_M1	ctrl	42.8502502441406	30.9184937477112	1.38591001857303
1453	ctrl_M2	ctrl	40.8020172119141	46.711633682251	0.873487266351329
1453	ctrl_M3	ctrl	34.1417922973633	37.6289415359497	0.907328000835344
1453	mut_M1	mut	60.1186065673828	42.5574645996094	1.4126453991795
1453	mut_M2	mut	76.4411926269531	39.8314943313599	1.91911435687137
1453	mut_M3	mut	70.7984466552734	30.1737203598022	2.34636119812365
1454	ctrl_M1	ctrl	46.3446655273438	30.4720225334167	1.52089233579821
1454	ctrl_M2	ctrl	72.2365875244141	40.9301204681396	1.76487600569472
1454	ctrl_M3	ctrl	67.5556335449219	39.4977474212646	1.71036674128286
1454	mut_M1	mut	73.8778991699219	46.5596723556519	1.58673580444459
1454	mut_M2	mut	69.0024337768555	46.1056170463562	1.49661664233835
1454	mut_M3	mut	89.514533996582	46.1295289993286	1.94050396651318
1455	ctrl_M1	ctrl	41.6308250427246	16.9447996616364	2.45684964555694
1455	ctrl_M2	ctrl	44.3089179992676	26.6275510787964	1.66402527472949
1455	ctrl_M3	ctrl	50.4982147216797	20.1148023605347	2.51050016880889
1455	mut_M1	mut	49.6342315673828	24.5138630867004	2.02474132256662
1455	mut_M2	mut	48.8698348999023	23.526563167572	2.07721946260567
1455	mut_M3	mut	56.0255851745605	24.4668889045715	2.28985325404786
1456	ctrl_M1	ctrl	24.0781116485596	20.7222957611084	1.16194228313976
1456	ctrl_M2	ctrl	66.2775039672852	31.8461098670959	2.08118053488738
1456	ctrl_M3	ctrl	40.2716484069824	21.8655962944031	1.84178139323329
1456	mut_M1	mut	60.7340126037598	28.9293856620789	2.09938825916276
1456	mut_M2	mut	63.056037902832	35.0243978500366	1.80034609510827
1456	mut_M3	mut	71.9374084472656	32.0203881263733	2.24661263203162
1457	ctrl_M1	ctrl	40.9669990539551	15.6561484336853	2.6166716052469
1457	ctrl_M2	ctrl	53.4137687683105	19.1945049762726	2.78276354791845
1457	ctrl_M3	ctrl	47.1766738891602	17.4464629888535	2.70408242170928
1457	mut_M1	mut	72.8553466796875	23.1747632026672	3.14373640164325
1457	mut_M2	mut	70.080451965332	20.1903533935547	3.47098689157683
1457	mut_M3	mut	74.9311294555664	20.8301435709	3.59724498299889
1458	ctrl_M1	ctrl	12.312310218811	7.26954424381256	1.6936839237605
1458	ctrl_M2	ctrl	24.6435565948486	11.0081734657288	2.23865990771042
1458	ctrl_M3	ctrl	15.0656051635742	9.97052764892578	1.51101382936312
1458	mut_M1	mut	17.1047458648682	12.203759431839	1.40159644742281
1458	mut_M2	mut	23.8402099609375	12.3113977909088	1.93643405613471
1458	mut_M3	mut	25.2179622650146	12.8851191997528	1.9571384535968
1459	ctrl_M1	ctrl	5.5391058921814	4.4292351603508	1.25057841628411
1459	ctrl_M2	ctrl	11.0023412704468	5.26431810855865	2.08998412397597
1459	ctrl_M3	ctrl	11.543420791626	4.32297283411026	2.6702505971222
1459	mut_M1	mut	19.2664947509766	3.65914648771286	5.26529747187548
1459	mut_M2	mut	18.5835800170898	4.80766475200653	3.8654067984532
1459	mut_M3	mut	22.7427577972412	5.66389551758766	4.01539147864219
1460	ctrl_M1	ctrl	31.0269756317139	30.8878178596497	1.00450526394246
1460	ctrl_M2	ctrl	57.7223129272461	44.310649394989	1.3026735946184
1460	ctrl_M3	ctrl	51.4963684082031	36.371506690979	1.41584369450869
1460	mut_M1	mut	68.6661071777344	35.1819920539856	1.95174017072054
1460	mut_M2	mut	74.6390609741211	41.4728059768677	1.79971090009566
1460	mut_M3	mut	82.2226486206055	38.4305109977722	2.13951484083498
1461	ctrl_M1	ctrl	32.5395050048828	33.7882933616638	0.963040798083105
1461	ctrl_M2	ctrl	54.1842498779297	38.6805863380432	1.40081252658361
1461	ctrl_M3	ctrl	62.8490943908691	41.4321932792664	1.51691449128087
1461	mut_M1	mut	83.5491180419922	54.2278203964233	1.5407058117258
1461	mut_M2	mut	74.1853103637695	55.41037940979	1.33883418871993
1461	mut_M3	mut	67.4059524536133	39.1751613616943	1.72062986113245
1462	ctrl_M1	ctrl	34.4882469177246	35.2031226158142	0.979692832766817
1462	ctrl_M2	ctrl	50.2043075561523	47.2572612762451	1.06236176622001
1462	ctrl_M3	ctrl	28.7307662963867	41.440495967865	0.693301699831633
1462	mut_M1	mut	65.4613723754883	39.5372738838196	1.65568755619942
1462	mut_M2	mut	58.6439590454102	47.4792137145996	1.23515017325103
1462	mut_M3	mut	64.8733139038086	43.3196382522583	1.49754976082762
1463	ctrl_M1	ctrl	34.7183227539062	18.2848000526428	1.89875320779831
1463	ctrl_M2	ctrl	40.5102043151855	25.3647165298462	1.59710849784258
1463	ctrl_M3	ctrl	34.8424491882324	26.119270324707	1.33397482988925
1463	mut_M1	mut	36.9818687438965	22.54616522789	1.64027311829283
1463	mut_M2	mut	46.1103973388672	24.1557040214539	1.90888236161175
1463	mut_M3	mut	52.2996940612793	25.1061680316925	2.08314124223415
1464	ctrl_M1	ctrl	18.3927345275879	7.79572078585625	2.35933726114945
1464	ctrl_M2	ctrl	18.3771514892578	12.2038029432297	1.50585449263198
1464	ctrl_M3	ctrl	20.9874038696289	10.8775526881218	1.92942332447141
1464	mut_M1	mut	37.7417106628418	13.1477490067482	2.87058344690567
1464	mut_M2	mut	34.0339508056641	15.7342072725296	2.16305468818147
1464	mut_M3	mut	50.8832130432129	14.4984160661697	3.5095704807329
1465	ctrl_M1	ctrl	7.27368879318237	7.3043475151062	0.995802674796014
1465	ctrl_M2	ctrl	18.783332824707	9.95088493824005	1.88760426246363
1465	ctrl_M3	ctrl	18.9320011138916	7.16490304470062	2.64232481525263
1465	mut_M1	mut	22.3945827484131	7.96414923667908	2.811924046485
1465	mut_M2	mut	23.6785449981689	7.80755317211151	3.03277409403351
1465	mut_M3	mut	34.2067947387695	8.25726020336151	4.14263253141085
1466	ctrl_M1	ctrl	37.0144653320312	22.0406829118729	1.67937016652475
1466	ctrl_M2	ctrl	56.7382545471191	37.010729432106	1.53302178632286
1466	ctrl_M3	ctrl	53.6770896911621	32.1663794517517	1.66873271428249
1466	mut_M1	mut	59.857738494873	41.4179430007935	1.44521273047593
1466	mut_M2	mut	64.7474517822266	36.915739774704	1.75392534938698
1466	mut_M3	mut	70.4988708496094	40.0393614768982	1.76073913891673
1467	ctrl_M1	ctrl	40.5062942504883	27.3369908332825	1.4817393215486
1467	ctrl_M2	ctrl	68.0534973144531	43.9255495071411	1.54929188315309
1467	ctrl_M3	ctrl	57.0780563354492	40.9063839912415	1.39533370506839
1467	mut_M1	mut	76.4782257080078	39.7273435592651	1.92507776398182
1467	mut_M2	mut	73.7321014404297	45.4248695373535	1.62316594833143
1467	mut_M3	mut	82.2020797729492	45.1753768920898	1.81962133861782
1468	ctrl_M1	ctrl	16.3042697906494	8.32750177383423	1.95788247585595
1468	ctrl_M2	ctrl	22.4258060455322	13.5726063251495	1.65228442557698
1468	ctrl_M3	ctrl	22.4405899047852	11.3249894380569	1.98151089036559
1468	mut_M1	mut	30.5911827087402	15.5270030498505	1.9701923552488
1468	mut_M2	mut	26.9601402282715	13.1777584552765	2.04588210656391
1468	mut_M3	mut	37.499195098877	12.6809309124947	2.95713267090893
1469	ctrl_M1	ctrl	10.5453815460205	11.4313898086548	0.922493390789327
1469	ctrl_M2	ctrl	14.3411636352539	14.9852986335754	0.957015538090225
1469	ctrl_M3	ctrl	41.6463012695312	17.2366950511932	2.41614190805378
1469	mut_M1	mut	32.1551856994629	17.0134310722351	1.88998830176814
1469	mut_M2	mut	33.8525123596191	16.9573168754578	1.99633660255613
1469	mut_M3	mut	45.030517578125	18.8137800693512	2.39348591363
1470	ctrl_M1	ctrl	41.6799774169922	18.7984738349915	2.21720006543346
1470	ctrl_M2	ctrl	31.3908233642578	22.5901615619659	1.38957940952088
1470	ctrl_M3	ctrl	32.0014190673828	22.3366401195526	1.43268723031312
1470	mut_M1	mut	50.8662452697754	26.5076270103455	1.91892866343423
1470	mut_M2	mut	52.3719100952148	27.3455204963684	1.91519156134439
1470	mut_M3	mut	67.0539245605469	24.0530414581299	2.78775242113437
1471	ctrl_M1	ctrl	11.4465389251709	10.0367251634598	1.1404655142739
1471	ctrl_M2	ctrl	26.8930435180664	17.3692240715027	1.54831576858918
1471	ctrl_M3	ctrl	32.9578132629395	17.7893749475479	1.85266842483875
1471	mut_M1	mut	42.1985473632812	16.6746683120728	2.53069785698398
1471	mut_M2	mut	33.2176666259766	17.8887397050858	1.85690368207062
1471	mut_M3	mut	49.6145439147949	17.6019039154053	2.81870325808176
1472	ctrl_M1	ctrl	99.3135299682617	15.044310092926	6.60140141720157
1472	ctrl_M2	ctrl	146.317825317383	34.1965243816376	4.27873381763764
1472	ctrl_M3	ctrl	146.752075195312	28.7124209403992	5.11110071491144
1472	mut_M1	mut	201.533477783203	21.6102576255798	9.32582485942463
1472	mut_M2	mut	168.593994140625	24.8977854251862	6.77144538204905
1472	mut_M3	mut	131.065063476562	30.4215908050537	4.30829092128837
1473	ctrl_M1	ctrl	69.4410858154297	23.2270259857178	2.98966754754263
1473	ctrl_M2	ctrl	97.0078048706055	31.0745029449463	3.12178138593145
1473	ctrl_M3	ctrl	102.663230895996	34.7052478790283	2.95814717283819
1473	mut_M1	mut	119.638023376465	41.1104907989502	2.910157992556
1473	mut_M2	mut	122.918403625488	33.5045022964478	3.66871301468401
1473	mut_M3	mut	92.8287200927734	31.5725517272949	2.94017160521497
1474	ctrl_M1	ctrl	100.437889099121	37.3073387145996	2.69217512048954
1474	ctrl_M2	ctrl	123.741157531738	44.7134857177734	2.76742364289778
1474	ctrl_M3	ctrl	140.383148193359	54.8110036849976	2.56122199476862
1474	mut_M1	mut	182.95393371582	61.764778137207	2.96210784258624
1474	mut_M2	mut	155.395523071289	55.9918413162231	2.77532439402497
1474	mut_M3	mut	166.015991210938	47.708692073822	3.47978500341306
1475	ctrl_M1	ctrl	58.9919776916504	20.754741191864	2.8423374276898
1475	ctrl_M2	ctrl	102.40731048584	29.9236207008362	3.42229008680685
1475	ctrl_M3	ctrl	91.3810119628906	31.8717393875122	2.86714856857467
1475	mut_M1	mut	128.041717529297	33.3376641273499	3.84075252063785
1475	mut_M2	mut	146.333953857422	35.4586725234985	4.12688754099427
1475	mut_M3	mut	115.517112731934	33.004180431366	3.50007517902642
1476	ctrl_M1	ctrl	55.0891265869141	11.9960281848907	4.59228052300677
1476	ctrl_M2	ctrl	76.5445709228516	21.8481378555298	3.5034826047419
1476	ctrl_M3	ctrl	80.7110061645508	22.1683197021484	3.64082651499873
1476	mut_M1	mut	93.4298095703125	19.4263656139374	4.80943329426898
1476	mut_M2	mut	94.0229187011719	20.1688008308411	4.66180014814748
1476	mut_M3	mut	81.0283126831055	15.9503874778748	5.08002158540049
1477	ctrl_M1	ctrl	105.599685668945	29.6455872058868	3.56207097317931
1477	ctrl_M2	ctrl	128.918823242188	40.9924759864807	3.14493867812973
1477	ctrl_M3	ctrl	141.239303588867	42.0935933589935	3.35536342512537
1477	mut_M1	mut	219.044296264648	49.9024744033813	4.38944759520394
1477	mut_M2	mut	186.086227416992	46.2839088439941	4.02053828349329
1477	mut_M3	mut	152.072143554688	43.3986172676086	3.50407808195745
1478	ctrl_M1	ctrl	64.9479827880859	23.895055770874	2.71805110692614
1478	ctrl_M2	ctrl	89.8979187011719	37.4963474273682	2.39751135428077
1478	ctrl_M3	ctrl	96.1928176879883	37.9980158805847	2.53152211921514
1478	mut_M1	mut	80.2562942504883	45.8843150138855	1.74910084690599
1478	mut_M2	mut	71.1892013549805	36.2054085731506	1.96625874863827
1478	mut_M3	mut	73.6442260742188	35.9017481803894	2.05127131147462
1479	ctrl_M1	ctrl	56.9797286987305	27.9029903411865	2.04206531278567
1479	ctrl_M2	ctrl	94.9981689453125	53.3952045440674	1.77915170016644
1479	ctrl_M3	ctrl	107.37232208252	49.1872224807739	2.18293118958869
1479	mut_M1	mut	122.595680236816	48.0345764160156	2.55223818723924
1479	mut_M2	mut	98.5081176757812	44.7270436286926	2.20242854621824
1479	mut_M3	mut	77.353874206543	36.4096732139587	2.12454184227303
1480	ctrl_M1	ctrl	34.8919982910156	18.4659379720688	1.88953295217349
1480	ctrl_M2	ctrl	47.4682159423828	24.1112494468689	1.96871655477593
1480	ctrl_M3	ctrl	53.3608627319336	25.1423885822296	2.12234659238576
1480	mut_M1	mut	73.3820343017578	30.6701114177704	2.39262366224206
1480	mut_M2	mut	74.1104202270508	28.6677966117859	2.58514531935051
1480	mut_M3	mut	60.0362205505371	24.0662090778351	2.49462723258024
1481	ctrl_M1	ctrl	28.3028869628906	9.1257438659668	3.10143341502739
1481	ctrl_M2	ctrl	29.2043743133545	13.7953310012817	2.11697525131083
1481	ctrl_M3	ctrl	29.6197929382324	11.0268765687943	2.68614532442084
1481	mut_M1	mut	32.12109375	14.5751116275787	2.20383174899471
1481	mut_M2	mut	25.5606384277344	14.318311214447	1.78517131279728
1481	mut_M3	mut	24.2454586029053	10.25244140625	2.36484732193885
1482	ctrl_M1	ctrl	27.7578258514404	10.796767950058	2.5709384493432
1482	ctrl_M2	ctrl	48.8087692260742	17.3362538814545	2.81541615390668
1482	ctrl_M3	ctrl	47.5972671508789	14.7104995250702	3.23559829289018
1482	mut_M1	mut	53.4835472106934	17.055419921875	3.13586809680929
1482	mut_M2	mut	41.4518852233887	16.1975605487823	2.5591437117057
1482	mut_M3	mut	41.5455589294434	13.337539434433	3.11493429006754
1483	ctrl_M1	ctrl	39.7025260925293	17.2094376087189	2.30702054275235
1483	ctrl_M2	ctrl	75.2341156005859	27.5636096000671	2.72947254340747
1483	ctrl_M3	ctrl	58.704532623291	25.8041772842407	2.27500113553876
1483	mut_M1	mut	86.2677917480469	31.3654580116272	2.75040752524855
1483	mut_M2	mut	74.9739761352539	29.7919993400574	2.51658088735409
1483	mut_M3	mut	86.5766754150391	26.3048312664032	3.29128419560006
1484	ctrl_M1	ctrl	36.4058685302734	7.94335842132568	4.58318340924085
1484	ctrl_M2	ctrl	48.8813323974609	10.338996887207	4.72786024899034
1484	ctrl_M3	ctrl	40.5261192321777	10.8581035137177	3.73233863362776
1484	mut_M1	mut	66.6439819335938	16.570152759552	4.02192924233461
1484	mut_M2	mut	73.0769653320312	14.1255677938461	5.17338250741804
1484	mut_M3	mut	69.4586181640625	15.0482196807861	4.61573658794659
1485	ctrl_M1	ctrl	25.6067810058594	9.28500843048096	2.75786297854045
1485	ctrl_M2	ctrl	37.8059234619141	10.359238743782	3.64948857700634
1485	ctrl_M3	ctrl	30.1078853607178	8.97206604480743	3.35573603787086
1485	mut_M1	mut	57.5571136474609	16.0025582313538	3.59674452142842
1485	mut_M2	mut	51.3698921203613	10.0410199165344	5.11600340875444
1485	mut_M3	mut	57.3710975646973	11.4308578968048	5.01896691242517
1486	ctrl_M1	ctrl	147.691513061523	51.6993613243103	2.8567376709947
1486	ctrl_M2	ctrl	181.023818969727	89.3302068710327	2.02645695460073
1486	ctrl_M3	ctrl	194.35676574707	75.6685743331909	2.56852686151137
1486	mut_M1	mut	238.776077270508	90.94140625	2.62560352997079
1486	mut_M2	mut	236.887664794922	67.7680950164795	3.4955632844234
1486	mut_M3	mut	216.760665893555	75.7546863555908	2.86134992198483
1487	ctrl_M1	ctrl	22.3805370330811	6.53350532054901	3.42550222813631
1487	ctrl_M2	ctrl	16.7313137054443	9.40019810199738	1.77988947933866
1487	ctrl_M3	ctrl	13.8637571334839	5.51970040798187	2.51168652440555
1487	mut_M1	mut	27.517068862915	10.2527245283127	2.68387868872583
1487	mut_M2	mut	22.7306289672852	9.62273395061493	2.36217992557433
1487	mut_M3	mut	26.7610340118408	7.45072555541992	3.59173530319794
1488	ctrl_M1	ctrl	130.954025268555	55.5550365447998	2.35719447620114
1488	ctrl_M2	ctrl	155.620452880859	73.51784324646	2.11677119470385
1488	ctrl_M3	ctrl	156.001525878906	77.900908946991	2.0025636155935
1488	mut_M1	mut	196.248397827148	81.5441279411316	2.40665272634744
1488	mut_M2	mut	220.925643920898	77.4935917854309	2.85088920039493
1488	mut_M3	mut	205.311492919922	65.0074009895325	3.1582787466458
1489	ctrl_M1	ctrl	207.002456665039	34.7253794670105	5.96112871456722
1489	ctrl_M2	ctrl	227.711685180664	49.8549451828003	4.56748441595365
1489	ctrl_M3	ctrl	247.180297851562	46.860034942627	5.27486371177908
1489	mut_M1	mut	288.538116455078	51.9378528594971	5.55544945678896
1489	mut_M2	mut	250.854904174805	46.371994972229	5.40962070588154
1489	mut_M3	mut	274.619689941406	40.6873588562012	6.74950888092731
1490	ctrl_M1	ctrl	110.268760681152	26.1540374755859	4.21612765463402
1490	ctrl_M2	ctrl	135.214050292969	44.8429055213928	3.01528299116263
1490	ctrl_M3	ctrl	140.856430053711	45.0692272186279	3.12533492909531
1490	mut_M1	mut	187.653274536133	42.1139812469482	4.45584266744505
1490	mut_M2	mut	215.984985351562	38.170642375946	5.65840582991261
1490	mut_M3	mut	189.422485351562	38.4726929664612	4.92355670336602
1491	ctrl_M1	ctrl	96.9024505615234	46.9241962432861	2.06508493100483
1491	ctrl_M2	ctrl	124.035057067871	60.0319986343384	2.06614905199779
1491	ctrl_M3	ctrl	128.765777587891	65.5827608108521	1.96340892020794
1491	mut_M1	mut	219.276336669922	68.3957657814026	3.20599285883784
1491	mut_M2	mut	194.925918579102	77.2337141036987	2.52384494053183
1491	mut_M3	mut	177.2763671875	65.9704580307007	2.68720837295083
1492	ctrl_M1	ctrl	106.245132446289	33.1203017234802	3.20785521017666
1492	ctrl_M2	ctrl	146.192779541016	46.5662708282471	3.13945645508584
1492	ctrl_M3	ctrl	152.220809936523	43.5222568511963	3.49753944187615
1492	mut_M1	mut	200.04020690918	46.0267601013184	4.34617180242174
1492	mut_M2	mut	183.830932617188	46.0757222175598	3.98975694291186
1492	mut_M3	mut	148.387771606445	37.7303547859192	3.93284856313684
1493	ctrl_M1	ctrl	50.0302124023438	20.3052229881287	2.46390854370787
1493	ctrl_M2	ctrl	70.3647384643555	30.5228207111359	2.30531572197336
1493	ctrl_M3	ctrl	69.8609771728516	29.5023403167725	2.3679808592383
1493	mut_M1	mut	125.272880554199	33.6215419769287	3.72597070771359
1493	mut_M2	mut	104.704574584961	37.7083234786987	2.77669662625304
1493	mut_M3	mut	101.028923034668	32.8774626255035	3.07289294753234
1494	ctrl_M1	ctrl	60.9238357543945	34.1006798744202	1.78658712901777
1494	ctrl_M2	ctrl	72.857666015625	47.5053968429565	1.53367134804658
1494	ctrl_M3	ctrl	76.6144943237305	47.6500334739685	1.6078581427563
1494	mut_M1	mut	88.0151748657227	51.0615782737732	1.72370650969341
1494	mut_M2	mut	89.0994110107422	46.1838250160217	1.92923411995071
1494	mut_M3	mut	88.5976333618164	47.9778323173523	1.84663685461615
1495	ctrl_M1	ctrl	75.7808456420898	30.2473931312561	2.50536782833631
1495	ctrl_M2	ctrl	90.5732498168945	46.23126745224	1.95913404084071
1495	ctrl_M3	ctrl	88.6313400268555	45.2034764289856	1.96071955142863
1495	mut_M1	mut	107.935600280762	39.1444840431213	2.75736423455883
1495	mut_M2	mut	111.181922912598	37.4265236854553	2.97067191831672
1495	mut_M3	mut	111.311065673828	37.9029326438904	2.93674019157382
1496	ctrl_M1	ctrl	40.6805419921875	18.7589600086212	2.16859260713236
1496	ctrl_M2	ctrl	46.6367530822754	25.2594223022461	1.84631115170549
1496	ctrl_M3	ctrl	57.2392082214355	21.6920521259308	2.63871799169298
1496	mut_M1	mut	53.514835357666	29.9154291152954	1.7888707245822
1496	mut_M2	mut	58.9736709594727	21.9425492286682	2.68763990659858
1496	mut_M3	mut	66.4019546508789	25.6860737800598	2.5851344670055
1497	ctrl_M1	ctrl	133.464828491211	60.0851154327393	2.22126274585616
1497	ctrl_M2	ctrl	178.258651733398	84.0104036331177	2.12186400760402
1497	ctrl_M3	ctrl	164.813110351562	75.5100154876709	2.18266556147738
1497	mut_M1	mut	233.451461791992	89.690851688385	2.60284585771443
1497	mut_M2	mut	256.998687744141	88.1546688079834	2.91531567436241
1497	mut_M3	mut	188.256805419922	76.9090332984924	2.44778535558075
1498	ctrl_M1	ctrl	35.5094947814941	12.4240801334381	2.8581186212671
1498	ctrl_M2	ctrl	50.2037811279297	23.7754693031311	2.11157897612217
1498	ctrl_M3	ctrl	27.65647315979	20.283989906311	1.36346316910684
1498	mut_M1	mut	49.7617416381836	19.5944075584412	2.53958898679468
1498	mut_M2	mut	65.4375457763672	18.5135452747345	3.53457670075056
1498	mut_M3	mut	73.4117431640625	17.148833990097	4.2808591654952
1499	ctrl_M1	ctrl	89.3427429199219	34.157084941864	2.61564308172038
1499	ctrl_M2	ctrl	122.695350646973	51.7224035263062	2.37218965635596
1499	ctrl_M3	ctrl	132.622085571289	51.405969619751	2.57989658695852
1499	mut_M1	mut	141.259246826172	49.8249912261963	2.83510831311301
1499	mut_M2	mut	139.120208740234	49.2822370529175	2.82292803776038
1499	mut_M3	mut	124.748748779297	41.734986782074	2.98906884601864
1500	ctrl_M1	ctrl	57.4411888122559	17.2590062618256	3.32818633592523
1500	ctrl_M2	ctrl	87.4462127685547	30.0605330467224	2.9090040629898
1500	ctrl_M3	ctrl	65.3759613037109	29.5005822181702	2.21609054425523
1500	mut_M1	mut	79.2498016357422	32.1370229721069	2.46599698125512
1500	mut_M2	mut	94.8306045532227	28.6256732940674	3.31278162714433
1500	mut_M3	mut	67.1569061279297	28.7267508506775	2.33778287273118
1501	ctrl_M1	ctrl	25.4108085632324	7.70646989345551	3.29733443645992
1501	ctrl_M2	ctrl	27.3074264526367	9.06544709205627	3.01225368978936
1501	ctrl_M3	ctrl	31.7010650634766	11.8773097991943	2.66904421956114
1501	mut_M1	mut	34.3261489868164	9.32914209365845	3.67945397789041
1501	mut_M2	mut	40.6726608276367	10.7695801258087	3.77662456219318
1501	mut_M3	mut	36.3944244384766	9.31962084770203	3.90514003018164
1502	ctrl_M1	ctrl	34.3896408081055	10.8803228139877	3.1607187944731
1502	ctrl_M2	ctrl	26.1256694793701	9.6083442568779	2.7190605145802
1502	ctrl_M3	ctrl	25.7925891876221	17.5260920524597	1.47166801991104
1502	mut_M1	mut	30.3786373138428	12.3427603244781	2.46125149603658
1502	mut_M2	mut	42.0185852050781	19.9030017852783	2.11116823775588
1502	mut_M3	mut	43.8601417541504	15.7380990982056	2.78687670476997
1503	ctrl_M1	ctrl	115.109344482422	20.6467363834381	5.57518352269744
1503	ctrl_M2	ctrl	150.436325073242	26.6810631752014	5.63831823662351
1503	ctrl_M3	ctrl	158.483825683594	26.7441785335541	5.92591862504788
1503	mut_M1	mut	177.090545654297	34.6297473907471	5.1138272438457
1503	mut_M2	mut	164.25732421875	29.1032800674438	5.64394541914522
1503	mut_M3	mut	150.346160888672	27.6634297370911	5.43483444813381
1504	ctrl_M1	ctrl	97.6409530639648	151.905341625214	0.64277498091455
1504	ctrl_M2	ctrl	131.971557617188	163.551309585571	0.806912264729614
1504	ctrl_M3	ctrl	125.679313659668	173.681106090546	0.723621103576731
1504	mut_M1	mut	200.24755859375	194.881992340088	1.02753238608264
1504	mut_M2	mut	192.533813476562	178.264440536499	1.0800460983532
1504	mut_M3	mut	184.197174072266	153.565971374512	1.19946608238521
1505	ctrl_M1	ctrl	43.5783271789551	13.0277047753334	3.34505025485887
1505	ctrl_M2	ctrl	61.4227638244629	20.8901265859604	2.94027724397531
1505	ctrl_M3	ctrl	61.8169021606445	16.5966522693634	3.72466092301973
1505	mut_M1	mut	62.2045440673828	19.4787313938141	3.19345971817945
1505	mut_M2	mut	63.9692268371582	16.7536535263062	3.81822548357678
1505	mut_M3	mut	58.4771614074707	16.5661644935608	3.52991553537939
1506	ctrl_M1	ctrl	103.590774536133	29.268059015274	3.53937972046838
1506	ctrl_M2	ctrl	138.688735961914	38.2545528411865	3.62541777805322
1506	ctrl_M3	ctrl	136.41862487793	38.3943910598755	3.55308734198146
1506	mut_M1	mut	158.591247558594	40.2787709236145	3.93734078577893
1506	mut_M2	mut	159.234664916992	36.6283717155457	4.3473039466128
1506	mut_M3	mut	159.2099609375	36.2863397598267	4.38760045767318
1507	ctrl_M1	ctrl	100.467468261719	30.5062413215637	3.29334142488088
1507	ctrl_M2	ctrl	115.49951171875	33.8114681243896	3.41598629476356
1507	ctrl_M3	ctrl	110.9443359375	33.2377409934998	3.33790241518511
1507	mut_M1	mut	126.66153717041	41.9719214439392	3.01776837497394
1507	mut_M2	mut	136.010894775391	38.2491312026978	3.55592115425089
1507	mut_M3	mut	122.287445068359	37.1396794319153	3.29263598767829
1508	ctrl_M1	ctrl	90.6787719726562	43.9343166351318	2.06396227180976
1508	ctrl_M2	ctrl	118.089241027832	66.7539715766907	1.76902195088369
1508	ctrl_M3	ctrl	133.017181396484	56.8858780860901	2.33831639541853
1508	mut_M1	mut	165.127548217773	62.3362598419189	2.64898068373892
1508	mut_M2	mut	156.80436706543	66.8225774765015	2.34657765364664
1508	mut_M3	mut	144.447021484375	53.364803314209	2.70678448178435
1509	ctrl_M1	ctrl	70.4625091552734	35.6321060657501	1.97750054474054
1509	ctrl_M2	ctrl	100.52906036377	62.327399969101	1.61291920429229
1509	ctrl_M3	ctrl	97.8970489501953	38.3468313217163	2.55293711568692
1509	mut_M1	mut	128.460784912109	55.657702922821	2.30805042547736
1509	mut_M2	mut	109.992118835449	46.2407822608948	2.37868205202203
1509	mut_M3	mut	115.697891235352	53.8860046863556	2.14708609236801
1510	ctrl_M1	ctrl	46.4971046447754	14.2913432121277	3.25351535923634
1510	ctrl_M2	ctrl	51.364574432373	21.3827323913574	2.40215204924577
1510	ctrl_M3	ctrl	40.2966232299805	20.3725528717041	1.97798594431184
1510	mut_M1	mut	61.175350189209	20.7354295253754	2.95028131027354
1510	mut_M2	mut	52.6280860900879	21.1517124176025	2.48812413156159
1510	mut_M3	mut	33.8707962036133	21.982266664505	1.5408236430097
1511	ctrl_M1	ctrl	129.584381103516	51.0449423789978	2.53863311552747
1511	ctrl_M2	ctrl	158.829071044922	70.4439744949341	2.25468639700822
1511	ctrl_M3	ctrl	194.263641357422	68.0479822158813	2.8548038462202
1511	mut_M1	mut	215.031234741211	74.8767585754395	2.87180212968973
1511	mut_M2	mut	228.657623291016	66.928807258606	3.4164305723768
1511	mut_M3	mut	183.149963378906	64.3890829086304	2.84442571792489
1512	ctrl_M1	ctrl	143.71989440918	194.890295982361	0.737439971983969
1512	ctrl_M2	ctrl	191.344512939453	214.872418403625	0.890502905682494
1512	ctrl_M3	ctrl	205.123062133789	229.295950889587	0.894577777487932
1512	mut_M1	mut	260.360412597656	266.722199440002	0.976148266414632
1512	mut_M2	mut	272.338012695312	257.790468215942	1.0564316616516
1512	mut_M3	mut	198.537704467773	197.84773349762	1.00348738374687
1513	ctrl_M1	ctrl	85.7653961181641	11.6053738594055	7.39014504462999
1513	ctrl_M2	ctrl	118.327766418457	23.1230657100677	5.11730442243812
1513	ctrl_M3	ctrl	117.310028076172	22.2965319156647	5.26135761919792
1513	mut_M1	mut	126.316596984863	20.413779258728	6.18781046781702
1513	mut_M2	mut	132.437637329102	21.6832232475281	6.10783903376541
1513	mut_M3	mut	113.448570251465	23.052800655365	4.92124891667175
1514	ctrl_M1	ctrl	88.4552154541016	29.5041742324829	2.99805765642191
1514	ctrl_M2	ctrl	136.848876953125	41.8975939750671	3.26627054132422
1514	ctrl_M3	ctrl	111.525321960449	35.7718515396118	3.11768379774673
1514	mut_M1	mut	128.544586181641	44.4133453369141	2.89427840228016
1514	mut_M2	mut	149.009002685547	47.1636829376221	3.15940133179641
1514	mut_M3	mut	139.620025634766	42.1909637451172	3.30924001827107
1515	ctrl_M1	ctrl	104.491325378418	38.9348111152649	2.68375066901123
1515	ctrl_M2	ctrl	143.730285644531	50.1581211090088	2.8655436540807
1515	ctrl_M3	ctrl	150.095474243164	57.9715576171875	2.58912267347227
1515	mut_M1	mut	184.051849365234	54.1393694877625	3.3995935140478
1515	mut_M2	mut	185.261291503906	52.2532653808594	3.54544907679145
1515	mut_M3	mut	191.775650024414	52.4038443565369	3.6595721626765
1516	ctrl_M1	ctrl	56.6801643371582	20.8364493846893	2.72024102046901
1516	ctrl_M2	ctrl	72.2459487915039	27.6240530014038	2.61532762002131
1516	ctrl_M3	ctrl	95.8732376098633	34.0429558753967	2.81624304190201
1516	mut_M1	mut	112.622428894043	30.5445928573608	3.68714781761782
1516	mut_M2	mut	119.344383239746	34.4052886962891	3.46878017194544
1516	mut_M3	mut	98.1877975463867	30.6634240150452	3.20211459418917
1517	ctrl_M1	ctrl	53.7444305419922	28.2640066146851	1.9015149293826
1517	ctrl_M2	ctrl	84.0737152099609	38.2532539367676	2.19781865743851
1517	ctrl_M3	ctrl	82.1657028198242	40.4911413192749	2.02922664421689
1517	mut_M1	mut	112.07723236084	43.9175710678101	2.55199068700291
1517	mut_M2	mut	102.441299438477	47.2399215698242	2.16853237757943
1517	mut_M3	mut	95.4592132568359	44.2653341293335	2.15652304753705
1518	ctrl_M1	ctrl	42.6027374267578	19.2707849740982	2.21074219259983
1518	ctrl_M2	ctrl	58.3335838317871	21.7890691757202	2.67719485221465
1518	ctrl_M3	ctrl	49.2251358032227	24.7458367347717	1.98922898953963
1518	mut_M1	mut	72.1398620605469	26.854171037674	2.68635594669228
1518	mut_M2	mut	72.5854797363281	22.6216788291931	3.20866900659279
1518	mut_M3	mut	66.5701675415039	21.6940730810165	3.06858777938553
1519	ctrl_M1	ctrl	36.3782157897949	13.6141717433929	2.67208438937532
1519	ctrl_M2	ctrl	43.5723838806152	21.3813014030457	2.03787332956303
1519	ctrl_M3	ctrl	35.9561309814453	18.0663642883301	1.99022506175584
1519	mut_M1	mut	57.3768157958984	26.6163926124573	2.15569467400493
1519	mut_M2	mut	32.2857131958008	22.4242949485779	1.43976491880064
1519	mut_M3	mut	37.0056343078613	18.9203970432281	1.95585928896276
1520	ctrl_M1	ctrl	42.7170181274414	10.6177730560303	4.02316172157971
1520	ctrl_M2	ctrl	67.663215637207	20.6516196727753	3.27641205432456
1520	ctrl_M3	ctrl	69.2470474243164	16.3733806610107	4.22924555765148
1520	mut_M1	mut	117.735343933105	14.6829063892365	8.01853126431517
1520	mut_M2	mut	138.075286865234	17.2209475040436	8.01786817088975
1520	mut_M3	mut	119.549758911133	19.1515693664551	6.24229568990467
1521	ctrl_M1	ctrl	20.6507034301758	3.95536059141159	5.22094078477076
1521	ctrl_M2	ctrl	12.7149562835693	3.87449675798416	3.28170523239377
1521	ctrl_M3	ctrl	20.1997261047363	4.44825202226639	4.54104803496375
1521	mut_M1	mut	23.0150203704834	4.33775097131729	5.3057495745299
1521	mut_M2	mut	20.5855026245117	4.36803424358368	4.71276127350657
1521	mut_M3	mut	16.3909816741943	5.75180864334106	2.84970914204011
1522	ctrl_M1	ctrl	85.030876159668	24.7663469314575	3.4333233074299
1522	ctrl_M2	ctrl	98.3956527709961	37.9614458084106	2.59198907406197
1522	ctrl_M3	ctrl	116.155067443848	37.1249308586121	3.12876185241171
1522	mut_M1	mut	121.950469970703	39.6782927513123	3.07348077537106
1522	mut_M2	mut	161.99967956543	37.8904762268066	4.2754722478473
1522	mut_M3	mut	129.286529541016	38.7715840339661	3.3345691893257
1523	ctrl_M1	ctrl	109.25040435791	27.8928158283234	3.91679366580743
1523	ctrl_M2	ctrl	156.271728515625	41.9299464225769	3.72697181486217
1523	ctrl_M3	ctrl	197.775772094727	41.1255269050598	4.80907570014364
1523	mut_M1	mut	213.368499755859	48.6894979476929	4.38222838085291
1523	mut_M2	mut	185.92399597168	40.6019554138184	4.57918822078217
1523	mut_M3	mut	169.376815795898	43.6439018249512	3.88088160575657
1524	ctrl_M1	ctrl	75.3952026367188	16.5276510715485	4.56176151773363
1524	ctrl_M2	ctrl	130.183547973633	19.5186614990234	6.66969648406199
1524	ctrl_M3	ctrl	118.962959289551	23.9021172523499	4.97708876722439
1524	mut_M1	mut	147.30061340332	26.5181531906128	5.55470859318603
1524	mut_M2	mut	127.328308105469	19.4538781642914	6.54513753145563
1524	mut_M3	mut	135.3955078125	18.7540762424469	7.21952422834101
1525	ctrl_M1	ctrl	71.958740234375	33.6756155490875	2.13682033902198
1525	ctrl_M2	ctrl	110.749206542969	48.8196158409119	2.26853908281184
1525	ctrl_M3	ctrl	99.044189453125	48.0542330741882	2.06109187717586
1525	mut_M1	mut	129.587478637695	54.8132152557373	2.36416488310511
1525	mut_M2	mut	148.019119262695	47.5066571235657	3.11575531146498
1525	mut_M3	mut	135.381088256836	48.0947937965393	2.81488031385587
1526	ctrl_M1	ctrl	51.3936576843262	21.1587948799133	2.42895013520433
1526	ctrl_M2	ctrl	105.452659606934	27.7328534126282	3.80244535381692
1526	ctrl_M3	ctrl	88.9359970092773	30.6997399330139	2.89696255418885
1526	mut_M1	mut	114.262306213379	31.4985008239746	3.62754744589018
1526	mut_M2	mut	102.048934936523	25.8571949005127	3.94663594907195
1526	mut_M3	mut	107.794799804688	31.7383713722229	3.3963557405163
1527	ctrl_M1	ctrl	276.997100830078	50.3584208488464	5.50051205262175
1527	ctrl_M2	ctrl	352.119750976562	61.5219788551331	5.72347895059919
1527	ctrl_M3	ctrl	372.567321777344	65.3433227539062	5.70168926334668
1527	mut_M1	mut	426.945068359375	70.7089591026306	6.03806184927266
1527	mut_M2	mut	395.365142822266	64.1842589378357	6.1598458775568
1527	mut_M3	mut	413.009796142578	60.7286005020142	6.80091081843521
1528	ctrl_M1	ctrl	190.764495849609	112.369075536728	1.6976600985496
1528	ctrl_M2	ctrl	248.310562133789	156.786616325378	1.58374845987155
1528	ctrl_M3	ctrl	233.748260498047	146.4115691185	1.59651496056886
1528	mut_M1	mut	330.692504882812	150.897769927979	2.19150027890172
1528	mut_M2	mut	358.903686523438	140.038449287415	2.56289389342512
1528	mut_M3	mut	356.251800537109	127.059525966644	2.80381811459483
1529	ctrl_M1	ctrl	125.688659667969	29.5578324794769	4.25229623164144
1529	ctrl_M2	ctrl	148.931732177734	44.9776496887207	3.31123865316339
1529	ctrl_M3	ctrl	153.134796142578	44.1802587509155	3.46613624437871
1529	mut_M1	mut	180.236755371094	45.5410122871399	3.95768004089777
1529	mut_M2	mut	181.414184570312	49.3804879188538	3.67380299822934
1529	mut_M3	mut	155.060623168945	40.7840223312378	3.80199436704848
1530	ctrl_M1	ctrl	94.8566436767578	8.44126665592194	11.2372523630931
1530	ctrl_M2	ctrl	117.658821105957	15.8360937833786	7.42978809770946
1530	ctrl_M3	ctrl	131.082489013672	16.8005132675171	7.80229073519516
1530	mut_M1	mut	124.450668334961	13.577276468277	9.16609959484417
1530	mut_M2	mut	159.217910766602	16.2419276237488	9.8028949798911
1530	mut_M3	mut	154.329391479492	14.2523728609085	10.8283296392552
1531	ctrl_M1	ctrl	65.6260452270508	25.1113309860229	2.613403696665
1531	ctrl_M2	ctrl	80.3500823974609	35.7906370162964	2.24500285817421
1531	ctrl_M3	ctrl	78.6390075683594	31.7477350234985	2.47699583955056
1531	mut_M1	mut	113.864547729492	29.2663049697876	3.89063627427643
1531	mut_M2	mut	102.839073181152	28.2378334999084	3.64188963652207
1531	mut_M3	mut	115.01929473877	26.2401642799377	4.38332982643363
1532	ctrl_M1	ctrl	72.1183395385742	14.0460239648819	5.13443090506507
1532	ctrl_M2	ctrl	78.0968856811523	26.1863298416138	2.9823532413101
1532	ctrl_M3	ctrl	98.9912490844727	21.1905198097229	4.67148753184678
1532	mut_M1	mut	137.66618347168	27.710503578186	4.96801449613683
1532	mut_M2	mut	112.063110351562	25.0354166030884	4.47618316596091
1532	mut_M3	mut	161.218399047852	23.4943566322327	6.8620052709454
1533	ctrl_M1	ctrl	62.0750198364258	6.34532594680786	9.78279450997373
1533	ctrl_M2	ctrl	64.318489074707	15.622243642807	4.11710958715724
1533	ctrl_M3	ctrl	62.7708129882812	11.5493438243866	5.43501119567848
1533	mut_M1	mut	79.1813125610352	15.929486989975	4.97073839294805
1533	mut_M2	mut	76.0287704467773	15.3163611888885	4.9638925009116
1533	mut_M3	mut	81.3857116699219	13.8659498691559	5.86946530442609
1534	ctrl_M1	ctrl	88.4769973754883	26.729305267334	3.31011212190451
1534	ctrl_M2	ctrl	95.0906753540039	36.7033619880676	2.59078924118499
1534	ctrl_M3	ctrl	96.4284286499023	39.7568297386169	2.42545568356117
1534	mut_M1	mut	139.417663574219	37.435733795166	3.72418674459699
1534	mut_M2	mut	144.08186340332	33.201286315918	4.33964702549015
1534	mut_M3	mut	148.545379638672	40.9696426391602	3.6257426247767
1535	ctrl_M1	ctrl	68.6657257080078	22.149852514267	3.10005340504093
1535	ctrl_M2	ctrl	68.2754592895508	29.3425288200378	2.32684305120034
1535	ctrl_M3	ctrl	86.6203308105469	26.657196521759	3.24941637204208
1535	mut_M1	mut	91.2646331787109	29.8133709430695	3.06119805616703
1535	mut_M2	mut	106.589698791504	25.8631749153137	4.12129211284078
1535	mut_M3	mut	77.8993453979492	24.2532665729523	3.21191148267113
1536	ctrl_M1	ctrl	66.8051300048828	16.190309047699	4.12624180354219
1536	ctrl_M2	ctrl	68.823371887207	25.4962453842163	2.69935321260333
1536	ctrl_M3	ctrl	53.7358131408691	27.8558814525604	1.92906525799168
1536	mut_M1	mut	106.491874694824	26.7279233932495	3.98429287333711
1536	mut_M2	mut	85.7202529907227	23.4997546672821	3.64770842097633
1536	mut_M3	mut	82.9719772338867	25.4562215805054	3.25939876707498
1537	ctrl_M1	ctrl	28.5086250305176	8.57558834552765	3.32439290248644
1537	ctrl_M2	ctrl	24.130069732666	11.6671136617661	2.0682124501574
1537	ctrl_M3	ctrl	34.7966003417969	10.7195078134537	3.24610056239008
1537	mut_M1	mut	44.0489311218262	13.0376029014587	3.3786065931566
1537	mut_M2	mut	42.4869804382324	13.3504838943481	3.18242999837774
1537	mut_M3	mut	38.4728469848633	14.1754958629608	2.71403888490342
1538	ctrl_M1	ctrl	40.2247848510742	7.85773742198944	5.11913069766208
1538	ctrl_M2	ctrl	52.7967567443848	9.96033751964569	5.30069956366929
1538	ctrl_M3	ctrl	50.9103546142578	9.46888601779938	5.37659388005704
1538	mut_M1	mut	68.3175201416016	13.2785766124725	5.14494302630533
1538	mut_M2	mut	67.0976028442383	13.3305480480194	5.03337166653154
1538	mut_M3	mut	65.8331146240234	12.5428488254547	5.24865726599689
1539	ctrl_M1	ctrl	28.6035766601562	6.63335782289505	4.31208106419813
1539	ctrl_M2	ctrl	41.7102699279785	8.99065339565277	4.63929239538325
1539	ctrl_M3	ctrl	37.2075233459473	8.39683043956757	4.43113906059337
1539	mut_M1	mut	51.226863861084	9.03479540348053	5.669952840476
1539	mut_M2	mut	58.1520385742188	10.6555200815201	5.4574566167889
1539	mut_M3	mut	41.424560546875	9.94313967227936	4.1661448910713
1540	ctrl_M1	ctrl	25.1002883911133	4.24603921175003	5.91145939530032
1540	ctrl_M2	ctrl	29.4277305603027	8.9504382610321	3.28785358907211
1540	ctrl_M3	ctrl	35.8832511901855	6.23247295618057	5.7574660078711
1540	mut_M1	mut	30.9148597717285	7.22775673866272	4.2772413197526
1540	mut_M2	mut	40.6782836914062	7.38892138004303	5.50530741892524
1540	mut_M3	mut	38.4348220825195	8.00853371620178	4.79923334839228
1541	ctrl_M1	ctrl	87.8831024169922	25.1592767238617	3.49306950996893
1541	ctrl_M2	ctrl	120.621116638184	30.6208629608154	3.93918083865039
1541	ctrl_M3	ctrl	128.784408569336	32.9793019294739	3.90500711157383
1541	mut_M1	mut	161.382339477539	38.3353118896484	4.20975678878242
1541	mut_M2	mut	158.979370117188	35.4004888534546	4.49088064222236
1541	mut_M3	mut	147.065124511719	29.4492938518524	4.99384213596239
1542	ctrl_M1	ctrl	44.8385848999023	18.8725996017456	2.3758563126489
1542	ctrl_M2	ctrl	53.3045234680176	24.9749348163605	2.13432082445713
1542	ctrl_M3	ctrl	66.9033050537109	31.4832620620728	2.12504361593165
1542	mut_M1	mut	62.5226860046387	34.955135345459	1.78865524011656
1542	mut_M2	mut	88.8817977905273	29.4290981292725	3.02020121038363
1542	mut_M3	mut	65.7041702270508	28.8699131011963	2.27587003801297
1543	ctrl_M1	ctrl	48.1618919372559	16.6404514312744	2.89426594802226
1543	ctrl_M2	ctrl	48.5112113952637	23.077100276947	2.10213635218824
1543	ctrl_M3	ctrl	43.5465240478516	22.0146360397339	1.97807149612899
1543	mut_M1	mut	56.0591506958008	24.8032503128052	2.26015340686455
1543	mut_M2	mut	60.0839004516602	23.1434409618378	2.59615242827266
1543	mut_M3	mut	55.4859962463379	21.0826854705811	2.63182773009461
1544	ctrl_M1	ctrl	60.8883972167969	17.9762282371521	3.38716200159034
1544	ctrl_M2	ctrl	89.0511322021484	29.92942237854	2.97537089342559
1544	ctrl_M3	ctrl	97.5319976806641	24.9895746707916	3.90290747103678
1544	mut_M1	mut	125.218338012695	29.866711139679	4.19257203871833
1544	mut_M2	mut	112.452941894531	29.205406665802	3.85041520501092
1544	mut_M3	mut	127.810821533203	29.5712661743164	4.32212881179268
1545	ctrl_M1	ctrl	31.2738609313965	7.18292930722237	4.35391462087075
1545	ctrl_M2	ctrl	61.3774299621582	11.5630918741226	5.30804655280103
1545	ctrl_M3	ctrl	59.162467956543	10.9581718444824	5.39893595356711
1545	mut_M1	mut	73.4063720703125	11.4543071985245	6.4086261000376
1545	mut_M2	mut	55.809211730957	11.5457376241684	4.83375021567553
1545	mut_M3	mut	32.8249244689941	10.7491863369942	3.05371248017393
1546	ctrl_M1	ctrl	168.874130249023	42.7186322212219	3.95317268995166
1546	ctrl_M2	ctrl	239.641189575195	62.5241460800171	3.83277828806342
1546	ctrl_M3	ctrl	223.042434692383	65.7510070800781	3.39222841744066
1546	mut_M1	mut	302.481140136719	72.6469793319702	4.163712557882
1546	mut_M2	mut	257.471557617188	63.1536612510681	4.07690627141325
1546	mut_M3	mut	231.287582397461	62.480541229248	3.70175382362392
1547	ctrl_M1	ctrl	90.676139831543	28.0911555290222	3.22792487969608
1547	ctrl_M2	ctrl	131.300216674805	30.9851279258728	4.23752378847428
1547	ctrl_M3	ctrl	123.457870483398	31.3826155662537	3.93395732815066
1547	mut_M1	mut	139.353256225586	30.1828308105469	4.61697105550787
1547	mut_M2	mut	134.767074584961	30.2327265739441	4.45765532444927
1547	mut_M3	mut	135.017883300781	31.6661081314087	4.26379783522753
1548	ctrl_M1	ctrl	70.9568710327148	22.9056880474091	3.09778387297739
1548	ctrl_M2	ctrl	88.813850402832	32.9753222465515	2.6933429107617
1548	ctrl_M3	ctrl	91.6294631958008	28.5570931434631	3.2086411153782
1548	mut_M1	mut	131.099349975586	30.31569647789	4.32447099050487
1548	mut_M2	mut	125.400733947754	30.3962345123291	4.12553515129941
1548	mut_M3	mut	117.413597106934	28.0853202342987	4.18060382176253
1549	ctrl_M1	ctrl	93.5571670532227	14.6063823699951	6.40522510525335
1549	ctrl_M2	ctrl	125.451904296875	19.0774192810059	6.57593684182322
1549	ctrl_M3	ctrl	114.760887145996	21.2595958709717	5.39807472552633
1549	mut_M1	mut	151.515899658203	21.3407723903656	7.09983204387699
1549	mut_M2	mut	166.875350952148	25.822954416275	6.46228732243645
1549	mut_M3	mut	168.193969726562	20.5311939716339	8.19211829370181
1550	ctrl_M1	ctrl	77.8785018920898	17.219541311264	4.52268155604971
1550	ctrl_M2	ctrl	111.34497833252	29.4626784324646	3.77918723811036
1550	ctrl_M3	ctrl	111.282737731934	27.4065790176392	4.06043883332943
1550	mut_M1	mut	95.2895584106445	30.8914115428925	3.08466184131262
1550	mut_M2	mut	110.499046325684	28.2726566791534	3.9083361560132
1550	mut_M3	mut	101.093627929688	31.2753748893738	3.23237141960001
1551	ctrl_M1	ctrl	55.3244972229004	22.1026439666748	2.50307145635227
1551	ctrl_M2	ctrl	61.1233787536621	37.5385098457336	1.62828463369621
1551	ctrl_M3	ctrl	67.3550109863281	30.437388420105	2.21290375037031
1551	mut_M1	mut	118.979721069336	42.3424906730652	2.80993676040463
1551	mut_M2	mut	109.6103515625	34.8241791725159	3.14753582617124
1551	mut_M3	mut	100.149368286133	35.704258441925	2.80496984551664
1552	ctrl_M1	ctrl	49.15771484375	12.1752407550812	4.03751480834042
1552	ctrl_M2	ctrl	61.357738494873	16.1403872966766	3.80150348111577
1552	ctrl_M3	ctrl	83.3349533081055	16.5479481220245	5.03596897292605
1552	mut_M1	mut	68.7107315063477	15.5791535377502	4.41042777708384
1552	mut_M2	mut	90.0053787231445	14.125581741333	6.37179978646677
1552	mut_M3	mut	91.1963958740234	14.9592318534851	6.09632879329811
1553	ctrl_M1	ctrl	68.8142318725586	30.5514826774597	2.25240236616498
1553	ctrl_M2	ctrl	92.4980545043945	34.3531227111816	2.69256612512513
1553	ctrl_M3	ctrl	64.1030502319336	38.3815560340881	1.67015246007747
1553	mut_M1	mut	123.18968963623	44.8400692939758	2.74731265084777
1553	mut_M2	mut	112.783592224121	39.3245224952698	2.86802191273111
1553	mut_M3	mut	99.1742172241211	37.5872950553894	2.63850370392378
1554	ctrl_M1	ctrl	46.7360534667969	6.77443414926529	6.89888667260358
1554	ctrl_M2	ctrl	65.3531875610352	14.0732020139694	4.6438036984166
1554	ctrl_M3	ctrl	70.2862854003906	11.2014789581299	6.27473261906882
1554	mut_M1	mut	87.0253601074219	9.77979600429535	8.89848418813642
1554	mut_M2	mut	72.7765960693359	11.2581425905228	6.46435195541049
1554	mut_M3	mut	69.6863250732422	13.2170921564102	5.27243997761222
1555	ctrl_M1	ctrl	151.603073120117	43.6963472366333	3.46946787792411
1555	ctrl_M2	ctrl	191.315231323242	71.4848594665527	2.67630422373226
1555	ctrl_M3	ctrl	198.623184204102	58.5235567092896	3.39390145391785
1555	mut_M1	mut	246.502639770508	63.5835194587708	3.87683226516498
1555	mut_M2	mut	239.39616394043	69.4300241470337	3.4480207501218
1555	mut_M3	mut	241.600006103516	66.6489028930664	3.62496598767944
1556	ctrl_M1	ctrl	146.660079956055	23.1200180053711	6.34342412371753
1556	ctrl_M2	ctrl	208.310073852539	28.1111273765564	7.41023549365941
1556	ctrl_M3	ctrl	210.678939819336	30.6270921230316	6.87884239786855
1556	mut_M1	mut	243.078536987305	34.7147340774536	7.00217194361798
1556	mut_M2	mut	248.721206665039	29.9608755111694	8.30153333043674
1556	mut_M3	mut	216.585601806641	33.0115215778351	6.56090938722627
1557	ctrl_M1	ctrl	74.6876678466797	48.8561458587646	1.52872615172285
1557	ctrl_M2	ctrl	112.974319458008	73.692852973938	1.53304309575261
1557	ctrl_M3	ctrl	93.4566268920898	69.1383266448975	1.35173400091232
1557	mut_M1	mut	141.920547485352	70.9012432098389	2.00166514803308
1557	mut_M2	mut	115.223106384277	70.6789112091064	1.63023318289928
1557	mut_M3	mut	144.995422363281	67.8971614837646	2.13551522913004
1558	ctrl_M1	ctrl	60.7480278015137	18.8553328514099	3.22179556734641
1558	ctrl_M2	ctrl	68.677116394043	25.8541288375854	2.65633070932189
1558	ctrl_M3	ctrl	68.2696151733398	25.6513438224792	2.66144400253653
1558	mut_M1	mut	86.4509887695312	34.4817943572998	2.50714878331816
1558	mut_M2	mut	73.0732269287109	26.581874370575	2.74898699429563
1558	mut_M3	mut	70.9104309082031	26.8040282726288	2.64551395734103
1559	ctrl_M1	ctrl	68.6426010131836	31.8921985626221	2.15233204692364
1559	ctrl_M2	ctrl	69.8208770751953	43.3735809326172	1.6097558830493
1559	ctrl_M3	ctrl	71.5584564208984	46.0853886604309	1.55273631189616
1559	mut_M1	mut	113.34774017334	52.1825671195984	2.17213806123328
1559	mut_M2	mut	117.605697631836	52.7573800086975	2.22918002395964
1559	mut_M3	mut	98.3626937866211	40.0089321136475	2.45851835053274
1560	ctrl_M1	ctrl	53.5564651489258	8.42340847849846	6.35805152814727
1560	ctrl_M2	ctrl	47.0618438720703	13.3055700361729	3.53700320573465
1560	ctrl_M3	ctrl	61.5654373168945	14.0942784547806	4.36811558068887
1560	mut_M1	mut	60.5023803710938	11.8550535440445	5.10350966752805
1560	mut_M2	mut	68.0995025634766	11.2803564071655	6.03699919625042
1560	mut_M3	mut	65.8373260498047	11.3670092821121	5.79196553955583
1561	ctrl_M1	ctrl	34.6377296447754	8.01193630695343	4.32326572725171
1561	ctrl_M2	ctrl	45.541618347168	13.1040579080582	3.4753828674065
1561	ctrl_M3	ctrl	35.5364532470703	13.2061797380447	2.69089577394558
1561	mut_M1	mut	43.4338874816895	12.4303078651428	3.49419241686581
1561	mut_M2	mut	45.2815361022949	12.8968324661255	3.51105872090921
1561	mut_M3	mut	28.8113994598389	13.3393824100494	2.15987506574018
1562	ctrl_M1	ctrl	49.5766563415527	14.4598534107208	3.42857254035477
1562	ctrl_M2	ctrl	78.0388565063477	24.1484580039978	3.23162897164814
1562	ctrl_M3	ctrl	66.413688659668	22.9690284729004	2.89144526674365
1562	mut_M1	mut	68.226806640625	26.4492602348328	2.57953553463747
1562	mut_M2	mut	71.7722778320312	24.9528245925903	2.87631877368079
1562	mut_M3	mut	74.2862930297852	29.6921277046204	2.5018851383367
1563	ctrl_M1	ctrl	32.7998199462891	7.74845540523529	4.23307849511887
1563	ctrl_M2	ctrl	39.5888442993164	13.6731340885162	2.89537453834861
1563	ctrl_M3	ctrl	33.9876441955566	16.5864973068237	2.04911522709343
1563	mut_M1	mut	39.447998046875	15.81334400177	2.49460190345948
1563	mut_M2	mut	61.3797950744629	12.9746959209442	4.73073091257433
1563	mut_M3	mut	47.2680053710938	16.204439163208	2.91697879173845
1564	ctrl_M1	ctrl	77.0352630615234	24.7995388507843	3.10631836845979
1564	ctrl_M2	ctrl	110.110580444336	37.7520155906677	2.91668083734197
1564	ctrl_M3	ctrl	94.9797668457031	32.0383715629578	2.96456287296191
1564	mut_M1	mut	122.873306274414	36.9171476364136	3.32835319468769
1564	mut_M2	mut	114.149124145508	30.1221628189087	3.78953944415481
1564	mut_M3	mut	112.663375854492	24.5951223373413	4.58072028710514
1565	ctrl_M1	ctrl	86.5153579711914	26.9136562347412	3.21455238993184
1565	ctrl_M2	ctrl	130.053070068359	35.3077936172485	3.68340971622837
1565	ctrl_M3	ctrl	120.311828613281	30.1630840301514	3.98871111763692
1565	mut_M1	mut	141.374267578125	38.8323111534119	3.64063490889348
1565	mut_M2	mut	155.096420288086	40.4149966239929	3.837595774931
1565	mut_M3	mut	153.748077392578	35.1208877563477	4.37768197829197
1566	ctrl_M1	ctrl	90.5873336791992	27.2985281944275	3.3183962532343
1566	ctrl_M2	ctrl	111.166145324707	35.8552422523499	3.10041540208591
1566	ctrl_M3	ctrl	120.885200500488	31.9899053573608	3.77885458397184
1566	mut_M1	mut	127.000038146973	42.9858775138855	2.9544595921288
1566	mut_M2	mut	112.984130859375	31.8883357048035	3.54311783171411
1566	mut_M3	mut	120.191940307617	30.0690846443176	3.997193187932
1567	ctrl_M1	ctrl	97.1080932617188	23.4106398820877	4.14803242247212
1567	ctrl_M2	ctrl	145.893859863281	37.9321568012238	3.84617886685986
1567	ctrl_M3	ctrl	99.1603088378906	36.297595500946	2.73186990679055
1567	mut_M1	mut	147.540222167969	33.4928162097931	4.4051303791178
1567	mut_M2	mut	147.334457397461	29.4183640480042	5.00824781272828
1567	mut_M3	mut	142.554092407227	31.0771193504333	4.5871076659246
1568	ctrl_M1	ctrl	45.7012023925781	17.4433207511902	2.61998291749923
1568	ctrl_M2	ctrl	68.1517715454102	21.8693995475769	3.11630739550695
1568	ctrl_M3	ctrl	46.9649085998535	25.6306262016296	1.83237460647245
1568	mut_M1	mut	80.8448944091797	28.50457239151	2.8362079353016
1568	mut_M2	mut	73.4662170410156	25.4881091117859	2.88237219633701
1568	mut_M3	mut	64.9590606689453	25.3109087944031	2.56644521129599
1569	ctrl_M1	ctrl	88.3657836914062	14.3605728149414	6.15336065142655
1569	ctrl_M2	ctrl	97.8936157226562	32.3613963127136	3.0250121093878
1569	ctrl_M3	ctrl	149.105758666992	29.179057598114	5.11002653754759
1569	mut_M1	mut	159.206726074219	32.8729529380798	4.84309171658852
1569	mut_M2	mut	151.759994506836	35.3315343856812	4.29531287405225
1569	mut_M3	mut	154.834365844727	29.997838973999	5.16151733392966
1570	ctrl_M1	ctrl	74.3352203369141	16.8851494789124	4.40240226654495
1570	ctrl_M2	ctrl	84.9065933227539	27.3229031562805	3.10752458613597
1570	ctrl_M3	ctrl	76.973762512207	30.0933885574341	2.55782968293186
1570	mut_M1	mut	84.2261505126953	30.6942133903503	2.74404003912915
1570	mut_M2	mut	99.5491790771484	27.3533325195312	3.63938028414149
1570	mut_M3	mut	78.4464416503906	33.5112833976746	2.34089636972347
1571	ctrl_M1	ctrl	50.8251876831055	20.9838547706604	2.42210919960088
1571	ctrl_M2	ctrl	45.4952697753906	31.1829771995544	1.45897774559001
1571	ctrl_M3	ctrl	43.6360549926758	27.7097640037537	1.57475375780049
1571	mut_M1	mut	58.112491607666	29.2804222106934	1.98468762470382
1571	mut_M2	mut	61.9787292480469	34.5633082389832	1.79319435568793
1571	mut_M3	mut	58.7245178222656	37.5173044204712	1.56526484856473
1572	ctrl_M1	ctrl	210.388198852539	36.8902456760406	5.70308478561262
1572	ctrl_M2	ctrl	221.366928100586	51.9648628234863	4.25993481119199
1572	ctrl_M3	ctrl	208.434051513672	44.0372183322906	4.73313391279385
1572	mut_M1	mut	229.298767089844	55.5265579223633	4.12953324804406
1572	mut_M2	mut	250.162475585938	56.9819107055664	4.39020862039117
1572	mut_M3	mut	234.243286132812	53.9272918701172	4.34368717600325
1573	ctrl_M1	ctrl	146.181823730469	165.059143304825	0.885632996776833
1573	ctrl_M2	ctrl	184.682052612305	181.08785867691	1.01984779079975
1573	ctrl_M3	ctrl	149.647888183594	167.409181833267	0.893904901420742
1573	mut_M1	mut	216.286041259766	192.46187210083	1.12378643571779
1573	mut_M2	mut	210.897094726562	189.520347118378	1.11279394499437
1573	mut_M3	mut	202.6962890625	187.804026126862	1.07929682468883
1574	ctrl_M1	ctrl	109.334022521973	20.9263024330139	5.22471769066494
1574	ctrl_M2	ctrl	130.474029541016	28.0809469223022	4.64635433776599
1574	ctrl_M3	ctrl	117.016983032227	22.9526863098145	5.09818247209655
1574	mut_M1	mut	152.948715209961	25.757107257843	5.93811695074524
1574	mut_M2	mut	163.797317504883	28.4823467731476	5.75083643245671
1574	mut_M3	mut	150.542999267578	26.1167073249817	5.7642411577503
1575	ctrl_M1	ctrl	94.9571914672852	78.3127682209015	1.21253779714993
1575	ctrl_M2	ctrl	103.491554260254	102.939466953278	1.00536322290484
1575	ctrl_M3	ctrl	114.45775604248	95.2315708398819	1.20188877525631
1575	mut_M1	mut	143.968399047852	94.7125918865204	1.52005552989561
1575	mut_M2	mut	140.010482788086	101.165994644165	1.38396783702419
1575	mut_M3	mut	143.507949829102	94.9001712799072	1.51219906027173
1576	ctrl_M1	ctrl	77.2206649780273	28.7310242652893	2.68771013051977
1576	ctrl_M2	ctrl	78.0890197753906	42.5083441734314	1.83702803046838
1576	ctrl_M3	ctrl	66.9064178466797	40.6065158843994	1.64767689099828
1576	mut_M1	mut	107.823432922363	40.520516872406	2.66095897201622
1576	mut_M2	mut	115.270286560059	46.0834717750549	2.50133685939987
1576	mut_M3	mut	107.815231323242	38.0981206893921	2.82993568638838
1577	ctrl_M1	ctrl	80.5716094970703	24.5948004722595	3.27596109543344
1577	ctrl_M2	ctrl	100.339645385742	33.1076760292053	3.03070639259697
1577	ctrl_M3	ctrl	101.092674255371	30.1765308380127	3.35004294556043
1577	mut_M1	mut	114.488494873047	28.7187805175781	3.98653747860119
1577	mut_M2	mut	128.532958984375	36.2300734519958	3.54768695555306
1577	mut_M3	mut	135.374465942383	30.7838950157166	4.39757431193382
1578	ctrl_M1	ctrl	66.4142150878906	28.9533581733704	2.29383461117732
1578	ctrl_M2	ctrl	87.0462646484375	33.3486943244934	2.61018508855098
1578	ctrl_M3	ctrl	68.8574371337891	27.4446952342987	2.50895251508332
1578	mut_M1	mut	102.549179077148	32.3434658050537	3.17063049752463
1578	mut_M2	mut	120.467124938965	33.6687088012695	3.57801440055291
1578	mut_M3	mut	118.396759033203	35.2129321098328	3.36230901374278
1579	ctrl_M1	ctrl	38.7831649780273	12.2292003631592	3.17135739266017
1579	ctrl_M2	ctrl	48.920539855957	20.56971347332	2.37828008248192
1579	ctrl_M3	ctrl	48.0385131835938	15.8468637466431	3.03142085094093
1579	mut_M1	mut	51.2764511108398	19.7843662500381	2.59176616843822
1579	mut_M2	mut	45.7154312133789	26.207471370697	1.74436635136399
1579	mut_M3	mut	53.3697166442871	18.7888045310974	2.84050624700229
1580	ctrl_M1	ctrl	47.1621017456055	15.5717172622681	3.02870267622212
1580	ctrl_M2	ctrl	50.9349975585938	20.858566403389	2.44192225743367
1580	ctrl_M3	ctrl	49.7989692687988	20.4523644447327	2.43487589923248
1580	mut_M1	mut	65.8318252563477	20.126269698143	3.27094023103654
1580	mut_M2	mut	73.3955459594727	21.2984826564789	3.44604576500881
1580	mut_M3	mut	73.8108215332031	23.4173572063446	3.15197060380516
1581	ctrl_M1	ctrl	48.1265335083008	11.5411295890808	4.17000200342901
1581	ctrl_M2	ctrl	45.9498138427734	14.7125871181488	3.12316341604474
1581	ctrl_M3	ctrl	41.4362564086914	14.5879380702972	2.84044641600587
1581	mut_M1	mut	92.2039337158203	17.648410320282	5.22448946066589
1581	mut_M2	mut	98.2509231567383	19.9229888916016	4.93153530784507
1581	mut_M3	mut	107.689010620117	20.6945486068726	5.20373807932946
1582	ctrl_M1	ctrl	52.9846801757812	4.11912673711777	12.8630856871512
1582	ctrl_M2	ctrl	51.5190963745117	5.21980381011963	9.86992964651884
1582	ctrl_M3	ctrl	56.5159111022949	6.10351502895355	9.25956777925467
1582	mut_M1	mut	88.6715850830078	6.55609291791916	13.5250653389384
1582	mut_M2	mut	63.5468368530273	6.87700670957565	9.24047911201595
1582	mut_M3	mut	56.7864151000977	6.09170949459076	9.32191778851604
1583	ctrl_M1	ctrl	52.4502182006836	9.65981709957123	5.42973201873685
1583	ctrl_M2	ctrl	85.5342636108398	15.5661017894745	5.49490583883221
1583	ctrl_M3	ctrl	75.5950164794922	11.8119648694992	6.39986804182708
1583	mut_M1	mut	91.7855224609375	15.8825988769531	5.77899896433986
1583	mut_M2	mut	99.4000778198242	16.8218990564346	5.90896886768573
1583	mut_M3	mut	91.5461883544922	15.8308696746826	5.78276432285313
1584	ctrl_M1	ctrl	27.6779308319092	8.85212773084641	3.12669808586943
1584	ctrl_M2	ctrl	43.2325096130371	11.5541664361954	3.74172467150932
1584	ctrl_M3	ctrl	33.4939117431641	10.888062953949	3.07620482034559
1584	mut_M1	mut	53.9195709228516	11.3448390960693	4.75278410440684
1584	mut_M2	mut	51.1174468994141	13.6208674907684	3.75287748258758
1584	mut_M3	mut	55.83349609375	12.5846999883652	4.43661717366082
1585	ctrl_M1	ctrl	32.3202209472656	12.4366410970688	2.59879019543977
1585	ctrl_M2	ctrl	50.4410285949707	13.1338872909546	3.84052546497105
1585	ctrl_M3	ctrl	39.0513381958008	13.622127532959	2.86675764129468
1585	mut_M1	mut	53.5883750915527	14.3408081531525	3.73677511889542
1585	mut_M2	mut	73.2448272705078	14.4147329330444	5.08124761039456
1585	mut_M3	mut	56.6089172363281	14.7544760704041	3.83672839118156
1586	ctrl_M1	ctrl	24.6063804626465	9.71333062648773	2.53325881809749
1586	ctrl_M2	ctrl	36.8974838256836	13.8266530036926	2.66857668416424
1586	ctrl_M3	ctrl	26.0714073181152	12.2304995059967	2.13167150739283
1586	mut_M1	mut	47.335262298584	12.7122275829315	3.72360091807515
1586	mut_M2	mut	48.5828514099121	13.6036319732666	3.57131474192962
1586	mut_M3	mut	54.1480903625488	13.2806503772736	4.07721676456519
1587	ctrl_M1	ctrl	14.619161605835	4.677350461483	3.12552196509983
1587	ctrl_M2	ctrl	13.4188432693481	3.59715709090233	3.73040235114728
1587	ctrl_M3	ctrl	16.2991828918457	4.31329411268234	3.77882482994177
1587	mut_M1	mut	14.749813079834	6.4095544219017	2.30122284779006
1587	mut_M2	mut	15.6819705963135	5.19197517633438	3.02042480245162
1587	mut_M3	mut	11.7769298553467	4.45629090070724	2.64276505231685
1588	ctrl_M1	ctrl	80.1820373535156	26.8534297943115	2.98591420044604
1588	ctrl_M2	ctrl	117.235008239746	36.5971708297729	3.20338992281807
1588	ctrl_M3	ctrl	101.804206848145	35.74373960495	2.84816888141291
1588	mut_M1	mut	114.955238342285	40.4630551338196	2.84099255387673
1588	mut_M2	mut	130.214309692383	40.5326957702637	3.21257461952267
1588	mut_M3	mut	137.683532714844	36.5114269256592	3.77097101669515
1589	ctrl_M1	ctrl	115.901741027832	26.6540222167969	4.3483771449246
1589	ctrl_M2	ctrl	110.925331115723	38.5493946075439	2.87748568414652
1589	ctrl_M3	ctrl	158.139999389648	38.9619297981262	4.05883384650146
1589	mut_M1	mut	179.939712524414	37.0711660385132	4.85389945213687
1589	mut_M2	mut	168.840713500977	34.6620674133301	4.87105144328596
1589	mut_M3	mut	165.931121826172	29.9359498023987	5.54287146128486
1590	ctrl_M1	ctrl	79.5624237060547	16.2413103580475	4.89876875400216
1590	ctrl_M2	ctrl	111.499870300293	28.5757513046265	3.90190511919247
1590	ctrl_M3	ctrl	122.815238952637	28.6294713020325	4.28981861582326
1590	mut_M1	mut	132.040191650391	30.941065788269	4.2674739310516
1590	mut_M2	mut	145.430160522461	33.0696806907654	4.39768868294734
1590	mut_M3	mut	123.886093139648	26.8239002227783	4.61849664331986
1591	ctrl_M1	ctrl	44.7375450134277	20.0106091499329	2.23569131145505
1591	ctrl_M2	ctrl	71.5443725585938	31.2948498725891	2.28613886469731
1591	ctrl_M3	ctrl	62.8222923278809	27.6936101913452	2.26847608144329
1591	mut_M1	mut	77.981330871582	30.9942727088928	2.51599163509998
1591	mut_M2	mut	79.5085830688477	30.3911991119385	2.61617130590989
1591	mut_M3	mut	73.5624923706055	30.2950839996338	2.42819899002408
1592	ctrl_M1	ctrl	47.0166282653809	15.6281976699829	3.00844852734911
1592	ctrl_M2	ctrl	45.9532699584961	21.5683958530426	2.13058357569108
1592	ctrl_M3	ctrl	66.4328384399414	27.2945761680603	2.43392086511606
1592	mut_M1	mut	69.4728393554688	26.5343704223633	2.61822075480324
1592	mut_M2	mut	70.7713241577148	27.6137089729309	2.56290541147842
1592	mut_M3	mut	59.4307174682617	21.7116589546204	2.73727206163648
1593	ctrl_M1	ctrl	72.6064682006836	30.0613338947296	2.41527766049706
1593	ctrl_M2	ctrl	93.9988861083984	37.2699732780457	2.52210768725637
1593	ctrl_M3	ctrl	116.390884399414	41.6964550018311	2.79138560806435
1593	mut_M1	mut	144.69482421875	46.9762191772461	3.08017177101464
1593	mut_M2	mut	128.540908813477	43.7814130783081	2.93596985057486
1593	mut_M3	mut	128.903167724609	39.1665410995483	3.29115525920403
1594	ctrl_M1	ctrl	38.6625328063965	27.7417912483215	1.39365668425379
1594	ctrl_M2	ctrl	84.6079635620117	44.9454913139343	1.88245719623007
1594	ctrl_M3	ctrl	85.1411819458008	42.9991011619568	1.9800688769078
1594	mut_M1	mut	84.0742111206055	46.3929734230042	1.81221863824139
1594	mut_M2	mut	97.5796051025391	42.6602046489716	2.28736842463533
1594	mut_M3	mut	51.776309967041	41.1809840202332	1.25728685700182
1595	ctrl_M1	ctrl	30.849630355835	12.5397833138704	2.46014062473566
1595	ctrl_M2	ctrl	51.6716690063477	15.6761239767075	3.29620185979165
1595	ctrl_M3	ctrl	43.5110969543457	15.6652494072914	2.77755532791539
1595	mut_M1	mut	60.9839744567871	19.4338217973709	3.13803301752192
1595	mut_M2	mut	63.0410346984863	16.1473475694656	3.90411084094677
1595	mut_M3	mut	60.2106170654297	18.1648423671722	3.31467875406633
1596	ctrl_M1	ctrl	17.455493927002	8.12625575065613	2.14803649584774
1596	ctrl_M2	ctrl	36.5990676879883	13.1723659038544	2.77847335513805
1596	ctrl_M3	ctrl	31.0514621734619	12.0173215866089	2.58389208857181
1596	mut_M1	mut	30.6967220306396	15.5961177349091	1.96822841122382
1596	mut_M2	mut	33.373420715332	13.2112981081009	2.52612729212947
1596	mut_M3	mut	27.0968151092529	12.2391884326935	2.21393887824062
1597	ctrl_M1	ctrl	34.2951469421387	15.6354222297668	2.19342633912676
1597	ctrl_M2	ctrl	54.6829223632812	19.4069516658783	2.81769766343191
1597	ctrl_M3	ctrl	52.8897819519043	18.4721269607544	2.86322100666984
1597	mut_M1	mut	64.6189575195312	23.5694527626038	2.74164012929729
1597	mut_M2	mut	66.4600982666016	22.6566443443298	2.93336017711
1597	mut_M3	mut	96.9575042724609	22.6713781356812	4.27664801372905
1598	ctrl_M1	ctrl	79.5239944458008	34.9099655151367	2.27797401894653
1598	ctrl_M2	ctrl	124.978149414062	59.7417392730713	2.09197373452428
1598	ctrl_M3	ctrl	102.183303833008	56.1050729751587	1.82128457222132
1598	mut_M1	mut	123.231018066406	58.308979511261	2.11341407617342
1598	mut_M2	mut	129.608001708984	69.5991458892822	1.862206785054
1598	mut_M3	mut	140.75959777832	45.7611751556396	3.07596116794595
1599	ctrl_M1	ctrl	54.0670204162598	26.3205518722534	2.05417502940947
1599	ctrl_M2	ctrl	96.19921875	39.6559042930603	2.42584857072178
1599	ctrl_M3	ctrl	96.5007247924805	44.1017961502075	2.18813593133046
1599	mut_M1	mut	90.3621368408203	34.0779600143433	2.65162987464001
1599	mut_M2	mut	115.30940246582	42.5390915870667	2.71066913193977
1599	mut_M3	mut	92.2684020996094	39.4306442737579	2.34001761317951
1600	ctrl_M1	ctrl	40.6676063537598	16.7773153781891	2.42396387246965
1600	ctrl_M2	ctrl	77.7267303466797	24.5207705497742	3.16983229335734
1600	ctrl_M3	ctrl	64.8864974975586	20.0027474164963	3.24387926050832
1600	mut_M1	mut	69.1475067138672	20.6389424800873	3.35034155846801
1600	mut_M2	mut	72.6203460693359	19.4534525871277	3.73303123155571
1600	mut_M3	mut	65.7597274780273	21.203263759613	3.10139647478627
1601	ctrl_M1	ctrl	12.3162641525269	7.67876318097115	1.60393853310231
1601	ctrl_M2	ctrl	36.6350593566895	7.31985189020634	5.00489079645254
1601	ctrl_M3	ctrl	24.5306758880615	11.5078812390566	2.13164138371596
1601	mut_M1	mut	33.9367370605469	9.92930334806442	3.41783666697648
1601	mut_M2	mut	22.0101280212402	11.3892619907856	1.9325332966304
1601	mut_M3	mut	36.3701362609863	7.86519521474838	4.62418735555184
1602	ctrl_M1	ctrl	28.2367267608643	15.0785375833511	1.87264359058545
1602	ctrl_M2	ctrl	63.898624420166	23.0140037536621	2.77651055870703
1602	ctrl_M3	ctrl	42.2538642883301	22.6864643096924	1.86251430419141
1602	mut_M1	mut	111.113754272461	33.3897814750671	3.32777722296362
1602	mut_M2	mut	82.870491027832	29.2920217514038	2.82911475797537
1602	mut_M3	mut	92.3055191040039	18.6345013380051	4.95347406564332
1603	ctrl_M1	ctrl	28.4789695739746	10.7842261791229	2.64079861651147
1603	ctrl_M2	ctrl	49.3693504333496	19.9824647903442	2.47063367564173
1603	ctrl_M3	ctrl	49.3288383483887	16.4060156345367	3.00675309881732
1603	mut_M1	mut	43.749095916748	13.8296437263489	3.16342899227369
1603	mut_M2	mut	44.2056846618652	14.8681612014771	2.97317765545034
1603	mut_M3	mut	45.3880081176758	11.2990661859512	4.01696984252639
1604	ctrl_M1	ctrl	53.0336875915527	23.2886118888855	2.27723695360577
1604	ctrl_M2	ctrl	116.292892456055	39.3816137313843	2.95297428006049
1604	ctrl_M3	ctrl	119.106552124023	37.5424842834473	3.17258046177137
1604	mut_M1	mut	152.900405883789	43.4818887710571	3.51641591948426
1604	mut_M2	mut	148.911804199219	38.3950781822205	3.87840867239528
1604	mut_M3	mut	145.128387451172	42.0719547271729	3.44952803815028
1605	ctrl_M1	ctrl	23.8617038726807	5.31201529502869	4.49202469258926
1605	ctrl_M2	ctrl	35.0567359924316	9.84828686714172	3.55967859845721
1605	ctrl_M3	ctrl	29.8855037689209	8.80891585350037	3.39264266635552
1605	mut_M1	mut	35.322078704834	9.795090675354	3.60610022668906
1605	mut_M2	mut	36.8771743774414	7.94356417655945	4.64239648069587
1605	mut_M3	mut	29.8506984710693	9.5016371011734	3.14163739924175
1606	ctrl_M1	ctrl	19.1893444061279	7.17726111412048	2.67363052576908
1606	ctrl_M2	ctrl	31.3438339233398	7.48320209980011	4.18855905604595
1606	ctrl_M3	ctrl	25.4393939971924	9.70111060142517	2.62231769561056
1606	mut_M1	mut	34.2564353942871	10.9482309818268	3.12894708297168
1606	mut_M2	mut	32.1998176574707	6.58312785625458	4.89126420761795
1606	mut_M3	mut	32.0534210205078	8.36791443824768	3.83051490990389
1607	ctrl_M1	ctrl	56.802661895752	15.3479382991791	3.70099623731157
1607	ctrl_M2	ctrl	81.5902404785156	24.1166994571686	3.38314289745247
1607	ctrl_M3	ctrl	71.9874114990234	22.0331153869629	3.26723707631553
1607	mut_M1	mut	94.401237487793	18.4882934093475	5.10600061334295
1607	mut_M2	mut	89.7059173583984	23.4510967731476	3.82523334521033
1607	mut_M3	mut	76.5935592651367	18.8957569599152	4.0534792772589
1608	ctrl_M1	ctrl	31.5306148529053	13.8901879787445	2.26999194691642
1608	ctrl_M2	ctrl	47.7381706237793	16.8633188009262	2.8308882247519
1608	ctrl_M3	ctrl	43.1073799133301	16.6484627723694	2.58927088360814
1608	mut_M1	mut	55.4699478149414	18.2462892532349	3.04006732794216
1608	mut_M2	mut	49.3126525878906	17.4262928962708	2.82978444591871
1608	mut_M3	mut	56.9929008483887	14.9963526725769	3.80045082245957
1609	ctrl_M1	ctrl	9.96930599212646	5.2187807559967	1.91027492018535
1609	ctrl_M2	ctrl	26.7017211914062	4.73510149121284	5.63910219051438
1609	ctrl_M3	ctrl	30.2294845581055	7.72640740871429	3.91248907273656
1609	mut_M1	mut	17.2896423339844	6.58915948867798	2.62395262456355
1609	mut_M2	mut	21.9875335693359	5.67235404253006	3.87626255421969
1609	mut_M3	mut	26.3583965301514	5.42903916537762	4.85507577441063
1610	ctrl_M1	ctrl	18.8323860168457	4.37495768070221	4.30458701347323
1610	ctrl_M2	ctrl	39.963321685791	6.61467641592026	6.04161400693872
1610	ctrl_M3	ctrl	33.6392936706543	5.12923431396484	6.55834606328434
1610	mut_M1	mut	34.2761917114258	5.71414804458618	5.99847806601729
1610	mut_M2	mut	33.2173156738281	4.20717459917068	7.89539746707348
1610	mut_M3	mut	24.6786861419678	8.35802972316742	2.95269183759439
1611	ctrl_M1	ctrl	50.2221145629883	26.8797392845154	1.8684003602639
1611	ctrl_M2	ctrl	91.2911224365234	36.7709875106812	2.48269433639783
1611	ctrl_M3	ctrl	80.4245529174805	37.4403963088989	2.14806895348928
1611	mut_M1	mut	85.5925827026367	34.066333770752	2.51252697982203
1611	mut_M2	mut	85.8760528564453	38.3230648040771	2.24084512278645
1611	mut_M3	mut	99.8772430419922	34.8418374061584	2.8665894360766
1612	ctrl_M1	ctrl	58.3628120422363	20.7233209609985	2.81628664402176
1612	ctrl_M2	ctrl	91.1511993408203	33.6849374771118	2.70599283144746
1612	ctrl_M3	ctrl	79.3471908569336	29.8008694648743	2.66257972608681
1612	mut_M1	mut	105.657852172852	34.740213394165	3.04137026949287
1612	mut_M2	mut	94.5757827758789	34.18501329422	2.76658610490784
1612	mut_M3	mut	89.3343200683594	31.2140431404114	2.86199130521167
1613	ctrl_M1	ctrl	41.0704765319824	19.8572325706482	2.06828803489417
1613	ctrl_M2	ctrl	60.0187683105469	26.8341627120972	2.23665515315258
1613	ctrl_M3	ctrl	53.1116180419922	27.5838594436646	1.92546000136289
1613	mut_M1	mut	86.6321411132812	29.2913112640381	2.95760542545743
1613	mut_M2	mut	68.4116668701172	35.1399717330933	1.94683329257462
1613	mut_M3	mut	68.9727935791016	26.6211805343628	2.59089913349526
1614	ctrl_M1	ctrl	33.2691307067871	22.5889747142792	1.47280392880146
1614	ctrl_M2	ctrl	48.4002876281738	26.8706617355347	1.80123169665627
1614	ctrl_M3	ctrl	44.7869834899902	27.8188054561615	1.60995351006599
1614	mut_M1	mut	65.3703918457031	32.1743273735046	2.03175628465617
1614	mut_M2	mut	64.7042922973633	29.1704769134521	2.21814310713324
1614	mut_M3	mut	46.8354606628418	26.5355296134949	1.76500945505995
1615	ctrl_M1	ctrl	25.8693027496338	12.4948754310608	2.07039300970746
1615	ctrl_M2	ctrl	37.0969734191895	12.0925090312958	3.0677647891915
1615	ctrl_M3	ctrl	34.6864738464355	10.5363352298737	3.29208145808507
1615	mut_M1	mut	58.6926231384277	16.2506959438324	3.61169905223064
1615	mut_M2	mut	57.7768516540527	10.5495758056641	5.47669903684965
1615	mut_M3	mut	46.4141616821289	13.0635850429535	3.55294213108558
1616	ctrl_M1	ctrl	46.8570098876953	17.1450412273407	2.73297738199508
1616	ctrl_M2	ctrl	74.4958343505859	25.7674379348755	2.89108426452278
1616	ctrl_M3	ctrl	59.8340454101562	26.6654229164124	2.24388135893127
1616	mut_M1	mut	97.6754913330078	34.1740393638611	2.85817811271966
1616	mut_M2	mut	75.1945343017578	25.4353199005127	2.95630385605027
1616	mut_M3	mut	68.0674514770508	19.5316598415375	3.48498038719134
1617	ctrl_M1	ctrl	45.574348449707	17.9414608478546	2.54016932267568
1617	ctrl_M2	ctrl	58.2276878356934	26.0009779930115	2.23944221834055
1617	ctrl_M3	ctrl	64.9417953491211	29.1377463340759	2.22878580259906
1617	mut_M1	mut	89.4014053344727	36.0587229728699	2.47932810603795
1617	mut_M2	mut	86.8656158447266	32.6984329223633	2.65656816187411
1617	mut_M3	mut	82.6004180908203	30.867938041687	2.67592924345218
1618	ctrl_M1	ctrl	19.5874671936035	8.81131982803345	2.22298901593442
1618	ctrl_M2	ctrl	36.073184967041	9.81824564933777	3.67409680460318
1618	ctrl_M3	ctrl	19.6328277587891	11.6872971057892	1.67984330175573
1618	mut_M1	mut	41.0234642028809	10.1393369436264	4.04597109564134
1618	mut_M2	mut	34.5216217041016	11.4176549911499	3.0235299394543
1618	mut_M3	mut	27.8661651611328	10.0992008447647	2.75924457681998
1619	ctrl_M1	ctrl	96.6699905395508	61.2837390899658	1.57741665203615
1619	ctrl_M2	ctrl	144.328033447266	80.3255853652954	1.79678782035521
1619	ctrl_M3	ctrl	136.811599731445	85.0351209640503	1.60888346109702
1619	mut_M1	mut	181.077484130859	90.7703776359558	1.99489622988118
1619	mut_M2	mut	186.408447265625	82.5657176971436	2.25769789768416
1619	mut_M3	mut	149.112640380859	78.3409109115601	1.90338149819568
1620	ctrl_M1	ctrl	84.9312744140625	23.0205855369568	3.68936203980196
1620	ctrl_M2	ctrl	133.467590332031	32.3783359527588	4.12212630466141
1620	ctrl_M3	ctrl	109.555442810059	28.3506295681	3.86430370256504
1620	mut_M1	mut	130.385498046875	33.1270143985748	3.93592662707583
1620	mut_M2	mut	145.715148925781	32.0180191993713	4.5510357158085
1620	mut_M3	mut	127.316116333008	35.2019515037537	3.61673460971139
1621	ctrl_M1	ctrl	28.9629554748535	22.585354924202	1.28237769882542
1621	ctrl_M2	ctrl	53.4890899658203	34.4108521938324	1.55442503035154
1621	ctrl_M3	ctrl	41.1172637939453	29.8694559335709	1.37656554191644
1621	mut_M1	mut	51.6191787719727	37.1292136907578	1.39025779543567
1621	mut_M2	mut	60.2021484375	32.264880657196	1.86587234204051
1621	mut_M3	mut	50.9679832458496	25.7472371459007	1.97955155176579
1622	ctrl_M1	ctrl	31.0014381408691	20.5943560600281	1.50533661021042
1622	ctrl_M2	ctrl	61.9845657348633	18.7904008626938	3.29873567827532
1622	ctrl_M3	ctrl	56.0509757995605	22.865740776062	2.45130810973944
1622	mut_M1	mut	62.4896965026855	19.0792005062103	3.27527856748216
1622	mut_M2	mut	56.1280975341797	22.7154302597046	2.47092381224874
1622	mut_M3	mut	65.7165679931641	21.2500331401825	3.09253955321595
1623	ctrl_M1	ctrl	33.0434989929199	16.4159340262413	2.01289180013145
1623	ctrl_M2	ctrl	59.576587677002	26.8598594665527	2.21805284391714
1623	ctrl_M3	ctrl	63.7299194335938	32.1741862297058	1.98077797457246
1623	mut_M1	mut	74.5802688598633	25.7784674167633	2.89312268468547
1623	mut_M2	mut	77.0411834716797	18.3642157912254	4.19517960078048
1623	mut_M3	mut	67.8059921264648	24.0036699771881	2.82481771291241
1624	ctrl_M1	ctrl	20.9854202270508	8.34187066555023	2.51567317073317
1624	ctrl_M2	ctrl	35.9914627075195	11.410987496376	3.15410587549499
1624	ctrl_M3	ctrl	37.2500877380371	12.486382484436	2.98325698291466
1624	mut_M1	mut	32.5209541320801	14.1211581230164	2.3029948286659
1624	mut_M2	mut	31.611291885376	13.603942990303	2.3236860010299
1624	mut_M3	mut	35.3417549133301	13.0650297403336	2.70506501827739
1625	ctrl_M1	ctrl	8.07702732086182	3.97980719804764	2.02950216403049
1625	ctrl_M2	ctrl	18.4709072113037	5.84049838781357	3.16255668349194
1625	ctrl_M3	ctrl	12.0778970718384	4.49811935424805	2.68509928720143
1625	mut_M1	mut	12.6374597549438	7.32015499472618	1.72639237339217
1625	mut_M2	mut	12.8005018234253	6.65889269113541	1.92231688017226
1625	mut_M3	mut	16.1318168640137	5.11014720797539	3.156820382559
1626	ctrl_M1	ctrl	41.9917793273926	27.5542721748352	1.52396619518562
1626	ctrl_M2	ctrl	69.4922790527344	36.3976340293884	1.90925264528525
1626	ctrl_M3	ctrl	55.9193153381348	31.584644317627	1.77045892224681
1626	mut_M1	mut	81.52099609375	39.6481175422668	2.05611265167494
1626	mut_M2	mut	64.2762069702148	39.016340970993	1.64741760428025
1626	mut_M3	mut	54.8169250488281	29.2435095310211	1.87449885215313
1627	ctrl_M1	ctrl	26.48610496521	16.2050964832306	1.63443056279353
1627	ctrl_M2	ctrl	46.9571342468262	22.0711531639099	2.12753424789825
1627	ctrl_M3	ctrl	47.6310539245605	19.7732739448547	2.40886026549765
1627	mut_M1	mut	46.910457611084	17.4797372817993	2.68370495819347
1627	mut_M2	mut	52.3345985412598	21.3477382659912	2.45152895773663
1627	mut_M3	mut	51.6123390197754	23.124938249588	2.23189089037654
1628	ctrl_M1	ctrl	21.5804080963135	11.1874277591705	1.92898748138272
1628	ctrl_M2	ctrl	43.5162734985352	16.2894906997681	2.67143241618688
1628	ctrl_M3	ctrl	30.3972873687744	16.0267252922058	1.89666240698325
1628	mut_M1	mut	42.7038269042969	17.4323844909668	2.44968362913435
1628	mut_M2	mut	39.8277702331543	18.9383063316345	2.10302703608855
1628	mut_M3	mut	34.8405113220215	18.4789562225342	1.88541554525332
1629	ctrl_M1	ctrl	17.5962829589844	5.78950691223145	3.03934052169604
1629	ctrl_M2	ctrl	25.6205596923828	8.96767359972	2.85699065732976
1629	ctrl_M3	ctrl	22.0091114044189	6.23313736915588	3.53098449479536
1629	mut_M1	mut	18.8249645233154	9.66212826967239	1.94832484085349
1629	mut_M2	mut	20.1318244934082	13.8150520324707	1.4572384125728
1629	mut_M3	mut	23.8587837219238	10.9646804332733	2.17596708514388
1630	ctrl_M1	ctrl	12.0259637832642	2.1778419315815	5.52196355891228
1630	ctrl_M2	ctrl	18.7025375366211	4.79003882408142	3.90446470759194
1630	ctrl_M3	ctrl	11.5748071670532	4.3799192905426	2.64269873466533
1630	mut_M1	mut	19.1251277923584	5.09456700086594	3.7540241965819
1630	mut_M2	mut	18.6476535797119	6.82212960720062	2.73340652455938
1630	mut_M3	mut	15.4614753723145	3.33915407955647	4.63035697183766
1631	ctrl_M1	ctrl	42.338752746582	26.5992250442505	1.59172880699145
1631	ctrl_M2	ctrl	78.9752807617188	40.4516634941101	1.9523370348717
1631	ctrl_M3	ctrl	63.085880279541	35.6396381855011	1.77010439755827
1631	mut_M1	mut	80.5035400390625	42.4830961227417	1.89495463811
1631	mut_M2	mut	78.4000015258789	34.9275431632996	2.24464690113842
1631	mut_M3	mut	80.8052368164062	33.1664559841156	2.43635427478614
1632	ctrl_M1	ctrl	33.2088088989258	16.4164189100266	2.02290213724036
1632	ctrl_M2	ctrl	53.7133674621582	18.0162715911865	2.98138086952655
1632	ctrl_M3	ctrl	49.3657913208008	22.7571828365326	2.16924000107574
1632	mut_M1	mut	48.4342041015625	27.5535335540771	1.75782187814512
1632	mut_M2	mut	48.9104118347168	28.1279861927032	1.73885224130993
1632	mut_M3	mut	43.5417976379395	25.4756600856781	1.70915287342909
1633	ctrl_M1	ctrl	17.2166786193848	9.78753352165222	1.75904159932608
1633	ctrl_M2	ctrl	37.7940826416016	9.56099593639374	3.95294411722728
1633	ctrl_M3	ctrl	22.9545440673828	7.41151833534241	3.09714461042649
1633	mut_M1	mut	27.0386085510254	10.4526257514954	2.58677668117575
1633	mut_M2	mut	40.8057975769043	8.55670192837715	4.76886981905696
1633	mut_M3	mut	29.2612705230713	10.4376819729805	2.80342614373751
1634	ctrl_M1	ctrl	39.2927017211914	15.9044191837311	2.47055244629019
1634	ctrl_M2	ctrl	47.1859855651855	19.8503475189209	2.37708612003941
1634	ctrl_M3	ctrl	67.4308853149414	22.7398223876953	2.96532154760491
1634	mut_M1	mut	67.9393539428711	28.5659017562866	2.3783374501006
1634	mut_M2	mut	55.8292846679688	22.4102897644043	2.4912343952217
1634	mut_M3	mut	63.1385688781738	16.9991377592087	3.71422184892706
1635	ctrl_M1	ctrl	18.0362224578857	8.25998628139496	2.18356566747708
1635	ctrl_M2	ctrl	25.9861965179443	12.7952163219452	2.03093061219881
1635	ctrl_M3	ctrl	38.8648986816406	12.0265519618988	3.23159113308354
1635	mut_M1	mut	28.9407367706299	14.4742600917816	1.99946225832036
1635	mut_M2	mut	28.6292743682861	16.316680431366	1.75460164760299
1635	mut_M3	mut	27.9314632415771	13.5514971017838	2.06113487179956
1636	ctrl_M1	ctrl	34.725944519043	18.8535554409027	1.84187776294466
1636	ctrl_M2	ctrl	46.1049995422363	26.7087225914001	1.72621507391303
1636	ctrl_M3	ctrl	53.9006767272949	21.0764176845551	2.55739269993656
1636	mut_M1	mut	57.5380210876465	27.4503436088562	2.09607653395942
1636	mut_M2	mut	61.7261734008789	23.0256795883179	2.68075359791751
1636	mut_M3	mut	44.4406318664551	25.2672019004822	1.75882680011383
1637	ctrl_M1	ctrl	33.0560417175293	21.0699152946472	1.56887397292609
1637	ctrl_M2	ctrl	40.3041038513184	27.7987718582153	1.44985195953566
1637	ctrl_M3	ctrl	48.0621070861816	26.8942737579346	1.78707584814414
1637	mut_M1	mut	50.7217674255371	28.2841119766235	1.7932953831981
1637	mut_M2	mut	51.9081077575684	26.698695898056	1.94421884708413
1637	mut_M3	mut	51.9722061157227	27.5402207374573	1.88713832801767
1638	ctrl_M1	ctrl	41.6258888244629	23.9127388000488	1.7407411661427
1638	ctrl_M2	ctrl	57.5383796691895	38.1364693641663	1.50874951531967
1638	ctrl_M3	ctrl	69.6606597900391	33.1813411712646	2.0993925299911
1638	mut_M1	mut	74.1509475708008	37.0807647705078	1.99971462373335
1638	mut_M2	mut	77.8273620605469	35.9388618469238	2.16554888109815
1638	mut_M3	mut	70.3902130126953	30.2415490150452	2.32759945522884
1639	ctrl_M1	ctrl	136.542953491211	70.9512500762939	1.92446156120415
1639	ctrl_M2	ctrl	183.514022827148	100.940576553345	1.81804016871417
1639	ctrl_M3	ctrl	177.927642822266	101.771574020386	1.74830393000137
1639	mut_M1	mut	327.218597412109	96.618842124939	3.38669549557403
1639	mut_M2	mut	275.589599609375	101.097773551941	2.72597100734158
1639	mut_M3	mut	286.826232910156	91.3543214797974	3.1397117100102
1640	ctrl_M1	ctrl	19.688268661499	7.06005793809891	2.78868372386198
1640	ctrl_M2	ctrl	24.1307964324951	12.3222844600677	1.95830541899066
1640	ctrl_M3	ctrl	24.8305740356445	11.24067902565	2.20899235526464
1640	mut_M1	mut	26.1961517333984	14.3932385444641	1.82003179148823
1640	mut_M2	mut	33.1007194519043	13.1125968694687	2.5243450844566
1640	mut_M3	mut	21.2183208465576	12.5958371162415	1.68455027250218
1641	ctrl_M1	ctrl	82.4035873413086	28.0970852375031	2.93281622078432
1641	ctrl_M2	ctrl	119.003105163574	35.4458317756653	3.35732296865646
1641	ctrl_M3	ctrl	126.820762634277	42.4760000705719	2.98570398398085
1641	mut_M1	mut	138.914016723633	42.323709487915	3.28217961999049
1641	mut_M2	mut	168.447738647461	40.6397166252136	4.14490436045395
1641	mut_M3	mut	150.425735473633	42.2758650779724	3.55819414212321
1642	ctrl_M1	ctrl	37.3837890625	21.763040304184	1.71776500617485
1642	ctrl_M2	ctrl	51.2662544250488	30.0497245788574	1.70604739788927
1642	ctrl_M3	ctrl	54.828929901123	29.3888893127441	1.86563463891598
1642	mut_M1	mut	63.9634628295898	33.3855872154236	1.9159004877422
1642	mut_M2	mut	65.1770553588867	34.4956440925598	1.88942856622713
1642	mut_M3	mut	57.906307220459	29.8560090065002	1.93951935129212
1643	ctrl_M1	ctrl	42.9870376586914	17.992885351181	2.3891130755118
1643	ctrl_M2	ctrl	53.1305618286133	24.7716448307037	2.14481364446012
1643	ctrl_M3	ctrl	67.4064331054688	24.3557865619659	2.76757364965297
1643	mut_M1	mut	64.722541809082	28.1048240661621	2.30289795291789
1643	mut_M2	mut	81.2991333007812	26.603600859642	3.05594470950408
1643	mut_M3	mut	58.7939682006836	23.1923451423645	2.53505921198487
1644	ctrl_M1	ctrl	24.4250335693359	14.3210954666138	1.70552829748793
1644	ctrl_M2	ctrl	26.9041595458984	13.7021312713623	1.96350180954175
1644	ctrl_M3	ctrl	43.6126480102539	21.7412266731262	2.00598837710305
1644	mut_M1	mut	52.6441230773926	17.5664088726044	2.996863130033
1644	mut_M2	mut	38.0771675109863	21.6454153060913	1.75913314540428
1644	mut_M3	mut	40.1142616271973	18.8748155832291	2.12527965904155
1645	ctrl_M1	ctrl	23.39821434021	7.37579524517059	3.17229716423192
1645	ctrl_M2	ctrl	23.7816028594971	9.21879255771637	2.5796873842867
1645	ctrl_M3	ctrl	33.9764175415039	10.4354708194733	3.2558586123495
1645	mut_M1	mut	31.6885242462158	9.46623587608337	3.34753165471795
1645	mut_M2	mut	35.1054153442383	11.3140730857849	3.10280966704599
1645	mut_M3	mut	43.132194519043	9.39236164093018	4.59226296516106
1646	ctrl_M1	ctrl	41.371021270752	22.0578565597534	1.87556851494978
1646	ctrl_M2	ctrl	54.8958435058594	28.0049080848694	1.9602222345989
1646	ctrl_M3	ctrl	52.9075813293457	28.1538224220276	1.87923261489178
1646	mut_M1	mut	66.3408126831055	34.8995962142944	1.90090487797487
1646	mut_M2	mut	66.3440780639648	30.0381054878235	2.20866386166926
1646	mut_M3	mut	59.539924621582	29.0951409339905	2.04638722172417
1647	ctrl_M1	ctrl	77.6655731201172	42.6652121543884	1.82034892593705
1647	ctrl_M2	ctrl	102.027809143066	58.2527141571045	1.7514687619173
1647	ctrl_M3	ctrl	121.726585388184	61.0979218482971	1.99231957005713
1647	mut_M1	mut	125.466117858887	67.5579509735107	1.85716286611596
1647	mut_M2	mut	121.124076843262	69.0853881835938	1.75325173713109
1647	mut_M3	mut	105.15699005127	54.2377681732178	1.93881484421395
1648	ctrl_M1	ctrl	27.1463088989258	8.61261540651321	3.15192396474556
1648	ctrl_M2	ctrl	42.2016258239746	14.6087851524353	2.88878406955965
1648	ctrl_M3	ctrl	47.5656127929688	13.7507942914963	3.45911747239097
1648	mut_M1	mut	34.4704513549805	12.9027937650681	2.67154943205423
1648	mut_M2	mut	32.8436889648438	12.8808218240738	2.54981315737635
1648	mut_M3	mut	45.0412521362305	14.2075271606445	3.17023867890231
1649	ctrl_M1	ctrl	29.101526260376	12.4978803396225	2.32851695404014
1649	ctrl_M2	ctrl	36.3656539916992	22.0580739974976	1.64863233280588
1649	ctrl_M3	ctrl	51.3707466125488	16.9489748477936	3.03090582609699
1649	mut_M1	mut	49.614673614502	24.4146409034729	2.03216888631135
1649	mut_M2	mut	54.2984733581543	23.8401770591736	2.27760361105458
1649	mut_M3	mut	59.4313850402832	23.7657811641693	2.50071245837631
1650	ctrl_M1	ctrl	52.8435173034668	12.2797301411629	4.30331258879461
1650	ctrl_M2	ctrl	64.8488006591797	26.9550001621246	2.40581711256307
1650	ctrl_M3	ctrl	79.4348297119141	17.0849702358246	4.6493981912448
1650	mut_M1	mut	144.039077758789	26.2268962860107	5.49203673160589
1650	mut_M2	mut	147.831985473633	26.9266850948334	5.49016653750663
1650	mut_M3	mut	142.948852539062	34.3118441104889	4.16616641410317
1651	ctrl_M1	ctrl	3.43601536750793	0.994672656059265	3.45441824159607
1651	ctrl_M2	ctrl	4.09651947021484	1.33076283335686	3.07832422692581
1651	ctrl_M3	ctrl	10.3351135253906	3.12494432926178	3.30729524638672
1651	mut_M1	mut	5.11128568649292	3.21826335787773	1.58821237360249
1651	mut_M2	mut	6.91367197036743	3.33170413970947	2.07511582074941
1651	mut_M3	mut	10.4987049102783	2.63129079341888	3.98994475887523
1652	ctrl_M1	ctrl	29.1939678192139	13.2307469844818	2.2065245336076
1652	ctrl_M2	ctrl	44.539665222168	22.1789019107819	2.00819974773033
1652	ctrl_M3	ctrl	45.299503326416	18.5258178710938	2.44520936358215
1652	mut_M1	mut	46.4909248352051	20.4675612449646	2.27144427608065
1652	mut_M2	mut	50.4846382141113	23.2257080078125	2.17365335847371
1652	mut_M3	mut	47.4352760314941	20.9910445213318	2.25978635714335
1653	ctrl_M1	ctrl	27.4519138336182	10.538911819458	2.60481483324812
1653	ctrl_M2	ctrl	31.1560802459717	17.0720585584641	1.82497501044038
1653	ctrl_M3	ctrl	34.6391410827637	15.6265114545822	2.21669060195814
1653	mut_M1	mut	45.426929473877	14.4059842824936	3.15333743138125
1653	mut_M2	mut	56.123233795166	14.7815198898315	3.79685135313955
1653	mut_M3	mut	49.4239120483398	17.1644358634949	2.87943701974232
1654	ctrl_M1	ctrl	83.5258102416992	43.4472470283508	1.92246496509194
1654	ctrl_M2	ctrl	92.5769577026367	54.4155559539795	1.70129581660309
1654	ctrl_M3	ctrl	101.62255859375	60.2276458740234	1.68730750005257
1654	mut_M1	mut	164.380935668945	64.7547979354858	2.53851360686378
1654	mut_M2	mut	141.671585083008	59.3072071075439	2.38877519263569
1654	mut_M3	mut	117.442054748535	54.0823221206665	2.17154238470942
1655	ctrl_M1	ctrl	74.240852355957	132.444763660431	0.560541997313686
1655	ctrl_M2	ctrl	91.421028137207	151.237818717957	0.604485233337689
1655	ctrl_M3	ctrl	120.672454833984	172.703870773315	0.698724668379752
1655	mut_M1	mut	208.279693603516	173.578708648682	1.19991498510954
1655	mut_M2	mut	194.60969543457	155.221352577209	1.25375595691816
1655	mut_M3	mut	218.179641723633	156.477758407593	1.39431727514475
1656	ctrl_M1	ctrl	48.2542037963867	27.7880535125732	1.73650895607183
1656	ctrl_M2	ctrl	79.1328659057617	43.7358493804932	1.8093364374228
1656	ctrl_M3	ctrl	81.7097854614258	41.8549485206604	1.95221325911062
1656	mut_M1	mut	156.579788208008	45.5222158432007	3.439634589567
1656	mut_M2	mut	122.44465637207	43.7041349411011	2.80167211951651
1656	mut_M3	mut	120.884757995605	35.594988822937	3.39611731856223
1657	ctrl_M1	ctrl	19.9133472442627	14.3610768318176	1.38661936548823
1657	ctrl_M2	ctrl	25.7674560546875	21.5252118110657	1.19708257836706
1657	ctrl_M3	ctrl	19.2963485717773	19.3068780899048	0.999454623472609
1657	mut_M1	mut	49.0652313232422	19.0336289405823	2.57781800183298
1657	mut_M2	mut	34.4394111633301	18.4552776813507	1.86610094727166
1657	mut_M3	mut	34.5502548217773	19.8129110336304	1.74382526440117
1658	ctrl_M1	ctrl	43.5471839904785	26.0184326171875	1.67370512402472
1658	ctrl_M2	ctrl	63.7505226135254	36.991934299469	1.72336277679971
1658	ctrl_M3	ctrl	56.0985298156738	36.428831577301	1.53994864470561
1658	mut_M1	mut	77.1064758300781	41.4012746810913	1.86241791886891
1658	mut_M2	mut	79.6550445556641	39.6573348045349	2.00858290019417
1658	mut_M3	mut	68.0113372802734	33.1288599967957	2.05293322157333
1659	ctrl_M1	ctrl	44.4489517211914	45.1486511230469	0.984502318796889
1659	ctrl_M2	ctrl	68.6559448242188	72.7204694747925	0.944107557611648
1659	ctrl_M3	ctrl	71.5013275146484	76.1460103988647	0.939002938435162
1659	mut_M1	mut	140.796997070312	68.8026428222656	2.04638937248423
1659	mut_M2	mut	115.735618591309	76.6458511352539	1.5100050019286
1659	mut_M3	mut	112.09774017334	61.2861404418945	1.82908793676802
1660	ctrl_M1	ctrl	46.7452392578125	26.7125344276428	1.74993650956007
1660	ctrl_M2	ctrl	81.8090057373047	36.7608022689819	2.22544124958702
1660	ctrl_M3	ctrl	74.4005889892578	28.1453056335449	2.64344576527119
1660	mut_M1	mut	86.310791015625	35.9366159439087	2.40175065872486
1660	mut_M2	mut	91.3530731201172	35.8038749694824	2.55148564779601
1660	mut_M3	mut	80.5015563964844	32.2742338180542	2.49429798551722
1661	ctrl_M1	ctrl	27.3927631378174	28.0809540748596	0.975492608434613
1661	ctrl_M2	ctrl	41.5703430175781	38.5980033874512	1.07700760063391
1661	ctrl_M3	ctrl	49.3220558166504	34.1420431137085	1.44461348292443
1661	mut_M1	mut	71.8551864624023	42.3306303024292	1.69747499503401
1661	mut_M2	mut	57.6490592956543	36.4495058059692	1.58161429135792
1661	mut_M3	mut	65.581672668457	35.7461428642273	1.83465032626184
1662	ctrl_M1	ctrl	17.8086910247803	5.84092080593109	3.04895265943285
1662	ctrl_M2	ctrl	28.4896564483643	8.78228604793549	3.24399094869627
1662	ctrl_M3	ctrl	17.9076480865479	8.51033234596252	2.1042242956638
1662	mut_M1	mut	34.0174179077148	8.50189900398254	4.00115525858165
1662	mut_M2	mut	34.0965728759766	7.56874740123749	4.50491621247682
1662	mut_M3	mut	33.1245384216309	7.18535608053207	4.61000652582523
1663	ctrl_M1	ctrl	49.3104934692383	32.8888368606567	1.49930791648719
1663	ctrl_M2	ctrl	63.3428192138672	51.9581294059753	1.21911277288175
1663	ctrl_M3	ctrl	71.5178527832031	42.271336555481	1.69187583386052
1663	mut_M1	mut	87.7829055786133	46.76797914505	1.87698735723338
1663	mut_M2	mut	88.9999542236328	44.0197353363037	2.02181938495739
1663	mut_M3	mut	62.8263053894043	45.5300211906433	1.37988746208437
1664	ctrl_M1	ctrl	22.0690364837646	22.5182018280029	0.980053232151081
1664	ctrl_M2	ctrl	46.5381851196289	30.64967918396	1.51839061153971
1664	ctrl_M3	ctrl	50.6319122314453	27.8541388511658	1.81775184298423
1664	mut_M1	mut	58.9554595947266	31.6218147277832	1.86439203765645
1664	mut_M2	mut	63.8036918640137	35.4356374740601	1.80055154675064
1664	mut_M3	mut	54.7597885131836	29.6402673721313	1.84747957316574
1665	ctrl_M1	ctrl	50.7183151245117	48.8602657318115	1.03802782004705
1665	ctrl_M2	ctrl	90.4931869506836	70.1278381347656	1.29040320303018
1665	ctrl_M3	ctrl	102.495620727539	62.3724088668823	1.64328462840499
1665	mut_M1	mut	125.73046875	71.5651407241821	1.75686748433257
1665	mut_M2	mut	109.96475982666	66.6522645950317	1.64982781147479
1665	mut_M3	mut	113.163436889648	60.0181140899658	1.88548804982474
1666	ctrl_M1	ctrl	36.6069602966309	17.3313517570496	2.11218148530976
1666	ctrl_M2	ctrl	44.6497535705566	22.4986810684204	1.98454982471074
1666	ctrl_M3	ctrl	40.3377494812012	21.9859042167664	1.8347095977267
1666	mut_M1	mut	81.5358581542969	41.2622809410095	1.97603855857761
1666	mut_M2	mut	66.3072662353516	32.5110678672791	2.0395290153507
1666	mut_M3	mut	74.1297454833984	33.3703036308289	2.22142855826203
1667	ctrl_M1	ctrl	86.9767990112305	60.082320690155	1.44762715574471
1667	ctrl_M2	ctrl	138.597702026367	87.1085290908813	1.59109220960173
1667	ctrl_M3	ctrl	142.400985717773	80.3674750328064	1.77187333134013
1667	mut_M1	mut	203.064483642578	98.3012342453003	2.06573686690294
1667	mut_M2	mut	184.552261352539	88.6397428512573	2.08204869978277
1667	mut_M3	mut	145.47248840332	73.6857347488403	1.97422864682244
1668	ctrl_M1	ctrl	70.1315078735352	92.4970374107361	0.758202747209231
1668	ctrl_M2	ctrl	91.8652572631836	137.706020355225	0.667111408972601
1668	ctrl_M3	ctrl	107.66268157959	131.688570976257	0.817555242504688
1668	mut_M1	mut	177.42936706543	125.996255397797	1.40821143061155
1668	mut_M2	mut	196.559188842773	114.381052494049	1.71845934756545
1668	mut_M3	mut	178.178955078125	107.765767097473	1.65339105243842
1669	ctrl_M1	ctrl	57.4661712646484	26.8249897956848	2.14226255824681
1669	ctrl_M2	ctrl	67.6155548095703	36.8490042686462	1.83493573711305
1669	ctrl_M3	ctrl	66.7779769897461	39.6458683013916	1.68436157034306
1669	mut_M1	mut	112.936882019043	39.4046273231506	2.86608171910539
1669	mut_M2	mut	109.576934814453	35.1200952529907	3.12006371352657
1669	mut_M3	mut	83.314697265625	36.5546069145203	2.27918460347417
1670	ctrl_M1	ctrl	20.0055694580078	21.4960255622864	0.930663642915763
1670	ctrl_M2	ctrl	38.7846527099609	29.3097953796387	1.32326589822952
1670	ctrl_M3	ctrl	31.5958404541016	32.1380376815796	0.983129112211204
1670	mut_M1	mut	60.1463661193848	32.9068870544434	1.82777441147425
1670	mut_M2	mut	62.3832015991211	35.1808686256409	1.77321379591106
1670	mut_M3	mut	62.3643836975098	28.3189435005188	2.20221434801645
1671	ctrl_M1	ctrl	49.6270370483398	31.4501714706421	1.57795759856716
1671	ctrl_M2	ctrl	64.4034881591797	46.6544246673584	1.38043687428085
1671	ctrl_M3	ctrl	53.392879486084	41.3062515258789	1.29261013802312
1671	mut_M1	mut	105.212387084961	46.6947679519653	2.25319434488233
1671	mut_M2	mut	92.6341781616211	50.4537372589111	1.83602213025875
1671	mut_M3	mut	108.541709899902	45.7901129722595	2.37041804124089
1672	ctrl_M1	ctrl	24.5648956298828	26.6975181102753	0.920119073556442
1672	ctrl_M2	ctrl	53.0953788757324	31.3374948501587	1.69430833988517
1672	ctrl_M3	ctrl	43.7419891357422	28.6937322616577	1.52444404014297
1672	mut_M1	mut	72.3850708007812	36.6721901893616	1.97384095214962
1672	mut_M2	mut	64.075325012207	33.6318974494934	1.90519506395475
1672	mut_M3	mut	57.8409156799316	32.906466960907	1.75773703535682
1673	ctrl_M1	ctrl	34.2634353637695	28.9555103778839	1.18331312128899
1673	ctrl_M2	ctrl	43.0281257629395	32.7435953617096	1.31409288710111
1673	ctrl_M3	ctrl	55.8646850585938	39.2508578300476	1.42327297152287
1673	mut_M1	mut	76.1004409790039	39.1906442642212	1.94180122342309
1673	mut_M2	mut	84.8739242553711	47.00022315979	1.80581960146911
1673	mut_M3	mut	66.3240509033203	35.8764688968658	1.84867833827187
1674	ctrl_M1	ctrl	18.4684104919434	10.6521813869476	1.73376793175651
1674	ctrl_M2	ctrl	28.8685474395752	12.0254043340683	2.4006300859082
1674	ctrl_M3	ctrl	34.7817115783691	15.2855055332184	2.27547015064577
1674	mut_M1	mut	40.7199554443359	11.7114029526711	3.47694939785577
1674	mut_M2	mut	36.5719108581543	13.5051703453064	2.70799330353242
1674	mut_M3	mut	36.9414558410645	13.0130689144135	2.83879660393926
1675	ctrl_M1	ctrl	22.9769515991211	13.6971139907837	1.67750313055593
1675	ctrl_M2	ctrl	43.2177772521973	30.4196882247925	1.42071729771951
1675	ctrl_M3	ctrl	32.0379333496094	21.9965877532959	1.4564956032696
1675	mut_M1	mut	51.8317756652832	26.4886775016785	1.956752112747
1675	mut_M2	mut	46.8471374511719	26.8755564689636	1.74311320791708
1675	mut_M3	mut	46.3668251037598	25.1584706306458	1.84299060878843
1676	ctrl_M1	ctrl	34.6299629211426	23.1611585617065	1.49517403582729
1676	ctrl_M2	ctrl	64.9454345703125	47.9829044342041	1.35351195047745
1676	ctrl_M3	ctrl	73.6010208129883	38.1775012016296	1.92786375473538
1676	mut_M1	mut	84.9909515380859	43.0385708808899	1.9747624002967
1676	mut_M2	mut	94.2486267089844	47.4943628311157	1.98441712007215
1676	mut_M3	mut	69.5105438232422	37.1930298805237	1.8689131820272
1677	ctrl_M1	ctrl	31.3304710388184	9.59041118621826	3.26685378035107
1677	ctrl_M2	ctrl	38.6156578063965	13.5835514068604	2.84282487324292
1677	ctrl_M3	ctrl	40.3256759643555	15.0174119472504	2.68526135568512
1677	mut_M1	mut	51.5418815612793	20.5131182670593	2.51263025397982
1677	mut_M2	mut	46.5359191894531	18.2623381614685	2.54819064119833
1677	mut_M3	mut	48.0684013366699	21.8504929542542	2.19987720356265
1678	ctrl_M1	ctrl	6.78190803527832	2.75522339344025	2.46147301573621
1678	ctrl_M2	ctrl	12.0548162460327	5.27663624286652	2.28456457697451
1678	ctrl_M3	ctrl	9.12182998657227	4.3052082657814	2.11878948088859
1678	mut_M1	mut	19.6996784210205	5.91400825977325	3.33101976793245
1678	mut_M2	mut	14.5099477767944	6.03199565410614	2.40549705418258
1678	mut_M3	mut	16.9310626983643	4.09503129124641	4.13453805214048
1679	ctrl_M1	ctrl	25.6181659698486	11.6069940328598	2.20713182907846
1679	ctrl_M2	ctrl	35.2609443664551	25.3610067367554	1.39036059303402
1679	ctrl_M3	ctrl	33.7951698303223	17.107657790184	1.97544107117417
1679	mut_M1	mut	49.2779808044434	21.0857543945312	2.33702716452127
1679	mut_M2	mut	49.7471237182617	17.5231634378433	2.83893509837539
1679	mut_M3	mut	33.1012992858887	14.0151328742504	2.36182557688802
1680	ctrl_M1	ctrl	27.7738304138184	16.4562785625458	1.68773458156154
1680	ctrl_M2	ctrl	43.4065551757812	26.8603487014771	1.61600862513726
1680	ctrl_M3	ctrl	47.7079544067383	23.510974407196	2.02917810127581
1680	mut_M1	mut	106.969253540039	38.6867294311523	2.76501154563618
1680	mut_M2	mut	105.460670471191	37.8885073661804	2.78344748321562
1680	mut_M3	mut	114.102027893066	33.1477332115173	3.44222717025553
1681	ctrl_M1	ctrl	64.2903594970703	39.820680141449	1.61449677074077
1681	ctrl_M2	ctrl	82.4336318969727	51.3249826431274	1.60611124742408
1681	ctrl_M3	ctrl	84.8107147216797	43.8308815956116	1.93495343087443
1681	mut_M1	mut	131.458038330078	55.6282625198364	2.36315197303172
1681	mut_M2	mut	107.37451171875	47.270350933075	2.27149808705186
1681	mut_M3	mut	117.879783630371	44.2202868461609	2.66573991345796
1682	ctrl_M1	ctrl	30.4736099243164	27.9114689826965	1.09179527395023
1682	ctrl_M2	ctrl	57.9596176147461	44.5303869247437	1.30157453409731
1682	ctrl_M3	ctrl	53.4066848754883	33.0342612266541	1.61670589540524
1682	mut_M1	mut	86.014892578125	43.7809906005859	1.96466300552308
1682	mut_M2	mut	81.0518035888672	44.7815818786621	1.80993614313315
1682	mut_M3	mut	67.432746887207	42.001293182373	1.60549215935825
1683	ctrl_M1	ctrl	36.731746673584	14.5240421295166	2.5290305788177
1683	ctrl_M2	ctrl	48.2895431518555	22.6974763870239	2.1275291723384
1683	ctrl_M3	ctrl	49.4135360717773	20.5477290153503	2.40481739051856
1683	mut_M1	mut	57.9228057861328	30.2129721641541	1.91715020526365
1683	mut_M2	mut	52.8738632202148	19.4433078765869	2.71938620505434
1683	mut_M3	mut	48.4199409484863	24.5029182434082	1.97608874451158
1684	ctrl_M1	ctrl	38.002872467041	13.9721002578735	2.7199112349359
1684	ctrl_M2	ctrl	43.8170471191406	17.6393947601318	2.48404481644546
1684	ctrl_M3	ctrl	46.7698669433594	16.381774187088	2.85499399571891
1684	mut_M1	mut	61.1502914428711	17.2861065864563	3.53753988135087
1684	mut_M2	mut	64.2856826782227	16.9553356170654	3.79147214364306
1684	mut_M3	mut	73.9473037719727	13.3353192806244	5.54522184402549
1685	ctrl_M1	ctrl	48.4280624389648	24.0677000284195	2.01215996467383
1685	ctrl_M2	ctrl	63.3685188293457	41.7424817085266	1.51808220871548
1685	ctrl_M3	ctrl	67.0320663452148	33.2979257106781	2.01310036329737
1685	mut_M1	mut	110.616790771484	38.7036454677582	2.85804578443736
1685	mut_M2	mut	91.3842849731445	34.6314172744751	2.63876826780921
1685	mut_M3	mut	79.2603530883789	34.3488011360168	2.30751439546662
1686	ctrl_M1	ctrl	67.1317520141602	44.7631089687347	1.49971156071954
1686	ctrl_M2	ctrl	104.548858642578	65.8092398643494	1.58866534331777
1686	ctrl_M3	ctrl	76.3604354858398	62.9311022758484	1.21339739372633
1686	mut_M1	mut	179.667358398438	69.530321598053	2.58401448848568
1686	mut_M2	mut	176.772079467773	71.5440425872803	2.47081480267375
1686	mut_M3	mut	174.873138427734	63.2725005149841	2.76380950656946
1687	ctrl_M1	ctrl	60.1297035217285	34.8170251846313	1.72702013462857
1687	ctrl_M2	ctrl	73.1747665405273	62.2406187057495	1.17567543610822
1687	ctrl_M3	ctrl	70.3256607055664	53.3615789413452	1.31790816727646
1687	mut_M1	mut	101.747192382812	53.2778663635254	1.90974600387657
1687	mut_M2	mut	91.8612213134766	52.9566230773926	1.7346502849932
1687	mut_M3	mut	90.2783966064453	64.3393630981445	1.40315962513855
1688	ctrl_M1	ctrl	25.976634979248	24.1712024211884	1.07469353516634
1688	ctrl_M2	ctrl	46.5369148254395	38.0502901077271	1.22303705684465
1688	ctrl_M3	ctrl	39.6251945495605	40.5984411239624	0.976027489049883
1688	mut_M1	mut	90.5696563720703	38.605893611908	2.34600595656551
1688	mut_M2	mut	73.7816772460938	41.6878809928894	1.76985914104578
1688	mut_M3	mut	68.7362442016602	40.855770111084	1.68241215414056
1689	ctrl_M1	ctrl	31.0725193023682	15.7390334606171	1.97423300357797
1689	ctrl_M2	ctrl	45.1046485900879	23.7280476093292	1.90090012177631
1689	ctrl_M3	ctrl	46.994499206543	25.0054292678833	1.87937182373838
1689	mut_M1	mut	67.8695602416992	24.5283832550049	2.76698058474159
1689	mut_M2	mut	66.9449005126953	23.1829907894135	2.88767317042052
1689	mut_M3	mut	62.7914199829102	24.4199228286743	2.57131934541494
1690	ctrl_M1	ctrl	43.4604530334473	24.9520404338837	1.74175948250028
1690	ctrl_M2	ctrl	46.2466659545898	35.5008542537689	1.30269163733377
1690	ctrl_M3	ctrl	68.4724807739258	35.0796933174133	1.95191218333532
1690	mut_M1	mut	81.5714340209961	36.2534565925598	2.25003190558488
1690	mut_M2	mut	68.0168304443359	36.7102494239807	1.85280218771558
1690	mut_M3	mut	72.5781021118164	32.5783405303955	2.22780230454345
1691	ctrl_M1	ctrl	20.0309734344482	7.1714728474617	2.79314638157461
1691	ctrl_M2	ctrl	37.0313491821289	15.9365513324738	2.32367394987587
1691	ctrl_M3	ctrl	31.5645351409912	12.5663607120514	2.51182787636521
1691	mut_M1	mut	43.2468566894531	14.2856242656708	3.02729904449314
1691	mut_M2	mut	29.3322143554688	17.2862160205841	1.69685570980604
1691	mut_M3	mut	55.226676940918	19.0119431018829	2.9048412697726
1692	ctrl_M1	ctrl	18.629711151123	13.5682253837585	1.37303962929619
1692	ctrl_M2	ctrl	35.2553443908691	24.6945819854736	1.42765503832411
1692	ctrl_M3	ctrl	29.1018466949463	19.5312919616699	1.49001134958499
1692	mut_M1	mut	49.1629638671875	23.6462514400482	2.07910179724822
1692	mut_M2	mut	45.6661720275879	28.3544368743896	1.61054766243073
1692	mut_M3	mut	32.7315940856934	26.3645992279053	1.24149788141096
1693	ctrl_M1	ctrl	58.6807136535645	139.949203014374	0.41930009167353
1693	ctrl_M2	ctrl	90.0324401855469	154.086475849152	0.58429813317093
1693	ctrl_M3	ctrl	66.3424301147461	151.007506847382	0.439332000771301
1693	mut_M1	mut	142.446044921875	164.677971839905	0.864997566646965
1693	mut_M2	mut	157.583679199219	175.521246433258	0.897804011773241
1693	mut_M3	mut	135.033355712891	154.146510601044	0.876006567948716
1694	ctrl_M1	ctrl	66.1081771850586	162.437111377716	0.406977054839007
1694	ctrl_M2	ctrl	115.392227172852	174.798202514648	0.660145387726063
1694	ctrl_M3	ctrl	95.0673294067383	177.52764415741	0.535507187390175
1694	mut_M1	mut	154.708572387695	172.561918735504	0.896539477083738
1694	mut_M2	mut	158.863800048828	193.646307468414	0.820381251394326
1694	mut_M3	mut	158.663635253906	173.801748275757	0.912900110775456
1695	ctrl_M1	ctrl	15.0318403244019	8.51110911369324	1.7661435335399
1695	ctrl_M2	ctrl	19.2487869262695	15.1842174530029	1.26768382933444
1695	ctrl_M3	ctrl	13.9511394500732	9.65593910217285	1.4448247138317
1695	mut_M1	mut	31.982816696167	8.80129611492157	3.63387576994982
1695	mut_M2	mut	27.8982639312744	14.3025786876678	1.95057580458056
1695	mut_M3	mut	30.9333477020264	12.973011136055	2.38443853763876
1696	ctrl_M1	ctrl	16.7686252593994	7.39561688899994	2.2673734336267
1696	ctrl_M2	ctrl	17.4605827331543	13.5693745613098	1.28676400332698
1696	ctrl_M3	ctrl	12.9180173873901	7.90047264099121	1.63509424997761
1696	mut_M1	mut	28.4934215545654	8.42395949363708	3.38242623033593
1696	mut_M2	mut	31.7334823608398	12.4568634033203	2.54746972278603
1696	mut_M3	mut	26.957763671875	14.1865206956863	1.9002378560708
1697	ctrl_M1	ctrl	14.30712890625	3.37016689777374	4.24522860149774
1697	ctrl_M2	ctrl	23.8013553619385	5.62454259395599	4.23169617161667
1697	ctrl_M3	ctrl	17.558385848999	8.19850569963455	2.14165684482987
1697	mut_M1	mut	38.8340492248535	7.44777768850327	5.21417943030168
1697	mut_M2	mut	35.6835594177246	6.36017334461212	5.61046963412611
1697	mut_M3	mut	32.5972366333008	6.37503695487976	5.11326238012617
1698	ctrl_M1	ctrl	24.542407989502	7.3897859454155	3.32112569576223
1698	ctrl_M2	ctrl	29.9588413238525	14.1269036531448	2.12069410675023
1698	ctrl_M3	ctrl	26.7331409454346	11.8678460121155	2.25256890914692
1698	mut_M1	mut	54.7805671691895	16.3996905088425	3.34034152288743
1698	mut_M2	mut	51.7139778137207	19.2596397399902	2.68509580199172
1698	mut_M3	mut	39.2323303222656	14.8130743503571	2.64849344534073
1699	ctrl_M1	ctrl	22.403657913208	10.8032741546631	2.07378407624116
1699	ctrl_M2	ctrl	18.0115547180176	18.1905794143677	0.990158384058471
1699	ctrl_M3	ctrl	30.5370216369629	19.430100440979	1.57163478025872
1699	mut_M1	mut	42.3081512451172	18.274329662323	2.31516843719558
1699	mut_M2	mut	40.0950012207031	21.076828956604	1.90232607112087
1699	mut_M3	mut	30.6992626190186	15.6137502193451	1.96616842127927
1700	ctrl_M1	ctrl	23.3977146148682	6.84952628612518	3.41596099313671
1700	ctrl_M2	ctrl	29.9588508605957	8.31802809238434	3.60167704747533
1700	ctrl_M3	ctrl	32.3532867431641	12.5040154457092	2.58743176411112
1700	mut_M1	mut	40.4465713500977	12.9941146373749	3.11268389411938
1700	mut_M2	mut	35.6127319335938	10.0402615070343	3.54699246714273
1700	mut_M3	mut	45.5107574462891	13.9754798710346	3.25647189694101
1701	ctrl_M1	ctrl	46.6938095092773	38.6988668441772	1.20659371493465
1701	ctrl_M2	ctrl	78.9096145629883	61.7487325668335	1.27791472444525
1701	ctrl_M3	ctrl	62.8029518127441	59.6289529800415	1.05322915587274
1701	mut_M1	mut	93.5734405517578	60.126802444458	1.55626836531339
1701	mut_M2	mut	95.1599655151367	58.6442365646362	1.62266526242956
1701	mut_M3	mut	93.8492889404297	51.8513422012329	1.80996836255857
1702	ctrl_M1	ctrl	16.8147754669189	9.4473477602005	1.77984084991088
1702	ctrl_M2	ctrl	30.4013614654541	14.6481332778931	2.07544271264488
1702	ctrl_M3	ctrl	18.620777130127	21.0650193691254	0.883966769924698
1702	mut_M1	mut	48.1502494812012	23.3844766616821	2.05906893610753
1702	mut_M2	mut	48.0546493530273	18.0549011230469	2.66158474231056
1702	mut_M3	mut	50.8325386047363	19.482471704483	2.60914217537601
1703	ctrl_M1	ctrl	69.428581237793	33.5730547904968	2.0679852241937
1703	ctrl_M2	ctrl	81.322639465332	49.7773752212524	1.63372695132811
1703	ctrl_M3	ctrl	83.8875274658203	47.5089063644409	1.76572213265275
1703	mut_M1	mut	112.96671295166	44.7736234664917	2.52306389801584
1703	mut_M2	mut	118.505165100098	46.4977927207947	2.54861915299261
1703	mut_M3	mut	130.852874755859	35.1210904121399	3.72576344356976
1704	ctrl_M1	ctrl	126.493698120117	100.335001945496	1.26071356622718
1704	ctrl_M2	ctrl	167.066253662109	144.03716468811	1.15988296509352
1704	ctrl_M3	ctrl	130.970245361328	126.505348205566	1.03529413751351
1704	mut_M1	mut	221.001159667969	122.769691467285	1.80012800412437
1704	mut_M2	mut	265.631866455078	125.092175483704	2.12348906258876
1704	mut_M3	mut	232.550048828125	121.164326667786	1.91929469030717
1705	ctrl_M1	ctrl	33.6305046081543	21.4973845481873	1.56439982420979
1705	ctrl_M2	ctrl	47.3720092773438	31.1352105140686	1.52149314217543
1705	ctrl_M3	ctrl	50.6340255737305	33.7192034721375	1.50163765332031
1705	mut_M1	mut	79.0369110107422	39.6941113471985	1.99114952642265
1705	mut_M2	mut	93.7905502319336	41.1873679161072	2.27716785454637
1705	mut_M3	mut	75.2169876098633	36.8745360374451	2.03980837978497
1706	ctrl_M1	ctrl	24.8633880615234	13.4327803850174	1.85094874991446
1706	ctrl_M2	ctrl	26.2557220458984	16.4419112205505	1.5968777408968
1706	ctrl_M3	ctrl	36.0811882019043	17.7889695167542	2.02828995619572
1706	mut_M1	mut	34.3314895629883	21.4654581546783	1.59938303275888
1706	mut_M2	mut	51.1916656494141	22.4472770690918	2.28052896980993
1706	mut_M3	mut	45.3925971984863	17.120233297348	2.65140062113042
1707	ctrl_M1	ctrl	14.5675382614136	9.67758321762085	1.50528679876285
1707	ctrl_M2	ctrl	25.9747295379639	15.350997209549	1.69205486675527
1707	ctrl_M3	ctrl	18.769998550415	11.1986435055733	1.67609572901162
1707	mut_M1	mut	33.5343322753906	15.213636636734	2.20422855337694
1707	mut_M2	mut	41.0530014038086	18.6875472068787	2.19681057922345
1707	mut_M3	mut	46.5871353149414	10.546290397644	4.41739545929331
1708	ctrl_M1	ctrl	34.3065643310547	12.9850578308105	2.64200319921973
1708	ctrl_M2	ctrl	52.3383522033691	22.4952037334442	2.32664495167725
1708	ctrl_M3	ctrl	40.9724311828613	22.0475153923035	1.8583695465823
1708	mut_M1	mut	74.3348541259766	24.2169609069824	3.06953685937296
1708	mut_M2	mut	67.2642593383789	22.0608010292053	3.04903975378458
1708	mut_M3	mut	64.3465805053711	25.1454882621765	2.55897120924712
1709	ctrl_M1	ctrl	18.8216361999512	7.83574652671814	2.40202208376364
1709	ctrl_M2	ctrl	31.5116405487061	10.369707942009	3.03881659203231
1709	ctrl_M3	ctrl	19.6124534606934	11.8316247463226	1.6576297745404
1709	mut_M1	mut	33.4192581176758	11.5650018453598	2.88968895677993
1709	mut_M2	mut	33.2183113098145	13.6690847873688	2.43017815944127
1709	mut_M3	mut	27.9750995635986	9.74499571323395	2.87071440427703
1710	ctrl_M1	ctrl	13.9852180480957	9.11694431304932	1.53398085673051
1710	ctrl_M2	ctrl	20.5153503417969	12.5458979606628	1.63522375250635
1710	ctrl_M3	ctrl	19.6185073852539	14.1576142311096	1.38572128502729
1710	mut_M1	mut	31.2110424041748	18.6230719089508	1.67593416149426
1710	mut_M2	mut	42.3367767333984	17.0500582456589	2.48308692694219
1710	mut_M3	mut	36.6526031494141	13.6373927593231	2.68765472962981
1711	ctrl_M1	ctrl	17.5497665405273	6.70658934116364	2.61679456542994
1711	ctrl_M2	ctrl	23.6243305206299	11.6298251152039	2.03135733225648
1711	ctrl_M3	ctrl	20.3719177246094	5.98234808444977	3.40533807746212
1711	mut_M1	mut	26.0605850219727	8.6266313791275	3.0209457059945
1711	mut_M2	mut	26.3208274841309	8.34231805801392	3.15509757612828
1711	mut_M3	mut	28.5445747375488	9.09992527961731	3.13679221097398
1712	ctrl_M1	ctrl	46.3455390930176	44.3627824783325	1.04469414459414
1712	ctrl_M2	ctrl	63.1725654602051	55.904575586319	1.13000706646389
1712	ctrl_M3	ctrl	50.6600952148438	57.3847718238831	0.882814265957566
1712	mut_M1	mut	77.9220352172852	50.8678135871887	1.53185343977336
1712	mut_M2	mut	92.5381164550781	56.0916163921356	1.64976733435788
1712	mut_M3	mut	90.508674621582	50.9930458068848	1.77492191708545
1713	ctrl_M1	ctrl	30.5321350097656	18.5991104841232	1.64159114145963
1713	ctrl_M2	ctrl	62.5990524291992	28.0538058280945	2.23139251810567
1713	ctrl_M3	ctrl	49.7585220336914	29.7377145290375	1.67324634127833
1713	mut_M1	mut	63.8118133544922	28.8675379753113	2.21050417978377
1713	mut_M2	mut	70.5583267211914	30.0159268379211	2.35069625209941
1713	mut_M3	mut	70.2611694335938	24.7754933834076	2.83591403595007
1714	ctrl_M1	ctrl	34.2613792419434	17.2314727306366	1.98830243807475
1714	ctrl_M2	ctrl	42.3760261535645	21.0141460895538	2.01654761382998
1714	ctrl_M3	ctrl	35.4053421020508	21.0656402111053	1.68071521906018
1714	mut_M1	mut	51.6496238708496	33.920250415802	1.52267814175064
1714	mut_M2	mut	49.9049034118652	26.2522416114807	1.90097684420368
1714	mut_M3	mut	48.2124290466309	23.0212495326996	2.09425769779132
1715	ctrl_M1	ctrl	18.548656463623	11.648859500885	1.59231523585754
1715	ctrl_M2	ctrl	22.7601356506348	19.2147495746613	1.18451378001038
1715	ctrl_M3	ctrl	22.5975379943848	21.285204410553	1.0616547324855
1715	mut_M1	mut	29.8256511688232	25.3111772537231	1.17835890720713
1715	mut_M2	mut	40.0809555053711	18.4270734786987	2.17511237211398
1715	mut_M3	mut	37.939323425293	18.8207676410675	2.01582231654081
1716	ctrl_M1	ctrl	22.5677337646484	12.8014266490936	1.76290771202804
1716	ctrl_M2	ctrl	28.3093185424805	14.9111318588257	1.89853585968557
1716	ctrl_M3	ctrl	31.4694042205811	13.559307217598	2.32087109728869
1716	mut_M1	mut	35.8966064453125	19.610502243042	1.83047868945065
1716	mut_M2	mut	49.1873359680176	20.7388396263123	2.37174966653445
1716	mut_M3	mut	45.3222694396973	20.8867225646973	2.16990814615889
1717	ctrl_M1	ctrl	26.7476139068604	13.069628238678	2.04654741652896
1717	ctrl_M2	ctrl	39.1847038269043	15.9040484428406	2.46381944620798
1717	ctrl_M3	ctrl	35.7419204711914	15.1383647918701	2.3610159328692
1717	mut_M1	mut	35.3239517211914	13.5347077846527	2.60987915537016
1717	mut_M2	mut	45.7923164367676	19.1930351257324	2.38588196899473
1717	mut_M3	mut	41.1763458251953	15.9050612449646	2.58888319831094
1718	ctrl_M1	ctrl	12.4797792434692	11.2137633562088	1.11289839521711
1718	ctrl_M2	ctrl	27.966381072998	16.9180815219879	1.65304683256497
1718	ctrl_M3	ctrl	22.3228130340576	13.7009789943695	1.62928598337617
1718	mut_M1	mut	29.4229698181152	15.3818246126175	1.91284002770256
1718	mut_M2	mut	29.051097869873	16.2243859767914	1.79058226988867
1718	mut_M3	mut	35.1071434020996	11.9286292791367	2.943099544849
1719	ctrl_M1	ctrl	21.8789844512939	7.43551218509674	2.9424986344783
1719	ctrl_M2	ctrl	30.9709224700928	16.3232412338257	1.89735126905517
1719	ctrl_M3	ctrl	32.7449073791504	15.5248579978943	2.10919207013628
1719	mut_M1	mut	41.8035850524902	15.3646261692047	2.72076811971365
1719	mut_M2	mut	43.9878578186035	15.9343430995941	2.76056926499367
1719	mut_M3	mut	49.9581184387207	11.2468404769897	4.4419691504411
1720	ctrl_M1	ctrl	12.2546682357788	7.87512266635895	1.55612410815243
1720	ctrl_M2	ctrl	18.156436920166	13.97975897789	1.29876609095205
1720	ctrl_M3	ctrl	11.9045639038086	19.4070091247559	0.613415690551872
1720	mut_M1	mut	28.3445930480957	20.1880750656128	1.40402653328629
1720	mut_M2	mut	40.6250686645508	14.9746271371841	2.71292689242812
1720	mut_M3	mut	41.9200096130371	15.7688226699829	2.65841087127163
1721	ctrl_M1	ctrl	34.1413269042969	18.83638048172	1.81252056027589
1721	ctrl_M2	ctrl	40.7300224304199	27.8171591758728	1.46420495971232
1721	ctrl_M3	ctrl	44.1522789001465	27.3815274238586	1.61248414731148
1721	mut_M1	mut	59.4572639465332	30.5917739868164	1.94357031966033
1721	mut_M2	mut	67.1665496826172	25.0350885391235	2.68289643064984
1721	mut_M3	mut	57.8301887512207	28.8286948204041	2.00599399700504
1722	ctrl_M1	ctrl	31.2821636199951	32.5702648162842	0.960451620410374
1722	ctrl_M2	ctrl	66.5593414306641	46.9931092262268	1.41636385688473
1722	ctrl_M3	ctrl	51.0632705688477	40.0421905517578	1.2752366907311
1722	mut_M1	mut	58.945873260498	37.0310616493225	1.59179539108829
1722	mut_M2	mut	69.1254119873047	42.3265023231506	1.63314727636959
1722	mut_M3	mut	83.0087966918945	42.0083441734314	1.97600734628322
1723	ctrl_M1	ctrl	20.6623497009277	6.76068294048309	3.05625184361201
1723	ctrl_M2	ctrl	29.4289989471436	17.6262075901031	1.66961604172116
1723	ctrl_M3	ctrl	26.111177444458	9.93249571323395	2.62886370136236
1723	mut_M1	mut	38.3590850830078	16.1859240531921	2.36990393362452
1723	mut_M2	mut	37.4999160766602	15.8192954063416	2.37051746701863
1723	mut_M3	mut	40.6158790588379	12.4165415763855	3.2711104625207
