loop_id	sample	group	center_value	background_mean	enrichment
1	ctrl_M1	ctrl	27.5285930633545	7.15064930915833	3.84980326585122
1	ctrl_M2	ctrl	32.4608421325684	10.000929415226	3.24578254528505
1	ctrl_M3	ctrl	31.4623622894287	6.91631752252579	4.54900489848229
1	mut_M1	mut	18.0993175506592	6.07193088531494	2.98081745206169
1	mut_M2	mut	20.9178981781006	6.64173054695129	3.14946504231527
1	mut_M3	mut	17.3816375732422	6.08905202150345	2.85457202728094
2	ctrl_M1	ctrl	34.1706008911133	64.6055543422699	0.528911194076022
2	ctrl_M2	ctrl	59.703727722168	75.6677054166794	0.789025217474184
2	ctrl_M3	ctrl	41.8948364257812	74.7989597320557	0.560099185548257
2	mut_M1	mut	39.6364707946777	73.1282675266266	0.542012988072578
2	mut_M2	mut	41.4447059631348	69.2121617794037	0.598806696650067
2	mut_M3	mut	28.1320972442627	61.6217124462128	0.456528975380522
3	ctrl_M1	ctrl	43.2051773071289	23.7294504642487	1.82074074459595
3	ctrl_M2	ctrl	43.7662391662598	33.0440607070923	1.32448126016383
3	ctrl_M3	ctrl	37.4561462402344	29.6917955875397	1.26149818490442
3	mut_M1	mut	25.4979801177979	28.1067497730255	0.907183517258501
3	mut_M2	mut	32.2071304321289	24.6673822402954	1.30565660021747
3	mut_M3	mut	27.8110446929932	19.7754635810852	1.40634097294153
4	ctrl_M1	ctrl	27.4852333068848	3.71309286355972	7.40224775324763
4	ctrl_M2	ctrl	28.3223209381104	4.58263562619686	6.1803562945752
4	ctrl_M3	ctrl	22.3761615753174	5.71976488828659	3.91207715917505
4	mut_M1	mut	14.97740650177	4.8246748149395	3.10433491919348
4	mut_M2	mut	11.1002206802368	4.48471418023109	2.47512332651372
4	mut_M3	mut	11.24538230896	4.06335145235062	2.76751406833258
5	ctrl_M1	ctrl	22.0218811035156	11.1812962293625	1.96952845643114
5	ctrl_M2	ctrl	20.7657470703125	14.1121776103973	1.47147716274582
5	ctrl_M3	ctrl	26.9606094360352	13.6866630315781	1.9698453431513
5	mut_M1	mut	18.4018402099609	12.089019536972	1.52219459598707
5	mut_M2	mut	15.2510013580322	6.97487616539001	2.1865623125625
5	mut_M3	mut	12.4962558746338	8.92712908983231	1.39980678546103
6	ctrl_M1	ctrl	14.9860754013062	5.22383907437325	2.86878580828108
6	ctrl_M2	ctrl	12.4005479812622	6.25707584619522	1.98184396131344
6	ctrl_M3	ctrl	20.746509552002	5.87296867370605	3.5325421783512
6	mut_M1	mut	8.55566215515137	3.5060575902462	2.44025146048744
6	mut_M2	mut	14.1418390274048	3.20932757854462	4.40648038609318
6	mut_M3	mut	5.94274950027466	5.57440432906151	1.06607794294591
7	ctrl_M1	ctrl	4.72605848312378	6.61858111619949	0.714059161646653
7	ctrl_M2	ctrl	12.3384561538696	11.0405892133713	1.11755413732145
7	ctrl_M3	ctrl	12.6280746459961	9.71607089042664	1.29971001533539
7	mut_M1	mut	3.86922240257263	6.92025876045227	0.559115278273173
7	mut_M2	mut	8.39104652404785	7.05645680427551	1.1891302897176
7	mut_M3	mut	6.17088413238525	4.26960414648056	1.44530591611682
8	ctrl_M1	ctrl	14.7603044509888	3.17669358849525	4.64643631492972
8	ctrl_M2	ctrl	19.3530139923096	7.90523314476013	2.44812691010099
8	ctrl_M3	ctrl	9.6865062713623	5.06979948282242	1.91062907008103
8	mut_M1	mut	8.31493091583252	4.08119723200798	2.03737541783579
8	mut_M2	mut	11.460075378418	2.89594882726669	3.95727827457311
8	mut_M3	mut	6.75447082519531	4.09356141090393	1.65002308434987
9	ctrl_M1	ctrl	16.3367919921875	2.05823531746864	7.93728095788366
9	ctrl_M2	ctrl	17.5342311859131	2.82005655765533	6.21768777591166
9	ctrl_M3	ctrl	18.701343536377	3.41062670946121	5.48325722205209
9	mut_M1	mut	6.73814916610718	1.66703821718693	4.04198841792457
9	mut_M2	mut	14.0141124725342	2.63474616408348	5.31896114455834
9	mut_M3	mut	12.1946802139282	1.47781458497047	8.25183371307157
10	ctrl_M1	ctrl	24.0356121063232	3.43492813408375	6.99741338627297
10	ctrl_M2	ctrl	22.563756942749	5.75081431865692	3.92357598289118
10	ctrl_M3	ctrl	23.9828147888184	5.98320817947388	4.00835372419337
10	mut_M1	mut	17.8583698272705	5.47538614273071	3.26157267482948
10	mut_M2	mut	12.4551954269409	4.83912974596024	2.57385027490504
10	mut_M3	mut	13.0400075912476	4.79987359046936	2.71673979438538
11	ctrl_M1	ctrl	26.1673603057861	13.4533865451813	1.94503891030759
11	ctrl_M2	ctrl	32.7626571655273	18.2453682422638	1.7956698231848
11	ctrl_M3	ctrl	30.2783489227295	15.537371635437	1.94874330312547
11	mut_M1	mut	12.1895895004272	10.9174299240112	1.1165255545738
11	mut_M2	mut	24.9362163543701	13.3077223300934	1.87381549868836
11	mut_M3	mut	16.7895164489746	10.9426901340485	1.53431343145993
12	ctrl_M1	ctrl	17.892993927002	7.72430992126465	2.3164520985549
12	ctrl_M2	ctrl	23.7581577301025	7.4965757727623	3.16920130607154
12	ctrl_M3	ctrl	21.1194324493408	10.1186801195145	2.08717265492075
12	mut_M1	mut	7.48715114593506	4.24512940645218	1.76370386602475
12	mut_M2	mut	10.6126508712769	8.72721552848816	1.21604088229907
12	mut_M3	mut	9.33643913269043	2.85903435945511	3.26559179039381
13	ctrl_M1	ctrl	7.37406539916992	8.62557566165924	0.854907044865157
13	ctrl_M2	ctrl	16.1529121398926	7.06779205799103	2.28542549177429
13	ctrl_M3	ctrl	11.5107755661011	6.83663940429688	1.68368914687331
13	mut_M1	mut	6.67813205718994	4.27176105976105	1.56332059863936
13	mut_M2	mut	7.72595119476318	4.17050695419312	1.85252087566845
13	mut_M3	mut	7.00323629379272	4.82724976539612	1.45077148151626
14	ctrl_M1	ctrl	23.9708251953125	15.2506255507469	1.57179291534953
14	ctrl_M2	ctrl	34.4579811096191	20.5310779809952	1.67833277636545
14	ctrl_M3	ctrl	28.2402591705322	20.8164528608322	1.35663166819687
14	mut_M1	mut	20.37184715271	14.7002264261246	1.38581859640652
14	mut_M2	mut	17.7478084564209	14.593632042408	1.21613374962772
14	mut_M3	mut	17.5630645751953	12.7981424331665	1.37231357338862
15	ctrl_M1	ctrl	17.840259552002	1.45312383770943	12.277177683716
15	ctrl_M2	ctrl	17.7687034606934	4.04891514778137	4.38850971486272
15	ctrl_M3	ctrl	17.6308746337891	3.9424275457859	4.47208589860703
15	mut_M1	mut	13.0779399871826	3.2613217830658	4.01001215368842
15	mut_M2	mut	9.8085412979126	2.6826083958149	3.65634481470154
15	mut_M3	mut	12.5538673400879	4.57149493694305	2.74611861398727
16	ctrl_M1	ctrl	47.1236190795898	21.4724940061569	2.19460389957859
16	ctrl_M2	ctrl	52.259391784668	28.0542021989822	1.86280085293475
16	ctrl_M3	ctrl	56.4278945922852	27.6376761198044	2.04170185465957
16	mut_M1	mut	37.6502113342285	20.5510420799255	1.83203417071515
16	mut_M2	mut	27.1503601074219	19.9186762571335	1.36306046430663
16	mut_M3	mut	29.8860607147217	21.0756962299347	1.41803432677461
17	ctrl_M1	ctrl	20.7471885681152	9.71408951282501	2.13578313651771
17	ctrl_M2	ctrl	23.3436412811279	14.4017989635468	1.62088370627964
17	ctrl_M3	ctrl	24.8582859039307	10.5364198684692	2.3592725246571
17	mut_M1	mut	15.3228349685669	9.65517342090607	1.58700774192091
17	mut_M2	mut	23.0122566223145	10.9930158853531	2.09335243961356
17	mut_M3	mut	14.2785654067993	10.4711164236069	1.36361442554575
18	ctrl_M1	ctrl	32.6684684753418	5.21529397368431	6.26397450271885
18	ctrl_M2	ctrl	22.2555446624756	6.82033675909042	3.26311521682745
18	ctrl_M3	ctrl	31.1255416870117	10.5723052024841	2.94406386222167
18	mut_M1	mut	21.3450107574463	5.32856768369675	4.00576890911105
18	mut_M2	mut	21.0747413635254	4.5315408706665	4.6506788673023
18	mut_M3	mut	18.2044658660889	3.86466845870018	4.71048579215296
19	ctrl_M1	ctrl	23.9683017730713	10.5661177635193	2.26841137961045
19	ctrl_M2	ctrl	20.9016094207764	12.1544009447098	1.71967417529317
19	ctrl_M3	ctrl	21.0517864227295	10.5605835914612	1.9934302153293
19	mut_M1	mut	5.63157653808594	10.6928468942642	0.526667649296165
19	mut_M2	mut	11.6132936477661	8.00608110427856	1.45055908084166
19	mut_M3	mut	13.4840745925903	6.43463575839996	2.09554590172223
20	ctrl_M1	ctrl	39.8868751525879	14.7757468223572	2.69948285065599
20	ctrl_M2	ctrl	29.5224113464355	17.7937234640121	1.65914747445326
20	ctrl_M3	ctrl	30.0080242156982	21.0175176858902	1.42776252953239
20	mut_M1	mut	27.8404350280762	21.453456401825	1.29771326851126
20	mut_M2	mut	27.9958610534668	12.3992941379547	2.25785925730808
20	mut_M3	mut	26.7418060302734	11.8508020043373	2.25653977009203
21	ctrl_M1	ctrl	28.9012107849121	4.56811136007309	6.32673078802739
21	ctrl_M2	ctrl	29.4512348175049	12.8224343061447	2.29685207304134
21	ctrl_M3	ctrl	23.4139957427979	7.3735259771347	3.17541374579877
21	mut_M1	mut	21.6572551727295	9.18382999300957	2.35819425982562
21	mut_M2	mut	25.0593547821045	7.04989939928055	3.55456913110871
21	mut_M3	mut	24.6306953430176	7.34443259239197	3.35365530735925
22	ctrl_M1	ctrl	9.62182140350342	4.62721508741379	2.07939791467122
22	ctrl_M2	ctrl	11.6894264221191	5.07344698905945	2.30404031959467
22	ctrl_M3	ctrl	5.57299184799194	5.02111941576004	1.10991023844199
22	mut_M1	mut	15.1326951980591	3.79041934013367	3.99235383743199
22	mut_M2	mut	10.5119342803955	2.58788178861141	4.06198394635171
22	mut_M3	mut	8.96317481994629	3.40895348787308	2.62930393501456
23	ctrl_M1	ctrl	25.5704460144043	10.2703504562378	2.48973451523009
23	ctrl_M2	ctrl	25.5595512390137	13.9717848300934	1.8293690856133
23	ctrl_M3	ctrl	25.7040004730225	12.5741403102875	2.04419545501595
23	mut_M1	mut	13.8507633209229	8.18419867753983	1.69237867586646
23	mut_M2	mut	18.8809928894043	11.3733897209167	1.66010251584718
23	mut_M3	mut	14.9553709030151	7.61871755123138	1.96297746995463
24	ctrl_M1	ctrl	20.9840812683105	8.92482107877731	2.35120470013785
24	ctrl_M2	ctrl	24.3419208526611	19.1073498725891	1.27395588686955
24	ctrl_M3	ctrl	23.1312656402588	19.405163526535	1.1920160120593
24	mut_M1	mut	18.1445713043213	11.6295807361603	1.56020855058891
24	mut_M2	mut	17.5649795532227	15.3323875665665	1.14561280667889
24	mut_M3	mut	13.1377573013306	10.9991245269775	1.1944366362166
25	ctrl_M1	ctrl	32.5197906494141	18.5594568252563	1.75219517228328
25	ctrl_M2	ctrl	36.4631233215332	26.1543567180634	1.39415102862576
25	ctrl_M3	ctrl	36.2009124755859	29.7541468143463	1.21666780437244
25	mut_M1	mut	25.1090621948242	23.5238978862762	1.0673852741672
25	mut_M2	mut	29.3560543060303	26.0607793331146	1.12644575708173
25	mut_M3	mut	15.4458837509155	24.5613386631012	0.628869784451939
26	ctrl_M1	ctrl	39.6194229125977	20.7755436301231	1.90702219965749
26	ctrl_M2	ctrl	41.0397186279297	27.7130872011185	1.48087863073853
26	ctrl_M3	ctrl	32.6680374145508	24.6268244981766	1.326522524939
26	mut_M1	mut	27.9217052459717	20.3780504465103	1.37018530399964
26	mut_M2	mut	28.031364440918	22.0497370958328	1.27127885103971
26	mut_M3	mut	26.6191005706787	19.6535431146622	1.35441739005421
27	ctrl_M1	ctrl	31.4477100372314	12.8385646343231	2.44947242413361
27	ctrl_M2	ctrl	39.5208282470703	23.2905538082123	1.69686082059308
27	ctrl_M3	ctrl	27.3648414611816	17.7889586687088	1.53830485363469
27	mut_M1	mut	20.3914699554443	16.9066041707993	1.20612452680853
27	mut_M2	mut	20.2760410308838	16.0005657672882	1.26720775538678
27	mut_M3	mut	20.8505096435547	12.9404389858246	1.61126756722821
28	ctrl_M1	ctrl	18.9434108734131	0.966800346970558	19.5939222950961
28	ctrl_M2	ctrl	19.8078441619873	2.0887522995472	9.48309867392189
28	ctrl_M3	ctrl	13.6136150360107	2.54068624973297	5.35824328464073
28	mut_M1	mut	12.0398225784302	2.31102755665779	5.20972696484942
28	mut_M2	mut	9.83135795593262	0.789022147655487	12.4601799647141
28	mut_M3	mut	14.0177516937256	1.07740163803101	13.0107020436163
29	ctrl_M1	ctrl	13.5279388427734	1.34942439198494	10.0249698487179
29	ctrl_M2	ctrl	7.22167158126831	4.95229649543762	1.45824701487913
29	ctrl_M3	ctrl	8.27297878265381	1.93300402164459	4.27985595995563
29	mut_M1	mut	6.44201183319092	2.9463700056076	2.18642323297153
29	mut_M2	mut	6.8223352432251	2.02640247344971	3.36672271802496
29	mut_M3	mut	4.87430906295776	2.05471268296242	2.37225822538368
30	ctrl_M1	ctrl	8.31847476959229	3.83348625898361	2.16995032918099
30	ctrl_M2	ctrl	14.8311004638672	4.3648527264595	3.39784670716651
30	ctrl_M3	ctrl	8.212571144104	4.0979830622673	2.00405199809689
30	mut_M1	mut	5.73354148864746	4.35196757316589	1.31745960700634
30	mut_M2	mut	7.80179834365845	2.90067356824875	2.68965057945789
30	mut_M3	mut	8.47106075286865	3.12266001105309	2.71277075406358
31	ctrl_M1	ctrl	39.668384552002	24.4189999103546	1.62448850066055
31	ctrl_M2	ctrl	49.4659080505371	33.0243172645569	1.49786315502807
31	ctrl_M3	ctrl	38.2180557250977	30.7616429328918	1.24239319104225
31	mut_M1	mut	25.7064437866211	27.0992071628571	0.94860501387122
31	mut_M2	mut	36.4968376159668	27.8900060653687	1.30859912796094
31	mut_M3	mut	28.7832050323486	24.9762754440308	1.15242182914137
32	ctrl_M1	ctrl	32.2414360046387	5.52572965621948	5.83478346037963
32	ctrl_M2	ctrl	23.4416637420654	4.56951826810837	5.13000766528712
32	ctrl_M3	ctrl	27.015962600708	7.57968664169312	3.56425850801047
32	mut_M1	mut	19.2855453491211	10.5859568715096	1.82180464016674
32	mut_M2	mut	20.5416221618652	5.72650489211082	3.58711335253806
32	mut_M3	mut	17.4411716461182	4.0028663277626	4.35717064173534
33	ctrl_M1	ctrl	18.2219924926758	40.1223315000534	0.454160857841761
33	ctrl_M2	ctrl	38.021297454834	48.7602704763412	0.779759773344205
33	ctrl_M3	ctrl	29.1406688690186	55.6557676792145	0.523587582817613
33	mut_M1	mut	24.7753658294678	49.0600551366806	0.505000774264194
33	mut_M2	mut	17.363899230957	54.7034077644348	0.317418967859002
33	mut_M3	mut	19.8379440307617	48.9162747263908	0.405548953629924
34	ctrl_M1	ctrl	31.944091796875	1.070571154356	29.838364004951
34	ctrl_M2	ctrl	35.9232597351074	10.4325755238533	3.44337404056856
34	ctrl_M3	ctrl	25.0036773681641	21.4491455554962	1.16571904011146
34	mut_M1	mut	12.9032516479492	6.50454372167587	1.98372894396115
34	mut_M2	mut	20.5505676269531	1.7939700782299	11.4553569629379
34	mut_M3	mut	17.6538238525391	11.1237797439098	1.58703464640284
35	ctrl_M1	ctrl	49.1065444946289	22.6516466140747	2.16790175704561
35	ctrl_M2	ctrl	65.0430755615234	31.0910124778748	2.09202178950621
35	ctrl_M3	ctrl	66.1613082885742	32.812148809433	2.01636621462456
35	mut_M1	mut	36.7205772399902	21.6622664928436	1.69514013005616
35	mut_M2	mut	46.9015693664551	20.7292084693909	2.26258370818697
35	mut_M3	mut	39.7117347717285	20.7699738740921	1.91197808011034
36	ctrl_M1	ctrl	13.4238090515137	1.41396395862103	9.49374202197155
36	ctrl_M2	ctrl	21.4193096160889	1.57331636548042	13.6141147998218
36	ctrl_M3	ctrl	18.3519859313965	1.74225634336472	10.5334590981913
36	mut_M1	mut	9.74400234222412	1.25001817941666	7.79508850564984
36	mut_M2	mut	10.0264205932617	0	NA
36	mut_M3	mut	5.37884330749512	0.461777299642563	11.6481327940083
37	ctrl_M1	ctrl	17.8042964935303	4.91491384804249	3.62250428878247
37	ctrl_M2	ctrl	30.856897354126	7.60762482881546	4.05604877323196
37	ctrl_M3	ctrl	20.6783771514893	6.68177071213722	3.09474509712338
37	mut_M1	mut	8.64819431304932	4.53331071138382	1.90769944167569
37	mut_M2	mut	16.6305408477783	5.68561026453972	2.92502300966713
37	mut_M3	mut	13.5013885498047	4.97072955965996	2.71617845786169
38	ctrl_M1	ctrl	34.0712852478027	6.30221474170685	5.40623997185077
38	ctrl_M2	ctrl	35.7511100769043	9.41559654474258	3.79700955823843
38	ctrl_M3	ctrl	40.8113746643066	8.61794489622116	4.73562724707161
38	mut_M1	mut	24.3955345153809	7.60675364732742	3.20708881165779
38	mut_M2	mut	26.2294883728027	9.903424680233	2.64852707217092
38	mut_M3	mut	25.1257858276367	7.08414769172668	3.54676199890358
39	ctrl_M1	ctrl	17.6194763183594	15.520562171936	1.13523441504062
39	ctrl_M2	ctrl	47.2667846679688	25.6660463809967	1.84160754509371
39	ctrl_M3	ctrl	35.1785774230957	25.8147704601288	1.36273059167539
39	mut_M1	mut	21.2135524749756	16.4442172050476	1.29003115262087
39	mut_M2	mut	24.8618469238281	19.7517735958099	1.25871465684997
39	mut_M3	mut	14.4899740219116	14.6319205164909	0.990298847344111
40	ctrl_M1	ctrl	26.9030151367188	19.663765668869	1.3681517360284
40	ctrl_M2	ctrl	45.9543533325195	26.611555814743	1.72685707113225
40	ctrl_M3	ctrl	34.2774200439453	25.5691361427307	1.34057794728002
40	mut_M1	mut	26.0747756958008	19.2605409622192	1.35379248936715
40	mut_M2	mut	26.8813095092773	19.5394070148468	1.37574848043504
40	mut_M3	mut	22.0006561279297	18.2876472473145	1.20303371070111
41	ctrl_M1	ctrl	34.3262252807617	9.20289874076843	3.72993621332571
41	ctrl_M2	ctrl	44.1551856994629	16.6776044368744	2.64757362885015
41	ctrl_M3	ctrl	33.5873069763184	15.1175301074982	2.22174566463468
41	mut_M1	mut	21.5122241973877	9.03552460670471	2.38084949505032
41	mut_M2	mut	21.2803897857666	13.2862057685852	1.60169051694829
41	mut_M3	mut	27.4941005706787	9.36732029914856	2.93510840802335
42	ctrl_M1	ctrl	7.12412118911743	2.47710579633713	2.87598583784827
42	ctrl_M2	ctrl	11.9003801345825	4.58934634923935	2.59304467978428
42	ctrl_M3	ctrl	6.83335494995117	4.98987892270088	1.36944303775861
42	mut_M1	mut	4.05964756011963	4.28133073449135	0.948220964900985
42	mut_M2	mut	4.60873126983643	3.5512407720089	1.29778056902329
42	mut_M3	mut	3.91423082351685	2.823337495327	1.38638431643239
43	ctrl_M1	ctrl	23.6736183166504	46.9325076937675	0.504418354781288
43	ctrl_M2	ctrl	41.1609535217285	55.6371290683746	0.739810881886882
43	ctrl_M3	ctrl	45.9696655273438	62.828839302063	0.731665044874294
43	mut_M1	mut	20.6411552429199	52.3403755426407	0.394363911777896
43	mut_M2	mut	28.5138778686523	60.0013136863708	0.475220892957369
43	mut_M3	mut	15.2473649978638	49.0225812196732	0.311027380005541
44	ctrl_M1	ctrl	24.614673614502	17.1707729101181	1.43352158597342
44	ctrl_M2	ctrl	46.1898155212402	31.9720904827118	1.44469175533631
44	ctrl_M3	ctrl	37.1713905334473	29.2420561313629	1.27116199922686
44	mut_M1	mut	27.1234092712402	20.1770461797714	1.34427056515502
44	mut_M2	mut	16.3041362762451	19.1255093812943	0.852481152329015
44	mut_M3	mut	13.0024499893188	15.9428751468658	0.815564938540898
45	ctrl_M1	ctrl	62.7026023864746	13.2816477417946	4.7209957382895
45	ctrl_M2	ctrl	65.9075241088867	20.3786472082138	3.23414618426301
45	ctrl_M3	ctrl	74.4811325073242	18.9858831465244	3.92297434533399
45	mut_M1	mut	44.3975982666016	15.7888168692589	2.81196486312059
45	mut_M2	mut	46.9596481323242	15.5566669106483	3.01861885981379
45	mut_M3	mut	37.4763450622559	12.0847170352936	3.10113550468792
46	ctrl_M1	ctrl	12.0586805343628	1.87332653999329	6.43704142172993
46	ctrl_M2	ctrl	19.3870429992676	2.85287117958069	6.79562510148708
46	ctrl_M3	ctrl	14.6829319000244	2.47256898880005	5.93833052445996
46	mut_M1	mut	7.62796688079834	3.06407968699932	2.48948058144939
46	mut_M2	mut	9.94231128692627	2.12126815319061	4.68696580013799
46	mut_M3	mut	8.07312965393066	2.65810319781303	3.03717690892245
47	ctrl_M1	ctrl	28.9437961578369	56.1081025600433	0.515857689660118
47	ctrl_M2	ctrl	45.1443023681641	73.4122092723846	0.61494270252327
47	ctrl_M3	ctrl	34.2024040222168	65.9637994766235	0.518502637713244
47	mut_M1	mut	27.2471771240234	59.647958278656	0.45679982870048
47	mut_M2	mut	21.8094081878662	64.3155009746552	0.339100339068503
47	mut_M3	mut	23.0384120941162	50.7474868297577	0.453981340423872
48	ctrl_M1	ctrl	28.6270542144775	34.8670854568481	0.821033758325073
48	ctrl_M2	ctrl	71.6634750366211	47.3737020492554	1.51272693365005
48	ctrl_M3	ctrl	51.5991706848145	43.435215473175	1.18795705564489
48	mut_M1	mut	41.5184860229492	40.998104095459	1.01269282907031
48	mut_M2	mut	47.7061538696289	36.6158204078674	1.30288365351985
48	mut_M3	mut	32.0638999938965	33.560337305069	0.955410540198997
49	ctrl_M1	ctrl	8.92811679840088	1.90984033048153	4.67479749794048
49	ctrl_M2	ctrl	14.8708839416504	3.59602975845337	4.13536175741946
49	ctrl_M3	ctrl	13.4577226638794	3.58097773790359	3.75811402607544
49	mut_M1	mut	3.32699012756348	2.58193948864937	1.28856239357641
49	mut_M2	mut	3.02904653549194	3.89583310484886	0.77750931674201
49	mut_M3	mut	4.25870561599731	1.44382470846176	2.9496001772504
50	ctrl_M1	ctrl	25.8337593078613	7.43917846679688	3.47266293222627
50	ctrl_M2	ctrl	29.106372833252	11.416620016098	2.5494737314731
50	ctrl_M3	ctrl	24.4987926483154	10.0415711402893	2.43973699992226
50	mut_M1	mut	20.8393325805664	8.28996729850769	2.51380154229532
50	mut_M2	mut	11.0770072937012	7.27503490447998	1.5226053811618
50	mut_M3	mut	12.5423173904419	8.06993931531906	1.55420219413955
51	ctrl_M1	ctrl	9.11576366424561	8.24877488613129	1.10510515683632
51	ctrl_M2	ctrl	18.9789886474609	12.9383619427681	1.4668772392837
51	ctrl_M3	ctrl	15.3667249679565	13.3127583712339	1.15428557624548
51	mut_M1	mut	6.28189420700073	8.5215824842453	0.737174605610483
51	mut_M2	mut	16.3323745727539	12.0982940793037	1.34997334877926
51	mut_M3	mut	9.35946178436279	8.51897019147873	1.09866117312217
52	ctrl_M1	ctrl	28.9462413787842	36.3863568305969	0.795524583940857
52	ctrl_M2	ctrl	41.9887199401855	49.9065263271332	0.841347275203105
52	ctrl_M3	ctrl	25.0283069610596	51.5463682413101	0.48554937651265
52	mut_M1	mut	26.7003154754639	46.5295776724815	0.573835328216506
52	mut_M2	mut	19.1676712036133	46.0191534757614	0.416515075917444
52	mut_M3	mut	25.0588893890381	42.3783854842186	0.591312979546374
53	ctrl_M1	ctrl	29.5889682769775	7.06417608261108	4.18859438538242
53	ctrl_M2	ctrl	47.127368927002	10.7334976494312	4.39068144105843
53	ctrl_M3	ctrl	28.5836219787598	12.7999477386475	2.23310458467388
53	mut_M1	mut	28.4824371337891	10.3305320739746	2.75711230843027
53	mut_M2	mut	28.353157043457	7.39258342981339	3.83535164839834
53	mut_M3	mut	23.5313110351562	6.849156498909	3.43565095043522
54	ctrl_M1	ctrl	34.9713821411133	16.6388188004494	2.10179475842172
54	ctrl_M2	ctrl	57.5828704833984	25.5332199335098	2.25521382079299
54	ctrl_M3	ctrl	42.9893646240234	24.6706057786942	1.74253380762744
54	mut_M1	mut	15.1444883346558	18.7154060602188	0.809199024906366
54	mut_M2	mut	31.7078323364258	20.0715624690056	1.5797391152477
54	mut_M3	mut	40.4250183105469	18.2173826098442	2.21903547706695
55	ctrl_M1	ctrl	7.73336744308472	8.83521020412445	0.87528958161908
55	ctrl_M2	ctrl	10.8451690673828	8.97827804088593	1.20793419606692
55	ctrl_M3	ctrl	16.5101375579834	9.00081664323807	1.8342932883081
55	mut_M1	mut	5.23238563537598	5.69541049003601	0.918702110151659
55	mut_M2	mut	6.51389980316162	6.46032676100731	1.00829262112215
55	mut_M3	mut	5.12648344039917	5.07541900873184	1.01006112629903
56	ctrl_M1	ctrl	16.4930419921875	6.77549374103546	2.43421994360325
56	ctrl_M2	ctrl	17.8750553131104	9.85831928253174	1.81319500827932
56	ctrl_M3	ctrl	21.553882598877	9.96504688262939	2.16294843895302
56	mut_M1	mut	13.2578649520874	6.21854639053345	2.13198778612796
56	mut_M2	mut	10.0679378509521	8.22122943401337	1.22462679478309
56	mut_M3	mut	10.4487266540527	6.07627129554749	1.71959515068217
57	ctrl_M1	ctrl	15.3383073806763	5.06803059577942	3.02648279066227
57	ctrl_M2	ctrl	29.916446685791	5.01839655637741	5.96135565408298
57	ctrl_M3	ctrl	27.8027076721191	4.62122654914856	6.01630484383884
57	mut_M1	mut	18.6568031311035	4.1617960780859	4.48287296663612
57	mut_M2	mut	14.7536468505859	4.79623478651047	3.07608937162145
57	mut_M3	mut	11.2109184265137	3.92567729949951	2.85579215284531
58	ctrl_M1	ctrl	8.91760444641113	2.29091376066208	3.89259718088817
58	ctrl_M2	ctrl	15.7888870239258	4.54748523235321	3.47200402358545
58	ctrl_M3	ctrl	17.3353061676025	3.23115909099579	5.36504259908171
58	mut_M1	mut	8.21437072753906	0.918253839015961	8.9456426736445
58	mut_M2	mut	11.3626756668091	1.86560261249542	6.09061950851924
58	mut_M3	mut	6.55266809463501	1.68567335605621	3.88727037245554
59	ctrl_M1	ctrl	16.5971698760986	2.80343759059906	5.92029226252617
59	ctrl_M2	ctrl	16.4892501831055	2.21064621210098	7.4590181336317
59	ctrl_M3	ctrl	24.359582901001	1.41775634884834	17.1817836829216
59	mut_M1	mut	9.85597229003906	1.67763301730156	5.87492746530001
59	mut_M2	mut	14.6412830352783	0.517711997032166	28.28074898633
59	mut_M3	mut	12.9830951690674	2.77830955386162	4.67301966083008
60	ctrl_M1	ctrl	40.2390670776367	14.2502584606409	2.82374296499791
60	ctrl_M2	ctrl	43.8790817260742	25.2655172348022	1.73671812527283
60	ctrl_M3	ctrl	55.3191070556641	23.8993290662766	2.31467196849985
60	mut_M1	mut	24.8188571929932	18.2979734539986	1.35637190945698
60	mut_M2	mut	34.7991218566895	18.0633949637413	1.92649952716761
60	mut_M3	mut	22.4180889129639	21.8347269296646	1.0267171641385
61	ctrl_M1	ctrl	30.1726760864258	11.6804855465889	2.58316967784248
61	ctrl_M2	ctrl	27.6591625213623	16.3829248547554	1.68829209476193
61	ctrl_M3	ctrl	45.906120300293	14.1985182762146	3.23316274326984
61	mut_M1	mut	24.3499164581299	14.0880509614944	1.72840916920894
61	mut_M2	mut	21.9952430725098	13.7514500617981	1.59948536144658
61	mut_M3	mut	25.1518592834473	8.78668642044067	2.86249651802025
62	ctrl_M1	ctrl	22.2296600341797	5.02127605676651	4.42709378709097
62	ctrl_M2	ctrl	30.0283050537109	7.3897465467453	4.06350946730865
62	ctrl_M3	ctrl	40.7841873168945	5.27749964594841	7.72793748043261
62	mut_M1	mut	31.8446388244629	2.54708969593048	12.5023625494389
62	mut_M2	mut	26.9561195373535	4.62612909078598	5.82692765557341
62	mut_M3	mut	20.3769512176514	2.8488304913044	7.15274260081418
63	ctrl_M1	ctrl	23.1952724456787	5.00593340396881	4.63355593729813
63	ctrl_M2	ctrl	27.4303398132324	13.1242780685425	2.09004561393591
63	ctrl_M3	ctrl	23.7334537506104	9.73689317703247	2.4374770595813
63	mut_M1	mut	14.4578685760498	7.54097628593445	1.91724095499635
63	mut_M2	mut	14.3486394882202	8.32433021068573	1.7236989793847
63	mut_M3	mut	13.4849462509155	9.26479804515839	1.45550352907719
64	ctrl_M1	ctrl	57.6119384765625	28.8986220359802	1.99358773594231
64	ctrl_M2	ctrl	87.5256652832031	40.5833106040955	2.15669111219257
64	ctrl_M3	ctrl	79.5717315673828	41.2574391365051	1.92866385390791
64	mut_M1	mut	35.3453559875488	23.5388641357422	1.50157440833686
64	mut_M2	mut	31.6328067779541	20.3020272254944	1.55811074562204
64	mut_M3	mut	39.6603927612305	23.3599026203156	1.69779786353813
65	ctrl_M1	ctrl	25.5099964141846	21.5585024356842	1.18329167298558
65	ctrl_M2	ctrl	33.7679786682129	31.0281767845154	1.08830044712987
65	ctrl_M3	ctrl	27.32395362854	29.3220273256302	0.931857586963517
65	mut_M1	mut	23.736629486084	24.2939431071281	0.977059565069919
65	mut_M2	mut	20.2705516815186	25.6902383565903	0.78903711986458
65	mut_M3	mut	14.1353302001953	21.1243930459023	0.669147282455877
66	ctrl_M1	ctrl	23.8261852264404	12.5115048885345	1.90434207864752
66	ctrl_M2	ctrl	28.2972850799561	18.0671391487122	1.56622943162383
66	ctrl_M3	ctrl	29.7781715393066	14.5403195619583	2.04797228922086
66	mut_M1	mut	18.2514839172363	14.3704442977905	1.27007095528998
66	mut_M2	mut	21.4515171051025	16.4256391525269	1.30597761864277
66	mut_M3	mut	18.445442199707	12.3603340387344	1.49230936169712
67	ctrl_M1	ctrl	24.629186630249	19.4210636615753	1.26816878104251
67	ctrl_M2	ctrl	35.4814872741699	27.8305410146713	1.27491187668487
67	ctrl_M3	ctrl	49.0384750366211	23.5583399534225	2.0815759995643
67	mut_M1	mut	30.1691799163818	17.8657211065292	1.68866287212757
67	mut_M2	mut	23.2448883056641	21.2179760932922	1.09552806561096
67	mut_M3	mut	17.8616809844971	20.9276220798492	0.853497875503768
68	ctrl_M1	ctrl	35.0678825378418	13.3445583581924	2.62787883994026
68	ctrl_M2	ctrl	37.5279350280762	18.126588344574	2.07032533175554
68	ctrl_M3	ctrl	49.1354141235352	18.5534883737564	2.64831136515742
68	mut_M1	mut	35.0778121948242	17.8258686065674	1.96780381192201
68	mut_M2	mut	35.3867149353027	15.409259557724	2.29645784099762
68	mut_M3	mut	24.0227661132812	14.160146355629	1.69650549577347
69	ctrl_M1	ctrl	9.91936874389648	2.91682177782059	3.40074557154058
69	ctrl_M2	ctrl	16.2445583343506	3.76356685161591	4.31626671580868
69	ctrl_M3	ctrl	18.2124328613281	2.89536112546921	6.2902111591958
69	mut_M1	mut	7.88048887252808	3.66562168300152	2.14983693191036
69	mut_M2	mut	6.98548889160156	3.65902644395828	1.90911134384827
69	mut_M3	mut	7.19958209991455	4.21553602814674	1.70786871511561
70	ctrl_M1	ctrl	24.0559616088867	9.7153337597847	2.47608185201656
70	ctrl_M2	ctrl	27.609691619873	13.0449649691582	2.11650178326656
70	ctrl_M3	ctrl	34.0871124267578	19.4026309251785	1.75682939897205
70	mut_M1	mut	17.0295238494873	8.77465611696243	1.94076253502029
70	mut_M2	mut	25.3509693145752	10.0568054318428	2.52077754575092
70	mut_M3	mut	12.7435817718506	12.8474522829056	0.991915088784319
71	ctrl_M1	ctrl	31.3818855285645	44.8458271026611	0.699772700294389
71	ctrl_M2	ctrl	41.0210342407227	54.6500012874603	0.750613600628315
71	ctrl_M3	ctrl	37.1323204040527	54.8808207511902	0.67659921801092
71	mut_M1	mut	26.0596294403076	50.9401073455811	0.511573901160384
71	mut_M2	mut	22.9915637969971	52.3074009418488	0.439547050379301
71	mut_M3	mut	25.4049949645996	47.0326409339905	0.540156675451313
72	ctrl_M1	ctrl	15.9849491119385	1.09912076592445	14.5433965106589
72	ctrl_M2	ctrl	10.9298276901245	0.867826282978058	12.5944879804947
72	ctrl_M3	ctrl	19.8409004211426	2.23370698094368	8.88249917756014
72	mut_M1	mut	8.35606956481934	1.00129726529121	8.34524356998926
72	mut_M2	mut	10.0880470275879	1.35505801439285	7.44473441021486
72	mut_M3	mut	12.3466091156006	0.582202017307281	21.2067439626959
73	ctrl_M1	ctrl	18.7057285308838	4.00389838218689	4.67187894031089
73	ctrl_M2	ctrl	20.6797370910645	11.8572841882706	1.74405342426736
73	ctrl_M3	ctrl	25.6402111053467	8.7398473918438	2.93371382311259
73	mut_M1	mut	15.0612325668335	7.42512756586075	2.02841398120647
73	mut_M2	mut	18.2880458831787	9.81889075040817	1.86253685350542
73	mut_M3	mut	13.0126066207886	5.99392610788345	2.17096547180885
74	ctrl_M1	ctrl	14.5523900985718	1.65654891729355	8.78476327903876
74	ctrl_M2	ctrl	15.6578025817871	2.90026295185089	5.39875274819292
74	ctrl_M3	ctrl	17.6407413482666	3.38572466373444	5.21032957500122
74	mut_M1	mut	8.05946445465088	3.69709181785583	2.17994706426443
74	mut_M2	mut	11.2392663955688	2.01212848722935	5.58575978964696
74	mut_M3	mut	6.58510112762451	2.45486596226692	2.68246870861477
75	ctrl_M1	ctrl	12.4586782455444	0.874766975641251	14.2422823362891
75	ctrl_M2	ctrl	21.0947113037109	7.30254274606705	2.88868029085786
75	ctrl_M3	ctrl	21.5991554260254	3.86873072385788	5.58300821838715
75	mut_M1	mut	8.35657978057861	1.71858787536621	4.86246871653154
75	mut_M2	mut	10.3997812271118	2.05935645103455	5.05001512578716
75	mut_M3	mut	8.09890365600586	3.36099982261658	2.40967095609686
76	ctrl_M1	ctrl	25.0677089691162	13.2023243904114	1.89873451278946
76	ctrl_M2	ctrl	36.6039695739746	19.0148022174835	1.92502499659546
76	ctrl_M3	ctrl	34.0870361328125	15.7050614356995	2.17044907925853
76	mut_M1	mut	20.8932571411133	12.0577523708344	1.73276548551872
76	mut_M2	mut	20.9371585845947	13.3729568719864	1.56563419631254
76	mut_M3	mut	13.696494102478	12.4143757820129	1.10327690598207
77	ctrl_M1	ctrl	23.5252742767334	13.4488105773926	1.74924571517717
77	ctrl_M2	ctrl	32.4341163635254	18.3520975112915	1.76732476184641
77	ctrl_M3	ctrl	34.6849555969238	17.5605573654175	1.97516256888463
77	mut_M1	mut	19.6032657623291	15.5989578962326	1.25670354986108
77	mut_M2	mut	21.8262481689453	16.8770730495453	1.29324842671895
77	mut_M3	mut	15.3520584106445	17.8625829219818	0.859453443978261
78	ctrl_M1	ctrl	26.3082885742188	4.51987278461456	5.82058164640628
78	ctrl_M2	ctrl	25.3579387664795	5.37851703166962	4.71467109189534
78	ctrl_M3	ctrl	42.3824920654297	5.7669463455677	7.34920866707969
78	mut_M1	mut	27.3203353881836	3.54369187355042	7.70956854124324
78	mut_M2	mut	17.6871929168701	5.65246513485909	3.1291113690896
78	mut_M3	mut	12.4030094146729	4.30255746841431	2.88270627544783
79	ctrl_M1	ctrl	25.0817050933838	36.4746646881104	0.687647311026815
79	ctrl_M2	ctrl	28.1439552307129	54.8229010105133	0.513361290846607
79	ctrl_M3	ctrl	39.4851570129395	53.3582845926285	0.740000495038298
79	mut_M1	mut	12.1679782867432	44.6550968289375	0.272488005867631
79	mut_M2	mut	20.747106552124	56.5714699029922	0.366741514542592
79	mut_M3	mut	21.9347591400146	42.2286763191223	0.519428053445331
80	ctrl_M1	ctrl	21.3089981079102	8.24416798353195	2.5847360401287
80	ctrl_M2	ctrl	27.7507801055908	9.05407339334488	3.06500498725676
80	ctrl_M3	ctrl	34.8765869140625	6.70898634195328	5.19848828666842
80	mut_M1	mut	16.6278305053711	6.38484472036362	2.6042654494539
80	mut_M2	mut	17.2122097015381	8.19151163101196	2.10122508236147
80	mut_M3	mut	24.6972141265869	7.53577697277069	3.27732816613686
81	ctrl_M1	ctrl	10.9065008163452	4.91419237852097	2.21938824861956
81	ctrl_M2	ctrl	19.0972003936768	3.57558190822601	5.34100487244932
81	ctrl_M3	ctrl	20.586540222168	6.79521656036377	3.02956352300064
81	mut_M1	mut	9.71726036071777	6.90349519252777	1.40758559102577
81	mut_M2	mut	8.88197231292725	6.38483816385269	1.39110375000762
81	mut_M3	mut	9.06196689605713	4.0378252863884	2.24426919277692
82	ctrl_M1	ctrl	19.5005378723145	4.70733267068863	4.14258758335466
82	ctrl_M2	ctrl	14.631555557251	7.31896334886551	1.99912950233847
82	ctrl_M3	ctrl	21.8460712432861	9.65801501274109	2.26196285825465
82	mut_M1	mut	12.171763420105	7.29914647340775	1.6675598255836
82	mut_M2	mut	19.2703819274902	6.9784642457962	2.7614072736847
82	mut_M3	mut	9.1400146484375	7.14855349063873	1.27858239578212
83	ctrl_M1	ctrl	14.0882806777954	4.81760793924332	2.92433109033945
83	ctrl_M2	ctrl	23.8263187408447	8.82304573059082	2.70046415584534
83	ctrl_M3	ctrl	21.2338771820068	7.33593386411667	2.89450226451348
83	mut_M1	mut	17.3709983825684	4.21162536740303	4.12453550997573
83	mut_M2	mut	10.429801940918	3.16776451468468	3.29248019938634
83	mut_M3	mut	9.83128547668457	4.83468949794769	2.03348849618117
84	ctrl_M1	ctrl	4.28889179229736	2.86545442044735	1.49675798773578
84	ctrl_M2	ctrl	11.8432130813599	2.75924748182297	4.292189504341
84	ctrl_M3	ctrl	5.94127321243286	2.39632937312126	2.47932245002458
84	mut_M1	mut	3.34223794937134	2.53791725635529	1.31692155881045
84	mut_M2	mut	11.8938159942627	1.25323374569416	9.49050090226765
84	mut_M3	mut	4.82148122787476	2.56566521525383	1.87923241084194
85	ctrl_M1	ctrl	24.4376544952393	5.38469502329826	4.53835442666734
85	ctrl_M2	ctrl	22.1684226989746	4.74541738629341	4.67154327941848
85	ctrl_M3	ctrl	24.2561912536621	3.74132990837097	6.48330723238026
85	mut_M1	mut	17.6168823242188	3.20441044867039	5.49769843982645
85	mut_M2	mut	15.5092010498047	4.41476434469223	3.51303033160786
85	mut_M3	mut	10.4332122802734	3.51777720451355	2.96585362679789
86	ctrl_M1	ctrl	46.4469413757324	26.5169870853424	1.75159195975951
86	ctrl_M2	ctrl	62.2465019226074	34.2969374656677	1.81492886893817
86	ctrl_M3	ctrl	56.3226509094238	34.3714194297791	1.63864780226756
86	mut_M1	mut	36.7621459960938	30.4138462543488	1.20873057911369
86	mut_M2	mut	35.2403335571289	26.064398765564	1.35204858834834
86	mut_M3	mut	29.2659473419189	24.8182263374329	1.17921188017283
87	ctrl_M1	ctrl	21.9465370178223	55.7261893749237	0.393828059373785
87	ctrl_M2	ctrl	20.7537937164307	62.5488691329956	0.33180126202286
87	ctrl_M3	ctrl	27.2251510620117	68.3089628219604	0.398558987536833
87	mut_M1	mut	24.093053817749	58.4369730949402	0.412291269409283
87	mut_M2	mut	25.3555603027344	60.4635260105133	0.419352988086166
87	mut_M3	mut	15.2055044174194	58.6366727352142	0.259317313007902
88	ctrl_M1	ctrl	20.9900951385498	4.84041285514832	4.33642661621818
88	ctrl_M2	ctrl	33.9857521057129	7.18791174888611	4.72818160448055
88	ctrl_M3	ctrl	32.9067344665527	6.62245446443558	4.96896349280634
88	mut_M1	mut	22.1224994659424	3.67187660932541	6.0248482777875
88	mut_M2	mut	19.3311634063721	4.89805108308792	3.94670514423973
88	mut_M3	mut	17.1256904602051	6.2421550154686	2.74355417604435
89	ctrl_M1	ctrl	17.1968307495117	14.1671565771103	1.21385195793604
89	ctrl_M2	ctrl	23.917064666748	17.5585205554962	1.36213438889425
89	ctrl_M3	ctrl	28.4753589630127	20.9269512891769	1.36070269240506
89	mut_M1	mut	15.5689220428467	13.5552361011505	1.14855410312811
89	mut_M2	mut	15.6777982711792	16.2423513233662	0.965241913504555
89	mut_M3	mut	7.50398015975952	13.8374339938164	0.54229564261068
90	ctrl_M1	ctrl	10.7673196792603	5.90826272964478	1.82241720992452
90	ctrl_M2	ctrl	18.4353694915771	9.28212869167328	1.98611440370515
90	ctrl_M3	ctrl	19.4844341278076	3.34627236425877	5.82272810065287
90	mut_M1	mut	14.2464141845703	4.95980507135391	2.87237380897338
90	mut_M2	mut	13.5767822265625	3.32380321621895	4.0847130059664
90	mut_M3	mut	7.02909088134766	7.11390197277069	0.988078119188645
91	ctrl_M1	ctrl	9.56623458862305	1.75618422031403	5.44717033553148
91	ctrl_M2	ctrl	10.0581188201904	5.22278654575348	1.92581464551111
91	ctrl_M3	ctrl	21.7866344451904	3.23755431175232	6.7293494864642
91	mut_M1	mut	5.29326677322388	0.705955594778061	7.49801660667904
91	mut_M2	mut	8.73584651947021	2.95821177959442	2.95308354179697
91	mut_M3	mut	8.65369129180908	0.435867086052895	19.8539682593948
92	ctrl_M1	ctrl	30.6440982818604	6.52263206243515	4.69811848783323
92	ctrl_M2	ctrl	49.0983848571777	8.91346406936646	5.50833934765247
92	ctrl_M3	ctrl	50.856201171875	9.78662174940109	5.19650217144514
92	mut_M1	mut	32.3346405029297	5.80075913667679	5.57420843394197
92	mut_M2	mut	28.823184967041	7.27491822838783	3.96199435679821
92	mut_M3	mut	37.3894844055176	5.91495764255524	6.32117534308589
93	ctrl_M1	ctrl	19.7051944732666	7.94281768798828	2.48088213116943
93	ctrl_M2	ctrl	25.9388828277588	10.4432134628296	2.48380279883034
93	ctrl_M3	ctrl	33.2517471313477	9.22359251976013	3.60507546925028
93	mut_M1	mut	19.0387783050537	12.3052730560303	1.54720486236782
93	mut_M2	mut	28.2651596069336	11.1498920917511	2.53501642655759
93	mut_M3	mut	16.2529354095459	7.02383422851562	2.31396910587121
94	ctrl_M1	ctrl	13.3703737258911	1.62996524572372	8.20285816582212
94	ctrl_M2	ctrl	17.3206996917725	1.26082703471184	13.737570035315
94	ctrl_M3	ctrl	21.5235366821289	2.95730608701706	7.27808892580308
94	mut_M1	mut	11.1482172012329	3.11569440364838	3.57808429099424
94	mut_M2	mut	8.76020431518555	2.25913280248642	3.8776845281269
94	mut_M3	mut	10.1174440383911	1.90437482297421	5.3127377637717
95	ctrl_M1	ctrl	12.8371229171753	2.68006655573845	4.78985228545499
95	ctrl_M2	ctrl	14.9893102645874	4.95590668916702	3.02453440000235
95	ctrl_M3	ctrl	16.1044502258301	5.46103203296661	2.94897560179328
95	mut_M1	mut	8.07412147521973	2.82043832540512	2.86271867833167
95	mut_M2	mut	7.48497009277344	2.92127048969269	2.56223109745679
95	mut_M3	mut	9.7610445022583	1.77658419311047	5.49427634227035
96	ctrl_M1	ctrl	21.4860706329346	14.8944133520126	1.44255904043587
96	ctrl_M2	ctrl	20.8390235900879	20.2919536828995	1.02695994263231
96	ctrl_M3	ctrl	19.8620319366455	17.7921752929688	1.11633522093809
96	mut_M1	mut	12.4773120880127	15.6112238168716	0.799252655293302
96	mut_M2	mut	16.5263423919678	15.6173862218857	1.05820155544391
96	mut_M3	mut	15.6449851989746	15.4831662774086	1.01045128100201
97	ctrl_M1	ctrl	15.6927995681763	2.1818400323391	7.19246110419581
97	ctrl_M2	ctrl	19.9482192993164	3.47880771756172	5.73421152270468
97	ctrl_M3	ctrl	23.290994644165	4.33899435400963	5.36783243855619
97	mut_M1	mut	8.81662082672119	3.12190434336662	2.82411626270825
97	mut_M2	mut	14.0016145706177	4.35286247730255	3.21664528655048
97	mut_M3	mut	12.3324747085571	2.60430037975311	4.73542714367159
98	ctrl_M1	ctrl	13.1274585723877	2.91821104288101	4.4984610021308
98	ctrl_M2	ctrl	16.7604751586914	5.49318152666092	3.05114168853608
98	ctrl_M3	ctrl	22.3962879180908	5.03703320026398	4.44632525291219
98	mut_M1	mut	7.68570423126221	3.46230012178421	2.21982611585433
98	mut_M2	mut	10.0046539306641	3.33472603559494	3.00014268754739
98	mut_M3	mut	7.818678855896	1.02224984765053	7.64850087663592
99	ctrl_M1	ctrl	15.1008186340332	2.73054330050945	5.53033479865189
99	ctrl_M2	ctrl	27.6127700805664	2.8940187394619	9.54132387052221
99	ctrl_M3	ctrl	26.6616630554199	2.71818178892136	9.80863868784874
99	mut_M1	mut	19.8404407501221	2.06846231222153	9.59187925875887
99	mut_M2	mut	13.3381519317627	1.7511207908392	7.61692283110328
99	mut_M3	mut	15.178074836731	1.9637023806572	7.72931529046234
100	ctrl_M1	ctrl	13.7652835845947	2.40464752912521	5.72444959931504
100	ctrl_M2	ctrl	21.1254196166992	3.61225718259811	5.84826011793124
100	ctrl_M3	ctrl	18.5961360931396	7.19374805688858	2.58504133673856
100	mut_M1	mut	7.58423709869385	5.46066355705261	1.38888562158322
100	mut_M2	mut	11.4870557785034	3.52945870161057	3.25462252136897
100	mut_M3	mut	4.77667617797852	2.18624575436115	2.18487613684323
101	ctrl_M1	ctrl	8.60601234436035	3.99856328964233	2.15227613544418
101	ctrl_M2	ctrl	8.42328548431396	3.00063174962997	2.80717068509079
101	ctrl_M3	ctrl	13.9247417449951	4.08950352668762	3.40499565634896
101	mut_M1	mut	5.03386402130127	2.90710216760635	1.73157451340833
101	mut_M2	mut	5.78971338272095	4.36757379770279	1.32561317813706
101	mut_M3	mut	2.75875878334045	3.44567009806633	0.800645071879817
102	ctrl_M1	ctrl	23.5965938568115	6.48300921916962	3.63975941712974
102	ctrl_M2	ctrl	21.321533203125	9.48590111732483	2.24770772322134
102	ctrl_M3	ctrl	21.7114582061768	6.98922961950302	3.10641649912206
102	mut_M1	mut	7.82046365737915	4.90924417972565	1.59300767512774
102	mut_M2	mut	14.2079172134399	3.6216484606266	3.92305254579616
102	mut_M3	mut	14.6821355819702	6.19230037927628	2.37103090656048
103	ctrl_M1	ctrl	10.434757232666	2.93838250637054	3.55119090521503
103	ctrl_M2	ctrl	13.1034755706787	2.97284615039825	4.40772071872045
103	ctrl_M3	ctrl	20.5841674804688	3.07605040073395	6.69175234435605
103	mut_M1	mut	12.1052007675171	4.82250398397446	2.51014842242611
103	mut_M2	mut	7.5462851524353	3.32788290083408	2.26759335508588
103	mut_M3	mut	5.24555587768555	2.96211439371109	1.77088227545245
104	ctrl_M1	ctrl	12.5250053405762	2.67535656690598	4.68162094560024
104	ctrl_M2	ctrl	10.1321954727173	2.66410964727402	3.8032201426412
104	ctrl_M3	ctrl	17.19482421875	3.45133310556412	4.98208190656217
104	mut_M1	mut	10.2227802276611	2.09618954360485	4.8768396249515
104	mut_M2	mut	6.20296573638916	3.36620789766312	1.84271617350057
104	mut_M3	mut	8.18046283721924	1.64775198698044	4.96462022310179
105	ctrl_M1	ctrl	41.5227012634277	18.6068320274353	2.23158360338845
105	ctrl_M2	ctrl	47.3791961669922	29.6541543006897	1.59772542108511
105	ctrl_M3	ctrl	48.557918548584	21.4008877277374	2.26896749173861
105	mut_M1	mut	35.9523468017578	17.7703895568848	2.02316030758194
105	mut_M2	mut	34.4484786987305	18.1542556285858	1.8975428904112
105	mut_M3	mut	32.8008232116699	15.5446528196335	2.11010329997472
106	ctrl_M1	ctrl	13.0357160568237	4.99760192632675	2.60839423567395
106	ctrl_M2	ctrl	17.4619731903076	5.87934935092926	2.97005198161046
106	ctrl_M3	ctrl	23.9562187194824	7.4817910194397	3.20193636219426
106	mut_M1	mut	5.56399536132812	5.69129806756973	0.97763204373937
106	mut_M2	mut	12.9737024307251	5.14439338445663	2.52191103229471
106	mut_M3	mut	9.87373828887939	3.56242781877518	2.77163181716736
107	ctrl_M1	ctrl	10.4992208480835	8.49518746137619	1.23590219707555
107	ctrl_M2	ctrl	24.3335132598877	13.3234819173813	1.8263629140475
107	ctrl_M3	ctrl	28.4108123779297	13.1880676746368	2.1542816642175
107	mut_M1	mut	19.9239673614502	10.9234290122986	1.82396638812025
107	mut_M2	mut	14.8997707366943	8.34349191188812	1.78579555107671
107	mut_M3	mut	10.313304901123	6.57110047340393	1.56949432486467
108	ctrl_M1	ctrl	11.1971788406372	2.90150499343872	3.8590934242601
108	ctrl_M2	ctrl	14.5328369140625	6.70673263072968	2.16690268037141
108	ctrl_M3	ctrl	18.2061195373535	5.36469528079033	3.39369126938956
108	mut_M1	mut	11.1313352584839	3.6807481944561	3.02420450147874
108	mut_M2	mut	10.8859176635742	4.08709609508514	2.66348463806977
108	mut_M3	mut	11.7685203552246	5.19349002838135	2.26601385405808
109	ctrl_M1	ctrl	13.5155715942383	4.35082548856735	3.10643845168074
109	ctrl_M2	ctrl	20.6716136932373	4.11538735032082	5.02300559669695
109	ctrl_M3	ctrl	14.5798616409302	3.29501539468765	4.42482352720912
109	mut_M1	mut	10.143217086792	3.28751796483994	3.08537236762624
109	mut_M2	mut	10.2322473526001	2.471027135849	4.14088829869709
109	mut_M3	mut	11.0749855041504	1.90615318715572	5.81012354032049
110	ctrl_M1	ctrl	32.7891273498535	22.8235981464386	1.43663269653957
110	ctrl_M2	ctrl	39.5130424499512	26.3555958271027	1.49922781898629
110	ctrl_M3	ctrl	46.0253524780273	27.6067891120911	1.66717513909901
110	mut_M1	mut	35.1877746582031	21.365443944931	1.64694797584824
110	mut_M2	mut	33.8702087402344	23.7181346416473	1.42803003912292
110	mut_M3	mut	23.3261070251465	16.9397720098495	1.37700241842592
111	ctrl_M1	ctrl	24.4334144592285	32.2091770172119	0.758585494009108
111	ctrl_M2	ctrl	28.8386611938477	36.52973985672	0.789457064489402
111	ctrl_M3	ctrl	38.9762763977051	34.5671362876892	1.12755294720744
111	mut_M1	mut	33.29443359375	39.4641525745392	0.843662702014545
111	mut_M2	mut	26.4147338867188	32.5814399719238	0.810729480019328
111	mut_M3	mut	25.3651428222656	30.5145001411438	0.831248839238395
112	ctrl_M1	ctrl	22.6477870941162	16.5236097574234	1.37063192768405
112	ctrl_M2	ctrl	31.4844856262207	19.0317727327347	1.65431176950045
112	ctrl_M3	ctrl	25.783618927002	18.8288936913013	1.36936451762504
112	mut_M1	mut	35.2313117980957	20.7956320047379	1.69416884228712
112	mut_M2	mut	18.6650466918945	13.0265319347382	1.43284849608513
112	mut_M3	mut	19.1505584716797	14.1237896084785	1.35590793990471
113	ctrl_M1	ctrl	19.2939891815186	21.2654531002045	0.907292644581979
113	ctrl_M2	ctrl	32.7288284301758	47.1193904876709	0.694593628895507
113	ctrl_M3	ctrl	37.7831993103027	35.0052728652954	1.07935737155077
113	mut_M1	mut	46.8135108947754	33.7258529663086	1.3880601015945
113	mut_M2	mut	39.100959777832	38.178186416626	1.02417017275614
113	mut_M3	mut	29.9376697540283	32.8095636367798	0.912467781816761
114	ctrl_M1	ctrl	25.8066596984863	9.73324847221375	2.65139226355503
114	ctrl_M2	ctrl	34.2481842041016	13.4801831245422	2.54063196973554
114	ctrl_M3	ctrl	33.131763458252	11.577192902565	2.86181319920059
114	mut_M1	mut	24.8468818664551	11.9407328367233	2.0808506652154
114	mut_M2	mut	24.7680549621582	10.9109755754471	2.27001286831708
114	mut_M3	mut	18.4405975341797	8.4060235619545	2.19373612246835
115	ctrl_M1	ctrl	29.312967300415	15.7968427836895	1.85562189241265
115	ctrl_M2	ctrl	42.777946472168	21.4667069911957	1.99275773828342
115	ctrl_M3	ctrl	36.729419708252	18.1254962086678	2.02639526584037
115	mut_M1	mut	24.8972587585449	13.2425922751427	1.8800895052307
115	mut_M2	mut	31.9427261352539	14.4078347682953	2.21703862162165
115	mut_M3	mut	27.2150402069092	12.4872324466705	2.1794292949328
116	ctrl_M1	ctrl	26.5028514862061	39.3554474115372	0.673422695696166
116	ctrl_M2	ctrl	43.8569412231445	42.3631428480148	1.03526174581732
116	ctrl_M3	ctrl	38.0093421936035	46.5733797550201	0.816117326969523
116	mut_M1	mut	27.539966583252	38.8927246928215	0.708100725798084
116	mut_M2	mut	35.5565338134766	43.7117029428482	0.813432820495823
116	mut_M3	mut	24.4667224884033	37.8274838328362	0.646797513588915
117	ctrl_M1	ctrl	15.0301055908203	7.919438123703	1.89787524771928
117	ctrl_M2	ctrl	31.1982116699219	8.47222203016281	3.68241195271441
117	ctrl_M3	ctrl	16.2684669494629	7.28538817167282	2.23302678815636
117	mut_M1	mut	19.7028369903564	6.00768530368805	3.27960537118366
117	mut_M2	mut	12.8540687561035	8.61460256576538	1.49212556911051
117	mut_M3	mut	10.8141117095947	3.57035997509956	3.02885753397825
118	ctrl_M1	ctrl	43.3211517333984	22.6485705375671	1.91275434630816
118	ctrl_M2	ctrl	58.4540824890137	31.2543179988861	1.8702722129818
118	ctrl_M3	ctrl	49.2027854919434	25.6302846670151	1.91971279801137
118	mut_M1	mut	34.019645690918	26.8750983476639	1.26584264923723
118	mut_M2	mut	39.7643737792969	25.2755093574524	1.57323728740495
118	mut_M3	mut	36.8102188110352	21.4141585826874	1.71896638707042
119	ctrl_M1	ctrl	13.0495910644531	5.58745908737183	2.33551438326348
119	ctrl_M2	ctrl	10.5567865371704	7.0251202583313	1.50271969005097
119	ctrl_M3	ctrl	11.3556756973267	5.93697518110275	1.91270391924014
119	mut_M1	mut	6.84917402267456	3.79951059818268	1.80264637923383
119	mut_M2	mut	10.9749126434326	6.60696935653687	1.66111147958847
119	mut_M3	mut	5.03520441055298	4.72474348545074	1.06570958318864
120	ctrl_M1	ctrl	25.7394161224365	23.1802589893341	1.11040243917378
120	ctrl_M2	ctrl	35.6644325256348	32.4157185554504	1.10022032874659
120	ctrl_M3	ctrl	36.8738212585449	27.4019875526428	1.34566228773389
120	mut_M1	mut	22.5082454681396	30.5803723335266	0.73603569056165
120	mut_M2	mut	27.5896492004395	27.4769625663757	1.00410113140386
120	mut_M3	mut	24.8962306976318	23.2979662418365	1.06860102891407
121	ctrl_M1	ctrl	15.4386558532715	10.2511138021946	1.50604667465172
121	ctrl_M2	ctrl	21.6853828430176	14.9832136631012	1.44731186050037
121	ctrl_M3	ctrl	18.6663780212402	11.828485250473	1.57808693386956
121	mut_M1	mut	11.9316377639771	12.0407736301422	0.99093614168678
121	mut_M2	mut	10.6642189025879	9.04446160793304	1.17908830451932
121	mut_M3	mut	23.8246364593506	11.021973490715	2.16155813470433
122	ctrl_M1	ctrl	43.4345703125	18.6667829155922	2.32683749036474
122	ctrl_M2	ctrl	65.1160125732422	24.4819865226746	2.65975199818583
122	ctrl_M3	ctrl	50.9343338012695	29.7887767553329	1.70984979408901
122	mut_M1	mut	43.5613594055176	23.2008948326111	1.87757238329825
122	mut_M2	mut	39.7393379211426	24.6400005817413	1.61279776716361
122	mut_M3	mut	35.5485153198242	17.4935531616211	2.03209233661082
123	ctrl_M1	ctrl	13.2607955932617	3.36010503768921	3.94654198143203
123	ctrl_M2	ctrl	13.8733129501343	7.17420601844788	1.93377677118
123	ctrl_M3	ctrl	12.4713611602783	3.05072194337845	4.08800323062783
123	mut_M1	mut	12.4430131912231	4.30624312162399	2.88952872371279
123	mut_M2	mut	9.62109756469727	4.35687410831451	2.20825695797285
123	mut_M3	mut	12.7411994934082	3.26596647500992	3.90120339290057
124	ctrl_M1	ctrl	43.607177734375	18.4107786417007	2.36856781470415
124	ctrl_M2	ctrl	49.6829986572266	32.501793384552	1.52862329993276
124	ctrl_M3	ctrl	60.545539855957	27.3623147010803	2.21273457736989
124	mut_M1	mut	42.4004402160645	22.2981717586517	1.90152092624423
124	mut_M2	mut	44.8134689331055	19.8622689247131	2.25621096476785
124	mut_M3	mut	29.8402214050293	20.1078479290009	1.48400870696818
125	ctrl_M1	ctrl	62.3128890991211	30.7464437484741	2.02666980314475
125	ctrl_M2	ctrl	67.4214706420898	37.9431524276733	1.77690746098674
125	ctrl_M3	ctrl	66.6759948730469	37.9407072067261	1.75737353839379
125	mut_M1	mut	46.5580368041992	29.4180121421814	1.58263707891538
125	mut_M2	mut	52.4951133728027	30.9255547523499	1.69746715275379
125	mut_M3	mut	41.7780456542969	23.9712462425232	1.74283995215008
126	ctrl_M1	ctrl	39.6425018310547	17.3512651920319	2.28470381798208
126	ctrl_M2	ctrl	41.8661575317383	22.2190194129944	1.88424865893288
126	ctrl_M3	ctrl	51.3969879150391	21.9081568717957	2.34602062673775
126	mut_M1	mut	33.088996887207	18.59934425354	1.77904104769227
126	mut_M2	mut	30.4263648986816	17.6968344449997	1.71931115665032
126	mut_M3	mut	24.327465057373	15.3643623590469	1.58336965042018
127	ctrl_M1	ctrl	74.7434768676758	21.7717362642288	3.43305081232681
127	ctrl_M2	ctrl	74.2394180297852	28.3120129108429	2.62218791237387
127	ctrl_M3	ctrl	69.6628570556641	29.7214004993439	2.34386185998207
127	mut_M1	mut	51.5967254638672	22.1739785671234	2.32690427239647
127	mut_M2	mut	52.8912315368652	23.9286658763885	2.21037110092524
127	mut_M3	mut	45.9991836547852	19.5916432142258	2.34789819066246
128	ctrl_M1	ctrl	22.011604309082	45.4807817935944	0.483975944146637
128	ctrl_M2	ctrl	29.3668098449707	38.214502453804	0.76847290843237
128	ctrl_M3	ctrl	37.6389427185059	43.1971215009689	0.871329880572288
128	mut_M1	mut	15.3159732818604	41.4189963340759	0.369781371772635
128	mut_M2	mut	22.7745399475098	38.1423296928406	0.597093573751595
128	mut_M3	mut	13.6391324996948	32.1603815555573	0.42409734710806
129	ctrl_M1	ctrl	39.0697479248047	23.2757079601288	1.67856324678635
129	ctrl_M2	ctrl	36.6771354675293	25.7876484394073	1.42227530182555
129	ctrl_M3	ctrl	41.3981437683105	25.7470786571503	1.60787731763944
129	mut_M1	mut	19.7831649780273	15.3950416445732	1.28503484659302
129	mut_M2	mut	26.3019771575928	21.3330336213112	1.23292250059165
129	mut_M3	mut	30.2682876586914	16.4044596552849	1.84512555090104
130	ctrl_M1	ctrl	43.6711730957031	8.54573166370392	5.1102907058487
130	ctrl_M2	ctrl	54.6668663024902	11.535255074501	4.73911204818805
130	ctrl_M3	ctrl	49.5410232543945	12.2131471633911	4.05636832109038
130	mut_M1	mut	42.0714149475098	9.67129004001617	4.35013475693873
130	mut_M2	mut	42.5723686218262	8.31232523918152	5.12159563020396
130	mut_M3	mut	41.9548645019531	5.84861171245575	7.17347407635253
131	ctrl_M1	ctrl	35.22705078125	40.4353866577148	0.871193617596553
131	ctrl_M2	ctrl	51.4346694946289	51.0548412799835	1.00743961209403
131	ctrl_M3	ctrl	51.2055702209473	47.8347209692001	1.07046867178169
131	mut_M1	mut	36.9835929870605	41.7353501915932	0.886145505363705
131	mut_M2	mut	38.1120796203613	44.9511429071426	0.847855630703116
131	mut_M3	mut	31.7523097991943	36.8895966410637	0.860738871941181
132	ctrl_M1	ctrl	27.4533615112305	2.31392434239388	11.8644162249612
132	ctrl_M2	ctrl	26.3402538299561	4.26625311374664	6.17409542464393
132	ctrl_M3	ctrl	19.2545413970947	4.83412301540375	3.9830474598476
132	mut_M1	mut	9.19718456268311	4.64063701033592	1.98187975965337
132	mut_M2	mut	9.7950611114502	4.26663203537464	2.29573608181801
132	mut_M3	mut	19.0640258789062	2.89617410302162	6.58248613542137
133	ctrl_M1	ctrl	49.8460006713867	7.11246401071548	7.00826051229079
133	ctrl_M2	ctrl	67.5870590209961	9.03852784633636	7.47766231072591
133	ctrl_M3	ctrl	62.5384063720703	9.57732510566711	6.52984060602317
133	mut_M1	mut	45.1468887329102	8.65830910205841	5.21428470625714
133	mut_M2	mut	38.4610176086426	8.30980002880096	4.62839267796342
133	mut_M3	mut	32.3648872375488	6.0231631398201	5.37340372263526
134	ctrl_M1	ctrl	37.2391357421875	5.91556435823441	6.29511125009586
134	ctrl_M2	ctrl	40.4855461120605	13.7736467123032	2.93934837720916
134	ctrl_M3	ctrl	48.9746208190918	11.0379170775414	4.4369440787646
134	mut_M1	mut	25.566858291626	8.42231106758118	3.03561078265524
134	mut_M2	mut	26.886079788208	6.50564581155777	4.13273033408042
134	mut_M3	mut	26.1720638275146	4.63705140352249	5.64411768384394
135	ctrl_M1	ctrl	29.8313789367676	11.3008768558502	2.63974020045396
135	ctrl_M2	ctrl	36.3486862182617	16.3294493556023	2.22595908941604
135	ctrl_M3	ctrl	40.284049987793	17.4070856869221	2.31423287690589
135	mut_M1	mut	21.4206142425537	12.8119632303715	1.67192286282675
135	mut_M2	mut	26.2170257568359	13.5859297513962	1.92971892513589
135	mut_M3	mut	20.279411315918	11.5158879756927	1.76099414641085
136	ctrl_M1	ctrl	24.6713161468506	7.90685719251633	3.12024304298824
136	ctrl_M2	ctrl	26.4165534973145	11.8851808905602	2.22264631397372
136	ctrl_M3	ctrl	26.5169067382812	10.5551003813744	2.5122363388484
136	mut_M1	mut	18.926643371582	9.07164198160172	2.08635254896163
136	mut_M2	mut	17.4216804504395	8.93017837405205	1.95087709569841
136	mut_M3	mut	16.2057666778564	6.82006725668907	2.37618868962941
137	ctrl_M1	ctrl	26.2473430633545	4.15066879987717	6.32364188251572
137	ctrl_M2	ctrl	44.9021759033203	5.64946717023849	7.94803731931851
137	ctrl_M3	ctrl	34.1551170349121	5.58464550971985	6.1158970565753
137	mut_M1	mut	28.2427349090576	5.51984739303589	5.11657893743404
137	mut_M2	mut	21.9075183868408	6.23510241508484	3.51357795404275
137	mut_M3	mut	25.2634563446045	4.0636328458786	6.21696331897383
138	ctrl_M1	ctrl	25.1805381774902	3.79364982247353	6.63754941964361
138	ctrl_M2	ctrl	24.9768695831299	6.040243268013	4.13507676344736
138	ctrl_M3	ctrl	34.4888687133789	3.56364719569683	9.67796945641107
138	mut_M1	mut	20.9006633758545	4.05808547139168	5.15037534896643
138	mut_M2	mut	23.3476676940918	5.00101016461849	4.66859032986447
138	mut_M3	mut	12.9335737228394	3.20630821585655	4.0337899079313
139	ctrl_M1	ctrl	23.6147365570068	5.06565552949905	4.66173359390312
139	ctrl_M2	ctrl	29.5993194580078	7.82658851146698	3.78189289172938
139	ctrl_M3	ctrl	31.5032825469971	6.13877367973328	5.13185274300027
139	mut_M1	mut	19.9688453674316	9.31487655639648	2.14375845418146
139	mut_M2	mut	26.9453239440918	5.46548141539097	4.93009158684776
139	mut_M3	mut	19.3371353149414	4.19573728740215	4.60875741028921
140	ctrl_M1	ctrl	36.7121696472168	5.80162000656128	6.32791696210672
140	ctrl_M2	ctrl	31.7162265777588	6.77623295783997	4.68051006733229
140	ctrl_M3	ctrl	44.3521614074707	9.5611891746521	4.63877040787497
140	mut_M1	mut	33.6021041870117	6.65636521577835	5.04811606601164
140	mut_M2	mut	32.9343872070312	7.98754620552063	4.1232171131941
140	mut_M3	mut	23.2228088378906	7.90918242931366	2.93618323327837
141	ctrl_M1	ctrl	82.2695465087891	11.7472971081734	7.00327451934017
141	ctrl_M2	ctrl	114.117828369141	16.283695936203	7.00810361580298
141	ctrl_M3	ctrl	107.101135253906	14.0209405422211	7.63865554749298
141	mut_M1	mut	60.2917442321777	8.26831769943237	7.29189980645238
141	mut_M2	mut	92.4740295410156	12.7989462614059	7.22512835450076
141	mut_M3	mut	66.5390167236328	9.64503169059753	6.89878673892782
142	ctrl_M1	ctrl	86.3594589233398	5.1789126098156	16.6752106918473
142	ctrl_M2	ctrl	116.627891540527	8.72363770008087	13.3691810171628
142	ctrl_M3	ctrl	100.20166015625	8.02841776609421	12.4808727043856
142	mut_M1	mut	84.9684829711914	5.67598029971123	14.9698340171326
142	mut_M2	mut	89.1566543579102	4.67975628376007	19.0515593017752
142	mut_M3	mut	61.3224449157715	5.18562358617783	11.8254716904685
143	ctrl_M1	ctrl	105.898590087891	16.2880167961121	6.50162579112569
143	ctrl_M2	ctrl	110.739692687988	23.6614129543304	4.68018088783329
143	ctrl_M3	ctrl	129.669372558594	19.1600682735443	6.76768843969296
143	mut_M1	mut	87.0970001220703	20.9482760429382	4.15771684235711
143	mut_M2	mut	91.1274566650391	18.9269137382507	4.81470238229454
143	mut_M3	mut	73.5136413574219	18.5333099365234	3.96656839006125
144	ctrl_M1	ctrl	58.0936737060547	10.8119702339172	5.37308857212854
144	ctrl_M2	ctrl	80.1813125610352	19.9732983112335	4.01442522469807
144	ctrl_M3	ctrl	77.8170623779297	10.6895644664764	7.27972244537856
144	mut_M1	mut	42.6833724975586	7.80950331687927	5.46556813738766
144	mut_M2	mut	54.651123046875	9.18750393390656	5.94841900912658
144	mut_M3	mut	44.1566925048828	9.06145113706589	4.87302660875803
145	ctrl_M1	ctrl	68.2054977416992	13.9022302627563	4.9060831573492
145	ctrl_M2	ctrl	82.7016372680664	13.0623424053192	6.3313022046022
145	ctrl_M3	ctrl	73.8237686157227	16.1140775680542	4.58132141315223
145	mut_M1	mut	62.1956558227539	10.9147796630859	5.6982969645371
145	mut_M2	mut	65.233154296875	13.108012676239	4.97658614681718
145	mut_M3	mut	48.3320541381836	12.2194989919662	3.9553220774403
146	ctrl_M1	ctrl	38.8335075378418	23.1149961948395	1.68001358124868
146	ctrl_M2	ctrl	65.8073577880859	32.4381494522095	2.02870258937054
146	ctrl_M3	ctrl	55.657169342041	35.1103539466858	1.58520672923306
146	mut_M1	mut	37.1892280578613	27.2075560092926	1.36687132225914
146	mut_M2	mut	31.9598598480225	25.4575750827789	1.2554165015364
146	mut_M3	mut	30.3697891235352	23.7446374893188	1.27901675219074
147	ctrl_M1	ctrl	48.157054901123	3.70883268117905	12.9844236828214
147	ctrl_M2	ctrl	65.0577697753906	4.90336039662361	13.2679967436594
147	ctrl_M3	ctrl	75.4782333374023	3.81985586881638	19.7594453637828
147	mut_M1	mut	40.7406425476074	2.45148560404778	16.6187565940989
147	mut_M2	mut	44.6193733215332	3.97379419207573	11.2284056910924
147	mut_M3	mut	43.91943359375	2.60742010176182	16.8440189458054
148	ctrl_M1	ctrl	46.195369720459	47.0092688798904	0.982686411024367
148	ctrl_M2	ctrl	45.7395057678223	58.5769947767258	0.780844185369438
148	ctrl_M3	ctrl	47.0331993103027	55.6424739360809	0.845275128570522
148	mut_M1	mut	30.1243114471436	52.7361870408058	0.571226573962092
148	mut_M2	mut	50.3800430297852	55.5847433805466	0.906364587938658
148	mut_M3	mut	40.5352745056152	47.9288920164108	0.84573777528043
149	ctrl_M1	ctrl	93.2618408203125	31.9164083003998	2.92206566423529
149	ctrl_M2	ctrl	75.2014770507812	38.8391509056091	1.93622865838503
149	ctrl_M3	ctrl	79.8291015625	40.3352718353271	1.97913880160298
149	mut_M1	mut	59.2052764892578	34.7711939811707	1.70271048274381
149	mut_M2	mut	66.1353912353516	30.9628171920776	2.13596168672512
149	mut_M3	mut	58.6373481750488	29.9105248451233	1.96042525093334
150	ctrl_M1	ctrl	41.5779228210449	3.60344475507736	11.5383822001046
150	ctrl_M2	ctrl	42.6729621887207	4.44779205322266	9.59419003363746
150	ctrl_M3	ctrl	52.1838722229004	5.58204740285873	9.34851828670883
150	mut_M1	mut	31.4956130981445	2.98253852128983	10.5600021167619
150	mut_M2	mut	38.9744415283203	5.56594634056091	7.00230277900822
150	mut_M3	mut	20.1682872772217	2.99582517147064	6.73213092315435
151	ctrl_M1	ctrl	15.2549867630005	4.57362297177315	3.33542726568174
151	ctrl_M2	ctrl	33.8413009643555	5.69009274244308	5.94740762517439
151	ctrl_M3	ctrl	30.0825366973877	5.77823036909103	5.20618507325452
151	mut_M1	mut	11.0664205551147	2.73930406570435	4.03986570664593
151	mut_M2	mut	12.1794166564941	6.08465349674225	2.00166150184477
151	mut_M3	mut	9.35757923126221	2.06840705871582	4.52405110098198
152	ctrl_M1	ctrl	23.6598720550537	5.04808527231216	4.68690023617942
152	ctrl_M2	ctrl	39.930046081543	4.66461986303329	8.56019295333905
152	ctrl_M3	ctrl	31.1221084594727	5.89699709415436	5.27761977198933
152	mut_M1	mut	23.4087772369385	6.77342069149017	3.45597568837681
152	mut_M2	mut	17.8719234466553	5.49361729621887	3.25321595644387
152	mut_M3	mut	15.3091249465942	4.01360291242599	3.81430980608412
153	ctrl_M1	ctrl	38.4534187316895	29.8424544334412	1.28854745568779
153	ctrl_M2	ctrl	30.1886310577393	33.1435270309448	0.910845457985003
153	ctrl_M3	ctrl	39.5948257446289	37.9289828538895	1.04392005177562
153	mut_M1	mut	14.7267074584961	25.7497121095657	0.571917363418804
153	mut_M2	mut	20.0996017456055	32.5034413337708	0.618383805554835
153	mut_M3	mut	20.7360515594482	32.8546923398972	0.631144292721542
154	ctrl_M1	ctrl	32.5776748657227	3.3749560713768	9.65277004403578
154	ctrl_M2	ctrl	39.9228134155273	4.57993195950985	8.71690098640678
154	ctrl_M3	ctrl	51.2154922485352	5.1148094534874	10.0131769744844
154	mut_M1	mut	20.7435894012451	3.06965956091881	6.75761887909035
154	mut_M2	mut	32.8812294006348	5.22363245487213	6.29470577891944
154	mut_M3	mut	16.9960651397705	2.73419910669327	6.21610368395062
155	ctrl_M1	ctrl	30.1389827728271	11.0611308813095	2.72476504402948
155	ctrl_M2	ctrl	45.0868530273438	15.0549159049988	2.99482596328375
155	ctrl_M3	ctrl	44.1066665649414	14.9586279392242	2.94857701816927
155	mut_M1	mut	42.103214263916	11.0893607139587	3.79672150180114
155	mut_M2	mut	35.712516784668	14.9696567058563	2.38566037193737
155	mut_M3	mut	25.5989284515381	9.34396421909332	2.73962184050637
156	ctrl_M1	ctrl	33.1771659851074	13.2922232151031	2.49598321125169
156	ctrl_M2	ctrl	32.6702575683594	13.5493550300598	2.4112038909512
156	ctrl_M3	ctrl	44.9417953491211	18.037299156189	2.49160336921621
156	mut_M1	mut	11.9553470611572	13.6572852134705	0.875382396595586
156	mut_M2	mut	14.9727935791016	11.046818614006	1.35539417295382
156	mut_M3	mut	14.6886367797852	9.04671573638916	1.62364301120927
157	ctrl_M1	ctrl	16.1080894470215	12.3234372586012	1.307110111327
157	ctrl_M2	ctrl	18.9965209960938	22.4318447709084	0.846855048708707
157	ctrl_M3	ctrl	21.1250610351562	16.9718046784401	1.24471506922256
157	mut_M1	mut	14.5598182678223	13.5428207218647	1.0750949574571
157	mut_M2	mut	10.6482458114624	16.5438385754824	0.643638159480284
157	mut_M3	mut	16.4820022583008	13.9852349758148	1.17852880461456
158	ctrl_M1	ctrl	105.892364501953	19.607789516449	5.40052535820624
158	ctrl_M2	ctrl	113.868827819824	30.596084356308	3.72167975789843
158	ctrl_M3	ctrl	125.284523010254	25.9146345853806	4.83450857072597
158	mut_M1	mut	75.2773895263672	23.6871970295906	3.17797793602717
158	mut_M2	mut	72.8099594116211	28.1382400989532	2.58758042989084
158	mut_M3	mut	73.5415344238281	23.0131841897964	3.19562620354096
159	ctrl_M1	ctrl	91.0761795043945	9.63888657093048	9.44882781161337
159	ctrl_M2	ctrl	82.5586853027344	15.0692820549011	5.47860774003384
159	ctrl_M3	ctrl	101.052833557129	16.3559030294418	6.17837079219816
159	mut_M1	mut	50.5572547912598	9.38153505325317	5.38901730945709
159	mut_M2	mut	60.5057945251465	10.2671201229095	5.89316125659588
159	mut_M3	mut	49.3813133239746	7.5855096578598	6.50995325974012
160	ctrl_M1	ctrl	71.7589340209961	38.9516439437866	1.84225687944148
160	ctrl_M2	ctrl	95.1772384643555	50.4065399169922	1.88819225880392
160	ctrl_M3	ctrl	113.632179260254	51.9990205764771	2.18527537635311
160	mut_M1	mut	73.2163925170898	34.3197257518768	2.13336181781948
160	mut_M2	mut	77.3822174072266	37.0420827865601	2.08903526977978
160	mut_M3	mut	66.894660949707	42.157265663147	1.58678841944403
161	ctrl_M1	ctrl	88.1827774047852	4.62554186582565	19.0643128875982
161	ctrl_M2	ctrl	110.103614807129	8.43849813938141	13.0477737849214
161	ctrl_M3	ctrl	115.800231933594	7.36004388332367	15.7336333545474
161	mut_M1	mut	60.9844284057617	8.15172827243805	7.48116551087175
161	mut_M2	mut	79.7544479370117	11.2703874111176	7.07646019854994
161	mut_M3	mut	75.6570358276367	5.221510887146	14.4894911574128
162	ctrl_M1	ctrl	37.1626586914062	15.9438790082932	2.33084174008572
162	ctrl_M2	ctrl	42.9196815490723	17.4025347232819	2.46628909130418
162	ctrl_M3	ctrl	48.5149230957031	18.2206771373749	2.66263008393841
162	mut_M1	mut	27.194803237915	20.3015530109406	1.33954300063939
162	mut_M2	mut	32.6294784545898	18.1335301399231	1.7994002382775
162	mut_M3	mut	30.2087669372559	19.5891176462173	1.54211983831182
163	ctrl_M1	ctrl	55.9773750305176	52.4070606231689	1.06812659143433
163	ctrl_M2	ctrl	63.8036842346191	55.7820453047752	1.14380324145549
163	ctrl_M3	ctrl	60.4920616149902	64.3151470422745	0.940556997797559
163	mut_M1	mut	23.3037033081055	58.6428826451302	0.397383318434819
163	mut_M2	mut	24.5400314331055	57.2780952453613	0.42843658344405
163	mut_M3	mut	22.0925521850586	60.0617203712463	0.367830825499216
164	ctrl_M1	ctrl	24.1922969818115	11.6543110013008	2.07582387145077
164	ctrl_M2	ctrl	27.4178428649902	12.6166338920593	2.17315039015648
164	ctrl_M3	ctrl	28.6386413574219	10.2590729594231	2.79154281002719
164	mut_M1	mut	17.64723777771	11.1211265325546	1.5868210586447
164	mut_M2	mut	23.1275615692139	11.1827454566956	2.06814700904834
164	mut_M3	mut	15.3240537643433	9.30915975570679	1.64612641382045
165	ctrl_M1	ctrl	34.5644340515137	8.007169008255	4.31668596177743
165	ctrl_M2	ctrl	42.1645202636719	13.7938085794449	3.05677145081629
165	ctrl_M3	ctrl	47.6104927062988	8.87275487184525	5.36591998696763
165	mut_M1	mut	36.4522895812988	8.78875696659088	4.1476046862903
165	mut_M2	mut	31.1802024841309	8.74904429912567	3.56384096572089
165	mut_M3	mut	26.8719882965088	7.51746040582657	3.57460988762656
166	ctrl_M1	ctrl	56.4618911743164	6.99659246206284	8.06991281548354
166	ctrl_M2	ctrl	75.4313278198242	14.3289053440094	5.26427706854525
166	ctrl_M3	ctrl	63.6653060913086	8.56669992208481	7.43171894315809
166	mut_M1	mut	43.1411323547363	8.55562347173691	5.04242998739379
166	mut_M2	mut	41.1555366516113	8.31896072626114	4.94719689223827
166	mut_M3	mut	28.8458156585693	9.9594504237175	2.89632604524801
167	ctrl_M1	ctrl	48.9588241577148	23.7988088130951	2.05719641441784
167	ctrl_M2	ctrl	57.7954254150391	31.9160041809082	1.81086031595433
167	ctrl_M3	ctrl	62.5160369873047	24.2655047178268	2.57633367672657
167	mut_M1	mut	35.2611808776855	21.6569601148367	1.62816852830277
167	mut_M2	mut	42.6880378723145	22.8986828774214	1.8642136799233
167	mut_M3	mut	43.5241775512695	22.5917948484421	1.92654801635962
168	ctrl_M1	ctrl	52.0725364685059	9.19178247451782	5.66511844822975
168	ctrl_M2	ctrl	51.472110748291	13.8908898830414	3.70545812267438
168	ctrl_M3	ctrl	62.2518463134766	13.7351411581039	4.53230480829438
168	mut_M1	mut	37.9621887207031	9.02827513217926	4.20481079330374
168	mut_M2	mut	41.0222702026367	11.3835400342941	3.60364790557707
168	mut_M3	mut	38.7885856628418	9.20713484287262	4.21288341322259
169	ctrl_M1	ctrl	35.5841636657715	3.03481504321098	11.7253154340904
169	ctrl_M2	ctrl	27.5344276428223	2.27715909481049	12.0915695814015
169	ctrl_M3	ctrl	37.3577346801758	2.15833079814911	17.3086232713781
169	mut_M1	mut	26.5469017028809	1.37802362442017	19.2644750296288
169	mut_M2	mut	30.2258739471436	2.82204955816269	10.710610612672
169	mut_M3	mut	18.5392169952393	1.50727628171444	12.2998133919761
170	ctrl_M1	ctrl	54.2480163574219	2.54702135920525	21.2986106933744
170	ctrl_M2	ctrl	56.4253845214844	6.63423588871956	8.50518212917732
170	ctrl_M3	ctrl	68.4922790527344	9.27559491991997	7.38413866108389
170	mut_M1	mut	38.0570106506348	4.83614727854729	7.8692828110203
170	mut_M2	mut	55.9052543640137	5.04427003860474	11.0829225906148
170	mut_M3	mut	44.0574569702148	3.75003352761269	11.7485501518335
171	ctrl_M1	ctrl	26.5428142547607	14.5193650126457	1.82809745685456
171	ctrl_M2	ctrl	33.0984916687012	19.1692680120468	1.72664348205162
171	ctrl_M3	ctrl	41.2985038757324	16.611668586731	2.48611412273905
171	mut_M1	mut	36.5152931213379	13.1570263504982	2.77534544269992
171	mut_M2	mut	32.6820831298828	13.0980362892151	2.49518953896877
171	mut_M3	mut	29.935375213623	12.9085410833359	2.31903628925718
172	ctrl_M1	ctrl	67.1344451904297	4.70178115367889	14.2785133965456
172	ctrl_M2	ctrl	79.7276077270508	6.19605588912964	12.8674771747823
172	ctrl_M3	ctrl	77.5009155273438	5.97898721694946	12.9622146218412
172	mut_M1	mut	52.6714134216309	4.30536498129368	12.2339020386151
172	mut_M2	mut	59.1995506286621	4.72813475131989	12.5206986988127
172	mut_M3	mut	50.7904090881348	2.96478144824505	17.1312489553654
173	ctrl_M1	ctrl	44.7849044799805	4.85305836796761	9.22818171229533
173	ctrl_M2	ctrl	54.2363548278809	6.40615051984787	8.46629417461281
173	ctrl_M3	ctrl	46.5902290344238	5.77357172966003	8.06956788898632
173	mut_M1	mut	24.5552062988281	5.3228797018528	4.61314319958817
173	mut_M2	mut	27.451681137085	3.80686724185944	7.21109494842179
173	mut_M3	mut	26.4532051086426	3.22929227352142	8.19164165645383
174	ctrl_M1	ctrl	24.1539478302002	4.02075734734535	6.00731298697931
174	ctrl_M2	ctrl	37.1365585327148	4.81564989686012	7.71164003365952
174	ctrl_M3	ctrl	32.7301216125488	4.63520920276642	7.06119620081325
174	mut_M1	mut	18.8871955871582	5.94509905576706	3.17693538997246
174	mut_M2	mut	27.0416965484619	4.72535425424576	5.72268132577886
174	mut_M3	mut	16.5999603271484	4.19477689266205	3.95729278383956
175	ctrl_M1	ctrl	55.8081817626953	8.53741490840912	6.53689464099089
175	ctrl_M2	ctrl	61.2224922180176	9.55347561836243	6.40839990216166
175	ctrl_M3	ctrl	63.987678527832	6.33893597126007	10.0943878937954
175	mut_M1	mut	56.9859352111816	7.55073797702789	7.54706829776821
175	mut_M2	mut	54.3207893371582	6.66968667507172	8.1444289639849
175	mut_M3	mut	39.7320899963379	5.48978328704834	7.2374605551507
176	ctrl_M1	ctrl	52.9886016845703	22.0719994306564	2.40071597731979
176	ctrl_M2	ctrl	66.3555068969727	34.2114205360413	1.93957181132155
176	ctrl_M3	ctrl	68.4496078491211	24.8800897598267	2.75118010062991
176	mut_M1	mut	34.172004699707	19.8722658157349	1.71958270972048
176	mut_M2	mut	53.8764724731445	26.5742406845093	2.02739461543864
176	mut_M3	mut	42.3791236877441	17.8961055278778	2.36806402497614
177	ctrl_M1	ctrl	36.555233001709	16.4263805150986	2.22539791819072
177	ctrl_M2	ctrl	56.285026550293	28.8760949373245	1.94919107560975
177	ctrl_M3	ctrl	50.7021217346191	31.8968303203583	1.58956614890534
177	mut_M1	mut	22.9101524353027	18.3195877671242	1.25058231257892
177	mut_M2	mut	40.3692626953125	25.7335926294327	1.56873792465108
177	mut_M3	mut	27.6451263427734	13.9074286818504	1.98779565764382
178	ctrl_M1	ctrl	19.5307540893555	5.69459211826324	3.42970201969654
178	ctrl_M2	ctrl	27.4898147583008	6.67581415176392	4.11782205636106
178	ctrl_M3	ctrl	29.4480667114258	8.88458585739136	3.31451203062291
178	mut_M1	mut	11.922046661377	3.56691482663155	3.34239734920603
178	mut_M2	mut	14.7604370117188	6.34762096405029	2.32534946483326
178	mut_M3	mut	13.8156433105469	3.62446659803391	3.81177283246069
179	ctrl_M1	ctrl	18.7423553466797	2.64590406417847	7.08353549186563
179	ctrl_M2	ctrl	23.7230758666992	5.1703467965126	4.58829490561454
179	ctrl_M3	ctrl	23.7252235412598	4.38170319795609	5.41461218832138
179	mut_M1	mut	7.07866287231445	2.80914640426636	2.51986256806118
179	mut_M2	mut	8.91353130340576	5.7952772974968	1.53806812786264
179	mut_M3	mut	15.2242374420166	7.02331006526947	2.16767269286615
180	ctrl_M1	ctrl	24.4903259277344	10.0973346233368	2.42542481172534
180	ctrl_M2	ctrl	23.956750869751	15.3486948013306	1.56083309882963
180	ctrl_M3	ctrl	29.8714008331299	14.0554938316345	2.12524733680283
180	mut_M1	mut	28.1291637420654	12.3670649528503	2.27452219660108
180	mut_M2	mut	19.8407592773438	12.4215738773346	1.5972822343831
180	mut_M3	mut	14.6768436431885	12.1484687328339	1.20812293021927
181	ctrl_M1	ctrl	21.7469253540039	2.24103955924511	9.70394532496754
181	ctrl_M2	ctrl	30.7283420562744	3.77791057527065	8.13368697962709
181	ctrl_M3	ctrl	27.6296463012695	3.0411881506443	9.08514861055734
181	mut_M1	mut	11.545557975769	3.60884368419647	3.19924025147676
181	mut_M2	mut	20.0617485046387	2.89005371928215	6.94165245814937
181	mut_M3	mut	13.9237880706787	1.50397297739983	9.25800415294105
182	ctrl_M1	ctrl	21.9556655883789	34.5315667390823	0.635814347905906
182	ctrl_M2	ctrl	30.6781959533691	42.3686438798904	0.724077835494046
182	ctrl_M3	ctrl	24.4838409423828	39.0118216276169	0.627600555956875
182	mut_M1	mut	14.0113983154297	35.3216969966888	0.396679647547601
182	mut_M2	mut	18.2412338256836	36.1528172492981	0.504559124670644
182	mut_M3	mut	15.7013759613037	30.7205632328987	0.511103127968991
183	ctrl_M1	ctrl	32.7828788757324	2.79995065927505	11.7083773484138
183	ctrl_M2	ctrl	31.3040523529053	3.33749511837959	9.3795050607007
183	ctrl_M3	ctrl	33.90185546875	3.36162710189819	10.0849542323141
183	mut_M1	mut	23.6023807525635	2.79915741086006	8.43195908204086
183	mut_M2	mut	21.7052059173584	3.4276596903801	6.33236898583461
183	mut_M3	mut	24.1509037017822	2.09423510730267	11.5320880724267
184	ctrl_M1	ctrl	38.4605941772461	5.2520210146904	7.32300843230981
184	ctrl_M2	ctrl	37.2469863891602	7.10388946533203	5.24318214281495
184	ctrl_M3	ctrl	46.8282012939453	7.97956347465515	5.86851667295861
184	mut_M1	mut	28.0413494110107	7.10896661877632	3.94450430206656
184	mut_M2	mut	21.11376953125	5.41012990474701	3.90263633276609
184	mut_M3	mut	26.1747550964355	4.63482788205147	5.64740606610187
185	ctrl_M1	ctrl	27.9780158996582	37.9570562839508	0.73709656750932
185	ctrl_M2	ctrl	39.4917793273926	50.9594256877899	0.77496515697301
185	ctrl_M3	ctrl	32.7346076965332	46.6160464286804	0.702217588242175
185	mut_M1	mut	21.5788803100586	46.6239924430847	0.462827809874939
185	mut_M2	mut	20.4538822174072	42.6588404178619	0.47947581361923
185	mut_M3	mut	17.4444828033447	34.3285425901413	0.508162639224729
186	ctrl_M1	ctrl	36.3065986633301	37.491177380085	0.968403800586317
186	ctrl_M2	ctrl	43.9100952148438	33.5075554251671	1.3104535576434
186	ctrl_M3	ctrl	52.9932746887207	39.3982016146183	1.34506836649768
186	mut_M1	mut	40.5160675048828	38.7365573644638	1.04593877880463
186	mut_M2	mut	35.875919342041	38.2722992300987	0.937386048492924
186	mut_M3	mut	35.606143951416	33.9858331680298	1.04767606477014
187	ctrl_M1	ctrl	32.5287094116211	59.0680466890335	0.55069891819633
187	ctrl_M2	ctrl	33.5898284912109	58.220477104187	0.576941828063365
187	ctrl_M3	ctrl	38.4201278686523	56.4053149223328	0.681143752526777
187	mut_M1	mut	24.7028541564941	54.8613059520721	0.45027827405485
187	mut_M2	mut	23.8428153991699	63.0447473526001	0.378188769094759
187	mut_M3	mut	23.9595336914062	48.7379213571548	0.491599416311359
188	ctrl_M1	ctrl	12.8031206130981	3.39831244945526	3.76749366149379
188	ctrl_M2	ctrl	20.8298931121826	4.97686374187469	4.18534526812992
188	ctrl_M3	ctrl	15.9144010543823	2.75567269325256	5.77514198015959
188	mut_M1	mut	10.439281463623	3.33252626657486	3.13254289045783
188	mut_M2	mut	14.7053575515747	3.57519680261612	4.11316029954328
188	mut_M3	mut	13.007664680481	2.91427576541901	4.46342958852103
189	ctrl_M1	ctrl	60.4985809326172	29.6007752418518	2.04381744864167
189	ctrl_M2	ctrl	73.6869354248047	50.2081971168518	1.46762759183146
189	ctrl_M3	ctrl	76.6055221557617	45.77055311203	1.67368574219015
189	mut_M1	mut	60.4687347412109	40.6327787637711	1.48817621095425
189	mut_M2	mut	61.2880477905273	39.7794959545135	1.54069442862243
189	mut_M3	mut	57.4415245056152	38.1239703893661	1.50670362816244
190	ctrl_M1	ctrl	49.1588745117188	7.9367191195488	6.19385337584095
190	ctrl_M2	ctrl	71.7525253295898	8.11906909942627	8.83753105816777
190	ctrl_M3	ctrl	69.5211410522461	7.68000958859921	9.05222060600661
190	mut_M1	mut	51.0878753662109	9.27108561992645	5.51045233110642
190	mut_M2	mut	51.5486183166504	7.40049055218697	6.96556774894023
190	mut_M3	mut	45.2062187194824	6.33551722764969	7.13536355361672
191	ctrl_M1	ctrl	17.4885120391846	10.3807108402252	1.68471237744304
191	ctrl_M2	ctrl	30.3110294342041	16.8864243030548	1.79499394840628
191	ctrl_M3	ctrl	27.3743381500244	15.3205895423889	1.78676793567801
191	mut_M1	mut	16.9094047546387	17.6044427156448	0.960519172788782
191	mut_M2	mut	22.5989646911621	12.0336228609085	1.87798512155266
191	mut_M3	mut	16.3251647949219	13.0694795846939	1.24910595629537
192	ctrl_M1	ctrl	26.9472579956055	3.51861789822578	7.65847806583183
192	ctrl_M2	ctrl	40.0320816040039	3.63999992609024	10.9978248397941
192	ctrl_M3	ctrl	32.3456573486328	5.2809631228447	6.1249542169136
192	mut_M1	mut	18.9345169067383	3.76955914497375	5.02300565624103
192	mut_M2	mut	17.3615379333496	3.19619546830654	5.43193872386922
192	mut_M3	mut	20.6969566345215	2.83628369867802	7.29720960007219
193	ctrl_M1	ctrl	35.1392135620117	41.1968162059784	0.852959446825223
193	ctrl_M2	ctrl	36.3027496337891	50.9068598747253	0.713120976684185
193	ctrl_M3	ctrl	38.436939239502	50.1469783782959	0.766485648438149
193	mut_M1	mut	28.3232383728027	42.1928606033325	0.671280353306163
193	mut_M2	mut	21.2084159851074	42.3611080646515	0.500657724834279
193	mut_M3	mut	19.4287548065186	43.6827627420425	0.444769368669517
194	ctrl_M1	ctrl	51.0232963562012	38.4920953512192	1.32555258139734
194	ctrl_M2	ctrl	59.072208404541	57.8700468540192	1.02077346772423
194	ctrl_M3	ctrl	55.7042694091797	52.6968853473663	1.05706948412585
194	mut_M1	mut	29.5039253234863	48.2750926017761	0.611162480139931
194	mut_M2	mut	47.5429420471191	54.633323431015	0.870218743092779
194	mut_M3	mut	36.4108352661133	40.5426971912384	0.898086160729877
195	ctrl_M1	ctrl	22.6161499023438	19.5876905918121	1.1546103302141
195	ctrl_M2	ctrl	31.3129730224609	25.1306930780411	1.24600515096107
195	ctrl_M3	ctrl	32.5785713195801	19.5021094083786	1.67051525747176
195	mut_M1	mut	18.3660945892334	17.9654074311256	1.02230326028752
195	mut_M2	mut	19.6087818145752	21.9840707778931	0.891954088607355
195	mut_M3	mut	14.0821800231934	14.3014918863773	0.984665105925566
196	ctrl_M1	ctrl	29.7351112365723	39.0600547343493	0.761266502026259
196	ctrl_M2	ctrl	33.8938789367676	42.0618284642696	0.805810878277902
196	ctrl_M3	ctrl	46.0172920227051	41.7060945034027	1.10337092385744
196	mut_M1	mut	26.9899883270264	41.5246397852898	0.649975254850679
196	mut_M2	mut	24.5035209655762	42.0943316221237	0.58210975258003
196	mut_M3	mut	23.3332386016846	35.3574392199516	0.659924449181207
197	ctrl_M1	ctrl	20.7131996154785	2.10503613948822	9.83983088314785
197	ctrl_M2	ctrl	15.6127490997314	3.63567107915878	4.29432387028364
197	ctrl_M3	ctrl	27.718204498291	0.526293337345123	52.6668352636098
197	mut_M1	mut	10.1206455230713	1.16697499155998	8.67254705222283
197	mut_M2	mut	19.7006301879883	1.83188259601593	10.7543082896438
197	mut_M3	mut	20.1816539764404	2.47017168998718	8.17014220438465
198	ctrl_M1	ctrl	56.3836936950684	2.83850061893463	19.8639004405892
198	ctrl_M2	ctrl	61.875602722168	5.01684778928757	12.3335618940424
198	ctrl_M3	ctrl	54.5108489990234	4.38073140382767	12.4433214397474
198	mut_M1	mut	41.4032897949219	2.56596213579178	16.1355809648945
198	mut_M2	mut	35.9703063964844	1.43387988209724	25.0859969831454
198	mut_M3	mut	28.2106666564941	1.55348908901215	18.1595524912461
199	ctrl_M1	ctrl	31.6958961486816	5.94469463825226	5.33179550463844
199	ctrl_M2	ctrl	48.9751129150391	6.25079196691513	7.83502525348145
199	ctrl_M3	ctrl	38.5278053283691	2.4552971124649	15.6917079944311
199	mut_M1	mut	30.2576789855957	4.12757992744446	7.33061007114873
199	mut_M2	mut	30.7875919342041	4.40737321972847	6.98547420408859
199	mut_M3	mut	31.980583190918	5.0922024846077	6.28030469872051
200	ctrl_M1	ctrl	22.522590637207	2.66963267326355	8.43658787321995
200	ctrl_M2	ctrl	30.2240962982178	3.40322963893414	8.88100407696371
200	ctrl_M3	ctrl	23.5003185272217	3.02326990664005	7.77314604812742
200	mut_M1	mut	15.9076595306396	3.40262305736542	4.67511659753362
200	mut_M2	mut	20.7152423858643	3.53133900463581	5.86611547593422
200	mut_M3	mut	11.7769203186035	3.2137568295002	3.6645337352531
201	ctrl_M1	ctrl	25.9164409637451	3.42405796051025	7.56892589513381
201	ctrl_M2	ctrl	25.3024234771729	4.13533639907837	6.11858892128145
201	ctrl_M3	ctrl	27.601993560791	6.11856776475906	4.51118539861067
201	mut_M1	mut	19.4674186706543	4.10744434595108	4.73954533062495
201	mut_M2	mut	17.8647079467773	1.50072480738163	11.9040532007641
201	mut_M3	mut	18.7155323028564	3.29057246446609	5.68762198825884
202	ctrl_M1	ctrl	27.2299556732178	16.9071313142776	1.6105603704765
202	ctrl_M2	ctrl	29.2282276153564	22.7758543491364	1.28329884654644
202	ctrl_M3	ctrl	31.9496231079102	21.6467579603195	1.4759541898365
202	mut_M1	mut	20.9828281402588	18.4466763734818	1.13748556734171
202	mut_M2	mut	22.0575771331787	17.605316400528	1.25289296888281
202	mut_M3	mut	21.6080379486084	16.8416947722435	1.28300852383456
203	ctrl_M1	ctrl	53.1789398193359	6.92695328593254	7.67710386142394
203	ctrl_M2	ctrl	62.6065788269043	9.85369390249252	6.3536151464039
203	ctrl_M3	ctrl	53.0106086730957	9.68289172649384	5.4746670902093
203	mut_M1	mut	51.7062339782715	9.34436106681824	5.53341567267557
203	mut_M2	mut	41.4998168945312	11.9301761388779	3.47855860730273
203	mut_M3	mut	33.0694236755371	5.23487675189972	6.31713510037009
204	ctrl_M1	ctrl	36.3802833557129	20.4307868480682	1.78065992397903
204	ctrl_M2	ctrl	57.3956832885742	22.0703792572021	2.60057530592024
204	ctrl_M3	ctrl	51.1977195739746	21.5436325073242	2.37646643650131
204	mut_M1	mut	31.571439743042	20.423816204071	1.54581491664368
204	mut_M2	mut	29.4778175354004	19.8488266468048	1.48511637790668
204	mut_M3	mut	25.501615524292	19.5201357603073	1.3064261354241
205	ctrl_M1	ctrl	55.0417938232422	21.9445150494576	2.50822557250372
205	ctrl_M2	ctrl	72.6766357421875	32.0410368442535	2.26823607786032
205	ctrl_M3	ctrl	55.2854652404785	24.6973598003387	2.23851722157444
205	mut_M1	mut	41.0353622436523	20.9230408668518	1.96125231054078
205	mut_M2	mut	41.1525077819824	19.8590034246445	2.07223428598201
205	mut_M3	mut	43.1599273681641	21.001151740551	2.05512192385272
206	ctrl_M1	ctrl	31.1435031890869	45.8593314886093	0.679109402125115
206	ctrl_M2	ctrl	41.0335960388184	55.1020939350128	0.744683062084958
206	ctrl_M3	ctrl	42.2431716918945	56.4363808631897	0.748509579207397
206	mut_M1	mut	18.7154521942139	46.9447329044342	0.398669904722071
206	mut_M2	mut	21.4844264984131	51.0731891393661	0.420659584029252
206	mut_M3	mut	20.0567073822021	41.1713036298752	0.487152594499057
207	ctrl_M1	ctrl	33.249885559082	5.28046277165413	6.29677492237415
207	ctrl_M2	ctrl	32.0305671691895	9.1526654958725	3.49958896494513
207	ctrl_M3	ctrl	47.6277008056641	7.55243784189224	6.30626849273493
207	mut_M1	mut	30.6971797943115	6.81038680672646	4.50740621134656
207	mut_M2	mut	29.7661209106445	9.73067653179169	3.05899808850842
207	mut_M3	mut	31.7585849761963	7.17601490020752	4.42565761329145
208	ctrl_M1	ctrl	37.1908760070801	58.6250414848328	0.6343854957732
208	ctrl_M2	ctrl	37.1653594970703	80.9606187343597	0.459054785870816
208	ctrl_M3	ctrl	41.5743789672852	84.9116048812866	0.489619516971909
208	mut_M1	mut	28.8168392181396	64.5919140577316	0.446136945135012
208	mut_M2	mut	30.6637172698975	67.8056387901306	0.452229605340149
208	mut_M3	mut	22.5423831939697	65.2484601736069	0.345485290135447
209	ctrl_M1	ctrl	33.4867820739746	1.7517306804657	19.116398683542
209	ctrl_M2	ctrl	47.6209487915039	4.13077992200851	11.5283190319055
209	ctrl_M3	ctrl	36.8131294250488	2.48603272438049	14.8079826399801
209	mut_M1	mut	27.8546504974365	3.78206479549408	7.36493212136987
209	mut_M2	mut	41.0309677124023	2.70793099701405	15.1521466971079
209	mut_M3	mut	25.0469169616699	2.14459425210953	11.6790935800712
210	ctrl_M1	ctrl	18.0249805450439	1.39195024967194	12.9494430920158
210	ctrl_M2	ctrl	21.1686992645264	3.41853564977646	6.19232953323468
210	ctrl_M3	ctrl	21.496524810791	3.13949081301689	6.84713735159299
210	mut_M1	mut	11.3245077133179	2.5971976518631	4.36027951326471
210	mut_M2	mut	11.7181949615479	3.42433053255081	3.42203968050329
210	mut_M3	mut	17.1893558502197	1.54858633875847	11.1000306666794
211	ctrl_M1	ctrl	79.1779403686523	11.4284825325012	6.92812367201681
211	ctrl_M2	ctrl	93.9561233520508	20.8793543577194	4.49995348238887
211	ctrl_M3	ctrl	87.8133850097656	21.241473197937	4.1340534242368
211	mut_M1	mut	61.2126808166504	16.9570745229721	3.60986093053517
211	mut_M2	mut	63.6229019165039	14.151372551918	4.49588205547459
211	mut_M3	mut	55.3419303894043	16.3547234535217	3.38384996522135
212	ctrl_M1	ctrl	46.9772567749023	22.4282079935074	2.09456131263369
212	ctrl_M2	ctrl	54.2348670959473	36.865013897419	1.47117446495102
212	ctrl_M3	ctrl	63.1589584350586	34.4126690626144	1.83534030214686
212	mut_M1	mut	35.6888389587402	32.0952881574631	1.11196505803739
212	mut_M2	mut	42.1823272705078	25.3003010749817	1.66726582207435
212	mut_M3	mut	39.2369155883789	22.3010024428368	1.75942385051763
213	ctrl_M1	ctrl	49.5889129638672	8.86014378070831	5.59685194633522
213	ctrl_M2	ctrl	63.269847869873	12.8040328025818	4.94140001399523
213	ctrl_M3	ctrl	57.7277946472168	9.36963832378387	6.16115506835314
213	mut_M1	mut	39.9890441894531	8.84253180027008	4.52235231862347
213	mut_M2	mut	41.2987785339355	9.34010684490204	4.42166018223624
213	mut_M3	mut	33.2189331054688	6.40390104055405	5.18729644557324
214	ctrl_M1	ctrl	35.5903205871582	16.2089040279388	2.19572652943173
214	ctrl_M2	ctrl	33.230094909668	26.9656691551208	1.23231115528826
214	ctrl_M3	ctrl	37.7222290039062	23.0148196220398	1.63904082775353
214	mut_M1	mut	22.3141784667969	20.0033560991287	1.11552173326399
214	mut_M2	mut	24.2074794769287	23.6601734161377	1.02313195474796
214	mut_M3	mut	29.1561641693115	19.6098042726517	1.48681566444666
215	ctrl_M1	ctrl	18.8163967132568	11.5589371919632	1.62786564203668
215	ctrl_M2	ctrl	26.8499641418457	15.1120278835297	1.77672807043382
215	ctrl_M3	ctrl	26.7018013000488	14.8850197792053	1.79387073017879
215	mut_M1	mut	18.8099536895752	11.6217658519745	1.61851081231166
215	mut_M2	mut	18.5783977508545	11.1356327533722	1.66837378371951
215	mut_M3	mut	15.8513507843018	8.27713418006897	1.91507718003065
216	ctrl_M1	ctrl	33.6702842712402	2.20977219939232	15.236993333747
216	ctrl_M2	ctrl	30.169750213623	2.95663884282112	10.2040701680142
216	ctrl_M3	ctrl	33.7171325683594	3.41505640745163	9.87308218241691
216	mut_M1	mut	24.3398132324219	2.47802214324474	9.82227430807019
216	mut_M2	mut	24.9361591339111	2.4079150557518	10.3559131267301
216	mut_M3	mut	23.7822914123535	2.17639294266701	10.9273885915151
217	ctrl_M1	ctrl	52.997615814209	7.95439612865448	6.66268249116904
217	ctrl_M2	ctrl	68.6814193725586	13.0441814661026	5.2652916207152
217	ctrl_M3	ctrl	78.1436309814453	12.8766093254089	6.06864967373417
217	mut_M1	mut	65.2855224609375	10.4080439805984	6.27260247772163
217	mut_M2	mut	60.1074676513672	13.6208325326443	4.4129070309991
217	mut_M3	mut	57.5415191650391	9.84388208389282	5.84540922723893
218	ctrl_M1	ctrl	32.2405853271484	1.66160437464714	19.4032862569919
218	ctrl_M2	ctrl	24.4618816375732	2.62979203462601	9.3018312153539
218	ctrl_M3	ctrl	22.1330089569092	2.83721831440926	7.80095378790671
218	mut_M1	mut	20.9121284484863	1.39781123399734	14.9606241099405
218	mut_M2	mut	39.4294052124023	1.40884009003639	27.9871402661347
218	mut_M3	mut	18.9662284851074	0.967891067266464	19.5954163919212
219	ctrl_M1	ctrl	37.1606864929199	10.2931831479073	3.61022299505816
219	ctrl_M2	ctrl	45.3480987548828	16.6983358263969	2.7157256403477
219	ctrl_M3	ctrl	42.6056480407715	13.4030632376671	3.17879930022529
219	mut_M1	mut	27.3830833435059	13.6728464365005	2.00273465153568
219	mut_M2	mut	32.8032455444336	12.7555192112923	2.57169034055418
219	mut_M3	mut	22.2992401123047	10.6796773076057	2.08800691912515
220	ctrl_M1	ctrl	31.7580184936523	8.63459801673889	3.67799617678632
220	ctrl_M2	ctrl	34.0414428710938	15.4405624866486	2.20467634521277
220	ctrl_M3	ctrl	39.2673377990723	12.499781370163	3.14144196896144
220	mut_M1	mut	25.2899169921875	12.4419960975647	2.03262537569334
220	mut_M2	mut	28.3198432922363	12.3131132125854	2.29997424723506
220	mut_M3	mut	22.3525562286377	12.61478972435	1.77193252658752
221	ctrl_M1	ctrl	19.0683517456055	33.4865220785141	0.569433627681516
221	ctrl_M2	ctrl	34.5164260864258	52.7325751781464	0.654556049459352
221	ctrl_M3	ctrl	37.3156623840332	44.4751479625702	0.839022782238694
221	mut_M1	mut	20.8045673370361	44.2847648859024	0.469790624171498
221	mut_M2	mut	14.6059074401855	43.1020044088364	0.338868403929521
221	mut_M3	mut	27.9260349273682	39.1416736841202	0.71346041951951
222	ctrl_M1	ctrl	53.1915054321289	6.34988981485367	8.37676038215707
222	ctrl_M2	ctrl	56.2245559692383	9.07431471347809	6.19601124101723
222	ctrl_M3	ctrl	67.6529769897461	6.62157273292542	10.2170556329232
222	mut_M1	mut	40.841552734375	4.06557762622833	10.0456949760086
222	mut_M2	mut	44.977840423584	7.64659386873245	5.88207523450435
222	mut_M3	mut	26.4869728088379	5.43843460083008	4.8703302977653
223	ctrl_M1	ctrl	50.3624038696289	13.7829045057297	3.65397611575215
223	ctrl_M2	ctrl	56.4249839782715	18.7312891483307	3.01233852787436
223	ctrl_M3	ctrl	65.5284881591797	16.5731755495071	3.95388849671169
223	mut_M1	mut	45.916088104248	13.7197106480598	3.34672423362961
223	mut_M2	mut	50.9973754882812	18.5633707046509	2.74720449748409
223	mut_M3	mut	38.4382553100586	14.0472252368927	2.73635929244638
224	ctrl_M1	ctrl	47.7222137451172	20.1897703409195	2.36368284231527
224	ctrl_M2	ctrl	62.8060455322266	26.9450453519821	2.33089403679948
224	ctrl_M3	ctrl	52.6948738098145	26.6878039836884	1.97449268744711
224	mut_M1	mut	50.4620361328125	21.6100471019745	2.3351192107398
224	mut_M2	mut	50.8228721618652	21.9148644208908	2.31910502322877
224	mut_M3	mut	46.4461364746094	18.4881637096405	2.51220928178986
225	ctrl_M1	ctrl	33.2841339111328	39.9390224218369	0.833373775641903
225	ctrl_M2	ctrl	48.3316345214844	51.0160446166992	0.947381061872128
225	ctrl_M3	ctrl	40.7555046081543	55.0583777427673	0.740223491483239
225	mut_M1	mut	29.6155948638916	53.7858674526215	0.550620381645405
225	mut_M2	mut	28.4163246154785	49.5986728668213	0.572925100068301
225	mut_M3	mut	31.1405220031738	40.8605058193207	0.762117878346215
226	ctrl_M1	ctrl	25.6622409820557	5.41384547948837	4.74011330380283
226	ctrl_M2	ctrl	35.8964080810547	6.62566548585892	5.41778152816015
226	ctrl_M3	ctrl	31.4346027374268	9.63498473167419	3.2625482668476
226	mut_M1	mut	19.2718658447266	6.05866307020187	3.18087763280826
226	mut_M2	mut	21.2502136230469	8.05852806568146	2.63698450260964
226	mut_M3	mut	19.4793128967285	3.92048329114914	4.96859990213576
227	ctrl_M1	ctrl	36.3488998413086	14.7452168464661	2.46513158943608
227	ctrl_M2	ctrl	38.7992973327637	28.1576714515686	1.37792989734605
227	ctrl_M3	ctrl	46.3503570556641	19.2060663700104	2.41331859229845
227	mut_M1	mut	28.4678707122803	20.7980606555939	1.36877525187059
227	mut_M2	mut	25.581226348877	17.6730127334595	1.44747399522014
227	mut_M3	mut	25.1520214080811	16.5756371021271	1.51740902947576
228	ctrl_M1	ctrl	26.5159473419189	12.3709982633591	2.14339593114769
228	ctrl_M2	ctrl	28.5312366485596	13.624419927597	2.09412487285186
228	ctrl_M3	ctrl	37.7207489013672	15.7182188034058	2.39981065114032
228	mut_M1	mut	23.4952850341797	11.9708123803139	1.96271433280651
228	mut_M2	mut	17.9318141937256	11.1037559509277	1.61493230515638
228	mut_M3	mut	19.405403137207	12.5696628093719	1.54382845677756
229	ctrl_M1	ctrl	22.0691261291504	3.56437563896179	6.19158258403386
229	ctrl_M2	ctrl	38.7659950256348	6.61502158641815	5.86029758470153
229	ctrl_M3	ctrl	26.5880069732666	3.38005030155182	7.86615718738261
229	mut_M1	mut	18.2126655578613	3.54885113239288	5.13198916449929
229	mut_M2	mut	19.9978046417236	5.2595083117485	3.80221941983688
229	mut_M3	mut	15.634391784668	4.46833926439285	3.49892675098661
230	ctrl_M1	ctrl	50.6453857421875	4.53369200229645	11.1708924462743
230	ctrl_M2	ctrl	47.4305114746094	7.12829673290253	6.65383516593542
230	ctrl_M3	ctrl	58.2855033874512	5.53472018241882	10.5308852961703
230	mut_M1	mut	36.4746894836426	1.65258526802063	22.0712904740642
230	mut_M2	mut	39.2978668212891	2.53695525228977	15.4901694800569
230	mut_M3	mut	28.7672233581543	4.32610040903091	6.64968924394393
231	ctrl_M1	ctrl	23.8778018951416	6.26465904712677	3.8115086097292
231	ctrl_M2	ctrl	42.0418357849121	11.9210031032562	3.52670286390819
231	ctrl_M3	ctrl	43.637077331543	10.4145951867104	4.189992654465
231	mut_M1	mut	25.5580615997314	9.54669335484505	2.6771637728115
231	mut_M2	mut	24.7259998321533	5.8133630156517	4.25330394224167
231	mut_M3	mut	14.7138137817383	7.94968050718307	1.85086856867309
232	ctrl_M1	ctrl	81.3540649414062	22.1323776841164	3.67579417370015
232	ctrl_M2	ctrl	102.635040283203	30.5208685398102	3.3627824237482
232	ctrl_M3	ctrl	111.740356445312	34.2072978019714	3.26656484508615
232	mut_M1	mut	68.2043533325195	25.0700888633728	2.72054693161322
232	mut_M2	mut	62.2849082946777	28.9151980876923	2.15405435251676
232	mut_M3	mut	50.7535057067871	24.3504638671875	2.08429317747733
233	ctrl_M1	ctrl	62.4091110229492	5.57423451542854	11.1959966611041
233	ctrl_M2	ctrl	62.6403465270996	7.34395843744278	8.52950722157293
233	ctrl_M3	ctrl	76.2602844238281	9.35894721746445	8.14838278834623
233	mut_M1	mut	49.2116508483887	5.1201331615448	9.61140058192178
233	mut_M2	mut	52.9490852355957	7.91214770078659	6.69212548071262
233	mut_M3	mut	43.3457641601562	5.9147872030735	7.32837254696711
234	ctrl_M1	ctrl	38.2190895080566	17.2861477732658	2.21096626092512
234	ctrl_M2	ctrl	50.0928001403809	27.653402864933	1.81145157379177
234	ctrl_M3	ctrl	40.8400115966797	27.0185006856918	1.5115572870521
234	mut_M1	mut	27.202054977417	24.258655667305	1.12133398282573
234	mut_M2	mut	39.6518020629883	21.5121023654938	1.84323230660111
234	mut_M3	mut	29.8670139312744	17.6820918321609	1.68911089337015
235	ctrl_M1	ctrl	45.1299819946289	27.7231652736664	1.62787984521727
235	ctrl_M2	ctrl	58.1540565490723	36.4420027732849	1.59579748980493
235	ctrl_M3	ctrl	62.553295135498	33.1271492242813	1.88827884681511
235	mut_M1	mut	44.6260070800781	28.8053352832794	1.54922713591819
235	mut_M2	mut	49.5717163085938	31.431090593338	1.57715546526727
235	mut_M3	mut	37.5337066650391	21.2305519580841	1.76791007314094
236	ctrl_M1	ctrl	70.9173583984375	5.48054450750351	12.9398380583067
236	ctrl_M2	ctrl	79.6519622802734	6.59754252433777	12.0729744425965
236	ctrl_M3	ctrl	68.3878021240234	8.37857806682587	8.16222055563318
236	mut_M1	mut	62.6972465515137	6.34683346748352	9.87850821558939
236	mut_M2	mut	66.684944152832	6.43653047084808	10.3603866174264
236	mut_M3	mut	53.2824020385742	6.15888661146164	8.65130426973864
237	ctrl_M1	ctrl	27.458309173584	2.46428616344929	11.142500242403
237	ctrl_M2	ctrl	36.7650375366211	3.8887400329113	9.45422867701881
237	ctrl_M3	ctrl	37.1155166625977	1.83667576313019	20.207985213102
237	mut_M1	mut	38.3497848510742	3.07283654808998	12.4802553767176
237	mut_M2	mut	24.3734035491943	5.55835086107254	4.38500630104002
237	mut_M3	mut	24.6356563568115	3.7685167491436	6.53722883476901
238	ctrl_M1	ctrl	32.0220260620117	5.70493566989899	5.61303893941695
238	ctrl_M2	ctrl	36.2641410827637	8.0793251991272	4.48851113044456
238	ctrl_M3	ctrl	39.0003356933594	6.70829498767853	5.81374786961416
238	mut_M1	mut	22.9666881561279	6.42144417762756	3.57656120972667
238	mut_M2	mut	26.6208667755127	4.83014452457428	5.51140170652741
238	mut_M3	mut	13.6599426269531	5.45760989189148	2.50291664254861
239	ctrl_M1	ctrl	34.4934539794922	12.2377724051476	2.8186056119971
239	ctrl_M2	ctrl	41.243091583252	18.3851898908615	2.24327797689771
239	ctrl_M3	ctrl	45.4901695251465	17.5297845602036	2.59502159703771
239	mut_M1	mut	19.8422107696533	13.9764890670776	1.41968492047067
239	mut_M2	mut	36.9319000244141	16.1537703275681	2.28627120947647
239	mut_M3	mut	24.6388301849365	12.2581714391708	2.00999229837849
240	ctrl_M1	ctrl	29.1333179473877	7.14561183750629	4.07709215248316
240	ctrl_M2	ctrl	29.5267715454102	11.2040622830391	2.63536303168435
240	ctrl_M3	ctrl	32.7189788818359	4.66869279742241	7.00816701837828
240	mut_M1	mut	31.3070335388184	5.82418709993362	5.37534818192485
240	mut_M2	mut	25.1411628723145	4.30249445140362	5.84339228237995
240	mut_M3	mut	20.8216094970703	3.96687945723534	5.24886367774373
241	ctrl_M1	ctrl	29.6048793792725	2.87378084659576	10.30171782735
241	ctrl_M2	ctrl	29.4955139160156	4.20942449569702	7.00701816748743
241	ctrl_M3	ctrl	42.4231185913086	3.79860442876816	11.1680801164826
241	mut_M1	mut	25.9091968536377	2.01877325773239	12.8341292190191
241	mut_M2	mut	25.4318199157715	1.36697763204575	18.6044155511978
241	mut_M3	mut	19.6983222961426	1.57780781388283	12.4846144903206
242	ctrl_M1	ctrl	16.9309558868408	0.723745495080948	23.3935216203966
242	ctrl_M2	ctrl	15.4665985107422	2.17046827077866	7.12592702642621
242	ctrl_M3	ctrl	26.1139831542969	2.8464004099369	9.17438848839814
242	mut_M1	mut	11.866229057312	1.73330472409725	6.8460143749347
242	mut_M2	mut	12.8416318893433	2.03625166416168	6.30650528879009
242	mut_M3	mut	8.58188915252686	0.349959671497345	24.5225088816897
243	ctrl_M1	ctrl	41.236400604248	19.3158043622971	2.13485288165055
243	ctrl_M2	ctrl	46.5424461364746	25.1157746315002	1.85311609215115
243	ctrl_M3	ctrl	45.6052894592285	23.3613302707672	1.95217005755429
243	mut_M1	mut	32.0978355407715	18.7827115058899	1.70890318635338
243	mut_M2	mut	39.8038024902344	22.3591630458832	1.7802009139856
243	mut_M3	mut	31.9737777709961	15.4437680840492	2.07033527031655
244	ctrl_M1	ctrl	60.1046485900879	20.0763437747955	2.99380451262969
244	ctrl_M2	ctrl	74.9601135253906	25.1870651245117	2.97613529622554
244	ctrl_M3	ctrl	70.6304016113281	24.2936036586761	2.90736617768535
244	mut_M1	mut	46.3835639953613	20.0811295509338	2.30980851339632
244	mut_M2	mut	49.250846862793	24.3756899833679	2.02049036956074
244	mut_M3	mut	36.8421173095703	17.6795630455017	2.08388166691395
245	ctrl_M1	ctrl	20.0253963470459	7.58363062143326	2.64060808690353
245	ctrl_M2	ctrl	23.1851272583008	10.8148171901703	2.14382978931664
245	ctrl_M3	ctrl	25.9540977478027	9.38312417268753	2.76604010243732
245	mut_M1	mut	14.7371435165405	12.3808747529984	1.19031520878374
245	mut_M2	mut	12.6315879821777	8.18741750717163	1.54280491633819
245	mut_M3	mut	11.6673288345337	7.71944952011108	1.51141979802283
246	ctrl_M1	ctrl	32.118236541748	17.52552318573	1.83265493425612
246	ctrl_M2	ctrl	29.8316802978516	24.9907383918762	1.19370943867545
246	ctrl_M3	ctrl	38.5203285217285	26.8907790184021	1.43247350682433
246	mut_M1	mut	24.0156078338623	18.9485338926315	1.26741245364641
246	mut_M2	mut	23.9125423431396	22.9515738487244	1.04186939426242
246	mut_M3	mut	19.7476863861084	22.0275845527649	0.896498040391346
247	ctrl_M1	ctrl	42.5978736877441	9.07737910747528	4.69275031739773
247	ctrl_M2	ctrl	47.3933639526367	15.3570598959923	3.08609618466129
247	ctrl_M3	ctrl	49.1754951477051	10.1566427946091	4.8417076530255
247	mut_M1	mut	32.1013946533203	10.0987958908081	3.17873487100961
247	mut_M2	mut	35.7610206604004	9.28014314174652	3.85349882153544
247	mut_M3	mut	27.3085498809814	9.71288931369781	2.81157840875104
248	ctrl_M1	ctrl	35.7388954162598	7.69631922245026	4.6436347536117
248	ctrl_M2	ctrl	47.4125556945801	7.97945541143417	5.94182851459264
248	ctrl_M3	ctrl	40.3197822570801	9.13265609741211	4.41490206430803
248	mut_M1	mut	23.7337684631348	6.38873022794724	3.71494297244112
248	mut_M2	mut	29.0291137695312	8.96730321645737	3.23721781998574
248	mut_M3	mut	22.3985023498535	6.21237140893936	3.60546736108259
249	ctrl_M1	ctrl	29.5768756866455	17.2886569499969	1.71076768844388
249	ctrl_M2	ctrl	41.9921722412109	24.4720648527145	1.71592272633884
249	ctrl_M3	ctrl	46.6188850402832	24.7922877371311	1.8803785086143
249	mut_M1	mut	33.466194152832	22.2146424651146	1.506492585032
249	mut_M2	mut	27.12282371521	21.0796157717705	1.28668491915932
249	mut_M3	mut	26.3267726898193	18.4260224401951	1.4287821897139
250	ctrl_M1	ctrl	40.1806640625	4.31112539768219	9.32022624164505
250	ctrl_M2	ctrl	43.1466064453125	7.04628705978394	6.1233109124333
250	ctrl_M3	ctrl	41.8220596313477	5.38541615009308	7.76579905168978
250	mut_M1	mut	31.9111614227295	6.45386582612991	4.94450338485967
250	mut_M2	mut	38.7149429321289	3.3477431833744	11.5644901091564
250	mut_M3	mut	34.4617080688477	2.77992631494999	12.396626444204
251	ctrl_M1	ctrl	49.3076972961426	39.3789316415787	1.2521339518536
251	ctrl_M2	ctrl	54.7375679016113	52.5423765182495	1.04177944601724
251	ctrl_M3	ctrl	54.9839134216309	45.96360206604	1.19624900900131
251	mut_M1	mut	36.0645904541016	48.870432138443	0.737963403964501
251	mut_M2	mut	35.1032524108887	47.8004738092422	0.734370386180177
251	mut_M3	mut	30.1937637329102	43.3959661126137	0.695773511633697
252	ctrl_M1	ctrl	95.4446563720703	6.01225617527962	15.8750149011459
252	ctrl_M2	ctrl	88.9634399414062	8.952033162117	9.9377915977657
252	ctrl_M3	ctrl	97.382568359375	9.73613792657852	10.0021763345743
252	mut_M1	mut	67.5520477294922	5.30051398277283	12.7444334547636
252	mut_M2	mut	74.9738845825195	7.57031428813934	9.90366868915648
252	mut_M3	mut	62.8314208984375	5.68416628241539	11.0537619374038
253	ctrl_M1	ctrl	57.0564842224121	19.2494722604752	2.96405446603156
253	ctrl_M2	ctrl	76.9166030883789	30.7662700414658	2.50003016240556
253	ctrl_M3	ctrl	62.6491241455078	24.6063215136528	2.54605809774317
253	mut_M1	mut	48.9664192199707	18.3512799739838	2.66828359053916
253	mut_M2	mut	47.9991226196289	21.4796415567398	2.23463331512475
253	mut_M3	mut	46.3085250854492	18.2715979814529	2.53445402708925
254	ctrl_M1	ctrl	41.1512680053711	34.3222064971924	1.19896918657422
254	ctrl_M2	ctrl	53.1793212890625	47.1914944648743	1.12688360248148
254	ctrl_M3	ctrl	53.3886528015137	45.0788588523865	1.18433904851802
254	mut_M1	mut	43.6813812255859	42.1975374221802	1.035164227442
254	mut_M2	mut	40.2467803955078	41.703812122345	0.965062385122906
254	mut_M3	mut	27.1881294250488	26.5062401294708	1.0257256137516
255	ctrl_M1	ctrl	51.9105834960938	23.1555483341217	2.24182052383528
255	ctrl_M2	ctrl	60.9587821960449	29.3686554431915	2.07564089251409
255	ctrl_M3	ctrl	58.548755645752	26.6452376842499	2.19734409351358
255	mut_M1	mut	41.9606781005859	25.5950627326965	1.63940516727013
255	mut_M2	mut	39.5990791320801	29.9354777336121	1.32281433703721
255	mut_M3	mut	34.3888702392578	20.068078994751	1.71361046805988
256	ctrl_M1	ctrl	42.9420967102051	4.91685199737549	8.7336565617852
256	ctrl_M2	ctrl	49.7627182006836	7.00445425510406	7.10443903098119
256	ctrl_M3	ctrl	52.8197326660156	6.68154096603394	7.90532198104125
256	mut_M1	mut	34.6493110656738	8.99668157100677	3.85134349728868
256	mut_M2	mut	31.1668319702148	6.51789510250092	4.78173267290787
256	mut_M3	mut	30.4526081085205	5.08978509902954	5.98308327680217
257	ctrl_M1	ctrl	27.3501682281494	8.05419826507568	3.39576545399239
257	ctrl_M2	ctrl	35.4986915588379	11.2964074611664	3.14247619704509
257	ctrl_M3	ctrl	31.9095191955566	10.5892360210419	3.01339200789833
257	mut_M1	mut	22.2567501068115	7.72304272651672	2.88186287386369
257	mut_M2	mut	25.6674861907959	10.0315709114075	2.55867066259861
257	mut_M3	mut	22.1501064300537	6.87168657779694	3.22338718148508
258	ctrl_M1	ctrl	54.6774291992188	20.4055995941162	2.67953063310056
258	ctrl_M2	ctrl	107.237991333008	31.7480084896088	3.37778640093621
258	ctrl_M3	ctrl	76.990837097168	31.1612298488617	2.47072524000462
258	mut_M1	mut	36.9746780395508	22.6920294761658	1.62941256877824
258	mut_M2	mut	67.3681335449219	22.274224281311	3.02448842635774
258	mut_M3	mut	38.647331237793	18.1629122495651	2.12781577682942
259	ctrl_M1	ctrl	29.3671455383301	7.78286021947861	3.77331015978306
259	ctrl_M2	ctrl	36.309928894043	7.72373276948929	4.70108559911296
259	ctrl_M3	ctrl	31.2390193939209	11.3716759085655	2.74709019542059
259	mut_M1	mut	20.7426166534424	10.9689937829971	1.89102273770956
259	mut_M2	mut	24.2580833435059	12.2399572730064	1.98187647247787
259	mut_M3	mut	25.0140991210938	9.0852478146553	2.75326547292896
260	ctrl_M1	ctrl	28.1364974975586	10.2198577523232	2.75312026639145
260	ctrl_M2	ctrl	27.1769371032715	18.9541074037552	1.43382837948292
260	ctrl_M3	ctrl	30.0536804199219	18.6474212408066	1.61168024424496
260	mut_M1	mut	19.8562870025635	12.3010630607605	1.61419276565646
260	mut_M2	mut	27.7742481231689	14.0915532112122	1.97098557603075
260	mut_M3	mut	15.0215034484863	11.0198763012886	1.36312813663161
261	ctrl_M1	ctrl	53.1748847961426	26.5048747062683	2.00623037782431
261	ctrl_M2	ctrl	49.2676620483398	35.3048939704895	1.39549100726719
261	ctrl_M3	ctrl	69.4115905761719	33.9039511680603	2.04730092466515
261	mut_M1	mut	32.8701820373535	24.5268583297729	1.34017090959639
261	mut_M2	mut	41.8172760009766	28.5419769287109	1.46511491146613
261	mut_M3	mut	40.0298652648926	20.0349292755127	1.99800382194602
262	ctrl_M1	ctrl	23.8262271881104	6.64710170030594	3.58445353514205
262	ctrl_M2	ctrl	18.7263507843018	7.7033451795578	2.43093751452232
262	ctrl_M3	ctrl	25.8077602386475	11.1636554002762	2.31176611184263
262	mut_M1	mut	12.0814666748047	5.19261717796326	2.32666230934118
262	mut_M2	mut	17.2268142700195	9.15272116661072	1.88215219893983
262	mut_M3	mut	16.5819225311279	5.19745975732803	3.19038978757818
263	ctrl_M1	ctrl	27.0369300842285	11.4474384784698	2.36183231166336
263	ctrl_M2	ctrl	36.3850860595703	14.1202299594879	2.57680548857647
263	ctrl_M3	ctrl	31.385290145874	7.35582202672958	4.26672777452012
263	mut_M1	mut	21.2517395019531	8.4493066072464	2.51520515112174
263	mut_M2	mut	26.601261138916	9.08963537216187	2.92654876128317
263	mut_M3	mut	17.4111404418945	4.32563304901123	4.02510805808515
264	ctrl_M1	ctrl	26.4165687561035	17.6406435966492	1.49748327556038
264	ctrl_M2	ctrl	43.2744369506836	18.8533661365509	2.29531621235466
264	ctrl_M3	ctrl	35.1635513305664	15.1169755458832	2.32609699101766
264	mut_M1	mut	15.8697338104248	10.8021023273468	1.46913381576183
264	mut_M2	mut	22.0082969665527	10.6893210411072	2.0589050400785
264	mut_M3	mut	22.4160270690918	9.93561881780624	2.25612792520971
265	ctrl_M1	ctrl	33.8652076721191	8.11913633346558	4.17103572119279
265	ctrl_M2	ctrl	30.7937526702881	13.9757894277573	2.20336409828333
265	ctrl_M3	ctrl	38.5108985900879	12.561786711216	3.06571823542449
265	mut_M1	mut	23.1461811065674	9.31679844856262	2.48434923588353
265	mut_M2	mut	26.9997577667236	7.38045528531075	3.6582780767551
265	mut_M3	mut	26.9736022949219	10.9848436117172	2.45552902238407
266	ctrl_M1	ctrl	17.52809715271	3.81532357633114	4.5941312190263
266	ctrl_M2	ctrl	20.8395729064941	6.0823912024498	3.42621383808733
266	ctrl_M3	ctrl	23.367826461792	4.5001557469368	5.19267060427813
266	mut_M1	mut	13.0467929840088	5.51074254512787	2.36751996254001
266	mut_M2	mut	15.0309896469116	4.63600963354111	3.24222571458087
266	mut_M3	mut	10.8782262802124	4.46826887130737	2.43455051464473
267	ctrl_M1	ctrl	17.2579193115234	3.04473876953125	5.66811165681066
267	ctrl_M2	ctrl	24.6223068237305	4.47827687859535	5.49816536387394
267	ctrl_M3	ctrl	22.5873126983643	6.26218920946121	3.60693552092586
267	mut_M1	mut	20.0528392791748	3.93601214885712	5.09470970128928
267	mut_M2	mut	16.7920322418213	3.3075827807188	5.07682901837216
267	mut_M3	mut	20.2712059020996	2.78316426277161	7.2835104177116
268	ctrl_M1	ctrl	46.3077125549316	7.28255021572113	6.35872203873931
268	ctrl_M2	ctrl	56.314094543457	13.1654518246651	4.27741450072791
268	ctrl_M3	ctrl	48.6554489135742	11.3884001970291	4.27236908361079
268	mut_M1	mut	42.4189071655273	9.63044595718384	4.40466696496904
268	mut_M2	mut	36.0587463378906	9.33565247058868	3.86247736315069
268	mut_M3	mut	35.4628486633301	6.82640781998634	5.194950199064
269	ctrl_M1	ctrl	94.3326721191406	7.92414367198944	11.9044626175307
269	ctrl_M2	ctrl	108.369369506836	10.2465465068817	10.5761848086137
269	ctrl_M3	ctrl	107.125053405762	11.3842284679413	9.409952875369
269	mut_M1	mut	93.6879577636719	8.69370222091675	10.7765317218091
269	mut_M2	mut	83.059440612793	6.08066987991333	13.6595872252774
269	mut_M3	mut	76.2602310180664	7.59662556648254	10.0386981496808
270	ctrl_M1	ctrl	44.7754745483398	4.11190128326416	10.8892386912547
270	ctrl_M2	ctrl	60.3286247253418	7.80707740783691	7.72742750888862
270	ctrl_M3	ctrl	50.8425941467285	3.63186645507812	13.9990263341428
270	mut_M1	mut	34.7312889099121	4.11562776565552	8.43888001722145
270	mut_M2	mut	24.8214435577393	4.66846340894699	5.31683369525176
270	mut_M3	mut	35.8592681884766	3.99077427387238	8.98554158355871
271	ctrl_M1	ctrl	37.279411315918	15.5270967483521	2.40092606622513
271	ctrl_M2	ctrl	40.9654922485352	22.1940155029297	1.84579001682357
271	ctrl_M3	ctrl	43.5036239624023	21.5964922904968	2.01438378868338
271	mut_M1	mut	28.4599361419678	15.8209472894669	1.79887687009207
271	mut_M2	mut	31.1642150878906	19.3948835134506	1.60682661828197
271	mut_M3	mut	28.2719554901123	16.4121797084808	1.72262039487071
272	ctrl_M1	ctrl	34.5188102722168	62.7478568553925	0.550119350717718
272	ctrl_M2	ctrl	44.8582649230957	74.3179616928101	0.603599236326143
272	ctrl_M3	ctrl	45.0870704650879	59.1217434406281	0.762614020514564
272	mut_M1	mut	27.6100101470947	64.2953610420227	0.42942460699535
272	mut_M2	mut	37.9159736633301	54.2637765407562	0.698734516475319
272	mut_M3	mut	27.5689525604248	49.1845495700836	0.560520586269505
273	ctrl_M1	ctrl	19.7690887451172	5.0679377913475	3.9008151952593
273	ctrl_M2	ctrl	16.1968536376953	7.82508778572083	2.06986222790385
273	ctrl_M3	ctrl	22.1397972106934	9.46129775047302	2.34003809990934
273	mut_M1	mut	14.1860647201538	6.93768048286438	2.04478496165865
273	mut_M2	mut	16.270435333252	6.54574000835419	2.48565254844927
273	mut_M3	mut	16.9198169708252	6.13638100028038	2.75729570410509
274	ctrl_M1	ctrl	26.0129547119141	8.76931369304657	2.96636152183043
274	ctrl_M2	ctrl	33.8601341247559	13.2189075946808	2.56149261065876
274	ctrl_M3	ctrl	28.2015838623047	11.3751702308655	2.47922301732086
274	mut_M1	mut	23.109655380249	12.6185158491135	1.83140835709872
274	mut_M2	mut	23.2579555511475	8.69849193096161	2.67379170271603
274	mut_M3	mut	17.858190536499	10.3130527734756	1.73161050648639
275	ctrl_M1	ctrl	43.707592010498	17.0433571338654	2.56449428755151
275	ctrl_M2	ctrl	56.1856269836426	23.3740708827972	2.40375873186018
275	ctrl_M3	ctrl	51.7691612243652	22.8683531284332	2.26379052892962
275	mut_M1	mut	22.2117176055908	16.7838739156723	1.32339635755069
275	mut_M2	mut	25.7985439300537	17.1432702541351	1.5048787977796
275	mut_M3	mut	21.3103790283203	14.8253359794617	1.43742975254272
276	ctrl_M1	ctrl	31.8627319335938	8.30496662855148	3.83658759374824
276	ctrl_M2	ctrl	38.6103057861328	10.1026210784912	3.82181074457354
276	ctrl_M3	ctrl	30.4441967010498	8.94272768497467	3.40435242730261
276	mut_M1	mut	18.2283935546875	5.63185861706734	3.23665681156242
276	mut_M2	mut	19.6348667144775	6.67679370939732	2.94076282255692
276	mut_M3	mut	14.7620658874512	6.13323777914047	2.40689606681448
277	ctrl_M1	ctrl	46.8776664733887	47.7656502723694	0.981409573743532
277	ctrl_M2	ctrl	58.0024604797363	56.8790153264999	1.01975148737698
277	ctrl_M3	ctrl	60.2597885131836	62.1267740726471	0.969948776717742
277	mut_M1	mut	43.0949325561523	59.4730923473835	0.724612271788963
277	mut_M2	mut	30.9312877655029	47.3301397562027	0.653522003628762
277	mut_M3	mut	33.1758499145508	50.1809842586517	0.66112393777591
278	ctrl_M1	ctrl	83.6915588378906	11.4422301054001	7.3142698640882
278	ctrl_M2	ctrl	102.991226196289	13.6774930953979	7.52997829923544
278	ctrl_M3	ctrl	101.809722900391	9.99512088298798	10.1859421303923
278	mut_M1	mut	75.0041275024414	12.9317286014557	5.80000785772742
278	mut_M2	mut	81.6552200317383	11.5983964204788	7.04021634297332
278	mut_M3	mut	70.8858337402344	9.79902040958405	7.2339714356451
279	ctrl_M1	ctrl	39.5200080871582	16.3035906553268	2.42400639973415
279	ctrl_M2	ctrl	69.0860824584961	22.2321319580078	3.10748796332202
279	ctrl_M3	ctrl	64.0969848632812	22.2017328739166	2.88702621670512
279	mut_M1	mut	39.6811637878418	17.0130045413971	2.33240188064884
279	mut_M2	mut	42.1057929992676	20.8233134746552	2.02205057569326
279	mut_M3	mut	37.0520858764648	18.4817435741425	2.00479385117668
280	ctrl_M1	ctrl	61.976749420166	5.73871511220932	10.7997606098808
280	ctrl_M2	ctrl	78.1288375854492	8.68635952472687	8.99442825996842
280	ctrl_M3	ctrl	101.842002868652	6.51799291372299	15.6247489398514
280	mut_M1	mut	58.915111541748	3.6797488629818	16.0106338055928
280	mut_M2	mut	63.8596305847168	3.53301021456718	18.0751333017417
280	mut_M3	mut	47.6201782226562	3.32768452167511	14.3103043309781
281	ctrl_M1	ctrl	42.4844627380371	24.5986771583557	1.72710355376187
281	ctrl_M2	ctrl	52.5895767211914	43.1725261211395	1.21812600387636
281	ctrl_M3	ctrl	47.926586151123	33.7108292579651	1.42169703938087
281	mut_M1	mut	32.8196792602539	29.2299833297729	1.12280868894046
281	mut_M2	mut	30.8896770477295	28.6019167900085	1.07998625667354
281	mut_M3	mut	23.914909362793	21.5008691549301	1.11227640103606
282	ctrl_M1	ctrl	17.8489933013916	3.2706187069416	5.45737516375989
282	ctrl_M2	ctrl	22.967041015625	6.52142286300659	3.52178374230381
282	ctrl_M3	ctrl	21.0552539825439	5.09735119342804	4.13062651239143
282	mut_M1	mut	10.9837627410889	3.09367313981056	3.5503953535833
282	mut_M2	mut	14.1681871414185	2.33005052804947	6.08063514969305
282	mut_M3	mut	9.37058448791504	2.98351752758026	3.14078412521173
283	ctrl_M1	ctrl	35.9827880859375	1.47862994670868	24.3352220520303
283	ctrl_M2	ctrl	54.0658569335938	4.50252342224121	12.0079013174087
283	ctrl_M3	ctrl	39.6785163879395	5.05296751856804	7.85251760319725
283	mut_M1	mut	26.0536346435547	1.49704673886299	17.4033541954358
283	mut_M2	mut	34.8928260803223	1.34933553636074	25.8592656459866
283	mut_M3	mut	30.5432357788086	3.77616050839424	8.08843684237264
284	ctrl_M1	ctrl	28.3965396881104	5.21175384521484	5.44855734393184
284	ctrl_M2	ctrl	27.9656543731689	9.14808309078217	3.05699610460992
284	ctrl_M3	ctrl	28.2834854125977	10.0145740509033	2.8242324904519
284	mut_M1	mut	11.8203630447388	6.83124244213104	1.73033868214628
284	mut_M2	mut	12.0185632705688	9.31332159042358	1.29047012431386
284	mut_M3	mut	16.8904628753662	7.05765479803085	2.39321181875866
285	ctrl_M1	ctrl	29.5475730895996	4.09286147356033	7.21929468673087
285	ctrl_M2	ctrl	40.5315017700195	5.89824798703194	6.87178664904109
285	ctrl_M3	ctrl	49.1879425048828	8.05165153741837	6.10905008448169
285	mut_M1	mut	22.4878311157227	6.02156323194504	3.73455035669514
285	mut_M2	mut	32.0711708068848	3.78541043400764	8.47231003506554
285	mut_M3	mut	25.6811771392822	4.90353608131409	5.23727708197061
286	ctrl_M1	ctrl	39.796272277832	56.1902347803116	0.708241786734377
286	ctrl_M2	ctrl	46.1353912353516	55.0048818588257	0.838750846765959
286	ctrl_M3	ctrl	38.5787811279297	65.1851694583893	0.591833716909432
286	mut_M1	mut	20.1957378387451	54.720484495163	0.36907088862728
286	mut_M2	mut	28.2616443634033	55.7363455295563	0.507059515561825
286	mut_M3	mut	22.8495063781738	49.0691380500793	0.465659420282743
287	ctrl_M1	ctrl	49.61181640625	44.8985080718994	1.10497694771512
287	ctrl_M2	ctrl	45.2323341369629	59.8527512550354	0.755726899574353
287	ctrl_M3	ctrl	76.7861938476562	50.8579359650612	1.50981734493526
287	mut_M1	mut	28.1259384155273	62.6243522763252	0.449121426301126
287	mut_M2	mut	35.2058906555176	51.388532102108	0.685092358457801
287	mut_M3	mut	23.4858283996582	45.4572569727898	0.516657404420961
288	ctrl_M1	ctrl	14.4312925338745	2.68453347682953	5.37571710631751
288	ctrl_M2	ctrl	16.2809963226318	5.53640449047089	2.94071655180799
288	ctrl_M3	ctrl	15.6180696487427	3.06854939460754	5.08972404882541
288	mut_M1	mut	11.4204597473145	3.63531485199928	3.14153249780652
288	mut_M2	mut	10.891580581665	2.039361551404	5.34068153543776
288	mut_M3	mut	11.1526279449463	2.83758920431137	3.93031800656742
289	ctrl_M1	ctrl	32.2566947937012	2.29085326194763	14.0806464252875
289	ctrl_M2	ctrl	57.6918487548828	6.12371146678925	9.42105928206502
289	ctrl_M3	ctrl	46.074951171875	5.58448421955109	8.25052938829484
289	mut_M1	mut	32.5725555419922	2.25694993138313	14.4321125998709
289	mut_M2	mut	32.3161277770996	1.71174070239067	18.879102268215
289	mut_M3	mut	32.8786315917969	2.02187755703926	16.2614355539624
290	ctrl_M1	ctrl	11.4522037506104	2.92918249964714	3.90969280746076
290	ctrl_M2	ctrl	16.5080680847168	5.53015637397766	2.98509969128469
290	ctrl_M3	ctrl	19.7843685150146	2.62907791137695	7.52521194955869
290	mut_M1	mut	12.8208913803101	2.65995538234711	4.8199648254991
290	mut_M2	mut	8.91615772247314	4.90385657548904	1.81819300487677
290	mut_M3	mut	8.39327526092529	1.65510007739067	5.07115876289343
291	ctrl_M1	ctrl	68.0315551757812	12.2341552227736	5.56078895003247
291	ctrl_M2	ctrl	85.4785461425781	17.8988883495331	4.7756343563542
291	ctrl_M3	ctrl	79.0269775390625	16.546441078186	4.77607100920618
291	mut_M1	mut	46.6932907104492	15.3573371171951	3.04045488837829
291	mut_M2	mut	46.85302734375	14.8061146438122	3.16443769826752
291	mut_M3	mut	47.4475975036621	13.3995133042336	3.54099409630581
292	ctrl_M1	ctrl	54.8360595703125	15.4564933180809	3.54776846480215
292	ctrl_M2	ctrl	50.8825225830078	21.7203605175018	2.34261869373704
292	ctrl_M3	ctrl	48.3804168701172	18.3730608224869	2.63322575032812
292	mut_M1	mut	30.5598297119141	12.9784023761749	2.35466807286035
292	mut_M2	mut	32.7331008911133	15.9708720445633	2.04955000577167
292	mut_M3	mut	28.2474040985107	11.1599994897842	2.53112951522696
293	ctrl_M1	ctrl	52.7482452392578	4.48073306679726	11.7722355812999
293	ctrl_M2	ctrl	51.0850601196289	6.71320551633835	7.60963745192963
293	ctrl_M3	ctrl	60.2028656005859	4.62334242463112	13.0215026427313
293	mut_M1	mut	45.2128944396973	6.49996256828308	6.95586997074661
293	mut_M2	mut	46.2813377380371	5.30360662937164	8.72638960094226
293	mut_M3	mut	41.3771934509277	4.8375518321991	8.55333335666155
294	ctrl_M1	ctrl	55.8632125854492	38.0396288633347	1.46855303941449
294	ctrl_M2	ctrl	66.9944534301758	48.562828540802	1.37954183154484
294	ctrl_M3	ctrl	62.7867889404297	48.5376716852188	1.29356820713652
294	mut_M1	mut	35.8063278198242	45.5507826805115	0.786074919304156
294	mut_M2	mut	39.4522666931152	47.0838856697083	0.83791441874342
294	mut_M3	mut	28.1310291290283	39.1173704266548	0.719144176160156
295	ctrl_M1	ctrl	40.908374786377	44.4582890868187	0.920151801309551
295	ctrl_M2	ctrl	44.5318183898926	40.0494437217712	1.11192102190635
295	ctrl_M3	ctrl	48.8772583007812	47.1284826993942	1.03710655427932
295	mut_M1	mut	38.8897476196289	48.6619077324867	0.799182552262867
295	mut_M2	mut	39.9026527404785	58.60560131073	0.680867559551391
295	mut_M3	mut	31.9583320617676	32.7434258759022	0.976022856706867
296	ctrl_M1	ctrl	35.787525177002	4.66376250982285	7.67353078155803
296	ctrl_M2	ctrl	35.7115364074707	8.92108118534088	4.00305026549382
296	ctrl_M3	ctrl	40.6349067687988	5.51450164616108	7.36873599395638
296	mut_M1	mut	29.3665008544922	5.50402104854584	5.33546303611081
296	mut_M2	mut	31.8576908111572	6.26780700683594	5.08274916193365
296	mut_M3	mut	31.922306060791	4.94622540473938	6.45387208399432
297	ctrl_M1	ctrl	13.7010707855225	4.95210647583008	2.76671571025255
297	ctrl_M2	ctrl	13.963472366333	8.48274397850037	1.64610324226732
297	ctrl_M3	ctrl	12.7574911117554	5.21573430299759	2.44596261439609
297	mut_M1	mut	8.49382591247559	5.38541525602341	1.577190524533
297	mut_M2	mut	11.9813270568848	6.24840539693832	1.91750155371729
297	mut_M3	mut	7.55012845993042	5.2162978053093	1.44741131387201
298	ctrl_M1	ctrl	29.6618347167969	7.76225394010544	3.82129146323625
298	ctrl_M2	ctrl	32.7827529907227	10.0142986476421	3.27359450164204
298	ctrl_M3	ctrl	27.8789253234863	6.99718505144119	3.98430584849892
298	mut_M1	mut	16.939510345459	8.79843777418137	1.92528614513445
298	mut_M2	mut	24.1344337463379	8.19295024871826	2.94575617008215
298	mut_M3	mut	21.9999217987061	7.27130079269409	3.02558268814992
299	ctrl_M1	ctrl	57.0436782836914	14.1996954679489	4.01724659605895
299	ctrl_M2	ctrl	84.1861724853516	16.9545631408691	4.96539909556383
299	ctrl_M3	ctrl	69.2753601074219	15.7515671849251	4.39799794484712
299	mut_M1	mut	61.8654518127441	16.3504574298859	3.7837138244013
299	mut_M2	mut	56.1562156677246	12.6016635894775	4.45625415001678
299	mut_M3	mut	54.5097122192383	11.1221535205841	4.90100339995807
300	ctrl_M1	ctrl	19.0777931213379	31.8584775924683	0.598829403130303
300	ctrl_M2	ctrl	37.6828002929688	43.4913833141327	0.866442900212916
300	ctrl_M3	ctrl	27.7839965820312	41.0285127162933	0.677187515281235
300	mut_M1	mut	18.8929347991943	35.02201628685	0.539458797701725
300	mut_M2	mut	29.496732711792	34.6273767948151	0.851832724337602
300	mut_M3	mut	17.6243438720703	30.3715723752975	0.580290794769813
301	ctrl_M1	ctrl	15.2905569076538	0.801018223166466	19.08890018408
301	ctrl_M2	ctrl	21.6144943237305	0.499699130654335	43.2550168647026
301	ctrl_M3	ctrl	28.255952835083	1.78554476797581	15.824835838261
301	mut_M1	mut	10.824405670166	1.26077722012997	8.58550225792483
301	mut_M2	mut	13.8643465042114	1.50833532214165	9.19181981664779
301	mut_M3	mut	12.8324956893921	1.48347374796867	8.65030183848125
302	ctrl_M1	ctrl	48.2547988891602	21.2598860263824	2.26975811767186
302	ctrl_M2	ctrl	49.8672828674316	32.0747485160828	1.55472093077916
302	ctrl_M3	ctrl	52.9059066772461	31.4408650398254	1.68271154786077
302	mut_M1	mut	38.7345390319824	27.526300907135	1.40718286712989
302	mut_M2	mut	40.7360305786133	26.3643350601196	1.54511883139557
302	mut_M3	mut	30.3728847503662	20.4080843925476	1.48827710460946
303	ctrl_M1	ctrl	32.3253059387207	17.2585133314133	1.87300640084007
303	ctrl_M2	ctrl	55.8191108703613	32.2096027135849	1.73299594430635
303	ctrl_M3	ctrl	49.7833824157715	27.0558531284332	1.84002264424823
303	mut_M1	mut	25.7304821014404	17.6417814791203	1.45849681518238
303	mut_M2	mut	23.3209590911865	16.1907677650452	1.44038623922054
303	mut_M3	mut	29.2718811035156	14.9403598308563	1.95924873529889
304	ctrl_M1	ctrl	31.7834911346436	5.78909754753113	5.49023243669443
304	ctrl_M2	ctrl	23.6325550079346	6.5248005092144	3.62195824601233
304	ctrl_M3	ctrl	34.7301292419434	3.53769725561142	9.81715696187829
304	mut_M1	mut	19.8079471588135	4.21230036020279	4.70240615934137
304	mut_M2	mut	14.0746307373047	3.78003290295601	3.72341487458965
304	mut_M3	mut	10.1341676712036	3.29734420776367	3.07343335504449
305	ctrl_M1	ctrl	49.1549606323242	19.7086255550385	2.49408364348157
305	ctrl_M2	ctrl	65.2802352905273	23.3571643829346	2.79486988318766
305	ctrl_M3	ctrl	57.0477676391602	24.8976368904114	2.29129245840719
305	mut_M1	mut	31.8926753997803	21.6912933588028	1.47029846824867
305	mut_M2	mut	42.3151054382324	23.8824124336243	1.7718103460376
305	mut_M3	mut	38.6630668640137	19.1078448295593	2.0234132739137
306	ctrl_M1	ctrl	45.2693748474121	17.353529214859	2.60865523588424
306	ctrl_M2	ctrl	52.042537689209	31.8491718769073	1.63403111045858
306	ctrl_M3	ctrl	52.0163383483887	27.4527339935303	1.89475985745708
306	mut_M1	mut	47.2480354309082	24.8409688472748	1.90202063862302
306	mut_M2	mut	41.2722129821777	25.6447486877441	1.60938262584348
306	mut_M3	mut	30.8683319091797	18.826868891716	1.63958925335492
307	ctrl_M1	ctrl	13.5001468658447	0.940562725067139	14.3532658758947
307	ctrl_M2	ctrl	14.2159214019775	1.86708700656891	7.61395765272971
307	ctrl_M3	ctrl	14.9195432662964	2.82537072896957	5.28056127761245
307	mut_M1	mut	7.3675971031189	1.99030101299286	3.70175016493615
307	mut_M2	mut	10.8247470855713	1.33859157562256	8.08666906523512
307	mut_M3	mut	8.28716278076172	2.9947501718998	2.76723008767858
308	ctrl_M1	ctrl	18.1142635345459	5.43805634975433	3.33101799052969
308	ctrl_M2	ctrl	22.4474563598633	7.54353296756744	2.97572191390606
308	ctrl_M3	ctrl	32.5497245788574	8.31930208206177	3.9125547140597
308	mut_M1	mut	21.6843242645264	6.9203674197197	3.13340650132774
308	mut_M2	mut	20.1224975585938	6.40135192871094	3.14347621919389
308	mut_M3	mut	16.6200351715088	4.54680329561234	3.65532311185468
309	ctrl_M1	ctrl	35.3505592346191	15.2379468679428	2.31990303818349
309	ctrl_M2	ctrl	63.318733215332	24.7397599220276	2.55939157917837
309	ctrl_M3	ctrl	48.0837211608887	20.8012670278549	2.31157655427912
309	mut_M1	mut	28.0282039642334	16.9882555007935	1.64985768920913
309	mut_M2	mut	32.7118797302246	21.4365595579147	1.52598553148641
309	mut_M3	mut	31.178897857666	14.4174543619156	2.16257995863865
310	ctrl_M1	ctrl	37.5480041503906	24.8960773944855	1.50818956558625
310	ctrl_M2	ctrl	53.4891319274902	38.3457245826721	1.39491775183879
310	ctrl_M3	ctrl	51.6852264404297	37.4567804336548	1.37986302725556
310	mut_M1	mut	33.4953994750977	32.8536791801453	1.01953267673412
310	mut_M2	mut	38.5193519592285	34.7730054855347	1.10773720653086
310	mut_M3	mut	28.0884552001953	28.4840421676636	0.986111979292133
311	ctrl_M1	ctrl	38.9218368530273	43.1807943582535	0.901369171907972
311	ctrl_M2	ctrl	57.9492607116699	68.7770507335663	0.842566816890101
311	ctrl_M3	ctrl	50.4595375061035	68.3689912557602	0.738047126033211
311	mut_M1	mut	32.500431060791	50.0436047911644	0.649442245346187
311	mut_M2	mut	42.3106155395508	54.6233280897141	0.774588752081515
311	mut_M3	mut	29.9531383514404	49.8788796663284	0.600517464542428
312	ctrl_M1	ctrl	21.8481369018555	4.70811194181442	4.64053046568718
312	ctrl_M2	ctrl	29.8366165161133	5.38833606243134	5.53725977192491
312	ctrl_M3	ctrl	37.4963188171387	6.28579890727997	5.96524314096525
312	mut_M1	mut	18.770788192749	4.18701988458633	4.48309029098474
312	mut_M2	mut	18.6801300048828	6.43489980697632	2.90294030446767
312	mut_M3	mut	14.8297185897827	4.90602779388428	3.02275470356467
313	ctrl_M1	ctrl	23.9063282012939	16.6397992372513	1.43669571131454
313	ctrl_M2	ctrl	29.6997451782227	23.5799379348755	1.25953449327344
313	ctrl_M3	ctrl	36.1333923339844	20.709981918335	1.74473316666659
313	mut_M1	mut	18.8550319671631	18.4469274282455	1.02212317148777
313	mut_M2	mut	31.3780460357666	18.2219359874725	1.72199299006092
313	mut_M3	mut	25.3098526000977	14.2849096059799	1.77178948262315
314	ctrl_M1	ctrl	25.9930553436279	9.18601381778717	2.82963381715111
314	ctrl_M2	ctrl	40.343074798584	13.6269073486328	2.96054517481045
314	ctrl_M3	ctrl	33.6857719421387	13.0777616500854	2.5758056189928
314	mut_M1	mut	14.7854442596436	7.82617944478989	1.8892288841507
314	mut_M2	mut	13.2754554748535	11.1769638061523	1.18775149540576
314	mut_M3	mut	15.2665147781372	5.26317715644836	2.90062719234767
315	ctrl_M1	ctrl	16.3419818878174	6.04283314943314	2.70435762227696
315	ctrl_M2	ctrl	27.7561111450195	6.17336809635162	4.49610499678822
315	ctrl_M3	ctrl	28.2480621337891	5.82207918167114	4.85188559831316
315	mut_M1	mut	14.1525144577026	5.77711242437363	2.44975576344909
315	mut_M2	mut	15.3761863708496	7.51567339897156	2.04588272462101
315	mut_M3	mut	19.7189655303955	5.59908702969551	3.52181800815264
316	ctrl_M1	ctrl	45.6890907287598	3.64323914051056	12.5407882838997
316	ctrl_M2	ctrl	77.2319488525391	6.02384197711945	12.8210449653048
316	ctrl_M3	ctrl	81.7030792236328	4.25247186422348	19.2130793177046
316	mut_M1	mut	39.9459686279297	3.94710355997086	10.1203244406956
316	mut_M2	mut	65.1496963500977	2.69545006752014	24.1702479059597
316	mut_M3	mut	51.4298934936523	4.09572565555573	12.5569673896222
317	ctrl_M1	ctrl	50.3588981628418	22.7410664558411	2.21444751769357
317	ctrl_M2	ctrl	66.8698272705078	27.566876411438	2.42573102126153
317	ctrl_M3	ctrl	53.8115501403809	30.3288297653198	1.77427057215089
317	mut_M1	mut	39.2541923522949	20.8074932098389	1.88654115882318
317	mut_M2	mut	48.9500350952148	23.28577709198	2.10214307651661
317	mut_M3	mut	47.3154563903809	22.7010688781738	2.08428319583986
318	ctrl_M1	ctrl	28.906925201416	22.6375128030777	1.27694793385102
318	ctrl_M2	ctrl	42.8406105041504	27.417382478714	1.5625346634534
318	ctrl_M3	ctrl	41.8137283325195	27.7725279331207	1.50557876593775
318	mut_M1	mut	24.6669692993164	30.6753566265106	0.80412982967567
318	mut_M2	mut	22.6924915313721	20.5499701499939	1.10425909944102
318	mut_M3	mut	24.0114402770996	24.4505121707916	0.982042425507285
319	ctrl_M1	ctrl	18.2416324615479	4.44878560304642	4.10036223122473
319	ctrl_M2	ctrl	35.442440032959	10.3155770301819	3.43581749515898
319	ctrl_M3	ctrl	26.8997611999512	12.7499635219574	2.10979122831416
319	mut_M1	mut	11.3138608932495	7.40731656551361	1.52738995197312
319	mut_M2	mut	21.5217971801758	3.45872569084167	6.22246431313218
319	mut_M3	mut	17.5838832855225	7.15270447731018	2.45835450650898
320	ctrl_M1	ctrl	37.5324211120605	30.9626371860504	1.21218424924638
320	ctrl_M2	ctrl	48.2023468017578	33.9530328512192	1.41967720565578
320	ctrl_M3	ctrl	46.182689666748	35.5401780605316	1.2994501487328
320	mut_M1	mut	33.0747985839844	26.2223324775696	1.26132176122305
320	mut_M2	mut	29.1379737854004	32.6466536521912	0.892525589171517
320	mut_M3	mut	23.3841590881348	22.1079030036926	1.05772850026658
321	ctrl_M1	ctrl	26.6206035614014	7.26018691062927	3.6666554028282
321	ctrl_M2	ctrl	29.9503288269043	19.2280764579773	1.5576352055995
321	ctrl_M3	ctrl	34.0418815612793	16.1607656478882	2.10645227478611
321	mut_M1	mut	16.6217746734619	13.131471157074	1.26579683834646
321	mut_M2	mut	20.8281593322754	12.9093492031097	1.61341668000259
321	mut_M3	mut	20.2295951843262	9.58070266246796	2.11149389528337
322	ctrl_M1	ctrl	19.3041172027588	2.84005880355835	6.79708363030103
322	ctrl_M2	ctrl	30.549488067627	3.99846385419369	7.64030617297838
322	ctrl_M3	ctrl	29.4003677368164	5.6726781129837	5.18280204715378
322	mut_M1	mut	14.274808883667	1.77889224886894	8.02454948732461
322	mut_M2	mut	20.6265888214111	1.81451883912086	11.3675253057195
322	mut_M3	mut	17.3616123199463	2.03496506810188	8.5316512760292
323	ctrl_M1	ctrl	40.0243263244629	8.23052632808685	4.86291213088998
323	ctrl_M2	ctrl	52.5302124023438	13.1829650402069	3.98470391464524
323	ctrl_M3	ctrl	58.2314224243164	12.2451602220535	4.75546431147888
323	mut_M1	mut	30.3477897644043	13.1357540488243	2.31031957903631
323	mut_M2	mut	34.1466751098633	11.0010541677475	3.10394573003497
323	mut_M3	mut	27.8436260223389	10.0926737785339	2.75879579914287
324	ctrl_M1	ctrl	36.5474395751953	33.3917396068573	1.09450540778924
324	ctrl_M2	ctrl	45.1546745300293	31.9811499118805	1.41191528930156
324	ctrl_M3	ctrl	41.0352210998535	33.7258100509644	1.21673048142783
324	mut_M1	mut	21.0221424102783	30.2083747386932	0.695904450077929
324	mut_M2	mut	27.5498199462891	32.2754182815552	0.853585217888045
324	mut_M3	mut	21.8692817687988	20.8044377565384	1.05118350347756
325	ctrl_M1	ctrl	23.9986839294434	2.41742676496506	9.92736751211996
325	ctrl_M2	ctrl	34.5342788696289	3.11430078744888	11.088934957345
325	ctrl_M3	ctrl	28.1320838928223	2.29608118534088	12.2522165472323
325	mut_M1	mut	20.6903743743896	2.18075874447823	9.4876952467936
325	mut_M2	mut	16.8155841827393	1.58856430649757	10.5853972130432
325	mut_M3	mut	15.8013772964478	2.27379414439201	6.94934382491026
326	ctrl_M1	ctrl	15.3329601287842	1.21860449016094	12.58239260776
326	ctrl_M2	ctrl	22.6483745574951	1.11778555810452	20.2618242768328
326	ctrl_M3	ctrl	34.0001602172852	1.98980182409286	17.087209291702
326	mut_M1	mut	11.0094861984253	1.00247892737389	10.9822619686041
326	mut_M2	mut	13.1797590255737	1.20363864302635	10.9499301155996
326	mut_M3	mut	13.6178922653198	0.691705375909805	19.6874171281496
327	ctrl_M1	ctrl	42.5811920166016	11.5451638102531	3.68822761776543
327	ctrl_M2	ctrl	60.7644538879395	18.249995470047	3.32955994359943
327	ctrl_M3	ctrl	60.5608940124512	16.3187227249146	3.71112954324483
327	mut_M1	mut	33.7715644836426	14.1015202999115	2.39488819399526
327	mut_M2	mut	43.0255851745605	16.3851546049118	2.62588826361533
327	mut_M3	mut	37.7004432678223	12.2271909117699	3.08332825911239
328	ctrl_M1	ctrl	36.6717948913574	21.7543799877167	1.6857200670423
328	ctrl_M2	ctrl	64.3935165405273	26.4293811321259	2.43643679050262
328	ctrl_M3	ctrl	54.4001045227051	21.4226511716843	2.53937311898208
328	mut_M1	mut	29.8561191558838	17.4049696922302	1.71537897990204
328	mut_M2	mut	41.888355255127	19.4917683601379	2.14902796304473
328	mut_M3	mut	33.6242866516113	18.4437708854675	1.82307006850237
329	ctrl_M1	ctrl	34.7832145690918	16.8650691211224	2.06244126954263
329	ctrl_M2	ctrl	57.2213172912598	22.8898466825485	2.49985585682782
329	ctrl_M3	ctrl	54.5899963378906	19.9336194396019	2.73858927142139
329	mut_M1	mut	36.1145324707031	16.9599455595016	2.12940143846572
329	mut_M2	mut	46.7168045043945	14.2541058063507	3.2774279312267
329	mut_M3	mut	32.432861328125	17.5829471349716	1.84456343291948
330	ctrl_M1	ctrl	16.9354553222656	4.05825960636139	4.17308328321801
330	ctrl_M2	ctrl	28.2114582061768	6.11291551589966	4.6150577629936
330	ctrl_M3	ctrl	26.6901397705078	5.89183831214905	4.53001904608828
330	mut_M1	mut	13.5931253433228	3.82944202423096	3.54963601937611
330	mut_M2	mut	10.4339447021484	6.11248940229416	1.70698777788185
330	mut_M3	mut	17.6496925354004	4.09524783492088	4.30979839239482
331	ctrl_M1	ctrl	20.7251205444336	9.40331518650055	2.20402274446641
331	ctrl_M2	ctrl	29.5171775817871	15.5960941314697	1.89260063019416
331	ctrl_M3	ctrl	32.9535102844238	14.5426511764526	2.26599056008315
331	mut_M1	mut	11.6027498245239	11.1126435995102	1.04410347732517
331	mut_M2	mut	15.6315336227417	7.8281055688858	1.99684757508534
331	mut_M3	mut	17.6096782684326	9.22105145454407	1.90972562676187
332	ctrl_M1	ctrl	19.7036266326904	1.83023905754089	10.7656027509129
332	ctrl_M2	ctrl	39.1727256774902	5.43923491239548	7.20188157128854
332	ctrl_M3	ctrl	46.6797027587891	4.28744059801102	10.8875450730313
332	mut_M1	mut	29.3296546936035	2.91144576668739	10.0739141457457
332	mut_M2	mut	34.868968963623	3.50806644558907	9.93965465148649
332	mut_M3	mut	39.5525817871094	1.7935072183609	22.0532046830883
333	ctrl_M1	ctrl	36.5860290527344	7.35580992698669	4.9737594385778
333	ctrl_M2	ctrl	40.5637969970703	9.7184830904007	4.17388152242984
333	ctrl_M3	ctrl	43.2627105712891	9.40433263778687	4.6002956549472
333	mut_M1	mut	23.3307781219482	8.99370074272156	2.59412435318458
333	mut_M2	mut	26.9268913269043	8.67888212203979	3.10257599403547
333	mut_M3	mut	29.6513710021973	6.90498626232147	4.29419695792826
334	ctrl_M1	ctrl	28.5353927612305	5.33483338356018	5.34888171937386
334	ctrl_M2	ctrl	35.9881896972656	10.7445831298828	3.34942633532011
334	ctrl_M3	ctrl	44.8776473999023	11.7632057070732	3.81508650936177
334	mut_M1	mut	26.2751770019531	8.80676913261414	2.98352058584665
334	mut_M2	mut	35.9329299926758	10.0324416160583	3.58167347170603
334	mut_M3	mut	23.2959384918213	8.36999249458313	2.7832687432991
335	ctrl_M1	ctrl	13.3286094665527	3.82577215135098	3.48390048838796
335	ctrl_M2	ctrl	16.4291458129883	7.38665860891342	2.22416476553598
335	ctrl_M3	ctrl	18.5312271118164	7.63563215732574	2.42694078630245
335	mut_M1	mut	8.38492488861084	4.27029050886631	1.9635490539113
335	mut_M2	mut	12.2203359603882	5.29276275634766	2.3088765778765
335	mut_M3	mut	11.4927043914795	3.63023141026497	3.1658324477559
336	ctrl_M1	ctrl	28.1363983154297	4.72025394439697	5.96078063741213
336	ctrl_M2	ctrl	35.1799812316895	6.08528196811676	5.78115877226586
336	ctrl_M3	ctrl	30.7167530059814	5.75999164581299	5.33277735364596
336	mut_M1	mut	27.821907043457	6.23422849178314	4.46276665671253
336	mut_M2	mut	20.2390518188477	7.31518721580505	2.76671686202638
336	mut_M3	mut	20.0190849304199	4.71595960855484	4.24496530761309
337	ctrl_M1	ctrl	23.0393409729004	6.38346910476685	3.60921946903382
337	ctrl_M2	ctrl	28.7065410614014	9.51877737045288	3.0157802776761
337	ctrl_M3	ctrl	38.2706718444824	10.3955464363098	3.68144878953257
337	mut_M1	mut	36.2882804870605	6.27191710472107	5.78583547600545
337	mut_M2	mut	27.2255172729492	7.23442184925079	3.76333006842402
337	mut_M3	mut	20.0362491607666	4.93526816368103	4.05980961849545
338	ctrl_M1	ctrl	52.7275123596191	3.9829703271389	13.2382388089482
338	ctrl_M2	ctrl	65.0968627929688	9.82319223880768	6.62685420486794
338	ctrl_M3	ctrl	65.2632217407227	10.2125519514084	6.39049103997188
338	mut_M1	mut	42.4117469787598	9.73671007156372	4.35586010747349
338	mut_M2	mut	48.2184295654297	10.3376746177673	4.66434003277263
338	mut_M3	mut	35.8747901916504	7.80322647094727	4.59743034823074
339	ctrl_M1	ctrl	41.7470512390137	11.7255665063858	3.56034407516925
339	ctrl_M2	ctrl	51.553882598877	15.5830535888672	3.30832993064389
339	ctrl_M3	ctrl	56.7818145751953	12.3567840456963	4.59519356858647
339	mut_M1	mut	43.2314109802246	12.7355527877808	3.39454530954505
339	mut_M2	mut	42.4472236633301	13.4855135679245	3.14761639959278
339	mut_M3	mut	41.6953048706055	12.5672969222069	3.31776237393805
340	ctrl_M1	ctrl	13.7097616195679	1.72643318772316	7.94109017195647
340	ctrl_M2	ctrl	12.1451940536499	2.28460049629211	5.31611284920993
340	ctrl_M3	ctrl	7.83120965957642	1.53479814529419	5.10243622823465
340	mut_M1	mut	8.19360256195068	0.969641298055649	8.4501377760835
340	mut_M2	mut	8.72622299194336	0.326328903436661	26.7405764553647
340	mut_M3	mut	10.5766248703003	1.999775826931	5.28890525021094
341	ctrl_M1	ctrl	29.1522045135498	16.1747722327709	1.80232550381674
341	ctrl_M2	ctrl	35.2520065307617	28.638307094574	1.23093891040231
341	ctrl_M3	ctrl	29.9420204162598	25.7630679607391	1.16220709668154
341	mut_M1	mut	15.5293073654175	14.496697306633	1.07123071117116
341	mut_M2	mut	15.5446062088013	18.7617392539978	0.828526929105945
341	mut_M3	mut	14.6794195175171	15.2563229799271	0.962185943286006
342	ctrl_M1	ctrl	22.8930072784424	8.33839428424835	2.74549349647431
342	ctrl_M2	ctrl	15.4472990036011	12.0223588943481	1.2848808739908
342	ctrl_M3	ctrl	19.0650653839111	14.4152159690857	1.32256536598531
342	mut_M1	mut	16.7068157196045	6.72593650221825	2.48393895988975
342	mut_M2	mut	18.13210105896	9.94773030281067	1.82273749961203
342	mut_M3	mut	10.0807151794434	8.47514086961746	1.18944514722837
343	ctrl_M1	ctrl	21.0308609008789	3.90408200025558	5.38689015740502
343	ctrl_M2	ctrl	18.539722442627	3.14518052339554	5.89464493523299
343	ctrl_M3	ctrl	15.0333433151245	2.55609709024429	5.88136631135859
343	mut_M1	mut	7.41463947296143	2.80697765946388	2.64150284487037
343	mut_M2	mut	11.2499189376831	4.18496638536453	2.68817426515677
343	mut_M3	mut	17.4550094604492	2.37117373943329	7.36133720198039
344	ctrl_M1	ctrl	14.1822214126587	3.38992249965668	4.18364178357913
344	ctrl_M2	ctrl	13.2432651519775	8.3851178586483	1.57937734152641
344	ctrl_M3	ctrl	9.21962451934814	8.69245153665543	1.06064721562952
344	mut_M1	mut	7.91388988494873	5.55212208628654	1.4253810996872
344	mut_M2	mut	9.91743469238281	0.787676990032196	12.5907381044322
344	mut_M3	mut	10.4225397109985	2.21834182739258	4.69834701861485
345	ctrl_M1	ctrl	13.6720342636108	3.63401520252228	3.76223914917071
345	ctrl_M2	ctrl	8.69411087036133	5.35752320289612	1.62278548148173
345	ctrl_M3	ctrl	8.76181888580322	6.31601881980896	1.38723761530341
345	mut_M1	mut	5.77478837966919	4.21796005964279	1.36909508340822
345	mut_M2	mut	4.14918088912964	4.02671152353287	1.03041423873576
345	mut_M3	mut	3.82164072990417	3.65501230955124	1.04558901755748
346	ctrl_M1	ctrl	13.6370429992676	1.82510815560818	7.47190951799968
346	ctrl_M2	ctrl	6.05174875259399	1.36677333712578	4.42776324955268
346	ctrl_M3	ctrl	9.13621807098389	1.55674317479134	5.86880239395204
346	mut_M1	mut	4.57947492599487	2.94610372185707	1.55441741308015
346	mut_M2	mut	3.24562501907349	1.48277802765369	2.18888124759258
346	mut_M3	mut	2.74315500259399	1.33924914896488	2.04827832424923
347	ctrl_M1	ctrl	30.8529872894287	15.3950343132019	2.00408694529319
347	ctrl_M2	ctrl	32.9663047790527	23.573814868927	1.39842893321887
347	ctrl_M3	ctrl	29.5529708862305	21.7914528846741	1.35617258026036
347	mut_M1	mut	19.6962051391602	15.9784832000732	1.23267051650246
347	mut_M2	mut	21.7941646575928	14.6200430393219	1.49070454847331
347	mut_M3	mut	16.4502048492432	15.9204745292664	1.03327352579868
348	ctrl_M1	ctrl	47.4399108886719	7.36746430397034	6.4391097033353
348	ctrl_M2	ctrl	37.0360832214355	14.6457145214081	2.52880002319442
348	ctrl_M3	ctrl	44.5982437133789	17.1255025863647	2.60420057679871
348	mut_M1	mut	34.2847862243652	8.42598640918732	4.06893443205446
348	mut_M2	mut	36.3014068603516	7.75548809766769	4.68073787274182
348	mut_M3	mut	25.2093372344971	7.42979311943054	3.39300661933225
349	ctrl_M1	ctrl	22.4476947784424	8.64464628696442	2.59671639917669
349	ctrl_M2	ctrl	18.5465030670166	10.9286712408066	1.69705014071297
349	ctrl_M3	ctrl	19.6623077392578	13.7336633205414	1.43168703646965
349	mut_M1	mut	12.1292057037354	9.41060698032379	1.28888664982989
349	mut_M2	mut	13.304913520813	6.54809311032295	2.03187604339927
349	mut_M3	mut	11.8973846435547	8.46430051326752	1.40559572818875
350	ctrl_M1	ctrl	16.8175163269043	4.53177553415298	3.71102147495211
350	ctrl_M2	ctrl	21.3098201751709	5.8449774980545	3.64583442489964
350	ctrl_M3	ctrl	17.9558906555176	8.52874839305878	2.10533712896621
350	mut_M1	mut	6.99199628829956	5.13003826141357	1.36295207404027
350	mut_M2	mut	6.67210292816162	4.23715755343437	1.57466481810516
350	mut_M3	mut	6.06517505645752	4.2759273648262	1.41844669915342
351	ctrl_M1	ctrl	19.0126781463623	8.48175156116486	2.24159809554138
351	ctrl_M2	ctrl	22.9308929443359	5.70266819000244	4.02108139213446
351	ctrl_M3	ctrl	19.7108726501465	8.60235619544983	2.2913341650015
351	mut_M1	mut	16.2734756469727	6.67915523052216	2.43645716940471
351	mut_M2	mut	10.5580101013184	8.60423421859741	1.22707144332473
351	mut_M3	mut	7.78832340240479	5.26926618814468	1.47806603885902
352	ctrl_M1	ctrl	15.8521556854248	2.57182225584984	6.16378353883814
352	ctrl_M2	ctrl	19.5963821411133	8.24136942625046	2.37780654252614
352	ctrl_M3	ctrl	14.7298574447632	2.61610305309296	5.63045764858094
352	mut_M1	mut	7.894371509552	4.28962436318398	1.84034098120713
352	mut_M2	mut	7.76175737380981	5.3101734817028	1.46167679842371
352	mut_M3	mut	11.8849248886108	1.90256732702255	6.24678281804109
353	ctrl_M1	ctrl	12.2720918655396	4.68013978004456	2.62216353406067
353	ctrl_M2	ctrl	13.5491371154785	4.5446010529995	2.98136997229623
353	ctrl_M3	ctrl	12.8002147674561	3.86698222160339	3.31013023435846
353	mut_M1	mut	6.72047281265259	3.50123846530914	1.91945589517542
353	mut_M2	mut	8.24997425079346	2.37349215149879	3.47588014798525
353	mut_M3	mut	8.21370601654053	2.70180514454842	3.04008082637409
354	ctrl_M1	ctrl	9.33495426177979	1.85147514939308	5.04190092145704
354	ctrl_M2	ctrl	4.53410911560059	0.878962486982346	5.15847852752748
354	ctrl_M3	ctrl	6.02145957946777	0.95020580291748	6.33700568969341
354	mut_M1	mut	1.32502412796021	2.43264070153236	0.544685504573507
354	mut_M2	mut	1.9990668296814	0.863344013690948	2.31549277921675
354	mut_M3	mut	1.18785750865936	0.916207641363144	1.29649378048414
355	ctrl_M1	ctrl	13.356517791748	3.52482081949711	3.78927567548062
355	ctrl_M2	ctrl	11.7589302062988	4.62884324789047	2.54036042625937
355	ctrl_M3	ctrl	15.6450605392456	4.8514261841774	3.22483738704938
355	mut_M1	mut	8.99181175231934	3.86161231994629	2.32851229158198
355	mut_M2	mut	7.22738599777222	3.83711519837379	1.88354678557351
355	mut_M3	mut	6.38436269760132	2.89374729990959	2.20626130616201
356	ctrl_M1	ctrl	22.1680850982666	4.64491772651672	4.77254634064115
356	ctrl_M2	ctrl	23.7956104278564	4.09223020076752	5.81482694287175
356	ctrl_M3	ctrl	22.9814434051514	8.30713731050491	2.76646966893034
356	mut_M1	mut	16.1707191467285	7.19214135408401	2.24838728142434
356	mut_M2	mut	11.5778245925903	5.38175982236862	2.15130830336734
356	mut_M3	mut	12.2593355178833	3.54978555440903	3.45354256756624
357	ctrl_M1	ctrl	25.6428413391113	12.3613820075989	2.07443159052507
357	ctrl_M2	ctrl	25.1124076843262	18.5578012466431	1.3531995170424
357	ctrl_M3	ctrl	26.8374919891357	17.7313868999481	1.5135585355263
357	mut_M1	mut	10.5897455215454	17.1328189373016	0.618097089585729
357	mut_M2	mut	18.3234596252441	18.6918849945068	0.980289555099929
357	mut_M3	mut	11.5127687454224	14.8451416343451	0.775524345203076
358	ctrl_M1	ctrl	20.7401466369629	5.22041028738022	3.97289590189874
358	ctrl_M2	ctrl	11.2805261611938	11.1867336034775	1.00838426667166
358	ctrl_M3	ctrl	15.3815412521362	11.8826560974121	1.29445311940704
358	mut_M1	mut	8.92088603973389	11.8382488489151	0.75356466598955
358	mut_M2	mut	12.7202844619751	8.13204443454742	1.56421728439351
358	mut_M3	mut	6.04491901397705	5.87809592485428	1.02838046388753
359	ctrl_M1	ctrl	34.733699798584	9.72748446464539	3.57067646058175
359	ctrl_M2	ctrl	20.541166305542	15.6952617168427	1.30874952429109
359	ctrl_M3	ctrl	29.2736568450928	15.2672309875488	1.91741756373286
359	mut_M1	mut	18.3289642333984	14.4974547624588	1.26428842398331
359	mut_M2	mut	18.7924537658691	12.195629119873	1.54091712540245
359	mut_M3	mut	13.0268154144287	13.4066559076309	0.971667767426924
360	ctrl_M1	ctrl	20.1170883178711	4.99366730451584	4.0285199415826
360	ctrl_M2	ctrl	16.4502391815186	9.27049362659454	1.77447284299158
360	ctrl_M3	ctrl	17.6741142272949	7.63400363922119	2.31518284016668
360	mut_M1	mut	17.6762237548828	6.8966863900423	2.56300239784781
360	mut_M2	mut	10.0986318588257	9.11554658412933	1.10784710117196
360	mut_M3	mut	10.5220556259155	6.00073325634003	1.75346164817417
361	ctrl_M1	ctrl	13.0355854034424	3.6345220208168	3.5866024002003
361	ctrl_M2	ctrl	15.9368438720703	5.23827818036079	3.04238211934225
361	ctrl_M3	ctrl	11.7199935913086	2.20509031414986	5.31497214245716
361	mut_M1	mut	7.87687397003174	2.97271049022675	2.64972791529084
361	mut_M2	mut	8.54767608642578	3.74373400211334	2.2831953556531
361	mut_M3	mut	5.00188446044922	1.07004535198212	4.67446024711373
362	ctrl_M1	ctrl	20.7894248962402	4.97214096784592	4.18118171441283
362	ctrl_M2	ctrl	7.49241065979004	11.4278155565262	0.655629295269058
362	ctrl_M3	ctrl	13.5785522460938	9.40519917011261	1.44372830394098
362	mut_M1	mut	9.86863231658936	7.5559795498848	1.30606921993851
362	mut_M2	mut	4.81969881057739	10.0191879272461	0.481046851858198
362	mut_M3	mut	7.51583003997803	6.27659684419632	1.19743711863979
363	ctrl_M1	ctrl	13.6409549713135	2.16926738619804	6.28827735027226
363	ctrl_M2	ctrl	11.8374166488647	6.00669002532959	1.97070542993688
363	ctrl_M3	ctrl	13.2856559753418	2.39625987410545	5.54433019511352
363	mut_M1	mut	7.64627265930176	5.12560558319092	1.49177936834961
363	mut_M2	mut	8.6024055480957	4.28664165735245	2.00679371772092
363	mut_M3	mut	7.28824472427368	2.63173148036003	2.76937247536995
364	ctrl_M1	ctrl	16.3355598449707	3.61677831411362	4.51660522880959
364	ctrl_M2	ctrl	16.2795696258545	2.86843675374985	5.67541522558326
364	ctrl_M3	ctrl	14.7904443740845	1.69631776213646	8.71914726369213
364	mut_M1	mut	4.30193996429443	2.99775350093842	1.43505460437216
364	mut_M2	mut	7.21991968154907	2.48861479759216	2.90118008159987
364	mut_M3	mut	7.1807541847229	1.63951908051968	4.37979299542328
365	ctrl_M1	ctrl	27.5932006835938	9.87205386161804	2.79508206401451
365	ctrl_M2	ctrl	31.6041793823242	11.5357258319855	2.73967844265979
365	ctrl_M3	ctrl	30.8587322235107	9.8865259885788	3.1212917721715
365	mut_M1	mut	9.09087657928467	8.36479735374451	1.08680177114095
365	mut_M2	mut	14.9650411605835	8.78414791822433	1.7036417532924
365	mut_M3	mut	15.4260692596436	7.34505105018616	2.10019905297358
366	ctrl_M1	ctrl	16.1901073455811	9.89067417383194	1.63690634844849
366	ctrl_M2	ctrl	19.9908790588379	16.5027214288712	1.2113686306226
366	ctrl_M3	ctrl	25.6193294525146	12.3861849308014	2.06837937554167
366	mut_M1	mut	14.0366945266724	13.4656021595001	1.04241120154952
366	mut_M2	mut	18.3562068939209	12.0442047119141	1.52406965283171
366	mut_M3	mut	9.01548004150391	10.0962342619896	0.892954720300566
367	ctrl_M1	ctrl	18.3720741271973	5.09258222579956	3.60761462703977
367	ctrl_M2	ctrl	18.7168884277344	7.08444458246231	2.6419697705122
367	ctrl_M3	ctrl	19.5938816070557	5.50695377588272	3.55802543556214
367	mut_M1	mut	14.7185249328613	5.37018766999245	2.74078409123494
367	mut_M2	mut	15.695164680481	5.960952937603	2.6329959059855
367	mut_M3	mut	10.7801122665405	4.99204380810261	2.15945866681764
368	ctrl_M1	ctrl	16.3673877716064	7.00425833463669	2.33677671348417
368	ctrl_M2	ctrl	18.8429908752441	8.65595650672913	2.17688141808426
368	ctrl_M3	ctrl	16.9546527862549	8.86412346363068	1.91272750834524
368	mut_M1	mut	12.5494337081909	6.41614007949829	1.95591641589786
368	mut_M2	mut	9.76398658752441	6.52157616615295	1.49718202145665
368	mut_M3	mut	9.18726634979248	5.43105858564377	1.69161613798049
369	ctrl_M1	ctrl	18.3743228912354	5.50836944580078	3.33570997225735
369	ctrl_M2	ctrl	16.7609558105469	8.00069677829742	2.09493701298772
369	ctrl_M3	ctrl	14.1558742523193	7.39929804205894	1.91313745869605
369	mut_M1	mut	6.46245336532593	6.28143063187599	1.02881871090501
369	mut_M2	mut	14.2063388824463	5.32510894536972	2.66780248595645
369	mut_M3	mut	11.6768741607666	4.76955616474152	2.44820980347957
370	ctrl_M1	ctrl	11.6588888168335	0.362932831048965	32.1240952027857
370	ctrl_M2	ctrl	4.08586597442627	1.62469856441021	2.51484556208093
370	ctrl_M3	ctrl	4.80491256713867	1.40102852880955	3.42956083215622
370	mut_M1	mut	5.09451389312744	1.0783234834671	4.72447644073112
370	mut_M2	mut	4.99178266525269	0.949856728315353	5.25530063266069
370	mut_M3	mut	3.55492663383484	1.23382344841957	2.88122797340934
371	ctrl_M1	ctrl	27.180606842041	19.3976973295212	1.40122852626817
371	ctrl_M2	ctrl	21.6072044372559	26.3829687833786	0.81898305739074
371	ctrl_M3	ctrl	27.5425205230713	24.6985200643539	1.11514861826972
371	mut_M1	mut	13.1978588104248	23.3980660438538	0.564057678343533
371	mut_M2	mut	14.255805015564	18.6469091176987	0.764513031386692
371	mut_M3	mut	15.0593147277832	18.5230289697647	0.813004976257644
372	ctrl_M1	ctrl	19.4024467468262	5.81698548793793	3.33548137382481
372	ctrl_M2	ctrl	12.0366353988647	8.45353788137436	1.4238577466347
372	ctrl_M3	ctrl	8.26726150512695	6.60768342018127	1.25115883728282
372	mut_M1	mut	12.1851768493652	5.72838652133942	2.1271568885886
372	mut_M2	mut	9.35697650909424	7.90175747871399	1.18416397039524
372	mut_M3	mut	9.0098237991333	4.06025376915932	2.21902972360242
373	ctrl_M1	ctrl	19.6099529266357	6.420578956604	3.0542343703235
373	ctrl_M2	ctrl	18.4420509338379	8.22340208292007	2.2426303308386
373	ctrl_M3	ctrl	18.4757194519043	7.16420149803162	2.57889444580538
373	mut_M1	mut	13.5527238845825	5.33674609661102	2.53951071293964
373	mut_M2	mut	13.7001991271973	5.73222124576569	2.39003320699064
373	mut_M3	mut	12.7768115997314	5.80890357494354	2.19952206726992
374	ctrl_M1	ctrl	4.1485743522644	1.28913676738739	3.21810257624724
374	ctrl_M2	ctrl	4.86506938934326	2.49103176593781	1.9530338616584
374	ctrl_M3	ctrl	6.01598024368286	3.85773700475693	1.55945836542632
374	mut_M1	mut	6.60703992843628	1.2314960360527	5.36505172165533
374	mut_M2	mut	1.75008082389832	1.40981191396713	1.24135766378487
374	mut_M3	mut	2.80046486854553	1.33401262760162	2.09927913019864
375	ctrl_M1	ctrl	8.5973653793335	1.00261244177818	8.57496378569335
375	ctrl_M2	ctrl	14.4252090454102	2.45565435290337	5.87428317358873
375	ctrl_M3	ctrl	13.2897577285767	3.70279604196548	3.58911416614843
375	mut_M1	mut	8.02284145355225	1.63109524548054	4.91868361199755
375	mut_M2	mut	5.49659967422485	1.85413390398026	2.964510633469
375	mut_M3	mut	7.48783826828003	1.05407045781612	7.1037360100137
376	ctrl_M1	ctrl	7.06195402145386	0.526495605707169	13.4131300335708
376	ctrl_M2	ctrl	15.456205368042	1.08339704573154	14.2664274643702
376	ctrl_M3	ctrl	7.13178682327271	1.53250081837177	4.6536920161974
376	mut_M1	mut	6.5569486618042	0.692292302846909	9.47135860797543
376	mut_M2	mut	3.99502015113831	0.676720604300499	5.903500094057
376	mut_M3	mut	4.80799436569214	0.416973292827606	11.5307010026658
377	ctrl_M1	ctrl	24.5829391479492	10.5731830596924	2.32502728924325
377	ctrl_M2	ctrl	36.1984252929688	15.3075389862061	2.36474493552412
377	ctrl_M3	ctrl	33.5041999816895	14.7421902418137	2.27267450983373
377	mut_M1	mut	13.5339622497559	16.0596432685852	0.842731187947997
377	mut_M2	mut	18.4793968200684	13.2020840644836	1.3997333095145
377	mut_M3	mut	16.5070343017578	9.59086287021637	1.72112087568461
378	ctrl_M1	ctrl	3.39633345603943	0	NA
378	ctrl_M2	ctrl	11.0057678222656	0.565096020698547	19.4759251864148
378	ctrl_M3	ctrl	2.54272651672363	1.48480328917503	1.71250059537273
378	mut_M1	mut	1.2555605173111	0.823880672454834	1.52395918400419
378	mut_M2	mut	3.08602976799011	1.49027718603611	2.07077568985568
378	mut_M3	mut	3.12676072120667	1.0095973610878	3.09703733559457
379	ctrl_M1	ctrl	3.81138515472412	0.891165912151337	4.27685249486616
379	ctrl_M2	ctrl	7.72047281265259	0.625167474150658	12.349447359112
379	ctrl_M3	ctrl	5.02509355545044	0.448073446750641	11.2148880767018
379	mut_M1	mut	2.45129919052124	0.226799756288528	10.8082091032001
379	mut_M2	mut	3.90546321868896	0.420827984809875	9.28042658677607
379	mut_M3	mut	1.02175986766815	0.619379758834839	1.64965007831425
380	ctrl_M1	ctrl	5.31685352325439	0.83403280377388	6.37487338531097
380	ctrl_M2	ctrl	5.44569540023804	2.41066387295723	2.25900236915139
380	ctrl_M3	ctrl	7.85187578201294	2.46370548009872	3.18701884029511
380	mut_M1	mut	7.2785587310791	1.11761829257011	6.51256227592792
380	mut_M2	mut	2.54816627502441	1.17185851931572	2.17446580199149
380	mut_M3	mut	2.42986011505127	2.62039414048195	0.927288027977487
381	ctrl_M1	ctrl	21.4377460479736	1.86241710186005	11.5107115514367
381	ctrl_M2	ctrl	33.3907699584961	10.7685108184814	3.10077879117596
381	ctrl_M3	ctrl	27.728141784668	5.36318343877792	5.17009013418833
381	mut_M1	mut	19.0187606811523	1.26047810912132	15.0885291410656
381	mut_M2	mut	15.4942359924316	1.3482231348753	11.492338020045
381	mut_M3	mut	15.3036737442017	3.7197687625885	4.11414652924613
382	ctrl_M1	ctrl	10.655912399292	5.42350089550018	1.96476641280415
382	ctrl_M2	ctrl	20.4375457763672	13.9078225493431	1.4695000388348
382	ctrl_M3	ctrl	18.8158836364746	8.94571125507355	2.10334126599528
382	mut_M1	mut	14.2007780075073	9.83658534288406	1.44366947599152
382	mut_M2	mut	11.9556522369385	11.8902833461761	1.00549767308811
382	mut_M3	mut	12.8439044952393	7.5546338558197	1.70013593515786
383	ctrl_M1	ctrl	6.42333602905273	7.4335566163063	0.864099967297277
383	ctrl_M2	ctrl	21.6945610046387	7.86307334899902	2.75904344799231
383	ctrl_M3	ctrl	14.7591190338135	6.95907270908356	2.12084564291858
383	mut_M1	mut	6.73580360412598	7.76806545257568	0.867114681930565
383	mut_M2	mut	10.3958168029785	6.38402700424194	1.62841053085629
383	mut_M3	mut	8.71235084533691	4.77289763092995	1.82537978373515
384	ctrl_M1	ctrl	10.9365615844727	3.61878228187561	3.02216622404934
384	ctrl_M2	ctrl	15.0049543380737	4.63637724518776	3.23635320090656
384	ctrl_M3	ctrl	11.4315567016602	4.01750874519348	2.84543417990982
384	mut_M1	mut	9.09761142730713	3.411799877882	2.66651379123526
384	mut_M2	mut	11.1022958755493	5.57249093055725	1.992339873479
384	mut_M3	mut	7.42397975921631	3.76820783317089	1.97016196767712
385	ctrl_M1	ctrl	6.61540985107422	0.902151197195053	7.33292808527295
385	ctrl_M2	ctrl	12.6623277664185	1.13578531146049	11.1485222063104
385	ctrl_M3	ctrl	8.22828388214111	1.77523902058601	4.63502874076355
385	mut_M1	mut	5.8189435005188	1.06356729567051	5.47115685505386
385	mut_M2	mut	3.56015348434448	1.25900903344154	2.82774260531927
385	mut_M3	mut	2.30058765411377	1.09026442468166	2.11011897850881
386	ctrl_M1	ctrl	9.38161659240723	3.0144128203392	3.1122534143653
386	ctrl_M2	ctrl	15.090124130249	5.72792840003967	2.63448197609183
386	ctrl_M3	ctrl	9.38801097869873	4.07746666669846	2.3024126856444
386	mut_M1	mut	5.02339267730713	3.49700370430946	1.43648480300912
386	mut_M2	mut	10.3007001876831	3.0573371052742	3.36917383755733
386	mut_M3	mut	5.96449518203735	2.66748794913292	2.23599704882496
387	ctrl_M1	ctrl	6.1304669380188	5.30362033843994	1.15590229820675
387	ctrl_M2	ctrl	12.9387655258179	5.94798719882965	2.17531832085378
387	ctrl_M3	ctrl	13.1007013320923	6.58530449867249	1.98938429266759
387	mut_M1	mut	11.8243427276611	4.23405116796494	2.79267827869553
387	mut_M2	mut	10.4293556213379	5.16359335184097	2.01978639886883
387	mut_M3	mut	6.3256311416626	3.38532823324203	1.86854293168634
388	ctrl_M1	ctrl	12.1854057312012	5.78759658336639	2.10543453671635
388	ctrl_M2	ctrl	25.3378658294678	9.15877771377563	2.7665117138237
388	ctrl_M3	ctrl	11.6922616958618	6.37857127189636	1.83305339040065
388	mut_M1	mut	13.6797428131104	7.57506656646729	1.8058907724543
388	mut_M2	mut	11.1180086135864	7.40273380279541	1.50187875314226
388	mut_M3	mut	9.22256278991699	4.3550038933754	2.11769335130696
389	ctrl_M1	ctrl	6.2841534614563	2.63148978352547	2.38805922819783
389	ctrl_M2	ctrl	16.155647277832	4.58670026063919	3.52228102116719
389	ctrl_M3	ctrl	9.78858661651611	2.85526311397552	3.42826080321788
389	mut_M1	mut	3.92277884483337	1.49325269460678	2.62700268949882
389	mut_M2	mut	7.85842227935791	2.81169140338898	2.79490923857648
389	mut_M3	mut	3.65083503723145	4.47326970100403	0.81614462825973
390	ctrl_M1	ctrl	19.7200698852539	47.2510207891464	0.417346960042472
390	ctrl_M2	ctrl	33.397762298584	52.9536564350128	0.630697945090369
390	ctrl_M3	ctrl	29.4685001373291	55.9589110612869	0.526609606556761
390	mut_M1	mut	25.6491470336914	51.7965044975281	0.495190694478533
390	mut_M2	mut	21.5159587860107	58.7765045166016	0.366063939374508
390	mut_M3	mut	13.4777164459229	45.2478640079498	0.29786414765468
391	ctrl_M1	ctrl	2.78913521766663	3.08370624482632	0.904475003851645
391	ctrl_M2	ctrl	21.1403465270996	4.19113790988922	5.04405891231062
391	ctrl_M3	ctrl	2.74387812614441	3.60142415761948	0.761886966393345
391	mut_M1	mut	7.78472995758057	2.87475118041039	2.70796652267806
391	mut_M2	mut	3.78425121307373	3.99589341878891	0.947035072377049
391	mut_M3	mut	0.877280354499817	2.96222603321075	0.296155777669989
392	ctrl_M1	ctrl	29.1032638549805	6.5987473577261	4.41042250555405
392	ctrl_M2	ctrl	35.1477355957031	8.00106489658356	4.39288220380654
392	ctrl_M3	ctrl	32.7128295898438	8.53288102149963	3.83373792596191
392	mut_M1	mut	22.9985027313232	6.43272572755814	3.57523446597396
392	mut_M2	mut	18.8131999969482	7.97523897886276	2.35895125485392
392	mut_M3	mut	15.6087303161621	5.33934742212296	2.92334045383321
393	ctrl_M1	ctrl	16.0351982116699	2.80566132068634	5.71530073620835
393	ctrl_M2	ctrl	29.087423324585	6.07652032375336	4.78685526828259
393	ctrl_M3	ctrl	20.6669483184814	8.68255841732025	2.380283244309
393	mut_M1	mut	13.5916948318481	4.17925071716309	3.25218460238114
393	mut_M2	mut	17.5081672668457	3.42565840482712	5.11089116246232
393	mut_M3	mut	9.62671279907227	6.28712582588196	1.53117864437234
394	ctrl_M1	ctrl	2.13728928565979	1.03732639551163	2.06038262875365
394	ctrl_M2	ctrl	4.83698797225952	1.61736896634102	2.99065214735897
394	ctrl_M3	ctrl	3.59387469291687	0.621791422367096	5.77987177635124
394	mut_M1	mut	5.13354110717773	1.76364827156067	2.91075107772766
394	mut_M2	mut	2.3594388961792	0.92184978723526	2.55946134484171
394	mut_M3	mut	2.79074954986572	1.47301962971687	1.89457729792924
395	ctrl_M1	ctrl	9.90343475341797	5.33922028541565	1.85484663003505
395	ctrl_M2	ctrl	20.8777885437012	3.43144460022449	6.08425633400443
395	ctrl_M3	ctrl	15.0555124282837	4.5516317486763	3.30771759658767
395	mut_M1	mut	5.06463098526001	5.13470667600632	0.986352542575848
395	mut_M2	mut	7.51072788238525	5.05775046348572	1.48499376088416
395	mut_M3	mut	4.93163204193115	4.14218756556511	1.19058636623046
396	ctrl_M1	ctrl	18.4847831726074	4.39268028736115	4.20808753730446
396	ctrl_M2	ctrl	25.8744144439697	4.76635980606079	5.42854830452968
396	ctrl_M3	ctrl	22.0429573059082	9.08882409334183	2.4252815413224
396	mut_M1	mut	14.2103357315063	5.22652840614319	2.71888615678501
396	mut_M2	mut	13.1036224365234	6.88296520709991	1.90377577719074
396	mut_M3	mut	9.41706848144531	5.13784062862396	1.8328845057943
397	ctrl_M1	ctrl	8.28513240814209	3.70206612348557	2.23797526348381
397	ctrl_M2	ctrl	27.69580078125	6.2062708735466	4.46255107866781
397	ctrl_M3	ctrl	16.4968490600586	6.39207410812378	2.58082881722108
397	mut_M1	mut	19.4444217681885	4.37536579370499	4.44406769284615
397	mut_M2	mut	12.8864059448242	5.29177975654602	2.43517427740327
397	mut_M3	mut	17.1264896392822	3.76825341582298	4.54494105077108
398	ctrl_M1	ctrl	5.95914316177368	0.843222767114639	7.06710420327576
398	ctrl_M2	ctrl	10.1346044540405	2.33802659809589	4.33468313076259
398	ctrl_M3	ctrl	5.55713558197021	1.38167440891266	4.02202975326404
398	mut_M1	mut	8.08572864532471	1.37253668904305	5.89108379387819
398	mut_M2	mut	4.83982372283936	0.89855694770813	5.38621813028531
398	mut_M3	mut	2.98364329338074	1.04650472104549	2.85105574143992
399	ctrl_M1	ctrl	5.64771842956543	3.61104390025139	1.56401267488669
399	ctrl_M2	ctrl	16.7425918579102	3.69693410396576	4.52877746453477
399	ctrl_M3	ctrl	8.06427097320557	4.3530045747757	1.85257580934684
399	mut_M1	mut	7.22117710113525	4.67204689979553	1.54561314473347
399	mut_M2	mut	7.22561693191528	4.60797607898712	1.56806737015517
399	mut_M3	mut	6.60506534576416	3.38037148118019	1.95394659508195
400	ctrl_M1	ctrl	19.7565937042236	8.93134415149689	2.21205155339495
400	ctrl_M2	ctrl	24.8687992095947	8.65143585205078	2.87452853316825
400	ctrl_M3	ctrl	22.4825744628906	13.423840880394	1.67482426700448
400	mut_M1	mut	14.1996355056763	11.4712681770325	1.23784356590202
400	mut_M2	mut	16.9566211700439	10.1803848743439	1.66561690735065
400	mut_M3	mut	15.685133934021	10.0483734607697	1.56096247768438
401	ctrl_M1	ctrl	13.6394367218018	5.09238976240158	2.67839606907256
401	ctrl_M2	ctrl	19.0940227508545	10.0078397393227	1.90790652610378
401	ctrl_M3	ctrl	14.5600967407227	7.73873960971832	1.88145582808318
401	mut_M1	mut	6.87783765792847	7.7003909945488	0.893180315492729
401	mut_M2	mut	9.0808219909668	7.60855436325073	1.19350162428057
401	mut_M3	mut	7.53380823135376	6.3622807264328	1.18413640568448
402	ctrl_M1	ctrl	1.92173111438751	2.18081851303577	0.881197175693633
402	ctrl_M2	ctrl	3.42806696891785	1.97290566563606	1.73757267193647
402	ctrl_M3	ctrl	5.11775398254395	2.30728819966316	2.21808180845855
402	mut_M1	mut	3.30981802940369	0.936181858181953	3.53544346162752
402	mut_M2	mut	4.5625114440918	2.13518458604813	2.13682295849477
402	mut_M3	mut	1.71680223941803	1.0265773832798	1.6723554087399
403	ctrl_M1	ctrl	11.81272315979	33.7230325937271	0.350286503058665
403	ctrl_M2	ctrl	25.8519859313965	42.0024061203003	0.615488214112141
403	ctrl_M3	ctrl	17.8821144104004	44.108677148819	0.40541035384189
403	mut_M1	mut	12.4063568115234	37.5953739881516	0.329996898433126
403	mut_M2	mut	11.9561643600464	40.0332672595978	0.298655722564837
403	mut_M3	mut	6.87939405441284	38.7287092208862	0.177630346913365
404	ctrl_M1	ctrl	13.4210577011108	12.0067653656006	1.11779128619955
404	ctrl_M2	ctrl	35.4627265930176	16.6063520908356	2.13549167204447
404	ctrl_M3	ctrl	19.3481674194336	14.4321247339249	1.34063194270715
404	mut_M1	mut	3.10476899147034	9.50336730480194	0.326701988031288
404	mut_M2	mut	16.0717525482178	12.9494519233704	1.24111449992818
404	mut_M3	mut	9.23828315734863	11.5497025847435	0.799871952508273
405	ctrl_M1	ctrl	12.4959154129028	1.73306174576283	7.21031171766048
405	ctrl_M2	ctrl	17.8044605255127	3.95430047810078	4.50255629892447
405	ctrl_M3	ctrl	10.9049587249756	2.41152077913284	4.52202561111536
405	mut_M1	mut	9.76485729217529	2.95895639061928	3.30010179370424
405	mut_M2	mut	3.85462212562561	3.79504632949829	1.01569830535776
405	mut_M3	mut	4.13798379898071	1.98203188180923	2.0877483540797
406	ctrl_M1	ctrl	24.2387714385986	10.9455744624138	2.21448143465038
406	ctrl_M2	ctrl	40.3208427429199	16.2352610826492	2.48353522235692
406	ctrl_M3	ctrl	33.0658950805664	17.2081367969513	1.92152674462842
406	mut_M1	mut	15.8655090332031	13.6088672876358	1.16582142347861
406	mut_M2	mut	15.4744672775269	15.0960477590561	1.02506745636412
406	mut_M3	mut	13.8353815078735	12.5445775985718	1.10289735936973
407	ctrl_M1	ctrl	20.121021270752	11.238186776638	1.79041527522746
407	ctrl_M2	ctrl	32.7933807373047	14.0704717636108	2.33065253875248
407	ctrl_M3	ctrl	25.3225326538086	15.4515563845634	1.63883378629136
407	mut_M1	mut	14.055305480957	11.5523834228516	1.21665849950535
407	mut_M2	mut	15.4288387298584	14.769299030304	1.04465612743037
407	mut_M3	mut	17.7702560424805	13.2404053211212	1.34212326673513
408	ctrl_M1	ctrl	9.06601142883301	3.61313772201538	2.50917959024713
408	ctrl_M2	ctrl	25.2729835510254	3.46828013658524	7.28689222200731
408	ctrl_M3	ctrl	16.4888648986816	4.56176024675369	3.61458384631584
408	mut_M1	mut	10.9767332077026	2.00184038281441	5.48332089907705
408	mut_M2	mut	12.7921056747437	1.42493267357349	8.97734041192499
408	mut_M3	mut	9.97603034973145	2.17858526110649	4.57913239744616
409	ctrl_M1	ctrl	8.82661437988281	2.42871111631393	3.63427923584383
409	ctrl_M2	ctrl	13.2061109542847	4.24881118535995	3.10818965074012
409	ctrl_M3	ctrl	6.85467052459717	4.97546797990799	1.37769362646445
409	mut_M1	mut	4.66229104995728	2.15762710571289	2.16084189784816
409	mut_M2	mut	7.15424680709839	2.83469501137733	2.52381535875433
409	mut_M3	mut	4.91192102432251	3.00995460152626	1.63189206303371
410	ctrl_M1	ctrl	8.3541841506958	2.98353642225266	2.80009457514454
410	ctrl_M2	ctrl	25.148530960083	8.383620262146	2.99972209781907
410	ctrl_M3	ctrl	15.7872896194458	6.44225603342056	2.45058400932001
410	mut_M1	mut	4.46678781509399	6.63553750514984	0.673161414825449
410	mut_M2	mut	6.66003131866455	4.55824911594391	1.46109419412138
410	mut_M3	mut	7.41409015655518	3.6382203400135	2.03783428810352
411	ctrl_M1	ctrl	4.52333450317383	0.545640647411346	8.28995149945965
411	ctrl_M2	ctrl	16.9978561401367	1.6721054315567	10.1655408919472
411	ctrl_M3	ctrl	6.44319534301758	1.0182658135891	6.32761628351948
411	mut_M1	mut	3.49217319488525	5.06262844800949	0.689794487339535
411	mut_M2	mut	4.01665115356445	2.87537920475006	1.39691180451227
411	mut_M3	mut	2.24042463302612	2.93612778186798	0.763054199092368
412	ctrl_M1	ctrl	7.28136873245239	1.20050486922264	6.06525547636244
412	ctrl_M2	ctrl	15.6179113388062	2.01888978481293	7.73589101113478
412	ctrl_M3	ctrl	6.54487609863281	3.11164842545986	2.10334690933651
412	mut_M1	mut	5.52263069152832	0.841504335403442	6.56280717660308
412	mut_M2	mut	3.18486595153809	1.11885714530945	2.84653493512546
412	mut_M3	mut	4.47172164916992	1.95116221904755	2.29182463944632
413	ctrl_M1	ctrl	3.46503663063049	1.25191873311996	2.76778079835511
413	ctrl_M2	ctrl	5.56259107589722	1.23274421691895	4.51236436525337
413	ctrl_M3	ctrl	7.21523237228394	1.19453522562981	6.04020058804024
413	mut_M1	mut	3.83432292938232	1.7872943431139	2.14532259006762
413	mut_M2	mut	2.04605746269226	0.553871437907219	3.69410177643969
413	mut_M3	mut	4.17598676681519	0.88917800784111	4.69645754842084
414	ctrl_M1	ctrl	22.4550228118896	16.8361402750015	1.33373935148492
414	ctrl_M2	ctrl	42.9687652587891	21.406058549881	2.00731793565182
414	ctrl_M3	ctrl	36.0300521850586	21.1341592073441	1.7048254359955
414	mut_M1	mut	27.1338863372803	15.2723832130432	1.7766635343531
414	mut_M2	mut	27.1172199249268	16.992000579834	1.59588153246118
414	mut_M3	mut	23.7800807952881	13.8880450725555	1.71226984583168
415	ctrl_M1	ctrl	9.79460048675537	5.69302153587341	1.72045730462052
415	ctrl_M2	ctrl	18.4385108947754	6.31497859954834	2.91980576087687
415	ctrl_M3	ctrl	11.549880027771	6.76364684104919	1.7076409072209
415	mut_M1	mut	12.1913528442383	5.18268644809723	2.35232305992855
415	mut_M2	mut	9.44667530059814	4.04551386833191	2.33509897828957
415	mut_M3	mut	11.7901477813721	4.39397025108337	2.68325616871555
416	ctrl_M1	ctrl	7.18107509613037	3.9530780762434	1.81657810891368
416	ctrl_M2	ctrl	14.3268423080444	5.33029824495316	2.68781251060565
416	ctrl_M3	ctrl	8.66785144805908	5.49016010761261	1.578797572049
416	mut_M1	mut	8.8167610168457	4.39089357852936	2.00796508937452
416	mut_M2	mut	9.04773426055908	4.03708934783936	2.24115284082118
416	mut_M3	mut	6.75567150115967	3.98696365952492	1.69444020013081
417	ctrl_M1	ctrl	6.46212959289551	1.2433420419693	5.1973868611893
417	ctrl_M2	ctrl	18.4382476806641	2.13279435038567	8.64511277298251
417	ctrl_M3	ctrl	7.88837432861328	2.30585336685181	3.42102166686484
417	mut_M1	mut	3.81466102600098	2.60219696164131	1.46593862118528
417	mut_M2	mut	3.14909958839417	3.41608256101608	0.921845281004419
417	mut_M3	mut	1.74836313724518	1.90756940841675	0.91653972302706
418	ctrl_M1	ctrl	3.26216530799866	0.681464344263077	4.78699338485024
418	ctrl_M2	ctrl	8.52208614349365	1.6825532913208	5.06497249594028
418	ctrl_M3	ctrl	6.08369255065918	1.55541671812534	3.91129430445592
418	mut_M1	mut	4.70174694061279	0.68772254884243	6.83669155319502
418	mut_M2	mut	2.36937022209167	0.385402709245682	6.14777780552985
418	mut_M3	mut	1.98718631267548	0.269956968724728	7.36112248579065
419	ctrl_M1	ctrl	12.7303066253662	7.07955184578896	1.7981797298283
419	ctrl_M2	ctrl	21.4294662475586	9.1475949883461	2.34263391359799
419	ctrl_M3	ctrl	13.2880268096924	6.97630028426647	1.90473836679029
419	mut_M1	mut	6.87093162536621	6.21450328826904	1.10562844794632
419	mut_M2	mut	14.9805946350098	6.45668792724609	2.3201670583759
419	mut_M3	mut	10.1436386108398	7.92034333944321	1.28070693101455
420	ctrl_M1	ctrl	12.5604867935181	5.2226151227951	2.40501865410212
420	ctrl_M2	ctrl	19.7838897705078	5.83987700939178	3.38772370354565
420	ctrl_M3	ctrl	12.6657743453979	5.19163417816162	2.43965077483232
420	mut_M1	mut	12.1208219528198	4.99673873186111	2.42574659257904
420	mut_M2	mut	13.4024772644043	6.43998885154724	2.0811336127056
420	mut_M3	mut	8.23621273040771	1.71521520614624	4.80185384370099
421	ctrl_M1	ctrl	10.9434175491333	1.91085773706436	5.72696613508529
421	ctrl_M2	ctrl	30.4394073486328	6.51159584522247	4.67464628827756
421	ctrl_M3	ctrl	19.8419570922852	7.5445704460144	2.62996511653849
421	mut_M1	mut	12.8331346511841	2.90611004829407	4.41591489583037
421	mut_M2	mut	6.3909273147583	2.36874496936798	2.6980225382657
421	mut_M3	mut	9.37975692749023	1.77152937650681	5.29472276998631
422	ctrl_M1	ctrl	6.36524391174316	1.6767550110817	3.79616811619777
422	ctrl_M2	ctrl	14.3257970809937	4.54394593834877	3.1527217258662
422	ctrl_M3	ctrl	6.42078304290771	0.76639798283577	8.37787048858089
422	mut_M1	mut	2.6233811378479	3.0644126534462	0.856079593228961
422	mut_M2	mut	10.64426612854	0.706229686737061	15.0719607635286
422	mut_M3	mut	5.87731599807739	0.424637317657471	13.8407901370983
423	ctrl_M1	ctrl	12.8985242843628	9.52469432353973	1.35421923751241
423	ctrl_M2	ctrl	16.0982780456543	13.5284731388092	1.18995528028016
423	ctrl_M3	ctrl	21.4397811889648	15.7507812976837	1.36118842511754
423	mut_M1	mut	10.0341463088989	10.054104924202	0.998014878952079
423	mut_M2	mut	6.71230840682983	10.3694932460785	0.647313060295235
423	mut_M3	mut	8.030686378479	10.1310176849365	0.792683087546039
424	ctrl_M1	ctrl	13.312479019165	5.06988513469696	2.62579499643058
424	ctrl_M2	ctrl	21.5479946136475	5.99506771564484	3.59428710995464
424	ctrl_M3	ctrl	23.1216793060303	6.76030910015106	3.42021037255732
424	mut_M1	mut	18.2620525360107	6.0878711938858	2.99974358103236
424	mut_M2	mut	17.0766220092773	4.28573763370514	3.98452342835418
424	mut_M3	mut	16.2697048187256	4.22229343652725	3.85328614964929
425	ctrl_M1	ctrl	9.56567668914795	3.29406279325485	2.90391449389953
425	ctrl_M2	ctrl	14.3283128738403	6.88528609275818	2.08100472236159
425	ctrl_M3	ctrl	15.5193376541138	6.76616457104683	2.29366836871257
425	mut_M1	mut	11.2665271759033	3.15390691161156	3.57224467672904
425	mut_M2	mut	12.0960302352905	3.73277622461319	3.24049166288932
425	mut_M3	mut	4.81260538101196	2.89932261407375	1.65990682018305
426	ctrl_M1	ctrl	10.4839878082275	7.55839812755585	1.38706477633214
426	ctrl_M2	ctrl	22.3952350616455	9.53841817378998	2.3478982210262
426	ctrl_M3	ctrl	21.923412322998	8.15050038695335	2.68982409449256
426	mut_M1	mut	8.93132495880127	4.50132060050964	1.98415659568662
426	mut_M2	mut	11.4509563446045	4.68762755393982	2.44280421446458
426	mut_M3	mut	14.0407133102417	5.77667427062988	2.43058767942453
427	ctrl_M1	ctrl	7.25823545455933	3.16836407780647	2.2908464041116
427	ctrl_M2	ctrl	13.3710145950317	4.7040019929409	2.84247638821094
427	ctrl_M3	ctrl	14.6985769271851	2.89545631408691	5.07642849096837
427	mut_M1	mut	7.96702671051025	4.67765873670578	1.70320819857863
427	mut_M2	mut	7.00737190246582	2.93212997913361	2.38985718652772
427	mut_M3	mut	6.14773368835449	3.5418466925621	1.73574245922749
428	ctrl_M1	ctrl	4.69914245605469	2.18730083107948	2.14837501512563
428	ctrl_M2	ctrl	8.43264293670654	1.59128147363663	5.29927801989364
428	ctrl_M3	ctrl	10.4718055725098	2.90886050462723	3.59996828856244
428	mut_M1	mut	6.13578128814697	2.04411578178406	3.0016799159937
428	mut_M2	mut	5.61196088790894	3.00956797599792	1.86470647370844
428	mut_M3	mut	3.5679612159729	2.2635098695755	1.57629585093969
429	ctrl_M1	ctrl	4.46092510223389	1.46453337371349	3.04597026076824
429	ctrl_M2	ctrl	7.60988140106201	0.856950178742409	8.88019115910526
429	ctrl_M3	ctrl	6.49811887741089	2.31037345528603	2.81258376759112
429	mut_M1	mut	5.15532255172729	0.929391279816628	5.54698829619368
429	mut_M2	mut	2.71960210800171	1.49345745146275	1.82101077291357
429	mut_M3	mut	4.92983627319336	1.06691707670689	4.62063676814476
430	ctrl_M1	ctrl	1.86232590675354	0.434676229953766	4.28439785389605
430	ctrl_M2	ctrl	2.12621402740479	0.870362401008606	2.44290656965519
430	ctrl_M3	ctrl	5.88910627365112	0.601512089371681	9.7905035953686
430	mut_M1	mut	1.4414826631546	0.22541669011116	6.39474682395416
430	mut_M2	mut	1.55631446838379	0.746406108140945	2.08507734785298
430	mut_M3	mut	2.2456259727478	0.442212849855423	5.07815630749307
431	ctrl_M1	ctrl	23.7154178619385	4.60362601280212	5.15146490961446
431	ctrl_M2	ctrl	31.0876541137695	5.81683588027954	5.34442689352197
431	ctrl_M3	ctrl	30.0794868469238	5.11733543872833	5.87795879458679
431	mut_M1	mut	21.507532119751	3.97821854054928	5.40632242812417
431	mut_M2	mut	19.5194492340088	3.60312241315842	5.41737054581459
431	mut_M3	mut	18.3359260559082	5.3832434117794	3.40611127035167
432	ctrl_M1	ctrl	16.5541877746582	4.84195375442505	3.41890662617944
432	ctrl_M2	ctrl	16.6189346313477	6.57788372039795	2.52648653241049
432	ctrl_M3	ctrl	26.2946510314941	6.85349118709564	3.83667977584972
432	mut_M1	mut	9.75142765045166	5.66796046495438	1.72044736563457
432	mut_M2	mut	17.281608581543	6.02578988671303	2.86794078559712
432	mut_M3	mut	14.9493494033813	5.3897710442543	2.7736520309741
433	ctrl_M1	ctrl	14.6691408157349	5.20282852649689	2.81945498319387
433	ctrl_M2	ctrl	14.6994686126709	9.91053527593613	1.48321641600558
433	ctrl_M3	ctrl	17.892240524292	9.02090501785278	1.98341967783525
433	mut_M1	mut	9.04412078857422	7.98443961143494	1.13271829066396
433	mut_M2	mut	7.36438846588135	7.39188778400421	0.996279797674638
433	mut_M3	mut	9.11722469329834	7.15285015106201	1.27462822521798
434	ctrl_M1	ctrl	11.2127237319946	6.69966304302216	1.67362502561572
434	ctrl_M2	ctrl	21.275016784668	9.47552025318146	2.24526107445391
434	ctrl_M3	ctrl	22.6195983886719	11.0590908527374	2.04533977429735
434	mut_M1	mut	12.7644748687744	7.06326007843018	1.80716478326412
434	mut_M2	mut	18.1810855865479	8.2839666903019	2.194731855674
434	mut_M3	mut	14.781457901001	6.83759582042694	2.16179170123542
435	ctrl_M1	ctrl	6.99421977996826	2.65794637799263	2.63143750298324
435	ctrl_M2	ctrl	11.6024532318115	2.59941545128822	4.46348552173973
435	ctrl_M3	ctrl	17.9173908233643	2.50013673305511	7.16656436684948
435	mut_M1	mut	4.76450443267822	1.9131737947464	2.49036676425405
435	mut_M2	mut	5.20015954971313	2.77275812625885	1.87544650954804
435	mut_M3	mut	5.66462135314941	2.7988648712635	2.02389954988867
436	ctrl_M1	ctrl	8.43484878540039	2.17974957823753	3.86964120539961
436	ctrl_M2	ctrl	10.429181098938	4.23846861720085	2.46060123144797
436	ctrl_M3	ctrl	11.0682001113892	2.94858828186989	3.75372858240151
436	mut_M1	mut	5.4172830581665	2.83191367983818	1.9129407427687
436	mut_M2	mut	3.95333790779114	3.035614579916	1.30231879038495
436	mut_M3	mut	1.17589068412781	1.71119064092636	0.687176902446845
437	ctrl_M1	ctrl	4.80644464492798	1.69184239208698	2.84095295602503
437	ctrl_M2	ctrl	3.20551705360413	3.33810877799988	0.960279387757041
437	ctrl_M3	ctrl	11.8219470977783	2.8101669549942	4.20684866312604
437	mut_M1	mut	6.15860366821289	1.70952355861664	3.60252635137505
437	mut_M2	mut	3.0795042514801	2.6503524556756	1.16192253784416
437	mut_M3	mut	2.09120321273804	2.23681974411011	0.934900194011833
438	ctrl_M1	ctrl	10.0065221786499	3.05625881254673	3.27410824553554
438	ctrl_M2	ctrl	13.8557815551758	4.1845418214798	3.31118247738671
438	ctrl_M3	ctrl	16.5227565765381	2.46660904586315	6.69857130551315
438	mut_M1	mut	8.1260871887207	2.70423218607903	3.00495173105052
438	mut_M2	mut	13.0688714981079	3.49627813696861	3.73793816914093
438	mut_M3	mut	8.58044719696045	3.382732629776	2.53654312535148
439	ctrl_M1	ctrl	12.2500820159912	5.76806178689003	2.12377787696967
439	ctrl_M2	ctrl	15.5330953598022	6.46207201480865	2.40373293955966
439	ctrl_M3	ctrl	21.5149002075195	4.86456498503685	4.42277989372087
439	mut_M1	mut	12.0489559173584	3.81872862577438	3.15522706589684
439	mut_M2	mut	9.37958812713623	7.01334726810455	1.33739108710514
439	mut_M3	mut	10.069709777832	5.54786747694016	1.81505953768489
440	ctrl_M1	ctrl	3.37690138816833	0.67333497107029	5.01518788308386
440	ctrl_M2	ctrl	7.30463266372681	2.37534134089947	3.07519283142724
440	ctrl_M3	ctrl	15.8387212753296	2.61884105205536	6.04798877079569
440	mut_M1	mut	12.234619140625	1.35383194684982	9.03702942532361
440	mut_M2	mut	9.20786380767822	2.24383470416069	4.10362839589043
440	mut_M3	mut	7.30745935440063	1.46502681076527	4.9879355795431
441	ctrl_M1	ctrl	14.8848819732666	1.50489139556885	9.89100078390715
441	ctrl_M2	ctrl	18.1552276611328	4.37709814310074	4.14777714997079
441	ctrl_M3	ctrl	22.1035900115967	5.17064261436462	4.27482455472564
441	mut_M1	mut	15.5433444976807	4.23144239187241	3.67329696548291
441	mut_M2	mut	13.1891679763794	2.8850262761116	4.57159370976529
441	mut_M3	mut	10.1148509979248	2.65103328227997	3.81543719784073
442	ctrl_M1	ctrl	1.79729425907135	0.898236572742462	2.00091413956116
442	ctrl_M2	ctrl	5.24988031387329	3.03832989931107	1.72788357020207
442	ctrl_M3	ctrl	4.30561590194702	1.41315068304539	3.04682009753431
442	mut_M1	mut	2.46406579017639	1.77360841631889	1.38929527369437
442	mut_M2	mut	5.19506025314331	1.47874802350998	3.51314772398629
442	mut_M3	mut	4.20596551895142	1.87989266216755	2.23734344178027
443	ctrl_M1	ctrl	14.4200267791748	11.1244640350342	1.29624463109071
443	ctrl_M2	ctrl	16.8901653289795	17.3031132221222	0.976134474308661
443	ctrl_M3	ctrl	25.8412914276123	13.1016762256622	1.97236528994641
443	mut_M1	mut	14.1241960525513	11.9657820463181	1.1803821929798
443	mut_M2	mut	15.3456211090088	10.2641551494598	1.49506909098275
443	mut_M3	mut	16.2846584320068	10.6278355121613	1.53226481661036
444	ctrl_M1	ctrl	17.4549255371094	5.07346987724304	3.44043149155239
444	ctrl_M2	ctrl	26.8034210205078	10.9371757507324	2.45067114503604
444	ctrl_M3	ctrl	27.9083137512207	9.80333828926086	2.84681737258757
444	mut_M1	mut	18.7408638000488	9.9270054101944	1.8878667861713
444	mut_M2	mut	20.0643653869629	9.16848051548004	2.18840683067235
444	mut_M3	mut	15.381685256958	8.56270706653595	1.79635775665752
445	ctrl_M1	ctrl	6.03962087631226	1.82622784376144	3.30715627677244
445	ctrl_M2	ctrl	6.29255771636963	3.63078486919403	1.73311224516766
445	ctrl_M3	ctrl	9.80988216400146	1.78648990392685	5.49114895216511
445	mut_M1	mut	2.66275024414062	1.00548474490643	2.64822540334854
445	mut_M2	mut	7.81294775009155	2.17225068807602	3.59670630695555
445	mut_M3	mut	2.89195847511292	1.82485556602478	1.58476020182391
446	ctrl_M1	ctrl	3.61991786956787	2.00883224606514	1.80200107632606
446	ctrl_M2	ctrl	3.81694555282593	1.68164324760437	2.26977128369139
446	ctrl_M3	ctrl	7.17342519760132	0.418244153261185	17.1512862562879
446	mut_M1	mut	3.72070288658142	0.94575934112072	3.93409055011014
446	mut_M2	mut	0.480526477098465	0.188158318400383	2.55384126082563
446	mut_M3	mut	2.64930820465088	1.36107023060322	1.94648897983517
447	ctrl_M1	ctrl	7.91558599472046	30.428194642067	0.260139850156511
447	ctrl_M2	ctrl	26.8998470306396	40.397554397583	0.665878106528376
447	ctrl_M3	ctrl	23.3905220031738	45.5424993038177	0.51359768042447
447	mut_M1	mut	14.9993619918823	38.249683380127	0.392143428817908
447	mut_M2	mut	19.3037853240967	33.1169317364693	0.582897759904455
447	mut_M3	mut	12.4734468460083	34.6231974363327	0.360262707363907
448	ctrl_M1	ctrl	3.57104659080505	1.86440560221672	1.91538074470447
448	ctrl_M2	ctrl	8.03326797485352	3.0393437743187	2.6430929079927
448	ctrl_M3	ctrl	11.6688566207886	3.11506831645966	3.74593923322057
448	mut_M1	mut	5.27958393096924	3.29279834032059	1.6033729932138
448	mut_M2	mut	5.99270343780518	2.37857565283775	2.51945042431406
448	mut_M3	mut	5.97731590270996	2.75369793176651	2.17065054004507
449	ctrl_M1	ctrl	21.7921600341797	8.70039546489716	2.50473212649964
449	ctrl_M2	ctrl	34.9905319213867	10.8833848237991	3.21504132104853
449	ctrl_M3	ctrl	30.7045307159424	14.2861659526825	2.14924919797512
449	mut_M1	mut	12.8545999526978	5.460942029953	2.35391620753176
449	mut_M2	mut	16.1480121612549	10.8611617088318	1.48676657195188
449	mut_M3	mut	12.1654510498047	9.80102252960205	1.24124304510691
450	ctrl_M1	ctrl	14.8196992874146	3.86026078462601	3.83904096490992
450	ctrl_M2	ctrl	19.6504402160645	8.770583152771	2.24049414660142
450	ctrl_M3	ctrl	18.8711395263672	9.48923170566559	1.98868992893282
450	mut_M1	mut	14.2683477401733	7.85354697704315	1.81680300402881
450	mut_M2	mut	13.9126415252686	9.36843800544739	1.48505455415074
450	mut_M3	mut	10.8884124755859	7.50633859634399	1.45056239281415
451	ctrl_M1	ctrl	8.54081058502197	7.94837510585785	1.07453542029333
451	ctrl_M2	ctrl	12.407977104187	14.518522977829	0.854630813556933
451	ctrl_M3	ctrl	21.4233837127686	13.4804413318634	1.58921975811954
451	mut_M1	mut	10.7875022888184	12.8593671321869	0.83888282976363
451	mut_M2	mut	9.95575428009033	12.4747416973114	0.798072979918777
451	mut_M3	mut	9.47418022155762	10.9605731964111	0.86438729542537
452	ctrl_M1	ctrl	22.5378665924072	53.1674954891205	0.423903108187955
452	ctrl_M2	ctrl	29.8826541900635	57.7319946289062	0.51760993851235
452	ctrl_M3	ctrl	31.9111328125	69.2248883247375	0.460977743478664
452	mut_M1	mut	13.2888116836548	57.7500071525574	0.230109264723551
452	mut_M2	mut	19.1653823852539	56.0874402523041	0.341705421018328
452	mut_M3	mut	14.9452953338623	54.7986339330673	0.272731166111128
453	ctrl_M1	ctrl	10.9596242904663	4.74162578582764	2.31136424203357
453	ctrl_M2	ctrl	12.9927320480347	6.6037215590477	1.96748635324175
453	ctrl_M3	ctrl	16.3922576904297	6.57410752773285	2.49345749537546
453	mut_M1	mut	13.0625848770142	5.02414703369141	2.59996070764208
453	mut_M2	mut	4.65072631835938	3.58577418327332	1.29699364228059
453	mut_M3	mut	9.13079357147217	5.19282728433609	1.75834724929419
454	ctrl_M1	ctrl	4.27481555938721	2.69207668304443	1.58792488576249
454	ctrl_M2	ctrl	11.5313816070557	7.13165259361267	1.61692980072859
454	ctrl_M3	ctrl	15.0483264923096	2.69855058193207	5.57644781352792
454	mut_M1	mut	2.8664710521698	2.16335651278496	1.32501094259295
454	mut_M2	mut	5.46231698989868	2.87587425112724	1.89935877333915
454	mut_M3	mut	6.34962701797485	2.11902034282684	2.99649177010931
455	ctrl_M1	ctrl	7.80005264282227	2.86953361332417	2.71823010073976
455	ctrl_M2	ctrl	9.71970462799072	5.25899627804756	1.84820526847743
455	ctrl_M3	ctrl	17.277551651001	3.69528317451477	4.67556905250426
455	mut_M1	mut	6.99798917770386	2.90279676020145	2.41077476509868
455	mut_M2	mut	6.08450889587402	2.50431615114212	2.42960893459842
455	mut_M3	mut	3.40680360794067	4.03353363275528	0.844620106864836
456	ctrl_M1	ctrl	18.4351081848145	12.1842031478882	1.5130335534507
456	ctrl_M2	ctrl	20.6136627197266	17.1233551502228	1.20383315879881
456	ctrl_M3	ctrl	28.615909576416	17.6832115650177	1.61825296673067
456	mut_M1	mut	14.7234354019165	14.2760455608368	1.0313384991084
456	mut_M2	mut	17.7219505310059	11.7386000156403	1.50971585260538
456	mut_M3	mut	13.2081069946289	12.0292645692825	1.09799787996655
457	ctrl_M1	ctrl	20.9704723358154	14.2515060305595	1.47145658085878
457	ctrl_M2	ctrl	20.5008125305176	16.3704974651337	1.25230235514716
457	ctrl_M3	ctrl	28.3686618804932	16.567432641983	1.71231490681332
457	mut_M1	mut	16.2497234344482	15.063040971756	1.07878106850518
457	mut_M2	mut	20.172513961792	12.8949809074402	1.56436943230779
457	mut_M3	mut	13.8866186141968	14.3487540483475	0.967792643696202
458	ctrl_M1	ctrl	5.54342794418335	6.83704750239849	0.810792661925878
458	ctrl_M2	ctrl	13.2744636535645	4.98345810174942	2.66370527905201
458	ctrl_M3	ctrl	15.8884029388428	5.88534659147263	2.69965458990363
458	mut_M1	mut	10.3411254882812	4.78371727466583	2.16173425278433
458	mut_M2	mut	8.14539432525635	6.17679518461227	1.31870882582416
458	mut_M3	mut	8.91705989837646	5.98142766952515	1.49079122762081
459	ctrl_M1	ctrl	6.17323589324951	3.86543047428131	1.59703710474764
459	ctrl_M2	ctrl	7.29510974884033	3.56582553684711	2.04584034565265
459	ctrl_M3	ctrl	7.5378680229187	4.26358109712601	1.76796637643408
459	mut_M1	mut	3.01662802696228	1.397600710392	2.15843338124533
459	mut_M2	mut	6.43139410018921	1.57399900257587	4.08602171263395
459	mut_M3	mut	5.16118383407593	0.457093387842178	11.2913115161008
460	ctrl_M1	ctrl	7.84169149398804	1.79875193536282	4.35951803015369
460	ctrl_M2	ctrl	11.8653926849365	3.46230089664459	3.42702527571639
460	ctrl_M3	ctrl	9.83247661590576	3.1774859726429	3.09442014868362
460	mut_M1	mut	6.88494062423706	4.0521692186594	1.69907529836941
460	mut_M2	mut	5.93582010269165	4.31661003828049	1.37511149954518
460	mut_M3	mut	6.98633527755737	1.98392623662949	3.52146927066529
461	ctrl_M1	ctrl	13.0189256668091	6.56752932071686	1.98231709841655
461	ctrl_M2	ctrl	17.6442241668701	10.9111082553864	1.61708817783564
461	ctrl_M3	ctrl	21.5972175598145	8.19014132022858	2.63697739945856
461	mut_M1	mut	11.2796955108643	8.82365554571152	1.2783472170269
461	mut_M2	mut	12.2095184326172	6.57330906391144	1.85743866809024
461	mut_M3	mut	11.466700553894	7.78113114833832	1.47365470846007
462	ctrl_M1	ctrl	8.6411600112915	4.71059858798981	1.83440805873867
462	ctrl_M2	ctrl	9.27543544769287	9.51099896430969	0.975232515795577
462	ctrl_M3	ctrl	24.5543231964111	10.7963260412216	2.27432212612512
462	mut_M1	mut	12.8301916122437	7.33203041553497	1.74988248617454
462	mut_M2	mut	10.6212739944458	8.64329236745834	1.22884585443789
462	mut_M3	mut	9.05981159210205	5.70524960756302	1.58797812808964
463	ctrl_M1	ctrl	15.110595703125	2.60162577033043	5.80813577242734
463	ctrl_M2	ctrl	17.5642433166504	4.99276059865952	3.51794222245828
463	ctrl_M3	ctrl	19.8330593109131	5.28857201337814	3.75017287478411
463	mut_M1	mut	7.70043563842773	4.8775010406971	1.57876658029932
463	mut_M2	mut	10.5166721343994	4.36411240696907	2.40980780366823
463	mut_M3	mut	7.28703498840332	2.4364267885685	2.99086967135375
464	ctrl_M1	ctrl	17.5317268371582	58.5539674758911	0.299411424928237
464	ctrl_M2	ctrl	27.259708404541	60.3918633460999	0.451380482306338
464	ctrl_M3	ctrl	37.7903213500977	60.9549293518066	0.619971538839583
464	mut_M1	mut	13.3306684494019	59.1465635299683	0.22538365128597
464	mut_M2	mut	17.5826206207275	58.8545637130737	0.298746936710735
464	mut_M3	mut	13.3292198181152	49.9465227127075	0.266869825849237
465	ctrl_M1	ctrl	15.4921703338623	4.67124617099762	3.31649623392759
465	ctrl_M2	ctrl	18.5883693695068	8.69230651855469	2.13848526048039
465	ctrl_M3	ctrl	20.9774036407471	7.67317676544189	2.73386164322763
465	mut_M1	mut	13.5366134643555	7.48976862430573	1.80734734854513
465	mut_M2	mut	14.6872730255127	4.80156809091568	3.05884926495164
465	mut_M3	mut	13.7030029296875	5.36328941583633	2.55496242459455
466	ctrl_M1	ctrl	12.3127679824829	1.13878901302814	10.8121590932302
466	ctrl_M2	ctrl	12.060453414917	1.34608721733093	8.95963742886651
466	ctrl_M3	ctrl	17.8807582855225	0.973224729299545	18.3726920897208
466	mut_M1	mut	11.7096462249756	1.38194423913956	8.47331310000351
466	mut_M2	mut	10.4839172363281	1.56227910518646	6.71065573464022
466	mut_M3	mut	6.50913667678833	1.33542443811893	4.87420814760364
467	ctrl_M1	ctrl	11.7675218582153	8.80446684360504	1.33653997081748
467	ctrl_M2	ctrl	16.960168838501	15.2783782482147	1.11007651224257
467	ctrl_M3	ctrl	25.0057258605957	12.5986757278442	1.9847900208536
467	mut_M1	mut	10.987193107605	8.03090941905975	1.36811319045998
467	mut_M2	mut	11.4783773422241	8.68044221401215	1.32232633536751
467	mut_M3	mut	13.1221494674683	9.54773437976837	1.37437311780207
468	ctrl_M1	ctrl	6.82903814315796	2.92651703953743	2.33350363278164
468	ctrl_M2	ctrl	11.3741083145142	4.17887848615646	2.72180881836924
468	ctrl_M3	ctrl	16.0653686523438	4.70199230313301	3.41671521700262
468	mut_M1	mut	6.37899971008301	1.85677236318588	3.43553137506733
468	mut_M2	mut	6.28358697891235	2.57646942138672	2.43883623331744
468	mut_M3	mut	6.63540315628052	2.44922935962677	2.70917998357314
469	ctrl_M1	ctrl	9.16053676605225	3.57053722441196	2.56559060732406
469	ctrl_M2	ctrl	15.4467878341675	3.24428582191467	4.76122902915233
469	ctrl_M3	ctrl	19.5304718017578	3.06322085857391	6.37579616471084
469	mut_M1	mut	12.3563356399536	2.18545424938202	5.65389810536991
469	mut_M2	mut	8.3813943862915	4.26198044419289	1.96654923598054
469	mut_M3	mut	9.63822746276855	3.06945952773094	3.14004057577312
470	ctrl_M1	ctrl	16.5053691864014	4.96124789118767	3.32685839296979
470	ctrl_M2	ctrl	16.3673515319824	6.50304979085922	2.5168731684922
470	ctrl_M3	ctrl	36.5003547668457	7.90917432308197	4.61493871241703
470	mut_M1	mut	15.4088487625122	5.46876528859138	2.81761018244049
470	mut_M2	mut	8.84651374816895	5.92858666181564	1.49217920776074
470	mut_M3	mut	15.1810941696167	3.18747475743294	4.76273392729326
471	ctrl_M1	ctrl	4.2994441986084	2.57405255734921	1.67030163635665
471	ctrl_M2	ctrl	6.14420080184937	2.80436658859253	2.1909406661891
471	ctrl_M3	ctrl	7.49179887771606	2.3163990676403	3.23424360783736
471	mut_M1	mut	3.941401720047	1.93797877430916	2.03376929215956
471	mut_M2	mut	4.03852701187134	2.67169210314751	1.51159896273735
471	mut_M3	mut	3.83208346366882	1.6137540191412	2.37463914463753
472	ctrl_M1	ctrl	5.43803930282593	2.39424408972263	2.27129695178903
472	ctrl_M2	ctrl	12.7701816558838	2.24472805857658	5.68896602289613
472	ctrl_M3	ctrl	21.3953304290771	2.28828474879265	9.34994232704903
472	mut_M1	mut	4.20133209228516	1.10196746885777	3.81257361130634
472	mut_M2	mut	8.30957126617432	0.466777473688126	17.8019971711966
472	mut_M3	mut	6.16622161865234	1.36381047964096	4.52131854880282
473	ctrl_M1	ctrl	4.29086875915527	1.01419234275818	4.23082346242716
473	ctrl_M2	ctrl	7.09774351119995	0.928413093090057	7.64502737415774
473	ctrl_M3	ctrl	10.4804973602295	0.627472162246704	16.7027288074477
473	mut_M1	mut	4.47888851165771	0.334831416606903	13.3765479865827
473	mut_M2	mut	3.28076815605164	1.19212520122528	2.75203321989974
473	mut_M3	mut	3.46094846725464	0.279218971729279	12.3951049809404
474	ctrl_M1	ctrl	7.07650899887085	0.752009615302086	9.41013100747147
474	ctrl_M2	ctrl	3.98339915275574	0.757054731249809	5.26170564468914
474	ctrl_M3	ctrl	9.72738456726074	1.04631370306015	9.29681465397146
474	mut_M1	mut	3.70508575439453	0.35876752436161	10.3272606989369
474	mut_M2	mut	3.48842191696167	0.298913970589638	11.6703207617911
474	mut_M3	mut	2.29838061332703	0.394985534250736	5.81889819759328
475	ctrl_M1	ctrl	49.3408164978027	25.3956871032715	1.94288173015987
475	ctrl_M2	ctrl	61.8208236694336	34.7093716859818	1.78109889826676
475	ctrl_M3	ctrl	63.1321640014648	29.3945635557175	2.14774966404239
475	mut_M1	mut	37.3945770263672	23.1026241779327	1.61862898077552
475	mut_M2	mut	37.3635101318359	25.9832389354706	1.43798508818043
475	mut_M3	mut	31.6067752838135	26.3092871904373	1.20135429953046
476	ctrl_M1	ctrl	29.7646293640137	16.0672886967659	1.85249857183464
476	ctrl_M2	ctrl	34.2228507995605	17.9142055511475	1.91037502064212
476	ctrl_M3	ctrl	46.3198509216309	14.7711988687515	3.13582203673532
476	mut_M1	mut	20.6789150238037	15.9493339657784	1.29653784090128
476	mut_M2	mut	15.4797697067261	15.6006089448929	0.992254197346164
476	mut_M3	mut	19.4597644805908	13.758459597826	1.41438540719091
477	ctrl_M1	ctrl	19.8112487792969	4.86941736936569	4.06850497226479
477	ctrl_M2	ctrl	17.0545825958252	6.67904859781265	2.55344490252855
477	ctrl_M3	ctrl	26.9239902496338	5.67778789997101	4.74198591493199
477	mut_M1	mut	8.54520034790039	2.69177702069283	3.17455728398371
477	mut_M2	mut	14.799843788147	4.94626368582249	2.99212592134299
477	mut_M3	mut	14.7112112045288	2.10109415650368	7.00169059962976
478	ctrl_M1	ctrl	16.4699096679688	4.28400588035583	3.84451145211797
478	ctrl_M2	ctrl	24.1886291503906	5.57712584733963	4.33711374146756
478	ctrl_M3	ctrl	26.5523223876953	8.45961833000183	3.13871398825738
478	mut_M1	mut	8.7395486831665	2.77917572855949	3.14465493972071
478	mut_M2	mut	11.7668209075928	4.5359867811203	2.59410387979274
478	mut_M3	mut	3.15299510955811	3.42077285051346	0.92172010459123
479	ctrl_M1	ctrl	4.3489933013916	4.98108464479446	0.873101665906554
479	ctrl_M2	ctrl	4.41869783401489	7.30166706442833	0.605162875138685
479	ctrl_M3	ctrl	18.2522068023682	7.79214191436768	2.34238634292755
479	mut_M1	mut	5.70967674255371	7.0592930316925	0.808817075154732
479	mut_M2	mut	3.77547478675842	6.45104050636292	0.58525051625928
479	mut_M3	mut	7.62151002883911	6.00273185968399	1.26967357646396
480	ctrl_M1	ctrl	8.21625137329102	4.31033939123154	1.9061727227339
480	ctrl_M2	ctrl	14.7046222686768	5.56331783533096	2.64313898718713
480	ctrl_M3	ctrl	25.9433441162109	4.24678403139114	6.10893888750743
480	mut_M1	mut	10.718994140625	4.55912640690804	2.35110702883418
480	mut_M2	mut	10.242657661438	4.7225489616394	2.16888331802119
480	mut_M3	mut	10.480149269104	1.98521372675896	5.27910376995721
481	ctrl_M1	ctrl	11.78502368927	1.38926814496517	8.48290067830315
481	ctrl_M2	ctrl	5.10934495925903	4.1918848156929	1.21886578088489
481	ctrl_M3	ctrl	15.941068649292	3.89441028237343	4.09332029587206
481	mut_M1	mut	6.10331583023071	2.59327691793442	2.35351488613568
481	mut_M2	mut	8.77115726470947	2.51210081577301	3.49156260355358
481	mut_M3	mut	7.28140306472778	3.06585991382599	2.37499535836296
482	ctrl_M1	ctrl	14.0717477798462	1.31638550758362	10.6896860370915
482	ctrl_M2	ctrl	17.6632404327393	4.07710027694702	4.33230463636418
482	ctrl_M3	ctrl	34.4055633544922	1.1451310813427	30.0450873398273
482	mut_M1	mut	10.5317659378052	0.777093321084976	13.5527685698041
482	mut_M2	mut	12.2633199691772	0.905925035476685	13.5367933205693
482	mut_M3	mut	6.31371879577637	1.73185378313065	3.64564194580166
483	ctrl_M1	ctrl	4.5255880355835	0.992758736014366	4.55859804744947
483	ctrl_M2	ctrl	3.51312851905823	1.41758713126183	2.47824521088246
483	ctrl_M3	ctrl	6.83156776428223	2.06332424283028	3.31095211429849
483	mut_M1	mut	2.56698799133301	0.357228115200996	7.18585095097758
483	mut_M2	mut	1.95466983318329	0.117081671953201	16.6949258630727
483	mut_M3	mut	3.24184513092041	0.460796445608139	7.03530845738613
484	ctrl_M1	ctrl	9.11799716949463	1.52170519530773	5.99196033345389
484	ctrl_M2	ctrl	14.8287181854248	7.65836894512177	1.93627628698542
484	ctrl_M3	ctrl	19.5073509216309	6.13245767354965	3.18100049932174
484	mut_M1	mut	14.1017379760742	3.70000782608986	3.81127247262524
484	mut_M2	mut	13.5707216262817	3.48246145248413	3.89687633630557
484	mut_M3	mut	11.6663980484009	2.70952361822128	4.30570081395323
485	ctrl_M1	ctrl	12.6339511871338	5.6872706413269	2.22144363859325
485	ctrl_M2	ctrl	13.965799331665	7.07909619808197	1.97282236896978
485	ctrl_M3	ctrl	24.395393371582	5.61681866645813	4.34327593968159
485	mut_M1	mut	9.65294742584229	3.07711845636368	3.13700871862095
485	mut_M2	mut	13.0091028213501	4.53829735517502	2.86651618508775
485	mut_M3	mut	8.78926372528076	4.07180321216583	2.15856790402345
486	ctrl_M1	ctrl	9.48677253723145	13.7206425368786	0.691423343457329
486	ctrl_M2	ctrl	15.7429552078247	19.227564483881	0.818770116257962
486	ctrl_M3	ctrl	20.3614234924316	16.4954997301102	1.23436233067039
486	mut_M1	mut	4.93664789199829	13.9058694243431	0.355004620089153
486	mut_M2	mut	7.52292585372925	13.9373145103455	0.539768679837503
486	mut_M3	mut	5.76005125045776	13.7654441297054	0.418442819293258
487	ctrl_M1	ctrl	4.99645280838013	0.871112406253815	5.73571535947603
487	ctrl_M2	ctrl	5.348801612854	2.03096950054169	2.63361986057762
487	ctrl_M3	ctrl	15.4914236068726	1.10099640488625	14.0703671130272
487	mut_M1	mut	0.823018252849579	1.63798680901527	0.502457192157952
487	mut_M2	mut	0.985914885997772	1.50797861814499	0.653798982382507
487	mut_M3	mut	4.79106283187866	1.19415354728699	4.01209948483052
488	ctrl_M1	ctrl	16.1910095214844	12.1974397003651	1.32741049918859
488	ctrl_M2	ctrl	23.2118339538574	19.3544731736183	1.19930073764534
488	ctrl_M3	ctrl	29.4338130950928	19.5239003300667	1.50757853694658
488	mut_M1	mut	16.3562068939209	17.3784438967705	0.94117787479007
488	mut_M2	mut	18.7648277282715	18.1913555264473	1.03152443483337
488	mut_M3	mut	11.7754516601562	15.8378037810326	0.74350281282425
489	ctrl_M1	ctrl	14.0838289260864	6.47188103199005	2.17615695598715
489	ctrl_M2	ctrl	20.003080368042	7.72586607933044	2.58910524239576
489	ctrl_M3	ctrl	21.6526832580566	7.91086614131927	2.73708123374284
489	mut_M1	mut	8.47914695739746	7.26200485229492	1.16760414373971
489	mut_M2	mut	14.9135694503784	8.27117133140564	1.80307828877291
489	mut_M3	mut	12.1877326965332	5.19831725955009	2.34455345605205
490	ctrl_M1	ctrl	12.6597518920898	5.41210323572159	2.33915565551882
490	ctrl_M2	ctrl	16.4594459533691	9.37782657146454	1.75514505711302
490	ctrl_M3	ctrl	21.0594921112061	8.34321689605713	2.52414534748083
490	mut_M1	mut	6.82424974441528	8.21073925495148	0.831137067262235
490	mut_M2	mut	8.32744312286377	8.42933189868927	0.987912591762896
490	mut_M3	mut	8.03581237792969	3.2627689242363	2.46288124121772
491	ctrl_M1	ctrl	11.3953065872192	4.93914985656738	2.30713926852561
491	ctrl_M2	ctrl	9.2518835067749	8.11048710346222	1.14073093129332
491	ctrl_M3	ctrl	19.0857601165771	6.12446004152298	3.1163171915856
491	mut_M1	mut	7.60894155502319	4.68807941675186	1.62304024284108
491	mut_M2	mut	7.6623797416687	4.72329139709473	1.6222542920773
491	mut_M3	mut	10.1424617767334	4.14226812124252	2.44852855485633
492	ctrl_M1	ctrl	6.97354364395142	2.56094706058502	2.72303311196069
492	ctrl_M2	ctrl	15.6510858535767	6.3314026594162	2.47197764784396
492	ctrl_M3	ctrl	16.0038604736328	3.23592862486839	4.9456778343755
492	mut_M1	mut	5.35985136032104	4.71308708190918	1.1372273134724
492	mut_M2	mut	8.59877300262451	2.93673500418663	2.9280043961631
492	mut_M3	mut	7.31660938262939	2.5140033364296	2.91034195404867
493	ctrl_M1	ctrl	8.61385631561279	3.83179199695587	2.2479968438934
493	ctrl_M2	ctrl	14.1613063812256	6.02619597315788	2.34995782485393
493	ctrl_M3	ctrl	21.2275428771973	4.96101942658424	4.27886711417553
493	mut_M1	mut	9.7453088760376	5.49118857085705	1.77471757713041
493	mut_M2	mut	11.0748624801636	4.44147050380707	2.49351255866061
493	mut_M3	mut	10.5138578414917	4.15817949175835	2.52847619068165
494	ctrl_M1	ctrl	6.51157999038696	1.29991692304611	5.00922780136464
494	ctrl_M2	ctrl	15.1665544509888	2.89976333081722	5.23027320533585
494	ctrl_M3	ctrl	18.165506362915	1.99813640117645	9.09122437898616
494	mut_M1	mut	0.761591851711273	0.729262441396713	1.0443316541198
494	mut_M2	mut	3.30487775802612	1.22661244869232	2.69431291158786
494	mut_M3	mut	2.81492471694946	0.955959498882294	2.9446066703042
495	ctrl_M1	ctrl	4.59641647338867	3.14930874109268	1.45950011614101
495	ctrl_M2	ctrl	7.57632112503052	2.16612142324448	3.49764378105937
495	ctrl_M3	ctrl	16.0833892822266	4.22609293460846	3.80573487878507
495	mut_M1	mut	4.50210666656494	2.64364472031593	1.702992324183
495	mut_M2	mut	4.50219583511353	1.63005328178406	2.76199304981367
495	mut_M3	mut	6.64936971664429	0.734872102737427	9.04833601911833
496	ctrl_M1	ctrl	5.26381826400757	0.164877653121948	31.9256015860093
496	ctrl_M2	ctrl	8.88372898101807	0.427446812391281	20.7832383433146
496	ctrl_M3	ctrl	10.010290145874	0.162379279732704	61.6475831297698
496	mut_M1	mut	2.14193534851074	0.169304117560387	12.6514072981525
496	mut_M2	mut	6.00632858276367	0.628991231322289	9.5491451766934
496	mut_M3	mut	4.06442642211914	0.183872014284134	22.1046494647003
497	ctrl_M1	ctrl	8.44350337982178	5.49019235372543	1.5379248732683
497	ctrl_M2	ctrl	9.4218282699585	9.91092443466187	0.950650802765398
497	ctrl_M3	ctrl	23.6187782287598	10.9225168228149	2.16239339448074
497	mut_M1	mut	9.7321662902832	5.85630708932877	1.66182649608948
497	mut_M2	mut	10.5618133544922	3.82110369205475	2.76407399685422
497	mut_M3	mut	8.12450981140137	5.6957600414753	1.42641363966186
498	ctrl_M1	ctrl	1.75587511062622	1.53679309785366	1.14255791041653
498	ctrl_M2	ctrl	6.46625471115112	2.08948028087616	3.09467132584745
498	ctrl_M3	ctrl	10.1239128112793	2.66758522391319	3.79516002732543
498	mut_M1	mut	1.61948847770691	2.48762533068657	0.651017843293926
498	mut_M2	mut	2.74346542358398	1.55974761396646	1.75891624966638
498	mut_M3	mut	3.61895251274109	1.19576345384121	3.02647860755047
499	ctrl_M1	ctrl	11.1401453018188	2.69916132092476	4.12726175922013
499	ctrl_M2	ctrl	12.2502202987671	3.62116739153862	3.38294781052969
499	ctrl_M3	ctrl	11.9982032775879	3.2012842297554	3.74793439647333
499	mut_M1	mut	6.63407468795776	3.37872672080994	1.96348365409306
499	mut_M2	mut	9.58190441131592	2.17624832689762	4.40294625061264
499	mut_M3	mut	8.75798988342285	3.89228457212448	2.25008981772434
500	ctrl_M1	ctrl	3.39679503440857	3.3427796959877	1.01615880893548
500	ctrl_M2	ctrl	10.2344741821289	4.23413497209549	2.41713460944865
500	ctrl_M3	ctrl	15.5759000778198	2.36264207959175	6.59257710355825
500	mut_M1	mut	3.18688726425171	2.31562601029873	1.37625300893929
500	mut_M2	mut	5.88852977752686	2.36752191185951	2.48721236666479
500	mut_M3	mut	6.17652082443237	2.17505931854248	2.83970224249851
501	ctrl_M1	ctrl	17.1132259368896	6.50379180908203	2.6312690257078
501	ctrl_M2	ctrl	19.2627372741699	9.92208766937256	1.94139962435829
501	ctrl_M3	ctrl	26.3659267425537	11.5745258331299	2.27792715854383
501	mut_M1	mut	12.0205688476562	6.62627846002579	1.81407541505726
501	mut_M2	mut	14.3052568435669	8.1989905834198	1.74475829652681
501	mut_M3	mut	13.2962102890015	6.99511444568634	1.90078523978987
502	ctrl_M1	ctrl	11.6788167953491	4.90674048662186	2.38015783129171
502	ctrl_M2	ctrl	17.7544612884521	7.36103534698486	2.41195164152072
502	ctrl_M3	ctrl	21.7162017822266	4.2402178645134	5.12148254550092
502	mut_M1	mut	18.1254024505615	3.84784370660782	4.71053499897492
502	mut_M2	mut	12.580207824707	5.86357367038727	2.14548473881051
502	mut_M3	mut	15.7961988449097	2.96598097681999	5.32579236629013
503	ctrl_M1	ctrl	10.0855846405029	5.63046115636826	1.79125374643528
503	ctrl_M2	ctrl	13.0407981872559	8.83560848236084	1.47593662771389
503	ctrl_M3	ctrl	14.8692855834961	8.23428791761398	1.80577673895628
503	mut_M1	mut	6.15035581588745	7.74106085300446	0.794510717933496
503	mut_M2	mut	6.86070775985718	7.19866406917572	0.953052912863978
503	mut_M3	mut	6.76326131820679	5.16201043128967	1.310199080035
504	ctrl_M1	ctrl	17.1185874938965	7.99251341819763	2.14182780787334
504	ctrl_M2	ctrl	25.6213474273682	14.718679189682	1.74073686213156
504	ctrl_M3	ctrl	22.4752197265625	11.4351162910461	1.96545615755223
504	mut_M1	mut	18.9707870483398	10.5915386676788	1.79112663830716
504	mut_M2	mut	11.6433935165405	13.4183785915375	0.867719854311133
504	mut_M3	mut	13.2555074691772	7.55758213996887	1.75393495216869
505	ctrl_M1	ctrl	2.83318495750427	4.944708943367	0.572973048556235
505	ctrl_M2	ctrl	12.5718679428101	5.52513629198074	2.27539508139501
505	ctrl_M3	ctrl	14.0998497009277	4.13129943609238	3.41293336855394
505	mut_M1	mut	11.668062210083	6.16372549533844	1.89302106638387
505	mut_M2	mut	9.41294765472412	3.91687972843647	2.40317505446652
505	mut_M3	mut	5.23239326477051	3.37353026866913	1.55101417448811
506	ctrl_M1	ctrl	11.7061014175415	3.85281857848167	3.03832147273196
506	ctrl_M2	ctrl	10.6608963012695	5.91413643956184	1.80261250483754
506	ctrl_M3	ctrl	23.9876155853271	6.38655084371567	3.75595782016373
506	mut_M1	mut	13.5077037811279	3.20052218437195	4.22046872447429
506	mut_M2	mut	9.3437671661377	4.26679401099682	2.18988006968604
506	mut_M3	mut	9.04392528533936	4.97457987070084	1.81802795822137
507	ctrl_M1	ctrl	7.24618673324585	2.79722857475281	2.59048788456131
507	ctrl_M2	ctrl	8.12184429168701	3.33498919010162	2.43534351349412
507	ctrl_M3	ctrl	17.5909080505371	2.38380968570709	7.37932568862738
507	mut_M1	mut	3.22316908836365	5.26467430591583	0.612225733459299
507	mut_M2	mut	4.05511426925659	0.93738180398941	4.32600062429034
507	mut_M3	mut	3.9348132610321	1.68932723999023	2.32921909259857
508	ctrl_M1	ctrl	11.7320146560669	1.92989484965801	6.07909527202784
508	ctrl_M2	ctrl	10.9766616821289	2.83542069792747	3.87126386223822
508	ctrl_M3	ctrl	17.6500053405762	1.12139028310776	15.7393956470373
508	mut_M1	mut	6.54930305480957	2.54263356328011	2.57579509269149
508	mut_M2	mut	11.4606456756592	0.765386000275612	14.9736808244889
508	mut_M3	mut	7.98742055892944	1.36754858493805	5.84068503810508
509	ctrl_M1	ctrl	13.8041954040527	4.03421622514725	3.42177876287454
509	ctrl_M2	ctrl	20.960168838501	6.50208067893982	3.22360946802625
509	ctrl_M3	ctrl	19.0462436676025	3.57440137863159	5.328512847344
509	mut_M1	mut	21.5551376342773	3.86756235361099	5.57331354054374
509	mut_M2	mut	14.4000186920166	3.61130917072296	3.98747878158928
509	mut_M3	mut	8.86257553100586	2.82135897874832	3.14124349214778
510	ctrl_M1	ctrl	14.1688251495361	4.85233938694	2.91999879226736
510	ctrl_M2	ctrl	14.5824737548828	7.80783355236053	1.86767221113136
510	ctrl_M3	ctrl	16.1991138458252	7.02389973402023	2.30628489290142
510	mut_M1	mut	21.3173446655273	5.68549701571465	3.74942500305716
510	mut_M2	mut	10.834246635437	8.29336750507355	1.30637483854527
510	mut_M3	mut	8.04368877410889	5.84248429536819	1.37675830476528
511	ctrl_M1	ctrl	6.74232864379883	3.55544400215149	1.89633942757047
511	ctrl_M2	ctrl	10.7657604217529	4.1589652299881	2.58856706570344
511	ctrl_M3	ctrl	21.8734874725342	5.03247511386871	4.34646709176053
511	mut_M1	mut	19.6869106292725	3.55458027124405	5.53846280770088
511	mut_M2	mut	7.29577875137329	2.61277410387993	2.7923496105305
511	mut_M3	mut	10.6558446884155	3.03036454319954	3.51635736773926
512	ctrl_M1	ctrl	8.63645267486572	8.12362283468246	1.06312821885253
512	ctrl_M2	ctrl	6.76597929000854	7.12248611450195	0.949946294206523
512	ctrl_M3	ctrl	9.76056289672852	6.39626896381378	1.52597755847165
512	mut_M1	mut	18.5954341888428	4.05108028650284	4.59024084286801
512	mut_M2	mut	7.00493955612183	2.3880877494812	2.93328398742618
512	mut_M3	mut	4.24816942214966	3.30954405665398	1.28361168469975
513	ctrl_M1	ctrl	21.6445198059082	9.44391548633575	2.29190104858788
513	ctrl_M2	ctrl	30.2855587005615	11.2096458673477	2.70174089877179
513	ctrl_M3	ctrl	24.6152229309082	7.96486783027649	3.09047475180184
513	mut_M1	mut	15.7408685684204	6.99670100212097	2.24975578685565
513	mut_M2	mut	29.3422317504883	8.79809975624084	3.33506468026515
513	mut_M3	mut	12.8121747970581	4.79343402385712	2.67285931824479
514	ctrl_M1	ctrl	47.5427169799805	7.19448125362396	6.60822028774243
514	ctrl_M2	ctrl	63.2478523254395	8.45005691051483	7.48490252731162
514	ctrl_M3	ctrl	57.097225189209	7.96672785282135	7.16696066993031
514	mut_M1	mut	42.876407623291	8.93421542644501	4.79912399429928
514	mut_M2	mut	55.7458648681641	7.11284494400024	7.83735134212173
514	mut_M3	mut	42.9326858520508	6.25125533342361	6.8678503056022
515	ctrl_M1	ctrl	7.71674633026123	0.988449513912201	7.80692005170703
515	ctrl_M2	ctrl	9.22061443328857	1.88095889985561	4.90208182326385
515	ctrl_M3	ctrl	8.96837329864502	2.35749816894531	3.80419099229131
515	mut_M1	mut	3.96614623069763	0.837496370077133	4.73571751759635
515	mut_M2	mut	9.96023941040039	1.64425814151764	6.05758862243319
515	mut_M3	mut	5.54631757736206	0.669182151556015	8.28820309158798
516	ctrl_M1	ctrl	7.13937473297119	6.32782375812531	1.12825119754699
516	ctrl_M2	ctrl	9.53860855102539	6.55046421289444	1.45617291248594
516	ctrl_M3	ctrl	12.8382387161255	7.33598351478577	1.75003647298959
516	mut_M1	mut	11.098274230957	3.76566398143768	2.94722903733961
516	mut_M2	mut	21.1663970947266	5.52797445654869	3.82896072713431
516	mut_M3	mut	7.15652084350586	4.6518217921257	1.53843400785902
517	ctrl_M1	ctrl	20.8264408111572	2.08062747120857	10.0096923160684
517	ctrl_M2	ctrl	22.6505012512207	5.15143513679504	4.39693030189499
517	ctrl_M3	ctrl	19.0991592407227	5.06120282411575	3.77364035871443
517	mut_M1	mut	13.3239841461182	3.44939783215523	3.86269859101557
517	mut_M2	mut	11.2834644317627	4.17387279868126	2.70335608582219
517	mut_M3	mut	11.0174055099487	3.65462458133698	3.01464767850881
518	ctrl_M1	ctrl	9.59732532501221	5.60801556706429	1.71135853854918
518	ctrl_M2	ctrl	19.4596424102783	7.10972952842712	2.73704398071291
518	ctrl_M3	ctrl	15.8387880325317	7.23639789223671	2.18876687937845
518	mut_M1	mut	11.3811359405518	3.76256807148457	3.02483190319031
518	mut_M2	mut	12.4821720123291	3.3056253194809	3.77603957071858
518	mut_M3	mut	10.6810531616211	4.02823895215988	2.65154408377241
519	ctrl_M1	ctrl	12.6784763336182	3.24898356199265	3.90229008294591
519	ctrl_M2	ctrl	14.6323537826538	5.17128726840019	2.82953798990566
519	ctrl_M3	ctrl	17.6311817169189	7.63361018896103	2.3096780265798
519	mut_M1	mut	13.9392061233521	4.67435657978058	2.98205878936313
519	mut_M2	mut	16.5524921417236	4.68946939706802	3.52971535587217
519	mut_M3	mut	5.95490503311157	3.6961578130722	1.6111068126071
520	ctrl_M1	ctrl	1.85181415081024	0.617504209280014	2.99886887082014
520	ctrl_M2	ctrl	3.9939501285553	2.66621121764183	1.4979871445023
520	ctrl_M3	ctrl	6.28786039352417	2.10982346534729	2.98027796960214
520	mut_M1	mut	3.63743209838867	1.4296947568655	2.54420188709614
520	mut_M2	mut	13.2337789535522	1.67835092544556	7.88498921942623
520	mut_M3	mut	7.20709371566772	0.199538186192513	36.1188695416645
521	ctrl_M1	ctrl	22.5399322509766	49.754522562027	0.453022782459161
521	ctrl_M2	ctrl	29.6979808807373	44.5265800952911	0.666971970835864
521	ctrl_M3	ctrl	21.1712226867676	56.2389205694199	0.376451440966659
521	mut_M1	mut	7.5547981262207	54.1926149129868	0.139406414293736
521	mut_M2	mut	29.951847076416	54.3152558803558	0.551444462351298
521	mut_M3	mut	14.7860803604126	38.8056890964508	0.381028676585592
522	ctrl_M1	ctrl	10.0900259017944	3.82897996902466	2.63517333164964
522	ctrl_M2	ctrl	16.5223922729492	5.39465337991714	3.06273473184722
522	ctrl_M3	ctrl	14.6991138458252	1.92247420549393	7.64593553651798
522	mut_M1	mut	17.5273094177246	2.12783572077751	8.23715348256308
522	mut_M2	mut	16.5507278442383	3.57128536701202	4.63438962260407
522	mut_M3	mut	17.0925197601318	1.76668345928192	9.67491922241644
523	ctrl_M1	ctrl	4.24769592285156	0.201433032751083	21.0873850472209
523	ctrl_M2	ctrl	6.66250991821289	1.78850048780441	3.72519323513961
523	ctrl_M3	ctrl	6.01804876327515	0.815353751182556	7.38090522616326
523	mut_M1	mut	5.16125965118408	1.86542117595673	2.76680661595739
523	mut_M2	mut	7.2233304977417	1.59134697914124	4.53912980162236
523	mut_M3	mut	4.07242918014526	2.5392594486475	1.6037861677799
524	ctrl_M1	ctrl	11.9005336761475	1.08706295490265	10.9474190270914
524	ctrl_M2	ctrl	11.7733860015869	5.50628614425659	2.13817184453215
524	ctrl_M3	ctrl	14.5285301208496	2.49416616559029	5.82500489393464
524	mut_M1	mut	8.70295524597168	1.52480861544609	5.70757218828121
524	mut_M2	mut	17.293493270874	2.27464574575424	7.60271936988576
524	mut_M3	mut	9.12768840789795	1.50349372625351	6.07098536462991
525	ctrl_M1	ctrl	21.2529220581055	7.7556579709053	2.74031192941128
525	ctrl_M2	ctrl	27.1772060394287	14.6275956630707	1.8579407488027
525	ctrl_M3	ctrl	26.3299293518066	14.0745735168457	1.87074438314544
525	mut_M1	mut	18.6541233062744	9.18356144428253	2.03125153781032
525	mut_M2	mut	28.1673240661621	7.94042646884918	3.54733139040634
525	mut_M3	mut	21.1818370819092	9.59705936908722	2.20711743746603
526	ctrl_M1	ctrl	10.8847904205322	4.02847340703011	2.70196407441517
526	ctrl_M2	ctrl	9.69103717803955	5.50366288423538	1.7608340812077
526	ctrl_M3	ctrl	13.2758522033691	6.12134873867035	2.16877893584166
526	mut_M1	mut	8.66370010375977	4.19956350326538	2.06300014204412
526	mut_M2	mut	10.5576677322388	6.33276909589767	1.66714869472786
526	mut_M3	mut	14.3616275787354	3.4538636803627	4.15813387783365
527	ctrl_M1	ctrl	13.8150444030762	4.72801688313484	2.92195327228111
527	ctrl_M2	ctrl	15.4919633865356	3.21681478619576	4.81593265891961
527	ctrl_M3	ctrl	30.9403038024902	6.3813082575798	4.84858316721166
527	mut_M1	mut	13.2628488540649	5.90596535801888	2.24566993710134
527	mut_M2	mut	17.9572772979736	2.71007713675499	6.6261129819631
527	mut_M3	mut	20.7722568511963	3.30545538663864	6.28423452186413
528	ctrl_M1	ctrl	16.0257720947266	2.12092068791389	7.55604496955012
528	ctrl_M2	ctrl	17.5276927947998	2.44496202468872	7.16890185524715
528	ctrl_M3	ctrl	15.7206401824951	1.77143362164497	8.87452964108062
528	mut_M1	mut	12.8623657226562	1.16919788718224	11.0010169054056
528	mut_M2	mut	10.7917747497559	1.66859793663025	6.46757047509597
528	mut_M3	mut	17.0519504547119	1.76332306861877	9.67034955657266
529	ctrl_M1	ctrl	10.1282787322998	5.47647595405579	1.84941535711464
529	ctrl_M2	ctrl	19.2299633026123	9.2136332988739	2.08712053962063
529	ctrl_M3	ctrl	13.1180934906006	7.5284411907196	1.74247140387726
529	mut_M1	mut	14.8089122772217	7.3517392873764	2.01434132772498
529	mut_M2	mut	15.0668115615845	5.90409135818481	2.55192723952305
529	mut_M3	mut	15.1874780654907	6.20290422439575	2.44844632708644
530	ctrl_M1	ctrl	15.0239114761353	6.94559359550476	2.1630853100675
530	ctrl_M2	ctrl	27.7507629394531	13.6026334762573	2.04010223372486
530	ctrl_M3	ctrl	23.5736064910889	11.8767981529236	1.98484525775038
530	mut_M1	mut	13.9715509414673	9.44112861156464	1.47986024937244
530	mut_M2	mut	11.7062501907349	10.2548394203186	1.1415342270051
530	mut_M3	mut	15.4415922164917	8.16992115974426	1.8900540059771
531	ctrl_M1	ctrl	5.9809889793396	1.38451021909714	4.31993126294142
531	ctrl_M2	ctrl	11.012674331665	3.29365766048431	3.34360017550995
531	ctrl_M3	ctrl	8.05349159240723	3.40174299478531	2.36746032982292
531	mut_M1	mut	4.56444025039673	0.87777304649353	5.20002325046372
531	mut_M2	mut	2.07706594467163	2.70850148797035	0.766869043231763
531	mut_M3	mut	4.69599533081055	0.935105413198471	5.02188872455372
532	ctrl_M1	ctrl	54.5229797363281	18.0822343230247	3.01527890648459
532	ctrl_M2	ctrl	55.8844375610352	21.4893503785133	2.60056430635114
532	ctrl_M3	ctrl	63.5822715759277	23.5378483533859	2.70127798519789
532	mut_M1	mut	50.305721282959	19.267191529274	2.61095246842416
532	mut_M2	mut	53.0806503295898	22.2769729495049	2.38275866518793
532	mut_M3	mut	42.7843818664551	17.9691485762596	2.38099104611894
533	ctrl_M1	ctrl	17.483793258667	4.76063340902328	3.67257710403164
533	ctrl_M2	ctrl	19.9211769104004	5.23015463352203	3.80890782515646
533	ctrl_M3	ctrl	20.0509052276611	5.58403491973877	3.59075570190008
533	mut_M1	mut	11.8979797363281	4.67060834169388	2.54741542554885
533	mut_M2	mut	24.1879024505615	5.18430870771408	4.66559840747344
533	mut_M3	mut	11.0164346694946	4.54036724567413	2.42633119159923
534	ctrl_M1	ctrl	18.2425708770752	3.72334372997284	4.89951296471042
534	ctrl_M2	ctrl	27.0454444885254	7.1642210483551	3.77507119140817
534	ctrl_M3	ctrl	24.5660858154297	5.94241335988045	4.13402507157865
534	mut_M1	mut	17.0442790985107	4.49219816923141	3.79419572699459
534	mut_M2	mut	19.3894290924072	2.26179730892181	8.57257589613548
534	mut_M3	mut	16.6921157836914	4.31318706274033	3.8700189768923
535	ctrl_M1	ctrl	12.1280288696289	49.2595819830894	0.246206491841372
535	ctrl_M2	ctrl	27.0209922790527	46.2650530338287	0.58404758034742
535	ctrl_M3	ctrl	18.273796081543	54.9508625864983	0.332547938674814
535	mut_M1	mut	12.839225769043	40.303503036499	0.318563519340136
535	mut_M2	mut	12.3048086166382	43.3282887935638	0.283990181917039
535	mut_M3	mut	9.94144535064697	38.9167817234993	0.255453943270031
536	ctrl_M1	ctrl	23.4462261199951	2.99781560897827	7.82110348941247
536	ctrl_M2	ctrl	29.3497161865234	5.2296404838562	5.61218620613127
536	ctrl_M3	ctrl	36.913646697998	5.24943721294403	7.03192460459887
536	mut_M1	mut	24.1148090362549	4.65512442588806	5.18027163831491
536	mut_M2	mut	28.2115135192871	2.6496843546629	10.6471223523816
536	mut_M3	mut	24.0915470123291	2.19411887228489	10.9800555095909
537	ctrl_M1	ctrl	16.8826770782471	1.26623228192329	13.3330016295302
537	ctrl_M2	ctrl	16.1009311676025	2.62189576029778	6.14095015195185
537	ctrl_M3	ctrl	15.66286277771	1.6719001531601	9.36830034264022
537	mut_M1	mut	10.416576385498	1.29112562537193	8.06782560953149
537	mut_M2	mut	8.23985385894775	1.5393668115139	5.35275529998221
537	mut_M3	mut	11.594762802124	1.06669846177101	10.8697661219775
538	ctrl_M1	ctrl	27.5425662994385	7.06609630584717	3.89784756777899
538	ctrl_M2	ctrl	39.905445098877	11.2328243255615	3.55257448548071
538	ctrl_M3	ctrl	39.5006790161133	9.94644784927368	3.97133525603291
538	mut_M1	mut	18.2371616363525	6.74196839332581	2.70502034011408
538	mut_M2	mut	20.6824188232422	9.61554217338562	2.15093631230572
538	mut_M3	mut	19.7172527313232	6.84929114580154	2.87872895334716
539	ctrl_M1	ctrl	24.0563983917236	7.09325951337814	3.39144484229745
539	ctrl_M2	ctrl	35.4520034790039	13.253178358078	2.67498124005819
539	ctrl_M3	ctrl	23.9006881713867	8.37673091888428	2.85322381759997
539	mut_M1	mut	18.074291229248	7.48950093984604	2.41328379212669
539	mut_M2	mut	17.7388439178467	10.2242630124092	1.73497531277482
539	mut_M3	mut	16.8783340454102	10.1725718975067	1.65920027063628
540	ctrl_M1	ctrl	20.4539813995361	3.51899707317352	5.81244626642733
540	ctrl_M2	ctrl	15.8890695571899	4.10267156362534	3.87285926030831
540	ctrl_M3	ctrl	9.69125366210938	3.38151735067368	2.86594822888567
540	mut_M1	mut	7.48186922073364	3.53102552890778	2.11889411715694
540	mut_M2	mut	16.9237251281738	2.05650597810745	8.22935858603644
540	mut_M3	mut	14.033543586731	2.11933998763561	6.62165752951565
541	ctrl_M1	ctrl	22.3561363220215	1.56109616160393	14.3207938574725
541	ctrl_M2	ctrl	22.0783977508545	4.03885415196419	5.46650037860794
541	ctrl_M3	ctrl	24.0316581726074	3.35188770294189	7.16958928889988
541	mut_M1	mut	18.819694519043	2.95157659053802	6.37614981070589
541	mut_M2	mut	17.9979476928711	2.83612531423569	6.34596348847209
541	mut_M3	mut	17.1232376098633	2.98797404766083	5.7307183184099
542	ctrl_M1	ctrl	2.04476714134216	0.972956612706184	2.10160156644071
542	ctrl_M2	ctrl	0	2.00137870013714	0
542	ctrl_M3	ctrl	3.77016377449036	1.71639081835747	2.19656486982276
542	mut_M1	mut	1.99999630451202	2.13290260732174	0.937687589506675
542	mut_M2	mut	1.83181273937225	0.854574337601662	2.14353820232092
542	mut_M3	mut	7.52317810058594	1.10049930214882	6.8361498148125
543	ctrl_M1	ctrl	10.6272487640381	0.284415185451508	37.3652649634983
543	ctrl_M2	ctrl	8.80324077606201	1.27598306536674	6.89918308087558
543	ctrl_M3	ctrl	9.40430736541748	1.05958276987076	8.87548158844124
543	mut_M1	mut	4.79998445510864	0.657119795680046	7.30458051433558
543	mut_M2	mut	4.43003702163696	1.54859291017056	2.86068533088471
543	mut_M3	mut	4.22293567657471	1.07311147451401	3.93522553515439
544	ctrl_M1	ctrl	39.4354057312012	4.29876929521561	9.17365018287711
544	ctrl_M2	ctrl	47.135913848877	5.92199149727821	7.95947003141442
544	ctrl_M3	ctrl	46.2583961486816	4.25133323669434	10.880915132555
544	mut_M1	mut	38.025520324707	2.47207552194595	15.3820221053661
544	mut_M2	mut	38.7699241638184	2.64191919565201	14.6749091446948
544	mut_M3	mut	36.8398818969727	1.81321951746941	20.3173865833894
545	ctrl_M1	ctrl	25.325101852417	1.21943765878677	20.7678528458873
545	ctrl_M2	ctrl	38.1991920471191	2.24492010474205	17.0158358715881
545	ctrl_M3	ctrl	29.210844039917	3.42838636040688	8.52028942165383
545	mut_M1	mut	13.6488218307495	3.44746971130371	3.95908390028698
545	mut_M2	mut	30.5625514984131	2.34628486633301	13.0259338654726
545	mut_M3	mut	19.2895050048828	2.18804325163364	8.81587006585945
546	ctrl_M1	ctrl	38.0512809753418	48.7092633247375	0.781191879697697
546	ctrl_M2	ctrl	42.2397575378418	60.0491135120392	0.703420168382223
546	ctrl_M3	ctrl	49.5915565490723	62.5241539478302	0.793158378287712
546	mut_M1	mut	22.430980682373	52.0358300209045	0.431067990524255
546	mut_M2	mut	22.5621929168701	54.0121229887009	0.417724608262298
546	mut_M3	mut	20.5716552734375	45.4500963687897	0.452620718480235
547	ctrl_M1	ctrl	22.4390525817871	6.03169131278992	3.72019246644903
547	ctrl_M2	ctrl	22.8280925750732	9.3741010427475	2.43523005256432
547	ctrl_M3	ctrl	23.8114452362061	9.95029556751251	2.39303898810301
547	mut_M1	mut	14.9081602096558	6.6222910284996	2.2512088558925
547	mut_M2	mut	23.3774089813232	7.3433775305748	3.18346821799497
547	mut_M3	mut	18.4057426452637	7.92564237117767	2.32230294823772
548	ctrl_M1	ctrl	22.3277912139893	7.93610918521881	2.81344304783196
548	ctrl_M2	ctrl	36.2299156188965	11.5662645697594	3.13237825404942
548	ctrl_M3	ctrl	30.7215461730957	18.3201978206635	1.67692218576618
548	mut_M1	mut	9.80195045471191	15.0101721286774	0.653020523061491
548	mut_M2	mut	12.5569267272949	9.29854440689087	1.35041853625922
548	mut_M3	mut	11.9151735305786	4.22182497382164	2.82228031821814
549	ctrl_M1	ctrl	12.9441146850586	2.00871393084526	6.44398113952033
549	ctrl_M2	ctrl	16.761812210083	3.76137012243271	4.45630492732316
549	ctrl_M3	ctrl	17.4342308044434	2.46110974252224	7.08389004489336
549	mut_M1	mut	10.2005424499512	2.4983936548233	4.0828403603485
549	mut_M2	mut	12.0566167831421	2.94612231850624	4.0923680281052
549	mut_M3	mut	10.0285367965698	2.75839161872864	3.63564648633614
550	ctrl_M1	ctrl	16.2046928405762	7.2295098900795	2.24146492458813
550	ctrl_M2	ctrl	22.7689819335938	11.7713470458984	1.93427157017916
550	ctrl_M3	ctrl	20.7994651794434	4.20209267735481	4.94978735036764
550	mut_M1	mut	10.5464391708374	5.97580808401108	1.76485573542021
550	mut_M2	mut	8.65041446685791	5.82309997081757	1.48553425326878
550	mut_M3	mut	10.1470947265625	5.60881471633911	1.8091335228106
551	ctrl_M1	ctrl	28.381067276001	9.25392615795135	3.06692173587476
551	ctrl_M2	ctrl	21.731086730957	13.9390748739243	1.55900495029331
551	ctrl_M3	ctrl	11.9296264648438	10.4958815574646	1.13660071329211
551	mut_M1	mut	12.5171670913696	9.79953920841217	1.27732200720464
551	mut_M2	mut	18.0626640319824	10.8962088823318	1.65770170405516
551	mut_M3	mut	17.7209510803223	9.54790812730789	1.85600351868057
552	ctrl_M1	ctrl	31.5474853515625	11.6854470968246	2.69972428869539
552	ctrl_M2	ctrl	40.3005027770996	17.4903154373169	2.30416100392995
552	ctrl_M3	ctrl	35.9819488525391	14.7950103282928	2.43203269576162
552	mut_M1	mut	22.8678951263428	9.46394166350365	2.41631826773928
552	mut_M2	mut	24.1612205505371	9.54061871767044	2.53245845636693
552	mut_M3	mut	16.636547088623	14.2955461740494	1.16375736093408
553	ctrl_M1	ctrl	19.2212524414062	4.46473008394241	4.30513201918662
553	ctrl_M2	ctrl	28.6637020111084	8.13729810714722	3.52250853215421
553	ctrl_M3	ctrl	30.1434020996094	8.45718860626221	3.56423434583088
553	mut_M1	mut	16.9626216888428	4.88879507780075	3.46969374230214
553	mut_M2	mut	21.5603256225586	9.39604604244232	2.2946168553421
553	mut_M3	mut	15.1268081665039	4.94735240936279	3.05755622701885
554	ctrl_M1	ctrl	15.8773460388184	4.77407218515873	3.32574486162497
554	ctrl_M2	ctrl	23.14670753479	6.75511419773102	3.42654570407778
554	ctrl_M3	ctrl	18.5441913604736	9.40851855278015	1.97100013742269
554	mut_M1	mut	11.4000015258789	6.0861382484436	1.87310919675448
554	mut_M2	mut	17.6839504241943	6.80871725082397	2.59725140180469
554	mut_M3	mut	12.7263536453247	5.31195324659348	2.39579549264407
555	ctrl_M1	ctrl	21.196216583252	3.46193724870682	6.12264609682618
555	ctrl_M2	ctrl	16.8861064910889	4.18605250120163	4.03389744544332
555	ctrl_M3	ctrl	25.5569667816162	4.36725729703903	5.85194895637215
555	mut_M1	mut	16.2486190795898	5.26784539222717	3.08449050223931
555	mut_M2	mut	17.566951751709	3.71718937158585	4.72586946632059
555	mut_M3	mut	17.6906242370605	4.11972454190254	4.29412793431349
556	ctrl_M1	ctrl	19.7088260650635	4.9394690990448	3.99006971596903
556	ctrl_M2	ctrl	30.2512321472168	7.90188300609589	3.82835738315533
556	ctrl_M3	ctrl	35.4093589782715	5.44673871994019	6.50102029837413
556	mut_M1	mut	19.6033096313477	8.84302043914795	2.21681152568234
556	mut_M2	mut	24.1825904846191	4.38098347187042	5.51989995851196
556	mut_M3	mut	18.5139217376709	6.40695255994797	2.88966112429296
557	ctrl_M1	ctrl	27.2993335723877	2.69199100136757	10.1409453295049
557	ctrl_M2	ctrl	25.4713706970215	4.02988836169243	6.3206144713955
557	ctrl_M3	ctrl	19.0916595458984	2.74423345923424	6.95700997364337
557	mut_M1	mut	13.7259140014648	1.5778266787529	8.69925333770734
557	mut_M2	mut	26.3109798431396	1.69225397706032	15.5478906829609
557	mut_M3	mut	5.97544240951538	1.5947063267231	3.74704878847135
558	ctrl_M1	ctrl	14.8586797714233	2.54957541823387	5.82790360510934
558	ctrl_M2	ctrl	19.4402923583984	1.84851349890232	10.516716469716
558	ctrl_M3	ctrl	16.0594501495361	3.72188758850098	4.3148670580898
558	mut_M1	mut	9.42195701599121	2.08418628573418	4.52068852025491
558	mut_M2	mut	10.9069023132324	2.49280887842178	4.37534638441181
558	mut_M3	mut	10.3451728820801	2.99003645777702	3.45988185367188
559	ctrl_M1	ctrl	8.33857250213623	1.64513328671455	5.06863034714284
559	ctrl_M2	ctrl	10.2369413375854	4.52192893624306	2.26384392190174
559	ctrl_M3	ctrl	5.47723436355591	2.5433776974678	2.15352771592244
559	mut_M1	mut	6.57388687133789	1.90398597717285	3.45269710499611
559	mut_M2	mut	5.83243322372437	3.01704508066177	1.93316078076137
559	mut_M3	mut	4.13613748550415	4.2003545165062	0.984711521194297
560	ctrl_M1	ctrl	6.39699983596802	0.330139845609665	19.3766366618206
560	ctrl_M2	ctrl	16.2374229431152	1.65762701630592	9.79558295285321
560	ctrl_M3	ctrl	18.7441902160645	1.54413521289825	12.1389565236859
560	mut_M1	mut	5.97491645812988	1.22249145805836	4.88749137570224
560	mut_M2	mut	7.29741811752319	0.517862573266029	14.0914182531095
560	mut_M3	mut	13.379415512085	0.282280087471008	47.3976596505735
561	ctrl_M1	ctrl	54.0463676452637	3.99488413333893	13.5288949169326
561	ctrl_M2	ctrl	65.8184204101562	6.67510139942169	9.86028772774276
561	ctrl_M3	ctrl	65.7847366333008	5.19227111339569	12.6697422373768
561	mut_M1	mut	63.0863075256348	5.51657575368881	11.435772903771
561	mut_M2	mut	65.5388336181641	6.00656592845917	10.9111985781494
561	mut_M3	mut	44.1696815490723	4.39523041248322	10.0494575719222
562	ctrl_M1	ctrl	26.3760223388672	4.66285406053066	5.65662617711553
562	ctrl_M2	ctrl	26.4135894775391	7.73721082508564	3.41383866546595
562	ctrl_M3	ctrl	29.7759685516357	7.35440236330032	4.04872715425834
562	mut_M1	mut	21.257682800293	5.36522567272186	3.96212276929418
562	mut_M2	mut	23.3748340606689	5.40307456254959	4.32620978853175
562	mut_M3	mut	20.0073566436768	5.12864029407501	3.90110350823214
563	ctrl_M1	ctrl	15.9396963119507	3.08509108424187	5.16668580495662
563	ctrl_M2	ctrl	25.8179244995117	4.44595104455948	5.80706450447878
563	ctrl_M3	ctrl	21.7848510742188	5.17862641811371	4.20668519320492
563	mut_M1	mut	9.07869052886963	3.55171293020248	2.55614423442495
563	mut_M2	mut	13.1772623062134	3.84046322107315	3.43116482249014
563	mut_M3	mut	10.2901926040649	4.3741700053215	2.35249032194591
564	ctrl_M1	ctrl	19.799186706543	1.97642858326435	10.0176585555355
564	ctrl_M2	ctrl	24.2981758117676	2.3973985016346	10.1352260774338
564	ctrl_M3	ctrl	21.1486167907715	2.27983748912811	9.27637030780621
564	mut_M1	mut	18.9451808929443	4.14122216403484	4.57478013555443
564	mut_M2	mut	11.7208681106567	2.56160807609558	4.57558992729354
564	mut_M3	mut	12.4743099212646	2.35932514071465	5.28723646690178
565	ctrl_M1	ctrl	15.0134840011597	2.27324576675892	6.60442624405066
565	ctrl_M2	ctrl	22.8215465545654	4.08066385984421	5.59260633524387
565	ctrl_M3	ctrl	22.3170280456543	5.41632628440857	4.12032563656589
565	mut_M1	mut	18.2685241699219	2.41901934146881	7.55203724780033
565	mut_M2	mut	17.9932765960693	3.34441405534744	5.38009836649848
565	mut_M3	mut	15.4635467529297	2.43778482079506	6.34327797146854
566	ctrl_M1	ctrl	12.8677206039429	1.44010826945305	8.9352452707115
566	ctrl_M2	ctrl	21.710636138916	2.07582670450211	10.4587902698378
566	ctrl_M3	ctrl	17.1206722259521	1.50131851434708	11.4037574720764
566	mut_M1	mut	16.0981731414795	2.0340098887682	7.91450092272098
566	mut_M2	mut	13.2216625213623	2.52971583604813	5.2265405991279
566	mut_M3	mut	10.5820112228394	1.86819377541542	5.66430065344067
567	ctrl_M1	ctrl	14.383207321167	4.56965333223343	3.14754890041892
567	ctrl_M2	ctrl	11.3829145431519	6.32699131965637	1.79910386596991
567	ctrl_M3	ctrl	18.3735275268555	7.04678416252136	2.60736345872148
567	mut_M1	mut	8.87935733795166	3.25148358941078	2.73086334092824
567	mut_M2	mut	8.45409107208252	2.7464574277401	3.07818027204554
567	mut_M3	mut	7.48084211349487	2.76445001363754	2.70608695277198
568	ctrl_M1	ctrl	14.4563121795654	2.27404323220253	6.35709645922771
568	ctrl_M2	ctrl	14.2287158966064	4.64826190471649	3.06108308616794
568	ctrl_M3	ctrl	17.2761402130127	4.10110700130463	4.21255534359793
568	mut_M1	mut	6.84452533721924	2.7939321398735	2.44978224042661
568	mut_M2	mut	10.184549331665	1.59073051810265	6.40243536901066
568	mut_M3	mut	9.49624061584473	1.81795108318329	5.22359523514599
569	ctrl_M1	ctrl	8.74746036529541	0.91142001748085	9.5976171222059
569	ctrl_M2	ctrl	7.48030996322632	2.99384993314743	2.49855875553598
569	ctrl_M3	ctrl	8.85259056091309	1.51251435279846	5.85289689617423
569	mut_M1	mut	1.43089973926544	0.479970574378967	2.98122388256172
569	mut_M2	mut	5.88727045059204	1.71012341976166	3.44259974605374
569	mut_M3	mut	3.71901321411133	0.796718403697014	4.66791428044587
570	ctrl_M1	ctrl	23.7931365966797	17.475550532341	1.36150998806287
570	ctrl_M2	ctrl	32.981990814209	26.9924840927124	1.22189535060664
570	ctrl_M3	ctrl	33.4730606079102	22.2402305603027	1.50506805750734
570	mut_M1	mut	14.5959672927856	21.8199579715729	0.668927378861193
570	mut_M2	mut	15.2334480285645	18.7729250192642	0.811458417531223
570	mut_M3	mut	13.3204469680786	16.9268444776535	0.786942125312489
571	ctrl_M1	ctrl	13.2277765274048	1.14985521137714	11.5038627442166
571	ctrl_M2	ctrl	17.0385475158691	1.23223483562469	13.8273541887259
571	ctrl_M3	ctrl	25.5823993682861	2.29367510974407	11.1534537998019
571	mut_M1	mut	15.7028303146362	2.38302639126778	6.58944876656707
571	mut_M2	mut	14.8909492492676	2.38802827894688	6.2356670482288
571	mut_M3	mut	14.6044187545776	1.25437441468239	11.6427906880383
572	ctrl_M1	ctrl	16.5107345581055	1.50362105667591	10.9806486712857
572	ctrl_M2	ctrl	13.0744018554688	2.60400362312794	5.0208846636564
572	ctrl_M3	ctrl	23.9488964080811	2.93526476621628	8.15902425011987
572	mut_M1	mut	15.6416931152344	2.51610954105854	6.21661849772003
572	mut_M2	mut	12.2096662521362	1.160500228405	10.5210373537947
572	mut_M3	mut	12.0734453201294	2.0186789482832	5.98086453043827
573	ctrl_M1	ctrl	33.8252067565918	12.7715167999268	2.64848782540738
573	ctrl_M2	ctrl	41.9286651611328	16.9664850234985	2.47126408935391
573	ctrl_M3	ctrl	43.7253074645996	11.1858018636703	3.90900071336077
573	mut_M1	mut	31.1772193908691	13.7056291103363	2.27477477610688
573	mut_M2	mut	33.9633903503418	11.7288299798965	2.89571853360955
573	mut_M3	mut	32.9454536437988	9.41413104534149	3.49957457412935
574	ctrl_M1	ctrl	14.5847969055176	5.48079779744148	2.66107188123707
574	ctrl_M2	ctrl	14.5038366317749	8.8902702331543	1.63142809514227
574	ctrl_M3	ctrl	13.7995223999023	9.10392928123474	1.5157765370988
574	mut_M1	mut	10.969931602478	5.61218667030334	1.95466263809879
574	mut_M2	mut	9.58064460754395	5.17075592279434	1.85285183648089
574	mut_M3	mut	11.8173809051514	4.84904611110687	2.4370526974539
575	ctrl_M1	ctrl	19.5341243743896	4.26573407649994	4.5793113269774
575	ctrl_M2	ctrl	29.2267017364502	3.67143911123276	7.96055738662019
575	ctrl_M3	ctrl	28.7398090362549	3.16430662572384	9.08249813801803
575	mut_M1	mut	24.2453899383545	3.20049405097961	7.57551476495743
575	mut_M2	mut	21.3591976165771	2.93635070323944	7.27406218644566
575	mut_M3	mut	21.7779369354248	3.56456997990608	6.10955516603397
576	ctrl_M1	ctrl	20.0129146575928	3.75780183076859	5.32569719183396
576	ctrl_M2	ctrl	27.2246551513672	6.00194975733757	4.53596851891074
576	ctrl_M3	ctrl	25.4380016326904	4.96706479787827	5.12133476566614
576	mut_M1	mut	13.5635852813721	4.3245424926281	3.13642085943044
576	mut_M2	mut	17.061637878418	4.03369855880737	4.22977513804663
576	mut_M3	mut	13.1609315872192	2.01752972602844	6.52329004992004
577	ctrl_M1	ctrl	14.5090389251709	2.02861112356186	7.15220317815065
577	ctrl_M2	ctrl	17.78147315979	2.35183107852936	7.5606931646252
577	ctrl_M3	ctrl	14.0136852264404	1.97248513996601	7.10458342245453
577	mut_M1	mut	7.31054878234863	2.53075993061066	2.88867730752503
577	mut_M2	mut	17.2344913482666	3.04899847507477	5.65250900882919
577	mut_M3	mut	8.36561679840088	0.639076292514801	13.0901691963595
578	ctrl_M1	ctrl	14.3877716064453	2.71857577562332	5.29239307414429
578	ctrl_M2	ctrl	9.46539497375488	2.69068789482117	3.51783459983343
578	ctrl_M3	ctrl	8.73980140686035	3.25410068035126	2.68578088552471
578	mut_M1	mut	2.04499983787537	2.4659332036972	0.829300580733198
578	mut_M2	mut	1.08706569671631	2.2732629776001	0.478196190862147
578	mut_M3	mut	7.81986474990845	1.50102382898331	5.20968728071766
579	ctrl_M1	ctrl	39.065544128418	24.0530323982239	1.62414216559666
579	ctrl_M2	ctrl	40.0004425048828	33.4016752243042	1.19755797385208
579	ctrl_M3	ctrl	34.2836036682129	32.1025483608246	1.06794025455156
579	mut_M1	mut	26.187141418457	23.3119943141937	1.1233333821857
579	mut_M2	mut	23.7012042999268	24.4188315868378	0.970611727086163
579	mut_M3	mut	25.2649078369141	19.6286791563034	1.28714253443797
580	ctrl_M1	ctrl	22.1892528533936	2.36636717617512	9.37692724814549
580	ctrl_M2	ctrl	30.6609344482422	3.26704543828964	9.38491215607143
580	ctrl_M3	ctrl	31.4192333221436	2.76945707201958	11.3449071442843
580	mut_M1	mut	28.1056175231934	2.82950469851494	9.93305207725739
580	mut_M2	mut	19.0517406463623	2.06170749664307	9.24075829252351
580	mut_M3	mut	20.1035137176514	2.11150878667831	9.52092354267532
581	ctrl_M1	ctrl	24.6753063201904	6.06392259895802	4.06919875996281
581	ctrl_M2	ctrl	33.4504776000977	6.22614029049873	5.37258655272256
581	ctrl_M3	ctrl	40.9585876464844	6.52374613285065	6.27838466003994
581	mut_M1	mut	30.9119815826416	7.51887559890747	4.11125056878628
581	mut_M2	mut	28.3559799194336	5.65015897154808	5.01861630127982
581	mut_M3	mut	17.9622859954834	4.86458674073219	3.69245877457204
582	ctrl_M1	ctrl	19.4736232757568	5.51923435926437	3.52831969221766
582	ctrl_M2	ctrl	23.6073741912842	6.58175563812256	3.58678983074768
582	ctrl_M3	ctrl	26.1580142974854	8.15134394168854	3.20904313259376
582	mut_M1	mut	16.5556526184082	5.01046699285507	3.30421348788777
582	mut_M2	mut	12.9290494918823	5.0424644947052	2.56403381827643
582	mut_M3	mut	13.5932369232178	4.68320468068123	2.90255025138907
583	ctrl_M1	ctrl	16.8513488769531	3.90529525279999	4.31499996443833
583	ctrl_M2	ctrl	16.6631145477295	2.85475377738476	5.83697083781235
583	ctrl_M3	ctrl	19.1259956359863	3.18651896715164	6.00215967114818
583	mut_M1	mut	12.0712985992432	2.33528919517994	5.16908082483251
583	mut_M2	mut	10.2889842987061	1.53747391700745	6.69213583716115
583	mut_M3	mut	11.2327814102173	2.14542347192764	5.23569428469277
584	ctrl_M1	ctrl	9.6875	3.40108999609947	2.84835156114954
584	ctrl_M2	ctrl	9.00539875030518	5.71153926849365	1.57670258873669
584	ctrl_M3	ctrl	10.7325286865234	4.64431327581406	2.31089679983791
584	mut_M1	mut	8.65471458435059	3.84770774841309	2.2493170350373
584	mut_M2	mut	10.8777160644531	3.46327638626099	3.1408743776863
584	mut_M3	mut	8.09428119659424	3.26409602165222	2.47979261115519
585	ctrl_M1	ctrl	17.0432643890381	1.85156857967377	9.20477079603553
585	ctrl_M2	ctrl	21.5661945343018	2.65697640180588	8.11681824484545
585	ctrl_M3	ctrl	19.1455898284912	2.85114493966103	6.71505315712481
585	mut_M1	mut	18.8941307067871	2.76076281070709	6.84380803505097
585	mut_M2	mut	15.2826223373413	2.15167510509491	7.10266261907008
585	mut_M3	mut	11.6190929412842	2.3312845826149	4.98398738100501
586	ctrl_M1	ctrl	3.54742574691772	2.64218734204769	1.34260946998878
586	ctrl_M2	ctrl	10.5188941955566	3.70021522045135	2.84277901929
586	ctrl_M3	ctrl	10.2208375930786	1.27825659513474	7.99592009302427
586	mut_M1	mut	4.80933046340942	1.17608074843884	4.0892859353352
586	mut_M2	mut	2.09259343147278	1.65382622182369	1.26530430093511
586	mut_M3	mut	3.01972389221191	1.83549979329109	1.64517800723774
587	ctrl_M1	ctrl	16.8179893493652	3.09657996892929	5.43114969356997
587	ctrl_M2	ctrl	31.9052486419678	5.88336443901062	5.42295976608465
587	ctrl_M3	ctrl	27.2063827514648	6.12717747688293	4.44027986036166
587	mut_M1	mut	14.938606262207	5.49608811736107	2.71804344166515
587	mut_M2	mut	14.7479600906372	4.76966241002083	3.09203436697165
587	mut_M3	mut	18.2074680328369	4.37375897169113	4.1628878387409
588	ctrl_M1	ctrl	15.9090576171875	3.47996628284454	4.57161257441361
588	ctrl_M2	ctrl	13.1916971206665	4.13892263174057	3.18722969583969
588	ctrl_M3	ctrl	12.3533277511597	5.09931421279907	2.42254688290306
588	mut_M1	mut	6.51860523223877	2.20861971378326	2.95143848964053
588	mut_M2	mut	4.37251472473145	2.64683936536312	1.65197585541107
588	mut_M3	mut	7.5040225982666	2.99341668188572	2.50684197882515
589	ctrl_M1	ctrl	12.9829120635986	1.77640521526337	7.3085307068713
589	ctrl_M2	ctrl	14.8868570327759	2.69846761226654	5.51678180798022
589	ctrl_M3	ctrl	11.9533004760742	5.11182516813278	2.33836253841218
589	mut_M1	mut	9.44172668457031	2.23739415407181	4.21996574335703
589	mut_M2	mut	8.96779346466064	3.08924269676208	2.90290998310363
589	mut_M3	mut	6.74814939498901	1.56333237886429	4.31651610765673
590	ctrl_M1	ctrl	20.6090335845947	2.32337406277657	8.87030371681336
590	ctrl_M2	ctrl	16.9524955749512	1.46483284235001	11.5729898216609
590	ctrl_M3	ctrl	20.4611167907715	1.70809456706047	11.9789133373241
590	mut_M1	mut	19.9044303894043	1.98614931106567	10.0216183539215
590	mut_M2	mut	12.0034227371216	1.81503275036812	6.61333672061129
590	mut_M3	mut	12.2506103515625	1.55103436112404	7.89834877847867
591	ctrl_M1	ctrl	21.8455924987793	2.07138806581497	10.5463543308503
591	ctrl_M2	ctrl	24.0425643920898	4.17530331015587	5.75827972392078
591	ctrl_M3	ctrl	29.2844829559326	5.64486318826675	5.18781093168077
591	mut_M1	mut	12.2823419570923	3.96063703298569	3.10110263949973
591	mut_M2	mut	22.6384868621826	0.704983294010162	32.1120898247218
591	mut_M3	mut	16.644718170166	2.94253188371658	5.65659738889313
592	ctrl_M1	ctrl	11.8905220031738	0.687833100557327	17.2869290435999
592	ctrl_M2	ctrl	13.8863878250122	0.590717256069183	23.5076725494978
592	ctrl_M3	ctrl	13.483039855957	0.724181294441223	18.6183210743665
592	mut_M1	mut	7.86136293411255	0.199071943759918	39.4900596519688
592	mut_M2	mut	8.03095149993896	0.540774032473564	14.8508453026201
592	mut_M3	mut	10.974479675293	0.904818177223206	12.1289336924823
593	ctrl_M1	ctrl	43.0388526916504	5.70146155357361	7.54874031636224
593	ctrl_M2	ctrl	49.574836730957	6.46672022342682	7.66614837477638
593	ctrl_M3	ctrl	55.5802764892578	5.19518369436264	10.6984237245679
593	mut_M1	mut	37.7069702148438	5.99327194690704	6.29155001623166
593	mut_M2	mut	52.2706718444824	5.51542317867279	9.47718246654296
593	mut_M3	mut	42.0430107116699	4.08181118965149	10.3000870834644
594	ctrl_M1	ctrl	28.3229637145996	42.798819065094	0.661769748168107
594	ctrl_M2	ctrl	28.2942886352539	53.5250120162964	0.528618071615553
594	ctrl_M3	ctrl	23.1188011169434	55.699914932251	0.415059899913012
594	mut_M1	mut	21.0564708709717	45.4614443778992	0.46317206061337
594	mut_M2	mut	22.8923282623291	49.1214725971222	0.466035056605169
594	mut_M3	mut	12.2257213592529	46.4922730922699	0.262962435391993
595	ctrl_M1	ctrl	30.0644016265869	6.89291906356812	4.36163566543085
595	ctrl_M2	ctrl	22.1606998443604	11.4037801027298	1.94327667183407
595	ctrl_M3	ctrl	24.2718849182129	10.8693255186081	2.23306265661654
595	mut_M1	mut	12.3318061828613	8.00618064403534	1.54028577809428
595	mut_M2	mut	14.5792551040649	8.59692656993866	1.69586828332872
595	mut_M3	mut	14.1888809204102	6.41333347558975	2.21240342084432
596	ctrl_M1	ctrl	28.0294628143311	2.46228924393654	11.3834972407707
596	ctrl_M2	ctrl	34.9183387756348	4.24554526805878	8.22470061462818
596	ctrl_M3	ctrl	37.5860023498535	3.97421196103096	9.45747300808365
596	mut_M1	mut	15.6625204086304	2.96495348215103	5.28255181840743
596	mut_M2	mut	26.5556983947754	1.04861330986023	25.3245864276842
596	mut_M3	mut	30.4577484130859	2.39985924959183	12.6914728096101
597	ctrl_M1	ctrl	19.348518371582	3.92275774478912	4.93237656525796
597	ctrl_M2	ctrl	28.4598217010498	6.5303718149662	4.35807064397559
597	ctrl_M3	ctrl	29.8834171295166	5.60989153385162	5.32691531541954
597	mut_M1	mut	12.788366317749	5.01001977920532	2.55255804993598
597	mut_M2	mut	13.9444589614868	3.77272270619869	3.69612612625245
597	mut_M3	mut	11.1628522872925	4.96865811944008	2.24665332549594
598	ctrl_M1	ctrl	9.5254545211792	3.50221529603004	2.71983693634621
598	ctrl_M2	ctrl	12.7711954116821	3.27121061086655	3.90411897334211
598	ctrl_M3	ctrl	9.90812110900879	4.42504431307316	2.2391009915396
598	mut_M1	mut	8.99559020996094	3.27164793014526	2.74955936642043
598	mut_M2	mut	7.15725660324097	3.04185706377029	2.35292337976254
598	mut_M3	mut	5.33541011810303	2.7655890583992	1.92921291104301
599	ctrl_M1	ctrl	13.4312839508057	4.9379617869854	2.72000564812094
599	ctrl_M2	ctrl	22.7515144348145	6.84167021512985	3.32543278460005
599	ctrl_M3	ctrl	14.6963872909546	4.76999813318253	3.08100483073967
599	mut_M1	mut	9.94954204559326	5.57105994224548	1.78593340382961
599	mut_M2	mut	18.8705272674561	6.40905070304871	2.94435605860936
599	mut_M3	mut	5.48875999450684	5.44577026367188	1.00789415064417
600	ctrl_M1	ctrl	14.9881219863892	7.9509060382843	1.88508352560325
600	ctrl_M2	ctrl	19.8093814849854	7.5400664806366	2.62721575941766
600	ctrl_M3	ctrl	17.5141525268555	9.32671415805817	1.87784810706603
600	mut_M1	mut	10.5289220809937	11.0161952972412	0.955767558299408
600	mut_M2	mut	14.4113025665283	7.92034244537354	1.8195302369718
600	mut_M3	mut	9.29495525360107	5.39885807037354	1.72165208502286
601	ctrl_M1	ctrl	26.1695957183838	14.2018253207207	1.84269240941881
601	ctrl_M2	ctrl	24.6237258911133	20.3144606351852	1.21212796801822
601	ctrl_M3	ctrl	32.281681060791	19.9586480855942	1.617428240748
601	mut_M1	mut	22.246862411499	16.7670986652374	1.32681645499126
601	mut_M2	mut	22.118631362915	13.9539478421211	1.58511638521022
601	mut_M3	mut	23.4233436584473	12.622670173645	1.85565679339012
602	ctrl_M1	ctrl	28.4075088500977	2.09238064289093	13.5766448359265
602	ctrl_M2	ctrl	28.9238319396973	5.257508456707	5.5014332697457
602	ctrl_M3	ctrl	39.0566635131836	4.32189160585403	9.0369373124215
602	mut_M1	mut	24.1089935302734	2.11486944556236	11.3997549971046
602	mut_M2	mut	21.8828811645508	3.54290491342545	6.17653640142247
602	mut_M3	mut	32.7993011474609	3.7710736989975	8.69760279577148
603	ctrl_M1	ctrl	18.1831016540527	4.5395582318306	4.0054782261754
603	ctrl_M2	ctrl	25.1844120025635	4.32273411750793	5.82603771547308
603	ctrl_M3	ctrl	17.6477336883545	6.37069070339203	2.77014448040274
603	mut_M1	mut	16.3557605743408	4.53033804893494	3.61027375830949
603	mut_M2	mut	16.4872093200684	3.67674744129181	4.48418325798186
603	mut_M3	mut	10.7123804092407	4.84047609567642	2.21308404328433
604	ctrl_M1	ctrl	29.2944278717041	7.65356290340424	3.82755433533762
604	ctrl_M2	ctrl	33.2522468566895	10.5254878997803	3.15921192188949
604	ctrl_M3	ctrl	31.1002540588379	6.69302839040756	4.64666399793115
604	mut_M1	mut	25.6610698699951	8.70973098278046	2.94625286598728
604	mut_M2	mut	12.6112680435181	6.12048232555389	2.06050232199253
604	mut_M3	mut	16.5405006408691	4.92373639345169	3.35933919266416
605	ctrl_M1	ctrl	12.2606563568115	1.64326989650726	7.4611336718766
605	ctrl_M2	ctrl	15.314829826355	2.46485936641693	6.21326718879607
605	ctrl_M3	ctrl	15.8958101272583	2.50438137352467	6.3472002688179
605	mut_M1	mut	12.00364112854	2.04863978922367	5.85932245955684
605	mut_M2	mut	12.9340143203735	2.05660334229469	6.28901745629868
605	mut_M3	mut	12.1454343795776	1.19444170594215	10.1682939562107
606	ctrl_M1	ctrl	8.88302898406982	1.11690926551819	7.95322346972254
606	ctrl_M2	ctrl	7.08969974517822	3.68975585699081	1.92145497424869
606	ctrl_M3	ctrl	8.5930061340332	1.98441341519356	4.33024997122137
606	mut_M1	mut	6.78656768798828	1.12604269385338	6.02691862842632
606	mut_M2	mut	6.59710884094238	1.30306404829025	5.06276636946467
606	mut_M3	mut	6.82374048233032	1.40152525901794	4.86879593387546
607	ctrl_M1	ctrl	23.1697483062744	16.6042045354843	1.39541453231072
607	ctrl_M2	ctrl	32.0912818908691	20.8571140766144	1.53862522748777
607	ctrl_M3	ctrl	29.2930545806885	25.0993651151657	1.16708348782053
607	mut_M1	mut	9.50156784057617	16.0966899394989	0.590280851298547
607	mut_M2	mut	17.50266456604	16.770777463913	1.04364061855224
607	mut_M3	mut	16.5309658050537	16.9704511165619	0.974102909316343
608	ctrl_M1	ctrl	28.5763626098633	4.23687845468521	6.74467368264083
608	ctrl_M2	ctrl	28.5761642456055	5.01253622770309	5.70093919474772
608	ctrl_M3	ctrl	41.2684097290039	5.77902972698212	7.14106202574507
608	mut_M1	mut	19.105447769165	3.89240974187851	4.90838555962112
608	mut_M2	mut	22.1718463897705	2.61078071594238	8.49242000845996
608	mut_M3	mut	28.133716583252	5.23951280117035	5.36952912434296
609	ctrl_M1	ctrl	23.9092922210693	3.18413877487183	7.50887254341852
609	ctrl_M2	ctrl	23.6270160675049	3.25747394561768	7.25317115714483
609	ctrl_M3	ctrl	12.9916105270386	4.04570029675961	3.21121427047974
609	mut_M1	mut	17.281270980835	3.37305894494057	5.12332315056518
609	mut_M2	mut	17.7596454620361	1.15878191590309	15.3261327418932
609	mut_M3	mut	14.291937828064	4.38618132472038	3.25840104865593
610	ctrl_M1	ctrl	13.5171136856079	0.659857988357544	20.4848829961935
610	ctrl_M2	ctrl	7.81124639511108	1.97042891383171	3.96423658842951
610	ctrl_M3	ctrl	13.3207225799561	2.14727006852627	6.20356180398791
610	mut_M1	mut	18.7168941497803	1.11620603501797	16.7683147757564
610	mut_M2	mut	7.14033365249634	2.06141000986099	3.46381050753597
610	mut_M3	mut	11.1201152801514	3.07440957427025	3.61699214483837
611	ctrl_M1	ctrl	36.6484489440918	49.1974861621857	0.74492523506741
611	ctrl_M2	ctrl	44.9421157836914	64.3529769182205	0.698368870189232
611	ctrl_M3	ctrl	46.1789245605469	68.4831690788269	0.674310566840052
611	mut_M1	mut	24.502010345459	55.6137790679932	0.440574453958666
611	mut_M2	mut	29.9440498352051	58.7042306661606	0.510083336335519
611	mut_M3	mut	25.3450622558594	52.9879616498947	0.478317366184433
612	ctrl_M1	ctrl	18.6053504943848	1.45942685008049	12.7483953672352
612	ctrl_M2	ctrl	25.477123260498	3.32656732201576	7.65868259809032
612	ctrl_M3	ctrl	16.4631462097168	1.4990611076355	10.9823049413139
612	mut_M1	mut	21.4025726318359	3.53996399044991	6.04598597318382
612	mut_M2	mut	12.249737739563	4.86308446526527	2.51892349949031
612	mut_M3	mut	18.1507244110107	3.69260451197624	4.9154260501341
613	ctrl_M1	ctrl	17.4308815002441	3.89075016975403	4.48008243647937
613	ctrl_M2	ctrl	18.9507656097412	3.6591774225235	5.17896877399077
613	ctrl_M3	ctrl	20.6801776885986	3.23444986343384	6.39372337237085
613	mut_M1	mut	14.8604354858398	3.42963147163391	4.33295402399611
613	mut_M2	mut	17.570348739624	2.17309954762459	8.08538603711466
613	mut_M3	mut	9.39672565460205	3.18282848596573	2.95231920162701
614	ctrl_M1	ctrl	7.88552570343018	2.3559738099575	3.34703453412855
614	ctrl_M2	ctrl	17.0953731536865	0.663014009594917	25.7843317128869
614	ctrl_M3	ctrl	17.7111225128174	1.12484872341156	15.7453372566412
614	mut_M1	mut	7.31917572021484	1.17562958598137	6.2257498513914
614	mut_M2	mut	9.84911155700684	1.42805342376232	6.89687892141917
614	mut_M3	mut	5.64935207366943	0.497937962412834	11.345493816729
615	ctrl_M1	ctrl	7.1586651802063	2.37732023000717	3.01123302189066
615	ctrl_M2	ctrl	10.2967777252197	5.09780889749527	2.01984380589058
615	ctrl_M3	ctrl	19.3605098724365	4.19667693972588	4.61329526920915
615	mut_M1	mut	5.47524499893188	2.62594196200371	2.0850594103588
615	mut_M2	mut	4.24279689788818	2.0309057533741	2.08911560314372
615	mut_M3	mut	6.20650386810303	1.86682105064392	3.32463781997863
616	ctrl_M1	ctrl	18.00803565979	1.55006812512875	11.617576910237
616	ctrl_M2	ctrl	13.8964567184448	3.97532087564468	3.49568177089383
616	ctrl_M3	ctrl	20.1803359985352	3.14672166109085	6.41313028987107
616	mut_M1	mut	15.4213495254517	2.32316859066486	6.6380673307219
616	mut_M2	mut	8.26487731933594	3.73907828330994	2.21040499639383
616	mut_M3	mut	9.37284564971924	2.96408540010452	3.16213751782885
617	ctrl_M1	ctrl	18.4363613128662	2.85069406032562	6.46732371931918
617	ctrl_M2	ctrl	22.7900447845459	7.75333744287491	2.93938512962431
617	ctrl_M3	ctrl	23.2340106964111	8.20011270046234	2.83337699676995
617	mut_M1	mut	10.9789257049561	2.54399454593658	4.31562470229829
617	mut_M2	mut	19.1213397979736	4.22060912847519	4.530469232265
617	mut_M3	mut	11.9947023391724	3.7174671292305	3.22657926007142
618	ctrl_M1	ctrl	30.1852531433105	3.98675617575645	7.57138179828194
618	ctrl_M2	ctrl	34.3760757446289	4.18593287467957	8.21228547465908
618	ctrl_M3	ctrl	32.3992385864258	3.77763968706131	8.57658254104951
618	mut_M1	mut	24.4413375854492	4.37038397789001	5.59249203481871
618	mut_M2	mut	25.4204807281494	4.19262605905533	6.06314046854851
618	mut_M3	mut	20.2007751464844	3.29651854932308	6.12791186951836
619	ctrl_M1	ctrl	26.4092102050781	6.34641444683075	4.1612804247706
619	ctrl_M2	ctrl	33.7846374511719	10.0581417679787	3.35893430720269
619	ctrl_M3	ctrl	28.6954174041748	8.9359016418457	3.21125036446213
619	mut_M1	mut	25.1750679016113	7.82262635231018	3.21823729880395
619	mut_M2	mut	27.1709957122803	6.02343362569809	4.51088156701175
619	mut_M3	mut	22.7176856994629	5.16680487990379	4.39685380569005
620	ctrl_M1	ctrl	14.4447326660156	2.27171710133553	6.35850857376725
620	ctrl_M2	ctrl	16.1413078308105	4.85909104347229	3.32187803982286
620	ctrl_M3	ctrl	27.1648235321045	4.23655569553375	6.41200670647198
620	mut_M1	mut	11.085015296936	3.04389882087708	3.64171608494594
620	mut_M2	mut	12.8001079559326	3.56608301401138	3.58940268794644
620	mut_M3	mut	15.4795923233032	2.5337356030941	6.10939527565549
621	ctrl_M1	ctrl	30.0543537139893	4.09933671355247	7.33151624618419
621	ctrl_M2	ctrl	28.6340980529785	5.58192786574364	5.12978647192959
621	ctrl_M3	ctrl	17.2212295532227	9.04477822780609	1.90399688300593
621	mut_M1	mut	20.3020420074463	3.8957427740097	5.2113404773258
621	mut_M2	mut	17.4887638092041	3.74457991123199	4.67042077450289
621	mut_M3	mut	14.3981380462646	1.70574256777763	8.44097949963434
622	ctrl_M1	ctrl	21.6246643066406	2.97530034184456	7.26806097606746
622	ctrl_M2	ctrl	19.2039337158203	4.62131561338902	4.15551226585393
622	ctrl_M3	ctrl	23.9330921173096	2.12787875533104	11.2473946447133
622	mut_M1	mut	12.953498840332	4.15306593477726	3.11902075328519
622	mut_M2	mut	13.0500345230103	2.65500575304031	4.91525658958228
622	mut_M3	mut	15.6732978820801	2.04424732923508	7.66702622424106
623	ctrl_M1	ctrl	15.6969041824341	7.38078926503658	2.12672434055144
623	ctrl_M2	ctrl	31.3486061096191	6.34932899475098	4.93731008985913
623	ctrl_M3	ctrl	19.0578575134277	6.53465174138546	2.91643047979587
623	mut_M1	mut	11.4902248382568	4.80428028106689	2.39166413407196
623	mut_M2	mut	12.829758644104	4.80494529008865	2.67011544763443
623	mut_M3	mut	11.5666561126709	4.95983490347862	2.33206474363865
624	ctrl_M1	ctrl	31.0644092559814	2.75609719753265	11.2711588269787
624	ctrl_M2	ctrl	31.517614364624	6.54831680655479	4.81308636947364
624	ctrl_M3	ctrl	23.0172309875488	5.00656977295876	4.59740541555386
624	mut_M1	mut	17.2405128479004	3.56730017066002	4.83293023382178
624	mut_M2	mut	33.4286994934082	3.16704544425011	10.5551688732788
624	mut_M3	mut	20.336669921875	4.76795697212219	4.26527966606696
625	ctrl_M1	ctrl	26.1363964080811	2.75227198004723	9.49629854809356
625	ctrl_M2	ctrl	26.915412902832	3.69599634408951	7.28231588915776
625	ctrl_M3	ctrl	26.7932643890381	4.49416849017143	5.96178457653154
625	mut_M1	mut	20.6011161804199	3.46553978323936	5.94456202178216
625	mut_M2	mut	15.5602769851685	2.50507062673569	6.21151228995279
625	mut_M3	mut	24.4597949981689	1.65408629179001	14.7874963474241
626	ctrl_M1	ctrl	21.426607131958	7.80088996887207	2.746687521226
626	ctrl_M2	ctrl	23.7725868225098	11.2493815422058	2.11323500170378
626	ctrl_M3	ctrl	33.2526817321777	10.3586227893829	3.21014505579449
626	mut_M1	mut	17.6821823120117	7.53390920162201	2.3470129303131
626	mut_M2	mut	17.0545349121094	11.305251121521	1.5085498525233
626	mut_M3	mut	23.1178646087646	6.81393319368362	3.39273426252468
627	ctrl_M1	ctrl	24.6540031433105	6.75333833694458	3.65063941909133
627	ctrl_M2	ctrl	30.8230018615723	9.16376733779907	3.36357315996362
627	ctrl_M3	ctrl	33.3515701293945	11.5193557739258	2.8952634838214
627	mut_M1	mut	11.0025539398193	10.7472522258759	1.02375506860524
627	mut_M2	mut	19.4551906585693	6.5974029302597	2.94891654552976
627	mut_M3	mut	14.3827972412109	4.81952285766602	2.98427825035282
628	ctrl_M1	ctrl	27.7590427398682	2.79337310791016	9.93746329885588
628	ctrl_M2	ctrl	33.9435157775879	7.66572713851929	4.42795773502374
628	ctrl_M3	ctrl	28.1333713531494	6.66447424888611	4.22139396184952
628	mut_M1	mut	14.155782699585	7.13306939601898	1.984528947312
628	mut_M2	mut	18.6413192749023	5.76224076747894	3.23508163353927
628	mut_M3	mut	29.5054321289062	4.81900358200073	6.12272467260884
629	ctrl_M1	ctrl	17.4756355285645	1.69352881610394	10.3190659423016
629	ctrl_M2	ctrl	18.2531242370605	4.60502019524574	3.96374466628946
629	ctrl_M3	ctrl	11.6342906951904	3.43842566013336	3.38360978109359
629	mut_M1	mut	7.58911180496216	3.70654299855232	2.04749056140082
629	mut_M2	mut	5.12833595275879	1.46851558983326	3.49219033714247
629	mut_M3	mut	5.91127061843872	2.95696377754211	1.99910146459497
630	ctrl_M1	ctrl	10.1671438217163	3.45536756515503	2.94242034458066
630	ctrl_M2	ctrl	17.5133457183838	6.0655380487442	2.88735237956503
630	ctrl_M3	ctrl	18.7338237762451	5.99835669994354	3.12315934402858
630	mut_M1	mut	8.28507995605469	5.17614287137985	1.60062814376027
630	mut_M2	mut	13.0863065719604	6.31269752979279	2.07301340040444
630	mut_M3	mut	10.4911823272705	5.8885600566864	1.78162101197522
631	ctrl_M1	ctrl	29.2015743255615	4.92143136262894	5.93355310150309
631	ctrl_M2	ctrl	28.3220443725586	4.86186334490776	5.82534768325454
631	ctrl_M3	ctrl	33.722728729248	5.18879020214081	6.49915055639263
631	mut_M1	mut	18.3216953277588	4.27874740958214	4.28202311889873
631	mut_M2	mut	39.6318092346191	1.67248129844666	23.6964139876648
631	mut_M3	mut	33.2392311096191	5.15385204553604	6.44939567840504
632	ctrl_M1	ctrl	10.7127752304077	4.10963153839111	2.60674834965902
632	ctrl_M2	ctrl	18.5103492736816	4.78245854377747	3.87046727206151
632	ctrl_M3	ctrl	12.1827020645142	4.06262671947479	2.9987254320252
632	mut_M1	mut	6.07117748260498	3.45840948820114	1.75548254286188
632	mut_M2	mut	10.511646270752	4.25043988227844	2.47307256704857
632	mut_M3	mut	7.93282032012939	2.97513934969902	2.66636933188757
633	ctrl_M1	ctrl	15.0965356826782	4.59130132198334	3.28807338572953
633	ctrl_M2	ctrl	23.0662498474121	2.76992648839951	8.32738700612233
633	ctrl_M3	ctrl	34.7464027404785	5.9928714632988	5.79795561330999
633	mut_M1	mut	14.5926818847656	4.99537596106529	2.92123796056657
633	mut_M2	mut	19.3903541564941	3.36882215738297	5.75582599811601
633	mut_M3	mut	23.6373195648193	3.84557884931564	6.14662200178936
634	ctrl_M1	ctrl	13.6810550689697	2.46974025666714	5.53947121849648
634	ctrl_M2	ctrl	11.7760219573975	3.05805957317352	3.85081509225695
634	ctrl_M3	ctrl	13.5874500274658	2.66399484872818	5.10040401690439
634	mut_M1	mut	8.93761253356934	3.13132420182228	2.85425971809884
634	mut_M2	mut	6.18240880966187	3.12020096182823	1.98141366062505
634	mut_M3	mut	6.36498069763184	3.31308388710022	1.92116496730265
635	ctrl_M1	ctrl	12.9269065856934	2.12896582484245	6.07191831585647
635	ctrl_M2	ctrl	7.62983369827271	2.75867927074432	2.76575598301215
635	ctrl_M3	ctrl	12.9431715011597	1.78285303711891	7.25980842597986
635	mut_M1	mut	7.45655059814453	1.2431211322546	5.99824941003205
635	mut_M2	mut	4.53322601318359	2.12211564183235	2.13618236623022
635	mut_M3	mut	6.95368003845215	1.750279545784	3.97289681822649
636	ctrl_M1	ctrl	11.016001701355	2.13427641987801	5.1614690575013
636	ctrl_M2	ctrl	9.70498275756836	2.41815599799156	4.01338158730412
636	ctrl_M3	ctrl	10.1177082061768	1.85558016598225	5.45258479890087
636	mut_M1	mut	9.92146587371826	1.78331556916237	5.56349422686778
636	mut_M2	mut	8.80690860748291	2.65316095948219	3.31940230614645
636	mut_M3	mut	3.75503969192505	2.92572110891342	1.28345783898713
637	ctrl_M1	ctrl	13.0880727767944	0	NA
637	ctrl_M2	ctrl	18.3281307220459	0.847331702709198	21.6304083317606
637	ctrl_M3	ctrl	18.4807415008545	1.37213432788849	13.4686095415262
637	mut_M1	mut	6.56351852416992	0.982390820980072	6.68116841484929
637	mut_M2	mut	6.95474147796631	0.298797875642776	23.2757393706539
637	mut_M3	mut	10.0143947601318	1.05577805638313	9.48532193824807
638	ctrl_M1	ctrl	17.4202442169189	2.40750670433044	7.23580299302374
638	ctrl_M2	ctrl	28.9706630706787	3.61740866303444	8.00867852358624
638	ctrl_M3	ctrl	28.8702125549316	3.77888947725296	7.6398668785409
638	mut_M1	mut	18.0413970947266	4.01084625720978	4.49815224462815
638	mut_M2	mut	21.8106517791748	4.21845138072968	5.17029824707904
638	mut_M3	mut	12.8635673522949	2.46894498169422	5.21014743044933
639	ctrl_M1	ctrl	5.6354341506958	3.86130577325821	1.45946332189604
639	ctrl_M2	ctrl	18.4641361236572	6.94251942634583	2.65957284232992
639	ctrl_M3	ctrl	11.7702045440674	5.94255828857422	1.98066286816202
639	mut_M1	mut	10.9309358596802	2.71471771597862	4.02654603657003
639	mut_M2	mut	9.31778812408447	3.06614047288895	3.0389306055848
639	mut_M3	mut	6.4966721534729	3.06873682141304	2.11705093383714
640	ctrl_M1	ctrl	13.3224802017212	3.64631479978561	3.65368349504669
640	ctrl_M2	ctrl	22.8263339996338	5.39356166124344	4.23214481140675
640	ctrl_M3	ctrl	23.6981792449951	5.27447491884232	4.49299306748748
640	mut_M1	mut	17.9305744171143	5.07519000768661	3.53298583697508
640	mut_M2	mut	15.4581136703491	2.95965498685837	5.2229444779838
640	mut_M3	mut	13.039514541626	2.87091442942619	4.54193772129675
641	ctrl_M1	ctrl	13.038275718689	1.97420974075794	6.60430117910536
641	ctrl_M2	ctrl	13.47789478302	3.17668858170509	4.24274978058622
641	ctrl_M3	ctrl	25.4894046783447	3.05241018533707	8.35058302478113
641	mut_M1	mut	13.918384552002	2.64611425995827	5.25993331528377
641	mut_M2	mut	13.233136177063	2.80971530079842	4.7097783086075
641	mut_M3	mut	4.06478118896484	2.29444777965546	1.77157276143161
642	ctrl_M1	ctrl	19.4170475006104	4.76649206876755	4.07365568230788
642	ctrl_M2	ctrl	19.5576457977295	5.717280626297	3.42079514302182
642	ctrl_M3	ctrl	18.3773174285889	5.8930658698082	3.11846462174145
642	mut_M1	mut	12.6119747161865	4.09779781103134	3.07774451004754
642	mut_M2	mut	15.4699850082397	5.90079736709595	2.62167704563176
642	mut_M3	mut	10.8480138778687	3.85002100467682	2.81765056987767
643	ctrl_M1	ctrl	13.6668539047241	1.61117935180664	8.48251554949439
643	ctrl_M2	ctrl	25.9123249053955	1.97710855305195	13.1061720740604
643	ctrl_M3	ctrl	18.7502536773682	2.35416623950005	7.96471097187689
643	mut_M1	mut	13.177453994751	1.72383573651314	7.64426314853263
643	mut_M2	mut	13.6034421920776	2.68021795153618	5.07549849976968
643	mut_M3	mut	14.1064310073853	1.88851770758629	7.46957836334755
644	ctrl_M1	ctrl	14.4497718811035	1.23817449808121	11.6702224956953
644	ctrl_M2	ctrl	24.232458114624	1.55509379506111	15.5826344311738
644	ctrl_M3	ctrl	20.0408191680908	2.6583531498909	7.53880994664434
644	mut_M1	mut	11.7670526504517	2.33286780118942	5.04402891773472
644	mut_M2	mut	14.8818006515503	1.85749387741089	8.01176296327482
644	mut_M3	mut	15.7851123809814	2.2421912252903	7.04003842443801
645	ctrl_M1	ctrl	29.9186115264893	8.11238574981689	3.68801638003525
645	ctrl_M2	ctrl	43.1742362976074	11.5938062667847	3.7239052735682
645	ctrl_M3	ctrl	39.3153915405273	12.2399392127991	3.21205774448749
645	mut_M1	mut	26.9709224700928	8.28402316570282	3.25577583869595
645	mut_M2	mut	27.4660491943359	8.77872276306152	3.12870675332243
645	mut_M3	mut	18.3979377746582	5.5932012796402	3.28933947748823
646	ctrl_M1	ctrl	21.213472366333	9.57789623737335	2.21483631066676
646	ctrl_M2	ctrl	27.7264919281006	10.4473397731781	2.65392841910665
646	ctrl_M3	ctrl	27.611743927002	5.88278794288635	4.69364937085501
646	mut_M1	mut	19.0417804718018	8.03945600986481	2.36854091227523
646	mut_M2	mut	13.4576997756958	7.42638632655144	1.81214647123604
646	mut_M3	mut	15.1960868835449	5.48140826821327	2.77229612172243
647	ctrl_M1	ctrl	24.0241775512695	11.2585558891296	2.13385959867778
647	ctrl_M2	ctrl	37.1274833679199	9.68242311477661	3.83452395415964
647	ctrl_M3	ctrl	37.3784523010254	8.71089398860931	4.29100071128208
647	mut_M1	mut	18.2269992828369	9.41250860691071	1.9364656165578
647	mut_M2	mut	27.1939964294434	8.11826646327972	3.34972947148832
647	mut_M3	mut	16.5077838897705	6.84474277496338	2.41174642093966
648	ctrl_M1	ctrl	24.4468097686768	41.8316696882248	0.584409131906066
648	ctrl_M2	ctrl	41.1159629821777	48.8841547966003	0.841089779566715
648	ctrl_M3	ctrl	43.5420379638672	53.7702664136887	0.809779100383672
648	mut_M1	mut	25.3351593017578	52.8052250146866	0.479785083667599
648	mut_M2	mut	32.1843185424805	48.8737605810165	0.658519380540188
648	mut_M3	mut	25.8005199432373	42.4585198163986	0.607664140314012
649	ctrl_M1	ctrl	23.770751953125	9.63850224018097	2.46622881447592
649	ctrl_M2	ctrl	32.8238410949707	11.1665114164352	2.93948932400315
649	ctrl_M3	ctrl	32.9034576416016	8.65833377838135	3.80020665451324
649	mut_M1	mut	30.4353923797607	9.23683297634125	3.29500300132268
649	mut_M2	mut	25.9853000640869	7.91767555475235	3.2819354473915
649	mut_M3	mut	20.7447776794434	7.22460889816284	2.87140493995718
650	ctrl_M1	ctrl	11.0644426345825	4.04916322231293	2.73252571632871
650	ctrl_M2	ctrl	10.8351907730103	4.16402393579483	2.60209617909942
650	ctrl_M3	ctrl	9.13689708709717	5.3625835776329	1.70382371758396
650	mut_M1	mut	2.07294487953186	4.40807777643204	0.470260504616081
650	mut_M2	mut	4.59943675994873	4.71266198158264	0.975974253600958
650	mut_M3	mut	4.63240051269531	2.82706566154957	1.63858964285824
651	ctrl_M1	ctrl	13.4335918426514	3.02220845222473	4.4449587296874
651	ctrl_M2	ctrl	14.9787759780884	5.66638004779816	2.64344711292509
651	ctrl_M3	ctrl	10.4613981246948	8.0668032169342	1.29684558348142
651	mut_M1	mut	5.39352607727051	3.67515182495117	1.4675655140702
651	mut_M2	mut	12.0994062423706	4.31324347853661	2.80517580391165
651	mut_M3	mut	4.13258790969849	3.50399553775787	1.17939302866317
652	ctrl_M1	ctrl	4.73367595672607	1.15354239940643	4.10359945084102
652	ctrl_M2	ctrl	12.4340448379517	4.67641985416412	2.65888120094259
652	ctrl_M3	ctrl	5.8229923248291	2.28258310258389	2.55105381190173
652	mut_M1	mut	4.21212911605835	1.72881069779396	2.43643165873118
652	mut_M2	mut	5.25778341293335	0.940520316362381	5.59029222597626
652	mut_M3	mut	3.09065079689026	1.7863162457943	1.73018120624883
653	ctrl_M1	ctrl	23.8048896789551	6.70054531097412	3.55267945729246
653	ctrl_M2	ctrl	15.2118291854858	5.63208997249603	2.70092084106821
653	ctrl_M3	ctrl	18.7410926818848	6.40494441986084	2.92603517741251
653	mut_M1	mut	7.31828880310059	3.41140925884247	2.14523918059124
653	mut_M2	mut	24.82985496521	5.5148606300354	4.50235402685971
653	mut_M3	mut	17.1219005584717	5.24809020757675	3.2625011921008
654	ctrl_M1	ctrl	14.881462097168	2.13187988102436	6.98044117289454
654	ctrl_M2	ctrl	22.4511680603027	1.24231752753258	18.0720045903997
654	ctrl_M3	ctrl	17.5641212463379	1.00428587198257	17.4891649243898
654	mut_M1	mut	7.73043966293335	1.79925246536732	4.29647301406097
654	mut_M2	mut	16.4769859313965	1.88280874490738	8.75127969102727
654	mut_M3	mut	21.2104911804199	1.04628385603428	20.2722149042936
655	ctrl_M1	ctrl	43.9794006347656	9.92318618297577	4.43198382291937
655	ctrl_M2	ctrl	56.5347862243652	9.06238079071045	6.23840329930929
655	ctrl_M3	ctrl	42.4890060424805	12.3430520296097	3.44234197024802
655	mut_M1	mut	33.4468803405762	7.82333379983902	4.27527205106145
655	mut_M2	mut	39.7980766296387	9.84185206890106	4.04375887292548
655	mut_M3	mut	36.349422454834	6.62331467866898	5.48810138402465
656	ctrl_M1	ctrl	17.067289352417	3.57257723808289	4.77730451016802
656	ctrl_M2	ctrl	21.4477958679199	5.50373840332031	3.89695045370994
656	ctrl_M3	ctrl	15.7696886062622	5.73834204673767	2.74812628418125
656	mut_M1	mut	13.1488752365112	3.77560204267502	3.48259034927188
656	mut_M2	mut	14.2869806289673	3.07254332304001	4.64988744726033
656	mut_M3	mut	13.3855409622192	4.64610400795937	2.88102481978193
657	ctrl_M1	ctrl	26.3190155029297	5.51532316207886	4.77198066722339
657	ctrl_M2	ctrl	37.8170509338379	9.8935019671917	3.82241304032129
657	ctrl_M3	ctrl	36.9411506652832	9.49637031555176	3.8900284464251
657	mut_M1	mut	25.0281600952148	8.90170311927795	2.81161478425546
657	mut_M2	mut	23.7901649475098	8.86761385202408	2.68281471707065
657	mut_M3	mut	31.6338348388672	5.21640211343765	6.06430143822257
658	ctrl_M1	ctrl	18.1436500549316	7.64047694206238	2.37467506184688
658	ctrl_M2	ctrl	24.6455593109131	11.7518075704575	2.09717178937382
658	ctrl_M3	ctrl	22.8214092254639	13.8289462327957	1.65026379026207
658	mut_M1	mut	17.3473739624023	8.84357059001923	1.96158031259234
658	mut_M2	mut	13.575532913208	7.83226591348648	1.73328294304106
658	mut_M3	mut	11.0240116119385	6.53251075744629	1.68756118761418
659	ctrl_M1	ctrl	15.5814876556396	2.54716885089874	6.11717894168731
659	ctrl_M2	ctrl	8.16690635681152	3.9426948428154	2.07140209486253
659	ctrl_M3	ctrl	13.091404914856	1.8425237685442	7.10514845906148
659	mut_M1	mut	7.54345989227295	1.70299652218819	4.4295216073491
659	mut_M2	mut	8.16411590576172	2.1195522993803	3.85181149252542
659	mut_M3	mut	4.2675085067749	1.82895052433014	2.33330997750084
660	ctrl_M1	ctrl	34.9651832580566	14.7156607806683	2.37605254559754
660	ctrl_M2	ctrl	52.6060409545898	19.0852774977684	2.75636762214964
660	ctrl_M3	ctrl	26.3198509216309	25.2735874652863	1.04139750471838
660	mut_M1	mut	23.0858821868896	16.6403449326754	1.387343969148
660	mut_M2	mut	29.5022640228271	17.1220155954361	1.7230602237444
660	mut_M3	mut	25.6701927185059	17.4442392289639	1.47155702129353
661	ctrl_M1	ctrl	29.0740966796875	2.78234274685383	10.4495022090874
661	ctrl_M2	ctrl	26.5838813781738	7.38146817684174	3.6014354788627
661	ctrl_M3	ctrl	25.6353702545166	4.23723489046097	6.05002340375984
661	mut_M1	mut	24.636173248291	2.59163030982018	9.50605229262056
661	mut_M2	mut	8.68310928344727	3.14442256093025	2.76143206429559
661	mut_M3	mut	10.0197353363037	3.41185642778873	2.93674002654257
662	ctrl_M1	ctrl	44.6432037353516	3.16343158483505	14.1122709747742
662	ctrl_M2	ctrl	48.5218048095703	4.69602552056313	10.3325257916724
662	ctrl_M3	ctrl	56.5769157409668	2.25143700838089	25.1292465791232
662	mut_M1	mut	38.060417175293	4.35188269615173	8.74573600270726
662	mut_M2	mut	44.0141105651855	2.16204458475113	20.3576331753824
662	mut_M3	mut	42.8915138244629	2.81262543797493	15.2496358901399
663	ctrl_M1	ctrl	40.1255836486816	3.96981871128082	10.1076614744797
663	ctrl_M2	ctrl	42.5099258422852	5.48253238201141	7.7537026469307
663	ctrl_M3	ctrl	50.958869934082	4.83238740265369	10.5452782833798
663	mut_M1	mut	39.0937042236328	3.99170786142349	9.79372879499541
663	mut_M2	mut	33.1237640380859	3.90251940488815	8.48778970748904
663	mut_M3	mut	30.3250770568848	5.1441602408886	5.89504907250837
664	ctrl_M1	ctrl	20.5252113342285	3.35437113046646	6.11894466530728
664	ctrl_M2	ctrl	28.3189105987549	6.13238528370857	4.61792749291006
664	ctrl_M3	ctrl	33.880558013916	6.12552046775818	5.53104967851257
664	mut_M1	mut	22.9900913238525	6.08666223287582	3.77712618907558
664	mut_M2	mut	17.2892093658447	5.44301235675812	3.17640457758252
664	mut_M3	mut	13.9362936019897	4.60516533255577	3.02623089413717
665	ctrl_M1	ctrl	16.8598117828369	36.420990884304	0.462914692145369
665	ctrl_M2	ctrl	28.9053993225098	50.1905310153961	0.575913399155768
665	ctrl_M3	ctrl	14.903660774231	55.2378502488136	0.269808848590212
665	mut_M1	mut	16.2015571594238	43.9399047791958	0.368720807221566
665	mut_M2	mut	15.6714143753052	40.9661993980408	0.382544990884721
665	mut_M3	mut	14.4956369400024	46.3627928495407	0.312656681124551
666	ctrl_M1	ctrl	17.5962696075439	1.60720445215702	10.9483703731209
666	ctrl_M2	ctrl	32.2810211181641	3.8187740445137	8.45324199386478
666	ctrl_M3	ctrl	19.6743869781494	3.71313577890396	5.29859077331044
666	mut_M1	mut	13.5700769424438	3.20454430580139	4.23463545748987
666	mut_M2	mut	13.9279680252075	3.1271034181118	4.45395184071573
666	mut_M3	mut	18.8901615142822	3.51437759399414	5.37510868114012
667	ctrl_M1	ctrl	23.2261219024658	28.3191573023796	0.820155827889489
667	ctrl_M2	ctrl	28.7717971801758	49.2248233556747	0.584497723278451
667	ctrl_M3	ctrl	26.9313850402832	40.3247745037079	0.667862012168397
667	mut_M1	mut	11.025562286377	37.2700517177582	0.295829004206173
667	mut_M2	mut	17.2872276306152	45.5446817874908	0.379566328101194
667	mut_M3	mut	16.3526420593262	37.5573310852051	0.435404795463966
668	ctrl_M1	ctrl	12.9676094055176	3.2017288506031	4.05018976015876
668	ctrl_M2	ctrl	19.1392860412598	2.3977609872818	7.98214923955237
668	ctrl_M3	ctrl	16.5953903198242	5.903733253479	2.81099934690388
668	mut_M1	mut	7.820716381073	2.22972446680069	3.50748108007018
668	mut_M2	mut	13.0799245834351	3.05605334043503	4.28000532921756
668	mut_M3	mut	12.3051853179932	2.56934876739979	4.78922343051394
669	ctrl_M1	ctrl	19.225191116333	2.54292562603951	7.56026480659421
669	ctrl_M2	ctrl	32.3306121826172	3.52203223109245	9.17953330954867
669	ctrl_M3	ctrl	29.163272857666	3.62371516227722	8.04789326745516
669	mut_M1	mut	20.4645233154297	4.23902517557144	4.8276484493091
669	mut_M2	mut	19.785249710083	3.02426469326019	6.54216866472566
669	mut_M3	mut	21.343994140625	2.19523121416569	9.72289114827339
670	ctrl_M1	ctrl	11.3984098434448	4.03932827711105	2.82185775987413
670	ctrl_M2	ctrl	15.9717645645142	4.65615212917328	3.43024972582887
670	ctrl_M3	ctrl	14.9824094772339	4.6774497628212	3.20311499576583
670	mut_M1	mut	10.7054271697998	4.34833097457886	2.46196235576034
670	mut_M2	mut	7.57085561752319	3.41327556967735	2.21806164283385
670	mut_M3	mut	7.50910329818726	3.18143951892853	2.36028478728278
671	ctrl_M1	ctrl	9.35690402984619	4.79880154132843	1.94984184056421
671	ctrl_M2	ctrl	17.1681499481201	3.82635718584061	4.48681320490692
671	ctrl_M3	ctrl	16.7418823242188	3.26226329803467	5.1319837777364
671	mut_M1	mut	9.30660057067871	5.07030636072159	1.83551050145109
671	mut_M2	mut	11.267541885376	3.84645998477936	2.92932772730309
671	mut_M3	mut	10.0377378463745	2.73639869689941	3.66822928900974
672	ctrl_M1	ctrl	13.6800746917725	4.07153359055519	3.35993167869384
672	ctrl_M2	ctrl	32.0834770202637	7.46921229362488	4.29542979353359
672	ctrl_M3	ctrl	28.7450466156006	8.49421358108521	3.38407391587252
672	mut_M1	mut	16.4273624420166	3.02802750468254	5.42510344328555
672	mut_M2	mut	15.7876892089844	4.44931864738464	3.54833862444636
672	mut_M3	mut	21.7164821624756	5.47701907157898	3.96501853995095
673	ctrl_M1	ctrl	34.7597122192383	6.48544305562973	5.35965113271096
673	ctrl_M2	ctrl	48.4593544006348	13.1948193311691	3.67260461734121
673	ctrl_M3	ctrl	41.4608039855957	11.6355152130127	3.56329764746709
673	mut_M1	mut	28.1330909729004	7.87492835521698	3.57248849816682
673	mut_M2	mut	30.7668190002441	7.82643896341324	3.9311389437868
673	mut_M3	mut	24.3291492462158	8.97642958164215	2.71033700258417
674	ctrl_M1	ctrl	21.7127265930176	7.98242473602295	2.72006656010582
674	ctrl_M2	ctrl	26.1987972259521	13.1324379444122	1.99496828668431
674	ctrl_M3	ctrl	21.4967136383057	13.3241404294968	1.61336588668163
674	mut_M1	mut	14.0485458374023	9.48544859886169	1.48106288184285
674	mut_M2	mut	21.455774307251	11.5868899822235	1.85172849143888
674	mut_M3	mut	16.4966526031494	8.53728628158569	1.93230636282298
675	ctrl_M1	ctrl	15.6174116134644	6.57482694089413	2.37533424892557
675	ctrl_M2	ctrl	21.0185775756836	10.0147438943386	2.09876336304172
675	ctrl_M3	ctrl	15.2259502410889	8.6501992046833	1.76018492531887
675	mut_M1	mut	11.5044002532959	5.92444154620171	1.94185395595162
675	mut_M2	mut	16.833610534668	7.86744496226311	2.13965405737337
675	mut_M3	mut	8.83165550231934	4.2921596467495	2.05762511862942
676	ctrl_M1	ctrl	17.3336658477783	0.974450394511223	17.7881459594182
676	ctrl_M2	ctrl	23.1655197143555	2.46339291334152	9.40390775214665
676	ctrl_M3	ctrl	22.5191135406494	1.16435752809048	19.3403769867665
676	mut_M1	mut	11.4104661941528	2.56412649154663	4.45004028926446
676	mut_M2	mut	13.9566040039062	1.13037656247616	12.3468625121999
676	mut_M3	mut	17.0739936828613	2.38947568833828	7.14549797103613
677	ctrl_M1	ctrl	8.3624095916748	2.54465401172638	3.2862658550588
677	ctrl_M2	ctrl	8.35087585449219	3.65605872869492	2.28411972404862
677	ctrl_M3	ctrl	7.10102796554565	3.46282017230988	2.05064878110864
677	mut_M1	mut	7.58934116363525	4.01335269212723	1.89102272982956
677	mut_M2	mut	4.93917369842529	2.45059818029404	2.01549717050417
677	mut_M3	mut	5.0150990486145	2.79827219247818	1.79221273116147
678	ctrl_M1	ctrl	8.20644855499268	1.90860348939896	4.29971369148916
678	ctrl_M2	ctrl	10.217303276062	2.58534723520279	3.95200425573031
678	ctrl_M3	ctrl	12.4164705276489	1.94646579027176	6.37898214790376
678	mut_M1	mut	5.3226113319397	0.807594940066338	6.59069425509586
678	mut_M2	mut	8.33296012878418	1.33850282430649	6.22558277611532
678	mut_M3	mut	5.35364246368408	1.20177656412125	4.45477356067326
679	ctrl_M1	ctrl	26.4040603637695	2.36590556800365	11.1602342548478
679	ctrl_M2	ctrl	19.9792137145996	3.17008236050606	6.30242733233285
679	ctrl_M3	ctrl	27.2909183502197	2.44985231757164	11.1398218392492
679	mut_M1	mut	14.6934671401978	2.00702908635139	7.32100358690327
679	mut_M2	mut	13.6748113632202	2.18827798962593	6.2491198230065
679	mut_M3	mut	22.0115089416504	2.0504724085331	10.7348476624454
680	ctrl_M1	ctrl	9.24188709259033	2.40739616751671	3.83895563899795
680	ctrl_M2	ctrl	11.8947639465332	3.18932446837425	3.72955591834045
680	ctrl_M3	ctrl	10.9771375656128	3.40343940258026	3.22530718698581
680	mut_M1	mut	7.72388219833374	2.75125646591187	2.8074017431791
680	mut_M2	mut	9.31970119476318	3.84116971492767	2.42626644653181
680	mut_M3	mut	5.47739171981812	2.26238656044006	2.42106800650049
681	ctrl_M1	ctrl	11.1439037322998	2.20018976926804	5.06497388905103
681	ctrl_M2	ctrl	16.9588413238525	2.70831626653671	6.26176548632514
681	ctrl_M3	ctrl	21.3283252716064	2.41194513440132	8.84279039659848
681	mut_M1	mut	12.2755765914917	2.37477141618729	5.16916133814691
681	mut_M2	mut	13.2519025802612	0.986311763525009	13.4358151958969
681	mut_M3	mut	14.7179384231567	2.95561461895704	4.97965408912151
682	ctrl_M1	ctrl	10.7075004577637	1.94208131730556	5.51341509871441
682	ctrl_M2	ctrl	14.403715133667	2.53529995679855	5.68126666631402
682	ctrl_M3	ctrl	13.9943523406982	1.83299538493156	7.63469043934376
682	mut_M1	mut	5.91320133209229	1.20561748743057	4.90470766535958
682	mut_M2	mut	9.2547607421875	1.6343822479248	5.66254360259871
682	mut_M3	mut	8.77988719940186	1.36835631728172	6.41637495184247
683	ctrl_M1	ctrl	9.27850341796875	0.860653206706047	10.7807690085535
683	ctrl_M2	ctrl	16.7707271575928	1.65284225344658	10.1465987589691
683	ctrl_M3	ctrl	9.83818531036377	1.65890729427338	5.93052146091927
683	mut_M1	mut	9.23250865936279	0.891196012496948	10.359683537514
683	mut_M2	mut	6.70800495147705	2.13934940099716	3.13553501281764
683	mut_M3	mut	6.92007637023926	1.04987385869026	6.5913407719973
684	ctrl_M1	ctrl	23.6301689147949	5.69533038139343	4.14904269504617
684	ctrl_M2	ctrl	34.1569213867188	11.4635082483292	2.97962200111796
684	ctrl_M3	ctrl	31.8767738342285	8.25501441955566	3.86150431896451
684	mut_M1	mut	22.7452926635742	6.16263461112976	3.69083908082041
684	mut_M2	mut	30.6748046875	7.13475465774536	4.29934961452388
684	mut_M3	mut	21.8625774383545	8.48497921228409	2.5766212139569
685	ctrl_M1	ctrl	19.8570289611816	3.18489187955856	6.2347576345147
685	ctrl_M2	ctrl	26.7159385681152	7.28185331821442	3.66883778080087
685	ctrl_M3	ctrl	24.0318737030029	5.17352503538132	4.64516428134606
685	mut_M1	mut	12.8853673934937	4.44458448886871	2.89911631239423
685	mut_M2	mut	17.910400390625	3.56282062828541	5.0270283742138
685	mut_M3	mut	13.9282093048096	2.4045123308897	5.79252978904706
686	ctrl_M1	ctrl	17.614013671875	1.11290183663368	15.827104504701
686	ctrl_M2	ctrl	15.5037813186646	1.25872181355953	12.3170832122322
686	ctrl_M3	ctrl	19.6664638519287	1.84132589399815	10.6805991899816
686	mut_M1	mut	14.9937658309937	1.83850347995758	8.15541879275616
686	mut_M2	mut	10.4578952789307	0.614604249596596	17.0156572880758
686	mut_M3	mut	11.0040225982666	0.934203237295151	11.779045671183
687	ctrl_M1	ctrl	13.5784788131714	3.40129625797272	3.99214822329667
687	ctrl_M2	ctrl	16.3810195922852	5.46133050322533	2.99945582539107
687	ctrl_M3	ctrl	14.2572717666626	6.21435976028442	2.29424628065145
687	mut_M1	mut	8.00890159606934	5.12478977441788	1.56277661106188
687	mut_M2	mut	11.0551853179932	4.05690632760525	2.72502848852291
687	mut_M3	mut	8.0334587097168	3.63568830490112	2.2096115057188
688	ctrl_M1	ctrl	17.4018440246582	1.37481519579887	12.6575877818592
688	ctrl_M2	ctrl	21.8090038299561	2.76956880092621	7.87451238714944
688	ctrl_M3	ctrl	23.0719680786133	2.12523207068443	10.8562111389477
688	mut_M1	mut	13.5597743988037	2.05595180392265	6.59537561772233
688	mut_M2	mut	17.1756267547607	1.65305615961552	10.3902257977464
688	mut_M3	mut	11.051739692688	0.988865584135056	11.1761799277854
689	ctrl_M1	ctrl	2.71565651893616	2.4982148706913	1.08703880950988
689	ctrl_M2	ctrl	10.8848829269409	1.71846708655357	6.33406540754342
689	ctrl_M3	ctrl	3.73584771156311	4.11061763763428	0.908828804060975
689	mut_M1	mut	2.81109619140625	1.20776841044426	2.32751259852229
689	mut_M2	mut	5.85623264312744	2.62175735831261	2.23370504694476
689	mut_M3	mut	2.76339888572693	1.05472895503044	2.62000855532327
690	ctrl_M1	ctrl	19.9924602508545	0.798593401908875	25.0345923257901
690	ctrl_M2	ctrl	14.7545900344849	1.87561875581741	7.86651870947764
690	ctrl_M3	ctrl	15.1061067581177	1.19979344308376	12.5905895262198
690	mut_M1	mut	13.4015445709229	1.08145888149738	12.3920981187626
690	mut_M2	mut	13.8579044342041	1.11456434428692	12.4334718809529
690	mut_M3	mut	5.66886758804321	1.53926175832748	3.6828483247728
691	ctrl_M1	ctrl	20.5479793548584	2.37958282232285	8.63511837541353
691	ctrl_M2	ctrl	15.8655395507812	3.9074275046587	4.06035416699741
691	ctrl_M3	ctrl	20.7238082885742	3.26685383915901	6.34365946837376
691	mut_M1	mut	14.1781482696533	2.3657169342041	5.99317190685929
691	mut_M2	mut	19.5633144378662	4.43003571033478	4.41606246925441
691	mut_M3	mut	2.27029705047607	3.03532409667969	0.747958695072968
692	ctrl_M1	ctrl	9.42696666717529	0.970084697008133	9.71767382399628
692	ctrl_M2	ctrl	6.50080108642578	1.41775779426098	4.58526915721482
692	ctrl_M3	ctrl	11.9926948547363	1.37256702780724	8.73742018551577
692	mut_M1	mut	3.17535591125488	2.21254628896713	1.4351590866545
692	mut_M2	mut	10.6556749343872	2.47055125236511	4.31307584660966
692	mut_M3	mut	6.84660148620605	1.83063812553883	3.74000813743068
693	ctrl_M1	ctrl	20.292854309082	4.82641944289207	4.20453600214286
693	ctrl_M2	ctrl	27.1693534851074	5.90609297156334	4.60022448273714
693	ctrl_M3	ctrl	28.1440334320068	4.98859000205994	5.64168100011934
693	mut_M1	mut	17.213228225708	4.08612242341042	4.21260707390682
693	mut_M2	mut	26.2501564025879	3.93549859523773	6.67009675326849
693	mut_M3	mut	16.9778614044189	2.25913035869598	7.51521988939979
694	ctrl_M1	ctrl	17.0443096160889	7.23063766956329	2.35723464444019
694	ctrl_M2	ctrl	33.2096405029297	11.8346501588821	2.80613622346962
694	ctrl_M3	ctrl	18.6738891601562	13.7760825157166	1.35552971164712
694	mut_M1	mut	13.7632703781128	9.88003396987915	1.39303877092653
694	mut_M2	mut	16.7784214019775	8.74311590194702	1.91904368993223
694	mut_M3	mut	12.5644054412842	10.2505966424942	1.22572430459296
695	ctrl_M1	ctrl	9.62572002410889	1.90315468609333	5.05777070799638
695	ctrl_M2	ctrl	19.7957515716553	3.33000510931015	5.9446610205821
695	ctrl_M3	ctrl	11.157603263855	2.10941863059998	5.28942102909248
695	mut_M1	mut	14.7956552505493	0.740378260612488	19.983913679893
695	mut_M2	mut	7.25549221038818	2.35719043016434	3.0780254821764
695	mut_M3	mut	6.74127578735352	1.91626009345055	3.51793360953143
696	ctrl_M1	ctrl	5.38785123825073	2.03364592790604	2.64935560527903
696	ctrl_M2	ctrl	13.3383741378784	2.50861622393131	5.31702458536106
696	ctrl_M3	ctrl	14.0721855163574	2.4333738386631	5.78299367436641
696	mut_M1	mut	6.41814517974854	2.51671081781387	2.55021162317076
696	mut_M2	mut	8.61419868469238	1.82706254720688	4.71478039865758
696	mut_M3	mut	10.0765953063965	2.8638955950737	3.51849254691045
697	ctrl_M1	ctrl	8.41711235046387	3.18203020095825	2.64520190535247
697	ctrl_M2	ctrl	10.1990442276001	3.10123506188393	3.28870402406853
697	ctrl_M3	ctrl	10.8121824264526	2.84695655107498	3.79780380644379
697	mut_M1	mut	6.70865488052368	3.19250017404556	2.1013796444128
697	mut_M2	mut	3.46482110023499	3.4818007349968	0.995123318060352
697	mut_M3	mut	8.0870246887207	2.71104453504086	2.98299219514623
698	ctrl_M1	ctrl	7.78259515762329	9.31136739253998	0.835816570169758
698	ctrl_M2	ctrl	21.5034561157227	7.75205516815186	2.77390390667837
698	ctrl_M3	ctrl	13.9546766281128	9.75025391578674	1.431211612399
698	mut_M1	mut	9.75871086120605	7.29814195632935	1.33715004717643
698	mut_M2	mut	8.69804000854492	7.14884793758392	1.21670513689575
698	mut_M3	mut	9.01010036468506	7.24394071102142	1.24381199738099
699	ctrl_M1	ctrl	8.76661586761475	4.07107907533646	2.15338874666546
699	ctrl_M2	ctrl	12.6803779602051	2.40743008255959	5.2671843107997
699	ctrl_M3	ctrl	14.9478235244751	1.37233144044876	10.8922838054246
699	mut_M1	mut	7.22730398178101	1.79706761240959	4.02172068088763
699	mut_M2	mut	9.84707355499268	1.57160483300686	6.26561674295239
699	mut_M3	mut	7.84030389785767	1.19902323186398	6.5389090799094
700	ctrl_M1	ctrl	13.6396894454956	3.25513705611229	4.19020434788878
700	ctrl_M2	ctrl	20.2870445251465	7.51925420761108	2.69801285672875
700	ctrl_M3	ctrl	17.0751171112061	9.80695426464081	1.74112335496157
700	mut_M1	mut	19.9292583465576	4.73309999704361	4.21061426105636
700	mut_M2	mut	16.8658199310303	5.02283257246017	3.35783040499983
700	mut_M3	mut	12.2628545761108	4.37884457409382	2.80047724202419
701	ctrl_M1	ctrl	12.3241634368896	3.24036955833435	3.80332033585226
701	ctrl_M2	ctrl	23.9182643890381	7.19939005374908	3.3222626098141
701	ctrl_M3	ctrl	22.9579219818115	7.4656098484993	3.07515694600976
701	mut_M1	mut	17.412769317627	6.75167435407639	2.57902979386348
701	mut_M2	mut	13.6114978790283	6.36880587041378	2.13721349904232
701	mut_M3	mut	15.8362474441528	6.69107902050018	2.36677035133401
702	ctrl_M1	ctrl	9.98489189147949	4.16785007715225	2.39569363260346
702	ctrl_M2	ctrl	21.756965637207	9.28754794597626	2.34259524298155
702	ctrl_M3	ctrl	11.9112100601196	6.72696274518967	1.77066686873465
702	mut_M1	mut	14.173957824707	2.29021114110947	6.18893060569106
702	mut_M2	mut	15.1969966888428	6.1127222776413	2.48612582063957
702	mut_M3	mut	9.03195381164551	3.32807290554047	2.71386897703155
703	ctrl_M1	ctrl	14.4280691146851	5.32390785217285	2.71005237417784
703	ctrl_M2	ctrl	26.2014827728271	3.92648085951805	6.6730193550576
703	ctrl_M3	ctrl	21.2118988037109	4.54599100351334	4.66606704397731
703	mut_M1	mut	11.6529474258423	2.07107608020306	5.62651828063206
703	mut_M2	mut	15.858494758606	4.26765763759613	3.71597164189081
703	mut_M3	mut	12.8316946029663	2.07843835651875	6.17371911114006
704	ctrl_M1	ctrl	8.76618194580078	1.82726466655731	4.79743416826247
704	ctrl_M2	ctrl	15.3116636276245	3.99018812179565	3.8373287575058
704	ctrl_M3	ctrl	11.0707902908325	5.25992584228516	2.10474265660423
704	mut_M1	mut	12.2566232681274	1.49533981084824	8.19654715216526
704	mut_M2	mut	9.80371379852295	3.05319547653198	3.21096827041636
704	mut_M3	mut	5.82036972045898	1.30440580844879	4.46208509864013
705	ctrl_M1	ctrl	12.8678512573242	4.34742361307144	2.9598797822771
705	ctrl_M2	ctrl	25.1081848144531	7.58878076076508	3.3085927247056
705	ctrl_M3	ctrl	17.5338516235352	9.76484334468842	1.7956101295852
705	mut_M1	mut	7.35884284973145	5.19717264175415	1.41593196089166
705	mut_M2	mut	14.7627115249634	5.15282338857651	2.86497525952304
705	mut_M3	mut	12.293794631958	5.56928491592407	2.20742785071146
706	ctrl_M1	ctrl	15.0744428634644	3.42311859130859	4.40371621998105
706	ctrl_M2	ctrl	25.4985809326172	5.58978775143623	4.56163669650348
706	ctrl_M3	ctrl	20.400074005127	4.09010261297226	4.98766802095029
706	mut_M1	mut	26.7629947662354	4.06418018043041	6.58509061559398
706	mut_M2	mut	12.7663850784302	3.9675504565239	3.21769948947675
706	mut_M3	mut	16.4260425567627	2.38833583891392	6.87761004508995
707	ctrl_M1	ctrl	13.6561670303345	2.74271905422211	4.97906156640883
707	ctrl_M2	ctrl	20.8293876647949	3.50035566091537	5.95064892901422
707	ctrl_M3	ctrl	21.5180530548096	4.32356917858124	4.97691887559219
707	mut_M1	mut	11.5018825531006	3.22747337818146	3.56374203761253
707	mut_M2	mut	10.6926431655884	1.8755686879158	5.70101390286613
707	mut_M3	mut	14.0570421218872	2.29889824986458	6.11468651242623
708	ctrl_M1	ctrl	10.9299917221069	1.31528958678246	8.30995077581704
708	ctrl_M2	ctrl	14.9060392379761	3.35388255119324	4.44441300804431
708	ctrl_M3	ctrl	15.2733039855957	1.63331523537636	9.35110605398617
708	mut_M1	mut	4.48092651367188	2.02703562378883	2.2105810381844
708	mut_M2	mut	6.97237157821655	3.04798647761345	2.28753363226069
708	mut_M3	mut	6.78089380264282	2.60123711824417	2.60679572618889
709	ctrl_M1	ctrl	10.5422954559326	6.87414562702179	1.53361537970502
709	ctrl_M2	ctrl	17.2895526885986	9.4713397026062	1.82546009661559
709	ctrl_M3	ctrl	18.3041458129883	9.02551960945129	2.02804343739065
709	mut_M1	mut	11.8206815719604	7.91459965705872	1.49352867916927
709	mut_M2	mut	17.7482433319092	7.64866602420807	2.32043643633228
709	mut_M3	mut	8.62888240814209	6.40895396471024	1.34637921502565
710	ctrl_M1	ctrl	10.4194030761719	1.6930887401104	6.15407971793167
710	ctrl_M2	ctrl	20.9080123901367	2.87297694385052	7.27747308758931
710	ctrl_M3	ctrl	14.2052059173584	2.26146106421947	6.28142847211089
710	mut_M1	mut	4.74635934829712	1.68284976482391	2.82042963519905
710	mut_M2	mut	9.80863952636719	2.85027003288269	3.44130184621384
710	mut_M3	mut	10.3728036880493	3.1479979455471	3.29504779465369
711	ctrl_M1	ctrl	6.34061002731323	3.90295892953873	1.62456488571418
711	ctrl_M2	ctrl	12.1248235702515	4.97654271125793	2.43639495805445
711	ctrl_M3	ctrl	6.46415519714355	2.62496566772461	2.46256752102471
711	mut_M1	mut	4.84207630157471	0.374216258525848	12.939246201245
711	mut_M2	mut	2.53344702720642	1.96946653723717	1.28636205759577
711	mut_M3	mut	1.90039360523224	2.20767068862915	0.86081389539682
712	ctrl_M1	ctrl	10.78737449646	2.30051369965076	4.68911552150181
712	ctrl_M2	ctrl	18.3584384918213	3.7053182721138	4.95461850874911
712	ctrl_M3	ctrl	11.4797201156616	2.64975728094578	4.33236666550989
712	mut_M1	mut	9.41730499267578	2.40809625387192	3.91068462381183
712	mut_M2	mut	11.4162473678589	3.62152719497681	3.1523295983235
712	mut_M3	mut	11.1788692474365	2.96961414813995	3.7644180993812
713	ctrl_M1	ctrl	10.588791847229	2.23462697863579	4.73850532928468
713	ctrl_M2	ctrl	9.43893527984619	2.10735158622265	4.47905102383278
713	ctrl_M3	ctrl	16.3027858734131	1.97837480902672	8.24049406564846
713	mut_M1	mut	6.84881353378296	2.48254659771919	2.75878549070346
713	mut_M2	mut	9.56256008148193	1.58364018797874	6.03834138213363
713	mut_M3	mut	8.19692325592041	2.71343392133713	3.02086709813118
714	ctrl_M1	ctrl	9.98018932342529	0.807761251926422	12.3553702280515
714	ctrl_M2	ctrl	16.568904876709	3.6328284740448	4.56088279286721
714	ctrl_M3	ctrl	14.6520462036133	2.25886562466621	6.48646207353674
714	mut_M1	mut	6.83655977249146	2.3409803211689	2.92038327305452
714	mut_M2	mut	13.0880422592163	2.4944688975811	5.2468251946969
714	mut_M3	mut	8.28625202178955	1.8012847006321	4.60019008593244
715	ctrl_M1	ctrl	12.8091144561768	3.79275888204575	3.3772551471207
715	ctrl_M2	ctrl	23.718355178833	7.89541399478912	3.00406732243386
715	ctrl_M3	ctrl	17.3289623260498	5.46953958272934	3.16826710254879
715	mut_M1	mut	13.0004901885986	3.4154107272625	3.80642072850158
715	mut_M2	mut	14.827130317688	5.70144641399384	2.60059101516691
715	mut_M3	mut	10.7698392868042	5.62826478481293	1.91352747224421
716	ctrl_M1	ctrl	13.7506341934204	0.70214170217514	19.5838449002855
716	ctrl_M2	ctrl	28.3114261627197	4.37488156557083	6.47135830727927
716	ctrl_M3	ctrl	14.9724349975586	4.34481444954872	3.44604704560254
716	mut_M1	mut	13.4289484024048	1.5051836669445	8.92180050668854
716	mut_M2	mut	18.7835731506348	2.63991019129753	7.1152318789309
716	mut_M3	mut	16.017894744873	3.07197135686874	5.21420706252941
717	ctrl_M1	ctrl	6.47477293014526	1.45920899510384	4.43717997344481
717	ctrl_M2	ctrl	15.2017736434937	3.3983214199543	4.47331837248581
717	ctrl_M3	ctrl	6.69501113891602	1.08757178485394	6.15592573488395
717	mut_M1	mut	2.5265109539032	1.3585055321455	1.85977229692474
717	mut_M2	mut	2.59797024726868	1.46970248222351	1.76768446586428
717	mut_M3	mut	3.27156829833984	1.73916602134705	1.88111327968902
718	ctrl_M1	ctrl	22.1121273040771	5.46175742149353	4.04853705458609
718	ctrl_M2	ctrl	27.8137607574463	7.41189634799957	3.75258361039453
718	ctrl_M3	ctrl	32.7615966796875	8.12921842932701	4.03010411941898
718	mut_M1	mut	17.7808933258057	8.52824760973454	2.08494102651402
718	mut_M2	mut	20.7464714050293	7.37368553876877	2.8135823389742
718	mut_M3	mut	13.7942667007446	4.87040731310844	2.83226141345881
719	ctrl_M1	ctrl	20.2182388305664	8.7421008348465	2.31274372287899
719	ctrl_M2	ctrl	32.492057800293	11.9598952531815	2.71675103439135
719	ctrl_M3	ctrl	24.608829498291	10.8291357755661	2.27246476619272
719	mut_M1	mut	19.3735313415527	10.4111919403076	1.86083701584127
719	mut_M2	mut	21.6592464447021	9.47810304164886	2.28518790622202
719	mut_M3	mut	18.0893802642822	5.59351938962936	3.23398901554194
720	ctrl_M1	ctrl	11.178560256958	3.68159830570221	3.03633349668925
720	ctrl_M2	ctrl	20.5040435791016	4.17914986610413	4.90627142745081
720	ctrl_M3	ctrl	16.9134731292725	3.45963360369205	4.88880473100467
720	mut_M1	mut	13.3284158706665	3.16580083966255	4.21012456111649
720	mut_M2	mut	10.1552391052246	3.56547370553017	2.84821595780485
720	mut_M3	mut	10.620135307312	3.94813698530197	2.68991054435254
721	ctrl_M1	ctrl	17.3070449829102	2.28191846609116	7.58442741933567
721	ctrl_M2	ctrl	20.1889514923096	3.53119094669819	5.71732081245481
721	ctrl_M3	ctrl	26.4101219177246	2.63508784770966	10.0224825296354
721	mut_M1	mut	2.68001437187195	1.59781086444855	1.67730388589948
721	mut_M2	mut	9.5585823059082	2.77418699860573	3.44554361717946
721	mut_M3	mut	11.3123846054077	1.42852321267128	7.91893649684139
722	ctrl_M1	ctrl	14.4212160110474	3.58538699150085	4.02222020809268
722	ctrl_M2	ctrl	21.9719505310059	5.05253493785858	4.34869838630314
722	ctrl_M3	ctrl	20.1443958282471	5.36406368017197	3.75543562294198
722	mut_M1	mut	9.12294769287109	5.16895341873169	1.764950649354
722	mut_M2	mut	14.5877695083618	5.3598660826683	2.7216667885664
722	mut_M3	mut	14.9985322952271	5.72654646635056	2.61912347753731
723	ctrl_M1	ctrl	5.74017429351807	2.09737807512283	2.73683336428598
723	ctrl_M2	ctrl	11.8360385894775	1.50806242227554	7.84850707414214
723	ctrl_M3	ctrl	12.2750205993652	1.03122414648533	11.9033486960149
723	mut_M1	mut	5.3878002166748	0.469401061534882	11.478031598517
723	mut_M2	mut	6.27635335922241	0.903071314096451	6.95000855552818
723	mut_M3	mut	3.0585925579071	1.18946820497513	2.57139496887272
724	ctrl_M1	ctrl	11.3040676116943	1.99793766438961	5.65786801719254
724	ctrl_M2	ctrl	9.57767486572266	0.889647513628006	10.7656962100244
724	ctrl_M3	ctrl	7.99684715270996	1.05940842628479	7.54840810616721
724	mut_M1	mut	4.04684352874756	1.22488632798195	3.30385231372033
724	mut_M2	mut	6.12716770172119	1.58113513886929	3.87517015534985
724	mut_M3	mut	11.4399585723877	1.87939682602882	6.08703729513069
725	ctrl_M1	ctrl	18.0073318481445	4.06170463562012	4.43344198153278
725	ctrl_M2	ctrl	34.8429412841797	3.97278100252151	8.77041580244795
725	ctrl_M3	ctrl	31.533130645752	5.3420324921608	5.90283392922553
725	mut_M1	mut	10.2975797653198	5.61586600542068	1.83365838062734
725	mut_M2	mut	18.1587772369385	4.02259290218353	4.51419710582236
725	mut_M3	mut	17.1679363250732	4.19651687145233	4.09099661718547
726	ctrl_M1	ctrl	10.8753299713135	4.71343758702278	2.3073032729352
726	ctrl_M2	ctrl	18.1051216125488	5.79274886846542	3.12548015176517
726	ctrl_M3	ctrl	20.8065280914307	7.56252706050873	2.75126659712488
726	mut_M1	mut	11.1399450302124	5.16646814346313	2.15620124248849
726	mut_M2	mut	6.57083702087402	5.02451550960541	1.30775534642345
726	mut_M3	mut	12.2887496948242	3.78564262390137	3.24614627308898
727	ctrl_M1	ctrl	10.7657232284546	1.18556453287601	9.08067248126801
727	ctrl_M2	ctrl	16.4204006195068	6.94842875003815	2.3631818372487
727	ctrl_M3	ctrl	17.3528442382812	4.95557153224945	3.50168373624594
727	mut_M1	mut	10.7390785217285	4.4628239274025	2.40634152196522
727	mut_M2	mut	14.4510469436646	6.42961919307709	2.24757431345612
727	mut_M3	mut	7.85841226577759	3.8094986975193	2.062846817849
728	ctrl_M1	ctrl	5.58818674087524	0.827981054782867	6.74917222875433
728	ctrl_M2	ctrl	19.0936470031738	1.35005787014961	14.1428359667707
728	ctrl_M3	ctrl	9.75203800201416	0	NA
728	mut_M1	mut	6.16416311264038	0.562989473342896	10.9489846693564
728	mut_M2	mut	10.6694593429565	3.22547230124474	3.30787504789271
728	mut_M3	mut	10.4646940231323	1.10353437066078	9.48288907110904
729	ctrl_M1	ctrl	20.2455387115479	39.891875743866	0.507510322190376
729	ctrl_M2	ctrl	28.7024765014648	46.0204963684082	0.623688981355019
729	ctrl_M3	ctrl	25.3629016876221	51.6687698364258	0.490874889569009
729	mut_M1	mut	13.7455053329468	41.4290325641632	0.331784366715743
729	mut_M2	mut	16.1802024841309	45.0413693189621	0.359229808702088
729	mut_M3	mut	15.3287324905396	39.8456207513809	0.384703066522268
730	ctrl_M1	ctrl	11.2016677856445	9.62003922462463	1.1644097829634
730	ctrl_M2	ctrl	28.3109474182129	8.66185230016708	3.26846342296402
730	ctrl_M3	ctrl	19.4915714263916	11.3676197528839	1.71465723257032
730	mut_M1	mut	7.56352519989014	7.119484603405	1.06236976708578
730	mut_M2	mut	16.6773090362549	7.47285085916519	2.23171977476317
730	mut_M3	mut	15.1420164108276	7.09518110752106	2.13412683642095
731	ctrl_M1	ctrl	9.3682804107666	3.06580623984337	3.05573140566288
731	ctrl_M2	ctrl	14.5361919403076	3.52002647519112	4.12956892306283
731	ctrl_M3	ctrl	17.4724311828613	2.54728171229362	6.85924572006949
731	mut_M1	mut	9.69758224487305	1.4055497944355	6.89949390855114
731	mut_M2	mut	8.78452205657959	2.93958392739296	2.98835558825849
731	mut_M3	mut	9.14664745330811	3.34754727780819	2.73234302438198
732	ctrl_M1	ctrl	1.47143399715424	0.489659115672112	3.00501706199124
732	ctrl_M2	ctrl	7.68092918395996	0.733938723802567	10.4653548516486
732	ctrl_M3	ctrl	6.20457124710083	1.19658608734608	5.18522763444628
732	mut_M1	mut	3.10151672363281	0.585549265146255	5.29676477837972
732	mut_M2	mut	1.16871774196625	0.877652585506439	1.33164051615236
732	mut_M3	mut	2.29179811477661	1.05191187560558	2.17869782433745
733	ctrl_M1	ctrl	15.3414325714111	6.72555232048035	2.28106657124562
733	ctrl_M2	ctrl	23.0939674377441	11.0556855201721	2.08887702129434
733	ctrl_M3	ctrl	23.826530456543	7.35331881046295	3.24024172903268
733	mut_M1	mut	12.7424163818359	8.58475124835968	1.48430816609517
733	mut_M2	mut	15.753098487854	9.95788681507111	1.58197203687955
733	mut_M3	mut	12.4354677200317	7.01864063739777	1.77177723757094
734	ctrl_M1	ctrl	9.98674964904785	3.34465354681015	2.9858846392543
734	ctrl_M2	ctrl	11.4612236022949	4.65794503688812	2.46057510587371
734	ctrl_M3	ctrl	5.72224760055542	3.97564798593521	1.43932451283394
734	mut_M1	mut	2.48338961601257	1.60055130720139	1.55158388540187
734	mut_M2	mut	2.56968379020691	1.33703139424324	1.92193227569002
734	mut_M3	mut	3.76449155807495	1.54168951511383	2.4417961730751
735	ctrl_M1	ctrl	9.10571479797363	1.69567807018757	5.36995492131734
735	ctrl_M2	ctrl	6.89477396011353	1.67994053661823	4.10417738594063
735	ctrl_M3	ctrl	12.0305576324463	2.24637708067894	5.35553791744091
735	mut_M1	mut	3.47316360473633	0.776344433426857	4.47374059140923
735	mut_M2	mut	8.11292266845703	0.991096094250679	8.18580833434807
735	mut_M3	mut	7.73769855499268	1.69443327188492	4.56654073275197
736	ctrl_M1	ctrl	19.9517688751221	7.16488832235336	2.78465873820749
736	ctrl_M2	ctrl	25.904109954834	7.94901382923126	3.25878285172629
736	ctrl_M3	ctrl	32.4725303649902	9.21502006053925	3.52386974218806
736	mut_M1	mut	18.5338935852051	8.63499248027802	2.14637055301852
736	mut_M2	mut	30.1154727935791	8.28325909376144	3.63570334486587
736	mut_M3	mut	14.4286394119263	5.56697869300842	2.59182587317017
737	ctrl_M1	ctrl	7.7950119972229	3.4517474770546	2.25827991446073
737	ctrl_M2	ctrl	11.5174026489258	7.25054705142975	1.58848740201674
737	ctrl_M3	ctrl	15.3872451782227	5.17999452352524	2.97051379269623
737	mut_M1	mut	8.36412239074707	2.85864406824112	2.92590549613033
737	mut_M2	mut	9.97361469268799	2.63875541090965	3.77966622122427
737	mut_M3	mut	9.18359375	1.94074067473412	4.73200457410837
738	ctrl_M1	ctrl	13.0589179992676	9.17204794287682	1.42377341250264
738	ctrl_M2	ctrl	14.0361471176147	8.00290751457214	1.75388096039557
738	ctrl_M3	ctrl	25.3559055328369	7.83216619491577	3.23740647246436
738	mut_M1	mut	10.7676372528076	1.53590732812881	7.01060347561839
738	mut_M2	mut	19.9922771453857	6.06066107749939	3.29869578412962
738	mut_M3	mut	17.3530368804932	3.14124208688736	5.52425964013751
739	ctrl_M1	ctrl	3.87989950180054	1.10195235908031	3.52093216174852
739	ctrl_M2	ctrl	9.06373500823975	2.93394377827644	3.08926676623786
739	ctrl_M3	ctrl	8.63164806365967	3.05356907844543	2.82674072271325
739	mut_M1	mut	6.81736183166504	0.758117720484734	8.99248447497848
739	mut_M2	mut	7.84074783325195	3.06673230230808	2.55671087670445
739	mut_M3	mut	10.8428030014038	1.26267127692699	8.58719383226354
740	ctrl_M1	ctrl	13.9454193115234	6.25288301706314	2.23023831942299
740	ctrl_M2	ctrl	16.7060737609863	8.81792163848877	1.89455910881166
740	ctrl_M3	ctrl	22.4518852233887	7.54597139358521	2.97534724852985
740	mut_M1	mut	12.0106239318848	6.94520306587219	1.72934093041907
740	mut_M2	mut	10.9936351776123	9.17762470245361	1.19787369107316
740	mut_M3	mut	12.4367990493774	5.42814475297928	2.29116938021069
741	ctrl_M1	ctrl	11.6885395050049	3.00147393345833	3.89426653841942
741	ctrl_M2	ctrl	17.18479347229	9.43815594911575	1.82077871619615
741	ctrl_M3	ctrl	23.9238433837891	3.87957775592804	6.16661010266727
741	mut_M1	mut	15.3320379257202	3.44167897105217	4.45481349500561
741	mut_M2	mut	7.65207862854004	5.82187569141388	1.31436654338487
741	mut_M3	mut	12.1043825149536	5.90885251760483	2.04851660773218
742	ctrl_M1	ctrl	10.604606628418	5.68891680240631	1.86408186246148
742	ctrl_M2	ctrl	21.3487071990967	7.24721455574036	2.9457810355824
742	ctrl_M3	ctrl	22.9534549713135	7.44920739531517	3.08132848949124
742	mut_M1	mut	13.3365268707275	5.95088225603104	2.24110078084832
742	mut_M2	mut	17.9595317840576	4.88293808698654	3.67801750997444
742	mut_M3	mut	16.6608467102051	3.27047401666641	5.09432168710132
743	ctrl_M1	ctrl	4.64427042007446	2.17198830842972	2.13825755969752
743	ctrl_M2	ctrl	10.0872097015381	4.86320221424103	2.07419088435177
743	ctrl_M3	ctrl	14.8332262039185	3.97341936826706	3.7331136809724
743	mut_M1	mut	12.8315496444702	3.13905638456345	4.08770919425671
743	mut_M2	mut	7.79719066619873	3.32837110757828	2.34264461929907
743	mut_M3	mut	8.63298988342285	3.61929112672806	2.38527092216185
744	ctrl_M1	ctrl	9.74123382568359	1.72439703345299	5.64906668052974
744	ctrl_M2	ctrl	7.62577724456787	1.08903983235359	7.00229414757707
744	ctrl_M3	ctrl	11.959376335144	1.82243579626083	6.56230324255131
744	mut_M1	mut	3.61531043052673	1.47300362586975	2.45437985829263
744	mut_M2	mut	4.94538307189941	0.665836781263351	7.42732034495916
744	mut_M3	mut	6.12249803543091	1.07209467887878	5.71078110548401
745	ctrl_M1	ctrl	17.4364776611328	7.07160085439682	2.46570444516697
745	ctrl_M2	ctrl	16.0138397216797	8.82983040809631	1.813606715141
745	ctrl_M3	ctrl	23.6438770294189	10.323645234108	2.29026438755399
745	mut_M1	mut	16.9519214630127	7.95704585313797	2.13042902804531
745	mut_M2	mut	21.5627956390381	5.62270784378052	3.83494861161771
745	mut_M3	mut	11.4959726333618	5.49602836370468	2.09168728263491
746	ctrl_M1	ctrl	9.60234546661377	1.92731285095215	4.98224533804667
746	ctrl_M2	ctrl	13.1761360168457	4.61274197697639	2.85646500121009
746	ctrl_M3	ctrl	10.1722164154053	2.79805959016085	3.63545381634296
746	mut_M1	mut	8.71209239959717	3.0278048813343	2.87736255836865
746	mut_M2	mut	9.08299541473389	2.53244829177856	3.58664595214886
746	mut_M3	mut	7.1266770362854	1.77121790498495	4.02360263874249
747	ctrl_M1	ctrl	11.241644859314	4.46680951118469	2.51670567799352
747	ctrl_M2	ctrl	12.0098505020142	4.6435614824295	2.58634467260906
747	ctrl_M3	ctrl	15.2682962417603	3.96965864300728	3.84624916519107
747	mut_M1	mut	14.2830991744995	2.14271043241024	6.66590266162707
747	mut_M2	mut	9.39093494415283	2.4449854195118	3.84089609255338
747	mut_M3	mut	9.27715969085693	1.69235216081142	5.48181395437747
748	ctrl_M1	ctrl	16.4773387908936	5.21349021792412	3.16051974821858
748	ctrl_M2	ctrl	24.6931343078613	11.1869072914124	2.20732447893057
748	ctrl_M3	ctrl	29.7948970794678	8.50384104251862	3.50369873219588
748	mut_M1	mut	20.7532939910889	7.69632935523987	2.69651843537068
748	mut_M2	mut	23.7868404388428	10.8926116228104	2.18375916286508
748	mut_M3	mut	15.6338949203491	6.59967285394669	2.36888937775148
749	ctrl_M1	ctrl	20.0168056488037	5.65997385978699	3.53655443376147
749	ctrl_M2	ctrl	25.9780178070068	8.58676981925964	3.02535392863794
749	ctrl_M3	ctrl	28.975227355957	10.927835226059	2.65150661192818
749	mut_M1	mut	13.523232460022	7.66484087705612	1.76432005268398
749	mut_M2	mut	11.5393619537354	8.64217329025269	1.33523843669628
749	mut_M3	mut	19.6894016265869	8.7865686416626	2.24085219493161
750	ctrl_M1	ctrl	8.95706653594971	4.15876251459122	2.15378168494195
750	ctrl_M2	ctrl	13.2154607772827	4.93613237142563	2.67729059572726
750	ctrl_M3	ctrl	13.6521072387695	6.44428277015686	2.11848358082481
750	mut_M1	mut	14.015175819397	4.50848740339279	3.10862037872171
750	mut_M2	mut	7.02619743347168	4.51177603006363	1.55730191096666
750	mut_M3	mut	8.52291679382324	3.39777734875679	2.50838001405292
751	ctrl_M1	ctrl	11.0909452438354	2.19236493110657	5.05889557275368
751	ctrl_M2	ctrl	14.26247215271	3.47973950207233	4.09871835067425
751	ctrl_M3	ctrl	14.8709735870361	3.82806912064552	3.88471919350517
751	mut_M1	mut	15.9965629577637	1.81323839724064	8.82209586015111
751	mut_M2	mut	6.98627233505249	3.28530642390251	2.12652076659373
751	mut_M3	mut	8.31562423706055	0.9417405128479	8.83005894257795
752	ctrl_M1	ctrl	17.5736637115479	4.85394507646561	3.62049084501469
752	ctrl_M2	ctrl	18.0890579223633	8.13687786459923	2.22309566683587
752	ctrl_M3	ctrl	18.4843273162842	7.13557893037796	2.59044535792208
752	mut_M1	mut	19.513500213623	5.13703401386738	3.79859276013095
752	mut_M2	mut	18.7749938964844	7.59031456708908	2.47354621874185
752	mut_M3	mut	17.5193424224854	5.87863060832024	2.98017405578939
753	ctrl_M1	ctrl	5.34405374526978	3.76602587103844	1.41901673760839
753	ctrl_M2	ctrl	13.5411586761475	8.17331111431122	1.65675311838275
753	ctrl_M3	ctrl	8.00350666046143	4.32646530866623	1.84989502734017
753	mut_M1	mut	6.0232720375061	5.73950779438019	1.04944051882006
753	mut_M2	mut	12.0347423553467	4.5006098151207	2.67402482101727
753	mut_M3	mut	9.19240951538086	3.65186899900436	2.51717942727054
754	ctrl_M1	ctrl	4.21669673919678	2.03184930980206	2.07529993432809
754	ctrl_M2	ctrl	3.23072862625122	2.3175673186779	1.39401716628203
754	ctrl_M3	ctrl	5.36083602905273	2.24200809001923	2.39108683546577
754	mut_M1	mut	0.74047839641571	0.997840106487274	0.742081212813181
754	mut_M2	mut	2.48467969894409	0.841157481074333	2.95388171043862
754	mut_M3	mut	4.07812213897705	0.745588779449463	5.46966672699703
755	ctrl_M1	ctrl	6.11238670349121	0.250529915094376	24.3978316968201
755	ctrl_M2	ctrl	4.64047956466675	1.83162465691566	2.53353193687675
755	ctrl_M3	ctrl	3.89020490646362	0.400107055902481	9.72291002888934
755	mut_M1	mut	1.92301344871521	0.546505391597748	3.5187456121762
755	mut_M2	mut	2.73840665817261	0.648951306939125	4.21974134097781
755	mut_M3	mut	2.11580109596252	0.465876311063766	4.54155114934128
756	ctrl_M1	ctrl	4.83707094192505	0	NA
756	ctrl_M2	ctrl	4.48305130004883	1.58664351701736	2.82549372430944
756	ctrl_M3	ctrl	1.20028614997864	1.42151552438736	0.844370764431808
756	mut_M1	mut	0	0.759870797395706	0
756	mut_M2	mut	1.26303064823151	1.49002778530121	0.847655769033988
756	mut_M3	mut	1.25097382068634	0.573637783527374	2.18077305332633
757	ctrl_M1	ctrl	2.58944654464722	0.24079655110836	10.7536695717953
757	ctrl_M2	ctrl	0	0.418846845626831	0
757	ctrl_M3	ctrl	1.11282074451447	0.20169061422348	5.51746420525757
757	mut_M1	mut	1.40318846702576	0	NA
757	mut_M2	mut	1.23692762851715	0.154928922653198	7.98383934603328
757	mut_M3	mut	1.15366625785828	0	NA
758	ctrl_M1	ctrl	16.3703422546387	6.56861421465874	2.4922063801686
758	ctrl_M2	ctrl	16.796365737915	10.0407472848892	1.67282028531807
758	ctrl_M3	ctrl	16.4410037994385	5.31262004375458	3.09470725631249
758	mut_M1	mut	14.877836227417	8.42861795425415	1.76515726637102
758	mut_M2	mut	16.818229675293	7.91680490970612	2.12437086262838
758	mut_M3	mut	9.66706657409668	6.38644361495972	1.51368541819619
759	ctrl_M1	ctrl	5.58150959014893	3.38927713036537	1.64681416581217
759	ctrl_M2	ctrl	5.52121734619141	1.96780902147293	2.80576889624111
759	ctrl_M3	ctrl	5.98763799667358	3.52059555053711	1.70074577176583
759	mut_M1	mut	2.55159139633179	2.07979106903076	1.22684986695365
759	mut_M2	mut	4.80190944671631	3.93182682991028	1.22129220193197
759	mut_M3	mut	7.8690390586853	1.69767081737518	4.63519722324723
760	ctrl_M1	ctrl	0.88577663898468	0	NA
760	ctrl_M2	ctrl	2.8622453212738	0.684741616249084	4.18003704368484
760	ctrl_M3	ctrl	3.23170065879822	0	NA
760	mut_M1	mut	0	0	NA
760	mut_M2	mut	2.58377623558044	0.953455358743668	2.70990792792333
760	mut_M3	mut	3.16289877891541	1.414959192276	2.23532862020409
761	ctrl_M1	ctrl	6.56672096252441	1.75673766434193	3.73802024958821
761	ctrl_M2	ctrl	8.89435386657715	3.31481581926346	2.68321208523539
761	ctrl_M3	ctrl	4.14950180053711	3.7796810567379	1.0978444313813
761	mut_M1	mut	4.44088125228882	2.23629441857338	1.98582137280557
761	mut_M2	mut	4.35027933120728	1.82642862200737	2.38185017404404
761	mut_M3	mut	2.61367297172546	2.48563970625401	1.05150918097636
762	ctrl_M1	ctrl	8.28833198547363	1.07536196708679	7.70748105210298
762	ctrl_M2	ctrl	9.14275550842285	3.53733092546463	2.58464805840068
762	ctrl_M3	ctrl	2.23298072814941	1.451207280159	1.5387055720288
762	mut_M1	mut	0.920319378376007	1.21028473973274	0.760415584996332
762	mut_M2	mut	5.20306491851807	0.287142932415009	18.120121831862
762	mut_M3	mut	3.28208708763123	1.45307582616806	2.25871701154543
763	ctrl_M1	ctrl	5.73059272766113	2.68498048186302	2.13431448249667
763	ctrl_M2	ctrl	8.13378429412842	2.80825424194336	2.89638458393272
763	ctrl_M3	ctrl	4.76088094711304	6.11363804340363	0.778731242071133
763	mut_M1	mut	4.79198789596558	3.34611657261848	1.43210428924645
763	mut_M2	mut	6.86988973617554	2.58255112171173	2.66011761719634
763	mut_M3	mut	4.50035619735718	3.39280772209167	1.32644009504396
764	ctrl_M1	ctrl	5.05021619796753	3.82037454843521	1.32191651209593
764	ctrl_M2	ctrl	9.8779878616333	3.91073116660118	2.52586727157169
764	ctrl_M3	ctrl	9.20701217651367	3.053456813097	3.01527506039143
764	mut_M1	mut	5.97343015670776	3.64037927985191	1.64088126469909
764	mut_M2	mut	5.06303405761719	1.55968844890594	3.24618295478734
764	mut_M3	mut	7.82178735733032	1.38986754417419	5.62772142576919
765	ctrl_M1	ctrl	2.80317878723145	0.761574268341064	3.68076877562789
765	ctrl_M2	ctrl	5.31987333297729	1.53170199692249	3.47317777457105
765	ctrl_M3	ctrl	4.24488973617554	0.740904480218887	5.7293346841707
765	mut_M1	mut	5.16010856628418	0.93778395652771	5.50244918391468
765	mut_M2	mut	0.692562341690063	0.649732008576393	1.06591999862761
765	mut_M3	mut	2.17648148536682	0.421800255775452	5.15998142619782
766	ctrl_M1	ctrl	2.53537440299988	0.690356120467186	3.67256018717428
766	ctrl_M2	ctrl	1.75386810302734	0.728717148303986	2.40678856962443
766	ctrl_M3	ctrl	0.415613979101181	0.788720861077309	0.526946857388172
766	mut_M1	mut	0.914865672588348	0.972896173596382	0.940352832519096
766	mut_M2	mut	0	0.332871809601784	0
766	mut_M3	mut	1.32279562950134	0.39502364397049	3.34864925098044
767	ctrl_M1	ctrl	1.76205146312714	0.206111133098602	8.54903583633292
767	ctrl_M2	ctrl	3.57424116134644	0.551470384001732	6.48129303954645
767	ctrl_M3	ctrl	3.19644021987915	0.582270696759224	5.48961202696573
767	mut_M1	mut	1.70264685153961	0.407419949769974	4.17909543335056
767	mut_M2	mut	0.892297923564911	0.743134155869484	1.20072252973072
767	mut_M3	mut	2.38497424125671	0.913237929344177	2.61155846096913
768	ctrl_M1	ctrl	12.963809967041	3.31695288419724	3.9083491444222
768	ctrl_M2	ctrl	11.8058891296387	4.22831177711487	2.79210468668284
768	ctrl_M3	ctrl	10.8724594116211	3.91048100590706	2.78033812085968
768	mut_M1	mut	7.70479440689087	2.89414408802986	2.66220138753899
768	mut_M2	mut	8.0222282409668	3.47728505730629	2.30703784957489
768	mut_M3	mut	6.83338308334351	2.01584604382515	3.38983381408279
769	ctrl_M1	ctrl	11.4170742034912	6.84561747312546	1.6677931900683
769	ctrl_M2	ctrl	16.0122375488281	11.7933843135834	1.35773049729123
769	ctrl_M3	ctrl	17.547290802002	12.6222417354584	1.39018814326049
769	mut_M1	mut	14.3770589828491	6.91884052753448	2.07795784938728
769	mut_M2	mut	6.722252368927	8.2662239074707	0.81321924547092
769	mut_M3	mut	7.52615547180176	9.3453061580658	0.805340707356713
770	ctrl_M1	ctrl	3.44463276863098	1.24285553395748	2.77154719475934
770	ctrl_M2	ctrl	5.18480062484741	1.80881850421429	2.86640180469603
770	ctrl_M3	ctrl	4.20414304733276	1.19756945967674	3.51056301023874
770	mut_M1	mut	1.37778902053833	1.97865223884583	0.696327021741836
770	mut_M2	mut	3.47839784622192	1.29757772386074	2.68068554373182
770	mut_M3	mut	2.01984477043152	0.832870334386826	2.42516114098189
771	ctrl_M1	ctrl	2.99523901939392	0.616321429610252	4.85986512149682
771	ctrl_M2	ctrl	6.61430931091309	1.62313121557236	4.07503056281295
771	ctrl_M3	ctrl	2.50242257118225	1.79902616143227	1.39098731570973
771	mut_M1	mut	3.99552607536316	1.24531994760036	3.20843336932186
771	mut_M2	mut	3.18053650856018	1.08801180124283	2.92325552436754
771	mut_M3	mut	2.42821288108826	0.391563311219215	6.20132890777612
772	ctrl_M1	ctrl	15.2216329574585	0.85410737991333	17.8216853236921
772	ctrl_M2	ctrl	11.8897638320923	1.83530449867249	6.4783603160633
772	ctrl_M3	ctrl	6.64170217514038	4.78691637516022	1.38746985629514
772	mut_M1	mut	8.56783580780029	6.29154121875763	1.36180238035413
772	mut_M2	mut	3.93400931358337	1.84100687503815	2.13687920828751
772	mut_M3	mut	11.227313041687	1.88899737596512	5.94353024760069
773	ctrl_M1	ctrl	1.90627670288086	0.363652989268303	5.24202126515289
773	ctrl_M2	ctrl	1.23924875259399	0.320770993828773	3.86334418147391
773	ctrl_M3	ctrl	0.607457518577576	0.413813605904579	1.4679496031787
773	mut_M1	mut	2.03342437744141	0.689461350440979	2.94929422242571
773	mut_M2	mut	1.15296244621277	0.295973263680935	3.89549526154391
773	mut_M3	mut	1.30022704601288	0.293980970978737	4.42282723838925
774	ctrl_M1	ctrl	8.4351053237915	7.51234066486359	1.12283317545007
774	ctrl_M2	ctrl	13.4566240310669	8.30968713760376	1.61938997320028
774	ctrl_M3	ctrl	12.9793767929077	9.28273499011993	1.39822765668979
774	mut_M1	mut	8.74891376495361	11.6348525285721	0.751957426488099
774	mut_M2	mut	9.29163646697998	9.46682393550873	0.981494588922094
774	mut_M3	mut	7.18310689926147	6.71210396289825	1.07017217536658
775	ctrl_M1	ctrl	4.79056215286255	3.25307130813599	1.47262746466125
775	ctrl_M2	ctrl	9.62933731079102	5.05850157141685	1.90359480467531
775	ctrl_M3	ctrl	12.5659065246582	3.48385500907898	3.60689709873438
775	mut_M1	mut	9.83490943908691	3.63395553827286	2.70639234176245
775	mut_M2	mut	8.90999603271484	4.59065318107605	1.94089940608982
775	mut_M3	mut	6.16917276382446	1.41614079475403	4.35632727104369
776	ctrl_M1	ctrl	3.88417625427246	2.38793900609016	1.62658101583261
776	ctrl_M2	ctrl	6.63151025772095	2.26136785745621	2.9325216752575
776	ctrl_M3	ctrl	5.75235414505005	2.46446889638901	2.33411513266754
776	mut_M1	mut	2.96021866798401	1.3174207508564	2.24698044725627
776	mut_M2	mut	2.14583206176758	1.52685451507568	1.4053939262584
776	mut_M3	mut	4.83267831802368	2.08648344874382	2.31618339504836
777	ctrl_M1	ctrl	6.31807899475098	0.850303709506989	7.43037919758605
777	ctrl_M2	ctrl	3.90093231201172	1.63570594787598	2.38486160490962
777	ctrl_M3	ctrl	4.02390909194946	1.99239698052406	2.01963219744042
777	mut_M1	mut	2.60217428207397	1.49227339029312	1.74376511636574
777	mut_M2	mut	0.953656613826752	1.49781909584999	0.636696792335636
777	mut_M3	mut	3.50811243057251	0.767817050218582	4.56894312202864
778	ctrl_M1	ctrl	1.40335154533386	0.337049514055252	4.16363616267909
778	ctrl_M2	ctrl	0.490909993648529	0.975082412362099	0.50345487460831
778	ctrl_M3	ctrl	0.928974986076355	0.718896389007568	1.29222374779041
778	mut_M1	mut	0.46800097823143	0.35084456205368	1.33392684068401
778	mut_M2	mut	0	0.61205966770649	0
778	mut_M3	mut	0	0	NA
779	ctrl_M1	ctrl	4.89903354644775	0.255566835403442	19.1692851645404
779	ctrl_M2	ctrl	1.4013854265213	0.233292683959007	6.0069840285585
779	ctrl_M3	ctrl	3.91224527359009	0.855101317167282	4.57518330874555
779	mut_M1	mut	1.33976864814758	0.902310997247696	1.48481915019794
779	mut_M2	mut	4.59778833389282	0.971075087785721	4.73474028087453
779	mut_M3	mut	2.02662873268127	0	NA
780	ctrl_M1	ctrl	5.50830030441284	0.659934237599373	8.3467412214439
780	ctrl_M2	ctrl	1.54137921333313	1.53463600575924	1.00439401105447
780	ctrl_M3	ctrl	3.13696122169495	0.58805525302887	5.33446679633851
780	mut_M1	mut	1.648930311203	0.196723476052284	8.38197018623623
780	mut_M2	mut	3.04859590530396	0.238401189446449	12.7876707007317
780	mut_M3	mut	0.778412222862244	0.490685641765594	1.5863766057253
781	ctrl_M1	ctrl	10.4821071624756	1.79387335479259	5.84328159759501
781	ctrl_M2	ctrl	6.82080507278442	4.38996070623398	1.55372804660837
781	ctrl_M3	ctrl	6.34883308410645	3.2525834441185	1.9519354977923
781	mut_M1	mut	10.2920932769775	2.01849122345448	5.09890415047904
781	mut_M2	mut	7.46642017364502	3.16186815500259	2.36139516501721
781	mut_M3	mut	4.22616863250732	1.43406522274017	2.94698495263143
782	ctrl_M1	ctrl	2.68367481231689	0.179057598114014	14.9877739933051
782	ctrl_M2	ctrl	1.17039680480957	0	NA
782	ctrl_M3	ctrl	1.20767152309418	0.18380843102932	6.57027273630086
782	mut_M1	mut	0	0.182451844215393	0
782	mut_M2	mut	0	0.177736639976501	0
782	mut_M3	mut	3.43093872070312	0	NA
783	ctrl_M1	ctrl	3.23172521591187	1.04983401298523	3.07832016865445
783	ctrl_M2	ctrl	2.789306640625	1.39998096227646	1.99238897941113
783	ctrl_M3	ctrl	2.39390850067139	0.947422802448273	2.52675837491476
783	mut_M1	mut	0.824161410331726	0.500972628593445	1.64512263403628
783	mut_M2	mut	0	0.416398704051971	0
783	mut_M3	mut	2.40630102157593	0	NA
784	ctrl_M1	ctrl	4.70371437072754	0.962532252073288	4.88681221911865
784	ctrl_M2	ctrl	5.97378540039062	0.387447655200958	15.4183031441813
784	ctrl_M3	ctrl	0.588297128677368	1.18598821759224	0.496039606423505
784	mut_M1	mut	2.66635489463806	0.36705818772316	7.26412046868455
784	mut_M2	mut	2.67330527305603	0.442895025014877	6.03597945803575
784	mut_M3	mut	1.27504169940948	0	NA
785	ctrl_M1	ctrl	8.59793090820312	0.163047507405281	52.732673102641
785	ctrl_M2	ctrl	3.21497130393982	0.804594099521637	3.99576793547361
785	ctrl_M3	ctrl	5.03808832168579	1.40588456392288	3.58357183155057
785	mut_M1	mut	1.97653901576996	1.00008846819401	1.9763641704011
785	mut_M2	mut	4.95901489257812	1.24462077021599	3.98435813642862
785	mut_M3	mut	1.89766252040863	0.618244469165802	3.06943711598286
786	ctrl_M1	ctrl	2.65242838859558	1.95341683924198	1.35784044414445
786	ctrl_M2	ctrl	2.09885811805725	3.1513215303421	0.666024744809014
786	ctrl_M3	ctrl	3.18176889419556	2.7023774087429	1.17739620080515
786	mut_M1	mut	1.26510858535767	1.77719277143478	0.711857827519917
786	mut_M2	mut	2.14270281791687	1.7398449331522	1.23154815529151
786	mut_M3	mut	0.802991569042206	1.94070771336555	0.413762239162571
787	ctrl_M1	ctrl	4.8713207244873	3.44818732142448	1.41271928419333
787	ctrl_M2	ctrl	9.37069988250732	2.06668710708618	4.5341647752954
787	ctrl_M3	ctrl	3.75591230392456	1.30905294418335	2.86918288569885
787	mut_M1	mut	1.85690629482269	1.24672386050224	1.48942869680431
787	mut_M2	mut	2.60972118377686	0.615124404430389	4.24259087264385
787	mut_M3	mut	6.65509605407715	0.713029503822327	9.33354933898426
788	ctrl_M1	ctrl	3.01497077941895	0.791454210877419	3.80940645457746
788	ctrl_M2	ctrl	0.732644379138947	0.427550315856934	1.71358633584568
788	ctrl_M3	ctrl	2.91596269607544	1.67479312419891	1.74108828961798
788	mut_M1	mut	0	0.700564250349998	0
788	mut_M2	mut	2.12877702713013	0.349498093128204	6.09095462603637
788	mut_M3	mut	1.41614747047424	0.371348306536674	3.81352882333498
789	ctrl_M1	ctrl	1.77119112014771	0.859937757253647	2.0596736277801
789	ctrl_M2	ctrl	0	0.579177051782608	0
789	ctrl_M3	ctrl	3.32667994499207	1.17272639274597	2.83670595764674
789	mut_M1	mut	1.1774160861969	0	NA
789	mut_M2	mut	0.590146601200104	0.25781974196434	2.28898918563703
789	mut_M3	mut	2.64746069908142	0	NA
790	ctrl_M1	ctrl	1.94395184516907	0.353697031736374	5.49609318355259
790	ctrl_M2	ctrl	0	1.12995427846909	0
790	ctrl_M3	ctrl	1.48989653587341	0.246390968561172	6.04687965867349
790	mut_M1	mut	0	1.08030146360397	0
790	mut_M2	mut	0	1.31307330727577	0
790	mut_M3	mut	0	0.280818432569504	0
791	ctrl_M1	ctrl	3.43289375305176	0.986956566572189	3.4782622349579
791	ctrl_M2	ctrl	2.40800046920776	1.11045906692743	2.16847296845488
791	ctrl_M3	ctrl	2.48420476913452	1.73831976950169	1.42908388474846
791	mut_M1	mut	1.16202139854431	1.2732016518712	0.912676634401555
791	mut_M2	mut	1.51080346107483	0.884092316031456	1.70887523132943
791	mut_M3	mut	2.01538586616516	0.935650318861008	2.15399474091832
792	ctrl_M1	ctrl	5.74050521850586	0.442070960998535	12.9854836100055
792	ctrl_M2	ctrl	12.2790174484253	1.93283873796463	6.35284113839506
792	ctrl_M3	ctrl	7.72573137283325	1.72982738912106	4.46618629200846
792	mut_M1	mut	7.07381772994995	1.29105956852436	5.47907927907238
792	mut_M2	mut	5.84805202484131	2.27503383159637	2.57053409211843
792	mut_M3	mut	5.72436237335205	1.04641535878181	5.47044949723987
793	ctrl_M1	ctrl	4.5676703453064	1.06566552817822	4.28621384902537
793	ctrl_M2	ctrl	2.05695176124573	1.5448160469532	1.3315188985139
793	ctrl_M3	ctrl	1.70200574398041	2.18793085217476	0.777906551429013
793	mut_M1	mut	2.76115274429321	0.225966945290565	12.219277207747
793	mut_M2	mut	1.68574893474579	1.17734652757645	1.43182053478841
793	mut_M3	mut	2.7745578289032	0.625872284173965	4.43310544189554
794	ctrl_M1	ctrl	15.1023283004761	1.9012862443924	7.94321651724904
794	ctrl_M2	ctrl	12.1010761260986	1.51733063161373	7.97524011838391
794	ctrl_M3	ctrl	5.73264455795288	2.02549231052399	2.83024750484976
794	mut_M1	mut	3.55931615829468	0.293616831302643	12.1223164983548
794	mut_M2	mut	7.91249561309814	1.51300697028637	5.22964914801452
794	mut_M3	mut	5.67589712142944	1.48306825757027	3.82713141654609
795	ctrl_M1	ctrl	4.59078550338745	4.37095874547958	1.05029257211252
795	ctrl_M2	ctrl	11.6036739349365	3.24196615815163	3.57920884083264
795	ctrl_M3	ctrl	6.9944281578064	6.06074070930481	1.15405500635725
795	mut_M1	mut	5.17165899276733	2.36486750841141	2.18687050093617
795	mut_M2	mut	4.26351594924927	3.17902266979218	1.34114046740283
795	mut_M3	mut	6.11621952056885	3.2894227206707	1.85935954115431
796	ctrl_M1	ctrl	4.17184257507324	2.48868271708488	1.67632561050608
796	ctrl_M2	ctrl	7.18336057662964	5.14484828710556	1.39622398480304
796	ctrl_M3	ctrl	6.03690528869629	4.79115173220634	1.26001129292482
796	mut_M1	mut	2.85004258155823	2.89408920705318	0.984780487972654
796	mut_M2	mut	5.0978684425354	1.66740959882736	3.05735821967234
796	mut_M3	mut	2.85198926925659	4.19645315408707	0.679618993596758
797	ctrl_M1	ctrl	10.0827894210815	1.15234959125519	8.74976612791518
797	ctrl_M2	ctrl	2.85898494720459	4.65945911407471	0.613587302133101
797	ctrl_M3	ctrl	5.34046363830566	2.49711103737354	2.13865685521248
797	mut_M1	mut	4.37728643417358	1.31227546930313	3.33564601074048
797	mut_M2	mut	7.1041522026062	2.42799234390259	2.92593682201958
797	mut_M3	mut	4.01464462280273	0.696229681372643	5.76626468278071
798	ctrl_M1	ctrl	0.593179225921631	1.1486798748374	0.51640081707325
798	ctrl_M2	ctrl	2.87713050842285	1.25326502323151	2.29570797484179
798	ctrl_M3	ctrl	1.12933945655823	0.27033320069313	4.17758327006308
798	mut_M1	mut	0	0.477810278534889	0
798	mut_M2	mut	1.23655438423157	0.649728737771511	1.90318561015601
798	mut_M3	mut	0	0.200116708874702	0
799	ctrl_M1	ctrl	0.874117970466614	0.585178330540657	1.49376339629494
799	ctrl_M2	ctrl	2.53748178482056	0.941957280039787	2.69383956002057
799	ctrl_M3	ctrl	0.862285792827606	0.633121088147163	1.36196030896885
799	mut_M1	mut	0.867703557014465	0.403406038880348	2.15094340040812
799	mut_M2	mut	0	0.187308773398399	0
799	mut_M3	mut	0	0.200487539172173	0
800	ctrl_M1	ctrl	1.52320492267609	0	NA
800	ctrl_M2	ctrl	3.73766112327576	0.864676237106323	4.32261343943486
800	ctrl_M3	ctrl	3.43983960151672	0.226506605744362	15.1864869027218
800	mut_M1	mut	0.433078169822693	0.483659759163857	0.895419066021518
800	mut_M2	mut	1.28688931465149	0.701346442103386	1.83488392810837
800	mut_M3	mut	0.441139489412308	0.357912659645081	1.2325339088306
801	ctrl_M1	ctrl	6.23693513870239	1.99888476729393	3.12020744804909
801	ctrl_M2	ctrl	5.55959987640381	1.61250434815884	3.44780457972208
801	ctrl_M3	ctrl	5.83752012252808	2.19726075232029	2.65672616068152
801	mut_M1	mut	6.57158041000366	1.85155013203621	3.54923169310932
801	mut_M2	mut	2.70446634292603	1.26017317175865	2.14610690303125
801	mut_M3	mut	2.69699120521545	0.628449261188507	4.29150191077474
802	ctrl_M1	ctrl	10.3461036682129	0.175909399986267	58.8149562730621
802	ctrl_M2	ctrl	2.95281386375427	0.999844416975975	2.95327334295174
802	ctrl_M3	ctrl	1.97567296028137	1.37769262492657	1.43404481125583
802	mut_M1	mut	3.80897164344788	1.14556317031384	3.32497739291355
802	mut_M2	mut	3.74036622047424	1.50068989396095	2.49243113818928
802	mut_M3	mut	0	0.19470551609993	0
803	ctrl_M1	ctrl	4.61208915710449	3.23741865158081	1.42461931973254
803	ctrl_M2	ctrl	12.8795871734619	3.61071419715881	3.56704698023359
803	ctrl_M3	ctrl	8.29514694213867	5.41185331344604	1.53277379516716
803	mut_M1	mut	9.11213111877441	2.75035482645035	3.31307474626271
803	mut_M2	mut	3.26567101478577	4.17431485652924	0.78232503465276
803	mut_M3	mut	5.76434230804443	3.42932730913162	1.68089592751766
804	ctrl_M1	ctrl	4.85984659194946	2.47089171409607	1.96683916345859
804	ctrl_M2	ctrl	6.86152648925781	1.75487625598907	3.90997739347186
804	ctrl_M3	ctrl	6.74754905700684	1.04973563551903	6.4278555749616
804	mut_M1	mut	4.43114233016968	0.882398784160614	5.02170040316275
804	mut_M2	mut	2.43444442749023	3.02216053009033	0.805531143449044
804	mut_M3	mut	3.06944370269775	0.976380705833435	3.14369557321157
805	ctrl_M1	ctrl	3.42063975334167	0.528213992714882	6.47585978508536
805	ctrl_M2	ctrl	3.92076516151428	0.288757234811783	13.5780672787988
805	ctrl_M3	ctrl	3.77654099464417	0.918133854866028	4.11327931611369
805	mut_M1	mut	4.81675481796265	0.206626415252686	23.3114183976535
805	mut_M2	mut	2.31074738502502	0.696867942810059	3.31590426689329
805	mut_M3	mut	2.56100249290466	0.485167056322098	5.27859931859108
806	ctrl_M1	ctrl	3.30553841590881	2.29798999428749	1.43844769739031
806	ctrl_M2	ctrl	7.06817579269409	2.25636959075928	3.13254345460117
806	ctrl_M3	ctrl	3.37671041488647	2.52191758155823	1.33894558631852
806	mut_M1	mut	9.09319496154785	1.56442975997925	5.81246611012339
806	mut_M2	mut	3.1818573474884	1.0553657412529	3.01493332890548
806	mut_M3	mut	1.82846426963806	1.45753026008606	1.25449489434964
807	ctrl_M1	ctrl	1.23925244808197	0.485685214400291	2.55155481645073
807	ctrl_M2	ctrl	2.52449202537537	0.906448885798454	2.78503516847687
807	ctrl_M3	ctrl	0.645397901535034	1.12255519628525	0.574936451829523
807	mut_M1	mut	0	0.263003915548325	0
807	mut_M2	mut	1.11529994010925	0.428648948669434	2.60189589539703
807	mut_M3	mut	0	0.345886051654816	0
808	ctrl_M1	ctrl	1.31085276603699	0.945995360612869	1.38568625240164
808	ctrl_M2	ctrl	3.54986143112183	1.01325383037329	3.50342759603883
808	ctrl_M3	ctrl	0.52961277961731	0.54052796959877	0.979806428907716
808	mut_M1	mut	0	0.882216565310955	0
808	mut_M2	mut	0.61245858669281	0.294426970183849	2.08017148126876
808	mut_M3	mut	1.71738958358765	1.29728518426418	1.32383349815387
809	ctrl_M1	ctrl	0	0.206855580210686	0
809	ctrl_M2	ctrl	2.71183371543884	0.416717082262039	6.50761351254997
809	ctrl_M3	ctrl	0.973989725112915	0.23075994849205	4.22079191591807
809	mut_M1	mut	0	0.188015356659889	0
809	mut_M2	mut	0.969810426235199	0	NA
809	mut_M3	mut	0.984056353569031	0.380779057741165	2.58432372674745
810	ctrl_M1	ctrl	0.907233059406281	0.233491748571396	3.88550372746415
810	ctrl_M2	ctrl	3.21382808685303	0.228285476565361	14.0781101592894
810	ctrl_M3	ctrl	0	0.408570766448975	0
810	mut_M1	mut	0.978301286697388	0	NA
810	mut_M2	mut	1.72744011878967	0.248790636658669	6.94334860021142
810	mut_M3	mut	0	0.479653522372246	0
811	ctrl_M1	ctrl	8.60390186309814	2.95003026723862	2.91654697873722
811	ctrl_M2	ctrl	9.68284893035889	5.21742230653763	1.85586835058874
811	ctrl_M3	ctrl	6.05300998687744	5.51318287849426	1.09791569049685
811	mut_M1	mut	11.6163816452026	3.43725872039795	3.37954823600178
811	mut_M2	mut	8.82989120483398	4.70610284805298	1.87626396828261
811	mut_M3	mut	6.18068695068359	2.67762064933777	2.30827580158235
812	ctrl_M1	ctrl	3.56665563583374	2.45722806453705	1.4514955641717
812	ctrl_M2	ctrl	7.76863813400269	2.84582859277725	2.72983346703297
812	ctrl_M3	ctrl	3.51329326629639	0.840796887874603	4.17852791436635
812	mut_M1	mut	2.41787052154541	1.61115962266922	1.5007020331975
812	mut_M2	mut	1.73469388484955	1.84320092201233	0.941131194181306
812	mut_M3	mut	3.13529133796692	0.309309720993042	10.13641384403
813	ctrl_M1	ctrl	3.57564878463745	0.54259617626667	6.58988938926861
813	ctrl_M2	ctrl	7.15854454040527	0.360451608896255	19.8599322730881
813	ctrl_M3	ctrl	0.883122622966766	0.596141129732132	1.48139857983559
813	mut_M1	mut	3.48334383964539	0.911942377686501	3.81969730201842
813	mut_M2	mut	1.73963618278503	0.494532853364944	3.51773632620775
813	mut_M3	mut	1.72806000709534	0.41673831641674	4.14663096485534
814	ctrl_M1	ctrl	4.19272470474243	2.03154253959656	2.06381339451305
814	ctrl_M2	ctrl	9.48277282714844	5.24820852279663	1.80685900454567
814	ctrl_M3	ctrl	5.10517454147339	1.15319161117077	4.4269959059886
814	mut_M1	mut	5.00809001922607	3.20888245105743	1.56069600417296
814	mut_M2	mut	2.03307509422302	1.68190860748291	1.20879046886243
814	mut_M3	mut	2.47033739089966	2.1851989030838	1.13048628544224
815	ctrl_M1	ctrl	2.20466494560242	1.32112319767475	1.6687807386039
815	ctrl_M2	ctrl	10.9104719161987	2.460842192173	4.43363331094564
815	ctrl_M3	ctrl	4.30412626266479	2.65580998361111	1.62064541108942
815	mut_M1	mut	1.06687128543854	2.31606364250183	0.460639883058695
815	mut_M2	mut	2.10062074661255	3.93198812007904	0.534238833501441
815	mut_M3	mut	1.15118193626404	1.28331354260445	0.897038718946072
816	ctrl_M1	ctrl	2.35508131980896	0	NA
816	ctrl_M2	ctrl	4.18463325500488	0.841027528047562	4.97561984055323
816	ctrl_M3	ctrl	1.91202008724213	1.45812371373177	1.3112879718201
816	mut_M1	mut	1.01014852523804	0.188348084688187	5.3632004111449
816	mut_M2	mut	1.836465716362	0.336712539196014	5.45410551310926
816	mut_M3	mut	0.84568065404892	0.690202862024307	1.22526390512002
817	ctrl_M1	ctrl	1.31414639949799	0	NA
817	ctrl_M2	ctrl	0.621107041835785	0.70462229847908	0.881475143742169
817	ctrl_M3	ctrl	0.63343334197998	0.176901370286942	3.5807147279443
817	mut_M1	mut	0	0.135447099804878	0
817	mut_M2	mut	0.642190098762512	0	NA
817	mut_M3	mut	0.607966601848602	0.703438326716423	0.864278471556316
818	ctrl_M1	ctrl	0	0	NA
818	ctrl_M2	ctrl	0.616922855377197	0.78242152929306	0.788478885460379
818	ctrl_M3	ctrl	1.51510322093964	0	NA
818	mut_M1	mut	0.681438624858856	0	NA
818	mut_M2	mut	1.36889040470123	0	NA
818	mut_M3	mut	0.658884644508362	0.750582337379456	0.877831267398001
819	ctrl_M1	ctrl	1.22215282917023	0	NA
819	ctrl_M2	ctrl	1.73007822036743	0	NA
819	ctrl_M3	ctrl	1.70966589450836	0	NA
819	mut_M1	mut	0	0	NA
819	mut_M2	mut	0.52230304479599	0	NA
819	mut_M3	mut	0.516690611839294	0	NA
820	ctrl_M1	ctrl	8.62148094177246	1.40752413868904	6.12528105543003
820	ctrl_M2	ctrl	9.72744083404541	1.49627590179443	6.50110104852963
820	ctrl_M3	ctrl	10.8209037780762	2.94929510354996	3.66897967078691
820	mut_M1	mut	6.33304500579834	2.63715329766273	2.40147018052049
820	mut_M2	mut	8.40511703491211	0.961154103279114	8.74481730477648
820	mut_M3	mut	7.1828408241272	0.221950441598892	32.3623632932796
821	ctrl_M1	ctrl	2.39199495315552	0.819698423147202	2.91814023988425
821	ctrl_M2	ctrl	3.83440804481506	1.53655685484409	2.49545471274092
821	ctrl_M3	ctrl	1.76739168167114	0.960200384259224	1.84064879648497
821	mut_M1	mut	0.478902012109756	0.72716897726059	0.658584217816729
821	mut_M2	mut	1.64415895938873	0.623864442110062	2.6354426513359
821	mut_M3	mut	1.1553601026535	0.689779296517372	1.67497068770664
822	ctrl_M1	ctrl	0.923499226570129	0.83256733417511	1.10921866456016
822	ctrl_M2	ctrl	3.58349847793579	0.638685092329979	5.61074388766908
822	ctrl_M3	ctrl	4.0856294631958	2.09544238448143	1.94976941072369
822	mut_M1	mut	2.49739289283752	0.604792639613152	4.1293374443759
822	mut_M2	mut	3.66294384002686	0.499641314148903	7.33114683733945
822	mut_M3	mut	1.26436960697174	0.549017548561096	2.30296756503593
823	ctrl_M1	ctrl	0.667075991630554	0.415654942393303	1.60487924861327
823	ctrl_M2	ctrl	1.94074952602386	0.194743603467941	9.96566506659794
823	ctrl_M3	ctrl	0.601786315441132	0.900441691279411	0.668323469769676
823	mut_M1	mut	0	0.17396080493927	0
823	mut_M2	mut	0	0.184318393468857	0
823	mut_M3	mut	1.84880435466766	0.188886344432831	9.78791960964182
824	ctrl_M1	ctrl	0	0.253568075597286	0
824	ctrl_M2	ctrl	1.72007369995117	0.508400455117226	3.38330479966734
824	ctrl_M3	ctrl	1.07106173038483	0.314539037644863	3.40517901499442
824	mut_M1	mut	0.8342524766922	0.127420485019684	6.54723984580128
824	mut_M2	mut	2.38499569892883	0.251095086336136	9.49837662588143
824	mut_M3	mut	0	0.101859092712402	0
825	ctrl_M1	ctrl	1.80025708675385	0.263905823230743	6.82158909839518
825	ctrl_M2	ctrl	1.22838389873505	1.05092260241508	1.16886238426326
825	ctrl_M3	ctrl	1.06753551959991	1.04611912369728	1.02047223439233
825	mut_M1	mut	1.12388849258423	0.232601463794708	4.83182037743392
825	mut_M2	mut	2.27479100227356	0	NA
825	mut_M3	mut	1.02817070484161	0.526847720146179	1.95155196753312
826	ctrl_M1	ctrl	4.67245149612427	2.75510412454605	1.69592555667715
826	ctrl_M2	ctrl	6.34114265441895	3.22277569770813	1.96760285207824
826	ctrl_M3	ctrl	10.2036809921265	3.205242395401	3.18343505214054
826	mut_M1	mut	11.4248962402344	2.79156225919724	4.09265320971914
826	mut_M2	mut	7.92206430435181	2.64515244960785	2.99493675894797
826	mut_M3	mut	7.234290599823	1.25063169002533	5.78450926641438
827	ctrl_M1	ctrl	2.61803889274597	5.06299376487732	0.517093050935134
827	ctrl_M2	ctrl	8.71341609954834	5.78501278162003	1.50620515951708
827	ctrl_M3	ctrl	3.76169681549072	7.44985276460648	0.504935726161217
827	mut_M1	mut	4.13266086578369	4.19653463363647	0.984779401713782
827	mut_M2	mut	1.42376935482025	1.63690601289272	0.869792977486949
827	mut_M3	mut	2.85923171043396	3.35941678285599	0.851109551224901
828	ctrl_M1	ctrl	2.9576141834259	0.16129507124424	18.3366680742982
828	ctrl_M2	ctrl	5.24548864364624	1.82317557930946	2.87711655595617
828	ctrl_M3	ctrl	1.81344449520111	1.69796732068062	1.06800906773294
828	mut_M1	mut	1.00606310367584	1.8147244900465	0.554388894399096
828	mut_M2	mut	1.81058537960052	1.15732023119926	1.56446360375496
828	mut_M3	mut	2.02880477905273	1.18487221002579	1.71225619259699
829	ctrl_M1	ctrl	2.41846036911011	0.495381727814674	4.88201367413953
829	ctrl_M2	ctrl	3.67841482162476	1.9067342877388	1.92917012363951
829	ctrl_M3	ctrl	2.02991795539856	2.04152815043926	0.994312988024091
829	mut_M1	mut	4.19070148468018	0.646166294813156	6.48548449264434
829	mut_M2	mut	2.2737090587616	0.688458099961281	3.30261065835302
829	mut_M3	mut	2.07888627052307	1.05506470799446	1.97038746038123
830	ctrl_M1	ctrl	19.6904335021973	10.1573784351349	1.93853498990321
830	ctrl_M2	ctrl	36.3323364257812	16.7277233600616	2.17198333830213
830	ctrl_M3	ctrl	15.3478364944458	16.9431431293488	0.905843524856992
830	mut_M1	mut	21.4448394775391	13.9087443351746	1.54182426254727
830	mut_M2	mut	16.4206275939941	11.3491811752319	1.44685571059787
830	mut_M3	mut	16.0495624542236	10.1094290018082	1.58758347789504
831	ctrl_M1	ctrl	5.82708692550659	4.33096617460251	1.34544734144487
831	ctrl_M2	ctrl	7.43065118789673	8.39806360006332	0.884805300574373
831	ctrl_M3	ctrl	12.0006217956543	6.7361159324646	1.78153433164912
831	mut_M1	mut	11.6941471099854	7.7021746635437	1.51829160215447
831	mut_M2	mut	8.00301265716553	6.54033052921295	1.22364039881767
831	mut_M3	mut	4.23874807357788	3.57852017879486	1.18449746314002
832	ctrl_M1	ctrl	1.12065005302429	2.4103022813797	0.464941705312917
832	ctrl_M2	ctrl	6.56171607971191	4.63544151186943	1.41555363451574
832	ctrl_M3	ctrl	3.05737709999084	2.52968740463257	1.20859877564
832	mut_M1	mut	1.96483290195465	2.27365511655807	0.864173676845533
832	mut_M2	mut	3.03012371063232	3.6791445761919	0.823594628555927
832	mut_M3	mut	5.85992574691772	2.3165080845356	2.52963751175187
833	ctrl_M1	ctrl	5.03407096862793	3.11528339982033	1.61592713167549
833	ctrl_M2	ctrl	9.52254772186279	8.12945538759232	1.17136354993678
833	ctrl_M3	ctrl	9.12254428863525	6.11556005477905	1.49169400789489
833	mut_M1	mut	4.28440046310425	4.53836070001125	0.944041416340844
833	mut_M2	mut	3.93611478805542	2.09378880262375	1.87990058172201
833	mut_M3	mut	4.27047634124756	2.68224862217903	1.59212546739171
834	ctrl_M1	ctrl	3.58198523521423	2.5249043405056	1.41866175987363
834	ctrl_M2	ctrl	4.5550365447998	1.9377204477787	2.35071914012233
834	ctrl_M3	ctrl	9.48564338684082	1.75707991421223	5.39852701639563
834	mut_M1	mut	3.24233055114746	0.729892238974571	4.44220444884114
834	mut_M2	mut	6.01355600357056	1.11751247942448	5.38119807545018
834	mut_M3	mut	1.22642028331757	0.670013770461082	1.83044041389415
835	ctrl_M1	ctrl	7.0237603187561	1.22926169633865	5.71380393587169
835	ctrl_M2	ctrl	11.3736095428467	2.15235447883606	5.28426411851883
835	ctrl_M3	ctrl	5.96365737915039	2.55232524871826	2.33655854877635
835	mut_M1	mut	2.80748891830444	0.768598794937134	3.65273656008539
835	mut_M2	mut	3.09057021141052	0.773831605911255	3.99385368573968
835	mut_M3	mut	2.27735567092896	1.30765749514103	1.74155364030039
836	ctrl_M1	ctrl	0.839401245117188	0.238009303808212	3.52675812115974
836	ctrl_M2	ctrl	2.93766260147095	0.223274976015091	13.1571511232517
836	ctrl_M3	ctrl	0	0	NA
836	mut_M1	mut	0	0	NA
836	mut_M2	mut	0	0	NA
836	mut_M3	mut	0	0.268812447786331	0
837	ctrl_M1	ctrl	4.90016269683838	1.77450969815254	2.76141781695529
837	ctrl_M2	ctrl	7.69266510009766	3.09248606860638	2.48753427806527
837	ctrl_M3	ctrl	2.99597954750061	2.61243349313736	1.14681562434825
837	mut_M1	mut	0.534223139286041	3.22990316152573	0.165399119592702
837	mut_M2	mut	1.67181038856506	1.32725764811039	1.25959747976982
837	mut_M3	mut	1.68726408481598	1.23655819892883	1.36448416764983
838	ctrl_M1	ctrl	2.2425229549408	0.929391741752625	2.41289313665721
838	ctrl_M2	ctrl	6.80709505081177	1.54868364334106	4.39540708012285
838	ctrl_M3	ctrl	4.2206916809082	1.20826655626297	3.49317926498133
838	mut_M1	mut	6.23224830627441	1.17639777064323	5.29773896363874
838	mut_M2	mut	3.29417181015015	2.36526018381119	1.392731265971
838	mut_M3	mut	2.93177103996277	0.791102677583694	3.70592986604144
839	ctrl_M1	ctrl	4.7828254699707	0.763343393802643	6.26562764386387
839	ctrl_M2	ctrl	3.44695019721985	0.225357368588448	15.2954847618706
839	ctrl_M3	ctrl	1.89845633506775	0.488900363445282	3.88311500054801
839	mut_M1	mut	4.13078355789185	0.48669421672821	8.48743094927434
839	mut_M2	mut	3.7305314540863	0.235916823148727	15.8129098395602
839	mut_M3	mut	0.464130014181137	0.261315137147903	1.77613137626406
840	ctrl_M1	ctrl	2.33255934715271	0.444671139121056	5.24558295319837
840	ctrl_M2	ctrl	3.67904162406921	0.578903436660767	6.35519050515692
840	ctrl_M3	ctrl	1.21300387382507	0	NA
840	mut_M1	mut	0	0.330356895923615	0
840	mut_M2	mut	0	0.263651251792908	0
840	mut_M3	mut	1.22685110569	0	NA
841	ctrl_M1	ctrl	0.847013175487518	0.504412293434143	1.67920803381075
841	ctrl_M2	ctrl	2.6692578792572	1.46682810783386	1.81974824793822
841	ctrl_M3	ctrl	4.37346315383911	0.972064316272736	4.49914998485762
841	mut_M1	mut	1.85788524150848	0	NA
841	mut_M2	mut	0	0.266103565692902	0
841	mut_M3	mut	1.91494786739349	0.468064427375793	4.09120573022321
842	ctrl_M1	ctrl	3.60215067863464	1.47521933913231	2.44177295069447
842	ctrl_M2	ctrl	6.17786884307861	2.75125682353973	2.24547152058681
842	ctrl_M3	ctrl	7.73589611053467	1.18808187544346	6.51124831581763
842	mut_M1	mut	1.82816529273987	3.52107538282871	0.519206519024078
842	mut_M2	mut	4.45786809921265	1.55700087547302	2.86311213399821
842	mut_M3	mut	2.82626104354858	1.67155468463898	1.69079783600319
843	ctrl_M1	ctrl	7.61551427841187	0.57226487994194	13.3076736758413
843	ctrl_M2	ctrl	6.24230813980103	1.77102699875832	3.52468265259511
843	ctrl_M3	ctrl	0	2.1770848929882	0
843	mut_M1	mut	3.84198927879333	2.68051600456238	1.43330212252196
843	mut_M2	mut	0	1.12074601650238	0
843	mut_M3	mut	4.04970502853394	0.26662802696228	15.1885946675323
844	ctrl_M1	ctrl	7.88058376312256	7.37714833021164	1.06824255259301
844	ctrl_M2	ctrl	16.7368240356445	7.25468531250954	2.30703653083126
844	ctrl_M3	ctrl	14.8659381866455	7.27557587623596	2.04326618806929
844	mut_M1	mut	4.79977226257324	4.67093658447266	1.02758240788986
844	mut_M2	mut	12.574462890625	4.72337079048157	2.66217992370296
844	mut_M3	mut	9.54115295410156	2.03249001502991	4.69431725791832
845	ctrl_M1	ctrl	2.06353974342346	1.67432373762131	1.23246161841742
845	ctrl_M2	ctrl	9.56734085083008	2.79096302390099	3.42797119449387
845	ctrl_M3	ctrl	7.01972579956055	2.52296650409698	2.78233016100744
845	mut_M1	mut	3.07212543487549	3.58133220672607	0.857816381598376
845	mut_M2	mut	5.45172166824341	2.38862106204033	2.2823719320245
845	mut_M3	mut	1.0569304227829	2.05962905287743	0.513165427194913
846	ctrl_M1	ctrl	3.77999782562256	1.45601034164429	2.59613391300076
846	ctrl_M2	ctrl	6.82024955749512	3.03482586145401	2.24732813968689
846	ctrl_M3	ctrl	3.62356567382812	2.05521604418755	1.76310694151892
846	mut_M1	mut	0	0.597291052341461	0
846	mut_M2	mut	1.80108094215393	0.316043168306351	5.69884472366789
846	mut_M3	mut	2.61904120445251	0.351096779108047	7.45959906298805
847	ctrl_M1	ctrl	3.74975061416626	1.13885305821896	3.29256754161987
847	ctrl_M2	ctrl	6.16204643249512	2.34665495157242	2.62588516831847
847	ctrl_M3	ctrl	6.00570344924927	2.08350729942322	2.88249695641184
847	mut_M1	mut	6.15977907180786	1.54075643420219	3.99789281100579
847	mut_M2	mut	3.70845198631287	1.86395816504955	1.98955752111222
847	mut_M3	mut	1.30852556228638	0.839201182126999	1.55925133347626
848	ctrl_M1	ctrl	0	0.347737222909927	0
848	ctrl_M2	ctrl	3.7028796672821	0.704630851745605	5.25506321233145
848	ctrl_M3	ctrl	1.49844264984131	1.22418263554573	1.224035210378
848	mut_M1	mut	0.451185971498489	0.962081372737885	0.468968617711106
848	mut_M2	mut	2.1774525642395	1.28411334753036	1.69568564054507
848	mut_M3	mut	2.32244062423706	1.16672244668007	1.99056822027005
849	ctrl_M1	ctrl	4.42367458343506	1.25873678922653	3.51437617562073
849	ctrl_M2	ctrl	4.11523389816284	0	NA
849	ctrl_M3	ctrl	0	0.487987607717514	0
849	mut_M1	mut	0	0.884899228811264	0
849	mut_M2	mut	1.80612945556641	1.22455516457558	1.47492698394882
849	mut_M3	mut	2.75577569007874	0.863343626260757	3.19198011806067
850	ctrl_M1	ctrl	1.09261500835419	0.143970116972923	7.58917913888809
850	ctrl_M2	ctrl	2.60918521881104	0.150147348642349	17.3774977873643
850	ctrl_M3	ctrl	1.7426255941391	0.688179761171341	2.53222441644172
850	mut_M1	mut	1.03899490833282	0	NA
850	mut_M2	mut	1.7935186624527	0.149452641606331	12.0005818778162
850	mut_M3	mut	0.978661596775055	0	NA
851	ctrl_M1	ctrl	2.66259551048279	2.03617586195469	1.30764515984722
851	ctrl_M2	ctrl	6.19445037841797	4.31958690285683	1.43403767946448
851	ctrl_M3	ctrl	6.29702568054199	3.670824021101	1.71542564948491
851	mut_M1	mut	2.74548411369324	5.32590675354004	0.515496091227726
851	mut_M2	mut	6.35525608062744	4.33407825231552	1.46634548585552
851	mut_M3	mut	5.07776689529419	3.24684125185013	1.56390981308395
852	ctrl_M1	ctrl	6.61063766479492	2.53445512056351	2.60830724961708
852	ctrl_M2	ctrl	8.92432594299316	3.05615454912186	2.92011604765127
852	ctrl_M3	ctrl	5.95305395126343	4.92309838533401	1.20920881227921
852	mut_M1	mut	2.68033385276794	3.64791882038116	0.73475699014812
852	mut_M2	mut	4.78295755386353	4.33545088768005	1.10322032881404
852	mut_M3	mut	4.58411264419556	2.56363753974438	1.78812822527659
853	ctrl_M1	ctrl	4.42730808258057	2.03795278072357	2.17242917719058
853	ctrl_M2	ctrl	4.15492248535156	3.41873022913933	1.21534084495388
853	ctrl_M3	ctrl	7.50361013412476	3.1768613755703	2.36195705353298
853	mut_M1	mut	3.23851108551025	2.52393421530724	1.28312024373267
853	mut_M2	mut	4.0326828956604	3.96354377269745	1.0174437641989
853	mut_M3	mut	1.10951435565948	3.99300345778465	0.2778646117865
854	ctrl_M1	ctrl	1.85315847396851	1.90596121549606	0.972296004190298
854	ctrl_M2	ctrl	5.75490617752075	4.60584259033203	1.24947956093868
854	ctrl_M3	ctrl	8.75617694854736	2.67593705654144	3.27219092360282
854	mut_M1	mut	1.61104094982147	2.47000908851624	0.652240899562537
854	mut_M2	mut	5.57543134689331	1.67926952242851	3.32015276429854
854	mut_M3	mut	5.11654758453369	1.76743543148041	2.8948992949904
855	ctrl_M1	ctrl	2.05713224411011	1.22211833298206	1.68325127656873
855	ctrl_M2	ctrl	4.53123998641968	2.58817580342293	1.75074659937204
855	ctrl_M3	ctrl	6.48023557662964	2.17619696259499	2.97777990136625
855	mut_M1	mut	2.80620718002319	3.35239693522453	0.837074855467627
855	mut_M2	mut	2.37633609771729	1.46715657413006	1.61968813664371
855	mut_M3	mut	0.53928154706955	2.00016456842422	0.269618588181675
856	ctrl_M1	ctrl	0	1.53680455684662	0
856	ctrl_M2	ctrl	3.98231816291809	1.82417723536491	2.18307634023371
856	ctrl_M3	ctrl	4.39517307281494	1.16115692257881	3.7851671788286
856	mut_M1	mut	3.79854345321655	0.421561032533646	9.01066075862546
856	mut_M2	mut	4.19749593734741	0.976918667554855	4.29666877781483
856	mut_M3	mut	3.84330701828003	0.336208343505859	11.4313255233449
857	ctrl_M1	ctrl	1.3518009185791	0.602447845041752	2.2438472138371
857	ctrl_M2	ctrl	3.57027411460876	1.77805902063847	2.00796153174193
857	ctrl_M3	ctrl	3.11080431938171	1.46757142990828	2.11969533883345
857	mut_M1	mut	1.94072473049164	0.792165122926235	2.44989923732398
857	mut_M2	mut	1.33653163909912	0.680862247943878	1.9629985994014
857	mut_M3	mut	3.30729150772095	0.626454509794712	5.27938015611818
858	ctrl_M1	ctrl	4.02725315093994	1.43286719918251	2.810625543831
858	ctrl_M2	ctrl	2.39324378967285	2.3596038967371	1.01425658475233
858	ctrl_M3	ctrl	3.98039031028748	1.74901938438416	2.27578398834556
858	mut_M1	mut	1.8840479850769	1.03801815956831	1.81504337637064
858	mut_M2	mut	1.28131699562073	1.52793610095978	0.838593312125988
858	mut_M3	mut	1.1980961561203	0.836050346493721	1.43304307108411
859	ctrl_M1	ctrl	2.91998767852783	0.531751185655594	5.4912668881552
859	ctrl_M2	ctrl	3.36894297599792	1.16937005519867	2.88098960719972
859	ctrl_M3	ctrl	3.53847098350525	1.30660262703896	2.70814623381264
859	mut_M1	mut	1.00497388839722	1.17608164250851	0.854510309551021
859	mut_M2	mut	2.07123398780823	0.544756978750229	3.80212474296339
859	mut_M3	mut	1.38699543476105	0.686581075191498	2.02014807118619
860	ctrl_M1	ctrl	0.576732039451599	0	NA
860	ctrl_M2	ctrl	1.15738952159882	0.216144874691963	5.35469334282508
860	ctrl_M3	ctrl	1.13767290115356	0.222144514322281	5.1213189064082
860	mut_M1	mut	2.37180352210999	0.159204646945	14.8978284718622
860	mut_M2	mut	0.515501976013184	0.139774441719055	3.68809898056567
860	mut_M3	mut	0.547692716121674	0.1376953125	3.97756979651485
861	ctrl_M1	ctrl	0	0.133311882615089	0
861	ctrl_M2	ctrl	3.45232772827148	0.361337125301361	9.55431226556692
861	ctrl_M3	ctrl	3.35303163528442	0	NA
861	mut_M1	mut	0	0	NA
861	mut_M2	mut	0.539052128791809	0	NA
861	mut_M3	mut	0	0	NA
862	ctrl_M1	ctrl	13.5175867080688	4.85565674304962	2.78388432778283
862	ctrl_M2	ctrl	12.892746925354	7.79015934467316	1.65500426306042
862	ctrl_M3	ctrl	8.37068176269531	9.64502459764481	0.867875626231096
862	mut_M1	mut	5.65366792678833	3.96319818496704	1.42654181368812
862	mut_M2	mut	6.86135339736938	2.51513850688934	2.72802208648753
862	mut_M3	mut	5.17743539810181	4.30351859331131	1.20307029837138
863	ctrl_M1	ctrl	0	2.06635332107544	0
863	ctrl_M2	ctrl	4.68399143218994	3.34469440579414	1.40042433296019
863	ctrl_M3	ctrl	2.94690608978271	2.72793647646904	1.08026932269226
863	mut_M1	mut	3.61272406578064	0.746110379695892	4.84207721014839
863	mut_M2	mut	2.27321648597717	2.18131820857525	1.04212969801501
863	mut_M3	mut	2.50899052619934	1.14715737104416	2.18713717013004
864	ctrl_M1	ctrl	3.64669966697693	2.12189701199532	1.71860351674079
864	ctrl_M2	ctrl	0	3.159343957901	0
864	ctrl_M3	ctrl	3.49915862083435	1.86765857040882	1.87355369780912
864	mut_M1	mut	3.10681700706482	1.4705291390419	2.11272046542989
864	mut_M2	mut	4.41122150421143	1.32396486401558	3.33182671542522
864	mut_M3	mut	1.48251557350159	1.37214875221252	1.08043356896335
865	ctrl_M1	ctrl	1.40363919734955	0.594980463385582	2.35913493589773
865	ctrl_M2	ctrl	9.27630233764648	3.44761307537556	2.69064484176084
865	ctrl_M3	ctrl	3.88687372207642	1.16694623231888	3.33080789365306
865	mut_M1	mut	0	1.31741662323475	0
865	mut_M2	mut	2.39727067947388	2.08936932682991	1.14736569006262
865	mut_M3	mut	3.70498013496399	0.718781679868698	5.15452777767067
866	ctrl_M1	ctrl	0.864544808864594	1.46804291009903	0.58890976749874
866	ctrl_M2	ctrl	2.46010088920593	1.72392438352108	1.4270352648422
866	ctrl_M3	ctrl	3.48340201377869	1.01550270617008	3.43022425505508
866	mut_M1	mut	1.66196048259735	0.317923337221146	5.22755107292203
866	mut_M2	mut	1.45429968833923	0.609370842576027	2.38655936045675
866	mut_M3	mut	1.48396635055542	0.282277315855026	5.25712222415196
867	ctrl_M1	ctrl	6.61402177810669	1.65620744228363	3.99347425283096
867	ctrl_M2	ctrl	10.9575529098511	3.86793714761734	2.83291907072507
867	ctrl_M3	ctrl	11.0977163314819	3.85020864009857	2.88236752052944
867	mut_M1	mut	5.98850774765015	1.96072489023209	3.05423151278571
867	mut_M2	mut	8.49702262878418	2.95699036121368	2.87353747926882
867	mut_M3	mut	2.8163275718689	1.14446523785591	2.46082404140568
868	ctrl_M1	ctrl	2.31146907806396	1.02746433019638	2.24968304021043
868	ctrl_M2	ctrl	5.19892168045044	2.42653539776802	2.14252867905101
868	ctrl_M3	ctrl	3.76052021980286	2.17295324802399	1.73060337272445
868	mut_M1	mut	3.21102476119995	0.691308960318565	4.64484759422222
868	mut_M2	mut	1.47736978530884	1.61982306838036	0.912056269692495
868	mut_M3	mut	2.05888915061951	1.4515637755394	1.4183938627529
869	ctrl_M1	ctrl	5.78245210647583	1.22571420669556	4.71761857281962
869	ctrl_M2	ctrl	17.5150680541992	5.88835483789444	2.97452659297656
869	ctrl_M3	ctrl	13.2053127288818	4.79515552520752	2.7538862210961
869	mut_M1	mut	17.1979122161865	4.95474624633789	3.47099757710048
869	mut_M2	mut	4.9485125541687	2.99018496274948	1.65491854711841
869	mut_M3	mut	11.2960920333862	2.38086259365082	4.7445375736971
870	ctrl_M1	ctrl	4.64477252960205	1.60629396140575	2.89160803763289
870	ctrl_M2	ctrl	5.45936965942383	2.87325221300125	1.90006628541713
870	ctrl_M3	ctrl	4.97415781021118	1.80651833117008	2.75344995087286
870	mut_M1	mut	3.37874841690063	3.93581628799438	0.858461922424326
870	mut_M2	mut	5.47444868087769	3.15376049280167	1.73584794830581
870	mut_M3	mut	3.31953644752502	1.53828789293766	2.15794225695018
871	ctrl_M1	ctrl	1.17937254905701	1.05380766093731	1.11915351612458
871	ctrl_M2	ctrl	3.77744770050049	1.92110635340214	1.9662876518059
871	ctrl_M3	ctrl	2.65690588951111	2.44681593775749	1.08586258921714
871	mut_M1	mut	2.21326804161072	1.7477197945118	1.26637464916335
871	mut_M2	mut	1.13653147220612	1.03142216801643	1.10190716027737
871	mut_M3	mut	2.17659521102905	0.905320018529892	2.40422741845864
872	ctrl_M1	ctrl	5.50416326522827	3.15152433514595	1.74650825438521
872	ctrl_M2	ctrl	6.34954404830933	2.66377708315849	2.38366193945199
872	ctrl_M3	ctrl	7.84402751922607	1.49705657362938	5.23963332942686
872	mut_M1	mut	0.865842282772064	3.96109813451767	0.218586425624493
872	mut_M2	mut	4.55087566375732	3.0600842833519	1.48717330712619
872	mut_M3	mut	2.58345198631287	1.23872596025467	2.08557184494764
873	ctrl_M1	ctrl	1.62862479686737	0.185249850153923	8.791503990498
873	ctrl_M2	ctrl	2.89435744285583	0.562892332673073	5.14193794239666
873	ctrl_M3	ctrl	0.926516115665436	0.726018309593201	1.27616081223155
873	mut_M1	mut	0.930959701538086	0.618795707821846	1.50447019875922
873	mut_M2	mut	0.853017330169678	0.609484612941742	1.39957155940738
873	mut_M3	mut	1.74295651912689	0.473913624882698	3.67779364764688
874	ctrl_M1	ctrl	1.15112018585205	0.337788447737694	3.40781395444862
874	ctrl_M2	ctrl	0	1.05769501626492	0
874	ctrl_M3	ctrl	0	0.179095074534416	0
874	mut_M1	mut	0	0.200278699398041	0
874	mut_M2	mut	0.606809258460999	0.169260054826736	3.58507067176695
874	mut_M3	mut	0	0	NA
875	ctrl_M1	ctrl	0	0.535117104649544	0
875	ctrl_M2	ctrl	0	0.518924236297607	0
875	ctrl_M3	ctrl	1.71827757358551	0.285540044307709	6.01764133556633
875	mut_M1	mut	0	0	NA
875	mut_M2	mut	0	0	NA
875	mut_M3	mut	0	0.541494786739349	0
876	ctrl_M1	ctrl	0.707948565483093	0	NA
876	ctrl_M2	ctrl	3.59238433837891	0	NA
876	ctrl_M3	ctrl	1.37688016891479	0.325331777334213	4.23223387582064
876	mut_M1	mut	0	0.473864540457726	0
876	mut_M2	mut	0	0.299119144678116	0
876	mut_M3	mut	0	0.298979133367538	0
877	ctrl_M1	ctrl	2.44182872772217	4.67107635736465	0.522755044214222
877	ctrl_M2	ctrl	7.06272554397583	2.91750448942184	2.42081051445972
877	ctrl_M3	ctrl	4.78051519393921	0.756936967372894	6.31560539384273
877	mut_M1	mut	2.36208248138428	2.41628587245941	0.9775674758964
877	mut_M2	mut	3.21799159049988	0.921071574091911	3.49374758815297
877	mut_M3	mut	3.53058791160583	1.04736177623272	3.37093446765366
878	ctrl_M1	ctrl	5.48190784454346	0.614663496613503	8.91855116620087
878	ctrl_M2	ctrl	1.44350278377533	0.352339774370193	4.09690556893722
878	ctrl_M3	ctrl	0.686744630336761	0.917745172977448	0.748295551485987
878	mut_M1	mut	0.755472958087921	0.371759206056595	2.03215669115915
878	mut_M2	mut	2.0068211555481	0.344567269086838	5.8241781376
878	mut_M3	mut	0	0	NA
879	ctrl_M1	ctrl	4.84100723266602	2.52616399526596	1.91634717371401
879	ctrl_M2	ctrl	16.0794773101807	6.25409162044525	2.57103321889549
879	ctrl_M3	ctrl	9.38224029541016	3.73628503084183	2.51111470831663
879	mut_M1	mut	4.37394523620605	3.11874622106552	1.40246910975389
879	mut_M2	mut	6.61433124542236	3.34397199749947	1.97798643360901
879	mut_M3	mut	2.23000931739807	3.45844349265099	0.644801432244513
880	ctrl_M1	ctrl	4.34471464157104	0.449849769473076	9.65814575532662
880	ctrl_M2	ctrl	10.921501159668	1.51639467477798	7.20228139898143
880	ctrl_M3	ctrl	7.53195762634277	2.375373929739	3.17085134767408
880	mut_M1	mut	2.76680135726929	1.86468832194805	1.48378757173681
880	mut_M2	mut	0.933368027210236	1.98496790230274	0.470218196539825
880	mut_M3	mut	5.82465124130249	2.24265283346176	2.59721484948321
881	ctrl_M1	ctrl	1.48467803001404	2.13694286346436	0.694767303046707
881	ctrl_M2	ctrl	6.10582399368286	2.17325615882874	2.80952798356433
881	ctrl_M3	ctrl	3.57331705093384	1.23114722967148	2.9024286980586
881	mut_M1	mut	1.39680922031403	0.46900263428688	2.97825453035648
881	mut_M2	mut	4.50505208969116	3.12732034921646	1.44054704559445
881	mut_M3	mut	1.5632358789444	2.55872690677643	0.610942838332761
882	ctrl_M1	ctrl	4.25840950012207	1.49361741542816	2.8510711351751
882	ctrl_M2	ctrl	5.51547193527222	3.45271950960159	1.59742832278567
882	ctrl_M3	ctrl	3.25394511222839	0.837522998452187	3.88520090581627
882	mut_M1	mut	3.00844836235046	1.7701752781868	1.69952004155884
882	mut_M2	mut	1.04549396038055	2.7343213558197	0.382359578238796
882	mut_M3	mut	5.27136087417603	2.44804556667805	2.15329360937066
883	ctrl_M1	ctrl	0.793581902980804	1.20676791667938	0.657609381234193
883	ctrl_M2	ctrl	4.9458589553833	0.700801134109497	7.05743571843383
883	ctrl_M3	ctrl	3.92870879173279	0.78581377863884	4.99954174707647
883	mut_M1	mut	1.42279827594757	1.42321123182774	0.999709842171752
883	mut_M2	mut	2.2338228225708	0.878092467784882	2.54394941822693
883	mut_M3	mut	1.54027926921844	0.707089871168137	2.17833592591823
884	ctrl_M1	ctrl	1.85350501537323	2.21638150513172	0.836275258154654
884	ctrl_M2	ctrl	4.04011678695679	3.41204473376274	1.18407497620977
884	ctrl_M3	ctrl	7.24959373474121	1.09233570098877	6.63678183197616
884	mut_M1	mut	3.23132514953613	1.6705404818058	1.9342992191624
884	mut_M2	mut	0.876486122608185	1.57091420888901	0.557946524163187
884	mut_M3	mut	1.55476295948029	0.372508496046066	4.1737650979322
885	ctrl_M1	ctrl	2.22911858558655	0.646993398666382	3.44534981374049
885	ctrl_M2	ctrl	3.6125864982605	1.53806509077549	2.34878648499787
885	ctrl_M3	ctrl	1.06834876537323	0	NA
885	mut_M1	mut	2.74344348907471	0.929394125938416	2.95186230739799
885	mut_M2	mut	1.9575959444046	1.10857801139355	1.76586214437339
885	mut_M3	mut	3.50896644592285	0.731698572635651	4.79564478755672
886	ctrl_M1	ctrl	6.20898199081421	0.736055761575699	8.43547773815728
886	ctrl_M2	ctrl	6.0522027015686	2.59112524986267	2.33574301430985
886	ctrl_M3	ctrl	6.56524753570557	3.27053281664848	2.00739387242516
886	mut_M1	mut	5.89265155792236	0.343199342489243	17.16976354087
886	mut_M2	mut	2.07188010215759	0.832950979471207	2.48739740179297
886	mut_M3	mut	4.36919260025024	0.751162350177765	5.81657560341817
887	ctrl_M1	ctrl	10.0753679275513	4.99140183627605	2.01854474114395
887	ctrl_M2	ctrl	12.4242296218872	7.55881679058075	1.64367386670482
887	ctrl_M3	ctrl	13.2458229064941	7.76918810606003	1.70491726106648
887	mut_M1	mut	13.7734422683716	5.82639545202255	2.36397312571537
887	mut_M2	mut	3.1919264793396	3.90558139979839	0.817273064518478
887	mut_M3	mut	10.7534170150757	3.5538726747036	3.02583069213996
888	ctrl_M1	ctrl	0	0.604458034038544	0
888	ctrl_M2	ctrl	0.823217868804932	0.251023501157761	3.2794454105218
888	ctrl_M3	ctrl	1.54094779491425	0.850623041391373	1.81155190951999
888	mut_M1	mut	0.675139486789703	0.247138366103172	2.73182791257855
888	mut_M2	mut	0	0	NA
888	mut_M3	mut	1.28761219978333	0	NA
889	ctrl_M1	ctrl	1.17359673976898	0	NA
889	ctrl_M2	ctrl	3.20989203453064	0.253696382045746	12.6524943266705
889	ctrl_M3	ctrl	3.51315355300903	0	NA
889	mut_M1	mut	0	0	NA
889	mut_M2	mut	0	0	NA
889	mut_M3	mut	1.1374876499176	0.297131031751633	3.82823578948298
890	ctrl_M1	ctrl	2.47765326499939	2.00733435153961	1.23430023657944
890	ctrl_M2	ctrl	7.80340003967285	4.87424820661545	1.60094433210888
890	ctrl_M3	ctrl	10.355052947998	2.49564552307129	4.14924830159954
890	mut_M1	mut	5.79778003692627	2.44588828086853	2.37041899349037
890	mut_M2	mut	8.80520915985107	3.16078639030457	2.78576533575957
890	mut_M3	mut	4.67135429382324	2.07471853494644	2.25156049610548
891	ctrl_M1	ctrl	5.33985567092896	1.62038516998291	3.29542368681717
891	ctrl_M2	ctrl	5.78454256057739	1.99811634421349	2.89499787003361
891	ctrl_M3	ctrl	7.50702857971191	1.25745409727097	5.97002196422463
891	mut_M1	mut	3.68379473686218	0.509386241436005	7.2318300676462
891	mut_M2	mut	5.19168996810913	1.69623151421547	3.06072014615903
891	mut_M3	mut	2.83328318595886	2.11102384328842	1.34213698957817
892	ctrl_M1	ctrl	4.63286304473877	1.93072068691254	2.39955115006682
892	ctrl_M2	ctrl	8.90714550018311	2.20499649643898	4.03952818726376
892	ctrl_M3	ctrl	5.02078437805176	3.48233199119568	1.44178797160803
892	mut_M1	mut	6.95474529266357	1.16276547312737	5.98121070275517
892	mut_M2	mut	5.78596544265747	3.10217908024788	1.8651294116119
892	mut_M3	mut	3.08876204490662	3.83751991391182	0.804884955439372
893	ctrl_M1	ctrl	1.14693295955658	0.396805763244629	2.89041406601119
893	ctrl_M2	ctrl	0.566796839237213	0.671450421214104	0.844138035109639
893	ctrl_M3	ctrl	1.04781091213226	0.889601424336433	1.17784311430688
893	mut_M1	mut	0	0	NA
893	mut_M2	mut	1.75232076644897	0.192910775542259	9.08358157559275
893	mut_M3	mut	0.532920360565186	0	NA
894	ctrl_M1	ctrl	1.16698741912842	1.77412343025208	0.657782541636693
894	ctrl_M2	ctrl	3.38439011573792	2.04264152050018	1.65686934382357
894	ctrl_M3	ctrl	3.72795367240906	3.49817654490471	1.06568482881147
894	mut_M1	mut	3.41044282913208	0.460398405790329	7.40759043958384
894	mut_M2	mut	3.28975224494934	0.885052144527435	3.71701516717512
894	mut_M3	mut	2.21113467216492	0.973875612020493	2.27044875636375
895	ctrl_M1	ctrl	2.03783082962036	0.584621801972389	3.48572499818713
895	ctrl_M2	ctrl	0.864819705486298	0.819337397813797	1.05551108468118
895	ctrl_M3	ctrl	3.40773510932922	0.859976425766945	3.96259130741885
895	mut_M1	mut	0.863873720169067	0.406770631670952	2.12373670296797
895	mut_M2	mut	2.88843750953674	0.844807773828506	3.419047029417
895	mut_M3	mut	1.70285952091217	0.57332506775856	2.97014663525803
896	ctrl_M1	ctrl	0.718650102615356	0.238462403416634	3.01368304738485
896	ctrl_M2	ctrl	1.51552867889404	0.908912286162376	1.66740916804297
896	ctrl_M3	ctrl	3.50263667106628	1.54866501688957	2.26171356159461
896	mut_M1	mut	1.44648683071136	0.478425249457359	3.02343329987705
896	mut_M2	mut	1.51830184459686	0.271112531423569	5.60026435010031
896	mut_M3	mut	0.639575779438019	0.521366834640503	1.22672893046414
897	ctrl_M1	ctrl	2.34364342689514	0	NA
897	ctrl_M2	ctrl	0.584082782268524	0.255450129508972	2.28648458073304
897	ctrl_M3	ctrl	1.12008714675903	0	NA
897	mut_M1	mut	0	0.139688298106194	0
897	mut_M2	mut	0	0	NA
897	mut_M3	mut	0.505659818649292	0	NA
898	ctrl_M1	ctrl	5.4969162940979	1.82367387413979	3.01419917894627
898	ctrl_M2	ctrl	7.74325895309448	4.78091102838516	1.61961996513244
898	ctrl_M3	ctrl	8.44617557525635	3.61685168743134	2.33522862013033
898	mut_M1	mut	1.36331570148468	2.52287197113037	0.540382436003618
898	mut_M2	mut	2.86812257766724	1.83822482824326	1.56026756553399
898	mut_M3	mut	2.98008918762207	2.17386303842068	1.37087255956434
899	ctrl_M1	ctrl	2.3366527557373	2.2446151971817	1.04100371354126
899	ctrl_M2	ctrl	8.31085872650146	4.49996674060822	1.84687114495832
899	ctrl_M3	ctrl	5.91398048400879	1.6496367752552	3.5850197890344
899	mut_M1	mut	3.75708365440369	0.901298046112061	4.16852524046919
899	mut_M2	mut	6.04981803894043	2.50951525568962	2.4107516482413
899	mut_M3	mut	3.17560648918152	1.11393466591835	2.85080138570199
900	ctrl_M1	ctrl	3.94908499717712	0.901684492826462	4.37967496235644
900	ctrl_M2	ctrl	3.12230277061462	0.251263916492462	12.4263874184588
900	ctrl_M3	ctrl	3.01990127563477	0.908523499965668	3.32396605673809
900	mut_M1	mut	3.67490482330322	0	NA
900	mut_M2	mut	3.16790652275085	1.11299452185631	2.8462912085742
900	mut_M3	mut	2.2089695930481	0.253758400678635	8.70501069970718
901	ctrl_M1	ctrl	0.433211088180542	0.41560272872448	1.04236824794222
901	ctrl_M2	ctrl	2.32129073143005	0.707359835505486	3.28162642959681
901	ctrl_M3	ctrl	1.19698905944824	0.257897287607193	4.64134024267597
901	mut_M1	mut	1.41361176967621	0.705056637525558	2.00496200509135
901	mut_M2	mut	0.933426201343536	0.135431110858917	6.89225832545902
901	mut_M3	mut	1.60791993141174	0.356003254652023	4.51658772890549
902	ctrl_M1	ctrl	11.5026168823242	6.05564773082733	1.89948580129061
902	ctrl_M2	ctrl	13.90882396698	12.6429553031921	1.10012442766987
902	ctrl_M3	ctrl	15.3903198242188	7.92571127414703	1.94182191249139
902	mut_M1	mut	6.83550310134888	8.03467184305191	0.850750750605947
902	mut_M2	mut	11.0623378753662	10.2523077726364	1.07900953821263
902	mut_M3	mut	6.48640871047974	6.82079660892487	0.95097524268535
903	ctrl_M1	ctrl	9.06529808044434	3.62964910268784	2.49756872468231
903	ctrl_M2	ctrl	14.7044496536255	11.209050655365	1.31183720242958
903	ctrl_M3	ctrl	9.87956047058105	6.82855993509293	1.44679999362803
903	mut_M1	mut	1.79183483123779	6.8807567358017	0.2604124662502
903	mut_M2	mut	6.42954158782959	6.43950110673904	0.998453371038475
903	mut_M3	mut	8.28753089904785	9.50793504714966	0.871643617457435
904	ctrl_M1	ctrl	10.8143672943115	3.51096165180206	3.08017243331634
904	ctrl_M2	ctrl	10.6905765533447	4.50051355361938	2.37541258924711
904	ctrl_M3	ctrl	10.7181425094604	4.68841624259949	2.28609021785954
904	mut_M1	mut	8.74948120117188	2.87642288208008	3.04179237888857
904	mut_M2	mut	11.3828363418579	2.66512057185173	4.27103991544709
904	mut_M3	mut	9.59268569946289	2.94480362534523	3.25749588763777
905	ctrl_M1	ctrl	3.84043216705322	1.04075358808041	3.69004941326853
905	ctrl_M2	ctrl	2.42667865753174	2.06039206683636	1.17777518977628
905	ctrl_M3	ctrl	6.7857928276062	2.51491230726242	2.69822244219434
905	mut_M1	mut	1.53640246391296	1.94327628612518	0.790624819992267
905	mut_M2	mut	2.68897342681885	2.80202201008797	0.959654641233325
905	mut_M3	mut	2.89186763763428	1.96570928394794	1.47115733809133
906	ctrl_M1	ctrl	2.38655686378479	0.598179936408997	3.98969727756469
906	ctrl_M2	ctrl	2.53152799606323	1.07717433571815	2.35015624873336
906	ctrl_M3	ctrl	2.20151662826538	1.51495350897312	1.45319088356555
906	mut_M1	mut	1.76616632938385	0.36761137843132	4.80443868990257
906	mut_M2	mut	0.62047666311264	1.73472258448601	0.357680627820088
906	mut_M3	mut	1.05170142650604	0.385615319013596	2.72733310802148
907	ctrl_M1	ctrl	0.707201898097992	0.275260180234909	2.56921250830564
907	ctrl_M2	ctrl	4.10811948776245	0.745022058486938	5.51409108088103
907	ctrl_M3	ctrl	1.92154109477997	1.43446376919746	1.3395535921099
907	mut_M1	mut	0	0.603117078542709	0
907	mut_M2	mut	0	0.758409425616264	0
907	mut_M3	mut	2.01907587051392	0.295749753713608	6.82697397093729
908	ctrl_M1	ctrl	25.325569152832	11.3716530799866	2.22707894575183
908	ctrl_M2	ctrl	26.7155857086182	13.3896553516388	1.99524072928049
908	ctrl_M3	ctrl	26.3898525238037	13.7635635137558	1.91737063569538
908	mut_M1	mut	9.85916328430176	10.4705259799957	0.941611080774548
908	mut_M2	mut	18.8433609008789	12.8208531141281	1.46974313902046
908	mut_M3	mut	17.4615116119385	9.17313182353973	1.90354962163843
909	ctrl_M1	ctrl	8.59380626678467	2.91126176714897	2.95191808711886
909	ctrl_M2	ctrl	9.95572757720947	3.75455582141876	2.65163924862021
909	ctrl_M3	ctrl	11.3356103897095	5.05522096157074	2.24235705538523
909	mut_M1	mut	6.14657783508301	3.74795189499855	1.63998311805584
909	mut_M2	mut	9.03229808807373	3.64977505803108	2.47475472993843
909	mut_M3	mut	5.09876775741577	2.24955853819847	2.26656371498519
910	ctrl_M1	ctrl	12.1257734298706	7.89786452054977	1.53532304818854
910	ctrl_M2	ctrl	13.3808565139771	14.7684831619263	0.906041356262871
910	ctrl_M3	ctrl	11.144965171814	14.6978539228439	0.75827159735831
910	mut_M1	mut	8.97273921966553	9.25453674793243	0.969550336668136
910	mut_M2	mut	14.868200302124	9.09035098552704	1.63560244547169
910	mut_M3	mut	9.30484008789062	8.2696179151535	1.12518379728768
911	ctrl_M1	ctrl	4.39935398101807	0.807835221290588	5.4458556213849
911	ctrl_M2	ctrl	5.99240446090698	2.5513633787632	2.34870677802543
911	ctrl_M3	ctrl	8.91580963134766	1.49588716030121	5.96021536113218
911	mut_M1	mut	1.59080159664154	0.400401055812836	3.97302048420459
911	mut_M2	mut	4.47660064697266	2.02602556347847	2.20954795816436
911	mut_M3	mut	1.40887880325317	0.682607799768448	2.06396528684713
912	ctrl_M1	ctrl	2.47548127174377	1.28527005016804	1.92603980106759
912	ctrl_M2	ctrl	3.67375349998474	1.11641648411751	3.29066576161201
912	ctrl_M3	ctrl	6.68609094619751	0.965061947703362	6.92814690508621
912	mut_M1	mut	3.59823226928711	1.28324650228024	2.80400707338248
912	mut_M2	mut	3.39974069595337	1.74960422515869	1.94314842583614
912	mut_M3	mut	4.74961996078491	1.47205719351768	3.22651863100172
913	ctrl_M1	ctrl	3.66773438453674	1.13437157869339	3.23327422286212
913	ctrl_M2	ctrl	5.88133335113525	1.0033093392849	5.86193422192914
913	ctrl_M3	ctrl	8.57860851287842	2.06571567058563	4.15285057621041
913	mut_M1	mut	3.74413847923279	0.882762238383293	4.24138948907678
913	mut_M2	mut	2.07865405082703	1.15548953413963	1.79893801666908
913	mut_M3	mut	1.83111011981964	0.86218835413456	2.12379361312257
914	ctrl_M1	ctrl	0.765932738780975	0.608723819255829	1.25825984551966
914	ctrl_M2	ctrl	0.769825279712677	1.55418419837952	0.49532435120325
914	ctrl_M3	ctrl	4.19256925582886	0.653053462505341	6.41994797752806
914	mut_M1	mut	3.43542742729187	0.957987755537033	3.5860869906067
914	mut_M2	mut	4.35004377365112	1.86291420459747	2.3350746711339
914	mut_M3	mut	0.701126217842102	0.53044205904007	1.32177719676097
915	ctrl_M1	ctrl	1.10213577747345	0.232282415032387	4.74480936199919
915	ctrl_M2	ctrl	1.05486917495728	0.443019226193428	2.38109118654075
915	ctrl_M3	ctrl	0	0.45336626470089	0
915	mut_M1	mut	1.03537058830261	0.386422827839851	2.67937221537986
915	mut_M2	mut	2.05379295349121	0	NA
915	mut_M3	mut	0	0.467960178852081	0
916	ctrl_M1	ctrl	0.789989352226257	0.152567610144615	5.17796242254464
916	ctrl_M2	ctrl	0	0.321848034858704	0
916	ctrl_M3	ctrl	3.26078772544861	0	NA
916	mut_M1	mut	0	0	NA
916	mut_M2	mut	0	0.204468429088593	0
916	mut_M3	mut	0	0.15524910390377	0
917	ctrl_M1	ctrl	4.78291273117065	1.5823141336441	3.02273273648609
917	ctrl_M2	ctrl	3.69657492637634	2.57741296291351	1.43421911023437
917	ctrl_M3	ctrl	4.80959272384644	4.20225018262863	1.14452793499265
917	mut_M1	mut	3.8731951713562	2.49029298126698	1.55531706529794
917	mut_M2	mut	3.44115805625916	1.96189650893211	1.75399570802653
917	mut_M3	mut	2.56337571144104	1.41948038339615	1.80585497441542
918	ctrl_M1	ctrl	12.0860471725464	5.83940279483795	2.06974027947353
918	ctrl_M2	ctrl	21.4483032226562	8.50658226013184	2.52137727782625
918	ctrl_M3	ctrl	15.5719394683838	8.02471697330475	1.94049703188111
918	mut_M1	mut	9.92612171173096	2.56278628110886	3.87317576377698
918	mut_M2	mut	12.3659744262695	5.7713708281517	2.14264076845496
918	mut_M3	mut	8.51780414581299	5.07329076528549	1.67895051553065
919	ctrl_M1	ctrl	3.99094653129578	0.411599934101105	9.69617874213616
919	ctrl_M2	ctrl	5.71577739715576	1.30516536533833	4.37935111438857
919	ctrl_M3	ctrl	7.71937561035156	0.591686800122261	13.0463880701014
919	mut_M1	mut	3.22870874404907	1.03281609714031	3.1261216328723
919	mut_M2	mut	3.29721784591675	0.424274981021881	7.77141710778063
919	mut_M3	mut	2.73169374465942	0.879587516188622	3.10565315489725
920	ctrl_M1	ctrl	0	1.23592138290405	0
920	ctrl_M2	ctrl	5.26804780960083	0.457378178834915	11.5179255447214
920	ctrl_M3	ctrl	5.22089385986328	0	NA
920	mut_M1	mut	2.8305983543396	0.80743607878685	3.50566246506162
920	mut_M2	mut	1.12553095817566	0.406368911266327	2.76972703120492
920	mut_M3	mut	2.57102870941162	0.870668947696686	2.95293488554193
921	ctrl_M1	ctrl	2.29831528663635	0.300898849964142	7.63816573878645
921	ctrl_M2	ctrl	1.89500975608826	0.187550663948059	10.1039885234054
921	ctrl_M3	ctrl	4.52604198455811	0.672586739063263	6.72930600871152
921	mut_M1	mut	0.859403967857361	0.169425919651985	5.07244682291026
921	mut_M2	mut	0.880784213542938	0.286463379859924	3.0746834515938
921	mut_M3	mut	1.0620448589325	1.16052585840225	0.915141055447622
922	ctrl_M1	ctrl	0.914113700389862	0.645112872123718	1.41698257760784
922	ctrl_M2	ctrl	1.80125367641449	1.25931490957737	1.43034412021612
922	ctrl_M3	ctrl	1.97450184822083	0.206695437431335	9.55271133585983
922	mut_M1	mut	1.36709713935852	0.268354415893555	5.09437169053627
922	mut_M2	mut	0	0	NA
922	mut_M3	mut	1.16832315921783	0	NA
923	ctrl_M1	ctrl	1.3290399312973	0.830805420875549	1.59970060125112
923	ctrl_M2	ctrl	1.42045617103577	0.692979276180267	2.04978160222249
923	ctrl_M3	ctrl	2.74301981925964	0.599078834056854	4.57872931461191
923	mut_M1	mut	0.791383504867554	0.592595681548119	1.33545270326661
923	mut_M2	mut	1.31868970394135	0.421780437231064	3.12648379948198
923	mut_M3	mut	0.740708231925964	0.722407162189484	1.02533345555575
924	ctrl_M1	ctrl	1.32527232170105	0	NA
924	ctrl_M2	ctrl	1.21586441993713	0	NA
924	ctrl_M3	ctrl	1.21352827548981	0	NA
924	mut_M1	mut	1.27947998046875	0	NA
924	mut_M2	mut	0	0	NA
924	mut_M3	mut	0	0	NA
925	ctrl_M1	ctrl	3.00834560394287	0	NA
925	ctrl_M2	ctrl	2.24371886253357	0.265239804983139	8.45920868730921
925	ctrl_M3	ctrl	5.02727556228638	0.43320406973362	11.6048668826627
925	mut_M1	mut	0	0.189870819449425	0
925	mut_M2	mut	2.10345602035522	0	NA
925	mut_M3	mut	0	0.60969215631485	0
926	ctrl_M1	ctrl	1.75601196289062	0	NA
926	ctrl_M2	ctrl	1.53928375244141	0.408760562539101	3.76573449962939
926	ctrl_M3	ctrl	3.01203608512878	0.235880956053734	12.7693059054867
926	mut_M1	mut	0	0	NA
926	mut_M2	mut	0.811559498310089	0	NA
926	mut_M3	mut	0.763005971908569	0.248572319746017	3.06955324988793
927	ctrl_M1	ctrl	9.65242958068848	2.18394726514816	4.41971733233844
927	ctrl_M2	ctrl	10.4868574142456	5.25252485275269	1.99653646736193
927	ctrl_M3	ctrl	12.6517324447632	3.93990245461464	3.21117910671741
927	mut_M1	mut	9.41475486755371	3.31230333447456	2.84235890160319
927	mut_M2	mut	13.0395355224609	4.3340662419796	3.00861472678025
927	mut_M3	mut	6.42637729644775	2.47064453363419	2.60109344301137
928	ctrl_M1	ctrl	4.26863241195679	2.30972696840763	1.84811125745294
928	ctrl_M2	ctrl	6.17113065719604	7.19193124771118	0.858063077168597
928	ctrl_M3	ctrl	5.8116455078125	3.75970524549484	1.54577157738002
928	mut_M1	mut	4.39795732498169	4.23557576537132	1.03833754101106
928	mut_M2	mut	1.71905469894409	5.14690002799034	0.333998074490542
928	mut_M3	mut	2.62480139732361	3.06886559724808	0.855300212455485
929	ctrl_M1	ctrl	10.2566652297974	1.99584728479385	5.13900302289749
929	ctrl_M2	ctrl	8.16900062561035	6.31766700744629	1.29304070885376
929	ctrl_M3	ctrl	15.5120611190796	4.82504171133041	3.21490715461658
929	mut_M1	mut	2.38293528556824	2.7408499121666	0.869414729712277
929	mut_M2	mut	9.54625606536865	3.94105392694473	2.42225969051109
929	mut_M3	mut	4.69831466674805	2.27645444869995	2.06387378821974
930	ctrl_M1	ctrl	3.96235537528992	3.31144750118256	1.19656294532071
930	ctrl_M2	ctrl	5.26847982406616	3.37932330369949	1.55903396940403
930	ctrl_M3	ctrl	6.70713949203491	4.45895081758499	1.50419678673818
930	mut_M1	mut	2.43729305267334	2.75375297665596	0.885080496810968
930	mut_M2	mut	4.70562839508057	4.11240142583847	1.14425317662688
930	mut_M3	mut	3.24685788154602	3.27852809429169	0.990340112442285
931	ctrl_M1	ctrl	1.13663268089294	0.557540237903595	2.03865587381961
931	ctrl_M2	ctrl	3.83352112770081	1.40166179835796	2.73498295536894
931	ctrl_M3	ctrl	3.06539964675903	1.2481050491333	2.45604298202918
931	mut_M1	mut	2.32811760902405	1.13570472598076	2.04993213091859
931	mut_M2	mut	4.27594566345215	0.692096203565598	6.17825331424011
931	mut_M3	mut	0	0.372843414545059	0
932	ctrl_M1	ctrl	5.5997371673584	1.9102655351162	2.93139203132709
932	ctrl_M2	ctrl	6.09537172317505	0.979869276285172	6.2205968394922
932	ctrl_M3	ctrl	7.19389152526855	1.53100699186325	4.69879730367104
932	mut_M1	mut	4.60891675949097	1.10979548096657	4.15294244618555
932	mut_M2	mut	5.76837015151978	1.41050453484058	4.08957930232512
932	mut_M3	mut	4.52951049804688	1.29018975794315	3.51073202229408
933	ctrl_M1	ctrl	4.00997257232666	2.84012234210968	1.41190135117489
933	ctrl_M2	ctrl	5.83897352218628	2.03687649965286	2.86663110069825
933	ctrl_M3	ctrl	9.21103668212891	0.453990876674652	20.2890347700311
933	mut_M1	mut	3.34906554222107	2.70147433876991	1.23971769568836
933	mut_M2	mut	3.54988265037537	1.65355268120766	2.14682162275153
933	mut_M3	mut	3.72944331169128	1.88171499967575	1.98193845100556
934	ctrl_M1	ctrl	5.35344982147217	1.55844831466675	3.43511541004613
934	ctrl_M2	ctrl	7.19483280181885	2.40171575546265	2.99570537664766
934	ctrl_M3	ctrl	5.32262420654297	2.72972550988197	1.94987524836265
934	mut_M1	mut	6.77340078353882	0.964019283652306	7.02620880972106
934	mut_M2	mut	2.4488217830658	0.913756817579269	2.67994912426835
934	mut_M3	mut	2.34706926345825	0.903015851974487	2.59914514050476
935	ctrl_M1	ctrl	8.36088752746582	0.74705682694912	11.1917691209791
935	ctrl_M2	ctrl	8.97676372528076	3.41341336071491	2.62984958944458
935	ctrl_M3	ctrl	11.7075433731079	2.27940312027931	5.13623205520281
935	mut_M1	mut	5.17436552047729	1.38275268673897	3.74207591140562
935	mut_M2	mut	3.69033813476562	1.04915821552277	3.51742766740556
935	mut_M3	mut	1.53852152824402	1.26223905384541	1.21888284438429
936	ctrl_M1	ctrl	4.97725105285645	3.99627459049225	1.24547273720832
936	ctrl_M2	ctrl	11.5770111083984	5.22606587409973	2.21524400711707
936	ctrl_M3	ctrl	11.4446496963501	5.77987092733383	1.98008741721666
936	mut_M1	mut	8.65120315551758	1.67007559537888	5.18012668375946
936	mut_M2	mut	2.54497122764587	4.39759653806686	0.578718671805353
936	mut_M3	mut	4.92886447906494	2.59744341671467	1.89758300309738
937	ctrl_M1	ctrl	1.06108021736145	1.49911513179541	0.707804353952891
937	ctrl_M2	ctrl	4.30701494216919	2.53511434793472	1.69894306569563
937	ctrl_M3	ctrl	2.10542011260986	1.39032918214798	1.51433210180995
937	mut_M1	mut	1.13369023799896	1.44306483864784	0.785612820461508
937	mut_M2	mut	1.01276361942291	0.500688754022121	2.0227408969888
937	mut_M3	mut	4.13335418701172	1.76205518841743	2.34575750758637
938	ctrl_M1	ctrl	5.52886486053467	0.626958087086678	8.81855577655273
938	ctrl_M2	ctrl	2.91843366622925	1.72096568346024	1.69581165637268
938	ctrl_M3	ctrl	7.69647264480591	1.23936361074448	6.21001986671425
938	mut_M1	mut	6.40513134002686	2.27806176245213	2.81165833411484
938	mut_M2	mut	4.87004804611206	1.59477958083153	3.05374366755611
938	mut_M3	mut	4.75843715667725	2.67287254333496	1.78027088068334
939	ctrl_M1	ctrl	6.56803226470947	1.55028101801872	4.23667205388575
939	ctrl_M2	ctrl	2.51420998573303	3.07310724258423	0.818132849675233
939	ctrl_M3	ctrl	5.14745616912842	1.76075321435928	2.92343988194934
939	mut_M1	mut	4.25954580307007	2.39116805791855	1.78136613566923
939	mut_M2	mut	1.93325126171112	1.17234796285629	1.64904219818916
939	mut_M3	mut	1.94604873657227	2.03556191921234	0.956025320676704
940	ctrl_M1	ctrl	3.1547737121582	1.19342988729477	2.64345123726485
940	ctrl_M2	ctrl	4.01637077331543	2.39577388763428	1.67643983184132
940	ctrl_M3	ctrl	3.97962188720703	0.827224910259247	4.81081002016712
940	mut_M1	mut	2.82584381103516	1.59556448459625	1.77106211520509
940	mut_M2	mut	3.24359083175659	1.10780501365662	2.92794380939857
940	mut_M3	mut	3.15409350395203	0.630557656288147	5.00206994950941
941	ctrl_M1	ctrl	0.593921482563019	0	NA
941	ctrl_M2	ctrl	1.99939465522766	0.926821395754814	2.15725992557534
941	ctrl_M3	ctrl	4.5609917640686	1.61197297275066	2.82944679667039
941	mut_M1	mut	1.97749197483063	0.947492837905884	2.08707854636792
941	mut_M2	mut	5.42970371246338	0.757519349455833	7.16774260137886
941	mut_M3	mut	1.17348897457123	1.25177681446075	0.937458627620251
942	ctrl_M1	ctrl	0.647574722766876	0.377860546112061	1.71379290436644
942	ctrl_M2	ctrl	0.664847671985626	0.137738093733788	4.82689758485119
942	ctrl_M3	ctrl	1.27179229259491	0	NA
942	mut_M1	mut	0	0.163275241851807	0
942	mut_M2	mut	0	0	NA
942	mut_M3	mut	0	0	NA
943	ctrl_M1	ctrl	4.13126373291016	0.928530171513557	4.44925093406061
943	ctrl_M2	ctrl	5.87610769271851	2.13429209589958	2.75318814327604
943	ctrl_M3	ctrl	5.71709203720093	2.09174945950508	2.73316290879005
943	mut_M1	mut	0.916520595550537	1.23692420125008	0.740967469651149
943	mut_M2	mut	5.29455423355103	2.09611856937408	2.52588489549616
943	mut_M3	mut	1.08912169933319	1.33340191841125	0.816799259319258
944	ctrl_M1	ctrl	0.897445857524872	0	NA
944	ctrl_M2	ctrl	0.43338069319725	0.492342323064804	0.880242613512239
944	ctrl_M3	ctrl	2.02556490898132	0.135578095912933	14.940207673975
944	mut_M1	mut	0.368405908346176	0.10961639136076	3.36086513862431
944	mut_M2	mut	0.37642103433609	0.27856083214283	1.35130639666916
944	mut_M3	mut	0.383001536130905	0	NA
945	ctrl_M1	ctrl	5.04052448272705	3.14535868167877	1.60252772190572
945	ctrl_M2	ctrl	4.04731702804565	3.4423104673624	1.17575595415332
945	ctrl_M3	ctrl	9.58320140838623	4.27064400911331	2.24397102355903
945	mut_M1	mut	3.09810400009155	1.75139920413494	1.76893080274168
945	mut_M2	mut	4.34501075744629	1.15457049012184	3.76331353920865
945	mut_M3	mut	5.29320430755615	1.80287826061249	2.93597433792224
946	ctrl_M1	ctrl	2.99873900413513	1.48649182915688	2.01732626127921
946	ctrl_M2	ctrl	6.51993274688721	3.2734027504921	1.99179057508492
946	ctrl_M3	ctrl	1.82009100914001	3.54905241727829	0.512838582005451
946	mut_M1	mut	1.98426055908203	3.65707111358643	0.542581890658424
946	mut_M2	mut	3.04221343994141	1.17167463898659	2.59646606550492
946	mut_M3	mut	0	1.55678215622902	0
947	ctrl_M1	ctrl	5.32504558563232	3.61243888735771	1.47408599887133
947	ctrl_M2	ctrl	2.22294449806213	3.50492763519287	0.634234063990827
947	ctrl_M3	ctrl	3.10518288612366	4.29609388113022	0.722792139101659
947	mut_M1	mut	4.08802890777588	4.47228842973709	0.914079888182927
947	mut_M2	mut	3.24438118934631	2.57147574424744	1.26168065034415
947	mut_M3	mut	3.23404049873352	0	NA
948	ctrl_M1	ctrl	2.4847207069397	1.1493968963623	2.16176041087593
948	ctrl_M2	ctrl	6.10734605789185	1.95939320325851	3.11695786620837
948	ctrl_M3	ctrl	4.88225650787354	1.0924556851387	4.46906595323696
948	mut_M1	mut	2.59584760665894	0.653572827577591	3.97178018596674
948	mut_M2	mut	3.41321134567261	0.871468961238861	3.91661837367158
948	mut_M3	mut	3.6388566493988	0.452928364276886	8.03406661273764
949	ctrl_M1	ctrl	2.11080646514893	0.912575423717499	2.31302137915381
949	ctrl_M2	ctrl	1.09485995769501	0.979773133993149	1.11746272653223
949	ctrl_M3	ctrl	4.19230604171753	0.260955959558487	16.0651860521236
949	mut_M1	mut	0	1.40202659368515	0
949	mut_M2	mut	1.05603849887848	1.21238386631012	0.871043015519931
949	mut_M3	mut	2.00305104255676	0	NA
950	ctrl_M1	ctrl	0.553651809692383	0.715696349740028	0.773584788986968
950	ctrl_M2	ctrl	1.28054666519165	1.25275665521622	1.02218308708217
950	ctrl_M3	ctrl	4.52996253967285	0.44885216653347	10.0923263324274
950	mut_M1	mut	1.7677663564682	0.714103579521179	2.47550412456065
950	mut_M2	mut	1.12230134010315	0	NA
950	mut_M3	mut	0.98210334777832	0	NA
951	ctrl_M1	ctrl	0.79779052734375	0.219102591276169	3.64117340053807
951	ctrl_M2	ctrl	1.68394458293915	0.642281889915466	2.62181545109544
951	ctrl_M3	ctrl	3.94214272499084	0.233054950833321	16.9150782289549
951	mut_M1	mut	0	0.22606272995472	0
951	mut_M2	mut	0.779743373394012	0	NA
951	mut_M3	mut	0.736573755741119	0	NA
952	ctrl_M1	ctrl	0.770333409309387	0.652608513832092	1.18039129582607
952	ctrl_M2	ctrl	1.47858953475952	0.716314777731895	2.06416170756836
952	ctrl_M3	ctrl	4.63010883331299	0.555655747652054	8.33269313397315
952	mut_M1	mut	0	0.166551277041435	0
952	mut_M2	mut	2.15620899200439	0	NA
952	mut_M3	mut	0.71791011095047	0	NA
953	ctrl_M1	ctrl	0	0.279738247394562	0
953	ctrl_M2	ctrl	0	0.857139676809311	0
953	ctrl_M3	ctrl	3.39551115036011	0	NA
953	mut_M1	mut	0	0.273214042186737	0
953	mut_M2	mut	0	0.71366673707962	0
953	mut_M3	mut	0	0.553773492574692	0
954	ctrl_M1	ctrl	4.03390693664551	1.71108010411263	2.35752080042887
954	ctrl_M2	ctrl	3.43123435974121	2.08142909407616	1.64849927845568
954	ctrl_M3	ctrl	2.84426879882812	0.621473670005798	4.57665213524104
954	mut_M1	mut	5.77820158004761	1.22665876150131	4.71052077513036
954	mut_M2	mut	1.2366886138916	1.01219978928566	1.22178311730767
954	mut_M3	mut	0	2.0927454829216	0
955	ctrl_M1	ctrl	5.4515643119812	5.94044661521912	0.917702769689837
955	ctrl_M2	ctrl	10.1638593673706	8.75301694869995	1.16118355841642
955	ctrl_M3	ctrl	5.94408369064331	4.34855246543884	1.36691088307784
955	mut_M1	mut	12.5701017379761	3.08302247524261	4.07720081151432
955	mut_M2	mut	10.1084041595459	6.0017728805542	1.68423636827332
955	mut_M3	mut	7.49038124084473	2.85834729671478	2.62052874031568
956	ctrl_M1	ctrl	5.21533966064453	3.06577920913696	1.70114652911117
956	ctrl_M2	ctrl	12.9077806472778	4.74120777845383	2.72246677438111
956	ctrl_M3	ctrl	10.2041053771973	7.97469973564148	1.27955982237072
956	mut_M1	mut	9.3498706817627	4.17857006192207	2.23757662147752
956	mut_M2	mut	4.12671995162964	7.94557189941406	0.519373558489095
956	mut_M3	mut	5.61658620834351	1.87800726294518	2.99071591423737
957	ctrl_M1	ctrl	4.91899013519287	0.643825232982635	7.64025683244002
957	ctrl_M2	ctrl	0.724146723747253	1.78455802798271	0.40578491278641
957	ctrl_M3	ctrl	3.44505214691162	2.38027957081795	1.44733088883663
957	mut_M1	mut	6.5879054069519	1.35375833511353	4.86638215704832
957	mut_M2	mut	1.39918220043182	0.763959437608719	1.83148755228605
957	mut_M3	mut	3.30780434608459	0.501944720745087	6.58997736080278
958	ctrl_M1	ctrl	1.45770454406738	0.995578452944756	1.4641784781056
958	ctrl_M2	ctrl	4.64363813400269	0.55024953186512	8.43914963137299
958	ctrl_M3	ctrl	1.54320681095123	1.63226200640202	0.945440624665959
958	mut_M1	mut	4.1576681137085	0.476365610957146	8.72789306800428
958	mut_M2	mut	3.61304759979248	0.885633543133736	4.07961919216387
958	mut_M3	mut	2.88453221321106	1.12779825180769	2.55766685981965
959	ctrl_M1	ctrl	5.2196192741394	0.450344368815422	11.5902843147989
959	ctrl_M2	ctrl	1.8882007598877	1.61957527697086	1.16586168407019
959	ctrl_M3	ctrl	2.68009376525879	1.07929472625256	2.48318990176521
959	mut_M1	mut	1.34145820140839	1.02830041944981	1.30453919500114
959	mut_M2	mut	1.32777070999146	0.591128349304199	2.24616314131159
959	mut_M3	mut	0.617331564426422	0.796833127737045	0.774731299362018
960	ctrl_M1	ctrl	2.1154043674469	0.612768262624741	3.45220941826482
960	ctrl_M2	ctrl	1.1563663482666	0.639573991298676	1.80802591099517
960	ctrl_M3	ctrl	3.54512119293213	1.47997605800629	2.39539090767985
960	mut_M1	mut	2.32234215736389	1.08992981910706	2.13072632444033
960	mut_M2	mut	4.34754657745361	1.15956649184227	3.74928614101846
960	mut_M3	mut	3.4880907535553	0.38017275929451	9.17501495906277
961	ctrl_M1	ctrl	1.71455717086792	2.99119257926941	0.573201866957926
961	ctrl_M2	ctrl	2.86846399307251	2.83470195531845	1.01191026015653
961	ctrl_M3	ctrl	0	0.949853330850601	0
961	mut_M1	mut	2.6413414478302	2.40434968471527	1.09856792654642
961	mut_M2	mut	0	0.858940303325653	0
961	mut_M3	mut	1.45882546901703	1.46414005756378	0.99637016382463
962	ctrl_M1	ctrl	4.45407438278198	8.9463222026825	0.497866529046591
962	ctrl_M2	ctrl	33.6129760742188	11.5531207323074	2.90942827077212
962	ctrl_M3	ctrl	12.6243505477905	9.794409096241	1.28893437304305
962	mut_M1	mut	12.4473009109497	8.86436212062836	1.40419589605703
962	mut_M2	mut	11.8933954238892	9.74908697605133	1.21994966842591
962	mut_M3	mut	9.72934913635254	7.12449342012405	1.36561977990895
963	ctrl_M1	ctrl	7.66882228851318	4.74802523851395	1.61516038842991
963	ctrl_M2	ctrl	8.13962173461914	2.90573954582214	2.80122206627991
963	ctrl_M3	ctrl	10.2511720657349	3.74044907093048	2.74062602413265
963	mut_M1	mut	6.34805583953857	4.33432537317276	1.4646006686138
963	mut_M2	mut	5.99698877334595	5.10233998298645	1.17534088150587
963	mut_M3	mut	2.01122856140137	2.60491806268692	0.772088992053295
964	ctrl_M1	ctrl	3.63925313949585	0.499021768569946	7.29277432109807
964	ctrl_M2	ctrl	5.46210336685181	5.22935461997986	1.04450812075025
964	ctrl_M3	ctrl	3.86817073822021	0	NA
964	mut_M1	mut	3.39773225784302	1.85458469390869	1.83207176733569
964	mut_M2	mut	6.38496065139771	0.831677943468094	7.67720329911894
964	mut_M3	mut	6.31119441986084	2.01352256536484	3.13440461429211
965	ctrl_M1	ctrl	7.6667685508728	7.12668162584305	1.07578378737606
965	ctrl_M2	ctrl	15.919885635376	12.7156548500061	1.25199101604809
965	ctrl_M3	ctrl	13.1614837646484	11.6910625696182	1.12577310114236
965	mut_M1	mut	12.9507894515991	4.30343949794769	3.00940432827633
965	mut_M2	mut	12.0697860717773	6.35421621799469	1.89949250351232
965	mut_M3	mut	9.12279319763184	3.67339617013931	2.48347653645151
966	ctrl_M1	ctrl	2.50043749809265	1.24317800998688	2.01132700064333
966	ctrl_M2	ctrl	5.96478748321533	1.95085537433624	3.05752418230633
966	ctrl_M3	ctrl	2.77264094352722	0.98384091258049	2.81818016314745
966	mut_M1	mut	2.89435458183289	0.341210603713989	8.48260443939486
966	mut_M2	mut	3.89815855026245	1.03917537629604	3.75120373247945
966	mut_M3	mut	0.640786111354828	0.962140768766403	0.666000373496701
967	ctrl_M1	ctrl	10.0657215118408	1.73085841536522	5.81545054320166
967	ctrl_M2	ctrl	8.71511268615723	4.28068017959595	2.0359177328169
967	ctrl_M3	ctrl	6.99897766113281	4.78467440605164	1.46279079142366
967	mut_M1	mut	11.2518749237061	2.49415645003319	4.5112947600205
967	mut_M2	mut	12.9087648391724	4.31939345598221	2.98855961391852
967	mut_M3	mut	13.8752012252808	1.634226962924	8.49037590253368
968	ctrl_M1	ctrl	8.2679500579834	4.10146218538284	2.01585426959426
968	ctrl_M2	ctrl	14.1764316558838	7.53369331359863	1.88173729215851
968	ctrl_M3	ctrl	11.5060997009277	9.51834851503372	1.20883362095373
968	mut_M1	mut	6.60044384002686	3.52520552277565	1.87235717105931
968	mut_M2	mut	12.2218322753906	5.67517182230949	2.15356162915557
968	mut_M3	mut	3.53174948692322	5.62557488679886	0.627802412729573
969	ctrl_M1	ctrl	1.51230216026306	1.36564242839813	1.10739248343138
969	ctrl_M2	ctrl	4.04012727737427	0.782888621091843	5.16053901989247
969	ctrl_M3	ctrl	2.30204319953918	0.780365347862244	2.94995569170962
969	mut_M1	mut	1.50658345222473	0.289498627185822	5.20411259586974
969	mut_M2	mut	1.58102118968964	0.276199817657471	5.7241934592815
969	mut_M3	mut	2.93624782562256	1.07334971427917	2.73559287020861
970	ctrl_M1	ctrl	3.25351762771606	3.11246639490128	1.04531815445328
970	ctrl_M2	ctrl	5.77643966674805	5.28169196844101	1.09367219846656
970	ctrl_M3	ctrl	5.09253978729248	4.54835563898087	1.11964415087681
970	mut_M1	mut	1.28165245056152	2.4466345757246	0.523843022279674
970	mut_M2	mut	4.40777778625488	3.49795526266098	1.26010124637837
970	mut_M3	mut	5.4459376335144	2.82855263352394	1.92534427995763
971	ctrl_M1	ctrl	9.11463356018066	2.82474982738495	3.22670470560526
971	ctrl_M2	ctrl	10.3805856704712	8.02628654241562	1.29332358315568
971	ctrl_M3	ctrl	4.6518087387085	6.56089222431183	0.709020752005483
971	mut_M1	mut	4.32892799377441	1.85386788845062	2.3350790100757
971	mut_M2	mut	10.8223505020142	4.95344015955925	2.18481502822417
971	mut_M3	mut	2.2582483291626	3.34198662638664	0.675720336919546
972	ctrl_M1	ctrl	0.960989236831665	0.606628715991974	1.58414729058817
972	ctrl_M2	ctrl	4.29851531982422	2.09043380618095	2.05627908767762
972	ctrl_M3	ctrl	0.985117793083191	1.39283776283264	0.707273897485187
972	mut_M1	mut	0	0.904336631298065	0
972	mut_M2	mut	1.93461394309998	0.977425545454025	1.97929545846004
972	mut_M3	mut	2.05208992958069	1.02276366949081	2.0064165269014
973	ctrl_M1	ctrl	8.92688274383545	3.2520714700222	2.74498356697385
973	ctrl_M2	ctrl	11.9933795928955	1.72076454758644	6.96979700663727
973	ctrl_M3	ctrl	4.96850109100342	4.56616511940956	1.08811244470412
973	mut_M1	mut	3.96942853927612	2.01908519864082	1.96595395872755
973	mut_M2	mut	7.78655672073364	2.25180801749229	3.45791322361711
973	mut_M3	mut	7.60809898376465	2.57144021987915	2.95869175761831
974	ctrl_M1	ctrl	8.5728816986084	5.96624225378036	1.4368980229015
974	ctrl_M2	ctrl	16.0253047943115	6.96244955062866	2.301676253132
974	ctrl_M3	ctrl	13.7454700469971	5.81031313538551	2.36570211049134
974	mut_M1	mut	16.9246768951416	4.88876634836197	3.4619525027643
974	mut_M2	mut	12.7592782974243	6.93073904514313	1.8409693705559
974	mut_M3	mut	11.011191368103	3.28050535917282	3.35655338507952
975	ctrl_M1	ctrl	2.07134699821472	0.681370735168457	3.0399705935457
975	ctrl_M2	ctrl	1.03238666057587	0.644332349300385	1.60225799883683
975	ctrl_M3	ctrl	0.99022114276886	0.360523104667664	2.7466232536793
975	mut_M1	mut	0	0.348129719495773	0
975	mut_M2	mut	0	0	NA
975	mut_M3	mut	0	0.377632707357407	0
976	ctrl_M1	ctrl	3.29169797897339	0.915810197591782	3.59430151316206
976	ctrl_M2	ctrl	6.03873634338379	2.09129706025124	2.88755550713505
976	ctrl_M3	ctrl	1.70861506462097	1.90036350488663	0.899099072481349
976	mut_M1	mut	0.882448673248291	0.512760743498802	1.72097549283305
976	mut_M2	mut	4.43759059906006	0.667493149638176	6.6481440318384
976	mut_M3	mut	0.874828219413757	1.03579673171043	0.844594496807433
977	ctrl_M1	ctrl	6.20916557312012	0.595471143722534	10.4273156450606
977	ctrl_M2	ctrl	7.24352169036865	2.00534662604332	3.61210455903107
977	ctrl_M3	ctrl	4.31580972671509	1.19382338225842	3.61511576239247
977	mut_M1	mut	3.64802360534668	1.00989347696304	3.61228554155735
977	mut_M2	mut	4.76805734634399	0.312711447477341	15.2474665855956
977	mut_M3	mut	5.27531433105469	0.865348383784294	6.0961740148921
978	ctrl_M1	ctrl	5.38082504272461	2.03477767109871	2.64442898069505
978	ctrl_M2	ctrl	4.45974493026733	3.25515645742416	1.37005547616485
978	ctrl_M3	ctrl	3.23482036590576	2.28440642356873	1.41604415594852
978	mut_M1	mut	3.41034412384033	1.24867352843285	2.73117355832833
978	mut_M2	mut	3.51819777488708	1.23475983738899	2.84929722230569
978	mut_M3	mut	4.89294481277466	0.71026873588562	6.88886412362462
979	ctrl_M1	ctrl	4.04411268234253	0.728485070168972	5.55140091121497
979	ctrl_M2	ctrl	4.89495277404785	1.23747196793556	3.9556069962651
979	ctrl_M3	ctrl	3.59330582618713	1.03077652305365	3.48601830350391
979	mut_M1	mut	3.42369866371155	0.611787155270576	5.59622514826638
979	mut_M2	mut	3.66235971450806	0.414432860910892	8.83703986807046
979	mut_M3	mut	4.57358932495117	0.567782290279865	8.05518136660586
980	ctrl_M1	ctrl	1.57778072357178	0.541645601391792	2.91293923465375
980	ctrl_M2	ctrl	2.40649271011353	1.26447170972824	1.90316057812849
980	ctrl_M3	ctrl	2.33188772201538	0.20159775018692	11.5670324686326
980	mut_M1	mut	1.93783068656921	0.540855526924133	3.58289892605838
980	mut_M2	mut	3.21365332603455	0.762441366910934	4.21495142512375
980	mut_M3	mut	3.44362211227417	0.179687365889549	19.164519971821
981	ctrl_M1	ctrl	7.58198976516724	2.29115283489227	3.30924661580847
981	ctrl_M2	ctrl	10.6371269226074	6.08099114894867	1.74924229653688
981	ctrl_M3	ctrl	14.3412961959839	6.52132719755173	2.19913765427503
981	mut_M1	mut	12.9792442321777	6.8863098025322	1.88478947424135
981	mut_M2	mut	9.28201866149902	4.48453742265701	2.06978285309961
981	mut_M3	mut	9.70177936553955	3.05421364307404	3.17652283020215
982	ctrl_M1	ctrl	13.9271583557129	0.796897724270821	17.4767199497985
982	ctrl_M2	ctrl	12.4646310806274	2.3795268535614	5.23828132553823
982	ctrl_M3	ctrl	8.60214710235596	0.418468475341797	20.5562607681018
982	mut_M1	mut	2.63061761856079	1.16677963733673	2.25459678450113
982	mut_M2	mut	7.88799619674683	1.03588956594467	7.61470764458702
982	mut_M3	mut	2.66207909584045	1.62751907110214	1.6356669135912
983	ctrl_M1	ctrl	3.23681330680847	1.02218177914619	3.16657308205211
983	ctrl_M2	ctrl	4.53882551193237	1.95268875360489	2.32439783531972
983	ctrl_M3	ctrl	1.12942564487457	1.7303075492382	0.652731154858464
983	mut_M1	mut	1.90176284313202	0.827298939228058	2.29876137023278
983	mut_M2	mut	2.14508056640625	1.00067958235741	2.14362379749256
983	mut_M3	mut	2.2434675693512	1.35716557502747	1.65305369560806
984	ctrl_M1	ctrl	1.89614105224609	0	NA
984	ctrl_M2	ctrl	2.70102095603943	0.829303532838821	3.2569750990852
984	ctrl_M3	ctrl	2.25697350502014	0.995184011757374	2.26789566387286
984	mut_M1	mut	1.92958629131317	0.885864868760109	2.17819484591809
984	mut_M2	mut	1.86171793937683	0.596477225422859	3.12118863894092
984	mut_M3	mut	1.82865929603577	0.417975634336472	4.37503803047929
985	ctrl_M1	ctrl	8.54369163513184	1.2965127825737	6.58974732063328
985	ctrl_M2	ctrl	13.7860813140869	2.40184178948402	5.73979575775826
985	ctrl_M3	ctrl	10.6271276473999	1.99796921014786	5.31896467344132
985	mut_M1	mut	4.04491376876831	0.423471301794052	9.55180138921311
985	mut_M2	mut	7.52380800247192	1.01722697913647	7.39639053700576
985	mut_M3	mut	6.38084602355957	0.725521206855774	8.79484426266814
986	ctrl_M1	ctrl	0	1.26382230222225	0
986	ctrl_M2	ctrl	0	0.556700214743614	0
986	ctrl_M3	ctrl	2.29789590835571	0.780914008617401	2.94257227172056
986	mut_M1	mut	0	0.155972599983215	0
986	mut_M2	mut	0.652432084083557	0.384051993489265	1.69881186699736
986	mut_M3	mut	1.77927529811859	0.431288182735443	4.12549049415995
987	ctrl_M1	ctrl	5.23577070236206	0.836496621370316	6.25916539123019
987	ctrl_M2	ctrl	5.94627571105957	1.50280612707138	3.95678165263238
987	ctrl_M3	ctrl	5.60619974136353	0.600997626781464	9.32815620485315
987	mut_M1	mut	2.78565621376038	1.40535971522331	1.98216597756805
987	mut_M2	mut	3.12743449211121	1.41849863529205	2.20474973630644
987	mut_M3	mut	4.31020021438599	1.07240387797356	4.0191949161268
988	ctrl_M1	ctrl	2.93413829803467	0.906334310770035	3.23736866536784
988	ctrl_M2	ctrl	5.48888444900513	2.06300495564938	2.66062591559669
988	ctrl_M3	ctrl	3.95415782928467	3.2081051170826	1.23255245229636
988	mut_M1	mut	5.33356618881226	1.23968249559402	4.30236468431906
988	mut_M2	mut	4.27159261703491	2.44817779958248	1.74480489846914
988	mut_M3	mut	3.67874836921692	1.87967821955681	1.95711602706356
989	ctrl_M1	ctrl	3.42360281944275	1.3190059363842	2.59559318499194
989	ctrl_M2	ctrl	6.03575849533081	3.03598561882973	1.9880721627586
989	ctrl_M3	ctrl	4.77120876312256	1.48167908191681	3.22013641236682
989	mut_M1	mut	0.9842289686203	1.51922476291656	0.647849477341855
989	mut_M2	mut	4.53485012054443	1.80282725393772	2.51541023170104
989	mut_M3	mut	1.99968135356903	1.63886635005474	1.22016133499979
990	ctrl_M1	ctrl	7.39742660522461	2.33169564604759	3.17255239454765
990	ctrl_M2	ctrl	9.28798198699951	3.65004026889801	2.54462452541754
990	ctrl_M3	ctrl	8.68804359436035	3.83085162937641	2.26791440517747
990	mut_M1	mut	6.5594310760498	1.97470015287399	3.32173523484219
990	mut_M2	mut	2.70949864387512	2.61808769404888	1.03491515965413
990	mut_M3	mut	5.51928186416626	1.39557811617851	3.95483549088575
991	ctrl_M1	ctrl	5.09761667251587	1.55247071385384	3.2835509404629
991	ctrl_M2	ctrl	11.2391395568848	1.45414879918098	7.72901615241504
991	ctrl_M3	ctrl	7.97780990600586	1.43940585851669	5.54243256604985
991	mut_M1	mut	4.87694406509399	0.224314600229263	21.7415364854069
991	mut_M2	mut	5.04963064193726	1.07501295208931	4.69727423481103
991	mut_M3	mut	2.06568694114685	0.698805719614029	2.95602466203023
992	ctrl_M1	ctrl	3.80251669883728	1.43778741359711	2.64470022680475
992	ctrl_M2	ctrl	5.23808097839355	1.71680057048798	3.05107131744761
992	ctrl_M3	ctrl	6.10314798355103	1.30967971682549	4.66003092599186
992	mut_M1	mut	2.09255433082581	1.38118135929108	1.51504675092043
992	mut_M2	mut	4.40906381607056	2.40688213706017	1.83185696889002
992	mut_M3	mut	6.86016702651978	0.550130784511566	12.4700657001236
993	ctrl_M1	ctrl	3.90751957893372	0.923107281327248	4.23300699493505
993	ctrl_M2	ctrl	2.5166323184967	2.26857286691666	1.10934603653142
993	ctrl_M3	ctrl	6.44800567626953	1.96443241834641	3.28237592499988
993	mut_M1	mut	4.35486268997192	0.753777995705605	5.77738102568964
993	mut_M2	mut	0	0.54325707256794	0
993	mut_M3	mut	2.11576819419861	0.761538088321686	2.77828282871765
994	ctrl_M1	ctrl	1.10725724697113	0.242666929960251	4.56286831976858
994	ctrl_M2	ctrl	2.69179582595825	0.945391684770584	2.84728104691492
994	ctrl_M3	ctrl	1.26492238044739	1.06461960077286	1.18814492944627
994	mut_M1	mut	2.25355243682861	0.939206629991531	2.39942134655601
994	mut_M2	mut	1.95448565483093	1.03650003671646	1.88565903096595
994	mut_M3	mut	1.30905258655548	0	NA
995	ctrl_M1	ctrl	22.8066806793213	8.9523423910141	2.5475657300835
995	ctrl_M2	ctrl	28.5334739685059	14.1997967362404	2.00942833890596
995	ctrl_M3	ctrl	23.2912101745605	9.32576715946198	2.49751144075361
995	mut_M1	mut	18.4899864196777	7.08416932821274	2.61004297935698
995	mut_M2	mut	24.2539539337158	9.41199171543121	2.57692045074273
995	mut_M3	mut	17.9533176422119	7.66624510288239	2.34186585496226
996	ctrl_M1	ctrl	2.66734886169434	0.869923651218414	3.06618731190772
996	ctrl_M2	ctrl	1.38298845291138	0.827009603381157	1.67227617098659
996	ctrl_M3	ctrl	2.45584416389465	1.46060526371002	1.68138800051745
996	mut_M1	mut	5.16172742843628	1.67513163387775	3.08138615738957
996	mut_M2	mut	4.66346549987793	0.816863596439362	5.70898926112704
996	mut_M3	mut	1.26904737949371	0.279119290411472	4.5466129468261
997	ctrl_M1	ctrl	16.6059608459473	6.39012718200684	2.59869019394574
997	ctrl_M2	ctrl	30.344409942627	13.3202310204506	2.27806934399554
997	ctrl_M3	ctrl	18.8231468200684	8.80656385421753	2.13739968637754
997	mut_M1	mut	18.9995784759521	7.16632860898972	2.65122903408565
997	mut_M2	mut	23.3089218139648	3.9122816324234	5.95788442753967
997	mut_M3	mut	14.302038192749	6.01657450199127	2.37710647279703
998	ctrl_M1	ctrl	21.7800846099854	9.01142060756683	2.41694240658313
998	ctrl_M2	ctrl	32.3439331054688	11.6584372520447	2.77429405041368
998	ctrl_M3	ctrl	28.9823780059814	13.6731429100037	2.11965736017994
998	mut_M1	mut	22.7710475921631	9.0867508649826	2.50596147407489
998	mut_M2	mut	28.4259510040283	9.14884436130524	3.10705373066078
998	mut_M3	mut	13.8929615020752	7.23532569408417	1.92015703086241
999	ctrl_M1	ctrl	13.753547668457	3.71926203370094	3.69792382032605
999	ctrl_M2	ctrl	19.4258251190186	5.2283838391304	3.71545504628626
999	ctrl_M3	ctrl	18.9210567474365	3.68936800956726	5.12853602524077
999	mut_M1	mut	11.4164438247681	3.04158744215965	3.75344915833224
999	mut_M2	mut	12.1197214126587	2.43486452102661	4.97757526465935
999	mut_M3	mut	10.8396224975586	5.10898271203041	2.12167922824125
1000	ctrl_M1	ctrl	10.408576965332	8.55490255355835	1.2166797809991
1000	ctrl_M2	ctrl	21.2982234954834	14.0281479358673	1.51824913686773
1000	ctrl_M3	ctrl	12.5367279052734	10.687474489212	1.17302997241566
1000	mut_M1	mut	6.45287847518921	5.4523104429245	1.18351266728826
1000	mut_M2	mut	6.94402885437012	9.68302035331726	0.717134592409609
1000	mut_M3	mut	4.3262357711792	8.73437213897705	0.495311592217764
1001	ctrl_M1	ctrl	5.34498119354248	3.62653654813766	1.47385284074616
1001	ctrl_M2	ctrl	14.0773687362671	4.85888403654099	2.89724320037255
1001	ctrl_M3	ctrl	8.95310688018799	5.0551415681839	1.7710892483283
1001	mut_M1	mut	14.4079418182373	6.55918824672699	2.19660440839258
1001	mut_M2	mut	10.6597318649292	6.69841885566711	1.59138030849036
1001	mut_M3	mut	8.91302394866943	2.8507245182991	3.12658199396532
1002	ctrl_M1	ctrl	8.66251182556152	4.33731287717819	1.99720704290009
1002	ctrl_M2	ctrl	12.1880741119385	5.59623545408249	2.17790588189909
1002	ctrl_M3	ctrl	9.09899806976318	5.58189618587494	1.63009088072765
1002	mut_M1	mut	4.48186635971069	3.22985036671162	1.38763900826582
1002	mut_M2	mut	8.56990718841553	2.49091535806656	3.44046503252823
1002	mut_M3	mut	8.17867755889893	0.73267263174057	11.162799324808
1003	ctrl_M1	ctrl	9.16841125488281	0.883469194173813	10.3777373510536
1003	ctrl_M2	ctrl	13.5577907562256	1.30958238244057	10.3527589695877
1003	ctrl_M3	ctrl	15.1050806045532	2.20241472125053	6.85841792592838
1003	mut_M1	mut	10.0855236053467	0.680640310049057	14.8176995344571
1003	mut_M2	mut	8.1824369430542	0.573175668716431	14.2756180864724
1003	mut_M3	mut	11.0596590042114	1.79943522810936	6.14618344214126
1004	ctrl_M1	ctrl	2.75319862365723	0	NA
1004	ctrl_M2	ctrl	1.63198900222778	0.921709895133972	1.77061026559834
1004	ctrl_M3	ctrl	2.69922947883606	0.276624947786331	9.75772250636259
1004	mut_M1	mut	1.75813508033752	0.236123576760292	7.44582605625337
1004	mut_M2	mut	0.77132111787796	0.258801370859146	2.98035947536675
1004	mut_M3	mut	0.774497866630554	0.265312314033508	2.9191930629075
1005	ctrl_M1	ctrl	0.627323508262634	0.409570053219795	1.53166351722005
1005	ctrl_M2	ctrl	2.29786491394043	0.870348453521729	2.64016659608284
1005	ctrl_M3	ctrl	4.05462074279785	0.274621903896332	14.7643748924283
1005	mut_M1	mut	0.677767395973206	0	NA
1005	mut_M2	mut	1.21105670928955	0.230814427137375	5.24688479966099
1005	mut_M3	mut	0	0.245230436325073	0
1006	ctrl_M1	ctrl	4.85268115997314	0	NA
1006	ctrl_M2	ctrl	3.85593056678772	1.10888959467411	3.47728988107327
1006	ctrl_M3	ctrl	0.939227759838104	1.30127902328968	0.721772765892823
1006	mut_M1	mut	0.897727966308594	0.19746533036232	4.54625611828362
1006	mut_M2	mut	0	0.624249830842018	0
1006	mut_M3	mut	0.915538787841797	0.624535888433456	1.46595064398664
1007	ctrl_M1	ctrl	12.0470323562622	3.63748532533646	3.31191229071086
1007	ctrl_M2	ctrl	11.2106895446777	4.62914329767227	2.4217633423262
1007	ctrl_M3	ctrl	12.4347648620605	4.92205908894539	2.52633392597586
1007	mut_M1	mut	9.56716537475586	3.79915285110474	2.51823649895367
1007	mut_M2	mut	9.72616672515869	2.15703308582306	4.50904846526611
1007	mut_M3	mut	6.27713680267334	4.71433240175247	1.33150068084718
1008	ctrl_M1	ctrl	10.3516912460327	4.02550861239433	2.57152381047215
1008	ctrl_M2	ctrl	19.4611587524414	6.06970101594925	3.20627963408801
1008	ctrl_M3	ctrl	12.8805894851685	4.49413126707077	2.86609106848895
1008	mut_M1	mut	5.85033941268921	2.47982338070869	2.3591758421994
1008	mut_M2	mut	8.72433853149414	5.59302306175232	1.55986099738354
1008	mut_M3	mut	3.77173471450806	4.56679975986481	0.825903239212685
1009	ctrl_M1	ctrl	7.3819637298584	3.67762909829617	2.0072616168059
1009	ctrl_M2	ctrl	13.2290678024292	5.41672039031982	2.4422652175421
1009	ctrl_M3	ctrl	13.8091630935669	2.40433087944984	5.74345370331337
1009	mut_M1	mut	7.31796026229858	3.25171941518784	2.25048945739861
1009	mut_M2	mut	8.82615280151367	2.15628783404827	4.09321643527674
1009	mut_M3	mut	4.36654424667358	2.83122742176056	1.54227958273953
1010	ctrl_M1	ctrl	9.09880924224854	3.8700253367424	2.35109810673939
1010	ctrl_M2	ctrl	8.45491790771484	5.9095813035965	1.43071352661978
1010	ctrl_M3	ctrl	6.31753349304199	4.77307042479515	1.3235785209084
1010	mut_M1	mut	3.52508640289307	8.20808625221252	0.429465078043358
1010	mut_M2	mut	6.49714803695679	3.4099945127964	1.90532507092768
1010	mut_M3	mut	4.28851652145386	2.96030420064926	1.44867426817598
1011	ctrl_M1	ctrl	9.47495746612549	1.10715985298157	8.55789472550829
1011	ctrl_M2	ctrl	8.12458038330078	5.07152497768402	1.60199948123118
1011	ctrl_M3	ctrl	5.80926990509033	2.86656367778778	2.02656230876878
1011	mut_M1	mut	12.7911891937256	0.830090641975403	15.4093885015808
1011	mut_M2	mut	6.95269823074341	2.8331343382597	2.45406585097346
1011	mut_M3	mut	3.7681770324707	4.30734801292419	0.874825303449893
1012	ctrl_M1	ctrl	2.80746412277222	0.42376920580864	6.62498379846877
1012	ctrl_M2	ctrl	8.68537521362305	1.49941466748714	5.79251050556868
1012	ctrl_M3	ctrl	2.79214096069336	1.90174166858196	1.46820202071679
1012	mut_M1	mut	1.7212039232254	2.02237319946289	0.851081256259985
1012	mut_M2	mut	3.69435095787048	1.46060799062252	2.52932407708925
1012	mut_M3	mut	5.86205148696899	1.2645580470562	4.63565235349649
1013	ctrl_M1	ctrl	10.3954038619995	4.76308047771454	2.18249595207082
1013	ctrl_M2	ctrl	19.6915016174316	6.90974938869476	2.84981415529331
1013	ctrl_M3	ctrl	10.6307334899902	5.6504317522049	1.88140198062598
1013	mut_M1	mut	13.1866073608398	3.70720432698727	3.55702200303489
1013	mut_M2	mut	11.3250398635864	2.70743763446808	4.1829365594275
1013	mut_M3	mut	16.549072265625	5.83942604064941	2.83402378083455
1014	ctrl_M1	ctrl	11.9853439331055	4.94608509540558	2.42319808533797
1014	ctrl_M2	ctrl	15.8482522964478	6.71631094813347	2.35966625411412
1014	ctrl_M3	ctrl	14.1839389801025	9.31398822367191	1.52286417370095
1014	mut_M1	mut	11.0167617797852	5.92212411761284	1.8602720174372
1014	mut_M2	mut	15.733980178833	5.34321480989456	2.9446654754918
1014	mut_M3	mut	9.58377647399902	4.66434502601624	2.05468858340105
1015	ctrl_M1	ctrl	8.72560787200928	7.35985565185547	1.1855677997991
1015	ctrl_M2	ctrl	19.2244892120361	8.2544287443161	2.3289908735688
1015	ctrl_M3	ctrl	8.78512001037598	6.37274718284607	1.37854519539445
1015	mut_M1	mut	5.23026466369629	7.12122845649719	0.734461012681647
1015	mut_M2	mut	5.63913297653198	6.34083038568497	0.889336669415234
1015	mut_M3	mut	11.5492277145386	3.92555946111679	2.94205904379625
1016	ctrl_M1	ctrl	14.2173194885254	7.4614759683609	1.90542991075914
1016	ctrl_M2	ctrl	23.5440979003906	7.6507260799408	3.07736777586642
1016	ctrl_M3	ctrl	16.6285610198975	9.87365674972534	1.68413399831425
1016	mut_M1	mut	19.969934463501	6.56826919317245	3.04036480177445
1016	mut_M2	mut	19.9453372955322	8.00450551509857	2.49176382699845
1016	mut_M3	mut	15.3396005630493	8.32644045352936	1.84227589792554
1017	ctrl_M1	ctrl	9.76663780212402	2.52739751338959	3.86430616884861
1017	ctrl_M2	ctrl	14.0679874420166	4.62075451016426	3.04452171416406
1017	ctrl_M3	ctrl	12.1997604370117	2.70074927806854	4.51717622812305
1017	mut_M1	mut	9.22282791137695	2.50310663878918	3.68455253502036
1017	mut_M2	mut	10.6383171081543	3.63655698299408	2.92538166125352
1017	mut_M3	mut	6.59472751617432	2.7094319164753	2.43398901300071
1018	ctrl_M1	ctrl	5.10159206390381	3.4656795412302	1.47203225318776
1018	ctrl_M2	ctrl	12.2949094772339	3.91755795478821	3.13841163784355
1018	ctrl_M3	ctrl	11.9250946044922	2.45995566248894	4.84768680441443
1018	mut_M1	mut	4.03553295135498	2.81350761651993	1.43434228777621
1018	mut_M2	mut	6.94672536849976	1.63351824879646	4.25261571067108
1018	mut_M3	mut	2.06938123703003	1.69598014652729	1.22016831462757
1019	ctrl_M1	ctrl	7.03534507751465	1.11793479323387	6.29316228468332
1019	ctrl_M2	ctrl	9.7306079864502	1.72786897420883	5.63156589515459
1019	ctrl_M3	ctrl	3.15256452560425	2.21898594498634	1.4207230707014
1019	mut_M1	mut	2.15210390090942	1.22517114877701	1.75657409420529
1019	mut_M2	mut	4.2610936164856	3.073561668396	1.38636997601201
1019	mut_M3	mut	3.32888388633728	1.29293923079967	2.57466384114463
1020	ctrl_M1	ctrl	6.34722471237183	3.63453182578087	1.74636652438946
1020	ctrl_M2	ctrl	6.11332321166992	7.15827214717865	0.854022183842147
1020	ctrl_M3	ctrl	8.5925350189209	4.75594782829285	1.80669244683561
1020	mut_M1	mut	1.2973119020462	1.8298100233078	0.708987209339369
1020	mut_M2	mut	4.28789901733398	4.43262982368469	0.967348772149352
1020	mut_M3	mut	4.61927604675293	4.80474019050598	0.961399755991068
1021	ctrl_M1	ctrl	4.15646934509277	1.2027026116848	3.45594106532304
1021	ctrl_M2	ctrl	11.8035268783569	2.19298613071442	5.38239923775152
1021	ctrl_M3	ctrl	6.61989736557007	1.38608771562576	4.77595846997421
1021	mut_M1	mut	2.73832583427429	0.791110053658485	3.46137155205008
1021	mut_M2	mut	4.00813817977905	1.22161996364594	3.28100252047022
1021	mut_M3	mut	3.63087749481201	0.774598091840744	4.68743408105182
1022	ctrl_M1	ctrl	10.1785125732422	1.02792483568192	9.90200082721988
1022	ctrl_M2	ctrl	8.10571765899658	2.4003940820694	3.3768278798657
1022	ctrl_M3	ctrl	6.59227561950684	1.07404798269272	6.13778502053466
1022	mut_M1	mut	1.92895781993866	0.476061880588531	4.05190564208583
1022	mut_M2	mut	4.11732578277588	2.35261279344559	1.75010770758656
1022	mut_M3	mut	4.26912450790405	1.43135887384415	2.98256753488985
1023	ctrl_M1	ctrl	10.3249626159668	1.67574106156826	6.16143081575149
1023	ctrl_M2	ctrl	4.28497791290283	1.79107896983624	2.39240032687929
1023	ctrl_M3	ctrl	7.17297697067261	2.77055263519287	2.58900584654414
1023	mut_M1	mut	6.92370843887329	0.361958608031273	19.1284536000732
1023	mut_M2	mut	4.8562126159668	0.217141702771187	22.3642559397447
1023	mut_M3	mut	3.68412041664124	1.06814527511597	3.44908178921754
1024	ctrl_M1	ctrl	7.11739730834961	4.47322523593903	1.59111087256833
1024	ctrl_M2	ctrl	7.11129999160767	5.68476033210754	1.25094103817236
1024	ctrl_M3	ctrl	10.5270357131958	4.42748838663101	2.3776540543805
1024	mut_M1	mut	4.54451465606689	3.92485272884369	1.15788157417202
1024	mut_M2	mut	5.23426675796509	3.66983735561371	1.42629393369662
1024	mut_M3	mut	4.24429225921631	4.40353393554688	0.963837754253439
1025	ctrl_M1	ctrl	10.9861030578613	1.13609915971756	9.67002128633959
1025	ctrl_M2	ctrl	7.56715059280396	3.41506409645081	2.2158151001231
1025	ctrl_M3	ctrl	8.76568126678467	2.08202415704727	4.210172700021
1025	mut_M1	mut	6.51875305175781	2.45103581249714	2.65959110777596
1025	mut_M2	mut	5.06348466873169	0.575254276394844	8.80216780041146
1025	mut_M3	mut	9.27320957183838	0.763132989406586	12.1514987565264
1026	ctrl_M1	ctrl	3.79061889648438	2.07052862644196	1.83074933042499
1026	ctrl_M2	ctrl	4.13074827194214	1.85069608688354	2.23199708543074
1026	ctrl_M3	ctrl	6.063880443573	1.59696102142334	3.79713741426724
1026	mut_M1	mut	3.82747197151184	0.564368680119514	6.78186459727232
1026	mut_M2	mut	3.23377132415771	1.19008821249008	2.71725346929664
1026	mut_M3	mut	1.90153956413269	0.648042529821396	2.93428205191527
1027	ctrl_M1	ctrl	8.49999809265137	1.39441683888435	6.09573683824132
1027	ctrl_M2	ctrl	13.8728656768799	2.68744853138924	5.16209539079378
1027	ctrl_M3	ctrl	8.16749382019043	2.18369859457016	3.74021114475193
1027	mut_M1	mut	11.9966688156128	2.29753786325455	5.22153258385003
1027	mut_M2	mut	12.024130821228	1.38849051296711	8.65985810413157
1027	mut_M3	mut	4.35048246383667	0.680395156145096	6.39405266857738
1028	ctrl_M1	ctrl	3.50849556922913	1.36542239785194	2.56953128551914
1028	ctrl_M2	ctrl	2.52652931213379	1.54533661901951	1.63493783881005
1028	ctrl_M3	ctrl	4.1456937789917	0.554014906287193	7.48300042461787
1028	mut_M1	mut	1.25632083415985	1.30300133675337	0.964174631846634
1028	mut_M2	mut	4.09638500213623	1.37720070779324	2.97442847578847
1028	mut_M3	mut	4.3232798576355	0.394992470741272	10.9452209292043
1029	ctrl_M1	ctrl	4.7568039894104	1.94783315062523	2.44210033486879
1029	ctrl_M2	ctrl	4.75678777694702	1.89445999264717	2.51089376149889
1029	ctrl_M3	ctrl	0.926005363464355	1.63221427798271	0.567330757949762
1029	mut_M1	mut	4.23713159561157	1.66769778728485	2.54070709208649
1029	mut_M2	mut	3.77957487106323	1.17688038945198	3.21151996833188
1029	mut_M3	mut	5.79370212554932	1.6861904412508	3.43597139671341
1030	ctrl_M1	ctrl	3.59989070892334	0.85680229216814	4.20154187474663
1030	ctrl_M2	ctrl	5.79265832901001	1.87983584403992	3.08147030357775
1030	ctrl_M3	ctrl	3.03852987289429	1.6058894097805	1.89211651461703
1030	mut_M1	mut	4.6977915763855	1.02908816933632	4.56500396794495
1030	mut_M2	mut	3.34644937515259	1.19439348578453	2.80179807993049
1030	mut_M3	mut	1.96309030056	0.534854158759117	3.67032819771738
1031	ctrl_M1	ctrl	3.78536152839661	1.46130400896072	2.5903997424114
1031	ctrl_M2	ctrl	3.81039786338806	1.94448703527451	1.95959026430338
1031	ctrl_M3	ctrl	7.35738563537598	1.13561774790287	6.47875189425558
1031	mut_M1	mut	3.39374160766602	1.33772563934326	2.53694891377886
1031	mut_M2	mut	4.69560813903809	1.3580174446106	3.45769353528778
1031	mut_M3	mut	3.83348917961121	1.84772458672523	2.07470810701577
1032	ctrl_M1	ctrl	20.368839263916	1.67546337842941	12.1571378558031
1032	ctrl_M2	ctrl	25.4995765686035	3.68786126375198	6.91446199976096
1032	ctrl_M3	ctrl	28.0142593383789	3.52780556678772	7.94098733845119
1032	mut_M1	mut	13.1224565505981	1.36167079210281	9.63702579706015
1032	mut_M2	mut	18.5160217285156	4.21850627660751	4.38923650088914
1032	mut_M3	mut	17.341272354126	0.67562347650528	25.667065987442
1033	ctrl_M1	ctrl	1.98592972755432	0.892546415328979	2.22501563330164
1033	ctrl_M2	ctrl	2.1954300403595	1.05381360650063	2.08331912476421
1033	ctrl_M3	ctrl	5.39592218399048	1.0769254565239	5.01048809952683
1033	mut_M1	mut	5.34028005599976	1.94229134917259	2.74947425280697
1033	mut_M2	mut	5.19658374786377	1.32399022579193	3.92494117149202
1033	mut_M3	mut	4.75278615951538	1.02740454673767	4.62601238685088
1034	ctrl_M1	ctrl	6.40396738052368	0.376746654510498	16.9980736493713
1034	ctrl_M2	ctrl	9.20049476623535	0	NA
1034	ctrl_M3	ctrl	15.8959684371948	2.64031654596329	6.0204782875363
1034	mut_M1	mut	4.11095094680786	1.89578196406364	2.1684724428942
1034	mut_M2	mut	1.95523464679718	2.40591681003571	0.812677578310849
1034	mut_M3	mut	3.9411985874176	0.448580294847488	8.78593784142382
1035	ctrl_M1	ctrl	33.7677040100098	2.61754161119461	12.9005414338375
1035	ctrl_M2	ctrl	47.2819137573242	5.46825993061066	8.64661050449445
1035	ctrl_M3	ctrl	47.0946922302246	5.15001234412193	9.14457851425872
1035	mut_M1	mut	40.8875122070312	3.27945339679718	12.4677826637095
1035	mut_M2	mut	33.318359375	3.41342520713806	9.76097537023092
1035	mut_M3	mut	30.0674266815186	3.2753364443779	9.17995057671989
1036	ctrl_M1	ctrl	11.0660362243652	3.49806022644043	3.1634779014728
1036	ctrl_M2	ctrl	12.2527751922607	5.15949454903603	2.37480146084271
1036	ctrl_M3	ctrl	11.148455619812	6.46523749828339	1.7243690773575
1036	mut_M1	mut	6.02639865875244	4.68060177564621	1.28752646510297
1036	mut_M2	mut	10.2317962646484	6.9300217628479	1.47644504083688
1036	mut_M3	mut	3.94997906684875	7.54578703641891	0.523468134971821
1037	ctrl_M1	ctrl	6.35025978088379	3.22051399946213	1.97181561140376
1037	ctrl_M2	ctrl	14.4642486572266	4.92861926555634	2.93474660506036
1037	ctrl_M3	ctrl	11.2760572433472	3.61245346069336	3.12144014200888
1037	mut_M1	mut	9.48949718475342	2.33921679854393	4.05669846021124
1037	mut_M2	mut	9.02082443237305	1.97993555665016	4.55612022425382
1037	mut_M3	mut	12.3493843078613	3.07544937729836	4.01547312045491
1038	ctrl_M1	ctrl	5.31124591827393	1.92921882867813	2.7530551948392
1038	ctrl_M2	ctrl	4.93874025344849	2.61870491504669	1.88594760145414
1038	ctrl_M3	ctrl	4.25975656509399	3.11545044183731	1.36730037746382
1038	mut_M1	mut	6.59482526779175	1.25358206033707	5.26078465578752
1038	mut_M2	mut	4.63428354263306	1.63056011497974	2.84214209587153
1038	mut_M3	mut	2.70156812667847	2.17603550851345	1.24150921072241
1039	ctrl_M1	ctrl	12.2163248062134	4.57409876585007	2.67076104639884
1039	ctrl_M2	ctrl	17.8054676055908	4.10363149642944	4.33895383176664
1039	ctrl_M3	ctrl	12.353814125061	5.32929164171219	2.31809684205836
1039	mut_M1	mut	6.42529201507568	2.55598014593124	2.51382704411998
1039	mut_M2	mut	8.62714767456055	3.95602145791054	2.18076361980028
1039	mut_M3	mut	7.19479465484619	2.49298799037933	2.88601256107593
1040	ctrl_M1	ctrl	16.5118064880371	7.56721317768097	2.18201947009206
1040	ctrl_M2	ctrl	9.19972705841064	10.692254781723	0.86041038548168
1040	ctrl_M3	ctrl	17.142520904541	7.24802565574646	2.36512972204367
1040	mut_M1	mut	9.10517501831055	5.7036327123642	1.59638172327832
1040	mut_M2	mut	8.55558109283447	5.62351578474045	1.52139362995126
1040	mut_M3	mut	7.1800422668457	4.94327396154404	1.45248722257809
1041	ctrl_M1	ctrl	9.4088659286499	5.40022900700569	1.74230869032477
1041	ctrl_M2	ctrl	15.817346572876	4.99728907644749	3.1651854297211
1041	ctrl_M3	ctrl	16.180492401123	2.98718750476837	5.41663098660347
1041	mut_M1	mut	9.91205596923828	4.3392399251461	2.28428391612951
1041	mut_M2	mut	8.25682353973389	5.40842533111572	1.52665943120834
1041	mut_M3	mut	5.11766862869263	4.19078481197357	1.22117189459856
1042	ctrl_M1	ctrl	14.6067228317261	1.85453289747238	7.8762274056363
1042	ctrl_M2	ctrl	19.6686820983887	1.6968492269516	11.5912962601419
1042	ctrl_M3	ctrl	16.2506904602051	4.22135657072067	3.84963700363998
1042	mut_M1	mut	11.0693731307983	1.23915410041809	8.93300770829353
1042	mut_M2	mut	12.2649660110474	1.41098514199257	8.69248417012173
1042	mut_M3	mut	10.1761350631714	2.12948268651962	4.77868879967417
1043	ctrl_M1	ctrl	3.91343569755554	0.797179460525513	4.90910251874245
1043	ctrl_M2	ctrl	4.86888456344604	1.85276773571968	2.62789796561024
1043	ctrl_M3	ctrl	5.76485300064087	1.79508602619171	3.21146335970931
1043	mut_M1	mut	2.50687527656555	0.847146898508072	2.95919784512044
1043	mut_M2	mut	2.64235186576843	1.14665481448174	2.30440044588547
1043	mut_M3	mut	5.82402610778809	1.57894106209278	3.68856460042196
1044	ctrl_M1	ctrl	3.81590175628662	1.72529652714729	2.21173676306881
1044	ctrl_M2	ctrl	6.52111434936523	1.90841864049435	3.41702507562808
1044	ctrl_M3	ctrl	8.83835697174072	2.56309053301811	3.44832024381648
1044	mut_M1	mut	9.64833927154541	1.94526638090611	4.95990645098756
1044	mut_M2	mut	3.36757612228394	2.57919484376907	1.30566953110172
1044	mut_M3	mut	5.12874126434326	0.747168898582458	6.86423280475619
1045	ctrl_M1	ctrl	3.61600804328918	1.12220697104931	3.22222917570016
1045	ctrl_M2	ctrl	7.20696973800659	2.69136399030685	2.67781309550214
1045	ctrl_M3	ctrl	5.16844940185547	3.36009210348129	1.53818682425419
1045	mut_M1	mut	5.6897759437561	1.72452241182327	3.29933429959922
1045	mut_M2	mut	5.03270101547241	1.34961795806885	3.72898195773391
1045	mut_M3	mut	4.18677377700806	2.86260604858398	1.46257420893772
1046	ctrl_M1	ctrl	4.68293857574463	0.344994574785233	13.5739484560297
1046	ctrl_M2	ctrl	1.70049655437469	3.30221307277679	0.514956641772593
1046	ctrl_M3	ctrl	5.1601734161377	3.00180864334106	1.71902143981914
1046	mut_M1	mut	4.13287734985352	2.93505059182644	1.40811111105301
1046	mut_M2	mut	9.73719787597656	1.30921345949173	7.43744101115245
1046	mut_M3	mut	3.21621036529541	2.2972469329834	1.40002814635106
1047	ctrl_M1	ctrl	2.83748841285706	0	NA
1047	ctrl_M2	ctrl	5.50468683242798	3.47201025485992	1.58544659386384
1047	ctrl_M3	ctrl	1.84026145935059	1.74972638487816	1.05174241827458
1047	mut_M1	mut	3.50040531158447	0.852146774530411	4.10774929414411
1047	mut_M2	mut	5.27227067947388	2.13648366928101	2.4677327307857
1047	mut_M3	mut	5.341139793396	0.749193638563156	7.12918465730638
1048	ctrl_M1	ctrl	6.21727991104126	0.609974011778831	10.1926963952287
1048	ctrl_M2	ctrl	5.25021505355835	1.8942124247551	2.77171397724157
1048	ctrl_M3	ctrl	5.54845190048218	0.502038970589638	11.0518350676355
1048	mut_M1	mut	8.20794010162354	0.577123999595642	14.2221430877496
1048	mut_M2	mut	5.13638877868652	2.06579992175102	2.48639218377586
1048	mut_M3	mut	3.19996070861816	0.568797409534454	5.62583558746733
1049	ctrl_M1	ctrl	3.54135131835938	2.0996198952198	1.6866630605006
1049	ctrl_M2	ctrl	6.00960302352905	3.18624097108841	1.88611064827159
1049	ctrl_M3	ctrl	5.4923882484436	2.31326639652252	2.37429993220849
1049	mut_M1	mut	3.54247140884399	2.19291612505913	1.61541582387173
1049	mut_M2	mut	4.31989192962646	1.68810743093491	2.55901481769678
1049	mut_M3	mut	1.68584299087524	1.45339471101761	1.15993472254683
1050	ctrl_M1	ctrl	0.877257823944092	0.788731247186661	1.11223921592202
1050	ctrl_M2	ctrl	2.53774952888489	2.26737603545189	1.11924510500488
1050	ctrl_M3	ctrl	3.2513165473938	1.77841217815876	1.8282131596512
1050	mut_M1	mut	0	1.61389198899269	0
1050	mut_M2	mut	1.58641755580902	1.02247163653374	1.55155165104345
1050	mut_M3	mut	0	0.486769288778305	0
1051	ctrl_M1	ctrl	3.94302868843079	2.2472048997879	1.75463692198381
1051	ctrl_M2	ctrl	11.5467090606689	1.54528218507767	7.47223333846213
1051	ctrl_M3	ctrl	5.1357684135437	1.53969341516495	3.33557860477925
1051	mut_M1	mut	5.85550975799561	1.07547515630722	5.44457928540278
1051	mut_M2	mut	8.62658977508545	0.664795249700546	12.976310794897
1051	mut_M3	mut	3.79133081436157	0.659681677818298	5.74721254484477
1052	ctrl_M1	ctrl	3.42387771606445	1.49303834140301	2.2932282588584
1052	ctrl_M2	ctrl	2.31758642196655	1.11971914768219	2.06979261430327
1052	ctrl_M3	ctrl	1.85370659828186	0.544622883200645	3.40365169268683
1052	mut_M1	mut	1.34039688110352	1.66254660487175	0.806231161987134
1052	mut_M2	mut	1.44060981273651	0.542986169457436	2.65312432207252
1052	mut_M3	mut	0.637394309043884	1.21390748023987	0.525076514824618
1053	ctrl_M1	ctrl	16.0837726593018	0.720993876457214	22.3077798362636
1053	ctrl_M2	ctrl	14.4474363327026	0.842132151126862	17.1557828701475
1053	ctrl_M3	ctrl	19.564302444458	0.302268445491791	64.7249249342811
1053	mut_M1	mut	14.9658660888672	0.972574383020401	15.3878884228778
1053	mut_M2	mut	17.2102451324463	0.606119513511658	28.3941446345058
1053	mut_M3	mut	9.51727867126465	0.298576980829239	31.8754602073887
1054	ctrl_M1	ctrl	1.94489455223083	0.231917634606361	8.38614344929804
1054	ctrl_M2	ctrl	5.59643650054932	1.53445452451706	3.64718302897291
1054	ctrl_M3	ctrl	3.77168798446655	0.768944054841995	4.90502262253861
1054	mut_M1	mut	3.10868835449219	0.619916617870331	5.01468788685132
1054	mut_M2	mut	3.05729937553406	0.962433308362961	3.17663504470178
1054	mut_M3	mut	3.98933243751526	0.277011811733246	14.4013080617547
1055	ctrl_M1	ctrl	3.64096856117249	0.207252576947212	17.567784269818
1055	ctrl_M2	ctrl	3.89919948577881	0.538787335157394	7.23699172446165
1055	ctrl_M3	ctrl	5.56246042251587	0.876146733760834	6.34877721753201
1055	mut_M1	mut	0	0	NA
1055	mut_M2	mut	0	0	NA
1055	mut_M3	mut	0.939499974250793	0.689547702670097	1.36248728059396
1056	ctrl_M1	ctrl	2.30715036392212	0.310634136199951	7.42722738764627
1056	ctrl_M2	ctrl	1.87267053127289	0.550658375024796	3.40078461748369
1056	ctrl_M3	ctrl	2.82231974601746	0.545526921749115	5.17356638782976
1056	mut_M1	mut	2.24536275863647	0	NA
1056	mut_M2	mut	1.6984635591507	0.293732881546021	5.7823405749165
1056	mut_M3	mut	1.38773119449615	0.912340044975281	1.52106794187002
1057	ctrl_M1	ctrl	11.2638177871704	0.557355001568794	20.209413668965
1057	ctrl_M2	ctrl	12.0324878692627	3.88786345720291	3.09488437588273
1057	ctrl_M3	ctrl	7.63743019104004	2.3457001298666	3.2559277691963
1057	mut_M1	mut	9.80649280548096	2.42473143339157	4.04436246853294
1057	mut_M2	mut	3.7295835018158	1.09958943724632	3.39179640644394
1057	mut_M3	mut	5.88165092468262	2.14065343141556	2.74759605565542
1058	ctrl_M1	ctrl	7.91662740707397	2.03328886628151	3.89350846225404
1058	ctrl_M2	ctrl	7.84832954406738	2.43910060822964	3.21771456150138
1058	ctrl_M3	ctrl	4.16867065429688	2.03556835651398	2.04791484449874
1058	mut_M1	mut	5.01087427139282	2.09381559491158	2.39317840767369
1058	mut_M2	mut	3.85339260101318	2.32159698009491	1.659802555763
1058	mut_M3	mut	7.09704446792603	1.43371868133545	4.9500955524381
1059	ctrl_M1	ctrl	9.046217918396	2.13864281773567	4.22988721790105
1059	ctrl_M2	ctrl	7.00770664215088	2.2722595334053	3.0840256313718
1059	ctrl_M3	ctrl	12.5038137435913	2.44878166913986	5.10613661526766
1059	mut_M1	mut	5.37945508956909	1.28557106852531	4.18448673999789
1059	mut_M2	mut	7.58429145812988	1.57894399762154	4.8033948446269
1059	mut_M3	mut	8.01930999755859	2.87875010073185	2.78569160814615
1060	ctrl_M1	ctrl	5.57145261764526	1.3090894818306	4.25597538974516
1060	ctrl_M2	ctrl	8.80157279968262	2.86084112524986	3.07656818898459
1060	ctrl_M3	ctrl	7.64867639541626	2.00814574956894	3.80882532906692
1060	mut_M1	mut	5.6432580947876	2.10048481822014	2.68664550480753
1060	mut_M2	mut	6.49440002441406	2.40252673625946	2.70315411121098
1060	mut_M3	mut	5.11344861984253	5.2390173971653	0.976031998406665
1061	ctrl_M1	ctrl	3.72552347183228	1.70130813121796	2.18979936877466
1061	ctrl_M2	ctrl	7.99834012985229	2.83242404460907	2.82384982046579
1061	ctrl_M3	ctrl	3.7550482749939	2.53033381700516	1.48401299850558
1061	mut_M1	mut	2.69479155540466	1.71769577264786	1.56884100101766
1061	mut_M2	mut	4.94178867340088	2.07669347524643	2.37964279866313
1061	mut_M3	mut	4.2984504699707	0.955125659704208	4.50040308968548
1062	ctrl_M1	ctrl	3.62835764884949	0.803471922874451	4.51584871300655
1062	ctrl_M2	ctrl	5.98630905151367	1.72511899471283	3.47008471291581
1062	ctrl_M3	ctrl	1.77080988883972	1.31880509853363	1.34273812772537
1062	mut_M1	mut	2.0355818271637	0.280774027109146	7.24989361773266
1062	mut_M2	mut	1.83090364933014	0	NA
1062	mut_M3	mut	0	0.758829310536385	0
1063	ctrl_M1	ctrl	7.07309436798096	3.8898321390152	1.81835465264362
1063	ctrl_M2	ctrl	8.4589958190918	4.44298288226128	1.90390015970229
1063	ctrl_M3	ctrl	6.56320667266846	2.77756056189537	2.3629391786114
1063	mut_M1	mut	3.54788517951965	3.87670803070068	0.915179877211027
1063	mut_M2	mut	6.57340383529663	4.22967860102654	1.55411426147161
1063	mut_M3	mut	3.13852453231812	5.16369533538818	0.607805908069163
1064	ctrl_M1	ctrl	13.7244443893433	1.22224670648575	11.2288659208617
1064	ctrl_M2	ctrl	14.4762601852417	3.69461929798126	3.91820077190403
1064	ctrl_M3	ctrl	15.9447441101074	4.38152030110359	3.63908940604277
1064	mut_M1	mut	9.25678730010986	2.03950434923172	4.53874359404867
1064	mut_M2	mut	3.42900919914246	1.54503458738327	2.21937374550945
1064	mut_M3	mut	5.65015363693237	2.54891282320023	2.21669159710157
1065	ctrl_M1	ctrl	12.2224073410034	3.05298057198524	4.00343436612688
1065	ctrl_M2	ctrl	12.0820827484131	6.6007793545723	1.8304024569529
1065	ctrl_M3	ctrl	11.9810190200806	7.7123658657074	1.55348167199296
1065	mut_M1	mut	9.50326442718506	4.02297031879425	2.36225069391845
1065	mut_M2	mut	5.45078897476196	4.3841792345047	1.24328607093952
1065	mut_M3	mut	7.58045196533203	5.55266559123993	1.36519151761835
1066	ctrl_M1	ctrl	11.7937326431274	3.54016008973122	3.33141223679036
1066	ctrl_M2	ctrl	15.5607213973999	2.10586029291153	7.38924678421373
1066	ctrl_M3	ctrl	14.75048828125	4.97075474262238	2.96745445007979
1066	mut_M1	mut	10.9191751480103	5.09473395347595	2.14322774215923
1066	mut_M2	mut	8.95281028747559	4.23771177232265	2.11265200855523
1066	mut_M3	mut	6.90501832962036	5.31032955646515	1.30029939878472
1067	ctrl_M1	ctrl	4.26601886749268	0.853578239679337	4.99780649175791
1067	ctrl_M2	ctrl	8.85715866088867	2.1036896109581	4.21029728661102
1067	ctrl_M3	ctrl	7.70814418792725	1.47064235806465	5.24134514802843
1067	mut_M1	mut	6.73854780197144	0.175982818007469	38.2909415718382
1067	mut_M2	mut	4.39291000366211	2.12539938092232	2.06686331194648
1067	mut_M3	mut	5.53100156784058	0.913871139287949	6.05227731794891
1068	ctrl_M1	ctrl	7.34163045883179	1.27440124750137	5.76084688650925
1068	ctrl_M2	ctrl	3.82966065406799	1.69854986667633	2.25466483451661
1068	ctrl_M3	ctrl	8.55313873291016	2.15453794598579	3.96982506102798
1068	mut_M1	mut	5.78579807281494	0.825737953186035	7.00682105078368
1068	mut_M2	mut	7.39470863342285	3.35098978877068	2.20672371434937
1068	mut_M3	mut	5.26441812515259	0.840943366289139	6.26013395929749
1069	ctrl_M1	ctrl	6.81189393997192	1.19120463728905	5.71849179119592
1069	ctrl_M2	ctrl	7.74176549911499	2.63117468357086	2.94232289002126
1069	ctrl_M3	ctrl	7.94424772262573	1.69682368636131	4.68183452793582
1069	mut_M1	mut	1.76166260242462	0.797467023134232	2.20907266547634
1069	mut_M2	mut	4.48066997528076	0.558598130941391	8.02127634714711
1069	mut_M3	mut	3.39373016357422	0.707889050245285	4.79415547167778
1070	ctrl_M1	ctrl	4.42924356460571	0.326225161552429	13.5772591651974
1070	ctrl_M2	ctrl	3.7765634059906	2.2512980401516	1.67750486103399
1070	ctrl_M3	ctrl	4.79246711730957	0.765824913978577	6.25791487040031
1070	mut_M1	mut	1.46528995037079	0.30177253484726	4.85561070397754
1070	mut_M2	mut	3.53432631492615	1.35758811235428	2.60338631633791
1070	mut_M3	mut	1.58109617233276	0	NA
1071	ctrl_M1	ctrl	5.75537395477295	1.22260016202927	4.70748666123208
1071	ctrl_M2	ctrl	9.99155139923096	2.4100526869297	4.14578131566067
1071	ctrl_M3	ctrl	8.17062377929688	1.01750504970551	8.0300572283761
1071	mut_M1	mut	7.2721734046936	1.99607539176941	3.64323583902672
1071	mut_M2	mut	3.37939286231995	0.477473095059395	7.07766133272822
1071	mut_M3	mut	2.2563579082489	1.71166226267815	1.3182261229026
1072	ctrl_M1	ctrl	1.12184047698975	0	NA
1072	ctrl_M2	ctrl	1.55472910404205	0.607920065522194	2.55745646873255
1072	ctrl_M3	ctrl	1.82315313816071	0.527068912982941	3.45904130039199
1072	mut_M1	mut	1.77810835838318	0.804413467645645	2.21044081172253
1072	mut_M2	mut	0.559667527675629	0.150600925087929	3.71622901618211
1072	mut_M3	mut	1.48545062541962	0.145419180393219	10.2149566611702
1073	ctrl_M1	ctrl	6.51080846786499	0.489217847585678	13.3086078114203
1073	ctrl_M2	ctrl	3.90824246406555	3.58373063802719	1.09055139987223
1073	ctrl_M3	ctrl	7.93848943710327	1.76034477353096	4.5096219538744
1073	mut_M1	mut	4.06825971603394	1.55379644781351	2.61827070190484
1073	mut_M2	mut	3.25677919387817	0.938854724168777	3.46888513210773
1073	mut_M3	mut	3.21952056884766	1.47616554796696	2.18100237692292
1074	ctrl_M1	ctrl	35.7749519348145	4.30650644004345	8.30718644750326
1074	ctrl_M2	ctrl	34.7593879699707	3.94015553593636	8.82183143608069
1074	ctrl_M3	ctrl	43.7974014282227	2.67111837863922	16.3966530942499
1074	mut_M1	mut	34.7506256103516	2.57407906651497	13.5002168590727
1074	mut_M2	mut	25.3576393127441	2.71354016661644	9.34485497016358
1074	mut_M3	mut	20.4248809814453	1.20702549815178	16.9216648800877
1075	ctrl_M1	ctrl	10.0884313583374	1.94821970164776	5.17828217721279
1075	ctrl_M2	ctrl	13.9080944061279	4.67116561532021	2.97743551641864
1075	ctrl_M3	ctrl	14.8951072692871	2.93337687849998	5.07780209848245
1075	mut_M1	mut	10.5790567398071	2.59240543842316	4.08078789799249
1075	mut_M2	mut	6.80870819091797	2.55568617582321	2.66414094787081
1075	mut_M3	mut	3.43173575401306	3.76821744441986	0.910705341353091
1076	ctrl_M1	ctrl	7.10806798934937	3.42822742462158	2.07339452986669
1076	ctrl_M2	ctrl	10.5052833557129	4.27398985624313	2.4579570165258
1076	ctrl_M3	ctrl	7.95836591720581	3.8722665309906	2.05522162627837
1076	mut_M1	mut	5.74568176269531	2.3654972910881	2.42895300888396
1076	mut_M2	mut	7.5220627784729	2.65011087059975	2.83839550334382
1076	mut_M3	mut	9.82934188842773	2.25212053954601	4.36448303535705
1077	ctrl_M1	ctrl	1.38528513908386	0.468000546097755	2.96000752698803
1077	ctrl_M2	ctrl	1.40271496772766	0.864219427108765	1.62310048088184
1077	ctrl_M3	ctrl	3.22875475883484	2.01513615250587	1.60225141850579
1077	mut_M1	mut	3.88128805160522	1.07835629582405	3.59926312540258
1077	mut_M2	mut	0.663034796714783	1.07389456033707	0.617411449133958
1077	mut_M3	mut	1.2096631526947	0.438747406005859	2.75708331521975
1078	ctrl_M1	ctrl	11.9426698684692	4.88168886303902	2.44642176171681
1078	ctrl_M2	ctrl	17.0721759796143	7.42352545261383	2.29973967067132
1078	ctrl_M3	ctrl	11.0162792205811	5.00837072730064	2.19957343823038
1078	mut_M1	mut	11.27903175354	3.07754272222519	3.66494725551197
1078	mut_M2	mut	13.1332597732544	6.26715832948685	2.09556853087031
1078	mut_M3	mut	13.1199827194214	2.73285856842995	4.80082755506771
1079	ctrl_M1	ctrl	8.30882453918457	2.68150472640991	3.09856792619146
1079	ctrl_M2	ctrl	11.8515672683716	4.95894038677216	2.38993945157827
1079	ctrl_M3	ctrl	10.3131504058838	5.43267834186554	1.89835468932665
1079	mut_M1	mut	9.93487453460693	3.67897123098373	2.7004490959149
1079	mut_M2	mut	8.88143253326416	2.65935522317886	3.33969394380031
1079	mut_M3	mut	6.90500593185425	4.9885196685791	1.38417935391664
1080	ctrl_M1	ctrl	5.4144434928894	3.09878954291344	1.74727693439898
1080	ctrl_M2	ctrl	5.52615070343018	3.75232023000717	1.47272896892908
1080	ctrl_M3	ctrl	6.99172115325928	2.05533739924431	3.40173888522144
1080	mut_M1	mut	3.57868361473083	2.85904040932655	1.25170795175077
1080	mut_M2	mut	1.83701980113983	1.70971184968948	1.07446164186876
1080	mut_M3	mut	3.89850687980652	1.18075856566429	3.30169688636832
1081	ctrl_M1	ctrl	4.59822702407837	1.26300044357777	3.64071687184268
1081	ctrl_M2	ctrl	5.24184989929199	1.64682011306286	3.18301304296246
1081	ctrl_M3	ctrl	4.8670220375061	1.7687696814537	2.75164261833459
1081	mut_M1	mut	2.58162522315979	1.14544332027435	2.25382188491129
1081	mut_M2	mut	3.69592976570129	1.69931392371655	2.17495408830523
1081	mut_M3	mut	1.88208663463593	1.02493888139725	1.83629157679156
1082	ctrl_M1	ctrl	9.8227367401123	3.10702508687973	3.16146038910066
1082	ctrl_M2	ctrl	11.0903244018555	2.89406758546829	3.83208894551816
1082	ctrl_M3	ctrl	12.7210168838501	1.90683564543724	6.67127075911839
1082	mut_M1	mut	4.2912654876709	1.41908501088619	3.02396646765445
1082	mut_M2	mut	6.08933877944946	1.53839308023453	3.95824634008439
1082	mut_M3	mut	5.85974454879761	0.591196477413177	9.91167026981849
1083	ctrl_M1	ctrl	13.1274585723877	2.91821104288101	4.4984610021308
1083	ctrl_M2	ctrl	16.7604751586914	5.49318152666092	3.05114168853608
1083	ctrl_M3	ctrl	22.3962879180908	5.03703320026398	4.44632525291219
1083	mut_M1	mut	7.68570423126221	3.46230012178421	2.21982611585433
1083	mut_M2	mut	10.0046539306641	3.33472603559494	3.00014268754739
1083	mut_M3	mut	7.818678855896	1.02224984765053	7.64850087663592
1084	ctrl_M1	ctrl	3.70431804656982	2.02112200856209	1.83280278522385
1084	ctrl_M2	ctrl	7.44408178329468	4.02722704410553	1.84843856623138
1084	ctrl_M3	ctrl	4.84097862243652	2.42779047787189	1.99398534039887
1084	mut_M1	mut	3.54840159416199	1.3291329741478	2.66971150605689
1084	mut_M2	mut	2.13944625854492	1.93831832706928	1.10376413856631
1084	mut_M3	mut	3.65497541427612	2.31545585393906	1.57851224330547
1085	ctrl_M1	ctrl	8.98869609832764	2.24284327030182	4.00772368597919
1085	ctrl_M2	ctrl	13.200478553772	3.26239168643951	4.04625802862397
1085	ctrl_M3	ctrl	10.6482858657837	5.09040427207947	2.09183500889877
1085	mut_M1	mut	6.42840194702148	1.69555935263634	3.79131638006437
1085	mut_M2	mut	7.43310642242432	4.42536967992783	1.67965773710131
1085	mut_M3	mut	4.84600687026978	2.17578193545341	2.2272484164457
1086	ctrl_M1	ctrl	2.67427635192871	2.35544860363007	1.13535754836989
1086	ctrl_M2	ctrl	8.81677913665771	3.46984094381332	2.54097501281086
1086	ctrl_M3	ctrl	11.443639755249	1.87086552381516	6.11676232715681
1086	mut_M1	mut	5.09866285324097	2.60270193219185	1.95898838440834
1086	mut_M2	mut	6.16047048568726	0.607440203428268	10.1416904098853
1086	mut_M3	mut	3.12006783485413	1.37438693642616	2.27015242371794
1087	ctrl_M1	ctrl	4.31097269058228	0.794719189405441	5.42452321279353
1087	ctrl_M2	ctrl	3.39499139785767	0.935892164707184	3.62754548641816
1087	ctrl_M3	ctrl	5.71654462814331	1.18151396512985	4.83832167613444
1087	mut_M1	mut	1.14194798469543	0.215599313378334	5.29662162092113
1087	mut_M2	mut	3.30227661132812	0.295361042022705	11.1804745429977
1087	mut_M3	mut	2.46283030509949	0.330969780683517	7.441254304285
1088	ctrl_M1	ctrl	30.3209056854248	17.2839438915253	1.75428165444878
1088	ctrl_M2	ctrl	34.7559928894043	24.9128546714783	1.39510278319068
1088	ctrl_M3	ctrl	26.8188800811768	24.2809233665466	1.10452471993412
1088	mut_M1	mut	19.757755279541	20.0567753314972	0.9850913196656
1088	mut_M2	mut	16.055549621582	16.491622209549	0.973557932480746
1088	mut_M3	mut	19.2296810150146	12.3449399471283	1.55769741265432
1089	ctrl_M1	ctrl	24.927433013916	2.98052820563316	8.36342798796652
1089	ctrl_M2	ctrl	33.760612487793	5.10680115222931	6.61091189600269
1089	ctrl_M3	ctrl	32.6642990112305	3.60015985369682	9.07301351568852
1089	mut_M1	mut	12.0721321105957	3.18670585751534	3.78827938641576
1089	mut_M2	mut	18.6809349060059	4.95310002565384	3.77156423436853
1089	mut_M3	mut	24.5669708251953	2.99982088804245	8.18947921961655
1090	ctrl_M1	ctrl	11.40758228302	7.80263978242874	1.46201575378495
1090	ctrl_M2	ctrl	23.3434505462646	10.7951835393906	2.16239496633723
1090	ctrl_M3	ctrl	21.4465675354004	11.170580804348	1.91991516923208
1090	mut_M1	mut	12.8582448959351	10.3070555925369	1.24751872932997
1090	mut_M2	mut	11.1066226959229	7.77374714612961	1.42873475135509
1090	mut_M3	mut	10.6853704452515	4.70965415239334	2.26882274143663
1091	ctrl_M1	ctrl	10.3878831863403	2.9974205493927	3.46560751658455
1091	ctrl_M2	ctrl	18.9176979064941	6.43996971845627	2.93754454345927
1091	ctrl_M3	ctrl	18.8732643127441	7.27298307418823	2.59498257045657
1091	mut_M1	mut	6.67931461334229	3.89469215273857	1.71497883565603
1091	mut_M2	mut	10.6467533111572	4.1148881316185	2.58737369537421
1091	mut_M3	mut	6.50276041030884	3.94742096960545	1.64734404067342
1092	ctrl_M1	ctrl	20.220142364502	8.35724020004272	2.41947603281746
1092	ctrl_M2	ctrl	22.2455444335938	13.3548355698586	1.66572956418881
1092	ctrl_M3	ctrl	29.3452167510986	5.237144947052	5.60328519599541
1092	mut_M1	mut	12.2888517379761	9.66163855791092	1.27192211386484
1092	mut_M2	mut	15.5227069854736	12.9751482009888	1.19634140165665
1092	mut_M3	mut	12.7007417678833	7.16871953010559	1.77168903240607
1093	ctrl_M1	ctrl	9.41658782958984	5.5009418129921	1.71181374930195
1093	ctrl_M2	ctrl	14.0776443481445	7.40105223655701	1.90211390194072
1093	ctrl_M3	ctrl	15.6275434494019	6.34554719924927	2.4627574200773
1093	mut_M1	mut	9.76148796081543	6.06333243846893	1.60992128666465
1093	mut_M2	mut	9.94532489776611	5.03233444690704	1.97628456587949
1093	mut_M3	mut	12.1642112731934	3.85341960191727	3.15673156049268
1094	ctrl_M1	ctrl	18.2568702697754	6.89687073230743	2.64712374327296
1094	ctrl_M2	ctrl	27.9048252105713	10.2896274328232	2.71193737506539
1094	ctrl_M3	ctrl	28.2896976470947	5.54654529690742	5.10041767131482
1094	mut_M1	mut	21.0333786010742	3.8933373093605	5.40240337011258
1094	mut_M2	mut	17.039041519165	5.40667186677456	3.15148430291738
1094	mut_M3	mut	13.1276168823242	4.06003376841545	3.23337627988441
1095	ctrl_M1	ctrl	10.7704601287842	2.77335032820702	3.88355557508933
1095	ctrl_M2	ctrl	10.1243143081665	4.81439059972763	2.10292748343669
1095	ctrl_M3	ctrl	13.0858192443848	4.88262921571732	2.68007638226166
1095	mut_M1	mut	12.7633028030396	3.75666612386703	3.39750789189146
1095	mut_M2	mut	11.7626123428345	3.18898156285286	3.68851688572061
1095	mut_M3	mut	8.13410472869873	2.7653583586216	2.94142880373494
1096	ctrl_M1	ctrl	8.55241680145264	2.14815239608288	3.98128960359043
1096	ctrl_M2	ctrl	8.96887111663818	5.4622238278389	1.64198161762014
1096	ctrl_M3	ctrl	7.94943428039551	3.07371217012405	2.5862650243125
1096	mut_M1	mut	10.55491065979	3.0858693420887	3.42040102470633
1096	mut_M2	mut	9.93351078033447	3.18627226352692	3.11759635045719
1096	mut_M3	mut	4.60487365722656	1.4820191860199	3.10716197243936
1097	ctrl_M1	ctrl	10.0354471206665	0.616967156529427	16.2657720341518
1097	ctrl_M2	ctrl	15.7702512741089	1.94076424837112	8.1257944066853
1097	ctrl_M3	ctrl	10.8699531555176	1.5196358114481	7.15299881302438
1097	mut_M1	mut	7.04259395599365	1.82910452783108	3.85029605953939
1097	mut_M2	mut	7.72842931747437	0.861547291278839	8.97040637897272
1097	mut_M3	mut	2.04248046875	0.74250739812851	2.75078803780013
1098	ctrl_M1	ctrl	6.9810676574707	2.81652402877808	2.47861107739222
1098	ctrl_M2	ctrl	12.1512727737427	4.8449005484581	2.50805411838843
1098	ctrl_M3	ctrl	11.6422319412231	4.8288409113884	2.41097856708552
1098	mut_M1	mut	6.95706987380981	2.20617479085922	3.15345361692774
1098	mut_M2	mut	8.51443862915039	1.6909541040659	5.03528665188336
1098	mut_M3	mut	3.91855931282043	3.17102265357971	1.23573993027039
1099	ctrl_M1	ctrl	8.80483245849609	2.00008083879948	4.40223829341872
1099	ctrl_M2	ctrl	9.15540885925293	4.54922986030579	2.01251841309191
1099	ctrl_M3	ctrl	10.26136302948	2.98683089017868	3.43553532381812
1099	mut_M1	mut	2.88298320770264	1.55325728654861	1.85608864202319
1099	mut_M2	mut	5.22440910339355	1.75159625709057	2.98265601005073
1099	mut_M3	mut	7.09973335266113	2.39097163081169	2.9693925520358
1100	ctrl_M1	ctrl	12.9030561447144	3.17205521464348	4.06772747370496
1100	ctrl_M2	ctrl	11.9557943344116	4.42975875735283	2.69897188296463
1100	ctrl_M3	ctrl	16.4377365112305	3.8864574432373	4.229490931345
1100	mut_M1	mut	11.1436967849731	1.40642362833023	7.92342830460225
1100	mut_M2	mut	9.08318519592285	1.09469458460808	8.29746061014343
1100	mut_M3	mut	5.91433668136597	2.18184369802475	2.71070594411519
1101	ctrl_M1	ctrl	3.64685797691345	1.78651416301727	2.04132609324194
1101	ctrl_M2	ctrl	4.42408132553101	0.899395063519478	4.91895219906907
1101	ctrl_M3	ctrl	3.1855993270874	1.47300633788109	2.16265147349595
1101	mut_M1	mut	4.78740072250366	1.22856339812279	3.89674698905949
1101	mut_M2	mut	3.43830132484436	0.443743735551834	7.74839406029819
1101	mut_M3	mut	5.81064987182617	1.31830103695393	4.40768057442501
1102	ctrl_M1	ctrl	5.56403350830078	0.408801138401031	13.6106115801529
1102	ctrl_M2	ctrl	11.1433029174805	1.69747124612331	6.56464899946291
1102	ctrl_M3	ctrl	7.43119478225708	0.206815496087074	35.9315182994236
1102	mut_M1	mut	6.68435144424438	0.571700349450111	11.6920541515738
1102	mut_M2	mut	3.06519484519958	0.898551061749458	3.41126395113453
1102	mut_M3	mut	3.94586515426636	0.877969413995743	4.49430822004181
1103	ctrl_M1	ctrl	7.77728223800659	0.934950485825539	8.31838942908237
1103	ctrl_M2	ctrl	7.91675138473511	1.09953340888023	7.20010080712103
1103	ctrl_M3	ctrl	4.45153474807739	0.992487490177155	4.48523008313466
1103	mut_M1	mut	0.850807964801788	1.38867755234241	0.612674960696707
1103	mut_M2	mut	4.13324975967407	0.513417527079582	8.05046485885434
1103	mut_M3	mut	3.69267082214355	0.507331624627113	7.2786135200179
1104	ctrl_M1	ctrl	19.6485080718994	2.60865107178688	7.53205681066442
1104	ctrl_M2	ctrl	18.3875293731689	7.00771415233612	2.62389831740486
1104	ctrl_M3	ctrl	16.7843170166016	4.8658859282732	3.44938563378077
1104	mut_M1	mut	12.2017469406128	4.28262682259083	2.84912682007423
1104	mut_M2	mut	18.6796627044678	6.02079635858536	3.10252358524492
1104	mut_M3	mut	15.959005355835	5.73474389314651	2.7828627839697
1105	ctrl_M1	ctrl	4.54288530349731	3.2875544577837	1.38184336163359
1105	ctrl_M2	ctrl	8.69414901733398	2.43728393316269	3.56714656796355
1105	ctrl_M3	ctrl	4.89106321334839	3.42260986566544	1.42904491172483
1105	mut_M1	mut	5.91190338134766	3.15997126698494	1.87087251175814
1105	mut_M2	mut	7.4113335609436	2.396021515131	3.09318322650304
1105	mut_M3	mut	4.71871042251587	2.81204256415367	1.67803662813192
1106	ctrl_M1	ctrl	5.10352849960327	1.45625790208578	3.50454990993941
1106	ctrl_M2	ctrl	4.58700084686279	1.93149247765541	2.3748478960844
1106	ctrl_M3	ctrl	5.14769983291626	1.17028024792671	4.39868983693095
1106	mut_M1	mut	1.52159070968628	0.727179020643234	2.0924568317996
1106	mut_M2	mut	3.34034895896912	0.818690985441208	4.0801096120155
1106	mut_M3	mut	1.97392177581787	0.501140892505646	3.93885592921482
1107	ctrl_M1	ctrl	7.20371246337891	1.10866598784924	6.49763999466945
1107	ctrl_M2	ctrl	4.45650100708008	1.62170095741749	2.74804117657853
1107	ctrl_M3	ctrl	4.82754993438721	0.869986787438393	5.54899224228628
1107	mut_M1	mut	3.43085122108459	0.528027638792992	6.49748416375914
1107	mut_M2	mut	3.71329832077026	0.776632815599442	4.78127919163983
1107	mut_M3	mut	5.74677562713623	2.00075843930244	2.87229858150183
1108	ctrl_M1	ctrl	1.21677565574646	2.6126613765955	0.465722679045386
1108	ctrl_M2	ctrl	8.16396522521973	4.81336623430252	1.6961030654678
1108	ctrl_M3	ctrl	4.33236217498779	2.4194277971983	1.79065569966778
1108	mut_M1	mut	2.80194687843323	1.09586772322655	2.55682945947481
1108	mut_M2	mut	2.3650529384613	1.69189822673798	1.39786950602885
1108	mut_M3	mut	0.898585379123688	1.81292226910591	0.495655767727343
1109	ctrl_M1	ctrl	5.9670238494873	1.71993362903595	3.46933378634611
1109	ctrl_M2	ctrl	10.5729722976685	5.38357836008072	1.96393023199349
1109	ctrl_M3	ctrl	10.2188110351562	0.469136446714401	21.7821725570966
1109	mut_M1	mut	1.93554425239563	1.22983479499817	1.57382459844821
1109	mut_M2	mut	7.19324064254761	0	NA
1109	mut_M3	mut	4.52715635299683	0	NA
1110	ctrl_M1	ctrl	9.80319786071777	1.3053697347641	7.50990129435578
1110	ctrl_M2	ctrl	12.4077272415161	1.0836838632822	11.4495819878099
1110	ctrl_M3	ctrl	10.756760597229	1.35285490751266	7.9511561347005
1110	mut_M1	mut	4.88996887207031	1.23579436540604	3.95694381602367
1110	mut_M2	mut	6.76579189300537	0.723515525460243	9.35127396015657
1110	mut_M3	mut	8.44938468933105	0.888889640569687	9.50554973721582
1111	ctrl_M1	ctrl	1.6011403799057	0.386773996055126	4.13973120281202
1111	ctrl_M2	ctrl	3.31150603294373	0.464418075978756	7.1304417382221
1111	ctrl_M3	ctrl	2.42722105979919	0.511150807142258	4.74854196820955
1111	mut_M1	mut	0	0.167808338999748	0
1111	mut_M2	mut	0	0.27631051838398	0
1111	mut_M3	mut	1.45729148387909	0.330302625894547	4.41198879340532
1112	ctrl_M1	ctrl	0.776278078556061	0.7324478328228	1.05984077468609
1112	ctrl_M2	ctrl	0.730126440525055	0.809053413569927	0.902445287639775
1112	ctrl_M3	ctrl	0.713088512420654	1.38337603956461	0.515469758060205
1112	mut_M1	mut	0.673590481281281	0.34020870923996	1.97993309103141
1112	mut_M2	mut	0	0.172428905963898	0
1112	mut_M3	mut	1.33745527267456	0.110854767262936	12.0649323948537
1113	ctrl_M1	ctrl	11.8658075332642	2.69043165445328	4.41037315094905
1113	ctrl_M2	ctrl	18.6814384460449	5.29821574687958	3.52598673563784
1113	ctrl_M3	ctrl	14.3219366073608	5.60311940312386	2.55606485904549
1113	mut_M1	mut	8.24636554718018	5.75387930870056	1.43318361487191
1113	mut_M2	mut	13.7285585403442	3.58701130747795	3.82729725767072
1113	mut_M3	mut	10.8949499130249	2.6150364279747	4.16627080084802
1114	ctrl_M1	ctrl	9.50427532196045	2.40560591220856	3.95088625020658
1114	ctrl_M2	ctrl	8.40302658081055	2.67361688613892	3.14294341286336
1114	ctrl_M3	ctrl	3.31965517997742	1.85476984083652	1.78979359427163
1114	mut_M1	mut	3.33898830413818	1.01080569624901	3.30329391348784
1114	mut_M2	mut	3.56054353713989	1.73687440156937	2.04997179641932
1114	mut_M3	mut	3.4841456413269	1.07649675011635	3.23655936810802
1115	ctrl_M1	ctrl	9.15119552612305	0.568215131759644	16.1051598499035
1115	ctrl_M2	ctrl	4.84687280654907	2.73006522655487	1.77536886643014
1115	ctrl_M3	ctrl	9.53161144256592	0.556678175926208	17.1223012770477
1115	mut_M1	mut	6.79373073577881	1.32444354891777	5.12949815137844
1115	mut_M2	mut	8.53527545928955	1.0972446501255	7.77882622468315
1115	mut_M3	mut	1.07606065273285	1.56361569464207	0.688187421257097
1116	ctrl_M1	ctrl	1.08404994010925	0.50296026468277	2.15533913159719
1116	ctrl_M2	ctrl	1.13095784187317	2.67055130004883	0.423492273618743
1116	ctrl_M3	ctrl	4.29972648620605	0.551152408123016	7.80133847341616
1116	mut_M1	mut	0.915425360202789	0.888088524341583	1.03078165645871
1116	mut_M2	mut	5.95122861862183	1.09749926626682	5.42253539618765
1116	mut_M3	mut	1.62842392921448	0.598538443446159	2.72066723039313
1117	ctrl_M1	ctrl	1.66594076156616	1.13994345068932	1.46142403867383
1117	ctrl_M2	ctrl	4.39940547943115	1.55308100581169	2.83269543762907
1117	ctrl_M3	ctrl	4.7649359703064	0.497901871800423	9.57003024125275
1117	mut_M1	mut	2.22033905982971	1.69787994027138	1.30771264043253
1117	mut_M2	mut	5.72390508651733	1.1742028594017	4.87471567684128
1117	mut_M3	mut	2.15556621551514	0.152725949883461	14.1139486587575
1118	ctrl_M1	ctrl	1.21686184406281	0	NA
1118	ctrl_M2	ctrl	1.93866956233978	0.256328135728836	7.56323357491531
1118	ctrl_M3	ctrl	1.10073888301849	0	NA
1118	mut_M1	mut	0.611960291862488	0.283125698566437	2.16144382145829
1118	mut_M2	mut	0	0	NA
1118	mut_M3	mut	1.08883047103882	0.207212090492249	5.25466669658231
1119	ctrl_M1	ctrl	8.26646423339844	3.15908814966679	2.61672477682219
1119	ctrl_M2	ctrl	7.10224914550781	5.60359475016594	1.26744517798998
1119	ctrl_M3	ctrl	7.12448024749756	6.67884266376495	1.0667237732894
1119	mut_M1	mut	5.16754341125488	1.63819895684719	3.15440526296032
1119	mut_M2	mut	9.33118915557861	4.19961068034172	2.22191766471537
1119	mut_M3	mut	0	2.31038227677345	0
1120	ctrl_M1	ctrl	2.08879280090332	0	NA
1120	ctrl_M2	ctrl	1.46195292472839	0	NA
1120	ctrl_M3	ctrl	2.03972434997559	0.664129257202148	3.07127615273051
1120	mut_M1	mut	0.635680854320526	0	NA
1120	mut_M2	mut	0.593533098697662	0	NA
1120	mut_M3	mut	0.600818872451782	0	NA
1121	ctrl_M1	ctrl	6.3132004737854	2.10493111610413	2.99924326524759
1121	ctrl_M2	ctrl	8.5143985748291	2.53729283809662	3.35570196982713
1121	ctrl_M3	ctrl	12.1864280700684	2.64411580562592	4.60888590588172
1121	mut_M1	mut	4.51332664489746	1.83748731017113	2.45624915062795
1121	mut_M2	mut	5.96478509902954	1.55466189980507	3.83670886883986
1121	mut_M3	mut	6.11888551712036	0.999218136072159	6.12367339645493
1122	ctrl_M1	ctrl	2.54871582984924	0.504722356796265	5.04973832747824
1122	ctrl_M2	ctrl	4.16630411148071	0.732348725199699	5.68896205881239
1122	ctrl_M3	ctrl	3.39868140220642	2.7872314453125	1.21937537979569
1122	mut_M1	mut	3.12670850753784	0.173910573124886	17.978829299197
1122	mut_M2	mut	1.70049393177032	0.557457685470581	3.05044486082355
1122	mut_M3	mut	4.05226516723633	1.58590650558472	2.55517280051908
1123	ctrl_M1	ctrl	11.1867427825928	8.53302264213562	1.31099415198469
1123	ctrl_M2	ctrl	19.9812679290771	9.21880692243576	2.16744618877404
1123	ctrl_M3	ctrl	11.6448068618774	10.8285459280014	1.07538047483968
1123	mut_M1	mut	13.9304161071777	5.31048679351807	2.62319004807263
1123	mut_M2	mut	11.5980491638184	6.07753539085388	1.90834744973634
1123	mut_M3	mut	7.9461817741394	8.87434041500092	0.895410971694011
1124	ctrl_M1	ctrl	2.54121851921082	1.2225923538208	2.07854933107433
1124	ctrl_M2	ctrl	6.35306787490845	3.48014707863331	1.82551706332003
1124	ctrl_M3	ctrl	8.70693492889404	3.96844694018364	2.19404090822772
1124	mut_M1	mut	6.24592685699463	4.29910960793495	1.45284196650078
1124	mut_M2	mut	3.93861961364746	4.96799659729004	0.792798371841864
1124	mut_M3	mut	5.95254611968994	1.69960105419159	3.5023196208367
1125	ctrl_M1	ctrl	2.96770524978638	1.20246842503548	2.46801095812459
1125	ctrl_M2	ctrl	5.61836194992065	1.63355445861816	3.43934781009583
1125	ctrl_M3	ctrl	4.97814655303955	0.888160973787308	5.60500483579195
1125	mut_M1	mut	5.54034042358398	0.53245621919632	10.4052506550613
1125	mut_M2	mut	2.73187923431396	0.999832361936569	2.7323372780439
1125	mut_M3	mut	1.88155901432037	1.00617694854736	1.8700080706846
1126	ctrl_M1	ctrl	4.91316938400269	0.273617595434189	17.9563356523408
1126	ctrl_M2	ctrl	5.41199779510498	0.951721057295799	5.68653782914347
1126	ctrl_M3	ctrl	8.88936328887939	0.88116480410099	10.0881960417708
1126	mut_M1	mut	1.61517906188965	0.611837342381477	2.63988310292214
1126	mut_M2	mut	6.2114782333374	0.295742839574814	21.0029708319146
1126	mut_M3	mut	1.6729131937027	0.805569842457771	2.07668299572721
1127	ctrl_M1	ctrl	0.449930548667908	0.244600459933281	1.83945095111691
1127	ctrl_M2	ctrl	3.59908580780029	0	NA
1127	ctrl_M3	ctrl	1.63641357421875	0.317057147622108	5.1612574783179
1127	mut_M1	mut	0	0.169789806008339	0
1127	mut_M2	mut	0.381417989730835	0	NA
1127	mut_M3	mut	0	0	NA
1128	ctrl_M1	ctrl	1.73277795314789	0	NA
1128	ctrl_M2	ctrl	2.276118516922	0.334693133831024	6.80061311945269
1128	ctrl_M3	ctrl	1.69254910945892	0.171088695526123	9.89281673025845
1128	mut_M1	mut	0.449948370456696	0	NA
1128	mut_M2	mut	0.855126619338989	0.340597718954086	2.51066455161511
1128	mut_M3	mut	0	0.183184087276459	0
1129	ctrl_M1	ctrl	5.23538780212402	1.5158553570509	3.45375155866421
1129	ctrl_M2	ctrl	14.5664873123169	3.48092749714851	4.18465691234574
1129	ctrl_M3	ctrl	5.12331819534302	3.93490046262741	1.30201977000508
1129	mut_M1	mut	7.07390785217285	2.06533914804459	3.425058716807
1129	mut_M2	mut	5.68153190612793	2.09565436840057	2.71110159757123
1129	mut_M3	mut	4.01375532150269	1.59758470952511	2.51238967021398
1130	ctrl_M1	ctrl	5.42110109329224	3.42291176319122	1.58376886941371
1130	ctrl_M2	ctrl	3.61719584465027	6.55110776424408	0.552150258372013
1130	ctrl_M3	ctrl	6.56148910522461	3.78906285762787	1.73169180659421
1130	mut_M1	mut	5.20505905151367	3.95110297203064	1.31736861538655
1130	mut_M2	mut	8.96480464935303	3.46727609634399	2.58554680972934
1130	mut_M3	mut	5.07521629333496	3.17826813459396	1.59684962954938
1131	ctrl_M1	ctrl	5.00805759429932	0	NA
1131	ctrl_M2	ctrl	13.5730981826782	1.01237404346466	13.4071969449422
1131	ctrl_M3	ctrl	8.74637889862061	2.08909180760384	4.18668957811509
1131	mut_M1	mut	6.01149892807007	2.78823843598366	2.15602039283605
1131	mut_M2	mut	6.27242803573608	0.8946812748909	7.01079614804832
1131	mut_M3	mut	3.48418664932251	1.56491279602051	2.22644140822582
1132	ctrl_M1	ctrl	5.44878768920898	4.52568167448044	1.20397060180653
1132	ctrl_M2	ctrl	13.7112731933594	3.41280794143677	4.01759296996567
1132	ctrl_M3	ctrl	6.32471513748169	5.18584078550339	1.21961228643231
1132	mut_M1	mut	3.2944757938385	4.24227371811867	0.776582562263217
1132	mut_M2	mut	2.99215912818909	2.87577775120735	1.04046953104525
1132	mut_M3	mut	3.73032522201538	4.85616147518158	0.768163340753799
1133	ctrl_M1	ctrl	3.14943432807922	2.14580237865448	1.4677187234987
1133	ctrl_M2	ctrl	5.73597240447998	2.40933853387833	2.38072496821223
1133	ctrl_M3	ctrl	8.20788669586182	1.14934723079205	7.14134638859794
1133	mut_M1	mut	8.04401779174805	1.35128070414066	5.95288437635434
1133	mut_M2	mut	6.62737512588501	1.88462564349174	3.51654725105307
1133	mut_M3	mut	4.88225507736206	1.45388628542423	3.35807217270604
1134	ctrl_M1	ctrl	1.27702796459198	1.43194432556629	0.891813977535023
1134	ctrl_M2	ctrl	2.76397466659546	2.14363023638725	1.28938966230188
1134	ctrl_M3	ctrl	4.67836570739746	2.58910876512527	1.80694058527553
1134	mut_M1	mut	1.49160420894623	0.683126643300056	2.18349587675364
1134	mut_M2	mut	1.41972160339355	1.21659582853317	1.16696241273923
1134	mut_M3	mut	1.77480256557465	2.41816520690918	0.733945952287992
1135	ctrl_M1	ctrl	7.51688957214355	3.83302128314972	1.96108735560338
1135	ctrl_M2	ctrl	11.1725435256958	8.79651248455048	1.27011057453944
1135	ctrl_M3	ctrl	13.5826578140259	3.83798104524612	3.53901117642306
1135	mut_M1	mut	4.53263521194458	3.88270616531372	1.16739073701663
1135	mut_M2	mut	8.68905448913574	2.95083633065224	2.94460739786783
1135	mut_M3	mut	15.5131607055664	0.50043623149395	30.9992756904412
1136	ctrl_M1	ctrl	6.73015737533569	0.923517286777496	7.28752723061609
1136	ctrl_M2	ctrl	10.7311000823975	1.31063604354858	8.18770408094585
1136	ctrl_M3	ctrl	9.3554220199585	1.85090059041977	5.05452430475305
1136	mut_M1	mut	3.44622778892517	0.95340895652771	3.61463752289074
1136	mut_M2	mut	6.75768423080444	1.35635769367218	4.98222870141931
1136	mut_M3	mut	4.57357406616211	0.471163511276245	9.70697848348576
1137	ctrl_M1	ctrl	2.2817223072052	2.82903133332729	0.806538365385162
1137	ctrl_M2	ctrl	2.81366300582886	1.84364265203476	1.52614336770931
1137	ctrl_M3	ctrl	4.30003547668457	2.67653715610504	1.60656670387572
1137	mut_M1	mut	2.38992953300476	0.908547401428223	2.63049515000299
1137	mut_M2	mut	3.20017957687378	1.95625649392605	1.63586911369239
1137	mut_M3	mut	3.80399584770203	0.553898498415947	6.86767676493219
1138	ctrl_M1	ctrl	3.4721360206604	0.684034675359726	5.07596492653599
1138	ctrl_M2	ctrl	7.02036571502686	0.463028505444527	15.1618434555925
1138	ctrl_M3	ctrl	4.36717748641968	1.33530554175377	3.27054546683293
1138	mut_M1	mut	5.0986647605896	1.39037051796913	3.66712663616965
1138	mut_M2	mut	3.36383175849915	0.860833436250687	3.90764533165688
1138	mut_M3	mut	5.11938047409058	1.42487946152687	3.59285161469361
1139	ctrl_M1	ctrl	5.4808497428894	1.29559770226479	4.23036389560474
1139	ctrl_M2	ctrl	4.83366012573242	1.58302491903305	3.05343274614081
1139	ctrl_M3	ctrl	4.32573223114014	2.10120199620724	2.05869413742623
1139	mut_M1	mut	7.57518196105957	1.97961047291756	3.82660228600187
1139	mut_M2	mut	3.49370741844177	1.78803095221519	1.95394124140492
1139	mut_M3	mut	2.50781416893005	1.57273975014687	1.59455127187818
1140	ctrl_M1	ctrl	1.25572824478149	0	NA
1140	ctrl_M2	ctrl	7.05982065200806	2.64413759112358	2.66998989602811
1140	ctrl_M3	ctrl	1.8824554681778	1.11326912045479	1.69092579106908
1140	mut_M1	mut	1.20071983337402	0.886058360338211	1.35512499754046
1140	mut_M2	mut	5.85906457901001	0.450758919119835	12.9982221770577
1140	mut_M3	mut	2.92809796333313	0.894241705536842	3.27439208572284
1141	ctrl_M1	ctrl	8.51516723632812	2.3530076444149	3.61884384716715
1141	ctrl_M2	ctrl	12.2487716674805	3.25527796149254	3.76274217205846
1141	ctrl_M3	ctrl	11.0364332199097	2.10865627229214	5.23387019730481
1141	mut_M1	mut	2.16490411758423	1.22974434494972	1.76045055744716
1141	mut_M2	mut	4.30563879013062	1.12253051996231	3.83565409898626
1141	mut_M3	mut	1.98155689239502	1.79593816399574	1.1033547435655
1142	ctrl_M1	ctrl	8.69397830963135	1.76871341466904	4.9154250979988
1142	ctrl_M2	ctrl	10.8056497573853	8.45583415031433	1.27789282113386
1142	ctrl_M3	ctrl	12.4229764938354	1.7594895362854	7.06055718868473
1142	mut_M1	mut	2.97307348251343	1.70625698566437	1.74245351520469
1142	mut_M2	mut	6.39897060394287	6.0630017220974	1.05541296163928
1142	mut_M3	mut	6.81308269500732	7.19569760560989	0.946827266573254
1143	ctrl_M1	ctrl	8.46843242645264	3.23484206199646	2.61788126410912
1143	ctrl_M2	ctrl	11.539436340332	4.64583152532578	2.4838258291174
1143	ctrl_M3	ctrl	9.54716968536377	3.59537734091282	2.65540130564985
1143	mut_M1	mut	10.0287227630615	3.0196270942688	3.32117922179724
1143	mut_M2	mut	4.37833833694458	2.20747590065002	1.98341387811088
1143	mut_M3	mut	4.82448863983154	1.08165873587132	4.46026873341456
1144	ctrl_M1	ctrl	20.8852787017822	7.61466228961945	2.74277149890859
1144	ctrl_M2	ctrl	29.6673431396484	10.7152472734451	2.7687035476233
1144	ctrl_M3	ctrl	29.4766616821289	9.53118288516998	3.09265513391764
1144	mut_M1	mut	43.4359550476074	5.50305622816086	7.89306037349429
1144	mut_M2	mut	29.2745742797852	7.60861694812775	3.84755527573099
1144	mut_M3	mut	18.7521896362305	8.26278936862946	2.26947448369253
1145	ctrl_M1	ctrl	5.65444278717041	1.83615273237228	3.07950569006585
1145	ctrl_M2	ctrl	4.8725061416626	2.39764252305031	2.03220709293383
1145	ctrl_M3	ctrl	5.90350723266602	2.5968534052372	2.27333095536318
1145	mut_M1	mut	5.52197122573853	2.00366964936256	2.75592896638189
1145	mut_M2	mut	2.05010962486267	3.86421322822571	0.53053739630305
1145	mut_M3	mut	4.81058549880981	0.843448996543884	5.70346934849844
1146	ctrl_M1	ctrl	0	0.246694594621658	0
1146	ctrl_M2	ctrl	2.32909250259399	1.50302807986736	1.54960012643245
1146	ctrl_M3	ctrl	3.87848401069641	0.579325526952744	6.69482670839185
1146	mut_M1	mut	0	0.384824812412262	0
1146	mut_M2	mut	0	0.359148174524307	0
1146	mut_M3	mut	2.50401973724365	0.268064141273499	9.3411215888397
1147	ctrl_M1	ctrl	5.60871124267578	3.2977119833231	1.70078868956406
1147	ctrl_M2	ctrl	8.194260597229	2.27660010755062	3.59934121502136
1147	ctrl_M3	ctrl	6.35492658615112	2.62533536553383	2.42061516009743
1147	mut_M1	mut	4.46138572692871	2.7587778866291	1.61716017391309
1147	mut_M2	mut	4.6554126739502	2.64116124808788	1.76263856563872
1147	mut_M3	mut	6.8379340171814	1.73815041780472	3.93402892358286
1148	ctrl_M1	ctrl	0	0.408123791217804	0
1148	ctrl_M2	ctrl	4.81567096710205	0.409730896353722	11.7532531960799
1148	ctrl_M3	ctrl	1.26190376281738	0	NA
1148	mut_M1	mut	2.5427577495575	0	NA
1148	mut_M2	mut	1.26726078987122	0.203163608908653	6.23763673365836
1148	mut_M3	mut	2.71067452430725	0.184692621231079	14.6766801306901
1149	ctrl_M1	ctrl	0.931053340435028	0	NA
1149	ctrl_M2	ctrl	0.875596284866333	0.460702911019325	1.90056599149556
1149	ctrl_M3	ctrl	2.51211929321289	0	NA
1149	mut_M1	mut	0	0	NA
1149	mut_M2	mut	0.808750987052917	0.196507051587105	4.11563341122355
1149	mut_M3	mut	0	0.190645664930344	0
1150	ctrl_M1	ctrl	6.65605211257935	5.5748108625412	1.1939511988296
1150	ctrl_M2	ctrl	13.4843282699585	10.902214884758	1.23684300965398
1150	ctrl_M3	ctrl	11.6998357772827	5.3988228738308	2.16710865510966
1150	mut_M1	mut	6.045334815979	3.03392019867897	1.9925820127409
1150	mut_M2	mut	8.98171424865723	5.52476692199707	1.62571822041871
1150	mut_M3	mut	4.4102201461792	4.87451556324959	0.904750449342936
1151	ctrl_M1	ctrl	7.19172382354736	1.14650978147984	6.2727103943804
1151	ctrl_M2	ctrl	11.2734718322754	3.11871284246445	3.61478353466071
1151	ctrl_M3	ctrl	5.54384899139404	4.69482946395874	1.1808413988097
1151	mut_M1	mut	3.54916024208069	2.02794067561626	1.75013021078743
1151	mut_M2	mut	5.77557373046875	3.02511702477932	1.90920671271885
1151	mut_M3	mut	8.4237756729126	3.05344825983047	2.75877465609333
1152	ctrl_M1	ctrl	5.71598529815674	1.93254090845585	2.95775642996554
1152	ctrl_M2	ctrl	8.06274509429932	2.03147667646408	3.96890852241191
1152	ctrl_M3	ctrl	7.56692266464233	2.99566859006882	2.52595453640234
1152	mut_M1	mut	2.96905565261841	2.04647797346115	1.4508124158292
1152	mut_M2	mut	4.52351379394531	2.14395758509636	2.10988959174862
1152	mut_M3	mut	3.70662569999695	1.46177744865417	2.53569769010293
1153	ctrl_M1	ctrl	7.15128135681152	2.31345546245575	3.09116880478883
1153	ctrl_M2	ctrl	6.09415674209595	3.48793286085129	1.74721159644356
1153	ctrl_M3	ctrl	5.8521203994751	2.39692649245262	2.44151016641607
1153	mut_M1	mut	4.39274597167969	1.64775316417217	2.66590049237538
1153	mut_M2	mut	5.19165182113647	2.01917919516563	2.57116943041333
1153	mut_M3	mut	5.67459774017334	1.65645764768124	3.42574272763136
1154	ctrl_M1	ctrl	1.3623114824295	0.259697556495667	5.24576164986842
1154	ctrl_M2	ctrl	0.654497265815735	0.258397936820984	2.53290437945395
1154	ctrl_M3	ctrl	1.86512506008148	0.94577556848526	1.97205882899749
1154	mut_M1	mut	2.06243109703064	0.26104348897934	7.90071840172911
1154	mut_M2	mut	0.664077520370483	0.778412759304047	0.853117465551584
1154	mut_M3	mut	0	0	NA
1155	ctrl_M1	ctrl	0	0.26418125629425	0
1155	ctrl_M2	ctrl	2.51558685302734	0	NA
1155	ctrl_M3	ctrl	4.09923458099365	0.668085098266602	6.13579705883193
1155	mut_M1	mut	0	0	NA
1155	mut_M2	mut	0	0.20306333899498	0
1155	mut_M3	mut	1.57698750495911	0	NA
1156	ctrl_M1	ctrl	24.2856674194336	4.92346853017807	4.93263382726552
1156	ctrl_M2	ctrl	37.6510543823242	9.25713288784027	4.06724790909946
1156	ctrl_M3	ctrl	24.4674015045166	6.25091528892517	3.91421101928318
1156	mut_M1	mut	12.0886869430542	2.47218975424767	4.88987017371287
1156	mut_M2	mut	14.413384437561	3.78527629375458	3.80774963807584
1156	mut_M3	mut	12.7322216033936	4.00583970546722	3.17841514876805
1157	ctrl_M1	ctrl	2.38511204719543	0.176844581961632	13.4870518550176
1157	ctrl_M2	ctrl	7.00238037109375	0	NA
1157	ctrl_M3	ctrl	3.28406715393066	0.793696269392967	4.13768752679457
1157	mut_M1	mut	0	0.485018745064735	0
1157	mut_M2	mut	1.48057162761688	0.322120904922485	4.59632270054986
1157	mut_M3	mut	2.18971395492554	0.181699872016907	12.0512685596267
1158	ctrl_M1	ctrl	1.82863199710846	1.64943930506706	1.10863854856066
1158	ctrl_M2	ctrl	15.9294528961182	3.36793127655983	4.72974404406176
1158	ctrl_M3	ctrl	10.6465044021606	4.27560889720917	2.49005572261532
1158	mut_M1	mut	10.7414970397949	2.89720422029495	3.70753879362407
1158	mut_M2	mut	12.1604261398315	1.7873907238245	6.80345152167498
1158	mut_M3	mut	4.19571876525879	1.02481339871883	4.09412949762762
1159	ctrl_M1	ctrl	1.87366163730621	0.430786073207855	4.3494016028744
1159	ctrl_M2	ctrl	5.01057434082031	0.869298070669174	5.76393127959347
1159	ctrl_M3	ctrl	2.33098435401917	0.969399452209473	2.40456537158789
1159	mut_M1	mut	0.583483576774597	1.36392110586166	0.427798627257094
1159	mut_M2	mut	2.3705735206604	0.721704080700874	3.28468909079501
1159	mut_M3	mut	0.604064106941223	1.00523890554905	0.600915964957893
1160	ctrl_M1	ctrl	12.7261571884155	1.72949913144112	7.35829059238172
1160	ctrl_M2	ctrl	11.9200439453125	3.18261739611626	3.7453587603268
1160	ctrl_M3	ctrl	18.2045860290527	3.00935760140419	6.04932628164839
1160	mut_M1	mut	5.02263832092285	1.07471659779549	4.67345375629775
1160	mut_M2	mut	9.67686367034912	0.581628486514091	16.6375339150702
1160	mut_M3	mut	9.00627613067627	1.20686021447182	7.46256776276105
1161	ctrl_M1	ctrl	5.88531970977783	1.18357774615288	4.97248256729022
1161	ctrl_M2	ctrl	14.3662853240967	1.85107642412186	7.76104386447037
1161	ctrl_M3	ctrl	5.78941202163696	1.36957982182503	4.22714465369555
1161	mut_M1	mut	6.68662738800049	0.74709165096283	8.95021029800422
1161	mut_M2	mut	4.17521667480469	0.837520837783813	4.98520930637719
1161	mut_M3	mut	6.86365938186646	2.32719177007675	2.94933123695263
1162	ctrl_M1	ctrl	4.88458681106567	2.26136749982834	2.16001459799721
1162	ctrl_M2	ctrl	10.5717182159424	4.0956609249115	2.58119956943721
1162	ctrl_M3	ctrl	7.37676811218262	2.74078749120235	2.6914775902405
1162	mut_M1	mut	3.04716372489929	1.23375156521797	2.46983575203079
1162	mut_M2	mut	1.63191401958466	2.48159149289131	0.657607839267416
1162	mut_M3	mut	5.5087890625	1.66276872158051	3.31302182378302
1163	ctrl_M1	ctrl	6.79516315460205	1.62240782380104	4.18832001110675
1163	ctrl_M2	ctrl	8.37963771820068	2.35935595631599	3.55166319680097
1163	ctrl_M3	ctrl	10.2666597366333	2.47053894400597	4.15563566060852
1163	mut_M1	mut	7.52504110336304	1.58793687820435	4.73887923799114
1163	mut_M2	mut	6.59983444213867	1.27122333645821	5.19171907316198
1163	mut_M3	mut	7.59355926513672	1.87041789293289	4.05981962310557
1164	ctrl_M1	ctrl	0.919727146625519	0	NA
1164	ctrl_M2	ctrl	2.75704669952393	0	NA
1164	ctrl_M3	ctrl	2.61589384078979	0.814096137881279	3.2132492946076
1164	mut_M1	mut	2.64630198478699	0.201788261532784	13.1142513676746
1164	mut_M2	mut	0.872081458568573	0	NA
1164	mut_M3	mut	0.85389655828476	0.229916110634804	3.71394834371167
1165	ctrl_M1	ctrl	2.29294586181641	2.14004456996918	1.07144771374992
1165	ctrl_M2	ctrl	7.24774312973022	2.37836964428425	3.04735773396207
1165	ctrl_M3	ctrl	11.4086904525757	2.52173817157745	4.5241375893672
1165	mut_M1	mut	10.9240579605103	1.10327127575874	9.9015157926572
1165	mut_M2	mut	4.28121995925903	1.44505667686462	2.96266577484567
1165	mut_M3	mut	5.72966623306274	0.911655262112617	6.2849044712199
1166	ctrl_M1	ctrl	9.23147010803223	2.23823729157448	4.12443762901403
1166	ctrl_M2	ctrl	15.501293182373	5.73268926143646	2.70401769142617
1166	ctrl_M3	ctrl	7.69182777404785	1.72346031665802	4.46301414642558
1166	mut_M1	mut	9.01149654388428	2.11464637517929	4.26146737802449
1166	mut_M2	mut	4.06329345703125	1.238689661026	3.28031595392961
1166	mut_M3	mut	7.33817481994629	0.594180792570114	12.3500707389163
1167	ctrl_M1	ctrl	0	0.65974086523056	0
1167	ctrl_M2	ctrl	0.907768964767456	0.31965571641922	2.83983335238385
1167	ctrl_M3	ctrl	4.90976047515869	0	NA
1167	mut_M1	mut	0	0	NA
1167	mut_M2	mut	1.89998745918274	0	NA
1167	mut_M3	mut	0.964756608009338	0	NA
1168	ctrl_M1	ctrl	0	1.89471608400345	0
1168	ctrl_M2	ctrl	6.48837804794312	3.93995434045792	1.64681554334688
1168	ctrl_M3	ctrl	8.19343280792236	2.90962664783001	2.81597393742355
1168	mut_M1	mut	7.26530838012695	2.21439111232758	3.28095084002134
1168	mut_M2	mut	2.15632081031799	2.18190349638462	0.988275060694014
1168	mut_M3	mut	1.0869220495224	2.22245305776596	0.489064120263124
1169	ctrl_M1	ctrl	19.9320907592773	5.40983098745346	3.68442023521697
1169	ctrl_M2	ctrl	23.2882442474365	8.99504148960114	2.58900909732982
1169	ctrl_M3	ctrl	19.3161602020264	9.18551778793335	2.10289290685401
1169	mut_M1	mut	14.3959846496582	6.71657907962799	2.14335072646171
1169	mut_M2	mut	11.183141708374	7.45406937599182	1.50027335999754
1169	mut_M3	mut	12.7912158966064	4.43663746118546	2.88308792605035
1170	ctrl_M1	ctrl	0.962748050689697	1.70234873890877	0.56554102498812
1170	ctrl_M2	ctrl	4.92532968521118	2.20503783226013	2.2336712836182
1170	ctrl_M3	ctrl	4.06410264968872	3.64823201298714	1.11399237636783
1170	mut_M1	mut	4.80479764938354	2.06875228881836	2.32255822765904
1170	mut_M2	mut	5.78595685958862	2.81171065568924	2.05780664090783
1170	mut_M3	mut	6.03495073318481	1.55680945515633	3.87648643396685
1171	ctrl_M1	ctrl	5.18685865402222	2.85131186246872	1.81911306241027
1171	ctrl_M2	ctrl	3.32415318489075	6.56015384197235	0.506718785102655
1171	ctrl_M3	ctrl	9.0231351852417	1.40171884000301	6.43719334272649
1171	mut_M1	mut	4.71020221710205	2.51901024580002	1.86986227029264
1171	mut_M2	mut	2.57359886169434	1.40639960765839	1.82992006516505
1171	mut_M3	mut	4.83154916763306	0.561132609844208	8.61035178293146
1172	ctrl_M1	ctrl	9.70815563201904	1.64636032283306	5.89673809395092
1172	ctrl_M2	ctrl	9.44712734222412	1.29960928857327	7.26920577229434
1172	ctrl_M3	ctrl	8.29620838165283	2.46640539169312	3.36368401139349
1172	mut_M1	mut	4.21981143951416	0.822655811905861	5.1294981187066
1172	mut_M2	mut	4.1702938079834	0.665189325809479	6.26933362604474
1172	mut_M3	mut	3.55584788322449	1.28061661124229	2.77666856107313
1173	ctrl_M1	ctrl	3.57912731170654	1.70603829622269	2.09791733258921
1173	ctrl_M2	ctrl	3.71815037727356	0.571056038141251	6.51100790278988
1173	ctrl_M3	ctrl	7.03257608413696	1.31989926099777	5.32811578273081
1173	mut_M1	mut	5.71495962142944	1.93439507484436	2.95439111469474
1173	mut_M2	mut	2.08749127388	0.554803162813187	3.76257998115073
1173	mut_M3	mut	3.38753724098206	1.07227095961571	3.15921755653638
1174	ctrl_M1	ctrl	0.530852079391479	0.275370299816132	1.92777536192515
1174	ctrl_M2	ctrl	1.14842557907104	0.404272556304932	2.84072109560862
1174	ctrl_M3	ctrl	0	0.267592012882233	0
1174	mut_M1	mut	0	0	NA
1174	mut_M2	mut	1.83048486709595	0	NA
1174	mut_M3	mut	0.618802487850189	0.433415412902832	1.42773530757873
1175	ctrl_M1	ctrl	3.75016140937805	5.32992118597031	0.703605415263817
1175	ctrl_M2	ctrl	2.72368431091309	3.04884654283524	0.893349098633292
1175	ctrl_M3	ctrl	7.59405326843262	3.68397867679596	2.06137275339426
1175	mut_M1	mut	4.30790185928345	2.39981180429459	1.79509987057078
1175	mut_M2	mut	3.580491065979	3.12726762890816	1.14492633533545
1175	mut_M3	mut	5.40599775314331	2.7977140545845	1.93229102319614
1176	ctrl_M1	ctrl	4.22214937210083	2.71335017681122	1.55606504762418
1176	ctrl_M2	ctrl	6.21592378616333	2.96804618835449	2.09428135267985
1176	ctrl_M3	ctrl	7.89064311981201	2.14076828956604	3.68589312457143
1176	mut_M1	mut	4.72076845169067	1.1104631125927	4.25117088371236
1176	mut_M2	mut	7.41519737243652	1.25678253173828	5.90014356913476
1176	mut_M3	mut	5.33390378952026	1.46969899535179	3.62924912270456
1177	ctrl_M1	ctrl	2.92313385009766	2.98170351982117	0.980356977367413
1177	ctrl_M2	ctrl	3.99948287010193	3.79637283086777	1.05350107807713
1177	ctrl_M3	ctrl	5.92822933197021	4.86110155284405	1.21952386049245
1177	mut_M1	mut	3.58198356628418	1.52120286226273	2.35470472423128
1177	mut_M2	mut	2.98283934593201	1.02246798574924	2.91729363413392
1177	mut_M3	mut	2.33091354370117	1.87593244016171	1.24253597506968
1178	ctrl_M1	ctrl	6.3109655380249	1.4834765791893	4.254172682304
1178	ctrl_M2	ctrl	16.3044567108154	3.40991431474686	4.78148575179838
1178	ctrl_M3	ctrl	14.9697608947754	1.01484541594982	14.7507794384279
1178	mut_M1	mut	9.94841003417969	1.69318130612373	5.87557280380975
1178	mut_M2	mut	9.08118724822998	1.84341216087341	4.92629236205499
1178	mut_M3	mut	6.22949409484863	1.67665992677212	3.71541896802029
1179	ctrl_M1	ctrl	9.14422225952148	3.7608785033226	2.43140592056959
1179	ctrl_M2	ctrl	21.8153858184814	4.37676960229874	4.98435782569494
1179	ctrl_M3	ctrl	19.2370052337646	4.56832584738731	4.21095295659931
1179	mut_M1	mut	7.22036933898926	3.96858379244804	1.81938185423454
1179	mut_M2	mut	8.51419353485107	2.35815063118935	3.61053845426189
1179	mut_M3	mut	10.3072557449341	2.86677950620651	3.5954128047236
1180	ctrl_M1	ctrl	3.34173440933228	0	NA
1180	ctrl_M2	ctrl	3.22175002098083	1.05320805311203	3.05898726416037
1180	ctrl_M3	ctrl	2.3118462562561	0.396136850118637	5.83597879259084
1180	mut_M1	mut	1.60642755031586	0.853194147348404	1.88283939277876
1180	mut_M2	mut	1.46770107746124	0.409056931734085	3.58801174995208
1180	mut_M3	mut	2.06434202194214	0	NA
1181	ctrl_M1	ctrl	1.50203561782837	0	NA
1181	ctrl_M2	ctrl	0.713078260421753	0	NA
1181	ctrl_M3	ctrl	4.06135129928589	0.60137403011322	6.75345308563002
1181	mut_M1	mut	0.728688776493073	0	NA
1181	mut_M2	mut	1.32067239284515	0.274217128753662	4.81615571881928
1181	mut_M3	mut	0	0.280284881591797	0
1182	ctrl_M1	ctrl	3.1282422542572	0.885728806257248	3.5318285147301
1182	ctrl_M2	ctrl	1.90303170681	2.0363766849041	0.934518510704526
1182	ctrl_M3	ctrl	4.96347332000732	1.49258701503277	3.32541638779991
1182	mut_M1	mut	3.05530214309692	0.651076883077621	4.69269025288473
1182	mut_M2	mut	1.21493184566498	0	NA
1182	mut_M3	mut	0.382914811372757	0.18154202401638	2.10923511207635
1183	ctrl_M1	ctrl	1.2057363986969	0.1601542532444	7.52859430374859
1183	ctrl_M2	ctrl	2.61568975448608	0.158691078424454	16.4829036418157
1183	ctrl_M3	ctrl	6.33489942550659	0	NA
1183	mut_M1	mut	0	0	NA
1183	mut_M2	mut	1.78274035453796	0.175043910741806	10.1845322524104
1183	mut_M3	mut	1.73699009418488	0.175577655434608	9.89300198755527
1184	ctrl_M1	ctrl	7.94524002075195	5.06262636184692	1.56939095498515
1184	ctrl_M2	ctrl	9.99117183685303	4.47827824950218	2.23102971280618
1184	ctrl_M3	ctrl	12.5333566665649	3.94992062449455	3.17306545069339
1184	mut_M1	mut	11.8883590698242	7.13171458244324	1.66697067477866
1184	mut_M2	mut	10.4161291122437	3.96810156106949	2.62496535230723
1184	mut_M3	mut	6.75482988357544	5.44047558307648	1.24158812596963
1185	ctrl_M1	ctrl	3.88225650787354	2.82848414778709	1.37255727981042
1185	ctrl_M2	ctrl	11.944881439209	4.27858346700668	2.79178413400585
1185	ctrl_M3	ctrl	4.48720502853394	3.74865725636482	1.19701661732748
1185	mut_M1	mut	8.58393573760986	2.6229532957077	3.27262241064564
1185	mut_M2	mut	6.80866813659668	2.39995741844177	2.83699539178381
1185	mut_M3	mut	6.72661161422729	1.95328524708748	3.44374259942692
1186	ctrl_M1	ctrl	4.72439479827881	2.77795872092247	1.70067134644463
1186	ctrl_M2	ctrl	9.78574466705322	3.45010724663734	2.83635955855892
1186	ctrl_M3	ctrl	9.08726024627686	3.42433369159698	2.65373093415989
1186	mut_M1	mut	10.2367753982544	1.79789365828037	5.69376022386415
1186	mut_M2	mut	9.30601596832275	3.11865922808647	2.98397974504983
1186	mut_M3	mut	4.66974544525146	1.83743262290955	2.5414512548803
1187	ctrl_M1	ctrl	12.4749374389648	2.7389662861824	4.5546151852612
1187	ctrl_M2	ctrl	14.1199283599854	5.32361397147179	2.6523201035333
1187	ctrl_M3	ctrl	8.58108615875244	3.81519851088524	2.24918471064337
1187	mut_M1	mut	14.7090740203857	3.0280631929636	4.85758489273462
1187	mut_M2	mut	16.5412464141846	2.73547518253326	6.04693711710668
1187	mut_M3	mut	7.08910655975342	1.43467938899994	4.9412479290547
