loop_id	shift_detected	ctrl_peak_row	ctrl_peak_col	mut_peak_row	mut_peak_col	ctrl_centered	mut_centered
loop_1	FALSE	3	4	3	4	FALSE	FALSE
loop_2	TRUE	4	1	5	1	FALSE	FALSE
loop_3	FALSE	5	1	5	1	FALSE	FALSE
loop_4	TRUE	3	3	3	2	TRUE	FALSE
loop_5	TRUE	3	3	4	3	TRUE	FALSE
loop_6	TRUE	3	3	3	2	TRUE	FALSE
loop_7	FALSE	5	1	5	1	FALSE	FALSE
loop_8	FALSE	5	1	5	1	FALSE	FALSE
loop_9	TRUE	3	3	3	2	TRUE	FALSE
loop_10	TRUE	5	1	5	2	FALSE	FALSE
loop_11	TRUE	3	3	4	1	TRUE	FALSE
loop_12	TRUE	5	1	5	3	FALSE	FALSE
loop_13	TRUE	5	1	4	2	FALSE	FALSE
loop_14	FALSE	2	4	2	4	FALSE	FALSE
loop_15	TRUE	1	2	5	1	FALSE	FALSE
loop_16	TRUE	3	3	3	2	TRUE	FALSE
loop_17	TRUE	3	3	4	3	TRUE	FALSE
loop_18	FALSE	5	1	5	1	FALSE	FALSE
loop_19	TRUE	3	3	4	2	TRUE	FALSE
loop_20	TRUE	4	2	4	1	FALSE	FALSE
loop_21	TRUE	4	1	5	1	FALSE	FALSE
loop_22	TRUE	1	3	1	4	FALSE	FALSE
loop_23	TRUE	3	3	3	4	TRUE	FALSE
loop_24	TRUE	3	3	3	5	TRUE	FALSE
loop_25	TRUE	3	3	3	4	TRUE	FALSE
loop_26	TRUE	3	3	3	4	TRUE	FALSE
loop_27	TRUE	3	3	3	2	TRUE	FALSE
loop_28	FALSE	3	3	3	3	TRUE	TRUE
loop_29	FALSE	3	3	3	3	TRUE	TRUE
loop_30	TRUE	4	3	3	2	FALSE	FALSE
loop_31	TRUE	5	3	5	4	FALSE	FALSE
loop_32	TRUE	3	2	4	3	FALSE	FALSE
loop_33	TRUE	4	2	4	1	FALSE	FALSE
loop_34	TRUE	3	3	2	3	TRUE	FALSE
loop_35	FALSE	3	5	3	5	FALSE	FALSE
loop_36	TRUE	3	3	3	1	TRUE	FALSE
loop_37	TRUE	2	2	4	2	FALSE	FALSE
loop_38	TRUE	3	4	2	5	FALSE	FALSE
loop_39	FALSE	3	3	3	3	TRUE	TRUE
loop_40	TRUE	3	4	4	5	FALSE	FALSE
loop_41	FALSE	3	3	3	3	TRUE	TRUE
loop_42	TRUE	3	3	4	3	TRUE	FALSE
loop_43	FALSE	3	3	3	3	TRUE	TRUE
loop_44	TRUE	4	1	5	1	FALSE	FALSE
loop_45	TRUE	3	3	4	3	TRUE	FALSE
loop_46	TRUE	3	4	4	3	FALSE	FALSE
loop_47	TRUE	5	1	4	1	FALSE	FALSE
loop_48	FALSE	5	2	5	2	FALSE	FALSE
loop_49	FALSE	4	3	4	3	FALSE	FALSE
loop_50	TRUE	3	3	5	3	TRUE	FALSE
loop_51	TRUE	3	4	2	3	FALSE	FALSE
loop_52	FALSE	3	4	3	4	FALSE	FALSE
loop_53	TRUE	3	3	3	1	TRUE	FALSE
loop_54	TRUE	3	3	5	2	TRUE	FALSE
loop_55	TRUE	3	3	2	1	TRUE	FALSE
loop_56	TRUE	3	3	4	1	TRUE	FALSE
loop_57	TRUE	3	3	4	3	TRUE	FALSE
loop_58	TRUE	3	3	3	1	TRUE	FALSE
loop_59	TRUE	3	3	4	3	TRUE	FALSE
loop_60	TRUE	3	3	2	3	TRUE	FALSE
loop_61	TRUE	3	3	3	2	TRUE	FALSE
loop_62	TRUE	3	2	2	3	FALSE	FALSE
loop_63	TRUE	2	4	4	4	FALSE	FALSE
loop_64	TRUE	3	3	4	3	TRUE	FALSE
loop_65	FALSE	2	1	2	1	FALSE	FALSE
loop_66	TRUE	3	3	4	5	TRUE	FALSE
loop_67	TRUE	5	2	2	4	FALSE	FALSE
loop_68	TRUE	3	3	4	4	TRUE	FALSE
loop_69	FALSE	5	1	5	1	FALSE	FALSE
loop_70	TRUE	4	2	5	1	FALSE	FALSE
loop_71	TRUE	3	3	4	4	TRUE	FALSE
loop_72	FALSE	5	1	5	1	FALSE	FALSE
loop_73	FALSE	5	1	5	1	FALSE	FALSE
loop_74	FALSE	1	3	1	3	FALSE	FALSE
loop_75	FALSE	5	1	5	1	FALSE	FALSE
loop_76	TRUE	3	3	4	2	TRUE	FALSE
loop_77	FALSE	3	3	3	3	TRUE	TRUE
loop_78	TRUE	1	4	2	4	FALSE	FALSE
loop_79	TRUE	4	1	5	3	FALSE	FALSE
loop_80	TRUE	3	1	5	1	FALSE	FALSE
loop_81	TRUE	4	5	5	3	FALSE	FALSE
loop_82	TRUE	2	5	3	5	FALSE	FALSE
loop_83	FALSE	3	1	3	1	FALSE	FALSE
loop_84	TRUE	3	3	1	1	TRUE	FALSE
loop_85	FALSE	1	2	1	2	FALSE	FALSE
loop_86	FALSE	5	3	5	3	FALSE	FALSE
loop_87	TRUE	4	3	4	5	FALSE	FALSE
loop_88	TRUE	3	4	2	4	FALSE	FALSE
loop_89	TRUE	3	3	2	2	TRUE	FALSE
loop_90	TRUE	3	2	4	2	FALSE	FALSE
loop_91	TRUE	3	3	5	4	TRUE	FALSE
loop_92	TRUE	4	2	3	2	FALSE	FALSE
loop_93	TRUE	3	3	5	5	TRUE	FALSE
loop_94	TRUE	5	2	3	4	FALSE	FALSE
loop_95	TRUE	3	3	3	4	TRUE	FALSE
loop_96	FALSE	3	3	3	3	TRUE	TRUE
loop_97	FALSE	3	3	3	3	TRUE	TRUE
loop_98	TRUE	2	1	5	1	FALSE	FALSE
loop_99	TRUE	3	3	4	4	TRUE	FALSE
loop_100	TRUE	3	5	4	4	FALSE	FALSE
loop_101	TRUE	4	2	5	2	FALSE	FALSE
loop_102	TRUE	3	3	2	3	TRUE	FALSE
loop_103	TRUE	3	3	5	2	TRUE	FALSE
loop_104	TRUE	5	3	5	1	FALSE	FALSE
loop_105	TRUE	3	3	2	2	TRUE	FALSE
loop_106	TRUE	4	2	4	3	FALSE	FALSE
loop_107	TRUE	3	3	2	5	TRUE	FALSE
loop_108	TRUE	3	3	2	3	TRUE	FALSE
loop_109	TRUE	3	3	3	2	TRUE	FALSE
loop_110	FALSE	2	2	2	2	FALSE	FALSE
loop_111	TRUE	3	3	3	2	TRUE	FALSE
loop_112	TRUE	3	3	2	4	TRUE	FALSE
loop_113	TRUE	3	3	4	1	TRUE	FALSE
loop_114	TRUE	3	3	1	3	TRUE	FALSE
loop_115	TRUE	5	3	4	3	FALSE	FALSE
loop_116	FALSE	3	5	3	5	FALSE	FALSE
loop_117	FALSE	5	1	5	1	FALSE	FALSE
loop_118	TRUE	4	3	5	3	FALSE	FALSE
loop_119	TRUE	5	3	4	3	FALSE	FALSE
loop_120	TRUE	4	2	5	1	FALSE	FALSE
loop_121	FALSE	5	3	5	3	FALSE	FALSE
loop_122	TRUE	5	1	4	1	FALSE	FALSE
loop_123	TRUE	3	3	5	3	TRUE	FALSE
loop_124	TRUE	5	5	5	1	FALSE	FALSE
loop_125	FALSE	5	1	5	1	FALSE	FALSE
loop_126	TRUE	1	2	2	2	FALSE	FALSE
loop_127	TRUE	2	1	5	1	FALSE	FALSE
loop_128	FALSE	5	1	5	1	FALSE	FALSE
loop_129	TRUE	5	3	4	1	FALSE	FALSE
loop_130	FALSE	5	1	5	1	FALSE	FALSE
loop_131	TRUE	5	2	4	1	FALSE	FALSE
loop_132	FALSE	1	4	1	4	FALSE	FALSE
loop_133	TRUE	1	4	5	1	FALSE	FALSE
loop_134	TRUE	5	1	4	1	FALSE	FALSE
loop_135	TRUE	1	5	1	4	FALSE	FALSE
loop_136	TRUE	4	2	4	5	FALSE	FALSE
loop_137	FALSE	1	4	1	4	FALSE	FALSE
loop_138	FALSE	2	4	2	4	FALSE	FALSE
loop_139	TRUE	4	4	3	4	FALSE	FALSE
loop_140	TRUE	5	3	1	1	FALSE	FALSE
loop_141	TRUE	2	3	2	4	FALSE	FALSE
loop_142	TRUE	3	3	5	1	TRUE	FALSE
loop_143	TRUE	5	3	5	2	FALSE	FALSE
loop_144	TRUE	4	4	4	3	FALSE	FALSE
loop_145	TRUE	3	4	3	2	FALSE	FALSE
loop_146	TRUE	4	4	5	4	FALSE	FALSE
loop_147	TRUE	3	5	2	3	FALSE	FALSE
loop_148	TRUE	2	5	1	2	FALSE	FALSE
loop_149	TRUE	3	2	4	2	FALSE	FALSE
loop_150	FALSE	3	3	3	3	TRUE	TRUE
loop_151	FALSE	3	3	3	3	TRUE	TRUE
loop_152	TRUE	3	3	4	3	TRUE	FALSE
loop_153	TRUE	3	4	4	3	FALSE	FALSE
loop_154	TRUE	3	3	4	5	TRUE	FALSE
loop_155	TRUE	3	3	3	4	TRUE	FALSE
loop_156	TRUE	3	3	3	4	TRUE	FALSE
loop_157	FALSE	3	3	3	3	TRUE	TRUE
loop_158	TRUE	2	3	3	2	FALSE	FALSE
loop_159	TRUE	3	3	4	4	TRUE	FALSE
loop_160	FALSE	3	3	3	3	TRUE	TRUE
loop_161	TRUE	3	3	4	3	TRUE	FALSE
loop_162	TRUE	4	2	4	1	FALSE	FALSE
loop_163	FALSE	5	1	5	1	FALSE	FALSE
loop_164	TRUE	2	4	4	1	FALSE	FALSE
loop_165	TRUE	5	4	4	4	FALSE	FALSE
loop_166	TRUE	1	2	3	2	FALSE	FALSE
loop_167	TRUE	1	2	5	1	FALSE	FALSE
loop_168	TRUE	5	4	3	3	FALSE	TRUE
loop_169	TRUE	1	3	3	2	FALSE	FALSE
loop_170	FALSE	4	1	4	1	FALSE	FALSE
loop_171	TRUE	5	1	2	2	FALSE	FALSE
loop_172	FALSE	1	4	1	4	FALSE	FALSE
loop_173	FALSE	4	2	4	2	FALSE	FALSE
loop_174	TRUE	2	4	2	3	FALSE	FALSE
loop_175	TRUE	4	3	4	2	FALSE	FALSE
loop_176	TRUE	3	3	4	2	TRUE	FALSE
loop_177	FALSE	2	5	2	5	FALSE	FALSE
loop_178	FALSE	3	3	3	3	TRUE	TRUE
loop_179	TRUE	3	3	4	3	TRUE	FALSE
loop_180	TRUE	2	4	1	4	FALSE	FALSE
loop_181	TRUE	3	3	2	1	TRUE	FALSE
loop_182	TRUE	3	3	4	4	TRUE	FALSE
loop_183	TRUE	3	3	4	3	TRUE	FALSE
loop_184	TRUE	5	1	4	1	FALSE	FALSE
loop_185	TRUE	3	3	5	1	TRUE	FALSE
loop_186	FALSE	5	1	5	1	FALSE	FALSE
loop_187	TRUE	5	1	4	1	FALSE	FALSE
loop_188	TRUE	4	2	4	1	FALSE	FALSE
loop_189	FALSE	5	1	5	1	FALSE	FALSE
loop_190	TRUE	5	3	5	2	FALSE	FALSE
loop_191	TRUE	3	3	5	2	TRUE	FALSE
loop_192	TRUE	5	2	5	1	FALSE	FALSE
loop_193	FALSE	5	1	5	1	FALSE	FALSE
loop_194	TRUE	4	2	3	2	FALSE	FALSE
loop_195	FALSE	5	3	5	3	FALSE	FALSE
loop_196	TRUE	3	3	3	4	TRUE	FALSE
loop_197	TRUE	1	2	2	1	FALSE	FALSE
loop_198	TRUE	4	2	4	4	FALSE	FALSE
loop_199	FALSE	4	1	4	1	FALSE	FALSE
loop_200	FALSE	3	3	3	3	TRUE	TRUE
loop_201	TRUE	3	5	3	4	FALSE	FALSE
loop_202	FALSE	3	3	3	3	TRUE	TRUE
loop_203	TRUE	5	3	1	5	FALSE	FALSE
loop_204	TRUE	4	2	4	1	FALSE	FALSE
loop_205	TRUE	3	3	5	2	TRUE	FALSE
loop_206	TRUE	3	3	1	3	TRUE	FALSE
loop_207	TRUE	3	3	3	1	TRUE	FALSE
loop_208	FALSE	3	3	3	3	TRUE	TRUE
loop_209	TRUE	5	2	5	3	FALSE	FALSE
loop_210	FALSE	1	5	1	5	FALSE	FALSE
loop_211	FALSE	3	2	3	2	FALSE	FALSE
loop_212	TRUE	3	3	2	1	TRUE	FALSE
loop_213	TRUE	3	3	3	2	TRUE	FALSE
loop_214	TRUE	3	3	5	3	TRUE	FALSE
loop_215	FALSE	4	1	4	1	FALSE	FALSE
loop_216	TRUE	3	3	2	1	TRUE	FALSE
loop_217	TRUE	3	3	2	3	TRUE	FALSE
loop_218	FALSE	3	3	3	3	TRUE	TRUE
loop_219	TRUE	3	3	4	2	TRUE	FALSE
loop_220	FALSE	1	4	1	4	FALSE	FALSE
loop_221	TRUE	3	3	2	2	TRUE	FALSE
loop_222	TRUE	3	3	3	4	TRUE	FALSE
loop_223	TRUE	2	1	5	3	FALSE	FALSE
loop_224	TRUE	3	3	1	4	TRUE	FALSE
loop_225	FALSE	5	1	5	1	FALSE	FALSE
loop_226	FALSE	2	1	2	1	FALSE	FALSE
loop_227	TRUE	3	3	4	3	TRUE	FALSE
loop_228	FALSE	3	3	3	3	TRUE	TRUE
loop_229	TRUE	3	3	1	1	TRUE	FALSE
loop_230	TRUE	4	3	4	4	FALSE	FALSE
loop_231	TRUE	3	2	4	1	FALSE	FALSE
loop_232	TRUE	5	2	5	1	FALSE	FALSE
loop_233	TRUE	3	3	4	1	TRUE	FALSE
loop_234	TRUE	3	3	1	2	TRUE	FALSE
loop_235	TRUE	3	3	5	2	TRUE	FALSE
loop_236	TRUE	3	1	1	3	FALSE	FALSE
loop_237	FALSE	3	3	3	3	TRUE	TRUE
loop_238	TRUE	3	3	4	3	TRUE	FALSE
loop_239	FALSE	3	1	3	1	FALSE	FALSE
loop_240	TRUE	3	3	3	2	TRUE	FALSE
loop_241	TRUE	2	3	3	2	FALSE	FALSE
loop_242	FALSE	3	3	3	3	TRUE	TRUE
loop_243	TRUE	5	2	4	3	FALSE	FALSE
loop_244	TRUE	4	1	5	1	FALSE	FALSE
loop_245	FALSE	4	1	4	1	FALSE	FALSE
loop_246	TRUE	3	3	4	2	TRUE	FALSE
loop_247	TRUE	3	3	4	4	TRUE	FALSE
loop_248	TRUE	3	1	2	3	FALSE	FALSE
loop_249	FALSE	5	1	5	1	FALSE	FALSE
loop_250	TRUE	3	3	4	2	TRUE	FALSE
loop_251	TRUE	5	1	5	2	FALSE	FALSE
loop_252	TRUE	3	3	4	1	TRUE	FALSE
loop_253	TRUE	3	3	4	1	TRUE	FALSE
loop_254	TRUE	1	3	1	4	FALSE	FALSE
loop_255	TRUE	1	5	2	1	FALSE	FALSE
loop_256	FALSE	3	3	3	3	TRUE	TRUE
loop_257	FALSE	3	3	3	3	TRUE	TRUE
loop_258	TRUE	3	3	5	1	TRUE	FALSE
loop_259	TRUE	3	2	2	3	FALSE	FALSE
loop_260	FALSE	3	3	3	3	TRUE	TRUE
loop_261	FALSE	3	3	3	3	TRUE	TRUE
loop_262	TRUE	3	3	3	4	TRUE	FALSE
loop_263	TRUE	3	3	3	2	TRUE	FALSE
loop_264	TRUE	3	3	4	3	TRUE	FALSE
loop_265	FALSE	3	3	3	3	TRUE	TRUE
loop_266	TRUE	3	3	3	2	TRUE	FALSE
loop_267	TRUE	3	3	5	4	TRUE	FALSE
loop_268	TRUE	3	3	1	4	TRUE	FALSE
loop_269	TRUE	3	3	2	2	TRUE	FALSE
loop_270	TRUE	3	3	3	2	TRUE	FALSE
loop_271	TRUE	3	3	1	2	TRUE	FALSE
loop_272	FALSE	5	1	5	1	FALSE	FALSE
loop_273	TRUE	4	2	4	1	FALSE	FALSE
loop_274	TRUE	3	3	5	1	TRUE	FALSE
loop_275	TRUE	3	3	4	3	TRUE	FALSE
loop_276	TRUE	5	2	5	1	FALSE	FALSE
loop_277	FALSE	1	4	1	4	FALSE	FALSE
loop_278	TRUE	4	1	5	2	FALSE	FALSE
loop_279	TRUE	3	2	3	5	FALSE	FALSE
loop_280	TRUE	3	3	3	4	TRUE	FALSE
loop_281	TRUE	4	1	4	2	FALSE	FALSE
loop_282	TRUE	5	3	2	3	FALSE	FALSE
loop_283	TRUE	5	4	5	5	FALSE	FALSE
loop_284	TRUE	3	3	3	2	TRUE	FALSE
loop_285	TRUE	3	3	2	3	TRUE	FALSE
loop_286	TRUE	2	2	3	3	FALSE	TRUE
loop_287	TRUE	3	3	4	2	TRUE	FALSE
loop_288	FALSE	3	3	3	3	TRUE	TRUE
loop_289	TRUE	2	5	3	5	FALSE	FALSE
loop_290	TRUE	2	4	3	3	FALSE	TRUE
loop_291	TRUE	3	3	2	4	TRUE	FALSE
loop_292	TRUE	3	3	5	4	TRUE	FALSE
loop_293	TRUE	3	3	3	4	TRUE	FALSE
loop_294	TRUE	3	3	3	2	TRUE	FALSE
loop_295	TRUE	3	3	3	5	TRUE	FALSE
loop_296	TRUE	3	3	3	4	TRUE	FALSE
loop_297	FALSE	3	1	3	1	FALSE	FALSE
loop_298	FALSE	5	1	5	1	FALSE	FALSE
loop_299	TRUE	3	3	3	2	TRUE	FALSE
loop_300	TRUE	5	2	5	1	FALSE	FALSE
loop_301	TRUE	2	3	3	3	FALSE	TRUE
loop_302	TRUE	3	3	2	3	TRUE	FALSE
loop_303	TRUE	3	3	5	3	TRUE	FALSE
loop_304	FALSE	3	2	3	2	FALSE	FALSE
loop_305	TRUE	3	3	5	1	TRUE	FALSE
loop_306	FALSE	5	1	5	1	FALSE	FALSE
loop_307	TRUE	5	2	5	1	FALSE	FALSE
loop_308	TRUE	3	3	4	2	TRUE	FALSE
loop_309	FALSE	5	1	5	1	FALSE	FALSE
loop_310	FALSE	5	1	5	1	FALSE	FALSE
loop_311	TRUE	1	1	2	1	FALSE	FALSE
loop_312	TRUE	5	1	3	1	FALSE	FALSE
loop_313	FALSE	4	3	4	3	FALSE	FALSE
loop_314	TRUE	3	3	1	4	TRUE	FALSE
loop_315	TRUE	3	3	5	3	TRUE	FALSE
loop_316	TRUE	4	1	1	3	FALSE	FALSE
loop_317	TRUE	5	2	5	3	FALSE	FALSE
loop_318	TRUE	5	5	1	2	FALSE	FALSE
loop_319	FALSE	3	3	3	3	TRUE	TRUE
loop_320	TRUE	5	1	3	3	FALSE	TRUE
loop_321	FALSE	4	2	4	2	FALSE	FALSE
loop_322	TRUE	3	3	3	4	TRUE	FALSE
loop_323	TRUE	3	3	4	1	TRUE	FALSE
loop_324	TRUE	3	3	4	3	TRUE	FALSE
loop_325	TRUE	3	3	2	3	TRUE	FALSE
loop_326	TRUE	3	3	4	2	TRUE	FALSE
loop_327	TRUE	5	5	4	5	FALSE	FALSE
loop_328	TRUE	4	1	4	3	FALSE	FALSE
loop_329	TRUE	1	1	3	1	FALSE	FALSE
loop_330	TRUE	3	3	4	4	TRUE	FALSE
loop_331	TRUE	3	3	2	3	TRUE	FALSE
loop_332	TRUE	3	3	2	5	TRUE	FALSE
loop_333	TRUE	3	1	4	1	FALSE	FALSE
loop_334	TRUE	3	3	4	5	TRUE	FALSE
loop_335	TRUE	3	4	3	5	FALSE	FALSE
loop_336	TRUE	3	3	2	4	TRUE	FALSE
loop_337	TRUE	3	3	3	4	TRUE	FALSE
loop_338	TRUE	5	1	4	1	FALSE	FALSE
loop_339	FALSE	5	1	5	1	FALSE	FALSE
loop_340	TRUE	3	3	1	4	TRUE	FALSE
loop_341	TRUE	3	3	2	3	TRUE	FALSE
loop_342	TRUE	4	3	4	4	FALSE	FALSE
loop_343	TRUE	4	1	5	2	FALSE	FALSE
loop_344	TRUE	5	5	1	4	FALSE	FALSE
loop_345	TRUE	3	3	5	2	TRUE	FALSE
loop_346	TRUE	2	4	2	1	FALSE	FALSE
loop_347	TRUE	3	3	2	3	TRUE	FALSE
loop_348	TRUE	3	3	4	3	TRUE	FALSE
loop_349	FALSE	2	5	2	5	FALSE	FALSE
loop_350	TRUE	3	3	4	2	TRUE	FALSE
loop_351	TRUE	3	3	3	4	TRUE	FALSE
loop_352	TRUE	3	3	2	4	TRUE	FALSE
loop_353	FALSE	3	3	3	3	TRUE	TRUE
loop_354	TRUE	3	3	3	2	TRUE	FALSE
loop_355	TRUE	3	3	3	1	TRUE	FALSE
loop_356	FALSE	3	3	3	3	TRUE	TRUE
loop_357	TRUE	2	3	5	3	FALSE	FALSE
loop_358	TRUE	2	2	1	2	FALSE	FALSE
loop_359	TRUE	3	3	3	2	TRUE	FALSE
loop_360	FALSE	5	1	5	1	FALSE	FALSE
loop_361	TRUE	5	1	5	2	FALSE	FALSE
loop_362	FALSE	5	1	5	1	FALSE	FALSE
loop_363	FALSE	5	1	5	1	FALSE	FALSE
loop_364	TRUE	5	1	4	5	FALSE	FALSE
loop_365	TRUE	4	2	5	2	FALSE	FALSE
loop_366	TRUE	5	1	5	2	FALSE	FALSE
loop_367	FALSE	5	1	5	1	FALSE	FALSE
loop_368	TRUE	3	3	1	3	TRUE	FALSE
loop_369	TRUE	2	4	5	2	FALSE	FALSE
loop_370	TRUE	3	3	5	1	TRUE	FALSE
loop_371	TRUE	5	3	4	2	FALSE	FALSE
loop_372	TRUE	3	3	2	3	TRUE	FALSE
loop_373	FALSE	3	3	3	3	TRUE	TRUE
loop_374	TRUE	2	3	3	3	FALSE	TRUE
loop_375	TRUE	3	3	1	2	TRUE	FALSE
loop_376	TRUE	3	3	2	5	TRUE	FALSE
loop_377	FALSE	2	5	2	5	FALSE	FALSE
loop_378	TRUE	3	3	3	5	TRUE	FALSE
loop_379	TRUE	3	3	5	2	TRUE	FALSE
loop_380	TRUE	1	4	2	5	FALSE	FALSE
loop_381	FALSE	3	3	3	3	TRUE	TRUE
loop_382	TRUE	3	3	4	4	TRUE	FALSE
loop_383	TRUE	4	3	4	2	FALSE	FALSE
loop_384	FALSE	3	3	3	3	TRUE	TRUE
loop_385	FALSE	4	1	4	1	FALSE	FALSE
loop_386	FALSE	3	3	3	3	TRUE	TRUE
loop_387	TRUE	3	5	4	4	FALSE	FALSE
loop_388	FALSE	2	5	2	5	FALSE	FALSE
loop_389	FALSE	3	3	3	3	TRUE	TRUE
loop_390	TRUE	3	3	3	2	TRUE	FALSE
loop_391	FALSE	4	1	4	1	FALSE	FALSE
loop_392	TRUE	3	3	3	2	TRUE	FALSE
loop_393	TRUE	3	3	5	1	TRUE	FALSE
loop_394	TRUE	4	1	5	1	FALSE	FALSE
loop_395	TRUE	3	3	5	3	TRUE	FALSE
loop_396	TRUE	3	3	4	1	TRUE	FALSE
loop_397	TRUE	3	3	3	1	TRUE	FALSE
loop_398	FALSE	4	1	4	1	FALSE	FALSE
loop_399	TRUE	3	3	5	3	TRUE	FALSE
loop_400	FALSE	5	1	5	1	FALSE	FALSE
loop_401	TRUE	5	3	5	1	FALSE	FALSE
loop_402	TRUE	5	2	5	4	FALSE	FALSE
loop_403	TRUE	4	3	5	3	FALSE	FALSE
loop_404	TRUE	3	3	4	2	TRUE	FALSE
loop_405	TRUE	4	2	5	3	FALSE	FALSE
loop_406	TRUE	3	4	4	5	FALSE	FALSE
loop_407	TRUE	3	3	3	4	TRUE	FALSE
loop_408	TRUE	3	3	5	1	TRUE	FALSE
loop_409	TRUE	3	3	3	4	TRUE	FALSE
loop_410	TRUE	5	2	2	1	FALSE	FALSE
loop_411	TRUE	5	3	2	3	FALSE	FALSE
loop_412	TRUE	3	3	2	2	TRUE	FALSE
loop_413	TRUE	4	2	3	2	FALSE	FALSE
loop_414	TRUE	3	3	3	4	TRUE	FALSE
loop_415	TRUE	3	3	1	2	TRUE	FALSE
loop_416	TRUE	3	3	1	4	TRUE	FALSE
loop_417	FALSE	3	3	3	3	TRUE	TRUE
loop_418	TRUE	3	3	2	5	TRUE	FALSE
loop_419	FALSE	1	5	1	5	FALSE	FALSE
loop_420	TRUE	3	3	3	4	TRUE	FALSE
loop_421	TRUE	3	3	4	1	TRUE	FALSE
loop_422	TRUE	3	2	5	2	FALSE	FALSE
loop_423	FALSE	3	3	3	3	TRUE	TRUE
loop_424	TRUE	5	1	5	2	FALSE	FALSE
loop_425	TRUE	3	3	4	4	TRUE	FALSE
loop_426	FALSE	4	4	4	4	FALSE	FALSE
loop_427	TRUE	3	3	2	2	TRUE	FALSE
loop_428	TRUE	2	5	5	5	FALSE	FALSE
loop_429	FALSE	3	3	3	3	TRUE	TRUE
loop_430	TRUE	3	2	5	3	FALSE	FALSE
loop_431	TRUE	3	3	2	3	TRUE	FALSE
loop_432	TRUE	3	2	4	3	FALSE	FALSE
loop_433	FALSE	3	2	3	2	FALSE	FALSE
loop_434	TRUE	3	3	2	5	TRUE	FALSE
loop_435	FALSE	4	2	4	2	FALSE	FALSE
loop_436	TRUE	3	3	1	3	TRUE	FALSE
loop_437	TRUE	3	3	3	4	TRUE	FALSE
loop_438	FALSE	3	3	3	3	TRUE	TRUE
loop_439	TRUE	3	1	4	1	FALSE	FALSE
loop_440	TRUE	1	2	1	4	FALSE	FALSE
loop_441	TRUE	3	5	3	2	FALSE	FALSE
loop_442	TRUE	3	3	3	4	TRUE	FALSE
loop_443	TRUE	3	3	4	3	TRUE	FALSE
loop_444	TRUE	5	1	5	2	FALSE	FALSE
loop_445	FALSE	5	1	5	1	FALSE	FALSE
loop_446	FALSE	5	1	5	1	FALSE	FALSE
loop_447	TRUE	3	3	3	4	TRUE	FALSE
loop_448	TRUE	3	3	4	1	TRUE	FALSE
loop_449	TRUE	3	3	5	1	TRUE	FALSE
loop_450	TRUE	5	1	4	2	FALSE	FALSE
loop_451	FALSE	5	1	5	1	FALSE	FALSE
loop_452	TRUE	3	3	5	1	TRUE	FALSE
loop_453	TRUE	3	3	4	1	TRUE	FALSE
loop_454	TRUE	4	1	5	1	FALSE	FALSE
loop_455	FALSE	5	1	5	1	FALSE	FALSE
loop_456	TRUE	3	2	3	3	FALSE	TRUE
loop_457	FALSE	1	3	1	3	FALSE	FALSE
loop_458	FALSE	3	3	3	3	TRUE	TRUE
loop_459	FALSE	5	1	5	1	FALSE	FALSE
loop_460	FALSE	5	2	5	2	FALSE	FALSE
loop_461	TRUE	3	3	1	3	TRUE	FALSE
loop_462	TRUE	3	3	5	1	TRUE	FALSE
loop_463	TRUE	3	3	3	2	TRUE	FALSE
loop_464	TRUE	3	3	2	3	TRUE	FALSE
loop_465	TRUE	2	1	1	2	FALSE	FALSE
loop_466	TRUE	3	3	4	2	TRUE	FALSE
loop_467	TRUE	3	3	2	3	TRUE	FALSE
loop_468	TRUE	3	3	3	5	TRUE	FALSE
loop_469	TRUE	3	3	5	1	TRUE	FALSE
loop_470	TRUE	5	1	5	3	FALSE	FALSE
loop_471	TRUE	4	3	5	3	FALSE	FALSE
loop_472	TRUE	3	3	4	2	TRUE	FALSE
loop_473	TRUE	3	2	2	2	FALSE	FALSE
loop_474	TRUE	3	3	3	2	TRUE	FALSE
loop_475	TRUE	4	4	4	3	FALSE	FALSE
loop_476	TRUE	3	3	3	4	TRUE	FALSE
loop_477	TRUE	3	5	4	4	FALSE	FALSE
loop_478	TRUE	3	3	3	2	TRUE	FALSE
loop_479	TRUE	3	3	2	4	TRUE	FALSE
loop_480	TRUE	3	3	3	1	TRUE	FALSE
loop_481	TRUE	3	5	5	5	FALSE	FALSE
loop_482	TRUE	3	3	3	5	TRUE	FALSE
loop_483	TRUE	3	3	2	3	TRUE	FALSE
loop_484	FALSE	2	1	2	1	FALSE	FALSE
loop_485	TRUE	3	5	2	5	FALSE	FALSE
loop_486	TRUE	4	1	5	1	FALSE	FALSE
loop_487	TRUE	3	3	3	4	TRUE	FALSE
loop_488	FALSE	5	1	5	1	FALSE	FALSE
loop_489	TRUE	4	1	5	1	FALSE	FALSE
loop_490	TRUE	4	1	5	1	FALSE	FALSE
loop_491	FALSE	5	1	5	1	FALSE	FALSE
loop_492	FALSE	1	5	1	5	FALSE	FALSE
loop_493	TRUE	5	1	5	2	FALSE	FALSE
loop_494	TRUE	3	3	5	1	TRUE	FALSE
loop_495	FALSE	5	1	5	1	FALSE	FALSE
loop_496	TRUE	5	2	5	1	FALSE	FALSE
loop_497	FALSE	3	1	3	1	FALSE	FALSE
loop_498	TRUE	3	3	3	5	TRUE	FALSE
loop_499	TRUE	3	3	2	3	TRUE	FALSE
loop_500	TRUE	4	2	3	3	FALSE	TRUE
loop_501	TRUE	4	3	2	4	FALSE	FALSE
loop_502	TRUE	5	2	5	3	FALSE	FALSE
loop_503	TRUE	3	3	5	1	TRUE	FALSE
loop_504	FALSE	3	2	3	2	FALSE	FALSE
loop_505	FALSE	1	2	1	2	FALSE	FALSE
loop_506	TRUE	3	3	5	3	TRUE	FALSE
loop_507	TRUE	3	3	5	2	TRUE	FALSE
loop_508	TRUE	4	3	5	2	FALSE	FALSE
loop_509	TRUE	3	3	2	3	TRUE	FALSE
loop_510	TRUE	3	3	4	3	TRUE	FALSE
loop_511	TRUE	5	1	4	1	FALSE	FALSE
loop_512	TRUE	2	2	3	3	FALSE	TRUE
loop_513	FALSE	5	1	5	1	FALSE	FALSE
loop_514	FALSE	3	2	3	2	FALSE	FALSE
loop_515	TRUE	3	3	2	4	TRUE	FALSE
loop_516	FALSE	3	3	3	3	TRUE	TRUE
loop_517	TRUE	1	2	1	4	FALSE	FALSE
loop_518	TRUE	4	3	4	4	FALSE	FALSE
loop_519	FALSE	3	3	3	3	TRUE	TRUE
loop_520	TRUE	3	3	5	1	TRUE	FALSE
loop_521	TRUE	3	3	3	2	TRUE	FALSE
loop_522	TRUE	3	3	3	1	TRUE	FALSE
loop_523	TRUE	3	3	4	3	TRUE	FALSE
loop_524	TRUE	3	3	2	2	TRUE	FALSE
loop_525	TRUE	3	3	4	3	TRUE	FALSE
loop_526	FALSE	3	5	3	5	FALSE	FALSE
loop_527	TRUE	3	3	5	3	TRUE	FALSE
loop_528	TRUE	3	3	1	1	TRUE	FALSE
loop_529	FALSE	3	3	3	3	TRUE	TRUE
loop_530	TRUE	3	3	3	4	TRUE	FALSE
loop_531	TRUE	3	3	3	4	TRUE	FALSE
loop_532	FALSE	3	3	3	3	TRUE	TRUE
loop_533	FALSE	5	1	5	1	FALSE	FALSE
loop_534	FALSE	5	1	5	1	FALSE	FALSE
loop_535	TRUE	3	3	4	3	TRUE	FALSE
loop_536	TRUE	5	1	4	1	FALSE	FALSE
loop_537	FALSE	5	1	5	1	FALSE	FALSE
loop_538	FALSE	5	1	5	1	FALSE	FALSE
loop_539	TRUE	1	2	4	3	FALSE	FALSE
loop_540	FALSE	2	1	2	1	FALSE	FALSE
loop_541	TRUE	3	3	1	3	TRUE	FALSE
loop_542	FALSE	5	2	5	2	FALSE	FALSE
loop_543	TRUE	2	3	1	4	FALSE	FALSE
loop_544	FALSE	5	1	5	1	FALSE	FALSE
loop_545	TRUE	3	3	4	3	TRUE	FALSE
loop_546	TRUE	5	3	5	1	FALSE	FALSE
loop_547	TRUE	5	1	4	1	FALSE	FALSE
loop_548	FALSE	5	1	5	1	FALSE	FALSE
loop_549	FALSE	3	3	3	3	TRUE	TRUE
loop_550	TRUE	4	2	5	2	FALSE	FALSE
loop_551	TRUE	5	4	4	4	FALSE	FALSE
loop_552	TRUE	1	4	2	3	FALSE	FALSE
loop_553	TRUE	4	3	5	1	FALSE	FALSE
loop_554	TRUE	3	3	3	2	TRUE	FALSE
loop_555	FALSE	5	2	5	2	FALSE	FALSE
loop_556	TRUE	3	3	5	2	TRUE	FALSE
loop_557	TRUE	3	3	4	1	TRUE	FALSE
loop_558	FALSE	3	3	3	3	TRUE	TRUE
loop_559	TRUE	3	3	5	1	TRUE	FALSE
loop_560	TRUE	3	3	2	3	TRUE	FALSE
loop_561	TRUE	3	3	2	3	TRUE	FALSE
loop_562	FALSE	3	3	3	3	TRUE	TRUE
loop_563	FALSE	3	3	3	3	TRUE	TRUE
loop_564	TRUE	3	3	5	2	TRUE	FALSE
loop_565	TRUE	3	3	2	3	TRUE	FALSE
loop_566	FALSE	3	3	3	3	TRUE	TRUE
loop_567	TRUE	3	5	3	4	FALSE	FALSE
loop_568	TRUE	3	3	2	1	TRUE	FALSE
loop_569	TRUE	3	3	4	3	TRUE	FALSE
loop_570	TRUE	5	1	4	1	FALSE	FALSE
loop_571	FALSE	3	3	3	3	TRUE	TRUE
loop_572	FALSE	3	3	3	3	TRUE	TRUE
loop_573	FALSE	4	1	4	1	FALSE	FALSE
loop_574	FALSE	5	1	5	1	FALSE	FALSE
loop_575	FALSE	3	2	3	2	FALSE	FALSE
loop_576	TRUE	4	1	2	5	FALSE	FALSE
loop_577	TRUE	3	3	5	1	TRUE	FALSE
loop_578	TRUE	3	3	5	2	TRUE	FALSE
loop_579	TRUE	3	3	2	4	TRUE	FALSE
loop_580	FALSE	5	1	5	1	FALSE	FALSE
loop_581	FALSE	5	1	5	1	FALSE	FALSE
loop_582	FALSE	5	1	5	1	FALSE	FALSE
loop_583	TRUE	4	1	5	1	FALSE	FALSE
loop_584	TRUE	3	3	4	1	TRUE	FALSE
loop_585	FALSE	3	4	3	4	FALSE	FALSE
loop_586	TRUE	2	2	2	1	FALSE	FALSE
loop_587	TRUE	3	3	5	1	TRUE	FALSE
loop_588	TRUE	4	2	4	3	FALSE	FALSE
loop_589	TRUE	4	2	3	3	FALSE	TRUE
loop_590	TRUE	2	3	1	3	FALSE	FALSE
loop_591	TRUE	3	3	5	4	TRUE	FALSE
loop_592	FALSE	5	1	5	1	FALSE	FALSE
loop_593	TRUE	2	5	3	4	FALSE	FALSE
loop_594	TRUE	3	3	4	2	TRUE	FALSE
loop_595	TRUE	3	3	2	3	TRUE	FALSE
loop_596	TRUE	3	3	4	3	TRUE	FALSE
loop_597	TRUE	3	3	2	1	TRUE	FALSE
loop_598	TRUE	3	1	2	1	FALSE	FALSE
loop_599	TRUE	3	3	5	4	TRUE	FALSE
loop_600	FALSE	3	3	3	3	TRUE	TRUE
loop_601	TRUE	3	3	3	2	TRUE	FALSE
loop_602	FALSE	3	3	3	3	TRUE	TRUE
loop_603	TRUE	3	3	3	4	TRUE	FALSE
loop_604	FALSE	3	3	3	3	TRUE	TRUE
loop_605	TRUE	3	3	3	4	TRUE	FALSE
loop_606	TRUE	3	3	3	2	TRUE	FALSE
loop_607	TRUE	3	3	3	4	TRUE	FALSE
loop_608	TRUE	3	3	4	1	TRUE	FALSE
loop_609	FALSE	2	3	2	3	FALSE	FALSE
loop_610	TRUE	3	3	3	1	TRUE	FALSE
loop_611	TRUE	3	3	4	3	TRUE	FALSE
loop_612	FALSE	5	2	5	2	FALSE	FALSE
loop_613	FALSE	1	4	1	4	FALSE	FALSE
loop_614	TRUE	3	3	1	1	TRUE	FALSE
loop_615	FALSE	4	3	4	3	FALSE	FALSE
loop_616	TRUE	3	3	2	3	TRUE	FALSE
loop_617	TRUE	3	3	2	1	TRUE	FALSE
loop_618	TRUE	1	2	2	3	FALSE	FALSE
loop_619	TRUE	3	2	2	1	FALSE	FALSE
loop_620	FALSE	5	1	5	1	FALSE	FALSE
loop_621	TRUE	2	1	2	2	FALSE	FALSE
loop_622	TRUE	4	2	4	3	FALSE	FALSE
loop_623	TRUE	3	2	5	3	FALSE	FALSE
loop_624	TRUE	3	1	3	3	FALSE	TRUE
loop_625	FALSE	5	1	5	1	FALSE	FALSE
loop_626	FALSE	5	2	5	2	FALSE	FALSE
loop_627	TRUE	3	3	5	2	TRUE	FALSE
loop_628	TRUE	4	1	5	1	FALSE	FALSE
loop_629	TRUE	3	4	4	1	FALSE	FALSE
loop_630	TRUE	3	3	5	1	TRUE	FALSE
loop_631	FALSE	5	1	5	1	FALSE	FALSE
loop_632	FALSE	3	3	3	3	TRUE	TRUE
loop_633	TRUE	3	3	2	1	TRUE	FALSE
loop_634	TRUE	1	3	1	1	FALSE	FALSE
loop_635	TRUE	5	1	4	1	FALSE	FALSE
loop_636	TRUE	3	3	1	4	TRUE	FALSE
loop_637	TRUE	3	3	3	1	TRUE	FALSE
loop_638	FALSE	3	5	3	5	FALSE	FALSE
loop_639	TRUE	3	3	5	1	TRUE	FALSE
loop_640	TRUE	3	3	4	1	TRUE	FALSE
loop_641	TRUE	2	1	1	3	FALSE	FALSE
loop_642	FALSE	3	3	3	3	TRUE	TRUE
loop_643	TRUE	4	2	4	1	FALSE	FALSE
loop_644	TRUE	3	3	2	3	TRUE	FALSE
loop_645	TRUE	3	1	2	1	FALSE	FALSE
loop_646	TRUE	3	3	5	3	TRUE	FALSE
loop_647	TRUE	3	3	2	3	TRUE	FALSE
loop_648	TRUE	1	4	2	3	FALSE	FALSE
loop_649	TRUE	3	3	5	2	TRUE	FALSE
loop_650	FALSE	3	3	3	3	TRUE	TRUE
loop_651	TRUE	3	3	3	1	TRUE	FALSE
loop_652	TRUE	3	3	2	3	TRUE	FALSE
loop_653	TRUE	3	3	2	4	TRUE	FALSE
loop_654	TRUE	3	3	3	2	TRUE	FALSE
loop_655	TRUE	4	1	5	1	FALSE	FALSE
loop_656	FALSE	3	3	3	3	TRUE	TRUE
loop_657	FALSE	5	1	5	1	FALSE	FALSE
loop_658	TRUE	1	4	2	3	FALSE	FALSE
loop_659	FALSE	5	1	5	1	FALSE	FALSE
loop_660	TRUE	5	1	3	1	FALSE	FALSE
loop_661	FALSE	3	3	3	3	TRUE	TRUE
loop_662	TRUE	3	4	2	3	FALSE	FALSE
loop_663	TRUE	4	1	5	2	FALSE	FALSE
loop_664	FALSE	5	1	5	1	FALSE	FALSE
loop_665	TRUE	1	1	5	2	FALSE	FALSE
loop_666	TRUE	3	4	3	3	FALSE	TRUE
loop_667	TRUE	3	3	5	2	TRUE	FALSE
loop_668	FALSE	5	1	5	1	FALSE	FALSE
loop_669	TRUE	3	3	5	1	TRUE	FALSE
loop_670	TRUE	2	2	1	2	FALSE	FALSE
loop_671	TRUE	3	3	4	5	TRUE	FALSE
loop_672	FALSE	3	3	3	3	TRUE	TRUE
loop_673	TRUE	1	2	2	3	FALSE	FALSE
loop_674	TRUE	5	1	5	2	FALSE	FALSE
loop_675	TRUE	1	2	4	2	FALSE	FALSE
loop_676	TRUE	5	2	4	3	FALSE	FALSE
loop_677	TRUE	1	1	2	1	FALSE	FALSE
loop_678	FALSE	4	3	4	3	FALSE	FALSE
loop_679	TRUE	2	4	2	2	FALSE	FALSE
loop_680	FALSE	3	3	3	3	TRUE	TRUE
loop_681	FALSE	3	3	3	3	TRUE	TRUE
loop_682	FALSE	3	3	3	3	TRUE	TRUE
loop_683	TRUE	3	3	1	1	TRUE	FALSE
loop_684	TRUE	4	3	3	3	FALSE	TRUE
loop_685	TRUE	5	2	5	3	FALSE	FALSE
loop_686	TRUE	5	1	3	1	FALSE	FALSE
loop_687	FALSE	5	1	5	1	FALSE	FALSE
loop_688	FALSE	5	1	5	1	FALSE	FALSE
loop_689	FALSE	5	1	5	1	FALSE	FALSE
loop_690	FALSE	5	1	5	1	FALSE	FALSE
loop_691	TRUE	3	1	3	2	FALSE	FALSE
loop_692	FALSE	5	1	5	1	FALSE	FALSE
loop_693	FALSE	3	2	3	2	FALSE	FALSE
loop_694	FALSE	4	3	4	3	FALSE	FALSE
loop_695	FALSE	5	1	5	1	FALSE	FALSE
loop_696	TRUE	3	2	4	3	FALSE	FALSE
loop_697	TRUE	3	3	5	1	TRUE	FALSE
loop_698	TRUE	2	3	1	3	FALSE	FALSE
loop_699	FALSE	5	1	5	1	FALSE	FALSE
loop_700	TRUE	3	1	3	4	FALSE	FALSE
loop_701	TRUE	4	1	3	2	FALSE	FALSE
loop_702	TRUE	3	3	1	3	TRUE	FALSE
loop_703	TRUE	4	1	5	2	FALSE	FALSE
loop_704	FALSE	5	1	5	1	FALSE	FALSE
loop_705	FALSE	5	1	5	1	FALSE	FALSE
loop_706	TRUE	1	3	4	3	FALSE	FALSE
loop_707	TRUE	3	1	5	1	FALSE	FALSE
loop_708	TRUE	2	2	3	2	FALSE	FALSE
loop_709	FALSE	5	2	5	2	FALSE	FALSE
loop_710	TRUE	1	1	1	2	FALSE	FALSE
loop_711	TRUE	5	2	5	1	FALSE	FALSE
loop_712	FALSE	5	1	5	1	FALSE	FALSE
loop_713	TRUE	2	1	5	3	FALSE	FALSE
loop_714	TRUE	5	1	3	4	FALSE	FALSE
loop_715	TRUE	5	1	5	4	FALSE	FALSE
loop_716	TRUE	4	2	1	1	FALSE	FALSE
loop_717	TRUE	3	3	4	4	TRUE	FALSE
loop_718	FALSE	2	5	2	5	FALSE	FALSE
loop_719	TRUE	3	3	2	3	TRUE	FALSE
loop_720	TRUE	3	3	4	2	TRUE	FALSE
loop_721	TRUE	3	3	3	4	TRUE	FALSE
loop_722	TRUE	1	3	2	3	FALSE	FALSE
loop_723	TRUE	1	1	3	3	FALSE	TRUE
loop_724	TRUE	5	5	5	4	FALSE	FALSE
loop_725	TRUE	3	3	2	3	TRUE	FALSE
loop_726	FALSE	3	2	3	2	FALSE	FALSE
loop_727	TRUE	3	3	4	2	TRUE	FALSE
loop_728	FALSE	3	3	3	3	TRUE	TRUE
loop_729	TRUE	3	3	1	4	TRUE	FALSE
loop_730	TRUE	3	3	3	2	TRUE	FALSE
loop_731	TRUE	3	3	1	1	TRUE	FALSE
loop_732	TRUE	3	3	1	4	TRUE	FALSE
loop_733	FALSE	5	1	5	1	FALSE	FALSE
loop_734	FALSE	3	3	3	3	TRUE	TRUE
loop_735	TRUE	3	3	3	4	TRUE	FALSE
loop_736	TRUE	3	3	4	3	TRUE	FALSE
loop_737	TRUE	1	3	4	2	FALSE	FALSE
loop_738	FALSE	4	3	4	3	FALSE	FALSE
loop_739	FALSE	4	4	4	4	FALSE	FALSE
loop_740	TRUE	4	4	2	4	FALSE	FALSE
loop_741	TRUE	3	3	2	3	TRUE	FALSE
loop_742	FALSE	4	2	4	2	FALSE	FALSE
loop_743	TRUE	3	3	4	5	TRUE	FALSE
loop_744	FALSE	4	3	4	3	FALSE	FALSE
loop_745	FALSE	3	2	3	2	FALSE	FALSE
loop_746	TRUE	3	4	3	3	FALSE	TRUE
loop_747	TRUE	3	3	3	4	TRUE	FALSE
loop_748	TRUE	5	1	5	2	FALSE	FALSE
loop_749	TRUE	4	1	4	5	FALSE	FALSE
loop_750	TRUE	3	4	5	2	FALSE	FALSE
loop_751	TRUE	4	1	5	1	FALSE	FALSE
loop_752	TRUE	5	1	4	1	FALSE	FALSE
loop_753	FALSE	5	1	5	1	FALSE	FALSE
loop_754	FALSE	3	3	3	3	TRUE	TRUE
loop_755	FALSE	5	1	5	1	FALSE	FALSE
loop_756	TRUE	5	2	4	1	FALSE	FALSE
loop_757	FALSE	3	1	3	1	FALSE	FALSE
loop_758	TRUE	1	4	3	3	FALSE	TRUE
loop_759	TRUE	2	5	4	2	FALSE	FALSE
loop_760	TRUE	3	3	4	2	TRUE	FALSE
loop_761	TRUE	3	3	2	5	TRUE	FALSE
loop_762	TRUE	3	3	3	4	TRUE	FALSE
loop_763	TRUE	3	3	4	4	TRUE	FALSE
loop_764	TRUE	3	3	5	3	TRUE	FALSE
loop_765	TRUE	1	3	1	5	FALSE	FALSE
loop_766	TRUE	3	4	2	4	FALSE	FALSE
loop_767	TRUE	3	3	3	1	TRUE	FALSE
loop_768	TRUE	3	3	3	2	TRUE	FALSE
loop_769	TRUE	5	3	5	1	FALSE	FALSE
loop_770	TRUE	2	3	2	4	FALSE	FALSE
loop_771	TRUE	1	3	2	2	FALSE	FALSE
loop_772	TRUE	2	1	4	1	FALSE	FALSE
loop_773	TRUE	2	3	3	3	FALSE	TRUE
loop_774	TRUE	2	2	2	3	FALSE	FALSE
loop_775	TRUE	3	3	3	2	TRUE	FALSE
loop_776	TRUE	2	2	1	2	FALSE	FALSE
loop_777	TRUE	3	3	4	2	TRUE	FALSE
loop_778	TRUE	5	1	2	3	FALSE	FALSE
loop_779	TRUE	4	1	3	3	FALSE	TRUE
loop_780	TRUE	3	3	2	3	TRUE	FALSE
loop_781	TRUE	3	3	5	4	TRUE	FALSE
loop_782	TRUE	3	3	2	3	TRUE	FALSE
loop_783	TRUE	3	2	2	2	FALSE	FALSE
loop_784	TRUE	3	3	5	1	TRUE	FALSE
loop_785	FALSE	3	3	3	3	TRUE	TRUE
loop_786	TRUE	2	2	2	3	FALSE	FALSE
loop_787	TRUE	5	3	4	3	FALSE	FALSE
loop_788	TRUE	3	3	3	4	TRUE	FALSE
loop_789	TRUE	5	5	2	5	FALSE	FALSE
loop_790	TRUE	3	3	3	2	TRUE	FALSE
loop_791	TRUE	3	3	2	3	TRUE	FALSE
loop_792	TRUE	3	1	4	2	FALSE	FALSE
loop_793	TRUE	3	3	4	4	TRUE	FALSE
loop_794	TRUE	3	3	5	3	TRUE	FALSE
loop_795	TRUE	3	3	3	5	TRUE	FALSE
loop_796	FALSE	1	3	1	3	FALSE	FALSE
loop_797	TRUE	3	3	3	2	TRUE	FALSE
loop_798	FALSE	3	3	3	3	TRUE	TRUE
loop_799	TRUE	3	3	4	3	TRUE	FALSE
loop_800	TRUE	2	2	1	2	FALSE	FALSE
loop_801	TRUE	3	4	4	3	FALSE	FALSE
loop_802	TRUE	5	4	3	4	FALSE	FALSE
loop_803	TRUE	3	1	4	1	FALSE	FALSE
loop_804	TRUE	5	1	4	1	FALSE	FALSE
loop_805	TRUE	5	4	5	1	FALSE	FALSE
loop_806	TRUE	5	2	5	1	FALSE	FALSE
loop_807	FALSE	5	1	5	1	FALSE	FALSE
loop_808	TRUE	3	3	5	1	TRUE	FALSE
loop_809	FALSE	5	1	5	1	FALSE	FALSE
loop_810	TRUE	4	3	5	1	FALSE	FALSE
loop_811	FALSE	3	3	3	3	TRUE	TRUE
loop_812	TRUE	4	1	5	1	FALSE	FALSE
loop_813	TRUE	5	3	5	4	FALSE	FALSE
loop_814	TRUE	4	2	5	2	FALSE	FALSE
loop_815	TRUE	3	3	4	4	TRUE	FALSE
loop_816	TRUE	3	3	4	3	TRUE	FALSE
loop_817	FALSE	5	1	5	1	FALSE	FALSE
loop_818	TRUE	3	3	5	3	TRUE	FALSE
loop_819	TRUE	3	3	5	5	TRUE	FALSE
loop_820	FALSE	5	1	5	1	FALSE	FALSE
loop_821	FALSE	5	1	5	1	FALSE	FALSE
loop_822	TRUE	5	4	5	1	FALSE	FALSE
loop_823	TRUE	4	3	4	2	FALSE	FALSE
loop_824	FALSE	3	3	3	3	TRUE	TRUE
loop_825	FALSE	5	1	5	1	FALSE	FALSE
loop_826	FALSE	4	1	4	1	FALSE	FALSE
loop_827	TRUE	5	2	4	2	FALSE	FALSE
loop_828	TRUE	3	3	5	2	TRUE	FALSE
loop_829	TRUE	2	2	2	5	FALSE	FALSE
loop_830	FALSE	5	1	5	1	FALSE	FALSE
loop_831	FALSE	3	3	3	3	TRUE	TRUE
loop_832	FALSE	1	2	1	2	FALSE	FALSE
loop_833	TRUE	5	1	3	4	FALSE	FALSE
loop_834	TRUE	2	3	3	3	FALSE	TRUE
loop_835	TRUE	3	3	5	2	TRUE	FALSE
loop_836	TRUE	3	3	2	3	TRUE	FALSE
loop_837	TRUE	3	3	3	4	TRUE	FALSE
loop_838	TRUE	3	3	5	3	TRUE	FALSE
loop_839	FALSE	3	3	3	3	TRUE	TRUE
loop_840	FALSE	3	3	3	3	TRUE	TRUE
loop_841	TRUE	4	4	3	3	FALSE	TRUE
loop_842	TRUE	3	3	4	3	TRUE	FALSE
loop_843	TRUE	2	2	3	3	FALSE	TRUE
loop_844	TRUE	3	4	3	3	FALSE	TRUE
loop_845	TRUE	3	3	3	2	TRUE	FALSE
loop_846	FALSE	5	1	5	1	FALSE	FALSE
loop_847	TRUE	3	3	5	5	TRUE	FALSE
loop_848	TRUE	3	3	2	4	TRUE	FALSE
loop_849	TRUE	2	3	3	4	FALSE	FALSE
loop_850	TRUE	3	3	5	5	TRUE	FALSE
loop_851	TRUE	3	3	2	5	TRUE	FALSE
loop_852	TRUE	3	3	1	4	TRUE	FALSE
loop_853	TRUE	3	3	2	3	TRUE	FALSE
loop_854	FALSE	3	3	3	3	TRUE	TRUE
loop_855	FALSE	2	3	2	3	FALSE	FALSE
loop_856	TRUE	2	1	2	3	FALSE	FALSE
loop_857	TRUE	3	3	1	1	TRUE	FALSE
loop_858	TRUE	3	3	2	3	TRUE	FALSE
loop_859	FALSE	2	2	2	2	FALSE	FALSE
loop_860	TRUE	2	5	4	5	FALSE	FALSE
loop_861	TRUE	3	3	1	3	TRUE	FALSE
loop_862	TRUE	3	3	3	5	TRUE	FALSE
loop_863	TRUE	3	3	3	5	TRUE	FALSE
loop_864	FALSE	3	3	3	3	TRUE	TRUE
loop_865	TRUE	3	3	4	3	TRUE	FALSE
loop_866	TRUE	3	3	1	4	TRUE	FALSE
loop_867	TRUE	3	3	1	3	TRUE	FALSE
loop_868	TRUE	3	3	4	4	TRUE	FALSE
loop_869	FALSE	4	2	4	2	FALSE	FALSE
loop_870	TRUE	3	3	5	5	TRUE	FALSE
loop_871	FALSE	3	3	3	3	TRUE	TRUE
loop_872	TRUE	5	2	5	1	FALSE	FALSE
loop_873	TRUE	5	3	4	1	FALSE	FALSE
loop_874	TRUE	5	2	5	1	FALSE	FALSE
loop_875	TRUE	3	3	4	3	TRUE	FALSE
loop_876	FALSE	3	3	3	3	TRUE	TRUE
loop_877	FALSE	5	1	5	1	FALSE	FALSE
loop_878	FALSE	4	1	4	1	FALSE	FALSE
loop_879	FALSE	3	1	3	1	FALSE	FALSE
loop_880	FALSE	5	1	5	1	FALSE	FALSE
loop_881	TRUE	1	2	2	2	FALSE	FALSE
loop_882	FALSE	5	1	5	1	FALSE	FALSE
loop_883	TRUE	5	1	4	1	FALSE	FALSE
loop_884	FALSE	4	1	4	1	FALSE	FALSE
loop_885	FALSE	3	3	3	3	TRUE	TRUE
loop_886	FALSE	3	3	3	3	TRUE	TRUE
loop_887	TRUE	3	3	4	2	TRUE	FALSE
loop_888	TRUE	2	2	5	1	FALSE	FALSE
loop_889	FALSE	5	1	5	1	FALSE	FALSE
loop_890	TRUE	3	3	4	3	TRUE	FALSE
loop_891	FALSE	5	1	5	1	FALSE	FALSE
loop_892	FALSE	5	1	5	1	FALSE	FALSE
loop_893	TRUE	1	1	1	5	FALSE	FALSE
loop_894	TRUE	5	2	4	1	FALSE	FALSE
loop_895	TRUE	5	1	4	1	FALSE	FALSE
loop_896	FALSE	5	1	5	1	FALSE	FALSE
loop_897	FALSE	3	3	3	3	TRUE	TRUE
loop_898	TRUE	3	3	2	3	TRUE	FALSE
loop_899	TRUE	3	3	1	3	TRUE	FALSE
loop_900	TRUE	5	1	5	2	FALSE	FALSE
loop_901	TRUE	4	3	1	3	FALSE	FALSE
loop_902	TRUE	3	3	3	2	TRUE	FALSE
loop_903	TRUE	3	3	3	1	TRUE	FALSE
loop_904	TRUE	5	2	4	1	FALSE	FALSE
loop_905	TRUE	3	1	4	1	FALSE	FALSE
loop_906	FALSE	2	3	2	3	FALSE	FALSE
loop_907	TRUE	5	1	4	1	FALSE	FALSE
loop_908	TRUE	4	2	3	3	FALSE	TRUE
loop_909	TRUE	3	3	3	2	TRUE	FALSE
loop_910	TRUE	2	2	5	1	FALSE	FALSE
loop_911	TRUE	3	3	4	2	TRUE	FALSE
loop_912	TRUE	1	3	3	4	FALSE	FALSE
loop_913	TRUE	5	2	5	1	FALSE	FALSE
loop_914	TRUE	1	5	5	4	FALSE	FALSE
loop_915	FALSE	2	2	2	2	FALSE	FALSE
loop_916	TRUE	3	3	5	3	TRUE	FALSE
loop_917	FALSE	3	3	3	3	TRUE	TRUE
loop_918	TRUE	3	3	5	1	TRUE	FALSE
loop_919	TRUE	5	3	5	5	FALSE	FALSE
loop_920	TRUE	2	3	3	2	FALSE	FALSE
loop_921	TRUE	3	3	5	2	TRUE	FALSE
loop_922	TRUE	4	2	3	3	FALSE	TRUE
loop_923	TRUE	3	3	4	2	TRUE	FALSE
loop_924	TRUE	1	5	1	4	FALSE	FALSE
loop_925	TRUE	3	4	4	3	FALSE	FALSE
loop_926	TRUE	3	3	3	2	TRUE	FALSE
loop_927	TRUE	3	3	3	2	TRUE	FALSE
loop_928	TRUE	4	1	5	2	FALSE	FALSE
loop_929	TRUE	3	3	2	3	TRUE	FALSE
loop_930	TRUE	3	3	4	4	TRUE	FALSE
loop_931	TRUE	4	2	3	2	FALSE	FALSE
loop_932	TRUE	3	2	4	3	FALSE	FALSE
loop_933	TRUE	3	3	4	2	TRUE	FALSE
loop_934	TRUE	2	3	3	3	FALSE	TRUE
loop_935	FALSE	3	3	3	3	TRUE	TRUE
loop_936	TRUE	2	1	2	5	FALSE	FALSE
loop_937	TRUE	3	3	2	3	TRUE	FALSE
loop_938	TRUE	3	3	4	3	TRUE	FALSE
loop_939	TRUE	2	2	1	4	FALSE	FALSE
loop_940	TRUE	3	4	3	3	FALSE	TRUE
loop_941	TRUE	1	4	1	2	FALSE	FALSE
loop_942	FALSE	5	1	5	1	FALSE	FALSE
loop_943	TRUE	5	1	5	2	FALSE	FALSE
loop_944	FALSE	5	2	5	2	FALSE	FALSE
loop_945	TRUE	1	3	1	4	FALSE	FALSE
loop_946	TRUE	5	1	5	2	FALSE	FALSE
loop_947	TRUE	2	3	4	1	FALSE	FALSE
loop_948	TRUE	3	3	3	1	TRUE	FALSE
loop_949	TRUE	3	3	4	5	TRUE	FALSE
loop_950	TRUE	3	1	4	1	FALSE	FALSE
loop_951	TRUE	3	4	5	1	FALSE	FALSE
loop_952	TRUE	3	3	5	2	TRUE	FALSE
loop_953	TRUE	5	1	4	1	FALSE	FALSE
loop_954	TRUE	2	2	3	2	FALSE	FALSE
loop_955	FALSE	3	3	3	3	TRUE	TRUE
loop_956	TRUE	4	2	4	3	FALSE	FALSE
loop_957	FALSE	5	1	5	1	FALSE	FALSE
loop_958	TRUE	3	3	2	2	TRUE	FALSE
loop_959	TRUE	5	4	4	5	FALSE	FALSE
loop_960	TRUE	3	3	4	4	TRUE	FALSE
loop_961	TRUE	5	2	3	1	FALSE	FALSE
loop_962	TRUE	3	2	3	3	FALSE	TRUE
loop_963	TRUE	5	1	4	3	FALSE	FALSE
loop_964	TRUE	3	5	5	3	FALSE	FALSE
loop_965	TRUE	1	2	1	3	FALSE	FALSE
loop_966	TRUE	3	3	3	4	TRUE	FALSE
loop_967	TRUE	1	3	1	4	FALSE	FALSE
loop_968	TRUE	3	3	2	2	TRUE	FALSE
loop_969	FALSE	3	3	3	3	TRUE	TRUE
loop_970	TRUE	3	3	4	3	TRUE	FALSE
loop_971	TRUE	3	1	4	2	FALSE	FALSE
loop_972	TRUE	3	2	4	3	FALSE	FALSE
loop_973	FALSE	3	3	3	3	TRUE	TRUE
loop_974	TRUE	3	3	2	2	TRUE	FALSE
loop_975	TRUE	3	3	4	4	TRUE	FALSE
loop_976	FALSE	3	3	3	3	TRUE	TRUE
loop_977	FALSE	3	2	3	2	FALSE	FALSE
loop_978	TRUE	3	3	3	4	TRUE	FALSE
loop_979	TRUE	3	1	5	1	FALSE	FALSE
loop_980	FALSE	3	3	3	3	TRUE	TRUE
loop_981	TRUE	3	3	4	3	TRUE	FALSE
loop_982	TRUE	4	3	3	3	FALSE	TRUE
loop_983	TRUE	5	2	3	2	FALSE	FALSE
loop_984	TRUE	3	3	3	4	TRUE	FALSE
loop_985	TRUE	3	3	4	3	TRUE	FALSE
loop_986	TRUE	3	3	5	5	TRUE	FALSE
loop_987	TRUE	4	3	1	3	FALSE	FALSE
loop_988	TRUE	3	1	5	1	FALSE	FALSE
loop_989	TRUE	5	2	5	1	FALSE	FALSE
loop_990	TRUE	5	1	4	3	FALSE	FALSE
loop_991	TRUE	3	3	4	3	TRUE	FALSE
loop_992	FALSE	5	1	5	1	FALSE	FALSE
loop_993	FALSE	5	3	5	3	FALSE	FALSE
loop_994	TRUE	3	3	4	1	TRUE	FALSE
loop_995	FALSE	3	3	3	3	TRUE	TRUE
loop_996	TRUE	5	4	5	5	FALSE	FALSE
loop_997	TRUE	4	1	5	1	FALSE	FALSE
loop_998	FALSE	4	2	4	2	FALSE	FALSE
loop_999	TRUE	3	2	1	1	FALSE	FALSE
loop_1000	TRUE	1	4	1	3	FALSE	FALSE
loop_1001	TRUE	4	4	3	4	FALSE	FALSE
loop_1002	TRUE	4	1	5	1	FALSE	FALSE
loop_1003	FALSE	5	1	5	1	FALSE	FALSE
loop_1004	TRUE	4	2	3	3	FALSE	TRUE
loop_1005	TRUE	2	2	5	2	FALSE	FALSE
loop_1006	TRUE	4	2	5	2	FALSE	FALSE
loop_1007	TRUE	3	3	5	1	TRUE	FALSE
loop_1008	FALSE	5	4	5	4	FALSE	FALSE
loop_1009	TRUE	3	4	1	5	FALSE	FALSE
loop_1010	TRUE	4	4	4	5	FALSE	FALSE
loop_1011	TRUE	3	3	4	3	TRUE	FALSE
loop_1012	TRUE	2	2	3	5	FALSE	FALSE
loop_1013	TRUE	3	3	4	2	TRUE	FALSE
loop_1014	TRUE	4	2	3	3	FALSE	TRUE
loop_1015	FALSE	3	3	3	3	TRUE	TRUE
loop_1016	TRUE	1	2	1	3	FALSE	FALSE
loop_1017	TRUE	3	3	1	3	TRUE	FALSE
loop_1018	TRUE	1	3	1	4	FALSE	FALSE
loop_1019	FALSE	3	3	3	3	TRUE	TRUE
loop_1020	TRUE	1	5	2	4	FALSE	FALSE
loop_1021	TRUE	3	3	4	3	TRUE	FALSE
loop_1022	TRUE	2	4	3	1	FALSE	FALSE
loop_1023	TRUE	3	3	4	3	TRUE	FALSE
loop_1024	TRUE	4	2	3	1	FALSE	FALSE
loop_1025	TRUE	3	3	5	2	TRUE	FALSE
loop_1026	TRUE	3	3	4	2	TRUE	FALSE
loop_1027	FALSE	3	3	3	3	TRUE	TRUE
loop_1028	TRUE	4	1	5	1	FALSE	FALSE
loop_1029	TRUE	3	3	5	1	TRUE	FALSE
loop_1030	FALSE	5	1	5	1	FALSE	FALSE
loop_1031	TRUE	3	3	5	3	TRUE	FALSE
loop_1032	TRUE	1	3	2	4	FALSE	FALSE
loop_1033	TRUE	5	5	3	2	FALSE	FALSE
loop_1034	TRUE	4	2	4	1	FALSE	FALSE
loop_1035	FALSE	5	1	5	1	FALSE	FALSE
loop_1036	FALSE	5	1	5	1	FALSE	FALSE
loop_1037	TRUE	3	3	4	3	TRUE	FALSE
loop_1038	TRUE	2	1	2	2	FALSE	FALSE
loop_1039	FALSE	5	1	5	1	FALSE	FALSE
loop_1040	TRUE	4	1	3	1	FALSE	FALSE
loop_1041	TRUE	3	3	4	2	TRUE	FALSE
loop_1042	TRUE	4	1	5	2	FALSE	FALSE
loop_1043	FALSE	5	4	5	4	FALSE	FALSE
loop_1044	TRUE	5	1	5	2	FALSE	FALSE
loop_1045	TRUE	4	1	5	1	FALSE	FALSE
loop_1046	TRUE	3	3	4	2	TRUE	FALSE
loop_1047	TRUE	4	3	3	2	FALSE	FALSE
loop_1048	FALSE	3	3	3	3	TRUE	TRUE
loop_1049	TRUE	3	3	3	4	TRUE	FALSE
loop_1050	TRUE	4	4	4	3	FALSE	FALSE
loop_1051	TRUE	3	4	3	3	FALSE	TRUE
loop_1052	FALSE	3	3	3	3	TRUE	TRUE
loop_1053	FALSE	5	1	5	1	FALSE	FALSE
loop_1054	TRUE	3	3	5	2	TRUE	FALSE
loop_1055	FALSE	3	3	3	3	TRUE	TRUE
loop_1056	FALSE	5	1	5	1	FALSE	FALSE
loop_1057	TRUE	3	3	4	2	TRUE	FALSE
loop_1058	FALSE	3	3	3	3	TRUE	TRUE
loop_1059	TRUE	4	3	1	3	FALSE	FALSE
loop_1060	TRUE	2	3	3	3	FALSE	TRUE
loop_1061	TRUE	3	1	2	3	FALSE	FALSE
loop_1062	TRUE	3	3	5	1	TRUE	FALSE
loop_1063	TRUE	5	2	3	1	FALSE	FALSE
loop_1064	TRUE	1	5	1	3	FALSE	FALSE
loop_1065	TRUE	4	2	5	2	FALSE	FALSE
loop_1066	TRUE	3	4	3	3	FALSE	TRUE
loop_1067	FALSE	3	3	3	3	TRUE	TRUE
loop_1068	TRUE	3	3	2	3	TRUE	FALSE
loop_1069	TRUE	3	3	3	2	TRUE	FALSE
loop_1070	TRUE	3	3	3	4	TRUE	FALSE
loop_1071	TRUE	3	3	2	3	TRUE	FALSE
loop_1072	TRUE	4	2	3	2	FALSE	FALSE
loop_1073	FALSE	3	3	3	3	TRUE	TRUE
loop_1074	FALSE	3	3	3	3	TRUE	TRUE
loop_1075	FALSE	3	3	3	3	TRUE	TRUE
loop_1076	TRUE	4	4	3	1	FALSE	FALSE
loop_1077	TRUE	5	1	5	2	FALSE	FALSE
loop_1078	TRUE	3	3	4	2	TRUE	FALSE
loop_1079	FALSE	5	1	5	1	FALSE	FALSE
loop_1080	TRUE	1	2	2	3	FALSE	FALSE
loop_1081	TRUE	3	3	2	1	TRUE	FALSE
loop_1082	FALSE	5	1	5	1	FALSE	FALSE
loop_1083	FALSE	3	3	3	3	TRUE	TRUE
loop_1084	TRUE	4	4	3	4	FALSE	FALSE
loop_1085	TRUE	5	1	4	1	FALSE	FALSE
loop_1086	FALSE	3	3	3	3	TRUE	TRUE
loop_1087	TRUE	4	3	3	2	FALSE	FALSE
loop_1088	TRUE	3	3	4	4	TRUE	FALSE
loop_1089	TRUE	3	3	2	2	TRUE	FALSE
loop_1090	FALSE	5	1	5	1	FALSE	FALSE
loop_1091	TRUE	5	2	2	2	FALSE	FALSE
loop_1092	FALSE	5	1	5	1	FALSE	FALSE
loop_1093	FALSE	3	2	3	2	FALSE	FALSE
loop_1094	FALSE	4	3	4	3	FALSE	FALSE
loop_1095	TRUE	3	3	4	3	TRUE	FALSE
loop_1096	TRUE	3	1	3	2	FALSE	FALSE
loop_1097	FALSE	3	4	3	4	FALSE	FALSE
loop_1098	TRUE	3	3	3	2	TRUE	FALSE
loop_1099	TRUE	5	1	4	1	FALSE	FALSE
loop_1100	TRUE	3	3	4	2	TRUE	FALSE
loop_1101	TRUE	3	3	4	2	TRUE	FALSE
loop_1102	TRUE	3	3	5	3	TRUE	FALSE
loop_1103	TRUE	3	3	3	4	TRUE	FALSE
loop_1104	TRUE	3	3	3	4	TRUE	FALSE
loop_1105	TRUE	4	2	3	2	FALSE	FALSE
loop_1106	TRUE	3	3	3	4	TRUE	FALSE
loop_1107	TRUE	3	3	4	4	TRUE	FALSE
loop_1108	FALSE	5	1	5	1	FALSE	FALSE
loop_1109	TRUE	3	3	2	3	TRUE	FALSE
loop_1110	TRUE	5	2	5	1	FALSE	FALSE
loop_1111	TRUE	3	1	4	1	FALSE	FALSE
loop_1112	FALSE	5	1	5	1	FALSE	FALSE
loop_1113	FALSE	5	2	5	2	FALSE	FALSE
loop_1114	TRUE	5	1	4	1	FALSE	FALSE
loop_1115	TRUE	4	2	3	2	FALSE	FALSE
loop_1116	FALSE	3	3	3	3	TRUE	TRUE
loop_1117	TRUE	3	2	5	2	FALSE	FALSE
loop_1118	TRUE	3	3	5	1	TRUE	FALSE
loop_1119	FALSE	4	2	4	2	FALSE	FALSE
loop_1120	FALSE	3	3	3	3	TRUE	TRUE
loop_1121	TRUE	4	3	5	3	FALSE	FALSE
loop_1122	FALSE	1	4	1	4	FALSE	FALSE
loop_1123	TRUE	4	1	5	2	FALSE	FALSE
loop_1124	TRUE	3	1	1	2	FALSE	FALSE
loop_1125	FALSE	4	1	4	1	FALSE	FALSE
loop_1126	FALSE	1	4	1	4	FALSE	FALSE
loop_1127	TRUE	3	3	5	3	TRUE	FALSE
loop_1128	FALSE	3	3	3	3	TRUE	TRUE
loop_1129	FALSE	3	3	3	3	TRUE	TRUE
loop_1130	TRUE	3	4	5	3	FALSE	FALSE
loop_1131	TRUE	5	4	4	3	FALSE	FALSE
loop_1132	FALSE	3	3	3	3	TRUE	TRUE
loop_1133	TRUE	3	4	3	2	FALSE	FALSE
loop_1134	TRUE	5	3	4	3	FALSE	FALSE
loop_1135	TRUE	3	3	4	3	TRUE	FALSE
loop_1136	FALSE	4	3	4	3	FALSE	FALSE
loop_1137	TRUE	4	3	5	2	FALSE	FALSE
loop_1138	TRUE	3	3	3	5	TRUE	FALSE
loop_1139	TRUE	4	1	3	2	FALSE	FALSE
loop_1140	TRUE	5	3	3	3	FALSE	TRUE
loop_1141	FALSE	3	3	3	3	TRUE	TRUE
loop_1142	TRUE	4	3	4	1	FALSE	FALSE
loop_1143	TRUE	3	3	2	3	TRUE	FALSE
loop_1144	TRUE	4	3	3	3	FALSE	TRUE
loop_1145	TRUE	2	2	3	2	FALSE	FALSE
loop_1146	FALSE	3	3	3	3	TRUE	TRUE
loop_1147	TRUE	3	3	3	2	TRUE	FALSE
loop_1148	TRUE	3	3	4	3	TRUE	FALSE
loop_1149	FALSE	5	1	5	1	FALSE	FALSE
loop_1150	FALSE	5	1	5	1	FALSE	FALSE
loop_1151	TRUE	3	3	2	4	TRUE	FALSE
loop_1152	TRUE	1	2	4	2	FALSE	FALSE
loop_1153	FALSE	5	1	5	1	FALSE	FALSE
loop_1154	FALSE	5	1	5	1	FALSE	FALSE
loop_1155	FALSE	5	1	5	1	FALSE	FALSE
loop_1156	FALSE	5	1	5	1	FALSE	FALSE
loop_1157	TRUE	5	1	5	2	FALSE	FALSE
loop_1158	FALSE	5	1	5	1	FALSE	FALSE
loop_1159	TRUE	3	3	3	2	TRUE	FALSE
loop_1160	FALSE	5	1	5	1	FALSE	FALSE
loop_1161	TRUE	5	2	4	2	FALSE	FALSE
loop_1162	TRUE	4	1	5	1	FALSE	FALSE
loop_1163	FALSE	5	1	5	1	FALSE	FALSE
loop_1164	TRUE	3	3	3	4	TRUE	FALSE
loop_1165	FALSE	2	4	2	4	FALSE	FALSE
loop_1166	TRUE	4	5	4	4	FALSE	FALSE
loop_1167	TRUE	5	1	4	1	FALSE	FALSE
loop_1168	TRUE	3	3	5	1	TRUE	FALSE
loop_1169	TRUE	3	2	3	3	FALSE	TRUE
loop_1170	FALSE	4	2	4	2	FALSE	FALSE
loop_1171	TRUE	3	2	4	3	FALSE	FALSE
loop_1172	TRUE	3	3	4	1	TRUE	FALSE
loop_1173	TRUE	5	2	4	2	FALSE	FALSE
loop_1174	TRUE	4	3	3	2	FALSE	FALSE
loop_1175	FALSE	5	1	5	1	FALSE	FALSE
loop_1176	TRUE	4	3	4	1	FALSE	FALSE
loop_1177	TRUE	3	1	5	1	FALSE	FALSE
loop_1178	TRUE	4	3	4	2	FALSE	FALSE
loop_1179	TRUE	3	3	3	1	TRUE	FALSE
loop_1180	TRUE	3	3	5	3	TRUE	FALSE
loop_1181	TRUE	3	3	2	3	TRUE	FALSE
loop_1182	TRUE	3	3	4	1	TRUE	FALSE
loop_1183	TRUE	3	2	5	2	FALSE	FALSE
loop_1184	TRUE	2	3	2	2	FALSE	FALSE
loop_1185	TRUE	3	3	4	3	TRUE	FALSE
loop_1186	TRUE	4	3	5	3	FALSE	FALSE
loop_1187	TRUE	3	3	4	3	TRUE	FALSE
loop_1188	FALSE	4	2	4	2	FALSE	FALSE
loop_1189	TRUE	3	3	3	1	TRUE	FALSE
loop_1190	TRUE	3	3	1	3	TRUE	FALSE
loop_1191	TRUE	3	3	4	4	TRUE	FALSE
loop_1192	TRUE	3	1	4	1	FALSE	FALSE
loop_1193	TRUE	3	2	4	2	FALSE	FALSE
loop_1194	TRUE	3	4	3	3	FALSE	TRUE
loop_1195	TRUE	3	3	2	3	TRUE	FALSE
loop_1196	TRUE	5	2	5	3	FALSE	FALSE
loop_1197	TRUE	3	3	4	3	TRUE	FALSE
loop_1198	TRUE	1	3	5	1	FALSE	FALSE
loop_1199	TRUE	3	4	3	3	FALSE	TRUE
loop_1200	TRUE	1	3	2	4	FALSE	FALSE
loop_1201	TRUE	1	3	5	2	FALSE	FALSE
loop_1202	TRUE	3	3	4	3	TRUE	FALSE
loop_1203	FALSE	2	1	2	1	FALSE	FALSE
loop_1204	TRUE	3	3	2	3	TRUE	FALSE
loop_1205	TRUE	2	3	3	3	FALSE	TRUE
loop_1206	TRUE	4	1	5	1	FALSE	FALSE
loop_1207	FALSE	3	3	3	3	TRUE	TRUE
loop_1208	FALSE	2	3	2	3	FALSE	FALSE
loop_1209	TRUE	3	3	3	2	TRUE	FALSE
loop_1210	TRUE	3	3	4	2	TRUE	FALSE
loop_1211	TRUE	3	3	4	3	TRUE	FALSE
loop_1212	TRUE	3	5	4	5	FALSE	FALSE
loop_1213	FALSE	3	3	3	3	TRUE	TRUE
loop_1214	TRUE	3	3	4	3	TRUE	FALSE
loop_1215	TRUE	3	3	2	3	TRUE	FALSE
loop_1216	TRUE	4	2	3	3	FALSE	TRUE
loop_1217	TRUE	4	5	5	3	FALSE	FALSE
loop_1218	TRUE	3	3	4	3	TRUE	FALSE
loop_1219	FALSE	3	4	3	4	FALSE	FALSE
loop_1220	TRUE	3	3	1	5	TRUE	FALSE
loop_1221	TRUE	3	4	3	3	FALSE	TRUE
loop_1222	TRUE	2	4	5	3	FALSE	FALSE
loop_1223	TRUE	3	3	3	1	TRUE	FALSE
loop_1224	TRUE	5	1	5	2	FALSE	FALSE
loop_1225	TRUE	2	5	4	1	FALSE	FALSE
loop_1226	TRUE	3	3	1	3	TRUE	FALSE
loop_1227	FALSE	5	1	5	1	FALSE	FALSE
loop_1228	TRUE	5	2	4	1	FALSE	FALSE
loop_1229	TRUE	5	1	1	3	FALSE	FALSE
loop_1230	TRUE	5	3	5	2	FALSE	FALSE
loop_1231	TRUE	2	2	3	4	FALSE	FALSE
loop_1232	TRUE	3	4	4	4	FALSE	FALSE
loop_1233	TRUE	3	2	5	2	FALSE	FALSE
loop_1234	TRUE	4	2	4	3	FALSE	FALSE
loop_1235	TRUE	3	3	3	2	TRUE	FALSE
loop_1236	TRUE	3	3	3	4	TRUE	FALSE
loop_1237	FALSE	3	4	3	4	FALSE	FALSE
loop_1238	TRUE	4	3	4	2	FALSE	FALSE
loop_1239	FALSE	5	1	5	1	FALSE	FALSE
loop_1240	TRUE	3	3	4	2	TRUE	FALSE
loop_1241	FALSE	4	1	4	1	FALSE	FALSE
loop_1242	TRUE	3	3	2	3	TRUE	FALSE
loop_1243	TRUE	3	3	3	4	TRUE	FALSE
loop_1244	TRUE	3	3	3	1	TRUE	FALSE
loop_1245	TRUE	3	3	3	2	TRUE	FALSE
loop_1246	FALSE	3	3	3	3	TRUE	TRUE
loop_1247	TRUE	5	5	2	5	FALSE	FALSE
loop_1248	TRUE	3	3	4	4	TRUE	FALSE
loop_1249	FALSE	3	3	3	3	TRUE	TRUE
loop_1250	TRUE	3	3	2	4	TRUE	FALSE
loop_1251	TRUE	3	3	2	3	TRUE	FALSE
loop_1252	TRUE	3	3	4	3	TRUE	FALSE
loop_1253	FALSE	3	3	3	3	TRUE	TRUE
loop_1254	TRUE	3	3	1	3	TRUE	FALSE
loop_1255	FALSE	5	1	5	1	FALSE	FALSE
loop_1256	TRUE	3	3	2	3	TRUE	FALSE
loop_1257	TRUE	3	3	2	1	TRUE	FALSE
loop_1258	TRUE	4	1	3	1	FALSE	FALSE
loop_1259	TRUE	2	4	3	4	FALSE	FALSE
loop_1260	TRUE	2	3	3	2	FALSE	FALSE
loop_1261	FALSE	3	3	3	3	TRUE	TRUE
loop_1262	FALSE	2	3	2	3	FALSE	FALSE
loop_1263	TRUE	3	1	4	2	FALSE	FALSE
loop_1264	FALSE	3	3	3	3	TRUE	TRUE
loop_1265	TRUE	3	3	4	4	TRUE	FALSE
loop_1266	TRUE	3	3	4	1	TRUE	FALSE
loop_1267	TRUE	3	3	3	2	TRUE	FALSE
loop_1268	TRUE	3	4	2	4	FALSE	FALSE
loop_1269	TRUE	4	2	4	3	FALSE	FALSE
loop_1270	TRUE	3	3	2	4	TRUE	FALSE
loop_1271	FALSE	5	1	5	1	FALSE	FALSE
loop_1272	TRUE	5	2	5	1	FALSE	FALSE
loop_1273	TRUE	5	3	5	1	FALSE	FALSE
loop_1274	TRUE	5	1	3	2	FALSE	FALSE
loop_1275	FALSE	3	3	3	3	TRUE	TRUE
loop_1276	TRUE	2	2	5	1	FALSE	FALSE
loop_1277	FALSE	3	4	3	4	FALSE	FALSE
loop_1278	TRUE	3	3	4	5	TRUE	FALSE
loop_1279	FALSE	3	3	3	3	TRUE	TRUE
loop_1280	TRUE	4	4	2	5	FALSE	FALSE
loop_1281	TRUE	1	3	3	1	FALSE	FALSE
loop_1282	TRUE	3	3	4	1	TRUE	FALSE
loop_1283	TRUE	3	3	2	2	TRUE	FALSE
loop_1284	TRUE	3	1	5	3	FALSE	FALSE
loop_1285	TRUE	5	1	4	1	FALSE	FALSE
loop_1286	TRUE	5	2	5	3	FALSE	FALSE
loop_1287	TRUE	5	2	1	4	FALSE	FALSE
loop_1288	TRUE	4	4	3	1	FALSE	FALSE
loop_1289	TRUE	4	2	5	1	FALSE	FALSE
loop_1290	FALSE	2	5	2	5	FALSE	FALSE
loop_1291	TRUE	2	4	3	3	FALSE	TRUE
loop_1292	TRUE	5	3	5	2	FALSE	FALSE
loop_1293	TRUE	3	3	5	2	TRUE	FALSE
loop_1294	FALSE	2	3	2	3	FALSE	FALSE
loop_1295	TRUE	3	3	3	1	TRUE	FALSE
loop_1296	TRUE	3	3	4	3	TRUE	FALSE
loop_1297	TRUE	2	1	5	1	FALSE	FALSE
loop_1298	TRUE	3	3	3	4	TRUE	FALSE
loop_1299	TRUE	4	5	5	5	FALSE	FALSE
loop_1300	TRUE	2	3	2	2	FALSE	FALSE
loop_1301	FALSE	3	3	3	3	TRUE	TRUE
loop_1302	FALSE	3	3	3	3	TRUE	TRUE
loop_1303	FALSE	3	4	3	4	FALSE	FALSE
loop_1304	FALSE	3	3	3	3	TRUE	TRUE
loop_1305	TRUE	3	3	2	1	TRUE	FALSE
loop_1306	TRUE	3	3	4	2	TRUE	FALSE
loop_1307	TRUE	3	3	4	2	TRUE	FALSE
loop_1308	TRUE	5	1	4	1	FALSE	FALSE
loop_1309	TRUE	2	5	3	4	FALSE	FALSE
loop_1310	FALSE	4	5	4	5	FALSE	FALSE
loop_1311	TRUE	2	5	4	4	FALSE	FALSE
loop_1312	FALSE	5	1	5	1	FALSE	FALSE
loop_1313	TRUE	2	3	5	3	FALSE	FALSE
loop_1314	FALSE	5	1	5	1	FALSE	FALSE
loop_1315	TRUE	5	1	1	3	FALSE	FALSE
loop_1316	FALSE	5	1	5	1	FALSE	FALSE
loop_1317	TRUE	4	2	5	1	FALSE	FALSE
loop_1318	FALSE	4	1	4	1	FALSE	FALSE
loop_1319	TRUE	2	1	5	1	FALSE	FALSE
loop_1320	TRUE	5	3	4	2	FALSE	FALSE
loop_1321	TRUE	3	3	4	3	TRUE	FALSE
loop_1322	TRUE	5	1	4	1	FALSE	FALSE
loop_1323	FALSE	1	2	1	2	FALSE	FALSE
loop_1324	FALSE	3	3	3	3	TRUE	TRUE
loop_1325	FALSE	5	1	5	1	FALSE	FALSE
loop_1326	FALSE	5	1	5	1	FALSE	FALSE
loop_1327	TRUE	5	1	5	2	FALSE	FALSE
loop_1328	FALSE	5	1	5	1	FALSE	FALSE
loop_1329	FALSE	1	3	1	3	FALSE	FALSE
loop_1330	FALSE	5	1	5	1	FALSE	FALSE
loop_1331	TRUE	5	1	4	1	FALSE	FALSE
loop_1332	FALSE	5	1	5	1	FALSE	FALSE
loop_1333	TRUE	4	1	1	2	FALSE	FALSE
loop_1334	TRUE	5	2	5	1	FALSE	FALSE
loop_1335	FALSE	3	3	3	3	TRUE	TRUE
loop_1336	TRUE	5	3	5	1	FALSE	FALSE
loop_1337	FALSE	5	1	5	1	FALSE	FALSE
loop_1338	FALSE	5	1	5	1	FALSE	FALSE
loop_1339	FALSE	5	1	5	1	FALSE	FALSE
loop_1340	FALSE	3	1	3	1	FALSE	FALSE
loop_1341	TRUE	1	3	1	4	FALSE	FALSE
loop_1342	TRUE	2	3	5	1	FALSE	FALSE
loop_1343	TRUE	3	1	4	1	FALSE	FALSE
loop_1344	FALSE	3	4	3	4	FALSE	FALSE
loop_1345	FALSE	4	2	4	2	FALSE	FALSE
loop_1346	TRUE	4	1	5	1	FALSE	FALSE
loop_1347	TRUE	3	3	5	2	TRUE	FALSE
loop_1348	TRUE	3	3	4	1	TRUE	FALSE
loop_1349	TRUE	5	1	4	1	FALSE	FALSE
loop_1350	TRUE	3	2	5	1	FALSE	FALSE
loop_1351	FALSE	4	4	4	4	FALSE	FALSE
loop_1352	TRUE	3	3	2	1	TRUE	FALSE
loop_1353	FALSE	2	2	2	2	FALSE	FALSE
loop_1354	FALSE	5	1	5	1	FALSE	FALSE
loop_1355	TRUE	4	2	5	1	FALSE	FALSE
loop_1356	FALSE	3	3	3	3	TRUE	TRUE
loop_1357	TRUE	3	3	3	1	TRUE	FALSE
loop_1358	TRUE	3	3	5	1	TRUE	FALSE
loop_1359	TRUE	3	3	1	1	TRUE	FALSE
loop_1360	TRUE	4	2	5	2	FALSE	FALSE
loop_1361	TRUE	3	3	3	2	TRUE	FALSE
loop_1362	FALSE	3	3	3	3	TRUE	TRUE
loop_1363	TRUE	3	3	5	2	TRUE	FALSE
loop_1364	TRUE	2	4	3	3	FALSE	TRUE
loop_1365	TRUE	5	4	5	3	FALSE	FALSE
loop_1366	FALSE	4	1	4	1	FALSE	FALSE
loop_1367	FALSE	5	3	5	3	FALSE	FALSE
loop_1368	TRUE	3	3	4	5	TRUE	FALSE
loop_1369	FALSE	4	5	4	5	FALSE	FALSE
loop_1370	TRUE	3	4	3	1	FALSE	FALSE
loop_1371	TRUE	2	4	3	4	FALSE	FALSE
loop_1372	TRUE	5	1	3	1	FALSE	FALSE
loop_1373	FALSE	5	2	5	2	FALSE	FALSE
loop_1374	TRUE	1	2	1	3	FALSE	FALSE
loop_1375	TRUE	3	3	4	4	TRUE	FALSE
loop_1376	TRUE	3	3	4	1	TRUE	FALSE
loop_1377	TRUE	3	3	4	3	TRUE	FALSE
loop_1378	TRUE	3	3	1	2	TRUE	FALSE
loop_1379	TRUE	2	2	1	2	FALSE	FALSE
loop_1380	FALSE	3	3	3	3	TRUE	TRUE
loop_1381	TRUE	1	2	3	3	FALSE	TRUE
loop_1382	FALSE	1	1	1	1	FALSE	FALSE
loop_1383	TRUE	4	1	2	2	FALSE	FALSE
loop_1384	TRUE	4	5	5	5	FALSE	FALSE
loop_1385	FALSE	3	3	3	3	TRUE	TRUE
loop_1386	FALSE	3	5	3	5	FALSE	FALSE
loop_1387	TRUE	3	3	3	2	TRUE	FALSE
loop_1388	TRUE	3	3	3	2	TRUE	FALSE
loop_1389	TRUE	3	3	5	3	TRUE	FALSE
loop_1390	TRUE	3	4	4	4	FALSE	FALSE
loop_1391	TRUE	3	3	3	2	TRUE	FALSE
loop_1392	TRUE	3	2	5	4	FALSE	FALSE
loop_1393	FALSE	2	3	2	3	FALSE	FALSE
loop_1394	TRUE	3	3	4	4	TRUE	FALSE
loop_1395	FALSE	3	3	3	3	TRUE	TRUE
loop_1396	TRUE	3	3	4	1	TRUE	FALSE
loop_1397	TRUE	3	3	3	4	TRUE	FALSE
loop_1398	TRUE	3	4	3	3	FALSE	TRUE
loop_1399	TRUE	5	5	4	3	FALSE	FALSE
loop_1400	TRUE	3	3	1	3	TRUE	FALSE
loop_1401	TRUE	2	4	3	3	FALSE	TRUE
loop_1402	TRUE	3	3	2	2	TRUE	FALSE
loop_1403	FALSE	3	3	3	3	TRUE	TRUE
loop_1404	FALSE	3	2	3	2	FALSE	FALSE
loop_1405	FALSE	3	2	3	2	FALSE	FALSE
loop_1406	TRUE	3	3	5	2	TRUE	FALSE
loop_1407	TRUE	3	4	3	5	FALSE	FALSE
loop_1408	FALSE	5	1	5	1	FALSE	FALSE
loop_1409	TRUE	3	3	4	2	TRUE	FALSE
loop_1410	TRUE	5	2	5	1	FALSE	FALSE
loop_1411	TRUE	3	3	2	3	TRUE	FALSE
loop_1412	TRUE	5	3	5	1	FALSE	FALSE
loop_1413	TRUE	4	1	4	3	FALSE	FALSE
loop_1414	FALSE	5	1	5	1	FALSE	FALSE
loop_1415	TRUE	2	2	3	1	FALSE	FALSE
loop_1416	FALSE	1	4	1	4	FALSE	FALSE
loop_1417	TRUE	4	1	4	2	FALSE	FALSE
loop_1418	TRUE	5	1	5	2	FALSE	FALSE
loop_1419	TRUE	3	3	2	4	TRUE	FALSE
loop_1420	TRUE	2	1	3	1	FALSE	FALSE
loop_1421	TRUE	2	3	2	4	FALSE	FALSE
loop_1422	TRUE	3	3	4	3	TRUE	FALSE
loop_1423	FALSE	3	3	3	3	TRUE	TRUE
loop_1424	TRUE	3	2	2	2	FALSE	FALSE
loop_1425	FALSE	5	1	5	1	FALSE	FALSE
loop_1426	TRUE	4	3	3	3	FALSE	TRUE
loop_1427	FALSE	5	5	5	5	FALSE	FALSE
loop_1428	FALSE	3	2	3	2	FALSE	FALSE
loop_1429	TRUE	5	1	5	2	FALSE	FALSE
loop_1430	TRUE	5	1	3	4	FALSE	FALSE
loop_1431	TRUE	3	3	4	3	TRUE	FALSE
loop_1432	FALSE	2	3	2	3	FALSE	FALSE
loop_1433	TRUE	3	3	3	2	TRUE	FALSE
loop_1434	TRUE	3	3	3	2	TRUE	FALSE
loop_1435	TRUE	3	3	3	1	TRUE	FALSE
loop_1436	TRUE	4	1	5	1	FALSE	FALSE
loop_1437	TRUE	5	2	3	3	FALSE	TRUE
loop_1438	TRUE	3	3	4	3	TRUE	FALSE
loop_1439	TRUE	3	2	3	3	FALSE	TRUE
loop_1440	TRUE	2	4	4	3	FALSE	FALSE
loop_1441	FALSE	3	3	3	3	TRUE	TRUE
loop_1442	FALSE	4	4	4	4	FALSE	FALSE
loop_1443	TRUE	3	3	5	1	TRUE	FALSE
loop_1444	TRUE	3	3	1	5	TRUE	FALSE
loop_1445	TRUE	4	2	3	5	FALSE	FALSE
loop_1446	TRUE	3	3	2	5	TRUE	FALSE
loop_1447	TRUE	3	5	3	4	FALSE	FALSE
loop_1448	TRUE	3	3	2	3	TRUE	FALSE
loop_1449	TRUE	3	3	2	4	TRUE	FALSE
loop_1450	FALSE	3	3	3	3	TRUE	TRUE
loop_1451	TRUE	2	4	4	2	FALSE	FALSE
loop_1452	TRUE	2	3	3	3	FALSE	TRUE
loop_1453	TRUE	3	5	4	5	FALSE	FALSE
loop_1454	TRUE	4	3	3	3	FALSE	TRUE
loop_1455	TRUE	2	3	3	4	FALSE	FALSE
loop_1456	FALSE	3	3	3	3	TRUE	TRUE
loop_1457	TRUE	2	3	2	2	FALSE	FALSE
loop_1458	FALSE	3	5	3	5	FALSE	FALSE
loop_1459	TRUE	3	4	4	4	FALSE	FALSE
loop_1460	TRUE	3	3	4	3	TRUE	FALSE
loop_1461	FALSE	3	3	3	3	TRUE	TRUE
loop_1462	TRUE	3	3	4	3	TRUE	FALSE
loop_1463	TRUE	4	3	4	2	FALSE	FALSE
loop_1464	FALSE	5	1	5	1	FALSE	FALSE
loop_1465	FALSE	3	3	3	3	TRUE	TRUE
loop_1466	TRUE	2	2	2	3	FALSE	FALSE
loop_1467	TRUE	4	1	1	1	FALSE	FALSE
loop_1468	FALSE	5	1	5	1	FALSE	FALSE
loop_1469	TRUE	4	1	5	1	FALSE	FALSE
loop_1470	TRUE	4	3	5	3	FALSE	FALSE
loop_1471	TRUE	5	1	5	3	FALSE	FALSE
loop_1472	TRUE	3	3	5	1	TRUE	FALSE
loop_1473	TRUE	5	3	4	1	FALSE	FALSE
loop_1474	FALSE	4	1	4	1	FALSE	FALSE
loop_1475	FALSE	5	1	5	1	FALSE	FALSE
loop_1476	TRUE	5	1	4	3	FALSE	FALSE
loop_1477	TRUE	3	2	3	5	FALSE	FALSE
loop_1478	FALSE	5	1	5	1	FALSE	FALSE
loop_1479	FALSE	5	1	5	1	FALSE	FALSE
loop_1480	TRUE	4	2	4	4	FALSE	FALSE
loop_1481	FALSE	3	3	3	3	TRUE	TRUE
loop_1482	TRUE	1	5	5	5	FALSE	FALSE
loop_1483	TRUE	3	3	5	2	TRUE	FALSE
loop_1484	TRUE	3	3	2	1	TRUE	FALSE
loop_1485	TRUE	5	1	5	2	FALSE	FALSE
loop_1486	FALSE	5	1	5	1	FALSE	FALSE
loop_1487	TRUE	3	3	5	1	TRUE	FALSE
loop_1488	FALSE	4	3	4	3	FALSE	FALSE
loop_1489	TRUE	3	3	3	4	TRUE	FALSE
loop_1490	TRUE	3	3	3	4	TRUE	FALSE
loop_1491	TRUE	4	1	5	2	FALSE	FALSE
loop_1492	TRUE	2	5	1	5	FALSE	FALSE
loop_1493	FALSE	3	3	3	3	TRUE	TRUE
loop_1494	TRUE	5	1	4	2	FALSE	FALSE
loop_1495	TRUE	3	2	4	2	FALSE	FALSE
loop_1496	FALSE	5	1	5	1	FALSE	FALSE
loop_1497	FALSE	3	3	3	3	TRUE	TRUE
loop_1498	TRUE	3	3	5	1	TRUE	FALSE
loop_1499	FALSE	2	2	2	2	FALSE	FALSE
loop_1500	FALSE	1	1	1	1	FALSE	FALSE
loop_1501	TRUE	3	3	5	2	TRUE	FALSE
loop_1502	TRUE	5	2	4	1	FALSE	FALSE
loop_1503	TRUE	3	3	4	2	TRUE	FALSE
loop_1504	TRUE	3	3	2	2	TRUE	FALSE
loop_1505	TRUE	3	3	3	4	TRUE	FALSE
loop_1506	FALSE	2	4	2	4	FALSE	FALSE
loop_1507	FALSE	3	2	3	2	FALSE	FALSE
loop_1508	FALSE	1	5	1	5	FALSE	FALSE
loop_1509	TRUE	4	1	3	3	FALSE	TRUE
loop_1510	FALSE	3	3	3	3	TRUE	TRUE
loop_1511	TRUE	2	2	3	4	FALSE	FALSE
loop_1512	TRUE	5	1	4	3	FALSE	FALSE
loop_1513	TRUE	2	2	1	1	FALSE	FALSE
loop_1514	FALSE	3	3	3	3	TRUE	TRUE
loop_1515	TRUE	3	3	3	4	TRUE	FALSE
loop_1516	TRUE	3	3	2	2	TRUE	FALSE
loop_1517	FALSE	5	2	5	2	FALSE	FALSE
loop_1518	TRUE	3	3	2	2	TRUE	FALSE
loop_1519	TRUE	4	1	5	1	FALSE	FALSE
loop_1520	FALSE	5	1	5	1	FALSE	FALSE
loop_1521	TRUE	5	1	4	1	FALSE	FALSE
loop_1522	TRUE	5	3	4	1	FALSE	FALSE
loop_1523	FALSE	5	1	5	1	FALSE	FALSE
loop_1524	TRUE	2	3	3	3	FALSE	TRUE
loop_1525	FALSE	5	5	5	5	FALSE	FALSE
loop_1526	TRUE	5	2	5	1	FALSE	FALSE
loop_1527	FALSE	5	2	5	2	FALSE	FALSE
loop_1528	TRUE	4	3	5	3	FALSE	FALSE
loop_1529	TRUE	3	3	4	2	TRUE	FALSE
loop_1530	FALSE	5	1	5	1	FALSE	FALSE
loop_1531	TRUE	4	1	3	1	FALSE	FALSE
loop_1532	TRUE	2	3	3	5	FALSE	FALSE
loop_1533	TRUE	3	3	4	1	TRUE	FALSE
loop_1534	FALSE	5	1	5	1	FALSE	FALSE
loop_1535	TRUE	5	3	4	2	FALSE	FALSE
loop_1536	TRUE	3	3	3	2	TRUE	FALSE
loop_1537	TRUE	5	1	4	1	FALSE	FALSE
loop_1538	TRUE	3	3	2	4	TRUE	FALSE
loop_1539	TRUE	3	3	3	1	TRUE	FALSE
loop_1540	TRUE	3	3	2	1	TRUE	FALSE
loop_1541	FALSE	5	1	5	1	FALSE	FALSE
loop_1542	TRUE	3	1	3	3	FALSE	TRUE
loop_1543	FALSE	5	1	5	1	FALSE	FALSE
loop_1544	TRUE	5	3	4	2	FALSE	FALSE
loop_1545	TRUE	3	2	2	2	FALSE	FALSE
loop_1546	TRUE	1	1	3	2	FALSE	FALSE
loop_1547	FALSE	5	1	5	1	FALSE	FALSE
loop_1548	TRUE	3	3	4	2	TRUE	FALSE
loop_1549	FALSE	3	3	3	3	TRUE	TRUE
loop_1550	TRUE	3	3	3	5	TRUE	FALSE
loop_1551	TRUE	2	2	2	1	FALSE	FALSE
loop_1552	TRUE	5	1	4	3	FALSE	FALSE
loop_1553	FALSE	2	2	2	2	FALSE	FALSE
loop_1554	TRUE	4	4	3	4	FALSE	FALSE
loop_1555	TRUE	3	3	2	2	TRUE	FALSE
loop_1556	TRUE	4	1	5	1	FALSE	FALSE
loop_1557	FALSE	3	3	3	3	TRUE	TRUE
loop_1558	TRUE	3	3	4	4	TRUE	FALSE
loop_1559	TRUE	3	3	4	2	TRUE	FALSE
loop_1560	FALSE	5	4	5	4	FALSE	FALSE
loop_1561	TRUE	3	3	5	2	TRUE	FALSE
loop_1562	FALSE	5	1	5	1	FALSE	FALSE
loop_1563	FALSE	2	1	2	1	FALSE	FALSE
loop_1564	TRUE	3	3	3	4	TRUE	FALSE
loop_1565	FALSE	4	3	4	3	FALSE	FALSE
loop_1566	TRUE	1	3	4	1	FALSE	FALSE
loop_1567	FALSE	3	3	3	3	TRUE	TRUE
loop_1568	TRUE	4	1	5	2	FALSE	FALSE
loop_1569	TRUE	3	1	2	3	FALSE	FALSE
loop_1570	TRUE	3	3	3	2	TRUE	FALSE
loop_1571	TRUE	3	3	5	2	TRUE	FALSE
loop_1572	FALSE	4	3	4	3	FALSE	FALSE
loop_1573	FALSE	3	2	3	2	FALSE	FALSE
loop_1574	FALSE	3	4	3	4	FALSE	FALSE
loop_1575	TRUE	3	3	4	3	TRUE	FALSE
loop_1576	TRUE	3	3	4	4	TRUE	FALSE
loop_1577	FALSE	5	2	5	2	FALSE	FALSE
loop_1578	TRUE	3	3	3	1	TRUE	FALSE
loop_1579	TRUE	5	2	1	2	FALSE	FALSE
loop_1580	TRUE	3	3	5	1	TRUE	FALSE
loop_1581	FALSE	3	3	3	3	TRUE	TRUE
loop_1582	FALSE	2	3	2	3	FALSE	FALSE
loop_1583	TRUE	3	3	4	3	TRUE	FALSE
loop_1584	TRUE	3	3	3	4	TRUE	FALSE
loop_1585	TRUE	3	3	4	5	TRUE	FALSE
loop_1586	TRUE	3	3	5	2	TRUE	FALSE
loop_1587	TRUE	5	2	4	3	FALSE	FALSE
loop_1588	FALSE	5	1	5	1	FALSE	FALSE
loop_1589	FALSE	5	1	5	1	FALSE	FALSE
loop_1590	TRUE	3	1	2	3	FALSE	FALSE
loop_1591	TRUE	3	3	3	4	TRUE	FALSE
loop_1592	TRUE	3	2	3	3	FALSE	TRUE
loop_1593	FALSE	5	1	5	1	FALSE	FALSE
loop_1594	TRUE	3	3	4	1	TRUE	FALSE
loop_1595	TRUE	4	1	3	1	FALSE	FALSE
loop_1596	TRUE	4	3	5	2	FALSE	FALSE
loop_1597	TRUE	3	1	2	2	FALSE	FALSE
loop_1598	FALSE	3	3	3	3	TRUE	TRUE
loop_1599	FALSE	4	1	4	1	FALSE	FALSE
loop_1600	FALSE	5	1	5	1	FALSE	FALSE
loop_1601	TRUE	5	1	4	1	FALSE	FALSE
loop_1602	FALSE	5	2	5	2	FALSE	FALSE
loop_1603	TRUE	3	3	2	3	TRUE	FALSE
loop_1604	TRUE	2	4	1	4	FALSE	FALSE
loop_1605	FALSE	5	1	5	1	FALSE	FALSE
loop_1606	TRUE	5	2	5	3	FALSE	FALSE
loop_1607	TRUE	3	3	3	4	TRUE	FALSE
loop_1608	TRUE	3	3	3	5	TRUE	FALSE
loop_1609	TRUE	5	3	3	3	FALSE	TRUE
loop_1610	TRUE	5	2	3	2	FALSE	FALSE
loop_1611	TRUE	4	3	3	3	FALSE	TRUE
loop_1612	TRUE	4	4	1	4	FALSE	FALSE
loop_1613	TRUE	4	4	2	5	FALSE	FALSE
loop_1614	FALSE	3	1	3	1	FALSE	FALSE
loop_1615	TRUE	2	2	3	2	FALSE	FALSE
loop_1616	TRUE	4	1	3	1	FALSE	FALSE
loop_1617	TRUE	5	1	5	3	FALSE	FALSE
loop_1618	FALSE	5	1	5	1	FALSE	FALSE
loop_1619	TRUE	4	1	3	1	FALSE	FALSE
loop_1620	TRUE	3	3	4	1	TRUE	FALSE
loop_1621	TRUE	3	3	3	4	TRUE	FALSE
loop_1622	FALSE	2	1	2	1	FALSE	FALSE
loop_1623	FALSE	3	3	3	3	TRUE	TRUE
loop_1624	TRUE	3	3	4	5	TRUE	FALSE
loop_1625	TRUE	3	3	4	1	TRUE	FALSE
loop_1626	FALSE	3	3	3	3	TRUE	TRUE
loop_1627	TRUE	3	5	2	3	FALSE	FALSE
loop_1628	TRUE	4	2	4	3	FALSE	FALSE
loop_1629	TRUE	3	4	4	3	FALSE	FALSE
loop_1630	TRUE	3	3	3	2	TRUE	FALSE
loop_1631	TRUE	3	3	3	2	TRUE	FALSE
loop_1632	TRUE	5	2	5	5	FALSE	FALSE
loop_1633	TRUE	1	3	2	3	FALSE	FALSE
loop_1634	TRUE	4	4	3	5	FALSE	FALSE
loop_1635	TRUE	3	3	2	3	TRUE	FALSE
loop_1636	TRUE	2	4	5	4	FALSE	FALSE
loop_1637	FALSE	3	3	3	3	TRUE	TRUE
loop_1638	TRUE	3	1	3	3	FALSE	TRUE
loop_1639	FALSE	5	3	5	3	FALSE	FALSE
loop_1640	TRUE	4	3	3	3	FALSE	TRUE
loop_1641	TRUE	2	4	5	5	FALSE	FALSE
loop_1642	TRUE	3	3	3	2	TRUE	FALSE
loop_1643	TRUE	3	3	5	1	TRUE	FALSE
loop_1644	TRUE	3	3	3	1	TRUE	FALSE
loop_1645	TRUE	3	3	4	3	TRUE	FALSE
loop_1646	TRUE	4	4	4	3	FALSE	FALSE
loop_1647	FALSE	5	1	5	1	FALSE	FALSE
loop_1648	FALSE	5	1	5	1	FALSE	FALSE
loop_1649	FALSE	5	1	5	1	FALSE	FALSE
loop_1650	TRUE	5	1	5	2	FALSE	FALSE
loop_1651	TRUE	4	1	5	1	FALSE	FALSE
loop_1652	TRUE	2	1	3	5	FALSE	FALSE
loop_1653	TRUE	4	1	5	1	FALSE	FALSE
loop_1654	FALSE	4	1	4	1	FALSE	FALSE
loop_1655	FALSE	5	1	5	1	FALSE	FALSE
loop_1656	FALSE	5	2	5	2	FALSE	FALSE
loop_1657	TRUE	5	1	5	2	FALSE	FALSE
loop_1658	TRUE	5	2	1	4	FALSE	FALSE
loop_1659	TRUE	5	1	4	1	FALSE	FALSE
loop_1660	TRUE	5	1	4	1	FALSE	FALSE
loop_1661	FALSE	2	2	2	2	FALSE	FALSE
loop_1662	TRUE	4	1	5	1	FALSE	FALSE
loop_1663	FALSE	5	1	5	1	FALSE	FALSE
loop_1664	TRUE	4	1	5	1	FALSE	FALSE
loop_1665	TRUE	4	2	4	1	FALSE	FALSE
loop_1666	TRUE	3	3	4	3	TRUE	FALSE
loop_1667	FALSE	3	3	3	3	TRUE	TRUE
loop_1668	TRUE	1	4	5	1	FALSE	FALSE
loop_1669	FALSE	5	1	5	1	FALSE	FALSE
loop_1670	FALSE	5	1	5	1	FALSE	FALSE
loop_1671	TRUE	3	3	3	2	TRUE	FALSE
loop_1672	TRUE	4	2	5	1	FALSE	FALSE
loop_1673	TRUE	3	3	5	3	TRUE	FALSE
loop_1674	TRUE	3	3	4	2	TRUE	FALSE
loop_1675	FALSE	3	3	3	3	TRUE	TRUE
loop_1676	TRUE	3	3	3	2	TRUE	FALSE
loop_1677	FALSE	3	3	3	3	TRUE	TRUE
loop_1678	FALSE	2	1	2	1	FALSE	FALSE
loop_1679	TRUE	3	3	3	1	TRUE	FALSE
loop_1680	FALSE	3	3	3	3	TRUE	TRUE
loop_1681	TRUE	2	2	2	4	FALSE	FALSE
loop_1682	FALSE	1	1	1	1	FALSE	FALSE
loop_1683	TRUE	4	2	3	2	FALSE	FALSE
loop_1684	TRUE	3	2	3	1	FALSE	FALSE
loop_1685	FALSE	3	3	3	3	TRUE	TRUE
loop_1686	TRUE	3	3	5	1	TRUE	FALSE
loop_1687	TRUE	2	4	3	3	FALSE	TRUE
loop_1688	TRUE	3	3	4	2	TRUE	FALSE
loop_1689	TRUE	3	3	2	4	TRUE	FALSE
loop_1690	TRUE	3	2	4	2	FALSE	FALSE
loop_1691	TRUE	3	3	1	4	TRUE	FALSE
loop_1692	TRUE	1	5	1	3	FALSE	FALSE
loop_1693	TRUE	3	3	2	1	TRUE	FALSE
loop_1694	TRUE	3	3	3	4	TRUE	FALSE
loop_1695	TRUE	2	3	2	4	FALSE	FALSE
loop_1696	FALSE	5	1	5	1	FALSE	FALSE
loop_1697	FALSE	5	1	5	1	FALSE	FALSE
loop_1698	TRUE	5	1	4	1	FALSE	FALSE
loop_1699	FALSE	3	3	3	3	TRUE	TRUE
loop_1700	TRUE	4	5	3	5	FALSE	FALSE
loop_1701	TRUE	4	2	4	1	FALSE	FALSE
loop_1702	FALSE	3	3	3	3	TRUE	TRUE
loop_1703	TRUE	5	1	5	2	FALSE	FALSE
loop_1704	TRUE	2	1	3	1	FALSE	FALSE
loop_1705	TRUE	3	3	4	4	TRUE	FALSE
loop_1706	FALSE	4	1	4	1	FALSE	FALSE
loop_1707	FALSE	5	1	5	1	FALSE	FALSE
loop_1708	TRUE	3	1	4	4	FALSE	FALSE
loop_1709	FALSE	3	3	3	3	TRUE	TRUE
loop_1710	TRUE	3	1	1	1	FALSE	FALSE
loop_1711	TRUE	5	2	3	2	FALSE	FALSE
loop_1712	TRUE	5	2	5	1	FALSE	FALSE
loop_1713	FALSE	3	3	3	3	TRUE	TRUE
loop_1714	FALSE	5	1	5	1	FALSE	FALSE
loop_1715	FALSE	5	1	5	1	FALSE	FALSE
loop_1716	TRUE	3	4	3	5	FALSE	FALSE
loop_1717	FALSE	5	1	5	1	FALSE	FALSE
loop_1718	TRUE	3	4	5	1	FALSE	FALSE
loop_1719	FALSE	4	1	4	1	FALSE	FALSE
loop_1720	TRUE	3	3	3	4	TRUE	FALSE
loop_1721	TRUE	5	5	3	5	FALSE	FALSE
loop_1722	TRUE	2	3	3	2	FALSE	FALSE
loop_1723	TRUE	3	3	4	3	TRUE	FALSE
loop_1724	TRUE	4	4	3	4	FALSE	FALSE
loop_1725	FALSE	5	3	5	3	FALSE	FALSE
loop_1726	TRUE	4	2	3	3	FALSE	TRUE
loop_1727	TRUE	1	5	3	4	FALSE	FALSE
loop_1728	TRUE	2	3	4	2	FALSE	FALSE
loop_1729	TRUE	3	4	4	1	FALSE	FALSE
loop_1730	TRUE	4	1	5	2	FALSE	FALSE
loop_1731	FALSE	5	3	5	3	FALSE	FALSE
loop_1732	TRUE	2	2	5	1	FALSE	FALSE
loop_1733	TRUE	3	4	1	5	FALSE	FALSE
loop_1734	TRUE	1	3	3	3	FALSE	TRUE
loop_1735	TRUE	4	4	2	3	FALSE	FALSE
loop_1736	TRUE	2	3	3	1	FALSE	FALSE
loop_1737	TRUE	3	3	5	3	TRUE	FALSE
loop_1738	FALSE	2	3	2	3	FALSE	FALSE
loop_1739	TRUE	4	4	4	3	FALSE	FALSE
loop_1740	TRUE	4	4	4	1	FALSE	FALSE
loop_1741	FALSE	3	5	3	5	FALSE	FALSE
loop_1742	TRUE	3	3	4	3	TRUE	FALSE
loop_1743	TRUE	3	3	3	2	TRUE	FALSE
loop_1744	FALSE	3	3	3	3	TRUE	TRUE
loop_1745	TRUE	3	3	4	3	TRUE	FALSE
loop_1746	FALSE	2	4	2	4	FALSE	FALSE
loop_1747	TRUE	3	3	3	4	TRUE	FALSE
loop_1748	FALSE	3	3	3	3	TRUE	TRUE
loop_1749	FALSE	3	2	3	2	FALSE	FALSE
loop_1750	TRUE	2	3	2	4	FALSE	FALSE
loop_1751	TRUE	3	3	1	1	TRUE	FALSE
loop_1752	TRUE	1	2	2	2	FALSE	FALSE
loop_1753	TRUE	2	3	5	3	FALSE	FALSE
loop_1754	TRUE	3	3	4	4	TRUE	FALSE
loop_1755	TRUE	4	2	1	3	FALSE	FALSE
loop_1756	FALSE	5	1	5	1	FALSE	FALSE
loop_1757	FALSE	5	2	5	2	FALSE	FALSE
loop_1758	FALSE	5	1	5	1	FALSE	FALSE
loop_1759	FALSE	5	1	5	1	FALSE	FALSE
loop_1760	FALSE	5	1	5	1	FALSE	FALSE
loop_1761	TRUE	5	4	3	3	FALSE	TRUE
loop_1762	TRUE	5	2	5	1	FALSE	FALSE
loop_1763	TRUE	5	4	4	2	FALSE	FALSE
loop_1764	TRUE	5	1	4	1	FALSE	FALSE
loop_1765	FALSE	5	1	5	1	FALSE	FALSE
loop_1766	TRUE	3	3	3	2	TRUE	FALSE
loop_1767	TRUE	4	3	2	5	FALSE	FALSE
loop_1768	FALSE	3	2	3	2	FALSE	FALSE
loop_1769	TRUE	2	1	5	1	FALSE	FALSE
loop_1770	TRUE	3	3	3	2	TRUE	FALSE
loop_1771	TRUE	3	3	5	3	TRUE	FALSE
loop_1772	TRUE	5	1	4	1	FALSE	FALSE
loop_1773	TRUE	1	4	1	5	FALSE	FALSE
loop_1774	TRUE	3	3	4	2	TRUE	FALSE
loop_1775	FALSE	3	3	3	3	TRUE	TRUE
loop_1776	TRUE	4	3	2	3	FALSE	FALSE
loop_1777	FALSE	3	3	3	3	TRUE	TRUE
loop_1778	TRUE	5	3	3	2	FALSE	FALSE
loop_1779	TRUE	3	3	4	2	TRUE	FALSE
loop_1780	TRUE	4	4	5	4	FALSE	FALSE
loop_1781	TRUE	1	3	4	2	FALSE	FALSE
loop_1782	TRUE	3	3	1	2	TRUE	FALSE
loop_1783	TRUE	5	2	3	2	FALSE	FALSE
loop_1784	TRUE	4	5	3	5	FALSE	FALSE
loop_1785	TRUE	3	2	3	3	FALSE	TRUE
loop_1786	TRUE	4	2	5	2	FALSE	FALSE
loop_1787	TRUE	2	4	3	2	FALSE	FALSE
loop_1788	TRUE	5	1	4	2	FALSE	FALSE
loop_1789	TRUE	3	3	1	3	TRUE	FALSE
loop_1790	TRUE	5	3	4	4	FALSE	FALSE
loop_1791	FALSE	3	3	3	3	TRUE	TRUE
loop_1792	TRUE	5	1	4	1	FALSE	FALSE
loop_1793	TRUE	3	3	3	4	TRUE	FALSE
loop_1794	FALSE	1	3	1	3	FALSE	FALSE
loop_1795	TRUE	3	3	5	4	TRUE	FALSE
loop_1796	TRUE	5	2	5	3	FALSE	FALSE
loop_1797	TRUE	3	3	4	3	TRUE	FALSE
loop_1798	TRUE	2	3	3	4	FALSE	FALSE
loop_1799	FALSE	3	3	3	3	TRUE	TRUE
loop_1800	TRUE	4	3	5	1	FALSE	FALSE
loop_1801	TRUE	1	3	1	1	FALSE	FALSE
loop_1802	TRUE	3	2	4	1	FALSE	FALSE
loop_1803	TRUE	3	3	1	3	TRUE	FALSE
loop_1804	TRUE	4	5	5	5	FALSE	FALSE
loop_1805	TRUE	3	3	5	1	TRUE	FALSE
loop_1806	FALSE	5	1	5	1	FALSE	FALSE
loop_1807	FALSE	5	1	5	1	FALSE	FALSE
loop_1808	FALSE	3	3	3	3	TRUE	TRUE
loop_1809	TRUE	3	1	2	3	FALSE	FALSE
loop_1810	TRUE	5	1	3	1	FALSE	FALSE
loop_1811	TRUE	3	3	4	1	TRUE	FALSE
loop_1812	TRUE	3	3	2	3	TRUE	FALSE
loop_1813	TRUE	5	1	5	2	FALSE	FALSE
loop_1814	TRUE	3	3	5	1	TRUE	FALSE
loop_1815	TRUE	3	3	2	1	TRUE	FALSE
loop_1816	TRUE	4	2	4	3	FALSE	FALSE
loop_1817	TRUE	5	1	2	2	FALSE	FALSE
loop_1818	TRUE	3	3	3	2	TRUE	FALSE
loop_1819	TRUE	3	3	4	4	TRUE	FALSE
loop_1820	TRUE	5	1	3	2	FALSE	FALSE
loop_1821	TRUE	4	2	4	3	FALSE	FALSE
loop_1822	FALSE	3	1	3	1	FALSE	FALSE
loop_1823	TRUE	5	2	5	1	FALSE	FALSE
loop_1824	TRUE	5	2	5	1	FALSE	FALSE
loop_1825	TRUE	3	3	3	2	TRUE	FALSE
loop_1826	FALSE	5	1	5	1	FALSE	FALSE
loop_1827	FALSE	3	4	3	4	FALSE	FALSE
loop_1828	FALSE	5	1	5	1	FALSE	FALSE
loop_1829	FALSE	3	3	3	3	TRUE	TRUE
loop_1830	TRUE	3	1	3	4	FALSE	FALSE
loop_1831	TRUE	5	2	5	1	FALSE	FALSE
loop_1832	TRUE	3	3	3	1	TRUE	FALSE
loop_1833	TRUE	2	1	5	1	FALSE	FALSE
loop_1834	FALSE	5	2	5	2	FALSE	FALSE
loop_1835	TRUE	2	4	5	4	FALSE	FALSE
loop_1836	FALSE	5	1	5	1	FALSE	FALSE
loop_1837	TRUE	4	2	3	1	FALSE	FALSE
loop_1838	FALSE	3	3	3	3	TRUE	TRUE
loop_1839	TRUE	3	2	3	3	FALSE	TRUE
loop_1840	TRUE	5	1	4	1	FALSE	FALSE
loop_1841	TRUE	3	1	2	3	FALSE	FALSE
loop_1842	TRUE	4	3	4	4	FALSE	FALSE
loop_1843	TRUE	3	3	5	3	TRUE	FALSE
loop_1844	TRUE	3	2	2	2	FALSE	FALSE
loop_1845	TRUE	3	3	2	4	TRUE	FALSE
loop_1846	FALSE	3	1	3	1	FALSE	FALSE
loop_1847	FALSE	5	2	5	2	FALSE	FALSE
loop_1848	FALSE	3	1	3	1	FALSE	FALSE
loop_1849	TRUE	2	3	2	1	FALSE	FALSE
loop_1850	TRUE	3	3	3	4	TRUE	FALSE
loop_1851	TRUE	3	3	4	3	TRUE	FALSE
loop_1852	FALSE	1	5	1	5	FALSE	FALSE
loop_1853	TRUE	3	3	3	2	TRUE	FALSE
loop_1854	TRUE	4	5	5	5	FALSE	FALSE
loop_1855	TRUE	3	3	3	4	TRUE	FALSE
loop_1856	FALSE	3	5	3	5	FALSE	FALSE
loop_1857	TRUE	3	3	5	2	TRUE	FALSE
loop_1858	TRUE	3	3	3	4	TRUE	FALSE
loop_1859	TRUE	3	3	3	5	TRUE	FALSE
loop_1860	TRUE	3	3	3	4	TRUE	FALSE
loop_1861	FALSE	3	3	3	3	TRUE	TRUE
loop_1862	TRUE	3	3	5	4	TRUE	FALSE
loop_1863	TRUE	3	3	2	4	TRUE	FALSE
loop_1864	FALSE	3	3	3	3	TRUE	TRUE
loop_1865	TRUE	3	3	4	3	TRUE	FALSE
loop_1866	FALSE	5	1	5	1	FALSE	FALSE
loop_1867	TRUE	4	2	5	1	FALSE	FALSE
loop_1868	FALSE	5	1	5	1	FALSE	FALSE
loop_1869	FALSE	5	1	5	1	FALSE	FALSE
loop_1870	TRUE	4	1	5	1	FALSE	FALSE
loop_1871	TRUE	4	2	1	3	FALSE	FALSE
loop_1872	TRUE	5	2	2	3	FALSE	FALSE
loop_1873	FALSE	3	3	3	3	TRUE	TRUE
loop_1874	TRUE	5	2	5	1	FALSE	FALSE
loop_1875	FALSE	5	1	5	1	FALSE	FALSE
loop_1876	TRUE	5	1	3	2	FALSE	FALSE
loop_1877	TRUE	5	1	4	1	FALSE	FALSE
loop_1878	TRUE	5	1	5	2	FALSE	FALSE
loop_1879	TRUE	5	1	5	3	FALSE	FALSE
loop_1880	TRUE	3	3	3	2	TRUE	FALSE
loop_1881	TRUE	5	1	5	2	FALSE	FALSE
loop_1882	TRUE	5	1	5	2	FALSE	FALSE
loop_1883	FALSE	3	3	3	3	TRUE	TRUE
loop_1884	TRUE	5	1	5	3	FALSE	FALSE
loop_1885	FALSE	5	1	5	1	FALSE	FALSE
loop_1886	FALSE	1	5	1	5	FALSE	FALSE
loop_1887	TRUE	5	4	4	4	FALSE	FALSE
loop_1888	FALSE	3	3	3	3	TRUE	TRUE
loop_1889	TRUE	3	2	4	2	FALSE	FALSE
loop_1890	TRUE	4	1	5	2	FALSE	FALSE
loop_1891	TRUE	5	1	3	3	FALSE	TRUE
loop_1892	TRUE	3	3	5	2	TRUE	FALSE
loop_1893	FALSE	3	3	3	3	TRUE	TRUE
loop_1894	TRUE	3	2	4	1	FALSE	FALSE
loop_1895	TRUE	1	1	1	2	FALSE	FALSE
loop_1896	FALSE	5	1	5	1	FALSE	FALSE
loop_1897	TRUE	4	2	4	1	FALSE	FALSE
loop_1898	TRUE	4	1	5	1	FALSE	FALSE
loop_1899	FALSE	1	2	1	2	FALSE	FALSE
loop_1900	FALSE	2	2	2	2	FALSE	FALSE
loop_1901	FALSE	4	1	4	1	FALSE	FALSE
loop_1902	TRUE	1	3	1	2	FALSE	FALSE
loop_1903	FALSE	3	3	3	3	TRUE	TRUE
loop_1904	TRUE	4	4	4	1	FALSE	FALSE
loop_1905	TRUE	5	3	3	4	FALSE	FALSE
loop_1906	TRUE	3	3	4	3	TRUE	FALSE
loop_1907	TRUE	3	3	5	1	TRUE	FALSE
loop_1908	TRUE	1	2	1	1	FALSE	FALSE
loop_1909	TRUE	2	1	4	1	FALSE	FALSE
loop_1910	TRUE	3	3	1	2	TRUE	FALSE
loop_1911	TRUE	4	4	4	1	FALSE	FALSE
loop_1912	FALSE	5	4	5	4	FALSE	FALSE
loop_1913	FALSE	3	3	3	3	TRUE	TRUE
loop_1914	TRUE	3	5	3	3	FALSE	TRUE
loop_1915	TRUE	5	2	5	3	FALSE	FALSE
loop_1916	TRUE	3	3	5	1	TRUE	FALSE
loop_1917	FALSE	3	3	3	3	TRUE	TRUE
loop_1918	TRUE	1	3	3	5	FALSE	FALSE
loop_1919	TRUE	1	3	2	1	FALSE	FALSE
loop_1920	TRUE	3	3	3	4	TRUE	FALSE
loop_1921	TRUE	3	3	2	4	TRUE	FALSE
loop_1922	FALSE	1	4	1	4	FALSE	FALSE
loop_1923	TRUE	3	4	4	3	FALSE	FALSE
loop_1924	TRUE	3	3	2	3	TRUE	FALSE
loop_1925	TRUE	3	3	2	3	TRUE	FALSE
loop_1926	TRUE	3	3	2	3	TRUE	FALSE
loop_1927	TRUE	3	3	4	3	TRUE	FALSE
loop_1928	TRUE	4	1	5	2	FALSE	FALSE
loop_1929	TRUE	3	2	4	1	FALSE	FALSE
loop_1930	TRUE	5	1	4	1	FALSE	FALSE
loop_1931	TRUE	5	1	4	1	FALSE	FALSE
loop_1932	TRUE	3	3	1	2	TRUE	FALSE
loop_1933	TRUE	5	2	4	1	FALSE	FALSE
loop_1934	FALSE	5	2	5	2	FALSE	FALSE
loop_1935	FALSE	2	5	2	5	FALSE	FALSE
loop_1936	TRUE	3	3	3	2	TRUE	FALSE
loop_1937	TRUE	1	3	2	3	FALSE	FALSE
loop_1938	TRUE	3	3	4	3	TRUE	FALSE
loop_1939	FALSE	5	2	5	2	FALSE	FALSE
loop_1940	TRUE	3	5	2	4	FALSE	FALSE
loop_1941	TRUE	4	3	3	1	FALSE	FALSE
loop_1942	TRUE	5	2	4	2	FALSE	FALSE
loop_1943	TRUE	3	3	5	1	TRUE	FALSE
loop_1944	FALSE	3	5	3	5	FALSE	FALSE
loop_1945	TRUE	3	3	5	2	TRUE	FALSE
loop_1946	FALSE	4	3	4	3	FALSE	FALSE
loop_1947	FALSE	3	4	3	4	FALSE	FALSE
loop_1948	TRUE	4	4	5	1	FALSE	FALSE
loop_1949	TRUE	3	3	4	1	TRUE	FALSE
loop_1950	TRUE	4	3	5	5	FALSE	FALSE
loop_1951	TRUE	5	3	5	2	FALSE	FALSE
loop_1952	FALSE	3	3	3	3	TRUE	TRUE
loop_1953	TRUE	3	1	2	1	FALSE	FALSE
loop_1954	TRUE	3	3	3	4	TRUE	FALSE
loop_1955	TRUE	3	3	4	2	TRUE	FALSE
loop_1956	TRUE	3	3	4	2	TRUE	FALSE
loop_1957	TRUE	1	2	2	2	FALSE	FALSE
loop_1958	TRUE	3	3	3	2	TRUE	FALSE
loop_1959	TRUE	4	1	5	2	FALSE	FALSE
loop_1960	TRUE	4	1	2	3	FALSE	FALSE
loop_1961	TRUE	3	4	2	4	FALSE	FALSE
loop_1962	TRUE	3	1	1	2	FALSE	FALSE
loop_1963	TRUE	5	2	5	1	FALSE	FALSE
loop_1964	FALSE	5	1	5	1	FALSE	FALSE
loop_1965	FALSE	5	1	5	1	FALSE	FALSE
loop_1966	TRUE	3	3	4	4	TRUE	FALSE
loop_1967	FALSE	3	3	3	3	TRUE	TRUE
loop_1968	TRUE	3	3	3	2	TRUE	FALSE
loop_1969	TRUE	3	3	3	2	TRUE	FALSE
loop_1970	TRUE	5	2	4	2	FALSE	FALSE
loop_1971	FALSE	3	3	3	3	TRUE	TRUE
loop_1972	TRUE	5	1	5	2	FALSE	FALSE
loop_1973	TRUE	3	3	5	3	TRUE	FALSE
loop_1974	TRUE	2	3	2	1	FALSE	FALSE
loop_1975	TRUE	3	3	5	3	TRUE	FALSE
loop_1976	TRUE	3	3	3	4	TRUE	FALSE
loop_1977	TRUE	3	3	3	2	TRUE	FALSE
loop_1978	FALSE	4	3	4	3	FALSE	FALSE
loop_1979	TRUE	3	3	4	4	TRUE	FALSE
loop_1980	TRUE	1	5	2	4	FALSE	FALSE
loop_1981	TRUE	3	3	4	5	TRUE	FALSE
loop_1982	TRUE	3	3	2	2	TRUE	FALSE
loop_1983	TRUE	3	3	5	2	TRUE	FALSE
loop_1984	TRUE	5	2	5	1	FALSE	FALSE
loop_1985	FALSE	3	3	3	3	TRUE	TRUE
loop_1986	TRUE	4	1	5	1	FALSE	FALSE
loop_1987	TRUE	5	2	5	1	FALSE	FALSE
loop_1988	FALSE	5	1	5	1	FALSE	FALSE
loop_1989	TRUE	3	1	4	1	FALSE	FALSE
loop_1990	FALSE	5	1	5	1	FALSE	FALSE
loop_1991	FALSE	5	1	5	1	FALSE	FALSE
loop_1992	TRUE	3	3	2	3	TRUE	FALSE
loop_1993	TRUE	3	3	2	3	TRUE	FALSE
loop_1994	TRUE	3	3	5	2	TRUE	FALSE
loop_1995	FALSE	3	5	3	5	FALSE	FALSE
loop_1996	TRUE	2	5	5	1	FALSE	FALSE
loop_1997	TRUE	3	3	4	4	TRUE	FALSE
loop_1998	TRUE	5	1	4	2	FALSE	FALSE
loop_1999	TRUE	3	3	5	1	TRUE	FALSE
loop_2000	FALSE	5	1	5	1	FALSE	FALSE
loop_2001	FALSE	5	2	5	2	FALSE	FALSE
loop_2002	FALSE	5	1	5	1	FALSE	FALSE
loop_2003	TRUE	2	1	1	2	FALSE	FALSE
loop_2004	FALSE	5	1	5	1	FALSE	FALSE
loop_2005	TRUE	4	3	5	1	FALSE	FALSE
loop_2006	TRUE	3	3	3	4	TRUE	FALSE
loop_2007	TRUE	1	3	1	1	FALSE	FALSE
loop_2008	FALSE	3	3	3	3	TRUE	TRUE
loop_2009	TRUE	5	1	5	2	FALSE	FALSE
loop_2010	TRUE	4	1	3	1	FALSE	FALSE
loop_2011	TRUE	3	3	5	3	TRUE	FALSE
loop_2012	TRUE	3	3	4	1	TRUE	FALSE
loop_2013	TRUE	3	3	1	2	TRUE	FALSE
loop_2014	TRUE	3	4	4	2	FALSE	FALSE
loop_2015	TRUE	3	3	5	1	TRUE	FALSE
loop_2016	TRUE	4	2	4	4	FALSE	FALSE
loop_2017	TRUE	3	3	2	2	TRUE	FALSE
loop_2018	TRUE	3	3	4	3	TRUE	FALSE
loop_2019	TRUE	3	3	2	3	TRUE	FALSE
loop_2020	TRUE	3	3	3	2	TRUE	FALSE
loop_2021	TRUE	4	5	3	5	FALSE	FALSE
loop_2022	FALSE	3	3	3	3	TRUE	TRUE
loop_2023	TRUE	3	3	1	5	TRUE	FALSE
loop_2024	FALSE	5	1	5	1	FALSE	FALSE
loop_2025	TRUE	3	3	4	1	TRUE	FALSE
loop_2026	FALSE	4	3	4	3	FALSE	FALSE
loop_2027	TRUE	5	2	4	3	FALSE	FALSE
loop_2028	TRUE	4	1	5	1	FALSE	FALSE
loop_2029	TRUE	5	2	5	1	FALSE	FALSE
loop_2030	FALSE	5	1	5	1	FALSE	FALSE
loop_2031	TRUE	3	3	4	1	TRUE	FALSE
loop_2032	TRUE	3	3	2	1	TRUE	FALSE
loop_2033	TRUE	5	2	5	1	FALSE	FALSE
loop_2034	TRUE	3	3	4	2	TRUE	FALSE
loop_2035	TRUE	3	3	3	4	TRUE	FALSE
loop_2036	TRUE	2	3	3	3	FALSE	TRUE
loop_2037	TRUE	4	1	5	3	FALSE	FALSE
loop_2038	TRUE	4	2	3	5	FALSE	FALSE
loop_2039	TRUE	5	1	5	3	FALSE	FALSE
loop_2040	FALSE	2	5	2	5	FALSE	FALSE
loop_2041	TRUE	2	3	5	1	FALSE	FALSE
loop_2042	TRUE	3	3	2	2	TRUE	FALSE
loop_2043	FALSE	3	3	3	3	TRUE	TRUE
loop_2044	TRUE	3	3	3	2	TRUE	FALSE
loop_2045	TRUE	3	4	2	1	FALSE	FALSE
loop_2046	TRUE	3	3	3	1	TRUE	FALSE
loop_2047	TRUE	4	2	1	2	FALSE	FALSE
loop_2048	TRUE	5	4	5	5	FALSE	FALSE
loop_2049	FALSE	3	3	3	3	TRUE	TRUE
loop_2050	TRUE	3	3	4	4	TRUE	FALSE
loop_2051	TRUE	2	4	4	2	FALSE	FALSE
loop_2052	TRUE	3	3	4	5	TRUE	FALSE
loop_2053	FALSE	5	1	5	1	FALSE	FALSE
loop_2054	FALSE	5	1	5	1	FALSE	FALSE
loop_2055	TRUE	4	1	5	1	FALSE	FALSE
loop_2056	TRUE	2	5	3	5	FALSE	FALSE
loop_2057	TRUE	4	1	5	1	FALSE	FALSE
loop_2058	TRUE	3	4	4	2	FALSE	FALSE
loop_2059	TRUE	3	3	4	2	TRUE	FALSE
loop_2060	TRUE	4	2	5	1	FALSE	FALSE
loop_2061	TRUE	4	1	4	2	FALSE	FALSE
loop_2062	TRUE	5	1	5	3	FALSE	FALSE
loop_2063	TRUE	5	5	4	5	FALSE	FALSE
loop_2064	TRUE	2	3	3	2	FALSE	FALSE
loop_2065	TRUE	3	3	5	1	TRUE	FALSE
loop_2066	TRUE	4	2	4	1	FALSE	FALSE
loop_2067	TRUE	3	3	2	2	TRUE	FALSE
loop_2068	FALSE	3	3	3	3	TRUE	TRUE
loop_2069	FALSE	5	1	5	1	FALSE	FALSE
loop_2070	TRUE	3	3	1	3	TRUE	FALSE
loop_2071	FALSE	4	5	4	5	FALSE	FALSE
loop_2072	TRUE	3	4	5	4	FALSE	FALSE
loop_2073	TRUE	3	3	4	2	TRUE	FALSE
loop_2074	TRUE	3	3	3	4	TRUE	FALSE
loop_2075	TRUE	3	3	5	3	TRUE	FALSE
loop_2076	FALSE	2	5	2	5	FALSE	FALSE
loop_2077	TRUE	3	2	3	3	FALSE	TRUE
loop_2078	TRUE	3	3	5	2	TRUE	FALSE
loop_2079	FALSE	3	3	3	3	TRUE	TRUE
loop_2080	TRUE	3	3	5	3	TRUE	FALSE
loop_2081	TRUE	3	5	3	4	FALSE	FALSE
loop_2082	TRUE	3	3	4	3	TRUE	FALSE
loop_2083	TRUE	3	3	1	2	TRUE	FALSE
loop_2084	TRUE	3	3	3	2	TRUE	FALSE
loop_2085	FALSE	3	3	3	3	TRUE	TRUE
loop_2086	TRUE	3	3	2	4	TRUE	FALSE
loop_2087	TRUE	3	3	2	3	TRUE	FALSE
loop_2088	FALSE	3	3	3	3	TRUE	TRUE
loop_2089	FALSE	5	1	5	1	FALSE	FALSE
loop_2090	TRUE	5	2	5	1	FALSE	FALSE
loop_2091	FALSE	3	3	3	3	TRUE	TRUE
loop_2092	FALSE	5	1	5	1	FALSE	FALSE
loop_2093	TRUE	4	1	5	1	FALSE	FALSE
loop_2094	TRUE	4	1	4	3	FALSE	FALSE
loop_2095	FALSE	5	1	5	1	FALSE	FALSE
loop_2096	FALSE	3	3	3	3	TRUE	TRUE
loop_2097	FALSE	5	1	5	1	FALSE	FALSE
loop_2098	TRUE	4	1	5	1	FALSE	FALSE
loop_2099	FALSE	3	3	3	3	TRUE	TRUE
loop_2100	FALSE	5	1	5	1	FALSE	FALSE
loop_2101	TRUE	4	5	4	3	FALSE	FALSE
loop_2102	TRUE	5	1	4	2	FALSE	FALSE
loop_2103	TRUE	5	2	2	4	FALSE	FALSE
loop_2104	TRUE	3	3	4	2	TRUE	FALSE
loop_2105	FALSE	3	3	3	3	TRUE	TRUE
loop_2106	TRUE	3	3	3	4	TRUE	FALSE
loop_2107	TRUE	4	1	5	1	FALSE	FALSE
loop_2108	FALSE	1	4	1	4	FALSE	FALSE
loop_2109	FALSE	3	3	3	3	TRUE	TRUE
loop_2110	FALSE	1	5	1	5	FALSE	FALSE
loop_2111	TRUE	3	2	2	3	FALSE	FALSE
loop_2112	TRUE	3	3	4	2	TRUE	FALSE
loop_2113	TRUE	2	1	1	3	FALSE	FALSE
loop_2114	TRUE	4	1	3	1	FALSE	FALSE
loop_2115	TRUE	1	3	1	2	FALSE	FALSE
loop_2116	TRUE	3	3	4	4	TRUE	FALSE
loop_2117	TRUE	4	3	5	3	FALSE	FALSE
loop_2118	TRUE	3	2	4	2	FALSE	FALSE
loop_2119	TRUE	3	3	1	2	TRUE	FALSE
loop_2120	TRUE	3	3	3	2	TRUE	FALSE
loop_2121	FALSE	3	3	3	3	TRUE	TRUE
loop_2122	TRUE	3	3	2	4	TRUE	FALSE
loop_2123	TRUE	3	3	5	3	TRUE	FALSE
loop_2124	TRUE	3	3	5	4	TRUE	FALSE
loop_2125	TRUE	3	4	3	5	FALSE	FALSE
loop_2126	TRUE	3	3	3	1	TRUE	FALSE
loop_2127	TRUE	3	3	4	3	TRUE	FALSE
loop_2128	FALSE	3	3	3	3	TRUE	TRUE
loop_2129	TRUE	2	5	3	5	FALSE	FALSE
loop_2130	TRUE	3	3	5	1	TRUE	FALSE
loop_2131	TRUE	5	1	5	3	FALSE	FALSE
loop_2132	FALSE	5	3	5	3	FALSE	FALSE
loop_2133	FALSE	3	3	3	3	TRUE	TRUE
loop_2134	FALSE	5	1	5	1	FALSE	FALSE
loop_2135	TRUE	3	3	3	2	TRUE	FALSE
loop_2136	TRUE	4	1	5	2	FALSE	FALSE
loop_2137	TRUE	4	4	3	4	FALSE	FALSE
loop_2138	TRUE	3	3	2	3	TRUE	FALSE
loop_2139	FALSE	1	3	1	3	FALSE	FALSE
loop_2140	TRUE	5	2	4	1	FALSE	FALSE
loop_2141	TRUE	3	3	2	2	TRUE	FALSE
loop_2142	FALSE	3	2	3	2	FALSE	FALSE
loop_2143	FALSE	3	3	3	3	TRUE	TRUE
loop_2144	TRUE	2	1	3	5	FALSE	FALSE
loop_2145	TRUE	3	3	1	2	TRUE	FALSE
loop_2146	TRUE	2	3	1	3	FALSE	FALSE
loop_2147	TRUE	3	3	5	3	TRUE	FALSE
loop_2148	TRUE	3	3	3	5	TRUE	FALSE
loop_2149	TRUE	5	1	4	1	FALSE	FALSE
loop_2150	TRUE	3	3	5	3	TRUE	FALSE
loop_2151	TRUE	5	1	5	2	FALSE	FALSE
loop_2152	TRUE	3	3	3	4	TRUE	FALSE
loop_2153	TRUE	5	3	5	1	FALSE	FALSE
loop_2154	TRUE	3	3	4	5	TRUE	FALSE
loop_2155	TRUE	3	3	5	3	TRUE	FALSE
loop_2156	FALSE	1	1	1	1	FALSE	FALSE
loop_2157	FALSE	3	3	3	3	TRUE	TRUE
loop_2158	TRUE	3	3	2	3	TRUE	FALSE
loop_2159	TRUE	3	2	3	3	FALSE	TRUE
loop_2160	FALSE	5	1	5	1	FALSE	FALSE
loop_2161	TRUE	4	1	5	1	FALSE	FALSE
loop_2162	TRUE	5	1	5	2	FALSE	FALSE
loop_2163	FALSE	5	3	5	3	FALSE	FALSE
loop_2164	FALSE	5	1	5	1	FALSE	FALSE
loop_2165	FALSE	5	1	5	1	FALSE	FALSE
loop_2166	TRUE	4	3	5	1	FALSE	FALSE
loop_2167	FALSE	5	1	5	1	FALSE	FALSE
loop_2168	FALSE	5	1	5	1	FALSE	FALSE
loop_2169	FALSE	5	1	5	1	FALSE	FALSE
loop_2170	FALSE	5	1	5	1	FALSE	FALSE
loop_2171	TRUE	1	2	3	2	FALSE	FALSE
loop_2172	TRUE	5	1	3	2	FALSE	FALSE
loop_2173	TRUE	3	3	2	2	TRUE	FALSE
loop_2174	TRUE	3	3	3	2	TRUE	FALSE
loop_2175	FALSE	5	2	5	2	FALSE	FALSE
loop_2176	FALSE	2	2	2	2	FALSE	FALSE
loop_2177	TRUE	4	5	3	4	FALSE	FALSE
loop_2178	TRUE	3	3	5	1	TRUE	FALSE
loop_2179	FALSE	3	4	3	4	FALSE	FALSE
loop_2180	TRUE	1	4	2	5	FALSE	FALSE
loop_2181	FALSE	5	2	5	2	FALSE	FALSE
loop_2182	FALSE	3	3	3	3	TRUE	TRUE
loop_2183	FALSE	5	1	5	1	FALSE	FALSE
loop_2184	TRUE	3	3	4	4	TRUE	FALSE
loop_2185	TRUE	4	2	3	2	FALSE	FALSE
loop_2186	TRUE	5	1	5	3	FALSE	FALSE
loop_2187	TRUE	3	2	3	1	FALSE	FALSE
loop_2188	TRUE	3	3	4	3	TRUE	FALSE
loop_2189	TRUE	4	1	3	1	FALSE	FALSE
loop_2190	TRUE	4	5	5	3	FALSE	FALSE
loop_2191	FALSE	1	5	1	5	FALSE	FALSE
loop_2192	TRUE	3	3	4	2	TRUE	FALSE
loop_2193	FALSE	2	2	2	2	FALSE	FALSE
loop_2194	TRUE	3	3	4	2	TRUE	FALSE
loop_2195	TRUE	3	3	5	3	TRUE	FALSE
loop_2196	TRUE	3	3	4	2	TRUE	FALSE
loop_2197	TRUE	3	3	3	4	TRUE	FALSE
loop_2198	TRUE	3	3	4	3	TRUE	FALSE
loop_2199	FALSE	4	4	4	4	FALSE	FALSE
loop_2200	TRUE	3	3	2	4	TRUE	FALSE
loop_2201	TRUE	4	2	4	3	FALSE	FALSE
loop_2202	TRUE	3	3	1	2	TRUE	FALSE
loop_2203	FALSE	4	2	4	2	FALSE	FALSE
loop_2204	FALSE	3	3	3	3	TRUE	TRUE
loop_2205	TRUE	4	5	3	3	FALSE	TRUE
loop_2206	FALSE	3	3	3	3	TRUE	TRUE
loop_2207	FALSE	4	3	4	3	FALSE	FALSE
loop_2208	TRUE	3	3	4	5	TRUE	FALSE
loop_2209	TRUE	3	3	4	3	TRUE	FALSE
loop_2210	TRUE	3	3	3	4	TRUE	FALSE
loop_2211	TRUE	5	3	4	3	FALSE	FALSE
loop_2212	TRUE	3	3	5	1	TRUE	FALSE
loop_2213	TRUE	2	3	3	3	FALSE	TRUE
loop_2214	FALSE	3	3	3	3	TRUE	TRUE
loop_2215	TRUE	4	2	5	1	FALSE	FALSE
loop_2216	TRUE	2	1	3	3	FALSE	TRUE
loop_2217	TRUE	5	2	4	2	FALSE	FALSE
loop_2218	FALSE	5	2	5	2	FALSE	FALSE
loop_2219	FALSE	5	1	5	1	FALSE	FALSE
loop_2220	TRUE	5	1	4	2	FALSE	FALSE
loop_2221	FALSE	4	3	4	3	FALSE	FALSE
loop_2222	FALSE	2	4	2	4	FALSE	FALSE
loop_2223	TRUE	2	3	5	2	FALSE	FALSE
loop_2224	FALSE	3	2	3	2	FALSE	FALSE
loop_2225	TRUE	3	3	1	1	TRUE	FALSE
loop_2226	TRUE	3	1	3	4	FALSE	FALSE
loop_2227	TRUE	4	1	5	1	FALSE	FALSE
loop_2228	TRUE	3	3	3	1	TRUE	FALSE
loop_2229	TRUE	5	1	4	1	FALSE	FALSE
loop_2230	TRUE	3	3	5	2	TRUE	FALSE
loop_2231	TRUE	3	3	5	5	TRUE	FALSE
loop_2232	FALSE	5	1	5	1	FALSE	FALSE
loop_2233	TRUE	3	3	4	2	TRUE	FALSE
loop_2234	TRUE	3	2	1	2	FALSE	FALSE
loop_2235	FALSE	3	3	3	3	TRUE	TRUE
loop_2236	TRUE	3	2	3	3	FALSE	TRUE
loop_2237	TRUE	3	3	5	2	TRUE	FALSE
loop_2238	TRUE	5	2	5	1	FALSE	FALSE
loop_2239	TRUE	1	5	5	3	FALSE	FALSE
loop_2240	TRUE	2	4	1	2	FALSE	FALSE
loop_2241	TRUE	3	2	3	5	FALSE	FALSE
loop_2242	FALSE	5	5	5	5	FALSE	FALSE
loop_2243	TRUE	3	3	4	3	TRUE	FALSE
loop_2244	TRUE	1	2	3	4	FALSE	FALSE
loop_2245	TRUE	3	4	3	3	FALSE	TRUE
loop_2246	TRUE	4	2	5	2	FALSE	FALSE
loop_2247	TRUE	1	4	4	4	FALSE	FALSE
loop_2248	FALSE	3	3	3	3	TRUE	TRUE
loop_2249	TRUE	3	2	4	2	FALSE	FALSE
loop_2250	FALSE	3	3	3	3	TRUE	TRUE
loop_2251	FALSE	4	3	4	3	FALSE	FALSE
loop_2252	FALSE	3	3	3	3	TRUE	TRUE
loop_2253	TRUE	4	3	5	3	FALSE	FALSE
loop_2254	TRUE	1	3	2	3	FALSE	FALSE
loop_2255	FALSE	1	4	1	4	FALSE	FALSE
loop_2256	TRUE	5	1	4	1	FALSE	FALSE
loop_2257	FALSE	5	1	5	1	FALSE	FALSE
loop_2258	TRUE	1	5	4	1	FALSE	FALSE
loop_2259	TRUE	4	3	5	1	FALSE	FALSE
loop_2260	FALSE	5	1	5	1	FALSE	FALSE
loop_2261	TRUE	3	5	5	1	FALSE	FALSE
loop_2262	FALSE	5	1	5	1	FALSE	FALSE
loop_2263	TRUE	2	4	1	4	FALSE	FALSE
loop_2264	FALSE	5	1	5	1	FALSE	FALSE
loop_2265	TRUE	5	2	5	3	FALSE	FALSE
loop_2266	TRUE	3	3	4	5	TRUE	FALSE
loop_2267	FALSE	5	1	5	1	FALSE	FALSE
loop_2268	FALSE	1	4	1	4	FALSE	FALSE
loop_2269	FALSE	5	4	5	4	FALSE	FALSE
loop_2270	TRUE	2	3	1	4	FALSE	FALSE
loop_2271	TRUE	5	2	5	1	FALSE	FALSE
loop_2272	TRUE	3	3	4	2	TRUE	FALSE
loop_2273	TRUE	3	3	5	1	TRUE	FALSE
loop_2274	TRUE	3	3	3	1	TRUE	FALSE
loop_2275	TRUE	3	3	2	5	TRUE	FALSE
loop_2276	TRUE	5	1	5	3	FALSE	FALSE
loop_2277	TRUE	1	2	4	1	FALSE	FALSE
loop_2278	TRUE	3	3	4	3	TRUE	FALSE
loop_2279	TRUE	3	3	3	4	TRUE	FALSE
loop_2280	FALSE	5	4	5	4	FALSE	FALSE
loop_2281	TRUE	5	3	4	5	FALSE	FALSE
loop_2282	TRUE	1	4	4	4	FALSE	FALSE
loop_2283	FALSE	2	2	2	2	FALSE	FALSE
loop_2284	TRUE	1	4	1	1	FALSE	FALSE
loop_2285	TRUE	3	3	5	1	TRUE	FALSE
loop_2286	TRUE	3	3	1	3	TRUE	FALSE
loop_2287	TRUE	4	3	5	3	FALSE	FALSE
loop_2288	FALSE	3	3	3	3	TRUE	TRUE
loop_2289	TRUE	3	3	2	3	TRUE	FALSE
loop_2290	TRUE	3	3	4	3	TRUE	FALSE
loop_2291	TRUE	2	2	3	1	FALSE	FALSE
loop_2292	TRUE	3	3	3	2	TRUE	FALSE
loop_2293	TRUE	5	1	3	1	FALSE	FALSE
loop_2294	TRUE	4	5	3	4	FALSE	FALSE
loop_2295	TRUE	3	3	3	2	TRUE	FALSE
loop_2296	FALSE	3	3	3	3	TRUE	TRUE
loop_2297	FALSE	5	1	5	1	FALSE	FALSE
loop_2298	TRUE	5	2	4	2	FALSE	FALSE
loop_2299	TRUE	1	1	3	2	FALSE	FALSE
loop_2300	TRUE	3	3	4	3	TRUE	FALSE
loop_2301	TRUE	3	3	5	3	TRUE	FALSE
loop_2302	FALSE	2	2	2	2	FALSE	FALSE
loop_2303	TRUE	4	2	5	1	FALSE	FALSE
loop_2304	FALSE	3	3	3	3	TRUE	TRUE
loop_2305	FALSE	4	2	4	2	FALSE	FALSE
loop_2306	FALSE	5	1	5	1	FALSE	FALSE
loop_2307	FALSE	5	1	5	1	FALSE	FALSE
loop_2308	TRUE	5	4	3	1	FALSE	FALSE
loop_2309	FALSE	1	5	1	5	FALSE	FALSE
loop_2310	FALSE	5	1	5	1	FALSE	FALSE
loop_2311	TRUE	3	3	5	1	TRUE	FALSE
loop_2312	FALSE	5	1	5	1	FALSE	FALSE
loop_2313	TRUE	2	2	2	1	FALSE	FALSE
loop_2314	TRUE	3	3	2	2	TRUE	FALSE
loop_2315	TRUE	2	3	4	2	FALSE	FALSE
loop_2316	TRUE	5	2	4	3	FALSE	FALSE
loop_2317	TRUE	4	3	5	2	FALSE	FALSE
loop_2318	FALSE	5	1	5	1	FALSE	FALSE
loop_2319	FALSE	4	2	4	2	FALSE	FALSE
loop_2320	FALSE	5	2	5	2	FALSE	FALSE
loop_2321	FALSE	3	3	3	3	TRUE	TRUE
loop_2322	TRUE	3	3	4	5	TRUE	FALSE
loop_2323	FALSE	2	4	2	4	FALSE	FALSE
loop_2324	TRUE	5	2	2	1	FALSE	FALSE
loop_2325	TRUE	3	3	3	5	TRUE	FALSE
loop_2326	TRUE	2	4	2	3	FALSE	FALSE
loop_2327	FALSE	4	3	4	3	FALSE	FALSE
loop_2328	TRUE	3	3	5	1	TRUE	FALSE
loop_2329	FALSE	5	5	5	5	FALSE	FALSE
loop_2330	TRUE	3	3	2	4	TRUE	FALSE
loop_2331	TRUE	2	3	3	4	FALSE	FALSE
loop_2332	TRUE	3	3	5	3	TRUE	FALSE
loop_2333	TRUE	5	1	4	1	FALSE	FALSE
loop_2334	FALSE	3	3	3	3	TRUE	TRUE
loop_2335	TRUE	5	1	5	2	FALSE	FALSE
loop_2336	TRUE	3	3	5	3	TRUE	FALSE
loop_2337	TRUE	2	2	2	5	FALSE	FALSE
loop_2338	TRUE	3	3	5	5	TRUE	FALSE
loop_2339	TRUE	4	1	5	5	FALSE	FALSE
loop_2340	TRUE	3	3	2	4	TRUE	FALSE
loop_2341	FALSE	1	4	1	4	FALSE	FALSE
loop_2342	TRUE	3	3	4	3	TRUE	FALSE
loop_2343	FALSE	5	1	5	1	FALSE	FALSE
loop_2344	FALSE	5	1	5	1	FALSE	FALSE
loop_2345	TRUE	3	3	5	1	TRUE	FALSE
loop_2346	FALSE	5	1	5	1	FALSE	FALSE
loop_2347	FALSE	4	1	4	1	FALSE	FALSE
loop_2348	FALSE	5	1	5	1	FALSE	FALSE
loop_2349	TRUE	2	1	2	3	FALSE	FALSE
loop_2350	TRUE	3	2	1	4	FALSE	FALSE
loop_2351	TRUE	4	2	4	1	FALSE	FALSE
loop_2352	FALSE	5	1	5	1	FALSE	FALSE
loop_2353	TRUE	3	1	3	3	FALSE	TRUE
loop_2354	FALSE	3	2	3	2	FALSE	FALSE
loop_2355	TRUE	3	3	5	2	TRUE	FALSE
loop_2356	FALSE	5	1	5	1	FALSE	FALSE
loop_2357	TRUE	4	1	5	1	FALSE	FALSE
loop_2358	FALSE	2	3	2	3	FALSE	FALSE
loop_2359	TRUE	2	3	3	3	FALSE	TRUE
loop_2360	FALSE	5	1	5	1	FALSE	FALSE
loop_2361	TRUE	4	4	5	2	FALSE	FALSE
loop_2362	TRUE	1	2	2	3	FALSE	FALSE
loop_2363	TRUE	5	2	5	5	FALSE	FALSE
loop_2364	TRUE	3	3	2	3	TRUE	FALSE
loop_2365	FALSE	4	1	4	1	FALSE	FALSE
loop_2366	TRUE	3	3	4	1	TRUE	FALSE
loop_2367	FALSE	5	2	5	2	FALSE	FALSE
loop_2368	TRUE	3	3	2	3	TRUE	FALSE
loop_2369	FALSE	5	1	5	1	FALSE	FALSE
loop_2370	TRUE	4	4	2	4	FALSE	FALSE
loop_2371	TRUE	3	3	4	3	TRUE	FALSE
loop_2372	TRUE	3	3	3	4	TRUE	FALSE
loop_2373	FALSE	3	3	3	3	TRUE	TRUE
loop_2374	FALSE	3	2	3	2	FALSE	FALSE
loop_2375	TRUE	3	3	5	2	TRUE	FALSE
loop_2376	TRUE	3	3	2	3	TRUE	FALSE
loop_2377	TRUE	3	3	4	4	TRUE	FALSE
loop_2378	TRUE	3	3	2	3	TRUE	FALSE
loop_2379	FALSE	1	1	1	1	FALSE	FALSE
loop_2380	TRUE	1	1	1	4	FALSE	FALSE
loop_2381	TRUE	3	3	1	1	TRUE	FALSE
loop_2382	FALSE	5	1	5	1	FALSE	FALSE
loop_2383	TRUE	4	1	5	1	FALSE	FALSE
loop_2384	TRUE	3	2	4	4	FALSE	FALSE
loop_2385	FALSE	4	1	4	1	FALSE	FALSE
loop_2386	FALSE	5	1	5	1	FALSE	FALSE
loop_2387	FALSE	5	1	5	1	FALSE	FALSE
loop_2388	TRUE	3	3	4	3	TRUE	FALSE
loop_2389	TRUE	5	4	5	2	FALSE	FALSE
loop_2390	TRUE	5	1	4	1	FALSE	FALSE
loop_2391	TRUE	5	1	5	2	FALSE	FALSE
loop_2392	TRUE	5	1	3	2	FALSE	FALSE
loop_2393	TRUE	4	1	4	2	FALSE	FALSE
loop_2394	TRUE	3	3	4	3	TRUE	FALSE
loop_2395	TRUE	5	2	4	2	FALSE	FALSE
loop_2396	TRUE	5	1	4	1	FALSE	FALSE
loop_2397	TRUE	4	1	5	5	FALSE	FALSE
loop_2398	TRUE	5	3	3	2	FALSE	FALSE
loop_2399	FALSE	5	1	5	1	FALSE	FALSE
loop_2400	FALSE	5	1	5	1	FALSE	FALSE
loop_2401	TRUE	3	3	5	3	TRUE	FALSE
loop_2402	FALSE	5	1	5	1	FALSE	FALSE
loop_2403	TRUE	3	2	5	2	FALSE	FALSE
loop_2404	FALSE	3	3	3	3	TRUE	TRUE
loop_2405	TRUE	3	2	3	1	FALSE	FALSE
loop_2406	TRUE	3	3	3	5	TRUE	FALSE
loop_2407	TRUE	4	4	4	1	FALSE	FALSE
loop_2408	TRUE	5	3	1	3	FALSE	FALSE
loop_2409	FALSE	3	3	3	3	TRUE	TRUE
loop_2410	TRUE	5	1	5	2	FALSE	FALSE
loop_2411	TRUE	5	3	4	2	FALSE	FALSE
loop_2412	TRUE	3	3	4	3	TRUE	FALSE
loop_2413	TRUE	2	3	1	3	FALSE	FALSE
loop_2414	TRUE	3	3	5	3	TRUE	FALSE
loop_2415	TRUE	5	2	4	2	FALSE	FALSE
loop_2416	TRUE	3	3	4	4	TRUE	FALSE
loop_2417	TRUE	3	3	5	4	TRUE	FALSE
loop_2418	TRUE	3	3	3	1	TRUE	FALSE
loop_2419	TRUE	3	3	3	2	TRUE	FALSE
loop_2420	FALSE	3	3	3	3	TRUE	TRUE
loop_2421	TRUE	5	4	4	5	FALSE	FALSE
loop_2422	FALSE	3	3	3	3	TRUE	TRUE
loop_2423	FALSE	3	3	3	3	TRUE	TRUE
loop_2424	TRUE	3	3	3	1	TRUE	FALSE
loop_2425	FALSE	3	4	3	4	FALSE	FALSE
loop_2426	FALSE	3	3	3	3	TRUE	TRUE
loop_2427	TRUE	2	2	5	2	FALSE	FALSE
loop_2428	TRUE	3	3	3	4	TRUE	FALSE
loop_2429	TRUE	3	3	3	5	TRUE	FALSE
loop_2430	TRUE	5	1	4	1	FALSE	FALSE
loop_2431	TRUE	3	2	3	1	FALSE	FALSE
loop_2432	FALSE	2	1	2	1	FALSE	FALSE
loop_2433	TRUE	2	3	5	2	FALSE	FALSE
loop_2434	TRUE	4	1	5	1	FALSE	FALSE
loop_2435	TRUE	4	1	5	1	FALSE	FALSE
loop_2436	TRUE	2	4	4	1	FALSE	FALSE
loop_2437	FALSE	1	5	1	5	FALSE	FALSE
loop_2438	TRUE	3	3	4	1	TRUE	FALSE
loop_2439	TRUE	5	2	5	1	FALSE	FALSE
loop_2440	TRUE	3	3	5	2	TRUE	FALSE
loop_2441	TRUE	3	1	3	2	FALSE	FALSE
loop_2442	FALSE	4	1	4	1	FALSE	FALSE
loop_2443	FALSE	3	3	3	3	TRUE	TRUE
loop_2444	TRUE	5	1	5	2	FALSE	FALSE
loop_2445	TRUE	3	3	3	2	TRUE	FALSE
loop_2446	TRUE	3	3	3	5	TRUE	FALSE
loop_2447	TRUE	2	5	3	5	FALSE	FALSE
loop_2448	TRUE	4	1	4	4	FALSE	FALSE
loop_2449	TRUE	3	3	5	1	TRUE	FALSE
loop_2450	TRUE	1	3	1	2	FALSE	FALSE
loop_2451	FALSE	3	3	3	3	TRUE	TRUE
loop_2452	TRUE	3	3	1	2	TRUE	FALSE
loop_2453	FALSE	3	3	3	3	TRUE	TRUE
loop_2454	TRUE	3	3	1	2	TRUE	FALSE
loop_2455	TRUE	3	3	2	3	TRUE	FALSE
loop_2456	FALSE	4	3	4	3	FALSE	FALSE
loop_2457	TRUE	3	3	4	3	TRUE	FALSE
loop_2458	TRUE	3	3	4	3	TRUE	FALSE
loop_2459	TRUE	2	2	3	2	FALSE	FALSE
loop_2460	TRUE	2	2	2	3	FALSE	FALSE
loop_2461	TRUE	1	3	2	3	FALSE	FALSE
loop_2462	TRUE	4	3	5	2	FALSE	FALSE
loop_2463	TRUE	3	2	1	1	FALSE	FALSE
loop_2464	FALSE	2	3	2	3	FALSE	FALSE
loop_2465	FALSE	3	3	3	3	TRUE	TRUE
loop_2466	TRUE	3	4	4	3	FALSE	FALSE
loop_2467	TRUE	3	3	5	1	TRUE	FALSE
loop_2468	TRUE	5	2	3	2	FALSE	FALSE
loop_2469	TRUE	3	3	4	4	TRUE	FALSE
loop_2470	FALSE	3	3	3	3	TRUE	TRUE
loop_2471	TRUE	3	3	3	2	TRUE	FALSE
loop_2472	TRUE	3	3	1	5	TRUE	FALSE
loop_2473	TRUE	3	3	5	5	TRUE	FALSE
loop_2474	TRUE	3	3	2	2	TRUE	FALSE
loop_2475	TRUE	3	3	3	1	TRUE	FALSE
loop_2476	TRUE	3	3	2	1	TRUE	FALSE
loop_2477	FALSE	4	3	4	3	FALSE	FALSE
loop_2478	TRUE	1	2	3	3	FALSE	TRUE
loop_2479	TRUE	3	4	4	3	FALSE	FALSE
loop_2480	TRUE	1	3	5	2	FALSE	FALSE
loop_2481	FALSE	5	1	5	1	FALSE	FALSE
loop_2482	FALSE	5	1	5	1	FALSE	FALSE
loop_2483	TRUE	5	2	4	2	FALSE	FALSE
loop_2484	FALSE	5	1	5	1	FALSE	FALSE
loop_2485	TRUE	5	2	5	1	FALSE	FALSE
loop_2486	TRUE	2	3	3	3	FALSE	TRUE
loop_2487	TRUE	4	1	3	3	FALSE	TRUE
loop_2488	TRUE	5	3	3	3	FALSE	TRUE
loop_2489	TRUE	3	4	3	3	FALSE	TRUE
loop_2490	TRUE	3	1	3	3	FALSE	TRUE
loop_2491	FALSE	5	1	5	1	FALSE	FALSE
loop_2492	TRUE	1	4	3	3	FALSE	TRUE
loop_2493	FALSE	3	3	3	3	TRUE	TRUE
loop_2494	TRUE	5	1	4	1	FALSE	FALSE
loop_2495	TRUE	2	2	3	3	FALSE	TRUE
loop_2496	TRUE	3	2	2	4	FALSE	FALSE
loop_2497	TRUE	2	3	3	3	FALSE	TRUE
loop_2498	FALSE	5	1	5	1	FALSE	FALSE
loop_2499	TRUE	4	3	3	3	FALSE	TRUE
loop_2500	TRUE	2	3	3	3	FALSE	TRUE
loop_2501	FALSE	2	5	2	5	FALSE	FALSE
loop_2502	TRUE	3	3	4	3	TRUE	FALSE
loop_2503	TRUE	2	3	3	3	FALSE	TRUE
loop_2504	FALSE	5	1	5	1	FALSE	FALSE
loop_2505	TRUE	3	2	3	3	FALSE	TRUE
loop_2506	TRUE	4	3	3	3	FALSE	TRUE
loop_2507	TRUE	2	2	3	3	FALSE	TRUE
loop_2508	TRUE	2	4	3	1	FALSE	FALSE
loop_2509	FALSE	3	3	3	3	TRUE	TRUE
loop_2510	FALSE	3	2	3	2	FALSE	FALSE
loop_2511	TRUE	3	2	3	3	FALSE	TRUE
loop_2512	TRUE	5	1	3	3	FALSE	TRUE
loop_2513	TRUE	2	3	3	2	FALSE	FALSE
loop_2514	FALSE	5	1	5	1	FALSE	FALSE
loop_2515	FALSE	5	1	5	1	FALSE	FALSE
loop_2516	TRUE	2	2	1	3	FALSE	FALSE
loop_2517	FALSE	3	3	3	3	TRUE	TRUE
loop_2518	FALSE	5	1	5	1	FALSE	FALSE
loop_2519	TRUE	4	2	3	3	FALSE	TRUE
loop_2520	TRUE	4	2	1	2	FALSE	FALSE
loop_2521	TRUE	4	4	5	2	FALSE	FALSE
loop_2522	FALSE	3	3	3	3	TRUE	TRUE
loop_2523	TRUE	4	1	4	3	FALSE	FALSE
loop_2524	TRUE	1	4	1	5	FALSE	FALSE
loop_2525	TRUE	5	1	4	3	FALSE	FALSE
loop_2526	FALSE	2	5	2	5	FALSE	FALSE
loop_2527	FALSE	4	3	4	3	FALSE	FALSE
loop_2528	TRUE	4	4	3	4	FALSE	FALSE
loop_2529	TRUE	5	5	3	5	FALSE	FALSE
loop_2530	FALSE	3	3	3	3	TRUE	TRUE
loop_2531	TRUE	4	1	4	2	FALSE	FALSE
loop_2532	TRUE	3	5	3	3	FALSE	TRUE
loop_2533	TRUE	2	4	3	3	FALSE	TRUE
loop_2534	TRUE	3	1	4	3	FALSE	FALSE
loop_2535	TRUE	2	2	3	3	FALSE	TRUE
loop_2536	TRUE	5	2	4	2	FALSE	FALSE
loop_2537	TRUE	3	4	3	3	FALSE	TRUE
loop_2538	TRUE	5	2	5	1	FALSE	FALSE
loop_2539	TRUE	2	4	1	4	FALSE	FALSE
loop_2540	TRUE	3	4	2	3	FALSE	FALSE
loop_2541	TRUE	3	4	3	3	FALSE	TRUE
loop_2542	TRUE	1	4	2	4	FALSE	FALSE
loop_2543	TRUE	2	3	3	3	FALSE	TRUE
loop_2544	TRUE	2	3	1	4	FALSE	FALSE
loop_2545	TRUE	3	4	3	3	FALSE	TRUE
loop_2546	TRUE	2	4	3	3	FALSE	TRUE
loop_2547	TRUE	1	5	1	4	FALSE	FALSE
loop_2548	TRUE	4	3	3	3	FALSE	TRUE
loop_2549	TRUE	3	2	3	3	FALSE	TRUE
loop_2550	TRUE	2	1	3	3	FALSE	TRUE
loop_2551	TRUE	3	2	3	3	FALSE	TRUE
loop_2552	TRUE	5	1	2	4	FALSE	FALSE
loop_2553	TRUE	5	2	5	1	FALSE	FALSE
loop_2554	TRUE	4	2	3	3	FALSE	TRUE
loop_2555	FALSE	5	1	5	1	FALSE	FALSE
loop_2556	TRUE	4	1	4	3	FALSE	FALSE
loop_2557	TRUE	3	1	4	1	FALSE	FALSE
loop_2558	TRUE	5	1	3	1	FALSE	FALSE
loop_2559	TRUE	5	1	5	2	FALSE	FALSE
loop_2560	TRUE	5	1	5	2	FALSE	FALSE
loop_2561	TRUE	5	1	3	3	FALSE	TRUE
loop_2562	TRUE	2	3	1	3	FALSE	FALSE
loop_2563	FALSE	5	1	5	1	FALSE	FALSE
loop_2564	TRUE	4	4	1	2	FALSE	FALSE
loop_2565	TRUE	2	2	5	1	FALSE	FALSE
loop_2566	TRUE	5	1	5	3	FALSE	FALSE
loop_2567	TRUE	3	1	4	1	FALSE	FALSE
loop_2568	TRUE	1	3	3	1	FALSE	FALSE
loop_2569	TRUE	4	2	3	3	FALSE	TRUE
loop_2570	TRUE	5	3	4	2	FALSE	FALSE
loop_2571	TRUE	3	2	3	3	FALSE	TRUE
loop_2572	FALSE	3	3	3	3	TRUE	TRUE
loop_2573	FALSE	1	5	1	5	FALSE	FALSE
loop_2574	TRUE	2	3	3	3	FALSE	TRUE
loop_2575	TRUE	5	1	3	2	FALSE	FALSE
loop_2576	FALSE	3	5	3	5	FALSE	FALSE
loop_2577	TRUE	5	1	5	2	FALSE	FALSE
loop_2578	TRUE	5	1	3	2	FALSE	FALSE
loop_2579	TRUE	1	3	2	3	FALSE	FALSE
loop_2580	TRUE	4	2	3	3	FALSE	TRUE
loop_2581	FALSE	3	3	3	3	TRUE	TRUE
loop_2582	TRUE	4	3	3	2	FALSE	FALSE
loop_2583	TRUE	3	3	1	5	TRUE	FALSE
loop_2584	TRUE	2	3	3	3	FALSE	TRUE
loop_2585	TRUE	5	1	5	2	FALSE	FALSE
loop_2586	TRUE	1	2	1	1	FALSE	FALSE
loop_2587	TRUE	5	2	3	3	FALSE	TRUE
loop_2588	TRUE	3	4	3	3	FALSE	TRUE
loop_2589	TRUE	5	5	4	4	FALSE	FALSE
loop_2590	TRUE	4	5	3	3	FALSE	TRUE
loop_2591	TRUE	1	1	3	4	FALSE	FALSE
loop_2592	TRUE	2	3	3	3	FALSE	TRUE
loop_2593	TRUE	4	3	3	3	FALSE	TRUE
loop_2594	TRUE	4	4	3	3	FALSE	TRUE
loop_2595	TRUE	2	4	3	3	FALSE	TRUE
loop_2596	TRUE	5	2	3	3	FALSE	TRUE
loop_2597	TRUE	4	3	3	3	FALSE	TRUE
loop_2598	FALSE	3	3	3	3	TRUE	TRUE
loop_2599	TRUE	3	2	3	3	FALSE	TRUE
loop_2600	TRUE	3	1	4	2	FALSE	FALSE
loop_2601	FALSE	3	3	3	3	TRUE	TRUE
loop_2602	FALSE	1	3	1	3	FALSE	FALSE
loop_2603	FALSE	4	3	4	3	FALSE	FALSE
loop_2604	FALSE	5	1	5	1	FALSE	FALSE
loop_2605	TRUE	5	1	4	1	FALSE	FALSE
loop_2606	TRUE	2	5	5	1	FALSE	FALSE
loop_2607	TRUE	4	4	3	3	FALSE	TRUE
loop_2608	FALSE	5	1	5	1	FALSE	FALSE
loop_2609	TRUE	5	1	5	2	FALSE	FALSE
loop_2610	FALSE	5	1	5	1	FALSE	FALSE
loop_2611	TRUE	4	3	3	3	FALSE	TRUE
loop_2612	FALSE	5	1	5	1	FALSE	FALSE
loop_2613	TRUE	4	3	3	4	FALSE	FALSE
loop_2614	TRUE	3	1	2	1	FALSE	FALSE
loop_2615	TRUE	2	5	3	3	FALSE	TRUE
loop_2616	FALSE	3	1	3	1	FALSE	FALSE
loop_2617	FALSE	5	1	5	1	FALSE	FALSE
loop_2618	FALSE	5	1	5	1	FALSE	FALSE
loop_2619	TRUE	3	3	5	1	TRUE	FALSE
loop_2620	TRUE	5	2	3	3	FALSE	TRUE
loop_2621	FALSE	5	3	5	3	FALSE	FALSE
loop_2622	FALSE	3	2	3	2	FALSE	FALSE
loop_2623	FALSE	2	1	2	1	FALSE	FALSE
loop_2624	FALSE	5	1	5	1	FALSE	FALSE
loop_2625	TRUE	5	5	5	3	FALSE	FALSE
loop_2626	TRUE	5	2	5	1	FALSE	FALSE
loop_2627	FALSE	5	1	5	1	FALSE	FALSE
loop_2628	TRUE	2	5	5	4	FALSE	FALSE
loop_2629	TRUE	4	4	3	3	FALSE	TRUE
loop_2630	FALSE	3	1	3	1	FALSE	FALSE
loop_2631	TRUE	5	2	5	1	FALSE	FALSE
loop_2632	TRUE	3	2	3	3	FALSE	TRUE
loop_2633	TRUE	4	1	5	1	FALSE	FALSE
loop_2634	TRUE	1	5	3	3	FALSE	TRUE
loop_2635	FALSE	3	3	3	3	TRUE	TRUE
loop_2636	TRUE	2	4	3	3	FALSE	TRUE
loop_2637	TRUE	3	1	4	1	FALSE	FALSE
loop_2638	TRUE	4	3	3	3	FALSE	TRUE
loop_2639	TRUE	5	2	5	1	FALSE	FALSE
loop_2640	TRUE	5	3	3	3	FALSE	TRUE
loop_2641	TRUE	2	3	1	2	FALSE	FALSE
loop_2642	FALSE	3	3	3	3	TRUE	TRUE
loop_2643	TRUE	2	3	3	3	FALSE	TRUE
loop_2644	TRUE	2	3	3	3	FALSE	TRUE
loop_2645	FALSE	5	1	5	1	FALSE	FALSE
loop_2646	FALSE	5	2	5	2	FALSE	FALSE
loop_2647	TRUE	3	5	4	2	FALSE	FALSE
loop_2648	TRUE	3	3	1	3	TRUE	FALSE
loop_2649	FALSE	3	3	3	3	TRUE	TRUE
loop_2650	FALSE	3	3	3	3	TRUE	TRUE
loop_2651	FALSE	3	3	3	3	TRUE	TRUE
loop_2652	TRUE	3	5	2	4	FALSE	FALSE
loop_2653	TRUE	5	1	3	3	FALSE	TRUE
loop_2654	TRUE	2	1	3	2	FALSE	FALSE
loop_2655	TRUE	4	4	5	4	FALSE	FALSE
loop_2656	TRUE	5	1	3	3	FALSE	TRUE
loop_2657	TRUE	4	3	3	4	FALSE	FALSE
loop_2658	FALSE	3	3	3	3	TRUE	TRUE
loop_2659	FALSE	3	3	3	3	TRUE	TRUE
loop_2660	FALSE	3	3	3	3	TRUE	TRUE
loop_2661	TRUE	5	2	4	2	FALSE	FALSE
loop_2662	TRUE	3	2	3	3	FALSE	TRUE
loop_2663	TRUE	2	3	3	3	FALSE	TRUE
loop_2664	TRUE	3	2	2	2	FALSE	FALSE
loop_2665	FALSE	5	1	5	1	FALSE	FALSE
loop_2666	TRUE	3	3	1	3	TRUE	FALSE
loop_2667	TRUE	5	1	2	1	FALSE	FALSE
loop_2668	TRUE	3	4	3	3	FALSE	TRUE
loop_2669	FALSE	2	5	2	5	FALSE	FALSE
loop_2670	TRUE	4	2	3	2	FALSE	FALSE
loop_2671	TRUE	2	2	3	2	FALSE	FALSE
loop_2672	TRUE	2	3	3	4	FALSE	FALSE
loop_2673	TRUE	4	3	3	3	FALSE	TRUE
loop_2674	FALSE	5	1	5	1	FALSE	FALSE
loop_2675	FALSE	5	1	5	1	FALSE	FALSE
loop_2676	TRUE	4	2	3	3	FALSE	TRUE
loop_2677	FALSE	3	3	3	3	TRUE	TRUE
loop_2678	TRUE	2	3	3	1	FALSE	FALSE
loop_2679	TRUE	4	1	3	3	FALSE	TRUE
loop_2680	TRUE	1	2	3	3	FALSE	TRUE
loop_2681	TRUE	4	2	3	3	FALSE	TRUE
loop_2682	FALSE	5	5	5	5	FALSE	FALSE
loop_2683	TRUE	1	3	3	3	FALSE	TRUE
loop_2684	FALSE	1	2	1	2	FALSE	FALSE
loop_2685	FALSE	3	3	3	3	TRUE	TRUE
loop_2686	TRUE	3	3	5	1	TRUE	FALSE
loop_2687	TRUE	3	2	4	1	FALSE	FALSE
loop_2688	TRUE	5	1	3	3	FALSE	TRUE
loop_2689	TRUE	3	3	1	3	TRUE	FALSE
loop_2690	TRUE	4	1	3	3	FALSE	TRUE
loop_2691	TRUE	2	4	3	3	FALSE	TRUE
loop_2692	TRUE	3	1	4	1	FALSE	FALSE
loop_2693	TRUE	3	2	3	3	FALSE	TRUE
loop_2694	FALSE	4	3	4	3	FALSE	FALSE
loop_2695	TRUE	1	1	3	3	FALSE	TRUE
loop_2696	FALSE	3	3	3	3	TRUE	TRUE
loop_2697	TRUE	2	4	5	1	FALSE	FALSE
loop_2698	TRUE	4	1	5	1	FALSE	FALSE
loop_2699	TRUE	5	2	4	2	FALSE	FALSE
loop_2700	TRUE	1	2	3	2	FALSE	FALSE
loop_2701	TRUE	4	1	5	1	FALSE	FALSE
loop_2702	FALSE	5	1	5	1	FALSE	FALSE
loop_2703	FALSE	5	1	5	1	FALSE	FALSE
loop_2704	TRUE	5	1	5	3	FALSE	FALSE
loop_2705	TRUE	5	3	5	1	FALSE	FALSE
loop_2706	TRUE	4	1	4	2	FALSE	FALSE
loop_2707	TRUE	3	3	2	3	TRUE	FALSE
loop_2708	TRUE	3	2	3	3	FALSE	TRUE
loop_2709	FALSE	3	3	3	3	TRUE	TRUE
loop_2710	TRUE	5	1	3	3	FALSE	TRUE
loop_2711	TRUE	5	1	3	3	FALSE	TRUE
loop_2712	TRUE	2	1	3	3	FALSE	TRUE
loop_2713	TRUE	1	2	5	1	FALSE	FALSE
loop_2714	TRUE	3	2	3	3	FALSE	TRUE
loop_2715	FALSE	4	5	4	5	FALSE	FALSE
loop_2716	TRUE	4	1	5	1	FALSE	FALSE
loop_2717	TRUE	3	3	1	3	TRUE	FALSE
loop_2718	FALSE	1	3	1	3	FALSE	FALSE
loop_2719	TRUE	4	3	3	3	FALSE	TRUE
loop_2720	TRUE	1	2	3	3	FALSE	TRUE
loop_2721	TRUE	4	3	3	2	FALSE	FALSE
loop_2722	TRUE	4	4	3	3	FALSE	TRUE
loop_2723	TRUE	5	1	5	2	FALSE	FALSE
loop_2724	FALSE	5	1	5	1	FALSE	FALSE
loop_2725	TRUE	4	2	3	1	FALSE	FALSE
loop_2726	FALSE	5	1	5	1	FALSE	FALSE
loop_2727	FALSE	3	4	3	4	FALSE	FALSE
loop_2728	TRUE	5	2	5	1	FALSE	FALSE
loop_2729	TRUE	5	1	3	2	FALSE	FALSE
loop_2730	TRUE	5	2	4	1	FALSE	FALSE
loop_2731	FALSE	5	3	5	3	FALSE	FALSE
loop_2732	FALSE	5	1	5	1	FALSE	FALSE
loop_2733	FALSE	4	1	4	1	FALSE	FALSE
loop_2734	FALSE	2	3	2	3	FALSE	FALSE
loop_2735	TRUE	3	3	5	2	TRUE	FALSE
loop_2736	TRUE	5	4	5	3	FALSE	FALSE
loop_2737	TRUE	5	4	3	3	FALSE	TRUE
loop_2738	TRUE	5	1	3	3	FALSE	TRUE
loop_2739	FALSE	3	3	3	3	TRUE	TRUE
loop_2740	TRUE	4	1	3	3	FALSE	TRUE
loop_2741	TRUE	2	2	3	3	FALSE	TRUE
loop_2742	TRUE	3	4	3	3	FALSE	TRUE
loop_2743	FALSE	3	3	3	3	TRUE	TRUE
loop_2744	TRUE	2	3	3	3	FALSE	TRUE
loop_2745	FALSE	5	1	5	1	FALSE	FALSE
loop_2746	TRUE	5	1	4	5	FALSE	FALSE
loop_2747	TRUE	5	3	3	3	FALSE	TRUE
loop_2748	TRUE	4	1	5	1	FALSE	FALSE
loop_2749	TRUE	3	3	2	3	TRUE	FALSE
loop_2750	TRUE	2	4	3	3	FALSE	TRUE
loop_2751	FALSE	3	3	3	3	TRUE	TRUE
loop_2752	TRUE	3	4	3	3	FALSE	TRUE
loop_2753	TRUE	3	1	3	2	FALSE	FALSE
loop_2754	TRUE	1	4	1	3	FALSE	FALSE
loop_2755	TRUE	3	2	3	3	FALSE	TRUE
loop_2756	TRUE	1	3	3	3	FALSE	TRUE
loop_2757	FALSE	3	3	3	3	TRUE	TRUE
loop_2758	TRUE	3	4	3	3	FALSE	TRUE
loop_2759	TRUE	5	2	4	1	FALSE	FALSE
loop_2760	TRUE	5	3	5	1	FALSE	FALSE
loop_2761	TRUE	5	2	5	3	FALSE	FALSE
loop_2762	TRUE	4	3	3	3	FALSE	TRUE
loop_2763	TRUE	3	3	5	1	TRUE	FALSE
loop_2764	TRUE	4	1	5	1	FALSE	FALSE
loop_2765	TRUE	5	1	5	2	FALSE	FALSE
loop_2766	TRUE	5	1	4	2	FALSE	FALSE
loop_2767	FALSE	4	3	4	3	FALSE	FALSE
loop_2768	FALSE	5	1	5	1	FALSE	FALSE
loop_2769	TRUE	3	2	4	1	FALSE	FALSE
loop_2770	TRUE	5	5	4	2	FALSE	FALSE
loop_2771	TRUE	2	3	3	3	FALSE	TRUE
loop_2772	TRUE	1	3	3	2	FALSE	FALSE
loop_2773	FALSE	5	1	5	1	FALSE	FALSE
loop_2774	TRUE	2	2	3	3	FALSE	TRUE
loop_2775	TRUE	3	4	3	3	FALSE	TRUE
loop_2776	FALSE	3	3	3	3	TRUE	TRUE
loop_2777	TRUE	5	3	3	3	FALSE	TRUE
loop_2778	TRUE	5	1	3	3	FALSE	TRUE
loop_2779	FALSE	3	3	3	3	TRUE	TRUE
loop_2780	TRUE	5	2	3	3	FALSE	TRUE
loop_2781	TRUE	3	1	3	3	FALSE	TRUE
loop_2782	TRUE	5	1	5	2	FALSE	FALSE
loop_2783	TRUE	3	3	3	1	TRUE	FALSE
loop_2784	FALSE	3	3	3	3	TRUE	TRUE
loop_2785	TRUE	3	1	4	1	FALSE	FALSE
loop_2786	TRUE	4	1	5	1	FALSE	FALSE
loop_2787	FALSE	5	1	5	1	FALSE	FALSE
loop_2788	TRUE	4	3	4	2	FALSE	FALSE
loop_2789	TRUE	4	1	5	1	FALSE	FALSE
loop_2790	TRUE	4	3	3	3	FALSE	TRUE
loop_2791	TRUE	5	2	5	3	FALSE	FALSE
loop_2792	TRUE	5	1	3	1	FALSE	FALSE
loop_2793	FALSE	3	3	3	3	TRUE	TRUE
loop_2794	TRUE	5	3	5	1	FALSE	FALSE
loop_2795	TRUE	4	4	5	3	FALSE	FALSE
loop_2796	TRUE	2	2	3	3	FALSE	TRUE
loop_2797	TRUE	4	3	4	1	FALSE	FALSE
loop_2798	TRUE	4	2	3	3	FALSE	TRUE
loop_2799	FALSE	3	3	3	3	TRUE	TRUE
loop_2800	TRUE	5	1	2	4	FALSE	FALSE
loop_2801	TRUE	3	1	3	3	FALSE	TRUE
loop_2802	TRUE	3	1	3	2	FALSE	FALSE
loop_2803	TRUE	2	3	3	3	FALSE	TRUE
loop_2804	TRUE	3	2	3	3	FALSE	TRUE
loop_2805	TRUE	3	1	3	3	FALSE	TRUE
loop_2806	TRUE	4	4	3	4	FALSE	FALSE
loop_2807	TRUE	5	1	3	3	FALSE	TRUE
loop_2808	FALSE	3	3	3	3	TRUE	TRUE
loop_2809	TRUE	5	2	2	2	FALSE	FALSE
loop_2810	TRUE	5	2	3	5	FALSE	FALSE
loop_2811	TRUE	3	1	3	3	FALSE	TRUE
loop_2812	TRUE	3	2	3	3	FALSE	TRUE
loop_2813	FALSE	3	3	3	3	TRUE	TRUE
loop_2814	FALSE	5	1	5	1	FALSE	FALSE
loop_2815	FALSE	5	1	5	1	FALSE	FALSE
loop_2816	TRUE	4	1	5	1	FALSE	FALSE
loop_2817	FALSE	3	3	3	3	TRUE	TRUE
loop_2818	FALSE	5	1	5	1	FALSE	FALSE
loop_2819	FALSE	5	1	5	1	FALSE	FALSE
loop_2820	TRUE	4	2	3	3	FALSE	TRUE
loop_2821	TRUE	1	2	2	3	FALSE	FALSE
loop_2822	FALSE	2	5	2	5	FALSE	FALSE
loop_2823	TRUE	2	3	3	2	FALSE	FALSE
loop_2824	TRUE	4	1	5	1	FALSE	FALSE
loop_2825	TRUE	5	2	5	1	FALSE	FALSE
loop_2826	FALSE	4	1	4	1	FALSE	FALSE
loop_2827	FALSE	4	5	4	5	FALSE	FALSE
loop_2828	TRUE	3	4	3	3	FALSE	TRUE
loop_2829	FALSE	3	3	3	3	TRUE	TRUE
loop_2830	TRUE	5	1	3	3	FALSE	TRUE
loop_2831	TRUE	1	3	2	3	FALSE	FALSE
loop_2832	TRUE	2	4	1	4	FALSE	FALSE
loop_2833	FALSE	5	1	5	1	FALSE	FALSE
loop_2834	TRUE	3	3	3	1	TRUE	FALSE
loop_2835	TRUE	4	2	3	3	FALSE	TRUE
loop_2836	TRUE	5	2	5	1	FALSE	FALSE
loop_2837	TRUE	3	1	3	3	FALSE	TRUE
loop_2838	TRUE	3	2	4	3	FALSE	FALSE
loop_2839	TRUE	2	2	3	3	FALSE	TRUE
loop_2840	TRUE	4	2	3	3	FALSE	TRUE
loop_2841	FALSE	3	3	3	3	TRUE	TRUE
loop_2842	TRUE	5	2	4	2	FALSE	FALSE
loop_2843	TRUE	3	1	3	3	FALSE	TRUE
loop_2844	TRUE	2	2	3	3	FALSE	TRUE
loop_2845	TRUE	3	2	3	3	FALSE	TRUE
loop_2846	TRUE	1	3	2	4	FALSE	FALSE
loop_2847	TRUE	5	1	5	2	FALSE	FALSE
loop_2848	FALSE	2	2	2	2	FALSE	FALSE
loop_2849	TRUE	5	4	5	1	FALSE	FALSE
loop_2850	TRUE	2	2	3	3	FALSE	TRUE
loop_2851	TRUE	1	5	1	4	FALSE	FALSE
loop_2852	TRUE	3	2	3	3	FALSE	TRUE
loop_2853	TRUE	2	4	4	4	FALSE	FALSE
loop_2854	TRUE	5	1	2	3	FALSE	FALSE
loop_2855	TRUE	5	4	5	2	FALSE	FALSE
loop_2856	TRUE	3	4	3	3	FALSE	TRUE
loop_2857	TRUE	5	2	3	3	FALSE	TRUE
loop_2858	FALSE	3	3	3	3	TRUE	TRUE
loop_2859	TRUE	3	4	3	3	FALSE	TRUE
loop_2860	TRUE	2	3	3	3	FALSE	TRUE
loop_2861	TRUE	3	5	3	3	FALSE	TRUE
loop_2862	FALSE	1	3	1	3	FALSE	FALSE
loop_2863	TRUE	3	5	4	4	FALSE	FALSE
loop_2864	TRUE	4	4	1	1	FALSE	FALSE
loop_2865	FALSE	3	1	3	1	FALSE	FALSE
loop_2866	TRUE	3	4	3	2	FALSE	FALSE
loop_2867	TRUE	3	5	2	4	FALSE	FALSE
loop_2868	TRUE	3	1	3	3	FALSE	TRUE
loop_2869	TRUE	1	2	3	3	FALSE	TRUE
loop_2870	TRUE	2	2	3	3	FALSE	TRUE
loop_2871	TRUE	2	2	3	2	FALSE	FALSE
loop_2872	FALSE	3	3	3	3	TRUE	TRUE
loop_2873	FALSE	3	3	3	3	TRUE	TRUE
loop_2874	TRUE	5	1	5	2	FALSE	FALSE
loop_2875	TRUE	5	2	4	2	FALSE	FALSE
loop_2876	FALSE	4	3	4	3	FALSE	FALSE
loop_2877	TRUE	5	3	3	3	FALSE	TRUE
loop_2878	TRUE	4	1	2	3	FALSE	FALSE
loop_2879	TRUE	4	2	3	3	FALSE	TRUE
loop_2880	TRUE	4	5	5	1	FALSE	FALSE
loop_2881	TRUE	4	2	3	3	FALSE	TRUE
loop_2882	TRUE	5	1	3	3	FALSE	TRUE
loop_2883	FALSE	3	3	3	3	TRUE	TRUE
loop_2884	TRUE	4	1	4	2	FALSE	FALSE
loop_2885	TRUE	2	2	3	2	FALSE	FALSE
loop_2886	FALSE	1	3	1	3	FALSE	FALSE
loop_2887	TRUE	5	4	3	4	FALSE	FALSE
loop_2888	TRUE	2	5	2	4	FALSE	FALSE
loop_2889	TRUE	5	4	3	3	FALSE	TRUE
loop_2890	FALSE	3	3	3	3	TRUE	TRUE
loop_2891	TRUE	2	4	3	3	FALSE	TRUE
loop_2892	FALSE	5	3	5	3	FALSE	FALSE
loop_2893	TRUE	3	5	1	5	FALSE	FALSE
loop_2894	TRUE	2	4	3	3	FALSE	TRUE
loop_2895	TRUE	3	3	4	2	TRUE	FALSE
loop_2896	TRUE	3	4	3	3	FALSE	TRUE
loop_2897	TRUE	4	4	3	3	FALSE	TRUE
loop_2898	TRUE	2	5	3	3	FALSE	TRUE
loop_2899	TRUE	4	3	3	3	FALSE	TRUE
loop_2900	TRUE	2	3	3	3	FALSE	TRUE
loop_2901	TRUE	3	3	2	4	TRUE	FALSE
loop_2902	TRUE	4	4	5	3	FALSE	FALSE
loop_2903	FALSE	3	3	3	3	TRUE	TRUE
loop_2904	TRUE	3	5	4	4	FALSE	FALSE
loop_2905	TRUE	3	2	3	3	FALSE	TRUE
loop_2906	FALSE	5	1	5	1	FALSE	FALSE
loop_2907	TRUE	5	2	5	1	FALSE	FALSE
loop_2908	FALSE	5	1	5	1	FALSE	FALSE
loop_2909	TRUE	4	3	5	1	FALSE	FALSE
loop_2910	TRUE	3	1	1	2	FALSE	FALSE
loop_2911	TRUE	5	2	5	1	FALSE	FALSE
loop_2912	TRUE	5	1	4	1	FALSE	FALSE
loop_2913	TRUE	5	1	5	3	FALSE	FALSE
loop_2914	FALSE	3	3	3	3	TRUE	TRUE
loop_2915	TRUE	4	3	3	3	FALSE	TRUE
loop_2916	FALSE	3	3	3	3	TRUE	TRUE
loop_2917	TRUE	3	4	1	3	FALSE	FALSE
loop_2918	TRUE	4	3	5	3	FALSE	FALSE
loop_2919	TRUE	3	1	3	3	FALSE	TRUE
loop_2920	TRUE	1	3	2	2	FALSE	FALSE
loop_2921	FALSE	3	3	3	3	TRUE	TRUE
loop_2922	TRUE	5	2	4	4	FALSE	FALSE
loop_2923	TRUE	1	3	5	3	FALSE	FALSE
loop_2924	FALSE	3	3	3	3	TRUE	TRUE
loop_2925	TRUE	1	2	1	3	FALSE	FALSE
loop_2926	TRUE	5	2	3	3	FALSE	TRUE
loop_2927	TRUE	3	2	3	3	FALSE	TRUE
loop_2928	TRUE	4	3	3	3	FALSE	TRUE
loop_2929	TRUE	4	1	3	3	FALSE	TRUE
loop_2930	TRUE	5	5	3	3	FALSE	TRUE
loop_2931	TRUE	4	5	3	3	FALSE	TRUE
loop_2932	TRUE	5	1	3	1	FALSE	FALSE
loop_2933	TRUE	5	3	5	1	FALSE	FALSE
loop_2934	FALSE	5	1	5	1	FALSE	FALSE
loop_2935	TRUE	4	2	4	1	FALSE	FALSE
loop_2936	TRUE	3	1	3	5	FALSE	FALSE
loop_2937	TRUE	3	1	5	1	FALSE	FALSE
loop_2938	FALSE	5	1	5	1	FALSE	FALSE
loop_2939	TRUE	5	2	5	4	FALSE	FALSE
loop_2940	TRUE	4	3	5	2	FALSE	FALSE
loop_2941	FALSE	5	1	5	1	FALSE	FALSE
loop_2942	FALSE	4	3	4	3	FALSE	FALSE
loop_2943	FALSE	1	4	1	4	FALSE	FALSE
loop_2944	TRUE	4	1	5	1	FALSE	FALSE
loop_2945	TRUE	5	4	3	3	FALSE	TRUE
loop_2946	TRUE	3	1	3	3	FALSE	TRUE
loop_2947	TRUE	2	4	3	3	FALSE	TRUE
loop_2948	FALSE	3	3	3	3	TRUE	TRUE
loop_2949	FALSE	5	1	5	1	FALSE	FALSE
loop_2950	TRUE	2	2	3	5	FALSE	FALSE
loop_2951	FALSE	1	4	1	4	FALSE	FALSE
loop_2952	TRUE	4	3	3	3	FALSE	TRUE
loop_2953	TRUE	2	2	3	2	FALSE	FALSE
loop_2954	TRUE	4	1	4	3	FALSE	FALSE
loop_2955	FALSE	5	1	5	1	FALSE	FALSE
loop_2956	TRUE	3	2	3	3	FALSE	TRUE
loop_2957	TRUE	3	4	3	3	FALSE	TRUE
loop_2958	TRUE	1	3	2	3	FALSE	FALSE
loop_2959	TRUE	3	2	3	3	FALSE	TRUE
loop_2960	TRUE	4	1	3	3	FALSE	TRUE
loop_2961	TRUE	4	5	3	3	FALSE	TRUE
loop_2962	TRUE	2	3	3	3	FALSE	TRUE
loop_2963	FALSE	3	3	3	3	TRUE	TRUE
loop_2964	TRUE	4	2	5	2	FALSE	FALSE
loop_2965	TRUE	3	3	3	4	TRUE	FALSE
loop_2966	TRUE	4	2	3	3	FALSE	TRUE
loop_2967	TRUE	2	3	3	3	FALSE	TRUE
loop_2968	TRUE	3	2	3	3	FALSE	TRUE
loop_2969	TRUE	3	1	3	3	FALSE	TRUE
loop_2970	TRUE	1	1	3	3	FALSE	TRUE
loop_2971	TRUE	4	2	3	3	FALSE	TRUE
loop_2972	TRUE	1	3	3	3	FALSE	TRUE
loop_2973	TRUE	3	2	3	3	FALSE	TRUE
loop_2974	TRUE	2	4	3	3	FALSE	TRUE
loop_2975	FALSE	4	4	4	4	FALSE	FALSE
loop_2976	TRUE	3	2	3	3	FALSE	TRUE
loop_2977	TRUE	3	3	2	3	TRUE	FALSE
loop_2978	TRUE	2	1	3	1	FALSE	FALSE
loop_2979	TRUE	2	4	3	5	FALSE	FALSE
loop_2980	TRUE	3	4	3	3	FALSE	TRUE
loop_2981	TRUE	3	2	3	3	FALSE	TRUE
loop_2982	FALSE	3	3	3	3	TRUE	TRUE
loop_2983	TRUE	2	3	2	2	FALSE	FALSE
loop_2984	FALSE	2	1	2	1	FALSE	FALSE
loop_2985	TRUE	1	1	3	3	FALSE	TRUE
loop_2986	TRUE	2	4	3	3	FALSE	TRUE
loop_2987	TRUE	2	4	3	3	FALSE	TRUE
loop_2988	TRUE	4	4	3	3	FALSE	TRUE
loop_2989	TRUE	4	4	3	3	FALSE	TRUE
loop_2990	TRUE	3	5	3	3	FALSE	TRUE
loop_2991	FALSE	4	4	4	4	FALSE	FALSE
loop_2992	FALSE	5	1	5	1	FALSE	FALSE
loop_2993	FALSE	5	1	5	1	FALSE	FALSE
loop_2994	TRUE	3	5	2	5	FALSE	FALSE
loop_2995	TRUE	3	5	3	4	FALSE	FALSE
loop_2996	TRUE	4	1	5	1	FALSE	FALSE
loop_2997	FALSE	3	3	3	3	TRUE	TRUE
loop_2998	TRUE	5	1	4	1	FALSE	FALSE
loop_2999	TRUE	3	3	2	1	TRUE	FALSE
loop_3000	FALSE	3	3	3	3	TRUE	TRUE
loop_3001	FALSE	3	1	3	1	FALSE	FALSE
loop_3002	TRUE	2	1	1	4	FALSE	FALSE
loop_3003	TRUE	5	3	5	2	FALSE	FALSE
loop_3004	TRUE	4	2	3	3	FALSE	TRUE
loop_3005	FALSE	5	1	5	1	FALSE	FALSE
loop_3006	FALSE	3	3	3	3	TRUE	TRUE
loop_3007	TRUE	3	1	5	2	FALSE	FALSE
loop_3008	TRUE	3	5	3	3	FALSE	TRUE
loop_3009	TRUE	3	4	2	4	FALSE	FALSE
loop_3010	FALSE	1	5	1	5	FALSE	FALSE
loop_3011	TRUE	4	5	5	5	FALSE	FALSE
loop_3012	TRUE	2	2	1	2	FALSE	FALSE
loop_3013	TRUE	4	2	3	3	FALSE	TRUE
loop_3014	TRUE	3	1	3	3	FALSE	TRUE
loop_3015	FALSE	3	3	3	3	TRUE	TRUE
loop_3016	TRUE	2	1	3	3	FALSE	TRUE
loop_3017	TRUE	2	3	3	1	FALSE	FALSE
loop_3018	TRUE	3	4	4	2	FALSE	FALSE
loop_3019	TRUE	3	3	2	3	TRUE	FALSE
loop_3020	TRUE	2	2	3	2	FALSE	FALSE
loop_3021	TRUE	4	1	5	1	FALSE	FALSE
loop_3022	TRUE	2	3	3	3	FALSE	TRUE
loop_3023	TRUE	4	1	5	1	FALSE	FALSE
loop_3024	TRUE	5	1	5	2	FALSE	FALSE
loop_3025	FALSE	1	5	1	5	FALSE	FALSE
loop_3026	TRUE	5	2	5	1	FALSE	FALSE
loop_3027	TRUE	3	4	3	3	FALSE	TRUE
loop_3028	TRUE	5	1	5	4	FALSE	FALSE
loop_3029	TRUE	3	3	5	1	TRUE	FALSE
loop_3030	TRUE	1	5	5	1	FALSE	FALSE
loop_3031	TRUE	4	3	4	5	FALSE	FALSE
loop_3032	FALSE	5	1	5	1	FALSE	FALSE
loop_3033	TRUE	3	3	4	1	TRUE	FALSE
loop_3034	TRUE	3	3	3	2	TRUE	FALSE
loop_3035	TRUE	5	2	5	1	FALSE	FALSE
loop_3036	TRUE	2	2	3	3	FALSE	TRUE
loop_3037	FALSE	3	3	3	3	TRUE	TRUE
loop_3038	TRUE	5	1	5	2	FALSE	FALSE
loop_3039	TRUE	3	4	3	3	FALSE	TRUE
loop_3040	TRUE	5	2	4	4	FALSE	FALSE
loop_3041	TRUE	3	4	3	3	FALSE	TRUE
loop_3042	TRUE	2	4	1	4	FALSE	FALSE
loop_3043	TRUE	3	2	3	3	FALSE	TRUE
loop_3044	TRUE	3	2	3	3	FALSE	TRUE
loop_3045	TRUE	1	5	2	4	FALSE	FALSE
loop_3046	TRUE	2	2	2	5	FALSE	FALSE
loop_3047	TRUE	3	4	3	3	FALSE	TRUE
loop_3048	TRUE	3	3	2	3	TRUE	FALSE
loop_3049	FALSE	2	3	2	3	FALSE	FALSE
loop_3050	TRUE	3	3	2	3	TRUE	FALSE
loop_3051	TRUE	4	3	3	2	FALSE	FALSE
loop_3052	TRUE	3	5	3	3	FALSE	TRUE
loop_3053	TRUE	3	3	2	5	TRUE	FALSE
loop_3054	TRUE	4	3	2	2	FALSE	FALSE
loop_3055	FALSE	3	3	3	3	TRUE	TRUE
loop_3056	TRUE	2	2	3	3	FALSE	TRUE
loop_3057	TRUE	3	1	4	2	FALSE	FALSE
loop_3058	TRUE	2	3	3	3	FALSE	TRUE
loop_3059	TRUE	3	2	2	2	FALSE	FALSE
loop_3060	TRUE	2	5	1	5	FALSE	FALSE
loop_3061	TRUE	1	5	3	3	FALSE	TRUE
loop_3062	TRUE	3	4	3	3	FALSE	TRUE
loop_3063	TRUE	3	2	3	3	FALSE	TRUE
loop_3064	FALSE	4	1	4	1	FALSE	FALSE
loop_3065	TRUE	4	1	5	1	FALSE	FALSE
loop_3066	FALSE	5	1	5	1	FALSE	FALSE
loop_3067	TRUE	5	1	5	2	FALSE	FALSE
loop_3068	TRUE	4	4	3	5	FALSE	FALSE
loop_3069	TRUE	5	2	4	1	FALSE	FALSE
loop_3070	TRUE	5	2	4	3	FALSE	FALSE
loop_3071	TRUE	3	4	3	3	FALSE	TRUE
loop_3072	TRUE	5	1	2	1	FALSE	FALSE
loop_3073	FALSE	5	1	5	1	FALSE	FALSE
loop_3074	TRUE	4	2	5	2	FALSE	FALSE
loop_3075	FALSE	5	1	5	1	FALSE	FALSE
loop_3076	TRUE	4	3	4	2	FALSE	FALSE
loop_3077	TRUE	1	2	2	5	FALSE	FALSE
loop_3078	TRUE	5	1	4	1	FALSE	FALSE
loop_3079	TRUE	4	2	4	1	FALSE	FALSE
loop_3080	TRUE	4	2	3	3	FALSE	TRUE
loop_3081	TRUE	5	4	4	1	FALSE	FALSE
loop_3082	TRUE	4	5	3	3	FALSE	TRUE
loop_3083	FALSE	3	3	3	3	TRUE	TRUE
loop_3084	TRUE	2	5	3	3	FALSE	TRUE
loop_3085	TRUE	3	3	2	2	TRUE	FALSE
loop_3086	TRUE	5	2	4	2	FALSE	FALSE
loop_3087	TRUE	3	1	5	1	FALSE	FALSE
loop_3088	FALSE	3	3	3	3	TRUE	TRUE
loop_3089	TRUE	3	4	3	3	FALSE	TRUE
loop_3090	TRUE	5	2	5	1	FALSE	FALSE
loop_3091	TRUE	3	1	3	3	FALSE	TRUE
loop_3092	FALSE	3	3	3	3	TRUE	TRUE
loop_3093	TRUE	3	1	3	2	FALSE	FALSE
loop_3094	TRUE	2	4	5	4	FALSE	FALSE
loop_3095	TRUE	2	3	3	3	FALSE	TRUE
loop_3096	TRUE	5	1	1	4	FALSE	FALSE
loop_3097	FALSE	3	3	3	3	TRUE	TRUE
loop_3098	TRUE	3	4	3	3	FALSE	TRUE
loop_3099	TRUE	4	2	3	3	FALSE	TRUE
loop_3100	TRUE	2	5	3	3	FALSE	TRUE
loop_3101	TRUE	5	2	3	3	FALSE	TRUE
loop_3102	TRUE	3	5	5	5	FALSE	FALSE
loop_3103	TRUE	2	2	3	3	FALSE	TRUE
loop_3104	TRUE	5	1	2	3	FALSE	FALSE
loop_3105	FALSE	3	3	3	3	TRUE	TRUE
loop_3106	TRUE	4	3	3	3	FALSE	TRUE
loop_3107	TRUE	5	3	3	3	FALSE	TRUE
loop_3108	TRUE	2	4	3	4	FALSE	FALSE
loop_3109	TRUE	2	4	3	4	FALSE	FALSE
loop_3110	TRUE	4	4	5	2	FALSE	FALSE
loop_3111	FALSE	5	1	5	1	FALSE	FALSE
loop_3112	TRUE	5	1	5	2	FALSE	FALSE
loop_3113	TRUE	5	1	2	3	FALSE	FALSE
loop_3114	FALSE	5	1	5	1	FALSE	FALSE
loop_3115	FALSE	5	1	5	1	FALSE	FALSE
loop_3116	FALSE	4	1	4	1	FALSE	FALSE
loop_3117	FALSE	3	3	3	3	TRUE	TRUE
loop_3118	TRUE	3	1	3	3	FALSE	TRUE
loop_3119	TRUE	4	1	5	1	FALSE	FALSE
loop_3120	TRUE	5	3	5	4	FALSE	FALSE
loop_3121	FALSE	3	3	3	3	TRUE	TRUE
loop_3122	TRUE	4	1	2	2	FALSE	FALSE
loop_3123	TRUE	4	2	5	2	FALSE	FALSE
loop_3124	TRUE	5	2	3	3	FALSE	TRUE
loop_3125	TRUE	4	1	5	1	FALSE	FALSE
loop_3126	FALSE	5	1	5	1	FALSE	FALSE
loop_3127	TRUE	2	3	4	2	FALSE	FALSE
loop_3128	TRUE	1	4	3	3	FALSE	TRUE
loop_3129	FALSE	3	3	3	3	TRUE	TRUE
loop_3130	TRUE	5	1	3	3	FALSE	TRUE
loop_3131	FALSE	3	3	3	3	TRUE	TRUE
loop_3132	TRUE	3	2	3	3	FALSE	TRUE
loop_3133	TRUE	5	3	3	3	FALSE	TRUE
loop_3134	FALSE	1	4	1	4	FALSE	FALSE
loop_3135	TRUE	3	2	3	3	FALSE	TRUE
loop_3136	FALSE	3	3	3	3	TRUE	TRUE
loop_3137	FALSE	5	1	5	1	FALSE	FALSE
loop_3138	FALSE	3	3	3	3	TRUE	TRUE
loop_3139	TRUE	4	3	3	3	FALSE	TRUE
loop_3140	TRUE	4	3	3	3	FALSE	TRUE
loop_3141	FALSE	3	3	3	3	TRUE	TRUE
loop_3142	TRUE	2	3	3	3	FALSE	TRUE
loop_3143	TRUE	2	5	5	5	FALSE	FALSE
loop_3144	TRUE	3	3	4	3	TRUE	FALSE
loop_3145	TRUE	1	4	4	3	FALSE	FALSE
loop_3146	TRUE	3	4	3	3	FALSE	TRUE
loop_3147	TRUE	3	2	3	3	FALSE	TRUE
loop_3148	TRUE	4	3	3	3	FALSE	TRUE
loop_3149	TRUE	3	2	5	3	FALSE	FALSE
loop_3150	TRUE	2	3	3	3	FALSE	TRUE
loop_3151	FALSE	3	3	3	3	TRUE	TRUE
loop_3152	TRUE	5	3	3	3	FALSE	TRUE
loop_3153	TRUE	3	4	3	5	FALSE	FALSE
loop_3154	FALSE	3	3	3	3	TRUE	TRUE
loop_3155	TRUE	3	3	5	1	TRUE	FALSE
loop_3156	FALSE	5	1	5	1	FALSE	FALSE
loop_3157	TRUE	1	4	4	3	FALSE	FALSE
loop_3158	TRUE	2	2	3	1	FALSE	FALSE
loop_3159	TRUE	3	2	3	3	FALSE	TRUE
loop_3160	FALSE	5	1	5	1	FALSE	FALSE
loop_3161	TRUE	4	1	5	1	FALSE	FALSE
loop_3162	FALSE	3	1	3	1	FALSE	FALSE
loop_3163	FALSE	5	2	5	2	FALSE	FALSE
loop_3164	FALSE	5	1	5	1	FALSE	FALSE
loop_3165	FALSE	5	3	5	3	FALSE	FALSE
loop_3166	FALSE	5	1	5	1	FALSE	FALSE
loop_3167	TRUE	3	3	3	2	TRUE	FALSE
loop_3168	TRUE	2	3	1	5	FALSE	FALSE
loop_3169	TRUE	3	4	3	3	FALSE	TRUE
loop_3170	TRUE	5	1	5	2	FALSE	FALSE
loop_3171	TRUE	4	2	5	3	FALSE	FALSE
loop_3172	TRUE	2	1	5	1	FALSE	FALSE
loop_3173	TRUE	3	4	3	3	FALSE	TRUE
loop_3174	TRUE	3	5	2	5	FALSE	FALSE
loop_3175	TRUE	5	4	2	4	FALSE	FALSE
loop_3176	TRUE	4	3	3	3	FALSE	TRUE
loop_3177	FALSE	5	1	5	1	FALSE	FALSE
loop_3178	FALSE	1	2	1	2	FALSE	FALSE
loop_3179	TRUE	5	4	4	5	FALSE	FALSE
loop_3180	FALSE	2	5	2	5	FALSE	FALSE
loop_3181	TRUE	3	5	3	3	FALSE	TRUE
loop_3182	TRUE	3	2	3	3	FALSE	TRUE
loop_3183	TRUE	3	5	5	3	FALSE	FALSE
loop_3184	TRUE	5	1	5	2	FALSE	FALSE
loop_3185	FALSE	3	3	3	3	TRUE	TRUE
loop_3186	TRUE	2	5	3	3	FALSE	TRUE
loop_3187	TRUE	5	3	3	3	FALSE	TRUE
loop_3188	TRUE	1	5	3	4	FALSE	FALSE
loop_3189	FALSE	4	2	4	2	FALSE	FALSE
loop_3190	FALSE	2	5	2	5	FALSE	FALSE
loop_3191	TRUE	3	3	3	2	TRUE	FALSE
loop_3192	FALSE	5	1	5	1	FALSE	FALSE
loop_3193	TRUE	3	2	4	1	FALSE	FALSE
loop_3194	FALSE	5	1	5	1	FALSE	FALSE
loop_3195	TRUE	5	5	3	5	FALSE	FALSE
loop_3196	TRUE	2	3	3	3	FALSE	TRUE
loop_3197	TRUE	3	4	3	3	FALSE	TRUE
loop_3198	TRUE	3	2	5	2	FALSE	FALSE
loop_3199	FALSE	3	3	3	3	TRUE	TRUE
loop_3200	TRUE	4	1	4	2	FALSE	FALSE
loop_3201	TRUE	5	1	5	2	FALSE	FALSE
loop_3202	TRUE	3	1	3	2	FALSE	FALSE
loop_3203	TRUE	2	3	3	3	FALSE	TRUE
loop_3204	TRUE	3	1	4	4	FALSE	FALSE
loop_3205	TRUE	4	4	3	3	FALSE	TRUE
loop_3206	TRUE	3	2	3	3	FALSE	TRUE
loop_3207	TRUE	2	4	2	3	FALSE	FALSE
loop_3208	TRUE	4	3	3	3	FALSE	TRUE
loop_3209	TRUE	5	2	5	5	FALSE	FALSE
loop_3210	TRUE	5	1	4	1	FALSE	FALSE
loop_3211	TRUE	3	4	3	3	FALSE	TRUE
loop_3212	TRUE	4	4	3	3	FALSE	TRUE
loop_3213	TRUE	4	1	4	3	FALSE	FALSE
loop_3214	TRUE	4	1	1	1	FALSE	FALSE
loop_3215	FALSE	3	3	3	3	TRUE	TRUE
loop_3216	TRUE	5	3	5	2	FALSE	FALSE
loop_3217	TRUE	4	3	3	3	FALSE	TRUE
loop_3218	TRUE	5	3	3	2	FALSE	FALSE
loop_3219	TRUE	4	4	3	3	FALSE	TRUE
loop_3220	FALSE	3	3	3	3	TRUE	TRUE
loop_3221	TRUE	2	1	1	2	FALSE	FALSE
loop_3222	TRUE	4	4	3	4	FALSE	FALSE
loop_3223	TRUE	1	2	3	3	FALSE	TRUE
loop_3224	TRUE	2	3	3	3	FALSE	TRUE
loop_3225	TRUE	2	4	1	5	FALSE	FALSE
loop_3226	FALSE	5	1	5	1	FALSE	FALSE
loop_3227	TRUE	3	2	3	1	FALSE	FALSE
loop_3228	TRUE	3	3	4	1	TRUE	FALSE
loop_3229	TRUE	4	1	5	1	FALSE	FALSE
loop_3230	TRUE	5	1	5	2	FALSE	FALSE
loop_3231	TRUE	4	1	5	2	FALSE	FALSE
loop_3232	FALSE	5	1	5	1	FALSE	FALSE
loop_3233	FALSE	3	3	3	3	TRUE	TRUE
loop_3234	TRUE	5	1	4	1	FALSE	FALSE
loop_3235	TRUE	3	3	5	2	TRUE	FALSE
loop_3236	FALSE	5	1	5	1	FALSE	FALSE
loop_3237	TRUE	1	3	1	2	FALSE	FALSE
loop_3238	TRUE	5	1	5	2	FALSE	FALSE
loop_3239	FALSE	5	1	5	1	FALSE	FALSE
loop_3240	FALSE	4	1	4	1	FALSE	FALSE
loop_3241	FALSE	3	2	3	2	FALSE	FALSE
loop_3242	TRUE	3	4	3	5	FALSE	FALSE
loop_3243	TRUE	5	2	5	1	FALSE	FALSE
loop_3244	TRUE	5	1	5	4	FALSE	FALSE
loop_3245	TRUE	4	1	3	3	FALSE	TRUE
loop_3246	FALSE	5	3	5	3	FALSE	FALSE
loop_3247	TRUE	4	3	5	2	FALSE	FALSE
loop_3248	FALSE	5	1	5	1	FALSE	FALSE
loop_3249	TRUE	4	3	3	2	FALSE	FALSE
loop_3250	FALSE	4	1	4	1	FALSE	FALSE
loop_3251	TRUE	4	1	3	3	FALSE	TRUE
loop_3252	FALSE	3	1	3	1	FALSE	FALSE
loop_3253	TRUE	3	1	3	3	FALSE	TRUE
loop_3254	FALSE	3	3	3	3	TRUE	TRUE
loop_3255	TRUE	5	1	5	2	FALSE	FALSE
loop_3256	FALSE	3	1	3	1	FALSE	FALSE
loop_3257	TRUE	5	2	5	1	FALSE	FALSE
loop_3258	TRUE	5	2	3	3	FALSE	TRUE
loop_3259	FALSE	5	1	5	1	FALSE	FALSE
loop_3260	TRUE	3	1	5	1	FALSE	FALSE
loop_3261	TRUE	4	2	1	5	FALSE	FALSE
loop_3262	TRUE	3	2	3	3	FALSE	TRUE
loop_3263	FALSE	4	3	4	3	FALSE	FALSE
loop_3264	TRUE	5	3	4	2	FALSE	FALSE
loop_3265	TRUE	4	2	3	3	FALSE	TRUE
loop_3266	FALSE	3	3	3	3	TRUE	TRUE
loop_3267	FALSE	3	3	3	3	TRUE	TRUE
loop_3268	TRUE	4	3	3	4	FALSE	FALSE
loop_3269	TRUE	5	1	5	2	FALSE	FALSE
loop_3270	TRUE	2	1	1	3	FALSE	FALSE
loop_3271	TRUE	3	1	4	4	FALSE	FALSE
loop_3272	FALSE	3	3	3	3	TRUE	TRUE
loop_3273	FALSE	5	2	5	2	FALSE	FALSE
loop_3274	FALSE	3	2	3	2	FALSE	FALSE
loop_3275	TRUE	4	3	4	2	FALSE	FALSE
loop_3276	FALSE	1	1	1	1	FALSE	FALSE
loop_3277	TRUE	3	4	5	3	FALSE	FALSE
loop_3278	FALSE	3	3	3	3	TRUE	TRUE
loop_3279	FALSE	5	1	5	1	FALSE	FALSE
loop_3280	TRUE	4	1	5	2	FALSE	FALSE
loop_3281	TRUE	2	3	3	3	FALSE	TRUE
loop_3282	TRUE	5	2	3	3	FALSE	TRUE
loop_3283	TRUE	3	1	3	3	FALSE	TRUE
loop_3284	FALSE	3	3	3	3	TRUE	TRUE
loop_3285	FALSE	5	1	5	1	FALSE	FALSE
loop_3286	FALSE	3	3	3	3	TRUE	TRUE
loop_3287	TRUE	4	2	3	3	FALSE	TRUE
loop_3288	TRUE	1	2	1	3	FALSE	FALSE
loop_3289	TRUE	4	3	3	3	FALSE	TRUE
loop_3290	FALSE	3	2	3	2	FALSE	FALSE
loop_3291	TRUE	5	2	3	3	FALSE	TRUE
loop_3292	TRUE	5	1	4	3	FALSE	FALSE
loop_3293	TRUE	4	2	3	2	FALSE	FALSE
loop_3294	FALSE	3	3	3	3	TRUE	TRUE
loop_3295	TRUE	2	4	2	3	FALSE	FALSE
loop_3296	TRUE	2	3	3	3	FALSE	TRUE
loop_3297	TRUE	2	3	3	3	FALSE	TRUE
loop_3298	TRUE	4	2	5	1	FALSE	FALSE
loop_3299	TRUE	2	1	4	2	FALSE	FALSE
loop_3300	TRUE	2	4	3	3	FALSE	TRUE
loop_3301	TRUE	3	3	2	4	TRUE	FALSE
loop_3302	TRUE	3	2	1	2	FALSE	FALSE
loop_3303	FALSE	4	2	4	2	FALSE	FALSE
loop_3304	TRUE	3	4	3	3	FALSE	TRUE
loop_3305	TRUE	4	2	3	3	FALSE	TRUE
loop_3306	TRUE	4	3	3	3	FALSE	TRUE
loop_3307	TRUE	3	1	3	3	FALSE	TRUE
loop_3308	TRUE	3	4	5	4	FALSE	FALSE
loop_3309	FALSE	3	3	3	3	TRUE	TRUE
loop_3310	TRUE	5	3	3	3	FALSE	TRUE
loop_3311	TRUE	2	3	2	2	FALSE	FALSE
loop_3312	TRUE	3	2	3	3	FALSE	TRUE
loop_3313	TRUE	4	3	5	3	FALSE	FALSE
loop_3314	TRUE	3	2	3	3	FALSE	TRUE
loop_3315	TRUE	2	3	3	3	FALSE	TRUE
loop_3316	TRUE	4	1	4	2	FALSE	FALSE
loop_3317	FALSE	3	3	3	3	TRUE	TRUE
loop_3318	FALSE	3	3	3	3	TRUE	TRUE
loop_3319	TRUE	5	1	3	3	FALSE	TRUE
loop_3320	FALSE	3	2	3	2	FALSE	FALSE
loop_3321	TRUE	3	5	4	3	FALSE	FALSE
loop_3322	TRUE	3	4	5	5	FALSE	FALSE
loop_3323	TRUE	3	3	4	3	TRUE	FALSE
loop_3324	TRUE	3	4	3	3	FALSE	TRUE
loop_3325	TRUE	1	3	5	1	FALSE	FALSE
loop_3326	TRUE	3	1	3	3	FALSE	TRUE
loop_3327	TRUE	5	1	3	3	FALSE	TRUE
loop_3328	TRUE	5	2	1	3	FALSE	FALSE
loop_3329	TRUE	4	3	5	3	FALSE	FALSE
loop_3330	TRUE	3	2	3	3	FALSE	TRUE
loop_3331	TRUE	2	2	4	1	FALSE	FALSE
loop_3332	TRUE	3	5	4	5	FALSE	FALSE
loop_3333	TRUE	3	2	2	3	FALSE	FALSE
loop_3334	TRUE	4	2	3	3	FALSE	TRUE
loop_3335	TRUE	4	1	3	3	FALSE	TRUE
loop_3336	TRUE	3	3	3	2	TRUE	FALSE
loop_3337	TRUE	4	2	3	2	FALSE	FALSE
loop_3338	TRUE	3	3	3	4	TRUE	FALSE
loop_3339	TRUE	3	1	2	3	FALSE	FALSE
loop_3340	TRUE	1	5	2	1	FALSE	FALSE
loop_3341	TRUE	2	2	3	3	FALSE	TRUE
loop_3342	TRUE	5	5	4	2	FALSE	FALSE
loop_3343	TRUE	3	3	4	2	TRUE	FALSE
loop_3344	TRUE	4	2	3	3	FALSE	TRUE
loop_3345	TRUE	3	2	2	2	FALSE	FALSE
loop_3346	TRUE	1	5	3	3	FALSE	TRUE
loop_3347	TRUE	3	5	3	3	FALSE	TRUE
loop_3348	TRUE	4	5	3	3	FALSE	TRUE
loop_3349	FALSE	3	1	3	1	FALSE	FALSE
loop_3350	TRUE	5	1	5	2	FALSE	FALSE
loop_3351	FALSE	3	3	3	3	TRUE	TRUE
loop_3352	FALSE	3	3	3	3	TRUE	TRUE
loop_3353	TRUE	3	2	3	3	FALSE	TRUE
loop_3354	FALSE	3	3	3	3	TRUE	TRUE
loop_3355	TRUE	2	2	3	3	FALSE	TRUE
loop_3356	TRUE	1	3	3	3	FALSE	TRUE
loop_3357	TRUE	3	1	3	3	FALSE	TRUE
loop_3358	TRUE	4	3	3	3	FALSE	TRUE
loop_3359	FALSE	2	3	2	3	FALSE	FALSE
loop_3360	FALSE	3	3	3	3	TRUE	TRUE
loop_3361	TRUE	2	3	3	3	FALSE	TRUE
loop_3362	FALSE	5	1	5	1	FALSE	FALSE
loop_3363	FALSE	3	3	3	3	TRUE	TRUE
loop_3364	TRUE	3	2	3	3	FALSE	TRUE
loop_3365	FALSE	3	3	3	3	TRUE	TRUE
loop_3366	TRUE	4	5	3	3	FALSE	TRUE
loop_3367	TRUE	4	3	3	3	FALSE	TRUE
loop_3368	FALSE	2	3	2	3	FALSE	FALSE
loop_3369	TRUE	2	2	3	3	FALSE	TRUE
loop_3370	TRUE	3	1	4	5	FALSE	FALSE
loop_3371	TRUE	3	4	3	3	FALSE	TRUE
loop_3372	FALSE	3	3	3	3	TRUE	TRUE
loop_3373	FALSE	3	3	3	3	TRUE	TRUE
loop_3374	TRUE	2	4	3	3	FALSE	TRUE
loop_3375	TRUE	2	4	3	3	FALSE	TRUE
loop_3376	FALSE	2	3	2	3	FALSE	FALSE
loop_3377	FALSE	3	3	3	3	TRUE	TRUE
loop_3378	TRUE	3	2	3	3	FALSE	TRUE
loop_3379	TRUE	4	4	3	3	FALSE	TRUE
loop_3380	FALSE	2	1	2	1	FALSE	FALSE
loop_3381	FALSE	1	5	1	5	FALSE	FALSE
loop_3382	TRUE	5	3	5	4	FALSE	FALSE
loop_3383	TRUE	3	3	2	2	TRUE	FALSE
loop_3384	TRUE	2	1	3	3	FALSE	TRUE
loop_3385	FALSE	5	1	5	1	FALSE	FALSE
loop_3386	FALSE	4	1	4	1	FALSE	FALSE
loop_3387	FALSE	3	3	3	3	TRUE	TRUE
loop_3388	TRUE	5	1	5	2	FALSE	FALSE
loop_3389	FALSE	3	3	3	3	TRUE	TRUE
loop_3390	TRUE	4	5	3	5	FALSE	FALSE
loop_3391	TRUE	3	3	5	2	TRUE	FALSE
loop_3392	FALSE	3	1	3	1	FALSE	FALSE
loop_3393	TRUE	5	1	3	1	FALSE	FALSE
loop_3394	TRUE	4	1	5	1	FALSE	FALSE
loop_3395	TRUE	3	2	3	1	FALSE	FALSE
loop_3396	FALSE	3	3	3	3	TRUE	TRUE
loop_3397	FALSE	1	2	1	2	FALSE	FALSE
loop_3398	TRUE	3	1	3	3	FALSE	TRUE
loop_3399	FALSE	1	3	1	3	FALSE	FALSE
loop_3400	TRUE	3	1	3	2	FALSE	FALSE
loop_3401	TRUE	2	4	2	3	FALSE	FALSE
loop_3402	TRUE	4	1	4	3	FALSE	FALSE
loop_3403	TRUE	3	3	4	2	TRUE	FALSE
loop_3404	TRUE	5	1	4	2	FALSE	FALSE
loop_3405	TRUE	2	3	3	3	FALSE	TRUE
loop_3406	TRUE	3	3	3	4	TRUE	FALSE
loop_3407	FALSE	3	3	3	3	TRUE	TRUE
loop_3408	TRUE	4	4	3	3	FALSE	TRUE
loop_3409	TRUE	2	4	3	3	FALSE	TRUE
loop_3410	FALSE	3	3	3	3	TRUE	TRUE
loop_3411	TRUE	5	3	3	3	FALSE	TRUE
loop_3412	TRUE	4	1	3	1	FALSE	FALSE
loop_3413	FALSE	5	2	5	2	FALSE	FALSE
loop_3414	TRUE	4	1	4	3	FALSE	FALSE
loop_3415	TRUE	5	5	5	3	FALSE	FALSE
loop_3416	FALSE	5	1	5	1	FALSE	FALSE
loop_3417	TRUE	3	2	3	3	FALSE	TRUE
loop_3418	FALSE	3	3	3	3	TRUE	TRUE
loop_3419	TRUE	3	2	3	3	FALSE	TRUE
loop_3420	TRUE	5	2	5	3	FALSE	FALSE
loop_3421	TRUE	4	3	3	3	FALSE	TRUE
loop_3422	FALSE	3	3	3	3	TRUE	TRUE
loop_3423	TRUE	4	3	5	2	FALSE	FALSE
loop_3424	TRUE	1	3	1	4	FALSE	FALSE
loop_3425	TRUE	3	3	4	3	TRUE	FALSE
loop_3426	FALSE	3	3	3	3	TRUE	TRUE
loop_3427	TRUE	1	1	5	3	FALSE	FALSE
loop_3428	FALSE	2	3	2	3	FALSE	FALSE
loop_3429	FALSE	3	3	3	3	TRUE	TRUE
loop_3430	FALSE	2	5	2	5	FALSE	FALSE
loop_3431	TRUE	5	4	3	3	FALSE	TRUE
loop_3432	TRUE	5	2	4	2	FALSE	FALSE
loop_3433	FALSE	3	3	3	3	TRUE	TRUE
loop_3434	TRUE	4	4	5	1	FALSE	FALSE
loop_3435	FALSE	3	3	3	3	TRUE	TRUE
loop_3436	FALSE	3	3	3	3	TRUE	TRUE
loop_3437	TRUE	4	2	4	3	FALSE	FALSE
loop_3438	TRUE	4	3	1	2	FALSE	FALSE
loop_3439	TRUE	2	2	3	3	FALSE	TRUE
loop_3440	FALSE	3	3	3	3	TRUE	TRUE
loop_3441	TRUE	3	4	3	2	FALSE	FALSE
loop_3442	TRUE	4	4	4	2	FALSE	FALSE
loop_3443	FALSE	4	3	4	3	FALSE	FALSE
loop_3444	TRUE	3	4	3	3	FALSE	TRUE
loop_3445	TRUE	4	4	3	3	FALSE	TRUE
loop_3446	TRUE	4	5	4	3	FALSE	FALSE
loop_3447	TRUE	3	4	3	3	FALSE	TRUE
loop_3448	FALSE	3	3	3	3	TRUE	TRUE
loop_3449	TRUE	1	4	2	5	FALSE	FALSE
loop_3450	TRUE	3	4	3	3	FALSE	TRUE
loop_3451	TRUE	3	2	3	3	FALSE	TRUE
loop_3452	TRUE	2	1	1	5	FALSE	FALSE
loop_3453	FALSE	3	3	3	3	TRUE	TRUE
loop_3454	TRUE	4	3	3	3	FALSE	TRUE
loop_3455	TRUE	4	3	3	3	FALSE	TRUE
loop_3456	TRUE	3	2	1	3	FALSE	FALSE
loop_3457	TRUE	5	3	3	3	FALSE	TRUE
loop_3458	FALSE	3	3	3	3	TRUE	TRUE
loop_3459	TRUE	5	1	3	4	FALSE	FALSE
loop_3460	TRUE	5	1	5	4	FALSE	FALSE
loop_3461	TRUE	4	3	5	3	FALSE	FALSE
loop_3462	TRUE	4	5	3	3	FALSE	TRUE
loop_3463	TRUE	5	2	3	3	FALSE	TRUE
loop_3464	FALSE	3	3	3	3	TRUE	TRUE
loop_3465	TRUE	3	4	2	4	FALSE	FALSE
loop_3466	FALSE	3	3	3	3	TRUE	TRUE
loop_3467	TRUE	4	2	5	2	FALSE	FALSE
loop_3468	FALSE	4	4	4	4	FALSE	FALSE
loop_3469	TRUE	3	2	2	3	FALSE	FALSE
loop_3470	TRUE	3	3	2	3	TRUE	FALSE
loop_3471	FALSE	3	3	3	3	TRUE	TRUE
loop_3472	FALSE	3	3	3	3	TRUE	TRUE
loop_3473	TRUE	5	1	4	1	FALSE	FALSE
loop_3474	FALSE	3	3	3	3	TRUE	TRUE
loop_3475	FALSE	3	3	3	3	TRUE	TRUE
loop_3476	TRUE	5	2	3	3	FALSE	TRUE
loop_3477	FALSE	3	4	3	4	FALSE	FALSE
loop_3478	TRUE	3	1	2	4	FALSE	FALSE
loop_3479	FALSE	3	4	3	4	FALSE	FALSE
loop_3480	TRUE	3	2	4	2	FALSE	FALSE
loop_3481	TRUE	3	4	3	3	FALSE	TRUE
loop_3482	TRUE	5	1	3	3	FALSE	TRUE
loop_3483	TRUE	4	5	3	3	FALSE	TRUE
loop_3484	TRUE	4	2	3	3	FALSE	TRUE
loop_3485	TRUE	3	4	3	3	FALSE	TRUE
loop_3486	FALSE	3	2	3	2	FALSE	FALSE
loop_3487	TRUE	4	4	5	4	FALSE	FALSE
loop_3488	TRUE	2	3	3	3	FALSE	TRUE
loop_3489	TRUE	3	5	2	3	FALSE	FALSE
loop_3490	FALSE	3	3	3	3	TRUE	TRUE
loop_3491	FALSE	2	3	2	3	FALSE	FALSE
loop_3492	TRUE	1	2	2	2	FALSE	FALSE
loop_3493	FALSE	4	4	4	4	FALSE	FALSE
loop_3494	TRUE	1	3	1	2	FALSE	FALSE
loop_3495	TRUE	4	2	3	3	FALSE	TRUE
loop_3496	FALSE	3	3	3	3	TRUE	TRUE
loop_3497	TRUE	3	2	3	3	FALSE	TRUE
loop_3498	TRUE	4	5	3	5	FALSE	FALSE
loop_3499	TRUE	1	3	3	3	FALSE	TRUE
loop_3500	TRUE	3	1	3	3	FALSE	TRUE
loop_3501	TRUE	3	4	3	3	FALSE	TRUE
loop_3502	FALSE	3	3	3	3	TRUE	TRUE
loop_3503	TRUE	1	1	1	3	FALSE	FALSE
loop_3504	TRUE	1	3	1	4	FALSE	FALSE
loop_3505	FALSE	3	3	3	3	TRUE	TRUE
loop_3506	TRUE	2	4	3	4	FALSE	FALSE
loop_3507	TRUE	2	3	3	3	FALSE	TRUE
loop_3508	FALSE	3	3	3	3	TRUE	TRUE
loop_3509	TRUE	3	2	4	3	FALSE	FALSE
loop_3510	TRUE	4	2	3	3	FALSE	TRUE
loop_3511	TRUE	1	2	3	3	FALSE	TRUE
loop_3512	TRUE	5	1	5	2	FALSE	FALSE
loop_3513	FALSE	5	1	5	1	FALSE	FALSE
loop_3514	TRUE	2	3	3	3	FALSE	TRUE
loop_3515	FALSE	5	1	5	1	FALSE	FALSE
loop_3516	TRUE	5	3	5	1	FALSE	FALSE
loop_3517	FALSE	5	1	5	1	FALSE	FALSE
loop_3518	TRUE	4	2	5	1	FALSE	FALSE
loop_3519	TRUE	4	2	3	3	FALSE	TRUE
loop_3520	TRUE	3	2	3	3	FALSE	TRUE
loop_3521	FALSE	5	1	5	1	FALSE	FALSE
loop_3522	FALSE	5	2	5	2	FALSE	FALSE
loop_3523	FALSE	5	1	5	1	FALSE	FALSE
loop_3524	TRUE	4	1	5	2	FALSE	FALSE
loop_3525	FALSE	3	1	3	1	FALSE	FALSE
loop_3526	FALSE	5	1	5	1	FALSE	FALSE
loop_3527	TRUE	3	3	5	2	TRUE	FALSE
loop_3528	FALSE	5	1	5	1	FALSE	FALSE
loop_3529	TRUE	4	2	4	1	FALSE	FALSE
loop_3530	TRUE	3	4	4	3	FALSE	FALSE
loop_3531	TRUE	1	2	1	4	FALSE	FALSE
loop_3532	TRUE	2	4	2	3	FALSE	FALSE
loop_3533	FALSE	5	1	5	1	FALSE	FALSE
loop_3534	TRUE	4	1	3	3	FALSE	TRUE
loop_3535	TRUE	5	1	3	2	FALSE	FALSE
loop_3536	TRUE	3	1	2	4	FALSE	FALSE
loop_3537	FALSE	5	1	5	1	FALSE	FALSE
loop_3538	FALSE	3	3	3	3	TRUE	TRUE
loop_3539	FALSE	5	1	5	1	FALSE	FALSE
loop_3540	TRUE	5	1	4	2	FALSE	FALSE
loop_3541	FALSE	5	3	5	3	FALSE	FALSE
loop_3542	TRUE	4	1	5	1	FALSE	FALSE
loop_3543	TRUE	4	2	5	3	FALSE	FALSE
loop_3544	TRUE	5	2	5	1	FALSE	FALSE
loop_3545	FALSE	5	1	5	1	FALSE	FALSE
loop_3546	TRUE	4	2	3	2	FALSE	FALSE
loop_3547	TRUE	5	2	2	4	FALSE	FALSE
loop_3548	TRUE	5	1	4	1	FALSE	FALSE
loop_3549	TRUE	5	1	3	3	FALSE	TRUE
loop_3550	TRUE	3	2	4	1	FALSE	FALSE
loop_3551	TRUE	3	4	3	2	FALSE	FALSE
loop_3552	TRUE	4	3	3	2	FALSE	FALSE
loop_3553	TRUE	3	4	3	3	FALSE	TRUE
loop_3554	TRUE	5	1	4	2	FALSE	FALSE
loop_3555	TRUE	4	3	2	3	FALSE	FALSE
loop_3556	TRUE	4	1	5	2	FALSE	FALSE
loop_3557	FALSE	5	1	5	1	FALSE	FALSE
loop_3558	TRUE	1	3	4	3	FALSE	FALSE
loop_3559	TRUE	2	3	3	3	FALSE	TRUE
loop_3560	TRUE	5	1	5	2	FALSE	FALSE
loop_3561	FALSE	5	1	5	1	FALSE	FALSE
loop_3562	FALSE	3	3	3	3	TRUE	TRUE
loop_3563	FALSE	5	1	5	1	FALSE	FALSE
loop_3564	FALSE	4	2	4	2	FALSE	FALSE
loop_3565	TRUE	4	2	5	2	FALSE	FALSE
loop_3566	FALSE	3	3	3	3	TRUE	TRUE
loop_3567	TRUE	5	1	3	3	FALSE	TRUE
loop_3568	TRUE	5	1	4	1	FALSE	FALSE
loop_3569	TRUE	3	4	2	3	FALSE	FALSE
loop_3570	FALSE	3	3	3	3	TRUE	TRUE
loop_3571	TRUE	5	5	3	3	FALSE	TRUE
loop_3572	TRUE	2	2	3	3	FALSE	TRUE
loop_3573	TRUE	5	2	4	2	FALSE	FALSE
loop_3574	TRUE	2	3	3	3	FALSE	TRUE
loop_3575	FALSE	5	1	5	1	FALSE	FALSE
loop_3576	FALSE	3	3	3	3	TRUE	TRUE
loop_3577	TRUE	5	2	5	3	FALSE	FALSE
loop_3578	TRUE	3	4	4	1	FALSE	FALSE
loop_3579	TRUE	4	2	5	1	FALSE	FALSE
loop_3580	TRUE	3	2	2	4	FALSE	FALSE
loop_3581	TRUE	2	2	3	3	FALSE	TRUE
loop_3582	FALSE	3	2	3	2	FALSE	FALSE
loop_3583	TRUE	3	1	3	3	FALSE	TRUE
loop_3584	TRUE	5	1	4	2	FALSE	FALSE
loop_3585	TRUE	4	3	3	3	FALSE	TRUE
loop_3586	TRUE	5	2	3	3	FALSE	TRUE
loop_3587	TRUE	3	2	3	3	FALSE	TRUE
loop_3588	TRUE	4	3	3	3	FALSE	TRUE
loop_3589	TRUE	5	1	4	1	FALSE	FALSE
loop_3590	TRUE	5	2	3	3	FALSE	TRUE
loop_3591	TRUE	4	2	3	3	FALSE	TRUE
loop_3592	TRUE	5	1	5	3	FALSE	FALSE
loop_3593	TRUE	3	2	3	3	FALSE	TRUE
loop_3594	TRUE	4	1	5	2	FALSE	FALSE
loop_3595	TRUE	3	4	3	3	FALSE	TRUE
loop_3596	TRUE	3	3	4	3	TRUE	FALSE
loop_3597	TRUE	2	3	3	3	FALSE	TRUE
loop_3598	TRUE	4	1	3	3	FALSE	TRUE
loop_3599	FALSE	3	3	3	3	TRUE	TRUE
loop_3600	TRUE	4	3	3	3	FALSE	TRUE
loop_3601	TRUE	4	3	3	3	FALSE	TRUE
loop_3602	TRUE	3	1	3	3	FALSE	TRUE
loop_3603	TRUE	3	2	3	1	FALSE	FALSE
loop_3604	TRUE	3	3	2	3	TRUE	FALSE
loop_3605	TRUE	1	2	2	3	FALSE	FALSE
loop_3606	TRUE	4	3	3	3	FALSE	TRUE
loop_3607	FALSE	3	3	3	3	TRUE	TRUE
loop_3608	FALSE	3	3	3	3	TRUE	TRUE
loop_3609	FALSE	4	5	4	5	FALSE	FALSE
loop_3610	TRUE	5	2	5	4	FALSE	FALSE
loop_3611	FALSE	3	3	3	3	TRUE	TRUE
loop_3612	TRUE	4	3	3	3	FALSE	TRUE
loop_3613	TRUE	3	4	3	3	FALSE	TRUE
loop_3614	TRUE	3	2	3	1	FALSE	FALSE
loop_3615	TRUE	3	1	3	3	FALSE	TRUE
loop_3616	TRUE	3	2	2	2	FALSE	FALSE
loop_3617	TRUE	4	4	4	2	FALSE	FALSE
loop_3618	TRUE	4	1	3	2	FALSE	FALSE
loop_3619	TRUE	3	3	3	4	TRUE	FALSE
loop_3620	FALSE	3	3	3	3	TRUE	TRUE
loop_3621	TRUE	3	2	3	3	FALSE	TRUE
loop_3622	TRUE	2	3	3	3	FALSE	TRUE
loop_3623	TRUE	2	4	2	3	FALSE	FALSE
loop_3624	TRUE	3	5	2	5	FALSE	FALSE
loop_3625	TRUE	3	4	4	2	FALSE	FALSE
loop_3626	FALSE	3	2	3	2	FALSE	FALSE
loop_3627	FALSE	1	1	1	1	FALSE	FALSE
loop_3628	TRUE	4	1	3	3	FALSE	TRUE
loop_3629	TRUE	4	3	3	3	FALSE	TRUE
loop_3630	TRUE	3	3	3	2	TRUE	FALSE
loop_3631	FALSE	3	3	3	3	TRUE	TRUE
loop_3632	FALSE	3	4	3	4	FALSE	FALSE
loop_3633	TRUE	3	2	4	2	FALSE	FALSE
loop_3634	FALSE	3	3	3	3	TRUE	TRUE
loop_3635	TRUE	4	2	3	3	FALSE	TRUE
loop_3636	TRUE	2	3	3	3	FALSE	TRUE
loop_3637	FALSE	3	3	3	3	TRUE	TRUE
loop_3638	TRUE	1	2	3	3	FALSE	TRUE
loop_3639	TRUE	2	3	2	4	FALSE	FALSE
loop_3640	TRUE	4	2	3	3	FALSE	TRUE
loop_3641	TRUE	3	2	4	2	FALSE	FALSE
loop_3642	TRUE	3	2	3	3	FALSE	TRUE
loop_3643	FALSE	3	3	3	3	TRUE	TRUE
loop_3644	TRUE	3	3	2	2	TRUE	FALSE
loop_3645	TRUE	4	1	3	3	FALSE	TRUE
loop_3646	TRUE	3	1	3	4	FALSE	FALSE
loop_3647	TRUE	3	3	4	4	TRUE	FALSE
loop_3648	TRUE	3	1	3	4	FALSE	FALSE
loop_3649	TRUE	3	1	1	3	FALSE	FALSE
loop_3650	TRUE	2	1	3	1	FALSE	FALSE
loop_3651	TRUE	4	1	5	3	FALSE	FALSE
loop_3652	TRUE	2	5	3	5	FALSE	FALSE
loop_3653	FALSE	2	3	2	3	FALSE	FALSE
loop_3654	TRUE	4	2	3	3	FALSE	TRUE
loop_3655	TRUE	4	1	3	3	FALSE	TRUE
loop_3656	FALSE	3	3	3	3	TRUE	TRUE
loop_3657	FALSE	3	3	3	3	TRUE	TRUE
loop_3658	FALSE	2	3	2	3	FALSE	FALSE
loop_3659	TRUE	2	5	2	3	FALSE	FALSE
loop_3660	TRUE	2	4	3	3	FALSE	TRUE
loop_3661	TRUE	2	4	2	5	FALSE	FALSE
loop_3662	TRUE	2	4	4	3	FALSE	FALSE
loop_3663	TRUE	3	4	3	3	FALSE	TRUE
loop_3664	FALSE	3	3	3	3	TRUE	TRUE
loop_3665	TRUE	5	2	3	3	FALSE	TRUE
loop_3666	FALSE	3	3	3	3	TRUE	TRUE
loop_3667	TRUE	3	2	3	3	FALSE	TRUE
loop_3668	TRUE	3	3	2	2	TRUE	FALSE
loop_3669	FALSE	5	5	5	5	FALSE	FALSE
loop_3670	FALSE	3	3	3	3	TRUE	TRUE
loop_3671	FALSE	5	4	5	4	FALSE	FALSE
loop_3672	TRUE	4	1	3	3	FALSE	TRUE
loop_3673	FALSE	3	3	3	3	TRUE	TRUE
loop_3674	FALSE	3	3	3	3	TRUE	TRUE
loop_3675	TRUE	5	1	2	4	FALSE	FALSE
loop_3676	TRUE	3	2	3	3	FALSE	TRUE
loop_3677	TRUE	3	5	3	3	FALSE	TRUE
loop_3678	TRUE	3	1	3	2	FALSE	FALSE
loop_3679	TRUE	5	1	3	3	FALSE	TRUE
loop_3680	TRUE	4	2	4	3	FALSE	FALSE
loop_3681	TRUE	4	4	3	3	FALSE	TRUE
loop_3682	TRUE	3	1	3	3	FALSE	TRUE
loop_3683	TRUE	2	4	3	1	FALSE	FALSE
loop_3684	TRUE	5	2	3	3	FALSE	TRUE
loop_3685	TRUE	4	4	3	4	FALSE	FALSE
loop_3686	TRUE	3	2	3	3	FALSE	TRUE
loop_3687	TRUE	4	4	3	3	FALSE	TRUE
loop_3688	TRUE	2	4	3	3	FALSE	TRUE
loop_3689	TRUE	3	1	3	3	FALSE	TRUE
loop_3690	TRUE	2	4	3	3	FALSE	TRUE
loop_3691	TRUE	3	3	2	3	TRUE	FALSE
loop_3692	FALSE	3	3	3	3	TRUE	TRUE
loop_3693	TRUE	2	5	3	3	FALSE	TRUE
loop_3694	TRUE	3	2	3	3	FALSE	TRUE
loop_3695	FALSE	5	1	5	1	FALSE	FALSE
loop_3696	FALSE	4	3	4	3	FALSE	FALSE
loop_3697	TRUE	5	5	4	4	FALSE	FALSE
loop_3698	TRUE	5	4	3	4	FALSE	FALSE
loop_3699	TRUE	5	4	3	3	FALSE	TRUE
loop_3700	TRUE	2	3	3	3	FALSE	TRUE
loop_3701	TRUE	5	1	3	3	FALSE	TRUE
loop_3702	FALSE	4	1	4	1	FALSE	FALSE
loop_3703	TRUE	4	1	5	1	FALSE	FALSE
loop_3704	FALSE	3	3	3	3	TRUE	TRUE
loop_3705	TRUE	4	1	5	1	FALSE	FALSE
loop_3706	TRUE	5	2	5	1	FALSE	FALSE
loop_3707	TRUE	5	1	4	1	FALSE	FALSE
loop_3708	FALSE	5	1	5	1	FALSE	FALSE
loop_3709	FALSE	5	1	5	1	FALSE	FALSE
loop_3710	TRUE	5	2	5	1	FALSE	FALSE
loop_3711	FALSE	5	1	5	1	FALSE	FALSE
loop_3712	TRUE	4	1	3	3	FALSE	TRUE
loop_3713	TRUE	5	1	4	1	FALSE	FALSE
loop_3714	TRUE	4	1	5	1	FALSE	FALSE
loop_3715	TRUE	4	2	4	1	FALSE	FALSE
loop_3716	TRUE	4	5	5	5	FALSE	FALSE
loop_3717	FALSE	3	3	3	3	TRUE	TRUE
loop_3718	TRUE	5	3	4	2	FALSE	FALSE
loop_3719	TRUE	4	3	3	3	FALSE	TRUE
loop_3720	FALSE	5	1	5	1	FALSE	FALSE
loop_3721	FALSE	5	1	5	1	FALSE	FALSE
loop_3722	TRUE	1	5	3	3	FALSE	TRUE
loop_3723	TRUE	3	2	3	3	FALSE	TRUE
loop_3724	TRUE	4	1	5	2	FALSE	FALSE
loop_3725	FALSE	5	1	5	1	FALSE	FALSE
loop_3726	TRUE	5	1	3	1	FALSE	FALSE
loop_3727	FALSE	3	3	3	3	TRUE	TRUE
loop_3728	TRUE	2	3	1	4	FALSE	FALSE
loop_3729	TRUE	5	1	3	3	FALSE	TRUE
loop_3730	FALSE	5	1	5	1	FALSE	FALSE
loop_3731	TRUE	4	1	5	1	FALSE	FALSE
loop_3732	FALSE	5	1	5	1	FALSE	FALSE
loop_3733	TRUE	5	2	5	1	FALSE	FALSE
loop_3734	FALSE	3	3	3	3	TRUE	TRUE
loop_3735	TRUE	3	1	4	2	FALSE	FALSE
loop_3736	FALSE	3	3	3	3	TRUE	TRUE
loop_3737	FALSE	5	1	5	1	FALSE	FALSE
loop_3738	TRUE	5	2	4	1	FALSE	FALSE
loop_3739	FALSE	4	1	4	1	FALSE	FALSE
loop_3740	TRUE	3	4	3	3	FALSE	TRUE
loop_3741	TRUE	4	2	5	4	FALSE	FALSE
loop_3742	TRUE	5	2	3	1	FALSE	FALSE
loop_3743	FALSE	3	3	3	3	TRUE	TRUE
loop_3744	TRUE	4	3	3	3	FALSE	TRUE
loop_3745	TRUE	3	2	5	1	FALSE	FALSE
loop_3746	TRUE	3	3	4	3	TRUE	FALSE
loop_3747	TRUE	5	5	4	3	FALSE	FALSE
loop_3748	FALSE	5	1	5	1	FALSE	FALSE
loop_3749	TRUE	5	1	3	3	FALSE	TRUE
loop_3750	TRUE	3	1	3	3	FALSE	TRUE
loop_3751	TRUE	3	1	3	3	FALSE	TRUE
loop_3752	TRUE	3	4	2	5	FALSE	FALSE
loop_3753	FALSE	3	3	3	3	TRUE	TRUE
loop_3754	FALSE	3	3	3	3	TRUE	TRUE
loop_3755	TRUE	4	1	5	1	FALSE	FALSE
loop_3756	FALSE	3	3	3	3	TRUE	TRUE
loop_3757	TRUE	5	2	3	3	FALSE	TRUE
loop_3758	TRUE	5	1	5	2	FALSE	FALSE
loop_3759	TRUE	2	5	3	3	FALSE	TRUE
loop_3760	TRUE	4	2	5	2	FALSE	FALSE
loop_3761	TRUE	3	2	3	3	FALSE	TRUE
loop_3762	TRUE	4	5	3	3	FALSE	TRUE
loop_3763	TRUE	4	3	4	2	FALSE	FALSE
loop_3764	TRUE	5	1	3	3	FALSE	TRUE
loop_3765	TRUE	5	5	5	3	FALSE	FALSE
loop_3766	TRUE	5	2	4	2	FALSE	FALSE
loop_3767	FALSE	3	3	3	3	TRUE	TRUE
loop_3768	FALSE	1	5	1	5	FALSE	FALSE
loop_3769	TRUE	3	3	4	3	TRUE	FALSE
loop_3770	FALSE	3	3	3	3	TRUE	TRUE
loop_3771	TRUE	5	1	3	3	FALSE	TRUE
loop_3772	TRUE	5	1	3	3	FALSE	TRUE
loop_3773	TRUE	5	1	3	1	FALSE	FALSE
loop_3774	FALSE	4	4	4	4	FALSE	FALSE
loop_3775	TRUE	5	2	4	2	FALSE	FALSE
loop_3776	TRUE	3	2	3	3	FALSE	TRUE
loop_3777	FALSE	4	1	4	1	FALSE	FALSE
loop_3778	TRUE	4	1	3	3	FALSE	TRUE
loop_3779	TRUE	5	1	4	2	FALSE	FALSE
loop_3780	TRUE	3	1	5	1	FALSE	FALSE
loop_3781	TRUE	4	1	4	2	FALSE	FALSE
loop_3782	TRUE	4	1	3	3	FALSE	TRUE
loop_3783	TRUE	3	4	4	3	FALSE	FALSE
loop_3784	TRUE	5	1	5	2	FALSE	FALSE
loop_3785	FALSE	4	2	4	2	FALSE	FALSE
loop_3786	FALSE	3	3	3	3	TRUE	TRUE
loop_3787	TRUE	4	2	3	3	FALSE	TRUE
loop_3788	TRUE	3	1	5	3	FALSE	FALSE
loop_3789	TRUE	4	3	3	3	FALSE	TRUE
loop_3790	FALSE	3	3	3	3	TRUE	TRUE
loop_3791	FALSE	5	1	5	1	FALSE	FALSE
loop_3792	TRUE	4	4	4	2	FALSE	FALSE
loop_3793	TRUE	4	1	5	1	FALSE	FALSE
loop_3794	TRUE	4	1	3	3	FALSE	TRUE
loop_3795	TRUE	5	2	3	3	FALSE	TRUE
loop_3796	TRUE	4	2	4	3	FALSE	FALSE
loop_3797	FALSE	3	3	3	3	TRUE	TRUE
loop_3798	TRUE	4	3	3	3	FALSE	TRUE
loop_3799	TRUE	4	1	5	3	FALSE	FALSE
loop_3800	TRUE	4	1	5	1	FALSE	FALSE
loop_3801	TRUE	4	1	4	2	FALSE	FALSE
loop_3802	TRUE	5	2	5	1	FALSE	FALSE
loop_3803	TRUE	3	3	2	3	TRUE	FALSE
loop_3804	TRUE	5	3	4	3	FALSE	FALSE
loop_3805	TRUE	3	2	3	3	FALSE	TRUE
loop_3806	TRUE	2	3	3	3	FALSE	TRUE
loop_3807	TRUE	4	2	5	2	FALSE	FALSE
loop_3808	FALSE	3	3	3	3	TRUE	TRUE
loop_3809	TRUE	2	3	5	1	FALSE	FALSE
loop_3810	FALSE	4	2	4	2	FALSE	FALSE
loop_3811	TRUE	3	3	4	1	TRUE	FALSE
loop_3812	FALSE	4	3	4	3	FALSE	FALSE
loop_3813	FALSE	3	3	3	3	TRUE	TRUE
loop_3814	TRUE	4	3	5	2	FALSE	FALSE
loop_3815	FALSE	5	2	5	2	FALSE	FALSE
loop_3816	TRUE	3	3	2	4	TRUE	FALSE
loop_3817	TRUE	5	2	3	5	FALSE	FALSE
loop_3818	TRUE	2	3	3	3	FALSE	TRUE
loop_3819	TRUE	5	5	4	3	FALSE	FALSE
loop_3820	TRUE	3	2	3	3	FALSE	TRUE
loop_3821	TRUE	3	3	1	3	TRUE	FALSE
loop_3822	TRUE	4	2	3	2	FALSE	FALSE
loop_3823	TRUE	4	3	3	3	FALSE	TRUE
loop_3824	TRUE	3	4	3	3	FALSE	TRUE
loop_3825	TRUE	5	5	3	3	FALSE	TRUE
loop_3826	TRUE	3	3	4	3	TRUE	FALSE
loop_3827	FALSE	3	3	3	3	TRUE	TRUE
loop_3828	TRUE	2	1	3	3	FALSE	TRUE
loop_3829	FALSE	2	4	2	4	FALSE	FALSE
loop_3830	TRUE	4	3	3	3	FALSE	TRUE
loop_3831	TRUE	4	3	3	3	FALSE	TRUE
loop_3832	TRUE	3	4	3	3	FALSE	TRUE
loop_3833	TRUE	4	5	2	5	FALSE	FALSE
loop_3834	TRUE	4	3	3	3	FALSE	TRUE
loop_3835	TRUE	4	3	3	3	FALSE	TRUE
loop_3836	TRUE	1	1	3	3	FALSE	TRUE
loop_3837	TRUE	2	1	3	1	FALSE	FALSE
loop_3838	TRUE	3	4	3	3	FALSE	TRUE
loop_3839	FALSE	3	3	3	3	TRUE	TRUE
loop_3840	TRUE	4	1	3	3	FALSE	TRUE
loop_3841	TRUE	2	4	3	3	FALSE	TRUE
loop_3842	TRUE	2	2	3	3	FALSE	TRUE
loop_3843	TRUE	5	2	2	3	FALSE	FALSE
loop_3844	TRUE	4	3	3	3	FALSE	TRUE
loop_3845	TRUE	4	3	3	4	FALSE	FALSE
loop_3846	TRUE	2	3	5	2	FALSE	FALSE
loop_3847	TRUE	2	5	1	3	FALSE	FALSE
loop_3848	TRUE	3	3	2	3	TRUE	FALSE
loop_3849	TRUE	3	4	2	5	FALSE	FALSE
loop_3850	TRUE	2	3	3	3	FALSE	TRUE
loop_3851	TRUE	5	3	2	1	FALSE	FALSE
loop_3852	TRUE	4	4	5	1	FALSE	FALSE
loop_3853	TRUE	3	4	4	3	FALSE	FALSE
loop_3854	TRUE	4	5	1	3	FALSE	FALSE
loop_3855	FALSE	3	3	3	3	TRUE	TRUE
loop_3856	TRUE	4	2	3	3	FALSE	TRUE
loop_3857	FALSE	3	3	3	3	TRUE	TRUE
loop_3858	TRUE	1	5	3	3	FALSE	TRUE
loop_3859	TRUE	5	2	3	1	FALSE	FALSE
loop_3860	FALSE	3	3	3	3	TRUE	TRUE
loop_3861	TRUE	3	2	3	1	FALSE	FALSE
loop_3862	TRUE	4	3	3	3	FALSE	TRUE
loop_3863	FALSE	3	3	3	3	TRUE	TRUE
loop_3864	TRUE	5	1	2	3	FALSE	FALSE
loop_3865	TRUE	4	5	4	3	FALSE	FALSE
loop_3866	TRUE	3	3	2	3	TRUE	FALSE
loop_3867	TRUE	5	3	3	3	FALSE	TRUE
loop_3868	TRUE	3	4	3	3	FALSE	TRUE
loop_3869	FALSE	3	3	3	3	TRUE	TRUE
loop_3870	TRUE	5	2	3	3	FALSE	TRUE
loop_3871	TRUE	3	4	3	3	FALSE	TRUE
loop_3872	FALSE	3	3	3	3	TRUE	TRUE
loop_3873	TRUE	3	2	2	2	FALSE	FALSE
loop_3874	TRUE	3	4	3	3	FALSE	TRUE
loop_3875	TRUE	3	3	3	2	TRUE	FALSE
loop_3876	FALSE	1	5	1	5	FALSE	FALSE
loop_3877	TRUE	1	3	3	3	FALSE	TRUE
loop_3878	TRUE	4	2	3	3	FALSE	TRUE
loop_3879	TRUE	4	3	3	3	FALSE	TRUE
loop_3880	TRUE	3	2	3	3	FALSE	TRUE
loop_3881	TRUE	4	2	3	3	FALSE	TRUE
loop_3882	FALSE	2	2	2	2	FALSE	FALSE
loop_3883	TRUE	3	2	3	3	FALSE	TRUE
loop_3884	TRUE	4	2	3	3	FALSE	TRUE
loop_3885	TRUE	5	3	5	2	FALSE	FALSE
loop_3886	FALSE	1	3	1	3	FALSE	FALSE
loop_3887	TRUE	4	1	3	3	FALSE	TRUE
loop_3888	TRUE	3	1	3	3	FALSE	TRUE
loop_3889	TRUE	5	3	3	3	FALSE	TRUE
loop_3890	TRUE	4	5	3	4	FALSE	FALSE
loop_3891	TRUE	3	3	3	2	TRUE	FALSE
loop_3892	TRUE	4	3	3	3	FALSE	TRUE
loop_3893	TRUE	5	3	3	3	FALSE	TRUE
loop_3894	TRUE	2	2	1	2	FALSE	FALSE
loop_3895	TRUE	5	2	4	3	FALSE	FALSE
loop_3896	TRUE	3	3	4	3	TRUE	FALSE
loop_3897	FALSE	3	4	3	4	FALSE	FALSE
loop_3898	TRUE	3	4	3	3	FALSE	TRUE
loop_3899	TRUE	3	1	3	3	FALSE	TRUE
loop_3900	TRUE	4	4	5	3	FALSE	FALSE
loop_3901	TRUE	4	2	2	2	FALSE	FALSE
loop_3902	TRUE	1	3	3	3	FALSE	TRUE
loop_3903	TRUE	3	4	3	5	FALSE	FALSE
loop_3904	TRUE	3	4	3	3	FALSE	TRUE
loop_3905	FALSE	3	3	3	3	TRUE	TRUE
loop_3906	TRUE	2	4	2	3	FALSE	FALSE
loop_3907	TRUE	3	3	3	4	TRUE	FALSE
loop_3908	TRUE	5	4	3	3	FALSE	TRUE
loop_3909	TRUE	4	3	3	3	FALSE	TRUE
loop_3910	TRUE	2	5	3	3	FALSE	TRUE
loop_3911	TRUE	2	4	3	3	FALSE	TRUE
loop_3912	FALSE	5	4	5	4	FALSE	FALSE
loop_3913	TRUE	3	2	3	3	FALSE	TRUE
loop_3914	TRUE	4	2	4	1	FALSE	FALSE
loop_3915	TRUE	3	3	4	2	TRUE	FALSE
loop_3916	TRUE	4	4	4	1	FALSE	FALSE
loop_3917	TRUE	4	4	3	5	FALSE	FALSE
loop_3918	TRUE	3	2	5	1	FALSE	FALSE
loop_3919	FALSE	5	1	5	1	FALSE	FALSE
loop_3920	FALSE	5	1	5	1	FALSE	FALSE
loop_3921	FALSE	5	1	5	1	FALSE	FALSE
loop_3922	FALSE	3	3	3	3	TRUE	TRUE
loop_3923	TRUE	3	3	5	2	TRUE	FALSE
loop_3924	TRUE	4	2	3	3	FALSE	TRUE
loop_3925	FALSE	3	3	3	3	TRUE	TRUE
loop_3926	FALSE	3	2	3	2	FALSE	FALSE
loop_3927	FALSE	4	1	4	1	FALSE	FALSE
loop_3928	TRUE	3	3	4	1	TRUE	FALSE
loop_3929	FALSE	3	3	3	3	TRUE	TRUE
loop_3930	TRUE	4	1	3	3	FALSE	TRUE
loop_3931	FALSE	5	1	5	1	FALSE	FALSE
loop_3932	TRUE	3	3	3	4	TRUE	FALSE
loop_3933	TRUE	3	1	4	1	FALSE	FALSE
loop_3934	TRUE	1	3	3	3	FALSE	TRUE
loop_3935	TRUE	3	2	4	1	FALSE	FALSE
loop_3936	FALSE	3	3	3	3	TRUE	TRUE
loop_3937	TRUE	5	4	3	3	FALSE	TRUE
loop_3938	FALSE	3	3	3	3	TRUE	TRUE
loop_3939	TRUE	4	3	3	3	FALSE	TRUE
loop_3940	TRUE	2	3	3	3	FALSE	TRUE
loop_3941	TRUE	2	3	3	3	FALSE	TRUE
loop_3942	FALSE	5	1	5	1	FALSE	FALSE
loop_3943	TRUE	5	2	3	3	FALSE	TRUE
loop_3944	TRUE	5	1	5	2	FALSE	FALSE
loop_3945	TRUE	4	1	3	2	FALSE	FALSE
loop_3946	TRUE	5	2	4	3	FALSE	FALSE
loop_3947	FALSE	5	2	5	2	FALSE	FALSE
loop_3948	TRUE	3	1	3	3	FALSE	TRUE
loop_3949	TRUE	3	3	4	2	TRUE	FALSE
loop_3950	FALSE	3	3	3	3	TRUE	TRUE
loop_3951	TRUE	3	2	5	3	FALSE	FALSE
loop_3952	FALSE	3	3	3	3	TRUE	TRUE
loop_3953	TRUE	4	3	4	2	FALSE	FALSE
loop_3954	TRUE	4	1	5	1	FALSE	FALSE
loop_3955	TRUE	5	3	3	3	FALSE	TRUE
loop_3956	FALSE	3	3	3	3	TRUE	TRUE
loop_3957	TRUE	3	1	3	3	FALSE	TRUE
loop_3958	TRUE	4	4	5	1	FALSE	FALSE
loop_3959	TRUE	5	2	4	3	FALSE	FALSE
loop_3960	TRUE	3	4	3	3	FALSE	TRUE
loop_3961	TRUE	3	2	3	3	FALSE	TRUE
loop_3962	TRUE	4	1	3	3	FALSE	TRUE
loop_3963	TRUE	1	5	5	3	FALSE	FALSE
loop_3964	FALSE	3	4	3	4	FALSE	FALSE
loop_3965	TRUE	3	1	3	3	FALSE	TRUE
loop_3966	TRUE	1	4	3	3	FALSE	TRUE
loop_3967	TRUE	2	3	3	3	FALSE	TRUE
loop_3968	FALSE	3	3	3	3	TRUE	TRUE
loop_3969	TRUE	1	3	5	3	FALSE	FALSE
loop_3970	TRUE	1	2	4	1	FALSE	FALSE
loop_3971	FALSE	3	3	3	3	TRUE	TRUE
loop_3972	FALSE	4	1	4	1	FALSE	FALSE
loop_3973	TRUE	5	3	4	3	FALSE	FALSE
loop_3974	TRUE	3	2	3	3	FALSE	TRUE
loop_3975	TRUE	3	3	3	2	TRUE	FALSE
loop_3976	TRUE	4	3	3	3	FALSE	TRUE
loop_3977	FALSE	3	3	3	3	TRUE	TRUE
loop_3978	TRUE	5	3	3	3	FALSE	TRUE
loop_3979	FALSE	3	3	3	3	TRUE	TRUE
loop_3980	TRUE	5	1	3	3	FALSE	TRUE
loop_3981	TRUE	3	2	3	3	FALSE	TRUE
loop_3982	TRUE	3	3	3	4	TRUE	FALSE
loop_3983	TRUE	5	2	5	3	FALSE	FALSE
loop_3984	TRUE	3	2	4	1	FALSE	FALSE
loop_3985	TRUE	3	2	4	1	FALSE	FALSE
loop_3986	TRUE	4	4	4	2	FALSE	FALSE
loop_3987	TRUE	4	2	3	3	FALSE	TRUE
loop_3988	TRUE	4	1	3	3	FALSE	TRUE
loop_3989	FALSE	3	3	3	3	TRUE	TRUE
loop_3990	TRUE	5	3	3	3	FALSE	TRUE
loop_3991	TRUE	4	2	2	3	FALSE	FALSE
loop_3992	FALSE	4	3	4	3	FALSE	FALSE
loop_3993	FALSE	2	3	2	3	FALSE	FALSE
loop_3994	FALSE	3	3	3	3	TRUE	TRUE
loop_3995	TRUE	5	2	3	3	FALSE	TRUE
loop_3996	TRUE	3	2	3	3	FALSE	TRUE
loop_3997	TRUE	4	2	3	2	FALSE	FALSE
loop_3998	TRUE	4	4	3	3	FALSE	TRUE
loop_3999	TRUE	4	4	3	3	FALSE	TRUE
loop_4000	TRUE	3	4	5	1	FALSE	FALSE
loop_4001	TRUE	4	3	3	3	FALSE	TRUE
loop_4002	TRUE	3	3	3	4	TRUE	FALSE
loop_4003	TRUE	1	5	1	3	FALSE	FALSE
loop_4004	TRUE	3	4	3	3	FALSE	TRUE
loop_4005	TRUE	2	1	2	4	FALSE	FALSE
loop_4006	TRUE	2	3	3	3	FALSE	TRUE
loop_4007	TRUE	1	4	3	3	FALSE	TRUE
loop_4008	FALSE	4	1	4	1	FALSE	FALSE
loop_4009	TRUE	3	2	3	3	FALSE	TRUE
loop_4010	FALSE	3	3	3	3	TRUE	TRUE
loop_4011	TRUE	2	4	3	3	FALSE	TRUE
loop_4012	TRUE	2	4	3	3	FALSE	TRUE
loop_4013	TRUE	2	3	1	2	FALSE	FALSE
loop_4014	TRUE	3	2	2	2	FALSE	FALSE
loop_4015	FALSE	5	2	5	2	FALSE	FALSE
loop_4016	FALSE	3	3	3	3	TRUE	TRUE
loop_4017	FALSE	3	3	3	3	TRUE	TRUE
loop_4018	FALSE	3	3	3	3	TRUE	TRUE
loop_4019	FALSE	3	3	3	3	TRUE	TRUE
loop_4020	TRUE	4	3	3	3	FALSE	TRUE
loop_4021	FALSE	3	3	3	3	TRUE	TRUE
loop_4022	FALSE	3	2	3	2	FALSE	FALSE
loop_4023	TRUE	5	4	3	3	FALSE	TRUE
loop_4024	TRUE	3	3	4	1	TRUE	FALSE
loop_4025	TRUE	1	2	3	1	FALSE	FALSE
loop_4026	FALSE	3	3	3	3	TRUE	TRUE
loop_4027	TRUE	4	4	5	3	FALSE	FALSE
loop_4028	TRUE	3	4	3	3	FALSE	TRUE
loop_4029	TRUE	3	3	3	2	TRUE	FALSE
loop_4030	TRUE	4	3	3	4	FALSE	FALSE
loop_4031	TRUE	3	3	3	2	TRUE	FALSE
loop_4032	TRUE	4	2	4	4	FALSE	FALSE
loop_4033	FALSE	4	3	4	3	FALSE	FALSE
loop_4034	TRUE	2	4	2	3	FALSE	FALSE
loop_4035	TRUE	4	3	3	4	FALSE	FALSE
loop_4036	TRUE	5	2	3	2	FALSE	FALSE
loop_4037	TRUE	5	2	3	3	FALSE	TRUE
loop_4038	TRUE	4	4	3	3	FALSE	TRUE
loop_4039	TRUE	3	4	3	3	FALSE	TRUE
loop_4040	TRUE	3	3	3	2	TRUE	FALSE
loop_4041	TRUE	3	4	4	4	FALSE	FALSE
loop_4042	TRUE	5	2	5	3	FALSE	FALSE
loop_4043	TRUE	5	5	4	4	FALSE	FALSE
loop_4044	TRUE	3	3	3	4	TRUE	FALSE
loop_4045	FALSE	3	2	3	2	FALSE	FALSE
loop_4046	TRUE	3	4	3	5	FALSE	FALSE
loop_4047	TRUE	3	4	3	3	FALSE	TRUE
loop_4048	FALSE	3	3	3	3	TRUE	TRUE
loop_4049	TRUE	1	4	3	3	FALSE	TRUE
loop_4050	FALSE	3	3	3	3	TRUE	TRUE
loop_4051	FALSE	3	3	3	3	TRUE	TRUE
loop_4052	TRUE	4	3	3	3	FALSE	TRUE
loop_4053	TRUE	4	2	3	3	FALSE	TRUE
loop_4054	TRUE	2	4	3	3	FALSE	TRUE
loop_4055	TRUE	4	3	5	2	FALSE	FALSE
loop_4056	TRUE	3	2	4	4	FALSE	FALSE
loop_4057	TRUE	2	2	1	2	FALSE	FALSE
loop_4058	TRUE	2	2	3	3	FALSE	TRUE
loop_4059	TRUE	5	1	5	3	FALSE	FALSE
loop_4060	TRUE	4	3	4	4	FALSE	FALSE
loop_4061	TRUE	2	5	4	2	FALSE	FALSE
loop_4062	TRUE	5	1	4	1	FALSE	FALSE
loop_4063	FALSE	5	1	5	1	FALSE	FALSE
loop_4064	FALSE	3	3	3	3	TRUE	TRUE
loop_4065	FALSE	3	3	3	3	TRUE	TRUE
loop_4066	TRUE	2	3	3	3	FALSE	TRUE
loop_4067	FALSE	3	4	3	4	FALSE	FALSE
loop_4068	TRUE	5	1	4	1	FALSE	FALSE
loop_4069	TRUE	5	2	5	1	FALSE	FALSE
loop_4070	TRUE	4	1	3	3	FALSE	TRUE
loop_4071	TRUE	4	4	4	5	FALSE	FALSE
loop_4072	TRUE	3	3	2	3	TRUE	FALSE
loop_4073	FALSE	2	4	2	4	FALSE	FALSE
loop_4074	TRUE	3	3	3	2	TRUE	FALSE
loop_4075	TRUE	4	3	3	3	FALSE	TRUE
loop_4076	TRUE	5	2	5	1	FALSE	FALSE
loop_4077	TRUE	4	2	4	1	FALSE	FALSE
loop_4078	TRUE	5	2	4	1	FALSE	FALSE
loop_4079	TRUE	3	2	4	3	FALSE	FALSE
loop_4080	FALSE	3	3	3	3	TRUE	TRUE
loop_4081	FALSE	5	1	5	1	FALSE	FALSE
loop_4082	FALSE	5	3	5	3	FALSE	FALSE
loop_4083	TRUE	3	3	5	2	TRUE	FALSE
loop_4084	TRUE	2	2	2	3	FALSE	FALSE
loop_4085	TRUE	4	4	3	3	FALSE	TRUE
loop_4086	FALSE	5	1	5	1	FALSE	FALSE
loop_4087	TRUE	3	1	3	2	FALSE	FALSE
loop_4088	TRUE	4	2	3	3	FALSE	TRUE
loop_4089	TRUE	3	1	3	2	FALSE	FALSE
loop_4090	TRUE	4	1	3	3	FALSE	TRUE
loop_4091	FALSE	5	1	5	1	FALSE	FALSE
loop_4092	TRUE	3	2	4	2	FALSE	FALSE
loop_4093	TRUE	3	2	2	2	FALSE	FALSE
loop_4094	TRUE	3	4	5	4	FALSE	FALSE
loop_4095	TRUE	5	2	5	1	FALSE	FALSE
loop_4096	FALSE	3	3	3	3	TRUE	TRUE
loop_4097	TRUE	4	3	3	3	FALSE	TRUE
loop_4098	TRUE	5	3	5	1	FALSE	FALSE
loop_4099	FALSE	3	3	3	3	TRUE	TRUE
loop_4100	TRUE	1	3	3	3	FALSE	TRUE
loop_4101	FALSE	2	1	2	1	FALSE	FALSE
loop_4102	FALSE	3	3	3	3	TRUE	TRUE
loop_4103	FALSE	3	3	3	3	TRUE	TRUE
loop_4104	FALSE	3	3	3	3	TRUE	TRUE
loop_4105	TRUE	2	3	2	2	FALSE	FALSE
loop_4106	TRUE	5	1	3	3	FALSE	TRUE
loop_4107	FALSE	5	1	5	1	FALSE	FALSE
loop_4108	TRUE	4	4	3	5	FALSE	FALSE
loop_4109	TRUE	5	2	3	3	FALSE	TRUE
loop_4110	TRUE	4	3	3	3	FALSE	TRUE
loop_4111	TRUE	4	1	4	2	FALSE	FALSE
loop_4112	TRUE	5	2	5	1	FALSE	FALSE
loop_4113	FALSE	3	3	3	3	TRUE	TRUE
loop_4114	TRUE	4	3	2	4	FALSE	FALSE
loop_4115	TRUE	5	3	3	3	FALSE	TRUE
loop_4116	TRUE	5	4	3	3	FALSE	TRUE
loop_4117	TRUE	3	4	3	3	FALSE	TRUE
loop_4118	TRUE	5	5	3	3	FALSE	TRUE
loop_4119	FALSE	3	3	3	3	TRUE	TRUE
loop_4120	TRUE	5	2	3	3	FALSE	TRUE
loop_4121	FALSE	3	4	3	4	FALSE	FALSE
loop_4122	FALSE	3	3	3	3	TRUE	TRUE
loop_4123	TRUE	3	2	3	3	FALSE	TRUE
loop_4124	TRUE	3	1	2	1	FALSE	FALSE
loop_4125	TRUE	2	4	3	5	FALSE	FALSE
loop_4126	FALSE	3	3	3	3	TRUE	TRUE
loop_4127	FALSE	3	3	3	3	TRUE	TRUE
loop_4128	TRUE	5	5	3	3	FALSE	TRUE
loop_4129	TRUE	3	3	2	3	TRUE	FALSE
loop_4130	FALSE	3	3	3	3	TRUE	TRUE
loop_4131	FALSE	4	3	4	3	FALSE	FALSE
loop_4132	TRUE	5	2	4	4	FALSE	FALSE
loop_4133	TRUE	3	1	5	2	FALSE	FALSE
loop_4134	TRUE	4	4	3	3	FALSE	TRUE
loop_4135	TRUE	1	2	4	1	FALSE	FALSE
loop_4136	TRUE	2	3	3	3	FALSE	TRUE
loop_4137	TRUE	4	1	4	2	FALSE	FALSE
loop_4138	TRUE	3	2	3	3	FALSE	TRUE
loop_4139	FALSE	4	2	4	2	FALSE	FALSE
loop_4140	FALSE	3	2	3	2	FALSE	FALSE
loop_4141	TRUE	4	3	5	1	FALSE	FALSE
loop_4142	FALSE	3	1	3	1	FALSE	FALSE
loop_4143	TRUE	2	3	3	3	FALSE	TRUE
loop_4144	TRUE	2	2	3	3	FALSE	TRUE
loop_4145	TRUE	5	1	1	2	FALSE	FALSE
loop_4146	TRUE	5	1	3	3	FALSE	TRUE
loop_4147	FALSE	1	3	1	3	FALSE	FALSE
loop_4148	TRUE	3	2	4	5	FALSE	FALSE
loop_4149	FALSE	3	3	3	3	TRUE	TRUE
loop_4150	TRUE	3	4	4	2	FALSE	FALSE
loop_4151	TRUE	4	1	3	3	FALSE	TRUE
loop_4152	TRUE	5	5	4	2	FALSE	FALSE
loop_4153	TRUE	2	3	3	3	FALSE	TRUE
loop_4154	TRUE	4	2	5	1	FALSE	FALSE
loop_4155	TRUE	3	2	3	3	FALSE	TRUE
loop_4156	TRUE	2	3	3	3	FALSE	TRUE
loop_4157	TRUE	3	3	4	3	TRUE	FALSE
loop_4158	FALSE	3	3	3	3	TRUE	TRUE
loop_4159	FALSE	3	2	3	2	FALSE	FALSE
loop_4160	TRUE	5	3	2	3	FALSE	FALSE
loop_4161	TRUE	1	3	1	2	FALSE	FALSE
loop_4162	TRUE	5	1	5	3	FALSE	FALSE
loop_4163	TRUE	2	3	3	3	FALSE	TRUE
loop_4164	TRUE	4	5	3	3	FALSE	TRUE
loop_4165	FALSE	3	3	3	3	TRUE	TRUE
loop_4166	TRUE	3	5	3	3	FALSE	TRUE
loop_4167	TRUE	3	3	4	2	TRUE	FALSE
loop_4168	TRUE	2	3	3	3	FALSE	TRUE
loop_4169	TRUE	2	3	3	3	FALSE	TRUE
loop_4170	TRUE	5	3	3	3	FALSE	TRUE
loop_4171	FALSE	3	3	3	3	TRUE	TRUE
loop_4172	TRUE	1	4	2	3	FALSE	FALSE
loop_4173	TRUE	3	3	4	4	TRUE	FALSE
loop_4174	TRUE	3	2	3	3	FALSE	TRUE
loop_4175	TRUE	2	1	3	3	FALSE	TRUE
loop_4176	TRUE	4	2	2	2	FALSE	FALSE
loop_4177	FALSE	4	3	4	3	FALSE	FALSE
loop_4178	TRUE	3	1	4	1	FALSE	FALSE
loop_4179	FALSE	3	3	3	3	TRUE	TRUE
loop_4180	TRUE	4	3	3	3	FALSE	TRUE
loop_4181	TRUE	4	3	3	3	FALSE	TRUE
loop_4182	TRUE	4	3	3	2	FALSE	FALSE
loop_4183	TRUE	2	4	3	3	FALSE	TRUE
loop_4184	TRUE	4	2	5	1	FALSE	FALSE
loop_4185	TRUE	3	3	5	3	TRUE	FALSE
loop_4186	TRUE	3	2	3	3	FALSE	TRUE
loop_4187	TRUE	4	4	3	2	FALSE	FALSE
loop_4188	TRUE	4	2	4	3	FALSE	FALSE
loop_4189	TRUE	3	3	2	3	TRUE	FALSE
loop_4190	TRUE	3	3	4	3	TRUE	FALSE
loop_4191	TRUE	1	1	1	5	FALSE	FALSE
loop_4192	FALSE	3	3	3	3	TRUE	TRUE
loop_4193	TRUE	3	4	3	3	FALSE	TRUE
loop_4194	TRUE	3	2	3	4	FALSE	FALSE
loop_4195	TRUE	2	3	3	3	FALSE	TRUE
loop_4196	TRUE	4	5	3	3	FALSE	TRUE
loop_4197	TRUE	2	3	5	3	FALSE	FALSE
loop_4198	TRUE	1	4	2	4	FALSE	FALSE
loop_4199	TRUE	4	3	3	3	FALSE	TRUE
loop_4200	TRUE	2	3	3	3	FALSE	TRUE
loop_4201	TRUE	3	2	3	3	FALSE	TRUE
loop_4202	TRUE	5	2	4	1	FALSE	FALSE
loop_4203	TRUE	5	1	4	1	FALSE	FALSE
loop_4204	FALSE	5	1	5	1	FALSE	FALSE
loop_4205	FALSE	3	3	3	3	TRUE	TRUE
loop_4206	FALSE	3	3	3	3	TRUE	TRUE
loop_4207	FALSE	4	1	4	1	FALSE	FALSE
loop_4208	TRUE	4	1	5	1	FALSE	FALSE
loop_4209	FALSE	5	1	5	1	FALSE	FALSE
loop_4210	FALSE	5	1	5	1	FALSE	FALSE
loop_4211	TRUE	3	2	3	3	FALSE	TRUE
loop_4212	FALSE	5	1	5	1	FALSE	FALSE
loop_4213	TRUE	5	2	5	1	FALSE	FALSE
loop_4214	TRUE	5	2	3	3	FALSE	TRUE
loop_4215	TRUE	5	2	5	1	FALSE	FALSE
loop_4216	FALSE	5	1	5	1	FALSE	FALSE
loop_4217	TRUE	5	1	4	1	FALSE	FALSE
loop_4218	FALSE	4	3	4	3	FALSE	FALSE
loop_4219	TRUE	4	5	3	3	FALSE	TRUE
loop_4220	TRUE	3	3	5	3	TRUE	FALSE
loop_4221	TRUE	4	1	4	2	FALSE	FALSE
loop_4222	TRUE	4	2	3	3	FALSE	TRUE
loop_4223	FALSE	3	3	3	3	TRUE	TRUE
loop_4224	FALSE	5	1	5	1	FALSE	FALSE
loop_4225	FALSE	5	1	5	1	FALSE	FALSE
loop_4226	FALSE	5	3	5	3	FALSE	FALSE
loop_4227	TRUE	3	1	5	1	FALSE	FALSE
loop_4228	FALSE	3	3	3	3	TRUE	TRUE
loop_4229	TRUE	2	3	1	3	FALSE	FALSE
loop_4230	FALSE	5	1	5	1	FALSE	FALSE
loop_4231	TRUE	4	2	3	3	FALSE	TRUE
loop_4232	TRUE	3	1	3	3	FALSE	TRUE
loop_4233	TRUE	2	3	2	2	FALSE	FALSE
loop_4234	TRUE	5	2	5	3	FALSE	FALSE
loop_4235	TRUE	2	5	2	3	FALSE	FALSE
loop_4236	TRUE	5	5	3	4	FALSE	FALSE
loop_4237	TRUE	3	2	5	2	FALSE	FALSE
loop_4238	TRUE	5	1	4	1	FALSE	FALSE
loop_4239	FALSE	5	1	5	1	FALSE	FALSE
loop_4240	TRUE	4	1	5	1	FALSE	FALSE
loop_4241	TRUE	4	3	3	3	FALSE	TRUE
loop_4242	FALSE	5	1	5	1	FALSE	FALSE
loop_4243	TRUE	4	1	4	2	FALSE	FALSE
loop_4244	FALSE	3	3	3	3	TRUE	TRUE
loop_4245	TRUE	5	2	5	1	FALSE	FALSE
loop_4246	TRUE	5	2	5	3	FALSE	FALSE
loop_4247	FALSE	3	3	3	3	TRUE	TRUE
loop_4248	TRUE	2	3	3	3	FALSE	TRUE
loop_4249	TRUE	5	1	4	2	FALSE	FALSE
loop_4250	TRUE	4	2	3	3	FALSE	TRUE
loop_4251	TRUE	5	2	5	1	FALSE	FALSE
loop_4252	TRUE	5	2	3	3	FALSE	TRUE
loop_4253	TRUE	4	1	3	3	FALSE	TRUE
loop_4254	TRUE	3	1	5	1	FALSE	FALSE
loop_4255	TRUE	1	4	3	3	FALSE	TRUE
loop_4256	FALSE	5	1	5	1	FALSE	FALSE
loop_4257	TRUE	4	5	4	3	FALSE	FALSE
loop_4258	TRUE	2	1	5	1	FALSE	FALSE
loop_4259	FALSE	3	3	3	3	TRUE	TRUE
loop_4260	TRUE	4	2	5	2	FALSE	FALSE
loop_4261	FALSE	3	4	3	4	FALSE	FALSE
loop_4262	TRUE	5	3	3	3	FALSE	TRUE
loop_4263	TRUE	4	2	3	3	FALSE	TRUE
loop_4264	FALSE	4	3	4	3	FALSE	FALSE
loop_4265	TRUE	5	3	3	3	FALSE	TRUE
loop_4266	FALSE	3	3	3	3	TRUE	TRUE
loop_4267	TRUE	2	3	2	2	FALSE	FALSE
loop_4268	TRUE	4	3	3	3	FALSE	TRUE
loop_4269	TRUE	3	2	3	3	FALSE	TRUE
loop_4270	TRUE	3	3	2	2	TRUE	FALSE
loop_4271	FALSE	2	2	2	2	FALSE	FALSE
loop_4272	TRUE	4	3	3	3	FALSE	TRUE
loop_4273	FALSE	3	3	3	3	TRUE	TRUE
loop_4274	TRUE	1	1	3	3	FALSE	TRUE
loop_4275	TRUE	2	4	4	3	FALSE	FALSE
loop_4276	FALSE	3	3	3	3	TRUE	TRUE
loop_4277	FALSE	4	2	4	2	FALSE	FALSE
loop_4278	TRUE	3	3	2	2	TRUE	FALSE
loop_4279	TRUE	2	1	2	2	FALSE	FALSE
loop_4280	TRUE	5	3	3	3	FALSE	TRUE
loop_4281	TRUE	5	1	3	3	FALSE	TRUE
loop_4282	TRUE	5	2	5	3	FALSE	FALSE
loop_4283	FALSE	4	3	4	3	FALSE	FALSE
loop_4284	TRUE	3	4	3	3	FALSE	TRUE
loop_4285	TRUE	3	4	4	2	FALSE	FALSE
loop_4286	TRUE	2	2	2	1	FALSE	FALSE
loop_4287	TRUE	5	1	5	3	FALSE	FALSE
loop_4288	FALSE	3	3	3	3	TRUE	TRUE
loop_4289	TRUE	5	2	1	2	FALSE	FALSE
loop_4290	FALSE	2	3	2	3	FALSE	FALSE
loop_4291	TRUE	2	3	3	1	FALSE	FALSE
loop_4292	FALSE	3	3	3	3	TRUE	TRUE
loop_4293	TRUE	4	3	3	3	FALSE	TRUE
loop_4294	TRUE	4	3	3	3	FALSE	TRUE
loop_4295	FALSE	3	3	3	3	TRUE	TRUE
loop_4296	FALSE	3	4	3	4	FALSE	FALSE
loop_4297	TRUE	2	3	3	3	FALSE	TRUE
loop_4298	TRUE	2	3	5	1	FALSE	FALSE
loop_4299	TRUE	5	2	4	3	FALSE	FALSE
loop_4300	TRUE	3	2	5	3	FALSE	FALSE
loop_4301	FALSE	3	2	3	2	FALSE	FALSE
loop_4302	FALSE	3	3	3	3	TRUE	TRUE
loop_4303	TRUE	2	4	1	3	FALSE	FALSE
loop_4304	FALSE	3	3	3	3	TRUE	TRUE
loop_4305	FALSE	3	3	3	3	TRUE	TRUE
loop_4306	TRUE	5	1	3	3	FALSE	TRUE
loop_4307	TRUE	3	2	3	3	FALSE	TRUE
loop_4308	TRUE	4	1	3	3	FALSE	TRUE
loop_4309	TRUE	4	3	2	3	FALSE	FALSE
loop_4310	TRUE	4	5	3	3	FALSE	TRUE
loop_4311	TRUE	2	1	3	3	FALSE	TRUE
loop_4312	FALSE	4	1	4	1	FALSE	FALSE
loop_4313	TRUE	1	2	1	1	FALSE	FALSE
loop_4314	FALSE	3	3	3	3	TRUE	TRUE
loop_4315	TRUE	5	3	3	3	FALSE	TRUE
loop_4316	TRUE	4	3	3	3	FALSE	TRUE
loop_4317	TRUE	3	4	2	4	FALSE	FALSE
loop_4318	TRUE	5	3	3	3	FALSE	TRUE
loop_4319	FALSE	3	3	3	3	TRUE	TRUE
loop_4320	FALSE	3	3	3	3	TRUE	TRUE
loop_4321	FALSE	3	4	3	4	FALSE	FALSE
loop_4322	TRUE	5	5	4	5	FALSE	FALSE
loop_4323	TRUE	3	2	3	3	FALSE	TRUE
loop_4324	TRUE	4	3	3	3	FALSE	TRUE
loop_4325	FALSE	3	3	3	3	TRUE	TRUE
loop_4326	TRUE	2	3	3	3	FALSE	TRUE
loop_4327	TRUE	2	4	3	3	FALSE	TRUE
loop_4328	TRUE	2	3	3	3	FALSE	TRUE
loop_4329	TRUE	3	5	3	3	FALSE	TRUE
loop_4330	FALSE	1	3	1	3	FALSE	FALSE
loop_4331	TRUE	5	4	3	3	FALSE	TRUE
loop_4332	TRUE	3	1	3	3	FALSE	TRUE
loop_4333	TRUE	1	5	3	3	FALSE	TRUE
loop_4334	TRUE	3	3	4	3	TRUE	FALSE
loop_4335	TRUE	3	4	2	1	FALSE	FALSE
loop_4336	FALSE	3	3	3	3	TRUE	TRUE
loop_4337	TRUE	4	3	3	3	FALSE	TRUE
loop_4338	TRUE	2	4	4	4	FALSE	FALSE
loop_4339	FALSE	3	3	3	3	TRUE	TRUE
loop_4340	TRUE	2	3	3	4	FALSE	FALSE
loop_4341	TRUE	4	5	5	3	FALSE	FALSE
loop_4342	FALSE	3	3	3	3	TRUE	TRUE
loop_4343	TRUE	2	1	3	3	FALSE	TRUE
loop_4344	FALSE	3	3	3	3	TRUE	TRUE
loop_4345	TRUE	4	3	3	3	FALSE	TRUE
loop_4346	TRUE	4	4	3	3	FALSE	TRUE
loop_4347	TRUE	3	2	3	3	FALSE	TRUE
loop_4348	FALSE	3	3	3	3	TRUE	TRUE
loop_4349	TRUE	2	3	3	3	FALSE	TRUE
loop_4350	TRUE	4	2	3	3	FALSE	TRUE
loop_4351	TRUE	2	4	3	2	FALSE	FALSE
loop_4352	TRUE	3	4	3	3	FALSE	TRUE
loop_4353	TRUE	1	3	5	1	FALSE	FALSE
loop_4354	TRUE	1	1	4	4	FALSE	FALSE
loop_4355	TRUE	4	1	2	1	FALSE	FALSE
loop_4356	TRUE	2	5	2	4	FALSE	FALSE
loop_4357	TRUE	2	5	3	3	FALSE	TRUE
loop_4358	FALSE	3	3	3	3	TRUE	TRUE
loop_4359	TRUE	4	3	5	1	FALSE	FALSE
loop_4360	FALSE	5	1	5	1	FALSE	FALSE
loop_4361	TRUE	3	2	3	3	FALSE	TRUE
loop_4362	FALSE	4	1	4	1	FALSE	FALSE
loop_4363	TRUE	5	4	2	3	FALSE	FALSE
loop_4364	TRUE	4	3	3	3	FALSE	TRUE
loop_4365	FALSE	5	1	5	1	FALSE	FALSE
loop_4366	TRUE	2	3	3	3	FALSE	TRUE
loop_4367	TRUE	5	2	5	1	FALSE	FALSE
loop_4368	FALSE	5	3	5	3	FALSE	FALSE
loop_4369	TRUE	2	3	3	3	FALSE	TRUE
loop_4370	TRUE	4	2	4	3	FALSE	FALSE
loop_4371	TRUE	4	3	3	3	FALSE	TRUE
loop_4372	TRUE	4	1	4	2	FALSE	FALSE
loop_4373	TRUE	3	4	3	3	FALSE	TRUE
loop_4374	TRUE	5	2	5	1	FALSE	FALSE
loop_4375	TRUE	5	3	3	3	FALSE	TRUE
loop_4376	TRUE	4	1	4	2	FALSE	FALSE
loop_4377	FALSE	3	3	3	3	TRUE	TRUE
loop_4378	FALSE	5	1	5	1	FALSE	FALSE
loop_4379	FALSE	3	3	3	3	TRUE	TRUE
loop_4380	TRUE	2	2	3	2	FALSE	FALSE
loop_4381	TRUE	3	2	3	3	FALSE	TRUE
loop_4382	TRUE	4	2	3	3	FALSE	TRUE
loop_4383	TRUE	4	2	4	1	FALSE	FALSE
loop_4384	FALSE	3	3	3	3	TRUE	TRUE
loop_4385	TRUE	4	2	3	2	FALSE	FALSE
loop_4386	TRUE	3	1	4	3	FALSE	FALSE
loop_4387	TRUE	3	2	4	3	FALSE	FALSE
loop_4388	FALSE	5	1	5	1	FALSE	FALSE
loop_4389	TRUE	3	2	3	3	FALSE	TRUE
loop_4390	TRUE	5	1	5	2	FALSE	FALSE
loop_4391	TRUE	2	2	3	3	FALSE	TRUE
loop_4392	TRUE	2	2	3	3	FALSE	TRUE
loop_4393	FALSE	3	3	3	3	TRUE	TRUE
loop_4394	TRUE	5	1	3	3	FALSE	TRUE
loop_4395	TRUE	1	4	1	3	FALSE	FALSE
loop_4396	TRUE	2	3	3	3	FALSE	TRUE
loop_4397	TRUE	4	5	3	2	FALSE	FALSE
loop_4398	TRUE	3	4	3	2	FALSE	FALSE
loop_4399	FALSE	3	3	3	3	TRUE	TRUE
loop_4400	TRUE	4	2	3	3	FALSE	TRUE
loop_4401	FALSE	3	2	3	2	FALSE	FALSE
loop_4402	FALSE	3	2	3	2	FALSE	FALSE
loop_4403	TRUE	3	3	3	2	TRUE	FALSE
loop_4404	TRUE	2	4	2	3	FALSE	FALSE
loop_4405	TRUE	3	4	3	3	FALSE	TRUE
loop_4406	FALSE	3	3	3	3	TRUE	TRUE
loop_4407	TRUE	3	3	3	4	TRUE	FALSE
loop_4408	FALSE	3	3	3	3	TRUE	TRUE
loop_4409	TRUE	3	4	3	3	FALSE	TRUE
loop_4410	TRUE	3	4	4	4	FALSE	FALSE
loop_4411	TRUE	3	4	2	4	FALSE	FALSE
loop_4412	FALSE	3	3	3	3	TRUE	TRUE
loop_4413	TRUE	2	3	3	3	FALSE	TRUE
loop_4414	TRUE	2	3	3	3	FALSE	TRUE
loop_4415	TRUE	2	2	1	5	FALSE	FALSE
loop_4416	TRUE	3	5	2	4	FALSE	FALSE
loop_4417	FALSE	3	3	3	3	TRUE	TRUE
loop_4418	TRUE	4	5	4	4	FALSE	FALSE
loop_4419	TRUE	4	2	3	3	FALSE	TRUE
loop_4420	TRUE	5	3	3	3	FALSE	TRUE
loop_4421	FALSE	3	3	3	3	TRUE	TRUE
loop_4422	FALSE	3	3	3	3	TRUE	TRUE
loop_4423	TRUE	4	2	3	3	FALSE	TRUE
loop_4424	TRUE	3	4	3	3	FALSE	TRUE
loop_4425	TRUE	5	3	5	1	FALSE	FALSE
loop_4426	TRUE	3	4	2	3	FALSE	FALSE
loop_4427	TRUE	3	1	3	2	FALSE	FALSE
loop_4428	TRUE	2	2	2	3	FALSE	FALSE
loop_4429	TRUE	3	4	3	3	FALSE	TRUE
loop_4430	TRUE	2	3	2	1	FALSE	FALSE
loop_4431	TRUE	1	3	3	3	FALSE	TRUE
loop_4432	TRUE	4	3	3	3	FALSE	TRUE
loop_4433	TRUE	2	3	3	3	FALSE	TRUE
loop_4434	TRUE	1	3	1	5	FALSE	FALSE
loop_4435	FALSE	3	3	3	3	TRUE	TRUE
loop_4436	TRUE	3	4	3	2	FALSE	FALSE
loop_4437	TRUE	3	2	1	2	FALSE	FALSE
loop_4438	TRUE	2	2	3	2	FALSE	FALSE
loop_4439	TRUE	3	2	3	3	FALSE	TRUE
loop_4440	FALSE	3	2	3	2	FALSE	FALSE
loop_4441	TRUE	4	3	3	3	FALSE	TRUE
loop_4442	TRUE	1	1	5	1	FALSE	FALSE
loop_4443	TRUE	4	3	3	3	FALSE	TRUE
loop_4444	TRUE	5	2	3	3	FALSE	TRUE
loop_4445	TRUE	2	3	3	3	FALSE	TRUE
loop_4446	TRUE	2	1	3	3	FALSE	TRUE
loop_4447	TRUE	3	2	3	3	FALSE	TRUE
loop_4448	FALSE	3	3	3	3	TRUE	TRUE
loop_4449	TRUE	2	1	3	3	FALSE	TRUE
loop_4450	TRUE	4	2	2	2	FALSE	FALSE
loop_4451	FALSE	4	3	4	3	FALSE	FALSE
loop_4452	TRUE	2	5	3	3	FALSE	TRUE
loop_4453	FALSE	3	3	3	3	TRUE	TRUE
loop_4454	TRUE	4	2	3	1	FALSE	FALSE
loop_4455	TRUE	4	2	3	3	FALSE	TRUE
loop_4456	FALSE	2	3	2	3	FALSE	FALSE
loop_4457	TRUE	1	2	3	3	FALSE	TRUE
loop_4458	TRUE	3	4	3	3	FALSE	TRUE
loop_4459	TRUE	3	3	2	3	TRUE	FALSE
loop_4460	TRUE	3	3	2	4	TRUE	FALSE
loop_4461	FALSE	4	3	4	3	FALSE	FALSE
loop_4462	TRUE	4	4	3	3	FALSE	TRUE
loop_4463	FALSE	3	3	3	3	TRUE	TRUE
loop_4464	FALSE	3	3	3	3	TRUE	TRUE
loop_4465	TRUE	2	5	3	3	FALSE	TRUE
loop_4466	FALSE	5	1	5	1	FALSE	FALSE
loop_4467	FALSE	5	1	5	1	FALSE	FALSE
loop_4468	FALSE	5	1	5	1	FALSE	FALSE
loop_4469	TRUE	4	2	3	3	FALSE	TRUE
loop_4470	TRUE	3	1	5	1	FALSE	FALSE
loop_4471	TRUE	3	4	3	3	FALSE	TRUE
loop_4472	TRUE	5	1	5	3	FALSE	FALSE
loop_4473	TRUE	5	2	5	1	FALSE	FALSE
loop_4474	TRUE	4	1	3	1	FALSE	FALSE
loop_4475	TRUE	3	1	3	3	FALSE	TRUE
loop_4476	TRUE	5	1	3	2	FALSE	FALSE
loop_4477	TRUE	3	2	5	1	FALSE	FALSE
loop_4478	TRUE	4	4	5	2	FALSE	FALSE
loop_4479	FALSE	3	3	3	3	TRUE	TRUE
loop_4480	TRUE	4	2	3	3	FALSE	TRUE
loop_4481	FALSE	5	1	5	1	FALSE	FALSE
loop_4482	FALSE	5	1	5	1	FALSE	FALSE
loop_4483	TRUE	5	2	3	3	FALSE	TRUE
loop_4484	FALSE	3	3	3	3	TRUE	TRUE
loop_4485	TRUE	5	1	3	3	FALSE	TRUE
loop_4486	TRUE	4	1	3	2	FALSE	FALSE
loop_4487	TRUE	4	2	5	1	FALSE	FALSE
loop_4488	TRUE	2	4	3	3	FALSE	TRUE
loop_4489	TRUE	3	3	3	2	TRUE	FALSE
loop_4490	TRUE	3	3	3	2	TRUE	FALSE
loop_4491	TRUE	3	1	3	3	FALSE	TRUE
loop_4492	FALSE	3	2	3	2	FALSE	FALSE
loop_4493	TRUE	3	2	3	3	FALSE	TRUE
loop_4494	TRUE	5	2	5	1	FALSE	FALSE
loop_4495	TRUE	4	2	3	3	FALSE	TRUE
loop_4496	TRUE	5	1	3	3	FALSE	TRUE
loop_4497	TRUE	5	1	5	2	FALSE	FALSE
loop_4498	TRUE	4	3	4	2	FALSE	FALSE
loop_4499	TRUE	4	2	5	2	FALSE	FALSE
loop_4500	TRUE	4	2	3	3	FALSE	TRUE
loop_4501	TRUE	5	1	3	3	FALSE	TRUE
loop_4502	TRUE	3	5	3	3	FALSE	TRUE
loop_4503	TRUE	5	2	3	3	FALSE	TRUE
loop_4504	TRUE	3	4	3	3	FALSE	TRUE
loop_4505	TRUE	5	1	3	3	FALSE	TRUE
loop_4506	TRUE	3	3	5	1	TRUE	FALSE
loop_4507	TRUE	4	2	5	2	FALSE	FALSE
loop_4508	TRUE	3	2	3	1	FALSE	FALSE
loop_4509	TRUE	5	2	3	3	FALSE	TRUE
loop_4510	TRUE	2	3	3	4	FALSE	FALSE
loop_4511	TRUE	4	1	5	1	FALSE	FALSE
loop_4512	FALSE	3	3	3	3	TRUE	TRUE
loop_4513	TRUE	5	1	3	2	FALSE	FALSE
loop_4514	TRUE	4	4	2	2	FALSE	FALSE
loop_4515	TRUE	4	3	3	3	FALSE	TRUE
loop_4516	TRUE	3	4	2	4	FALSE	FALSE
loop_4517	FALSE	3	3	3	3	TRUE	TRUE
loop_4518	TRUE	3	2	3	3	FALSE	TRUE
loop_4519	TRUE	1	4	2	4	FALSE	FALSE
loop_4520	TRUE	3	4	3	3	FALSE	TRUE
loop_4521	FALSE	4	1	4	1	FALSE	FALSE
loop_4522	FALSE	4	2	4	2	FALSE	FALSE
loop_4523	TRUE	4	2	2	1	FALSE	FALSE
loop_4524	TRUE	2	3	5	3	FALSE	FALSE
loop_4525	FALSE	3	3	3	3	TRUE	TRUE
loop_4526	TRUE	5	1	2	1	FALSE	FALSE
loop_4527	FALSE	3	3	3	3	TRUE	TRUE
loop_4528	TRUE	5	3	3	3	FALSE	TRUE
loop_4529	FALSE	2	3	2	3	FALSE	FALSE
loop_4530	TRUE	4	5	3	3	FALSE	TRUE
loop_4531	TRUE	1	2	1	3	FALSE	FALSE
loop_4532	FALSE	2	2	2	2	FALSE	FALSE
loop_4533	FALSE	3	3	3	3	TRUE	TRUE
loop_4534	TRUE	2	3	3	3	FALSE	TRUE
loop_4535	TRUE	2	3	2	4	FALSE	FALSE
loop_4536	TRUE	2	3	3	3	FALSE	TRUE
loop_4537	TRUE	2	4	4	1	FALSE	FALSE
loop_4538	TRUE	3	4	3	3	FALSE	TRUE
loop_4539	FALSE	1	3	1	3	FALSE	FALSE
loop_4540	FALSE	3	3	3	3	TRUE	TRUE
loop_4541	TRUE	2	3	3	3	FALSE	TRUE
loop_4542	TRUE	2	3	3	3	FALSE	TRUE
loop_4543	TRUE	3	3	3	4	TRUE	FALSE
loop_4544	TRUE	2	2	2	1	FALSE	FALSE
loop_4545	TRUE	5	4	3	4	FALSE	FALSE
loop_4546	FALSE	3	4	3	4	FALSE	FALSE
loop_4547	TRUE	3	4	3	3	FALSE	TRUE
loop_4548	TRUE	3	4	3	3	FALSE	TRUE
loop_4549	TRUE	3	1	3	3	FALSE	TRUE
loop_4550	TRUE	2	4	1	5	FALSE	FALSE
loop_4551	TRUE	4	3	3	3	FALSE	TRUE
loop_4552	TRUE	3	1	5	2	FALSE	FALSE
loop_4553	TRUE	5	2	2	3	FALSE	FALSE
loop_4554	TRUE	3	5	3	3	FALSE	TRUE
loop_4555	FALSE	3	3	3	3	TRUE	TRUE
loop_4556	TRUE	4	2	4	3	FALSE	FALSE
loop_4557	TRUE	3	4	3	3	FALSE	TRUE
loop_4558	TRUE	5	5	5	1	FALSE	FALSE
loop_4559	FALSE	3	3	3	3	TRUE	TRUE
loop_4560	TRUE	2	3	3	3	FALSE	TRUE
loop_4561	TRUE	3	2	3	3	FALSE	TRUE
loop_4562	TRUE	3	1	1	1	FALSE	FALSE
loop_4563	TRUE	2	4	3	4	FALSE	FALSE
loop_4564	TRUE	3	2	3	3	FALSE	TRUE
loop_4565	TRUE	4	5	3	3	FALSE	TRUE
loop_4566	FALSE	3	3	3	3	TRUE	TRUE
loop_4567	TRUE	4	4	3	3	FALSE	TRUE
loop_4568	TRUE	2	3	3	3	FALSE	TRUE
loop_4569	TRUE	4	3	3	3	FALSE	TRUE
loop_4570	TRUE	4	2	3	2	FALSE	FALSE
loop_4571	FALSE	3	3	3	3	TRUE	TRUE
loop_4572	TRUE	3	2	3	5	FALSE	FALSE
loop_4573	TRUE	4	1	3	3	FALSE	TRUE
loop_4574	TRUE	4	3	3	3	FALSE	TRUE
loop_4575	TRUE	2	1	3	3	FALSE	TRUE
loop_4576	TRUE	3	4	3	3	FALSE	TRUE
loop_4577	FALSE	3	2	3	2	FALSE	FALSE
loop_4578	FALSE	3	3	3	3	TRUE	TRUE
loop_4579	TRUE	4	4	3	4	FALSE	FALSE
loop_4580	FALSE	3	2	3	2	FALSE	FALSE
loop_4581	TRUE	4	2	3	3	FALSE	TRUE
loop_4582	TRUE	3	4	2	4	FALSE	FALSE
loop_4583	FALSE	3	4	3	4	FALSE	FALSE
loop_4584	FALSE	3	2	3	2	FALSE	FALSE
loop_4585	TRUE	4	2	3	3	FALSE	TRUE
loop_4586	TRUE	3	2	2	3	FALSE	FALSE
loop_4587	TRUE	4	4	3	3	FALSE	TRUE
loop_4588	TRUE	1	4	3	3	FALSE	TRUE
loop_4589	TRUE	5	2	3	1	FALSE	FALSE
loop_4590	FALSE	2	3	2	3	FALSE	FALSE
loop_4591	TRUE	3	5	4	3	FALSE	FALSE
loop_4592	TRUE	5	1	3	3	FALSE	TRUE
loop_4593	FALSE	3	3	3	3	TRUE	TRUE
loop_4594	TRUE	4	5	3	3	FALSE	TRUE
loop_4595	TRUE	4	3	3	3	FALSE	TRUE
loop_4596	TRUE	3	3	3	2	TRUE	FALSE
loop_4597	TRUE	4	1	5	1	FALSE	FALSE
loop_4598	FALSE	5	1	5	1	FALSE	FALSE
loop_4599	FALSE	5	1	5	1	FALSE	FALSE
loop_4600	FALSE	5	1	5	1	FALSE	FALSE
loop_4601	TRUE	4	2	5	1	FALSE	FALSE
loop_4602	FALSE	5	1	5	1	FALSE	FALSE
loop_4603	FALSE	5	1	5	1	FALSE	FALSE
loop_4604	TRUE	4	1	3	3	FALSE	TRUE
loop_4605	TRUE	2	2	3	3	FALSE	TRUE
loop_4606	FALSE	5	1	5	1	FALSE	FALSE
loop_4607	FALSE	5	1	5	1	FALSE	FALSE
loop_4608	TRUE	4	1	4	3	FALSE	FALSE
loop_4609	FALSE	5	1	5	1	FALSE	FALSE
loop_4610	TRUE	5	1	3	3	FALSE	TRUE
loop_4611	TRUE	4	3	3	3	FALSE	TRUE
loop_4612	TRUE	2	2	3	2	FALSE	FALSE
loop_4613	TRUE	4	2	3	3	FALSE	TRUE
loop_4614	TRUE	3	2	3	3	FALSE	TRUE
loop_4615	TRUE	5	3	4	3	FALSE	FALSE
loop_4616	TRUE	4	1	5	1	FALSE	FALSE
loop_4617	TRUE	3	3	4	3	TRUE	FALSE
loop_4618	TRUE	3	3	2	3	TRUE	FALSE
loop_4619	TRUE	3	1	3	3	FALSE	TRUE
loop_4620	TRUE	5	3	5	1	FALSE	FALSE
loop_4621	FALSE	5	1	5	1	FALSE	FALSE
loop_4622	TRUE	5	1	3	3	FALSE	TRUE
loop_4623	TRUE	5	1	5	2	FALSE	FALSE
loop_4624	FALSE	5	1	5	1	FALSE	FALSE
loop_4625	TRUE	3	1	5	1	FALSE	FALSE
loop_4626	TRUE	2	2	2	3	FALSE	FALSE
loop_4627	TRUE	5	4	5	2	FALSE	FALSE
loop_4628	FALSE	3	3	3	3	TRUE	TRUE
loop_4629	FALSE	3	4	3	4	FALSE	FALSE
loop_4630	TRUE	5	1	5	3	FALSE	FALSE
loop_4631	FALSE	4	1	4	1	FALSE	FALSE
loop_4632	TRUE	3	3	3	2	TRUE	FALSE
loop_4633	FALSE	3	3	3	3	TRUE	TRUE
loop_4634	TRUE	3	4	3	3	FALSE	TRUE
loop_4635	TRUE	5	1	3	2	FALSE	FALSE
loop_4636	TRUE	5	3	5	4	FALSE	FALSE
loop_4637	FALSE	3	4	3	4	FALSE	FALSE
loop_4638	FALSE	5	1	5	1	FALSE	FALSE
loop_4639	TRUE	4	1	5	1	FALSE	FALSE
loop_4640	TRUE	2	3	2	4	FALSE	FALSE
loop_4641	TRUE	5	2	4	2	FALSE	FALSE
loop_4642	FALSE	5	1	5	1	FALSE	FALSE
loop_4643	TRUE	4	1	5	1	FALSE	FALSE
loop_4644	TRUE	5	1	3	3	FALSE	TRUE
loop_4645	TRUE	3	1	4	2	FALSE	FALSE
loop_4646	TRUE	4	1	3	3	FALSE	TRUE
loop_4647	TRUE	3	3	4	2	TRUE	FALSE
loop_4648	TRUE	4	3	3	4	FALSE	FALSE
loop_4649	FALSE	1	1	1	1	FALSE	FALSE
loop_4650	TRUE	3	1	3	3	FALSE	TRUE
loop_4651	TRUE	4	3	2	5	FALSE	FALSE
loop_4652	TRUE	1	3	3	3	FALSE	TRUE
loop_4653	TRUE	5	4	3	3	FALSE	TRUE
loop_4654	TRUE	4	4	3	3	FALSE	TRUE
loop_4655	TRUE	5	1	3	3	FALSE	TRUE
loop_4656	FALSE	5	1	5	1	FALSE	FALSE
loop_4657	FALSE	3	3	3	3	TRUE	TRUE
loop_4658	FALSE	5	1	5	1	FALSE	FALSE
loop_4659	TRUE	4	3	4	4	FALSE	FALSE
loop_4660	TRUE	3	3	4	3	TRUE	FALSE
loop_4661	TRUE	4	1	3	1	FALSE	FALSE
loop_4662	TRUE	2	3	3	3	FALSE	TRUE
loop_4663	TRUE	3	2	3	3	FALSE	TRUE
loop_4664	TRUE	4	3	5	1	FALSE	FALSE
loop_4665	TRUE	4	2	4	3	FALSE	FALSE
loop_4666	FALSE	3	3	3	3	TRUE	TRUE
loop_4667	TRUE	3	5	5	4	FALSE	FALSE
loop_4668	TRUE	1	2	3	3	FALSE	TRUE
loop_4669	TRUE	4	3	3	3	FALSE	TRUE
loop_4670	FALSE	3	3	3	3	TRUE	TRUE
loop_4671	FALSE	3	3	3	3	TRUE	TRUE
loop_4672	TRUE	3	5	2	4	FALSE	FALSE
loop_4673	FALSE	5	1	5	1	FALSE	FALSE
loop_4674	TRUE	4	2	5	2	FALSE	FALSE
loop_4675	TRUE	3	3	4	2	TRUE	FALSE
loop_4676	TRUE	4	3	4	2	FALSE	FALSE
loop_4677	TRUE	4	3	3	3	FALSE	TRUE
loop_4678	TRUE	4	4	5	1	FALSE	FALSE
loop_4679	TRUE	4	4	3	3	FALSE	TRUE
loop_4680	TRUE	2	1	2	3	FALSE	FALSE
loop_4681	FALSE	3	3	3	3	TRUE	TRUE
loop_4682	FALSE	4	4	4	4	FALSE	FALSE
loop_4683	TRUE	4	1	3	3	FALSE	TRUE
loop_4684	FALSE	3	3	3	3	TRUE	TRUE
loop_4685	FALSE	1	1	1	1	FALSE	FALSE
loop_4686	TRUE	3	2	3	3	FALSE	TRUE
loop_4687	TRUE	2	4	4	4	FALSE	FALSE
loop_4688	TRUE	3	3	3	2	TRUE	FALSE
loop_4689	TRUE	5	2	2	1	FALSE	FALSE
loop_4690	TRUE	2	3	2	2	FALSE	FALSE
loop_4691	TRUE	2	3	3	3	FALSE	TRUE
loop_4692	TRUE	3	3	3	4	TRUE	FALSE
loop_4693	TRUE	4	4	3	3	FALSE	TRUE
loop_4694	TRUE	5	1	3	2	FALSE	FALSE
loop_4695	TRUE	2	3	3	3	FALSE	TRUE
loop_4696	TRUE	3	3	5	3	TRUE	FALSE
loop_4697	TRUE	2	4	3	3	FALSE	TRUE
loop_4698	TRUE	4	3	3	4	FALSE	FALSE
loop_4699	TRUE	3	2	4	2	FALSE	FALSE
loop_4700	FALSE	3	2	3	2	FALSE	FALSE
loop_4701	TRUE	4	3	3	5	FALSE	FALSE
loop_4702	TRUE	4	3	3	4	FALSE	FALSE
loop_4703	TRUE	5	1	3	2	FALSE	FALSE
loop_4704	TRUE	4	3	2	3	FALSE	FALSE
loop_4705	TRUE	4	1	3	1	FALSE	FALSE
loop_4706	TRUE	1	4	3	3	FALSE	TRUE
loop_4707	TRUE	2	4	2	3	FALSE	FALSE
loop_4708	TRUE	4	3	3	3	FALSE	TRUE
loop_4709	FALSE	2	2	2	2	FALSE	FALSE
loop_4710	FALSE	4	4	4	4	FALSE	FALSE
loop_4711	FALSE	3	3	3	3	TRUE	TRUE
loop_4712	TRUE	4	2	3	3	FALSE	TRUE
loop_4713	FALSE	2	5	2	5	FALSE	FALSE
loop_4714	TRUE	4	3	5	2	FALSE	FALSE
loop_4715	TRUE	2	1	2	3	FALSE	FALSE
loop_4716	TRUE	3	3	1	3	TRUE	FALSE
loop_4717	TRUE	1	2	3	3	FALSE	TRUE
loop_4718	TRUE	4	2	2	2	FALSE	FALSE
loop_4719	TRUE	2	5	3	3	FALSE	TRUE
loop_4720	TRUE	2	4	3	3	FALSE	TRUE
loop_4721	FALSE	3	3	3	3	TRUE	TRUE
loop_4722	TRUE	3	3	4	3	TRUE	FALSE
loop_4723	FALSE	3	3	3	3	TRUE	TRUE
loop_4724	FALSE	3	3	3	3	TRUE	TRUE
loop_4725	TRUE	2	5	4	5	FALSE	FALSE
loop_4726	TRUE	1	4	2	4	FALSE	FALSE
loop_4727	TRUE	3	3	3	1	TRUE	FALSE
loop_4728	TRUE	3	3	4	3	TRUE	FALSE
loop_4729	TRUE	2	5	4	4	FALSE	FALSE
loop_4730	TRUE	2	3	3	3	FALSE	TRUE
loop_4731	TRUE	3	2	3	3	FALSE	TRUE
loop_4732	TRUE	3	5	2	5	FALSE	FALSE
loop_4733	FALSE	3	3	3	3	TRUE	TRUE
loop_4734	TRUE	2	3	2	4	FALSE	FALSE
loop_4735	FALSE	3	3	3	3	TRUE	TRUE
loop_4736	TRUE	4	2	3	3	FALSE	TRUE
loop_4737	TRUE	3	2	3	3	FALSE	TRUE
loop_4738	FALSE	2	2	2	2	FALSE	FALSE
loop_4739	TRUE	2	3	3	4	FALSE	FALSE
loop_4740	FALSE	5	2	5	2	FALSE	FALSE
loop_4741	TRUE	4	3	2	3	FALSE	FALSE
loop_4742	TRUE	3	1	3	3	FALSE	TRUE
loop_4743	TRUE	1	3	5	2	FALSE	FALSE
loop_4744	TRUE	1	2	3	3	FALSE	TRUE
loop_4745	TRUE	1	4	3	3	FALSE	TRUE
loop_4746	TRUE	3	1	3	3	FALSE	TRUE
loop_4747	TRUE	4	1	4	3	FALSE	FALSE
loop_4748	TRUE	4	3	3	3	FALSE	TRUE
loop_4749	TRUE	1	4	3	3	FALSE	TRUE
loop_4750	TRUE	3	3	4	3	TRUE	FALSE
loop_4751	TRUE	2	2	2	3	FALSE	FALSE
loop_4752	TRUE	3	2	3	3	FALSE	TRUE
loop_4753	TRUE	5	3	3	3	FALSE	TRUE
loop_4754	TRUE	3	3	3	2	TRUE	FALSE
loop_4755	TRUE	1	1	3	3	FALSE	TRUE
loop_4756	TRUE	4	5	5	5	FALSE	FALSE
loop_4757	TRUE	4	2	2	5	FALSE	FALSE
loop_4758	TRUE	4	2	3	3	FALSE	TRUE
loop_4759	TRUE	2	3	3	3	FALSE	TRUE
loop_4760	TRUE	3	5	2	5	FALSE	FALSE
loop_4761	FALSE	3	3	3	3	TRUE	TRUE
loop_4762	TRUE	4	3	3	3	FALSE	TRUE
loop_4763	TRUE	1	1	3	3	FALSE	TRUE
loop_4764	FALSE	3	3	3	3	TRUE	TRUE
loop_4765	TRUE	2	2	3	2	FALSE	FALSE
loop_4766	TRUE	3	4	3	3	FALSE	TRUE
loop_4767	FALSE	3	3	3	3	TRUE	TRUE
loop_4768	TRUE	4	5	3	3	FALSE	TRUE
loop_4769	FALSE	3	3	3	3	TRUE	TRUE
loop_4770	TRUE	1	4	3	3	FALSE	TRUE
loop_4771	TRUE	3	4	3	3	FALSE	TRUE
loop_4772	FALSE	3	3	3	3	TRUE	TRUE
loop_4773	TRUE	3	4	3	3	FALSE	TRUE
loop_4774	TRUE	4	3	3	4	FALSE	FALSE
loop_4775	FALSE	3	2	3	2	FALSE	FALSE
loop_4776	TRUE	5	2	3	3	FALSE	TRUE
loop_4777	TRUE	3	3	3	4	TRUE	FALSE
loop_4778	TRUE	4	1	3	3	FALSE	TRUE
loop_4779	TRUE	4	3	3	3	FALSE	TRUE
loop_4780	TRUE	4	2	5	3	FALSE	FALSE
loop_4781	TRUE	2	2	3	3	FALSE	TRUE
loop_4782	FALSE	3	3	3	3	TRUE	TRUE
loop_4783	TRUE	4	4	3	3	FALSE	TRUE
loop_4784	TRUE	2	3	3	2	FALSE	FALSE
loop_4785	TRUE	1	5	3	3	FALSE	TRUE
loop_4786	TRUE	3	5	3	4	FALSE	FALSE
loop_4787	TRUE	3	4	3	3	FALSE	TRUE
loop_4788	TRUE	3	2	3	3	FALSE	TRUE
loop_4789	TRUE	5	3	3	3	FALSE	TRUE
loop_4790	TRUE	4	1	1	1	FALSE	FALSE
loop_4791	FALSE	3	3	3	3	TRUE	TRUE
loop_4792	TRUE	3	2	2	3	FALSE	FALSE
loop_4793	TRUE	4	2	4	3	FALSE	FALSE
loop_4794	TRUE	3	4	3	3	FALSE	TRUE
loop_4795	FALSE	3	3	3	3	TRUE	TRUE
loop_4796	FALSE	2	1	2	1	FALSE	FALSE
loop_4797	TRUE	2	3	3	3	FALSE	TRUE
loop_4798	TRUE	5	2	3	3	FALSE	TRUE
loop_4799	TRUE	3	2	3	3	FALSE	TRUE
loop_4800	TRUE	2	3	3	3	FALSE	TRUE
loop_4801	FALSE	2	3	2	3	FALSE	FALSE
loop_4802	TRUE	3	2	3	3	FALSE	TRUE
loop_4803	TRUE	3	2	3	3	FALSE	TRUE
loop_4804	TRUE	4	4	3	3	FALSE	TRUE
loop_4805	TRUE	4	3	3	3	FALSE	TRUE
loop_4806	TRUE	4	2	4	3	FALSE	FALSE
loop_4807	TRUE	2	2	2	1	FALSE	FALSE
loop_4808	TRUE	3	4	3	3	FALSE	TRUE
loop_4809	FALSE	3	3	3	3	TRUE	TRUE
loop_4810	TRUE	4	3	1	5	FALSE	FALSE
loop_4811	TRUE	4	1	5	1	FALSE	FALSE
loop_4812	FALSE	5	1	5	1	FALSE	FALSE
loop_4813	TRUE	4	1	5	1	FALSE	FALSE
loop_4814	TRUE	2	3	3	3	FALSE	TRUE
loop_4815	FALSE	5	1	5	1	FALSE	FALSE
loop_4816	TRUE	4	1	5	1	FALSE	FALSE
loop_4817	FALSE	5	1	5	1	FALSE	FALSE
loop_4818	FALSE	5	1	5	1	FALSE	FALSE
loop_4819	FALSE	5	1	5	1	FALSE	FALSE
loop_4820	TRUE	2	5	2	4	FALSE	FALSE
loop_4821	FALSE	5	1	5	1	FALSE	FALSE
loop_4822	FALSE	5	1	5	1	FALSE	FALSE
loop_4823	FALSE	5	1	5	1	FALSE	FALSE
loop_4824	TRUE	4	3	1	3	FALSE	FALSE
loop_4825	TRUE	3	2	5	2	FALSE	FALSE
loop_4826	TRUE	4	3	3	3	FALSE	TRUE
loop_4827	TRUE	5	2	1	2	FALSE	FALSE
loop_4828	FALSE	3	2	3	2	FALSE	FALSE
loop_4829	FALSE	5	1	5	1	FALSE	FALSE
loop_4830	TRUE	5	3	3	3	FALSE	TRUE
loop_4831	TRUE	5	2	3	3	FALSE	TRUE
loop_4832	TRUE	5	1	5	2	FALSE	FALSE
loop_4833	TRUE	5	2	5	1	FALSE	FALSE
loop_4834	TRUE	3	4	3	3	FALSE	TRUE
loop_4835	FALSE	5	1	5	1	FALSE	FALSE
loop_4836	TRUE	3	2	3	3	FALSE	TRUE
loop_4837	TRUE	5	2	4	1	FALSE	FALSE
loop_4838	TRUE	4	3	3	3	FALSE	TRUE
loop_4839	TRUE	5	4	3	3	FALSE	TRUE
loop_4840	TRUE	3	5	3	3	FALSE	TRUE
loop_4841	TRUE	3	3	5	1	TRUE	FALSE
loop_4842	FALSE	3	3	3	3	TRUE	TRUE
loop_4843	FALSE	3	3	3	3	TRUE	TRUE
loop_4844	FALSE	4	2	4	2	FALSE	FALSE
loop_4845	TRUE	5	1	3	3	FALSE	TRUE
loop_4846	TRUE	4	1	3	2	FALSE	FALSE
loop_4847	TRUE	2	3	5	2	FALSE	FALSE
loop_4848	TRUE	3	1	3	3	FALSE	TRUE
loop_4849	TRUE	3	4	3	3	FALSE	TRUE
loop_4850	TRUE	4	2	3	2	FALSE	FALSE
loop_4851	TRUE	4	2	3	3	FALSE	TRUE
loop_4852	TRUE	4	2	3	3	FALSE	TRUE
loop_4853	TRUE	4	1	2	1	FALSE	FALSE
loop_4854	FALSE	3	3	3	3	TRUE	TRUE
loop_4855	FALSE	3	3	3	3	TRUE	TRUE
loop_4856	TRUE	5	1	3	3	FALSE	TRUE
loop_4857	TRUE	4	1	3	3	FALSE	TRUE
loop_4858	FALSE	3	3	3	3	TRUE	TRUE
loop_4859	TRUE	3	2	3	3	FALSE	TRUE
loop_4860	FALSE	5	1	5	1	FALSE	FALSE
loop_4861	TRUE	4	3	2	3	FALSE	FALSE
loop_4862	FALSE	5	3	5	3	FALSE	FALSE
loop_4863	TRUE	3	2	3	3	FALSE	TRUE
loop_4864	TRUE	4	4	3	3	FALSE	TRUE
loop_4865	TRUE	4	2	3	3	FALSE	TRUE
loop_4866	FALSE	3	3	3	3	TRUE	TRUE
loop_4867	TRUE	2	1	4	1	FALSE	FALSE
loop_4868	FALSE	3	2	3	2	FALSE	FALSE
loop_4869	TRUE	1	4	3	3	FALSE	TRUE
loop_4870	TRUE	3	1	3	3	FALSE	TRUE
loop_4871	TRUE	3	1	1	2	FALSE	FALSE
loop_4872	TRUE	2	3	2	2	FALSE	FALSE
loop_4873	TRUE	5	4	5	1	FALSE	FALSE
loop_4874	TRUE	4	1	5	2	FALSE	FALSE
loop_4875	TRUE	3	3	5	5	TRUE	FALSE
loop_4876	TRUE	5	1	3	3	FALSE	TRUE
loop_4877	TRUE	3	4	3	3	FALSE	TRUE
loop_4878	TRUE	1	3	3	3	FALSE	TRUE
loop_4879	TRUE	4	3	3	3	FALSE	TRUE
loop_4880	FALSE	5	1	5	1	FALSE	FALSE
loop_4881	TRUE	4	1	3	3	FALSE	TRUE
loop_4882	FALSE	3	2	3	2	FALSE	FALSE
loop_4883	FALSE	4	3	4	3	FALSE	FALSE
loop_4884	TRUE	3	4	3	3	FALSE	TRUE
loop_4885	FALSE	3	3	3	3	TRUE	TRUE
loop_4886	TRUE	3	4	4	3	FALSE	FALSE
loop_4887	TRUE	4	3	3	3	FALSE	TRUE
loop_4888	TRUE	5	5	3	3	FALSE	TRUE
loop_4889	FALSE	3	3	3	3	TRUE	TRUE
loop_4890	TRUE	4	1	3	1	FALSE	FALSE
loop_4891	TRUE	2	3	3	3	FALSE	TRUE
loop_4892	TRUE	1	3	1	5	FALSE	FALSE
loop_4893	TRUE	4	1	3	2	FALSE	FALSE
loop_4894	FALSE	4	3	4	3	FALSE	FALSE
loop_4895	TRUE	4	4	5	5	FALSE	FALSE
loop_4896	FALSE	3	3	3	3	TRUE	TRUE
loop_4897	FALSE	3	3	3	3	TRUE	TRUE
loop_4898	TRUE	4	2	3	2	FALSE	FALSE
loop_4899	TRUE	4	3	3	3	FALSE	TRUE
loop_4900	FALSE	3	2	3	2	FALSE	FALSE
loop_4901	TRUE	5	3	3	3	FALSE	TRUE
loop_4902	FALSE	3	5	3	5	FALSE	FALSE
loop_4903	TRUE	3	3	3	4	TRUE	FALSE
loop_4904	TRUE	2	2	3	3	FALSE	TRUE
loop_4905	TRUE	2	2	3	3	FALSE	TRUE
loop_4906	TRUE	3	2	3	3	FALSE	TRUE
loop_4907	TRUE	4	2	3	3	FALSE	TRUE
loop_4908	TRUE	1	4	2	4	FALSE	FALSE
loop_4909	TRUE	3	3	5	3	TRUE	FALSE
loop_4910	TRUE	2	3	3	3	FALSE	TRUE
loop_4911	TRUE	2	4	3	3	FALSE	TRUE
loop_4912	TRUE	3	4	3	3	FALSE	TRUE
loop_4913	TRUE	2	2	2	3	FALSE	FALSE
loop_4914	TRUE	3	4	3	3	FALSE	TRUE
loop_4915	FALSE	3	3	3	3	TRUE	TRUE
loop_4916	TRUE	5	4	4	4	FALSE	FALSE
loop_4917	TRUE	1	3	3	3	FALSE	TRUE
loop_4918	TRUE	3	2	3	3	FALSE	TRUE
loop_4919	TRUE	2	1	3	3	FALSE	TRUE
loop_4920	TRUE	2	2	3	3	FALSE	TRUE
loop_4921	FALSE	4	3	4	3	FALSE	FALSE
loop_4922	TRUE	5	2	3	3	FALSE	TRUE
loop_4923	FALSE	5	1	5	1	FALSE	FALSE
loop_4924	FALSE	2	3	2	3	FALSE	FALSE
loop_4925	FALSE	5	1	5	1	FALSE	FALSE
loop_4926	FALSE	5	1	5	1	FALSE	FALSE
loop_4927	TRUE	5	2	3	3	FALSE	TRUE
loop_4928	FALSE	5	1	5	1	FALSE	FALSE
loop_4929	TRUE	5	1	5	2	FALSE	FALSE
loop_4930	TRUE	4	2	3	3	FALSE	TRUE
loop_4931	TRUE	3	2	3	3	FALSE	TRUE
loop_4932	TRUE	3	2	3	3	FALSE	TRUE
loop_4933	TRUE	5	1	3	3	FALSE	TRUE
loop_4934	TRUE	4	1	5	1	FALSE	FALSE
loop_4935	TRUE	4	2	5	1	FALSE	FALSE
loop_4936	TRUE	5	2	4	2	FALSE	FALSE
loop_4937	TRUE	3	2	3	3	FALSE	TRUE
loop_4938	TRUE	4	2	5	1	FALSE	FALSE
loop_4939	TRUE	4	2	4	3	FALSE	FALSE
loop_4940	FALSE	5	1	5	1	FALSE	FALSE
loop_4941	TRUE	4	1	3	3	FALSE	TRUE
loop_4942	TRUE	4	1	3	3	FALSE	TRUE
loop_4943	FALSE	3	3	3	3	TRUE	TRUE
loop_4944	TRUE	3	1	3	3	FALSE	TRUE
loop_4945	TRUE	4	1	5	2	FALSE	FALSE
loop_4946	TRUE	3	2	3	3	FALSE	TRUE
loop_4947	TRUE	4	2	5	4	FALSE	FALSE
loop_4948	TRUE	5	3	3	3	FALSE	TRUE
loop_4949	FALSE	3	3	3	3	TRUE	TRUE
loop_4950	TRUE	4	1	3	3	FALSE	TRUE
loop_4951	TRUE	1	1	3	3	FALSE	TRUE
loop_4952	TRUE	3	3	3	5	TRUE	FALSE
loop_4953	TRUE	3	3	4	3	TRUE	FALSE
loop_4954	FALSE	3	3	3	3	TRUE	TRUE
loop_4955	TRUE	4	1	3	3	FALSE	TRUE
loop_4956	TRUE	3	2	3	3	FALSE	TRUE
loop_4957	TRUE	5	2	3	3	FALSE	TRUE
loop_4958	TRUE	3	3	3	4	TRUE	FALSE
loop_4959	FALSE	2	2	2	2	FALSE	FALSE
loop_4960	TRUE	4	5	3	3	FALSE	TRUE
loop_4961	TRUE	3	1	3	4	FALSE	FALSE
loop_4962	TRUE	4	3	3	3	FALSE	TRUE
loop_4963	TRUE	2	5	1	5	FALSE	FALSE
loop_4964	FALSE	3	3	3	3	TRUE	TRUE
loop_4965	TRUE	5	2	4	4	FALSE	FALSE
loop_4966	TRUE	4	2	3	3	FALSE	TRUE
loop_4967	TRUE	3	3	3	4	TRUE	FALSE
loop_4968	TRUE	3	4	3	3	FALSE	TRUE
loop_4969	TRUE	4	4	3	4	FALSE	FALSE
loop_4970	FALSE	3	3	3	3	TRUE	TRUE
loop_4971	TRUE	4	2	3	3	FALSE	TRUE
loop_4972	TRUE	3	2	3	3	FALSE	TRUE
loop_4973	FALSE	4	3	4	3	FALSE	FALSE
loop_4974	TRUE	5	3	1	2	FALSE	FALSE
loop_4975	TRUE	3	1	5	1	FALSE	FALSE
loop_4976	FALSE	4	3	4	3	FALSE	FALSE
loop_4977	TRUE	3	3	1	1	TRUE	FALSE
loop_4978	TRUE	3	1	3	2	FALSE	FALSE
loop_4979	TRUE	4	3	2	2	FALSE	FALSE
loop_4980	TRUE	2	2	2	3	FALSE	FALSE
loop_4981	TRUE	2	4	3	3	FALSE	TRUE
loop_4982	TRUE	4	4	2	3	FALSE	FALSE
loop_4983	TRUE	3	4	3	3	FALSE	TRUE
loop_4984	FALSE	3	3	3	3	TRUE	TRUE
loop_4985	FALSE	3	3	3	3	TRUE	TRUE
loop_4986	TRUE	3	3	3	4	TRUE	FALSE
loop_4987	FALSE	3	3	3	3	TRUE	TRUE
loop_4988	TRUE	3	4	3	3	FALSE	TRUE
loop_4989	FALSE	3	4	3	4	FALSE	FALSE
loop_4990	FALSE	3	3	3	3	TRUE	TRUE
loop_4991	FALSE	3	3	3	3	TRUE	TRUE
loop_4992	TRUE	5	4	3	3	FALSE	TRUE
loop_4993	FALSE	3	3	3	3	TRUE	TRUE
loop_4994	FALSE	3	2	3	2	FALSE	FALSE
loop_4995	FALSE	3	2	3	2	FALSE	FALSE
loop_4996	TRUE	2	4	2	3	FALSE	FALSE
loop_4997	TRUE	2	3	1	3	FALSE	FALSE
loop_4998	TRUE	4	3	5	3	FALSE	FALSE
loop_4999	TRUE	3	2	3	3	FALSE	TRUE
loop_5000	TRUE	3	2	3	3	FALSE	TRUE
loop_5001	TRUE	3	1	3	3	FALSE	TRUE
loop_5002	FALSE	3	3	3	3	TRUE	TRUE
loop_5003	TRUE	5	4	3	3	FALSE	TRUE
loop_5004	TRUE	4	2	3	3	FALSE	TRUE
loop_5005	TRUE	3	4	3	3	FALSE	TRUE
loop_5006	TRUE	2	2	2	1	FALSE	FALSE
loop_5007	TRUE	2	3	1	2	FALSE	FALSE
loop_5008	FALSE	2	4	2	4	FALSE	FALSE
loop_5009	TRUE	2	3	3	3	FALSE	TRUE
loop_5010	TRUE	4	4	4	2	FALSE	FALSE
loop_5011	TRUE	5	2	3	3	FALSE	TRUE
loop_5012	TRUE	5	1	4	1	FALSE	FALSE
loop_5013	TRUE	4	1	5	1	FALSE	FALSE
loop_5014	FALSE	5	1	5	1	FALSE	FALSE
loop_5015	TRUE	2	3	2	2	FALSE	FALSE
loop_5016	TRUE	5	1	4	1	FALSE	FALSE
loop_5017	FALSE	5	1	5	1	FALSE	FALSE
loop_5018	FALSE	5	1	5	1	FALSE	FALSE
loop_5019	TRUE	4	1	5	1	FALSE	FALSE
loop_5020	FALSE	5	1	5	1	FALSE	FALSE
loop_5021	TRUE	5	2	5	1	FALSE	FALSE
loop_5022	FALSE	5	1	5	1	FALSE	FALSE
loop_5023	FALSE	3	3	3	3	TRUE	TRUE
loop_5024	TRUE	2	3	1	3	FALSE	FALSE
loop_5025	FALSE	5	1	5	1	FALSE	FALSE
loop_5026	TRUE	4	1	5	2	FALSE	FALSE
loop_5027	TRUE	3	1	5	1	FALSE	FALSE
loop_5028	TRUE	3	2	3	3	FALSE	TRUE
loop_5029	TRUE	5	1	5	2	FALSE	FALSE
loop_5030	TRUE	5	3	3	3	FALSE	TRUE
loop_5031	TRUE	5	1	5	2	FALSE	FALSE
loop_5032	FALSE	5	1	5	1	FALSE	FALSE
loop_5033	TRUE	3	4	5	3	FALSE	FALSE
loop_5034	TRUE	4	3	3	3	FALSE	TRUE
loop_5035	FALSE	5	1	5	1	FALSE	FALSE
loop_5036	TRUE	5	1	4	2	FALSE	FALSE
loop_5037	TRUE	4	1	5	2	FALSE	FALSE
loop_5038	FALSE	5	1	5	1	FALSE	FALSE
loop_5039	TRUE	3	2	4	1	FALSE	FALSE
loop_5040	TRUE	3	4	3	3	FALSE	TRUE
loop_5041	FALSE	3	3	3	3	TRUE	TRUE
loop_5042	TRUE	5	1	4	1	FALSE	FALSE
loop_5043	TRUE	5	2	5	1	FALSE	FALSE
loop_5044	TRUE	3	1	3	2	FALSE	FALSE
loop_5045	TRUE	5	1	3	3	FALSE	TRUE
loop_5046	TRUE	4	1	5	1	FALSE	FALSE
loop_5047	TRUE	2	3	5	1	FALSE	FALSE
loop_5048	TRUE	1	3	3	3	FALSE	TRUE
loop_5049	FALSE	3	3	3	3	TRUE	TRUE
loop_5050	TRUE	5	1	4	1	FALSE	FALSE
loop_5051	FALSE	4	2	4	2	FALSE	FALSE
loop_5052	TRUE	5	1	3	3	FALSE	TRUE
loop_5053	FALSE	4	2	4	2	FALSE	FALSE
loop_5054	TRUE	4	1	3	1	FALSE	FALSE
loop_5055	TRUE	1	3	1	5	FALSE	FALSE
loop_5056	FALSE	5	1	5	1	FALSE	FALSE
loop_5057	TRUE	3	2	3	3	FALSE	TRUE
loop_5058	TRUE	2	3	3	3	FALSE	TRUE
loop_5059	TRUE	4	3	3	3	FALSE	TRUE
loop_5060	TRUE	2	3	4	4	FALSE	FALSE
loop_5061	TRUE	2	2	3	3	FALSE	TRUE
loop_5062	FALSE	5	1	5	1	FALSE	FALSE
loop_5063	TRUE	5	2	3	3	FALSE	TRUE
loop_5064	TRUE	1	2	3	3	FALSE	TRUE
loop_5065	TRUE	3	4	3	3	FALSE	TRUE
loop_5066	TRUE	3	1	3	3	FALSE	TRUE
loop_5067	TRUE	5	3	4	4	FALSE	FALSE
loop_5068	TRUE	5	1	1	3	FALSE	FALSE
loop_5069	TRUE	2	3	3	3	FALSE	TRUE
loop_5070	FALSE	5	1	5	1	FALSE	FALSE
loop_5071	TRUE	4	5	3	3	FALSE	TRUE
loop_5072	TRUE	1	5	3	3	FALSE	TRUE
loop_5073	TRUE	5	2	5	1	FALSE	FALSE
loop_5074	TRUE	4	5	3	3	FALSE	TRUE
loop_5075	FALSE	3	3	3	3	TRUE	TRUE
loop_5076	TRUE	3	5	3	3	FALSE	TRUE
loop_5077	FALSE	3	3	3	3	TRUE	TRUE
loop_5078	TRUE	4	4	3	3	FALSE	TRUE
loop_5079	FALSE	3	3	3	3	TRUE	TRUE
loop_5080	TRUE	1	1	2	3	FALSE	FALSE
loop_5081	TRUE	4	3	3	3	FALSE	TRUE
loop_5082	TRUE	4	4	3	3	FALSE	TRUE
loop_5083	TRUE	5	1	3	3	FALSE	TRUE
loop_5084	FALSE	5	1	5	1	FALSE	FALSE
loop_5085	TRUE	2	1	3	3	FALSE	TRUE
loop_5086	TRUE	5	2	3	3	FALSE	TRUE
loop_5087	TRUE	3	2	3	3	FALSE	TRUE
loop_5088	TRUE	4	5	3	3	FALSE	TRUE
loop_5089	TRUE	3	4	3	3	FALSE	TRUE
loop_5090	TRUE	5	3	3	3	FALSE	TRUE
loop_5091	FALSE	3	3	3	3	TRUE	TRUE
loop_5092	TRUE	4	3	3	3	FALSE	TRUE
loop_5093	TRUE	4	4	4	3	FALSE	FALSE
loop_5094	TRUE	5	2	3	2	FALSE	FALSE
loop_5095	TRUE	3	3	3	4	TRUE	FALSE
loop_5096	TRUE	5	1	4	3	FALSE	FALSE
loop_5097	FALSE	4	1	4	1	FALSE	FALSE
loop_5098	TRUE	2	4	3	3	FALSE	TRUE
loop_5099	TRUE	2	2	4	1	FALSE	FALSE
loop_5100	TRUE	3	3	3	4	TRUE	FALSE
loop_5101	FALSE	3	3	3	3	TRUE	TRUE
loop_5102	TRUE	1	1	1	2	FALSE	FALSE
loop_5103	FALSE	3	3	3	3	TRUE	TRUE
loop_5104	TRUE	3	3	4	3	TRUE	FALSE
loop_5105	TRUE	3	1	3	4	FALSE	FALSE
loop_5106	TRUE	4	3	3	3	FALSE	TRUE
loop_5107	TRUE	2	3	3	3	FALSE	TRUE
loop_5108	TRUE	3	3	4	2	TRUE	FALSE
loop_5109	TRUE	3	5	4	5	FALSE	FALSE
loop_5110	FALSE	5	1	5	1	FALSE	FALSE
loop_5111	TRUE	3	5	3	3	FALSE	TRUE
loop_5112	TRUE	3	5	3	3	FALSE	TRUE
loop_5113	TRUE	3	3	2	3	TRUE	FALSE
loop_5114	TRUE	4	4	3	3	FALSE	TRUE
loop_5115	TRUE	4	5	5	5	FALSE	FALSE
loop_5116	TRUE	4	2	3	3	FALSE	TRUE
loop_5117	TRUE	4	3	3	3	FALSE	TRUE
loop_5118	FALSE	3	4	3	4	FALSE	FALSE
loop_5119	FALSE	2	4	2	4	FALSE	FALSE
loop_5120	TRUE	4	3	3	3	FALSE	TRUE
loop_5121	FALSE	3	3	3	3	TRUE	TRUE
loop_5122	TRUE	3	2	3	3	FALSE	TRUE
loop_5123	TRUE	5	2	3	3	FALSE	TRUE
loop_5124	TRUE	1	4	3	3	FALSE	TRUE
loop_5125	TRUE	3	3	3	2	TRUE	FALSE
loop_5126	TRUE	5	2	3	3	FALSE	TRUE
loop_5127	TRUE	4	2	3	3	FALSE	TRUE
loop_5128	FALSE	2	3	2	3	FALSE	FALSE
loop_5129	TRUE	1	3	3	3	FALSE	TRUE
loop_5130	TRUE	5	1	3	3	FALSE	TRUE
loop_5131	TRUE	2	3	3	3	FALSE	TRUE
loop_5132	FALSE	3	3	3	3	TRUE	TRUE
loop_5133	FALSE	3	3	3	3	TRUE	TRUE
loop_5134	TRUE	2	3	2	5	FALSE	FALSE
loop_5135	TRUE	4	3	3	3	FALSE	TRUE
loop_5136	FALSE	3	3	3	3	TRUE	TRUE
loop_5137	TRUE	3	3	1	5	TRUE	FALSE
loop_5138	TRUE	4	3	3	3	FALSE	TRUE
loop_5139	FALSE	3	3	3	3	TRUE	TRUE
loop_5140	TRUE	3	4	5	4	FALSE	FALSE
loop_5141	TRUE	3	1	3	2	FALSE	FALSE
loop_5142	FALSE	3	2	3	2	FALSE	FALSE
loop_5143	TRUE	3	1	3	3	FALSE	TRUE
loop_5144	FALSE	3	3	3	3	TRUE	TRUE
loop_5145	TRUE	2	2	2	3	FALSE	FALSE
loop_5146	TRUE	4	2	2	3	FALSE	FALSE
loop_5147	TRUE	2	5	1	5	FALSE	FALSE
loop_5148	TRUE	3	3	3	4	TRUE	FALSE
loop_5149	TRUE	2	3	3	3	FALSE	TRUE
loop_5150	FALSE	3	3	3	3	TRUE	TRUE
loop_5151	TRUE	2	3	1	3	FALSE	FALSE
loop_5152	TRUE	3	4	2	3	FALSE	FALSE
loop_5153	FALSE	2	3	2	3	FALSE	FALSE
loop_5154	TRUE	3	2	3	3	FALSE	TRUE
loop_5155	TRUE	2	3	4	3	FALSE	FALSE
loop_5156	TRUE	2	2	3	3	FALSE	TRUE
loop_5157	TRUE	3	4	3	3	FALSE	TRUE
loop_5158	TRUE	3	3	3	1	TRUE	FALSE
loop_5159	TRUE	4	2	5	2	FALSE	FALSE
loop_5160	TRUE	3	5	3	3	FALSE	TRUE
loop_5161	FALSE	3	3	3	3	TRUE	TRUE
loop_5162	TRUE	3	2	3	4	FALSE	FALSE
loop_5163	TRUE	4	4	1	4	FALSE	FALSE
loop_5164	FALSE	3	3	3	3	TRUE	TRUE
loop_5165	FALSE	3	3	3	3	TRUE	TRUE
loop_5166	TRUE	2	3	2	5	FALSE	FALSE
loop_5167	TRUE	1	3	3	3	FALSE	TRUE
loop_5168	FALSE	4	3	4	3	FALSE	FALSE
loop_5169	FALSE	3	3	3	3	TRUE	TRUE
loop_5170	TRUE	1	4	3	3	FALSE	TRUE
loop_5171	TRUE	3	4	5	3	FALSE	FALSE
loop_5172	TRUE	2	4	3	3	FALSE	TRUE
loop_5173	FALSE	3	2	3	2	FALSE	FALSE
loop_5174	FALSE	3	3	3	3	TRUE	TRUE
loop_5175	TRUE	3	3	4	4	TRUE	FALSE
loop_5176	TRUE	1	5	5	4	FALSE	FALSE
loop_5177	TRUE	1	3	3	3	FALSE	TRUE
loop_5178	TRUE	3	2	3	3	FALSE	TRUE
loop_5179	FALSE	3	3	3	3	TRUE	TRUE
loop_5180	TRUE	5	3	3	3	FALSE	TRUE
loop_5181	TRUE	4	3	3	3	FALSE	TRUE
loop_5182	TRUE	3	3	1	2	TRUE	FALSE
loop_5183	TRUE	2	3	1	2	FALSE	FALSE
loop_5184	TRUE	3	3	3	4	TRUE	FALSE
loop_5185	TRUE	3	2	3	3	FALSE	TRUE
loop_5186	FALSE	3	1	3	1	FALSE	FALSE
loop_5187	TRUE	4	3	3	3	FALSE	TRUE
loop_5188	FALSE	3	3	3	3	TRUE	TRUE
loop_5189	TRUE	3	4	3	3	FALSE	TRUE
loop_5190	TRUE	3	4	3	3	FALSE	TRUE
loop_5191	TRUE	4	3	3	3	FALSE	TRUE
loop_5192	TRUE	2	3	2	2	FALSE	FALSE
loop_5193	TRUE	1	2	3	3	FALSE	TRUE
loop_5194	TRUE	4	2	4	1	FALSE	FALSE
loop_5195	TRUE	3	2	3	3	FALSE	TRUE
loop_5196	TRUE	1	4	3	3	FALSE	TRUE
loop_5197	FALSE	1	3	1	3	FALSE	FALSE
loop_5198	TRUE	3	2	3	3	FALSE	TRUE
loop_5199	TRUE	2	3	3	2	FALSE	FALSE
loop_5200	TRUE	4	2	3	2	FALSE	FALSE
loop_5201	TRUE	2	3	2	2	FALSE	FALSE
loop_5202	TRUE	4	1	3	3	FALSE	TRUE
loop_5203	TRUE	2	4	3	3	FALSE	TRUE
loop_5204	TRUE	5	1	4	2	FALSE	FALSE
loop_5205	TRUE	4	3	1	2	FALSE	FALSE
loop_5206	TRUE	4	1	3	3	FALSE	TRUE
loop_5207	TRUE	3	1	3	4	FALSE	FALSE
loop_5208	TRUE	4	2	4	3	FALSE	FALSE
loop_5209	FALSE	3	3	3	3	TRUE	TRUE
loop_5210	TRUE	3	3	2	3	TRUE	FALSE
loop_5211	FALSE	3	1	3	1	FALSE	FALSE
loop_5212	FALSE	3	3	3	3	TRUE	TRUE
loop_5213	TRUE	3	4	3	3	FALSE	TRUE
loop_5214	FALSE	3	3	3	3	TRUE	TRUE
loop_5215	TRUE	4	2	3	3	FALSE	TRUE
loop_5216	TRUE	1	2	3	3	FALSE	TRUE
loop_5217	TRUE	3	4	3	3	FALSE	TRUE
loop_5218	TRUE	3	3	4	4	TRUE	FALSE
loop_5219	TRUE	2	3	3	3	FALSE	TRUE
loop_5220	FALSE	3	3	3	3	TRUE	TRUE
loop_5221	TRUE	2	3	3	3	FALSE	TRUE
loop_5222	TRUE	4	4	4	2	FALSE	FALSE
loop_5223	TRUE	1	4	1	3	FALSE	FALSE
loop_5224	TRUE	4	3	1	3	FALSE	FALSE
loop_5225	TRUE	2	3	3	3	FALSE	TRUE
loop_5226	TRUE	2	3	3	3	FALSE	TRUE
loop_5227	FALSE	3	3	3	3	TRUE	TRUE
loop_5228	TRUE	3	2	3	3	FALSE	TRUE
loop_5229	TRUE	1	4	3	3	FALSE	TRUE
loop_5230	FALSE	3	3	3	3	TRUE	TRUE
loop_5231	FALSE	3	3	3	3	TRUE	TRUE
loop_5232	TRUE	2	1	2	2	FALSE	FALSE
loop_5233	FALSE	3	3	3	3	TRUE	TRUE
loop_5234	TRUE	2	1	1	3	FALSE	FALSE
loop_5235	FALSE	5	2	5	2	FALSE	FALSE
loop_5236	FALSE	3	3	3	3	TRUE	TRUE
loop_5237	TRUE	3	1	3	3	FALSE	TRUE
loop_5238	TRUE	4	3	3	3	FALSE	TRUE
loop_5239	TRUE	2	3	3	3	FALSE	TRUE
loop_5240	TRUE	4	4	3	2	FALSE	FALSE
loop_5241	TRUE	5	3	3	3	FALSE	TRUE
loop_5242	FALSE	3	2	3	2	FALSE	FALSE
loop_5243	TRUE	3	1	3	3	FALSE	TRUE
loop_5244	FALSE	3	3	3	3	TRUE	TRUE
loop_5245	FALSE	3	3	3	3	TRUE	TRUE
loop_5246	FALSE	2	2	2	2	FALSE	FALSE
loop_5247	TRUE	3	2	2	2	FALSE	FALSE
loop_5248	TRUE	3	2	2	3	FALSE	FALSE
loop_5249	FALSE	2	4	2	4	FALSE	FALSE
loop_5250	FALSE	3	2	3	2	FALSE	FALSE
loop_5251	TRUE	2	3	2	4	FALSE	FALSE
loop_5252	TRUE	3	5	3	3	FALSE	TRUE
loop_5253	TRUE	4	2	4	3	FALSE	FALSE
loop_5254	TRUE	3	2	3	3	FALSE	TRUE
loop_5255	TRUE	5	1	3	3	FALSE	TRUE
loop_5256	TRUE	4	1	3	3	FALSE	TRUE
loop_5257	FALSE	5	1	5	1	FALSE	FALSE
loop_5258	TRUE	4	1	5	1	FALSE	FALSE
loop_5259	TRUE	5	1	4	1	FALSE	FALSE
loop_5260	TRUE	4	2	3	2	FALSE	FALSE
loop_5261	TRUE	5	1	5	2	FALSE	FALSE
loop_5262	FALSE	5	1	5	1	FALSE	FALSE
loop_5263	TRUE	3	2	3	3	FALSE	TRUE
loop_5264	FALSE	5	1	5	1	FALSE	FALSE
loop_5265	TRUE	2	3	3	3	FALSE	TRUE
loop_5266	FALSE	5	1	5	1	FALSE	FALSE
loop_5267	TRUE	5	2	5	1	FALSE	FALSE
loop_5268	TRUE	3	4	3	3	FALSE	TRUE
loop_5269	TRUE	5	1	4	1	FALSE	FALSE
loop_5270	FALSE	5	1	5	1	FALSE	FALSE
loop_5271	TRUE	5	1	5	2	FALSE	FALSE
loop_5272	TRUE	5	1	3	3	FALSE	TRUE
loop_5273	TRUE	5	1	5	2	FALSE	FALSE
loop_5274	TRUE	2	3	3	2	FALSE	FALSE
loop_5275	TRUE	4	3	5	1	FALSE	FALSE
loop_5276	TRUE	4	3	5	1	FALSE	FALSE
loop_5277	FALSE	4	1	4	1	FALSE	FALSE
loop_5278	FALSE	5	1	5	1	FALSE	FALSE
loop_5279	TRUE	4	1	5	1	FALSE	FALSE
loop_5280	TRUE	3	2	3	3	FALSE	TRUE
loop_5281	TRUE	4	1	3	3	FALSE	TRUE
loop_5282	FALSE	4	3	4	3	FALSE	FALSE
loop_5283	FALSE	3	3	3	3	TRUE	TRUE
loop_5284	FALSE	5	3	5	3	FALSE	FALSE
loop_5285	TRUE	1	3	3	1	FALSE	FALSE
loop_5286	TRUE	5	1	5	2	FALSE	FALSE
loop_5287	TRUE	4	2	4	1	FALSE	FALSE
loop_5288	TRUE	5	2	3	3	FALSE	TRUE
loop_5289	FALSE	3	3	3	3	TRUE	TRUE
loop_5290	TRUE	3	3	4	1	TRUE	FALSE
loop_5291	FALSE	5	1	5	1	FALSE	FALSE
loop_5292	FALSE	3	3	3	3	TRUE	TRUE
loop_5293	FALSE	5	1	5	1	FALSE	FALSE
loop_5294	TRUE	3	1	2	1	FALSE	FALSE
loop_5295	TRUE	1	3	4	3	FALSE	FALSE
loop_5296	TRUE	2	4	3	3	FALSE	TRUE
loop_5297	TRUE	5	1	3	3	FALSE	TRUE
loop_5298	TRUE	4	2	2	1	FALSE	FALSE
loop_5299	TRUE	3	5	5	4	FALSE	FALSE
loop_5300	TRUE	4	1	4	2	FALSE	FALSE
loop_5301	FALSE	3	3	3	3	TRUE	TRUE
loop_5302	TRUE	3	2	2	1	FALSE	FALSE
loop_5303	FALSE	4	2	4	2	FALSE	FALSE
loop_5304	TRUE	2	3	4	3	FALSE	FALSE
loop_5305	TRUE	3	5	3	3	FALSE	TRUE
loop_5306	TRUE	3	5	3	3	FALSE	TRUE
loop_5307	TRUE	4	3	4	1	FALSE	FALSE
loop_5308	TRUE	4	2	5	2	FALSE	FALSE
loop_5309	TRUE	3	5	3	3	FALSE	TRUE
loop_5310	TRUE	2	3	3	3	FALSE	TRUE
loop_5311	TRUE	4	2	3	2	FALSE	FALSE
loop_5312	FALSE	5	1	5	1	FALSE	FALSE
loop_5313	TRUE	4	1	4	2	FALSE	FALSE
loop_5314	TRUE	5	2	3	3	FALSE	TRUE
loop_5315	TRUE	4	3	3	3	FALSE	TRUE
loop_5316	FALSE	3	2	3	2	FALSE	FALSE
loop_5317	FALSE	3	3	3	3	TRUE	TRUE
loop_5318	TRUE	2	3	3	3	FALSE	TRUE
loop_5319	TRUE	3	2	2	1	FALSE	FALSE
loop_5320	TRUE	3	2	3	3	FALSE	TRUE
loop_5321	TRUE	3	4	3	3	FALSE	TRUE
loop_5322	TRUE	4	1	5	1	FALSE	FALSE
loop_5323	TRUE	4	1	3	2	FALSE	FALSE
loop_5324	TRUE	3	4	3	3	FALSE	TRUE
loop_5325	TRUE	1	3	3	3	FALSE	TRUE
loop_5326	FALSE	5	1	5	1	FALSE	FALSE
loop_5327	TRUE	5	1	5	2	FALSE	FALSE
loop_5328	TRUE	4	3	3	3	FALSE	TRUE
loop_5329	TRUE	3	3	3	4	TRUE	FALSE
loop_5330	TRUE	3	2	5	5	FALSE	FALSE
loop_5331	TRUE	4	4	3	3	FALSE	TRUE
loop_5332	TRUE	2	3	3	3	FALSE	TRUE
loop_5333	TRUE	2	3	3	3	FALSE	TRUE
loop_5334	TRUE	2	3	3	3	FALSE	TRUE
loop_5335	TRUE	4	3	3	3	FALSE	TRUE
loop_5336	TRUE	3	2	3	3	FALSE	TRUE
loop_5337	TRUE	3	3	4	3	TRUE	FALSE
loop_5338	TRUE	2	3	3	3	FALSE	TRUE
loop_5339	TRUE	4	3	4	1	FALSE	FALSE
loop_5340	FALSE	3	3	3	3	TRUE	TRUE
loop_5341	TRUE	3	4	3	3	FALSE	TRUE
loop_5342	TRUE	3	2	3	3	FALSE	TRUE
loop_5343	TRUE	5	1	3	3	FALSE	TRUE
loop_5344	TRUE	4	1	5	1	FALSE	FALSE
loop_5345	FALSE	3	3	3	3	TRUE	TRUE
loop_5346	FALSE	3	3	3	3	TRUE	TRUE
loop_5347	FALSE	3	3	3	3	TRUE	TRUE
loop_5348	TRUE	3	1	1	1	FALSE	FALSE
loop_5349	TRUE	3	3	4	3	TRUE	FALSE
loop_5350	FALSE	3	3	3	3	TRUE	TRUE
loop_5351	TRUE	3	2	2	3	FALSE	FALSE
loop_5352	FALSE	3	3	3	3	TRUE	TRUE
loop_5353	TRUE	4	3	3	3	FALSE	TRUE
loop_5354	TRUE	3	2	4	1	FALSE	FALSE
loop_5355	TRUE	4	3	3	3	FALSE	TRUE
loop_5356	TRUE	3	2	3	3	FALSE	TRUE
loop_5357	FALSE	3	3	3	3	TRUE	TRUE
loop_5358	FALSE	3	3	3	3	TRUE	TRUE
loop_5359	TRUE	4	3	3	2	FALSE	FALSE
loop_5360	TRUE	2	3	3	3	FALSE	TRUE
loop_5361	TRUE	3	3	4	1	TRUE	FALSE
loop_5362	TRUE	5	4	3	5	FALSE	FALSE
loop_5363	TRUE	4	3	3	3	FALSE	TRUE
loop_5364	FALSE	3	3	3	3	TRUE	TRUE
loop_5365	FALSE	3	3	3	3	TRUE	TRUE
loop_5366	TRUE	3	1	4	2	FALSE	FALSE
loop_5367	TRUE	2	2	1	1	FALSE	FALSE
loop_5368	TRUE	3	2	2	2	FALSE	FALSE
loop_5369	TRUE	3	4	3	3	FALSE	TRUE
loop_5370	FALSE	3	3	3	3	TRUE	TRUE
loop_5371	FALSE	3	3	3	3	TRUE	TRUE
loop_5372	TRUE	4	4	3	3	FALSE	TRUE
loop_5373	TRUE	4	2	3	3	FALSE	TRUE
loop_5374	FALSE	2	2	2	2	FALSE	FALSE
loop_5375	TRUE	2	1	3	1	FALSE	FALSE
loop_5376	FALSE	3	3	3	3	TRUE	TRUE
loop_5377	TRUE	3	3	5	3	TRUE	FALSE
loop_5378	TRUE	2	2	3	3	FALSE	TRUE
loop_5379	TRUE	5	3	3	3	FALSE	TRUE
loop_5380	TRUE	5	4	5	3	FALSE	FALSE
loop_5381	TRUE	4	3	3	3	FALSE	TRUE
loop_5382	FALSE	4	2	4	2	FALSE	FALSE
loop_5383	TRUE	5	2	3	3	FALSE	TRUE
loop_5384	TRUE	1	2	3	4	FALSE	FALSE
loop_5385	TRUE	3	1	3	3	FALSE	TRUE
loop_5386	TRUE	3	3	3	2	TRUE	FALSE
loop_5387	TRUE	2	1	3	3	FALSE	TRUE
loop_5388	FALSE	4	3	4	3	FALSE	FALSE
loop_5389	TRUE	3	2	3	3	FALSE	TRUE
loop_5390	TRUE	1	2	1	3	FALSE	FALSE
loop_5391	TRUE	2	3	4	3	FALSE	FALSE
loop_5392	TRUE	2	2	3	3	FALSE	TRUE
loop_5393	FALSE	4	2	4	2	FALSE	FALSE
loop_5394	TRUE	3	2	2	3	FALSE	FALSE
loop_5395	TRUE	4	3	3	3	FALSE	TRUE
loop_5396	TRUE	2	5	1	5	FALSE	FALSE
loop_5397	FALSE	3	3	3	3	TRUE	TRUE
loop_5398	FALSE	3	3	3	3	TRUE	TRUE
loop_5399	TRUE	2	5	3	3	FALSE	TRUE
loop_5400	FALSE	3	3	3	3	TRUE	TRUE
loop_5401	FALSE	3	3	3	3	TRUE	TRUE
loop_5402	TRUE	3	2	3	3	FALSE	TRUE
loop_5403	TRUE	2	2	1	3	FALSE	FALSE
loop_5404	TRUE	3	3	1	1	TRUE	FALSE
loop_5405	FALSE	3	3	3	3	TRUE	TRUE
loop_5406	TRUE	1	3	2	3	FALSE	FALSE
loop_5407	TRUE	1	3	3	3	FALSE	TRUE
loop_5408	TRUE	2	2	3	3	FALSE	TRUE
loop_5409	TRUE	2	3	3	3	FALSE	TRUE
loop_5410	TRUE	4	2	3	3	FALSE	TRUE
loop_5411	TRUE	5	2	3	3	FALSE	TRUE
loop_5412	TRUE	5	4	3	3	FALSE	TRUE
loop_5413	FALSE	4	3	4	3	FALSE	FALSE
loop_5414	TRUE	4	3	4	4	FALSE	FALSE
loop_5415	TRUE	3	3	4	4	TRUE	FALSE
loop_5416	TRUE	4	3	3	4	FALSE	FALSE
loop_5417	TRUE	4	4	3	3	FALSE	TRUE
loop_5418	TRUE	3	3	3	2	TRUE	FALSE
loop_5419	FALSE	3	3	3	3	TRUE	TRUE
loop_5420	TRUE	3	4	3	3	FALSE	TRUE
loop_5421	TRUE	4	3	3	2	FALSE	FALSE
loop_5422	TRUE	3	3	3	4	TRUE	FALSE
loop_5423	TRUE	5	3	3	2	FALSE	FALSE
loop_5424	TRUE	1	3	3	3	FALSE	TRUE
loop_5425	TRUE	1	1	3	3	FALSE	TRUE
loop_5426	TRUE	3	4	3	3	FALSE	TRUE
loop_5427	FALSE	3	3	3	3	TRUE	TRUE
loop_5428	TRUE	5	4	5	3	FALSE	FALSE
loop_5429	TRUE	2	4	2	3	FALSE	FALSE
loop_5430	FALSE	3	3	3	3	TRUE	TRUE
loop_5431	TRUE	4	1	2	1	FALSE	FALSE
loop_5432	TRUE	2	3	3	3	FALSE	TRUE
loop_5433	FALSE	3	3	3	3	TRUE	TRUE
loop_5434	FALSE	3	3	3	3	TRUE	TRUE
loop_5435	FALSE	3	3	3	3	TRUE	TRUE
loop_5436	FALSE	3	3	3	3	TRUE	TRUE
loop_5437	TRUE	2	3	3	3	FALSE	TRUE
loop_5438	TRUE	3	2	3	4	FALSE	FALSE
loop_5439	TRUE	2	3	3	3	FALSE	TRUE
loop_5440	FALSE	3	3	3	3	TRUE	TRUE
loop_5441	TRUE	4	4	3	3	FALSE	TRUE
loop_5442	TRUE	2	4	3	1	FALSE	FALSE
loop_5443	FALSE	3	3	3	3	TRUE	TRUE
loop_5444	TRUE	4	1	3	3	FALSE	TRUE
loop_5445	TRUE	5	1	4	3	FALSE	FALSE
loop_5446	TRUE	4	3	3	3	FALSE	TRUE
loop_5447	FALSE	3	4	3	4	FALSE	FALSE
loop_5448	TRUE	2	3	2	4	FALSE	FALSE
loop_5449	TRUE	2	2	3	2	FALSE	FALSE
loop_5450	TRUE	3	1	3	3	FALSE	TRUE
loop_5451	TRUE	2	2	3	1	FALSE	FALSE
loop_5452	FALSE	3	3	3	3	TRUE	TRUE
loop_5453	TRUE	1	2	2	4	FALSE	FALSE
loop_5454	TRUE	2	3	3	3	FALSE	TRUE
loop_5455	TRUE	5	2	4	2	FALSE	FALSE
loop_5456	TRUE	2	2	3	2	FALSE	FALSE
loop_5457	TRUE	2	2	2	3	FALSE	FALSE
loop_5458	TRUE	3	2	3	3	FALSE	TRUE
loop_5459	TRUE	3	4	3	2	FALSE	FALSE
loop_5460	TRUE	3	2	3	3	FALSE	TRUE
loop_5461	TRUE	2	3	3	4	FALSE	FALSE
loop_5462	FALSE	4	2	4	2	FALSE	FALSE
loop_5463	TRUE	2	3	5	2	FALSE	FALSE
loop_5464	TRUE	3	1	3	2	FALSE	FALSE
loop_5465	TRUE	3	2	3	3	FALSE	TRUE
loop_5466	TRUE	3	4	3	3	FALSE	TRUE
loop_5467	FALSE	2	3	2	3	FALSE	FALSE
loop_5468	TRUE	4	2	3	2	FALSE	FALSE
loop_5469	FALSE	3	4	3	4	FALSE	FALSE
loop_5470	FALSE	5	1	5	1	FALSE	FALSE
loop_5471	FALSE	3	3	3	3	TRUE	TRUE
loop_5472	TRUE	5	3	5	4	FALSE	FALSE
loop_5473	TRUE	4	3	5	1	FALSE	FALSE
loop_5474	TRUE	4	1	5	1	FALSE	FALSE
loop_5475	FALSE	5	3	5	3	FALSE	FALSE
loop_5476	TRUE	2	2	3	2	FALSE	FALSE
loop_5477	TRUE	5	1	3	3	FALSE	TRUE
loop_5478	FALSE	5	1	5	1	FALSE	FALSE
loop_5479	FALSE	5	1	5	1	FALSE	FALSE
loop_5480	FALSE	5	1	5	1	FALSE	FALSE
loop_5481	TRUE	4	5	4	2	FALSE	FALSE
loop_5482	FALSE	5	1	5	1	FALSE	FALSE
loop_5483	TRUE	4	2	5	3	FALSE	FALSE
loop_5484	FALSE	5	1	5	1	FALSE	FALSE
loop_5485	TRUE	5	1	3	3	FALSE	TRUE
loop_5486	FALSE	5	1	5	1	FALSE	FALSE
loop_5487	TRUE	4	3	3	3	FALSE	TRUE
loop_5488	TRUE	4	3	4	2	FALSE	FALSE
loop_5489	TRUE	2	2	4	1	FALSE	FALSE
loop_5490	FALSE	5	1	5	1	FALSE	FALSE
loop_5491	TRUE	4	1	3	2	FALSE	FALSE
loop_5492	FALSE	5	1	5	1	FALSE	FALSE
loop_5493	FALSE	3	2	3	2	FALSE	FALSE
loop_5494	TRUE	2	3	3	3	FALSE	TRUE
loop_5495	TRUE	5	2	5	1	FALSE	FALSE
loop_5496	TRUE	2	1	2	3	FALSE	FALSE
loop_5497	TRUE	3	2	3	3	FALSE	TRUE
loop_5498	TRUE	4	1	5	1	FALSE	FALSE
loop_5499	FALSE	5	1	5	1	FALSE	FALSE
loop_5500	FALSE	3	3	3	3	TRUE	TRUE
loop_5501	TRUE	5	2	3	4	FALSE	FALSE
loop_5502	FALSE	5	1	5	1	FALSE	FALSE
loop_5503	FALSE	4	1	4	1	FALSE	FALSE
loop_5504	FALSE	5	1	5	1	FALSE	FALSE
loop_5505	FALSE	5	1	5	1	FALSE	FALSE
loop_5506	TRUE	2	3	1	2	FALSE	FALSE
loop_5507	TRUE	4	1	5	2	FALSE	FALSE
loop_5508	FALSE	3	3	3	3	TRUE	TRUE
loop_5509	TRUE	4	1	2	4	FALSE	FALSE
loop_5510	TRUE	5	2	5	1	FALSE	FALSE
loop_5511	TRUE	3	3	3	5	TRUE	FALSE
loop_5512	TRUE	4	2	3	2	FALSE	FALSE
loop_5513	FALSE	3	3	3	3	TRUE	TRUE
loop_5514	TRUE	5	3	2	3	FALSE	FALSE
loop_5515	TRUE	5	1	5	2	FALSE	FALSE
loop_5516	TRUE	3	4	3	3	FALSE	TRUE
loop_5517	FALSE	3	3	3	3	TRUE	TRUE
loop_5518	FALSE	3	2	3	2	FALSE	FALSE
loop_5519	TRUE	3	2	3	3	FALSE	TRUE
loop_5520	FALSE	5	1	5	1	FALSE	FALSE
loop_5521	TRUE	4	1	3	3	FALSE	TRUE
loop_5522	TRUE	4	1	5	2	FALSE	FALSE
loop_5523	FALSE	3	3	3	3	TRUE	TRUE
loop_5524	FALSE	3	2	3	2	FALSE	FALSE
loop_5525	FALSE	3	3	3	3	TRUE	TRUE
loop_5526	TRUE	5	3	5	1	FALSE	FALSE
loop_5527	TRUE	4	2	3	3	FALSE	TRUE
loop_5528	TRUE	3	2	3	3	FALSE	TRUE
loop_5529	TRUE	3	4	3	3	FALSE	TRUE
loop_5530	TRUE	5	1	5	2	FALSE	FALSE
loop_5531	TRUE	3	1	3	4	FALSE	FALSE
loop_5532	TRUE	1	1	2	3	FALSE	FALSE
loop_5533	TRUE	2	3	3	3	FALSE	TRUE
loop_5534	FALSE	4	1	4	1	FALSE	FALSE
loop_5535	TRUE	5	1	4	1	FALSE	FALSE
loop_5536	TRUE	5	1	4	1	FALSE	FALSE
loop_5537	FALSE	5	1	5	1	FALSE	FALSE
loop_5538	TRUE	3	4	4	3	FALSE	FALSE
loop_5539	TRUE	2	3	3	3	FALSE	TRUE
loop_5540	TRUE	4	5	3	3	FALSE	TRUE
loop_5541	TRUE	5	1	4	1	FALSE	FALSE
loop_5542	TRUE	4	2	3	3	FALSE	TRUE
loop_5543	TRUE	3	1	3	3	FALSE	TRUE
loop_5544	TRUE	3	3	4	1	TRUE	FALSE
loop_5545	TRUE	1	1	4	2	FALSE	FALSE
loop_5546	TRUE	4	3	3	3	FALSE	TRUE
loop_5547	TRUE	5	1	3	3	FALSE	TRUE
loop_5548	TRUE	4	1	2	3	FALSE	FALSE
loop_5549	TRUE	4	4	3	3	FALSE	TRUE
loop_5550	TRUE	4	3	5	2	FALSE	FALSE
loop_5551	FALSE	3	3	3	3	TRUE	TRUE
loop_5552	FALSE	3	3	3	3	TRUE	TRUE
loop_5553	TRUE	4	1	4	3	FALSE	FALSE
loop_5554	TRUE	4	3	3	3	FALSE	TRUE
loop_5555	TRUE	4	1	5	2	FALSE	FALSE
loop_5556	TRUE	4	2	3	3	FALSE	TRUE
loop_5557	FALSE	5	1	5	1	FALSE	FALSE
loop_5558	TRUE	2	3	2	5	FALSE	FALSE
loop_5559	TRUE	4	3	3	3	FALSE	TRUE
loop_5560	TRUE	3	1	5	1	FALSE	FALSE
loop_5561	TRUE	2	3	3	3	FALSE	TRUE
loop_5562	TRUE	4	3	3	3	FALSE	TRUE
loop_5563	FALSE	3	3	3	3	TRUE	TRUE
loop_5564	TRUE	5	1	3	3	FALSE	TRUE
loop_5565	TRUE	2	3	3	3	FALSE	TRUE
loop_5566	TRUE	5	4	5	5	FALSE	FALSE
loop_5567	TRUE	3	3	4	3	TRUE	FALSE
loop_5568	TRUE	1	3	3	3	FALSE	TRUE
loop_5569	TRUE	2	2	2	3	FALSE	FALSE
loop_5570	FALSE	2	2	2	2	FALSE	FALSE
loop_5571	TRUE	4	1	5	1	FALSE	FALSE
loop_5572	TRUE	4	2	3	3	FALSE	TRUE
loop_5573	FALSE	3	3	3	3	TRUE	TRUE
loop_5574	TRUE	3	3	3	2	TRUE	FALSE
loop_5575	TRUE	3	4	4	3	FALSE	FALSE
loop_5576	TRUE	5	3	4	3	FALSE	FALSE
loop_5577	FALSE	5	1	5	1	FALSE	FALSE
loop_5578	FALSE	5	2	5	2	FALSE	FALSE
loop_5579	TRUE	4	3	3	3	FALSE	TRUE
loop_5580	TRUE	3	4	2	4	FALSE	FALSE
loop_5581	FALSE	3	3	3	3	TRUE	TRUE
loop_5582	TRUE	3	4	3	3	FALSE	TRUE
loop_5583	TRUE	3	2	3	3	FALSE	TRUE
loop_5584	FALSE	3	3	3	3	TRUE	TRUE
loop_5585	TRUE	2	3	3	3	FALSE	TRUE
loop_5586	TRUE	3	4	4	3	FALSE	FALSE
loop_5587	TRUE	5	5	3	5	FALSE	FALSE
loop_5588	TRUE	3	3	2	4	TRUE	FALSE
loop_5589	TRUE	2	5	3	3	FALSE	TRUE
loop_5590	FALSE	4	3	4	3	FALSE	FALSE
loop_5591	TRUE	3	1	3	3	FALSE	TRUE
loop_5592	TRUE	4	2	3	3	FALSE	TRUE
loop_5593	TRUE	4	3	3	4	FALSE	FALSE
loop_5594	TRUE	3	5	2	5	FALSE	FALSE
loop_5595	TRUE	3	2	3	3	FALSE	TRUE
loop_5596	TRUE	5	1	4	1	FALSE	FALSE
loop_5597	TRUE	5	3	3	3	FALSE	TRUE
loop_5598	TRUE	4	3	3	3	FALSE	TRUE
loop_5599	TRUE	1	1	3	3	FALSE	TRUE
loop_5600	FALSE	4	3	4	3	FALSE	FALSE
loop_5601	FALSE	3	3	3	3	TRUE	TRUE
loop_5602	TRUE	4	3	3	3	FALSE	TRUE
loop_5603	TRUE	4	4	4	3	FALSE	FALSE
loop_5604	TRUE	3	1	3	3	FALSE	TRUE
loop_5605	FALSE	3	4	3	4	FALSE	FALSE
loop_5606	TRUE	5	2	5	3	FALSE	FALSE
loop_5607	TRUE	4	4	1	1	FALSE	FALSE
loop_5608	TRUE	3	1	3	3	FALSE	TRUE
loop_5609	TRUE	3	2	3	3	FALSE	TRUE
loop_5610	TRUE	1	1	1	3	FALSE	FALSE
loop_5611	TRUE	4	1	1	4	FALSE	FALSE
loop_5612	FALSE	3	3	3	3	TRUE	TRUE
loop_5613	TRUE	2	4	5	3	FALSE	FALSE
loop_5614	TRUE	3	4	3	3	FALSE	TRUE
loop_5615	TRUE	3	3	3	4	TRUE	FALSE
loop_5616	TRUE	3	2	2	1	FALSE	FALSE
loop_5617	TRUE	4	3	3	3	FALSE	TRUE
loop_5618	FALSE	3	4	3	4	FALSE	FALSE
loop_5619	TRUE	2	2	3	2	FALSE	FALSE
loop_5620	TRUE	1	3	5	4	FALSE	FALSE
loop_5621	TRUE	4	3	3	3	FALSE	TRUE
loop_5622	TRUE	3	1	3	3	FALSE	TRUE
loop_5623	TRUE	3	4	3	3	FALSE	TRUE
loop_5624	TRUE	5	4	1	3	FALSE	FALSE
loop_5625	TRUE	5	2	3	3	FALSE	TRUE
loop_5626	TRUE	4	1	3	3	FALSE	TRUE
loop_5627	FALSE	3	3	3	3	TRUE	TRUE
loop_5628	TRUE	4	2	3	3	FALSE	TRUE
loop_5629	TRUE	2	4	1	4	FALSE	FALSE
loop_5630	TRUE	3	2	3	3	FALSE	TRUE
loop_5631	TRUE	3	2	5	3	FALSE	FALSE
loop_5632	TRUE	4	3	3	3	FALSE	TRUE
loop_5633	FALSE	3	3	3	3	TRUE	TRUE
loop_5634	TRUE	4	3	4	2	FALSE	FALSE
loop_5635	TRUE	4	3	3	3	FALSE	TRUE
loop_5636	FALSE	2	5	2	5	FALSE	FALSE
loop_5637	TRUE	1	2	1	5	FALSE	FALSE
loop_5638	TRUE	3	2	3	3	FALSE	TRUE
loop_5639	FALSE	3	3	3	3	TRUE	TRUE
loop_5640	TRUE	5	3	3	3	FALSE	TRUE
loop_5641	TRUE	2	2	3	3	FALSE	TRUE
loop_5642	TRUE	2	1	3	3	FALSE	TRUE
loop_5643	FALSE	3	4	3	4	FALSE	FALSE
loop_5644	FALSE	4	2	4	2	FALSE	FALSE
loop_5645	TRUE	5	2	5	1	FALSE	FALSE
loop_5646	FALSE	2	3	2	3	FALSE	FALSE
loop_5647	TRUE	5	2	3	1	FALSE	FALSE
loop_5648	TRUE	3	1	3	3	FALSE	TRUE
loop_5649	FALSE	3	3	3	3	TRUE	TRUE
loop_5650	TRUE	5	2	4	2	FALSE	FALSE
loop_5651	TRUE	3	3	4	2	TRUE	FALSE
loop_5652	TRUE	5	3	3	3	FALSE	TRUE
loop_5653	TRUE	2	4	1	4	FALSE	FALSE
loop_5654	TRUE	4	1	3	3	FALSE	TRUE
loop_5655	TRUE	3	3	2	3	TRUE	FALSE
loop_5656	TRUE	3	3	1	3	TRUE	FALSE
loop_5657	TRUE	4	2	4	4	FALSE	FALSE
loop_5658	TRUE	2	2	5	4	FALSE	FALSE
loop_5659	TRUE	2	2	3	3	FALSE	TRUE
loop_5660	TRUE	4	2	3	3	FALSE	TRUE
loop_5661	TRUE	4	1	3	3	FALSE	TRUE
loop_5662	TRUE	2	4	3	4	FALSE	FALSE
loop_5663	TRUE	2	5	3	4	FALSE	FALSE
loop_5664	TRUE	3	4	3	3	FALSE	TRUE
loop_5665	FALSE	3	2	3	2	FALSE	FALSE
loop_5666	TRUE	3	3	3	1	TRUE	FALSE
loop_5667	TRUE	3	2	3	1	FALSE	FALSE
loop_5668	TRUE	3	5	3	3	FALSE	TRUE
loop_5669	TRUE	4	1	3	3	FALSE	TRUE
loop_5670	TRUE	1	4	3	3	FALSE	TRUE
loop_5671	TRUE	3	3	5	2	TRUE	FALSE
loop_5672	TRUE	2	1	5	4	FALSE	FALSE
loop_5673	FALSE	3	3	3	3	TRUE	TRUE
loop_5674	FALSE	3	3	3	3	TRUE	TRUE
loop_5675	TRUE	2	2	3	3	FALSE	TRUE
loop_5676	TRUE	3	3	4	3	TRUE	FALSE
loop_5677	TRUE	4	3	3	3	FALSE	TRUE
loop_5678	TRUE	3	4	2	4	FALSE	FALSE
loop_5679	TRUE	3	1	3	2	FALSE	FALSE
loop_5680	FALSE	4	1	4	1	FALSE	FALSE
loop_5681	FALSE	3	3	3	3	TRUE	TRUE
loop_5682	TRUE	2	1	3	1	FALSE	FALSE
loop_5683	TRUE	4	3	3	3	FALSE	TRUE
loop_5684	FALSE	2	3	2	3	FALSE	FALSE
loop_5685	TRUE	3	2	3	3	FALSE	TRUE
loop_5686	TRUE	3	2	3	3	FALSE	TRUE
loop_5687	TRUE	4	4	3	3	FALSE	TRUE
loop_5688	FALSE	3	3	3	3	TRUE	TRUE
loop_5689	TRUE	4	3	3	2	FALSE	FALSE
loop_5690	FALSE	3	3	3	3	TRUE	TRUE
loop_5691	FALSE	3	3	3	3	TRUE	TRUE
loop_5692	TRUE	4	3	3	3	FALSE	TRUE
loop_5693	FALSE	2	3	2	3	FALSE	FALSE
loop_5694	TRUE	5	1	4	1	FALSE	FALSE
loop_5695	FALSE	5	1	5	1	FALSE	FALSE
loop_5696	TRUE	5	1	4	1	FALSE	FALSE
loop_5697	TRUE	5	3	5	1	FALSE	FALSE
loop_5698	TRUE	2	3	3	3	FALSE	TRUE
loop_5699	TRUE	3	3	5	2	TRUE	FALSE
loop_5700	TRUE	4	2	4	1	FALSE	FALSE
loop_5701	FALSE	5	1	5	1	FALSE	FALSE
loop_5702	FALSE	3	3	3	3	TRUE	TRUE
loop_5703	TRUE	5	1	4	2	FALSE	FALSE
loop_5704	TRUE	4	3	5	2	FALSE	FALSE
loop_5705	FALSE	5	1	5	1	FALSE	FALSE
loop_5706	TRUE	4	5	4	3	FALSE	FALSE
loop_5707	FALSE	5	1	5	1	FALSE	FALSE
loop_5708	TRUE	4	1	5	1	FALSE	FALSE
loop_5709	FALSE	3	3	3	3	TRUE	TRUE
loop_5710	FALSE	3	3	3	3	TRUE	TRUE
loop_5711	TRUE	5	3	5	5	FALSE	FALSE
loop_5712	FALSE	4	1	4	1	FALSE	FALSE
loop_5713	FALSE	5	1	5	1	FALSE	FALSE
loop_5714	TRUE	5	3	5	1	FALSE	FALSE
loop_5715	TRUE	4	1	5	1	FALSE	FALSE
loop_5716	FALSE	5	1	5	1	FALSE	FALSE
loop_5717	TRUE	3	4	3	3	FALSE	TRUE
loop_5718	TRUE	4	3	3	3	FALSE	TRUE
loop_5719	TRUE	3	5	3	3	FALSE	TRUE
loop_5720	FALSE	3	3	3	3	TRUE	TRUE
loop_5721	FALSE	4	3	4	3	FALSE	FALSE
loop_5722	FALSE	3	3	3	3	TRUE	TRUE
loop_5723	TRUE	4	3	3	3	FALSE	TRUE
loop_5724	TRUE	2	2	3	3	FALSE	TRUE
loop_5725	FALSE	5	1	5	1	FALSE	FALSE
loop_5726	TRUE	4	3	3	3	FALSE	TRUE
loop_5727	FALSE	5	1	5	1	FALSE	FALSE
loop_5728	FALSE	5	1	5	1	FALSE	FALSE
loop_5729	FALSE	5	1	5	1	FALSE	FALSE
loop_5730	TRUE	3	5	3	3	FALSE	TRUE
loop_5731	FALSE	5	1	5	1	FALSE	FALSE
loop_5732	TRUE	4	3	3	3	FALSE	TRUE
loop_5733	TRUE	2	3	3	3	FALSE	TRUE
loop_5734	FALSE	3	3	3	3	TRUE	TRUE
loop_5735	TRUE	5	1	5	2	FALSE	FALSE
loop_5736	TRUE	5	1	4	2	FALSE	FALSE
loop_5737	FALSE	5	1	5	1	FALSE	FALSE
loop_5738	TRUE	4	2	3	3	FALSE	TRUE
loop_5739	TRUE	5	3	3	3	FALSE	TRUE
loop_5740	FALSE	3	3	3	3	TRUE	TRUE
loop_5741	FALSE	5	1	5	1	FALSE	FALSE
loop_5742	FALSE	5	1	5	1	FALSE	FALSE
loop_5743	TRUE	5	3	3	3	FALSE	TRUE
loop_5744	TRUE	5	2	1	2	FALSE	FALSE
loop_5745	TRUE	5	3	3	3	FALSE	TRUE
loop_5746	FALSE	5	2	5	2	FALSE	FALSE
loop_5747	TRUE	4	2	5	2	FALSE	FALSE
loop_5748	TRUE	3	3	3	4	TRUE	FALSE
loop_5749	TRUE	4	3	3	4	FALSE	FALSE
loop_5750	TRUE	1	1	2	3	FALSE	FALSE
loop_5751	TRUE	2	3	3	3	FALSE	TRUE
loop_5752	TRUE	5	1	4	1	FALSE	FALSE
loop_5753	FALSE	5	1	5	1	FALSE	FALSE
loop_5754	TRUE	5	1	4	1	FALSE	FALSE
loop_5755	TRUE	5	5	4	5	FALSE	FALSE
loop_5756	TRUE	5	2	3	2	FALSE	FALSE
loop_5757	TRUE	4	2	3	3	FALSE	TRUE
loop_5758	TRUE	1	3	3	3	FALSE	TRUE
loop_5759	TRUE	3	4	3	3	FALSE	TRUE
loop_5760	TRUE	5	3	3	5	FALSE	FALSE
loop_5761	TRUE	1	1	2	2	FALSE	FALSE
loop_5762	TRUE	5	2	1	5	FALSE	FALSE
loop_5763	TRUE	2	2	3	3	FALSE	TRUE
loop_5764	TRUE	4	1	5	1	FALSE	FALSE
loop_5765	TRUE	5	4	5	3	FALSE	FALSE
loop_5766	TRUE	5	1	5	2	FALSE	FALSE
loop_5767	TRUE	5	3	3	3	FALSE	TRUE
loop_5768	TRUE	5	2	3	3	FALSE	TRUE
loop_5769	FALSE	3	2	3	2	FALSE	FALSE
loop_5770	TRUE	2	4	3	3	FALSE	TRUE
loop_5771	TRUE	4	1	3	3	FALSE	TRUE
loop_5772	TRUE	3	2	2	2	FALSE	FALSE
loop_5773	TRUE	2	3	3	4	FALSE	FALSE
loop_5774	FALSE	3	3	3	3	TRUE	TRUE
loop_5775	TRUE	5	1	4	1	FALSE	FALSE
loop_5776	TRUE	5	3	3	3	FALSE	TRUE
loop_5777	TRUE	3	3	2	3	TRUE	FALSE
loop_5778	FALSE	3	3	3	3	TRUE	TRUE
loop_5779	TRUE	3	3	4	3	TRUE	FALSE
loop_5780	TRUE	3	2	3	3	FALSE	TRUE
loop_5781	TRUE	5	1	3	3	FALSE	TRUE
loop_5782	FALSE	3	3	3	3	TRUE	TRUE
loop_5783	TRUE	5	2	1	1	FALSE	FALSE
loop_5784	FALSE	1	3	1	3	FALSE	FALSE
loop_5785	FALSE	3	2	3	2	FALSE	FALSE
loop_5786	TRUE	4	1	4	2	FALSE	FALSE
loop_5787	TRUE	5	1	5	2	FALSE	FALSE
loop_5788	FALSE	3	3	3	3	TRUE	TRUE
loop_5789	TRUE	5	1	3	3	FALSE	TRUE
loop_5790	TRUE	3	2	3	3	FALSE	TRUE
loop_5791	FALSE	1	4	1	4	FALSE	FALSE
loop_5792	TRUE	2	3	3	3	FALSE	TRUE
loop_5793	TRUE	4	2	2	2	FALSE	FALSE
loop_5794	TRUE	5	2	3	3	FALSE	TRUE
loop_5795	TRUE	3	2	3	3	FALSE	TRUE
loop_5796	TRUE	5	4	4	4	FALSE	FALSE
loop_5797	TRUE	4	1	3	2	FALSE	FALSE
loop_5798	TRUE	3	3	4	1	TRUE	FALSE
loop_5799	TRUE	3	3	3	4	TRUE	FALSE
loop_5800	TRUE	5	1	5	4	FALSE	FALSE
loop_5801	TRUE	4	4	3	3	FALSE	TRUE
loop_5802	TRUE	4	4	3	3	FALSE	TRUE
loop_5803	FALSE	3	3	3	3	TRUE	TRUE
loop_5804	TRUE	3	3	2	3	TRUE	FALSE
loop_5805	TRUE	4	3	4	4	FALSE	FALSE
loop_5806	TRUE	4	1	5	2	FALSE	FALSE
loop_5807	TRUE	2	3	3	3	FALSE	TRUE
loop_5808	TRUE	2	3	2	4	FALSE	FALSE
loop_5809	TRUE	3	3	2	3	TRUE	FALSE
loop_5810	FALSE	3	3	3	3	TRUE	TRUE
loop_5811	TRUE	3	1	3	2	FALSE	FALSE
loop_5812	TRUE	5	4	3	3	FALSE	TRUE
loop_5813	FALSE	3	3	3	3	TRUE	TRUE
loop_5814	TRUE	3	3	4	3	TRUE	FALSE
loop_5815	TRUE	3	4	3	3	FALSE	TRUE
loop_5816	TRUE	3	3	3	4	TRUE	FALSE
loop_5817	FALSE	3	3	3	3	TRUE	TRUE
loop_5818	TRUE	2	4	3	3	FALSE	TRUE
loop_5819	TRUE	2	3	3	3	FALSE	TRUE
loop_5820	TRUE	3	4	3	3	FALSE	TRUE
loop_5821	TRUE	4	1	2	2	FALSE	FALSE
loop_5822	TRUE	5	2	3	1	FALSE	FALSE
loop_5823	TRUE	3	4	4	3	FALSE	FALSE
loop_5824	TRUE	5	5	3	3	FALSE	TRUE
loop_5825	FALSE	3	3	3	3	TRUE	TRUE
loop_5826	TRUE	4	3	1	4	FALSE	FALSE
loop_5827	FALSE	3	2	3	2	FALSE	FALSE
loop_5828	TRUE	3	3	4	2	TRUE	FALSE
loop_5829	TRUE	2	4	3	4	FALSE	FALSE
loop_5830	TRUE	3	2	3	3	FALSE	TRUE
loop_5831	TRUE	3	4	3	3	FALSE	TRUE
loop_5832	TRUE	5	4	2	5	FALSE	FALSE
loop_5833	TRUE	3	1	4	1	FALSE	FALSE
loop_5834	FALSE	3	3	3	3	TRUE	TRUE
loop_5835	TRUE	2	2	3	3	FALSE	TRUE
loop_5836	FALSE	4	4	4	4	FALSE	FALSE
loop_5837	TRUE	4	3	3	3	FALSE	TRUE
loop_5838	TRUE	1	1	1	4	FALSE	FALSE
loop_5839	FALSE	1	4	1	4	FALSE	FALSE
loop_5840	FALSE	3	3	3	3	TRUE	TRUE
loop_5841	TRUE	4	5	4	2	FALSE	FALSE
loop_5842	TRUE	3	3	4	2	TRUE	FALSE
loop_5843	TRUE	5	2	3	3	FALSE	TRUE
loop_5844	TRUE	2	4	4	4	FALSE	FALSE
loop_5845	FALSE	5	1	5	1	FALSE	FALSE
loop_5846	TRUE	3	4	3	3	FALSE	TRUE
loop_5847	TRUE	3	2	4	3	FALSE	FALSE
loop_5848	TRUE	1	2	2	3	FALSE	FALSE
loop_5849	FALSE	3	3	3	3	TRUE	TRUE
loop_5850	TRUE	3	2	2	2	FALSE	FALSE
loop_5851	TRUE	2	1	3	1	FALSE	FALSE
loop_5852	FALSE	3	1	3	1	FALSE	FALSE
loop_5853	TRUE	3	5	3	3	FALSE	TRUE
loop_5854	TRUE	2	2	2	3	FALSE	FALSE
loop_5855	TRUE	3	1	3	3	FALSE	TRUE
loop_5856	TRUE	3	3	3	4	TRUE	FALSE
loop_5857	TRUE	2	5	3	3	FALSE	TRUE
loop_5858	TRUE	3	3	2	2	TRUE	FALSE
loop_5859	TRUE	2	3	3	3	FALSE	TRUE
loop_5860	TRUE	2	4	3	4	FALSE	FALSE
loop_5861	TRUE	3	1	3	3	FALSE	TRUE
loop_5862	TRUE	4	3	4	4	FALSE	FALSE
loop_5863	TRUE	2	3	3	3	FALSE	TRUE
loop_5864	TRUE	2	5	2	4	FALSE	FALSE
loop_5865	FALSE	5	4	5	4	FALSE	FALSE
loop_5866	TRUE	1	2	3	2	FALSE	FALSE
loop_5867	TRUE	1	4	2	5	FALSE	FALSE
loop_5868	TRUE	3	4	4	3	FALSE	FALSE
loop_5869	TRUE	4	3	3	2	FALSE	FALSE
loop_5870	FALSE	3	3	3	3	TRUE	TRUE
loop_5871	TRUE	4	4	2	4	FALSE	FALSE
loop_5872	FALSE	3	3	3	3	TRUE	TRUE
loop_5873	TRUE	2	1	3	2	FALSE	FALSE
loop_5874	TRUE	4	3	3	3	FALSE	TRUE
loop_5875	TRUE	3	4	4	4	FALSE	FALSE
loop_5876	TRUE	1	4	1	5	FALSE	FALSE
loop_5877	TRUE	2	3	5	2	FALSE	FALSE
loop_5878	TRUE	4	2	3	3	FALSE	TRUE
loop_5879	TRUE	3	2	4	2	FALSE	FALSE
loop_5880	TRUE	3	3	3	4	TRUE	FALSE
loop_5881	TRUE	2	4	3	3	FALSE	TRUE
loop_5882	FALSE	2	4	2	4	FALSE	FALSE
loop_5883	TRUE	3	2	3	3	FALSE	TRUE
loop_5884	FALSE	5	1	5	1	FALSE	FALSE
loop_5885	TRUE	5	1	5	2	FALSE	FALSE
loop_5886	TRUE	4	1	5	1	FALSE	FALSE
loop_5887	TRUE	1	5	2	4	FALSE	FALSE
loop_5888	TRUE	2	4	3	4	FALSE	FALSE
loop_5889	FALSE	5	1	5	1	FALSE	FALSE
loop_5890	FALSE	5	1	5	1	FALSE	FALSE
loop_5891	TRUE	3	3	4	2	TRUE	FALSE
loop_5892	FALSE	5	2	5	2	FALSE	FALSE
loop_5893	FALSE	5	1	5	1	FALSE	FALSE
loop_5894	FALSE	5	1	5	1	FALSE	FALSE
loop_5895	FALSE	3	3	3	3	TRUE	TRUE
loop_5896	FALSE	3	3	3	3	TRUE	TRUE
loop_5897	FALSE	3	3	3	3	TRUE	TRUE
loop_5898	TRUE	4	1	3	3	FALSE	TRUE
loop_5899	FALSE	5	2	5	2	FALSE	FALSE
loop_5900	TRUE	4	1	3	2	FALSE	FALSE
loop_5901	FALSE	5	1	5	1	FALSE	FALSE
loop_5902	TRUE	5	2	5	1	FALSE	FALSE
loop_5903	FALSE	5	1	5	1	FALSE	FALSE
loop_5904	FALSE	2	3	2	3	FALSE	FALSE
loop_5905	FALSE	5	1	5	1	FALSE	FALSE
loop_5906	FALSE	5	1	5	1	FALSE	FALSE
loop_5907	TRUE	1	2	1	3	FALSE	FALSE
loop_5908	TRUE	4	3	3	3	FALSE	TRUE
loop_5909	TRUE	4	5	3	3	FALSE	TRUE
loop_5910	FALSE	3	3	3	3	TRUE	TRUE
loop_5911	TRUE	4	2	4	1	FALSE	FALSE
loop_5912	TRUE	3	3	3	4	TRUE	FALSE
loop_5913	TRUE	4	1	5	1	FALSE	FALSE
loop_5914	TRUE	4	2	3	3	FALSE	TRUE
loop_5915	FALSE	5	1	5	1	FALSE	FALSE
loop_5916	FALSE	2	4	2	4	FALSE	FALSE
loop_5917	TRUE	3	1	4	1	FALSE	FALSE
loop_5918	FALSE	5	1	5	1	FALSE	FALSE
loop_5919	TRUE	2	3	3	3	FALSE	TRUE
loop_5920	FALSE	5	1	5	1	FALSE	FALSE
loop_5921	TRUE	5	3	3	3	FALSE	TRUE
loop_5922	TRUE	5	2	2	4	FALSE	FALSE
loop_5923	TRUE	3	4	3	3	FALSE	TRUE
loop_5924	TRUE	4	4	4	3	FALSE	FALSE
loop_5925	FALSE	5	1	5	1	FALSE	FALSE
loop_5926	FALSE	3	4	3	4	FALSE	FALSE
loop_5927	TRUE	5	2	5	1	FALSE	FALSE
loop_5928	FALSE	2	3	2	3	FALSE	FALSE
loop_5929	TRUE	5	1	2	2	FALSE	FALSE
loop_5930	TRUE	2	3	5	2	FALSE	FALSE
loop_5931	TRUE	1	3	2	2	FALSE	FALSE
loop_5932	TRUE	5	2	3	3	FALSE	TRUE
loop_5933	TRUE	2	4	4	1	FALSE	FALSE
loop_5934	TRUE	1	2	1	1	FALSE	FALSE
loop_5935	TRUE	4	5	3	3	FALSE	TRUE
loop_5936	FALSE	3	3	3	3	TRUE	TRUE
loop_5937	TRUE	4	3	3	3	FALSE	TRUE
loop_5938	TRUE	4	2	3	2	FALSE	FALSE
loop_5939	TRUE	5	5	4	3	FALSE	FALSE
loop_5940	TRUE	3	5	3	3	FALSE	TRUE
loop_5941	TRUE	5	1	4	1	FALSE	FALSE
loop_5942	TRUE	4	1	3	3	FALSE	TRUE
loop_5943	TRUE	5	3	3	3	FALSE	TRUE
loop_5944	TRUE	5	1	4	2	FALSE	FALSE
loop_5945	TRUE	2	4	2	5	FALSE	FALSE
loop_5946	FALSE	3	3	3	3	TRUE	TRUE
loop_5947	TRUE	3	1	3	2	FALSE	FALSE
loop_5948	FALSE	4	3	4	3	FALSE	FALSE
loop_5949	TRUE	3	4	4	3	FALSE	FALSE
loop_5950	TRUE	3	1	2	3	FALSE	FALSE
loop_5951	FALSE	5	1	5	1	FALSE	FALSE
loop_5952	TRUE	4	3	3	2	FALSE	FALSE
loop_5953	TRUE	4	4	3	3	FALSE	TRUE
loop_5954	TRUE	5	2	3	3	FALSE	TRUE
loop_5955	TRUE	2	2	3	3	FALSE	TRUE
loop_5956	TRUE	4	2	3	2	FALSE	FALSE
loop_5957	FALSE	3	3	3	3	TRUE	TRUE
loop_5958	FALSE	3	3	3	3	TRUE	TRUE
loop_5959	TRUE	3	3	4	3	TRUE	FALSE
loop_5960	TRUE	4	3	3	3	FALSE	TRUE
loop_5961	TRUE	1	3	2	3	FALSE	FALSE
loop_5962	TRUE	4	4	3	3	FALSE	TRUE
loop_5963	TRUE	5	2	3	3	FALSE	TRUE
loop_5964	TRUE	3	3	1	3	TRUE	FALSE
loop_5965	TRUE	5	2	3	3	FALSE	TRUE
loop_5966	TRUE	5	2	3	3	FALSE	TRUE
loop_5967	TRUE	2	4	3	3	FALSE	TRUE
loop_5968	TRUE	5	1	3	3	FALSE	TRUE
loop_5969	FALSE	3	3	3	3	TRUE	TRUE
loop_5970	TRUE	3	4	2	4	FALSE	FALSE
loop_5971	TRUE	2	4	3	3	FALSE	TRUE
loop_5972	TRUE	2	3	3	3	FALSE	TRUE
loop_5973	TRUE	5	2	1	3	FALSE	FALSE
loop_5974	FALSE	3	3	3	3	TRUE	TRUE
loop_5975	FALSE	2	5	2	5	FALSE	FALSE
loop_5976	TRUE	5	5	3	3	FALSE	TRUE
loop_5977	FALSE	3	3	3	3	TRUE	TRUE
loop_5978	TRUE	2	3	3	3	FALSE	TRUE
loop_5979	FALSE	3	3	3	3	TRUE	TRUE
loop_5980	TRUE	5	1	3	3	FALSE	TRUE
loop_5981	TRUE	5	4	5	1	FALSE	FALSE
loop_5982	FALSE	3	3	3	3	TRUE	TRUE
loop_5983	TRUE	4	2	3	3	FALSE	TRUE
loop_5984	TRUE	5	5	3	3	FALSE	TRUE
loop_5985	FALSE	3	4	3	4	FALSE	FALSE
loop_5986	FALSE	3	3	3	3	TRUE	TRUE
loop_5987	TRUE	1	5	3	3	FALSE	TRUE
loop_5988	TRUE	1	2	3	3	FALSE	TRUE
loop_5989	TRUE	4	4	4	2	FALSE	FALSE
loop_5990	TRUE	3	3	3	2	TRUE	FALSE
loop_5991	TRUE	2	1	3	3	FALSE	TRUE
loop_5992	TRUE	3	4	3	3	FALSE	TRUE
loop_5993	TRUE	4	2	5	4	FALSE	FALSE
loop_5994	TRUE	3	2	3	3	FALSE	TRUE
loop_5995	TRUE	2	3	3	3	FALSE	TRUE
loop_5996	FALSE	3	3	3	3	TRUE	TRUE
loop_5997	FALSE	3	3	3	3	TRUE	TRUE
loop_5998	TRUE	4	3	3	3	FALSE	TRUE
loop_5999	TRUE	3	3	4	3	TRUE	FALSE
loop_6000	TRUE	4	3	3	3	FALSE	TRUE
loop_6001	TRUE	4	1	3	3	FALSE	TRUE
loop_6002	TRUE	5	1	3	3	FALSE	TRUE
loop_6003	TRUE	1	3	3	3	FALSE	TRUE
loop_6004	TRUE	3	2	2	2	FALSE	FALSE
loop_6005	TRUE	2	3	3	3	FALSE	TRUE
loop_6006	TRUE	4	4	4	3	FALSE	FALSE
loop_6007	TRUE	1	2	2	3	FALSE	FALSE
loop_6008	FALSE	3	3	3	3	TRUE	TRUE
loop_6009	TRUE	4	3	3	3	FALSE	TRUE
loop_6010	TRUE	5	5	4	4	FALSE	FALSE
loop_6011	FALSE	3	3	3	3	TRUE	TRUE
loop_6012	TRUE	4	3	3	3	FALSE	TRUE
loop_6013	TRUE	3	3	5	2	TRUE	FALSE
loop_6014	FALSE	3	3	3	3	TRUE	TRUE
loop_6015	TRUE	3	1	3	3	FALSE	TRUE
loop_6016	TRUE	3	4	3	3	FALSE	TRUE
loop_6017	TRUE	4	2	3	3	FALSE	TRUE
loop_6018	TRUE	4	3	2	3	FALSE	FALSE
loop_6019	FALSE	3	3	3	3	TRUE	TRUE
loop_6020	TRUE	3	2	3	1	FALSE	FALSE
loop_6021	FALSE	3	3	3	3	TRUE	TRUE
loop_6022	TRUE	2	3	3	3	FALSE	TRUE
loop_6023	FALSE	3	3	3	3	TRUE	TRUE
loop_6024	TRUE	3	2	4	2	FALSE	FALSE
loop_6025	FALSE	4	3	4	3	FALSE	FALSE
loop_6026	TRUE	3	3	4	1	TRUE	FALSE
loop_6027	FALSE	3	1	3	1	FALSE	FALSE
loop_6028	TRUE	5	4	3	3	FALSE	TRUE
loop_6029	TRUE	3	4	3	3	FALSE	TRUE
loop_6030	TRUE	4	4	3	3	FALSE	TRUE
loop_6031	TRUE	2	3	3	3	FALSE	TRUE
loop_6032	FALSE	3	3	3	3	TRUE	TRUE
loop_6033	TRUE	3	1	3	3	FALSE	TRUE
loop_6034	FALSE	3	3	3	3	TRUE	TRUE
loop_6035	TRUE	1	4	3	3	FALSE	TRUE
loop_6036	TRUE	3	3	3	2	TRUE	FALSE
loop_6037	TRUE	1	4	1	1	FALSE	FALSE
loop_6038	TRUE	4	2	3	3	FALSE	TRUE
loop_6039	TRUE	4	2	4	3	FALSE	FALSE
loop_6040	TRUE	3	2	3	3	FALSE	TRUE
loop_6041	TRUE	4	3	4	2	FALSE	FALSE
loop_6042	TRUE	4	4	1	1	FALSE	FALSE
loop_6043	TRUE	4	2	3	2	FALSE	FALSE
loop_6044	TRUE	2	2	4	3	FALSE	FALSE
loop_6045	TRUE	4	3	4	2	FALSE	FALSE
loop_6046	TRUE	3	4	3	3	FALSE	TRUE
loop_6047	TRUE	3	3	3	4	TRUE	FALSE
loop_6048	TRUE	5	3	3	3	FALSE	TRUE
loop_6049	TRUE	2	3	3	5	FALSE	FALSE
loop_6050	TRUE	2	2	3	3	FALSE	TRUE
loop_6051	TRUE	4	3	1	1	FALSE	FALSE
loop_6052	FALSE	3	3	3	3	TRUE	TRUE
loop_6053	TRUE	1	3	3	3	FALSE	TRUE
loop_6054	TRUE	2	3	3	3	FALSE	TRUE
loop_6055	TRUE	3	2	3	3	FALSE	TRUE
loop_6056	FALSE	3	3	3	3	TRUE	TRUE
loop_6057	FALSE	3	3	3	3	TRUE	TRUE
loop_6058	TRUE	2	1	2	2	FALSE	FALSE
loop_6059	TRUE	5	2	3	2	FALSE	FALSE
loop_6060	TRUE	2	5	3	4	FALSE	FALSE
loop_6061	TRUE	4	3	3	3	FALSE	TRUE
loop_6062	TRUE	1	1	3	3	FALSE	TRUE
loop_6063	FALSE	3	3	3	3	TRUE	TRUE
loop_6064	TRUE	4	3	3	3	FALSE	TRUE
loop_6065	FALSE	3	3	3	3	TRUE	TRUE
loop_6066	FALSE	3	5	3	5	FALSE	FALSE
loop_6067	TRUE	2	3	1	3	FALSE	FALSE
loop_6068	TRUE	4	4	2	3	FALSE	FALSE
loop_6069	TRUE	2	2	3	3	FALSE	TRUE
loop_6070	TRUE	3	2	3	3	FALSE	TRUE
loop_6071	TRUE	2	2	3	3	FALSE	TRUE
loop_6072	TRUE	5	1	3	2	FALSE	FALSE
loop_6073	FALSE	3	3	3	3	TRUE	TRUE
loop_6074	TRUE	3	1	3	2	FALSE	FALSE
loop_6075	TRUE	4	3	3	2	FALSE	FALSE
loop_6076	FALSE	5	1	5	1	FALSE	FALSE
loop_6077	FALSE	3	3	3	3	TRUE	TRUE
loop_6078	TRUE	4	2	3	3	FALSE	TRUE
loop_6079	FALSE	5	1	5	1	FALSE	FALSE
loop_6080	TRUE	3	2	4	5	FALSE	FALSE
loop_6081	FALSE	5	1	5	1	FALSE	FALSE
loop_6082	TRUE	5	1	4	1	FALSE	FALSE
loop_6083	TRUE	3	1	4	1	FALSE	FALSE
loop_6084	TRUE	2	2	3	4	FALSE	FALSE
loop_6085	FALSE	5	1	5	1	FALSE	FALSE
loop_6086	TRUE	3	2	4	2	FALSE	FALSE
loop_6087	TRUE	3	1	5	1	FALSE	FALSE
loop_6088	FALSE	3	3	3	3	TRUE	TRUE
loop_6089	TRUE	4	2	4	1	FALSE	FALSE
loop_6090	FALSE	5	1	5	1	FALSE	FALSE
loop_6091	TRUE	3	4	3	3	FALSE	TRUE
loop_6092	FALSE	5	1	5	1	FALSE	FALSE
loop_6093	FALSE	5	1	5	1	FALSE	FALSE
loop_6094	FALSE	3	3	3	3	TRUE	TRUE
loop_6095	TRUE	4	5	3	3	FALSE	TRUE
loop_6096	TRUE	5	1	3	3	FALSE	TRUE
loop_6097	FALSE	5	1	5	1	FALSE	FALSE
loop_6098	FALSE	5	1	5	1	FALSE	FALSE
loop_6099	TRUE	5	1	3	3	FALSE	TRUE
loop_6100	TRUE	1	3	1	4	FALSE	FALSE
loop_6101	TRUE	5	1	5	2	FALSE	FALSE
loop_6102	FALSE	2	3	2	3	FALSE	FALSE
loop_6103	TRUE	5	1	4	2	FALSE	FALSE
loop_6104	TRUE	5	1	5	2	FALSE	FALSE
loop_6105	TRUE	4	2	3	1	FALSE	FALSE
loop_6106	TRUE	3	3	3	4	TRUE	FALSE
loop_6107	TRUE	3	3	3	1	TRUE	FALSE
loop_6108	FALSE	3	3	3	3	TRUE	TRUE
loop_6109	TRUE	3	3	2	3	TRUE	FALSE
loop_6110	TRUE	5	3	4	3	FALSE	FALSE
loop_6111	FALSE	3	3	3	3	TRUE	TRUE
loop_6112	TRUE	4	1	5	1	FALSE	FALSE
loop_6113	TRUE	1	3	3	3	FALSE	TRUE
loop_6114	TRUE	5	3	3	4	FALSE	FALSE
loop_6115	TRUE	3	4	3	3	FALSE	TRUE
loop_6116	TRUE	1	5	3	3	FALSE	TRUE
loop_6117	FALSE	5	1	5	1	FALSE	FALSE
loop_6118	FALSE	5	1	5	1	FALSE	FALSE
loop_6119	TRUE	3	3	4	2	TRUE	FALSE
loop_6120	TRUE	1	1	3	2	FALSE	FALSE
loop_6121	TRUE	4	3	3	3	FALSE	TRUE
loop_6122	TRUE	4	2	4	1	FALSE	FALSE
loop_6123	FALSE	3	3	3	3	TRUE	TRUE
loop_6124	TRUE	1	1	3	2	FALSE	FALSE
loop_6125	FALSE	5	1	5	1	FALSE	FALSE
loop_6126	TRUE	5	2	3	3	FALSE	TRUE
loop_6127	FALSE	5	1	5	1	FALSE	FALSE
loop_6128	TRUE	3	2	5	1	FALSE	FALSE
loop_6129	TRUE	4	3	4	2	FALSE	FALSE
loop_6130	FALSE	5	1	5	1	FALSE	FALSE
loop_6131	FALSE	5	2	5	2	FALSE	FALSE
loop_6132	TRUE	5	1	5	2	FALSE	FALSE
loop_6133	TRUE	5	2	5	1	FALSE	FALSE
loop_6134	FALSE	5	1	5	1	FALSE	FALSE
loop_6135	TRUE	4	1	5	1	FALSE	FALSE
loop_6136	FALSE	3	3	3	3	TRUE	TRUE
loop_6137	FALSE	5	1	5	1	FALSE	FALSE
loop_6138	FALSE	5	1	5	1	FALSE	FALSE
loop_6139	FALSE	3	3	3	3	TRUE	TRUE
loop_6140	TRUE	2	3	5	1	FALSE	FALSE
loop_6141	TRUE	4	3	3	3	FALSE	TRUE
loop_6142	FALSE	3	3	3	3	TRUE	TRUE
loop_6143	TRUE	3	3	5	1	TRUE	FALSE
loop_6144	TRUE	5	1	3	3	FALSE	TRUE
loop_6145	TRUE	3	2	3	3	FALSE	TRUE
loop_6146	TRUE	5	2	5	1	FALSE	FALSE
loop_6147	TRUE	3	1	3	3	FALSE	TRUE
loop_6148	FALSE	5	1	5	1	FALSE	FALSE
loop_6149	TRUE	2	4	3	3	FALSE	TRUE
loop_6150	TRUE	4	1	5	1	FALSE	FALSE
loop_6151	FALSE	3	3	3	3	TRUE	TRUE
loop_6152	TRUE	4	1	3	3	FALSE	TRUE
loop_6153	TRUE	5	5	3	3	FALSE	TRUE
loop_6154	FALSE	3	3	3	3	TRUE	TRUE
loop_6155	TRUE	3	4	3	3	FALSE	TRUE
loop_6156	TRUE	3	5	2	5	FALSE	FALSE
loop_6157	TRUE	4	2	3	3	FALSE	TRUE
loop_6158	FALSE	4	1	4	1	FALSE	FALSE
loop_6159	TRUE	2	1	3	1	FALSE	FALSE
loop_6160	TRUE	4	3	5	1	FALSE	FALSE
loop_6161	FALSE	5	1	5	1	FALSE	FALSE
loop_6162	TRUE	3	3	5	4	TRUE	FALSE
loop_6163	FALSE	3	3	3	3	TRUE	TRUE
loop_6164	TRUE	1	5	3	3	FALSE	TRUE
loop_6165	TRUE	3	3	3	4	TRUE	FALSE
loop_6166	TRUE	2	2	3	3	FALSE	TRUE
loop_6167	TRUE	4	2	5	1	FALSE	FALSE
loop_6168	TRUE	5	2	3	4	FALSE	FALSE
loop_6169	TRUE	3	2	3	3	FALSE	TRUE
loop_6170	TRUE	5	2	3	3	FALSE	TRUE
loop_6171	FALSE	3	3	3	3	TRUE	TRUE
loop_6172	TRUE	1	4	1	1	FALSE	FALSE
loop_6173	TRUE	3	1	5	2	FALSE	FALSE
loop_6174	TRUE	3	4	5	3	FALSE	FALSE
loop_6175	TRUE	3	1	3	3	FALSE	TRUE
loop_6176	TRUE	5	2	3	3	FALSE	TRUE
loop_6177	TRUE	3	3	3	1	TRUE	FALSE
loop_6178	FALSE	3	3	3	3	TRUE	TRUE
loop_6179	TRUE	5	2	3	1	FALSE	FALSE
loop_6180	FALSE	3	3	3	3	TRUE	TRUE
loop_6181	TRUE	5	2	5	1	FALSE	FALSE
loop_6182	TRUE	3	3	3	1	TRUE	FALSE
loop_6183	TRUE	5	1	4	1	FALSE	FALSE
loop_6184	FALSE	3	3	3	3	TRUE	TRUE
loop_6185	FALSE	4	3	4	3	FALSE	FALSE
loop_6186	FALSE	3	3	3	3	TRUE	TRUE
loop_6187	TRUE	2	3	3	3	FALSE	TRUE
loop_6188	TRUE	5	2	3	3	FALSE	TRUE
loop_6189	TRUE	2	1	3	3	FALSE	TRUE
loop_6190	TRUE	2	2	3	3	FALSE	TRUE
loop_6191	TRUE	2	4	3	3	FALSE	TRUE
loop_6192	TRUE	4	2	4	1	FALSE	FALSE
loop_6193	TRUE	3	1	5	1	FALSE	FALSE
loop_6194	TRUE	3	5	3	3	FALSE	TRUE
loop_6195	TRUE	3	3	2	2	TRUE	FALSE
loop_6196	FALSE	3	3	3	3	TRUE	TRUE
loop_6197	TRUE	5	3	3	2	FALSE	FALSE
loop_6198	TRUE	3	3	2	3	TRUE	FALSE
loop_6199	TRUE	2	3	3	5	FALSE	FALSE
loop_6200	FALSE	3	3	3	3	TRUE	TRUE
loop_6201	TRUE	1	3	3	3	FALSE	TRUE
loop_6202	TRUE	5	2	3	3	FALSE	TRUE
loop_6203	TRUE	2	2	3	2	FALSE	FALSE
loop_6204	TRUE	3	4	3	3	FALSE	TRUE
loop_6205	TRUE	4	1	3	3	FALSE	TRUE
loop_6206	FALSE	5	1	5	1	FALSE	FALSE
loop_6207	FALSE	3	3	3	3	TRUE	TRUE
loop_6208	FALSE	3	3	3	3	TRUE	TRUE
loop_6209	TRUE	2	3	3	3	FALSE	TRUE
loop_6210	TRUE	3	3	4	5	TRUE	FALSE
loop_6211	TRUE	3	4	4	3	FALSE	FALSE
loop_6212	TRUE	4	4	2	4	FALSE	FALSE
loop_6213	TRUE	5	3	5	2	FALSE	FALSE
loop_6214	TRUE	5	4	5	5	FALSE	FALSE
loop_6215	TRUE	5	3	3	3	FALSE	TRUE
loop_6216	TRUE	3	3	3	2	TRUE	FALSE
loop_6217	FALSE	3	4	3	4	FALSE	FALSE
loop_6218	TRUE	3	2	3	3	FALSE	TRUE
loop_6219	TRUE	2	3	3	3	FALSE	TRUE
loop_6220	TRUE	3	2	2	2	FALSE	FALSE
loop_6221	TRUE	2	3	1	2	FALSE	FALSE
loop_6222	TRUE	4	2	3	3	FALSE	TRUE
loop_6223	TRUE	4	3	3	4	FALSE	FALSE
loop_6224	TRUE	4	3	3	3	FALSE	TRUE
loop_6225	FALSE	3	2	3	2	FALSE	FALSE
loop_6226	FALSE	3	4	3	4	FALSE	FALSE
loop_6227	TRUE	2	3	3	3	FALSE	TRUE
loop_6228	TRUE	4	3	3	3	FALSE	TRUE
loop_6229	FALSE	3	3	3	3	TRUE	TRUE
loop_6230	TRUE	3	4	3	3	FALSE	TRUE
loop_6231	TRUE	4	4	4	3	FALSE	FALSE
loop_6232	TRUE	5	1	4	1	FALSE	FALSE
loop_6233	TRUE	4	3	3	3	FALSE	TRUE
loop_6234	TRUE	5	4	3	3	FALSE	TRUE
loop_6235	FALSE	3	4	3	4	FALSE	FALSE
loop_6236	TRUE	2	3	2	2	FALSE	FALSE
loop_6237	TRUE	3	2	4	5	FALSE	FALSE
loop_6238	FALSE	3	3	3	3	TRUE	TRUE
loop_6239	FALSE	3	3	3	3	TRUE	TRUE
loop_6240	TRUE	5	1	4	1	FALSE	FALSE
loop_6241	TRUE	3	3	2	4	TRUE	FALSE
loop_6242	TRUE	5	2	5	4	FALSE	FALSE
loop_6243	TRUE	2	5	3	3	FALSE	TRUE
loop_6244	TRUE	5	1	4	2	FALSE	FALSE
loop_6245	TRUE	3	4	3	3	FALSE	TRUE
loop_6246	TRUE	2	1	2	2	FALSE	FALSE
loop_6247	TRUE	3	2	3	1	FALSE	FALSE
loop_6248	TRUE	3	4	3	3	FALSE	TRUE
loop_6249	TRUE	3	4	4	3	FALSE	FALSE
loop_6250	FALSE	3	2	3	2	FALSE	FALSE
loop_6251	TRUE	1	1	3	3	FALSE	TRUE
loop_6252	TRUE	4	3	3	3	FALSE	TRUE
loop_6253	TRUE	4	3	3	3	FALSE	TRUE
loop_6254	TRUE	1	1	1	3	FALSE	FALSE
loop_6255	TRUE	4	3	3	3	FALSE	TRUE
loop_6256	TRUE	5	2	5	1	FALSE	FALSE
loop_6257	FALSE	3	3	3	3	TRUE	TRUE
loop_6258	FALSE	3	3	3	3	TRUE	TRUE
loop_6259	TRUE	4	4	3	3	FALSE	TRUE
loop_6260	TRUE	1	4	3	3	FALSE	TRUE
loop_6261	TRUE	5	5	3	3	FALSE	TRUE
loop_6262	FALSE	3	3	3	3	TRUE	TRUE
loop_6263	FALSE	3	3	3	3	TRUE	TRUE
loop_6264	TRUE	2	3	3	3	FALSE	TRUE
loop_6265	TRUE	4	5	1	5	FALSE	FALSE
loop_6266	TRUE	5	1	3	1	FALSE	FALSE
loop_6267	TRUE	3	3	2	3	TRUE	FALSE
loop_6268	TRUE	3	2	1	2	FALSE	FALSE
loop_6269	FALSE	3	3	3	3	TRUE	TRUE
loop_6270	FALSE	3	3	3	3	TRUE	TRUE
loop_6271	FALSE	2	4	2	4	FALSE	FALSE
loop_6272	TRUE	4	2	3	3	FALSE	TRUE
loop_6273	TRUE	2	4	3	3	FALSE	TRUE
loop_6274	FALSE	3	3	3	3	TRUE	TRUE
loop_6275	TRUE	4	3	3	3	FALSE	TRUE
loop_6276	TRUE	4	2	4	3	FALSE	FALSE
loop_6277	TRUE	1	5	3	1	FALSE	FALSE
loop_6278	FALSE	3	3	3	3	TRUE	TRUE
loop_6279	TRUE	3	2	3	3	FALSE	TRUE
loop_6280	FALSE	5	1	5	1	FALSE	FALSE
loop_6281	TRUE	5	1	3	3	FALSE	TRUE
loop_6282	FALSE	5	1	5	1	FALSE	FALSE
loop_6283	FALSE	3	3	3	3	TRUE	TRUE
loop_6284	TRUE	4	1	3	1	FALSE	FALSE
loop_6285	TRUE	5	1	5	3	FALSE	FALSE
loop_6286	FALSE	3	3	3	3	TRUE	TRUE
loop_6287	TRUE	5	3	5	2	FALSE	FALSE
loop_6288	TRUE	5	2	3	3	FALSE	TRUE
loop_6289	TRUE	5	1	2	2	FALSE	FALSE
loop_6290	TRUE	4	1	5	1	FALSE	FALSE
loop_6291	FALSE	5	1	5	1	FALSE	FALSE
loop_6292	FALSE	3	1	3	1	FALSE	FALSE
loop_6293	FALSE	3	3	3	3	TRUE	TRUE
loop_6294	TRUE	3	2	3	3	FALSE	TRUE
loop_6295	TRUE	5	1	5	2	FALSE	FALSE
loop_6296	TRUE	5	1	3	3	FALSE	TRUE
loop_6297	FALSE	5	1	5	1	FALSE	FALSE
loop_6298	TRUE	3	3	5	1	TRUE	FALSE
loop_6299	TRUE	3	4	5	3	FALSE	FALSE
loop_6300	TRUE	2	3	3	1	FALSE	FALSE
loop_6301	TRUE	2	3	5	1	FALSE	FALSE
loop_6302	TRUE	3	2	1	1	FALSE	FALSE
loop_6303	TRUE	3	4	3	3	FALSE	TRUE
loop_6304	TRUE	5	2	3	3	FALSE	TRUE
loop_6305	TRUE	4	1	4	2	FALSE	FALSE
loop_6306	FALSE	3	3	3	3	TRUE	TRUE
loop_6307	TRUE	5	3	5	1	FALSE	FALSE
loop_6308	FALSE	5	1	5	1	FALSE	FALSE
loop_6309	TRUE	1	2	2	2	FALSE	FALSE
loop_6310	FALSE	4	1	4	1	FALSE	FALSE
loop_6311	TRUE	1	4	3	3	FALSE	TRUE
loop_6312	FALSE	3	3	3	3	TRUE	TRUE
loop_6313	TRUE	4	2	4	1	FALSE	FALSE
loop_6314	TRUE	5	1	3	3	FALSE	TRUE
loop_6315	TRUE	2	2	2	1	FALSE	FALSE
loop_6316	FALSE	3	1	3	1	FALSE	FALSE
loop_6317	TRUE	4	3	5	2	FALSE	FALSE
loop_6318	TRUE	4	2	3	3	FALSE	TRUE
loop_6319	FALSE	5	1	5	1	FALSE	FALSE
loop_6320	TRUE	5	1	4	1	FALSE	FALSE
loop_6321	TRUE	4	2	3	2	FALSE	FALSE
loop_6322	TRUE	5	2	5	3	FALSE	FALSE
loop_6323	TRUE	5	1	5	2	FALSE	FALSE
loop_6324	FALSE	4	2	4	2	FALSE	FALSE
loop_6325	TRUE	4	1	5	1	FALSE	FALSE
loop_6326	TRUE	5	3	4	1	FALSE	FALSE
loop_6327	FALSE	4	3	4	3	FALSE	FALSE
loop_6328	TRUE	5	5	3	3	FALSE	TRUE
loop_6329	FALSE	5	1	5	1	FALSE	FALSE
loop_6330	TRUE	3	2	5	1	FALSE	FALSE
loop_6331	FALSE	4	3	4	3	FALSE	FALSE
loop_6332	TRUE	5	1	5	2	FALSE	FALSE
loop_6333	FALSE	3	3	3	3	TRUE	TRUE
loop_6334	TRUE	3	3	3	2	TRUE	FALSE
loop_6335	FALSE	5	1	5	1	FALSE	FALSE
loop_6336	TRUE	2	4	3	3	FALSE	TRUE
loop_6337	TRUE	4	2	5	1	FALSE	FALSE
loop_6338	TRUE	3	2	3	3	FALSE	TRUE
loop_6339	TRUE	5	1	5	2	FALSE	FALSE
loop_6340	FALSE	3	3	3	3	TRUE	TRUE
loop_6341	TRUE	4	1	3	3	FALSE	TRUE
loop_6342	TRUE	2	3	3	3	FALSE	TRUE
loop_6343	FALSE	3	3	3	3	TRUE	TRUE
loop_6344	TRUE	3	4	3	3	FALSE	TRUE
loop_6345	TRUE	5	1	3	3	FALSE	TRUE
loop_6346	TRUE	5	2	5	1	FALSE	FALSE
loop_6347	TRUE	3	3	3	1	TRUE	FALSE
loop_6348	TRUE	5	1	5	2	FALSE	FALSE
loop_6349	TRUE	2	4	2	3	FALSE	FALSE
loop_6350	TRUE	4	1	3	3	FALSE	TRUE
loop_6351	TRUE	4	3	3	3	FALSE	TRUE
loop_6352	TRUE	4	3	5	3	FALSE	FALSE
loop_6353	FALSE	3	3	3	3	TRUE	TRUE
loop_6354	TRUE	4	3	4	2	FALSE	FALSE
loop_6355	TRUE	4	3	3	3	FALSE	TRUE
loop_6356	TRUE	5	2	3	3	FALSE	TRUE
loop_6357	FALSE	3	3	3	3	TRUE	TRUE
loop_6358	TRUE	5	1	5	2	FALSE	FALSE
loop_6359	TRUE	2	2	5	2	FALSE	FALSE
loop_6360	TRUE	3	2	3	3	FALSE	TRUE
loop_6361	TRUE	1	4	3	3	FALSE	TRUE
loop_6362	FALSE	4	1	4	1	FALSE	FALSE
loop_6363	TRUE	3	4	4	3	FALSE	FALSE
loop_6364	TRUE	2	3	3	3	FALSE	TRUE
loop_6365	TRUE	2	3	3	3	FALSE	TRUE
loop_6366	FALSE	3	3	3	3	TRUE	TRUE
loop_6367	TRUE	5	3	3	3	FALSE	TRUE
loop_6368	FALSE	3	3	3	3	TRUE	TRUE
loop_6369	TRUE	3	2	3	3	FALSE	TRUE
loop_6370	TRUE	5	1	4	4	FALSE	FALSE
loop_6371	TRUE	4	1	3	3	FALSE	TRUE
loop_6372	TRUE	1	4	3	3	FALSE	TRUE
loop_6373	FALSE	3	3	3	3	TRUE	TRUE
loop_6374	TRUE	4	4	3	3	FALSE	TRUE
loop_6375	TRUE	5	5	3	3	FALSE	TRUE
loop_6376	TRUE	3	5	3	3	FALSE	TRUE
loop_6377	FALSE	5	1	5	1	FALSE	FALSE
loop_6378	FALSE	2	3	2	3	FALSE	FALSE
loop_6379	TRUE	5	1	3	3	FALSE	TRUE
loop_6380	TRUE	5	1	3	4	FALSE	FALSE
loop_6381	TRUE	4	5	2	5	FALSE	FALSE
loop_6382	TRUE	2	3	3	3	FALSE	TRUE
loop_6383	FALSE	4	3	4	3	FALSE	FALSE
loop_6384	TRUE	3	1	3	3	FALSE	TRUE
loop_6385	TRUE	5	3	3	3	FALSE	TRUE
loop_6386	TRUE	3	3	4	3	TRUE	FALSE
loop_6387	FALSE	3	2	3	2	FALSE	FALSE
loop_6388	TRUE	2	3	3	3	FALSE	TRUE
loop_6389	FALSE	2	3	2	3	FALSE	FALSE
loop_6390	TRUE	4	3	2	3	FALSE	FALSE
loop_6391	FALSE	3	3	3	3	TRUE	TRUE
loop_6392	TRUE	4	3	3	3	FALSE	TRUE
loop_6393	TRUE	4	1	4	4	FALSE	FALSE
loop_6394	TRUE	3	2	3	3	FALSE	TRUE
loop_6395	TRUE	2	3	3	3	FALSE	TRUE
loop_6396	FALSE	2	5	2	5	FALSE	FALSE
loop_6397	TRUE	3	2	3	3	FALSE	TRUE
loop_6398	FALSE	3	4	3	4	FALSE	FALSE
loop_6399	FALSE	2	1	2	1	FALSE	FALSE
loop_6400	FALSE	3	3	3	3	TRUE	TRUE
loop_6401	TRUE	3	4	3	3	FALSE	TRUE
loop_6402	TRUE	5	4	5	2	FALSE	FALSE
loop_6403	TRUE	2	3	3	3	FALSE	TRUE
loop_6404	FALSE	4	3	4	3	FALSE	FALSE
loop_6405	TRUE	3	2	3	1	FALSE	FALSE
loop_6406	TRUE	3	4	5	4	FALSE	FALSE
loop_6407	FALSE	3	3	3	3	TRUE	TRUE
loop_6408	TRUE	5	3	3	3	FALSE	TRUE
loop_6409	TRUE	4	3	3	3	FALSE	TRUE
loop_6410	TRUE	1	2	3	3	FALSE	TRUE
loop_6411	TRUE	4	3	5	2	FALSE	FALSE
loop_6412	FALSE	3	3	3	3	TRUE	TRUE
loop_6413	FALSE	3	2	3	2	FALSE	FALSE
loop_6414	TRUE	5	2	3	3	FALSE	TRUE
loop_6415	TRUE	1	2	3	3	FALSE	TRUE
loop_6416	TRUE	4	3	3	3	FALSE	TRUE
loop_6417	TRUE	3	4	3	3	FALSE	TRUE
loop_6418	TRUE	3	5	3	3	FALSE	TRUE
loop_6419	TRUE	3	2	3	3	FALSE	TRUE
loop_6420	TRUE	5	1	4	2	FALSE	FALSE
loop_6421	TRUE	3	5	3	3	FALSE	TRUE
loop_6422	TRUE	2	4	3	3	FALSE	TRUE
loop_6423	TRUE	5	1	4	2	FALSE	FALSE
loop_6424	TRUE	5	3	5	1	FALSE	FALSE
loop_6425	TRUE	3	2	3	3	FALSE	TRUE
loop_6426	FALSE	3	3	3	3	TRUE	TRUE
loop_6427	TRUE	2	2	3	3	FALSE	TRUE
loop_6428	TRUE	2	3	3	3	FALSE	TRUE
loop_6429	TRUE	1	3	2	4	FALSE	FALSE
loop_6430	TRUE	3	4	3	3	FALSE	TRUE
loop_6431	TRUE	4	3	3	3	FALSE	TRUE
loop_6432	TRUE	2	1	3	3	FALSE	TRUE
loop_6433	TRUE	2	3	3	3	FALSE	TRUE
loop_6434	TRUE	3	4	3	3	FALSE	TRUE
loop_6435	TRUE	3	3	3	4	TRUE	FALSE
loop_6436	TRUE	3	3	3	2	TRUE	FALSE
loop_6437	TRUE	3	2	3	3	FALSE	TRUE
loop_6438	TRUE	3	4	3	3	FALSE	TRUE
loop_6439	TRUE	3	4	3	5	FALSE	FALSE
loop_6440	TRUE	3	2	3	3	FALSE	TRUE
loop_6441	TRUE	4	5	3	3	FALSE	TRUE
loop_6442	TRUE	4	2	3	3	FALSE	TRUE
loop_6443	TRUE	4	1	3	3	FALSE	TRUE
loop_6444	FALSE	3	4	3	4	FALSE	FALSE
loop_6445	TRUE	2	3	2	2	FALSE	FALSE
loop_6446	TRUE	3	2	2	2	FALSE	FALSE
loop_6447	TRUE	3	2	3	3	FALSE	TRUE
loop_6448	FALSE	3	5	3	5	FALSE	FALSE
loop_6449	TRUE	5	3	3	3	FALSE	TRUE
loop_6450	TRUE	5	3	3	1	FALSE	FALSE
loop_6451	TRUE	3	5	3	3	FALSE	TRUE
loop_6452	FALSE	3	3	3	3	TRUE	TRUE
loop_6453	TRUE	2	2	3	3	FALSE	TRUE
loop_6454	TRUE	3	2	5	1	FALSE	FALSE
loop_6455	TRUE	4	2	3	3	FALSE	TRUE
loop_6456	FALSE	5	1	5	1	FALSE	FALSE
loop_6457	TRUE	3	5	4	5	FALSE	FALSE
loop_6458	TRUE	5	1	2	3	FALSE	FALSE
loop_6459	TRUE	3	1	3	3	FALSE	TRUE
loop_6460	TRUE	3	4	4	4	FALSE	FALSE
loop_6461	TRUE	4	2	3	3	FALSE	TRUE
loop_6462	TRUE	5	2	3	3	FALSE	TRUE
loop_6463	FALSE	3	3	3	3	TRUE	TRUE
loop_6464	TRUE	2	2	3	3	FALSE	TRUE
loop_6465	FALSE	5	1	5	1	FALSE	FALSE
loop_6466	FALSE	4	1	4	1	FALSE	FALSE
loop_6467	TRUE	4	3	5	2	FALSE	FALSE
loop_6468	TRUE	1	2	2	2	FALSE	FALSE
loop_6469	TRUE	4	1	3	3	FALSE	TRUE
loop_6470	TRUE	4	3	3	3	FALSE	TRUE
loop_6471	TRUE	2	3	3	2	FALSE	FALSE
loop_6472	FALSE	3	2	3	2	FALSE	FALSE
loop_6473	TRUE	3	2	3	3	FALSE	TRUE
loop_6474	TRUE	5	2	5	1	FALSE	FALSE
loop_6475	TRUE	4	4	1	2	FALSE	FALSE
loop_6476	TRUE	3	2	3	3	FALSE	TRUE
loop_6477	TRUE	2	1	4	3	FALSE	FALSE
loop_6478	TRUE	4	3	3	3	FALSE	TRUE
loop_6479	FALSE	3	5	3	5	FALSE	FALSE
loop_6480	TRUE	5	4	4	4	FALSE	FALSE
loop_6481	FALSE	4	4	4	4	FALSE	FALSE
loop_6482	TRUE	5	4	5	1	FALSE	FALSE
loop_6483	TRUE	5	2	3	3	FALSE	TRUE
loop_6484	TRUE	4	4	1	4	FALSE	FALSE
loop_6485	TRUE	3	4	3	3	FALSE	TRUE
loop_6486	FALSE	5	1	5	1	FALSE	FALSE
loop_6487	FALSE	3	2	3	2	FALSE	FALSE
loop_6488	TRUE	4	1	5	1	FALSE	FALSE
loop_6489	TRUE	5	1	5	3	FALSE	FALSE
loop_6490	TRUE	3	1	3	3	FALSE	TRUE
loop_6491	TRUE	3	4	3	3	FALSE	TRUE
loop_6492	FALSE	3	3	3	3	TRUE	TRUE
loop_6493	TRUE	4	2	5	1	FALSE	FALSE
loop_6494	TRUE	5	3	3	3	FALSE	TRUE
loop_6495	FALSE	1	5	1	5	FALSE	FALSE
loop_6496	TRUE	5	1	5	2	FALSE	FALSE
loop_6497	TRUE	5	1	4	1	FALSE	FALSE
loop_6498	TRUE	5	3	3	2	FALSE	FALSE
loop_6499	TRUE	4	2	4	1	FALSE	FALSE
loop_6500	TRUE	4	1	4	2	FALSE	FALSE
loop_6501	TRUE	4	3	3	3	FALSE	TRUE
loop_6502	FALSE	3	3	3	3	TRUE	TRUE
loop_6503	TRUE	2	4	3	3	FALSE	TRUE
loop_6504	FALSE	3	3	3	3	TRUE	TRUE
loop_6505	TRUE	2	4	3	3	FALSE	TRUE
loop_6506	TRUE	4	3	3	3	FALSE	TRUE
loop_6507	FALSE	3	3	3	3	TRUE	TRUE
loop_6508	TRUE	3	1	3	3	FALSE	TRUE
loop_6509	FALSE	2	3	2	3	FALSE	FALSE
loop_6510	TRUE	3	2	3	3	FALSE	TRUE
loop_6511	FALSE	5	1	5	1	FALSE	FALSE
loop_6512	TRUE	4	2	4	1	FALSE	FALSE
loop_6513	TRUE	5	2	4	4	FALSE	FALSE
loop_6514	TRUE	2	3	3	3	FALSE	TRUE
loop_6515	TRUE	4	1	5	1	FALSE	FALSE
loop_6516	TRUE	5	1	5	3	FALSE	FALSE
loop_6517	TRUE	5	3	5	1	FALSE	FALSE
loop_6518	TRUE	5	3	3	3	FALSE	TRUE
loop_6519	TRUE	4	3	3	3	FALSE	TRUE
loop_6520	FALSE	5	1	5	1	FALSE	FALSE
loop_6521	TRUE	3	2	2	1	FALSE	FALSE
loop_6522	TRUE	4	2	3	2	FALSE	FALSE
loop_6523	FALSE	1	2	1	2	FALSE	FALSE
loop_6524	FALSE	3	3	3	3	TRUE	TRUE
loop_6525	FALSE	3	3	3	3	TRUE	TRUE
loop_6526	FALSE	4	3	4	3	FALSE	FALSE
loop_6527	TRUE	2	5	1	3	FALSE	FALSE
loop_6528	FALSE	3	3	3	3	TRUE	TRUE
loop_6529	TRUE	4	2	3	2	FALSE	FALSE
loop_6530	TRUE	3	3	4	3	TRUE	FALSE
loop_6531	FALSE	3	3	3	3	TRUE	TRUE
loop_6532	TRUE	3	4	3	5	FALSE	FALSE
loop_6533	TRUE	4	2	1	1	FALSE	FALSE
loop_6534	TRUE	4	2	3	3	FALSE	TRUE
loop_6535	FALSE	3	3	3	3	TRUE	TRUE
loop_6536	TRUE	4	3	3	3	FALSE	TRUE
loop_6537	TRUE	3	3	3	1	TRUE	FALSE
loop_6538	TRUE	3	1	3	3	FALSE	TRUE
loop_6539	TRUE	5	1	2	2	FALSE	FALSE
loop_6540	TRUE	3	3	3	2	TRUE	FALSE
loop_6541	TRUE	1	4	3	3	FALSE	TRUE
loop_6542	TRUE	2	2	3	3	FALSE	TRUE
loop_6543	TRUE	5	3	3	3	FALSE	TRUE
loop_6544	FALSE	3	3	3	3	TRUE	TRUE
loop_6545	TRUE	4	3	3	3	FALSE	TRUE
loop_6546	TRUE	3	1	4	2	FALSE	FALSE
loop_6547	TRUE	4	3	3	3	FALSE	TRUE
loop_6548	TRUE	2	1	5	2	FALSE	FALSE
loop_6549	FALSE	3	3	3	3	TRUE	TRUE
loop_6550	TRUE	3	4	3	3	FALSE	TRUE
loop_6551	TRUE	4	2	3	3	FALSE	TRUE
loop_6552	TRUE	2	1	3	3	FALSE	TRUE
loop_6553	TRUE	4	1	3	3	FALSE	TRUE
loop_6554	TRUE	1	2	3	3	FALSE	TRUE
loop_6555	FALSE	3	3	3	3	TRUE	TRUE
loop_6556	TRUE	3	4	3	3	FALSE	TRUE
loop_6557	TRUE	4	3	3	3	FALSE	TRUE
loop_6558	FALSE	5	1	5	1	FALSE	FALSE
loop_6559	TRUE	5	1	5	2	FALSE	FALSE
loop_6560	TRUE	4	1	3	2	FALSE	FALSE
loop_6561	TRUE	5	1	5	2	FALSE	FALSE
loop_6562	TRUE	5	1	5	5	FALSE	FALSE
loop_6563	TRUE	5	2	4	2	FALSE	FALSE
loop_6564	TRUE	5	2	2	3	FALSE	FALSE
loop_6565	FALSE	5	1	5	1	FALSE	FALSE
loop_6566	FALSE	5	1	5	1	FALSE	FALSE
loop_6567	TRUE	4	2	3	3	FALSE	TRUE
loop_6568	TRUE	3	4	3	3	FALSE	TRUE
loop_6569	FALSE	5	1	5	1	FALSE	FALSE
loop_6570	TRUE	4	2	5	1	FALSE	FALSE
loop_6571	TRUE	4	3	3	3	FALSE	TRUE
loop_6572	FALSE	3	3	3	3	TRUE	TRUE
loop_6573	TRUE	1	5	2	5	FALSE	FALSE
loop_6574	FALSE	5	1	5	1	FALSE	FALSE
loop_6575	FALSE	1	1	1	1	FALSE	FALSE
loop_6576	TRUE	5	3	3	3	FALSE	TRUE
loop_6577	TRUE	3	1	3	2	FALSE	FALSE
loop_6578	TRUE	2	4	5	2	FALSE	FALSE
loop_6579	TRUE	3	2	5	1	FALSE	FALSE
loop_6580	TRUE	3	2	5	2	FALSE	FALSE
loop_6581	TRUE	4	1	5	1	FALSE	FALSE
loop_6582	TRUE	2	3	3	3	FALSE	TRUE
loop_6583	TRUE	3	3	4	2	TRUE	FALSE
loop_6584	TRUE	5	2	3	3	FALSE	TRUE
loop_6585	TRUE	5	3	3	3	FALSE	TRUE
loop_6586	TRUE	5	2	3	3	FALSE	TRUE
loop_6587	TRUE	4	2	3	3	FALSE	TRUE
loop_6588	TRUE	3	1	3	2	FALSE	FALSE
loop_6589	TRUE	5	1	5	2	FALSE	FALSE
loop_6590	TRUE	2	2	5	2	FALSE	FALSE
loop_6591	FALSE	5	1	5	1	FALSE	FALSE
loop_6592	FALSE	1	3	1	3	FALSE	FALSE
loop_6593	FALSE	3	4	3	4	FALSE	FALSE
loop_6594	FALSE	5	2	5	2	FALSE	FALSE
loop_6595	FALSE	5	1	5	1	FALSE	FALSE
loop_6596	TRUE	1	4	1	3	FALSE	FALSE
loop_6597	TRUE	1	2	2	4	FALSE	FALSE
loop_6598	TRUE	3	2	4	2	FALSE	FALSE
loop_6599	FALSE	5	2	5	2	FALSE	FALSE
loop_6600	TRUE	3	4	2	3	FALSE	FALSE
loop_6601	FALSE	5	1	5	1	FALSE	FALSE
loop_6602	TRUE	3	2	4	5	FALSE	FALSE
loop_6603	TRUE	4	3	3	3	FALSE	TRUE
loop_6604	FALSE	3	4	3	4	FALSE	FALSE
loop_6605	TRUE	2	2	2	5	FALSE	FALSE
loop_6606	TRUE	4	2	3	3	FALSE	TRUE
loop_6607	TRUE	3	5	2	3	FALSE	FALSE
loop_6608	FALSE	5	4	5	4	FALSE	FALSE
loop_6609	TRUE	2	3	3	3	FALSE	TRUE
loop_6610	FALSE	3	3	3	3	TRUE	TRUE
loop_6611	TRUE	5	3	5	1	FALSE	FALSE
loop_6612	TRUE	2	1	3	3	FALSE	TRUE
loop_6613	TRUE	3	3	4	3	TRUE	FALSE
loop_6614	TRUE	5	4	2	3	FALSE	FALSE
loop_6615	TRUE	3	1	3	2	FALSE	FALSE
loop_6616	FALSE	3	3	3	3	TRUE	TRUE
loop_6617	TRUE	5	2	5	1	FALSE	FALSE
loop_6618	FALSE	5	1	5	1	FALSE	FALSE
loop_6619	TRUE	2	4	3	4	FALSE	FALSE
loop_6620	TRUE	5	1	2	1	FALSE	FALSE
loop_6621	FALSE	3	3	3	3	TRUE	TRUE
loop_6622	TRUE	5	2	5	1	FALSE	FALSE
loop_6623	TRUE	5	2	4	2	FALSE	FALSE
loop_6624	FALSE	3	3	3	3	TRUE	TRUE
loop_6625	TRUE	4	4	5	3	FALSE	FALSE
loop_6626	TRUE	5	1	5	2	FALSE	FALSE
loop_6627	TRUE	3	3	4	3	TRUE	FALSE
loop_6628	TRUE	3	2	3	3	FALSE	TRUE
loop_6629	TRUE	4	3	4	2	FALSE	FALSE
loop_6630	TRUE	1	4	5	4	FALSE	FALSE
loop_6631	TRUE	1	1	1	2	FALSE	FALSE
loop_6632	FALSE	3	3	3	3	TRUE	TRUE
loop_6633	TRUE	3	2	3	3	FALSE	TRUE
loop_6634	TRUE	3	4	3	3	FALSE	TRUE
loop_6635	FALSE	4	3	4	3	FALSE	FALSE
loop_6636	TRUE	3	3	2	4	TRUE	FALSE
loop_6637	TRUE	5	2	3	3	FALSE	TRUE
loop_6638	TRUE	5	3	3	3	FALSE	TRUE
loop_6639	FALSE	3	3	3	3	TRUE	TRUE
loop_6640	TRUE	4	4	3	4	FALSE	FALSE
loop_6641	TRUE	3	4	3	3	FALSE	TRUE
loop_6642	FALSE	3	3	3	3	TRUE	TRUE
loop_6643	TRUE	3	1	1	5	FALSE	FALSE
loop_6644	TRUE	4	4	3	3	FALSE	TRUE
loop_6645	TRUE	2	3	2	4	FALSE	FALSE
loop_6646	TRUE	3	4	3	3	FALSE	TRUE
loop_6647	TRUE	4	2	3	3	FALSE	TRUE
loop_6648	TRUE	2	2	3	3	FALSE	TRUE
loop_6649	FALSE	5	2	5	2	FALSE	FALSE
loop_6650	FALSE	5	1	5	1	FALSE	FALSE
loop_6651	FALSE	5	1	5	1	FALSE	FALSE
loop_6652	TRUE	4	5	3	3	FALSE	TRUE
loop_6653	TRUE	3	1	3	2	FALSE	FALSE
loop_6654	TRUE	5	1	4	1	FALSE	FALSE
loop_6655	TRUE	2	3	5	1	FALSE	FALSE
loop_6656	TRUE	2	5	3	3	FALSE	TRUE
loop_6657	TRUE	5	4	4	5	FALSE	FALSE
loop_6658	TRUE	5	2	5	1	FALSE	FALSE
loop_6659	FALSE	2	4	2	4	FALSE	FALSE
loop_6660	TRUE	5	4	3	3	FALSE	TRUE
loop_6661	FALSE	3	3	3	3	TRUE	TRUE
loop_6662	FALSE	5	1	5	1	FALSE	FALSE
loop_6663	FALSE	3	3	3	3	TRUE	TRUE
loop_6664	TRUE	2	3	3	3	FALSE	TRUE
loop_6665	TRUE	3	4	5	1	FALSE	FALSE
loop_6666	FALSE	3	3	3	3	TRUE	TRUE
loop_6667	TRUE	2	3	3	3	FALSE	TRUE
loop_6668	FALSE	1	5	1	5	FALSE	FALSE
loop_6669	FALSE	3	3	3	3	TRUE	TRUE
loop_6670	FALSE	3	2	3	2	FALSE	FALSE
loop_6671	TRUE	3	2	3	3	FALSE	TRUE
loop_6672	TRUE	4	1	2	1	FALSE	FALSE
loop_6673	FALSE	3	3	3	3	TRUE	TRUE
loop_6674	FALSE	3	3	3	3	TRUE	TRUE
loop_6675	TRUE	3	3	2	2	TRUE	FALSE
loop_6676	TRUE	4	4	3	3	FALSE	TRUE
loop_6677	TRUE	5	3	3	3	FALSE	TRUE
loop_6678	TRUE	1	4	1	2	FALSE	FALSE
loop_6679	TRUE	2	1	3	3	FALSE	TRUE
loop_6680	TRUE	1	2	3	3	FALSE	TRUE
loop_6681	TRUE	3	3	1	1	TRUE	FALSE
loop_6682	TRUE	4	4	3	4	FALSE	FALSE
loop_6683	TRUE	2	4	4	3	FALSE	FALSE
loop_6684	TRUE	5	2	5	1	FALSE	FALSE
loop_6685	FALSE	5	1	5	1	FALSE	FALSE
loop_6686	TRUE	4	1	3	3	FALSE	TRUE
loop_6687	FALSE	5	1	5	1	FALSE	FALSE
loop_6688	TRUE	5	2	3	3	FALSE	TRUE
loop_6689	FALSE	5	1	5	1	FALSE	FALSE
loop_6690	TRUE	5	2	4	1	FALSE	FALSE
loop_6691	FALSE	3	3	3	3	TRUE	TRUE
loop_6692	FALSE	3	3	3	3	TRUE	TRUE
loop_6693	TRUE	5	1	5	4	FALSE	FALSE
loop_6694	FALSE	3	3	3	3	TRUE	TRUE
loop_6695	FALSE	3	3	3	3	TRUE	TRUE
loop_6696	TRUE	5	3	1	4	FALSE	FALSE
loop_6697	FALSE	5	1	5	1	FALSE	FALSE
loop_6698	TRUE	4	5	3	4	FALSE	FALSE
loop_6699	TRUE	4	4	3	3	FALSE	TRUE
loop_6700	TRUE	5	2	4	2	FALSE	FALSE
loop_6701	TRUE	5	5	2	4	FALSE	FALSE
loop_6702	TRUE	1	4	2	4	FALSE	FALSE
loop_6703	TRUE	1	3	4	2	FALSE	FALSE
loop_6704	TRUE	2	4	3	3	FALSE	TRUE
loop_6705	TRUE	3	3	4	4	TRUE	FALSE
loop_6706	TRUE	5	1	3	3	FALSE	TRUE
loop_6707	TRUE	2	4	3	3	FALSE	TRUE
loop_6708	TRUE	4	5	3	3	FALSE	TRUE
loop_6709	TRUE	4	1	3	3	FALSE	TRUE
loop_6710	TRUE	4	1	5	1	FALSE	FALSE
loop_6711	FALSE	1	5	1	5	FALSE	FALSE
loop_6712	TRUE	4	3	5	2	FALSE	FALSE
loop_6713	TRUE	5	3	4	3	FALSE	FALSE
loop_6714	TRUE	2	3	3	3	FALSE	TRUE
loop_6715	TRUE	3	2	3	3	FALSE	TRUE
loop_6716	TRUE	4	2	3	3	FALSE	TRUE
loop_6717	FALSE	5	1	5	1	FALSE	FALSE
loop_6718	FALSE	3	3	3	3	TRUE	TRUE
loop_6719	TRUE	4	2	4	3	FALSE	FALSE
loop_6720	TRUE	1	5	3	3	FALSE	TRUE
loop_6721	TRUE	3	4	3	3	FALSE	TRUE
loop_6722	FALSE	3	4	3	4	FALSE	FALSE
loop_6723	FALSE	3	4	3	4	FALSE	FALSE
loop_6724	TRUE	4	3	3	3	FALSE	TRUE
loop_6725	TRUE	2	3	4	4	FALSE	FALSE
loop_6726	TRUE	2	1	3	3	FALSE	TRUE
loop_6727	TRUE	3	4	3	3	FALSE	TRUE
loop_6728	TRUE	3	2	3	3	FALSE	TRUE
loop_6729	TRUE	3	3	5	2	TRUE	FALSE
loop_6730	TRUE	5	1	3	3	FALSE	TRUE
loop_6731	TRUE	1	5	2	5	FALSE	FALSE
loop_6732	FALSE	5	1	5	1	FALSE	FALSE
loop_6733	TRUE	2	3	3	3	FALSE	TRUE
loop_6734	TRUE	5	1	5	3	FALSE	FALSE
loop_6735	FALSE	5	1	5	1	FALSE	FALSE
loop_6736	TRUE	5	1	5	2	FALSE	FALSE
loop_6737	TRUE	4	3	3	3	FALSE	TRUE
loop_6738	TRUE	4	1	5	1	FALSE	FALSE
loop_6739	TRUE	4	3	3	3	FALSE	TRUE
loop_6740	TRUE	1	1	3	3	FALSE	TRUE
loop_6741	TRUE	5	2	3	2	FALSE	FALSE
loop_6742	TRUE	3	2	4	2	FALSE	FALSE
loop_6743	FALSE	1	4	1	4	FALSE	FALSE
loop_6744	FALSE	5	1	5	1	FALSE	FALSE
loop_6745	TRUE	1	3	3	3	FALSE	TRUE
loop_6746	TRUE	4	3	3	3	FALSE	TRUE
loop_6747	TRUE	2	4	3	3	FALSE	TRUE
loop_6748	TRUE	3	4	3	3	FALSE	TRUE
loop_6749	TRUE	5	2	3	1	FALSE	FALSE
loop_6750	TRUE	4	3	3	3	FALSE	TRUE
loop_6751	TRUE	3	2	3	5	FALSE	FALSE
loop_6752	TRUE	1	3	3	3	FALSE	TRUE
loop_6753	TRUE	3	4	1	4	FALSE	FALSE
loop_6754	TRUE	2	2	3	3	FALSE	TRUE
loop_6755	TRUE	4	1	1	3	FALSE	FALSE
loop_6756	TRUE	3	5	3	4	FALSE	FALSE
loop_6757	TRUE	2	2	3	3	FALSE	TRUE
loop_6758	TRUE	5	4	3	3	FALSE	TRUE
loop_6759	TRUE	4	5	3	3	FALSE	TRUE
loop_6760	TRUE	4	2	3	3	FALSE	TRUE
loop_6761	TRUE	5	1	5	2	FALSE	FALSE
loop_6762	FALSE	5	1	5	1	FALSE	FALSE
loop_6763	FALSE	3	2	3	2	FALSE	FALSE
loop_6764	FALSE	5	1	5	1	FALSE	FALSE
loop_6765	FALSE	2	3	2	3	FALSE	FALSE
loop_6766	FALSE	1	2	1	2	FALSE	FALSE
loop_6767	FALSE	3	1	3	1	FALSE	FALSE
loop_6768	TRUE	3	4	4	1	FALSE	FALSE
loop_6769	FALSE	5	1	5	1	FALSE	FALSE
loop_6770	TRUE	5	1	3	3	FALSE	TRUE
loop_6771	FALSE	5	1	5	1	FALSE	FALSE
loop_6772	FALSE	5	1	5	1	FALSE	FALSE
loop_6773	FALSE	4	1	4	1	FALSE	FALSE
loop_6774	TRUE	4	3	5	1	FALSE	FALSE
loop_6775	TRUE	5	1	3	3	FALSE	TRUE
loop_6776	TRUE	4	1	3	3	FALSE	TRUE
loop_6777	TRUE	5	1	5	2	FALSE	FALSE
loop_6778	FALSE	3	3	3	3	TRUE	TRUE
loop_6779	TRUE	3	2	3	3	FALSE	TRUE
loop_6780	TRUE	5	2	5	1	FALSE	FALSE
loop_6781	TRUE	2	1	3	3	FALSE	TRUE
loop_6782	FALSE	3	3	3	3	TRUE	TRUE
loop_6783	TRUE	4	2	3	3	FALSE	TRUE
loop_6784	TRUE	1	1	3	3	FALSE	TRUE
loop_6785	TRUE	2	5	3	5	FALSE	FALSE
loop_6786	FALSE	2	2	2	2	FALSE	FALSE
loop_6787	FALSE	5	1	5	1	FALSE	FALSE
loop_6788	TRUE	2	1	3	3	FALSE	TRUE
loop_6789	TRUE	2	2	3	3	FALSE	TRUE
loop_6790	TRUE	5	4	3	3	FALSE	TRUE
loop_6791	FALSE	3	3	3	3	TRUE	TRUE
loop_6792	FALSE	2	1	2	1	FALSE	FALSE
loop_6793	FALSE	3	3	3	3	TRUE	TRUE
loop_6794	TRUE	3	4	3	3	FALSE	TRUE
loop_6795	TRUE	5	1	3	3	FALSE	TRUE
loop_6796	TRUE	4	2	3	3	FALSE	TRUE
loop_6797	TRUE	5	4	3	3	FALSE	TRUE
loop_6798	TRUE	5	1	3	3	FALSE	TRUE
loop_6799	FALSE	3	3	3	3	TRUE	TRUE
loop_6800	TRUE	4	2	2	3	FALSE	FALSE
loop_6801	FALSE	3	3	3	3	TRUE	TRUE
loop_6802	TRUE	5	3	4	3	FALSE	FALSE
loop_6803	TRUE	2	3	2	4	FALSE	FALSE
loop_6804	FALSE	2	3	2	3	FALSE	FALSE
loop_6805	FALSE	3	3	3	3	TRUE	TRUE
loop_6806	TRUE	1	4	2	4	FALSE	FALSE
loop_6807	TRUE	4	2	3	3	FALSE	TRUE
loop_6808	TRUE	4	2	4	3	FALSE	FALSE
loop_6809	TRUE	4	2	4	4	FALSE	FALSE
loop_6810	FALSE	3	3	3	3	TRUE	TRUE
loop_6811	TRUE	3	1	3	5	FALSE	FALSE
loop_6812	TRUE	1	3	3	3	FALSE	TRUE
loop_6813	TRUE	5	4	3	3	FALSE	TRUE
loop_6814	FALSE	2	2	2	2	FALSE	FALSE
loop_6815	TRUE	1	1	3	3	FALSE	TRUE
loop_6816	FALSE	5	1	5	1	FALSE	FALSE
loop_6817	FALSE	5	1	5	1	FALSE	FALSE
loop_6818	FALSE	5	1	5	1	FALSE	FALSE
loop_6819	TRUE	5	3	3	3	FALSE	TRUE
loop_6820	TRUE	3	4	4	2	FALSE	FALSE
loop_6821	FALSE	4	3	4	3	FALSE	FALSE
loop_6822	TRUE	3	3	5	5	TRUE	FALSE
loop_6823	TRUE	3	2	3	3	FALSE	TRUE
loop_6824	TRUE	3	2	4	3	FALSE	FALSE
loop_6825	TRUE	4	3	3	3	FALSE	TRUE
loop_6826	TRUE	3	5	3	3	FALSE	TRUE
loop_6827	TRUE	2	5	1	4	FALSE	FALSE
loop_6828	FALSE	1	1	1	1	FALSE	FALSE
loop_6829	TRUE	3	2	3	3	FALSE	TRUE
loop_6830	TRUE	3	4	3	3	FALSE	TRUE
loop_6831	TRUE	3	1	2	2	FALSE	FALSE
loop_6832	TRUE	4	4	4	3	FALSE	FALSE
loop_6833	FALSE	3	3	3	3	TRUE	TRUE
loop_6834	TRUE	3	5	3	3	FALSE	TRUE
loop_6835	TRUE	2	3	3	3	FALSE	TRUE
loop_6836	TRUE	2	3	3	3	FALSE	TRUE
loop_6837	TRUE	3	4	2	2	FALSE	FALSE
loop_6838	TRUE	4	3	3	3	FALSE	TRUE
loop_6839	FALSE	3	3	3	3	TRUE	TRUE
loop_6840	FALSE	5	1	5	1	FALSE	FALSE
loop_6841	TRUE	5	1	5	2	FALSE	FALSE
loop_6842	TRUE	2	4	2	3	FALSE	FALSE
loop_6843	FALSE	5	1	5	1	FALSE	FALSE
loop_6844	FALSE	5	1	5	1	FALSE	FALSE
loop_6845	TRUE	4	3	3	3	FALSE	TRUE
loop_6846	TRUE	2	1	3	3	FALSE	TRUE
loop_6847	TRUE	4	3	3	3	FALSE	TRUE
loop_6848	TRUE	3	3	3	2	TRUE	FALSE
loop_6849	TRUE	4	1	3	3	FALSE	TRUE
loop_6850	TRUE	5	3	3	3	FALSE	TRUE
loop_6851	FALSE	3	3	3	3	TRUE	TRUE
loop_6852	TRUE	3	3	1	5	TRUE	FALSE
loop_6853	TRUE	4	3	5	1	FALSE	FALSE
loop_6854	FALSE	2	5	2	5	FALSE	FALSE
loop_6855	TRUE	2	3	2	2	FALSE	FALSE
loop_6856	TRUE	4	3	5	4	FALSE	FALSE
loop_6857	FALSE	3	3	3	3	TRUE	TRUE
loop_6858	TRUE	1	4	5	1	FALSE	FALSE
loop_6859	TRUE	4	3	3	3	FALSE	TRUE
loop_6860	FALSE	5	1	5	1	FALSE	FALSE
loop_6861	FALSE	3	3	3	3	TRUE	TRUE
loop_6862	TRUE	5	1	5	3	FALSE	FALSE
loop_6863	FALSE	5	1	5	1	FALSE	FALSE
loop_6864	TRUE	4	2	5	2	FALSE	FALSE
loop_6865	TRUE	2	5	1	5	FALSE	FALSE
loop_6866	TRUE	5	3	4	3	FALSE	FALSE
loop_6867	TRUE	5	1	3	3	FALSE	TRUE
loop_6868	TRUE	5	2	5	1	FALSE	FALSE
loop_6869	TRUE	5	2	4	2	FALSE	FALSE
loop_6870	TRUE	5	1	5	2	FALSE	FALSE
loop_6871	TRUE	5	1	4	1	FALSE	FALSE
loop_6872	TRUE	5	1	3	3	FALSE	TRUE
loop_6873	FALSE	3	2	3	2	FALSE	FALSE
loop_6874	FALSE	5	1	5	1	FALSE	FALSE
loop_6875	FALSE	5	1	5	1	FALSE	FALSE
loop_6876	TRUE	5	1	3	3	FALSE	TRUE
loop_6877	TRUE	3	2	5	1	FALSE	FALSE
loop_6878	FALSE	3	4	3	4	FALSE	FALSE
loop_6879	FALSE	2	2	2	2	FALSE	FALSE
loop_6880	TRUE	3	5	5	5	FALSE	FALSE
loop_6881	TRUE	1	4	2	4	FALSE	FALSE
loop_6882	FALSE	3	1	3	1	FALSE	FALSE
loop_6883	FALSE	5	1	5	1	FALSE	FALSE
loop_6884	FALSE	5	1	5	1	FALSE	FALSE
loop_6885	TRUE	3	4	4	2	FALSE	FALSE
loop_6886	TRUE	2	5	2	3	FALSE	FALSE
loop_6887	TRUE	4	5	3	3	FALSE	TRUE
loop_6888	TRUE	4	3	3	3	FALSE	TRUE
loop_6889	FALSE	5	2	5	2	FALSE	FALSE
loop_6890	FALSE	2	3	2	3	FALSE	FALSE
loop_6891	TRUE	3	3	5	1	TRUE	FALSE
loop_6892	TRUE	4	4	5	1	FALSE	FALSE
loop_6893	FALSE	5	1	5	1	FALSE	FALSE
loop_6894	TRUE	5	4	3	3	FALSE	TRUE
loop_6895	FALSE	3	3	3	3	TRUE	TRUE
loop_6896	TRUE	4	2	3	1	FALSE	FALSE
loop_6897	TRUE	3	2	2	2	FALSE	FALSE
loop_6898	TRUE	2	4	3	3	FALSE	TRUE
loop_6899	TRUE	5	1	3	4	FALSE	FALSE
loop_6900	TRUE	2	3	3	3	FALSE	TRUE
loop_6901	TRUE	4	3	3	3	FALSE	TRUE
loop_6902	TRUE	1	2	3	3	FALSE	TRUE
loop_6903	TRUE	5	1	3	3	FALSE	TRUE
loop_6904	TRUE	2	3	3	3	FALSE	TRUE
loop_6905	FALSE	3	3	3	3	TRUE	TRUE
loop_6906	TRUE	4	3	3	3	FALSE	TRUE
loop_6907	TRUE	4	1	3	3	FALSE	TRUE
loop_6908	TRUE	1	3	3	3	FALSE	TRUE
loop_6909	TRUE	2	3	2	4	FALSE	FALSE
loop_6910	TRUE	1	1	3	3	FALSE	TRUE
loop_6911	TRUE	4	1	3	3	FALSE	TRUE
loop_6912	TRUE	5	2	4	2	FALSE	FALSE
loop_6913	TRUE	3	4	3	1	FALSE	FALSE
loop_6914	FALSE	1	3	1	3	FALSE	FALSE
loop_6915	TRUE	2	2	3	3	FALSE	TRUE
loop_6916	TRUE	4	4	2	5	FALSE	FALSE
loop_6917	TRUE	2	1	4	3	FALSE	FALSE
loop_6918	TRUE	5	1	5	3	FALSE	FALSE
loop_6919	TRUE	3	2	5	2	FALSE	FALSE
loop_6920	TRUE	3	4	3	3	FALSE	TRUE
loop_6921	TRUE	3	1	3	3	FALSE	TRUE
loop_6922	TRUE	4	3	3	3	FALSE	TRUE
loop_6923	FALSE	1	2	1	2	FALSE	FALSE
loop_6924	TRUE	4	4	3	2	FALSE	FALSE
loop_6925	FALSE	5	1	5	1	FALSE	FALSE
loop_6926	TRUE	2	3	3	1	FALSE	FALSE
loop_6927	TRUE	2	5	5	4	FALSE	FALSE
loop_6928	TRUE	4	5	3	3	FALSE	TRUE
loop_6929	FALSE	2	4	2	4	FALSE	FALSE
loop_6930	FALSE	3	3	3	3	TRUE	TRUE
loop_6931	TRUE	5	1	5	3	FALSE	FALSE
loop_6932	FALSE	5	2	5	2	FALSE	FALSE
loop_6933	TRUE	1	2	2	2	FALSE	FALSE
loop_6934	FALSE	5	1	5	1	FALSE	FALSE
loop_6935	TRUE	3	2	5	1	FALSE	FALSE
loop_6936	TRUE	5	2	5	3	FALSE	FALSE
loop_6937	TRUE	4	1	3	3	FALSE	TRUE
loop_6938	TRUE	4	4	4	3	FALSE	FALSE
loop_6939	TRUE	3	2	5	4	FALSE	FALSE
loop_6940	TRUE	5	2	4	1	FALSE	FALSE
loop_6941	TRUE	2	4	3	3	FALSE	TRUE
loop_6942	TRUE	5	2	3	3	FALSE	TRUE
loop_6943	FALSE	3	3	3	3	TRUE	TRUE
loop_6944	TRUE	5	1	4	2	FALSE	FALSE
loop_6945	TRUE	4	2	2	3	FALSE	FALSE
loop_6946	TRUE	4	1	2	4	FALSE	FALSE
loop_6947	TRUE	2	3	3	3	FALSE	TRUE
loop_6948	TRUE	4	3	4	4	FALSE	FALSE
loop_6949	TRUE	2	3	3	3	FALSE	TRUE
loop_6950	TRUE	4	3	4	2	FALSE	FALSE
loop_6951	FALSE	3	2	3	2	FALSE	FALSE
loop_6952	TRUE	4	5	3	3	FALSE	TRUE
loop_6953	FALSE	3	3	3	3	TRUE	TRUE
loop_6954	TRUE	3	5	3	3	FALSE	TRUE
loop_6955	TRUE	3	2	3	3	FALSE	TRUE
loop_6956	TRUE	4	1	5	1	FALSE	FALSE
loop_6957	TRUE	4	1	5	1	FALSE	FALSE
loop_6958	TRUE	4	2	3	2	FALSE	FALSE
loop_6959	FALSE	3	3	3	3	TRUE	TRUE
loop_6960	FALSE	3	3	3	3	TRUE	TRUE
loop_6961	FALSE	5	1	5	1	FALSE	FALSE
loop_6962	TRUE	2	2	1	2	FALSE	FALSE
loop_6963	FALSE	5	1	5	1	FALSE	FALSE
loop_6964	TRUE	3	1	5	1	FALSE	FALSE
loop_6965	TRUE	5	2	5	1	FALSE	FALSE
loop_6966	TRUE	5	3	4	1	FALSE	FALSE
loop_6967	TRUE	4	3	3	3	FALSE	TRUE
loop_6968	FALSE	5	1	5	1	FALSE	FALSE
loop_6969	TRUE	2	4	1	4	FALSE	FALSE
loop_6970	TRUE	5	3	3	3	FALSE	TRUE
loop_6971	FALSE	3	3	3	3	TRUE	TRUE
loop_6972	FALSE	5	1	5	1	FALSE	FALSE
loop_6973	TRUE	4	2	3	3	FALSE	TRUE
loop_6974	TRUE	4	2	5	1	FALSE	FALSE
loop_6975	TRUE	5	4	5	5	FALSE	FALSE
loop_6976	FALSE	5	1	5	1	FALSE	FALSE
loop_6977	TRUE	4	3	5	1	FALSE	FALSE
loop_6978	FALSE	1	4	1	4	FALSE	FALSE
loop_6979	TRUE	4	2	5	1	FALSE	FALSE
loop_6980	TRUE	1	1	1	2	FALSE	FALSE
loop_6981	TRUE	5	2	3	2	FALSE	FALSE
loop_6982	TRUE	3	5	4	4	FALSE	FALSE
loop_6983	TRUE	4	3	2	3	FALSE	FALSE
loop_6984	TRUE	3	2	4	1	FALSE	FALSE
loop_6985	TRUE	2	2	3	3	FALSE	TRUE
loop_6986	TRUE	3	4	3	3	FALSE	TRUE
loop_6987	FALSE	1	4	1	4	FALSE	FALSE
loop_6988	TRUE	4	4	2	3	FALSE	FALSE
loop_6989	TRUE	2	1	4	4	FALSE	FALSE
loop_6990	TRUE	4	3	4	1	FALSE	FALSE
loop_6991	TRUE	5	2	3	2	FALSE	FALSE
loop_6992	FALSE	3	3	3	3	TRUE	TRUE
loop_6993	TRUE	4	1	3	3	FALSE	TRUE
loop_6994	TRUE	1	1	3	3	FALSE	TRUE
loop_6995	TRUE	4	3	4	2	FALSE	FALSE
loop_6996	TRUE	2	4	1	5	FALSE	FALSE
loop_6997	TRUE	2	3	3	3	FALSE	TRUE
loop_6998	TRUE	3	4	3	3	FALSE	TRUE
loop_6999	TRUE	5	4	1	4	FALSE	FALSE
loop_7000	TRUE	1	2	3	3	FALSE	TRUE
loop_7001	TRUE	3	2	3	3	FALSE	TRUE
loop_7002	TRUE	1	3	1	4	FALSE	FALSE
loop_7003	TRUE	2	3	3	3	FALSE	TRUE
loop_7004	TRUE	5	1	3	3	FALSE	TRUE
loop_7005	TRUE	3	1	3	3	FALSE	TRUE
loop_7006	FALSE	3	3	3	3	TRUE	TRUE
loop_7007	FALSE	3	3	3	3	TRUE	TRUE
loop_7008	TRUE	5	1	4	2	FALSE	FALSE
loop_7009	FALSE	5	1	5	1	FALSE	FALSE
loop_7010	TRUE	1	5	4	5	FALSE	FALSE
loop_7011	FALSE	5	1	5	1	FALSE	FALSE
loop_7012	TRUE	2	3	3	3	FALSE	TRUE
loop_7013	TRUE	1	4	4	3	FALSE	FALSE
loop_7014	TRUE	4	3	3	3	FALSE	TRUE
loop_7015	TRUE	4	1	5	2	FALSE	FALSE
loop_7016	FALSE	5	1	5	1	FALSE	FALSE
loop_7017	TRUE	4	1	3	1	FALSE	FALSE
loop_7018	TRUE	1	5	4	4	FALSE	FALSE
loop_7019	TRUE	3	2	4	1	FALSE	FALSE
loop_7020	FALSE	5	1	5	1	FALSE	FALSE
loop_7021	TRUE	5	1	5	3	FALSE	FALSE
loop_7022	TRUE	5	3	3	3	FALSE	TRUE
loop_7023	TRUE	5	2	3	3	FALSE	TRUE
loop_7024	TRUE	4	3	3	3	FALSE	TRUE
loop_7025	FALSE	3	3	3	3	TRUE	TRUE
loop_7026	TRUE	2	3	3	3	FALSE	TRUE
loop_7027	TRUE	2	4	2	5	FALSE	FALSE
loop_7028	TRUE	3	5	3	3	FALSE	TRUE
loop_7029	FALSE	3	3	3	3	TRUE	TRUE
loop_7030	TRUE	2	3	3	3	FALSE	TRUE
loop_7031	TRUE	4	1	3	3	FALSE	TRUE
loop_7032	TRUE	3	2	3	4	FALSE	FALSE
loop_7033	TRUE	1	4	3	3	FALSE	TRUE
loop_7034	TRUE	3	4	2	4	FALSE	FALSE
loop_7035	TRUE	4	4	5	4	FALSE	FALSE
loop_7036	TRUE	3	2	1	3	FALSE	FALSE
loop_7037	TRUE	4	1	3	3	FALSE	TRUE
loop_7038	TRUE	4	3	3	3	FALSE	TRUE
loop_7039	TRUE	1	1	3	3	FALSE	TRUE
loop_7040	FALSE	3	3	3	3	TRUE	TRUE
loop_7041	TRUE	4	3	3	3	FALSE	TRUE
loop_7042	TRUE	4	3	3	3	FALSE	TRUE
loop_7043	TRUE	3	2	3	3	FALSE	TRUE
loop_7044	TRUE	2	2	2	3	FALSE	FALSE
loop_7045	FALSE	3	3	3	3	TRUE	TRUE
loop_7046	TRUE	2	1	2	3	FALSE	FALSE
loop_7047	TRUE	4	5	3	3	FALSE	TRUE
loop_7048	TRUE	4	1	3	3	FALSE	TRUE
loop_7049	TRUE	2	2	2	3	FALSE	FALSE
loop_7050	TRUE	5	2	5	1	FALSE	FALSE
loop_7051	TRUE	4	2	5	1	FALSE	FALSE
loop_7052	TRUE	5	2	3	3	FALSE	TRUE
loop_7053	TRUE	5	2	2	3	FALSE	FALSE
loop_7054	TRUE	5	4	4	1	FALSE	FALSE
loop_7055	TRUE	5	1	4	1	FALSE	FALSE
loop_7056	TRUE	4	1	5	1	FALSE	FALSE
loop_7057	TRUE	4	4	3	3	FALSE	TRUE
loop_7058	TRUE	3	3	3	2	TRUE	FALSE
loop_7059	TRUE	4	1	5	1	FALSE	FALSE
loop_7060	TRUE	3	5	3	3	FALSE	TRUE
loop_7061	TRUE	3	3	2	3	TRUE	FALSE
loop_7062	TRUE	2	2	3	3	FALSE	TRUE
loop_7063	TRUE	4	3	3	3	FALSE	TRUE
loop_7064	FALSE	3	3	3	3	TRUE	TRUE
loop_7065	TRUE	5	2	4	3	FALSE	FALSE
loop_7066	TRUE	5	1	3	3	FALSE	TRUE
loop_7067	TRUE	4	2	5	2	FALSE	FALSE
loop_7068	TRUE	3	2	2	3	FALSE	FALSE
loop_7069	TRUE	5	3	3	3	FALSE	TRUE
loop_7070	FALSE	5	4	5	4	FALSE	FALSE
loop_7071	TRUE	1	2	1	1	FALSE	FALSE
loop_7072	TRUE	4	1	3	3	FALSE	TRUE
loop_7073	TRUE	2	2	3	3	FALSE	TRUE
loop_7074	TRUE	1	1	2	2	FALSE	FALSE
loop_7075	TRUE	4	2	3	3	FALSE	TRUE
loop_7076	FALSE	3	3	3	3	TRUE	TRUE
loop_7077	TRUE	4	3	4	4	FALSE	FALSE
loop_7078	TRUE	2	3	3	3	FALSE	TRUE
loop_7079	TRUE	3	4	3	3	FALSE	TRUE
loop_7080	FALSE	5	2	5	2	FALSE	FALSE
loop_7081	TRUE	3	2	3	3	FALSE	TRUE
loop_7082	TRUE	3	2	5	2	FALSE	FALSE
loop_7083	TRUE	4	3	3	3	FALSE	TRUE
loop_7084	TRUE	5	2	5	1	FALSE	FALSE
loop_7085	FALSE	5	1	5	1	FALSE	FALSE
loop_7086	FALSE	1	4	1	4	FALSE	FALSE
loop_7087	TRUE	2	4	3	3	FALSE	TRUE
loop_7088	FALSE	3	2	3	2	FALSE	FALSE
loop_7089	TRUE	2	3	3	3	FALSE	TRUE
loop_7090	FALSE	1	1	1	1	FALSE	FALSE
loop_7091	TRUE	3	1	2	1	FALSE	FALSE
loop_7092	TRUE	5	1	5	3	FALSE	FALSE
loop_7093	TRUE	5	1	5	2	FALSE	FALSE
loop_7094	FALSE	1	1	1	1	FALSE	FALSE
loop_7095	TRUE	3	2	3	3	FALSE	TRUE
loop_7096	FALSE	5	1	5	1	FALSE	FALSE
loop_7097	TRUE	3	1	4	2	FALSE	FALSE
loop_7098	TRUE	4	4	5	3	FALSE	FALSE
loop_7099	FALSE	3	3	3	3	TRUE	TRUE
loop_7100	FALSE	5	1	5	1	FALSE	FALSE
loop_7101	FALSE	4	1	4	1	FALSE	FALSE
loop_7102	FALSE	2	1	2	1	FALSE	FALSE
loop_7103	FALSE	3	3	3	3	TRUE	TRUE
loop_7104	FALSE	3	3	3	3	TRUE	TRUE
loop_7105	TRUE	4	2	5	1	FALSE	FALSE
loop_7106	TRUE	4	3	3	3	FALSE	TRUE
loop_7107	TRUE	3	1	3	3	FALSE	TRUE
loop_7108	TRUE	3	1	3	2	FALSE	FALSE
loop_7109	FALSE	5	1	5	1	FALSE	FALSE
loop_7110	TRUE	5	3	3	3	FALSE	TRUE
loop_7111	FALSE	3	3	3	3	TRUE	TRUE
loop_7112	TRUE	2	4	3	3	FALSE	TRUE
loop_7113	TRUE	3	5	2	2	FALSE	FALSE
loop_7114	FALSE	3	3	3	3	TRUE	TRUE
loop_7115	FALSE	4	5	4	5	FALSE	FALSE
loop_7116	TRUE	3	2	3	3	FALSE	TRUE
loop_7117	TRUE	3	4	3	3	FALSE	TRUE
loop_7118	TRUE	3	2	3	1	FALSE	FALSE
loop_7119	FALSE	3	3	3	3	TRUE	TRUE
loop_7120	TRUE	2	5	2	3	FALSE	FALSE
loop_7121	TRUE	1	1	3	3	FALSE	TRUE
loop_7122	TRUE	4	3	3	3	FALSE	TRUE
loop_7123	FALSE	4	3	4	3	FALSE	FALSE
loop_7124	TRUE	4	3	3	3	FALSE	TRUE
loop_7125	TRUE	2	4	3	3	FALSE	TRUE
loop_7126	TRUE	3	2	3	3	FALSE	TRUE
loop_7127	FALSE	5	1	5	1	FALSE	FALSE
loop_7128	FALSE	5	1	5	1	FALSE	FALSE
loop_7129	TRUE	5	3	5	1	FALSE	FALSE
loop_7130	TRUE	3	3	5	1	TRUE	FALSE
loop_7131	TRUE	5	1	5	2	FALSE	FALSE
loop_7132	TRUE	4	1	3	3	FALSE	TRUE
loop_7133	TRUE	4	5	5	2	FALSE	FALSE
loop_7134	FALSE	5	2	5	2	FALSE	FALSE
loop_7135	FALSE	4	1	4	1	FALSE	FALSE
loop_7136	TRUE	4	2	3	3	FALSE	TRUE
loop_7137	TRUE	4	2	5	3	FALSE	FALSE
loop_7138	TRUE	5	2	5	1	FALSE	FALSE
loop_7139	TRUE	5	3	5	2	FALSE	FALSE
loop_7140	TRUE	3	1	3	3	FALSE	TRUE
loop_7141	TRUE	4	2	3	3	FALSE	TRUE
loop_7142	TRUE	5	5	5	1	FALSE	FALSE
loop_7143	TRUE	3	5	3	3	FALSE	TRUE
loop_7144	TRUE	3	5	2	5	FALSE	FALSE
loop_7145	TRUE	5	1	5	2	FALSE	FALSE
loop_7146	TRUE	5	2	3	3	FALSE	TRUE
loop_7147	TRUE	2	3	3	3	FALSE	TRUE
loop_7148	FALSE	3	3	3	3	TRUE	TRUE
loop_7149	TRUE	4	1	5	1	FALSE	FALSE
loop_7150	FALSE	1	5	1	5	FALSE	FALSE
loop_7151	FALSE	3	3	3	3	TRUE	TRUE
loop_7152	TRUE	5	3	3	3	FALSE	TRUE
loop_7153	TRUE	5	1	3	3	FALSE	TRUE
loop_7154	TRUE	3	3	2	2	TRUE	FALSE
loop_7155	FALSE	3	2	3	2	FALSE	FALSE
loop_7156	TRUE	3	2	3	3	FALSE	TRUE
loop_7157	TRUE	4	4	3	3	FALSE	TRUE
loop_7158	TRUE	3	3	2	3	TRUE	FALSE
loop_7159	TRUE	3	4	5	1	FALSE	FALSE
loop_7160	FALSE	3	3	3	3	TRUE	TRUE
loop_7161	TRUE	4	2	4	3	FALSE	FALSE
loop_7162	TRUE	4	2	3	3	FALSE	TRUE
loop_7163	TRUE	4	1	3	3	FALSE	TRUE
loop_7164	TRUE	4	3	3	3	FALSE	TRUE
loop_7165	FALSE	3	2	3	2	FALSE	FALSE
loop_7166	TRUE	1	2	1	1	FALSE	FALSE
loop_7167	FALSE	3	3	3	3	TRUE	TRUE
loop_7168	TRUE	3	1	3	3	FALSE	TRUE
loop_7169	TRUE	3	4	3	3	FALSE	TRUE
loop_7170	TRUE	3	5	3	3	FALSE	TRUE
loop_7171	TRUE	4	2	3	3	FALSE	TRUE
loop_7172	TRUE	3	4	4	5	FALSE	FALSE
loop_7173	TRUE	5	3	4	2	FALSE	FALSE
loop_7174	TRUE	3	2	3	3	FALSE	TRUE
loop_7175	FALSE	1	2	1	2	FALSE	FALSE
loop_7176	TRUE	4	3	3	3	FALSE	TRUE
loop_7177	TRUE	2	5	3	3	FALSE	TRUE
loop_7178	TRUE	4	3	3	3	FALSE	TRUE
loop_7179	TRUE	3	3	4	3	TRUE	FALSE
loop_7180	TRUE	2	2	2	1	FALSE	FALSE
loop_7181	FALSE	3	3	3	3	TRUE	TRUE
loop_7182	FALSE	3	3	3	3	TRUE	TRUE
loop_7183	FALSE	3	3	3	3	TRUE	TRUE
loop_7184	FALSE	3	3	3	3	TRUE	TRUE
loop_7185	TRUE	3	4	3	3	FALSE	TRUE
loop_7186	TRUE	2	3	3	3	FALSE	TRUE
loop_7187	TRUE	3	4	2	4	FALSE	FALSE
loop_7188	FALSE	3	3	3	3	TRUE	TRUE
loop_7189	FALSE	3	2	3	2	FALSE	FALSE
loop_7190	FALSE	3	3	3	3	TRUE	TRUE
loop_7191	TRUE	5	2	5	1	FALSE	FALSE
loop_7192	FALSE	3	3	3	3	TRUE	TRUE
loop_7193	TRUE	3	3	5	3	TRUE	FALSE
loop_7194	FALSE	3	3	3	3	TRUE	TRUE
loop_7195	FALSE	3	3	3	3	TRUE	TRUE
loop_7196	FALSE	3	3	3	3	TRUE	TRUE
loop_7197	TRUE	3	5	4	5	FALSE	FALSE
loop_7198	FALSE	3	3	3	3	TRUE	TRUE
loop_7199	FALSE	3	3	3	3	TRUE	TRUE
loop_7200	FALSE	3	3	3	3	TRUE	TRUE
loop_7201	FALSE	3	3	3	3	TRUE	TRUE
loop_7202	FALSE	3	4	3	4	FALSE	FALSE
loop_7203	FALSE	3	4	3	4	FALSE	FALSE
loop_7204	TRUE	2	3	3	3	FALSE	TRUE
loop_7205	TRUE	3	3	4	3	TRUE	FALSE
loop_7206	TRUE	5	1	4	3	FALSE	FALSE
loop_7207	FALSE	3	3	3	3	TRUE	TRUE
loop_7208	FALSE	3	3	3	3	TRUE	TRUE
loop_7209	FALSE	3	3	3	3	TRUE	TRUE
loop_7210	TRUE	3	3	3	4	TRUE	FALSE
loop_7211	FALSE	2	3	2	3	FALSE	FALSE
loop_7212	TRUE	3	3	2	3	TRUE	FALSE
loop_7213	TRUE	4	1	3	3	FALSE	TRUE
loop_7214	FALSE	5	1	5	1	FALSE	FALSE
loop_7215	FALSE	3	3	3	3	TRUE	TRUE
loop_7216	TRUE	5	2	4	2	FALSE	FALSE
loop_7217	TRUE	3	3	3	2	TRUE	FALSE
loop_7218	TRUE	4	3	4	2	FALSE	FALSE
loop_7219	TRUE	3	4	2	3	FALSE	FALSE
loop_7220	TRUE	3	3	4	2	TRUE	FALSE
loop_7221	TRUE	3	3	2	3	TRUE	FALSE
loop_7222	FALSE	3	3	3	3	TRUE	TRUE
loop_7223	TRUE	3	2	3	3	FALSE	TRUE
loop_7224	FALSE	3	3	3	3	TRUE	TRUE
loop_7225	TRUE	3	3	3	2	TRUE	FALSE
loop_7226	TRUE	4	1	1	2	FALSE	FALSE
loop_7227	FALSE	3	3	3	3	TRUE	TRUE
loop_7228	FALSE	3	3	3	3	TRUE	TRUE
loop_7229	FALSE	3	3	3	3	TRUE	TRUE
loop_7230	TRUE	3	3	1	5	TRUE	FALSE
loop_7231	FALSE	3	3	3	3	TRUE	TRUE
loop_7232	FALSE	3	3	3	3	TRUE	TRUE
loop_7233	FALSE	3	3	3	3	TRUE	TRUE
loop_7234	TRUE	2	3	3	3	FALSE	TRUE
loop_7235	TRUE	4	3	3	3	FALSE	TRUE
loop_7236	FALSE	5	1	5	1	FALSE	FALSE
loop_7237	FALSE	5	3	5	3	FALSE	FALSE
loop_7238	FALSE	3	3	3	3	TRUE	TRUE
loop_7239	FALSE	3	3	3	3	TRUE	TRUE
loop_7240	TRUE	3	3	4	3	TRUE	FALSE
loop_7241	FALSE	3	3	3	3	TRUE	TRUE
loop_7242	TRUE	5	3	3	3	FALSE	TRUE
loop_7243	TRUE	5	2	3	3	FALSE	TRUE
loop_7244	TRUE	3	4	2	4	FALSE	FALSE
loop_7245	FALSE	3	3	3	3	TRUE	TRUE
loop_7246	TRUE	3	2	3	3	FALSE	TRUE
loop_7247	TRUE	3	3	3	2	TRUE	FALSE
loop_7248	FALSE	3	3	3	3	TRUE	TRUE
loop_7249	TRUE	2	2	3	3	FALSE	TRUE
loop_7250	FALSE	3	2	3	2	FALSE	FALSE
loop_7251	FALSE	5	1	5	1	FALSE	FALSE
loop_7252	FALSE	3	3	3	3	TRUE	TRUE
loop_7253	FALSE	3	2	3	2	FALSE	FALSE
loop_7254	FALSE	3	3	3	3	TRUE	TRUE
loop_7255	FALSE	3	3	3	3	TRUE	TRUE
loop_7256	TRUE	2	3	3	3	FALSE	TRUE
loop_7257	FALSE	3	2	3	2	FALSE	FALSE
loop_7258	TRUE	2	3	3	3	FALSE	TRUE
loop_7259	TRUE	3	3	5	3	TRUE	FALSE
loop_7260	TRUE	4	3	3	3	FALSE	TRUE
loop_7261	FALSE	3	3	3	3	TRUE	TRUE
loop_7262	TRUE	3	3	3	2	TRUE	FALSE
loop_7263	FALSE	3	3	3	3	TRUE	TRUE
loop_7264	FALSE	2	4	2	4	FALSE	FALSE
loop_7265	TRUE	4	2	3	2	FALSE	FALSE
loop_7266	FALSE	3	4	3	4	FALSE	FALSE
loop_7267	TRUE	5	1	5	2	FALSE	FALSE
loop_7268	TRUE	5	2	5	3	FALSE	FALSE
loop_7269	TRUE	4	3	3	3	FALSE	TRUE
loop_7270	TRUE	3	1	3	2	FALSE	FALSE
loop_7271	FALSE	3	4	3	4	FALSE	FALSE
loop_7272	TRUE	2	2	3	3	FALSE	TRUE
loop_7273	FALSE	3	3	3	3	TRUE	TRUE
loop_7274	FALSE	3	3	3	3	TRUE	TRUE
loop_7275	FALSE	3	4	3	4	FALSE	FALSE
loop_7276	TRUE	2	4	3	3	FALSE	TRUE
loop_7277	TRUE	4	2	5	1	FALSE	FALSE
loop_7278	TRUE	3	3	5	1	TRUE	FALSE
loop_7279	TRUE	4	5	4	3	FALSE	FALSE
loop_7280	TRUE	3	4	3	3	FALSE	TRUE
loop_7281	FALSE	1	3	1	3	FALSE	FALSE
loop_7282	TRUE	3	2	3	3	FALSE	TRUE
loop_7283	TRUE	3	3	3	2	TRUE	FALSE
loop_7284	TRUE	4	3	4	1	FALSE	FALSE
loop_7285	TRUE	3	3	3	2	TRUE	FALSE
loop_7286	FALSE	3	2	3	2	FALSE	FALSE
loop_7287	FALSE	3	3	3	3	TRUE	TRUE
loop_7288	FALSE	3	3	3	3	TRUE	TRUE
loop_7289	FALSE	3	3	3	3	TRUE	TRUE
loop_7290	FALSE	5	1	5	1	FALSE	FALSE
loop_7291	TRUE	3	3	2	4	TRUE	FALSE
loop_7292	FALSE	2	3	2	3	FALSE	FALSE
loop_7293	FALSE	3	3	3	3	TRUE	TRUE
loop_7294	FALSE	3	3	3	3	TRUE	TRUE
loop_7295	TRUE	3	3	2	4	TRUE	FALSE
loop_7296	TRUE	3	3	4	3	TRUE	FALSE
loop_7297	FALSE	3	3	3	3	TRUE	TRUE
loop_7298	FALSE	3	2	3	2	FALSE	FALSE
loop_7299	TRUE	3	4	3	3	FALSE	TRUE
loop_7300	FALSE	3	4	3	4	FALSE	FALSE
loop_7301	FALSE	3	3	3	3	TRUE	TRUE
loop_7302	FALSE	3	3	3	3	TRUE	TRUE
loop_7303	FALSE	3	3	3	3	TRUE	TRUE
loop_7304	FALSE	3	3	3	3	TRUE	TRUE
loop_7305	FALSE	3	3	3	3	TRUE	TRUE
loop_7306	FALSE	3	3	3	3	TRUE	TRUE
loop_7307	TRUE	3	3	3	2	TRUE	FALSE
loop_7308	TRUE	3	2	4	1	FALSE	FALSE
loop_7309	TRUE	3	3	3	2	TRUE	FALSE
loop_7310	TRUE	3	3	2	3	TRUE	FALSE
loop_7311	FALSE	3	3	3	3	TRUE	TRUE
loop_7312	TRUE	2	4	2	3	FALSE	FALSE
loop_7313	TRUE	3	2	4	2	FALSE	FALSE
loop_7314	TRUE	5	2	5	1	FALSE	FALSE
loop_7315	TRUE	3	3	3	4	TRUE	FALSE
loop_7316	TRUE	3	3	2	3	TRUE	FALSE
loop_7317	TRUE	3	3	3	2	TRUE	FALSE
loop_7318	TRUE	4	2	3	3	FALSE	TRUE
loop_7319	TRUE	3	3	4	3	TRUE	FALSE
loop_7320	FALSE	3	2	3	2	FALSE	FALSE
loop_7321	TRUE	4	2	3	3	FALSE	TRUE
loop_7322	FALSE	3	3	3	3	TRUE	TRUE
loop_7323	FALSE	4	2	4	2	FALSE	FALSE
loop_7324	TRUE	3	4	3	3	FALSE	TRUE
loop_7325	FALSE	3	3	3	3	TRUE	TRUE
loop_7326	FALSE	3	3	3	3	TRUE	TRUE
loop_7327	TRUE	3	3	3	2	TRUE	FALSE
loop_7328	FALSE	3	3	3	3	TRUE	TRUE
loop_7329	TRUE	3	4	3	3	FALSE	TRUE
loop_7330	TRUE	3	3	2	3	TRUE	FALSE
loop_7331	FALSE	3	3	3	3	TRUE	TRUE
loop_7332	TRUE	4	3	3	3	FALSE	TRUE
loop_7333	TRUE	3	4	2	4	FALSE	FALSE
loop_7334	TRUE	3	3	4	4	TRUE	FALSE
loop_7335	TRUE	4	2	3	3	FALSE	TRUE
loop_7336	TRUE	3	3	2	3	TRUE	FALSE
loop_7337	TRUE	3	4	4	3	FALSE	FALSE
loop_7338	FALSE	3	3	3	3	TRUE	TRUE
loop_7339	FALSE	3	3	3	3	TRUE	TRUE
loop_7340	TRUE	4	3	4	2	FALSE	FALSE
loop_7341	TRUE	2	4	4	3	FALSE	FALSE
loop_7342	TRUE	2	4	3	3	FALSE	TRUE
loop_7343	FALSE	3	3	3	3	TRUE	TRUE
loop_7344	TRUE	4	4	3	3	FALSE	TRUE
loop_7345	TRUE	5	1	5	2	FALSE	FALSE
loop_7346	TRUE	3	3	3	1	TRUE	FALSE
loop_7347	TRUE	3	1	3	3	FALSE	TRUE
loop_7348	FALSE	3	3	3	3	TRUE	TRUE
loop_7349	FALSE	3	3	3	3	TRUE	TRUE
loop_7350	TRUE	3	3	4	4	TRUE	FALSE
loop_7351	FALSE	3	3	3	3	TRUE	TRUE
loop_7352	TRUE	4	3	3	3	FALSE	TRUE
loop_7353	TRUE	3	2	3	3	FALSE	TRUE
loop_7354	TRUE	2	3	3	3	FALSE	TRUE
loop_7355	TRUE	3	3	4	3	TRUE	FALSE
loop_7356	FALSE	3	3	3	3	TRUE	TRUE
loop_7357	TRUE	3	4	3	3	FALSE	TRUE
loop_7358	FALSE	3	3	3	3	TRUE	TRUE
loop_7359	TRUE	3	3	3	2	TRUE	FALSE
loop_7360	FALSE	3	3	3	3	TRUE	TRUE
loop_7361	TRUE	2	2	3	3	FALSE	TRUE
loop_7362	FALSE	3	4	3	4	FALSE	FALSE
loop_7363	FALSE	5	1	5	1	FALSE	FALSE
loop_7364	FALSE	3	3	3	3	TRUE	TRUE
loop_7365	FALSE	3	3	3	3	TRUE	TRUE
loop_7366	FALSE	3	3	3	3	TRUE	TRUE
loop_7367	TRUE	4	3	3	3	FALSE	TRUE
loop_7368	TRUE	4	1	3	3	FALSE	TRUE
loop_7369	TRUE	2	4	2	3	FALSE	FALSE
loop_7370	TRUE	3	3	2	2	TRUE	FALSE
loop_7371	FALSE	3	3	3	3	TRUE	TRUE
loop_7372	TRUE	4	3	3	2	FALSE	FALSE
loop_7373	FALSE	3	3	3	3	TRUE	TRUE
loop_7374	TRUE	3	3	4	1	TRUE	FALSE
loop_7375	FALSE	3	3	3	3	TRUE	TRUE
loop_7376	FALSE	3	3	3	3	TRUE	TRUE
loop_7377	FALSE	3	3	3	3	TRUE	TRUE
loop_7378	TRUE	2	3	2	4	FALSE	FALSE
loop_7379	TRUE	2	1	5	1	FALSE	FALSE
loop_7380	FALSE	3	3	3	3	TRUE	TRUE
loop_7381	FALSE	3	4	3	4	FALSE	FALSE
loop_7382	TRUE	2	4	2	3	FALSE	FALSE
loop_7383	FALSE	3	3	3	3	TRUE	TRUE
loop_7384	FALSE	3	3	3	3	TRUE	TRUE
loop_7385	TRUE	2	3	3	3	FALSE	TRUE
loop_7386	FALSE	3	3	3	3	TRUE	TRUE
loop_7387	TRUE	4	3	3	3	FALSE	TRUE
loop_7388	FALSE	3	3	3	3	TRUE	TRUE
loop_7389	FALSE	3	3	3	3	TRUE	TRUE
loop_7390	TRUE	3	3	4	3	TRUE	FALSE
loop_7391	FALSE	3	3	3	3	TRUE	TRUE
loop_7392	FALSE	3	3	3	3	TRUE	TRUE
loop_7393	TRUE	2	3	3	3	FALSE	TRUE
loop_7394	FALSE	3	3	3	3	TRUE	TRUE
loop_7395	FALSE	3	3	3	3	TRUE	TRUE
loop_7396	TRUE	2	3	2	2	FALSE	FALSE
loop_7397	TRUE	5	2	3	3	FALSE	TRUE
loop_7398	TRUE	3	3	3	2	TRUE	FALSE
loop_7399	FALSE	4	3	4	3	FALSE	FALSE
loop_7400	TRUE	3	2	3	3	FALSE	TRUE
loop_7401	FALSE	3	3	3	3	TRUE	TRUE
loop_7402	TRUE	3	3	3	2	TRUE	FALSE
loop_7403	FALSE	3	3	3	3	TRUE	TRUE
loop_7404	FALSE	3	3	3	3	TRUE	TRUE
loop_7405	TRUE	3	2	3	3	FALSE	TRUE
loop_7406	TRUE	3	3	5	3	TRUE	FALSE
loop_7407	TRUE	4	3	3	3	FALSE	TRUE
loop_7408	FALSE	3	3	3	3	TRUE	TRUE
loop_7409	FALSE	3	3	3	3	TRUE	TRUE
loop_7410	FALSE	2	3	2	3	FALSE	FALSE
loop_7411	FALSE	4	3	4	3	FALSE	FALSE
loop_7412	TRUE	2	3	1	2	FALSE	FALSE
loop_7413	TRUE	3	2	3	3	FALSE	TRUE
loop_7414	TRUE	3	2	3	3	FALSE	TRUE
loop_7415	FALSE	3	2	3	2	FALSE	FALSE
loop_7416	TRUE	3	4	3	5	FALSE	FALSE
loop_7417	FALSE	3	1	3	1	FALSE	FALSE
loop_7418	TRUE	3	3	5	1	TRUE	FALSE
loop_7419	FALSE	3	3	3	3	TRUE	TRUE
loop_7420	TRUE	4	2	4	3	FALSE	FALSE
loop_7421	TRUE	3	4	3	3	FALSE	TRUE
loop_7422	FALSE	3	3	3	3	TRUE	TRUE
loop_7423	TRUE	2	3	3	3	FALSE	TRUE
loop_7424	TRUE	5	3	3	3	FALSE	TRUE
loop_7425	TRUE	4	3	3	3	FALSE	TRUE
loop_7426	FALSE	3	3	3	3	TRUE	TRUE
loop_7427	TRUE	5	4	4	5	FALSE	FALSE
loop_7428	TRUE	3	3	2	3	TRUE	FALSE
loop_7429	FALSE	3	3	3	3	TRUE	TRUE
loop_7430	FALSE	2	3	2	3	FALSE	FALSE
loop_7431	TRUE	3	2	3	3	FALSE	TRUE
loop_7432	TRUE	4	2	3	3	FALSE	TRUE
loop_7433	FALSE	3	3	3	3	TRUE	TRUE
loop_7434	FALSE	2	4	2	4	FALSE	FALSE
loop_7435	TRUE	2	5	3	5	FALSE	FALSE
loop_7436	TRUE	3	1	3	3	FALSE	TRUE
loop_7437	FALSE	3	3	3	3	TRUE	TRUE
loop_7438	FALSE	3	3	3	3	TRUE	TRUE
loop_7439	TRUE	2	4	3	4	FALSE	FALSE
loop_7440	FALSE	3	3	3	3	TRUE	TRUE
loop_7441	FALSE	3	3	3	3	TRUE	TRUE
loop_7442	TRUE	3	4	3	3	FALSE	TRUE
loop_7443	FALSE	3	3	3	3	TRUE	TRUE
loop_7444	TRUE	3	3	2	2	TRUE	FALSE
loop_7445	FALSE	3	3	3	3	TRUE	TRUE
loop_7446	TRUE	3	3	3	2	TRUE	FALSE
loop_7447	TRUE	2	4	3	4	FALSE	FALSE
loop_7448	TRUE	2	3	3	2	FALSE	FALSE
loop_7449	TRUE	3	3	4	4	TRUE	FALSE
loop_7450	FALSE	3	3	3	3	TRUE	TRUE
loop_7451	FALSE	2	3	2	3	FALSE	FALSE
loop_7452	FALSE	4	3	4	3	FALSE	FALSE
loop_7453	FALSE	3	3	3	3	TRUE	TRUE
loop_7454	TRUE	2	2	3	3	FALSE	TRUE
loop_7455	TRUE	3	3	1	4	TRUE	FALSE
loop_7456	TRUE	4	3	3	3	FALSE	TRUE
loop_7457	TRUE	3	3	4	3	TRUE	FALSE
loop_7458	FALSE	3	3	3	3	TRUE	TRUE
loop_7459	TRUE	4	3	3	4	FALSE	FALSE
loop_7460	FALSE	3	3	3	3	TRUE	TRUE
loop_7461	FALSE	3	3	3	3	TRUE	TRUE
loop_7462	FALSE	3	3	3	3	TRUE	TRUE
loop_7463	FALSE	3	3	3	3	TRUE	TRUE
loop_7464	FALSE	3	3	3	3	TRUE	TRUE
loop_7465	TRUE	3	3	3	2	TRUE	FALSE
loop_7466	FALSE	3	3	3	3	TRUE	TRUE
loop_7467	FALSE	3	3	3	3	TRUE	TRUE
loop_7468	FALSE	3	4	3	4	FALSE	FALSE
loop_7469	TRUE	5	1	4	2	FALSE	FALSE
loop_7470	FALSE	3	3	3	3	TRUE	TRUE
loop_7471	TRUE	2	3	3	3	FALSE	TRUE
loop_7472	FALSE	3	3	3	3	TRUE	TRUE
loop_7473	FALSE	3	4	3	4	FALSE	FALSE
loop_7474	FALSE	3	3	3	3	TRUE	TRUE
loop_7475	FALSE	3	3	3	3	TRUE	TRUE
loop_7476	TRUE	3	3	2	3	TRUE	FALSE
loop_7477	FALSE	2	3	2	3	FALSE	FALSE
loop_7478	FALSE	3	3	3	3	TRUE	TRUE
loop_7479	TRUE	5	1	5	2	FALSE	FALSE
loop_7480	TRUE	4	3	3	3	FALSE	TRUE
loop_7481	TRUE	3	4	3	3	FALSE	TRUE
loop_7482	FALSE	3	3	3	3	TRUE	TRUE
loop_7483	FALSE	3	2	3	2	FALSE	FALSE
loop_7484	FALSE	3	3	3	3	TRUE	TRUE
loop_7485	FALSE	3	3	3	3	TRUE	TRUE
loop_7486	TRUE	3	3	3	4	TRUE	FALSE
loop_7487	FALSE	3	3	3	3	TRUE	TRUE
loop_7488	TRUE	2	2	1	3	FALSE	FALSE
loop_7489	FALSE	3	3	3	3	TRUE	TRUE
loop_7490	FALSE	3	4	3	4	FALSE	FALSE
loop_7491	FALSE	3	3	3	3	TRUE	TRUE
loop_7492	FALSE	3	3	3	3	TRUE	TRUE
loop_7493	FALSE	3	3	3	3	TRUE	TRUE
loop_7494	FALSE	3	3	3	3	TRUE	TRUE
loop_7495	FALSE	3	2	3	2	FALSE	FALSE
loop_7496	TRUE	5	1	5	2	FALSE	FALSE
loop_7497	FALSE	3	3	3	3	TRUE	TRUE
loop_7498	TRUE	4	3	3	3	FALSE	TRUE
loop_7499	TRUE	3	3	2	3	TRUE	FALSE
loop_7500	FALSE	2	3	2	3	FALSE	FALSE
loop_7501	TRUE	3	4	3	3	FALSE	TRUE
loop_7502	FALSE	2	2	2	2	FALSE	FALSE
loop_7503	TRUE	4	2	3	3	FALSE	TRUE
loop_7504	FALSE	2	3	2	3	FALSE	FALSE
loop_7505	TRUE	3	4	3	3	FALSE	TRUE
loop_7506	TRUE	5	2	4	1	FALSE	FALSE
loop_7507	TRUE	4	3	5	2	FALSE	FALSE
loop_7508	TRUE	5	1	4	2	FALSE	FALSE
loop_7509	TRUE	4	2	3	3	FALSE	TRUE
loop_7510	FALSE	3	3	3	3	TRUE	TRUE
loop_7511	FALSE	3	3	3	3	TRUE	TRUE
loop_7512	TRUE	4	1	3	1	FALSE	FALSE
loop_7513	TRUE	4	3	4	2	FALSE	FALSE
loop_7514	FALSE	5	1	5	1	FALSE	FALSE
loop_7515	TRUE	4	3	3	3	FALSE	TRUE
loop_7516	TRUE	4	3	3	3	FALSE	TRUE
loop_7517	FALSE	3	2	3	2	FALSE	FALSE
loop_7518	FALSE	4	2	4	2	FALSE	FALSE
loop_7519	FALSE	3	3	3	3	TRUE	TRUE
loop_7520	TRUE	3	3	3	2	TRUE	FALSE
loop_7521	TRUE	3	2	4	1	FALSE	FALSE
loop_7522	TRUE	4	1	5	1	FALSE	FALSE
loop_7523	TRUE	2	4	1	4	FALSE	FALSE
loop_7524	TRUE	4	1	3	1	FALSE	FALSE
loop_7525	TRUE	3	3	3	2	TRUE	FALSE
loop_7526	TRUE	3	4	3	3	FALSE	TRUE
loop_7527	FALSE	3	3	3	3	TRUE	TRUE
loop_7528	TRUE	3	3	4	3	TRUE	FALSE
loop_7529	TRUE	3	4	3	3	FALSE	TRUE
loop_7530	TRUE	3	3	5	2	TRUE	FALSE
loop_7531	FALSE	5	2	5	2	FALSE	FALSE
loop_7532	TRUE	2	3	3	3	FALSE	TRUE
loop_7533	FALSE	4	3	4	3	FALSE	FALSE
loop_7534	TRUE	4	4	4	3	FALSE	FALSE
loop_7535	FALSE	3	3	3	3	TRUE	TRUE
loop_7536	TRUE	1	2	3	3	FALSE	TRUE
loop_7537	FALSE	3	4	3	4	FALSE	FALSE
loop_7538	FALSE	3	3	3	3	TRUE	TRUE
loop_7539	FALSE	3	3	3	3	TRUE	TRUE
loop_7540	FALSE	2	3	2	3	FALSE	FALSE
loop_7541	TRUE	3	1	3	3	FALSE	TRUE
loop_7542	FALSE	5	1	5	1	FALSE	FALSE
loop_7543	FALSE	3	3	3	3	TRUE	TRUE
loop_7544	FALSE	3	3	3	3	TRUE	TRUE
loop_7545	FALSE	3	3	3	3	TRUE	TRUE
loop_7546	TRUE	3	3	4	3	TRUE	FALSE
loop_7547	FALSE	3	3	3	3	TRUE	TRUE
loop_7548	FALSE	3	3	3	3	TRUE	TRUE
loop_7549	TRUE	5	1	3	3	FALSE	TRUE
loop_7550	FALSE	3	3	3	3	TRUE	TRUE
loop_7551	FALSE	3	3	3	3	TRUE	TRUE
loop_7552	TRUE	3	2	2	2	FALSE	FALSE
loop_7553	FALSE	3	3	3	3	TRUE	TRUE
loop_7554	FALSE	3	3	3	3	TRUE	TRUE
loop_7555	TRUE	3	3	2	3	TRUE	FALSE
loop_7556	FALSE	3	4	3	4	FALSE	FALSE
loop_7557	FALSE	3	3	3	3	TRUE	TRUE
loop_7558	TRUE	4	3	3	3	FALSE	TRUE
loop_7559	TRUE	4	4	3	3	FALSE	TRUE
loop_7560	TRUE	3	4	3	3	FALSE	TRUE
loop_7561	TRUE	4	1	3	3	FALSE	TRUE
loop_7562	FALSE	3	3	3	3	TRUE	TRUE
loop_7563	FALSE	4	3	4	3	FALSE	FALSE
loop_7564	TRUE	3	4	2	4	FALSE	FALSE
loop_7565	FALSE	3	3	3	3	TRUE	TRUE
loop_7566	FALSE	4	1	4	1	FALSE	FALSE
loop_7567	TRUE	3	4	3	5	FALSE	FALSE
loop_7568	FALSE	3	3	3	3	TRUE	TRUE
loop_7569	TRUE	2	3	3	3	FALSE	TRUE
loop_7570	TRUE	5	1	5	2	FALSE	FALSE
loop_7571	TRUE	3	3	2	3	TRUE	FALSE
loop_7572	FALSE	4	3	4	3	FALSE	FALSE
loop_7573	TRUE	3	5	3	3	FALSE	TRUE
loop_7574	FALSE	2	4	2	4	FALSE	FALSE
loop_7575	TRUE	3	2	3	3	FALSE	TRUE
loop_7576	TRUE	3	3	3	2	TRUE	FALSE
loop_7577	TRUE	3	3	2	3	TRUE	FALSE
loop_7578	FALSE	3	3	3	3	TRUE	TRUE
loop_7579	TRUE	3	3	2	3	TRUE	FALSE
loop_7580	FALSE	3	3	3	3	TRUE	TRUE
loop_7581	FALSE	3	3	3	3	TRUE	TRUE
loop_7582	TRUE	5	1	3	3	FALSE	TRUE
loop_7583	TRUE	3	2	4	4	FALSE	FALSE
loop_7584	TRUE	3	2	2	1	FALSE	FALSE
loop_7585	TRUE	4	2	4	3	FALSE	FALSE
loop_7586	FALSE	3	2	3	2	FALSE	FALSE
loop_7587	FALSE	3	3	3	3	TRUE	TRUE
loop_7588	TRUE	2	3	3	3	FALSE	TRUE
loop_7589	TRUE	4	3	3	3	FALSE	TRUE
loop_7590	FALSE	3	3	3	3	TRUE	TRUE
loop_7591	TRUE	4	4	5	4	FALSE	FALSE
loop_7592	TRUE	4	4	5	5	FALSE	FALSE
loop_7593	FALSE	3	3	3	3	TRUE	TRUE
loop_7594	TRUE	2	3	3	3	FALSE	TRUE
loop_7595	FALSE	3	2	3	2	FALSE	FALSE
loop_7596	FALSE	3	3	3	3	TRUE	TRUE
loop_7597	FALSE	3	3	3	3	TRUE	TRUE
loop_7598	TRUE	3	4	3	3	FALSE	TRUE
loop_7599	FALSE	3	3	3	3	TRUE	TRUE
loop_7600	FALSE	3	3	3	3	TRUE	TRUE
loop_7601	TRUE	3	2	2	2	FALSE	FALSE
loop_7602	FALSE	2	3	2	3	FALSE	FALSE
loop_7603	TRUE	3	5	3	3	FALSE	TRUE
loop_7604	TRUE	3	4	3	3	FALSE	TRUE
loop_7605	FALSE	2	3	2	3	FALSE	FALSE
loop_7606	FALSE	3	3	3	3	TRUE	TRUE
loop_7607	TRUE	4	3	3	3	FALSE	TRUE
loop_7608	FALSE	3	3	3	3	TRUE	TRUE
loop_7609	TRUE	3	2	4	3	FALSE	FALSE
loop_7610	FALSE	3	3	3	3	TRUE	TRUE
loop_7611	TRUE	4	2	5	3	FALSE	FALSE
loop_7612	TRUE	3	3	3	4	TRUE	FALSE
loop_7613	FALSE	3	5	3	5	FALSE	FALSE
loop_7614	TRUE	1	5	3	5	FALSE	FALSE
loop_7615	FALSE	3	3	3	3	TRUE	TRUE
loop_7616	TRUE	3	3	2	3	TRUE	FALSE
loop_7617	TRUE	4	3	3	3	FALSE	TRUE
loop_7618	TRUE	3	3	3	2	TRUE	FALSE
loop_7619	FALSE	3	3	3	3	TRUE	TRUE
loop_7620	FALSE	3	3	3	3	TRUE	TRUE
loop_7621	FALSE	2	3	2	3	FALSE	FALSE
loop_7622	TRUE	3	4	3	3	FALSE	TRUE
loop_7623	TRUE	4	3	3	3	FALSE	TRUE
loop_7624	FALSE	2	3	2	3	FALSE	FALSE
loop_7625	TRUE	3	5	2	5	FALSE	FALSE
loop_7626	TRUE	3	4	2	4	FALSE	FALSE
loop_7627	TRUE	1	5	4	5	FALSE	FALSE
loop_7628	FALSE	4	3	4	3	FALSE	FALSE
loop_7629	TRUE	3	4	1	1	FALSE	FALSE
loop_7630	FALSE	3	3	3	3	TRUE	TRUE
loop_7631	TRUE	3	3	2	3	TRUE	FALSE
loop_7632	TRUE	3	3	3	2	TRUE	FALSE
loop_7633	FALSE	3	3	3	3	TRUE	TRUE
loop_7634	FALSE	3	3	3	3	TRUE	TRUE
loop_7635	FALSE	3	3	3	3	TRUE	TRUE
loop_7636	TRUE	3	4	3	3	FALSE	TRUE
loop_7637	FALSE	4	2	4	2	FALSE	FALSE
loop_7638	TRUE	2	3	3	3	FALSE	TRUE
loop_7639	TRUE	3	2	3	3	FALSE	TRUE
loop_7640	TRUE	3	3	1	2	TRUE	FALSE
loop_7641	TRUE	4	3	3	3	FALSE	TRUE
loop_7642	FALSE	2	4	2	4	FALSE	FALSE
loop_7643	FALSE	3	3	3	3	TRUE	TRUE
loop_7644	FALSE	3	3	3	3	TRUE	TRUE
loop_7645	TRUE	3	4	2	3	FALSE	FALSE
loop_7646	TRUE	3	2	3	3	FALSE	TRUE
loop_7647	TRUE	3	3	2	3	TRUE	FALSE
loop_7648	TRUE	4	3	4	2	FALSE	FALSE
loop_7649	TRUE	3	3	2	3	TRUE	FALSE
loop_7650	TRUE	4	4	3	4	FALSE	FALSE
loop_7651	FALSE	3	3	3	3	TRUE	TRUE
loop_7652	FALSE	3	3	3	3	TRUE	TRUE
loop_7653	TRUE	2	4	3	3	FALSE	TRUE
loop_7654	TRUE	2	3	2	2	FALSE	FALSE
loop_7655	FALSE	3	3	3	3	TRUE	TRUE
loop_7656	TRUE	3	2	3	3	FALSE	TRUE
loop_7657	FALSE	5	3	5	3	FALSE	FALSE
loop_7658	TRUE	3	4	3	3	FALSE	TRUE
loop_7659	FALSE	3	3	3	3	TRUE	TRUE
loop_7660	FALSE	3	1	3	1	FALSE	FALSE
loop_7661	FALSE	3	3	3	3	TRUE	TRUE
loop_7662	FALSE	3	3	3	3	TRUE	TRUE
loop_7663	FALSE	3	3	3	3	TRUE	TRUE
loop_7664	FALSE	3	3	3	3	TRUE	TRUE
loop_7665	FALSE	3	3	3	3	TRUE	TRUE
loop_7666	FALSE	3	3	3	3	TRUE	TRUE
loop_7667	FALSE	4	3	4	3	FALSE	FALSE
loop_7668	FALSE	3	3	3	3	TRUE	TRUE
loop_7669	FALSE	3	3	3	3	TRUE	TRUE
loop_7670	TRUE	3	3	2	3	TRUE	FALSE
loop_7671	FALSE	4	2	4	2	FALSE	FALSE
loop_7672	TRUE	3	2	3	3	FALSE	TRUE
loop_7673	FALSE	3	3	3	3	TRUE	TRUE
loop_7674	FALSE	3	3	3	3	TRUE	TRUE
loop_7675	FALSE	3	3	3	3	TRUE	TRUE
loop_7676	FALSE	3	3	3	3	TRUE	TRUE
loop_7677	TRUE	2	4	3	3	FALSE	TRUE
loop_7678	FALSE	3	3	3	3	TRUE	TRUE
loop_7679	FALSE	3	3	3	3	TRUE	TRUE
loop_7680	FALSE	5	1	5	1	FALSE	FALSE
loop_7681	FALSE	3	3	3	3	TRUE	TRUE
loop_7682	FALSE	3	3	3	3	TRUE	TRUE
loop_7683	FALSE	3	3	3	3	TRUE	TRUE
loop_7684	TRUE	3	4	3	3	FALSE	TRUE
loop_7685	FALSE	5	1	5	1	FALSE	FALSE
loop_7686	FALSE	3	3	3	3	TRUE	TRUE
loop_7687	FALSE	3	3	3	3	TRUE	TRUE
loop_7688	FALSE	3	3	3	3	TRUE	TRUE
loop_7689	FALSE	3	3	3	3	TRUE	TRUE
loop_7690	FALSE	3	3	3	3	TRUE	TRUE
loop_7691	FALSE	3	3	3	3	TRUE	TRUE
loop_7692	FALSE	3	3	3	3	TRUE	TRUE
loop_7693	FALSE	2	3	2	3	FALSE	FALSE
loop_7694	FALSE	3	3	3	3	TRUE	TRUE
loop_7695	FALSE	3	3	3	3	TRUE	TRUE
loop_7696	TRUE	2	3	2	2	FALSE	FALSE
loop_7697	TRUE	4	2	3	2	FALSE	FALSE
loop_7698	FALSE	3	3	3	3	TRUE	TRUE
loop_7699	TRUE	3	3	3	2	TRUE	FALSE
loop_7700	TRUE	3	3	3	2	TRUE	FALSE
loop_7701	TRUE	4	3	3	3	FALSE	TRUE
loop_7702	FALSE	2	4	2	4	FALSE	FALSE
loop_7703	FALSE	3	3	3	3	TRUE	TRUE
loop_7704	FALSE	3	3	3	3	TRUE	TRUE
loop_7705	FALSE	3	3	3	3	TRUE	TRUE
loop_7706	FALSE	3	3	3	3	TRUE	TRUE
loop_7707	TRUE	4	2	3	3	FALSE	TRUE
loop_7708	FALSE	3	4	3	4	FALSE	FALSE
loop_7709	FALSE	5	1	5	1	FALSE	FALSE
loop_7710	FALSE	3	3	3	3	TRUE	TRUE
loop_7711	TRUE	2	4	3	4	FALSE	FALSE
loop_7712	FALSE	3	3	3	3	TRUE	TRUE
loop_7713	FALSE	3	3	3	3	TRUE	TRUE
loop_7714	FALSE	4	3	4	3	FALSE	FALSE
loop_7715	FALSE	3	3	3	3	TRUE	TRUE
loop_7716	TRUE	5	2	5	1	FALSE	FALSE
loop_7717	FALSE	3	3	3	3	TRUE	TRUE
loop_7718	TRUE	4	3	4	4	FALSE	FALSE
loop_7719	FALSE	3	3	3	3	TRUE	TRUE
loop_7720	FALSE	3	3	3	3	TRUE	TRUE
loop_7721	FALSE	3	3	3	3	TRUE	TRUE
loop_7722	FALSE	3	3	3	3	TRUE	TRUE
loop_7723	TRUE	5	2	3	4	FALSE	FALSE
loop_7724	FALSE	3	3	3	3	TRUE	TRUE
loop_7725	TRUE	3	2	5	1	FALSE	FALSE
loop_7726	TRUE	3	3	2	4	TRUE	FALSE
loop_7727	TRUE	2	3	2	4	FALSE	FALSE
loop_7728	TRUE	4	2	4	1	FALSE	FALSE
loop_7729	TRUE	3	4	3	3	FALSE	TRUE
loop_7730	FALSE	3	3	3	3	TRUE	TRUE
loop_7731	TRUE	5	1	4	2	FALSE	FALSE
loop_7732	FALSE	2	3	2	3	FALSE	FALSE
loop_7733	TRUE	3	3	2	3	TRUE	FALSE
loop_7734	TRUE	5	1	4	2	FALSE	FALSE
loop_7735	FALSE	3	3	3	3	TRUE	TRUE
loop_7736	FALSE	5	1	5	1	FALSE	FALSE
loop_7737	FALSE	4	2	4	2	FALSE	FALSE
loop_7738	TRUE	5	1	4	3	FALSE	FALSE
loop_7739	FALSE	3	3	3	3	TRUE	TRUE
loop_7740	TRUE	3	3	3	2	TRUE	FALSE
loop_7741	FALSE	3	3	3	3	TRUE	TRUE
loop_7742	FALSE	3	3	3	3	TRUE	TRUE
loop_7743	TRUE	2	3	3	3	FALSE	TRUE
loop_7744	FALSE	3	3	3	3	TRUE	TRUE
loop_7745	TRUE	5	1	4	1	FALSE	FALSE
loop_7746	TRUE	3	4	3	3	FALSE	TRUE
loop_7747	FALSE	3	3	3	3	TRUE	TRUE
loop_7748	TRUE	3	3	2	4	TRUE	FALSE
loop_7749	FALSE	5	1	5	1	FALSE	FALSE
loop_7750	FALSE	3	3	3	3	TRUE	TRUE
loop_7751	FALSE	3	3	3	3	TRUE	TRUE
loop_7752	FALSE	3	3	3	3	TRUE	TRUE
loop_7753	TRUE	4	2	5	1	FALSE	FALSE
loop_7754	FALSE	3	3	3	3	TRUE	TRUE
loop_7755	TRUE	3	2	3	3	FALSE	TRUE
loop_7756	TRUE	5	1	4	2	FALSE	FALSE
loop_7757	TRUE	3	3	5	1	TRUE	FALSE
loop_7758	TRUE	3	3	3	4	TRUE	FALSE
loop_7759	FALSE	3	3	3	3	TRUE	TRUE
loop_7760	TRUE	5	2	5	1	FALSE	FALSE
loop_7761	TRUE	4	4	3	3	FALSE	TRUE
loop_7762	TRUE	3	3	5	3	TRUE	FALSE
loop_7763	FALSE	3	3	3	3	TRUE	TRUE
loop_7764	FALSE	3	3	3	3	TRUE	TRUE
loop_7765	FALSE	3	4	3	4	FALSE	FALSE
loop_7766	FALSE	3	3	3	3	TRUE	TRUE
loop_7767	TRUE	3	3	5	3	TRUE	FALSE
loop_7768	FALSE	3	3	3	3	TRUE	TRUE
loop_7769	FALSE	3	3	3	3	TRUE	TRUE
loop_7770	FALSE	3	3	3	3	TRUE	TRUE
loop_7771	TRUE	2	5	3	4	FALSE	FALSE
loop_7772	TRUE	3	3	3	4	TRUE	FALSE
loop_7773	TRUE	3	1	4	2	FALSE	FALSE
loop_7774	TRUE	3	2	3	3	FALSE	TRUE
loop_7775	FALSE	3	3	3	3	TRUE	TRUE
loop_7776	TRUE	5	2	5	1	FALSE	FALSE
loop_7777	TRUE	3	3	3	4	TRUE	FALSE
loop_7778	TRUE	3	3	5	2	TRUE	FALSE
loop_7779	TRUE	5	1	3	3	FALSE	TRUE
loop_7780	FALSE	4	2	4	2	FALSE	FALSE
loop_7781	TRUE	5	1	4	1	FALSE	FALSE
loop_7782	FALSE	3	3	3	3	TRUE	TRUE
loop_7783	FALSE	3	3	3	3	TRUE	TRUE
loop_7784	TRUE	3	3	5	1	TRUE	FALSE
loop_7785	FALSE	3	3	3	3	TRUE	TRUE
loop_7786	FALSE	3	3	3	3	TRUE	TRUE
loop_7787	TRUE	2	5	2	4	FALSE	FALSE
loop_7788	TRUE	2	3	3	3	FALSE	TRUE
loop_7789	TRUE	1	3	2	4	FALSE	FALSE
loop_7790	FALSE	2	3	2	3	FALSE	FALSE
loop_7791	FALSE	3	4	3	4	FALSE	FALSE
loop_7792	TRUE	3	2	4	2	FALSE	FALSE
loop_7793	TRUE	5	1	2	4	FALSE	FALSE
loop_7794	TRUE	2	3	2	2	FALSE	FALSE
loop_7795	FALSE	3	2	3	2	FALSE	FALSE
loop_7796	FALSE	3	3	3	3	TRUE	TRUE
loop_7797	FALSE	3	3	3	3	TRUE	TRUE
loop_7798	TRUE	4	3	3	3	FALSE	TRUE
loop_7799	TRUE	4	3	3	3	FALSE	TRUE
loop_7800	FALSE	2	3	2	3	FALSE	FALSE
loop_7801	FALSE	3	3	3	3	TRUE	TRUE
loop_7802	FALSE	3	3	3	3	TRUE	TRUE
loop_7803	FALSE	3	3	3	3	TRUE	TRUE
loop_7804	TRUE	1	2	1	3	FALSE	FALSE
loop_7805	FALSE	3	3	3	3	TRUE	TRUE
loop_7806	FALSE	5	1	5	1	FALSE	FALSE
loop_7807	TRUE	3	2	3	3	FALSE	TRUE
loop_7808	TRUE	3	1	3	3	FALSE	TRUE
loop_7809	TRUE	3	2	3	3	FALSE	TRUE
loop_7810	TRUE	3	4	3	3	FALSE	TRUE
loop_7811	FALSE	3	3	3	3	TRUE	TRUE
loop_7812	FALSE	5	1	5	1	FALSE	FALSE
loop_7813	TRUE	5	1	4	1	FALSE	FALSE
loop_7814	FALSE	3	2	3	2	FALSE	FALSE
loop_7815	FALSE	3	2	3	2	FALSE	FALSE
loop_7816	FALSE	2	3	2	3	FALSE	FALSE
loop_7817	TRUE	2	2	4	1	FALSE	FALSE
loop_7818	TRUE	3	3	2	3	TRUE	FALSE
loop_7819	TRUE	2	4	4	2	FALSE	FALSE
loop_7820	FALSE	3	3	3	3	TRUE	TRUE
loop_7821	FALSE	3	5	3	5	FALSE	FALSE
loop_7822	FALSE	3	3	3	3	TRUE	TRUE
loop_7823	FALSE	3	3	3	3	TRUE	TRUE
loop_7824	FALSE	3	3	3	3	TRUE	TRUE
loop_7825	TRUE	3	5	3	3	FALSE	TRUE
loop_7826	FALSE	4	2	4	2	FALSE	FALSE
loop_7827	FALSE	3	3	3	3	TRUE	TRUE
loop_7828	TRUE	3	3	3	2	TRUE	FALSE
loop_7829	FALSE	3	4	3	4	FALSE	FALSE
loop_7830	TRUE	3	2	3	3	FALSE	TRUE
loop_7831	TRUE	5	2	5	1	FALSE	FALSE
loop_7832	TRUE	2	3	3	3	FALSE	TRUE
loop_7833	TRUE	3	2	3	3	FALSE	TRUE
loop_7834	FALSE	3	3	3	3	TRUE	TRUE
loop_7835	TRUE	4	1	4	2	FALSE	FALSE
loop_7836	TRUE	2	3	3	3	FALSE	TRUE
loop_7837	FALSE	5	1	5	1	FALSE	FALSE
loop_7838	TRUE	3	4	3	3	FALSE	TRUE
loop_7839	TRUE	3	3	3	4	TRUE	FALSE
loop_7840	FALSE	3	3	3	3	TRUE	TRUE
loop_7841	FALSE	3	3	3	3	TRUE	TRUE
loop_7842	FALSE	3	4	3	4	FALSE	FALSE
loop_7843	TRUE	4	3	4	2	FALSE	FALSE
loop_7844	FALSE	3	3	3	3	TRUE	TRUE
loop_7845	FALSE	3	3	3	3	TRUE	TRUE
loop_7846	FALSE	3	4	3	4	FALSE	FALSE
loop_7847	FALSE	3	1	3	1	FALSE	FALSE
loop_7848	TRUE	4	3	3	3	FALSE	TRUE
loop_7849	TRUE	4	2	3	3	FALSE	TRUE
loop_7850	TRUE	3	3	4	2	TRUE	FALSE
loop_7851	TRUE	3	2	1	3	FALSE	FALSE
loop_7852	TRUE	3	1	3	3	FALSE	TRUE
loop_7853	FALSE	3	1	3	1	FALSE	FALSE
loop_7854	TRUE	4	3	3	3	FALSE	TRUE
loop_7855	FALSE	3	3	3	3	TRUE	TRUE
loop_7856	FALSE	2	3	2	3	FALSE	FALSE
loop_7857	TRUE	3	2	3	3	FALSE	TRUE
loop_7858	FALSE	3	3	3	3	TRUE	TRUE
loop_7859	TRUE	3	3	2	3	TRUE	FALSE
loop_7860	FALSE	3	3	3	3	TRUE	TRUE
loop_7861	TRUE	3	2	3	3	FALSE	TRUE
loop_7862	TRUE	2	4	3	4	FALSE	FALSE
loop_7863	TRUE	5	2	3	1	FALSE	FALSE
loop_7864	TRUE	3	2	3	1	FALSE	FALSE
loop_7865	TRUE	3	3	4	4	TRUE	FALSE
loop_7866	TRUE	3	3	3	1	TRUE	FALSE
loop_7867	TRUE	2	3	2	2	FALSE	FALSE
loop_7868	TRUE	3	3	3	2	TRUE	FALSE
loop_7869	FALSE	4	3	4	3	FALSE	FALSE
loop_7870	TRUE	1	3	2	4	FALSE	FALSE
loop_7871	FALSE	3	3	3	3	TRUE	TRUE
loop_7872	TRUE	3	3	3	4	TRUE	FALSE
loop_7873	FALSE	3	3	3	3	TRUE	TRUE
loop_7874	FALSE	3	3	3	3	TRUE	TRUE
loop_7875	TRUE	4	4	5	4	FALSE	FALSE
loop_7876	FALSE	4	3	4	3	FALSE	FALSE
loop_7877	FALSE	2	3	2	3	FALSE	FALSE
loop_7878	FALSE	3	3	3	3	TRUE	TRUE
loop_7879	FALSE	3	3	3	3	TRUE	TRUE
loop_7880	TRUE	2	4	3	4	FALSE	FALSE
loop_7881	TRUE	4	3	5	3	FALSE	FALSE
loop_7882	TRUE	3	2	3	3	FALSE	TRUE
loop_7883	FALSE	3	3	3	3	TRUE	TRUE
loop_7884	FALSE	3	3	3	3	TRUE	TRUE
loop_7885	TRUE	4	3	3	3	FALSE	TRUE
loop_7886	FALSE	3	3	3	3	TRUE	TRUE
loop_7887	TRUE	2	2	3	3	FALSE	TRUE
loop_7888	FALSE	3	3	3	3	TRUE	TRUE
loop_7889	TRUE	4	3	3	3	FALSE	TRUE
loop_7890	FALSE	3	3	3	3	TRUE	TRUE
loop_7891	TRUE	3	4	3	3	FALSE	TRUE
loop_7892	TRUE	5	3	4	3	FALSE	FALSE
loop_7893	TRUE	3	3	2	3	TRUE	FALSE
loop_7894	FALSE	4	3	4	3	FALSE	FALSE
loop_7895	FALSE	3	2	3	2	FALSE	FALSE
loop_7896	FALSE	3	3	3	3	TRUE	TRUE
loop_7897	TRUE	3	2	3	3	FALSE	TRUE
loop_7898	TRUE	2	3	3	3	FALSE	TRUE
loop_7899	FALSE	4	3	4	3	FALSE	FALSE
loop_7900	FALSE	3	3	3	3	TRUE	TRUE
loop_7901	TRUE	2	3	3	3	FALSE	TRUE
loop_7902	TRUE	3	3	3	4	TRUE	FALSE
loop_7903	FALSE	3	4	3	4	FALSE	FALSE
loop_7904	TRUE	3	3	4	3	TRUE	FALSE
loop_7905	TRUE	3	3	3	4	TRUE	FALSE
loop_7906	FALSE	3	3	3	3	TRUE	TRUE
loop_7907	TRUE	3	3	2	3	TRUE	FALSE
loop_7908	FALSE	3	3	3	3	TRUE	TRUE
loop_7909	FALSE	3	3	3	3	TRUE	TRUE
loop_7910	TRUE	3	2	3	3	FALSE	TRUE
loop_7911	FALSE	3	3	3	3	TRUE	TRUE
loop_7912	TRUE	3	2	3	3	FALSE	TRUE
loop_7913	FALSE	5	1	5	1	FALSE	FALSE
loop_7914	TRUE	3	4	3	3	FALSE	TRUE
loop_7915	TRUE	3	4	3	3	FALSE	TRUE
loop_7916	TRUE	3	3	2	3	TRUE	FALSE
loop_7917	FALSE	3	3	3	3	TRUE	TRUE
loop_7918	FALSE	3	3	3	3	TRUE	TRUE
loop_7919	FALSE	3	3	3	3	TRUE	TRUE
loop_7920	FALSE	3	3	3	3	TRUE	TRUE
loop_7921	TRUE	4	3	3	3	FALSE	TRUE
loop_7922	FALSE	4	3	4	3	FALSE	FALSE
loop_7923	FALSE	3	3	3	3	TRUE	TRUE
loop_7924	FALSE	3	3	3	3	TRUE	TRUE
loop_7925	TRUE	5	3	4	3	FALSE	FALSE
loop_7926	FALSE	3	3	3	3	TRUE	TRUE
loop_7927	FALSE	3	3	3	3	TRUE	TRUE
loop_7928	TRUE	5	2	3	2	FALSE	FALSE
loop_7929	TRUE	4	3	3	3	FALSE	TRUE
loop_7930	TRUE	3	3	3	2	TRUE	FALSE
loop_7931	FALSE	3	3	3	3	TRUE	TRUE
loop_7932	TRUE	2	3	2	2	FALSE	FALSE
loop_7933	TRUE	3	3	1	1	TRUE	FALSE
loop_7934	TRUE	3	3	1	3	TRUE	FALSE
loop_7935	FALSE	3	3	3	3	TRUE	TRUE
loop_7936	FALSE	3	3	3	3	TRUE	TRUE
loop_7937	FALSE	3	3	3	3	TRUE	TRUE
loop_7938	TRUE	3	2	2	2	FALSE	FALSE
loop_7939	TRUE	2	2	3	3	FALSE	TRUE
loop_7940	FALSE	3	3	3	3	TRUE	TRUE
loop_7941	FALSE	3	3	3	3	TRUE	TRUE
loop_7942	TRUE	4	3	4	1	FALSE	FALSE
loop_7943	FALSE	3	3	3	3	TRUE	TRUE
loop_7944	TRUE	3	4	3	3	FALSE	TRUE
loop_7945	FALSE	3	3	3	3	TRUE	TRUE
loop_7946	TRUE	4	3	4	4	FALSE	FALSE
loop_7947	FALSE	3	3	3	3	TRUE	TRUE
loop_7948	FALSE	3	3	3	3	TRUE	TRUE
loop_7949	FALSE	4	3	4	3	FALSE	FALSE
loop_7950	TRUE	3	2	3	3	FALSE	TRUE
loop_7951	TRUE	3	2	3	3	FALSE	TRUE
loop_7952	FALSE	3	3	3	3	TRUE	TRUE
loop_7953	FALSE	3	3	3	3	TRUE	TRUE
loop_7954	TRUE	5	3	3	3	FALSE	TRUE
loop_7955	TRUE	3	2	3	3	FALSE	TRUE
loop_7956	TRUE	3	1	2	1	FALSE	FALSE
loop_7957	TRUE	3	3	4	3	TRUE	FALSE
loop_7958	TRUE	3	3	3	4	TRUE	FALSE
loop_7959	TRUE	3	3	4	3	TRUE	FALSE
loop_7960	FALSE	3	3	3	3	TRUE	TRUE
loop_7961	TRUE	3	3	3	4	TRUE	FALSE
loop_7962	FALSE	3	3	3	3	TRUE	TRUE
loop_7963	FALSE	3	3	3	3	TRUE	TRUE
loop_7964	FALSE	3	3	3	3	TRUE	TRUE
loop_7965	FALSE	3	3	3	3	TRUE	TRUE
loop_7966	FALSE	3	3	3	3	TRUE	TRUE
loop_7967	TRUE	4	2	3	1	FALSE	FALSE
loop_7968	TRUE	4	4	4	3	FALSE	FALSE
loop_7969	FALSE	3	3	3	3	TRUE	TRUE
loop_7970	FALSE	3	2	3	2	FALSE	FALSE
loop_7971	TRUE	2	2	3	2	FALSE	FALSE
loop_7972	FALSE	3	3	3	3	TRUE	TRUE
loop_7973	TRUE	4	3	3	3	FALSE	TRUE
loop_7974	FALSE	3	3	3	3	TRUE	TRUE
loop_7975	TRUE	3	3	4	4	TRUE	FALSE
loop_7976	FALSE	3	3	3	3	TRUE	TRUE
loop_7977	TRUE	3	5	3	4	FALSE	FALSE
loop_7978	FALSE	3	3	3	3	TRUE	TRUE
loop_7979	FALSE	3	3	3	3	TRUE	TRUE
loop_7980	FALSE	3	3	3	3	TRUE	TRUE
loop_7981	FALSE	3	3	3	3	TRUE	TRUE
loop_7982	FALSE	3	3	3	3	TRUE	TRUE
loop_7983	FALSE	3	3	3	3	TRUE	TRUE
loop_7984	FALSE	3	3	3	3	TRUE	TRUE
loop_7985	FALSE	3	3	3	3	TRUE	TRUE
loop_7986	FALSE	3	3	3	3	TRUE	TRUE
loop_7987	FALSE	3	3	3	3	TRUE	TRUE
loop_7988	FALSE	3	4	3	4	FALSE	FALSE
loop_7989	FALSE	3	3	3	3	TRUE	TRUE
loop_7990	FALSE	3	3	3	3	TRUE	TRUE
loop_7991	TRUE	3	3	2	3	TRUE	FALSE
loop_7992	FALSE	4	3	4	3	FALSE	FALSE
loop_7993	FALSE	3	3	3	3	TRUE	TRUE
loop_7994	FALSE	3	3	3	3	TRUE	TRUE
loop_7995	FALSE	3	3	3	3	TRUE	TRUE
loop_7996	FALSE	3	3	3	3	TRUE	TRUE
loop_7997	FALSE	3	3	3	3	TRUE	TRUE
loop_7998	FALSE	3	3	3	3	TRUE	TRUE
loop_7999	FALSE	3	3	3	3	TRUE	TRUE
loop_8000	FALSE	3	3	3	3	TRUE	TRUE
loop_8001	FALSE	3	3	3	3	TRUE	TRUE
loop_8002	FALSE	3	3	3	3	TRUE	TRUE
loop_8003	FALSE	3	3	3	3	TRUE	TRUE
loop_8004	TRUE	3	3	2	3	TRUE	FALSE
loop_8005	FALSE	3	3	3	3	TRUE	TRUE
loop_8006	TRUE	3	2	3	3	FALSE	TRUE
loop_8007	TRUE	3	2	3	3	FALSE	TRUE
loop_8008	FALSE	3	3	3	3	TRUE	TRUE
loop_8009	TRUE	3	3	3	4	TRUE	FALSE
loop_8010	FALSE	1	3	1	3	FALSE	FALSE
loop_8011	FALSE	3	3	3	3	TRUE	TRUE
loop_8012	FALSE	2	3	2	3	FALSE	FALSE
loop_8013	FALSE	3	3	3	3	TRUE	TRUE
loop_8014	FALSE	3	3	3	3	TRUE	TRUE
loop_8015	TRUE	3	3	3	2	TRUE	FALSE
loop_8016	FALSE	3	3	3	3	TRUE	TRUE
loop_8017	TRUE	3	2	1	2	FALSE	FALSE
loop_8018	TRUE	4	3	3	3	FALSE	TRUE
loop_8019	FALSE	5	1	5	1	FALSE	FALSE
loop_8020	FALSE	5	1	5	1	FALSE	FALSE
loop_8021	FALSE	3	3	3	3	TRUE	TRUE
loop_8022	FALSE	3	4	3	4	FALSE	FALSE
loop_8023	TRUE	3	4	3	3	FALSE	TRUE
loop_8024	FALSE	4	3	4	3	FALSE	FALSE
loop_8025	FALSE	3	3	3	3	TRUE	TRUE
loop_8026	FALSE	3	3	3	3	TRUE	TRUE
loop_8027	FALSE	5	1	5	1	FALSE	FALSE
loop_8028	FALSE	3	3	3	3	TRUE	TRUE
loop_8029	FALSE	3	3	3	3	TRUE	TRUE
loop_8030	FALSE	3	3	3	3	TRUE	TRUE
loop_8031	FALSE	3	3	3	3	TRUE	TRUE
loop_8032	FALSE	3	3	3	3	TRUE	TRUE
loop_8033	FALSE	3	4	3	4	FALSE	FALSE
loop_8034	FALSE	3	3	3	3	TRUE	TRUE
loop_8035	FALSE	3	3	3	3	TRUE	TRUE
loop_8036	TRUE	4	3	3	3	FALSE	TRUE
loop_8037	FALSE	3	3	3	3	TRUE	TRUE
loop_8038	FALSE	4	3	4	3	FALSE	FALSE
loop_8039	TRUE	3	2	3	3	FALSE	TRUE
loop_8040	FALSE	3	3	3	3	TRUE	TRUE
loop_8041	FALSE	3	3	3	3	TRUE	TRUE
loop_8042	TRUE	4	3	3	3	FALSE	TRUE
loop_8043	TRUE	4	1	5	1	FALSE	FALSE
loop_8044	FALSE	3	1	3	1	FALSE	FALSE
loop_8045	TRUE	3	2	3	3	FALSE	TRUE
loop_8046	FALSE	2	3	2	3	FALSE	FALSE
loop_8047	FALSE	3	3	3	3	TRUE	TRUE
loop_8048	FALSE	3	3	3	3	TRUE	TRUE
loop_8049	FALSE	3	3	3	3	TRUE	TRUE
loop_8050	TRUE	3	3	5	1	TRUE	FALSE
loop_8051	FALSE	3	3	3	3	TRUE	TRUE
loop_8052	FALSE	3	3	3	3	TRUE	TRUE
loop_8053	TRUE	2	3	3	3	FALSE	TRUE
loop_8054	FALSE	3	3	3	3	TRUE	TRUE
loop_8055	FALSE	3	3	3	3	TRUE	TRUE
loop_8056	FALSE	3	3	3	3	TRUE	TRUE
loop_8057	FALSE	3	3	3	3	TRUE	TRUE
loop_8058	TRUE	5	1	4	3	FALSE	FALSE
loop_8059	FALSE	3	3	3	3	TRUE	TRUE
loop_8060	FALSE	3	3	3	3	TRUE	TRUE
loop_8061	FALSE	3	3	3	3	TRUE	TRUE
loop_8062	FALSE	3	3	3	3	TRUE	TRUE
loop_8063	FALSE	3	3	3	3	TRUE	TRUE
loop_8064	TRUE	5	2	5	1	FALSE	FALSE
loop_8065	TRUE	4	3	3	3	FALSE	TRUE
loop_8066	TRUE	3	4	2	4	FALSE	FALSE
loop_8067	FALSE	2	3	2	3	FALSE	FALSE
loop_8068	FALSE	5	1	5	1	FALSE	FALSE
loop_8069	FALSE	3	3	3	3	TRUE	TRUE
loop_8070	TRUE	3	3	3	2	TRUE	FALSE
loop_8071	FALSE	3	3	3	3	TRUE	TRUE
loop_8072	FALSE	2	3	2	3	FALSE	FALSE
loop_8073	FALSE	3	4	3	4	FALSE	FALSE
loop_8074	FALSE	3	3	3	3	TRUE	TRUE
loop_8075	FALSE	4	1	4	1	FALSE	FALSE
loop_8076	TRUE	3	4	3	3	FALSE	TRUE
loop_8077	FALSE	3	3	3	3	TRUE	TRUE
loop_8078	FALSE	3	3	3	3	TRUE	TRUE
loop_8079	FALSE	3	3	3	3	TRUE	TRUE
loop_8080	FALSE	3	3	3	3	TRUE	TRUE
loop_8081	FALSE	3	3	3	3	TRUE	TRUE
loop_8082	TRUE	3	5	5	1	FALSE	FALSE
loop_8083	FALSE	3	3	3	3	TRUE	TRUE
loop_8084	TRUE	1	3	3	3	FALSE	TRUE
loop_8085	TRUE	3	3	5	1	TRUE	FALSE
loop_8086	FALSE	5	1	5	1	FALSE	FALSE
loop_8087	TRUE	3	3	2	3	TRUE	FALSE
loop_8088	FALSE	3	3	3	3	TRUE	TRUE
loop_8089	TRUE	3	4	4	4	FALSE	FALSE
loop_8090	TRUE	3	2	3	1	FALSE	FALSE
loop_8091	TRUE	4	1	5	1	FALSE	FALSE
loop_8092	FALSE	3	3	3	3	TRUE	TRUE
loop_8093	TRUE	4	1	5	1	FALSE	FALSE
loop_8094	TRUE	5	1	4	3	FALSE	FALSE
loop_8095	TRUE	2	3	3	3	FALSE	TRUE
loop_8096	FALSE	3	3	3	3	TRUE	TRUE
loop_8097	FALSE	3	3	3	3	TRUE	TRUE
loop_8098	FALSE	5	1	5	1	FALSE	FALSE
loop_8099	FALSE	2	4	2	4	FALSE	FALSE
loop_8100	FALSE	5	1	5	1	FALSE	FALSE
loop_8101	TRUE	1	4	5	3	FALSE	FALSE
loop_8102	FALSE	3	3	3	3	TRUE	TRUE
loop_8103	TRUE	3	3	3	2	TRUE	FALSE
loop_8104	FALSE	3	3	3	3	TRUE	TRUE
loop_8105	TRUE	3	3	4	3	TRUE	FALSE
loop_8106	FALSE	1	3	1	3	FALSE	FALSE
loop_8107	FALSE	3	3	3	3	TRUE	TRUE
loop_8108	TRUE	3	4	3	3	FALSE	TRUE
loop_8109	TRUE	3	4	3	3	FALSE	TRUE
loop_8110	TRUE	3	2	4	2	FALSE	FALSE
loop_8111	TRUE	3	3	3	4	TRUE	FALSE
loop_8112	FALSE	3	3	3	3	TRUE	TRUE
loop_8113	FALSE	2	4	2	4	FALSE	FALSE
loop_8114	TRUE	4	3	3	3	FALSE	TRUE
loop_8115	TRUE	4	2	5	2	FALSE	FALSE
loop_8116	FALSE	3	3	3	3	TRUE	TRUE
loop_8117	FALSE	3	2	3	2	FALSE	FALSE
loop_8118	TRUE	4	1	4	3	FALSE	FALSE
loop_8119	TRUE	3	3	3	4	TRUE	FALSE
loop_8120	FALSE	3	3	3	3	TRUE	TRUE
loop_8121	FALSE	2	4	2	4	FALSE	FALSE
loop_8122	TRUE	3	2	3	3	FALSE	TRUE
loop_8123	FALSE	3	3	3	3	TRUE	TRUE
loop_8124	FALSE	3	3	3	3	TRUE	TRUE
loop_8125	FALSE	3	3	3	3	TRUE	TRUE
loop_8126	TRUE	4	3	4	1	FALSE	FALSE
loop_8127	FALSE	3	3	3	3	TRUE	TRUE
loop_8128	TRUE	3	3	4	2	TRUE	FALSE
loop_8129	FALSE	3	3	3	3	TRUE	TRUE
loop_8130	TRUE	2	4	3	4	FALSE	FALSE
loop_8131	FALSE	3	3	3	3	TRUE	TRUE
loop_8132	FALSE	3	3	3	3	TRUE	TRUE
loop_8133	FALSE	3	3	3	3	TRUE	TRUE
loop_8134	FALSE	5	1	5	1	FALSE	FALSE
loop_8135	FALSE	4	3	4	3	FALSE	FALSE
loop_8136	TRUE	4	2	3	3	FALSE	TRUE
loop_8137	TRUE	3	2	4	2	FALSE	FALSE
loop_8138	TRUE	4	4	5	3	FALSE	FALSE
loop_8139	TRUE	4	3	3	3	FALSE	TRUE
loop_8140	FALSE	3	3	3	3	TRUE	TRUE
loop_8141	FALSE	3	3	3	3	TRUE	TRUE
loop_8142	FALSE	3	3	3	3	TRUE	TRUE
loop_8143	FALSE	4	3	4	3	FALSE	FALSE
loop_8144	FALSE	3	3	3	3	TRUE	TRUE
loop_8145	TRUE	3	4	3	3	FALSE	TRUE
loop_8146	FALSE	5	1	5	1	FALSE	FALSE
loop_8147	FALSE	3	2	3	2	FALSE	FALSE
loop_8148	FALSE	3	3	3	3	TRUE	TRUE
loop_8149	FALSE	3	3	3	3	TRUE	TRUE
loop_8150	FALSE	4	1	4	1	FALSE	FALSE
loop_8151	TRUE	2	3	1	2	FALSE	FALSE
loop_8152	FALSE	3	4	3	4	FALSE	FALSE
loop_8153	TRUE	5	5	3	3	FALSE	TRUE
loop_8154	TRUE	3	3	4	3	TRUE	FALSE
loop_8155	TRUE	5	1	4	4	FALSE	FALSE
loop_8156	TRUE	3	4	3	5	FALSE	FALSE
loop_8157	FALSE	3	3	3	3	TRUE	TRUE
loop_8158	FALSE	4	2	4	2	FALSE	FALSE
loop_8159	TRUE	3	3	4	3	TRUE	FALSE
loop_8160	FALSE	3	3	3	3	TRUE	TRUE
loop_8161	TRUE	3	3	2	3	TRUE	FALSE
loop_8162	FALSE	4	3	4	3	FALSE	FALSE
loop_8163	FALSE	3	3	3	3	TRUE	TRUE
loop_8164	FALSE	3	3	3	3	TRUE	TRUE
loop_8165	TRUE	3	4	3	3	FALSE	TRUE
loop_8166	TRUE	3	3	4	3	TRUE	FALSE
loop_8167	TRUE	2	3	3	3	FALSE	TRUE
loop_8168	FALSE	3	3	3	3	TRUE	TRUE
loop_8169	TRUE	5	1	5	2	FALSE	FALSE
loop_8170	TRUE	3	2	4	2	FALSE	FALSE
loop_8171	TRUE	5	3	5	4	FALSE	FALSE
loop_8172	TRUE	4	2	5	1	FALSE	FALSE
loop_8173	FALSE	5	3	5	3	FALSE	FALSE
loop_8174	TRUE	4	1	5	1	FALSE	FALSE
loop_8175	FALSE	3	3	3	3	TRUE	TRUE
loop_8176	FALSE	3	3	3	3	TRUE	TRUE
loop_8177	FALSE	3	3	3	3	TRUE	TRUE
loop_8178	FALSE	3	3	3	3	TRUE	TRUE
loop_8179	FALSE	3	3	3	3	TRUE	TRUE
loop_8180	TRUE	4	1	5	1	FALSE	FALSE
loop_8181	TRUE	3	3	3	2	TRUE	FALSE
loop_8182	TRUE	3	2	4	2	FALSE	FALSE
loop_8183	FALSE	5	1	5	1	FALSE	FALSE
loop_8184	FALSE	3	1	3	1	FALSE	FALSE
loop_8185	FALSE	3	3	3	3	TRUE	TRUE
loop_8186	FALSE	2	4	2	4	FALSE	FALSE
loop_8187	FALSE	3	3	3	3	TRUE	TRUE
loop_8188	FALSE	3	3	3	3	TRUE	TRUE
loop_8189	FALSE	5	1	5	1	FALSE	FALSE
loop_8190	TRUE	5	2	4	3	FALSE	FALSE
loop_8191	FALSE	4	3	4	3	FALSE	FALSE
loop_8192	TRUE	3	3	4	3	TRUE	FALSE
loop_8193	TRUE	4	4	3	4	FALSE	FALSE
loop_8194	FALSE	3	3	3	3	TRUE	TRUE
loop_8195	TRUE	3	3	4	3	TRUE	FALSE
loop_8196	TRUE	2	3	3	3	FALSE	TRUE
loop_8197	TRUE	4	1	5	2	FALSE	FALSE
loop_8198	TRUE	3	3	4	3	TRUE	FALSE
loop_8199	TRUE	2	3	3	3	FALSE	TRUE
loop_8200	TRUE	4	3	2	3	FALSE	FALSE
loop_8201	TRUE	5	2	5	1	FALSE	FALSE
loop_8202	FALSE	3	3	3	3	TRUE	TRUE
loop_8203	FALSE	3	3	3	3	TRUE	TRUE
loop_8204	TRUE	4	3	3	3	FALSE	TRUE
loop_8205	FALSE	3	3	3	3	TRUE	TRUE
loop_8206	TRUE	4	2	3	2	FALSE	FALSE
loop_8207	FALSE	5	2	5	2	FALSE	FALSE
loop_8208	FALSE	3	3	3	3	TRUE	TRUE
loop_8209	TRUE	4	1	5	2	FALSE	FALSE
loop_8210	FALSE	3	3	3	3	TRUE	TRUE
loop_8211	FALSE	3	3	3	3	TRUE	TRUE
loop_8212	FALSE	3	3	3	3	TRUE	TRUE
loop_8213	FALSE	3	2	3	2	FALSE	FALSE
loop_8214	FALSE	4	3	4	3	FALSE	FALSE
loop_8215	TRUE	4	2	4	3	FALSE	FALSE
loop_8216	FALSE	3	2	3	2	FALSE	FALSE
loop_8217	FALSE	3	3	3	3	TRUE	TRUE
loop_8218	TRUE	2	5	3	3	FALSE	TRUE
loop_8219	FALSE	3	3	3	3	TRUE	TRUE
loop_8220	TRUE	3	4	3	3	FALSE	TRUE
loop_8221	FALSE	3	3	3	3	TRUE	TRUE
loop_8222	FALSE	4	3	4	3	FALSE	FALSE
loop_8223	FALSE	5	2	5	2	FALSE	FALSE
loop_8224	TRUE	4	3	3	2	FALSE	FALSE
loop_8225	TRUE	5	1	3	2	FALSE	FALSE
loop_8226	TRUE	3	3	3	2	TRUE	FALSE
loop_8227	TRUE	3	2	3	3	FALSE	TRUE
loop_8228	TRUE	3	3	4	3	TRUE	FALSE
loop_8229	FALSE	4	2	4	2	FALSE	FALSE
loop_8230	FALSE	3	3	3	3	TRUE	TRUE
loop_8231	FALSE	3	3	3	3	TRUE	TRUE
loop_8232	FALSE	3	3	3	3	TRUE	TRUE
loop_8233	FALSE	3	3	3	3	TRUE	TRUE
loop_8234	TRUE	2	3	5	1	FALSE	FALSE
loop_8235	FALSE	3	3	3	3	TRUE	TRUE
loop_8236	TRUE	3	4	3	3	FALSE	TRUE
loop_8237	FALSE	3	3	3	3	TRUE	TRUE
loop_8238	FALSE	3	3	3	3	TRUE	TRUE
loop_8239	FALSE	3	3	3	3	TRUE	TRUE
loop_8240	TRUE	3	3	3	4	TRUE	FALSE
loop_8241	TRUE	2	3	3	3	FALSE	TRUE
loop_8242	TRUE	4	1	5	1	FALSE	FALSE
loop_8243	FALSE	3	4	3	4	FALSE	FALSE
loop_8244	FALSE	4	2	4	2	FALSE	FALSE
loop_8245	TRUE	3	3	3	2	TRUE	FALSE
loop_8246	FALSE	3	3	3	3	TRUE	TRUE
loop_8247	TRUE	5	1	3	3	FALSE	TRUE
loop_8248	TRUE	4	2	3	2	FALSE	FALSE
loop_8249	FALSE	3	3	3	3	TRUE	TRUE
loop_8250	FALSE	3	3	3	3	TRUE	TRUE
loop_8251	TRUE	5	4	2	4	FALSE	FALSE
loop_8252	FALSE	3	2	3	2	FALSE	FALSE
loop_8253	TRUE	2	4	3	3	FALSE	TRUE
loop_8254	TRUE	3	3	2	3	TRUE	FALSE
loop_8255	TRUE	3	3	4	3	TRUE	FALSE
loop_8256	FALSE	3	3	3	3	TRUE	TRUE
loop_8257	FALSE	3	3	3	3	TRUE	TRUE
loop_8258	TRUE	3	3	2	3	TRUE	FALSE
loop_8259	FALSE	3	3	3	3	TRUE	TRUE
loop_8260	FALSE	3	3	3	3	TRUE	TRUE
loop_8261	FALSE	3	3	3	3	TRUE	TRUE
loop_8262	TRUE	4	3	3	4	FALSE	FALSE
loop_8263	FALSE	4	3	4	3	FALSE	FALSE
loop_8264	FALSE	3	3	3	3	TRUE	TRUE
loop_8265	FALSE	3	3	3	3	TRUE	TRUE
loop_8266	TRUE	4	3	4	4	FALSE	FALSE
loop_8267	TRUE	3	3	3	2	TRUE	FALSE
loop_8268	TRUE	4	1	3	3	FALSE	TRUE
loop_8269	FALSE	3	3	3	3	TRUE	TRUE
loop_8270	FALSE	3	3	3	3	TRUE	TRUE
loop_8271	TRUE	3	4	3	3	FALSE	TRUE
loop_8272	TRUE	3	4	3	3	FALSE	TRUE
loop_8273	FALSE	3	3	3	3	TRUE	TRUE
loop_8274	FALSE	3	2	3	2	FALSE	FALSE
loop_8275	TRUE	1	5	3	3	FALSE	TRUE
loop_8276	TRUE	4	3	3	3	FALSE	TRUE
loop_8277	TRUE	1	3	3	3	FALSE	TRUE
loop_8278	TRUE	4	3	3	3	FALSE	TRUE
loop_8279	FALSE	3	3	3	3	TRUE	TRUE
loop_8280	TRUE	3	2	3	3	FALSE	TRUE
loop_8281	TRUE	5	2	3	3	FALSE	TRUE
loop_8282	FALSE	3	3	3	3	TRUE	TRUE
loop_8283	FALSE	3	3	3	3	TRUE	TRUE
loop_8284	FALSE	3	3	3	3	TRUE	TRUE
loop_8285	TRUE	3	3	1	3	TRUE	FALSE
loop_8286	FALSE	3	3	3	3	TRUE	TRUE
loop_8287	TRUE	3	3	2	3	TRUE	FALSE
loop_8288	TRUE	4	2	3	3	FALSE	TRUE
loop_8289	TRUE	3	5	3	3	FALSE	TRUE
loop_8290	TRUE	2	3	3	3	FALSE	TRUE
loop_8291	TRUE	3	4	2	4	FALSE	FALSE
loop_8292	FALSE	3	3	3	3	TRUE	TRUE
loop_8293	FALSE	3	3	3	3	TRUE	TRUE
loop_8294	TRUE	1	3	1	4	FALSE	FALSE
loop_8295	FALSE	5	1	5	1	FALSE	FALSE
loop_8296	FALSE	3	3	3	3	TRUE	TRUE
loop_8297	FALSE	3	3	3	3	TRUE	TRUE
loop_8298	FALSE	5	1	5	1	FALSE	FALSE
loop_8299	TRUE	4	3	3	3	FALSE	TRUE
loop_8300	TRUE	4	3	3	3	FALSE	TRUE
loop_8301	FALSE	3	4	3	4	FALSE	FALSE
loop_8302	FALSE	3	3	3	3	TRUE	TRUE
loop_8303	FALSE	4	2	4	2	FALSE	FALSE
loop_8304	TRUE	3	3	3	2	TRUE	FALSE
loop_8305	TRUE	4	3	5	2	FALSE	FALSE
loop_8306	FALSE	4	3	4	3	FALSE	FALSE
loop_8307	FALSE	2	3	2	3	FALSE	FALSE
loop_8308	TRUE	2	1	2	3	FALSE	FALSE
loop_8309	TRUE	3	2	4	2	FALSE	FALSE
loop_8310	TRUE	2	3	3	3	FALSE	TRUE
loop_8311	TRUE	3	3	2	4	TRUE	FALSE
loop_8312	TRUE	3	3	3	4	TRUE	FALSE
loop_8313	TRUE	1	3	3	2	FALSE	FALSE
loop_8314	TRUE	3	4	3	3	FALSE	TRUE
loop_8315	FALSE	3	2	3	2	FALSE	FALSE
loop_8316	FALSE	2	4	2	4	FALSE	FALSE
loop_8317	TRUE	2	3	3	4	FALSE	FALSE
loop_8318	FALSE	3	3	3	3	TRUE	TRUE
loop_8319	TRUE	3	3	2	3	TRUE	FALSE
loop_8320	FALSE	3	3	3	3	TRUE	TRUE
loop_8321	TRUE	2	4	2	3	FALSE	FALSE
loop_8322	FALSE	3	5	3	5	FALSE	FALSE
loop_8323	FALSE	3	3	3	3	TRUE	TRUE
loop_8324	TRUE	4	2	3	3	FALSE	TRUE
loop_8325	FALSE	5	3	5	3	FALSE	FALSE
loop_8326	TRUE	4	3	3	3	FALSE	TRUE
loop_8327	TRUE	3	3	2	2	TRUE	FALSE
loop_8328	TRUE	1	4	1	2	FALSE	FALSE
loop_8329	FALSE	3	3	3	3	TRUE	TRUE
loop_8330	FALSE	3	4	3	4	FALSE	FALSE
loop_8331	TRUE	1	3	2	3	FALSE	FALSE
loop_8332	TRUE	3	2	3	3	FALSE	TRUE
loop_8333	FALSE	2	2	2	2	FALSE	FALSE
loop_8334	FALSE	3	3	3	3	TRUE	TRUE
loop_8335	TRUE	3	3	2	4	TRUE	FALSE
loop_8336	TRUE	2	3	3	3	FALSE	TRUE
loop_8337	FALSE	3	3	3	3	TRUE	TRUE
loop_8338	FALSE	3	3	3	3	TRUE	TRUE
loop_8339	TRUE	3	2	3	3	FALSE	TRUE
loop_8340	TRUE	3	3	3	4	TRUE	FALSE
loop_8341	TRUE	3	2	3	3	FALSE	TRUE
loop_8342	TRUE	4	3	4	4	FALSE	FALSE
loop_8343	TRUE	3	3	3	4	TRUE	FALSE
loop_8344	FALSE	3	3	3	3	TRUE	TRUE
loop_8345	TRUE	4	2	5	2	FALSE	FALSE
loop_8346	TRUE	4	2	3	3	FALSE	TRUE
loop_8347	TRUE	2	3	3	3	FALSE	TRUE
loop_8348	TRUE	3	3	3	2	TRUE	FALSE
loop_8349	TRUE	2	4	2	3	FALSE	FALSE
loop_8350	TRUE	3	3	5	4	TRUE	FALSE
loop_8351	FALSE	3	3	3	3	TRUE	TRUE
loop_8352	FALSE	3	3	3	3	TRUE	TRUE
loop_8353	FALSE	3	3	3	3	TRUE	TRUE
loop_8354	TRUE	3	3	2	4	TRUE	FALSE
loop_8355	TRUE	3	2	3	3	FALSE	TRUE
loop_8356	TRUE	3	3	3	4	TRUE	FALSE
loop_8357	TRUE	3	3	4	3	TRUE	FALSE
loop_8358	FALSE	2	4	2	4	FALSE	FALSE
loop_8359	FALSE	3	3	3	3	TRUE	TRUE
loop_8360	FALSE	3	1	3	1	FALSE	FALSE
loop_8361	TRUE	4	2	3	3	FALSE	TRUE
loop_8362	FALSE	3	3	3	3	TRUE	TRUE
loop_8363	TRUE	3	3	2	3	TRUE	FALSE
loop_8364	TRUE	3	4	3	3	FALSE	TRUE
loop_8365	FALSE	3	3	3	3	TRUE	TRUE
loop_8366	TRUE	3	1	3	4	FALSE	FALSE
loop_8367	FALSE	1	3	1	3	FALSE	FALSE
loop_8368	TRUE	3	3	4	3	TRUE	FALSE
loop_8369	TRUE	2	2	2	3	FALSE	FALSE
loop_8370	FALSE	2	3	2	3	FALSE	FALSE
loop_8371	TRUE	3	3	3	1	TRUE	FALSE
loop_8372	TRUE	3	4	1	4	FALSE	FALSE
loop_8373	TRUE	2	3	3	3	FALSE	TRUE
loop_8374	FALSE	3	3	3	3	TRUE	TRUE
loop_8375	TRUE	2	2	3	3	FALSE	TRUE
loop_8376	TRUE	4	2	4	3	FALSE	FALSE
loop_8377	TRUE	3	4	3	3	FALSE	TRUE
loop_8378	TRUE	2	3	3	3	FALSE	TRUE
loop_8379	FALSE	3	3	3	3	TRUE	TRUE
loop_8380	FALSE	3	3	3	3	TRUE	TRUE
loop_8381	TRUE	3	3	2	3	TRUE	FALSE
loop_8382	FALSE	3	2	3	2	FALSE	FALSE
loop_8383	FALSE	3	3	3	3	TRUE	TRUE
loop_8384	FALSE	3	3	3	3	TRUE	TRUE
loop_8385	TRUE	2	3	3	3	FALSE	TRUE
loop_8386	TRUE	4	4	4	3	FALSE	FALSE
loop_8387	TRUE	3	4	3	3	FALSE	TRUE
loop_8388	FALSE	3	3	3	3	TRUE	TRUE
loop_8389	TRUE	2	2	3	3	FALSE	TRUE
loop_8390	FALSE	4	3	4	3	FALSE	FALSE
loop_8391	FALSE	3	3	3	3	TRUE	TRUE
loop_8392	FALSE	3	3	3	3	TRUE	TRUE
loop_8393	TRUE	2	3	3	3	FALSE	TRUE
loop_8394	FALSE	3	3	3	3	TRUE	TRUE
loop_8395	FALSE	3	3	3	3	TRUE	TRUE
loop_8396	TRUE	3	2	3	3	FALSE	TRUE
loop_8397	TRUE	3	3	2	3	TRUE	FALSE
loop_8398	TRUE	2	3	3	3	FALSE	TRUE
loop_8399	FALSE	3	3	3	3	TRUE	TRUE
loop_8400	TRUE	5	2	3	3	FALSE	TRUE
loop_8401	TRUE	3	3	3	2	TRUE	FALSE
loop_8402	TRUE	3	2	3	3	FALSE	TRUE
loop_8403	TRUE	3	3	5	3	TRUE	FALSE
loop_8404	FALSE	3	3	3	3	TRUE	TRUE
loop_8405	FALSE	3	3	3	3	TRUE	TRUE
loop_8406	FALSE	3	3	3	3	TRUE	TRUE
loop_8407	FALSE	3	3	3	3	TRUE	TRUE
loop_8408	FALSE	3	3	3	3	TRUE	TRUE
loop_8409	TRUE	3	2	3	3	FALSE	TRUE
loop_8410	TRUE	3	2	3	3	FALSE	TRUE
loop_8411	FALSE	3	3	3	3	TRUE	TRUE
loop_8412	FALSE	3	3	3	3	TRUE	TRUE
loop_8413	FALSE	2	3	2	3	FALSE	FALSE
loop_8414	FALSE	3	3	3	3	TRUE	TRUE
loop_8415	TRUE	5	2	3	3	FALSE	TRUE
loop_8416	FALSE	3	3	3	3	TRUE	TRUE
loop_8417	FALSE	2	3	2	3	FALSE	FALSE
loop_8418	TRUE	3	3	4	3	TRUE	FALSE
loop_8419	FALSE	3	3	3	3	TRUE	TRUE
loop_8420	FALSE	3	3	3	3	TRUE	TRUE
loop_8421	TRUE	3	3	2	3	TRUE	FALSE
loop_8422	FALSE	3	3	3	3	TRUE	TRUE
loop_8423	FALSE	3	4	3	4	FALSE	FALSE
loop_8424	FALSE	3	3	3	3	TRUE	TRUE
loop_8425	TRUE	3	3	3	2	TRUE	FALSE
loop_8426	FALSE	3	3	3	3	TRUE	TRUE
loop_8427	FALSE	3	3	3	3	TRUE	TRUE
loop_8428	TRUE	3	1	3	2	FALSE	FALSE
loop_8429	FALSE	3	3	3	3	TRUE	TRUE
loop_8430	FALSE	3	2	3	2	FALSE	FALSE
loop_8431	TRUE	2	3	2	2	FALSE	FALSE
loop_8432	FALSE	3	3	3	3	TRUE	TRUE
loop_8433	FALSE	4	3	4	3	FALSE	FALSE
loop_8434	FALSE	2	4	2	4	FALSE	FALSE
loop_8435	TRUE	3	4	3	3	FALSE	TRUE
loop_8436	FALSE	3	3	3	3	TRUE	TRUE
loop_8437	FALSE	4	3	4	3	FALSE	FALSE
loop_8438	FALSE	3	3	3	3	TRUE	TRUE
loop_8439	TRUE	3	2	3	3	FALSE	TRUE
loop_8440	TRUE	1	3	2	3	FALSE	FALSE
loop_8441	FALSE	3	4	3	4	FALSE	FALSE
loop_8442	TRUE	3	2	2	2	FALSE	FALSE
loop_8443	TRUE	3	3	2	3	TRUE	FALSE
loop_8444	TRUE	3	3	4	2	TRUE	FALSE
loop_8445	FALSE	3	3	3	3	TRUE	TRUE
loop_8446	FALSE	3	3	3	3	TRUE	TRUE
loop_8447	FALSE	4	3	4	3	FALSE	FALSE
loop_8448	TRUE	4	2	5	1	FALSE	FALSE
loop_8449	FALSE	3	3	3	3	TRUE	TRUE
loop_8450	TRUE	3	4	3	3	FALSE	TRUE
loop_8451	FALSE	3	3	3	3	TRUE	TRUE
loop_8452	FALSE	3	3	3	3	TRUE	TRUE
loop_8453	FALSE	3	3	3	3	TRUE	TRUE
loop_8454	FALSE	3	3	3	3	TRUE	TRUE
loop_8455	FALSE	3	2	3	2	FALSE	FALSE
loop_8456	FALSE	3	2	3	2	FALSE	FALSE
loop_8457	FALSE	3	3	3	3	TRUE	TRUE
loop_8458	TRUE	4	1	5	1	FALSE	FALSE
loop_8459	FALSE	3	3	3	3	TRUE	TRUE
loop_8460	FALSE	4	5	4	5	FALSE	FALSE
loop_8461	TRUE	5	2	4	3	FALSE	FALSE
loop_8462	TRUE	4	3	5	1	FALSE	FALSE
loop_8463	TRUE	5	1	3	4	FALSE	FALSE
loop_8464	FALSE	5	1	5	1	FALSE	FALSE
loop_8465	FALSE	3	3	3	3	TRUE	TRUE
loop_8466	FALSE	1	4	1	4	FALSE	FALSE
loop_8467	FALSE	3	3	3	3	TRUE	TRUE
loop_8468	FALSE	3	3	3	3	TRUE	TRUE
loop_8469	FALSE	3	3	3	3	TRUE	TRUE
loop_8470	FALSE	3	3	3	3	TRUE	TRUE
loop_8471	TRUE	3	3	3	4	TRUE	FALSE
loop_8472	FALSE	3	3	3	3	TRUE	TRUE
loop_8473	FALSE	4	2	4	2	FALSE	FALSE
loop_8474	FALSE	3	3	3	3	TRUE	TRUE
loop_8475	FALSE	3	3	3	3	TRUE	TRUE
loop_8476	TRUE	4	3	3	3	FALSE	TRUE
loop_8477	TRUE	4	3	3	4	FALSE	FALSE
loop_8478	TRUE	1	4	2	4	FALSE	FALSE
loop_8479	TRUE	3	2	3	3	FALSE	TRUE
loop_8480	TRUE	4	3	3	5	FALSE	FALSE
loop_8481	FALSE	3	3	3	3	TRUE	TRUE
loop_8482	TRUE	5	2	5	1	FALSE	FALSE
loop_8483	FALSE	3	3	3	3	TRUE	TRUE
loop_8484	TRUE	1	2	1	3	FALSE	FALSE
loop_8485	FALSE	3	4	3	4	FALSE	FALSE
loop_8486	FALSE	3	3	3	3	TRUE	TRUE
loop_8487	TRUE	3	4	4	4	FALSE	FALSE
loop_8488	FALSE	3	3	3	3	TRUE	TRUE
loop_8489	TRUE	3	4	3	3	FALSE	TRUE
loop_8490	TRUE	3	3	3	4	TRUE	FALSE
loop_8491	FALSE	3	3	3	3	TRUE	TRUE
loop_8492	TRUE	2	4	3	3	FALSE	TRUE
loop_8493	TRUE	5	3	3	3	FALSE	TRUE
loop_8494	TRUE	3	3	3	2	TRUE	FALSE
loop_8495	FALSE	5	1	5	1	FALSE	FALSE
loop_8496	TRUE	3	3	5	1	TRUE	FALSE
loop_8497	TRUE	4	3	4	2	FALSE	FALSE
loop_8498	TRUE	2	3	2	2	FALSE	FALSE
loop_8499	FALSE	4	3	4	3	FALSE	FALSE
loop_8500	TRUE	4	3	3	3	FALSE	TRUE
loop_8501	TRUE	5	1	5	2	FALSE	FALSE
loop_8502	FALSE	3	3	3	3	TRUE	TRUE
loop_8503	TRUE	4	2	3	3	FALSE	TRUE
loop_8504	TRUE	4	4	4	3	FALSE	FALSE
loop_8505	TRUE	2	3	1	3	FALSE	FALSE
loop_8506	FALSE	3	2	3	2	FALSE	FALSE
loop_8507	FALSE	3	3	3	3	TRUE	TRUE
loop_8508	TRUE	5	1	2	2	FALSE	FALSE
loop_8509	FALSE	3	4	3	4	FALSE	FALSE
loop_8510	TRUE	3	3	2	2	TRUE	FALSE
loop_8511	TRUE	4	3	3	3	FALSE	TRUE
loop_8512	TRUE	2	3	2	4	FALSE	FALSE
loop_8513	FALSE	3	3	3	3	TRUE	TRUE
loop_8514	TRUE	4	3	1	3	FALSE	FALSE
loop_8515	TRUE	3	3	3	2	TRUE	FALSE
loop_8516	TRUE	3	4	3	3	FALSE	TRUE
loop_8517	TRUE	3	5	3	3	FALSE	TRUE
loop_8518	FALSE	3	3	3	3	TRUE	TRUE
loop_8519	FALSE	4	2	4	2	FALSE	FALSE
loop_8520	FALSE	3	3	3	3	TRUE	TRUE
loop_8521	FALSE	3	3	3	3	TRUE	TRUE
loop_8522	TRUE	3	3	5	2	TRUE	FALSE
loop_8523	FALSE	3	3	3	3	TRUE	TRUE
loop_8524	FALSE	3	3	3	3	TRUE	TRUE
loop_8525	FALSE	3	3	3	3	TRUE	TRUE
loop_8526	TRUE	4	2	5	1	FALSE	FALSE
loop_8527	TRUE	4	4	3	3	FALSE	TRUE
loop_8528	FALSE	2	4	2	4	FALSE	FALSE
loop_8529	TRUE	2	3	2	4	FALSE	FALSE
loop_8530	FALSE	3	3	3	3	TRUE	TRUE
loop_8531	TRUE	4	3	5	3	FALSE	FALSE
loop_8532	TRUE	3	3	4	3	TRUE	FALSE
loop_8533	FALSE	3	3	3	3	TRUE	TRUE
loop_8534	TRUE	3	2	3	3	FALSE	TRUE
loop_8535	TRUE	4	3	3	3	FALSE	TRUE
loop_8536	FALSE	3	3	3	3	TRUE	TRUE
loop_8537	FALSE	3	3	3	3	TRUE	TRUE
loop_8538	TRUE	5	5	2	5	FALSE	FALSE
loop_8539	FALSE	3	3	3	3	TRUE	TRUE
loop_8540	FALSE	3	3	3	3	TRUE	TRUE
loop_8541	FALSE	3	3	3	3	TRUE	TRUE
loop_8542	TRUE	3	4	3	3	FALSE	TRUE
loop_8543	FALSE	3	3	3	3	TRUE	TRUE
loop_8544	FALSE	3	3	3	3	TRUE	TRUE
loop_8545	FALSE	3	3	3	3	TRUE	TRUE
loop_8546	TRUE	2	3	3	3	FALSE	TRUE
loop_8547	FALSE	3	2	3	2	FALSE	FALSE
loop_8548	FALSE	3	3	3	3	TRUE	TRUE
loop_8549	FALSE	2	3	2	3	FALSE	FALSE
loop_8550	FALSE	3	3	3	3	TRUE	TRUE
loop_8551	FALSE	3	3	3	3	TRUE	TRUE
loop_8552	TRUE	4	3	5	3	FALSE	FALSE
loop_8553	FALSE	3	3	3	3	TRUE	TRUE
loop_8554	FALSE	3	3	3	3	TRUE	TRUE
loop_8555	FALSE	3	3	3	3	TRUE	TRUE
loop_8556	FALSE	3	3	3	3	TRUE	TRUE
loop_8557	TRUE	3	3	4	3	TRUE	FALSE
loop_8558	FALSE	3	3	3	3	TRUE	TRUE
loop_8559	TRUE	3	3	3	4	TRUE	FALSE
loop_8560	FALSE	3	2	3	2	FALSE	FALSE
loop_8561	FALSE	3	3	3	3	TRUE	TRUE
loop_8562	TRUE	5	1	3	3	FALSE	TRUE
loop_8563	TRUE	2	4	3	3	FALSE	TRUE
loop_8564	TRUE	4	3	3	3	FALSE	TRUE
loop_8565	TRUE	3	2	3	3	FALSE	TRUE
loop_8566	FALSE	3	3	3	3	TRUE	TRUE
loop_8567	TRUE	3	3	2	3	TRUE	FALSE
loop_8568	FALSE	3	3	3	3	TRUE	TRUE
loop_8569	TRUE	3	2	3	3	FALSE	TRUE
loop_8570	TRUE	3	3	3	2	TRUE	FALSE
loop_8571	TRUE	4	2	3	2	FALSE	FALSE
loop_8572	TRUE	2	3	3	3	FALSE	TRUE
loop_8573	FALSE	3	3	3	3	TRUE	TRUE
loop_8574	FALSE	3	3	3	3	TRUE	TRUE
loop_8575	FALSE	3	3	3	3	TRUE	TRUE
loop_8576	FALSE	3	4	3	4	FALSE	FALSE
loop_8577	FALSE	4	4	4	4	FALSE	FALSE
loop_8578	TRUE	3	2	3	3	FALSE	TRUE
loop_8579	FALSE	3	3	3	3	TRUE	TRUE
loop_8580	FALSE	3	3	3	3	TRUE	TRUE
loop_8581	TRUE	3	3	2	3	TRUE	FALSE
loop_8582	FALSE	3	2	3	2	FALSE	FALSE
loop_8583	FALSE	3	3	3	3	TRUE	TRUE
loop_8584	FALSE	3	2	3	2	FALSE	FALSE
loop_8585	TRUE	3	2	3	3	FALSE	TRUE
loop_8586	FALSE	3	3	3	3	TRUE	TRUE
loop_8587	FALSE	4	4	4	4	FALSE	FALSE
loop_8588	TRUE	3	3	2	3	TRUE	FALSE
loop_8589	FALSE	3	3	3	3	TRUE	TRUE
loop_8590	TRUE	3	3	3	4	TRUE	FALSE
loop_8591	FALSE	3	3	3	3	TRUE	TRUE
loop_8592	FALSE	2	3	2	3	FALSE	FALSE
loop_8593	TRUE	3	3	4	3	TRUE	FALSE
loop_8594	TRUE	3	3	5	5	TRUE	FALSE
loop_8595	TRUE	3	2	3	3	FALSE	TRUE
loop_8596	TRUE	4	2	3	3	FALSE	TRUE
loop_8597	FALSE	3	3	3	3	TRUE	TRUE
loop_8598	TRUE	2	3	1	3	FALSE	FALSE
loop_8599	TRUE	2	3	3	3	FALSE	TRUE
loop_8600	TRUE	3	3	2	4	TRUE	FALSE
loop_8601	TRUE	3	2	3	3	FALSE	TRUE
loop_8602	TRUE	3	3	1	4	TRUE	FALSE
loop_8603	FALSE	3	3	3	3	TRUE	TRUE
loop_8604	TRUE	3	1	3	2	FALSE	FALSE
loop_8605	FALSE	3	3	3	3	TRUE	TRUE
loop_8606	FALSE	3	3	3	3	TRUE	TRUE
loop_8607	FALSE	3	3	3	3	TRUE	TRUE
loop_8608	TRUE	2	3	2	2	FALSE	FALSE
loop_8609	FALSE	2	3	2	3	FALSE	FALSE
loop_8610	FALSE	3	3	3	3	TRUE	TRUE
loop_8611	TRUE	3	3	4	3	TRUE	FALSE
loop_8612	TRUE	3	3	2	4	TRUE	FALSE
loop_8613	FALSE	3	3	3	3	TRUE	TRUE
loop_8614	TRUE	3	4	3	3	FALSE	TRUE
loop_8615	FALSE	3	3	3	3	TRUE	TRUE
loop_8616	TRUE	3	4	3	3	FALSE	TRUE
loop_8617	FALSE	3	3	3	3	TRUE	TRUE
loop_8618	TRUE	3	3	3	4	TRUE	FALSE
loop_8619	TRUE	2	2	5	2	FALSE	FALSE
loop_8620	TRUE	3	3	3	1	TRUE	FALSE
loop_8621	FALSE	3	3	3	3	TRUE	TRUE
loop_8622	FALSE	2	3	2	3	FALSE	FALSE
loop_8623	FALSE	3	4	3	4	FALSE	FALSE
loop_8624	TRUE	4	4	3	3	FALSE	TRUE
loop_8625	FALSE	3	2	3	2	FALSE	FALSE
loop_8626	TRUE	3	3	2	3	TRUE	FALSE
loop_8627	TRUE	3	3	3	2	TRUE	FALSE
loop_8628	TRUE	4	2	3	3	FALSE	TRUE
loop_8629	TRUE	3	4	3	3	FALSE	TRUE
loop_8630	FALSE	3	3	3	3	TRUE	TRUE
loop_8631	TRUE	3	3	1	1	TRUE	FALSE
loop_8632	TRUE	3	4	3	3	FALSE	TRUE
loop_8633	TRUE	2	2	3	2	FALSE	FALSE
loop_8634	TRUE	2	3	3	3	FALSE	TRUE
loop_8635	FALSE	4	3	4	3	FALSE	FALSE
loop_8636	TRUE	2	3	3	4	FALSE	FALSE
loop_8637	FALSE	3	3	3	3	TRUE	TRUE
loop_8638	FALSE	3	3	3	3	TRUE	TRUE
loop_8639	TRUE	1	2	2	3	FALSE	FALSE
loop_8640	FALSE	3	3	3	3	TRUE	TRUE
loop_8641	TRUE	3	4	4	4	FALSE	FALSE
loop_8642	FALSE	3	3	3	3	TRUE	TRUE
loop_8643	FALSE	3	3	3	3	TRUE	TRUE
loop_8644	FALSE	3	3	3	3	TRUE	TRUE
loop_8645	TRUE	4	3	3	3	FALSE	TRUE
loop_8646	TRUE	2	3	2	2	FALSE	FALSE
loop_8647	TRUE	4	3	4	2	FALSE	FALSE
loop_8648	TRUE	2	3	2	2	FALSE	FALSE
loop_8649	FALSE	3	4	3	4	FALSE	FALSE
loop_8650	TRUE	4	4	5	3	FALSE	FALSE
loop_8651	FALSE	3	3	3	3	TRUE	TRUE
loop_8652	TRUE	2	3	3	3	FALSE	TRUE
loop_8653	TRUE	4	3	3	3	FALSE	TRUE
loop_8654	TRUE	3	4	3	3	FALSE	TRUE
loop_8655	TRUE	3	3	3	4	TRUE	FALSE
loop_8656	TRUE	3	3	2	3	TRUE	FALSE
loop_8657	TRUE	4	3	3	3	FALSE	TRUE
loop_8658	TRUE	4	2	3	3	FALSE	TRUE
loop_8659	FALSE	3	3	3	3	TRUE	TRUE
loop_8660	TRUE	3	3	5	3	TRUE	FALSE
loop_8661	TRUE	4	3	3	3	FALSE	TRUE
loop_8662	TRUE	4	2	5	3	FALSE	FALSE
loop_8663	TRUE	3	1	3	3	FALSE	TRUE
loop_8664	TRUE	3	3	4	5	TRUE	FALSE
loop_8665	FALSE	3	3	3	3	TRUE	TRUE
loop_8666	FALSE	3	3	3	3	TRUE	TRUE
loop_8667	TRUE	3	3	5	3	TRUE	FALSE
loop_8668	FALSE	3	3	3	3	TRUE	TRUE
loop_8669	FALSE	3	3	3	3	TRUE	TRUE
loop_8670	TRUE	3	3	4	2	TRUE	FALSE
loop_8671	TRUE	3	2	3	4	FALSE	FALSE
loop_8672	TRUE	3	3	2	3	TRUE	FALSE
loop_8673	TRUE	3	3	3	5	TRUE	FALSE
loop_8674	TRUE	3	3	4	3	TRUE	FALSE
loop_8675	TRUE	1	3	1	4	FALSE	FALSE
loop_8676	TRUE	3	4	3	3	FALSE	TRUE
loop_8677	FALSE	3	4	3	4	FALSE	FALSE
loop_8678	TRUE	3	4	3	3	FALSE	TRUE
loop_8679	TRUE	3	3	2	5	TRUE	FALSE
loop_8680	TRUE	2	2	3	3	FALSE	TRUE
loop_8681	FALSE	4	2	4	2	FALSE	FALSE
loop_8682	TRUE	1	2	3	3	FALSE	TRUE
loop_8683	TRUE	3	2	3	3	FALSE	TRUE
loop_8684	TRUE	2	4	2	3	FALSE	FALSE
loop_8685	TRUE	3	2	3	3	FALSE	TRUE
loop_8686	TRUE	2	3	3	3	FALSE	TRUE
loop_8687	FALSE	3	3	3	3	TRUE	TRUE
loop_8688	FALSE	3	3	3	3	TRUE	TRUE
loop_8689	TRUE	3	3	4	3	TRUE	FALSE
loop_8690	FALSE	3	3	3	3	TRUE	TRUE
loop_8691	FALSE	3	3	3	3	TRUE	TRUE
loop_8692	TRUE	3	3	4	3	TRUE	FALSE
loop_8693	FALSE	3	3	3	3	TRUE	TRUE
loop_8694	FALSE	3	3	3	3	TRUE	TRUE
loop_8695	FALSE	3	4	3	4	FALSE	FALSE
loop_8696	FALSE	3	3	3	3	TRUE	TRUE
loop_8697	FALSE	3	3	3	3	TRUE	TRUE
loop_8698	FALSE	3	3	3	3	TRUE	TRUE
loop_8699	FALSE	3	3	3	3	TRUE	TRUE
loop_8700	FALSE	3	3	3	3	TRUE	TRUE
loop_8701	TRUE	3	3	3	4	TRUE	FALSE
loop_8702	TRUE	3	3	5	2	TRUE	FALSE
loop_8703	FALSE	3	3	3	3	TRUE	TRUE
loop_8704	TRUE	3	3	3	4	TRUE	FALSE
loop_8705	TRUE	3	4	3	2	FALSE	FALSE
loop_8706	FALSE	3	3	3	3	TRUE	TRUE
loop_8707	TRUE	3	2	3	3	FALSE	TRUE
loop_8708	FALSE	3	3	3	3	TRUE	TRUE
loop_8709	FALSE	3	3	3	3	TRUE	TRUE
loop_8710	FALSE	3	3	3	3	TRUE	TRUE
loop_8711	TRUE	3	3	4	3	TRUE	FALSE
loop_8712	FALSE	3	2	3	2	FALSE	FALSE
loop_8713	TRUE	3	2	4	3	FALSE	FALSE
loop_8714	FALSE	3	3	3	3	TRUE	TRUE
loop_8715	FALSE	3	3	3	3	TRUE	TRUE
loop_8716	FALSE	3	3	3	3	TRUE	TRUE
loop_8717	FALSE	3	3	3	3	TRUE	TRUE
loop_8718	FALSE	3	3	3	3	TRUE	TRUE
loop_8719	FALSE	3	3	3	3	TRUE	TRUE
loop_8720	TRUE	3	2	5	2	FALSE	FALSE
loop_8721	FALSE	3	3	3	3	TRUE	TRUE
loop_8722	FALSE	3	3	3	3	TRUE	TRUE
loop_8723	FALSE	3	3	3	3	TRUE	TRUE
loop_8724	FALSE	3	5	3	5	FALSE	FALSE
loop_8725	TRUE	3	3	2	3	TRUE	FALSE
loop_8726	FALSE	3	3	3	3	TRUE	TRUE
loop_8727	FALSE	2	3	2	3	FALSE	FALSE
loop_8728	TRUE	3	4	2	4	FALSE	FALSE
loop_8729	TRUE	3	3	4	3	TRUE	FALSE
loop_8730	FALSE	3	3	3	3	TRUE	TRUE
loop_8731	FALSE	3	4	3	4	FALSE	FALSE
loop_8732	FALSE	3	2	3	2	FALSE	FALSE
loop_8733	TRUE	3	3	2	3	TRUE	FALSE
loop_8734	FALSE	3	3	3	3	TRUE	TRUE
loop_8735	FALSE	3	3	3	3	TRUE	TRUE
loop_8736	FALSE	3	3	3	3	TRUE	TRUE
loop_8737	TRUE	3	3	4	3	TRUE	FALSE
loop_8738	FALSE	3	3	3	3	TRUE	TRUE
loop_8739	FALSE	5	1	5	1	FALSE	FALSE
loop_8740	FALSE	3	3	3	3	TRUE	TRUE
loop_8741	FALSE	3	3	3	3	TRUE	TRUE
loop_8742	FALSE	2	4	2	4	FALSE	FALSE
loop_8743	TRUE	2	3	3	3	FALSE	TRUE
loop_8744	FALSE	3	3	3	3	TRUE	TRUE
loop_8745	FALSE	5	1	5	1	FALSE	FALSE
loop_8746	FALSE	3	3	3	3	TRUE	TRUE
loop_8747	FALSE	3	3	3	3	TRUE	TRUE
loop_8748	FALSE	3	4	3	4	FALSE	FALSE
loop_8749	TRUE	4	1	5	1	FALSE	FALSE
loop_8750	FALSE	3	3	3	3	TRUE	TRUE
loop_8751	FALSE	3	4	3	4	FALSE	FALSE
loop_8752	FALSE	3	3	3	3	TRUE	TRUE
loop_8753	FALSE	5	1	5	1	FALSE	FALSE
loop_8754	TRUE	3	4	4	3	FALSE	FALSE
loop_8755	TRUE	3	2	2	2	FALSE	FALSE
loop_8756	FALSE	3	3	3	3	TRUE	TRUE
loop_8757	TRUE	3	1	5	1	FALSE	FALSE
loop_8758	FALSE	3	3	3	3	TRUE	TRUE
loop_8759	TRUE	3	3	2	3	TRUE	FALSE
loop_8760	FALSE	2	3	2	3	FALSE	FALSE
loop_8761	TRUE	5	1	5	2	FALSE	FALSE
loop_8762	TRUE	3	3	2	3	TRUE	FALSE
loop_8763	FALSE	3	3	3	3	TRUE	TRUE
loop_8764	FALSE	2	3	2	3	FALSE	FALSE
loop_8765	TRUE	2	3	3	3	FALSE	TRUE
loop_8766	FALSE	3	3	3	3	TRUE	TRUE
loop_8767	TRUE	3	4	3	5	FALSE	FALSE
loop_8768	TRUE	3	4	2	5	FALSE	FALSE
loop_8769	FALSE	3	3	3	3	TRUE	TRUE
loop_8770	TRUE	2	3	3	3	FALSE	TRUE
loop_8771	TRUE	3	4	3	3	FALSE	TRUE
loop_8772	FALSE	3	3	3	3	TRUE	TRUE
loop_8773	FALSE	3	3	3	3	TRUE	TRUE
loop_8774	FALSE	3	3	3	3	TRUE	TRUE
loop_8775	TRUE	4	3	4	1	FALSE	FALSE
loop_8776	TRUE	2	3	4	1	FALSE	FALSE
loop_8777	TRUE	4	1	4	2	FALSE	FALSE
loop_8778	TRUE	5	2	5	1	FALSE	FALSE
loop_8779	TRUE	4	2	3	4	FALSE	FALSE
loop_8780	FALSE	3	3	3	3	TRUE	TRUE
loop_8781	TRUE	3	3	5	2	TRUE	FALSE
loop_8782	TRUE	4	3	3	3	FALSE	TRUE
loop_8783	TRUE	5	1	3	3	FALSE	TRUE
loop_8784	FALSE	3	2	3	2	FALSE	FALSE
loop_8785	FALSE	3	4	3	4	FALSE	FALSE
loop_8786	FALSE	3	3	3	3	TRUE	TRUE
loop_8787	FALSE	3	3	3	3	TRUE	TRUE
loop_8788	FALSE	3	3	3	3	TRUE	TRUE
loop_8789	TRUE	2	4	2	3	FALSE	FALSE
loop_8790	FALSE	3	3	3	3	TRUE	TRUE
loop_8791	FALSE	3	3	3	3	TRUE	TRUE
loop_8792	FALSE	1	2	1	2	FALSE	FALSE
loop_8793	TRUE	3	3	5	2	TRUE	FALSE
loop_8794	FALSE	3	4	3	4	FALSE	FALSE
loop_8795	FALSE	5	1	5	1	FALSE	FALSE
loop_8796	TRUE	2	3	3	3	FALSE	TRUE
loop_8797	FALSE	3	3	3	3	TRUE	TRUE
loop_8798	FALSE	3	3	3	3	TRUE	TRUE
loop_8799	TRUE	2	4	3	3	FALSE	TRUE
loop_8800	TRUE	3	3	2	2	TRUE	FALSE
loop_8801	TRUE	3	3	3	2	TRUE	FALSE
loop_8802	FALSE	3	3	3	3	TRUE	TRUE
loop_8803	TRUE	4	3	3	3	FALSE	TRUE
loop_8804	FALSE	3	3	3	3	TRUE	TRUE
loop_8805	TRUE	3	2	3	3	FALSE	TRUE
loop_8806	FALSE	3	3	3	3	TRUE	TRUE
loop_8807	TRUE	3	2	3	3	FALSE	TRUE
loop_8808	FALSE	3	3	3	3	TRUE	TRUE
loop_8809	FALSE	3	2	3	2	FALSE	FALSE
loop_8810	FALSE	3	3	3	3	TRUE	TRUE
loop_8811	TRUE	3	3	3	2	TRUE	FALSE
loop_8812	TRUE	2	4	3	3	FALSE	TRUE
loop_8813	FALSE	3	3	3	3	TRUE	TRUE
loop_8814	TRUE	3	3	3	2	TRUE	FALSE
loop_8815	FALSE	3	3	3	3	TRUE	TRUE
loop_8816	TRUE	3	3	3	4	TRUE	FALSE
loop_8817	FALSE	2	3	2	3	FALSE	FALSE
loop_8818	FALSE	3	3	3	3	TRUE	TRUE
loop_8819	TRUE	4	3	3	3	FALSE	TRUE
loop_8820	FALSE	2	3	2	3	FALSE	FALSE
loop_8821	FALSE	4	1	4	1	FALSE	FALSE
loop_8822	FALSE	3	3	3	3	TRUE	TRUE
loop_8823	FALSE	3	4	3	4	FALSE	FALSE
loop_8824	TRUE	2	3	3	3	FALSE	TRUE
loop_8825	TRUE	2	2	2	3	FALSE	FALSE
loop_8826	FALSE	3	3	3	3	TRUE	TRUE
loop_8827	FALSE	4	2	4	2	FALSE	FALSE
loop_8828	FALSE	3	3	3	3	TRUE	TRUE
loop_8829	TRUE	3	4	5	2	FALSE	FALSE
loop_8830	TRUE	4	3	3	3	FALSE	TRUE
loop_8831	TRUE	3	3	3	2	TRUE	FALSE
loop_8832	FALSE	3	3	3	3	TRUE	TRUE
loop_8833	FALSE	2	4	2	4	FALSE	FALSE
loop_8834	TRUE	3	3	1	2	TRUE	FALSE
loop_8835	TRUE	3	3	2	3	TRUE	FALSE
loop_8836	TRUE	3	2	3	3	FALSE	TRUE
loop_8837	FALSE	3	3	3	3	TRUE	TRUE
loop_8838	FALSE	3	3	3	3	TRUE	TRUE
loop_8839	TRUE	4	3	4	4	FALSE	FALSE
loop_8840	FALSE	3	3	3	3	TRUE	TRUE
loop_8841	FALSE	2	4	2	4	FALSE	FALSE
loop_8842	FALSE	3	3	3	3	TRUE	TRUE
loop_8843	TRUE	4	2	4	3	FALSE	FALSE
loop_8844	TRUE	5	4	3	3	FALSE	TRUE
loop_8845	TRUE	3	4	2	4	FALSE	FALSE
loop_8846	TRUE	4	3	3	3	FALSE	TRUE
loop_8847	TRUE	4	2	3	2	FALSE	FALSE
loop_8848	FALSE	2	3	2	3	FALSE	FALSE
loop_8849	TRUE	3	3	2	2	TRUE	FALSE
loop_8850	FALSE	5	1	5	1	FALSE	FALSE
loop_8851	TRUE	3	4	3	3	FALSE	TRUE
loop_8852	TRUE	4	3	3	3	FALSE	TRUE
loop_8853	FALSE	3	3	3	3	TRUE	TRUE
loop_8854	FALSE	3	4	3	4	FALSE	FALSE
loop_8855	FALSE	3	3	3	3	TRUE	TRUE
loop_8856	FALSE	3	3	3	3	TRUE	TRUE
loop_8857	FALSE	3	3	3	3	TRUE	TRUE
loop_8858	TRUE	2	4	3	3	FALSE	TRUE
loop_8859	FALSE	3	3	3	3	TRUE	TRUE
loop_8860	FALSE	2	2	2	2	FALSE	FALSE
loop_8861	FALSE	3	4	3	4	FALSE	FALSE
loop_8862	FALSE	3	3	3	3	TRUE	TRUE
loop_8863	TRUE	2	4	2	3	FALSE	FALSE
loop_8864	FALSE	3	3	3	3	TRUE	TRUE
loop_8865	TRUE	3	4	3	3	FALSE	TRUE
loop_8866	FALSE	3	5	3	5	FALSE	FALSE
loop_8867	TRUE	3	3	2	4	TRUE	FALSE
loop_8868	FALSE	3	3	3	3	TRUE	TRUE
loop_8869	FALSE	1	3	1	3	FALSE	FALSE
loop_8870	FALSE	3	3	3	3	TRUE	TRUE
loop_8871	TRUE	4	2	3	2	FALSE	FALSE
loop_8872	TRUE	1	3	1	4	FALSE	FALSE
loop_8873	TRUE	3	2	3	3	FALSE	TRUE
loop_8874	FALSE	3	3	3	3	TRUE	TRUE
loop_8875	FALSE	3	3	3	3	TRUE	TRUE
loop_8876	FALSE	3	3	3	3	TRUE	TRUE
loop_8877	FALSE	3	3	3	3	TRUE	TRUE
loop_8878	TRUE	3	3	4	2	TRUE	FALSE
loop_8879	FALSE	3	3	3	3	TRUE	TRUE
loop_8880	TRUE	4	3	3	3	FALSE	TRUE
loop_8881	TRUE	4	3	4	2	FALSE	FALSE
loop_8882	TRUE	3	3	2	3	TRUE	FALSE
loop_8883	TRUE	3	2	2	2	FALSE	FALSE
loop_8884	FALSE	3	3	3	3	TRUE	TRUE
loop_8885	TRUE	3	3	2	3	TRUE	FALSE
loop_8886	TRUE	2	3	3	2	FALSE	FALSE
loop_8887	FALSE	3	3	3	3	TRUE	TRUE
loop_8888	TRUE	3	3	3	2	TRUE	FALSE
loop_8889	FALSE	3	3	3	3	TRUE	TRUE
loop_8890	FALSE	3	3	3	3	TRUE	TRUE
loop_8891	TRUE	3	4	3	3	FALSE	TRUE
loop_8892	TRUE	3	4	3	3	FALSE	TRUE
loop_8893	TRUE	4	2	4	3	FALSE	FALSE
loop_8894	TRUE	4	3	4	4	FALSE	FALSE
loop_8895	TRUE	2	3	3	3	FALSE	TRUE
loop_8896	TRUE	3	3	4	3	TRUE	FALSE
loop_8897	FALSE	3	2	3	2	FALSE	FALSE
loop_8898	FALSE	3	3	3	3	TRUE	TRUE
loop_8899	TRUE	3	3	2	4	TRUE	FALSE
loop_8900	TRUE	4	3	3	3	FALSE	TRUE
loop_8901	TRUE	3	2	3	3	FALSE	TRUE
loop_8902	FALSE	5	3	5	3	FALSE	FALSE
loop_8903	TRUE	2	3	3	3	FALSE	TRUE
loop_8904	FALSE	4	3	4	3	FALSE	FALSE
loop_8905	TRUE	3	2	3	3	FALSE	TRUE
loop_8906	TRUE	3	3	3	1	TRUE	FALSE
loop_8907	TRUE	3	2	3	3	FALSE	TRUE
loop_8908	TRUE	2	2	4	2	FALSE	FALSE
loop_8909	TRUE	5	5	4	3	FALSE	FALSE
loop_8910	TRUE	3	3	2	4	TRUE	FALSE
loop_8911	TRUE	3	2	3	3	FALSE	TRUE
loop_8912	FALSE	3	3	3	3	TRUE	TRUE
loop_8913	TRUE	2	3	3	3	FALSE	TRUE
loop_8914	FALSE	3	3	3	3	TRUE	TRUE
loop_8915	TRUE	4	3	3	3	FALSE	TRUE
loop_8916	TRUE	2	3	3	2	FALSE	FALSE
loop_8917	FALSE	3	3	3	3	TRUE	TRUE
loop_8918	FALSE	3	3	3	3	TRUE	TRUE
loop_8919	TRUE	3	3	2	4	TRUE	FALSE
loop_8920	TRUE	3	3	3	4	TRUE	FALSE
loop_8921	TRUE	3	3	4	3	TRUE	FALSE
loop_8922	FALSE	3	4	3	4	FALSE	FALSE
loop_8923	TRUE	3	2	3	3	FALSE	TRUE
loop_8924	TRUE	3	2	3	1	FALSE	FALSE
loop_8925	FALSE	3	3	3	3	TRUE	TRUE
loop_8926	FALSE	3	3	3	3	TRUE	TRUE
loop_8927	FALSE	3	3	3	3	TRUE	TRUE
loop_8928	FALSE	3	3	3	3	TRUE	TRUE
loop_8929	TRUE	3	3	4	3	TRUE	FALSE
loop_8930	TRUE	2	4	2	3	FALSE	FALSE
loop_8931	FALSE	3	3	3	3	TRUE	TRUE
loop_8932	FALSE	3	3	3	3	TRUE	TRUE
loop_8933	TRUE	3	3	5	1	TRUE	FALSE
loop_8934	FALSE	4	2	4	2	FALSE	FALSE
loop_8935	FALSE	3	3	3	3	TRUE	TRUE
loop_8936	FALSE	3	3	3	3	TRUE	TRUE
loop_8937	FALSE	3	3	3	3	TRUE	TRUE
loop_8938	FALSE	3	3	3	3	TRUE	TRUE
loop_8939	FALSE	5	1	5	1	FALSE	FALSE
loop_8940	TRUE	5	2	3	3	FALSE	TRUE
loop_8941	TRUE	4	1	5	1	FALSE	FALSE
loop_8942	TRUE	3	2	3	3	FALSE	TRUE
loop_8943	FALSE	3	4	3	4	FALSE	FALSE
loop_8944	FALSE	3	3	3	3	TRUE	TRUE
loop_8945	FALSE	3	3	3	3	TRUE	TRUE
loop_8946	FALSE	3	5	3	5	FALSE	FALSE
loop_8947	FALSE	3	3	3	3	TRUE	TRUE
loop_8948	FALSE	3	3	3	3	TRUE	TRUE
loop_8949	FALSE	4	3	4	3	FALSE	FALSE
loop_8950	TRUE	2	3	3	3	FALSE	TRUE
loop_8951	FALSE	4	1	4	1	FALSE	FALSE
loop_8952	TRUE	2	4	2	5	FALSE	FALSE
loop_8953	FALSE	3	3	3	3	TRUE	TRUE
loop_8954	FALSE	5	3	5	3	FALSE	FALSE
loop_8955	FALSE	5	1	5	1	FALSE	FALSE
loop_8956	FALSE	3	3	3	3	TRUE	TRUE
loop_8957	TRUE	4	2	5	1	FALSE	FALSE
loop_8958	FALSE	3	3	3	3	TRUE	TRUE
loop_8959	FALSE	3	3	3	3	TRUE	TRUE
loop_8960	FALSE	3	3	3	3	TRUE	TRUE
loop_8961	FALSE	3	3	3	3	TRUE	TRUE
loop_8962	FALSE	3	3	3	3	TRUE	TRUE
loop_8963	TRUE	4	3	5	2	FALSE	FALSE
loop_8964	FALSE	3	3	3	3	TRUE	TRUE
loop_8965	FALSE	3	3	3	3	TRUE	TRUE
loop_8966	FALSE	2	4	2	4	FALSE	FALSE
loop_8967	TRUE	1	3	5	2	FALSE	FALSE
loop_8968	TRUE	3	4	3	3	FALSE	TRUE
loop_8969	FALSE	4	1	4	1	FALSE	FALSE
loop_8970	FALSE	3	3	3	3	TRUE	TRUE
loop_8971	TRUE	3	3	5	2	TRUE	FALSE
loop_8972	FALSE	3	4	3	4	FALSE	FALSE
loop_8973	FALSE	4	3	4	3	FALSE	FALSE
loop_8974	FALSE	4	4	4	4	FALSE	FALSE
loop_8975	FALSE	3	3	3	3	TRUE	TRUE
loop_8976	TRUE	3	3	3	5	TRUE	FALSE
loop_8977	TRUE	3	3	5	2	TRUE	FALSE
loop_8978	FALSE	3	2	3	2	FALSE	FALSE
loop_8979	TRUE	3	3	3	2	TRUE	FALSE
loop_8980	FALSE	3	3	3	3	TRUE	TRUE
loop_8981	FALSE	3	3	3	3	TRUE	TRUE
loop_8982	FALSE	3	3	3	3	TRUE	TRUE
loop_8983	TRUE	3	1	4	1	FALSE	FALSE
loop_8984	TRUE	3	3	4	2	TRUE	FALSE
loop_8985	TRUE	3	3	3	2	TRUE	FALSE
loop_8986	TRUE	3	3	3	4	TRUE	FALSE
loop_8987	FALSE	5	1	5	1	FALSE	FALSE
loop_8988	FALSE	3	3	3	3	TRUE	TRUE
loop_8989	FALSE	3	3	3	3	TRUE	TRUE
loop_8990	TRUE	4	4	3	4	FALSE	FALSE
loop_8991	FALSE	4	2	4	2	FALSE	FALSE
loop_8992	FALSE	3	3	3	3	TRUE	TRUE
loop_8993	FALSE	3	2	3	2	FALSE	FALSE
loop_8994	FALSE	3	3	3	3	TRUE	TRUE
loop_8995	FALSE	3	3	3	3	TRUE	TRUE
loop_8996	FALSE	3	3	3	3	TRUE	TRUE
loop_8997	FALSE	3	3	3	3	TRUE	TRUE
loop_8998	FALSE	3	1	3	1	FALSE	FALSE
loop_8999	FALSE	5	1	5	1	FALSE	FALSE
loop_9000	TRUE	1	3	5	2	FALSE	FALSE
loop_9001	TRUE	3	4	3	3	FALSE	TRUE
loop_9002	TRUE	4	2	3	3	FALSE	TRUE
loop_9003	FALSE	3	3	3	3	TRUE	TRUE
loop_9004	FALSE	3	3	3	3	TRUE	TRUE
loop_9005	FALSE	1	3	1	3	FALSE	FALSE
loop_9006	TRUE	4	3	3	3	FALSE	TRUE
loop_9007	FALSE	3	3	3	3	TRUE	TRUE
loop_9008	TRUE	3	5	3	3	FALSE	TRUE
loop_9009	FALSE	4	3	4	3	FALSE	FALSE
loop_9010	TRUE	3	3	4	3	TRUE	FALSE
loop_9011	FALSE	5	1	5	1	FALSE	FALSE
loop_9012	FALSE	3	3	3	3	TRUE	TRUE
loop_9013	FALSE	5	1	5	1	FALSE	FALSE
loop_9014	FALSE	2	4	2	4	FALSE	FALSE
loop_9015	TRUE	4	2	4	3	FALSE	FALSE
loop_9016	FALSE	3	3	3	3	TRUE	TRUE
loop_9017	FALSE	3	3	3	3	TRUE	TRUE
loop_9018	TRUE	2	2	3	2	FALSE	FALSE
loop_9019	FALSE	3	3	3	3	TRUE	TRUE
loop_9020	FALSE	3	2	3	2	FALSE	FALSE
loop_9021	FALSE	5	2	5	2	FALSE	FALSE
loop_9022	FALSE	3	3	3	3	TRUE	TRUE
loop_9023	FALSE	3	3	3	3	TRUE	TRUE
loop_9024	FALSE	3	3	3	3	TRUE	TRUE
loop_9025	TRUE	2	3	3	3	FALSE	TRUE
loop_9026	FALSE	3	3	3	3	TRUE	TRUE
loop_9027	TRUE	2	3	3	4	FALSE	FALSE
loop_9028	FALSE	4	3	4	3	FALSE	FALSE
loop_9029	TRUE	3	3	3	2	TRUE	FALSE
loop_9030	TRUE	2	2	3	2	FALSE	FALSE
loop_9031	FALSE	3	3	3	3	TRUE	TRUE
loop_9032	TRUE	3	3	3	5	TRUE	FALSE
loop_9033	FALSE	3	2	3	2	FALSE	FALSE
loop_9034	FALSE	3	3	3	3	TRUE	TRUE
loop_9035	FALSE	3	4	3	4	FALSE	FALSE
loop_9036	TRUE	3	3	2	4	TRUE	FALSE
loop_9037	FALSE	3	3	3	3	TRUE	TRUE
loop_9038	FALSE	3	3	3	3	TRUE	TRUE
loop_9039	FALSE	3	3	3	3	TRUE	TRUE
loop_9040	FALSE	1	4	1	4	FALSE	FALSE
loop_9041	TRUE	4	2	3	2	FALSE	FALSE
loop_9042	FALSE	2	5	2	5	FALSE	FALSE
loop_9043	FALSE	3	3	3	3	TRUE	TRUE
loop_9044	TRUE	3	4	3	3	FALSE	TRUE
loop_9045	FALSE	3	3	3	3	TRUE	TRUE
loop_9046	TRUE	3	2	3	3	FALSE	TRUE
loop_9047	TRUE	4	3	3	3	FALSE	TRUE
loop_9048	FALSE	3	3	3	3	TRUE	TRUE
loop_9049	TRUE	2	4	5	1	FALSE	FALSE
loop_9050	TRUE	3	4	2	4	FALSE	FALSE
loop_9051	TRUE	3	5	3	3	FALSE	TRUE
loop_9052	TRUE	4	5	5	1	FALSE	FALSE
loop_9053	FALSE	3	3	3	3	TRUE	TRUE
loop_9054	FALSE	3	3	3	3	TRUE	TRUE
loop_9055	FALSE	3	3	3	3	TRUE	TRUE
loop_9056	TRUE	3	3	2	4	TRUE	FALSE
loop_9057	TRUE	4	3	3	3	FALSE	TRUE
loop_9058	FALSE	3	2	3	2	FALSE	FALSE
loop_9059	FALSE	3	3	3	3	TRUE	TRUE
loop_9060	TRUE	3	3	4	3	TRUE	FALSE
loop_9061	FALSE	3	3	3	3	TRUE	TRUE
loop_9062	FALSE	3	3	3	3	TRUE	TRUE
loop_9063	FALSE	3	3	3	3	TRUE	TRUE
loop_9064	TRUE	3	3	2	3	TRUE	FALSE
loop_9065	FALSE	3	3	3	3	TRUE	TRUE
loop_9066	TRUE	2	3	3	3	FALSE	TRUE
loop_9067	TRUE	3	3	3	4	TRUE	FALSE
loop_9068	TRUE	3	3	2	3	TRUE	FALSE
loop_9069	FALSE	3	4	3	4	FALSE	FALSE
loop_9070	TRUE	3	3	2	3	TRUE	FALSE
loop_9071	FALSE	3	3	3	3	TRUE	TRUE
loop_9072	FALSE	3	3	3	3	TRUE	TRUE
loop_9073	TRUE	4	2	2	3	FALSE	FALSE
loop_9074	FALSE	3	3	3	3	TRUE	TRUE
loop_9075	TRUE	3	4	3	2	FALSE	FALSE
loop_9076	TRUE	4	3	4	2	FALSE	FALSE
loop_9077	TRUE	3	3	2	3	TRUE	FALSE
loop_9078	FALSE	3	3	3	3	TRUE	TRUE
loop_9079	TRUE	4	3	4	4	FALSE	FALSE
loop_9080	FALSE	3	2	3	2	FALSE	FALSE
loop_9081	FALSE	2	3	2	3	FALSE	FALSE
loop_9082	FALSE	3	2	3	2	FALSE	FALSE
loop_9083	FALSE	3	3	3	3	TRUE	TRUE
loop_9084	TRUE	3	4	3	3	FALSE	TRUE
loop_9085	TRUE	3	2	2	3	FALSE	FALSE
loop_9086	TRUE	4	3	5	3	FALSE	FALSE
loop_9087	FALSE	3	3	3	3	TRUE	TRUE
loop_9088	FALSE	3	3	3	3	TRUE	TRUE
loop_9089	FALSE	3	3	3	3	TRUE	TRUE
loop_9090	TRUE	3	2	3	3	FALSE	TRUE
loop_9091	FALSE	3	3	3	3	TRUE	TRUE
loop_9092	FALSE	3	4	3	4	FALSE	FALSE
loop_9093	FALSE	4	3	4	3	FALSE	FALSE
loop_9094	TRUE	3	3	3	2	TRUE	FALSE
loop_9095	FALSE	3	3	3	3	TRUE	TRUE
loop_9096	TRUE	4	3	3	3	FALSE	TRUE
loop_9097	TRUE	3	2	3	3	FALSE	TRUE
loop_9098	FALSE	3	3	3	3	TRUE	TRUE
loop_9099	FALSE	3	3	3	3	TRUE	TRUE
loop_9100	FALSE	3	3	3	3	TRUE	TRUE
loop_9101	TRUE	3	2	3	3	FALSE	TRUE
loop_9102	FALSE	3	2	3	2	FALSE	FALSE
loop_9103	FALSE	3	3	3	3	TRUE	TRUE
loop_9104	TRUE	3	3	3	2	TRUE	FALSE
loop_9105	FALSE	3	3	3	3	TRUE	TRUE
loop_9106	TRUE	3	3	2	3	TRUE	FALSE
loop_9107	TRUE	5	5	3	3	FALSE	TRUE
loop_9108	FALSE	3	3	3	3	TRUE	TRUE
loop_9109	TRUE	3	3	2	3	TRUE	FALSE
loop_9110	TRUE	3	3	3	2	TRUE	FALSE
loop_9111	FALSE	3	3	3	3	TRUE	TRUE
loop_9112	TRUE	3	4	3	5	FALSE	FALSE
loop_9113	FALSE	3	3	3	3	TRUE	TRUE
loop_9114	FALSE	3	3	3	3	TRUE	TRUE
loop_9115	FALSE	3	3	3	3	TRUE	TRUE
loop_9116	FALSE	3	2	3	2	FALSE	FALSE
loop_9117	FALSE	3	3	3	3	TRUE	TRUE
loop_9118	FALSE	4	3	4	3	FALSE	FALSE
loop_9119	TRUE	2	5	3	4	FALSE	FALSE
loop_9120	TRUE	2	3	3	3	FALSE	TRUE
loop_9121	FALSE	3	3	3	3	TRUE	TRUE
loop_9122	FALSE	2	4	2	4	FALSE	FALSE
loop_9123	FALSE	3	3	3	3	TRUE	TRUE
loop_9124	TRUE	3	3	3	4	TRUE	FALSE
loop_9125	TRUE	3	2	4	3	FALSE	FALSE
loop_9126	FALSE	3	3	3	3	TRUE	TRUE
loop_9127	FALSE	4	3	4	3	FALSE	FALSE
loop_9128	TRUE	5	5	2	4	FALSE	FALSE
loop_9129	FALSE	3	4	3	4	FALSE	FALSE
loop_9130	TRUE	2	3	1	3	FALSE	FALSE
loop_9131	TRUE	5	4	2	5	FALSE	FALSE
loop_9132	FALSE	3	3	3	3	TRUE	TRUE
loop_9133	TRUE	3	5	3	3	FALSE	TRUE
loop_9134	TRUE	3	3	1	3	TRUE	FALSE
loop_9135	TRUE	2	5	3	3	FALSE	TRUE
loop_9136	FALSE	3	3	3	3	TRUE	TRUE
loop_9137	TRUE	2	3	3	3	FALSE	TRUE
loop_9138	TRUE	4	3	3	3	FALSE	TRUE
loop_9139	TRUE	3	3	4	4	TRUE	FALSE
loop_9140	TRUE	2	3	2	2	FALSE	FALSE
loop_9141	TRUE	3	3	3	2	TRUE	FALSE
loop_9142	TRUE	3	3	4	3	TRUE	FALSE
loop_9143	TRUE	2	2	3	2	FALSE	FALSE
loop_9144	FALSE	3	4	3	4	FALSE	FALSE
loop_9145	TRUE	3	3	1	4	TRUE	FALSE
loop_9146	FALSE	3	3	3	3	TRUE	TRUE
loop_9147	FALSE	3	3	3	3	TRUE	TRUE
loop_9148	TRUE	1	1	3	3	FALSE	TRUE
loop_9149	FALSE	3	3	3	3	TRUE	TRUE
loop_9150	TRUE	3	3	4	3	TRUE	FALSE
loop_9151	TRUE	4	3	5	2	FALSE	FALSE
loop_9152	TRUE	3	3	3	4	TRUE	FALSE
loop_9153	TRUE	3	2	3	3	FALSE	TRUE
loop_9154	TRUE	3	2	3	3	FALSE	TRUE
loop_9155	FALSE	3	3	3	3	TRUE	TRUE
loop_9156	TRUE	3	3	3	4	TRUE	FALSE
loop_9157	FALSE	3	3	3	3	TRUE	TRUE
loop_9158	TRUE	5	4	4	3	FALSE	FALSE
loop_9159	FALSE	3	3	3	3	TRUE	TRUE
loop_9160	TRUE	3	2	3	3	FALSE	TRUE
loop_9161	TRUE	4	4	3	3	FALSE	TRUE
loop_9162	TRUE	2	3	3	2	FALSE	FALSE
loop_9163	TRUE	4	3	3	3	FALSE	TRUE
loop_9164	TRUE	3	5	3	3	FALSE	TRUE
loop_9165	TRUE	3	3	4	3	TRUE	FALSE
loop_9166	TRUE	3	3	3	1	TRUE	FALSE
loop_9167	TRUE	3	3	3	2	TRUE	FALSE
loop_9168	FALSE	3	3	3	3	TRUE	TRUE
loop_9169	TRUE	3	3	2	3	TRUE	FALSE
loop_9170	FALSE	5	1	5	1	FALSE	FALSE
loop_9171	TRUE	3	3	3	4	TRUE	FALSE
loop_9172	FALSE	3	3	3	3	TRUE	TRUE
loop_9173	FALSE	3	4	3	4	FALSE	FALSE
loop_9174	FALSE	3	3	3	3	TRUE	TRUE
loop_9175	FALSE	5	1	5	1	FALSE	FALSE
loop_9176	FALSE	3	3	3	3	TRUE	TRUE
loop_9177	FALSE	3	3	3	3	TRUE	TRUE
loop_9178	FALSE	3	3	3	3	TRUE	TRUE
loop_9179	TRUE	2	3	3	3	FALSE	TRUE
loop_9180	FALSE	5	1	5	1	FALSE	FALSE
loop_9181	FALSE	3	3	3	3	TRUE	TRUE
loop_9182	TRUE	3	3	4	3	TRUE	FALSE
loop_9183	FALSE	4	3	4	3	FALSE	FALSE
loop_9184	FALSE	3	3	3	3	TRUE	TRUE
loop_9185	FALSE	3	3	3	3	TRUE	TRUE
loop_9186	TRUE	2	3	3	3	FALSE	TRUE
loop_9187	TRUE	4	3	2	4	FALSE	FALSE
loop_9188	FALSE	3	3	3	3	TRUE	TRUE
loop_9189	FALSE	4	3	4	3	FALSE	FALSE
loop_9190	TRUE	3	3	2	3	TRUE	FALSE
loop_9191	FALSE	3	3	3	3	TRUE	TRUE
loop_9192	FALSE	4	3	4	3	FALSE	FALSE
loop_9193	FALSE	3	2	3	2	FALSE	FALSE
loop_9194	FALSE	4	3	4	3	FALSE	FALSE
loop_9195	FALSE	3	3	3	3	TRUE	TRUE
loop_9196	TRUE	3	3	5	1	TRUE	FALSE
loop_9197	TRUE	2	3	3	3	FALSE	TRUE
loop_9198	TRUE	3	3	4	3	TRUE	FALSE
loop_9199	FALSE	3	3	3	3	TRUE	TRUE
loop_9200	FALSE	3	3	3	3	TRUE	TRUE
loop_9201	FALSE	3	3	3	3	TRUE	TRUE
loop_9202	TRUE	3	2	4	2	FALSE	FALSE
loop_9203	TRUE	3	1	3	3	FALSE	TRUE
loop_9204	FALSE	3	3	3	3	TRUE	TRUE
loop_9205	TRUE	4	2	3	3	FALSE	TRUE
loop_9206	TRUE	3	3	3	2	TRUE	FALSE
loop_9207	FALSE	3	3	3	3	TRUE	TRUE
loop_9208	FALSE	5	3	5	3	FALSE	FALSE
loop_9209	FALSE	3	3	3	3	TRUE	TRUE
loop_9210	FALSE	3	3	3	3	TRUE	TRUE
loop_9211	FALSE	3	3	3	3	TRUE	TRUE
loop_9212	TRUE	2	2	2	5	FALSE	FALSE
loop_9213	FALSE	3	2	3	2	FALSE	FALSE
loop_9214	FALSE	3	3	3	3	TRUE	TRUE
loop_9215	TRUE	3	3	2	3	TRUE	FALSE
loop_9216	TRUE	4	5	5	1	FALSE	FALSE
loop_9217	FALSE	3	3	3	3	TRUE	TRUE
loop_9218	TRUE	3	3	5	1	TRUE	FALSE
loop_9219	TRUE	3	3	3	4	TRUE	FALSE
loop_9220	TRUE	3	3	5	2	TRUE	FALSE
loop_9221	FALSE	3	3	3	3	TRUE	TRUE
loop_9222	FALSE	3	3	3	3	TRUE	TRUE
loop_9223	FALSE	3	3	3	3	TRUE	TRUE
loop_9224	FALSE	4	2	4	2	FALSE	FALSE
loop_9225	FALSE	3	3	3	3	TRUE	TRUE
loop_9226	FALSE	3	3	3	3	TRUE	TRUE
loop_9227	TRUE	3	2	3	3	FALSE	TRUE
loop_9228	FALSE	4	3	4	3	FALSE	FALSE
loop_9229	FALSE	3	3	3	3	TRUE	TRUE
loop_9230	FALSE	3	3	3	3	TRUE	TRUE
loop_9231	FALSE	3	3	3	3	TRUE	TRUE
loop_9232	FALSE	3	3	3	3	TRUE	TRUE
loop_9233	FALSE	3	3	3	3	TRUE	TRUE
loop_9234	FALSE	5	1	5	1	FALSE	FALSE
loop_9235	FALSE	2	3	2	3	FALSE	FALSE
loop_9236	TRUE	3	5	1	4	FALSE	FALSE
loop_9237	TRUE	3	4	3	3	FALSE	TRUE
loop_9238	TRUE	3	3	5	3	TRUE	FALSE
loop_9239	FALSE	3	3	3	3	TRUE	TRUE
loop_9240	TRUE	3	5	4	4	FALSE	FALSE
loop_9241	TRUE	3	3	3	2	TRUE	FALSE
loop_9242	FALSE	2	4	2	4	FALSE	FALSE
loop_9243	TRUE	4	3	3	3	FALSE	TRUE
loop_9244	FALSE	3	3	3	3	TRUE	TRUE
loop_9245	FALSE	4	1	4	1	FALSE	FALSE
loop_9246	FALSE	3	2	3	2	FALSE	FALSE
loop_9247	TRUE	4	3	3	3	FALSE	TRUE
loop_9248	TRUE	4	4	3	4	FALSE	FALSE
loop_9249	FALSE	5	4	5	4	FALSE	FALSE
loop_9250	FALSE	3	3	3	3	TRUE	TRUE
loop_9251	FALSE	3	3	3	3	TRUE	TRUE
loop_9252	TRUE	4	1	3	3	FALSE	TRUE
loop_9253	FALSE	3	3	3	3	TRUE	TRUE
loop_9254	TRUE	3	2	4	3	FALSE	FALSE
loop_9255	TRUE	3	4	3	3	FALSE	TRUE
loop_9256	TRUE	2	4	3	3	FALSE	TRUE
loop_9257	FALSE	5	1	5	1	FALSE	FALSE
loop_9258	TRUE	3	3	2	2	TRUE	FALSE
loop_9259	FALSE	2	3	2	3	FALSE	FALSE
loop_9260	FALSE	4	3	4	3	FALSE	FALSE
loop_9261	FALSE	3	3	3	3	TRUE	TRUE
loop_9262	FALSE	3	3	3	3	TRUE	TRUE
loop_9263	FALSE	3	2	3	2	FALSE	FALSE
loop_9264	FALSE	3	3	3	3	TRUE	TRUE
loop_9265	FALSE	5	1	5	1	FALSE	FALSE
loop_9266	FALSE	3	3	3	3	TRUE	TRUE
loop_9267	TRUE	2	3	3	3	FALSE	TRUE
loop_9268	TRUE	3	3	2	3	TRUE	FALSE
loop_9269	FALSE	3	3	3	3	TRUE	TRUE
loop_9270	FALSE	3	3	3	3	TRUE	TRUE
loop_9271	TRUE	3	3	3	4	TRUE	FALSE
loop_9272	TRUE	3	2	3	3	FALSE	TRUE
loop_9273	TRUE	4	1	4	2	FALSE	FALSE
loop_9274	TRUE	4	3	3	3	FALSE	TRUE
loop_9275	TRUE	5	1	3	3	FALSE	TRUE
loop_9276	TRUE	3	4	3	3	FALSE	TRUE
loop_9277	FALSE	3	3	3	3	TRUE	TRUE
loop_9278	FALSE	3	3	3	3	TRUE	TRUE
loop_9279	TRUE	5	5	3	3	FALSE	TRUE
loop_9280	FALSE	4	3	4	3	FALSE	FALSE
loop_9281	FALSE	3	3	3	3	TRUE	TRUE
loop_9282	FALSE	3	3	3	3	TRUE	TRUE
loop_9283	FALSE	3	3	3	3	TRUE	TRUE
loop_9284	TRUE	2	2	2	3	FALSE	FALSE
loop_9285	FALSE	3	3	3	3	TRUE	TRUE
loop_9286	TRUE	4	2	5	1	FALSE	FALSE
loop_9287	TRUE	4	1	2	3	FALSE	FALSE
loop_9288	TRUE	3	4	3	3	FALSE	TRUE
loop_9289	FALSE	2	4	2	4	FALSE	FALSE
loop_9290	FALSE	3	3	3	3	TRUE	TRUE
loop_9291	TRUE	3	4	3	3	FALSE	TRUE
loop_9292	FALSE	3	3	3	3	TRUE	TRUE
loop_9293	TRUE	3	4	3	3	FALSE	TRUE
loop_9294	TRUE	2	1	2	2	FALSE	FALSE
loop_9295	TRUE	5	4	4	5	FALSE	FALSE
loop_9296	TRUE	4	3	5	3	FALSE	FALSE
loop_9297	FALSE	3	3	3	3	TRUE	TRUE
loop_9298	FALSE	3	4	3	4	FALSE	FALSE
loop_9299	TRUE	5	3	3	3	FALSE	TRUE
loop_9300	FALSE	3	3	3	3	TRUE	TRUE
loop_9301	FALSE	2	3	2	3	FALSE	FALSE
loop_9302	FALSE	3	2	3	2	FALSE	FALSE
loop_9303	FALSE	3	3	3	3	TRUE	TRUE
loop_9304	TRUE	4	1	4	3	FALSE	FALSE
loop_9305	FALSE	3	3	3	3	TRUE	TRUE
loop_9306	FALSE	3	3	3	3	TRUE	TRUE
loop_9307	FALSE	3	3	3	3	TRUE	TRUE
loop_9308	FALSE	3	3	3	3	TRUE	TRUE
loop_9309	TRUE	3	2	3	3	FALSE	TRUE
loop_9310	TRUE	4	3	3	3	FALSE	TRUE
loop_9311	FALSE	4	3	4	3	FALSE	FALSE
loop_9312	FALSE	3	2	3	2	FALSE	FALSE
loop_9313	FALSE	3	3	3	3	TRUE	TRUE
loop_9314	TRUE	4	3	4	2	FALSE	FALSE
loop_9315	FALSE	2	4	2	4	FALSE	FALSE
loop_9316	TRUE	5	2	3	3	FALSE	TRUE
loop_9317	FALSE	4	3	4	3	FALSE	FALSE
loop_9318	FALSE	3	3	3	3	TRUE	TRUE
loop_9319	TRUE	3	4	3	3	FALSE	TRUE
loop_9320	FALSE	3	3	3	3	TRUE	TRUE
loop_9321	FALSE	3	3	3	3	TRUE	TRUE
loop_9322	TRUE	5	2	3	2	FALSE	FALSE
loop_9323	FALSE	2	3	2	3	FALSE	FALSE
loop_9324	TRUE	3	4	4	4	FALSE	FALSE
loop_9325	FALSE	3	3	3	3	TRUE	TRUE
loop_9326	TRUE	4	3	3	3	FALSE	TRUE
loop_9327	TRUE	3	3	2	3	TRUE	FALSE
loop_9328	FALSE	3	3	3	3	TRUE	TRUE
loop_9329	TRUE	3	2	3	3	FALSE	TRUE
loop_9330	FALSE	3	2	3	2	FALSE	FALSE
loop_9331	TRUE	2	4	3	3	FALSE	TRUE
loop_9332	FALSE	3	3	3	3	TRUE	TRUE
loop_9333	FALSE	3	3	3	3	TRUE	TRUE
loop_9334	FALSE	2	3	2	3	FALSE	FALSE
loop_9335	TRUE	4	3	3	3	FALSE	TRUE
loop_9336	TRUE	3	3	2	3	TRUE	FALSE
loop_9337	TRUE	1	3	3	2	FALSE	FALSE
loop_9338	TRUE	3	3	4	4	TRUE	FALSE
loop_9339	TRUE	2	3	3	3	FALSE	TRUE
loop_9340	TRUE	3	5	4	4	FALSE	FALSE
loop_9341	TRUE	2	3	3	3	FALSE	TRUE
loop_9342	TRUE	2	3	2	5	FALSE	FALSE
loop_9343	TRUE	3	3	4	3	TRUE	FALSE
loop_9344	TRUE	3	3	2	3	TRUE	FALSE
loop_9345	TRUE	3	2	4	2	FALSE	FALSE
loop_9346	FALSE	4	4	4	4	FALSE	FALSE
loop_9347	TRUE	3	3	3	4	TRUE	FALSE
loop_9348	TRUE	3	2	3	3	FALSE	TRUE
loop_9349	TRUE	3	2	3	3	FALSE	TRUE
loop_9350	FALSE	3	3	3	3	TRUE	TRUE
loop_9351	FALSE	3	3	3	3	TRUE	TRUE
loop_9352	FALSE	3	3	3	3	TRUE	TRUE
loop_9353	FALSE	4	4	4	4	FALSE	FALSE
loop_9354	TRUE	3	1	3	2	FALSE	FALSE
loop_9355	TRUE	3	4	3	3	FALSE	TRUE
loop_9356	FALSE	3	2	3	2	FALSE	FALSE
loop_9357	TRUE	1	3	1	2	FALSE	FALSE
loop_9358	FALSE	3	3	3	3	TRUE	TRUE
loop_9359	FALSE	3	3	3	3	TRUE	TRUE
loop_9360	TRUE	4	3	4	2	FALSE	FALSE
loop_9361	TRUE	4	4	3	3	FALSE	TRUE
loop_9362	FALSE	3	3	3	3	TRUE	TRUE
loop_9363	TRUE	3	2	3	3	FALSE	TRUE
loop_9364	FALSE	5	1	5	1	FALSE	FALSE
loop_9365	FALSE	3	3	3	3	TRUE	TRUE
loop_9366	FALSE	3	3	3	3	TRUE	TRUE
loop_9367	FALSE	3	3	3	3	TRUE	TRUE
loop_9368	FALSE	3	3	3	3	TRUE	TRUE
loop_9369	TRUE	3	3	2	3	TRUE	FALSE
loop_9370	TRUE	4	3	5	2	FALSE	FALSE
loop_9371	FALSE	2	3	2	3	FALSE	FALSE
loop_9372	FALSE	3	3	3	3	TRUE	TRUE
loop_9373	FALSE	3	3	3	3	TRUE	TRUE
loop_9374	TRUE	3	3	4	3	TRUE	FALSE
loop_9375	TRUE	2	4	3	3	FALSE	TRUE
loop_9376	FALSE	3	3	3	3	TRUE	TRUE
loop_9377	FALSE	4	2	4	2	FALSE	FALSE
loop_9378	FALSE	3	3	3	3	TRUE	TRUE
loop_9379	FALSE	3	3	3	3	TRUE	TRUE
loop_9380	TRUE	5	2	3	3	FALSE	TRUE
loop_9381	FALSE	3	3	3	3	TRUE	TRUE
loop_9382	TRUE	1	5	2	4	FALSE	FALSE
loop_9383	FALSE	5	3	5	3	FALSE	FALSE
loop_9384	TRUE	3	3	3	1	TRUE	FALSE
loop_9385	FALSE	3	3	3	3	TRUE	TRUE
loop_9386	FALSE	3	3	3	3	TRUE	TRUE
loop_9387	FALSE	3	3	3	3	TRUE	TRUE
loop_9388	FALSE	3	3	3	3	TRUE	TRUE
loop_9389	FALSE	3	3	3	3	TRUE	TRUE
loop_9390	FALSE	4	3	4	3	FALSE	FALSE
loop_9391	FALSE	3	3	3	3	TRUE	TRUE
loop_9392	TRUE	3	3	3	4	TRUE	FALSE
loop_9393	TRUE	3	3	2	4	TRUE	FALSE
loop_9394	TRUE	3	3	3	4	TRUE	FALSE
loop_9395	TRUE	3	2	3	3	FALSE	TRUE
loop_9396	FALSE	2	3	2	3	FALSE	FALSE
loop_9397	FALSE	3	3	3	3	TRUE	TRUE
loop_9398	FALSE	3	3	3	3	TRUE	TRUE
loop_9399	TRUE	3	2	3	3	FALSE	TRUE
loop_9400	TRUE	3	5	4	2	FALSE	FALSE
loop_9401	TRUE	3	2	5	1	FALSE	FALSE
loop_9402	FALSE	3	3	3	3	TRUE	TRUE
loop_9403	TRUE	3	2	3	3	FALSE	TRUE
loop_9404	TRUE	4	3	3	3	FALSE	TRUE
loop_9405	FALSE	3	4	3	4	FALSE	FALSE
loop_9406	TRUE	3	3	2	2	TRUE	FALSE
loop_9407	TRUE	4	2	3	3	FALSE	TRUE
loop_9408	FALSE	3	3	3	3	TRUE	TRUE
loop_9409	TRUE	2	3	3	2	FALSE	FALSE
loop_9410	FALSE	3	3	3	3	TRUE	TRUE
loop_9411	FALSE	3	2	3	2	FALSE	FALSE
loop_9412	FALSE	3	3	3	3	TRUE	TRUE
loop_9413	TRUE	3	3	3	4	TRUE	FALSE
loop_9414	FALSE	5	1	5	1	FALSE	FALSE
loop_9415	TRUE	2	2	2	1	FALSE	FALSE
loop_9416	FALSE	3	3	3	3	TRUE	TRUE
loop_9417	FALSE	3	3	3	3	TRUE	TRUE
loop_9418	FALSE	3	3	3	3	TRUE	TRUE
loop_9419	TRUE	3	3	3	2	TRUE	FALSE
loop_9420	TRUE	3	2	4	2	FALSE	FALSE
loop_9421	FALSE	5	2	5	2	FALSE	FALSE
loop_9422	FALSE	3	4	3	4	FALSE	FALSE
loop_9423	FALSE	4	3	4	3	FALSE	FALSE
loop_9424	FALSE	3	3	3	3	TRUE	TRUE
loop_9425	FALSE	5	1	5	1	FALSE	FALSE
loop_9426	FALSE	5	1	5	1	FALSE	FALSE
loop_9427	FALSE	3	3	3	3	TRUE	TRUE
loop_9428	FALSE	3	3	3	3	TRUE	TRUE
loop_9429	FALSE	5	1	5	1	FALSE	FALSE
loop_9430	FALSE	3	3	3	3	TRUE	TRUE
loop_9431	TRUE	3	3	4	3	TRUE	FALSE
loop_9432	TRUE	2	3	3	3	FALSE	TRUE
loop_9433	TRUE	4	3	4	4	FALSE	FALSE
loop_9434	TRUE	2	3	2	2	FALSE	FALSE
loop_9435	FALSE	3	3	3	3	TRUE	TRUE
loop_9436	FALSE	3	3	3	3	TRUE	TRUE
loop_9437	TRUE	5	3	4	3	FALSE	FALSE
loop_9438	TRUE	3	3	3	4	TRUE	FALSE
loop_9439	FALSE	3	3	3	3	TRUE	TRUE
loop_9440	FALSE	3	3	3	3	TRUE	TRUE
loop_9441	FALSE	3	3	3	3	TRUE	TRUE
loop_9442	FALSE	3	3	3	3	TRUE	TRUE
loop_9443	FALSE	3	3	3	3	TRUE	TRUE
loop_9444	TRUE	2	3	3	3	FALSE	TRUE
loop_9445	FALSE	2	3	2	3	FALSE	FALSE
loop_9446	FALSE	4	3	4	3	FALSE	FALSE
loop_9447	FALSE	3	3	3	3	TRUE	TRUE
loop_9448	FALSE	1	3	1	3	FALSE	FALSE
loop_9449	TRUE	3	3	5	1	TRUE	FALSE
loop_9450	FALSE	2	3	2	3	FALSE	FALSE
loop_9451	FALSE	4	2	4	2	FALSE	FALSE
loop_9452	TRUE	5	1	4	1	FALSE	FALSE
loop_9453	FALSE	3	3	3	3	TRUE	TRUE
loop_9454	TRUE	3	3	4	3	TRUE	FALSE
loop_9455	TRUE	3	4	3	3	FALSE	TRUE
loop_9456	FALSE	3	3	3	3	TRUE	TRUE
loop_9457	TRUE	2	3	3	3	FALSE	TRUE
loop_9458	FALSE	2	3	2	3	FALSE	FALSE
loop_9459	TRUE	3	3	5	2	TRUE	FALSE
loop_9460	TRUE	3	3	2	3	TRUE	FALSE
loop_9461	TRUE	3	3	4	3	TRUE	FALSE
loop_9462	FALSE	3	3	3	3	TRUE	TRUE
loop_9463	FALSE	3	3	3	3	TRUE	TRUE
loop_9464	FALSE	3	3	3	3	TRUE	TRUE
loop_9465	FALSE	4	3	4	3	FALSE	FALSE
loop_9466	FALSE	2	3	2	3	FALSE	FALSE
loop_9467	TRUE	4	4	2	5	FALSE	FALSE
loop_9468	TRUE	3	2	4	2	FALSE	FALSE
loop_9469	FALSE	3	3	3	3	TRUE	TRUE
loop_9470	FALSE	3	3	3	3	TRUE	TRUE
loop_9471	TRUE	3	2	3	3	FALSE	TRUE
loop_9472	FALSE	5	1	5	1	FALSE	FALSE
loop_9473	TRUE	5	2	5	1	FALSE	FALSE
loop_9474	FALSE	5	1	5	1	FALSE	FALSE
loop_9475	TRUE	5	1	4	1	FALSE	FALSE
loop_9476	TRUE	3	3	3	4	TRUE	FALSE
loop_9477	TRUE	5	3	4	3	FALSE	FALSE
loop_9478	TRUE	3	4	2	3	FALSE	FALSE
loop_9479	FALSE	4	1	4	1	FALSE	FALSE
loop_9480	TRUE	4	2	3	3	FALSE	TRUE
loop_9481	FALSE	3	3	3	3	TRUE	TRUE
loop_9482	FALSE	3	3	3	3	TRUE	TRUE
loop_9483	FALSE	3	3	3	3	TRUE	TRUE
loop_9484	FALSE	3	3	3	3	TRUE	TRUE
loop_9485	FALSE	3	3	3	3	TRUE	TRUE
loop_9486	FALSE	3	4	3	4	FALSE	FALSE
loop_9487	TRUE	3	3	3	4	TRUE	FALSE
loop_9488	FALSE	5	3	5	3	FALSE	FALSE
loop_9489	FALSE	3	2	3	2	FALSE	FALSE
loop_9490	TRUE	3	3	4	3	TRUE	FALSE
loop_9491	TRUE	4	3	4	4	FALSE	FALSE
loop_9492	TRUE	4	4	4	3	FALSE	FALSE
loop_9493	TRUE	3	4	5	2	FALSE	FALSE
loop_9494	TRUE	2	3	3	3	FALSE	TRUE
loop_9495	FALSE	3	3	3	3	TRUE	TRUE
loop_9496	FALSE	2	3	2	3	FALSE	FALSE
loop_9497	FALSE	3	3	3	3	TRUE	TRUE
loop_9498	TRUE	1	4	2	5	FALSE	FALSE
loop_9499	TRUE	3	4	2	5	FALSE	FALSE
loop_9500	FALSE	3	3	3	3	TRUE	TRUE
loop_9501	FALSE	3	3	3	3	TRUE	TRUE
loop_9502	TRUE	5	2	3	3	FALSE	TRUE
loop_9503	FALSE	4	3	4	3	FALSE	FALSE
loop_9504	TRUE	3	4	3	3	FALSE	TRUE
loop_9505	TRUE	3	2	3	3	FALSE	TRUE
loop_9506	TRUE	2	5	1	5	FALSE	FALSE
loop_9507	FALSE	4	3	4	3	FALSE	FALSE
loop_9508	FALSE	3	3	3	3	TRUE	TRUE
loop_9509	FALSE	3	3	3	3	TRUE	TRUE
loop_9510	FALSE	3	3	3	3	TRUE	TRUE
loop_9511	FALSE	3	3	3	3	TRUE	TRUE
loop_9512	TRUE	3	3	2	3	TRUE	FALSE
loop_9513	FALSE	3	3	3	3	TRUE	TRUE
loop_9514	FALSE	3	3	3	3	TRUE	TRUE
loop_9515	FALSE	3	3	3	3	TRUE	TRUE
loop_9516	FALSE	3	3	3	3	TRUE	TRUE
loop_9517	TRUE	1	3	3	3	FALSE	TRUE
loop_9518	TRUE	3	3	4	4	TRUE	FALSE
loop_9519	FALSE	3	2	3	2	FALSE	FALSE
loop_9520	TRUE	3	3	2	4	TRUE	FALSE
loop_9521	FALSE	3	3	3	3	TRUE	TRUE
loop_9522	FALSE	3	3	3	3	TRUE	TRUE
loop_9523	TRUE	3	2	3	3	FALSE	TRUE
loop_9524	TRUE	3	3	3	1	TRUE	FALSE
loop_9525	FALSE	3	3	3	3	TRUE	TRUE
loop_9526	FALSE	3	2	3	2	FALSE	FALSE
loop_9527	FALSE	3	3	3	3	TRUE	TRUE
loop_9528	FALSE	3	4	3	4	FALSE	FALSE
loop_9529	TRUE	5	1	3	3	FALSE	TRUE
loop_9530	TRUE	3	3	3	4	TRUE	FALSE
loop_9531	TRUE	4	4	4	3	FALSE	FALSE
loop_9532	FALSE	5	4	5	4	FALSE	FALSE
loop_9533	TRUE	3	3	3	4	TRUE	FALSE
loop_9534	FALSE	3	3	3	3	TRUE	TRUE
loop_9535	TRUE	2	3	3	3	FALSE	TRUE
loop_9536	FALSE	3	3	3	3	TRUE	TRUE
loop_9537	FALSE	3	3	3	3	TRUE	TRUE
loop_9538	FALSE	3	2	3	2	FALSE	FALSE
loop_9539	TRUE	3	5	3	3	FALSE	TRUE
loop_9540	FALSE	3	3	3	3	TRUE	TRUE
loop_9541	FALSE	3	2	3	2	FALSE	FALSE
loop_9542	FALSE	3	3	3	3	TRUE	TRUE
loop_9543	TRUE	3	3	2	3	TRUE	FALSE
loop_9544	TRUE	2	3	3	3	FALSE	TRUE
loop_9545	FALSE	3	3	3	3	TRUE	TRUE
loop_9546	FALSE	4	3	4	3	FALSE	FALSE
loop_9547	TRUE	3	3	3	4	TRUE	FALSE
loop_9548	TRUE	4	3	3	4	FALSE	FALSE
loop_9549	TRUE	1	3	3	3	FALSE	TRUE
loop_9550	TRUE	3	4	3	3	FALSE	TRUE
loop_9551	FALSE	3	3	3	3	TRUE	TRUE
loop_9552	TRUE	3	3	3	2	TRUE	FALSE
loop_9553	FALSE	3	3	3	3	TRUE	TRUE
loop_9554	TRUE	2	3	3	3	FALSE	TRUE
loop_9555	TRUE	3	4	3	5	FALSE	FALSE
loop_9556	FALSE	3	3	3	3	TRUE	TRUE
loop_9557	TRUE	3	3	3	4	TRUE	FALSE
loop_9558	TRUE	3	1	3	3	FALSE	TRUE
loop_9559	FALSE	3	3	3	3	TRUE	TRUE
loop_9560	FALSE	3	3	3	3	TRUE	TRUE
loop_9561	TRUE	3	4	3	3	FALSE	TRUE
loop_9562	FALSE	3	3	3	3	TRUE	TRUE
loop_9563	TRUE	2	4	3	3	FALSE	TRUE
loop_9564	TRUE	4	3	3	5	FALSE	FALSE
loop_9565	TRUE	4	4	3	3	FALSE	TRUE
loop_9566	TRUE	3	3	1	3	TRUE	FALSE
loop_9567	TRUE	3	2	4	3	FALSE	FALSE
loop_9568	TRUE	3	3	3	2	TRUE	FALSE
loop_9569	FALSE	3	3	3	3	TRUE	TRUE
loop_9570	TRUE	3	1	3	3	FALSE	TRUE
loop_9571	FALSE	2	2	2	2	FALSE	FALSE
loop_9572	TRUE	3	5	4	5	FALSE	FALSE
loop_9573	FALSE	3	3	3	3	TRUE	TRUE
loop_9574	FALSE	3	4	3	4	FALSE	FALSE
loop_9575	TRUE	4	3	3	3	FALSE	TRUE
loop_9576	FALSE	3	3	3	3	TRUE	TRUE
loop_9577	TRUE	3	3	3	4	TRUE	FALSE
loop_9578	FALSE	3	3	3	3	TRUE	TRUE
loop_9579	FALSE	3	3	3	3	TRUE	TRUE
loop_9580	TRUE	3	4	4	2	FALSE	FALSE
loop_9581	FALSE	3	2	3	2	FALSE	FALSE
loop_9582	FALSE	3	3	3	3	TRUE	TRUE
loop_9583	TRUE	3	3	2	4	TRUE	FALSE
loop_9584	FALSE	3	3	3	3	TRUE	TRUE
loop_9585	FALSE	3	3	3	3	TRUE	TRUE
loop_9586	FALSE	3	3	3	3	TRUE	TRUE
loop_9587	FALSE	3	3	3	3	TRUE	TRUE
loop_9588	FALSE	5	1	5	1	FALSE	FALSE
loop_9589	FALSE	3	3	3	3	TRUE	TRUE
loop_9590	FALSE	3	3	3	3	TRUE	TRUE
loop_9591	FALSE	2	3	2	3	FALSE	FALSE
loop_9592	FALSE	3	3	3	3	TRUE	TRUE
loop_9593	TRUE	3	3	2	3	TRUE	FALSE
loop_9594	FALSE	3	3	3	3	TRUE	TRUE
loop_9595	FALSE	3	3	3	3	TRUE	TRUE
loop_9596	TRUE	3	3	3	4	TRUE	FALSE
loop_9597	TRUE	3	2	3	3	FALSE	TRUE
loop_9598	FALSE	3	3	3	3	TRUE	TRUE
loop_9599	FALSE	3	3	3	3	TRUE	TRUE
loop_9600	FALSE	3	3	3	3	TRUE	TRUE
loop_9601	FALSE	4	3	4	3	FALSE	FALSE
loop_9602	FALSE	3	3	3	3	TRUE	TRUE
loop_9603	FALSE	4	3	4	3	FALSE	FALSE
loop_9604	FALSE	3	3	3	3	TRUE	TRUE
loop_9605	FALSE	3	3	3	3	TRUE	TRUE
loop_9606	FALSE	3	3	3	3	TRUE	TRUE
loop_9607	FALSE	3	3	3	3	TRUE	TRUE
loop_9608	TRUE	3	3	2	2	TRUE	FALSE
loop_9609	TRUE	2	3	3	3	FALSE	TRUE
loop_9610	FALSE	3	3	3	3	TRUE	TRUE
loop_9611	FALSE	3	3	3	3	TRUE	TRUE
loop_9612	FALSE	3	3	3	3	TRUE	TRUE
loop_9613	FALSE	3	3	3	3	TRUE	TRUE
loop_9614	FALSE	3	3	3	3	TRUE	TRUE
loop_9615	FALSE	3	4	3	4	FALSE	FALSE
loop_9616	TRUE	3	3	5	1	TRUE	FALSE
loop_9617	FALSE	3	3	3	3	TRUE	TRUE
loop_9618	FALSE	3	3	3	3	TRUE	TRUE
loop_9619	FALSE	2	3	2	3	FALSE	FALSE
loop_9620	FALSE	3	3	3	3	TRUE	TRUE
loop_9621	TRUE	3	3	3	2	TRUE	FALSE
loop_9622	FALSE	3	4	3	4	FALSE	FALSE
loop_9623	FALSE	3	3	3	3	TRUE	TRUE
loop_9624	FALSE	3	3	3	3	TRUE	TRUE
loop_9625	TRUE	3	3	4	3	TRUE	FALSE
loop_9626	FALSE	2	3	2	3	FALSE	FALSE
loop_9627	TRUE	3	4	3	3	FALSE	TRUE
loop_9628	FALSE	3	3	3	3	TRUE	TRUE
loop_9629	FALSE	3	3	3	3	TRUE	TRUE
loop_9630	FALSE	3	3	3	3	TRUE	TRUE
loop_9631	FALSE	3	4	3	4	FALSE	FALSE
loop_9632	FALSE	3	3	3	3	TRUE	TRUE
loop_9633	FALSE	1	3	1	3	FALSE	FALSE
loop_9634	TRUE	3	2	3	3	FALSE	TRUE
loop_9635	FALSE	2	3	2	3	FALSE	FALSE
loop_9636	FALSE	3	3	3	3	TRUE	TRUE
loop_9637	TRUE	3	2	2	2	FALSE	FALSE
loop_9638	FALSE	3	3	3	3	TRUE	TRUE
loop_9639	FALSE	4	3	4	3	FALSE	FALSE
loop_9640	FALSE	3	3	3	3	TRUE	TRUE
loop_9641	FALSE	3	3	3	3	TRUE	TRUE
loop_9642	FALSE	3	3	3	3	TRUE	TRUE
loop_9643	TRUE	5	2	5	1	FALSE	FALSE
loop_9644	TRUE	3	2	3	3	FALSE	TRUE
loop_9645	FALSE	2	3	2	3	FALSE	FALSE
loop_9646	FALSE	3	3	3	3	TRUE	TRUE
loop_9647	TRUE	3	1	3	4	FALSE	FALSE
loop_9648	FALSE	5	1	5	1	FALSE	FALSE
loop_9649	FALSE	3	3	3	3	TRUE	TRUE
loop_9650	TRUE	5	1	4	1	FALSE	FALSE
loop_9651	FALSE	3	4	3	4	FALSE	FALSE
loop_9652	FALSE	3	3	3	3	TRUE	TRUE
loop_9653	FALSE	5	1	5	1	FALSE	FALSE
loop_9654	TRUE	5	2	5	1	FALSE	FALSE
loop_9655	FALSE	4	5	4	5	FALSE	FALSE
loop_9656	TRUE	3	3	3	4	TRUE	FALSE
loop_9657	TRUE	3	3	3	2	TRUE	FALSE
loop_9658	FALSE	3	3	3	3	TRUE	TRUE
loop_9659	FALSE	4	3	4	3	FALSE	FALSE
loop_9660	TRUE	3	2	3	3	FALSE	TRUE
loop_9661	FALSE	3	3	3	3	TRUE	TRUE
loop_9662	TRUE	1	5	2	4	FALSE	FALSE
loop_9663	FALSE	5	1	5	1	FALSE	FALSE
loop_9664	TRUE	3	4	3	5	FALSE	FALSE
loop_9665	FALSE	3	3	3	3	TRUE	TRUE
loop_9666	FALSE	3	3	3	3	TRUE	TRUE
loop_9667	TRUE	2	3	3	3	FALSE	TRUE
loop_9668	FALSE	3	3	3	3	TRUE	TRUE
loop_9669	FALSE	3	3	3	3	TRUE	TRUE
loop_9670	FALSE	3	3	3	3	TRUE	TRUE
loop_9671	FALSE	3	3	3	3	TRUE	TRUE
loop_9672	FALSE	3	3	3	3	TRUE	TRUE
loop_9673	FALSE	2	3	2	3	FALSE	FALSE
loop_9674	FALSE	3	3	3	3	TRUE	TRUE
loop_9675	FALSE	3	4	3	4	FALSE	FALSE
loop_9676	FALSE	3	3	3	3	TRUE	TRUE
loop_9677	FALSE	4	1	4	1	FALSE	FALSE
loop_9678	TRUE	3	2	4	2	FALSE	FALSE
loop_9679	FALSE	3	4	3	4	FALSE	FALSE
loop_9680	FALSE	4	2	4	2	FALSE	FALSE
loop_9681	FALSE	2	4	2	4	FALSE	FALSE
loop_9682	TRUE	3	3	3	4	TRUE	FALSE
loop_9683	FALSE	3	3	3	3	TRUE	TRUE
loop_9684	TRUE	2	3	2	2	FALSE	FALSE
loop_9685	FALSE	3	3	3	3	TRUE	TRUE
loop_9686	TRUE	5	1	3	3	FALSE	TRUE
loop_9687	FALSE	3	3	3	3	TRUE	TRUE
loop_9688	TRUE	1	5	2	5	FALSE	FALSE
loop_9689	FALSE	3	3	3	3	TRUE	TRUE
loop_9690	TRUE	2	3	3	3	FALSE	TRUE
loop_9691	TRUE	3	2	3	3	FALSE	TRUE
loop_9692	FALSE	3	3	3	3	TRUE	TRUE
loop_9693	TRUE	2	3	3	3	FALSE	TRUE
loop_9694	TRUE	3	3	4	3	TRUE	FALSE
loop_9695	FALSE	3	3	3	3	TRUE	TRUE
loop_9696	TRUE	2	3	3	3	FALSE	TRUE
loop_9697	TRUE	2	3	3	3	FALSE	TRUE
loop_9698	TRUE	5	2	4	1	FALSE	FALSE
loop_9699	FALSE	3	3	3	3	TRUE	TRUE
loop_9700	FALSE	3	3	3	3	TRUE	TRUE
loop_9701	FALSE	3	3	3	3	TRUE	TRUE
loop_9702	FALSE	2	3	2	3	FALSE	FALSE
loop_9703	FALSE	3	3	3	3	TRUE	TRUE
loop_9704	TRUE	3	4	3	3	FALSE	TRUE
loop_9705	FALSE	3	3	3	3	TRUE	TRUE
loop_9706	FALSE	3	3	3	3	TRUE	TRUE
loop_9707	FALSE	4	3	4	3	FALSE	FALSE
loop_9708	TRUE	3	4	3	3	FALSE	TRUE
loop_9709	TRUE	5	1	3	2	FALSE	FALSE
loop_9710	TRUE	3	3	5	3	TRUE	FALSE
loop_9711	FALSE	3	4	3	4	FALSE	FALSE
loop_9712	TRUE	2	3	3	2	FALSE	FALSE
loop_9713	FALSE	2	3	2	3	FALSE	FALSE
loop_9714	TRUE	5	2	5	1	FALSE	FALSE
loop_9715	FALSE	3	3	3	3	TRUE	TRUE
loop_9716	TRUE	3	3	4	3	TRUE	FALSE
loop_9717	FALSE	3	3	3	3	TRUE	TRUE
loop_9718	FALSE	3	3	3	3	TRUE	TRUE
loop_9719	TRUE	4	2	3	3	FALSE	TRUE
loop_9720	TRUE	3	4	3	3	FALSE	TRUE
loop_9721	FALSE	3	3	3	3	TRUE	TRUE
loop_9722	TRUE	3	3	2	3	TRUE	FALSE
loop_9723	FALSE	3	3	3	3	TRUE	TRUE
loop_9724	TRUE	3	3	3	2	TRUE	FALSE
loop_9725	TRUE	4	3	3	3	FALSE	TRUE
loop_9726	TRUE	4	4	3	4	FALSE	FALSE
loop_9727	TRUE	4	2	3	2	FALSE	FALSE
loop_9728	FALSE	3	3	3	3	TRUE	TRUE
loop_9729	TRUE	3	3	4	3	TRUE	FALSE
loop_9730	TRUE	1	4	1	3	FALSE	FALSE
loop_9731	FALSE	3	3	3	3	TRUE	TRUE
loop_9732	TRUE	3	3	4	3	TRUE	FALSE
loop_9733	TRUE	3	4	2	4	FALSE	FALSE
loop_9734	TRUE	4	1	5	1	FALSE	FALSE
loop_9735	TRUE	2	3	3	3	FALSE	TRUE
loop_9736	TRUE	3	2	3	3	FALSE	TRUE
loop_9737	FALSE	5	1	5	1	FALSE	FALSE
loop_9738	FALSE	3	3	3	3	TRUE	TRUE
loop_9739	FALSE	3	3	3	3	TRUE	TRUE
loop_9740	TRUE	2	3	3	3	FALSE	TRUE
loop_9741	TRUE	3	4	3	3	FALSE	TRUE
loop_9742	TRUE	2	3	2	4	FALSE	FALSE
loop_9743	TRUE	3	1	2	1	FALSE	FALSE
loop_9744	FALSE	3	5	3	5	FALSE	FALSE
loop_9745	TRUE	2	4	3	4	FALSE	FALSE
loop_9746	FALSE	3	3	3	3	TRUE	TRUE
loop_9747	FALSE	3	3	3	3	TRUE	TRUE
loop_9748	FALSE	3	3	3	3	TRUE	TRUE
loop_9749	TRUE	3	3	5	2	TRUE	FALSE
loop_9750	FALSE	3	3	3	3	TRUE	TRUE
loop_9751	TRUE	2	3	1	3	FALSE	FALSE
loop_9752	FALSE	3	3	3	3	TRUE	TRUE
loop_9753	FALSE	5	3	5	3	FALSE	FALSE
loop_9754	FALSE	3	4	3	4	FALSE	FALSE
loop_9755	FALSE	4	3	4	3	FALSE	FALSE
loop_9756	FALSE	3	3	3	3	TRUE	TRUE
loop_9757	TRUE	2	3	1	3	FALSE	FALSE
loop_9758	TRUE	4	2	5	1	FALSE	FALSE
loop_9759	TRUE	3	2	4	2	FALSE	FALSE
loop_9760	FALSE	3	3	3	3	TRUE	TRUE
loop_9761	TRUE	3	3	4	2	TRUE	FALSE
loop_9762	FALSE	3	3	3	3	TRUE	TRUE
loop_9763	FALSE	3	3	3	3	TRUE	TRUE
loop_9764	FALSE	3	3	3	3	TRUE	TRUE
loop_9765	FALSE	3	3	3	3	TRUE	TRUE
loop_9766	FALSE	2	3	2	3	FALSE	FALSE
loop_9767	FALSE	3	3	3	3	TRUE	TRUE
loop_9768	FALSE	3	3	3	3	TRUE	TRUE
loop_9769	FALSE	4	3	4	3	FALSE	FALSE
loop_9770	FALSE	3	3	3	3	TRUE	TRUE
loop_9771	TRUE	3	4	3	3	FALSE	TRUE
loop_9772	TRUE	3	3	2	3	TRUE	FALSE
loop_9773	FALSE	3	3	3	3	TRUE	TRUE
loop_9774	FALSE	3	3	3	3	TRUE	TRUE
loop_9775	FALSE	4	3	4	3	FALSE	FALSE
loop_9776	FALSE	3	4	3	4	FALSE	FALSE
loop_9777	FALSE	3	3	3	3	TRUE	TRUE
loop_9778	TRUE	3	3	4	3	TRUE	FALSE
loop_9779	FALSE	3	3	3	3	TRUE	TRUE
loop_9780	TRUE	3	1	3	3	FALSE	TRUE
loop_9781	TRUE	3	1	3	2	FALSE	FALSE
loop_9782	TRUE	3	3	4	2	TRUE	FALSE
loop_9783	TRUE	2	2	3	3	FALSE	TRUE
loop_9784	FALSE	3	3	3	3	TRUE	TRUE
loop_9785	TRUE	4	3	3	3	FALSE	TRUE
loop_9786	TRUE	3	3	4	3	TRUE	FALSE
loop_9787	FALSE	3	3	3	3	TRUE	TRUE
loop_9788	TRUE	3	3	4	2	TRUE	FALSE
loop_9789	TRUE	2	4	2	3	FALSE	FALSE
loop_9790	TRUE	2	3	3	3	FALSE	TRUE
loop_9791	FALSE	3	3	3	3	TRUE	TRUE
loop_9792	TRUE	4	4	3	3	FALSE	TRUE
loop_9793	TRUE	3	4	3	3	FALSE	TRUE
loop_9794	FALSE	3	3	3	3	TRUE	TRUE
loop_9795	FALSE	3	3	3	3	TRUE	TRUE
loop_9796	TRUE	3	3	3	2	TRUE	FALSE
loop_9797	FALSE	3	3	3	3	TRUE	TRUE
loop_9798	FALSE	3	3	3	3	TRUE	TRUE
loop_9799	FALSE	3	3	3	3	TRUE	TRUE
loop_9800	TRUE	1	3	3	2	FALSE	FALSE
loop_9801	TRUE	3	4	3	3	FALSE	TRUE
loop_9802	FALSE	3	3	3	3	TRUE	TRUE
loop_9803	TRUE	2	4	3	3	FALSE	TRUE
loop_9804	FALSE	3	3	3	3	TRUE	TRUE
loop_9805	FALSE	4	3	4	3	FALSE	FALSE
loop_9806	TRUE	4	2	3	3	FALSE	TRUE
loop_9807	FALSE	3	3	3	3	TRUE	TRUE
loop_9808	TRUE	3	4	3	3	FALSE	TRUE
loop_9809	TRUE	3	3	4	3	TRUE	FALSE
loop_9810	FALSE	3	3	3	3	TRUE	TRUE
loop_9811	FALSE	3	3	3	3	TRUE	TRUE
loop_9812	TRUE	4	2	4	3	FALSE	FALSE
loop_9813	FALSE	3	3	3	3	TRUE	TRUE
loop_9814	FALSE	3	3	3	3	TRUE	TRUE
loop_9815	FALSE	3	4	3	4	FALSE	FALSE
loop_9816	FALSE	3	3	3	3	TRUE	TRUE
loop_9817	FALSE	3	3	3	3	TRUE	TRUE
loop_9818	FALSE	5	1	5	1	FALSE	FALSE
loop_9819	TRUE	3	4	3	3	FALSE	TRUE
loop_9820	TRUE	3	4	3	3	FALSE	TRUE
loop_9821	FALSE	1	3	1	3	FALSE	FALSE
loop_9822	FALSE	3	3	3	3	TRUE	TRUE
loop_9823	FALSE	3	3	3	3	TRUE	TRUE
loop_9824	FALSE	3	3	3	3	TRUE	TRUE
loop_9825	TRUE	2	3	3	3	FALSE	TRUE
loop_9826	FALSE	4	3	4	3	FALSE	FALSE
loop_9827	TRUE	3	2	3	3	FALSE	TRUE
loop_9828	TRUE	3	3	3	4	TRUE	FALSE
loop_9829	FALSE	3	3	3	3	TRUE	TRUE
loop_9830	FALSE	3	2	3	2	FALSE	FALSE
loop_9831	TRUE	3	3	4	3	TRUE	FALSE
loop_9832	TRUE	3	3	2	3	TRUE	FALSE
loop_9833	TRUE	3	3	4	3	TRUE	FALSE
loop_9834	TRUE	3	4	3	3	FALSE	TRUE
loop_9835	TRUE	1	1	2	1	FALSE	FALSE
loop_9836	TRUE	3	2	3	3	FALSE	TRUE
loop_9837	FALSE	3	3	3	3	TRUE	TRUE
loop_9838	FALSE	3	3	3	3	TRUE	TRUE
loop_9839	TRUE	3	4	3	3	FALSE	TRUE
loop_9840	FALSE	2	3	2	3	FALSE	FALSE
loop_9841	TRUE	2	3	3	3	FALSE	TRUE
loop_9842	FALSE	3	3	3	3	TRUE	TRUE
loop_9843	TRUE	2	3	3	3	FALSE	TRUE
loop_9844	TRUE	4	3	3	3	FALSE	TRUE
loop_9845	FALSE	3	1	3	1	FALSE	FALSE
loop_9846	FALSE	3	3	3	3	TRUE	TRUE
loop_9847	FALSE	3	3	3	3	TRUE	TRUE
loop_9848	TRUE	3	4	4	3	FALSE	FALSE
loop_9849	FALSE	3	2	3	2	FALSE	FALSE
loop_9850	TRUE	4	2	4	3	FALSE	FALSE
loop_9851	TRUE	2	3	3	3	FALSE	TRUE
loop_9852	TRUE	3	4	4	4	FALSE	FALSE
loop_9853	TRUE	5	3	4	3	FALSE	FALSE
loop_9854	FALSE	3	3	3	3	TRUE	TRUE
loop_9855	TRUE	3	3	3	2	TRUE	FALSE
loop_9856	TRUE	3	2	2	3	FALSE	FALSE
loop_9857	TRUE	4	2	4	3	FALSE	FALSE
loop_9858	FALSE	3	3	3	3	TRUE	TRUE
loop_9859	FALSE	3	3	3	3	TRUE	TRUE
loop_9860	TRUE	2	3	3	3	FALSE	TRUE
loop_9861	TRUE	5	2	3	3	FALSE	TRUE
loop_9862	FALSE	3	3	3	3	TRUE	TRUE
loop_9863	TRUE	3	2	3	3	FALSE	TRUE
loop_9864	TRUE	3	2	3	3	FALSE	TRUE
loop_9865	TRUE	2	3	3	3	FALSE	TRUE
loop_9866	TRUE	2	5	2	4	FALSE	FALSE
loop_9867	FALSE	3	3	3	3	TRUE	TRUE
loop_9868	TRUE	3	4	3	3	FALSE	TRUE
loop_9869	TRUE	3	4	3	3	FALSE	TRUE
loop_9870	TRUE	5	1	3	3	FALSE	TRUE
loop_9871	FALSE	3	3	3	3	TRUE	TRUE
loop_9872	TRUE	5	1	5	2	FALSE	FALSE
loop_9873	FALSE	3	3	3	3	TRUE	TRUE
loop_9874	TRUE	4	2	4	4	FALSE	FALSE
loop_9875	TRUE	2	2	3	2	FALSE	FALSE
loop_9876	FALSE	4	1	4	1	FALSE	FALSE
loop_9877	FALSE	3	3	3	3	TRUE	TRUE
loop_9878	TRUE	3	3	5	3	TRUE	FALSE
loop_9879	FALSE	3	3	3	3	TRUE	TRUE
loop_9880	FALSE	3	3	3	3	TRUE	TRUE
loop_9881	TRUE	2	3	3	3	FALSE	TRUE
loop_9882	FALSE	3	3	3	3	TRUE	TRUE
loop_9883	TRUE	2	4	4	3	FALSE	FALSE
loop_9884	FALSE	3	3	3	3	TRUE	TRUE
loop_9885	FALSE	3	3	3	3	TRUE	TRUE
loop_9886	FALSE	3	3	3	3	TRUE	TRUE
loop_9887	TRUE	3	1	4	1	FALSE	FALSE
loop_9888	TRUE	4	1	4	2	FALSE	FALSE
loop_9889	TRUE	3	3	2	3	TRUE	FALSE
loop_9890	FALSE	3	3	3	3	TRUE	TRUE
loop_9891	TRUE	2	4	2	5	FALSE	FALSE
loop_9892	TRUE	2	4	3	3	FALSE	TRUE
loop_9893	TRUE	3	3	4	3	TRUE	FALSE
loop_9894	FALSE	3	3	3	3	TRUE	TRUE
loop_9895	FALSE	3	3	3	3	TRUE	TRUE
loop_9896	TRUE	3	3	4	2	TRUE	FALSE
loop_9897	FALSE	3	4	3	4	FALSE	FALSE
loop_9898	FALSE	3	3	3	3	TRUE	TRUE
loop_9899	TRUE	3	3	4	2	TRUE	FALSE
loop_9900	TRUE	4	4	3	4	FALSE	FALSE
loop_9901	TRUE	2	3	3	3	FALSE	TRUE
loop_9902	TRUE	3	4	2	4	FALSE	FALSE
loop_9903	TRUE	3	3	3	4	TRUE	FALSE
loop_9904	TRUE	3	3	3	2	TRUE	FALSE
loop_9905	TRUE	4	3	3	3	FALSE	TRUE
loop_9906	FALSE	3	3	3	3	TRUE	TRUE
loop_9907	TRUE	3	2	3	3	FALSE	TRUE
loop_9908	FALSE	3	3	3	3	TRUE	TRUE
loop_9909	FALSE	3	3	3	3	TRUE	TRUE
loop_9910	TRUE	2	3	3	3	FALSE	TRUE
loop_9911	TRUE	3	5	3	4	FALSE	FALSE
loop_9912	FALSE	3	3	3	3	TRUE	TRUE
loop_9913	TRUE	4	2	2	3	FALSE	FALSE
loop_9914	FALSE	3	3	3	3	TRUE	TRUE
loop_9915	TRUE	3	3	2	3	TRUE	FALSE
loop_9916	TRUE	4	2	3	2	FALSE	FALSE
loop_9917	FALSE	2	3	2	3	FALSE	FALSE
loop_9918	FALSE	3	3	3	3	TRUE	TRUE
loop_9919	FALSE	3	3	3	3	TRUE	TRUE
loop_9920	TRUE	3	4	3	3	FALSE	TRUE
loop_9921	TRUE	3	3	3	4	TRUE	FALSE
loop_9922	TRUE	2	3	3	3	FALSE	TRUE
loop_9923	FALSE	3	3	3	3	TRUE	TRUE
loop_9924	TRUE	3	4	3	3	FALSE	TRUE
loop_9925	FALSE	3	3	3	3	TRUE	TRUE
loop_9926	TRUE	4	2	3	3	FALSE	TRUE
loop_9927	TRUE	2	3	3	3	FALSE	TRUE
loop_9928	TRUE	3	2	3	3	FALSE	TRUE
loop_9929	TRUE	3	3	4	1	TRUE	FALSE
loop_9930	TRUE	3	2	3	3	FALSE	TRUE
loop_9931	FALSE	3	3	3	3	TRUE	TRUE
loop_9932	TRUE	4	3	3	3	FALSE	TRUE
loop_9933	FALSE	3	3	3	3	TRUE	TRUE
loop_9934	TRUE	4	3	3	3	FALSE	TRUE
loop_9935	TRUE	3	3	2	3	TRUE	FALSE
loop_9936	TRUE	4	3	3	3	FALSE	TRUE
loop_9937	TRUE	3	3	4	3	TRUE	FALSE
loop_9938	FALSE	3	3	3	3	TRUE	TRUE
loop_9939	TRUE	4	3	3	3	FALSE	TRUE
loop_9940	FALSE	3	3	3	3	TRUE	TRUE
loop_9941	FALSE	3	3	3	3	TRUE	TRUE
loop_9942	FALSE	2	3	2	3	FALSE	FALSE
loop_9943	TRUE	3	3	2	3	TRUE	FALSE
loop_9944	FALSE	2	2	2	2	FALSE	FALSE
loop_9945	FALSE	3	3	3	3	TRUE	TRUE
loop_9946	FALSE	3	3	3	3	TRUE	TRUE
loop_9947	TRUE	3	3	2	3	TRUE	FALSE
loop_9948	FALSE	5	3	5	3	FALSE	FALSE
loop_9949	TRUE	3	4	3	3	FALSE	TRUE
loop_9950	FALSE	3	3	3	3	TRUE	TRUE
loop_9951	FALSE	3	3	3	3	TRUE	TRUE
loop_9952	FALSE	3	3	3	3	TRUE	TRUE
loop_9953	TRUE	3	3	3	2	TRUE	FALSE
loop_9954	TRUE	4	2	3	2	FALSE	FALSE
loop_9955	TRUE	3	3	3	2	TRUE	FALSE
loop_9956	FALSE	3	3	3	3	TRUE	TRUE
loop_9957	FALSE	3	3	3	3	TRUE	TRUE
loop_9958	TRUE	2	3	3	3	FALSE	TRUE
loop_9959	FALSE	2	4	2	4	FALSE	FALSE
loop_9960	FALSE	3	2	3	2	FALSE	FALSE
loop_9961	TRUE	3	3	3	4	TRUE	FALSE
loop_9962	TRUE	3	3	3	2	TRUE	FALSE
loop_9963	FALSE	2	4	2	4	FALSE	FALSE
loop_9964	FALSE	3	3	3	3	TRUE	TRUE
loop_9965	FALSE	3	3	3	3	TRUE	TRUE
loop_9966	TRUE	2	1	3	1	FALSE	FALSE
loop_9967	TRUE	3	3	3	4	TRUE	FALSE
loop_9968	FALSE	3	3	3	3	TRUE	TRUE
loop_9969	FALSE	3	3	3	3	TRUE	TRUE
loop_9970	TRUE	2	2	3	3	FALSE	TRUE
loop_9971	FALSE	3	3	3	3	TRUE	TRUE
loop_9972	TRUE	3	4	3	3	FALSE	TRUE
loop_9973	FALSE	3	3	3	3	TRUE	TRUE
loop_9974	FALSE	3	3	3	3	TRUE	TRUE
loop_9975	TRUE	3	2	3	3	FALSE	TRUE
loop_9976	TRUE	4	3	3	3	FALSE	TRUE
loop_9977	TRUE	3	2	3	3	FALSE	TRUE
loop_9978	TRUE	4	3	3	3	FALSE	TRUE
loop_9979	FALSE	3	3	3	3	TRUE	TRUE
loop_9980	FALSE	3	3	3	3	TRUE	TRUE
loop_9981	FALSE	3	3	3	3	TRUE	TRUE
loop_9982	TRUE	3	3	2	3	TRUE	FALSE
loop_9983	FALSE	2	3	2	3	FALSE	FALSE
loop_9984	FALSE	3	4	3	4	FALSE	FALSE
loop_9985	TRUE	3	4	3	3	FALSE	TRUE
loop_9986	TRUE	3	2	3	3	FALSE	TRUE
loop_9987	FALSE	3	3	3	3	TRUE	TRUE
loop_9988	FALSE	3	3	3	3	TRUE	TRUE
loop_9989	TRUE	3	2	3	3	FALSE	TRUE
loop_9990	TRUE	2	2	2	3	FALSE	FALSE
loop_9991	FALSE	3	2	3	2	FALSE	FALSE
loop_9992	FALSE	5	2	5	2	FALSE	FALSE
loop_9993	FALSE	4	2	4	2	FALSE	FALSE
loop_9994	TRUE	3	3	4	3	TRUE	FALSE
loop_9995	TRUE	3	1	3	2	FALSE	FALSE
loop_9996	TRUE	2	3	3	3	FALSE	TRUE
loop_9997	FALSE	3	3	3	3	TRUE	TRUE
loop_9998	FALSE	4	3	4	3	FALSE	FALSE
loop_9999	FALSE	3	4	3	4	FALSE	FALSE
loop_10000	FALSE	3	3	3	3	TRUE	TRUE
loop_10001	FALSE	3	3	3	3	TRUE	TRUE
loop_10002	FALSE	3	3	3	3	TRUE	TRUE
loop_10003	TRUE	4	3	3	3	FALSE	TRUE
loop_10004	TRUE	3	3	3	1	TRUE	FALSE
loop_10005	FALSE	3	3	3	3	TRUE	TRUE
loop_10006	TRUE	2	3	3	3	FALSE	TRUE
loop_10007	FALSE	3	3	3	3	TRUE	TRUE
loop_10008	TRUE	3	3	4	4	TRUE	FALSE
loop_10009	TRUE	4	3	3	3	FALSE	TRUE
loop_10010	FALSE	3	3	3	3	TRUE	TRUE
loop_10011	FALSE	3	3	3	3	TRUE	TRUE
loop_10012	TRUE	3	3	4	3	TRUE	FALSE
loop_10013	TRUE	1	3	3	3	FALSE	TRUE
loop_10014	FALSE	3	3	3	3	TRUE	TRUE
loop_10015	TRUE	4	3	3	3	FALSE	TRUE
loop_10016	TRUE	3	3	3	4	TRUE	FALSE
loop_10017	TRUE	4	3	4	4	FALSE	FALSE
loop_10018	FALSE	3	3	3	3	TRUE	TRUE
loop_10019	FALSE	3	3	3	3	TRUE	TRUE
loop_10020	TRUE	3	2	3	3	FALSE	TRUE
loop_10021	TRUE	3	2	3	3	FALSE	TRUE
loop_10022	FALSE	3	3	3	3	TRUE	TRUE
loop_10023	TRUE	4	3	3	3	FALSE	TRUE
loop_10024	FALSE	4	3	4	3	FALSE	FALSE
loop_10025	TRUE	3	3	3	2	TRUE	FALSE
loop_10026	FALSE	3	3	3	3	TRUE	TRUE
loop_10027	FALSE	4	3	4	3	FALSE	FALSE
loop_10028	FALSE	3	3	3	3	TRUE	TRUE
loop_10029	TRUE	5	1	4	3	FALSE	FALSE
loop_10030	FALSE	3	3	3	3	TRUE	TRUE
loop_10031	FALSE	2	3	2	3	FALSE	FALSE
loop_10032	FALSE	3	3	3	3	TRUE	TRUE
loop_10033	FALSE	3	3	3	3	TRUE	TRUE
loop_10034	TRUE	3	3	1	3	TRUE	FALSE
loop_10035	FALSE	3	3	3	3	TRUE	TRUE
loop_10036	FALSE	3	3	3	3	TRUE	TRUE
loop_10037	FALSE	3	3	3	3	TRUE	TRUE
loop_10038	TRUE	3	3	3	2	TRUE	FALSE
loop_10039	FALSE	3	3	3	3	TRUE	TRUE
loop_10040	FALSE	3	3	3	3	TRUE	TRUE
loop_10041	FALSE	3	3	3	3	TRUE	TRUE
loop_10042	FALSE	3	3	3	3	TRUE	TRUE
loop_10043	FALSE	3	3	3	3	TRUE	TRUE
loop_10044	FALSE	3	3	3	3	TRUE	TRUE
loop_10045	TRUE	2	2	1	3	FALSE	FALSE
loop_10046	TRUE	3	3	3	4	TRUE	FALSE
loop_10047	FALSE	3	3	3	3	TRUE	TRUE
loop_10048	FALSE	3	3	3	3	TRUE	TRUE
loop_10049	FALSE	3	3	3	3	TRUE	TRUE
loop_10050	TRUE	4	2	4	3	FALSE	FALSE
loop_10051	TRUE	3	3	3	4	TRUE	FALSE
loop_10052	TRUE	4	2	3	3	FALSE	TRUE
loop_10053	TRUE	1	3	2	3	FALSE	FALSE
loop_10054	FALSE	3	3	3	3	TRUE	TRUE
loop_10055	FALSE	3	3	3	3	TRUE	TRUE
loop_10056	TRUE	3	3	4	2	TRUE	FALSE
loop_10057	TRUE	3	3	3	2	TRUE	FALSE
loop_10058	FALSE	5	1	5	1	FALSE	FALSE
loop_10059	TRUE	3	3	2	3	TRUE	FALSE
loop_10060	FALSE	3	3	3	3	TRUE	TRUE
loop_10061	TRUE	4	3	5	2	FALSE	FALSE
loop_10062	TRUE	5	1	5	2	FALSE	FALSE
loop_10063	TRUE	2	4	1	4	FALSE	FALSE
loop_10064	TRUE	3	3	5	2	TRUE	FALSE
loop_10065	FALSE	3	3	3	3	TRUE	TRUE
loop_10066	FALSE	3	3	3	3	TRUE	TRUE
loop_10067	FALSE	3	3	3	3	TRUE	TRUE
loop_10068	TRUE	3	2	3	3	FALSE	TRUE
loop_10069	FALSE	3	3	3	3	TRUE	TRUE
loop_10070	FALSE	3	3	3	3	TRUE	TRUE
loop_10071	FALSE	4	1	4	1	FALSE	FALSE
loop_10072	FALSE	3	3	3	3	TRUE	TRUE
loop_10073	TRUE	3	3	2	4	TRUE	FALSE
loop_10074	TRUE	5	2	2	3	FALSE	FALSE
loop_10075	FALSE	3	3	3	3	TRUE	TRUE
loop_10076	TRUE	4	2	5	1	FALSE	FALSE
loop_10077	FALSE	1	3	1	3	FALSE	FALSE
loop_10078	FALSE	2	3	2	3	FALSE	FALSE
loop_10079	FALSE	3	3	3	3	TRUE	TRUE
loop_10080	FALSE	3	4	3	4	FALSE	FALSE
loop_10081	TRUE	3	3	4	3	TRUE	FALSE
loop_10082	TRUE	4	3	4	2	FALSE	FALSE
loop_10083	TRUE	2	3	3	4	FALSE	FALSE
loop_10084	FALSE	3	3	3	3	TRUE	TRUE
loop_10085	FALSE	2	3	2	3	FALSE	FALSE
loop_10086	TRUE	3	2	3	3	FALSE	TRUE
loop_10087	FALSE	4	1	4	1	FALSE	FALSE
loop_10088	FALSE	3	3	3	3	TRUE	TRUE
loop_10089	TRUE	4	2	3	2	FALSE	FALSE
loop_10090	FALSE	3	3	3	3	TRUE	TRUE
loop_10091	FALSE	3	3	3	3	TRUE	TRUE
loop_10092	TRUE	2	3	3	3	FALSE	TRUE
loop_10093	TRUE	3	3	2	3	TRUE	FALSE
loop_10094	TRUE	3	3	3	4	TRUE	FALSE
loop_10095	TRUE	2	3	3	3	FALSE	TRUE
loop_10096	FALSE	3	3	3	3	TRUE	TRUE
loop_10097	FALSE	4	3	4	3	FALSE	FALSE
loop_10098	FALSE	3	3	3	3	TRUE	TRUE
loop_10099	FALSE	3	3	3	3	TRUE	TRUE
loop_10100	TRUE	2	3	3	4	FALSE	FALSE
loop_10101	FALSE	3	3	3	3	TRUE	TRUE
loop_10102	TRUE	3	2	1	4	FALSE	FALSE
loop_10103	FALSE	3	3	3	3	TRUE	TRUE
loop_10104	FALSE	3	3	3	3	TRUE	TRUE
loop_10105	TRUE	3	2	3	3	FALSE	TRUE
loop_10106	TRUE	3	3	2	5	TRUE	FALSE
loop_10107	FALSE	3	3	3	3	TRUE	TRUE
loop_10108	TRUE	4	1	4	2	FALSE	FALSE
loop_10109	FALSE	3	3	3	3	TRUE	TRUE
loop_10110	FALSE	3	3	3	3	TRUE	TRUE
loop_10111	FALSE	3	3	3	3	TRUE	TRUE
loop_10112	TRUE	1	3	3	3	FALSE	TRUE
loop_10113	FALSE	3	3	3	3	TRUE	TRUE
loop_10114	FALSE	2	3	2	3	FALSE	FALSE
loop_10115	TRUE	4	1	3	3	FALSE	TRUE
loop_10116	TRUE	4	3	3	4	FALSE	FALSE
loop_10117	FALSE	3	1	3	1	FALSE	FALSE
loop_10118	TRUE	5	2	5	1	FALSE	FALSE
loop_10119	TRUE	3	3	3	4	TRUE	FALSE
loop_10120	FALSE	3	3	3	3	TRUE	TRUE
loop_10121	FALSE	3	4	3	4	FALSE	FALSE
loop_10122	FALSE	3	4	3	4	FALSE	FALSE
loop_10123	TRUE	3	3	2	4	TRUE	FALSE
loop_10124	TRUE	3	3	4	3	TRUE	FALSE
loop_10125	TRUE	2	3	3	3	FALSE	TRUE
loop_10126	FALSE	3	3	3	3	TRUE	TRUE
loop_10127	TRUE	2	4	3	3	FALSE	TRUE
loop_10128	FALSE	3	3	3	3	TRUE	TRUE
loop_10129	TRUE	2	3	2	4	FALSE	FALSE
loop_10130	TRUE	3	4	3	3	FALSE	TRUE
loop_10131	TRUE	1	4	3	4	FALSE	FALSE
loop_10132	TRUE	3	3	2	2	TRUE	FALSE
loop_10133	TRUE	4	3	4	2	FALSE	FALSE
loop_10134	TRUE	4	2	1	1	FALSE	FALSE
loop_10135	TRUE	3	4	4	2	FALSE	FALSE
loop_10136	TRUE	4	3	4	4	FALSE	FALSE
loop_10137	FALSE	3	3	3	3	TRUE	TRUE
loop_10138	FALSE	4	2	4	2	FALSE	FALSE
loop_10139	FALSE	3	3	3	3	TRUE	TRUE
loop_10140	FALSE	3	3	3	3	TRUE	TRUE
loop_10141	TRUE	3	3	3	4	TRUE	FALSE
loop_10142	TRUE	3	3	4	1	TRUE	FALSE
loop_10143	TRUE	4	3	3	3	FALSE	TRUE
loop_10144	TRUE	3	3	4	2	TRUE	FALSE
loop_10145	TRUE	3	3	4	3	TRUE	FALSE
loop_10146	FALSE	3	3	3	3	TRUE	TRUE
loop_10147	FALSE	4	3	4	3	FALSE	FALSE
loop_10148	FALSE	2	3	2	3	FALSE	FALSE
loop_10149	TRUE	3	3	3	2	TRUE	FALSE
loop_10150	FALSE	3	3	3	3	TRUE	TRUE
loop_10151	FALSE	3	3	3	3	TRUE	TRUE
loop_10152	TRUE	3	3	3	4	TRUE	FALSE
loop_10153	FALSE	3	3	3	3	TRUE	TRUE
loop_10154	TRUE	3	3	3	4	TRUE	FALSE
loop_10155	FALSE	3	3	3	3	TRUE	TRUE
loop_10156	TRUE	3	2	3	3	FALSE	TRUE
loop_10157	FALSE	2	3	2	3	FALSE	FALSE
loop_10158	FALSE	2	3	2	3	FALSE	FALSE
loop_10159	TRUE	3	4	3	3	FALSE	TRUE
loop_10160	TRUE	3	3	4	4	TRUE	FALSE
loop_10161	FALSE	3	3	3	3	TRUE	TRUE
loop_10162	TRUE	3	4	2	4	FALSE	FALSE
loop_10163	FALSE	3	3	3	3	TRUE	TRUE
loop_10164	TRUE	3	2	3	3	FALSE	TRUE
loop_10165	TRUE	3	4	2	5	FALSE	FALSE
loop_10166	FALSE	3	1	3	1	FALSE	FALSE
loop_10167	TRUE	3	1	3	2	FALSE	FALSE
loop_10168	TRUE	3	2	3	3	FALSE	TRUE
loop_10169	TRUE	2	3	3	3	FALSE	TRUE
loop_10170	FALSE	3	3	3	3	TRUE	TRUE
loop_10171	TRUE	3	4	3	3	FALSE	TRUE
loop_10172	TRUE	3	5	1	4	FALSE	FALSE
loop_10173	TRUE	3	3	3	2	TRUE	FALSE
loop_10174	TRUE	4	3	3	3	FALSE	TRUE
loop_10175	TRUE	3	3	2	3	TRUE	FALSE
loop_10176	TRUE	3	4	3	3	FALSE	TRUE
loop_10177	TRUE	3	3	2	3	TRUE	FALSE
loop_10178	TRUE	2	4	4	2	FALSE	FALSE
loop_10179	TRUE	2	2	3	3	FALSE	TRUE
loop_10180	FALSE	3	3	3	3	TRUE	TRUE
loop_10181	TRUE	3	4	3	3	FALSE	TRUE
loop_10182	FALSE	3	3	3	3	TRUE	TRUE
loop_10183	TRUE	2	2	3	3	FALSE	TRUE
loop_10184	FALSE	3	3	3	3	TRUE	TRUE
loop_10185	FALSE	3	3	3	3	TRUE	TRUE
loop_10186	TRUE	3	4	3	3	FALSE	TRUE
loop_10187	TRUE	4	3	3	3	FALSE	TRUE
loop_10188	TRUE	1	5	3	5	FALSE	FALSE
loop_10189	TRUE	4	3	3	4	FALSE	FALSE
loop_10190	TRUE	3	3	3	4	TRUE	FALSE
loop_10191	FALSE	3	3	3	3	TRUE	TRUE
loop_10192	TRUE	2	4	3	3	FALSE	TRUE
loop_10193	TRUE	2	3	3	3	FALSE	TRUE
loop_10194	TRUE	3	3	4	4	TRUE	FALSE
loop_10195	TRUE	3	3	2	4	TRUE	FALSE
loop_10196	FALSE	3	3	3	3	TRUE	TRUE
loop_10197	FALSE	3	3	3	3	TRUE	TRUE
loop_10198	FALSE	3	3	3	3	TRUE	TRUE
loop_10199	FALSE	3	3	3	3	TRUE	TRUE
loop_10200	TRUE	4	3	2	3	FALSE	FALSE
loop_10201	FALSE	3	3	3	3	TRUE	TRUE
loop_10202	FALSE	4	2	4	2	FALSE	FALSE
loop_10203	FALSE	3	2	3	2	FALSE	FALSE
loop_10204	FALSE	3	3	3	3	TRUE	TRUE
loop_10205	FALSE	3	3	3	3	TRUE	TRUE
loop_10206	FALSE	2	3	2	3	FALSE	FALSE
loop_10207	FALSE	2	3	2	3	FALSE	FALSE
loop_10208	FALSE	3	3	3	3	TRUE	TRUE
loop_10209	FALSE	4	3	4	3	FALSE	FALSE
loop_10210	FALSE	3	3	3	3	TRUE	TRUE
loop_10211	FALSE	3	3	3	3	TRUE	TRUE
loop_10212	TRUE	4	3	3	3	FALSE	TRUE
loop_10213	TRUE	2	3	3	3	FALSE	TRUE
loop_10214	TRUE	3	4	3	3	FALSE	TRUE
loop_10215	TRUE	3	3	4	3	TRUE	FALSE
loop_10216	TRUE	3	3	5	1	TRUE	FALSE
loop_10217	TRUE	3	3	1	3	TRUE	FALSE
loop_10218	FALSE	3	3	3	3	TRUE	TRUE
loop_10219	FALSE	3	3	3	3	TRUE	TRUE
loop_10220	TRUE	4	1	5	1	FALSE	FALSE
loop_10221	TRUE	3	2	3	3	FALSE	TRUE
loop_10222	FALSE	3	3	3	3	TRUE	TRUE
loop_10223	FALSE	3	3	3	3	TRUE	TRUE
loop_10224	FALSE	3	3	3	3	TRUE	TRUE
loop_10225	TRUE	3	2	3	3	FALSE	TRUE
loop_10226	TRUE	4	4	3	5	FALSE	FALSE
loop_10227	FALSE	3	3	3	3	TRUE	TRUE
loop_10228	FALSE	2	3	2	3	FALSE	FALSE
loop_10229	FALSE	3	3	3	3	TRUE	TRUE
loop_10230	FALSE	3	3	3	3	TRUE	TRUE
loop_10231	FALSE	3	3	3	3	TRUE	TRUE
loop_10232	FALSE	3	3	3	3	TRUE	TRUE
loop_10233	FALSE	5	1	5	1	FALSE	FALSE
loop_10234	FALSE	3	3	3	3	TRUE	TRUE
loop_10235	FALSE	5	1	5	1	FALSE	FALSE
loop_10236	FALSE	4	2	4	2	FALSE	FALSE
loop_10237	FALSE	3	3	3	3	TRUE	TRUE
loop_10238	TRUE	4	3	3	3	FALSE	TRUE
loop_10239	FALSE	5	2	5	2	FALSE	FALSE
loop_10240	FALSE	2	4	2	4	FALSE	FALSE
loop_10241	FALSE	3	4	3	4	FALSE	FALSE
loop_10242	FALSE	3	3	3	3	TRUE	TRUE
loop_10243	TRUE	5	1	4	4	FALSE	FALSE
loop_10244	FALSE	3	2	3	2	FALSE	FALSE
loop_10245	FALSE	3	3	3	3	TRUE	TRUE
loop_10246	TRUE	5	1	4	1	FALSE	FALSE
loop_10247	TRUE	3	4	3	3	FALSE	TRUE
loop_10248	TRUE	3	3	4	3	TRUE	FALSE
loop_10249	FALSE	4	1	4	1	FALSE	FALSE
loop_10250	FALSE	5	1	5	1	FALSE	FALSE
loop_10251	FALSE	3	3	3	3	TRUE	TRUE
loop_10252	TRUE	3	2	3	3	FALSE	TRUE
loop_10253	TRUE	3	3	3	2	TRUE	FALSE
loop_10254	TRUE	4	3	3	3	FALSE	TRUE
loop_10255	FALSE	3	3	3	3	TRUE	TRUE
loop_10256	FALSE	3	3	3	3	TRUE	TRUE
loop_10257	FALSE	2	3	2	3	FALSE	FALSE
loop_10258	TRUE	3	4	3	3	FALSE	TRUE
loop_10259	TRUE	4	3	3	3	FALSE	TRUE
loop_10260	FALSE	3	3	3	3	TRUE	TRUE
loop_10261	FALSE	5	1	5	1	FALSE	FALSE
loop_10262	FALSE	3	3	3	3	TRUE	TRUE
loop_10263	TRUE	3	3	4	3	TRUE	FALSE
loop_10264	FALSE	5	1	5	1	FALSE	FALSE
loop_10265	FALSE	4	1	4	1	FALSE	FALSE
loop_10266	TRUE	3	2	3	3	FALSE	TRUE
loop_10267	FALSE	3	3	3	3	TRUE	TRUE
loop_10268	FALSE	3	3	3	3	TRUE	TRUE
loop_10269	FALSE	3	2	3	2	FALSE	FALSE
loop_10270	TRUE	5	2	3	2	FALSE	FALSE
loop_10271	FALSE	3	3	3	3	TRUE	TRUE
loop_10272	FALSE	5	1	5	1	FALSE	FALSE
loop_10273	FALSE	3	3	3	3	TRUE	TRUE
loop_10274	TRUE	3	5	5	5	FALSE	FALSE
loop_10275	TRUE	3	1	3	2	FALSE	FALSE
loop_10276	TRUE	3	3	3	4	TRUE	FALSE
loop_10277	FALSE	3	4	3	4	FALSE	FALSE
loop_10278	TRUE	3	3	3	4	TRUE	FALSE
loop_10279	FALSE	3	3	3	3	TRUE	TRUE
loop_10280	TRUE	4	3	4	2	FALSE	FALSE
loop_10281	TRUE	2	4	1	3	FALSE	FALSE
loop_10282	TRUE	5	3	4	2	FALSE	FALSE
loop_10283	FALSE	3	3	3	3	TRUE	TRUE
loop_10284	TRUE	4	4	4	3	FALSE	FALSE
loop_10285	TRUE	3	3	4	3	TRUE	FALSE
loop_10286	TRUE	4	2	5	1	FALSE	FALSE
loop_10287	FALSE	3	3	3	3	TRUE	TRUE
loop_10288	TRUE	3	3	3	4	TRUE	FALSE
loop_10289	TRUE	3	2	2	3	FALSE	FALSE
loop_10290	TRUE	3	3	2	3	TRUE	FALSE
loop_10291	TRUE	3	3	2	2	TRUE	FALSE
loop_10292	TRUE	3	2	3	3	FALSE	TRUE
loop_10293	TRUE	4	1	3	2	FALSE	FALSE
loop_10294	FALSE	2	3	2	3	FALSE	FALSE
loop_10295	TRUE	3	2	3	3	FALSE	TRUE
loop_10296	FALSE	3	3	3	3	TRUE	TRUE
loop_10297	TRUE	3	3	5	1	TRUE	FALSE
loop_10298	TRUE	4	3	5	3	FALSE	FALSE
loop_10299	FALSE	3	3	3	3	TRUE	TRUE
loop_10300	FALSE	3	3	3	3	TRUE	TRUE
loop_10301	TRUE	1	3	3	3	FALSE	TRUE
loop_10302	FALSE	3	3	3	3	TRUE	TRUE
loop_10303	TRUE	3	3	5	1	TRUE	FALSE
loop_10304	TRUE	4	2	3	2	FALSE	FALSE
loop_10305	TRUE	3	3	3	2	TRUE	FALSE
loop_10306	FALSE	2	5	2	5	FALSE	FALSE
loop_10307	TRUE	3	4	2	3	FALSE	FALSE
loop_10308	FALSE	3	3	3	3	TRUE	TRUE
loop_10309	TRUE	3	3	2	3	TRUE	FALSE
loop_10310	TRUE	4	2	3	3	FALSE	TRUE
loop_10311	FALSE	3	3	3	3	TRUE	TRUE
loop_10312	FALSE	3	3	3	3	TRUE	TRUE
loop_10313	FALSE	3	3	3	3	TRUE	TRUE
loop_10314	FALSE	3	3	3	3	TRUE	TRUE
loop_10315	FALSE	3	3	3	3	TRUE	TRUE
loop_10316	FALSE	3	3	3	3	TRUE	TRUE
loop_10317	TRUE	2	3	2	2	FALSE	FALSE
loop_10318	TRUE	3	4	2	4	FALSE	FALSE
loop_10319	TRUE	3	3	2	3	TRUE	FALSE
loop_10320	FALSE	3	3	3	3	TRUE	TRUE
loop_10321	FALSE	3	3	3	3	TRUE	TRUE
loop_10322	TRUE	1	3	2	3	FALSE	FALSE
loop_10323	TRUE	4	3	3	3	FALSE	TRUE
loop_10324	TRUE	4	4	3	3	FALSE	TRUE
loop_10325	FALSE	3	3	3	3	TRUE	TRUE
loop_10326	FALSE	2	4	2	4	FALSE	FALSE
loop_10327	TRUE	3	3	2	2	TRUE	FALSE
loop_10328	TRUE	3	1	2	4	FALSE	FALSE
loop_10329	TRUE	4	3	4	2	FALSE	FALSE
loop_10330	TRUE	2	3	3	3	FALSE	TRUE
loop_10331	FALSE	3	3	3	3	TRUE	TRUE
loop_10332	FALSE	4	3	4	3	FALSE	FALSE
loop_10333	TRUE	4	4	3	3	FALSE	TRUE
loop_10334	TRUE	1	5	4	5	FALSE	FALSE
loop_10335	TRUE	3	3	4	3	TRUE	FALSE
loop_10336	TRUE	4	2	3	1	FALSE	FALSE
loop_10337	FALSE	3	3	3	3	TRUE	TRUE
loop_10338	TRUE	2	3	3	3	FALSE	TRUE
loop_10339	TRUE	3	3	4	3	TRUE	FALSE
loop_10340	FALSE	3	3	3	3	TRUE	TRUE
loop_10341	TRUE	3	3	3	4	TRUE	FALSE
loop_10342	TRUE	2	3	3	3	FALSE	TRUE
loop_10343	FALSE	3	3	3	3	TRUE	TRUE
loop_10344	TRUE	3	4	3	3	FALSE	TRUE
loop_10345	TRUE	3	4	3	3	FALSE	TRUE
loop_10346	TRUE	4	3	3	3	FALSE	TRUE
loop_10347	TRUE	5	1	2	1	FALSE	FALSE
loop_10348	FALSE	3	3	3	3	TRUE	TRUE
loop_10349	FALSE	3	3	3	3	TRUE	TRUE
loop_10350	TRUE	2	4	3	4	FALSE	FALSE
loop_10351	TRUE	3	3	2	3	TRUE	FALSE
loop_10352	TRUE	2	3	3	2	FALSE	FALSE
loop_10353	TRUE	3	3	4	3	TRUE	FALSE
loop_10354	FALSE	3	3	3	3	TRUE	TRUE
loop_10355	TRUE	3	3	4	3	TRUE	FALSE
loop_10356	TRUE	5	2	5	3	FALSE	FALSE
loop_10357	FALSE	3	2	3	2	FALSE	FALSE
loop_10358	TRUE	3	5	4	3	FALSE	FALSE
loop_10359	FALSE	4	3	4	3	FALSE	FALSE
loop_10360	TRUE	4	2	2	3	FALSE	FALSE
loop_10361	TRUE	2	3	3	3	FALSE	TRUE
loop_10362	FALSE	2	3	2	3	FALSE	FALSE
loop_10363	TRUE	4	3	5	5	FALSE	FALSE
loop_10364	FALSE	3	3	3	3	TRUE	TRUE
loop_10365	TRUE	3	3	3	4	TRUE	FALSE
loop_10366	FALSE	3	3	3	3	TRUE	TRUE
loop_10367	TRUE	3	2	3	3	FALSE	TRUE
loop_10368	TRUE	2	3	3	3	FALSE	TRUE
loop_10369	FALSE	3	3	3	3	TRUE	TRUE
loop_10370	FALSE	3	3	3	3	TRUE	TRUE
loop_10371	FALSE	3	3	3	3	TRUE	TRUE
loop_10372	FALSE	3	3	3	3	TRUE	TRUE
loop_10373	FALSE	3	3	3	3	TRUE	TRUE
loop_10374	FALSE	3	3	3	3	TRUE	TRUE
loop_10375	FALSE	3	3	3	3	TRUE	TRUE
loop_10376	FALSE	3	3	3	3	TRUE	TRUE
loop_10377	TRUE	4	3	3	3	FALSE	TRUE
loop_10378	TRUE	4	1	5	1	FALSE	FALSE
loop_10379	FALSE	3	3	3	3	TRUE	TRUE
loop_10380	FALSE	3	3	3	3	TRUE	TRUE
loop_10381	TRUE	3	2	3	3	FALSE	TRUE
loop_10382	TRUE	2	3	1	4	FALSE	FALSE
loop_10383	FALSE	3	3	3	3	TRUE	TRUE
loop_10384	FALSE	3	3	3	3	TRUE	TRUE
loop_10385	FALSE	3	3	3	3	TRUE	TRUE
loop_10386	FALSE	3	3	3	3	TRUE	TRUE
loop_10387	FALSE	3	3	3	3	TRUE	TRUE
loop_10388	FALSE	3	3	3	3	TRUE	TRUE
loop_10389	TRUE	3	3	5	3	TRUE	FALSE
loop_10390	FALSE	3	3	3	3	TRUE	TRUE
loop_10391	FALSE	3	4	3	4	FALSE	FALSE
loop_10392	FALSE	3	4	3	4	FALSE	FALSE
loop_10393	TRUE	3	3	3	4	TRUE	FALSE
loop_10394	TRUE	5	1	5	2	FALSE	FALSE
loop_10395	FALSE	3	3	3	3	TRUE	TRUE
loop_10396	FALSE	3	2	3	2	FALSE	FALSE
loop_10397	TRUE	3	3	4	1	TRUE	FALSE
loop_10398	TRUE	3	4	5	1	FALSE	FALSE
loop_10399	TRUE	3	3	2	3	TRUE	FALSE
loop_10400	FALSE	3	3	3	3	TRUE	TRUE
loop_10401	FALSE	3	3	3	3	TRUE	TRUE
loop_10402	TRUE	3	4	3	3	FALSE	TRUE
loop_10403	TRUE	3	2	3	3	FALSE	TRUE
loop_10404	TRUE	4	3	3	3	FALSE	TRUE
loop_10405	FALSE	3	4	3	4	FALSE	FALSE
loop_10406	FALSE	3	4	3	4	FALSE	FALSE
loop_10407	TRUE	3	3	2	3	TRUE	FALSE
loop_10408	FALSE	3	3	3	3	TRUE	TRUE
loop_10409	TRUE	3	2	2	3	FALSE	FALSE
loop_10410	TRUE	2	3	5	1	FALSE	FALSE
loop_10411	TRUE	3	2	3	3	FALSE	TRUE
loop_10412	TRUE	3	3	3	4	TRUE	FALSE
loop_10413	TRUE	4	4	3	3	FALSE	TRUE
loop_10414	TRUE	4	1	3	3	FALSE	TRUE
loop_10415	FALSE	4	3	4	3	FALSE	FALSE
loop_10416	TRUE	3	2	3	3	FALSE	TRUE
loop_10417	TRUE	3	2	3	3	FALSE	TRUE
loop_10418	FALSE	3	3	3	3	TRUE	TRUE
loop_10419	FALSE	3	3	3	3	TRUE	TRUE
loop_10420	TRUE	3	3	3	2	TRUE	FALSE
loop_10421	FALSE	3	3	3	3	TRUE	TRUE
loop_10422	FALSE	3	3	3	3	TRUE	TRUE
loop_10423	FALSE	3	3	3	3	TRUE	TRUE
loop_10424	TRUE	4	3	5	3	FALSE	FALSE
loop_10425	FALSE	5	1	5	1	FALSE	FALSE
loop_10426	TRUE	3	3	4	3	TRUE	FALSE
loop_10427	TRUE	4	3	3	4	FALSE	FALSE
loop_10428	FALSE	2	3	2	3	FALSE	FALSE
loop_10429	FALSE	3	3	3	3	TRUE	TRUE
loop_10430	FALSE	3	3	3	3	TRUE	TRUE
loop_10431	FALSE	3	3	3	3	TRUE	TRUE
loop_10432	FALSE	3	3	3	3	TRUE	TRUE
loop_10433	FALSE	3	3	3	3	TRUE	TRUE
loop_10434	TRUE	4	1	5	2	FALSE	FALSE
loop_10435	TRUE	3	3	4	3	TRUE	FALSE
loop_10436	TRUE	3	3	4	2	TRUE	FALSE
loop_10437	TRUE	5	3	3	3	FALSE	TRUE
loop_10438	FALSE	5	3	5	3	FALSE	FALSE
loop_10439	FALSE	3	3	3	3	TRUE	TRUE
loop_10440	FALSE	3	3	3	3	TRUE	TRUE
loop_10441	FALSE	3	3	3	3	TRUE	TRUE
loop_10442	FALSE	3	3	3	3	TRUE	TRUE
loop_10443	FALSE	3	3	3	3	TRUE	TRUE
loop_10444	TRUE	3	3	5	1	TRUE	FALSE
loop_10445	TRUE	3	2	3	3	FALSE	TRUE
loop_10446	FALSE	3	3	3	3	TRUE	TRUE
loop_10447	TRUE	4	3	5	1	FALSE	FALSE
loop_10448	FALSE	3	3	3	3	TRUE	TRUE
loop_10449	TRUE	2	3	3	3	FALSE	TRUE
loop_10450	FALSE	3	3	3	3	TRUE	TRUE
loop_10451	FALSE	3	3	3	3	TRUE	TRUE
loop_10452	FALSE	3	4	3	4	FALSE	FALSE
loop_10453	FALSE	3	3	3	3	TRUE	TRUE
loop_10454	TRUE	3	3	5	4	TRUE	FALSE
loop_10455	FALSE	3	3	3	3	TRUE	TRUE
loop_10456	FALSE	3	3	3	3	TRUE	TRUE
loop_10457	FALSE	3	3	3	3	TRUE	TRUE
loop_10458	FALSE	3	3	3	3	TRUE	TRUE
loop_10459	TRUE	4	4	5	3	FALSE	FALSE
loop_10460	FALSE	2	3	2	3	FALSE	FALSE
loop_10461	FALSE	5	1	5	1	FALSE	FALSE
loop_10462	TRUE	2	3	3	3	FALSE	TRUE
loop_10463	FALSE	3	3	3	3	TRUE	TRUE
loop_10464	FALSE	3	3	3	3	TRUE	TRUE
loop_10465	FALSE	4	3	4	3	FALSE	FALSE
loop_10466	FALSE	3	3	3	3	TRUE	TRUE
loop_10467	FALSE	3	3	3	3	TRUE	TRUE
loop_10468	TRUE	2	3	3	3	FALSE	TRUE
loop_10469	FALSE	1	2	1	2	FALSE	FALSE
loop_10470	TRUE	5	2	3	3	FALSE	TRUE
loop_10471	TRUE	3	4	3	3	FALSE	TRUE
loop_10472	FALSE	3	3	3	3	TRUE	TRUE
loop_10473	FALSE	3	3	3	3	TRUE	TRUE
loop_10474	TRUE	2	3	3	3	FALSE	TRUE
loop_10475	FALSE	3	1	3	1	FALSE	FALSE
loop_10476	TRUE	3	3	2	3	TRUE	FALSE
loop_10477	FALSE	2	3	2	3	FALSE	FALSE
loop_10478	TRUE	3	3	3	2	TRUE	FALSE
loop_10479	TRUE	3	4	3	3	FALSE	TRUE
loop_10480	FALSE	4	2	4	2	FALSE	FALSE
loop_10481	FALSE	2	4	2	4	FALSE	FALSE
loop_10482	FALSE	3	3	3	3	TRUE	TRUE
loop_10483	FALSE	3	3	3	3	TRUE	TRUE
loop_10484	TRUE	2	3	3	3	FALSE	TRUE
loop_10485	FALSE	3	4	3	4	FALSE	FALSE
loop_10486	TRUE	5	2	5	1	FALSE	FALSE
loop_10487	TRUE	3	2	2	4	FALSE	FALSE
loop_10488	FALSE	5	3	5	3	FALSE	FALSE
loop_10489	FALSE	3	3	3	3	TRUE	TRUE
loop_10490	FALSE	3	2	3	2	FALSE	FALSE
loop_10491	TRUE	2	3	3	3	FALSE	TRUE
loop_10492	TRUE	4	2	4	3	FALSE	FALSE
loop_10493	FALSE	3	3	3	3	TRUE	TRUE
loop_10494	TRUE	4	1	4	2	FALSE	FALSE
loop_10495	FALSE	2	4	2	4	FALSE	FALSE
loop_10496	FALSE	3	3	3	3	TRUE	TRUE
loop_10497	FALSE	3	3	3	3	TRUE	TRUE
loop_10498	FALSE	3	3	3	3	TRUE	TRUE
loop_10499	TRUE	5	3	5	1	FALSE	FALSE
loop_10500	FALSE	3	2	3	2	FALSE	FALSE
loop_10501	FALSE	5	1	5	1	FALSE	FALSE
loop_10502	TRUE	3	3	2	4	TRUE	FALSE
loop_10503	FALSE	5	1	5	1	FALSE	FALSE
loop_10504	FALSE	3	3	3	3	TRUE	TRUE
loop_10505	FALSE	3	3	3	3	TRUE	TRUE
loop_10506	FALSE	4	3	4	3	FALSE	FALSE
loop_10507	FALSE	3	2	3	2	FALSE	FALSE
loop_10508	FALSE	3	3	3	3	TRUE	TRUE
loop_10509	FALSE	2	3	2	3	FALSE	FALSE
loop_10510	FALSE	3	3	3	3	TRUE	TRUE
loop_10511	TRUE	3	3	4	3	TRUE	FALSE
loop_10512	TRUE	2	3	3	3	FALSE	TRUE
loop_10513	FALSE	5	1	5	1	FALSE	FALSE
loop_10514	FALSE	4	2	4	2	FALSE	FALSE
loop_10515	TRUE	3	2	4	1	FALSE	FALSE
loop_10516	FALSE	3	3	3	3	TRUE	TRUE
loop_10517	TRUE	4	3	5	3	FALSE	FALSE
loop_10518	FALSE	5	1	5	1	FALSE	FALSE
loop_10519	TRUE	3	2	1	1	FALSE	FALSE
loop_10520	FALSE	3	3	3	3	TRUE	TRUE
loop_10521	TRUE	3	4	3	3	FALSE	TRUE
loop_10522	TRUE	4	4	3	4	FALSE	FALSE
loop_10523	FALSE	3	3	3	3	TRUE	TRUE
loop_10524	FALSE	3	2	3	2	FALSE	FALSE
loop_10525	TRUE	4	2	3	2	FALSE	FALSE
loop_10526	FALSE	3	3	3	3	TRUE	TRUE
loop_10527	FALSE	3	2	3	2	FALSE	FALSE
loop_10528	FALSE	3	3	3	3	TRUE	TRUE
loop_10529	TRUE	5	2	2	3	FALSE	FALSE
loop_10530	FALSE	3	4	3	4	FALSE	FALSE
loop_10531	FALSE	3	3	3	3	TRUE	TRUE
loop_10532	FALSE	3	2	3	2	FALSE	FALSE
loop_10533	FALSE	5	1	5	1	FALSE	FALSE
loop_10534	TRUE	3	2	3	3	FALSE	TRUE
loop_10535	TRUE	4	1	5	1	FALSE	FALSE
loop_10536	TRUE	5	2	5	1	FALSE	FALSE
loop_10537	TRUE	3	3	3	5	TRUE	FALSE
loop_10538	FALSE	3	3	3	3	TRUE	TRUE
loop_10539	TRUE	3	2	3	3	FALSE	TRUE
loop_10540	TRUE	3	3	5	1	TRUE	FALSE
loop_10541	FALSE	3	3	3	3	TRUE	TRUE
loop_10542	TRUE	2	4	3	3	FALSE	TRUE
loop_10543	FALSE	2	2	2	2	FALSE	FALSE
loop_10544	FALSE	5	1	5	1	FALSE	FALSE
loop_10545	TRUE	3	2	3	3	FALSE	TRUE
loop_10546	FALSE	5	1	5	1	FALSE	FALSE
loop_10547	TRUE	3	2	5	1	FALSE	FALSE
loop_10548	TRUE	2	4	1	4	FALSE	FALSE
loop_10549	TRUE	3	3	3	2	TRUE	FALSE
loop_10550	FALSE	3	3	3	3	TRUE	TRUE
loop_10551	FALSE	3	3	3	3	TRUE	TRUE
loop_10552	FALSE	3	3	3	3	TRUE	TRUE
loop_10553	TRUE	2	3	3	4	FALSE	FALSE
loop_10554	FALSE	3	3	3	3	TRUE	TRUE
loop_10555	FALSE	3	3	3	3	TRUE	TRUE
loop_10556	FALSE	3	3	3	3	TRUE	TRUE
loop_10557	TRUE	4	3	3	3	FALSE	TRUE
loop_10558	FALSE	3	3	3	3	TRUE	TRUE
loop_10559	FALSE	3	3	3	3	TRUE	TRUE
loop_10560	FALSE	3	3	3	3	TRUE	TRUE
loop_10561	TRUE	4	2	5	1	FALSE	FALSE
loop_10562	FALSE	3	3	3	3	TRUE	TRUE
loop_10563	TRUE	5	4	4	4	FALSE	FALSE
loop_10564	FALSE	3	3	3	3	TRUE	TRUE
loop_10565	TRUE	3	3	5	2	TRUE	FALSE
loop_10566	TRUE	3	4	3	3	FALSE	TRUE
loop_10567	TRUE	3	3	3	5	TRUE	FALSE
loop_10568	FALSE	3	3	3	3	TRUE	TRUE
loop_10569	TRUE	3	3	3	4	TRUE	FALSE
loop_10570	TRUE	2	4	3	4	FALSE	FALSE
loop_10571	FALSE	2	3	2	3	FALSE	FALSE
loop_10572	FALSE	3	3	3	3	TRUE	TRUE
loop_10573	FALSE	5	1	5	1	FALSE	FALSE
loop_10574	TRUE	5	3	3	3	FALSE	TRUE
loop_10575	FALSE	3	3	3	3	TRUE	TRUE
loop_10576	TRUE	4	1	3	3	FALSE	TRUE
loop_10577	TRUE	2	3	2	4	FALSE	FALSE
loop_10578	FALSE	3	3	3	3	TRUE	TRUE
loop_10579	TRUE	4	1	5	1	FALSE	FALSE
loop_10580	TRUE	3	3	2	3	TRUE	FALSE
loop_10581	TRUE	2	2	2	3	FALSE	FALSE
loop_10582	FALSE	3	3	3	3	TRUE	TRUE
loop_10583	TRUE	5	1	4	1	FALSE	FALSE
loop_10584	FALSE	3	3	3	3	TRUE	TRUE
loop_10585	FALSE	5	1	5	1	FALSE	FALSE
loop_10586	FALSE	3	2	3	2	FALSE	FALSE
loop_10587	TRUE	1	3	3	3	FALSE	TRUE
loop_10588	TRUE	3	3	2	3	TRUE	FALSE
loop_10589	FALSE	3	3	3	3	TRUE	TRUE
loop_10590	FALSE	4	3	4	3	FALSE	FALSE
loop_10591	TRUE	3	2	3	3	FALSE	TRUE
loop_10592	FALSE	3	3	3	3	TRUE	TRUE
loop_10593	FALSE	3	3	3	3	TRUE	TRUE
loop_10594	TRUE	4	3	3	3	FALSE	TRUE
loop_10595	TRUE	2	4	4	4	FALSE	FALSE
loop_10596	FALSE	3	3	3	3	TRUE	TRUE
loop_10597	FALSE	3	3	3	3	TRUE	TRUE
loop_10598	FALSE	3	2	3	2	FALSE	FALSE
loop_10599	FALSE	3	3	3	3	TRUE	TRUE
loop_10600	FALSE	3	3	3	3	TRUE	TRUE
loop_10601	FALSE	3	3	3	3	TRUE	TRUE
loop_10602	FALSE	3	3	3	3	TRUE	TRUE
loop_10603	FALSE	3	3	3	3	TRUE	TRUE
loop_10604	TRUE	3	3	4	1	TRUE	FALSE
loop_10605	TRUE	3	1	5	1	FALSE	FALSE
loop_10606	FALSE	4	2	4	2	FALSE	FALSE
loop_10607	FALSE	3	3	3	3	TRUE	TRUE
loop_10608	TRUE	3	3	2	3	TRUE	FALSE
loop_10609	FALSE	3	3	3	3	TRUE	TRUE
loop_10610	TRUE	1	3	3	2	FALSE	FALSE
loop_10611	TRUE	4	2	4	3	FALSE	FALSE
loop_10612	FALSE	3	3	3	3	TRUE	TRUE
loop_10613	FALSE	3	3	3	3	TRUE	TRUE
loop_10614	FALSE	3	3	3	3	TRUE	TRUE
loop_10615	TRUE	3	3	3	4	TRUE	FALSE
loop_10616	FALSE	3	4	3	4	FALSE	FALSE
loop_10617	FALSE	4	3	4	3	FALSE	FALSE
loop_10618	TRUE	5	1	3	3	FALSE	TRUE
loop_10619	FALSE	2	3	2	3	FALSE	FALSE
loop_10620	TRUE	3	3	3	4	TRUE	FALSE
loop_10621	FALSE	3	3	3	3	TRUE	TRUE
loop_10622	TRUE	3	3	3	4	TRUE	FALSE
loop_10623	FALSE	3	3	3	3	TRUE	TRUE
loop_10624	FALSE	3	3	3	3	TRUE	TRUE
loop_10625	FALSE	3	3	3	3	TRUE	TRUE
loop_10626	TRUE	3	2	5	1	FALSE	FALSE
loop_10627	FALSE	3	3	3	3	TRUE	TRUE
loop_10628	FALSE	3	3	3	3	TRUE	TRUE
loop_10629	FALSE	3	3	3	3	TRUE	TRUE
loop_10630	FALSE	4	3	4	3	FALSE	FALSE
loop_10631	FALSE	4	3	4	3	FALSE	FALSE
loop_10632	TRUE	4	5	3	5	FALSE	FALSE
loop_10633	FALSE	5	1	5	1	FALSE	FALSE
loop_10634	FALSE	3	3	3	3	TRUE	TRUE
loop_10635	FALSE	3	3	3	3	TRUE	TRUE
loop_10636	TRUE	4	2	4	5	FALSE	FALSE
loop_10637	FALSE	3	3	3	3	TRUE	TRUE
loop_10638	TRUE	3	3	2	4	TRUE	FALSE
loop_10639	FALSE	3	2	3	2	FALSE	FALSE
loop_10640	FALSE	2	3	2	3	FALSE	FALSE
loop_10641	FALSE	2	3	2	3	FALSE	FALSE
loop_10642	TRUE	3	2	4	2	FALSE	FALSE
loop_10643	TRUE	5	2	4	2	FALSE	FALSE
loop_10644	FALSE	3	3	3	3	TRUE	TRUE
loop_10645	FALSE	4	3	4	3	FALSE	FALSE
loop_10646	TRUE	3	2	2	2	FALSE	FALSE
loop_10647	TRUE	3	3	3	4	TRUE	FALSE
loop_10648	FALSE	3	3	3	3	TRUE	TRUE
loop_10649	FALSE	3	4	3	4	FALSE	FALSE
loop_10650	FALSE	3	3	3	3	TRUE	TRUE
loop_10651	FALSE	3	3	3	3	TRUE	TRUE
loop_10652	TRUE	3	3	2	2	TRUE	FALSE
loop_10653	FALSE	4	1	4	1	FALSE	FALSE
loop_10654	FALSE	3	3	3	3	TRUE	TRUE
loop_10655	TRUE	4	3	3	4	FALSE	FALSE
loop_10656	FALSE	3	3	3	3	TRUE	TRUE
loop_10657	TRUE	4	2	3	3	FALSE	TRUE
loop_10658	FALSE	3	3	3	3	TRUE	TRUE
loop_10659	FALSE	3	3	3	3	TRUE	TRUE
loop_10660	FALSE	3	3	3	3	TRUE	TRUE
loop_10661	TRUE	3	1	3	4	FALSE	FALSE
loop_10662	TRUE	3	3	3	5	TRUE	FALSE
loop_10663	TRUE	3	4	3	3	FALSE	TRUE
loop_10664	FALSE	3	3	3	3	TRUE	TRUE
loop_10665	TRUE	3	3	2	3	TRUE	FALSE
loop_10666	TRUE	3	3	3	2	TRUE	FALSE
loop_10667	TRUE	2	2	3	3	FALSE	TRUE
loop_10668	FALSE	3	3	3	3	TRUE	TRUE
loop_10669	TRUE	3	3	3	4	TRUE	FALSE
loop_10670	FALSE	3	3	3	3	TRUE	TRUE
loop_10671	FALSE	3	3	3	3	TRUE	TRUE
loop_10672	FALSE	3	3	3	3	TRUE	TRUE
loop_10673	FALSE	1	3	1	3	FALSE	FALSE
loop_10674	FALSE	3	3	3	3	TRUE	TRUE
loop_10675	FALSE	3	3	3	3	TRUE	TRUE
loop_10676	FALSE	3	3	3	3	TRUE	TRUE
loop_10677	TRUE	3	4	4	3	FALSE	FALSE
loop_10678	FALSE	3	3	3	3	TRUE	TRUE
loop_10679	TRUE	4	3	4	2	FALSE	FALSE
loop_10680	FALSE	3	3	3	3	TRUE	TRUE
loop_10681	FALSE	3	3	3	3	TRUE	TRUE
loop_10682	FALSE	3	3	3	3	TRUE	TRUE
loop_10683	FALSE	3	3	3	3	TRUE	TRUE
loop_10684	FALSE	2	3	2	3	FALSE	FALSE
loop_10685	TRUE	3	3	5	1	TRUE	FALSE
loop_10686	FALSE	3	3	3	3	TRUE	TRUE
loop_10687	FALSE	3	3	3	3	TRUE	TRUE
loop_10688	TRUE	4	3	4	2	FALSE	FALSE
loop_10689	TRUE	2	3	3	3	FALSE	TRUE
loop_10690	FALSE	3	3	3	3	TRUE	TRUE
loop_10691	TRUE	3	3	2	2	TRUE	FALSE
loop_10692	FALSE	3	4	3	4	FALSE	FALSE
loop_10693	TRUE	3	4	3	3	FALSE	TRUE
loop_10694	FALSE	3	3	3	3	TRUE	TRUE
loop_10695	TRUE	3	3	3	4	TRUE	FALSE
loop_10696	FALSE	2	2	2	2	FALSE	FALSE
loop_10697	TRUE	4	4	4	3	FALSE	FALSE
loop_10698	TRUE	1	3	5	2	FALSE	FALSE
loop_10699	TRUE	4	3	4	2	FALSE	FALSE
loop_10700	TRUE	3	3	4	4	TRUE	FALSE
loop_10701	TRUE	3	2	3	3	FALSE	TRUE
loop_10702	FALSE	3	3	3	3	TRUE	TRUE
loop_10703	TRUE	3	3	4	3	TRUE	FALSE
loop_10704	FALSE	2	3	2	3	FALSE	FALSE
loop_10705	FALSE	3	3	3	3	TRUE	TRUE
loop_10706	TRUE	3	4	3	3	FALSE	TRUE
loop_10707	FALSE	2	4	2	4	FALSE	FALSE
loop_10708	FALSE	3	3	3	3	TRUE	TRUE
loop_10709	TRUE	3	3	2	3	TRUE	FALSE
loop_10710	FALSE	4	3	4	3	FALSE	FALSE
loop_10711	FALSE	3	3	3	3	TRUE	TRUE
loop_10712	TRUE	3	3	5	4	TRUE	FALSE
loop_10713	FALSE	2	3	2	3	FALSE	FALSE
loop_10714	TRUE	3	4	3	3	FALSE	TRUE
loop_10715	FALSE	3	3	3	3	TRUE	TRUE
loop_10716	FALSE	3	3	3	3	TRUE	TRUE
loop_10717	FALSE	3	3	3	3	TRUE	TRUE
loop_10718	TRUE	3	3	2	3	TRUE	FALSE
loop_10719	FALSE	2	3	2	3	FALSE	FALSE
loop_10720	TRUE	3	3	3	4	TRUE	FALSE
loop_10721	TRUE	2	3	3	3	FALSE	TRUE
loop_10722	TRUE	2	1	3	1	FALSE	FALSE
loop_10723	TRUE	2	3	4	3	FALSE	FALSE
loop_10724	FALSE	3	3	3	3	TRUE	TRUE
loop_10725	TRUE	4	2	4	4	FALSE	FALSE
loop_10726	FALSE	3	3	3	3	TRUE	TRUE
loop_10727	TRUE	2	2	2	3	FALSE	FALSE
loop_10728	TRUE	5	2	2	5	FALSE	FALSE
loop_10729	FALSE	4	2	4	2	FALSE	FALSE
loop_10730	FALSE	3	2	3	2	FALSE	FALSE
loop_10731	TRUE	3	3	3	2	TRUE	FALSE
loop_10732	FALSE	3	3	3	3	TRUE	TRUE
loop_10733	FALSE	3	3	3	3	TRUE	TRUE
loop_10734	FALSE	3	2	3	2	FALSE	FALSE
loop_10735	FALSE	3	4	3	4	FALSE	FALSE
loop_10736	TRUE	3	4	3	3	FALSE	TRUE
loop_10737	FALSE	3	3	3	3	TRUE	TRUE
loop_10738	FALSE	3	3	3	3	TRUE	TRUE
loop_10739	FALSE	3	3	3	3	TRUE	TRUE
loop_10740	TRUE	3	3	3	4	TRUE	FALSE
loop_10741	FALSE	4	3	4	3	FALSE	FALSE
loop_10742	TRUE	3	4	2	4	FALSE	FALSE
loop_10743	FALSE	3	2	3	2	FALSE	FALSE
loop_10744	TRUE	3	3	3	2	TRUE	FALSE
loop_10745	FALSE	3	3	3	3	TRUE	TRUE
loop_10746	TRUE	4	3	3	3	FALSE	TRUE
loop_10747	FALSE	3	3	3	3	TRUE	TRUE
loop_10748	TRUE	2	3	3	3	FALSE	TRUE
loop_10749	TRUE	2	2	2	3	FALSE	FALSE
loop_10750	TRUE	3	2	3	3	FALSE	TRUE
loop_10751	TRUE	2	1	3	2	FALSE	FALSE
loop_10752	FALSE	3	3	3	3	TRUE	TRUE
loop_10753	FALSE	4	3	4	3	FALSE	FALSE
loop_10754	TRUE	3	3	3	4	TRUE	FALSE
loop_10755	TRUE	3	3	5	1	TRUE	FALSE
loop_10756	TRUE	2	4	3	3	FALSE	TRUE
loop_10757	TRUE	4	3	3	3	FALSE	TRUE
loop_10758	TRUE	3	4	3	3	FALSE	TRUE
loop_10759	FALSE	3	2	3	2	FALSE	FALSE
loop_10760	FALSE	3	3	3	3	TRUE	TRUE
loop_10761	TRUE	4	2	3	3	FALSE	TRUE
loop_10762	TRUE	2	3	3	3	FALSE	TRUE
loop_10763	FALSE	3	3	3	3	TRUE	TRUE
loop_10764	TRUE	3	4	3	3	FALSE	TRUE
loop_10765	TRUE	2	4	3	3	FALSE	TRUE
loop_10766	FALSE	3	3	3	3	TRUE	TRUE
loop_10767	FALSE	3	3	3	3	TRUE	TRUE
loop_10768	FALSE	3	3	3	3	TRUE	TRUE
loop_10769	TRUE	2	3	3	3	FALSE	TRUE
loop_10770	TRUE	3	2	3	4	FALSE	FALSE
loop_10771	TRUE	3	5	2	5	FALSE	FALSE
loop_10772	TRUE	2	4	3	3	FALSE	TRUE
loop_10773	FALSE	3	3	3	3	TRUE	TRUE
loop_10774	TRUE	3	3	5	3	TRUE	FALSE
loop_10775	FALSE	3	4	3	4	FALSE	FALSE
loop_10776	FALSE	3	3	3	3	TRUE	TRUE
loop_10777	FALSE	3	3	3	3	TRUE	TRUE
loop_10778	FALSE	2	5	2	5	FALSE	FALSE
loop_10779	FALSE	3	3	3	3	TRUE	TRUE
loop_10780	FALSE	5	4	5	4	FALSE	FALSE
loop_10781	FALSE	3	3	3	3	TRUE	TRUE
loop_10782	FALSE	3	3	3	3	TRUE	TRUE
loop_10783	TRUE	4	1	5	1	FALSE	FALSE
loop_10784	TRUE	3	3	3	2	TRUE	FALSE
loop_10785	TRUE	3	1	4	1	FALSE	FALSE
loop_10786	FALSE	3	3	3	3	TRUE	TRUE
loop_10787	FALSE	3	3	3	3	TRUE	TRUE
loop_10788	TRUE	4	3	4	4	FALSE	FALSE
loop_10789	TRUE	3	2	2	2	FALSE	FALSE
loop_10790	TRUE	3	2	3	3	FALSE	TRUE
loop_10791	FALSE	3	3	3	3	TRUE	TRUE
loop_10792	TRUE	4	3	5	3	FALSE	FALSE
loop_10793	TRUE	2	3	3	3	FALSE	TRUE
loop_10794	TRUE	3	2	3	3	FALSE	TRUE
loop_10795	FALSE	4	3	4	3	FALSE	FALSE
loop_10796	TRUE	2	3	3	3	FALSE	TRUE
loop_10797	TRUE	3	2	4	1	FALSE	FALSE
loop_10798	FALSE	2	3	2	3	FALSE	FALSE
loop_10799	TRUE	2	4	3	3	FALSE	TRUE
loop_10800	FALSE	3	3	3	3	TRUE	TRUE
loop_10801	TRUE	3	1	3	2	FALSE	FALSE
loop_10802	TRUE	4	3	3	2	FALSE	FALSE
loop_10803	FALSE	3	3	3	3	TRUE	TRUE
loop_10804	FALSE	3	3	3	3	TRUE	TRUE
loop_10805	FALSE	3	3	3	3	TRUE	TRUE
loop_10806	TRUE	3	2	3	3	FALSE	TRUE
loop_10807	TRUE	3	3	3	2	TRUE	FALSE
loop_10808	FALSE	3	3	3	3	TRUE	TRUE
loop_10809	TRUE	1	3	2	3	FALSE	FALSE
loop_10810	TRUE	3	1	3	2	FALSE	FALSE
loop_10811	TRUE	2	4	3	3	FALSE	TRUE
loop_10812	TRUE	2	4	3	3	FALSE	TRUE
loop_10813	TRUE	3	2	3	3	FALSE	TRUE
loop_10814	FALSE	3	3	3	3	TRUE	TRUE
loop_10815	FALSE	3	3	3	3	TRUE	TRUE
loop_10816	TRUE	3	3	2	2	TRUE	FALSE
loop_10817	TRUE	3	3	4	3	TRUE	FALSE
loop_10818	TRUE	3	3	4	4	TRUE	FALSE
loop_10819	FALSE	4	3	4	3	FALSE	FALSE
loop_10820	TRUE	2	3	3	3	FALSE	TRUE
loop_10821	TRUE	3	1	4	2	FALSE	FALSE
loop_10822	TRUE	3	4	3	3	FALSE	TRUE
loop_10823	FALSE	3	3	3	3	TRUE	TRUE
loop_10824	FALSE	3	4	3	4	FALSE	FALSE
loop_10825	FALSE	3	3	3	3	TRUE	TRUE
loop_10826	TRUE	3	3	3	2	TRUE	FALSE
loop_10827	TRUE	5	2	4	3	FALSE	FALSE
loop_10828	TRUE	3	3	4	3	TRUE	FALSE
loop_10829	TRUE	3	3	3	4	TRUE	FALSE
loop_10830	TRUE	2	3	2	4	FALSE	FALSE
loop_10831	TRUE	2	5	3	3	FALSE	TRUE
loop_10832	TRUE	4	3	3	4	FALSE	FALSE
loop_10833	TRUE	3	3	2	3	TRUE	FALSE
loop_10834	FALSE	4	2	4	2	FALSE	FALSE
loop_10835	TRUE	4	3	3	3	FALSE	TRUE
loop_10836	TRUE	1	5	3	3	FALSE	TRUE
loop_10837	FALSE	1	4	1	4	FALSE	FALSE
loop_10838	TRUE	2	3	3	3	FALSE	TRUE
loop_10839	TRUE	3	3	3	4	TRUE	FALSE
loop_10840	FALSE	3	3	3	3	TRUE	TRUE
loop_10841	FALSE	3	3	3	3	TRUE	TRUE
loop_10842	TRUE	4	4	3	3	FALSE	TRUE
loop_10843	TRUE	3	3	2	3	TRUE	FALSE
loop_10844	TRUE	3	3	3	4	TRUE	FALSE
loop_10845	FALSE	2	2	2	2	FALSE	FALSE
loop_10846	FALSE	3	3	3	3	TRUE	TRUE
loop_10847	FALSE	4	3	4	3	FALSE	FALSE
loop_10848	TRUE	4	5	3	3	FALSE	TRUE
loop_10849	TRUE	4	4	4	3	FALSE	FALSE
loop_10850	TRUE	3	3	2	4	TRUE	FALSE
loop_10851	TRUE	3	4	3	3	FALSE	TRUE
loop_10852	TRUE	4	3	3	3	FALSE	TRUE
loop_10853	TRUE	2	4	3	3	FALSE	TRUE
loop_10854	FALSE	3	4	3	4	FALSE	FALSE
loop_10855	FALSE	3	3	3	3	TRUE	TRUE
loop_10856	FALSE	3	3	3	3	TRUE	TRUE
loop_10857	FALSE	3	3	3	3	TRUE	TRUE
loop_10858	FALSE	3	3	3	3	TRUE	TRUE
loop_10859	FALSE	3	3	3	3	TRUE	TRUE
loop_10860	FALSE	3	3	3	3	TRUE	TRUE
loop_10861	TRUE	4	3	5	1	FALSE	FALSE
loop_10862	TRUE	4	3	3	3	FALSE	TRUE
loop_10863	FALSE	3	3	3	3	TRUE	TRUE
loop_10864	FALSE	5	1	5	1	FALSE	FALSE
loop_10865	FALSE	3	3	3	3	TRUE	TRUE
loop_10866	FALSE	3	3	3	3	TRUE	TRUE
loop_10867	TRUE	3	3	2	3	TRUE	FALSE
loop_10868	FALSE	3	3	3	3	TRUE	TRUE
loop_10869	FALSE	3	4	3	4	FALSE	FALSE
loop_10870	FALSE	3	3	3	3	TRUE	TRUE
loop_10871	FALSE	3	3	3	3	TRUE	TRUE
loop_10872	FALSE	3	3	3	3	TRUE	TRUE
loop_10873	TRUE	5	1	3	3	FALSE	TRUE
loop_10874	FALSE	3	3	3	3	TRUE	TRUE
loop_10875	FALSE	3	3	3	3	TRUE	TRUE
loop_10876	TRUE	3	3	3	4	TRUE	FALSE
loop_10877	TRUE	2	3	3	3	FALSE	TRUE
loop_10878	TRUE	3	2	2	2	FALSE	FALSE
loop_10879	TRUE	3	3	4	3	TRUE	FALSE
loop_10880	FALSE	3	3	3	3	TRUE	TRUE
loop_10881	FALSE	3	3	3	3	TRUE	TRUE
loop_10882	TRUE	3	4	3	3	FALSE	TRUE
loop_10883	TRUE	4	2	4	1	FALSE	FALSE
loop_10884	TRUE	2	3	3	3	FALSE	TRUE
loop_10885	FALSE	3	3	3	3	TRUE	TRUE
loop_10886	FALSE	3	3	3	3	TRUE	TRUE
loop_10887	FALSE	5	1	5	1	FALSE	FALSE
loop_10888	TRUE	3	3	1	4	TRUE	FALSE
loop_10889	TRUE	2	3	3	3	FALSE	TRUE
loop_10890	FALSE	3	3	3	3	TRUE	TRUE
loop_10891	FALSE	3	2	3	2	FALSE	FALSE
loop_10892	TRUE	3	1	4	1	FALSE	FALSE
loop_10893	FALSE	3	3	3	3	TRUE	TRUE
loop_10894	TRUE	1	4	3	4	FALSE	FALSE
loop_10895	FALSE	3	3	3	3	TRUE	TRUE
loop_10896	TRUE	3	2	3	3	FALSE	TRUE
loop_10897	FALSE	3	3	3	3	TRUE	TRUE
loop_10898	FALSE	2	3	2	3	FALSE	FALSE
loop_10899	TRUE	2	3	1	3	FALSE	FALSE
loop_10900	FALSE	2	2	2	2	FALSE	FALSE
loop_10901	FALSE	3	3	3	3	TRUE	TRUE
loop_10902	FALSE	3	3	3	3	TRUE	TRUE
loop_10903	TRUE	3	3	3	2	TRUE	FALSE
loop_10904	FALSE	3	3	3	3	TRUE	TRUE
loop_10905	TRUE	2	3	3	2	FALSE	FALSE
loop_10906	FALSE	3	3	3	3	TRUE	TRUE
loop_10907	FALSE	3	3	3	3	TRUE	TRUE
loop_10908	TRUE	3	3	2	3	TRUE	FALSE
loop_10909	FALSE	5	1	5	1	FALSE	FALSE
loop_10910	FALSE	3	3	3	3	TRUE	TRUE
loop_10911	FALSE	5	1	5	1	FALSE	FALSE
loop_10912	FALSE	3	3	3	3	TRUE	TRUE
loop_10913	FALSE	5	1	5	1	FALSE	FALSE
loop_10914	FALSE	3	2	3	2	FALSE	FALSE
loop_10915	FALSE	2	4	2	4	FALSE	FALSE
loop_10916	FALSE	3	3	3	3	TRUE	TRUE
loop_10917	FALSE	3	3	3	3	TRUE	TRUE
loop_10918	FALSE	3	2	3	2	FALSE	FALSE
loop_10919	FALSE	3	3	3	3	TRUE	TRUE
loop_10920	FALSE	5	1	5	1	FALSE	FALSE
loop_10921	FALSE	3	3	3	3	TRUE	TRUE
loop_10922	FALSE	3	3	3	3	TRUE	TRUE
loop_10923	TRUE	3	3	3	2	TRUE	FALSE
loop_10924	FALSE	3	3	3	3	TRUE	TRUE
loop_10925	TRUE	2	3	3	3	FALSE	TRUE
loop_10926	TRUE	3	3	5	3	TRUE	FALSE
loop_10927	TRUE	4	2	3	1	FALSE	FALSE
loop_10928	FALSE	3	3	3	3	TRUE	TRUE
loop_10929	TRUE	3	4	4	3	FALSE	FALSE
loop_10930	FALSE	3	2	3	2	FALSE	FALSE
loop_10931	TRUE	3	3	4	3	TRUE	FALSE
loop_10932	TRUE	4	3	3	3	FALSE	TRUE
loop_10933	FALSE	3	3	3	3	TRUE	TRUE
loop_10934	FALSE	5	2	5	2	FALSE	FALSE
loop_10935	FALSE	3	3	3	3	TRUE	TRUE
loop_10936	TRUE	2	3	3	3	FALSE	TRUE
loop_10937	FALSE	3	3	3	3	TRUE	TRUE
loop_10938	FALSE	3	3	3	3	TRUE	TRUE
loop_10939	TRUE	3	2	3	3	FALSE	TRUE
loop_10940	TRUE	5	2	5	1	FALSE	FALSE
loop_10941	TRUE	5	1	3	3	FALSE	TRUE
loop_10942	TRUE	3	3	2	3	TRUE	FALSE
loop_10943	FALSE	3	3	3	3	TRUE	TRUE
loop_10944	FALSE	3	3	3	3	TRUE	TRUE
loop_10945	FALSE	3	3	3	3	TRUE	TRUE
loop_10946	FALSE	3	3	3	3	TRUE	TRUE
loop_10947	TRUE	2	3	3	3	FALSE	TRUE
loop_10948	FALSE	3	3	3	3	TRUE	TRUE
loop_10949	TRUE	2	3	3	3	FALSE	TRUE
loop_10950	TRUE	2	2	3	3	FALSE	TRUE
loop_10951	TRUE	4	3	3	3	FALSE	TRUE
loop_10952	FALSE	3	3	3	3	TRUE	TRUE
loop_10953	FALSE	3	4	3	4	FALSE	FALSE
loop_10954	TRUE	3	2	3	3	FALSE	TRUE
loop_10955	FALSE	3	3	3	3	TRUE	TRUE
loop_10956	FALSE	3	3	3	3	TRUE	TRUE
loop_10957	FALSE	3	3	3	3	TRUE	TRUE
loop_10958	FALSE	3	4	3	4	FALSE	FALSE
loop_10959	TRUE	3	4	3	3	FALSE	TRUE
loop_10960	FALSE	4	2	4	2	FALSE	FALSE
loop_10961	TRUE	4	2	3	3	FALSE	TRUE
loop_10962	FALSE	3	3	3	3	TRUE	TRUE
loop_10963	TRUE	3	2	2	2	FALSE	FALSE
loop_10964	TRUE	2	2	2	3	FALSE	FALSE
loop_10965	TRUE	3	4	3	3	FALSE	TRUE
loop_10966	TRUE	3	4	2	4	FALSE	FALSE
loop_10967	TRUE	5	2	3	3	FALSE	TRUE
loop_10968	TRUE	3	3	3	1	TRUE	FALSE
loop_10969	FALSE	3	3	3	3	TRUE	TRUE
loop_10970	TRUE	3	4	3	5	FALSE	FALSE
loop_10971	TRUE	4	3	3	3	FALSE	TRUE
loop_10972	TRUE	3	3	4	1	TRUE	FALSE
loop_10973	TRUE	3	2	2	3	FALSE	FALSE
loop_10974	FALSE	3	3	3	3	TRUE	TRUE
loop_10975	FALSE	5	1	5	1	FALSE	FALSE
loop_10976	FALSE	3	3	3	3	TRUE	TRUE
loop_10977	FALSE	3	3	3	3	TRUE	TRUE
loop_10978	TRUE	4	2	4	3	FALSE	FALSE
loop_10979	FALSE	3	3	3	3	TRUE	TRUE
loop_10980	TRUE	2	4	2	3	FALSE	FALSE
loop_10981	FALSE	3	3	3	3	TRUE	TRUE
loop_10982	FALSE	3	3	3	3	TRUE	TRUE
loop_10983	FALSE	3	2	3	2	FALSE	FALSE
loop_10984	FALSE	3	3	3	3	TRUE	TRUE
loop_10985	TRUE	2	3	2	4	FALSE	FALSE
loop_10986	FALSE	3	3	3	3	TRUE	TRUE
loop_10987	TRUE	3	2	5	1	FALSE	FALSE
loop_10988	TRUE	3	3	4	2	TRUE	FALSE
loop_10989	FALSE	3	3	3	3	TRUE	TRUE
loop_10990	TRUE	3	3	5	1	TRUE	FALSE
loop_10991	TRUE	3	4	3	3	FALSE	TRUE
loop_10992	TRUE	5	1	4	1	FALSE	FALSE
loop_10993	TRUE	2	4	3	4	FALSE	FALSE
loop_10994	TRUE	3	2	4	3	FALSE	FALSE
loop_10995	FALSE	3	3	3	3	TRUE	TRUE
loop_10996	TRUE	5	1	3	3	FALSE	TRUE
loop_10997	TRUE	3	4	2	4	FALSE	FALSE
loop_10998	FALSE	3	3	3	3	TRUE	TRUE
loop_10999	FALSE	3	3	3	3	TRUE	TRUE
loop_11000	FALSE	3	3	3	3	TRUE	TRUE
loop_11001	TRUE	4	3	3	3	FALSE	TRUE
loop_11002	TRUE	3	3	2	4	TRUE	FALSE
loop_11003	TRUE	2	3	3	3	FALSE	TRUE
loop_11004	FALSE	3	3	3	3	TRUE	TRUE
loop_11005	FALSE	3	2	3	2	FALSE	FALSE
loop_11006	TRUE	4	3	3	3	FALSE	TRUE
loop_11007	TRUE	3	2	3	3	FALSE	TRUE
loop_11008	TRUE	4	4	4	3	FALSE	FALSE
loop_11009	TRUE	4	2	3	3	FALSE	TRUE
loop_11010	TRUE	4	3	3	3	FALSE	TRUE
loop_11011	FALSE	3	3	3	3	TRUE	TRUE
loop_11012	FALSE	5	2	5	2	FALSE	FALSE
loop_11013	FALSE	3	3	3	3	TRUE	TRUE
loop_11014	FALSE	3	3	3	3	TRUE	TRUE
loop_11015	FALSE	3	3	3	3	TRUE	TRUE
loop_11016	TRUE	2	3	3	3	FALSE	TRUE
loop_11017	TRUE	2	3	3	3	FALSE	TRUE
loop_11018	FALSE	3	3	3	3	TRUE	TRUE
loop_11019	FALSE	3	3	3	3	TRUE	TRUE
loop_11020	FALSE	3	3	3	3	TRUE	TRUE
loop_11021	TRUE	4	1	3	2	FALSE	FALSE
loop_11022	TRUE	2	2	3	3	FALSE	TRUE
loop_11023	TRUE	5	1	4	1	FALSE	FALSE
loop_11024	FALSE	3	3	3	3	TRUE	TRUE
loop_11025	FALSE	3	3	3	3	TRUE	TRUE
loop_11026	TRUE	3	3	4	3	TRUE	FALSE
loop_11027	TRUE	4	4	3	4	FALSE	FALSE
loop_11028	TRUE	3	3	2	3	TRUE	FALSE
loop_11029	TRUE	3	2	3	3	FALSE	TRUE
loop_11030	FALSE	3	3	3	3	TRUE	TRUE
loop_11031	TRUE	2	3	3	3	FALSE	TRUE
loop_11032	FALSE	3	3	3	3	TRUE	TRUE
loop_11033	TRUE	4	2	4	3	FALSE	FALSE
loop_11034	TRUE	3	3	4	3	TRUE	FALSE
loop_11035	TRUE	2	3	3	3	FALSE	TRUE
loop_11036	FALSE	3	3	3	3	TRUE	TRUE
loop_11037	FALSE	3	3	3	3	TRUE	TRUE
loop_11038	FALSE	3	3	3	3	TRUE	TRUE
loop_11039	FALSE	3	3	3	3	TRUE	TRUE
loop_11040	TRUE	2	3	3	3	FALSE	TRUE
loop_11041	TRUE	3	3	3	2	TRUE	FALSE
loop_11042	TRUE	4	3	3	3	FALSE	TRUE
loop_11043	TRUE	3	2	2	4	FALSE	FALSE
loop_11044	TRUE	3	4	3	3	FALSE	TRUE
loop_11045	FALSE	4	3	4	3	FALSE	FALSE
loop_11046	FALSE	3	3	3	3	TRUE	TRUE
loop_11047	FALSE	3	3	3	3	TRUE	TRUE
loop_11048	TRUE	2	4	3	4	FALSE	FALSE
loop_11049	FALSE	3	2	3	2	FALSE	FALSE
loop_11050	FALSE	3	3	3	3	TRUE	TRUE
loop_11051	FALSE	3	3	3	3	TRUE	TRUE
loop_11052	FALSE	3	4	3	4	FALSE	FALSE
loop_11053	FALSE	3	2	3	2	FALSE	FALSE
loop_11054	FALSE	4	3	4	3	FALSE	FALSE
loop_11055	FALSE	3	3	3	3	TRUE	TRUE
loop_11056	FALSE	2	3	2	3	FALSE	FALSE
loop_11057	FALSE	3	4	3	4	FALSE	FALSE
loop_11058	FALSE	3	3	3	3	TRUE	TRUE
loop_11059	TRUE	1	3	2	3	FALSE	FALSE
loop_11060	TRUE	3	2	3	3	FALSE	TRUE
loop_11061	FALSE	3	3	3	3	TRUE	TRUE
loop_11062	TRUE	4	2	3	2	FALSE	FALSE
loop_11063	FALSE	3	3	3	3	TRUE	TRUE
loop_11064	TRUE	3	5	3	3	FALSE	TRUE
loop_11065	TRUE	3	3	4	2	TRUE	FALSE
loop_11066	FALSE	3	5	3	5	FALSE	FALSE
loop_11067	FALSE	3	3	3	3	TRUE	TRUE
loop_11068	TRUE	5	2	3	4	FALSE	FALSE
loop_11069	TRUE	5	1	3	3	FALSE	TRUE
loop_11070	FALSE	3	3	3	3	TRUE	TRUE
loop_11071	FALSE	3	4	3	4	FALSE	FALSE
loop_11072	FALSE	3	3	3	3	TRUE	TRUE
loop_11073	TRUE	4	3	3	3	FALSE	TRUE
loop_11074	TRUE	4	3	3	3	FALSE	TRUE
loop_11075	FALSE	3	3	3	3	TRUE	TRUE
loop_11076	TRUE	3	3	5	1	TRUE	FALSE
loop_11077	TRUE	3	4	3	3	FALSE	TRUE
loop_11078	TRUE	3	4	3	3	FALSE	TRUE
loop_11079	TRUE	2	3	3	3	FALSE	TRUE
loop_11080	FALSE	3	3	3	3	TRUE	TRUE
loop_11081	TRUE	3	4	3	3	FALSE	TRUE
loop_11082	TRUE	2	3	2	4	FALSE	FALSE
loop_11083	TRUE	2	1	2	2	FALSE	FALSE
loop_11084	TRUE	2	4	2	3	FALSE	FALSE
loop_11085	FALSE	3	2	3	2	FALSE	FALSE
loop_11086	FALSE	3	3	3	3	TRUE	TRUE
loop_11087	TRUE	4	3	5	3	FALSE	FALSE
loop_11088	TRUE	3	3	3	2	TRUE	FALSE
loop_11089	FALSE	3	4	3	4	FALSE	FALSE
loop_11090	FALSE	3	3	3	3	TRUE	TRUE
loop_11091	FALSE	2	3	2	3	FALSE	FALSE
loop_11092	TRUE	3	2	3	3	FALSE	TRUE
loop_11093	FALSE	3	3	3	3	TRUE	TRUE
loop_11094	TRUE	5	3	4	3	FALSE	FALSE
loop_11095	FALSE	3	3	3	3	TRUE	TRUE
loop_11096	FALSE	3	3	3	3	TRUE	TRUE
loop_11097	FALSE	3	3	3	3	TRUE	TRUE
loop_11098	TRUE	1	3	2	3	FALSE	FALSE
loop_11099	TRUE	3	4	3	5	FALSE	FALSE
loop_11100	TRUE	4	3	3	3	FALSE	TRUE
loop_11101	TRUE	3	3	4	3	TRUE	FALSE
loop_11102	TRUE	2	3	3	3	FALSE	TRUE
loop_11103	TRUE	3	3	2	2	TRUE	FALSE
loop_11104	TRUE	3	3	4	3	TRUE	FALSE
loop_11105	FALSE	3	3	3	3	TRUE	TRUE
loop_11106	TRUE	3	4	3	3	FALSE	TRUE
loop_11107	TRUE	3	2	3	3	FALSE	TRUE
loop_11108	TRUE	2	3	3	3	FALSE	TRUE
loop_11109	FALSE	4	3	4	3	FALSE	FALSE
loop_11110	FALSE	3	4	3	4	FALSE	FALSE
loop_11111	FALSE	3	2	3	2	FALSE	FALSE
loop_11112	FALSE	3	3	3	3	TRUE	TRUE
loop_11113	TRUE	3	3	3	4	TRUE	FALSE
loop_11114	FALSE	3	3	3	3	TRUE	TRUE
loop_11115	FALSE	3	3	3	3	TRUE	TRUE
loop_11116	FALSE	3	2	3	2	FALSE	FALSE
loop_11117	TRUE	4	3	3	3	FALSE	TRUE
loop_11118	FALSE	3	3	3	3	TRUE	TRUE
loop_11119	TRUE	3	2	3	3	FALSE	TRUE
loop_11120	TRUE	3	3	3	4	TRUE	FALSE
loop_11121	TRUE	4	2	3	3	FALSE	TRUE
loop_11122	FALSE	4	2	4	2	FALSE	FALSE
loop_11123	TRUE	3	3	3	2	TRUE	FALSE
loop_11124	TRUE	3	2	4	2	FALSE	FALSE
loop_11125	TRUE	3	3	1	2	TRUE	FALSE
loop_11126	TRUE	3	2	3	3	FALSE	TRUE
loop_11127	TRUE	2	2	3	1	FALSE	FALSE
loop_11128	TRUE	4	3	4	4	FALSE	FALSE
loop_11129	FALSE	3	2	3	2	FALSE	FALSE
loop_11130	TRUE	3	3	4	5	TRUE	FALSE
loop_11131	FALSE	3	3	3	3	TRUE	TRUE
loop_11132	TRUE	3	3	2	3	TRUE	FALSE
loop_11133	TRUE	3	4	3	3	FALSE	TRUE
loop_11134	FALSE	4	3	4	3	FALSE	FALSE
loop_11135	TRUE	3	2	3	4	FALSE	FALSE
loop_11136	TRUE	3	3	4	3	TRUE	FALSE
loop_11137	FALSE	2	3	2	3	FALSE	FALSE
loop_11138	FALSE	3	3	3	3	TRUE	TRUE
loop_11139	FALSE	3	2	3	2	FALSE	FALSE
loop_11140	FALSE	3	4	3	4	FALSE	FALSE
loop_11141	FALSE	3	3	3	3	TRUE	TRUE
loop_11142	FALSE	3	3	3	3	TRUE	TRUE
loop_11143	TRUE	3	4	3	3	FALSE	TRUE
loop_11144	FALSE	3	4	3	4	FALSE	FALSE
loop_11145	TRUE	3	4	3	3	FALSE	TRUE
loop_11146	TRUE	4	3	2	4	FALSE	FALSE
loop_11147	FALSE	3	3	3	3	TRUE	TRUE
loop_11148	FALSE	3	3	3	3	TRUE	TRUE
loop_11149	TRUE	3	3	3	4	TRUE	FALSE
loop_11150	TRUE	4	3	3	3	FALSE	TRUE
loop_11151	TRUE	4	3	4	4	FALSE	FALSE
loop_11152	TRUE	3	2	3	3	FALSE	TRUE
loop_11153	FALSE	3	3	3	3	TRUE	TRUE
loop_11154	FALSE	3	3	3	3	TRUE	TRUE
loop_11155	TRUE	4	3	3	3	FALSE	TRUE
loop_11156	FALSE	3	3	3	3	TRUE	TRUE
loop_11157	FALSE	2	3	2	3	FALSE	FALSE
loop_11158	FALSE	3	3	3	3	TRUE	TRUE
loop_11159	TRUE	3	3	2	3	TRUE	FALSE
loop_11160	FALSE	3	3	3	3	TRUE	TRUE
loop_11161	FALSE	3	3	3	3	TRUE	TRUE
loop_11162	FALSE	3	3	3	3	TRUE	TRUE
loop_11163	FALSE	3	3	3	3	TRUE	TRUE
loop_11164	FALSE	3	3	3	3	TRUE	TRUE
loop_11165	TRUE	3	2	3	3	FALSE	TRUE
loop_11166	FALSE	3	3	3	3	TRUE	TRUE
loop_11167	FALSE	3	3	3	3	TRUE	TRUE
loop_11168	FALSE	3	3	3	3	TRUE	TRUE
loop_11169	FALSE	3	3	3	3	TRUE	TRUE
loop_11170	TRUE	3	3	5	1	TRUE	FALSE
loop_11171	TRUE	3	3	4	3	TRUE	FALSE
loop_11172	FALSE	3	3	3	3	TRUE	TRUE
loop_11173	FALSE	3	3	3	3	TRUE	TRUE
loop_11174	FALSE	4	3	4	3	FALSE	FALSE
loop_11175	FALSE	3	4	3	4	FALSE	FALSE
loop_11176	TRUE	4	2	3	3	FALSE	TRUE
loop_11177	FALSE	4	3	4	3	FALSE	FALSE
loop_11178	TRUE	5	1	5	2	FALSE	FALSE
loop_11179	FALSE	2	3	2	3	FALSE	FALSE
loop_11180	FALSE	3	3	3	3	TRUE	TRUE
loop_11181	TRUE	3	3	2	3	TRUE	FALSE
loop_11182	FALSE	3	3	3	3	TRUE	TRUE
loop_11183	FALSE	3	3	3	3	TRUE	TRUE
loop_11184	FALSE	3	3	3	3	TRUE	TRUE
loop_11185	FALSE	3	3	3	3	TRUE	TRUE
loop_11186	FALSE	3	3	3	3	TRUE	TRUE
loop_11187	TRUE	5	1	3	3	FALSE	TRUE
loop_11188	FALSE	3	3	3	3	TRUE	TRUE
loop_11189	FALSE	3	3	3	3	TRUE	TRUE
loop_11190	TRUE	3	3	3	2	TRUE	FALSE
loop_11191	FALSE	3	3	3	3	TRUE	TRUE
loop_11192	FALSE	3	3	3	3	TRUE	TRUE
loop_11193	TRUE	3	3	1	4	TRUE	FALSE
loop_11194	FALSE	3	4	3	4	FALSE	FALSE
loop_11195	FALSE	3	3	3	3	TRUE	TRUE
loop_11196	FALSE	3	3	3	3	TRUE	TRUE
loop_11197	TRUE	1	4	2	4	FALSE	FALSE
loop_11198	TRUE	3	2	4	2	FALSE	FALSE
loop_11199	TRUE	4	3	3	2	FALSE	FALSE
loop_11200	TRUE	3	2	3	3	FALSE	TRUE
loop_11201	FALSE	3	3	3	3	TRUE	TRUE
loop_11202	TRUE	2	4	5	1	FALSE	FALSE
loop_11203	TRUE	3	3	5	1	TRUE	FALSE
loop_11204	FALSE	3	3	3	3	TRUE	TRUE
loop_11205	FALSE	3	3	3	3	TRUE	TRUE
loop_11206	FALSE	3	3	3	3	TRUE	TRUE
loop_11207	FALSE	3	3	3	3	TRUE	TRUE
loop_11208	FALSE	3	3	3	3	TRUE	TRUE
loop_11209	FALSE	2	4	2	4	FALSE	FALSE
loop_11210	FALSE	3	3	3	3	TRUE	TRUE
loop_11211	TRUE	3	3	2	3	TRUE	FALSE
loop_11212	TRUE	3	3	3	2	TRUE	FALSE
loop_11213	TRUE	5	2	4	2	FALSE	FALSE
loop_11214	FALSE	2	4	2	4	FALSE	FALSE
loop_11215	FALSE	3	3	3	3	TRUE	TRUE
loop_11216	FALSE	3	3	3	3	TRUE	TRUE
loop_11217	FALSE	3	3	3	3	TRUE	TRUE
loop_11218	FALSE	5	1	5	1	FALSE	FALSE
loop_11219	FALSE	3	3	3	3	TRUE	TRUE
loop_11220	TRUE	4	1	5	1	FALSE	FALSE
loop_11221	FALSE	3	3	3	3	TRUE	TRUE
loop_11222	FALSE	3	3	3	3	TRUE	TRUE
loop_11223	FALSE	3	3	3	3	TRUE	TRUE
loop_11224	TRUE	3	2	3	3	FALSE	TRUE
loop_11225	TRUE	3	5	5	1	FALSE	FALSE
loop_11226	TRUE	5	2	3	2	FALSE	FALSE
loop_11227	FALSE	3	3	3	3	TRUE	TRUE
loop_11228	TRUE	5	1	4	1	FALSE	FALSE
loop_11229	FALSE	5	1	5	1	FALSE	FALSE
loop_11230	FALSE	3	3	3	3	TRUE	TRUE
loop_11231	TRUE	4	3	5	1	FALSE	FALSE
loop_11232	TRUE	3	4	1	3	FALSE	FALSE
loop_11233	FALSE	3	3	3	3	TRUE	TRUE
loop_11234	FALSE	3	3	3	3	TRUE	TRUE
loop_11235	FALSE	5	1	5	1	FALSE	FALSE
loop_11236	FALSE	3	3	3	3	TRUE	TRUE
loop_11237	FALSE	3	3	3	3	TRUE	TRUE
loop_11238	FALSE	3	3	3	3	TRUE	TRUE
loop_11239	FALSE	3	3	3	3	TRUE	TRUE
loop_11240	TRUE	4	1	5	1	FALSE	FALSE
loop_11241	TRUE	4	3	3	4	FALSE	FALSE
loop_11242	TRUE	5	3	5	2	FALSE	FALSE
loop_11243	FALSE	3	3	3	3	TRUE	TRUE
loop_11244	TRUE	5	2	5	1	FALSE	FALSE
loop_11245	TRUE	3	4	2	3	FALSE	FALSE
loop_11246	FALSE	3	3	3	3	TRUE	TRUE
loop_11247	FALSE	3	3	3	3	TRUE	TRUE
loop_11248	TRUE	3	3	4	2	TRUE	FALSE
loop_11249	FALSE	3	3	3	3	TRUE	TRUE
loop_11250	FALSE	5	3	5	3	FALSE	FALSE
loop_11251	FALSE	3	4	3	4	FALSE	FALSE
loop_11252	TRUE	3	3	3	2	TRUE	FALSE
loop_11253	TRUE	3	3	3	4	TRUE	FALSE
loop_11254	FALSE	3	2	3	2	FALSE	FALSE
loop_11255	FALSE	3	3	3	3	TRUE	TRUE
loop_11256	FALSE	3	3	3	3	TRUE	TRUE
loop_11257	FALSE	3	3	3	3	TRUE	TRUE
loop_11258	FALSE	4	3	4	3	FALSE	FALSE
loop_11259	TRUE	2	3	3	3	FALSE	TRUE
loop_11260	TRUE	3	4	3	3	FALSE	TRUE
loop_11261	FALSE	5	1	5	1	FALSE	FALSE
loop_11262	FALSE	3	3	3	3	TRUE	TRUE
loop_11263	TRUE	5	1	5	2	FALSE	FALSE
loop_11264	FALSE	3	4	3	4	FALSE	FALSE
loop_11265	TRUE	3	3	5	1	TRUE	FALSE
loop_11266	TRUE	3	3	2	3	TRUE	FALSE
loop_11267	TRUE	3	3	4	3	TRUE	FALSE
loop_11268	FALSE	5	1	5	1	FALSE	FALSE
loop_11269	TRUE	3	2	5	2	FALSE	FALSE
loop_11270	FALSE	3	3	3	3	TRUE	TRUE
loop_11271	FALSE	3	3	3	3	TRUE	TRUE
loop_11272	TRUE	5	3	5	1	FALSE	FALSE
loop_11273	FALSE	3	3	3	3	TRUE	TRUE
loop_11274	FALSE	3	2	3	2	FALSE	FALSE
loop_11275	TRUE	3	3	2	3	TRUE	FALSE
loop_11276	FALSE	5	1	5	1	FALSE	FALSE
loop_11277	TRUE	3	2	3	3	FALSE	TRUE
loop_11278	FALSE	3	3	3	3	TRUE	TRUE
loop_11279	FALSE	3	3	3	3	TRUE	TRUE
loop_11280	FALSE	3	3	3	3	TRUE	TRUE
loop_11281	FALSE	3	3	3	3	TRUE	TRUE
loop_11282	TRUE	2	3	3	3	FALSE	TRUE
loop_11283	FALSE	3	3	3	3	TRUE	TRUE
loop_11284	FALSE	3	2	3	2	FALSE	FALSE
loop_11285	FALSE	3	3	3	3	TRUE	TRUE
loop_11286	TRUE	4	3	3	3	FALSE	TRUE
loop_11287	TRUE	2	3	3	3	FALSE	TRUE
loop_11288	FALSE	3	3	3	3	TRUE	TRUE
loop_11289	TRUE	4	3	3	3	FALSE	TRUE
loop_11290	TRUE	3	3	2	3	TRUE	FALSE
loop_11291	TRUE	5	1	4	1	FALSE	FALSE
loop_11292	TRUE	3	5	3	4	FALSE	FALSE
loop_11293	FALSE	3	3	3	3	TRUE	TRUE
loop_11294	FALSE	3	3	3	3	TRUE	TRUE
loop_11295	FALSE	4	3	4	3	FALSE	FALSE
loop_11296	TRUE	3	3	2	2	TRUE	FALSE
loop_11297	FALSE	3	3	3	3	TRUE	TRUE
loop_11298	FALSE	3	3	3	3	TRUE	TRUE
loop_11299	FALSE	3	3	3	3	TRUE	TRUE
loop_11300	FALSE	3	3	3	3	TRUE	TRUE
loop_11301	TRUE	4	2	3	4	FALSE	FALSE
loop_11302	TRUE	4	1	3	3	FALSE	TRUE
loop_11303	FALSE	3	3	3	3	TRUE	TRUE
loop_11304	TRUE	3	3	2	3	TRUE	FALSE
loop_11305	TRUE	3	3	4	2	TRUE	FALSE
loop_11306	FALSE	2	3	2	3	FALSE	FALSE
loop_11307	TRUE	3	2	3	3	FALSE	TRUE
loop_11308	FALSE	3	3	3	3	TRUE	TRUE
loop_11309	TRUE	3	3	3	4	TRUE	FALSE
loop_11310	TRUE	4	3	4	1	FALSE	FALSE
loop_11311	FALSE	3	3	3	3	TRUE	TRUE
loop_11312	FALSE	4	3	4	3	FALSE	FALSE
loop_11313	FALSE	2	3	2	3	FALSE	FALSE
loop_11314	FALSE	2	5	2	5	FALSE	FALSE
loop_11315	FALSE	3	3	3	3	TRUE	TRUE
loop_11316	TRUE	3	4	3	3	FALSE	TRUE
loop_11317	TRUE	4	3	3	3	FALSE	TRUE
loop_11318	FALSE	3	3	3	3	TRUE	TRUE
loop_11319	FALSE	3	3	3	3	TRUE	TRUE
loop_11320	TRUE	2	3	3	3	FALSE	TRUE
loop_11321	TRUE	3	2	3	3	FALSE	TRUE
loop_11322	FALSE	3	3	3	3	TRUE	TRUE
loop_11323	FALSE	3	3	3	3	TRUE	TRUE
loop_11324	TRUE	4	2	2	3	FALSE	FALSE
loop_11325	TRUE	5	1	5	2	FALSE	FALSE
loop_11326	TRUE	4	2	5	2	FALSE	FALSE
loop_11327	FALSE	3	3	3	3	TRUE	TRUE
loop_11328	FALSE	3	1	3	1	FALSE	FALSE
loop_11329	FALSE	3	3	3	3	TRUE	TRUE
loop_11330	FALSE	3	2	3	2	FALSE	FALSE
loop_11331	FALSE	3	3	3	3	TRUE	TRUE
loop_11332	TRUE	2	3	3	3	FALSE	TRUE
loop_11333	FALSE	3	3	3	3	TRUE	TRUE
loop_11334	TRUE	2	3	3	3	FALSE	TRUE
loop_11335	FALSE	3	3	3	3	TRUE	TRUE
loop_11336	FALSE	3	3	3	3	TRUE	TRUE
loop_11337	FALSE	3	3	3	3	TRUE	TRUE
loop_11338	TRUE	3	3	3	5	TRUE	FALSE
loop_11339	FALSE	3	3	3	3	TRUE	TRUE
loop_11340	FALSE	3	3	3	3	TRUE	TRUE
loop_11341	TRUE	3	3	5	1	TRUE	FALSE
loop_11342	FALSE	3	3	3	3	TRUE	TRUE
loop_11343	FALSE	3	3	3	3	TRUE	TRUE
loop_11344	TRUE	5	1	4	3	FALSE	FALSE
loop_11345	FALSE	3	3	3	3	TRUE	TRUE
loop_11346	TRUE	5	2	4	4	FALSE	FALSE
loop_11347	TRUE	3	3	3	2	TRUE	FALSE
loop_11348	TRUE	3	3	3	2	TRUE	FALSE
loop_11349	FALSE	3	3	3	3	TRUE	TRUE
loop_11350	FALSE	4	3	4	3	FALSE	FALSE
loop_11351	TRUE	4	3	3	3	FALSE	TRUE
loop_11352	TRUE	2	4	1	3	FALSE	FALSE
loop_11353	TRUE	2	4	3	4	FALSE	FALSE
loop_11354	FALSE	4	3	4	3	FALSE	FALSE
loop_11355	FALSE	4	3	4	3	FALSE	FALSE
loop_11356	TRUE	3	2	3	3	FALSE	TRUE
loop_11357	TRUE	4	3	3	3	FALSE	TRUE
loop_11358	TRUE	2	3	3	3	FALSE	TRUE
loop_11359	FALSE	3	3	3	3	TRUE	TRUE
loop_11360	FALSE	3	3	3	3	TRUE	TRUE
loop_11361	FALSE	1	3	1	3	FALSE	FALSE
loop_11362	TRUE	3	2	3	3	FALSE	TRUE
loop_11363	TRUE	2	4	1	4	FALSE	FALSE
loop_11364	TRUE	3	3	4	2	TRUE	FALSE
loop_11365	FALSE	3	3	3	3	TRUE	TRUE
loop_11366	TRUE	3	4	3	3	FALSE	TRUE
loop_11367	TRUE	2	3	3	1	FALSE	FALSE
loop_11368	TRUE	3	3	4	1	TRUE	FALSE
loop_11369	TRUE	3	5	3	4	FALSE	FALSE
loop_11370	FALSE	3	3	3	3	TRUE	TRUE
loop_11371	TRUE	4	4	3	3	FALSE	TRUE
loop_11372	TRUE	2	2	3	3	FALSE	TRUE
loop_11373	FALSE	3	4	3	4	FALSE	FALSE
loop_11374	FALSE	3	3	3	3	TRUE	TRUE
loop_11375	FALSE	2	1	2	1	FALSE	FALSE
loop_11376	TRUE	3	3	2	2	TRUE	FALSE
loop_11377	FALSE	3	5	3	5	FALSE	FALSE
loop_11378	FALSE	3	2	3	2	FALSE	FALSE
loop_11379	TRUE	4	4	4	5	FALSE	FALSE
loop_11380	TRUE	5	3	3	3	FALSE	TRUE
loop_11381	TRUE	3	2	3	3	FALSE	TRUE
loop_11382	TRUE	4	3	4	4	FALSE	FALSE
loop_11383	TRUE	4	3	4	2	FALSE	FALSE
loop_11384	TRUE	2	3	3	3	FALSE	TRUE
loop_11385	FALSE	3	4	3	4	FALSE	FALSE
loop_11386	FALSE	3	4	3	4	FALSE	FALSE
loop_11387	TRUE	3	2	4	2	FALSE	FALSE
loop_11388	TRUE	4	2	3	3	FALSE	TRUE
loop_11389	FALSE	3	3	3	3	TRUE	TRUE
loop_11390	TRUE	3	2	3	3	FALSE	TRUE
loop_11391	FALSE	3	3	3	3	TRUE	TRUE
loop_11392	FALSE	2	3	2	3	FALSE	FALSE
loop_11393	FALSE	3	4	3	4	FALSE	FALSE
loop_11394	FALSE	3	3	3	3	TRUE	TRUE
loop_11395	FALSE	3	3	3	3	TRUE	TRUE
loop_11396	FALSE	3	3	3	3	TRUE	TRUE
loop_11397	TRUE	3	1	3	2	FALSE	FALSE
loop_11398	TRUE	4	3	4	2	FALSE	FALSE
loop_11399	FALSE	3	3	3	3	TRUE	TRUE
loop_11400	TRUE	2	3	3	3	FALSE	TRUE
loop_11401	TRUE	3	4	3	3	FALSE	TRUE
loop_11402	TRUE	3	4	3	3	FALSE	TRUE
loop_11403	TRUE	3	3	4	3	TRUE	FALSE
loop_11404	FALSE	3	3	3	3	TRUE	TRUE
loop_11405	FALSE	4	3	4	3	FALSE	FALSE
loop_11406	TRUE	3	3	3	2	TRUE	FALSE
loop_11407	TRUE	3	3	2	3	TRUE	FALSE
loop_11408	FALSE	3	3	3	3	TRUE	TRUE
loop_11409	FALSE	3	3	3	3	TRUE	TRUE
loop_11410	FALSE	3	3	3	3	TRUE	TRUE
loop_11411	TRUE	3	4	3	3	FALSE	TRUE
loop_11412	TRUE	4	4	3	4	FALSE	FALSE
loop_11413	TRUE	2	4	3	3	FALSE	TRUE
loop_11414	TRUE	3	3	3	4	TRUE	FALSE
loop_11415	FALSE	3	2	3	2	FALSE	FALSE
loop_11416	TRUE	2	4	2	3	FALSE	FALSE
loop_11417	FALSE	3	3	3	3	TRUE	TRUE
loop_11418	FALSE	3	3	3	3	TRUE	TRUE
loop_11419	TRUE	3	3	3	2	TRUE	FALSE
loop_11420	FALSE	3	3	3	3	TRUE	TRUE
loop_11421	FALSE	3	3	3	3	TRUE	TRUE
loop_11422	FALSE	3	3	3	3	TRUE	TRUE
loop_11423	FALSE	3	4	3	4	FALSE	FALSE
loop_11424	FALSE	3	3	3	3	TRUE	TRUE
loop_11425	FALSE	3	3	3	3	TRUE	TRUE
loop_11426	TRUE	4	2	3	3	FALSE	TRUE
loop_11427	FALSE	3	3	3	3	TRUE	TRUE
loop_11428	TRUE	4	2	3	3	FALSE	TRUE
loop_11429	FALSE	3	3	3	3	TRUE	TRUE
loop_11430	TRUE	4	4	3	3	FALSE	TRUE
loop_11431	FALSE	3	2	3	2	FALSE	FALSE
loop_11432	TRUE	3	4	3	3	FALSE	TRUE
loop_11433	TRUE	3	3	5	4	TRUE	FALSE
loop_11434	TRUE	2	3	3	3	FALSE	TRUE
loop_11435	FALSE	3	3	3	3	TRUE	TRUE
loop_11436	TRUE	2	4	3	2	FALSE	FALSE
loop_11437	FALSE	3	3	3	3	TRUE	TRUE
loop_11438	FALSE	2	3	2	3	FALSE	FALSE
loop_11439	TRUE	2	2	3	3	FALSE	TRUE
loop_11440	TRUE	3	3	1	3	TRUE	FALSE
loop_11441	TRUE	4	2	4	3	FALSE	FALSE
loop_11442	TRUE	1	3	3	3	FALSE	TRUE
loop_11443	FALSE	4	3	4	3	FALSE	FALSE
loop_11444	FALSE	3	4	3	4	FALSE	FALSE
loop_11445	FALSE	3	3	3	3	TRUE	TRUE
loop_11446	TRUE	3	3	4	3	TRUE	FALSE
loop_11447	TRUE	3	3	4	3	TRUE	FALSE
loop_11448	FALSE	2	3	2	3	FALSE	FALSE
loop_11449	FALSE	3	3	3	3	TRUE	TRUE
loop_11450	FALSE	3	2	3	2	FALSE	FALSE
loop_11451	FALSE	3	3	3	3	TRUE	TRUE
loop_11452	FALSE	4	3	4	3	FALSE	FALSE
loop_11453	FALSE	3	3	3	3	TRUE	TRUE
loop_11454	TRUE	2	3	3	3	FALSE	TRUE
loop_11455	FALSE	4	5	4	5	FALSE	FALSE
loop_11456	FALSE	3	3	3	3	TRUE	TRUE
loop_11457	FALSE	2	3	2	3	FALSE	FALSE
loop_11458	FALSE	3	3	3	3	TRUE	TRUE
loop_11459	FALSE	3	3	3	3	TRUE	TRUE
loop_11460	FALSE	3	3	3	3	TRUE	TRUE
loop_11461	FALSE	1	3	1	3	FALSE	FALSE
loop_11462	FALSE	3	3	3	3	TRUE	TRUE
loop_11463	TRUE	3	3	3	4	TRUE	FALSE
loop_11464	FALSE	3	3	3	3	TRUE	TRUE
loop_11465	FALSE	4	2	4	2	FALSE	FALSE
loop_11466	TRUE	3	3	3	2	TRUE	FALSE
loop_11467	FALSE	3	4	3	4	FALSE	FALSE
loop_11468	FALSE	3	3	3	3	TRUE	TRUE
loop_11469	TRUE	3	3	2	3	TRUE	FALSE
loop_11470	FALSE	3	3	3	3	TRUE	TRUE
loop_11471	FALSE	3	3	3	3	TRUE	TRUE
loop_11472	TRUE	4	3	4	5	FALSE	FALSE
loop_11473	FALSE	3	3	3	3	TRUE	TRUE
loop_11474	FALSE	2	3	2	3	FALSE	FALSE
loop_11475	TRUE	5	3	3	3	FALSE	TRUE
loop_11476	TRUE	3	3	4	3	TRUE	FALSE
loop_11477	FALSE	3	3	3	3	TRUE	TRUE
loop_11478	TRUE	3	4	3	3	FALSE	TRUE
loop_11479	TRUE	3	3	3	4	TRUE	FALSE
loop_11480	TRUE	3	2	3	3	FALSE	TRUE
loop_11481	TRUE	3	4	3	3	FALSE	TRUE
loop_11482	TRUE	2	4	3	4	FALSE	FALSE
loop_11483	TRUE	3	4	3	3	FALSE	TRUE
loop_11484	TRUE	2	3	3	3	FALSE	TRUE
loop_11485	TRUE	3	5	3	4	FALSE	FALSE
loop_11486	FALSE	3	2	3	2	FALSE	FALSE
loop_11487	TRUE	3	3	5	1	TRUE	FALSE
loop_11488	TRUE	3	3	1	3	TRUE	FALSE
loop_11489	FALSE	3	3	3	3	TRUE	TRUE
loop_11490	FALSE	3	3	3	3	TRUE	TRUE
loop_11491	TRUE	5	4	3	4	FALSE	FALSE
loop_11492	TRUE	3	4	3	5	FALSE	FALSE
loop_11493	FALSE	2	3	2	3	FALSE	FALSE
loop_11494	FALSE	3	3	3	3	TRUE	TRUE
loop_11495	FALSE	3	3	3	3	TRUE	TRUE
loop_11496	FALSE	3	3	3	3	TRUE	TRUE
loop_11497	FALSE	3	3	3	3	TRUE	TRUE
loop_11498	FALSE	3	3	3	3	TRUE	TRUE
loop_11499	TRUE	3	4	3	3	FALSE	TRUE
loop_11500	FALSE	3	3	3	3	TRUE	TRUE
loop_11501	FALSE	3	3	3	3	TRUE	TRUE
loop_11502	TRUE	5	1	3	3	FALSE	TRUE
loop_11503	FALSE	3	3	3	3	TRUE	TRUE
loop_11504	FALSE	3	3	3	3	TRUE	TRUE
loop_11505	FALSE	3	2	3	2	FALSE	FALSE
loop_11506	FALSE	3	3	3	3	TRUE	TRUE
loop_11507	TRUE	4	2	3	3	FALSE	TRUE
loop_11508	FALSE	3	3	3	3	TRUE	TRUE
loop_11509	FALSE	2	3	2	3	FALSE	FALSE
loop_11510	FALSE	3	3	3	3	TRUE	TRUE
loop_11511	TRUE	3	3	3	4	TRUE	FALSE
loop_11512	FALSE	3	3	3	3	TRUE	TRUE
loop_11513	TRUE	1	3	2	3	FALSE	FALSE
loop_11514	FALSE	3	3	3	3	TRUE	TRUE
loop_11515	TRUE	3	3	5	2	TRUE	FALSE
loop_11516	FALSE	3	3	3	3	TRUE	TRUE
loop_11517	TRUE	3	2	4	1	FALSE	FALSE
loop_11518	TRUE	3	4	3	3	FALSE	TRUE
loop_11519	TRUE	4	3	3	4	FALSE	FALSE
loop_11520	TRUE	3	3	3	2	TRUE	FALSE
loop_11521	TRUE	3	3	2	3	TRUE	FALSE
loop_11522	FALSE	3	3	3	3	TRUE	TRUE
loop_11523	TRUE	5	1	5	3	FALSE	FALSE
loop_11524	TRUE	3	3	3	4	TRUE	FALSE
loop_11525	FALSE	3	1	3	1	FALSE	FALSE
loop_11526	TRUE	3	3	4	2	TRUE	FALSE
loop_11527	FALSE	5	1	5	1	FALSE	FALSE
loop_11528	TRUE	3	3	2	3	TRUE	FALSE
loop_11529	FALSE	3	3	3	3	TRUE	TRUE
loop_11530	FALSE	3	3	3	3	TRUE	TRUE
loop_11531	FALSE	3	4	3	4	FALSE	FALSE
loop_11532	FALSE	3	3	3	3	TRUE	TRUE
loop_11533	TRUE	3	4	3	3	FALSE	TRUE
loop_11534	FALSE	3	3	3	3	TRUE	TRUE
loop_11535	TRUE	3	4	3	3	FALSE	TRUE
loop_11536	TRUE	3	2	5	1	FALSE	FALSE
loop_11537	TRUE	2	3	3	3	FALSE	TRUE
loop_11538	FALSE	5	1	5	1	FALSE	FALSE
loop_11539	FALSE	3	3	3	3	TRUE	TRUE
loop_11540	FALSE	3	3	3	3	TRUE	TRUE
loop_11541	TRUE	4	3	5	1	FALSE	FALSE
loop_11542	FALSE	3	2	3	2	FALSE	FALSE
loop_11543	TRUE	3	3	4	3	TRUE	FALSE
loop_11544	FALSE	3	3	3	3	TRUE	TRUE
loop_11545	FALSE	3	3	3	3	TRUE	TRUE
loop_11546	FALSE	3	3	3	3	TRUE	TRUE
loop_11547	FALSE	3	3	3	3	TRUE	TRUE
loop_11548	TRUE	3	3	5	1	TRUE	FALSE
loop_11549	FALSE	3	3	3	3	TRUE	TRUE
loop_11550	TRUE	3	3	4	1	TRUE	FALSE
loop_11551	FALSE	2	3	2	3	FALSE	FALSE
loop_11552	FALSE	2	3	2	3	FALSE	FALSE
loop_11553	TRUE	5	1	4	1	FALSE	FALSE
loop_11554	FALSE	2	4	2	4	FALSE	FALSE
loop_11555	FALSE	4	3	4	3	FALSE	FALSE
loop_11556	FALSE	5	1	5	1	FALSE	FALSE
loop_11557	TRUE	3	3	3	4	TRUE	FALSE
loop_11558	FALSE	3	3	3	3	TRUE	TRUE
loop_11559	TRUE	5	3	5	1	FALSE	FALSE
loop_11560	FALSE	3	3	3	3	TRUE	TRUE
loop_11561	FALSE	3	3	3	3	TRUE	TRUE
loop_11562	FALSE	3	3	3	3	TRUE	TRUE
loop_11563	FALSE	3	3	3	3	TRUE	TRUE
loop_11564	FALSE	3	3	3	3	TRUE	TRUE
loop_11565	FALSE	3	3	3	3	TRUE	TRUE
loop_11566	TRUE	3	3	4	3	TRUE	FALSE
loop_11567	FALSE	3	3	3	3	TRUE	TRUE
loop_11568	TRUE	2	2	3	3	FALSE	TRUE
loop_11569	TRUE	2	3	2	4	FALSE	FALSE
loop_11570	FALSE	3	3	3	3	TRUE	TRUE
loop_11571	FALSE	3	2	3	2	FALSE	FALSE
loop_11572	TRUE	3	3	4	3	TRUE	FALSE
loop_11573	FALSE	3	2	3	2	FALSE	FALSE
loop_11574	FALSE	3	2	3	2	FALSE	FALSE
loop_11575	FALSE	3	3	3	3	TRUE	TRUE
loop_11576	TRUE	3	2	3	3	FALSE	TRUE
loop_11577	FALSE	3	3	3	3	TRUE	TRUE
loop_11578	FALSE	3	3	3	3	TRUE	TRUE
loop_11579	FALSE	3	3	3	3	TRUE	TRUE
loop_11580	FALSE	3	3	3	3	TRUE	TRUE
loop_11581	TRUE	4	2	3	3	FALSE	TRUE
loop_11582	FALSE	3	3	3	3	TRUE	TRUE
loop_11583	FALSE	3	3	3	3	TRUE	TRUE
loop_11584	FALSE	3	3	3	3	TRUE	TRUE
loop_11585	FALSE	3	3	3	3	TRUE	TRUE
loop_11586	FALSE	5	1	5	1	FALSE	FALSE
loop_11587	FALSE	3	3	3	3	TRUE	TRUE
loop_11588	TRUE	4	3	4	1	FALSE	FALSE
loop_11589	FALSE	3	3	3	3	TRUE	TRUE
loop_11590	TRUE	3	1	4	1	FALSE	FALSE
loop_11591	FALSE	5	1	5	1	FALSE	FALSE
loop_11592	TRUE	4	3	3	3	FALSE	TRUE
loop_11593	FALSE	5	1	5	1	FALSE	FALSE
loop_11594	TRUE	1	4	1	3	FALSE	FALSE
loop_11595	FALSE	5	4	5	4	FALSE	FALSE
loop_11596	FALSE	3	4	3	4	FALSE	FALSE
loop_11597	TRUE	3	2	3	3	FALSE	TRUE
loop_11598	TRUE	2	3	3	3	FALSE	TRUE
loop_11599	FALSE	2	3	2	3	FALSE	FALSE
loop_11600	FALSE	2	3	2	3	FALSE	FALSE
loop_11601	TRUE	3	1	2	4	FALSE	FALSE
loop_11602	TRUE	3	2	3	3	FALSE	TRUE
loop_11603	FALSE	3	3	3	3	TRUE	TRUE
loop_11604	FALSE	3	3	3	3	TRUE	TRUE
loop_11605	FALSE	3	3	3	3	TRUE	TRUE
loop_11606	FALSE	4	2	4	2	FALSE	FALSE
loop_11607	FALSE	3	3	3	3	TRUE	TRUE
loop_11608	TRUE	3	3	5	3	TRUE	FALSE
loop_11609	FALSE	3	4	3	4	FALSE	FALSE
loop_11610	FALSE	3	3	3	3	TRUE	TRUE
loop_11611	TRUE	3	1	2	1	FALSE	FALSE
loop_11612	FALSE	3	3	3	3	TRUE	TRUE
loop_11613	TRUE	3	3	4	3	TRUE	FALSE
loop_11614	TRUE	3	4	3	3	FALSE	TRUE
loop_11615	TRUE	3	4	3	3	FALSE	TRUE
loop_11616	TRUE	3	3	4	1	TRUE	FALSE
loop_11617	TRUE	4	2	3	3	FALSE	TRUE
loop_11618	TRUE	3	3	4	3	TRUE	FALSE
loop_11619	TRUE	3	3	4	4	TRUE	FALSE
loop_11620	TRUE	3	2	3	3	FALSE	TRUE
loop_11621	FALSE	3	3	3	3	TRUE	TRUE
loop_11622	TRUE	3	2	3	3	FALSE	TRUE
loop_11623	TRUE	3	3	2	3	TRUE	FALSE
loop_11624	FALSE	3	3	3	3	TRUE	TRUE
loop_11625	TRUE	2	3	3	3	FALSE	TRUE
loop_11626	TRUE	3	2	3	3	FALSE	TRUE
loop_11627	TRUE	3	3	2	4	TRUE	FALSE
loop_11628	TRUE	3	3	2	3	TRUE	FALSE
loop_11629	FALSE	3	3	3	3	TRUE	TRUE
loop_11630	FALSE	3	3	3	3	TRUE	TRUE
loop_11631	TRUE	4	3	3	3	FALSE	TRUE
loop_11632	FALSE	3	2	3	2	FALSE	FALSE
loop_11633	TRUE	2	3	3	3	FALSE	TRUE
loop_11634	FALSE	2	4	2	4	FALSE	FALSE
loop_11635	TRUE	2	5	3	3	FALSE	TRUE
loop_11636	TRUE	3	1	1	4	FALSE	FALSE
loop_11637	FALSE	3	3	3	3	TRUE	TRUE
loop_11638	TRUE	3	3	4	3	TRUE	FALSE
loop_11639	TRUE	2	2	2	1	FALSE	FALSE
loop_11640	TRUE	3	4	3	3	FALSE	TRUE
loop_11641	TRUE	4	1	3	4	FALSE	FALSE
loop_11642	FALSE	3	3	3	3	TRUE	TRUE
loop_11643	TRUE	2	3	2	2	FALSE	FALSE
loop_11644	FALSE	3	1	3	1	FALSE	FALSE
loop_11645	FALSE	3	3	3	3	TRUE	TRUE
loop_11646	TRUE	3	3	4	3	TRUE	FALSE
loop_11647	TRUE	3	4	3	3	FALSE	TRUE
loop_11648	TRUE	3	2	3	3	FALSE	TRUE
loop_11649	TRUE	2	3	5	2	FALSE	FALSE
loop_11650	FALSE	3	3	3	3	TRUE	TRUE
loop_11651	FALSE	1	3	1	3	FALSE	FALSE
loop_11652	FALSE	3	2	3	2	FALSE	FALSE
loop_11653	FALSE	3	3	3	3	TRUE	TRUE
loop_11654	TRUE	2	4	3	4	FALSE	FALSE
loop_11655	FALSE	3	4	3	4	FALSE	FALSE
loop_11656	FALSE	3	3	3	3	TRUE	TRUE
loop_11657	FALSE	3	3	3	3	TRUE	TRUE
loop_11658	TRUE	3	3	3	2	TRUE	FALSE
loop_11659	TRUE	5	2	5	1	FALSE	FALSE
loop_11660	FALSE	3	3	3	3	TRUE	TRUE
loop_11661	TRUE	5	1	5	2	FALSE	FALSE
loop_11662	TRUE	4	1	3	3	FALSE	TRUE
loop_11663	FALSE	3	2	3	2	FALSE	FALSE
loop_11664	FALSE	3	3	3	3	TRUE	TRUE
loop_11665	TRUE	3	3	3	4	TRUE	FALSE
loop_11666	FALSE	3	3	3	3	TRUE	TRUE
loop_11667	FALSE	3	3	3	3	TRUE	TRUE
loop_11668	FALSE	3	3	3	3	TRUE	TRUE
loop_11669	FALSE	3	3	3	3	TRUE	TRUE
loop_11670	FALSE	3	3	3	3	TRUE	TRUE
loop_11671	FALSE	3	3	3	3	TRUE	TRUE
loop_11672	TRUE	3	3	4	2	TRUE	FALSE
loop_11673	TRUE	5	1	4	1	FALSE	FALSE
loop_11674	FALSE	3	3	3	3	TRUE	TRUE
loop_11675	FALSE	3	3	3	3	TRUE	TRUE
loop_11676	FALSE	2	3	2	3	FALSE	FALSE
loop_11677	FALSE	3	3	3	3	TRUE	TRUE
loop_11678	FALSE	3	3	3	3	TRUE	TRUE
loop_11679	FALSE	3	3	3	3	TRUE	TRUE
loop_11680	FALSE	3	3	3	3	TRUE	TRUE
loop_11681	TRUE	5	1	3	3	FALSE	TRUE
loop_11682	FALSE	4	3	4	3	FALSE	FALSE
loop_11683	FALSE	3	3	3	3	TRUE	TRUE
loop_11684	FALSE	3	3	3	3	TRUE	TRUE
loop_11685	FALSE	2	3	2	3	FALSE	FALSE
loop_11686	TRUE	3	2	2	3	FALSE	FALSE
loop_11687	FALSE	4	3	4	3	FALSE	FALSE
loop_11688	FALSE	3	3	3	3	TRUE	TRUE
loop_11689	TRUE	2	3	3	3	FALSE	TRUE
loop_11690	TRUE	3	3	4	3	TRUE	FALSE
loop_11691	FALSE	3	4	3	4	FALSE	FALSE
loop_11692	TRUE	2	4	2	3	FALSE	FALSE
loop_11693	FALSE	3	3	3	3	TRUE	TRUE
loop_11694	TRUE	2	2	4	1	FALSE	FALSE
loop_11695	FALSE	3	3	3	3	TRUE	TRUE
loop_11696	FALSE	3	3	3	3	TRUE	TRUE
loop_11697	FALSE	3	3	3	3	TRUE	TRUE
loop_11698	TRUE	3	3	5	2	TRUE	FALSE
loop_11699	TRUE	3	2	4	2	FALSE	FALSE
loop_11700	FALSE	2	3	2	3	FALSE	FALSE
loop_11701	FALSE	3	3	3	3	TRUE	TRUE
loop_11702	TRUE	3	3	4	3	TRUE	FALSE
loop_11703	TRUE	3	2	3	3	FALSE	TRUE
loop_11704	FALSE	3	3	3	3	TRUE	TRUE
loop_11705	FALSE	4	3	4	3	FALSE	FALSE
loop_11706	TRUE	3	3	2	4	TRUE	FALSE
loop_11707	FALSE	3	3	3	3	TRUE	TRUE
loop_11708	FALSE	3	3	3	3	TRUE	TRUE
loop_11709	TRUE	3	4	3	3	FALSE	TRUE
loop_11710	TRUE	3	3	2	3	TRUE	FALSE
loop_11711	FALSE	2	3	2	3	FALSE	FALSE
loop_11712	FALSE	4	3	4	3	FALSE	FALSE
loop_11713	FALSE	4	2	4	2	FALSE	FALSE
loop_11714	FALSE	3	3	3	3	TRUE	TRUE
loop_11715	TRUE	3	5	5	1	FALSE	FALSE
loop_11716	FALSE	2	3	2	3	FALSE	FALSE
loop_11717	TRUE	3	3	3	4	TRUE	FALSE
loop_11718	TRUE	3	4	3	3	FALSE	TRUE
loop_11719	FALSE	3	3	3	3	TRUE	TRUE
loop_11720	TRUE	4	3	3	3	FALSE	TRUE
loop_11721	FALSE	4	3	4	3	FALSE	FALSE
loop_11722	FALSE	3	3	3	3	TRUE	TRUE
loop_11723	TRUE	4	3	3	3	FALSE	TRUE
loop_11724	TRUE	3	2	3	3	FALSE	TRUE
loop_11725	TRUE	2	5	2	4	FALSE	FALSE
loop_11726	TRUE	1	3	3	3	FALSE	TRUE
loop_11727	FALSE	3	2	3	2	FALSE	FALSE
loop_11728	FALSE	3	3	3	3	TRUE	TRUE
loop_11729	TRUE	3	4	3	3	FALSE	TRUE
loop_11730	FALSE	4	3	4	3	FALSE	FALSE
loop_11731	TRUE	3	3	4	2	TRUE	FALSE
loop_11732	TRUE	2	3	2	4	FALSE	FALSE
loop_11733	TRUE	3	3	4	2	TRUE	FALSE
loop_11734	FALSE	3	3	3	3	TRUE	TRUE
loop_11735	FALSE	3	2	3	2	FALSE	FALSE
loop_11736	FALSE	3	3	3	3	TRUE	TRUE
loop_11737	TRUE	3	3	3	2	TRUE	FALSE
loop_11738	TRUE	3	1	3	3	FALSE	TRUE
loop_11739	TRUE	4	3	3	3	FALSE	TRUE
loop_11740	TRUE	4	3	3	3	FALSE	TRUE
loop_11741	TRUE	4	3	3	3	FALSE	TRUE
loop_11742	FALSE	2	2	2	2	FALSE	FALSE
loop_11743	FALSE	3	3	3	3	TRUE	TRUE
loop_11744	TRUE	3	2	3	3	FALSE	TRUE
loop_11745	FALSE	3	3	3	3	TRUE	TRUE
loop_11746	FALSE	3	3	3	3	TRUE	TRUE
loop_11747	FALSE	3	3	3	3	TRUE	TRUE
loop_11748	TRUE	3	2	3	3	FALSE	TRUE
loop_11749	FALSE	3	3	3	3	TRUE	TRUE
loop_11750	TRUE	5	3	4	3	FALSE	FALSE
loop_11751	FALSE	3	1	3	1	FALSE	FALSE
loop_11752	TRUE	3	2	3	3	FALSE	TRUE
loop_11753	FALSE	3	4	3	4	FALSE	FALSE
loop_11754	TRUE	3	3	4	3	TRUE	FALSE
loop_11755	TRUE	2	4	1	5	FALSE	FALSE
loop_11756	TRUE	4	3	3	3	FALSE	TRUE
loop_11757	TRUE	1	1	3	3	FALSE	TRUE
loop_11758	FALSE	3	3	3	3	TRUE	TRUE
loop_11759	TRUE	3	3	3	2	TRUE	FALSE
loop_11760	TRUE	1	3	1	2	FALSE	FALSE
loop_11761	TRUE	4	5	3	5	FALSE	FALSE
loop_11762	TRUE	1	1	4	1	FALSE	FALSE
loop_11763	TRUE	3	5	3	3	FALSE	TRUE
loop_11764	TRUE	3	3	3	4	TRUE	FALSE
loop_11765	FALSE	3	3	3	3	TRUE	TRUE
loop_11766	TRUE	5	5	4	5	FALSE	FALSE
loop_11767	FALSE	3	3	3	3	TRUE	TRUE
loop_11768	FALSE	3	3	3	3	TRUE	TRUE
loop_11769	TRUE	3	3	4	3	TRUE	FALSE
loop_11770	FALSE	3	3	3	3	TRUE	TRUE
loop_11771	FALSE	3	3	3	3	TRUE	TRUE
loop_11772	FALSE	2	4	2	4	FALSE	FALSE
loop_11773	TRUE	4	3	3	3	FALSE	TRUE
loop_11774	FALSE	3	3	3	3	TRUE	TRUE
loop_11775	TRUE	3	2	3	3	FALSE	TRUE
loop_11776	TRUE	4	3	4	2	FALSE	FALSE
loop_11777	TRUE	4	1	3	3	FALSE	TRUE
loop_11778	TRUE	2	4	3	3	FALSE	TRUE
loop_11779	TRUE	3	2	3	3	FALSE	TRUE
loop_11780	FALSE	5	3	5	3	FALSE	FALSE
loop_11781	FALSE	3	3	3	3	TRUE	TRUE
loop_11782	FALSE	3	3	3	3	TRUE	TRUE
loop_11783	FALSE	3	3	3	3	TRUE	TRUE
loop_11784	TRUE	2	3	5	3	FALSE	FALSE
loop_11785	TRUE	3	3	3	4	TRUE	FALSE
loop_11786	FALSE	2	4	2	4	FALSE	FALSE
loop_11787	TRUE	3	3	4	2	TRUE	FALSE
loop_11788	FALSE	3	3	3	3	TRUE	TRUE
loop_11789	FALSE	3	3	3	3	TRUE	TRUE
loop_11790	FALSE	3	3	3	3	TRUE	TRUE
loop_11791	FALSE	3	3	3	3	TRUE	TRUE
loop_11792	TRUE	3	3	2	3	TRUE	FALSE
loop_11793	FALSE	3	3	3	3	TRUE	TRUE
loop_11794	TRUE	3	3	2	4	TRUE	FALSE
loop_11795	TRUE	4	2	3	2	FALSE	FALSE
loop_11796	TRUE	2	3	3	3	FALSE	TRUE
loop_11797	FALSE	4	3	4	3	FALSE	FALSE
loop_11798	FALSE	3	3	3	3	TRUE	TRUE
loop_11799	FALSE	3	3	3	3	TRUE	TRUE
loop_11800	TRUE	2	4	3	4	FALSE	FALSE
loop_11801	TRUE	4	2	3	3	FALSE	TRUE
loop_11802	FALSE	3	3	3	3	TRUE	TRUE
loop_11803	TRUE	2	3	3	3	FALSE	TRUE
loop_11804	TRUE	3	3	4	3	TRUE	FALSE
loop_11805	TRUE	3	2	2	3	FALSE	FALSE
loop_11806	FALSE	3	3	3	3	TRUE	TRUE
loop_11807	FALSE	2	3	2	3	FALSE	FALSE
loop_11808	TRUE	3	3	2	4	TRUE	FALSE
loop_11809	TRUE	4	2	3	3	FALSE	TRUE
loop_11810	FALSE	3	4	3	4	FALSE	FALSE
loop_11811	TRUE	2	3	3	3	FALSE	TRUE
loop_11812	FALSE	3	3	3	3	TRUE	TRUE
loop_11813	FALSE	3	3	3	3	TRUE	TRUE
loop_11814	TRUE	2	3	3	3	FALSE	TRUE
loop_11815	FALSE	3	2	3	2	FALSE	FALSE
loop_11816	FALSE	3	3	3	3	TRUE	TRUE
loop_11817	TRUE	5	4	5	2	FALSE	FALSE
loop_11818	TRUE	4	3	3	3	FALSE	TRUE
loop_11819	TRUE	3	1	3	3	FALSE	TRUE
loop_11820	TRUE	1	3	1	4	FALSE	FALSE
loop_11821	FALSE	3	3	3	3	TRUE	TRUE
loop_11822	TRUE	4	3	3	3	FALSE	TRUE
loop_11823	TRUE	2	3	3	3	FALSE	TRUE
loop_11824	FALSE	3	3	3	3	TRUE	TRUE
loop_11825	FALSE	3	3	3	3	TRUE	TRUE
loop_11826	FALSE	2	3	2	3	FALSE	FALSE
loop_11827	FALSE	3	3	3	3	TRUE	TRUE
loop_11828	FALSE	3	3	3	3	TRUE	TRUE
loop_11829	FALSE	3	3	3	3	TRUE	TRUE
loop_11830	TRUE	2	4	3	3	FALSE	TRUE
loop_11831	TRUE	4	3	3	3	FALSE	TRUE
loop_11832	TRUE	3	3	4	2	TRUE	FALSE
loop_11833	TRUE	4	2	4	3	FALSE	FALSE
loop_11834	TRUE	3	3	3	4	TRUE	FALSE
loop_11835	TRUE	4	3	3	3	FALSE	TRUE
loop_11836	FALSE	3	3	3	3	TRUE	TRUE
loop_11837	TRUE	3	3	2	4	TRUE	FALSE
loop_11838	TRUE	3	3	2	3	TRUE	FALSE
loop_11839	TRUE	5	2	2	4	FALSE	FALSE
loop_11840	FALSE	2	3	2	3	FALSE	FALSE
loop_11841	TRUE	3	3	3	2	TRUE	FALSE
loop_11842	FALSE	3	3	3	3	TRUE	TRUE
loop_11843	FALSE	3	3	3	3	TRUE	TRUE
loop_11844	FALSE	3	3	3	3	TRUE	TRUE
loop_11845	FALSE	3	3	3	3	TRUE	TRUE
loop_11846	FALSE	4	3	4	3	FALSE	FALSE
loop_11847	FALSE	3	3	3	3	TRUE	TRUE
loop_11848	FALSE	3	2	3	2	FALSE	FALSE
loop_11849	FALSE	3	3	3	3	TRUE	TRUE
loop_11850	FALSE	3	2	3	2	FALSE	FALSE
loop_11851	TRUE	3	2	3	3	FALSE	TRUE
loop_11852	FALSE	3	2	3	2	FALSE	FALSE
loop_11853	FALSE	3	3	3	3	TRUE	TRUE
loop_11854	FALSE	3	3	3	3	TRUE	TRUE
loop_11855	FALSE	3	3	3	3	TRUE	TRUE
loop_11856	FALSE	3	3	3	3	TRUE	TRUE
loop_11857	FALSE	3	3	3	3	TRUE	TRUE
loop_11858	FALSE	3	3	3	3	TRUE	TRUE
loop_11859	FALSE	3	3	3	3	TRUE	TRUE
loop_11860	TRUE	3	2	3	3	FALSE	TRUE
loop_11861	FALSE	2	3	2	3	FALSE	FALSE
loop_11862	FALSE	3	3	3	3	TRUE	TRUE
loop_11863	FALSE	3	3	3	3	TRUE	TRUE
loop_11864	FALSE	3	3	3	3	TRUE	TRUE
loop_11865	TRUE	3	2	3	3	FALSE	TRUE
loop_11866	FALSE	3	3	3	3	TRUE	TRUE
loop_11867	TRUE	3	1	3	2	FALSE	FALSE
loop_11868	FALSE	3	3	3	3	TRUE	TRUE
loop_11869	FALSE	3	3	3	3	TRUE	TRUE
loop_11870	FALSE	3	5	3	5	FALSE	FALSE
loop_11871	FALSE	3	3	3	3	TRUE	TRUE
loop_11872	FALSE	3	3	3	3	TRUE	TRUE
loop_11873	FALSE	3	2	3	2	FALSE	FALSE
loop_11874	TRUE	4	3	3	3	FALSE	TRUE
loop_11875	FALSE	3	3	3	3	TRUE	TRUE
loop_11876	TRUE	3	4	3	3	FALSE	TRUE
loop_11877	FALSE	3	3	3	3	TRUE	TRUE
loop_11878	FALSE	3	3	3	3	TRUE	TRUE
loop_11879	TRUE	1	3	3	3	FALSE	TRUE
loop_11880	FALSE	3	3	3	3	TRUE	TRUE
loop_11881	FALSE	3	3	3	3	TRUE	TRUE
loop_11882	FALSE	3	3	3	3	TRUE	TRUE
loop_11883	TRUE	4	2	4	3	FALSE	FALSE
loop_11884	TRUE	4	3	3	3	FALSE	TRUE
loop_11885	TRUE	5	1	4	1	FALSE	FALSE
loop_11886	TRUE	4	1	5	1	FALSE	FALSE
loop_11887	FALSE	3	3	3	3	TRUE	TRUE
loop_11888	TRUE	3	4	3	3	FALSE	TRUE
loop_11889	TRUE	2	5	3	3	FALSE	TRUE
loop_11890	FALSE	3	3	3	3	TRUE	TRUE
loop_11891	FALSE	4	3	4	3	FALSE	FALSE
loop_11892	FALSE	3	3	3	3	TRUE	TRUE
loop_11893	FALSE	2	3	2	3	FALSE	FALSE
loop_11894	FALSE	3	3	3	3	TRUE	TRUE
loop_11895	FALSE	3	3	3	3	TRUE	TRUE
loop_11896	FALSE	3	3	3	3	TRUE	TRUE
loop_11897	TRUE	2	3	3	3	FALSE	TRUE
loop_11898	FALSE	3	3	3	3	TRUE	TRUE
loop_11899	FALSE	3	3	3	3	TRUE	TRUE
loop_11900	FALSE	2	3	2	3	FALSE	FALSE
loop_11901	FALSE	3	3	3	3	TRUE	TRUE
loop_11902	FALSE	4	3	4	3	FALSE	FALSE
loop_11903	TRUE	3	2	3	3	FALSE	TRUE
loop_11904	FALSE	4	3	4	3	FALSE	FALSE
loop_11905	FALSE	3	3	3	3	TRUE	TRUE
loop_11906	FALSE	3	4	3	4	FALSE	FALSE
loop_11907	FALSE	3	3	3	3	TRUE	TRUE
loop_11908	TRUE	3	3	3	4	TRUE	FALSE
loop_11909	FALSE	5	1	5	1	FALSE	FALSE
loop_11910	TRUE	4	3	3	2	FALSE	FALSE
loop_11911	FALSE	3	3	3	3	TRUE	TRUE
loop_11912	FALSE	3	3	3	3	TRUE	TRUE
loop_11913	TRUE	4	3	3	3	FALSE	TRUE
loop_11914	FALSE	2	3	2	3	FALSE	FALSE
loop_11915	FALSE	3	3	3	3	TRUE	TRUE
loop_11916	FALSE	5	3	5	3	FALSE	FALSE
loop_11917	TRUE	2	3	3	3	FALSE	TRUE
loop_11918	FALSE	3	3	3	3	TRUE	TRUE
loop_11919	FALSE	3	3	3	3	TRUE	TRUE
loop_11920	TRUE	3	2	3	3	FALSE	TRUE
loop_11921	TRUE	5	2	5	1	FALSE	FALSE
loop_11922	FALSE	3	3	3	3	TRUE	TRUE
loop_11923	FALSE	5	1	5	1	FALSE	FALSE
loop_11924	FALSE	3	3	3	3	TRUE	TRUE
loop_11925	TRUE	3	4	3	3	FALSE	TRUE
loop_11926	FALSE	3	3	3	3	TRUE	TRUE
loop_11927	TRUE	1	1	1	5	FALSE	FALSE
loop_11928	TRUE	3	3	1	5	TRUE	FALSE
loop_11929	TRUE	5	1	5	2	FALSE	FALSE
loop_11930	FALSE	3	3	3	3	TRUE	TRUE
loop_11931	FALSE	3	3	3	3	TRUE	TRUE
loop_11932	TRUE	4	3	5	2	FALSE	FALSE
loop_11933	FALSE	3	4	3	4	FALSE	FALSE
loop_11934	TRUE	3	2	3	3	FALSE	TRUE
loop_11935	TRUE	3	2	3	3	FALSE	TRUE
loop_11936	TRUE	3	3	5	1	TRUE	FALSE
loop_11937	FALSE	3	3	3	3	TRUE	TRUE
loop_11938	TRUE	3	3	3	4	TRUE	FALSE
loop_11939	FALSE	3	3	3	3	TRUE	TRUE
loop_11940	TRUE	2	3	3	2	FALSE	FALSE
loop_11941	TRUE	3	3	2	3	TRUE	FALSE
loop_11942	FALSE	3	3	3	3	TRUE	TRUE
loop_11943	TRUE	2	3	3	3	FALSE	TRUE
loop_11944	TRUE	3	3	3	2	TRUE	FALSE
loop_11945	TRUE	3	3	5	1	TRUE	FALSE
loop_11946	TRUE	4	3	3	3	FALSE	TRUE
loop_11947	TRUE	2	4	2	3	FALSE	FALSE
loop_11948	FALSE	3	3	3	3	TRUE	TRUE
loop_11949	TRUE	3	4	3	3	FALSE	TRUE
loop_11950	FALSE	3	3	3	3	TRUE	TRUE
loop_11951	FALSE	3	3	3	3	TRUE	TRUE
loop_11952	FALSE	3	3	3	3	TRUE	TRUE
loop_11953	TRUE	3	3	4	2	TRUE	FALSE
loop_11954	FALSE	3	3	3	3	TRUE	TRUE
loop_11955	TRUE	3	2	5	1	FALSE	FALSE
loop_11956	FALSE	2	3	2	3	FALSE	FALSE
loop_11957	FALSE	3	3	3	3	TRUE	TRUE
loop_11958	TRUE	3	3	3	4	TRUE	FALSE
loop_11959	FALSE	3	3	3	3	TRUE	TRUE
loop_11960	FALSE	3	3	3	3	TRUE	TRUE
loop_11961	FALSE	3	3	3	3	TRUE	TRUE
loop_11962	FALSE	3	3	3	3	TRUE	TRUE
loop_11963	TRUE	2	3	3	3	FALSE	TRUE
loop_11964	TRUE	3	3	3	1	TRUE	FALSE
loop_11965	TRUE	3	3	2	2	TRUE	FALSE
loop_11966	FALSE	3	3	3	3	TRUE	TRUE
loop_11967	FALSE	3	3	3	3	TRUE	TRUE
loop_11968	FALSE	3	3	3	3	TRUE	TRUE
loop_11969	TRUE	4	3	3	3	FALSE	TRUE
loop_11970	TRUE	4	2	2	3	FALSE	FALSE
loop_11971	TRUE	3	4	3	3	FALSE	TRUE
loop_11972	FALSE	3	3	3	3	TRUE	TRUE
loop_11973	FALSE	3	3	3	3	TRUE	TRUE
loop_11974	FALSE	3	3	3	3	TRUE	TRUE
loop_11975	TRUE	4	3	3	3	FALSE	TRUE
loop_11976	TRUE	3	4	3	3	FALSE	TRUE
loop_11977	FALSE	3	3	3	3	TRUE	TRUE
loop_11978	FALSE	3	3	3	3	TRUE	TRUE
loop_11979	TRUE	3	3	5	3	TRUE	FALSE
loop_11980	TRUE	3	4	3	5	FALSE	FALSE
loop_11981	TRUE	4	2	3	2	FALSE	FALSE
loop_11982	FALSE	2	4	2	4	FALSE	FALSE
loop_11983	TRUE	4	3	3	3	FALSE	TRUE
loop_11984	FALSE	2	3	2	3	FALSE	FALSE
loop_11985	TRUE	4	3	3	3	FALSE	TRUE
loop_11986	FALSE	3	3	3	3	TRUE	TRUE
loop_11987	TRUE	3	3	3	4	TRUE	FALSE
loop_11988	FALSE	3	3	3	3	TRUE	TRUE
loop_11989	TRUE	3	2	3	3	FALSE	TRUE
loop_11990	TRUE	3	3	5	1	TRUE	FALSE
loop_11991	FALSE	3	3	3	3	TRUE	TRUE
loop_11992	TRUE	3	2	3	3	FALSE	TRUE
loop_11993	FALSE	3	3	3	3	TRUE	TRUE
loop_11994	FALSE	3	3	3	3	TRUE	TRUE
loop_11995	FALSE	4	1	4	1	FALSE	FALSE
loop_11996	FALSE	3	3	3	3	TRUE	TRUE
loop_11997	FALSE	3	3	3	3	TRUE	TRUE
loop_11998	FALSE	4	3	4	3	FALSE	FALSE
loop_11999	FALSE	5	1	5	1	FALSE	FALSE
loop_12000	FALSE	3	3	3	3	TRUE	TRUE
loop_12001	FALSE	2	2	2	2	FALSE	FALSE
loop_12002	TRUE	4	3	3	3	FALSE	TRUE
loop_12003	TRUE	3	2	4	3	FALSE	FALSE
loop_12004	FALSE	5	1	5	1	FALSE	FALSE
loop_12005	TRUE	4	2	4	3	FALSE	FALSE
loop_12006	TRUE	3	4	3	3	FALSE	TRUE
loop_12007	FALSE	3	3	3	3	TRUE	TRUE
loop_12008	FALSE	3	3	3	3	TRUE	TRUE
loop_12009	TRUE	4	1	4	2	FALSE	FALSE
loop_12010	TRUE	2	4	3	4	FALSE	FALSE
loop_12011	FALSE	3	3	3	3	TRUE	TRUE
loop_12012	FALSE	3	4	3	4	FALSE	FALSE
loop_12013	FALSE	2	3	2	3	FALSE	FALSE
loop_12014	TRUE	3	3	2	3	TRUE	FALSE
loop_12015	TRUE	4	2	5	3	FALSE	FALSE
loop_12016	FALSE	3	3	3	3	TRUE	TRUE
loop_12017	FALSE	3	3	3	3	TRUE	TRUE
loop_12018	TRUE	3	4	2	3	FALSE	FALSE
loop_12019	FALSE	3	3	3	3	TRUE	TRUE
loop_12020	TRUE	3	3	4	3	TRUE	FALSE
loop_12021	FALSE	3	3	3	3	TRUE	TRUE
loop_12022	TRUE	3	3	2	1	TRUE	FALSE
loop_12023	FALSE	3	3	3	3	TRUE	TRUE
loop_12024	TRUE	4	3	4	2	FALSE	FALSE
loop_12025	TRUE	2	3	4	2	FALSE	FALSE
loop_12026	FALSE	3	1	3	1	FALSE	FALSE
loop_12027	TRUE	3	4	3	3	FALSE	TRUE
loop_12028	TRUE	3	3	3	2	TRUE	FALSE
loop_12029	FALSE	3	3	3	3	TRUE	TRUE
loop_12030	FALSE	3	3	3	3	TRUE	TRUE
loop_12031	FALSE	3	3	3	3	TRUE	TRUE
loop_12032	TRUE	1	3	3	3	FALSE	TRUE
loop_12033	TRUE	4	3	3	3	FALSE	TRUE
loop_12034	TRUE	4	4	3	3	FALSE	TRUE
loop_12035	FALSE	4	3	4	3	FALSE	FALSE
loop_12036	TRUE	2	3	3	3	FALSE	TRUE
loop_12037	FALSE	3	3	3	3	TRUE	TRUE
loop_12038	TRUE	4	1	3	3	FALSE	TRUE
loop_12039	TRUE	3	4	3	3	FALSE	TRUE
loop_12040	FALSE	3	3	3	3	TRUE	TRUE
loop_12041	TRUE	3	2	3	3	FALSE	TRUE
loop_12042	TRUE	2	3	3	3	FALSE	TRUE
loop_12043	FALSE	2	3	2	3	FALSE	FALSE
loop_12044	TRUE	2	3	3	3	FALSE	TRUE
loop_12045	FALSE	3	3	3	3	TRUE	TRUE
loop_12046	FALSE	3	3	3	3	TRUE	TRUE
loop_12047	TRUE	2	3	3	3	FALSE	TRUE
loop_12048	FALSE	5	1	5	1	FALSE	FALSE
loop_12049	TRUE	1	3	3	3	FALSE	TRUE
loop_12050	TRUE	2	3	1	3	FALSE	FALSE
loop_12051	TRUE	3	3	2	3	TRUE	FALSE
loop_12052	FALSE	3	3	3	3	TRUE	TRUE
loop_12053	FALSE	3	3	3	3	TRUE	TRUE
loop_12054	FALSE	2	3	2	3	FALSE	FALSE
loop_12055	FALSE	3	3	3	3	TRUE	TRUE
loop_12056	TRUE	4	1	3	3	FALSE	TRUE
loop_12057	FALSE	3	3	3	3	TRUE	TRUE
loop_12058	TRUE	3	3	4	3	TRUE	FALSE
loop_12059	TRUE	4	3	4	2	FALSE	FALSE
loop_12060	FALSE	3	3	3	3	TRUE	TRUE
loop_12061	TRUE	1	3	3	3	FALSE	TRUE
loop_12062	FALSE	3	3	3	3	TRUE	TRUE
loop_12063	FALSE	3	4	3	4	FALSE	FALSE
loop_12064	FALSE	3	3	3	3	TRUE	TRUE
loop_12065	TRUE	1	2	2	1	FALSE	FALSE
loop_12066	FALSE	3	3	3	3	TRUE	TRUE
loop_12067	TRUE	3	3	5	3	TRUE	FALSE
loop_12068	TRUE	4	4	3	3	FALSE	TRUE
loop_12069	TRUE	4	4	4	3	FALSE	FALSE
loop_12070	TRUE	4	3	3	3	FALSE	TRUE
loop_12071	FALSE	3	3	3	3	TRUE	TRUE
loop_12072	FALSE	3	3	3	3	TRUE	TRUE
loop_12073	FALSE	3	4	3	4	FALSE	FALSE
loop_12074	FALSE	3	3	3	3	TRUE	TRUE
loop_12075	TRUE	3	3	4	3	TRUE	FALSE
loop_12076	FALSE	2	4	2	4	FALSE	FALSE
loop_12077	FALSE	3	3	3	3	TRUE	TRUE
loop_12078	FALSE	3	3	3	3	TRUE	TRUE
loop_12079	TRUE	3	3	2	3	TRUE	FALSE
loop_12080	FALSE	3	2	3	2	FALSE	FALSE
loop_12081	FALSE	3	3	3	3	TRUE	TRUE
loop_12082	FALSE	3	3	3	3	TRUE	TRUE
loop_12083	TRUE	2	5	3	3	FALSE	TRUE
loop_12084	TRUE	2	3	3	3	FALSE	TRUE
loop_12085	FALSE	3	3	3	3	TRUE	TRUE
loop_12086	FALSE	3	3	3	3	TRUE	TRUE
loop_12087	FALSE	3	3	3	3	TRUE	TRUE
loop_12088	FALSE	2	3	2	3	FALSE	FALSE
loop_12089	TRUE	3	3	2	3	TRUE	FALSE
loop_12090	FALSE	3	3	3	3	TRUE	TRUE
loop_12091	TRUE	3	2	3	3	FALSE	TRUE
loop_12092	TRUE	3	4	2	3	FALSE	FALSE
loop_12093	FALSE	3	4	3	4	FALSE	FALSE
loop_12094	TRUE	4	3	3	3	FALSE	TRUE
loop_12095	TRUE	3	3	4	3	TRUE	FALSE
loop_12096	TRUE	3	3	2	3	TRUE	FALSE
loop_12097	FALSE	4	2	4	2	FALSE	FALSE
loop_12098	FALSE	3	3	3	3	TRUE	TRUE
loop_12099	TRUE	5	1	3	3	FALSE	TRUE
loop_12100	TRUE	3	3	2	3	TRUE	FALSE
loop_12101	TRUE	3	2	3	3	FALSE	TRUE
loop_12102	TRUE	3	3	3	4	TRUE	FALSE
loop_12103	TRUE	5	1	3	3	FALSE	TRUE
loop_12104	TRUE	3	1	4	1	FALSE	FALSE
loop_12105	FALSE	3	3	3	3	TRUE	TRUE
loop_12106	FALSE	3	3	3	3	TRUE	TRUE
loop_12107	TRUE	4	2	3	3	FALSE	TRUE
loop_12108	FALSE	3	3	3	3	TRUE	TRUE
loop_12109	TRUE	3	3	2	4	TRUE	FALSE
loop_12110	FALSE	2	3	2	3	FALSE	FALSE
loop_12111	FALSE	3	3	3	3	TRUE	TRUE
loop_12112	FALSE	3	3	3	3	TRUE	TRUE
loop_12113	FALSE	3	3	3	3	TRUE	TRUE
loop_12114	FALSE	3	3	3	3	TRUE	TRUE
loop_12115	TRUE	2	3	4	2	FALSE	FALSE
loop_12116	FALSE	1	3	1	3	FALSE	FALSE
loop_12117	TRUE	2	3	3	3	FALSE	TRUE
loop_12118	FALSE	3	3	3	3	TRUE	TRUE
loop_12119	TRUE	2	2	3	3	FALSE	TRUE
loop_12120	TRUE	3	4	2	4	FALSE	FALSE
loop_12121	TRUE	3	3	2	2	TRUE	FALSE
loop_12122	TRUE	3	4	3	3	FALSE	TRUE
loop_12123	FALSE	2	3	2	3	FALSE	FALSE
loop_12124	FALSE	3	3	3	3	TRUE	TRUE
loop_12125	TRUE	2	3	3	3	FALSE	TRUE
loop_12126	TRUE	3	3	3	4	TRUE	FALSE
loop_12127	FALSE	3	3	3	3	TRUE	TRUE
loop_12128	FALSE	3	3	3	3	TRUE	TRUE
loop_12129	TRUE	4	4	3	3	FALSE	TRUE
loop_12130	FALSE	3	5	3	5	FALSE	FALSE
loop_12131	TRUE	5	1	3	3	FALSE	TRUE
loop_12132	TRUE	3	3	2	3	TRUE	FALSE
loop_12133	TRUE	2	3	3	3	FALSE	TRUE
loop_12134	TRUE	3	4	3	3	FALSE	TRUE
loop_12135	TRUE	2	3	3	3	FALSE	TRUE
loop_12136	TRUE	3	4	3	3	FALSE	TRUE
loop_12137	FALSE	3	3	3	3	TRUE	TRUE
loop_12138	FALSE	3	3	3	3	TRUE	TRUE
loop_12139	FALSE	3	3	3	3	TRUE	TRUE
loop_12140	TRUE	3	4	3	3	FALSE	TRUE
loop_12141	TRUE	2	2	3	3	FALSE	TRUE
loop_12142	FALSE	3	3	3	3	TRUE	TRUE
loop_12143	FALSE	3	3	3	3	TRUE	TRUE
loop_12144	TRUE	3	3	2	3	TRUE	FALSE
loop_12145	TRUE	4	3	3	3	FALSE	TRUE
loop_12146	TRUE	3	2	3	3	FALSE	TRUE
loop_12147	TRUE	4	4	3	4	FALSE	FALSE
loop_12148	FALSE	3	3	3	3	TRUE	TRUE
loop_12149	TRUE	4	3	4	4	FALSE	FALSE
loop_12150	FALSE	3	3	3	3	TRUE	TRUE
loop_12151	FALSE	3	4	3	4	FALSE	FALSE
loop_12152	TRUE	4	3	3	3	FALSE	TRUE
loop_12153	TRUE	3	3	2	2	TRUE	FALSE
loop_12154	TRUE	3	2	3	3	FALSE	TRUE
loop_12155	TRUE	3	3	3	2	TRUE	FALSE
loop_12156	FALSE	3	3	3	3	TRUE	TRUE
loop_12157	FALSE	3	3	3	3	TRUE	TRUE
loop_12158	TRUE	3	4	3	3	FALSE	TRUE
loop_12159	TRUE	3	3	2	3	TRUE	FALSE
loop_12160	FALSE	3	3	3	3	TRUE	TRUE
loop_12161	FALSE	3	2	3	2	FALSE	FALSE
loop_12162	FALSE	3	3	3	3	TRUE	TRUE
loop_12163	FALSE	3	3	3	3	TRUE	TRUE
loop_12164	TRUE	3	3	3	2	TRUE	FALSE
loop_12165	TRUE	3	3	4	2	TRUE	FALSE
loop_12166	TRUE	2	3	3	3	FALSE	TRUE
loop_12167	TRUE	2	3	1	3	FALSE	FALSE
loop_12168	FALSE	4	4	4	4	FALSE	FALSE
loop_12169	TRUE	3	4	3	3	FALSE	TRUE
loop_12170	TRUE	2	3	2	4	FALSE	FALSE
loop_12171	TRUE	3	2	3	3	FALSE	TRUE
loop_12172	TRUE	4	3	3	2	FALSE	FALSE
loop_12173	TRUE	3	2	5	3	FALSE	FALSE
loop_12174	FALSE	3	3	3	3	TRUE	TRUE
loop_12175	TRUE	4	3	5	4	FALSE	FALSE
loop_12176	TRUE	3	2	4	3	FALSE	FALSE
loop_12177	TRUE	2	2	3	1	FALSE	FALSE
loop_12178	TRUE	3	4	1	1	FALSE	FALSE
loop_12179	TRUE	4	3	4	2	FALSE	FALSE
loop_12180	FALSE	3	3	3	3	TRUE	TRUE
loop_12181	TRUE	3	4	4	3	FALSE	FALSE
loop_12182	FALSE	4	2	4	2	FALSE	FALSE
loop_12183	FALSE	3	2	3	2	FALSE	FALSE
loop_12184	TRUE	3	4	5	4	FALSE	FALSE
loop_12185	TRUE	2	4	3	4	FALSE	FALSE
loop_12186	TRUE	3	3	5	2	TRUE	FALSE
loop_12187	TRUE	2	2	3	3	FALSE	TRUE
loop_12188	FALSE	3	3	3	3	TRUE	TRUE
loop_12189	FALSE	3	3	3	3	TRUE	TRUE
loop_12190	FALSE	3	3	3	3	TRUE	TRUE
loop_12191	FALSE	3	3	3	3	TRUE	TRUE
loop_12192	FALSE	3	3	3	3	TRUE	TRUE
loop_12193	FALSE	3	3	3	3	TRUE	TRUE
loop_12194	FALSE	3	3	3	3	TRUE	TRUE
loop_12195	FALSE	3	3	3	3	TRUE	TRUE
loop_12196	FALSE	5	1	5	1	FALSE	FALSE
loop_12197	FALSE	3	3	3	3	TRUE	TRUE
loop_12198	TRUE	3	4	3	3	FALSE	TRUE
loop_12199	FALSE	3	3	3	3	TRUE	TRUE
loop_12200	FALSE	3	3	3	3	TRUE	TRUE
loop_12201	FALSE	3	3	3	3	TRUE	TRUE
loop_12202	FALSE	3	3	3	3	TRUE	TRUE
loop_12203	FALSE	3	3	3	3	TRUE	TRUE
loop_12204	FALSE	3	3	3	3	TRUE	TRUE
loop_12205	FALSE	3	3	3	3	TRUE	TRUE
loop_12206	FALSE	3	3	3	3	TRUE	TRUE
loop_12207	TRUE	3	4	4	3	FALSE	FALSE
loop_12208	FALSE	2	3	2	3	FALSE	FALSE
loop_12209	FALSE	3	2	3	2	FALSE	FALSE
loop_12210	FALSE	3	3	3	3	TRUE	TRUE
loop_12211	FALSE	3	3	3	3	TRUE	TRUE
loop_12212	FALSE	2	3	2	3	FALSE	FALSE
loop_12213	FALSE	3	3	3	3	TRUE	TRUE
loop_12214	TRUE	3	3	2	3	TRUE	FALSE
loop_12215	FALSE	3	3	3	3	TRUE	TRUE
loop_12216	FALSE	3	3	3	3	TRUE	TRUE
loop_12217	FALSE	3	3	3	3	TRUE	TRUE
loop_12218	TRUE	3	2	3	3	FALSE	TRUE
loop_12219	FALSE	3	3	3	3	TRUE	TRUE
loop_12220	FALSE	3	3	3	3	TRUE	TRUE
loop_12221	FALSE	3	3	3	3	TRUE	TRUE
loop_12222	TRUE	3	3	3	2	TRUE	FALSE
loop_12223	FALSE	3	3	3	3	TRUE	TRUE
loop_12224	FALSE	3	2	3	2	FALSE	FALSE
loop_12225	TRUE	4	3	3	3	FALSE	TRUE
loop_12226	FALSE	3	3	3	3	TRUE	TRUE
loop_12227	FALSE	3	2	3	2	FALSE	FALSE
loop_12228	TRUE	2	3	3	3	FALSE	TRUE
loop_12229	FALSE	3	3	3	3	TRUE	TRUE
loop_12230	FALSE	4	3	4	3	FALSE	FALSE
loop_12231	TRUE	3	3	2	3	TRUE	FALSE
loop_12232	FALSE	3	3	3	3	TRUE	TRUE
loop_12233	FALSE	3	3	3	3	TRUE	TRUE
loop_12234	TRUE	4	3	3	4	FALSE	FALSE
loop_12235	FALSE	3	3	3	3	TRUE	TRUE
loop_12236	TRUE	2	3	2	4	FALSE	FALSE
loop_12237	TRUE	3	2	3	3	FALSE	TRUE
loop_12238	FALSE	3	3	3	3	TRUE	TRUE
loop_12239	TRUE	5	2	1	3	FALSE	FALSE
loop_12240	TRUE	4	1	5	1	FALSE	FALSE
loop_12241	FALSE	3	3	3	3	TRUE	TRUE
loop_12242	TRUE	3	3	4	3	TRUE	FALSE
loop_12243	FALSE	3	3	3	3	TRUE	TRUE
loop_12244	TRUE	4	2	5	1	FALSE	FALSE
loop_12245	FALSE	3	3	3	3	TRUE	TRUE
loop_12246	TRUE	3	3	2	4	TRUE	FALSE
loop_12247	TRUE	4	3	2	2	FALSE	FALSE
loop_12248	TRUE	3	3	4	3	TRUE	FALSE
loop_12249	FALSE	3	3	3	3	TRUE	TRUE
loop_12250	FALSE	4	2	4	2	FALSE	FALSE
loop_12251	FALSE	3	1	3	1	FALSE	FALSE
loop_12252	FALSE	3	3	3	3	TRUE	TRUE
loop_12253	FALSE	3	3	3	3	TRUE	TRUE
loop_12254	TRUE	4	1	5	1	FALSE	FALSE
loop_12255	TRUE	3	3	3	4	TRUE	FALSE
loop_12256	TRUE	3	3	4	3	TRUE	FALSE
loop_12257	TRUE	5	2	5	1	FALSE	FALSE
loop_12258	FALSE	3	3	3	3	TRUE	TRUE
loop_12259	TRUE	2	2	3	3	FALSE	TRUE
loop_12260	TRUE	3	3	3	4	TRUE	FALSE
loop_12261	FALSE	3	3	3	3	TRUE	TRUE
loop_12262	FALSE	5	3	5	3	FALSE	FALSE
loop_12263	TRUE	3	3	2	4	TRUE	FALSE
loop_12264	TRUE	3	3	3	1	TRUE	FALSE
loop_12265	FALSE	1	3	1	3	FALSE	FALSE
loop_12266	TRUE	3	2	3	1	FALSE	FALSE
loop_12267	FALSE	3	3	3	3	TRUE	TRUE
loop_12268	FALSE	3	4	3	4	FALSE	FALSE
loop_12269	TRUE	3	3	2	3	TRUE	FALSE
loop_12270	TRUE	2	3	3	3	FALSE	TRUE
loop_12271	FALSE	3	3	3	3	TRUE	TRUE
loop_12272	TRUE	2	3	3	3	FALSE	TRUE
loop_12273	FALSE	3	3	3	3	TRUE	TRUE
loop_12274	FALSE	3	3	3	3	TRUE	TRUE
loop_12275	FALSE	3	3	3	3	TRUE	TRUE
loop_12276	TRUE	4	4	3	4	FALSE	FALSE
loop_12277	TRUE	3	1	5	1	FALSE	FALSE
loop_12278	FALSE	3	2	3	2	FALSE	FALSE
loop_12279	TRUE	3	2	3	3	FALSE	TRUE
loop_12280	TRUE	3	4	3	3	FALSE	TRUE
loop_12281	FALSE	3	3	3	3	TRUE	TRUE
loop_12282	TRUE	3	3	4	2	TRUE	FALSE
loop_12283	FALSE	3	3	3	3	TRUE	TRUE
loop_12284	TRUE	3	3	4	2	TRUE	FALSE
loop_12285	TRUE	3	4	3	3	FALSE	TRUE
loop_12286	FALSE	3	4	3	4	FALSE	FALSE
loop_12287	FALSE	3	3	3	3	TRUE	TRUE
loop_12288	FALSE	3	3	3	3	TRUE	TRUE
loop_12289	FALSE	3	3	3	3	TRUE	TRUE
loop_12290	FALSE	3	2	3	2	FALSE	FALSE
loop_12291	FALSE	3	3	3	3	TRUE	TRUE
loop_12292	TRUE	2	3	3	3	FALSE	TRUE
loop_12293	FALSE	4	2	4	2	FALSE	FALSE
loop_12294	FALSE	5	1	5	1	FALSE	FALSE
loop_12295	TRUE	2	3	3	3	FALSE	TRUE
loop_12296	FALSE	3	3	3	3	TRUE	TRUE
loop_12297	TRUE	3	3	3	5	TRUE	FALSE
loop_12298	TRUE	3	1	3	3	FALSE	TRUE
loop_12299	FALSE	3	3	3	3	TRUE	TRUE
loop_12300	TRUE	2	3	3	3	FALSE	TRUE
loop_12301	TRUE	3	3	2	3	TRUE	FALSE
loop_12302	TRUE	3	4	3	3	FALSE	TRUE
loop_12303	FALSE	3	3	3	3	TRUE	TRUE
loop_12304	FALSE	3	3	3	3	TRUE	TRUE
loop_12305	FALSE	5	1	5	1	FALSE	FALSE
loop_12306	FALSE	3	3	3	3	TRUE	TRUE
loop_12307	TRUE	4	3	3	3	FALSE	TRUE
loop_12308	TRUE	5	2	5	1	FALSE	FALSE
loop_12309	TRUE	5	1	4	1	FALSE	FALSE
loop_12310	FALSE	3	4	3	4	FALSE	FALSE
loop_12311	TRUE	3	3	3	2	TRUE	FALSE
loop_12312	FALSE	3	3	3	3	TRUE	TRUE
loop_12313	FALSE	3	3	3	3	TRUE	TRUE
loop_12314	TRUE	3	3	4	3	TRUE	FALSE
loop_12315	FALSE	3	3	3	3	TRUE	TRUE
loop_12316	TRUE	4	3	3	3	FALSE	TRUE
loop_12317	FALSE	3	3	3	3	TRUE	TRUE
loop_12318	TRUE	1	3	3	3	FALSE	TRUE
loop_12319	FALSE	3	2	3	2	FALSE	FALSE
loop_12320	FALSE	4	2	4	2	FALSE	FALSE
loop_12321	TRUE	3	3	2	3	TRUE	FALSE
loop_12322	FALSE	3	3	3	3	TRUE	TRUE
loop_12323	TRUE	4	1	3	3	FALSE	TRUE
loop_12324	FALSE	3	3	3	3	TRUE	TRUE
loop_12325	FALSE	3	3	3	3	TRUE	TRUE
loop_12326	TRUE	2	3	2	4	FALSE	FALSE
loop_12327	TRUE	3	4	3	3	FALSE	TRUE
loop_12328	FALSE	3	3	3	3	TRUE	TRUE
loop_12329	TRUE	5	2	5	1	FALSE	FALSE
loop_12330	TRUE	3	2	3	4	FALSE	FALSE
loop_12331	FALSE	3	3	3	3	TRUE	TRUE
loop_12332	TRUE	1	3	5	1	FALSE	FALSE
loop_12333	TRUE	2	3	3	3	FALSE	TRUE
loop_12334	FALSE	3	4	3	4	FALSE	FALSE
loop_12335	TRUE	3	2	3	3	FALSE	TRUE
loop_12336	TRUE	3	3	4	3	TRUE	FALSE
loop_12337	FALSE	3	1	3	1	FALSE	FALSE
loop_12338	TRUE	4	2	3	2	FALSE	FALSE
loop_12339	FALSE	3	3	3	3	TRUE	TRUE
loop_12340	FALSE	2	2	2	2	FALSE	FALSE
loop_12341	TRUE	3	3	3	4	TRUE	FALSE
loop_12342	TRUE	4	3	5	3	FALSE	FALSE
loop_12343	TRUE	4	3	3	3	FALSE	TRUE
loop_12344	FALSE	4	2	4	2	FALSE	FALSE
loop_12345	FALSE	2	3	2	3	FALSE	FALSE
loop_12346	TRUE	1	2	5	2	FALSE	FALSE
loop_12347	TRUE	3	3	4	3	TRUE	FALSE
loop_12348	TRUE	3	3	2	3	TRUE	FALSE
loop_12349	FALSE	3	5	3	5	FALSE	FALSE
loop_12350	FALSE	3	3	3	3	TRUE	TRUE
loop_12351	FALSE	3	3	3	3	TRUE	TRUE
loop_12352	TRUE	4	3	3	4	FALSE	FALSE
loop_12353	FALSE	3	3	3	3	TRUE	TRUE
loop_12354	FALSE	3	3	3	3	TRUE	TRUE
loop_12355	FALSE	2	3	2	3	FALSE	FALSE
loop_12356	TRUE	5	1	5	2	FALSE	FALSE
loop_12357	FALSE	4	1	4	1	FALSE	FALSE
loop_12358	FALSE	3	3	3	3	TRUE	TRUE
loop_12359	FALSE	3	3	3	3	TRUE	TRUE
loop_12360	FALSE	4	3	4	3	FALSE	FALSE
loop_12361	TRUE	2	3	3	3	FALSE	TRUE
loop_12362	TRUE	3	3	5	2	TRUE	FALSE
loop_12363	TRUE	4	3	5	2	FALSE	FALSE
loop_12364	FALSE	3	3	3	3	TRUE	TRUE
loop_12365	TRUE	4	3	3	3	FALSE	TRUE
loop_12366	TRUE	3	2	4	1	FALSE	FALSE
loop_12367	TRUE	3	4	4	4	FALSE	FALSE
loop_12368	FALSE	3	3	3	3	TRUE	TRUE
loop_12369	TRUE	3	3	3	1	TRUE	FALSE
loop_12370	FALSE	3	3	3	3	TRUE	TRUE
loop_12371	TRUE	3	2	3	3	FALSE	TRUE
loop_12372	TRUE	3	3	2	3	TRUE	FALSE
loop_12373	FALSE	2	4	2	4	FALSE	FALSE
loop_12374	TRUE	4	2	3	3	FALSE	TRUE
loop_12375	FALSE	3	3	3	3	TRUE	TRUE
loop_12376	TRUE	2	3	3	3	FALSE	TRUE
loop_12377	TRUE	3	3	4	2	TRUE	FALSE
loop_12378	FALSE	4	3	4	3	FALSE	FALSE
loop_12379	FALSE	3	3	3	3	TRUE	TRUE
loop_12380	TRUE	3	3	2	5	TRUE	FALSE
loop_12381	FALSE	5	1	5	1	FALSE	FALSE
loop_12382	TRUE	4	2	3	2	FALSE	FALSE
loop_12383	TRUE	4	3	3	3	FALSE	TRUE
loop_12384	FALSE	4	3	4	3	FALSE	FALSE
loop_12385	FALSE	3	3	3	3	TRUE	TRUE
loop_12386	FALSE	3	3	3	3	TRUE	TRUE
loop_12387	TRUE	3	2	3	3	FALSE	TRUE
loop_12388	FALSE	3	2	3	2	FALSE	FALSE
loop_12389	FALSE	1	4	1	4	FALSE	FALSE
loop_12390	TRUE	3	3	4	4	TRUE	FALSE
loop_12391	FALSE	3	3	3	3	TRUE	TRUE
loop_12392	FALSE	4	3	4	3	FALSE	FALSE
loop_12393	TRUE	2	3	3	3	FALSE	TRUE
loop_12394	TRUE	3	4	3	3	FALSE	TRUE
loop_12395	TRUE	2	3	3	3	FALSE	TRUE
loop_12396	TRUE	2	5	3	3	FALSE	TRUE
loop_12397	TRUE	3	2	3	3	FALSE	TRUE
loop_12398	FALSE	3	2	3	2	FALSE	FALSE
loop_12399	FALSE	3	3	3	3	TRUE	TRUE
loop_12400	TRUE	3	4	3	3	FALSE	TRUE
loop_12401	FALSE	3	3	3	3	TRUE	TRUE
loop_12402	TRUE	5	4	3	5	FALSE	FALSE
loop_12403	TRUE	5	1	4	1	FALSE	FALSE
loop_12404	TRUE	3	3	5	1	TRUE	FALSE
loop_12405	TRUE	3	4	3	3	FALSE	TRUE
loop_12406	TRUE	2	3	1	4	FALSE	FALSE
loop_12407	FALSE	3	3	3	3	TRUE	TRUE
loop_12408	FALSE	3	3	3	3	TRUE	TRUE
loop_12409	FALSE	3	3	3	3	TRUE	TRUE
loop_12410	TRUE	1	2	2	2	FALSE	FALSE
loop_12411	FALSE	3	3	3	3	TRUE	TRUE
loop_12412	FALSE	3	3	3	3	TRUE	TRUE
loop_12413	TRUE	3	3	2	4	TRUE	FALSE
loop_12414	FALSE	3	2	3	2	FALSE	FALSE
loop_12415	FALSE	3	3	3	3	TRUE	TRUE
loop_12416	TRUE	1	2	3	3	FALSE	TRUE
loop_12417	FALSE	3	3	3	3	TRUE	TRUE
loop_12418	FALSE	3	3	3	3	TRUE	TRUE
loop_12419	FALSE	3	3	3	3	TRUE	TRUE
loop_12420	TRUE	4	2	5	2	FALSE	FALSE
loop_12421	TRUE	3	2	3	3	FALSE	TRUE
loop_12422	FALSE	3	2	3	2	FALSE	FALSE
loop_12423	FALSE	3	3	3	3	TRUE	TRUE
loop_12424	TRUE	3	1	3	3	FALSE	TRUE
loop_12425	FALSE	4	3	4	3	FALSE	FALSE
loop_12426	TRUE	3	4	5	1	FALSE	FALSE
loop_12427	TRUE	5	1	4	2	FALSE	FALSE
loop_12428	FALSE	3	3	3	3	TRUE	TRUE
loop_12429	FALSE	3	3	3	3	TRUE	TRUE
loop_12430	TRUE	3	3	2	3	TRUE	FALSE
loop_12431	FALSE	3	3	3	3	TRUE	TRUE
loop_12432	TRUE	5	1	4	1	FALSE	FALSE
loop_12433	TRUE	4	3	3	3	FALSE	TRUE
loop_12434	TRUE	2	2	3	2	FALSE	FALSE
loop_12435	FALSE	3	3	3	3	TRUE	TRUE
loop_12436	TRUE	3	2	3	3	FALSE	TRUE
loop_12437	TRUE	2	3	3	3	FALSE	TRUE
loop_12438	FALSE	3	3	3	3	TRUE	TRUE
loop_12439	TRUE	5	4	4	3	FALSE	FALSE
loop_12440	FALSE	3	3	3	3	TRUE	TRUE
loop_12441	FALSE	3	3	3	3	TRUE	TRUE
loop_12442	TRUE	3	3	4	3	TRUE	FALSE
loop_12443	TRUE	3	3	2	3	TRUE	FALSE
loop_12444	FALSE	2	4	2	4	FALSE	FALSE
loop_12445	TRUE	3	3	4	4	TRUE	FALSE
loop_12446	TRUE	4	4	3	3	FALSE	TRUE
loop_12447	TRUE	4	3	3	2	FALSE	FALSE
loop_12448	TRUE	2	2	3	3	FALSE	TRUE
loop_12449	TRUE	3	4	3	3	FALSE	TRUE
loop_12450	FALSE	3	3	3	3	TRUE	TRUE
loop_12451	TRUE	3	4	3	3	FALSE	TRUE
loop_12452	FALSE	3	3	3	3	TRUE	TRUE
loop_12453	FALSE	4	2	4	2	FALSE	FALSE
loop_12454	TRUE	3	2	3	3	FALSE	TRUE
loop_12455	TRUE	3	3	2	3	TRUE	FALSE
loop_12456	FALSE	3	3	3	3	TRUE	TRUE
loop_12457	TRUE	2	3	3	3	FALSE	TRUE
loop_12458	FALSE	3	3	3	3	TRUE	TRUE
loop_12459	FALSE	2	3	2	3	FALSE	FALSE
loop_12460	TRUE	4	3	3	3	FALSE	TRUE
loop_12461	FALSE	3	3	3	3	TRUE	TRUE
loop_12462	TRUE	4	2	4	4	FALSE	FALSE
loop_12463	TRUE	4	4	3	3	FALSE	TRUE
loop_12464	TRUE	3	3	3	4	TRUE	FALSE
loop_12465	FALSE	3	3	3	3	TRUE	TRUE
loop_12466	FALSE	4	3	4	3	FALSE	FALSE
loop_12467	TRUE	3	3	4	2	TRUE	FALSE
loop_12468	TRUE	3	4	3	3	FALSE	TRUE
loop_12469	FALSE	2	3	2	3	FALSE	FALSE
loop_12470	TRUE	3	3	4	3	TRUE	FALSE
loop_12471	TRUE	3	2	3	3	FALSE	TRUE
loop_12472	FALSE	3	3	3	3	TRUE	TRUE
loop_12473	FALSE	3	3	3	3	TRUE	TRUE
loop_12474	FALSE	3	3	3	3	TRUE	TRUE
loop_12475	FALSE	3	3	3	3	TRUE	TRUE
loop_12476	FALSE	3	3	3	3	TRUE	TRUE
loop_12477	FALSE	3	3	3	3	TRUE	TRUE
loop_12478	TRUE	2	3	3	3	FALSE	TRUE
loop_12479	TRUE	3	2	3	3	FALSE	TRUE
loop_12480	TRUE	3	2	3	3	FALSE	TRUE
loop_12481	FALSE	3	1	3	1	FALSE	FALSE
loop_12482	FALSE	3	3	3	3	TRUE	TRUE
loop_12483	TRUE	3	3	3	4	TRUE	FALSE
loop_12484	FALSE	3	3	3	3	TRUE	TRUE
loop_12485	TRUE	2	4	2	3	FALSE	FALSE
loop_12486	FALSE	3	3	3	3	TRUE	TRUE
loop_12487	TRUE	4	2	3	3	FALSE	TRUE
loop_12488	TRUE	3	4	3	3	FALSE	TRUE
loop_12489	TRUE	2	4	2	3	FALSE	FALSE
loop_12490	TRUE	2	2	2	4	FALSE	FALSE
loop_12491	TRUE	3	3	3	4	TRUE	FALSE
loop_12492	TRUE	4	3	3	3	FALSE	TRUE
loop_12493	FALSE	3	3	3	3	TRUE	TRUE
loop_12494	TRUE	3	3	3	2	TRUE	FALSE
loop_12495	TRUE	4	3	3	3	FALSE	TRUE
loop_12496	TRUE	3	4	2	4	FALSE	FALSE
loop_12497	TRUE	3	3	4	3	TRUE	FALSE
loop_12498	TRUE	3	5	3	3	FALSE	TRUE
loop_12499	TRUE	3	2	4	1	FALSE	FALSE
loop_12500	FALSE	3	3	3	3	TRUE	TRUE
loop_12501	FALSE	3	3	3	3	TRUE	TRUE
loop_12502	FALSE	3	3	3	3	TRUE	TRUE
loop_12503	TRUE	3	3	4	3	TRUE	FALSE
loop_12504	FALSE	3	3	3	3	TRUE	TRUE
loop_12505	FALSE	3	3	3	3	TRUE	TRUE
loop_12506	FALSE	3	3	3	3	TRUE	TRUE
loop_12507	TRUE	3	2	3	3	FALSE	TRUE
loop_12508	TRUE	3	3	2	3	TRUE	FALSE
loop_12509	TRUE	3	3	4	4	TRUE	FALSE
loop_12510	FALSE	3	3	3	3	TRUE	TRUE
loop_12511	TRUE	2	4	3	4	FALSE	FALSE
loop_12512	FALSE	3	2	3	2	FALSE	FALSE
loop_12513	FALSE	3	3	3	3	TRUE	TRUE
loop_12514	TRUE	3	1	3	2	FALSE	FALSE
loop_12515	TRUE	3	5	4	5	FALSE	FALSE
loop_12516	FALSE	4	4	4	4	FALSE	FALSE
loop_12517	TRUE	3	3	2	3	TRUE	FALSE
loop_12518	TRUE	3	2	3	3	FALSE	TRUE
loop_12519	TRUE	2	4	3	3	FALSE	TRUE
loop_12520	TRUE	2	5	2	3	FALSE	FALSE
loop_12521	FALSE	3	3	3	3	TRUE	TRUE
loop_12522	TRUE	3	4	2	3	FALSE	FALSE
loop_12523	FALSE	4	3	4	3	FALSE	FALSE
loop_12524	TRUE	5	3	4	3	FALSE	FALSE
loop_12525	TRUE	3	3	3	2	TRUE	FALSE
loop_12526	TRUE	3	2	3	3	FALSE	TRUE
loop_12527	FALSE	3	3	3	3	TRUE	TRUE
loop_12528	TRUE	4	3	3	3	FALSE	TRUE
loop_12529	TRUE	3	2	3	3	FALSE	TRUE
loop_12530	FALSE	3	3	3	3	TRUE	TRUE
loop_12531	TRUE	3	4	3	3	FALSE	TRUE
loop_12532	FALSE	3	3	3	3	TRUE	TRUE
loop_12533	FALSE	3	3	3	3	TRUE	TRUE
loop_12534	FALSE	3	3	3	3	TRUE	TRUE
loop_12535	FALSE	3	3	3	3	TRUE	TRUE
loop_12536	FALSE	3	3	3	3	TRUE	TRUE
loop_12537	FALSE	3	3	3	3	TRUE	TRUE
loop_12538	FALSE	3	3	3	3	TRUE	TRUE
loop_12539	FALSE	3	3	3	3	TRUE	TRUE
loop_12540	TRUE	3	4	3	3	FALSE	TRUE
loop_12541	FALSE	3	3	3	3	TRUE	TRUE
loop_12542	FALSE	3	3	3	3	TRUE	TRUE
loop_12543	FALSE	3	3	3	3	TRUE	TRUE
loop_12544	FALSE	3	3	3	3	TRUE	TRUE
loop_12545	FALSE	3	3	3	3	TRUE	TRUE
loop_12546	TRUE	5	2	5	1	FALSE	FALSE
loop_12547	FALSE	3	3	3	3	TRUE	TRUE
loop_12548	FALSE	3	3	3	3	TRUE	TRUE
loop_12549	FALSE	4	3	4	3	FALSE	FALSE
loop_12550	TRUE	3	3	3	4	TRUE	FALSE
loop_12551	FALSE	3	3	3	3	TRUE	TRUE
loop_12552	FALSE	3	3	3	3	TRUE	TRUE
loop_12553	FALSE	3	3	3	3	TRUE	TRUE
loop_12554	FALSE	2	5	2	5	FALSE	FALSE
loop_12555	FALSE	3	3	3	3	TRUE	TRUE
loop_12556	TRUE	3	3	4	3	TRUE	FALSE
loop_12557	TRUE	2	3	3	3	FALSE	TRUE
loop_12558	FALSE	3	3	3	3	TRUE	TRUE
loop_12559	TRUE	4	3	3	3	FALSE	TRUE
loop_12560	FALSE	5	1	5	1	FALSE	FALSE
loop_12561	FALSE	3	3	3	3	TRUE	TRUE
loop_12562	FALSE	3	3	3	3	TRUE	TRUE
loop_12563	FALSE	3	3	3	3	TRUE	TRUE
loop_12564	FALSE	3	3	3	3	TRUE	TRUE
loop_12565	FALSE	3	3	3	3	TRUE	TRUE
loop_12566	FALSE	3	2	3	2	FALSE	FALSE
loop_12567	TRUE	5	3	5	2	FALSE	FALSE
loop_12568	TRUE	5	1	5	2	FALSE	FALSE
loop_12569	FALSE	3	3	3	3	TRUE	TRUE
loop_12570	TRUE	3	2	3	3	FALSE	TRUE
loop_12571	FALSE	3	3	3	3	TRUE	TRUE
loop_12572	FALSE	3	3	3	3	TRUE	TRUE
loop_12573	FALSE	3	3	3	3	TRUE	TRUE
loop_12574	TRUE	3	3	4	3	TRUE	FALSE
loop_12575	TRUE	4	3	3	3	FALSE	TRUE
loop_12576	FALSE	5	1	5	1	FALSE	FALSE
loop_12577	FALSE	5	1	5	1	FALSE	FALSE
loop_12578	FALSE	3	3	3	3	TRUE	TRUE
loop_12579	FALSE	3	3	3	3	TRUE	TRUE
loop_12580	TRUE	3	2	3	3	FALSE	TRUE
loop_12581	TRUE	3	3	3	4	TRUE	FALSE
loop_12582	FALSE	3	5	3	5	FALSE	FALSE
loop_12583	FALSE	2	3	2	3	FALSE	FALSE
loop_12584	FALSE	3	3	3	3	TRUE	TRUE
loop_12585	FALSE	3	3	3	3	TRUE	TRUE
loop_12586	FALSE	2	3	2	3	FALSE	FALSE
loop_12587	FALSE	3	3	3	3	TRUE	TRUE
loop_12588	FALSE	3	3	3	3	TRUE	TRUE
loop_12589	FALSE	3	3	3	3	TRUE	TRUE
loop_12590	FALSE	3	3	3	3	TRUE	TRUE
loop_12591	FALSE	3	3	3	3	TRUE	TRUE
loop_12592	TRUE	3	3	3	2	TRUE	FALSE
loop_12593	TRUE	3	4	3	3	FALSE	TRUE
loop_12594	FALSE	3	3	3	3	TRUE	TRUE
loop_12595	FALSE	3	3	3	3	TRUE	TRUE
loop_12596	TRUE	3	3	3	4	TRUE	FALSE
loop_12597	TRUE	3	3	5	1	TRUE	FALSE
loop_12598	TRUE	3	3	3	2	TRUE	FALSE
loop_12599	TRUE	4	3	3	3	FALSE	TRUE
loop_12600	TRUE	3	3	3	4	TRUE	FALSE
loop_12601	TRUE	3	2	3	3	FALSE	TRUE
loop_12602	FALSE	3	3	3	3	TRUE	TRUE
loop_12603	TRUE	4	3	4	2	FALSE	FALSE
loop_12604	FALSE	4	3	4	3	FALSE	FALSE
loop_12605	FALSE	3	3	3	3	TRUE	TRUE
loop_12606	FALSE	3	3	3	3	TRUE	TRUE
loop_12607	FALSE	4	2	4	2	FALSE	FALSE
loop_12608	TRUE	4	1	5	1	FALSE	FALSE
loop_12609	TRUE	3	4	3	3	FALSE	TRUE
loop_12610	FALSE	5	1	5	1	FALSE	FALSE
loop_12611	TRUE	5	1	5	3	FALSE	FALSE
loop_12612	FALSE	3	3	3	3	TRUE	TRUE
loop_12613	TRUE	3	3	3	2	TRUE	FALSE
loop_12614	FALSE	3	4	3	4	FALSE	FALSE
loop_12615	FALSE	3	3	3	3	TRUE	TRUE
loop_12616	FALSE	4	3	4	3	FALSE	FALSE
loop_12617	FALSE	3	3	3	3	TRUE	TRUE
loop_12618	TRUE	3	3	2	4	TRUE	FALSE
loop_12619	TRUE	3	3	2	4	TRUE	FALSE
loop_12620	TRUE	3	1	4	1	FALSE	FALSE
loop_12621	TRUE	3	4	3	3	FALSE	TRUE
loop_12622	TRUE	3	3	3	2	TRUE	FALSE
loop_12623	TRUE	3	3	4	3	TRUE	FALSE
loop_12624	FALSE	3	3	3	3	TRUE	TRUE
loop_12625	FALSE	3	3	3	3	TRUE	TRUE
loop_12626	TRUE	3	3	3	2	TRUE	FALSE
loop_12627	FALSE	5	1	5	1	FALSE	FALSE
loop_12628	FALSE	3	3	3	3	TRUE	TRUE
loop_12629	TRUE	2	3	3	3	FALSE	TRUE
loop_12630	FALSE	5	1	5	1	FALSE	FALSE
loop_12631	FALSE	3	4	3	4	FALSE	FALSE
loop_12632	TRUE	3	4	3	5	FALSE	FALSE
loop_12633	TRUE	3	3	3	2	TRUE	FALSE
loop_12634	FALSE	3	3	3	3	TRUE	TRUE
loop_12635	FALSE	3	3	3	3	TRUE	TRUE
loop_12636	TRUE	3	3	2	3	TRUE	FALSE
loop_12637	TRUE	1	4	4	4	FALSE	FALSE
loop_12638	TRUE	3	2	3	3	FALSE	TRUE
loop_12639	FALSE	3	3	3	3	TRUE	TRUE
loop_12640	FALSE	3	3	3	3	TRUE	TRUE
loop_12641	TRUE	3	3	4	1	TRUE	FALSE
loop_12642	FALSE	3	3	3	3	TRUE	TRUE
loop_12643	FALSE	3	3	3	3	TRUE	TRUE
loop_12644	FALSE	3	3	3	3	TRUE	TRUE
loop_12645	FALSE	3	3	3	3	TRUE	TRUE
loop_12646	FALSE	3	3	3	3	TRUE	TRUE
loop_12647	FALSE	3	3	3	3	TRUE	TRUE
loop_12648	FALSE	3	3	3	3	TRUE	TRUE
loop_12649	FALSE	3	3	3	3	TRUE	TRUE
loop_12650	FALSE	2	4	2	4	FALSE	FALSE
loop_12651	TRUE	4	3	3	2	FALSE	FALSE
loop_12652	FALSE	3	3	3	3	TRUE	TRUE
loop_12653	FALSE	3	4	3	4	FALSE	FALSE
loop_12654	FALSE	3	3	3	3	TRUE	TRUE
loop_12655	TRUE	4	2	3	2	FALSE	FALSE
loop_12656	FALSE	2	3	2	3	FALSE	FALSE
loop_12657	FALSE	3	2	3	2	FALSE	FALSE
loop_12658	FALSE	3	3	3	3	TRUE	TRUE
loop_12659	FALSE	3	3	3	3	TRUE	TRUE
loop_12660	FALSE	5	2	5	2	FALSE	FALSE
loop_12661	TRUE	3	4	3	3	FALSE	TRUE
loop_12662	FALSE	3	3	3	3	TRUE	TRUE
loop_12663	FALSE	3	3	3	3	TRUE	TRUE
loop_12664	FALSE	3	3	3	3	TRUE	TRUE
loop_12665	FALSE	3	4	3	4	FALSE	FALSE
loop_12666	FALSE	3	4	3	4	FALSE	FALSE
loop_12667	FALSE	3	3	3	3	TRUE	TRUE
loop_12668	FALSE	3	3	3	3	TRUE	TRUE
loop_12669	TRUE	4	1	3	4	FALSE	FALSE
loop_12670	FALSE	3	2	3	2	FALSE	FALSE
loop_12671	TRUE	2	3	3	3	FALSE	TRUE
loop_12672	TRUE	3	3	4	3	TRUE	FALSE
loop_12673	FALSE	5	3	5	3	FALSE	FALSE
loop_12674	TRUE	4	3	3	3	FALSE	TRUE
loop_12675	TRUE	4	3	4	4	FALSE	FALSE
loop_12676	TRUE	3	3	3	4	TRUE	FALSE
loop_12677	FALSE	3	3	3	3	TRUE	TRUE
loop_12678	FALSE	3	3	3	3	TRUE	TRUE
loop_12679	TRUE	4	2	5	1	FALSE	FALSE
loop_12680	FALSE	3	3	3	3	TRUE	TRUE
loop_12681	FALSE	3	3	3	3	TRUE	TRUE
loop_12682	TRUE	3	2	3	3	FALSE	TRUE
loop_12683	TRUE	2	3	3	3	FALSE	TRUE
loop_12684	TRUE	2	3	3	3	FALSE	TRUE
loop_12685	TRUE	5	1	4	2	FALSE	FALSE
loop_12686	FALSE	3	2	3	2	FALSE	FALSE
loop_12687	FALSE	5	1	5	1	FALSE	FALSE
loop_12688	FALSE	4	1	4	1	FALSE	FALSE
loop_12689	FALSE	3	3	3	3	TRUE	TRUE
loop_12690	TRUE	3	4	3	3	FALSE	TRUE
loop_12691	FALSE	3	3	3	3	TRUE	TRUE
loop_12692	FALSE	4	3	4	3	FALSE	FALSE
loop_12693	FALSE	3	3	3	3	TRUE	TRUE
loop_12694	TRUE	3	2	3	3	FALSE	TRUE
loop_12695	FALSE	3	3	3	3	TRUE	TRUE
loop_12696	TRUE	4	3	3	3	FALSE	TRUE
loop_12697	FALSE	3	3	3	3	TRUE	TRUE
loop_12698	FALSE	3	3	3	3	TRUE	TRUE
loop_12699	FALSE	3	3	3	3	TRUE	TRUE
loop_12700	FALSE	3	3	3	3	TRUE	TRUE
loop_12701	TRUE	2	3	3	3	FALSE	TRUE
loop_12702	FALSE	4	3	4	3	FALSE	FALSE
loop_12703	FALSE	3	3	3	3	TRUE	TRUE
loop_12704	FALSE	2	4	2	4	FALSE	FALSE
loop_12705	FALSE	3	3	3	3	TRUE	TRUE
loop_12706	FALSE	3	3	3	3	TRUE	TRUE
loop_12707	FALSE	3	3	3	3	TRUE	TRUE
loop_12708	FALSE	3	3	3	3	TRUE	TRUE
loop_12709	FALSE	3	2	3	2	FALSE	FALSE
loop_12710	FALSE	3	3	3	3	TRUE	TRUE
loop_12711	TRUE	4	2	3	3	FALSE	TRUE
loop_12712	TRUE	2	5	3	3	FALSE	TRUE
loop_12713	FALSE	3	3	3	3	TRUE	TRUE
loop_12714	TRUE	3	3	4	4	TRUE	FALSE
loop_12715	TRUE	3	2	3	3	FALSE	TRUE
loop_12716	FALSE	3	4	3	4	FALSE	FALSE
loop_12717	TRUE	2	3	3	3	FALSE	TRUE
loop_12718	TRUE	3	3	5	1	TRUE	FALSE
loop_12719	TRUE	4	2	4	3	FALSE	FALSE
loop_12720	FALSE	3	3	3	3	TRUE	TRUE
loop_12721	TRUE	3	4	3	3	FALSE	TRUE
loop_12722	TRUE	4	3	3	3	FALSE	TRUE
loop_12723	FALSE	3	3	3	3	TRUE	TRUE
loop_12724	FALSE	1	5	1	5	FALSE	FALSE
loop_12725	FALSE	3	3	3	3	TRUE	TRUE
loop_12726	FALSE	3	3	3	3	TRUE	TRUE
loop_12727	TRUE	3	2	4	2	FALSE	FALSE
loop_12728	TRUE	4	3	3	2	FALSE	FALSE
loop_12729	FALSE	4	3	4	3	FALSE	FALSE
loop_12730	FALSE	3	3	3	3	TRUE	TRUE
loop_12731	FALSE	3	3	3	3	TRUE	TRUE
loop_12732	TRUE	3	4	3	3	FALSE	TRUE
loop_12733	FALSE	3	3	3	3	TRUE	TRUE
loop_12734	TRUE	3	2	3	3	FALSE	TRUE
loop_12735	TRUE	3	3	3	2	TRUE	FALSE
loop_12736	TRUE	2	3	3	3	FALSE	TRUE
loop_12737	FALSE	3	3	3	3	TRUE	TRUE
loop_12738	FALSE	3	3	3	3	TRUE	TRUE
loop_12739	FALSE	3	3	3	3	TRUE	TRUE
loop_12740	TRUE	2	3	3	3	FALSE	TRUE
loop_12741	TRUE	3	1	4	2	FALSE	FALSE
loop_12742	TRUE	5	4	5	3	FALSE	FALSE
loop_12743	FALSE	3	3	3	3	TRUE	TRUE
loop_12744	FALSE	3	3	3	3	TRUE	TRUE
loop_12745	TRUE	3	3	3	4	TRUE	FALSE
loop_12746	FALSE	3	3	3	3	TRUE	TRUE
loop_12747	FALSE	3	3	3	3	TRUE	TRUE
loop_12748	FALSE	3	3	3	3	TRUE	TRUE
loop_12749	FALSE	3	3	3	3	TRUE	TRUE
loop_12750	FALSE	3	3	3	3	TRUE	TRUE
loop_12751	TRUE	3	3	3	4	TRUE	FALSE
loop_12752	FALSE	3	3	3	3	TRUE	TRUE
loop_12753	TRUE	2	2	2	3	FALSE	FALSE
loop_12754	TRUE	3	3	1	2	TRUE	FALSE
loop_12755	FALSE	3	3	3	3	TRUE	TRUE
loop_12756	TRUE	2	4	2	3	FALSE	FALSE
loop_12757	TRUE	5	3	2	3	FALSE	FALSE
loop_12758	TRUE	3	3	2	3	TRUE	FALSE
loop_12759	TRUE	3	3	2	5	TRUE	FALSE
loop_12760	TRUE	2	2	3	3	FALSE	TRUE
loop_12761	TRUE	2	3	2	4	FALSE	FALSE
loop_12762	FALSE	3	3	3	3	TRUE	TRUE
loop_12763	FALSE	3	3	3	3	TRUE	TRUE
loop_12764	TRUE	3	2	3	3	FALSE	TRUE
loop_12765	FALSE	4	2	4	2	FALSE	FALSE
loop_12766	FALSE	3	3	3	3	TRUE	TRUE
loop_12767	TRUE	2	3	3	4	FALSE	FALSE
loop_12768	FALSE	3	4	3	4	FALSE	FALSE
loop_12769	TRUE	3	2	2	3	FALSE	FALSE
loop_12770	FALSE	3	3	3	3	TRUE	TRUE
loop_12771	TRUE	3	2	3	3	FALSE	TRUE
loop_12772	FALSE	3	3	3	3	TRUE	TRUE
loop_12773	TRUE	3	1	3	3	FALSE	TRUE
loop_12774	FALSE	3	4	3	4	FALSE	FALSE
loop_12775	TRUE	3	3	4	3	TRUE	FALSE
loop_12776	TRUE	2	2	3	2	FALSE	FALSE
loop_12777	FALSE	3	3	3	3	TRUE	TRUE
loop_12778	FALSE	3	3	3	3	TRUE	TRUE
loop_12779	FALSE	3	3	3	3	TRUE	TRUE
loop_12780	TRUE	3	3	3	4	TRUE	FALSE
loop_12781	TRUE	3	3	3	2	TRUE	FALSE
loop_12782	TRUE	3	3	3	4	TRUE	FALSE
loop_12783	FALSE	3	3	3	3	TRUE	TRUE
loop_12784	TRUE	4	3	3	3	FALSE	TRUE
loop_12785	FALSE	3	3	3	3	TRUE	TRUE
loop_12786	FALSE	3	3	3	3	TRUE	TRUE
loop_12787	FALSE	3	2	3	2	FALSE	FALSE
loop_12788	TRUE	3	4	4	3	FALSE	FALSE
loop_12789	TRUE	3	3	4	2	TRUE	FALSE
loop_12790	FALSE	3	3	3	3	TRUE	TRUE
loop_12791	FALSE	3	3	3	3	TRUE	TRUE
loop_12792	FALSE	3	2	3	2	FALSE	FALSE
loop_12793	TRUE	3	3	4	3	TRUE	FALSE
loop_12794	FALSE	3	3	3	3	TRUE	TRUE
loop_12795	FALSE	3	3	3	3	TRUE	TRUE
loop_12796	FALSE	2	3	2	3	FALSE	FALSE
loop_12797	FALSE	3	3	3	3	TRUE	TRUE
loop_12798	TRUE	3	3	2	3	TRUE	FALSE
loop_12799	FALSE	3	3	3	3	TRUE	TRUE
loop_12800	TRUE	2	3	2	2	FALSE	FALSE
loop_12801	FALSE	4	4	4	4	FALSE	FALSE
loop_12802	FALSE	2	2	2	2	FALSE	FALSE
loop_12803	TRUE	4	3	3	3	FALSE	TRUE
loop_12804	FALSE	3	3	3	3	TRUE	TRUE
loop_12805	FALSE	3	2	3	2	FALSE	FALSE
loop_12806	FALSE	3	3	3	3	TRUE	TRUE
loop_12807	FALSE	3	3	3	3	TRUE	TRUE
loop_12808	FALSE	3	3	3	3	TRUE	TRUE
loop_12809	TRUE	3	3	3	2	TRUE	FALSE
loop_12810	FALSE	3	3	3	3	TRUE	TRUE
loop_12811	FALSE	3	3	3	3	TRUE	TRUE
loop_12812	TRUE	2	2	3	2	FALSE	FALSE
loop_12813	FALSE	3	3	3	3	TRUE	TRUE
loop_12814	FALSE	3	3	3	3	TRUE	TRUE
loop_12815	TRUE	2	2	3	3	FALSE	TRUE
loop_12816	TRUE	3	4	4	4	FALSE	FALSE
loop_12817	FALSE	3	3	3	3	TRUE	TRUE
loop_12818	FALSE	4	4	4	4	FALSE	FALSE
loop_12819	TRUE	3	2	3	3	FALSE	TRUE
loop_12820	TRUE	5	2	5	3	FALSE	FALSE
loop_12821	FALSE	2	3	2	3	FALSE	FALSE
loop_12822	TRUE	3	3	3	4	TRUE	FALSE
loop_12823	TRUE	3	3	2	4	TRUE	FALSE
loop_12824	TRUE	2	3	3	4	FALSE	FALSE
loop_12825	TRUE	2	4	3	3	FALSE	TRUE
loop_12826	TRUE	4	3	3	3	FALSE	TRUE
loop_12827	FALSE	3	3	3	3	TRUE	TRUE
loop_12828	TRUE	3	3	3	4	TRUE	FALSE
loop_12829	FALSE	3	3	3	3	TRUE	TRUE
loop_12830	FALSE	4	3	4	3	FALSE	FALSE
loop_12831	TRUE	4	3	3	3	FALSE	TRUE
loop_12832	TRUE	3	4	3	3	FALSE	TRUE
loop_12833	FALSE	3	3	3	3	TRUE	TRUE
loop_12834	FALSE	3	3	3	3	TRUE	TRUE
loop_12835	TRUE	3	4	3	3	FALSE	TRUE
loop_12836	TRUE	4	3	3	4	FALSE	FALSE
loop_12837	FALSE	3	3	3	3	TRUE	TRUE
loop_12838	TRUE	4	3	3	3	FALSE	TRUE
loop_12839	TRUE	5	2	4	2	FALSE	FALSE
loop_12840	FALSE	3	3	3	3	TRUE	TRUE
loop_12841	FALSE	3	3	3	3	TRUE	TRUE
loop_12842	TRUE	3	1	3	3	FALSE	TRUE
loop_12843	TRUE	3	3	2	4	TRUE	FALSE
loop_12844	TRUE	4	1	3	3	FALSE	TRUE
loop_12845	TRUE	4	4	3	4	FALSE	FALSE
loop_12846	TRUE	3	3	1	4	TRUE	FALSE
loop_12847	FALSE	4	3	4	3	FALSE	FALSE
loop_12848	TRUE	3	3	1	5	TRUE	FALSE
loop_12849	TRUE	3	1	4	2	FALSE	FALSE
loop_12850	FALSE	5	1	5	1	FALSE	FALSE
loop_12851	TRUE	5	1	5	2	FALSE	FALSE
loop_12852	TRUE	5	2	5	1	FALSE	FALSE
loop_12853	FALSE	5	1	5	1	FALSE	FALSE
loop_12854	TRUE	3	2	4	2	FALSE	FALSE
loop_12855	FALSE	4	2	4	2	FALSE	FALSE
loop_12856	TRUE	2	4	3	4	FALSE	FALSE
loop_12857	FALSE	5	1	5	1	FALSE	FALSE
loop_12858	TRUE	5	1	3	1	FALSE	FALSE
loop_12859	TRUE	3	3	3	4	TRUE	FALSE
loop_12860	TRUE	4	1	5	1	FALSE	FALSE
loop_12861	FALSE	5	1	5	1	FALSE	FALSE
loop_12862	TRUE	3	2	3	3	FALSE	TRUE
loop_12863	TRUE	3	3	4	3	TRUE	FALSE
loop_12864	TRUE	3	3	5	3	TRUE	FALSE
loop_12865	TRUE	4	1	5	1	FALSE	FALSE
loop_12866	TRUE	3	3	4	4	TRUE	FALSE
loop_12867	TRUE	3	3	3	2	TRUE	FALSE
loop_12868	FALSE	3	3	3	3	TRUE	TRUE
loop_12869	TRUE	5	1	4	2	FALSE	FALSE
loop_12870	TRUE	3	2	5	2	FALSE	FALSE
loop_12871	FALSE	5	1	5	1	FALSE	FALSE
loop_12872	FALSE	5	1	5	1	FALSE	FALSE
loop_12873	TRUE	5	5	5	3	FALSE	FALSE
loop_12874	TRUE	5	2	4	3	FALSE	FALSE
loop_12875	TRUE	3	3	5	3	TRUE	FALSE
loop_12876	TRUE	3	2	5	2	FALSE	FALSE
loop_12877	TRUE	3	3	5	1	TRUE	FALSE
loop_12878	TRUE	2	3	3	3	FALSE	TRUE
loop_12879	FALSE	5	1	5	1	FALSE	FALSE
loop_12880	TRUE	4	1	5	1	FALSE	FALSE
loop_12881	TRUE	4	1	5	1	FALSE	FALSE
loop_12882	TRUE	3	3	3	2	TRUE	FALSE
loop_12883	TRUE	5	3	4	2	FALSE	FALSE
loop_12884	TRUE	3	3	4	3	TRUE	FALSE
loop_12885	FALSE	5	1	5	1	FALSE	FALSE
loop_12886	TRUE	4	3	3	4	FALSE	FALSE
loop_12887	TRUE	4	2	5	1	FALSE	FALSE
loop_12888	TRUE	5	2	5	1	FALSE	FALSE
loop_12889	TRUE	4	3	3	3	FALSE	TRUE
loop_12890	TRUE	5	4	5	1	FALSE	FALSE
loop_12891	FALSE	3	3	3	3	TRUE	TRUE
loop_12892	TRUE	3	1	4	1	FALSE	FALSE
loop_12893	TRUE	2	3	1	5	FALSE	FALSE
loop_12894	TRUE	4	4	4	3	FALSE	FALSE
loop_12895	TRUE	3	2	3	3	FALSE	TRUE
loop_12896	TRUE	2	4	3	4	FALSE	FALSE
loop_12897	FALSE	3	3	3	3	TRUE	TRUE
loop_12898	TRUE	4	3	4	2	FALSE	FALSE
loop_12899	TRUE	3	3	2	3	TRUE	FALSE
loop_12900	FALSE	3	3	3	3	TRUE	TRUE
loop_12901	FALSE	3	3	3	3	TRUE	TRUE
loop_12902	FALSE	3	3	3	3	TRUE	TRUE
loop_12903	FALSE	3	3	3	3	TRUE	TRUE
loop_12904	TRUE	3	2	2	4	FALSE	FALSE
loop_12905	TRUE	3	4	3	3	FALSE	TRUE
loop_12906	TRUE	3	2	3	3	FALSE	TRUE
loop_12907	TRUE	1	5	4	5	FALSE	FALSE
loop_12908	FALSE	3	3	3	3	TRUE	TRUE
loop_12909	TRUE	3	2	3	3	FALSE	TRUE
loop_12910	TRUE	3	2	3	3	FALSE	TRUE
loop_12911	TRUE	3	3	5	2	TRUE	FALSE
loop_12912	TRUE	4	3	3	3	FALSE	TRUE
loop_12913	TRUE	1	3	1	4	FALSE	FALSE
loop_12914	FALSE	3	3	3	3	TRUE	TRUE
loop_12915	FALSE	3	3	3	3	TRUE	TRUE
loop_12916	TRUE	2	3	3	3	FALSE	TRUE
loop_12917	TRUE	5	3	4	4	FALSE	FALSE
loop_12918	FALSE	3	3	3	3	TRUE	TRUE
loop_12919	TRUE	4	1	4	2	FALSE	FALSE
loop_12920	TRUE	3	5	3	3	FALSE	TRUE
loop_12921	TRUE	1	2	2	1	FALSE	FALSE
loop_12922	FALSE	3	2	3	2	FALSE	FALSE
loop_12923	TRUE	2	4	3	4	FALSE	FALSE
loop_12924	TRUE	3	3	3	2	TRUE	FALSE
loop_12925	TRUE	4	3	3	3	FALSE	TRUE
loop_12926	TRUE	1	5	1	4	FALSE	FALSE
loop_12927	FALSE	3	3	3	3	TRUE	TRUE
loop_12928	TRUE	3	3	4	4	TRUE	FALSE
loop_12929	FALSE	2	3	2	3	FALSE	FALSE
loop_12930	FALSE	3	3	3	3	TRUE	TRUE
loop_12931	TRUE	4	4	1	4	FALSE	FALSE
loop_12932	FALSE	3	3	3	3	TRUE	TRUE
loop_12933	FALSE	3	3	3	3	TRUE	TRUE
loop_12934	FALSE	3	3	3	3	TRUE	TRUE
loop_12935	FALSE	3	3	3	3	TRUE	TRUE
loop_12936	FALSE	2	3	2	3	FALSE	FALSE
loop_12937	TRUE	4	3	4	2	FALSE	FALSE
loop_12938	TRUE	3	3	4	3	TRUE	FALSE
loop_12939	FALSE	3	3	3	3	TRUE	TRUE
loop_12940	FALSE	3	3	3	3	TRUE	TRUE
loop_12941	FALSE	3	3	3	3	TRUE	TRUE
loop_12942	FALSE	3	3	3	3	TRUE	TRUE
loop_12943	FALSE	3	3	3	3	TRUE	TRUE
loop_12944	FALSE	3	3	3	3	TRUE	TRUE
loop_12945	FALSE	2	3	2	3	FALSE	FALSE
loop_12946	TRUE	3	4	4	4	FALSE	FALSE
loop_12947	TRUE	3	2	4	2	FALSE	FALSE
loop_12948	TRUE	4	2	3	3	FALSE	TRUE
loop_12949	FALSE	3	3	3	3	TRUE	TRUE
loop_12950	TRUE	3	4	3	3	FALSE	TRUE
loop_12951	TRUE	2	3	3	3	FALSE	TRUE
loop_12952	TRUE	2	5	3	4	FALSE	FALSE
loop_12953	TRUE	5	1	4	1	FALSE	FALSE
loop_12954	FALSE	5	1	5	1	FALSE	FALSE
loop_12955	TRUE	4	3	3	3	FALSE	TRUE
loop_12956	FALSE	3	3	3	3	TRUE	TRUE
loop_12957	TRUE	3	3	2	2	TRUE	FALSE
loop_12958	FALSE	3	3	3	3	TRUE	TRUE
loop_12959	FALSE	4	3	4	3	FALSE	FALSE
loop_12960	TRUE	5	2	3	2	FALSE	FALSE
loop_12961	TRUE	3	3	1	3	TRUE	FALSE
loop_12962	TRUE	3	3	2	3	TRUE	FALSE
loop_12963	TRUE	3	4	5	1	FALSE	FALSE
loop_12964	TRUE	4	3	3	3	FALSE	TRUE
loop_12965	FALSE	3	3	3	3	TRUE	TRUE
loop_12966	FALSE	5	1	5	1	FALSE	FALSE
loop_12967	TRUE	4	2	3	3	FALSE	TRUE
loop_12968	FALSE	5	2	5	2	FALSE	FALSE
loop_12969	TRUE	5	2	3	2	FALSE	FALSE
loop_12970	TRUE	3	2	3	3	FALSE	TRUE
loop_12971	TRUE	3	1	3	3	FALSE	TRUE
loop_12972	TRUE	5	1	3	2	FALSE	FALSE
loop_12973	FALSE	5	1	5	1	FALSE	FALSE
loop_12974	FALSE	3	3	3	3	TRUE	TRUE
loop_12975	TRUE	3	3	5	3	TRUE	FALSE
loop_12976	FALSE	3	3	3	3	TRUE	TRUE
loop_12977	TRUE	3	2	3	3	FALSE	TRUE
loop_12978	TRUE	3	3	4	2	TRUE	FALSE
loop_12979	FALSE	3	3	3	3	TRUE	TRUE
loop_12980	TRUE	4	2	2	3	FALSE	FALSE
loop_12981	FALSE	3	3	3	3	TRUE	TRUE
loop_12982	FALSE	3	3	3	3	TRUE	TRUE
loop_12983	FALSE	3	3	3	3	TRUE	TRUE
loop_12984	FALSE	3	4	3	4	FALSE	FALSE
loop_12985	TRUE	2	3	3	3	FALSE	TRUE
loop_12986	TRUE	3	4	3	3	FALSE	TRUE
loop_12987	FALSE	3	3	3	3	TRUE	TRUE
loop_12988	TRUE	3	2	4	2	FALSE	FALSE
loop_12989	FALSE	4	3	4	3	FALSE	FALSE
loop_12990	FALSE	3	3	3	3	TRUE	TRUE
loop_12991	TRUE	5	2	4	2	FALSE	FALSE
loop_12992	TRUE	3	3	4	3	TRUE	FALSE
loop_12993	TRUE	3	3	3	4	TRUE	FALSE
loop_12994	FALSE	3	3	3	3	TRUE	TRUE
loop_12995	FALSE	3	3	3	3	TRUE	TRUE
loop_12996	FALSE	3	3	3	3	TRUE	TRUE
loop_12997	TRUE	3	4	4	4	FALSE	FALSE
loop_12998	FALSE	3	3	3	3	TRUE	TRUE
loop_12999	TRUE	3	2	3	3	FALSE	TRUE
loop_13000	FALSE	3	3	3	3	TRUE	TRUE
loop_13001	TRUE	5	2	3	5	FALSE	FALSE
loop_13002	FALSE	3	3	3	3	TRUE	TRUE
loop_13003	TRUE	2	4	3	4	FALSE	FALSE
loop_13004	TRUE	3	2	3	3	FALSE	TRUE
loop_13005	TRUE	5	2	3	3	FALSE	TRUE
loop_13006	FALSE	3	3	3	3	TRUE	TRUE
loop_13007	FALSE	3	3	3	3	TRUE	TRUE
loop_13008	TRUE	3	4	3	5	FALSE	FALSE
loop_13009	FALSE	3	3	3	3	TRUE	TRUE
loop_13010	FALSE	3	3	3	3	TRUE	TRUE
loop_13011	FALSE	4	4	4	4	FALSE	FALSE
loop_13012	FALSE	4	2	4	2	FALSE	FALSE
loop_13013	TRUE	4	4	4	2	FALSE	FALSE
loop_13014	FALSE	2	3	2	3	FALSE	FALSE
loop_13015	FALSE	3	5	3	5	FALSE	FALSE
loop_13016	FALSE	3	3	3	3	TRUE	TRUE
loop_13017	FALSE	2	3	2	3	FALSE	FALSE
loop_13018	FALSE	3	3	3	3	TRUE	TRUE
loop_13019	FALSE	3	3	3	3	TRUE	TRUE
loop_13020	TRUE	4	2	3	3	FALSE	TRUE
loop_13021	TRUE	3	4	3	3	FALSE	TRUE
loop_13022	TRUE	4	4	4	3	FALSE	FALSE
loop_13023	FALSE	4	3	4	3	FALSE	FALSE
loop_13024	TRUE	4	3	5	1	FALSE	FALSE
loop_13025	TRUE	3	3	4	3	TRUE	FALSE
loop_13026	TRUE	5	2	5	1	FALSE	FALSE
loop_13027	TRUE	3	2	3	3	FALSE	TRUE
loop_13028	FALSE	3	3	3	3	TRUE	TRUE
loop_13029	TRUE	4	3	5	2	FALSE	FALSE
loop_13030	FALSE	5	1	5	1	FALSE	FALSE
loop_13031	TRUE	5	1	4	1	FALSE	FALSE
loop_13032	TRUE	3	3	2	4	TRUE	FALSE
loop_13033	TRUE	2	3	2	2	FALSE	FALSE
loop_13034	FALSE	3	3	3	3	TRUE	TRUE
loop_13035	FALSE	5	1	5	1	FALSE	FALSE
loop_13036	TRUE	3	1	4	1	FALSE	FALSE
loop_13037	TRUE	3	3	3	2	TRUE	FALSE
loop_13038	TRUE	5	1	4	1	FALSE	FALSE
loop_13039	TRUE	5	1	4	1	FALSE	FALSE
loop_13040	TRUE	3	3	3	2	TRUE	FALSE
loop_13041	FALSE	3	3	3	3	TRUE	TRUE
loop_13042	FALSE	3	3	3	3	TRUE	TRUE
loop_13043	TRUE	5	1	5	2	FALSE	FALSE
loop_13044	FALSE	5	1	5	1	FALSE	FALSE
loop_13045	TRUE	3	3	5	2	TRUE	FALSE
loop_13046	FALSE	3	3	3	3	TRUE	TRUE
loop_13047	TRUE	3	2	5	1	FALSE	FALSE
loop_13048	TRUE	4	3	4	4	FALSE	FALSE
loop_13049	FALSE	3	3	3	3	TRUE	TRUE
loop_13050	TRUE	4	1	3	3	FALSE	TRUE
loop_13051	TRUE	5	1	5	2	FALSE	FALSE
loop_13052	FALSE	5	1	5	1	FALSE	FALSE
loop_13053	TRUE	3	1	3	5	FALSE	FALSE
loop_13054	FALSE	5	1	5	1	FALSE	FALSE
loop_13055	TRUE	1	3	3	3	FALSE	TRUE
loop_13056	FALSE	3	3	3	3	TRUE	TRUE
loop_13057	TRUE	3	4	3	3	FALSE	TRUE
loop_13058	TRUE	3	5	3	4	FALSE	FALSE
loop_13059	TRUE	3	3	3	2	TRUE	FALSE
loop_13060	FALSE	3	2	3	2	FALSE	FALSE
loop_13061	FALSE	2	4	2	4	FALSE	FALSE
loop_13062	TRUE	2	3	3	3	FALSE	TRUE
loop_13063	FALSE	5	1	5	1	FALSE	FALSE
loop_13064	TRUE	3	3	1	1	TRUE	FALSE
loop_13065	FALSE	4	3	4	3	FALSE	FALSE
loop_13066	FALSE	3	2	3	2	FALSE	FALSE
loop_13067	TRUE	2	5	3	3	FALSE	TRUE
loop_13068	TRUE	4	3	3	3	FALSE	TRUE
loop_13069	FALSE	3	3	3	3	TRUE	TRUE
loop_13070	TRUE	3	2	3	3	FALSE	TRUE
loop_13071	TRUE	2	4	1	3	FALSE	FALSE
loop_13072	TRUE	5	4	4	4	FALSE	FALSE
loop_13073	TRUE	3	3	4	1	TRUE	FALSE
loop_13074	TRUE	3	3	2	3	TRUE	FALSE
loop_13075	TRUE	3	3	5	2	TRUE	FALSE
loop_13076	TRUE	3	3	3	4	TRUE	FALSE
loop_13077	TRUE	3	3	3	1	TRUE	FALSE
loop_13078	TRUE	5	2	5	1	FALSE	FALSE
loop_13079	FALSE	3	3	3	3	TRUE	TRUE
loop_13080	FALSE	3	3	3	3	TRUE	TRUE
loop_13081	TRUE	5	2	3	2	FALSE	FALSE
loop_13082	FALSE	3	3	3	3	TRUE	TRUE
loop_13083	TRUE	3	3	2	3	TRUE	FALSE
loop_13084	TRUE	5	2	4	1	FALSE	FALSE
loop_13085	TRUE	3	3	3	4	TRUE	FALSE
loop_13086	TRUE	3	3	4	3	TRUE	FALSE
loop_13087	FALSE	3	3	3	3	TRUE	TRUE
loop_13088	TRUE	4	2	5	1	FALSE	FALSE
loop_13089	FALSE	3	5	3	5	FALSE	FALSE
loop_13090	FALSE	3	3	3	3	TRUE	TRUE
loop_13091	TRUE	3	3	4	2	TRUE	FALSE
loop_13092	TRUE	3	2	5	1	FALSE	FALSE
loop_13093	TRUE	3	5	3	3	FALSE	TRUE
loop_13094	FALSE	3	3	3	3	TRUE	TRUE
loop_13095	TRUE	5	5	5	4	FALSE	FALSE
loop_13096	FALSE	3	3	3	3	TRUE	TRUE
loop_13097	TRUE	2	3	2	4	FALSE	FALSE
loop_13098	TRUE	3	3	1	3	TRUE	FALSE
loop_13099	TRUE	3	4	3	3	FALSE	TRUE
loop_13100	TRUE	4	2	5	1	FALSE	FALSE
loop_13101	TRUE	4	3	3	3	FALSE	TRUE
loop_13102	TRUE	3	3	2	3	TRUE	FALSE
loop_13103	TRUE	3	2	4	3	FALSE	FALSE
loop_13104	FALSE	3	3	3	3	TRUE	TRUE
loop_13105	FALSE	3	3	3	3	TRUE	TRUE
loop_13106	FALSE	5	3	5	3	FALSE	FALSE
loop_13107	FALSE	3	3	3	3	TRUE	TRUE
loop_13108	TRUE	2	3	3	1	FALSE	FALSE
loop_13109	TRUE	2	3	3	3	FALSE	TRUE
loop_13110	FALSE	3	3	3	3	TRUE	TRUE
loop_13111	FALSE	2	3	2	3	FALSE	FALSE
loop_13112	TRUE	5	3	3	3	FALSE	TRUE
loop_13113	FALSE	3	3	3	3	TRUE	TRUE
loop_13114	FALSE	3	3	3	3	TRUE	TRUE
loop_13115	FALSE	2	3	2	3	FALSE	FALSE
loop_13116	TRUE	3	2	3	3	FALSE	TRUE
loop_13117	TRUE	3	3	2	3	TRUE	FALSE
loop_13118	TRUE	5	3	3	3	FALSE	TRUE
loop_13119	TRUE	2	3	3	3	FALSE	TRUE
loop_13120	TRUE	4	3	3	3	FALSE	TRUE
loop_13121	FALSE	3	3	3	3	TRUE	TRUE
loop_13122	TRUE	3	3	3	2	TRUE	FALSE
loop_13123	TRUE	3	4	3	3	FALSE	TRUE
loop_13124	FALSE	3	3	3	3	TRUE	TRUE
loop_13125	FALSE	3	3	3	3	TRUE	TRUE
loop_13126	FALSE	3	3	3	3	TRUE	TRUE
loop_13127	TRUE	5	1	5	2	FALSE	FALSE
loop_13128	TRUE	4	3	3	3	FALSE	TRUE
loop_13129	FALSE	3	3	3	3	TRUE	TRUE
loop_13130	FALSE	3	3	3	3	TRUE	TRUE
loop_13131	FALSE	3	3	3	3	TRUE	TRUE
loop_13132	TRUE	3	2	3	3	FALSE	TRUE
loop_13133	FALSE	3	3	3	3	TRUE	TRUE
loop_13134	TRUE	3	5	3	3	FALSE	TRUE
loop_13135	TRUE	3	3	4	3	TRUE	FALSE
loop_13136	FALSE	3	3	3	3	TRUE	TRUE
loop_13137	FALSE	2	3	2	3	FALSE	FALSE
loop_13138	TRUE	3	3	5	4	TRUE	FALSE
loop_13139	FALSE	3	3	3	3	TRUE	TRUE
loop_13140	FALSE	3	1	3	1	FALSE	FALSE
loop_13141	TRUE	2	3	3	3	FALSE	TRUE
loop_13142	TRUE	3	2	3	3	FALSE	TRUE
loop_13143	TRUE	3	2	3	1	FALSE	FALSE
loop_13144	TRUE	2	3	3	3	FALSE	TRUE
loop_13145	FALSE	4	3	4	3	FALSE	FALSE
loop_13146	FALSE	2	3	2	3	FALSE	FALSE
loop_13147	TRUE	4	3	3	3	FALSE	TRUE
loop_13148	FALSE	3	4	3	4	FALSE	FALSE
loop_13149	TRUE	3	4	3	3	FALSE	TRUE
loop_13150	TRUE	3	3	2	5	TRUE	FALSE
loop_13151	TRUE	2	4	3	3	FALSE	TRUE
loop_13152	FALSE	3	3	3	3	TRUE	TRUE
loop_13153	TRUE	2	4	2	3	FALSE	FALSE
loop_13154	FALSE	4	3	4	3	FALSE	FALSE
loop_13155	FALSE	3	3	3	3	TRUE	TRUE
loop_13156	FALSE	2	3	2	3	FALSE	FALSE
loop_13157	FALSE	3	3	3	3	TRUE	TRUE
loop_13158	TRUE	3	2	3	3	FALSE	TRUE
loop_13159	FALSE	5	1	5	1	FALSE	FALSE
loop_13160	FALSE	5	1	5	1	FALSE	FALSE
loop_13161	TRUE	4	2	5	2	FALSE	FALSE
loop_13162	TRUE	3	2	4	1	FALSE	FALSE
loop_13163	TRUE	5	2	5	1	FALSE	FALSE
loop_13164	TRUE	3	3	5	1	TRUE	FALSE
loop_13165	TRUE	3	3	3	2	TRUE	FALSE
loop_13166	FALSE	5	1	5	1	FALSE	FALSE
loop_13167	TRUE	4	3	3	3	FALSE	TRUE
loop_13168	FALSE	5	1	5	1	FALSE	FALSE
loop_13169	FALSE	5	1	5	1	FALSE	FALSE
loop_13170	FALSE	5	1	5	1	FALSE	FALSE
loop_13171	FALSE	5	2	5	2	FALSE	FALSE
loop_13172	TRUE	3	1	3	2	FALSE	FALSE
loop_13173	TRUE	4	2	5	2	FALSE	FALSE
loop_13174	FALSE	5	1	5	1	FALSE	FALSE
loop_13175	FALSE	3	3	3	3	TRUE	TRUE
loop_13176	FALSE	3	3	3	3	TRUE	TRUE
loop_13177	TRUE	5	2	3	3	FALSE	TRUE
loop_13178	TRUE	4	2	4	5	FALSE	FALSE
loop_13179	TRUE	5	3	5	2	FALSE	FALSE
loop_13180	TRUE	3	3	4	2	TRUE	FALSE
loop_13181	FALSE	5	1	5	1	FALSE	FALSE
loop_13182	FALSE	5	1	5	1	FALSE	FALSE
loop_13183	TRUE	3	3	2	3	TRUE	FALSE
loop_13184	TRUE	4	3	3	3	FALSE	TRUE
loop_13185	TRUE	3	4	2	4	FALSE	FALSE
loop_13186	TRUE	3	3	5	1	TRUE	FALSE
loop_13187	TRUE	4	3	3	3	FALSE	TRUE
loop_13188	FALSE	3	3	3	3	TRUE	TRUE
loop_13189	TRUE	5	2	5	1	FALSE	FALSE
loop_13190	TRUE	5	2	5	1	FALSE	FALSE
loop_13191	TRUE	4	1	4	2	FALSE	FALSE
loop_13192	FALSE	5	1	5	1	FALSE	FALSE
loop_13193	TRUE	3	3	4	3	TRUE	FALSE
loop_13194	TRUE	2	4	3	3	FALSE	TRUE
loop_13195	TRUE	3	1	3	3	FALSE	TRUE
loop_13196	TRUE	3	3	4	3	TRUE	FALSE
loop_13197	TRUE	2	4	3	3	FALSE	TRUE
loop_13198	FALSE	3	3	3	3	TRUE	TRUE
loop_13199	FALSE	3	1	3	1	FALSE	FALSE
loop_13200	TRUE	3	2	3	3	FALSE	TRUE
loop_13201	TRUE	2	3	3	2	FALSE	FALSE
loop_13202	TRUE	5	2	4	2	FALSE	FALSE
loop_13203	TRUE	4	2	4	3	FALSE	FALSE
loop_13204	FALSE	5	1	5	1	FALSE	FALSE
loop_13205	FALSE	4	1	4	1	FALSE	FALSE
loop_13206	TRUE	5	1	5	2	FALSE	FALSE
loop_13207	TRUE	3	2	3	3	FALSE	TRUE
loop_13208	FALSE	3	3	3	3	TRUE	TRUE
loop_13209	FALSE	5	1	5	1	FALSE	FALSE
loop_13210	TRUE	5	1	4	1	FALSE	FALSE
loop_13211	FALSE	5	1	5	1	FALSE	FALSE
loop_13212	FALSE	3	3	3	3	TRUE	TRUE
loop_13213	TRUE	4	2	4	1	FALSE	FALSE
loop_13214	FALSE	3	3	3	3	TRUE	TRUE
loop_13215	TRUE	4	5	3	4	FALSE	FALSE
loop_13216	TRUE	1	2	4	2	FALSE	FALSE
loop_13217	TRUE	2	4	3	3	FALSE	TRUE
loop_13218	FALSE	4	2	4	2	FALSE	FALSE
loop_13219	TRUE	4	5	3	3	FALSE	TRUE
loop_13220	FALSE	3	2	3	2	FALSE	FALSE
loop_13221	TRUE	3	3	4	3	TRUE	FALSE
loop_13222	TRUE	2	4	2	3	FALSE	FALSE
loop_13223	FALSE	5	1	5	1	FALSE	FALSE
loop_13224	TRUE	3	3	4	3	TRUE	FALSE
loop_13225	TRUE	3	3	2	3	TRUE	FALSE
loop_13226	TRUE	2	3	3	3	FALSE	TRUE
loop_13227	TRUE	4	4	5	3	FALSE	FALSE
loop_13228	FALSE	4	3	4	3	FALSE	FALSE
loop_13229	FALSE	3	3	3	3	TRUE	TRUE
loop_13230	TRUE	4	3	3	2	FALSE	FALSE
loop_13231	TRUE	3	2	3	3	FALSE	TRUE
loop_13232	TRUE	3	3	3	4	TRUE	FALSE
loop_13233	TRUE	3	3	5	3	TRUE	FALSE
loop_13234	FALSE	2	3	2	3	FALSE	FALSE
loop_13235	TRUE	4	3	2	3	FALSE	FALSE
loop_13236	FALSE	3	3	3	3	TRUE	TRUE
loop_13237	TRUE	3	5	2	5	FALSE	FALSE
loop_13238	TRUE	4	1	5	1	FALSE	FALSE
loop_13239	FALSE	3	3	3	3	TRUE	TRUE
loop_13240	FALSE	3	3	3	3	TRUE	TRUE
loop_13241	TRUE	2	5	3	3	FALSE	TRUE
loop_13242	TRUE	2	3	2	4	FALSE	FALSE
loop_13243	FALSE	3	3	3	3	TRUE	TRUE
loop_13244	FALSE	2	3	2	3	FALSE	FALSE
loop_13245	TRUE	5	1	4	1	FALSE	FALSE
loop_13246	FALSE	3	3	3	3	TRUE	TRUE
loop_13247	TRUE	3	3	3	2	TRUE	FALSE
loop_13248	TRUE	3	3	3	4	TRUE	FALSE
loop_13249	TRUE	4	4	4	3	FALSE	FALSE
loop_13250	TRUE	2	3	3	3	FALSE	TRUE
loop_13251	FALSE	3	3	3	3	TRUE	TRUE
loop_13252	TRUE	3	3	4	2	TRUE	FALSE
loop_13253	FALSE	3	3	3	3	TRUE	TRUE
loop_13254	TRUE	3	4	2	3	FALSE	FALSE
loop_13255	TRUE	3	3	2	4	TRUE	FALSE
loop_13256	TRUE	4	2	3	3	FALSE	TRUE
loop_13257	TRUE	3	3	4	3	TRUE	FALSE
loop_13258	FALSE	3	3	3	3	TRUE	TRUE
loop_13259	TRUE	2	3	3	3	FALSE	TRUE
loop_13260	TRUE	3	3	3	2	TRUE	FALSE
loop_13261	TRUE	3	4	3	3	FALSE	TRUE
loop_13262	FALSE	3	3	3	3	TRUE	TRUE
loop_13263	FALSE	3	3	3	3	TRUE	TRUE
loop_13264	TRUE	5	3	4	3	FALSE	FALSE
loop_13265	TRUE	3	3	2	2	TRUE	FALSE
loop_13266	TRUE	4	3	3	3	FALSE	TRUE
loop_13267	FALSE	3	3	3	3	TRUE	TRUE
loop_13268	FALSE	3	3	3	3	TRUE	TRUE
loop_13269	TRUE	4	2	3	2	FALSE	FALSE
loop_13270	TRUE	4	3	3	3	FALSE	TRUE
loop_13271	FALSE	3	3	3	3	TRUE	TRUE
loop_13272	TRUE	4	3	3	3	FALSE	TRUE
loop_13273	TRUE	3	3	3	2	TRUE	FALSE
loop_13274	FALSE	3	3	3	3	TRUE	TRUE
loop_13275	TRUE	5	3	3	3	FALSE	TRUE
loop_13276	TRUE	3	3	4	3	TRUE	FALSE
loop_13277	FALSE	3	3	3	3	TRUE	TRUE
loop_13278	TRUE	3	4	2	3	FALSE	FALSE
loop_13279	TRUE	4	2	3	3	FALSE	TRUE
loop_13280	TRUE	1	3	2	3	FALSE	FALSE
loop_13281	TRUE	2	3	3	3	FALSE	TRUE
loop_13282	TRUE	2	5	3	3	FALSE	TRUE
loop_13283	TRUE	3	3	4	3	TRUE	FALSE
loop_13284	TRUE	2	3	3	3	FALSE	TRUE
loop_13285	TRUE	3	2	3	3	FALSE	TRUE
loop_13286	FALSE	3	3	3	3	TRUE	TRUE
loop_13287	FALSE	3	3	3	3	TRUE	TRUE
loop_13288	FALSE	3	3	3	3	TRUE	TRUE
loop_13289	TRUE	2	4	3	4	FALSE	FALSE
loop_13290	FALSE	3	3	3	3	TRUE	TRUE
loop_13291	TRUE	3	4	3	3	FALSE	TRUE
loop_13292	TRUE	2	2	2	3	FALSE	FALSE
loop_13293	TRUE	3	3	2	3	TRUE	FALSE
loop_13294	TRUE	2	3	3	3	FALSE	TRUE
loop_13295	TRUE	3	1	4	2	FALSE	FALSE
loop_13296	TRUE	4	3	4	4	FALSE	FALSE
loop_13297	TRUE	4	4	3	3	FALSE	TRUE
loop_13298	FALSE	3	3	3	3	TRUE	TRUE
loop_13299	FALSE	3	2	3	2	FALSE	FALSE
loop_13300	FALSE	3	3	3	3	TRUE	TRUE
loop_13301	TRUE	3	2	4	3	FALSE	FALSE
loop_13302	TRUE	3	3	3	2	TRUE	FALSE
loop_13303	FALSE	3	3	3	3	TRUE	TRUE
loop_13304	FALSE	4	1	4	1	FALSE	FALSE
loop_13305	TRUE	3	3	5	2	TRUE	FALSE
loop_13306	TRUE	5	3	5	1	FALSE	FALSE
loop_13307	FALSE	3	2	3	2	FALSE	FALSE
loop_13308	TRUE	5	1	5	2	FALSE	FALSE
loop_13309	FALSE	2	3	2	3	FALSE	FALSE
loop_13310	TRUE	1	5	3	4	FALSE	FALSE
loop_13311	TRUE	5	1	5	2	FALSE	FALSE
loop_13312	TRUE	3	1	3	3	FALSE	TRUE
loop_13313	TRUE	3	3	3	4	TRUE	FALSE
loop_13314	FALSE	3	3	3	3	TRUE	TRUE
loop_13315	FALSE	5	4	5	4	FALSE	FALSE
loop_13316	TRUE	3	3	4	3	TRUE	FALSE
loop_13317	FALSE	3	3	3	3	TRUE	TRUE
loop_13318	TRUE	5	2	3	3	FALSE	TRUE
loop_13319	TRUE	4	2	4	3	FALSE	FALSE
loop_13320	TRUE	3	4	3	3	FALSE	TRUE
loop_13321	TRUE	4	1	3	3	FALSE	TRUE
loop_13322	TRUE	5	1	4	3	FALSE	FALSE
loop_13323	TRUE	5	1	3	3	FALSE	TRUE
loop_13324	TRUE	4	1	5	1	FALSE	FALSE
loop_13325	TRUE	2	4	3	3	FALSE	TRUE
loop_13326	FALSE	3	3	3	3	TRUE	TRUE
loop_13327	FALSE	3	3	3	3	TRUE	TRUE
loop_13328	TRUE	4	2	3	3	FALSE	TRUE
loop_13329	TRUE	4	3	5	2	FALSE	FALSE
loop_13330	TRUE	5	1	3	3	FALSE	TRUE
loop_13331	FALSE	4	2	4	2	FALSE	FALSE
loop_13332	TRUE	3	2	4	1	FALSE	FALSE
loop_13333	TRUE	4	3	3	3	FALSE	TRUE
loop_13334	TRUE	3	2	3	3	FALSE	TRUE
loop_13335	TRUE	4	3	3	3	FALSE	TRUE
loop_13336	FALSE	3	3	3	3	TRUE	TRUE
loop_13337	TRUE	5	1	3	3	FALSE	TRUE
loop_13338	TRUE	3	3	1	4	TRUE	FALSE
loop_13339	TRUE	5	2	4	2	FALSE	FALSE
loop_13340	FALSE	3	2	3	2	FALSE	FALSE
loop_13341	TRUE	3	3	3	2	TRUE	FALSE
loop_13342	TRUE	1	4	1	5	FALSE	FALSE
loop_13343	TRUE	4	1	5	1	FALSE	FALSE
loop_13344	FALSE	3	3	3	3	TRUE	TRUE
loop_13345	TRUE	3	4	2	4	FALSE	FALSE
loop_13346	TRUE	3	2	2	3	FALSE	FALSE
loop_13347	TRUE	2	3	3	3	FALSE	TRUE
loop_13348	TRUE	4	3	3	3	FALSE	TRUE
loop_13349	FALSE	3	3	3	3	TRUE	TRUE
loop_13350	TRUE	3	3	2	3	TRUE	FALSE
loop_13351	TRUE	5	2	3	3	FALSE	TRUE
loop_13352	TRUE	3	4	3	3	FALSE	TRUE
loop_13353	FALSE	3	3	3	3	TRUE	TRUE
loop_13354	TRUE	4	3	3	3	FALSE	TRUE
loop_13355	FALSE	3	3	3	3	TRUE	TRUE
loop_13356	FALSE	2	3	2	3	FALSE	FALSE
loop_13357	TRUE	2	3	1	3	FALSE	FALSE
loop_13358	TRUE	4	3	3	3	FALSE	TRUE
loop_13359	TRUE	3	3	3	4	TRUE	FALSE
loop_13360	FALSE	3	3	3	3	TRUE	TRUE
loop_13361	FALSE	3	2	3	2	FALSE	FALSE
loop_13362	FALSE	3	3	3	3	TRUE	TRUE
loop_13363	TRUE	3	3	5	3	TRUE	FALSE
loop_13364	TRUE	3	1	3	2	FALSE	FALSE
loop_13365	TRUE	2	3	3	3	FALSE	TRUE
loop_13366	TRUE	3	1	3	3	FALSE	TRUE
loop_13367	TRUE	4	3	3	3	FALSE	TRUE
loop_13368	FALSE	3	3	3	3	TRUE	TRUE
loop_13369	TRUE	3	4	3	3	FALSE	TRUE
loop_13370	TRUE	3	2	3	3	FALSE	TRUE
loop_13371	TRUE	4	3	4	1	FALSE	FALSE
loop_13372	FALSE	3	5	3	5	FALSE	FALSE
loop_13373	TRUE	3	4	3	3	FALSE	TRUE
loop_13374	TRUE	3	3	2	1	TRUE	FALSE
loop_13375	FALSE	4	2	4	2	FALSE	FALSE
loop_13376	TRUE	3	3	1	3	TRUE	FALSE
loop_13377	TRUE	3	3	3	4	TRUE	FALSE
loop_13378	FALSE	3	4	3	4	FALSE	FALSE
loop_13379	FALSE	2	4	2	4	FALSE	FALSE
loop_13380	FALSE	3	3	3	3	TRUE	TRUE
loop_13381	TRUE	3	3	3	4	TRUE	FALSE
loop_13382	FALSE	3	3	3	3	TRUE	TRUE
loop_13383	TRUE	3	3	3	4	TRUE	FALSE
loop_13384	TRUE	2	3	2	4	FALSE	FALSE
loop_13385	TRUE	3	2	3	3	FALSE	TRUE
loop_13386	TRUE	4	3	3	3	FALSE	TRUE
loop_13387	TRUE	3	2	2	3	FALSE	FALSE
loop_13388	TRUE	4	1	3	2	FALSE	FALSE
loop_13389	TRUE	3	3	2	3	TRUE	FALSE
loop_13390	TRUE	5	1	3	3	FALSE	TRUE
loop_13391	TRUE	3	3	5	1	TRUE	FALSE
loop_13392	TRUE	4	2	5	2	FALSE	FALSE
loop_13393	FALSE	3	3	3	3	TRUE	TRUE
loop_13394	TRUE	4	3	5	2	FALSE	FALSE
loop_13395	FALSE	3	3	3	3	TRUE	TRUE
loop_13396	TRUE	5	1	3	1	FALSE	FALSE
loop_13397	TRUE	3	3	3	4	TRUE	FALSE
loop_13398	TRUE	4	3	4	1	FALSE	FALSE
loop_13399	TRUE	4	1	5	1	FALSE	FALSE
loop_13400	TRUE	3	3	2	3	TRUE	FALSE
loop_13401	FALSE	3	3	3	3	TRUE	TRUE
loop_13402	FALSE	5	1	5	1	FALSE	FALSE
loop_13403	TRUE	3	2	3	3	FALSE	TRUE
loop_13404	FALSE	5	1	5	1	FALSE	FALSE
loop_13405	TRUE	3	2	3	3	FALSE	TRUE
loop_13406	TRUE	3	3	5	2	TRUE	FALSE
loop_13407	FALSE	3	3	3	3	TRUE	TRUE
loop_13408	TRUE	3	3	3	2	TRUE	FALSE
loop_13409	TRUE	3	3	2	3	TRUE	FALSE
loop_13410	TRUE	5	1	5	2	FALSE	FALSE
loop_13411	TRUE	3	3	2	3	TRUE	FALSE
loop_13412	TRUE	4	3	3	3	FALSE	TRUE
loop_13413	TRUE	3	4	3	5	FALSE	FALSE
loop_13414	TRUE	3	3	3	2	TRUE	FALSE
loop_13415	TRUE	5	2	3	3	FALSE	TRUE
loop_13416	TRUE	3	3	5	3	TRUE	FALSE
loop_13417	FALSE	3	3	3	3	TRUE	TRUE
loop_13418	FALSE	3	3	3	3	TRUE	TRUE
loop_13419	TRUE	4	4	3	3	FALSE	TRUE
loop_13420	TRUE	5	2	5	1	FALSE	FALSE
loop_13421	FALSE	3	3	3	3	TRUE	TRUE
loop_13422	TRUE	5	1	5	2	FALSE	FALSE
loop_13423	TRUE	4	2	3	3	FALSE	TRUE
loop_13424	FALSE	3	3	3	3	TRUE	TRUE
loop_13425	FALSE	4	3	4	3	FALSE	FALSE
loop_13426	FALSE	3	3	3	3	TRUE	TRUE
loop_13427	FALSE	3	3	3	3	TRUE	TRUE
loop_13428	TRUE	3	4	3	3	FALSE	TRUE
loop_13429	TRUE	2	4	3	4	FALSE	FALSE
loop_13430	TRUE	4	4	3	4	FALSE	FALSE
loop_13431	TRUE	1	4	3	3	FALSE	TRUE
loop_13432	TRUE	5	4	3	3	FALSE	TRUE
loop_13433	TRUE	5	2	4	1	FALSE	FALSE
loop_13434	TRUE	4	2	3	3	FALSE	TRUE
loop_13435	TRUE	3	3	3	2	TRUE	FALSE
loop_13436	FALSE	3	3	3	3	TRUE	TRUE
loop_13437	TRUE	3	3	3	2	TRUE	FALSE
loop_13438	TRUE	1	3	3	3	FALSE	TRUE
loop_13439	TRUE	3	1	4	2	FALSE	FALSE
loop_13440	FALSE	3	2	3	2	FALSE	FALSE
loop_13441	TRUE	5	1	3	3	FALSE	TRUE
loop_13442	TRUE	3	3	3	2	TRUE	FALSE
loop_13443	TRUE	3	2	3	3	FALSE	TRUE
loop_13444	FALSE	3	3	3	3	TRUE	TRUE
loop_13445	TRUE	5	3	3	3	FALSE	TRUE
loop_13446	TRUE	3	3	2	3	TRUE	FALSE
loop_13447	FALSE	5	3	5	3	FALSE	FALSE
loop_13448	FALSE	3	3	3	3	TRUE	TRUE
loop_13449	TRUE	1	2	4	2	FALSE	FALSE
loop_13450	TRUE	3	3	4	3	TRUE	FALSE
loop_13451	TRUE	2	3	2	4	FALSE	FALSE
loop_13452	FALSE	3	3	3	3	TRUE	TRUE
loop_13453	TRUE	2	3	5	4	FALSE	FALSE
loop_13454	TRUE	3	1	3	2	FALSE	FALSE
loop_13455	TRUE	3	3	4	3	TRUE	FALSE
loop_13456	FALSE	5	3	5	3	FALSE	FALSE
loop_13457	TRUE	3	3	1	4	TRUE	FALSE
loop_13458	FALSE	3	3	3	3	TRUE	TRUE
loop_13459	FALSE	3	3	3	3	TRUE	TRUE
loop_13460	TRUE	4	3	4	1	FALSE	FALSE
loop_13461	FALSE	3	3	3	3	TRUE	TRUE
loop_13462	FALSE	5	1	5	1	FALSE	FALSE
loop_13463	TRUE	4	1	5	2	FALSE	FALSE
loop_13464	TRUE	5	2	3	1	FALSE	FALSE
loop_13465	FALSE	3	3	3	3	TRUE	TRUE
loop_13466	FALSE	5	1	5	1	FALSE	FALSE
loop_13467	TRUE	5	3	5	1	FALSE	FALSE
loop_13468	TRUE	5	1	5	3	FALSE	FALSE
loop_13469	TRUE	3	3	5	3	TRUE	FALSE
loop_13470	FALSE	5	1	5	1	FALSE	FALSE
loop_13471	TRUE	3	4	3	3	FALSE	TRUE
loop_13472	TRUE	4	3	3	3	FALSE	TRUE
loop_13473	FALSE	5	1	5	1	FALSE	FALSE
loop_13474	TRUE	4	1	3	3	FALSE	TRUE
loop_13475	TRUE	3	2	3	3	FALSE	TRUE
loop_13476	TRUE	5	2	3	3	FALSE	TRUE
loop_13477	FALSE	4	3	4	3	FALSE	FALSE
loop_13478	TRUE	5	1	5	2	FALSE	FALSE
loop_13479	FALSE	3	3	3	3	TRUE	TRUE
loop_13480	TRUE	3	3	4	2	TRUE	FALSE
loop_13481	TRUE	1	3	2	4	FALSE	FALSE
loop_13482	TRUE	5	1	4	1	FALSE	FALSE
loop_13483	FALSE	5	1	5	1	FALSE	FALSE
loop_13484	TRUE	3	1	3	3	FALSE	TRUE
loop_13485	TRUE	5	1	4	1	FALSE	FALSE
loop_13486	FALSE	3	4	3	4	FALSE	FALSE
loop_13487	FALSE	3	3	3	3	TRUE	TRUE
loop_13488	TRUE	3	3	3	2	TRUE	FALSE
loop_13489	TRUE	3	2	4	3	FALSE	FALSE
loop_13490	TRUE	3	2	3	3	FALSE	TRUE
loop_13491	TRUE	2	3	3	3	FALSE	TRUE
loop_13492	FALSE	3	2	3	2	FALSE	FALSE
loop_13493	FALSE	3	3	3	3	TRUE	TRUE
loop_13494	TRUE	3	2	3	3	FALSE	TRUE
loop_13495	FALSE	3	3	3	3	TRUE	TRUE
loop_13496	TRUE	3	3	3	2	TRUE	FALSE
loop_13497	TRUE	3	4	3	2	FALSE	FALSE
loop_13498	TRUE	5	4	5	5	FALSE	FALSE
loop_13499	TRUE	2	3	3	3	FALSE	TRUE
loop_13500	FALSE	3	3	3	3	TRUE	TRUE
loop_13501	FALSE	3	3	3	3	TRUE	TRUE
loop_13502	TRUE	3	3	2	3	TRUE	FALSE
loop_13503	TRUE	3	3	3	2	TRUE	FALSE
loop_13504	FALSE	5	1	5	1	FALSE	FALSE
loop_13505	FALSE	3	3	3	3	TRUE	TRUE
loop_13506	TRUE	3	4	2	4	FALSE	FALSE
loop_13507	FALSE	3	3	3	3	TRUE	TRUE
loop_13508	TRUE	3	5	3	3	FALSE	TRUE
loop_13509	FALSE	3	3	3	3	TRUE	TRUE
loop_13510	TRUE	2	3	2	2	FALSE	FALSE
loop_13511	TRUE	4	4	4	3	FALSE	FALSE
loop_13512	TRUE	2	3	2	4	FALSE	FALSE
loop_13513	TRUE	4	1	4	3	FALSE	FALSE
loop_13514	TRUE	4	2	3	2	FALSE	FALSE
loop_13515	TRUE	3	4	3	3	FALSE	TRUE
loop_13516	TRUE	3	4	3	3	FALSE	TRUE
loop_13517	TRUE	4	2	5	3	FALSE	FALSE
loop_13518	TRUE	3	3	2	3	TRUE	FALSE
loop_13519	FALSE	4	2	4	2	FALSE	FALSE
loop_13520	TRUE	2	4	3	3	FALSE	TRUE
loop_13521	FALSE	3	3	3	3	TRUE	TRUE
loop_13522	TRUE	3	3	5	1	TRUE	FALSE
loop_13523	TRUE	3	3	2	4	TRUE	FALSE
loop_13524	TRUE	3	4	3	3	FALSE	TRUE
loop_13525	TRUE	3	3	3	2	TRUE	FALSE
loop_13526	FALSE	2	4	2	4	FALSE	FALSE
loop_13527	FALSE	2	1	2	1	FALSE	FALSE
loop_13528	TRUE	3	2	3	3	FALSE	TRUE
loop_13529	TRUE	3	4	3	3	FALSE	TRUE
loop_13530	FALSE	3	3	3	3	TRUE	TRUE
loop_13531	TRUE	4	4	5	4	FALSE	FALSE
loop_13532	FALSE	3	3	3	3	TRUE	TRUE
loop_13533	FALSE	3	3	3	3	TRUE	TRUE
loop_13534	TRUE	2	3	3	3	FALSE	TRUE
loop_13535	TRUE	3	3	3	2	TRUE	FALSE
loop_13536	TRUE	3	4	3	3	FALSE	TRUE
loop_13537	FALSE	3	3	3	3	TRUE	TRUE
loop_13538	TRUE	3	2	3	3	FALSE	TRUE
loop_13539	TRUE	1	2	1	4	FALSE	FALSE
loop_13540	TRUE	2	3	3	3	FALSE	TRUE
loop_13541	TRUE	4	3	3	3	FALSE	TRUE
loop_13542	TRUE	4	2	3	5	FALSE	FALSE
loop_13543	TRUE	2	2	4	2	FALSE	FALSE
loop_13544	FALSE	3	3	3	3	TRUE	TRUE
loop_13545	TRUE	2	1	1	3	FALSE	FALSE
loop_13546	FALSE	3	3	3	3	TRUE	TRUE
loop_13547	TRUE	3	4	3	3	FALSE	TRUE
loop_13548	TRUE	2	3	3	3	FALSE	TRUE
loop_13549	TRUE	4	4	2	4	FALSE	FALSE
loop_13550	FALSE	4	2	4	2	FALSE	FALSE
loop_13551	TRUE	5	1	4	2	FALSE	FALSE
loop_13552	TRUE	3	3	5	1	TRUE	FALSE
loop_13553	TRUE	5	1	5	2	FALSE	FALSE
loop_13554	FALSE	3	3	3	3	TRUE	TRUE
loop_13555	FALSE	5	1	5	1	FALSE	FALSE
loop_13556	FALSE	5	1	5	1	FALSE	FALSE
loop_13557	FALSE	3	3	3	3	TRUE	TRUE
loop_13558	FALSE	3	3	3	3	TRUE	TRUE
loop_13559	TRUE	4	3	4	5	FALSE	FALSE
loop_13560	FALSE	3	3	3	3	TRUE	TRUE
loop_13561	FALSE	3	3	3	3	TRUE	TRUE
loop_13562	TRUE	4	2	3	3	FALSE	TRUE
loop_13563	TRUE	3	3	2	1	TRUE	FALSE
loop_13564	FALSE	3	2	3	2	FALSE	FALSE
loop_13565	TRUE	3	3	3	2	TRUE	FALSE
loop_13566	FALSE	2	3	2	3	FALSE	FALSE
loop_13567	FALSE	3	4	3	4	FALSE	FALSE
loop_13568	FALSE	5	2	5	2	FALSE	FALSE
loop_13569	TRUE	3	3	4	3	TRUE	FALSE
loop_13570	TRUE	3	3	3	2	TRUE	FALSE
loop_13571	TRUE	5	1	4	1	FALSE	FALSE
loop_13572	TRUE	5	1	3	2	FALSE	FALSE
loop_13573	TRUE	2	3	3	3	FALSE	TRUE
loop_13574	FALSE	2	1	2	1	FALSE	FALSE
loop_13575	TRUE	4	3	4	2	FALSE	FALSE
loop_13576	FALSE	3	3	3	3	TRUE	TRUE
loop_13577	FALSE	3	3	3	3	TRUE	TRUE
loop_13578	TRUE	3	2	4	1	FALSE	FALSE
loop_13579	TRUE	4	3	4	2	FALSE	FALSE
loop_13580	TRUE	1	5	2	5	FALSE	FALSE
loop_13581	FALSE	3	3	3	3	TRUE	TRUE
loop_13582	FALSE	1	3	1	3	FALSE	FALSE
loop_13583	TRUE	3	3	4	3	TRUE	FALSE
loop_13584	FALSE	3	3	3	3	TRUE	TRUE
loop_13585	FALSE	3	3	3	3	TRUE	TRUE
loop_13586	TRUE	4	3	5	3	FALSE	FALSE
loop_13587	FALSE	3	3	3	3	TRUE	TRUE
loop_13588	TRUE	3	3	3	2	TRUE	FALSE
loop_13589	FALSE	3	2	3	2	FALSE	FALSE
loop_13590	TRUE	3	3	3	4	TRUE	FALSE
loop_13591	TRUE	3	2	3	3	FALSE	TRUE
loop_13592	FALSE	3	3	3	3	TRUE	TRUE
loop_13593	TRUE	3	3	4	2	TRUE	FALSE
loop_13594	TRUE	4	2	3	2	FALSE	FALSE
loop_13595	TRUE	3	3	4	3	TRUE	FALSE
loop_13596	TRUE	2	3	3	3	FALSE	TRUE
loop_13597	TRUE	3	4	3	3	FALSE	TRUE
loop_13598	TRUE	5	3	3	3	FALSE	TRUE
loop_13599	FALSE	3	3	3	3	TRUE	TRUE
loop_13600	TRUE	5	2	3	3	FALSE	TRUE
loop_13601	TRUE	4	2	3	2	FALSE	FALSE
loop_13602	FALSE	3	3	3	3	TRUE	TRUE
loop_13603	TRUE	3	5	3	3	FALSE	TRUE
loop_13604	FALSE	3	3	3	3	TRUE	TRUE
loop_13605	FALSE	3	3	3	3	TRUE	TRUE
loop_13606	TRUE	2	3	3	3	FALSE	TRUE
loop_13607	TRUE	2	4	3	3	FALSE	TRUE
loop_13608	TRUE	3	3	3	4	TRUE	FALSE
loop_13609	TRUE	2	1	3	3	FALSE	TRUE
loop_13610	FALSE	3	3	3	3	TRUE	TRUE
loop_13611	TRUE	3	3	2	3	TRUE	FALSE
loop_13612	TRUE	3	2	3	3	FALSE	TRUE
loop_13613	FALSE	5	1	5	1	FALSE	FALSE
loop_13614	FALSE	4	1	4	1	FALSE	FALSE
loop_13615	FALSE	5	1	5	1	FALSE	FALSE
loop_13616	FALSE	5	1	5	1	FALSE	FALSE
loop_13617	FALSE	5	1	5	1	FALSE	FALSE
loop_13618	TRUE	3	3	4	2	TRUE	FALSE
loop_13619	TRUE	3	3	3	1	TRUE	FALSE
loop_13620	FALSE	3	3	3	3	TRUE	TRUE
loop_13621	TRUE	5	1	4	1	FALSE	FALSE
loop_13622	FALSE	5	1	5	1	FALSE	FALSE
loop_13623	TRUE	4	2	4	1	FALSE	FALSE
loop_13624	TRUE	4	1	5	1	FALSE	FALSE
loop_13625	FALSE	2	3	2	3	FALSE	FALSE
loop_13626	TRUE	4	1	5	1	FALSE	FALSE
loop_13627	FALSE	3	3	3	3	TRUE	TRUE
loop_13628	TRUE	4	2	3	3	FALSE	TRUE
loop_13629	TRUE	4	1	4	2	FALSE	FALSE
loop_13630	TRUE	3	2	3	3	FALSE	TRUE
loop_13631	TRUE	5	1	3	3	FALSE	TRUE
loop_13632	TRUE	3	4	2	4	FALSE	FALSE
loop_13633	FALSE	3	3	3	3	TRUE	TRUE
loop_13634	TRUE	5	1	4	1	FALSE	FALSE
loop_13635	TRUE	1	3	3	3	FALSE	TRUE
loop_13636	TRUE	4	2	5	1	FALSE	FALSE
loop_13637	FALSE	3	3	3	3	TRUE	TRUE
loop_13638	TRUE	3	3	5	2	TRUE	FALSE
loop_13639	TRUE	4	2	5	5	FALSE	FALSE
loop_13640	FALSE	3	3	3	3	TRUE	TRUE
loop_13641	FALSE	3	3	3	3	TRUE	TRUE
loop_13642	TRUE	5	2	4	3	FALSE	FALSE
loop_13643	FALSE	3	3	3	3	TRUE	TRUE
loop_13644	TRUE	3	1	3	3	FALSE	TRUE
loop_13645	TRUE	3	1	4	1	FALSE	FALSE
loop_13646	TRUE	3	3	3	4	TRUE	FALSE
loop_13647	TRUE	2	2	3	3	FALSE	TRUE
loop_13648	TRUE	2	4	3	3	FALSE	TRUE
loop_13649	FALSE	3	3	3	3	TRUE	TRUE
loop_13650	FALSE	3	3	3	3	TRUE	TRUE
loop_13651	FALSE	3	2	3	2	FALSE	FALSE
loop_13652	TRUE	4	2	2	4	FALSE	FALSE
loop_13653	FALSE	3	3	3	3	TRUE	TRUE
loop_13654	FALSE	1	2	1	2	FALSE	FALSE
loop_13655	TRUE	2	3	2	4	FALSE	FALSE
loop_13656	FALSE	3	3	3	3	TRUE	TRUE
loop_13657	TRUE	4	3	3	4	FALSE	FALSE
loop_13658	TRUE	3	3	4	2	TRUE	FALSE
loop_13659	TRUE	2	4	3	3	FALSE	TRUE
loop_13660	FALSE	3	2	3	2	FALSE	FALSE
loop_13661	TRUE	2	3	2	2	FALSE	FALSE
loop_13662	FALSE	3	3	3	3	TRUE	TRUE
loop_13663	FALSE	3	3	3	3	TRUE	TRUE
loop_13664	FALSE	3	3	3	3	TRUE	TRUE
loop_13665	TRUE	2	2	4	1	FALSE	FALSE
loop_13666	FALSE	2	1	2	1	FALSE	FALSE
loop_13667	TRUE	3	3	2	4	TRUE	FALSE
loop_13668	TRUE	3	4	4	3	FALSE	FALSE
loop_13669	FALSE	4	2	4	2	FALSE	FALSE
loop_13670	FALSE	3	3	3	3	TRUE	TRUE
loop_13671	TRUE	2	2	3	3	FALSE	TRUE
loop_13672	TRUE	2	3	2	4	FALSE	FALSE
loop_13673	TRUE	2	3	3	3	FALSE	TRUE
loop_13674	FALSE	3	3	3	3	TRUE	TRUE
loop_13675	FALSE	3	3	3	3	TRUE	TRUE
loop_13676	TRUE	3	3	2	3	TRUE	FALSE
loop_13677	TRUE	3	4	3	3	FALSE	TRUE
loop_13678	TRUE	3	2	3	3	FALSE	TRUE
loop_13679	FALSE	3	3	3	3	TRUE	TRUE
loop_13680	FALSE	3	3	3	3	TRUE	TRUE
loop_13681	TRUE	2	3	3	3	FALSE	TRUE
loop_13682	FALSE	3	3	3	3	TRUE	TRUE
loop_13683	TRUE	3	2	4	3	FALSE	FALSE
loop_13684	TRUE	3	3	3	4	TRUE	FALSE
loop_13685	FALSE	2	4	2	4	FALSE	FALSE
loop_13686	FALSE	3	3	3	3	TRUE	TRUE
loop_13687	FALSE	5	1	5	1	FALSE	FALSE
loop_13688	FALSE	5	1	5	1	FALSE	FALSE
loop_13689	FALSE	5	1	5	1	FALSE	FALSE
loop_13690	TRUE	3	3	3	2	TRUE	FALSE
loop_13691	TRUE	4	1	4	2	FALSE	FALSE
loop_13692	TRUE	5	1	5	2	FALSE	FALSE
loop_13693	TRUE	3	3	3	2	TRUE	FALSE
loop_13694	FALSE	5	1	5	1	FALSE	FALSE
loop_13695	TRUE	5	1	3	3	FALSE	TRUE
loop_13696	FALSE	3	3	3	3	TRUE	TRUE
loop_13697	FALSE	5	3	5	3	FALSE	FALSE
loop_13698	TRUE	4	3	3	3	FALSE	TRUE
loop_13699	TRUE	5	1	4	1	FALSE	FALSE
loop_13700	TRUE	4	3	3	3	FALSE	TRUE
loop_13701	FALSE	5	1	5	1	FALSE	FALSE
loop_13702	FALSE	4	2	4	2	FALSE	FALSE
loop_13703	FALSE	5	1	5	1	FALSE	FALSE
loop_13704	TRUE	3	3	3	4	TRUE	FALSE
loop_13705	TRUE	4	2	3	3	FALSE	TRUE
loop_13706	TRUE	3	2	3	3	FALSE	TRUE
loop_13707	TRUE	3	4	3	3	FALSE	TRUE
loop_13708	FALSE	5	1	5	1	FALSE	FALSE
loop_13709	FALSE	5	1	5	1	FALSE	FALSE
loop_13710	FALSE	3	3	3	3	TRUE	TRUE
loop_13711	TRUE	5	2	3	3	FALSE	TRUE
loop_13712	FALSE	3	3	3	3	TRUE	TRUE
loop_13713	FALSE	5	1	5	1	FALSE	FALSE
loop_13714	TRUE	3	3	5	3	TRUE	FALSE
loop_13715	TRUE	3	2	3	3	FALSE	TRUE
loop_13716	TRUE	4	1	3	3	FALSE	TRUE
loop_13717	FALSE	3	3	3	3	TRUE	TRUE
loop_13718	FALSE	4	4	4	4	FALSE	FALSE
loop_13719	TRUE	3	2	3	3	FALSE	TRUE
loop_13720	TRUE	3	2	4	3	FALSE	FALSE
loop_13721	FALSE	4	1	4	1	FALSE	FALSE
loop_13722	TRUE	5	3	3	3	FALSE	TRUE
loop_13723	FALSE	3	3	3	3	TRUE	TRUE
loop_13724	TRUE	4	1	5	1	FALSE	FALSE
loop_13725	FALSE	3	3	3	3	TRUE	TRUE
loop_13726	FALSE	3	3	3	3	TRUE	TRUE
loop_13727	TRUE	3	2	3	3	FALSE	TRUE
loop_13728	TRUE	3	4	3	3	FALSE	TRUE
loop_13729	TRUE	1	4	3	3	FALSE	TRUE
loop_13730	TRUE	5	2	5	1	FALSE	FALSE
loop_13731	TRUE	3	2	3	3	FALSE	TRUE
loop_13732	FALSE	4	3	4	3	FALSE	FALSE
loop_13733	FALSE	3	3	3	3	TRUE	TRUE
loop_13734	TRUE	4	3	3	3	FALSE	TRUE
loop_13735	TRUE	2	3	3	3	FALSE	TRUE
loop_13736	TRUE	2	4	3	5	FALSE	FALSE
loop_13737	TRUE	4	2	4	3	FALSE	FALSE
loop_13738	TRUE	4	2	3	3	FALSE	TRUE
loop_13739	TRUE	4	2	3	3	FALSE	TRUE
loop_13740	TRUE	3	3	3	2	TRUE	FALSE
loop_13741	TRUE	3	2	2	2	FALSE	FALSE
loop_13742	TRUE	4	2	3	3	FALSE	TRUE
loop_13743	FALSE	5	2	5	2	FALSE	FALSE
loop_13744	TRUE	3	2	3	3	FALSE	TRUE
loop_13745	TRUE	3	2	3	3	FALSE	TRUE
loop_13746	FALSE	5	1	5	1	FALSE	FALSE
loop_13747	TRUE	5	1	4	3	FALSE	FALSE
loop_13748	TRUE	3	3	5	2	TRUE	FALSE
loop_13749	FALSE	1	2	1	2	FALSE	FALSE
loop_13750	TRUE	3	2	3	3	FALSE	TRUE
loop_13751	FALSE	3	3	3	3	TRUE	TRUE
loop_13752	TRUE	3	1	3	3	FALSE	TRUE
loop_13753	TRUE	3	3	2	3	TRUE	FALSE
loop_13754	TRUE	4	1	5	1	FALSE	FALSE
loop_13755	FALSE	3	3	3	3	TRUE	TRUE
loop_13756	FALSE	3	3	3	3	TRUE	TRUE
loop_13757	TRUE	3	3	4	4	TRUE	FALSE
loop_13758	TRUE	4	1	3	2	FALSE	FALSE
loop_13759	TRUE	5	3	4	3	FALSE	FALSE
loop_13760	FALSE	3	3	3	3	TRUE	TRUE
loop_13761	TRUE	3	4	3	3	FALSE	TRUE
loop_13762	FALSE	3	3	3	3	TRUE	TRUE
loop_13763	TRUE	3	4	3	5	FALSE	FALSE
loop_13764	FALSE	3	3	3	3	TRUE	TRUE
loop_13765	TRUE	2	5	3	3	FALSE	TRUE
loop_13766	FALSE	4	1	4	1	FALSE	FALSE
loop_13767	TRUE	1	2	1	3	FALSE	FALSE
loop_13768	FALSE	3	3	3	3	TRUE	TRUE
loop_13769	FALSE	3	3	3	3	TRUE	TRUE
loop_13770	FALSE	3	3	3	3	TRUE	TRUE
loop_13771	FALSE	3	3	3	3	TRUE	TRUE
loop_13772	TRUE	4	3	3	3	FALSE	TRUE
loop_13773	TRUE	3	3	2	3	TRUE	FALSE
loop_13774	TRUE	2	4	3	3	FALSE	TRUE
loop_13775	FALSE	3	4	3	4	FALSE	FALSE
loop_13776	FALSE	3	3	3	3	TRUE	TRUE
loop_13777	FALSE	3	3	3	3	TRUE	TRUE
loop_13778	FALSE	2	3	2	3	FALSE	FALSE
loop_13779	TRUE	3	2	4	2	FALSE	FALSE
loop_13780	FALSE	3	3	3	3	TRUE	TRUE
loop_13781	TRUE	1	2	2	3	FALSE	FALSE
loop_13782	FALSE	3	3	3	3	TRUE	TRUE
loop_13783	TRUE	3	2	3	3	FALSE	TRUE
loop_13784	TRUE	3	4	3	3	FALSE	TRUE
loop_13785	TRUE	3	3	4	2	TRUE	FALSE
loop_13786	FALSE	3	3	3	3	TRUE	TRUE
loop_13787	FALSE	4	2	4	2	FALSE	FALSE
loop_13788	TRUE	3	2	2	2	FALSE	FALSE
loop_13789	TRUE	4	3	3	3	FALSE	TRUE
loop_13790	FALSE	3	3	3	3	TRUE	TRUE
loop_13791	FALSE	3	3	3	3	TRUE	TRUE
loop_13792	TRUE	3	1	3	3	FALSE	TRUE
loop_13793	FALSE	3	3	3	3	TRUE	TRUE
loop_13794	TRUE	3	3	4	4	TRUE	FALSE
loop_13795	TRUE	2	2	4	3	FALSE	FALSE
loop_13796	FALSE	3	3	3	3	TRUE	TRUE
loop_13797	FALSE	3	3	3	3	TRUE	TRUE
loop_13798	FALSE	3	2	3	2	FALSE	FALSE
loop_13799	FALSE	3	3	3	3	TRUE	TRUE
loop_13800	TRUE	2	4	3	3	FALSE	TRUE
loop_13801	TRUE	2	3	3	3	FALSE	TRUE
loop_13802	TRUE	5	2	3	3	FALSE	TRUE
loop_13803	FALSE	3	3	3	3	TRUE	TRUE
loop_13804	FALSE	3	3	3	3	TRUE	TRUE
loop_13805	TRUE	5	2	3	2	FALSE	FALSE
loop_13806	FALSE	4	2	4	2	FALSE	FALSE
loop_13807	FALSE	2	1	2	1	FALSE	FALSE
loop_13808	TRUE	3	3	4	3	TRUE	FALSE
loop_13809	TRUE	3	2	3	1	FALSE	FALSE
loop_13810	FALSE	3	3	3	3	TRUE	TRUE
loop_13811	TRUE	2	2	3	2	FALSE	FALSE
loop_13812	TRUE	2	4	3	3	FALSE	TRUE
loop_13813	TRUE	1	1	1	3	FALSE	FALSE
loop_13814	TRUE	3	3	4	3	TRUE	FALSE
loop_13815	TRUE	2	3	3	3	FALSE	TRUE
loop_13816	TRUE	3	3	2	1	TRUE	FALSE
loop_13817	FALSE	3	3	3	3	TRUE	TRUE
loop_13818	TRUE	4	2	3	3	FALSE	TRUE
loop_13819	FALSE	3	3	3	3	TRUE	TRUE
loop_13820	FALSE	2	2	2	2	FALSE	FALSE
loop_13821	FALSE	3	3	3	3	TRUE	TRUE
loop_13822	TRUE	4	3	4	1	FALSE	FALSE
loop_13823	TRUE	5	2	4	2	FALSE	FALSE
loop_13824	TRUE	4	2	5	3	FALSE	FALSE
loop_13825	TRUE	5	1	3	1	FALSE	FALSE
loop_13826	TRUE	3	3	5	2	TRUE	FALSE
loop_13827	FALSE	3	3	3	3	TRUE	TRUE
loop_13828	FALSE	5	1	5	1	FALSE	FALSE
loop_13829	FALSE	5	1	5	1	FALSE	FALSE
loop_13830	FALSE	3	3	3	3	TRUE	TRUE
loop_13831	FALSE	5	1	5	1	FALSE	FALSE
loop_13832	TRUE	5	1	3	3	FALSE	TRUE
loop_13833	TRUE	3	3	3	4	TRUE	FALSE
loop_13834	TRUE	4	2	3	3	FALSE	TRUE
loop_13835	FALSE	5	1	5	1	FALSE	FALSE
loop_13836	TRUE	4	1	3	3	FALSE	TRUE
loop_13837	TRUE	3	3	4	2	TRUE	FALSE
loop_13838	FALSE	5	1	5	1	FALSE	FALSE
loop_13839	FALSE	5	1	5	1	FALSE	FALSE
loop_13840	TRUE	4	1	5	1	FALSE	FALSE
loop_13841	TRUE	3	3	4	3	TRUE	FALSE
loop_13842	TRUE	2	4	2	3	FALSE	FALSE
loop_13843	TRUE	5	2	3	3	FALSE	TRUE
loop_13844	TRUE	3	2	5	2	FALSE	FALSE
loop_13845	FALSE	4	3	4	3	FALSE	FALSE
loop_13846	TRUE	3	2	4	3	FALSE	FALSE
loop_13847	FALSE	3	3	3	3	TRUE	TRUE
loop_13848	TRUE	4	3	3	3	FALSE	TRUE
loop_13849	TRUE	3	3	2	4	TRUE	FALSE
loop_13850	FALSE	3	3	3	3	TRUE	TRUE
loop_13851	FALSE	3	2	3	2	FALSE	FALSE
loop_13852	FALSE	3	3	3	3	TRUE	TRUE
loop_13853	TRUE	3	3	4	2	TRUE	FALSE
loop_13854	TRUE	3	3	5	1	TRUE	FALSE
loop_13855	FALSE	5	1	5	1	FALSE	FALSE
loop_13856	FALSE	4	4	4	4	FALSE	FALSE
loop_13857	FALSE	3	3	3	3	TRUE	TRUE
loop_13858	FALSE	3	3	3	3	TRUE	TRUE
loop_13859	TRUE	4	3	4	1	FALSE	FALSE
loop_13860	TRUE	2	3	3	3	FALSE	TRUE
loop_13861	TRUE	3	4	5	2	FALSE	FALSE
loop_13862	TRUE	3	4	3	3	FALSE	TRUE
loop_13863	FALSE	3	4	3	4	FALSE	FALSE
loop_13864	TRUE	3	2	3	4	FALSE	FALSE
loop_13865	TRUE	3	2	2	4	FALSE	FALSE
loop_13866	FALSE	3	3	3	3	TRUE	TRUE
loop_13867	FALSE	2	2	2	2	FALSE	FALSE
loop_13868	TRUE	5	3	5	2	FALSE	FALSE
loop_13869	FALSE	3	3	3	3	TRUE	TRUE
loop_13870	FALSE	3	3	3	3	TRUE	TRUE
loop_13871	TRUE	3	4	3	3	FALSE	TRUE
loop_13872	TRUE	4	4	4	3	FALSE	FALSE
loop_13873	TRUE	3	3	4	1	TRUE	FALSE
loop_13874	TRUE	3	5	3	4	FALSE	FALSE
loop_13875	TRUE	3	2	3	1	FALSE	FALSE
loop_13876	FALSE	5	3	5	3	FALSE	FALSE
loop_13877	FALSE	3	3	3	3	TRUE	TRUE
loop_13878	TRUE	3	4	4	4	FALSE	FALSE
loop_13879	TRUE	3	5	3	3	FALSE	TRUE
loop_13880	TRUE	3	3	3	2	TRUE	FALSE
loop_13881	FALSE	3	3	3	3	TRUE	TRUE
loop_13882	TRUE	3	3	3	2	TRUE	FALSE
loop_13883	TRUE	2	3	3	3	FALSE	TRUE
loop_13884	TRUE	2	4	5	4	FALSE	FALSE
loop_13885	FALSE	2	3	2	3	FALSE	FALSE
loop_13886	TRUE	3	3	5	2	TRUE	FALSE
loop_13887	TRUE	3	2	3	3	FALSE	TRUE
loop_13888	TRUE	2	3	3	2	FALSE	FALSE
loop_13889	TRUE	3	3	2	3	TRUE	FALSE
loop_13890	TRUE	3	4	3	3	FALSE	TRUE
loop_13891	FALSE	3	3	3	3	TRUE	TRUE
loop_13892	TRUE	1	2	3	3	FALSE	TRUE
loop_13893	FALSE	3	3	3	3	TRUE	TRUE
loop_13894	TRUE	3	3	3	4	TRUE	FALSE
loop_13895	FALSE	2	2	2	2	FALSE	FALSE
loop_13896	TRUE	3	2	3	3	FALSE	TRUE
loop_13897	FALSE	3	3	3	3	TRUE	TRUE
loop_13898	FALSE	3	3	3	3	TRUE	TRUE
loop_13899	FALSE	3	3	3	3	TRUE	TRUE
loop_13900	FALSE	3	3	3	3	TRUE	TRUE
loop_13901	TRUE	3	2	3	3	FALSE	TRUE
loop_13902	FALSE	3	3	3	3	TRUE	TRUE
loop_13903	TRUE	5	3	5	4	FALSE	FALSE
loop_13904	TRUE	3	4	3	3	FALSE	TRUE
loop_13905	TRUE	5	1	5	2	FALSE	FALSE
loop_13906	TRUE	2	3	2	4	FALSE	FALSE
loop_13907	FALSE	5	1	5	1	FALSE	FALSE
loop_13908	FALSE	5	1	5	1	FALSE	FALSE
loop_13909	FALSE	3	3	3	3	TRUE	TRUE
loop_13910	FALSE	3	3	3	3	TRUE	TRUE
loop_13911	FALSE	3	3	3	3	TRUE	TRUE
loop_13912	FALSE	5	1	5	1	FALSE	FALSE
loop_13913	TRUE	3	3	2	3	TRUE	FALSE
loop_13914	FALSE	4	2	4	2	FALSE	FALSE
loop_13915	TRUE	4	4	3	4	FALSE	FALSE
loop_13916	TRUE	2	3	3	3	FALSE	TRUE
loop_13917	TRUE	3	3	2	3	TRUE	FALSE
loop_13918	TRUE	5	1	3	1	FALSE	FALSE
loop_13919	FALSE	3	4	3	4	FALSE	FALSE
loop_13920	TRUE	3	2	3	1	FALSE	FALSE
loop_13921	TRUE	4	3	3	4	FALSE	FALSE
loop_13922	FALSE	4	4	4	4	FALSE	FALSE
loop_13923	FALSE	3	3	3	3	TRUE	TRUE
loop_13924	TRUE	5	1	4	1	FALSE	FALSE
loop_13925	TRUE	4	3	5	2	FALSE	FALSE
loop_13926	TRUE	4	3	4	2	FALSE	FALSE
loop_13927	TRUE	5	2	5	1	FALSE	FALSE
loop_13928	FALSE	5	1	5	1	FALSE	FALSE
loop_13929	TRUE	4	3	3	3	FALSE	TRUE
loop_13930	TRUE	5	3	3	3	FALSE	TRUE
loop_13931	FALSE	3	3	3	3	TRUE	TRUE
loop_13932	TRUE	3	3	3	4	TRUE	FALSE
loop_13933	FALSE	3	3	3	3	TRUE	TRUE
loop_13934	TRUE	3	3	2	2	TRUE	FALSE
loop_13935	TRUE	3	4	3	2	FALSE	FALSE
loop_13936	TRUE	2	2	3	2	FALSE	FALSE
loop_13937	TRUE	2	2	1	2	FALSE	FALSE
loop_13938	TRUE	2	3	2	4	FALSE	FALSE
loop_13939	FALSE	3	3	3	3	TRUE	TRUE
loop_13940	FALSE	4	4	4	4	FALSE	FALSE
loop_13941	TRUE	4	1	3	3	FALSE	TRUE
loop_13942	TRUE	3	3	3	5	TRUE	FALSE
loop_13943	TRUE	3	4	3	3	FALSE	TRUE
loop_13944	TRUE	4	2	3	3	FALSE	TRUE
loop_13945	TRUE	2	2	3	3	FALSE	TRUE
loop_13946	FALSE	3	3	3	3	TRUE	TRUE
loop_13947	FALSE	3	3	3	3	TRUE	TRUE
loop_13948	TRUE	5	2	4	3	FALSE	FALSE
loop_13949	TRUE	2	4	3	3	FALSE	TRUE
loop_13950	FALSE	3	3	3	3	TRUE	TRUE
loop_13951	TRUE	3	2	3	3	FALSE	TRUE
loop_13952	TRUE	3	3	3	4	TRUE	FALSE
loop_13953	FALSE	4	3	4	3	FALSE	FALSE
loop_13954	FALSE	3	4	3	4	FALSE	FALSE
loop_13955	FALSE	3	3	3	3	TRUE	TRUE
loop_13956	FALSE	3	3	3	3	TRUE	TRUE
loop_13957	TRUE	3	3	2	5	TRUE	FALSE
loop_13958	FALSE	3	3	3	3	TRUE	TRUE
loop_13959	TRUE	2	3	3	3	FALSE	TRUE
loop_13960	TRUE	2	3	3	3	FALSE	TRUE
loop_13961	FALSE	3	3	3	3	TRUE	TRUE
loop_13962	FALSE	3	3	3	3	TRUE	TRUE
loop_13963	FALSE	3	3	3	3	TRUE	TRUE
loop_13964	FALSE	3	3	3	3	TRUE	TRUE
loop_13965	TRUE	5	1	3	3	FALSE	TRUE
loop_13966	TRUE	4	3	5	1	FALSE	FALSE
loop_13967	FALSE	5	1	5	1	FALSE	FALSE
loop_13968	TRUE	5	2	5	1	FALSE	FALSE
loop_13969	FALSE	5	1	5	1	FALSE	FALSE
loop_13970	TRUE	5	1	4	1	FALSE	FALSE
loop_13971	TRUE	4	3	3	3	FALSE	TRUE
loop_13972	FALSE	3	3	3	3	TRUE	TRUE
loop_13973	TRUE	5	1	2	4	FALSE	FALSE
loop_13974	TRUE	1	2	2	3	FALSE	FALSE
loop_13975	TRUE	4	1	5	1	FALSE	FALSE
loop_13976	FALSE	5	1	5	1	FALSE	FALSE
loop_13977	TRUE	3	4	3	3	FALSE	TRUE
loop_13978	TRUE	3	4	3	3	FALSE	TRUE
loop_13979	TRUE	3	4	3	3	FALSE	TRUE
loop_13980	TRUE	3	3	3	4	TRUE	FALSE
loop_13981	TRUE	4	1	5	1	FALSE	FALSE
loop_13982	TRUE	3	2	3	3	FALSE	TRUE
loop_13983	TRUE	5	1	4	1	FALSE	FALSE
loop_13984	TRUE	5	3	4	3	FALSE	FALSE
loop_13985	FALSE	3	3	3	3	TRUE	TRUE
loop_13986	FALSE	2	3	2	3	FALSE	FALSE
loop_13987	TRUE	3	1	3	3	FALSE	TRUE
loop_13988	TRUE	3	3	3	4	TRUE	FALSE
loop_13989	FALSE	3	2	3	2	FALSE	FALSE
loop_13990	FALSE	4	2	4	2	FALSE	FALSE
loop_13991	FALSE	5	1	5	1	FALSE	FALSE
loop_13992	TRUE	3	3	3	2	TRUE	FALSE
loop_13993	FALSE	3	3	3	3	TRUE	TRUE
loop_13994	FALSE	5	1	5	1	FALSE	FALSE
loop_13995	TRUE	5	1	4	2	FALSE	FALSE
loop_13996	TRUE	3	2	3	3	FALSE	TRUE
loop_13997	FALSE	4	1	4	1	FALSE	FALSE
loop_13998	FALSE	3	3	3	3	TRUE	TRUE
loop_13999	FALSE	5	1	5	1	FALSE	FALSE
loop_14000	TRUE	3	4	3	3	FALSE	TRUE
loop_14001	TRUE	2	3	2	1	FALSE	FALSE
loop_14002	TRUE	2	4	3	4	FALSE	FALSE
loop_14003	TRUE	4	3	4	2	FALSE	FALSE
loop_14004	TRUE	3	2	2	2	FALSE	FALSE
loop_14005	FALSE	3	3	3	3	TRUE	TRUE
loop_14006	TRUE	3	5	3	4	FALSE	FALSE
loop_14007	TRUE	5	2	5	1	FALSE	FALSE
loop_14008	FALSE	3	3	3	3	TRUE	TRUE
loop_14009	TRUE	2	4	3	3	FALSE	TRUE
loop_14010	TRUE	3	2	2	3	FALSE	FALSE
loop_14011	TRUE	3	3	4	3	TRUE	FALSE
loop_14012	TRUE	3	4	3	5	FALSE	FALSE
loop_14013	TRUE	3	3	2	3	TRUE	FALSE
loop_14014	TRUE	3	3	4	3	TRUE	FALSE
loop_14015	FALSE	5	1	5	1	FALSE	FALSE
loop_14016	TRUE	3	2	3	3	FALSE	TRUE
loop_14017	TRUE	4	2	1	3	FALSE	FALSE
loop_14018	FALSE	5	1	5	1	FALSE	FALSE
loop_14019	TRUE	4	4	3	4	FALSE	FALSE
loop_14020	TRUE	3	4	4	3	FALSE	FALSE
loop_14021	TRUE	5	2	4	1	FALSE	FALSE
loop_14022	TRUE	5	1	2	3	FALSE	FALSE
loop_14023	TRUE	3	3	4	4	TRUE	FALSE
loop_14024	TRUE	3	2	4	2	FALSE	FALSE
loop_14025	FALSE	5	1	5	1	FALSE	FALSE
loop_14026	TRUE	4	1	3	2	FALSE	FALSE
loop_14027	TRUE	4	5	4	4	FALSE	FALSE
loop_14028	FALSE	3	3	3	3	TRUE	TRUE
loop_14029	TRUE	3	3	2	2	TRUE	FALSE
loop_14030	FALSE	3	3	3	3	TRUE	TRUE
loop_14031	TRUE	4	3	3	3	FALSE	TRUE
loop_14032	TRUE	5	2	4	2	FALSE	FALSE
loop_14033	FALSE	3	4	3	4	FALSE	FALSE
loop_14034	TRUE	3	3	3	4	TRUE	FALSE
loop_14035	TRUE	3	3	2	2	TRUE	FALSE
loop_14036	FALSE	3	3	3	3	TRUE	TRUE
loop_14037	FALSE	3	3	3	3	TRUE	TRUE
loop_14038	FALSE	3	3	3	3	TRUE	TRUE
loop_14039	FALSE	3	3	3	3	TRUE	TRUE
loop_14040	FALSE	3	3	3	3	TRUE	TRUE
loop_14041	TRUE	3	2	4	3	FALSE	FALSE
loop_14042	TRUE	4	3	3	3	FALSE	TRUE
loop_14043	TRUE	3	2	3	3	FALSE	TRUE
loop_14044	TRUE	3	4	3	1	FALSE	FALSE
loop_14045	TRUE	4	1	3	3	FALSE	TRUE
loop_14046	TRUE	3	3	4	2	TRUE	FALSE
loop_14047	TRUE	3	2	3	3	FALSE	TRUE
loop_14048	TRUE	3	3	3	5	TRUE	FALSE
loop_14049	TRUE	3	3	4	2	TRUE	FALSE
loop_14050	TRUE	3	3	5	1	TRUE	FALSE
loop_14051	TRUE	2	4	3	3	FALSE	TRUE
loop_14052	TRUE	4	5	5	2	FALSE	FALSE
loop_14053	FALSE	3	3	3	3	TRUE	TRUE
loop_14054	TRUE	2	3	3	3	FALSE	TRUE
loop_14055	FALSE	3	3	3	3	TRUE	TRUE
loop_14056	FALSE	2	3	2	3	FALSE	FALSE
loop_14057	TRUE	4	3	3	3	FALSE	TRUE
loop_14058	FALSE	3	3	3	3	TRUE	TRUE
loop_14059	FALSE	3	3	3	3	TRUE	TRUE
loop_14060	FALSE	3	5	3	5	FALSE	FALSE
loop_14061	FALSE	3	2	3	2	FALSE	FALSE
loop_14062	TRUE	3	3	2	3	TRUE	FALSE
loop_14063	TRUE	3	3	3	2	TRUE	FALSE
loop_14064	FALSE	4	1	4	1	FALSE	FALSE
loop_14065	FALSE	3	3	3	3	TRUE	TRUE
loop_14066	TRUE	3	3	3	4	TRUE	FALSE
loop_14067	TRUE	3	4	3	3	FALSE	TRUE
loop_14068	TRUE	4	2	3	2	FALSE	FALSE
loop_14069	TRUE	4	2	3	3	FALSE	TRUE
loop_14070	TRUE	4	3	3	3	FALSE	TRUE
loop_14071	TRUE	4	2	3	3	FALSE	TRUE
loop_14072	TRUE	3	2	4	1	FALSE	FALSE
loop_14073	TRUE	4	3	4	4	FALSE	FALSE
loop_14074	TRUE	3	3	5	3	TRUE	FALSE
loop_14075	FALSE	3	3	3	3	TRUE	TRUE
loop_14076	TRUE	4	2	3	3	FALSE	TRUE
loop_14077	FALSE	3	4	3	4	FALSE	FALSE
loop_14078	FALSE	3	3	3	3	TRUE	TRUE
loop_14079	TRUE	5	1	5	2	FALSE	FALSE
loop_14080	TRUE	3	3	3	4	TRUE	FALSE
loop_14081	FALSE	3	3	3	3	TRUE	TRUE
loop_14082	TRUE	3	4	3	3	FALSE	TRUE
loop_14083	FALSE	3	3	3	3	TRUE	TRUE
loop_14084	TRUE	4	3	3	3	FALSE	TRUE
loop_14085	FALSE	4	1	4	1	FALSE	FALSE
loop_14086	TRUE	2	1	3	2	FALSE	FALSE
loop_14087	TRUE	2	2	3	3	FALSE	TRUE
loop_14088	FALSE	2	5	2	5	FALSE	FALSE
loop_14089	FALSE	3	3	3	3	TRUE	TRUE
loop_14090	TRUE	4	3	3	3	FALSE	TRUE
loop_14091	TRUE	4	4	3	3	FALSE	TRUE
loop_14092	FALSE	3	3	3	3	TRUE	TRUE
loop_14093	FALSE	3	3	3	3	TRUE	TRUE
loop_14094	TRUE	3	3	4	3	TRUE	FALSE
loop_14095	TRUE	3	2	3	3	FALSE	TRUE
loop_14096	FALSE	3	3	3	3	TRUE	TRUE
loop_14097	FALSE	3	3	3	3	TRUE	TRUE
loop_14098	TRUE	4	1	3	3	FALSE	TRUE
loop_14099	FALSE	2	3	2	3	FALSE	FALSE
loop_14100	TRUE	3	2	3	3	FALSE	TRUE
loop_14101	FALSE	3	3	3	3	TRUE	TRUE
loop_14102	FALSE	3	3	3	3	TRUE	TRUE
loop_14103	TRUE	3	2	3	1	FALSE	FALSE
loop_14104	TRUE	3	4	3	3	FALSE	TRUE
loop_14105	FALSE	3	3	3	3	TRUE	TRUE
loop_14106	FALSE	3	2	3	2	FALSE	FALSE
loop_14107	FALSE	3	3	3	3	TRUE	TRUE
loop_14108	TRUE	3	5	4	3	FALSE	FALSE
loop_14109	FALSE	3	3	3	3	TRUE	TRUE
loop_14110	FALSE	3	3	3	3	TRUE	TRUE
loop_14111	FALSE	4	4	4	4	FALSE	FALSE
loop_14112	FALSE	3	3	3	3	TRUE	TRUE
loop_14113	FALSE	3	4	3	4	FALSE	FALSE
loop_14114	TRUE	3	3	3	2	TRUE	FALSE
loop_14115	FALSE	3	4	3	4	FALSE	FALSE
loop_14116	TRUE	2	3	3	3	FALSE	TRUE
loop_14117	TRUE	1	3	3	3	FALSE	TRUE
loop_14118	FALSE	3	3	3	3	TRUE	TRUE
loop_14119	FALSE	2	4	2	4	FALSE	FALSE
loop_14120	TRUE	3	4	2	4	FALSE	FALSE
loop_14121	TRUE	3	3	3	4	TRUE	FALSE
loop_14122	TRUE	3	3	3	2	TRUE	FALSE
loop_14123	TRUE	3	2	3	3	FALSE	TRUE
loop_14124	FALSE	4	3	4	3	FALSE	FALSE
loop_14125	FALSE	5	1	5	1	FALSE	FALSE
loop_14126	FALSE	5	1	5	1	FALSE	FALSE
loop_14127	FALSE	4	2	4	2	FALSE	FALSE
loop_14128	TRUE	4	1	5	1	FALSE	FALSE
loop_14129	FALSE	4	1	4	1	FALSE	FALSE
loop_14130	TRUE	3	3	5	1	TRUE	FALSE
loop_14131	FALSE	3	3	3	3	TRUE	TRUE
loop_14132	TRUE	3	3	3	4	TRUE	FALSE
loop_14133	TRUE	5	2	4	3	FALSE	FALSE
loop_14134	TRUE	5	3	2	3	FALSE	FALSE
loop_14135	TRUE	3	2	3	3	FALSE	TRUE
loop_14136	TRUE	5	1	3	2	FALSE	FALSE
loop_14137	FALSE	3	3	3	3	TRUE	TRUE
loop_14138	TRUE	3	3	4	1	TRUE	FALSE
loop_14139	TRUE	3	1	4	1	FALSE	FALSE
loop_14140	FALSE	3	3	3	3	TRUE	TRUE
loop_14141	TRUE	4	2	3	1	FALSE	FALSE
loop_14142	TRUE	3	2	2	3	FALSE	FALSE
loop_14143	TRUE	5	1	4	1	FALSE	FALSE
loop_14144	TRUE	5	2	4	1	FALSE	FALSE
loop_14145	TRUE	3	2	3	3	FALSE	TRUE
loop_14146	FALSE	5	1	5	1	FALSE	FALSE
loop_14147	FALSE	5	1	5	1	FALSE	FALSE
loop_14148	TRUE	3	2	3	3	FALSE	TRUE
loop_14149	FALSE	3	3	3	3	TRUE	TRUE
loop_14150	TRUE	5	3	3	3	FALSE	TRUE
loop_14151	TRUE	4	4	4	3	FALSE	FALSE
loop_14152	TRUE	2	3	2	2	FALSE	FALSE
loop_14153	FALSE	3	3	3	3	TRUE	TRUE
loop_14154	FALSE	4	2	4	2	FALSE	FALSE
loop_14155	FALSE	5	1	5	1	FALSE	FALSE
loop_14156	TRUE	3	3	2	3	TRUE	FALSE
loop_14157	TRUE	2	3	3	3	FALSE	TRUE
loop_14158	FALSE	3	3	3	3	TRUE	TRUE
loop_14159	FALSE	3	3	3	3	TRUE	TRUE
loop_14160	TRUE	4	2	3	3	FALSE	TRUE
loop_14161	TRUE	3	4	2	4	FALSE	FALSE
loop_14162	TRUE	4	3	2	3	FALSE	FALSE
loop_14163	TRUE	5	2	4	3	FALSE	FALSE
loop_14164	TRUE	3	4	3	3	FALSE	TRUE
loop_14165	TRUE	4	3	3	3	FALSE	TRUE
loop_14166	TRUE	3	1	4	1	FALSE	FALSE
loop_14167	FALSE	3	3	3	3	TRUE	TRUE
loop_14168	TRUE	4	1	3	3	FALSE	TRUE
loop_14169	FALSE	3	3	3	3	TRUE	TRUE
loop_14170	TRUE	2	4	3	3	FALSE	TRUE
loop_14171	TRUE	3	4	2	4	FALSE	FALSE
loop_14172	FALSE	3	3	3	3	TRUE	TRUE
loop_14173	TRUE	1	5	2	3	FALSE	FALSE
loop_14174	FALSE	3	3	3	3	TRUE	TRUE
loop_14175	TRUE	1	3	1	1	FALSE	FALSE
loop_14176	TRUE	3	4	3	3	FALSE	TRUE
loop_14177	TRUE	4	2	3	3	FALSE	TRUE
loop_14178	TRUE	3	4	3	3	FALSE	TRUE
loop_14179	TRUE	3	4	3	3	FALSE	TRUE
loop_14180	FALSE	4	3	4	3	FALSE	FALSE
loop_14181	TRUE	4	3	3	3	FALSE	TRUE
loop_14182	TRUE	3	3	3	5	TRUE	FALSE
loop_14183	FALSE	3	3	3	3	TRUE	TRUE
loop_14184	TRUE	3	1	3	3	FALSE	TRUE
loop_14185	TRUE	2	3	3	3	FALSE	TRUE
loop_14186	TRUE	3	3	3	4	TRUE	FALSE
loop_14187	FALSE	3	3	3	3	TRUE	TRUE
loop_14188	TRUE	4	3	3	3	FALSE	TRUE
loop_14189	TRUE	3	2	3	1	FALSE	FALSE
loop_14190	TRUE	4	3	3	3	FALSE	TRUE
loop_14191	FALSE	3	3	3	3	TRUE	TRUE
loop_14192	TRUE	3	2	5	3	FALSE	FALSE
loop_14193	TRUE	3	3	3	4	TRUE	FALSE
loop_14194	TRUE	5	2	3	3	FALSE	TRUE
loop_14195	TRUE	2	3	3	3	FALSE	TRUE
loop_14196	FALSE	3	3	3	3	TRUE	TRUE
loop_14197	FALSE	3	3	3	3	TRUE	TRUE
loop_14198	FALSE	3	2	3	2	FALSE	FALSE
loop_14199	TRUE	2	5	1	3	FALSE	FALSE
loop_14200	TRUE	4	2	4	3	FALSE	FALSE
loop_14201	TRUE	3	2	2	3	FALSE	FALSE
loop_14202	TRUE	3	3	2	2	TRUE	FALSE
loop_14203	FALSE	3	3	3	3	TRUE	TRUE
loop_14204	TRUE	2	2	3	3	FALSE	TRUE
loop_14205	TRUE	2	4	3	3	FALSE	TRUE
loop_14206	FALSE	3	3	3	3	TRUE	TRUE
loop_14207	TRUE	4	3	3	3	FALSE	TRUE
loop_14208	TRUE	4	1	4	2	FALSE	FALSE
loop_14209	TRUE	4	4	3	3	FALSE	TRUE
loop_14210	FALSE	3	3	3	3	TRUE	TRUE
loop_14211	TRUE	3	3	4	3	TRUE	FALSE
loop_14212	FALSE	3	4	3	4	FALSE	FALSE
loop_14213	TRUE	3	3	4	3	TRUE	FALSE
loop_14214	TRUE	4	2	5	2	FALSE	FALSE
loop_14215	TRUE	3	4	3	3	FALSE	TRUE
loop_14216	FALSE	2	3	2	3	FALSE	FALSE
loop_14217	TRUE	2	4	1	3	FALSE	FALSE
loop_14218	FALSE	2	4	2	4	FALSE	FALSE
loop_14219	FALSE	3	4	3	4	FALSE	FALSE
loop_14220	TRUE	1	5	2	5	FALSE	FALSE
loop_14221	FALSE	2	4	2	4	FALSE	FALSE
loop_14222	FALSE	4	3	4	3	FALSE	FALSE
loop_14223	TRUE	5	1	5	2	FALSE	FALSE
loop_14224	FALSE	2	3	2	3	FALSE	FALSE
loop_14225	FALSE	3	3	3	3	TRUE	TRUE
loop_14226	FALSE	3	3	3	3	TRUE	TRUE
loop_14227	TRUE	4	1	3	1	FALSE	FALSE
loop_14228	FALSE	3	3	3	3	TRUE	TRUE
loop_14229	FALSE	3	3	3	3	TRUE	TRUE
loop_14230	FALSE	3	3	3	3	TRUE	TRUE
loop_14231	TRUE	3	2	3	3	FALSE	TRUE
loop_14232	TRUE	4	3	3	5	FALSE	FALSE
loop_14233	FALSE	5	1	5	1	FALSE	FALSE
loop_14234	FALSE	5	1	5	1	FALSE	FALSE
loop_14235	TRUE	3	3	3	4	TRUE	FALSE
loop_14236	FALSE	3	3	3	3	TRUE	TRUE
loop_14237	FALSE	3	3	3	3	TRUE	TRUE
loop_14238	FALSE	3	3	3	3	TRUE	TRUE
loop_14239	FALSE	3	3	3	3	TRUE	TRUE
loop_14240	FALSE	3	3	3	3	TRUE	TRUE
loop_14241	TRUE	4	1	4	2	FALSE	FALSE
loop_14242	TRUE	3	4	2	4	FALSE	FALSE
loop_14243	FALSE	2	2	2	2	FALSE	FALSE
loop_14244	TRUE	5	4	3	3	FALSE	TRUE
loop_14245	TRUE	5	1	4	1	FALSE	FALSE
loop_14246	TRUE	3	5	3	3	FALSE	TRUE
loop_14247	FALSE	3	3	3	3	TRUE	TRUE
loop_14248	TRUE	5	2	5	1	FALSE	FALSE
loop_14249	FALSE	5	1	5	1	FALSE	FALSE
loop_14250	TRUE	2	3	5	1	FALSE	FALSE
loop_14251	FALSE	4	1	4	1	FALSE	FALSE
loop_14252	TRUE	3	1	2	2	FALSE	FALSE
loop_14253	FALSE	5	1	5	1	FALSE	FALSE
loop_14254	TRUE	4	1	3	2	FALSE	FALSE
loop_14255	TRUE	3	1	5	1	FALSE	FALSE
loop_14256	FALSE	3	3	3	3	TRUE	TRUE
loop_14257	TRUE	3	3	5	3	TRUE	FALSE
loop_14258	TRUE	3	3	2	3	TRUE	FALSE
loop_14259	FALSE	5	5	5	5	FALSE	FALSE
loop_14260	FALSE	4	3	4	3	FALSE	FALSE
loop_14261	TRUE	5	2	3	4	FALSE	FALSE
loop_14262	TRUE	3	4	3	3	FALSE	TRUE
loop_14263	TRUE	3	3	2	3	TRUE	FALSE
loop_14264	TRUE	2	2	3	2	FALSE	FALSE
loop_14265	FALSE	3	3	3	3	TRUE	TRUE
loop_14266	TRUE	2	3	3	3	FALSE	TRUE
loop_14267	TRUE	2	2	3	3	FALSE	TRUE
loop_14268	TRUE	5	2	3	2	FALSE	FALSE
loop_14269	TRUE	3	3	4	3	TRUE	FALSE
loop_14270	FALSE	3	3	3	3	TRUE	TRUE
loop_14271	FALSE	3	3	3	3	TRUE	TRUE
loop_14272	TRUE	4	2	4	3	FALSE	FALSE
loop_14273	TRUE	3	2	3	3	FALSE	TRUE
loop_14274	TRUE	3	4	3	3	FALSE	TRUE
loop_14275	TRUE	2	3	1	3	FALSE	FALSE
loop_14276	FALSE	3	3	3	3	TRUE	TRUE
loop_14277	FALSE	3	2	3	2	FALSE	FALSE
loop_14278	TRUE	5	3	5	4	FALSE	FALSE
loop_14279	FALSE	3	3	3	3	TRUE	TRUE
loop_14280	FALSE	3	4	3	4	FALSE	FALSE
loop_14281	TRUE	3	2	4	2	FALSE	FALSE
loop_14282	TRUE	3	2	3	3	FALSE	TRUE
loop_14283	FALSE	3	3	3	3	TRUE	TRUE
loop_14284	TRUE	4	1	5	2	FALSE	FALSE
loop_14285	TRUE	5	2	5	3	FALSE	FALSE
loop_14286	TRUE	3	4	2	4	FALSE	FALSE
loop_14287	FALSE	3	3	3	3	TRUE	TRUE
loop_14288	TRUE	3	3	4	4	TRUE	FALSE
loop_14289	TRUE	4	2	3	2	FALSE	FALSE
loop_14290	FALSE	3	3	3	3	TRUE	TRUE
loop_14291	FALSE	4	3	4	3	FALSE	FALSE
loop_14292	TRUE	2	4	3	3	FALSE	TRUE
loop_14293	TRUE	4	4	3	3	FALSE	TRUE
loop_14294	TRUE	3	4	3	3	FALSE	TRUE
loop_14295	FALSE	3	4	3	4	FALSE	FALSE
loop_14296	TRUE	3	4	2	3	FALSE	FALSE
loop_14297	FALSE	3	3	3	3	TRUE	TRUE
loop_14298	FALSE	3	3	3	3	TRUE	TRUE
loop_14299	TRUE	5	2	3	2	FALSE	FALSE
loop_14300	TRUE	4	3	4	2	FALSE	FALSE
loop_14301	TRUE	2	3	1	2	FALSE	FALSE
loop_14302	TRUE	3	3	4	3	TRUE	FALSE
loop_14303	TRUE	2	2	3	1	FALSE	FALSE
loop_14304	FALSE	3	3	3	3	TRUE	TRUE
loop_14305	TRUE	3	3	4	2	TRUE	FALSE
loop_14306	TRUE	3	3	4	4	TRUE	FALSE
loop_14307	TRUE	2	3	3	3	FALSE	TRUE
loop_14308	TRUE	4	2	4	3	FALSE	FALSE
loop_14309	TRUE	2	2	2	1	FALSE	FALSE
loop_14310	FALSE	3	3	3	3	TRUE	TRUE
loop_14311	TRUE	4	4	3	3	FALSE	TRUE
loop_14312	TRUE	3	4	3	3	FALSE	TRUE
loop_14313	TRUE	3	3	2	3	TRUE	FALSE
loop_14314	FALSE	3	3	3	3	TRUE	TRUE
loop_14315	FALSE	3	3	3	3	TRUE	TRUE
loop_14316	FALSE	3	3	3	3	TRUE	TRUE
loop_14317	TRUE	3	3	4	3	TRUE	FALSE
loop_14318	TRUE	2	4	3	2	FALSE	FALSE
loop_14319	TRUE	3	2	4	2	FALSE	FALSE
loop_14320	TRUE	3	3	3	2	TRUE	FALSE
loop_14321	FALSE	3	3	3	3	TRUE	TRUE
loop_14322	TRUE	3	3	3	4	TRUE	FALSE
loop_14323	FALSE	3	3	3	3	TRUE	TRUE
loop_14324	TRUE	2	3	3	3	FALSE	TRUE
loop_14325	TRUE	3	3	2	3	TRUE	FALSE
loop_14326	TRUE	3	2	3	3	FALSE	TRUE
loop_14327	FALSE	3	3	3	3	TRUE	TRUE
loop_14328	FALSE	3	2	3	2	FALSE	FALSE
loop_14329	TRUE	2	3	2	4	FALSE	FALSE
loop_14330	TRUE	2	3	3	3	FALSE	TRUE
loop_14331	FALSE	2	3	2	3	FALSE	FALSE
loop_14332	TRUE	5	3	5	2	FALSE	FALSE
loop_14333	TRUE	5	4	5	5	FALSE	FALSE
loop_14334	FALSE	5	1	5	1	FALSE	FALSE
loop_14335	TRUE	5	2	5	1	FALSE	FALSE
loop_14336	TRUE	5	2	5	1	FALSE	FALSE
loop_14337	FALSE	3	3	3	3	TRUE	TRUE
loop_14338	FALSE	3	3	3	3	TRUE	TRUE
loop_14339	TRUE	5	2	2	3	FALSE	FALSE
loop_14340	TRUE	5	1	4	1	FALSE	FALSE
loop_14341	TRUE	3	3	4	3	TRUE	FALSE
loop_14342	TRUE	3	3	5	2	TRUE	FALSE
loop_14343	FALSE	3	3	3	3	TRUE	TRUE
loop_14344	TRUE	4	3	4	1	FALSE	FALSE
loop_14345	TRUE	2	1	3	3	FALSE	TRUE
loop_14346	FALSE	5	1	5	1	FALSE	FALSE
loop_14347	TRUE	2	3	1	3	FALSE	FALSE
loop_14348	TRUE	5	1	4	2	FALSE	FALSE
loop_14349	FALSE	5	1	5	1	FALSE	FALSE
loop_14350	TRUE	3	3	2	3	TRUE	FALSE
loop_14351	TRUE	4	3	3	1	FALSE	FALSE
loop_14352	TRUE	3	3	5	1	TRUE	FALSE
loop_14353	FALSE	3	3	3	3	TRUE	TRUE
loop_14354	TRUE	3	3	2	3	TRUE	FALSE
loop_14355	TRUE	3	4	3	3	FALSE	TRUE
loop_14356	TRUE	4	1	5	1	FALSE	FALSE
loop_14357	FALSE	5	1	5	1	FALSE	FALSE
loop_14358	TRUE	5	1	3	3	FALSE	TRUE
loop_14359	TRUE	1	3	2	2	FALSE	FALSE
loop_14360	TRUE	3	3	2	3	TRUE	FALSE
loop_14361	TRUE	5	1	5	2	FALSE	FALSE
loop_14362	FALSE	2	3	2	3	FALSE	FALSE
loop_14363	TRUE	5	4	3	3	FALSE	TRUE
loop_14364	TRUE	3	3	3	2	TRUE	FALSE
loop_14365	TRUE	4	1	3	2	FALSE	FALSE
loop_14366	TRUE	4	1	5	4	FALSE	FALSE
loop_14367	TRUE	2	3	3	3	FALSE	TRUE
loop_14368	FALSE	2	2	2	2	FALSE	FALSE
loop_14369	TRUE	2	3	5	2	FALSE	FALSE
loop_14370	TRUE	4	1	5	1	FALSE	FALSE
loop_14371	FALSE	2	2	2	2	FALSE	FALSE
loop_14372	FALSE	3	3	3	3	TRUE	TRUE
loop_14373	FALSE	3	3	3	3	TRUE	TRUE
loop_14374	TRUE	4	3	3	3	FALSE	TRUE
loop_14375	FALSE	3	3	3	3	TRUE	TRUE
loop_14376	TRUE	3	2	3	3	FALSE	TRUE
loop_14377	TRUE	4	5	3	5	FALSE	FALSE
loop_14378	TRUE	4	2	4	3	FALSE	FALSE
loop_14379	FALSE	3	3	3	3	TRUE	TRUE
loop_14380	TRUE	3	3	2	3	TRUE	FALSE
loop_14381	TRUE	2	2	3	3	FALSE	TRUE
loop_14382	TRUE	3	3	3	4	TRUE	FALSE
loop_14383	TRUE	3	3	4	3	TRUE	FALSE
loop_14384	TRUE	3	3	4	3	TRUE	FALSE
loop_14385	TRUE	3	3	3	2	TRUE	FALSE
loop_14386	TRUE	3	3	3	2	TRUE	FALSE
loop_14387	TRUE	4	2	3	3	FALSE	TRUE
loop_14388	TRUE	3	2	3	3	FALSE	TRUE
loop_14389	FALSE	2	3	2	3	FALSE	FALSE
loop_14390	TRUE	3	3	1	5	TRUE	FALSE
loop_14391	TRUE	3	2	3	3	FALSE	TRUE
loop_14392	TRUE	5	3	4	4	FALSE	FALSE
loop_14393	TRUE	4	3	3	3	FALSE	TRUE
loop_14394	FALSE	3	3	3	3	TRUE	TRUE
loop_14395	FALSE	4	2	4	2	FALSE	FALSE
loop_14396	FALSE	2	5	2	5	FALSE	FALSE
loop_14397	TRUE	2	2	3	3	FALSE	TRUE
loop_14398	FALSE	3	3	3	3	TRUE	TRUE
loop_14399	TRUE	4	5	3	3	FALSE	TRUE
loop_14400	TRUE	3	3	4	3	TRUE	FALSE
loop_14401	TRUE	2	4	5	1	FALSE	FALSE
loop_14402	TRUE	2	3	2	2	FALSE	FALSE
loop_14403	TRUE	3	2	1	5	FALSE	FALSE
loop_14404	TRUE	3	3	4	3	TRUE	FALSE
loop_14405	FALSE	5	1	5	1	FALSE	FALSE
loop_14406	TRUE	4	1	5	2	FALSE	FALSE
loop_14407	TRUE	3	3	2	3	TRUE	FALSE
loop_14408	FALSE	4	3	4	3	FALSE	FALSE
loop_14409	TRUE	4	2	4	1	FALSE	FALSE
loop_14410	TRUE	5	3	3	3	FALSE	TRUE
loop_14411	TRUE	3	2	3	3	FALSE	TRUE
loop_14412	TRUE	3	2	2	3	FALSE	FALSE
loop_14413	TRUE	3	4	4	4	FALSE	FALSE
loop_14414	FALSE	3	3	3	3	TRUE	TRUE
loop_14415	TRUE	2	3	1	1	FALSE	FALSE
loop_14416	FALSE	2	3	2	3	FALSE	FALSE
loop_14417	FALSE	3	3	3	3	TRUE	TRUE
loop_14418	TRUE	3	3	3	2	TRUE	FALSE
loop_14419	TRUE	3	2	2	2	FALSE	FALSE
loop_14420	FALSE	3	5	3	5	FALSE	FALSE
loop_14421	TRUE	4	2	5	1	FALSE	FALSE
loop_14422	FALSE	3	3	3	3	TRUE	TRUE
loop_14423	FALSE	3	3	3	3	TRUE	TRUE
loop_14424	TRUE	3	4	3	3	FALSE	TRUE
loop_14425	FALSE	5	1	5	1	FALSE	FALSE
loop_14426	TRUE	2	4	2	3	FALSE	FALSE
loop_14427	TRUE	1	3	3	3	FALSE	TRUE
loop_14428	FALSE	5	3	5	3	FALSE	FALSE
loop_14429	TRUE	3	3	4	3	TRUE	FALSE
loop_14430	FALSE	3	3	3	3	TRUE	TRUE
loop_14431	TRUE	3	3	3	2	TRUE	FALSE
loop_14432	TRUE	2	3	3	3	FALSE	TRUE
loop_14433	TRUE	3	4	3	3	FALSE	TRUE
loop_14434	TRUE	4	3	3	3	FALSE	TRUE
loop_14435	TRUE	3	2	3	3	FALSE	TRUE
loop_14436	FALSE	3	3	3	3	TRUE	TRUE
loop_14437	TRUE	5	3	3	3	FALSE	TRUE
loop_14438	FALSE	3	3	3	3	TRUE	TRUE
loop_14439	TRUE	4	4	4	3	FALSE	FALSE
loop_14440	TRUE	5	2	3	3	FALSE	TRUE
loop_14441	TRUE	3	2	1	2	FALSE	FALSE
loop_14442	FALSE	3	4	3	4	FALSE	FALSE
loop_14443	FALSE	3	3	3	3	TRUE	TRUE
loop_14444	TRUE	3	4	3	3	FALSE	TRUE
loop_14445	TRUE	3	2	2	3	FALSE	FALSE
loop_14446	FALSE	3	3	3	3	TRUE	TRUE
loop_14447	TRUE	1	3	2	3	FALSE	FALSE
loop_14448	FALSE	3	2	3	2	FALSE	FALSE
loop_14449	FALSE	3	3	3	3	TRUE	TRUE
loop_14450	FALSE	3	4	3	4	FALSE	FALSE
loop_14451	TRUE	3	4	3	3	FALSE	TRUE
loop_14452	TRUE	5	4	3	2	FALSE	FALSE
loop_14453	TRUE	3	3	3	2	TRUE	FALSE
loop_14454	TRUE	3	3	4	3	TRUE	FALSE
loop_14455	TRUE	4	3	3	3	FALSE	TRUE
loop_14456	FALSE	3	3	3	3	TRUE	TRUE
loop_14457	FALSE	3	3	3	3	TRUE	TRUE
loop_14458	TRUE	4	2	3	3	FALSE	TRUE
loop_14459	TRUE	3	2	3	3	FALSE	TRUE
loop_14460	FALSE	3	3	3	3	TRUE	TRUE
loop_14461	TRUE	4	4	4	3	FALSE	FALSE
loop_14462	TRUE	3	3	3	4	TRUE	FALSE
loop_14463	TRUE	4	3	3	3	FALSE	TRUE
loop_14464	FALSE	2	4	2	4	FALSE	FALSE
loop_14465	FALSE	3	3	3	3	TRUE	TRUE
loop_14466	FALSE	2	3	2	3	FALSE	FALSE
loop_14467	FALSE	4	3	4	3	FALSE	FALSE
loop_14468	TRUE	4	3	3	3	FALSE	TRUE
loop_14469	TRUE	3	3	5	2	TRUE	FALSE
loop_14470	TRUE	1	4	4	1	FALSE	FALSE
loop_14471	TRUE	5	1	4	2	FALSE	FALSE
loop_14472	FALSE	4	2	4	2	FALSE	FALSE
loop_14473	TRUE	4	2	5	1	FALSE	FALSE
loop_14474	FALSE	3	3	3	3	TRUE	TRUE
loop_14475	TRUE	4	1	5	1	FALSE	FALSE
loop_14476	FALSE	3	2	3	2	FALSE	FALSE
loop_14477	FALSE	5	1	5	1	FALSE	FALSE
loop_14478	TRUE	3	1	5	1	FALSE	FALSE
loop_14479	TRUE	3	3	4	3	TRUE	FALSE
loop_14480	TRUE	5	1	5	2	FALSE	FALSE
loop_14481	FALSE	4	1	4	1	FALSE	FALSE
loop_14482	FALSE	3	3	3	3	TRUE	TRUE
loop_14483	FALSE	3	3	3	3	TRUE	TRUE
loop_14484	TRUE	2	1	4	3	FALSE	FALSE
loop_14485	TRUE	4	3	5	3	FALSE	FALSE
loop_14486	FALSE	3	3	3	3	TRUE	TRUE
loop_14487	TRUE	3	1	4	1	FALSE	FALSE
loop_14488	TRUE	1	4	1	2	FALSE	FALSE
loop_14489	TRUE	5	1	5	5	FALSE	FALSE
loop_14490	FALSE	3	3	3	3	TRUE	TRUE
loop_14491	FALSE	5	1	5	1	FALSE	FALSE
loop_14492	TRUE	5	1	3	3	FALSE	TRUE
loop_14493	TRUE	5	2	3	3	FALSE	TRUE
loop_14494	TRUE	4	2	3	3	FALSE	TRUE
loop_14495	TRUE	4	3	2	3	FALSE	FALSE
loop_14496	FALSE	3	3	3	3	TRUE	TRUE
loop_14497	FALSE	3	3	3	3	TRUE	TRUE
loop_14498	TRUE	4	3	3	3	FALSE	TRUE
loop_14499	TRUE	4	3	3	4	FALSE	FALSE
loop_14500	FALSE	3	3	3	3	TRUE	TRUE
loop_14501	FALSE	3	3	3	3	TRUE	TRUE
loop_14502	TRUE	4	3	3	2	FALSE	FALSE
loop_14503	TRUE	3	3	3	4	TRUE	FALSE
loop_14504	TRUE	3	3	4	3	TRUE	FALSE
loop_14505	TRUE	3	3	2	5	TRUE	FALSE
loop_14506	TRUE	4	2	5	1	FALSE	FALSE
loop_14507	FALSE	3	4	3	4	FALSE	FALSE
loop_14508	FALSE	3	3	3	3	TRUE	TRUE
loop_14509	FALSE	2	3	2	3	FALSE	FALSE
loop_14510	FALSE	3	3	3	3	TRUE	TRUE
loop_14511	TRUE	3	3	3	2	TRUE	FALSE
loop_14512	FALSE	3	3	3	3	TRUE	TRUE
loop_14513	TRUE	3	5	5	4	FALSE	FALSE
loop_14514	FALSE	5	3	5	3	FALSE	FALSE
loop_14515	TRUE	3	5	3	3	FALSE	TRUE
loop_14516	TRUE	2	5	3	4	FALSE	FALSE
loop_14517	TRUE	4	3	5	1	FALSE	FALSE
loop_14518	TRUE	3	3	4	2	TRUE	FALSE
loop_14519	TRUE	1	5	1	4	FALSE	FALSE
loop_14520	TRUE	5	3	4	3	FALSE	FALSE
loop_14521	TRUE	5	1	5	2	FALSE	FALSE
loop_14522	FALSE	3	3	3	3	TRUE	TRUE
loop_14523	TRUE	4	2	3	3	FALSE	TRUE
loop_14524	TRUE	4	4	3	3	FALSE	TRUE
loop_14525	TRUE	4	4	3	3	FALSE	TRUE
loop_14526	TRUE	5	1	3	3	FALSE	TRUE
loop_14527	TRUE	3	3	3	4	TRUE	FALSE
loop_14528	TRUE	4	4	4	3	FALSE	FALSE
loop_14529	TRUE	3	3	2	2	TRUE	FALSE
loop_14530	FALSE	3	3	3	3	TRUE	TRUE
loop_14531	FALSE	4	3	4	3	FALSE	FALSE
loop_14532	FALSE	3	3	3	3	TRUE	TRUE
loop_14533	TRUE	2	1	5	1	FALSE	FALSE
loop_14534	FALSE	3	3	3	3	TRUE	TRUE
loop_14535	TRUE	4	1	5	1	FALSE	FALSE
loop_14536	TRUE	3	3	4	2	TRUE	FALSE
loop_14537	TRUE	4	3	3	4	FALSE	FALSE
loop_14538	TRUE	5	1	5	4	FALSE	FALSE
loop_14539	TRUE	5	2	5	3	FALSE	FALSE
loop_14540	FALSE	3	3	3	3	TRUE	TRUE
loop_14541	TRUE	3	2	3	3	FALSE	TRUE
loop_14542	TRUE	3	3	2	3	TRUE	FALSE
loop_14543	FALSE	3	3	3	3	TRUE	TRUE
loop_14544	TRUE	3	2	3	3	FALSE	TRUE
loop_14545	TRUE	3	3	3	2	TRUE	FALSE
loop_14546	FALSE	3	3	3	3	TRUE	TRUE
loop_14547	FALSE	3	3	3	3	TRUE	TRUE
loop_14548	FALSE	3	3	3	3	TRUE	TRUE
loop_14549	TRUE	2	3	4	3	FALSE	FALSE
loop_14550	TRUE	3	4	3	3	FALSE	TRUE
loop_14551	FALSE	3	3	3	3	TRUE	TRUE
loop_14552	TRUE	3	3	5	1	TRUE	FALSE
loop_14553	TRUE	3	3	2	3	TRUE	FALSE
loop_14554	FALSE	3	3	3	3	TRUE	TRUE
loop_14555	TRUE	3	3	3	2	TRUE	FALSE
loop_14556	FALSE	3	3	3	3	TRUE	TRUE
loop_14557	FALSE	3	3	3	3	TRUE	TRUE
loop_14558	TRUE	5	5	3	3	FALSE	TRUE
loop_14559	TRUE	3	3	2	4	TRUE	FALSE
loop_14560	TRUE	3	3	2	3	TRUE	FALSE
loop_14561	TRUE	3	3	3	4	TRUE	FALSE
loop_14562	TRUE	1	1	1	3	FALSE	FALSE
loop_14563	FALSE	3	2	3	2	FALSE	FALSE
loop_14564	TRUE	3	1	3	2	FALSE	FALSE
loop_14565	FALSE	3	3	3	3	TRUE	TRUE
loop_14566	FALSE	3	3	3	3	TRUE	TRUE
loop_14567	FALSE	3	2	3	2	FALSE	FALSE
loop_14568	FALSE	3	3	3	3	TRUE	TRUE
loop_14569	FALSE	2	4	2	4	FALSE	FALSE
loop_14570	FALSE	3	3	3	3	TRUE	TRUE
loop_14571	TRUE	4	3	3	3	FALSE	TRUE
loop_14572	FALSE	3	3	3	3	TRUE	TRUE
loop_14573	TRUE	4	3	2	3	FALSE	FALSE
loop_14574	TRUE	4	3	3	3	FALSE	TRUE
loop_14575	FALSE	3	3	3	3	TRUE	TRUE
loop_14576	FALSE	2	3	2	3	FALSE	FALSE
loop_14577	TRUE	3	2	3	3	FALSE	TRUE
loop_14578	TRUE	5	2	3	3	FALSE	TRUE
loop_14579	TRUE	5	1	3	3	FALSE	TRUE
loop_14580	TRUE	4	2	3	3	FALSE	TRUE
loop_14581	TRUE	1	3	5	1	FALSE	FALSE
loop_14582	TRUE	3	5	5	1	FALSE	FALSE
loop_14583	TRUE	3	3	5	1	TRUE	FALSE
loop_14584	TRUE	5	2	4	2	FALSE	FALSE
loop_14585	FALSE	2	2	2	2	FALSE	FALSE
loop_14586	FALSE	5	1	5	1	FALSE	FALSE
loop_14587	FALSE	5	1	5	1	FALSE	FALSE
loop_14588	FALSE	5	1	5	1	FALSE	FALSE
loop_14589	FALSE	5	1	5	1	FALSE	FALSE
loop_14590	FALSE	5	1	5	1	FALSE	FALSE
loop_14591	FALSE	5	1	5	1	FALSE	FALSE
loop_14592	FALSE	3	3	3	3	TRUE	TRUE
loop_14593	TRUE	4	2	5	2	FALSE	FALSE
loop_14594	TRUE	4	1	5	1	FALSE	FALSE
loop_14595	TRUE	4	3	5	2	FALSE	FALSE
loop_14596	FALSE	3	4	3	4	FALSE	FALSE
loop_14597	TRUE	4	2	5	3	FALSE	FALSE
loop_14598	FALSE	5	2	5	2	FALSE	FALSE
loop_14599	TRUE	3	3	4	1	TRUE	FALSE
loop_14600	TRUE	5	1	5	2	FALSE	FALSE
loop_14601	TRUE	4	1	5	1	FALSE	FALSE
loop_14602	FALSE	3	3	3	3	TRUE	TRUE
loop_14603	TRUE	5	2	5	1	FALSE	FALSE
loop_14604	FALSE	5	1	5	1	FALSE	FALSE
loop_14605	TRUE	3	3	3	5	TRUE	FALSE
loop_14606	TRUE	5	1	5	2	FALSE	FALSE
loop_14607	FALSE	4	3	4	3	FALSE	FALSE
loop_14608	FALSE	4	1	4	1	FALSE	FALSE
loop_14609	FALSE	3	3	3	3	TRUE	TRUE
loop_14610	FALSE	3	3	3	3	TRUE	TRUE
loop_14611	TRUE	1	3	3	3	FALSE	TRUE
loop_14612	FALSE	5	1	5	1	FALSE	FALSE
loop_14613	FALSE	3	3	3	3	TRUE	TRUE
loop_14614	TRUE	5	1	4	1	FALSE	FALSE
loop_14615	TRUE	4	2	4	1	FALSE	FALSE
loop_14616	TRUE	5	2	3	3	FALSE	TRUE
loop_14617	TRUE	4	2	4	3	FALSE	FALSE
loop_14618	TRUE	3	1	5	1	FALSE	FALSE
loop_14619	TRUE	3	4	3	3	FALSE	TRUE
loop_14620	FALSE	5	1	5	1	FALSE	FALSE
loop_14621	FALSE	3	3	3	3	TRUE	TRUE
loop_14622	FALSE	3	3	3	3	TRUE	TRUE
loop_14623	FALSE	3	3	3	3	TRUE	TRUE
loop_14624	TRUE	5	1	5	3	FALSE	FALSE
loop_14625	FALSE	3	3	3	3	TRUE	TRUE
loop_14626	TRUE	3	3	4	3	TRUE	FALSE
loop_14627	TRUE	3	3	3	2	TRUE	FALSE
loop_14628	TRUE	3	1	3	2	FALSE	FALSE
loop_14629	TRUE	3	1	5	1	FALSE	FALSE
loop_14630	TRUE	5	2	5	1	FALSE	FALSE
loop_14631	TRUE	4	5	3	3	FALSE	TRUE
loop_14632	FALSE	3	3	3	3	TRUE	TRUE
loop_14633	FALSE	3	3	3	3	TRUE	TRUE
loop_14634	TRUE	4	1	3	2	FALSE	FALSE
loop_14635	FALSE	1	2	1	2	FALSE	FALSE
loop_14636	TRUE	2	4	2	3	FALSE	FALSE
loop_14637	FALSE	3	3	3	3	TRUE	TRUE
loop_14638	TRUE	5	3	3	3	FALSE	TRUE
loop_14639	TRUE	3	3	2	1	TRUE	FALSE
loop_14640	TRUE	1	1	1	2	FALSE	FALSE
loop_14641	TRUE	5	1	4	2	FALSE	FALSE
loop_14642	TRUE	3	4	3	3	FALSE	TRUE
loop_14643	TRUE	4	2	5	2	FALSE	FALSE
loop_14644	FALSE	3	3	3	3	TRUE	TRUE
loop_14645	TRUE	4	1	5	1	FALSE	FALSE
loop_14646	TRUE	4	1	5	1	FALSE	FALSE
loop_14647	FALSE	3	3	3	3	TRUE	TRUE
loop_14648	TRUE	3	4	3	3	FALSE	TRUE
loop_14649	TRUE	2	2	3	3	FALSE	TRUE
loop_14650	TRUE	5	3	5	2	FALSE	FALSE
loop_14651	TRUE	3	4	2	3	FALSE	FALSE
loop_14652	FALSE	3	4	3	4	FALSE	FALSE
loop_14653	TRUE	3	3	3	4	TRUE	FALSE
loop_14654	TRUE	2	2	1	1	FALSE	FALSE
loop_14655	TRUE	5	2	4	1	FALSE	FALSE
loop_14656	TRUE	2	3	3	4	FALSE	FALSE
loop_14657	TRUE	3	2	4	3	FALSE	FALSE
loop_14658	TRUE	4	2	4	3	FALSE	FALSE
loop_14659	TRUE	5	3	5	2	FALSE	FALSE
loop_14660	FALSE	3	2	3	2	FALSE	FALSE
loop_14661	FALSE	3	3	3	3	TRUE	TRUE
loop_14662	FALSE	3	3	3	3	TRUE	TRUE
loop_14663	TRUE	2	2	3	2	FALSE	FALSE
loop_14664	TRUE	2	1	2	2	FALSE	FALSE
loop_14665	TRUE	4	1	4	3	FALSE	FALSE
loop_14666	TRUE	4	2	3	2	FALSE	FALSE
loop_14667	FALSE	3	3	3	3	TRUE	TRUE
loop_14668	FALSE	3	4	3	4	FALSE	FALSE
loop_14669	FALSE	3	3	3	3	TRUE	TRUE
loop_14670	TRUE	1	4	2	4	FALSE	FALSE
loop_14671	TRUE	3	3	3	2	TRUE	FALSE
loop_14672	TRUE	3	2	2	1	FALSE	FALSE
loop_14673	FALSE	3	1	3	1	FALSE	FALSE
loop_14674	TRUE	3	4	3	3	FALSE	TRUE
loop_14675	FALSE	3	3	3	3	TRUE	TRUE
loop_14676	TRUE	2	4	3	3	FALSE	TRUE
loop_14677	FALSE	3	3	3	3	TRUE	TRUE
loop_14678	FALSE	4	3	4	3	FALSE	FALSE
loop_14679	TRUE	3	4	3	3	FALSE	TRUE
loop_14680	FALSE	3	1	3	1	FALSE	FALSE
loop_14681	TRUE	2	2	2	3	FALSE	FALSE
loop_14682	TRUE	4	2	4	3	FALSE	FALSE
loop_14683	TRUE	4	3	3	3	FALSE	TRUE
loop_14684	TRUE	2	3	3	3	FALSE	TRUE
loop_14685	TRUE	4	1	3	1	FALSE	FALSE
loop_14686	FALSE	3	4	3	4	FALSE	FALSE
loop_14687	FALSE	4	4	4	4	FALSE	FALSE
loop_14688	TRUE	5	3	4	4	FALSE	FALSE
loop_14689	FALSE	3	3	3	3	TRUE	TRUE
loop_14690	TRUE	3	4	3	3	FALSE	TRUE
loop_14691	TRUE	4	3	3	1	FALSE	FALSE
loop_14692	FALSE	2	4	2	4	FALSE	FALSE
loop_14693	TRUE	3	3	2	3	TRUE	FALSE
loop_14694	TRUE	3	4	3	3	FALSE	TRUE
loop_14695	FALSE	3	3	3	3	TRUE	TRUE
loop_14696	TRUE	3	3	3	4	TRUE	FALSE
loop_14697	FALSE	3	3	3	3	TRUE	TRUE
loop_14698	FALSE	3	4	3	4	FALSE	FALSE
loop_14699	TRUE	5	1	4	1	FALSE	FALSE
loop_14700	FALSE	3	3	3	3	TRUE	TRUE
loop_14701	TRUE	2	3	3	2	FALSE	FALSE
loop_14702	TRUE	4	4	3	3	FALSE	TRUE
loop_14703	FALSE	2	3	2	3	FALSE	FALSE
loop_14704	FALSE	3	3	3	3	TRUE	TRUE
loop_14705	TRUE	4	3	4	1	FALSE	FALSE
loop_14706	FALSE	3	3	3	3	TRUE	TRUE
loop_14707	TRUE	3	3	4	1	TRUE	FALSE
loop_14708	TRUE	3	4	3	3	FALSE	TRUE
loop_14709	TRUE	4	2	3	2	FALSE	FALSE
loop_14710	TRUE	2	3	3	3	FALSE	TRUE
loop_14711	FALSE	3	3	3	3	TRUE	TRUE
loop_14712	FALSE	5	1	5	1	FALSE	FALSE
loop_14713	TRUE	3	3	3	2	TRUE	FALSE
loop_14714	TRUE	3	1	2	1	FALSE	FALSE
loop_14715	TRUE	3	3	3	1	TRUE	FALSE
loop_14716	TRUE	3	4	5	2	FALSE	FALSE
loop_14717	TRUE	3	3	5	2	TRUE	FALSE
loop_14718	FALSE	5	1	5	1	FALSE	FALSE
loop_14719	FALSE	3	3	3	3	TRUE	TRUE
loop_14720	TRUE	3	4	3	3	FALSE	TRUE
loop_14721	TRUE	3	3	5	3	TRUE	FALSE
loop_14722	FALSE	5	1	5	1	FALSE	FALSE
loop_14723	FALSE	3	3	3	3	TRUE	TRUE
loop_14724	TRUE	5	2	4	1	FALSE	FALSE
loop_14725	TRUE	3	3	3	2	TRUE	FALSE
loop_14726	FALSE	5	1	5	1	FALSE	FALSE
loop_14727	TRUE	3	3	3	5	TRUE	FALSE
loop_14728	FALSE	3	3	3	3	TRUE	TRUE
loop_14729	FALSE	3	3	3	3	TRUE	TRUE
loop_14730	TRUE	4	1	5	2	FALSE	FALSE
loop_14731	TRUE	5	1	4	1	FALSE	FALSE
loop_14732	FALSE	3	3	3	3	TRUE	TRUE
loop_14733	TRUE	3	3	4	3	TRUE	FALSE
loop_14734	FALSE	3	3	3	3	TRUE	TRUE
loop_14735	FALSE	3	3	3	3	TRUE	TRUE
loop_14736	TRUE	4	3	4	2	FALSE	FALSE
loop_14737	TRUE	4	1	5	1	FALSE	FALSE
loop_14738	FALSE	3	3	3	3	TRUE	TRUE
loop_14739	FALSE	3	3	3	3	TRUE	TRUE
loop_14740	FALSE	2	3	2	3	FALSE	FALSE
loop_14741	TRUE	3	3	2	3	TRUE	FALSE
loop_14742	FALSE	3	3	3	3	TRUE	TRUE
loop_14743	TRUE	4	3	3	3	FALSE	TRUE
loop_14744	TRUE	4	2	4	1	FALSE	FALSE
loop_14745	FALSE	3	3	3	3	TRUE	TRUE
loop_14746	TRUE	5	3	3	3	FALSE	TRUE
loop_14747	FALSE	5	1	5	1	FALSE	FALSE
loop_14748	TRUE	3	2	3	3	FALSE	TRUE
loop_14749	FALSE	3	2	3	2	FALSE	FALSE
loop_14750	TRUE	3	3	5	2	TRUE	FALSE
loop_14751	FALSE	3	3	3	3	TRUE	TRUE
loop_14752	TRUE	2	1	2	4	FALSE	FALSE
loop_14753	TRUE	4	4	3	3	FALSE	TRUE
loop_14754	FALSE	4	3	4	3	FALSE	FALSE
loop_14755	TRUE	2	4	1	3	FALSE	FALSE
loop_14756	TRUE	1	5	1	1	FALSE	FALSE
loop_14757	FALSE	3	3	3	3	TRUE	TRUE
loop_14758	TRUE	3	2	3	3	FALSE	TRUE
loop_14759	TRUE	3	5	3	4	FALSE	FALSE
loop_14760	TRUE	3	3	2	3	TRUE	FALSE
loop_14761	FALSE	3	3	3	3	TRUE	TRUE
loop_14762	FALSE	3	3	3	3	TRUE	TRUE
loop_14763	TRUE	2	3	3	3	FALSE	TRUE
loop_14764	TRUE	5	4	3	3	FALSE	TRUE
loop_14765	FALSE	3	3	3	3	TRUE	TRUE
loop_14766	TRUE	3	2	5	1	FALSE	FALSE
loop_14767	TRUE	3	3	2	3	TRUE	FALSE
loop_14768	TRUE	2	3	3	3	FALSE	TRUE
loop_14769	TRUE	3	4	3	3	FALSE	TRUE
loop_14770	TRUE	3	2	4	2	FALSE	FALSE
loop_14771	TRUE	3	3	3	2	TRUE	FALSE
loop_14772	FALSE	2	4	2	4	FALSE	FALSE
loop_14773	TRUE	3	1	3	4	FALSE	FALSE
loop_14774	FALSE	3	3	3	3	TRUE	TRUE
loop_14775	TRUE	3	3	4	3	TRUE	FALSE
loop_14776	FALSE	3	3	3	3	TRUE	TRUE
loop_14777	FALSE	3	3	3	3	TRUE	TRUE
loop_14778	TRUE	4	3	5	2	FALSE	FALSE
loop_14779	FALSE	3	3	3	3	TRUE	TRUE
loop_14780	FALSE	3	3	3	3	TRUE	TRUE
loop_14781	FALSE	3	3	3	3	TRUE	TRUE
loop_14782	FALSE	3	3	3	3	TRUE	TRUE
loop_14783	FALSE	3	3	3	3	TRUE	TRUE
loop_14784	TRUE	3	3	2	3	TRUE	FALSE
loop_14785	FALSE	3	2	3	2	FALSE	FALSE
loop_14786	TRUE	3	2	3	3	FALSE	TRUE
loop_14787	TRUE	3	1	3	3	FALSE	TRUE
loop_14788	TRUE	1	3	1	2	FALSE	FALSE
loop_14789	TRUE	3	3	3	2	TRUE	FALSE
loop_14790	TRUE	3	3	4	3	TRUE	FALSE
loop_14791	TRUE	5	1	4	1	FALSE	FALSE
loop_14792	TRUE	4	3	4	4	FALSE	FALSE
loop_14793	FALSE	3	3	3	3	TRUE	TRUE
loop_14794	TRUE	3	4	3	3	FALSE	TRUE
loop_14795	TRUE	4	3	3	3	FALSE	TRUE
loop_14796	TRUE	3	2	5	1	FALSE	FALSE
loop_14797	FALSE	3	3	3	3	TRUE	TRUE
loop_14798	FALSE	3	3	3	3	TRUE	TRUE
loop_14799	TRUE	4	3	3	3	FALSE	TRUE
loop_14800	TRUE	3	3	2	3	TRUE	FALSE
loop_14801	TRUE	3	2	4	3	FALSE	FALSE
loop_14802	TRUE	3	3	2	3	TRUE	FALSE
loop_14803	FALSE	3	3	3	3	TRUE	TRUE
loop_14804	FALSE	2	3	2	3	FALSE	FALSE
loop_14805	TRUE	4	3	3	3	FALSE	TRUE
loop_14806	TRUE	3	2	3	3	FALSE	TRUE
loop_14807	TRUE	3	3	3	4	TRUE	FALSE
loop_14808	TRUE	3	4	3	3	FALSE	TRUE
loop_14809	TRUE	1	4	2	4	FALSE	FALSE
loop_14810	TRUE	3	2	3	3	FALSE	TRUE
loop_14811	TRUE	2	4	2	3	FALSE	FALSE
loop_14812	TRUE	2	3	1	5	FALSE	FALSE
loop_14813	TRUE	4	2	3	3	FALSE	TRUE
loop_14814	FALSE	2	3	2	3	FALSE	FALSE
loop_14815	TRUE	1	4	3	4	FALSE	FALSE
loop_14816	FALSE	3	2	3	2	FALSE	FALSE
loop_14817	TRUE	3	3	3	2	TRUE	FALSE
loop_14818	TRUE	5	1	5	2	FALSE	FALSE
loop_14819	FALSE	3	3	3	3	TRUE	TRUE
loop_14820	TRUE	2	3	5	1	FALSE	FALSE
loop_14821	TRUE	4	2	4	1	FALSE	FALSE
loop_14822	TRUE	5	2	5	1	FALSE	FALSE
loop_14823	TRUE	3	5	3	3	FALSE	TRUE
loop_14824	FALSE	5	1	5	1	FALSE	FALSE
loop_14825	TRUE	3	3	5	5	TRUE	FALSE
loop_14826	TRUE	3	2	3	3	FALSE	TRUE
loop_14827	TRUE	5	1	5	5	FALSE	FALSE
loop_14828	TRUE	3	3	4	1	TRUE	FALSE
loop_14829	TRUE	5	2	3	3	FALSE	TRUE
loop_14830	TRUE	3	3	2	3	TRUE	FALSE
loop_14831	FALSE	1	3	1	3	FALSE	FALSE
loop_14832	TRUE	3	2	3	3	FALSE	TRUE
loop_14833	TRUE	2	3	3	2	FALSE	FALSE
loop_14834	FALSE	3	3	3	3	TRUE	TRUE
loop_14835	FALSE	3	2	3	2	FALSE	FALSE
loop_14836	TRUE	3	3	3	2	TRUE	FALSE
loop_14837	TRUE	4	3	3	3	FALSE	TRUE
loop_14838	TRUE	3	3	3	1	TRUE	FALSE
loop_14839	FALSE	3	3	3	3	TRUE	TRUE
loop_14840	FALSE	3	3	3	3	TRUE	TRUE
loop_14841	FALSE	3	3	3	3	TRUE	TRUE
loop_14842	FALSE	3	3	3	3	TRUE	TRUE
loop_14843	TRUE	3	3	2	2	TRUE	FALSE
loop_14844	FALSE	3	3	3	3	TRUE	TRUE
loop_14845	FALSE	3	3	3	3	TRUE	TRUE
loop_14846	TRUE	3	2	3	3	FALSE	TRUE
loop_14847	FALSE	3	3	3	3	TRUE	TRUE
loop_14848	FALSE	5	1	5	1	FALSE	FALSE
loop_14849	FALSE	1	1	1	1	FALSE	FALSE
loop_14850	FALSE	5	1	5	1	FALSE	FALSE
loop_14851	FALSE	3	3	3	3	TRUE	TRUE
loop_14852	TRUE	2	5	4	5	FALSE	FALSE
loop_14853	FALSE	3	3	3	3	TRUE	TRUE
loop_14854	FALSE	3	3	3	3	TRUE	TRUE
loop_14855	FALSE	3	3	3	3	TRUE	TRUE
loop_14856	FALSE	5	1	5	1	FALSE	FALSE
loop_14857	FALSE	3	3	3	3	TRUE	TRUE
loop_14858	FALSE	3	3	3	3	TRUE	TRUE
loop_14859	FALSE	5	1	5	1	FALSE	FALSE
loop_14860	TRUE	4	1	5	2	FALSE	FALSE
loop_14861	FALSE	3	4	3	4	FALSE	FALSE
loop_14862	FALSE	3	3	3	3	TRUE	TRUE
loop_14863	TRUE	3	2	4	3	FALSE	FALSE
loop_14864	TRUE	3	3	4	3	TRUE	FALSE
loop_14865	FALSE	3	3	3	3	TRUE	TRUE
loop_14866	TRUE	3	3	4	2	TRUE	FALSE
loop_14867	FALSE	3	3	3	3	TRUE	TRUE
loop_14868	TRUE	3	3	3	4	TRUE	FALSE
loop_14869	TRUE	5	1	4	2	FALSE	FALSE
loop_14870	TRUE	4	4	3	3	FALSE	TRUE
loop_14871	FALSE	3	3	3	3	TRUE	TRUE
loop_14872	FALSE	3	3	3	3	TRUE	TRUE
loop_14873	TRUE	2	2	2	3	FALSE	FALSE
loop_14874	TRUE	3	4	3	3	FALSE	TRUE
loop_14875	FALSE	3	3	3	3	TRUE	TRUE
loop_14876	FALSE	3	3	3	3	TRUE	TRUE
loop_14877	FALSE	3	3	3	3	TRUE	TRUE
loop_14878	FALSE	2	4	2	4	FALSE	FALSE
loop_14879	FALSE	3	3	3	3	TRUE	TRUE
loop_14880	TRUE	2	3	3	3	FALSE	TRUE
loop_14881	FALSE	3	3	3	3	TRUE	TRUE
loop_14882	FALSE	3	3	3	3	TRUE	TRUE
loop_14883	TRUE	4	3	3	3	FALSE	TRUE
loop_14884	FALSE	3	3	3	3	TRUE	TRUE
loop_14885	TRUE	3	2	3	3	FALSE	TRUE
loop_14886	TRUE	3	3	3	1	TRUE	FALSE
loop_14887	FALSE	3	3	3	3	TRUE	TRUE
loop_14888	TRUE	3	2	3	3	FALSE	TRUE
loop_14889	TRUE	2	3	3	3	FALSE	TRUE
loop_14890	TRUE	3	4	3	5	FALSE	FALSE
loop_14891	FALSE	5	1	5	1	FALSE	FALSE
loop_14892	FALSE	2	4	2	4	FALSE	FALSE
loop_14893	TRUE	3	5	3	3	FALSE	TRUE
loop_14894	FALSE	5	1	5	1	FALSE	FALSE
loop_14895	FALSE	3	3	3	3	TRUE	TRUE
loop_14896	FALSE	5	1	5	1	FALSE	FALSE
loop_14897	FALSE	5	1	5	1	FALSE	FALSE
loop_14898	TRUE	4	2	5	1	FALSE	FALSE
loop_14899	TRUE	4	1	4	2	FALSE	FALSE
loop_14900	TRUE	4	1	5	1	FALSE	FALSE
loop_14901	TRUE	5	3	3	3	FALSE	TRUE
loop_14902	TRUE	2	3	2	4	FALSE	FALSE
loop_14903	TRUE	4	2	4	3	FALSE	FALSE
loop_14904	TRUE	4	4	3	3	FALSE	TRUE
loop_14905	TRUE	3	2	3	3	FALSE	TRUE
loop_14906	FALSE	3	3	3	3	TRUE	TRUE
loop_14907	TRUE	2	3	3	3	FALSE	TRUE
loop_14908	FALSE	3	3	3	3	TRUE	TRUE
loop_14909	TRUE	4	2	3	3	FALSE	TRUE
loop_14910	FALSE	4	3	4	3	FALSE	FALSE
loop_14911	TRUE	5	2	3	3	FALSE	TRUE
loop_14912	TRUE	3	2	3	3	FALSE	TRUE
loop_14913	TRUE	3	2	3	3	FALSE	TRUE
loop_14914	FALSE	3	3	3	3	TRUE	TRUE
loop_14915	TRUE	3	3	2	4	TRUE	FALSE
loop_14916	TRUE	3	2	3	3	FALSE	TRUE
loop_14917	FALSE	4	2	4	2	FALSE	FALSE
loop_14918	TRUE	3	2	3	4	FALSE	FALSE
loop_14919	TRUE	2	3	5	3	FALSE	FALSE
loop_14920	TRUE	3	3	3	4	TRUE	FALSE
loop_14921	FALSE	3	4	3	4	FALSE	FALSE
loop_14922	TRUE	3	2	2	3	FALSE	FALSE
loop_14923	TRUE	3	2	4	3	FALSE	FALSE
loop_14924	FALSE	3	1	3	1	FALSE	FALSE
loop_14925	TRUE	5	1	5	2	FALSE	FALSE
loop_14926	TRUE	5	2	3	3	FALSE	TRUE
loop_14927	FALSE	3	4	3	4	FALSE	FALSE
loop_14928	TRUE	3	3	5	1	TRUE	FALSE
loop_14929	TRUE	5	3	3	3	FALSE	TRUE
loop_14930	TRUE	5	1	5	3	FALSE	FALSE
loop_14931	FALSE	5	1	5	1	FALSE	FALSE
loop_14932	TRUE	5	2	5	1	FALSE	FALSE
loop_14933	TRUE	4	2	3	2	FALSE	FALSE
loop_14934	TRUE	5	2	5	1	FALSE	FALSE
loop_14935	FALSE	5	1	5	1	FALSE	FALSE
loop_14936	TRUE	3	3	3	4	TRUE	FALSE
loop_14937	FALSE	5	2	5	2	FALSE	FALSE
loop_14938	TRUE	3	4	3	3	FALSE	TRUE
loop_14939	FALSE	5	1	5	1	FALSE	FALSE
loop_14940	FALSE	5	1	5	1	FALSE	FALSE
loop_14941	TRUE	4	1	5	1	FALSE	FALSE
loop_14942	TRUE	4	3	3	3	FALSE	TRUE
loop_14943	TRUE	5	1	3	2	FALSE	FALSE
loop_14944	FALSE	3	3	3	3	TRUE	TRUE
loop_14945	TRUE	4	1	3	1	FALSE	FALSE
loop_14946	FALSE	3	4	3	4	FALSE	FALSE
loop_14947	FALSE	3	3	3	3	TRUE	TRUE
loop_14948	TRUE	3	2	4	1	FALSE	FALSE
loop_14949	FALSE	3	3	3	3	TRUE	TRUE
loop_14950	TRUE	3	2	3	3	FALSE	TRUE
loop_14951	TRUE	3	3	4	1	TRUE	FALSE
loop_14952	TRUE	5	2	4	2	FALSE	FALSE
loop_14953	TRUE	3	2	5	1	FALSE	FALSE
loop_14954	TRUE	5	2	4	2	FALSE	FALSE
loop_14955	FALSE	3	3	3	3	TRUE	TRUE
loop_14956	TRUE	4	4	3	3	FALSE	TRUE
loop_14957	TRUE	5	2	5	3	FALSE	FALSE
loop_14958	TRUE	3	3	2	3	TRUE	FALSE
loop_14959	TRUE	4	3	4	2	FALSE	FALSE
loop_14960	TRUE	4	2	5	2	FALSE	FALSE
loop_14961	FALSE	4	3	4	3	FALSE	FALSE
loop_14962	FALSE	3	3	3	3	TRUE	TRUE
loop_14963	TRUE	3	3	4	3	TRUE	FALSE
loop_14964	TRUE	3	5	3	3	FALSE	TRUE
loop_14965	FALSE	5	1	5	1	FALSE	FALSE
loop_14966	FALSE	2	2	2	2	FALSE	FALSE
loop_14967	TRUE	4	2	3	2	FALSE	FALSE
loop_14968	FALSE	3	3	3	3	TRUE	TRUE
loop_14969	TRUE	3	2	1	4	FALSE	FALSE
loop_14970	TRUE	5	5	5	4	FALSE	FALSE
loop_14971	FALSE	3	4	3	4	FALSE	FALSE
loop_14972	TRUE	2	3	3	3	FALSE	TRUE
loop_14973	TRUE	3	4	2	3	FALSE	FALSE
loop_14974	TRUE	3	3	3	2	TRUE	FALSE
loop_14975	TRUE	3	2	3	3	FALSE	TRUE
loop_14976	FALSE	3	2	3	2	FALSE	FALSE
loop_14977	TRUE	3	3	1	4	TRUE	FALSE
loop_14978	TRUE	4	4	3	3	FALSE	TRUE
loop_14979	FALSE	3	3	3	3	TRUE	TRUE
loop_14980	FALSE	3	3	3	3	TRUE	TRUE
loop_14981	FALSE	3	3	3	3	TRUE	TRUE
loop_14982	FALSE	3	3	3	3	TRUE	TRUE
loop_14983	TRUE	4	3	3	3	FALSE	TRUE
loop_14984	TRUE	2	4	3	3	FALSE	TRUE
loop_14985	FALSE	3	2	3	2	FALSE	FALSE
loop_14986	FALSE	3	3	3	3	TRUE	TRUE
loop_14987	FALSE	2	3	2	3	FALSE	FALSE
loop_14988	FALSE	3	3	3	3	TRUE	TRUE
loop_14989	TRUE	3	2	3	3	FALSE	TRUE
loop_14990	TRUE	3	3	2	3	TRUE	FALSE
loop_14991	FALSE	3	3	3	3	TRUE	TRUE
loop_14992	TRUE	4	3	3	3	FALSE	TRUE
loop_14993	TRUE	3	4	3	3	FALSE	TRUE
loop_14994	FALSE	3	3	3	3	TRUE	TRUE
loop_14995	TRUE	4	1	3	3	FALSE	TRUE
loop_14996	TRUE	2	3	3	3	FALSE	TRUE
loop_14997	FALSE	4	2	4	2	FALSE	FALSE
loop_14998	FALSE	3	3	3	3	TRUE	TRUE
loop_14999	TRUE	3	3	3	4	TRUE	FALSE
loop_15000	FALSE	3	3	3	3	TRUE	TRUE
loop_15001	FALSE	3	3	3	3	TRUE	TRUE
loop_15002	TRUE	3	3	2	3	TRUE	FALSE
loop_15003	TRUE	3	4	3	3	FALSE	TRUE
loop_15004	TRUE	3	3	4	3	TRUE	FALSE
loop_15005	FALSE	3	3	3	3	TRUE	TRUE
loop_15006	TRUE	2	2	3	3	FALSE	TRUE
loop_15007	TRUE	2	3	3	3	FALSE	TRUE
loop_15008	FALSE	3	2	3	2	FALSE	FALSE
loop_15009	TRUE	4	5	4	3	FALSE	FALSE
loop_15010	TRUE	3	3	4	4	TRUE	FALSE
loop_15011	FALSE	3	3	3	3	TRUE	TRUE
loop_15012	TRUE	3	3	3	5	TRUE	FALSE
loop_15013	TRUE	3	4	3	3	FALSE	TRUE
loop_15014	TRUE	3	3	2	3	TRUE	FALSE
loop_15015	FALSE	3	2	3	2	FALSE	FALSE
loop_15016	FALSE	3	3	3	3	TRUE	TRUE
loop_15017	TRUE	3	1	3	3	FALSE	TRUE
loop_15018	FALSE	3	3	3	3	TRUE	TRUE
loop_15019	FALSE	3	3	3	3	TRUE	TRUE
loop_15020	TRUE	4	1	5	1	FALSE	FALSE
loop_15021	FALSE	5	1	5	1	FALSE	FALSE
loop_15022	FALSE	5	1	5	1	FALSE	FALSE
loop_15023	FALSE	3	3	3	3	TRUE	TRUE
loop_15024	FALSE	5	1	5	1	FALSE	FALSE
loop_15025	TRUE	4	4	4	3	FALSE	FALSE
loop_15026	TRUE	5	2	3	3	FALSE	TRUE
loop_15027	FALSE	3	3	3	3	TRUE	TRUE
loop_15028	TRUE	3	2	3	3	FALSE	TRUE
loop_15029	TRUE	4	2	3	3	FALSE	TRUE
loop_15030	TRUE	2	5	3	3	FALSE	TRUE
loop_15031	TRUE	3	3	3	2	TRUE	FALSE
loop_15032	TRUE	4	2	3	1	FALSE	FALSE
loop_15033	TRUE	4	3	3	3	FALSE	TRUE
loop_15034	FALSE	4	3	4	3	FALSE	FALSE
loop_15035	FALSE	3	3	3	3	TRUE	TRUE
loop_15036	TRUE	4	3	5	1	FALSE	FALSE
loop_15037	TRUE	4	1	3	3	FALSE	TRUE
loop_15038	TRUE	4	3	3	3	FALSE	TRUE
loop_15039	TRUE	3	2	3	3	FALSE	TRUE
loop_15040	FALSE	3	3	3	3	TRUE	TRUE
loop_15041	TRUE	3	3	4	3	TRUE	FALSE
loop_15042	TRUE	3	3	3	2	TRUE	FALSE
loop_15043	FALSE	3	3	3	3	TRUE	TRUE
loop_15044	FALSE	3	3	3	3	TRUE	TRUE
loop_15045	TRUE	3	3	3	4	TRUE	FALSE
loop_15046	FALSE	3	3	3	3	TRUE	TRUE
loop_15047	TRUE	5	1	4	1	FALSE	FALSE
loop_15048	FALSE	3	3	3	3	TRUE	TRUE
loop_15049	FALSE	3	3	3	3	TRUE	TRUE
loop_15050	TRUE	3	3	2	3	TRUE	FALSE
loop_15051	TRUE	3	1	3	2	FALSE	FALSE
loop_15052	TRUE	3	3	2	3	TRUE	FALSE
loop_15053	TRUE	3	4	4	4	FALSE	FALSE
loop_15054	TRUE	2	1	3	1	FALSE	FALSE
loop_15055	FALSE	3	4	3	4	FALSE	FALSE
loop_15056	FALSE	3	3	3	3	TRUE	TRUE
loop_15057	TRUE	3	2	2	3	FALSE	FALSE
loop_15058	FALSE	1	3	1	3	FALSE	FALSE
loop_15059	FALSE	3	3	3	3	TRUE	TRUE
loop_15060	FALSE	5	1	5	1	FALSE	FALSE
loop_15061	FALSE	5	1	5	1	FALSE	FALSE
loop_15062	TRUE	5	1	2	4	FALSE	FALSE
loop_15063	FALSE	3	3	3	3	TRUE	TRUE
loop_15064	TRUE	3	4	3	3	FALSE	TRUE
loop_15065	FALSE	3	3	3	3	TRUE	TRUE
loop_15066	TRUE	3	4	3	3	FALSE	TRUE
loop_15067	TRUE	5	2	5	1	FALSE	FALSE
loop_15068	TRUE	4	4	3	3	FALSE	TRUE
loop_15069	TRUE	1	4	2	3	FALSE	FALSE
loop_15070	FALSE	3	3	3	3	TRUE	TRUE
loop_15071	FALSE	3	3	3	3	TRUE	TRUE
loop_15072	FALSE	2	3	2	3	FALSE	FALSE
loop_15073	FALSE	4	3	4	3	FALSE	FALSE
loop_15074	TRUE	2	3	4	2	FALSE	FALSE
loop_15075	FALSE	3	3	3	3	TRUE	TRUE
loop_15076	TRUE	2	3	3	2	FALSE	FALSE
loop_15077	FALSE	3	3	3	3	TRUE	TRUE
loop_15078	TRUE	3	1	3	3	FALSE	TRUE
loop_15079	TRUE	1	1	5	1	FALSE	FALSE
loop_15080	FALSE	3	3	3	3	TRUE	TRUE
loop_15081	TRUE	4	3	3	4	FALSE	FALSE
loop_15082	TRUE	3	3	2	2	TRUE	FALSE
loop_15083	TRUE	3	3	4	2	TRUE	FALSE
loop_15084	FALSE	3	3	3	3	TRUE	TRUE
loop_15085	TRUE	3	2	3	3	FALSE	TRUE
loop_15086	FALSE	3	3	3	3	TRUE	TRUE
loop_15087	FALSE	3	3	3	3	TRUE	TRUE
loop_15088	TRUE	2	4	2	2	FALSE	FALSE
loop_15089	FALSE	3	3	3	3	TRUE	TRUE
loop_15090	TRUE	3	1	3	2	FALSE	FALSE
loop_15091	TRUE	3	3	3	4	TRUE	FALSE
loop_15092	TRUE	3	3	4	3	TRUE	FALSE
loop_15093	TRUE	5	2	5	3	FALSE	FALSE
loop_15094	TRUE	3	3	5	2	TRUE	FALSE
loop_15095	TRUE	3	3	4	4	TRUE	FALSE
loop_15096	FALSE	3	3	3	3	TRUE	TRUE
loop_15097	FALSE	3	3	3	3	TRUE	TRUE
loop_15098	TRUE	2	3	2	2	FALSE	FALSE
loop_15099	FALSE	5	1	5	1	FALSE	FALSE
loop_15100	TRUE	3	3	3	2	TRUE	FALSE
loop_15101	TRUE	2	2	5	1	FALSE	FALSE
loop_15102	TRUE	4	4	3	3	FALSE	TRUE
loop_15103	FALSE	3	3	3	3	TRUE	TRUE
loop_15104	TRUE	4	3	3	3	FALSE	TRUE
loop_15105	FALSE	3	3	3	3	TRUE	TRUE
loop_15106	TRUE	4	3	3	4	FALSE	FALSE
loop_15107	TRUE	3	3	4	2	TRUE	FALSE
loop_15108	TRUE	5	1	5	2	FALSE	FALSE
loop_15109	TRUE	5	1	5	2	FALSE	FALSE
loop_15110	TRUE	5	2	5	3	FALSE	FALSE
loop_15111	TRUE	3	2	3	3	FALSE	TRUE
loop_15112	FALSE	3	3	3	3	TRUE	TRUE
loop_15113	TRUE	5	3	2	3	FALSE	FALSE
loop_15114	FALSE	3	2	3	2	FALSE	FALSE
loop_15115	TRUE	1	4	1	3	FALSE	FALSE
loop_15116	TRUE	4	4	5	4	FALSE	FALSE
loop_15117	TRUE	3	3	3	2	TRUE	FALSE
loop_15118	TRUE	2	2	3	3	FALSE	TRUE
loop_15119	TRUE	4	3	3	2	FALSE	FALSE
loop_15120	FALSE	3	3	3	3	TRUE	TRUE
loop_15121	FALSE	4	1	4	1	FALSE	FALSE
loop_15122	TRUE	5	3	3	3	FALSE	TRUE
loop_15123	FALSE	3	4	3	4	FALSE	FALSE
loop_15124	TRUE	3	3	2	2	TRUE	FALSE
loop_15125	FALSE	3	3	3	3	TRUE	TRUE
loop_15126	TRUE	2	4	3	3	FALSE	TRUE
loop_15127	FALSE	3	3	3	3	TRUE	TRUE
loop_15128	FALSE	3	3	3	3	TRUE	TRUE
loop_15129	FALSE	3	2	3	2	FALSE	FALSE
loop_15130	TRUE	3	2	3	3	FALSE	TRUE
loop_15131	TRUE	3	4	3	3	FALSE	TRUE
loop_15132	TRUE	4	2	3	3	FALSE	TRUE
loop_15133	TRUE	5	2	5	1	FALSE	FALSE
loop_15134	TRUE	5	2	5	1	FALSE	FALSE
loop_15135	FALSE	3	3	3	3	TRUE	TRUE
loop_15136	FALSE	3	2	3	2	FALSE	FALSE
loop_15137	FALSE	3	3	3	3	TRUE	TRUE
loop_15138	FALSE	2	5	2	5	FALSE	FALSE
loop_15139	FALSE	5	1	5	1	FALSE	FALSE
loop_15140	FALSE	5	1	5	1	FALSE	FALSE
loop_15141	TRUE	4	5	4	3	FALSE	FALSE
loop_15142	TRUE	5	1	4	2	FALSE	FALSE
loop_15143	TRUE	4	2	3	2	FALSE	FALSE
loop_15144	TRUE	4	2	4	1	FALSE	FALSE
loop_15145	TRUE	4	3	2	3	FALSE	FALSE
loop_15146	TRUE	4	1	5	1	FALSE	FALSE
loop_15147	TRUE	3	4	3	3	FALSE	TRUE
loop_15148	TRUE	4	2	3	3	FALSE	TRUE
loop_15149	TRUE	4	3	5	2	FALSE	FALSE
loop_15150	FALSE	1	4	1	4	FALSE	FALSE
loop_15151	TRUE	4	2	4	5	FALSE	FALSE
loop_15152	TRUE	2	3	3	4	FALSE	FALSE
loop_15153	TRUE	5	1	3	4	FALSE	FALSE
loop_15154	FALSE	3	3	3	3	TRUE	TRUE
loop_15155	TRUE	4	2	3	2	FALSE	FALSE
loop_15156	TRUE	3	3	4	3	TRUE	FALSE
loop_15157	TRUE	4	2	3	2	FALSE	FALSE
loop_15158	FALSE	3	2	3	2	FALSE	FALSE
loop_15159	TRUE	2	3	3	3	FALSE	TRUE
loop_15160	FALSE	3	3	3	3	TRUE	TRUE
loop_15161	TRUE	1	3	2	4	FALSE	FALSE
loop_15162	TRUE	3	2	4	1	FALSE	FALSE
loop_15163	TRUE	4	3	4	2	FALSE	FALSE
loop_15164	FALSE	3	3	3	3	TRUE	TRUE
loop_15165	FALSE	3	3	3	3	TRUE	TRUE
loop_15166	TRUE	2	3	3	3	FALSE	TRUE
loop_15167	TRUE	5	1	3	3	FALSE	TRUE
loop_15168	TRUE	3	3	3	4	TRUE	FALSE
loop_15169	TRUE	2	3	3	4	FALSE	FALSE
loop_15170	TRUE	4	3	3	3	FALSE	TRUE
loop_15171	TRUE	1	4	2	5	FALSE	FALSE
loop_15172	TRUE	4	3	3	3	FALSE	TRUE
loop_15173	FALSE	3	3	3	3	TRUE	TRUE
loop_15174	TRUE	1	2	3	3	FALSE	TRUE
loop_15175	TRUE	3	3	4	3	TRUE	FALSE
loop_15176	TRUE	4	2	4	3	FALSE	FALSE
loop_15177	TRUE	3	3	3	1	TRUE	FALSE
loop_15178	TRUE	4	3	3	3	FALSE	TRUE
loop_15179	TRUE	3	3	3	4	TRUE	FALSE
loop_15180	FALSE	3	2	3	2	FALSE	FALSE
loop_15181	FALSE	3	3	3	3	TRUE	TRUE
loop_15182	TRUE	4	3	3	3	FALSE	TRUE
loop_15183	TRUE	3	3	3	2	TRUE	FALSE
loop_15184	FALSE	2	3	2	3	FALSE	FALSE
loop_15185	TRUE	3	2	3	3	FALSE	TRUE
loop_15186	TRUE	2	4	3	3	FALSE	TRUE
loop_15187	TRUE	3	3	4	3	TRUE	FALSE
loop_15188	TRUE	2	3	3	3	FALSE	TRUE
loop_15189	TRUE	3	3	1	2	TRUE	FALSE
loop_15190	TRUE	5	1	4	1	FALSE	FALSE
loop_15191	TRUE	3	3	4	1	TRUE	FALSE
loop_15192	FALSE	2	1	2	1	FALSE	FALSE
loop_15193	TRUE	2	3	4	3	FALSE	FALSE
loop_15194	TRUE	3	3	2	2	TRUE	FALSE
loop_15195	FALSE	3	3	3	3	TRUE	TRUE
loop_15196	FALSE	3	3	3	3	TRUE	TRUE
loop_15197	TRUE	4	3	3	3	FALSE	TRUE
loop_15198	FALSE	3	3	3	3	TRUE	TRUE
loop_15199	TRUE	3	4	3	3	FALSE	TRUE
loop_15200	FALSE	3	3	3	3	TRUE	TRUE
loop_15201	FALSE	3	3	3	3	TRUE	TRUE
loop_15202	FALSE	3	3	3	3	TRUE	TRUE
loop_15203	TRUE	3	3	4	3	TRUE	FALSE
loop_15204	TRUE	3	5	3	4	FALSE	FALSE
loop_15205	TRUE	4	2	4	3	FALSE	FALSE
loop_15206	FALSE	3	3	3	3	TRUE	TRUE
loop_15207	TRUE	4	3	3	3	FALSE	TRUE
loop_15208	FALSE	3	1	3	1	FALSE	FALSE
loop_15209	FALSE	5	2	5	2	FALSE	FALSE
loop_15210	FALSE	3	3	3	3	TRUE	TRUE
loop_15211	TRUE	3	3	2	3	TRUE	FALSE
loop_15212	TRUE	5	2	4	1	FALSE	FALSE
loop_15213	TRUE	4	4	3	4	FALSE	FALSE
loop_15214	TRUE	2	3	2	2	FALSE	FALSE
loop_15215	FALSE	3	3	3	3	TRUE	TRUE
loop_15216	FALSE	3	3	3	3	TRUE	TRUE
loop_15217	FALSE	3	3	3	3	TRUE	TRUE
loop_15218	TRUE	1	1	3	2	FALSE	FALSE
loop_15219	TRUE	4	2	5	2	FALSE	FALSE
loop_15220	TRUE	2	4	4	3	FALSE	FALSE
loop_15221	TRUE	3	2	3	3	FALSE	TRUE
loop_15222	FALSE	3	2	3	2	FALSE	FALSE
loop_15223	TRUE	3	3	3	1	TRUE	FALSE
loop_15224	TRUE	3	5	3	4	FALSE	FALSE
loop_15225	FALSE	5	2	5	2	FALSE	FALSE
loop_15226	TRUE	5	1	5	2	FALSE	FALSE
loop_15227	TRUE	2	4	1	5	FALSE	FALSE
loop_15228	TRUE	4	1	5	1	FALSE	FALSE
loop_15229	FALSE	5	1	5	1	FALSE	FALSE
loop_15230	FALSE	5	1	5	1	FALSE	FALSE
loop_15231	FALSE	5	1	5	1	FALSE	FALSE
loop_15232	TRUE	5	1	4	1	FALSE	FALSE
loop_15233	FALSE	5	2	5	2	FALSE	FALSE
loop_15234	TRUE	5	1	4	1	FALSE	FALSE
loop_15235	FALSE	5	1	5	1	FALSE	FALSE
loop_15236	TRUE	4	1	5	1	FALSE	FALSE
loop_15237	TRUE	4	5	3	5	FALSE	FALSE
loop_15238	TRUE	5	1	5	3	FALSE	FALSE
loop_15239	TRUE	2	2	3	2	FALSE	FALSE
loop_15240	FALSE	5	1	5	1	FALSE	FALSE
loop_15241	FALSE	5	1	5	1	FALSE	FALSE
loop_15242	TRUE	3	4	3	3	FALSE	TRUE
loop_15243	FALSE	2	2	2	2	FALSE	FALSE
loop_15244	TRUE	5	2	5	1	FALSE	FALSE
loop_15245	FALSE	5	2	5	2	FALSE	FALSE
loop_15246	FALSE	3	3	3	3	TRUE	TRUE
loop_15247	FALSE	5	1	5	1	FALSE	FALSE
loop_15248	FALSE	4	3	4	3	FALSE	FALSE
loop_15249	TRUE	3	3	4	3	TRUE	FALSE
loop_15250	FALSE	3	3	3	3	TRUE	TRUE
loop_15251	TRUE	2	4	3	4	FALSE	FALSE
loop_15252	TRUE	3	3	4	3	TRUE	FALSE
loop_15253	FALSE	3	3	3	3	TRUE	TRUE
loop_15254	TRUE	4	3	3	3	FALSE	TRUE
loop_15255	FALSE	1	3	1	3	FALSE	FALSE
loop_15256	TRUE	4	3	3	3	FALSE	TRUE
loop_15257	FALSE	3	3	3	3	TRUE	TRUE
loop_15258	TRUE	4	1	5	1	FALSE	FALSE
loop_15259	FALSE	4	1	4	1	FALSE	FALSE
loop_15260	TRUE	3	3	3	1	TRUE	FALSE
loop_15261	FALSE	3	3	3	3	TRUE	TRUE
loop_15262	FALSE	3	3	3	3	TRUE	TRUE
loop_15263	TRUE	4	2	3	3	FALSE	TRUE
loop_15264	TRUE	2	3	3	3	FALSE	TRUE
loop_15265	FALSE	3	3	3	3	TRUE	TRUE
loop_15266	TRUE	3	2	3	3	FALSE	TRUE
loop_15267	TRUE	4	2	3	3	FALSE	TRUE
loop_15268	FALSE	3	3	3	3	TRUE	TRUE
loop_15269	FALSE	2	2	2	2	FALSE	FALSE
loop_15270	TRUE	3	3	3	2	TRUE	FALSE
loop_15271	TRUE	3	3	2	3	TRUE	FALSE
loop_15272	FALSE	3	3	3	3	TRUE	TRUE
loop_15273	FALSE	3	3	3	3	TRUE	TRUE
loop_15274	TRUE	4	2	3	3	FALSE	TRUE
loop_15275	TRUE	3	3	3	2	TRUE	FALSE
loop_15276	TRUE	3	3	2	2	TRUE	FALSE
loop_15277	TRUE	3	3	2	4	TRUE	FALSE
loop_15278	TRUE	4	1	4	2	FALSE	FALSE
loop_15279	TRUE	2	3	3	3	FALSE	TRUE
loop_15280	TRUE	1	3	3	3	FALSE	TRUE
loop_15281	TRUE	2	3	3	3	FALSE	TRUE
loop_15282	FALSE	3	3	3	3	TRUE	TRUE
loop_15283	TRUE	2	3	3	3	FALSE	TRUE
loop_15284	TRUE	2	3	3	2	FALSE	FALSE
loop_15285	TRUE	3	3	2	4	TRUE	FALSE
loop_15286	TRUE	2	2	3	3	FALSE	TRUE
loop_15287	FALSE	3	3	3	3	TRUE	TRUE
loop_15288	TRUE	4	2	3	3	FALSE	TRUE
loop_15289	TRUE	2	2	2	3	FALSE	FALSE
loop_15290	FALSE	3	3	3	3	TRUE	TRUE
loop_15291	TRUE	3	3	3	4	TRUE	FALSE
loop_15292	TRUE	4	2	3	3	FALSE	TRUE
loop_15293	FALSE	4	1	4	1	FALSE	FALSE
loop_15294	TRUE	3	4	3	3	FALSE	TRUE
loop_15295	TRUE	3	3	4	2	TRUE	FALSE
loop_15296	FALSE	5	1	5	1	FALSE	FALSE
loop_15297	FALSE	3	3	3	3	TRUE	TRUE
loop_15298	FALSE	5	1	5	1	FALSE	FALSE
loop_15299	TRUE	5	2	5	4	FALSE	FALSE
loop_15300	TRUE	5	2	3	2	FALSE	FALSE
loop_15301	TRUE	3	2	5	1	FALSE	FALSE
loop_15302	TRUE	5	3	3	3	FALSE	TRUE
loop_15303	TRUE	3	3	3	2	TRUE	FALSE
loop_15304	FALSE	3	3	3	3	TRUE	TRUE
loop_15305	TRUE	4	1	3	3	FALSE	TRUE
loop_15306	FALSE	3	3	3	3	TRUE	TRUE
loop_15307	TRUE	3	3	3	1	TRUE	FALSE
loop_15308	TRUE	4	3	3	3	FALSE	TRUE
loop_15309	TRUE	4	4	4	1	FALSE	FALSE
loop_15310	TRUE	3	3	2	1	TRUE	FALSE
loop_15311	TRUE	3	1	3	2	FALSE	FALSE
loop_15312	FALSE	3	3	3	3	TRUE	TRUE
loop_15313	FALSE	3	3	3	3	TRUE	TRUE
loop_15314	FALSE	3	3	3	3	TRUE	TRUE
loop_15315	TRUE	5	4	3	3	FALSE	TRUE
loop_15316	TRUE	4	1	3	3	FALSE	TRUE
loop_15317	FALSE	3	3	3	3	TRUE	TRUE
loop_15318	TRUE	4	2	2	1	FALSE	FALSE
loop_15319	TRUE	3	3	3	4	TRUE	FALSE
loop_15320	TRUE	3	3	4	1	TRUE	FALSE
loop_15321	TRUE	3	2	4	1	FALSE	FALSE
loop_15322	TRUE	3	2	3	4	FALSE	FALSE
loop_15323	TRUE	4	3	4	4	FALSE	FALSE
loop_15324	FALSE	3	3	3	3	TRUE	TRUE
loop_15325	FALSE	3	4	3	4	FALSE	FALSE
loop_15326	TRUE	2	3	2	4	FALSE	FALSE
loop_15327	TRUE	3	1	3	3	FALSE	TRUE
loop_15328	FALSE	3	4	3	4	FALSE	FALSE
loop_15329	TRUE	2	4	2	5	FALSE	FALSE
loop_15330	FALSE	3	3	3	3	TRUE	TRUE
loop_15331	TRUE	3	3	2	2	TRUE	FALSE
loop_15332	TRUE	3	3	4	3	TRUE	FALSE
loop_15333	TRUE	5	1	5	2	FALSE	FALSE
loop_15334	TRUE	4	4	3	3	FALSE	TRUE
loop_15335	TRUE	4	3	4	1	FALSE	FALSE
loop_15336	TRUE	5	1	4	2	FALSE	FALSE
loop_15337	TRUE	5	1	4	1	FALSE	FALSE
loop_15338	FALSE	2	3	2	3	FALSE	FALSE
loop_15339	TRUE	2	4	3	3	FALSE	TRUE
loop_15340	FALSE	3	3	3	3	TRUE	TRUE
loop_15341	TRUE	3	3	3	4	TRUE	FALSE
loop_15342	TRUE	5	2	5	1	FALSE	FALSE
loop_15343	TRUE	3	3	3	4	TRUE	FALSE
loop_15344	TRUE	4	2	4	3	FALSE	FALSE
loop_15345	TRUE	3	2	3	3	FALSE	TRUE
loop_15346	FALSE	5	1	5	1	FALSE	FALSE
loop_15347	FALSE	5	1	5	1	FALSE	FALSE
loop_15348	FALSE	3	4	3	4	FALSE	FALSE
loop_15349	FALSE	3	3	3	3	TRUE	TRUE
loop_15350	FALSE	3	3	3	3	TRUE	TRUE
loop_15351	TRUE	5	1	5	2	FALSE	FALSE
loop_15352	FALSE	4	1	4	1	FALSE	FALSE
loop_15353	TRUE	3	2	4	2	FALSE	FALSE
loop_15354	TRUE	3	4	4	5	FALSE	FALSE
loop_15355	TRUE	3	2	2	2	FALSE	FALSE
loop_15356	FALSE	4	5	4	5	FALSE	FALSE
loop_15357	FALSE	3	3	3	3	TRUE	TRUE
loop_15358	TRUE	3	3	3	5	TRUE	FALSE
loop_15359	FALSE	3	3	3	3	TRUE	TRUE
loop_15360	FALSE	3	3	3	3	TRUE	TRUE
loop_15361	FALSE	3	3	3	3	TRUE	TRUE
loop_15362	TRUE	2	3	3	3	FALSE	TRUE
loop_15363	TRUE	2	4	3	5	FALSE	FALSE
loop_15364	FALSE	3	3	3	3	TRUE	TRUE
loop_15365	TRUE	3	4	4	3	FALSE	FALSE
loop_15366	FALSE	3	3	3	3	TRUE	TRUE
loop_15367	TRUE	3	3	3	4	TRUE	FALSE
loop_15368	FALSE	3	3	3	3	TRUE	TRUE
loop_15369	TRUE	3	5	3	3	FALSE	TRUE
loop_15370	FALSE	3	3	3	3	TRUE	TRUE
loop_15371	TRUE	3	3	2	2	TRUE	FALSE
loop_15372	FALSE	5	1	5	1	FALSE	FALSE
loop_15373	FALSE	3	3	3	3	TRUE	TRUE
loop_15374	TRUE	3	4	4	3	FALSE	FALSE
loop_15375	TRUE	3	3	3	4	TRUE	FALSE
loop_15376	TRUE	2	2	2	1	FALSE	FALSE
loop_15377	TRUE	3	3	3	4	TRUE	FALSE
loop_15378	FALSE	5	1	5	1	FALSE	FALSE
loop_15379	FALSE	3	3	3	3	TRUE	TRUE
loop_15380	TRUE	3	3	1	3	TRUE	FALSE
loop_15381	FALSE	5	1	5	1	FALSE	FALSE
loop_15382	TRUE	3	1	4	1	FALSE	FALSE
loop_15383	FALSE	5	1	5	1	FALSE	FALSE
loop_15384	TRUE	3	3	2	3	TRUE	FALSE
loop_15385	TRUE	2	2	2	3	FALSE	FALSE
loop_15386	FALSE	3	3	3	3	TRUE	TRUE
loop_15387	TRUE	3	3	1	4	TRUE	FALSE
loop_15388	TRUE	3	1	3	2	FALSE	FALSE
loop_15389	TRUE	3	2	3	3	FALSE	TRUE
loop_15390	TRUE	3	4	3	3	FALSE	TRUE
loop_15391	TRUE	3	1	3	3	FALSE	TRUE
loop_15392	FALSE	3	3	3	3	TRUE	TRUE
loop_15393	FALSE	3	3	3	3	TRUE	TRUE
loop_15394	TRUE	3	3	4	1	TRUE	FALSE
loop_15395	TRUE	3	3	3	2	TRUE	FALSE
loop_15396	FALSE	4	3	4	3	FALSE	FALSE
loop_15397	TRUE	3	4	4	5	FALSE	FALSE
loop_15398	TRUE	4	2	3	3	FALSE	TRUE
loop_15399	FALSE	3	3	3	3	TRUE	TRUE
loop_15400	TRUE	3	3	4	3	TRUE	FALSE
loop_15401	TRUE	1	3	3	3	FALSE	TRUE
loop_15402	TRUE	2	3	3	3	FALSE	TRUE
loop_15403	TRUE	3	4	3	3	FALSE	TRUE
loop_15404	FALSE	2	3	2	3	FALSE	FALSE
loop_15405	TRUE	4	5	4	4	FALSE	FALSE
loop_15406	TRUE	3	2	3	3	FALSE	TRUE
loop_15407	TRUE	3	4	5	2	FALSE	FALSE
loop_15408	FALSE	3	3	3	3	TRUE	TRUE
loop_15409	TRUE	4	4	3	3	FALSE	TRUE
loop_15410	FALSE	3	3	3	3	TRUE	TRUE
loop_15411	FALSE	3	3	3	3	TRUE	TRUE
loop_15412	TRUE	3	5	5	3	FALSE	FALSE
loop_15413	TRUE	5	1	5	2	FALSE	FALSE
loop_15414	FALSE	3	3	3	3	TRUE	TRUE
loop_15415	FALSE	5	1	5	1	FALSE	FALSE
loop_15416	FALSE	5	1	5	1	FALSE	FALSE
loop_15417	TRUE	5	1	4	3	FALSE	FALSE
loop_15418	FALSE	3	3	3	3	TRUE	TRUE
loop_15419	FALSE	5	1	5	1	FALSE	FALSE
loop_15420	FALSE	3	3	3	3	TRUE	TRUE
loop_15421	FALSE	5	1	5	1	FALSE	FALSE
loop_15422	FALSE	5	1	5	1	FALSE	FALSE
loop_15423	TRUE	4	2	4	3	FALSE	FALSE
loop_15424	TRUE	3	3	3	1	TRUE	FALSE
loop_15425	FALSE	3	3	3	3	TRUE	TRUE
loop_15426	FALSE	3	3	3	3	TRUE	TRUE
loop_15427	TRUE	5	3	5	2	FALSE	FALSE
loop_15428	TRUE	4	2	4	3	FALSE	FALSE
loop_15429	TRUE	3	3	3	4	TRUE	FALSE
loop_15430	TRUE	4	4	4	3	FALSE	FALSE
loop_15431	TRUE	1	4	2	3	FALSE	FALSE
loop_15432	FALSE	5	1	5	1	FALSE	FALSE
loop_15433	FALSE	4	1	4	1	FALSE	FALSE
loop_15434	FALSE	3	5	3	5	FALSE	FALSE
loop_15435	TRUE	5	2	4	3	FALSE	FALSE
loop_15436	TRUE	3	3	2	4	TRUE	FALSE
loop_15437	TRUE	5	2	4	4	FALSE	FALSE
loop_15438	TRUE	5	3	3	3	FALSE	TRUE
loop_15439	FALSE	3	3	3	3	TRUE	TRUE
loop_15440	TRUE	3	4	3	3	FALSE	TRUE
loop_15441	TRUE	3	4	3	3	FALSE	TRUE
loop_15442	TRUE	3	2	4	2	FALSE	FALSE
loop_15443	TRUE	2	4	2	2	FALSE	FALSE
loop_15444	TRUE	3	2	3	3	FALSE	TRUE
loop_15445	FALSE	3	3	3	3	TRUE	TRUE
loop_15446	TRUE	5	1	1	5	FALSE	FALSE
loop_15447	TRUE	3	3	4	1	TRUE	FALSE
loop_15448	FALSE	3	3	3	3	TRUE	TRUE
loop_15449	TRUE	3	3	4	3	TRUE	FALSE
loop_15450	TRUE	3	4	2	4	FALSE	FALSE
loop_15451	FALSE	5	1	5	1	FALSE	FALSE
loop_15452	FALSE	3	3	3	3	TRUE	TRUE
loop_15453	TRUE	5	2	2	3	FALSE	FALSE
loop_15454	FALSE	3	3	3	3	TRUE	TRUE
loop_15455	FALSE	3	3	3	3	TRUE	TRUE
loop_15456	TRUE	5	1	4	1	FALSE	FALSE
loop_15457	TRUE	3	4	3	3	FALSE	TRUE
loop_15458	TRUE	2	3	3	3	FALSE	TRUE
loop_15459	TRUE	2	4	3	3	FALSE	TRUE
loop_15460	TRUE	5	1	3	3	FALSE	TRUE
loop_15461	TRUE	3	2	3	3	FALSE	TRUE
loop_15462	TRUE	5	1	4	3	FALSE	FALSE
loop_15463	TRUE	5	1	5	2	FALSE	FALSE
loop_15464	FALSE	5	1	5	1	FALSE	FALSE
loop_15465	FALSE	3	3	3	3	TRUE	TRUE
loop_15466	TRUE	3	3	3	2	TRUE	FALSE
loop_15467	TRUE	2	2	4	1	FALSE	FALSE
loop_15468	TRUE	4	3	3	4	FALSE	FALSE
loop_15469	FALSE	4	3	4	3	FALSE	FALSE
loop_15470	FALSE	3	4	3	4	FALSE	FALSE
loop_15471	FALSE	3	3	3	3	TRUE	TRUE
loop_15472	TRUE	2	4	1	4	FALSE	FALSE
loop_15473	TRUE	3	4	3	3	FALSE	TRUE
loop_15474	TRUE	2	4	2	3	FALSE	FALSE
loop_15475	TRUE	3	3	5	1	TRUE	FALSE
loop_15476	FALSE	3	3	3	3	TRUE	TRUE
loop_15477	FALSE	3	3	3	3	TRUE	TRUE
loop_15478	TRUE	2	4	3	3	FALSE	TRUE
loop_15479	TRUE	2	4	3	4	FALSE	FALSE
loop_15480	FALSE	4	3	4	3	FALSE	FALSE
loop_15481	FALSE	4	3	4	3	FALSE	FALSE
loop_15482	TRUE	4	5	3	5	FALSE	FALSE
loop_15483	TRUE	1	3	2	3	FALSE	FALSE
loop_15484	FALSE	4	2	4	2	FALSE	FALSE
loop_15485	TRUE	5	4	4	4	FALSE	FALSE
loop_15486	TRUE	3	2	3	3	FALSE	TRUE
loop_15487	FALSE	3	3	3	3	TRUE	TRUE
loop_15488	TRUE	3	3	3	2	TRUE	FALSE
loop_15489	TRUE	4	2	3	3	FALSE	TRUE
loop_15490	FALSE	3	3	3	3	TRUE	TRUE
loop_15491	FALSE	3	4	3	4	FALSE	FALSE
loop_15492	FALSE	3	3	3	3	TRUE	TRUE
loop_15493	FALSE	3	4	3	4	FALSE	FALSE
loop_15494	TRUE	4	4	3	3	FALSE	TRUE
loop_15495	TRUE	3	3	4	4	TRUE	FALSE
loop_15496	FALSE	3	3	3	3	TRUE	TRUE
loop_15497	TRUE	3	3	3	2	TRUE	FALSE
loop_15498	TRUE	4	3	3	3	FALSE	TRUE
loop_15499	FALSE	3	3	3	3	TRUE	TRUE
loop_15500	FALSE	3	2	3	2	FALSE	FALSE
loop_15501	TRUE	3	3	4	1	TRUE	FALSE
loop_15502	TRUE	4	2	3	3	FALSE	TRUE
loop_15503	TRUE	4	1	5	1	FALSE	FALSE
loop_15504	FALSE	3	3	3	3	TRUE	TRUE
loop_15505	TRUE	3	3	2	3	TRUE	FALSE
loop_15506	FALSE	5	1	5	1	FALSE	FALSE
loop_15507	TRUE	5	1	4	1	FALSE	FALSE
loop_15508	TRUE	3	3	1	2	TRUE	FALSE
loop_15509	FALSE	3	3	3	3	TRUE	TRUE
loop_15510	TRUE	5	1	4	2	FALSE	FALSE
loop_15511	TRUE	3	3	4	1	TRUE	FALSE
loop_15512	FALSE	3	3	3	3	TRUE	TRUE
loop_15513	FALSE	5	1	5	1	FALSE	FALSE
loop_15514	FALSE	4	3	4	3	FALSE	FALSE
loop_15515	FALSE	4	3	4	3	FALSE	FALSE
loop_15516	FALSE	5	1	5	1	FALSE	FALSE
loop_15517	TRUE	2	1	4	3	FALSE	FALSE
loop_15518	TRUE	3	3	2	3	TRUE	FALSE
loop_15519	TRUE	3	2	3	3	FALSE	TRUE
loop_15520	FALSE	5	1	5	1	FALSE	FALSE
loop_15521	FALSE	3	3	3	3	TRUE	TRUE
loop_15522	FALSE	5	1	5	1	FALSE	FALSE
loop_15523	TRUE	5	3	5	4	FALSE	FALSE
loop_15524	FALSE	3	3	3	3	TRUE	TRUE
loop_15525	FALSE	4	3	4	3	FALSE	FALSE
loop_15526	FALSE	3	3	3	3	TRUE	TRUE
loop_15527	FALSE	3	3	3	3	TRUE	TRUE
loop_15528	TRUE	4	1	3	3	FALSE	TRUE
loop_15529	TRUE	3	3	3	2	TRUE	FALSE
loop_15530	FALSE	3	3	3	3	TRUE	TRUE
loop_15531	FALSE	1	3	1	3	FALSE	FALSE
loop_15532	FALSE	3	3	3	3	TRUE	TRUE
loop_15533	TRUE	3	4	3	3	FALSE	TRUE
loop_15534	TRUE	4	4	2	2	FALSE	FALSE
loop_15535	FALSE	3	3	3	3	TRUE	TRUE
loop_15536	TRUE	3	2	4	2	FALSE	FALSE
loop_15537	TRUE	3	4	3	1	FALSE	FALSE
loop_15538	TRUE	4	4	4	3	FALSE	FALSE
loop_15539	TRUE	2	3	3	3	FALSE	TRUE
loop_15540	TRUE	4	1	4	2	FALSE	FALSE
loop_15541	FALSE	5	1	5	1	FALSE	FALSE
loop_15542	TRUE	5	1	5	2	FALSE	FALSE
loop_15543	TRUE	4	3	4	1	FALSE	FALSE
loop_15544	TRUE	2	3	3	3	FALSE	TRUE
loop_15545	FALSE	3	3	3	3	TRUE	TRUE
loop_15546	TRUE	5	3	4	3	FALSE	FALSE
loop_15547	FALSE	3	3	3	3	TRUE	TRUE
loop_15548	FALSE	4	3	4	3	FALSE	FALSE
loop_15549	TRUE	2	4	3	4	FALSE	FALSE
loop_15550	FALSE	3	3	3	3	TRUE	TRUE
loop_15551	TRUE	2	3	2	4	FALSE	FALSE
loop_15552	FALSE	3	3	3	3	TRUE	TRUE
loop_15553	FALSE	3	3	3	3	TRUE	TRUE
loop_15554	TRUE	4	3	5	3	FALSE	FALSE
loop_15555	FALSE	5	1	5	1	FALSE	FALSE
loop_15556	FALSE	3	3	3	3	TRUE	TRUE
loop_15557	TRUE	3	5	4	2	FALSE	FALSE
loop_15558	FALSE	5	1	5	1	FALSE	FALSE
loop_15559	TRUE	1	1	1	2	FALSE	FALSE
loop_15560	FALSE	1	4	1	4	FALSE	FALSE
loop_15561	TRUE	5	1	1	1	FALSE	FALSE
loop_15562	TRUE	4	4	4	2	FALSE	FALSE
loop_15563	TRUE	3	4	3	3	FALSE	TRUE
loop_15564	TRUE	1	4	2	4	FALSE	FALSE
loop_15565	TRUE	4	4	4	3	FALSE	FALSE
loop_15566	FALSE	3	3	3	3	TRUE	TRUE
loop_15567	TRUE	4	5	3	3	FALSE	TRUE
loop_15568	TRUE	1	3	3	3	FALSE	TRUE
loop_15569	FALSE	4	3	4	3	FALSE	FALSE
loop_15570	FALSE	3	3	3	3	TRUE	TRUE
loop_15571	TRUE	3	1	3	3	FALSE	TRUE
loop_15572	TRUE	3	2	3	3	FALSE	TRUE
loop_15573	TRUE	4	3	5	3	FALSE	FALSE
loop_15574	FALSE	3	3	3	3	TRUE	TRUE
loop_15575	TRUE	4	4	3	5	FALSE	FALSE
loop_15576	TRUE	4	3	3	3	FALSE	TRUE
loop_15577	TRUE	4	2	3	4	FALSE	FALSE
loop_15578	TRUE	3	3	3	2	TRUE	FALSE
loop_15579	TRUE	5	2	5	1	FALSE	FALSE
loop_15580	FALSE	3	3	3	3	TRUE	TRUE
loop_15581	TRUE	4	1	3	3	FALSE	TRUE
loop_15582	FALSE	3	3	3	3	TRUE	TRUE
loop_15583	TRUE	5	1	3	3	FALSE	TRUE
loop_15584	TRUE	5	1	5	2	FALSE	FALSE
loop_15585	TRUE	1	2	3	3	FALSE	TRUE
loop_15586	FALSE	3	4	3	4	FALSE	FALSE
loop_15587	TRUE	3	4	3	3	FALSE	TRUE
loop_15588	FALSE	3	3	3	3	TRUE	TRUE
loop_15589	FALSE	3	2	3	2	FALSE	FALSE
loop_15590	TRUE	4	3	3	3	FALSE	TRUE
loop_15591	FALSE	3	4	3	4	FALSE	FALSE
loop_15592	FALSE	3	2	3	2	FALSE	FALSE
loop_15593	TRUE	3	1	3	3	FALSE	TRUE
loop_15594	TRUE	3	1	3	2	FALSE	FALSE
loop_15595	FALSE	3	3	3	3	TRUE	TRUE
loop_15596	FALSE	3	3	3	3	TRUE	TRUE
loop_15597	TRUE	3	4	3	3	FALSE	TRUE
loop_15598	FALSE	3	3	3	3	TRUE	TRUE
loop_15599	FALSE	2	3	2	3	FALSE	FALSE
loop_15600	TRUE	4	3	3	3	FALSE	TRUE
loop_15601	FALSE	3	3	3	3	TRUE	TRUE
loop_15602	FALSE	3	3	3	3	TRUE	TRUE
loop_15603	FALSE	3	3	3	3	TRUE	TRUE
loop_15604	FALSE	3	3	3	3	TRUE	TRUE
loop_15605	FALSE	3	2	3	2	FALSE	FALSE
loop_15606	TRUE	3	3	2	3	TRUE	FALSE
loop_15607	FALSE	5	4	5	4	FALSE	FALSE
loop_15608	FALSE	5	1	5	1	FALSE	FALSE
loop_15609	TRUE	4	1	5	1	FALSE	FALSE
loop_15610	FALSE	3	3	3	3	TRUE	TRUE
loop_15611	TRUE	4	1	3	3	FALSE	TRUE
loop_15612	TRUE	4	2	4	3	FALSE	FALSE
loop_15613	FALSE	5	1	5	1	FALSE	FALSE
loop_15614	TRUE	2	2	2	3	FALSE	FALSE
loop_15615	TRUE	4	1	5	1	FALSE	FALSE
loop_15616	FALSE	5	1	5	1	FALSE	FALSE
loop_15617	TRUE	3	2	3	3	FALSE	TRUE
loop_15618	FALSE	4	3	4	3	FALSE	FALSE
loop_15619	TRUE	3	2	3	3	FALSE	TRUE
loop_15620	TRUE	5	1	5	2	FALSE	FALSE
loop_15621	TRUE	3	5	4	5	FALSE	FALSE
loop_15622	FALSE	4	1	4	1	FALSE	FALSE
loop_15623	FALSE	3	3	3	3	TRUE	TRUE
loop_15624	FALSE	4	3	4	3	FALSE	FALSE
loop_15625	FALSE	3	3	3	3	TRUE	TRUE
loop_15626	FALSE	3	3	3	3	TRUE	TRUE
loop_15627	TRUE	2	3	3	3	FALSE	TRUE
loop_15628	FALSE	5	1	5	1	FALSE	FALSE
loop_15629	FALSE	3	3	3	3	TRUE	TRUE
loop_15630	TRUE	3	3	4	2	TRUE	FALSE
loop_15631	FALSE	3	3	3	3	TRUE	TRUE
loop_15632	TRUE	3	5	3	3	FALSE	TRUE
loop_15633	TRUE	3	4	3	3	FALSE	TRUE
loop_15634	TRUE	5	3	3	3	FALSE	TRUE
loop_15635	FALSE	3	3	3	3	TRUE	TRUE
loop_15636	TRUE	5	1	3	2	FALSE	FALSE
loop_15637	FALSE	1	3	1	3	FALSE	FALSE
loop_15638	TRUE	4	2	4	3	FALSE	FALSE
loop_15639	TRUE	4	2	2	3	FALSE	FALSE
loop_15640	TRUE	3	3	2	2	TRUE	FALSE
loop_15641	TRUE	3	4	3	3	FALSE	TRUE
loop_15642	TRUE	1	2	3	3	FALSE	TRUE
loop_15643	FALSE	3	3	3	3	TRUE	TRUE
loop_15644	TRUE	3	3	2	4	TRUE	FALSE
loop_15645	TRUE	1	3	3	3	FALSE	TRUE
loop_15646	FALSE	3	3	3	3	TRUE	TRUE
loop_15647	FALSE	3	3	3	3	TRUE	TRUE
loop_15648	TRUE	2	3	3	3	FALSE	TRUE
loop_15649	TRUE	2	2	2	3	FALSE	FALSE
loop_15650	TRUE	3	3	2	3	TRUE	FALSE
loop_15651	TRUE	2	3	3	3	FALSE	TRUE
loop_15652	TRUE	3	5	3	3	FALSE	TRUE
loop_15653	TRUE	5	1	4	1	FALSE	FALSE
loop_15654	FALSE	3	3	3	3	TRUE	TRUE
loop_15655	TRUE	4	3	5	3	FALSE	FALSE
loop_15656	FALSE	3	3	3	3	TRUE	TRUE
loop_15657	FALSE	5	1	5	1	FALSE	FALSE
loop_15658	TRUE	5	2	3	3	FALSE	TRUE
loop_15659	TRUE	3	1	3	3	FALSE	TRUE
loop_15660	TRUE	4	4	3	3	FALSE	TRUE
loop_15661	TRUE	5	2	2	4	FALSE	FALSE
loop_15662	FALSE	3	3	3	3	TRUE	TRUE
loop_15663	TRUE	5	3	4	3	FALSE	FALSE
loop_15664	TRUE	5	2	3	3	FALSE	TRUE
loop_15665	TRUE	4	2	1	2	FALSE	FALSE
loop_15666	TRUE	3	1	3	3	FALSE	TRUE
loop_15667	TRUE	2	3	3	3	FALSE	TRUE
loop_15668	TRUE	1	4	2	4	FALSE	FALSE
loop_15669	TRUE	4	4	2	4	FALSE	FALSE
loop_15670	FALSE	5	3	5	3	FALSE	FALSE
loop_15671	FALSE	2	3	2	3	FALSE	FALSE
loop_15672	FALSE	3	3	3	3	TRUE	TRUE
loop_15673	TRUE	3	4	3	3	FALSE	TRUE
loop_15674	TRUE	2	4	3	4	FALSE	FALSE
loop_15675	TRUE	4	2	3	3	FALSE	TRUE
loop_15676	TRUE	4	3	4	4	FALSE	FALSE
loop_15677	TRUE	3	2	3	3	FALSE	TRUE
loop_15678	TRUE	4	4	3	2	FALSE	FALSE
loop_15679	TRUE	5	2	5	1	FALSE	FALSE
loop_15680	FALSE	3	3	3	3	TRUE	TRUE
loop_15681	FALSE	4	3	4	3	FALSE	FALSE
loop_15682	FALSE	5	3	5	3	FALSE	FALSE
loop_15683	TRUE	5	3	3	3	FALSE	TRUE
loop_15684	TRUE	3	3	3	2	TRUE	FALSE
loop_15685	TRUE	4	4	2	4	FALSE	FALSE
loop_15686	FALSE	3	3	3	3	TRUE	TRUE
loop_15687	TRUE	5	2	5	1	FALSE	FALSE
loop_15688	FALSE	3	4	3	4	FALSE	FALSE
loop_15689	TRUE	2	1	3	1	FALSE	FALSE
loop_15690	FALSE	3	3	3	3	TRUE	TRUE
loop_15691	TRUE	3	3	4	2	TRUE	FALSE
loop_15692	TRUE	4	4	3	3	FALSE	TRUE
loop_15693	TRUE	3	4	4	3	FALSE	FALSE
loop_15694	FALSE	2	3	2	3	FALSE	FALSE
loop_15695	FALSE	3	3	3	3	TRUE	TRUE
loop_15696	TRUE	5	1	1	1	FALSE	FALSE
loop_15697	FALSE	3	3	3	3	TRUE	TRUE
loop_15698	TRUE	4	4	3	3	FALSE	TRUE
loop_15699	TRUE	3	2	4	3	FALSE	FALSE
loop_15700	TRUE	2	3	3	3	FALSE	TRUE
loop_15701	TRUE	3	3	4	3	TRUE	FALSE
loop_15702	TRUE	5	3	3	4	FALSE	FALSE
loop_15703	FALSE	5	1	5	1	FALSE	FALSE
loop_15704	TRUE	5	1	4	1	FALSE	FALSE
loop_15705	TRUE	5	2	5	1	FALSE	FALSE
loop_15706	FALSE	3	3	3	3	TRUE	TRUE
loop_15707	TRUE	3	2	3	3	FALSE	TRUE
loop_15708	TRUE	4	3	3	3	FALSE	TRUE
loop_15709	TRUE	4	2	5	1	FALSE	FALSE
loop_15710	TRUE	3	3	4	2	TRUE	FALSE
loop_15711	TRUE	3	2	5	3	FALSE	FALSE
loop_15712	FALSE	3	3	3	3	TRUE	TRUE
loop_15713	TRUE	3	1	3	3	FALSE	TRUE
loop_15714	TRUE	4	2	3	3	FALSE	TRUE
loop_15715	FALSE	5	4	5	4	FALSE	FALSE
loop_15716	FALSE	2	3	2	3	FALSE	FALSE
loop_15717	TRUE	3	1	3	3	FALSE	TRUE
loop_15718	TRUE	4	3	3	3	FALSE	TRUE
loop_15719	FALSE	3	3	3	3	TRUE	TRUE
loop_15720	FALSE	3	3	3	3	TRUE	TRUE
loop_15721	TRUE	3	4	3	3	FALSE	TRUE
loop_15722	TRUE	3	1	4	1	FALSE	FALSE
loop_15723	TRUE	3	3	5	3	TRUE	FALSE
loop_15724	TRUE	4	1	2	3	FALSE	FALSE
loop_15725	TRUE	3	3	3	2	TRUE	FALSE
loop_15726	TRUE	4	2	3	3	FALSE	TRUE
loop_15727	TRUE	1	3	3	3	FALSE	TRUE
loop_15728	TRUE	3	2	3	3	FALSE	TRUE
loop_15729	FALSE	3	3	3	3	TRUE	TRUE
loop_15730	TRUE	4	5	4	3	FALSE	FALSE
loop_15731	TRUE	4	2	3	3	FALSE	TRUE
loop_15732	TRUE	3	3	4	3	TRUE	FALSE
loop_15733	TRUE	4	1	3	3	FALSE	TRUE
loop_15734	TRUE	4	2	5	2	FALSE	FALSE
loop_15735	TRUE	4	3	3	3	FALSE	TRUE
loop_15736	FALSE	2	4	2	4	FALSE	FALSE
loop_15737	TRUE	3	4	3	3	FALSE	TRUE
loop_15738	TRUE	3	5	3	3	FALSE	TRUE
loop_15739	TRUE	4	3	3	3	FALSE	TRUE
loop_15740	TRUE	4	1	3	1	FALSE	FALSE
loop_15741	TRUE	5	2	4	1	FALSE	FALSE
loop_15742	TRUE	1	3	2	2	FALSE	FALSE
loop_15743	TRUE	5	1	3	3	FALSE	TRUE
loop_15744	FALSE	3	1	3	1	FALSE	FALSE
loop_15745	FALSE	3	3	3	3	TRUE	TRUE
loop_15746	FALSE	3	3	3	3	TRUE	TRUE
loop_15747	TRUE	3	4	3	3	FALSE	TRUE
loop_15748	TRUE	3	2	3	3	FALSE	TRUE
loop_15749	FALSE	3	3	3	3	TRUE	TRUE
loop_15750	TRUE	4	3	3	2	FALSE	FALSE
loop_15751	FALSE	3	3	3	3	TRUE	TRUE
loop_15752	TRUE	5	4	4	3	FALSE	FALSE
loop_15753	TRUE	3	2	3	3	FALSE	TRUE
loop_15754	TRUE	2	4	1	4	FALSE	FALSE
loop_15755	TRUE	2	3	2	4	FALSE	FALSE
loop_15756	TRUE	3	2	3	3	FALSE	TRUE
loop_15757	TRUE	4	3	3	2	FALSE	FALSE
loop_15758	TRUE	2	4	3	3	FALSE	TRUE
loop_15759	TRUE	4	2	3	3	FALSE	TRUE
loop_15760	TRUE	1	4	3	4	FALSE	FALSE
loop_15761	TRUE	5	1	3	3	FALSE	TRUE
loop_15762	FALSE	5	1	5	1	FALSE	FALSE
loop_15763	FALSE	2	4	2	4	FALSE	FALSE
loop_15764	TRUE	3	2	3	3	FALSE	TRUE
loop_15765	TRUE	5	1	5	2	FALSE	FALSE
loop_15766	FALSE	3	3	3	3	TRUE	TRUE
loop_15767	TRUE	4	3	3	3	FALSE	TRUE
loop_15768	FALSE	3	3	3	3	TRUE	TRUE
loop_15769	FALSE	3	3	3	3	TRUE	TRUE
loop_15770	TRUE	5	1	5	2	FALSE	FALSE
loop_15771	TRUE	4	2	3	3	FALSE	TRUE
loop_15772	TRUE	5	1	3	5	FALSE	FALSE
loop_15773	TRUE	4	1	3	3	FALSE	TRUE
loop_15774	TRUE	4	3	3	3	FALSE	TRUE
loop_15775	FALSE	3	3	3	3	TRUE	TRUE
loop_15776	TRUE	2	3	3	3	FALSE	TRUE
loop_15777	TRUE	2	3	3	3	FALSE	TRUE
loop_15778	FALSE	4	4	4	4	FALSE	FALSE
loop_15779	FALSE	3	3	3	3	TRUE	TRUE
loop_15780	FALSE	3	3	3	3	TRUE	TRUE
loop_15781	TRUE	4	1	3	2	FALSE	FALSE
loop_15782	TRUE	4	3	3	3	FALSE	TRUE
loop_15783	TRUE	2	4	3	4	FALSE	FALSE
loop_15784	TRUE	3	3	4	3	TRUE	FALSE
loop_15785	TRUE	3	4	3	3	FALSE	TRUE
loop_15786	TRUE	2	4	3	3	FALSE	TRUE
loop_15787	TRUE	1	3	3	3	FALSE	TRUE
loop_15788	FALSE	3	3	3	3	TRUE	TRUE
loop_15789	FALSE	3	3	3	3	TRUE	TRUE
loop_15790	FALSE	2	3	2	3	FALSE	FALSE
loop_15791	TRUE	3	2	3	3	FALSE	TRUE
loop_15792	FALSE	1	3	1	3	FALSE	FALSE
loop_15793	TRUE	3	4	3	3	FALSE	TRUE
loop_15794	TRUE	3	4	3	3	FALSE	TRUE
loop_15795	TRUE	4	3	3	3	FALSE	TRUE
loop_15796	FALSE	3	3	3	3	TRUE	TRUE
loop_15797	FALSE	5	1	5	1	FALSE	FALSE
loop_15798	TRUE	4	3	3	3	FALSE	TRUE
loop_15799	TRUE	3	3	2	4	TRUE	FALSE
loop_15800	TRUE	2	3	3	3	FALSE	TRUE
loop_15801	FALSE	3	3	3	3	TRUE	TRUE
loop_15802	FALSE	3	3	3	3	TRUE	TRUE
loop_15803	TRUE	3	2	3	3	FALSE	TRUE
loop_15804	TRUE	1	4	1	2	FALSE	FALSE
loop_15805	TRUE	2	1	2	3	FALSE	FALSE
loop_15806	FALSE	3	3	3	3	TRUE	TRUE
loop_15807	TRUE	4	3	3	2	FALSE	FALSE
loop_15808	TRUE	4	3	3	3	FALSE	TRUE
loop_15809	TRUE	1	1	2	1	FALSE	FALSE
loop_15810	TRUE	4	3	3	3	FALSE	TRUE
loop_15811	TRUE	4	3	5	2	FALSE	FALSE
loop_15812	TRUE	4	1	4	2	FALSE	FALSE
loop_15813	TRUE	2	5	1	5	FALSE	FALSE
loop_15814	FALSE	3	3	3	3	TRUE	TRUE
loop_15815	FALSE	3	3	3	3	TRUE	TRUE
loop_15816	FALSE	5	1	5	1	FALSE	FALSE
loop_15817	FALSE	5	1	5	1	FALSE	FALSE
loop_15818	TRUE	3	3	2	3	TRUE	FALSE
loop_15819	FALSE	5	1	5	1	FALSE	FALSE
loop_15820	TRUE	4	2	4	3	FALSE	FALSE
loop_15821	TRUE	3	3	5	1	TRUE	FALSE
loop_15822	TRUE	2	2	3	3	FALSE	TRUE
loop_15823	TRUE	3	1	3	3	FALSE	TRUE
loop_15824	TRUE	4	2	3	3	FALSE	TRUE
loop_15825	TRUE	3	3	3	4	TRUE	FALSE
loop_15826	TRUE	4	4	3	3	FALSE	TRUE
loop_15827	TRUE	5	3	4	1	FALSE	FALSE
loop_15828	FALSE	3	2	3	2	FALSE	FALSE
loop_15829	TRUE	3	3	3	2	TRUE	FALSE
loop_15830	FALSE	5	1	5	1	FALSE	FALSE
loop_15831	TRUE	4	1	5	1	FALSE	FALSE
loop_15832	FALSE	5	1	5	1	FALSE	FALSE
loop_15833	FALSE	3	1	3	1	FALSE	FALSE
loop_15834	TRUE	1	1	2	1	FALSE	FALSE
loop_15835	TRUE	4	1	5	1	FALSE	FALSE
loop_15836	TRUE	5	1	3	3	FALSE	TRUE
loop_15837	TRUE	4	3	3	3	FALSE	TRUE
loop_15838	TRUE	4	1	3	3	FALSE	TRUE
loop_15839	TRUE	4	3	3	3	FALSE	TRUE
loop_15840	TRUE	5	2	5	1	FALSE	FALSE
loop_15841	FALSE	3	4	3	4	FALSE	FALSE
loop_15842	TRUE	5	3	3	3	FALSE	TRUE
loop_15843	TRUE	5	4	4	2	FALSE	FALSE
loop_15844	TRUE	3	3	2	3	TRUE	FALSE
loop_15845	FALSE	3	3	3	3	TRUE	TRUE
loop_15846	TRUE	3	3	3	4	TRUE	FALSE
loop_15847	TRUE	2	4	1	3	FALSE	FALSE
loop_15848	FALSE	3	3	3	3	TRUE	TRUE
loop_15849	FALSE	3	3	3	3	TRUE	TRUE
loop_15850	FALSE	3	3	3	3	TRUE	TRUE
loop_15851	TRUE	5	4	3	2	FALSE	FALSE
loop_15852	TRUE	3	2	3	3	FALSE	TRUE
loop_15853	TRUE	1	4	1	3	FALSE	FALSE
loop_15854	FALSE	3	3	3	3	TRUE	TRUE
loop_15855	FALSE	3	1	3	1	FALSE	FALSE
loop_15856	TRUE	4	3	3	3	FALSE	TRUE
loop_15857	TRUE	3	1	3	3	FALSE	TRUE
loop_15858	FALSE	3	3	3	3	TRUE	TRUE
loop_15859	TRUE	2	3	3	4	FALSE	FALSE
loop_15860	TRUE	3	4	3	3	FALSE	TRUE
loop_15861	FALSE	5	2	5	2	FALSE	FALSE
loop_15862	TRUE	3	5	3	3	FALSE	TRUE
loop_15863	FALSE	5	1	5	1	FALSE	FALSE
loop_15864	TRUE	4	3	2	3	FALSE	FALSE
loop_15865	FALSE	2	3	2	3	FALSE	FALSE
loop_15866	TRUE	3	3	3	2	TRUE	FALSE
loop_15867	TRUE	4	3	3	3	FALSE	TRUE
loop_15868	TRUE	3	2	3	3	FALSE	TRUE
loop_15869	TRUE	5	2	4	3	FALSE	FALSE
loop_15870	FALSE	3	3	3	3	TRUE	TRUE
loop_15871	TRUE	4	3	3	3	FALSE	TRUE
loop_15872	FALSE	3	3	3	3	TRUE	TRUE
loop_15873	FALSE	5	1	5	1	FALSE	FALSE
loop_15874	TRUE	3	4	3	3	FALSE	TRUE
loop_15875	TRUE	4	5	3	4	FALSE	FALSE
loop_15876	FALSE	3	3	3	3	TRUE	TRUE
loop_15877	FALSE	5	1	5	1	FALSE	FALSE
loop_15878	TRUE	3	2	3	3	FALSE	TRUE
loop_15879	FALSE	5	1	5	1	FALSE	FALSE
loop_15880	TRUE	3	2	4	3	FALSE	FALSE
loop_15881	FALSE	3	3	3	3	TRUE	TRUE
loop_15882	TRUE	1	1	4	2	FALSE	FALSE
loop_15883	TRUE	3	2	2	3	FALSE	FALSE
loop_15884	TRUE	3	1	3	3	FALSE	TRUE
loop_15885	TRUE	3	2	3	1	FALSE	FALSE
loop_15886	TRUE	3	2	3	3	FALSE	TRUE
loop_15887	FALSE	3	3	3	3	TRUE	TRUE
loop_15888	FALSE	3	3	3	3	TRUE	TRUE
loop_15889	TRUE	4	3	3	2	FALSE	FALSE
loop_15890	FALSE	3	3	3	3	TRUE	TRUE
loop_15891	TRUE	3	2	3	3	FALSE	TRUE
loop_15892	TRUE	3	4	3	1	FALSE	FALSE
loop_15893	FALSE	3	3	3	3	TRUE	TRUE
loop_15894	FALSE	3	3	3	3	TRUE	TRUE
loop_15895	FALSE	3	3	3	3	TRUE	TRUE
loop_15896	TRUE	2	4	3	4	FALSE	FALSE
loop_15897	TRUE	2	2	3	2	FALSE	FALSE
loop_15898	FALSE	3	3	3	3	TRUE	TRUE
loop_15899	TRUE	1	3	2	3	FALSE	FALSE
loop_15900	FALSE	2	3	2	3	FALSE	FALSE
loop_15901	TRUE	5	2	4	2	FALSE	FALSE
loop_15902	FALSE	5	1	5	1	FALSE	FALSE
loop_15903	TRUE	5	2	4	3	FALSE	FALSE
loop_15904	FALSE	3	3	3	3	TRUE	TRUE
loop_15905	TRUE	4	1	3	3	FALSE	TRUE
loop_15906	FALSE	3	3	3	3	TRUE	TRUE
loop_15907	TRUE	2	2	1	5	FALSE	FALSE
loop_15908	FALSE	5	1	5	1	FALSE	FALSE
loop_15909	TRUE	5	2	3	3	FALSE	TRUE
loop_15910	TRUE	1	3	3	4	FALSE	FALSE
loop_15911	TRUE	2	4	3	3	FALSE	TRUE
loop_15912	TRUE	5	4	5	1	FALSE	FALSE
loop_15913	TRUE	5	3	3	3	FALSE	TRUE
loop_15914	TRUE	2	3	1	1	FALSE	FALSE
loop_15915	TRUE	2	5	2	4	FALSE	FALSE
loop_15916	TRUE	4	2	3	3	FALSE	TRUE
loop_15917	TRUE	4	2	3	3	FALSE	TRUE
loop_15918	FALSE	3	3	3	3	TRUE	TRUE
loop_15919	TRUE	3	2	3	3	FALSE	TRUE
loop_15920	TRUE	3	2	3	3	FALSE	TRUE
loop_15921	TRUE	3	4	3	5	FALSE	FALSE
loop_15922	TRUE	2	3	3	3	FALSE	TRUE
loop_15923	FALSE	3	3	3	3	TRUE	TRUE
loop_15924	TRUE	2	1	2	3	FALSE	FALSE
loop_15925	TRUE	3	4	3	3	FALSE	TRUE
loop_15926	FALSE	3	3	3	3	TRUE	TRUE
loop_15927	TRUE	1	3	3	3	FALSE	TRUE
loop_15928	TRUE	3	3	3	4	TRUE	FALSE
loop_15929	TRUE	4	2	3	3	FALSE	TRUE
loop_15930	FALSE	3	3	3	3	TRUE	TRUE
loop_15931	TRUE	3	3	3	5	TRUE	FALSE
loop_15932	TRUE	3	3	5	3	TRUE	FALSE
loop_15933	TRUE	2	1	5	1	FALSE	FALSE
loop_15934	FALSE	1	3	1	3	FALSE	FALSE
loop_15935	FALSE	5	1	5	1	FALSE	FALSE
loop_15936	TRUE	5	2	3	3	FALSE	TRUE
loop_15937	TRUE	3	4	3	3	FALSE	TRUE
loop_15938	FALSE	5	1	5	1	FALSE	FALSE
loop_15939	TRUE	5	2	4	2	FALSE	FALSE
loop_15940	FALSE	5	3	5	3	FALSE	FALSE
loop_15941	TRUE	3	1	4	2	FALSE	FALSE
loop_15942	TRUE	5	1	4	1	FALSE	FALSE
loop_15943	TRUE	5	2	4	3	FALSE	FALSE
loop_15944	FALSE	3	3	3	3	TRUE	TRUE
loop_15945	TRUE	5	1	3	1	FALSE	FALSE
loop_15946	FALSE	3	3	3	3	TRUE	TRUE
loop_15947	FALSE	4	3	4	3	FALSE	FALSE
loop_15948	TRUE	4	4	3	3	FALSE	TRUE
loop_15949	TRUE	3	2	3	3	FALSE	TRUE
loop_15950	FALSE	3	3	3	3	TRUE	TRUE
loop_15951	FALSE	3	5	3	5	FALSE	FALSE
loop_15952	TRUE	1	4	3	3	FALSE	TRUE
loop_15953	TRUE	3	3	3	4	TRUE	FALSE
loop_15954	TRUE	4	3	3	3	FALSE	TRUE
loop_15955	TRUE	1	3	4	4	FALSE	FALSE
loop_15956	FALSE	3	3	3	3	TRUE	TRUE
loop_15957	FALSE	3	3	3	3	TRUE	TRUE
loop_15958	TRUE	3	4	3	3	FALSE	TRUE
loop_15959	TRUE	5	3	3	3	FALSE	TRUE
loop_15960	TRUE	3	3	4	2	TRUE	FALSE
loop_15961	FALSE	3	3	3	3	TRUE	TRUE
loop_15962	TRUE	4	4	4	3	FALSE	FALSE
loop_15963	TRUE	5	1	3	3	FALSE	TRUE
loop_15964	TRUE	2	3	3	3	FALSE	TRUE
loop_15965	TRUE	5	2	3	3	FALSE	TRUE
loop_15966	TRUE	3	3	1	3	TRUE	FALSE
loop_15967	TRUE	2	2	3	3	FALSE	TRUE
loop_15968	FALSE	3	4	3	4	FALSE	FALSE
loop_15969	FALSE	2	3	2	3	FALSE	FALSE
loop_15970	TRUE	1	1	3	3	FALSE	TRUE
loop_15971	FALSE	2	3	2	3	FALSE	FALSE
loop_15972	FALSE	3	3	3	3	TRUE	TRUE
loop_15973	FALSE	3	3	3	3	TRUE	TRUE
loop_15974	TRUE	2	3	2	2	FALSE	FALSE
loop_15975	TRUE	3	4	3	3	FALSE	TRUE
loop_15976	FALSE	3	3	3	3	TRUE	TRUE
loop_15977	FALSE	3	3	3	3	TRUE	TRUE
loop_15978	TRUE	4	3	3	3	FALSE	TRUE
loop_15979	FALSE	3	3	3	3	TRUE	TRUE
loop_15980	TRUE	5	2	5	1	FALSE	FALSE
loop_15981	FALSE	3	3	3	3	TRUE	TRUE
loop_15982	FALSE	5	1	5	1	FALSE	FALSE
loop_15983	FALSE	5	1	5	1	FALSE	FALSE
loop_15984	TRUE	4	2	4	1	FALSE	FALSE
loop_15985	FALSE	3	3	3	3	TRUE	TRUE
loop_15986	TRUE	3	3	2	3	TRUE	FALSE
loop_15987	TRUE	1	2	5	2	FALSE	FALSE
loop_15988	TRUE	4	2	5	1	FALSE	FALSE
loop_15989	FALSE	3	3	3	3	TRUE	TRUE
loop_15990	TRUE	4	1	4	2	FALSE	FALSE
loop_15991	TRUE	5	3	3	3	FALSE	TRUE
loop_15992	FALSE	3	3	3	3	TRUE	TRUE
loop_15993	TRUE	3	2	2	2	FALSE	FALSE
loop_15994	TRUE	5	3	4	3	FALSE	FALSE
loop_15995	FALSE	3	5	3	5	FALSE	FALSE
loop_15996	TRUE	4	5	3	5	FALSE	FALSE
loop_15997	TRUE	3	3	3	4	TRUE	FALSE
loop_15998	TRUE	3	4	2	4	FALSE	FALSE
loop_15999	TRUE	4	1	5	1	FALSE	FALSE
loop_16000	TRUE	2	3	3	3	FALSE	TRUE
loop_16001	TRUE	3	2	3	3	FALSE	TRUE
loop_16002	TRUE	4	2	3	3	FALSE	TRUE
loop_16003	TRUE	2	3	3	3	FALSE	TRUE
loop_16004	FALSE	5	1	5	1	FALSE	FALSE
loop_16005	TRUE	2	3	2	2	FALSE	FALSE
loop_16006	TRUE	4	2	3	2	FALSE	FALSE
loop_16007	TRUE	2	2	3	2	FALSE	FALSE
loop_16008	TRUE	2	2	3	2	FALSE	FALSE
loop_16009	FALSE	4	3	4	3	FALSE	FALSE
loop_16010	FALSE	4	1	4	1	FALSE	FALSE
loop_16011	FALSE	3	3	3	3	TRUE	TRUE
loop_16012	TRUE	5	1	4	3	FALSE	FALSE
loop_16013	TRUE	2	3	2	1	FALSE	FALSE
loop_16014	TRUE	2	2	3	3	FALSE	TRUE
loop_16015	TRUE	5	1	3	3	FALSE	TRUE
loop_16016	TRUE	4	2	5	2	FALSE	FALSE
loop_16017	TRUE	3	3	4	3	TRUE	FALSE
loop_16018	TRUE	3	2	3	3	FALSE	TRUE
loop_16019	TRUE	4	2	3	2	FALSE	FALSE
loop_16020	TRUE	3	4	4	4	FALSE	FALSE
loop_16021	FALSE	3	3	3	3	TRUE	TRUE
loop_16022	FALSE	3	2	3	2	FALSE	FALSE
loop_16023	TRUE	4	2	3	3	FALSE	TRUE
loop_16024	TRUE	2	3	3	3	FALSE	TRUE
loop_16025	TRUE	3	4	3	3	FALSE	TRUE
loop_16026	FALSE	3	3	3	3	TRUE	TRUE
loop_16027	TRUE	4	4	4	2	FALSE	FALSE
loop_16028	FALSE	3	3	3	3	TRUE	TRUE
loop_16029	FALSE	5	1	5	1	FALSE	FALSE
loop_16030	TRUE	5	1	5	3	FALSE	FALSE
loop_16031	TRUE	5	1	3	3	FALSE	TRUE
loop_16032	TRUE	4	3	4	2	FALSE	FALSE
loop_16033	TRUE	3	4	3	3	FALSE	TRUE
loop_16034	TRUE	3	4	3	3	FALSE	TRUE
loop_16035	TRUE	3	4	4	1	FALSE	FALSE
loop_16036	TRUE	4	2	3	2	FALSE	FALSE
loop_16037	TRUE	3	3	3	4	TRUE	FALSE
loop_16038	TRUE	3	3	3	2	TRUE	FALSE
loop_16039	TRUE	4	3	4	2	FALSE	FALSE
loop_16040	FALSE	4	3	4	3	FALSE	FALSE
loop_16041	FALSE	4	4	4	4	FALSE	FALSE
loop_16042	FALSE	3	3	3	3	TRUE	TRUE
loop_16043	TRUE	2	4	2	3	FALSE	FALSE
loop_16044	FALSE	2	2	2	2	FALSE	FALSE
loop_16045	TRUE	2	3	3	3	FALSE	TRUE
loop_16046	TRUE	2	3	3	3	FALSE	TRUE
loop_16047	FALSE	3	3	3	3	TRUE	TRUE
loop_16048	FALSE	3	3	3	3	TRUE	TRUE
loop_16049	FALSE	5	1	5	1	FALSE	FALSE
loop_16050	FALSE	3	3	3	3	TRUE	TRUE
loop_16051	TRUE	5	1	4	1	FALSE	FALSE
loop_16052	TRUE	3	3	3	1	TRUE	FALSE
loop_16053	TRUE	4	3	3	3	FALSE	TRUE
loop_16054	TRUE	4	4	3	3	FALSE	TRUE
loop_16055	TRUE	5	1	3	3	FALSE	TRUE
loop_16056	FALSE	3	3	3	3	TRUE	TRUE
loop_16057	FALSE	4	3	4	3	FALSE	FALSE
loop_16058	TRUE	4	4	4	5	FALSE	FALSE
loop_16059	TRUE	4	3	3	3	FALSE	TRUE
loop_16060	TRUE	3	3	1	3	TRUE	FALSE
loop_16061	FALSE	3	2	3	2	FALSE	FALSE
loop_16062	TRUE	2	2	2	3	FALSE	FALSE
loop_16063	FALSE	3	3	3	3	TRUE	TRUE
loop_16064	TRUE	3	2	3	3	FALSE	TRUE
loop_16065	TRUE	5	3	5	2	FALSE	FALSE
loop_16066	TRUE	1	2	2	3	FALSE	FALSE
loop_16067	TRUE	4	4	3	4	FALSE	FALSE
loop_16068	TRUE	4	3	3	3	FALSE	TRUE
loop_16069	FALSE	4	3	4	3	FALSE	FALSE
loop_16070	FALSE	3	2	3	2	FALSE	FALSE
loop_16071	FALSE	5	1	5	1	FALSE	FALSE
loop_16072	TRUE	2	3	3	3	FALSE	TRUE
loop_16073	TRUE	3	4	3	3	FALSE	TRUE
loop_16074	FALSE	3	3	3	3	TRUE	TRUE
loop_16075	FALSE	3	3	3	3	TRUE	TRUE
loop_16076	TRUE	4	3	3	3	FALSE	TRUE
loop_16077	TRUE	4	2	3	2	FALSE	FALSE
loop_16078	TRUE	2	3	3	3	FALSE	TRUE
loop_16079	TRUE	3	5	3	3	FALSE	TRUE
loop_16080	FALSE	3	3	3	3	TRUE	TRUE
loop_16081	FALSE	3	4	3	4	FALSE	FALSE
loop_16082	TRUE	3	4	3	3	FALSE	TRUE
loop_16083	TRUE	4	3	3	3	FALSE	TRUE
loop_16084	TRUE	2	4	3	3	FALSE	TRUE
loop_16085	FALSE	5	1	5	1	FALSE	FALSE
loop_16086	FALSE	3	3	3	3	TRUE	TRUE
loop_16087	TRUE	3	2	5	2	FALSE	FALSE
loop_16088	TRUE	5	1	5	2	FALSE	FALSE
loop_16089	TRUE	5	2	3	3	FALSE	TRUE
loop_16090	FALSE	4	3	4	3	FALSE	FALSE
loop_16091	TRUE	1	3	3	3	FALSE	TRUE
loop_16092	TRUE	3	4	3	3	FALSE	TRUE
loop_16093	FALSE	5	1	5	1	FALSE	FALSE
loop_16094	TRUE	3	2	3	3	FALSE	TRUE
loop_16095	TRUE	2	4	3	3	FALSE	TRUE
loop_16096	FALSE	3	3	3	3	TRUE	TRUE
loop_16097	FALSE	3	3	3	3	TRUE	TRUE
loop_16098	TRUE	4	2	5	2	FALSE	FALSE
loop_16099	TRUE	2	3	3	3	FALSE	TRUE
loop_16100	FALSE	4	3	4	3	FALSE	FALSE
loop_16101	FALSE	3	3	3	3	TRUE	TRUE
loop_16102	FALSE	3	3	3	3	TRUE	TRUE
loop_16103	TRUE	3	4	4	2	FALSE	FALSE
loop_16104	TRUE	2	2	3	3	FALSE	TRUE
loop_16105	TRUE	3	1	5	2	FALSE	FALSE
loop_16106	FALSE	3	3	3	3	TRUE	TRUE
loop_16107	TRUE	4	2	3	3	FALSE	TRUE
loop_16108	TRUE	3	3	3	2	TRUE	FALSE
loop_16109	TRUE	3	3	4	3	TRUE	FALSE
loop_16110	TRUE	3	3	4	3	TRUE	FALSE
loop_16111	TRUE	4	4	3	3	FALSE	TRUE
loop_16112	TRUE	2	2	3	2	FALSE	FALSE
loop_16113	TRUE	3	5	3	4	FALSE	FALSE
loop_16114	FALSE	3	3	3	3	TRUE	TRUE
loop_16115	TRUE	2	3	5	4	FALSE	FALSE
loop_16116	FALSE	3	3	3	3	TRUE	TRUE
loop_16117	FALSE	3	3	3	3	TRUE	TRUE
loop_16118	FALSE	3	3	3	3	TRUE	TRUE
loop_16119	TRUE	3	3	3	1	TRUE	FALSE
loop_16120	FALSE	3	4	3	4	FALSE	FALSE
loop_16121	TRUE	3	2	3	3	FALSE	TRUE
loop_16122	TRUE	3	4	3	3	FALSE	TRUE
loop_16123	TRUE	2	3	2	2	FALSE	FALSE
loop_16124	TRUE	2	3	3	3	FALSE	TRUE
loop_16125	TRUE	5	2	4	2	FALSE	FALSE
loop_16126	TRUE	2	2	3	5	FALSE	FALSE
loop_16127	TRUE	3	2	3	3	FALSE	TRUE
loop_16128	TRUE	5	3	5	2	FALSE	FALSE
loop_16129	TRUE	5	1	5	2	FALSE	FALSE
loop_16130	TRUE	3	3	5	2	TRUE	FALSE
loop_16131	TRUE	2	2	3	3	FALSE	TRUE
loop_16132	TRUE	4	3	3	3	FALSE	TRUE
loop_16133	TRUE	3	5	4	4	FALSE	FALSE
loop_16134	TRUE	3	4	3	3	FALSE	TRUE
loop_16135	TRUE	2	4	5	2	FALSE	FALSE
loop_16136	TRUE	5	5	4	4	FALSE	FALSE
loop_16137	FALSE	5	1	5	1	FALSE	FALSE
loop_16138	FALSE	5	1	5	1	FALSE	FALSE
loop_16139	FALSE	3	3	3	3	TRUE	TRUE
loop_16140	TRUE	2	3	3	2	FALSE	FALSE
loop_16141	TRUE	5	2	5	1	FALSE	FALSE
loop_16142	TRUE	3	2	3	3	FALSE	TRUE
loop_16143	FALSE	2	3	2	3	FALSE	FALSE
loop_16144	TRUE	4	2	3	3	FALSE	TRUE
loop_16145	FALSE	3	2	3	2	FALSE	FALSE
loop_16146	TRUE	2	4	3	4	FALSE	FALSE
loop_16147	TRUE	2	3	3	3	FALSE	TRUE
loop_16148	TRUE	2	3	3	3	FALSE	TRUE
loop_16149	TRUE	3	2	3	3	FALSE	TRUE
loop_16150	FALSE	2	4	2	4	FALSE	FALSE
loop_16151	TRUE	4	4	4	3	FALSE	FALSE
loop_16152	FALSE	2	3	2	3	FALSE	FALSE
loop_16153	FALSE	3	3	3	3	TRUE	TRUE
loop_16154	TRUE	4	3	3	3	FALSE	TRUE
loop_16155	FALSE	5	1	5	1	FALSE	FALSE
loop_16156	TRUE	3	1	2	2	FALSE	FALSE
loop_16157	TRUE	4	2	3	3	FALSE	TRUE
loop_16158	TRUE	5	3	3	3	FALSE	TRUE
loop_16159	TRUE	3	3	3	2	TRUE	FALSE
loop_16160	TRUE	3	3	3	2	TRUE	FALSE
loop_16161	TRUE	3	4	2	4	FALSE	FALSE
loop_16162	TRUE	3	1	2	2	FALSE	FALSE
loop_16163	TRUE	3	3	3	2	TRUE	FALSE
loop_16164	TRUE	4	2	3	3	FALSE	TRUE
loop_16165	TRUE	5	1	4	3	FALSE	FALSE
loop_16166	TRUE	3	1	3	3	FALSE	TRUE
loop_16167	TRUE	5	1	3	3	FALSE	TRUE
loop_16168	FALSE	3	3	3	3	TRUE	TRUE
loop_16169	TRUE	3	3	2	2	TRUE	FALSE
loop_16170	FALSE	2	3	2	3	FALSE	FALSE
loop_16171	TRUE	5	1	4	2	FALSE	FALSE
loop_16172	FALSE	3	3	3	3	TRUE	TRUE
loop_16173	TRUE	5	2	1	2	FALSE	FALSE
loop_16174	TRUE	2	3	3	3	FALSE	TRUE
loop_16175	TRUE	2	3	3	3	FALSE	TRUE
loop_16176	TRUE	3	3	3	2	TRUE	FALSE
loop_16177	TRUE	4	2	3	1	FALSE	FALSE
loop_16178	TRUE	1	2	3	4	FALSE	FALSE
loop_16179	FALSE	3	3	3	3	TRUE	TRUE
loop_16180	FALSE	3	2	3	2	FALSE	FALSE
loop_16181	TRUE	3	4	3	3	FALSE	TRUE
loop_16182	TRUE	2	1	4	2	FALSE	FALSE
loop_16183	TRUE	3	2	3	3	FALSE	TRUE
loop_16184	TRUE	5	2	3	3	FALSE	TRUE
loop_16185	TRUE	2	3	3	3	FALSE	TRUE
loop_16186	TRUE	4	3	3	3	FALSE	TRUE
loop_16187	TRUE	1	3	3	3	FALSE	TRUE
loop_16188	TRUE	3	2	1	5	FALSE	FALSE
loop_16189	FALSE	3	3	3	3	TRUE	TRUE
loop_16190	TRUE	3	2	3	3	FALSE	TRUE
loop_16191	TRUE	3	4	3	3	FALSE	TRUE
loop_16192	TRUE	4	4	3	3	FALSE	TRUE
loop_16193	TRUE	3	4	4	2	FALSE	FALSE
loop_16194	TRUE	4	4	3	4	FALSE	FALSE
loop_16195	FALSE	3	3	3	3	TRUE	TRUE
loop_16196	FALSE	3	3	3	3	TRUE	TRUE
loop_16197	FALSE	2	1	2	1	FALSE	FALSE
loop_16198	TRUE	3	3	3	5	TRUE	FALSE
loop_16199	TRUE	4	3	4	1	FALSE	FALSE
loop_16200	FALSE	1	4	1	4	FALSE	FALSE
loop_16201	TRUE	2	2	2	3	FALSE	FALSE
loop_16202	TRUE	3	2	3	3	FALSE	TRUE
loop_16203	TRUE	3	3	3	4	TRUE	FALSE
loop_16204	TRUE	1	3	3	3	FALSE	TRUE
loop_16205	FALSE	3	3	3	3	TRUE	TRUE
loop_16206	FALSE	3	3	3	3	TRUE	TRUE
loop_16207	FALSE	3	4	3	4	FALSE	FALSE
loop_16208	FALSE	2	3	2	3	FALSE	FALSE
loop_16209	TRUE	1	3	3	3	FALSE	TRUE
loop_16210	TRUE	3	4	3	3	FALSE	TRUE
loop_16211	TRUE	5	3	3	3	FALSE	TRUE
loop_16212	TRUE	4	2	3	3	FALSE	TRUE
loop_16213	FALSE	4	2	4	2	FALSE	FALSE
loop_16214	FALSE	3	2	3	2	FALSE	FALSE
loop_16215	TRUE	2	2	3	4	FALSE	FALSE
loop_16216	FALSE	3	3	3	3	TRUE	TRUE
loop_16217	FALSE	5	1	5	1	FALSE	FALSE
loop_16218	FALSE	1	4	1	4	FALSE	FALSE
loop_16219	FALSE	3	3	3	3	TRUE	TRUE
loop_16220	TRUE	4	3	3	3	FALSE	TRUE
loop_16221	TRUE	2	3	3	3	FALSE	TRUE
loop_16222	TRUE	2	3	3	4	FALSE	FALSE
loop_16223	TRUE	3	3	4	3	TRUE	FALSE
loop_16224	TRUE	4	1	3	3	FALSE	TRUE
loop_16225	TRUE	4	2	3	3	FALSE	TRUE
loop_16226	TRUE	3	2	3	3	FALSE	TRUE
loop_16227	FALSE	5	2	5	2	FALSE	FALSE
loop_16228	TRUE	1	2	2	2	FALSE	FALSE
loop_16229	TRUE	4	1	5	2	FALSE	FALSE
loop_16230	TRUE	5	1	3	3	FALSE	TRUE
loop_16231	FALSE	3	3	3	3	TRUE	TRUE
loop_16232	FALSE	3	3	3	3	TRUE	TRUE
loop_16233	TRUE	3	5	3	4	FALSE	FALSE
loop_16234	TRUE	3	4	3	3	FALSE	TRUE
loop_16235	TRUE	4	2	3	2	FALSE	FALSE
loop_16236	FALSE	5	3	5	3	FALSE	FALSE
loop_16237	FALSE	4	1	4	1	FALSE	FALSE
loop_16238	FALSE	3	3	3	3	TRUE	TRUE
loop_16239	TRUE	4	3	3	3	FALSE	TRUE
loop_16240	TRUE	2	4	3	4	FALSE	FALSE
loop_16241	FALSE	3	3	3	3	TRUE	TRUE
loop_16242	TRUE	2	3	3	3	FALSE	TRUE
loop_16243	TRUE	3	4	3	3	FALSE	TRUE
loop_16244	FALSE	2	3	2	3	FALSE	FALSE
loop_16245	TRUE	2	2	3	3	FALSE	TRUE
loop_16246	TRUE	2	5	3	4	FALSE	FALSE
loop_16247	TRUE	4	4	3	4	FALSE	FALSE
loop_16248	TRUE	5	3	3	3	FALSE	TRUE
loop_16249	TRUE	4	3	3	3	FALSE	TRUE
loop_16250	FALSE	3	2	3	2	FALSE	FALSE
loop_16251	FALSE	3	3	3	3	TRUE	TRUE
loop_16252	TRUE	3	5	3	2	FALSE	FALSE
loop_16253	TRUE	3	3	3	4	TRUE	FALSE
loop_16254	FALSE	5	1	5	1	FALSE	FALSE
loop_16255	TRUE	5	1	5	2	FALSE	FALSE
loop_16256	TRUE	3	4	3	3	FALSE	TRUE
loop_16257	TRUE	4	2	3	3	FALSE	TRUE
loop_16258	TRUE	4	2	3	3	FALSE	TRUE
loop_16259	TRUE	4	2	3	3	FALSE	TRUE
loop_16260	TRUE	5	3	3	3	FALSE	TRUE
loop_16261	TRUE	3	2	3	3	FALSE	TRUE
loop_16262	FALSE	5	2	5	2	FALSE	FALSE
loop_16263	TRUE	5	2	3	3	FALSE	TRUE
loop_16264	TRUE	4	1	4	2	FALSE	FALSE
loop_16265	TRUE	4	1	3	3	FALSE	TRUE
loop_16266	FALSE	3	3	3	3	TRUE	TRUE
loop_16267	TRUE	3	4	3	3	FALSE	TRUE
loop_16268	TRUE	2	4	3	3	FALSE	TRUE
loop_16269	TRUE	4	2	3	3	FALSE	TRUE
loop_16270	TRUE	1	2	3	2	FALSE	FALSE
loop_16271	TRUE	2	5	3	3	FALSE	TRUE
loop_16272	TRUE	2	3	3	3	FALSE	TRUE
loop_16273	TRUE	3	2	3	3	FALSE	TRUE
loop_16274	TRUE	5	1	4	3	FALSE	FALSE
loop_16275	TRUE	1	4	3	3	FALSE	TRUE
loop_16276	TRUE	3	2	3	3	FALSE	TRUE
loop_16277	FALSE	3	3	3	3	TRUE	TRUE
loop_16278	FALSE	5	1	5	1	FALSE	FALSE
loop_16279	FALSE	3	3	3	3	TRUE	TRUE
loop_16280	TRUE	4	3	3	3	FALSE	TRUE
loop_16281	TRUE	3	2	3	3	FALSE	TRUE
loop_16282	FALSE	3	3	3	3	TRUE	TRUE
loop_16283	TRUE	5	2	3	1	FALSE	FALSE
loop_16284	FALSE	3	3	3	3	TRUE	TRUE
loop_16285	TRUE	2	1	2	3	FALSE	FALSE
loop_16286	FALSE	4	3	4	3	FALSE	FALSE
loop_16287	TRUE	2	3	3	3	FALSE	TRUE
loop_16288	TRUE	3	3	2	3	TRUE	FALSE
loop_16289	TRUE	3	3	2	2	TRUE	FALSE
loop_16290	FALSE	3	3	3	3	TRUE	TRUE
loop_16291	TRUE	1	3	3	3	FALSE	TRUE
loop_16292	TRUE	3	1	3	2	FALSE	FALSE
loop_16293	TRUE	4	1	2	4	FALSE	FALSE
loop_16294	TRUE	3	1	3	4	FALSE	FALSE
loop_16295	FALSE	3	3	3	3	TRUE	TRUE
loop_16296	TRUE	4	2	3	3	FALSE	TRUE
loop_16297	TRUE	3	3	5	1	TRUE	FALSE
loop_16298	TRUE	3	3	2	3	TRUE	FALSE
loop_16299	TRUE	5	1	3	3	FALSE	TRUE
loop_16300	FALSE	3	3	3	3	TRUE	TRUE
loop_16301	TRUE	3	4	3	3	FALSE	TRUE
loop_16302	TRUE	4	3	3	3	FALSE	TRUE
loop_16303	TRUE	3	4	3	3	FALSE	TRUE
loop_16304	TRUE	3	4	3	3	FALSE	TRUE
loop_16305	TRUE	1	4	1	2	FALSE	FALSE
loop_16306	FALSE	2	3	2	3	FALSE	FALSE
loop_16307	FALSE	3	3	3	3	TRUE	TRUE
loop_16308	TRUE	3	2	3	3	FALSE	TRUE
loop_16309	FALSE	3	3	3	3	TRUE	TRUE
loop_16310	FALSE	3	3	3	3	TRUE	TRUE
loop_16311	FALSE	3	3	3	3	TRUE	TRUE
loop_16312	FALSE	3	3	3	3	TRUE	TRUE
loop_16313	FALSE	5	1	5	1	FALSE	FALSE
loop_16314	TRUE	4	1	3	2	FALSE	FALSE
loop_16315	FALSE	3	2	3	2	FALSE	FALSE
loop_16316	TRUE	3	3	5	1	TRUE	FALSE
loop_16317	FALSE	5	1	5	1	FALSE	FALSE
loop_16318	FALSE	5	1	5	1	FALSE	FALSE
loop_16319	TRUE	2	4	3	3	FALSE	TRUE
loop_16320	TRUE	4	3	4	4	FALSE	FALSE
loop_16321	TRUE	5	2	4	3	FALSE	FALSE
loop_16322	TRUE	4	1	4	3	FALSE	FALSE
loop_16323	TRUE	3	3	3	2	TRUE	FALSE
loop_16324	TRUE	4	3	3	3	FALSE	TRUE
loop_16325	TRUE	3	2	3	3	FALSE	TRUE
loop_16326	TRUE	3	4	4	4	FALSE	FALSE
loop_16327	FALSE	3	3	3	3	TRUE	TRUE
loop_16328	TRUE	1	3	2	3	FALSE	FALSE
loop_16329	TRUE	3	2	3	1	FALSE	FALSE
loop_16330	FALSE	1	3	1	3	FALSE	FALSE
loop_16331	TRUE	1	2	3	3	FALSE	TRUE
loop_16332	TRUE	4	3	3	3	FALSE	TRUE
loop_16333	TRUE	2	2	3	3	FALSE	TRUE
loop_16334	TRUE	1	2	3	3	FALSE	TRUE
loop_16335	TRUE	3	2	3	3	FALSE	TRUE
loop_16336	FALSE	2	5	2	5	FALSE	FALSE
loop_16337	TRUE	4	2	2	2	FALSE	FALSE
loop_16338	FALSE	5	1	5	1	FALSE	FALSE
loop_16339	FALSE	3	3	3	3	TRUE	TRUE
loop_16340	TRUE	5	1	3	3	FALSE	TRUE
loop_16341	TRUE	2	1	3	3	FALSE	TRUE
loop_16342	TRUE	5	2	5	1	FALSE	FALSE
loop_16343	FALSE	4	3	4	3	FALSE	FALSE
loop_16344	TRUE	3	2	4	2	FALSE	FALSE
loop_16345	TRUE	3	2	3	3	FALSE	TRUE
loop_16346	TRUE	2	3	2	5	FALSE	FALSE
loop_16347	TRUE	4	2	3	3	FALSE	TRUE
loop_16348	TRUE	3	3	3	2	TRUE	FALSE
loop_16349	TRUE	3	2	3	3	FALSE	TRUE
loop_16350	TRUE	4	3	3	3	FALSE	TRUE
