=========================================
Modality Run - CG Context
=========================================
Job ID: 47788617
Node: exp-3-34
CPUs: 16
Memory: 128GB
Start time: Thu Apr  2 18:50:14 PDT 2026
=========================================

Using config_CG.txt

Zarr=/expanse/lustre/projects/csd940/zalibhai/biomodal/evoC-run/output/duet-1.5.0_evoC_Bap1_run_6bp/sample_outputs/zarr_store/CG/evoC_Bap1_run.genome.GRCm38_primary_assembly.dedup.CG.zarrz
Metadata=/expanse/lustre/projects/csd940/zalibhai/biomodal/modality/metadata.tsv
Group_Column=condition
Condition_Order=control mutant
Covariates=sex batch
QC_Region=
Regions_Directory=/expanse/lustre/projects/csd940/zalibhai/biomodal/modality/mm10
Main_Output=/expanse/lustre/projects/csd940/zalibhai/biomodal/modality/outputs_CG
Depth_Filter=10
Overdispersion=False

=========================================


=======================================
STEP 0 - CONFIGURATION & INITIALISATION
=======================================
[INFO] 2026-04-02 18:50:16 - Starting modality XPLR Core Workflow Pipeline
[INFO] 2026-04-02 18:50:16 - Reading configuration from ./config.txt


>>Provided inputs
[INFO] 2026-04-02 18:50:16 - ZARR path(s): /expanse/lustre/projects/csd940/zalibhai/biomodal/evoC-run/output/duet-1.5.0_evoC_Bap1_run_6bp/sample_outputs/zarr_store/CG/evoC_Bap1_run.genome.GRCm38_primary_assembly.dedup.CG.zarrz
[INFO] 2026-04-02 18:50:16 - Metadata file: /expanse/lustre/projects/csd940/zalibhai/biomodal/modality/metadata.tsv
[INFO] 2026-04-02 18:50:16 - Group column: condition
[INFO] 2026-04-02 18:50:16 - Covariates: sex batch
[INFO] 2026-04-02 18:50:16 - Condition order: control mutant
[INFO] 2026-04-02 18:50:16 - QC region: 
[INFO] 2026-04-02 18:50:16 - Regions directory: /expanse/lustre/projects/csd940/zalibhai/biomodal/modality/mm10
[INFO] 2026-04-02 18:50:16 - Main output directory: /expanse/lustre/projects/csd940/zalibhai/biomodal/modality/outputs_CG
[INFO] 2026-04-02 18:50:16 - Depth filter: 10
[INFO] 2026-04-02 18:50:16 - Overdispersion correction: False


>>Validation & directory creation
[INFO] 2026-04-02 18:50:16 - Validating inputs...
[INFO] 2026-04-02 18:50:16 - Identified 1 zarr path(s):
[INFO] 2026-04-02 18:50:16 -   [1] /expanse/lustre/projects/csd940/zalibhai/biomodal/evoC-run/output/duet-1.5.0_evoC_Bap1_run_6bp/sample_outputs/zarr_store/CG/evoC_Bap1_run.genome.GRCm38_primary_assembly.dedup.CG.zarrz
[INFO] 2026-04-02 18:50:16 - Processed metadata file path: /expanse/lustre/projects/csd940/zalibhai/biomodal/modality/metadata.tsv
[INFO] 2026-04-02 18:50:16 - Processed main output directory: /expanse/lustre/projects/csd940/zalibhai/biomodal/modality/outputs_CG
[INFO] 2026-04-02 18:50:16 - Processed regions directory: /expanse/lustre/projects/csd940/zalibhai/biomodal/modality/mm10
[INFO] 2026-04-02 18:50:16 - Validating metadata file headers...
[INFO] 2026-04-02 18:50:16 - Metadata validation passed
[INFO] 2026-04-02 18:50:16 - Creating output directories under /expanse/lustre/projects/csd940/zalibhai/biomodal/modality/outputs_CG...
[INFO] 2026-04-02 18:50:16 - Directory ready: /expanse/lustre/projects/csd940/zalibhai/biomodal/modality/outputs_CG
[INFO] 2026-04-02 18:50:16 - Directory ready: /expanse/lustre/projects/csd940/zalibhai/biomodal/modality/outputs_CG/Results
[INFO] 2026-04-02 18:50:16 - Directory ready: /expanse/lustre/projects/csd940/zalibhai/biomodal/modality/outputs_CG/Reports
[INFO] 2026-04-02 18:50:16 - Creating region-specific subdirectories...
[INFO] 2026-04-02 18:50:16 - Directory ready: /expanse/lustre/projects/csd940/zalibhai/biomodal/modality/outputs_CG/Results/gencode.vM25.mouse.cpg_islands.annotation
[INFO] 2026-04-02 18:50:16 - Directory ready: /expanse/lustre/projects/csd940/zalibhai/biomodal/modality/outputs_CG/Reports/gencode.vM25.mouse.cpg_islands.annotation
[INFO] 2026-04-02 18:50:16 - Created region directories: /expanse/lustre/projects/csd940/zalibhai/biomodal/modality/outputs_CG/Results/gencode.vM25.mouse.cpg_islands.annotation and /expanse/lustre/projects/csd940/zalibhai/biomodal/modality/outputs_CG/Reports/gencode.vM25.mouse.cpg_islands.annotation
[INFO] 2026-04-02 18:50:16 - Directory ready: /expanse/lustre/projects/csd940/zalibhai/biomodal/modality/outputs_CG/Results/gencode.vM25.mouse.cpg_islands.annotation
[INFO] 2026-04-02 18:50:16 - Directory ready: /expanse/lustre/projects/csd940/zalibhai/biomodal/modality/outputs_CG/Reports/gencode.vM25.mouse.cpg_islands.annotation
[INFO] 2026-04-02 18:50:16 - Created region directories: /expanse/lustre/projects/csd940/zalibhai/biomodal/modality/outputs_CG/Results/gencode.vM25.mouse.cpg_islands.annotation and /expanse/lustre/projects/csd940/zalibhai/biomodal/modality/outputs_CG/Reports/gencode.vM25.mouse.cpg_islands.annotation
[INFO] 2026-04-02 18:50:16 - Directory ready: /expanse/lustre/projects/csd940/zalibhai/biomodal/modality/outputs_CG/Results/gencode.vM25.mouse.cpg_shelves.annotation
[INFO] 2026-04-02 18:50:16 - Directory ready: /expanse/lustre/projects/csd940/zalibhai/biomodal/modality/outputs_CG/Reports/gencode.vM25.mouse.cpg_shelves.annotation
[INFO] 2026-04-02 18:50:16 - Created region directories: /expanse/lustre/projects/csd940/zalibhai/biomodal/modality/outputs_CG/Results/gencode.vM25.mouse.cpg_shelves.annotation and /expanse/lustre/projects/csd940/zalibhai/biomodal/modality/outputs_CG/Reports/gencode.vM25.mouse.cpg_shelves.annotation
[INFO] 2026-04-02 18:50:16 - Directory ready: /expanse/lustre/projects/csd940/zalibhai/biomodal/modality/outputs_CG/Results/gencode.vM25.mouse.cpg_shores.annotation
[INFO] 2026-04-02 18:50:16 - Directory ready: /expanse/lustre/projects/csd940/zalibhai/biomodal/modality/outputs_CG/Reports/gencode.vM25.mouse.cpg_shores.annotation
[INFO] 2026-04-02 18:50:16 - Created region directories: /expanse/lustre/projects/csd940/zalibhai/biomodal/modality/outputs_CG/Results/gencode.vM25.mouse.cpg_shores.annotation and /expanse/lustre/projects/csd940/zalibhai/biomodal/modality/outputs_CG/Reports/gencode.vM25.mouse.cpg_shores.annotation
[INFO] 2026-04-02 18:50:16 - Directory ready: /expanse/lustre/projects/csd940/zalibhai/biomodal/modality/outputs_CG/Results/gencode.vM25.mouse.genes.annotation
[INFO] 2026-04-02 18:50:16 - Directory ready: /expanse/lustre/projects/csd940/zalibhai/biomodal/modality/outputs_CG/Reports/gencode.vM25.mouse.genes.annotation
[INFO] 2026-04-02 18:50:16 - Created region directories: /expanse/lustre/projects/csd940/zalibhai/biomodal/modality/outputs_CG/Results/gencode.vM25.mouse.genes.annotation and /expanse/lustre/projects/csd940/zalibhai/biomodal/modality/outputs_CG/Reports/gencode.vM25.mouse.genes.annotation
[INFO] 2026-04-02 18:50:17 - Directory ready: /expanse/lustre/projects/csd940/zalibhai/biomodal/modality/outputs_CG/Results/gencode.vM25.mouse.promoters.annotation
[INFO] 2026-04-02 18:50:17 - Directory ready: /expanse/lustre/projects/csd940/zalibhai/biomodal/modality/outputs_CG/Reports/gencode.vM25.mouse.promoters.annotation
[INFO] 2026-04-02 18:50:17 - Created region directories: /expanse/lustre/projects/csd940/zalibhai/biomodal/modality/outputs_CG/Results/gencode.vM25.mouse.promoters.annotation and /expanse/lustre/projects/csd940/zalibhai/biomodal/modality/outputs_CG/Reports/gencode.vM25.mouse.promoters.annotation
[INFO] 2026-04-02 18:50:17 - Directory ready: /expanse/lustre/projects/csd940/zalibhai/biomodal/modality/outputs_CG/Results/gencode.vM25.mouse.tss_region.annotation
[INFO] 2026-04-02 18:50:17 - Directory ready: /expanse/lustre/projects/csd940/zalibhai/biomodal/modality/outputs_CG/Reports/gencode.vM25.mouse.tss_region.annotation
[INFO] 2026-04-02 18:50:17 - Created region directories: /expanse/lustre/projects/csd940/zalibhai/biomodal/modality/outputs_CG/Results/gencode.vM25.mouse.tss_region.annotation and /expanse/lustre/projects/csd940/zalibhai/biomodal/modality/outputs_CG/Reports/gencode.vM25.mouse.tss_region.annotation


======================================
STEP 1: RUNNING BIOLOGICAL QC ANALYSES
======================================
[INFO] 2026-04-02 18:50:17 - Running biological QC without aggregation...
Logged in using stored credentials
[38;5;23m2026-04-02 18:51:03[39m  [1m[38;5;123mProvenance information:[39m
[38;5;23m2026-04-02 18:51:03[39m  cmd='/home/zalibhai/miniforge3/envs/modality/bin/modality -v biological-qc --zarr-path /expanse/lustre/projects/csd940/zalibhai/biomodal/evoC-run/output/duet-1.5.0_evoC_Bap1_run_6bp/sample_outputs/zarr_store/CG/evoC_Bap1_run.genome.GRCm38_primary_assembly.dedup.CG.zarrz --sample-sheet /expanse/lustre/projects/csd940/zalibhai/biomodal/modality/metadata.tsv --order-by-group condition --output-dir /expanse/lustre/projects/csd940/zalibhai/biomodal/modality/outputs_CG/Results'
timestamp=2026-04-02T18:51:03.279263
version=1.0.0
user=zalibhai

[39m
[38;5;23m2026-04-02 18:51:03[39m  [1m[38;5;123mRunning biological QC analysis:[39m
[38;5;23m2026-04-02 18:51:03[39m  [38;5;248mZarr path(s)[39m: ['/expanse/lustre/projects/csd940/zalibhai/biomodal/evoC-run/output/duet-1.5.0_evoC_Bap1_run_6bp/sample_outputs/zarr_store/CG/evoC_Bap1_run.genome.GRCm38_primary_assembly.dedup.CG.zarrz'][39m
[38;5;23m2026-04-02 18:51:03[39m  [38;5;248mSample Sheet[39m: /expanse/lustre/projects/csd940/zalibhai/biomodal/modality/metadata.tsv[39m
[38;5;23m2026-04-02 18:51:03[39m  [38;5;248mOrder By Group[39m: condition[39m
[38;5;23m2026-04-02 18:51:03[39m  [38;5;248mOutput Dir[39m: /expanse/lustre/projects/csd940/zalibhai/biomodal/modality/outputs_CG/Results[39m
[38;5;23m2026-04-02 18:51:03[39m  [38;5;248mRegion[39m: None[39m
[38;5;23m2026-04-02 18:51:03[39m  [38;5;248mDisable Strand Merging[39m: False[39m
[38;5;23m2026-04-02 18:51:03[39m  [38;5;248mAggregate By Group[39m: None[39m
[38;5;23m2026-04-02 18:51:03[39m  [38;5;248mCase Sensitive[39m: False[39m
[38;5;23m2026-04-02 18:51:03[39m | [38;5;23mINFO[39m | Loading Zarr dataset...[39m
[38;5;23m2026-04-02 18:51:07[39m | [38;5;23mINFO[39m | Starting biological quality control process[39m
[38;5;23m2026-04-02 18:51:17[39m | [38;5;23mINFO[39m | Computing mean coverage for each sample...[39m
[38;5;23m2026-04-02 18:51:20[39m | [38;5;23mINFO[39m | Extracted coverage info for 8 samples[39m
[38;5;23m2026-04-02 18:51:20[39m | [38;5;23mINFO[39m | Created sample-to-group mapping for ordering by 'condition'[39m
[38;5;23m2026-04-02 18:51:20[39m | [38;5;23mINFO[39m | Found 5mC and 5hmC data[39m
[38;5;23m2026-04-02 18:51:38[39m | [38;5;23mINFO[39m | Successfully extracted 5mC correlation data[39m
[38;5;23m2026-04-02 18:51:56[39m | [38;5;23mINFO[39m | Successfully extracted 5hmC correlation data[39m
[38;5;23m2026-04-02 18:51:56[39m | [38;5;23mINFO[39m | Found 5mC and 5hmC data[39m
[38;5;23m2026-04-02 18:52:08[39m | [38;5;23mINFO[39m | Successfully extracted 5mC PCA data[39m
[38;5;23m2026-04-02 18:52:15[39m | [38;5;23mINFO[39m | Successfully extracted 5hmC PCA data[39m
[38;5;23m2026-04-02 18:52:15[39m | [38;5;23mINFO[39m | Rendering template: bio_qc_template.html[39m
[38;5;23m2026-04-02 18:52:15[39m | [38;5;23mINFO[39m | Generated biological QC JSON report: /expanse/lustre/projects/csd940/zalibhai/biomodal/modality/outputs_CG/Results/BioQC_20260402_185215/biological_qc_report_8_samples_20260402_185215.json[39m
[38;5;23m2026-04-02 18:52:15[39m | [38;5;23mINFO[39m | Generated biological QC report: /expanse/lustre/projects/csd940/zalibhai/biomodal/modality/outputs_CG/Results/BioQC_20260402_185215/biological_qc_report_8_samples_20260402_185215.html[39m
[38;5;23m2026-04-02 18:52:15[39m  [1m[38;5;154mBiological QC report generated: /expanse/lustre/projects/csd940/zalibhai/biomodal/modality/outputs_CG/Results/BioQC_20260402_185215/biological_qc_report_8_samples_20260402_185215.html[39m
[38;5;23m2026-04-02 18:52:15[39m  Wrote provenance sidecar file to /expanse/lustre/projects/csd940/zalibhai/biomodal/modality/outputs_CG/Results/BioQC_20260402_185215/modality_metadata_20260402_185215.json[39m
[INFO] 2026-04-02 18:52:16 - Copying Biological QC HTML reports to /expanse/lustre/projects/csd940/zalibhai/biomodal/modality/outputs_CG/Reports...
[INFO] 2026-04-02 18:52:16 - Copied 1 Biological QC HTML report(s)


==================================================
STEP 2: RUNNING FEATURE EXTRACTION ON REGION FILES
==================================================
[INFO] 2026-04-02 18:52:16 - Processing region file: /expanse/lustre/projects/csd940/zalibhai/biomodal/modality/mm10/gencode.vM25.mouse.cpg_islands.annotation.bed
[INFO] 2026-04-02 18:52:16 - Running feature extraction: count total_c...
Logged in using stored credentials
[38;5;23m2026-04-02 18:52:20[39m  [1m[38;5;123mProvenance information:[39m
[38;5;23m2026-04-02 18:52:20[39m  cmd='/home/zalibhai/miniforge3/envs/modality/bin/modality -v get count --zarr-path /expanse/lustre/projects/csd940/zalibhai/biomodal/evoC-run/output/duet-1.5.0_evoC_Bap1_run_6bp/sample_outputs/zarr_store/CG/evoC_Bap1_run.genome.GRCm38_primary_assembly.dedup.CG.zarrz --sample-sheet /expanse/lustre/projects/csd940/zalibhai/biomodal/modality/metadata.tsv --bedfile /expanse/lustre/projects/csd940/zalibhai/biomodal/modality/mm10/gencode.vM25.mouse.cpg_islands.annotation.bed --fields total_c --output-dir /expanse/lustre/projects/csd940/zalibhai/biomodal/modality/outputs_CG/Results/gencode.vM25.mouse.cpg_islands.annotation'
timestamp=2026-04-02T18:52:20.144537
version=1.0.0
user=zalibhai

[39m
[38;5;23m2026-04-02 18:52:20[39m  [1m[38;5;123mExtracting methylation features:[39m
[38;5;23m2026-04-02 18:52:20[39m  [38;5;248mZarr path(s)[39m: ['/expanse/lustre/projects/csd940/zalibhai/biomodal/evoC-run/output/duet-1.5.0_evoC_Bap1_run_6bp/sample_outputs/zarr_store/CG/evoC_Bap1_run.genome.GRCm38_primary_assembly.dedup.CG.zarrz'][39m
[38;5;23m2026-04-02 18:52:20[39m  [38;5;248mSample Sheet[39m: /expanse/lustre/projects/csd940/zalibhai/biomodal/modality/metadata.tsv[39m
[38;5;23m2026-04-02 18:52:20[39m  [38;5;248mBedfile[39m: /expanse/lustre/projects/csd940/zalibhai/biomodal/modality/mm10/gencode.vM25.mouse.cpg_islands.annotation.bed[39m
[38;5;23m2026-04-02 18:52:20[39m  [38;5;248mFields[39m: ['num_total_c'][39m
[38;5;23m2026-04-02 18:52:20[39m  [38;5;248mOutput Dir[39m: /expanse/lustre/projects/csd940/zalibhai/biomodal/modality/outputs_CG/Results/gencode.vM25.mouse.cpg_islands.annotation[39m
[38;5;23m2026-04-02 18:52:20[39m  [38;5;248mMin Coverage[39m: 0[39m
[38;5;23m2026-04-02 18:52:20[39m  [38;5;248mNum Contexts[39m: 0[39m
[38;5;23m2026-04-02 18:52:20[39m  [38;5;248mDisable Strand Merging[39m: False[39m
[38;5;23m2026-04-02 18:52:20[39m  [38;5;248mWindow Size[39m: None[39m
[38;5;23m2026-04-02 18:52:20[39m  [38;5;248mTabix[39m: False[39m
[38;5;23m2026-04-02 18:52:20[39m  [38;5;248mRegion[39m: None[39m
[38;5;23m2026-04-02 18:52:20[39m | [38;5;23mINFO[39m | Loading Zarr dataset...[39m
[38;5;23m2026-04-02 18:52:22[39m | [38;5;23mINFO[39m | Merging CpG strands before extraction...[39m
[38;5;23m2026-04-02 18:52:33[39m | [38;5;23mINFO[39m | Performing ['count'] on variables ['num_total_c'] and min coverage 0.[39m
[38;5;23m2026-04-02 18:52:33[39m | [38;5;23mINFO[39m | ['num_total_c'][39m
[38;5;23m2026-04-02 18:52:33[39m | [38;5;23mINFO[39m | Adding Ranges_ID column to validate merging.[39m
[38;5;23m2026-04-02 18:52:40[39m | [38;5;23mINFO[39m | Summarized over 16009 regions.[39m
[38;5;23m2026-04-02 18:52:40[39m | [38;5;23mINFO[39m | Applying post-processor <lambda> to DataFrame.[39m
[38;5;23m2026-04-02 18:52:41[39m | [38;5;23mINFO[39m | Dataframe has 16009 rows, processing large dataset[39m
[38;5;23m2026-04-02 18:52:41[39m | [38;5;23mINFO[39m | Concatenating files without compression.[39m
[38;5;23m2026-04-02 18:52:41[39m | [38;5;23mINFO[39m | Exported total_c stats for count to <modality.infrastructure.file_name_service.ExtractDataFileName object at 0x1554e40ac790>.[39m
[38;5;23m2026-04-02 18:52:41[39m | [38;5;23mINFO[39m | Results written to file[39m
[38;5;23m2026-04-02 18:52:41[39m  16009 regions extracted.[39m
[38;5;23m2026-04-02 18:52:41[39m  [1m[38;5;154mData extracted successfully to /expanse/lustre/projects/csd940/zalibhai/biomodal/modality/outputs_CG/Results/gencode.vM25.mouse.cpg_islands.annotation/Extract_20260402_185241[39m
[38;5;23m2026-04-02 18:52:41[39m | [38;5;23mINFO[39m | No plots generated. Sample sheet / group provided but no plots requested.[39m
[38;5;23m2026-04-02 18:52:41[39m  Wrote provenance sidecar file to /expanse/lustre/projects/csd940/zalibhai/biomodal/modality/outputs_CG/Results/gencode.vM25.mouse.cpg_islands.annotation/Extract_20260402_185241/modality_metadata_20260402_185241.json[39m
[INFO] 2026-04-02 18:52:42 - Running feature extraction: mean total_c (plots generated automatically)...
Logged in using stored credentials
[38;5;23m2026-04-02 18:52:45[39m  [1m[38;5;123mProvenance information:[39m
[38;5;23m2026-04-02 18:52:45[39m  cmd='/home/zalibhai/miniforge3/envs/modality/bin/modality -v get mean --zarr-path /expanse/lustre/projects/csd940/zalibhai/biomodal/evoC-run/output/duet-1.5.0_evoC_Bap1_run_6bp/sample_outputs/zarr_store/CG/evoC_Bap1_run.genome.GRCm38_primary_assembly.dedup.CG.zarrz --sample-sheet /expanse/lustre/projects/csd940/zalibhai/biomodal/modality/metadata.tsv --bedfile /expanse/lustre/projects/csd940/zalibhai/biomodal/modality/mm10/gencode.vM25.mouse.cpg_islands.annotation.bed --fields total_c --order-by-group condition --output-dir /expanse/lustre/projects/csd940/zalibhai/biomodal/modality/outputs_CG/Results/gencode.vM25.mouse.cpg_islands.annotation'
timestamp=2026-04-02T18:52:45.699779
version=1.0.0
user=zalibhai

[39m
[38;5;23m2026-04-02 18:52:45[39m  [1m[38;5;123mExtracting methylation features:[39m
[38;5;23m2026-04-02 18:52:45[39m  [38;5;248mZarr path(s)[39m: ['/expanse/lustre/projects/csd940/zalibhai/biomodal/evoC-run/output/duet-1.5.0_evoC_Bap1_run_6bp/sample_outputs/zarr_store/CG/evoC_Bap1_run.genome.GRCm38_primary_assembly.dedup.CG.zarrz'][39m
[38;5;23m2026-04-02 18:52:45[39m  [38;5;248mSample Sheet[39m: /expanse/lustre/projects/csd940/zalibhai/biomodal/modality/metadata.tsv[39m
[38;5;23m2026-04-02 18:52:45[39m  [38;5;248mBedfile[39m: /expanse/lustre/projects/csd940/zalibhai/biomodal/modality/mm10/gencode.vM25.mouse.cpg_islands.annotation.bed[39m
[38;5;23m2026-04-02 18:52:45[39m  [38;5;248mFields[39m: ['num_total_c'][39m
[38;5;23m2026-04-02 18:52:45[39m  [38;5;248mOrder By Group[39m: condition[39m
[38;5;23m2026-04-02 18:52:45[39m  [38;5;248mOutput Dir[39m: /expanse/lustre/projects/csd940/zalibhai/biomodal/modality/outputs_CG/Results/gencode.vM25.mouse.cpg_islands.annotation[39m
[38;5;23m2026-04-02 18:52:45[39m  [38;5;248mMin Coverage[39m: 0[39m
[38;5;23m2026-04-02 18:52:45[39m  [38;5;248mNum Contexts[39m: 0[39m
[38;5;23m2026-04-02 18:52:45[39m  [38;5;248mDisable Strand Merging[39m: False[39m
[38;5;23m2026-04-02 18:52:45[39m  [38;5;248mWindow Size[39m: None[39m
[38;5;23m2026-04-02 18:52:45[39m  [38;5;248mTabix[39m: False[39m
[38;5;23m2026-04-02 18:52:45[39m  [38;5;248mRegion[39m: None[39m
[38;5;23m2026-04-02 18:52:45[39m  [38;5;248mAggregate By Group[39m: None[39m
[38;5;23m2026-04-02 18:52:45[39m  [38;5;248mCase Sensitive[39m: False[39m
[38;5;23m2026-04-02 18:52:45[39m  [38;5;248mHeatmap[39m: False[39m
[38;5;23m2026-04-02 18:52:45[39m | [38;5;23mINFO[39m | Sample sheet: /expanse/lustre/projects/csd940/zalibhai/biomodal/modality/metadata.tsv[39m
[38;5;23m2026-04-02 18:52:45[39m | [38;5;23mINFO[39m | Order samples by: condition, case-insensitive[39m
[38;5;23m2026-04-02 18:52:45[39m | [38;5;23mINFO[39m | Loading Zarr dataset...[39m
[38;5;23m2026-04-02 18:52:48[39m | [38;5;23mINFO[39m | Merging CpG strands before extraction...[39m
[38;5;23m2026-04-02 18:52:58[39m | [38;5;23mINFO[39m | Performing ['mean'] on variables ['num_total_c'] and min coverage 0.[39m
[38;5;23m2026-04-02 18:52:58[39m | [38;5;23mINFO[39m | ['num_total_c'][39m
[38;5;23m2026-04-02 18:52:58[39m | [38;5;23mINFO[39m | Adding Ranges_ID column to validate merging.[39m
[38;5;23m2026-04-02 18:53:04[39m | [38;5;23mINFO[39m | Summarized over 16009 regions.[39m
[38;5;23m2026-04-02 18:53:04[39m | [38;5;23mINFO[39m | Applying post-processor <lambda> to DataFrame.[39m
[38;5;23m2026-04-02 18:53:04[39m | [38;5;23mINFO[39m | Dataframe has 16009 rows, processing large dataset[39m
[38;5;23m2026-04-02 18:53:04[39m | [38;5;23mINFO[39m | Concatenating files without compression.[39m
[38;5;23m2026-04-02 18:53:04[39m | [38;5;23mINFO[39m | Exported total_c stats for mean to <modality.infrastructure.file_name_service.ExtractDataFileName object at 0x1554e4c155d0>.[39m
[38;5;23m2026-04-02 18:53:04[39m | [38;5;23mINFO[39m | Results written to file[39m
[38;5;23m2026-04-02 18:53:04[39m  16009 regions extracted.[39m
[38;5;23m2026-04-02 18:53:04[39m  [1m[38;5;154mData extracted successfully to /expanse/lustre/projects/csd940/zalibhai/biomodal/modality/outputs_CG/Results/gencode.vM25.mouse.cpg_islands.annotation/Extract_20260402_185304[39m
[38;5;23m2026-04-02 18:53:04[39m  Generating plots: violin, correlation[39m
[38;5;23m2026-04-02 18:53:04[39m | [38;5;23mINFO[39m | Feature report saved to /expanse/lustre/projects/csd940/zalibhai/biomodal/modality/outputs_CG/Results/gencode.vM25.mouse.cpg_islands.annotation/Extract_20260402_185304/total_c_mean_extract_report_20260402_185304.html[39m
[38;5;23m2026-04-02 18:53:05[39m | [38;5;23mINFO[39m | JSON report saved to /expanse/lustre/projects/csd940/zalibhai/biomodal/modality/outputs_CG/Results/gencode.vM25.mouse.cpg_islands.annotation/Extract_20260402_185304/total_c_mean_extract_report_20260402_185304.json[39m
[38;5;23m2026-04-02 18:53:05[39m  [1m[38;5;154mFeature report with violin, correlation visualizations generated successfully at /expanse/lustre/projects/csd940/zalibhai/biomodal/modality/outputs_CG/Results/gencode.vM25.mouse.cpg_islands.annotation/Extract_20260402_185304/total_c_mean_extract_report_20260402_185304.html.[39m
[38;5;23m2026-04-02 18:53:05[39m  Wrote provenance sidecar file to /expanse/lustre/projects/csd940/zalibhai/biomodal/modality/outputs_CG/Results/gencode.vM25.mouse.cpg_islands.annotation/Extract_20260402_185304/modality_metadata_20260402_185305.json[39m
[INFO] 2026-04-02 18:53:05 - Running feature extraction: regional-frac for mc and hmc with minimum depth 10 (plots generated automatically)...
Logged in using stored credentials
[38;5;23m2026-04-02 18:53:09[39m  [1m[38;5;123mProvenance information:[39m
[38;5;23m2026-04-02 18:53:09[39m  cmd='/home/zalibhai/miniforge3/envs/modality/bin/modality -v get regional-frac --zarr-path /expanse/lustre/projects/csd940/zalibhai/biomodal/evoC-run/output/duet-1.5.0_evoC_Bap1_run_6bp/sample_outputs/zarr_store/CG/evoC_Bap1_run.genome.GRCm38_primary_assembly.dedup.CG.zarrz --sample-sheet /expanse/lustre/projects/csd940/zalibhai/biomodal/modality/metadata.tsv --bedfile /expanse/lustre/projects/csd940/zalibhai/biomodal/modality/mm10/gencode.vM25.mouse.cpg_islands.annotation.bed --fields mc hmc --min-coverage 10 --order-by-group condition --output-dir /expanse/lustre/projects/csd940/zalibhai/biomodal/modality/outputs_CG/Results/gencode.vM25.mouse.cpg_islands.annotation'
timestamp=2026-04-02T18:53:09.152034
version=1.0.0
user=zalibhai

[39m
[38;5;23m2026-04-02 18:53:09[39m  [1m[38;5;123mExtracting methylation features:[39m
[38;5;23m2026-04-02 18:53:09[39m  [38;5;248mZarr path(s)[39m: ['/expanse/lustre/projects/csd940/zalibhai/biomodal/evoC-run/output/duet-1.5.0_evoC_Bap1_run_6bp/sample_outputs/zarr_store/CG/evoC_Bap1_run.genome.GRCm38_primary_assembly.dedup.CG.zarrz'][39m
[38;5;23m2026-04-02 18:53:09[39m  [38;5;248mSample Sheet[39m: /expanse/lustre/projects/csd940/zalibhai/biomodal/modality/metadata.tsv[39m
[38;5;23m2026-04-02 18:53:09[39m  [38;5;248mBedfile[39m: /expanse/lustre/projects/csd940/zalibhai/biomodal/modality/mm10/gencode.vM25.mouse.cpg_islands.annotation.bed[39m
[38;5;23m2026-04-02 18:53:09[39m  [38;5;248mFields[39m: ['num_mc', 'num_hmc'][39m
[38;5;23m2026-04-02 18:53:09[39m  [38;5;248mMin Coverage[39m: 10[39m
[38;5;23m2026-04-02 18:53:09[39m  [38;5;248mOrder By Group[39m: condition[39m
[38;5;23m2026-04-02 18:53:09[39m  [38;5;248mOutput Dir[39m: /expanse/lustre/projects/csd940/zalibhai/biomodal/modality/outputs_CG/Results/gencode.vM25.mouse.cpg_islands.annotation[39m
[38;5;23m2026-04-02 18:53:09[39m  [38;5;248mNum Contexts[39m: 0[39m
[38;5;23m2026-04-02 18:53:09[39m  [38;5;248mDisable Strand Merging[39m: False[39m
[38;5;23m2026-04-02 18:53:09[39m  [38;5;248mWindow Size[39m: None[39m
[38;5;23m2026-04-02 18:53:09[39m  [38;5;248mTabix[39m: False[39m
[38;5;23m2026-04-02 18:53:09[39m  [38;5;248mRegion[39m: None[39m
[38;5;23m2026-04-02 18:53:09[39m  [38;5;248mAggregate By Group[39m: None[39m
[38;5;23m2026-04-02 18:53:09[39m  [38;5;248mCase Sensitive[39m: False[39m
[38;5;23m2026-04-02 18:53:09[39m  [38;5;248mHeatmap[39m: False[39m
[38;5;23m2026-04-02 18:53:09[39m | [38;5;23mINFO[39m | Sample sheet: /expanse/lustre/projects/csd940/zalibhai/biomodal/modality/metadata.tsv[39m
[38;5;23m2026-04-02 18:53:09[39m | [38;5;23mINFO[39m | Order samples by: condition, case-insensitive[39m
[38;5;23m2026-04-02 18:53:09[39m | [38;5;23mINFO[39m | Loading Zarr dataset...[39m
[38;5;23m2026-04-02 18:53:11[39m | [38;5;23mINFO[39m | Merging CpG strands before extraction...[39m
[38;5;23m2026-04-02 18:53:52[39m | [38;5;23mINFO[39m | Performing ['regional-frac'] on variables ['num_mc', 'num_hmc'] and min coverage 10.[39m
[38;5;23m2026-04-02 18:53:52[39m | [38;5;23mINFO[39m | ['num_mc', 'num_hmc', 'num_total_c'][39m
[38;5;23m2026-04-02 18:53:52[39m | [38;5;23mINFO[39m | Adding Ranges_ID column to validate merging.[39m
[38;5;23m2026-04-02 18:54:02[39m | [38;5;23mINFO[39m | Summarized over 16009 regions.[39m
[38;5;23m2026-04-02 18:54:02[39m | [38;5;23mINFO[39m | Applying post-processor <lambda> to DataFrame.[39m
[38;5;23m2026-04-02 18:54:02[39m | [38;5;23mINFO[39m | Dataframe has 16009 rows, processing large dataset[39m
[38;5;23m2026-04-02 18:54:02[39m | [38;5;23mINFO[39m | Concatenating files without compression.[39m
[38;5;23m2026-04-02 18:54:02[39m | [38;5;23mINFO[39m | Exported mc stats for regional-frac to <modality.infrastructure.file_name_service.ExtractDataFileName object at 0x1554c4941790>.[39m
[38;5;23m2026-04-02 18:54:02[39m | [38;5;23mINFO[39m | Applying post-processor <lambda> to DataFrame.[39m
[38;5;23m2026-04-02 18:54:03[39m | [38;5;23mINFO[39m | Dataframe has 16009 rows, processing large dataset[39m
[38;5;23m2026-04-02 18:54:03[39m | [38;5;23mINFO[39m | Concatenating files without compression.[39m
[38;5;23m2026-04-02 18:54:03[39m | [38;5;23mINFO[39m | Exported hmc stats for regional-frac to <modality.infrastructure.file_name_service.ExtractDataFileName object at 0x1554e6edcad0>.[39m
[38;5;23m2026-04-02 18:54:03[39m | [38;5;23mINFO[39m | Results written to file[39m
[38;5;23m2026-04-02 18:54:03[39m  16009 regions extracted.[39m
[38;5;23m2026-04-02 18:54:03[39m  [1m[38;5;154mData extracted successfully to /expanse/lustre/projects/csd940/zalibhai/biomodal/modality/outputs_CG/Results/gencode.vM25.mouse.cpg_islands.annotation/Extract_20260402_185402[39m
[38;5;23m2026-04-02 18:54:03[39m  Generating plots: correlation, violin[39m
[38;5;23m2026-04-02 18:54:03[39m | [38;5;23mINFO[39m | Feature report saved to /expanse/lustre/projects/csd940/zalibhai/biomodal/modality/outputs_CG/Results/gencode.vM25.mouse.cpg_islands.annotation/Extract_20260402_185402/hmc-mc_regional-frac_extract_report_20260402_185402.html[39m
[38;5;23m2026-04-02 18:54:03[39m | [38;5;23mINFO[39m | JSON report saved to /expanse/lustre/projects/csd940/zalibhai/biomodal/modality/outputs_CG/Results/gencode.vM25.mouse.cpg_islands.annotation/Extract_20260402_185402/hmc-mc_regional-frac_extract_report_20260402_185402.json[39m
[38;5;23m2026-04-02 18:54:03[39m  [1m[38;5;154mFeature report with correlation, violin visualizations generated successfully at /expanse/lustre/projects/csd940/zalibhai/biomodal/modality/outputs_CG/Results/gencode.vM25.mouse.cpg_islands.annotation/Extract_20260402_185402/hmc-mc_regional-frac_extract_report_20260402_185402.html.[39m
[38;5;23m2026-04-02 18:54:03[39m  Wrote provenance sidecar file to /expanse/lustre/projects/csd940/zalibhai/biomodal/modality/outputs_CG/Results/gencode.vM25.mouse.cpg_islands.annotation/Extract_20260402_185402/modality_metadata_20260402_185403.json[39m
[INFO] 2026-04-02 18:54:04 - Feature extraction completed for gencode.vM25.mouse.cpg_islands.annotation
[INFO] 2026-04-02 18:54:04 - Processing region file: /expanse/lustre/projects/csd940/zalibhai/biomodal/modality/mm10/gencode.vM25.mouse.cpg_islands.annotation.bed.gz
[INFO] 2026-04-02 18:54:04 - Running feature extraction: count total_c...
Logged in using stored credentials
[38;5;23m2026-04-02 18:54:08[39m  [1m[38;5;123mProvenance information:[39m
[38;5;23m2026-04-02 18:54:08[39m  cmd='/home/zalibhai/miniforge3/envs/modality/bin/modality -v get count --zarr-path /expanse/lustre/projects/csd940/zalibhai/biomodal/evoC-run/output/duet-1.5.0_evoC_Bap1_run_6bp/sample_outputs/zarr_store/CG/evoC_Bap1_run.genome.GRCm38_primary_assembly.dedup.CG.zarrz --sample-sheet /expanse/lustre/projects/csd940/zalibhai/biomodal/modality/metadata.tsv --bedfile /expanse/lustre/projects/csd940/zalibhai/biomodal/modality/mm10/gencode.vM25.mouse.cpg_islands.annotation.bed.gz --fields total_c --output-dir /expanse/lustre/projects/csd940/zalibhai/biomodal/modality/outputs_CG/Results/gencode.vM25.mouse.cpg_islands.annotation'
timestamp=2026-04-02T18:54:08.510299
version=1.0.0
user=zalibhai

[39m
[38;5;23m2026-04-02 18:54:08[39m  [1m[38;5;123mExtracting methylation features:[39m
[38;5;23m2026-04-02 18:54:08[39m  [38;5;248mZarr path(s)[39m: ['/expanse/lustre/projects/csd940/zalibhai/biomodal/evoC-run/output/duet-1.5.0_evoC_Bap1_run_6bp/sample_outputs/zarr_store/CG/evoC_Bap1_run.genome.GRCm38_primary_assembly.dedup.CG.zarrz'][39m
[38;5;23m2026-04-02 18:54:08[39m  [38;5;248mSample Sheet[39m: /expanse/lustre/projects/csd940/zalibhai/biomodal/modality/metadata.tsv[39m
[38;5;23m2026-04-02 18:54:08[39m  [38;5;248mBedfile[39m: /expanse/lustre/projects/csd940/zalibhai/biomodal/modality/mm10/gencode.vM25.mouse.cpg_islands.annotation.bed.gz[39m
[38;5;23m2026-04-02 18:54:08[39m  [38;5;248mFields[39m: ['num_total_c'][39m
[38;5;23m2026-04-02 18:54:08[39m  [38;5;248mOutput Dir[39m: /expanse/lustre/projects/csd940/zalibhai/biomodal/modality/outputs_CG/Results/gencode.vM25.mouse.cpg_islands.annotation[39m
[38;5;23m2026-04-02 18:54:08[39m  [38;5;248mMin Coverage[39m: 0[39m
[38;5;23m2026-04-02 18:54:08[39m  [38;5;248mNum Contexts[39m: 0[39m
[38;5;23m2026-04-02 18:54:08[39m  [38;5;248mDisable Strand Merging[39m: False[39m
[38;5;23m2026-04-02 18:54:08[39m  [38;5;248mWindow Size[39m: None[39m
[38;5;23m2026-04-02 18:54:08[39m  [38;5;248mTabix[39m: False[39m
[38;5;23m2026-04-02 18:54:08[39m  [38;5;248mRegion[39m: None[39m
[38;5;23m2026-04-02 18:54:08[39m | [38;5;23mINFO[39m | Loading Zarr dataset...[39m
[38;5;23m2026-04-02 18:54:11[39m | [38;5;23mINFO[39m | Merging CpG strands before extraction...[39m
[38;5;23m2026-04-02 18:54:21[39m | [38;5;23mINFO[39m | Performing ['count'] on variables ['num_total_c'] and min coverage 0.[39m
[38;5;23m2026-04-02 18:54:21[39m | [38;5;23mINFO[39m | ['num_total_c'][39m
[38;5;23m2026-04-02 18:54:21[39m | [38;5;23mINFO[39m | Adding Ranges_ID column to validate merging.[39m
[38;5;23m2026-04-02 18:54:26[39m | [38;5;23mINFO[39m | Summarized over 16009 regions.[39m
[38;5;23m2026-04-02 18:54:27[39m | [38;5;23mINFO[39m | Applying post-processor <lambda> to DataFrame.[39m
[38;5;23m2026-04-02 18:54:27[39m | [38;5;23mINFO[39m | Dataframe has 16009 rows, processing large dataset[39m
[38;5;23m2026-04-02 18:54:27[39m | [38;5;23mINFO[39m | Concatenating files without compression.[39m
[38;5;23m2026-04-02 18:54:27[39m | [38;5;23mINFO[39m | Exported total_c stats for count to <modality.infrastructure.file_name_service.ExtractDataFileName object at 0x1554e5ebc590>.[39m
[38;5;23m2026-04-02 18:54:27[39m | [38;5;23mINFO[39m | Results written to file[39m
[38;5;23m2026-04-02 18:54:27[39m  16009 regions extracted.[39m
[38;5;23m2026-04-02 18:54:27[39m  [1m[38;5;154mData extracted successfully to /expanse/lustre/projects/csd940/zalibhai/biomodal/modality/outputs_CG/Results/gencode.vM25.mouse.cpg_islands.annotation/Extract_20260402_185427[39m
[38;5;23m2026-04-02 18:54:27[39m | [38;5;23mINFO[39m | No plots generated. Sample sheet / group provided but no plots requested.[39m
[38;5;23m2026-04-02 18:54:27[39m  Wrote provenance sidecar file to /expanse/lustre/projects/csd940/zalibhai/biomodal/modality/outputs_CG/Results/gencode.vM25.mouse.cpg_islands.annotation/Extract_20260402_185427/modality_metadata_20260402_185427.json[39m
[INFO] 2026-04-02 18:54:28 - Running feature extraction: mean total_c (plots generated automatically)...
Logged in using stored credentials
[38;5;23m2026-04-02 18:54:30[39m  [1m[38;5;123mProvenance information:[39m
[38;5;23m2026-04-02 18:54:30[39m  cmd='/home/zalibhai/miniforge3/envs/modality/bin/modality -v get mean --zarr-path /expanse/lustre/projects/csd940/zalibhai/biomodal/evoC-run/output/duet-1.5.0_evoC_Bap1_run_6bp/sample_outputs/zarr_store/CG/evoC_Bap1_run.genome.GRCm38_primary_assembly.dedup.CG.zarrz --sample-sheet /expanse/lustre/projects/csd940/zalibhai/biomodal/modality/metadata.tsv --bedfile /expanse/lustre/projects/csd940/zalibhai/biomodal/modality/mm10/gencode.vM25.mouse.cpg_islands.annotation.bed.gz --fields total_c --order-by-group condition --output-dir /expanse/lustre/projects/csd940/zalibhai/biomodal/modality/outputs_CG/Results/gencode.vM25.mouse.cpg_islands.annotation'
timestamp=2026-04-02T18:54:30.992619
version=1.0.0
user=zalibhai

[39m
[38;5;23m2026-04-02 18:54:30[39m  [1m[38;5;123mExtracting methylation features:[39m
[38;5;23m2026-04-02 18:54:31[39m  [38;5;248mZarr path(s)[39m: ['/expanse/lustre/projects/csd940/zalibhai/biomodal/evoC-run/output/duet-1.5.0_evoC_Bap1_run_6bp/sample_outputs/zarr_store/CG/evoC_Bap1_run.genome.GRCm38_primary_assembly.dedup.CG.zarrz'][39m
[38;5;23m2026-04-02 18:54:31[39m  [38;5;248mSample Sheet[39m: /expanse/lustre/projects/csd940/zalibhai/biomodal/modality/metadata.tsv[39m
[38;5;23m2026-04-02 18:54:31[39m  [38;5;248mBedfile[39m: /expanse/lustre/projects/csd940/zalibhai/biomodal/modality/mm10/gencode.vM25.mouse.cpg_islands.annotation.bed.gz[39m
[38;5;23m2026-04-02 18:54:31[39m  [38;5;248mFields[39m: ['num_total_c'][39m
[38;5;23m2026-04-02 18:54:31[39m  [38;5;248mOrder By Group[39m: condition[39m
[38;5;23m2026-04-02 18:54:31[39m  [38;5;248mOutput Dir[39m: /expanse/lustre/projects/csd940/zalibhai/biomodal/modality/outputs_CG/Results/gencode.vM25.mouse.cpg_islands.annotation[39m
[38;5;23m2026-04-02 18:54:31[39m  [38;5;248mMin Coverage[39m: 0[39m
[38;5;23m2026-04-02 18:54:31[39m  [38;5;248mNum Contexts[39m: 0[39m
[38;5;23m2026-04-02 18:54:31[39m  [38;5;248mDisable Strand Merging[39m: False[39m
[38;5;23m2026-04-02 18:54:31[39m  [38;5;248mWindow Size[39m: None[39m
[38;5;23m2026-04-02 18:54:31[39m  [38;5;248mTabix[39m: False[39m
[38;5;23m2026-04-02 18:54:31[39m  [38;5;248mRegion[39m: None[39m
[38;5;23m2026-04-02 18:54:31[39m  [38;5;248mAggregate By Group[39m: None[39m
[38;5;23m2026-04-02 18:54:31[39m  [38;5;248mCase Sensitive[39m: False[39m
[38;5;23m2026-04-02 18:54:31[39m  [38;5;248mHeatmap[39m: False[39m
[38;5;23m2026-04-02 18:54:31[39m | [38;5;23mINFO[39m | Sample sheet: /expanse/lustre/projects/csd940/zalibhai/biomodal/modality/metadata.tsv[39m
[38;5;23m2026-04-02 18:54:31[39m | [38;5;23mINFO[39m | Order samples by: condition, case-insensitive[39m
[38;5;23m2026-04-02 18:54:31[39m | [38;5;23mINFO[39m | Loading Zarr dataset...[39m
[38;5;23m2026-04-02 18:54:33[39m | [38;5;23mINFO[39m | Merging CpG strands before extraction...[39m
[38;5;23m2026-04-02 18:54:43[39m | [38;5;23mINFO[39m | Performing ['mean'] on variables ['num_total_c'] and min coverage 0.[39m
[38;5;23m2026-04-02 18:54:43[39m | [38;5;23mINFO[39m | ['num_total_c'][39m
[38;5;23m2026-04-02 18:54:43[39m | [38;5;23mINFO[39m | Adding Ranges_ID column to validate merging.[39m
[38;5;23m2026-04-02 18:54:49[39m | [38;5;23mINFO[39m | Summarized over 16009 regions.[39m
[38;5;23m2026-04-02 18:54:49[39m | [38;5;23mINFO[39m | Applying post-processor <lambda> to DataFrame.[39m
[38;5;23m2026-04-02 18:54:49[39m | [38;5;23mINFO[39m | Dataframe has 16009 rows, processing large dataset[39m
[38;5;23m2026-04-02 18:54:49[39m | [38;5;23mINFO[39m | Concatenating files without compression.[39m
[38;5;23m2026-04-02 18:54:49[39m | [38;5;23mINFO[39m | Exported total_c stats for mean to <modality.infrastructure.file_name_service.ExtractDataFileName object at 0x1554e49a5e10>.[39m
[38;5;23m2026-04-02 18:54:49[39m | [38;5;23mINFO[39m | Results written to file[39m
[38;5;23m2026-04-02 18:54:49[39m  16009 regions extracted.[39m
[38;5;23m2026-04-02 18:54:49[39m  [1m[38;5;154mData extracted successfully to /expanse/lustre/projects/csd940/zalibhai/biomodal/modality/outputs_CG/Results/gencode.vM25.mouse.cpg_islands.annotation/Extract_20260402_185449[39m
[38;5;23m2026-04-02 18:54:49[39m  Generating plots: violin, correlation[39m
[38;5;23m2026-04-02 18:54:50[39m | [38;5;23mINFO[39m | Feature report saved to /expanse/lustre/projects/csd940/zalibhai/biomodal/modality/outputs_CG/Results/gencode.vM25.mouse.cpg_islands.annotation/Extract_20260402_185449/total_c_mean_extract_report_20260402_185449.html[39m
[38;5;23m2026-04-02 18:54:50[39m | [38;5;23mINFO[39m | JSON report saved to /expanse/lustre/projects/csd940/zalibhai/biomodal/modality/outputs_CG/Results/gencode.vM25.mouse.cpg_islands.annotation/Extract_20260402_185449/total_c_mean_extract_report_20260402_185449.json[39m
[38;5;23m2026-04-02 18:54:50[39m  [1m[38;5;154mFeature report with violin, correlation visualizations generated successfully at /expanse/lustre/projects/csd940/zalibhai/biomodal/modality/outputs_CG/Results/gencode.vM25.mouse.cpg_islands.annotation/Extract_20260402_185449/total_c_mean_extract_report_20260402_185449.html.[39m
[38;5;23m2026-04-02 18:54:50[39m  Wrote provenance sidecar file to /expanse/lustre/projects/csd940/zalibhai/biomodal/modality/outputs_CG/Results/gencode.vM25.mouse.cpg_islands.annotation/Extract_20260402_185449/modality_metadata_20260402_185450.json[39m
[INFO] 2026-04-02 18:57:04 - Running feature extraction: regional-frac for mc and hmc with minimum depth 10 (plots generated automatically)...
Logged in using stored credentials
[38;5;23m2026-04-02 18:57:08[39m  [1m[38;5;123mProvenance information:[39m
[38;5;23m2026-04-02 18:57:08[39m  cmd='/home/zalibhai/miniforge3/envs/modality/bin/modality -v get regional-frac --zarr-path /expanse/lustre/projects/csd940/zalibhai/biomodal/evoC-run/output/duet-1.5.0_evoC_Bap1_run_6bp/sample_outputs/zarr_store/CG/evoC_Bap1_run.genome.GRCm38_primary_assembly.dedup.CG.zarrz --sample-sheet /expanse/lustre/projects/csd940/zalibhai/biomodal/modality/metadata.tsv --bedfile /expanse/lustre/projects/csd940/zalibhai/biomodal/modality/mm10/gencode.vM25.mouse.cpg_islands.annotation.bed.gz --fields mc hmc --min-coverage 10 --order-by-group condition --output-dir /expanse/lustre/projects/csd940/zalibhai/biomodal/modality/outputs_CG/Results/gencode.vM25.mouse.cpg_islands.annotation'
timestamp=2026-04-02T18:57:08.679431
version=1.0.0
user=zalibhai

[39m
[38;5;23m2026-04-02 18:57:08[39m  [1m[38;5;123mExtracting methylation features:[39m
[38;5;23m2026-04-02 18:57:08[39m  [38;5;248mZarr path(s)[39m: ['/expanse/lustre/projects/csd940/zalibhai/biomodal/evoC-run/output/duet-1.5.0_evoC_Bap1_run_6bp/sample_outputs/zarr_store/CG/evoC_Bap1_run.genome.GRCm38_primary_assembly.dedup.CG.zarrz'][39m
[38;5;23m2026-04-02 18:57:08[39m  [38;5;248mSample Sheet[39m: /expanse/lustre/projects/csd940/zalibhai/biomodal/modality/metadata.tsv[39m
[38;5;23m2026-04-02 18:57:08[39m  [38;5;248mBedfile[39m: /expanse/lustre/projects/csd940/zalibhai/biomodal/modality/mm10/gencode.vM25.mouse.cpg_islands.annotation.bed.gz[39m
[38;5;23m2026-04-02 18:57:08[39m  [38;5;248mFields[39m: ['num_mc', 'num_hmc'][39m
[38;5;23m2026-04-02 18:57:08[39m  [38;5;248mMin Coverage[39m: 10[39m
[38;5;23m2026-04-02 18:57:08[39m  [38;5;248mOrder By Group[39m: condition[39m
[38;5;23m2026-04-02 18:57:08[39m  [38;5;248mOutput Dir[39m: /expanse/lustre/projects/csd940/zalibhai/biomodal/modality/outputs_CG/Results/gencode.vM25.mouse.cpg_islands.annotation[39m
[38;5;23m2026-04-02 18:57:08[39m  [38;5;248mNum Contexts[39m: 0[39m
[38;5;23m2026-04-02 18:57:08[39m  [38;5;248mDisable Strand Merging[39m: False[39m
[38;5;23m2026-04-02 18:57:08[39m  [38;5;248mWindow Size[39m: None[39m
[38;5;23m2026-04-02 18:57:08[39m  [38;5;248mTabix[39m: False[39m
[38;5;23m2026-04-02 18:57:08[39m  [38;5;248mRegion[39m: None[39m
[38;5;23m2026-04-02 18:57:08[39m  [38;5;248mAggregate By Group[39m: None[39m
[38;5;23m2026-04-02 18:57:08[39m  [38;5;248mCase Sensitive[39m: False[39m
[38;5;23m2026-04-02 18:57:08[39m  [38;5;248mHeatmap[39m: False[39m
[38;5;23m2026-04-02 18:57:08[39m | [38;5;23mINFO[39m | Sample sheet: /expanse/lustre/projects/csd940/zalibhai/biomodal/modality/metadata.tsv[39m
[38;5;23m2026-04-02 18:57:08[39m | [38;5;23mINFO[39m | Order samples by: condition, case-insensitive[39m
[38;5;23m2026-04-02 18:57:08[39m | [38;5;23mINFO[39m | Loading Zarr dataset...[39m
[38;5;23m2026-04-02 18:57:11[39m | [38;5;23mINFO[39m | Merging CpG strands before extraction...[39m
[38;5;23m2026-04-02 18:57:52[39m | [38;5;23mINFO[39m | Performing ['regional-frac'] on variables ['num_mc', 'num_hmc'] and min coverage 10.[39m
[38;5;23m2026-04-02 18:57:52[39m | [38;5;23mINFO[39m | ['num_mc', 'num_hmc', 'num_total_c'][39m
[38;5;23m2026-04-02 18:57:52[39m | [38;5;23mINFO[39m | Adding Ranges_ID column to validate merging.[39m
[38;5;23m2026-04-02 18:58:02[39m | [38;5;23mINFO[39m | Summarized over 16009 regions.[39m
[38;5;23m2026-04-02 18:58:02[39m | [38;5;23mINFO[39m | Applying post-processor <lambda> to DataFrame.[39m
[38;5;23m2026-04-02 18:58:02[39m | [38;5;23mINFO[39m | Dataframe has 16009 rows, processing large dataset[39m
[38;5;23m2026-04-02 18:58:02[39m | [38;5;23mINFO[39m | Concatenating files without compression.[39m
[38;5;23m2026-04-02 18:58:02[39m | [38;5;23mINFO[39m | Exported mc stats for regional-frac to <modality.infrastructure.file_name_service.ExtractDataFileName object at 0x1554e42678d0>.[39m
[38;5;23m2026-04-02 18:58:02[39m | [38;5;23mINFO[39m | Applying post-processor <lambda> to DataFrame.[39m
[38;5;23m2026-04-02 18:58:03[39m | [38;5;23mINFO[39m | Dataframe has 16009 rows, processing large dataset[39m
[38;5;23m2026-04-02 18:58:03[39m | [38;5;23mINFO[39m | Concatenating files without compression.[39m
[38;5;23m2026-04-02 18:58:03[39m | [38;5;23mINFO[39m | Exported hmc stats for regional-frac to <modality.infrastructure.file_name_service.ExtractDataFileName object at 0x1554dc0ebc90>.[39m
[38;5;23m2026-04-02 18:58:03[39m | [38;5;23mINFO[39m | Results written to file[39m
[38;5;23m2026-04-02 18:58:03[39m  16009 regions extracted.[39m
[38;5;23m2026-04-02 18:58:03[39m  [1m[38;5;154mData extracted successfully to /expanse/lustre/projects/csd940/zalibhai/biomodal/modality/outputs_CG/Results/gencode.vM25.mouse.cpg_islands.annotation/Extract_20260402_185802[39m
[38;5;23m2026-04-02 18:58:03[39m  Generating plots: violin, correlation[39m
[38;5;23m2026-04-02 18:58:04[39m | [38;5;23mINFO[39m | Feature report saved to /expanse/lustre/projects/csd940/zalibhai/biomodal/modality/outputs_CG/Results/gencode.vM25.mouse.cpg_islands.annotation/Extract_20260402_185802/hmc-mc_regional-frac_extract_report_20260402_185802.html[39m
[38;5;23m2026-04-02 18:58:04[39m | [38;5;23mINFO[39m | JSON report saved to /expanse/lustre/projects/csd940/zalibhai/biomodal/modality/outputs_CG/Results/gencode.vM25.mouse.cpg_islands.annotation/Extract_20260402_185802/hmc-mc_regional-frac_extract_report_20260402_185802.json[39m
[38;5;23m2026-04-02 18:58:04[39m  [1m[38;5;154mFeature report with violin, correlation visualizations generated successfully at /expanse/lustre/projects/csd940/zalibhai/biomodal/modality/outputs_CG/Results/gencode.vM25.mouse.cpg_islands.annotation/Extract_20260402_185802/hmc-mc_regional-frac_extract_report_20260402_185802.html.[39m
[38;5;23m2026-04-02 18:58:04[39m  Wrote provenance sidecar file to /expanse/lustre/projects/csd940/zalibhai/biomodal/modality/outputs_CG/Results/gencode.vM25.mouse.cpg_islands.annotation/Extract_20260402_185802/modality_metadata_20260402_185804.json[39m
[INFO] 2026-04-02 18:58:05 - Feature extraction completed for gencode.vM25.mouse.cpg_islands.annotation
[INFO] 2026-04-02 18:58:05 - Processing region file: /expanse/lustre/projects/csd940/zalibhai/biomodal/modality/mm10/gencode.vM25.mouse.cpg_shelves.annotation.bed.gz
[INFO] 2026-04-02 18:58:05 - Running feature extraction: count total_c...
Logged in using stored credentials
[38;5;23m2026-04-02 18:58:09[39m  [1m[38;5;123mProvenance information:[39m
[38;5;23m2026-04-02 18:58:09[39m  cmd='/home/zalibhai/miniforge3/envs/modality/bin/modality -v get count --zarr-path /expanse/lustre/projects/csd940/zalibhai/biomodal/evoC-run/output/duet-1.5.0_evoC_Bap1_run_6bp/sample_outputs/zarr_store/CG/evoC_Bap1_run.genome.GRCm38_primary_assembly.dedup.CG.zarrz --sample-sheet /expanse/lustre/projects/csd940/zalibhai/biomodal/modality/metadata.tsv --bedfile /expanse/lustre/projects/csd940/zalibhai/biomodal/modality/mm10/gencode.vM25.mouse.cpg_shelves.annotation.bed.gz --fields total_c --output-dir /expanse/lustre/projects/csd940/zalibhai/biomodal/modality/outputs_CG/Results/gencode.vM25.mouse.cpg_shelves.annotation'
timestamp=2026-04-02T18:58:09.280387
version=1.0.0
user=zalibhai

[39m
[38;5;23m2026-04-02 18:58:09[39m  [1m[38;5;123mExtracting methylation features:[39m
[38;5;23m2026-04-02 18:58:09[39m  [38;5;248mZarr path(s)[39m: ['/expanse/lustre/projects/csd940/zalibhai/biomodal/evoC-run/output/duet-1.5.0_evoC_Bap1_run_6bp/sample_outputs/zarr_store/CG/evoC_Bap1_run.genome.GRCm38_primary_assembly.dedup.CG.zarrz'][39m
[38;5;23m2026-04-02 18:58:09[39m  [38;5;248mSample Sheet[39m: /expanse/lustre/projects/csd940/zalibhai/biomodal/modality/metadata.tsv[39m
[38;5;23m2026-04-02 18:58:09[39m  [38;5;248mBedfile[39m: /expanse/lustre/projects/csd940/zalibhai/biomodal/modality/mm10/gencode.vM25.mouse.cpg_shelves.annotation.bed.gz[39m
[38;5;23m2026-04-02 18:58:09[39m  [38;5;248mFields[39m: ['num_total_c'][39m
[38;5;23m2026-04-02 18:58:09[39m  [38;5;248mOutput Dir[39m: /expanse/lustre/projects/csd940/zalibhai/biomodal/modality/outputs_CG/Results/gencode.vM25.mouse.cpg_shelves.annotation[39m
[38;5;23m2026-04-02 18:58:09[39m  [38;5;248mMin Coverage[39m: 0[39m
[38;5;23m2026-04-02 18:58:09[39m  [38;5;248mNum Contexts[39m: 0[39m
[38;5;23m2026-04-02 18:58:09[39m  [38;5;248mDisable Strand Merging[39m: False[39m
[38;5;23m2026-04-02 18:58:09[39m  [38;5;248mWindow Size[39m: None[39m
[38;5;23m2026-04-02 18:58:09[39m  [38;5;248mTabix[39m: False[39m
[38;5;23m2026-04-02 18:58:09[39m  [38;5;248mRegion[39m: None[39m
[38;5;23m2026-04-02 18:58:09[39m | [38;5;23mINFO[39m | Loading Zarr dataset...[39m
[38;5;23m2026-04-02 18:58:11[39m | [38;5;23mINFO[39m | Merging CpG strands before extraction...[39m
[38;5;23m2026-04-02 18:58:22[39m | [38;5;23mINFO[39m | Performing ['count'] on variables ['num_total_c'] and min coverage 0.[39m
[38;5;23m2026-04-02 18:58:22[39m | [38;5;23mINFO[39m | ['num_total_c'][39m
[38;5;23m2026-04-02 18:58:22[39m | [38;5;23mINFO[39m | Adding Ranges_ID column to validate merging.[39m
[38;5;23m2026-04-02 18:58:27[39m | [38;5;23mINFO[39m | Summarized over 29912 regions.[39m
[38;5;23m2026-04-02 18:58:27[39m | [38;5;23mINFO[39m | Applying post-processor <lambda> to DataFrame.[39m
[38;5;23m2026-04-02 18:58:28[39m | [38;5;23mINFO[39m | Dataframe has 31066 rows, processing large dataset[39m
[38;5;23m2026-04-02 18:58:28[39m | [38;5;23mINFO[39m | Concatenating files without compression.[39m
[38;5;23m2026-04-02 18:58:28[39m | [38;5;23mINFO[39m | Exported total_c stats for count to <modality.infrastructure.file_name_service.ExtractDataFileName object at 0x1554e4782250>.[39m
[38;5;23m2026-04-02 18:58:28[39m | [38;5;23mINFO[39m | Results written to file[39m
[38;5;23m2026-04-02 18:58:28[39m  29912 regions extracted.[39m
[38;5;23m2026-04-02 18:58:28[39m  [1m[38;5;154mData extracted successfully to /expanse/lustre/projects/csd940/zalibhai/biomodal/modality/outputs_CG/Results/gencode.vM25.mouse.cpg_shelves.annotation/Extract_20260402_185828[39m
[38;5;23m2026-04-02 18:58:28[39m | [38;5;23mINFO[39m | No plots generated. Sample sheet / group provided but no plots requested.[39m
[38;5;23m2026-04-02 18:58:28[39m  Wrote provenance sidecar file to /expanse/lustre/projects/csd940/zalibhai/biomodal/modality/outputs_CG/Results/gencode.vM25.mouse.cpg_shelves.annotation/Extract_20260402_185828/modality_metadata_20260402_185828.json[39m
[INFO] 2026-04-02 18:58:29 - Running feature extraction: mean total_c (plots generated automatically)...
Logged in using stored credentials
[38;5;23m2026-04-02 18:58:32[39m  [1m[38;5;123mProvenance information:[39m
[38;5;23m2026-04-02 18:58:32[39m  cmd='/home/zalibhai/miniforge3/envs/modality/bin/modality -v get mean --zarr-path /expanse/lustre/projects/csd940/zalibhai/biomodal/evoC-run/output/duet-1.5.0_evoC_Bap1_run_6bp/sample_outputs/zarr_store/CG/evoC_Bap1_run.genome.GRCm38_primary_assembly.dedup.CG.zarrz --sample-sheet /expanse/lustre/projects/csd940/zalibhai/biomodal/modality/metadata.tsv --bedfile /expanse/lustre/projects/csd940/zalibhai/biomodal/modality/mm10/gencode.vM25.mouse.cpg_shelves.annotation.bed.gz --fields total_c --order-by-group condition --output-dir /expanse/lustre/projects/csd940/zalibhai/biomodal/modality/outputs_CG/Results/gencode.vM25.mouse.cpg_shelves.annotation'
timestamp=2026-04-02T18:58:32.100187
version=1.0.0
user=zalibhai

[39m
[38;5;23m2026-04-02 18:58:32[39m  [1m[38;5;123mExtracting methylation features:[39m
[38;5;23m2026-04-02 18:58:32[39m  [38;5;248mZarr path(s)[39m: ['/expanse/lustre/projects/csd940/zalibhai/biomodal/evoC-run/output/duet-1.5.0_evoC_Bap1_run_6bp/sample_outputs/zarr_store/CG/evoC_Bap1_run.genome.GRCm38_primary_assembly.dedup.CG.zarrz'][39m
[38;5;23m2026-04-02 18:58:32[39m  [38;5;248mSample Sheet[39m: /expanse/lustre/projects/csd940/zalibhai/biomodal/modality/metadata.tsv[39m
[38;5;23m2026-04-02 18:58:32[39m  [38;5;248mBedfile[39m: /expanse/lustre/projects/csd940/zalibhai/biomodal/modality/mm10/gencode.vM25.mouse.cpg_shelves.annotation.bed.gz[39m
[38;5;23m2026-04-02 18:58:32[39m  [38;5;248mFields[39m: ['num_total_c'][39m
[38;5;23m2026-04-02 18:58:32[39m  [38;5;248mOrder By Group[39m: condition[39m
[38;5;23m2026-04-02 18:58:32[39m  [38;5;248mOutput Dir[39m: /expanse/lustre/projects/csd940/zalibhai/biomodal/modality/outputs_CG/Results/gencode.vM25.mouse.cpg_shelves.annotation[39m
[38;5;23m2026-04-02 18:58:32[39m  [38;5;248mMin Coverage[39m: 0[39m
[38;5;23m2026-04-02 18:58:32[39m  [38;5;248mNum Contexts[39m: 0[39m
[38;5;23m2026-04-02 18:58:32[39m  [38;5;248mDisable Strand Merging[39m: False[39m
[38;5;23m2026-04-02 18:58:32[39m  [38;5;248mWindow Size[39m: None[39m
[38;5;23m2026-04-02 18:58:32[39m  [38;5;248mTabix[39m: False[39m
[38;5;23m2026-04-02 18:58:32[39m  [38;5;248mRegion[39m: None[39m
[38;5;23m2026-04-02 18:58:32[39m  [38;5;248mAggregate By Group[39m: None[39m
[38;5;23m2026-04-02 18:58:32[39m  [38;5;248mCase Sensitive[39m: False[39m
[38;5;23m2026-04-02 18:58:32[39m  [38;5;248mHeatmap[39m: False[39m
[38;5;23m2026-04-02 18:58:32[39m | [38;5;23mINFO[39m | Sample sheet: /expanse/lustre/projects/csd940/zalibhai/biomodal/modality/metadata.tsv[39m
[38;5;23m2026-04-02 18:58:32[39m | [38;5;23mINFO[39m | Order samples by: condition, case-insensitive[39m
[38;5;23m2026-04-02 18:58:32[39m | [38;5;23mINFO[39m | Loading Zarr dataset...[39m
[38;5;23m2026-04-02 18:58:34[39m | [38;5;23mINFO[39m | Merging CpG strands before extraction...[39m
[38;5;23m2026-04-02 18:58:44[39m | [38;5;23mINFO[39m | Performing ['mean'] on variables ['num_total_c'] and min coverage 0.[39m
[38;5;23m2026-04-02 18:58:44[39m | [38;5;23mINFO[39m | ['num_total_c'][39m
[38;5;23m2026-04-02 18:58:44[39m | [38;5;23mINFO[39m | Adding Ranges_ID column to validate merging.[39m
[38;5;23m2026-04-02 18:58:50[39m | [38;5;23mINFO[39m | Summarized over 29912 regions.[39m
[38;5;23m2026-04-02 18:58:50[39m | [38;5;23mINFO[39m | Applying post-processor <lambda> to DataFrame.[39m
[38;5;23m2026-04-02 18:58:50[39m | [38;5;23mINFO[39m | Dataframe has 31066 rows, processing large dataset[39m
[38;5;23m2026-04-02 18:58:51[39m | [38;5;23mINFO[39m | Concatenating files without compression.[39m
[38;5;23m2026-04-02 18:58:51[39m | [38;5;23mINFO[39m | Exported total_c stats for mean to <modality.infrastructure.file_name_service.ExtractDataFileName object at 0x1554e4c10dd0>.[39m
[38;5;23m2026-04-02 18:58:51[39m | [38;5;23mINFO[39m | Results written to file[39m
[38;5;23m2026-04-02 18:58:51[39m  29912 regions extracted.[39m
[38;5;23m2026-04-02 18:58:51[39m  [1m[38;5;154mData extracted successfully to /expanse/lustre/projects/csd940/zalibhai/biomodal/modality/outputs_CG/Results/gencode.vM25.mouse.cpg_shelves.annotation/Extract_20260402_185850[39m
[38;5;23m2026-04-02 18:58:51[39m  Generating plots: correlation, violin[39m
[38;5;23m2026-04-02 18:58:51[39m | [38;5;23mINFO[39m | Feature report saved to /expanse/lustre/projects/csd940/zalibhai/biomodal/modality/outputs_CG/Results/gencode.vM25.mouse.cpg_shelves.annotation/Extract_20260402_185850/total_c_mean_extract_report_20260402_185850.html[39m
[38;5;23m2026-04-02 18:58:51[39m | [38;5;23mINFO[39m | JSON report saved to /expanse/lustre/projects/csd940/zalibhai/biomodal/modality/outputs_CG/Results/gencode.vM25.mouse.cpg_shelves.annotation/Extract_20260402_185850/total_c_mean_extract_report_20260402_185850.json[39m
[38;5;23m2026-04-02 18:58:51[39m  [1m[38;5;154mFeature report with correlation, violin visualizations generated successfully at /expanse/lustre/projects/csd940/zalibhai/biomodal/modality/outputs_CG/Results/gencode.vM25.mouse.cpg_shelves.annotation/Extract_20260402_185850/total_c_mean_extract_report_20260402_185850.html.[39m
[38;5;23m2026-04-02 18:58:51[39m  Wrote provenance sidecar file to /expanse/lustre/projects/csd940/zalibhai/biomodal/modality/outputs_CG/Results/gencode.vM25.mouse.cpg_shelves.annotation/Extract_20260402_185850/modality_metadata_20260402_185851.json[39m
[INFO] 2026-04-02 18:58:52 - Running feature extraction: regional-frac for mc and hmc with minimum depth 10 (plots generated automatically)...
Logged in using stored credentials
[38;5;23m2026-04-02 18:58:55[39m  [1m[38;5;123mProvenance information:[39m
[38;5;23m2026-04-02 18:58:55[39m  cmd='/home/zalibhai/miniforge3/envs/modality/bin/modality -v get regional-frac --zarr-path /expanse/lustre/projects/csd940/zalibhai/biomodal/evoC-run/output/duet-1.5.0_evoC_Bap1_run_6bp/sample_outputs/zarr_store/CG/evoC_Bap1_run.genome.GRCm38_primary_assembly.dedup.CG.zarrz --sample-sheet /expanse/lustre/projects/csd940/zalibhai/biomodal/modality/metadata.tsv --bedfile /expanse/lustre/projects/csd940/zalibhai/biomodal/modality/mm10/gencode.vM25.mouse.cpg_shelves.annotation.bed.gz --fields mc hmc --min-coverage 10 --order-by-group condition --output-dir /expanse/lustre/projects/csd940/zalibhai/biomodal/modality/outputs_CG/Results/gencode.vM25.mouse.cpg_shelves.annotation'
timestamp=2026-04-02T18:58:55.403209
version=1.0.0
user=zalibhai

[39m
[38;5;23m2026-04-02 18:58:55[39m  [1m[38;5;123mExtracting methylation features:[39m
[38;5;23m2026-04-02 18:58:55[39m  [38;5;248mZarr path(s)[39m: ['/expanse/lustre/projects/csd940/zalibhai/biomodal/evoC-run/output/duet-1.5.0_evoC_Bap1_run_6bp/sample_outputs/zarr_store/CG/evoC_Bap1_run.genome.GRCm38_primary_assembly.dedup.CG.zarrz'][39m
[38;5;23m2026-04-02 18:58:55[39m  [38;5;248mSample Sheet[39m: /expanse/lustre/projects/csd940/zalibhai/biomodal/modality/metadata.tsv[39m
[38;5;23m2026-04-02 18:58:55[39m  [38;5;248mBedfile[39m: /expanse/lustre/projects/csd940/zalibhai/biomodal/modality/mm10/gencode.vM25.mouse.cpg_shelves.annotation.bed.gz[39m
[38;5;23m2026-04-02 18:58:55[39m  [38;5;248mFields[39m: ['num_mc', 'num_hmc'][39m
[38;5;23m2026-04-02 18:58:55[39m  [38;5;248mMin Coverage[39m: 10[39m
[38;5;23m2026-04-02 18:58:55[39m  [38;5;248mOrder By Group[39m: condition[39m
[38;5;23m2026-04-02 18:58:55[39m  [38;5;248mOutput Dir[39m: /expanse/lustre/projects/csd940/zalibhai/biomodal/modality/outputs_CG/Results/gencode.vM25.mouse.cpg_shelves.annotation[39m
[38;5;23m2026-04-02 18:58:55[39m  [38;5;248mNum Contexts[39m: 0[39m
[38;5;23m2026-04-02 18:58:55[39m  [38;5;248mDisable Strand Merging[39m: False[39m
[38;5;23m2026-04-02 18:58:55[39m  [38;5;248mWindow Size[39m: None[39m
[38;5;23m2026-04-02 18:58:55[39m  [38;5;248mTabix[39m: False[39m
[38;5;23m2026-04-02 18:58:55[39m  [38;5;248mRegion[39m: None[39m
[38;5;23m2026-04-02 18:58:55[39m  [38;5;248mAggregate By Group[39m: None[39m
[38;5;23m2026-04-02 18:58:55[39m  [38;5;248mCase Sensitive[39m: False[39m
[38;5;23m2026-04-02 18:58:55[39m  [38;5;248mHeatmap[39m: False[39m
[38;5;23m2026-04-02 18:58:55[39m | [38;5;23mINFO[39m | Sample sheet: /expanse/lustre/projects/csd940/zalibhai/biomodal/modality/metadata.tsv[39m
[38;5;23m2026-04-02 18:58:55[39m | [38;5;23mINFO[39m | Order samples by: condition, case-insensitive[39m
[38;5;23m2026-04-02 18:58:55[39m | [38;5;23mINFO[39m | Loading Zarr dataset...[39m
[38;5;23m2026-04-02 18:58:57[39m | [38;5;23mINFO[39m | Merging CpG strands before extraction...[39m
[38;5;23m2026-04-02 18:59:39[39m | [38;5;23mINFO[39m | Performing ['regional-frac'] on variables ['num_mc', 'num_hmc'] and min coverage 10.[39m
[38;5;23m2026-04-02 18:59:39[39m | [38;5;23mINFO[39m | ['num_mc', 'num_hmc', 'num_total_c'][39m
[38;5;23m2026-04-02 18:59:39[39m | [38;5;23mINFO[39m | Adding Ranges_ID column to validate merging.[39m
[38;5;23m2026-04-02 18:59:49[39m | [38;5;23mINFO[39m | Summarized over 29912 regions.[39m
[38;5;23m2026-04-02 18:59:49[39m | [38;5;23mINFO[39m | Applying post-processor <lambda> to DataFrame.[39m
[38;5;23m2026-04-02 18:59:49[39m | [38;5;23mINFO[39m | Dataframe has 31066 rows, processing large dataset[39m
[38;5;23m2026-04-02 18:59:51[39m | [38;5;23mINFO[39m | Concatenating files without compression.[39m
[38;5;23m2026-04-02 18:59:51[39m | [38;5;23mINFO[39m | Exported mc stats for regional-frac to <modality.infrastructure.file_name_service.ExtractDataFileName object at 0x1554c64f4f10>.[39m
[38;5;23m2026-04-02 18:59:51[39m | [38;5;23mINFO[39m | Applying post-processor <lambda> to DataFrame.[39m
[38;5;23m2026-04-02 18:59:51[39m | [38;5;23mINFO[39m | Dataframe has 31066 rows, processing large dataset[39m
[38;5;23m2026-04-02 18:59:53[39m | [38;5;23mINFO[39m | Concatenating files without compression.[39m
[38;5;23m2026-04-02 18:59:53[39m | [38;5;23mINFO[39m | Exported hmc stats for regional-frac to <modality.infrastructure.file_name_service.ExtractDataFileName object at 0x1554e4423c90>.[39m
[38;5;23m2026-04-02 18:59:53[39m | [38;5;23mINFO[39m | Results written to file[39m
[38;5;23m2026-04-02 18:59:53[39m  29912 regions extracted.[39m
[38;5;23m2026-04-02 18:59:53[39m  [1m[38;5;154mData extracted successfully to /expanse/lustre/projects/csd940/zalibhai/biomodal/modality/outputs_CG/Results/gencode.vM25.mouse.cpg_shelves.annotation/Extract_20260402_185949[39m
[38;5;23m2026-04-02 18:59:53[39m  Generating plots: correlation, violin[39m
[38;5;23m2026-04-02 18:59:53[39m | [38;5;23mINFO[39m | Feature report saved to /expanse/lustre/projects/csd940/zalibhai/biomodal/modality/outputs_CG/Results/gencode.vM25.mouse.cpg_shelves.annotation/Extract_20260402_185949/hmc-mc_regional-frac_extract_report_20260402_185949.html[39m
[38;5;23m2026-04-02 18:59:53[39m | [38;5;23mINFO[39m | JSON report saved to /expanse/lustre/projects/csd940/zalibhai/biomodal/modality/outputs_CG/Results/gencode.vM25.mouse.cpg_shelves.annotation/Extract_20260402_185949/hmc-mc_regional-frac_extract_report_20260402_185949.json[39m
[38;5;23m2026-04-02 18:59:53[39m  [1m[38;5;154mFeature report with correlation, violin visualizations generated successfully at /expanse/lustre/projects/csd940/zalibhai/biomodal/modality/outputs_CG/Results/gencode.vM25.mouse.cpg_shelves.annotation/Extract_20260402_185949/hmc-mc_regional-frac_extract_report_20260402_185949.html.[39m
[38;5;23m2026-04-02 18:59:53[39m  Wrote provenance sidecar file to /expanse/lustre/projects/csd940/zalibhai/biomodal/modality/outputs_CG/Results/gencode.vM25.mouse.cpg_shelves.annotation/Extract_20260402_185949/modality_metadata_20260402_185953.json[39m
[INFO] 2026-04-02 18:59:54 - Feature extraction completed for gencode.vM25.mouse.cpg_shelves.annotation
[INFO] 2026-04-02 18:59:54 - Processing region file: /expanse/lustre/projects/csd940/zalibhai/biomodal/modality/mm10/gencode.vM25.mouse.cpg_shores.annotation.bed.gz
[INFO] 2026-04-02 18:59:54 - Running feature extraction: count total_c...
Logged in using stored credentials
[38;5;23m2026-04-02 18:59:58[39m  [1m[38;5;123mProvenance information:[39m
[38;5;23m2026-04-02 18:59:58[39m  cmd='/home/zalibhai/miniforge3/envs/modality/bin/modality -v get count --zarr-path /expanse/lustre/projects/csd940/zalibhai/biomodal/evoC-run/output/duet-1.5.0_evoC_Bap1_run_6bp/sample_outputs/zarr_store/CG/evoC_Bap1_run.genome.GRCm38_primary_assembly.dedup.CG.zarrz --sample-sheet /expanse/lustre/projects/csd940/zalibhai/biomodal/modality/metadata.tsv --bedfile /expanse/lustre/projects/csd940/zalibhai/biomodal/modality/mm10/gencode.vM25.mouse.cpg_shores.annotation.bed.gz --fields total_c --output-dir /expanse/lustre/projects/csd940/zalibhai/biomodal/modality/outputs_CG/Results/gencode.vM25.mouse.cpg_shores.annotation'
timestamp=2026-04-02T18:59:58.237082
version=1.0.0
user=zalibhai

[39m
[38;5;23m2026-04-02 18:59:58[39m  [1m[38;5;123mExtracting methylation features:[39m
[38;5;23m2026-04-02 18:59:58[39m  [38;5;248mZarr path(s)[39m: ['/expanse/lustre/projects/csd940/zalibhai/biomodal/evoC-run/output/duet-1.5.0_evoC_Bap1_run_6bp/sample_outputs/zarr_store/CG/evoC_Bap1_run.genome.GRCm38_primary_assembly.dedup.CG.zarrz'][39m
[38;5;23m2026-04-02 18:59:58[39m  [38;5;248mSample Sheet[39m: /expanse/lustre/projects/csd940/zalibhai/biomodal/modality/metadata.tsv[39m
[38;5;23m2026-04-02 18:59:58[39m  [38;5;248mBedfile[39m: /expanse/lustre/projects/csd940/zalibhai/biomodal/modality/mm10/gencode.vM25.mouse.cpg_shores.annotation.bed.gz[39m
[38;5;23m2026-04-02 18:59:58[39m  [38;5;248mFields[39m: ['num_total_c'][39m
[38;5;23m2026-04-02 18:59:58[39m  [38;5;248mOutput Dir[39m: /expanse/lustre/projects/csd940/zalibhai/biomodal/modality/outputs_CG/Results/gencode.vM25.mouse.cpg_shores.annotation[39m
[38;5;23m2026-04-02 18:59:58[39m  [38;5;248mMin Coverage[39m: 0[39m
[38;5;23m2026-04-02 18:59:58[39m  [38;5;248mNum Contexts[39m: 0[39m
[38;5;23m2026-04-02 18:59:58[39m  [38;5;248mDisable Strand Merging[39m: False[39m
[38;5;23m2026-04-02 18:59:58[39m  [38;5;248mWindow Size[39m: None[39m
[38;5;23m2026-04-02 18:59:58[39m  [38;5;248mTabix[39m: False[39m
[38;5;23m2026-04-02 18:59:58[39m  [38;5;248mRegion[39m: None[39m
[38;5;23m2026-04-02 18:59:58[39m | [38;5;23mINFO[39m | Loading Zarr dataset...[39m
[38;5;23m2026-04-02 19:00:00[39m | [38;5;23mINFO[39m | Merging CpG strands before extraction...[39m
[38;5;23m2026-04-02 19:00:11[39m | [38;5;23mINFO[39m | Performing ['count'] on variables ['num_total_c'] and min coverage 0.[39m
[38;5;23m2026-04-02 19:00:11[39m | [38;5;23mINFO[39m | ['num_total_c'][39m
[38;5;23m2026-04-02 19:00:11[39m | [38;5;23mINFO[39m | Adding Ranges_ID column to validate merging.[39m
[38;5;23m2026-04-02 19:00:16[39m | [38;5;23mINFO[39m | Summarized over 33962 regions.[39m
[38;5;23m2026-04-02 19:00:16[39m | [38;5;23mINFO[39m | Applying post-processor <lambda> to DataFrame.[39m
[38;5;23m2026-04-02 19:00:17[39m | [38;5;23mINFO[39m | Dataframe has 36866 rows, processing large dataset[39m
[38;5;23m2026-04-02 19:00:17[39m | [38;5;23mINFO[39m | Concatenating files without compression.[39m
[38;5;23m2026-04-02 19:00:17[39m | [38;5;23mINFO[39m | Exported total_c stats for count to <modality.infrastructure.file_name_service.ExtractDataFileName object at 0x1554e4721e50>.[39m
[38;5;23m2026-04-02 19:00:17[39m | [38;5;23mINFO[39m | Results written to file[39m
[38;5;23m2026-04-02 19:00:17[39m  33962 regions extracted.[39m
[38;5;23m2026-04-02 19:00:17[39m  [1m[38;5;154mData extracted successfully to /expanse/lustre/projects/csd940/zalibhai/biomodal/modality/outputs_CG/Results/gencode.vM25.mouse.cpg_shores.annotation/Extract_20260402_190017[39m
[38;5;23m2026-04-02 19:00:17[39m | [38;5;23mINFO[39m | No plots generated. Sample sheet / group provided but no plots requested.[39m
[38;5;23m2026-04-02 19:00:17[39m  Wrote provenance sidecar file to /expanse/lustre/projects/csd940/zalibhai/biomodal/modality/outputs_CG/Results/gencode.vM25.mouse.cpg_shores.annotation/Extract_20260402_190017/modality_metadata_20260402_190017.json[39m
[INFO] 2026-04-02 19:00:18 - Running feature extraction: mean total_c (plots generated automatically)...
Logged in using stored credentials
[38;5;23m2026-04-02 19:00:21[39m  [1m[38;5;123mProvenance information:[39m
[38;5;23m2026-04-02 19:00:21[39m  cmd='/home/zalibhai/miniforge3/envs/modality/bin/modality -v get mean --zarr-path /expanse/lustre/projects/csd940/zalibhai/biomodal/evoC-run/output/duet-1.5.0_evoC_Bap1_run_6bp/sample_outputs/zarr_store/CG/evoC_Bap1_run.genome.GRCm38_primary_assembly.dedup.CG.zarrz --sample-sheet /expanse/lustre/projects/csd940/zalibhai/biomodal/modality/metadata.tsv --bedfile /expanse/lustre/projects/csd940/zalibhai/biomodal/modality/mm10/gencode.vM25.mouse.cpg_shores.annotation.bed.gz --fields total_c --order-by-group condition --output-dir /expanse/lustre/projects/csd940/zalibhai/biomodal/modality/outputs_CG/Results/gencode.vM25.mouse.cpg_shores.annotation'
timestamp=2026-04-02T19:00:21.138559
version=1.0.0
user=zalibhai

[39m
[38;5;23m2026-04-02 19:00:21[39m  [1m[38;5;123mExtracting methylation features:[39m
[38;5;23m2026-04-02 19:00:21[39m  [38;5;248mZarr path(s)[39m: ['/expanse/lustre/projects/csd940/zalibhai/biomodal/evoC-run/output/duet-1.5.0_evoC_Bap1_run_6bp/sample_outputs/zarr_store/CG/evoC_Bap1_run.genome.GRCm38_primary_assembly.dedup.CG.zarrz'][39m
[38;5;23m2026-04-02 19:00:21[39m  [38;5;248mSample Sheet[39m: /expanse/lustre/projects/csd940/zalibhai/biomodal/modality/metadata.tsv[39m
[38;5;23m2026-04-02 19:00:21[39m  [38;5;248mBedfile[39m: /expanse/lustre/projects/csd940/zalibhai/biomodal/modality/mm10/gencode.vM25.mouse.cpg_shores.annotation.bed.gz[39m
[38;5;23m2026-04-02 19:00:21[39m  [38;5;248mFields[39m: ['num_total_c'][39m
[38;5;23m2026-04-02 19:00:21[39m  [38;5;248mOrder By Group[39m: condition[39m
[38;5;23m2026-04-02 19:00:21[39m  [38;5;248mOutput Dir[39m: /expanse/lustre/projects/csd940/zalibhai/biomodal/modality/outputs_CG/Results/gencode.vM25.mouse.cpg_shores.annotation[39m
[38;5;23m2026-04-02 19:00:21[39m  [38;5;248mMin Coverage[39m: 0[39m
[38;5;23m2026-04-02 19:00:21[39m  [38;5;248mNum Contexts[39m: 0[39m
[38;5;23m2026-04-02 19:00:21[39m  [38;5;248mDisable Strand Merging[39m: False[39m
[38;5;23m2026-04-02 19:00:21[39m  [38;5;248mWindow Size[39m: None[39m
[38;5;23m2026-04-02 19:00:21[39m  [38;5;248mTabix[39m: False[39m
[38;5;23m2026-04-02 19:00:21[39m  [38;5;248mRegion[39m: None[39m
[38;5;23m2026-04-02 19:00:21[39m  [38;5;248mAggregate By Group[39m: None[39m
[38;5;23m2026-04-02 19:00:21[39m  [38;5;248mCase Sensitive[39m: False[39m
[38;5;23m2026-04-02 19:00:21[39m  [38;5;248mHeatmap[39m: False[39m
[38;5;23m2026-04-02 19:00:21[39m | [38;5;23mINFO[39m | Sample sheet: /expanse/lustre/projects/csd940/zalibhai/biomodal/modality/metadata.tsv[39m
[38;5;23m2026-04-02 19:00:21[39m | [38;5;23mINFO[39m | Order samples by: condition, case-insensitive[39m
[38;5;23m2026-04-02 19:00:21[39m | [38;5;23mINFO[39m | Loading Zarr dataset...[39m
[38;5;23m2026-04-02 19:00:23[39m | [38;5;23mINFO[39m | Merging CpG strands before extraction...[39m
[38;5;23m2026-04-02 19:00:33[39m | [38;5;23mINFO[39m | Performing ['mean'] on variables ['num_total_c'] and min coverage 0.[39m
[38;5;23m2026-04-02 19:00:33[39m | [38;5;23mINFO[39m | ['num_total_c'][39m
[38;5;23m2026-04-02 19:00:33[39m | [38;5;23mINFO[39m | Adding Ranges_ID column to validate merging.[39m
[38;5;23m2026-04-02 19:00:39[39m | [38;5;23mINFO[39m | Summarized over 33962 regions.[39m
[38;5;23m2026-04-02 19:00:39[39m | [38;5;23mINFO[39m | Applying post-processor <lambda> to DataFrame.[39m
[38;5;23m2026-04-02 19:00:40[39m | [38;5;23mINFO[39m | Dataframe has 36866 rows, processing large dataset[39m
[38;5;23m2026-04-02 19:00:40[39m | [38;5;23mINFO[39m | Concatenating files without compression.[39m
[38;5;23m2026-04-02 19:00:40[39m | [38;5;23mINFO[39m | Exported total_c stats for mean to <modality.infrastructure.file_name_service.ExtractDataFileName object at 0x1554e4057e10>.[39m
[38;5;23m2026-04-02 19:00:40[39m | [38;5;23mINFO[39m | Results written to file[39m
[38;5;23m2026-04-02 19:00:40[39m  33962 regions extracted.[39m
[38;5;23m2026-04-02 19:00:40[39m  [1m[38;5;154mData extracted successfully to /expanse/lustre/projects/csd940/zalibhai/biomodal/modality/outputs_CG/Results/gencode.vM25.mouse.cpg_shores.annotation/Extract_20260402_190039[39m
[38;5;23m2026-04-02 19:00:40[39m  Generating plots: correlation, violin[39m
[38;5;23m2026-04-02 19:00:41[39m | [38;5;23mINFO[39m | Feature report saved to /expanse/lustre/projects/csd940/zalibhai/biomodal/modality/outputs_CG/Results/gencode.vM25.mouse.cpg_shores.annotation/Extract_20260402_190039/total_c_mean_extract_report_20260402_190039.html[39m
[38;5;23m2026-04-02 19:00:41[39m | [38;5;23mINFO[39m | JSON report saved to /expanse/lustre/projects/csd940/zalibhai/biomodal/modality/outputs_CG/Results/gencode.vM25.mouse.cpg_shores.annotation/Extract_20260402_190039/total_c_mean_extract_report_20260402_190039.json[39m
[38;5;23m2026-04-02 19:00:41[39m  [1m[38;5;154mFeature report with correlation, violin visualizations generated successfully at /expanse/lustre/projects/csd940/zalibhai/biomodal/modality/outputs_CG/Results/gencode.vM25.mouse.cpg_shores.annotation/Extract_20260402_190039/total_c_mean_extract_report_20260402_190039.html.[39m
[38;5;23m2026-04-02 19:00:41[39m  Wrote provenance sidecar file to /expanse/lustre/projects/csd940/zalibhai/biomodal/modality/outputs_CG/Results/gencode.vM25.mouse.cpg_shores.annotation/Extract_20260402_190039/modality_metadata_20260402_190041.json[39m
[INFO] 2026-04-02 19:00:42 - Running feature extraction: regional-frac for mc and hmc with minimum depth 10 (plots generated automatically)...
Logged in using stored credentials
[38;5;23m2026-04-02 19:00:45[39m  [1m[38;5;123mProvenance information:[39m
[38;5;23m2026-04-02 19:00:45[39m  cmd='/home/zalibhai/miniforge3/envs/modality/bin/modality -v get regional-frac --zarr-path /expanse/lustre/projects/csd940/zalibhai/biomodal/evoC-run/output/duet-1.5.0_evoC_Bap1_run_6bp/sample_outputs/zarr_store/CG/evoC_Bap1_run.genome.GRCm38_primary_assembly.dedup.CG.zarrz --sample-sheet /expanse/lustre/projects/csd940/zalibhai/biomodal/modality/metadata.tsv --bedfile /expanse/lustre/projects/csd940/zalibhai/biomodal/modality/mm10/gencode.vM25.mouse.cpg_shores.annotation.bed.gz --fields mc hmc --min-coverage 10 --order-by-group condition --output-dir /expanse/lustre/projects/csd940/zalibhai/biomodal/modality/outputs_CG/Results/gencode.vM25.mouse.cpg_shores.annotation'
timestamp=2026-04-02T19:00:45.056274
version=1.0.0
user=zalibhai

[39m
[38;5;23m2026-04-02 19:00:45[39m  [1m[38;5;123mExtracting methylation features:[39m
[38;5;23m2026-04-02 19:00:45[39m  [38;5;248mZarr path(s)[39m: ['/expanse/lustre/projects/csd940/zalibhai/biomodal/evoC-run/output/duet-1.5.0_evoC_Bap1_run_6bp/sample_outputs/zarr_store/CG/evoC_Bap1_run.genome.GRCm38_primary_assembly.dedup.CG.zarrz'][39m
[38;5;23m2026-04-02 19:00:45[39m  [38;5;248mSample Sheet[39m: /expanse/lustre/projects/csd940/zalibhai/biomodal/modality/metadata.tsv[39m
[38;5;23m2026-04-02 19:00:45[39m  [38;5;248mBedfile[39m: /expanse/lustre/projects/csd940/zalibhai/biomodal/modality/mm10/gencode.vM25.mouse.cpg_shores.annotation.bed.gz[39m
[38;5;23m2026-04-02 19:00:45[39m  [38;5;248mFields[39m: ['num_mc', 'num_hmc'][39m
[38;5;23m2026-04-02 19:00:45[39m  [38;5;248mMin Coverage[39m: 10[39m
[38;5;23m2026-04-02 19:00:45[39m  [38;5;248mOrder By Group[39m: condition[39m
[38;5;23m2026-04-02 19:00:45[39m  [38;5;248mOutput Dir[39m: /expanse/lustre/projects/csd940/zalibhai/biomodal/modality/outputs_CG/Results/gencode.vM25.mouse.cpg_shores.annotation[39m
[38;5;23m2026-04-02 19:00:45[39m  [38;5;248mNum Contexts[39m: 0[39m
[38;5;23m2026-04-02 19:00:45[39m  [38;5;248mDisable Strand Merging[39m: False[39m
[38;5;23m2026-04-02 19:00:45[39m  [38;5;248mWindow Size[39m: None[39m
[38;5;23m2026-04-02 19:00:45[39m  [38;5;248mTabix[39m: False[39m
[38;5;23m2026-04-02 19:00:45[39m  [38;5;248mRegion[39m: None[39m
[38;5;23m2026-04-02 19:00:45[39m  [38;5;248mAggregate By Group[39m: None[39m
[38;5;23m2026-04-02 19:00:45[39m  [38;5;248mCase Sensitive[39m: False[39m
[38;5;23m2026-04-02 19:00:45[39m  [38;5;248mHeatmap[39m: False[39m
[38;5;23m2026-04-02 19:00:45[39m | [38;5;23mINFO[39m | Sample sheet: /expanse/lustre/projects/csd940/zalibhai/biomodal/modality/metadata.tsv[39m
[38;5;23m2026-04-02 19:00:45[39m | [38;5;23mINFO[39m | Order samples by: condition, case-insensitive[39m
[38;5;23m2026-04-02 19:00:45[39m | [38;5;23mINFO[39m | Loading Zarr dataset...[39m
[38;5;23m2026-04-02 19:00:47[39m | [38;5;23mINFO[39m | Merging CpG strands before extraction...[39m
[38;5;23m2026-04-02 19:01:28[39m | [38;5;23mINFO[39m | Performing ['regional-frac'] on variables ['num_mc', 'num_hmc'] and min coverage 10.[39m
[38;5;23m2026-04-02 19:01:28[39m | [38;5;23mINFO[39m | ['num_mc', 'num_hmc', 'num_total_c'][39m
[38;5;23m2026-04-02 19:01:28[39m | [38;5;23mINFO[39m | Adding Ranges_ID column to validate merging.[39m
[38;5;23m2026-04-02 19:01:38[39m | [38;5;23mINFO[39m | Summarized over 33962 regions.[39m
[38;5;23m2026-04-02 19:01:38[39m | [38;5;23mINFO[39m | Applying post-processor <lambda> to DataFrame.[39m
[38;5;23m2026-04-02 19:01:38[39m | [38;5;23mINFO[39m | Dataframe has 36866 rows, processing large dataset[39m
[38;5;23m2026-04-02 19:01:40[39m | [38;5;23mINFO[39m | Concatenating files without compression.[39m
[38;5;23m2026-04-02 19:01:40[39m | [38;5;23mINFO[39m | Exported mc stats for regional-frac to <modality.infrastructure.file_name_service.ExtractDataFileName object at 0x1554dc1b9910>.[39m
[38;5;23m2026-04-02 19:01:40[39m | [38;5;23mINFO[39m | Applying post-processor <lambda> to DataFrame.[39m
[38;5;23m2026-04-02 19:01:40[39m | [38;5;23mINFO[39m | Dataframe has 36866 rows, processing large dataset[39m
[38;5;23m2026-04-02 19:01:42[39m | [38;5;23mINFO[39m | Concatenating files without compression.[39m
[38;5;23m2026-04-02 19:01:42[39m | [38;5;23mINFO[39m | Exported hmc stats for regional-frac to <modality.infrastructure.file_name_service.ExtractDataFileName object at 0x1554cdcd44d0>.[39m
[38;5;23m2026-04-02 19:01:42[39m | [38;5;23mINFO[39m | Results written to file[39m
[38;5;23m2026-04-02 19:01:42[39m  33962 regions extracted.[39m
[38;5;23m2026-04-02 19:01:42[39m  [1m[38;5;154mData extracted successfully to /expanse/lustre/projects/csd940/zalibhai/biomodal/modality/outputs_CG/Results/gencode.vM25.mouse.cpg_shores.annotation/Extract_20260402_190138[39m
[38;5;23m2026-04-02 19:01:42[39m  Generating plots: violin, correlation[39m
[38;5;23m2026-04-02 19:01:42[39m | [38;5;23mINFO[39m | Feature report saved to /expanse/lustre/projects/csd940/zalibhai/biomodal/modality/outputs_CG/Results/gencode.vM25.mouse.cpg_shores.annotation/Extract_20260402_190138/hmc-mc_regional-frac_extract_report_20260402_190138.html[39m
[38;5;23m2026-04-02 19:01:42[39m | [38;5;23mINFO[39m | JSON report saved to /expanse/lustre/projects/csd940/zalibhai/biomodal/modality/outputs_CG/Results/gencode.vM25.mouse.cpg_shores.annotation/Extract_20260402_190138/hmc-mc_regional-frac_extract_report_20260402_190138.json[39m
[38;5;23m2026-04-02 19:01:42[39m  [1m[38;5;154mFeature report with violin, correlation visualizations generated successfully at /expanse/lustre/projects/csd940/zalibhai/biomodal/modality/outputs_CG/Results/gencode.vM25.mouse.cpg_shores.annotation/Extract_20260402_190138/hmc-mc_regional-frac_extract_report_20260402_190138.html.[39m
[38;5;23m2026-04-02 19:01:43[39m  Wrote provenance sidecar file to /expanse/lustre/projects/csd940/zalibhai/biomodal/modality/outputs_CG/Results/gencode.vM25.mouse.cpg_shores.annotation/Extract_20260402_190138/modality_metadata_20260402_190142.json[39m
[INFO] 2026-04-02 19:01:43 - Feature extraction completed for gencode.vM25.mouse.cpg_shores.annotation
[INFO] 2026-04-02 19:01:43 - Processing region file: /expanse/lustre/projects/csd940/zalibhai/biomodal/modality/mm10/gencode.vM25.mouse.genes.annotation.bed.gz
[INFO] 2026-04-02 19:01:43 - Running feature extraction: count total_c...
Logged in using stored credentials
[38;5;23m2026-04-02 19:01:47[39m  [1m[38;5;123mProvenance information:[39m
[38;5;23m2026-04-02 19:01:47[39m  cmd='/home/zalibhai/miniforge3/envs/modality/bin/modality -v get count --zarr-path /expanse/lustre/projects/csd940/zalibhai/biomodal/evoC-run/output/duet-1.5.0_evoC_Bap1_run_6bp/sample_outputs/zarr_store/CG/evoC_Bap1_run.genome.GRCm38_primary_assembly.dedup.CG.zarrz --sample-sheet /expanse/lustre/projects/csd940/zalibhai/biomodal/modality/metadata.tsv --bedfile /expanse/lustre/projects/csd940/zalibhai/biomodal/modality/mm10/gencode.vM25.mouse.genes.annotation.bed.gz --fields total_c --output-dir /expanse/lustre/projects/csd940/zalibhai/biomodal/modality/outputs_CG/Results/gencode.vM25.mouse.genes.annotation'
timestamp=2026-04-02T19:01:47.554352
version=1.0.0
user=zalibhai

[39m
[38;5;23m2026-04-02 19:01:47[39m  [1m[38;5;123mExtracting methylation features:[39m
[38;5;23m2026-04-02 19:01:47[39m  [38;5;248mZarr path(s)[39m: ['/expanse/lustre/projects/csd940/zalibhai/biomodal/evoC-run/output/duet-1.5.0_evoC_Bap1_run_6bp/sample_outputs/zarr_store/CG/evoC_Bap1_run.genome.GRCm38_primary_assembly.dedup.CG.zarrz'][39m
[38;5;23m2026-04-02 19:01:47[39m  [38;5;248mSample Sheet[39m: /expanse/lustre/projects/csd940/zalibhai/biomodal/modality/metadata.tsv[39m
[38;5;23m2026-04-02 19:01:47[39m  [38;5;248mBedfile[39m: /expanse/lustre/projects/csd940/zalibhai/biomodal/modality/mm10/gencode.vM25.mouse.genes.annotation.bed.gz[39m
[38;5;23m2026-04-02 19:01:47[39m  [38;5;248mFields[39m: ['num_total_c'][39m
[38;5;23m2026-04-02 19:01:47[39m  [38;5;248mOutput Dir[39m: /expanse/lustre/projects/csd940/zalibhai/biomodal/modality/outputs_CG/Results/gencode.vM25.mouse.genes.annotation[39m
[38;5;23m2026-04-02 19:01:47[39m  [38;5;248mMin Coverage[39m: 0[39m
[38;5;23m2026-04-02 19:01:47[39m  [38;5;248mNum Contexts[39m: 0[39m
[38;5;23m2026-04-02 19:01:47[39m  [38;5;248mDisable Strand Merging[39m: False[39m
[38;5;23m2026-04-02 19:01:47[39m  [38;5;248mWindow Size[39m: None[39m
[38;5;23m2026-04-02 19:01:47[39m  [38;5;248mTabix[39m: False[39m
[38;5;23m2026-04-02 19:01:47[39m  [38;5;248mRegion[39m: None[39m
[38;5;23m2026-04-02 19:01:47[39m | [38;5;23mINFO[39m | Loading Zarr dataset...[39m
[38;5;23m2026-04-02 19:01:50[39m | [38;5;23mINFO[39m | Merging CpG strands before extraction...[39m
[38;5;23m2026-04-02 19:02:00[39m | [38;5;23mINFO[39m | Performing ['count'] on variables ['num_total_c'] and min coverage 0.[39m
[38;5;23m2026-04-02 19:02:00[39m | [38;5;23mINFO[39m | ['num_total_c'][39m
[38;5;23m2026-04-02 19:02:00[39m | [38;5;23mINFO[39m | Adding Ranges_ID column to validate merging.[39m
[38;5;23m2026-04-02 19:02:06[39m | [38;5;23mINFO[39m | Summarized over 21673 regions.[39m
[38;5;23m2026-04-02 19:02:06[39m | [38;5;23mINFO[39m | Applying post-processor <lambda> to DataFrame.[39m
[38;5;23m2026-04-02 19:02:06[39m | [38;5;23mINFO[39m | Dataframe has 21673 rows, processing large dataset[39m
[38;5;23m2026-04-02 19:02:06[39m | [38;5;23mINFO[39m | Concatenating files without compression.[39m
[38;5;23m2026-04-02 19:02:06[39m | [38;5;23mINFO[39m | Exported total_c stats for count to <modality.infrastructure.file_name_service.ExtractDataFileName object at 0x1554e4516a90>.[39m
[38;5;23m2026-04-02 19:02:06[39m | [38;5;23mINFO[39m | Results written to file[39m
[38;5;23m2026-04-02 19:02:06[39m  21673 regions extracted.[39m
[38;5;23m2026-04-02 19:02:06[39m  [1m[38;5;154mData extracted successfully to /expanse/lustre/projects/csd940/zalibhai/biomodal/modality/outputs_CG/Results/gencode.vM25.mouse.genes.annotation/Extract_20260402_190206[39m
[38;5;23m2026-04-02 19:02:06[39m | [38;5;23mINFO[39m | No plots generated. Sample sheet / group provided but no plots requested.[39m
[38;5;23m2026-04-02 19:02:06[39m  Wrote provenance sidecar file to /expanse/lustre/projects/csd940/zalibhai/biomodal/modality/outputs_CG/Results/gencode.vM25.mouse.genes.annotation/Extract_20260402_190206/modality_metadata_20260402_190206.json[39m
[INFO] 2026-04-02 19:02:07 - Running feature extraction: mean total_c (plots generated automatically)...
Logged in using stored credentials
[38;5;23m2026-04-02 19:02:10[39m  [1m[38;5;123mProvenance information:[39m
[38;5;23m2026-04-02 19:02:10[39m  cmd='/home/zalibhai/miniforge3/envs/modality/bin/modality -v get mean --zarr-path /expanse/lustre/projects/csd940/zalibhai/biomodal/evoC-run/output/duet-1.5.0_evoC_Bap1_run_6bp/sample_outputs/zarr_store/CG/evoC_Bap1_run.genome.GRCm38_primary_assembly.dedup.CG.zarrz --sample-sheet /expanse/lustre/projects/csd940/zalibhai/biomodal/modality/metadata.tsv --bedfile /expanse/lustre/projects/csd940/zalibhai/biomodal/modality/mm10/gencode.vM25.mouse.genes.annotation.bed.gz --fields total_c --order-by-group condition --output-dir /expanse/lustre/projects/csd940/zalibhai/biomodal/modality/outputs_CG/Results/gencode.vM25.mouse.genes.annotation'
timestamp=2026-04-02T19:02:10.378574
version=1.0.0
user=zalibhai

[39m
[38;5;23m2026-04-02 19:02:10[39m  [1m[38;5;123mExtracting methylation features:[39m
[38;5;23m2026-04-02 19:02:10[39m  [38;5;248mZarr path(s)[39m: ['/expanse/lustre/projects/csd940/zalibhai/biomodal/evoC-run/output/duet-1.5.0_evoC_Bap1_run_6bp/sample_outputs/zarr_store/CG/evoC_Bap1_run.genome.GRCm38_primary_assembly.dedup.CG.zarrz'][39m
[38;5;23m2026-04-02 19:02:10[39m  [38;5;248mSample Sheet[39m: /expanse/lustre/projects/csd940/zalibhai/biomodal/modality/metadata.tsv[39m
[38;5;23m2026-04-02 19:02:10[39m  [38;5;248mBedfile[39m: /expanse/lustre/projects/csd940/zalibhai/biomodal/modality/mm10/gencode.vM25.mouse.genes.annotation.bed.gz[39m
[38;5;23m2026-04-02 19:02:10[39m  [38;5;248mFields[39m: ['num_total_c'][39m
[38;5;23m2026-04-02 19:02:10[39m  [38;5;248mOrder By Group[39m: condition[39m
[38;5;23m2026-04-02 19:02:10[39m  [38;5;248mOutput Dir[39m: /expanse/lustre/projects/csd940/zalibhai/biomodal/modality/outputs_CG/Results/gencode.vM25.mouse.genes.annotation[39m
[38;5;23m2026-04-02 19:02:10[39m  [38;5;248mMin Coverage[39m: 0[39m
[38;5;23m2026-04-02 19:02:10[39m  [38;5;248mNum Contexts[39m: 0[39m
[38;5;23m2026-04-02 19:02:10[39m  [38;5;248mDisable Strand Merging[39m: False[39m
[38;5;23m2026-04-02 19:02:10[39m  [38;5;248mWindow Size[39m: None[39m
[38;5;23m2026-04-02 19:02:10[39m  [38;5;248mTabix[39m: False[39m
[38;5;23m2026-04-02 19:02:10[39m  [38;5;248mRegion[39m: None[39m
[38;5;23m2026-04-02 19:02:10[39m  [38;5;248mAggregate By Group[39m: None[39m
[38;5;23m2026-04-02 19:02:10[39m  [38;5;248mCase Sensitive[39m: False[39m
[38;5;23m2026-04-02 19:02:10[39m  [38;5;248mHeatmap[39m: False[39m
[38;5;23m2026-04-02 19:02:10[39m | [38;5;23mINFO[39m | Sample sheet: /expanse/lustre/projects/csd940/zalibhai/biomodal/modality/metadata.tsv[39m
[38;5;23m2026-04-02 19:02:10[39m | [38;5;23mINFO[39m | Order samples by: condition, case-insensitive[39m
[38;5;23m2026-04-02 19:02:10[39m | [38;5;23mINFO[39m | Loading Zarr dataset...[39m
[38;5;23m2026-04-02 19:02:12[39m | [38;5;23mINFO[39m | Merging CpG strands before extraction...[39m
[38;5;23m2026-04-02 19:02:23[39m | [38;5;23mINFO[39m | Performing ['mean'] on variables ['num_total_c'] and min coverage 0.[39m
[38;5;23m2026-04-02 19:02:23[39m | [38;5;23mINFO[39m | ['num_total_c'][39m
[38;5;23m2026-04-02 19:02:23[39m | [38;5;23mINFO[39m | Adding Ranges_ID column to validate merging.[39m
[38;5;23m2026-04-02 19:02:28[39m | [38;5;23mINFO[39m | Summarized over 21673 regions.[39m
[38;5;23m2026-04-02 19:02:28[39m | [38;5;23mINFO[39m | Applying post-processor <lambda> to DataFrame.[39m
[38;5;23m2026-04-02 19:02:29[39m | [38;5;23mINFO[39m | Dataframe has 21673 rows, processing large dataset[39m
[38;5;23m2026-04-02 19:02:29[39m | [38;5;23mINFO[39m | Concatenating files without compression.[39m
[38;5;23m2026-04-02 19:02:29[39m | [38;5;23mINFO[39m | Exported total_c stats for mean to <modality.infrastructure.file_name_service.ExtractDataFileName object at 0x1554e40bb0d0>.[39m
[38;5;23m2026-04-02 19:02:29[39m | [38;5;23mINFO[39m | Results written to file[39m
[38;5;23m2026-04-02 19:02:29[39m  21673 regions extracted.[39m
[38;5;23m2026-04-02 19:02:29[39m  [1m[38;5;154mData extracted successfully to /expanse/lustre/projects/csd940/zalibhai/biomodal/modality/outputs_CG/Results/gencode.vM25.mouse.genes.annotation/Extract_20260402_190229[39m
[38;5;23m2026-04-02 19:02:29[39m  Generating plots: correlation, violin[39m
[38;5;23m2026-04-02 19:02:30[39m | [38;5;23mINFO[39m | Feature report saved to /expanse/lustre/projects/csd940/zalibhai/biomodal/modality/outputs_CG/Results/gencode.vM25.mouse.genes.annotation/Extract_20260402_190229/total_c_mean_extract_report_20260402_190229.html[39m
[38;5;23m2026-04-02 19:02:30[39m | [38;5;23mINFO[39m | JSON report saved to /expanse/lustre/projects/csd940/zalibhai/biomodal/modality/outputs_CG/Results/gencode.vM25.mouse.genes.annotation/Extract_20260402_190229/total_c_mean_extract_report_20260402_190229.json[39m
[38;5;23m2026-04-02 19:02:30[39m  [1m[38;5;154mFeature report with correlation, violin visualizations generated successfully at /expanse/lustre/projects/csd940/zalibhai/biomodal/modality/outputs_CG/Results/gencode.vM25.mouse.genes.annotation/Extract_20260402_190229/total_c_mean_extract_report_20260402_190229.html.[39m
[38;5;23m2026-04-02 19:02:30[39m  Wrote provenance sidecar file to /expanse/lustre/projects/csd940/zalibhai/biomodal/modality/outputs_CG/Results/gencode.vM25.mouse.genes.annotation/Extract_20260402_190229/modality_metadata_20260402_190230.json[39m
[INFO] 2026-04-02 19:02:30 - Running feature extraction: regional-frac for mc and hmc with minimum depth 10 (plots generated automatically)...
Logged in using stored credentials
[38;5;23m2026-04-02 19:02:33[39m  [1m[38;5;123mProvenance information:[39m
[38;5;23m2026-04-02 19:02:33[39m  cmd='/home/zalibhai/miniforge3/envs/modality/bin/modality -v get regional-frac --zarr-path /expanse/lustre/projects/csd940/zalibhai/biomodal/evoC-run/output/duet-1.5.0_evoC_Bap1_run_6bp/sample_outputs/zarr_store/CG/evoC_Bap1_run.genome.GRCm38_primary_assembly.dedup.CG.zarrz --sample-sheet /expanse/lustre/projects/csd940/zalibhai/biomodal/modality/metadata.tsv --bedfile /expanse/lustre/projects/csd940/zalibhai/biomodal/modality/mm10/gencode.vM25.mouse.genes.annotation.bed.gz --fields mc hmc --min-coverage 10 --order-by-group condition --output-dir /expanse/lustre/projects/csd940/zalibhai/biomodal/modality/outputs_CG/Results/gencode.vM25.mouse.genes.annotation'
timestamp=2026-04-02T19:02:33.786455
version=1.0.0
user=zalibhai

[39m
[38;5;23m2026-04-02 19:02:33[39m  [1m[38;5;123mExtracting methylation features:[39m
[38;5;23m2026-04-02 19:02:33[39m  [38;5;248mZarr path(s)[39m: ['/expanse/lustre/projects/csd940/zalibhai/biomodal/evoC-run/output/duet-1.5.0_evoC_Bap1_run_6bp/sample_outputs/zarr_store/CG/evoC_Bap1_run.genome.GRCm38_primary_assembly.dedup.CG.zarrz'][39m
[38;5;23m2026-04-02 19:02:33[39m  [38;5;248mSample Sheet[39m: /expanse/lustre/projects/csd940/zalibhai/biomodal/modality/metadata.tsv[39m
[38;5;23m2026-04-02 19:02:33[39m  [38;5;248mBedfile[39m: /expanse/lustre/projects/csd940/zalibhai/biomodal/modality/mm10/gencode.vM25.mouse.genes.annotation.bed.gz[39m
[38;5;23m2026-04-02 19:02:33[39m  [38;5;248mFields[39m: ['num_mc', 'num_hmc'][39m
[38;5;23m2026-04-02 19:02:33[39m  [38;5;248mMin Coverage[39m: 10[39m
[38;5;23m2026-04-02 19:02:33[39m  [38;5;248mOrder By Group[39m: condition[39m
[38;5;23m2026-04-02 19:02:33[39m  [38;5;248mOutput Dir[39m: /expanse/lustre/projects/csd940/zalibhai/biomodal/modality/outputs_CG/Results/gencode.vM25.mouse.genes.annotation[39m
[38;5;23m2026-04-02 19:02:33[39m  [38;5;248mNum Contexts[39m: 0[39m
[38;5;23m2026-04-02 19:02:33[39m  [38;5;248mDisable Strand Merging[39m: False[39m
[38;5;23m2026-04-02 19:02:33[39m  [38;5;248mWindow Size[39m: None[39m
[38;5;23m2026-04-02 19:02:33[39m  [38;5;248mTabix[39m: False[39m
[38;5;23m2026-04-02 19:02:33[39m  [38;5;248mRegion[39m: None[39m
[38;5;23m2026-04-02 19:02:33[39m  [38;5;248mAggregate By Group[39m: None[39m
[38;5;23m2026-04-02 19:02:33[39m  [38;5;248mCase Sensitive[39m: False[39m
[38;5;23m2026-04-02 19:02:33[39m  [38;5;248mHeatmap[39m: False[39m
[38;5;23m2026-04-02 19:02:33[39m | [38;5;23mINFO[39m | Sample sheet: /expanse/lustre/projects/csd940/zalibhai/biomodal/modality/metadata.tsv[39m
[38;5;23m2026-04-02 19:02:33[39m | [38;5;23mINFO[39m | Order samples by: condition, case-insensitive[39m
[38;5;23m2026-04-02 19:02:33[39m | [38;5;23mINFO[39m | Loading Zarr dataset...[39m
[38;5;23m2026-04-02 19:02:36[39m | [38;5;23mINFO[39m | Merging CpG strands before extraction...[39m
[38;5;23m2026-04-02 19:03:16[39m | [38;5;23mINFO[39m | Performing ['regional-frac'] on variables ['num_mc', 'num_hmc'] and min coverage 10.[39m
[38;5;23m2026-04-02 19:03:16[39m | [38;5;23mINFO[39m | ['num_mc', 'num_hmc', 'num_total_c'][39m
[38;5;23m2026-04-02 19:03:16[39m | [38;5;23mINFO[39m | Adding Ranges_ID column to validate merging.[39m
[38;5;23m2026-04-02 19:03:26[39m | [38;5;23mINFO[39m | Summarized over 21673 regions.[39m
[38;5;23m2026-04-02 19:03:26[39m | [38;5;23mINFO[39m | Applying post-processor <lambda> to DataFrame.[39m
[38;5;23m2026-04-02 19:03:26[39m | [38;5;23mINFO[39m | Dataframe has 21673 rows, processing large dataset[39m
[38;5;23m2026-04-02 19:03:27[39m | [38;5;23mINFO[39m | Concatenating files without compression.[39m
[38;5;23m2026-04-02 19:03:27[39m | [38;5;23mINFO[39m | Exported mc stats for regional-frac to <modality.infrastructure.file_name_service.ExtractDataFileName object at 0x1554d7c7f910>.[39m
[38;5;23m2026-04-02 19:03:27[39m | [38;5;23mINFO[39m | Applying post-processor <lambda> to DataFrame.[39m
[38;5;23m2026-04-02 19:03:27[39m | [38;5;23mINFO[39m | Dataframe has 21673 rows, processing large dataset[39m
[38;5;23m2026-04-02 19:03:29[39m | [38;5;23mINFO[39m | Concatenating files without compression.[39m
[38;5;23m2026-04-02 19:03:29[39m | [38;5;23mINFO[39m | Exported hmc stats for regional-frac to <modality.infrastructure.file_name_service.ExtractDataFileName object at 0x1554befda810>.[39m
[38;5;23m2026-04-02 19:03:29[39m | [38;5;23mINFO[39m | Results written to file[39m
[38;5;23m2026-04-02 19:03:29[39m  21673 regions extracted.[39m
[38;5;23m2026-04-02 19:03:29[39m  [1m[38;5;154mData extracted successfully to /expanse/lustre/projects/csd940/zalibhai/biomodal/modality/outputs_CG/Results/gencode.vM25.mouse.genes.annotation/Extract_20260402_190326[39m
[38;5;23m2026-04-02 19:03:29[39m  Generating plots: correlation, violin[39m
[38;5;23m2026-04-02 19:03:29[39m | [38;5;23mINFO[39m | Feature report saved to /expanse/lustre/projects/csd940/zalibhai/biomodal/modality/outputs_CG/Results/gencode.vM25.mouse.genes.annotation/Extract_20260402_190326/hmc-mc_regional-frac_extract_report_20260402_190326.html[39m
[38;5;23m2026-04-02 19:03:29[39m | [38;5;23mINFO[39m | JSON report saved to /expanse/lustre/projects/csd940/zalibhai/biomodal/modality/outputs_CG/Results/gencode.vM25.mouse.genes.annotation/Extract_20260402_190326/hmc-mc_regional-frac_extract_report_20260402_190326.json[39m
[38;5;23m2026-04-02 19:03:29[39m  [1m[38;5;154mFeature report with correlation, violin visualizations generated successfully at /expanse/lustre/projects/csd940/zalibhai/biomodal/modality/outputs_CG/Results/gencode.vM25.mouse.genes.annotation/Extract_20260402_190326/hmc-mc_regional-frac_extract_report_20260402_190326.html.[39m
[38;5;23m2026-04-02 19:03:29[39m  Wrote provenance sidecar file to /expanse/lustre/projects/csd940/zalibhai/biomodal/modality/outputs_CG/Results/gencode.vM25.mouse.genes.annotation/Extract_20260402_190326/modality_metadata_20260402_190329.json[39m
[INFO] 2026-04-02 19:03:30 - Feature extraction completed for gencode.vM25.mouse.genes.annotation
[INFO] 2026-04-02 19:03:30 - Processing region file: /expanse/lustre/projects/csd940/zalibhai/biomodal/modality/mm10/gencode.vM25.mouse.promoters.annotation.bed.gz
[INFO] 2026-04-02 19:03:30 - Running feature extraction: count total_c...
Logged in using stored credentials
[38;5;23m2026-04-02 19:03:34[39m  [1m[38;5;123mProvenance information:[39m
[38;5;23m2026-04-02 19:03:34[39m  cmd='/home/zalibhai/miniforge3/envs/modality/bin/modality -v get count --zarr-path /expanse/lustre/projects/csd940/zalibhai/biomodal/evoC-run/output/duet-1.5.0_evoC_Bap1_run_6bp/sample_outputs/zarr_store/CG/evoC_Bap1_run.genome.GRCm38_primary_assembly.dedup.CG.zarrz --sample-sheet /expanse/lustre/projects/csd940/zalibhai/biomodal/modality/metadata.tsv --bedfile /expanse/lustre/projects/csd940/zalibhai/biomodal/modality/mm10/gencode.vM25.mouse.promoters.annotation.bed.gz --fields total_c --output-dir /expanse/lustre/projects/csd940/zalibhai/biomodal/modality/outputs_CG/Results/gencode.vM25.mouse.promoters.annotation'
timestamp=2026-04-02T19:03:34.242899
version=1.0.0
user=zalibhai

[39m
[38;5;23m2026-04-02 19:03:34[39m  [1m[38;5;123mExtracting methylation features:[39m
[38;5;23m2026-04-02 19:03:34[39m  [38;5;248mZarr path(s)[39m: ['/expanse/lustre/projects/csd940/zalibhai/biomodal/evoC-run/output/duet-1.5.0_evoC_Bap1_run_6bp/sample_outputs/zarr_store/CG/evoC_Bap1_run.genome.GRCm38_primary_assembly.dedup.CG.zarrz'][39m
[38;5;23m2026-04-02 19:03:34[39m  [38;5;248mSample Sheet[39m: /expanse/lustre/projects/csd940/zalibhai/biomodal/modality/metadata.tsv[39m
[38;5;23m2026-04-02 19:03:34[39m  [38;5;248mBedfile[39m: /expanse/lustre/projects/csd940/zalibhai/biomodal/modality/mm10/gencode.vM25.mouse.promoters.annotation.bed.gz[39m
[38;5;23m2026-04-02 19:03:34[39m  [38;5;248mFields[39m: ['num_total_c'][39m
[38;5;23m2026-04-02 19:03:34[39m  [38;5;248mOutput Dir[39m: /expanse/lustre/projects/csd940/zalibhai/biomodal/modality/outputs_CG/Results/gencode.vM25.mouse.promoters.annotation[39m
[38;5;23m2026-04-02 19:03:34[39m  [38;5;248mMin Coverage[39m: 0[39m
[38;5;23m2026-04-02 19:03:34[39m  [38;5;248mNum Contexts[39m: 0[39m
[38;5;23m2026-04-02 19:03:34[39m  [38;5;248mDisable Strand Merging[39m: False[39m
[38;5;23m2026-04-02 19:03:34[39m  [38;5;248mWindow Size[39m: None[39m
[38;5;23m2026-04-02 19:03:34[39m  [38;5;248mTabix[39m: False[39m
[38;5;23m2026-04-02 19:03:34[39m  [38;5;248mRegion[39m: None[39m
[38;5;23m2026-04-02 19:03:34[39m | [38;5;23mINFO[39m | Loading Zarr dataset...[39m
[38;5;23m2026-04-02 19:03:36[39m | [38;5;23mINFO[39m | Merging CpG strands before extraction...[39m
[38;5;23m2026-04-02 19:03:47[39m | [38;5;23mINFO[39m | Performing ['count'] on variables ['num_total_c'] and min coverage 0.[39m
[38;5;23m2026-04-02 19:03:47[39m | [38;5;23mINFO[39m | ['num_total_c'][39m
[38;5;23m2026-04-02 19:03:47[39m | [38;5;23mINFO[39m | Adding Ranges_ID column to validate merging.[39m
[38;5;23m2026-04-02 19:03:52[39m | [38;5;23mINFO[39m | Summarized over 21673 regions.[39m
[38;5;23m2026-04-02 19:03:52[39m | [38;5;23mINFO[39m | Applying post-processor <lambda> to DataFrame.[39m
[38;5;23m2026-04-02 19:03:52[39m | [38;5;23mINFO[39m | Dataframe has 21703 rows, processing large dataset[39m
[38;5;23m2026-04-02 19:03:53[39m | [38;5;23mINFO[39m | Concatenating files without compression.[39m
[38;5;23m2026-04-02 19:03:53[39m | [38;5;23mINFO[39m | Exported total_c stats for count to <modality.infrastructure.file_name_service.ExtractDataFileName object at 0x1554e4738f90>.[39m
[38;5;23m2026-04-02 19:03:53[39m | [38;5;23mINFO[39m | Results written to file[39m
[38;5;23m2026-04-02 19:03:53[39m  21673 regions extracted.[39m
[38;5;23m2026-04-02 19:03:53[39m  [1m[38;5;154mData extracted successfully to /expanse/lustre/projects/csd940/zalibhai/biomodal/modality/outputs_CG/Results/gencode.vM25.mouse.promoters.annotation/Extract_20260402_190352[39m
[38;5;23m2026-04-02 19:03:53[39m | [38;5;23mINFO[39m | No plots generated. Sample sheet / group provided but no plots requested.[39m
[38;5;23m2026-04-02 19:03:53[39m  Wrote provenance sidecar file to /expanse/lustre/projects/csd940/zalibhai/biomodal/modality/outputs_CG/Results/gencode.vM25.mouse.promoters.annotation/Extract_20260402_190352/modality_metadata_20260402_190353.json[39m
[INFO] 2026-04-02 19:03:53 - Running feature extraction: mean total_c (plots generated automatically)...
Logged in using stored credentials
[38;5;23m2026-04-02 19:03:56[39m  [1m[38;5;123mProvenance information:[39m
[38;5;23m2026-04-02 19:03:56[39m  cmd='/home/zalibhai/miniforge3/envs/modality/bin/modality -v get mean --zarr-path /expanse/lustre/projects/csd940/zalibhai/biomodal/evoC-run/output/duet-1.5.0_evoC_Bap1_run_6bp/sample_outputs/zarr_store/CG/evoC_Bap1_run.genome.GRCm38_primary_assembly.dedup.CG.zarrz --sample-sheet /expanse/lustre/projects/csd940/zalibhai/biomodal/modality/metadata.tsv --bedfile /expanse/lustre/projects/csd940/zalibhai/biomodal/modality/mm10/gencode.vM25.mouse.promoters.annotation.bed.gz --fields total_c --order-by-group condition --output-dir /expanse/lustre/projects/csd940/zalibhai/biomodal/modality/outputs_CG/Results/gencode.vM25.mouse.promoters.annotation'
timestamp=2026-04-02T19:03:56.788417
version=1.0.0
user=zalibhai

[39m
[38;5;23m2026-04-02 19:03:56[39m  [1m[38;5;123mExtracting methylation features:[39m
[38;5;23m2026-04-02 19:03:56[39m  [38;5;248mZarr path(s)[39m: ['/expanse/lustre/projects/csd940/zalibhai/biomodal/evoC-run/output/duet-1.5.0_evoC_Bap1_run_6bp/sample_outputs/zarr_store/CG/evoC_Bap1_run.genome.GRCm38_primary_assembly.dedup.CG.zarrz'][39m
[38;5;23m2026-04-02 19:03:56[39m  [38;5;248mSample Sheet[39m: /expanse/lustre/projects/csd940/zalibhai/biomodal/modality/metadata.tsv[39m
[38;5;23m2026-04-02 19:03:56[39m  [38;5;248mBedfile[39m: /expanse/lustre/projects/csd940/zalibhai/biomodal/modality/mm10/gencode.vM25.mouse.promoters.annotation.bed.gz[39m
[38;5;23m2026-04-02 19:03:56[39m  [38;5;248mFields[39m: ['num_total_c'][39m
[38;5;23m2026-04-02 19:03:56[39m  [38;5;248mOrder By Group[39m: condition[39m
[38;5;23m2026-04-02 19:03:56[39m  [38;5;248mOutput Dir[39m: /expanse/lustre/projects/csd940/zalibhai/biomodal/modality/outputs_CG/Results/gencode.vM25.mouse.promoters.annotation[39m
[38;5;23m2026-04-02 19:03:56[39m  [38;5;248mMin Coverage[39m: 0[39m
[38;5;23m2026-04-02 19:03:56[39m  [38;5;248mNum Contexts[39m: 0[39m
[38;5;23m2026-04-02 19:03:56[39m  [38;5;248mDisable Strand Merging[39m: False[39m
[38;5;23m2026-04-02 19:03:56[39m  [38;5;248mWindow Size[39m: None[39m
[38;5;23m2026-04-02 19:03:56[39m  [38;5;248mTabix[39m: False[39m
[38;5;23m2026-04-02 19:03:56[39m  [38;5;248mRegion[39m: None[39m
[38;5;23m2026-04-02 19:03:56[39m  [38;5;248mAggregate By Group[39m: None[39m
[38;5;23m2026-04-02 19:03:56[39m  [38;5;248mCase Sensitive[39m: False[39m
[38;5;23m2026-04-02 19:03:56[39m  [38;5;248mHeatmap[39m: False[39m
[38;5;23m2026-04-02 19:03:56[39m | [38;5;23mINFO[39m | Sample sheet: /expanse/lustre/projects/csd940/zalibhai/biomodal/modality/metadata.tsv[39m
[38;5;23m2026-04-02 19:03:56[39m | [38;5;23mINFO[39m | Order samples by: condition, case-insensitive[39m
[38;5;23m2026-04-02 19:03:56[39m | [38;5;23mINFO[39m | Loading Zarr dataset...[39m
[38;5;23m2026-04-02 19:03:59[39m | [38;5;23mINFO[39m | Merging CpG strands before extraction...[39m
[38;5;23m2026-04-02 19:04:09[39m | [38;5;23mINFO[39m | Performing ['mean'] on variables ['num_total_c'] and min coverage 0.[39m
[38;5;23m2026-04-02 19:04:09[39m | [38;5;23mINFO[39m | ['num_total_c'][39m
[38;5;23m2026-04-02 19:04:09[39m | [38;5;23mINFO[39m | Adding Ranges_ID column to validate merging.[39m
[38;5;23m2026-04-02 19:04:15[39m | [38;5;23mINFO[39m | Summarized over 21673 regions.[39m
[38;5;23m2026-04-02 19:04:15[39m | [38;5;23mINFO[39m | Applying post-processor <lambda> to DataFrame.[39m
[38;5;23m2026-04-02 19:04:15[39m | [38;5;23mINFO[39m | Dataframe has 21703 rows, processing large dataset[39m
[38;5;23m2026-04-02 19:04:15[39m | [38;5;23mINFO[39m | Concatenating files without compression.[39m
[38;5;23m2026-04-02 19:04:15[39m | [38;5;23mINFO[39m | Exported total_c stats for mean to <modality.infrastructure.file_name_service.ExtractDataFileName object at 0x1554e4d75910>.[39m
[38;5;23m2026-04-02 19:04:15[39m | [38;5;23mINFO[39m | Results written to file[39m
[38;5;23m2026-04-02 19:04:15[39m  21673 regions extracted.[39m
[38;5;23m2026-04-02 19:04:15[39m  [1m[38;5;154mData extracted successfully to /expanse/lustre/projects/csd940/zalibhai/biomodal/modality/outputs_CG/Results/gencode.vM25.mouse.promoters.annotation/Extract_20260402_190415[39m
[38;5;23m2026-04-02 19:04:15[39m  Generating plots: correlation, violin[39m
[38;5;23m2026-04-02 19:04:16[39m | [38;5;23mINFO[39m | Feature report saved to /expanse/lustre/projects/csd940/zalibhai/biomodal/modality/outputs_CG/Results/gencode.vM25.mouse.promoters.annotation/Extract_20260402_190415/total_c_mean_extract_report_20260402_190415.html[39m
[38;5;23m2026-04-02 19:04:16[39m | [38;5;23mINFO[39m | JSON report saved to /expanse/lustre/projects/csd940/zalibhai/biomodal/modality/outputs_CG/Results/gencode.vM25.mouse.promoters.annotation/Extract_20260402_190415/total_c_mean_extract_report_20260402_190415.json[39m
[38;5;23m2026-04-02 19:04:16[39m  [1m[38;5;154mFeature report with correlation, violin visualizations generated successfully at /expanse/lustre/projects/csd940/zalibhai/biomodal/modality/outputs_CG/Results/gencode.vM25.mouse.promoters.annotation/Extract_20260402_190415/total_c_mean_extract_report_20260402_190415.html.[39m
[38;5;23m2026-04-02 19:04:16[39m  Wrote provenance sidecar file to /expanse/lustre/projects/csd940/zalibhai/biomodal/modality/outputs_CG/Results/gencode.vM25.mouse.promoters.annotation/Extract_20260402_190415/modality_metadata_20260402_190416.json[39m
[INFO] 2026-04-02 19:04:16 - Running feature extraction: regional-frac for mc and hmc with minimum depth 10 (plots generated automatically)...
Logged in using stored credentials
[38;5;23m2026-04-02 19:04:19[39m  [1m[38;5;123mProvenance information:[39m
[38;5;23m2026-04-02 19:04:19[39m  cmd='/home/zalibhai/miniforge3/envs/modality/bin/modality -v get regional-frac --zarr-path /expanse/lustre/projects/csd940/zalibhai/biomodal/evoC-run/output/duet-1.5.0_evoC_Bap1_run_6bp/sample_outputs/zarr_store/CG/evoC_Bap1_run.genome.GRCm38_primary_assembly.dedup.CG.zarrz --sample-sheet /expanse/lustre/projects/csd940/zalibhai/biomodal/modality/metadata.tsv --bedfile /expanse/lustre/projects/csd940/zalibhai/biomodal/modality/mm10/gencode.vM25.mouse.promoters.annotation.bed.gz --fields mc hmc --min-coverage 10 --order-by-group condition --output-dir /expanse/lustre/projects/csd940/zalibhai/biomodal/modality/outputs_CG/Results/gencode.vM25.mouse.promoters.annotation'
timestamp=2026-04-02T19:04:19.848393
version=1.0.0
user=zalibhai

[39m
[38;5;23m2026-04-02 19:04:19[39m  [1m[38;5;123mExtracting methylation features:[39m
[38;5;23m2026-04-02 19:04:19[39m  [38;5;248mZarr path(s)[39m: ['/expanse/lustre/projects/csd940/zalibhai/biomodal/evoC-run/output/duet-1.5.0_evoC_Bap1_run_6bp/sample_outputs/zarr_store/CG/evoC_Bap1_run.genome.GRCm38_primary_assembly.dedup.CG.zarrz'][39m
[38;5;23m2026-04-02 19:04:19[39m  [38;5;248mSample Sheet[39m: /expanse/lustre/projects/csd940/zalibhai/biomodal/modality/metadata.tsv[39m
[38;5;23m2026-04-02 19:04:19[39m  [38;5;248mBedfile[39m: /expanse/lustre/projects/csd940/zalibhai/biomodal/modality/mm10/gencode.vM25.mouse.promoters.annotation.bed.gz[39m
[38;5;23m2026-04-02 19:04:19[39m  [38;5;248mFields[39m: ['num_mc', 'num_hmc'][39m
[38;5;23m2026-04-02 19:04:19[39m  [38;5;248mMin Coverage[39m: 10[39m
[38;5;23m2026-04-02 19:04:19[39m  [38;5;248mOrder By Group[39m: condition[39m
[38;5;23m2026-04-02 19:04:19[39m  [38;5;248mOutput Dir[39m: /expanse/lustre/projects/csd940/zalibhai/biomodal/modality/outputs_CG/Results/gencode.vM25.mouse.promoters.annotation[39m
[38;5;23m2026-04-02 19:04:19[39m  [38;5;248mNum Contexts[39m: 0[39m
[38;5;23m2026-04-02 19:04:19[39m  [38;5;248mDisable Strand Merging[39m: False[39m
[38;5;23m2026-04-02 19:04:19[39m  [38;5;248mWindow Size[39m: None[39m
[38;5;23m2026-04-02 19:04:19[39m  [38;5;248mTabix[39m: False[39m
[38;5;23m2026-04-02 19:04:19[39m  [38;5;248mRegion[39m: None[39m
[38;5;23m2026-04-02 19:04:19[39m  [38;5;248mAggregate By Group[39m: None[39m
[38;5;23m2026-04-02 19:04:19[39m  [38;5;248mCase Sensitive[39m: False[39m
[38;5;23m2026-04-02 19:04:19[39m  [38;5;248mHeatmap[39m: False[39m
[38;5;23m2026-04-02 19:04:19[39m | [38;5;23mINFO[39m | Sample sheet: /expanse/lustre/projects/csd940/zalibhai/biomodal/modality/metadata.tsv[39m
[38;5;23m2026-04-02 19:04:19[39m | [38;5;23mINFO[39m | Order samples by: condition, case-insensitive[39m
[38;5;23m2026-04-02 19:04:19[39m | [38;5;23mINFO[39m | Loading Zarr dataset...[39m
[38;5;23m2026-04-02 19:04:22[39m | [38;5;23mINFO[39m | Merging CpG strands before extraction...[39m
[38;5;23m2026-04-02 19:05:03[39m | [38;5;23mINFO[39m | Performing ['regional-frac'] on variables ['num_mc', 'num_hmc'] and min coverage 10.[39m
[38;5;23m2026-04-02 19:05:03[39m | [38;5;23mINFO[39m | ['num_mc', 'num_hmc', 'num_total_c'][39m
[38;5;23m2026-04-02 19:05:03[39m | [38;5;23mINFO[39m | Adding Ranges_ID column to validate merging.[39m
[38;5;23m2026-04-02 19:05:13[39m | [38;5;23mINFO[39m | Summarized over 21673 regions.[39m
[38;5;23m2026-04-02 19:05:13[39m | [38;5;23mINFO[39m | Applying post-processor <lambda> to DataFrame.[39m
[38;5;23m2026-04-02 19:05:13[39m | [38;5;23mINFO[39m | Dataframe has 21703 rows, processing large dataset[39m
[38;5;23m2026-04-02 19:05:14[39m | [38;5;23mINFO[39m | Concatenating files without compression.[39m
[38;5;23m2026-04-02 19:05:14[39m | [38;5;23mINFO[39m | Exported mc stats for regional-frac to <modality.infrastructure.file_name_service.ExtractDataFileName object at 0x1554c4d87c50>.[39m
[38;5;23m2026-04-02 19:05:14[39m | [38;5;23mINFO[39m | Applying post-processor <lambda> to DataFrame.[39m
[38;5;23m2026-04-02 19:05:14[39m | [38;5;23mINFO[39m | Dataframe has 21703 rows, processing large dataset[39m
[38;5;23m2026-04-02 19:05:15[39m | [38;5;23mINFO[39m | Concatenating files without compression.[39m
[38;5;23m2026-04-02 19:05:15[39m | [38;5;23mINFO[39m | Exported hmc stats for regional-frac to <modality.infrastructure.file_name_service.ExtractDataFileName object at 0x1554e663b350>.[39m
[38;5;23m2026-04-02 19:05:15[39m | [38;5;23mINFO[39m | Results written to file[39m
[38;5;23m2026-04-02 19:05:15[39m  21673 regions extracted.[39m
[38;5;23m2026-04-02 19:05:15[39m  [1m[38;5;154mData extracted successfully to /expanse/lustre/projects/csd940/zalibhai/biomodal/modality/outputs_CG/Results/gencode.vM25.mouse.promoters.annotation/Extract_20260402_190513[39m
[38;5;23m2026-04-02 19:05:15[39m  Generating plots: violin, correlation[39m
[38;5;23m2026-04-02 19:05:16[39m | [38;5;23mINFO[39m | Feature report saved to /expanse/lustre/projects/csd940/zalibhai/biomodal/modality/outputs_CG/Results/gencode.vM25.mouse.promoters.annotation/Extract_20260402_190513/hmc-mc_regional-frac_extract_report_20260402_190513.html[39m
[38;5;23m2026-04-02 19:05:16[39m | [38;5;23mINFO[39m | JSON report saved to /expanse/lustre/projects/csd940/zalibhai/biomodal/modality/outputs_CG/Results/gencode.vM25.mouse.promoters.annotation/Extract_20260402_190513/hmc-mc_regional-frac_extract_report_20260402_190513.json[39m
[38;5;23m2026-04-02 19:05:16[39m  [1m[38;5;154mFeature report with violin, correlation visualizations generated successfully at /expanse/lustre/projects/csd940/zalibhai/biomodal/modality/outputs_CG/Results/gencode.vM25.mouse.promoters.annotation/Extract_20260402_190513/hmc-mc_regional-frac_extract_report_20260402_190513.html.[39m
[38;5;23m2026-04-02 19:05:16[39m  Wrote provenance sidecar file to /expanse/lustre/projects/csd940/zalibhai/biomodal/modality/outputs_CG/Results/gencode.vM25.mouse.promoters.annotation/Extract_20260402_190513/modality_metadata_20260402_190516.json[39m
[INFO] 2026-04-02 19:05:17 - Feature extraction completed for gencode.vM25.mouse.promoters.annotation
[INFO] 2026-04-02 19:05:17 - Processing region file: /expanse/lustre/projects/csd940/zalibhai/biomodal/modality/mm10/gencode.vM25.mouse.tss_region.annotation.bed.gz
[INFO] 2026-04-02 19:05:17 - Running feature extraction: count total_c...
Logged in using stored credentials
[38;5;23m2026-04-02 19:05:21[39m  [1m[38;5;123mProvenance information:[39m
[38;5;23m2026-04-02 19:05:21[39m  cmd='/home/zalibhai/miniforge3/envs/modality/bin/modality -v get count --zarr-path /expanse/lustre/projects/csd940/zalibhai/biomodal/evoC-run/output/duet-1.5.0_evoC_Bap1_run_6bp/sample_outputs/zarr_store/CG/evoC_Bap1_run.genome.GRCm38_primary_assembly.dedup.CG.zarrz --sample-sheet /expanse/lustre/projects/csd940/zalibhai/biomodal/modality/metadata.tsv --bedfile /expanse/lustre/projects/csd940/zalibhai/biomodal/modality/mm10/gencode.vM25.mouse.tss_region.annotation.bed.gz --fields total_c --output-dir /expanse/lustre/projects/csd940/zalibhai/biomodal/modality/outputs_CG/Results/gencode.vM25.mouse.tss_region.annotation'
timestamp=2026-04-02T19:05:21.410475
version=1.0.0
user=zalibhai

[39m
[38;5;23m2026-04-02 19:05:21[39m  [1m[38;5;123mExtracting methylation features:[39m
[38;5;23m2026-04-02 19:05:21[39m  [38;5;248mZarr path(s)[39m: ['/expanse/lustre/projects/csd940/zalibhai/biomodal/evoC-run/output/duet-1.5.0_evoC_Bap1_run_6bp/sample_outputs/zarr_store/CG/evoC_Bap1_run.genome.GRCm38_primary_assembly.dedup.CG.zarrz'][39m
[38;5;23m2026-04-02 19:05:21[39m  [38;5;248mSample Sheet[39m: /expanse/lustre/projects/csd940/zalibhai/biomodal/modality/metadata.tsv[39m
[38;5;23m2026-04-02 19:05:21[39m  [38;5;248mBedfile[39m: /expanse/lustre/projects/csd940/zalibhai/biomodal/modality/mm10/gencode.vM25.mouse.tss_region.annotation.bed.gz[39m
[38;5;23m2026-04-02 19:05:21[39m  [38;5;248mFields[39m: ['num_total_c'][39m
[38;5;23m2026-04-02 19:05:21[39m  [38;5;248mOutput Dir[39m: /expanse/lustre/projects/csd940/zalibhai/biomodal/modality/outputs_CG/Results/gencode.vM25.mouse.tss_region.annotation[39m
[38;5;23m2026-04-02 19:05:21[39m  [38;5;248mMin Coverage[39m: 0[39m
[38;5;23m2026-04-02 19:05:21[39m  [38;5;248mNum Contexts[39m: 0[39m
[38;5;23m2026-04-02 19:05:21[39m  [38;5;248mDisable Strand Merging[39m: False[39m
[38;5;23m2026-04-02 19:05:21[39m  [38;5;248mWindow Size[39m: None[39m
[38;5;23m2026-04-02 19:05:21[39m  [38;5;248mTabix[39m: False[39m
[38;5;23m2026-04-02 19:05:21[39m  [38;5;248mRegion[39m: None[39m
[38;5;23m2026-04-02 19:05:21[39m | [38;5;23mINFO[39m | Loading Zarr dataset...[39m
[38;5;23m2026-04-02 19:05:23[39m | [38;5;23mINFO[39m | Merging CpG strands before extraction...[39m
[38;5;23m2026-04-02 19:05:34[39m | [38;5;23mINFO[39m | Performing ['count'] on variables ['num_total_c'] and min coverage 0.[39m
[38;5;23m2026-04-02 19:05:34[39m | [38;5;23mINFO[39m | ['num_total_c'][39m
[38;5;23m2026-04-02 19:05:34[39m | [38;5;23mINFO[39m | Adding Ranges_ID column to validate merging.[39m
[38;5;23m2026-04-02 19:05:39[39m | [38;5;23mINFO[39m | Summarized over 21673 regions.[39m
[38;5;23m2026-04-02 19:05:39[39m | [38;5;23mINFO[39m | Applying post-processor <lambda> to DataFrame.[39m
[38;5;23m2026-04-02 19:05:39[39m | [38;5;23mINFO[39m | Dataframe has 21705 rows, processing large dataset[39m
[38;5;23m2026-04-02 19:05:40[39m | [38;5;23mINFO[39m | Concatenating files without compression.[39m
[38;5;23m2026-04-02 19:05:40[39m | [38;5;23mINFO[39m | Exported total_c stats for count to <modality.infrastructure.file_name_service.ExtractDataFileName object at 0x1554e47c1850>.[39m
[38;5;23m2026-04-02 19:05:40[39m | [38;5;23mINFO[39m | Results written to file[39m
[38;5;23m2026-04-02 19:05:40[39m  21673 regions extracted.[39m
[38;5;23m2026-04-02 19:05:40[39m  [1m[38;5;154mData extracted successfully to /expanse/lustre/projects/csd940/zalibhai/biomodal/modality/outputs_CG/Results/gencode.vM25.mouse.tss_region.annotation/Extract_20260402_190539[39m
[38;5;23m2026-04-02 19:05:40[39m | [38;5;23mINFO[39m | No plots generated. Sample sheet / group provided but no plots requested.[39m
[38;5;23m2026-04-02 19:05:40[39m  Wrote provenance sidecar file to /expanse/lustre/projects/csd940/zalibhai/biomodal/modality/outputs_CG/Results/gencode.vM25.mouse.tss_region.annotation/Extract_20260402_190539/modality_metadata_20260402_190540.json[39m
[INFO] 2026-04-02 19:05:40 - Running feature extraction: mean total_c (plots generated automatically)...
Logged in using stored credentials
[38;5;23m2026-04-02 19:05:43[39m  [1m[38;5;123mProvenance information:[39m
[38;5;23m2026-04-02 19:05:43[39m  cmd='/home/zalibhai/miniforge3/envs/modality/bin/modality -v get mean --zarr-path /expanse/lustre/projects/csd940/zalibhai/biomodal/evoC-run/output/duet-1.5.0_evoC_Bap1_run_6bp/sample_outputs/zarr_store/CG/evoC_Bap1_run.genome.GRCm38_primary_assembly.dedup.CG.zarrz --sample-sheet /expanse/lustre/projects/csd940/zalibhai/biomodal/modality/metadata.tsv --bedfile /expanse/lustre/projects/csd940/zalibhai/biomodal/modality/mm10/gencode.vM25.mouse.tss_region.annotation.bed.gz --fields total_c --order-by-group condition --output-dir /expanse/lustre/projects/csd940/zalibhai/biomodal/modality/outputs_CG/Results/gencode.vM25.mouse.tss_region.annotation'
timestamp=2026-04-02T19:05:43.746156
version=1.0.0
user=zalibhai

[39m
[38;5;23m2026-04-02 19:05:43[39m  [1m[38;5;123mExtracting methylation features:[39m
[38;5;23m2026-04-02 19:05:43[39m  [38;5;248mZarr path(s)[39m: ['/expanse/lustre/projects/csd940/zalibhai/biomodal/evoC-run/output/duet-1.5.0_evoC_Bap1_run_6bp/sample_outputs/zarr_store/CG/evoC_Bap1_run.genome.GRCm38_primary_assembly.dedup.CG.zarrz'][39m
[38;5;23m2026-04-02 19:05:43[39m  [38;5;248mSample Sheet[39m: /expanse/lustre/projects/csd940/zalibhai/biomodal/modality/metadata.tsv[39m
[38;5;23m2026-04-02 19:05:43[39m  [38;5;248mBedfile[39m: /expanse/lustre/projects/csd940/zalibhai/biomodal/modality/mm10/gencode.vM25.mouse.tss_region.annotation.bed.gz[39m
[38;5;23m2026-04-02 19:05:43[39m  [38;5;248mFields[39m: ['num_total_c'][39m
[38;5;23m2026-04-02 19:05:43[39m  [38;5;248mOrder By Group[39m: condition[39m
[38;5;23m2026-04-02 19:05:43[39m  [38;5;248mOutput Dir[39m: /expanse/lustre/projects/csd940/zalibhai/biomodal/modality/outputs_CG/Results/gencode.vM25.mouse.tss_region.annotation[39m
[38;5;23m2026-04-02 19:05:43[39m  [38;5;248mMin Coverage[39m: 0[39m
[38;5;23m2026-04-02 19:05:43[39m  [38;5;248mNum Contexts[39m: 0[39m
[38;5;23m2026-04-02 19:05:43[39m  [38;5;248mDisable Strand Merging[39m: False[39m
[38;5;23m2026-04-02 19:05:43[39m  [38;5;248mWindow Size[39m: None[39m
[38;5;23m2026-04-02 19:05:43[39m  [38;5;248mTabix[39m: False[39m
[38;5;23m2026-04-02 19:05:43[39m  [38;5;248mRegion[39m: None[39m
[38;5;23m2026-04-02 19:05:43[39m  [38;5;248mAggregate By Group[39m: None[39m
[38;5;23m2026-04-02 19:05:43[39m  [38;5;248mCase Sensitive[39m: False[39m
[38;5;23m2026-04-02 19:05:43[39m  [38;5;248mHeatmap[39m: False[39m
[38;5;23m2026-04-02 19:05:43[39m | [38;5;23mINFO[39m | Sample sheet: /expanse/lustre/projects/csd940/zalibhai/biomodal/modality/metadata.tsv[39m
[38;5;23m2026-04-02 19:05:43[39m | [38;5;23mINFO[39m | Order samples by: condition, case-insensitive[39m
[38;5;23m2026-04-02 19:05:43[39m | [38;5;23mINFO[39m | Loading Zarr dataset...[39m
[38;5;23m2026-04-02 19:05:46[39m | [38;5;23mINFO[39m | Merging CpG strands before extraction...[39m
[38;5;23m2026-04-02 19:05:56[39m | [38;5;23mINFO[39m | Performing ['mean'] on variables ['num_total_c'] and min coverage 0.[39m
[38;5;23m2026-04-02 19:05:56[39m | [38;5;23mINFO[39m | ['num_total_c'][39m
[38;5;23m2026-04-02 19:05:56[39m | [38;5;23mINFO[39m | Adding Ranges_ID column to validate merging.[39m
[38;5;23m2026-04-02 19:06:02[39m | [38;5;23mINFO[39m | Summarized over 21673 regions.[39m
[38;5;23m2026-04-02 19:06:02[39m | [38;5;23mINFO[39m | Applying post-processor <lambda> to DataFrame.[39m
[38;5;23m2026-04-02 19:06:02[39m | [38;5;23mINFO[39m | Dataframe has 21705 rows, processing large dataset[39m
[38;5;23m2026-04-02 19:06:03[39m | [38;5;23mINFO[39m | Concatenating files without compression.[39m
[38;5;23m2026-04-02 19:06:03[39m | [38;5;23mINFO[39m | Exported total_c stats for mean to <modality.infrastructure.file_name_service.ExtractDataFileName object at 0x1554e6484ed0>.[39m
[38;5;23m2026-04-02 19:06:03[39m | [38;5;23mINFO[39m | Results written to file[39m
[38;5;23m2026-04-02 19:06:03[39m  21673 regions extracted.[39m
[38;5;23m2026-04-02 19:06:03[39m  [1m[38;5;154mData extracted successfully to /expanse/lustre/projects/csd940/zalibhai/biomodal/modality/outputs_CG/Results/gencode.vM25.mouse.tss_region.annotation/Extract_20260402_190602[39m
[38;5;23m2026-04-02 19:06:03[39m  Generating plots: correlation, violin[39m
[38;5;23m2026-04-02 19:06:03[39m | [38;5;23mINFO[39m | Feature report saved to /expanse/lustre/projects/csd940/zalibhai/biomodal/modality/outputs_CG/Results/gencode.vM25.mouse.tss_region.annotation/Extract_20260402_190602/total_c_mean_extract_report_20260402_190602.html[39m
[38;5;23m2026-04-02 19:06:03[39m | [38;5;23mINFO[39m | JSON report saved to /expanse/lustre/projects/csd940/zalibhai/biomodal/modality/outputs_CG/Results/gencode.vM25.mouse.tss_region.annotation/Extract_20260402_190602/total_c_mean_extract_report_20260402_190602.json[39m
[38;5;23m2026-04-02 19:06:03[39m  [1m[38;5;154mFeature report with correlation, violin visualizations generated successfully at /expanse/lustre/projects/csd940/zalibhai/biomodal/modality/outputs_CG/Results/gencode.vM25.mouse.tss_region.annotation/Extract_20260402_190602/total_c_mean_extract_report_20260402_190602.html.[39m
[38;5;23m2026-04-02 19:06:03[39m  Wrote provenance sidecar file to /expanse/lustre/projects/csd940/zalibhai/biomodal/modality/outputs_CG/Results/gencode.vM25.mouse.tss_region.annotation/Extract_20260402_190602/modality_metadata_20260402_190603.json[39m
[INFO] 2026-04-02 19:06:04 - Running feature extraction: regional-frac for mc and hmc with minimum depth 10 (plots generated automatically)...
Logged in using stored credentials
[38;5;23m2026-04-02 19:06:07[39m  [1m[38;5;123mProvenance information:[39m
[38;5;23m2026-04-02 19:06:07[39m  cmd='/home/zalibhai/miniforge3/envs/modality/bin/modality -v get regional-frac --zarr-path /expanse/lustre/projects/csd940/zalibhai/biomodal/evoC-run/output/duet-1.5.0_evoC_Bap1_run_6bp/sample_outputs/zarr_store/CG/evoC_Bap1_run.genome.GRCm38_primary_assembly.dedup.CG.zarrz --sample-sheet /expanse/lustre/projects/csd940/zalibhai/biomodal/modality/metadata.tsv --bedfile /expanse/lustre/projects/csd940/zalibhai/biomodal/modality/mm10/gencode.vM25.mouse.tss_region.annotation.bed.gz --fields mc hmc --min-coverage 10 --order-by-group condition --output-dir /expanse/lustre/projects/csd940/zalibhai/biomodal/modality/outputs_CG/Results/gencode.vM25.mouse.tss_region.annotation'
timestamp=2026-04-02T19:06:07.027526
version=1.0.0
user=zalibhai

[39m
[38;5;23m2026-04-02 19:06:07[39m  [1m[38;5;123mExtracting methylation features:[39m
[38;5;23m2026-04-02 19:06:07[39m  [38;5;248mZarr path(s)[39m: ['/expanse/lustre/projects/csd940/zalibhai/biomodal/evoC-run/output/duet-1.5.0_evoC_Bap1_run_6bp/sample_outputs/zarr_store/CG/evoC_Bap1_run.genome.GRCm38_primary_assembly.dedup.CG.zarrz'][39m
[38;5;23m2026-04-02 19:06:07[39m  [38;5;248mSample Sheet[39m: /expanse/lustre/projects/csd940/zalibhai/biomodal/modality/metadata.tsv[39m
[38;5;23m2026-04-02 19:06:07[39m  [38;5;248mBedfile[39m: /expanse/lustre/projects/csd940/zalibhai/biomodal/modality/mm10/gencode.vM25.mouse.tss_region.annotation.bed.gz[39m
[38;5;23m2026-04-02 19:06:07[39m  [38;5;248mFields[39m: ['num_mc', 'num_hmc'][39m
[38;5;23m2026-04-02 19:06:07[39m  [38;5;248mMin Coverage[39m: 10[39m
[38;5;23m2026-04-02 19:06:07[39m  [38;5;248mOrder By Group[39m: condition[39m
[38;5;23m2026-04-02 19:06:07[39m  [38;5;248mOutput Dir[39m: /expanse/lustre/projects/csd940/zalibhai/biomodal/modality/outputs_CG/Results/gencode.vM25.mouse.tss_region.annotation[39m
[38;5;23m2026-04-02 19:06:07[39m  [38;5;248mNum Contexts[39m: 0[39m
[38;5;23m2026-04-02 19:06:07[39m  [38;5;248mDisable Strand Merging[39m: False[39m
[38;5;23m2026-04-02 19:06:07[39m  [38;5;248mWindow Size[39m: None[39m
[38;5;23m2026-04-02 19:06:07[39m  [38;5;248mTabix[39m: False[39m
[38;5;23m2026-04-02 19:06:07[39m  [38;5;248mRegion[39m: None[39m
[38;5;23m2026-04-02 19:06:07[39m  [38;5;248mAggregate By Group[39m: None[39m
[38;5;23m2026-04-02 19:06:07[39m  [38;5;248mCase Sensitive[39m: False[39m
[38;5;23m2026-04-02 19:06:07[39m  [38;5;248mHeatmap[39m: False[39m
[38;5;23m2026-04-02 19:06:07[39m | [38;5;23mINFO[39m | Sample sheet: /expanse/lustre/projects/csd940/zalibhai/biomodal/modality/metadata.tsv[39m
[38;5;23m2026-04-02 19:06:07[39m | [38;5;23mINFO[39m | Order samples by: condition, case-insensitive[39m
[38;5;23m2026-04-02 19:06:07[39m | [38;5;23mINFO[39m | Loading Zarr dataset...[39m
[38;5;23m2026-04-02 19:06:09[39m | [38;5;23mINFO[39m | Merging CpG strands before extraction...[39m
[38;5;23m2026-04-02 19:06:50[39m | [38;5;23mINFO[39m | Performing ['regional-frac'] on variables ['num_mc', 'num_hmc'] and min coverage 10.[39m
[38;5;23m2026-04-02 19:06:50[39m | [38;5;23mINFO[39m | ['num_mc', 'num_hmc', 'num_total_c'][39m
[38;5;23m2026-04-02 19:06:50[39m | [38;5;23mINFO[39m | Adding Ranges_ID column to validate merging.[39m
[38;5;23m2026-04-02 19:07:00[39m | [38;5;23mINFO[39m | Summarized over 21673 regions.[39m
[38;5;23m2026-04-02 19:07:00[39m | [38;5;23mINFO[39m | Applying post-processor <lambda> to DataFrame.[39m
[38;5;23m2026-04-02 19:07:00[39m | [38;5;23mINFO[39m | Dataframe has 21705 rows, processing large dataset[39m
[38;5;23m2026-04-02 19:07:01[39m | [38;5;23mINFO[39m | Concatenating files without compression.[39m
[38;5;23m2026-04-02 19:07:01[39m | [38;5;23mINFO[39m | Exported mc stats for regional-frac to <modality.infrastructure.file_name_service.ExtractDataFileName object at 0x1554dc7f9c90>.[39m
[38;5;23m2026-04-02 19:07:01[39m | [38;5;23mINFO[39m | Applying post-processor <lambda> to DataFrame.[39m
[38;5;23m2026-04-02 19:07:01[39m | [38;5;23mINFO[39m | Dataframe has 21705 rows, processing large dataset[39m
[38;5;23m2026-04-02 19:07:02[39m | [38;5;23mINFO[39m | Concatenating files without compression.[39m
[38;5;23m2026-04-02 19:07:02[39m | [38;5;23mINFO[39m | Exported hmc stats for regional-frac to <modality.infrastructure.file_name_service.ExtractDataFileName object at 0x1554c4d23f90>.[39m
[38;5;23m2026-04-02 19:07:02[39m | [38;5;23mINFO[39m | Results written to file[39m
[38;5;23m2026-04-02 19:07:02[39m  21673 regions extracted.[39m
[38;5;23m2026-04-02 19:07:02[39m  [1m[38;5;154mData extracted successfully to /expanse/lustre/projects/csd940/zalibhai/biomodal/modality/outputs_CG/Results/gencode.vM25.mouse.tss_region.annotation/Extract_20260402_190700[39m
[38;5;23m2026-04-02 19:07:02[39m  Generating plots: correlation, violin[39m
[38;5;23m2026-04-02 19:07:02[39m | [38;5;23mINFO[39m | Feature report saved to /expanse/lustre/projects/csd940/zalibhai/biomodal/modality/outputs_CG/Results/gencode.vM25.mouse.tss_region.annotation/Extract_20260402_190700/hmc-mc_regional-frac_extract_report_20260402_190700.html[39m
[38;5;23m2026-04-02 19:07:02[39m | [38;5;23mINFO[39m | JSON report saved to /expanse/lustre/projects/csd940/zalibhai/biomodal/modality/outputs_CG/Results/gencode.vM25.mouse.tss_region.annotation/Extract_20260402_190700/hmc-mc_regional-frac_extract_report_20260402_190700.json[39m
[38;5;23m2026-04-02 19:07:02[39m  [1m[38;5;154mFeature report with correlation, violin visualizations generated successfully at /expanse/lustre/projects/csd940/zalibhai/biomodal/modality/outputs_CG/Results/gencode.vM25.mouse.tss_region.annotation/Extract_20260402_190700/hmc-mc_regional-frac_extract_report_20260402_190700.html.[39m
[38;5;23m2026-04-02 19:07:02[39m  Wrote provenance sidecar file to /expanse/lustre/projects/csd940/zalibhai/biomodal/modality/outputs_CG/Results/gencode.vM25.mouse.tss_region.annotation/Extract_20260402_190700/modality_metadata_20260402_190702.json[39m
[INFO] 2026-04-02 19:07:03 - Feature extraction completed for gencode.vM25.mouse.tss_region.annotation
[INFO] 2026-04-02 19:07:03 - Feature extraction HTML reports copied to region-specific directories


===========================
STEP 3: RUNNING DMR CALLING
===========================
[INFO] 2026-04-02 19:07:03 - Running DMR calling on region file: /expanse/lustre/projects/csd940/zalibhai/biomodal/modality/mm10/gencode.vM25.mouse.cpg_islands.annotation.bed
Logged in using stored credentials
[38;5;23m2026-04-02 19:07:07[39m  [1m[38;5;123mProvenance information:[39m
[38;5;23m2026-04-02 19:07:07[39m  cmd='/home/zalibhai/miniforge3/envs/modality/bin/modality -v dmr call --zarr-path /expanse/lustre/projects/csd940/zalibhai/biomodal/evoC-run/output/duet-1.5.0_evoC_Bap1_run_6bp/sample_outputs/zarr_store/CG/evoC_Bap1_run.genome.GRCm38_primary_assembly.dedup.CG.zarrz --sample-sheet /expanse/lustre/projects/csd940/zalibhai/biomodal/modality/metadata.tsv --condition-array-name condition --methylation-contexts num_mc num_hmc --bedfile /expanse/lustre/projects/csd940/zalibhai/biomodal/modality/mm10/gencode.vM25.mouse.cpg_islands.annotation.bed --covariates sex batch --filter-context-depth 10 --condition-order control mutant --output-dir /expanse/lustre/projects/csd940/zalibhai/biomodal/modality/outputs_CG/Results/gencode.vM25.mouse.cpg_islands.annotation'
timestamp=2026-04-02T19:07:07.073009
version=1.0.0
user=zalibhai

[39m
[38;5;23m2026-04-02 19:07:07[39m  [1m[38;5;123mStarting differential methylation analysis:[39m
[38;5;23m2026-04-02 19:07:07[39m  [38;5;248mZarr path(s)[39m: ['/expanse/lustre/projects/csd940/zalibhai/biomodal/evoC-run/output/duet-1.5.0_evoC_Bap1_run_6bp/sample_outputs/zarr_store/CG/evoC_Bap1_run.genome.GRCm38_primary_assembly.dedup.CG.zarrz'][39m
[38;5;23m2026-04-02 19:07:07[39m  [38;5;248mSample Sheet[39m: /expanse/lustre/projects/csd940/zalibhai/biomodal/modality/metadata.tsv[39m
[38;5;23m2026-04-02 19:07:07[39m  [38;5;248mCondition Array Name[39m: condition[39m
[38;5;23m2026-04-02 19:07:07[39m  [38;5;248mMethylation Contexts[39m: ['num_mc', 'num_hmc'][39m
[38;5;23m2026-04-02 19:07:07[39m  [38;5;248mBedfile[39m: /expanse/lustre/projects/csd940/zalibhai/biomodal/modality/mm10/gencode.vM25.mouse.cpg_islands.annotation.bed[39m
[38;5;23m2026-04-02 19:07:07[39m  [38;5;248mCovariates[39m: ['sex', 'batch'][39m
[38;5;23m2026-04-02 19:07:07[39m  [38;5;248mMin Coverage[39m: 10[39m
[38;5;23m2026-04-02 19:07:07[39m  [38;5;248mCondition Order[39m: ['control', 'mutant'][39m
[38;5;23m2026-04-02 19:07:07[39m  [38;5;248mOutput Dir[39m: /expanse/lustre/projects/csd940/zalibhai/biomodal/modality/outputs_CG/Results/gencode.vM25.mouse.cpg_islands.annotation[39m
[38;5;23m2026-04-02 19:07:07[39m  [38;5;248mWindow Size[39m: None[39m
[38;5;23m2026-04-02 19:07:07[39m  [38;5;248mNum Contexts[39m: 0[39m
[38;5;23m2026-04-02 19:07:07[39m  [38;5;248mRegion[39m: None[39m
[38;5;23m2026-04-02 19:07:07[39m  [38;5;248mOverdispersion[39m: False[39m
[38;5;23m2026-04-02 19:07:07[39m  [38;5;248mStatistical Test[39m: wald[39m
[38;5;23m2026-04-02 19:07:07[39m  [38;5;248mDisable Strand Merging[39m: False[39m
[38;5;23m2026-04-02 19:07:07[39m  [38;5;248mCompress[39m: False[39m
[38;5;23m2026-04-02 19:07:07[39m | [38;5;23mINFO[39m | Loading Zarr dataset...[39m
[38;5;23m2026-04-02 19:07:09[39m | [38;5;23mINFO[39m | Merging CpG strands in the dataset.[39m
[38;5;23m2026-04-02 19:07:17[39m | [38;5;23mINFO[39m | Starting DMR calling process, this could take a few minutes...[39m
[38;5;23m2026-04-02 19:07:17[39m | [38;5;23mINFO[39m | Aligning sample sheet with dataset...[39m
[#############                           ] | 33% Completed | 1.07 s[###############                         ] | 37% Completed | 1.17 s[################                        ] | 42% Completed | 1.27 s[##################                      ] | 46% Completed | 1.37 s[####################                    ] | 50% Completed | 1.47 s[#####################                   ] | 54% Completed | 1.57 s[#######################                 ] | 58% Completed | 1.67 s[#########################               ] | 63% Completed | 1.78 s[##########################              ] | 67% Completed | 1.88 s[############################            ] | 71% Completed | 1.98 s[##############################          ] | 75% Completed | 2.08 s[###############################         ] | 79% Completed | 2.18 s[########################################] | 100% Completed | 2.28 s
[38;5;23m2026-04-02 19:07:20[39m | [38;5;23mINFO[39m | filtering low coverage contexts (this may take multiple steps)...[39m
[#####################################   ] | 93% Completed | 1.00 s[########################################] | 100% Completed | 1.10 s
[                                        ] | 0% Completed | 1.00 s[                                        ] | 0% Completed | 1.10 s[                                        ] | 0% Completed | 1.20 s[                                        ] | 0% Completed | 1.30 s[                                        ] | 0% Completed | 1.40 s[########################################] | 100% Completed | 1.50 s
[###########                             ] | 28% Completed | 1.01 s[############                            ] | 32% Completed | 1.11 s[##############                          ] | 35% Completed | 1.21 s[###############                         ] | 38% Completed | 1.31 s[################                        ] | 42% Completed | 1.41 s[##################                      ] | 45% Completed | 1.51 s[###################                     ] | 49% Completed | 1.61 s[####################                    ] | 52% Completed | 1.71 s[######################                  ] | 55% Completed | 1.81 s[#######################                 ] | 59% Completed | 1.91 s[#########################               ] | 62% Completed | 2.01 s[##########################              ] | 65% Completed | 2.11 s[###########################             ] | 69% Completed | 2.21 s[#############################           ] | 73% Completed | 2.31 s[##############################          ] | 76% Completed | 2.41 s[###############################         ] | 79% Completed | 2.51 s[########################################] | 100% Completed | 2.61 s
[#########                               ] | 24% Completed | 1.05 s[###########                             ] | 27% Completed | 1.15 s[############                            ] | 31% Completed | 1.25 s[#############                           ] | 34% Completed | 1.35 s[###############                         ] | 37% Completed | 1.45 s[################                        ] | 41% Completed | 1.55 s[#################                       ] | 44% Completed | 1.65 s[###################                     ] | 47% Completed | 1.75 s[####################                    ] | 51% Completed | 1.85 s[#####################                   ] | 54% Completed | 1.95 s[#######################                 ] | 57% Completed | 2.05 s[########################                ] | 60% Completed | 2.15 s[#########################               ] | 64% Completed | 2.25 s[##########################              ] | 67% Completed | 2.35 s[############################            ] | 70% Completed | 2.45 s[#############################           ] | 73% Completed | 2.55 s[##############################          ] | 76% Completed | 2.65 s[###############################         ] | 79% Completed | 2.75 s[################################        ] | 82% Completed | 2.85 s[#####################################   ] | 94% Completed | 2.95 s[########################################] | 100% Completed | 3.05 s
[38;5;23m2026-04-02 19:07:51[39m | [38;5;23mINFO[39m | Aggregating dataset for DMR calling (this may take multiple steps)...[39m
[38;5;23m2026-04-02 19:07:51[39m | [38;5;23mINFO[39m | Adding Ranges_ID column to validate merging.[39m
[######################                  ] | 55% Completed | 1.10 s[########################                ] | 61% Completed | 1.20 s[###########################             ] | 68% Completed | 1.30 s[#############################           ] | 73% Completed | 1.40 s[###############################         ] | 79% Completed | 1.50 s[##################################      ] | 86% Completed | 1.60 s[#####################################   ] | 92% Completed | 1.70 s[####################################### ] | 98% Completed | 1.80 s[########################################] | 100% Completed | 1.90 s
[#######################                 ] | 59% Completed | 1.00 s[##########################              ] | 66% Completed | 1.10 s[############################            ] | 71% Completed | 1.20 s[##############################          ] | 77% Completed | 1.30 s[#################################       ] | 83% Completed | 1.40 s[####################################    ] | 90% Completed | 1.50 s[######################################  ] | 95% Completed | 1.60 s[########################################] | 100% Completed | 1.70 s
[38;5;23m2026-04-02 19:08:04[39m | [38;5;23mINFO[39m | Recoding given covariates from ['sex', 'batch'] to: ['batch', 'sex_male'] to handle categorical variables.[39m
[38;5;23m2026-04-02 19:08:04[39m | [38;5;23mINFO[39m | Performing DMR calling (control vs mutant)[39m
[######                                  ] | 16% Completed | 1.00 s[######                                  ] | 16% Completed | 1.10 s[######                                  ] | 16% Completed | 1.20 s[######                                  ] | 16% Completed | 1.30 s[######                                  ] | 16% Completed | 1.40 s[######                                  ] | 16% Completed | 1.50 s[######                                  ] | 16% Completed | 1.60 s[######                                  ] | 16% Completed | 1.70 s[######                                  ] | 16% Completed | 1.80 s[######                                  ] | 16% Completed | 1.90 s[######                                  ] | 16% Completed | 2.00 s[######                                  ] | 16% Completed | 2.10 s[######                                  ] | 16% Completed | 2.20 s[######                                  ] | 16% Completed | 2.30 s[######                                  ] | 16% Completed | 2.40 s[######                                  ] | 16% Completed | 2.50 s[######                                  ] | 16% Completed | 2.60 s[######                                  ] | 16% Completed | 2.70 s[######                                  ] | 16% Completed | 2.81 s[######                                  ] | 16% Completed | 2.91 s[######                                  ] | 16% Completed | 3.01 s[######                                  ] | 16% Completed | 3.11 s[######                                  ] | 16% Completed | 3.21 s[######                                  ] | 16% Completed | 3.31 s[######                                  ] | 16% Completed | 3.41 s[######                                  ] | 16% Completed | 3.51 s[######                                  ] | 16% Completed | 3.61 s[######                                  ] | 16% Completed | 3.71 s[######                                  ] | 16% Completed | 3.81 s[######                                  ] | 16% Completed | 3.91 s[######                                  ] | 16% Completed | 4.01 s[######                                  ] | 16% Completed | 4.11 s[######                                  ] | 16% Completed | 4.21 s[######                                  ] | 16% Completed | 4.31 s[######                                  ] | 16% Completed | 4.41 s[######                                  ] | 16% Completed | 4.51 s[######                                  ] | 16% Completed | 4.61 s[######                                  ] | 16% Completed | 4.71 s[######                                  ] | 16% Completed | 4.81 s[######                                  ] | 16% Completed | 4.91 s[######                                  ] | 16% Completed | 5.01 s[######                                  ] | 16% Completed | 5.11 s[######                                  ] | 16% Completed | 5.21 s[######                                  ] | 16% Completed | 5.31 s[######                                  ] | 16% Completed | 5.41 s[######                                  ] | 16% Completed | 5.51 s[######                                  ] | 16% Completed | 5.61 s[######                                  ] | 16% Completed | 5.71 s[######                                  ] | 16% Completed | 5.81 s[######                                  ] | 16% Completed | 5.91 s[######                                  ] | 16% Completed | 6.01 s[######                                  ] | 16% Completed | 6.11 s[######                                  ] | 16% Completed | 6.21 s[######                                  ] | 16% Completed | 6.31 s[######                                  ] | 16% Completed | 6.41 s[######                                  ] | 16% Completed | 6.51 s[######                                  ] | 16% Completed | 6.61 s[######                                  ] | 16% Completed | 6.71 s[######                                  ] | 16% Completed | 6.81 s[######                                  ] | 16% Completed | 6.91 s[######                                  ] | 16% Completed | 7.01 s[######                                  ] | 16% Completed | 7.11 s[######                                  ] | 16% Completed | 7.21 s[######                                  ] | 16% Completed | 7.31 s[######                                  ] | 16% Completed | 7.41 s[######                                  ] | 16% Completed | 7.51 s[######                                  ] | 16% Completed | 7.61 s[######                                  ] | 16% Completed | 7.71 s[######                                  ] | 16% Completed | 7.81 s[######                                  ] | 16% Completed | 7.91 s[######                                  ] | 16% Completed | 8.01 s[######                                  ] | 16% Completed | 8.11 s[######                                  ] | 16% Completed | 8.21 s[######                                  ] | 16% Completed | 8.31 s[######                                  ] | 16% Completed | 8.41 s[##########################              ] | 66% Completed | 8.52 s[##########################              ] | 66% Completed | 8.62 s[##########################              ] | 66% Completed | 8.72 s[##########################              ] | 66% Completed | 8.82 s[##########################              ] | 66% Completed | 8.92 s[##########################              ] | 66% Completed | 9.02 s[##########################              ] | 66% Completed | 9.12 s[##########################              ] | 66% Completed | 9.22 s[##########################              ] | 66% Completed | 9.32 s[##########################              ] | 66% Completed | 9.42 s[##########################              ] | 66% Completed | 9.52 s[##########################              ] | 66% Completed | 9.62 s[##########################              ] | 66% Completed | 9.72 s[##########################              ] | 66% Completed | 9.82 s[##########################              ] | 66% Completed | 9.92 s[##########################              ] | 66% Completed | 10.02 s[##########################              ] | 66% Completed | 10.12 s[##########################              ] | 66% Completed | 10.22 s[##########################              ] | 66% Completed | 10.32 s[##########################              ] | 66% Completed | 10.42 s[##########################              ] | 66% Completed | 10.52 s[##########################              ] | 66% Completed | 10.62 s[##########################              ] | 66% Completed | 10.72 s[##########################              ] | 66% Completed | 10.82 s[##########################              ] | 66% Completed | 10.92 s[##########################              ] | 66% Completed | 11.02 s[##########################              ] | 66% Completed | 11.12 s[##########################              ] | 66% Completed | 11.22 s[##########################              ] | 66% Completed | 11.32 s[##########################              ] | 66% Completed | 11.42 s[##########################              ] | 66% Completed | 11.52 s[##########################              ] | 66% Completed | 11.62 s[##########################              ] | 66% Completed | 11.72 s[##########################              ] | 66% Completed | 11.82 s[##########################              ] | 66% Completed | 11.92 s[##########################              ] | 66% Completed | 12.02 s[##########################              ] | 66% Completed | 12.12 s[##########################              ] | 66% Completed | 12.22 s[##########################              ] | 66% Completed | 12.32 s[##########################              ] | 66% Completed | 12.42 s[##########################              ] | 66% Completed | 12.52 s[##########################              ] | 66% Completed | 12.62 s[##########################              ] | 66% Completed | 12.72 s[##########################              ] | 66% Completed | 12.82 s[##########################              ] | 66% Completed | 12.92 s[##########################              ] | 66% Completed | 13.02 s[##########################              ] | 66% Completed | 13.12 s[##########################              ] | 66% Completed | 13.23 s[##########################              ] | 66% Completed | 13.33 s[##########################              ] | 66% Completed | 13.43 s[##########################              ] | 66% Completed | 13.53 s[##########################              ] | 66% Completed | 13.63 s[##########################              ] | 66% Completed | 13.73 s[##########################              ] | 66% Completed | 13.83 s[##########################              ] | 66% Completed | 13.93 s[##########################              ] | 66% Completed | 14.03 s[##########################              ] | 66% Completed | 14.13 s[##########################              ] | 66% Completed | 14.23 s[##########################              ] | 66% Completed | 14.33 s[##########################              ] | 66% Completed | 14.43 s[##########################              ] | 66% Completed | 14.53 s[##########################              ] | 66% Completed | 14.63 s[##########################              ] | 66% Completed | 14.73 s[##########################              ] | 66% Completed | 14.83 s[##########################              ] | 66% Completed | 14.93 s[##########################              ] | 66% Completed | 15.03 s[##########################              ] | 66% Completed | 15.13 s[##########################              ] | 66% Completed | 15.23 s[##########################              ] | 66% Completed | 15.33 s[##########################              ] | 66% Completed | 15.43 s[##########################              ] | 66% Completed | 15.53 s[##########################              ] | 66% Completed | 15.63 s[##########################              ] | 66% Completed | 15.73 s[##########################              ] | 66% Completed | 15.83 s[##########################              ] | 66% Completed | 15.93 s[##########################              ] | 66% Completed | 16.03 s[##########################              ] | 66% Completed | 16.13 s[##########################              ] | 66% Completed | 16.23 s[##########################              ] | 66% Completed | 16.33 s[##########################              ] | 66% Completed | 16.43 s[##########################              ] | 66% Completed | 16.53 s[##########################              ] | 66% Completed | 16.63 s[##########################              ] | 66% Completed | 16.73 s[##########################              ] | 66% Completed | 16.83 s[########################################] | 100% Completed | 16.93 s
[38;5;23m2026-04-02 19:08:21[39m | [33mWARNING[39m | [33mExtra columns detected: Index(['Annotation'], dtype='object'). These will be retained but are not validated.[39m
[38;5;23m2026-04-02 19:08:21[39m | [38;5;23mINFO[39m | Writing DMRs to /expanse/lustre/projects/csd940/zalibhai/biomodal/modality/outputs_CG/Results/gencode.vM25.mouse.cpg_islands.annotation/DMR_20260402_190821/DMR_mc_control__mutant_20260402_190821.bed.
Columns are :
`Chromosome Start End Name Score Strand num_contexts mean_coverage_across_samples mean_mod_group_1mean_mod_group_2 mod_fold_change mod_difference test_statistic dmr_pvalue dmr_qvalue
Please note that:
 - Name, Score, Strand are not used and are set to `.` for compatibility with pyranges
[39m
[38;5;23m2026-04-02 19:08:21[39m | [38;5;23mINFO[39m | Aggregating dataset for DMR calling (this may take multiple steps)...[39m
[#########################               ] | 64% Completed | 1.00 s[############################            ] | 70% Completed | 1.10 s[##############################          ] | 76% Completed | 1.20 s[#################################       ] | 82% Completed | 1.30 s[###################################     ] | 89% Completed | 1.40 s[######################################  ] | 95% Completed | 1.50 s[########################################] | 100% Completed | 1.60 s
[######################                  ] | 57% Completed | 1.00 s[#########################               ] | 64% Completed | 1.10 s[############################            ] | 70% Completed | 1.20 s[##############################          ] | 75% Completed | 1.30 s[################################        ] | 81% Completed | 1.40 s[###################################     ] | 88% Completed | 1.50 s[#####################################   ] | 93% Completed | 1.60 s[####################################### ] | 99% Completed | 1.70 s[########################################] | 100% Completed | 1.80 s
[38;5;23m2026-04-02 19:08:31[39m | [38;5;23mINFO[39m | Recoding given covariates from ['sex', 'batch'] to: ['batch', 'sex_male'] to handle categorical variables.[39m
[38;5;23m2026-04-02 19:08:31[39m | [38;5;23mINFO[39m | Performing DMR calling (control vs mutant)[39m
[######                                  ] | 16% Completed | 1.00 s[######                                  ] | 16% Completed | 1.10 s[######                                  ] | 16% Completed | 1.20 s[######                                  ] | 16% Completed | 1.30 s[######                                  ] | 16% Completed | 1.40 s[######                                  ] | 16% Completed | 1.50 s[######                                  ] | 16% Completed | 1.60 s[######                                  ] | 16% Completed | 1.70 s[######                                  ] | 16% Completed | 1.80 s[######                                  ] | 16% Completed | 1.90 s[######                                  ] | 16% Completed | 2.00 s[######                                  ] | 16% Completed | 2.10 s[######                                  ] | 16% Completed | 2.20 s[######                                  ] | 16% Completed | 2.30 s[######                                  ] | 16% Completed | 2.40 s[######                                  ] | 16% Completed | 2.50 s[######                                  ] | 16% Completed | 2.60 s[######                                  ] | 16% Completed | 2.70 s[######                                  ] | 16% Completed | 2.80 s[######                                  ] | 16% Completed | 2.90 s[######                                  ] | 16% Completed | 3.00 s[######                                  ] | 16% Completed | 3.10 s[######                                  ] | 16% Completed | 3.20 s[######                                  ] | 16% Completed | 3.30 s[######                                  ] | 16% Completed | 3.40 s[######                                  ] | 16% Completed | 3.50 s[######                                  ] | 16% Completed | 3.60 s[######                                  ] | 16% Completed | 3.70 s[######                                  ] | 16% Completed | 3.80 s[######                                  ] | 16% Completed | 3.90 s[######                                  ] | 16% Completed | 4.00 s[######                                  ] | 16% Completed | 4.10 s[######                                  ] | 16% Completed | 4.20 s[######                                  ] | 16% Completed | 4.30 s[######                                  ] | 16% Completed | 4.40 s[######                                  ] | 16% Completed | 4.50 s[######                                  ] | 16% Completed | 4.60 s[######                                  ] | 16% Completed | 4.70 s[######                                  ] | 16% Completed | 4.81 s[######                                  ] | 16% Completed | 4.91 s[######                                  ] | 16% Completed | 5.01 s[######                                  ] | 16% Completed | 5.11 s[######                                  ] | 16% Completed | 5.21 s[######                                  ] | 16% Completed | 5.31 s[######                                  ] | 16% Completed | 5.41 s[######                                  ] | 16% Completed | 5.51 s[######                                  ] | 16% Completed | 5.61 s[######                                  ] | 16% Completed | 5.71 s[######                                  ] | 16% Completed | 5.81 s[######                                  ] | 16% Completed | 5.91 s[######                                  ] | 16% Completed | 6.01 s[######                                  ] | 16% Completed | 6.11 s[######                                  ] | 16% Completed | 6.21 s[######                                  ] | 16% Completed | 6.31 s[######                                  ] | 16% Completed | 6.41 s[######                                  ] | 16% Completed | 6.51 s[######                                  ] | 16% Completed | 6.61 s[######                                  ] | 16% Completed | 6.71 s[######                                  ] | 16% Completed | 6.81 s[######                                  ] | 16% Completed | 6.91 s[######                                  ] | 16% Completed | 7.01 s[######                                  ] | 16% Completed | 7.11 s[######                                  ] | 16% Completed | 7.21 s[######                                  ] | 16% Completed | 7.31 s[######                                  ] | 16% Completed | 7.41 s[######                                  ] | 16% Completed | 7.51 s[######                                  ] | 16% Completed | 7.61 s[######                                  ] | 16% Completed | 7.71 s[######                                  ] | 16% Completed | 7.81 s[######                                  ] | 16% Completed | 7.91 s[######                                  ] | 16% Completed | 8.01 s[######                                  ] | 16% Completed | 8.11 s[######                                  ] | 16% Completed | 8.21 s[######                                  ] | 16% Completed | 8.31 s[######                                  ] | 16% Completed | 8.41 s[##########################              ] | 66% Completed | 8.51 s[##########################              ] | 66% Completed | 8.61 s[##########################              ] | 66% Completed | 8.71 s[##########################              ] | 66% Completed | 8.81 s[##########################              ] | 66% Completed | 8.91 s[##########################              ] | 66% Completed | 9.01 s[##########################              ] | 66% Completed | 9.11 s[##########################              ] | 66% Completed | 9.21 s[##########################              ] | 66% Completed | 9.31 s[##########################              ] | 66% Completed | 9.41 s[##########################              ] | 66% Completed | 9.51 s[##########################              ] | 66% Completed | 9.61 s[##########################              ] | 66% Completed | 9.71 s[##########################              ] | 66% Completed | 9.81 s[##########################              ] | 66% Completed | 9.91 s[##########################              ] | 66% Completed | 10.01 s[##########################              ] | 66% Completed | 10.11 s[##########################              ] | 66% Completed | 10.21 s[##########################              ] | 66% Completed | 10.31 s[##########################              ] | 66% Completed | 10.41 s[##########################              ] | 66% Completed | 10.51 s[##########################              ] | 66% Completed | 10.61 s[##########################              ] | 66% Completed | 10.71 s[##########################              ] | 66% Completed | 10.81 s[##########################              ] | 66% Completed | 10.91 s[##########################              ] | 66% Completed | 11.01 s[##########################              ] | 66% Completed | 11.11 s[##########################              ] | 66% Completed | 11.21 s[##########################              ] | 66% Completed | 11.31 s[##########################              ] | 66% Completed | 11.41 s[##########################              ] | 66% Completed | 11.51 s[##########################              ] | 66% Completed | 11.61 s[##########################              ] | 66% Completed | 11.71 s[##########################              ] | 66% Completed | 11.81 s[##########################              ] | 66% Completed | 11.91 s[##########################              ] | 66% Completed | 12.01 s[##########################              ] | 66% Completed | 12.11 s[##########################              ] | 66% Completed | 12.21 s[##########################              ] | 66% Completed | 12.31 s[##########################              ] | 66% Completed | 12.41 s[##########################              ] | 66% Completed | 12.51 s[##########################              ] | 66% Completed | 12.61 s[##########################              ] | 66% Completed | 12.71 s[##########################              ] | 66% Completed | 12.81 s[##########################              ] | 66% Completed | 12.91 s[##########################              ] | 66% Completed | 13.01 s[##########################              ] | 66% Completed | 13.11 s[##########################              ] | 66% Completed | 13.21 s[##########################              ] | 66% Completed | 13.31 s[##########################              ] | 66% Completed | 13.41 s[##########################              ] | 66% Completed | 13.51 s[##########################              ] | 66% Completed | 13.61 s[##########################              ] | 66% Completed | 13.71 s[##########################              ] | 66% Completed | 13.81 s[##########################              ] | 66% Completed | 13.91 s[##########################              ] | 66% Completed | 14.01 s[##########################              ] | 66% Completed | 14.12 s[##########################              ] | 66% Completed | 14.22 s[##########################              ] | 66% Completed | 14.32 s[##########################              ] | 66% Completed | 14.42 s[##########################              ] | 66% Completed | 14.52 s[##########################              ] | 66% Completed | 14.62 s[##########################              ] | 66% Completed | 14.72 s[##########################              ] | 66% Completed | 14.82 s[##########################              ] | 66% Completed | 14.92 s[##########################              ] | 66% Completed | 15.02 s[##########################              ] | 66% Completed | 15.12 s[##########################              ] | 66% Completed | 15.22 s[##########################              ] | 66% Completed | 15.32 s[##########################              ] | 66% Completed | 15.42 s[##########################              ] | 66% Completed | 15.52 s[##########################              ] | 66% Completed | 15.62 s[##########################              ] | 66% Completed | 15.72 s[##########################              ] | 66% Completed | 15.82 s[##########################              ] | 66% Completed | 15.92 s[##########################              ] | 66% Completed | 16.02 s[##########################              ] | 66% Completed | 16.12 s[##########################              ] | 66% Completed | 16.22 s[##########################              ] | 66% Completed | 16.32 s[##########################              ] | 66% Completed | 16.42 s[##########################              ] | 66% Completed | 16.52 s[##########################              ] | 66% Completed | 16.62 s[##########################              ] | 66% Completed | 16.72 s[##########################              ] | 66% Completed | 16.82 s[##########################              ] | 66% Completed | 16.92 s[########################################] | 100% Completed | 17.02 s
[38;5;23m2026-04-02 19:08:48[39m | [33mWARNING[39m | [33mExtra columns detected: Index(['Annotation'], dtype='object'). These will be retained but are not validated.[39m
[38;5;23m2026-04-02 19:08:48[39m | [38;5;23mINFO[39m | Writing DMRs to /expanse/lustre/projects/csd940/zalibhai/biomodal/modality/outputs_CG/Results/gencode.vM25.mouse.cpg_islands.annotation/DMR_20260402_190821/DMR_hmc_control__mutant_20260402_190821.bed.
Columns are :
`Chromosome Start End Name Score Strand num_contexts mean_coverage_across_samples mean_mod_group_1mean_mod_group_2 mod_fold_change mod_difference test_statistic dmr_pvalue dmr_qvalue
Please note that:
 - Name, Score, Strand are not used and are set to `.` for compatibility with pyranges
[39m
[38;5;23m2026-04-02 19:08:48[39m  [1m[38;5;154mDMR calling completed successfully! Outputs saved to: /expanse/lustre/projects/csd940/zalibhai/biomodal/modality/outputs_CG/Results/gencode.vM25.mouse.cpg_islands.annotation[39m
[38;5;23m2026-04-02 19:08:48[39m | [38;5;23mINFO[39m | DMR track configuration files saved successfully.[39m
[38;5;23m2026-04-02 19:08:48[39m  Wrote provenance sidecar file to /expanse/lustre/projects/csd940/zalibhai/biomodal/modality/outputs_CG/Results/gencode.vM25.mouse.cpg_islands.annotation/DMR_20260402_190821/modality_metadata_20260402_190848.json[39m
/expanse/lustre/projects/csd940/zalibhai/biomodal/modality/outputs_CG/Results/gencode.vM25.mouse.cpg_islands.annotation/DMR_20260402_190821/DMR_mc_control__mutant_20260402_190821.bed /expanse/lustre/projects/csd940/zalibhai/biomodal/modality/outputs_CG/Results/gencode.vM25.mouse.cpg_islands.annotation/DMR_20260402_190821/DMR_hmc_control__mutant_20260402_190821.bed
[INFO] 2026-04-02 19:08:48 - DMR calling completed for /expanse/lustre/projects/csd940/zalibhai/biomodal/modality/mm10/gencode.vM25.mouse.cpg_islands.annotation.bed
[INFO] 2026-04-02 19:08:48 - Running DMR calling on region file: /expanse/lustre/projects/csd940/zalibhai/biomodal/modality/mm10/gencode.vM25.mouse.cpg_islands.annotation.bed.gz
Logged in using stored credentials
[38;5;23m2026-04-02 19:08:52[39m  [1m[38;5;123mProvenance information:[39m
[38;5;23m2026-04-02 19:08:52[39m  cmd='/home/zalibhai/miniforge3/envs/modality/bin/modality -v dmr call --zarr-path /expanse/lustre/projects/csd940/zalibhai/biomodal/evoC-run/output/duet-1.5.0_evoC_Bap1_run_6bp/sample_outputs/zarr_store/CG/evoC_Bap1_run.genome.GRCm38_primary_assembly.dedup.CG.zarrz --sample-sheet /expanse/lustre/projects/csd940/zalibhai/biomodal/modality/metadata.tsv --condition-array-name condition --methylation-contexts num_mc num_hmc --bedfile /expanse/lustre/projects/csd940/zalibhai/biomodal/modality/mm10/gencode.vM25.mouse.cpg_islands.annotation.bed.gz --covariates sex batch --filter-context-depth 10 --condition-order control mutant --output-dir /expanse/lustre/projects/csd940/zalibhai/biomodal/modality/outputs_CG/Results/gencode.vM25.mouse.cpg_islands.annotation'
timestamp=2026-04-02T19:08:52.664739
version=1.0.0
user=zalibhai

[39m
[38;5;23m2026-04-02 19:08:52[39m  [1m[38;5;123mStarting differential methylation analysis:[39m
[38;5;23m2026-04-02 19:08:52[39m  [38;5;248mZarr path(s)[39m: ['/expanse/lustre/projects/csd940/zalibhai/biomodal/evoC-run/output/duet-1.5.0_evoC_Bap1_run_6bp/sample_outputs/zarr_store/CG/evoC_Bap1_run.genome.GRCm38_primary_assembly.dedup.CG.zarrz'][39m
[38;5;23m2026-04-02 19:08:52[39m  [38;5;248mSample Sheet[39m: /expanse/lustre/projects/csd940/zalibhai/biomodal/modality/metadata.tsv[39m
[38;5;23m2026-04-02 19:08:52[39m  [38;5;248mCondition Array Name[39m: condition[39m
[38;5;23m2026-04-02 19:08:52[39m  [38;5;248mMethylation Contexts[39m: ['num_mc', 'num_hmc'][39m
[38;5;23m2026-04-02 19:08:52[39m  [38;5;248mBedfile[39m: /expanse/lustre/projects/csd940/zalibhai/biomodal/modality/mm10/gencode.vM25.mouse.cpg_islands.annotation.bed.gz[39m
[38;5;23m2026-04-02 19:08:52[39m  [38;5;248mCovariates[39m: ['sex', 'batch'][39m
[38;5;23m2026-04-02 19:08:52[39m  [38;5;248mMin Coverage[39m: 10[39m
[38;5;23m2026-04-02 19:08:52[39m  [38;5;248mCondition Order[39m: ['control', 'mutant'][39m
[38;5;23m2026-04-02 19:08:52[39m  [38;5;248mOutput Dir[39m: /expanse/lustre/projects/csd940/zalibhai/biomodal/modality/outputs_CG/Results/gencode.vM25.mouse.cpg_islands.annotation[39m
[38;5;23m2026-04-02 19:08:52[39m  [38;5;248mWindow Size[39m: None[39m
[38;5;23m2026-04-02 19:08:52[39m  [38;5;248mNum Contexts[39m: 0[39m
[38;5;23m2026-04-02 19:08:52[39m  [38;5;248mRegion[39m: None[39m
[38;5;23m2026-04-02 19:08:52[39m  [38;5;248mOverdispersion[39m: False[39m
[38;5;23m2026-04-02 19:08:52[39m  [38;5;248mStatistical Test[39m: wald[39m
[38;5;23m2026-04-02 19:08:52[39m  [38;5;248mDisable Strand Merging[39m: False[39m
[38;5;23m2026-04-02 19:08:52[39m  [38;5;248mCompress[39m: False[39m
[38;5;23m2026-04-02 19:08:52[39m | [38;5;23mINFO[39m | Loading Zarr dataset...[39m
[38;5;23m2026-04-02 19:08:55[39m | [38;5;23mINFO[39m | Merging CpG strands in the dataset.[39m
[38;5;23m2026-04-02 19:09:03[39m | [38;5;23mINFO[39m | Starting DMR calling process, this could take a few minutes...[39m
[38;5;23m2026-04-02 19:09:03[39m | [38;5;23mINFO[39m | Aligning sample sheet with dataset...[39m
[############                            ] | 32% Completed | 1.03 s[##############                          ] | 36% Completed | 1.13 s[################                        ] | 40% Completed | 1.23 s[#################                       ] | 44% Completed | 1.33 s[###################                     ] | 48% Completed | 1.43 s[#####################                   ] | 52% Completed | 1.53 s[######################                  ] | 56% Completed | 1.63 s[########################                ] | 61% Completed | 1.73 s[##########################              ] | 65% Completed | 1.83 s[###########################             ] | 69% Completed | 1.94 s[#############################           ] | 73% Completed | 2.04 s[###############################         ] | 77% Completed | 2.14 s[########################################] | 100% Completed | 2.26 s
[38;5;23m2026-04-02 19:09:06[39m | [38;5;23mINFO[39m | filtering low coverage contexts (this may take multiple steps)...[39m
[#####################################   ] | 94% Completed | 1.00 s[########################################] | 100% Completed | 1.10 s
[                                        ] | 0% Completed | 1.00 s[                                        ] | 0% Completed | 1.10 s[                                        ] | 0% Completed | 1.20 s[                                        ] | 0% Completed | 1.30 s[                                        ] | 0% Completed | 1.40 s[########################################] | 100% Completed | 1.50 s
[###########                             ] | 29% Completed | 1.01 s[#############                           ] | 32% Completed | 1.11 s[##############                          ] | 35% Completed | 1.21 s[###############                         ] | 39% Completed | 1.31 s[#################                       ] | 42% Completed | 1.41 s[##################                      ] | 46% Completed | 1.51 s[###################                     ] | 49% Completed | 1.61 s[#####################                   ] | 52% Completed | 1.71 s[######################                  ] | 56% Completed | 1.81 s[#######################                 ] | 59% Completed | 1.91 s[#########################               ] | 62% Completed | 2.01 s[##########################              ] | 66% Completed | 2.11 s[###########################             ] | 69% Completed | 2.21 s[#############################           ] | 73% Completed | 2.31 s[##############################          ] | 76% Completed | 2.41 s[########################################] | 100% Completed | 2.57 s
[##########                              ] | 25% Completed | 1.05 s[###########                             ] | 28% Completed | 1.15 s[############                            ] | 31% Completed | 1.25 s[##############                          ] | 35% Completed | 1.35 s[###############                         ] | 38% Completed | 1.45 s[################                        ] | 41% Completed | 1.55 s[#################                       ] | 44% Completed | 1.65 s[###################                     ] | 48% Completed | 1.75 s[####################                    ] | 51% Completed | 1.85 s[#####################                   ] | 54% Completed | 1.95 s[#######################                 ] | 58% Completed | 2.05 s[########################                ] | 61% Completed | 2.15 s[#########################               ] | 64% Completed | 2.25 s[###########################             ] | 67% Completed | 2.35 s[############################            ] | 70% Completed | 2.45 s[#############################           ] | 73% Completed | 2.55 s[##############################          ] | 77% Completed | 2.65 s[################################        ] | 80% Completed | 2.75 s[#################################       ] | 82% Completed | 2.85 s[######################################  ] | 97% Completed | 2.95 s[########################################] | 100% Completed | 3.05 s
[38;5;23m2026-04-02 19:09:37[39m | [38;5;23mINFO[39m | Aggregating dataset for DMR calling (this may take multiple steps)...[39m
[38;5;23m2026-04-02 19:09:37[39m | [38;5;23mINFO[39m | Adding Ranges_ID column to validate merging.[39m
[#######################                 ] | 59% Completed | 1.00 s[##########################              ] | 66% Completed | 1.10 s[############################            ] | 71% Completed | 1.20 s[###############################         ] | 78% Completed | 1.30 s[#################################       ] | 84% Completed | 1.40 s[####################################    ] | 91% Completed | 1.50 s[######################################  ] | 96% Completed | 1.60 s[########################################] | 100% Completed | 1.70 s
[#######################                 ] | 59% Completed | 1.00 s[##########################              ] | 66% Completed | 1.10 s[############################            ] | 71% Completed | 1.20 s[##############################          ] | 77% Completed | 1.30 s[#################################       ] | 83% Completed | 1.40 s[###################################     ] | 89% Completed | 1.50 s[#####################################   ] | 94% Completed | 1.60 s[########################################] | 100% Completed | 1.70 s
[38;5;23m2026-04-02 19:09:49[39m | [38;5;23mINFO[39m | Recoding given covariates from ['sex', 'batch'] to: ['batch', 'sex_male'] to handle categorical variables.[39m
[38;5;23m2026-04-02 19:09:49[39m | [38;5;23mINFO[39m | Performing DMR calling (control vs mutant)[39m
[######                                  ] | 16% Completed | 1.00 s[######                                  ] | 16% Completed | 1.10 s[######                                  ] | 16% Completed | 1.20 s[######                                  ] | 16% Completed | 1.30 s[######                                  ] | 16% Completed | 1.40 s[######                                  ] | 16% Completed | 1.50 s[######                                  ] | 16% Completed | 1.60 s[######                                  ] | 16% Completed | 1.70 s[######                                  ] | 16% Completed | 1.80 s[######                                  ] | 16% Completed | 1.90 s[######                                  ] | 16% Completed | 2.00 s[######                                  ] | 16% Completed | 2.10 s[######                                  ] | 16% Completed | 2.20 s[######                                  ] | 16% Completed | 2.30 s[######                                  ] | 16% Completed | 2.40 s[######                                  ] | 16% Completed | 2.50 s[######                                  ] | 16% Completed | 2.61 s[######                                  ] | 16% Completed | 2.71 s[######                                  ] | 16% Completed | 2.81 s[######                                  ] | 16% Completed | 2.91 s[######                                  ] | 16% Completed | 3.01 s[######                                  ] | 16% Completed | 3.11 s[######                                  ] | 16% Completed | 3.21 s[######                                  ] | 16% Completed | 3.31 s[######                                  ] | 16% Completed | 3.41 s[######                                  ] | 16% Completed | 3.51 s[######                                  ] | 16% Completed | 3.61 s[######                                  ] | 16% Completed | 3.71 s[######                                  ] | 16% Completed | 3.81 s[######                                  ] | 16% Completed | 3.91 s[######                                  ] | 16% Completed | 4.01 s[######                                  ] | 16% Completed | 4.11 s[######                                  ] | 16% Completed | 4.21 s[######                                  ] | 16% Completed | 4.31 s[######                                  ] | 16% Completed | 4.41 s[######                                  ] | 16% Completed | 4.51 s[######                                  ] | 16% Completed | 4.61 s[######                                  ] | 16% Completed | 4.71 s[######                                  ] | 16% Completed | 4.81 s[######                                  ] | 16% Completed | 4.91 s[######                                  ] | 16% Completed | 5.01 s[######                                  ] | 16% Completed | 5.11 s[######                                  ] | 16% Completed | 5.21 s[######                                  ] | 16% Completed | 5.31 s[######                                  ] | 16% Completed | 5.41 s[######                                  ] | 16% Completed | 5.51 s[######                                  ] | 16% Completed | 5.61 s[######                                  ] | 16% Completed | 5.71 s[######                                  ] | 16% Completed | 5.81 s[######                                  ] | 16% Completed | 5.91 s[######                                  ] | 16% Completed | 6.01 s[######                                  ] | 16% Completed | 6.11 s[######                                  ] | 16% Completed | 6.21 s[######                                  ] | 16% Completed | 6.31 s[######                                  ] | 16% Completed | 6.41 s[######                                  ] | 16% Completed | 6.51 s[######                                  ] | 16% Completed | 6.61 s[######                                  ] | 16% Completed | 6.72 s[######                                  ] | 16% Completed | 6.82 s[######                                  ] | 16% Completed | 6.92 s[######                                  ] | 16% Completed | 7.02 s[######                                  ] | 16% Completed | 7.12 s[######                                  ] | 16% Completed | 7.22 s[######                                  ] | 16% Completed | 7.32 s[######                                  ] | 16% Completed | 7.42 s[######                                  ] | 16% Completed | 7.52 s[######                                  ] | 16% Completed | 7.62 s[######                                  ] | 16% Completed | 7.72 s[######                                  ] | 16% Completed | 7.82 s[######                                  ] | 16% Completed | 7.92 s[######                                  ] | 16% Completed | 8.02 s[######                                  ] | 16% Completed | 8.12 s[######                                  ] | 16% Completed | 8.22 s[######                                  ] | 16% Completed | 8.32 s[##########################              ] | 66% Completed | 8.42 s[##########################              ] | 66% Completed | 8.52 s[##########################              ] | 66% Completed | 8.62 s[##########################              ] | 66% Completed | 8.72 s[##########################              ] | 66% Completed | 8.82 s[##########################              ] | 66% Completed | 8.92 s[##########################              ] | 66% Completed | 9.02 s[##########################              ] | 66% Completed | 9.12 s[##########################              ] | 66% Completed | 9.22 s[##########################              ] | 66% Completed | 9.32 s[##########################              ] | 66% Completed | 9.42 s[##########################              ] | 66% Completed | 9.52 s[##########################              ] | 66% Completed | 9.62 s[##########################              ] | 66% Completed | 9.72 s[##########################              ] | 66% Completed | 9.82 s[##########################              ] | 66% Completed | 9.92 s[##########################              ] | 66% Completed | 10.02 s[##########################              ] | 66% Completed | 10.12 s[##########################              ] | 66% Completed | 10.22 s[##########################              ] | 66% Completed | 10.32 s[##########################              ] | 66% Completed | 10.42 s[##########################              ] | 66% Completed | 10.52 s[##########################              ] | 66% Completed | 10.62 s[##########################              ] | 66% Completed | 10.72 s[##########################              ] | 66% Completed | 10.83 s[##########################              ] | 66% Completed | 10.93 s[##########################              ] | 66% Completed | 11.03 s[##########################              ] | 66% Completed | 11.13 s[##########################              ] | 66% Completed | 11.23 s[##########################              ] | 66% Completed | 11.33 s[##########################              ] | 66% Completed | 11.43 s[##########################              ] | 66% Completed | 11.53 s[##########################              ] | 66% Completed | 11.63 s[##########################              ] | 66% Completed | 11.73 s[##########################              ] | 66% Completed | 11.83 s[##########################              ] | 66% Completed | 11.93 s[##########################              ] | 66% Completed | 12.03 s[##########################              ] | 66% Completed | 12.13 s[##########################              ] | 66% Completed | 12.23 s[##########################              ] | 66% Completed | 12.33 s[##########################              ] | 66% Completed | 12.43 s[##########################              ] | 66% Completed | 12.53 s[##########################              ] | 66% Completed | 12.63 s[##########################              ] | 66% Completed | 12.73 s[##########################              ] | 66% Completed | 12.83 s[##########################              ] | 66% Completed | 12.93 s[##########################              ] | 66% Completed | 13.03 s[##########################              ] | 66% Completed | 13.13 s[##########################              ] | 66% Completed | 13.23 s[##########################              ] | 66% Completed | 13.33 s[##########################              ] | 66% Completed | 13.43 s[##########################              ] | 66% Completed | 13.53 s[##########################              ] | 66% Completed | 13.63 s[##########################              ] | 66% Completed | 13.73 s[##########################              ] | 66% Completed | 13.83 s[##########################              ] | 66% Completed | 13.93 s[##########################              ] | 66% Completed | 14.03 s[##########################              ] | 66% Completed | 14.13 s[##########################              ] | 66% Completed | 14.23 s[##########################              ] | 66% Completed | 14.33 s[##########################              ] | 66% Completed | 14.43 s[##########################              ] | 66% Completed | 14.53 s[##########################              ] | 66% Completed | 14.63 s[##########################              ] | 66% Completed | 14.73 s[##########################              ] | 66% Completed | 14.83 s[##########################              ] | 66% Completed | 14.93 s[##########################              ] | 66% Completed | 15.03 s[##########################              ] | 66% Completed | 15.13 s[##########################              ] | 66% Completed | 15.23 s[##########################              ] | 66% Completed | 15.33 s[##########################              ] | 66% Completed | 15.43 s[##########################              ] | 66% Completed | 15.54 s[##########################              ] | 66% Completed | 15.64 s[##########################              ] | 66% Completed | 15.74 s[##########################              ] | 66% Completed | 15.84 s[##########################              ] | 66% Completed | 15.94 s[##########################              ] | 66% Completed | 16.04 s[##########################              ] | 66% Completed | 16.14 s[##########################              ] | 66% Completed | 16.24 s[##########################              ] | 66% Completed | 16.34 s[##########################              ] | 66% Completed | 16.44 s[##########################              ] | 66% Completed | 16.54 s[##########################              ] | 66% Completed | 16.64 s[##########################              ] | 66% Completed | 16.74 s[########################################] | 100% Completed | 16.84 s
[38;5;23m2026-04-02 19:10:06[39m | [33mWARNING[39m | [33mExtra columns detected: Index(['Annotation'], dtype='object'). These will be retained but are not validated.[39m
[38;5;23m2026-04-02 19:10:06[39m | [38;5;23mINFO[39m | Writing DMRs to /expanse/lustre/projects/csd940/zalibhai/biomodal/modality/outputs_CG/Results/gencode.vM25.mouse.cpg_islands.annotation/DMR_20260402_191006/DMR_mc_control__mutant_20260402_191006.bed.
Columns are :
`Chromosome Start End Name Score Strand num_contexts mean_coverage_across_samples mean_mod_group_1mean_mod_group_2 mod_fold_change mod_difference test_statistic dmr_pvalue dmr_qvalue
Please note that:
 - Name, Score, Strand are not used and are set to `.` for compatibility with pyranges
[39m
[38;5;23m2026-04-02 19:10:06[39m | [38;5;23mINFO[39m | Aggregating dataset for DMR calling (this may take multiple steps)...[39m
[#########################               ] | 62% Completed | 1.00 s[###########################             ] | 69% Completed | 1.10 s[#############################           ] | 74% Completed | 1.20 s[################################        ] | 81% Completed | 1.30 s[###################################     ] | 88% Completed | 1.40 s[#####################################   ] | 94% Completed | 1.50 s[########################################] | 100% Completed | 1.60 s
[#####################                   ] | 54% Completed | 1.08 s[########################                ] | 60% Completed | 1.18 s[##########################              ] | 67% Completed | 1.28 s[############################            ] | 72% Completed | 1.38 s[###############################         ] | 78% Completed | 1.48 s[#################################       ] | 84% Completed | 1.58 s[####################################    ] | 91% Completed | 1.68 s[######################################  ] | 96% Completed | 1.78 s[########################################] | 100% Completed | 1.88 s
[38;5;23m2026-04-02 19:10:16[39m | [38;5;23mINFO[39m | Recoding given covariates from ['sex', 'batch'] to: ['batch', 'sex_male'] to handle categorical variables.[39m
[38;5;23m2026-04-02 19:10:16[39m | [38;5;23mINFO[39m | Performing DMR calling (control vs mutant)[39m
[######                                  ] | 16% Completed | 1.00 s[######                                  ] | 16% Completed | 1.10 s[######                                  ] | 16% Completed | 1.20 s[######                                  ] | 16% Completed | 1.30 s[######                                  ] | 16% Completed | 1.40 s[######                                  ] | 16% Completed | 1.50 s[######                                  ] | 16% Completed | 1.60 s[######                                  ] | 16% Completed | 1.70 s[######                                  ] | 16% Completed | 1.80 s[######                                  ] | 16% Completed | 1.90 s[######                                  ] | 16% Completed | 2.00 s[######                                  ] | 16% Completed | 2.10 s[######                                  ] | 16% Completed | 2.20 s[######                                  ] | 16% Completed | 2.30 s[######                                  ] | 16% Completed | 2.40 s[######                                  ] | 16% Completed | 2.50 s[######                                  ] | 16% Completed | 2.60 s[######                                  ] | 16% Completed | 2.70 s[######                                  ] | 16% Completed | 2.80 s[######                                  ] | 16% Completed | 2.90 s[######                                  ] | 16% Completed | 3.00 s[######                                  ] | 16% Completed | 3.10 s[######                                  ] | 16% Completed | 3.20 s[######                                  ] | 16% Completed | 3.30 s[######                                  ] | 16% Completed | 3.40 s[######                                  ] | 16% Completed | 3.50 s[######                                  ] | 16% Completed | 3.60 s[######                                  ] | 16% Completed | 3.70 s[######                                  ] | 16% Completed | 3.80 s[######                                  ] | 16% Completed | 3.90 s[######                                  ] | 16% Completed | 4.00 s[######                                  ] | 16% Completed | 4.10 s[######                                  ] | 16% Completed | 4.20 s[######                                  ] | 16% Completed | 4.30 s[######                                  ] | 16% Completed | 4.40 s[######                                  ] | 16% Completed | 4.50 s[######                                  ] | 16% Completed | 4.60 s[######                                  ] | 16% Completed | 4.70 s[######                                  ] | 16% Completed | 4.81 s[######                                  ] | 16% Completed | 4.91 s[######                                  ] | 16% Completed | 5.01 s[######                                  ] | 16% Completed | 5.11 s[######                                  ] | 16% Completed | 5.21 s[######                                  ] | 16% Completed | 5.31 s[######                                  ] | 16% Completed | 5.41 s[######                                  ] | 16% Completed | 5.51 s[######                                  ] | 16% Completed | 5.61 s[######                                  ] | 16% Completed | 5.71 s[######                                  ] | 16% Completed | 5.81 s[######                                  ] | 16% Completed | 5.91 s[######                                  ] | 16% Completed | 6.01 s[######                                  ] | 16% Completed | 6.11 s[######                                  ] | 16% Completed | 6.21 s[######                                  ] | 16% Completed | 6.31 s[######                                  ] | 16% Completed | 6.41 s[######                                  ] | 16% Completed | 6.51 s[######                                  ] | 16% Completed | 6.61 s[######                                  ] | 16% Completed | 6.71 s[######                                  ] | 16% Completed | 6.81 s[######                                  ] | 16% Completed | 6.91 s[######                                  ] | 16% Completed | 7.01 s[######                                  ] | 16% Completed | 7.11 s[######                                  ] | 16% Completed | 7.21 s[######                                  ] | 16% Completed | 7.31 s[######                                  ] | 16% Completed | 7.41 s[######                                  ] | 16% Completed | 7.51 s[######                                  ] | 16% Completed | 7.61 s[######                                  ] | 16% Completed | 7.71 s[######                                  ] | 16% Completed | 7.81 s[######                                  ] | 16% Completed | 7.91 s[######                                  ] | 16% Completed | 8.01 s[######                                  ] | 16% Completed | 8.11 s[######                                  ] | 16% Completed | 8.21 s[######                                  ] | 16% Completed | 8.31 s[######                                  ] | 16% Completed | 8.41 s[##########################              ] | 66% Completed | 8.51 s[##########################              ] | 66% Completed | 8.61 s[##########################              ] | 66% Completed | 8.71 s[##########################              ] | 66% Completed | 8.81 s[##########################              ] | 66% Completed | 8.91 s[##########################              ] | 66% Completed | 9.01 s[##########################              ] | 66% Completed | 9.11 s[##########################              ] | 66% Completed | 9.21 s[##########################              ] | 66% Completed | 9.31 s[##########################              ] | 66% Completed | 9.41 s[##########################              ] | 66% Completed | 9.51 s[##########################              ] | 66% Completed | 9.61 s[##########################              ] | 66% Completed | 9.71 s[##########################              ] | 66% Completed | 9.81 s[##########################              ] | 66% Completed | 9.91 s[##########################              ] | 66% Completed | 10.01 s[##########################              ] | 66% Completed | 10.11 s[##########################              ] | 66% Completed | 10.21 s[##########################              ] | 66% Completed | 10.31 s[##########################              ] | 66% Completed | 10.41 s[##########################              ] | 66% Completed | 10.51 s[##########################              ] | 66% Completed | 10.61 s[##########################              ] | 66% Completed | 10.71 s[##########################              ] | 66% Completed | 10.81 s[##########################              ] | 66% Completed | 10.91 s[##########################              ] | 66% Completed | 11.01 s[##########################              ] | 66% Completed | 11.11 s[##########################              ] | 66% Completed | 11.21 s[##########################              ] | 66% Completed | 11.31 s[##########################              ] | 66% Completed | 11.41 s[##########################              ] | 66% Completed | 11.51 s[##########################              ] | 66% Completed | 11.61 s[##########################              ] | 66% Completed | 11.71 s[##########################              ] | 66% Completed | 11.81 s[##########################              ] | 66% Completed | 11.91 s[##########################              ] | 66% Completed | 12.01 s[##########################              ] | 66% Completed | 12.11 s[##########################              ] | 66% Completed | 12.21 s[##########################              ] | 66% Completed | 12.31 s[##########################              ] | 66% Completed | 12.41 s[##########################              ] | 66% Completed | 12.51 s[##########################              ] | 66% Completed | 12.61 s[##########################              ] | 66% Completed | 12.71 s[##########################              ] | 66% Completed | 12.81 s[##########################              ] | 66% Completed | 12.91 s[##########################              ] | 66% Completed | 13.01 s[##########################              ] | 66% Completed | 13.11 s[##########################              ] | 66% Completed | 13.21 s[##########################              ] | 66% Completed | 13.31 s[##########################              ] | 66% Completed | 13.41 s[##########################              ] | 66% Completed | 13.51 s[##########################              ] | 66% Completed | 13.61 s[##########################              ] | 66% Completed | 13.71 s[##########################              ] | 66% Completed | 13.81 s[##########################              ] | 66% Completed | 13.91 s[##########################              ] | 66% Completed | 14.01 s[##########################              ] | 66% Completed | 14.12 s[##########################              ] | 66% Completed | 14.22 s[##########################              ] | 66% Completed | 14.32 s[##########################              ] | 66% Completed | 14.42 s[##########################              ] | 66% Completed | 14.52 s[##########################              ] | 66% Completed | 14.62 s[##########################              ] | 66% Completed | 14.72 s[##########################              ] | 66% Completed | 14.82 s[##########################              ] | 66% Completed | 14.92 s[##########################              ] | 66% Completed | 15.02 s[##########################              ] | 66% Completed | 15.12 s[##########################              ] | 66% Completed | 15.22 s[##########################              ] | 66% Completed | 15.32 s[##########################              ] | 66% Completed | 15.42 s[##########################              ] | 66% Completed | 15.52 s[##########################              ] | 66% Completed | 15.62 s[##########################              ] | 66% Completed | 15.72 s[##########################              ] | 66% Completed | 15.82 s[##########################              ] | 66% Completed | 15.92 s[##########################              ] | 66% Completed | 16.02 s[##########################              ] | 66% Completed | 16.12 s[##########################              ] | 66% Completed | 16.22 s[##########################              ] | 66% Completed | 16.32 s[##########################              ] | 66% Completed | 16.42 s[##########################              ] | 66% Completed | 16.52 s[##########################              ] | 66% Completed | 16.62 s[##########################              ] | 66% Completed | 16.72 s[##########################              ] | 66% Completed | 16.82 s[########################################] | 100% Completed | 16.92 s
[38;5;23m2026-04-02 19:10:33[39m | [33mWARNING[39m | [33mExtra columns detected: Index(['Annotation'], dtype='object'). These will be retained but are not validated.[39m
[38;5;23m2026-04-02 19:10:33[39m | [38;5;23mINFO[39m | Writing DMRs to /expanse/lustre/projects/csd940/zalibhai/biomodal/modality/outputs_CG/Results/gencode.vM25.mouse.cpg_islands.annotation/DMR_20260402_191006/DMR_hmc_control__mutant_20260402_191006.bed.
Columns are :
`Chromosome Start End Name Score Strand num_contexts mean_coverage_across_samples mean_mod_group_1mean_mod_group_2 mod_fold_change mod_difference test_statistic dmr_pvalue dmr_qvalue
Please note that:
 - Name, Score, Strand are not used and are set to `.` for compatibility with pyranges
[39m
[38;5;23m2026-04-02 19:10:33[39m  [1m[38;5;154mDMR calling completed successfully! Outputs saved to: /expanse/lustre/projects/csd940/zalibhai/biomodal/modality/outputs_CG/Results/gencode.vM25.mouse.cpg_islands.annotation[39m
[38;5;23m2026-04-02 19:10:33[39m | [38;5;23mINFO[39m | DMR track configuration files saved successfully.[39m
[38;5;23m2026-04-02 19:10:33[39m  Wrote provenance sidecar file to /expanse/lustre/projects/csd940/zalibhai/biomodal/modality/outputs_CG/Results/gencode.vM25.mouse.cpg_islands.annotation/DMR_20260402_191006/modality_metadata_20260402_191033.json[39m
/expanse/lustre/projects/csd940/zalibhai/biomodal/modality/outputs_CG/Results/gencode.vM25.mouse.cpg_islands.annotation/DMR_20260402_191006/DMR_mc_control__mutant_20260402_191006.bed /expanse/lustre/projects/csd940/zalibhai/biomodal/modality/outputs_CG/Results/gencode.vM25.mouse.cpg_islands.annotation/DMR_20260402_191006/DMR_hmc_control__mutant_20260402_191006.bed
[INFO] 2026-04-02 19:10:34 - DMR calling completed for /expanse/lustre/projects/csd940/zalibhai/biomodal/modality/mm10/gencode.vM25.mouse.cpg_islands.annotation.bed.gz
[INFO] 2026-04-02 19:10:34 - Running DMR calling on region file: /expanse/lustre/projects/csd940/zalibhai/biomodal/modality/mm10/gencode.vM25.mouse.cpg_shelves.annotation.bed.gz
Logged in using stored credentials
[38;5;23m2026-04-02 19:10:37[39m  [1m[38;5;123mProvenance information:[39m
[38;5;23m2026-04-02 19:10:37[39m  cmd='/home/zalibhai/miniforge3/envs/modality/bin/modality -v dmr call --zarr-path /expanse/lustre/projects/csd940/zalibhai/biomodal/evoC-run/output/duet-1.5.0_evoC_Bap1_run_6bp/sample_outputs/zarr_store/CG/evoC_Bap1_run.genome.GRCm38_primary_assembly.dedup.CG.zarrz --sample-sheet /expanse/lustre/projects/csd940/zalibhai/biomodal/modality/metadata.tsv --condition-array-name condition --methylation-contexts num_mc num_hmc --bedfile /expanse/lustre/projects/csd940/zalibhai/biomodal/modality/mm10/gencode.vM25.mouse.cpg_shelves.annotation.bed.gz --covariates sex batch --filter-context-depth 10 --condition-order control mutant --output-dir /expanse/lustre/projects/csd940/zalibhai/biomodal/modality/outputs_CG/Results/gencode.vM25.mouse.cpg_shelves.annotation'
timestamp=2026-04-02T19:10:37.845364
version=1.0.0
user=zalibhai

[39m
[38;5;23m2026-04-02 19:10:37[39m  [1m[38;5;123mStarting differential methylation analysis:[39m
[38;5;23m2026-04-02 19:10:37[39m  [38;5;248mZarr path(s)[39m: ['/expanse/lustre/projects/csd940/zalibhai/biomodal/evoC-run/output/duet-1.5.0_evoC_Bap1_run_6bp/sample_outputs/zarr_store/CG/evoC_Bap1_run.genome.GRCm38_primary_assembly.dedup.CG.zarrz'][39m
[38;5;23m2026-04-02 19:10:37[39m  [38;5;248mSample Sheet[39m: /expanse/lustre/projects/csd940/zalibhai/biomodal/modality/metadata.tsv[39m
[38;5;23m2026-04-02 19:10:37[39m  [38;5;248mCondition Array Name[39m: condition[39m
[38;5;23m2026-04-02 19:10:37[39m  [38;5;248mMethylation Contexts[39m: ['num_mc', 'num_hmc'][39m
[38;5;23m2026-04-02 19:10:37[39m  [38;5;248mBedfile[39m: /expanse/lustre/projects/csd940/zalibhai/biomodal/modality/mm10/gencode.vM25.mouse.cpg_shelves.annotation.bed.gz[39m
[38;5;23m2026-04-02 19:10:37[39m  [38;5;248mCovariates[39m: ['sex', 'batch'][39m
[38;5;23m2026-04-02 19:10:37[39m  [38;5;248mMin Coverage[39m: 10[39m
[38;5;23m2026-04-02 19:10:37[39m  [38;5;248mCondition Order[39m: ['control', 'mutant'][39m
[38;5;23m2026-04-02 19:10:37[39m  [38;5;248mOutput Dir[39m: /expanse/lustre/projects/csd940/zalibhai/biomodal/modality/outputs_CG/Results/gencode.vM25.mouse.cpg_shelves.annotation[39m
[38;5;23m2026-04-02 19:10:37[39m  [38;5;248mWindow Size[39m: None[39m
[38;5;23m2026-04-02 19:10:37[39m  [38;5;248mNum Contexts[39m: 0[39m
[38;5;23m2026-04-02 19:10:37[39m  [38;5;248mRegion[39m: None[39m
[38;5;23m2026-04-02 19:10:37[39m  [38;5;248mOverdispersion[39m: False[39m
[38;5;23m2026-04-02 19:10:37[39m  [38;5;248mStatistical Test[39m: wald[39m
[38;5;23m2026-04-02 19:10:37[39m  [38;5;248mDisable Strand Merging[39m: False[39m
[38;5;23m2026-04-02 19:10:37[39m  [38;5;248mCompress[39m: False[39m
[38;5;23m2026-04-02 19:10:37[39m | [38;5;23mINFO[39m | Loading Zarr dataset...[39m
[38;5;23m2026-04-02 19:10:40[39m | [38;5;23mINFO[39m | Merging CpG strands in the dataset.[39m
[38;5;23m2026-04-02 19:10:48[39m | [38;5;23mINFO[39m | Starting DMR calling process, this could take a few minutes...[39m
[38;5;23m2026-04-02 19:10:48[39m | [38;5;23mINFO[39m | Aligning sample sheet with dataset...[39m
[############                            ] | 32% Completed | 1.03 s[##############                          ] | 36% Completed | 1.13 s[################                        ] | 40% Completed | 1.23 s[#################                       ] | 44% Completed | 1.33 s[###################                     ] | 48% Completed | 1.43 s[#####################                   ] | 52% Completed | 1.53 s[######################                  ] | 56% Completed | 1.63 s[########################                ] | 60% Completed | 1.73 s[#########################               ] | 64% Completed | 1.83 s[###########################             ] | 69% Completed | 1.93 s[#############################           ] | 73% Completed | 2.03 s[##############################          ] | 77% Completed | 2.13 s[########################################] | 100% Completed | 2.27 s
[38;5;23m2026-04-02 19:10:51[39m | [38;5;23mINFO[39m | filtering low coverage contexts (this may take multiple steps)...[39m
[#####################################   ] | 94% Completed | 1.00 s[########################################] | 100% Completed | 1.10 s
[                                        ] | 0% Completed | 1.00 s[                                        ] | 0% Completed | 1.10 s[                                        ] | 0% Completed | 1.20 s[                                        ] | 0% Completed | 1.30 s[                                        ] | 0% Completed | 1.40 s[########################################] | 100% Completed | 1.50 s
[###########                             ] | 27% Completed | 1.01 s[############                            ] | 30% Completed | 1.11 s[#############                           ] | 34% Completed | 1.21 s[##############                          ] | 37% Completed | 1.31 s[################                        ] | 40% Completed | 1.41 s[#################                       ] | 43% Completed | 1.51 s[##################                      ] | 47% Completed | 1.61 s[####################                    ] | 50% Completed | 1.71 s[#####################                   ] | 53% Completed | 1.81 s[######################                  ] | 56% Completed | 1.91 s[########################                ] | 60% Completed | 2.01 s[#########################               ] | 63% Completed | 2.11 s[##########################              ] | 66% Completed | 2.21 s[###########################             ] | 69% Completed | 2.31 s[#############################           ] | 73% Completed | 2.41 s[##############################          ] | 76% Completed | 2.51 s[###############################         ] | 79% Completed | 2.61 s[########################################] | 100% Completed | 2.71 s
[#########                               ] | 24% Completed | 1.05 s[##########                              ] | 27% Completed | 1.15 s[############                            ] | 30% Completed | 1.25 s[#############                           ] | 33% Completed | 1.35 s[##############                          ] | 36% Completed | 1.45 s[###############                         ] | 39% Completed | 1.55 s[#################                       ] | 43% Completed | 1.65 s[##################                      ] | 46% Completed | 1.75 s[###################                     ] | 49% Completed | 1.85 s[#####################                   ] | 52% Completed | 1.95 s[######################                  ] | 55% Completed | 2.05 s[#######################                 ] | 59% Completed | 2.15 s[########################                ] | 62% Completed | 2.25 s[##########################              ] | 65% Completed | 2.35 s[###########################             ] | 68% Completed | 2.45 s[############################            ] | 71% Completed | 2.55 s[#############################           ] | 74% Completed | 2.65 s[##############################          ] | 77% Completed | 2.75 s[################################        ] | 80% Completed | 2.85 s[#################################       ] | 82% Completed | 2.95 s[######################################  ] | 96% Completed | 3.05 s[########################################] | 100% Completed | 3.15 s
[38;5;23m2026-04-02 19:11:22[39m | [38;5;23mINFO[39m | Aggregating dataset for DMR calling (this may take multiple steps)...[39m
[38;5;23m2026-04-02 19:11:22[39m | [38;5;23mINFO[39m | Adding Ranges_ID column to validate merging.[39m
[#######################                 ] | 58% Completed | 1.00 s[#########################               ] | 64% Completed | 1.10 s[############################            ] | 71% Completed | 1.20 s[##############################          ] | 75% Completed | 1.30 s[################################        ] | 82% Completed | 1.40 s[###################################     ] | 88% Completed | 1.50 s[#####################################   ] | 94% Completed | 1.60 s[########################################] | 100% Completed | 1.70 s
[#######################                 ] | 57% Completed | 1.00 s[#########################               ] | 64% Completed | 1.10 s[############################            ] | 70% Completed | 1.20 s[##############################          ] | 75% Completed | 1.30 s[################################        ] | 82% Completed | 1.40 s[###################################     ] | 88% Completed | 1.50 s[#####################################   ] | 94% Completed | 1.60 s[####################################### ] | 99% Completed | 1.70 s[########################################] | 100% Completed | 1.80 s
[38;5;23m2026-04-02 19:11:35[39m | [38;5;23mINFO[39m | Recoding given covariates from ['sex', 'batch'] to: ['batch', 'sex_male'] to handle categorical variables.[39m
[38;5;23m2026-04-02 19:11:35[39m | [38;5;23mINFO[39m | Performing DMR calling (control vs mutant)[39m
[################                        ] | 40% Completed | 1.00 s[################                        ] | 40% Completed | 1.10 s[################                        ] | 40% Completed | 1.20 s[################                        ] | 40% Completed | 1.30 s[################                        ] | 40% Completed | 1.40 s[################                        ] | 40% Completed | 1.50 s[################                        ] | 40% Completed | 1.60 s[################                        ] | 40% Completed | 1.70 s[################                        ] | 40% Completed | 1.80 s[################                        ] | 40% Completed | 1.90 s[################                        ] | 40% Completed | 2.00 s[################                        ] | 40% Completed | 2.10 s[################                        ] | 40% Completed | 2.20 s[################                        ] | 40% Completed | 2.31 s[################                        ] | 40% Completed | 2.41 s[################                        ] | 40% Completed | 2.51 s[################                        ] | 40% Completed | 2.61 s[################                        ] | 40% Completed | 2.71 s[################                        ] | 40% Completed | 2.81 s[################                        ] | 40% Completed | 2.91 s[################                        ] | 40% Completed | 3.01 s[################                        ] | 40% Completed | 3.11 s[################                        ] | 40% Completed | 3.21 s[################                        ] | 40% Completed | 3.31 s[################                        ] | 40% Completed | 3.41 s[################                        ] | 40% Completed | 3.51 s[################                        ] | 40% Completed | 3.61 s[################                        ] | 40% Completed | 3.71 s[################                        ] | 40% Completed | 3.81 s[################                        ] | 40% Completed | 3.91 s[################                        ] | 40% Completed | 4.01 s[################                        ] | 40% Completed | 4.11 s[################                        ] | 40% Completed | 4.21 s[################                        ] | 40% Completed | 4.31 s[################                        ] | 40% Completed | 4.41 s[################                        ] | 40% Completed | 4.51 s[################                        ] | 40% Completed | 4.61 s[################                        ] | 40% Completed | 4.71 s[################                        ] | 40% Completed | 4.81 s[################                        ] | 40% Completed | 4.91 s[################                        ] | 40% Completed | 5.01 s[################                        ] | 40% Completed | 5.11 s[################                        ] | 40% Completed | 5.21 s[################                        ] | 40% Completed | 5.31 s[################                        ] | 40% Completed | 5.41 s[################                        ] | 40% Completed | 5.51 s[################                        ] | 40% Completed | 5.61 s[################                        ] | 40% Completed | 5.71 s[################                        ] | 40% Completed | 5.81 s[################                        ] | 40% Completed | 5.91 s[################                        ] | 40% Completed | 6.01 s[################                        ] | 40% Completed | 6.11 s[################                        ] | 40% Completed | 6.21 s[################                        ] | 40% Completed | 6.31 s[################                        ] | 40% Completed | 6.42 s[################                        ] | 40% Completed | 6.52 s[################                        ] | 40% Completed | 6.62 s[################                        ] | 40% Completed | 6.72 s[################                        ] | 40% Completed | 6.82 s[################                        ] | 40% Completed | 6.92 s[################                        ] | 40% Completed | 7.02 s[################                        ] | 40% Completed | 7.12 s[################                        ] | 40% Completed | 7.22 s[################                        ] | 40% Completed | 7.32 s[################                        ] | 40% Completed | 7.42 s[################                        ] | 40% Completed | 7.52 s[################                        ] | 40% Completed | 7.62 s[################                        ] | 40% Completed | 7.72 s[################                        ] | 40% Completed | 7.82 s[################                        ] | 40% Completed | 7.92 s[################                        ] | 40% Completed | 8.02 s[################                        ] | 40% Completed | 8.12 s[################                        ] | 40% Completed | 8.22 s[################                        ] | 40% Completed | 8.32 s[################                        ] | 40% Completed | 8.42 s[################                        ] | 40% Completed | 8.52 s[################                        ] | 40% Completed | 8.62 s[################                        ] | 40% Completed | 8.72 s[################                        ] | 40% Completed | 8.82 s[################                        ] | 40% Completed | 8.92 s[################                        ] | 40% Completed | 9.02 s[################                        ] | 40% Completed | 9.12 s[################                        ] | 40% Completed | 9.22 s[################                        ] | 40% Completed | 9.32 s[################                        ] | 40% Completed | 9.42 s[################                        ] | 40% Completed | 9.52 s[################                        ] | 40% Completed | 9.62 s[################                        ] | 40% Completed | 9.72 s[################                        ] | 40% Completed | 9.82 s[################                        ] | 40% Completed | 9.92 s[################                        ] | 40% Completed | 10.02 s[################                        ] | 40% Completed | 10.12 s[################                        ] | 40% Completed | 10.23 s[################                        ] | 40% Completed | 10.33 s[################                        ] | 40% Completed | 10.43 s[################                        ] | 40% Completed | 10.53 s[################                        ] | 40% Completed | 10.63 s[################                        ] | 40% Completed | 10.73 s[################                        ] | 40% Completed | 10.83 s[################                        ] | 40% Completed | 10.93 s[################                        ] | 40% Completed | 11.03 s[################                        ] | 40% Completed | 11.13 s[################                        ] | 40% Completed | 11.23 s[################                        ] | 40% Completed | 11.33 s[################                        ] | 40% Completed | 11.43 s[################                        ] | 40% Completed | 11.53 s[################                        ] | 40% Completed | 11.63 s[################                        ] | 40% Completed | 11.73 s[################                        ] | 40% Completed | 11.83 s[################                        ] | 40% Completed | 11.93 s[################                        ] | 40% Completed | 12.03 s[################                        ] | 40% Completed | 12.13 s[################                        ] | 40% Completed | 12.23 s[################                        ] | 40% Completed | 12.33 s[################                        ] | 40% Completed | 12.43 s[################                        ] | 40% Completed | 12.53 s[################                        ] | 40% Completed | 12.63 s[################                        ] | 40% Completed | 12.73 s[################                        ] | 40% Completed | 12.83 s[################                        ] | 40% Completed | 12.93 s[################                        ] | 40% Completed | 13.03 s[################                        ] | 40% Completed | 13.13 s[################                        ] | 40% Completed | 13.23 s[################                        ] | 40% Completed | 13.33 s[################                        ] | 40% Completed | 13.43 s[################                        ] | 40% Completed | 13.53 s[################                        ] | 40% Completed | 13.63 s[################                        ] | 40% Completed | 13.73 s[################                        ] | 40% Completed | 13.83 s[################                        ] | 40% Completed | 13.93 s[################                        ] | 40% Completed | 14.03 s[################                        ] | 40% Completed | 14.13 s[################                        ] | 40% Completed | 14.23 s[################                        ] | 40% Completed | 14.33 s[################                        ] | 40% Completed | 14.43 s[################                        ] | 40% Completed | 14.53 s[################                        ] | 40% Completed | 14.63 s[################                        ] | 40% Completed | 14.74 s[################                        ] | 40% Completed | 14.84 s[################                        ] | 40% Completed | 14.94 s[################                        ] | 40% Completed | 15.04 s[################                        ] | 40% Completed | 15.14 s[################                        ] | 40% Completed | 15.24 s[################                        ] | 40% Completed | 15.34 s[################                        ] | 40% Completed | 15.44 s[################                        ] | 40% Completed | 15.54 s[################                        ] | 40% Completed | 15.64 s[################                        ] | 40% Completed | 15.74 s[################                        ] | 40% Completed | 15.84 s[################                        ] | 40% Completed | 15.94 s[################                        ] | 40% Completed | 16.04 s[################                        ] | 40% Completed | 16.14 s[################                        ] | 40% Completed | 16.24 s[################                        ] | 40% Completed | 16.34 s[################                        ] | 40% Completed | 16.44 s[################                        ] | 40% Completed | 16.54 s[################                        ] | 40% Completed | 16.64 s[################                        ] | 40% Completed | 16.74 s[################                        ] | 40% Completed | 16.84 s[################                        ] | 40% Completed | 16.94 s[################                        ] | 40% Completed | 17.04 s[################                        ] | 40% Completed | 17.14 s[################                        ] | 40% Completed | 17.24 s[################                        ] | 40% Completed | 17.34 s[################                        ] | 40% Completed | 17.44 s[################                        ] | 40% Completed | 17.54 s[################                        ] | 40% Completed | 17.64 s[################                        ] | 40% Completed | 17.74 s[################                        ] | 40% Completed | 17.84 s[################                        ] | 40% Completed | 17.94 s[################                        ] | 40% Completed | 18.04 s[################                        ] | 40% Completed | 18.14 s[################                        ] | 40% Completed | 18.24 s[################                        ] | 40% Completed | 18.34 s[################                        ] | 40% Completed | 18.44 s[################                        ] | 40% Completed | 18.54 s[################                        ] | 40% Completed | 18.64 s[################                        ] | 40% Completed | 18.74 s[################                        ] | 40% Completed | 18.84 s[################                        ] | 40% Completed | 18.94 s[################                        ] | 40% Completed | 19.05 s[################                        ] | 40% Completed | 19.15 s[################                        ] | 40% Completed | 19.25 s[################                        ] | 40% Completed | 19.35 s[################                        ] | 40% Completed | 19.45 s[################                        ] | 40% Completed | 19.55 s[################                        ] | 40% Completed | 19.65 s[################                        ] | 40% Completed | 19.75 s[################                        ] | 40% Completed | 19.85 s[################                        ] | 40% Completed | 19.95 s[################                        ] | 40% Completed | 20.05 s[################                        ] | 40% Completed | 20.15 s[################                        ] | 40% Completed | 20.25 s[################                        ] | 40% Completed | 20.35 s[################                        ] | 40% Completed | 20.45 s[################                        ] | 40% Completed | 20.55 s[################                        ] | 40% Completed | 20.65 s[################                        ] | 40% Completed | 20.75 s[################                        ] | 40% Completed | 20.85 s[################                        ] | 40% Completed | 20.95 s[################                        ] | 40% Completed | 21.05 s[################                        ] | 40% Completed | 21.15 s[################                        ] | 40% Completed | 21.25 s[################                        ] | 40% Completed | 21.35 s[################                        ] | 40% Completed | 21.45 s[################                        ] | 40% Completed | 21.55 s[################                        ] | 40% Completed | 21.65 s[################                        ] | 40% Completed | 21.75 s[################                        ] | 40% Completed | 21.85 s[################                        ] | 40% Completed | 21.95 s[################                        ] | 40% Completed | 22.05 s[################                        ] | 40% Completed | 22.15 s[################                        ] | 40% Completed | 22.25 s[################                        ] | 40% Completed | 22.35 s[################                        ] | 40% Completed | 22.45 s[################                        ] | 40% Completed | 22.55 s[################                        ] | 40% Completed | 22.66 s[################                        ] | 40% Completed | 22.76 s[################                        ] | 40% Completed | 22.86 s[################                        ] | 40% Completed | 22.96 s[################                        ] | 40% Completed | 23.06 s[################                        ] | 40% Completed | 23.16 s[################                        ] | 40% Completed | 23.26 s[################                        ] | 40% Completed | 23.36 s[################                        ] | 40% Completed | 23.46 s[################                        ] | 40% Completed | 23.56 s[################                        ] | 40% Completed | 23.66 s[################                        ] | 40% Completed | 23.76 s[################                        ] | 40% Completed | 23.86 s[################                        ] | 40% Completed | 23.96 s[################                        ] | 40% Completed | 24.06 s[################                        ] | 40% Completed | 24.16 s[################                        ] | 40% Completed | 24.26 s[################                        ] | 40% Completed | 24.36 s[################                        ] | 40% Completed | 24.46 s[################                        ] | 40% Completed | 24.56 s[################                        ] | 40% Completed | 24.66 s[################                        ] | 40% Completed | 24.76 s[################                        ] | 40% Completed | 24.86 s[################                        ] | 40% Completed | 24.96 s[################                        ] | 40% Completed | 25.06 s[################                        ] | 40% Completed | 25.16 s[################                        ] | 40% Completed | 25.26 s[################                        ] | 40% Completed | 25.36 s[################                        ] | 40% Completed | 25.46 s[################                        ] | 40% Completed | 25.56 s[################                        ] | 40% Completed | 25.66 s[################                        ] | 40% Completed | 25.76 s[################                        ] | 40% Completed | 25.86 s[####################################    ] | 90% Completed | 25.96 s[####################################    ] | 90% Completed | 26.06 s[####################################    ] | 90% Completed | 26.16 s[####################################    ] | 90% Completed | 26.26 s[####################################    ] | 90% Completed | 26.36 s[####################################    ] | 90% Completed | 26.46 s[####################################    ] | 90% Completed | 26.57 s[####################################    ] | 90% Completed | 26.67 s[####################################    ] | 90% Completed | 26.77 s[####################################    ] | 90% Completed | 26.87 s[####################################    ] | 90% Completed | 26.97 s[####################################    ] | 90% Completed | 27.07 s[####################################    ] | 90% Completed | 27.17 s[####################################    ] | 90% Completed | 27.27 s[####################################    ] | 90% Completed | 27.37 s[####################################    ] | 90% Completed | 27.47 s[####################################    ] | 90% Completed | 27.57 s[####################################    ] | 90% Completed | 27.67 s[####################################    ] | 90% Completed | 27.77 s[####################################    ] | 90% Completed | 27.87 s[####################################    ] | 90% Completed | 27.97 s[####################################    ] | 90% Completed | 28.07 s[####################################    ] | 90% Completed | 28.17 s[####################################    ] | 90% Completed | 28.27 s[####################################    ] | 90% Completed | 28.37 s[####################################    ] | 90% Completed | 28.47 s[####################################    ] | 90% Completed | 28.57 s[####################################    ] | 90% Completed | 28.67 s[####################################    ] | 90% Completed | 28.77 s[####################################    ] | 90% Completed | 28.87 s[####################################    ] | 90% Completed | 28.97 s[####################################    ] | 90% Completed | 29.07 s[####################################    ] | 90% Completed | 29.17 s[####################################    ] | 90% Completed | 29.27 s[####################################    ] | 90% Completed | 29.37 s[####################################    ] | 90% Completed | 29.47 s[####################################    ] | 90% Completed | 29.57 s[####################################    ] | 90% Completed | 29.67 s[####################################    ] | 90% Completed | 29.77 s[####################################    ] | 90% Completed | 29.87 s[####################################    ] | 90% Completed | 29.97 s[####################################    ] | 90% Completed | 30.07 s[####################################    ] | 90% Completed | 30.17 s[####################################    ] | 90% Completed | 30.27 s[####################################    ] | 90% Completed | 30.37 s[####################################    ] | 90% Completed | 30.47 s[####################################    ] | 90% Completed | 30.57 s[####################################    ] | 90% Completed | 30.67 s[####################################    ] | 90% Completed | 30.77 s[####################################    ] | 90% Completed | 30.87 s[####################################    ] | 90% Completed | 30.97 s[####################################    ] | 90% Completed | 31.07 s[####################################    ] | 90% Completed | 31.17 s[####################################    ] | 90% Completed | 31.27 s[####################################    ] | 90% Completed | 31.38 s[####################################    ] | 90% Completed | 31.48 s[####################################    ] | 90% Completed | 31.58 s[####################################    ] | 90% Completed | 31.68 s[####################################    ] | 90% Completed | 31.78 s[####################################    ] | 90% Completed | 31.88 s[####################################    ] | 90% Completed | 31.98 s[####################################    ] | 90% Completed | 32.08 s[####################################    ] | 90% Completed | 32.18 s[####################################    ] | 90% Completed | 32.28 s[####################################    ] | 90% Completed | 32.38 s[####################################    ] | 90% Completed | 32.48 s[####################################    ] | 90% Completed | 32.58 s[####################################    ] | 90% Completed | 32.68 s[####################################    ] | 90% Completed | 32.78 s[####################################    ] | 90% Completed | 32.88 s[####################################    ] | 90% Completed | 32.98 s[####################################    ] | 90% Completed | 33.08 s[####################################    ] | 90% Completed | 33.18 s[####################################    ] | 90% Completed | 33.28 s[####################################    ] | 90% Completed | 33.38 s[####################################    ] | 90% Completed | 33.48 s[####################################    ] | 90% Completed | 33.58 s[####################################    ] | 90% Completed | 33.68 s[####################################    ] | 90% Completed | 33.78 s[####################################    ] | 90% Completed | 33.88 s[####################################    ] | 90% Completed | 33.98 s[####################################    ] | 90% Completed | 34.08 s[####################################    ] | 90% Completed | 34.18 s[####################################    ] | 90% Completed | 34.28 s[####################################    ] | 90% Completed | 34.38 s[####################################    ] | 90% Completed | 34.48 s[####################################    ] | 90% Completed | 34.58 s[####################################    ] | 90% Completed | 34.68 s[####################################    ] | 90% Completed | 34.78 s[####################################    ] | 90% Completed | 34.88 s[####################################    ] | 90% Completed | 34.98 s[####################################    ] | 90% Completed | 35.08 s[####################################    ] | 90% Completed | 35.18 s[####################################    ] | 90% Completed | 35.28 s[####################################    ] | 90% Completed | 35.38 s[####################################    ] | 90% Completed | 35.48 s[####################################    ] | 90% Completed | 35.58 s[####################################    ] | 90% Completed | 35.69 s[####################################    ] | 90% Completed | 35.79 s[####################################    ] | 90% Completed | 35.89 s[####################################    ] | 90% Completed | 35.99 s[####################################    ] | 90% Completed | 36.09 s[####################################    ] | 90% Completed | 36.19 s[####################################    ] | 90% Completed | 36.29 s[####################################    ] | 90% Completed | 36.39 s[####################################    ] | 90% Completed | 36.49 s[####################################    ] | 90% Completed | 36.59 s[####################################    ] | 90% Completed | 36.69 s[####################################    ] | 90% Completed | 36.79 s[####################################    ] | 90% Completed | 36.89 s[####################################    ] | 90% Completed | 36.99 s[####################################    ] | 90% Completed | 37.09 s[####################################    ] | 90% Completed | 37.19 s[####################################    ] | 90% Completed | 37.29 s[####################################    ] | 90% Completed | 37.39 s[####################################    ] | 90% Completed | 37.49 s[####################################    ] | 90% Completed | 37.59 s[####################################    ] | 90% Completed | 37.69 s[####################################    ] | 90% Completed | 37.79 s[####################################    ] | 90% Completed | 37.89 s[####################################    ] | 90% Completed | 37.99 s[####################################    ] | 90% Completed | 38.09 s[####################################    ] | 90% Completed | 38.19 s[####################################    ] | 90% Completed | 38.29 s[####################################    ] | 90% Completed | 38.39 s[####################################    ] | 90% Completed | 38.49 s[####################################    ] | 90% Completed | 38.59 s[####################################    ] | 90% Completed | 38.69 s[####################################    ] | 90% Completed | 38.79 s[####################################    ] | 90% Completed | 38.89 s[####################################    ] | 90% Completed | 38.99 s[####################################    ] | 90% Completed | 39.09 s[####################################    ] | 90% Completed | 39.19 s[####################################    ] | 90% Completed | 39.29 s[####################################    ] | 90% Completed | 39.39 s[####################################    ] | 90% Completed | 39.49 s[####################################    ] | 90% Completed | 39.59 s[####################################    ] | 90% Completed | 39.69 s[####################################    ] | 90% Completed | 39.79 s[####################################    ] | 90% Completed | 39.89 s[####################################    ] | 90% Completed | 39.99 s[####################################    ] | 90% Completed | 40.09 s[####################################    ] | 90% Completed | 40.19 s[####################################    ] | 90% Completed | 40.29 s[####################################    ] | 90% Completed | 40.39 s[####################################    ] | 90% Completed | 40.49 s[####################################    ] | 90% Completed | 40.60 s[####################################    ] | 90% Completed | 40.70 s[####################################    ] | 90% Completed | 40.80 s[####################################    ] | 90% Completed | 40.90 s[####################################    ] | 90% Completed | 41.00 s[####################################    ] | 90% Completed | 41.10 s[####################################    ] | 90% Completed | 41.20 s[####################################    ] | 90% Completed | 41.30 s[####################################    ] | 90% Completed | 41.40 s[####################################    ] | 90% Completed | 41.50 s[####################################    ] | 90% Completed | 41.60 s[####################################    ] | 90% Completed | 41.70 s[####################################    ] | 90% Completed | 41.80 s[####################################    ] | 90% Completed | 41.90 s[####################################    ] | 90% Completed | 42.00 s[####################################    ] | 90% Completed | 42.10 s[####################################    ] | 90% Completed | 42.20 s[####################################    ] | 90% Completed | 42.30 s[####################################    ] | 90% Completed | 42.40 s[####################################    ] | 90% Completed | 42.50 s[####################################    ] | 90% Completed | 42.60 s[####################################    ] | 90% Completed | 42.70 s[####################################    ] | 90% Completed | 42.80 s[####################################    ] | 90% Completed | 42.90 s[####################################    ] | 90% Completed | 43.00 s[####################################    ] | 90% Completed | 43.10 s[####################################    ] | 90% Completed | 43.20 s[####################################    ] | 90% Completed | 43.30 s[####################################    ] | 90% Completed | 43.40 s[####################################    ] | 90% Completed | 43.50 s[####################################    ] | 90% Completed | 43.60 s[####################################    ] | 90% Completed | 43.70 s[####################################    ] | 90% Completed | 43.80 s[####################################    ] | 90% Completed | 43.90 s[####################################    ] | 90% Completed | 44.00 s[####################################    ] | 90% Completed | 44.10 s[####################################    ] | 90% Completed | 44.20 s[####################################    ] | 90% Completed | 44.30 s[####################################    ] | 90% Completed | 44.40 s[####################################    ] | 90% Completed | 44.50 s[####################################    ] | 90% Completed | 44.60 s[####################################    ] | 90% Completed | 44.70 s[####################################    ] | 90% Completed | 44.81 s[####################################    ] | 90% Completed | 44.91 s[####################################    ] | 90% Completed | 45.01 s[####################################    ] | 90% Completed | 45.11 s[####################################    ] | 90% Completed | 45.21 s[####################################    ] | 90% Completed | 45.31 s[####################################    ] | 90% Completed | 45.41 s[####################################    ] | 90% Completed | 45.51 s[####################################    ] | 90% Completed | 45.61 s[####################################    ] | 90% Completed | 45.71 s[####################################    ] | 90% Completed | 45.81 s[####################################    ] | 90% Completed | 45.91 s[####################################    ] | 90% Completed | 46.01 s[####################################    ] | 90% Completed | 46.11 s[####################################    ] | 90% Completed | 46.21 s[####################################    ] | 90% Completed | 46.31 s[####################################    ] | 90% Completed | 46.41 s[####################################    ] | 90% Completed | 46.51 s[####################################    ] | 90% Completed | 46.61 s[####################################    ] | 90% Completed | 46.71 s[####################################    ] | 90% Completed | 46.81 s[####################################    ] | 90% Completed | 46.91 s[####################################    ] | 90% Completed | 47.01 s[####################################    ] | 90% Completed | 47.11 s[####################################    ] | 90% Completed | 47.21 s[####################################    ] | 90% Completed | 47.31 s[####################################    ] | 90% Completed | 47.41 s[####################################    ] | 90% Completed | 47.51 s[####################################    ] | 90% Completed | 47.61 s[####################################    ] | 90% Completed | 47.71 s[####################################    ] | 90% Completed | 47.81 s[####################################    ] | 90% Completed | 47.91 s[####################################    ] | 90% Completed | 48.01 s[####################################    ] | 90% Completed | 48.11 s[####################################    ] | 90% Completed | 48.21 s[####################################    ] | 90% Completed | 48.31 s[####################################    ] | 90% Completed | 48.41 s[####################################    ] | 90% Completed | 48.51 s[####################################    ] | 90% Completed | 48.61 s[####################################    ] | 90% Completed | 48.71 s[####################################    ] | 90% Completed | 48.81 s[####################################    ] | 90% Completed | 48.91 s[####################################    ] | 90% Completed | 49.01 s[####################################    ] | 90% Completed | 49.11 s[####################################    ] | 90% Completed | 49.22 s[####################################    ] | 90% Completed | 49.32 s[####################################    ] | 90% Completed | 49.42 s[####################################    ] | 90% Completed | 49.52 s[####################################    ] | 90% Completed | 49.62 s[####################################    ] | 90% Completed | 49.72 s[####################################    ] | 90% Completed | 49.82 s[####################################    ] | 90% Completed | 49.92 s[####################################    ] | 90% Completed | 50.02 s[####################################    ] | 90% Completed | 50.12 s[####################################    ] | 90% Completed | 50.22 s[####################################    ] | 90% Completed | 50.32 s[####################################    ] | 90% Completed | 50.42 s[####################################    ] | 90% Completed | 50.52 s[####################################    ] | 90% Completed | 50.62 s[####################################    ] | 90% Completed | 50.72 s[####################################    ] | 90% Completed | 50.82 s[####################################    ] | 90% Completed | 50.92 s[####################################    ] | 90% Completed | 51.02 s[####################################    ] | 90% Completed | 51.12 s[####################################    ] | 90% Completed | 51.22 s[####################################    ] | 90% Completed | 51.32 s[####################################    ] | 90% Completed | 51.42 s[####################################    ] | 90% Completed | 51.52 s[####################################    ] | 90% Completed | 51.62 s[########################################] | 100% Completed | 51.72 s
[38;5;23m2026-04-02 19:12:27[39m | [33mWARNING[39m | [33mExtra columns detected: Index(['Annotation'], dtype='object'). These will be retained but are not validated.[39m
[38;5;23m2026-04-02 19:12:27[39m | [38;5;23mINFO[39m | Writing DMRs to /expanse/lustre/projects/csd940/zalibhai/biomodal/modality/outputs_CG/Results/gencode.vM25.mouse.cpg_shelves.annotation/DMR_20260402_191227/DMR_mc_control__mutant_20260402_191227.bed.
Columns are :
`Chromosome Start End Name Score Strand num_contexts mean_coverage_across_samples mean_mod_group_1mean_mod_group_2 mod_fold_change mod_difference test_statistic dmr_pvalue dmr_qvalue
Please note that:
 - Name, Score, Strand are not used and are set to `.` for compatibility with pyranges
[39m
[38;5;23m2026-04-02 19:12:27[39m | [38;5;23mINFO[39m | Aggregating dataset for DMR calling (this may take multiple steps)...[39m
[########################                ] | 60% Completed | 1.00 s[###########################             ] | 67% Completed | 1.10 s[#############################           ] | 73% Completed | 1.20 s[###############################         ] | 79% Completed | 1.30 s[##################################      ] | 86% Completed | 1.40 s[#####################################   ] | 93% Completed | 1.50 s[####################################### ] | 99% Completed | 1.60 s[########################################] | 100% Completed | 1.70 s
[#####################                   ] | 52% Completed | 1.06 s[#######################                 ] | 59% Completed | 1.16 s[##########################              ] | 66% Completed | 1.26 s[############################            ] | 71% Completed | 1.36 s[##############################          ] | 77% Completed | 1.46 s[#################################       ] | 83% Completed | 1.56 s[####################################    ] | 90% Completed | 1.66 s[######################################  ] | 95% Completed | 1.77 s[########################################] | 100% Completed | 1.87 s
[38;5;23m2026-04-02 19:12:37[39m | [38;5;23mINFO[39m | Recoding given covariates from ['sex', 'batch'] to: ['batch', 'sex_male'] to handle categorical variables.[39m
[38;5;23m2026-04-02 19:12:37[39m | [38;5;23mINFO[39m | Performing DMR calling (control vs mutant)[39m
[################                        ] | 40% Completed | 1.00 s[################                        ] | 40% Completed | 1.10 s[################                        ] | 40% Completed | 1.20 s[################                        ] | 40% Completed | 1.30 s[################                        ] | 40% Completed | 1.40 s[################                        ] | 40% Completed | 1.50 s[################                        ] | 40% Completed | 1.60 s[################                        ] | 40% Completed | 1.70 s[################                        ] | 40% Completed | 1.80 s[################                        ] | 40% Completed | 1.90 s[################                        ] | 40% Completed | 2.00 s[################                        ] | 40% Completed | 2.10 s[################                        ] | 40% Completed | 2.20 s[################                        ] | 40% Completed | 2.30 s[################                        ] | 40% Completed | 2.40 s[################                        ] | 40% Completed | 2.51 s[################                        ] | 40% Completed | 2.61 s[################                        ] | 40% Completed | 2.71 s[################                        ] | 40% Completed | 2.81 s[################                        ] | 40% Completed | 2.91 s[################                        ] | 40% Completed | 3.01 s[################                        ] | 40% Completed | 3.11 s[################                        ] | 40% Completed | 3.21 s[################                        ] | 40% Completed | 3.31 s[################                        ] | 40% Completed | 3.41 s[################                        ] | 40% Completed | 3.51 s[################                        ] | 40% Completed | 3.61 s[################                        ] | 40% Completed | 3.71 s[################                        ] | 40% Completed | 3.81 s[################                        ] | 40% Completed | 3.91 s[################                        ] | 40% Completed | 4.01 s[################                        ] | 40% Completed | 4.11 s[################                        ] | 40% Completed | 4.21 s[################                        ] | 40% Completed | 4.31 s[################                        ] | 40% Completed | 4.41 s[################                        ] | 40% Completed | 4.51 s[################                        ] | 40% Completed | 4.61 s[################                        ] | 40% Completed | 4.71 s[################                        ] | 40% Completed | 4.81 s[################                        ] | 40% Completed | 4.91 s[################                        ] | 40% Completed | 5.01 s[################                        ] | 40% Completed | 5.11 s[################                        ] | 40% Completed | 5.21 s[################                        ] | 40% Completed | 5.31 s[################                        ] | 40% Completed | 5.41 s[################                        ] | 40% Completed | 5.51 s[################                        ] | 40% Completed | 5.61 s[################                        ] | 40% Completed | 5.71 s[################                        ] | 40% Completed | 5.81 s[################                        ] | 40% Completed | 5.91 s[################                        ] | 40% Completed | 6.01 s[################                        ] | 40% Completed | 6.11 s[################                        ] | 40% Completed | 6.21 s[################                        ] | 40% Completed | 6.31 s[################                        ] | 40% Completed | 6.41 s[################                        ] | 40% Completed | 6.51 s[################                        ] | 40% Completed | 6.61 s[################                        ] | 40% Completed | 6.71 s[################                        ] | 40% Completed | 6.81 s[################                        ] | 40% Completed | 6.91 s[################                        ] | 40% Completed | 7.02 s[################                        ] | 40% Completed | 7.12 s[################                        ] | 40% Completed | 7.22 s[################                        ] | 40% Completed | 7.32 s[################                        ] | 40% Completed | 7.42 s[################                        ] | 40% Completed | 7.52 s[################                        ] | 40% Completed | 7.62 s[################                        ] | 40% Completed | 7.72 s[################                        ] | 40% Completed | 7.82 s[################                        ] | 40% Completed | 7.92 s[################                        ] | 40% Completed | 8.02 s[################                        ] | 40% Completed | 8.12 s[################                        ] | 40% Completed | 8.22 s[################                        ] | 40% Completed | 8.32 s[################                        ] | 40% Completed | 8.42 s[################                        ] | 40% Completed | 8.52 s[################                        ] | 40% Completed | 8.62 s[################                        ] | 40% Completed | 8.72 s[################                        ] | 40% Completed | 8.82 s[################                        ] | 40% Completed | 8.92 s[################                        ] | 40% Completed | 9.02 s[################                        ] | 40% Completed | 9.12 s[################                        ] | 40% Completed | 9.22 s[################                        ] | 40% Completed | 9.32 s[################                        ] | 40% Completed | 9.42 s[################                        ] | 40% Completed | 9.52 s[################                        ] | 40% Completed | 9.62 s[################                        ] | 40% Completed | 9.72 s[################                        ] | 40% Completed | 9.82 s[################                        ] | 40% Completed | 9.92 s[################                        ] | 40% Completed | 10.02 s[################                        ] | 40% Completed | 10.12 s[################                        ] | 40% Completed | 10.22 s[################                        ] | 40% Completed | 10.32 s[################                        ] | 40% Completed | 10.42 s[################                        ] | 40% Completed | 10.52 s[################                        ] | 40% Completed | 10.62 s[################                        ] | 40% Completed | 10.72 s[################                        ] | 40% Completed | 10.82 s[################                        ] | 40% Completed | 10.92 s[################                        ] | 40% Completed | 11.02 s[################                        ] | 40% Completed | 11.12 s[################                        ] | 40% Completed | 11.22 s[################                        ] | 40% Completed | 11.32 s[################                        ] | 40% Completed | 11.42 s[################                        ] | 40% Completed | 11.52 s[################                        ] | 40% Completed | 11.62 s[################                        ] | 40% Completed | 11.73 s[################                        ] | 40% Completed | 11.83 s[################                        ] | 40% Completed | 11.93 s[################                        ] | 40% Completed | 12.03 s[################                        ] | 40% Completed | 12.13 s[################                        ] | 40% Completed | 12.23 s[################                        ] | 40% Completed | 12.33 s[################                        ] | 40% Completed | 12.43 s[################                        ] | 40% Completed | 12.53 s[################                        ] | 40% Completed | 12.63 s[################                        ] | 40% Completed | 12.73 s[################                        ] | 40% Completed | 12.83 s[################                        ] | 40% Completed | 12.93 s[################                        ] | 40% Completed | 13.03 s[################                        ] | 40% Completed | 13.13 s[################                        ] | 40% Completed | 13.23 s[################                        ] | 40% Completed | 13.33 s[################                        ] | 40% Completed | 13.43 s[################                        ] | 40% Completed | 13.53 s[################                        ] | 40% Completed | 13.63 s[################                        ] | 40% Completed | 13.73 s[################                        ] | 40% Completed | 13.83 s[################                        ] | 40% Completed | 13.93 s[################                        ] | 40% Completed | 14.03 s[################                        ] | 40% Completed | 14.13 s[################                        ] | 40% Completed | 14.23 s[################                        ] | 40% Completed | 14.33 s[################                        ] | 40% Completed | 14.43 s[################                        ] | 40% Completed | 14.53 s[################                        ] | 40% Completed | 14.63 s[################                        ] | 40% Completed | 14.73 s[################                        ] | 40% Completed | 14.83 s[################                        ] | 40% Completed | 14.93 s[################                        ] | 40% Completed | 15.03 s[################                        ] | 40% Completed | 15.13 s[################                        ] | 40% Completed | 15.23 s[################                        ] | 40% Completed | 15.33 s[################                        ] | 40% Completed | 15.43 s[################                        ] | 40% Completed | 15.53 s[################                        ] | 40% Completed | 15.63 s[################                        ] | 40% Completed | 15.73 s[################                        ] | 40% Completed | 15.83 s[################                        ] | 40% Completed | 15.93 s[################                        ] | 40% Completed | 16.03 s[################                        ] | 40% Completed | 16.14 s[################                        ] | 40% Completed | 16.24 s[################                        ] | 40% Completed | 16.34 s[################                        ] | 40% Completed | 16.44 s[################                        ] | 40% Completed | 16.54 s[################                        ] | 40% Completed | 16.64 s[################                        ] | 40% Completed | 16.74 s[################                        ] | 40% Completed | 16.84 s[################                        ] | 40% Completed | 16.94 s[################                        ] | 40% Completed | 17.04 s[################                        ] | 40% Completed | 17.14 s[################                        ] | 40% Completed | 17.24 s[################                        ] | 40% Completed | 17.34 s[################                        ] | 40% Completed | 17.44 s[################                        ] | 40% Completed | 17.54 s[################                        ] | 40% Completed | 17.64 s[################                        ] | 40% Completed | 17.74 s[################                        ] | 40% Completed | 17.84 s[################                        ] | 40% Completed | 17.94 s[################                        ] | 40% Completed | 18.04 s[################                        ] | 40% Completed | 18.14 s[################                        ] | 40% Completed | 18.24 s[################                        ] | 40% Completed | 18.34 s[################                        ] | 40% Completed | 18.44 s[################                        ] | 40% Completed | 18.54 s[################                        ] | 40% Completed | 18.64 s[################                        ] | 40% Completed | 18.74 s[################                        ] | 40% Completed | 18.84 s[################                        ] | 40% Completed | 18.94 s[################                        ] | 40% Completed | 19.04 s[################                        ] | 40% Completed | 19.14 s[################                        ] | 40% Completed | 19.24 s[################                        ] | 40% Completed | 19.34 s[################                        ] | 40% Completed | 19.44 s[################                        ] | 40% Completed | 19.54 s[################                        ] | 40% Completed | 19.64 s[################                        ] | 40% Completed | 19.74 s[################                        ] | 40% Completed | 19.84 s[################                        ] | 40% Completed | 19.94 s[################                        ] | 40% Completed | 20.04 s[################                        ] | 40% Completed | 20.14 s[################                        ] | 40% Completed | 20.24 s[################                        ] | 40% Completed | 20.34 s[################                        ] | 40% Completed | 20.44 s[################                        ] | 40% Completed | 20.55 s[################                        ] | 40% Completed | 20.65 s[################                        ] | 40% Completed | 20.75 s[################                        ] | 40% Completed | 20.85 s[################                        ] | 40% Completed | 20.95 s[################                        ] | 40% Completed | 21.05 s[################                        ] | 40% Completed | 21.15 s[################                        ] | 40% Completed | 21.25 s[################                        ] | 40% Completed | 21.35 s[################                        ] | 40% Completed | 21.45 s[################                        ] | 40% Completed | 21.55 s[################                        ] | 40% Completed | 21.65 s[################                        ] | 40% Completed | 21.75 s[################                        ] | 40% Completed | 21.85 s[################                        ] | 40% Completed | 21.95 s[################                        ] | 40% Completed | 22.05 s[################                        ] | 40% Completed | 22.15 s[################                        ] | 40% Completed | 22.25 s[################                        ] | 40% Completed | 22.35 s[################                        ] | 40% Completed | 22.45 s[################                        ] | 40% Completed | 22.55 s[################                        ] | 40% Completed | 22.65 s[################                        ] | 40% Completed | 22.75 s[################                        ] | 40% Completed | 22.85 s[################                        ] | 40% Completed | 22.95 s[################                        ] | 40% Completed | 23.05 s[################                        ] | 40% Completed | 23.15 s[################                        ] | 40% Completed | 23.25 s[################                        ] | 40% Completed | 23.35 s[################                        ] | 40% Completed | 23.45 s[################                        ] | 40% Completed | 23.55 s[################                        ] | 40% Completed | 23.65 s[################                        ] | 40% Completed | 23.75 s[################                        ] | 40% Completed | 23.85 s[################                        ] | 40% Completed | 23.95 s[################                        ] | 40% Completed | 24.05 s[################                        ] | 40% Completed | 24.15 s[################                        ] | 40% Completed | 24.25 s[################                        ] | 40% Completed | 24.35 s[################                        ] | 40% Completed | 24.45 s[################                        ] | 40% Completed | 24.55 s[################                        ] | 40% Completed | 24.65 s[################                        ] | 40% Completed | 24.75 s[################                        ] | 40% Completed | 24.85 s[################                        ] | 40% Completed | 24.95 s[################                        ] | 40% Completed | 25.06 s[################                        ] | 40% Completed | 25.16 s[################                        ] | 40% Completed | 25.26 s[################                        ] | 40% Completed | 25.36 s[################                        ] | 40% Completed | 25.46 s[################                        ] | 40% Completed | 25.56 s[################                        ] | 40% Completed | 25.66 s[################                        ] | 40% Completed | 25.76 s[################                        ] | 40% Completed | 25.86 s[################                        ] | 40% Completed | 25.96 s[################                        ] | 40% Completed | 26.06 s[################                        ] | 40% Completed | 26.16 s[################                        ] | 40% Completed | 26.26 s[################                        ] | 40% Completed | 26.36 s[################                        ] | 40% Completed | 26.46 s[################                        ] | 40% Completed | 26.56 s[################                        ] | 40% Completed | 26.66 s[################                        ] | 40% Completed | 26.76 s[####################################    ] | 90% Completed | 26.86 s[####################################    ] | 90% Completed | 26.96 s[####################################    ] | 90% Completed | 27.06 s[####################################    ] | 90% Completed | 27.16 s[####################################    ] | 90% Completed | 27.26 s[####################################    ] | 90% Completed | 27.36 s[####################################    ] | 90% Completed | 27.46 s[####################################    ] | 90% Completed | 27.56 s[####################################    ] | 90% Completed | 27.66 s[####################################    ] | 90% Completed | 27.76 s[####################################    ] | 90% Completed | 27.86 s[####################################    ] | 90% Completed | 27.96 s[####################################    ] | 90% Completed | 28.06 s[####################################    ] | 90% Completed | 28.16 s[####################################    ] | 90% Completed | 28.26 s[####################################    ] | 90% Completed | 28.36 s[####################################    ] | 90% Completed | 28.46 s[####################################    ] | 90% Completed | 28.56 s[####################################    ] | 90% Completed | 28.66 s[####################################    ] | 90% Completed | 28.76 s[####################################    ] | 90% Completed | 28.86 s[####################################    ] | 90% Completed | 28.96 s[####################################    ] | 90% Completed | 29.06 s[####################################    ] | 90% Completed | 29.16 s[####################################    ] | 90% Completed | 29.26 s[####################################    ] | 90% Completed | 29.36 s[####################################    ] | 90% Completed | 29.46 s[####################################    ] | 90% Completed | 29.57 s[####################################    ] | 90% Completed | 29.67 s[####################################    ] | 90% Completed | 29.77 s[####################################    ] | 90% Completed | 29.87 s[####################################    ] | 90% Completed | 29.97 s[####################################    ] | 90% Completed | 30.07 s[####################################    ] | 90% Completed | 30.17 s[####################################    ] | 90% Completed | 30.27 s[####################################    ] | 90% Completed | 30.37 s[####################################    ] | 90% Completed | 30.47 s[####################################    ] | 90% Completed | 30.57 s[####################################    ] | 90% Completed | 30.67 s[####################################    ] | 90% Completed | 30.77 s[####################################    ] | 90% Completed | 30.87 s[####################################    ] | 90% Completed | 30.97 s[####################################    ] | 90% Completed | 31.07 s[####################################    ] | 90% Completed | 31.17 s[####################################    ] | 90% Completed | 31.27 s[####################################    ] | 90% Completed | 31.37 s[####################################    ] | 90% Completed | 31.47 s[####################################    ] | 90% Completed | 31.57 s[####################################    ] | 90% Completed | 31.67 s[####################################    ] | 90% Completed | 31.77 s[####################################    ] | 90% Completed | 31.87 s[####################################    ] | 90% Completed | 31.97 s[####################################    ] | 90% Completed | 32.07 s[####################################    ] | 90% Completed | 32.17 s[####################################    ] | 90% Completed | 32.27 s[####################################    ] | 90% Completed | 32.37 s[####################################    ] | 90% Completed | 32.47 s[####################################    ] | 90% Completed | 32.57 s[####################################    ] | 90% Completed | 32.67 s[####################################    ] | 90% Completed | 32.77 s[####################################    ] | 90% Completed | 32.87 s[####################################    ] | 90% Completed | 32.97 s[####################################    ] | 90% Completed | 33.07 s[####################################    ] | 90% Completed | 33.17 s[####################################    ] | 90% Completed | 33.27 s[####################################    ] | 90% Completed | 33.37 s[####################################    ] | 90% Completed | 33.47 s[####################################    ] | 90% Completed | 33.57 s[####################################    ] | 90% Completed | 33.67 s[####################################    ] | 90% Completed | 33.77 s[####################################    ] | 90% Completed | 33.87 s[####################################    ] | 90% Completed | 33.97 s[####################################    ] | 90% Completed | 34.07 s[####################################    ] | 90% Completed | 34.18 s[####################################    ] | 90% Completed | 34.28 s[####################################    ] | 90% Completed | 34.38 s[####################################    ] | 90% Completed | 34.48 s[####################################    ] | 90% Completed | 34.58 s[####################################    ] | 90% Completed | 34.68 s[####################################    ] | 90% Completed | 34.78 s[####################################    ] | 90% Completed | 34.88 s[####################################    ] | 90% Completed | 34.98 s[####################################    ] | 90% Completed | 35.08 s[####################################    ] | 90% Completed | 35.18 s[####################################    ] | 90% Completed | 35.28 s[####################################    ] | 90% Completed | 35.38 s[####################################    ] | 90% Completed | 35.48 s[####################################    ] | 90% Completed | 35.58 s[####################################    ] | 90% Completed | 35.68 s[####################################    ] | 90% Completed | 35.78 s[####################################    ] | 90% Completed | 35.88 s[####################################    ] | 90% Completed | 35.98 s[####################################    ] | 90% Completed | 36.08 s[####################################    ] | 90% Completed | 36.18 s[####################################    ] | 90% Completed | 36.28 s[####################################    ] | 90% Completed | 36.38 s[####################################    ] | 90% Completed | 36.48 s[####################################    ] | 90% Completed | 36.58 s[####################################    ] | 90% Completed | 36.68 s[####################################    ] | 90% Completed | 36.78 s[####################################    ] | 90% Completed | 36.88 s[####################################    ] | 90% Completed | 36.98 s[####################################    ] | 90% Completed | 37.08 s[####################################    ] | 90% Completed | 37.18 s[####################################    ] | 90% Completed | 37.28 s[####################################    ] | 90% Completed | 37.38 s[####################################    ] | 90% Completed | 37.48 s[####################################    ] | 90% Completed | 37.58 s[####################################    ] | 90% Completed | 37.68 s[####################################    ] | 90% Completed | 37.78 s[####################################    ] | 90% Completed | 37.88 s[####################################    ] | 90% Completed | 37.98 s[####################################    ] | 90% Completed | 38.08 s[####################################    ] | 90% Completed | 38.18 s[####################################    ] | 90% Completed | 38.28 s[####################################    ] | 90% Completed | 38.38 s[####################################    ] | 90% Completed | 38.48 s[####################################    ] | 90% Completed | 38.58 s[####################################    ] | 90% Completed | 38.69 s[####################################    ] | 90% Completed | 38.79 s[####################################    ] | 90% Completed | 38.89 s[####################################    ] | 90% Completed | 38.99 s[####################################    ] | 90% Completed | 39.09 s[####################################    ] | 90% Completed | 39.19 s[####################################    ] | 90% Completed | 39.29 s[####################################    ] | 90% Completed | 39.39 s[####################################    ] | 90% Completed | 39.49 s[####################################    ] | 90% Completed | 39.59 s[####################################    ] | 90% Completed | 39.69 s[####################################    ] | 90% Completed | 39.79 s[####################################    ] | 90% Completed | 39.89 s[####################################    ] | 90% Completed | 39.99 s[####################################    ] | 90% Completed | 40.09 s[####################################    ] | 90% Completed | 40.19 s[####################################    ] | 90% Completed | 40.29 s[####################################    ] | 90% Completed | 40.39 s[####################################    ] | 90% Completed | 40.49 s[####################################    ] | 90% Completed | 40.59 s[####################################    ] | 90% Completed | 40.69 s[####################################    ] | 90% Completed | 40.79 s[####################################    ] | 90% Completed | 40.89 s[####################################    ] | 90% Completed | 40.99 s[####################################    ] | 90% Completed | 41.09 s[####################################    ] | 90% Completed | 41.19 s[####################################    ] | 90% Completed | 41.29 s[####################################    ] | 90% Completed | 41.39 s[####################################    ] | 90% Completed | 41.49 s[####################################    ] | 90% Completed | 41.59 s[####################################    ] | 90% Completed | 41.69 s[####################################    ] | 90% Completed | 41.79 s[####################################    ] | 90% Completed | 41.89 s[####################################    ] | 90% Completed | 41.99 s[####################################    ] | 90% Completed | 42.09 s[####################################    ] | 90% Completed | 42.19 s[####################################    ] | 90% Completed | 42.29 s[####################################    ] | 90% Completed | 42.39 s[####################################    ] | 90% Completed | 42.49 s[####################################    ] | 90% Completed | 42.59 s[####################################    ] | 90% Completed | 42.69 s[####################################    ] | 90% Completed | 42.79 s[####################################    ] | 90% Completed | 42.89 s[####################################    ] | 90% Completed | 42.99 s[####################################    ] | 90% Completed | 43.09 s[####################################    ] | 90% Completed | 43.19 s[####################################    ] | 90% Completed | 43.30 s[####################################    ] | 90% Completed | 43.40 s[####################################    ] | 90% Completed | 43.50 s[####################################    ] | 90% Completed | 43.60 s[####################################    ] | 90% Completed | 43.70 s[####################################    ] | 90% Completed | 43.80 s[####################################    ] | 90% Completed | 43.90 s[####################################    ] | 90% Completed | 44.00 s[####################################    ] | 90% Completed | 44.10 s[####################################    ] | 90% Completed | 44.20 s[####################################    ] | 90% Completed | 44.30 s[####################################    ] | 90% Completed | 44.40 s[####################################    ] | 90% Completed | 44.50 s[####################################    ] | 90% Completed | 44.60 s[####################################    ] | 90% Completed | 44.70 s[####################################    ] | 90% Completed | 44.80 s[####################################    ] | 90% Completed | 44.90 s[####################################    ] | 90% Completed | 45.00 s[####################################    ] | 90% Completed | 45.10 s[####################################    ] | 90% Completed | 45.20 s[####################################    ] | 90% Completed | 45.30 s[####################################    ] | 90% Completed | 45.40 s[####################################    ] | 90% Completed | 45.50 s[####################################    ] | 90% Completed | 45.60 s[####################################    ] | 90% Completed | 45.70 s[####################################    ] | 90% Completed | 45.80 s[####################################    ] | 90% Completed | 45.90 s[####################################    ] | 90% Completed | 46.00 s[####################################    ] | 90% Completed | 46.10 s[####################################    ] | 90% Completed | 46.20 s[####################################    ] | 90% Completed | 46.30 s[####################################    ] | 90% Completed | 46.40 s[####################################    ] | 90% Completed | 46.50 s[####################################    ] | 90% Completed | 46.60 s[####################################    ] | 90% Completed | 46.70 s[####################################    ] | 90% Completed | 46.80 s[####################################    ] | 90% Completed | 46.90 s[####################################    ] | 90% Completed | 47.00 s[####################################    ] | 90% Completed | 47.10 s[####################################    ] | 90% Completed | 47.20 s[####################################    ] | 90% Completed | 47.30 s[####################################    ] | 90% Completed | 47.40 s[####################################    ] | 90% Completed | 47.50 s[####################################    ] | 90% Completed | 47.61 s[####################################    ] | 90% Completed | 47.71 s[####################################    ] | 90% Completed | 47.81 s[####################################    ] | 90% Completed | 47.91 s[####################################    ] | 90% Completed | 48.01 s[####################################    ] | 90% Completed | 48.11 s[####################################    ] | 90% Completed | 48.21 s[####################################    ] | 90% Completed | 48.31 s[####################################    ] | 90% Completed | 48.41 s[####################################    ] | 90% Completed | 48.51 s[####################################    ] | 90% Completed | 48.61 s[####################################    ] | 90% Completed | 48.71 s[####################################    ] | 90% Completed | 48.81 s[####################################    ] | 90% Completed | 48.91 s[####################################    ] | 90% Completed | 49.01 s[####################################    ] | 90% Completed | 49.11 s[####################################    ] | 90% Completed | 49.21 s[####################################    ] | 90% Completed | 49.31 s[####################################    ] | 90% Completed | 49.41 s[####################################    ] | 90% Completed | 49.51 s[####################################    ] | 90% Completed | 49.61 s[####################################    ] | 90% Completed | 49.71 s[####################################    ] | 90% Completed | 49.81 s[####################################    ] | 90% Completed | 49.91 s[####################################    ] | 90% Completed | 50.01 s[####################################    ] | 90% Completed | 50.11 s[####################################    ] | 90% Completed | 50.21 s[####################################    ] | 90% Completed | 50.31 s[####################################    ] | 90% Completed | 50.41 s[####################################    ] | 90% Completed | 50.51 s[####################################    ] | 90% Completed | 50.61 s[####################################    ] | 90% Completed | 50.71 s[####################################    ] | 90% Completed | 50.81 s[####################################    ] | 90% Completed | 50.91 s[####################################    ] | 90% Completed | 51.01 s[####################################    ] | 90% Completed | 51.11 s[####################################    ] | 90% Completed | 51.21 s[####################################    ] | 90% Completed | 51.31 s[####################################    ] | 90% Completed | 51.41 s[####################################    ] | 90% Completed | 51.51 s[####################################    ] | 90% Completed | 51.61 s[####################################    ] | 90% Completed | 51.71 s[####################################    ] | 90% Completed | 51.82 s[####################################    ] | 90% Completed | 51.92 s[####################################    ] | 90% Completed | 52.02 s[####################################    ] | 90% Completed | 52.12 s[####################################    ] | 90% Completed | 52.22 s[####################################    ] | 90% Completed | 52.32 s[####################################    ] | 90% Completed | 52.42 s[####################################    ] | 90% Completed | 52.52 s[####################################    ] | 90% Completed | 52.62 s[####################################    ] | 90% Completed | 52.72 s[####################################    ] | 90% Completed | 52.82 s[####################################    ] | 90% Completed | 52.92 s[####################################    ] | 90% Completed | 53.02 s[####################################    ] | 90% Completed | 53.12 s[####################################    ] | 90% Completed | 53.22 s[########################################] | 100% Completed | 53.32 s
[38;5;23m2026-04-02 19:13:30[39m | [33mWARNING[39m | [33mExtra columns detected: Index(['Annotation'], dtype='object'). These will be retained but are not validated.[39m
[38;5;23m2026-04-02 19:13:30[39m | [38;5;23mINFO[39m | Writing DMRs to /expanse/lustre/projects/csd940/zalibhai/biomodal/modality/outputs_CG/Results/gencode.vM25.mouse.cpg_shelves.annotation/DMR_20260402_191227/DMR_hmc_control__mutant_20260402_191227.bed.
Columns are :
`Chromosome Start End Name Score Strand num_contexts mean_coverage_across_samples mean_mod_group_1mean_mod_group_2 mod_fold_change mod_difference test_statistic dmr_pvalue dmr_qvalue
Please note that:
 - Name, Score, Strand are not used and are set to `.` for compatibility with pyranges
[39m
[38;5;23m2026-04-02 19:13:30[39m  [1m[38;5;154mDMR calling completed successfully! Outputs saved to: /expanse/lustre/projects/csd940/zalibhai/biomodal/modality/outputs_CG/Results/gencode.vM25.mouse.cpg_shelves.annotation[39m
[38;5;23m2026-04-02 19:13:31[39m | [38;5;23mINFO[39m | DMR track configuration files saved successfully.[39m
[38;5;23m2026-04-02 19:13:31[39m  Wrote provenance sidecar file to /expanse/lustre/projects/csd940/zalibhai/biomodal/modality/outputs_CG/Results/gencode.vM25.mouse.cpg_shelves.annotation/DMR_20260402_191227/modality_metadata_20260402_191331.json[39m
/expanse/lustre/projects/csd940/zalibhai/biomodal/modality/outputs_CG/Results/gencode.vM25.mouse.cpg_shelves.annotation/DMR_20260402_191227/DMR_mc_control__mutant_20260402_191227.bed /expanse/lustre/projects/csd940/zalibhai/biomodal/modality/outputs_CG/Results/gencode.vM25.mouse.cpg_shelves.annotation/DMR_20260402_191227/DMR_hmc_control__mutant_20260402_191227.bed
[INFO] 2026-04-02 19:13:31 - DMR calling completed for /expanse/lustre/projects/csd940/zalibhai/biomodal/modality/mm10/gencode.vM25.mouse.cpg_shelves.annotation.bed.gz
[INFO] 2026-04-02 19:13:31 - Running DMR calling on region file: /expanse/lustre/projects/csd940/zalibhai/biomodal/modality/mm10/gencode.vM25.mouse.cpg_shores.annotation.bed.gz
Logged in using stored credentials
[38;5;23m2026-04-02 19:13:35[39m  [1m[38;5;123mProvenance information:[39m
[38;5;23m2026-04-02 19:13:35[39m  cmd='/home/zalibhai/miniforge3/envs/modality/bin/modality -v dmr call --zarr-path /expanse/lustre/projects/csd940/zalibhai/biomodal/evoC-run/output/duet-1.5.0_evoC_Bap1_run_6bp/sample_outputs/zarr_store/CG/evoC_Bap1_run.genome.GRCm38_primary_assembly.dedup.CG.zarrz --sample-sheet /expanse/lustre/projects/csd940/zalibhai/biomodal/modality/metadata.tsv --condition-array-name condition --methylation-contexts num_mc num_hmc --bedfile /expanse/lustre/projects/csd940/zalibhai/biomodal/modality/mm10/gencode.vM25.mouse.cpg_shores.annotation.bed.gz --covariates sex batch --filter-context-depth 10 --condition-order control mutant --output-dir /expanse/lustre/projects/csd940/zalibhai/biomodal/modality/outputs_CG/Results/gencode.vM25.mouse.cpg_shores.annotation'
timestamp=2026-04-02T19:13:35.577966
version=1.0.0
user=zalibhai

[39m
[38;5;23m2026-04-02 19:13:35[39m  [1m[38;5;123mStarting differential methylation analysis:[39m
[38;5;23m2026-04-02 19:13:35[39m  [38;5;248mZarr path(s)[39m: ['/expanse/lustre/projects/csd940/zalibhai/biomodal/evoC-run/output/duet-1.5.0_evoC_Bap1_run_6bp/sample_outputs/zarr_store/CG/evoC_Bap1_run.genome.GRCm38_primary_assembly.dedup.CG.zarrz'][39m
[38;5;23m2026-04-02 19:13:35[39m  [38;5;248mSample Sheet[39m: /expanse/lustre/projects/csd940/zalibhai/biomodal/modality/metadata.tsv[39m
[38;5;23m2026-04-02 19:13:35[39m  [38;5;248mCondition Array Name[39m: condition[39m
[38;5;23m2026-04-02 19:13:35[39m  [38;5;248mMethylation Contexts[39m: ['num_mc', 'num_hmc'][39m
[38;5;23m2026-04-02 19:13:35[39m  [38;5;248mBedfile[39m: /expanse/lustre/projects/csd940/zalibhai/biomodal/modality/mm10/gencode.vM25.mouse.cpg_shores.annotation.bed.gz[39m
[38;5;23m2026-04-02 19:13:35[39m  [38;5;248mCovariates[39m: ['sex', 'batch'][39m
[38;5;23m2026-04-02 19:13:35[39m  [38;5;248mMin Coverage[39m: 10[39m
[38;5;23m2026-04-02 19:13:35[39m  [38;5;248mCondition Order[39m: ['control', 'mutant'][39m
[38;5;23m2026-04-02 19:13:35[39m  [38;5;248mOutput Dir[39m: /expanse/lustre/projects/csd940/zalibhai/biomodal/modality/outputs_CG/Results/gencode.vM25.mouse.cpg_shores.annotation[39m
[38;5;23m2026-04-02 19:13:35[39m  [38;5;248mWindow Size[39m: None[39m
[38;5;23m2026-04-02 19:13:35[39m  [38;5;248mNum Contexts[39m: 0[39m
[38;5;23m2026-04-02 19:13:35[39m  [38;5;248mRegion[39m: None[39m
[38;5;23m2026-04-02 19:13:35[39m  [38;5;248mOverdispersion[39m: False[39m
[38;5;23m2026-04-02 19:13:35[39m  [38;5;248mStatistical Test[39m: wald[39m
[38;5;23m2026-04-02 19:13:35[39m  [38;5;248mDisable Strand Merging[39m: False[39m
[38;5;23m2026-04-02 19:13:35[39m  [38;5;248mCompress[39m: False[39m
[38;5;23m2026-04-02 19:13:35[39m | [38;5;23mINFO[39m | Loading Zarr dataset...[39m
[38;5;23m2026-04-02 19:13:38[39m | [38;5;23mINFO[39m | Merging CpG strands in the dataset.[39m
[38;5;23m2026-04-02 19:13:46[39m | [38;5;23mINFO[39m | Starting DMR calling process, this could take a few minutes...[39m
[38;5;23m2026-04-02 19:13:46[39m | [38;5;23mINFO[39m | Aligning sample sheet with dataset...[39m
[############                            ] | 31% Completed | 1.03 s[##############                          ] | 36% Completed | 1.13 s[################                        ] | 40% Completed | 1.23 s[#################                       ] | 44% Completed | 1.33 s[###################                     ] | 48% Completed | 1.43 s[#####################                   ] | 52% Completed | 1.53 s[######################                  ] | 56% Completed | 1.63 s[########################                ] | 60% Completed | 1.73 s[#########################               ] | 64% Completed | 1.83 s[###########################             ] | 68% Completed | 1.93 s[#############################           ] | 72% Completed | 2.03 s[##############################          ] | 76% Completed | 2.13 s[########################################] | 100% Completed | 2.27 s
[38;5;23m2026-04-02 19:13:49[39m | [38;5;23mINFO[39m | filtering low coverage contexts (this may take multiple steps)...[39m
[#####################################   ] | 93% Completed | 1.00 s[########################################] | 100% Completed | 1.10 s
[                                        ] | 0% Completed | 1.00 s[                                        ] | 0% Completed | 1.10 s[                                        ] | 0% Completed | 1.20 s[                                        ] | 0% Completed | 1.30 s[                                        ] | 0% Completed | 1.40 s[########################################] | 100% Completed | 1.50 s
[###########                             ] | 27% Completed | 1.01 s[############                            ] | 31% Completed | 1.11 s[#############                           ] | 34% Completed | 1.21 s[###############                         ] | 37% Completed | 1.31 s[################                        ] | 40% Completed | 1.41 s[#################                       ] | 44% Completed | 1.51 s[##################                      ] | 47% Completed | 1.61 s[####################                    ] | 50% Completed | 1.71 s[#####################                   ] | 53% Completed | 1.81 s[######################                  ] | 57% Completed | 1.91 s[########################                ] | 60% Completed | 2.01 s[#########################               ] | 63% Completed | 2.11 s[##########################              ] | 66% Completed | 2.21 s[############################            ] | 70% Completed | 2.31 s[#############################           ] | 73% Completed | 2.41 s[##############################          ] | 77% Completed | 2.51 s[########################################] | 100% Completed | 2.66 s
[#########                               ] | 23% Completed | 1.05 s[##########                              ] | 26% Completed | 1.15 s[###########                             ] | 29% Completed | 1.25 s[#############                           ] | 33% Completed | 1.35 s[##############                          ] | 36% Completed | 1.45 s[###############                         ] | 39% Completed | 1.55 s[################                        ] | 42% Completed | 1.65 s[##################                      ] | 45% Completed | 1.75 s[###################                     ] | 48% Completed | 1.85 s[####################                    ] | 52% Completed | 1.95 s[######################                  ] | 55% Completed | 2.05 s[#######################                 ] | 58% Completed | 2.15 s[########################                ] | 61% Completed | 2.25 s[#########################               ] | 64% Completed | 2.35 s[###########################             ] | 67% Completed | 2.45 s[############################            ] | 70% Completed | 2.55 s[#############################           ] | 73% Completed | 2.65 s[##############################          ] | 76% Completed | 2.75 s[###############################         ] | 79% Completed | 2.85 s[################################        ] | 82% Completed | 2.95 s[#####################################   ] | 94% Completed | 3.05 s[########################################] | 100% Completed | 3.15 s
[38;5;23m2026-04-02 19:14:20[39m | [38;5;23mINFO[39m | Aggregating dataset for DMR calling (this may take multiple steps)...[39m
[38;5;23m2026-04-02 19:14:20[39m | [38;5;23mINFO[39m | Adding Ranges_ID column to validate merging.[39m
[#######################                 ] | 58% Completed | 1.00 s[#########################               ] | 64% Completed | 1.10 s[############################            ] | 70% Completed | 1.20 s[##############################          ] | 75% Completed | 1.30 s[################################        ] | 81% Completed | 1.40 s[###################################     ] | 88% Completed | 1.50 s[#####################################   ] | 94% Completed | 1.60 s[####################################### ] | 99% Completed | 1.70 s[########################################] | 100% Completed | 1.80 s
[#######################                 ] | 57% Completed | 1.00 s[#########################               ] | 64% Completed | 1.10 s[############################            ] | 70% Completed | 1.20 s[##############################          ] | 75% Completed | 1.30 s[################################        ] | 81% Completed | 1.40 s[###################################     ] | 88% Completed | 1.50 s[#####################################   ] | 94% Completed | 1.60 s[####################################### ] | 99% Completed | 1.70 s[########################################] | 100% Completed | 1.80 s
[38;5;23m2026-04-02 19:14:33[39m | [38;5;23mINFO[39m | Recoding given covariates from ['sex', 'batch'] to: ['batch', 'sex_male'] to handle categorical variables.[39m
[38;5;23m2026-04-02 19:14:33[39m | [38;5;23mINFO[39m | Performing DMR calling (control vs mutant)[39m
[########                                ] | 20% Completed | 1.00 s[########                                ] | 20% Completed | 1.10 s[########                                ] | 20% Completed | 1.20 s[########                                ] | 20% Completed | 1.30 s[########                                ] | 20% Completed | 1.40 s[########                                ] | 20% Completed | 1.50 s[########                                ] | 20% Completed | 1.60 s[########                                ] | 20% Completed | 1.70 s[########                                ] | 20% Completed | 1.80 s[########                                ] | 20% Completed | 1.90 s[########                                ] | 20% Completed | 2.00 s[########                                ] | 20% Completed | 2.10 s[########                                ] | 20% Completed | 2.20 s[########                                ] | 20% Completed | 2.31 s[########                                ] | 20% Completed | 2.41 s[########                                ] | 20% Completed | 2.51 s[########                                ] | 20% Completed | 2.61 s[########                                ] | 20% Completed | 2.71 s[########                                ] | 20% Completed | 2.81 s[########                                ] | 20% Completed | 2.91 s[########                                ] | 20% Completed | 3.01 s[########                                ] | 20% Completed | 3.11 s[########                                ] | 20% Completed | 3.21 s[########                                ] | 20% Completed | 3.31 s[########                                ] | 20% Completed | 3.41 s[########                                ] | 20% Completed | 3.51 s[########                                ] | 20% Completed | 3.61 s[########                                ] | 20% Completed | 3.71 s[########                                ] | 20% Completed | 3.81 s[########                                ] | 20% Completed | 3.91 s[########                                ] | 20% Completed | 4.01 s[########                                ] | 20% Completed | 4.11 s[########                                ] | 20% Completed | 4.21 s[########                                ] | 20% Completed | 4.31 s[########                                ] | 20% Completed | 4.41 s[########                                ] | 20% Completed | 4.51 s[########                                ] | 20% Completed | 4.61 s[########                                ] | 20% Completed | 4.71 s[########                                ] | 20% Completed | 4.81 s[########                                ] | 20% Completed | 4.91 s[########                                ] | 20% Completed | 5.01 s[########                                ] | 20% Completed | 5.11 s[########                                ] | 20% Completed | 5.21 s[########                                ] | 20% Completed | 5.31 s[########                                ] | 20% Completed | 5.41 s[########                                ] | 20% Completed | 5.51 s[########                                ] | 20% Completed | 5.61 s[########                                ] | 20% Completed | 5.71 s[########                                ] | 20% Completed | 5.81 s[########                                ] | 20% Completed | 5.91 s[########                                ] | 20% Completed | 6.01 s[########                                ] | 20% Completed | 6.11 s[########                                ] | 20% Completed | 6.21 s[########                                ] | 20% Completed | 6.31 s[########                                ] | 20% Completed | 6.41 s[########                                ] | 20% Completed | 6.51 s[########                                ] | 20% Completed | 6.61 s[########                                ] | 20% Completed | 6.71 s[########                                ] | 20% Completed | 6.81 s[########                                ] | 20% Completed | 6.92 s[########                                ] | 20% Completed | 7.02 s[########                                ] | 20% Completed | 7.12 s[########                                ] | 20% Completed | 7.22 s[########                                ] | 20% Completed | 7.32 s[########                                ] | 20% Completed | 7.42 s[########                                ] | 20% Completed | 7.52 s[########                                ] | 20% Completed | 7.62 s[########                                ] | 20% Completed | 7.72 s[########                                ] | 20% Completed | 7.82 s[########                                ] | 20% Completed | 7.92 s[########                                ] | 20% Completed | 8.02 s[########                                ] | 20% Completed | 8.12 s[########                                ] | 20% Completed | 8.22 s[########                                ] | 20% Completed | 8.32 s[########                                ] | 20% Completed | 8.42 s[########                                ] | 20% Completed | 8.52 s[########                                ] | 20% Completed | 8.62 s[########                                ] | 20% Completed | 8.72 s[########                                ] | 20% Completed | 8.82 s[########                                ] | 20% Completed | 8.92 s[########                                ] | 20% Completed | 9.02 s[########                                ] | 20% Completed | 9.12 s[########                                ] | 20% Completed | 9.22 s[########                                ] | 20% Completed | 9.32 s[########                                ] | 20% Completed | 9.42 s[########                                ] | 20% Completed | 9.52 s[########                                ] | 20% Completed | 9.62 s[########                                ] | 20% Completed | 9.72 s[########                                ] | 20% Completed | 9.82 s[########                                ] | 20% Completed | 9.92 s[########                                ] | 20% Completed | 10.02 s[########                                ] | 20% Completed | 10.12 s[########                                ] | 20% Completed | 10.22 s[########                                ] | 20% Completed | 10.32 s[########                                ] | 20% Completed | 10.42 s[########                                ] | 20% Completed | 10.52 s[########                                ] | 20% Completed | 10.62 s[########                                ] | 20% Completed | 10.72 s[########                                ] | 20% Completed | 10.82 s[########                                ] | 20% Completed | 10.92 s[########                                ] | 20% Completed | 11.03 s[########                                ] | 20% Completed | 11.13 s[########                                ] | 20% Completed | 11.23 s[########                                ] | 20% Completed | 11.33 s[########                                ] | 20% Completed | 11.43 s[########                                ] | 20% Completed | 11.53 s[########                                ] | 20% Completed | 11.63 s[########                                ] | 20% Completed | 11.73 s[########                                ] | 20% Completed | 11.83 s[########                                ] | 20% Completed | 11.93 s[########                                ] | 20% Completed | 12.03 s[########                                ] | 20% Completed | 12.13 s[########                                ] | 20% Completed | 12.23 s[########                                ] | 20% Completed | 12.33 s[########                                ] | 20% Completed | 12.43 s[########                                ] | 20% Completed | 12.53 s[########                                ] | 20% Completed | 12.63 s[########                                ] | 20% Completed | 12.73 s[########                                ] | 20% Completed | 12.83 s[########                                ] | 20% Completed | 12.93 s[########                                ] | 20% Completed | 13.03 s[########                                ] | 20% Completed | 13.13 s[########                                ] | 20% Completed | 13.23 s[########                                ] | 20% Completed | 13.33 s[########                                ] | 20% Completed | 13.43 s[########                                ] | 20% Completed | 13.53 s[########                                ] | 20% Completed | 13.63 s[########                                ] | 20% Completed | 13.73 s[########                                ] | 20% Completed | 13.83 s[########                                ] | 20% Completed | 13.93 s[########                                ] | 20% Completed | 14.03 s[########                                ] | 20% Completed | 14.13 s[########                                ] | 20% Completed | 14.23 s[########                                ] | 20% Completed | 14.33 s[########                                ] | 20% Completed | 14.43 s[################                        ] | 40% Completed | 14.53 s[##################                      ] | 45% Completed | 14.63 s[##################                      ] | 45% Completed | 14.73 s[##################                      ] | 45% Completed | 14.83 s[##################                      ] | 45% Completed | 14.93 s[##################                      ] | 45% Completed | 15.03 s[##################                      ] | 45% Completed | 15.13 s[##################                      ] | 45% Completed | 15.23 s[##################                      ] | 45% Completed | 15.33 s[##################                      ] | 45% Completed | 15.43 s[##################                      ] | 45% Completed | 15.53 s[##################                      ] | 45% Completed | 15.64 s[##################                      ] | 45% Completed | 15.74 s[##################                      ] | 45% Completed | 15.84 s[##################                      ] | 45% Completed | 15.94 s[##################                      ] | 45% Completed | 16.04 s[##################                      ] | 45% Completed | 16.14 s[##################                      ] | 45% Completed | 16.24 s[##################                      ] | 45% Completed | 16.34 s[##################                      ] | 45% Completed | 16.44 s[##################                      ] | 45% Completed | 16.54 s[##################                      ] | 45% Completed | 16.64 s[##################                      ] | 45% Completed | 16.74 s[##################                      ] | 45% Completed | 16.84 s[##################                      ] | 45% Completed | 16.94 s[##################                      ] | 45% Completed | 17.04 s[##################                      ] | 45% Completed | 17.14 s[##################                      ] | 45% Completed | 17.24 s[##################                      ] | 45% Completed | 17.34 s[##################                      ] | 45% Completed | 17.44 s[##################                      ] | 45% Completed | 17.54 s[##################                      ] | 45% Completed | 17.64 s[##################                      ] | 45% Completed | 17.74 s[##################                      ] | 45% Completed | 17.84 s[##################                      ] | 45% Completed | 17.94 s[##################                      ] | 45% Completed | 18.04 s[##################                      ] | 45% Completed | 18.14 s[##################                      ] | 45% Completed | 18.24 s[##################                      ] | 45% Completed | 18.34 s[##################                      ] | 45% Completed | 18.44 s[##################                      ] | 45% Completed | 18.54 s[##################                      ] | 45% Completed | 18.64 s[##################                      ] | 45% Completed | 18.74 s[##################                      ] | 45% Completed | 18.84 s[##################                      ] | 45% Completed | 18.94 s[##################                      ] | 45% Completed | 19.04 s[##################                      ] | 45% Completed | 19.14 s[##################                      ] | 45% Completed | 19.24 s[##################                      ] | 45% Completed | 19.34 s[##################                      ] | 45% Completed | 19.44 s[##################                      ] | 45% Completed | 19.54 s[##################                      ] | 45% Completed | 19.64 s[##################                      ] | 45% Completed | 19.74 s[##################                      ] | 45% Completed | 19.85 s[##################                      ] | 45% Completed | 19.95 s[##################                      ] | 45% Completed | 20.05 s[##################                      ] | 45% Completed | 20.15 s[##################                      ] | 45% Completed | 20.25 s[##################                      ] | 45% Completed | 20.35 s[##################                      ] | 45% Completed | 20.45 s[##################                      ] | 45% Completed | 20.55 s[##################                      ] | 45% Completed | 20.65 s[##################                      ] | 45% Completed | 20.75 s[##################                      ] | 45% Completed | 20.85 s[##################                      ] | 45% Completed | 20.95 s[##################                      ] | 45% Completed | 21.05 s[##################                      ] | 45% Completed | 21.15 s[##################                      ] | 45% Completed | 21.25 s[##################                      ] | 45% Completed | 21.35 s[##################                      ] | 45% Completed | 21.45 s[##################                      ] | 45% Completed | 21.55 s[##################                      ] | 45% Completed | 21.65 s[##################                      ] | 45% Completed | 21.75 s[##################                      ] | 45% Completed | 21.85 s[##################                      ] | 45% Completed | 21.95 s[##################                      ] | 45% Completed | 22.05 s[##################                      ] | 45% Completed | 22.15 s[##################                      ] | 45% Completed | 22.25 s[##################                      ] | 45% Completed | 22.35 s[##################                      ] | 45% Completed | 22.45 s[##################                      ] | 45% Completed | 22.55 s[##################                      ] | 45% Completed | 22.65 s[##################                      ] | 45% Completed | 22.75 s[##################                      ] | 45% Completed | 22.85 s[##################                      ] | 45% Completed | 22.95 s[##################                      ] | 45% Completed | 23.05 s[##################                      ] | 45% Completed | 23.15 s[##################                      ] | 45% Completed | 23.25 s[##################                      ] | 45% Completed | 23.35 s[##################                      ] | 45% Completed | 23.45 s[##################                      ] | 45% Completed | 23.56 s[##################                      ] | 45% Completed | 23.66 s[##################                      ] | 45% Completed | 23.76 s[##################                      ] | 45% Completed | 23.86 s[##################                      ] | 45% Completed | 23.96 s[##################                      ] | 45% Completed | 24.06 s[##################                      ] | 45% Completed | 24.16 s[##################                      ] | 45% Completed | 24.26 s[##################                      ] | 45% Completed | 24.36 s[##################                      ] | 45% Completed | 24.46 s[##################                      ] | 45% Completed | 24.56 s[##################                      ] | 45% Completed | 24.66 s[##################                      ] | 45% Completed | 24.76 s[##################                      ] | 45% Completed | 24.86 s[##################                      ] | 45% Completed | 24.96 s[##################                      ] | 45% Completed | 25.06 s[##################                      ] | 45% Completed | 25.16 s[##################                      ] | 45% Completed | 25.26 s[##################                      ] | 45% Completed | 25.36 s[##################                      ] | 45% Completed | 25.46 s[##################                      ] | 45% Completed | 25.56 s[##################                      ] | 45% Completed | 25.66 s[##################                      ] | 45% Completed | 25.76 s[##################                      ] | 45% Completed | 25.86 s[##################                      ] | 45% Completed | 25.96 s[##################                      ] | 45% Completed | 26.06 s[##################                      ] | 45% Completed | 26.16 s[##################                      ] | 45% Completed | 26.26 s[##################                      ] | 45% Completed | 26.36 s[##################                      ] | 45% Completed | 26.46 s[##################                      ] | 45% Completed | 26.56 s[##################                      ] | 45% Completed | 26.66 s[##################                      ] | 45% Completed | 26.76 s[##################                      ] | 45% Completed | 26.86 s[##################                      ] | 45% Completed | 26.96 s[##################                      ] | 45% Completed | 27.06 s[##################                      ] | 45% Completed | 27.16 s[##################                      ] | 45% Completed | 27.26 s[##################                      ] | 45% Completed | 27.36 s[##################                      ] | 45% Completed | 27.46 s[##################                      ] | 45% Completed | 27.56 s[##################                      ] | 45% Completed | 27.66 s[##################                      ] | 45% Completed | 27.76 s[##################                      ] | 45% Completed | 27.86 s[##################                      ] | 45% Completed | 27.96 s[##################                      ] | 45% Completed | 28.06 s[##################                      ] | 45% Completed | 28.16 s[##################                      ] | 45% Completed | 28.27 s[##################                      ] | 45% Completed | 28.37 s[##################                      ] | 45% Completed | 28.47 s[##################                      ] | 45% Completed | 28.57 s[##################                      ] | 45% Completed | 28.67 s[##################                      ] | 45% Completed | 28.77 s[##################                      ] | 45% Completed | 28.87 s[############################            ] | 70% Completed | 28.97 s[############################            ] | 70% Completed | 29.07 s[############################            ] | 70% Completed | 29.17 s[############################            ] | 70% Completed | 29.27 s[############################            ] | 70% Completed | 29.37 s[############################            ] | 70% Completed | 29.47 s[############################            ] | 70% Completed | 29.57 s[############################            ] | 70% Completed | 29.67 s[############################            ] | 70% Completed | 29.77 s[############################            ] | 70% Completed | 29.87 s[############################            ] | 70% Completed | 29.97 s[############################            ] | 70% Completed | 30.07 s[############################            ] | 70% Completed | 30.17 s[############################            ] | 70% Completed | 30.27 s[############################            ] | 70% Completed | 30.37 s[############################            ] | 70% Completed | 30.47 s[############################            ] | 70% Completed | 30.57 s[############################            ] | 70% Completed | 30.67 s[############################            ] | 70% Completed | 30.77 s[############################            ] | 70% Completed | 30.87 s[############################            ] | 70% Completed | 30.97 s[############################            ] | 70% Completed | 31.07 s[############################            ] | 70% Completed | 31.17 s[############################            ] | 70% Completed | 31.27 s[############################            ] | 70% Completed | 31.37 s[############################            ] | 70% Completed | 31.47 s[############################            ] | 70% Completed | 31.57 s[############################            ] | 70% Completed | 31.67 s[############################            ] | 70% Completed | 31.77 s[############################            ] | 70% Completed | 31.87 s[############################            ] | 70% Completed | 31.97 s[############################            ] | 70% Completed | 32.07 s[############################            ] | 70% Completed | 32.17 s[############################            ] | 70% Completed | 32.27 s[############################            ] | 70% Completed | 32.37 s[############################            ] | 70% Completed | 32.47 s[############################            ] | 70% Completed | 32.58 s[############################            ] | 70% Completed | 32.68 s[############################            ] | 70% Completed | 32.78 s[############################            ] | 70% Completed | 32.88 s[############################            ] | 70% Completed | 32.98 s[############################            ] | 70% Completed | 33.08 s[############################            ] | 70% Completed | 33.18 s[############################            ] | 70% Completed | 33.28 s[############################            ] | 70% Completed | 33.38 s[############################            ] | 70% Completed | 33.48 s[############################            ] | 70% Completed | 33.58 s[############################            ] | 70% Completed | 33.68 s[############################            ] | 70% Completed | 33.78 s[############################            ] | 70% Completed | 33.88 s[############################            ] | 70% Completed | 33.98 s[############################            ] | 70% Completed | 34.08 s[############################            ] | 70% Completed | 34.18 s[############################            ] | 70% Completed | 34.28 s[############################            ] | 70% Completed | 34.38 s[############################            ] | 70% Completed | 34.48 s[############################            ] | 70% Completed | 34.58 s[############################            ] | 70% Completed | 34.68 s[############################            ] | 70% Completed | 34.78 s[############################            ] | 70% Completed | 34.88 s[############################            ] | 70% Completed | 34.98 s[############################            ] | 70% Completed | 35.08 s[############################            ] | 70% Completed | 35.18 s[############################            ] | 70% Completed | 35.28 s[############################            ] | 70% Completed | 35.38 s[############################            ] | 70% Completed | 35.48 s[############################            ] | 70% Completed | 35.58 s[############################            ] | 70% Completed | 35.68 s[############################            ] | 70% Completed | 35.78 s[############################            ] | 70% Completed | 35.88 s[############################            ] | 70% Completed | 35.98 s[############################            ] | 70% Completed | 36.09 s[############################            ] | 70% Completed | 36.19 s[############################            ] | 70% Completed | 36.29 s[############################            ] | 70% Completed | 36.39 s[############################            ] | 70% Completed | 36.49 s[############################            ] | 70% Completed | 36.59 s[############################            ] | 70% Completed | 36.69 s[############################            ] | 70% Completed | 36.79 s[############################            ] | 70% Completed | 36.89 s[############################            ] | 70% Completed | 36.99 s[############################            ] | 70% Completed | 37.09 s[############################            ] | 70% Completed | 37.19 s[############################            ] | 70% Completed | 37.29 s[############################            ] | 70% Completed | 37.39 s[############################            ] | 70% Completed | 37.49 s[############################            ] | 70% Completed | 37.59 s[############################            ] | 70% Completed | 37.69 s[############################            ] | 70% Completed | 37.79 s[############################            ] | 70% Completed | 37.89 s[############################            ] | 70% Completed | 37.99 s[############################            ] | 70% Completed | 38.09 s[############################            ] | 70% Completed | 38.19 s[############################            ] | 70% Completed | 38.29 s[############################            ] | 70% Completed | 38.39 s[############################            ] | 70% Completed | 38.49 s[############################            ] | 70% Completed | 38.59 s[############################            ] | 70% Completed | 38.69 s[############################            ] | 70% Completed | 38.79 s[############################            ] | 70% Completed | 38.89 s[############################            ] | 70% Completed | 38.99 s[############################            ] | 70% Completed | 39.09 s[############################            ] | 70% Completed | 39.19 s[############################            ] | 70% Completed | 39.29 s[############################            ] | 70% Completed | 39.39 s[############################            ] | 70% Completed | 39.49 s[############################            ] | 70% Completed | 39.59 s[############################            ] | 70% Completed | 39.69 s[############################            ] | 70% Completed | 39.79 s[############################            ] | 70% Completed | 39.89 s[############################            ] | 70% Completed | 39.99 s[############################            ] | 70% Completed | 40.09 s[############################            ] | 70% Completed | 40.19 s[############################            ] | 70% Completed | 40.29 s[############################            ] | 70% Completed | 40.39 s[############################            ] | 70% Completed | 40.50 s[############################            ] | 70% Completed | 40.60 s[############################            ] | 70% Completed | 40.70 s[############################            ] | 70% Completed | 40.80 s[############################            ] | 70% Completed | 40.90 s[############################            ] | 70% Completed | 41.00 s[############################            ] | 70% Completed | 41.10 s[############################            ] | 70% Completed | 41.20 s[############################            ] | 70% Completed | 41.30 s[############################            ] | 70% Completed | 41.40 s[############################            ] | 70% Completed | 41.50 s[############################            ] | 70% Completed | 41.60 s[############################            ] | 70% Completed | 41.70 s[############################            ] | 70% Completed | 41.80 s[############################            ] | 70% Completed | 41.90 s[############################            ] | 70% Completed | 42.00 s[############################            ] | 70% Completed | 42.10 s[############################            ] | 70% Completed | 42.20 s[############################            ] | 70% Completed | 42.30 s[############################            ] | 70% Completed | 42.40 s[############################            ] | 70% Completed | 42.50 s[############################            ] | 70% Completed | 42.60 s[############################            ] | 70% Completed | 42.70 s[############################            ] | 70% Completed | 42.80 s[############################            ] | 70% Completed | 42.90 s[############################            ] | 70% Completed | 43.00 s[############################            ] | 70% Completed | 43.10 s[############################            ] | 70% Completed | 43.20 s[############################            ] | 70% Completed | 43.30 s[######################################  ] | 95% Completed | 43.40 s[######################################  ] | 95% Completed | 43.50 s[######################################  ] | 95% Completed | 43.60 s[######################################  ] | 95% Completed | 43.70 s[######################################  ] | 95% Completed | 43.80 s[######################################  ] | 95% Completed | 43.90 s[######################################  ] | 95% Completed | 44.00 s[######################################  ] | 95% Completed | 44.10 s[######################################  ] | 95% Completed | 44.20 s[######################################  ] | 95% Completed | 44.30 s[######################################  ] | 95% Completed | 44.40 s[######################################  ] | 95% Completed | 44.50 s[######################################  ] | 95% Completed | 44.60 s[######################################  ] | 95% Completed | 44.70 s[######################################  ] | 95% Completed | 44.80 s[######################################  ] | 95% Completed | 44.91 s[######################################  ] | 95% Completed | 45.01 s[######################################  ] | 95% Completed | 45.11 s[######################################  ] | 95% Completed | 45.21 s[######################################  ] | 95% Completed | 45.31 s[######################################  ] | 95% Completed | 45.41 s[######################################  ] | 95% Completed | 45.51 s[######################################  ] | 95% Completed | 45.61 s[######################################  ] | 95% Completed | 45.71 s[######################################  ] | 95% Completed | 45.81 s[######################################  ] | 95% Completed | 45.91 s[######################################  ] | 95% Completed | 46.01 s[######################################  ] | 95% Completed | 46.11 s[######################################  ] | 95% Completed | 46.21 s[######################################  ] | 95% Completed | 46.31 s[######################################  ] | 95% Completed | 46.41 s[######################################  ] | 95% Completed | 46.51 s[######################################  ] | 95% Completed | 46.61 s[######################################  ] | 95% Completed | 46.71 s[######################################  ] | 95% Completed | 46.81 s[######################################  ] | 95% Completed | 46.91 s[######################################  ] | 95% Completed | 47.01 s[######################################  ] | 95% Completed | 47.11 s[######################################  ] | 95% Completed | 47.21 s[######################################  ] | 95% Completed | 47.31 s[######################################  ] | 95% Completed | 47.41 s[######################################  ] | 95% Completed | 47.51 s[######################################  ] | 95% Completed | 47.61 s[######################################  ] | 95% Completed | 47.71 s[######################################  ] | 95% Completed | 47.81 s[######################################  ] | 95% Completed | 47.91 s[######################################  ] | 95% Completed | 48.01 s[######################################  ] | 95% Completed | 48.11 s[######################################  ] | 95% Completed | 48.21 s[######################################  ] | 95% Completed | 48.31 s[######################################  ] | 95% Completed | 48.41 s[######################################  ] | 95% Completed | 48.51 s[######################################  ] | 95% Completed | 48.61 s[######################################  ] | 95% Completed | 48.71 s[######################################  ] | 95% Completed | 48.81 s[######################################  ] | 95% Completed | 48.91 s[######################################  ] | 95% Completed | 49.02 s[######################################  ] | 95% Completed | 49.12 s[######################################  ] | 95% Completed | 49.22 s[######################################  ] | 95% Completed | 49.32 s[######################################  ] | 95% Completed | 49.42 s[######################################  ] | 95% Completed | 49.52 s[######################################  ] | 95% Completed | 49.62 s[######################################  ] | 95% Completed | 49.72 s[######################################  ] | 95% Completed | 49.82 s[######################################  ] | 95% Completed | 49.92 s[######################################  ] | 95% Completed | 50.02 s[######################################  ] | 95% Completed | 50.12 s[######################################  ] | 95% Completed | 50.22 s[######################################  ] | 95% Completed | 50.32 s[######################################  ] | 95% Completed | 50.42 s[######################################  ] | 95% Completed | 50.52 s[######################################  ] | 95% Completed | 50.62 s[######################################  ] | 95% Completed | 50.72 s[######################################  ] | 95% Completed | 50.82 s[######################################  ] | 95% Completed | 50.92 s[######################################  ] | 95% Completed | 51.02 s[######################################  ] | 95% Completed | 51.12 s[######################################  ] | 95% Completed | 51.22 s[######################################  ] | 95% Completed | 51.32 s[######################################  ] | 95% Completed | 51.42 s[######################################  ] | 95% Completed | 51.52 s[######################################  ] | 95% Completed | 51.62 s[######################################  ] | 95% Completed | 51.72 s[######################################  ] | 95% Completed | 51.82 s[######################################  ] | 95% Completed | 51.92 s[######################################  ] | 95% Completed | 52.02 s[######################################  ] | 95% Completed | 52.12 s[######################################  ] | 95% Completed | 52.22 s[######################################  ] | 95% Completed | 52.32 s[######################################  ] | 95% Completed | 52.42 s[######################################  ] | 95% Completed | 52.52 s[######################################  ] | 95% Completed | 52.62 s[######################################  ] | 95% Completed | 52.72 s[######################################  ] | 95% Completed | 52.82 s[######################################  ] | 95% Completed | 52.92 s[######################################  ] | 95% Completed | 53.02 s[######################################  ] | 95% Completed | 53.12 s[######################################  ] | 95% Completed | 53.23 s[######################################  ] | 95% Completed | 53.33 s[######################################  ] | 95% Completed | 53.43 s[######################################  ] | 95% Completed | 53.53 s[######################################  ] | 95% Completed | 53.63 s[######################################  ] | 95% Completed | 53.73 s[######################################  ] | 95% Completed | 53.83 s[######################################  ] | 95% Completed | 53.93 s[######################################  ] | 95% Completed | 54.03 s[######################################  ] | 95% Completed | 54.13 s[######################################  ] | 95% Completed | 54.23 s[######################################  ] | 95% Completed | 54.33 s[######################################  ] | 95% Completed | 54.43 s[######################################  ] | 95% Completed | 54.53 s[######################################  ] | 95% Completed | 54.63 s[######################################  ] | 95% Completed | 54.73 s[######################################  ] | 95% Completed | 54.83 s[######################################  ] | 95% Completed | 54.93 s[######################################  ] | 95% Completed | 55.03 s[######################################  ] | 95% Completed | 55.13 s[######################################  ] | 95% Completed | 55.23 s[######################################  ] | 95% Completed | 55.33 s[######################################  ] | 95% Completed | 55.43 s[######################################  ] | 95% Completed | 55.53 s[######################################  ] | 95% Completed | 55.63 s[######################################  ] | 95% Completed | 55.73 s[######################################  ] | 95% Completed | 55.83 s[######################################  ] | 95% Completed | 55.93 s[######################################  ] | 95% Completed | 56.03 s[######################################  ] | 95% Completed | 56.13 s[######################################  ] | 95% Completed | 56.23 s[######################################  ] | 95% Completed | 56.33 s[######################################  ] | 95% Completed | 56.43 s[######################################  ] | 95% Completed | 56.53 s[######################################  ] | 95% Completed | 56.63 s[######################################  ] | 95% Completed | 56.73 s[######################################  ] | 95% Completed | 56.83 s[######################################  ] | 95% Completed | 56.93 s[######################################  ] | 95% Completed | 57.03 s[######################################  ] | 95% Completed | 57.13 s[######################################  ] | 95% Completed | 57.23 s[######################################  ] | 95% Completed | 57.33 s[######################################  ] | 95% Completed | 57.43 s[######################################  ] | 95% Completed | 57.53 s[######################################  ] | 95% Completed | 57.63 s[######################################  ] | 95% Completed | 57.74 s[########################################] | 100% Completed | 57.84 s
[38;5;23m2026-04-02 19:15:31[39m | [33mWARNING[39m | [33mExtra columns detected: Index(['Annotation'], dtype='object'). These will be retained but are not validated.[39m
[38;5;23m2026-04-02 19:15:31[39m | [38;5;23mINFO[39m | Writing DMRs to /expanse/lustre/projects/csd940/zalibhai/biomodal/modality/outputs_CG/Results/gencode.vM25.mouse.cpg_shores.annotation/DMR_20260402_191531/DMR_mc_control__mutant_20260402_191531.bed.
Columns are :
`Chromosome Start End Name Score Strand num_contexts mean_coverage_across_samples mean_mod_group_1mean_mod_group_2 mod_fold_change mod_difference test_statistic dmr_pvalue dmr_qvalue
Please note that:
 - Name, Score, Strand are not used and are set to `.` for compatibility with pyranges
[39m
[38;5;23m2026-04-02 19:15:31[39m | [38;5;23mINFO[39m | Aggregating dataset for DMR calling (this may take multiple steps)...[39m
[#######################                 ] | 58% Completed | 1.00 s[##########################              ] | 65% Completed | 1.10 s[############################            ] | 71% Completed | 1.20 s[##############################          ] | 76% Completed | 1.30 s[#################################       ] | 83% Completed | 1.40 s[####################################    ] | 90% Completed | 1.50 s[######################################  ] | 95% Completed | 1.60 s[########################################] | 100% Completed | 1.70 s
[###################                     ] | 47% Completed | 1.01 s[#####################                   ] | 54% Completed | 1.11 s[########################                ] | 60% Completed | 1.21 s[##########################              ] | 67% Completed | 1.31 s[############################            ] | 71% Completed | 1.41 s[###############################         ] | 78% Completed | 1.51 s[#################################       ] | 84% Completed | 1.61 s[####################################    ] | 90% Completed | 1.71 s[######################################  ] | 95% Completed | 1.81 s[########################################] | 100% Completed | 1.91 s
[38;5;23m2026-04-02 19:15:41[39m | [38;5;23mINFO[39m | Recoding given covariates from ['sex', 'batch'] to: ['batch', 'sex_male'] to handle categorical variables.[39m
[38;5;23m2026-04-02 19:15:41[39m | [38;5;23mINFO[39m | Performing DMR calling (control vs mutant)[39m
[########                                ] | 20% Completed | 1.00 s[########                                ] | 20% Completed | 1.10 s[########                                ] | 20% Completed | 1.20 s[########                                ] | 20% Completed | 1.30 s[########                                ] | 20% Completed | 1.40 s[########                                ] | 20% Completed | 1.50 s[########                                ] | 20% Completed | 1.60 s[########                                ] | 20% Completed | 1.70 s[########                                ] | 20% Completed | 1.80 s[########                                ] | 20% Completed | 1.90 s[########                                ] | 20% Completed | 2.00 s[########                                ] | 20% Completed | 2.10 s[########                                ] | 20% Completed | 2.20 s[########                                ] | 20% Completed | 2.30 s[########                                ] | 20% Completed | 2.40 s[########                                ] | 20% Completed | 2.50 s[########                                ] | 20% Completed | 2.60 s[########                                ] | 20% Completed | 2.70 s[########                                ] | 20% Completed | 2.80 s[########                                ] | 20% Completed | 2.90 s[########                                ] | 20% Completed | 3.00 s[########                                ] | 20% Completed | 3.10 s[########                                ] | 20% Completed | 3.20 s[########                                ] | 20% Completed | 3.30 s[########                                ] | 20% Completed | 3.40 s[########                                ] | 20% Completed | 3.50 s[########                                ] | 20% Completed | 3.60 s[########                                ] | 20% Completed | 3.70 s[########                                ] | 20% Completed | 3.80 s[########                                ] | 20% Completed | 3.90 s[########                                ] | 20% Completed | 4.00 s[########                                ] | 20% Completed | 4.10 s[########                                ] | 20% Completed | 4.20 s[########                                ] | 20% Completed | 4.30 s[########                                ] | 20% Completed | 4.40 s[########                                ] | 20% Completed | 4.50 s[########                                ] | 20% Completed | 4.60 s[########                                ] | 20% Completed | 4.70 s[########                                ] | 20% Completed | 4.81 s[########                                ] | 20% Completed | 4.91 s[########                                ] | 20% Completed | 5.01 s[########                                ] | 20% Completed | 5.11 s[########                                ] | 20% Completed | 5.21 s[########                                ] | 20% Completed | 5.31 s[########                                ] | 20% Completed | 5.41 s[########                                ] | 20% Completed | 5.51 s[########                                ] | 20% Completed | 5.61 s[########                                ] | 20% Completed | 5.71 s[########                                ] | 20% Completed | 5.81 s[########                                ] | 20% Completed | 5.91 s[########                                ] | 20% Completed | 6.01 s[########                                ] | 20% Completed | 6.11 s[########                                ] | 20% Completed | 6.21 s[########                                ] | 20% Completed | 6.31 s[########                                ] | 20% Completed | 6.41 s[########                                ] | 20% Completed | 6.51 s[########                                ] | 20% Completed | 6.61 s[########                                ] | 20% Completed | 6.71 s[########                                ] | 20% Completed | 6.81 s[########                                ] | 20% Completed | 6.91 s[########                                ] | 20% Completed | 7.01 s[########                                ] | 20% Completed | 7.11 s[########                                ] | 20% Completed | 7.21 s[########                                ] | 20% Completed | 7.31 s[########                                ] | 20% Completed | 7.41 s[########                                ] | 20% Completed | 7.51 s[########                                ] | 20% Completed | 7.61 s[########                                ] | 20% Completed | 7.71 s[########                                ] | 20% Completed | 7.81 s[########                                ] | 20% Completed | 7.91 s[########                                ] | 20% Completed | 8.01 s[########                                ] | 20% Completed | 8.11 s[########                                ] | 20% Completed | 8.21 s[########                                ] | 20% Completed | 8.31 s[########                                ] | 20% Completed | 8.41 s[########                                ] | 20% Completed | 8.51 s[########                                ] | 20% Completed | 8.61 s[########                                ] | 20% Completed | 8.71 s[########                                ] | 20% Completed | 8.81 s[########                                ] | 20% Completed | 8.91 s[########                                ] | 20% Completed | 9.01 s[########                                ] | 20% Completed | 9.11 s[########                                ] | 20% Completed | 9.21 s[########                                ] | 20% Completed | 9.31 s[########                                ] | 20% Completed | 9.41 s[########                                ] | 20% Completed | 9.51 s[########                                ] | 20% Completed | 9.61 s[########                                ] | 20% Completed | 9.71 s[########                                ] | 20% Completed | 9.81 s[########                                ] | 20% Completed | 9.91 s[########                                ] | 20% Completed | 10.01 s[########                                ] | 20% Completed | 10.11 s[########                                ] | 20% Completed | 10.21 s[########                                ] | 20% Completed | 10.31 s[########                                ] | 20% Completed | 10.41 s[########                                ] | 20% Completed | 10.51 s[########                                ] | 20% Completed | 10.61 s[########                                ] | 20% Completed | 10.71 s[########                                ] | 20% Completed | 10.81 s[########                                ] | 20% Completed | 10.91 s[########                                ] | 20% Completed | 11.01 s[########                                ] | 20% Completed | 11.11 s[########                                ] | 20% Completed | 11.21 s[########                                ] | 20% Completed | 11.31 s[########                                ] | 20% Completed | 11.41 s[########                                ] | 20% Completed | 11.51 s[########                                ] | 20% Completed | 11.61 s[########                                ] | 20% Completed | 11.71 s[########                                ] | 20% Completed | 11.81 s[########                                ] | 20% Completed | 11.91 s[########                                ] | 20% Completed | 12.01 s[########                                ] | 20% Completed | 12.11 s[########                                ] | 20% Completed | 12.21 s[########                                ] | 20% Completed | 12.31 s[########                                ] | 20% Completed | 12.41 s[########                                ] | 20% Completed | 12.51 s[########                                ] | 20% Completed | 12.61 s[########                                ] | 20% Completed | 12.71 s[########                                ] | 20% Completed | 12.81 s[########                                ] | 20% Completed | 12.91 s[########                                ] | 20% Completed | 13.01 s[########                                ] | 20% Completed | 13.11 s[########                                ] | 20% Completed | 13.21 s[########                                ] | 20% Completed | 13.31 s[########                                ] | 20% Completed | 13.41 s[########                                ] | 20% Completed | 13.51 s[########                                ] | 20% Completed | 13.61 s[########                                ] | 20% Completed | 13.71 s[########                                ] | 20% Completed | 13.81 s[########                                ] | 20% Completed | 13.91 s[########                                ] | 20% Completed | 14.02 s[########                                ] | 20% Completed | 14.12 s[########                                ] | 20% Completed | 14.22 s[########                                ] | 20% Completed | 14.32 s[########                                ] | 20% Completed | 14.42 s[########                                ] | 20% Completed | 14.52 s[########                                ] | 20% Completed | 14.62 s[########                                ] | 20% Completed | 14.72 s[########                                ] | 20% Completed | 14.82 s[##################                      ] | 45% Completed | 14.92 s[##################                      ] | 45% Completed | 15.02 s[##################                      ] | 45% Completed | 15.12 s[##################                      ] | 45% Completed | 15.22 s[##################                      ] | 45% Completed | 15.32 s[##################                      ] | 45% Completed | 15.42 s[##################                      ] | 45% Completed | 15.52 s[##################                      ] | 45% Completed | 15.62 s[##################                      ] | 45% Completed | 15.72 s[##################                      ] | 45% Completed | 15.82 s[##################                      ] | 45% Completed | 15.92 s[##################                      ] | 45% Completed | 16.02 s[##################                      ] | 45% Completed | 16.12 s[##################                      ] | 45% Completed | 16.22 s[##################                      ] | 45% Completed | 16.32 s[##################                      ] | 45% Completed | 16.42 s[##################                      ] | 45% Completed | 16.52 s[##################                      ] | 45% Completed | 16.62 s[##################                      ] | 45% Completed | 16.72 s[##################                      ] | 45% Completed | 16.82 s[##################                      ] | 45% Completed | 16.92 s[##################                      ] | 45% Completed | 17.02 s[##################                      ] | 45% Completed | 17.12 s[##################                      ] | 45% Completed | 17.22 s[##################                      ] | 45% Completed | 17.32 s[##################                      ] | 45% Completed | 17.42 s[##################                      ] | 45% Completed | 17.52 s[##################                      ] | 45% Completed | 17.62 s[##################                      ] | 45% Completed | 17.72 s[##################                      ] | 45% Completed | 17.82 s[##################                      ] | 45% Completed | 17.92 s[##################                      ] | 45% Completed | 18.02 s[##################                      ] | 45% Completed | 18.12 s[##################                      ] | 45% Completed | 18.22 s[##################                      ] | 45% Completed | 18.32 s[##################                      ] | 45% Completed | 18.42 s[##################                      ] | 45% Completed | 18.52 s[##################                      ] | 45% Completed | 18.62 s[##################                      ] | 45% Completed | 18.72 s[##################                      ] | 45% Completed | 18.82 s[##################                      ] | 45% Completed | 18.92 s[##################                      ] | 45% Completed | 19.02 s[##################                      ] | 45% Completed | 19.12 s[##################                      ] | 45% Completed | 19.22 s[##################                      ] | 45% Completed | 19.32 s[##################                      ] | 45% Completed | 19.42 s[##################                      ] | 45% Completed | 19.52 s[##################                      ] | 45% Completed | 19.62 s[##################                      ] | 45% Completed | 19.72 s[##################                      ] | 45% Completed | 19.82 s[##################                      ] | 45% Completed | 19.92 s[##################                      ] | 45% Completed | 20.02 s[##################                      ] | 45% Completed | 20.12 s[##################                      ] | 45% Completed | 20.22 s[##################                      ] | 45% Completed | 20.32 s[##################                      ] | 45% Completed | 20.42 s[##################                      ] | 45% Completed | 20.52 s[##################                      ] | 45% Completed | 20.62 s[##################                      ] | 45% Completed | 20.72 s[##################                      ] | 45% Completed | 20.82 s[##################                      ] | 45% Completed | 20.92 s[##################                      ] | 45% Completed | 21.02 s[##################                      ] | 45% Completed | 21.12 s[##################                      ] | 45% Completed | 21.22 s[##################                      ] | 45% Completed | 21.32 s[##################                      ] | 45% Completed | 21.42 s[##################                      ] | 45% Completed | 21.52 s[##################                      ] | 45% Completed | 21.62 s[##################                      ] | 45% Completed | 21.72 s[##################                      ] | 45% Completed | 21.82 s[##################                      ] | 45% Completed | 21.92 s[##################                      ] | 45% Completed | 22.02 s[##################                      ] | 45% Completed | 22.12 s[##################                      ] | 45% Completed | 22.22 s[##################                      ] | 45% Completed | 22.32 s[##################                      ] | 45% Completed | 22.42 s[##################                      ] | 45% Completed | 22.52 s[##################                      ] | 45% Completed | 22.62 s[##################                      ] | 45% Completed | 22.72 s[##################                      ] | 45% Completed | 22.82 s[##################                      ] | 45% Completed | 22.92 s[##################                      ] | 45% Completed | 23.02 s[##################                      ] | 45% Completed | 23.12 s[##################                      ] | 45% Completed | 23.22 s[##################                      ] | 45% Completed | 23.32 s[##################                      ] | 45% Completed | 23.43 s[##################                      ] | 45% Completed | 23.53 s[##################                      ] | 45% Completed | 23.63 s[##################                      ] | 45% Completed | 23.73 s[##################                      ] | 45% Completed | 23.83 s[##################                      ] | 45% Completed | 23.93 s[##################                      ] | 45% Completed | 24.03 s[##################                      ] | 45% Completed | 24.13 s[##################                      ] | 45% Completed | 24.23 s[##################                      ] | 45% Completed | 24.33 s[##################                      ] | 45% Completed | 24.43 s[##################                      ] | 45% Completed | 24.53 s[##################                      ] | 45% Completed | 24.63 s[##################                      ] | 45% Completed | 24.73 s[##################                      ] | 45% Completed | 24.83 s[##################                      ] | 45% Completed | 24.93 s[##################                      ] | 45% Completed | 25.03 s[##################                      ] | 45% Completed | 25.13 s[##################                      ] | 45% Completed | 25.23 s[##################                      ] | 45% Completed | 25.33 s[##################                      ] | 45% Completed | 25.43 s[##################                      ] | 45% Completed | 25.53 s[##################                      ] | 45% Completed | 25.63 s[##################                      ] | 45% Completed | 25.73 s[##################                      ] | 45% Completed | 25.83 s[##################                      ] | 45% Completed | 25.93 s[##################                      ] | 45% Completed | 26.03 s[##################                      ] | 45% Completed | 26.13 s[##################                      ] | 45% Completed | 26.23 s[##################                      ] | 45% Completed | 26.33 s[##################                      ] | 45% Completed | 26.43 s[##################                      ] | 45% Completed | 26.53 s[##################                      ] | 45% Completed | 26.63 s[##################                      ] | 45% Completed | 26.73 s[##################                      ] | 45% Completed | 26.83 s[##################                      ] | 45% Completed | 26.93 s[##################                      ] | 45% Completed | 27.03 s[##################                      ] | 45% Completed | 27.13 s[##################                      ] | 45% Completed | 27.23 s[##################                      ] | 45% Completed | 27.33 s[##################                      ] | 45% Completed | 27.43 s[##################                      ] | 45% Completed | 27.53 s[##################                      ] | 45% Completed | 27.63 s[##################                      ] | 45% Completed | 27.73 s[##################                      ] | 45% Completed | 27.83 s[##################                      ] | 45% Completed | 27.93 s[##################                      ] | 45% Completed | 28.03 s[##################                      ] | 45% Completed | 28.13 s[##################                      ] | 45% Completed | 28.23 s[##################                      ] | 45% Completed | 28.33 s[##################                      ] | 45% Completed | 28.43 s[##################                      ] | 45% Completed | 28.53 s[##################                      ] | 45% Completed | 28.63 s[##################                      ] | 45% Completed | 28.73 s[##################                      ] | 45% Completed | 28.83 s[##################                      ] | 45% Completed | 28.93 s[##################                      ] | 45% Completed | 29.03 s[##################                      ] | 45% Completed | 29.13 s[##################                      ] | 45% Completed | 29.23 s[##################                      ] | 45% Completed | 29.33 s[############################            ] | 70% Completed | 29.43 s[############################            ] | 70% Completed | 29.53 s[############################            ] | 70% Completed | 29.63 s[############################            ] | 70% Completed | 29.73 s[############################            ] | 70% Completed | 29.83 s[############################            ] | 70% Completed | 29.93 s[############################            ] | 70% Completed | 30.03 s[############################            ] | 70% Completed | 30.13 s[############################            ] | 70% Completed | 30.23 s[############################            ] | 70% Completed | 30.33 s[############################            ] | 70% Completed | 30.43 s[############################            ] | 70% Completed | 30.53 s[############################            ] | 70% Completed | 30.63 s[############################            ] | 70% Completed | 30.73 s[############################            ] | 70% Completed | 30.83 s[############################            ] | 70% Completed | 30.93 s[############################            ] | 70% Completed | 31.04 s[############################            ] | 70% Completed | 31.14 s[############################            ] | 70% Completed | 31.24 s[############################            ] | 70% Completed | 31.34 s[############################            ] | 70% Completed | 31.44 s[############################            ] | 70% Completed | 31.54 s[############################            ] | 70% Completed | 31.64 s[############################            ] | 70% Completed | 31.74 s[############################            ] | 70% Completed | 31.84 s[############################            ] | 70% Completed | 31.94 s[############################            ] | 70% Completed | 32.04 s[############################            ] | 70% Completed | 32.14 s[############################            ] | 70% Completed | 32.24 s[############################            ] | 70% Completed | 32.34 s[############################            ] | 70% Completed | 32.44 s[############################            ] | 70% Completed | 32.54 s[############################            ] | 70% Completed | 32.64 s[############################            ] | 70% Completed | 32.74 s[############################            ] | 70% Completed | 32.84 s[############################            ] | 70% Completed | 32.94 s[############################            ] | 70% Completed | 33.04 s[############################            ] | 70% Completed | 33.14 s[############################            ] | 70% Completed | 33.24 s[############################            ] | 70% Completed | 33.34 s[############################            ] | 70% Completed | 33.44 s[############################            ] | 70% Completed | 33.54 s[############################            ] | 70% Completed | 33.64 s[############################            ] | 70% Completed | 33.74 s[############################            ] | 70% Completed | 33.84 s[############################            ] | 70% Completed | 33.94 s[############################            ] | 70% Completed | 34.04 s[############################            ] | 70% Completed | 34.14 s[############################            ] | 70% Completed | 34.24 s[############################            ] | 70% Completed | 34.34 s[############################            ] | 70% Completed | 34.44 s[############################            ] | 70% Completed | 34.54 s[############################            ] | 70% Completed | 34.64 s[############################            ] | 70% Completed | 34.74 s[############################            ] | 70% Completed | 34.84 s[############################            ] | 70% Completed | 34.94 s[############################            ] | 70% Completed | 35.04 s[############################            ] | 70% Completed | 35.14 s[############################            ] | 70% Completed | 35.24 s[############################            ] | 70% Completed | 35.34 s[############################            ] | 70% Completed | 35.44 s[############################            ] | 70% Completed | 35.54 s[############################            ] | 70% Completed | 35.64 s[############################            ] | 70% Completed | 35.74 s[############################            ] | 70% Completed | 35.84 s[############################            ] | 70% Completed | 35.94 s[############################            ] | 70% Completed | 36.05 s[############################            ] | 70% Completed | 36.15 s[############################            ] | 70% Completed | 36.25 s[############################            ] | 70% Completed | 36.35 s[############################            ] | 70% Completed | 36.45 s[############################            ] | 70% Completed | 36.55 s[############################            ] | 70% Completed | 36.65 s[############################            ] | 70% Completed | 36.75 s[############################            ] | 70% Completed | 36.85 s[############################            ] | 70% Completed | 36.95 s[############################            ] | 70% Completed | 37.05 s[############################            ] | 70% Completed | 37.15 s[############################            ] | 70% Completed | 37.25 s[############################            ] | 70% Completed | 37.35 s[############################            ] | 70% Completed | 37.45 s[############################            ] | 70% Completed | 37.55 s[############################            ] | 70% Completed | 37.65 s[############################            ] | 70% Completed | 37.75 s[############################            ] | 70% Completed | 37.85 s[############################            ] | 70% Completed | 37.95 s[############################            ] | 70% Completed | 38.05 s[############################            ] | 70% Completed | 38.15 s[############################            ] | 70% Completed | 38.25 s[############################            ] | 70% Completed | 38.35 s[############################            ] | 70% Completed | 38.45 s[############################            ] | 70% Completed | 38.55 s[############################            ] | 70% Completed | 38.65 s[############################            ] | 70% Completed | 38.75 s[############################            ] | 70% Completed | 38.85 s[############################            ] | 70% Completed | 38.95 s[############################            ] | 70% Completed | 39.05 s[############################            ] | 70% Completed | 39.15 s[############################            ] | 70% Completed | 39.25 s[############################            ] | 70% Completed | 39.35 s[############################            ] | 70% Completed | 39.45 s[############################            ] | 70% Completed | 39.55 s[############################            ] | 70% Completed | 39.65 s[############################            ] | 70% Completed | 39.75 s[############################            ] | 70% Completed | 39.85 s[############################            ] | 70% Completed | 39.95 s[############################            ] | 70% Completed | 40.05 s[############################            ] | 70% Completed | 40.15 s[############################            ] | 70% Completed | 40.25 s[############################            ] | 70% Completed | 40.35 s[############################            ] | 70% Completed | 40.45 s[############################            ] | 70% Completed | 40.55 s[############################            ] | 70% Completed | 40.65 s[############################            ] | 70% Completed | 40.75 s[############################            ] | 70% Completed | 40.85 s[############################            ] | 70% Completed | 40.95 s[############################            ] | 70% Completed | 41.05 s[############################            ] | 70% Completed | 41.15 s[############################            ] | 70% Completed | 41.25 s[############################            ] | 70% Completed | 41.35 s[############################            ] | 70% Completed | 41.45 s[############################            ] | 70% Completed | 41.55 s[############################            ] | 70% Completed | 41.65 s[############################            ] | 70% Completed | 41.75 s[############################            ] | 70% Completed | 41.85 s[############################            ] | 70% Completed | 41.95 s[############################            ] | 70% Completed | 42.05 s[############################            ] | 70% Completed | 42.15 s[############################            ] | 70% Completed | 42.25 s[############################            ] | 70% Completed | 42.35 s[############################            ] | 70% Completed | 42.46 s[############################            ] | 70% Completed | 42.56 s[############################            ] | 70% Completed | 42.66 s[############################            ] | 70% Completed | 42.76 s[############################            ] | 70% Completed | 42.86 s[############################            ] | 70% Completed | 42.96 s[############################            ] | 70% Completed | 43.06 s[############################            ] | 70% Completed | 43.16 s[############################            ] | 70% Completed | 43.26 s[############################            ] | 70% Completed | 43.36 s[############################            ] | 70% Completed | 43.46 s[############################            ] | 70% Completed | 43.56 s[############################            ] | 70% Completed | 43.66 s[############################            ] | 70% Completed | 43.76 s[############################            ] | 70% Completed | 43.86 s[############################            ] | 70% Completed | 43.96 s[############################            ] | 70% Completed | 44.06 s[######################################  ] | 95% Completed | 44.16 s[######################################  ] | 95% Completed | 44.26 s[######################################  ] | 95% Completed | 44.36 s[######################################  ] | 95% Completed | 44.46 s[######################################  ] | 95% Completed | 44.56 s[######################################  ] | 95% Completed | 44.66 s[######################################  ] | 95% Completed | 44.76 s[######################################  ] | 95% Completed | 44.86 s[######################################  ] | 95% Completed | 44.96 s[######################################  ] | 95% Completed | 45.06 s[######################################  ] | 95% Completed | 45.16 s[######################################  ] | 95% Completed | 45.26 s[######################################  ] | 95% Completed | 45.36 s[######################################  ] | 95% Completed | 45.46 s[######################################  ] | 95% Completed | 45.56 s[######################################  ] | 95% Completed | 45.66 s[######################################  ] | 95% Completed | 45.76 s[######################################  ] | 95% Completed | 45.86 s[######################################  ] | 95% Completed | 45.96 s[######################################  ] | 95% Completed | 46.06 s[######################################  ] | 95% Completed | 46.16 s[######################################  ] | 95% Completed | 46.26 s[######################################  ] | 95% Completed | 46.36 s[######################################  ] | 95% Completed | 46.46 s[######################################  ] | 95% Completed | 46.56 s[######################################  ] | 95% Completed | 46.66 s[######################################  ] | 95% Completed | 46.76 s[######################################  ] | 95% Completed | 46.86 s[######################################  ] | 95% Completed | 46.96 s[######################################  ] | 95% Completed | 47.06 s[######################################  ] | 95% Completed | 47.16 s[######################################  ] | 95% Completed | 47.27 s[######################################  ] | 95% Completed | 47.37 s[######################################  ] | 95% Completed | 47.47 s[######################################  ] | 95% Completed | 47.57 s[######################################  ] | 95% Completed | 47.67 s[######################################  ] | 95% Completed | 47.77 s[######################################  ] | 95% Completed | 47.87 s[######################################  ] | 95% Completed | 47.97 s[######################################  ] | 95% Completed | 48.07 s[######################################  ] | 95% Completed | 48.17 s[######################################  ] | 95% Completed | 48.27 s[######################################  ] | 95% Completed | 48.37 s[######################################  ] | 95% Completed | 48.47 s[######################################  ] | 95% Completed | 48.57 s[######################################  ] | 95% Completed | 48.67 s[######################################  ] | 95% Completed | 48.77 s[######################################  ] | 95% Completed | 48.87 s[######################################  ] | 95% Completed | 48.97 s[######################################  ] | 95% Completed | 49.07 s[######################################  ] | 95% Completed | 49.17 s[######################################  ] | 95% Completed | 49.27 s[######################################  ] | 95% Completed | 49.37 s[######################################  ] | 95% Completed | 49.47 s[######################################  ] | 95% Completed | 49.57 s[######################################  ] | 95% Completed | 49.67 s[######################################  ] | 95% Completed | 49.77 s[######################################  ] | 95% Completed | 49.87 s[######################################  ] | 95% Completed | 49.97 s[######################################  ] | 95% Completed | 50.07 s[######################################  ] | 95% Completed | 50.17 s[######################################  ] | 95% Completed | 50.27 s[######################################  ] | 95% Completed | 50.37 s[######################################  ] | 95% Completed | 50.47 s[######################################  ] | 95% Completed | 50.57 s[######################################  ] | 95% Completed | 50.67 s[######################################  ] | 95% Completed | 50.77 s[######################################  ] | 95% Completed | 50.87 s[######################################  ] | 95% Completed | 50.97 s[######################################  ] | 95% Completed | 51.07 s[######################################  ] | 95% Completed | 51.17 s[######################################  ] | 95% Completed | 51.27 s[######################################  ] | 95% Completed | 51.37 s[######################################  ] | 95% Completed | 51.47 s[######################################  ] | 95% Completed | 51.57 s[######################################  ] | 95% Completed | 51.67 s[######################################  ] | 95% Completed | 51.77 s[######################################  ] | 95% Completed | 51.87 s[######################################  ] | 95% Completed | 51.97 s[######################################  ] | 95% Completed | 52.08 s[######################################  ] | 95% Completed | 52.18 s[######################################  ] | 95% Completed | 52.28 s[######################################  ] | 95% Completed | 52.38 s[######################################  ] | 95% Completed | 52.48 s[######################################  ] | 95% Completed | 52.58 s[######################################  ] | 95% Completed | 52.68 s[######################################  ] | 95% Completed | 52.78 s[######################################  ] | 95% Completed | 52.88 s[######################################  ] | 95% Completed | 52.98 s[######################################  ] | 95% Completed | 53.08 s[######################################  ] | 95% Completed | 53.18 s[######################################  ] | 95% Completed | 53.28 s[######################################  ] | 95% Completed | 53.38 s[######################################  ] | 95% Completed | 53.48 s[######################################  ] | 95% Completed | 53.58 s[######################################  ] | 95% Completed | 53.68 s[######################################  ] | 95% Completed | 53.78 s[######################################  ] | 95% Completed | 53.88 s[######################################  ] | 95% Completed | 53.98 s[######################################  ] | 95% Completed | 54.08 s[######################################  ] | 95% Completed | 54.18 s[######################################  ] | 95% Completed | 54.28 s[######################################  ] | 95% Completed | 54.38 s[######################################  ] | 95% Completed | 54.48 s[######################################  ] | 95% Completed | 54.58 s[######################################  ] | 95% Completed | 54.68 s[######################################  ] | 95% Completed | 54.78 s[######################################  ] | 95% Completed | 54.88 s[######################################  ] | 95% Completed | 54.98 s[######################################  ] | 95% Completed | 55.08 s[######################################  ] | 95% Completed | 55.18 s[######################################  ] | 95% Completed | 55.28 s[######################################  ] | 95% Completed | 55.38 s[######################################  ] | 95% Completed | 55.48 s[######################################  ] | 95% Completed | 55.58 s[######################################  ] | 95% Completed | 55.68 s[######################################  ] | 95% Completed | 55.78 s[######################################  ] | 95% Completed | 55.88 s[######################################  ] | 95% Completed | 55.98 s[######################################  ] | 95% Completed | 56.08 s[######################################  ] | 95% Completed | 56.18 s[######################################  ] | 95% Completed | 56.28 s[######################################  ] | 95% Completed | 56.38 s[######################################  ] | 95% Completed | 56.48 s[######################################  ] | 95% Completed | 56.58 s[######################################  ] | 95% Completed | 56.68 s[######################################  ] | 95% Completed | 56.78 s[######################################  ] | 95% Completed | 56.88 s[######################################  ] | 95% Completed | 56.98 s[######################################  ] | 95% Completed | 57.08 s[######################################  ] | 95% Completed | 57.18 s[######################################  ] | 95% Completed | 57.29 s[######################################  ] | 95% Completed | 57.39 s[######################################  ] | 95% Completed | 57.49 s[######################################  ] | 95% Completed | 57.59 s[######################################  ] | 95% Completed | 57.69 s[######################################  ] | 95% Completed | 57.79 s[######################################  ] | 95% Completed | 57.89 s[######################################  ] | 95% Completed | 57.99 s[######################################  ] | 95% Completed | 58.09 s[######################################  ] | 95% Completed | 58.19 s[######################################  ] | 95% Completed | 58.29 s[######################################  ] | 95% Completed | 58.39 s[######################################  ] | 95% Completed | 58.49 s[######################################  ] | 95% Completed | 58.59 s[######################################  ] | 95% Completed | 58.69 s[######################################  ] | 95% Completed | 58.79 s[########################################] | 100% Completed | 58.89 s
[38;5;23m2026-04-02 19:16:40[39m | [33mWARNING[39m | [33mExtra columns detected: Index(['Annotation'], dtype='object'). These will be retained but are not validated.[39m
[38;5;23m2026-04-02 19:16:40[39m | [38;5;23mINFO[39m | Writing DMRs to /expanse/lustre/projects/csd940/zalibhai/biomodal/modality/outputs_CG/Results/gencode.vM25.mouse.cpg_shores.annotation/DMR_20260402_191531/DMR_hmc_control__mutant_20260402_191531.bed.
Columns are :
`Chromosome Start End Name Score Strand num_contexts mean_coverage_across_samples mean_mod_group_1mean_mod_group_2 mod_fold_change mod_difference test_statistic dmr_pvalue dmr_qvalue
Please note that:
 - Name, Score, Strand are not used and are set to `.` for compatibility with pyranges
[39m
[38;5;23m2026-04-02 19:16:40[39m  [1m[38;5;154mDMR calling completed successfully! Outputs saved to: /expanse/lustre/projects/csd940/zalibhai/biomodal/modality/outputs_CG/Results/gencode.vM25.mouse.cpg_shores.annotation[39m
[38;5;23m2026-04-02 19:16:40[39m | [38;5;23mINFO[39m | DMR track configuration files saved successfully.[39m
[38;5;23m2026-04-02 19:16:40[39m  Wrote provenance sidecar file to /expanse/lustre/projects/csd940/zalibhai/biomodal/modality/outputs_CG/Results/gencode.vM25.mouse.cpg_shores.annotation/DMR_20260402_191531/modality_metadata_20260402_191640.json[39m
/expanse/lustre/projects/csd940/zalibhai/biomodal/modality/outputs_CG/Results/gencode.vM25.mouse.cpg_shores.annotation/DMR_20260402_191531/DMR_mc_control__mutant_20260402_191531.bed /expanse/lustre/projects/csd940/zalibhai/biomodal/modality/outputs_CG/Results/gencode.vM25.mouse.cpg_shores.annotation/DMR_20260402_191531/DMR_hmc_control__mutant_20260402_191531.bed
[INFO] 2026-04-02 19:16:41 - DMR calling completed for /expanse/lustre/projects/csd940/zalibhai/biomodal/modality/mm10/gencode.vM25.mouse.cpg_shores.annotation.bed.gz
[INFO] 2026-04-02 19:16:41 - Running DMR calling on region file: /expanse/lustre/projects/csd940/zalibhai/biomodal/modality/mm10/gencode.vM25.mouse.genes.annotation.bed.gz
Logged in using stored credentials
[38;5;23m2026-04-02 19:16:45[39m  [1m[38;5;123mProvenance information:[39m
[38;5;23m2026-04-02 19:16:45[39m  cmd='/home/zalibhai/miniforge3/envs/modality/bin/modality -v dmr call --zarr-path /expanse/lustre/projects/csd940/zalibhai/biomodal/evoC-run/output/duet-1.5.0_evoC_Bap1_run_6bp/sample_outputs/zarr_store/CG/evoC_Bap1_run.genome.GRCm38_primary_assembly.dedup.CG.zarrz --sample-sheet /expanse/lustre/projects/csd940/zalibhai/biomodal/modality/metadata.tsv --condition-array-name condition --methylation-contexts num_mc num_hmc --bedfile /expanse/lustre/projects/csd940/zalibhai/biomodal/modality/mm10/gencode.vM25.mouse.genes.annotation.bed.gz --covariates sex batch --filter-context-depth 10 --condition-order control mutant --output-dir /expanse/lustre/projects/csd940/zalibhai/biomodal/modality/outputs_CG/Results/gencode.vM25.mouse.genes.annotation'
timestamp=2026-04-02T19:16:45.233045
version=1.0.0
user=zalibhai

[39m
[38;5;23m2026-04-02 19:16:45[39m  [1m[38;5;123mStarting differential methylation analysis:[39m
[38;5;23m2026-04-02 19:16:45[39m  [38;5;248mZarr path(s)[39m: ['/expanse/lustre/projects/csd940/zalibhai/biomodal/evoC-run/output/duet-1.5.0_evoC_Bap1_run_6bp/sample_outputs/zarr_store/CG/evoC_Bap1_run.genome.GRCm38_primary_assembly.dedup.CG.zarrz'][39m
[38;5;23m2026-04-02 19:16:45[39m  [38;5;248mSample Sheet[39m: /expanse/lustre/projects/csd940/zalibhai/biomodal/modality/metadata.tsv[39m
[38;5;23m2026-04-02 19:16:45[39m  [38;5;248mCondition Array Name[39m: condition[39m
[38;5;23m2026-04-02 19:16:45[39m  [38;5;248mMethylation Contexts[39m: ['num_mc', 'num_hmc'][39m
[38;5;23m2026-04-02 19:16:45[39m  [38;5;248mBedfile[39m: /expanse/lustre/projects/csd940/zalibhai/biomodal/modality/mm10/gencode.vM25.mouse.genes.annotation.bed.gz[39m
[38;5;23m2026-04-02 19:16:45[39m  [38;5;248mCovariates[39m: ['sex', 'batch'][39m
[38;5;23m2026-04-02 19:16:45[39m  [38;5;248mMin Coverage[39m: 10[39m
[38;5;23m2026-04-02 19:16:45[39m  [38;5;248mCondition Order[39m: ['control', 'mutant'][39m
[38;5;23m2026-04-02 19:16:45[39m  [38;5;248mOutput Dir[39m: /expanse/lustre/projects/csd940/zalibhai/biomodal/modality/outputs_CG/Results/gencode.vM25.mouse.genes.annotation[39m
[38;5;23m2026-04-02 19:16:45[39m  [38;5;248mWindow Size[39m: None[39m
[38;5;23m2026-04-02 19:16:45[39m  [38;5;248mNum Contexts[39m: 0[39m
[38;5;23m2026-04-02 19:16:45[39m  [38;5;248mRegion[39m: None[39m
[38;5;23m2026-04-02 19:16:45[39m  [38;5;248mOverdispersion[39m: False[39m
[38;5;23m2026-04-02 19:16:45[39m  [38;5;248mStatistical Test[39m: wald[39m
[38;5;23m2026-04-02 19:16:45[39m  [38;5;248mDisable Strand Merging[39m: False[39m
[38;5;23m2026-04-02 19:16:45[39m  [38;5;248mCompress[39m: False[39m
[38;5;23m2026-04-02 19:16:45[39m | [38;5;23mINFO[39m | Loading Zarr dataset...[39m
[38;5;23m2026-04-02 19:16:47[39m | [38;5;23mINFO[39m | Merging CpG strands in the dataset.[39m
[38;5;23m2026-04-02 19:16:55[39m | [38;5;23mINFO[39m | Starting DMR calling process, this could take a few minutes...[39m
[38;5;23m2026-04-02 19:16:56[39m | [38;5;23mINFO[39m | Aligning sample sheet with dataset...[39m
[#############                           ] | 33% Completed | 1.07 s[###############                         ] | 38% Completed | 1.17 s[################                        ] | 42% Completed | 1.27 s[##################                      ] | 46% Completed | 1.37 s[####################                    ] | 50% Completed | 1.47 s[#####################                   ] | 54% Completed | 1.57 s[#######################                 ] | 59% Completed | 1.67 s[#########################               ] | 63% Completed | 1.77 s[##########################              ] | 67% Completed | 1.88 s[############################            ] | 71% Completed | 1.98 s[##############################          ] | 75% Completed | 2.08 s[###############################         ] | 79% Completed | 2.18 s[########################################] | 100% Completed | 2.28 s
[38;5;23m2026-04-02 19:16:58[39m | [38;5;23mINFO[39m | filtering low coverage contexts (this may take multiple steps)...[39m
[#####################################   ] | 93% Completed | 1.00 s[########################################] | 100% Completed | 1.10 s
[                                        ] | 0% Completed | 1.00 s[                                        ] | 0% Completed | 1.10 s[                                        ] | 0% Completed | 1.20 s[                                        ] | 0% Completed | 1.30 s[                                        ] | 0% Completed | 1.40 s[########################################] | 100% Completed | 1.50 s
[###########                             ] | 28% Completed | 1.01 s[############                            ] | 32% Completed | 1.11 s[##############                          ] | 35% Completed | 1.21 s[###############                         ] | 38% Completed | 1.31 s[################                        ] | 42% Completed | 1.41 s[##################                      ] | 45% Completed | 1.51 s[###################                     ] | 48% Completed | 1.61 s[####################                    ] | 52% Completed | 1.71 s[######################                  ] | 55% Completed | 1.81 s[#######################                 ] | 59% Completed | 1.91 s[########################                ] | 62% Completed | 2.01 s[##########################              ] | 65% Completed | 2.11 s[###########################             ] | 69% Completed | 2.21 s[#############################           ] | 72% Completed | 2.31 s[##############################          ] | 76% Completed | 2.41 s[###############################         ] | 79% Completed | 2.51 s[########################################] | 100% Completed | 2.61 s
[##########                              ] | 25% Completed | 1.05 s[###########                             ] | 28% Completed | 1.15 s[############                            ] | 32% Completed | 1.25 s[##############                          ] | 35% Completed | 1.35 s[###############                         ] | 38% Completed | 1.45 s[################                        ] | 41% Completed | 1.55 s[##################                      ] | 45% Completed | 1.65 s[###################                     ] | 48% Completed | 1.75 s[####################                    ] | 51% Completed | 1.85 s[######################                  ] | 55% Completed | 1.95 s[#######################                 ] | 58% Completed | 2.05 s[########################                ] | 61% Completed | 2.15 s[##########################              ] | 65% Completed | 2.25 s[###########################             ] | 68% Completed | 2.35 s[############################            ] | 71% Completed | 2.45 s[#############################           ] | 74% Completed | 2.55 s[##############################          ] | 77% Completed | 2.65 s[################################        ] | 80% Completed | 2.75 s[#################################       ] | 83% Completed | 2.85 s[####################################### ] | 98% Completed | 2.95 s[########################################] | 100% Completed | 3.05 s
[38;5;23m2026-04-02 19:17:30[39m | [38;5;23mINFO[39m | Aggregating dataset for DMR calling (this may take multiple steps)...[39m
[38;5;23m2026-04-02 19:17:30[39m | [38;5;23mINFO[39m | Adding Ranges_ID column to validate merging.[39m
[#######################                 ] | 58% Completed | 1.00 s[##########################              ] | 65% Completed | 1.10 s[############################            ] | 71% Completed | 1.20 s[##############################          ] | 75% Completed | 1.30 s[################################        ] | 82% Completed | 1.40 s[###################################     ] | 88% Completed | 1.50 s[#####################################   ] | 94% Completed | 1.60 s[####################################### ] | 99% Completed | 1.70 s[########################################] | 100% Completed | 1.80 s
[######################                  ] | 57% Completed | 1.00 s[#########################               ] | 64% Completed | 1.10 s[############################            ] | 70% Completed | 1.20 s[#############################           ] | 74% Completed | 1.30 s[################################        ] | 81% Completed | 1.40 s[##################################      ] | 87% Completed | 1.50 s[#####################################   ] | 93% Completed | 1.60 s[####################################### ] | 99% Completed | 1.70 s[########################################] | 100% Completed | 1.80 s
[38;5;23m2026-04-02 19:17:43[39m | [38;5;23mINFO[39m | Recoding given covariates from ['sex', 'batch'] to: ['batch', 'sex_male'] to handle categorical variables.[39m
[38;5;23m2026-04-02 19:17:43[39m | [38;5;23mINFO[39m | Performing DMR calling (control vs mutant)[39m
[################                        ] | 40% Completed | 1.00 s[################                        ] | 40% Completed | 1.10 s[################                        ] | 40% Completed | 1.20 s[################                        ] | 40% Completed | 1.30 s[################                        ] | 40% Completed | 1.40 s[################                        ] | 40% Completed | 1.50 s[################                        ] | 40% Completed | 1.60 s[################                        ] | 40% Completed | 1.70 s[################                        ] | 40% Completed | 1.80 s[################                        ] | 40% Completed | 1.90 s[################                        ] | 40% Completed | 2.00 s[################                        ] | 40% Completed | 2.10 s[################                        ] | 40% Completed | 2.20 s[################                        ] | 40% Completed | 2.30 s[################                        ] | 40% Completed | 2.40 s[################                        ] | 40% Completed | 2.50 s[################                        ] | 40% Completed | 2.60 s[################                        ] | 40% Completed | 2.70 s[################                        ] | 40% Completed | 2.80 s[################                        ] | 40% Completed | 2.90 s[################                        ] | 40% Completed | 3.01 s[################                        ] | 40% Completed | 3.11 s[################                        ] | 40% Completed | 3.21 s[################                        ] | 40% Completed | 3.31 s[################                        ] | 40% Completed | 3.41 s[################                        ] | 40% Completed | 3.51 s[################                        ] | 40% Completed | 3.61 s[################                        ] | 40% Completed | 3.71 s[################                        ] | 40% Completed | 3.81 s[################                        ] | 40% Completed | 3.91 s[################                        ] | 40% Completed | 4.01 s[################                        ] | 40% Completed | 4.11 s[################                        ] | 40% Completed | 4.21 s[################                        ] | 40% Completed | 4.31 s[################                        ] | 40% Completed | 4.41 s[################                        ] | 40% Completed | 4.51 s[################                        ] | 40% Completed | 4.61 s[################                        ] | 40% Completed | 4.71 s[################                        ] | 40% Completed | 4.81 s[################                        ] | 40% Completed | 4.91 s[################                        ] | 40% Completed | 5.01 s[################                        ] | 40% Completed | 5.11 s[################                        ] | 40% Completed | 5.21 s[################                        ] | 40% Completed | 5.31 s[################                        ] | 40% Completed | 5.41 s[################                        ] | 40% Completed | 5.51 s[################                        ] | 40% Completed | 5.61 s[################                        ] | 40% Completed | 5.71 s[################                        ] | 40% Completed | 5.81 s[################                        ] | 40% Completed | 5.91 s[################                        ] | 40% Completed | 6.01 s[################                        ] | 40% Completed | 6.11 s[################                        ] | 40% Completed | 6.21 s[################                        ] | 40% Completed | 6.31 s[################                        ] | 40% Completed | 6.41 s[################                        ] | 40% Completed | 6.51 s[################                        ] | 40% Completed | 6.61 s[################                        ] | 40% Completed | 6.71 s[################                        ] | 40% Completed | 6.82 s[################                        ] | 40% Completed | 6.92 s[################                        ] | 40% Completed | 7.02 s[################                        ] | 40% Completed | 7.12 s[################                        ] | 40% Completed | 7.22 s[################                        ] | 40% Completed | 7.32 s[################                        ] | 40% Completed | 7.42 s[################                        ] | 40% Completed | 7.52 s[################                        ] | 40% Completed | 7.62 s[################                        ] | 40% Completed | 7.72 s[################                        ] | 40% Completed | 7.82 s[################                        ] | 40% Completed | 7.92 s[################                        ] | 40% Completed | 8.02 s[################                        ] | 40% Completed | 8.12 s[################                        ] | 40% Completed | 8.22 s[################                        ] | 40% Completed | 8.32 s[################                        ] | 40% Completed | 8.42 s[################                        ] | 40% Completed | 8.52 s[################                        ] | 40% Completed | 8.62 s[################                        ] | 40% Completed | 8.72 s[################                        ] | 40% Completed | 8.82 s[################                        ] | 40% Completed | 8.92 s[################                        ] | 40% Completed | 9.02 s[################                        ] | 40% Completed | 9.12 s[################                        ] | 40% Completed | 9.22 s[################                        ] | 40% Completed | 9.32 s[################                        ] | 40% Completed | 9.42 s[################                        ] | 40% Completed | 9.52 s[################                        ] | 40% Completed | 9.62 s[################                        ] | 40% Completed | 9.72 s[################                        ] | 40% Completed | 9.82 s[################                        ] | 40% Completed | 9.92 s[################                        ] | 40% Completed | 10.02 s[################                        ] | 40% Completed | 10.12 s[################                        ] | 40% Completed | 10.22 s[################                        ] | 40% Completed | 10.32 s[################                        ] | 40% Completed | 10.42 s[################                        ] | 40% Completed | 10.52 s[################                        ] | 40% Completed | 10.62 s[################                        ] | 40% Completed | 10.72 s[################                        ] | 40% Completed | 10.82 s[################                        ] | 40% Completed | 10.92 s[################                        ] | 40% Completed | 11.02 s[################                        ] | 40% Completed | 11.12 s[################                        ] | 40% Completed | 11.22 s[################                        ] | 40% Completed | 11.32 s[################                        ] | 40% Completed | 11.42 s[################                        ] | 40% Completed | 11.53 s[################                        ] | 40% Completed | 11.63 s[################                        ] | 40% Completed | 11.73 s[################                        ] | 40% Completed | 11.83 s[################                        ] | 40% Completed | 11.93 s[################                        ] | 40% Completed | 12.03 s[################                        ] | 40% Completed | 12.13 s[################                        ] | 40% Completed | 12.23 s[################                        ] | 40% Completed | 12.33 s[################                        ] | 40% Completed | 12.43 s[################                        ] | 40% Completed | 12.53 s[################                        ] | 40% Completed | 12.63 s[################                        ] | 40% Completed | 12.73 s[################                        ] | 40% Completed | 12.83 s[################                        ] | 40% Completed | 12.93 s[################                        ] | 40% Completed | 13.03 s[################                        ] | 40% Completed | 13.13 s[################                        ] | 40% Completed | 13.23 s[################                        ] | 40% Completed | 13.33 s[################                        ] | 40% Completed | 13.43 s[################                        ] | 40% Completed | 13.53 s[################                        ] | 40% Completed | 13.63 s[################                        ] | 40% Completed | 13.73 s[################                        ] | 40% Completed | 13.83 s[################                        ] | 40% Completed | 13.93 s[################                        ] | 40% Completed | 14.03 s[################                        ] | 40% Completed | 14.13 s[################                        ] | 40% Completed | 14.23 s[################                        ] | 40% Completed | 14.33 s[################                        ] | 40% Completed | 14.43 s[################                        ] | 40% Completed | 14.53 s[################                        ] | 40% Completed | 14.63 s[################                        ] | 40% Completed | 14.73 s[################                        ] | 40% Completed | 14.83 s[################                        ] | 40% Completed | 14.93 s[################                        ] | 40% Completed | 15.03 s[################                        ] | 40% Completed | 15.13 s[################                        ] | 40% Completed | 15.23 s[################                        ] | 40% Completed | 15.33 s[################                        ] | 40% Completed | 15.43 s[################                        ] | 40% Completed | 15.53 s[################                        ] | 40% Completed | 15.63 s[################                        ] | 40% Completed | 15.73 s[################                        ] | 40% Completed | 15.83 s[################                        ] | 40% Completed | 15.94 s[################                        ] | 40% Completed | 16.04 s[################                        ] | 40% Completed | 16.14 s[################                        ] | 40% Completed | 16.24 s[################                        ] | 40% Completed | 16.34 s[################                        ] | 40% Completed | 16.44 s[################                        ] | 40% Completed | 16.54 s[################                        ] | 40% Completed | 16.64 s[################                        ] | 40% Completed | 16.74 s[################                        ] | 40% Completed | 16.84 s[################                        ] | 40% Completed | 16.94 s[################                        ] | 40% Completed | 17.04 s[################                        ] | 40% Completed | 17.14 s[################                        ] | 40% Completed | 17.24 s[################                        ] | 40% Completed | 17.34 s[################                        ] | 40% Completed | 17.44 s[################                        ] | 40% Completed | 17.54 s[################                        ] | 40% Completed | 17.64 s[################                        ] | 40% Completed | 17.74 s[################                        ] | 40% Completed | 17.84 s[####################################    ] | 90% Completed | 17.94 s[####################################    ] | 90% Completed | 18.04 s[####################################    ] | 90% Completed | 18.14 s[####################################    ] | 90% Completed | 18.24 s[####################################    ] | 90% Completed | 18.34 s[####################################    ] | 90% Completed | 18.44 s[####################################    ] | 90% Completed | 18.54 s[####################################    ] | 90% Completed | 18.64 s[####################################    ] | 90% Completed | 18.74 s[####################################    ] | 90% Completed | 18.84 s[####################################    ] | 90% Completed | 18.94 s[####################################    ] | 90% Completed | 19.04 s[####################################    ] | 90% Completed | 19.14 s[####################################    ] | 90% Completed | 19.24 s[####################################    ] | 90% Completed | 19.34 s[####################################    ] | 90% Completed | 19.44 s[####################################    ] | 90% Completed | 19.54 s[####################################    ] | 90% Completed | 19.65 s[####################################    ] | 90% Completed | 19.75 s[####################################    ] | 90% Completed | 19.85 s[####################################    ] | 90% Completed | 19.95 s[####################################    ] | 90% Completed | 20.05 s[####################################    ] | 90% Completed | 20.15 s[####################################    ] | 90% Completed | 20.25 s[####################################    ] | 90% Completed | 20.35 s[####################################    ] | 90% Completed | 20.45 s[####################################    ] | 90% Completed | 20.55 s[####################################    ] | 90% Completed | 20.65 s[####################################    ] | 90% Completed | 20.75 s[####################################    ] | 90% Completed | 20.85 s[####################################    ] | 90% Completed | 20.95 s[####################################    ] | 90% Completed | 21.05 s[####################################    ] | 90% Completed | 21.15 s[####################################    ] | 90% Completed | 21.25 s[####################################    ] | 90% Completed | 21.35 s[####################################    ] | 90% Completed | 21.45 s[####################################    ] | 90% Completed | 21.55 s[####################################    ] | 90% Completed | 21.65 s[####################################    ] | 90% Completed | 21.75 s[####################################    ] | 90% Completed | 21.85 s[####################################    ] | 90% Completed | 21.95 s[####################################    ] | 90% Completed | 22.05 s[####################################    ] | 90% Completed | 22.15 s[####################################    ] | 90% Completed | 22.25 s[####################################    ] | 90% Completed | 22.35 s[####################################    ] | 90% Completed | 22.45 s[####################################    ] | 90% Completed | 22.55 s[####################################    ] | 90% Completed | 22.65 s[####################################    ] | 90% Completed | 22.75 s[####################################    ] | 90% Completed | 22.85 s[####################################    ] | 90% Completed | 22.95 s[####################################    ] | 90% Completed | 23.05 s[####################################    ] | 90% Completed | 23.15 s[####################################    ] | 90% Completed | 23.25 s[####################################    ] | 90% Completed | 23.35 s[####################################    ] | 90% Completed | 23.45 s[####################################    ] | 90% Completed | 23.56 s[####################################    ] | 90% Completed | 23.66 s[####################################    ] | 90% Completed | 23.76 s[####################################    ] | 90% Completed | 23.86 s[####################################    ] | 90% Completed | 23.96 s[####################################    ] | 90% Completed | 24.06 s[####################################    ] | 90% Completed | 24.16 s[####################################    ] | 90% Completed | 24.26 s[####################################    ] | 90% Completed | 24.36 s[####################################    ] | 90% Completed | 24.46 s[####################################    ] | 90% Completed | 24.56 s[####################################    ] | 90% Completed | 24.66 s[####################################    ] | 90% Completed | 24.76 s[####################################    ] | 90% Completed | 24.86 s[####################################    ] | 90% Completed | 24.96 s[####################################    ] | 90% Completed | 25.06 s[####################################    ] | 90% Completed | 25.16 s[####################################    ] | 90% Completed | 25.26 s[####################################    ] | 90% Completed | 25.36 s[####################################    ] | 90% Completed | 25.46 s[####################################    ] | 90% Completed | 25.56 s[####################################    ] | 90% Completed | 25.66 s[####################################    ] | 90% Completed | 25.76 s[####################################    ] | 90% Completed | 25.86 s[####################################    ] | 90% Completed | 25.96 s[####################################    ] | 90% Completed | 26.06 s[####################################    ] | 90% Completed | 26.16 s[####################################    ] | 90% Completed | 26.26 s[####################################    ] | 90% Completed | 26.36 s[####################################    ] | 90% Completed | 26.46 s[####################################    ] | 90% Completed | 26.56 s[####################################    ] | 90% Completed | 26.66 s[####################################    ] | 90% Completed | 26.76 s[####################################    ] | 90% Completed | 26.86 s[####################################    ] | 90% Completed | 26.96 s[####################################    ] | 90% Completed | 27.06 s[####################################    ] | 90% Completed | 27.17 s[####################################    ] | 90% Completed | 27.27 s[####################################    ] | 90% Completed | 27.37 s[####################################    ] | 90% Completed | 27.47 s[####################################    ] | 90% Completed | 27.57 s[####################################    ] | 90% Completed | 27.67 s[####################################    ] | 90% Completed | 27.77 s[####################################    ] | 90% Completed | 27.87 s[####################################    ] | 90% Completed | 27.97 s[####################################    ] | 90% Completed | 28.07 s[####################################    ] | 90% Completed | 28.17 s[####################################    ] | 90% Completed | 28.27 s[####################################    ] | 90% Completed | 28.37 s[####################################    ] | 90% Completed | 28.47 s[####################################    ] | 90% Completed | 28.57 s[####################################    ] | 90% Completed | 28.67 s[####################################    ] | 90% Completed | 28.77 s[####################################    ] | 90% Completed | 28.87 s[####################################    ] | 90% Completed | 28.97 s[####################################    ] | 90% Completed | 29.07 s[####################################    ] | 90% Completed | 29.17 s[####################################    ] | 90% Completed | 29.27 s[####################################    ] | 90% Completed | 29.37 s[####################################    ] | 90% Completed | 29.47 s[####################################    ] | 90% Completed | 29.57 s[####################################    ] | 90% Completed | 29.67 s[####################################    ] | 90% Completed | 29.77 s[####################################    ] | 90% Completed | 29.87 s[####################################    ] | 90% Completed | 29.97 s[####################################    ] | 90% Completed | 30.07 s[####################################    ] | 90% Completed | 30.17 s[####################################    ] | 90% Completed | 30.27 s[####################################    ] | 90% Completed | 30.37 s[####################################    ] | 90% Completed | 30.47 s[####################################    ] | 90% Completed | 30.57 s[####################################    ] | 90% Completed | 30.67 s[####################################    ] | 90% Completed | 30.77 s[####################################    ] | 90% Completed | 30.87 s[####################################    ] | 90% Completed | 30.97 s[####################################    ] | 90% Completed | 31.07 s[####################################    ] | 90% Completed | 31.18 s[####################################    ] | 90% Completed | 31.28 s[####################################    ] | 90% Completed | 31.38 s[####################################    ] | 90% Completed | 31.48 s[####################################    ] | 90% Completed | 31.58 s[####################################    ] | 90% Completed | 31.68 s[####################################    ] | 90% Completed | 31.78 s[####################################    ] | 90% Completed | 31.88 s[####################################    ] | 90% Completed | 31.98 s[####################################    ] | 90% Completed | 32.08 s[####################################    ] | 90% Completed | 32.18 s[####################################    ] | 90% Completed | 32.28 s[####################################    ] | 90% Completed | 32.38 s[####################################    ] | 90% Completed | 32.48 s[####################################    ] | 90% Completed | 32.58 s[####################################    ] | 90% Completed | 32.68 s[####################################    ] | 90% Completed | 32.78 s[####################################    ] | 90% Completed | 32.88 s[####################################    ] | 90% Completed | 32.98 s[####################################    ] | 90% Completed | 33.08 s[####################################    ] | 90% Completed | 33.18 s[####################################    ] | 90% Completed | 33.28 s[####################################    ] | 90% Completed | 33.38 s[####################################    ] | 90% Completed | 33.48 s[####################################    ] | 90% Completed | 33.58 s[####################################    ] | 90% Completed | 33.68 s[####################################    ] | 90% Completed | 33.78 s[####################################    ] | 90% Completed | 33.88 s[####################################    ] | 90% Completed | 33.98 s[####################################    ] | 90% Completed | 34.08 s[####################################    ] | 90% Completed | 34.18 s[####################################    ] | 90% Completed | 34.28 s[####################################    ] | 90% Completed | 34.38 s[####################################    ] | 90% Completed | 34.48 s[####################################    ] | 90% Completed | 34.58 s[####################################    ] | 90% Completed | 34.68 s[####################################    ] | 90% Completed | 34.78 s[####################################    ] | 90% Completed | 34.88 s[####################################    ] | 90% Completed | 34.98 s[####################################    ] | 90% Completed | 35.08 s[####################################    ] | 90% Completed | 35.18 s[####################################    ] | 90% Completed | 35.28 s[####################################    ] | 90% Completed | 35.38 s[####################################    ] | 90% Completed | 35.48 s[####################################    ] | 90% Completed | 35.58 s[####################################    ] | 90% Completed | 35.68 s[########################################] | 100% Completed | 35.78 s
[38;5;23m2026-04-02 19:18:18[39m | [33mWARNING[39m | [33mExtra columns detected: Index(['Annotation', 'Name'], dtype='object'). These will be retained but are not validated.[39m
[38;5;23m2026-04-02 19:18:18[39m | [38;5;23mINFO[39m | Writing DMRs to /expanse/lustre/projects/csd940/zalibhai/biomodal/modality/outputs_CG/Results/gencode.vM25.mouse.genes.annotation/DMR_20260402_191818/DMR_mc_control__mutant_20260402_191818.bed.
Columns are :
`Chromosome Start End Name Score Strand num_contexts mean_coverage_across_samples mean_mod_group_1mean_mod_group_2 mod_fold_change mod_difference test_statistic dmr_pvalue dmr_qvalue
Please note that:
 - Name, Score, Strand are not used and are set to `.` for compatibility with pyranges
[39m
[38;5;23m2026-04-02 19:18:19[39m | [38;5;23mINFO[39m | Aggregating dataset for DMR calling (this may take multiple steps)...[39m
[#######################                 ] | 59% Completed | 1.00 s[##########################              ] | 66% Completed | 1.10 s[############################            ] | 71% Completed | 1.20 s[###############################         ] | 78% Completed | 1.30 s[##################################      ] | 85% Completed | 1.40 s[####################################    ] | 91% Completed | 1.50 s[######################################  ] | 97% Completed | 1.60 s[########################################] | 100% Completed | 1.70 s
[####################                    ] | 50% Completed | 1.06 s[######################                  ] | 57% Completed | 1.16 s[#########################               ] | 63% Completed | 1.26 s[############################            ] | 70% Completed | 1.36 s[#############################           ] | 74% Completed | 1.46 s[################################        ] | 80% Completed | 1.56 s[##################################      ] | 87% Completed | 1.66 s[#####################################   ] | 93% Completed | 1.76 s[####################################### ] | 98% Completed | 1.86 s[########################################] | 100% Completed | 1.96 s
[38;5;23m2026-04-02 19:18:28[39m | [38;5;23mINFO[39m | Recoding given covariates from ['sex', 'batch'] to: ['batch', 'sex_male'] to handle categorical variables.[39m
[38;5;23m2026-04-02 19:18:28[39m | [38;5;23mINFO[39m | Performing DMR calling (control vs mutant)[39m
[################                        ] | 40% Completed | 1.00 s[################                        ] | 40% Completed | 1.10 s[################                        ] | 40% Completed | 1.20 s[################                        ] | 40% Completed | 1.30 s[################                        ] | 40% Completed | 1.40 s[################                        ] | 40% Completed | 1.50 s[################                        ] | 40% Completed | 1.60 s[################                        ] | 40% Completed | 1.70 s[################                        ] | 40% Completed | 1.80 s[################                        ] | 40% Completed | 1.90 s[################                        ] | 40% Completed | 2.00 s[################                        ] | 40% Completed | 2.10 s[################                        ] | 40% Completed | 2.20 s[################                        ] | 40% Completed | 2.30 s[################                        ] | 40% Completed | 2.40 s[################                        ] | 40% Completed | 2.50 s[################                        ] | 40% Completed | 2.60 s[################                        ] | 40% Completed | 2.70 s[################                        ] | 40% Completed | 2.80 s[################                        ] | 40% Completed | 2.90 s[################                        ] | 40% Completed | 3.00 s[################                        ] | 40% Completed | 3.10 s[################                        ] | 40% Completed | 3.20 s[################                        ] | 40% Completed | 3.30 s[################                        ] | 40% Completed | 3.40 s[################                        ] | 40% Completed | 3.50 s[################                        ] | 40% Completed | 3.60 s[################                        ] | 40% Completed | 3.70 s[################                        ] | 40% Completed | 3.80 s[################                        ] | 40% Completed | 3.90 s[################                        ] | 40% Completed | 4.00 s[################                        ] | 40% Completed | 4.10 s[################                        ] | 40% Completed | 4.20 s[################                        ] | 40% Completed | 4.30 s[################                        ] | 40% Completed | 4.40 s[################                        ] | 40% Completed | 4.50 s[################                        ] | 40% Completed | 4.60 s[################                        ] | 40% Completed | 4.70 s[################                        ] | 40% Completed | 4.81 s[################                        ] | 40% Completed | 4.91 s[################                        ] | 40% Completed | 5.01 s[################                        ] | 40% Completed | 5.11 s[################                        ] | 40% Completed | 5.21 s[################                        ] | 40% Completed | 5.31 s[################                        ] | 40% Completed | 5.41 s[################                        ] | 40% Completed | 5.51 s[################                        ] | 40% Completed | 5.61 s[################                        ] | 40% Completed | 5.71 s[################                        ] | 40% Completed | 5.81 s[################                        ] | 40% Completed | 5.91 s[################                        ] | 40% Completed | 6.01 s[################                        ] | 40% Completed | 6.11 s[################                        ] | 40% Completed | 6.21 s[################                        ] | 40% Completed | 6.31 s[################                        ] | 40% Completed | 6.41 s[################                        ] | 40% Completed | 6.51 s[################                        ] | 40% Completed | 6.61 s[################                        ] | 40% Completed | 6.71 s[################                        ] | 40% Completed | 6.81 s[################                        ] | 40% Completed | 6.91 s[################                        ] | 40% Completed | 7.01 s[################                        ] | 40% Completed | 7.11 s[################                        ] | 40% Completed | 7.21 s[################                        ] | 40% Completed | 7.31 s[################                        ] | 40% Completed | 7.41 s[################                        ] | 40% Completed | 7.51 s[################                        ] | 40% Completed | 7.61 s[################                        ] | 40% Completed | 7.71 s[################                        ] | 40% Completed | 7.81 s[################                        ] | 40% Completed | 7.91 s[################                        ] | 40% Completed | 8.01 s[################                        ] | 40% Completed | 8.11 s[################                        ] | 40% Completed | 8.21 s[################                        ] | 40% Completed | 8.31 s[################                        ] | 40% Completed | 8.41 s[################                        ] | 40% Completed | 8.51 s[################                        ] | 40% Completed | 8.61 s[################                        ] | 40% Completed | 8.71 s[################                        ] | 40% Completed | 8.81 s[################                        ] | 40% Completed | 8.91 s[################                        ] | 40% Completed | 9.01 s[################                        ] | 40% Completed | 9.11 s[################                        ] | 40% Completed | 9.21 s[################                        ] | 40% Completed | 9.31 s[################                        ] | 40% Completed | 9.41 s[################                        ] | 40% Completed | 9.51 s[################                        ] | 40% Completed | 9.61 s[################                        ] | 40% Completed | 9.71 s[################                        ] | 40% Completed | 9.81 s[################                        ] | 40% Completed | 9.91 s[################                        ] | 40% Completed | 10.01 s[################                        ] | 40% Completed | 10.11 s[################                        ] | 40% Completed | 10.21 s[################                        ] | 40% Completed | 10.31 s[################                        ] | 40% Completed | 10.41 s[################                        ] | 40% Completed | 10.51 s[################                        ] | 40% Completed | 10.61 s[################                        ] | 40% Completed | 10.71 s[################                        ] | 40% Completed | 10.81 s[################                        ] | 40% Completed | 10.91 s[################                        ] | 40% Completed | 11.01 s[################                        ] | 40% Completed | 11.11 s[################                        ] | 40% Completed | 11.21 s[################                        ] | 40% Completed | 11.31 s[################                        ] | 40% Completed | 11.41 s[################                        ] | 40% Completed | 11.51 s[################                        ] | 40% Completed | 11.61 s[################                        ] | 40% Completed | 11.71 s[################                        ] | 40% Completed | 11.81 s[################                        ] | 40% Completed | 11.91 s[################                        ] | 40% Completed | 12.01 s[################                        ] | 40% Completed | 12.11 s[################                        ] | 40% Completed | 12.21 s[################                        ] | 40% Completed | 12.31 s[################                        ] | 40% Completed | 12.41 s[################                        ] | 40% Completed | 12.51 s[################                        ] | 40% Completed | 12.61 s[################                        ] | 40% Completed | 12.71 s[################                        ] | 40% Completed | 12.81 s[################                        ] | 40% Completed | 12.91 s[################                        ] | 40% Completed | 13.01 s[################                        ] | 40% Completed | 13.11 s[################                        ] | 40% Completed | 13.21 s[################                        ] | 40% Completed | 13.31 s[################                        ] | 40% Completed | 13.41 s[################                        ] | 40% Completed | 13.51 s[################                        ] | 40% Completed | 13.61 s[################                        ] | 40% Completed | 13.71 s[################                        ] | 40% Completed | 13.81 s[################                        ] | 40% Completed | 13.92 s[################                        ] | 40% Completed | 14.02 s[################                        ] | 40% Completed | 14.12 s[################                        ] | 40% Completed | 14.22 s[################                        ] | 40% Completed | 14.32 s[################                        ] | 40% Completed | 14.42 s[################                        ] | 40% Completed | 14.52 s[################                        ] | 40% Completed | 14.62 s[################                        ] | 40% Completed | 14.72 s[################                        ] | 40% Completed | 14.82 s[################                        ] | 40% Completed | 14.92 s[################                        ] | 40% Completed | 15.02 s[################                        ] | 40% Completed | 15.12 s[################                        ] | 40% Completed | 15.22 s[################                        ] | 40% Completed | 15.32 s[################                        ] | 40% Completed | 15.42 s[################                        ] | 40% Completed | 15.52 s[################                        ] | 40% Completed | 15.62 s[################                        ] | 40% Completed | 15.72 s[################                        ] | 40% Completed | 15.82 s[################                        ] | 40% Completed | 15.92 s[################                        ] | 40% Completed | 16.02 s[################                        ] | 40% Completed | 16.12 s[################                        ] | 40% Completed | 16.22 s[################                        ] | 40% Completed | 16.32 s[################                        ] | 40% Completed | 16.42 s[################                        ] | 40% Completed | 16.52 s[################                        ] | 40% Completed | 16.62 s[################                        ] | 40% Completed | 16.72 s[################                        ] | 40% Completed | 16.82 s[################                        ] | 40% Completed | 16.92 s[################                        ] | 40% Completed | 17.02 s[################                        ] | 40% Completed | 17.12 s[################                        ] | 40% Completed | 17.22 s[################                        ] | 40% Completed | 17.32 s[################                        ] | 40% Completed | 17.42 s[################                        ] | 40% Completed | 17.52 s[################                        ] | 40% Completed | 17.62 s[################                        ] | 40% Completed | 17.72 s[################                        ] | 40% Completed | 17.82 s[################                        ] | 40% Completed | 17.92 s[################                        ] | 40% Completed | 18.02 s[################                        ] | 40% Completed | 18.12 s[################                        ] | 40% Completed | 18.22 s[################                        ] | 40% Completed | 18.32 s[################                        ] | 40% Completed | 18.42 s[################                        ] | 40% Completed | 18.52 s[####################################    ] | 90% Completed | 18.62 s[####################################    ] | 90% Completed | 18.72 s[####################################    ] | 90% Completed | 18.82 s[####################################    ] | 90% Completed | 18.92 s[####################################    ] | 90% Completed | 19.02 s[####################################    ] | 90% Completed | 19.12 s[####################################    ] | 90% Completed | 19.22 s[####################################    ] | 90% Completed | 19.32 s[####################################    ] | 90% Completed | 19.42 s[####################################    ] | 90% Completed | 19.52 s[####################################    ] | 90% Completed | 19.62 s[####################################    ] | 90% Completed | 19.72 s[####################################    ] | 90% Completed | 19.82 s[####################################    ] | 90% Completed | 19.92 s[####################################    ] | 90% Completed | 20.02 s[####################################    ] | 90% Completed | 20.12 s[####################################    ] | 90% Completed | 20.22 s[####################################    ] | 90% Completed | 20.32 s[####################################    ] | 90% Completed | 20.42 s[####################################    ] | 90% Completed | 20.52 s[####################################    ] | 90% Completed | 20.62 s[####################################    ] | 90% Completed | 20.72 s[####################################    ] | 90% Completed | 20.82 s[####################################    ] | 90% Completed | 20.92 s[####################################    ] | 90% Completed | 21.02 s[####################################    ] | 90% Completed | 21.12 s[####################################    ] | 90% Completed | 21.22 s[####################################    ] | 90% Completed | 21.32 s[####################################    ] | 90% Completed | 21.42 s[####################################    ] | 90% Completed | 21.52 s[####################################    ] | 90% Completed | 21.62 s[####################################    ] | 90% Completed | 21.72 s[####################################    ] | 90% Completed | 21.82 s[####################################    ] | 90% Completed | 21.92 s[####################################    ] | 90% Completed | 22.02 s[####################################    ] | 90% Completed | 22.12 s[####################################    ] | 90% Completed | 22.22 s[####################################    ] | 90% Completed | 22.32 s[####################################    ] | 90% Completed | 22.42 s[####################################    ] | 90% Completed | 22.52 s[####################################    ] | 90% Completed | 22.62 s[####################################    ] | 90% Completed | 22.72 s[####################################    ] | 90% Completed | 22.82 s[####################################    ] | 90% Completed | 22.92 s[####################################    ] | 90% Completed | 23.02 s[####################################    ] | 90% Completed | 23.12 s[####################################    ] | 90% Completed | 23.23 s[####################################    ] | 90% Completed | 23.33 s[####################################    ] | 90% Completed | 23.43 s[####################################    ] | 90% Completed | 23.53 s[####################################    ] | 90% Completed | 23.63 s[####################################    ] | 90% Completed | 23.73 s[####################################    ] | 90% Completed | 23.83 s[####################################    ] | 90% Completed | 23.93 s[####################################    ] | 90% Completed | 24.03 s[####################################    ] | 90% Completed | 24.13 s[####################################    ] | 90% Completed | 24.23 s[####################################    ] | 90% Completed | 24.33 s[####################################    ] | 90% Completed | 24.43 s[####################################    ] | 90% Completed | 24.53 s[####################################    ] | 90% Completed | 24.63 s[####################################    ] | 90% Completed | 24.73 s[####################################    ] | 90% Completed | 24.83 s[####################################    ] | 90% Completed | 24.93 s[####################################    ] | 90% Completed | 25.03 s[####################################    ] | 90% Completed | 25.13 s[####################################    ] | 90% Completed | 25.23 s[####################################    ] | 90% Completed | 25.33 s[####################################    ] | 90% Completed | 25.43 s[####################################    ] | 90% Completed | 25.53 s[####################################    ] | 90% Completed | 25.63 s[####################################    ] | 90% Completed | 25.73 s[####################################    ] | 90% Completed | 25.83 s[####################################    ] | 90% Completed | 25.93 s[####################################    ] | 90% Completed | 26.03 s[####################################    ] | 90% Completed | 26.13 s[####################################    ] | 90% Completed | 26.23 s[####################################    ] | 90% Completed | 26.33 s[####################################    ] | 90% Completed | 26.43 s[####################################    ] | 90% Completed | 26.53 s[####################################    ] | 90% Completed | 26.63 s[####################################    ] | 90% Completed | 26.73 s[####################################    ] | 90% Completed | 26.83 s[####################################    ] | 90% Completed | 26.93 s[####################################    ] | 90% Completed | 27.03 s[####################################    ] | 90% Completed | 27.13 s[####################################    ] | 90% Completed | 27.23 s[####################################    ] | 90% Completed | 27.33 s[####################################    ] | 90% Completed | 27.43 s[####################################    ] | 90% Completed | 27.53 s[####################################    ] | 90% Completed | 27.63 s[####################################    ] | 90% Completed | 27.73 s[####################################    ] | 90% Completed | 27.83 s[####################################    ] | 90% Completed | 27.93 s[####################################    ] | 90% Completed | 28.03 s[####################################    ] | 90% Completed | 28.13 s[####################################    ] | 90% Completed | 28.23 s[####################################    ] | 90% Completed | 28.33 s[####################################    ] | 90% Completed | 28.43 s[####################################    ] | 90% Completed | 28.53 s[####################################    ] | 90% Completed | 28.63 s[####################################    ] | 90% Completed | 28.73 s[####################################    ] | 90% Completed | 28.83 s[####################################    ] | 90% Completed | 28.93 s[####################################    ] | 90% Completed | 29.03 s[####################################    ] | 90% Completed | 29.13 s[####################################    ] | 90% Completed | 29.23 s[####################################    ] | 90% Completed | 29.33 s[####################################    ] | 90% Completed | 29.43 s[####################################    ] | 90% Completed | 29.53 s[####################################    ] | 90% Completed | 29.63 s[####################################    ] | 90% Completed | 29.73 s[####################################    ] | 90% Completed | 29.83 s[####################################    ] | 90% Completed | 29.93 s[####################################    ] | 90% Completed | 30.03 s[####################################    ] | 90% Completed | 30.13 s[####################################    ] | 90% Completed | 30.23 s[####################################    ] | 90% Completed | 30.33 s[####################################    ] | 90% Completed | 30.43 s[####################################    ] | 90% Completed | 30.53 s[####################################    ] | 90% Completed | 30.63 s[####################################    ] | 90% Completed | 30.73 s[####################################    ] | 90% Completed | 30.83 s[####################################    ] | 90% Completed | 30.93 s[####################################    ] | 90% Completed | 31.03 s[####################################    ] | 90% Completed | 31.13 s[####################################    ] | 90% Completed | 31.23 s[####################################    ] | 90% Completed | 31.33 s[####################################    ] | 90% Completed | 31.43 s[####################################    ] | 90% Completed | 31.53 s[####################################    ] | 90% Completed | 31.63 s[####################################    ] | 90% Completed | 31.73 s[####################################    ] | 90% Completed | 31.83 s[####################################    ] | 90% Completed | 31.93 s[####################################    ] | 90% Completed | 32.03 s[####################################    ] | 90% Completed | 32.14 s[####################################    ] | 90% Completed | 32.24 s[####################################    ] | 90% Completed | 32.34 s[####################################    ] | 90% Completed | 32.44 s[####################################    ] | 90% Completed | 32.54 s[####################################    ] | 90% Completed | 32.64 s[####################################    ] | 90% Completed | 32.74 s[####################################    ] | 90% Completed | 32.84 s[####################################    ] | 90% Completed | 32.94 s[####################################    ] | 90% Completed | 33.04 s[####################################    ] | 90% Completed | 33.14 s[####################################    ] | 90% Completed | 33.24 s[####################################    ] | 90% Completed | 33.34 s[####################################    ] | 90% Completed | 33.44 s[####################################    ] | 90% Completed | 33.54 s[####################################    ] | 90% Completed | 33.64 s[####################################    ] | 90% Completed | 33.74 s[####################################    ] | 90% Completed | 33.84 s[####################################    ] | 90% Completed | 33.94 s[####################################    ] | 90% Completed | 34.04 s[####################################    ] | 90% Completed | 34.14 s[####################################    ] | 90% Completed | 34.24 s[####################################    ] | 90% Completed | 34.34 s[####################################    ] | 90% Completed | 34.44 s[####################################    ] | 90% Completed | 34.54 s[####################################    ] | 90% Completed | 34.64 s[####################################    ] | 90% Completed | 34.74 s[####################################    ] | 90% Completed | 34.84 s[####################################    ] | 90% Completed | 34.94 s[####################################    ] | 90% Completed | 35.04 s[####################################    ] | 90% Completed | 35.14 s[####################################    ] | 90% Completed | 35.24 s[####################################    ] | 90% Completed | 35.34 s[####################################    ] | 90% Completed | 35.44 s[####################################    ] | 90% Completed | 35.54 s[####################################    ] | 90% Completed | 35.64 s[####################################    ] | 90% Completed | 35.74 s[####################################    ] | 90% Completed | 35.84 s[####################################    ] | 90% Completed | 35.94 s[####################################    ] | 90% Completed | 36.04 s[####################################    ] | 90% Completed | 36.14 s[####################################    ] | 90% Completed | 36.24 s[####################################    ] | 90% Completed | 36.34 s[####################################    ] | 90% Completed | 36.44 s[####################################    ] | 90% Completed | 36.54 s[####################################    ] | 90% Completed | 36.64 s[####################################    ] | 90% Completed | 36.74 s[####################################    ] | 90% Completed | 36.84 s[####################################    ] | 90% Completed | 36.94 s[########################################] | 100% Completed | 37.04 s
[38;5;23m2026-04-02 19:19:05[39m | [33mWARNING[39m | [33mExtra columns detected: Index(['Annotation', 'Name'], dtype='object'). These will be retained but are not validated.[39m
[38;5;23m2026-04-02 19:19:05[39m | [38;5;23mINFO[39m | Writing DMRs to /expanse/lustre/projects/csd940/zalibhai/biomodal/modality/outputs_CG/Results/gencode.vM25.mouse.genes.annotation/DMR_20260402_191818/DMR_hmc_control__mutant_20260402_191818.bed.
Columns are :
`Chromosome Start End Name Score Strand num_contexts mean_coverage_across_samples mean_mod_group_1mean_mod_group_2 mod_fold_change mod_difference test_statistic dmr_pvalue dmr_qvalue
Please note that:
 - Name, Score, Strand are not used and are set to `.` for compatibility with pyranges
[39m
[38;5;23m2026-04-02 19:19:06[39m  [1m[38;5;154mDMR calling completed successfully! Outputs saved to: /expanse/lustre/projects/csd940/zalibhai/biomodal/modality/outputs_CG/Results/gencode.vM25.mouse.genes.annotation[39m
[38;5;23m2026-04-02 19:19:06[39m | [38;5;23mINFO[39m | DMR track configuration files saved successfully.[39m
[38;5;23m2026-04-02 19:19:06[39m  Wrote provenance sidecar file to /expanse/lustre/projects/csd940/zalibhai/biomodal/modality/outputs_CG/Results/gencode.vM25.mouse.genes.annotation/DMR_20260402_191818/modality_metadata_20260402_191906.json[39m
/expanse/lustre/projects/csd940/zalibhai/biomodal/modality/outputs_CG/Results/gencode.vM25.mouse.genes.annotation/DMR_20260402_191818/DMR_mc_control__mutant_20260402_191818.bed /expanse/lustre/projects/csd940/zalibhai/biomodal/modality/outputs_CG/Results/gencode.vM25.mouse.genes.annotation/DMR_20260402_191818/DMR_hmc_control__mutant_20260402_191818.bed
[INFO] 2026-04-02 19:19:06 - DMR calling completed for /expanse/lustre/projects/csd940/zalibhai/biomodal/modality/mm10/gencode.vM25.mouse.genes.annotation.bed.gz
[INFO] 2026-04-02 19:19:06 - Running DMR calling on region file: /expanse/lustre/projects/csd940/zalibhai/biomodal/modality/mm10/gencode.vM25.mouse.promoters.annotation.bed.gz
Logged in using stored credentials
[38;5;23m2026-04-02 19:19:10[39m  [1m[38;5;123mProvenance information:[39m
[38;5;23m2026-04-02 19:19:10[39m  cmd='/home/zalibhai/miniforge3/envs/modality/bin/modality -v dmr call --zarr-path /expanse/lustre/projects/csd940/zalibhai/biomodal/evoC-run/output/duet-1.5.0_evoC_Bap1_run_6bp/sample_outputs/zarr_store/CG/evoC_Bap1_run.genome.GRCm38_primary_assembly.dedup.CG.zarrz --sample-sheet /expanse/lustre/projects/csd940/zalibhai/biomodal/modality/metadata.tsv --condition-array-name condition --methylation-contexts num_mc num_hmc --bedfile /expanse/lustre/projects/csd940/zalibhai/biomodal/modality/mm10/gencode.vM25.mouse.promoters.annotation.bed.gz --covariates sex batch --filter-context-depth 10 --condition-order control mutant --output-dir /expanse/lustre/projects/csd940/zalibhai/biomodal/modality/outputs_CG/Results/gencode.vM25.mouse.promoters.annotation'
timestamp=2026-04-02T19:19:10.634041
version=1.0.0
user=zalibhai

[39m
[38;5;23m2026-04-02 19:19:10[39m  [1m[38;5;123mStarting differential methylation analysis:[39m
[38;5;23m2026-04-02 19:19:10[39m  [38;5;248mZarr path(s)[39m: ['/expanse/lustre/projects/csd940/zalibhai/biomodal/evoC-run/output/duet-1.5.0_evoC_Bap1_run_6bp/sample_outputs/zarr_store/CG/evoC_Bap1_run.genome.GRCm38_primary_assembly.dedup.CG.zarrz'][39m
[38;5;23m2026-04-02 19:19:10[39m  [38;5;248mSample Sheet[39m: /expanse/lustre/projects/csd940/zalibhai/biomodal/modality/metadata.tsv[39m
[38;5;23m2026-04-02 19:19:10[39m  [38;5;248mCondition Array Name[39m: condition[39m
[38;5;23m2026-04-02 19:19:10[39m  [38;5;248mMethylation Contexts[39m: ['num_mc', 'num_hmc'][39m
[38;5;23m2026-04-02 19:19:10[39m  [38;5;248mBedfile[39m: /expanse/lustre/projects/csd940/zalibhai/biomodal/modality/mm10/gencode.vM25.mouse.promoters.annotation.bed.gz[39m
[38;5;23m2026-04-02 19:19:10[39m  [38;5;248mCovariates[39m: ['sex', 'batch'][39m
[38;5;23m2026-04-02 19:19:10[39m  [38;5;248mMin Coverage[39m: 10[39m
[38;5;23m2026-04-02 19:19:10[39m  [38;5;248mCondition Order[39m: ['control', 'mutant'][39m
[38;5;23m2026-04-02 19:19:10[39m  [38;5;248mOutput Dir[39m: /expanse/lustre/projects/csd940/zalibhai/biomodal/modality/outputs_CG/Results/gencode.vM25.mouse.promoters.annotation[39m
[38;5;23m2026-04-02 19:19:10[39m  [38;5;248mWindow Size[39m: None[39m
[38;5;23m2026-04-02 19:19:10[39m  [38;5;248mNum Contexts[39m: 0[39m
[38;5;23m2026-04-02 19:19:10[39m  [38;5;248mRegion[39m: None[39m
[38;5;23m2026-04-02 19:19:10[39m  [38;5;248mOverdispersion[39m: False[39m
[38;5;23m2026-04-02 19:19:10[39m  [38;5;248mStatistical Test[39m: wald[39m
[38;5;23m2026-04-02 19:19:10[39m  [38;5;248mDisable Strand Merging[39m: False[39m
[38;5;23m2026-04-02 19:19:10[39m  [38;5;248mCompress[39m: False[39m
[38;5;23m2026-04-02 19:19:10[39m | [38;5;23mINFO[39m | Loading Zarr dataset...[39m
[38;5;23m2026-04-02 19:19:13[39m | [38;5;23mINFO[39m | Merging CpG strands in the dataset.[39m
[38;5;23m2026-04-02 19:19:21[39m | [38;5;23mINFO[39m | Starting DMR calling process, this could take a few minutes...[39m
[38;5;23m2026-04-02 19:19:21[39m | [38;5;23mINFO[39m | Aligning sample sheet with dataset...[39m
[#############                           ] | 33% Completed | 1.07 s[###############                         ] | 37% Completed | 1.17 s[################                        ] | 41% Completed | 1.27 s[##################                      ] | 45% Completed | 1.37 s[####################                    ] | 50% Completed | 1.47 s[#####################                   ] | 54% Completed | 1.57 s[#######################                 ] | 58% Completed | 1.67 s[#########################               ] | 62% Completed | 1.77 s[##########################              ] | 66% Completed | 1.87 s[############################            ] | 70% Completed | 1.97 s[#############################           ] | 74% Completed | 2.07 s[###############################         ] | 79% Completed | 2.17 s[########################################] | 100% Completed | 2.27 s
[38;5;23m2026-04-02 19:19:24[39m | [38;5;23mINFO[39m | filtering low coverage contexts (this may take multiple steps)...[39m
[#####################################   ] | 93% Completed | 1.00 s[########################################] | 100% Completed | 1.10 s
[                                        ] | 0% Completed | 1.00 s[                                        ] | 0% Completed | 1.10 s[                                        ] | 0% Completed | 1.20 s[                                        ] | 0% Completed | 1.30 s[                                        ] | 0% Completed | 1.40 s[########################################] | 100% Completed | 1.50 s
[###########                             ] | 27% Completed | 1.01 s[############                            ] | 30% Completed | 1.11 s[#############                           ] | 34% Completed | 1.21 s[##############                          ] | 37% Completed | 1.31 s[################                        ] | 40% Completed | 1.41 s[#################                       ] | 43% Completed | 1.51 s[##################                      ] | 47% Completed | 1.61 s[####################                    ] | 50% Completed | 1.71 s[#####################                   ] | 53% Completed | 1.81 s[######################                  ] | 56% Completed | 1.91 s[########################                ] | 60% Completed | 2.01 s[#########################               ] | 63% Completed | 2.11 s[##########################              ] | 66% Completed | 2.21 s[###########################             ] | 69% Completed | 2.31 s[#############################           ] | 73% Completed | 2.41 s[##############################          ] | 76% Completed | 2.51 s[########################################] | 100% Completed | 2.67 s
[#########                               ] | 24% Completed | 1.05 s[###########                             ] | 27% Completed | 1.15 s[############                            ] | 31% Completed | 1.25 s[#############                           ] | 34% Completed | 1.35 s[##############                          ] | 37% Completed | 1.45 s[################                        ] | 40% Completed | 1.55 s[#################                       ] | 43% Completed | 1.65 s[##################                      ] | 46% Completed | 1.75 s[###################                     ] | 49% Completed | 1.85 s[#####################                   ] | 53% Completed | 1.95 s[######################                  ] | 56% Completed | 2.05 s[#######################                 ] | 59% Completed | 2.15 s[########################                ] | 62% Completed | 2.25 s[##########################              ] | 65% Completed | 2.35 s[###########################             ] | 68% Completed | 2.45 s[############################            ] | 71% Completed | 2.55 s[#############################           ] | 74% Completed | 2.65 s[###############################         ] | 77% Completed | 2.75 s[################################        ] | 80% Completed | 2.85 s[#################################       ] | 84% Completed | 2.95 s[####################################### ] | 98% Completed | 3.05 s[########################################] | 100% Completed | 3.15 s
[38;5;23m2026-04-02 19:19:55[39m | [38;5;23mINFO[39m | Aggregating dataset for DMR calling (this may take multiple steps)...[39m
[38;5;23m2026-04-02 19:19:55[39m | [38;5;23mINFO[39m | Adding Ranges_ID column to validate merging.[39m
[#######################                 ] | 58% Completed | 1.00 s[#########################               ] | 64% Completed | 1.10 s[############################            ] | 70% Completed | 1.20 s[##############################          ] | 75% Completed | 1.30 s[################################        ] | 81% Completed | 1.40 s[###################################     ] | 87% Completed | 1.50 s[#####################################   ] | 94% Completed | 1.60 s[####################################### ] | 99% Completed | 1.70 s[########################################] | 100% Completed | 1.80 s
[######################                  ] | 57% Completed | 1.00 s[#########################               ] | 63% Completed | 1.10 s[############################            ] | 70% Completed | 1.20 s[#############################           ] | 74% Completed | 1.30 s[################################        ] | 81% Completed | 1.40 s[##################################      ] | 87% Completed | 1.50 s[#####################################   ] | 93% Completed | 1.60 s[####################################### ] | 99% Completed | 1.70 s[########################################] | 100% Completed | 1.80 s
[38;5;23m2026-04-02 19:20:08[39m | [38;5;23mINFO[39m | Recoding given covariates from ['sex', 'batch'] to: ['batch', 'sex_male'] to handle categorical variables.[39m
[38;5;23m2026-04-02 19:20:08[39m | [38;5;23mINFO[39m | Performing DMR calling (control vs mutant)[39m
[################                        ] | 40% Completed | 1.00 s[################                        ] | 40% Completed | 1.10 s[################                        ] | 40% Completed | 1.20 s[################                        ] | 40% Completed | 1.30 s[################                        ] | 40% Completed | 1.40 s[################                        ] | 40% Completed | 1.50 s[################                        ] | 40% Completed | 1.60 s[################                        ] | 40% Completed | 1.70 s[################                        ] | 40% Completed | 1.80 s[################                        ] | 40% Completed | 1.90 s[################                        ] | 40% Completed | 2.00 s[################                        ] | 40% Completed | 2.10 s[################                        ] | 40% Completed | 2.20 s[################                        ] | 40% Completed | 2.31 s[################                        ] | 40% Completed | 2.41 s[################                        ] | 40% Completed | 2.51 s[################                        ] | 40% Completed | 2.61 s[################                        ] | 40% Completed | 2.71 s[################                        ] | 40% Completed | 2.81 s[################                        ] | 40% Completed | 2.91 s[################                        ] | 40% Completed | 3.01 s[################                        ] | 40% Completed | 3.11 s[################                        ] | 40% Completed | 3.21 s[################                        ] | 40% Completed | 3.31 s[################                        ] | 40% Completed | 3.41 s[################                        ] | 40% Completed | 3.51 s[################                        ] | 40% Completed | 3.61 s[################                        ] | 40% Completed | 3.71 s[################                        ] | 40% Completed | 3.81 s[################                        ] | 40% Completed | 3.91 s[################                        ] | 40% Completed | 4.01 s[################                        ] | 40% Completed | 4.11 s[################                        ] | 40% Completed | 4.21 s[################                        ] | 40% Completed | 4.31 s[################                        ] | 40% Completed | 4.41 s[################                        ] | 40% Completed | 4.51 s[################                        ] | 40% Completed | 4.61 s[################                        ] | 40% Completed | 4.71 s[################                        ] | 40% Completed | 4.81 s[################                        ] | 40% Completed | 4.91 s[################                        ] | 40% Completed | 5.01 s[################                        ] | 40% Completed | 5.11 s[################                        ] | 40% Completed | 5.21 s[################                        ] | 40% Completed | 5.31 s[################                        ] | 40% Completed | 5.41 s[################                        ] | 40% Completed | 5.51 s[################                        ] | 40% Completed | 5.61 s[################                        ] | 40% Completed | 5.71 s[################                        ] | 40% Completed | 5.81 s[################                        ] | 40% Completed | 5.91 s[################                        ] | 40% Completed | 6.01 s[################                        ] | 40% Completed | 6.11 s[################                        ] | 40% Completed | 6.21 s[################                        ] | 40% Completed | 6.31 s[################                        ] | 40% Completed | 6.42 s[################                        ] | 40% Completed | 6.52 s[################                        ] | 40% Completed | 6.62 s[################                        ] | 40% Completed | 6.72 s[################                        ] | 40% Completed | 6.82 s[################                        ] | 40% Completed | 6.92 s[################                        ] | 40% Completed | 7.02 s[################                        ] | 40% Completed | 7.12 s[################                        ] | 40% Completed | 7.22 s[################                        ] | 40% Completed | 7.32 s[################                        ] | 40% Completed | 7.42 s[################                        ] | 40% Completed | 7.52 s[################                        ] | 40% Completed | 7.62 s[################                        ] | 40% Completed | 7.72 s[################                        ] | 40% Completed | 7.82 s[################                        ] | 40% Completed | 7.92 s[################                        ] | 40% Completed | 8.02 s[################                        ] | 40% Completed | 8.12 s[################                        ] | 40% Completed | 8.22 s[################                        ] | 40% Completed | 8.32 s[################                        ] | 40% Completed | 8.42 s[################                        ] | 40% Completed | 8.52 s[################                        ] | 40% Completed | 8.62 s[################                        ] | 40% Completed | 8.72 s[################                        ] | 40% Completed | 8.82 s[################                        ] | 40% Completed | 8.92 s[################                        ] | 40% Completed | 9.02 s[################                        ] | 40% Completed | 9.12 s[################                        ] | 40% Completed | 9.22 s[################                        ] | 40% Completed | 9.32 s[################                        ] | 40% Completed | 9.42 s[################                        ] | 40% Completed | 9.52 s[################                        ] | 40% Completed | 9.62 s[################                        ] | 40% Completed | 9.72 s[################                        ] | 40% Completed | 9.82 s[################                        ] | 40% Completed | 9.92 s[################                        ] | 40% Completed | 10.02 s[################                        ] | 40% Completed | 10.12 s[################                        ] | 40% Completed | 10.22 s[################                        ] | 40% Completed | 10.32 s[################                        ] | 40% Completed | 10.42 s[################                        ] | 40% Completed | 10.52 s[################                        ] | 40% Completed | 10.62 s[################                        ] | 40% Completed | 10.72 s[################                        ] | 40% Completed | 10.82 s[################                        ] | 40% Completed | 10.93 s[################                        ] | 40% Completed | 11.03 s[################                        ] | 40% Completed | 11.13 s[################                        ] | 40% Completed | 11.23 s[################                        ] | 40% Completed | 11.33 s[################                        ] | 40% Completed | 11.43 s[################                        ] | 40% Completed | 11.53 s[################                        ] | 40% Completed | 11.63 s[################                        ] | 40% Completed | 11.73 s[################                        ] | 40% Completed | 11.83 s[################                        ] | 40% Completed | 11.93 s[################                        ] | 40% Completed | 12.03 s[################                        ] | 40% Completed | 12.13 s[################                        ] | 40% Completed | 12.23 s[################                        ] | 40% Completed | 12.33 s[################                        ] | 40% Completed | 12.43 s[################                        ] | 40% Completed | 12.53 s[################                        ] | 40% Completed | 12.63 s[################                        ] | 40% Completed | 12.73 s[################                        ] | 40% Completed | 12.83 s[################                        ] | 40% Completed | 12.93 s[################                        ] | 40% Completed | 13.03 s[################                        ] | 40% Completed | 13.13 s[################                        ] | 40% Completed | 13.23 s[################                        ] | 40% Completed | 13.33 s[################                        ] | 40% Completed | 13.43 s[################                        ] | 40% Completed | 13.53 s[################                        ] | 40% Completed | 13.63 s[################                        ] | 40% Completed | 13.73 s[################                        ] | 40% Completed | 13.83 s[################                        ] | 40% Completed | 13.93 s[################                        ] | 40% Completed | 14.03 s[################                        ] | 40% Completed | 14.13 s[################                        ] | 40% Completed | 14.23 s[################                        ] | 40% Completed | 14.33 s[################                        ] | 40% Completed | 14.43 s[################                        ] | 40% Completed | 14.53 s[################                        ] | 40% Completed | 14.63 s[################                        ] | 40% Completed | 14.73 s[################                        ] | 40% Completed | 14.83 s[################                        ] | 40% Completed | 14.93 s[################                        ] | 40% Completed | 15.03 s[################                        ] | 40% Completed | 15.13 s[################                        ] | 40% Completed | 15.23 s[################                        ] | 40% Completed | 15.34 s[################                        ] | 40% Completed | 15.44 s[################                        ] | 40% Completed | 15.54 s[################                        ] | 40% Completed | 15.64 s[################                        ] | 40% Completed | 15.74 s[################                        ] | 40% Completed | 15.84 s[################                        ] | 40% Completed | 15.94 s[################                        ] | 40% Completed | 16.04 s[################                        ] | 40% Completed | 16.14 s[################                        ] | 40% Completed | 16.24 s[################                        ] | 40% Completed | 16.34 s[################                        ] | 40% Completed | 16.44 s[################                        ] | 40% Completed | 16.54 s[################                        ] | 40% Completed | 16.64 s[################                        ] | 40% Completed | 16.74 s[################                        ] | 40% Completed | 16.84 s[################                        ] | 40% Completed | 16.94 s[################                        ] | 40% Completed | 17.04 s[################                        ] | 40% Completed | 17.14 s[################                        ] | 40% Completed | 17.24 s[################                        ] | 40% Completed | 17.34 s[################                        ] | 40% Completed | 17.44 s[################                        ] | 40% Completed | 17.54 s[################                        ] | 40% Completed | 17.64 s[################                        ] | 40% Completed | 17.74 s[################                        ] | 40% Completed | 17.84 s[################                        ] | 40% Completed | 17.94 s[################                        ] | 40% Completed | 18.04 s[################                        ] | 40% Completed | 18.14 s[################                        ] | 40% Completed | 18.24 s[################                        ] | 40% Completed | 18.34 s[################                        ] | 40% Completed | 18.44 s[####################################    ] | 90% Completed | 18.54 s[####################################    ] | 90% Completed | 18.64 s[####################################    ] | 90% Completed | 18.74 s[####################################    ] | 90% Completed | 18.84 s[####################################    ] | 90% Completed | 18.94 s[####################################    ] | 90% Completed | 19.04 s[####################################    ] | 90% Completed | 19.14 s[####################################    ] | 90% Completed | 19.24 s[####################################    ] | 90% Completed | 19.34 s[####################################    ] | 90% Completed | 19.45 s[####################################    ] | 90% Completed | 19.55 s[####################################    ] | 90% Completed | 19.65 s[####################################    ] | 90% Completed | 19.75 s[####################################    ] | 90% Completed | 19.85 s[####################################    ] | 90% Completed | 19.95 s[####################################    ] | 90% Completed | 20.05 s[####################################    ] | 90% Completed | 20.15 s[####################################    ] | 90% Completed | 20.25 s[####################################    ] | 90% Completed | 20.35 s[####################################    ] | 90% Completed | 20.45 s[####################################    ] | 90% Completed | 20.55 s[####################################    ] | 90% Completed | 20.65 s[####################################    ] | 90% Completed | 20.75 s[####################################    ] | 90% Completed | 20.85 s[####################################    ] | 90% Completed | 20.95 s[####################################    ] | 90% Completed | 21.05 s[####################################    ] | 90% Completed | 21.15 s[####################################    ] | 90% Completed | 21.25 s[####################################    ] | 90% Completed | 21.35 s[####################################    ] | 90% Completed | 21.45 s[####################################    ] | 90% Completed | 21.55 s[####################################    ] | 90% Completed | 21.65 s[####################################    ] | 90% Completed | 21.75 s[####################################    ] | 90% Completed | 21.85 s[####################################    ] | 90% Completed | 21.95 s[####################################    ] | 90% Completed | 22.05 s[####################################    ] | 90% Completed | 22.15 s[####################################    ] | 90% Completed | 22.25 s[####################################    ] | 90% Completed | 22.35 s[####################################    ] | 90% Completed | 22.45 s[####################################    ] | 90% Completed | 22.55 s[####################################    ] | 90% Completed | 22.65 s[####################################    ] | 90% Completed | 22.75 s[####################################    ] | 90% Completed | 22.85 s[####################################    ] | 90% Completed | 22.95 s[####################################    ] | 90% Completed | 23.05 s[####################################    ] | 90% Completed | 23.15 s[####################################    ] | 90% Completed | 23.25 s[####################################    ] | 90% Completed | 23.35 s[####################################    ] | 90% Completed | 23.45 s[####################################    ] | 90% Completed | 23.55 s[####################################    ] | 90% Completed | 23.66 s[####################################    ] | 90% Completed | 23.76 s[####################################    ] | 90% Completed | 23.86 s[####################################    ] | 90% Completed | 23.96 s[####################################    ] | 90% Completed | 24.06 s[####################################    ] | 90% Completed | 24.16 s[####################################    ] | 90% Completed | 24.26 s[####################################    ] | 90% Completed | 24.36 s[####################################    ] | 90% Completed | 24.46 s[####################################    ] | 90% Completed | 24.56 s[####################################    ] | 90% Completed | 24.66 s[####################################    ] | 90% Completed | 24.76 s[####################################    ] | 90% Completed | 24.86 s[####################################    ] | 90% Completed | 24.96 s[####################################    ] | 90% Completed | 25.06 s[####################################    ] | 90% Completed | 25.16 s[####################################    ] | 90% Completed | 25.26 s[####################################    ] | 90% Completed | 25.36 s[####################################    ] | 90% Completed | 25.46 s[####################################    ] | 90% Completed | 25.56 s[####################################    ] | 90% Completed | 25.66 s[####################################    ] | 90% Completed | 25.76 s[####################################    ] | 90% Completed | 25.86 s[####################################    ] | 90% Completed | 25.96 s[####################################    ] | 90% Completed | 26.06 s[####################################    ] | 90% Completed | 26.16 s[####################################    ] | 90% Completed | 26.26 s[####################################    ] | 90% Completed | 26.36 s[####################################    ] | 90% Completed | 26.46 s[####################################    ] | 90% Completed | 26.56 s[####################################    ] | 90% Completed | 26.66 s[####################################    ] | 90% Completed | 26.76 s[####################################    ] | 90% Completed | 26.86 s[####################################    ] | 90% Completed | 26.96 s[####################################    ] | 90% Completed | 27.06 s[####################################    ] | 90% Completed | 27.16 s[####################################    ] | 90% Completed | 27.26 s[####################################    ] | 90% Completed | 27.36 s[####################################    ] | 90% Completed | 27.46 s[####################################    ] | 90% Completed | 27.56 s[####################################    ] | 90% Completed | 27.66 s[####################################    ] | 90% Completed | 27.77 s[####################################    ] | 90% Completed | 27.87 s[####################################    ] | 90% Completed | 27.97 s[####################################    ] | 90% Completed | 28.07 s[####################################    ] | 90% Completed | 28.17 s[####################################    ] | 90% Completed | 28.27 s[####################################    ] | 90% Completed | 28.37 s[####################################    ] | 90% Completed | 28.47 s[####################################    ] | 90% Completed | 28.57 s[####################################    ] | 90% Completed | 28.67 s[####################################    ] | 90% Completed | 28.77 s[####################################    ] | 90% Completed | 28.87 s[####################################    ] | 90% Completed | 28.97 s[####################################    ] | 90% Completed | 29.07 s[####################################    ] | 90% Completed | 29.17 s[####################################    ] | 90% Completed | 29.27 s[####################################    ] | 90% Completed | 29.37 s[####################################    ] | 90% Completed | 29.47 s[####################################    ] | 90% Completed | 29.57 s[####################################    ] | 90% Completed | 29.67 s[####################################    ] | 90% Completed | 29.77 s[####################################    ] | 90% Completed | 29.87 s[####################################    ] | 90% Completed | 29.97 s[####################################    ] | 90% Completed | 30.07 s[####################################    ] | 90% Completed | 30.17 s[####################################    ] | 90% Completed | 30.27 s[####################################    ] | 90% Completed | 30.37 s[####################################    ] | 90% Completed | 30.47 s[####################################    ] | 90% Completed | 30.57 s[####################################    ] | 90% Completed | 30.67 s[####################################    ] | 90% Completed | 30.77 s[####################################    ] | 90% Completed | 30.87 s[####################################    ] | 90% Completed | 30.97 s[####################################    ] | 90% Completed | 31.07 s[####################################    ] | 90% Completed | 31.17 s[####################################    ] | 90% Completed | 31.27 s[####################################    ] | 90% Completed | 31.37 s[####################################    ] | 90% Completed | 31.47 s[####################################    ] | 90% Completed | 31.58 s[####################################    ] | 90% Completed | 31.68 s[####################################    ] | 90% Completed | 31.78 s[####################################    ] | 90% Completed | 31.88 s[####################################    ] | 90% Completed | 31.98 s[####################################    ] | 90% Completed | 32.08 s[####################################    ] | 90% Completed | 32.18 s[####################################    ] | 90% Completed | 32.28 s[####################################    ] | 90% Completed | 32.38 s[####################################    ] | 90% Completed | 32.48 s[####################################    ] | 90% Completed | 32.58 s[####################################    ] | 90% Completed | 32.68 s[####################################    ] | 90% Completed | 32.78 s[####################################    ] | 90% Completed | 32.88 s[####################################    ] | 90% Completed | 32.98 s[####################################    ] | 90% Completed | 33.08 s[####################################    ] | 90% Completed | 33.18 s[####################################    ] | 90% Completed | 33.28 s[####################################    ] | 90% Completed | 33.38 s[####################################    ] | 90% Completed | 33.48 s[####################################    ] | 90% Completed | 33.58 s[####################################    ] | 90% Completed | 33.68 s[####################################    ] | 90% Completed | 33.78 s[####################################    ] | 90% Completed | 33.88 s[####################################    ] | 90% Completed | 33.98 s[####################################    ] | 90% Completed | 34.08 s[####################################    ] | 90% Completed | 34.18 s[####################################    ] | 90% Completed | 34.28 s[####################################    ] | 90% Completed | 34.38 s[####################################    ] | 90% Completed | 34.48 s[####################################    ] | 90% Completed | 34.58 s[####################################    ] | 90% Completed | 34.68 s[####################################    ] | 90% Completed | 34.78 s[####################################    ] | 90% Completed | 34.88 s[####################################    ] | 90% Completed | 34.98 s[####################################    ] | 90% Completed | 35.08 s[####################################    ] | 90% Completed | 35.19 s[####################################    ] | 90% Completed | 35.29 s[####################################    ] | 90% Completed | 35.39 s[####################################    ] | 90% Completed | 35.49 s[####################################    ] | 90% Completed | 35.59 s[####################################    ] | 90% Completed | 35.69 s[####################################    ] | 90% Completed | 35.79 s[####################################    ] | 90% Completed | 35.89 s[####################################    ] | 90% Completed | 35.99 s[####################################    ] | 90% Completed | 36.09 s[####################################    ] | 90% Completed | 36.19 s[####################################    ] | 90% Completed | 36.29 s[####################################    ] | 90% Completed | 36.39 s[####################################    ] | 90% Completed | 36.49 s[####################################    ] | 90% Completed | 36.59 s[####################################    ] | 90% Completed | 36.69 s[####################################    ] | 90% Completed | 36.79 s[####################################    ] | 90% Completed | 36.89 s[########################################] | 100% Completed | 36.99 s
[38;5;23m2026-04-02 19:20:45[39m | [33mWARNING[39m | [33mExtra columns detected: Index(['Annotation', 'Name'], dtype='object'). These will be retained but are not validated.[39m
[38;5;23m2026-04-02 19:20:45[39m | [38;5;23mINFO[39m | Writing DMRs to /expanse/lustre/projects/csd940/zalibhai/biomodal/modality/outputs_CG/Results/gencode.vM25.mouse.promoters.annotation/DMR_20260402_192045/DMR_mc_control__mutant_20260402_192045.bed.
Columns are :
`Chromosome Start End Name Score Strand num_contexts mean_coverage_across_samples mean_mod_group_1mean_mod_group_2 mod_fold_change mod_difference test_statistic dmr_pvalue dmr_qvalue
Please note that:
 - Name, Score, Strand are not used and are set to `.` for compatibility with pyranges
[39m
[38;5;23m2026-04-02 19:20:45[39m | [38;5;23mINFO[39m | Aggregating dataset for DMR calling (this may take multiple steps)...[39m
[#######################                 ] | 58% Completed | 1.00 s[##########################              ] | 65% Completed | 1.10 s[############################            ] | 71% Completed | 1.20 s[###############################         ] | 77% Completed | 1.30 s[#################################       ] | 84% Completed | 1.40 s[####################################    ] | 90% Completed | 1.50 s[######################################  ] | 96% Completed | 1.60 s[########################################] | 100% Completed | 1.70 s
[####################                    ] | 50% Completed | 1.07 s[######################                  ] | 56% Completed | 1.17 s[#########################               ] | 62% Completed | 1.27 s[###########################             ] | 69% Completed | 1.37 s[#############################           ] | 73% Completed | 1.47 s[###############################         ] | 79% Completed | 1.57 s[##################################      ] | 85% Completed | 1.67 s[####################################    ] | 92% Completed | 1.77 s[######################################  ] | 97% Completed | 1.87 s[########################################] | 100% Completed | 1.97 s
[38;5;23m2026-04-02 19:20:55[39m | [38;5;23mINFO[39m | Recoding given covariates from ['sex', 'batch'] to: ['batch', 'sex_male'] to handle categorical variables.[39m
[38;5;23m2026-04-02 19:20:55[39m | [38;5;23mINFO[39m | Performing DMR calling (control vs mutant)[39m
[################                        ] | 40% Completed | 1.00 s[################                        ] | 40% Completed | 1.10 s[################                        ] | 40% Completed | 1.20 s[################                        ] | 40% Completed | 1.30 s[################                        ] | 40% Completed | 1.40 s[################                        ] | 40% Completed | 1.50 s[################                        ] | 40% Completed | 1.60 s[################                        ] | 40% Completed | 1.70 s[################                        ] | 40% Completed | 1.80 s[################                        ] | 40% Completed | 1.90 s[################                        ] | 40% Completed | 2.00 s[################                        ] | 40% Completed | 2.10 s[################                        ] | 40% Completed | 2.20 s[################                        ] | 40% Completed | 2.30 s[################                        ] | 40% Completed | 2.40 s[################                        ] | 40% Completed | 2.50 s[################                        ] | 40% Completed | 2.60 s[################                        ] | 40% Completed | 2.70 s[################                        ] | 40% Completed | 2.80 s[################                        ] | 40% Completed | 2.90 s[################                        ] | 40% Completed | 3.00 s[################                        ] | 40% Completed | 3.10 s[################                        ] | 40% Completed | 3.20 s[################                        ] | 40% Completed | 3.30 s[################                        ] | 40% Completed | 3.40 s[################                        ] | 40% Completed | 3.50 s[################                        ] | 40% Completed | 3.60 s[################                        ] | 40% Completed | 3.70 s[################                        ] | 40% Completed | 3.80 s[################                        ] | 40% Completed | 3.90 s[################                        ] | 40% Completed | 4.00 s[################                        ] | 40% Completed | 4.10 s[################                        ] | 40% Completed | 4.20 s[################                        ] | 40% Completed | 4.30 s[################                        ] | 40% Completed | 4.40 s[################                        ] | 40% Completed | 4.50 s[################                        ] | 40% Completed | 4.60 s[################                        ] | 40% Completed | 4.70 s[################                        ] | 40% Completed | 4.81 s[################                        ] | 40% Completed | 4.91 s[################                        ] | 40% Completed | 5.01 s[################                        ] | 40% Completed | 5.11 s[################                        ] | 40% Completed | 5.21 s[################                        ] | 40% Completed | 5.31 s[################                        ] | 40% Completed | 5.41 s[################                        ] | 40% Completed | 5.51 s[################                        ] | 40% Completed | 5.61 s[################                        ] | 40% Completed | 5.71 s[################                        ] | 40% Completed | 5.81 s[################                        ] | 40% Completed | 5.91 s[################                        ] | 40% Completed | 6.01 s[################                        ] | 40% Completed | 6.11 s[################                        ] | 40% Completed | 6.21 s[################                        ] | 40% Completed | 6.31 s[################                        ] | 40% Completed | 6.41 s[################                        ] | 40% Completed | 6.51 s[################                        ] | 40% Completed | 6.61 s[################                        ] | 40% Completed | 6.71 s[################                        ] | 40% Completed | 6.81 s[################                        ] | 40% Completed | 6.91 s[################                        ] | 40% Completed | 7.01 s[################                        ] | 40% Completed | 7.11 s[################                        ] | 40% Completed | 7.21 s[################                        ] | 40% Completed | 7.31 s[################                        ] | 40% Completed | 7.41 s[################                        ] | 40% Completed | 7.51 s[################                        ] | 40% Completed | 7.61 s[################                        ] | 40% Completed | 7.71 s[################                        ] | 40% Completed | 7.81 s[################                        ] | 40% Completed | 7.91 s[################                        ] | 40% Completed | 8.01 s[################                        ] | 40% Completed | 8.11 s[################                        ] | 40% Completed | 8.21 s[################                        ] | 40% Completed | 8.31 s[################                        ] | 40% Completed | 8.41 s[################                        ] | 40% Completed | 8.51 s[################                        ] | 40% Completed | 8.61 s[################                        ] | 40% Completed | 8.71 s[################                        ] | 40% Completed | 8.81 s[################                        ] | 40% Completed | 8.91 s[################                        ] | 40% Completed | 9.01 s[################                        ] | 40% Completed | 9.11 s[################                        ] | 40% Completed | 9.21 s[################                        ] | 40% Completed | 9.31 s[################                        ] | 40% Completed | 9.41 s[################                        ] | 40% Completed | 9.51 s[################                        ] | 40% Completed | 9.61 s[################                        ] | 40% Completed | 9.71 s[################                        ] | 40% Completed | 9.81 s[################                        ] | 40% Completed | 9.91 s[################                        ] | 40% Completed | 10.01 s[################                        ] | 40% Completed | 10.11 s[################                        ] | 40% Completed | 10.21 s[################                        ] | 40% Completed | 10.31 s[################                        ] | 40% Completed | 10.41 s[################                        ] | 40% Completed | 10.51 s[################                        ] | 40% Completed | 10.61 s[################                        ] | 40% Completed | 10.71 s[################                        ] | 40% Completed | 10.81 s[################                        ] | 40% Completed | 10.91 s[################                        ] | 40% Completed | 11.01 s[################                        ] | 40% Completed | 11.11 s[################                        ] | 40% Completed | 11.21 s[################                        ] | 40% Completed | 11.31 s[################                        ] | 40% Completed | 11.41 s[################                        ] | 40% Completed | 11.51 s[################                        ] | 40% Completed | 11.61 s[################                        ] | 40% Completed | 11.71 s[################                        ] | 40% Completed | 11.81 s[################                        ] | 40% Completed | 11.91 s[################                        ] | 40% Completed | 12.01 s[################                        ] | 40% Completed | 12.11 s[################                        ] | 40% Completed | 12.21 s[################                        ] | 40% Completed | 12.31 s[################                        ] | 40% Completed | 12.41 s[################                        ] | 40% Completed | 12.51 s[################                        ] | 40% Completed | 12.61 s[################                        ] | 40% Completed | 12.71 s[################                        ] | 40% Completed | 12.81 s[################                        ] | 40% Completed | 12.91 s[################                        ] | 40% Completed | 13.01 s[################                        ] | 40% Completed | 13.11 s[################                        ] | 40% Completed | 13.21 s[################                        ] | 40% Completed | 13.31 s[################                        ] | 40% Completed | 13.41 s[################                        ] | 40% Completed | 13.51 s[################                        ] | 40% Completed | 13.61 s[################                        ] | 40% Completed | 13.71 s[################                        ] | 40% Completed | 13.81 s[################                        ] | 40% Completed | 13.91 s[################                        ] | 40% Completed | 14.01 s[################                        ] | 40% Completed | 14.11 s[################                        ] | 40% Completed | 14.22 s[################                        ] | 40% Completed | 14.32 s[################                        ] | 40% Completed | 14.42 s[################                        ] | 40% Completed | 14.52 s[################                        ] | 40% Completed | 14.62 s[################                        ] | 40% Completed | 14.72 s[################                        ] | 40% Completed | 14.82 s[################                        ] | 40% Completed | 14.92 s[################                        ] | 40% Completed | 15.02 s[################                        ] | 40% Completed | 15.12 s[################                        ] | 40% Completed | 15.22 s[################                        ] | 40% Completed | 15.32 s[################                        ] | 40% Completed | 15.42 s[################                        ] | 40% Completed | 15.52 s[################                        ] | 40% Completed | 15.62 s[################                        ] | 40% Completed | 15.72 s[################                        ] | 40% Completed | 15.82 s[################                        ] | 40% Completed | 15.92 s[################                        ] | 40% Completed | 16.02 s[################                        ] | 40% Completed | 16.12 s[################                        ] | 40% Completed | 16.22 s[################                        ] | 40% Completed | 16.32 s[################                        ] | 40% Completed | 16.42 s[################                        ] | 40% Completed | 16.52 s[################                        ] | 40% Completed | 16.62 s[################                        ] | 40% Completed | 16.72 s[################                        ] | 40% Completed | 16.82 s[################                        ] | 40% Completed | 16.92 s[################                        ] | 40% Completed | 17.02 s[################                        ] | 40% Completed | 17.12 s[################                        ] | 40% Completed | 17.22 s[################                        ] | 40% Completed | 17.32 s[################                        ] | 40% Completed | 17.42 s[################                        ] | 40% Completed | 17.52 s[################                        ] | 40% Completed | 17.62 s[################                        ] | 40% Completed | 17.72 s[################                        ] | 40% Completed | 17.82 s[################                        ] | 40% Completed | 17.92 s[################                        ] | 40% Completed | 18.02 s[################                        ] | 40% Completed | 18.12 s[################                        ] | 40% Completed | 18.22 s[################                        ] | 40% Completed | 18.32 s[################                        ] | 40% Completed | 18.42 s[################                        ] | 40% Completed | 18.52 s[################                        ] | 40% Completed | 18.62 s[################                        ] | 40% Completed | 18.72 s[################                        ] | 40% Completed | 18.82 s[####################################    ] | 90% Completed | 18.92 s[####################################    ] | 90% Completed | 19.02 s[####################################    ] | 90% Completed | 19.12 s[####################################    ] | 90% Completed | 19.22 s[####################################    ] | 90% Completed | 19.32 s[####################################    ] | 90% Completed | 19.42 s[####################################    ] | 90% Completed | 19.52 s[####################################    ] | 90% Completed | 19.62 s[####################################    ] | 90% Completed | 19.72 s[####################################    ] | 90% Completed | 19.82 s[####################################    ] | 90% Completed | 19.92 s[####################################    ] | 90% Completed | 20.02 s[####################################    ] | 90% Completed | 20.12 s[####################################    ] | 90% Completed | 20.22 s[####################################    ] | 90% Completed | 20.32 s[####################################    ] | 90% Completed | 20.42 s[####################################    ] | 90% Completed | 20.52 s[####################################    ] | 90% Completed | 20.62 s[####################################    ] | 90% Completed | 20.72 s[####################################    ] | 90% Completed | 20.82 s[####################################    ] | 90% Completed | 20.92 s[####################################    ] | 90% Completed | 21.02 s[####################################    ] | 90% Completed | 21.12 s[####################################    ] | 90% Completed | 21.22 s[####################################    ] | 90% Completed | 21.32 s[####################################    ] | 90% Completed | 21.42 s[####################################    ] | 90% Completed | 21.52 s[####################################    ] | 90% Completed | 21.62 s[####################################    ] | 90% Completed | 21.72 s[####################################    ] | 90% Completed | 21.82 s[####################################    ] | 90% Completed | 21.92 s[####################################    ] | 90% Completed | 22.02 s[####################################    ] | 90% Completed | 22.12 s[####################################    ] | 90% Completed | 22.22 s[####################################    ] | 90% Completed | 22.32 s[####################################    ] | 90% Completed | 22.42 s[####################################    ] | 90% Completed | 22.52 s[####################################    ] | 90% Completed | 22.62 s[####################################    ] | 90% Completed | 22.72 s[####################################    ] | 90% Completed | 22.82 s[####################################    ] | 90% Completed | 22.92 s[####################################    ] | 90% Completed | 23.02 s[####################################    ] | 90% Completed | 23.12 s[####################################    ] | 90% Completed | 23.22 s[####################################    ] | 90% Completed | 23.32 s[####################################    ] | 90% Completed | 23.42 s[####################################    ] | 90% Completed | 23.52 s[####################################    ] | 90% Completed | 23.63 s[####################################    ] | 90% Completed | 23.73 s[####################################    ] | 90% Completed | 23.83 s[####################################    ] | 90% Completed | 23.93 s[####################################    ] | 90% Completed | 24.03 s[####################################    ] | 90% Completed | 24.13 s[####################################    ] | 90% Completed | 24.23 s[####################################    ] | 90% Completed | 24.33 s[####################################    ] | 90% Completed | 24.43 s[####################################    ] | 90% Completed | 24.53 s[####################################    ] | 90% Completed | 24.63 s[####################################    ] | 90% Completed | 24.73 s[####################################    ] | 90% Completed | 24.83 s[####################################    ] | 90% Completed | 24.93 s[####################################    ] | 90% Completed | 25.03 s[####################################    ] | 90% Completed | 25.13 s[####################################    ] | 90% Completed | 25.23 s[####################################    ] | 90% Completed | 25.33 s[####################################    ] | 90% Completed | 25.43 s[####################################    ] | 90% Completed | 25.53 s[####################################    ] | 90% Completed | 25.63 s[####################################    ] | 90% Completed | 25.73 s[####################################    ] | 90% Completed | 25.83 s[####################################    ] | 90% Completed | 25.93 s[####################################    ] | 90% Completed | 26.03 s[####################################    ] | 90% Completed | 26.13 s[####################################    ] | 90% Completed | 26.23 s[####################################    ] | 90% Completed | 26.33 s[####################################    ] | 90% Completed | 26.43 s[####################################    ] | 90% Completed | 26.53 s[####################################    ] | 90% Completed | 26.63 s[####################################    ] | 90% Completed | 26.73 s[####################################    ] | 90% Completed | 26.83 s[####################################    ] | 90% Completed | 26.93 s[####################################    ] | 90% Completed | 27.03 s[####################################    ] | 90% Completed | 27.13 s[####################################    ] | 90% Completed | 27.23 s[####################################    ] | 90% Completed | 27.33 s[####################################    ] | 90% Completed | 27.43 s[####################################    ] | 90% Completed | 27.53 s[####################################    ] | 90% Completed | 27.63 s[####################################    ] | 90% Completed | 27.73 s[####################################    ] | 90% Completed | 27.83 s[####################################    ] | 90% Completed | 27.93 s[####################################    ] | 90% Completed | 28.03 s[####################################    ] | 90% Completed | 28.13 s[####################################    ] | 90% Completed | 28.23 s[####################################    ] | 90% Completed | 28.33 s[####################################    ] | 90% Completed | 28.43 s[####################################    ] | 90% Completed | 28.53 s[####################################    ] | 90% Completed | 28.63 s[####################################    ] | 90% Completed | 28.73 s[####################################    ] | 90% Completed | 28.83 s[####################################    ] | 90% Completed | 28.93 s[####################################    ] | 90% Completed | 29.03 s[####################################    ] | 90% Completed | 29.14 s[####################################    ] | 90% Completed | 29.24 s[####################################    ] | 90% Completed | 29.34 s[####################################    ] | 90% Completed | 29.44 s[####################################    ] | 90% Completed | 29.54 s[####################################    ] | 90% Completed | 29.64 s[####################################    ] | 90% Completed | 29.74 s[####################################    ] | 90% Completed | 29.84 s[####################################    ] | 90% Completed | 29.94 s[####################################    ] | 90% Completed | 30.04 s[####################################    ] | 90% Completed | 30.14 s[####################################    ] | 90% Completed | 30.24 s[####################################    ] | 90% Completed | 30.34 s[####################################    ] | 90% Completed | 30.44 s[####################################    ] | 90% Completed | 30.54 s[####################################    ] | 90% Completed | 30.64 s[####################################    ] | 90% Completed | 30.74 s[####################################    ] | 90% Completed | 30.84 s[####################################    ] | 90% Completed | 30.94 s[####################################    ] | 90% Completed | 31.04 s[####################################    ] | 90% Completed | 31.14 s[####################################    ] | 90% Completed | 31.24 s[####################################    ] | 90% Completed | 31.34 s[####################################    ] | 90% Completed | 31.44 s[####################################    ] | 90% Completed | 31.54 s[####################################    ] | 90% Completed | 31.64 s[####################################    ] | 90% Completed | 31.74 s[####################################    ] | 90% Completed | 31.84 s[####################################    ] | 90% Completed | 31.94 s[####################################    ] | 90% Completed | 32.04 s[####################################    ] | 90% Completed | 32.14 s[####################################    ] | 90% Completed | 32.24 s[####################################    ] | 90% Completed | 32.34 s[####################################    ] | 90% Completed | 32.44 s[####################################    ] | 90% Completed | 32.54 s[####################################    ] | 90% Completed | 32.64 s[####################################    ] | 90% Completed | 32.74 s[####################################    ] | 90% Completed | 32.84 s[####################################    ] | 90% Completed | 32.94 s[####################################    ] | 90% Completed | 33.04 s[####################################    ] | 90% Completed | 33.14 s[####################################    ] | 90% Completed | 33.24 s[####################################    ] | 90% Completed | 33.34 s[####################################    ] | 90% Completed | 33.44 s[####################################    ] | 90% Completed | 33.54 s[####################################    ] | 90% Completed | 33.64 s[####################################    ] | 90% Completed | 33.74 s[####################################    ] | 90% Completed | 33.84 s[####################################    ] | 90% Completed | 33.94 s[####################################    ] | 90% Completed | 34.04 s[####################################    ] | 90% Completed | 34.14 s[####################################    ] | 90% Completed | 34.24 s[####################################    ] | 90% Completed | 34.34 s[####################################    ] | 90% Completed | 34.44 s[####################################    ] | 90% Completed | 34.54 s[####################################    ] | 90% Completed | 34.65 s[####################################    ] | 90% Completed | 34.75 s[####################################    ] | 90% Completed | 34.85 s[####################################    ] | 90% Completed | 34.95 s[####################################    ] | 90% Completed | 35.05 s[####################################    ] | 90% Completed | 35.15 s[####################################    ] | 90% Completed | 35.25 s[####################################    ] | 90% Completed | 35.35 s[####################################    ] | 90% Completed | 35.45 s[####################################    ] | 90% Completed | 35.55 s[####################################    ] | 90% Completed | 35.65 s[####################################    ] | 90% Completed | 35.75 s[####################################    ] | 90% Completed | 35.85 s[####################################    ] | 90% Completed | 35.95 s[####################################    ] | 90% Completed | 36.05 s[####################################    ] | 90% Completed | 36.15 s[####################################    ] | 90% Completed | 36.25 s[####################################    ] | 90% Completed | 36.35 s[####################################    ] | 90% Completed | 36.45 s[####################################    ] | 90% Completed | 36.55 s[####################################    ] | 90% Completed | 36.65 s[####################################    ] | 90% Completed | 36.75 s[####################################    ] | 90% Completed | 36.85 s[####################################    ] | 90% Completed | 36.95 s[####################################    ] | 90% Completed | 37.05 s[####################################    ] | 90% Completed | 37.15 s[####################################    ] | 90% Completed | 37.25 s[####################################    ] | 90% Completed | 37.35 s[####################################    ] | 90% Completed | 37.45 s[####################################    ] | 90% Completed | 37.55 s[####################################    ] | 90% Completed | 37.65 s[####################################    ] | 90% Completed | 37.75 s[####################################    ] | 90% Completed | 37.85 s[########################################] | 100% Completed | 37.95 s
[38;5;23m2026-04-02 19:21:33[39m | [33mWARNING[39m | [33mExtra columns detected: Index(['Annotation', 'Name'], dtype='object'). These will be retained but are not validated.[39m
[38;5;23m2026-04-02 19:21:33[39m | [38;5;23mINFO[39m | Writing DMRs to /expanse/lustre/projects/csd940/zalibhai/biomodal/modality/outputs_CG/Results/gencode.vM25.mouse.promoters.annotation/DMR_20260402_192045/DMR_hmc_control__mutant_20260402_192045.bed.
Columns are :
`Chromosome Start End Name Score Strand num_contexts mean_coverage_across_samples mean_mod_group_1mean_mod_group_2 mod_fold_change mod_difference test_statistic dmr_pvalue dmr_qvalue
Please note that:
 - Name, Score, Strand are not used and are set to `.` for compatibility with pyranges
[39m
[38;5;23m2026-04-02 19:21:33[39m  [1m[38;5;154mDMR calling completed successfully! Outputs saved to: /expanse/lustre/projects/csd940/zalibhai/biomodal/modality/outputs_CG/Results/gencode.vM25.mouse.promoters.annotation[39m
[38;5;23m2026-04-02 19:21:33[39m | [38;5;23mINFO[39m | DMR track configuration files saved successfully.[39m
[38;5;23m2026-04-02 19:21:33[39m  Wrote provenance sidecar file to /expanse/lustre/projects/csd940/zalibhai/biomodal/modality/outputs_CG/Results/gencode.vM25.mouse.promoters.annotation/DMR_20260402_192045/modality_metadata_20260402_192133.json[39m
/expanse/lustre/projects/csd940/zalibhai/biomodal/modality/outputs_CG/Results/gencode.vM25.mouse.promoters.annotation/DMR_20260402_192045/DMR_mc_control__mutant_20260402_192045.bed /expanse/lustre/projects/csd940/zalibhai/biomodal/modality/outputs_CG/Results/gencode.vM25.mouse.promoters.annotation/DMR_20260402_192045/DMR_hmc_control__mutant_20260402_192045.bed
[INFO] 2026-04-02 19:21:34 - DMR calling completed for /expanse/lustre/projects/csd940/zalibhai/biomodal/modality/mm10/gencode.vM25.mouse.promoters.annotation.bed.gz
[INFO] 2026-04-02 19:21:34 - Running DMR calling on region file: /expanse/lustre/projects/csd940/zalibhai/biomodal/modality/mm10/gencode.vM25.mouse.tss_region.annotation.bed.gz
Logged in using stored credentials
[38;5;23m2026-04-02 19:21:38[39m  [1m[38;5;123mProvenance information:[39m
[38;5;23m2026-04-02 19:21:38[39m  cmd='/home/zalibhai/miniforge3/envs/modality/bin/modality -v dmr call --zarr-path /expanse/lustre/projects/csd940/zalibhai/biomodal/evoC-run/output/duet-1.5.0_evoC_Bap1_run_6bp/sample_outputs/zarr_store/CG/evoC_Bap1_run.genome.GRCm38_primary_assembly.dedup.CG.zarrz --sample-sheet /expanse/lustre/projects/csd940/zalibhai/biomodal/modality/metadata.tsv --condition-array-name condition --methylation-contexts num_mc num_hmc --bedfile /expanse/lustre/projects/csd940/zalibhai/biomodal/modality/mm10/gencode.vM25.mouse.tss_region.annotation.bed.gz --covariates sex batch --filter-context-depth 10 --condition-order control mutant --output-dir /expanse/lustre/projects/csd940/zalibhai/biomodal/modality/outputs_CG/Results/gencode.vM25.mouse.tss_region.annotation'
timestamp=2026-04-02T19:21:38.187472
version=1.0.0
user=zalibhai

[39m
[38;5;23m2026-04-02 19:21:38[39m  [1m[38;5;123mStarting differential methylation analysis:[39m
[38;5;23m2026-04-02 19:21:38[39m  [38;5;248mZarr path(s)[39m: ['/expanse/lustre/projects/csd940/zalibhai/biomodal/evoC-run/output/duet-1.5.0_evoC_Bap1_run_6bp/sample_outputs/zarr_store/CG/evoC_Bap1_run.genome.GRCm38_primary_assembly.dedup.CG.zarrz'][39m
[38;5;23m2026-04-02 19:21:38[39m  [38;5;248mSample Sheet[39m: /expanse/lustre/projects/csd940/zalibhai/biomodal/modality/metadata.tsv[39m
[38;5;23m2026-04-02 19:21:38[39m  [38;5;248mCondition Array Name[39m: condition[39m
[38;5;23m2026-04-02 19:21:38[39m  [38;5;248mMethylation Contexts[39m: ['num_mc', 'num_hmc'][39m
[38;5;23m2026-04-02 19:21:38[39m  [38;5;248mBedfile[39m: /expanse/lustre/projects/csd940/zalibhai/biomodal/modality/mm10/gencode.vM25.mouse.tss_region.annotation.bed.gz[39m
[38;5;23m2026-04-02 19:21:38[39m  [38;5;248mCovariates[39m: ['sex', 'batch'][39m
[38;5;23m2026-04-02 19:21:38[39m  [38;5;248mMin Coverage[39m: 10[39m
[38;5;23m2026-04-02 19:21:38[39m  [38;5;248mCondition Order[39m: ['control', 'mutant'][39m
[38;5;23m2026-04-02 19:21:38[39m  [38;5;248mOutput Dir[39m: /expanse/lustre/projects/csd940/zalibhai/biomodal/modality/outputs_CG/Results/gencode.vM25.mouse.tss_region.annotation[39m
[38;5;23m2026-04-02 19:21:38[39m  [38;5;248mWindow Size[39m: None[39m
[38;5;23m2026-04-02 19:21:38[39m  [38;5;248mNum Contexts[39m: 0[39m
[38;5;23m2026-04-02 19:21:38[39m  [38;5;248mRegion[39m: None[39m
[38;5;23m2026-04-02 19:21:38[39m  [38;5;248mOverdispersion[39m: False[39m
[38;5;23m2026-04-02 19:21:38[39m  [38;5;248mStatistical Test[39m: wald[39m
[38;5;23m2026-04-02 19:21:38[39m  [38;5;248mDisable Strand Merging[39m: False[39m
[38;5;23m2026-04-02 19:21:38[39m  [38;5;248mCompress[39m: False[39m
[38;5;23m2026-04-02 19:21:38[39m | [38;5;23mINFO[39m | Loading Zarr dataset...[39m
[38;5;23m2026-04-02 19:21:40[39m | [38;5;23mINFO[39m | Merging CpG strands in the dataset.[39m
[38;5;23m2026-04-02 19:21:49[39m | [38;5;23mINFO[39m | Starting DMR calling process, this could take a few minutes...[39m
[38;5;23m2026-04-02 19:21:49[39m | [38;5;23mINFO[39m | Aligning sample sheet with dataset...[39m
[#############                           ] | 32% Completed | 1.07 s[##############                          ] | 36% Completed | 1.17 s[################                        ] | 41% Completed | 1.27 s[##################                      ] | 45% Completed | 1.37 s[###################                     ] | 49% Completed | 1.47 s[#####################                   ] | 53% Completed | 1.57 s[######################                  ] | 57% Completed | 1.67 s[########################                ] | 61% Completed | 1.77 s[##########################              ] | 65% Completed | 1.87 s[###########################             ] | 69% Completed | 1.97 s[#############################           ] | 73% Completed | 2.07 s[###############################         ] | 77% Completed | 2.17 s[########################################] | 100% Completed | 2.30 s
[38;5;23m2026-04-02 19:21:51[39m | [38;5;23mINFO[39m | filtering low coverage contexts (this may take multiple steps)...[39m
[#####################################   ] | 93% Completed | 1.00 s[########################################] | 100% Completed | 1.10 s
[                                        ] | 0% Completed | 1.00 s[                                        ] | 0% Completed | 1.10 s[                                        ] | 0% Completed | 1.20 s[                                        ] | 0% Completed | 1.30 s[                                        ] | 0% Completed | 1.40 s[########################################] | 100% Completed | 1.50 s
[###########                             ] | 27% Completed | 1.01 s[############                            ] | 30% Completed | 1.11 s[#############                           ] | 34% Completed | 1.21 s[##############                          ] | 37% Completed | 1.31 s[################                        ] | 40% Completed | 1.41 s[#################                       ] | 43% Completed | 1.51 s[##################                      ] | 47% Completed | 1.61 s[####################                    ] | 50% Completed | 1.71 s[#####################                   ] | 53% Completed | 1.81 s[######################                  ] | 56% Completed | 1.91 s[########################                ] | 60% Completed | 2.01 s[#########################               ] | 63% Completed | 2.11 s[##########################              ] | 66% Completed | 2.21 s[###########################             ] | 69% Completed | 2.31 s[#############################           ] | 73% Completed | 2.41 s[##############################          ] | 76% Completed | 2.51 s[###############################         ] | 79% Completed | 2.61 s[########################################] | 100% Completed | 2.71 s
[#########                               ] | 24% Completed | 1.04 s[###########                             ] | 27% Completed | 1.14 s[############                            ] | 31% Completed | 1.25 s[#############                           ] | 34% Completed | 1.35 s[##############                          ] | 37% Completed | 1.45 s[################                        ] | 40% Completed | 1.55 s[#################                       ] | 43% Completed | 1.65 s[##################                      ] | 47% Completed | 1.75 s[####################                    ] | 50% Completed | 1.85 s[#####################                   ] | 53% Completed | 1.95 s[######################                  ] | 56% Completed | 2.05 s[#######################                 ] | 59% Completed | 2.15 s[#########################               ] | 63% Completed | 2.25 s[##########################              ] | 66% Completed | 2.35 s[###########################             ] | 69% Completed | 2.45 s[############################            ] | 72% Completed | 2.55 s[##############################          ] | 75% Completed | 2.65 s[###############################         ] | 78% Completed | 2.75 s[################################        ] | 81% Completed | 2.85 s[###################################     ] | 88% Completed | 2.95 s[########################################] | 100% Completed | 3.05 s
[38;5;23m2026-04-02 19:22:22[39m | [38;5;23mINFO[39m | Aggregating dataset for DMR calling (this may take multiple steps)...[39m
[38;5;23m2026-04-02 19:22:22[39m | [38;5;23mINFO[39m | Adding Ranges_ID column to validate merging.[39m
[#######################                 ] | 57% Completed | 1.00 s[#########################               ] | 64% Completed | 1.10 s[############################            ] | 70% Completed | 1.20 s[##############################          ] | 75% Completed | 1.30 s[################################        ] | 81% Completed | 1.40 s[###################################     ] | 88% Completed | 1.50 s[#####################################   ] | 94% Completed | 1.60 s[####################################### ] | 99% Completed | 1.70 s[########################################] | 100% Completed | 1.80 s
[#######################                 ] | 57% Completed | 1.00 s[#########################               ] | 64% Completed | 1.10 s[############################            ] | 70% Completed | 1.20 s[##############################          ] | 75% Completed | 1.30 s[################################        ] | 82% Completed | 1.40 s[###################################     ] | 88% Completed | 1.50 s[#####################################   ] | 94% Completed | 1.60 s[########################################] | 100% Completed | 1.70 s
[38;5;23m2026-04-02 19:22:35[39m | [38;5;23mINFO[39m | Recoding given covariates from ['sex', 'batch'] to: ['batch', 'sex_male'] to handle categorical variables.[39m
[38;5;23m2026-04-02 19:22:35[39m | [38;5;23mINFO[39m | Performing DMR calling (control vs mutant)[39m
[################                        ] | 40% Completed | 1.00 s[################                        ] | 40% Completed | 1.10 s[################                        ] | 40% Completed | 1.20 s[################                        ] | 40% Completed | 1.30 s[################                        ] | 40% Completed | 1.40 s[################                        ] | 40% Completed | 1.50 s[################                        ] | 40% Completed | 1.60 s[################                        ] | 40% Completed | 1.70 s[################                        ] | 40% Completed | 1.80 s[################                        ] | 40% Completed | 1.90 s[################                        ] | 40% Completed | 2.00 s[################                        ] | 40% Completed | 2.10 s[################                        ] | 40% Completed | 2.20 s[################                        ] | 40% Completed | 2.30 s[################                        ] | 40% Completed | 2.40 s[################                        ] | 40% Completed | 2.50 s[################                        ] | 40% Completed | 2.60 s[################                        ] | 40% Completed | 2.70 s[################                        ] | 40% Completed | 2.80 s[################                        ] | 40% Completed | 2.90 s[################                        ] | 40% Completed | 3.00 s[################                        ] | 40% Completed | 3.10 s[################                        ] | 40% Completed | 3.20 s[################                        ] | 40% Completed | 3.30 s[################                        ] | 40% Completed | 3.40 s[################                        ] | 40% Completed | 3.50 s[################                        ] | 40% Completed | 3.60 s[################                        ] | 40% Completed | 3.70 s[################                        ] | 40% Completed | 3.80 s[################                        ] | 40% Completed | 3.90 s[################                        ] | 40% Completed | 4.00 s[################                        ] | 40% Completed | 4.10 s[################                        ] | 40% Completed | 4.20 s[################                        ] | 40% Completed | 4.30 s[################                        ] | 40% Completed | 4.40 s[################                        ] | 40% Completed | 4.50 s[################                        ] | 40% Completed | 4.60 s[################                        ] | 40% Completed | 4.70 s[################                        ] | 40% Completed | 4.80 s[################                        ] | 40% Completed | 4.91 s[################                        ] | 40% Completed | 5.01 s[################                        ] | 40% Completed | 5.11 s[################                        ] | 40% Completed | 5.21 s[################                        ] | 40% Completed | 5.31 s[################                        ] | 40% Completed | 5.41 s[################                        ] | 40% Completed | 5.51 s[################                        ] | 40% Completed | 5.61 s[################                        ] | 40% Completed | 5.71 s[################                        ] | 40% Completed | 5.81 s[################                        ] | 40% Completed | 5.91 s[################                        ] | 40% Completed | 6.01 s[################                        ] | 40% Completed | 6.11 s[################                        ] | 40% Completed | 6.21 s[################                        ] | 40% Completed | 6.31 s[################                        ] | 40% Completed | 6.41 s[################                        ] | 40% Completed | 6.51 s[################                        ] | 40% Completed | 6.61 s[################                        ] | 40% Completed | 6.71 s[################                        ] | 40% Completed | 6.81 s[################                        ] | 40% Completed | 6.91 s[################                        ] | 40% Completed | 7.01 s[################                        ] | 40% Completed | 7.11 s[################                        ] | 40% Completed | 7.21 s[################                        ] | 40% Completed | 7.31 s[################                        ] | 40% Completed | 7.41 s[################                        ] | 40% Completed | 7.51 s[################                        ] | 40% Completed | 7.61 s[################                        ] | 40% Completed | 7.71 s[################                        ] | 40% Completed | 7.81 s[################                        ] | 40% Completed | 7.91 s[################                        ] | 40% Completed | 8.01 s[################                        ] | 40% Completed | 8.11 s[################                        ] | 40% Completed | 8.21 s[################                        ] | 40% Completed | 8.31 s[################                        ] | 40% Completed | 8.41 s[################                        ] | 40% Completed | 8.51 s[################                        ] | 40% Completed | 8.61 s[################                        ] | 40% Completed | 8.71 s[################                        ] | 40% Completed | 8.81 s[################                        ] | 40% Completed | 8.91 s[################                        ] | 40% Completed | 9.01 s[################                        ] | 40% Completed | 9.11 s[################                        ] | 40% Completed | 9.21 s[################                        ] | 40% Completed | 9.31 s[################                        ] | 40% Completed | 9.41 s[################                        ] | 40% Completed | 9.51 s[################                        ] | 40% Completed | 9.61 s[################                        ] | 40% Completed | 9.71 s[################                        ] | 40% Completed | 9.81 s[################                        ] | 40% Completed | 9.91 s[################                        ] | 40% Completed | 10.01 s[################                        ] | 40% Completed | 10.11 s[################                        ] | 40% Completed | 10.21 s[################                        ] | 40% Completed | 10.31 s[################                        ] | 40% Completed | 10.41 s[################                        ] | 40% Completed | 10.51 s[################                        ] | 40% Completed | 10.61 s[################                        ] | 40% Completed | 10.71 s[################                        ] | 40% Completed | 10.81 s[################                        ] | 40% Completed | 10.91 s[################                        ] | 40% Completed | 11.01 s[################                        ] | 40% Completed | 11.11 s[################                        ] | 40% Completed | 11.21 s[################                        ] | 40% Completed | 11.31 s[################                        ] | 40% Completed | 11.41 s[################                        ] | 40% Completed | 11.51 s[################                        ] | 40% Completed | 11.61 s[################                        ] | 40% Completed | 11.71 s[################                        ] | 40% Completed | 11.81 s[################                        ] | 40% Completed | 11.91 s[################                        ] | 40% Completed | 12.01 s[################                        ] | 40% Completed | 12.11 s[################                        ] | 40% Completed | 12.21 s[################                        ] | 40% Completed | 12.31 s[################                        ] | 40% Completed | 12.41 s[################                        ] | 40% Completed | 12.51 s[################                        ] | 40% Completed | 12.61 s[################                        ] | 40% Completed | 12.71 s[################                        ] | 40% Completed | 12.81 s[################                        ] | 40% Completed | 12.91 s[################                        ] | 40% Completed | 13.01 s[################                        ] | 40% Completed | 13.11 s[################                        ] | 40% Completed | 13.21 s[####################################    ] | 90% Completed | 13.31 s[####################################    ] | 90% Completed | 13.41 s[####################################    ] | 90% Completed | 13.51 s[####################################    ] | 90% Completed | 13.61 s[####################################    ] | 90% Completed | 13.71 s[####################################    ] | 90% Completed | 13.81 s[####################################    ] | 90% Completed | 13.91 s[####################################    ] | 90% Completed | 14.01 s[####################################    ] | 90% Completed | 14.11 s[####################################    ] | 90% Completed | 14.21 s[####################################    ] | 90% Completed | 14.32 s[####################################    ] | 90% Completed | 14.42 s[####################################    ] | 90% Completed | 14.52 s[####################################    ] | 90% Completed | 14.62 s[####################################    ] | 90% Completed | 14.72 s[####################################    ] | 90% Completed | 14.82 s[####################################    ] | 90% Completed | 14.92 s[####################################    ] | 90% Completed | 15.02 s[####################################    ] | 90% Completed | 15.12 s[####################################    ] | 90% Completed | 15.22 s[####################################    ] | 90% Completed | 15.32 s[####################################    ] | 90% Completed | 15.42 s[####################################    ] | 90% Completed | 15.52 s[####################################    ] | 90% Completed | 15.62 s[####################################    ] | 90% Completed | 15.72 s[####################################    ] | 90% Completed | 15.82 s[####################################    ] | 90% Completed | 15.92 s[####################################    ] | 90% Completed | 16.02 s[####################################    ] | 90% Completed | 16.12 s[####################################    ] | 90% Completed | 16.22 s[####################################    ] | 90% Completed | 16.32 s[####################################    ] | 90% Completed | 16.42 s[####################################    ] | 90% Completed | 16.52 s[####################################    ] | 90% Completed | 16.62 s[####################################    ] | 90% Completed | 16.72 s[####################################    ] | 90% Completed | 16.82 s[####################################    ] | 90% Completed | 16.92 s[####################################    ] | 90% Completed | 17.02 s[####################################    ] | 90% Completed | 17.12 s[####################################    ] | 90% Completed | 17.22 s[####################################    ] | 90% Completed | 17.32 s[####################################    ] | 90% Completed | 17.42 s[####################################    ] | 90% Completed | 17.52 s[####################################    ] | 90% Completed | 17.62 s[####################################    ] | 90% Completed | 17.72 s[####################################    ] | 90% Completed | 17.82 s[####################################    ] | 90% Completed | 17.92 s[####################################    ] | 90% Completed | 18.02 s[####################################    ] | 90% Completed | 18.12 s[####################################    ] | 90% Completed | 18.22 s[####################################    ] | 90% Completed | 18.32 s[####################################    ] | 90% Completed | 18.42 s[####################################    ] | 90% Completed | 18.52 s[####################################    ] | 90% Completed | 18.62 s[####################################    ] | 90% Completed | 18.72 s[####################################    ] | 90% Completed | 18.82 s[####################################    ] | 90% Completed | 18.92 s[####################################    ] | 90% Completed | 19.02 s[####################################    ] | 90% Completed | 19.12 s[####################################    ] | 90% Completed | 19.22 s[####################################    ] | 90% Completed | 19.32 s[####################################    ] | 90% Completed | 19.42 s[####################################    ] | 90% Completed | 19.52 s[####################################    ] | 90% Completed | 19.62 s[####################################    ] | 90% Completed | 19.72 s[####################################    ] | 90% Completed | 19.82 s[####################################    ] | 90% Completed | 19.92 s[####################################    ] | 90% Completed | 20.02 s[####################################    ] | 90% Completed | 20.12 s[####################################    ] | 90% Completed | 20.22 s[####################################    ] | 90% Completed | 20.32 s[####################################    ] | 90% Completed | 20.42 s[####################################    ] | 90% Completed | 20.52 s[####################################    ] | 90% Completed | 20.62 s[####################################    ] | 90% Completed | 20.72 s[####################################    ] | 90% Completed | 20.82 s[####################################    ] | 90% Completed | 20.92 s[####################################    ] | 90% Completed | 21.02 s[####################################    ] | 90% Completed | 21.12 s[####################################    ] | 90% Completed | 21.22 s[####################################    ] | 90% Completed | 21.32 s[####################################    ] | 90% Completed | 21.42 s[####################################    ] | 90% Completed | 21.52 s[####################################    ] | 90% Completed | 21.62 s[####################################    ] | 90% Completed | 21.72 s[####################################    ] | 90% Completed | 21.82 s[####################################    ] | 90% Completed | 21.92 s[####################################    ] | 90% Completed | 22.02 s[####################################    ] | 90% Completed | 22.12 s[####################################    ] | 90% Completed | 22.22 s[####################################    ] | 90% Completed | 22.32 s[####################################    ] | 90% Completed | 22.42 s[####################################    ] | 90% Completed | 22.52 s[####################################    ] | 90% Completed | 22.62 s[####################################    ] | 90% Completed | 22.72 s[####################################    ] | 90% Completed | 22.82 s[####################################    ] | 90% Completed | 22.92 s[####################################    ] | 90% Completed | 23.02 s[####################################    ] | 90% Completed | 23.12 s[####################################    ] | 90% Completed | 23.22 s[####################################    ] | 90% Completed | 23.32 s[####################################    ] | 90% Completed | 23.42 s[####################################    ] | 90% Completed | 23.52 s[####################################    ] | 90% Completed | 23.63 s[####################################    ] | 90% Completed | 23.73 s[####################################    ] | 90% Completed | 23.83 s[####################################    ] | 90% Completed | 23.93 s[####################################    ] | 90% Completed | 24.03 s[####################################    ] | 90% Completed | 24.13 s[####################################    ] | 90% Completed | 24.23 s[####################################    ] | 90% Completed | 24.33 s[####################################    ] | 90% Completed | 24.43 s[####################################    ] | 90% Completed | 24.53 s[####################################    ] | 90% Completed | 24.63 s[####################################    ] | 90% Completed | 24.73 s[####################################    ] | 90% Completed | 24.83 s[####################################    ] | 90% Completed | 24.93 s[####################################    ] | 90% Completed | 25.03 s[####################################    ] | 90% Completed | 25.13 s[####################################    ] | 90% Completed | 25.23 s[####################################    ] | 90% Completed | 25.33 s[####################################    ] | 90% Completed | 25.43 s[####################################    ] | 90% Completed | 25.53 s[####################################    ] | 90% Completed | 25.63 s[####################################    ] | 90% Completed | 25.73 s[####################################    ] | 90% Completed | 25.83 s[####################################    ] | 90% Completed | 25.93 s[####################################    ] | 90% Completed | 26.03 s[####################################    ] | 90% Completed | 26.13 s[####################################    ] | 90% Completed | 26.23 s[####################################    ] | 90% Completed | 26.33 s[########################################] | 100% Completed | 26.43 s
[38;5;23m2026-04-02 19:23:02[39m | [33mWARNING[39m | [33mExtra columns detected: Index(['Annotation', 'Name'], dtype='object'). These will be retained but are not validated.[39m
[38;5;23m2026-04-02 19:23:02[39m | [38;5;23mINFO[39m | Writing DMRs to /expanse/lustre/projects/csd940/zalibhai/biomodal/modality/outputs_CG/Results/gencode.vM25.mouse.tss_region.annotation/DMR_20260402_192302/DMR_mc_control__mutant_20260402_192302.bed.
Columns are :
`Chromosome Start End Name Score Strand num_contexts mean_coverage_across_samples mean_mod_group_1mean_mod_group_2 mod_fold_change mod_difference test_statistic dmr_pvalue dmr_qvalue
Please note that:
 - Name, Score, Strand are not used and are set to `.` for compatibility with pyranges
[39m
[38;5;23m2026-04-02 19:23:02[39m | [38;5;23mINFO[39m | Aggregating dataset for DMR calling (this may take multiple steps)...[39m
[#########################               ] | 62% Completed | 1.00 s[###########################             ] | 69% Completed | 1.10 s[#############################           ] | 74% Completed | 1.20 s[################################        ] | 81% Completed | 1.30 s[###################################     ] | 88% Completed | 1.40 s[#####################################   ] | 94% Completed | 1.50 s[########################################] | 100% Completed | 1.60 s
[####################                    ] | 52% Completed | 1.04 s[#######################                 ] | 58% Completed | 1.14 s[##########################              ] | 65% Completed | 1.24 s[############################            ] | 71% Completed | 1.34 s[##############################          ] | 76% Completed | 1.44 s[#################################       ] | 82% Completed | 1.54 s[###################################     ] | 89% Completed | 1.64 s[#####################################   ] | 94% Completed | 1.74 s[########################################] | 100% Completed | 1.84 s
[38;5;23m2026-04-02 19:23:11[39m | [38;5;23mINFO[39m | Recoding given covariates from ['sex', 'batch'] to: ['batch', 'sex_male'] to handle categorical variables.[39m
[38;5;23m2026-04-02 19:23:11[39m | [38;5;23mINFO[39m | Performing DMR calling (control vs mutant)[39m
[################                        ] | 40% Completed | 1.00 s[################                        ] | 40% Completed | 1.10 s[################                        ] | 40% Completed | 1.20 s[################                        ] | 40% Completed | 1.30 s[################                        ] | 40% Completed | 1.40 s[################                        ] | 40% Completed | 1.50 s[################                        ] | 40% Completed | 1.60 s[################                        ] | 40% Completed | 1.70 s[################                        ] | 40% Completed | 1.80 s[################                        ] | 40% Completed | 1.90 s[################                        ] | 40% Completed | 2.00 s[################                        ] | 40% Completed | 2.10 s[################                        ] | 40% Completed | 2.20 s[################                        ] | 40% Completed | 2.30 s[################                        ] | 40% Completed | 2.40 s[################                        ] | 40% Completed | 2.50 s[################                        ] | 40% Completed | 2.61 s[################                        ] | 40% Completed | 2.71 s[################                        ] | 40% Completed | 2.81 s[################                        ] | 40% Completed | 2.91 s[################                        ] | 40% Completed | 3.01 s[################                        ] | 40% Completed | 3.11 s[################                        ] | 40% Completed | 3.21 s[################                        ] | 40% Completed | 3.31 s[################                        ] | 40% Completed | 3.41 s[################                        ] | 40% Completed | 3.51 s[################                        ] | 40% Completed | 3.61 s[################                        ] | 40% Completed | 3.71 s[################                        ] | 40% Completed | 3.81 s[################                        ] | 40% Completed | 3.91 s[################                        ] | 40% Completed | 4.01 s[################                        ] | 40% Completed | 4.11 s[################                        ] | 40% Completed | 4.21 s[################                        ] | 40% Completed | 4.31 s[################                        ] | 40% Completed | 4.41 s[################                        ] | 40% Completed | 4.51 s[################                        ] | 40% Completed | 4.61 s[################                        ] | 40% Completed | 4.71 s[################                        ] | 40% Completed | 4.81 s[################                        ] | 40% Completed | 4.91 s[################                        ] | 40% Completed | 5.01 s[################                        ] | 40% Completed | 5.11 s[################                        ] | 40% Completed | 5.21 s[################                        ] | 40% Completed | 5.31 s[################                        ] | 40% Completed | 5.41 s[################                        ] | 40% Completed | 5.51 s[################                        ] | 40% Completed | 5.61 s[################                        ] | 40% Completed | 5.71 s[################                        ] | 40% Completed | 5.81 s[################                        ] | 40% Completed | 5.91 s[################                        ] | 40% Completed | 6.01 s[################                        ] | 40% Completed | 6.11 s[################                        ] | 40% Completed | 6.21 s[################                        ] | 40% Completed | 6.31 s[################                        ] | 40% Completed | 6.41 s[################                        ] | 40% Completed | 6.51 s[################                        ] | 40% Completed | 6.61 s[################                        ] | 40% Completed | 6.71 s[################                        ] | 40% Completed | 6.82 s[################                        ] | 40% Completed | 6.92 s[################                        ] | 40% Completed | 7.02 s[################                        ] | 40% Completed | 7.12 s[################                        ] | 40% Completed | 7.22 s[################                        ] | 40% Completed | 7.32 s[################                        ] | 40% Completed | 7.42 s[################                        ] | 40% Completed | 7.52 s[################                        ] | 40% Completed | 7.62 s[################                        ] | 40% Completed | 7.72 s[################                        ] | 40% Completed | 7.82 s[################                        ] | 40% Completed | 7.92 s[################                        ] | 40% Completed | 8.02 s[################                        ] | 40% Completed | 8.12 s[################                        ] | 40% Completed | 8.22 s[################                        ] | 40% Completed | 8.32 s[################                        ] | 40% Completed | 8.42 s[################                        ] | 40% Completed | 8.52 s[################                        ] | 40% Completed | 8.62 s[################                        ] | 40% Completed | 8.72 s[################                        ] | 40% Completed | 8.82 s[################                        ] | 40% Completed | 8.92 s[################                        ] | 40% Completed | 9.02 s[################                        ] | 40% Completed | 9.12 s[################                        ] | 40% Completed | 9.22 s[################                        ] | 40% Completed | 9.32 s[################                        ] | 40% Completed | 9.42 s[################                        ] | 40% Completed | 9.52 s[################                        ] | 40% Completed | 9.62 s[################                        ] | 40% Completed | 9.72 s[################                        ] | 40% Completed | 9.82 s[################                        ] | 40% Completed | 9.92 s[################                        ] | 40% Completed | 10.02 s[################                        ] | 40% Completed | 10.12 s[################                        ] | 40% Completed | 10.22 s[################                        ] | 40% Completed | 10.32 s[################                        ] | 40% Completed | 10.42 s[################                        ] | 40% Completed | 10.53 s[################                        ] | 40% Completed | 10.63 s[################                        ] | 40% Completed | 10.73 s[################                        ] | 40% Completed | 10.83 s[################                        ] | 40% Completed | 10.93 s[################                        ] | 40% Completed | 11.03 s[################                        ] | 40% Completed | 11.13 s[################                        ] | 40% Completed | 11.23 s[################                        ] | 40% Completed | 11.33 s[################                        ] | 40% Completed | 11.43 s[################                        ] | 40% Completed | 11.53 s[################                        ] | 40% Completed | 11.63 s[################                        ] | 40% Completed | 11.73 s[################                        ] | 40% Completed | 11.83 s[################                        ] | 40% Completed | 11.93 s[################                        ] | 40% Completed | 12.03 s[################                        ] | 40% Completed | 12.13 s[################                        ] | 40% Completed | 12.23 s[################                        ] | 40% Completed | 12.33 s[################                        ] | 40% Completed | 12.43 s[################                        ] | 40% Completed | 12.53 s[################                        ] | 40% Completed | 12.63 s[################                        ] | 40% Completed | 12.73 s[################                        ] | 40% Completed | 12.83 s[################                        ] | 40% Completed | 12.93 s[################                        ] | 40% Completed | 13.03 s[################                        ] | 40% Completed | 13.13 s[################                        ] | 40% Completed | 13.23 s[################                        ] | 40% Completed | 13.33 s[################                        ] | 40% Completed | 13.43 s[################                        ] | 40% Completed | 13.53 s[####################################    ] | 90% Completed | 13.63 s[####################################    ] | 90% Completed | 13.73 s[####################################    ] | 90% Completed | 13.83 s[####################################    ] | 90% Completed | 13.93 s[####################################    ] | 90% Completed | 14.03 s[####################################    ] | 90% Completed | 14.13 s[####################################    ] | 90% Completed | 14.23 s[####################################    ] | 90% Completed | 14.33 s[####################################    ] | 90% Completed | 14.43 s[####################################    ] | 90% Completed | 14.53 s[####################################    ] | 90% Completed | 14.64 s[####################################    ] | 90% Completed | 14.74 s[####################################    ] | 90% Completed | 14.84 s[####################################    ] | 90% Completed | 14.94 s[####################################    ] | 90% Completed | 15.04 s[####################################    ] | 90% Completed | 15.14 s[####################################    ] | 90% Completed | 15.24 s[####################################    ] | 90% Completed | 15.34 s[####################################    ] | 90% Completed | 15.44 s[####################################    ] | 90% Completed | 15.54 s[####################################    ] | 90% Completed | 15.64 s[####################################    ] | 90% Completed | 15.74 s[####################################    ] | 90% Completed | 15.84 s[####################################    ] | 90% Completed | 15.94 s[####################################    ] | 90% Completed | 16.04 s[####################################    ] | 90% Completed | 16.14 s[####################################    ] | 90% Completed | 16.24 s[####################################    ] | 90% Completed | 16.34 s[####################################    ] | 90% Completed | 16.44 s[####################################    ] | 90% Completed | 16.54 s[####################################    ] | 90% Completed | 16.64 s[####################################    ] | 90% Completed | 16.74 s[####################################    ] | 90% Completed | 16.84 s[####################################    ] | 90% Completed | 16.94 s[####################################    ] | 90% Completed | 17.04 s[####################################    ] | 90% Completed | 17.14 s[####################################    ] | 90% Completed | 17.24 s[####################################    ] | 90% Completed | 17.34 s[####################################    ] | 90% Completed | 17.44 s[####################################    ] | 90% Completed | 17.54 s[####################################    ] | 90% Completed | 17.64 s[####################################    ] | 90% Completed | 17.74 s[####################################    ] | 90% Completed | 17.84 s[####################################    ] | 90% Completed | 17.94 s[####################################    ] | 90% Completed | 18.04 s[####################################    ] | 90% Completed | 18.14 s[####################################    ] | 90% Completed | 18.24 s[####################################    ] | 90% Completed | 18.34 s[####################################    ] | 90% Completed | 18.44 s[####################################    ] | 90% Completed | 18.55 s[####################################    ] | 90% Completed | 18.65 s[####################################    ] | 90% Completed | 18.75 s[####################################    ] | 90% Completed | 18.85 s[####################################    ] | 90% Completed | 18.95 s[####################################    ] | 90% Completed | 19.05 s[####################################    ] | 90% Completed | 19.15 s[####################################    ] | 90% Completed | 19.25 s[####################################    ] | 90% Completed | 19.35 s[####################################    ] | 90% Completed | 19.45 s[####################################    ] | 90% Completed | 19.55 s[####################################    ] | 90% Completed | 19.65 s[####################################    ] | 90% Completed | 19.75 s[####################################    ] | 90% Completed | 19.85 s[####################################    ] | 90% Completed | 19.95 s[####################################    ] | 90% Completed | 20.05 s[####################################    ] | 90% Completed | 20.15 s[####################################    ] | 90% Completed | 20.25 s[####################################    ] | 90% Completed | 20.35 s[####################################    ] | 90% Completed | 20.45 s[####################################    ] | 90% Completed | 20.55 s[####################################    ] | 90% Completed | 20.65 s[####################################    ] | 90% Completed | 20.75 s[####################################    ] | 90% Completed | 20.85 s[####################################    ] | 90% Completed | 20.95 s[####################################    ] | 90% Completed | 21.05 s[####################################    ] | 90% Completed | 21.15 s[####################################    ] | 90% Completed | 21.25 s[####################################    ] | 90% Completed | 21.35 s[####################################    ] | 90% Completed | 21.45 s[####################################    ] | 90% Completed | 21.55 s[####################################    ] | 90% Completed | 21.65 s[####################################    ] | 90% Completed | 21.75 s[####################################    ] | 90% Completed | 21.85 s[####################################    ] | 90% Completed | 21.95 s[####################################    ] | 90% Completed | 22.06 s[####################################    ] | 90% Completed | 22.16 s[####################################    ] | 90% Completed | 22.26 s[####################################    ] | 90% Completed | 22.36 s[####################################    ] | 90% Completed | 22.46 s[####################################    ] | 90% Completed | 22.56 s[####################################    ] | 90% Completed | 22.66 s[####################################    ] | 90% Completed | 22.76 s[####################################    ] | 90% Completed | 22.86 s[####################################    ] | 90% Completed | 22.96 s[####################################    ] | 90% Completed | 23.06 s[####################################    ] | 90% Completed | 23.16 s[####################################    ] | 90% Completed | 23.26 s[####################################    ] | 90% Completed | 23.36 s[####################################    ] | 90% Completed | 23.46 s[####################################    ] | 90% Completed | 23.56 s[####################################    ] | 90% Completed | 23.66 s[####################################    ] | 90% Completed | 23.76 s[####################################    ] | 90% Completed | 23.86 s[####################################    ] | 90% Completed | 23.96 s[####################################    ] | 90% Completed | 24.06 s[####################################    ] | 90% Completed | 24.16 s[####################################    ] | 90% Completed | 24.26 s[####################################    ] | 90% Completed | 24.36 s[####################################    ] | 90% Completed | 24.46 s[####################################    ] | 90% Completed | 24.56 s[####################################    ] | 90% Completed | 24.66 s[####################################    ] | 90% Completed | 24.76 s[####################################    ] | 90% Completed | 24.86 s[####################################    ] | 90% Completed | 24.96 s[####################################    ] | 90% Completed | 25.06 s[####################################    ] | 90% Completed | 25.16 s[####################################    ] | 90% Completed | 25.26 s[####################################    ] | 90% Completed | 25.36 s[####################################    ] | 90% Completed | 25.46 s[####################################    ] | 90% Completed | 25.56 s[####################################    ] | 90% Completed | 25.66 s[####################################    ] | 90% Completed | 25.77 s[####################################    ] | 90% Completed | 25.87 s[####################################    ] | 90% Completed | 25.97 s[####################################    ] | 90% Completed | 26.07 s[####################################    ] | 90% Completed | 26.17 s[####################################    ] | 90% Completed | 26.27 s[####################################    ] | 90% Completed | 26.37 s[####################################    ] | 90% Completed | 26.47 s[####################################    ] | 90% Completed | 26.57 s[####################################    ] | 90% Completed | 26.67 s[####################################    ] | 90% Completed | 26.77 s[####################################    ] | 90% Completed | 26.87 s[####################################    ] | 90% Completed | 26.97 s[########################################] | 100% Completed | 27.07 s
[38;5;23m2026-04-02 19:23:38[39m | [33mWARNING[39m | [33mExtra columns detected: Index(['Annotation', 'Name'], dtype='object'). These will be retained but are not validated.[39m
[38;5;23m2026-04-02 19:23:38[39m | [38;5;23mINFO[39m | Writing DMRs to /expanse/lustre/projects/csd940/zalibhai/biomodal/modality/outputs_CG/Results/gencode.vM25.mouse.tss_region.annotation/DMR_20260402_192302/DMR_hmc_control__mutant_20260402_192302.bed.
Columns are :
`Chromosome Start End Name Score Strand num_contexts mean_coverage_across_samples mean_mod_group_1mean_mod_group_2 mod_fold_change mod_difference test_statistic dmr_pvalue dmr_qvalue
Please note that:
 - Name, Score, Strand are not used and are set to `.` for compatibility with pyranges
[39m
[38;5;23m2026-04-02 19:23:39[39m  [1m[38;5;154mDMR calling completed successfully! Outputs saved to: /expanse/lustre/projects/csd940/zalibhai/biomodal/modality/outputs_CG/Results/gencode.vM25.mouse.tss_region.annotation[39m
[38;5;23m2026-04-02 19:23:39[39m | [38;5;23mINFO[39m | DMR track configuration files saved successfully.[39m
[38;5;23m2026-04-02 19:23:39[39m  Wrote provenance sidecar file to /expanse/lustre/projects/csd940/zalibhai/biomodal/modality/outputs_CG/Results/gencode.vM25.mouse.tss_region.annotation/DMR_20260402_192302/modality_metadata_20260402_192339.json[39m
/expanse/lustre/projects/csd940/zalibhai/biomodal/modality/outputs_CG/Results/gencode.vM25.mouse.tss_region.annotation/DMR_20260402_192302/DMR_mc_control__mutant_20260402_192302.bed /expanse/lustre/projects/csd940/zalibhai/biomodal/modality/outputs_CG/Results/gencode.vM25.mouse.tss_region.annotation/DMR_20260402_192302/DMR_hmc_control__mutant_20260402_192302.bed
[INFO] 2026-04-02 19:23:39 - DMR calling completed for /expanse/lustre/projects/csd940/zalibhai/biomodal/modality/mm10/gencode.vM25.mouse.tss_region.annotation.bed.gz
[INFO] 2026-04-02 19:23:39 - All DMR calling completed


=====================================
STEP 4: GENERATING DMR VISUALISATIONS
=====================================
[INFO] 2026-04-02 19:23:39 - Processing DMR visualisation for region: gencode.vM25.mouse.cpg_islands.annotation
[INFO] 2026-04-02 19:23:39 - Generating DMR plots for /expanse/lustre/projects/csd940/zalibhai/biomodal/modality/outputs_CG/Results/gencode.vM25.mouse.cpg_islands.annotation/DMR_20260402_190821/DMR_hmc_control__mutant_20260402_190821.bed...
Logged in using stored credentials
[38;5;23m2026-04-02 19:23:43[39m  [1m[38;5;123mProvenance information:[39m
[38;5;23m2026-04-02 19:23:43[39m  cmd='/home/zalibhai/miniforge3/envs/modality/bin/modality -v dmr plot --dmr-results /expanse/lustre/projects/csd940/zalibhai/biomodal/modality/outputs_CG/Results/gencode.vM25.mouse.cpg_islands.annotation/DMR_20260402_190821/DMR_hmc_control__mutant_20260402_190821.bed --output-dir /expanse/lustre/projects/csd940/zalibhai/biomodal/modality/outputs_CG/Results/gencode.vM25.mouse.cpg_islands.annotation'
timestamp=2026-04-02T19:23:43.700239
version=1.0.0
user=zalibhai

[39m
[38;5;23m2026-04-02 19:23:43[39m  [1m[38;5;123mGenerating DMR plots:[39m
[38;5;23m2026-04-02 19:23:43[39m  [38;5;248mDmr Results[39m: ['/expanse/lustre/projects/csd940/zalibhai/biomodal/modality/outputs_CG/Results/gencode.vM25.mouse.cpg_islands.annotation/DMR_20260402_190821/DMR_hmc_control__mutant_20260402_190821.bed'][39m
[38;5;23m2026-04-02 19:23:43[39m  [38;5;248mOutput Dir[39m: /expanse/lustre/projects/csd940/zalibhai/biomodal/modality/outputs_CG/Results/gencode.vM25.mouse.cpg_islands.annotation[39m
[38;5;23m2026-04-02 19:23:43[39m  [38;5;248mFilter Qvalue[39m: None[39m
[38;5;23m2026-04-02 19:23:43[39m  [38;5;248mFilter Mod Difference[39m: None[39m
[38;5;23m2026-04-02 19:23:43[39m | [38;5;23mINFO[39m | Loading DMR file: /expanse/lustre/projects/csd940/zalibhai/biomodal/modality/outputs_CG/Results/gencode.vM25.mouse.cpg_islands.annotation/DMR_20260402_190821/DMR_hmc_control__mutant_20260402_190821.bed[39m
[38;5;23m2026-04-02 19:23:43[39m | [33mWARNING[39m | [33mExtra columns detected: Index(['Annotation'], dtype='object'). These will be retained but are not validated.[39m
[38;5;23m2026-04-02 19:23:43[39m | [38;5;23mINFO[39m | Loaded DMR file with 8910 rows[39m
[38;5;23m2026-04-02 19:23:43[39m | [38;5;23mINFO[39m | No filtering applied to DMRs[39m
[38;5;23m2026-04-02 19:23:43[39m | [38;5;23mINFO[39m | After filtering, DMR result has 8910 rows[39m
[38;5;23m2026-04-02 19:23:43[39m | [38;5;23mINFO[39m | Data ranges - mod_difference: [-0.2345010182986106, 0.1551348644744045], min q-value: 9.552401594190829e-19[39m
[38;5;23m2026-04-02 19:23:43[39m | [38;5;23mINFO[39m | Preparing volcano plot data[39m
[38;5;23m2026-04-02 19:23:43[39m | [38;5;23mINFO[39m | Preparing histogram plot data[39m
[38;5;23m2026-04-02 19:23:43[39m | [38;5;23mINFO[39m | Histogram data for group 'CpG_island': 8910 p-values[39m
[38;5;23m2026-04-02 19:23:43[39m | [38;5;23mINFO[39m | p-value range: [1.072098944353628e-22, 0.9999980290889138][39m
[38;5;23m2026-04-02 19:23:43[39m | [38;5;23mINFO[39m | Volcano plot has 8910 total points across 1 groups[39m
[38;5;23m2026-04-02 19:23:43[39m | [33mWARNING[39m | [33mExtra columns detected: Index(['Annotation'], dtype='object'). These will be retained but are not validated.[39m
[38;5;23m2026-04-02 19:23:43[39m | [38;5;23mINFO[39m | Generated DMR report: /expanse/lustre/projects/csd940/zalibhai/biomodal/modality/outputs_CG/Results/gencode.vM25.mouse.cpg_islands.annotation/DMR_Report_20260402_192343/DMR_Report_hmc_control__mutant.dmr.volcano_20260402_192343.html[39m
[38;5;23m2026-04-02 19:23:43[39m | [38;5;23mINFO[39m | Generated 1 DMR reports.[39m
[38;5;23m2026-04-02 19:23:43[39m  [1m[38;5;154mDMR report successfully generated: /expanse/lustre/projects/csd940/zalibhai/biomodal/modality/outputs_CG/Results/gencode.vM25.mouse.cpg_islands.annotation/DMR_Report_20260402_192343/DMR_Report_hmc_control__mutant.dmr.volcano_20260402_192343.html[39m
[38;5;23m2026-04-02 19:23:43[39m | [38;5;23mINFO[39m | No filtered DMR files were generated. Check your filter parameters.[39m
[38;5;23m2026-04-02 19:23:43[39m  Wrote provenance sidecar file to /expanse/lustre/projects/csd940/zalibhai/biomodal/modality/outputs_CG/Results/gencode.vM25.mouse.cpg_islands.annotation/DMR_Report_20260402_192343/modality_metadata_20260402_192343.json[39m
Logged in using stored credentials
[38;5;23m2026-04-02 19:23:47[39m  [1m[38;5;123mProvenance information:[39m
[38;5;23m2026-04-02 19:23:47[39m  cmd='/home/zalibhai/miniforge3/envs/modality/bin/modality dmr plot --dmr-results /expanse/lustre/projects/csd940/zalibhai/biomodal/modality/outputs_CG/Results/gencode.vM25.mouse.cpg_islands.annotation/DMR_20260402_190821/DMR_hmc_control__mutant_20260402_190821.bed --filter-qvalue 0.05 --output-dir /expanse/lustre/projects/csd940/zalibhai/biomodal/modality/outputs_CG/Results/gencode.vM25.mouse.cpg_islands.annotation'
timestamp=2026-04-02T19:23:47.343125
version=1.0.0
user=zalibhai

[39m
[38;5;23m2026-04-02 19:23:47[39m  [1m[38;5;123mGenerating DMR plots:[39m
[38;5;23m2026-04-02 19:23:47[39m  [38;5;248mDmr Results[39m: ['/expanse/lustre/projects/csd940/zalibhai/biomodal/modality/outputs_CG/Results/gencode.vM25.mouse.cpg_islands.annotation/DMR_20260402_190821/DMR_hmc_control__mutant_20260402_190821.bed'][39m
[38;5;23m2026-04-02 19:23:47[39m  [38;5;248mFilter Qvalue[39m: 0.05[39m
[38;5;23m2026-04-02 19:23:47[39m  [38;5;248mOutput Dir[39m: /expanse/lustre/projects/csd940/zalibhai/biomodal/modality/outputs_CG/Results/gencode.vM25.mouse.cpg_islands.annotation[39m
[38;5;23m2026-04-02 19:23:47[39m  [38;5;248mFilter Mod Difference[39m: None[39m
[38;5;23m2026-04-02 19:23:47[39m | [33mWARNING[39m | [33mExtra columns detected: Index(['Annotation'], dtype='object'). These will be retained but are not validated.[39m
[38;5;23m2026-04-02 19:23:47[39m | [33mWARNING[39m | [33mExtra columns detected: Index(['Annotation'], dtype='object'). These will be retained but are not validated.[39m
[38;5;23m2026-04-02 19:23:47[39m | [33mWARNING[39m | [33mExtra columns detected: Index(['Annotation'], dtype='object'). These will be retained but are not validated.[39m
[38;5;23m2026-04-02 19:23:47[39m  [1m[38;5;154mDMR report successfully generated: /expanse/lustre/projects/csd940/zalibhai/biomodal/modality/outputs_CG/Results/gencode.vM25.mouse.cpg_islands.annotation/DMR_Report_20260402_192347/DMR_Report_hmc_control__mutant.max_q_0_05.dmr.volcano_20260402_192347.html[39m
[38;5;23m2026-04-02 19:23:47[39m  [1m[38;5;154mFiltered DMR files saved: /expanse/lustre/projects/csd940/zalibhai/biomodal/modality/outputs_CG/Results/gencode.vM25.mouse.cpg_islands.annotation/DMR_Report_20260402_192347/DMR_hmc_control__mutant_qval_0_05_filtered_20260402_192347.bed.gz[39m
[38;5;23m2026-04-02 19:23:47[39m  Wrote provenance sidecar file to /expanse/lustre/projects/csd940/zalibhai/biomodal/modality/outputs_CG/Results/gencode.vM25.mouse.cpg_islands.annotation/DMR_Report_20260402_192347/modality_metadata_20260402_192347.json[39m
[INFO] 2026-04-02 19:23:47 - DMR plots generated for /expanse/lustre/projects/csd940/zalibhai/biomodal/modality/outputs_CG/Results/gencode.vM25.mouse.cpg_islands.annotation/DMR_20260402_190821/DMR_hmc_control__mutant_20260402_190821.bed
[INFO] 2026-04-02 19:23:47 - Generating DMR plots for /expanse/lustre/projects/csd940/zalibhai/biomodal/modality/outputs_CG/Results/gencode.vM25.mouse.cpg_islands.annotation/DMR_20260402_190821/DMR_mc_control__mutant_20260402_190821.bed...
Logged in using stored credentials
[38;5;23m2026-04-02 19:23:50[39m  [1m[38;5;123mProvenance information:[39m
[38;5;23m2026-04-02 19:23:50[39m  cmd='/home/zalibhai/miniforge3/envs/modality/bin/modality -v dmr plot --dmr-results /expanse/lustre/projects/csd940/zalibhai/biomodal/modality/outputs_CG/Results/gencode.vM25.mouse.cpg_islands.annotation/DMR_20260402_190821/DMR_mc_control__mutant_20260402_190821.bed --output-dir /expanse/lustre/projects/csd940/zalibhai/biomodal/modality/outputs_CG/Results/gencode.vM25.mouse.cpg_islands.annotation'
timestamp=2026-04-02T19:23:50.902422
version=1.0.0
user=zalibhai

[39m
[38;5;23m2026-04-02 19:23:50[39m  [1m[38;5;123mGenerating DMR plots:[39m
[38;5;23m2026-04-02 19:23:50[39m  [38;5;248mDmr Results[39m: ['/expanse/lustre/projects/csd940/zalibhai/biomodal/modality/outputs_CG/Results/gencode.vM25.mouse.cpg_islands.annotation/DMR_20260402_190821/DMR_mc_control__mutant_20260402_190821.bed'][39m
[38;5;23m2026-04-02 19:23:50[39m  [38;5;248mOutput Dir[39m: /expanse/lustre/projects/csd940/zalibhai/biomodal/modality/outputs_CG/Results/gencode.vM25.mouse.cpg_islands.annotation[39m
[38;5;23m2026-04-02 19:23:50[39m  [38;5;248mFilter Qvalue[39m: None[39m
[38;5;23m2026-04-02 19:23:50[39m  [38;5;248mFilter Mod Difference[39m: None[39m
[38;5;23m2026-04-02 19:23:50[39m | [38;5;23mINFO[39m | Loading DMR file: /expanse/lustre/projects/csd940/zalibhai/biomodal/modality/outputs_CG/Results/gencode.vM25.mouse.cpg_islands.annotation/DMR_20260402_190821/DMR_mc_control__mutant_20260402_190821.bed[39m
[38;5;23m2026-04-02 19:23:50[39m | [33mWARNING[39m | [33mExtra columns detected: Index(['Annotation'], dtype='object'). These will be retained but are not validated.[39m
[38;5;23m2026-04-02 19:23:50[39m | [38;5;23mINFO[39m | Loaded DMR file with 8910 rows[39m
[38;5;23m2026-04-02 19:23:50[39m | [38;5;23mINFO[39m | No filtering applied to DMRs[39m
[38;5;23m2026-04-02 19:23:50[39m | [38;5;23mINFO[39m | After filtering, DMR result has 8910 rows[39m
[38;5;23m2026-04-02 19:23:50[39m | [38;5;23mINFO[39m | Data ranges - mod_difference: [-0.402985903839807, 0.316262538225899], min q-value: 5.663379746482876e-86[39m
[38;5;23m2026-04-02 19:23:50[39m | [38;5;23mINFO[39m | Preparing volcano plot data[39m
[38;5;23m2026-04-02 19:23:50[39m | [38;5;23mINFO[39m | Preparing histogram plot data[39m
[38;5;23m2026-04-02 19:23:50[39m | [38;5;23mINFO[39m | Histogram data for group 'CpG_island': 8910 p-values[39m
[38;5;23m2026-04-02 19:23:50[39m | [38;5;23mINFO[39m | p-value range: [6.35620622500884e-90, 0.9999994554891766][39m
[38;5;23m2026-04-02 19:23:50[39m | [38;5;23mINFO[39m | Volcano plot has 8910 total points across 1 groups[39m
[38;5;23m2026-04-02 19:23:50[39m | [33mWARNING[39m | [33mExtra columns detected: Index(['Annotation'], dtype='object'). These will be retained but are not validated.[39m
[38;5;23m2026-04-02 19:23:51[39m | [38;5;23mINFO[39m | Generated DMR report: /expanse/lustre/projects/csd940/zalibhai/biomodal/modality/outputs_CG/Results/gencode.vM25.mouse.cpg_islands.annotation/DMR_Report_20260402_192351/DMR_Report_mc_control__mutant.dmr.volcano_20260402_192351.html[39m
[38;5;23m2026-04-02 19:23:51[39m | [38;5;23mINFO[39m | Generated 1 DMR reports.[39m
[38;5;23m2026-04-02 19:23:51[39m  [1m[38;5;154mDMR report successfully generated: /expanse/lustre/projects/csd940/zalibhai/biomodal/modality/outputs_CG/Results/gencode.vM25.mouse.cpg_islands.annotation/DMR_Report_20260402_192351/DMR_Report_mc_control__mutant.dmr.volcano_20260402_192351.html[39m
[38;5;23m2026-04-02 19:23:51[39m | [38;5;23mINFO[39m | No filtered DMR files were generated. Check your filter parameters.[39m
[38;5;23m2026-04-02 19:23:51[39m  Wrote provenance sidecar file to /expanse/lustre/projects/csd940/zalibhai/biomodal/modality/outputs_CG/Results/gencode.vM25.mouse.cpg_islands.annotation/DMR_Report_20260402_192351/modality_metadata_20260402_192351.json[39m
Logged in using stored credentials
[38;5;23m2026-04-02 19:23:54[39m  [1m[38;5;123mProvenance information:[39m
[38;5;23m2026-04-02 19:23:54[39m  cmd='/home/zalibhai/miniforge3/envs/modality/bin/modality dmr plot --dmr-results /expanse/lustre/projects/csd940/zalibhai/biomodal/modality/outputs_CG/Results/gencode.vM25.mouse.cpg_islands.annotation/DMR_20260402_190821/DMR_mc_control__mutant_20260402_190821.bed --filter-qvalue 0.05 --output-dir /expanse/lustre/projects/csd940/zalibhai/biomodal/modality/outputs_CG/Results/gencode.vM25.mouse.cpg_islands.annotation'
timestamp=2026-04-02T19:23:54.463310
version=1.0.0
user=zalibhai

[39m
[38;5;23m2026-04-02 19:23:54[39m  [1m[38;5;123mGenerating DMR plots:[39m
[38;5;23m2026-04-02 19:23:54[39m  [38;5;248mDmr Results[39m: ['/expanse/lustre/projects/csd940/zalibhai/biomodal/modality/outputs_CG/Results/gencode.vM25.mouse.cpg_islands.annotation/DMR_20260402_190821/DMR_mc_control__mutant_20260402_190821.bed'][39m
[38;5;23m2026-04-02 19:23:54[39m  [38;5;248mFilter Qvalue[39m: 0.05[39m
[38;5;23m2026-04-02 19:23:54[39m  [38;5;248mOutput Dir[39m: /expanse/lustre/projects/csd940/zalibhai/biomodal/modality/outputs_CG/Results/gencode.vM25.mouse.cpg_islands.annotation[39m
[38;5;23m2026-04-02 19:23:54[39m  [38;5;248mFilter Mod Difference[39m: None[39m
[38;5;23m2026-04-02 19:23:54[39m | [33mWARNING[39m | [33mExtra columns detected: Index(['Annotation'], dtype='object'). These will be retained but are not validated.[39m
[38;5;23m2026-04-02 19:23:54[39m | [33mWARNING[39m | [33mExtra columns detected: Index(['Annotation'], dtype='object'). These will be retained but are not validated.[39m
[38;5;23m2026-04-02 19:23:54[39m | [33mWARNING[39m | [33mExtra columns detected: Index(['Annotation'], dtype='object'). These will be retained but are not validated.[39m
[38;5;23m2026-04-02 19:23:54[39m  [1m[38;5;154mDMR report successfully generated: /expanse/lustre/projects/csd940/zalibhai/biomodal/modality/outputs_CG/Results/gencode.vM25.mouse.cpg_islands.annotation/DMR_Report_20260402_192354/DMR_Report_mc_control__mutant.max_q_0_05.dmr.volcano_20260402_192354.html[39m
[38;5;23m2026-04-02 19:23:54[39m  [1m[38;5;154mFiltered DMR files saved: /expanse/lustre/projects/csd940/zalibhai/biomodal/modality/outputs_CG/Results/gencode.vM25.mouse.cpg_islands.annotation/DMR_Report_20260402_192354/DMR_mc_control__mutant_qval_0_05_filtered_20260402_192354.bed.gz[39m
[38;5;23m2026-04-02 19:23:54[39m  Wrote provenance sidecar file to /expanse/lustre/projects/csd940/zalibhai/biomodal/modality/outputs_CG/Results/gencode.vM25.mouse.cpg_islands.annotation/DMR_Report_20260402_192354/modality_metadata_20260402_192354.json[39m
[INFO] 2026-04-02 19:23:55 - DMR plots generated for /expanse/lustre/projects/csd940/zalibhai/biomodal/modality/outputs_CG/Results/gencode.vM25.mouse.cpg_islands.annotation/DMR_20260402_190821/DMR_mc_control__mutant_20260402_190821.bed
[INFO] 2026-04-02 19:23:55 - Generating DMR plots for /expanse/lustre/projects/csd940/zalibhai/biomodal/modality/outputs_CG/Results/gencode.vM25.mouse.cpg_islands.annotation/DMR_20260402_191006/DMR_hmc_control__mutant_20260402_191006.bed...
Logged in using stored credentials
[38;5;23m2026-04-02 19:23:58[39m  [1m[38;5;123mProvenance information:[39m
[38;5;23m2026-04-02 19:23:58[39m  cmd='/home/zalibhai/miniforge3/envs/modality/bin/modality -v dmr plot --dmr-results /expanse/lustre/projects/csd940/zalibhai/biomodal/modality/outputs_CG/Results/gencode.vM25.mouse.cpg_islands.annotation/DMR_20260402_191006/DMR_hmc_control__mutant_20260402_191006.bed --output-dir /expanse/lustre/projects/csd940/zalibhai/biomodal/modality/outputs_CG/Results/gencode.vM25.mouse.cpg_islands.annotation'
timestamp=2026-04-02T19:23:58.118530
version=1.0.0
user=zalibhai

[39m
[38;5;23m2026-04-02 19:23:58[39m  [1m[38;5;123mGenerating DMR plots:[39m
[38;5;23m2026-04-02 19:23:58[39m  [38;5;248mDmr Results[39m: ['/expanse/lustre/projects/csd940/zalibhai/biomodal/modality/outputs_CG/Results/gencode.vM25.mouse.cpg_islands.annotation/DMR_20260402_191006/DMR_hmc_control__mutant_20260402_191006.bed'][39m
[38;5;23m2026-04-02 19:23:58[39m  [38;5;248mOutput Dir[39m: /expanse/lustre/projects/csd940/zalibhai/biomodal/modality/outputs_CG/Results/gencode.vM25.mouse.cpg_islands.annotation[39m
[38;5;23m2026-04-02 19:23:58[39m  [38;5;248mFilter Qvalue[39m: None[39m
[38;5;23m2026-04-02 19:23:58[39m  [38;5;248mFilter Mod Difference[39m: None[39m
[38;5;23m2026-04-02 19:23:58[39m | [38;5;23mINFO[39m | Loading DMR file: /expanse/lustre/projects/csd940/zalibhai/biomodal/modality/outputs_CG/Results/gencode.vM25.mouse.cpg_islands.annotation/DMR_20260402_191006/DMR_hmc_control__mutant_20260402_191006.bed[39m
[38;5;23m2026-04-02 19:23:58[39m | [33mWARNING[39m | [33mExtra columns detected: Index(['Annotation'], dtype='object'). These will be retained but are not validated.[39m
[38;5;23m2026-04-02 19:23:58[39m | [38;5;23mINFO[39m | Loaded DMR file with 8910 rows[39m
[38;5;23m2026-04-02 19:23:58[39m | [38;5;23mINFO[39m | No filtering applied to DMRs[39m
[38;5;23m2026-04-02 19:23:58[39m | [38;5;23mINFO[39m | After filtering, DMR result has 8910 rows[39m
[38;5;23m2026-04-02 19:23:58[39m | [38;5;23mINFO[39m | Data ranges - mod_difference: [-0.2345010182986106, 0.1551348644744045], min q-value: 9.552401594190829e-19[39m
[38;5;23m2026-04-02 19:23:58[39m | [38;5;23mINFO[39m | Preparing volcano plot data[39m
[38;5;23m2026-04-02 19:23:58[39m | [38;5;23mINFO[39m | Preparing histogram plot data[39m
[38;5;23m2026-04-02 19:23:58[39m | [38;5;23mINFO[39m | Histogram data for group 'CpG_island': 8910 p-values[39m
[38;5;23m2026-04-02 19:23:58[39m | [38;5;23mINFO[39m | p-value range: [1.072098944353628e-22, 0.9999980290889138][39m
[38;5;23m2026-04-02 19:23:58[39m | [38;5;23mINFO[39m | Volcano plot has 8910 total points across 1 groups[39m
[38;5;23m2026-04-02 19:23:58[39m | [33mWARNING[39m | [33mExtra columns detected: Index(['Annotation'], dtype='object'). These will be retained but are not validated.[39m
[38;5;23m2026-04-02 19:23:58[39m | [38;5;23mINFO[39m | Generated DMR report: /expanse/lustre/projects/csd940/zalibhai/biomodal/modality/outputs_CG/Results/gencode.vM25.mouse.cpg_islands.annotation/DMR_Report_20260402_192358/DMR_Report_hmc_control__mutant.dmr.volcano_20260402_192358.html[39m
[38;5;23m2026-04-02 19:23:58[39m | [38;5;23mINFO[39m | Generated 1 DMR reports.[39m
[38;5;23m2026-04-02 19:23:58[39m  [1m[38;5;154mDMR report successfully generated: /expanse/lustre/projects/csd940/zalibhai/biomodal/modality/outputs_CG/Results/gencode.vM25.mouse.cpg_islands.annotation/DMR_Report_20260402_192358/DMR_Report_hmc_control__mutant.dmr.volcano_20260402_192358.html[39m
[38;5;23m2026-04-02 19:23:58[39m | [38;5;23mINFO[39m | No filtered DMR files were generated. Check your filter parameters.[39m
[38;5;23m2026-04-02 19:23:58[39m  Wrote provenance sidecar file to /expanse/lustre/projects/csd940/zalibhai/biomodal/modality/outputs_CG/Results/gencode.vM25.mouse.cpg_islands.annotation/DMR_Report_20260402_192358/modality_metadata_20260402_192358.json[39m
Logged in using stored credentials
[38;5;23m2026-04-02 19:24:01[39m  [1m[38;5;123mProvenance information:[39m
[38;5;23m2026-04-02 19:24:01[39m  cmd='/home/zalibhai/miniforge3/envs/modality/bin/modality dmr plot --dmr-results /expanse/lustre/projects/csd940/zalibhai/biomodal/modality/outputs_CG/Results/gencode.vM25.mouse.cpg_islands.annotation/DMR_20260402_191006/DMR_hmc_control__mutant_20260402_191006.bed --filter-qvalue 0.05 --output-dir /expanse/lustre/projects/csd940/zalibhai/biomodal/modality/outputs_CG/Results/gencode.vM25.mouse.cpg_islands.annotation'
timestamp=2026-04-02T19:24:01.785856
version=1.0.0
user=zalibhai

[39m
[38;5;23m2026-04-02 19:24:01[39m  [1m[38;5;123mGenerating DMR plots:[39m
[38;5;23m2026-04-02 19:24:01[39m  [38;5;248mDmr Results[39m: ['/expanse/lustre/projects/csd940/zalibhai/biomodal/modality/outputs_CG/Results/gencode.vM25.mouse.cpg_islands.annotation/DMR_20260402_191006/DMR_hmc_control__mutant_20260402_191006.bed'][39m
[38;5;23m2026-04-02 19:24:01[39m  [38;5;248mFilter Qvalue[39m: 0.05[39m
[38;5;23m2026-04-02 19:24:01[39m  [38;5;248mOutput Dir[39m: /expanse/lustre/projects/csd940/zalibhai/biomodal/modality/outputs_CG/Results/gencode.vM25.mouse.cpg_islands.annotation[39m
[38;5;23m2026-04-02 19:24:01[39m  [38;5;248mFilter Mod Difference[39m: None[39m
[38;5;23m2026-04-02 19:24:01[39m | [33mWARNING[39m | [33mExtra columns detected: Index(['Annotation'], dtype='object'). These will be retained but are not validated.[39m
[38;5;23m2026-04-02 19:24:01[39m | [33mWARNING[39m | [33mExtra columns detected: Index(['Annotation'], dtype='object'). These will be retained but are not validated.[39m
[38;5;23m2026-04-02 19:24:01[39m | [33mWARNING[39m | [33mExtra columns detected: Index(['Annotation'], dtype='object'). These will be retained but are not validated.[39m
[38;5;23m2026-04-02 19:24:01[39m  [1m[38;5;154mDMR report successfully generated: /expanse/lustre/projects/csd940/zalibhai/biomodal/modality/outputs_CG/Results/gencode.vM25.mouse.cpg_islands.annotation/DMR_Report_20260402_192401/DMR_Report_hmc_control__mutant.max_q_0_05.dmr.volcano_20260402_192401.html[39m
[38;5;23m2026-04-02 19:24:01[39m  [1m[38;5;154mFiltered DMR files saved: /expanse/lustre/projects/csd940/zalibhai/biomodal/modality/outputs_CG/Results/gencode.vM25.mouse.cpg_islands.annotation/DMR_Report_20260402_192401/DMR_hmc_control__mutant_qval_0_05_filtered_20260402_192401.bed.gz[39m
[38;5;23m2026-04-02 19:24:01[39m  Wrote provenance sidecar file to /expanse/lustre/projects/csd940/zalibhai/biomodal/modality/outputs_CG/Results/gencode.vM25.mouse.cpg_islands.annotation/DMR_Report_20260402_192401/modality_metadata_20260402_192401.json[39m
[INFO] 2026-04-02 19:24:02 - DMR plots generated for /expanse/lustre/projects/csd940/zalibhai/biomodal/modality/outputs_CG/Results/gencode.vM25.mouse.cpg_islands.annotation/DMR_20260402_191006/DMR_hmc_control__mutant_20260402_191006.bed
[INFO] 2026-04-02 19:24:02 - Generating DMR plots for /expanse/lustre/projects/csd940/zalibhai/biomodal/modality/outputs_CG/Results/gencode.vM25.mouse.cpg_islands.annotation/DMR_20260402_191006/DMR_mc_control__mutant_20260402_191006.bed...
Logged in using stored credentials
[38;5;23m2026-04-02 19:24:05[39m  [1m[38;5;123mProvenance information:[39m
[38;5;23m2026-04-02 19:24:05[39m  cmd='/home/zalibhai/miniforge3/envs/modality/bin/modality -v dmr plot --dmr-results /expanse/lustre/projects/csd940/zalibhai/biomodal/modality/outputs_CG/Results/gencode.vM25.mouse.cpg_islands.annotation/DMR_20260402_191006/DMR_mc_control__mutant_20260402_191006.bed --output-dir /expanse/lustre/projects/csd940/zalibhai/biomodal/modality/outputs_CG/Results/gencode.vM25.mouse.cpg_islands.annotation'
timestamp=2026-04-02T19:24:05.374675
version=1.0.0
user=zalibhai

[39m
[38;5;23m2026-04-02 19:24:05[39m  [1m[38;5;123mGenerating DMR plots:[39m
[38;5;23m2026-04-02 19:24:05[39m  [38;5;248mDmr Results[39m: ['/expanse/lustre/projects/csd940/zalibhai/biomodal/modality/outputs_CG/Results/gencode.vM25.mouse.cpg_islands.annotation/DMR_20260402_191006/DMR_mc_control__mutant_20260402_191006.bed'][39m
[38;5;23m2026-04-02 19:24:05[39m  [38;5;248mOutput Dir[39m: /expanse/lustre/projects/csd940/zalibhai/biomodal/modality/outputs_CG/Results/gencode.vM25.mouse.cpg_islands.annotation[39m
[38;5;23m2026-04-02 19:24:05[39m  [38;5;248mFilter Qvalue[39m: None[39m
[38;5;23m2026-04-02 19:24:05[39m  [38;5;248mFilter Mod Difference[39m: None[39m
[38;5;23m2026-04-02 19:24:05[39m | [38;5;23mINFO[39m | Loading DMR file: /expanse/lustre/projects/csd940/zalibhai/biomodal/modality/outputs_CG/Results/gencode.vM25.mouse.cpg_islands.annotation/DMR_20260402_191006/DMR_mc_control__mutant_20260402_191006.bed[39m
[38;5;23m2026-04-02 19:24:05[39m | [33mWARNING[39m | [33mExtra columns detected: Index(['Annotation'], dtype='object'). These will be retained but are not validated.[39m
[38;5;23m2026-04-02 19:24:05[39m | [38;5;23mINFO[39m | Loaded DMR file with 8910 rows[39m
[38;5;23m2026-04-02 19:24:05[39m | [38;5;23mINFO[39m | No filtering applied to DMRs[39m
[38;5;23m2026-04-02 19:24:05[39m | [38;5;23mINFO[39m | After filtering, DMR result has 8910 rows[39m
[38;5;23m2026-04-02 19:24:05[39m | [38;5;23mINFO[39m | Data ranges - mod_difference: [-0.402985903839807, 0.316262538225899], min q-value: 5.663379746482876e-86[39m
[38;5;23m2026-04-02 19:24:05[39m | [38;5;23mINFO[39m | Preparing volcano plot data[39m
[38;5;23m2026-04-02 19:24:05[39m | [38;5;23mINFO[39m | Preparing histogram plot data[39m
[38;5;23m2026-04-02 19:24:05[39m | [38;5;23mINFO[39m | Histogram data for group 'CpG_island': 8910 p-values[39m
[38;5;23m2026-04-02 19:24:05[39m | [38;5;23mINFO[39m | p-value range: [6.35620622500884e-90, 0.9999994554891766][39m
[38;5;23m2026-04-02 19:24:05[39m | [38;5;23mINFO[39m | Volcano plot has 8910 total points across 1 groups[39m
[38;5;23m2026-04-02 19:24:05[39m | [33mWARNING[39m | [33mExtra columns detected: Index(['Annotation'], dtype='object'). These will be retained but are not validated.[39m
[38;5;23m2026-04-02 19:24:05[39m | [38;5;23mINFO[39m | Generated DMR report: /expanse/lustre/projects/csd940/zalibhai/biomodal/modality/outputs_CG/Results/gencode.vM25.mouse.cpg_islands.annotation/DMR_Report_20260402_192405/DMR_Report_mc_control__mutant.dmr.volcano_20260402_192405.html[39m
[38;5;23m2026-04-02 19:24:05[39m | [38;5;23mINFO[39m | Generated 1 DMR reports.[39m
[38;5;23m2026-04-02 19:24:05[39m  [1m[38;5;154mDMR report successfully generated: /expanse/lustre/projects/csd940/zalibhai/biomodal/modality/outputs_CG/Results/gencode.vM25.mouse.cpg_islands.annotation/DMR_Report_20260402_192405/DMR_Report_mc_control__mutant.dmr.volcano_20260402_192405.html[39m
[38;5;23m2026-04-02 19:24:05[39m | [38;5;23mINFO[39m | No filtered DMR files were generated. Check your filter parameters.[39m
[38;5;23m2026-04-02 19:24:05[39m  Wrote provenance sidecar file to /expanse/lustre/projects/csd940/zalibhai/biomodal/modality/outputs_CG/Results/gencode.vM25.mouse.cpg_islands.annotation/DMR_Report_20260402_192405/modality_metadata_20260402_192405.json[39m
Logged in using stored credentials
[38;5;23m2026-04-02 19:24:08[39m  [1m[38;5;123mProvenance information:[39m
[38;5;23m2026-04-02 19:24:08[39m  cmd='/home/zalibhai/miniforge3/envs/modality/bin/modality dmr plot --dmr-results /expanse/lustre/projects/csd940/zalibhai/biomodal/modality/outputs_CG/Results/gencode.vM25.mouse.cpg_islands.annotation/DMR_20260402_191006/DMR_mc_control__mutant_20260402_191006.bed --filter-qvalue 0.05 --output-dir /expanse/lustre/projects/csd940/zalibhai/biomodal/modality/outputs_CG/Results/gencode.vM25.mouse.cpg_islands.annotation'
timestamp=2026-04-02T19:24:08.972195
version=1.0.0
user=zalibhai

[39m
[38;5;23m2026-04-02 19:24:08[39m  [1m[38;5;123mGenerating DMR plots:[39m
[38;5;23m2026-04-02 19:24:08[39m  [38;5;248mDmr Results[39m: ['/expanse/lustre/projects/csd940/zalibhai/biomodal/modality/outputs_CG/Results/gencode.vM25.mouse.cpg_islands.annotation/DMR_20260402_191006/DMR_mc_control__mutant_20260402_191006.bed'][39m
[38;5;23m2026-04-02 19:24:08[39m  [38;5;248mFilter Qvalue[39m: 0.05[39m
[38;5;23m2026-04-02 19:24:08[39m  [38;5;248mOutput Dir[39m: /expanse/lustre/projects/csd940/zalibhai/biomodal/modality/outputs_CG/Results/gencode.vM25.mouse.cpg_islands.annotation[39m
[38;5;23m2026-04-02 19:24:08[39m  [38;5;248mFilter Mod Difference[39m: None[39m
[38;5;23m2026-04-02 19:24:08[39m | [33mWARNING[39m | [33mExtra columns detected: Index(['Annotation'], dtype='object'). These will be retained but are not validated.[39m
[38;5;23m2026-04-02 19:24:08[39m | [33mWARNING[39m | [33mExtra columns detected: Index(['Annotation'], dtype='object'). These will be retained but are not validated.[39m
[38;5;23m2026-04-02 19:24:09[39m | [33mWARNING[39m | [33mExtra columns detected: Index(['Annotation'], dtype='object'). These will be retained but are not validated.[39m
[38;5;23m2026-04-02 19:24:09[39m  [1m[38;5;154mDMR report successfully generated: /expanse/lustre/projects/csd940/zalibhai/biomodal/modality/outputs_CG/Results/gencode.vM25.mouse.cpg_islands.annotation/DMR_Report_20260402_192409/DMR_Report_mc_control__mutant.max_q_0_05.dmr.volcano_20260402_192409.html[39m
[38;5;23m2026-04-02 19:24:09[39m  [1m[38;5;154mFiltered DMR files saved: /expanse/lustre/projects/csd940/zalibhai/biomodal/modality/outputs_CG/Results/gencode.vM25.mouse.cpg_islands.annotation/DMR_Report_20260402_192409/DMR_mc_control__mutant_qval_0_05_filtered_20260402_192409.bed.gz[39m
[38;5;23m2026-04-02 19:24:09[39m  Wrote provenance sidecar file to /expanse/lustre/projects/csd940/zalibhai/biomodal/modality/outputs_CG/Results/gencode.vM25.mouse.cpg_islands.annotation/DMR_Report_20260402_192409/modality_metadata_20260402_192409.json[39m
[INFO] 2026-04-02 19:24:09 - DMR plots generated for /expanse/lustre/projects/csd940/zalibhai/biomodal/modality/outputs_CG/Results/gencode.vM25.mouse.cpg_islands.annotation/DMR_20260402_191006/DMR_mc_control__mutant_20260402_191006.bed
[INFO] 2026-04-02 19:24:09 - DMR visualisation completed for region: gencode.vM25.mouse.cpg_islands.annotation
[INFO] 2026-04-02 19:24:09 - Processing DMR visualisation for region: gencode.vM25.mouse.cpg_shelves.annotation
[INFO] 2026-04-02 19:24:09 - Generating DMR plots for /expanse/lustre/projects/csd940/zalibhai/biomodal/modality/outputs_CG/Results/gencode.vM25.mouse.cpg_shelves.annotation/DMR_20260402_191227/DMR_hmc_control__mutant_20260402_191227.bed...
Logged in using stored credentials
[38;5;23m2026-04-02 19:24:12[39m  [1m[38;5;123mProvenance information:[39m
[38;5;23m2026-04-02 19:24:12[39m  cmd='/home/zalibhai/miniforge3/envs/modality/bin/modality -v dmr plot --dmr-results /expanse/lustre/projects/csd940/zalibhai/biomodal/modality/outputs_CG/Results/gencode.vM25.mouse.cpg_shelves.annotation/DMR_20260402_191227/DMR_hmc_control__mutant_20260402_191227.bed --output-dir /expanse/lustre/projects/csd940/zalibhai/biomodal/modality/outputs_CG/Results/gencode.vM25.mouse.cpg_shelves.annotation'
timestamp=2026-04-02T19:24:12.513495
version=1.0.0
user=zalibhai

[39m
[38;5;23m2026-04-02 19:24:12[39m  [1m[38;5;123mGenerating DMR plots:[39m
[38;5;23m2026-04-02 19:24:12[39m  [38;5;248mDmr Results[39m: ['/expanse/lustre/projects/csd940/zalibhai/biomodal/modality/outputs_CG/Results/gencode.vM25.mouse.cpg_shelves.annotation/DMR_20260402_191227/DMR_hmc_control__mutant_20260402_191227.bed'][39m
[38;5;23m2026-04-02 19:24:12[39m  [38;5;248mOutput Dir[39m: /expanse/lustre/projects/csd940/zalibhai/biomodal/modality/outputs_CG/Results/gencode.vM25.mouse.cpg_shelves.annotation[39m
[38;5;23m2026-04-02 19:24:12[39m  [38;5;248mFilter Qvalue[39m: None[39m
[38;5;23m2026-04-02 19:24:12[39m  [38;5;248mFilter Mod Difference[39m: None[39m
[38;5;23m2026-04-02 19:24:12[39m | [38;5;23mINFO[39m | Loading DMR file: /expanse/lustre/projects/csd940/zalibhai/biomodal/modality/outputs_CG/Results/gencode.vM25.mouse.cpg_shelves.annotation/DMR_20260402_191227/DMR_hmc_control__mutant_20260402_191227.bed[39m
[38;5;23m2026-04-02 19:24:12[39m | [33mWARNING[39m | [33mExtra columns detected: Index(['Annotation'], dtype='object'). These will be retained but are not validated.[39m
[38;5;23m2026-04-02 19:24:12[39m | [38;5;23mINFO[39m | Loaded DMR file with 29094 rows[39m
[38;5;23m2026-04-02 19:24:12[39m | [38;5;23mINFO[39m | No filtering applied to DMRs[39m
[38;5;23m2026-04-02 19:24:12[39m | [38;5;23mINFO[39m | After filtering, DMR result has 29094 rows[39m
[38;5;23m2026-04-02 19:24:12[39m | [38;5;23mINFO[39m | Data ranges - mod_difference: [-0.2530401351522041, 0.2486892609404579], min q-value: 2.782909629560179e-57[39m
[38;5;23m2026-04-02 19:24:12[39m | [38;5;23mINFO[39m | Preparing volcano plot data[39m
[38;5;23m2026-04-02 19:24:12[39m | [38;5;23mINFO[39m | Preparing histogram plot data[39m
[38;5;23m2026-04-02 19:24:12[39m | [38;5;23mINFO[39m | Histogram data for group 'CpG_shelve': 29094 p-values[39m
[38;5;23m2026-04-02 19:24:12[39m | [38;5;23mINFO[39m | p-value range: [9.565235545336424e-62, 0.9998679555859818][39m
[38;5;23m2026-04-02 19:24:12[39m | [38;5;23mINFO[39m | Volcano plot has 29094 total points across 1 groups[39m
[38;5;23m2026-04-02 19:24:12[39m | [33mWARNING[39m | [33mExtra columns detected: Index(['Annotation'], dtype='object'). These will be retained but are not validated.[39m
[38;5;23m2026-04-02 19:24:12[39m | [38;5;23mINFO[39m | Generated DMR report: /expanse/lustre/projects/csd940/zalibhai/biomodal/modality/outputs_CG/Results/gencode.vM25.mouse.cpg_shelves.annotation/DMR_Report_20260402_192412/DMR_Report_hmc_control__mutant.dmr.volcano_20260402_192412.html[39m
[38;5;23m2026-04-02 19:24:12[39m | [38;5;23mINFO[39m | Generated 1 DMR reports.[39m
[38;5;23m2026-04-02 19:24:12[39m  [1m[38;5;154mDMR report successfully generated: /expanse/lustre/projects/csd940/zalibhai/biomodal/modality/outputs_CG/Results/gencode.vM25.mouse.cpg_shelves.annotation/DMR_Report_20260402_192412/DMR_Report_hmc_control__mutant.dmr.volcano_20260402_192412.html[39m
[38;5;23m2026-04-02 19:24:12[39m | [38;5;23mINFO[39m | No filtered DMR files were generated. Check your filter parameters.[39m
[38;5;23m2026-04-02 19:24:12[39m  Wrote provenance sidecar file to /expanse/lustre/projects/csd940/zalibhai/biomodal/modality/outputs_CG/Results/gencode.vM25.mouse.cpg_shelves.annotation/DMR_Report_20260402_192412/modality_metadata_20260402_192412.json[39m
Logged in using stored credentials
[38;5;23m2026-04-02 19:24:16[39m  [1m[38;5;123mProvenance information:[39m
[38;5;23m2026-04-02 19:24:16[39m  cmd='/home/zalibhai/miniforge3/envs/modality/bin/modality dmr plot --dmr-results /expanse/lustre/projects/csd940/zalibhai/biomodal/modality/outputs_CG/Results/gencode.vM25.mouse.cpg_shelves.annotation/DMR_20260402_191227/DMR_hmc_control__mutant_20260402_191227.bed --filter-qvalue 0.05 --output-dir /expanse/lustre/projects/csd940/zalibhai/biomodal/modality/outputs_CG/Results/gencode.vM25.mouse.cpg_shelves.annotation'
timestamp=2026-04-02T19:24:16.309403
version=1.0.0
user=zalibhai

[39m
[38;5;23m2026-04-02 19:24:16[39m  [1m[38;5;123mGenerating DMR plots:[39m
[38;5;23m2026-04-02 19:24:16[39m  [38;5;248mDmr Results[39m: ['/expanse/lustre/projects/csd940/zalibhai/biomodal/modality/outputs_CG/Results/gencode.vM25.mouse.cpg_shelves.annotation/DMR_20260402_191227/DMR_hmc_control__mutant_20260402_191227.bed'][39m
[38;5;23m2026-04-02 19:24:16[39m  [38;5;248mFilter Qvalue[39m: 0.05[39m
[38;5;23m2026-04-02 19:24:16[39m  [38;5;248mOutput Dir[39m: /expanse/lustre/projects/csd940/zalibhai/biomodal/modality/outputs_CG/Results/gencode.vM25.mouse.cpg_shelves.annotation[39m
[38;5;23m2026-04-02 19:24:16[39m  [38;5;248mFilter Mod Difference[39m: None[39m
[38;5;23m2026-04-02 19:24:16[39m | [33mWARNING[39m | [33mExtra columns detected: Index(['Annotation'], dtype='object'). These will be retained but are not validated.[39m
[38;5;23m2026-04-02 19:24:16[39m | [33mWARNING[39m | [33mExtra columns detected: Index(['Annotation'], dtype='object'). These will be retained but are not validated.[39m
[38;5;23m2026-04-02 19:24:16[39m | [33mWARNING[39m | [33mExtra columns detected: Index(['Annotation'], dtype='object'). These will be retained but are not validated.[39m
[38;5;23m2026-04-02 19:24:16[39m  [1m[38;5;154mDMR report successfully generated: /expanse/lustre/projects/csd940/zalibhai/biomodal/modality/outputs_CG/Results/gencode.vM25.mouse.cpg_shelves.annotation/DMR_Report_20260402_192416/DMR_Report_hmc_control__mutant.max_q_0_05.dmr.volcano_20260402_192416.html[39m
[38;5;23m2026-04-02 19:24:16[39m  [1m[38;5;154mFiltered DMR files saved: /expanse/lustre/projects/csd940/zalibhai/biomodal/modality/outputs_CG/Results/gencode.vM25.mouse.cpg_shelves.annotation/DMR_Report_20260402_192416/DMR_hmc_control__mutant_qval_0_05_filtered_20260402_192416.bed.gz[39m
[38;5;23m2026-04-02 19:24:16[39m  Wrote provenance sidecar file to /expanse/lustre/projects/csd940/zalibhai/biomodal/modality/outputs_CG/Results/gencode.vM25.mouse.cpg_shelves.annotation/DMR_Report_20260402_192416/modality_metadata_20260402_192416.json[39m
[INFO] 2026-04-02 19:24:17 - DMR plots generated for /expanse/lustre/projects/csd940/zalibhai/biomodal/modality/outputs_CG/Results/gencode.vM25.mouse.cpg_shelves.annotation/DMR_20260402_191227/DMR_hmc_control__mutant_20260402_191227.bed
[INFO] 2026-04-02 19:24:17 - Generating DMR plots for /expanse/lustre/projects/csd940/zalibhai/biomodal/modality/outputs_CG/Results/gencode.vM25.mouse.cpg_shelves.annotation/DMR_20260402_191227/DMR_mc_control__mutant_20260402_191227.bed...
Logged in using stored credentials
[38;5;23m2026-04-02 19:24:20[39m  [1m[38;5;123mProvenance information:[39m
[38;5;23m2026-04-02 19:24:20[39m  cmd='/home/zalibhai/miniforge3/envs/modality/bin/modality -v dmr plot --dmr-results /expanse/lustre/projects/csd940/zalibhai/biomodal/modality/outputs_CG/Results/gencode.vM25.mouse.cpg_shelves.annotation/DMR_20260402_191227/DMR_mc_control__mutant_20260402_191227.bed --output-dir /expanse/lustre/projects/csd940/zalibhai/biomodal/modality/outputs_CG/Results/gencode.vM25.mouse.cpg_shelves.annotation'
timestamp=2026-04-02T19:24:20.073444
version=1.0.0
user=zalibhai

[39m
[38;5;23m2026-04-02 19:24:20[39m  [1m[38;5;123mGenerating DMR plots:[39m
[38;5;23m2026-04-02 19:24:20[39m  [38;5;248mDmr Results[39m: ['/expanse/lustre/projects/csd940/zalibhai/biomodal/modality/outputs_CG/Results/gencode.vM25.mouse.cpg_shelves.annotation/DMR_20260402_191227/DMR_mc_control__mutant_20260402_191227.bed'][39m
[38;5;23m2026-04-02 19:24:20[39m  [38;5;248mOutput Dir[39m: /expanse/lustre/projects/csd940/zalibhai/biomodal/modality/outputs_CG/Results/gencode.vM25.mouse.cpg_shelves.annotation[39m
[38;5;23m2026-04-02 19:24:20[39m  [38;5;248mFilter Qvalue[39m: None[39m
[38;5;23m2026-04-02 19:24:20[39m  [38;5;248mFilter Mod Difference[39m: None[39m
[38;5;23m2026-04-02 19:24:20[39m | [38;5;23mINFO[39m | Loading DMR file: /expanse/lustre/projects/csd940/zalibhai/biomodal/modality/outputs_CG/Results/gencode.vM25.mouse.cpg_shelves.annotation/DMR_20260402_191227/DMR_mc_control__mutant_20260402_191227.bed[39m
[38;5;23m2026-04-02 19:24:20[39m | [33mWARNING[39m | [33mExtra columns detected: Index(['Annotation'], dtype='object'). These will be retained but are not validated.[39m
[38;5;23m2026-04-02 19:24:20[39m | [38;5;23mINFO[39m | Loaded DMR file with 29094 rows[39m
[38;5;23m2026-04-02 19:24:20[39m | [38;5;23mINFO[39m | No filtering applied to DMRs[39m
[38;5;23m2026-04-02 19:24:20[39m | [38;5;23mINFO[39m | After filtering, DMR result has 29094 rows[39m
[38;5;23m2026-04-02 19:24:20[39m | [38;5;23mINFO[39m | Data ranges - mod_difference: [-0.2928571428571429, 0.5359232132592681], min q-value: 5.757342835725181e-190[39m
[38;5;23m2026-04-02 19:24:20[39m | [38;5;23mINFO[39m | Preparing volcano plot data[39m
[38;5;23m2026-04-02 19:24:20[39m | [38;5;23mINFO[39m | Preparing histogram plot data[39m
[38;5;23m2026-04-02 19:24:20[39m | [38;5;23mINFO[39m | Histogram data for group 'CpG_shelve': 29094 p-values[39m
[38;5;23m2026-04-02 19:24:20[39m | [38;5;23mINFO[39m | p-value range: [1.9788763441689638e-194, 0.9999100604649273][39m
[38;5;23m2026-04-02 19:24:20[39m | [38;5;23mINFO[39m | Volcano plot has 29094 total points across 1 groups[39m
[38;5;23m2026-04-02 19:24:20[39m | [33mWARNING[39m | [33mExtra columns detected: Index(['Annotation'], dtype='object'). These will be retained but are not validated.[39m
[38;5;23m2026-04-02 19:24:20[39m | [38;5;23mINFO[39m | Generated DMR report: /expanse/lustre/projects/csd940/zalibhai/biomodal/modality/outputs_CG/Results/gencode.vM25.mouse.cpg_shelves.annotation/DMR_Report_20260402_192420/DMR_Report_mc_control__mutant.dmr.volcano_20260402_192420.html[39m
[38;5;23m2026-04-02 19:24:20[39m | [38;5;23mINFO[39m | Generated 1 DMR reports.[39m
[38;5;23m2026-04-02 19:24:20[39m  [1m[38;5;154mDMR report successfully generated: /expanse/lustre/projects/csd940/zalibhai/biomodal/modality/outputs_CG/Results/gencode.vM25.mouse.cpg_shelves.annotation/DMR_Report_20260402_192420/DMR_Report_mc_control__mutant.dmr.volcano_20260402_192420.html[39m
[38;5;23m2026-04-02 19:24:20[39m | [38;5;23mINFO[39m | No filtered DMR files were generated. Check your filter parameters.[39m
[38;5;23m2026-04-02 19:24:20[39m  Wrote provenance sidecar file to /expanse/lustre/projects/csd940/zalibhai/biomodal/modality/outputs_CG/Results/gencode.vM25.mouse.cpg_shelves.annotation/DMR_Report_20260402_192420/modality_metadata_20260402_192420.json[39m
Logged in using stored credentials
[38;5;23m2026-04-02 19:24:23[39m  [1m[38;5;123mProvenance information:[39m
[38;5;23m2026-04-02 19:24:23[39m  cmd='/home/zalibhai/miniforge3/envs/modality/bin/modality dmr plot --dmr-results /expanse/lustre/projects/csd940/zalibhai/biomodal/modality/outputs_CG/Results/gencode.vM25.mouse.cpg_shelves.annotation/DMR_20260402_191227/DMR_mc_control__mutant_20260402_191227.bed --filter-qvalue 0.05 --output-dir /expanse/lustre/projects/csd940/zalibhai/biomodal/modality/outputs_CG/Results/gencode.vM25.mouse.cpg_shelves.annotation'
timestamp=2026-04-02T19:24:23.867082
version=1.0.0
user=zalibhai

[39m
[38;5;23m2026-04-02 19:24:23[39m  [1m[38;5;123mGenerating DMR plots:[39m
[38;5;23m2026-04-02 19:24:23[39m  [38;5;248mDmr Results[39m: ['/expanse/lustre/projects/csd940/zalibhai/biomodal/modality/outputs_CG/Results/gencode.vM25.mouse.cpg_shelves.annotation/DMR_20260402_191227/DMR_mc_control__mutant_20260402_191227.bed'][39m
[38;5;23m2026-04-02 19:24:23[39m  [38;5;248mFilter Qvalue[39m: 0.05[39m
[38;5;23m2026-04-02 19:24:23[39m  [38;5;248mOutput Dir[39m: /expanse/lustre/projects/csd940/zalibhai/biomodal/modality/outputs_CG/Results/gencode.vM25.mouse.cpg_shelves.annotation[39m
[38;5;23m2026-04-02 19:24:23[39m  [38;5;248mFilter Mod Difference[39m: None[39m
[38;5;23m2026-04-02 19:24:23[39m | [33mWARNING[39m | [33mExtra columns detected: Index(['Annotation'], dtype='object'). These will be retained but are not validated.[39m
[38;5;23m2026-04-02 19:24:23[39m | [33mWARNING[39m | [33mExtra columns detected: Index(['Annotation'], dtype='object'). These will be retained but are not validated.[39m
[38;5;23m2026-04-02 19:24:24[39m | [33mWARNING[39m | [33mExtra columns detected: Index(['Annotation'], dtype='object'). These will be retained but are not validated.[39m
[38;5;23m2026-04-02 19:24:24[39m  [1m[38;5;154mDMR report successfully generated: /expanse/lustre/projects/csd940/zalibhai/biomodal/modality/outputs_CG/Results/gencode.vM25.mouse.cpg_shelves.annotation/DMR_Report_20260402_192423/DMR_Report_mc_control__mutant.max_q_0_05.dmr.volcano_20260402_192423.html[39m
[38;5;23m2026-04-02 19:24:24[39m  [1m[38;5;154mFiltered DMR files saved: /expanse/lustre/projects/csd940/zalibhai/biomodal/modality/outputs_CG/Results/gencode.vM25.mouse.cpg_shelves.annotation/DMR_Report_20260402_192423/DMR_mc_control__mutant_qval_0_05_filtered_20260402_192423.bed.gz[39m
[38;5;23m2026-04-02 19:24:24[39m  Wrote provenance sidecar file to /expanse/lustre/projects/csd940/zalibhai/biomodal/modality/outputs_CG/Results/gencode.vM25.mouse.cpg_shelves.annotation/DMR_Report_20260402_192423/modality_metadata_20260402_192424.json[39m
[INFO] 2026-04-02 19:24:24 - DMR plots generated for /expanse/lustre/projects/csd940/zalibhai/biomodal/modality/outputs_CG/Results/gencode.vM25.mouse.cpg_shelves.annotation/DMR_20260402_191227/DMR_mc_control__mutant_20260402_191227.bed
[INFO] 2026-04-02 19:24:24 - DMR visualisation completed for region: gencode.vM25.mouse.cpg_shelves.annotation
[INFO] 2026-04-02 19:24:24 - Processing DMR visualisation for region: gencode.vM25.mouse.cpg_shores.annotation
[INFO] 2026-04-02 19:24:24 - Generating DMR plots for /expanse/lustre/projects/csd940/zalibhai/biomodal/modality/outputs_CG/Results/gencode.vM25.mouse.cpg_shores.annotation/DMR_20260402_191531/DMR_hmc_control__mutant_20260402_191531.bed...
Logged in using stored credentials
[38;5;23m2026-04-02 19:24:27[39m  [1m[38;5;123mProvenance information:[39m
[38;5;23m2026-04-02 19:24:27[39m  cmd='/home/zalibhai/miniforge3/envs/modality/bin/modality -v dmr plot --dmr-results /expanse/lustre/projects/csd940/zalibhai/biomodal/modality/outputs_CG/Results/gencode.vM25.mouse.cpg_shores.annotation/DMR_20260402_191531/DMR_hmc_control__mutant_20260402_191531.bed --output-dir /expanse/lustre/projects/csd940/zalibhai/biomodal/modality/outputs_CG/Results/gencode.vM25.mouse.cpg_shores.annotation'
timestamp=2026-04-02T19:24:27.714203
version=1.0.0
user=zalibhai

[39m
[38;5;23m2026-04-02 19:24:27[39m  [1m[38;5;123mGenerating DMR plots:[39m
[38;5;23m2026-04-02 19:24:27[39m  [38;5;248mDmr Results[39m: ['/expanse/lustre/projects/csd940/zalibhai/biomodal/modality/outputs_CG/Results/gencode.vM25.mouse.cpg_shores.annotation/DMR_20260402_191531/DMR_hmc_control__mutant_20260402_191531.bed'][39m
[38;5;23m2026-04-02 19:24:27[39m  [38;5;248mOutput Dir[39m: /expanse/lustre/projects/csd940/zalibhai/biomodal/modality/outputs_CG/Results/gencode.vM25.mouse.cpg_shores.annotation[39m
[38;5;23m2026-04-02 19:24:27[39m  [38;5;248mFilter Qvalue[39m: None[39m
[38;5;23m2026-04-02 19:24:27[39m  [38;5;248mFilter Mod Difference[39m: None[39m
[38;5;23m2026-04-02 19:24:27[39m | [38;5;23mINFO[39m | Loading DMR file: /expanse/lustre/projects/csd940/zalibhai/biomodal/modality/outputs_CG/Results/gencode.vM25.mouse.cpg_shores.annotation/DMR_20260402_191531/DMR_hmc_control__mutant_20260402_191531.bed[39m
[38;5;23m2026-04-02 19:24:27[39m | [33mWARNING[39m | [33mExtra columns detected: Index(['Annotation'], dtype='object'). These will be retained but are not validated.[39m
[38;5;23m2026-04-02 19:24:27[39m | [38;5;23mINFO[39m | Loaded DMR file with 32581 rows[39m
[38;5;23m2026-04-02 19:24:27[39m | [38;5;23mINFO[39m | No filtering applied to DMRs[39m
[38;5;23m2026-04-02 19:24:27[39m | [38;5;23mINFO[39m | After filtering, DMR result has 32581 rows[39m
[38;5;23m2026-04-02 19:24:27[39m | [38;5;23mINFO[39m | Data ranges - mod_difference: [-0.2103615512146448, 0.2392565196720532], min q-value: 1.561751168774529e-54[39m
[38;5;23m2026-04-02 19:24:27[39m | [38;5;23mINFO[39m | Preparing volcano plot data[39m
[38;5;23m2026-04-02 19:24:27[39m | [38;5;23mINFO[39m | Preparing histogram plot data[39m
[38;5;23m2026-04-02 19:24:27[39m | [38;5;23mINFO[39m | Histogram data for group 'CpG_shore': 32581 p-values[39m
[38;5;23m2026-04-02 19:24:27[39m | [38;5;23mINFO[39m | p-value range: [4.7934414805393604e-59, 0.9999799072198504][39m
[38;5;23m2026-04-02 19:24:27[39m | [38;5;23mINFO[39m | Volcano plot has 32581 total points across 1 groups[39m
[38;5;23m2026-04-02 19:24:27[39m | [33mWARNING[39m | [33mExtra columns detected: Index(['Annotation'], dtype='object'). These will be retained but are not validated.[39m
[38;5;23m2026-04-02 19:24:28[39m | [38;5;23mINFO[39m | Generated DMR report: /expanse/lustre/projects/csd940/zalibhai/biomodal/modality/outputs_CG/Results/gencode.vM25.mouse.cpg_shores.annotation/DMR_Report_20260402_192428/DMR_Report_hmc_control__mutant.dmr.volcano_20260402_192428.html[39m
[38;5;23m2026-04-02 19:24:28[39m | [38;5;23mINFO[39m | Generated 1 DMR reports.[39m
[38;5;23m2026-04-02 19:24:28[39m  [1m[38;5;154mDMR report successfully generated: /expanse/lustre/projects/csd940/zalibhai/biomodal/modality/outputs_CG/Results/gencode.vM25.mouse.cpg_shores.annotation/DMR_Report_20260402_192428/DMR_Report_hmc_control__mutant.dmr.volcano_20260402_192428.html[39m
[38;5;23m2026-04-02 19:24:28[39m | [38;5;23mINFO[39m | No filtered DMR files were generated. Check your filter parameters.[39m
[38;5;23m2026-04-02 19:24:28[39m  Wrote provenance sidecar file to /expanse/lustre/projects/csd940/zalibhai/biomodal/modality/outputs_CG/Results/gencode.vM25.mouse.cpg_shores.annotation/DMR_Report_20260402_192428/modality_metadata_20260402_192428.json[39m
Logged in using stored credentials
[38;5;23m2026-04-02 19:24:31[39m  [1m[38;5;123mProvenance information:[39m
[38;5;23m2026-04-02 19:24:31[39m  cmd='/home/zalibhai/miniforge3/envs/modality/bin/modality dmr plot --dmr-results /expanse/lustre/projects/csd940/zalibhai/biomodal/modality/outputs_CG/Results/gencode.vM25.mouse.cpg_shores.annotation/DMR_20260402_191531/DMR_hmc_control__mutant_20260402_191531.bed --filter-qvalue 0.05 --output-dir /expanse/lustre/projects/csd940/zalibhai/biomodal/modality/outputs_CG/Results/gencode.vM25.mouse.cpg_shores.annotation'
timestamp=2026-04-02T19:24:31.503838
version=1.0.0
user=zalibhai

[39m
[38;5;23m2026-04-02 19:24:31[39m  [1m[38;5;123mGenerating DMR plots:[39m
[38;5;23m2026-04-02 19:24:31[39m  [38;5;248mDmr Results[39m: ['/expanse/lustre/projects/csd940/zalibhai/biomodal/modality/outputs_CG/Results/gencode.vM25.mouse.cpg_shores.annotation/DMR_20260402_191531/DMR_hmc_control__mutant_20260402_191531.bed'][39m
[38;5;23m2026-04-02 19:24:31[39m  [38;5;248mFilter Qvalue[39m: 0.05[39m
[38;5;23m2026-04-02 19:24:31[39m  [38;5;248mOutput Dir[39m: /expanse/lustre/projects/csd940/zalibhai/biomodal/modality/outputs_CG/Results/gencode.vM25.mouse.cpg_shores.annotation[39m
[38;5;23m2026-04-02 19:24:31[39m  [38;5;248mFilter Mod Difference[39m: None[39m
[38;5;23m2026-04-02 19:24:31[39m | [33mWARNING[39m | [33mExtra columns detected: Index(['Annotation'], dtype='object'). These will be retained but are not validated.[39m
[38;5;23m2026-04-02 19:24:31[39m | [33mWARNING[39m | [33mExtra columns detected: Index(['Annotation'], dtype='object'). These will be retained but are not validated.[39m
[38;5;23m2026-04-02 19:24:31[39m | [33mWARNING[39m | [33mExtra columns detected: Index(['Annotation'], dtype='object'). These will be retained but are not validated.[39m
[38;5;23m2026-04-02 19:24:31[39m  [1m[38;5;154mDMR report successfully generated: /expanse/lustre/projects/csd940/zalibhai/biomodal/modality/outputs_CG/Results/gencode.vM25.mouse.cpg_shores.annotation/DMR_Report_20260402_192431/DMR_Report_hmc_control__mutant.max_q_0_05.dmr.volcano_20260402_192431.html[39m
[38;5;23m2026-04-02 19:24:31[39m  [1m[38;5;154mFiltered DMR files saved: /expanse/lustre/projects/csd940/zalibhai/biomodal/modality/outputs_CG/Results/gencode.vM25.mouse.cpg_shores.annotation/DMR_Report_20260402_192431/DMR_hmc_control__mutant_qval_0_05_filtered_20260402_192431.bed.gz[39m
[38;5;23m2026-04-02 19:24:31[39m  Wrote provenance sidecar file to /expanse/lustre/projects/csd940/zalibhai/biomodal/modality/outputs_CG/Results/gencode.vM25.mouse.cpg_shores.annotation/DMR_Report_20260402_192431/modality_metadata_20260402_192431.json[39m
[INFO] 2026-04-02 19:24:32 - DMR plots generated for /expanse/lustre/projects/csd940/zalibhai/biomodal/modality/outputs_CG/Results/gencode.vM25.mouse.cpg_shores.annotation/DMR_20260402_191531/DMR_hmc_control__mutant_20260402_191531.bed
[INFO] 2026-04-02 19:24:32 - Generating DMR plots for /expanse/lustre/projects/csd940/zalibhai/biomodal/modality/outputs_CG/Results/gencode.vM25.mouse.cpg_shores.annotation/DMR_20260402_191531/DMR_mc_control__mutant_20260402_191531.bed...
Logged in using stored credentials
[38;5;23m2026-04-02 19:24:35[39m  [1m[38;5;123mProvenance information:[39m
[38;5;23m2026-04-02 19:24:35[39m  cmd='/home/zalibhai/miniforge3/envs/modality/bin/modality -v dmr plot --dmr-results /expanse/lustre/projects/csd940/zalibhai/biomodal/modality/outputs_CG/Results/gencode.vM25.mouse.cpg_shores.annotation/DMR_20260402_191531/DMR_mc_control__mutant_20260402_191531.bed --output-dir /expanse/lustre/projects/csd940/zalibhai/biomodal/modality/outputs_CG/Results/gencode.vM25.mouse.cpg_shores.annotation'
timestamp=2026-04-02T19:24:35.349249
version=1.0.0
user=zalibhai

[39m
[38;5;23m2026-04-02 19:24:35[39m  [1m[38;5;123mGenerating DMR plots:[39m
[38;5;23m2026-04-02 19:24:35[39m  [38;5;248mDmr Results[39m: ['/expanse/lustre/projects/csd940/zalibhai/biomodal/modality/outputs_CG/Results/gencode.vM25.mouse.cpg_shores.annotation/DMR_20260402_191531/DMR_mc_control__mutant_20260402_191531.bed'][39m
[38;5;23m2026-04-02 19:24:35[39m  [38;5;248mOutput Dir[39m: /expanse/lustre/projects/csd940/zalibhai/biomodal/modality/outputs_CG/Results/gencode.vM25.mouse.cpg_shores.annotation[39m
[38;5;23m2026-04-02 19:24:35[39m  [38;5;248mFilter Qvalue[39m: None[39m
[38;5;23m2026-04-02 19:24:35[39m  [38;5;248mFilter Mod Difference[39m: None[39m
[38;5;23m2026-04-02 19:24:35[39m | [38;5;23mINFO[39m | Loading DMR file: /expanse/lustre/projects/csd940/zalibhai/biomodal/modality/outputs_CG/Results/gencode.vM25.mouse.cpg_shores.annotation/DMR_20260402_191531/DMR_mc_control__mutant_20260402_191531.bed[39m
[38;5;23m2026-04-02 19:24:35[39m | [33mWARNING[39m | [33mExtra columns detected: Index(['Annotation'], dtype='object'). These will be retained but are not validated.[39m
[38;5;23m2026-04-02 19:24:35[39m | [38;5;23mINFO[39m | Loaded DMR file with 32581 rows[39m
[38;5;23m2026-04-02 19:24:35[39m | [38;5;23mINFO[39m | No filtering applied to DMRs[39m
[38;5;23m2026-04-02 19:24:35[39m | [38;5;23mINFO[39m | After filtering, DMR result has 32581 rows[39m
[38;5;23m2026-04-02 19:24:35[39m | [38;5;23mINFO[39m | Data ranges - mod_difference: [-0.3603747396539804, 0.4656146964426081], min q-value: 7.801126301080654e-182[39m
[38;5;23m2026-04-02 19:24:35[39m | [38;5;23mINFO[39m | Preparing volcano plot data[39m
[38;5;23m2026-04-02 19:24:35[39m | [38;5;23mINFO[39m | Preparing histogram plot data[39m
[38;5;23m2026-04-02 19:24:35[39m | [38;5;23mINFO[39m | Histogram data for group 'CpG_shore': 32581 p-values[39m
[38;5;23m2026-04-02 19:24:35[39m | [38;5;23mINFO[39m | p-value range: [2.394379024916563e-186, 0.999968381720838][39m
[38;5;23m2026-04-02 19:24:35[39m | [38;5;23mINFO[39m | Volcano plot has 32581 total points across 1 groups[39m
[38;5;23m2026-04-02 19:24:35[39m | [33mWARNING[39m | [33mExtra columns detected: Index(['Annotation'], dtype='object'). These will be retained but are not validated.[39m
[38;5;23m2026-04-02 19:24:35[39m | [38;5;23mINFO[39m | Generated DMR report: /expanse/lustre/projects/csd940/zalibhai/biomodal/modality/outputs_CG/Results/gencode.vM25.mouse.cpg_shores.annotation/DMR_Report_20260402_192435/DMR_Report_mc_control__mutant.dmr.volcano_20260402_192435.html[39m
[38;5;23m2026-04-02 19:24:35[39m | [38;5;23mINFO[39m | Generated 1 DMR reports.[39m
[38;5;23m2026-04-02 19:24:35[39m  [1m[38;5;154mDMR report successfully generated: /expanse/lustre/projects/csd940/zalibhai/biomodal/modality/outputs_CG/Results/gencode.vM25.mouse.cpg_shores.annotation/DMR_Report_20260402_192435/DMR_Report_mc_control__mutant.dmr.volcano_20260402_192435.html[39m
[38;5;23m2026-04-02 19:24:35[39m | [38;5;23mINFO[39m | No filtered DMR files were generated. Check your filter parameters.[39m
[38;5;23m2026-04-02 19:24:35[39m  Wrote provenance sidecar file to /expanse/lustre/projects/csd940/zalibhai/biomodal/modality/outputs_CG/Results/gencode.vM25.mouse.cpg_shores.annotation/DMR_Report_20260402_192435/modality_metadata_20260402_192435.json[39m
Logged in using stored credentials
[38;5;23m2026-04-02 19:24:39[39m  [1m[38;5;123mProvenance information:[39m
[38;5;23m2026-04-02 19:24:39[39m  cmd='/home/zalibhai/miniforge3/envs/modality/bin/modality dmr plot --dmr-results /expanse/lustre/projects/csd940/zalibhai/biomodal/modality/outputs_CG/Results/gencode.vM25.mouse.cpg_shores.annotation/DMR_20260402_191531/DMR_mc_control__mutant_20260402_191531.bed --filter-qvalue 0.05 --output-dir /expanse/lustre/projects/csd940/zalibhai/biomodal/modality/outputs_CG/Results/gencode.vM25.mouse.cpg_shores.annotation'
timestamp=2026-04-02T19:24:39.185850
version=1.0.0
user=zalibhai

[39m
[38;5;23m2026-04-02 19:24:39[39m  [1m[38;5;123mGenerating DMR plots:[39m
[38;5;23m2026-04-02 19:24:39[39m  [38;5;248mDmr Results[39m: ['/expanse/lustre/projects/csd940/zalibhai/biomodal/modality/outputs_CG/Results/gencode.vM25.mouse.cpg_shores.annotation/DMR_20260402_191531/DMR_mc_control__mutant_20260402_191531.bed'][39m
[38;5;23m2026-04-02 19:24:39[39m  [38;5;248mFilter Qvalue[39m: 0.05[39m
[38;5;23m2026-04-02 19:24:39[39m  [38;5;248mOutput Dir[39m: /expanse/lustre/projects/csd940/zalibhai/biomodal/modality/outputs_CG/Results/gencode.vM25.mouse.cpg_shores.annotation[39m
[38;5;23m2026-04-02 19:24:39[39m  [38;5;248mFilter Mod Difference[39m: None[39m
[38;5;23m2026-04-02 19:24:39[39m | [33mWARNING[39m | [33mExtra columns detected: Index(['Annotation'], dtype='object'). These will be retained but are not validated.[39m
[38;5;23m2026-04-02 19:24:39[39m | [33mWARNING[39m | [33mExtra columns detected: Index(['Annotation'], dtype='object'). These will be retained but are not validated.[39m
[38;5;23m2026-04-02 19:24:39[39m | [33mWARNING[39m | [33mExtra columns detected: Index(['Annotation'], dtype='object'). These will be retained but are not validated.[39m
[38;5;23m2026-04-02 19:24:39[39m  [1m[38;5;154mDMR report successfully generated: /expanse/lustre/projects/csd940/zalibhai/biomodal/modality/outputs_CG/Results/gencode.vM25.mouse.cpg_shores.annotation/DMR_Report_20260402_192439/DMR_Report_mc_control__mutant.max_q_0_05.dmr.volcano_20260402_192439.html[39m
[38;5;23m2026-04-02 19:24:39[39m  [1m[38;5;154mFiltered DMR files saved: /expanse/lustre/projects/csd940/zalibhai/biomodal/modality/outputs_CG/Results/gencode.vM25.mouse.cpg_shores.annotation/DMR_Report_20260402_192439/DMR_mc_control__mutant_qval_0_05_filtered_20260402_192439.bed.gz[39m
[38;5;23m2026-04-02 19:24:39[39m  Wrote provenance sidecar file to /expanse/lustre/projects/csd940/zalibhai/biomodal/modality/outputs_CG/Results/gencode.vM25.mouse.cpg_shores.annotation/DMR_Report_20260402_192439/modality_metadata_20260402_192439.json[39m
[INFO] 2026-04-02 19:24:40 - DMR plots generated for /expanse/lustre/projects/csd940/zalibhai/biomodal/modality/outputs_CG/Results/gencode.vM25.mouse.cpg_shores.annotation/DMR_20260402_191531/DMR_mc_control__mutant_20260402_191531.bed
[INFO] 2026-04-02 19:24:40 - DMR visualisation completed for region: gencode.vM25.mouse.cpg_shores.annotation
[INFO] 2026-04-02 19:24:40 - Processing DMR visualisation for region: gencode.vM25.mouse.genes.annotation
[INFO] 2026-04-02 19:24:40 - Generating DMR plots for /expanse/lustre/projects/csd940/zalibhai/biomodal/modality/outputs_CG/Results/gencode.vM25.mouse.genes.annotation/DMR_20260402_191818/DMR_hmc_control__mutant_20260402_191818.bed...
Logged in using stored credentials
[38;5;23m2026-04-02 19:24:43[39m  [1m[38;5;123mProvenance information:[39m
[38;5;23m2026-04-02 19:24:43[39m  cmd='/home/zalibhai/miniforge3/envs/modality/bin/modality -v dmr plot --dmr-results /expanse/lustre/projects/csd940/zalibhai/biomodal/modality/outputs_CG/Results/gencode.vM25.mouse.genes.annotation/DMR_20260402_191818/DMR_hmc_control__mutant_20260402_191818.bed --output-dir /expanse/lustre/projects/csd940/zalibhai/biomodal/modality/outputs_CG/Results/gencode.vM25.mouse.genes.annotation'
timestamp=2026-04-02T19:24:43.946914
version=1.0.0
user=zalibhai

[39m
[38;5;23m2026-04-02 19:24:43[39m  [1m[38;5;123mGenerating DMR plots:[39m
[38;5;23m2026-04-02 19:24:43[39m  [38;5;248mDmr Results[39m: ['/expanse/lustre/projects/csd940/zalibhai/biomodal/modality/outputs_CG/Results/gencode.vM25.mouse.genes.annotation/DMR_20260402_191818/DMR_hmc_control__mutant_20260402_191818.bed'][39m
[38;5;23m2026-04-02 19:24:43[39m  [38;5;248mOutput Dir[39m: /expanse/lustre/projects/csd940/zalibhai/biomodal/modality/outputs_CG/Results/gencode.vM25.mouse.genes.annotation[39m
[38;5;23m2026-04-02 19:24:43[39m  [38;5;248mFilter Qvalue[39m: None[39m
[38;5;23m2026-04-02 19:24:43[39m  [38;5;248mFilter Mod Difference[39m: None[39m
[38;5;23m2026-04-02 19:24:43[39m | [38;5;23mINFO[39m | Loading DMR file: /expanse/lustre/projects/csd940/zalibhai/biomodal/modality/outputs_CG/Results/gencode.vM25.mouse.genes.annotation/DMR_20260402_191818/DMR_hmc_control__mutant_20260402_191818.bed[39m
[38;5;23m2026-04-02 19:24:43[39m | [33mWARNING[39m | [33mExtra columns detected: Index(['Annotation', 'Name'], dtype='object'). These will be retained but are not validated.[39m
[38;5;23m2026-04-02 19:24:43[39m | [38;5;23mINFO[39m | Loaded DMR file with 20991 rows[39m
[38;5;23m2026-04-02 19:24:44[39m | [38;5;23mINFO[39m | No filtering applied to DMRs[39m
[38;5;23m2026-04-02 19:24:44[39m | [38;5;23mINFO[39m | After filtering, DMR result has 20991 rows[39m
[38;5;23m2026-04-02 19:24:44[39m | [38;5;23mINFO[39m | Data ranges - mod_difference: [-0.1890580253080253, 0.2316181517050138], min q-value: 7.076746267261313e-306[39m
[38;5;23m2026-04-02 19:24:44[39m | [38;5;23mINFO[39m | Preparing volcano plot data[39m
[38;5;23m2026-04-02 19:24:44[39m | [38;5;23mINFO[39m | Preparing histogram plot data[39m
[38;5;23m2026-04-02 19:24:44[39m | [38;5;23mINFO[39m | Histogram data for group 'Gene': 20991 p-values[39m
[38;5;23m2026-04-02 19:24:44[39m | [38;5;23mINFO[39m | p-value range: [5.5541615419805e-310, 0.999862812029942][39m
[38;5;23m2026-04-02 19:24:44[39m | [38;5;23mINFO[39m | Volcano plot has 20991 total points across 1 groups[39m
[38;5;23m2026-04-02 19:24:44[39m | [33mWARNING[39m | [33mExtra columns detected: Index(['Annotation', 'Name'], dtype='object'). These will be retained but are not validated.[39m
[38;5;23m2026-04-02 19:24:44[39m | [38;5;23mINFO[39m | Generated DMR report: /expanse/lustre/projects/csd940/zalibhai/biomodal/modality/outputs_CG/Results/gencode.vM25.mouse.genes.annotation/DMR_Report_20260402_192444/DMR_Report_hmc_control__mutant.dmr.volcano_20260402_192444.html[39m
[38;5;23m2026-04-02 19:24:44[39m | [38;5;23mINFO[39m | Generated 1 DMR reports.[39m
[38;5;23m2026-04-02 19:24:44[39m  [1m[38;5;154mDMR report successfully generated: /expanse/lustre/projects/csd940/zalibhai/biomodal/modality/outputs_CG/Results/gencode.vM25.mouse.genes.annotation/DMR_Report_20260402_192444/DMR_Report_hmc_control__mutant.dmr.volcano_20260402_192444.html[39m
[38;5;23m2026-04-02 19:24:44[39m | [38;5;23mINFO[39m | No filtered DMR files were generated. Check your filter parameters.[39m
[38;5;23m2026-04-02 19:24:44[39m  Wrote provenance sidecar file to /expanse/lustre/projects/csd940/zalibhai/biomodal/modality/outputs_CG/Results/gencode.vM25.mouse.genes.annotation/DMR_Report_20260402_192444/modality_metadata_20260402_192444.json[39m
Logged in using stored credentials
[38;5;23m2026-04-02 19:24:47[39m  [1m[38;5;123mProvenance information:[39m
[38;5;23m2026-04-02 19:24:47[39m  cmd='/home/zalibhai/miniforge3/envs/modality/bin/modality dmr plot --dmr-results /expanse/lustre/projects/csd940/zalibhai/biomodal/modality/outputs_CG/Results/gencode.vM25.mouse.genes.annotation/DMR_20260402_191818/DMR_hmc_control__mutant_20260402_191818.bed --filter-qvalue 0.05 --output-dir /expanse/lustre/projects/csd940/zalibhai/biomodal/modality/outputs_CG/Results/gencode.vM25.mouse.genes.annotation'
timestamp=2026-04-02T19:24:47.723189
version=1.0.0
user=zalibhai

[39m
[38;5;23m2026-04-02 19:24:47[39m  [1m[38;5;123mGenerating DMR plots:[39m
[38;5;23m2026-04-02 19:24:47[39m  [38;5;248mDmr Results[39m: ['/expanse/lustre/projects/csd940/zalibhai/biomodal/modality/outputs_CG/Results/gencode.vM25.mouse.genes.annotation/DMR_20260402_191818/DMR_hmc_control__mutant_20260402_191818.bed'][39m
[38;5;23m2026-04-02 19:24:47[39m  [38;5;248mFilter Qvalue[39m: 0.05[39m
[38;5;23m2026-04-02 19:24:47[39m  [38;5;248mOutput Dir[39m: /expanse/lustre/projects/csd940/zalibhai/biomodal/modality/outputs_CG/Results/gencode.vM25.mouse.genes.annotation[39m
[38;5;23m2026-04-02 19:24:47[39m  [38;5;248mFilter Mod Difference[39m: None[39m
[38;5;23m2026-04-02 19:24:47[39m | [33mWARNING[39m | [33mExtra columns detected: Index(['Annotation', 'Name'], dtype='object'). These will be retained but are not validated.[39m
[38;5;23m2026-04-02 19:24:47[39m | [33mWARNING[39m | [33mExtra columns detected: Index(['Annotation', 'Name'], dtype='object'). These will be retained but are not validated.[39m
[38;5;23m2026-04-02 19:24:48[39m | [33mWARNING[39m | [33mExtra columns detected: Index(['Annotation', 'Name'], dtype='object'). These will be retained but are not validated.[39m
[38;5;23m2026-04-02 19:24:48[39m  [1m[38;5;154mDMR report successfully generated: /expanse/lustre/projects/csd940/zalibhai/biomodal/modality/outputs_CG/Results/gencode.vM25.mouse.genes.annotation/DMR_Report_20260402_192447/DMR_Report_hmc_control__mutant.max_q_0_05.dmr.volcano_20260402_192447.html[39m
[38;5;23m2026-04-02 19:24:48[39m  [1m[38;5;154mFiltered DMR files saved: /expanse/lustre/projects/csd940/zalibhai/biomodal/modality/outputs_CG/Results/gencode.vM25.mouse.genes.annotation/DMR_Report_20260402_192447/DMR_hmc_control__mutant_qval_0_05_filtered_20260402_192447.bed.gz[39m
[38;5;23m2026-04-02 19:24:48[39m  Wrote provenance sidecar file to /expanse/lustre/projects/csd940/zalibhai/biomodal/modality/outputs_CG/Results/gencode.vM25.mouse.genes.annotation/DMR_Report_20260402_192447/modality_metadata_20260402_192448.json[39m
[INFO] 2026-04-02 19:24:48 - DMR plots generated for /expanse/lustre/projects/csd940/zalibhai/biomodal/modality/outputs_CG/Results/gencode.vM25.mouse.genes.annotation/DMR_20260402_191818/DMR_hmc_control__mutant_20260402_191818.bed
[INFO] 2026-04-02 19:24:48 - Generating DMR plots for /expanse/lustre/projects/csd940/zalibhai/biomodal/modality/outputs_CG/Results/gencode.vM25.mouse.genes.annotation/DMR_20260402_191818/DMR_mc_control__mutant_20260402_191818.bed...
Logged in using stored credentials
[38;5;23m2026-04-02 19:24:51[39m  [1m[38;5;123mProvenance information:[39m
[38;5;23m2026-04-02 19:24:51[39m  cmd='/home/zalibhai/miniforge3/envs/modality/bin/modality -v dmr plot --dmr-results /expanse/lustre/projects/csd940/zalibhai/biomodal/modality/outputs_CG/Results/gencode.vM25.mouse.genes.annotation/DMR_20260402_191818/DMR_mc_control__mutant_20260402_191818.bed --output-dir /expanse/lustre/projects/csd940/zalibhai/biomodal/modality/outputs_CG/Results/gencode.vM25.mouse.genes.annotation'
timestamp=2026-04-02T19:24:51.863004
version=1.0.0
user=zalibhai

[39m
[38;5;23m2026-04-02 19:24:51[39m  [1m[38;5;123mGenerating DMR plots:[39m
[38;5;23m2026-04-02 19:24:51[39m  [38;5;248mDmr Results[39m: ['/expanse/lustre/projects/csd940/zalibhai/biomodal/modality/outputs_CG/Results/gencode.vM25.mouse.genes.annotation/DMR_20260402_191818/DMR_mc_control__mutant_20260402_191818.bed'][39m
[38;5;23m2026-04-02 19:24:51[39m  [38;5;248mOutput Dir[39m: /expanse/lustre/projects/csd940/zalibhai/biomodal/modality/outputs_CG/Results/gencode.vM25.mouse.genes.annotation[39m
[38;5;23m2026-04-02 19:24:51[39m  [38;5;248mFilter Qvalue[39m: None[39m
[38;5;23m2026-04-02 19:24:51[39m  [38;5;248mFilter Mod Difference[39m: None[39m
[38;5;23m2026-04-02 19:24:51[39m | [38;5;23mINFO[39m | Loading DMR file: /expanse/lustre/projects/csd940/zalibhai/biomodal/modality/outputs_CG/Results/gencode.vM25.mouse.genes.annotation/DMR_20260402_191818/DMR_mc_control__mutant_20260402_191818.bed[39m
[38;5;23m2026-04-02 19:24:51[39m | [33mWARNING[39m | [33mExtra columns detected: Index(['Annotation', 'Name'], dtype='object'). These will be retained but are not validated.[39m
[38;5;23m2026-04-02 19:24:51[39m | [38;5;23mINFO[39m | Loaded DMR file with 20991 rows[39m
[38;5;23m2026-04-02 19:24:51[39m | [38;5;23mINFO[39m | No filtering applied to DMRs[39m
[38;5;23m2026-04-02 19:24:51[39m | [38;5;23mINFO[39m | After filtering, DMR result has 20991 rows[39m
[38;5;23m2026-04-02 19:24:51[39m | [38;5;23mINFO[39m | Data ranges - mod_difference: [-0.234465667311412, 0.3236986697513013], min q-value: 4.815105707621099e-306[39m
[38;5;23m2026-04-02 19:24:51[39m | [38;5;23mINFO[39m | Preparing volcano plot data[39m
[38;5;23m2026-04-02 19:24:52[39m | [38;5;23mINFO[39m | Preparing histogram plot data[39m
[38;5;23m2026-04-02 19:24:52[39m | [38;5;23mINFO[39m | Histogram data for group 'Gene': 20991 p-values[39m
[38;5;23m2026-04-02 19:24:52[39m | [38;5;23mINFO[39m | p-value range: [2.2250738585072014e-308, 0.999903550520389][39m
[38;5;23m2026-04-02 19:24:52[39m | [38;5;23mINFO[39m | Volcano plot has 20991 total points across 1 groups[39m
[38;5;23m2026-04-02 19:24:52[39m | [33mWARNING[39m | [33mExtra columns detected: Index(['Annotation', 'Name'], dtype='object'). These will be retained but are not validated.[39m
[38;5;23m2026-04-02 19:24:52[39m | [38;5;23mINFO[39m | Generated DMR report: /expanse/lustre/projects/csd940/zalibhai/biomodal/modality/outputs_CG/Results/gencode.vM25.mouse.genes.annotation/DMR_Report_20260402_192452/DMR_Report_mc_control__mutant.dmr.volcano_20260402_192452.html[39m
[38;5;23m2026-04-02 19:24:52[39m | [38;5;23mINFO[39m | Generated 1 DMR reports.[39m
[38;5;23m2026-04-02 19:24:52[39m  [1m[38;5;154mDMR report successfully generated: /expanse/lustre/projects/csd940/zalibhai/biomodal/modality/outputs_CG/Results/gencode.vM25.mouse.genes.annotation/DMR_Report_20260402_192452/DMR_Report_mc_control__mutant.dmr.volcano_20260402_192452.html[39m
[38;5;23m2026-04-02 19:24:52[39m | [38;5;23mINFO[39m | No filtered DMR files were generated. Check your filter parameters.[39m
[38;5;23m2026-04-02 19:24:52[39m  Wrote provenance sidecar file to /expanse/lustre/projects/csd940/zalibhai/biomodal/modality/outputs_CG/Results/gencode.vM25.mouse.genes.annotation/DMR_Report_20260402_192452/modality_metadata_20260402_192452.json[39m
Logged in using stored credentials
[38;5;23m2026-04-02 19:24:55[39m  [1m[38;5;123mProvenance information:[39m
[38;5;23m2026-04-02 19:24:55[39m  cmd='/home/zalibhai/miniforge3/envs/modality/bin/modality dmr plot --dmr-results /expanse/lustre/projects/csd940/zalibhai/biomodal/modality/outputs_CG/Results/gencode.vM25.mouse.genes.annotation/DMR_20260402_191818/DMR_mc_control__mutant_20260402_191818.bed --filter-qvalue 0.05 --output-dir /expanse/lustre/projects/csd940/zalibhai/biomodal/modality/outputs_CG/Results/gencode.vM25.mouse.genes.annotation'
timestamp=2026-04-02T19:24:55.588281
version=1.0.0
user=zalibhai

[39m
[38;5;23m2026-04-02 19:24:55[39m  [1m[38;5;123mGenerating DMR plots:[39m
[38;5;23m2026-04-02 19:24:55[39m  [38;5;248mDmr Results[39m: ['/expanse/lustre/projects/csd940/zalibhai/biomodal/modality/outputs_CG/Results/gencode.vM25.mouse.genes.annotation/DMR_20260402_191818/DMR_mc_control__mutant_20260402_191818.bed'][39m
[38;5;23m2026-04-02 19:24:55[39m  [38;5;248mFilter Qvalue[39m: 0.05[39m
[38;5;23m2026-04-02 19:24:55[39m  [38;5;248mOutput Dir[39m: /expanse/lustre/projects/csd940/zalibhai/biomodal/modality/outputs_CG/Results/gencode.vM25.mouse.genes.annotation[39m
[38;5;23m2026-04-02 19:24:55[39m  [38;5;248mFilter Mod Difference[39m: None[39m
[38;5;23m2026-04-02 19:24:55[39m | [33mWARNING[39m | [33mExtra columns detected: Index(['Annotation', 'Name'], dtype='object'). These will be retained but are not validated.[39m
[38;5;23m2026-04-02 19:24:55[39m | [33mWARNING[39m | [33mExtra columns detected: Index(['Annotation', 'Name'], dtype='object'). These will be retained but are not validated.[39m
[38;5;23m2026-04-02 19:24:56[39m | [33mWARNING[39m | [33mExtra columns detected: Index(['Annotation', 'Name'], dtype='object'). These will be retained but are not validated.[39m
[38;5;23m2026-04-02 19:24:56[39m  [1m[38;5;154mDMR report successfully generated: /expanse/lustre/projects/csd940/zalibhai/biomodal/modality/outputs_CG/Results/gencode.vM25.mouse.genes.annotation/DMR_Report_20260402_192455/DMR_Report_mc_control__mutant.max_q_0_05.dmr.volcano_20260402_192455.html[39m
[38;5;23m2026-04-02 19:24:56[39m  [1m[38;5;154mFiltered DMR files saved: /expanse/lustre/projects/csd940/zalibhai/biomodal/modality/outputs_CG/Results/gencode.vM25.mouse.genes.annotation/DMR_Report_20260402_192455/DMR_mc_control__mutant_qval_0_05_filtered_20260402_192455.bed.gz[39m
[38;5;23m2026-04-02 19:24:56[39m  Wrote provenance sidecar file to /expanse/lustre/projects/csd940/zalibhai/biomodal/modality/outputs_CG/Results/gencode.vM25.mouse.genes.annotation/DMR_Report_20260402_192455/modality_metadata_20260402_192456.json[39m
[INFO] 2026-04-02 19:24:56 - DMR plots generated for /expanse/lustre/projects/csd940/zalibhai/biomodal/modality/outputs_CG/Results/gencode.vM25.mouse.genes.annotation/DMR_20260402_191818/DMR_mc_control__mutant_20260402_191818.bed
[INFO] 2026-04-02 19:24:56 - DMR visualisation completed for region: gencode.vM25.mouse.genes.annotation
[INFO] 2026-04-02 19:24:56 - Processing DMR visualisation for region: gencode.vM25.mouse.promoters.annotation
[INFO] 2026-04-02 19:24:56 - Generating DMR plots for /expanse/lustre/projects/csd940/zalibhai/biomodal/modality/outputs_CG/Results/gencode.vM25.mouse.promoters.annotation/DMR_20260402_192045/DMR_hmc_control__mutant_20260402_192045.bed...
Logged in using stored credentials
[38;5;23m2026-04-02 19:24:59[39m  [1m[38;5;123mProvenance information:[39m
[38;5;23m2026-04-02 19:24:59[39m  cmd='/home/zalibhai/miniforge3/envs/modality/bin/modality -v dmr plot --dmr-results /expanse/lustre/projects/csd940/zalibhai/biomodal/modality/outputs_CG/Results/gencode.vM25.mouse.promoters.annotation/DMR_20260402_192045/DMR_hmc_control__mutant_20260402_192045.bed --output-dir /expanse/lustre/projects/csd940/zalibhai/biomodal/modality/outputs_CG/Results/gencode.vM25.mouse.promoters.annotation'
timestamp=2026-04-02T19:24:59.520160
version=1.0.0
user=zalibhai

[39m
[38;5;23m2026-04-02 19:24:59[39m  [1m[38;5;123mGenerating DMR plots:[39m
[38;5;23m2026-04-02 19:24:59[39m  [38;5;248mDmr Results[39m: ['/expanse/lustre/projects/csd940/zalibhai/biomodal/modality/outputs_CG/Results/gencode.vM25.mouse.promoters.annotation/DMR_20260402_192045/DMR_hmc_control__mutant_20260402_192045.bed'][39m
[38;5;23m2026-04-02 19:24:59[39m  [38;5;248mOutput Dir[39m: /expanse/lustre/projects/csd940/zalibhai/biomodal/modality/outputs_CG/Results/gencode.vM25.mouse.promoters.annotation[39m
[38;5;23m2026-04-02 19:24:59[39m  [38;5;248mFilter Qvalue[39m: None[39m
[38;5;23m2026-04-02 19:24:59[39m  [38;5;248mFilter Mod Difference[39m: None[39m
[38;5;23m2026-04-02 19:24:59[39m | [38;5;23mINFO[39m | Loading DMR file: /expanse/lustre/projects/csd940/zalibhai/biomodal/modality/outputs_CG/Results/gencode.vM25.mouse.promoters.annotation/DMR_20260402_192045/DMR_hmc_control__mutant_20260402_192045.bed[39m
[38;5;23m2026-04-02 19:24:59[39m | [33mWARNING[39m | [33mExtra columns detected: Index(['Annotation', 'Name'], dtype='object'). These will be retained but are not validated.[39m
[38;5;23m2026-04-02 19:24:59[39m | [38;5;23mINFO[39m | Loaded DMR file with 20417 rows[39m
[38;5;23m2026-04-02 19:24:59[39m | [38;5;23mINFO[39m | No filtering applied to DMRs[39m
[38;5;23m2026-04-02 19:24:59[39m | [38;5;23mINFO[39m | After filtering, DMR result has 20417 rows[39m
[38;5;23m2026-04-02 19:24:59[39m | [38;5;23mINFO[39m | Data ranges - mod_difference: [-0.3014845266762071, 0.3166795844812803], min q-value: 7.140009189999618e-34[39m
[38;5;23m2026-04-02 19:24:59[39m | [38;5;23mINFO[39m | Preparing volcano plot data[39m
[38;5;23m2026-04-02 19:24:59[39m | [38;5;23mINFO[39m | Preparing histogram plot data[39m
[38;5;23m2026-04-02 19:24:59[39m | [38;5;23mINFO[39m | Histogram data for group 'Promoter': 20417 p-values[39m
[38;5;23m2026-04-02 19:24:59[39m | [38;5;23mINFO[39m | p-value range: [3.4970902630159264e-38, 0.9999509666043276][39m
[38;5;23m2026-04-02 19:24:59[39m | [38;5;23mINFO[39m | Volcano plot has 20417 total points across 1 groups[39m
[38;5;23m2026-04-02 19:24:59[39m | [33mWARNING[39m | [33mExtra columns detected: Index(['Annotation', 'Name'], dtype='object'). These will be retained but are not validated.[39m
[38;5;23m2026-04-02 19:24:59[39m | [38;5;23mINFO[39m | Generated DMR report: /expanse/lustre/projects/csd940/zalibhai/biomodal/modality/outputs_CG/Results/gencode.vM25.mouse.promoters.annotation/DMR_Report_20260402_192459/DMR_Report_hmc_control__mutant.dmr.volcano_20260402_192459.html[39m
[38;5;23m2026-04-02 19:24:59[39m | [38;5;23mINFO[39m | Generated 1 DMR reports.[39m
[38;5;23m2026-04-02 19:24:59[39m  [1m[38;5;154mDMR report successfully generated: /expanse/lustre/projects/csd940/zalibhai/biomodal/modality/outputs_CG/Results/gencode.vM25.mouse.promoters.annotation/DMR_Report_20260402_192459/DMR_Report_hmc_control__mutant.dmr.volcano_20260402_192459.html[39m
[38;5;23m2026-04-02 19:24:59[39m | [38;5;23mINFO[39m | No filtered DMR files were generated. Check your filter parameters.[39m
[38;5;23m2026-04-02 19:24:59[39m  Wrote provenance sidecar file to /expanse/lustre/projects/csd940/zalibhai/biomodal/modality/outputs_CG/Results/gencode.vM25.mouse.promoters.annotation/DMR_Report_20260402_192459/modality_metadata_20260402_192459.json[39m
Logged in using stored credentials
[38;5;23m2026-04-02 19:25:03[39m  [1m[38;5;123mProvenance information:[39m
[38;5;23m2026-04-02 19:25:03[39m  cmd='/home/zalibhai/miniforge3/envs/modality/bin/modality dmr plot --dmr-results /expanse/lustre/projects/csd940/zalibhai/biomodal/modality/outputs_CG/Results/gencode.vM25.mouse.promoters.annotation/DMR_20260402_192045/DMR_hmc_control__mutant_20260402_192045.bed --filter-qvalue 0.05 --output-dir /expanse/lustre/projects/csd940/zalibhai/biomodal/modality/outputs_CG/Results/gencode.vM25.mouse.promoters.annotation'
timestamp=2026-04-02T19:25:03.273335
version=1.0.0
user=zalibhai

[39m
[38;5;23m2026-04-02 19:25:03[39m  [1m[38;5;123mGenerating DMR plots:[39m
[38;5;23m2026-04-02 19:25:03[39m  [38;5;248mDmr Results[39m: ['/expanse/lustre/projects/csd940/zalibhai/biomodal/modality/outputs_CG/Results/gencode.vM25.mouse.promoters.annotation/DMR_20260402_192045/DMR_hmc_control__mutant_20260402_192045.bed'][39m
[38;5;23m2026-04-02 19:25:03[39m  [38;5;248mFilter Qvalue[39m: 0.05[39m
[38;5;23m2026-04-02 19:25:03[39m  [38;5;248mOutput Dir[39m: /expanse/lustre/projects/csd940/zalibhai/biomodal/modality/outputs_CG/Results/gencode.vM25.mouse.promoters.annotation[39m
[38;5;23m2026-04-02 19:25:03[39m  [38;5;248mFilter Mod Difference[39m: None[39m
[38;5;23m2026-04-02 19:25:03[39m | [33mWARNING[39m | [33mExtra columns detected: Index(['Annotation', 'Name'], dtype='object'). These will be retained but are not validated.[39m
[38;5;23m2026-04-02 19:25:03[39m | [33mWARNING[39m | [33mExtra columns detected: Index(['Annotation', 'Name'], dtype='object'). These will be retained but are not validated.[39m
[38;5;23m2026-04-02 19:25:03[39m | [33mWARNING[39m | [33mExtra columns detected: Index(['Annotation', 'Name'], dtype='object'). These will be retained but are not validated.[39m
[38;5;23m2026-04-02 19:25:03[39m  [1m[38;5;154mDMR report successfully generated: /expanse/lustre/projects/csd940/zalibhai/biomodal/modality/outputs_CG/Results/gencode.vM25.mouse.promoters.annotation/DMR_Report_20260402_192503/DMR_Report_hmc_control__mutant.max_q_0_05.dmr.volcano_20260402_192503.html[39m
[38;5;23m2026-04-02 19:25:03[39m  [1m[38;5;154mFiltered DMR files saved: /expanse/lustre/projects/csd940/zalibhai/biomodal/modality/outputs_CG/Results/gencode.vM25.mouse.promoters.annotation/DMR_Report_20260402_192503/DMR_hmc_control__mutant_qval_0_05_filtered_20260402_192503.bed.gz[39m
[38;5;23m2026-04-02 19:25:03[39m  Wrote provenance sidecar file to /expanse/lustre/projects/csd940/zalibhai/biomodal/modality/outputs_CG/Results/gencode.vM25.mouse.promoters.annotation/DMR_Report_20260402_192503/modality_metadata_20260402_192503.json[39m
[INFO] 2026-04-02 19:25:03 - DMR plots generated for /expanse/lustre/projects/csd940/zalibhai/biomodal/modality/outputs_CG/Results/gencode.vM25.mouse.promoters.annotation/DMR_20260402_192045/DMR_hmc_control__mutant_20260402_192045.bed
[INFO] 2026-04-02 19:25:03 - Generating DMR plots for /expanse/lustre/projects/csd940/zalibhai/biomodal/modality/outputs_CG/Results/gencode.vM25.mouse.promoters.annotation/DMR_20260402_192045/DMR_mc_control__mutant_20260402_192045.bed...
Logged in using stored credentials
[38;5;23m2026-04-02 19:25:06[39m  [1m[38;5;123mProvenance information:[39m
[38;5;23m2026-04-02 19:25:06[39m  cmd='/home/zalibhai/miniforge3/envs/modality/bin/modality -v dmr plot --dmr-results /expanse/lustre/projects/csd940/zalibhai/biomodal/modality/outputs_CG/Results/gencode.vM25.mouse.promoters.annotation/DMR_20260402_192045/DMR_mc_control__mutant_20260402_192045.bed --output-dir /expanse/lustre/projects/csd940/zalibhai/biomodal/modality/outputs_CG/Results/gencode.vM25.mouse.promoters.annotation'
timestamp=2026-04-02T19:25:06.853168
version=1.0.0
user=zalibhai

[39m
[38;5;23m2026-04-02 19:25:06[39m  [1m[38;5;123mGenerating DMR plots:[39m
[38;5;23m2026-04-02 19:25:06[39m  [38;5;248mDmr Results[39m: ['/expanse/lustre/projects/csd940/zalibhai/biomodal/modality/outputs_CG/Results/gencode.vM25.mouse.promoters.annotation/DMR_20260402_192045/DMR_mc_control__mutant_20260402_192045.bed'][39m
[38;5;23m2026-04-02 19:25:06[39m  [38;5;248mOutput Dir[39m: /expanse/lustre/projects/csd940/zalibhai/biomodal/modality/outputs_CG/Results/gencode.vM25.mouse.promoters.annotation[39m
[38;5;23m2026-04-02 19:25:06[39m  [38;5;248mFilter Qvalue[39m: None[39m
[38;5;23m2026-04-02 19:25:06[39m  [38;5;248mFilter Mod Difference[39m: None[39m
[38;5;23m2026-04-02 19:25:06[39m | [38;5;23mINFO[39m | Loading DMR file: /expanse/lustre/projects/csd940/zalibhai/biomodal/modality/outputs_CG/Results/gencode.vM25.mouse.promoters.annotation/DMR_20260402_192045/DMR_mc_control__mutant_20260402_192045.bed[39m
[38;5;23m2026-04-02 19:25:06[39m | [33mWARNING[39m | [33mExtra columns detected: Index(['Annotation', 'Name'], dtype='object'). These will be retained but are not validated.[39m
[38;5;23m2026-04-02 19:25:06[39m | [38;5;23mINFO[39m | Loaded DMR file with 20417 rows[39m
[38;5;23m2026-04-02 19:25:06[39m | [38;5;23mINFO[39m | No filtering applied to DMRs[39m
[38;5;23m2026-04-02 19:25:06[39m | [38;5;23mINFO[39m | After filtering, DMR result has 20417 rows[39m
[38;5;23m2026-04-02 19:25:06[39m | [38;5;23mINFO[39m | Data ranges - mod_difference: [-0.334638264009469, 0.3147772366522366], min q-value: 6.624208246793094e-111[39m
[38;5;23m2026-04-02 19:25:06[39m | [38;5;23mINFO[39m | Preparing volcano plot data[39m
[38;5;23m2026-04-02 19:25:07[39m | [38;5;23mINFO[39m | Preparing histogram plot data[39m
[38;5;23m2026-04-02 19:25:07[39m | [38;5;23mINFO[39m | Histogram data for group 'Promoter': 20417 p-values[39m
[38;5;23m2026-04-02 19:25:07[39m | [38;5;23mINFO[39m | p-value range: [3.244457190964929e-115, 0.999953937125338][39m
[38;5;23m2026-04-02 19:25:07[39m | [38;5;23mINFO[39m | Volcano plot has 20417 total points across 1 groups[39m
[38;5;23m2026-04-02 19:25:07[39m | [33mWARNING[39m | [33mExtra columns detected: Index(['Annotation', 'Name'], dtype='object'). These will be retained but are not validated.[39m
[38;5;23m2026-04-02 19:25:07[39m | [38;5;23mINFO[39m | Generated DMR report: /expanse/lustre/projects/csd940/zalibhai/biomodal/modality/outputs_CG/Results/gencode.vM25.mouse.promoters.annotation/DMR_Report_20260402_192507/DMR_Report_mc_control__mutant.dmr.volcano_20260402_192507.html[39m
[38;5;23m2026-04-02 19:25:07[39m | [38;5;23mINFO[39m | Generated 1 DMR reports.[39m
[38;5;23m2026-04-02 19:25:07[39m  [1m[38;5;154mDMR report successfully generated: /expanse/lustre/projects/csd940/zalibhai/biomodal/modality/outputs_CG/Results/gencode.vM25.mouse.promoters.annotation/DMR_Report_20260402_192507/DMR_Report_mc_control__mutant.dmr.volcano_20260402_192507.html[39m
[38;5;23m2026-04-02 19:25:07[39m | [38;5;23mINFO[39m | No filtered DMR files were generated. Check your filter parameters.[39m
[38;5;23m2026-04-02 19:25:07[39m  Wrote provenance sidecar file to /expanse/lustre/projects/csd940/zalibhai/biomodal/modality/outputs_CG/Results/gencode.vM25.mouse.promoters.annotation/DMR_Report_20260402_192507/modality_metadata_20260402_192507.json[39m
Logged in using stored credentials
[38;5;23m2026-04-02 19:25:10[39m  [1m[38;5;123mProvenance information:[39m
[38;5;23m2026-04-02 19:25:10[39m  cmd='/home/zalibhai/miniforge3/envs/modality/bin/modality dmr plot --dmr-results /expanse/lustre/projects/csd940/zalibhai/biomodal/modality/outputs_CG/Results/gencode.vM25.mouse.promoters.annotation/DMR_20260402_192045/DMR_mc_control__mutant_20260402_192045.bed --filter-qvalue 0.05 --output-dir /expanse/lustre/projects/csd940/zalibhai/biomodal/modality/outputs_CG/Results/gencode.vM25.mouse.promoters.annotation'
timestamp=2026-04-02T19:25:10.549098
version=1.0.0
user=zalibhai

[39m
[38;5;23m2026-04-02 19:25:10[39m  [1m[38;5;123mGenerating DMR plots:[39m
[38;5;23m2026-04-02 19:25:10[39m  [38;5;248mDmr Results[39m: ['/expanse/lustre/projects/csd940/zalibhai/biomodal/modality/outputs_CG/Results/gencode.vM25.mouse.promoters.annotation/DMR_20260402_192045/DMR_mc_control__mutant_20260402_192045.bed'][39m
[38;5;23m2026-04-02 19:25:10[39m  [38;5;248mFilter Qvalue[39m: 0.05[39m
[38;5;23m2026-04-02 19:25:10[39m  [38;5;248mOutput Dir[39m: /expanse/lustre/projects/csd940/zalibhai/biomodal/modality/outputs_CG/Results/gencode.vM25.mouse.promoters.annotation[39m
[38;5;23m2026-04-02 19:25:10[39m  [38;5;248mFilter Mod Difference[39m: None[39m
[38;5;23m2026-04-02 19:25:10[39m | [33mWARNING[39m | [33mExtra columns detected: Index(['Annotation', 'Name'], dtype='object'). These will be retained but are not validated.[39m
[38;5;23m2026-04-02 19:25:10[39m | [33mWARNING[39m | [33mExtra columns detected: Index(['Annotation', 'Name'], dtype='object'). These will be retained but are not validated.[39m
[38;5;23m2026-04-02 19:25:10[39m | [33mWARNING[39m | [33mExtra columns detected: Index(['Annotation', 'Name'], dtype='object'). These will be retained but are not validated.[39m
[38;5;23m2026-04-02 19:25:10[39m  [1m[38;5;154mDMR report successfully generated: /expanse/lustre/projects/csd940/zalibhai/biomodal/modality/outputs_CG/Results/gencode.vM25.mouse.promoters.annotation/DMR_Report_20260402_192510/DMR_Report_mc_control__mutant.max_q_0_05.dmr.volcano_20260402_192510.html[39m
[38;5;23m2026-04-02 19:25:10[39m  [1m[38;5;154mFiltered DMR files saved: /expanse/lustre/projects/csd940/zalibhai/biomodal/modality/outputs_CG/Results/gencode.vM25.mouse.promoters.annotation/DMR_Report_20260402_192510/DMR_mc_control__mutant_qval_0_05_filtered_20260402_192510.bed.gz[39m
[38;5;23m2026-04-02 19:25:10[39m  Wrote provenance sidecar file to /expanse/lustre/projects/csd940/zalibhai/biomodal/modality/outputs_CG/Results/gencode.vM25.mouse.promoters.annotation/DMR_Report_20260402_192510/modality_metadata_20260402_192510.json[39m
[INFO] 2026-04-02 19:25:11 - DMR plots generated for /expanse/lustre/projects/csd940/zalibhai/biomodal/modality/outputs_CG/Results/gencode.vM25.mouse.promoters.annotation/DMR_20260402_192045/DMR_mc_control__mutant_20260402_192045.bed
[INFO] 2026-04-02 19:25:11 - DMR visualisation completed for region: gencode.vM25.mouse.promoters.annotation
[INFO] 2026-04-02 19:25:11 - Processing DMR visualisation for region: gencode.vM25.mouse.tss_region.annotation
[INFO] 2026-04-02 19:25:11 - Generating DMR plots for /expanse/lustre/projects/csd940/zalibhai/biomodal/modality/outputs_CG/Results/gencode.vM25.mouse.tss_region.annotation/DMR_20260402_192302/DMR_hmc_control__mutant_20260402_192302.bed...
Logged in using stored credentials
[38;5;23m2026-04-02 19:25:14[39m  [1m[38;5;123mProvenance information:[39m
[38;5;23m2026-04-02 19:25:14[39m  cmd='/home/zalibhai/miniforge3/envs/modality/bin/modality -v dmr plot --dmr-results /expanse/lustre/projects/csd940/zalibhai/biomodal/modality/outputs_CG/Results/gencode.vM25.mouse.tss_region.annotation/DMR_20260402_192302/DMR_hmc_control__mutant_20260402_192302.bed --output-dir /expanse/lustre/projects/csd940/zalibhai/biomodal/modality/outputs_CG/Results/gencode.vM25.mouse.tss_region.annotation'
timestamp=2026-04-02T19:25:14.207395
version=1.0.0
user=zalibhai

[39m
[38;5;23m2026-04-02 19:25:14[39m  [1m[38;5;123mGenerating DMR plots:[39m
[38;5;23m2026-04-02 19:25:14[39m  [38;5;248mDmr Results[39m: ['/expanse/lustre/projects/csd940/zalibhai/biomodal/modality/outputs_CG/Results/gencode.vM25.mouse.tss_region.annotation/DMR_20260402_192302/DMR_hmc_control__mutant_20260402_192302.bed'][39m
[38;5;23m2026-04-02 19:25:14[39m  [38;5;248mOutput Dir[39m: /expanse/lustre/projects/csd940/zalibhai/biomodal/modality/outputs_CG/Results/gencode.vM25.mouse.tss_region.annotation[39m
[38;5;23m2026-04-02 19:25:14[39m  [38;5;248mFilter Qvalue[39m: None[39m
[38;5;23m2026-04-02 19:25:14[39m  [38;5;248mFilter Mod Difference[39m: None[39m
[38;5;23m2026-04-02 19:25:14[39m | [38;5;23mINFO[39m | Loading DMR file: /expanse/lustre/projects/csd940/zalibhai/biomodal/modality/outputs_CG/Results/gencode.vM25.mouse.tss_region.annotation/DMR_20260402_192302/DMR_hmc_control__mutant_20260402_192302.bed[39m
[38;5;23m2026-04-02 19:25:14[39m | [33mWARNING[39m | [33mExtra columns detected: Index(['Annotation', 'Name'], dtype='object'). These will be retained but are not validated.[39m
[38;5;23m2026-04-02 19:25:14[39m | [38;5;23mINFO[39m | Loaded DMR file with 14165 rows[39m
[38;5;23m2026-04-02 19:25:14[39m | [38;5;23mINFO[39m | No filtering applied to DMRs[39m
[38;5;23m2026-04-02 19:25:14[39m | [38;5;23mINFO[39m | After filtering, DMR result has 14165 rows[39m
[38;5;23m2026-04-02 19:25:14[39m | [38;5;23mINFO[39m | Data ranges - mod_difference: [-0.265625, 0.3373949495209263], min q-value: 7.237228525502605e-12[39m
[38;5;23m2026-04-02 19:25:14[39m | [38;5;23mINFO[39m | Preparing volcano plot data[39m
[38;5;23m2026-04-02 19:25:14[39m | [38;5;23mINFO[39m | Preparing histogram plot data[39m
[38;5;23m2026-04-02 19:25:14[39m | [38;5;23mINFO[39m | Histogram data for group 'TSS': 14165 p-values[39m
[38;5;23m2026-04-02 19:25:14[39m | [38;5;23mINFO[39m | p-value range: [5.109232986588496e-16, 0.9999723908040414][39m
[38;5;23m2026-04-02 19:25:14[39m | [38;5;23mINFO[39m | Volcano plot has 14165 total points across 1 groups[39m
[38;5;23m2026-04-02 19:25:14[39m | [33mWARNING[39m | [33mExtra columns detected: Index(['Annotation', 'Name'], dtype='object'). These will be retained but are not validated.[39m
[38;5;23m2026-04-02 19:25:14[39m | [38;5;23mINFO[39m | Generated DMR report: /expanse/lustre/projects/csd940/zalibhai/biomodal/modality/outputs_CG/Results/gencode.vM25.mouse.tss_region.annotation/DMR_Report_20260402_192514/DMR_Report_hmc_control__mutant.dmr.volcano_20260402_192514.html[39m
[38;5;23m2026-04-02 19:25:14[39m | [38;5;23mINFO[39m | Generated 1 DMR reports.[39m
[38;5;23m2026-04-02 19:25:14[39m  [1m[38;5;154mDMR report successfully generated: /expanse/lustre/projects/csd940/zalibhai/biomodal/modality/outputs_CG/Results/gencode.vM25.mouse.tss_region.annotation/DMR_Report_20260402_192514/DMR_Report_hmc_control__mutant.dmr.volcano_20260402_192514.html[39m
[38;5;23m2026-04-02 19:25:14[39m | [38;5;23mINFO[39m | No filtered DMR files were generated. Check your filter parameters.[39m
[38;5;23m2026-04-02 19:25:14[39m  Wrote provenance sidecar file to /expanse/lustre/projects/csd940/zalibhai/biomodal/modality/outputs_CG/Results/gencode.vM25.mouse.tss_region.annotation/DMR_Report_20260402_192514/modality_metadata_20260402_192514.json[39m
Logged in using stored credentials
[38;5;23m2026-04-02 19:25:17[39m  [1m[38;5;123mProvenance information:[39m
[38;5;23m2026-04-02 19:25:17[39m  cmd='/home/zalibhai/miniforge3/envs/modality/bin/modality dmr plot --dmr-results /expanse/lustre/projects/csd940/zalibhai/biomodal/modality/outputs_CG/Results/gencode.vM25.mouse.tss_region.annotation/DMR_20260402_192302/DMR_hmc_control__mutant_20260402_192302.bed --filter-qvalue 0.05 --output-dir /expanse/lustre/projects/csd940/zalibhai/biomodal/modality/outputs_CG/Results/gencode.vM25.mouse.tss_region.annotation'
timestamp=2026-04-02T19:25:17.809618
version=1.0.0
user=zalibhai

[39m
[38;5;23m2026-04-02 19:25:17[39m  [1m[38;5;123mGenerating DMR plots:[39m
[38;5;23m2026-04-02 19:25:17[39m  [38;5;248mDmr Results[39m: ['/expanse/lustre/projects/csd940/zalibhai/biomodal/modality/outputs_CG/Results/gencode.vM25.mouse.tss_region.annotation/DMR_20260402_192302/DMR_hmc_control__mutant_20260402_192302.bed'][39m
[38;5;23m2026-04-02 19:25:17[39m  [38;5;248mFilter Qvalue[39m: 0.05[39m
[38;5;23m2026-04-02 19:25:17[39m  [38;5;248mOutput Dir[39m: /expanse/lustre/projects/csd940/zalibhai/biomodal/modality/outputs_CG/Results/gencode.vM25.mouse.tss_region.annotation[39m
[38;5;23m2026-04-02 19:25:17[39m  [38;5;248mFilter Mod Difference[39m: None[39m
[38;5;23m2026-04-02 19:25:17[39m | [33mWARNING[39m | [33mExtra columns detected: Index(['Annotation', 'Name'], dtype='object'). These will be retained but are not validated.[39m
[38;5;23m2026-04-02 19:25:17[39m | [33mWARNING[39m | [33mExtra columns detected: Index(['Annotation', 'Name'], dtype='object'). These will be retained but are not validated.[39m
[38;5;23m2026-04-02 19:25:17[39m | [33mWARNING[39m | [33mExtra columns detected: Index(['Annotation', 'Name'], dtype='object'). These will be retained but are not validated.[39m
[38;5;23m2026-04-02 19:25:17[39m  [1m[38;5;154mDMR report successfully generated: /expanse/lustre/projects/csd940/zalibhai/biomodal/modality/outputs_CG/Results/gencode.vM25.mouse.tss_region.annotation/DMR_Report_20260402_192517/DMR_Report_hmc_control__mutant.max_q_0_05.dmr.volcano_20260402_192517.html[39m
[38;5;23m2026-04-02 19:25:17[39m  [1m[38;5;154mFiltered DMR files saved: /expanse/lustre/projects/csd940/zalibhai/biomodal/modality/outputs_CG/Results/gencode.vM25.mouse.tss_region.annotation/DMR_Report_20260402_192517/DMR_hmc_control__mutant_qval_0_05_filtered_20260402_192517.bed.gz[39m
[38;5;23m2026-04-02 19:25:17[39m  Wrote provenance sidecar file to /expanse/lustre/projects/csd940/zalibhai/biomodal/modality/outputs_CG/Results/gencode.vM25.mouse.tss_region.annotation/DMR_Report_20260402_192517/modality_metadata_20260402_192517.json[39m
[INFO] 2026-04-02 19:25:18 - DMR plots generated for /expanse/lustre/projects/csd940/zalibhai/biomodal/modality/outputs_CG/Results/gencode.vM25.mouse.tss_region.annotation/DMR_20260402_192302/DMR_hmc_control__mutant_20260402_192302.bed
[INFO] 2026-04-02 19:25:18 - Generating DMR plots for /expanse/lustre/projects/csd940/zalibhai/biomodal/modality/outputs_CG/Results/gencode.vM25.mouse.tss_region.annotation/DMR_20260402_192302/DMR_mc_control__mutant_20260402_192302.bed...
Logged in using stored credentials
[38;5;23m2026-04-02 19:25:21[39m  [1m[38;5;123mProvenance information:[39m
[38;5;23m2026-04-02 19:25:21[39m  cmd='/home/zalibhai/miniforge3/envs/modality/bin/modality -v dmr plot --dmr-results /expanse/lustre/projects/csd940/zalibhai/biomodal/modality/outputs_CG/Results/gencode.vM25.mouse.tss_region.annotation/DMR_20260402_192302/DMR_mc_control__mutant_20260402_192302.bed --output-dir /expanse/lustre/projects/csd940/zalibhai/biomodal/modality/outputs_CG/Results/gencode.vM25.mouse.tss_region.annotation'
timestamp=2026-04-02T19:25:21.445122
version=1.0.0
user=zalibhai

[39m
[38;5;23m2026-04-02 19:25:21[39m  [1m[38;5;123mGenerating DMR plots:[39m
[38;5;23m2026-04-02 19:25:21[39m  [38;5;248mDmr Results[39m: ['/expanse/lustre/projects/csd940/zalibhai/biomodal/modality/outputs_CG/Results/gencode.vM25.mouse.tss_region.annotation/DMR_20260402_192302/DMR_mc_control__mutant_20260402_192302.bed'][39m
[38;5;23m2026-04-02 19:25:21[39m  [38;5;248mOutput Dir[39m: /expanse/lustre/projects/csd940/zalibhai/biomodal/modality/outputs_CG/Results/gencode.vM25.mouse.tss_region.annotation[39m
[38;5;23m2026-04-02 19:25:21[39m  [38;5;248mFilter Qvalue[39m: None[39m
[38;5;23m2026-04-02 19:25:21[39m  [38;5;248mFilter Mod Difference[39m: None[39m
[38;5;23m2026-04-02 19:25:21[39m | [38;5;23mINFO[39m | Loading DMR file: /expanse/lustre/projects/csd940/zalibhai/biomodal/modality/outputs_CG/Results/gencode.vM25.mouse.tss_region.annotation/DMR_20260402_192302/DMR_mc_control__mutant_20260402_192302.bed[39m
[38;5;23m2026-04-02 19:25:21[39m | [33mWARNING[39m | [33mExtra columns detected: Index(['Annotation', 'Name'], dtype='object'). These will be retained but are not validated.[39m
[38;5;23m2026-04-02 19:25:21[39m | [38;5;23mINFO[39m | Loaded DMR file with 14165 rows[39m
[38;5;23m2026-04-02 19:25:21[39m | [38;5;23mINFO[39m | No filtering applied to DMRs[39m
[38;5;23m2026-04-02 19:25:21[39m | [38;5;23mINFO[39m | After filtering, DMR result has 14165 rows[39m
[38;5;23m2026-04-02 19:25:21[39m | [38;5;23mINFO[39m | Data ranges - mod_difference: [-0.3750627090301003, 0.3637733793983794], min q-value: 3.6378452996584775e-14[39m
[38;5;23m2026-04-02 19:25:21[39m | [38;5;23mINFO[39m | Preparing volcano plot data[39m
[38;5;23m2026-04-02 19:25:21[39m | [38;5;23mINFO[39m | Preparing histogram plot data[39m
[38;5;23m2026-04-02 19:25:21[39m | [38;5;23mINFO[39m | Histogram data for group 'TSS': 14165 p-values[39m
[38;5;23m2026-04-02 19:25:21[39m | [38;5;23mINFO[39m | p-value range: [2.56819294010482e-18, 0.9999632426204188][39m
[38;5;23m2026-04-02 19:25:21[39m | [38;5;23mINFO[39m | Volcano plot has 14165 total points across 1 groups[39m
[38;5;23m2026-04-02 19:25:21[39m | [33mWARNING[39m | [33mExtra columns detected: Index(['Annotation', 'Name'], dtype='object'). These will be retained but are not validated.[39m
[38;5;23m2026-04-02 19:25:21[39m | [38;5;23mINFO[39m | Generated DMR report: /expanse/lustre/projects/csd940/zalibhai/biomodal/modality/outputs_CG/Results/gencode.vM25.mouse.tss_region.annotation/DMR_Report_20260402_192521/DMR_Report_mc_control__mutant.dmr.volcano_20260402_192521.html[39m
[38;5;23m2026-04-02 19:25:21[39m | [38;5;23mINFO[39m | Generated 1 DMR reports.[39m
[38;5;23m2026-04-02 19:25:21[39m  [1m[38;5;154mDMR report successfully generated: /expanse/lustre/projects/csd940/zalibhai/biomodal/modality/outputs_CG/Results/gencode.vM25.mouse.tss_region.annotation/DMR_Report_20260402_192521/DMR_Report_mc_control__mutant.dmr.volcano_20260402_192521.html[39m
[38;5;23m2026-04-02 19:25:21[39m | [38;5;23mINFO[39m | No filtered DMR files were generated. Check your filter parameters.[39m
[38;5;23m2026-04-02 19:25:21[39m  Wrote provenance sidecar file to /expanse/lustre/projects/csd940/zalibhai/biomodal/modality/outputs_CG/Results/gencode.vM25.mouse.tss_region.annotation/DMR_Report_20260402_192521/modality_metadata_20260402_192521.json[39m
Logged in using stored credentials
[38;5;23m2026-04-02 19:25:25[39m  [1m[38;5;123mProvenance information:[39m
[38;5;23m2026-04-02 19:25:25[39m  cmd='/home/zalibhai/miniforge3/envs/modality/bin/modality dmr plot --dmr-results /expanse/lustre/projects/csd940/zalibhai/biomodal/modality/outputs_CG/Results/gencode.vM25.mouse.tss_region.annotation/DMR_20260402_192302/DMR_mc_control__mutant_20260402_192302.bed --filter-qvalue 0.05 --output-dir /expanse/lustre/projects/csd940/zalibhai/biomodal/modality/outputs_CG/Results/gencode.vM25.mouse.tss_region.annotation'
timestamp=2026-04-02T19:25:25.047789
version=1.0.0
user=zalibhai

[39m
[38;5;23m2026-04-02 19:25:25[39m  [1m[38;5;123mGenerating DMR plots:[39m
[38;5;23m2026-04-02 19:25:25[39m  [38;5;248mDmr Results[39m: ['/expanse/lustre/projects/csd940/zalibhai/biomodal/modality/outputs_CG/Results/gencode.vM25.mouse.tss_region.annotation/DMR_20260402_192302/DMR_mc_control__mutant_20260402_192302.bed'][39m
[38;5;23m2026-04-02 19:25:25[39m  [38;5;248mFilter Qvalue[39m: 0.05[39m
[38;5;23m2026-04-02 19:25:25[39m  [38;5;248mOutput Dir[39m: /expanse/lustre/projects/csd940/zalibhai/biomodal/modality/outputs_CG/Results/gencode.vM25.mouse.tss_region.annotation[39m
[38;5;23m2026-04-02 19:25:25[39m  [38;5;248mFilter Mod Difference[39m: None[39m
[38;5;23m2026-04-02 19:25:25[39m | [33mWARNING[39m | [33mExtra columns detected: Index(['Annotation', 'Name'], dtype='object'). These will be retained but are not validated.[39m
[38;5;23m2026-04-02 19:25:25[39m | [33mWARNING[39m | [33mExtra columns detected: Index(['Annotation', 'Name'], dtype='object'). These will be retained but are not validated.[39m
[38;5;23m2026-04-02 19:25:25[39m | [33mWARNING[39m | [33mExtra columns detected: Index(['Annotation', 'Name'], dtype='object'). These will be retained but are not validated.[39m
[38;5;23m2026-04-02 19:25:25[39m  [1m[38;5;154mDMR report successfully generated: /expanse/lustre/projects/csd940/zalibhai/biomodal/modality/outputs_CG/Results/gencode.vM25.mouse.tss_region.annotation/DMR_Report_20260402_192525/DMR_Report_mc_control__mutant.max_q_0_05.dmr.volcano_20260402_192525.html[39m
[38;5;23m2026-04-02 19:25:25[39m  [1m[38;5;154mFiltered DMR files saved: /expanse/lustre/projects/csd940/zalibhai/biomodal/modality/outputs_CG/Results/gencode.vM25.mouse.tss_region.annotation/DMR_Report_20260402_192525/DMR_mc_control__mutant_qval_0_05_filtered_20260402_192525.bed.gz[39m
[38;5;23m2026-04-02 19:25:25[39m  Wrote provenance sidecar file to /expanse/lustre/projects/csd940/zalibhai/biomodal/modality/outputs_CG/Results/gencode.vM25.mouse.tss_region.annotation/DMR_Report_20260402_192525/modality_metadata_20260402_192525.json[39m
[INFO] 2026-04-02 19:25:25 - DMR plots generated for /expanse/lustre/projects/csd940/zalibhai/biomodal/modality/outputs_CG/Results/gencode.vM25.mouse.tss_region.annotation/DMR_20260402_192302/DMR_mc_control__mutant_20260402_192302.bed
[INFO] 2026-04-02 19:25:25 - DMR visualisation completed for region: gencode.vM25.mouse.tss_region.annotation
[INFO] 2026-04-02 19:25:25 - DMR HTML reports copied to region-specific directories
[INFO] 2026-04-02 19:25:25 - Pipeline completed successfully. Reports are available in /expanse/lustre/projects/csd940/zalibhai/biomodal/modality/outputs_CG/Reports and region-specific subdirectories
[INFO] 2026-04-02 19:25:25 - Script completed in 2109 seconds

=========================================
End time: Thu Apr  2 19:25:25 PDT 2026
=========================================
