resolution_kb	total_loops	significant_fdr05	pct_significant	up_in_mutant	down_in_mutant	median_logFC_all	median_logFC_sig
5	17982	1766	9.82093204315427	1127	639	0.101146507484671	0.387935402162533
10	22632	3981	17.5901378579003	2240	1741	0.0862988202239291	0.273118032813111
25	20398	4774	23.4042553191489	2512	2262	0.0829020818770449	0.227940688803911
