resolution_kb	total_loops	significant_fdr05	pct_significant	up_in_mutant	down_in_mutant	median_logFC_all	median_logFC_sig	final_loops	final_up	final_down	pct_final	median_logFC_final
5	17982	1766	9.82093204315427	1127	639	0.101146507484671	0.387935402162533	1120	779	341	6.22845067289512	0.444998856879639
10	22632	3981	17.5901378579003	2240	1741	0.0862988202239291	0.273118032813111	1532	953	579	6.76917638741605	0.399833470297961
25	20398	4774	23.4042553191489	2512	2262	0.0829020818770449	0.227940688803911	1189	660	529	5.82900284341602	0.373322704154028
