Distance from Center (cmd=annotatePeaks.pl tss mm10 -size 1000000 -hist 1000 -bedGraph /expanse/lustre/projects/csd940/ctea/homer/bwt2_bam/tags/ctrl_M2/tagdirs/tagdirs.25x50kb.PC1.bedGraph /expanse/lustre/projects/csd940/ctea/homer/bwt2_bam/tags/mut_M2/tagdirs/tagdirs.25x50kb.PC1.bedGraph)	/expanse/lustre/projects/csd940/ctea/homer/bwt2_bam/tags/ctrl_M2/tagdirs/tagdirs.25x50kb.PC1.bedGraph Coverage	/expanse/lustre/projects/csd940/ctea/homer/bwt2_bam/tags/ctrl_M2/tagdirs/tagdirs.25x50kb.PC1.bedGraph + Tags	/expanse/lustre/projects/csd940/ctea/homer/bwt2_bam/tags/ctrl_M2/tagdirs/tagdirs.25x50kb.PC1.bedGraph - Tags	/expanse/lustre/projects/csd940/ctea/homer/bwt2_bam/tags/mut_M2/tagdirs/tagdirs.25x50kb.PC1.bedGraph Coverage	/expanse/lustre/projects/csd940/ctea/homer/bwt2_bam/tags/mut_M2/tagdirs/tagdirs.25x50kb.PC1.bedGraph + Tags	/expanse/lustre/projects/csd940/ctea/homer/bwt2_bam/tags/mut_M2/tagdirs/tagdirs.25x50kb.PC1.bedGraph - Tags
-500000	0.400290403613949	1.66040488052014e-05	1.6488453094655e-05	0.39492674997889	1.66303090433167e-05	1.65633074389935e-05
-499000	0.400249852233387	1.67912057755636e-05	1.6831757156126e-05	0.394821117959976	1.62438782403107e-05	1.63495102592249e-05
-498000	0.400424744574854	1.65317909313519e-05	1.63568985898843e-05	0.395023748205691	1.62084564721776e-05	1.60058262264629e-05
-497000	0.400554610318332	1.61893312505277e-05	1.60594655070506e-05	0.395348307016803	1.61024233724563e-05	1.57778645613443e-05
-496000	0.400999366714515	1.31950097103774e-05	1.2750253314194e-05	0.395786582791522	1.31142235919953e-05	1.2675947817276e-05
-495000	0.400887021869459	1.64842734104535e-05	1.65966182555096e-05	0.395789327028625	1.64138520645107e-05	1.64111078274086e-05
-494000	0.400884404289454	1.21010723634214e-05	1.21036899434265e-05	0.395770771763911	1.1330511694672e-05	1.13490669593853e-05
-493000	0.401010618086633	1.67456725491851e-05	1.66194587520054e-05	0.395793971122182	1.67717005826226e-05	1.6748501224352e-05
-492000	0.401468272397197	1.84118044414423e-05	1.7954150130879e-05	0.39615977792789	1.81876847082665e-05	1.78218779025585e-05
-491000	0.401223402009626	1.7043992231698e-05	1.72888626192687e-05	0.396214810436545	1.70608587351178e-05	1.70058262264628e-05
-490000	0.401516570970193	1.60457021025078e-05	1.57525331419404e-05	0.396470911086718	1.55811027611247e-05	1.53250021109516e-05
-489000	0.401546842016381	1.68661445579667e-05	1.68358735117791e-05	0.396372730727012	1.69765895465676e-05	1.70747699062738e-05
-488000	0.401541416870725	1.36865659039095e-05	1.36919910495651e-05	0.396512412395508	1.36964240479608e-05	1.35567423794647e-05
-487000	0.402171345942751	1.58499535590645e-05	1.52200244870388e-05	0.397175968926792	1.56644642404796e-05	1.50009077091953e-05
-486000	0.40225567845985	1.69783416364097e-05	1.6894009119311e-05	0.397317909313519	1.71314911762222e-05	1.69895507894959e-05
-485000	0.402834923583551	1.57358566241662e-05	1.51566115004644e-05	0.397963818289285	1.56906400405303e-05	1.5044731064764e-05
-484000	0.402963923836866	1.65636240817361e-05	1.64346238284218e-05	0.398013763404543	1.59388457316558e-05	1.58889006163979e-05
-483000	0.403515072194545	1.72979397112218e-05	1.67467913535422e-05	0.398431900700836	1.71416870725323e-05	1.67235497762391e-05
-482000	0.403498395676771	1.68537321624589e-05	1.68704086802331e-05	0.398322996706915	1.68210546314279e-05	1.69299586253483e-05
-481000	0.403657012581272	1.56283880773453e-05	1.54697711728447e-05	0.398349214725998	1.58719918939458e-05	1.58457738748628e-05
-480000	0.403759710377438	1.57086675673394e-05	1.56059697711729e-05	0.398556404627206	1.51428480959216e-05	1.49356581947142e-05
-479000	0.404221924343494	1.77156970362239e-05	1.7253483070168e-05	0.399188782403107	1.73619648737651e-05	1.67295870978637e-05
-478000	0.404227075065439	1.79636071941231e-05	1.79584564721776e-05	0.399188486869881	1.76083129274677e-05	1.76086084606941e-05
-477000	0.40444080891666	1.76226040699147e-05	1.74088702186946e-05	0.399413493202736	1.72257240564046e-05	1.70007177235498e-05
-476000	0.404716098117031	1.41010723634215e-05	1.38257831630499e-05	0.399776049142954	1.38590095415013e-05	1.34964536012835e-05
-475000	0.404827155281601	1.67151059697712e-05	1.66040488052014e-05	0.40002381153424	1.68780714346028e-05	1.66303090433167e-05
-474000	0.405110022798277	1.70740732922402e-05	1.67912057755636e-05	0.40027788567086	1.64979523769316e-05	1.62438782403107e-05
-473000	0.404953157983619	1.63749261166934e-05	1.65317909313519e-05	0.400110297221988	1.60408680233049e-05	1.62084564721776e-05
-472000	0.405285632863295	1.65218061302035e-05	1.61893312505277e-05	0.400455986658786	1.64481128092544e-05	1.61024233724563e-05
-471000	0.406112365954572	1.4021742801655e-05	1.31950097103774e-05	0.401243667145149	1.39019040783585e-05	1.31142235919953e-05
-470000	0.405795089926539	1.616699738242e-05	1.64842734104535e-05	0.401194270877311	1.63644557966731e-05	1.64138520645107e-05
-469000	0.406003166427426	1.2309148864308e-05	1.21010723634214e-05	0.401407139238369	1.15433800557291e-05	1.1330511694672e-05
-468000	0.405925462298404	1.66679684201638e-05	1.67456725491851e-05	0.401473718652368	1.68382799966225e-05	1.67717005826226e-05
-467000	0.40604872076332	1.85350629063582e-05	1.84118044414423e-05	0.401527927889893	1.82418939457908e-05	1.81876847082665e-05
-466000	0.406093662923246	1.70889343916238e-05	1.7043992231698e-05	0.401634657603648	1.71675884488728e-05	1.70608587351178e-05
-465000	0.406509161530018	1.64612007092797e-05	1.60457021025078e-05	0.402031009879254	1.59774550367305e-05	1.55811027611247e-05
-464000	0.406607658532466	1.69646415604154e-05	1.68661445579667e-05	0.402055834670269	1.70014143375834e-05	1.69765895465676e-05
-463000	0.406856687494723	1.39355948661656e-05	1.36865659039095e-05	0.402457802077176	1.40983914548678e-05	1.36964240479608e-05
-462000	0.407224626361564	1.62178924259056e-05	1.58499535590645e-05	0.402993097188212	1.61997593515157e-05	1.56644642404796e-05
-461000	0.407641940386726	1.73956556615723e-05	1.69783416364097e-05	0.403252680908554	1.73910748965634e-05	1.71314911762222e-05
-460000	0.408111394916829	1.62053111542683e-05	1.57358566241662e-05	0.40375451743646	1.61924765684371e-05	1.56906400405303e-05
-459000	0.408138014016719	1.65902431816263e-05	1.65636240817361e-05	0.403781326521996	1.59656548171916e-05	1.59388457316558e-05
-458000	0.408663767626446	1.78236933209491e-05	1.72979397112218e-05	0.404312969686735	1.76733302372709e-05	1.71416870725323e-05
-457000	0.408559993244955	1.67499577809677e-05	1.68537321624589e-05	0.404130266824284	1.66383517689774e-05	1.68210546314279e-05
-456000	0.408935362661488	1.60037574938782e-05	1.56283880773453e-05	0.404438233555687	1.61799586253483e-05	1.58719918939458e-05
-455000	0.409047960820738	1.58212657265896e-05	1.57086675673394e-05	0.404451954741197	1.51565692814321e-05	1.51428480959216e-05
-454000	0.409281178755383	1.79489149708689e-05	1.77156970362239e-05	0.404662099974669	1.75721101072364e-05	1.73619648737651e-05
-453000	0.409339187705818	1.8021616144558e-05	1.79636071941231e-05	0.404708730895888	1.7654943848687e-05	1.76083129274677e-05
-452000	0.409580490585156	1.78639069492527e-05	1.76226040699147e-05	0.404945621886346	1.74626150468631e-05	1.72257240564046e-05
-451000	0.410304272566073	1.48248543443384e-05	1.41010723634215e-05	0.405734357848518	1.46477455036731e-05	1.38590095415013e-05
-450000	0.411032825297644	1.74436587013425e-05	1.67151059697712e-05	0.406296356497509	1.74400700835937e-05	1.68780714346028e-05
-449000	0.411380667905092	1.74219158996876e-05	1.70740732922402e-05	0.406603879929072	1.68054758084945e-05	1.64979523769316e-05
-448000	0.411281073207802	1.62753314194039e-05	1.63749261166934e-05	0.406442962087309	1.58799501815419e-05	1.60408680233049e-05
-447000	0.411711665118635	1.69523980410369e-05	1.65218061302035e-05	0.40675369416533	1.67588448872752e-05	1.64481128092544e-05
-446000	0.412626319344761	1.49363970277801e-05	1.4021742801655e-05	0.407636451912522	1.4784661825551e-05	1.39019040783585e-05
-445000	0.412745545892088	1.62862239297475e-05	1.616699738242e-05	0.40777281938698	1.65008232711307e-05	1.63644557966731e-05
-444000	0.413310943173182	1.28745461454023e-05	1.2309148864308e-05	0.408401798530778	1.21723591995272e-05	1.15433800557291e-05
-443000	0.413399117622224	1.67561428692055e-05	1.66679684201638e-05	0.408437748036815	1.68742295026598e-05	1.68382799966225e-05
-442000	0.413886916321878	1.90228616060119e-05	1.85350629063582e-05	0.408914105378705	1.87182512876805e-05	1.82418939457908e-05
-441000	0.414546820906865	1.77488389766107e-05	1.70889343916238e-05	0.409548784091869	1.78022671620367e-05	1.71675884488728e-05
-440000	0.415221839905429	1.71362197078443e-05	1.64612007092797e-05	0.410251139913873	1.66798108587351e-05	1.59774550367305e-05
-439000	0.41583344591742	1.75762475724056e-05	1.69646415604154e-05	0.41082451659208	1.75747910157899e-05	1.70014143375834e-05
-438000	0.416128831377185	1.42309803259309e-05	1.39355948661656e-05	0.411155703791269	1.44295786540573e-05	1.40983914548678e-05
-437000	0.416670353795491	1.67594148442118e-05	1.62178924259056e-05	0.411683716119227	1.67277716794732e-05	1.61997593515157e-05
-436000	0.416818542599004	1.75438444650849e-05	1.73956556615723e-05	0.411831377184835	1.75387359621718e-05	1.73910748965634e-05
-435000	0.417093409609052	1.64801781643165e-05	1.62053111542683e-05	0.412069851389006	1.64309507726083e-05	1.61924765684371e-05
-434000	0.417514460018576	1.70112935911509e-05	1.65902431816263e-05	0.412556700160432	1.64525035886178e-05	1.59656548171916e-05
-433000	0.417564975090771	1.78742083931437e-05	1.78236933209491e-05	0.412606877480368	1.77235075572068e-05	1.76733302372709e-05
-432000	0.41751570548003	1.67006881702271e-05	1.67499577809677e-05	0.412598623659546	1.6630097948155e-05	1.66383517689774e-05
-431000	0.418141497086887	1.66295491007346e-05	1.60037574938782e-05	0.413076163134341	1.66574981001436e-05	1.61799586253483e-05
-430000	0.418529342227476	1.6209110867179e-05	1.58212657265896e-05	0.413450667060711	1.55310732078021e-05	1.51565692814321e-05
-429000	0.419022207211011	1.84417799544034e-05	1.79489149708689e-05	0.413760660305666	1.78821033521912e-05	1.75721101072364e-05
-428000	0.419418390610487	1.84177995440345e-05	1.8021616144558e-05	0.414367242252808	1.82615257958288e-05	1.7654943848687e-05
-427000	0.419956598834755	1.84021151735203e-05	1.78639069492527e-05	0.414740184074981	1.78355568690366e-05	1.74626150468631e-05
-426000	0.420470066706071	1.53383222156548e-05	1.48248543443384e-05	0.41518061302035	1.50881744490417e-05	1.46477455036731e-05
-425000	0.421381702271384	1.83552942666554e-05	1.74436587013425e-05	0.41597960820738	1.8239065270624e-05	1.74400700835937e-05
-424000	0.421449358270708	1.74895718990121e-05	1.74219158996876e-05	0.416069154774973	1.68950223760871e-05	1.68054758084945e-05
-423000	0.421649750907709	1.64757240564046e-05	1.62753314194039e-05	0.416440513383433	1.62513087900025e-05	1.58799501815419e-05
-422000	0.421692328801824	1.69949759351515e-05	1.69523980410369e-05	0.416435003799713	1.67533353035549e-05	1.67588448872752e-05
-421000	0.421604006586169	1.48480748121253e-05	1.49363970277801e-05	0.416350270201807	1.4699928227645e-05	1.4784661825551e-05
-420000	0.422059486616567	1.67417039601452e-05	1.62862239297475e-05	0.41636133158828	1.65118846576036e-05	1.65008232711307e-05
-419000	0.421915477497256	1.27305370260914e-05	1.28745461454023e-05	0.416308262264629	1.2119289875876e-05	1.21723591995272e-05
-418000	0.422059507726083	1.69001730980327e-05	1.67561428692055e-05	0.416384108756227	1.69500759942582e-05	1.68742295026598e-05
-417000	0.422147534408511	1.91108882884404e-05	1.90228616060119e-05	0.416477708350925	1.88118508823778e-05	1.87182512876805e-05
-416000	0.422755256269526	1.83565608376256e-05	1.77488389766107e-05	0.416832664865321	1.81572236764333e-05	1.78022671620367e-05
-415000	0.423551127248163	1.79320906864814e-05	1.71362197078443e-05	0.417589778772271	1.74369247656844e-05	1.66798108587351e-05
-414000	0.424616039010386	1.8641159334628e-05	1.75762475724056e-05	0.418654774972558	1.8639787216077e-05	1.75747910157899e-05
-413000	0.424952566917166	1.45675082327113e-05	1.42309803259309e-05	0.41874729798193	1.45221016634299e-05	1.44295786540573e-05
-412000	0.425469707844296	1.72765557713417e-05	1.67594148442118e-05	0.419190302288272	1.71707759858144e-05	1.67277716794732e-05
-411000	0.42600099214726	1.80751287680487e-05	1.75438444650849e-05	0.419643122519632	1.7991556193532e-05	1.75387359621718e-05
-410000	0.426357721861015	1.68369078780715e-05	1.64801781643165e-05	0.419854091024234	1.66419192772102e-05	1.64309507726083e-05
-409000	0.426822764502238	1.74763362323736e-05	1.70112935911509e-05	0.420221101072363	1.68195136367474e-05	1.64525035886178e-05
-408000	0.42647095330575	1.75223971966563e-05	1.78742083931437e-05	0.42001190576712	1.75143122519632e-05	1.77235075572068e-05
-407000	0.427089018829688	1.73187536941653e-05	1.67006881702271e-05	0.420672612513721	1.72908046947564e-05	1.6630097948155e-05
-406000	0.427806087984463	1.73466182555096e-05	1.66295491007346e-05	0.42143116186777	1.74160474541924e-05	1.66574981001436e-05
-405000	0.428260005910665	1.66630287933801e-05	1.6209110867179e-05	0.421777970108925	1.58778814489572e-05	1.55310732078021e-05
-404000	0.428458160938951	1.86399349826902e-05	1.84417799544034e-05	0.421973169804948	1.80773030482141e-05	1.78821033521912e-05
-403000	0.428416638520645	1.83762771257283e-05	1.84177995440345e-05	0.422014776661319	1.83031326521996e-05	1.82615257958288e-05
-402000	0.428672760280334	1.86582369332095e-05	1.84021151735203e-05	0.422311808663345	1.81325888710631e-05	1.78355568690366e-05
-401000	0.428704656759267	1.53702186945875e-05	1.53383222156548e-05	0.422248648990965	1.50250147766613e-05	1.50881744490417e-05
-400000	0.429300768386389	1.89514058937769e-05	1.83552942666554e-05	0.422818437051423	1.88088533310816e-05	1.8239065270624e-05
-399000	0.429194988600861	1.73837921134847e-05	1.74895718990121e-05	0.422828696276281	1.69052816009457e-05	1.68950223760871e-05
-398000	0.429435869289876	1.67166047454193e-05	1.64757240564046e-05	0.423254707422106	1.66773199358271e-05	1.62513087900025e-05
-397000	0.429325888710631	1.68849953559065e-05	1.69949759351515e-05	0.423148484336739	1.66471122181879e-05	1.67533353035549e-05
-396000	0.429068985898843	1.45911720003378e-05	1.48480748121253e-05	0.422718356835261	1.42698007261674e-05	1.4699928227645e-05
-395000	0.42937946466267	1.7052182723972e-05	1.67417039601452e-05	0.422984822257874	1.67783500802162e-05	1.65118846576036e-05
-394000	0.429773600439078	1.31246728024994e-05	1.27305370260914e-05	0.423502089842101	1.2636557460103e-05	1.2119289875876e-05
-393000	0.430307185679304	1.74337583382588e-05	1.69001730980327e-05	0.42394108334037	1.73890694925272e-05	1.69500759942582e-05
-392000	0.430268639702778	1.90723423119142e-05	1.91108882884404e-05	0.42398754538546	1.88583129274677e-05	1.88118508823778e-05
-391000	0.430758676011146	1.88465971459934e-05	1.83565608376256e-05	0.424474626361564	1.86443046525374e-05	1.81572236764333e-05
-390000	0.431392932533986	1.8566347209322e-05	1.79320906864814e-05	0.425062674153508	1.8024972557629e-05	1.74369247656844e-05
-389000	0.432262243519379	1.95104703200203e-05	1.8641159334628e-05	0.425845056151313	1.94221692138816e-05	1.8639787216077e-05
-388000	0.432625897154437	1.493116186777e-05	1.45675082327113e-05	0.426074453263531	1.47514987756481e-05	1.45221016634299e-05
-387000	0.433066220552225	1.77168791691295e-05	1.72765557713417e-05	0.426411698893861	1.75080216161445e-05	1.71707759858144e-05
-386000	0.433814658448028	1.88235666638521e-05	1.80751287680487e-05	0.427124271721692	1.87041290213629e-05	1.7991556193532e-05
-385000	0.434398062146416	1.74203115764587e-05	1.68369078780715e-05	0.427632525542515	1.71501730980326e-05	1.66419192772102e-05
-384000	0.434469053449295	1.75473275352529e-05	1.74763362323736e-05	0.42776190576712	1.69488938613527e-05	1.68195136367474e-05
-383000	0.434413282107574	1.74666258549354e-05	1.75223971966563e-05	0.427578062990796	1.73304694756396e-05	1.75143122519632e-05
-382000	0.435009879253567	1.79153508401587e-05	1.73187536941653e-05	0.427991134003209	1.77038757071688e-05	1.72908046947564e-05
-381000	0.435765241070675	1.81019800726167e-05	1.73466182555096e-05	0.428780165498607	1.82050789495905e-05	1.74160474541924e-05
-380000	0.435800789495905	1.66985772186102e-05	1.66630287933801e-05	0.428802056066875	1.58997720172253e-05	1.58778814489572e-05
-379000	0.435937241408427	1.87763868952124e-05	1.86399349826902e-05	0.428854534324073	1.81297813054125e-05	1.80773030482141e-05
-378000	0.435990859579498	1.84298952967998e-05	1.83762771257283e-05	0.42873214134932	1.81807396774466e-05	1.83031326521996e-05
-377000	0.435906125981593	1.85735033353035e-05	1.86582369332095e-05	0.428767373131808	1.81678206535506e-05	1.81325888710631e-05
-376000	0.435823228911593	1.52873216245883e-05	1.53702186945875e-05	0.428728932702862	1.49865743477159e-05	1.50250147766613e-05
-375000	0.436000675504517	1.9128852486701e-05	1.89514058937769e-05	0.428737587604492	1.88175082327113e-05	1.88088533310816e-05
-374000	0.436164105378705	1.75472219876721e-05	1.73837921134847e-05	0.428896732246897	1.70644262433505e-05	1.69052816009457e-05
-373000	0.436449717132483	1.70022164991979e-05	1.67166047454193e-05	0.429165984125644	1.6946571814574e-05	1.66773199358271e-05
-372000	0.436441463311661	1.68767415350841e-05	1.68849953559065e-05	0.429364202482479	1.68453305750233e-05	1.66471122181879e-05
-371000	0.436987292071266	1.51370007599426e-05	1.45911720003378e-05	0.429662184412733	1.45677826564215e-05	1.42698007261674e-05
-370000	0.437294076669763	1.7358967322469e-05	1.7052182723972e-05	0.430035485096682	1.71516507641645e-05	1.67783500802162e-05
-369000	0.438034598497002	1.38651946297391e-05	1.31246728024994e-05	0.430791036899434	1.33921092628557e-05	1.2636557460103e-05
-368000	0.438687558051169	1.80867178924259e-05	1.74337583382588e-05	0.431380477919446	1.79785105125391e-05	1.73890694925272e-05
-367000	0.438891159334628	1.92759435953728e-05	1.90723423119142e-05	0.431821793464494	1.92996284725155e-05	1.88583129274677e-05
-366000	0.439275880266824	1.92313180781896e-05	1.88465971459934e-05	0.432288377100397	1.91108882884405e-05	1.86443046525374e-05
-365000	0.439545068817023	1.88355357595204e-05	1.8566347209322e-05	0.43261728447184	1.8353879929072e-05	1.8024972557629e-05
-364000	0.440296926454446	2.02623279574432e-05	1.95104703200203e-05	0.433271637254074	2.00765219961158e-05	1.94221692138816e-05
-363000	0.440953664612007	1.55879000253315e-05	1.493116186777e-05	0.433922739170818	1.54026006923921e-05	1.47514987756481e-05
-362000	0.441202967997973	1.79661825550959e-05	1.77168791691295e-05	0.434120999746686	1.77062821920122e-05	1.75080216161445e-05
-361000	0.441606117537786	1.92267162036646e-05	1.88235666638521e-05	0.43453951701427	1.9122646288947e-05	1.87041290213629e-05
-360000	0.442143523600439	1.79577176391117e-05	1.74203115764587e-05	0.435083678122097	1.769433420586e-05	1.71501730980326e-05
-359000	0.442114730220383	1.75185341551972e-05	1.75473275352529e-05	0.434996538039348	1.68617537786034e-05	1.69488938613527e-05
-358000	0.442222452081398	1.75743477159504e-05	1.74666258549354e-05	0.434973359790594	1.73072912268851e-05	1.73304694756396e-05
-357000	0.442201764755552	1.78946635143123e-05	1.79153508401587e-05	0.434945094148442	1.76756100650172e-05	1.77038757071688e-05
-356000	0.442785569534746	1.86857848518112e-05	1.81019800726167e-05	0.435485814405134	1.87457992062822e-05	1.82050789495905e-05
-355000	0.442715042641223	1.66280503250866e-05	1.66985772186102e-05	0.435510998057925	1.5924955670016e-05	1.58997720172253e-05
-354000	0.442680971882124	1.87423161361141e-05	1.87763868952124e-05	0.435646098961412	1.82648822088998e-05	1.81297813054125e-05
-353000	0.442409144642405	1.81580680570801e-05	1.84298952967998e-05	0.43540409946804	1.7938740184075e-05	1.81807396774466e-05
-352000	0.442439542345689	1.86039010385882e-05	1.85735033353035e-05	0.435484188972389	1.82479101578992e-05	1.81678206535506e-05
-351000	0.442606898589884	1.54546778687833e-05	1.52873216245883e-05	0.435739191927721	1.52415773030482e-05	1.49865743477159e-05
-350000	0.44266898167694	1.91909355737566e-05	1.9128852486701e-05	0.436035189563455	1.91135058684455e-05	1.88175082327113e-05
-349000	0.443183842776324	1.80620830870556e-05	1.75472219876721e-05	0.436528117875538	1.75573545554336e-05	1.70644262433505e-05
-348000	0.443602930000844	1.74213037237187e-05	1.70022164991979e-05	0.436817107151904	1.72355610909398e-05	1.6946571814574e-05
-347000	0.444477581693828	1.77513932280672e-05	1.68767415350841e-05	0.437304758084945	1.73329815080638e-05	1.68453305750233e-05
-346000	0.444616376762645	1.52757958287596e-05	1.51370007599426e-05	0.437289305919108	1.45523304905851e-05	1.45677826564215e-05
-345000	0.444926496664696	1.76690872245208e-05	1.7358967322469e-05	0.437730347040446	1.7592691885502e-05	1.71516507641645e-05
-344000	0.444810394325762	1.37490922908046e-05	1.38651946297391e-05	0.437622414084269	1.3284176306679e-05	1.33921092628557e-05
-343000	0.444746981339188	1.80233049058516e-05	1.80867178924259e-05	0.43781035210673	1.81664485349996e-05	1.79785105125391e-05
-342000	0.445633813223001	2.0162775479186e-05	1.92759435953728e-05	0.438667926201131	2.01572025669172e-05	1.92996284725155e-05
-341000	0.44562919023896	1.92266950941484e-05	1.92313180781896e-05	0.438687178079878	1.91301401671874e-05	1.91108882884405e-05
-340000	0.446377332601537	1.95836781220974e-05	1.88355357595204e-05	0.439465675926708	1.91323777759014e-05	1.8353879929072e-05
-339000	0.446848243688255	2.07332390441611e-05	2.02623279574432e-05	0.439874271721692	2.04851177911002e-05	2.00765219961158e-05
-338000	0.447189289031495	1.59289453685721e-05	1.55879000253315e-05	0.440257578316305	1.5785907287005e-05	1.54026006923921e-05
-337000	0.447305729122689	1.8082622646289e-05	1.79661825550959e-05	0.440429114244701	1.78778181204087e-05	1.77062821920122e-05
-336000	0.447861711559571	1.97826986405471e-05	1.92267162036646e-05	0.440998986743224	1.96925187874694e-05	1.9122646288947e-05
-335000	0.448135396436714	1.82314025162543e-05	1.79577176391117e-05	0.44129276787976	1.79881153423964e-05	1.769433420586e-05
-334000	0.448337921134848	1.77210588533311e-05	1.75185341551972e-05	0.44152661909989	1.70956049987334e-05	1.68617537786034e-05
-333000	0.448598475892933	1.78349024740353e-05	1.75743477159504e-05	0.441726673984632	1.75073461116272e-05	1.73072912268851e-05
-332000	0.44866402094064	1.79602085620198e-05	1.78946635143123e-05	0.441780524360382	1.77294604407667e-05	1.76756100650172e-05
-331000	0.448925736722114	1.89475006332855e-05	1.86857848518112e-05	0.442121823017816	1.90870978637169e-05	1.87457992062822e-05
-330000	0.449206852148949	1.6909165751921e-05	1.66280503250866e-05	0.442371063075234	1.61741957274339e-05	1.5924955670016e-05
-329000	0.449199696022967	1.87351600101326e-05	1.87423161361141e-05	0.442690281178755	1.85841003124208e-05	1.82648822088998e-05
-328000	0.449179831968251	1.81382040023643e-05	1.81580680570801e-05	0.442692413239889	1.79408722452082e-05	1.7938740184075e-05
-327000	0.449435003799713	1.88590728700498e-05	1.86039010385882e-05	0.442984041205776	1.85395381237862e-05	1.82479101578992e-05
-326000	0.449801296124293	1.58209701933631e-05	1.54546778687833e-05	0.443313286329477	1.557082242675e-05	1.52415773030482e-05
-325000	0.449653761715781	1.90434011652453e-05	1.91909355737566e-05	0.443309993244955	1.9110212783923e-05	1.91135058684455e-05
-324000	0.449857405218272	1.82657265895466e-05	1.80620830870556e-05	0.443543612260407	1.77909735708857e-05	1.75573545554336e-05
-323000	0.450440661150046	1.80045596554927e-05	1.74213037237187e-05	0.44403979143798	1.77317402685131e-05	1.72355610909398e-05
-322000	0.451124968335726	1.84357004137465e-05	1.77513932280672e-05	0.444675947817276	1.79691378873596e-05	1.73329815080638e-05
-321000	0.451097040445833	1.52478679388668e-05	1.52757958287596e-05	0.444701954741197	1.45783374145065e-05	1.45523304905851e-05
-320000	0.451547411973318	1.81194587520054e-05	1.76690872245208e-05	0.445360803850376	1.82515409946804e-05	1.7592691885502e-05
-319000	0.451439964536013	1.36416448534999e-05	1.37490922908046e-05	0.445233429029807	1.31568014861099e-05	1.3284176306679e-05
-318000	0.451737186523685	1.83205268935236e-05	1.80233049058516e-05	0.445414991978384	1.83480114835768e-05	1.81664485349996e-05
-317000	0.452658173604661	2.1083762560162e-05	2.0162775479186e-05	0.446237418728363	2.0979629316896e-05	2.01572025669172e-05
-316000	0.453596407160348	2.01649286498354e-05	1.92266950941484e-05	0.446998606771933	1.98913282107574e-05	1.91301401671874e-05
-315000	0.45417674997889	2.016402094064e-05	1.95836781220974e-05	0.447500105547581	1.96338765515495e-05	1.91323777759014e-05
-314000	0.454415477497256	2.09719665625263e-05	2.07332390441611e-05	0.447726779532213	2.07117917757325e-05	2.04851177911002e-05
-313000	0.45427535252892	1.57888204002364e-05	1.59289453685721e-05	0.447750168876129	1.58092966309212e-05	1.5785907287005e-05
-312000	0.454284324073292	1.80915941906612e-05	1.8082622646289e-05	0.447891750401081	1.80193996453601e-05	1.78778181204087e-05
-311000	0.454643544709955	2.01419192772101e-05	1.97826986405471e-05	0.448122646288947	1.99234146753356e-05	1.96925187874694e-05
-310000	0.454750971037744	1.83388288440429e-05	1.82314025162543e-05	0.448168095077261	1.80335641307101e-05	1.79881153423964e-05
-309000	0.455171261504686	1.81413493202736e-05	1.77210588533311e-05	0.448644262433505	1.75717723549777e-05	1.70956049987334e-05
-308000	0.455324706577725	1.79883475470742e-05	1.78349024740353e-05	0.448895022376087	1.77581060542092e-05	1.75073461116272e-05
-307000	0.45546147513299	1.80969771172845e-05	1.79602085620198e-05	0.449033163049903	1.78676011145825e-05	1.77294604407667e-05
-306000	0.456005931774044	1.94919572743393e-05	1.89475006332855e-05	0.44932958287596	1.93835176897745e-05	1.90870978637169e-05
-305000	0.456578717385798	1.74819513636748e-05	1.6909165751921e-05	0.449945368572152	1.67899814236258e-05	1.61741957274339e-05
-304000	0.457031453179093	1.91878958034282e-05	1.87351600101326e-05	0.450165034197416	1.88037659376847e-05	1.85841003124208e-05
-303000	0.457383454361226	1.84902051844972e-05	1.81382040023643e-05	0.450493287173858	1.82691252216499e-05	1.79408722452082e-05
-302000	0.457677784345183	1.91534028540066e-05	1.88590728700498e-05	0.450673984632272	1.87202355822004e-05	1.85395381237862e-05
-301000	0.458297876382673	1.64410622308537e-05	1.58209701933631e-05	0.451091425314532	1.59882631090096e-05	1.557082242675e-05
-300000	0.45829943848687	1.90449632694419e-05	1.90434011652453e-05	0.450896837794478	1.89156252638689e-05	1.9110212783923e-05
-299000	0.458412205522249	1.83784936249261e-05	1.82657265895466e-05	0.450943489825213	1.78376256016212e-05	1.77909735708857e-05
-298000	0.458768090855358	1.83604449886008e-05	1.80045596554927e-05	0.45123214134932	1.80203917926201e-05	1.77317402685131e-05
-297000	0.459652178502069	1.93197880604576e-05	1.84357004137465e-05	0.451984906695939	1.87219032339779e-05	1.79691378873596e-05
-296000	0.459777526809086	1.53732162458836e-05	1.52478679388668e-05	0.452410284556278	1.50037152748459e-05	1.45783374145065e-05
-295000	0.460573777759014	1.89157097019337e-05	1.81194587520054e-05	0.453144473528667	1.89857299670692e-05	1.82515409946804e-05
-294000	0.460964346027189	1.40322131216753e-05	1.36416448534999e-05	0.453395697880605	1.34080258380478e-05	1.31568014861099e-05
-293000	0.46131812040868	1.86743012750148e-05	1.83205268935236e-05	0.453802773790425	1.87550873933969e-05	1.83480114835768e-05
-292000	0.461832369332095	2.15980114835768e-05	2.1083762560162e-05	0.454244743730474	2.14215992569451e-05	2.0979629316896e-05
-291000	0.46256630499029	2.089886430803e-05	2.01649286498354e-05	0.454816748290129	2.04633327704129e-05	1.98913282107574e-05
-290000	0.463479354893186	2.10770708435362e-05	2.016402094064e-05	0.455644220214473	2.0461348475893e-05	1.96338765515495e-05
-289000	0.463418939457908	2.09115511272481e-05	2.09719665625263e-05	0.455427847673731	2.04954192349911e-05	2.07117917757325e-05
-288000	0.463591636409693	1.59615173520223e-05	1.57888204002364e-05	0.455600734611163	1.59821835683526e-05	1.58092966309212e-05
-287000	0.464036139491683	1.85360972726505e-05	1.80915941906612e-05	0.455990944017563	1.84096090517605e-05	1.80193996453601e-05
-286000	0.464385670860424	2.04914506459512e-05	2.01419192772101e-05	0.456263953390188	2.01964240479608e-05	1.99234146753356e-05
-285000	0.464206894367981	1.81600523516001e-05	1.83388288440429e-05	0.456065059528836	1.78346702693574e-05	1.80335641307101e-05
-284000	0.464535400658617	1.84698556109094e-05	1.81413493202736e-05	0.456285843958456	1.77925567845985e-05	1.75717723549777e-05
-283000	0.46483895550114	1.82919023895972e-05	1.79883475470742e-05	0.456588406653719	1.80606687494722e-05	1.77581060542092e-05
-282000	0.46544659292409	1.87046145402348e-05	1.80969771172845e-05	0.457131575614287	1.84107700751499e-05	1.78676011145825e-05
-281000	0.466178839820991	2.02242041712404e-05	1.94919572743393e-05	0.457683610571646	1.99355526471334e-05	1.93835176897745e-05
-280000	0.466542704551212	1.78458160938951e-05	1.74819513636748e-05	0.458104682090686	1.72110529426666e-05	1.67899814236258e-05
-279000	0.466728911593346	1.93741028455628e-05	1.91878958034282e-05	0.458283205268935	1.89822891159335e-05	1.88037659376847e-05
-278000	0.467218124630583	1.89794182217343e-05	1.84902051844972e-05	0.45865625263869	1.86421725914042e-05	1.82691252216499e-05
-277000	0.467642109262856	1.95773874862788e-05	1.91534028540066e-05	0.458936650341974	1.90006332854851e-05	1.87202355822004e-05
-276000	0.467850460187453	1.66494131554505e-05	1.64410622308537e-05	0.459325677615469	1.63772903825044e-05	1.59882631090096e-05
-275000	0.468302879338006	1.94973824199949e-05	1.90449632694419e-05	0.459786941653297	1.93768893016972e-05	1.89156252638689e-05
-274000	0.468865680148611	1.89412944355315e-05	1.83784936249261e-05	0.460264628894706	1.83153128430296e-05	1.78376256016212e-05
-273000	0.468854618762138	1.83493836021278e-05	1.83604449886008e-05	0.460541332432661	1.8297095330575e-05	1.80203917926201e-05
-272000	0.469376108249599	1.98412775479186e-05	1.93197880604576e-05	0.461132947732838	1.93135185341552e-05	1.87219032339779e-05
-271000	0.470264755551803	1.62618635480875e-05	1.53732162458836e-05	0.462035337330068	1.59061048720763e-05	1.50037152748459e-05
-270000	0.471327873005151	1.99788271552816e-05	1.89157097019337e-05	0.462881512285738	1.98319049227392e-05	1.89857299670692e-05
-269000	0.471995419234991	1.46997593515157e-05	1.40322131216753e-05	0.463447458414253	1.39739719665625e-05	1.34080258380478e-05
-268000	0.472270581778266	1.89494638182892e-05	1.86743012750148e-05	0.463777948999409	1.90855779785527e-05	1.87550873933969e-05
-267000	0.472449674913451	2.17771046187621e-05	2.15980114835768e-05	0.463843219623406	2.14868698809423e-05	2.14215992569451e-05
-266000	0.472202039179262	2.06512285738411e-05	2.089886430803e-05	0.463751815418391	2.03719285653973e-05	2.04633327704129e-05
-265000	0.472521215063751	2.13962467280249e-05	2.10770708435362e-05	0.464104893185848	2.08144262433505e-05	2.0461348475893e-05
-264000	0.472398463227223	2.07887992907203e-05	2.09115511272481e-05	0.464017056489065	2.04075825382082e-05	2.04954192349911e-05
-263000	0.472748184581609	1.63112387064088e-05	1.59615173520223e-05	0.464365089082158	1.63302161614456e-05	1.59821835683526e-05
-262000	0.473403740606265	1.91916532973064e-05	1.85360972726505e-05	0.464846006079541	1.8890526049143e-05	1.84096090517605e-05
-261000	0.473652579582876	2.07402896225618e-05	2.04914506459512e-05	0.464980347040446	2.0330765008866e-05	2.01964240479608e-05
-260000	0.473702165836359	1.82096386050831e-05	1.81600523516001e-05	0.465041986827662	1.78963100565736e-05	1.78346702693574e-05
-259000	0.473980684792705	1.87483745672549e-05	1.84698556109094e-05	0.465206725491852	1.79572954487883e-05	1.77925567845985e-05
-258000	0.474123828421853	1.84350460187453e-05	1.82919023895972e-05	0.465427003293085	1.8280946550705e-05	1.80606687494722e-05
-257000	0.474972874271722	1.95536603901039e-05	1.87046145402348e-05	0.466272291649075	1.92560584311407e-05	1.84107700751499e-05
-256000	0.475104766528751	2.03560964282699e-05	2.02242041712404e-05	0.466467660221228	2.01309212192856e-05	1.99355526471334e-05
-255000	0.475797749725576	1.85387992907203e-05	1.78458160938951e-05	0.46702860339441	1.7771996115849e-05	1.72110529426666e-05
-254000	0.476304694756396	1.98810478763826e-05	1.93741028455628e-05	0.467487566494976	1.94412522164992e-05	1.89822891159335e-05
-253000	0.477066262771257	1.97409862365954e-05	1.89794182217343e-05	0.468277590137634	1.94321962340623e-05	1.86421725914042e-05
-252000	0.477436312589715	1.9947437304737e-05	1.95773874862788e-05	0.468592860761631	1.93159039094824e-05	1.90006332854851e-05
-251000	0.47736701004813	1.65801106138647e-05	1.66494131554505e-05	0.468702925778941	1.64873553998142e-05	1.63772903825044e-05
-250000	0.477837646711137	1.99680190830026e-05	1.94973824199949e-05	0.469177805454699	1.9851768977455e-05	1.93768893016972e-05
-249000	0.478455353373301	1.95590010976949e-05	1.89412944355315e-05	0.469873321793464	1.90108291817952e-05	1.83153128430296e-05
-248000	0.478653571730136	1.85476019589631e-05	1.83493836021278e-05	0.469955986658786	1.83797601958964e-05	1.8297095330575e-05
-247000	0.478942645444566	2.01303512623491e-05	1.98412775479186e-05	0.4702818542599	1.96393861352698e-05	1.93135185341552e-05
-246000	0.479862197078443	1.7181415181964e-05	1.62618635480875e-05	0.471047306425737	1.66715570379127e-05	1.59061048720763e-05
-245000	0.480395951194799	2.05125812716373e-05	1.99788271552816e-05	0.471367263362324	2.01518618593262e-05	1.98319049227392e-05
-244000	0.481338427763236	1.56422359199528e-05	1.46997593515157e-05	0.472298340792029	1.49050493962678e-05	1.39739719665625e-05
-243000	0.48170056151313	1.93115975681837e-05	1.89494638182892e-05	0.472453664612007	1.92409017985308e-05	1.90855779785527e-05
-242000	0.481672570294689	2.17491134003209e-05	2.17771046187621e-05	0.472426686650342	2.14598919192772e-05	2.14868698809423e-05
-241000	0.481836844549523	2.08155028286752e-05	2.06512285738411e-05	0.472763151228574	2.07083931436292e-05	2.03719285653973e-05
-240000	0.481849869121	2.14092712995019e-05	2.13962467280249e-05	0.47285086126826	2.09021362830364e-05	2.08144262433505e-05
-239000	0.482185594866166	2.11245250358862e-05	2.07887992907203e-05	0.473134932027358	2.06916532973065e-05	2.04075825382082e-05
-238000	0.482784197416195	1.69098412564384e-05	1.63112387064088e-05	0.473783416364097	1.69787004981846e-05	1.63302161614456e-05
-237000	0.483218800135101	1.96262560162122e-05	1.91916532973064e-05	0.474187452503589	1.92945621886346e-05	1.8890526049143e-05
-236000	0.483340412057756	2.08619015452166e-05	2.07402896225618e-05	0.474200582622646	2.03438951279237e-05	2.0330765008866e-05
-235000	0.483492738326438	1.83619648737651e-05	1.82096386050831e-05	0.4744065270624	1.8102254496327e-05	1.78963100565736e-05
-234000	0.483730790340285	1.89864265811028e-05	1.87483745672549e-05	0.474582306003546	1.81330743899349e-05	1.79572954487883e-05
-233000	0.483963586084607	1.86678417630668e-05	1.84350460187453e-05	0.474855146500042	1.85537870472009e-05	1.8280946550705e-05
-232000	0.484427889892764	2.00179641982606e-05	1.95536603901039e-05	0.475328654057249	1.97295659883475e-05	1.92560584311407e-05
-231000	0.48473456894368	2.0662775479186e-05	2.03560964282699e-05	0.475618741028456	2.04210081904923e-05	2.01309212192856e-05
-230000	0.485632905513806	1.94371358608461e-05	1.85387992907203e-05	0.476575276534662	1.87285316220552e-05	1.7771996115849e-05
-229000	0.485866651186355	2.01147935489318e-05	1.98810478763826e-05	0.476696804019252	1.95627797010892e-05	1.94412522164992e-05
-228000	0.486422211432914	2.02965464831546e-05	1.97409862365954e-05	0.477213121675251	1.99485138900617e-05	1.94321962340623e-05
-227000	0.486763256776155	2.02884826479777e-05	1.9947437304737e-05	0.477709659714599	1.98124419488306e-05	1.93159039094824e-05
-226000	0.487466393650258	1.72832474879675e-05	1.65801106138647e-05	0.47833526133581	1.71129570210251e-05	1.64873553998142e-05
-225000	0.487629971291058	2.01315967238031e-05	1.99680190830026e-05	0.478448619437642	1.99651270792873e-05	1.9851768977455e-05
-224000	0.488089609896141	2.0018639702778e-05	1.95590010976949e-05	0.478940513383433	1.9502723127586e-05	1.90108291817952e-05
-223000	0.4883902094064	1.88482014692223e-05	1.85476019589631e-05	0.479033944102001	1.84731909144642e-05	1.83797601958964e-05
-222000	0.48892124039517	2.06613822511188e-05	2.01303512623491e-05	0.479517436460356	2.01228784936249e-05	1.96393861352698e-05
-221000	0.489384742041712	1.76449168285063e-05	1.7181415181964e-05	0.479962488389766	1.71166089673225e-05	1.66715570379127e-05
-220000	0.489595161698894	2.07230009288187e-05	2.05125812716373e-05	0.480032867516677	2.02222409862366e-05	2.01518618593262e-05
-219000	0.490433441695516	1.64805159165752e-05	1.56422359199528e-05	0.481034894030229	1.59070759098202e-05	1.49050493962678e-05
-218000	0.490986405471587	1.9864561344254e-05	1.93115975681837e-05	0.481358650679726	1.95646584480284e-05	1.92409017985308e-05
-217000	0.491289854766529	2.2052562695263e-05	2.17491134003209e-05	0.481675082327113	2.17763235666638e-05	2.14598919192772e-05
-216000	0.491708984210082	2.12346322722283e-05	2.08155028286752e-05	0.482076901967407	2.1110212783923e-05	2.07083931436292e-05
-215000	0.49131189310141	2.101218019083e-05	2.14092712995019e-05	0.48173285907287	2.05580933884995e-05	2.09021362830364e-05
-214000	0.49173610993836	2.15487418728363e-05	2.11245250358862e-05	0.482231275859157	2.11900700835937e-05	2.06916532973065e-05
-213000	0.492306404627206	1.74801359452841e-05	1.69098412564384e-05	0.48269703622393	1.7444460862957e-05	1.69787004981846e-05
-212000	0.492759414844212	2.00792662332179e-05	1.96262560162122e-05	0.483200097103774	1.97976230684792e-05	1.92945621886346e-05
-211000	0.492913704297897	2.10161909989023e-05	2.08619015452166e-05	0.483330406147091	2.04742041712404e-05	2.03438951279237e-05
-210000	0.493288482647978	1.87367432238453e-05	1.83619648737651e-05	0.483704086802331	1.84759351515663e-05	1.8102254496327e-05
-209000	0.493510955838892	1.92088997720172e-05	1.89864265811028e-05	0.48392223254243	1.83512201300347e-05	1.81330743899349e-05
-208000	0.494070168031749	1.92270539559233e-05	1.86678417630668e-05	0.484442244363759	1.90737988685299e-05	1.85537870472009e-05
-207000	0.494366904500549	2.03147006670607e-05	2.00179641982606e-05	0.484673604660981	1.99609262855696e-05	1.97295659883475e-05
-206000	0.494954910073461	2.12507810520983e-05	2.0662775479186e-05	0.48534391623744	2.1091319766951e-05	2.04210081904923e-05
-205000	0.49525892932534	1.97411551127248e-05	1.94371358608461e-05	0.485694819724732	1.90794351093473e-05	1.87285316220552e-05
-204000	0.495724014185595	2.05798784091869e-05	2.01147935489318e-05	0.486166089673225	2.0034049649582e-05	1.95627797010892e-05
-203000	0.495983027948999	2.05555602465592e-05	2.02965464831546e-05	0.486342586337921	2.01250105547581e-05	1.99485138900617e-05
-202000	0.496622456303302	2.09279110022798e-05	2.02884826479777e-05	0.487122287427172	2.05921430380816e-05	1.98124419488306e-05
-201000	0.497400046440936	1.80608376256016e-05	1.72832474879675e-05	0.487686101494554	1.76767710884066e-05	1.71129570210251e-05
-200000	0.498055328041881	2.07868783247488e-05	2.01315967238031e-05	0.488433779447775	2.07128050325087e-05	1.99651270792873e-05
-199000	0.498507958287596	2.04712699484928e-05	2.0018639702778e-05	0.488684834923584	1.97537786033944e-05	1.9502723127586e-05
-198000	0.499102824453264	1.94430676348898e-05	1.88482014692223e-05	0.489290424723465	1.9078780714346e-05	1.84731909144642e-05
-197000	0.499767943088744	2.13265008865997e-05	2.06613822511188e-05	0.489925018998565	2.07574727687242e-05	2.01228784936249e-05
-196000	0.500082411551127	1.79593852908891e-05	1.76449168285063e-05	0.49034121421937	1.7532804188128e-05	1.71166089673225e-05
-195000	0.500374799459596	2.10153888372878e-05	2.07230009288187e-05	0.490635818627037	2.05168453939035e-05	2.02222409862366e-05
-194000	0.501107510765853	1.72132272228321e-05	1.64805159165752e-05	0.491205057840074	1.64763151228574e-05	1.59070759098202e-05
-193000	0.501983787891581	2.07408384699822e-05	1.9864561344254e-05	0.492079329561766	2.04389301697206e-05	1.95646584480284e-05
-192000	0.502561998648991	2.26307734526725e-05	2.2052562695263e-05	0.492593071856793	2.22900658616904e-05	2.17763235666638e-05
-191000	0.502949252723128	2.16218863463649e-05	2.12346322722283e-05	0.492887254074137	2.14043950012665e-05	2.1110212783923e-05
-190000	0.502940935573757	2.10038630414591e-05	2.101218019083e-05	0.492914063159672	2.05849024740352e-05	2.05580933884995e-05
-189000	0.503460778518956	2.2068584818036e-05	2.15487418728363e-05	0.493522228320527	2.17982352444482e-05	2.11900700835937e-05
-188000	0.503967132483323	1.79864899096513e-05	1.74801359452841e-05	0.493918242843874	1.78404753863041e-05	1.7444460862957e-05
-187000	0.50475694503082	2.08690787807143e-05	2.00792662332179e-05	0.494707485434434	2.0586865659039e-05	1.97976230684792e-05
-186000	0.505179219792282	2.14384657603648e-05	2.10161909989023e-05	0.49516528751161	2.09320062484168e-05	2.04742041712404e-05
-185000	0.505676137802922	1.92336612344845e-05	1.87367432238453e-05	0.495568711475133	1.88793591150891e-05	1.84759351515663e-05
-184000	0.505882398885418	1.94151608545133e-05	1.92088997720172e-05	0.495779975512961	1.85624841678628e-05	1.83512201300347e-05
-183000	0.50677463480537	2.0119289875876e-05	1.92270539559233e-05	0.496559444397534	1.98532677531031e-05	1.90737988685299e-05
-182000	0.507513594528413	2.10536603901039e-05	2.03147006670607e-05	0.497184074981001	2.05855568690365e-05	1.99609262855696e-05
-181000	0.508389787216077	2.21269737397619e-05	2.12507810520983e-05	0.498064827324158	2.19720721101073e-05	2.1091319766951e-05
-180000	0.508560943173182	1.99123110698302e-05	1.97411551127248e-05	0.498157434771595	1.91720425567846e-05	1.90794351093473e-05
-179000	0.50908426918855	2.11032044245546e-05	2.05798784091869e-05	0.498644515747699	2.05211306256861e-05	2.0034049649582e-05
-178000	0.509436650341974	2.09079413999831e-05	2.05555602465592e-05	0.499033099721354	2.05135945284134e-05	2.01250105547581e-05
-177000	0.509443426496665	2.09346871569704e-05	2.09279110022798e-05	0.498926370007599	2.04854133243266e-05	2.05921430380816e-05
-176000	0.509970087815587	1.85874989445242e-05	1.80608376256016e-05	0.49954348560331	1.82938866841172e-05	1.76767710884066e-05
-175000	0.510958540910242	2.17753314194038e-05	2.07868783247488e-05	0.500482289115934	2.16516085451322e-05	2.07128050325087e-05
-174000	0.511507683863886	2.10204129021363e-05	2.04712699484928e-05	0.500968884573166	2.02403740606265e-05	1.97537786033944e-05
-173000	0.512296588702187	2.02319724731909e-05	1.94430676348898e-05	0.501773600439078	1.98834965802584e-05	1.9078780714346e-05
-172000	0.512994237102086	2.20241492864984e-05	2.13265008865997e-05	0.502375791606856	2.13596639365026e-05	2.07574727687242e-05
-171000	0.513218462382842	1.81836105716456e-05	1.79593852908891e-05	0.502702334712488	1.78593472937601e-05	1.7532804188128e-05
-170000	0.513704340116525	2.15012665709702e-05	2.10153888372878e-05	0.503297601958963	2.11121126403783e-05	2.05168453939035e-05
-169000	0.514341699738242	1.78505868445495e-05	1.72132272228321e-05	0.503761483576796	1.69401967406908e-05	1.64763151228574e-05
-168000	0.515415139744997	2.18142784767373e-05	2.07408384699822e-05	0.504780608798446	2.14580553913704e-05	2.04389301697206e-05
-167000	0.516010449210504	2.32260829181796e-05	2.26307734526725e-05	0.505314531790931	2.28239888541755e-05	2.22900658616904e-05
-166000	0.516257683863886	2.18691209997467e-05	2.16218863463649e-05	0.505680929663092	2.17707928734273e-05	2.14043950012665e-05
-165000	0.516724858566242	2.14710377438149e-05	2.10038630414591e-05	0.505901165245293	2.08051380562358e-05	2.05849024740352e-05
-164000	0.517416786287258	2.27605125390526e-05	2.2068584818036e-05	0.506529532213122	2.24266022122772e-05	2.17982352444482e-05
-163000	0.518435362661488	1.90050662838808e-05	1.79864899096513e-05	0.507625263868952	1.89362070421346e-05	1.78404753863041e-05
-162000	0.518931689605674	2.13654057249008e-05	2.08690787807143e-05	0.508163324326606	2.11249261166935e-05	2.0586865659039e-05
-161000	0.519722747614625	2.22295237693153e-05	2.14384657603648e-05	0.509022988263109	2.17916701849194e-05	2.09320062484168e-05
-160000	0.520503145317909	2.00140589377692e-05	1.92336612344845e-05	0.509607742970531	1.94641138225112e-05	1.88793591150891e-05
-159000	0.52096616144558	1.98781769821836e-05	1.94151608545133e-05	0.51017818542599	1.91329266233218e-05	1.85624841678628e-05
-158000	0.521473634214304	2.06267626446002e-05	2.0119289875876e-05	0.510641349320274	2.03164316473866e-05	1.98532677531031e-05
-157000	0.522410960060795	2.19909862365954e-05	2.10536603901039e-05	0.511479101578992	2.14233091277548e-05	2.05855568690365e-05
-156000	0.523064257367221	2.27802710461877e-05	2.21269737397619e-05	0.512113189225703	2.26061597568184e-05	2.19720721101073e-05
-155000	0.523721586591235	2.05696402938444e-05	1.99123110698302e-05	0.512731465844803	1.97903191758844e-05	1.91720425567846e-05
-154000	0.524285886177489	2.1667504010808e-05	2.11032044245546e-05	0.513167335134679	2.09569999155619e-05	2.05211306256861e-05
-153000	0.524831546060964	2.14536012834585e-05	2.09079413999831e-05	0.513696994004897	2.10432533986321e-05	2.05135945284134e-05
-152000	0.524947268428608	2.10504095246137e-05	2.09346871569704e-05	0.513787342734105	2.05757620535337e-05	2.04854133243266e-05
-151000	0.525597547074221	1.92377775901376e-05	1.85874989445242e-05	0.514453495735878	1.89600396858904e-05	1.82938866841172e-05
-150000	0.526433019505193	2.26108038503758e-05	2.17753314194038e-05	0.515123807312336	2.23219201215909e-05	2.16516085451322e-05
-149000	0.526822996706915	2.14103901038588e-05	2.10204129021363e-05	0.515447226209575	2.05637929578654e-05	2.02403740606265e-05
-148000	0.52818992231698	2.15988980832559e-05	2.02319724731909e-05	0.51668540488052	2.11216752512032e-05	1.98834965802584e-05
-147000	0.528641940386726	2.24761673562442e-05	2.20241492864984e-05	0.51705990880689	2.17341678628726e-05	2.13596639365026e-05
-146000	0.528920839314363	1.84625094992823e-05	1.81836105716456e-05	0.51726669762729	1.80661361141603e-05	1.78593472937601e-05
-145000	0.529352275605843	2.19327028624504e-05	2.15012665709702e-05	0.517614666891835	2.14600819049227e-05	2.11121126403783e-05
-144000	0.529980980325931	1.84792915646374e-05	1.78505868445495e-05	0.518245883644347	1.75714134932028e-05	1.69401967406908e-05
-143000	0.530867854428776	2.27011525795829e-05	2.18142784767373e-05	0.518973085366883	2.21852571139069e-05	2.14580553913704e-05
-142000	0.531205543358946	2.35637718483492e-05	2.32260829181796e-05	0.519333488136452	2.3184391623744e-05	2.28239888541755e-05
-141000	0.531760069239213	2.24236468800135e-05	2.18691209997467e-05	0.519879338005573	2.23166427425483e-05	2.17707928734273e-05
-140000	0.53239533901883	2.21063075234316e-05	2.14710377438149e-05	0.520547116440091	2.1472916490754e-05	2.08051380562358e-05
-139000	0.533131765599932	2.34969391201555e-05	2.27605125390526e-05	0.521284091868614	2.31635776408005e-05	2.24266022122772e-05
-138000	0.534064046272059	1.99373469560077e-05	1.90050662838808e-05	0.522038883728785	1.96909989023052e-05	1.89362070421346e-05
-137000	0.534632061133159	2.19334205860002e-05	2.13654057249008e-05	0.522544308874441	2.16303512623491e-05	2.11249261166935e-05
-136000	0.535537363843621	2.31348264797771e-05	2.22295237693153e-05	0.523367368909905	2.26147302203834e-05	2.17916701849194e-05
-135000	0.536156822595626	2.06335176897745e-05	2.00140589377692e-05	0.523866165667483	1.99629105800895e-05	1.94641138225112e-05
-134000	0.536902199611585	2.06235539981424e-05	1.98781769821836e-05	0.524583593684033	1.98503546398717e-05	1.91329266233218e-05
-133000	0.537157139238369	2.08817022713839e-05	2.06267626446002e-05	0.524782867516676	2.05157054800304e-05	2.03164316473866e-05
-132000	0.538310668749472	2.31445157476991e-05	2.19909862365954e-05	0.525807797855273	2.24482394663514e-05	2.14233091277548e-05
-131000	0.538686861437136	2.31564637338513e-05	2.27802710461877e-05	0.525958139829435	2.27565017309803e-05	2.26061597568184e-05
-130000	0.539253208646458	2.11359875031664e-05	2.05696402938444e-05	0.526609600607954	2.04417799544034e-05	1.97903191758844e-05
-129000	0.540004031917589	2.24183272819387e-05	2.1667504010808e-05	0.527393249176729	2.17406484843368e-05	2.09569999155619e-05
-128000	0.540354259900363	2.18038292662332e-05	2.14536012834585e-05	0.52766925610065	2.13192603225534e-05	2.10432533986321e-05
-127000	0.540576986405472	2.12731360297222e-05	2.10504095246137e-05	0.527964472684286	2.08709786371696e-05	2.05757620535337e-05
-126000	0.541101220130035	1.97620113147007e-05	1.92377775901376e-05	0.52841573081145	1.94112978130541e-05	1.89600396858904e-05
-125000	0.541465591488643	2.29751752089842e-05	2.26108038503758e-05	0.528640146077852	2.25463353879929e-05	2.23219201215909e-05
-124000	0.542034492949422	2.19792915646373e-05	2.14103901038588e-05	0.529152516254327	2.1076163134341e-05	2.05637929578654e-05
-123000	0.543202102507811	2.27665076416448e-05	2.15988980832559e-05	0.53027281938698	2.22419783838554e-05	2.11216752512032e-05
-122000	0.543644790171409	2.29188550198429e-05	2.24761673562442e-05	0.530673646880014	2.21349953559064e-05	2.17341678628726e-05
-121000	0.543973613104788	1.87913324326606e-05	1.84625094992823e-05	0.530768027526809	1.81605167609559e-05	1.80661361141603e-05
-120000	0.54450876044921	2.24678502068733e-05	2.19327028624504e-05	0.531155556024656	2.18476104027696e-05	2.14600819049227e-05
-119000	0.545030651017479	1.90011821329055e-05	1.84792915646374e-05	0.531897703284641	1.83135607531875e-05	1.75714134932028e-05
-118000	0.54553031326522	2.32008148273242e-05	2.27011525795829e-05	0.532287004981846	2.2574558811112e-05	2.21852571139069e-05
-117000	0.545765409946804	2.37988685299334e-05	2.35637718483492e-05	0.532468905682682	2.33662923245799e-05	2.3184391623744e-05
-116000	0.546506797264207	2.31650341974163e-05	2.24236468800135e-05	0.532898758760449	2.27464958203158e-05	2.23166427425483e-05
-115000	0.547389196149624	2.29887064088491e-05	2.21063075234316e-05	0.533883581018323	2.24577387486278e-05	2.1472916490754e-05
-114000	0.548028455627797	2.41361985983281e-05	2.34969391201555e-05	0.534441674406823	2.37216710293e-05	2.31635776408005e-05
-113000	0.548738157561429	2.06470488896395e-05	1.99373469560077e-05	0.534981106983028	2.02304314785105e-05	1.96909989023052e-05
-112000	0.549715422612514	2.29106856370852e-05	2.19334205860002e-05	0.535843325170987	2.24925694503082e-05	2.16303512623491e-05
-111000	0.550327619690957	2.37470235582201e-05	2.31348264797771e-05	0.536317803765938	2.3089208815334e-05	2.26147302203834e-05
-110000	0.55080043063413	2.11063286329477e-05	2.06335176897745e-05	0.536838976610656	2.04840834248079e-05	1.99629105800895e-05
-109000	0.551424807903403	2.12479312674153e-05	2.06235539981424e-05	0.537236194376425	2.02475724056405e-05	1.98503546398717e-05
-108000	0.551959427509921	2.14163218779026e-05	2.08817022713839e-05	0.537590285400659	2.08697965042641e-05	2.05157054800304e-05
-107000	0.552976272903825	2.41613611416027e-05	2.31445157476991e-05	0.538529532213122	2.33874862788145e-05	2.24482394663514e-05
-106000	0.553285759520392	2.34659503504179e-05	2.31564637338513e-05	0.538796715359284	2.30236848771426e-05	2.27565017309803e-05
-105000	0.55384066537195	2.16908933547244e-05	2.11359875031664e-05	0.539417630667905	2.10626952630246e-05	2.04417799544034e-05
-104000	0.554096301612767	2.26739635227561e-05	2.24183272819387e-05	0.539868192181035	2.21912099974669e-05	2.17406484843368e-05
-103000	0.554357764080047	2.20652917335134e-05	2.18038292662332e-05	0.54019885164232	2.16499197838386e-05	2.13192603225534e-05
-102000	0.554962403951701	2.18777759013763e-05	2.12731360297222e-05	0.540660896732247	2.13330237270962e-05	2.08709786371696e-05
-101000	0.555600629063582	2.04002364265812e-05	1.97620113147007e-05	0.541307544541079	2.00579456218863e-05	1.94112978130541e-05
-100000	0.556072954487883	2.34475006332855e-05	2.29751752089842e-05	0.541755572912269	2.29943637591827e-05	2.25463353879929e-05
-99000	0.556623997297982	2.25303343747361e-05	2.19792915646373e-05	0.542375158321371	2.16957485434434e-05	2.1076163134341e-05
-98000	0.557584501393228	2.3727011736891e-05	2.27665076416448e-05	0.543113400320865	2.29802203833488e-05	2.22419783838554e-05
-97000	0.558306953474626	2.36413071012412e-05	2.29188550198429e-05	0.543785252892004	2.28068479270455e-05	2.21349953559064e-05
-96000	0.558970214472684	1.94545934307186e-05	1.87913324326606e-05	0.544298974077514	1.86742379464662e-05	1.81605167609559e-05
-95000	0.559453390188297	2.29510259224858e-05	2.24678502068733e-05	0.544735455543359	2.22840918686143e-05	2.18476104027696e-05
-94000	0.560308072278983	1.9855864223592e-05	1.90011821329055e-05	0.545279025584734	1.88571307945622e-05	1.83135607531875e-05
-93000	0.561207823186693	2.41005657350333e-05	2.32008148273242e-05	0.546127227053956	2.34227602803344e-05	2.2574558811112e-05
-92000	0.561645423456894	2.42364688001351e-05	2.37988685299334e-05	0.546396056742379	2.36351220130035e-05	2.33662923245799e-05
-91000	0.562191188887951	2.37107996284725e-05	2.31650341974163e-05	0.546724731909145	2.30751709870809e-05	2.27464958203158e-05
-90000	0.563062019758507	2.38595372794055e-05	2.29887064088491e-05	0.54749178839821	2.32247952376931e-05	2.24577387486278e-05
-89000	0.563725491851727	2.47996706915477e-05	2.41361985983281e-05	0.547910474541924	2.41403571730136e-05	2.37216710293e-05
-88000	0.564405112724816	2.1326669762729e-05	2.06470488896395e-05	0.548453664612007	2.07736215485942e-05	2.02304314785105e-05
-87000	0.565671177066622	2.41767499788905e-05	2.29106856370852e-05	0.549590179853078	2.36290846913789e-05	2.24925694503082e-05
-86000	0.56602083509246	2.40966815840582e-05	2.37470235582201e-05	0.549871865236849	2.3370894199105e-05	2.3089208815334e-05
-85000	0.566621063075234	2.17065566157224e-05	2.11063286329477e-05	0.550520813982944	2.11330321709026e-05	2.04840834248079e-05
-84000	0.567386916321878	2.20137845140589e-05	2.12479312674153e-05	0.551294161107827	2.10209195305244e-05	2.02475724056405e-05
-83000	0.568106877480368	2.21362830363928e-05	2.14163218779026e-05	0.551787173857975	2.13628092544119e-05	2.08697965042641e-05
-82000	0.568833699231614	2.48881828928481e-05	2.41613611416027e-05	0.55245877311492	2.40590855357595e-05	2.33874862788145e-05
-81000	0.569128050325087	2.37603014438909e-05	2.34659503504179e-05	0.552714134932027	2.32790466942498e-05	2.30236848771426e-05
-80000	0.569559022207211	2.21218652368487e-05	2.16908933547244e-05	0.55316744068226	2.15160010132568e-05	2.10626952630246e-05
-79000	0.569796124292831	2.29110656083762e-05	2.26739635227561e-05	0.553270222916491	2.2293992231698e-05	2.21912099974669e-05
-78000	0.570236067719328	2.25052351600101e-05	2.20652917335134e-05	0.553696550705058	2.20762475724056e-05	2.16499197838386e-05
-77000	0.570755910664528	2.2397618846576e-05	2.18777759013763e-05	0.554134193194292	2.17706662163303e-05	2.13330237270962e-05
-76000	0.571427531030989	2.10718567930424e-05	2.04002364265812e-05	0.554561027611247	2.04847800388415e-05	2.00579456218863e-05
-75000	0.572244237102086	2.42642067043823e-05	2.34475006332855e-05	0.555322658954657	2.37559951025923e-05	2.29943637591827e-05
-74000	0.572831398294351	2.31174955670016e-05	2.25303343747361e-05	0.55586656674829	2.22396563370767e-05	2.16957485434434e-05
-73000	0.573527294604408	2.44229080469476e-05	2.3727011736891e-05	0.55618711475133	2.33007683863885e-05	2.29802203833488e-05
-72000	0.574088744405978	2.42027569028118e-05	2.36413071012412e-05	0.5567549607363	2.33746939120156e-05	2.28068479270455e-05
-71000	0.575244405978215	2.06102550029553e-05	1.94545934307186e-05	0.557810879844634	1.97301570548003e-05	1.86742379464662e-05
-70000	0.575835219116778	2.35418390610487e-05	2.29510259224858e-05	0.558368065523938	2.28412775479186e-05	2.22840918686143e-05
-69000	0.576929029806637	2.0949674913451e-05	1.9855864223592e-05	0.559559972135439	2.00490374060626e-05	1.88571307945622e-05
-68000	0.577787237186524	2.49587731149203e-05	2.41005657350333e-05	0.560361584902474	2.42243730473697e-05	2.34227602803344e-05
-67000	0.578443236511019	2.48924681246307e-05	2.42364688001351e-05	0.560918559486617	2.4192096597146e-05	2.36351220130035e-05
-66000	0.579201638098455	2.44692012159081e-05	2.37107996284725e-05	0.561669066115005	2.38256776154691e-05	2.30751709870809e-05
-65000	0.580360930507473	2.50188296884235e-05	2.38595372794055e-05	0.562645824537702	2.42015536603901e-05	2.32247952376931e-05
-64000	0.580915604154353	2.53543443384277e-05	2.47996706915477e-05	0.56319262433505	2.46871569703622e-05	2.41403571730136e-05
-63000	0.581754158574685	2.21652241830617e-05	2.1326669762729e-05	0.5639150130879	2.14960103014439e-05	2.07736215485942e-05
-62000	0.583568753694165	2.59913450983703e-05	2.41767499788905e-05	0.565585176897745	2.52992485012244e-05	2.36290846913789e-05
-61000	0.584209005319598	2.47369332094908e-05	2.40966815840582e-05	0.566139512792367	2.39252300937263e-05	2.3370894199105e-05
-60000	0.585237460947395	2.27350122435194e-05	2.17065566157224e-05	0.567158448028371	2.21519674069071e-05	2.11330321709026e-05
-59000	0.586351346787132	2.31276703537955e-05	2.20137845140589e-05	0.568485666638521	2.23481381406738e-05	2.10209195305244e-05
-58000	0.58740040530271	2.31853415519716e-05	2.21362830363928e-05	0.569558578907371	2.24357215232626e-05	2.13628092544119e-05
-57000	0.588360255002955	2.5848032593093e-05	2.48881828928481e-05	0.570535041796842	2.50355484252301e-05	2.40590855357595e-05
-56000	0.589247234653382	2.46472810943173e-05	2.37603014438909e-05	0.571361289369248	2.41052942666554e-05	2.32790466942498e-05
-55000	0.590428206535506	2.33028371189732e-05	2.21218652368487e-05	0.572361563792958	2.2516275436967e-05	2.15160010132568e-05
-54000	0.591355800895043	2.38386599679136e-05	2.29110656083762e-05	0.57304601874525	2.29784471839905e-05	2.2293992231698e-05
-53000	0.592121991893946	2.32714261589125e-05	2.25052351600101e-05	0.573616756733936	2.2646985561091e-05	2.20762475724056e-05
-52000	0.593433990542937	2.3709617495567e-05	2.2397618846576e-05	0.574814763995609	2.29686734780039e-05	2.17706662163303e-05
-51000	0.594595963860508	2.22338301106138e-05	2.10718567930424e-05	0.57586502575361	2.1535041796842e-05	2.04847800388415e-05
-50000	0.596200582622646	2.58688254665203e-05	2.42642067043823e-05	0.577164316473866	2.50552858228489e-05	2.37559951025923e-05
-49000	0.596630710124124	2.35476230684793e-05	2.31174955670016e-05	0.577636768555265	2.27121084184751e-05	2.22396563370767e-05
-48000	0.597761124715022	2.55533226378452e-05	2.44229080469476e-05	0.578817444904163	2.44814447352866e-05	2.33007683863885e-05
-47000	0.599294604407667	2.57362365954573e-05	2.42027569028118e-05	0.58028356413071	2.48408131385629e-05	2.33746939120156e-05
-46000	0.601418918348391	2.27345689436799e-05	2.06102550029553e-05	0.582462509499282	2.19091024233725e-05	1.97301570548003e-05
-45000	0.602698239466351	2.48211601790087e-05	2.35418390610487e-05	0.583685721523263	2.4064489571899e-05	2.28412775479186e-05
-44000	0.604872118551043	2.31235539981424e-05	2.0949674913451e-05	0.585835662416617	2.21989782994173e-05	2.00490374060626e-05
-43000	0.606817487123195	2.69041416870725e-05	2.49587731149203e-05	0.587763320104703	2.61520307354556e-05	2.42243730473697e-05
-42000	0.608694925272313	2.67699062737483e-05	2.48924681246307e-05	0.589451384784261	2.58801612767034e-05	2.4192096597146e-05
-41000	0.610938550198429	2.67128261420247e-05	2.44692012159081e-05	0.591677066621633	2.60513594528414e-05	2.38256776154691e-05
-40000	0.613711432913958	2.77917124039517e-05	2.50188296884235e-05	0.59417746770244	2.67019547411973e-05	2.42015536603901e-05
-39000	0.615887254074137	2.75301654986068e-05	2.53543443384277e-05	0.59639643671367	2.69061259815925e-05	2.46871569703622e-05
-38000	0.618687558051169	2.49655281600947e-05	2.21652241830617e-05	0.599036350586845	2.41359241746179e-05	2.14960103014439e-05
-37000	0.621940238959723	2.9244026006924e-05	2.59913450983703e-05	0.602210293000084	2.84731909144642e-05	2.52992485012244e-05
-36000	0.624855442033269	2.76521362830364e-05	2.47369332094908e-05	0.605097673731318	2.68126108249599e-05	2.39252300937263e-05
-35000	0.628052224943004	2.5931795153255e-05	2.27350122435194e-05	0.608266655408258	2.5320949083847e-05	2.21519674069071e-05
-34000	0.631200350417968	2.62757958287595e-05	2.31276703537955e-05	0.611439795659883	2.55212783922993e-05	2.23481381406738e-05
-33000	0.633974626361564	2.5959617495567e-05	2.31853415519716e-05	0.61409887697374	2.5094802837119e-05	2.24357215232626e-05
-32000	0.636446170733767	2.8319576965296e-05	2.5848032593093e-05	0.616696191843283	2.76328632947733e-05	2.50355484252301e-05
-31000	0.639673372456303	2.78744828168539e-05	2.46472810943173e-05	0.619863104787638	2.72722072110107e-05	2.41052942666554e-05
-30000	0.642975407413662	2.6604872076332e-05	2.33028371189732e-05	0.622935088237778	2.55882588871063e-05	2.2516275436967e-05
-29000	0.646048129696867	2.69113822511188e-05	2.38386599679136e-05	0.62589842100819	2.59417799544035e-05	2.29784471839905e-05
-28000	0.649563814067382	2.67871105294266e-05	2.32714261589125e-05	0.629245714768218	2.5994279321118e-05	2.2646985561091e-05
-27000	0.652899793126742	2.70455965549269e-05	2.3709617495567e-05	0.632409271299502	2.61322300092882e-05	2.29686734780039e-05
-26000	0.65724972557629	2.65837625601621e-05	2.22338301106138e-05	0.636909482394663	2.60352528920037e-05	2.1535041796842e-05
-25000	0.661170058262265	2.97891581524951e-05	2.58688254665203e-05	0.640524001519885	2.86698049480706e-05	2.50552858228489e-05
-24000	0.663872688507979	2.62502533141941e-05	2.35476230684793e-05	0.643136620788652	2.53247276872413e-05	2.27121084184751e-05
-23000	0.667147112218188	2.88277463480537e-05	2.55533226378452e-05	0.646385290889133	2.7730114835768e-05	2.44814447352866e-05
-22000	0.670506206197754	2.90953305750232e-05	2.57362365954573e-05	0.649551359452841	2.80068817022714e-05	2.48408131385629e-05
-21000	0.674660242337246	2.68886050831716e-05	2.27345689436799e-05	0.65376218019083	2.6119923161361e-05	2.19091024233725e-05
-20000	0.677729650426412	2.78905682681752e-05	2.48211601790087e-05	0.656862154859411	2.71644642404797e-05	2.4064489571899e-05
-19000	0.680597462636156	2.59913662078865e-05	2.31235539981424e-05	0.65967366798953	2.50104914295364e-05	2.21989782994173e-05
-18000	0.684108608460694	3.04152875116103e-05	2.69041416870725e-05	0.663102571139069	2.95809338849954e-05	2.61520307354556e-05
-17000	0.686819956936587	2.94812547496411e-05	2.67699062737483e-05	0.665770370683104	2.8547960820738e-05	2.58801612767034e-05
-16000	0.689599848011484	2.94927172169214e-05	2.67128261420247e-05	0.668343008528245	2.86239972979819e-05	2.60513594528414e-05
-15000	0.692243244954826	3.04351093472937e-05	2.77917124039517e-05	0.671200118213291	2.95590644262434e-05	2.67019547411973e-05
-14000	0.694895022376087	3.01819429198682e-05	2.75301654986068e-05	0.673954171240395	2.96601790086971e-05	2.69061259815925e-05
-13000	0.697088849953559	2.71593557375665e-05	2.49655281600947e-05	0.675955627797011	2.61373807312337e-05	2.41359241746179e-05
-12000	0.699036287258296	3.11914633116609e-05	2.9244026006924e-05	0.677849826901967	3.03673900194208e-05	2.84731909144642e-05
-11000	0.70155296377607	3.01688128008106e-05	2.76521362830364e-05	0.680261293591151	2.92240775141433e-05	2.68126108249599e-05
-10000	0.703573228911593	2.79520602887781e-05	2.5931795153255e-05	0.682076247572406	2.71359030651017e-05	2.5320949083847e-05
-9000	0.705198471671029	2.79010385881955e-05	2.62757958287595e-05	0.683565228404965	2.70102592248586e-05	2.55212783922993e-05
-8000	0.70683471248839	2.75958583129275e-05	2.5959617495567e-05	0.685260533648569	2.67901080807229e-05	2.5094802837119e-05
-7000	0.708052984885586	2.95378493624925e-05	2.8319576965296e-05	0.686377015958794	2.87493456049988e-05	2.76328632947733e-05
-6000	0.709588807734527	2.94103056657942e-05	2.78744828168539e-05	0.687830954994512	2.8726146246728e-05	2.72722072110107e-05
-5000	0.710817550451744	2.78336147935489e-05	2.6604872076332e-05	0.688975449632694	2.67327535252892e-05	2.55882588871063e-05
-4000	0.712336802330491	2.84306341298657e-05	2.69113822511188e-05	0.690491746179178	2.74580765008865e-05	2.59417799544035e-05
-3000	0.713548805201385	2.79991134003209e-05	2.67871105294266e-05	0.691645782318669	2.71483154606096e-05	2.5994279321118e-05
-2000	0.71418639702778	2.76831883813223e-05	2.70455965549269e-05	0.692270919530524	2.67573672211433e-05	2.61322300092882e-05
-1000	0.715163809845478	2.75611753778604e-05	2.65837625601621e-05	0.693081609389513	2.68459427509921e-05	2.60352528920037e-05
0	0.715810774297053	3.04361226040699e-05	2.97891581524951e-05	0.693777632356666	2.93658279152241e-05	2.86698049480706e-05
1000	0.716337140082749	2.67766190998903e-05	2.62502533141941e-05	0.694222705395592	2.57698007261674e-05	2.53247276872413e-05
2000	0.71691953052436	2.94101367896648e-05	2.88277463480537e-05	0.694683462805032	2.81908722452081e-05	2.7730114835768e-05
3000	0.717349911340032	2.95257113906949e-05	2.90953305750232e-05	0.695087773368234	2.84111922654732e-05	2.80068817022714e-05
4000	0.718175673393566	2.77143671367051e-05	2.68886050831716e-05	0.695936418137296	2.6968567930423e-05	2.6119923161361e-05
5000	0.718487862028202	2.82027569028118e-05	2.78905682681752e-05	0.696309845478342	2.7537891581525e-05	2.71644642404797e-05
6000	0.717778160094571	2.52816642742548e-05	2.59913662078865e-05	0.69547618846576	2.41768344169552e-05	2.50104914295364e-05
7000	0.717704107911847	3.03412353288863e-05	3.04152875116103e-05	0.695476061808663	2.95808072278984e-05	2.95809338849954e-05
8000	0.717328084100312	2.91052309381069e-05	2.94812547496411e-05	0.695117242252808	2.81891412648822e-05	2.8547960820738e-05
9000	0.716333319260323	2.84979523769315e-05	2.94927172169214e-05	0.693941167778435	2.74479228236089e-05	2.86239972979819e-05
10000	0.715699717132483	2.98015072194545e-05	3.04351093472937e-05	0.693317677108841	2.89355737566495e-05	2.95590644262434e-05
11000	0.71512693152073	2.96091573081145e-05	3.01819429198682e-05	0.692682322891159	2.90248247910158e-05	2.96601790086971e-05
12000	0.713702503588618	2.57349278054547e-05	2.71593557375665e-05	0.691184623828422	2.46396816684961e-05	2.61373807312337e-05
13000	0.712303575952039	2.97925356750823e-05	3.11914633116609e-05	0.689875010554758	2.90577767457571e-05	3.03673900194208e-05
14000	0.711610107236342	2.94753440851135e-05	3.01688128008106e-05	0.689055243603817	2.84043105632019e-05	2.92240775141433e-05
15000	0.710355273157139	2.66972262095753e-05	2.79520602887781e-05	0.68764842100819	2.57290804694756e-05	2.71359030651017e-05
16000	0.708802773790425	2.63485392214811e-05	2.79010385881955e-05	0.686014692223254	2.53765304399222e-05	2.70102592248586e-05
17000	0.707463163894284	2.62562484167862e-05	2.75958583129275e-05	0.684603647724394	2.53790635818627e-05	2.67901080807229e-05
18000	0.705708984210082	2.77836696782909e-05	2.95378493624925e-05	0.682733281263193	2.6878979143798e-05	2.87493456049988e-05
19000	0.703785949506037	2.74872709617496e-05	2.94103056657942e-05	0.680833699231614	2.68265642151481e-05	2.8726146246728e-05
20000	0.701853795491007	2.59014607785189e-05	2.78336147935489e-05	0.678780482141349	2.46795364350249e-05	2.67327535252892e-05
21000	0.69984220636663	2.64190450054885e-05	2.84306341298657e-05	0.677055201384784	2.57327957443216e-05	2.74580765008865e-05
22000	0.697435995946973	2.55929029806637e-05	2.79991134003209e-05	0.674699970446677	2.47930845225027e-05	2.71483154606096e-05
23000	0.694860550536182	2.51077429705311e-05	2.76831883813223e-05	0.672157287004982	2.42146837794478e-05	2.67573672211433e-05
24000	0.691851895634552	2.45525204762307e-05	2.75611753778604e-05	0.66908454361226	2.37731993582708e-05	2.68459427509921e-05
25000	0.689276260238115	2.78604872076332e-05	3.04361226040699e-05	0.666609875031664	2.68911593346281e-05	2.93658279152241e-05
26000	0.687014312251963	2.45146711137381e-05	2.67766190998903e-05	0.664396711137381	2.35566368318838e-05	2.57698007261674e-05
27000	0.684517520898421	2.69133454361227e-05	2.94101367896648e-05	0.662094317318247	2.58884784260745e-05	2.81908722452081e-05
28000	0.682206493287174	2.72146837794478e-05	2.95257113906949e-05	0.659796778687832	2.61136536350587e-05	2.84111922654732e-05
29000	0.68034165751921	2.58495313687411e-05	2.77143671367051e-05	0.657880034619607	2.50518238621971e-05	2.6968567930423e-05
30000	0.678322595626108	2.61836950097104e-05	2.82027569028118e-05	0.655876720425568	2.55345773874863e-05	2.7537891581525e-05
31000	0.676033922992485	2.29929916406317e-05	2.52816642742548e-05	0.653746685805961	2.20467997973487e-05	2.41768344169552e-05
32000	0.673328590728701	2.76359030651017e-05	3.03412353288863e-05	0.651053554842523	2.688767626446e-05	2.95808072278984e-05
33000	0.670628240310732	2.64048805201384e-05	2.91052309381069e-05	0.648391834839146	2.55274212615046e-05	2.81891412648822e-05
34000	0.667853162205522	2.57228742717218e-05	2.84979523769315e-05	0.645672971375496	2.47290593599595e-05	2.74479228236089e-05
35000	0.665302710461876	2.72510554758084e-05	2.98015072194545e-05	0.643073841087562	2.63364434687157e-05	2.89355737566495e-05
36000	0.663074052182724	2.73804990289622e-05	2.96091573081145e-05	0.640854154352782	2.68051380562357e-05	2.90248247910158e-05
37000	0.660828464071603	2.34893396943342e-05	2.57349278054547e-05	0.638791437980242	2.25769652959554e-05	2.46396816684961e-05
38000	0.658219940048974	2.71840116524529e-05	2.97925356750823e-05	0.636072490078527	2.63388288440429e-05	2.90577767457571e-05
39000	0.65640454276788	2.76599468040192e-05	2.94753440851135e-05	0.634402199611585	2.67340200962594e-05	2.84043105632019e-05
40000	0.654519526302457	2.48122097441527e-05	2.66972262095753e-05	0.632552816009457	2.38796968673478e-05	2.57290804694756e-05
41000	0.652667567339357	2.44965802583804e-05	2.63485392214811e-05	0.630843177404374	2.36668918348392e-05	2.53765304399222e-05
42000	0.650957295448788	2.4545976526218e-05	2.62562484167862e-05	0.629333234822258	2.38691209997467e-05	2.53790635818627e-05
43000	0.649110233893439	2.59366081229419e-05	2.77836696782909e-05	0.627610444988601	2.51561893101411e-05	2.6878979143798e-05
44000	0.647825677615469	2.62027146837794e-05	2.74872709617496e-05	0.626572912268851	2.57890314953982e-05	2.68265642151481e-05
45000	0.646275014776661	2.43507979397112e-05	2.59014607785189e-05	0.625088913282108	2.31955374482817e-05	2.46795364350249e-05
46000	0.644620197585071	2.47642278138985e-05	2.64190450054885e-05	0.623427974330828	2.40718567930423e-05	2.57327957443216e-05
47000	0.643105864223592	2.40785696191843e-05	2.55929029806637e-05	0.622183040614709	2.35481508063836e-05	2.47930845225027e-05
48000	0.641311492020603	2.3313370767542e-05	2.51077429705311e-05	0.620461686228152	2.24933293928903e-05	2.42146837794478e-05
49000	0.639158469137887	2.23994975935151e-05	2.45525204762307e-05	0.6184751963185	2.17867094486194e-05	2.37731993582708e-05
50000	0.637583044836612	2.62850629063582e-05	2.78604872076332e-05	0.617069049227392	2.54850122435194e-05	2.68911593346281e-05
51000	0.636317487123195	2.3249113400321e-05	2.45146711137381e-05	0.615982964620451	2.2470552224943e-05	2.35566368318838e-05
52000	0.634848391454868	2.54442497677953e-05	2.69133454361227e-05	0.614781199864899	2.46867136705227e-05	2.58884784260745e-05
53000	0.633523410453432	2.58897027780123e-05	2.72146837794478e-05	0.613753651946297	2.5086105716457e-05	2.61136536350587e-05
54000	0.632453727940556	2.47798488558642e-05	2.58495313687411e-05	0.612661783331926	2.39599552478258e-05	2.50518238621971e-05
55000	0.631143882462214	2.48738495313687e-05	2.61836950097104e-05	0.611316431647387	2.41892257029469e-05	2.55345773874863e-05
56000	0.630021151735202	2.18702609136199e-05	2.29929916406317e-05	0.610282656421515	2.10130245714768e-05	2.20467997973487e-05
57000	0.628599636916322	2.62143882462214e-05	2.76359030651017e-05	0.608894579076248	2.54995989191928e-05	2.688767626446e-05
58000	0.627199126066031	2.50043696698472e-05	2.64048805201384e-05	0.607574052182724	2.42068943679811e-05	2.55274212615046e-05
59000	0.62609942582116	2.46231740268513e-05	2.57228742717218e-05	0.606682196234062	2.38372034112978e-05	2.47290593599595e-05
60000	0.625019547411973	2.61711770666216e-05	2.72510554758084e-05	0.60569036561682	2.53446128514734e-05	2.63364434687157e-05
61000	0.623765219961159	2.61261715781475e-05	2.73804990289622e-05	0.604482563539644	2.55973359790593e-05	2.68051380562357e-05
62000	0.622724267499789	2.24483872329645e-05	2.34893396943342e-05	0.603708160938951	2.1802562695263e-05	2.25769652959554e-05
63000	0.621329540656928	2.57892848095922e-05	2.71840116524529e-05	0.602373216245884	2.50038841509752e-05	2.63388288440429e-05
64000	0.620441188887951	2.67715950350418e-05	2.76599468040192e-05	0.601619522080554	2.59803259309297e-05	2.67340200962594e-05
65000	0.619381807818965	2.37528286751669e-05	2.48122097441527e-05	0.60076245461454	2.30226294013341e-05	2.38796968673478e-05
66000	0.618336633454361	2.34514058937769e-05	2.44965802583804e-05	0.599733914548679	2.26383517689775e-05	2.36668918348392e-05
67000	0.617222177657688	2.34315207295449e-05	2.4545976526218e-05	0.598723254243013	2.28584606940809e-05	2.38691209997467e-05
68000	0.615894515747699	2.46089462129528e-05	2.59366081229419e-05	0.597527991218441	2.39609262855695e-05	2.51561893101411e-05
69000	0.614864730220383	2.51729291564637e-05	2.62027146837794e-05	0.596509330406147	2.47703706831039e-05	2.57890314953982e-05
70000	0.613905070505784	2.33911382251119e-05	2.43507979397112e-05	0.595621569703622	2.2307776745757e-05	2.31955374482817e-05
71000	0.613056489065271	2.39156463733852e-05	2.47642278138985e-05	0.594726104027696	2.31763911171156e-05	2.40718567930423e-05
72000	0.611980431478511	2.30025120324243e-05	2.40785696191843e-05	0.593772228320527	2.25942750992147e-05	2.35481508063836e-05
73000	0.611152410706747	2.24853499957781e-05	2.3313370767542e-05	0.593052330490585	2.17734315629486e-05	2.24933293928903e-05
74000	0.610392826986406	2.16399138731741e-05	2.23994975935151e-05	0.592281622055223	2.10160010132568e-05	2.17867094486194e-05
75000	0.609427763235667	2.53199991556193e-05	2.62850629063582e-05	0.591383644346872	2.45870345351685e-05	2.54850122435194e-05
76000	0.608344823946635	2.21661741112894e-05	2.3249113400321e-05	0.590367052267162	2.14539601452335e-05	2.2470552224943e-05
77000	0.607537427172169	2.46368529933293e-05	2.54442497677953e-05	0.589748057924512	2.4067719327873e-05	2.46867136705227e-05
78000	0.606719876720426	2.50721523262687e-05	2.58897027780123e-05	0.588940618931014	2.42786667229586e-05	2.5086105716457e-05
79000	0.605673245799206	2.3733217934645e-05	2.47798488558642e-05	0.588059929916406	2.30792662332179e-05	2.39599552478258e-05
80000	0.604312315291733	2.3512919023896e-05	2.48738495313687e-05	0.586707485434434	2.28367812209744e-05	2.41892257029469e-05
81000	0.603237883137719	2.07958287596048e-05	2.18702609136199e-05	0.585522080553914	1.98276196909568e-05	2.10130245714768e-05
82000	0.602323313349658	2.52998184581609e-05	2.62143882462214e-05	0.584736722114329	2.47142404796082e-05	2.54995989191928e-05
83000	0.601652811787554	2.43338681077429e-05	2.50043696698472e-05	0.58407975175209	2.35499240057418e-05	2.42068943679811e-05
84000	0.600804589208815	2.37749514481128e-05	2.46231740268513e-05	0.583301042810099	2.30584944693068e-05	2.38372034112978e-05
85000	0.599815059528836	2.51816473866419e-05	2.61711770666216e-05	0.582543464493794	2.45870345351685e-05	2.53446128514734e-05
86000	0.599011124715021	2.53222367643333e-05	2.61261715781475e-05	0.58178086211264	2.4834733597906e-05	2.55973359790593e-05
87000	0.598146668918348	2.15839314362915e-05	2.24483872329645e-05	0.580805539137043	2.08272397196656e-05	2.1802562695263e-05
88000	0.597304019251879	2.49466351431225e-05	2.57892848095922e-05	0.580107890737144	2.43062357510766e-05	2.50038841509752e-05
89000	0.596422971375496	2.58905471586591e-05	2.67715950350418e-05	0.579322490078527	2.51949252723128e-05	2.59803259309297e-05
90000	0.595583509245968	2.29133665456388e-05	2.37528286751669e-05	0.57850677615469	2.22069154774973e-05	2.30226294013341e-05
91000	0.594517605336486	2.23855019842945e-05	2.34514058937769e-05	0.577512159081314	2.16437346956008e-05	2.26383517689775e-05
92000	0.593515452165836	2.24293675588956e-05	2.34315207295449e-05	0.576529806636832	2.18761082495989e-05	2.28584606940809e-05
93000	0.592231824706578	2.33253187536942e-05	2.46089462129528e-05	0.575596913788736	2.30280334374737e-05	2.39609262855695e-05
94000	0.591218715697036	2.41598201469223e-05	2.51729291564637e-05	0.574533141940387	2.37065988347547e-05	2.47703706831039e-05
95000	0.590421979228236	2.25944017563117e-05	2.33911382251119e-05	0.57387847251541	2.16531073207803e-05	2.2307776745757e-05
96000	0.589909081313856	2.34027484590054e-05	2.39156463733852e-05	0.573505805116947	2.28037237186524e-05	2.31763911171156e-05
97000	0.58908443806468	2.21778687832475e-05	2.30025120324243e-05	0.572712995018154	2.18014650004222e-05	2.25942750992147e-05
98000	0.588294984378958	2.16958963100566e-05	2.24853499957781e-05	0.572182027357933	2.12424639027273e-05	2.17734315629486e-05
99000	0.587861711559571	2.1206641053787e-05	2.16399138731741e-05	0.57170497340201	2.05389470573334e-05	2.10160010132568e-05
100000	0.587377839229925	2.48361268259731e-05	2.53199991556193e-05	0.571177425483408	2.40594866165668e-05	2.45870345351685e-05
101000	0.586144726842861	2.09330617242253e-05	2.21661741112894e-05	0.569984716710293	2.02612513721186e-05	2.14539601452335e-05
102000	0.585549100734611	2.40412268850799e-05	2.46368529933293e-05	0.569315882799966	2.33988854175462e-05	2.4067719327873e-05
103000	0.584839187705818	2.43622392974754e-05	2.50721523262687e-05	0.568628176982184	2.3590960905176e-05	2.42786667229586e-05
104000	0.584554420332686	2.34484505615131e-05	2.3733217934645e-05	0.568476589546568	2.2927678797602e-05	2.30792662332179e-05
105000	0.58337720594444	2.23357046356497e-05	2.3512919023896e-05	0.567511947986152	2.1872139660559e-05	2.28367812209744e-05
106000	0.582376150468631	1.97947732837964e-05	2.07958287596048e-05	0.566639555011399	1.89552267162037e-05	1.98276196909568e-05
107000	0.581304525880267	2.42281938697965e-05	2.52998184581609e-05	0.565795427678798	2.38701131470067e-05	2.47142404796082e-05
108000	0.580728721607701	2.37580638351769e-05	2.43338681077429e-05	0.565341193109854	2.30956894367981e-05	2.35499240057418e-05
109000	0.579573292240142	2.2619522080554e-05	2.37749514481128e-05	0.564285126234907	2.20024275943595e-05	2.30584944693068e-05
110000	0.578351895634552	2.39602507810521e-05	2.51816473866419e-05	0.563257599425821	2.35595077260829e-05	2.45870345351685e-05
111000	0.57803058768893	2.50009288187115e-05	2.53222367643333e-05	0.562974457485434	2.45515916575192e-05	2.4834733597906e-05
112000	0.577520750654395	2.10740944017564e-05	2.15839314362915e-05	0.562376783754116	2.02295659883475e-05	2.08272397196656e-05
113000	0.576386114160263	2.38119986489909e-05	2.49466351431225e-05	0.561264966646964	2.31944186439247e-05	2.43062357510766e-05
114000	0.575945938529089	2.54503715274845e-05	2.58905471586591e-05	0.560863653635059	2.4793612260407e-05	2.51949252723128e-05
115000	0.575427066621633	2.23944946381828e-05	2.29133665456388e-05	0.560303554842523	2.16468166849616e-05	2.22069154774973e-05
116000	0.57480197162881	2.17604069914717e-05	2.23855019842945e-05	0.559729270455121	2.1069450308199e-05	2.16437346956008e-05
117000	0.574159693489825	2.17870894199105e-05	2.24293675588956e-05	0.559029912184413	2.11767499788905e-05	2.18761082495989e-05
118000	0.57293766359875	2.21032888626193e-05	2.33253187536942e-05	0.557889301697205	2.1887422950266e-05	2.30280334374737e-05
119000	0.571924427932112	2.31465844802837e-05	2.41598201469223e-05	0.556912902136283	2.27301992738327e-05	2.37065988347547e-05
120000	0.571195917419573	2.18658912437727e-05	2.25944017563117e-05	0.556217301359453	2.095750654395e-05	2.16531073207803e-05
121000	0.570772946044077	2.29797770835092e-05	2.34027484590054e-05	0.55599674913451	2.25831714937094e-05	2.28037237186524e-05
122000	0.570089419910496	2.14943426496665e-05	2.21778687832475e-05	0.555458899772017	2.12636156379296e-05	2.18014650004222e-05
123000	0.569228320526894	2.08347969264544e-05	2.16958963100566e-05	0.554812758591573	2.05963227222831e-05	2.12424639027273e-05
124000	0.568620661994427	2.05989825213206e-05	2.1206641053787e-05	0.55436673562442	2.00929240901799e-05	2.05389470573334e-05
125000	0.568509837034535	2.47253018660812e-05	2.48361268259731e-05	0.554337393396943	2.40301443890906e-05	2.40594866165668e-05
126000	0.567828105209829	2.02513298995187e-05	2.09330617242253e-05	0.553780904331673	1.97047623068479e-05	2.02612513721186e-05
127000	0.567037448281685	2.32505699569366e-05	2.40412268850799e-05	0.552904964958203	2.25229460440767e-05	2.33988854175462e-05
128000	0.566481339187706	2.38061302034958e-05	2.43622392974754e-05	0.552386620788652	2.30726167356244e-05	2.3590960905176e-05
129000	0.566100629063582	2.30677404373891e-05	2.34484505615131e-05	0.552200413746517	2.27414717554674e-05	2.2927678797602e-05
130000	0.565297580849447	2.15326564215148e-05	2.23357046356497e-05	0.551260174786794	2.09319007008359e-05	2.1872139660559e-05
131000	0.564303364856877	1.88005572912268e-05	1.97947732837964e-05	0.550300282867517	1.79953347969265e-05	1.89552267162037e-05
132000	0.562944376424892	2.28692054378113e-05	2.42281938697965e-05	0.548931584058093	2.25014143375834e-05	2.38701131470067e-05
133000	0.56255594021785	2.33696276281347e-05	2.37580638351769e-05	0.54856541839061	2.27295237693152e-05	2.30956894367981e-05
134000	0.561710651861859	2.17742337245631e-05	2.2619522080554e-05	0.547685109347294	2.11221185510428e-05	2.20024275943595e-05
135000	0.560821751245461	2.30713501646542e-05	2.39602507810521e-05	0.546677531030989	2.25519294097779e-05	2.35595077260829e-05
136000	0.560310457654311	2.44896352275606e-05	2.50009288187115e-05	0.546274909229081	2.41489698556109e-05	2.45515916575192e-05
137000	0.559487144304653	2.02507810520983e-05	2.10740944017564e-05	0.545454656759267	1.94093135185342e-05	2.02295659883475e-05
138000	0.558511061386473	2.28359157308115e-05	2.38119986489909e-05	0.544531453179093	2.22712150637508e-05	2.31944186439247e-05
139000	0.558153233977877	2.50925441188888e-05	2.54503715274845e-05	0.544235012243519	2.44971713248333e-05	2.4793612260407e-05
140000	0.557837878915815	2.2079139576121e-05	2.23944946381828e-05	0.544012370176476	2.14241746179177e-05	2.16468166849616e-05
141000	0.557218736806552	2.11412648822089e-05	2.17604069914717e-05	0.543341678628726	2.03987587604492e-05	2.1069450308199e-05
142000	0.556297496411382	2.08658490247404e-05	2.17870894199105e-05	0.542506459511948	2.03415308621127e-05	2.11767499788905e-05
143000	0.555550768386389	2.13565608376256e-05	2.21032888626193e-05	0.54180919108334	2.11901545216584e-05	2.1887422950266e-05
144000	0.554716119226547	2.23119353204425e-05	2.31465844802837e-05	0.541056869036562	2.19778772270539e-05	2.27301992738327e-05
145000	0.554022017225365	2.11717892425906e-05	2.18658912437727e-05	0.540254644093557	2.01552816009457e-05	2.095750654395e-05
146000	0.553388689521236	2.23464493793802e-05	2.29797770835092e-05	0.539501414337583	2.18299417377353e-05	2.25831714937094e-05
147000	0.552871379717977	2.09770328464072e-05	2.14943426496665e-05	0.539125517183146	2.08877184834924e-05	2.12636156379296e-05
148000	0.552433969433421	2.03973866418982e-05	2.08347969264544e-05	0.538655302710462	2.01261082495989e-05	2.05963227222831e-05
149000	0.552010301443891	2.01753145317909e-05	2.05989825213206e-05	0.53819929494216	1.96369163218779e-05	2.00929240901799e-05
150000	0.551462213966056	2.41772143882462e-05	2.47253018660812e-05	0.537610592755214	2.34414422021447e-05	2.40301443890906e-05
151000	0.551382230009288	2.01713459427509e-05	2.02513298995187e-05	0.537716393650258	1.98105632018914e-05	1.97047623068479e-05
152000	0.550683336147936	2.25516760955839e-05	2.32505699569366e-05	0.537136874102846	2.19434264966647e-05	2.25229460440767e-05
153000	0.550139259478173	2.3262053533733e-05	2.38061302034958e-05	0.536714324917673	2.26500675504518e-05	2.30726167356244e-05
154000	0.549243477159504	2.21719581187199e-05	2.30677404373891e-05	0.535911888879507	2.19390357173013e-05	2.27414717554674e-05
155000	0.548832179346449	2.11213586084607e-05	2.15326564215148e-05	0.535503103098877	2.0523114920206e-05	2.09319007008359e-05
156000	0.548080870556447	1.80492485012244e-05	1.88005572912268e-05	0.534830406147091	1.73226378451406e-05	1.79953347969265e-05
157000	0.547023051591658	2.1811386473022e-05	2.28692054378113e-05	0.533676032255341	2.1347040445833e-05	2.25014143375834e-05
158000	0.546212446170734	2.2559022207211e-05	2.33696276281347e-05	0.532849869121	2.19033606349742e-05	2.27295237693152e-05
159000	0.545452778012328	2.10145655661572e-05	2.17742337245631e-05	0.531975491851727	2.02477412817698e-05	2.11221185510428e-05
160000	0.544699759351516	2.23183315038419e-05	2.30713501646542e-05	0.53127039179262	2.18468293506713e-05	2.25519294097779e-05
161000	0.544278138985055	2.40680148610994e-05	2.44896352275606e-05	0.530839588786625	2.37181668496157e-05	2.41489698556109e-05
162000	0.543930021953897	1.99026640209406e-05	2.02507810520983e-05	0.53055241492865	1.9122139660559e-05	1.94093135185342e-05
163000	0.543224795237693	2.21306890146077e-05	2.28359157308115e-05	0.530113801401672	2.18326015367728e-05	2.22712150637508e-05
164000	0.542590454276788	2.44582031579837e-05	2.50925441188888e-05	0.52962296293169	2.4006332854851e-05	2.44971713248333e-05
165000	0.54225424301275	2.17429283120831e-05	2.2079139576121e-05	0.529318352613358	2.11195642995863e-05	2.14241746179177e-05
166000	0.541997129105801	2.08841509752597e-05	2.11412648822089e-05	0.52895904753863	2.00394536857216e-05	2.03987587604492e-05
167000	0.54115779363337	2.00265135523094e-05	2.08658490247404e-05	0.528199273832644	1.9581757156126e-05	2.03415308621127e-05
168000	0.540736869880942	2.0935637085198e-05	2.13565608376256e-05	0.527822848940302	2.08137296293169e-05	2.11901545216584e-05
169000	0.539419066115005	2.09941315545048e-05	2.23119353204425e-05	0.526627142615891	2.07821709026429e-05	2.19778772270539e-05
170000	0.538701131470067	2.04538545976527e-05	2.11717892425906e-05	0.526067466013679	1.95956049987334e-05	2.01552816009457e-05
171000	0.538060035463987	2.17053533733007e-05	2.23464493793802e-05	0.525261969095668	2.10244448197247e-05	2.18299417377353e-05
172000	0.537673456894368	2.0590454276788e-05	2.09770328464072e-05	0.52481062653044	2.04363759182639e-05	2.08877184834924e-05
173000	0.537488199780461	2.02121295279912e-05	2.03973866418982e-05	0.524633116608967	1.99485983281263e-05	2.01261082495989e-05
174000	0.537292704551212	1.99798193025416e-05	2.01753145317909e-05	0.524413324326606	1.9417124039517e-05	1.96369163218779e-05
175000	0.536781727602803	2.36662374398378e-05	2.41772143882462e-05	0.523867537786034	2.28956556615722e-05	2.34414422021447e-05
176000	0.536211369585409	1.96009879253568e-05	2.01713459427509e-05	0.523400384193194	1.93434096090518e-05	1.98105632018914e-05
177000	0.535606687494723	2.19469940048974e-05	2.25516760955839e-05	0.522948619437642	2.14916617411129e-05	2.19434264966647e-05
178000	0.535109262855695	2.27646288947058e-05	2.3262053533733e-05	0.52239985645529	2.21013045680994e-05	2.26500675504518e-05
179000	0.534131216752512	2.11939120155367e-05	2.21719581187199e-05	0.521453284640716	2.09924639027273e-05	2.19390357173013e-05
180000	0.533561428692054	2.0551570548003e-05	2.11213586084607e-05	0.521150426412227	2.02202566917166e-05	2.0523114920206e-05
181000	0.533098898083256	1.75867178924259e-05	1.80492485012244e-05	0.520833530355484	1.70057417883983e-05	1.73226378451406e-05
182000	0.532038841509753	2.07513298995186e-05	2.1811386473022e-05	0.520119585409102	2.06330954994511e-05	2.1347040445833e-05
183000	0.53116771510597	2.16878958034282e-05	2.2559022207211e-05	0.519263531199865	2.10473064257368e-05	2.19033606349742e-05
184000	0.530560394325762	2.04072447859495e-05	2.10145655661572e-05	0.518688317993752	1.96725280756565e-05	2.02477412817698e-05
185000	0.52995849869121	2.17164358692898e-05	2.23183315038419e-05	0.518013932280672	2.11724436375918e-05	2.18468293506713e-05
186000	0.529420923752428	2.3530439922317e-05	2.40680148610994e-05	0.517482943510935	2.31871780798784e-05	2.37181668496157e-05
187000	0.529219792282361	1.97015325508739e-05	1.99026640209406e-05	0.517389090602043	1.90282867516677e-05	1.9122139660559e-05
188000	0.528350080216161	2.12609769484084e-05	2.21306890146077e-05	0.516642130372372	2.10856413071012e-05	2.18326015367728e-05
189000	0.527855632018914	2.39637549607363e-05	2.44582031579837e-05	0.51610609642827	2.3470298910749e-05	2.4006332854851e-05
190000	0.527590580933885	2.1477877227054e-05	2.17429283120831e-05	0.515901735202229	2.09152030735456e-05	2.11195642995863e-05
191000	0.527293443384278	2.05870134256523e-05	2.08841509752597e-05	0.515632314447353	1.97700329308453e-05	2.00394536857216e-05
192000	0.526794899940893	1.95279701089251e-05	2.00265135523094e-05	0.514995841425315	1.89452841340877e-05	1.9581757156126e-05
193000	0.526403993920459	2.0544731064764e-05	2.0935637085198e-05	0.514579266233218	2.03971544372203e-05	2.08137296293169e-05
194000	0.525194186439247	1.97843240732922e-05	2.09941315545048e-05	0.513339314362915	1.95422190323398e-05	2.07821709026429e-05
195000	0.524572490078527	1.98321582369332e-05	2.04538545976527e-05	0.512740859579498	1.89971502153171e-05	1.95956049987334e-05
196000	0.524070400236427	2.12032635311999e-05	2.17053533733007e-05	0.512124841678629	2.0408426918855e-05	2.10244448197247e-05
197000	0.52349052182724	2.00105758676011e-05	2.0590454276788e-05	0.511460884066537	1.97724183061724e-05	2.04363759182639e-05
198000	0.523260301443891	1.99819091446424e-05	2.02121295279912e-05	0.511232035801739	1.97197500633286e-05	1.99485983281263e-05
199000	0.522958519800726	1.96780376593769e-05	1.99798193025416e-05	0.510821286836106	1.90063750738834e-05	1.9417124039517e-05
200000	0.522463543865575	2.31712615046863e-05	2.36662374398378e-05	0.510279743308283	2.23541121337499e-05	2.28956556615722e-05
201000	0.52172321202398	1.88606560837626e-05	1.96009879253568e-05	0.509538588195559	1.86022544963269e-05	1.93434096090518e-05
202000	0.521083150384193	2.13069323651102e-05	2.19469940048974e-05	0.508679409777928	2.06324833234822e-05	2.14916617411129e-05
203000	0.520985244448197	2.26667229587098e-05	2.27646288947058e-05	0.508610466098117	2.20323608882884e-05	2.21013045680994e-05
204000	0.520179578654057	2.03882462213966e-05	2.11939120155367e-05	0.507872477412818	2.0254475217428e-05	2.09924639027273e-05
205000	0.520064911762222	2.04369036561682e-05	2.0551570548003e-05	0.507708329815081	2.00561090939796e-05	2.02202566917166e-05
206000	0.519726652875116	1.72484590053196e-05	1.75867178924259e-05	0.507452778012328	1.67501899856455e-05	1.70057417883983e-05
207000	0.518857426327789	1.98821033521912e-05	2.07513298995186e-05	0.506557671198176	1.97379886852993e-05	2.06330954994511e-05
208000	0.518366482310225	2.11969517858651e-05	2.16878958034282e-05	0.506175673393566	2.06653086211265e-05	2.10473064257368e-05
209000	0.518001372118551	2.00421345942752e-05	2.04072447859495e-05	0.505649518703031	1.9146373385122e-05	1.96725280756565e-05
210000	0.517439753440851	2.11548171915899e-05	2.17164358692898e-05	0.505166955163388	2.06898800979482e-05	2.11724436375918e-05
211000	0.517030524360382	2.31212108418476e-05	2.3530439922317e-05	0.504918770581778	2.2938993498269e-05	2.31871780798784e-05
212000	0.516585662416617	1.92566706071096e-05	1.97015325508739e-05	0.504495567001604	1.86050831714937e-05	1.90282867516677e-05
213000	0.516313455205607	2.09887697373977e-05	2.12609769484084e-05	0.504208920881533	2.07989951870303e-05	2.10856413071012e-05
214000	0.515778856708604	2.34291564637339e-05	2.39637549607363e-05	0.503718293506713	2.29796715359284e-05	2.3470298910749e-05
215000	0.51503896816685	2.07379886852993e-05	2.1477877227054e-05	0.503085599088069	2.02825086549016e-05	2.09152030735456e-05
216000	0.514514903318416	2.00629485772186e-05	2.05870134256523e-05	0.50275396858904	1.94384024318163e-05	1.97700329308453e-05
217000	0.514122941822173	1.91360086126826e-05	1.95279701089251e-05	0.502316874947226	1.85081904922739e-05	1.89452841340877e-05
218000	0.513806489065271	2.02282783078611e-05	2.0544731064764e-05	0.502032213121675	2.01124926116693e-05	2.03971544372203e-05
219000	0.512627797010893	1.86056320189141e-05	1.97843240732922e-05	0.500829540656928	1.83395465675926e-05	1.95422190323398e-05
220000	0.512449886008613	1.96542472346534e-05	1.98321582369332e-05	0.50049801570548	1.86656252638689e-05	1.89971502153171e-05
221000	0.511870324242168	2.06237017647555e-05	2.12032635311999e-05	0.499917356244195	1.98277674575699e-05	2.0408426918855e-05
222000	0.511155070505784	1.92953221312168e-05	2.00105758676011e-05	0.49923627881449	1.90913408764671e-05	1.97724183061724e-05
223000	0.510840454276788	1.96672929156464e-05	1.99819091446424e-05	0.498993012750148	1.94764839989868e-05	1.97197500633286e-05
224000	0.510340770919531	1.91783543021194e-05	1.96780376593769e-05	0.498472409862366	1.84857721861015e-05	1.90063750738834e-05
225000	0.509672485856624	2.250297644178e-05	2.31712615046863e-05	0.497868762137972	2.17504644093558e-05	2.23541121337499e-05
226000	0.508984188972389	1.81723591995271e-05	1.88606560837626e-05	0.497182935067128	1.79164274254834e-05	1.86022544963269e-05
227000	0.50798440006755	2.03071434602719e-05	2.13069323651102e-05	0.496293907793633	1.97434560499874e-05	2.06324833234822e-05
228000	0.507517225365195	2.21995482563539e-05	2.26667229587098e-05	0.495904669424977	2.16431225196319e-05	2.20323608882884e-05
229000	0.507247361310479	2.01183821666807e-05	2.03882462213966e-05	0.495605589799882	1.99553955923331e-05	2.0254475217428e-05
230000	0.507120387570717	2.03099299164063e-05	2.04369036561682e-05	0.495456767710884	1.99072870049818e-05	2.00561090939796e-05
231000	0.506746538039348	1.68746094739508e-05	1.72484590053196e-05	0.49511557460103	1.64089968757916e-05	1.67501899856455e-05
232000	0.506139175040108	1.92747403529511e-05	1.98821033521912e-05	0.494585092459681	1.920750654395e-05	1.97379886852993e-05
233000	0.505803512623491	2.08612893692477e-05	2.11969517858651e-05	0.494334079202905	2.04142953643503e-05	2.06653086211265e-05
234000	0.505030735455543	1.92693574263278e-05	2.00421345942752e-05	0.4938916448535	1.87039390357174e-05	1.9146373385122e-05
235000	0.505134024318163	2.12581060542093e-05	2.11548171915899e-05	0.494002385375327	2.08006206197754e-05	2.06898800979482e-05
236000	0.504323904416111	2.23110909397956e-05	2.31212108418476e-05	0.493396922232542	2.23335303554842e-05	2.2938993498269e-05
237000	0.504070463564975	1.9003229755974e-05	1.92566706071096e-05	0.493149750907709	1.83579118466604e-05	1.86050831714937e-05
238000	0.503418390610487	2.03366967829097e-05	2.09887697373977e-05	0.492633771003969	2.02830152832897e-05	2.07989951870303e-05
239000	0.502468736806552	2.2479502659799e-05	2.34291564637339e-05	0.491875833825889	2.22217343578484e-05	2.29796715359284e-05
240000	0.501370746432492	1.96399983112387e-05	2.07379886852993e-05	0.490958414253145	1.93650890821582e-05	2.02825086549016e-05
241000	0.501042704551212	1.97349066959385e-05	2.00629485772186e-05	0.490720531115427	1.92005192940978e-05	1.94384024318163e-05
242000	0.50064742886093	1.87407329224014e-05	1.91360086126826e-05	0.490512074643249	1.82997340200963e-05	1.85081904922739e-05
243000	0.500613358101832	2.0194207548763e-05	2.02282783078611e-05	0.49054095246137	2.01413704297897e-05	2.01124926116693e-05
244000	0.499919467195812	1.79117411128937e-05	1.86056320189141e-05	0.489826458667567	1.76250527737905e-05	1.83395465675926e-05
245000	0.499571033521912	1.93058135607532e-05	1.96542472346534e-05	0.489560478763827	1.83996453601284e-05	1.86656252638689e-05
246000	0.499235582200456	2.02882504432999e-05	2.06237017647555e-05	0.489335303554843	1.96025922485857e-05	1.98277674575699e-05
247000	0.498691399983112	1.87511399138732e-05	1.92953221312168e-05	0.48876173689099	1.85177742126151e-05	1.90913408764671e-05
248000	0.498598201469222	1.95740944017563e-05	1.96672929156464e-05	0.48854194460863	1.92566917166258e-05	1.94764839989868e-05
249000	0.497972008781559	1.85521616144558e-05	1.91783543021194e-05	0.487917841763067	1.78616693405387e-05	1.84857721861015e-05
250000	0.497410875622731	2.19418432829519e-05	2.250297644178e-05	0.487383834332517	2.12164569788061e-05	2.17504644093558e-05
251000	0.496787279405556	1.75487629823525e-05	1.81723591995271e-05	0.48680467364688	1.73372667398463e-05	1.79164274254834e-05
252000	0.496113020349574	1.96328844042895e-05	2.03071434602719e-05	0.48635356328633	1.92923456894368e-05	1.97434560499874e-05
253000	0.495892826986405	2.19793548931859e-05	2.21995482563539e-05	0.486079245123702	2.13688043570041e-05	2.16431225196319e-05
254000	0.495453390188297	1.96789453685721e-05	2.01183821666807e-05	0.485781959807481	1.96581102761124e-05	1.99553955923331e-05
255000	0.495283205268935	2.01397449970447e-05	2.03099299164063e-05	0.485584628050325	1.97099552478257e-05	1.99072870049818e-05
256000	0.495305539137043	1.68969433420586e-05	1.68746094739508e-05	0.485790551380562	1.66149202060289e-05	1.64089968757916e-05
257000	0.494647998817867	1.86172000337753e-05	1.92747403529511e-05	0.484910390103859	1.83273452672465e-05	1.920750654395e-05
258000	0.494280482141349	2.04937726927299e-05	2.08612893692477e-05	0.484587878915815	2.00917841763067e-05	2.04142953643503e-05
259000	0.493205332263784	1.8194207548763e-05	1.92693574263278e-05	0.483530777674576	1.76468377944777e-05	1.87039390357174e-05
260000	0.492858144051338	2.09109178417631e-05	2.12581060542093e-05	0.483342544118889	2.06123870640885e-05	2.08006206197754e-05
261000	0.492204846744913	2.16577936333699e-05	2.23110909397956e-05	0.482779342227476	2.17703284640716e-05	2.23335303554842e-05
262000	0.491728193869796	1.85265768808579e-05	1.9003229755974e-05	0.482554188128008	1.81327577471924e-05	1.83579118466604e-05
263000	0.491059697711728	1.96682006248417e-05	2.03366967829097e-05	0.481928122097442	1.96569492527232e-05	2.02830152832897e-05
264000	0.490119205437811	2.1539010385882e-05	2.2479502659799e-05	0.481094232880182	2.13878451405894e-05	2.22217343578484e-05
265000	0.489389998311239	1.8910791184666e-05	1.96399983112387e-05	0.480418960567424	1.86898167693997e-05	1.93650890821582e-05
266000	0.488614666891835	1.89595752765347e-05	1.97349066959385e-05	0.479785949506037	1.85675082327113e-05	1.92005192940978e-05
267000	0.488459258633792	1.85853246643587e-05	1.87407329224014e-05	0.479685890399392	1.8199674913451e-05	1.82997340200963e-05
268000	0.488474288609305	2.02092375242759e-05	2.0194207548763e-05	0.479661909989023	2.01173900194207e-05	2.01413704297897e-05
269000	0.488256079540657	1.76935320442455e-05	1.79117411128937e-05	0.479396098961412	1.73592417461791e-05	1.76250527737905e-05
270000	0.487577028624504	1.86267626446002e-05	1.93058135607532e-05	0.478915583044837	1.79191294435532e-05	1.83996453601284e-05
271000	0.487072321202398	1.97835430211939e-05	2.02882504432999e-05	0.478389850544626	1.90768597483746e-05	1.96025922485857e-05
272000	0.486495377015959	1.8174195727434e-05	1.87511399138732e-05	0.477711644009119	1.78395676771089e-05	1.85177742126151e-05
273000	0.48613740184075	1.92161192265474e-05	1.95740944017563e-05	0.477339525458077	1.8884573165583e-05	1.92566917166258e-05
274000	0.485487967575783	1.79027273494891e-05	1.85521616144558e-05	0.476716499197838	1.72386430803006e-05	1.78616693405387e-05
275000	0.484989698556109	2.14435742632779e-05	2.19418432829519e-05	0.476136937431394	2.06368952123617e-05	2.12164569788061e-05
276000	0.484655893776915	1.7214958203158e-05	1.75487629823525e-05	0.475711559571055	1.69118888795069e-05	1.73372667398463e-05
277000	0.484183209490838	1.91602001182133e-05	1.96328844042895e-05	0.475216541416871	1.87973275352529e-05	1.92923456894368e-05
278000	0.484037237186524	2.18333825888711e-05	2.19793548931859e-05	0.47501317233809	2.11654352782234e-05	2.13688043570041e-05
279000	0.482813476315123	1.84551844971713e-05	1.96789453685721e-05	0.4740198429452	1.86647808832222e-05	1.96581102761124e-05
280000	0.482868318838132	2.0194587520054e-05	2.01397449970447e-05	0.474012074643249	1.97021869458753e-05	1.97099552478257e-05
281000	0.482658659123533	1.66872836274593e-05	1.68969433420586e-05	0.473756860592755	1.63597061555349e-05	1.66149202060289e-05
282000	0.482332960398548	1.829150130879e-05	1.86172000337753e-05	0.473271742801655	1.78422274761462e-05	1.83273452672465e-05
283000	0.482309528835599	2.04703411297813e-05	2.04937726927299e-05	0.473368234400068	2.01882757747192e-05	2.00917841763067e-05
284000	0.481658025838048	1.75427045512117e-05	1.8194207548763e-05	0.472804842523009	1.70834459174196e-05	1.76468377944777e-05
285000	0.481054335894621	2.03072278983365e-05	2.09109178417631e-05	0.472229861521574	2.00374060626531e-05	2.06123870640885e-05
286000	0.480416638520645	2.10200962593937e-05	2.16577936333699e-05	0.47145056151313	2.09910284556278e-05	2.17703284640716e-05
287000	0.479913535421768	1.80234737819809e-05	1.85265768808579e-05	0.470979143798024	1.76613400320865e-05	1.81327577471924e-05
288000	0.479495862534831	1.92505277379043e-05	1.96682006248417e-05	0.470535126234907	1.92129316896057e-05	1.96569492527232e-05
289000	0.479330385037575	2.13735328886261e-05	2.1539010385882e-05	0.470341066452757	2.11937853584396e-05	2.13878451405894e-05
290000	0.478912691041121	1.84930971882125e-05	1.8910791184666e-05	0.469938064679558	1.82868149962003e-05	1.86898167693997e-05
291000	0.478214324917673	1.82612091530862e-05	1.89595752765347e-05	0.469268660812294	1.7898104365448e-05	1.85675082327113e-05
292000	0.477668897238875	1.80398969855611e-05	1.85853246643587e-05	0.468704551211686	1.7635565312843e-05	1.8199674913451e-05
293000	0.477303913704298	1.98442539896985e-05	2.02092375242759e-05	0.468331187199189	1.97440260069239e-05	2.01173900194207e-05
294000	0.477013256776155	1.74028751161023e-05	1.76935320442455e-05	0.468182639533902	1.72106940808917e-05	1.73592417461791e-05
295000	0.476243244954826	1.78567508232711e-05	1.86267626446002e-05	0.467548235244448	1.72847251540994e-05	1.79191294435532e-05
296000	0.47569361648231	1.92339145486785e-05	1.97835430211939e-05	0.467137211855104	1.86658363590306e-05	1.90768597483746e-05
297000	0.474681900700836	1.71624799459596e-05	1.8174195727434e-05	0.466283944102001	1.69862999240057e-05	1.78395676771089e-05
298000	0.474240838469982	1.87750569956937e-05	1.92161192265474e-05	0.465957464324918	1.85580933884995e-05	1.8884573165583e-05
299000	0.47335411213375	1.70160010132567e-05	1.79027273494891e-05	0.46527364265811	1.65548214134932e-05	1.72386430803006e-05
300000	0.472887211855104	2.09766739846323e-05	2.14435742632779e-05	0.464782044245546	2.01452967997974e-05	2.06368952123617e-05
301000	0.472576817529342	1.69045638773959e-05	1.7214958203158e-05	0.464416891834839	1.65467364688002e-05	1.69118888795069e-05
302000	0.472473190914464	1.90565735033353e-05	1.91602001182133e-05	0.464128620282023	1.85090559824369e-05	1.87973275352529e-05
303000	0.472453031326522	2.18132230009289e-05	2.18333825888711e-05	0.464252068732585	2.1288883728785e-05	2.11654352782234e-05
304000	0.471398779869965	1.74009330406147e-05	1.84551844971713e-05	0.463163007683864	1.75757198345014e-05	1.86647808832222e-05
305000	0.47104899518703	1.9844802837119e-05	2.0194587520054e-05	0.462817698218357	1.93568774803682e-05	1.97021869458753e-05
306000	0.47043116186777	1.60694503081989e-05	1.66872836274593e-05	0.462080786118382	1.56227940555603e-05	1.63597061555349e-05
307000	0.470136578569619	1.79969180106393e-05	1.829150130879e-05	0.461890251625433	1.76516929831968e-05	1.78422274761462e-05
308000	0.470022734948915	2.03564975090771e-05	2.04703411297813e-05	0.46193783247488	2.02358566241662e-05	2.01882757747192e-05
309000	0.469347272650511	1.68672422528076e-05	1.75427045512117e-05	0.4613151439669	1.64607574094402e-05	1.70834459174196e-05
310000	0.468805053618171	1.97650088659968e-05	2.03072278983365e-05	0.460723570885755	1.94458329815081e-05	2.00374060626531e-05
311000	0.468001646542261	2.02166891834839e-05	2.10200962593937e-05	0.459961348475893	2.02288060457654e-05	2.09910284556278e-05
312000	0.4677067888204	1.77286160601199e-05	1.80234737819809e-05	0.459661466689184	1.7361458245377e-05	1.76613400320865e-05
313000	0.467343304061471	1.88870429789749e-05	1.92505277379043e-05	0.459301063919615	1.88525289200371e-05	1.92129316896057e-05
314000	0.467258063835177	2.12882926623323e-05	2.13735328886261e-05	0.459117474457485	2.10101958963101e-05	2.11937853584396e-05
315000	0.467005805116947	1.82408384699823e-05	1.84930971882125e-05	0.458703136874103	1.78724774128177e-05	1.82868149962003e-05
316000	0.466524128176982	1.77795322131217e-05	1.82612091530862e-05	0.458305433589462	1.75004010808072e-05	1.7898104365448e-05
317000	0.46584275521405	1.73585240226294e-05	1.80398969855611e-05	0.457608207379887	1.69383391032677e-05	1.7635565312843e-05
318000	0.465385565312843	1.93870640884911e-05	1.98442539896985e-05	0.457138689521236	1.92745081482733e-05	1.97440260069239e-05
319000	0.465085641307101	1.71029511103605e-05	1.74028751161023e-05	0.456922739170818	1.69947437304737e-05	1.72106940808917e-05
320000	0.464617727771679	1.73888372878494e-05	1.78567508232711e-05	0.456588090010977	1.69500759942582e-05	1.72847251540994e-05
321000	0.464247551296124	1.88637380731234e-05	1.92339145486785e-05	0.456235772186102	1.83135185341551e-05	1.86658363590306e-05
322000	0.463559613273664	1.64745419234991e-05	1.71624799459596e-05	0.455567698218357	1.63182259562611e-05	1.69862999240057e-05
323000	0.463278582284894	1.84940260069239e-05	1.87750569956937e-05	0.455309571054631	1.82999662247742e-05	1.85580933884995e-05
324000	0.462987693152073	1.67251118804357e-05	1.70160010132567e-05	0.455007852740015	1.6253103098877e-05	1.65548214134932e-05
325000	0.462888140673816	2.0877121506375e-05	2.09766739846323e-05	0.455193194291987	2.0330638351769e-05	2.01452967997974e-05
326000	0.462549480705902	1.65659039094824e-05	1.69045638773959e-05	0.455027400151989	1.63809423288018e-05	1.65467364688002e-05
327000	0.462650637507388	1.91577303048214e-05	1.90565735033353e-05	0.45506531284303	1.8546968673478e-05	1.85090559824369e-05
328000	0.462471818795913	2.16344042894537e-05	2.18132230009289e-05	0.454837625601621	2.10611964873765e-05	2.1288883728785e-05
329000	0.462200097103774	1.71292113484759e-05	1.74009330406147e-05	0.454429135354218	1.71672295870978e-05	1.75757198345014e-05
330000	0.461618403276197	1.92631090095415e-05	1.9844802837119e-05	0.454021236173267	1.89489782994174e-05	1.93568774803682e-05
331000	0.460969707844296	1.54207548762982e-05	1.60694503081989e-05	0.453394009119311	1.49955670016043e-05	1.56227940555603e-05
332000	0.460423879084691	1.74510892510344e-05	1.79969180106393e-05	0.45275821160179	1.70158954656759e-05	1.76516929831968e-05
333000	0.460202693574263	2.0135311998649e-05	2.03564975090771e-05	0.452607004137465	2.00846491598412e-05	2.02358566241662e-05
334000	0.460309782149793	1.69743308283374e-05	1.68672422528076e-05	0.452591530862113	1.64452841340876e-05	1.64607574094402e-05
335000	0.460056362408174	1.95115891243773e-05	1.97650088659968e-05	0.452324094401756	1.91783965211518e-05	1.94458329815081e-05
336000	0.459723359790594	1.98836865659039e-05	2.02166891834839e-05	0.451948007261674	1.98527189056827e-05	2.02288060457654e-05
337000	0.459228552731571	1.72338090010977e-05	1.77286160601199e-05	0.451409925694503	1.68233766782066e-05	1.7361458245377e-05
338000	0.459127163725407	1.87856539728109e-05	1.88870429789749e-05	0.451176707759858	1.86193109853922e-05	1.88525289200371e-05
339000	0.458953221312168	2.11143502490923e-05	2.12882926623323e-05	0.450959406400405	2.07928945368572e-05	2.10101958963101e-05
340000	0.458877691463312	1.81653086211263e-05	1.82408384699823e-05	0.450890357173014	1.7803428185426e-05	1.78724774128177e-05
341000	0.458493519378536	1.73953601283459e-05	1.77795322131217e-05	0.450429494215993	1.70395381237862e-05	1.75004010808072e-05
342000	0.458289770328464	1.71547749725576e-05	1.73585240226294e-05	0.450151756311745	1.66606011990205e-05	1.69383391032677e-05
343000	0.457660157899181	1.8757451659208e-05	1.93870640884911e-05	0.449508865996791	1.86316178333193e-05	1.92745081482733e-05
344000	0.457389006163979	1.68317993751583e-05	1.71029511103605e-05	0.449263932280672	1.67498100143545e-05	1.69947437304737e-05
345000	0.457256628388077	1.7256459511948e-05	1.73888372878494e-05	0.449090538714853	1.67766824284388e-05	1.69500759942582e-05
346000	0.456937684708267	1.85447943933125e-05	1.88637380731234e-05	0.448757472768724	1.79804525880267e-05	1.83135185341551e-05
347000	0.456192856539728	1.57297137549607e-05	1.64745419234991e-05	0.44801669762729	1.55774508148273e-05	1.63182259562611e-05
348000	0.456013151228574	1.83143206957696e-05	1.84940260069239e-05	0.447900025331419	1.81832939289031e-05	1.82999662247742e-05
349000	0.455643840243182	1.63558008950435e-05	1.67251118804357e-05	0.447733344591742	1.60864223591996e-05	1.6253103098877e-05
350000	0.455013847842607	2.02471291058009e-05	2.0877121506375e-05	0.447319154774973	1.99164485349996e-05	2.0330638351769e-05
351000	0.454099489149709	1.56515452165837e-05	1.65659039094824e-05	0.44645398125475	1.55157688085789e-05	1.63809423288018e-05
352000	0.45362306847927	1.86813096343832e-05	1.91577303048214e-05	0.446046820906865	1.81398083255932e-05	1.8546968673478e-05
353000	0.453362471502153	2.13738073123364e-05	2.16344042894537e-05	0.445820569112556	2.08349446930677e-05	2.10611964873765e-05
354000	0.453011378029216	1.67781178755383e-05	1.71292113484759e-05	0.445439880097948	1.67865405724901e-05	1.71672295870978e-05
355000	0.452444946381829	1.86966773621549e-05	1.92631090095415e-05	0.444747086886769	1.82561850882378e-05	1.89489782994174e-05
356000	0.452470552224943	1.54463607194123e-05	1.54207548762982e-05	0.444963628303639	1.5212108418475e-05	1.49955670016043e-05
357000	0.452075234315629	1.70557713417209e-05	1.74510892510344e-05	0.444487123195136	1.6539390357173e-05	1.70158954656759e-05
358000	0.451546820906865	1.96068985898843e-05	2.0135311998649e-05	0.443947395085705	1.95449210504095e-05	2.00846491598412e-05
359000	0.451352866672296	1.67803765937684e-05	1.69743308283374e-05	0.443865469053449	1.63633581018323e-05	1.64452841340876e-05
360000	0.450858165160855	1.90168876129359e-05	1.95115891243773e-05	0.443265388837288	1.85783163049903e-05	1.91783965211518e-05
361000	0.45076515663261	1.97906780376594e-05	1.98836865659039e-05	0.443166575192097	1.97539052604914e-05	1.98527189056827e-05
362000	0.450304884742042	1.67735371105294e-05	1.72338090010977e-05	0.442651608545132	1.63084100312421e-05	1.68233766782066e-05
363000	0.450172844718399	1.86536139491683e-05	1.87856539728109e-05	0.442637718483492	1.86054209237524e-05	1.86193109853922e-05
364000	0.449462636156379	2.04041416870726e-05	2.11143502490923e-05	0.441965253736384	2.01204297897492e-05	2.07928945368572e-05
365000	0.449162712150638	1.78653846153846e-05	1.81653086211263e-05	0.441844000675505	1.76821751245461e-05	1.7803428185426e-05
366000	0.448860761631343	1.70934096090517e-05	1.73953601283459e-05	0.441600122435194	1.67956598834755e-05	1.70395381237862e-05
367000	0.448769885164232	1.70638985054463e-05	1.71547749725576e-05	0.441503166427425	1.65636451912522e-05	1.66606011990205e-05
368000	0.448172401418559	1.81599679135354e-05	1.8757451659208e-05	0.440895254580765	1.80237059866588e-05	1.86316178333193e-05
369000	0.448275035886178	1.69344338427763e-05	1.68317993751583e-05	0.441029848855864	1.68844042894537e-05	1.67498100143545e-05
370000	0.447767964198261	1.67493878240311e-05	1.7256459511948e-05	0.440535590644262	1.62824242168369e-05	1.67766824284388e-05
371000	0.447509372625179	1.82862028202314e-05	1.85447943933125e-05	0.440330828337414	1.77756902811787e-05	1.79804525880267e-05
372000	0.447021257282783	1.52415984125644e-05	1.57297137549607e-05	0.440007177235498	1.52537997129106e-05	1.55774508148273e-05
373000	0.446813497424639	1.81065608376256e-05	1.83143206957696e-05	0.439731719158997	1.79078358524022e-05	1.81832939289031e-05
374000	0.446505572912269	1.60478763826733e-05	1.63558008950435e-05	0.439420944861944	1.57756480621464e-05	1.60864223591996e-05
375000	0.445960314109601	1.97018703031327e-05	2.02471291058009e-05	0.438800578400743	1.92960820737988e-05	1.99164485349996e-05
376000	0.445129401334121	1.48206324411045e-05	1.56515452165837e-05	0.438028666722959	1.47438571307946e-05	1.55157688085789e-05
377000	0.444465950350418	1.80178586506797e-05	1.86813096343832e-05	0.437403782825298	1.75149244279321e-05	1.81398083255932e-05
378000	0.443912437726927	2.08202946888457e-05	2.13738073123364e-05	0.436838892172591	2.02700540403614e-05	2.08349446930677e-05
379000	0.443406104872076	1.62717850206873e-05	1.67781178755383e-05	0.436353711052943	1.63013594528414e-05	1.67865405724901e-05
380000	0.442759773705987	1.80503461960652e-05	1.86966773621549e-05	0.435646816684962	1.75492907202567e-05	1.82561850882378e-05
381000	0.442535843958456	1.52224309718821e-05	1.54463607194123e-05	0.435581144980157	1.51464367136705e-05	1.5212108418475e-05
382000	0.441681225196319	1.62011525795829e-05	1.70557713417209e-05	0.434898104365448	1.58563497424639e-05	1.6539390357173e-05
383000	0.441613526977962	1.95392003715275e-05	1.96068985898843e-05	0.43473429451997	1.93811112049313e-05	1.95449210504095e-05
384000	0.441279004475217	1.64458540910242e-05	1.67803765937684e-05	0.43436574347716	1.59948070590222e-05	1.63633581018323e-05
385000	0.440425462298404	1.81633454361226e-05	1.90168876129359e-05	0.43351714092713	1.77297137549608e-05	1.85783163049903e-05
386000	0.439938529088913	1.93037448281686e-05	1.97906780376594e-05	0.433080089504349	1.931685383771e-05	1.97539052604914e-05
387000	0.439633876551549	1.64688845731656e-05	1.67735371105294e-05	0.432837055644685	1.60653761715781e-05	1.63084100312421e-05
388000	0.439423646880014	1.84433842776324e-05	1.86536139491683e-05	0.432734062315292	1.85024275943596e-05	1.86054209237524e-05
389000	0.438485983281263	1.94664780883222e-05	2.04041416870726e-05	0.431893375833826	1.92797433082833e-05	2.01204297897492e-05
390000	0.437976505108503	1.73559064426244e-05	1.78653846153846e-05	0.431312357510766	1.71011568014861e-05	1.76821751245461e-05
391000	0.438100987925357	1.72178924259056e-05	1.70934096090517e-05	0.43145056151313	1.69338638858398e-05	1.67956598834755e-05
392000	0.437881660052352	1.68445706324411e-05	1.70638985054463e-05	0.431394536857215	1.65076205353373e-05	1.65636451912522e-05
393000	0.437428987587605	1.77072954487884e-05	1.81599679135354e-05	0.431050768386389	1.76799375158321e-05	1.80237059866588e-05
394000	0.437325149877565	1.68305961327366e-05	1.69344338427763e-05	0.430856391961496	1.66900278645614e-05	1.68844042894537e-05
395000	0.436629549100735	1.60537870472009e-05	1.67493878240311e-05	0.43015238959723	1.55784218525711e-05	1.62824242168369e-05
396000	0.435679916406316	1.73365701258127e-05	1.82862028202314e-05	0.429124081736047	1.67473824199949e-05	1.77756902811787e-05
397000	0.4353916448535	1.49533268597484e-05	1.52415984125644e-05	0.428916912944355	1.50466309212193e-05	1.52537997129106e-05
398000	0.43487450392637	1.75894199104957e-05	1.81065608376256e-05	0.428377374820569	1.73682977286161e-05	1.79078358524022e-05
399000	0.434991197331757	1.61645697880604e-05	1.60478763826733e-05	0.42843865574601	1.58369289875876e-05	1.57756480621464e-05
400000	0.434529215570379	1.92398885417547e-05	1.97018703031327e-05	0.428162881026767	1.90203073545554e-05	1.92960820737988e-05
401000	0.434120493118298	1.44119099890231e-05	1.48206324411045e-05	0.427850101325678	1.44310774297053e-05	1.47438571307946e-05
402000	0.433599763573419	1.74971291058009e-05	1.80178586506797e-05	0.427471164400912	1.71359875031665e-05	1.75149244279321e-05
403000	0.433090327619691	2.03108587351178e-05	2.08202946888457e-05	0.426947373976188	1.97462636156379e-05	2.02700540403614e-05
404000	0.432738073123364	1.59195305243604e-05	1.62717850206873e-05	0.426650236426581	1.6004221903234e-05	1.63013594528414e-05
405000	0.43235366883391	1.76659419066115e-05	1.80503461960652e-05	0.426348623659546	1.72476779532213e-05	1.75492907202567e-05
406000	0.432271721692139	1.51404838301106e-05	1.52224309718821e-05	0.426379823524445	1.51776365785696e-05	1.51464367136705e-05
407000	0.431850945706324	1.57803765937685e-05	1.62011525795829e-05	0.426025648062146	1.55021742801655e-05	1.58563497424639e-05
408000	0.431999767795322	1.96880224605252e-05	1.95392003715275e-05	0.426037891581525	1.93933547243098e-05	1.93811112049313e-05
409000	0.432027484590053	1.64735708857553e-05	1.64458540910242e-05	0.426038820400236	1.59957358777337e-05	1.59948070590222e-05
410000	0.431487165414169	1.76230262602382e-05	1.81633454361226e-05	0.425523832643756	1.72147259984801e-05	1.77297137549608e-05
411000	0.431250823271131	1.90674026851304e-05	1.93037448281686e-05	0.425197796166512	1.89908173604662e-05	1.931685383771e-05
412000	0.43085014354471	1.60682048467449e-05	1.64688845731656e-05	0.424733830110614	1.56014101156801e-05	1.60653761715781e-05
413000	0.430724014185595	1.83172549185173e-05	1.84433842776324e-05	0.424529511103605	1.82981085873512e-05	1.85024275943596e-05
414000	0.430036793886684	1.87792577894115e-05	1.94664780883222e-05	0.423981128092544	1.8731360297222e-05	1.92797433082833e-05
415000	0.429267035379549	1.65861479354893e-05	1.73559064426244e-05	0.423041015789918	1.61610444988601e-05	1.71011568014861e-05
416000	0.429166596301613	1.71174533479692e-05	1.72178924259056e-05	0.422953770159588	1.68466182555096e-05	1.69338638858398e-05
417000	0.429069260322553	1.67472346533818e-05	1.68445706324411e-05	0.422732056911256	1.6285907287005e-05	1.65076205353373e-05
418000	0.428759077091953	1.7397112218188e-05	1.77072954487884e-05	0.422386430803006	1.73343114075826e-05	1.76799375158321e-05
419000	0.42879943848687	1.68709575276534e-05	1.68305961327366e-05	0.422321476821751	1.66250738833066e-05	1.66900278645614e-05
420000	0.428274423710209	1.55287722705396e-05	1.60537870472009e-05	0.421723950857046	1.49808958878663e-05	1.55784218525711e-05
421000	0.427618128852487	1.66802752680909e-05	1.73365701258127e-05	0.421242738326438	1.62661698893862e-05	1.67473824199949e-05
422000	0.427478468293507	1.48136663007684e-05	1.49533268597484e-05	0.421085789073714	1.48896816684961e-05	1.50466309212193e-05
423000	0.426553491513974	1.66644431309634e-05	1.75894199104957e-05	0.420173773537111	1.64562821920122e-05	1.73682977286161e-05
424000	0.425841551971629	1.54526302457147e-05	1.61645697880604e-05	0.419586042387908	1.52491978383855e-05	1.58369289875876e-05
425000	0.425428290973571	1.88266275436967e-05	1.92398885417547e-05	0.419211580680571	1.86458456472178e-05	1.90203073545554e-05
426000	0.42527590137634	1.42595203917926e-05	1.44119099890231e-05	0.419218525711391	1.44380224605252e-05	1.44310774297053e-05
427000	0.424862830363928	1.70840580933885e-05	1.74971291058009e-05	0.418873490669594	1.67909524613696e-05	1.71359875031665e-05
428000	0.424224795237693	1.96728236088829e-05	2.03108587351178e-05	0.418137338512201	1.90101114582453e-05	1.97462636156379e-05
429000	0.424123279574432	1.58180148610995e-05	1.59195305243604e-05	0.417932533986321	1.57994173773537e-05	1.6004221903234e-05
430000	0.423948640547159	1.7491302879338e-05	1.76659419066115e-05	0.41778103098877	1.709617495567e-05	1.72476779532213e-05
431000	0.423614519125222	1.48063624081736e-05	1.51404838301106e-05	0.417480220383349	1.48768259731487e-05	1.51776365785696e-05
432000	0.423699527146838	1.58653846153846e-05	1.57803765937685e-05	0.417566579414	1.55885333108165e-05	1.55021742801655e-05
433000	0.423359305074728	1.93478003884151e-05	1.96880224605252e-05	0.417293506712826	1.9120282023136e-05	1.93933547243098e-05
434000	0.423218715697036	1.63329815080638e-05	1.64735708857553e-05	0.417153677277717	1.58559064426243e-05	1.59957358777337e-05
435000	0.422936565903909	1.73408764671114e-05	1.76230262602382e-05	0.416883496580258	1.69445453010217e-05	1.72147259984801e-05
436000	0.422803048214135	1.89338849953559e-05	1.90674026851304e-05	0.416868783247488	1.89761040276956e-05	1.89908173604662e-05
437000	0.422599172506966	1.58643291395762e-05	1.60682048467449e-05	0.416545533226378	1.52781600945706e-05	1.56014101156801e-05
438000	0.422574157730305	1.82922401418559e-05	1.83172549185173e-05	0.416524508148273	1.8277083509246e-05	1.82981085873512e-05
439000	0.422349003630837	1.85541036899434e-05	1.87792577894115e-05	0.416288440428945	1.84952925778941e-05	1.8731360297222e-05
440000	0.421783036392806	1.60201806974584e-05	1.65861479354893e-05	0.415930338596639	1.58029426665541e-05	1.61610444988601e-05
441000	0.421539390357173	1.68738073123364e-05	1.71174533479692e-05	0.415623005150722	1.65392848095922e-05	1.68466182555096e-05
442000	0.421264291142447	1.64721354386557e-05	1.67472346533818e-05	0.415448260575868	1.61111627121506e-05	1.6285907287005e-05
443000	0.421194735286667	1.73275563624081e-05	1.7397112218188e-05	0.415350607954066	1.72366587857806e-05	1.73343114075826e-05
444000	0.421185320442455	1.68615426834417e-05	1.68709575276534e-05	0.415333551465	1.66080173942413e-05	1.66250738833066e-05
445000	0.420694481972473	1.50379338005573e-05	1.55287722705396e-05	0.41494207548763	1.45894199104957e-05	1.49808958878663e-05
446000	0.420434750485519	1.64205437811366e-05	1.66802752680909e-05	0.41480935995947	1.61334543612261e-05	1.62661698893862e-05
447000	0.420497867938867	1.48767837541164e-05	1.48136663007684e-05	0.414929262011315	1.50095837203411e-05	1.48896816684961e-05
448000	0.420109389512792	1.6275964704889e-05	1.66644431309634e-05	0.414431288524867	1.59583087055644e-05	1.64562821920122e-05
449000	0.419769040783585	1.51122815165077e-05	1.54526302457147e-05	0.414076521996116	1.48944313096344e-05	1.52491978383855e-05
450000	0.419599109178418	1.86566959385291e-05	1.88266275436967e-05	0.413962361732669	1.8531685383771e-05	1.86458456472178e-05
451000	0.419573904416111	1.42343156294858e-05	1.42595203917926e-05	0.413879506881702	1.43551676095584e-05	1.44380224605252e-05
452000	0.41934573165583	1.68558853331082e-05	1.70840580933885e-05	0.413512095752765	1.64235413324327e-05	1.67909524613696e-05
453000	0.419063856286414	1.93909482394663e-05	1.96728236088829e-05	0.413198788313772	1.86968040192518e-05	1.90101114582453e-05
454000	0.418550662838808	1.53048214134933e-05	1.58180148610995e-05	0.41270309465507	1.53037237186523e-05	1.57994173773537e-05
455000	0.418244405978215	1.71850460187453e-05	1.7491302879338e-05	0.41248781980917	1.68809001097695e-05	1.709617495567e-05
456000	0.418560394325762	1.51223507557207e-05	1.48063624081736e-05	0.412804504770751	1.51935109347293e-05	1.48768259731487e-05
457000	0.418585852402263	1.58908426918855e-05	1.58653846153846e-05	0.412843620704213	1.56276492442794e-05	1.55885333108165e-05
458000	0.417888330659461	1.86502786456135e-05	1.93478003884151e-05	0.412171831461623	1.84484927805454e-05	1.9120282023136e-05
459000	0.417644747952377	1.60893988009795e-05	1.63329815080638e-05	0.411818183737229	1.55022587182302e-05	1.58559064426243e-05
460000	0.417701321455712	1.73974499704467e-05	1.73408764671114e-05	0.412019019674069	1.7145381237862e-05	1.69445453010217e-05
461000	0.417358524022629	1.85910875622731e-05	1.89338849953559e-05	0.411798530777675	1.87556151313012e-05	1.89761040276956e-05
462000	0.417329709533057	1.58355146500042e-05	1.58643291395762e-05	0.411684771595035	1.51644009119311e-05	1.52781600945706e-05
463000	0.416778075656506	1.77406062653044e-05	1.82922401418559e-05	0.410996453601283	1.75887655154944e-05	1.8277083509246e-05
464000	0.416748838976611	1.85248670100482e-05	1.85541036899434e-05	0.410853499957781	1.83523389343917e-05	1.84952925778941e-05
465000	0.416892299248501	1.61636409693489e-05	1.60201806974584e-05	0.410938465760365	1.58879084691379e-05	1.58029426665541e-05
466000	0.416937030313265	1.69185383771004e-05	1.68738073123364e-05	0.410927172169214	1.65279912184413e-05	1.65392848095922e-05
467000	0.416681541839061	1.62166469644516e-05	1.64721354386557e-05	0.410845604998733	1.60295955416702e-05	1.61111627121506e-05
468000	0.416575635396437	1.72216499197838e-05	1.73275563624081e-05	0.410743097188212	1.71341509752597e-05	1.72366587857806e-05
469000	0.416785675082327	1.70715823693321e-05	1.68615426834417e-05	0.411043316727181	1.69082369332095e-05	1.66080173942413e-05
470000	0.416223528666723	1.44757873849532e-05	1.50379338005573e-05	0.410672929156464	1.42190323397788e-05	1.45894199104957e-05
471000	0.416244511525796	1.64415266402094e-05	1.64205437811366e-05	0.410710271890568	1.61707970953306e-05	1.61334543612261e-05
472000	0.416505256269526	1.51375284978468e-05	1.48767837541164e-05	0.410962636156379	1.52619479861522e-05	1.50095837203411e-05
473000	0.41656586169045	1.63365701258127e-05	1.6275964704889e-05	0.411052288271553	1.6047960820738e-05	1.59583087055644e-05
474000	0.416453939035717	1.50003588617749e-05	1.51122815165077e-05	0.410904986067719	1.47471291058009e-05	1.48944313096344e-05
475000	0.415941315545048	1.81440724478594e-05	1.86566959385291e-05	0.410493540488052	1.81202398041037e-05	1.8531685383771e-05
476000	0.41570353795491	1.39965380393482e-05	1.42343156294858e-05	0.410125833825889	1.39874609473951e-05	1.43551676095584e-05
477000	0.415493962678375	1.66463100565735e-05	1.68558853331082e-05	0.409765916575192	1.60636240817361e-05	1.64235413324327e-05
478000	0.415436629232458	1.93336147935489e-05	1.93909482394663e-05	0.409823228911593	1.87541163556531e-05	1.86968040192518e-05
479000	0.414907983619015	1.47761758000506e-05	1.53048214134933e-05	0.409373490669594	1.48539854766529e-05	1.53037237186523e-05
480000	0.414679853077767	1.69569154774973e-05	1.71850460187453e-05	0.409270054040361	1.6777463480537e-05	1.68809001097695e-05
481000	0.414742273917082	1.5184771595035e-05	1.51223507557207e-05	0.409541754622984	1.5465211517352e-05	1.51935109347293e-05
482000	0.414466942497678	1.56155112724816e-05	1.58908426918855e-05	0.40931630499029	1.54021996115849e-05	1.56276492442794e-05
483000	0.414150025331419	1.83333614793549e-05	1.86502786456135e-05	0.408971016634299	1.81032044245546e-05	1.84484927805454e-05
484000	0.413377860339441	1.53172338090011e-05	1.60893988009795e-05	0.408358397365532	1.48896394494638e-05	1.55022587182302e-05
485000	0.413203242421684	1.72228320526894e-05	1.73974499704467e-05	0.408103288862619	1.68902727349489e-05	1.7145381237862e-05
486000	0.412917883982099	1.83057291226885e-05	1.85910875622731e-05	0.407875094992823	1.85274212615047e-05	1.87556151313012e-05
487000	0.412540086971207	1.54577176391117e-05	1.58355146500042e-05	0.407464367136705	1.47536730558136e-05	1.51644009119311e-05
488000	0.41203257198345	1.72330912775479e-05	1.77406062653044e-05	0.406825255425146	1.69496538039348e-05	1.75887655154944e-05
489000	0.411892024824791	1.8384319851389e-05	1.85248670100482e-05	0.406675757831631	1.82028413408765e-05	1.83523389343917e-05
490000	0.411798572996707	1.60701891412649e-05	1.61636409693489e-05	0.406487904247235	1.57000548847421e-05	1.58879084691379e-05
491000	0.411693658701343	1.68136240817361e-05	1.69185383771004e-05	0.406375559402179	1.64156463733851e-05	1.65279912184413e-05
492000	0.411511990205184	1.60349784682935e-05	1.62166469644516e-05	0.406156210419657	1.58102465591489e-05	1.60295955416702e-05
493000	0.411635881955586	1.73455416701849e-05	1.72216499197838e-05	0.406174069070337	1.71520096259394e-05	1.71341509752597e-05
494000	0.411585092459681	1.70207928734274e-05	1.70715823693321e-05	0.406164970868868	1.68991387317402e-05	1.69082369332095e-05
495000	0.411730980325931	1.46216752512032e-05	1.44757873849532e-05	0.406316600523516	1.43706619944271e-05	1.42190323397788e-05
496000	0.411667841763067	1.63783880773453e-05	1.64415266402094e-05	0.406145465675927	1.59996622477413e-05	1.61707970953306e-05
497000	0.411456113315883	1.49258000506628e-05	1.51375284978468e-05	0.405910200118213	1.50266824284387e-05	1.52619479861522e-05
498000	0.411759372625179	1.66398294351094e-05	1.63365701258127e-05	0.406184940471164	1.63227011736891e-05	1.6047960820738e-05
499000	0.411495271468378	1.47362577049734e-05	1.50003588617749e-05	0.406333889217259	1.48960778518956e-05	1.47471291058009e-05
500000	0.411356539728109	1.8005340707591e-05	1.81440724478594e-05	0.40598682766191	1.77731782487546e-05	1.81202398041037e-05
