Distance from Center (cmd=annotatePeaks.pl tss mm10 -size 1000000 -hist 1000 -bedGraph /expanse/lustre/projects/csd940/ctea/homer/bwt2_bam/tags/ctrl_M1/tagdirs/tagdirs.25x50kb.PC1.bedGraph /expanse/lustre/projects/csd940/ctea/homer/bwt2_bam/tags/mut_M1/tagdirs/tagdirs.25x50kb.PC1.bedGraph)	/expanse/lustre/projects/csd940/ctea/homer/bwt2_bam/tags/ctrl_M1/tagdirs/tagdirs.25x50kb.PC1.bedGraph Coverage	/expanse/lustre/projects/csd940/ctea/homer/bwt2_bam/tags/ctrl_M1/tagdirs/tagdirs.25x50kb.PC1.bedGraph + Tags	/expanse/lustre/projects/csd940/ctea/homer/bwt2_bam/tags/ctrl_M1/tagdirs/tagdirs.25x50kb.PC1.bedGraph - Tags	/expanse/lustre/projects/csd940/ctea/homer/bwt2_bam/tags/mut_M1/tagdirs/tagdirs.25x50kb.PC1.bedGraph Coverage	/expanse/lustre/projects/csd940/ctea/homer/bwt2_bam/tags/mut_M1/tagdirs/tagdirs.25x50kb.PC1.bedGraph + Tags	/expanse/lustre/projects/csd940/ctea/homer/bwt2_bam/tags/mut_M1/tagdirs/tagdirs.25x50kb.PC1.bedGraph - Tags
-500000	0.394159355737566	1.6315608376256e-05	1.61998226800642e-05	0.391500633285485	1.65674237946467e-05	1.64324706577726e-05
-499000	0.394052583804779	1.64625306087984e-05	1.65693025415857e-05	0.391390420501562	1.59506881702271e-05	1.60609009541502e-05
-498000	0.394292261251372	1.6374123955079e-05	1.61344465084861e-05	0.391635544203327	1.61128936924765e-05	1.58677699907118e-05
-497000	0.394590792029047	1.6027590137634e-05	1.57290593599595e-05	0.391959279743308	1.6000612175969e-05	1.56768766359875e-05
-496000	0.394896246728025	1.26964029384446e-05	1.23909482394663e-05	0.392370767542008	1.27573461116271e-05	1.23458583129275e-05
-495000	0.394763362323736	1.60968504601875e-05	1.62297348644769e-05	0.392312125306088	1.61264248923415e-05	1.61850671282614e-05
-494000	0.394717048045259	1.1737080976104e-05	1.17833952545808e-05	0.392182491767289	1.12249852233387e-05	1.1354618762138e-05
-493000	0.394835767964198	1.64855399814236e-05	1.63668200624841e-05	0.392171810352107	1.66588702186946e-05	1.66695516338766e-05
-492000	0.395172274761462	1.81697205100059e-05	1.78332137127417e-05	0.392436460356329	1.80747065777252e-05	1.78100565735033e-05
-491000	0.394996770244026	1.69531790931352e-05	1.71286836105716e-05	0.392296250949928	1.67737904247235e-05	1.69139998311239e-05
-490000	0.395337562273073	1.58514945537449e-05	1.55107025246982e-05	0.392569766950941	1.55523304905851e-05	1.52788144895719e-05
-489000	0.395245398125475	1.64588997720172e-05	1.6551063919615e-05	0.392666891834839	1.69314996200287e-05	1.6834374736131e-05
-488000	0.395335725745166	1.35136367474458e-05	1.34233091277548e-05	0.39269902051845	1.35344718399055e-05	1.35023431562949e-05
-487000	0.396004369669847	1.55333741450646e-05	1.48647302203833e-05	0.393238664189817	1.53259942582116e-05	1.47863505868446e-05
-486000	0.396111247150215	1.6808768893017e-05	1.67018914126488e-05	0.393407666976273	1.715283289707e-05	1.69838301106138e-05
-485000	0.396705860001689	1.539065270624e-05	1.47960398547665e-05	0.394114540234738	1.56941864392469e-05	1.49873131807819e-05
-484000	0.396744279321118	1.62672253651946e-05	1.62288060457654e-05	0.394185172675842	1.57876804863632e-05	1.57170480452588e-05
-483000	0.397101030144389	1.7100396858904e-05	1.67436460356329e-05	0.394575403191759	1.69251034366292e-05	1.65348729207127e-05
-482000	0.397202841340876	1.671968673478e-05	1.66178755382926e-05	0.394682723971967	1.67620957527653e-05	1.66547749725576e-05
-481000	0.397422190323398	1.55154310563202e-05	1.52960820737988e-05	0.394797791944609	1.57998395676771e-05	1.5684771595035e-05
-480000	0.397700751498776	1.54791015789918e-05	1.52005404036139e-05	0.394928227645022	1.48881617833319e-05	1.47577260829182e-05
-479000	0.398274719243435	1.76060964282698e-05	1.70321286836106e-05	0.395511272481635	1.71671662585493e-05	1.65841214219371e-05
-478000	0.398299670691548	1.77756269526302e-05	1.77506755045175e-05	0.395498986743224	1.74465084860255e-05	1.74587942244364e-05
-477000	0.39861304145909	1.76034577387486e-05	1.72900869712066e-05	0.395835493540488	1.72386008612683e-05	1.69020940640041e-05
-476000	0.398882525542515	1.39400489740775e-05	1.36705648906527e-05	0.396271595035042	1.38173815756143e-05	1.33812800810605e-05
-475000	0.399012201300346	1.64452841340876e-05	1.6315608376256e-05	0.396532381997805	1.68282107574094e-05	1.65674237946467e-05
-474000	0.399320505784007	1.67708350924597e-05	1.64625306087984e-05	0.396847483745673	1.6265789918095e-05	1.59506881702271e-05
-473000	0.399079266233218	1.61328844042895e-05	1.6374123955079e-05	0.39678599172507	1.60514016718737e-05	1.61128936924765e-05
-472000	0.399324537701596	1.62728616060121e-05	1.6027590137634e-05	0.397267816431647	1.64824368825467e-05	1.6000612175969e-05
-471000	0.400217744659292	1.35896098961412e-05	1.26964029384446e-05	0.398233998986743	1.37235286667229e-05	1.27573461116271e-05
-470000	0.400114941315545	1.59940471164401e-05	1.60968504601875e-05	0.398170311576459	1.60627374820569e-05	1.61264248923415e-05
-469000	0.40018016972051	1.1802309381069e-05	1.1737080976104e-05	0.398517204255678	1.15718779025585e-05	1.12249852233387e-05
-468000	0.400223064257367	1.65284345182808e-05	1.64855399814236e-05	0.398491893945791	1.66335599088069e-05	1.66588702186946e-05
-467000	0.40036899434265	1.83156505952884e-05	1.81697205100059e-05	0.398627881448957	1.82106940808917e-05	1.80747065777252e-05
-466000	0.400403846153846	1.69880309043317e-05	1.69531790931352e-05	0.398874630583467	1.70205395592334e-05	1.67737904247235e-05
-465000	0.400848117031158	1.62957654310563e-05	1.58514945537449e-05	0.399310457654311	1.59881575614287e-05	1.55523304905851e-05
-464000	0.401052330490585	1.66631132314447e-05	1.64588997720172e-05	0.399420016043232	1.70410580089504e-05	1.69314996200287e-05
-463000	0.40127661909989	1.37379253567509e-05	1.35136367474458e-05	0.399855336485688	1.39697922823608e-05	1.35344718399055e-05
-462000	0.401699252723128	1.59560077683019e-05	1.55333741450646e-05	0.400491112893692	1.59617706662163e-05	1.53259942582116e-05
-461000	0.402042007937178	1.71515241070674e-05	1.6808768893017e-05	0.400738241999493	1.73999620028709e-05	1.715283289707e-05
-460000	0.402516782065355	1.58654268344169e-05	1.539065270624e-05	0.401272566072786	1.62285105125391e-05	1.56941864392469e-05
-459000	0.402470066706071	1.62205100059107e-05	1.62672253651946e-05	0.40134066537195	1.58557797855273e-05	1.57876804863632e-05
-458000	0.403099995778097	1.77303259309297e-05	1.7100396858904e-05	0.401870324242168	1.74547623068479e-05	1.69251034366292e-05
-457000	0.402935299332939	1.65549902896225e-05	1.671968673478e-05	0.401786730558136	1.66785020687327e-05	1.67620957527653e-05
-456000	0.403379295786541	1.59594275099215e-05	1.55154310563202e-05	0.402204508992654	1.62176180021954e-05	1.57998395676771e-05
-455000	0.403565502828675	1.56653086211264e-05	1.54791015789918e-05	0.402327197500633	1.50108502913113e-05	1.48881617833319e-05
-454000	0.403635037574939	1.76756311745335e-05	1.76060964282698e-05	0.402508570463565	1.7348539221481e-05	1.71671662585493e-05
-453000	0.403637275183653	1.77778645613443e-05	1.77756269526302e-05	0.402586675673394	1.75246136958541e-05	1.74465084860255e-05
-452000	0.403692582116018	1.76587646711138e-05	1.76034577387486e-05	0.402685827070844	1.73377522587182e-05	1.72386008612683e-05
-451000	0.404548826310901	1.47962931689606e-05	1.39400489740775e-05	0.403554969180106	1.46865236848771e-05	1.38173815756143e-05
-450000	0.405313961833995	1.72104196571814e-05	1.64452841340876e-05	0.404068817022714	1.73420586000169e-05	1.68282107574094e-05
-449000	0.405757641644854	1.72145149033185e-05	1.67708350924597e-05	0.404450814827324	1.66477877227054e-05	1.6265789918095e-05
-448000	0.40568369500971	1.60589377691463e-05	1.61328844042895e-05	0.404334585831293	1.59351726758423e-05	1.60514016718737e-05
-447000	0.406100333530355	1.66895001266572e-05	1.62728616060121e-05	0.404540846913789	1.66886979650426e-05	1.64824368825467e-05
-446000	0.407178860930507	1.46681372962932e-05	1.35896098961412e-05	0.405291902389597	1.44745841425315e-05	1.37235286667229e-05
-445000	0.407306066874947	1.61212530608798e-05	1.59940471164401e-05	0.405382968842354	1.61538039348138e-05	1.60627374820569e-05
-444000	0.407943510934729	1.24397534408511e-05	1.1802309381069e-05	0.405973676433336	1.21625854935405e-05	1.15718779025585e-05
-443000	0.408015726589547	1.6600650173098e-05	1.65284345182808e-05	0.405945558557798	1.66054420332686e-05	1.66335599088069e-05
-442000	0.40850721945453	1.88071434602719e-05	1.83156505952884e-05	0.406424427932112	1.86895634552056e-05	1.82106940808917e-05
-441000	0.409081672718061	1.75624841678629e-05	1.69880309043317e-05	0.407262982352444	1.7859093979566e-05	1.70205395592334e-05
-440000	0.409814975090771	1.70290678037659e-05	1.62957654310563e-05	0.407820653550621	1.65458287596048e-05	1.59881575614287e-05
-439000	0.410507768301951	1.73559064426243e-05	1.66631132314447e-05	0.408411572236764	1.76319766950942e-05	1.70410580089504e-05
-438000	0.410951933631681	1.41820906864815e-05	1.37379253567509e-05	0.408753757493878	1.43119775394748e-05	1.39697922823608e-05
-437000	0.41147409862366	1.64781727602803e-05	1.59560077683019e-05	0.409208245377016	1.6416258549354e-05	1.59617706662163e-05
-436000	0.411716710293	1.73941357764079e-05	1.71515241070674e-05	0.409306003546399	1.74977201722536e-05	1.73999620028709e-05
-435000	0.411949696022967	1.6098412564384e-05	1.58654268344169e-05	0.409504897407751	1.64274043738917e-05	1.62285105125391e-05
-434000	0.412391771510597	1.66625854935405e-05	1.62205100059107e-05	0.409993033859664	1.63439162374398e-05	1.58557797855273e-05
-433000	0.412430338596639	1.7768893016972e-05	1.77303259309297e-05	0.410196614033606	1.76583424807904e-05	1.74547623068479e-05
-432000	0.4123151439669	1.64397956598835e-05	1.65549902896225e-05	0.410119353204425	1.66012412395508e-05	1.66785020687327e-05
-431000	0.412539538123786	1.61838216668074e-05	1.59594275099215e-05	0.410662184412733	1.67604492105041e-05	1.62176180021954e-05
-430000	0.412885333108165	1.60111036055054e-05	1.56653086211264e-05	0.411092164147598	1.54408300261758e-05	1.50108502913113e-05
-429000	0.41335366883391	1.81439669002786e-05	1.76756311745335e-05	0.411504432998396	1.77608080722789e-05	1.7348539221481e-05
-428000	0.413747994595964	1.81721903233978e-05	1.77778645613443e-05	0.412013341214219	1.80335219116778e-05	1.75246136958541e-05
-427000	0.414134847589293	1.80456176644431e-05	1.76587646711138e-05	0.412394452419151	1.77188634636494e-05	1.73377522587182e-05
-426000	0.414658110276112	1.53195558557798e-05	1.47962931689606e-05	0.412874335050241	1.51664063159672e-05	1.46865236848771e-05
-425000	0.415586190154522	1.81384995355906e-05	1.72104196571814e-05	0.413673330237271	1.81410537870472e-05	1.73420586000169e-05
-424000	0.415745946972895	1.73742717216921e-05	1.72145149033185e-05	0.413855969771173	1.68304272566072e-05	1.66477877227054e-05
-423000	0.416029848855864	1.63428396521151e-05	1.60589377691463e-05	0.414082960398548	1.61621633032171e-05	1.59351726758423e-05
-422000	0.416116798952968	1.67764502237609e-05	1.66895001266572e-05	0.414063180781896	1.66689183483914e-05	1.66886979650426e-05
-421000	0.415901502997551	1.44528413408765e-05	1.46681372962932e-05	0.413871949674913	1.42833530355485e-05	1.44745841425315e-05
-420000	0.41619108334037	1.64108334036984e-05	1.61212530608798e-05	0.413992379464663	1.62742337245631e-05	1.61538039348138e-05
-419000	0.416142658110276	1.23913282107574e-05	1.24397534408511e-05	0.413944967491345	1.21151735202229e-05	1.21625854935405e-05
-418000	0.416306489065271	1.67644811280925e-05	1.6600650173098e-05	0.414186080385038	1.68465549269611e-05	1.66054420332686e-05
-417000	0.416399286498353	1.88999408933548e-05	1.88071434602719e-05	0.414186903656168	1.86903867263362e-05	1.86895634552056e-05
-416000	0.416751203242422	1.79144009119311e-05	1.75624841678629e-05	0.414521193954235	1.81933842776323e-05	1.7859093979566e-05
-415000	0.417477750569957	1.77556151313012e-05	1.70290678037659e-05	0.415244891497087	1.72695263024572e-05	1.65458287596048e-05
-414000	0.418408996875792	1.8287152748459e-05	1.73559064426243e-05	0.416109030651017	1.84961158490248e-05	1.76319766950942e-05
-413000	0.418694460862957	1.44675546736469e-05	1.41820906864815e-05	0.416238854175462	1.44418010639196e-05	1.43119775394748e-05
-412000	0.419167250696614	1.69509625939374e-05	1.64781727602803e-05	0.416764016718737	1.69414210926286e-05	1.6416258549354e-05
-411000	0.419715802583805	1.79426876635988e-05	1.73941357764079e-05	0.417174913450984	1.79086169045006e-05	1.74977201722536e-05
-410000	0.420006417292916	1.63890272734949e-05	1.6098412564384e-05	0.417351072363421	1.66035632863295e-05	1.64274043738917e-05
-409000	0.42042421683695	1.70803850375749e-05	1.66625854935405e-05	0.417690154521658	1.66829983956768e-05	1.63439162374398e-05
-408000	0.420076479777084	1.74211559571054e-05	1.7768893016972e-05	0.417452250274424	1.74204382335557e-05	1.76583424807904e-05
-407000	0.420704002364266	1.70673182470658e-05	1.64397956598835e-05	0.417925293422275	1.70742843874019e-05	1.66012412395508e-05
-406000	0.421553660390104	1.70334796926455e-05	1.61838216668074e-05	0.418505361817107	1.73405176053366e-05	1.67604492105041e-05
-405000	0.421643333614794	1.6100776830195e-05	1.60111036055054e-05	0.418826353119987	1.57618213290551e-05	1.54408300261758e-05
-404000	0.421873089588787	1.83737228742717e-05	1.81439669002786e-05	0.419050578400743	1.79850333530356e-05	1.77608080722789e-05
-403000	0.421904774972558	1.82038757071688e-05	1.81721903233978e-05	0.419158701342565	1.81416448535e-05	1.80335219116778e-05
-402000	0.422315101747868	1.84559444397535e-05	1.80456176644431e-05	0.419564004053027	1.81241661741113e-05	1.77188634636494e-05
-401000	0.422261314700667	1.52657688085789e-05	1.53195558557798e-05	0.419415414168707	1.50178164316474e-05	1.51664063159672e-05
-400000	0.422871865236849	1.87490500717723e-05	1.81384995355906e-05	0.419987460947395	1.87131005657351e-05	1.81410537870472e-05
-399000	0.422733830110614	1.72362365954573e-05	1.73742717216921e-05	0.41997933378367	1.68223000928819e-05	1.68304272566072e-05
-398000	0.423130815671705	1.67398252132061e-05	1.63428396521151e-05	0.420223064257367	1.64058937769147e-05	1.61621633032171e-05
-397000	0.422884446508486	1.65300810605421e-05	1.67764502237609e-05	0.420041374651693	1.64872287427172e-05	1.66689183483914e-05
-396000	0.422642130372372	1.42105252047623e-05	1.44528413408765e-05	0.419592734104534	1.38347124883897e-05	1.42833530355485e-05
-395000	0.423010512539053	1.67792155703791e-05	1.64108334036984e-05	0.419980410368994	1.66619099890231e-05	1.62742337245631e-05
-394000	0.423442033268597	1.28228489403023e-05	1.23913282107574e-05	0.42048087477835	1.26156379295786e-05	1.21151735202229e-05
-393000	0.423912859917251	1.72353077767458e-05	1.67644811280925e-05	0.420991091784176	1.73567719327873e-05	1.68465549269611e-05
-392000	0.423829181795153	1.88162627712573e-05	1.88999408933548e-05	0.421051950519294	1.8751245461454e-05	1.86903867263362e-05
-391000	0.424472072110107	1.85572912268851e-05	1.79144009119311e-05	0.421526766866503	1.86682006248416e-05	1.81933842776323e-05
-390000	0.425108439584565	1.83919826057587e-05	1.77556151313012e-05	0.422094781727603	1.78375411635565e-05	1.72695263024572e-05
-389000	0.425959448619438	1.91381617833319e-05	1.8287152748459e-05	0.422785949506037	1.91872836274593e-05	1.84961158490248e-05
-388000	0.426200498184582	1.47086042387908e-05	1.44675546736469e-05	0.423158469137887	1.48143206957696e-05	1.44418010639196e-05
-387000	0.426632736637676	1.7383201047032e-05	1.69509625939374e-05	0.423618973233134	1.74019251878747e-05	1.69414210926286e-05
-386000	0.427275331419404	1.85852824453263e-05	1.79426876635988e-05	0.424304082580427	1.85937262517943e-05	1.79086169045006e-05
-385000	0.427777400151989	1.68910960060796e-05	1.63890272734949e-05	0.424739107489656	1.70385881955585e-05	1.66035632863295e-05
-384000	0.427903191758845	1.72061766444313e-05	1.70803850375749e-05	0.424827915224183	1.67718061302035e-05	1.66829983956768e-05
-383000	0.427833213712742	1.73511779110023e-05	1.74211559571054e-05	0.424684497171325	1.72770201806975e-05	1.74204382335557e-05
-382000	0.42839037828253	1.76244828168538e-05	1.70673182470658e-05	0.425214536012835	1.76043232289116e-05	1.70742843874019e-05
-381000	0.429302921557038	1.79460229671536e-05	1.70334796926455e-05	0.426026006923921	1.81519885164232e-05	1.73405176053366e-05
-380000	0.429422570294689	1.6220425567846e-05	1.6100776830195e-05	0.425916891834839	1.5652706239973e-05	1.57618213290551e-05
-379000	0.42951289791438	1.84640504939627e-05	1.83737228742717e-05	0.425973570885755	1.80417124039517e-05	1.79850333530356e-05
-378000	0.429300472853162	1.79914506459512e-05	1.82038757071688e-05	0.425895465675927	1.80635396436714e-05	1.81416448535e-05
-377000	0.429350987925357	1.85064595119481e-05	1.84559444397535e-05	0.425872561850882	1.81012623490669e-05	1.81241661741113e-05
-376000	0.429140800472853	1.50555813560753e-05	1.52657688085789e-05	0.425739761884658	1.48850164654226e-05	1.50178164316474e-05
-375000	0.429323946635143	1.89321962340624e-05	1.87490500717723e-05	0.425976927298826	1.89502659799037e-05	1.87131005657351e-05
-374000	0.42941176222241	1.7324052182724e-05	1.72362365954573e-05	0.426095773874863	1.69411466689183e-05	1.68223000928819e-05
-373000	0.42971797686397	1.70460398547665e-05	1.67398252132061e-05	0.426476737313181	1.67868572152327e-05	1.64058937769147e-05
-372000	0.429754432998396	1.65665371949675e-05	1.65300810605421e-05	0.426538989276366	1.65494807059022e-05	1.64872287427172e-05
-371000	0.430363168116187	1.48192603225535e-05	1.42105252047623e-05	0.426966351431225	1.42620746432492e-05	1.38347124883897e-05
-370000	0.430631786709449	1.7047834163641e-05	1.67792155703791e-05	0.427410179008697	1.7105737566495e-05	1.66619099890231e-05
-369000	0.431291247994596	1.34823102254496e-05	1.28228489403023e-05	0.428020729544879	1.32261884657604e-05	1.26156379295786e-05
-368000	0.431935214894875	1.78792746770244e-05	1.72353077767458e-05	0.428579815080638	1.79158574685468e-05	1.73567719327873e-05
-367000	0.432196128514734	1.90771763911171e-05	1.88162627712573e-05	0.429033395254581	1.92048256353964e-05	1.8751245461454e-05
-366000	0.432590306510175	1.89514692223254e-05	1.85572912268851e-05	0.429311238706409	1.89460440766698e-05	1.86682006248416e-05
-365000	0.432781685383771	1.85833614793549e-05	1.83919826057587e-05	0.429693637591826	1.82199400489741e-05	1.78375411635565e-05
-364000	0.433524677024403	1.98811534239635e-05	1.91381617833319e-05	0.430372414084269	1.9866060119902e-05	1.91872836274593e-05
-363000	0.434184011652453	1.53679388668412e-05	1.47086042387908e-05	0.430981655830448	1.54235624419489e-05	1.48143206957696e-05
-362000	0.434532909735709	1.77320991302879e-05	1.7383201047032e-05	0.431194671958119	1.7614941315545e-05	1.74019251878747e-05
-361000	0.434992632778857	1.90450054884742e-05	1.85852824453263e-05	0.431580385037575	1.89794393312505e-05	1.85937262517943e-05
-360000	0.435606201975851	1.75046652030735e-05	1.68910960060796e-05	0.432095879422444	1.75540825804273e-05	1.70385881955585e-05
-359000	0.435609959469729	1.72099341383095e-05	1.72061766444313e-05	0.432050895043486	1.67268217512455e-05	1.67718061302035e-05
-358000	0.435739445241915	1.74806636831884e-05	1.73511779110023e-05	0.431981444735287	1.72075698724986e-05	1.72770201806975e-05
-357000	0.435824411044499	1.77094486194376e-05	1.76244828168538e-05	0.431999028962256	1.76219074558811e-05	1.76043232289116e-05
-356000	0.43635510428101	1.84767162036646e-05	1.79460229671536e-05	0.432625601621211	1.87785611753779e-05	1.81519885164232e-05
-355000	0.436586802330491	1.64521236173267e-05	1.6220425567846e-05	0.432830638351769	1.58577429705311e-05	1.5652706239973e-05
-354000	0.436558600016888	1.84358481803597e-05	1.84640504939627e-05	0.43304276787976	1.82538419319429e-05	1.80417124039517e-05
-353000	0.436482542430128	1.79153930591911e-05	1.79914506459512e-05	0.43282804188128	1.78488136451913e-05	1.80635396436714e-05
-352000	0.436377163725407	1.84010808072279e-05	1.85064595119481e-05	0.432897724394157	1.81709448619438e-05	1.81012623490669e-05
-351000	0.436527843451828	1.5206261082496e-05	1.50555813560753e-05	0.433133158828	1.51204508992654e-05	1.48850164654226e-05
-350000	0.436629591319767	1.90339441020012e-05	1.89321962340624e-05	0.433497867938867	1.9314975090771e-05	1.89502659799037e-05
-349000	0.437053977032846	1.77484378958034e-05	1.7324052182724e-05	0.433867390019421	1.73106687494723e-05	1.69411466689183e-05
-348000	0.43732677531031	1.731883813223e-05	1.70460398547665e-05	0.434260491429536	1.71799586253483e-05	1.67868572152327e-05
-347000	0.438202208055391	1.7441969940049e-05	1.65665371949675e-05	0.434820252469813	1.71092417461792e-05	1.65494807059022e-05
-346000	0.438243160516761	1.4860212783923e-05	1.48192603225535e-05	0.434877121506375	1.43189436798109e-05	1.42620746432492e-05
-345000	0.438577113062569	1.73817867094487e-05	1.7047834163641e-05	0.435069175884489	1.72977919446086e-05	1.7105737566495e-05
-344000	0.438563011905767	1.34682090686482e-05	1.34823102254496e-05	0.434958245377016	1.31152579582876e-05	1.32261884657604e-05
-343000	0.438667588448873	1.798385122013e-05	1.78792746770244e-05	0.435136114160263	1.80937262517943e-05	1.79158574685468e-05
-342000	0.439651186354809	2.00607742970531e-05	1.90771763911171e-05	0.435990289622562	2.00590010976948e-05	1.92048256353964e-05
-341000	0.439744194883053	1.904447775057e-05	1.89514692223254e-05	0.435991703960145	1.89474584142532e-05	1.89460440766698e-05
-340000	0.44045794984379	1.92971164400912e-05	1.85833614793549e-05	0.436775394747952	1.90036308367812e-05	1.82199400489741e-05
-339000	0.44099449041628	2.04176939964536e-05	1.98811534239635e-05	0.437233914548679	2.03245799206282e-05	1.9866060119902e-05
-338000	0.441211939542346	1.55853879929072e-05	1.53679388668412e-05	0.437543105632019	1.57327535252892e-05	1.54235624419489e-05
-337000	0.441285126234907	1.78052858228489e-05	1.77320991302879e-05	0.437783479692645	1.78553153761716e-05	1.7614941315545e-05
-336000	0.441784049649582	1.95439289031495e-05	1.90450054884742e-05	0.438290171409271	1.94861310478764e-05	1.89794393312505e-05
-335000	0.442089145486785	1.7809761040277e-05	1.75046652030735e-05	0.438589588786625	1.7853499957781e-05	1.75540825804273e-05
-334000	0.442339546567593	1.74603352191168e-05	1.72099341383095e-05	0.438790129190239	1.69273621548594e-05	1.67268217512455e-05
-333000	0.442557734526725	1.76988516423203e-05	1.74806636831884e-05	0.439000907709195	1.74183483914549e-05	1.72075698724986e-05
-332000	0.442630815671705	1.77825297644178e-05	1.77094486194376e-05	0.439036139491683	1.76571392383686e-05	1.76219074558811e-05
-331000	0.442968399054294	1.88142995862535e-05	1.84767162036646e-05	0.439257641644853	1.90000633285485e-05	1.87785611753779e-05
-330000	0.443136430803006	1.6620155366039e-05	1.64521236173267e-05	0.43954601874525	1.6146120070928e-05	1.58577429705311e-05
-329000	0.44321715359284	1.85165709701933e-05	1.84358481803597e-05	0.439751393228067	1.84592164147598e-05	1.82538419319429e-05
-328000	0.443245018154184	1.79432576205353e-05	1.79153930591911e-05	0.439668791691294	1.77662121084185e-05	1.78488136451913e-05
-327000	0.443525648062146	1.86817107151904e-05	1.84010808072279e-05	0.439953791269104	1.84559444397534e-05	1.81709448619438e-05
-326000	0.443927826564215	1.56084395845647e-05	1.5206261082496e-05	0.440341340876467	1.55080005066284e-05	1.51204508992654e-05
-325000	0.443833699231614	1.89398167693996e-05	1.90339441020012e-05	0.439984927805455	1.89585620197585e-05	1.9314975090771e-05
-324000	0.443977792788989	1.78925314531791e-05	1.77484378958034e-05	0.440235518871907	1.7561259815925e-05	1.73106687494723e-05
-323000	0.444429050916153	1.77700962593937e-05	1.731883813223e-05	0.440782360888288	1.77268006417293e-05	1.71799586253483e-05
-322000	0.445048974077514	1.80618931014101e-05	1.7441969940049e-05	0.441564785105125	1.78916659630162e-05	1.71092417461792e-05
-321000	0.445033226378451	1.48444650848603e-05	1.4860212783923e-05	0.44154701089251	1.43011694671958e-05	1.43189436798109e-05
-320000	0.44546571814574	1.78142784767373e-05	1.73817867094487e-05	0.442082770412902	1.78335514650004e-05	1.72977919446086e-05
-319000	0.445322785611754	1.33252765346618e-05	1.34682090686482e-05	0.441989593008528	1.30220805539137e-05	1.31152579582876e-05
-318000	0.445513045680993	1.81741112893692e-05	1.798385122013e-05	0.442054019251879	1.81581524951448e-05	1.80937262517943e-05
-317000	0.446364645782319	2.09123743983788e-05	2.00607742970531e-05	0.442758887106308	2.07638689521237e-05	2.00590010976948e-05
-316000	0.44712874693912	1.98085789073714e-05	1.904447775057e-05	0.443589398800979	1.97779701089251e-05	1.89474584142532e-05
-315000	0.447805053618171	1.99734231191421e-05	1.92971164400912e-05	0.444269526302457	1.96837583382589e-05	1.90036308367812e-05
-314000	0.448050092881871	2.06627332601537e-05	2.04176939964536e-05	0.444406273748206	2.04613273663767e-05	2.03245799206282e-05
-313000	0.447919403867263	1.54546989782994e-05	1.55853879929072e-05	0.44448186692561	1.58083467026936e-05	1.57327535252892e-05
-312000	0.447993793802246	1.78796757578316e-05	1.78052858228489e-05	0.44454943848687	1.79228869374314e-05	1.78553153761716e-05
-311000	0.448292535675082	1.98426707759858e-05	1.95439289031495e-05	0.444811238706409	1.97479312674153e-05	1.94861310478764e-05
-310000	0.448388246221397	1.79054715865912e-05	1.7809761040277e-05	0.444933188381322	1.79754496326944e-05	1.7853499957781e-05
-309000	0.448800958372034	1.78730473697543e-05	1.74603352191168e-05	0.445360402769569	1.73545765431056e-05	1.69273621548594e-05
-308000	0.449018470826649	1.79163640969349e-05	1.76988516423203e-05	0.445583129274677	1.76410748965634e-05	1.74183483914549e-05
-307000	0.449046926454446	1.78109853922148e-05	1.77825297644178e-05	0.445648843198514	1.77228531622055e-05	1.76571392383686e-05
-306000	0.449575466520307	1.93428396521152e-05	1.88142995862535e-05	0.446061829772862	1.94130499028962e-05	1.90000633285485e-05
-305000	0.450171134847589	1.72158236933209e-05	1.6620155366039e-05	0.446566030566579	1.66503208646458e-05	1.6146120070928e-05
-304000	0.450490416279659	1.8835852402263e-05	1.85165709701933e-05	0.446757071687917	1.86502575360973e-05	1.84592164147598e-05
-303000	0.450949358270708	1.84021996115849e-05	1.79432576205353e-05	0.447103141096006	1.81122815165076e-05	1.77662121084185e-05
-302000	0.451243118297729	1.89754707422106e-05	1.86817107151904e-05	0.447301760533649	1.8654563877396e-05	1.84559444397534e-05
-301000	0.451769104112134	1.61344253989698e-05	1.56084395845647e-05	0.447753630836781	1.5959870809761e-05	1.55080005066284e-05
-300000	0.45178499957781	1.89557122350756e-05	1.89398167693996e-05	0.44769262433505	1.88975555180276e-05	1.89585620197585e-05
-299000	0.451893418052858	1.80009499282276e-05	1.78925314531791e-05	0.447880689014608	1.77493244954826e-05	1.7561259815925e-05
-298000	0.452244194883053	1.81208730895888e-05	1.77700962593937e-05	0.448238938613527	1.80850502406485e-05	1.77268006417293e-05
-297000	0.453152811787554	1.89705100059107e-05	1.80618931014101e-05	0.448913239888542	1.85659672380309e-05	1.78916659630162e-05
-296000	0.453432090686481	1.51237439837879e-05	1.48444650848603e-05	0.449316283880773	1.47042134594276e-05	1.43011694671958e-05
-295000	0.454139555011399	1.8521742801655e-05	1.78142784767373e-05	0.450178924259056	1.8696191843283e-05	1.78335514650004e-05
-294000	0.454470573334459	1.36562948577218e-05	1.33252765346618e-05	0.450405788229334	1.32489445241915e-05	1.30220805539137e-05
-293000	0.454845647217766	1.85491851726758e-05	1.81741112893692e-05	0.450688043570041	1.84404078358524e-05	1.81581524951448e-05
-292000	0.455285485096682	2.13522122772946e-05	2.09123743983788e-05	0.451180127501478	2.12559528835599e-05	2.07638689521237e-05
-291000	0.455872308536688	2.03954023473782e-05	1.98085789073714e-05	0.451740775141434	2.03386177488812e-05	1.97779701089251e-05
-290000	0.456863442539897	2.09645571223508e-05	1.99734231191421e-05	0.45253609727265	2.04790804694757e-05	1.96837583382589e-05
-289000	0.456781009879254	2.05803005995103e-05	2.06627332601537e-05	0.452514692223254	2.04399223169805e-05	2.04613273663767e-05
-288000	0.456989466351431	1.56631554504771e-05	1.54546989782994e-05	0.4526281980917	1.59218525711391e-05	1.58083467026936e-05
-287000	0.457410516760956	1.83007261673562e-05	1.78796757578316e-05	0.452982014692223	1.82767035379549e-05	1.79228869374314e-05
-286000	0.457745567001604	2.01777210166343e-05	1.98426707759858e-05	0.453319302541586	2.00852191167778e-05	1.97479312674153e-05
-285000	0.457621274170396	1.77811787553829e-05	1.79054715865912e-05	0.453056573503335	1.7712720594444e-05	1.79754496326944e-05
-284000	0.457920775985814	1.81725491851727e-05	1.78730473697543e-05	0.453319429198683	1.76174322384531e-05	1.73545765431056e-05
-283000	0.458158870218695	1.81544583298151e-05	1.79163640969349e-05	0.453614476906189	1.79361226040699e-05	1.76410748965634e-05
-282000	0.458853415519716	1.85055306932366e-05	1.78109853922148e-05	0.45423539221481	1.83437684708267e-05	1.77228531622055e-05
-281000	0.459369353204425	1.98587773368235e-05	1.93428396521152e-05	0.454779194460863	1.99568521489487e-05	1.94130499028962e-05
-280000	0.459903993920459	1.77504644093557e-05	1.72158236933209e-05	0.455189584564722	1.70607109685046e-05	1.66503208646458e-05
-279000	0.46021996115849	1.91518196402939e-05	1.8835852402263e-05	0.455251519885164	1.87121928565398e-05	1.86502575360973e-05
-278000	0.460608608460694	1.87908469137887e-05	1.84021996115849e-05	0.455691948830533	1.85527104618762e-05	1.81122815165076e-05
-277000	0.460926243350502	1.92931056320189e-05	1.89754707422106e-05	0.455920037152748	1.88826521996116e-05	1.8654563877396e-05
-276000	0.460953791269104	1.61619733175715e-05	1.61344253989698e-05	0.456135565312843	1.61753989698557e-05	1.5959870809761e-05
-275000	0.461462150637507	1.94640716034789e-05	1.89557122350756e-05	0.456575128768049	1.93371189732331e-05	1.88975555180276e-05
-274000	0.462085789073714	1.86245883644347e-05	1.80009499282276e-05	0.45702535252892	1.8199548256354e-05	1.77493244954826e-05
-273000	0.462188613526978	1.82236975428523e-05	1.81208730895888e-05	0.457035020687326	1.80947183990543e-05	1.80850502406485e-05
-272000	0.462812273072701	1.95941695516339e-05	1.89705100059107e-05	0.457576163134341	1.9107109685046e-05	1.85659672380309e-05
-271000	0.463737165414169	1.60486363252555e-05	1.51237439837879e-05	0.458553470404458	1.56815207295449e-05	1.47042134594276e-05
-270000	0.464713564975091	1.94981423625771e-05	1.8521742801655e-05	0.45940751920966	1.95502406484843e-05	1.8696191843283e-05
-269000	0.465293738917504	1.42364688001351e-05	1.36562948577218e-05	0.460052731571392	1.38941568859241e-05	1.32489445241915e-05
-268000	0.46546842016381	1.87238664189817e-05	1.85491851726758e-05	0.460338174449042	1.87258507135016e-05	1.84404078358524e-05
-267000	0.465602317824875	2.14861099383602e-05	2.13522122772946e-05	0.460538503757494	2.14562821920122e-05	2.12559528835599e-05
-266000	0.465851473444229	2.06445579667314e-05	2.03954023473782e-05	0.460612281516508	2.0412395507895e-05	2.03386177488812e-05
-265000	0.466207358777337	2.13204424554589e-05	2.09645571223508e-05	0.460928945368572	2.07957443215402e-05	2.04790804694757e-05
-264000	0.466123575107659	2.04965169298319e-05	2.05803005995103e-05	0.460836274592586	2.03472515409947e-05	2.04399223169805e-05
-263000	0.466594845056151	1.61344253989699e-05	1.56631554504771e-05	0.461213438317994	1.62990162965465e-05	1.59218525711391e-05
-262000	0.467166638520645	1.887251963185e-05	1.83007261673562e-05	0.461679072025669	1.87423372456303e-05	1.82767035379549e-05
-261000	0.467383243266064	2.03943257620535e-05	2.01777210166343e-05	0.461803575952039	2.02097230431478e-05	2.00852191167778e-05
-260000	0.46742962087309	1.78275563624082e-05	1.77811787553829e-05	0.461877797010892	1.77869416532973e-05	1.7712720594444e-05
-259000	0.467703601283459	1.84465295955416e-05	1.81725491851727e-05	0.462060647639956	1.78002828675167e-05	1.76174322384531e-05
-258000	0.46783768893017	1.82885459765262e-05	1.81544583298151e-05	0.462281980916997	1.81574558811112e-05	1.79361226040699e-05
-257000	0.46872492189479	1.9392763657857e-05	1.85055306932366e-05	0.463051950519294	1.91137380731233e-05	1.83437684708267e-05
-256000	0.468954572321202	2.00884277632356e-05	1.98587773368235e-05	0.463233027948999	2.0137929578654e-05	1.99568521489487e-05
-255000	0.469578886261927	1.83747783500802e-05	1.77504644093557e-05	0.463916870725323	1.77445537448281e-05	1.70607109685046e-05
-254000	0.470089905429368	1.96628388077346e-05	1.91518196402939e-05	0.464479798193025	1.92751203242421e-05	1.87121928565398e-05
-253000	0.470927024402601	1.96279658870218e-05	1.87908469137887e-05	0.465166807396774	1.92397196656253e-05	1.85527104618762e-05
-252000	0.471274128176982	1.96402094064004e-05	1.92931056320189e-05	0.465545786540572	1.92616313434096e-05	1.88826521996116e-05
-251000	0.471577936333699	1.64657814742886e-05	1.61619733175715e-05	0.465793696698472	1.64233091277548e-05	1.61753989698557e-05
-250000	0.471921915899688	1.98080511694672e-05	1.94640716034789e-05	0.466229755973993	1.97731782487545e-05	1.93371189732331e-05
-249000	0.47257236342143	1.92750358861775e-05	1.86245883644347e-05	0.46691032677531	1.88801190576712e-05	1.8199548256354e-05
-248000	0.472620999746686	1.82723338681077e-05	1.82236975428523e-05	0.466932090686481	1.81164823102254e-05	1.80947183990543e-05
-247000	0.472922760280334	1.98959300852824e-05	1.95941695516339e-05	0.467317655999325	1.9492674997889e-05	1.9107109685046e-05
-246000	0.473747889048383	1.68737650933041e-05	1.60486363252555e-05	0.468292282360888	1.66561470911087e-05	1.56815207295449e-05
-245000	0.47440184074981	2.01520940640041e-05	1.94981423625771e-05	0.46876659207971	2.00245503673056e-05	1.95502406484843e-05
-244000	0.475422105885333	1.52567339356583e-05	1.42364688001351e-05	0.469717238030904	1.4844802837119e-05	1.38941568859241e-05
-243000	0.475648674322385	1.89504348560331e-05	1.87238664189817e-05	0.469991366207887	1.89999788904838e-05	1.87258507135016e-05
-242000	0.475706683272819	2.15441188887951e-05	2.14861099383602e-05	0.470004432998396	2.14693489825213e-05	2.14562821920122e-05
-241000	0.475440428945369	2.03783036392805e-05	2.06445579667314e-05	0.470183103943258	2.0591066452757e-05	2.0412395507895e-05
-240000	0.475376741535084	2.12567550451743e-05	2.13204424554589e-05	0.470214810436545	2.08274508148274e-05	2.07957443215402e-05
-239000	0.475633412142194	2.07531875369416e-05	2.04965169298319e-05	0.470497213543866	2.06296546483155e-05	2.03472515409947e-05
-238000	0.476265979903741	1.67669931605168e-05	1.61344253989699e-05	0.471034218525711	1.68360212783923e-05	1.62990162965465e-05
-237000	0.476674913450984	1.92814531790931e-05	1.887251963185e-05	0.471372540741366	1.90806594612852e-05	1.87423372456303e-05
-236000	0.476881512285738	2.06009245968082e-05	2.03943257620535e-05	0.471408954656759	2.02461369585409e-05	2.02097230431478e-05
-235000	0.47697464747108	1.79206915477497e-05	1.78275563624082e-05	0.471677889892764	1.80558768893018e-05	1.77869416532973e-05
-234000	0.477212931689606	1.86848138140674e-05	1.84465295955416e-05	0.471793823355569	1.79162163303217e-05	1.78002828675167e-05
-233000	0.477604639871654	1.86802541585747e-05	1.82885459765262e-05	0.471987608714008	1.83512412395508e-05	1.81574558811112e-05
-232000	0.477982394663514	1.97705184497171e-05	1.9392763657857e-05	0.472433631681162	1.9559761040277e-05	1.91137380731233e-05
-231000	0.478321666807397	2.04276999071181e-05	2.00884277632356e-05	0.472536857215233	2.02411551127248e-05	2.0137929578654e-05
-230000	0.479102106729714	1.91552182723972e-05	1.83747783500802e-05	0.473356603056658	1.85642995862534e-05	1.77445537448281e-05
-229000	0.479239213037237	1.9799945115258e-05	1.96628388077346e-05	0.473534851811196	1.94533690787807e-05	1.92751203242421e-05
-228000	0.479725534070759	2.01142869205439e-05	1.96279658870218e-05	0.473975956261083	1.96808241155113e-05	1.92397196656253e-05
-227000	0.480145465675927	2.0060141011568e-05	1.96402094064004e-05	0.474487038757072	1.97727138393988e-05	1.92616313434096e-05
-226000	0.480892151481888	1.72124672802499e-05	1.64657814742886e-05	0.474976927298826	1.69131976695094e-05	1.64233091277548e-05
-225000	0.480979397112218	1.98952967997974e-05	1.98080511694672e-05	0.4752202355822	2.00164865321287e-05	1.97731782487545e-05
-224000	0.481493920459343	1.97895592333024e-05	1.92750358861775e-05	0.475664400911931	1.93242843874018e-05	1.88801190576712e-05
-223000	0.48186160601199	1.86400194207549e-05	1.82723338681077e-05	0.475894811280925	1.83468926792198e-05	1.81164823102254e-05
-222000	0.482371400827493	2.04057249007853e-05	1.98959300852824e-05	0.476326395339019	1.99242590559824e-05	1.9492674997889e-05
-221000	0.482743857130795	1.72462213966056e-05	1.68737650933041e-05	0.476758148273242	1.70879000253314e-05	1.66561470911087e-05
-220000	0.483015979903741	2.04242168369501e-05	2.01520940640041e-05	0.476839398800979	2.01058008950435e-05	2.00245503673056e-05
-219000	0.48392592670776	1.61666807396775e-05	1.52567339356583e-05	0.477665181964029	1.56705860001689e-05	1.4844802837119e-05
-218000	0.48463822511188	1.96627332601537e-05	1.89504348560331e-05	0.478128768048636	1.94635649750907e-05	1.89999788904838e-05
-217000	0.484926517774213	2.18324115511272e-05	2.15441188887951e-05	0.478321413493203	2.16619944270878e-05	2.14693489825213e-05
-216000	0.485583783669678	2.10355695347463e-05	2.03783036392805e-05	0.478718082411551	2.09877353711053e-05	2.0591066452757e-05
-215000	0.485293865574601	2.09668369500971e-05	2.12567550451743e-05	0.478449316051676	2.05586844549523e-05	2.08274508148274e-05
-214000	0.485832875960483	2.12921979228236e-05	2.07531875369416e-05	0.478821624588364	2.10019631850038e-05	2.06296546483155e-05
-213000	0.486244912606603	1.71790298066368e-05	1.67669931605168e-05	0.479201659207971	1.72160558979988e-05	1.68360212783923e-05
-212000	0.486747910157899	1.97844507303893e-05	1.92814531790931e-05	0.479637549607363	1.95165498606772e-05	1.90806594612852e-05
-211000	0.486985898843199	2.08389132821076e-05	2.06009245968082e-05	0.479842945199696	2.04515325508739e-05	2.02461369585409e-05
-210000	0.487421134847589	1.83559275521405e-05	1.79206915477497e-05	0.480225956261082	1.84388879506882e-05	1.80558768893018e-05
-209000	0.487610444988601	1.88741239550789e-05	1.86848138140674e-05	0.480547306425737	1.82375664949759e-05	1.79162163303217e-05
-208000	0.488196086295702	1.92658954656759e-05	1.86802541585747e-05	0.48115057417884	1.89545089926539e-05	1.83512412395508e-05
-207000	0.488492970531115	2.00674026851305e-05	1.97705184497171e-05	0.48142151481888	1.98307016803175e-05	1.9559761040277e-05
-206000	0.4890432111796	2.09779405556025e-05	2.04276999071181e-05	0.482166532973064	2.09861732669087e-05	2.02411551127248e-05
-205000	0.489394515747699	1.95065228404965e-05	1.91552182723972e-05	0.482463670522672	1.88614371358609e-05	1.85642995862534e-05
-204000	0.489848729207127	2.02541585746855e-05	1.9799945115258e-05	0.482883960989614	1.98736595457232e-05	1.94533690787807e-05
-203000	0.490135396436714	2.04009541501308e-05	2.01142869205439e-05	0.483073608882884	1.98704720087817e-05	1.96808241155113e-05
-202000	0.490797074221059	2.07218187959132e-05	2.0060141011568e-05	0.483806573503335	2.05056784598497e-05	1.97727138393988e-05
-201000	0.491511779110023	1.79271721692139e-05	1.72124672802499e-05	0.484559571054631	1.76661952208056e-05	1.69131976695094e-05
-200000	0.492142805876889	2.05263235666638e-05	1.98952967997974e-05	0.485083931436291	2.05408469137887e-05	2.00164865321287e-05
-199000	0.492543907793633	2.01906611500464e-05	1.97895592333024e-05	0.485411361141603	1.9651714092713e-05	1.93242843874018e-05
-198000	0.493161952208055	1.92580638351769e-05	1.86400194207549e-05	0.485961833994765	1.8897365532382e-05	1.83468926792198e-05
-197000	0.493803575952039	2.10473486447691e-05	2.04057249007853e-05	0.4866749345605	2.06373596217175e-05	1.99242590559824e-05
-196000	0.494163936502575	1.76065819471418e-05	1.72462213966056e-05	0.486857173013595	1.7270138478426e-05	1.70879000253314e-05
-195000	0.494505002955332	2.0765283289707e-05	2.04242168369501e-05	0.487063708519801	2.03123364012497e-05	2.01058008950435e-05
-194000	0.495071392383687	1.67330701680317e-05	1.61666807396775e-05	0.487661720003378	1.62685974837456e-05	1.56705860001689e-05
-193000	0.496099193616482	2.06905344929494e-05	1.96627332601537e-05	0.488524613695854	2.03264586675674e-05	1.94635649750907e-05
-192000	0.496696149624251	2.24293675588955e-05	2.18324115511272e-05	0.489061492020603	2.21988727518365e-05	2.16619944270878e-05
-191000	0.497090285400659	2.14297053111543e-05	2.10355695347463e-05	0.489366714514903	2.12929578654057e-05	2.09877353711053e-05
-190000	0.496994595963861	2.0871147513299e-05	2.09668369500971e-05	0.489327704129021	2.05196740690703e-05	2.05586844549523e-05
-189000	0.497621823017816	2.19194249767796e-05	2.12921979228236e-05	0.489852993329393	2.15272523853753e-05	2.10019631850038e-05
-188000	0.4983385122013	1.78957189901207e-05	1.71790298066368e-05	0.490417504010808	1.7780566579414e-05	1.72160558979988e-05
-187000	0.499203875707169	2.06498142362578e-05	1.97844507303893e-05	0.491163007683864	2.02620535337331e-05	1.95165498606772e-05
-186000	0.499538778181204	2.11738157561428e-05	2.08389132821076e-05	0.49160157899181	2.08901038588195e-05	2.04515325508739e-05
-185000	0.500087456725492	1.89046060964283e-05	1.83559275521405e-05	0.491917778434518	1.87550873933969e-05	1.84388879506882e-05
-184000	0.500234906695939	1.90215739255257e-05	1.88741239550789e-05	0.492014375580512	1.83341636409693e-05	1.82375664949759e-05
-183000	0.501031600945706	2.00625897154437e-05	1.92658954656759e-05	0.492754559655493	1.96946930676349e-05	1.89545089926539e-05
-182000	0.50181784598497	2.08536477243941e-05	2.00674026851305e-05	0.493317698218357	2.03938402431816e-05	1.98307016803175e-05
-181000	0.502776766866503	2.19368614371359e-05	2.09779405556025e-05	0.494274972557629	2.19434476061809e-05	2.09861732669087e-05
-180000	0.503084332517099	1.98140884910917e-05	1.95065228404965e-05	0.494577873005151	1.91643375833826e-05	1.88614371358609e-05
-179000	0.503762264628895	2.09320906864815e-05	2.02541585746855e-05	0.49513090010977	2.04266866503419e-05	1.98736595457232e-05
-178000	0.504187959131977	2.08266486532129e-05	2.04009541501308e-05	0.495466773621549	2.02063455205607e-05	1.98704720087817e-05
-177000	0.504158659123533	2.06925187874694e-05	2.07218187959132e-05	0.495408870218695	2.04477750569957e-05	2.05056784598497e-05
-176000	0.504830385037575	1.8598898083256e-05	1.79271721692139e-05	0.495988305328042	1.82456303301528e-05	1.76661952208056e-05
-175000	0.505957485434434	2.16534239635227e-05	2.05263235666638e-05	0.497009077091953	2.15616186776999e-05	2.05408469137887e-05
-174000	0.506419720510006	2.06528962256185e-05	2.01906611500464e-05	0.497513341214219	2.01559782149793e-05	1.9651714092713e-05
-173000	0.50720199696023	2.00403402854007e-05	1.92580638351769e-05	0.498285801739424	1.96698260575867e-05	1.8897365532382e-05
-172000	0.507927889892764	2.17732415773031e-05	2.10473486447691e-05	0.498741450645951	2.10930085282446e-05	2.06373596217175e-05
-171000	0.508277294604408	1.79559866587858e-05	1.76065819471418e-05	0.499184053871485	1.77127417039602e-05	1.7270138478426e-05
-170000	0.508790825804273	2.12788144895719e-05	2.0765283289707e-05	0.49977860339441	2.09068859241746e-05	2.03123364012497e-05
-169000	0.509428755382927	1.73709997466858e-05	1.67330701680317e-05	0.500248543443384	1.67385375327197e-05	1.62685974837456e-05
-168000	0.510422823608883	2.16846027189057e-05	2.06905344929494e-05	0.501064510681415	2.11424259055982e-05	2.03264586675674e-05
-167000	0.510876783754116	2.2883327704129e-05	2.24293675588955e-05	0.501464029384447	2.25983914548679e-05	2.21988727518365e-05
-166000	0.511290403613949	2.18433251709871e-05	2.14297053111543e-05	0.501837330068395	2.1666258549354e-05	2.12929578654057e-05
-165000	0.511595351684539	2.11760955838892e-05	2.0871147513299e-05	0.502070991302879	2.07533353035548e-05	2.05196740690703e-05
-164000	0.512281833150384	2.26059064426243e-05	2.19194249767796e-05	0.502704698978299	2.21609600607954e-05	2.15272523853753e-05
-163000	0.513294287764924	1.8908173604661e-05	1.78957189901207e-05	0.503488157561429	1.85640251625433e-05	1.7780566579414e-05
-162000	0.513897724394157	2.12532508654902e-05	2.06498142362578e-05	0.504016022122773	2.07899180950773e-05	2.02620535337331e-05
-161000	0.514654416110783	2.19305074727687e-05	2.11738157561428e-05	0.504736194376425	2.16102761124715e-05	2.08901038588195e-05
-160000	0.515476779532213	1.97269695178586e-05	1.89046060964283e-05	0.505330427256607	1.93493202735793e-05	1.87550873933969e-05
-159000	0.516112070421346	1.96568648146585e-05	1.90215739255257e-05	0.505901967406907	1.89057037912691e-05	1.83341636409693e-05
-158000	0.5166218019083	2.05723212023981e-05	2.00625897154437e-05	0.506410200118213	2.02029257789411e-05	1.96946930676349e-05
-157000	0.517448936080385	2.16807818964789e-05	2.08536477243941e-05	0.507271552816009	2.12551929409778e-05	2.03938402431816e-05
-156000	0.518136536350587	2.26244617073377e-05	2.19368614371359e-05	0.50784942582116	2.25213206113316e-05	2.19434476061809e-05
-155000	0.518821202398041	2.0498754538546e-05	1.98140884910917e-05	0.508439500126657	1.97544118888795e-05	1.91643375833826e-05
-154000	0.519202376931521	2.13132652199612e-05	2.09320906864815e-05	0.50879546989783	2.07826564215149e-05	2.04266866503419e-05
-153000	0.519641243772693	2.12655154943848e-05	2.08266486532129e-05	0.509379612429283	2.07904880520139e-05	2.02063455205607e-05
-152000	0.519713037237187	2.07643122519632e-05	2.06925187874694e-05	0.509394600185764	2.04627628134763e-05	2.04477750569957e-05
-151000	0.520199231613611	1.90850924596808e-05	1.8598898083256e-05	0.510015008865997	1.88660390103859e-05	1.82456303301528e-05
-150000	0.520886177488812	2.23403698387233e-05	2.16534239635227e-05	0.510540445832982	2.20870556446846e-05	2.15616186776999e-05
-149000	0.521363611416026	2.11303301528329e-05	2.06528962256185e-05	0.510946107405218	2.0561639787216e-05	2.01559782149793e-05
-148000	0.522771637254074	2.14483661234485e-05	2.00403402854007e-05	0.512246221396606	2.0969940048974e-05	1.96698260575867e-05
-147000	0.523068985898843	2.20705902220721e-05	2.17732415773031e-05	0.512455775563624	2.1302562695263e-05	2.10930085282446e-05
-146000	0.523273262686819	1.81602634467617e-05	1.79559866587858e-05	0.512783374145065	1.80403402854006e-05	1.77127417039602e-05
-145000	0.523652178502069	2.16577303048215e-05	2.12788144895719e-05	0.513199506037322	2.13230178164317e-05	2.09068859241746e-05
-144000	0.524596702693574	1.83155239381913e-05	1.73709997466858e-05	0.513802161614456	1.73411931098539e-05	1.67385375327197e-05
-143000	0.525231676939965	2.2319576965296e-05	2.16846027189057e-05	0.514447690618931	2.17879549100735e-05	2.11424259055982e-05
-142000	0.525672105885333	2.33237566494976e-05	2.2883327704129e-05	0.514804082580427	2.2954783416364e-05	2.25983914548679e-05
-141000	0.526080385037575	2.2251604323229e-05	2.18433251709871e-05	0.515275584733598	2.21377607025246e-05	2.1666258549354e-05
-140000	0.526686861437136	2.17825719834501e-05	2.11760955838892e-05	0.515889702778012	2.13674533479693e-05	2.07533353035548e-05
-139000	0.527442033268598	2.33610782740859e-05	2.26059064426243e-05	0.516711179599764	2.29824368825466e-05	2.21609600607954e-05
-138000	0.528285865067973	1.97520054040361e-05	1.8908173604661e-05	0.517528455627797	1.93813011905767e-05	1.85640251625433e-05
-137000	0.528878768048636	2.18461538461539e-05	2.12532508654902e-05	0.518123722874272	2.13851853415519e-05	2.07899180950773e-05
-136000	0.529823862197078	2.28756016212108e-05	2.19305074727687e-05	0.518929430887444	2.24159841256438e-05	2.16102761124715e-05
-135000	0.530438402431816	2.03415097525965e-05	1.97269695178586e-05	0.519426454445664	1.98463438317994e-05	1.93493202735793e-05
-134000	0.531223613104788	2.04420754876298e-05	1.96568648146585e-05	0.520149962002871	1.96292113484759e-05	1.89057037912691e-05
-133000	0.531458540910242	2.08072490078527e-05	2.05723212023981e-05	0.520365257958288	2.04182217343579e-05	2.02029257789411e-05
-132000	0.532681541839061	2.29037828252976e-05	2.16807818964789e-05	0.52143071856793	2.23206535506206e-05	2.12551929409778e-05
-131000	0.532949126066031	2.28920459343072e-05	2.26244617073377e-05	0.521695980748121	2.27865827915225e-05	2.25213206113316e-05
-130000	0.533480452588027	2.10300810605421e-05	2.0498754538546e-05	0.522118952123617	2.01773832643756e-05	1.97544118888795e-05
-129000	0.534175166765178	2.20079793971122e-05	2.13132652199612e-05	0.52288894283543	2.15526471333277e-05	2.07826564215149e-05
-128000	0.534471333277041	2.15616820062484e-05	2.12655154943848e-05	0.523245398125475	2.11469433420586e-05	2.07904880520139e-05
-127000	0.534789094823947	2.10820737988686e-05	2.07643122519632e-05	0.523462213966056	2.06795786540572e-05	2.04627628134763e-05
-126000	0.535207738748628	1.95037363843621e-05	1.90850924596808e-05	0.523845372794056	1.92491978383856e-05	1.88660390103859e-05
-125000	0.535674005741788	2.28066368318838e-05	2.23403698387233e-05	0.524149180950773	2.23908638014017e-05	2.20870556446846e-05
-124000	0.536298952967998	2.17552773790424e-05	2.11303301528329e-05	0.524641032677531	2.10534915139746e-05	2.0561639787216e-05
-123000	0.537658616904501	2.2808030059951e-05	2.14483661234485e-05	0.525944165329731	2.22730727011737e-05	2.0969940048974e-05
-122000	0.538299670691548	2.27116440091193e-05	2.20705902220721e-05	0.526481676939965	2.18400743054969e-05	2.1302562695263e-05
-121000	0.538579688423541	1.84402811787554e-05	1.81602634467617e-05	0.526507050578401	1.80657139238369e-05	1.80403402854006e-05
-120000	0.539066516085451	2.21445579667314e-05	2.16577303048215e-05	0.526944397534408	2.17603647724394e-05	2.13230178164317e-05
-119000	0.539587857806299	1.88368656590391e-05	1.83155239381913e-05	0.527751773199358	1.81485687748037e-05	1.73411931098539e-05
-118000	0.540155830448366	2.2887549607363e-05	2.2319576965296e-05	0.528327113062569	2.23632947732838e-05	2.17879549100735e-05
-117000	0.540295111036055	2.34630372371865e-05	2.33237566494976e-05	0.528574432154015	2.32021025078105e-05	2.2954783416364e-05
-116000	0.54109193194292	2.30484252300938e-05	2.2251604323229e-05	0.529100270201807	2.26635987503167e-05	2.21377607025246e-05
-115000	0.5421267626446	2.28174026851304e-05	2.17825719834501e-05	0.530045448788314	2.23126319344761e-05	2.13674533479693e-05
-114000	0.542737840918686	2.39721565481719e-05	2.33610782740859e-05	0.530669868276619	2.3606856370852e-05	2.29824368825466e-05
-113000	0.543636979650426	2.06511441357764e-05	1.97520054040361e-05	0.531392045934307	2.01034788482648e-05	1.93813011905767e-05
-112000	0.544568310394326	2.27774845900532e-05	2.18461538461539e-05	0.532317634889808	2.23107742970531e-05	2.13851853415519e-05
-111000	0.545203643502491	2.3510934729376e-05	2.28756016212108e-05	0.532837055644685	2.29354048805201e-05	2.24159841256438e-05
-110000	0.545741725069661	2.08795913197669e-05	2.03415097525965e-05	0.533202039179262	2.02113273663767e-05	1.98463438317994e-05
-109000	0.546370345351684	2.1070695769653e-05	2.04420754876298e-05	0.533724330828337	2.01515029975513e-05	1.96292113484759e-05
-108000	0.546899666469644	2.13365701258127e-05	2.08072490078527e-05	0.534180908553576	2.08747994595964e-05	2.04182217343579e-05
-107000	0.547961939542346	2.39660558979988e-05	2.29037828252976e-05	0.535037954910073	2.31776999071182e-05	2.23206535506206e-05
-106000	0.548283859663937	2.3213966055898e-05	2.28920459343072e-05	0.535305412479946	2.30540403613949e-05	2.27865827915225e-05
-105000	0.548880161276704	2.16263826733092e-05	2.10300810605421e-05	0.535966119226547	2.08380900109769e-05	2.01773832643756e-05
-104000	0.549303385966394	2.24312040868023e-05	2.20079793971122e-05	0.536398948746095	2.19854766528751e-05	2.15526471333277e-05
-103000	0.549573376678206	2.18316727180613e-05	2.15616820062484e-05	0.536741556193532	2.14895507894959e-05	2.11469433420586e-05
-102000	0.550122582960399	2.16312800810605e-05	2.10820737988686e-05	0.537286836105716	2.12248585662417e-05	2.06795786540572e-05
-101000	0.550899286498354	2.0280439922317e-05	1.95037363843621e-05	0.537800937262518	1.97632989951871e-05	1.92491978383856e-05
-100000	0.551400553069324	2.3307903402854e-05	2.28066368318838e-05	0.538350671282614	2.2940597821498e-05	2.23908638014017e-05
-99000	0.55190382504433	2.22585493540488e-05	2.17552773790424e-05	0.538806911255594	2.15097314869544e-05	2.10534915139746e-05
-98000	0.552601663429874	2.35058684454952e-05	2.2808030059951e-05	0.539321497931267	2.27876593768471e-05	2.22730727011737e-05
-97000	0.553415139744997	2.35251203242422e-05	2.27116440091193e-05	0.54004205015621	2.25606265304399e-05	2.18400743054969e-05
-96000	0.554104449886009	1.91295913197669e-05	1.84402811787554e-05	0.540463332770413	1.84869965380394e-05	1.80657139238369e-05
-95000	0.554555201384784	2.2595309465507e-05	2.21445579667314e-05	0.540883792113485	2.21808241155113e-05	2.17603647724394e-05
-94000	0.555326268681922	1.96079329561766e-05	1.88368656590391e-05	0.541596702693574	1.88614793548931e-05	1.81485687748037e-05
-93000	0.556313011905767	2.38742928312083e-05	2.2887549607363e-05	0.542424617917757	2.31912099974669e-05	2.23632947732838e-05
-92000	0.556892995862535	2.40430211939543e-05	2.34630372371865e-05	0.542657920290467	2.34354048805201e-05	2.32021025078105e-05
-91000	0.557499852233387	2.36552816009457e-05	2.30484252300938e-05	0.543060542092375	2.3066220552225e-05	2.26635987503167e-05
-90000	0.558366418981677	2.36839694334206e-05	2.28174026851304e-05	0.543814679557545	2.30667693996454e-05	2.23126319344761e-05
-89000	0.55897409862366	2.45798361901546e-05	2.39721565481719e-05	0.544190513383433	2.39826901967407e-05	2.3606856370852e-05
-88000	0.559565291733513	2.12423372456304e-05	2.06511441357764e-05	0.544768660812294	2.06816262771258e-05	2.01034788482648e-05
-87000	0.560769652959554	2.39818458160938e-05	2.27774845900532e-05	0.545840602043401	2.33827155281601e-05	2.23107742970531e-05
-86000	0.56105765008866	2.37989318584818e-05	2.3510934729376e-05	0.546136937431394	2.3231740268513e-05	2.29354048805201e-05
-85000	0.561766570970193	2.15885122013004e-05	2.08795913197669e-05	0.546864181372963	2.09385713079456e-05	2.02113273663767e-05
-84000	0.562501329899519	2.18054546989783e-05	2.1070695769653e-05	0.54756630499029	2.0853626614878e-05	2.01515029975513e-05
-83000	0.563157709195305	2.19929494215992e-05	2.13365701258127e-05	0.548068901460778	2.13773959300853e-05	2.08747994595964e-05
-82000	0.563837836696783	2.46461833994765e-05	2.39660558979988e-05	0.54872718061302	2.38359790593599e-05	2.31776999071182e-05
-81000	0.56404050916153	2.34166385206451e-05	2.3213966055898e-05	0.548865532381998	2.31923921303724e-05	2.30540403613949e-05
-80000	0.564579688423541	2.21655619353204e-05	2.16263826733092e-05	0.54933030059951	2.13028582284895e-05	2.08380900109769e-05
-79000	0.564707802077176	2.25593177404374e-05	2.24312040868023e-05	0.549369627628135	2.20248036814996e-05	2.19854766528751e-05
-78000	0.56517151481888	2.22953854597652e-05	2.18316727180613e-05	0.549803512623491	2.19234357848518e-05	2.14895507894959e-05
-77000	0.565752828675167	2.2212593937347e-05	2.16312800810605e-05	0.550162859917251	2.15842058600017e-05	2.12248585662417e-05
-76000	0.566495018154184	2.10226294013342e-05	2.0280439922317e-05	0.550722135438656	2.0322574516592e-05	1.97632989951871e-05
-75000	0.567327746348054	2.41406315967238e-05	2.3307903402854e-05	0.551332031579836	2.35504939626784e-05	2.2940597821498e-05
-74000	0.567878789158152	2.28095921641476e-05	2.22585493540488e-05	0.55186800219539	2.20457021025078e-05	2.15097314869544e-05
-73000	0.568514417799544	2.41414970868868e-05	2.35058684454952e-05	0.552336126825973	2.32557840074305e-05	2.27876593768471e-05
-72000	0.569081968251288	2.40926707759858e-05	2.35251203242422e-05	0.552946191843283	2.31706915477497e-05	2.25606265304399e-05
-71000	0.570343346280503	2.03909693489826e-05	1.91295913197669e-05	0.553994110444989	1.9534915139745e-05	1.84869965380394e-05
-70000	0.57101587435616	2.32678375411636e-05	2.2595309465507e-05	0.554563898505446	2.27506121759689e-05	2.21808241155113e-05
-69000	0.572172929156464	2.07649877564806e-05	1.96079329561766e-05	0.555712509499282	2.00100903487293e-05	1.88614793548931e-05
-68000	0.57314120155366	2.48425652284049e-05	2.38742928312083e-05	0.556508887106308	2.39875876044921e-05	2.31912099974669e-05
-67000	0.573902642911424	2.48044625517183e-05	2.40430211939543e-05	0.557056130203496	2.39826479777084e-05	2.34354048805201e-05
-66000	0.57461855104281	2.43711897323313e-05	2.36552816009457e-05	0.557701954741197	2.37120450899265e-05	2.3066220552225e-05
-65000	0.575838322215655	2.49037406062653e-05	2.36839694334206e-05	0.558710630752343	2.40754454107912e-05	2.30667693996454e-05
-64000	0.576386937431394	2.51284514058938e-05	2.45798361901546e-05	0.55929519547412	2.45672549185172e-05	2.39826901967407e-05
-63000	0.5773031326522	2.21585324664359e-05	2.12423372456304e-05	0.560118973233134	2.15054040361395e-05	2.06816262771258e-05
-62000	0.579038081567171	2.57167947310648e-05	2.39818458160938e-05	0.561752279827746	2.50160221227729e-05	2.33827155281601e-05
-61000	0.579821181288525	2.45820315798363e-05	2.37989318584818e-05	0.562380583467027	2.38600439077936e-05	2.3231740268513e-05
-60000	0.580863653635059	2.26309845478341e-05	2.15885122013004e-05	0.563390420501562	2.19484083424809e-05	2.09385713079456e-05
-59000	0.58200468631259	2.29464873765093e-05	2.18054546989783e-05	0.564642953643502	2.21061597568183e-05	2.0853626614878e-05
-58000	0.583015494384869	2.30037574938783e-05	2.19929494215992e-05	0.565638478426075	2.23729207126573e-05	2.13773959300853e-05
-57000	0.583922718061302	2.55534070759099e-05	2.46461833994765e-05	0.566629295786541	2.48267964198261e-05	2.38359790593599e-05
-56000	0.58487026091362	2.4364181372963e-05	2.34166385206451e-05	0.567523347124884	2.40864434687157e-05	2.31923921303724e-05
-55000	0.58593116186777	2.32264628894706e-05	2.21655619353204e-05	0.568622034112978	2.24015452165837e-05	2.13028582284895e-05
-54000	0.586797390863801	2.34255467364688e-05	2.25593177404374e-05	0.56936304145909	2.27658110276112e-05	2.20248036814996e-05
-53000	0.58758372034113	2.30817149370937e-05	2.22953854597652e-05	0.569993983787892	2.25543781136536e-05	2.19234357848518e-05
-52000	0.588925947817276	2.35548214134932e-05	2.2212593937347e-05	0.571206662163303	2.27968842354134e-05	2.15842058600017e-05
-51000	0.589957021025078	2.20537026091361e-05	2.10226294013342e-05	0.572334459174196	2.14503715274846e-05	2.0322574516592e-05
-50000	0.591629506881702	2.5813117453348e-05	2.41406315967238e-05	0.573773832643756	2.49898674322384e-05	2.35504939626784e-05
-49000	0.592092417461792	2.3272502744237e-05	2.28095921641476e-05	0.574298847420417	2.25707168791692e-05	2.20457021025078e-05
-48000	0.593194946381829	2.52440260069239e-05	2.41414970868868e-05	0.575374419488305	2.43313560753187e-05	2.32557840074305e-05
-47000	0.594699970446677	2.55976948408343e-05	2.40926707759858e-05	0.577040973570886	2.48372456303302e-05	2.31706915477497e-05
-46000	0.59675947817276	2.24504770750654e-05	2.03909693489826e-05	0.579253187536942	2.17471291058009e-05	1.9534915139745e-05
-45000	0.59805494807059	2.45633074389935e-05	2.32678375411636e-05	0.58047464747108	2.39720721101072e-05	2.27506121759689e-05
-44000	0.600126868192181	2.28369078780715e-05	2.07649877564806e-05	0.582576859748375	2.21123026260239e-05	2.00100903487293e-05
-43000	0.602107130794562	2.68228278307861e-05	2.48425652284049e-05	0.584598391454868	2.60091193109854e-05	2.39875876044921e-05
-42000	0.603964536012835	2.66618677699907e-05	2.48044625517183e-05	0.586379760195896	2.57640167187368e-05	2.39826479777084e-05
-41000	0.606214029384446	2.66206831039433e-05	2.43711897323313e-05	0.588570442455459	2.59027273494891e-05	2.37120450899265e-05
-40000	0.609078654057249	2.77683652790678e-05	2.49037406062653e-05	0.591144367981086	2.66493709364181e-05	2.40754454107912e-05
-39000	0.611187621379718	2.72374187283627e-05	2.51284514058938e-05	0.593283648568775	2.67065355062061e-05	2.45672549185172e-05
-38000	0.614014101156801	2.49850122435193e-05	2.21585324664359e-05	0.595715084860255	2.39368403276197e-05	2.15054040361395e-05
-37000	0.617371358608461	2.9074052182724e-05	2.57167947310648e-05	0.598683758338259	2.79846956007769e-05	2.50160221227729e-05
-36000	0.620383348813645	2.75940217850207e-05	2.45820315798363e-05	0.601481634720932	2.6657920290467e-05	2.38600439077936e-05
-35000	0.623589335472431	2.58369712066199e-05	2.26309845478341e-05	0.604455437811365	2.49222114329141e-05	2.19484083424809e-05
-34000	0.626902706239973	2.62598581440513e-05	2.29464873765093e-05	0.607600819049227	2.52515409946803e-05	2.21061597568183e-05
-33000	0.629764375580512	2.5865426834417e-05	2.30037574938783e-05	0.610194988600861	2.49670902642911e-05	2.23729207126573e-05
-32000	0.632393565819471	2.81825973148695e-05	2.55534070759099e-05	0.612695284134088	2.73270919530524e-05	2.48267964198261e-05
-31000	0.635754939626784	2.77255551802752e-05	2.4364181372963e-05	0.615721206619944	2.71123659545724e-05	2.40864434687157e-05
-30000	0.639041332432661	2.65128556953475e-05	2.32264628894706e-05	0.618764375580512	2.54447141771511e-05	2.24015452165837e-05
-29000	0.64242069154775	2.68049058515578e-05	2.34255467364688e-05	0.62172095330575	2.57223887528498e-05	2.27658110276112e-05
-28000	0.645954276787976	2.661530017732e-05	2.30817149370937e-05	0.624935742632779	2.57691674406823e-05	2.25543781136536e-05
-27000	0.649291121337499	2.68916659630162e-05	2.35548214134932e-05	0.628046377607025	2.59075192096597e-05	2.27968842354134e-05
-26000	0.653738790846914	2.6501372118551e-05	2.20537026091361e-05	0.632170501562104	2.55744954825635e-05	2.14503715274846e-05
-25000	0.65754050916153	2.96148357679642e-05	2.5813117453348e-05	0.635658616904501	2.84779827746348e-05	2.49898674322384e-05
-24000	0.660329857299671	2.60618508823778e-05	2.3272502744237e-05	0.638117453347969	2.50295533226378e-05	2.25707168791692e-05
-23000	0.663693299839568	2.86074685468209e-05	2.52440260069239e-05	0.641285168453939	2.74990711812885e-05	2.43313560753187e-05
-22000	0.667055011399139	2.89594064004053e-05	2.55976948408343e-05	0.644324368825467	2.78764460018576e-05	2.48372456303302e-05
-21000	0.671257430549692	2.66528962256185e-05	2.24504770750654e-05	0.648324178839821	2.57469391201554e-05	2.17471291058009e-05
-20000	0.674502680908554	2.78085577978552e-05	2.45633074389935e-05	0.651137655154944	2.67855484252301e-05	2.39720721101072e-05
-19000	0.67727887781812	2.56131047876383e-05	2.28369078780715e-05	0.653742020602888	2.47166680739678e-05	2.21123026260239e-05
-18000	0.680463670522672	3.00076205353373e-05	2.68228278307861e-05	0.656960546314278	2.9227645022376e-05	2.60091193109854e-05
-17000	0.683167799544035	2.93659967913535e-05	2.66618677699907e-05	0.659569260322553	2.83727307270117e-05	2.57640167187368e-05
-16000	0.685926032255341	2.93789158152495e-05	2.66206831039433e-05	0.66201190576712	2.83453727940555e-05	2.59027273494891e-05
-15000	0.688570906864815	3.04132398885417e-05	2.77683652790678e-05	0.66466573081145	2.9303195980748e-05	2.66493709364181e-05
-14000	0.691452967997974	3.01194798615215e-05	2.72374187283627e-05	0.667204551211686	2.92453559064426e-05	2.67065355062061e-05
-13000	0.693525436966985	2.70574812125306e-05	2.49850122435193e-05	0.66916699738242	2.58992864983534e-05	2.39368403276197e-05
-12000	0.695480642573672	3.10292577894114e-05	2.9074052182724e-05	0.671053428185426	2.98711264037829e-05	2.79846956007769e-05
-11000	0.697846196065186	2.99595752765346e-05	2.75940217850207e-05	0.673414126488221	2.90186185932619e-05	2.6657920290467e-05
-10000	0.699763320104703	2.7754095246137e-05	2.58369712066199e-05	0.675321350164654	2.68294351093472e-05	2.49222114329141e-05
-9000	0.701269462973909	2.77660010132568e-05	2.62598581440513e-05	0.676797348644769	2.67275394747952e-05	2.52515409946803e-05
-8000	0.702926116693405	2.75220805539137e-05	2.5865426834417e-05	0.678401882968842	2.65716245883644e-05	2.49670902642911e-05
-7000	0.704048636325255	2.93051169467196e-05	2.81825973148695e-05	0.679603352191168	2.85285611753779e-05	2.73270919530524e-05
-6000	0.705610909397957	2.92878282529765e-05	2.77255551802752e-05	0.681017394241324	2.85264080047285e-05	2.71123659545724e-05
-5000	0.706848349235836	2.77502955332264e-05	2.65128556953475e-05	0.682080427256607	2.65077471924343e-05	2.54447141771511e-05
-4000	0.708361162712151	2.8317719327873e-05	2.68049058515578e-05	0.683505361817107	2.71473233133497e-05	2.57223887528498e-05
-3000	0.709606983027949	2.78611204931183e-05	2.661530017732e-05	0.684596660474542	2.6860466098117e-05	2.57691674406823e-05
-2000	0.710207675420079	2.74923583551465e-05	2.68916659630162e-05	0.685144980157055	2.64558388921726e-05	2.59075192096597e-05
-1000	0.711317803765938	2.76115004644093e-05	2.6501372118551e-05	0.686093684032762	2.65231993582708e-05	2.55744954825635e-05
0	0.712015832137127	3.03128641391539e-05	2.96148357679642e-05	0.686580638351769	2.89649370936418e-05	2.84779827746348e-05
1000	0.712549966224774	2.65959849700245e-05	2.60618508823778e-05	0.686890441611078	2.53393565819471e-05	2.50295533226378e-05
2000	0.712987883137718	2.90453854597652e-05	2.86074685468209e-05	0.687349848011484	2.79584775816939e-05	2.74990711812885e-05
3000	0.713357109685046	2.93286329477328e-05	2.89594064004053e-05	0.687613822511188	2.81404205015622e-05	2.78764460018576e-05
4000	0.714270180697458	2.75659672380309e-05	2.66528962256185e-05	0.688579012919024	2.67121295279912e-05	2.57469391201554e-05
5000	0.714683800557291	2.8222177657688e-05	2.78085577978552e-05	0.68890382504433	2.71103605505362e-05	2.67855484252301e-05
6000	0.714064489571899	2.4993793802246e-05	2.56131047876383e-05	0.688179684201638	2.3992527231276e-05	2.47166680739678e-05
7000	0.714268660812294	3.02117917757325e-05	3.00076205353373e-05	0.688265621041966	2.93135818627037e-05	2.9227645022376e-05
8000	0.713831968251288	2.89293042303471e-05	2.93659967913535e-05	0.687850565735033	2.79576754200793e-05	2.83727307270117e-05
9000	0.712692856539728	2.82398041036899e-05	2.93789158152495e-05	0.6866097905936	2.71045976526217e-05	2.83453727940555e-05
10000	0.711920775985814	2.96411593346281e-05	3.04132398885417e-05	0.685888478426074	2.8581883813223e-05	2.9303195980748e-05
11000	0.711264227813899	2.94629316896057e-05	3.01194798615215e-05	0.685277146837795	2.86340243181626e-05	2.92453559064426e-05
12000	0.709818584818036	2.56118382166682e-05	2.70574812125306e-05	0.683958963100566	2.45811027611247e-05	2.58992864983534e-05
13000	0.708419403867263	2.96300768386388e-05	3.10292577894114e-05	0.682871316389428	2.87834796926454e-05	2.98711264037829e-05
14000	0.70760736299924	2.91475344085114e-05	2.99595752765346e-05	0.682097905935996	2.82452081398295e-05	2.90186185932619e-05
15000	0.706216224774128	2.63629570210251e-05	2.7754095246137e-05	0.680840243181626	2.55717723549776e-05	2.68294351093472e-05
16000	0.704529300008444	2.60790762475725e-05	2.77660010132568e-05	0.679289158152495	2.51764544456641e-05	2.67275394747952e-05
17000	0.703106624166174	2.6099404711644e-05	2.75220805539137e-05	0.678000612175969	2.52830786118382e-05	2.65716245883644e-05
18000	0.701252364265811	2.74508570463565e-05	2.93051169467196e-05	0.676242696107405	2.67706451068142e-05	2.85285611753779e-05
19000	0.699215760364772	2.72512243519379e-05	2.92878282529765e-05	0.674502913113231	2.67866250105548e-05	2.85264080047285e-05
20000	0.697113294773284	2.56478299417377e-05	2.77502955332264e-05	0.672589103267753	2.4593937346956e-05	2.65077471924343e-05
21000	0.695095035041797	2.62994595963861e-05	2.8317719327873e-05	0.670810457654311	2.53686776999072e-05	2.71473233133497e-05
22000	0.692663324326606	2.54294097779279e-05	2.78611204931183e-05	0.66857434771595	2.46243561597569e-05	2.6860466098117e-05
23000	0.689971818795913	2.48008528244533e-05	2.74923583551465e-05	0.666117601114582	2.39990922908047e-05	2.64558388921726e-05
24000	0.686806066874947	2.44457485434434e-05	2.76115004644093e-05	0.663142531453179	2.35481296968673e-05	2.65231993582708e-05
25000	0.684033543021194	2.75403402854006e-05	3.03128641391539e-05	0.660900595288356	2.67230009288187e-05	2.89649370936418e-05
26000	0.681695790762476	2.42582327113063e-05	2.65959849700245e-05	0.658831229418222	2.32699907118128e-05	2.53393565819471e-05
27000	0.679301443890906	2.66510385881956e-05	2.90453854597652e-05	0.656573271130626	2.57005192940978e-05	2.79584775816939e-05
28000	0.676796842016381	2.68240310732078e-05	2.93286329477328e-05	0.654394811280925	2.59619606518619e-05	2.81404205015622e-05
29000	0.674747424639027	2.55165498606772e-05	2.75659672380309e-05	0.652596681584058	2.49139998311239e-05	2.67121295279912e-05
30000	0.672537300515072	2.6012053533733e-05	2.8222177657688e-05	0.65071571814574	2.52293971122182e-05	2.71103605505362e-05
31000	0.670163429874187	2.26199231613612e-05	2.4993793802246e-05	0.648675631174534	2.19524402600693e-05	2.3992527231276e-05
32000	0.667376382673309	2.74247445748544e-05	3.02117917757325e-05	0.646159419066115	2.67973697542852e-05	2.93135818627037e-05
33000	0.664696402938445	2.62493244954826e-05	2.89293042303471e-05	0.643607700751499	2.54059571054631e-05	2.79576754200793e-05
34000	0.661766275436967	2.53096766022123e-05	2.82398041036899e-05	0.641118973233133	2.46158701342566e-05	2.71045976526217e-05
35000	0.65920282023136	2.70777041290214e-05	2.96411593346281e-05	0.638766908722452	2.62298193025416e-05	2.8581883813223e-05
36000	0.65684689267922	2.71070041374651e-05	2.94629316896057e-05	0.636677129950182	2.65442455458921e-05	2.86340243181626e-05
37000	0.654571666807397	2.33366123448451e-05	2.56118382166682e-05	0.634459089757663	2.23630625686059e-05	2.45811027611247e-05
38000	0.651788166005235	2.68465760364773e-05	2.96300768386388e-05	0.63184364181373	2.61680317487122e-05	2.87834796926454e-05
39000	0.650027020180697	2.73863885839737e-05	2.91475344085114e-05	0.630064025162543	2.64655914886432e-05	2.82452081398295e-05
40000	0.648093346280503	2.44292831208309e-05	2.63629570210251e-05	0.628192856539728	2.37006037321624e-05	2.55717723549776e-05
41000	0.646197479523769	2.41832094908385e-05	2.60790762475725e-05	0.626437304736975	2.34209026429114e-05	2.51764544456641e-05
42000	0.644553153761716	2.44550789495904e-05	2.6099404711644e-05	0.624865827915224	2.3711601790087e-05	2.52830786118382e-05
43000	0.642760048129697	2.56577514143376e-05	2.74508570463565e-05	0.623119627628135	2.50244448197247e-05	2.67706451068142e-05
44000	0.641500485518872	2.5991661741113e-05	2.72512243519379e-05	0.622072321202398	2.57393185848181e-05	2.67866250105548e-05
45000	0.639900954150131	2.40482985729968e-05	2.56478299417377e-05	0.620572553407076	2.30941695516339e-05	2.4593937346956e-05
46000	0.638116503419742	2.45150088659968e-05	2.62994595963861e-05	0.619014861099384	2.38109853922148e-05	2.53686776999072e-05
47000	0.636511715781474	2.38246221396606e-05	2.54294097779279e-05	0.617692159925694	2.33016549860677e-05	2.46243561597569e-05
48000	0.634642299248501	2.29314362914802e-05	2.48008528244533e-05	0.616011673562442	2.23186059275521e-05	2.39990922908047e-05
49000	0.632358777336823	2.21622266317656e-05	2.44457485434434e-05	0.613948556109094	2.14850122435194e-05	2.35481296968673e-05
50000	0.630841066452757	2.60226294013342e-05	2.75403402854006e-05	0.612460377438149	2.52348222578739e-05	2.67230009288187e-05
51000	0.629596533817445	2.30137000759942e-05	2.42582327113063e-05	0.611418010639196	2.222762391286e-05	2.32699907118128e-05
52000	0.628280629907963	2.53351346787132e-05	2.66510385881956e-05	0.610360001688761	2.46425103436629e-05	2.57005192940978e-05
53000	0.627085746854682	2.56291480199274e-05	2.68240310732078e-05	0.609287870472009	2.48898294351093e-05	2.59619606518619e-05
54000	0.625924871231951	2.43556742379465e-05	2.55165498606772e-05	0.608137296293169	2.3763425652284e-05	2.49139998311239e-05
55000	0.62454122688508	2.46284091868615e-05	2.6012053533733e-05	0.606687726927299	2.3779827746348e-05	2.52293971122182e-05
56000	0.623438149117622	2.15168453939036e-05	2.26199231613612e-05	0.605596639365026	2.08613526977961e-05	2.19524402600693e-05
57000	0.622035147344423	2.6021742801655e-05	2.74247445748544e-05	0.604199379380225	2.54001097694841e-05	2.67973697542852e-05
58000	0.620689985645529	2.49041627965887e-05	2.62493244954826e-05	0.60291699738242	2.41235751076585e-05	2.54059571054631e-05
59000	0.619613906949253	2.42335979059361e-05	2.53096766022123e-05	0.601974879675758	2.36737524275944e-05	2.46158701342566e-05
60000	0.618414801992738	2.5878599172507e-05	2.70777041290214e-05	0.600912163303217	2.51671029300009e-05	2.62298193025416e-05
61000	0.617157287004982	2.58494891497087e-05	2.71070041374651e-05	0.59975793717808	2.53900194207548e-05	2.65442455458921e-05
62000	0.616198197247319	2.23775225871823e-05	2.33366123448451e-05	0.598878008106054	2.14831334965803e-05	2.23630625686059e-05
63000	0.614948176137803	2.55965549269611e-05	2.68465760364773e-05	0.597601536772777	2.48915604154353e-05	2.61680317487122e-05
64000	0.614105336485688	2.65435489318585e-05	2.73863885839737e-05	0.596777315713924	2.56413704297898e-05	2.64655914886432e-05
65000	0.613278666722959	2.36026133581018e-05	2.44292831208309e-05	0.595902368487714	2.28256565059529e-05	2.37006037321624e-05
66000	0.612314109600608	2.32186523684878e-05	2.41832094908385e-05	0.594913725407414	2.24322595626109e-05	2.34209026429114e-05
67000	0.61121516929832	2.33561386473022e-05	2.44550789495904e-05	0.593841699738242	2.26395761209153e-05	2.3711601790087e-05
68000	0.609884657603648	2.43272397196657e-05	2.56577514143376e-05	0.592602824453264	2.37855695347462e-05	2.50244448197247e-05
69000	0.608768935236004	2.48759393734695e-05	2.5991661741113e-05	0.591533585240226	2.46700793717809e-05	2.57393185848181e-05
70000	0.607711432913958	2.29907962509499e-05	2.40482985729968e-05	0.590686587013426	2.22471713248332e-05	2.30941695516339e-05
71000	0.606728700498185	2.35322764502238e-05	2.45150088659968e-05	0.589713079456219	2.2837477835008e-05	2.38109853922148e-05
72000	0.605608460694081	2.27043823355568e-05	2.38246221396606e-05	0.588819070336908	2.24076458667567e-05	2.33016549860677e-05
73000	0.604795301021701	2.21182766190999e-05	2.29314362914802e-05	0.588135987503166	2.16355230938107e-05	2.23186059275521e-05
74000	0.603996453601284	2.13633792113485e-05	2.21622266317656e-05	0.587448936080385	2.0797960820738e-05	2.14850122435194e-05
75000	0.603040994680402	2.50671704804526e-05	2.60226294013342e-05	0.586538841509753	2.43247276872415e-05	2.52348222578739e-05
76000	0.601874419488305	2.18471248838977e-05	2.30137000759942e-05	0.585523494891497	2.12122772946044e-05	2.222762391286e-05
77000	0.601001055475809	2.44617706662164e-05	2.53351346787132e-05	0.584652811787554	2.37718272397197e-05	2.46425103436629e-05
78000	0.600056615722368	2.46847082664865e-05	2.56291480199274e-05	0.583848117031158	2.40851346787132e-05	2.48898294351093e-05
79000	0.599164358692899	2.34634172084776e-05	2.43556742379465e-05	0.582961939542346	2.28772481634721e-05	2.3763425652284e-05
80000	0.59769091446424	2.31549649582031e-05	2.46284091868615e-05	0.581783057502322	2.26009457063244e-05	2.3779827746348e-05
81000	0.596550536181711	2.03764671113738e-05	2.15168453939036e-05	0.580631195642996	1.970949083847e-05	2.08613526977961e-05
82000	0.595506902811788	2.49781094317318e-05	2.6021742801655e-05	0.579671303723719	2.44402178502069e-05	2.54001097694841e-05
83000	0.594645001266571	2.40422612513722e-05	2.49041627965887e-05	0.578990162965465	2.34424343494047e-05	2.41235751076585e-05
84000	0.593984737819809	2.35733344591741e-05	2.42335979059361e-05	0.578154078358524	2.28376678206536e-05	2.36737524275944e-05
85000	0.592912522164992	2.48063835176897e-05	2.5878599172507e-05	0.577247762391286	2.42607869627628e-05	2.51671029300009e-05
86000	0.592159820146922	2.50967871316389e-05	2.58494891497087e-05	0.576493941568859	2.46361985983282e-05	2.53900194207548e-05
87000	0.591272629401334	2.14903318415942e-05	2.23775225871823e-05	0.575759583720341	2.07487756480622e-05	2.14831334965803e-05
88000	0.590383475470742	2.47074009963692e-05	2.55965549269611e-05	0.574921641475977	2.40536181710715e-05	2.48915604154353e-05
89000	0.589529342227476	2.56894156885924e-05	2.65435489318585e-05	0.574245778096766	2.49655070505785e-05	2.56413704297898e-05
90000	0.58859870809761	2.26719792282361e-05	2.36026133581018e-05	0.573466858059613	2.20467364688001e-05	2.28256565059529e-05
91000	0.587546398716541	2.21663429874187e-05	2.32186523684878e-05	0.572512412395508	2.14778138985055e-05	2.24322595626109e-05
92000	0.586546483154606	2.23562230853669e-05	2.33561386473022e-05	0.571668876129359	2.17960398547665e-05	2.26395761209153e-05
93000	0.585295448788314	2.30762053533733e-05	2.43272397196657e-05	0.570658110276112	2.27748036814996e-05	2.37855695347462e-05
94000	0.584291564637339	2.38720552224944e-05	2.48759393734695e-05	0.569621485265558	2.36334543612261e-05	2.46700793717809e-05
95000	0.583441484421177	2.21407160347885e-05	2.29907962509499e-05	0.56889390357173	2.15195896310056e-05	2.22471713248332e-05
96000	0.582954044583298	2.30448366123449e-05	2.35322764502238e-05	0.568541332432661	2.24849066959385e-05	2.2837477835008e-05
97000	0.582184771595035	2.19351093472938e-05	2.27043823355568e-05	0.567762813476315	2.16291269104112e-05	2.24076458667567e-05
98000	0.581539538123786	2.14730431478511e-05	2.21182766190999e-05	0.567086591235329	2.09593008528245e-05	2.16355230938107e-05
99000	0.581087984463396	2.09118255509583e-05	2.13633792113485e-05	0.566832897069999	2.05442666554083e-05	2.0797960820738e-05
100000	0.580601072363421	2.45802583804779e-05	2.50671704804526e-05	0.566383369923161	2.38752005404036e-05	2.43247276872415e-05
101000	0.579418179515325	2.06642320358017e-05	2.18471248838977e-05	0.565318669256101	2.01475766275437e-05	2.12122772946044e-05
102000	0.578900616397872	2.3944207548763e-05	2.44617706662164e-05	0.564625242759436	2.30784007430549e-05	2.37718272397197e-05
103000	0.578190492273917	2.39745841425314e-05	2.46847082664865e-05	0.563876678206536	2.33365701258128e-05	2.40851346787132e-05
104000	0.577887148526556	2.31600734611163e-05	2.34634172084776e-05	0.563661825550958	2.2662395507895e-05	2.28772481634721e-05
105000	0.576899666469645	2.21674829012919e-05	2.31549649582031e-05	0.562802351600101	2.17414717554673e-05	2.26009457063244e-05
106000	0.575933188381322	1.94099890230516e-05	2.03764671113738e-05	0.561841425314532	1.87485645529005e-05	1.970949083847e-05
107000	0.574948914970869	2.39938360212784e-05	2.49781094317318e-05	0.560926116693405	2.35249092290805e-05	2.44402178502069e-05
108000	0.574412543274508	2.35058895550114e-05	2.40422612513722e-05	0.560423013594528	2.29393312505277e-05	2.34424343494047e-05
109000	0.573444481972473	2.26052731571393e-05	2.35733344591741e-05	0.559580532804188	2.19951870303132e-05	2.28376678206536e-05
110000	0.572437452503589	2.37993540488052e-05	2.48063835176897e-05	0.558573292240142	2.32535463987166e-05	2.42607869627628e-05
111000	0.572065523938191	2.47248585662417e-05	2.50967871316389e-05	0.558265346618256	2.43282529764418e-05	2.46361985983282e-05
112000	0.57145651439669	2.08813223000929e-05	2.14903318415942e-05	0.557581672718061	2.00651017478679e-05	2.07487756480622e-05
113000	0.570230199273833	2.34810858735118e-05	2.47074009963692e-05	0.556504432998396	2.29763784514059e-05	2.40536181710715e-05
114000	0.56975749387824	2.52167102930001e-05	2.56894156885924e-05	0.556172485856624	2.46335599088068e-05	2.49655070505785e-05
115000	0.56911755889555	2.20320442455459e-05	2.26719792282361e-05	0.555730895887866	2.16051465000422e-05	2.20467364688001e-05
116000	0.568496010301444	2.15447943933126e-05	2.21663429874187e-05	0.55513398209913	2.08809001097694e-05	2.14778138985055e-05
117000	0.567728489403023	2.15887021869459e-05	2.23562230853669e-05	0.554447753947479	2.11098117031157e-05	2.17960398547665e-05
118000	0.566453432407329	2.18011483576797e-05	2.30762053533733e-05	0.553374567254919	2.17016169889386e-05	2.27748036814996e-05
119000	0.56545028708942	2.2868909904585e-05	2.38720552224944e-05	0.552366756733936	2.26256438402432e-05	2.36334543612261e-05
120000	0.564925272312759	2.16157012581272e-05	2.21407160347885e-05	0.551638478426074	2.07913113231445e-05	2.15195896310056e-05
121000	0.564652854006586	2.27724183061724e-05	2.30448366123449e-05	0.551301992738326	2.21484210081905e-05	2.24849066959385e-05
122000	0.563997846829351	2.12801021700583e-05	2.19351093472938e-05	0.550744173773537	2.10713079456219e-05	2.16291269104112e-05
123000	0.56329646204509	2.07716583635903e-05	2.14730431478511e-05	0.550107067466014	2.03221945453011e-05	2.09593008528245e-05
124000	0.56282947732838	2.04448408342481e-05	2.09118255509583e-05	0.549521489487461	1.99586886768555e-05	2.05442666554083e-05
125000	0.562849890230516	2.46006712826143e-05	2.45802583804779e-05	0.549459005319598	2.38127163725408e-05	2.38752005404036e-05
126000	0.562147808832222	1.99621506375074e-05	2.06642320358017e-05	0.548953010217006	1.96415815249515e-05	2.01475766275437e-05
127000	0.561188740184075	2.29851389006164e-05	2.3944207548763e-05	0.548339989867432	2.24653803934814e-05	2.30784007430549e-05
128000	0.56069802837119	2.34838723296462e-05	2.39745841425314e-05	0.547777547918602	2.27741281769822e-05	2.33365701258128e-05
129000	0.560287849362493	2.27498944524192e-05	2.31600734611163e-05	0.547549881786709	2.24347293760026e-05	2.2662395507895e-05
130000	0.559568014861099	2.14476483998987e-05	2.21674829012919e-05	0.546666828506291	2.08584184750486e-05	2.17414717554673e-05
131000	0.558653803934814	1.8495778096766e-05	1.94099890230516e-05	0.545807417883982	1.78891539305919e-05	1.87485645529005e-05
132000	0.557309022207211	2.26490542936756e-05	2.39938360212784e-05	0.54453086211264	2.22483534577388e-05	2.35249092290805e-05
133000	0.556883074389935	2.30799417377354e-05	2.35058895550114e-05	0.544195305243604	2.26037743814912e-05	2.29393312505277e-05
134000	0.555782508654902	2.15047074221059e-05	2.26052731571393e-05	0.543041712403952	2.08415941906612e-05	2.19951870303132e-05
135000	0.554823102254496	2.28399476483999e-05	2.37993540488052e-05	0.542150531959807	2.23623659545723e-05	2.32535463987166e-05
136000	0.554470341129781	2.43720974415267e-05	2.47248585662417e-05	0.541842628556953	2.40203495735878e-05	2.43282529764418e-05
137000	0.553658131385629	2.00691125559402e-05	2.08813223000929e-05	0.540997129105801	1.92196022967154e-05	2.00651017478679e-05
138000	0.552589166596302	2.24121210841847e-05	2.34810858735118e-05	0.540064046272059	2.20432956176644e-05	2.29763784514059e-05
139000	0.552183969433421	2.4811513130119e-05	2.52167102930001e-05	0.539699590475386	2.42691041121337e-05	2.46335599088068e-05
140000	0.55194885164232	2.17969264544457e-05	2.20320442455459e-05	0.539527843451828	2.1433399476484e-05	2.16051465000422e-05
141000	0.551374546145402	2.09704888963945e-05	2.15447943933126e-05	0.538771257282783	2.01243139407244e-05	2.08809001097694e-05
142000	0.550480621464156	2.06947775056995e-05	2.15887021869459e-05	0.537890863801402	2.02294182217344e-05	2.11098117031157e-05
143000	0.549683103943258	2.10036308367812e-05	2.18011483576797e-05	0.537098665878578	2.0909419066115e-05	2.17016169889386e-05
144000	0.548878936924766	2.2064742886093e-05	2.2868909904585e-05	0.536345837203411	2.18728151650764e-05	2.26256438402432e-05
145000	0.548063180781897	2.0799945115258e-05	2.16157012581272e-05	0.53561276703538	2.00582411551127e-05	2.07913113231445e-05
146000	0.547432301781643	2.21415393059192e-05	2.27724183061724e-05	0.534868973233134	2.14046272059444e-05	2.21484210081905e-05
147000	0.546871126403783	2.07189267921979e-05	2.12801021700583e-05	0.534527231275859	2.07295659883476e-05	2.10713079456219e-05
148000	0.546362408173605	2.02629401334121e-05	2.07716583635903e-05	0.534116123448451	1.99110867178925e-05	2.03221945453011e-05
149000	0.545824031073208	1.99064637338512e-05	2.04448408342481e-05	0.533574537701596	1.94171029300008e-05	1.99586886768555e-05
150000	0.545111922654733	2.38885628641391e-05	2.46006712826143e-05	0.532953706831039	2.31918855019843e-05	2.38127163725408e-05
151000	0.545105568690366	1.99557966731402e-05	1.99621506375074e-05	0.532952756902812	1.96406315967238e-05	1.96415815249515e-05
152000	0.544357236342143	2.22368065523938e-05	2.29851389006164e-05	0.532414907540319	2.19275310309888e-05	2.24653803934814e-05
153000	0.54391231106983	2.30389470573334e-05	2.34838723296462e-05	0.532003504179684	2.23627248163472e-05	2.27741281769822e-05
154000	0.5430616186777	2.18992020602888e-05	2.27498944524192e-05	0.531286941653297	2.17181668496159e-05	2.24347293760026e-05
155000	0.542576669762729	2.09626994849278e-05	2.14476483998987e-05	0.53076272903825	2.03342058600017e-05	2.08584184750486e-05
156000	0.541844148442118	1.77632567761547e-05	1.8495778096766e-05	0.530114645782319	1.72410706746601e-05	1.78891539305919e-05
157000	0.540911065608376	2.17159714599341e-05	2.26490542936756e-05	0.529120366461201	2.12540741366208e-05	2.22483534577388e-05
158000	0.540024845900532	2.21937220298911e-05	2.30799417377354e-05	0.528304103689943	2.17875116102339e-05	2.26037743814912e-05
159000	0.539150531959807	2.06303934813814e-05	2.15047074221059e-05	0.527684433842776	2.02219243434941e-05	2.08415941906612e-05
160000	0.538477455036731	2.21668707253229e-05	2.28399476483999e-05	0.527007578316305	2.1685510428101e-05	2.23623659545723e-05
161000	0.537854977623913	2.37496200287089e-05	2.43720974415267e-05	0.526518660812294	2.3531432069577e-05	2.40203495735878e-05
162000	0.537574812125306	1.97889470573335e-05	2.00691125559402e-05	0.526392341467534	1.90932829519547e-05	1.92196022967154e-05
163000	0.537038693743139	2.18760027020181e-05	2.24121210841847e-05	0.525962593937347	2.16135480874778e-05	2.20432956176644e-05
164000	0.536451701427003	2.42245208139829e-05	2.4811513130119e-05	0.525543147851051	2.38496580258379e-05	2.42691041121337e-05
165000	0.536078274085958	2.14234991134003e-05	2.17969264544457e-05	0.525164928649835	2.10551802752681e-05	2.1433399476484e-05
166000	0.53581415181964	2.07063666300768e-05	2.09704888963945e-05	0.524887465169298	1.98468504601875e-05	2.01243139407244e-05
167000	0.535026429114245	1.99070548003039e-05	2.06947775056995e-05	0.524163324326606	1.95052773790425e-05	2.02294182217344e-05
168000	0.534545659883475	2.0522861606012e-05	2.10036308367812e-05	0.523711855104281	2.04579498437896e-05	2.0909419066115e-05
169000	0.53327590137634	2.0794984378958e-05	2.2064742886093e-05	0.522492949421599	2.06539094823946e-05	2.18728151650764e-05
170000	0.532494068225956	2.00181119648737e-05	2.0799945115258e-05	0.521874419488305	1.94397112218188e-05	2.00582411551127e-05
171000	0.531671937009204	2.13194080891666e-05	2.21415393059192e-05	0.521222494300431	2.07527020180698e-05	2.14046272059444e-05
172000	0.53130990880689	2.03568985898843e-05	2.07189267921979e-05	0.520777104618762	2.0284176306679e-05	2.07295659883476e-05
173000	0.531074115511272	2.00271468377945e-05	2.02629401334121e-05	0.520639639449464	1.97736215485941e-05	1.99110867178925e-05
174000	0.530924005741788	1.97563539643671e-05	1.99064637338512e-05	0.520395402347378	1.91728658279153e-05	1.94171029300008e-05
175000	0.530463522756058	2.34280798784092e-05	2.38885628641391e-05	0.519909651270793	2.2706134425399e-05	2.31918855019843e-05
176000	0.529995377015959	1.94876509330406e-05	1.99557966731402e-05	0.519451025922486	1.91820062484168e-05	1.96406315967238e-05
177000	0.529435594866166	2.16770244026007e-05	2.22368065523938e-05	0.518767816431647	2.12443215401502e-05	2.19275310309888e-05
178000	0.528826458667567	2.24298108587351e-05	2.30389470573334e-05	0.518317529342228	2.19124377269273e-05	2.23627248163472e-05
179000	0.52779447775057	2.08672211432914e-05	2.18992020602888e-05	0.51750876044921	2.09093979565988e-05	2.17181668496159e-05
180000	0.527473739761885	2.06419614962425e-05	2.09626994849278e-05	0.517183547243097	2.00089926538884e-05	2.03342058600017e-05
181000	0.527128219201216	1.7417736215486e-05	1.77632567761547e-05	0.516794815502829	1.68523389343917e-05	1.72410706746601e-05
182000	0.525936460356329	2.05242126150469e-05	2.17159714599341e-05	0.515954508992654	2.0413767626446e-05	2.12540741366208e-05
183000	0.525070569112556	2.13278307861184e-05	2.21937220298911e-05	0.515216710293	2.10497129105801e-05	2.17875116102339e-05
184000	0.524479017140927	2.00388415097526e-05	2.06303934813814e-05	0.514380583467027	1.93857975175209e-05	2.02219243434941e-05
185000	0.52392674997889	2.16146035632864e-05	2.21668707253229e-05	0.513777231275859	2.10821582369332e-05	2.1685510428101e-05
186000	0.523329836190154	2.3152706239973e-05	2.37496200287089e-05	0.513266296546483	2.30204973402009e-05	2.3531432069577e-05
187000	0.52311954319007	1.95786540572491e-05	1.97889470573335e-05	0.513050515072195	1.88775014776661e-05	1.90932829519547e-05
188000	0.522464134932027	2.12205944439753e-05	2.18760027020181e-05	0.512412353288863	2.09753863041459e-05	2.16135480874778e-05
189000	0.522003145317909	2.37635311998649e-05	2.42245208139829e-05	0.511933125052774	2.33704297897493e-05	2.38496580258379e-05
190000	0.521738431985139	2.115878578063e-05	2.14234991134003e-05	0.511548383011061	2.06704382335556e-05	2.10551802752681e-05
191000	0.521371865236849	2.03397998817867e-05	2.07063666300768e-05	0.511367685552647	1.96661530017732e-05	1.98468504601875e-05
192000	0.520829603985477	1.93647935489319e-05	1.99070548003039e-05	0.510758802668243	1.88963944946382e-05	1.95052773790425e-05
193000	0.520422042556785	2.011530017732e-05	2.0522861606012e-05	0.510378261420248	2.0077408595795e-05	2.04579498437896e-05
194000	0.519207147682175	1.95800895043486e-05	2.0794984378958e-05	0.509182090686481	1.94577387486278e-05	2.06539094823946e-05
195000	0.518636663007684	1.94476272903825e-05	2.00181119648737e-05	0.508677594359537	1.89352148948746e-05	1.94397112218188e-05
196000	0.518024001519885	2.07067466013679e-05	2.13194080891666e-05	0.508063792957865	2.01389006163979e-05	2.07527020180698e-05
197000	0.51735808072279	1.9690977792789e-05	2.03568985898843e-05	0.507333635903065	1.95540192518788e-05	2.0284176306679e-05
198000	0.51711530017732	1.97843662923245e-05	2.00271468377945e-05	0.507087857806299	1.95278434518281e-05	1.97736215485941e-05
199000	0.516783247487968	1.94243012750148e-05	1.97563539643671e-05	0.506881807818965	1.8966815840581e-05	1.91728658279153e-05
200000	0.516158764671114	2.28035970615554e-05	2.34280798784092e-05	0.506276999071181	2.21013256776155e-05	2.2706134425399e-05
201000	0.515415646373385	1.8744532635312e-05	1.94876509330406e-05	0.505639512792367	1.85445199696023e-05	1.91820062484168e-05
202000	0.514712551718315	2.09739297475302e-05	2.16770244026007e-05	0.504895824537702	2.05006332854851e-05	2.12443215401502e-05
203000	0.514609262855695	2.23265219961158e-05	2.24298108587351e-05	0.504851009034873	2.18676222240986e-05	2.19124377269273e-05
204000	0.513884678713164	2.01426370007599e-05	2.08672211432914e-05	0.504157392552563	2.02157814742887e-05	2.09093979565988e-05
205000	0.513701638098455	2.04589208815333e-05	2.06419614962425e-05	0.504105294266655	1.99568943679811e-05	2.00089926538884e-05
206000	0.513355146500042	1.70712446170734e-05	1.7417736215486e-05	0.503827577471924	1.65746221396606e-05	1.68523389343917e-05
207000	0.512534387401841	1.97034535168454e-05	2.05242126150469e-05	0.502981803597062	1.95679937515832e-05	2.0413767626446e-05
208000	0.512118909904585	2.09123532888626e-05	2.13278307861184e-05	0.502591594190661	2.06595035041797e-05	2.10497129105801e-05
209000	0.51152281938698	1.94427509921472e-05	2.00388415097526e-05	0.502127564806215	1.89217681330744e-05	1.93857975175209e-05
210000	0.510884784260745	2.09765684370514e-05	2.16146035632864e-05	0.501611014945538	2.0565608376256e-05	2.10821582369332e-05
211000	0.510560225449633	2.28281474288609e-05	2.3152706239973e-05	0.501366651186355	2.27761335810183e-05	2.30204973402009e-05
212000	0.51002607025247	1.90444988600862e-05	1.95786540572491e-05	0.501013805623575	1.85246559148864e-05	1.88775014776661e-05
213000	0.509650004221903	2.08445284134088e-05	2.12205944439753e-05	0.500761694671958	2.07232753525289e-05	2.09753863041459e-05
214000	0.509049311829773	2.31628388077345e-05	2.37635311998649e-05	0.500220277801233	2.28290129190238e-05	2.33704297897493e-05
215000	0.508324094401756	2.04335683526133e-05	2.115878578063e-05	0.499613611416026	2.00637718483492e-05	2.06704382335556e-05
216000	0.507728827155282	1.97445326353121e-05	2.03397998817867e-05	0.499293907793633	1.93464493793802e-05	1.96661530017732e-05
217000	0.507417314025163	1.90532804188129e-05	1.93647935489319e-05	0.498877058177827	1.84795448788314e-05	1.88963944946382e-05
218000	0.507203495735878	1.99014818880351e-05	2.011530017732e-05	0.498694291986828	1.98946424047961e-05	2.0077408595795e-05
219000	0.506052837118973	1.84294308874441e-05	1.95800895043486e-05	0.497475998480115	1.82394452419151e-05	1.94577387486278e-05
220000	0.50576868192181	1.91634720932196e-05	1.94476272903825e-05	0.497144515747699	1.86037321624588e-05	1.89352148948746e-05
221000	0.505227138393988	2.01652030735455e-05	2.07067466013679e-05	0.496580997213544	1.95753820822427e-05	2.01389006163979e-05
222000	0.504588849953559	1.905268935236e-05	1.9690977792789e-05	0.495919889386135	1.88929114244702e-05	1.95540192518788e-05
223000	0.504271299501815	1.9466815840581e-05	1.97843662923245e-05	0.495755192940978	1.93631470066706e-05	1.95278434518281e-05
224000	0.503773220467787	1.89262222409862e-05	1.94243012750148e-05	0.495326585324664	1.85382082242675e-05	1.8966815840581e-05
225000	0.503094655070506	2.21250316642742e-05	2.28035970615554e-05	0.494726315122857	2.15010554758085e-05	2.21013256776155e-05
226000	0.502321329055138	1.79712066199443e-05	1.8744532635312e-05	0.494071286836106	1.78894916828506e-05	1.85445199696023e-05
227000	0.501442286582792	2.00948872751837e-05	2.09739297475302e-05	0.49328996031411	1.9719306763489e-05	2.05006332854851e-05
228000	0.500865384615385	2.17496200287089e-05	2.23265219961158e-05	0.492728996031411	2.13066579414e-05	2.18676222240986e-05
229000	0.500652537363844	1.99297897492189e-05	2.01426370007599e-05	0.492452144726843	1.99389301697205e-05	2.02157814742887e-05
230000	0.500148674322385	1.99550578400743e-05	2.04589208815333e-05	0.492339293253399	1.98440428945368e-05	1.99568943679811e-05
231000	0.499821603478848	1.6744173773537e-05	1.70712446170734e-05	0.492179283120831	1.64146120070928e-05	1.65746221396606e-05
232000	0.499125876044921	1.90077260829182e-05	1.97034535168454e-05	0.491523980410369	1.89126910411213e-05	1.95679937515832e-05
233000	0.498730368149962	2.05168453939036e-05	2.09123532888626e-05	0.491137021869459	2.02725449632694e-05	2.06595035041797e-05
234000	0.498187959131977	1.8900341974162e-05	1.94427509921472e-05	0.490776239128599	1.85609853922148e-05	1.89217681330744e-05
235000	0.498125707168792	2.09143164738664e-05	2.09765684370514e-05	0.49082578316305	2.06151524107068e-05	2.0565608376256e-05
236000	0.497381617833319	2.20840580933885e-05	2.28281474288609e-05	0.490229186017057	2.21795364350249e-05	2.27761335810183e-05
237000	0.497147724394157	1.88106054209238e-05	1.90444988600862e-05	0.490061682006248	1.83571519040783e-05	1.85246559148864e-05
238000	0.496482500211095	2.0179304230347e-05	2.08445284134088e-05	0.48956812040868	2.02297137549607e-05	2.07232753525289e-05
239000	0.49551768977455	2.21980283711897e-05	2.31628388077345e-05	0.488771510596977	2.20324031073208e-05	2.28290129190238e-05
240000	0.494452946888457	1.93688254665203e-05	2.04335683526133e-05	0.487911656674829	1.92039179262011e-05	2.00637718483492e-05
241000	0.494133116608967	1.9424702355822e-05	1.97445326353121e-05	0.487596533817445	1.90313265219961e-05	1.93464493793802e-05
242000	0.493871654141687	1.87918179515325e-05	1.90532804188129e-05	0.487277927889893	1.81609389512792e-05	1.84795448788314e-05
243000	0.493946635143123	1.99764628894705e-05	1.99014818880351e-05	0.487399687579161	2.0016402094064e-05	1.98946424047961e-05
244000	0.493195389681668	1.767818542599e-05	1.84294308874441e-05	0.486758464915984	1.75982225787385e-05	1.82394452419151e-05
245000	0.492950857046356	1.89189394579076e-05	1.91634720932196e-05	0.486377543696698	1.82228109431731e-05	1.86037321624588e-05
246000	0.492564637338512	1.97789833657013e-05	2.01652030735455e-05	0.486161065608376	1.93589039939204e-05	1.95753820822427e-05
247000	0.492040108080723	1.85281600945707e-05	1.905268935236e-05	0.485535886177489	1.82677319935827e-05	1.88929114244702e-05
248000	0.491943574263278	1.9370282023136e-05	1.9466815840581e-05	0.485370894199105	1.91981550282868e-05	1.93631470066706e-05
249000	0.491388985054463	1.83716330321709e-05	1.89262222409862e-05	0.484769146331166	1.79364603563287e-05	1.85382082242675e-05
250000	0.491024719243435	2.17607658532467e-05	2.21250316642742e-05	0.484353035548425	2.10849446930676e-05	2.15010554758085e-05
251000	0.490407392552563	1.7353879929072e-05	1.79712066199443e-05	0.483664042050156	1.72004981845816e-05	1.78894916828506e-05
252000	0.489761356919699	1.94488516423204e-05	2.00948872751837e-05	0.483100629063582	1.91558937769146e-05	1.9719306763489e-05
253000	0.489689183483915	2.16774465929241e-05	2.17496200287089e-05	0.48293738917504	2.11434180528582e-05	2.13066579414e-05
254000	0.489112197078443	1.93528033437473e-05	1.99297897492189e-05	0.482660622308537	1.96621633032171e-05	1.99389301697205e-05
255000	0.488995123701765	1.98379844633961e-05	1.99550578400743e-05	0.482574685468209	1.97581060542093e-05	1.98440428945368e-05
256000	0.488973486447691	1.6722536519463e-05	1.6744173773537e-05	0.482704994511526	1.65449210504095e-05	1.64146120070928e-05
257000	0.488426391117116	1.84606307523432e-05	1.90077260829182e-05	0.482004918517268	1.82126150468632e-05	1.89126910411213e-05
258000	0.488065523938191	2.01559782149793e-05	2.05168453939036e-05	0.481734948914971	2.00025753609727e-05	2.02725449632694e-05
259000	0.487050177319936	1.78849953559064e-05	1.8900341974162e-05	0.480796145402347	1.76221818795913e-05	1.85609853922148e-05
260000	0.48682578316305	2.06899223169805e-05	2.09143164738664e-05	0.480558008950435	2.03770159587942e-05	2.06151524107068e-05
261000	0.486108017394241	2.13662923245799e-05	2.20840580933885e-05	0.47996445157477	2.158597905936e-05	2.21795364350249e-05
262000	0.485726061808663	1.84286498353458e-05	1.88106054209238e-05	0.479563201891413	1.79559022207212e-05	1.83571519040783e-05
263000	0.485024275943595	1.94775183652791e-05	2.0179304230347e-05	0.47887422950266	1.95407413662079e-05	2.02297137549607e-05
264000	0.484078886261927	2.12526386895212e-05	2.21980283711897e-05	0.478145676771088	2.13038503757494e-05	2.20324031073208e-05
265000	0.483392489234147	1.86824284387402e-05	1.93688254665203e-05	0.477484991134003	1.85432322891159e-05	1.92039179262011e-05
266000	0.482690027864561	1.87222409862366e-05	1.9424702355822e-05	0.476953094655071	1.84994300430634e-05	1.90313265219961e-05
267000	0.482416216330322	1.85180064172929e-05	1.87918179515325e-05	0.47682236342143	1.80302077176391e-05	1.81609389512792e-05
268000	0.482229713754961	1.97899603141096e-05	1.99764628894705e-05	0.476747340200963	1.99413788735962e-05	2.0016402094064e-05
269000	0.481915667482901	1.73641391539306e-05	1.767818542599e-05	0.476545575445411	1.73964578231867e-05	1.75982225787385e-05
270000	0.48139842100819	1.84016929831969e-05	1.89189394579076e-05	0.476264143375834	1.79413788735962e-05	1.82228109431731e-05
271000	0.480972726505109	1.93532888626193e-05	1.97789833657013e-05	0.475877522587182	1.89722832052689e-05	1.93589039939204e-05
272000	0.480352191167778	1.79076247572405e-05	1.85281600945707e-05	0.475307227898337	1.76974373047369e-05	1.82677319935827e-05
273000	0.479975407413662	1.89934982690197e-05	1.9370282023136e-05	0.474835641307101	1.87265684370514e-05	1.91981550282868e-05
274000	0.479276429114245	1.76726547327535e-05	1.83716330321709e-05	0.474076163134341	1.71769821835683e-05	1.79364603563287e-05
275000	0.478623765093304	2.1108101832306e-05	2.17607658532467e-05	0.473527167947311	2.05359495060373e-05	2.10849446930676e-05
276000	0.478302056066875	1.70321709026429e-05	1.7353879929072e-05	0.473114202482479	1.67875327197501e-05	1.72004981845816e-05
277000	0.477782635311999	1.89294308874441e-05	1.94488516423204e-05	0.472761441357764	1.88031326521996e-05	1.91558937769146e-05
278000	0.477653972810943	2.15487840918686e-05	2.16774465929241e-05	0.472711179599764	2.10931562948577e-05	2.11434180528582e-05
279000	0.476455290044752	1.81541205775563e-05	1.93528033437473e-05	0.471635480874778	1.85864645782319e-05	1.96621633032171e-05
280000	0.476561766444313	1.9944460862957e-05	1.98379844633961e-05	0.471679810858735	1.9802436038166e-05	1.97581060542093e-05
281000	0.47638640969349	1.65471797686397e-05	1.6722536519463e-05	0.471405133834333	1.62702440260069e-05	1.65449210504095e-05
282000	0.476106983027949	1.81812040868023e-05	1.84606307523432e-05	0.470885945284134	1.76934264966647e-05	1.82126150468632e-05
283000	0.47601163134341	2.00606265304399e-05	2.01559782149793e-05	0.471002638689521	2.01192687663599e-05	2.00025753609727e-05
284000	0.475246453601283	1.71198176137802e-05	1.78849953559064e-05	0.470313349658026	1.69328928480959e-05	1.76221818795913e-05
285000	0.474570041374652	2.00135100903487e-05	2.06899223169805e-05	0.469776281347631	1.98399476483999e-05	2.03770159587942e-05
286000	0.473881195642996	2.06774465929241e-05	2.13662923245799e-05	0.469063835176898	2.08735328886262e-05	2.158597905936e-05
287000	0.473358882884404	1.79063370767542e-05	1.84286498353458e-05	0.468637781812041	1.75298488558643e-05	1.79559022207212e-05
288000	0.472948767204256	1.90674026851305e-05	1.94775183652791e-05	0.468178649835346	1.90816093895128e-05	1.95407413662079e-05
289000	0.472891349320274	2.11952208055392e-05	2.12526386895212e-05	0.46803609727265	2.11612978130541e-05	2.13038503757494e-05
290000	0.472406864814658	1.8197943933125e-05	1.86824284387402e-05	0.467523895972304	1.80310309887697e-05	1.85432322891159e-05
291000	0.471650046440936	1.79654226125137e-05	1.87222409862366e-05	0.466906780376594	1.78823144473528e-05	1.84994300430634e-05
292000	0.471048615215739	1.79165751920966e-05	1.85180064172929e-05	0.466324537701596	1.74479650426412e-05	1.80302077176391e-05
293000	0.470824917672887	1.95662627712573e-05	1.97899603141096e-05	0.465984970024487	1.96018111964874e-05	1.99413788735962e-05
294000	0.470569154774973	1.71083762560162e-05	1.73641391539306e-05	0.465771996115849	1.71834839145487e-05	1.73964578231867e-05
295000	0.469634298741873	1.74668369500971e-05	1.84016929831969e-05	0.465126530439922	1.72959131976695e-05	1.79413788735962e-05
296000	0.469121506375074	1.88404964958203e-05	1.93532888626193e-05	0.464576015367728	1.84217681330744e-05	1.89722832052689e-05
297000	0.468209279743308	1.6995398125475e-05	1.79076247572405e-05	0.463793527822342	1.69149497593515e-05	1.76974373047369e-05
298000	0.467733344591742	1.85175631174534e-05	1.89934982690197e-05	0.463547813054125	1.84808536688339e-05	1.87265684370514e-05
299000	0.466873258464916	1.68125686059276e-05	1.76726547327535e-05	0.462827598581441	1.64567677108841e-05	1.71769821835683e-05
300000	0.466338596639365	2.0573440006755e-05	2.1108101832306e-05	0.462419298319683	2.01276492442793e-05	2.05359495060373e-05
301000	0.46589037828253	1.65839525458077e-05	1.70321709026429e-05	0.462071329055138	1.64395634552056e-05	1.67875327197501e-05
302000	0.465748754538546	1.87878071434603e-05	1.89294308874441e-05	0.461885354217681	1.86171578147429e-05	1.88031326521996e-05
303000	0.465703643502491	2.15036730558135e-05	2.15487840918686e-05	0.461883517689775	2.1091319766951e-05	2.10931562948577e-05
304000	0.46478582284894	1.72362999240058e-05	1.81541205775563e-05	0.460773178248755	1.74761251372118e-05	1.85864645782319e-05
305000	0.464449780461032	1.96084184750486e-05	1.9944460862957e-05	0.460281896478933	1.93111542683442e-05	1.9802436038166e-05
306000	0.463825487629824	1.59228869374314e-05	1.65471797686397e-05	0.459620155366039	1.56085029131132e-05	1.62702440260069e-05
307000	0.463559866587858	1.79155830448366e-05	1.81812040868023e-05	0.459348560330997	1.74218314616229e-05	1.76934264966647e-05
308000	0.463596913788736	2.00976737313181e-05	2.00606265304399e-05	0.459276597990374	2.00473064257367e-05	2.01192687663599e-05
309000	0.463095942750992	1.66188465760365e-05	1.71198176137802e-05	0.458839145486785	1.64954403445073e-05	1.69328928480959e-05
310000	0.462617242252808	1.95348095921641e-05	2.00135100903487e-05	0.458324009963692	1.93248121253061e-05	1.98399476483999e-05
311000	0.461939162374398	1.99993667145149e-05	2.06774465929241e-05	0.457595604998733	2.0145127923668e-05	2.08735328886262e-05
312000	0.461618107742971	1.75852824453263e-05	1.79063370767542e-05	0.457335894621295	1.72701384784261e-05	1.75298488558643e-05
313000	0.461209807481213	1.86591024233725e-05	1.90674026851305e-05	0.456840897576628	1.85866123448451e-05	1.90816093895128e-05
314000	0.461087435615976	2.10728489403023e-05	2.11952208055392e-05	0.456604872076332	2.09252723127586e-05	2.11612978130541e-05
315000	0.460826268681922	1.79367769990711e-05	1.8197943933125e-05	0.456277294604408	1.77034535168454e-05	1.80310309887697e-05
316000	0.460345668327282	1.74848222578739e-05	1.79654226125137e-05	0.455828105209829	1.74331250527738e-05	1.78823144473528e-05
317000	0.459732521320611	1.73034281854259e-05	1.79165751920966e-05	0.455046778687832	1.66666385206451e-05	1.74479650426412e-05
318000	0.459368804357004	1.920254580765e-05	1.95662627712573e-05	0.454642468124631	1.91975006332855e-05	1.96018111964874e-05
319000	0.459137211855104	1.68767837541163e-05	1.71083762560162e-05	0.454369163218779	1.69101790086971e-05	1.71834839145487e-05
320000	0.458731254749641	1.7060879844634e-05	1.74668369500971e-05	0.453800303977033	1.67270539559233e-05	1.72959131976695e-05
321000	0.458365954572321	1.84751963185004e-05	1.88404964958203e-05	0.453449949337161	1.80714134932028e-05	1.84217681330744e-05
322000	0.457576901967407	1.62063455205607e-05	1.6995398125475e-05	0.452920839314363	1.63858397365532e-05	1.69149497593515e-05
323000	0.457364455796673	1.83051169467195e-05	1.85175631174534e-05	0.45269279321118	1.82528075656506e-05	1.84808536688339e-05
324000	0.45708796335388	1.65360761631343e-05	1.68125686059276e-05	0.452509457063244	1.62734315629486e-05	1.64567677108841e-05
325000	0.457136008612683	2.06214852655577e-05	2.0573440006755e-05	0.452576289791438	2.01944819724732e-05	2.01276492442793e-05
326000	0.456920184919362	1.63681288524867e-05	1.65839525458077e-05	0.452363125897154	1.6226399560922e-05	1.64395634552056e-05
327000	0.456852761124715	1.87203833488137e-05	1.87878071434603e-05	0.452257029468885	1.85110613864731e-05	1.86171578147429e-05
328000	0.45665878578063	2.13096977117284e-05	2.15036730558135e-05	0.452062948577219	2.0897238875285e-05	2.1091319766951e-05
329000	0.456322426749979	1.68999408933547e-05	1.72362999240058e-05	0.45151515663261	1.69283331926033e-05	1.74761251372118e-05
330000	0.455873089588787	1.91590813138563e-05	1.96084184750486e-05	0.450769336316812	1.85653339525458e-05	1.93111542683442e-05
331000	0.455117791100228	1.51675884488728e-05	1.59228869374314e-05	0.45014010385882	1.49792704551212e-05	1.56085029131132e-05
332000	0.454485054462552	1.72828464071603e-05	1.79155830448366e-05	0.449611563792958	1.68932913957612e-05	1.74218314616229e-05
333000	0.454339335472431	1.99519547411973e-05	2.00976737313181e-05	0.449405049396268	1.98407920290466e-05	2.00473064257367e-05
334000	0.454400553069324	1.66800641729292e-05	1.66188465760365e-05	0.449441041121337	1.6531432069577e-05	1.64954403445073e-05
335000	0.45416754622984	1.93018027526809e-05	1.95348095921641e-05	0.448995883644347	1.88796546483155e-05	1.93248121253061e-05
336000	0.453813982943511	1.96458034281854e-05	1.99993667145149e-05	0.4486317233809	1.97809676602212e-05	2.0145127923668e-05
337000	0.453279511103605	1.70508106054209e-05	1.75852824453263e-05	0.448088301106139	1.67267162036646e-05	1.72701384784261e-05
338000	0.453137887359622	1.85174786793887e-05	1.86591024233725e-05	0.447964156041544	1.84624672802499e-05	1.85866123448451e-05
339000	0.452944186439247	2.08791480199274e-05	2.10728489403023e-05	0.447730030397703	2.06911466689183e-05	2.09252723127586e-05
340000	0.453070590222072	1.80631807818965e-05	1.79367769990711e-05	0.447731191421093	1.77046145402347e-05	1.77034535168454e-05
341000	0.452781812040868	1.71960440766698e-05	1.74848222578739e-05	0.44721941231107	1.6921345942751e-05	1.74331250527738e-05
342000	0.452638246221397	1.71598623659545e-05	1.73034281854259e-05	0.447093156294858	1.6540382504433e-05	1.66666385206451e-05
343000	0.451982605758676	1.85469053449296e-05	1.920254580765e-05	0.446374588364435	1.84789327028624e-05	1.91975006332855e-05
344000	0.451754580765009	1.66487587604492e-05	1.68767837541163e-05	0.446091446424048	1.66270370683104e-05	1.69101790086971e-05
345000	0.451724457485434	1.70307565650596e-05	1.7060879844634e-05	0.445915076416449	1.65506839483239e-05	1.67270539559233e-05
346000	0.451378493624926	1.81292324579921e-05	1.84751963185004e-05	0.445584416955163	1.77407540319176e-05	1.80714134932028e-05
347000	0.450615912353289	1.54437642489235e-05	1.62063455205607e-05	0.444831356075319	1.56327788567086e-05	1.63858397365532e-05
348000	0.450552224943004	1.8241429536435e-05	1.83051169467195e-05	0.444729080469476	1.81505319598075e-05	1.82528075656506e-05
349000	0.450257430549692	1.62412817698218e-05	1.65360761631343e-05	0.444480431478511	1.60247825719834e-05	1.62734315629486e-05
350000	0.449659292409018	2.00233471248839e-05	2.06214852655577e-05	0.44413100565735	1.9845056151313e-05	2.01944819724732e-05
351000	0.448823482225787	1.55323186692561e-05	1.63681288524867e-05	0.443316832728194	1.54122266317656e-05	1.6226399560922e-05
352000	0.448360846069408	1.82577471924344e-05	1.87203833488137e-05	0.44281740268513	1.80116313434096e-05	1.85110613864731e-05
353000	0.448214852655577	2.11637042978974e-05	2.13096977117284e-05	0.442693764248923	2.07736004390779e-05	2.0897238875285e-05
354000	0.447857025246981	1.65421134847589e-05	1.68999408933547e-05	0.442335134678713	1.6569703622393e-05	1.69283331926033e-05
355000	0.447225238537533	1.85272946044077e-05	1.91590813138563e-05	0.441770708435363	1.80009077091953e-05	1.85653339525458e-05
356000	0.447159355737566	1.51017056489066e-05	1.51675884488728e-05	0.44192250696614	1.51310689858988e-05	1.49792704551212e-05
357000	0.446761779110023	1.68852697796167e-05	1.72828464071603e-05	0.441394747952377	1.63655323819978e-05	1.68932913957612e-05
358000	0.446208308705564	1.9398484336739e-05	1.99519547411973e-05	0.440965823693321	1.94118677699907e-05	1.98407920290466e-05
359000	0.446116904500549	1.65886599679136e-05	1.66800641729292e-05	0.440594338427763	1.61599468040192e-05	1.6531432069577e-05
360000	0.445611162712151	1.87960609642827e-05	1.93018027526809e-05	0.439996221396606	1.82815376171578e-05	1.88796546483155e-05
361000	0.445510554758085	1.95451954741197e-05	1.96458034281854e-05	0.439805919108334	1.95906653719497e-05	1.97809676602212e-05
362000	0.445067698218357	1.66079540656928e-05	1.70508106054209e-05	0.439311597568184	1.62323946635143e-05	1.67267162036646e-05
363000	0.44493259731487	1.83823777759014e-05	1.85174786793887e-05	0.439285105125391	1.84359748374567e-05	1.84624672802499e-05
364000	0.444286477243942	2.02330279489994e-05	2.08791480199274e-05	0.438625010554758	2.00310520982859e-05	2.06911466689183e-05
365000	0.443925462298404	1.7702165836359e-05	1.80631807818965e-05	0.438394980157055	1.74745841425314e-05	1.77046145402347e-05
366000	0.443691188887951	1.69617706662163e-05	1.71960440766698e-05	0.438112007092797	1.66383728784937e-05	1.6921345942751e-05
367000	0.443525711390695	1.69943848686988e-05	1.71598623659545e-05	0.438079815080638	1.65081904922739e-05	1.6540382504433e-05
368000	0.442847504855189	1.78686988094233e-05	1.85469053449296e-05	0.437500802161614	1.78999197838385e-05	1.84789327028624e-05
369000	0.4429015663261	1.67028202313603e-05	1.66487587604492e-05	0.437588026682428	1.67142615891244e-05	1.66270370683104e-05
370000	0.442456303301528	1.65854935404881e-05	1.70307565650596e-05	0.437135755298489	1.6098412564384e-05	1.65506839483239e-05
371000	0.442258443806468	1.79313729629317e-05	1.81292324579921e-05	0.436821941231107	1.74269399645359e-05	1.77407540319176e-05
372000	0.441750949928228	1.49362703706831e-05	1.54437642489235e-05	0.436313898505446	1.51247361310479e-05	1.56327788567086e-05
373000	0.441384066537195	1.78745461454024e-05	1.8241429536435e-05	0.435984210081905	1.78208435362662e-05	1.81505319598075e-05
374000	0.441073988854175	1.59312040868023e-05	1.62412817698218e-05	0.435679114244702	1.57196867347801e-05	1.60247825719834e-05
375000	0.440298910748966	1.92482690196741e-05	2.00233471248839e-05	0.434971607700751	1.9137549607363e-05	1.9845056151313e-05
376000	0.439443088744406	1.46764966646964e-05	1.55323186692561e-05	0.434211833994765	1.46524529257789e-05	1.54122266317656e-05
377000	0.438914147597737	1.77288060457654e-05	1.82577471924344e-05	0.43359942582116	1.7399223169805e-05	1.80116313434096e-05
378000	0.438388900616398	2.06384573165583e-05	2.11637042978974e-05	0.432962551718315	2.01367263362324e-05	2.07736004390779e-05
379000	0.437943722029891	1.60969348982522e-05	1.65421134847589e-05	0.432520497340201	1.61276492442793e-05	1.6569703622393e-05
380000	0.437309486616567	1.78930591910833e-05	1.85272946044077e-05	0.431999788904838	1.74801992738326e-05	1.80009077091953e-05
381000	0.437029088913282	1.48213079456218e-05	1.51017056489066e-05	0.431899603141096	1.50308832221566e-05	1.51310689858988e-05
382000	0.436080089504349	1.59362703706831e-05	1.68852697796167e-05	0.431280503250865	1.57464324917673e-05	1.63655323819978e-05
383000	0.435796588702187	1.91149835345774e-05	1.9398484336739e-05	0.431171324833235	1.930268935236e-05	1.94118677699907e-05
384000	0.435493413830955	1.62854850966816e-05	1.65886599679136e-05	0.430812969686735	1.58015916575192e-05	1.61599468040192e-05
385000	0.434612239297475	1.79148864308031e-05	1.87960609642827e-05	0.430231085873512	1.76996538039348e-05	1.82815376171578e-05
386000	0.434048214134932	1.89811703115765e-05	1.95451954741197e-05	0.429775331419404	1.91349109178418e-05	1.95906653719497e-05
387000	0.433884573165583	1.64443130963438e-05	1.66079540656928e-05	0.429489234146753	1.59462973908638e-05	1.62323946635143e-05
388000	0.433778730051507	1.82765346618256e-05	1.83823777759014e-05	0.429373997297982	1.83207379886853e-05	1.84359748374567e-05
389000	0.432825255425146	1.92795533226378e-05	2.02330279489994e-05	0.428540319175884	1.91973739761885e-05	2.00310520982859e-05
390000	0.432219222325424	1.70961327366377e-05	1.7702165836359e-05	0.427976695094148	1.69109600607954e-05	1.74745841425314e-05
391000	0.432350080216161	1.70926285569535e-05	1.69617706662163e-05	0.428164717554674	1.68263953390189e-05	1.66383728784937e-05
392000	0.432202313602972	1.68466182555096e-05	1.69943848686988e-05	0.428025774719243	1.63692476568437e-05	1.65081904922739e-05
393000	0.431825276534662	1.74916617411129e-05	1.78686988094233e-05	0.427765198851642	1.76393439162374e-05	1.78999197838385e-05
394000	0.431623342902981	1.65008865996791e-05	1.67028202313603e-05	0.427583340369839	1.65324031073208e-05	1.67142615891244e-05
395000	0.430902452925779	1.58646035632863e-05	1.65854935404881e-05	0.426984927805455	1.55e-05	1.6098412564384e-05
396000	0.43001063919615	1.70395592333024e-05	1.79313729629317e-05	0.426065249514481	1.65072616735624e-05	1.74269399645359e-05
397000	0.429723465338174	1.46490965127079e-05	1.49362703706831e-05	0.425820505784007	1.48799924005742e-05	1.51247361310479e-05
398000	0.42910366883391	1.72547496411382e-05	1.78745461454024e-05	0.425201849193616	1.72021869458752e-05	1.78208435362662e-05
399000	0.429180190830026	1.60077260829182e-05	1.59312040868023e-05	0.425319619184328	1.58374567254918e-05	1.57196867347801e-05
400000	0.428931267415351	1.89993456049987e-05	1.92482690196741e-05	0.424965887021869	1.87838174449042e-05	1.9137549607363e-05
401000	0.428395001266571	1.41402305159166e-05	1.46764966646964e-05	0.424675631174533	1.43621970784429e-05	1.46524529257789e-05
402000	0.427832897069999	1.71667018491936e-05	1.77288060457654e-05	0.424199907118129	1.69234991134003e-05	1.7399223169805e-05
403000	0.427146668918348	1.99522291649076e-05	2.06384573165583e-05	0.423551275014777	1.94880942328802e-05	2.01367263362324e-05
404000	0.426938212446171	1.58884784260745e-05	1.60969348982522e-05	0.423278117875538	1.5854492105041e-05	1.61276492442793e-05
405000	0.42651868192181	1.74735286667229e-05	1.78930591910833e-05	0.422924913450984	1.71269948492781e-05	1.74801992738326e-05
406000	0.426537764924428	1.48403909482395e-05	1.48213079456218e-05	0.422966098117031	1.50720678882041e-05	1.50308832221566e-05
407000	0.426080342818543	1.54788482647978e-05	1.59362703706831e-05	0.422527906780377	1.53082411551127e-05	1.57464324917673e-05
408000	0.426170332685975	1.92049734020096e-05	1.91149835345774e-05	0.422629253567508	1.94040361394917e-05	1.930268935236e-05
409000	0.426057354555434	1.61725069661403e-05	1.62854850966816e-05	0.422873849531369	1.60461876213797e-05	1.58015916575192e-05
410000	0.425446909566833	1.73044414422021e-05	1.79148864308031e-05	0.422471734357849	1.72975386304147e-05	1.76996538039348e-05
411000	0.425091509752596	1.86257704973402e-05	1.89811703115765e-05	0.422295638773959	1.89588153339526e-05	1.91349109178418e-05
412000	0.424430570801317	1.57833741450646e-05	1.64443130963438e-05	0.421752406484843	1.54030651017479e-05	1.59462973908638e-05
413000	0.424315355062062	1.81613189225702e-05	1.82765346618256e-05	0.421522544963269	1.80908764671113e-05	1.83207379886853e-05
414000	0.423632377775901	1.85965760364773e-05	1.92795533226378e-05	0.420919593852909	1.85944228658279e-05	1.91973739761885e-05
415000	0.422874208393144	1.633796335388e-05	1.70961327366377e-05	0.420072912268851	1.60642784767373e-05	1.69109600607954e-05
416000	0.422776682428439	1.69951025922486e-05	1.70926285569535e-05	0.419955458920882	1.67089419910496e-05	1.68263953390189e-05
417000	0.422619712066199	1.66896478932703e-05	1.68466182555096e-05	0.41965327619691	1.60670649328717e-05	1.63692476568437e-05
418000	0.4222733682344	1.71453179093135e-05	1.74916617411129e-05	0.419308895550114	1.72949632694419e-05	1.76393439162374e-05
419000	0.422411107827409	1.66386261926877e-05	1.65008865996791e-05	0.419298615215739	1.6522122772946e-05	1.65324031073208e-05
420000	0.421673013594528	1.51265093304061e-05	1.58646035632863e-05	0.418767731993583	1.49691167778435e-05	1.55e-05
421000	0.420984927805455	1.63514734442286e-05	1.70395592333024e-05	0.41830043063413	1.60399603141096e-05	1.65072616735624e-05
422000	0.420913788735962	1.45779574432154e-05	1.46490965127079e-05	0.418225111880436	1.48046736468801e-05	1.48799924005742e-05
423000	0.420018386388584	1.635934729376e-05	1.72547496411382e-05	0.417413071012412	1.63901460778519e-05	1.72021869458752e-05
424000	0.419267162036646	1.52565017309803e-05	1.60077260829182e-05	0.416680929663092	1.51053153761716e-05	1.58374567254918e-05
425000	0.418948830532804	1.86810141011568e-05	1.89993456049987e-05	0.416482647977708	1.85855357595204e-05	1.87838174449042e-05
426000	0.418835746854682	1.40271468377945e-05	1.41402305159166e-05	0.416505066283881	1.43846153846154e-05	1.43621970784429e-05
427000	0.418402199611585	1.67331546060964e-05	1.71667018491936e-05	0.416156062653044	1.65744954825636e-05	1.69234991134003e-05
428000	0.417714240479608	1.92642700329309e-05	1.99522291649076e-05	0.415490184074981	1.88222156548172e-05	1.94880942328802e-05
429000	0.417447500633286	1.56217385797517e-05	1.58884784260745e-05	0.415427214388246	1.57915224183062e-05	1.5854492105041e-05
430000	0.417306636831884	1.73326648653213e-05	1.74735286667229e-05	0.415282255340708	1.69820358017394e-05	1.71269948492781e-05
431000	0.417032867516677	1.45666216330321e-05	1.48403909482395e-05	0.414982120239804	1.47719327873005e-05	1.50720678882041e-05
432000	0.417239297475302	1.56852782234231e-05	1.54788482647978e-05	0.415002913113231	1.53290340285401e-05	1.53082411551127e-05
433000	0.417025584733598	1.89912606603057e-05	1.92049734020096e-05	0.414686080385038	1.90872034112978e-05	1.94040361394917e-05
434000	0.417049417377354	1.61963396098961e-05	1.61725069661403e-05	0.414230389259478	1.55904964958203e-05	1.60461876213797e-05
435000	0.416750126657097	1.70051507219455e-05	1.73044414422021e-05	0.413961327366377	1.70284767373132e-05	1.72975386304147e-05
436000	0.416760976948408	1.86366207886515e-05	1.86257704973402e-05	0.413880836781221	1.88783247487968e-05	1.89588153339526e-05
437000	0.416518766359875	1.55411635565313e-05	1.57833741450646e-05	0.413552499366715	1.50747276872414e-05	1.54030651017479e-05
438000	0.41653483070168	1.81773832643756e-05	1.81613189225702e-05	0.413396141180444	1.7934518280841e-05	1.80908764671113e-05
439000	0.416313708519801	1.83754538545977e-05	1.85965760364773e-05	0.413231761378029	1.8430043063413e-05	1.85944228658279e-05
440000	0.415948767204256	1.59730220383349e-05	1.633796335388e-05	0.412896035632863	1.57285527315714e-05	1.60642784767373e-05
441000	0.415610550536182	1.66568859241746e-05	1.69951025922486e-05	0.412561977539475	1.63748838976611e-05	1.67089419910496e-05
442000	0.41538822511188	1.6467322468969e-05	1.66896478932703e-05	0.412308557797855	1.58136451912522e-05	1.60670649328717e-05
443000	0.415274149286498	1.70312420839315e-05	1.71453179093135e-05	0.412159630161277	1.71460356328633e-05	1.72949632694419e-05
444000	0.415322490078527	1.66869669847167e-05	1.66386261926877e-05	0.412177657688086	1.65401502997551e-05	1.6522122772946e-05
445000	0.414820294688846	1.46243139407245e-05	1.51265093304061e-05	0.411693320949084	1.44847800388415e-05	1.49691167778435e-05
446000	0.414598644769062	1.61298235244448e-05	1.63514734442286e-05	0.411616060119902	1.59626994849278e-05	1.60399603141096e-05
447000	0.414726927298826	1.47062399729798e-05	1.45779574432154e-05	0.411725576289791	1.49141898167694e-05	1.48046736468801e-05
448000	0.414388077345267	1.60204973402009e-05	1.635934729376e-05	0.411315650595288	1.59802203833488e-05	1.63901460778519e-05
449000	0.414027442371021	1.4895866756734e-05	1.52565017309803e-05	0.410944566410538	1.47342311914211e-05	1.51053153761716e-05
450000	0.413763657856962	1.84172295870978e-05	1.86810141011568e-05	0.410764945537448	1.84059148864308e-05	1.85855357595204e-05
451000	0.413760786962763	1.40242759435954e-05	1.40271468377945e-05	0.410753229755974	1.43728996031411e-05	1.43846153846154e-05
452000	0.41347933378367	1.64517014270033e-05	1.67331546060964e-05	0.410637190745588	1.64584564721777e-05	1.65744954825636e-05
453000	0.413229819302542	1.90147555518028e-05	1.92642700329309e-05	0.410374588364435	1.85596132736638e-05	1.88222156548172e-05
454000	0.412803470404458	1.51953896816685e-05	1.56217385797517e-05	0.409963797179769	1.53807312336401e-05	1.57915224183062e-05
455000	0.412545596554927	1.70747910157899e-05	1.73326648653213e-05	0.409628979143798	1.66472177657688e-05	1.69820358017394e-05
456000	0.412891053787047	1.49120788651524e-05	1.45666216330321e-05	0.410043633369923	1.51865870134257e-05	1.47719327873005e-05
457000	0.412896267837541	1.56904922739171e-05	1.56852782234231e-05	0.410154986067719	1.54403867263362e-05	1.53290340285401e-05
458000	0.412303977032846	1.83989698556109e-05	1.89912606603057e-05	0.40939958203158	1.83317993751583e-05	1.90872034112978e-05
459000	0.41196913788736	1.58615004644094e-05	1.61963396098961e-05	0.409233344591742	1.54242590559824e-05	1.55904964958203e-05
460000	0.412179473106476	1.72154859410622e-05	1.70051507219455e-05	0.409269969602297	1.7065101747868e-05	1.70284767373132e-05
461000	0.411888204002364	1.83453516845393e-05	1.86366207886515e-05	0.408985307776746	1.85936629232458e-05	1.88783247487968e-05
462000	0.411929494215993	1.55824537701596e-05	1.55411635565313e-05	0.408808114498016	1.48975344085113e-05	1.50747276872414e-05
463000	0.411393945790762	1.76418348391455e-05	1.81773832643756e-05	0.408388773959301	1.75151777421262e-05	1.7934518280841e-05
464000	0.41136584902474	1.83473570885756e-05	1.83754538545977e-05	0.408275458076501	1.8316727180613e-05	1.8430043063413e-05
465000	0.411551570548003	1.61587435615976e-05	1.59730220383349e-05	0.4083434729376	1.57965675926707e-05	1.57285527315714e-05
466000	0.411541332432661	1.66466478088322e-05	1.66568859241746e-05	0.408389956092206	1.64213670522672e-05	1.63748838976611e-05
467000	0.411309676602212	1.62356666385206e-05	1.6467322468969e-05	0.408408025838048	1.58317149370936e-05	1.58136451912522e-05
468000	0.411342544118889	1.7064109600608e-05	1.70312420839315e-05	0.408311027611247	1.70490374060626e-05	1.71460356328633e-05
469000	0.411458920881533	1.68033437473613e-05	1.66869669847167e-05	0.408525859157308	1.67549818458162e-05	1.65401502997551e-05
470000	0.41101570548003	1.41810985392215e-05	1.46243139407245e-05	0.408196170733767	1.41550916153002e-05	1.44847800388415e-05
471000	0.410950054884742	1.60641729291564e-05	1.61298235244448e-05	0.408096259393735	1.58627881448957e-05	1.59626994849278e-05
472000	0.411141665963016	1.48978510512539e-05	1.47062399729798e-05	0.408382187790256	1.52001182132905e-05	1.49141898167694e-05
473000	0.411077830786118	1.59566621633032e-05	1.60204973402009e-05	0.408321329055138	1.5919361648231e-05	1.59802203833488e-05
474000	0.410930233049059	1.4748269019674e-05	1.4895866756734e-05	0.408209659714599	1.46225618508824e-05	1.47342311914211e-05
475000	0.410443299839568	1.79302963776071e-05	1.84172295870978e-05	0.407859516169889	1.80557713417209e-05	1.84059148864308e-05
476000	0.410137824031073	1.37188001351009e-05	1.40242759435954e-05	0.40748826310901	1.40016465422612e-05	1.43728996031411e-05
477000	0.409844064004053	1.61579413999831e-05	1.64517014270033e-05	0.407248121253061	1.6218314616229e-05	1.64584564721777e-05
478000	0.409775521405049	1.89462129527992e-05	1.90147555518028e-05	0.407149159841256	1.84606518618593e-05	1.85596132736638e-05
479000	0.409075572067888	1.44954403445072e-05	1.51953896816685e-05	0.406526724647471	1.47582960398547e-05	1.53807312336401e-05
480000	0.408807438993498	1.68066579414e-05	1.70747910157899e-05	0.406346407160348	1.64669002786456e-05	1.66472177657688e-05
481000	0.408970573334459	1.50752132061132e-05	1.49120788651524e-05	0.406338068901461	1.51782487545386e-05	1.51865870134257e-05
482000	0.408711411804441	1.54313307438994e-05	1.56904922739171e-05	0.40617041712404	1.5272734948915e-05	1.54403867263362e-05
483000	0.40833300261758	1.80205606687495e-05	1.83989698556109e-05	0.405922781389851	1.80841636409693e-05	1.83317993751583e-05
484000	0.407625643840243	1.51541416870725e-05	1.58615004644094e-05	0.405308473359791	1.48099510259225e-05	1.54242590559824e-05
485000	0.407371654141687	1.69614962425061e-05	1.72154859410622e-05	0.404900236426581	1.66568648146584e-05	1.7065101747868e-05
486000	0.407045068817023	1.8018766359875e-05	1.83453516845393e-05	0.404761040276957	1.84544667736215e-05	1.85936629232458e-05
487000	0.406650911931099	1.51882968842354e-05	1.55824537701596e-05	0.404491703960145	1.46281980916997e-05	1.48975344085113e-05
488000	0.406023853753272	1.70147766613189e-05	1.76418348391455e-05	0.403957823186693	1.69812969686735e-05	1.75151777421262e-05
489000	0.40587306847927	1.8196571814574e-05	1.83473570885756e-05	0.403841277547919	1.8200181541839e-05	1.8316727180613e-05
490000	0.405671831461623	1.595750654395e-05	1.61587435615976e-05	0.403601093472938	1.55563835176898e-05	1.57965675926707e-05
491000	0.405586464578232	1.65612809254412e-05	1.66466478088322e-05	0.403524487038757	1.63447606180866e-05	1.64213670522672e-05
492000	0.405366651186355	1.60158532466436e-05	1.62356666385206e-05	0.403443130963438	1.57503588617749e-05	1.58317149370936e-05
493000	0.405514987756481	1.72124461707338e-05	1.7064109600608e-05	0.403397027780123	1.70029342227476e-05	1.70490374060626e-05
494000	0.40547591404205	1.67642700329309e-05	1.68033437473613e-05	0.403364160263447	1.67221143291396e-05	1.67549818458162e-05
495000	0.405576754200794	1.42819386979651e-05	1.41810985392215e-05	0.403623469560078	1.44144009119311e-05	1.41550916153002e-05
496000	0.405279806636832	1.57672253651946e-05	1.60641729291564e-05	0.403358861774888	1.55981803597062e-05	1.58627881448957e-05
497000	0.40507037912691	1.46884235413325e-05	1.48978510512539e-05	0.403252786456134	1.50940428945369e-05	1.52001182132905e-05
498000	0.405354323228912	1.62406062653044e-05	1.59566621633032e-05	0.403411403360635	1.60779785527316e-05	1.5919361648231e-05
499000	0.405495377015959	1.48893228067213e-05	1.4748269019674e-05	0.403557438993498	1.47685974837457e-05	1.46225618508824e-05
500000	0.405241535084016	1.76764544456641e-05	1.79302963776071e-05	0.403341551971629	1.78398843198514e-05	1.80557713417209e-05
