Distance from Center (cmd=annotatePeaks.pl tss mm10 -size 1000000 -hist 1000 -bedGraph /expanse/lustre/projects/csd940/ctea/homer/bwt2_bam/tags/ctrl_M3/tagdirs/tagdirs.25x50kb.PC1.bedGraph /expanse/lustre/projects/csd940/ctea/homer/bwt2_bam/tags/mut_M3/tagdirs/tagdirs.25x50kb.PC1.bedGraph)	/expanse/lustre/projects/csd940/ctea/homer/bwt2_bam/tags/ctrl_M3/tagdirs/tagdirs.25x50kb.PC1.bedGraph Coverage	/expanse/lustre/projects/csd940/ctea/homer/bwt2_bam/tags/ctrl_M3/tagdirs/tagdirs.25x50kb.PC1.bedGraph + Tags	/expanse/lustre/projects/csd940/ctea/homer/bwt2_bam/tags/ctrl_M3/tagdirs/tagdirs.25x50kb.PC1.bedGraph - Tags	/expanse/lustre/projects/csd940/ctea/homer/bwt2_bam/tags/mut_M3/tagdirs/tagdirs.25x50kb.PC1.bedGraph Coverage	/expanse/lustre/projects/csd940/ctea/homer/bwt2_bam/tags/mut_M3/tagdirs/tagdirs.25x50kb.PC1.bedGraph + Tags	/expanse/lustre/projects/csd940/ctea/homer/bwt2_bam/tags/mut_M3/tagdirs/tagdirs.25x50kb.PC1.bedGraph - Tags
-500000	0.399282698640547	1.65487840918686e-05	1.64831546060964e-05	0.395945896310057	1.67604069914718e-05	1.66410748965634e-05
-499000	0.399175905598244	1.67720805539137e-05	1.68788735962172e-05	0.395870197585071	1.62117706662163e-05	1.62874693912015e-05
-498000	0.399355188719075	1.63351557882293e-05	1.61558726673984e-05	0.396248754538546	1.63502068732585e-05	1.59716499197839e-05
-497000	0.399701912522165	1.63152917335134e-05	1.5968567930423e-05	0.396612450392637	1.61534239635228e-05	1.57897281094318e-05
-496000	0.400152474035295	1.30354217681331e-05	1.2584860255003e-05	0.397019864054716	1.30681626277126e-05	1.26607489656337e-05
-495000	0.400167187368066	1.64054293675589e-05	1.63907160347885e-05	0.397056784598497	1.64313940724478e-05	1.63944735286667e-05
-494000	0.399984315629486	1.20099636916322e-05	1.21928354302119e-05	0.397141222663177	1.14139787216077e-05	1.13295406569281e-05
-493000	0.399994237102086	1.65014354470996e-05	1.64915139744997e-05	0.397292155703791	1.70277379042473e-05	1.68768048636326e-05
-492000	0.400390884910918	1.83724985223338e-05	1.79758507135016e-05	0.397574305496918	1.81441146668918e-05	1.78619648737651e-05
-491000	0.400446972895381	1.71477243941569e-05	1.70916364096935e-05	0.397543506712826	1.69505826226464e-05	1.69813814067382e-05
-490000	0.400668728362746	1.60896098961412e-05	1.58678544287765e-05	0.39786177488812	1.57005192940978e-05	1.53822511188044e-05
-489000	0.400611289369248	1.67505066283881e-05	1.68079456218863e-05	0.397955902220721	1.70805328041881e-05	1.69864054715866e-05
-488000	0.400513594528413	1.35317698218357e-05	1.36294646626699e-05	0.398078654057249	1.37508443806467e-05	1.36280925441189e-05
-487000	0.40115526049143	1.5787891581525e-05	1.51462256185088e-05	0.398732246896901	1.56675251203242e-05	1.50139322806721e-05
-486000	0.401198914970869	1.69623195136367e-05	1.69186650341974e-05	0.398839018829688	1.72545596554927e-05	1.71477877227054e-05
-485000	0.401675441188888	1.54882631090095e-05	1.50117368909904e-05	0.39945849869121	1.58461327366377e-05	1.52266528751161e-05
-484000	0.401773410453432	1.6590707590982e-05	1.64927383264376e-05	0.399569576965296	1.60039052604915e-05	1.58928269864055e-05
-483000	0.402196825128768	1.71849193616482e-05	1.67615046863126e-05	0.400006037321625	1.71100016887613e-05	1.66735413324327e-05
-482000	0.402083846998227	1.67840285400658e-05	1.68970066706071e-05	0.39999746685806	1.68686143713586e-05	1.68771848349237e-05
-481000	0.402282973064257	1.55594021785021e-05	1.53602761124716e-05	0.400055264713333	1.59905218272397e-05	1.59327239719666e-05
-480000	0.402438254665203	1.57723127585916e-05	1.56170311576458e-05	0.400158194714177	1.51554504770751e-05	1.50525204762307e-05
-479000	0.402996263615638	1.78464704888964e-05	1.72884615384616e-05	0.400699991556194	1.74322384530946e-05	1.68904416110783e-05
-478000	0.40297707506544	1.79466351431225e-05	1.7965823693321e-05	0.400686819218104	1.76777843451829e-05	1.76909566832728e-05
-477000	0.403303449294942	1.77959976357342e-05	1.74696234062315e-05	0.400827514143376	1.71987038757072e-05	1.70580089504349e-05
-476000	0.403614519125222	1.4079899518703e-05	1.37688296884236e-05	0.401071329055138	1.38222156548172e-05	1.3578400743055e-05
-475000	0.403714704888964	1.66489698556109e-05	1.65487840918686e-05	0.401203559064426	1.68926370007599e-05	1.67604069914718e-05
-474000	0.404077134172085	1.71345098370345e-05	1.67720805539137e-05	0.401364772439416	1.63729840412058e-05	1.62117706662163e-05
-473000	0.404020370683104	1.62783922992485e-05	1.63351557882293e-05	0.401151967406907	1.61374018407498e-05	1.63502068732585e-05
-472000	0.404356603056658	1.66515241070674e-05	1.63152917335134e-05	0.401394726842861	1.63961833994765e-05	1.61534239635228e-05
-471000	0.405267204255678	1.39460229671536e-05	1.30354217681331e-05	0.402151186354809	1.38246221396605e-05	1.30681626277126e-05
-470000	0.404937790255847	1.60760153677278e-05	1.64054293675589e-05	0.401988157561429	1.62683652790678e-05	1.64313940724478e-05
-469000	0.405120957527653	1.21931309634383e-05	1.20099636916322e-05	0.402195642995863	1.16214641560416e-05	1.14139787216077e-05
-468000	0.4052514354471	1.66319133665456e-05	1.65014354470996e-05	0.402215633707675	1.70477286160601e-05	1.70277379042473e-05
-467000	0.405410284556278	1.85313476315123e-05	1.83724985223338e-05	0.402343810689859	1.82722916490754e-05	1.81441146668918e-05
-466000	0.405587034535168	1.73244743730474e-05	1.71477243941569e-05	0.402426433336148	1.70332052689352e-05	1.69505826226464e-05
-465000	0.406033310816516	1.65358861774888e-05	1.60896098961412e-05	0.402863695854091	1.61377818120409e-05	1.57005192940978e-05
-464000	0.406119902051845	1.6837097863717e-05	1.67505066283881e-05	0.402999535590644	1.72163725407414e-05	1.70805328041881e-05
-463000	0.406450202651355	1.3862070421346e-05	1.35317698218357e-05	0.403344380646796	1.40956894367981e-05	1.37508443806467e-05
-462000	0.406934201638098	1.62718905682682e-05	1.5787891581525e-05	0.403846006079541	1.61691505530693e-05	1.56675251203242e-05
-461000	0.407280249936671	1.73083678122097e-05	1.69623195136367e-05	0.40417791100228	1.75864645782319e-05	1.72545596554927e-05
-460000	0.407796525373638	1.60045385459765e-05	1.54882631090095e-05	0.404635924174618	1.63041459089757e-05	1.58461327366377e-05
-459000	0.407697775056996	1.64919572743393e-05	1.6590707590982e-05	0.404651038588196	1.60190196740691e-05	1.60039052604915e-05
-458000	0.408351958963101	1.78391032677531e-05	1.71849193616482e-05	0.405064088491092	1.75230515916576e-05	1.71100016887613e-05
-457000	0.408260406991472	1.66924765684371e-05	1.67840285400658e-05	0.404972283205269	1.67768090855357e-05	1.68686143713586e-05
-456000	0.408591340876467	1.58903360634974e-05	1.55594021785021e-05	0.40520849869121	1.62267373131808e-05	1.59905218272397e-05
-455000	0.408584796926454	1.57657688085789e-05	1.57723127585916e-05	0.405241176222241	1.51881280081061e-05	1.51554504770751e-05
-454000	0.408708625348307	1.7970298910749e-05	1.78464704888964e-05	0.405300620619775	1.7491682850629e-05	1.74322384530946e-05
-453000	0.408687262517943	1.79252723127586e-05	1.79466351431225e-05	0.405453136874103	1.78303005995103e-05	1.76777843451829e-05
-452000	0.408810732078021	1.79194671958119e-05	1.77959976357342e-05	0.405626973739762	1.73725407413662e-05	1.71987038757072e-05
-451000	0.409649054293676	1.49182217343578e-05	1.4079899518703e-05	0.406569978046103	1.47652199611585e-05	1.38222156548172e-05
-450000	0.4103852486701	1.73851642320358e-05	1.66489698556109e-05	0.407169108334037	1.74917672886937e-05	1.68926370007599e-05
-449000	0.410756733935658	1.75059951025922e-05	1.71345098370345e-05	0.407523621548594	1.67274972557629e-05	1.63729840412058e-05
-448000	0.410673013594528	1.61946719581187e-05	1.62783922992485e-05	0.40720607109685	1.58198513890062e-05	1.61374018407498e-05
-447000	0.411007894959048	1.69864054715866e-05	1.66515241070674e-05	0.40743540488052	1.66255171831461e-05	1.63961833994765e-05
-446000	0.411860508317149	1.47986363252554e-05	1.39460229671536e-05	0.408192265473275	1.45814827324157e-05	1.38246221396605e-05
-445000	0.411901249683357	1.61167567339357e-05	1.60760153677278e-05	0.408305750232205	1.63818500379971e-05	1.62683652790678e-05
-444000	0.412553385966394	1.28452672464747e-05	1.21931309634383e-05	0.408869585409102	1.21852993329393e-05	1.16214641560416e-05
-443000	0.412625960482986	1.67044878831377e-05	1.66319133665456e-05	0.408889618339948	1.70677615469054e-05	1.70477286160601e-05
-442000	0.413100776830195	1.90061639787216e-05	1.85313476315123e-05	0.40936502575361	1.87476990627375e-05	1.82722916490754e-05
-441000	0.413825382082243	1.8049079625095e-05	1.73244743730474e-05	0.410005488474204	1.76736679895297e-05	1.70332052689352e-05
-440000	0.414480494807059	1.71909989023052e-05	1.65358861774888e-05	0.410607194123111	1.67394874609474e-05	1.61377818120409e-05
-439000	0.415116883391033	1.74734864476907e-05	1.6837097863717e-05	0.411171071519041	1.77802499366714e-05	1.72163725407414e-05
-438000	0.415546103183315	1.42912902136283e-05	1.3862070421346e-05	0.411678248754539	1.46028666722959e-05	1.40956894367981e-05
-437000	0.416101177911002	1.68269652959554e-05	1.62718905682682e-05	0.412211306256861	1.67022080553913e-05	1.61691505530693e-05
-436000	0.416263024571477	1.74702144726843e-05	1.73083678122097e-05	0.412276450223761	1.76516085451321e-05	1.75864645782319e-05
-435000	0.416548889639449	1.62904036139492e-05	1.60045385459765e-05	0.412550620619775	1.65783163049904e-05	1.63041459089757e-05
-434000	0.416941252216499	1.6884319851389e-05	1.64919572743393e-05	0.413036435024909	1.65048340792029e-05	1.60190196740691e-05
-433000	0.417024001519885	1.79218525711391e-05	1.78391032677531e-05	0.413158701342565	1.76453179093135e-05	1.75230515916576e-05
-432000	0.416978869374314	1.66473444228658e-05	1.66924765684371e-05	0.413103858819556	1.67219665625264e-05	1.67768090855357e-05
-431000	0.417484737819809	1.63962045089926e-05	1.58903360634974e-05	0.413553998142363	1.66768766359875e-05	1.62267373131808e-05
-430000	0.417846301612767	1.61273326015368e-05	1.57657688085789e-05	0.413890336063497	1.55244659292409e-05	1.51881280081061e-05
-429000	0.418222810943173	1.83468082411551e-05	1.7970298910749e-05	0.414182048467449	1.77833952545808e-05	1.7491682850629e-05
-428000	0.418645507894959	1.83479692645445e-05	1.79252723127586e-05	0.41467322468969	1.83214768217513e-05	1.78303005995103e-05
-427000	0.419011293591151	1.82852528920037e-05	1.79194671958119e-05	0.415080617242253	1.7779933293929e-05	1.73725407413662e-05
-426000	0.419455100059107	1.53620282023136e-05	1.49182217343578e-05	0.415556320189141	1.52409229080469e-05	1.47652199611585e-05
-425000	0.420471333277041	1.84013974499704e-05	1.73851642320358e-05	0.416221058853331	1.81565059528835e-05	1.74917672886937e-05
-424000	0.420566051676096	1.76007135016466e-05	1.75059951025922e-05	0.416464388246221	1.69708266486532e-05	1.67274972557629e-05
-423000	0.420802731571392	1.64313518534155e-05	1.61946719581187e-05	0.416776091361986	1.61315545047707e-05	1.58198513890062e-05
-422000	0.420784746263616	1.69684201638099e-05	1.69864054715866e-05	0.416871168622815	1.67205944439753e-05	1.66255171831461e-05
-421000	0.420745862534831	1.47597525964705e-05	1.47986363252554e-05	0.416708878662501	1.44191927721016e-05	1.45814827324157e-05
-420000	0.421128134763151	1.64990289622562e-05	1.61167567339357e-05	0.416937051422781	1.66100227982775e-05	1.63818500379971e-05
-419000	0.420909904584987	1.26270370683104e-05	1.28452672464747e-05	0.416990542936756	1.22387908469138e-05	1.21852993329393e-05
-418000	0.420947352866672	1.67419361648231e-05	1.67044878831377e-05	0.4169801570548	1.70573756649498e-05	1.70677615469054e-05
-417000	0.421061977539475	1.91207886515242e-05	1.90061639787216e-05	0.417085746854682	1.88532888626193e-05	1.87476990627375e-05
-416000	0.421414928649835	1.84020307354556e-05	1.8049079625095e-05	0.417734653381744	1.83225745165921e-05	1.76736679895297e-05
-415000	0.422208583129275	1.79846533817445e-05	1.71909989023052e-05	0.418445009710377	1.74498437895803e-05	1.67394874609474e-05
-414000	0.423256100650173	1.85210039685891e-05	1.74734864476907e-05	0.419299248501224	1.86344887275184e-05	1.77802499366714e-05
-413000	0.423537173857975	1.45723634214304e-05	1.42912902136283e-05	0.419440661150046	1.4744279321118e-05	1.46028666722959e-05
-412000	0.423897555518028	1.71873469560078e-05	1.68269652959554e-05	0.419786793886684	1.70483407920291e-05	1.67022080553913e-05
-411000	0.424423034704045	1.79956936587014e-05	1.74702144726843e-05	0.420199062737482	1.80638773959301e-05	1.76516085451321e-05
-410000	0.424764417799544	1.66317867094486e-05	1.62904036139492e-05	0.420494300430634	1.68735539981424e-05	1.65783163049904e-05
-409000	0.425208878662501	1.7328780714346e-05	1.6884319851389e-05	0.420970320020265	1.69808536688339e-05	1.65048340792029e-05
-408000	0.424870472008782	1.75834459174195e-05	1.79218525711391e-05	0.42077562695263	1.74506248416787e-05	1.76453179093135e-05
-407000	0.425549332939289	1.73262053533733e-05	1.66473444228658e-05	0.421245799206282	1.71921388161783e-05	1.67219665625264e-05
-406000	0.426317909313519	1.71647808832222e-05	1.63962045089926e-05	0.422003989698556	1.74350671282614e-05	1.66768766359875e-05
-405000	0.426592438571308	1.64018618593262e-05	1.61273326015368e-05	0.422254285231782	1.57747614624673e-05	1.55244659292409e-05
-404000	0.426894009119311	1.86483787891581e-05	1.83468082411551e-05	0.422474478594951	1.80035886177489e-05	1.77833952545808e-05
-403000	0.426864096934898	1.83180570801317e-05	1.83479692645445e-05	0.422586274592586	1.8433272819387e-05	1.83214768217513e-05
-402000	0.427234378958034	1.86555349151398e-05	1.82852528920037e-05	0.422966794731065	1.81604534324074e-05	1.7779933293929e-05
-401000	0.427192497677953	1.53201469222326e-05	1.53620282023136e-05	0.422871548594106	1.51456767710884e-05	1.52409229080469e-05
-400000	0.42787378620282	1.90826859748375e-05	1.84013974499704e-05	0.423536055053618	1.88210124123955e-05	1.81565059528835e-05
-399000	0.427717026935743	1.74439542345689e-05	1.76007135016466e-05	0.423437199189395	1.68719707844296e-05	1.69708266486532e-05
-398000	0.428111373807312	1.68256987249852e-05	1.64313518534155e-05	0.423877860339441	1.65722156548172e-05	1.61315545047707e-05
-397000	0.427980368149962	1.68374145064595e-05	1.69684201638099e-05	0.423818880351262	1.66616144557967e-05	1.67205944439753e-05
-396000	0.427575382082243	1.43547665287511e-05	1.47597525964705e-05	0.423507979397112	1.41082918179515e-05	1.44191927721016e-05
-395000	0.428003208646458	1.69268555264714e-05	1.64990289622562e-05	0.42377788567086	1.68799290720257e-05	1.66100227982775e-05
-394000	0.4284900785274	1.31139069492527e-05	1.26270370683104e-05	0.424248627881449	1.27095330575023e-05	1.22387908469138e-05
-393000	0.428959385290889	1.72112429283121e-05	1.67419361648231e-05	0.424655133834333	1.74638816178333e-05	1.70573756649498e-05
-392000	0.428874313940725	1.90357173013595e-05	1.91207886515242e-05	0.424680317487123	1.88784725154099e-05	1.88532888626193e-05
-391000	0.429212615046863	1.87403318415942e-05	1.84020307354556e-05	0.425448830532804	1.90910875622731e-05	1.83225745165921e-05
-390000	0.429782677531031	1.85547158659124e-05	1.79846533817445e-05	0.426020096259394	1.80211095161699e-05	1.74498437895803e-05
-389000	0.430600544625517	1.93388710630752e-05	1.85210039685891e-05	0.42681911255594	1.94335050240648e-05	1.86344887275184e-05
-388000	0.430978299417377	1.49501182132905e-05	1.45723634214304e-05	0.426919868276619	1.48450350417968e-05	1.4744279321118e-05
-387000	0.431464958203158	1.76740057417884e-05	1.71873469560078e-05	0.427278708941991	1.7407181457401e-05	1.70483407920291e-05
-386000	0.432150109769484	1.86808452250274e-05	1.79956936587014e-05	0.427986004390779	1.87711728447184e-05	1.80638773959301e-05
-385000	0.432742105040952	1.7223781980917e-05	1.66317867094486e-05	0.42833697120662	1.72245208139829e-05	1.68735539981424e-05
-384000	0.432772439415689	1.73591150890821e-05	1.7328780714346e-05	0.42835736299924	1.7001245461454e-05	1.69808536688339e-05
-383000	0.432834290298066	1.76452967997973e-05	1.75834459174195e-05	0.428291015789918	1.73842776323567e-05	1.74506248416787e-05
-382000	0.433389576120915	1.78814911762223e-05	1.73262053533733e-05	0.428825677615469	1.77268006417293e-05	1.71921388161783e-05
-381000	0.43427265051085	1.80478552731571e-05	1.71647808832222e-05	0.42965112302626	1.82605125390526e-05	1.74350671282614e-05
-380000	0.434240099636916	1.63693109853922e-05	1.64018618593262e-05	0.429827535252892	1.5951173689099e-05	1.57747614624673e-05
-379000	0.434321075740944	1.87293548931859e-05	1.86483787891581e-05	0.430169087224521	1.83451405893777e-05	1.80035886177489e-05
-378000	0.434334775816938	1.83317571561259e-05	1.83180570801317e-05	0.430191294435532	1.84554800303977e-05	1.8433272819387e-05
-377000	0.434338871063075	1.86596301612767e-05	1.86555349151398e-05	0.430214894874609	1.81840538714852e-05	1.81604534324074e-05
-376000	0.434312357510766	1.52936333699232e-05	1.53201469222326e-05	0.430124377269273	1.50551591657519e-05	1.51456767710884e-05
-375000	0.434508507135016	1.92788355990881e-05	1.90826859748375e-05	0.43035780629908	1.90544414422021e-05	1.88210124123955e-05
-374000	0.43461701004813	1.75524571476821e-05	1.74439542345689e-05	0.430517879760196	1.70320442455459e-05	1.68719707844296e-05
-373000	0.435024571476822	1.72332601536773e-05	1.68256987249852e-05	0.430780017731994	1.68343536266149e-05	1.65722156548172e-05
-372000	0.435185447099552	1.69982901291902e-05	1.68374145064595e-05	0.430856054209238	1.67376509330407e-05	1.66616144557967e-05
-371000	0.435633876551549	1.48031959807482e-05	1.43547665287511e-05	0.431329603985477	1.45818415941906e-05	1.41082918179515e-05
-370000	0.435996242506122	1.72892214810437e-05	1.69268555264714e-05	0.43179772861606	1.73480537026091e-05	1.68799290720257e-05
-369000	0.43665112302626	1.37687874693912e-05	1.31139069492527e-05	0.432477265051085	1.33890694925272e-05	1.27095330575023e-05
-368000	0.43743143629148	1.7991556193532e-05	1.72112429283121e-05	0.433092586337921	1.80792029046694e-05	1.74638816178333e-05
-367000	0.437678924259056	1.92832052689352e-05	1.90357173013595e-05	0.433461116271215	1.92470024487039e-05	1.88784725154099e-05
-366000	0.438135311998649	1.91967195811871e-05	1.87403318415942e-05	0.433612239297475	1.92422105885333e-05	1.90910875622731e-05
-365000	0.438411361141603	1.8830765008866e-05	1.85547158659124e-05	0.433960103014439	1.83689732331335e-05	1.80211095161699e-05
-364000	0.439164612007093	2.00921219285654e-05	1.93388710630752e-05	0.434611563792958	2.00849658025839e-05	1.94335050240648e-05
-363000	0.439695495229249	1.54810014354471e-05	1.49501182132905e-05	0.435229397112218	1.54628683610572e-05	1.48450350417968e-05
-362000	0.440045153255087	1.80236637676264e-05	1.76740057417884e-05	0.435518660812294	1.7696445157477e-05	1.7407181457401e-05
-361000	0.440499408933547	1.91351009034873e-05	1.86808452250274e-05	0.435896901123026	1.91494131554504e-05	1.87711728447184e-05
-360000	0.441030355484252	1.77547285316221e-05	1.7223781980917e-05	0.436411909989023	1.77395296799797e-05	1.72245208139829e-05
-359000	0.441083234822258	1.74119944270877e-05	1.73591150890821e-05	0.436372857384109	1.69621928565397e-05	1.7001245461454e-05
-358000	0.441125200540404	1.76872625179431e-05	1.76452967997973e-05	0.43634644937938	1.73578696276281e-05	1.73842776323567e-05
-357000	0.441131786709449	1.78880773452672e-05	1.78814911762223e-05	0.436307143460272	1.76874947226209e-05	1.77268006417293e-05
-356000	0.441713290551381	1.86293591150891e-05	1.80478552731571e-05	0.43685141011568	1.88047791944609e-05	1.82605125390526e-05
-355000	0.441898948746095	1.65549691801064e-05	1.63693109853922e-05	0.436863928058769	1.59636916321878e-05	1.5951173689099e-05
-354000	0.442006543950013	1.88369500971038e-05	1.87293548931859e-05	0.436918643924681	1.83998564552901e-05	1.83451405893777e-05
-353000	0.441829519547412	1.81547327535253e-05	1.83317571561259e-05	0.436553512623491	1.80903487292072e-05	1.84554800303977e-05
-352000	0.441775014776661	1.8605125390526e-05	1.86596301612767e-05	0.436660368994343	1.82909102423373e-05	1.81840538714852e-05
-351000	0.441940787807143	1.54594064004053e-05	1.52936333699232e-05	0.436813054124799	1.52078442962088e-05	1.50551591657519e-05
-350000	0.441961411804441	1.92994595963861e-05	1.92788355990881e-05	0.436938571307946	1.91799586253483e-05	1.90544414422021e-05
-349000	0.442418158405809	1.80092037490501e-05	1.75524571476821e-05	0.437371886346365	1.74653592839652e-05	1.70320442455459e-05
-348000	0.442630583467027	1.74456852148949e-05	1.72332601536773e-05	0.437672886937431	1.71353542176813e-05	1.68343536266149e-05
-347000	0.44327265051085	1.76403571730136e-05	1.69982901291902e-05	0.438223000928819	1.72877649244279e-05	1.67376509330407e-05
-346000	0.443505446255172	1.50359917250696e-05	1.48031959807482e-05	0.438332770412902	1.4691611078274e-05	1.45818415941906e-05
-345000	0.443865616820062	1.76493920459343e-05	1.72892214810437e-05	0.438677277716795	1.76925610065018e-05	1.73480537026091e-05
-344000	0.443710947395086	1.36141180444145e-05	1.37687874693912e-05	0.43866275436967	1.33745461454023e-05	1.33890694925272e-05
-343000	0.443930275268091	1.82108840665372e-05	1.7991556193532e-05	0.438848813645191	1.82652621801908e-05	1.80792029046694e-05
-342000	0.444877775901376	2.02307059022207e-05	1.92832052689352e-05	0.439695706324411	2.00938951279237e-05	1.92470024487039e-05
-341000	0.445070526893524	1.93894705733344e-05	1.91967195811871e-05	0.439426855526471	1.89733597905936e-05	1.92422105885333e-05
-340000	0.445821687916913	1.95819260322553e-05	1.8830765008866e-05	0.440086823440007	1.90289411466689e-05	1.83689732331335e-05
-339000	0.446413092121929	2.0683526133581e-05	2.00921219285654e-05	0.44056531284303	2.05634552056067e-05	2.00849658025839e-05
-338000	0.446768914126488	1.58368234400067e-05	1.54810014354471e-05	0.441016824284387	1.5914379802415e-05	1.54628683610572e-05
-337000	0.446862534830702	1.81172844718399e-05	1.80236637676264e-05	0.441158954656759	1.78385755298488e-05	1.7696445157477e-05
-336000	0.447468124630583	1.9740690703369e-05	1.91351009034873e-05	0.44158922992485	1.95796884235413e-05	1.91494131554504e-05
-335000	0.447772249430043	1.80588533310816e-05	1.77547285316221e-05	0.442102972219877	1.82532719750063e-05	1.77395296799797e-05
-334000	0.448009815925019	1.76495609220637e-05	1.74119944270877e-05	0.442353626614878	1.7212847251541e-05	1.69621928565397e-05
-333000	0.448114666891835	1.77921134847589e-05	1.76872625179431e-05	0.442508464915984	1.75127079287343e-05	1.73578696276281e-05
-332000	0.448309676602212	1.80830870556447e-05	1.78880773452672e-05	0.44268612260407	1.78651524107068e-05	1.76874947226209e-05
-331000	0.448580363928059	1.89000464409355e-05	1.86293591150891e-05	0.443072342311914	1.91909989023053e-05	1.88047791944609e-05
-330000	0.448739297475302	1.67139027273495e-05	1.65549691801064e-05	0.443281410960061	1.61727602803344e-05	1.59636916321878e-05
-329000	0.44870507894959	1.88027315713924e-05	1.88369500971038e-05	0.443414844211771	1.85332897069999e-05	1.83998564552901e-05
-328000	0.448608207379887	1.80578611838217e-05	1.81547327535253e-05	0.443216858059613	1.78923625770497e-05	1.80903487292072e-05
-327000	0.448915224183062	1.89121421937009e-05	1.8605125390526e-05	0.44344080891666	1.85148610993837e-05	1.82909102423373e-05
-326000	0.449217385797518	1.57615680148611e-05	1.54594064004053e-05	0.443836654563877	1.56036899434265e-05	1.52078442962088e-05
-325000	0.449076733091278	1.91588068901461e-05	1.92994595963861e-05	0.443772397196656	1.91157012581272e-05	1.91799586253483e-05
-324000	0.449291691294436	1.82241619522081e-05	1.80092037490501e-05	0.444134319851389	1.7827281938698e-05	1.74653592839652e-05
-323000	0.449822215654817	1.79762095752765e-05	1.74456852148949e-05	0.44478400743055	1.7785041796842e-05	1.71353542176813e-05
-322000	0.450539728109432	1.83578696276281e-05	1.76403571730136e-05	0.445404078358524	1.79078358524023e-05	1.72877649244279e-05
-321000	0.450484041205776	1.49803048214135e-05	1.50359917250696e-05	0.445359283965212	1.46468166849616e-05	1.4691611078274e-05
-320000	0.450973275352529	1.81386261926877e-05	1.76493920459343e-05	0.445767753103099	1.81010301443891e-05	1.76925610065018e-05
-319000	0.450789622561851	1.34304652537364e-05	1.36141180444145e-05	0.445572468969011	1.31792620113147e-05	1.33745461454023e-05
-318000	0.450834585831293	1.8255847335979e-05	1.82108840665372e-05	0.445761082495989	1.84538757071688e-05	1.82652621801908e-05
-317000	0.451694165329731	2.10902854006587e-05	2.02307059022207e-05	0.446552921557038	2.08857341889724e-05	2.00938951279237e-05
-316000	0.452629654648315	2.03249598919193e-05	1.93894705733344e-05	0.447478214979313	1.98986532128684e-05	1.89733597905936e-05
-315000	0.453181816262771	2.01340876467111e-05	1.95819260322553e-05	0.448008676011146	1.95594021785021e-05	1.90289411466689e-05
-314000	0.453311449801571	2.08131596723803e-05	2.0683526133581e-05	0.448171725914042	2.07265051085029e-05	2.05634552056067e-05
-313000	0.453223000928819	1.57483745672549e-05	1.58368234400067e-05	0.448152178502069	1.58948323904416e-05	1.5914379802415e-05
-312000	0.453178417630668	1.80727011736891e-05	1.81172844718399e-05	0.448212551718315	1.78989487460948e-05	1.78385755298488e-05
-311000	0.453469327873005	2.00316009457063e-05	1.9740690703369e-05	0.44849658025838	1.98637169636072e-05	1.95796884235413e-05
-310000	0.453537617157815	1.81271426158912e-05	1.80588533310816e-05	0.448501034366292	1.82577260829182e-05	1.82532719750063e-05
-309000	0.454059824368825	1.81717681330744e-05	1.76495609220637e-05	0.448953749050072	1.76655619353205e-05	1.7212847251541e-05
-308000	0.454220108925103	1.79523980410369e-05	1.77921134847589e-05	0.449181415181964	1.77403740606265e-05	1.75127079287343e-05
-307000	0.454324558811112	1.81875369416533e-05	1.80830870556447e-05	0.449192244363759	1.78759815925019e-05	1.78651524107068e-05
-306000	0.454936354808748	1.95118424385713e-05	1.89000464409355e-05	0.449607109685046	1.9605864223592e-05	1.91909989023053e-05
-305000	0.455555982436883	1.73335303554842e-05	1.67139027273495e-05	0.450087182301782	1.665283289707e-05	1.61727602803344e-05
-304000	0.455826859748375	1.90736088828844e-05	1.88027315713924e-05	0.450293337836697	1.87394452419151e-05	1.85332897069999e-05
-303000	0.456276154690535	1.85071561259816e-05	1.80578611838217e-05	0.450551211686228	1.81502364265811e-05	1.78923625770497e-05
-302000	0.45656261082496	1.91985983281263e-05	1.89121421937009e-05	0.45086160601199	1.88252554251457e-05	1.85148610993837e-05
-301000	0.456966562526387	1.61655197162881e-05	1.57615680148611e-05	0.451528730051507	1.62708139829435e-05	1.56036899434265e-05
-300000	0.456948640547159	1.91408849109178e-05	1.91588068901461e-05	0.45134744152664	1.89344127332601e-05	1.91157012581272e-05
-299000	0.457034112978131	1.830963438318e-05	1.82241619522081e-05	0.451511673562442	1.79915139744997e-05	1.7827281938698e-05
-298000	0.457471291058009	1.84133876551549e-05	1.79762095752765e-05	0.451907455881111	1.81808241155113e-05	1.7785041796842e-05
-297000	0.458341129781305	1.92277083509246e-05	1.83578696276281e-05	0.452666617411129	1.866699738242e-05	1.79078358524023e-05
-296000	0.458626657097019	1.52658321371274e-05	1.49803048214135e-05	0.453006100650173	1.49862999240057e-05	1.46468166849616e-05
-295000	0.459292366798953	1.88043358946213e-05	1.81386261926877e-05	0.453753103098877	1.88480325930929e-05	1.81010301443891e-05
-294000	0.459642510343663	1.37806087984463e-05	1.34304652537364e-05	0.453919657181457	1.33458160938951e-05	1.31792620113147e-05
-293000	0.459989846322722	1.86031833150384e-05	1.8255847335979e-05	0.45421725914042	1.87514776661319e-05	1.84538757071688e-05
-292000	0.460470932196234	2.15713712741704e-05	2.10902854006587e-05	0.454774888119564	2.14433631681162e-05	2.08857341889724e-05
-291000	0.46103400743055	2.08880351262349e-05	2.03249598919193e-05	0.455679219792282	2.08029848855864e-05	1.98986532128684e-05
-290000	0.461969897829942	2.10699780461032e-05	2.01340876467111e-05	0.456643840243182	2.05240226294013e-05	1.95594021785021e-05
-289000	0.461844697289538	2.06879591319767e-05	2.08131596723803e-05	0.456482331334966	2.0564996200287e-05	2.07265051085029e-05
-288000	0.461951427003293	1.58551042810098e-05	1.57483745672549e-05	0.456747720172254	1.61602212277294e-05	1.58948323904416e-05
-287000	0.462287068310394	1.84083424807903e-05	1.80727011736891e-05	0.45717195811872	1.8323186692561e-05	1.78989487460948e-05
-286000	0.462592776323567	2.03373089588787e-05	2.00316009457063e-05	0.457497551296124	2.01893101410116e-05	1.98637169636072e-05
-285000	0.462450709279743	1.79850755720679e-05	1.81271426158912e-05	0.457263320104703	1.80234948914971e-05	1.82577260829182e-05
-284000	0.462794139998311	1.85151988516423e-05	1.81717681330744e-05	0.457539094823947	1.79413366545639e-05	1.76655619353205e-05
-283000	0.463089588786625	1.82478468293507e-05	1.79523980410369e-05	0.457867368909905	1.80686481465845e-05	1.77403740606265e-05
-282000	0.463650468631259	1.87484167862872e-05	1.81875369416533e-05	0.458356180866335	1.83647935489318e-05	1.78759815925019e-05
-281000	0.4643916448535	2.02530186608123e-05	1.95118424385713e-05	0.458780123279574	2.00298066368319e-05	1.9605864223592e-05
-280000	0.464928269864055	1.7870155366039e-05	1.73335303554842e-05	0.459233893439162	1.71066030566579e-05	1.665283289707e-05
-279000	0.465176158912438	1.93214979312674e-05	1.90736088828844e-05	0.459476673984632	1.89822257873849e-05	1.87394452419151e-05
-278000	0.465727455036731	1.90584522502744e-05	1.85071561259816e-05	0.460007409440176	1.86809718821245e-05	1.81502364265811e-05
-277000	0.466126910411213	1.95980537026091e-05	1.91985983281263e-05	0.460247192434349	1.90650384193195e-05	1.88252554251457e-05
-276000	0.466376298235244	1.64149075403192e-05	1.61655197162881e-05	0.460495229249346	1.65188507979397e-05	1.62708139829435e-05
-275000	0.466831229418222	1.95958160938951e-05	1.91408849109178e-05	0.460932555095837	1.93717385797518e-05	1.89344127332601e-05
-274000	0.467368466604745	1.88468715697036e-05	1.830963438318e-05	0.461371400827493	1.84303597061555e-05	1.79915139744997e-05
-273000	0.467375707168792	1.84206282192012e-05	1.84133876551549e-05	0.461469074558811	1.82784978468293e-05	1.81808241155113e-05
-272000	0.467973613104788	1.98256142869206e-05	1.92277083509246e-05	0.462090475386304	1.9288398209913e-05	1.866699738242e-05
-271000	0.468876066030567	1.61682850629063e-05	1.52658321371274e-05	0.462937959131977	1.58337836696782e-05	1.49862999240057e-05
-270000	0.469896774465929	1.98250443299839e-05	1.88043358946213e-05	0.463815186185933	1.97252596470489e-05	1.88480325930929e-05
-269000	0.47075396858904	1.46378029215571e-05	1.37806087984463e-05	0.464436418137296	1.39670480452588e-05	1.33458160938951e-05
-268000	0.471075846491598	1.89250612175969e-05	1.86031833150384e-05	0.464686164823102	1.90012243519378e-05	1.87514776661319e-05
-267000	0.471237925356751	2.17334501393228e-05	2.15713712741704e-05	0.464787279405556	2.154447775057e-05	2.14433631681162e-05
-266000	0.471054103689943	2.07042134594275e-05	2.08880351262349e-05	0.464470488896394	2.04861943764249e-05	2.08029848855864e-05
-265000	0.471461348475893	2.14772228320527e-05	2.10699780461032e-05	0.464806552393819	2.0860086126826e-05	2.05240226294013e-05
-264000	0.471451427003293	2.06780376593768e-05	2.06879591319767e-05	0.464739508570464	2.04979523769315e-05	2.0564996200287e-05
-263000	0.471880689014608	1.62843662923246e-05	1.58551042810098e-05	0.46495949083847	1.63802034957359e-05	1.61602212277294e-05
-262000	0.47260014354471	1.91277970108925e-05	1.84083424807903e-05	0.465442223254243	1.8805919108334e-05	1.8323186692561e-05
-261000	0.472876973739762	2.06141391539306e-05	2.03373089588787e-05	0.465627986996538	2.03750738833066e-05	2.01893101410116e-05
-260000	0.472864476906189	1.79725787384954e-05	1.79850755720679e-05	0.465671979228236	1.80674871231951e-05	1.80234948914971e-05
-259000	0.473104956514397	1.87556784598497e-05	1.85151988516423e-05	0.465788398209913	1.80577556362408e-05	1.79413366545639e-05
-258000	0.473323186692561	1.8466077007515e-05	1.82478468293507e-05	0.465975681837372	1.82559317740437e-05	1.80686481465845e-05
-257000	0.474199590475386	1.96248205691126e-05	1.87484167862872e-05	0.466782719750063	1.91718314616229e-05	1.83647935489318e-05
-256000	0.47434066537195	2.03940935573757e-05	2.02530186608123e-05	0.466841636409694	2.00887232964621e-05	2.00298066368319e-05
-255000	0.475065355062062	1.85948450561513e-05	1.7870155366039e-05	0.467586633454361	1.78516001013257e-05	1.71066030566579e-05
-254000	0.475654500548847	1.99106434180529e-05	1.93214979312674e-05	0.468050493962678	1.94460862957021e-05	1.89822257873849e-05
-253000	0.476442117706662	1.98460694080892e-05	1.90584522502744e-05	0.468752174280166	1.93826521996116e-05	1.86809718821245e-05
-252000	0.476814616228996	1.9970552224943e-05	1.95980537026091e-05	0.469123807312336	1.94366714514904e-05	1.90650384193195e-05
-251000	0.476982816853838	1.65831081651609e-05	1.64149075403192e-05	0.468986215485941	1.63812589715445e-05	1.65188507979397e-05
-250000	0.477513235666639	2.0126234906696e-05	1.95958160938951e-05	0.469487587604492	1.98731106983028e-05	1.93717385797518e-05
-249000	0.478232162458836	1.95657983619015e-05	1.88468715697036e-05	0.470140251625433	1.90830237270962e-05	1.84303597061555e-05
-248000	0.478211242928312	1.83997086886769e-05	1.84206282192012e-05	0.470278814489572	1.84170607109685e-05	1.82784978468293e-05
-247000	0.478650637507388	2.02650088659968e-05	1.98256142869206e-05	0.470524402600692	1.95339863210335e-05	1.9288398209913e-05
-246000	0.479518871907456	1.70365194629739e-05	1.61682850629063e-05	0.47138514312252	1.66945241915056e-05	1.58337836696782e-05
-245000	0.480070463564975	2.03766359875031e-05	1.98250443299839e-05	0.471920037152748	2.02601536772777e-05	1.97252596470489e-05
-244000	0.481098898083256	1.56662374398379e-05	1.46378029215571e-05	0.473010871400827	1.50578822933378e-05	1.39670480452588e-05
-243000	0.481390293844465	1.9216456978806e-05	1.89250612175969e-05	0.473256332854851	1.92466858059613e-05	1.90012243519378e-05
-242000	0.481479207126573	2.18223634214304e-05	2.17334501393228e-05	0.473288778181204	2.15769230769231e-05	2.154447775057e-05
-241000	0.481600122435194	2.08251287680486e-05	2.07042134594275e-05	0.47322536519463	2.04227813898505e-05	2.04861943764249e-05
-240000	0.48158327704129	2.14603774381491e-05	2.14772228320527e-05	0.473292788989276	2.09275099214726e-05	2.0860086126826e-05
-239000	0.481877881448957	2.09726420670438e-05	2.06780376593768e-05	0.473537786033944	2.07429494215992e-05	2.04979523769315e-05
-238000	0.482514206704382	1.69206915477497e-05	1.62843662923246e-05	0.474112555940218	1.69549734020096e-05	1.63802034957359e-05
-237000	0.482948176137803	1.95617664443131e-05	1.91277970108925e-05	0.474463754960736	1.91571181288524e-05	1.8805919108334e-05
-236000	0.483079224014186	2.07451870303133e-05	2.06141391539306e-05	0.474513763404543	2.04250823271131e-05	2.03750738833066e-05
-235000	0.483294055560247	1.81874102845563e-05	1.79725787384954e-05	0.474766803174871	1.83205268935236e-05	1.80674871231951e-05
-234000	0.48353157983619	1.89932027357933e-05	1.87556784598497e-05	0.474893375833826	1.81843282951955e-05	1.80577556362408e-05
-233000	0.483853816600524	1.87883137718483e-05	1.8466077007515e-05	0.475121696360719	1.84842523009372e-05	1.82559317740437e-05
-232000	0.484336464578232	2.01074685468209e-05	1.96248205691126e-05	0.475594401756312	1.96445368572152e-05	1.91718314616229e-05
-231000	0.484620830870556	2.06784598497003e-05	2.03940935573757e-05	0.475929557544541	2.04238790846914e-05	2.00887232964621e-05
-230000	0.485544562188635	1.95185763742295e-05	1.85948450561513e-05	0.476893544709955	1.88155872667399e-05	1.78516001013257e-05
-229000	0.48583255931774	2.01986405471586e-05	1.99106434180529e-05	0.476989466351431	1.95420079371781e-05	1.94460862957021e-05
-228000	0.486361373807312	2.03748838976611e-05	1.98460694080892e-05	0.477481423625771	1.98746094739509e-05	1.93826521996116e-05
-227000	0.486759984801148	2.0369163218779e-05	1.9970552224943e-05	0.477948830532804	1.9904078358524e-05	1.94366714514904e-05
-226000	0.487485793295618	1.73089166596302e-05	1.65831081651609e-05	0.478542810098793	1.69752385375328e-05	1.63812589715445e-05
-225000	0.487754137465169	2.03945790762475e-05	2.0126234906696e-05	0.478801676095584	2.01319766950941e-05	1.98731106983028e-05
-224000	0.488250569956937	2.00622308536688e-05	1.95657983619015e-05	0.479288672633623	1.95700202651355e-05	1.90830237270962e-05
-223000	0.48853075656506	1.86798952967998e-05	1.83997086886769e-05	0.479285020687326	1.84134087646711e-05	1.84170607109685e-05
-222000	0.489059803259309	2.07940555602466e-05	2.02650088659968e-05	0.479804103689943	2.00530693236511e-05	1.95339863210335e-05
-221000	0.489387718483492	1.7364434687157e-05	1.70365194629739e-05	0.480296377607025	1.71867981085873e-05	1.66945241915056e-05
-220000	0.489652600692392	2.06415181964029e-05	2.03766359875031e-05	0.480676433336148	2.06402094064004e-05	2.02601536772777e-05
-219000	0.490425018998565	1.64386557460103e-05	1.56662374398379e-05	0.481505150721945	1.58865996791353e-05	1.50578822933378e-05
-218000	0.491114160263447	1.99055982436882e-05	1.9216456978806e-05	0.48187973908638	1.9621274170396e-05	1.92466858059613e-05
-217000	0.491379000253314	2.20872034112978e-05	2.18223634214304e-05	0.482165435278223	2.18626192687663e-05	2.15769230769231e-05
-216000	0.491780207717639	2.12263362323735e-05	2.08251287680486e-05	0.482799354048805	2.10567001604323e-05	2.04227813898505e-05
-215000	0.491425018998565	2.11051887190745e-05	2.14603774381491e-05	0.482537342734105	2.0665498606772e-05	2.09275099214726e-05
-214000	0.491879211348476	2.14268344169552e-05	2.09726420670438e-05	0.48295849869121	2.11641053787047e-05	2.07429494215992e-05
-213000	0.492422464747108	1.74639449463818e-05	1.69206915477497e-05	0.483310668749472	1.73071434602719e-05	1.69549734020096e-05
-212000	0.492920037152748	2.00593388499536e-05	1.95617664443131e-05	0.483746833572575	1.95932829519548e-05	1.91571181288524e-05
-211000	0.493060014354471	2.08851642320358e-05	2.07451870303133e-05	0.483856201975851	2.05344507303893e-05	2.04250823271131e-05
-210000	0.493535632863295	1.86630287933801e-05	1.81874102845563e-05	0.484223634214304	1.86879591319768e-05	1.83205268935236e-05
-209000	0.49382352444482	1.92810943173183e-05	1.89932027357933e-05	0.484552626023812	1.85133201047032e-05	1.81843282951955e-05
-208000	0.49442962087309	1.93944102001182e-05	1.87883137718483e-05	0.4850765008866	1.90081271637254e-05	1.84842523009372e-05
-207000	0.494760153677278	2.04380013510091e-05	2.01074685468209e-05	0.485375580511695	1.99436164823102e-05	1.96445368572152e-05
-206000	0.49533823777759	2.12565439500126e-05	2.06784598497003e-05	0.486009963691632	2.10582622646289e-05	2.04238790846914e-05
-205000	0.495642953643502	1.98232922401418e-05	1.95185763742295e-05	0.486277737904247	1.90833614793549e-05	1.88155872667399e-05
-204000	0.496032065355062	2.05877522587182e-05	2.01986405471586e-05	0.486662881026767	1.99271510596977e-05	1.95420079371781e-05
-203000	0.49636078274086	2.07036012834586e-05	2.03748838976611e-05	0.486967195811872	2.0178924259056e-05	1.98746094739509e-05
-202000	0.49706233640125	2.10707168791691e-05	2.0369163218779e-05	0.487605758676011	2.05426412226632e-05	1.9904078358524e-05
-201000	0.497791691294436	1.8038271552816e-05	1.73089166596302e-05	0.48834121421937	1.77106940808916e-05	1.69752385375328e-05
-200000	0.498434117200034	2.10370049818458e-05	2.03945790762475e-05	0.488927995440344	2.07187579160686e-05	2.01319766950941e-05
-199000	0.498858861774888	2.04869754285232e-05	2.00622308536688e-05	0.489202756902812	1.98447817276028e-05	1.95700202651355e-05
-198000	0.499740268513046	1.95613020349573e-05	1.86798952967998e-05	0.489615236848771	1.88258887106308e-05	1.84134087646711e-05
-197000	0.500371126403783	2.14249134509837e-05	2.07940555602466e-05	0.490305138056236	2.07429705311154e-05	2.00530693236511e-05
-196000	0.50083553575952	1.78288440428946e-05	1.7364434687157e-05	0.490551106138647	1.74327661909989e-05	1.71867981085873e-05
-195000	0.501147977708351	2.09539601452335e-05	2.06415181964029e-05	0.490770539559233	2.08596428269864e-05	2.06402094064004e-05
-194000	0.501769146331166	1.70598243688255e-05	1.64386557460103e-05	0.491308684454952	1.64247445748544e-05	1.58865996791353e-05
-193000	0.50269885164232	2.08353035548425e-05	1.99055982436882e-05	0.492189690112303	2.05022798277464e-05	1.9621274170396e-05
-192000	0.503262201300346	2.26505530693237e-05	2.20872034112978e-05	0.492561428692054	2.22343578485181e-05	2.18626192687663e-05
-191000	0.503624525035886	2.15886599679136e-05	2.12263362323735e-05	0.492866440091193	2.13617115595711e-05	2.10567001604323e-05
-190000	0.503608038503757	2.10887021869459e-05	2.11051887190745e-05	0.492961052942667	2.07601114582454e-05	2.0665498606772e-05
-189000	0.504234547834164	2.20533437473613e-05	2.14268344169552e-05	0.493502343156295	2.1705395592333e-05	2.11641053787047e-05
-188000	0.504821835683526	1.80512327957443e-05	1.74639449463818e-05	0.493997044667736	1.78018449717133e-05	1.73071434602719e-05
-187000	0.505661382251119	2.08988854175462e-05	2.00593388499536e-05	0.494753989698556	2.03502279827747e-05	1.95932829519548e-05
-186000	0.50610466098117	2.13284429620873e-05	2.08851642320358e-05	0.495176792197923	2.0957253229756e-05	2.05344507303893e-05
-185000	0.506695896310057	1.92542641222663e-05	1.86630287933801e-05	0.495466900278646	1.89780672126996e-05	1.86879591319768e-05
-184000	0.50685284556278	1.94380435700413e-05	1.92810943173183e-05	0.495552267162037	1.85986869880943e-05	1.85133201047032e-05
-183000	0.507619015452166	2.01605800895043e-05	1.93944102001182e-05	0.496431288524867	1.98871485265558e-05	1.90081271637254e-05
-182000	0.508280228827155	2.10992147259984e-05	2.04380013510091e-05	0.497096829350671	2.06091573081145e-05	1.99436164823102e-05
-181000	0.509265388837288	2.22417039601452e-05	2.12565439500126e-05	0.497937916912944	2.1899349826902e-05	2.10582622646289e-05
-180000	0.509527294604408	2.00851980072617e-05	1.98232922401418e-05	0.498091551971629	1.92369965380394e-05	1.90833614793549e-05
-179000	0.510001097694841	2.10615553491514e-05	2.05877522587182e-05	0.498680127501478	2.05157265895465e-05	1.99271510596977e-05
-178000	0.510279616651186	2.09821202398041e-05	2.07036012834586e-05	0.498997276872414	2.04960736299924e-05	2.0178924259056e-05
-177000	0.510200582622646	2.09916828506291e-05	2.10707168791691e-05	0.498969454530102	2.05148188803513e-05	2.05426412226632e-05
-176000	0.51081288524867	1.86505741788398e-05	1.8038271552816e-05	0.499520244026007	1.82614835767965e-05	1.77106940808916e-05
-175000	0.511736489909651	2.1960609642827e-05	2.10370049818458e-05	0.500508739339694	2.1707253229756e-05	2.07187579160686e-05
-174000	0.512266993160517	2.10174786793887e-05	2.04869754285232e-05	0.501040593599595	2.03766359875032e-05	1.98447817276028e-05
-173000	0.51319234991134	2.04866587857806e-05	1.95613020349573e-05	0.501855948661657	1.96412437726928e-05	1.88258887106308e-05
-172000	0.513849763573419	2.20823271130625e-05	2.14249134509837e-05	0.502530524360382	2.14175462298404e-05	2.07429705311154e-05
-171000	0.514298214134932	1.82772946044076e-05	1.78288440428946e-05	0.502842755214051	1.77449970446678e-05	1.74327661909989e-05
-170000	0.514885438655746	2.15411846660475e-05	2.09539601452335e-05	0.503060098792536	2.10769864054716e-05	2.08596428269864e-05
-169000	0.515569492527231	1.77438782403108e-05	1.70598243688255e-05	0.503572300092882	1.69369458752006e-05	1.64247445748544e-05
-168000	0.516621147513299	2.18869585409102e-05	2.08353035548425e-05	0.50446913788736	2.13991176222241e-05	2.05022798277464e-05
-167000	0.517212129527991	2.32415350840159e-05	2.26505530693237e-05	0.504924617917757	2.26898378789159e-05	2.22343578485181e-05
-166000	0.517498437895803	2.18749683357257e-05	2.15886599679136e-05	0.505294667736215	2.17317613780292e-05	2.13617115595711e-05
-165000	0.517803048214135	2.13933125052774e-05	2.10887021869459e-05	0.505543401165245	2.10088448872752e-05	2.07601114582454e-05
-164000	0.518537933800557	2.27882293337836e-05	2.20533437473613e-05	0.506232500211095	2.23944946381829e-05	2.1705395592333e-05
-163000	0.519531199864899	1.90444988600861e-05	1.80512327957443e-05	0.507182386219708	1.8751730980326e-05	1.78018449717133e-05
-162000	0.520118297728616	2.14859832812632e-05	2.08988854175462e-05	0.507734885586422	2.09027273494891e-05	2.03502279827747e-05
-161000	0.521063180781897	2.22733260153677e-05	2.13284429620873e-05	0.508480895887866	2.17032635311999e-05	2.0957253229756e-05
-160000	0.521765811027611	1.99568943679811e-05	1.92542641222663e-05	0.509033585240226	1.95307565650596e-05	1.89780672126996e-05
-159000	0.522212382842185	1.98846153846154e-05	1.94380435700413e-05	0.509505108502913	1.90702102507811e-05	1.85986869880943e-05
-158000	0.522697922823609	2.06461200709279e-05	2.01605800895043e-05	0.510056045765431	2.04380857890737e-05	1.98871485265558e-05
-157000	0.523566072785612	2.19673646880014e-05	2.10992147259984e-05	0.510847927045512	2.14010385881956e-05	2.06091573081145e-05
-156000	0.524136304145909	2.28119353204424e-05	2.22417039601452e-05	0.511438128008106	2.24895507894959e-05	2.1899349826902e-05
-155000	0.524679515325509	2.06284091868614e-05	2.00851980072617e-05	0.511929916406316	1.97287849362492e-05	1.92369965380394e-05
-154000	0.525126171578147	2.15082116017902e-05	2.10615553491514e-05	0.512385945284134	2.09717554673647e-05	2.05157265895465e-05
-153000	0.525601367896648	2.14573165583045e-05	2.09821202398041e-05	0.512931119648738	2.1041247994596e-05	2.04960736299924e-05
-152000	0.525803765937685	2.1194080891666e-05	2.09916828506291e-05	0.513075424301275	2.06591235328886e-05	2.05148188803513e-05
-151000	0.526321223507557	1.91680317487124e-05	1.86505741788398e-05	0.513684792704551	1.88708519800726e-05	1.82614835767965e-05
-150000	0.52704095246137	2.26803385966393e-05	2.1960609642827e-05	0.514328717385798	2.23511779110023e-05	2.1707253229756e-05
-149000	0.527495123701765	2.14716499197839e-05	2.10174786793887e-05	0.514683927214388	2.07318458160938e-05	2.03766359875032e-05
-148000	0.528725660727856	2.1717195811872e-05	2.04866587857806e-05	0.516165604154353	2.11229207126573e-05	1.96412437726928e-05
-147000	0.529178924259056	2.25355906442624e-05	2.20823271130625e-05	0.516445664105379	2.16976061808663e-05	2.14175462298404e-05
-146000	0.529369500971038	1.84678713163895e-05	1.82772946044076e-05	0.516639407244786	1.7938740184075e-05	1.77449970446678e-05
-145000	0.529871464156042	2.20431478510513e-05	2.15411846660475e-05	0.517014734442287	2.14523136029722e-05	2.10769864054716e-05
-144000	0.530532107574094	1.84045216583636e-05	1.77438782403108e-05	0.517611099383602	1.75333108165162e-05	1.69369458752006e-05
-143000	0.531241598412564	2.25964493793802e-05	2.18869585409102e-05	0.518321582369332	2.21096006079541e-05	2.13991176222241e-05
-142000	0.531562463058347	2.35623997297982e-05	2.32415350840159e-05	0.518749641138225	2.31178966478088e-05	2.26898378789159e-05
-141000	0.532421029300008	2.27335345773875e-05	2.18749683357257e-05	0.519205458920882	2.21875791606857e-05	2.17317613780292e-05
-140000	0.533173203580174	2.2145486785443e-05	2.13933125052774e-05	0.519819745841425	2.16231318078189e-05	2.10088448872752e-05
-139000	0.533983429029807	2.35984547834164e-05	2.27882293337836e-05	0.520531833150384	2.31065819471418e-05	2.23944946381829e-05
-138000	0.534908532466436	1.99696022967154e-05	1.90444988600861e-05	0.521251118804357	1.94710166342987e-05	1.8751730980326e-05
-137000	0.535501076585325	2.2078527400152e-05	2.14859832812632e-05	0.52181613611416	2.14677446592924e-05	2.09027273494891e-05
-136000	0.53640735033353	2.31795997635734e-05	2.22733260153677e-05	0.522631427847674	2.25185552647133e-05	2.17032635311999e-05
-135000	0.537014312251963	2.0563856286414e-05	1.99568943679811e-05	0.523099235835515	1.99985645529004e-05	1.95307565650596e-05
-134000	0.537765135523094	2.0635438655746e-05	1.98846153846154e-05	0.523825888710631	1.97968631258971e-05	1.90702102507811e-05
-133000	0.538149497593515	2.10304821413493e-05	2.06461200709279e-05	0.524043971122182	2.06561682006248e-05	2.04380857890737e-05
-132000	0.539364624672803	2.31824917672887e-05	2.19673646880014e-05	0.525059887697374	2.24169551633877e-05	2.14010385881956e-05
-131000	0.539672021447268	2.31193320949084e-05	2.28119353204424e-05	0.525311133158828	2.274079625095e-05	2.24895507894959e-05
-130000	0.540094443975344	2.10508317149371e-05	2.06284091868614e-05	0.525775204762307	2.01928565397281e-05	1.97287849362492e-05
-129000	0.540916891834839	2.23306594612851e-05	2.15082116017902e-05	0.526463586084607	2.16601367896648e-05	2.09717554673647e-05
-128000	0.541234505615131	2.17749303385966e-05	2.14573165583045e-05	0.52681415181964	2.13918137296293e-05	2.1041247994596e-05
-127000	0.541432069576965	2.13916448535e-05	2.1194080891666e-05	0.527059592164148	2.0904563877396e-05	2.06591235328886e-05
-126000	0.541871780798784	1.96077429705311e-05	1.91680317487124e-05	0.527351874525036	1.91631343409609e-05	1.88708519800726e-05
-125000	0.542284936249261	2.30934940471165e-05	2.26803385966393e-05	0.527491366207887	2.24906695938529e-05	2.23511779110023e-05
-124000	0.542807016803175	2.19937304736976e-05	2.14716499197839e-05	0.527890272734949	2.11307523431563e-05	2.07318458160938e-05
-123000	0.543996221396606	2.29064004053028e-05	2.1717195811872e-05	0.528901502997551	2.21341509752597e-05	2.11229207126573e-05
-122000	0.544506691716626	2.30460609642827e-05	2.25355906442624e-05	0.52935383771004	2.21499408933547e-05	2.16976061808663e-05
-121000	0.544764227813899	1.87254074136621e-05	1.84678713163895e-05	0.529501308790003	1.80862112640379e-05	1.7938740184075e-05
-120000	0.545147006670607	2.24259267077599e-05	2.20431478510513e-05	0.529978594950604	2.19295997635734e-05	2.14523136029722e-05
-119000	0.545884889808326	1.9142404796082e-05	1.84045216583636e-05	0.530697479523769	1.82521953896816e-05	1.75333108165162e-05
-118000	0.546479418221734	2.3190977792789e-05	2.25964493793802e-05	0.53107352444482	2.24856455290045e-05	2.21096006079541e-05
-117000	0.54673484336739	2.38178248754539e-05	2.35623997297982e-05	0.531265979903741	2.33103521067298e-05	2.31178966478088e-05
-116000	0.547327999662248	2.33266908722452e-05	2.27335345773875e-05	0.531798488558642	2.27200878155872e-05	2.21875791606857e-05
-115000	0.548287596048299	2.31050831714938e-05	2.2145486785443e-05	0.532713121675251	2.25377649244279e-05	2.16231318078189e-05
-114000	0.548971924343494	2.42827830786119e-05	2.35984547834164e-05	0.533235138900616	2.3628599172507e-05	2.31065819471418e-05
-113000	0.549782213121675	2.07798910748965e-05	1.99696022967154e-05	0.533934032761969	2.01699104956514e-05	1.94710166342987e-05
-112000	0.550803575952039	2.3099890230516e-05	2.2078527400152e-05	0.534868044414422	2.24017563117454e-05	2.14677446592924e-05
-111000	0.551437473613105	2.3813497424639e-05	2.31795997635734e-05	0.535411234484506	2.3061745334797e-05	2.25185552647133e-05
-110000	0.552006543950013	2.11329266233218e-05	2.0563856286414e-05	0.535811259815925	2.03985898843199e-05	1.99985645529004e-05
-109000	0.552597251540995	2.1226146246728e-05	2.0635438655746e-05	0.536344380646796	2.03299839567677e-05	1.97968631258971e-05
-108000	0.553170079371781	2.16033099721355e-05	2.10304821413493e-05	0.53678428185426	2.10960694080892e-05	2.06561682006248e-05
-107000	0.554164865321287	2.41772777167947e-05	2.31824917672887e-05	0.537682365110192	2.33150384193194e-05	2.24169551633877e-05
-106000	0.554565523938191	2.35199907118129e-05	2.31193320949084e-05	0.537982521320611	2.30409524613696e-05	2.274079625095e-05
-105000	0.555286139491683	2.17714472684286e-05	2.10508317149371e-05	0.538757894959048	2.09682301781643e-05	2.01928565397281e-05
-104000	0.555720615553492	2.27651355230938e-05	2.23306594612851e-05	0.539183103943258	2.20853457738749e-05	2.16601367896648e-05
-103000	0.556110508317149	2.21648231022545e-05	2.17749303385966e-05	0.539557291226885	2.17660010132568e-05	2.13918137296293e-05
-102000	0.556624862788145	2.19059993244954e-05	2.13916448535e-05	0.54007550873934	2.14227813898506e-05	2.0904563877396e-05
-101000	0.557465211517352	2.04480916997382e-05	1.96077429705311e-05	0.540634193194292	1.97218187959132e-05	1.91631343409609e-05
-100000	0.558082348222579	2.37106307523431e-05	2.30934940471165e-05	0.541126002702018	2.2982479101579e-05	2.24906695938529e-05
-99000	0.55870976526218	2.2621147513299e-05	2.19937304736976e-05	0.541649624250612	2.16543738917504e-05	2.11307523431563e-05
-98000	0.559643650257536	2.38402854006586e-05	2.29064004053028e-05	0.542335155788229	2.28196825128768e-05	2.21341509752597e-05
-97000	0.560343620704214	2.374603141096e-05	2.30460609642827e-05	0.542953749050072	2.27685341551972e-05	2.21499408933547e-05
-96000	0.560931541839061	1.93133285485096e-05	1.87254074136621e-05	0.543480178164316	1.86126403782825e-05	1.80862112640379e-05
-95000	0.561276703537955	2.27710884066537e-05	2.24259267077599e-05	0.544004454107912	2.24538757071688e-05	2.19295997635734e-05
-94000	0.561952883559909	1.9818584818036e-05	1.9142404796082e-05	0.544702376931521	1.89501182132905e-05	1.82521953896816e-05
-93000	0.562881427847674	2.41195220805539e-05	2.3190977792789e-05	0.545452165836359	2.32354344338428e-05	2.24856455290045e-05
-92000	0.563306636831884	2.42430338596639e-05	2.38178248754539e-05	0.545673055813561	2.35312420839314e-05	2.33103521067298e-05
-91000	0.563834416955163	2.38544709955248e-05	2.33266908722452e-05	0.546244997044668	2.32920290466943e-05	2.27200878155872e-05
-90000	0.564738706408849	2.40093726251794e-05	2.31050831714938e-05	0.54694234991134	2.32351177911002e-05	2.25377649244279e-05
-89000	0.565270877311492	2.48149539812548e-05	2.42827830786119e-05	0.547361563792958	2.40478130541247e-05	2.3628599172507e-05
-88000	0.565993139407245	2.15021531706493e-05	2.07798910748965e-05	0.547888077345267	2.06964240479608e-05	2.01699104956514e-05
-87000	0.567195157476991	2.43019083002618e-05	2.3099890230516e-05	0.54901813307439	2.3531812040868e-05	2.24017563117454e-05
-86000	0.567607552984886	2.4225892932534e-05	2.3813497424639e-05	0.549199611584902	2.32432238453095e-05	2.3061745334797e-05
-85000	0.568359241746179	2.18846153846154e-05	2.11329266233218e-05	0.549920016043232	2.11189943426496e-05	2.03985898843199e-05
-84000	0.569140188296884	2.20070927974331e-05	2.1226146246728e-05	0.550611204931183	2.10211728447184e-05	2.03299839567677e-05
-83000	0.56976669762729	2.22298193025416e-05	2.16033099721355e-05	0.551028033437474	2.15128979143798e-05	2.10960694080892e-05
-82000	0.570634129865743	2.50447099552479e-05	2.41772777167947e-05	0.551686164823102	2.39731698049481e-05	2.33150384193194e-05
-81000	0.570958920881533	2.38447817276028e-05	2.35199907118129e-05	0.551871590813139	2.32263784514059e-05	2.30409524613696e-05
-80000	0.571471375496074	2.22839018829689e-05	2.17714472684286e-05	0.552307438993498	2.1404078358524e-05	2.09682301781643e-05
-79000	0.571636599679135	2.29303597061556e-05	2.27651355230938e-05	0.552290150299755	2.20680570801317e-05	2.20853457738749e-05
-78000	0.572072215654817	2.26004390779363e-05	2.21648231022545e-05	0.552659165751921	2.21350164654226e-05	2.17660010132568e-05
-77000	0.572618339947648	2.24521236173267e-05	2.19059993244954e-05	0.553119120999747	2.18827366376763e-05	2.14227813898506e-05
-76000	0.573376108249599	2.12058600016888e-05	2.04480916997382e-05	0.553710884066537	2.03135818627038e-05	1.97218187959132e-05
-75000	0.57417366798953	2.45081904922739e-05	2.37106307523431e-05	0.554345246136959	2.36168411720004e-05	2.2982479101579e-05
-74000	0.574711686228152	2.3159165751921e-05	2.2621147513299e-05	0.55482759858144	2.21367263362324e-05	2.16543738917504e-05
-73000	0.575381617833319	2.45102170058262e-05	2.38402854006586e-05	0.555415625263869	2.34077091953053e-05	2.28196825128768e-05
-72000	0.576023009372625	2.4387422950266e-05	2.374603141096e-05	0.55593513045681	2.32880393481381e-05	2.27685341551972e-05
-71000	0.577246516929832	2.05368361057165e-05	1.93133285485096e-05	0.557000021109516	1.96775310309888e-05	1.86126403782825e-05
-70000	0.578003947479524	2.35285189563455e-05	2.27710884066537e-05	0.557586633454361	2.30404880520139e-05	2.24538757071688e-05
-69000	0.579284112978131	2.10987503166427e-05	1.9818584818036e-05	0.558678079878409	2.00415646373385e-05	1.89501182132905e-05
-68000	0.580240120746432	2.50755298488559e-05	2.41195220805539e-05	0.559426116693405	2.3983471248839e-05	2.32354344338428e-05
-67000	0.581005594021785	2.50085071350165e-05	2.42430338596639e-05	0.559972198767204	2.40773241577304e-05	2.35312420839314e-05
-66000	0.581695748543443	2.45446255171831e-05	2.38544709955248e-05	0.560578231866926	2.38980621464156e-05	2.32920290466943e-05
-65000	0.582890610487208	2.52042345689437e-05	2.40093726251794e-05	0.561535442877649	2.41923288018239e-05	2.32351177911002e-05
-64000	0.583522882715528	2.54472262095754e-05	2.48149539812548e-05	0.562084058093388	2.4596428269864e-05	2.40478130541247e-05
-63000	0.584453284640716	2.24325550958373e-05	2.15021531706493e-05	0.562726589546568	2.13389555011399e-05	2.06964240479608e-05
-62000	0.586304821413493	2.6153445073039e-05	2.43019083002618e-05	0.564356518618593	2.51617411128936e-05	2.3531812040868e-05
-61000	0.586992801654986	2.49138731740268e-05	2.4225892932534e-05	0.564828527400152	2.37152326268681e-05	2.32432238453095e-05
-60000	0.588104365447944	2.29961791775733e-05	2.18846153846154e-05	0.565787279405556	2.20777463480537e-05	2.11189943426496e-05
-59000	0.589316326099806	2.3219053449295e-05	2.20070927974331e-05	0.566919361648231	2.21532550873934e-05	2.10211728447184e-05
-58000	0.590440407835852	2.33539010385882e-05	2.22298193025416e-05	0.567867347800388	2.24608840665372e-05	2.15128979143798e-05
-57000	0.591329413999831	2.59337161192266e-05	2.50447099552479e-05	0.568867094486194	2.4972916490754e-05	2.39731698049481e-05
-56000	0.592280967660221	2.47963353879929e-05	2.38447817276028e-05	0.569744068225956	2.41033521911679e-05	2.32263784514059e-05
-55000	0.593516254327451	2.35191885501985e-05	2.22839018829689e-05	0.570679663092122	2.23396732246897e-05	2.1404078358524e-05
-54000	0.594381892257029	2.37959976357342e-05	2.29303597061556e-05	0.571346470488896	2.27348644769062e-05	2.20680570801317e-05
-53000	0.59513795068817	2.33564975090771e-05	2.26004390779363e-05	0.571871717470236	2.26602634467618e-05	2.21350164654226e-05
-52000	0.596524107067466	2.38382799966225e-05	2.24521236173267e-05	0.573088427763236	2.30994469306764e-05	2.18827366376763e-05
-51000	0.597673013594528	2.23547665287512e-05	2.12058600016888e-05	0.574032424216837	2.1257578316305e-05	2.03135818627038e-05
-50000	0.599263383433252	2.60985603309973e-05	2.45081904922739e-05	0.575323735539981	2.49081524951448e-05	2.36168411720004e-05
-49000	0.599730748121253	2.36265304399223e-05	2.3159165751921e-05	0.575744870387571	2.25578611838217e-05	2.21367263362324e-05
-48000	0.600998163472093	2.57776323566664e-05	2.45102170058262e-05	0.576810457654311	2.44732964620451e-05	2.34077091953053e-05
-47000	0.602570125812716	2.59593852908892e-05	2.4387422950266e-05	0.578303829266233	2.47814109600608e-05	2.32880393481381e-05
-46000	0.604915625263869	2.2882335556869e-05	2.05368361057165e-05	0.580404986067719	2.17786878324749e-05	1.96775310309888e-05
-45000	0.606318627037068	2.49315207295449e-05	2.35285189563455e-05	0.581508317149371	2.41438191336655e-05	2.30404880520139e-05
-44000	0.608406168200625	2.31862914801993e-05	2.10987503166427e-05	0.583488769737398	2.20220172253651e-05	2.00415646373385e-05
-43000	0.610329519547412	2.6998881195643e-05	2.50755298488559e-05	0.585418918348391	2.59136198598328e-05	2.3983471248839e-05
-42000	0.612212087308959	2.68910748965635e-05	2.50085071350165e-05	0.587141391539306	2.57997973486448e-05	2.40773241577304e-05
-41000	0.614520159587942	2.68526977961665e-05	2.45446255171831e-05	0.589120851980073	2.58775225871823e-05	2.38980621464156e-05
-40000	0.61722464747108	2.79087224520814e-05	2.52042345689437e-05	0.591596934898252	2.66684117200034e-05	2.41923288018239e-05
-39000	0.619329456218863	2.75520349573588e-05	2.54472262095754e-05	0.593694904162797	2.66943975344085e-05	2.4596428269864e-05
-38000	0.622101980072617	2.52050789495904e-05	2.24325550958373e-05	0.596099510259225	2.37435615975682e-05	2.13389555011399e-05
-37000	0.625452904669425	2.95043696698471e-05	2.6153445073039e-05	0.59917719327873	2.82394241323989e-05	2.51617411128936e-05
-36000	0.62852265051085	2.79836190154522e-05	2.49138731740268e-05	0.602032466435869	2.65705057840075e-05	2.37152326268681e-05
-35000	0.631741809507726	2.6215338174449e-05	2.29961791775733e-05	0.605099341383096	2.51446212952799e-05	2.20777463480537e-05
-34000	0.635026239128599	2.6503483070168e-05	2.3219053449295e-05	0.608272186101495	2.53260998057925e-05	2.21532550873934e-05
-33000	0.637752849784683	2.6080511694672e-05	2.33539010385882e-05	0.610840074305497	2.50287722705396e-05	2.24608840665372e-05
-32000	0.64036430803006	2.85451743646036e-05	2.59337161192266e-05	0.613341995271468	2.74748374567255e-05	2.4972916490754e-05
-31000	0.64362125306088	2.80532804188129e-05	2.47963353879929e-05	0.616356328632948	2.71176855526472e-05	2.41033521911679e-05
-30000	0.647077239719666	2.69751752089842e-05	2.35191885501985e-05	0.619295279912184	2.52786245039263e-05	2.23396732246897e-05
-29000	0.650312378620282	2.70311365363506e-05	2.37959976357342e-05	0.622319239213037	2.5758823777759e-05	2.27348644769062e-05
-28000	0.653996791353542	2.70409102423373e-05	2.33564975090771e-05	0.625584205860002	2.59252300937262e-05	2.26602634467618e-05
-27000	0.657411551127248	2.72530397703285e-05	2.38382799966225e-05	0.628618234400068	2.61334754707422e-05	2.30994469306764e-05
-26000	0.661887824031073	2.68310394325762e-05	2.23547665287512e-05	0.632993477159503	2.56328210757409e-05	2.1257578316305e-05
-25000	0.665890737144305	3.01014734442287e-05	2.60985603309973e-05	0.636636979650426	2.85516549860677e-05	2.49081524951448e-05
-24000	0.668717069154775	2.64528624503926e-05	2.36265304399223e-05	0.639253356413071	2.51742379464663e-05	2.25578611838217e-05
-23000	0.672000422190323	2.90609853922148e-05	2.57776323566664e-05	0.6422783289707	2.74982690196741e-05	2.44732964620451e-05
-22000	0.675402178502069	2.93611416026345e-05	2.59593852908892e-05	0.645413662078865	2.79167440682261e-05	2.47814109600608e-05
-21000	0.67962775479186	2.71079118466604e-05	2.2882335556869e-05	0.64934970024487	2.57147259984801e-05	2.17786878324749e-05
-20000	0.682769315207295	2.80730811449801e-05	2.49315207295449e-05	0.652293274508148	2.70873933969434e-05	2.41438191336655e-05
-19000	0.685742273917082	2.61592501899857e-05	2.31862914801993e-05	0.655067318247066	2.47960609642827e-05	2.20220172253651e-05
-18000	0.689395782318669	3.06523895972304e-05	2.6998881195643e-05	0.658433209490839	2.92795111036055e-05	2.59136198598328e-05
-17000	0.692120028708942	2.96153212868361e-05	2.68910748965635e-05	0.661115173520223	2.84817613780292e-05	2.57997973486448e-05
-16000	0.694924237946466	2.96569070336908e-05	2.68526977961665e-05	0.663656168200625	2.84185172675841e-05	2.58775225871823e-05
-15000	0.697847779278899	3.08322637845141e-05	2.79087224520814e-05	0.666507092797433	2.95193363168116e-05	2.66684117200034e-05
-14000	0.700655133834333	3.03593895127923e-05	2.75520349573588e-05	0.669127163725407	2.93144684623828e-05	2.66943975344085e-05
-13000	0.7028016972051	2.7351642320358e-05	2.52050789495904e-05	0.671127733682344	2.57441315545049e-05	2.37435615975682e-05
-12000	0.704676074474373	3.13787469391201e-05	2.95043696698471e-05	0.672933315038419	3.00450054884742e-05	2.82394241323989e-05
-11000	0.707094106223085	3.04016507641646e-05	2.79836190154522e-05	0.67538640969349	2.90236004390779e-05	2.65705057840075e-05
-10000	0.709000042219032	2.8121274170396e-05	2.6215338174449e-05	0.677264924427932	2.70231360297222e-05	2.51446212952799e-05
-9000	0.710556890146078	2.80603309972136e-05	2.6503483070168e-05	0.678746516929832	2.68076923076923e-05	2.53260998057925e-05
-8000	0.712159545723212	2.76831672718061e-05	2.6080511694672e-05	0.680247234653382	2.65294899940894e-05	2.50287722705396e-05
-7000	0.713342501899856	2.97281305412481e-05	2.85451743646036e-05	0.681400616397872	2.86282192012159e-05	2.74748374567255e-05
-6000	0.714892151481888	2.96029300008444e-05	2.80532804188129e-05	0.682799269610741	2.85163387655155e-05	2.71176855526472e-05
-5000	0.716014755551803	2.80977792788989e-05	2.69751752089842e-05	0.684043738917504	2.65230938106899e-05	2.52786245039263e-05
-4000	0.717594232880182	2.86106138647303e-05	2.70311365363506e-05	0.685439436798109	2.71545216583635e-05	2.5758823777759e-05
-3000	0.718767499788905	2.82141771510597e-05	2.70409102423373e-05	0.686636705226716	2.71224985223338e-05	2.59252300937262e-05
-2000	0.719318458160939	2.78039981423626e-05	2.72530397703285e-05	0.687086021278392	2.65827915224183e-05	2.61334754707422e-05
-1000	0.720189605674238	2.77021869458753e-05	2.68310394325762e-05	0.688108524022629	2.66553238199781e-05	2.56328210757409e-05
0	0.720761546905345	3.06734146753356e-05	3.01014734442287e-05	0.688794541079118	2.92376720425568e-05	2.85516549860677e-05
1000	0.721242949421599	2.69342649666469e-05	2.64528624503926e-05	0.689188972388753	2.55686692561007e-05	2.51742379464663e-05
2000	0.721595478341636	2.94135143122519e-05	2.90609853922148e-05	0.689646183399476	2.79554800303977e-05	2.74982690196741e-05
3000	0.722016845393904	2.97825086549016e-05	2.93611416026345e-05	0.690061006501731	2.83315671704805e-05	2.79167440682261e-05
4000	0.722856349742464	2.79474161952208e-05	2.71079118466604e-05	0.691083403698387	2.67371231951364e-05	2.57147259984801e-05
5000	0.723350502406485	2.85672338090012e-05	2.80730811449801e-05	0.691452018069746	2.74560077683019e-05	2.70873933969434e-05
6000	0.722648990965127	2.54577387486279e-05	2.61592501899857e-05	0.690745144811281	2.40891877058178e-05	2.47960609642827e-05
7000	0.722632567761547	3.06359663936504e-05	3.06523895972304e-05	0.690854470995525	2.93888372878493e-05	2.92795111036055e-05
8000	0.722262159081314	2.92449126066031e-05	2.96153212868361e-05	0.690534260744744	2.81615511272481e-05	2.84817613780292e-05
9000	0.721154205015621	2.8548952967998e-05	2.96569070336908e-05	0.689514818880351	2.73990754031918e-05	2.84185172675841e-05
10000	0.720462488389766	3.01405471586592e-05	3.08322637845141e-05	0.68883895550114	2.88434729376003e-05	2.95193363168116e-05
11000	0.719898948746095	2.9795849869121e-05	3.03593895127923e-05	0.688371548594106	2.88470615553492e-05	2.93144684623828e-05
12000	0.718476737313181	2.5929430887444e-05	2.7351642320358e-05	0.687134298741873	2.45068817022713e-05	2.57441315545049e-05
13000	0.717149286498353	3.00512961242928e-05	3.13787469391201e-05	0.685897259984801	2.88079667314026e-05	3.00450054884742e-05
14000	0.716342902980664	2.95952672464746e-05	3.04016507641646e-05	0.685213670522672	2.83400109769484e-05	2.90236004390779e-05
15000	0.714973233133497	2.67516043232288e-05	2.8121274170396e-05	0.68387703706831	2.56865025753609e-05	2.70231360297222e-05
16000	0.71342565228405	2.65127501477666e-05	2.80603309972136e-05	0.682461538461538	2.53921937009204e-05	2.68076923076923e-05
17000	0.712075740944018	2.63332559317741e-05	2.76831672718061e-05	0.68125126657097	2.53192181035211e-05	2.65294899940894e-05
18000	0.710159735708858	2.7812125306088e-05	2.97281305412481e-05	0.679481001435447	2.68579540656928e-05	2.86282192012159e-05
19000	0.708143692476568	2.75868867685553e-05	2.96029300008444e-05	0.677746622477413	2.67819598074812e-05	2.85163387655155e-05
20000	0.706074664358693	2.60287511610234e-05	2.80977792788989e-05	0.675877649244279	2.46541205775564e-05	2.65230938106899e-05
21000	0.70404916406316	2.6585113569197e-05	2.86106138647303e-05	0.674248648990965	2.55255214050494e-05	2.71545216583635e-05
22000	0.701422485856624	2.55874989445241e-05	2.82141771510597e-05	0.671929747530187	2.48035970615553e-05	2.71224985223338e-05
23000	0.698783521911678	2.51650341974162e-05	2.78039981423626e-05	0.669532593092966	2.4185637085198e-05	2.65827915224183e-05
24000	0.695675905598244	2.45945706324411e-05	2.77021869458753e-05	0.666492907202567	2.36156379295787e-05	2.66553238199781e-05
25000	0.693026597990374	2.80241070674659e-05	3.06734146753356e-05	0.664026365785696	2.67711306256861e-05	2.92376720425568e-05
26000	0.69071599256945	2.46236595457231e-05	2.69342649666469e-05	0.661905176053365	2.34474795237693e-05	2.55686692561007e-05
27000	0.688290910242337	2.69884319851389e-05	2.94135143122519e-05	0.659873870640885	2.59241746179178e-05	2.79554800303977e-05
28000	0.685844359537279	2.73359579498437e-05	2.97825086549016e-05	0.657619332094908	2.6077028624504e-05	2.83315671704805e-05
29000	0.683865996791354	2.59690534492949e-05	2.79474161952208e-05	0.655954192349911	2.50719834501392e-05	2.67371231951364e-05
30000	0.681858207379887	2.65594443975344e-05	2.85672338090012e-05	0.653943510934729	2.544532635312e-05	2.74560077683019e-05
31000	0.679521278392299	2.31208097610402e-05	2.54577387486279e-05	0.651747910157899	2.18935869289876e-05	2.40891877058178e-05
32000	0.676705332263784	2.78200202651355e-05	3.06359663936504e-05	0.649282002026514	2.69229291564638e-05	2.93888372878493e-05
33000	0.674027231275859	2.65668116186777e-05	2.92449126066031e-05	0.646682301781643	2.55618508823778e-05	2.81615511272481e-05
34000	0.671195157476991	2.57168791691295e-05	2.8548952967998e-05	0.644024909229081	2.47416828506291e-05	2.73990754031918e-05
35000	0.668526028033438	2.74714177151058e-05	3.01405471586592e-05	0.64154006586169	2.63586295702103e-05	2.88434729376003e-05
36000	0.666219771172845	2.74895930085282e-05	2.9795849869121e-05	0.639320843536266	2.66278392299248e-05	2.88470615553492e-05
37000	0.663984315629486	2.36939753440851e-05	2.5929430887444e-05	0.637325276534662	2.2511314700667e-05	2.45068817022713e-05
38000	0.661197141771511	2.72641222663177e-05	3.00512961242928e-05	0.634764058937769	2.62467491345099e-05	2.88079667314026e-05
39000	0.659429072025669	2.78271975006333e-05	2.95952672464746e-05	0.632963417208478	2.65393692476568e-05	2.83400109769484e-05
40000	0.657511842438571	2.4834374736131e-05	2.67516043232288e-05	0.631156020434012	2.38791058008951e-05	2.56865025753609e-05
41000	0.655650384193194	2.46512919023896e-05	2.65127501477666e-05	0.629384720932196	2.36208941991049e-05	2.53921937009204e-05
42000	0.654007008359368	2.46898800979481e-05	2.63332559317741e-05	0.627925567845985	2.38600650173098e-05	2.53192181035211e-05
43000	0.652048910748966	2.58540276956852e-05	2.7812125306088e-05	0.626217005826226	2.51493920459343e-05	2.68579540656928e-05
44000	0.650730051507219	2.62680275268091e-05	2.75868867685553e-05	0.625167398463227	2.5732352444482e-05	2.67819598074812e-05
45000	0.649112788144896	2.44114877986996e-05	2.60287511610234e-05	0.623625242759436	2.31119648737651e-05	2.46541205775564e-05
46000	0.647405830448366	2.48781558726674e-05	2.6585113569197e-05	0.622134889808326	2.40351684539391e-05	2.55255214050494e-05
47000	0.645806911255594	2.39885797517521e-05	2.55874989445241e-05	0.620775056995694	2.34437642489234e-05	2.48035970615553e-05
48000	0.644014143375834	2.3372266317656e-05	2.51650341974162e-05	0.61908597905936	2.24965591488643e-05	2.4185637085198e-05
49000	0.642011061386473	2.25914886430802e-05	2.45945706324411e-05	0.617138626192688	2.16682850629063e-05	2.36156379295787e-05
50000	0.640398822088998	2.64118677699907e-05	2.80241070674659e-05	0.615721628810268	2.5354133243266e-05	2.67711306256861e-05
51000	0.63921725914042	2.3442096597146e-05	2.46236595457231e-05	0.614679240901798	2.24050916153001e-05	2.34474795237693e-05
52000	0.63796913788736	2.5740310732078e-05	2.69884319851389e-05	0.61351741535084	2.47623490669594e-05	2.59241746179178e-05
53000	0.636714831546061	2.60816516085451e-05	2.73359579498437e-05	0.61249052182724	2.50501351009035e-05	2.6077028624504e-05
54000	0.635548319682513	2.48025415857469e-05	2.59690534492949e-05	0.611447648399899	2.40291100227983e-05	2.50719834501392e-05
55000	0.63391077007515	2.49218947901714e-05	2.65594443975344e-05	0.610163619859833	2.41612978130541e-05	2.544532635312e-05
56000	0.632841995271468	2.20520349573588e-05	2.31208097610402e-05	0.609111901545217	2.08418686143714e-05	2.18935869289876e-05
57000	0.631410010132568	2.63880351262348e-05	2.78200202651355e-05	0.607816241661741	2.56272692729882e-05	2.69229291564638e-05
58000	0.629961221818796	2.51180233049058e-05	2.65668116186777e-05	0.606503799712911	2.42494089335472e-05	2.55618508823778e-05
59000	0.628999852233387	2.47555095837203e-05	2.57168791691295e-05	0.605678860930507	2.39167440682259e-05	2.47416828506291e-05
60000	0.6278902094064	2.63617748881196e-05	2.74714177151058e-05	0.604657033690788	2.53368023304906e-05	2.63586295702103e-05
61000	0.626672802499367	2.62721861014946e-05	2.74895930085282e-05	0.603483513467871	2.54543190070084e-05	2.66278392299248e-05
62000	0.625725660727856	2.27468335725746e-05	2.36939753440851e-05	0.602606919699401	2.16347209321963e-05	2.2511314700667e-05
63000	0.624276049142954	2.58145106814152e-05	2.72641222663177e-05	0.601383960989614	2.50237904247235e-05	2.62467491345099e-05
64000	0.623454783416364	2.70059317740438e-05	2.78271975006333e-05	0.600526830195052	2.56822384530946e-05	2.65393692476568e-05
65000	0.622512349066959	2.38919403867264e-05	2.4834374736131e-05	0.59973330237271	2.30855779785528e-05	2.38791058008951e-05
66000	0.621427531030989	2.35664738664189e-05	2.46512919023896e-05	0.59872392974753	2.26115215739255e-05	2.36208941991049e-05
67000	0.620218399054294	2.3480748121253e-05	2.46898800979481e-05	0.597710419657181	2.28465549269611e-05	2.38600650173098e-05
68000	0.618968652368488	2.46042810098794e-05	2.58540276956852e-05	0.596519906273748	2.39588786625011e-05	2.51493920459343e-05
69000	0.617873659545723	2.51730347040446e-05	2.62680275268091e-05	0.595573756649498	2.47862028202314e-05	2.5732352444482e-05
70000	0.616900426412227	2.34382546652031e-05	2.44114877986996e-05	0.59482037912691	2.23585873511779e-05	2.31119648737651e-05
71000	0.615868783247488	2.38465127079287e-05	2.48781558726674e-05	0.59394802837119	2.31628176982184e-05	2.40351684539391e-05
72000	0.614963754960736	2.30835514650004e-05	2.39885797517521e-05	0.593040213628304	2.25359495060373e-05	2.34437642489234e-05
73000	0.614091910833404	2.25004221903233e-05	2.3372266317656e-05	0.592299311829773	2.17556573503335e-05	2.24965591488643e-05
74000	0.613261610233893	2.176118804357e-05	2.25914886430802e-05	0.591572300092882	2.09412733260154e-05	2.16682850629063e-05
75000	0.61236954319007	2.55198007261674e-05	2.64118677699907e-05	0.590786139491683	2.4567972642067e-05	2.5354133243266e-05
76000	0.611261821329055	2.2334374736131e-05	2.3442096597146e-05	0.589782065355062	2.14010174786794e-05	2.24050916153001e-05
77000	0.610345816093895	2.4824305496918e-05	2.5740310732078e-05	0.588928227645022	2.39085113569197e-05	2.47623490669594e-05
78000	0.609499472262096	2.52353077767457e-05	2.60816516085451e-05	0.588109495060373	2.42314025162544e-05	2.50501351009035e-05
79000	0.608547580849447	2.3850650173098e-05	2.48025415857469e-05	0.587236933209491	2.31565481719158e-05	2.40291100227983e-05
80000	0.607091425314532	2.34657392552563e-05	2.49218947901714e-05	0.585887148526556	2.28115131301191e-05	2.41612978130541e-05
81000	0.605942561006502	2.09031706493288e-05	2.20520349573588e-05	0.584925251203242	1.98799712910581e-05	2.08418686143714e-05
82000	0.604965464831546	2.54109389512792e-05	2.63880351262348e-05	0.583874482816854	2.45765008865997e-05	2.56272692729882e-05
83000	0.604145127923668	2.42976863970278e-05	2.51180233049058e-05	0.583223528666723	2.35984547834164e-05	2.42494089335472e-05
84000	0.603315692814321	2.3926074474373e-05	2.47555095837203e-05	0.582439521236173	2.31327366376762e-05	2.39167440682259e-05
85000	0.602187410284556	2.52334923583552e-05	2.63617748881196e-05	0.581455268935236	2.43525500295533e-05	2.53368023304906e-05
86000	0.601328168538377	2.54129443553154e-05	2.62721861014946e-05	0.580822152326269	2.48212023980411e-05	2.54543190070084e-05
87000	0.60033543021194	2.1754095246137e-05	2.27468335725746e-05	0.579946994004897	2.0759562610825e-05	2.16347209321963e-05
88000	0.599452714683779	2.49317951532552e-05	2.58145106814152e-05	0.579075529848856	2.41523262686819e-05	2.50237904247235e-05
89000	0.598509710377438	2.60629274677025e-05	2.70059317740438e-05	0.578373152917335	2.49798615215739e-05	2.56822384530946e-05
90000	0.597693954234569	2.30761842438571e-05	2.38919403867264e-05	0.577504221903234	2.22166469644516e-05	2.30855779785528e-05
91000	0.596619902051845	2.2492421683695e-05	2.35664738664189e-05	0.576536308367812	2.16436080385038e-05	2.26115215739255e-05
92000	0.59557732415773	2.24381702271384e-05	2.3480748121253e-05	0.575607869627628	2.1918116186777e-05	2.28465549269611e-05
93000	0.594430254158575	2.34572110107236e-05	2.46042810098794e-05	0.574623342902981	2.29743519378535e-05	2.39588786625011e-05
94000	0.593494891497087	2.42376720425568e-05	2.51730347040446e-05	0.573612154859411	2.37750147766614e-05	2.47862028202314e-05
95000	0.592572595626108	2.25159587942244e-05	2.34382546652031e-05	0.572959153086211	2.17055855779786e-05	2.23585873511779e-05
96000	0.592141855948662	2.34157730304822e-05	2.38465127079287e-05	0.572630140167187	2.28338047791945e-05	2.31628176982184e-05
97000	0.591335599088069	2.22772946044076e-05	2.30835514650004e-05	0.571952693574263	2.18585029131132e-05	2.25359495060373e-05
98000	0.590567444904163	2.17322680064173e-05	2.25004221903233e-05	0.571447880604577	2.12508443806468e-05	2.17556573503335e-05
99000	0.589972093219623	2.11658363590307e-05	2.176118804357e-05	0.571140526049143	2.06339187705818e-05	2.09412733260154e-05
100000	0.589436903656168	2.49846111627122e-05	2.55198007261674e-05	0.570610698302795	2.4038144895719e-05	2.4567972642067e-05
101000	0.58811728447184	2.10147555518028e-05	2.2334374736131e-05	0.56946588702187	2.0256206197754e-05	2.14010174786794e-05
102000	0.587335219116778	2.40422401418559e-05	2.4824305496918e-05	0.568936059275521	2.33786836105716e-05	2.39085113569197e-05
103000	0.586536392805877	2.44364814658448e-05	2.52353077767457e-05	0.568283543021194	2.35788862619269e-05	2.42314025162544e-05
104000	0.586179072025669	2.34933293928903e-05	2.3850650173098e-05	0.568069534746264	2.29425398969855e-05	2.31565481719158e-05
105000	0.585170227138394	2.2456894367981e-05	2.34657392552563e-05	0.567101621210842	2.18435995946973e-05	2.28115131301191e-05
106000	0.584141834839146	1.98747783500802e-05	2.09031706493288e-05	0.566182280672127	1.89606307523431e-05	1.98799712910581e-05
107000	0.583111922654733	2.43810267668665e-05	2.54109389512792e-05	0.565260301443891	2.36545216583636e-05	2.45765008865997e-05
108000	0.582546250949928	2.37320146922232e-05	2.42976863970278e-05	0.564764354470995	2.3102507810521e-05	2.35984547834164e-05
109000	0.581328717385797	2.27085409102423e-05	2.3926074474373e-05	0.563743751583214	2.21121337498945e-05	2.31327366376762e-05
110000	0.58009716710293	2.40019420754876e-05	2.52334923583552e-05	0.562761272481635	2.33700709279744e-05	2.43525500295533e-05
111000	0.57962891581525	2.49446930676349e-05	2.54129443553154e-05	0.562545406569281	2.46053364856878e-05	2.48212023980411e-05
112000	0.578969707844296	2.10948872751837e-05	2.1754095246137e-05	0.561983830110614	2.01979861521574e-05	2.0759562610825e-05
113000	0.577927552140505	2.38896394494639e-05	2.49317951532552e-05	0.560916912944355	2.30854091024233e-05	2.41523262686819e-05
114000	0.577450455965549	2.55858312927467e-05	2.60629274677025e-05	0.560696276281348	2.47592248585663e-05	2.49798615215739e-05
115000	0.576843831799375	2.2469560077683e-05	2.30761842438571e-05	0.560191611078274	2.1711981761378e-05	2.22166469644516e-05
116000	0.576225681837372	2.18742717216921e-05	2.2492421683695e-05	0.559561534239635	2.10135311998649e-05	2.16436080385038e-05
117000	0.575499387824031	2.17118762137972e-05	2.24381702271384e-05	0.558896774465929	2.1253356413071e-05	2.1918116186777e-05
118000	0.574250865490163	2.22086886768555e-05	2.34572110107236e-05	0.557853288862619	2.19308663345436e-05	2.29743519378535e-05
119000	0.573336337921135	2.33231444735286e-05	2.42376720425568e-05	0.556954445664105	2.28761715781475e-05	2.37750147766614e-05
120000	0.572686608122942	2.18662289960314e-05	2.25159587942244e-05	0.556265916575192	2.10170564890653e-05	2.17055855779786e-05
121000	0.572381322300093	2.31104872076332e-05	2.34157730304822e-05	0.555863020349574	2.2430908553576e-05	2.28338047791945e-05
122000	0.571651334121422	2.15473064257367e-05	2.22772946044076e-05	0.555329160685637	2.13246432491768e-05	2.18585029131132e-05
123000	0.570762961242928	2.08438951279237e-05	2.17322680064173e-05	0.554605442033269	2.05271257282783e-05	2.12508443806468e-05
124000	0.570202039179262	2.06049142953644e-05	2.11658363590307e-05	0.554080321709026	2.01087984463396e-05	2.06339187705818e-05
125000	0.570042451237018	2.48250232204678e-05	2.49846111627122e-05	0.553892278138985	2.38501013256776e-05	2.4038144895719e-05
126000	0.56934661825551	2.03189225702947e-05	2.10147555518028e-05	0.553434834923584	1.97987629823524e-05	2.0256206197754e-05
127000	0.568629950181542	2.33255720678882e-05	2.40422401418559e-05	0.552797707506544	2.2741556193532e-05	2.33786836105716e-05
128000	0.568104133243266	2.39106645275691e-05	2.44364814658448e-05	0.552265663260998	2.3046842016381e-05	2.35788862619269e-05
129000	0.567598201469222	2.29873976188466e-05	2.34933293928903e-05	0.552054357004138	2.2731233640125e-05	2.29425398969855e-05
130000	0.566666385206451	2.15250781052098e-05	2.2456894367981e-05	0.551317824875454	2.11070674660137e-05	2.18435995946973e-05
131000	0.565588469982268	1.87968631258971e-05	1.98747783500802e-05	0.550450793717808	1.80935995946973e-05	1.89606307523431e-05
132000	0.564201891412649	2.29944481972474e-05	2.43810267668665e-05	0.549352317824875	2.25560457654311e-05	2.36545216583636e-05
133000	0.563845583889217	2.33757071687917e-05	2.37320146922232e-05	0.548940956683273	2.26911466689184e-05	2.3102507810521e-05
134000	0.562922084775817	2.1785041796842e-05	2.27085409102423e-05	0.548068415941907	2.12395930085282e-05	2.21121337498945e-05
135000	0.56203058768893	2.31104449886009e-05	2.40019420754876e-05	0.547213839398801	2.25154943848687e-05	2.33700709279744e-05
136000	0.561631280081061	2.45453854597653e-05	2.49446930676349e-05	0.546712045089927	2.41035421768133e-05	2.46053364856878e-05
137000	0.56076587435616	2.02294815502828e-05	2.10948872751837e-05	0.545946065186186	1.94320062484168e-05	2.01979861521574e-05
138000	0.559762074643249	2.28858397365532e-05	2.38896394494639e-05	0.545019779616651	2.21591235328886e-05	2.30854091024233e-05
139000	0.559307797855273	2.51315545047708e-05	2.55858312927467e-05	0.544778624503926	2.45180697458414e-05	2.47592248585663e-05
140000	0.559024845900532	2.21866081229418e-05	2.2469560077683e-05	0.544590580933885	2.15239381913366e-05	2.1711981761378e-05
141000	0.558405872667398	2.12552984885586e-05	2.18742717216921e-05	0.543904922739171	2.03278730051507e-05	2.10135311998649e-05
142000	0.557556847927046	2.08628514734443e-05	2.17118762137972e-05	0.543033754116356	2.03821877902559e-05	2.1253356413071e-05
143000	0.556775394747952	2.14272354977624e-05	2.22086886768555e-05	0.542187156970362	2.10842691885503e-05	2.19308663345436e-05
144000	0.555920839314363	2.24685890399393e-05	2.33231444735286e-05	0.541401692983197	2.2090707590982e-05	2.28761715781475e-05
145000	0.555232943510935	2.11783331926032e-05	2.18662289960314e-05	0.540606476399561	2.02218399054294e-05	2.10170564890653e-05
146000	0.554654479439331	2.25320231360298e-05	2.31104872076332e-05	0.539894515747699	2.1718947901714e-05	2.2430908553576e-05
147000	0.554171915899688	2.10647428860931e-05	2.15473064257367e-05	0.53952463480537	2.09547623068479e-05	2.13246432491768e-05
148000	0.553755572912269	2.04275521405049e-05	2.08438951279237e-05	0.539085767964198	2.00882588871063e-05	2.05271257282783e-05
149000	0.553587182301782	2.04365236848771e-05	2.06049142953644e-05	0.538528434518281	1.95514650004222e-05	2.01087984463396e-05
150000	0.553129950181542	2.4367791100228e-05	2.48250232204678e-05	0.538051844971713	2.337351177911e-05	2.38501013256776e-05
151000	0.553085599088069	2.02745714768217e-05	2.03189225702947e-05	0.538121738579752	1.98686565903909e-05	1.97987629823524e-05
152000	0.552474309718821	2.27142826986405e-05	2.33255720678882e-05	0.537426496664696	2.20463142784768e-05	2.2741556193532e-05
153000	0.552064700667061	2.35010554758085e-05	2.39106645275691e-05	0.536897344422866	2.25176897745504e-05	2.3046842016381e-05
154000	0.551219201215908	2.2141898167694e-05	2.29873976188466e-05	0.536149940893355	2.19838301106139e-05	2.2731233640125e-05
155000	0.550763995609221	2.10698724985223e-05	2.15250781052098e-05	0.535667630667905	2.06247572405641e-05	2.11070674660137e-05
156000	0.550007198345014	1.80400658616904e-05	1.87968631258971e-05	0.535008908215824	1.74348771426159e-05	1.80935995946973e-05
157000	0.548704276787976	2.16915266402094e-05	2.29944481972474e-05	0.533920016043232	2.14671535928396e-05	2.25560457654311e-05
158000	0.547814616228996	2.24860466098117e-05	2.33757071687917e-05	0.533176454445664	2.19475850713502e-05	2.26911466689184e-05
159000	0.546942371020856	2.09127965887022e-05	2.1785041796842e-05	0.532367305581356	2.04304441442202e-05	2.12395930085282e-05
160000	0.546186565903909	2.23546398716541e-05	2.31104449886009e-05	0.531629654648315	2.17778434518281e-05	2.25154943848687e-05
161000	0.545717575783163	2.40763953390188e-05	2.45453854597653e-05	0.531108587351178	2.35824748796758e-05	2.41035421768133e-05
162000	0.545484083424808	1.99959891919277e-05	2.02294815502828e-05	0.530836928987588	1.91603478848265e-05	1.94320062484168e-05
163000	0.54485411213375	2.22558684454952e-05	2.28858397365532e-05	0.530444017563117	2.17662121084185e-05	2.21591235328886e-05
164000	0.544241134003209	2.45185763742294e-05	2.51315545047708e-05	0.529936101494554	2.40101536772777e-05	2.45180697458414e-05
165000	0.543849172506966	2.17946466266993e-05	2.21866081229418e-05	0.52956856370852	2.11564004053027e-05	2.15239381913366e-05
166000	0.54351686650342	2.09229924850122e-05	2.12552984885586e-05	0.529336992316136	2.00963016127671e-05	2.03278730051507e-05
167000	0.542737608714008	2.00835936840328e-05	2.08628514734443e-05	0.528594760618087	1.96399560922063e-05	2.03821877902559e-05
168000	0.542327218610149	2.10168453939036e-05	2.14272354977624e-05	0.528218166849616	2.07076754200794e-05	2.10842691885503e-05
169000	0.540942371020856	2.10837414506459e-05	2.24685890399393e-05	0.526931900700836	2.08044414422021e-05	2.2090707590982e-05
170000	0.540119458752005	2.03554209237524e-05	2.11783331926032e-05	0.526265958794224	1.95558979988179e-05	2.02218399054294e-05
171000	0.539404458329815	2.18170227138394e-05	2.25320231360298e-05	0.525596977117284	2.10499662247741e-05	2.1718947901714e-05
172000	0.539057270117369	2.07175546736469e-05	2.10647428860931e-05	0.525149940893355	2.05077260829181e-05	2.09547623068479e-05
173000	0.538861479354893	2.02317613780293e-05	2.04275521405049e-05	0.5249150130879	1.98533310816516e-05	2.00882588871063e-05
174000	0.538616756733936	2.01918010639196e-05	2.04365236848771e-05	0.524566157223676	1.92026091361986e-05	1.95514650004222e-05
175000	0.538041374651693	2.37924090179853e-05	2.4367791100228e-05	0.524154331672718	2.29616862281517e-05	2.337351177911e-05
176000	0.537483239044161	1.97164358692898e-05	2.02745714768217e-05	0.523651418559487	1.93657434771595e-05	1.98686565903909e-05
177000	0.536885501984295	2.21165456387739e-05	2.27142826986405e-05	0.522952524698134	2.1347420417124e-05	2.20463142784768e-05
178000	0.536330617242253	2.29461707337668e-05	2.35010554758085e-05	0.522566009457063	2.21311745334796e-05	2.25176897745504e-05
179000	0.535480410368994	2.12916912944355e-05	2.2141898167694e-05	0.521750907709195	2.11687283627459e-05	2.19838301106139e-05
180000	0.535005171831462	2.05946339609896e-05	2.10698724985223e-05	0.521488199780461	2.03620493118298e-05	2.06247572405641e-05
181000	0.534599679135354	1.7634573165583e-05	1.80400658616904e-05	0.521045322131217	1.69919994933716e-05	1.74348771426159e-05
182000	0.533677108840665	2.07689563455206e-05	2.16915266402094e-05	0.520088195558558	2.05100270201808e-05	2.14671535928396e-05
183000	0.53283768893017	2.16466266993161e-05	2.24860466098117e-05	0.519223824199949	2.10832137127418e-05	2.19475850713502e-05
184000	0.532114329139576	2.01894367981086e-05	2.09127965887022e-05	0.51830015621042	1.95067761546906e-05	2.04304441442202e-05
185000	0.531455480030398	2.16957907624757e-05	2.23546398716541e-05	0.517803048214135	2.12807354555434e-05	2.17778434518281e-05
186000	0.530846343831799	2.34672591404205e-05	2.40763953390188e-05	0.51732975175209	2.31091784176306e-05	2.35824748796758e-05
187000	0.530648568774804	1.9798214134932e-05	1.99959891919277e-05	0.517202081398294	1.9032677531031e-05	1.91603478848265e-05
188000	0.529780883222157	2.13881828928481e-05	2.22558684454952e-05	0.5165248036815	2.10889343916238e-05	2.17662121084185e-05
189000	0.529309296630921	2.40469897829941e-05	2.45185763742294e-05	0.515994131554505	2.34794815502828e-05	2.40101536772777e-05
190000	0.528947479523769	2.14328295195474e-05	2.17946466266993e-05	0.515761019167441	2.09232880182386e-05	2.11564004053027e-05
191000	0.528567761546905	2.05432745081483e-05	2.09229924850122e-05	0.515527906780377	1.9863189225703e-05	2.00963016127671e-05
192000	0.527956007768302	1.94718399054294e-05	2.00835936840328e-05	0.515049860677193	1.9161909989023e-05	1.96399560922063e-05
193000	0.527517056489065	2.05778941146669e-05	2.10168453939036e-05	0.514640758253821	2.0298572996707e-05	2.07076754200794e-05
194000	0.526256543950013	1.98232289115934e-05	2.10837414506459e-05	0.513416131892257	1.95798150806384e-05	2.08044414422021e-05
195000	0.525669150553069	1.97680275268091e-05	2.03554209237524e-05	0.512873321793464	1.90130879000254e-05	1.95558979988179e-05
196000	0.524986890990458	2.11347631512286e-05	2.18170227138394e-05	0.512337541163557	2.05141855948662e-05	2.10499662247741e-05
197000	0.52434959469729	2.00802583804779e-05	2.07175546736469e-05	0.51157947732838	1.97496622477413e-05	2.05077260829181e-05
198000	0.524046250949928	1.99284176306679e-05	2.02317613780293e-05	0.511398209913029	1.96720636663008e-05	1.98533310816516e-05
199000	0.523773790424723	1.99193405387149e-05	2.01918010639196e-05	0.511216224774128	1.9020623997298e-05	1.92026091361986e-05
200000	0.523298805201385	2.33174237946466e-05	2.37924090179853e-05	0.510523030482141	2.22684919361648e-05	2.29616862281517e-05
201000	0.522482732415773	1.89003630836781e-05	1.97164358692898e-05	0.50980935995947	1.86520729544879e-05	1.93657434771595e-05
202000	0.521633053280419	2.12668665034197e-05	2.21165456387739e-05	0.509205648906527	2.07437093641813e-05	2.1347420417124e-05
203000	0.521418200624842	2.27313180781896e-05	2.29461707337668e-05	0.509164105378705	2.20896310056573e-05	2.21311745334796e-05
204000	0.520610381660052	2.04838723296462e-05	2.12916912944355e-05	0.508348328126319	2.03529511103605e-05	2.11687283627459e-05
205000	0.520467238030904	2.04514903318416e-05	2.05946339609896e-05	0.508247445748543	2.02611669340539e-05	2.03620493118298e-05
206000	0.520043253398632	1.72105885333109e-05	1.7634573165583e-05	0.507932618424386	1.6677172169214e-05	1.69919994933716e-05
207000	0.519121316389428	1.98470193363168e-05	2.07689563455206e-05	0.507032255340708	1.96096639365026e-05	2.05100270201808e-05
208000	0.518630499028962	2.11558093388499e-05	2.16466266993161e-05	0.506613168116187	2.06641264882209e-05	2.10832137127418e-05
209000	0.518229692645445	1.97886304145909e-05	2.01894367981086e-05	0.50622095330575	1.9114561344254e-05	1.95067761546906e-05
210000	0.517740120746432	2.12062188634636e-05	2.16957907624757e-05	0.505670016043232	2.07297981930254e-05	2.12807354555434e-05
211000	0.517342902980664	2.30700413746517e-05	2.34672591404205e-05	0.50542466013679	2.28638225111881e-05	2.31091784176306e-05
212000	0.516856856370852	1.93121675251203e-05	1.9798214134932e-05	0.505110466098117	1.87184834923583e-05	1.9032677531031e-05
213000	0.516384383179938	2.09157097019336e-05	2.13881828928481e-05	0.504841087562273	2.08195558557797e-05	2.10889343916238e-05
214000	0.515809022207211	2.34716288102677e-05	2.40469897829941e-05	0.504387507388331	2.30259013763405e-05	2.34794815502828e-05
215000	0.515086063497425	2.0709870809761e-05	2.14328295195474e-05	0.503821920121591	2.03577007514988e-05	2.09232880182386e-05
216000	0.514537384953137	1.99945959638605e-05	2.05432745081483e-05	0.503460694080892	1.95019631850038e-05	1.9863189225703e-05
217000	0.514153508401587	1.90879633538799e-05	1.94718399054294e-05	0.503047221987672	1.87484378958034e-05	1.9161909989023e-05
218000	0.513845583889217	2.02699696022967e-05	2.05778941146669e-05	0.502803597061555	2.00549480705902e-05	2.0298572996707e-05
219000	0.512660664527569	1.86383095499451e-05	1.98232289115934e-05	0.501643523600439	1.84197416195221e-05	1.95798150806384e-05
220000	0.512372308536688	1.94796715359284e-05	1.97680275268091e-05	0.501508106054209	1.88776703537956e-05	1.90130879000254e-05
221000	0.511724035295111	2.04864899096513e-05	2.11347631512286e-05	0.500935468209069	1.99415477497256e-05	2.05141855948662e-05
222000	0.511019441864393	1.93756649497593e-05	2.00802583804779e-05	0.500268766359875	1.90829603985476e-05	1.97496622477413e-05
223000	0.510702735793296	1.9611711559571e-05	1.99284176306679e-05	0.500011420248248	1.94147175546736e-05	1.96720636663008e-05
224000	0.510215485941062	1.94320906864815e-05	1.99193405387149e-05	0.499568141518196	1.85773452672465e-05	1.9020623997298e-05
225000	0.509545638773959	2.26475766275437e-05	2.33174237946466e-05	0.498959680824116	2.1660031242084e-05	2.22684919361648e-05
226000	0.508818964789327	1.81736890990459e-05	1.89003630836781e-05	0.498317423794647	1.8009815925019e-05	1.86520729544879e-05
227000	0.507942159925694	2.03900616397872e-05	2.12668665034197e-05	0.497556024655915	1.99823102254496e-05	2.07437093641813e-05
228000	0.507460926285569	2.22500844380647e-05	2.27313180781896e-05	0.496986933209491	2.15205395592334e-05	2.20896310056573e-05
229000	0.507132842185257	2.01557882293338e-05	2.04838723296462e-05	0.496623469560078	1.99894874609474e-05	2.03529511103605e-05
230000	0.507132799966225	2.04514481128093e-05	2.04514903318416e-05	0.496350523516001	1.99882208899772e-05	2.02611669340539e-05
231000	0.506872371865237	1.69501604323229e-05	1.72105885333109e-05	0.496122055222494	1.64487038757072e-05	1.6677172169214e-05
232000	0.506207443215401	1.91820906864815e-05	1.98470193363168e-05	0.495645001266571	1.91326099805792e-05	1.96096639365026e-05
233000	0.505881343409609	2.08297095330575e-05	2.11558093388499e-05	0.495474161952208	2.0493287173858e-05	2.06641264882209e-05
234000	0.505345520560669	1.92528075656506e-05	1.97886304145909e-05	0.495020792873427	1.86611922654733e-05	1.9114561344254e-05
235000	0.505263700075994	2.11243983787891e-05	2.12062188634636e-05	0.495165773030482	2.08747783500802e-05	2.07297981930254e-05
236000	0.504435447099552	2.224178839821e-05	2.30700413746517e-05	0.4944681457401	2.21661952208055e-05	2.28638225111881e-05
237000	0.504021405049396	1.88981254749641e-05	1.93121675251203e-05	0.494198598328126	1.84489360803851e-05	1.87184834923583e-05
238000	0.503536709448619	2.04310141011567e-05	2.09157097019336e-05	0.493748311238706	2.03692687663599e-05	2.08195558557797e-05
239000	0.502615110191674	2.25500295533227e-05	2.34716288102677e-05	0.492853141096006	2.21307312336402e-05	2.30259013763405e-05
240000	0.501572975597399	1.9667736215486e-05	2.0709870809761e-05	0.49188596639365	1.93905260491429e-05	2.03577007514988e-05
241000	0.501207907624757	1.96295279912185e-05	1.99945959638605e-05	0.491584332517099	1.92003293084523e-05	1.95019631850038e-05
242000	0.500933230600355	1.88132863294773e-05	1.90879633538799e-05	0.491192476568437	1.83565819471418e-05	1.87484378958034e-05
243000	0.500920860423879	2.02575994258212e-05	2.02699696022967e-05	0.491213818289285	2.0076289791438e-05	2.00549480705902e-05
244000	0.500211981761378	1.79294308874441e-05	1.86383095499451e-05	0.490590538714853	1.77964620450899e-05	1.84197416195221e-05
245000	0.4998434729376	1.91111627121506e-05	1.94796715359284e-05	0.490236722114329	1.8523853753272e-05	1.88776703537956e-05
246000	0.499511758000507	2.01547749725576e-05	2.04864899096513e-05	0.48995155366039	1.96563792957866e-05	1.99415477497256e-05
247000	0.498980663683188	1.88445706324411e-05	1.93756649497593e-05	0.489388858397366	1.85202651355231e-05	1.90829603985476e-05
248000	0.498888795068817	1.95198429451997e-05	1.9611711559571e-05	0.489305264713333	1.93311238706409e-05	1.94147175546736e-05
249000	0.498182175124546	1.87254707422106e-05	1.94320906864815e-05	0.488597652621802	1.78697331757156e-05	1.85773452672465e-05
250000	0.497578527400152	2.20439289031495e-05	2.26475766275437e-05	0.488172295870979	2.12346744912607e-05	2.1660031242084e-05
251000	0.496901524107067	1.74966858059613e-05	1.81736890990459e-05	0.48747563961834	1.73131596723803e-05	1.8009815925019e-05
252000	0.496361922654733	1.98504601874525e-05	2.03900616397872e-05	0.486787363843621	1.92940344507304e-05	1.99823102254496e-05
253000	0.496268766359875	2.2156928143207e-05	2.22500844380647e-05	0.486615511272482	2.13486869880942e-05	2.15205395592334e-05
254000	0.495718209068648	1.96052309381068e-05	2.01557882293338e-05	0.486422696951786	1.97966731402517e-05	1.99894874609474e-05
255000	0.495542409017985	2.02756480621464e-05	2.04514481128093e-05	0.486321286836106	1.98868107742971e-05	1.99882208899772e-05
256000	0.495630646795575	1.70383982099131e-05	1.69501604323229e-05	0.486470193363168	1.65976104027695e-05	1.64487038757072e-05
257000	0.494943933125053	1.84953770159588e-05	1.91820906864815e-05	0.485819703622393	1.84821202398042e-05	1.91326099805792e-05
258000	0.494510090348729	2.03958667567339e-05	2.08297095330575e-05	0.485658870218695	2.03324537701596e-05	2.0493287173858e-05
259000	0.493345013932281	1.8087731149202e-05	1.92528075656506e-05	0.48463596639365	1.76382884404289e-05	1.86611922654733e-05
260000	0.49317466013679	2.09540445832982e-05	2.11243983787891e-05	0.48433443806468	2.05732500211095e-05	2.08747783500802e-05
261000	0.49255224605252	2.16193743139407e-05	2.224178839821e-05	0.48384220636663	2.1673963522756e-05	2.21661952208055e-05
262000	0.492113653635059	1.84595330575023e-05	1.88981254749641e-05	0.483457907624757	1.80646373385122e-05	1.84489360803851e-05
263000	0.491452250274424	1.97696107405218e-05	2.04310141011567e-05	0.482804568099299	1.97159292409018e-05	2.03692687663599e-05
264000	0.490599193616482	2.16969728953812e-05	2.25500295533227e-05	0.482008718230178	2.13348813645192e-05	2.21307312336402e-05
265000	0.489885206451068	1.89537490500718e-05	1.9667736215486e-05	0.481305475808494	1.86872836274592e-05	1.93905260491429e-05
266000	0.489173393565819	1.89177151059698e-05	1.96295279912185e-05	0.480714662669932	1.86095161698894e-05	1.92003293084523e-05
267000	0.488977497255763	1.86173900194208e-05	1.88132863294773e-05	0.480585957949844	1.8227877227054e-05	1.83565819471418e-05
268000	0.488954593430719	2.02346956007768e-05	2.02575994258212e-05	0.480486616566748	1.99769484083425e-05	2.0076289791438e-05
269000	0.488768154183906	1.77429916406316e-05	1.79294308874441e-05	0.480307438993498	1.76172844718399e-05	1.77964620450899e-05
270000	0.488255045174365	1.85980537026091e-05	1.91111627121506e-05	0.479845140589378	1.80615553491514e-05	1.8523853753272e-05
271000	0.487661783331926	1.95615131301191e-05	2.01547749725576e-05	0.479422844718399	1.92340834248079e-05	1.96563792957866e-05
272000	0.486982732415773	1.81655197162881e-05	1.88445706324411e-05	0.478776745756987	1.78741661741113e-05	1.85202651355231e-05
273000	0.486689331250528	1.92264417799544e-05	1.95198429451997e-05	0.478403635058684	1.89580131723381e-05	1.93311238706409e-05
274000	0.485821160179009	1.78572996706916e-05	1.87254707422106e-05	0.477829055138056	1.72951532550874e-05	1.78697331757156e-05
275000	0.485274001519885	2.1496770244026e-05	2.20439289031495e-05	0.477235434433843	2.06410537870471e-05	2.12346744912607e-05
276000	0.484896584480284	1.71192687663599e-05	1.74966858059613e-05	0.4768618804357	1.6939605674238e-05	1.73131596723803e-05
277000	0.484241387317403	1.91952630245715e-05	1.98504601874525e-05	0.476381807818965	1.88139618339948e-05	1.92940344507304e-05
278000	0.483933737228743	2.1849278054547e-05	2.2156928143207e-05	0.476297074221059	2.12639533901883e-05	2.13486869880942e-05
279000	0.482769484083425	1.84409777927889e-05	1.96052309381068e-05	0.475211960651862	1.87115595710546e-05	1.97966731402517e-05
280000	0.482636874102846	2.01430380815672e-05	2.02756480621464e-05	0.475373849531369	2.0048699653804e-05	1.98868107742971e-05
281000	0.482325656505953	1.67271806130204e-05	1.70383982099131e-05	0.475181541839061	1.64053027104619e-05	1.65976104027695e-05
282000	0.481983682344001	1.81534028540066e-05	1.84953770159588e-05	0.474670628219201	1.79712066199443e-05	1.84821202398042e-05
283000	0.481892425905598	2.03046103183314e-05	2.03958667567339e-05	0.474626171578147	2.02879971291058e-05	2.03324537701596e-05
284000	0.481175863379211	1.73711686228152e-05	1.8087731149202e-05	0.474166828506291	1.71789453685722e-05	1.76382884404289e-05
285000	0.480505784007431	2.02839652115174e-05	2.09540445832982e-05	0.47352039179262	1.9926813307439e-05	2.05732500211095e-05
286000	0.479754918517268	2.08685088237777e-05	2.16193743139407e-05	0.472888330659461	2.10419023895972e-05	2.1673963522756e-05
287000	0.479345098370345	1.80497129105801e-05	1.84595330575023e-05	0.4724398167694	1.76161234484506e-05	1.80646373385122e-05
288000	0.478799480705902	1.92239930760787e-05	1.97696107405218e-05	0.471847378198092	1.91234906695938e-05	1.97159292409018e-05
289000	0.478536857215233	2.14343494047117e-05	2.16969728953812e-05	0.471705015621042	2.11925187874694e-05	2.13348813645192e-05
290000	0.478110128345858	1.85270201806975e-05	1.89537490500718e-05	0.471351367896648	1.83336359030651e-05	1.86872836274592e-05
291000	0.477354998733429	1.81625854935404e-05	1.89177151059698e-05	0.470774149286498	1.803229755974e-05	1.86095161698894e-05
292000	0.476698724985223	1.7961116271215e-05	1.86173900194208e-05	0.47013298995187	1.75867178924259e-05	1.8227877227054e-05
293000	0.476430401925188	1.99663725407414e-05	2.02346956007768e-05	0.469819956936587	1.96639153930592e-05	1.99769484083425e-05
294000	0.476148779869965	1.74613695854091e-05	1.77429916406316e-05	0.469543063412987	1.73403909482394e-05	1.76172844718399e-05
295000	0.475498036814996	1.794731064764e-05	1.85980537026091e-05	0.468891729291565	1.74102212277295e-05	1.80615553491514e-05
296000	0.474999535590644	1.90630119057671e-05	1.95615131301191e-05	0.468374292831208	1.87166469644516e-05	1.92340834248079e-05
297000	0.473938507979397	1.71044921050409e-05	1.81655197162881e-05	0.467577957443215	1.70778307861184e-05	1.78741661741113e-05
298000	0.473557713417208	1.88456472177657e-05	1.92264417799544e-05	0.467136177488812	1.85162332179347e-05	1.89580131723381e-05
299000	0.472748079034029	1.70476652875116e-05	1.78572996706916e-05	0.466315038419319	1.64740141855949e-05	1.72951532550874e-05
300000	0.472145993413831	2.08946846238284e-05	2.1496770244026e-05	0.465868171071519	2.01941864392468e-05	2.06410537870471e-05
301000	0.471778096766022	1.6751372118551e-05	1.71192687663599e-05	0.465564510681415	1.66359452841341e-05	1.6939605674238e-05
302000	0.47159970024487	1.90168665034198e-05	1.91952630245715e-05	0.465475935151566	1.87253863041459e-05	1.88139618339948e-05
303000	0.471529300008444	2.17788778181204e-05	2.1849278054547e-05	0.465586612344845	2.1374630583467e-05	2.12639533901883e-05
304000	0.470490289622562	1.7401967406907e-05	1.84409777927889e-05	0.46451118804357	1.76361352697796e-05	1.87115595710546e-05
305000	0.470114434687157	1.97671831461623e-05	2.01430380815672e-05	0.464070695769653	1.96082073798868e-05	2.0048699653804e-05
306000	0.469426665540826	1.60394114666892e-05	1.67271806130204e-05	0.463397555518028	1.57321624588365e-05	1.64053027104619e-05
307000	0.469084944693068	1.78116820062484e-05	1.81534028540066e-05	0.462913408764671	1.74870598665879e-05	1.79712066199443e-05
308000	0.468998543443384	2.02182090686482e-05	2.03046103183314e-05	0.463000633285485	2.03752216499198e-05	2.02879971291058e-05
309000	0.468391454867854	1.67640800472853e-05	1.73711686228152e-05	0.462540276956852	1.67185890399392e-05	1.71789453685722e-05
310000	0.467765051085029	1.9657561428692e-05	2.02839652115174e-05	0.462044372202989	1.94309085535759e-05	1.9926813307439e-05
311000	0.466998332348223	2.01017900869712e-05	2.08685088237777e-05	0.461210461876214	2.02079920628219e-05	2.10419023895972e-05
312000	0.466641792620113	1.76931731824707e-05	1.80497129105801e-05	0.460976167356244	1.7381828928481e-05	1.76161234484506e-05
313000	0.466371464156042	1.89536646120071e-05	1.92239930760787e-05	0.460707802077176	1.88551253905261e-05	1.91234906695938e-05
314000	0.466180739677447	2.12436249261167e-05	2.14343494047117e-05	0.460576711981761	2.10614286920544e-05	2.11925187874694e-05
315000	0.465883771003969	1.82300515072194e-05	1.85270201806975e-05	0.460243076078696	1.79999999999999e-05	1.83336359030651e-05
316000	0.465407118128852	1.76859326184244e-05	1.81625854935404e-05	0.459705036730558	1.74942582116018e-05	1.803229755974e-05
317000	0.46473781980917	1.72918179515326e-05	1.7961116271215e-05	0.459126572658955	1.70082538208224e-05	1.75867178924259e-05
318000	0.464163176559993	1.93917292915646e-05	1.99663725407414e-05	0.458727687241408	1.92650299755129e-05	1.96639153930592e-05
319000	0.463822426749979	1.71206197753947e-05	1.74613695854091e-05	0.458426285569535	1.70389892763657e-05	1.73403909482394e-05
320000	0.463330385037575	1.7455268935236e-05	1.794731064764e-05	0.457957569872499	1.69415055306932e-05	1.74102212277295e-05
321000	0.462943700920375	1.86763277885671e-05	1.90630119057671e-05	0.457509668158406	1.82687452503589e-05	1.87166469644516e-05
322000	0.462282656421515	1.64434476061809e-05	1.71044921050409e-05	0.456910854513215	1.64790171409271e-05	1.70778307861184e-05
323000	0.462009520391793	1.85725111880436e-05	1.88456472177657e-05	0.45673925525627	1.83446339609896e-05	1.85162332179347e-05
324000	0.461687093641814	1.67252385375327e-05	1.70476652875116e-05	0.456584775816938	1.63195347462636e-05	1.64740141855949e-05
325000	0.461632293337837	2.08398843198514e-05	2.08946846238284e-05	0.456679304230347	2.02887148526556e-05	2.01941864392468e-05
326000	0.461347335979059	1.64664147597738e-05	1.6751372118551e-05	0.456394051338343	1.63506923921304e-05	1.66359452841341e-05
327000	0.461460124123955	1.91296546483155e-05	1.90168665034198e-05	0.456306066874947	1.86374018407499e-05	1.87253863041459e-05
328000	0.46130935995947	2.16281136536351e-05	2.17788778181204e-05	0.456108925103437	2.11774888119564e-05	2.1374630583467e-05
329000	0.460939141264882	1.70317487123195e-05	1.7401967406907e-05	0.455608101832306	1.7135311998649e-05	1.76361352697796e-05
330000	0.460487059866588	1.93151017478679e-05	1.97671831461623e-05	0.454884404289454	1.88845098370345e-05	1.96082073798868e-05
331000	0.459907582538208	1.54599341383096e-05	1.60394114666892e-05	0.454211052942667	1.50588111120493e-05	1.57321624588365e-05
332000	0.459433230600355	1.73373300683948e-05	1.78116820062484e-05	0.453585894621295	1.68619015452166e-05	1.74870598665879e-05
333000	0.45935058684455	2.0135565312843e-05	2.02182090686482e-05	0.453302013847843	2.00913408764671e-05	2.03752216499198e-05
334000	0.459301570548003	1.67150637507388e-05	1.67640800472853e-05	0.453079055138056	1.64956303301528e-05	1.67185890399392e-05
335000	0.459076395339019	1.94323862197078e-05	1.9657561428692e-05	0.452779954403445	1.91318078189648e-05	1.94309085535759e-05
336000	0.458706007768302	1.97314025162543e-05	2.01017900869712e-05	0.452492843874018	1.99208815333952e-05	2.02079920628219e-05
337000	0.458241598412564	1.72287638267331e-05	1.76931731824707e-05	0.451900130879	1.67891159334628e-05	1.7381828928481e-05
338000	0.458036878324749	1.87489445241915e-05	1.89536646120071e-05	0.451706282192012	1.86612767035379e-05	1.88551253905261e-05
339000	0.457794076669763	2.10008232711306e-05	2.12436249261167e-05	0.45139616228996	2.07513087900025e-05	2.10614286920544e-05
340000	0.457825529848856	1.82615046863126e-05	1.82300515072194e-05	0.451258042725661	1.78618804357004e-05	1.79999999999999e-05
341000	0.457486426581103	1.73468293506713e-05	1.76859326184244e-05	0.450932238453095	1.71684539390357e-05	1.74942582116018e-05
342000	0.457358502913113	1.7163894283543e-05	1.72918179515326e-05	0.450761969095668	1.68379844633961e-05	1.70082538208224e-05
343000	0.456632799966225	1.86660263446761e-05	1.93917292915646e-05	0.450184243857131	1.86873047369754e-05	1.92650299755129e-05
344000	0.456375643840243	1.68634636494132e-05	1.71206197753947e-05	0.449885523093811	1.67402685130457e-05	1.70389892763657e-05
345000	0.456096006079541	1.71756311745335e-05	1.7455268935236e-05	0.44979276787976	1.68487503166427e-05	1.69415055306932e-05
346000	0.455727138393988	1.83074601030144e-05	1.86763277885671e-05	0.449594296208731	1.80702735793296e-05	1.82687452503589e-05
347000	0.455049100734611	1.5765409946804e-05	1.64434476061809e-05	0.448864877986997	1.57495989191928e-05	1.64790171409271e-05
348000	0.45479943848687	1.83228489403023e-05	1.85725111880436e-05	0.448850101325678	1.83298572996707e-05	1.83446339609896e-05
349000	0.454522544963269	1.64483450139323e-05	1.67252385375327e-05	0.448514460018576	1.59838934391623e-05	1.63195347462636e-05
350000	0.453943510934729	2.02608502913114e-05	2.08398843198514e-05	0.448043190070084	1.98174449041628e-05	2.02887148526556e-05
351000	0.453075550958372	1.55984547834164e-05	1.64664147597738e-05	0.44721048298573	1.55179853077768e-05	1.63506923921304e-05
352000	0.452414084269189	1.84681879591319e-05	1.91296546483155e-05	0.446841699738242	1.82686185932618e-05	1.86374018407499e-05
353000	0.452108756227307	2.13227856117538e-05	2.16281136536351e-05	0.446573693320949	2.09094823946635e-05	2.11774888119564e-05
354000	0.451692096597146	1.66150890821582e-05	1.70317487123195e-05	0.446262813476315	1.6824432154015e-05	1.7135311998649e-05
355000	0.451092227476146	1.87152326268682e-05	1.93151017478679e-05	0.445642594781728	1.8264291142447e-05	1.88845098370345e-05
356000	0.451041036899434	1.54087435615975e-05	1.54599341383096e-05	0.445782065355062	1.51982816853838e-05	1.50588111120493e-05
357000	0.450598497002449	1.68947901714093e-05	1.73373300683948e-05	0.445480072616736	1.65599088068902e-05	1.68619015452166e-05
358000	0.450055138056236	1.95922063666301e-05	2.0135565312843e-05	0.445025563624082	1.96368318838132e-05	2.00913408764671e-05
359000	0.450023431562949	1.66833572574516e-05	1.67150637507388e-05	0.444841784176307	1.63118508823778e-05	1.64956303301528e-05
360000	0.449691568859242	1.9100523516001e-05	1.94323862197078e-05	0.44430214050494	1.85921641475977e-05	1.91318078189648e-05
361000	0.449665963016128	1.97057966731403e-05	1.97314025162543e-05	0.444226990627375	1.98457316558304e-05	1.99208815333952e-05
362000	0.449089124377269	1.66519251878747e-05	1.72287638267331e-05	0.443842966309212	1.64050916153002e-05	1.67891159334628e-05
363000	0.449038419319429	1.86982394663514e-05	1.87489445241915e-05	0.443678945368572	1.84972557628979e-05	1.86612767035379e-05
364000	0.448396626699316	2.03590306510174e-05	2.10008232711306e-05	0.443007388330659	2.00797517520899e-05	2.07513087900025e-05
365000	0.448122350755721	1.79872287427172e-05	1.82615046863126e-05	0.442756290635819	1.76107827408596e-05	1.78618804357004e-05
366000	0.447856835261336	1.70813138562864e-05	1.73468293506713e-05	0.442458583129275	1.68707464324918e-05	1.71684539390357e-05
367000	0.447692223254243	1.69992822764502e-05	1.7163894283543e-05	0.442274318162628	1.66537194967491e-05	1.68379844633961e-05
368000	0.447150151988516	1.81239550789495e-05	1.86660263446761e-05	0.441752680908554	1.81656674829013e-05	1.86873047369754e-05
369000	0.447213797179769	1.69271088406654e-05	1.68634636494132e-05	0.441893882462214	1.68814700667061e-05	1.67402685130457e-05
370000	0.446738157561429	1.66999915561936e-05	1.71756311745335e-05	0.441478637169636	1.64335050240648e-05	1.68487503166427e-05
371000	0.446586147935489	1.81554504770751e-05	1.83074601030144e-05	0.441169045005488	1.7760681415182e-05	1.80702735793296e-05
372000	0.446105230938107	1.52844929494216e-05	1.5765409946804e-05	0.440878155872667	1.54587097863717e-05	1.57495989191928e-05
373000	0.44584049649582	1.80581144980156e-05	1.83228489403023e-05	0.440412205522249	1.78639069492527e-05	1.83298572996707e-05
374000	0.445463100565735	1.6070949083847e-05	1.64483450139323e-05	0.440148273241577	1.57199611584903e-05	1.59838934391623e-05
375000	0.444760364772439	1.95581144980157e-05	2.02608502913114e-05	0.439614223591995	1.92833952545807e-05	1.98174449041628e-05
376000	0.443953727940556	1.47918179515326e-05	1.55984547834164e-05	0.438958667567339	1.48624292831208e-05	1.55179853077768e-05
377000	0.44331531284303	1.7829772861606e-05	1.84681879591319e-05	0.438412881026767	1.77228320526894e-05	1.82686185932618e-05
378000	0.442794329983957	2.08018027526809e-05	2.13227856117538e-05	0.437879570210251	2.03761715781474e-05	2.09094823946635e-05
379000	0.44229304230347	1.61138014016718e-05	1.66150890821582e-05	0.437493371611923	1.64382335556869e-05	1.6824432154015e-05
380000	0.441659967913535	1.80821582369332e-05	1.87152326268682e-05	0.436861964873765	1.76328844042895e-05	1.8264291142447e-05
381000	0.441451152579583	1.51999282276451e-05	1.54087435615975e-05	0.436756881702271	1.50931985138901e-05	1.51982816853838e-05
382000	0.440765916575192	1.62095541670185e-05	1.68947901714093e-05	0.435895106814152	1.56981339187705e-05	1.65599088068902e-05
383000	0.44048853753272	1.93148273241577e-05	1.95922063666301e-05	0.435763066790509	1.95047918601706e-05	1.96368318838132e-05
384000	0.440214409355738	1.64092290804695e-05	1.66833572574516e-05	0.435541353542177	1.60901376340455e-05	1.63118508823778e-05
385000	0.439370556446846	1.82566706071097e-05	1.9100523516001e-05	0.434653466182555	1.7704276787976e-05	1.85921641475977e-05
386000	0.438896774465929	1.92320146922232e-05	1.97057966731403e-05	0.434304040361395	1.94963058346703e-05	1.98457316558304e-05
387000	0.438667504010808	1.64226547327535e-05	1.66519251878747e-05	0.433953474626362	1.60545258802668e-05	1.64050916153002e-05
388000	0.438451764755552	1.84825002110951e-05	1.86982394663514e-05	0.433851304568099	1.83950857046356e-05	1.84972557628979e-05
389000	0.437538567086042	1.9445832981508e-05	2.03590306510174e-05	0.433124145064595	1.93525922485857e-05	2.00797517520899e-05
390000	0.436930760786963	1.73794224436376e-05	1.79872287427172e-05	0.432560056573503	1.70466942497678e-05	1.76107827408596e-05
391000	0.437088469982268	1.72390230515917e-05	1.70813138562864e-05	0.432648800979482	1.695949083847e-05	1.68707464324918e-05
392000	0.436931394072448	1.68422063666301e-05	1.69992822764502e-05	0.432472135438656	1.64770539559234e-05	1.66537194967491e-05
393000	0.436513847842607	1.77064088491092e-05	1.81239550789495e-05	0.432070231360297	1.77637634045427e-05	1.81656674829013e-05
394000	0.436349299164063	1.67625601621211e-05	1.69271088406654e-05	0.431979713754961	1.67909524613696e-05	1.68814700667061e-05
395000	0.43566528751161	1.60159799037406e-05	1.66999915561936e-05	0.431224077514143	1.56778687832475e-05	1.64335050240648e-05
396000	0.434680507472769	1.71706704382336e-05	1.81554504770751e-05	0.430277843451828	1.68144473528667e-05	1.7760681415182e-05
397000	0.434300071772355	1.49040572490079e-05	1.52844929494216e-05	0.430011356919699	1.5192223254243e-05	1.54587097863717e-05
398000	0.43378599172507	1.75440344507304e-05	1.80581144980156e-05	0.429541691294436	1.73942413239888e-05	1.78639069492527e-05
399000	0.433871654141687	1.61566115004644e-05	1.6070949083847e-05	0.429620957527653	1.57992273917082e-05	1.57199611584903e-05
400000	0.433545786540572	1.92322468969011e-05	1.95581144980157e-05	0.42937406062653	1.90364983534577e-05	1.92833952545807e-05
401000	0.433050641729292	1.42966731402517e-05	1.47918179515326e-05	0.429032234231191	1.45206028877818e-05	1.48624292831208e-05
402000	0.432729840412058	1.75089715443722e-05	1.7829772861606e-05	0.4285233682344	1.7213966055898e-05	1.77228320526894e-05
403000	0.432221565481719	2.02935278223423e-05	2.08018027526809e-05	0.427971797686397	1.98246010301444e-05	2.03761715781474e-05
404000	0.432055454698978	1.5947690618931e-05	1.61138014016718e-05	0.427766402094064	1.62328379633539e-05	1.64382335556869e-05
405000	0.431604998733429	1.7631702271384e-05	1.80821582369332e-05	0.427439943426497	1.73064257367221e-05	1.76328844042895e-05
406000	0.43145706324411	1.50519927383265e-05	1.51999282276451e-05	0.427546630921219	1.51998860086127e-05	1.50931985138901e-05
407000	0.430984906695939	1.57373976188466e-05	1.62095541670185e-05	0.427081714937094	1.52332179346449e-05	1.56981339187705e-05
408000	0.43110185341552	1.94317740437389e-05	1.93148273241577e-05	0.427141180444144	1.95642573672212e-05	1.95047918601706e-05
409000	0.431092501899856	1.63998775648062e-05	1.64092290804695e-05	0.427081672718061	1.60306299079625e-05	1.60901376340455e-05
410000	0.430411297813054	1.75754665203074e-05	1.82566706071097e-05	0.426572764502238	1.71953685721524e-05	1.7704276787976e-05
411000	0.430127417039601	1.89481339187705e-05	1.92320146922232e-05	0.426224309718821	1.9147851051254e-05	1.94963058346703e-05
412000	0.429746200287089	1.60414379802415e-05	1.64226547327535e-05	0.425807692307692	1.56379084691379e-05	1.60545258802668e-05
413000	0.429631786709449	1.83680866334543e-05	1.84825002110951e-05	0.425655176053365	1.82425694503082e-05	1.83950857046356e-05
414000	0.42900749387824	1.88215401502998e-05	1.9445832981508e-05	0.424998057924512	1.86954741197332e-05	1.93525922485857e-05
415000	0.428096322722283	1.64682512876805e-05	1.73794224436376e-05	0.424210736299924	1.62593726251794e-05	1.70466942497678e-05
416000	0.428017985307777	1.71606856370852e-05	1.72390230515917e-05	0.424115342396352	1.68640969348983e-05	1.695949083847e-05
417000	0.427977265051085	1.68014861099384e-05	1.68422063666301e-05	0.423991893945791	1.63536055053618e-05	1.64770539559234e-05
418000	0.427679979734864	1.74091235328886e-05	1.77064088491092e-05	0.423744068225956	1.75159376847083e-05	1.77637634045427e-05
419000	0.427754264122266	1.68368445495229e-05	1.67625601621211e-05	0.423761399138732	1.68082833741451e-05	1.67909524613696e-05
420000	0.427084058093389	1.53457738748628e-05	1.60159799037406e-05	0.423102381153424	1.50188507979397e-05	1.56778687832475e-05
421000	0.426474415266402	1.65610276112472e-05	1.71706704382336e-05	0.422641433758338	1.6353499957781e-05	1.68144473528667e-05
422000	0.426327028624504	1.47566706071097e-05	1.49040572490079e-05	0.422509963691632	1.50607531875369e-05	1.5192223254243e-05
423000	0.425428206535506	1.66452123617326e-05	1.75440344507304e-05	0.421546103183315	1.64303808156717e-05	1.73942413239888e-05
424000	0.424783817444904	1.55122224098623e-05	1.61566115004644e-05	0.420951954741197	1.52050789495904e-05	1.57992273917082e-05
425000	0.42437351177911	1.8821941231107e-05	1.92322468969011e-05	0.420618107742971	1.87026513552309e-05	1.90364983534577e-05
426000	0.424241197331757	1.41643586928988e-05	1.42966731402517e-05	0.420549311829773	1.44518069745842e-05	1.45206028877818e-05
427000	0.423790424723465	1.70581989360804e-05	1.75089715443722e-05	0.42011899434265	1.67836485687748e-05	1.7213966055898e-05
428000	0.42322734948915	1.97304525880267e-05	2.02935278223423e-05	0.419423520222917	1.91291269104113e-05	1.98246010301444e-05
429000	0.422888246221397	1.5608587351178e-05	1.5947690618931e-05	0.419145908975766	1.59552267162037e-05	1.62328379633539e-05
430000	0.422611817107152	1.73552731571392e-05	1.7631702271384e-05	0.419065101747868	1.72256185088238e-05	1.73064257367221e-05
431000	0.422290804694756	1.47309803259309e-05	1.50519927383265e-05	0.418897048889639	1.50318331503842e-05	1.51998860086127e-05
432000	0.422362724816347	1.58093177404374e-05	1.57373976188466e-05	0.419170860423879	1.55070294688846e-05	1.52332179346449e-05
433000	0.422157920290467	1.92269695178586e-05	1.94317740437389e-05	0.418871696360719	1.92650933040615e-05	1.95642573672212e-05
434000	0.421990669593853	1.62326268681921e-05	1.63998775648062e-05	0.41885284556278	1.60117791100228e-05	1.60306299079625e-05
435000	0.42167520898421	1.72600059106645e-05	1.75754665203074e-05	0.418475808494469	1.6818331503842e-05	1.71953685721524e-05
436000	0.421493582707084	1.87665076416449e-05	1.89481339187705e-05	0.418404247234653	1.9076289791438e-05	1.9147851051254e-05
437000	0.421274381491176	1.58222367643333e-05	1.60414379802415e-05	0.41806928143207	1.53029426665541e-05	1.56379084691379e-05
438000	0.421233006839483	1.83267119817614e-05	1.83680866334543e-05	0.417975301866081	1.81485898843199e-05	1.82425694503082e-05
439000	0.421023431562949	1.86119648737651e-05	1.88215401502998e-05	0.417769146331166	1.8489318584818e-05	1.86954741197332e-05
440000	0.420581841594191	1.60266613189226e-05	1.64682512876805e-05	0.417464557122351	1.59547834163641e-05	1.62593726251794e-05
441000	0.42025242759436	1.6831271637254e-05	1.71606856370852e-05	0.417093409609052	1.64929494215993e-05	1.68640969348983e-05
442000	0.419874672802499	1.64237313180782e-05	1.68014861099384e-05	0.416832770412902	1.60929663092122e-05	1.63536055053618e-05
443000	0.419754559655493	1.7289010385882e-05	1.74091235328886e-05	0.416711369585409	1.73945368572153e-05	1.75159376847083e-05
444000	0.419749704466774	1.68319893608039e-05	1.68368445495229e-05	0.416687178079878	1.67840918686144e-05	1.68082833741451e-05
445000	0.419251963185004	1.4848032593093e-05	1.53457738748628e-05	0.416404416110783	1.47360888288441e-05	1.50188507979397e-05
446000	0.419110656083763	1.64197205100059e-05	1.65610276112472e-05	0.416376066030567	1.63251498775648e-05	1.6353499957781e-05
447000	0.419241809507726	1.48878240310732e-05	1.47566706071097e-05	0.41657831630499	1.52630034619606e-05	1.50607531875369e-05
448000	0.418819007008359	1.6222409862366e-05	1.66452123617326e-05	0.416172528075657	1.60245925863379e-05	1.64303808156717e-05
449000	0.418467913535422	1.51611289369248e-05	1.55122224098623e-05	0.415839251034366	1.48718019083003e-05	1.52050789495904e-05
450000	0.418285653972811	1.86396816684962e-05	1.8821941231107e-05	0.41566429536435	1.85276956852148e-05	1.87026513552309e-05
451000	0.418291269104112	1.41699738241999e-05	1.41643586928988e-05	0.415577788567086	1.43653001773199e-05	1.44518069745842e-05
452000	0.417999514481128	1.67664443130963e-05	1.70581989360804e-05	0.41546643586929	1.66722958709786e-05	1.67836485687748e-05
453000	0.417593662923246	1.93246010301444e-05	1.97304525880267e-05	0.415039622561851	1.87023136029722e-05	1.91291269104113e-05
454000	0.417170628219201	1.51855526471333e-05	1.5608587351178e-05	0.414486511019167	1.54021151735202e-05	1.59552267162037e-05
455000	0.416953601283459	1.71382462213966e-05	1.73552731571392e-05	0.414275310309888	1.7014417799544e-05	1.72256185088238e-05
456000	0.417409714599341	1.51870936418137e-05	1.47309803259309e-05	0.414545533226378	1.5302056066875e-05	1.50318331503842e-05
457000	0.417442561006502	1.58421641475977e-05	1.58093177404374e-05	0.414742653888373	1.5704150130879e-05	1.55070294688846e-05
458000	0.416788166005235	1.85725745165921e-05	1.92269695178586e-05	0.413982479101579	1.85049185172676e-05	1.92650933040615e-05
459000	0.41650099214726	1.5945453010217e-05	1.62326268681921e-05	0.413598518111965	1.56278181204087e-05	1.60117791100228e-05
460000	0.416739318584818	1.74983323482226e-05	1.72600059106645e-05	0.413668242843874	1.68880562357511e-05	1.6818331503842e-05
461000	0.416533543021194	1.85607320780208e-05	1.87665076416449e-05	0.413402790678038	1.88108376256016e-05	1.9076289791438e-05
462000	0.416470531115427	1.57592248585662e-05	1.58222367643333e-05	0.413226716203665	1.51268681921811e-05	1.53029426665541e-05
463000	0.415909989023052	1.77661698893862e-05	1.83267119817614e-05	0.412682681752934	1.76045554335894e-05	1.81485898843199e-05
464000	0.415813645191252	1.85156210419657e-05	1.86119648737651e-05	0.412574453263531	1.8381090095415e-05	1.8489318584818e-05
465000	0.416045765431056	1.62587815587266e-05	1.60266613189226e-05	0.412638415097526	1.60187452503589e-05	1.59547834163641e-05
466000	0.416071033521912	1.68565397281095e-05	1.6831271637254e-05	0.412632293337837	1.648682766191e-05	1.64929494215993e-05
467000	0.415901714092713	1.62544118888795e-05	1.64237313180782e-05	0.412522798277463	1.5983471248839e-05	1.60929663092122e-05
468000	0.415850249092291	1.72375453854597e-05	1.7289010385882e-05	0.412320146922233	1.71918855019843e-05	1.73945368572153e-05
469000	0.415948830532804	1.69305708013172e-05	1.68319893608039e-05	0.412442054378114	1.69059993244955e-05	1.67840918686144e-05
470000	0.415533416364097	1.44326184243858e-05	1.4848032593093e-05	0.412015768808579	1.43098032593093e-05	1.47360888288441e-05
471000	0.415569724731909	1.64560288778181e-05	1.64197205100059e-05	0.411896098961412	1.62054800303977e-05	1.63251498775648e-05
472000	0.415811217596893	1.51293168960567e-05	1.48878240310732e-05	0.412088364434687	1.5455268935236e-05	1.52630034619606e-05
473000	0.415837857806299	1.62490500717723e-05	1.6222409862366e-05	0.412071751245461	1.60079793971122e-05	1.60245925863379e-05
474000	0.415669023895972	1.4992295026598e-05	1.51611289369248e-05	0.412014417799544	1.48144684623829e-05	1.48718019083003e-05
475000	0.415168601705649	1.81392594781727e-05	1.86396816684962e-05	0.41160383771004	1.81171155957106e-05	1.85276956852148e-05
476000	0.41490950350418	1.39108756227307e-05	1.41699738241999e-05	0.411266507641645	1.40279701089251e-05	1.43653001773199e-05
477000	0.414684096090518	1.65410368994342e-05	1.67664443130963e-05	0.41109590053196	1.65016887612936e-05	1.66722958709786e-05
478000	0.414674512370176	1.93150173098032e-05	1.93246010301444e-05	0.411117411128937	1.87238241999494e-05	1.87023136029722e-05
479000	0.41417394241324	1.46849826901967e-05	1.51855526471333e-05	0.410620851980073	1.49055560246559e-05	1.54021151735202e-05
480000	0.414018555264713	1.698285907287e-05	1.71382462213966e-05	0.410457654310563	1.68512201300346e-05	1.7014417799544e-05
481000	0.414072215654817	1.52407540319176e-05	1.51870936418137e-05	0.410456978806046	1.53013805623575e-05	1.5302056066875e-05
482000	0.413647407751414	1.54173562441949e-05	1.58421641475977e-05	0.410298488558642	1.55456598834755e-05	1.5704150130879e-05
483000	0.413197479523769	1.81226462889471e-05	1.85725745165921e-05	0.409974964113823	1.81813940724479e-05	1.85049185172676e-05
484000	0.412510808072279	1.52587815587267e-05	1.5945453010217e-05	0.409183779447775	1.48366334543612e-05	1.56278181204087e-05
485000	0.412109769484083	1.7097293760027e-05	1.74983323482226e-05	0.40923539221481	1.69396690027865e-05	1.68880562357511e-05
486000	0.411743033859664	1.81939964536012e-05	1.85607320780208e-05	0.409030566579414	1.86060119902052e-05	1.88108376256016e-05
487000	0.411366925610065	1.53831166089674e-05	1.57592248585662e-05	0.408717533564131	1.48138351768977e-05	1.51268681921811e-05
488000	0.410824748796758	1.72239930760787e-05	1.77661698893862e-05	0.408203305750232	1.7090327619691e-05	1.76045554335894e-05
489000	0.410683019505193	1.8373891750401e-05	1.85156210419657e-05	0.408093135185342	1.82709195305243e-05	1.8381090095415e-05
490000	0.410521890568268	1.60976526218019e-05	1.62587815587266e-05	0.407876825973149	1.5802436038166e-05	1.60187452503589e-05
491000	0.410344232880182	1.66788820400237e-05	1.68565397281095e-05	0.407824727687241	1.64347293760027e-05	1.648682766191e-05
492000	0.410219306763489	1.61294857721861e-05	1.62544118888795e-05	0.407778307861184	1.59370514227814e-05	1.5983471248839e-05
493000	0.410333572574517	1.73518111964874e-05	1.72375453854597e-05	0.407762961242928	1.71765388837288e-05	1.71918855019843e-05
494000	0.410444798615216	1.70417968420164e-05	1.69305708013172e-05	0.407707021025078	1.68500591066453e-05	1.69059993244955e-05
495000	0.410559317740437	1.45471375496074e-05	1.44326184243858e-05	0.407772080553914	1.43748627881449e-05	1.43098032593093e-05
496000	0.410334923583551	1.62316347209322e-05	1.64560288778181e-05	0.407505045174365	1.59384446508486e-05	1.62054800303977e-05
497000	0.410054378113654	1.48487714261589e-05	1.51293168960567e-05	0.407275816938276	1.52260406991472e-05	1.5455268935236e-05
498000	0.410409651270793	1.66043232289116e-05	1.62490500717723e-05	0.407551823862197	1.62839863210336e-05	1.60079793971122e-05
499000	0.410601262349067	1.51839061048721e-05	1.4992295026598e-05	0.40772095330575	1.4983597905936e-05	1.48144684623829e-05
500000	0.410385818627037	1.79238157561429e-05	1.81392594781727e-05	0.407450308198936	1.78464704888964e-05	1.81171155957106e-05
