=========================================
Modality Run - CG Context
=========================================
Job ID: 45991964
Node: exp-1-25
CPUs: 16
Memory: 128GB
Start time: Wed Jan 21 14:29:02 PST 2026
=========================================

Using config_CG.txt

Zarr=/expanse/lustre/projects/csd940/zalibhai/biomodal/evoC-run/output/duet-1.5.0_evoC_Bap1_run_6bp/sample_outputs/zarr_store/CG/evoC_Bap1_run.genome.GRCm38_primary_assembly.dedup.CG.zarrz
Metadata=/expanse/lustre/projects/csd940/zalibhai/biomodal/modality/metadata.tsv
Group_Column=condition
Condition_Order=control mutant
Covariates=sex
QC_Region=
Regions_Directory=/expanse/lustre/projects/csd940/zalibhai/biomodal/modality/mm10
Main_Output=/expanse/lustre/projects/csd940/zalibhai/biomodal/modality/outputs_CG
Depth_Filter=10
Overdispersion=False

=========================================


=======================================
STEP 0 - CONFIGURATION & INITIALISATION
=======================================
[INFO] 2026-01-21 14:29:03 - Starting modality XPLR Core Workflow Pipeline
[INFO] 2026-01-21 14:29:03 - Reading configuration from ./config.txt


>>Provided inputs
[INFO] 2026-01-21 14:29:03 - ZARR path(s): /expanse/lustre/projects/csd940/zalibhai/biomodal/evoC-run/output/duet-1.5.0_evoC_Bap1_run_6bp/sample_outputs/zarr_store/CG/evoC_Bap1_run.genome.GRCm38_primary_assembly.dedup.CG.zarrz
[INFO] 2026-01-21 14:29:03 - Metadata file: /expanse/lustre/projects/csd940/zalibhai/biomodal/modality/metadata.tsv
[INFO] 2026-01-21 14:29:03 - Group column: condition
[INFO] 2026-01-21 14:29:03 - Covariates: sex
[INFO] 2026-01-21 14:29:03 - Condition order: control mutant
[INFO] 2026-01-21 14:29:03 - QC region: 
[INFO] 2026-01-21 14:29:03 - Regions directory: /expanse/lustre/projects/csd940/zalibhai/biomodal/modality/mm10
[INFO] 2026-01-21 14:29:03 - Main output directory: /expanse/lustre/projects/csd940/zalibhai/biomodal/modality/outputs_CG
[INFO] 2026-01-21 14:29:03 - Depth filter: 10
[INFO] 2026-01-21 14:29:03 - Overdispersion correction: False


>>Validation & directory creation
[INFO] 2026-01-21 14:29:03 - Validating inputs...
[INFO] 2026-01-21 14:29:03 - Identified 1 zarr path(s):
[INFO] 2026-01-21 14:29:03 -   [1] /expanse/lustre/projects/csd940/zalibhai/biomodal/evoC-run/output/duet-1.5.0_evoC_Bap1_run_6bp/sample_outputs/zarr_store/CG/evoC_Bap1_run.genome.GRCm38_primary_assembly.dedup.CG.zarrz
[INFO] 2026-01-21 14:29:03 - Processed metadata file path: /expanse/lustre/projects/csd940/zalibhai/biomodal/modality/metadata.tsv
[INFO] 2026-01-21 14:29:03 - Processed main output directory: /expanse/lustre/projects/csd940/zalibhai/biomodal/modality/outputs_CG
[INFO] 2026-01-21 14:29:03 - Processed regions directory: /expanse/lustre/projects/csd940/zalibhai/biomodal/modality/mm10
[INFO] 2026-01-21 14:29:03 - Validating metadata file headers...
[INFO] 2026-01-21 14:29:03 - Metadata validation passed
[INFO] 2026-01-21 14:29:03 - Creating output directories under /expanse/lustre/projects/csd940/zalibhai/biomodal/modality/outputs_CG...
[INFO] 2026-01-21 14:29:03 - Directory ready: /expanse/lustre/projects/csd940/zalibhai/biomodal/modality/outputs_CG
[INFO] 2026-01-21 14:29:03 - Directory ready: /expanse/lustre/projects/csd940/zalibhai/biomodal/modality/outputs_CG/Results
[INFO] 2026-01-21 14:29:03 - Directory ready: /expanse/lustre/projects/csd940/zalibhai/biomodal/modality/outputs_CG/Reports
[INFO] 2026-01-21 14:29:03 - Creating region-specific subdirectories...
[INFO] 2026-01-21 14:29:03 - Directory ready: /expanse/lustre/projects/csd940/zalibhai/biomodal/modality/outputs_CG/Results/gencode.vM25.mouse.cpg_islands.annotation
[INFO] 2026-01-21 14:29:03 - Directory ready: /expanse/lustre/projects/csd940/zalibhai/biomodal/modality/outputs_CG/Reports/gencode.vM25.mouse.cpg_islands.annotation
[INFO] 2026-01-21 14:29:03 - Created region directories: /expanse/lustre/projects/csd940/zalibhai/biomodal/modality/outputs_CG/Results/gencode.vM25.mouse.cpg_islands.annotation and /expanse/lustre/projects/csd940/zalibhai/biomodal/modality/outputs_CG/Reports/gencode.vM25.mouse.cpg_islands.annotation
[INFO] 2026-01-21 14:29:03 - Directory ready: /expanse/lustre/projects/csd940/zalibhai/biomodal/modality/outputs_CG/Results/gencode.vM25.mouse.cpg_islands.annotation
[INFO] 2026-01-21 14:29:03 - Directory ready: /expanse/lustre/projects/csd940/zalibhai/biomodal/modality/outputs_CG/Reports/gencode.vM25.mouse.cpg_islands.annotation
[INFO] 2026-01-21 14:29:03 - Created region directories: /expanse/lustre/projects/csd940/zalibhai/biomodal/modality/outputs_CG/Results/gencode.vM25.mouse.cpg_islands.annotation and /expanse/lustre/projects/csd940/zalibhai/biomodal/modality/outputs_CG/Reports/gencode.vM25.mouse.cpg_islands.annotation
[INFO] 2026-01-21 14:29:03 - Directory ready: /expanse/lustre/projects/csd940/zalibhai/biomodal/modality/outputs_CG/Results/gencode.vM25.mouse.cpg_shelves.annotation
[INFO] 2026-01-21 14:29:03 - Directory ready: /expanse/lustre/projects/csd940/zalibhai/biomodal/modality/outputs_CG/Reports/gencode.vM25.mouse.cpg_shelves.annotation
[INFO] 2026-01-21 14:29:03 - Created region directories: /expanse/lustre/projects/csd940/zalibhai/biomodal/modality/outputs_CG/Results/gencode.vM25.mouse.cpg_shelves.annotation and /expanse/lustre/projects/csd940/zalibhai/biomodal/modality/outputs_CG/Reports/gencode.vM25.mouse.cpg_shelves.annotation
[INFO] 2026-01-21 14:29:03 - Directory ready: /expanse/lustre/projects/csd940/zalibhai/biomodal/modality/outputs_CG/Results/gencode.vM25.mouse.cpg_shores.annotation
[INFO] 2026-01-21 14:29:03 - Directory ready: /expanse/lustre/projects/csd940/zalibhai/biomodal/modality/outputs_CG/Reports/gencode.vM25.mouse.cpg_shores.annotation
[INFO] 2026-01-21 14:29:03 - Created region directories: /expanse/lustre/projects/csd940/zalibhai/biomodal/modality/outputs_CG/Results/gencode.vM25.mouse.cpg_shores.annotation and /expanse/lustre/projects/csd940/zalibhai/biomodal/modality/outputs_CG/Reports/gencode.vM25.mouse.cpg_shores.annotation
[INFO] 2026-01-21 14:29:03 - Directory ready: /expanse/lustre/projects/csd940/zalibhai/biomodal/modality/outputs_CG/Results/gencode.vM25.mouse.genes.annotation
[INFO] 2026-01-21 14:29:03 - Directory ready: /expanse/lustre/projects/csd940/zalibhai/biomodal/modality/outputs_CG/Reports/gencode.vM25.mouse.genes.annotation
[INFO] 2026-01-21 14:29:03 - Created region directories: /expanse/lustre/projects/csd940/zalibhai/biomodal/modality/outputs_CG/Results/gencode.vM25.mouse.genes.annotation and /expanse/lustre/projects/csd940/zalibhai/biomodal/modality/outputs_CG/Reports/gencode.vM25.mouse.genes.annotation
[INFO] 2026-01-21 14:29:03 - Directory ready: /expanse/lustre/projects/csd940/zalibhai/biomodal/modality/outputs_CG/Results/gencode.vM25.mouse.promoters.annotation
[INFO] 2026-01-21 14:29:03 - Directory ready: /expanse/lustre/projects/csd940/zalibhai/biomodal/modality/outputs_CG/Reports/gencode.vM25.mouse.promoters.annotation
[INFO] 2026-01-21 14:29:03 - Created region directories: /expanse/lustre/projects/csd940/zalibhai/biomodal/modality/outputs_CG/Results/gencode.vM25.mouse.promoters.annotation and /expanse/lustre/projects/csd940/zalibhai/biomodal/modality/outputs_CG/Reports/gencode.vM25.mouse.promoters.annotation
[INFO] 2026-01-21 14:29:03 - Directory ready: /expanse/lustre/projects/csd940/zalibhai/biomodal/modality/outputs_CG/Results/gencode.vM25.mouse.tss_region.annotation
[INFO] 2026-01-21 14:29:03 - Directory ready: /expanse/lustre/projects/csd940/zalibhai/biomodal/modality/outputs_CG/Reports/gencode.vM25.mouse.tss_region.annotation
[INFO] 2026-01-21 14:29:03 - Created region directories: /expanse/lustre/projects/csd940/zalibhai/biomodal/modality/outputs_CG/Results/gencode.vM25.mouse.tss_region.annotation and /expanse/lustre/projects/csd940/zalibhai/biomodal/modality/outputs_CG/Reports/gencode.vM25.mouse.tss_region.annotation


======================================
STEP 1: RUNNING BIOLOGICAL QC ANALYSES
======================================
[INFO] 2026-01-21 14:29:03 - Running biological QC without aggregation...
Logged in using stored credentials
[38;5;23m2026-01-21 14:29:54[39m  [1m[38;5;123mProvenance information:[39m
[38;5;23m2026-01-21 14:29:54[39m  cmd='/home/zalibhai/miniforge3/envs/modality/bin/modality -v biological-qc --zarr-path /expanse/lustre/projects/csd940/zalibhai/biomodal/evoC-run/output/duet-1.5.0_evoC_Bap1_run_6bp/sample_outputs/zarr_store/CG/evoC_Bap1_run.genome.GRCm38_primary_assembly.dedup.CG.zarrz --sample-sheet /expanse/lustre/projects/csd940/zalibhai/biomodal/modality/metadata.tsv --order-by-group condition --output-dir /expanse/lustre/projects/csd940/zalibhai/biomodal/modality/outputs_CG/Results'
timestamp=2026-01-21T14:29:54.532654
version=1.0.0
user=zalibhai

[39m
[38;5;23m2026-01-21 14:29:54[39m  [1m[38;5;123mRunning biological QC analysis:[39m
[38;5;23m2026-01-21 14:29:54[39m  [38;5;248mZarr path(s)[39m: ['/expanse/lustre/projects/csd940/zalibhai/biomodal/evoC-run/output/duet-1.5.0_evoC_Bap1_run_6bp/sample_outputs/zarr_store/CG/evoC_Bap1_run.genome.GRCm38_primary_assembly.dedup.CG.zarrz'][39m
[38;5;23m2026-01-21 14:29:54[39m  [38;5;248mSample Sheet[39m: /expanse/lustre/projects/csd940/zalibhai/biomodal/modality/metadata.tsv[39m
[38;5;23m2026-01-21 14:29:54[39m  [38;5;248mOrder By Group[39m: condition[39m
[38;5;23m2026-01-21 14:29:54[39m  [38;5;248mOutput Dir[39m: /expanse/lustre/projects/csd940/zalibhai/biomodal/modality/outputs_CG/Results[39m
[38;5;23m2026-01-21 14:29:54[39m  [38;5;248mRegion[39m: None[39m
[38;5;23m2026-01-21 14:29:54[39m  [38;5;248mDisable Strand Merging[39m: False[39m
[38;5;23m2026-01-21 14:29:54[39m  [38;5;248mAggregate By Group[39m: None[39m
[38;5;23m2026-01-21 14:29:54[39m  [38;5;248mCase Sensitive[39m: False[39m
[38;5;23m2026-01-21 14:29:54[39m | [38;5;23mINFO[39m | Loading Zarr dataset...[39m
[38;5;23m2026-01-21 14:29:58[39m | [38;5;23mINFO[39m | Starting biological quality control process[39m
[38;5;23m2026-01-21 14:30:08[39m | [38;5;23mINFO[39m | Computing mean coverage for each sample...[39m
[38;5;23m2026-01-21 14:30:11[39m | [38;5;23mINFO[39m | Extracted coverage info for 4 samples[39m
[38;5;23m2026-01-21 14:30:11[39m | [38;5;23mINFO[39m | Created sample-to-group mapping for ordering by 'condition'[39m
[38;5;23m2026-01-21 14:30:11[39m | [38;5;23mINFO[39m | Found 5mC and 5hmC data[39m
[38;5;23m2026-01-21 14:30:24[39m | [38;5;23mINFO[39m | Successfully extracted 5mC correlation data[39m
[38;5;23m2026-01-21 14:30:36[39m | [38;5;23mINFO[39m | Successfully extracted 5hmC correlation data[39m
[38;5;23m2026-01-21 14:30:36[39m | [38;5;23mINFO[39m | Found 5mC and 5hmC data[39m
[38;5;23m2026-01-21 14:30:41[39m | [38;5;23mINFO[39m | Successfully extracted 5mC PCA data[39m
[38;5;23m2026-01-21 14:30:46[39m | [38;5;23mINFO[39m | Successfully extracted 5hmC PCA data[39m
[38;5;23m2026-01-21 14:30:46[39m | [38;5;23mINFO[39m | Rendering template: bio_qc_template.html[39m
[38;5;23m2026-01-21 14:30:46[39m | [38;5;23mINFO[39m | Generated biological QC JSON report: /expanse/lustre/projects/csd940/zalibhai/biomodal/modality/outputs_CG/Results/BioQC_20260121_143046/biological_qc_report_4_samples_20260121_143046.json[39m
[38;5;23m2026-01-21 14:30:46[39m | [38;5;23mINFO[39m | Generated biological QC report: /expanse/lustre/projects/csd940/zalibhai/biomodal/modality/outputs_CG/Results/BioQC_20260121_143046/biological_qc_report_4_samples_20260121_143046.html[39m
[38;5;23m2026-01-21 14:30:46[39m  [1m[38;5;154mBiological QC report generated: /expanse/lustre/projects/csd940/zalibhai/biomodal/modality/outputs_CG/Results/BioQC_20260121_143046/biological_qc_report_4_samples_20260121_143046.html[39m
[38;5;23m2026-01-21 14:30:46[39m  Wrote provenance sidecar file to /expanse/lustre/projects/csd940/zalibhai/biomodal/modality/outputs_CG/Results/BioQC_20260121_143046/modality_metadata_20260121_143046.json[39m
[INFO] 2026-01-21 14:30:46 - Copying Biological QC HTML reports to /expanse/lustre/projects/csd940/zalibhai/biomodal/modality/outputs_CG/Reports...
[INFO] 2026-01-21 14:30:46 - Copied 1 Biological QC HTML report(s)


==================================================
STEP 2: RUNNING FEATURE EXTRACTION ON REGION FILES
==================================================
[INFO] 2026-01-21 14:30:46 - Processing region file: /expanse/lustre/projects/csd940/zalibhai/biomodal/modality/mm10/gencode.vM25.mouse.cpg_islands.annotation.bed
[INFO] 2026-01-21 14:30:46 - Running feature extraction: count total_c...
Logged in using stored credentials
[38;5;23m2026-01-21 14:30:50[39m  [1m[38;5;123mProvenance information:[39m
[38;5;23m2026-01-21 14:30:50[39m  cmd='/home/zalibhai/miniforge3/envs/modality/bin/modality -v get count --zarr-path /expanse/lustre/projects/csd940/zalibhai/biomodal/evoC-run/output/duet-1.5.0_evoC_Bap1_run_6bp/sample_outputs/zarr_store/CG/evoC_Bap1_run.genome.GRCm38_primary_assembly.dedup.CG.zarrz --sample-sheet /expanse/lustre/projects/csd940/zalibhai/biomodal/modality/metadata.tsv --bedfile /expanse/lustre/projects/csd940/zalibhai/biomodal/modality/mm10/gencode.vM25.mouse.cpg_islands.annotation.bed --fields total_c --output-dir /expanse/lustre/projects/csd940/zalibhai/biomodal/modality/outputs_CG/Results/gencode.vM25.mouse.cpg_islands.annotation'
timestamp=2026-01-21T14:30:50.760043
version=1.0.0
user=zalibhai

[39m
[38;5;23m2026-01-21 14:30:50[39m  [1m[38;5;123mExtracting methylation features:[39m
[38;5;23m2026-01-21 14:30:50[39m  [38;5;248mZarr path(s)[39m: ['/expanse/lustre/projects/csd940/zalibhai/biomodal/evoC-run/output/duet-1.5.0_evoC_Bap1_run_6bp/sample_outputs/zarr_store/CG/evoC_Bap1_run.genome.GRCm38_primary_assembly.dedup.CG.zarrz'][39m
[38;5;23m2026-01-21 14:30:50[39m  [38;5;248mSample Sheet[39m: /expanse/lustre/projects/csd940/zalibhai/biomodal/modality/metadata.tsv[39m
[38;5;23m2026-01-21 14:30:50[39m  [38;5;248mBedfile[39m: /expanse/lustre/projects/csd940/zalibhai/biomodal/modality/mm10/gencode.vM25.mouse.cpg_islands.annotation.bed[39m
[38;5;23m2026-01-21 14:30:50[39m  [38;5;248mFields[39m: ['num_total_c'][39m
[38;5;23m2026-01-21 14:30:50[39m  [38;5;248mOutput Dir[39m: /expanse/lustre/projects/csd940/zalibhai/biomodal/modality/outputs_CG/Results/gencode.vM25.mouse.cpg_islands.annotation[39m
[38;5;23m2026-01-21 14:30:50[39m  [38;5;248mMin Coverage[39m: 0[39m
[38;5;23m2026-01-21 14:30:50[39m  [38;5;248mNum Contexts[39m: 0[39m
[38;5;23m2026-01-21 14:30:50[39m  [38;5;248mDisable Strand Merging[39m: False[39m
[38;5;23m2026-01-21 14:30:50[39m  [38;5;248mWindow Size[39m: None[39m
[38;5;23m2026-01-21 14:30:50[39m  [38;5;248mTabix[39m: False[39m
[38;5;23m2026-01-21 14:30:50[39m  [38;5;248mRegion[39m: None[39m
[38;5;23m2026-01-21 14:30:50[39m | [38;5;23mINFO[39m | Loading Zarr dataset...[39m
[38;5;23m2026-01-21 14:30:53[39m | [38;5;23mINFO[39m | Merging CpG strands before extraction...[39m
[38;5;23m2026-01-21 14:31:03[39m | [38;5;23mINFO[39m | Performing ['count'] on variables ['num_total_c'] and min coverage 0.[39m
[38;5;23m2026-01-21 14:31:03[39m | [38;5;23mINFO[39m | ['num_total_c'][39m
[38;5;23m2026-01-21 14:31:03[39m | [38;5;23mINFO[39m | Adding Ranges_ID column to validate merging.[39m
[38;5;23m2026-01-21 14:31:09[39m | [38;5;23mINFO[39m | Summarized over 16009 regions.[39m
[38;5;23m2026-01-21 14:31:09[39m | [38;5;23mINFO[39m | Applying post-processor <lambda> to DataFrame.[39m
[38;5;23m2026-01-21 14:31:09[39m | [38;5;23mINFO[39m | Dataframe has 16009 rows, processing large dataset[39m
[38;5;23m2026-01-21 14:31:09[39m | [38;5;23mINFO[39m | Concatenating files without compression.[39m
[38;5;23m2026-01-21 14:31:09[39m | [38;5;23mINFO[39m | Exported total_c stats for count to <modality.infrastructure.file_name_service.ExtractDataFileName object at 0x1554e48ed2d0>.[39m
[38;5;23m2026-01-21 14:31:09[39m | [38;5;23mINFO[39m | Results written to file[39m
[38;5;23m2026-01-21 14:31:09[39m  16009 regions extracted.[39m
[38;5;23m2026-01-21 14:31:09[39m  [1m[38;5;154mData extracted successfully to /expanse/lustre/projects/csd940/zalibhai/biomodal/modality/outputs_CG/Results/gencode.vM25.mouse.cpg_islands.annotation/Extract_20260121_143109[39m
[38;5;23m2026-01-21 14:31:09[39m | [38;5;23mINFO[39m | No plots generated. Sample sheet / group provided but no plots requested.[39m
[38;5;23m2026-01-21 14:31:09[39m  Wrote provenance sidecar file to /expanse/lustre/projects/csd940/zalibhai/biomodal/modality/outputs_CG/Results/gencode.vM25.mouse.cpg_islands.annotation/Extract_20260121_143109/modality_metadata_20260121_143109.json[39m
[INFO] 2026-01-21 14:31:10 - Running feature extraction: mean total_c (plots generated automatically)...
Logged in using stored credentials
[38;5;23m2026-01-21 14:31:14[39m  [1m[38;5;123mProvenance information:[39m
[38;5;23m2026-01-21 14:31:14[39m  cmd='/home/zalibhai/miniforge3/envs/modality/bin/modality -v get mean --zarr-path /expanse/lustre/projects/csd940/zalibhai/biomodal/evoC-run/output/duet-1.5.0_evoC_Bap1_run_6bp/sample_outputs/zarr_store/CG/evoC_Bap1_run.genome.GRCm38_primary_assembly.dedup.CG.zarrz --sample-sheet /expanse/lustre/projects/csd940/zalibhai/biomodal/modality/metadata.tsv --bedfile /expanse/lustre/projects/csd940/zalibhai/biomodal/modality/mm10/gencode.vM25.mouse.cpg_islands.annotation.bed --fields total_c --order-by-group condition --output-dir /expanse/lustre/projects/csd940/zalibhai/biomodal/modality/outputs_CG/Results/gencode.vM25.mouse.cpg_islands.annotation'
timestamp=2026-01-21T14:31:14.073939
version=1.0.0
user=zalibhai

[39m
[38;5;23m2026-01-21 14:31:14[39m  [1m[38;5;123mExtracting methylation features:[39m
[38;5;23m2026-01-21 14:31:14[39m  [38;5;248mZarr path(s)[39m: ['/expanse/lustre/projects/csd940/zalibhai/biomodal/evoC-run/output/duet-1.5.0_evoC_Bap1_run_6bp/sample_outputs/zarr_store/CG/evoC_Bap1_run.genome.GRCm38_primary_assembly.dedup.CG.zarrz'][39m
[38;5;23m2026-01-21 14:31:14[39m  [38;5;248mSample Sheet[39m: /expanse/lustre/projects/csd940/zalibhai/biomodal/modality/metadata.tsv[39m
[38;5;23m2026-01-21 14:31:14[39m  [38;5;248mBedfile[39m: /expanse/lustre/projects/csd940/zalibhai/biomodal/modality/mm10/gencode.vM25.mouse.cpg_islands.annotation.bed[39m
[38;5;23m2026-01-21 14:31:14[39m  [38;5;248mFields[39m: ['num_total_c'][39m
[38;5;23m2026-01-21 14:31:14[39m  [38;5;248mOrder By Group[39m: condition[39m
[38;5;23m2026-01-21 14:31:14[39m  [38;5;248mOutput Dir[39m: /expanse/lustre/projects/csd940/zalibhai/biomodal/modality/outputs_CG/Results/gencode.vM25.mouse.cpg_islands.annotation[39m
[38;5;23m2026-01-21 14:31:14[39m  [38;5;248mMin Coverage[39m: 0[39m
[38;5;23m2026-01-21 14:31:14[39m  [38;5;248mNum Contexts[39m: 0[39m
[38;5;23m2026-01-21 14:31:14[39m  [38;5;248mDisable Strand Merging[39m: False[39m
[38;5;23m2026-01-21 14:31:14[39m  [38;5;248mWindow Size[39m: None[39m
[38;5;23m2026-01-21 14:31:14[39m  [38;5;248mTabix[39m: False[39m
[38;5;23m2026-01-21 14:31:14[39m  [38;5;248mRegion[39m: None[39m
[38;5;23m2026-01-21 14:31:14[39m  [38;5;248mAggregate By Group[39m: None[39m
[38;5;23m2026-01-21 14:31:14[39m  [38;5;248mCase Sensitive[39m: False[39m
[38;5;23m2026-01-21 14:31:14[39m  [38;5;248mHeatmap[39m: False[39m
[38;5;23m2026-01-21 14:31:14[39m | [38;5;23mINFO[39m | Sample sheet: /expanse/lustre/projects/csd940/zalibhai/biomodal/modality/metadata.tsv[39m
[38;5;23m2026-01-21 14:31:14[39m | [38;5;23mINFO[39m | Order samples by: condition, case-insensitive[39m
[38;5;23m2026-01-21 14:31:14[39m | [38;5;23mINFO[39m | Loading Zarr dataset...[39m
[38;5;23m2026-01-21 14:31:16[39m | [38;5;23mINFO[39m | Merging CpG strands before extraction...[39m
[38;5;23m2026-01-21 14:31:26[39m | [38;5;23mINFO[39m | Performing ['mean'] on variables ['num_total_c'] and min coverage 0.[39m
[38;5;23m2026-01-21 14:31:26[39m | [38;5;23mINFO[39m | ['num_total_c'][39m
[38;5;23m2026-01-21 14:31:26[39m | [38;5;23mINFO[39m | Adding Ranges_ID column to validate merging.[39m
[38;5;23m2026-01-21 14:31:32[39m | [38;5;23mINFO[39m | Summarized over 16009 regions.[39m
[38;5;23m2026-01-21 14:31:32[39m | [38;5;23mINFO[39m | Applying post-processor <lambda> to DataFrame.[39m
[38;5;23m2026-01-21 14:31:32[39m | [38;5;23mINFO[39m | Dataframe has 16009 rows, processing large dataset[39m
[38;5;23m2026-01-21 14:31:32[39m | [38;5;23mINFO[39m | Concatenating files without compression.[39m
[38;5;23m2026-01-21 14:31:32[39m | [38;5;23mINFO[39m | Exported total_c stats for mean to <modality.infrastructure.file_name_service.ExtractDataFileName object at 0x1554e430f110>.[39m
[38;5;23m2026-01-21 14:31:32[39m | [38;5;23mINFO[39m | Results written to file[39m
[38;5;23m2026-01-21 14:31:32[39m  16009 regions extracted.[39m
[38;5;23m2026-01-21 14:31:32[39m  [1m[38;5;154mData extracted successfully to /expanse/lustre/projects/csd940/zalibhai/biomodal/modality/outputs_CG/Results/gencode.vM25.mouse.cpg_islands.annotation/Extract_20260121_143132[39m
[38;5;23m2026-01-21 14:31:32[39m  Generating plots: correlation, violin[39m
[38;5;23m2026-01-21 14:31:32[39m | [38;5;23mINFO[39m | Feature report saved to /expanse/lustre/projects/csd940/zalibhai/biomodal/modality/outputs_CG/Results/gencode.vM25.mouse.cpg_islands.annotation/Extract_20260121_143132/total_c_mean_extract_report_20260121_143132.html[39m
[38;5;23m2026-01-21 14:31:32[39m | [38;5;23mINFO[39m | JSON report saved to /expanse/lustre/projects/csd940/zalibhai/biomodal/modality/outputs_CG/Results/gencode.vM25.mouse.cpg_islands.annotation/Extract_20260121_143132/total_c_mean_extract_report_20260121_143132.json[39m
[38;5;23m2026-01-21 14:31:32[39m  [1m[38;5;154mFeature report with correlation, violin visualizations generated successfully at /expanse/lustre/projects/csd940/zalibhai/biomodal/modality/outputs_CG/Results/gencode.vM25.mouse.cpg_islands.annotation/Extract_20260121_143132/total_c_mean_extract_report_20260121_143132.html.[39m
[38;5;23m2026-01-21 14:31:32[39m  Wrote provenance sidecar file to /expanse/lustre/projects/csd940/zalibhai/biomodal/modality/outputs_CG/Results/gencode.vM25.mouse.cpg_islands.annotation/Extract_20260121_143132/modality_metadata_20260121_143132.json[39m
[INFO] 2026-01-21 14:31:33 - Running feature extraction: regional-frac for mc and hmc with minimum depth 10 (plots generated automatically)...
Logged in using stored credentials
[38;5;23m2026-01-21 14:31:37[39m  [1m[38;5;123mProvenance information:[39m
[38;5;23m2026-01-21 14:31:37[39m  cmd='/home/zalibhai/miniforge3/envs/modality/bin/modality -v get regional-frac --zarr-path /expanse/lustre/projects/csd940/zalibhai/biomodal/evoC-run/output/duet-1.5.0_evoC_Bap1_run_6bp/sample_outputs/zarr_store/CG/evoC_Bap1_run.genome.GRCm38_primary_assembly.dedup.CG.zarrz --sample-sheet /expanse/lustre/projects/csd940/zalibhai/biomodal/modality/metadata.tsv --bedfile /expanse/lustre/projects/csd940/zalibhai/biomodal/modality/mm10/gencode.vM25.mouse.cpg_islands.annotation.bed --fields mc hmc --min-coverage 10 --order-by-group condition --output-dir /expanse/lustre/projects/csd940/zalibhai/biomodal/modality/outputs_CG/Results/gencode.vM25.mouse.cpg_islands.annotation'
timestamp=2026-01-21T14:31:37.282133
version=1.0.0
user=zalibhai

[39m
[38;5;23m2026-01-21 14:31:37[39m  [1m[38;5;123mExtracting methylation features:[39m
[38;5;23m2026-01-21 14:31:37[39m  [38;5;248mZarr path(s)[39m: ['/expanse/lustre/projects/csd940/zalibhai/biomodal/evoC-run/output/duet-1.5.0_evoC_Bap1_run_6bp/sample_outputs/zarr_store/CG/evoC_Bap1_run.genome.GRCm38_primary_assembly.dedup.CG.zarrz'][39m
[38;5;23m2026-01-21 14:31:37[39m  [38;5;248mSample Sheet[39m: /expanse/lustre/projects/csd940/zalibhai/biomodal/modality/metadata.tsv[39m
[38;5;23m2026-01-21 14:31:37[39m  [38;5;248mBedfile[39m: /expanse/lustre/projects/csd940/zalibhai/biomodal/modality/mm10/gencode.vM25.mouse.cpg_islands.annotation.bed[39m
[38;5;23m2026-01-21 14:31:37[39m  [38;5;248mFields[39m: ['num_mc', 'num_hmc'][39m
[38;5;23m2026-01-21 14:31:37[39m  [38;5;248mMin Coverage[39m: 10[39m
[38;5;23m2026-01-21 14:31:37[39m  [38;5;248mOrder By Group[39m: condition[39m
[38;5;23m2026-01-21 14:31:37[39m  [38;5;248mOutput Dir[39m: /expanse/lustre/projects/csd940/zalibhai/biomodal/modality/outputs_CG/Results/gencode.vM25.mouse.cpg_islands.annotation[39m
[38;5;23m2026-01-21 14:31:37[39m  [38;5;248mNum Contexts[39m: 0[39m
[38;5;23m2026-01-21 14:31:37[39m  [38;5;248mDisable Strand Merging[39m: False[39m
[38;5;23m2026-01-21 14:31:37[39m  [38;5;248mWindow Size[39m: None[39m
[38;5;23m2026-01-21 14:31:37[39m  [38;5;248mTabix[39m: False[39m
[38;5;23m2026-01-21 14:31:37[39m  [38;5;248mRegion[39m: None[39m
[38;5;23m2026-01-21 14:31:37[39m  [38;5;248mAggregate By Group[39m: None[39m
[38;5;23m2026-01-21 14:31:37[39m  [38;5;248mCase Sensitive[39m: False[39m
[38;5;23m2026-01-21 14:31:37[39m  [38;5;248mHeatmap[39m: False[39m
[38;5;23m2026-01-21 14:31:37[39m | [38;5;23mINFO[39m | Sample sheet: /expanse/lustre/projects/csd940/zalibhai/biomodal/modality/metadata.tsv[39m
[38;5;23m2026-01-21 14:31:37[39m | [38;5;23mINFO[39m | Order samples by: condition, case-insensitive[39m
[38;5;23m2026-01-21 14:31:37[39m | [38;5;23mINFO[39m | Loading Zarr dataset...[39m
[38;5;23m2026-01-21 14:31:39[39m | [38;5;23mINFO[39m | Merging CpG strands before extraction...[39m
[38;5;23m2026-01-21 14:32:08[39m | [38;5;23mINFO[39m | Performing ['regional-frac'] on variables ['num_mc', 'num_hmc'] and min coverage 10.[39m
[38;5;23m2026-01-21 14:32:08[39m | [38;5;23mINFO[39m | ['num_mc', 'num_hmc', 'num_total_c'][39m
[38;5;23m2026-01-21 14:32:08[39m | [38;5;23mINFO[39m | Adding Ranges_ID column to validate merging.[39m
[38;5;23m2026-01-21 14:32:15[39m | [38;5;23mINFO[39m | Summarized over 16009 regions.[39m
[38;5;23m2026-01-21 14:32:16[39m | [38;5;23mINFO[39m | Applying post-processor <lambda> to DataFrame.[39m
[38;5;23m2026-01-21 14:32:16[39m | [38;5;23mINFO[39m | Dataframe has 16009 rows, processing large dataset[39m
[38;5;23m2026-01-21 14:32:16[39m | [38;5;23mINFO[39m | Concatenating files without compression.[39m
[38;5;23m2026-01-21 14:32:16[39m | [38;5;23mINFO[39m | Exported mc stats for regional-frac to <modality.infrastructure.file_name_service.ExtractDataFileName object at 0x1554e6e27810>.[39m
[38;5;23m2026-01-21 14:32:16[39m | [38;5;23mINFO[39m | Applying post-processor <lambda> to DataFrame.[39m
[38;5;23m2026-01-21 14:32:16[39m | [38;5;23mINFO[39m | Dataframe has 16009 rows, processing large dataset[39m
[38;5;23m2026-01-21 14:32:16[39m | [38;5;23mINFO[39m | Concatenating files without compression.[39m
[38;5;23m2026-01-21 14:32:16[39m | [38;5;23mINFO[39m | Exported hmc stats for regional-frac to <modality.infrastructure.file_name_service.ExtractDataFileName object at 0x1554dc13b310>.[39m
[38;5;23m2026-01-21 14:32:16[39m | [38;5;23mINFO[39m | Results written to file[39m
[38;5;23m2026-01-21 14:32:16[39m  16009 regions extracted.[39m
[38;5;23m2026-01-21 14:32:16[39m  [1m[38;5;154mData extracted successfully to /expanse/lustre/projects/csd940/zalibhai/biomodal/modality/outputs_CG/Results/gencode.vM25.mouse.cpg_islands.annotation/Extract_20260121_143216[39m
[38;5;23m2026-01-21 14:32:16[39m  Generating plots: violin, correlation[39m
[38;5;23m2026-01-21 14:32:17[39m | [38;5;23mINFO[39m | Feature report saved to /expanse/lustre/projects/csd940/zalibhai/biomodal/modality/outputs_CG/Results/gencode.vM25.mouse.cpg_islands.annotation/Extract_20260121_143216/hmc-mc_regional-frac_extract_report_20260121_143216.html[39m
[38;5;23m2026-01-21 14:32:17[39m | [38;5;23mINFO[39m | JSON report saved to /expanse/lustre/projects/csd940/zalibhai/biomodal/modality/outputs_CG/Results/gencode.vM25.mouse.cpg_islands.annotation/Extract_20260121_143216/hmc-mc_regional-frac_extract_report_20260121_143216.json[39m
[38;5;23m2026-01-21 14:32:17[39m  [1m[38;5;154mFeature report with violin, correlation visualizations generated successfully at /expanse/lustre/projects/csd940/zalibhai/biomodal/modality/outputs_CG/Results/gencode.vM25.mouse.cpg_islands.annotation/Extract_20260121_143216/hmc-mc_regional-frac_extract_report_20260121_143216.html.[39m
[38;5;23m2026-01-21 14:32:17[39m  Wrote provenance sidecar file to /expanse/lustre/projects/csd940/zalibhai/biomodal/modality/outputs_CG/Results/gencode.vM25.mouse.cpg_islands.annotation/Extract_20260121_143216/modality_metadata_20260121_143217.json[39m
[INFO] 2026-01-21 14:32:17 - Feature extraction completed for gencode.vM25.mouse.cpg_islands.annotation
[INFO] 2026-01-21 14:32:17 - Processing region file: /expanse/lustre/projects/csd940/zalibhai/biomodal/modality/mm10/gencode.vM25.mouse.cpg_islands.annotation.bed.gz
[INFO] 2026-01-21 14:32:17 - Running feature extraction: count total_c...
Logged in using stored credentials
[38;5;23m2026-01-21 14:32:21[39m  [1m[38;5;123mProvenance information:[39m
[38;5;23m2026-01-21 14:32:21[39m  cmd='/home/zalibhai/miniforge3/envs/modality/bin/modality -v get count --zarr-path /expanse/lustre/projects/csd940/zalibhai/biomodal/evoC-run/output/duet-1.5.0_evoC_Bap1_run_6bp/sample_outputs/zarr_store/CG/evoC_Bap1_run.genome.GRCm38_primary_assembly.dedup.CG.zarrz --sample-sheet /expanse/lustre/projects/csd940/zalibhai/biomodal/modality/metadata.tsv --bedfile /expanse/lustre/projects/csd940/zalibhai/biomodal/modality/mm10/gencode.vM25.mouse.cpg_islands.annotation.bed.gz --fields total_c --output-dir /expanse/lustre/projects/csd940/zalibhai/biomodal/modality/outputs_CG/Results/gencode.vM25.mouse.cpg_islands.annotation'
timestamp=2026-01-21T14:32:21.836830
version=1.0.0
user=zalibhai

[39m
[38;5;23m2026-01-21 14:32:21[39m  [1m[38;5;123mExtracting methylation features:[39m
[38;5;23m2026-01-21 14:32:21[39m  [38;5;248mZarr path(s)[39m: ['/expanse/lustre/projects/csd940/zalibhai/biomodal/evoC-run/output/duet-1.5.0_evoC_Bap1_run_6bp/sample_outputs/zarr_store/CG/evoC_Bap1_run.genome.GRCm38_primary_assembly.dedup.CG.zarrz'][39m
[38;5;23m2026-01-21 14:32:21[39m  [38;5;248mSample Sheet[39m: /expanse/lustre/projects/csd940/zalibhai/biomodal/modality/metadata.tsv[39m
[38;5;23m2026-01-21 14:32:21[39m  [38;5;248mBedfile[39m: /expanse/lustre/projects/csd940/zalibhai/biomodal/modality/mm10/gencode.vM25.mouse.cpg_islands.annotation.bed.gz[39m
[38;5;23m2026-01-21 14:32:21[39m  [38;5;248mFields[39m: ['num_total_c'][39m
[38;5;23m2026-01-21 14:32:21[39m  [38;5;248mOutput Dir[39m: /expanse/lustre/projects/csd940/zalibhai/biomodal/modality/outputs_CG/Results/gencode.vM25.mouse.cpg_islands.annotation[39m
[38;5;23m2026-01-21 14:32:21[39m  [38;5;248mMin Coverage[39m: 0[39m
[38;5;23m2026-01-21 14:32:21[39m  [38;5;248mNum Contexts[39m: 0[39m
[38;5;23m2026-01-21 14:32:21[39m  [38;5;248mDisable Strand Merging[39m: False[39m
[38;5;23m2026-01-21 14:32:21[39m  [38;5;248mWindow Size[39m: None[39m
[38;5;23m2026-01-21 14:32:21[39m  [38;5;248mTabix[39m: False[39m
[38;5;23m2026-01-21 14:32:21[39m  [38;5;248mRegion[39m: None[39m
[38;5;23m2026-01-21 14:32:21[39m | [38;5;23mINFO[39m | Loading Zarr dataset...[39m
[38;5;23m2026-01-21 14:32:24[39m | [38;5;23mINFO[39m | Merging CpG strands before extraction...[39m
[38;5;23m2026-01-21 14:32:34[39m | [38;5;23mINFO[39m | Performing ['count'] on variables ['num_total_c'] and min coverage 0.[39m
[38;5;23m2026-01-21 14:32:34[39m | [38;5;23mINFO[39m | ['num_total_c'][39m
[38;5;23m2026-01-21 14:32:34[39m | [38;5;23mINFO[39m | Adding Ranges_ID column to validate merging.[39m
[38;5;23m2026-01-21 14:32:40[39m | [38;5;23mINFO[39m | Summarized over 16009 regions.[39m
[38;5;23m2026-01-21 14:32:40[39m | [38;5;23mINFO[39m | Applying post-processor <lambda> to DataFrame.[39m
[38;5;23m2026-01-21 14:32:40[39m | [38;5;23mINFO[39m | Dataframe has 16009 rows, processing large dataset[39m
[38;5;23m2026-01-21 14:32:40[39m | [38;5;23mINFO[39m | Concatenating files without compression.[39m
[38;5;23m2026-01-21 14:32:40[39m | [38;5;23mINFO[39m | Exported total_c stats for count to <modality.infrastructure.file_name_service.ExtractDataFileName object at 0x1554e4883fd0>.[39m
[38;5;23m2026-01-21 14:32:40[39m | [38;5;23mINFO[39m | Results written to file[39m
[38;5;23m2026-01-21 14:32:40[39m  16009 regions extracted.[39m
[38;5;23m2026-01-21 14:32:40[39m  [1m[38;5;154mData extracted successfully to /expanse/lustre/projects/csd940/zalibhai/biomodal/modality/outputs_CG/Results/gencode.vM25.mouse.cpg_islands.annotation/Extract_20260121_143240[39m
[38;5;23m2026-01-21 14:32:40[39m | [38;5;23mINFO[39m | No plots generated. Sample sheet / group provided but no plots requested.[39m
[38;5;23m2026-01-21 14:32:40[39m  Wrote provenance sidecar file to /expanse/lustre/projects/csd940/zalibhai/biomodal/modality/outputs_CG/Results/gencode.vM25.mouse.cpg_islands.annotation/Extract_20260121_143240/modality_metadata_20260121_143240.json[39m
[INFO] 2026-01-21 14:32:41 - Running feature extraction: mean total_c (plots generated automatically)...
Logged in using stored credentials
[38;5;23m2026-01-21 14:32:44[39m  [1m[38;5;123mProvenance information:[39m
[38;5;23m2026-01-21 14:32:44[39m  cmd='/home/zalibhai/miniforge3/envs/modality/bin/modality -v get mean --zarr-path /expanse/lustre/projects/csd940/zalibhai/biomodal/evoC-run/output/duet-1.5.0_evoC_Bap1_run_6bp/sample_outputs/zarr_store/CG/evoC_Bap1_run.genome.GRCm38_primary_assembly.dedup.CG.zarrz --sample-sheet /expanse/lustre/projects/csd940/zalibhai/biomodal/modality/metadata.tsv --bedfile /expanse/lustre/projects/csd940/zalibhai/biomodal/modality/mm10/gencode.vM25.mouse.cpg_islands.annotation.bed.gz --fields total_c --order-by-group condition --output-dir /expanse/lustre/projects/csd940/zalibhai/biomodal/modality/outputs_CG/Results/gencode.vM25.mouse.cpg_islands.annotation'
timestamp=2026-01-21T14:32:44.214167
version=1.0.0
user=zalibhai

[39m
[38;5;23m2026-01-21 14:32:44[39m  [1m[38;5;123mExtracting methylation features:[39m
[38;5;23m2026-01-21 14:32:44[39m  [38;5;248mZarr path(s)[39m: ['/expanse/lustre/projects/csd940/zalibhai/biomodal/evoC-run/output/duet-1.5.0_evoC_Bap1_run_6bp/sample_outputs/zarr_store/CG/evoC_Bap1_run.genome.GRCm38_primary_assembly.dedup.CG.zarrz'][39m
[38;5;23m2026-01-21 14:32:44[39m  [38;5;248mSample Sheet[39m: /expanse/lustre/projects/csd940/zalibhai/biomodal/modality/metadata.tsv[39m
[38;5;23m2026-01-21 14:32:44[39m  [38;5;248mBedfile[39m: /expanse/lustre/projects/csd940/zalibhai/biomodal/modality/mm10/gencode.vM25.mouse.cpg_islands.annotation.bed.gz[39m
[38;5;23m2026-01-21 14:32:44[39m  [38;5;248mFields[39m: ['num_total_c'][39m
[38;5;23m2026-01-21 14:32:44[39m  [38;5;248mOrder By Group[39m: condition[39m
[38;5;23m2026-01-21 14:32:44[39m  [38;5;248mOutput Dir[39m: /expanse/lustre/projects/csd940/zalibhai/biomodal/modality/outputs_CG/Results/gencode.vM25.mouse.cpg_islands.annotation[39m
[38;5;23m2026-01-21 14:32:44[39m  [38;5;248mMin Coverage[39m: 0[39m
[38;5;23m2026-01-21 14:32:44[39m  [38;5;248mNum Contexts[39m: 0[39m
[38;5;23m2026-01-21 14:32:44[39m  [38;5;248mDisable Strand Merging[39m: False[39m
[38;5;23m2026-01-21 14:32:44[39m  [38;5;248mWindow Size[39m: None[39m
[38;5;23m2026-01-21 14:32:44[39m  [38;5;248mTabix[39m: False[39m
[38;5;23m2026-01-21 14:32:44[39m  [38;5;248mRegion[39m: None[39m
[38;5;23m2026-01-21 14:32:44[39m  [38;5;248mAggregate By Group[39m: None[39m
[38;5;23m2026-01-21 14:32:44[39m  [38;5;248mCase Sensitive[39m: False[39m
[38;5;23m2026-01-21 14:32:44[39m  [38;5;248mHeatmap[39m: False[39m
[38;5;23m2026-01-21 14:32:44[39m | [38;5;23mINFO[39m | Sample sheet: /expanse/lustre/projects/csd940/zalibhai/biomodal/modality/metadata.tsv[39m
[38;5;23m2026-01-21 14:32:44[39m | [38;5;23mINFO[39m | Order samples by: condition, case-insensitive[39m
[38;5;23m2026-01-21 14:32:44[39m | [38;5;23mINFO[39m | Loading Zarr dataset...[39m
[38;5;23m2026-01-21 14:32:46[39m | [38;5;23mINFO[39m | Merging CpG strands before extraction...[39m
[38;5;23m2026-01-21 14:32:57[39m | [38;5;23mINFO[39m | Performing ['mean'] on variables ['num_total_c'] and min coverage 0.[39m
[38;5;23m2026-01-21 14:32:57[39m | [38;5;23mINFO[39m | ['num_total_c'][39m
[38;5;23m2026-01-21 14:32:57[39m | [38;5;23mINFO[39m | Adding Ranges_ID column to validate merging.[39m
[38;5;23m2026-01-21 14:33:02[39m | [38;5;23mINFO[39m | Summarized over 16009 regions.[39m
[38;5;23m2026-01-21 14:33:02[39m | [38;5;23mINFO[39m | Applying post-processor <lambda> to DataFrame.[39m
[38;5;23m2026-01-21 14:33:02[39m | [38;5;23mINFO[39m | Dataframe has 16009 rows, processing large dataset[39m
[38;5;23m2026-01-21 14:33:02[39m | [38;5;23mINFO[39m | Concatenating files without compression.[39m
[38;5;23m2026-01-21 14:33:02[39m | [38;5;23mINFO[39m | Exported total_c stats for mean to <modality.infrastructure.file_name_service.ExtractDataFileName object at 0x1554e457c0d0>.[39m
[38;5;23m2026-01-21 14:33:02[39m | [38;5;23mINFO[39m | Results written to file[39m
[38;5;23m2026-01-21 14:33:02[39m  16009 regions extracted.[39m
[38;5;23m2026-01-21 14:33:02[39m  [1m[38;5;154mData extracted successfully to /expanse/lustre/projects/csd940/zalibhai/biomodal/modality/outputs_CG/Results/gencode.vM25.mouse.cpg_islands.annotation/Extract_20260121_143302[39m
[38;5;23m2026-01-21 14:33:02[39m  Generating plots: violin, correlation[39m
[38;5;23m2026-01-21 14:33:03[39m | [38;5;23mINFO[39m | Feature report saved to /expanse/lustre/projects/csd940/zalibhai/biomodal/modality/outputs_CG/Results/gencode.vM25.mouse.cpg_islands.annotation/Extract_20260121_143302/total_c_mean_extract_report_20260121_143302.html[39m
[38;5;23m2026-01-21 14:33:03[39m | [38;5;23mINFO[39m | JSON report saved to /expanse/lustre/projects/csd940/zalibhai/biomodal/modality/outputs_CG/Results/gencode.vM25.mouse.cpg_islands.annotation/Extract_20260121_143302/total_c_mean_extract_report_20260121_143302.json[39m
[38;5;23m2026-01-21 14:33:03[39m  [1m[38;5;154mFeature report with violin, correlation visualizations generated successfully at /expanse/lustre/projects/csd940/zalibhai/biomodal/modality/outputs_CG/Results/gencode.vM25.mouse.cpg_islands.annotation/Extract_20260121_143302/total_c_mean_extract_report_20260121_143302.html.[39m
[38;5;23m2026-01-21 14:33:03[39m  Wrote provenance sidecar file to /expanse/lustre/projects/csd940/zalibhai/biomodal/modality/outputs_CG/Results/gencode.vM25.mouse.cpg_islands.annotation/Extract_20260121_143302/modality_metadata_20260121_143303.json[39m
[INFO] 2026-01-21 14:33:03 - Running feature extraction: regional-frac for mc and hmc with minimum depth 10 (plots generated automatically)...
Logged in using stored credentials
[38;5;23m2026-01-21 14:33:06[39m  [1m[38;5;123mProvenance information:[39m
[38;5;23m2026-01-21 14:33:06[39m  cmd='/home/zalibhai/miniforge3/envs/modality/bin/modality -v get regional-frac --zarr-path /expanse/lustre/projects/csd940/zalibhai/biomodal/evoC-run/output/duet-1.5.0_evoC_Bap1_run_6bp/sample_outputs/zarr_store/CG/evoC_Bap1_run.genome.GRCm38_primary_assembly.dedup.CG.zarrz --sample-sheet /expanse/lustre/projects/csd940/zalibhai/biomodal/modality/metadata.tsv --bedfile /expanse/lustre/projects/csd940/zalibhai/biomodal/modality/mm10/gencode.vM25.mouse.cpg_islands.annotation.bed.gz --fields mc hmc --min-coverage 10 --order-by-group condition --output-dir /expanse/lustre/projects/csd940/zalibhai/biomodal/modality/outputs_CG/Results/gencode.vM25.mouse.cpg_islands.annotation'
timestamp=2026-01-21T14:33:06.939366
version=1.0.0
user=zalibhai

[39m
[38;5;23m2026-01-21 14:33:06[39m  [1m[38;5;123mExtracting methylation features:[39m
[38;5;23m2026-01-21 14:33:06[39m  [38;5;248mZarr path(s)[39m: ['/expanse/lustre/projects/csd940/zalibhai/biomodal/evoC-run/output/duet-1.5.0_evoC_Bap1_run_6bp/sample_outputs/zarr_store/CG/evoC_Bap1_run.genome.GRCm38_primary_assembly.dedup.CG.zarrz'][39m
[38;5;23m2026-01-21 14:33:06[39m  [38;5;248mSample Sheet[39m: /expanse/lustre/projects/csd940/zalibhai/biomodal/modality/metadata.tsv[39m
[38;5;23m2026-01-21 14:33:06[39m  [38;5;248mBedfile[39m: /expanse/lustre/projects/csd940/zalibhai/biomodal/modality/mm10/gencode.vM25.mouse.cpg_islands.annotation.bed.gz[39m
[38;5;23m2026-01-21 14:33:06[39m  [38;5;248mFields[39m: ['num_mc', 'num_hmc'][39m
[38;5;23m2026-01-21 14:33:06[39m  [38;5;248mMin Coverage[39m: 10[39m
[38;5;23m2026-01-21 14:33:06[39m  [38;5;248mOrder By Group[39m: condition[39m
[38;5;23m2026-01-21 14:33:06[39m  [38;5;248mOutput Dir[39m: /expanse/lustre/projects/csd940/zalibhai/biomodal/modality/outputs_CG/Results/gencode.vM25.mouse.cpg_islands.annotation[39m
[38;5;23m2026-01-21 14:33:06[39m  [38;5;248mNum Contexts[39m: 0[39m
[38;5;23m2026-01-21 14:33:06[39m  [38;5;248mDisable Strand Merging[39m: False[39m
[38;5;23m2026-01-21 14:33:06[39m  [38;5;248mWindow Size[39m: None[39m
[38;5;23m2026-01-21 14:33:06[39m  [38;5;248mTabix[39m: False[39m
[38;5;23m2026-01-21 14:33:06[39m  [38;5;248mRegion[39m: None[39m
[38;5;23m2026-01-21 14:33:06[39m  [38;5;248mAggregate By Group[39m: None[39m
[38;5;23m2026-01-21 14:33:06[39m  [38;5;248mCase Sensitive[39m: False[39m
[38;5;23m2026-01-21 14:33:06[39m  [38;5;248mHeatmap[39m: False[39m
[38;5;23m2026-01-21 14:33:06[39m | [38;5;23mINFO[39m | Sample sheet: /expanse/lustre/projects/csd940/zalibhai/biomodal/modality/metadata.tsv[39m
[38;5;23m2026-01-21 14:33:06[39m | [38;5;23mINFO[39m | Order samples by: condition, case-insensitive[39m
[38;5;23m2026-01-21 14:33:06[39m | [38;5;23mINFO[39m | Loading Zarr dataset...[39m
[38;5;23m2026-01-21 14:33:09[39m | [38;5;23mINFO[39m | Merging CpG strands before extraction...[39m
[38;5;23m2026-01-21 14:33:37[39m | [38;5;23mINFO[39m | Performing ['regional-frac'] on variables ['num_mc', 'num_hmc'] and min coverage 10.[39m
[38;5;23m2026-01-21 14:33:37[39m | [38;5;23mINFO[39m | ['num_mc', 'num_hmc', 'num_total_c'][39m
[38;5;23m2026-01-21 14:33:37[39m | [38;5;23mINFO[39m | Adding Ranges_ID column to validate merging.[39m
[38;5;23m2026-01-21 14:33:45[39m | [38;5;23mINFO[39m | Summarized over 16009 regions.[39m
[38;5;23m2026-01-21 14:33:45[39m | [38;5;23mINFO[39m | Applying post-processor <lambda> to DataFrame.[39m
[38;5;23m2026-01-21 14:33:45[39m | [38;5;23mINFO[39m | Dataframe has 16009 rows, processing large dataset[39m
[38;5;23m2026-01-21 14:33:45[39m | [38;5;23mINFO[39m | Concatenating files without compression.[39m
[38;5;23m2026-01-21 14:33:45[39m | [38;5;23mINFO[39m | Exported mc stats for regional-frac to <modality.infrastructure.file_name_service.ExtractDataFileName object at 0x1554dc970090>.[39m
[38;5;23m2026-01-21 14:33:46[39m | [38;5;23mINFO[39m | Applying post-processor <lambda> to DataFrame.[39m
[38;5;23m2026-01-21 14:33:46[39m | [38;5;23mINFO[39m | Dataframe has 16009 rows, processing large dataset[39m
[38;5;23m2026-01-21 14:33:46[39m | [38;5;23mINFO[39m | Concatenating files without compression.[39m
[38;5;23m2026-01-21 14:33:46[39m | [38;5;23mINFO[39m | Exported hmc stats for regional-frac to <modality.infrastructure.file_name_service.ExtractDataFileName object at 0x1554e71c92d0>.[39m
[38;5;23m2026-01-21 14:33:46[39m | [38;5;23mINFO[39m | Results written to file[39m
[38;5;23m2026-01-21 14:33:46[39m  16009 regions extracted.[39m
[38;5;23m2026-01-21 14:33:46[39m  [1m[38;5;154mData extracted successfully to /expanse/lustre/projects/csd940/zalibhai/biomodal/modality/outputs_CG/Results/gencode.vM25.mouse.cpg_islands.annotation/Extract_20260121_143345[39m
[38;5;23m2026-01-21 14:33:46[39m  Generating plots: correlation, violin[39m
[38;5;23m2026-01-21 14:33:46[39m | [38;5;23mINFO[39m | Feature report saved to /expanse/lustre/projects/csd940/zalibhai/biomodal/modality/outputs_CG/Results/gencode.vM25.mouse.cpg_islands.annotation/Extract_20260121_143345/hmc-mc_regional-frac_extract_report_20260121_143345.html[39m
[38;5;23m2026-01-21 14:33:46[39m | [38;5;23mINFO[39m | JSON report saved to /expanse/lustre/projects/csd940/zalibhai/biomodal/modality/outputs_CG/Results/gencode.vM25.mouse.cpg_islands.annotation/Extract_20260121_143345/hmc-mc_regional-frac_extract_report_20260121_143345.json[39m
[38;5;23m2026-01-21 14:33:46[39m  [1m[38;5;154mFeature report with correlation, violin visualizations generated successfully at /expanse/lustre/projects/csd940/zalibhai/biomodal/modality/outputs_CG/Results/gencode.vM25.mouse.cpg_islands.annotation/Extract_20260121_143345/hmc-mc_regional-frac_extract_report_20260121_143345.html.[39m
[38;5;23m2026-01-21 14:33:46[39m  Wrote provenance sidecar file to /expanse/lustre/projects/csd940/zalibhai/biomodal/modality/outputs_CG/Results/gencode.vM25.mouse.cpg_islands.annotation/Extract_20260121_143345/modality_metadata_20260121_143346.json[39m
[INFO] 2026-01-21 14:33:47 - Feature extraction completed for gencode.vM25.mouse.cpg_islands.annotation
[INFO] 2026-01-21 14:33:47 - Processing region file: /expanse/lustre/projects/csd940/zalibhai/biomodal/modality/mm10/gencode.vM25.mouse.cpg_shelves.annotation.bed.gz
[INFO] 2026-01-21 14:33:47 - Running feature extraction: count total_c...
Logged in using stored credentials
[38;5;23m2026-01-21 14:33:51[39m  [1m[38;5;123mProvenance information:[39m
[38;5;23m2026-01-21 14:33:51[39m  cmd='/home/zalibhai/miniforge3/envs/modality/bin/modality -v get count --zarr-path /expanse/lustre/projects/csd940/zalibhai/biomodal/evoC-run/output/duet-1.5.0_evoC_Bap1_run_6bp/sample_outputs/zarr_store/CG/evoC_Bap1_run.genome.GRCm38_primary_assembly.dedup.CG.zarrz --sample-sheet /expanse/lustre/projects/csd940/zalibhai/biomodal/modality/metadata.tsv --bedfile /expanse/lustre/projects/csd940/zalibhai/biomodal/modality/mm10/gencode.vM25.mouse.cpg_shelves.annotation.bed.gz --fields total_c --output-dir /expanse/lustre/projects/csd940/zalibhai/biomodal/modality/outputs_CG/Results/gencode.vM25.mouse.cpg_shelves.annotation'
timestamp=2026-01-21T14:33:51.418689
version=1.0.0
user=zalibhai

[39m
[38;5;23m2026-01-21 14:33:51[39m  [1m[38;5;123mExtracting methylation features:[39m
[38;5;23m2026-01-21 14:33:51[39m  [38;5;248mZarr path(s)[39m: ['/expanse/lustre/projects/csd940/zalibhai/biomodal/evoC-run/output/duet-1.5.0_evoC_Bap1_run_6bp/sample_outputs/zarr_store/CG/evoC_Bap1_run.genome.GRCm38_primary_assembly.dedup.CG.zarrz'][39m
[38;5;23m2026-01-21 14:33:51[39m  [38;5;248mSample Sheet[39m: /expanse/lustre/projects/csd940/zalibhai/biomodal/modality/metadata.tsv[39m
[38;5;23m2026-01-21 14:33:51[39m  [38;5;248mBedfile[39m: /expanse/lustre/projects/csd940/zalibhai/biomodal/modality/mm10/gencode.vM25.mouse.cpg_shelves.annotation.bed.gz[39m
[38;5;23m2026-01-21 14:33:51[39m  [38;5;248mFields[39m: ['num_total_c'][39m
[38;5;23m2026-01-21 14:33:51[39m  [38;5;248mOutput Dir[39m: /expanse/lustre/projects/csd940/zalibhai/biomodal/modality/outputs_CG/Results/gencode.vM25.mouse.cpg_shelves.annotation[39m
[38;5;23m2026-01-21 14:33:51[39m  [38;5;248mMin Coverage[39m: 0[39m
[38;5;23m2026-01-21 14:33:51[39m  [38;5;248mNum Contexts[39m: 0[39m
[38;5;23m2026-01-21 14:33:51[39m  [38;5;248mDisable Strand Merging[39m: False[39m
[38;5;23m2026-01-21 14:33:51[39m  [38;5;248mWindow Size[39m: None[39m
[38;5;23m2026-01-21 14:33:51[39m  [38;5;248mTabix[39m: False[39m
[38;5;23m2026-01-21 14:33:51[39m  [38;5;248mRegion[39m: None[39m
[38;5;23m2026-01-21 14:33:51[39m | [38;5;23mINFO[39m | Loading Zarr dataset...[39m
[38;5;23m2026-01-21 14:33:54[39m | [38;5;23mINFO[39m | Merging CpG strands before extraction...[39m
[38;5;23m2026-01-21 14:34:04[39m | [38;5;23mINFO[39m | Performing ['count'] on variables ['num_total_c'] and min coverage 0.[39m
[38;5;23m2026-01-21 14:34:04[39m | [38;5;23mINFO[39m | ['num_total_c'][39m
[38;5;23m2026-01-21 14:34:04[39m | [38;5;23mINFO[39m | Adding Ranges_ID column to validate merging.[39m
[38;5;23m2026-01-21 14:34:09[39m | [38;5;23mINFO[39m | Summarized over 29912 regions.[39m
[38;5;23m2026-01-21 14:34:09[39m | [38;5;23mINFO[39m | Applying post-processor <lambda> to DataFrame.[39m
[38;5;23m2026-01-21 14:34:09[39m | [38;5;23mINFO[39m | Dataframe has 31066 rows, processing large dataset[39m
[38;5;23m2026-01-21 14:34:10[39m | [38;5;23mINFO[39m | Concatenating files without compression.[39m
[38;5;23m2026-01-21 14:34:10[39m | [38;5;23mINFO[39m | Exported total_c stats for count to <modality.infrastructure.file_name_service.ExtractDataFileName object at 0x1554e4c8a010>.[39m
[38;5;23m2026-01-21 14:34:10[39m | [38;5;23mINFO[39m | Results written to file[39m
[38;5;23m2026-01-21 14:34:10[39m  29912 regions extracted.[39m
[38;5;23m2026-01-21 14:34:10[39m  [1m[38;5;154mData extracted successfully to /expanse/lustre/projects/csd940/zalibhai/biomodal/modality/outputs_CG/Results/gencode.vM25.mouse.cpg_shelves.annotation/Extract_20260121_143409[39m
[38;5;23m2026-01-21 14:34:10[39m | [38;5;23mINFO[39m | No plots generated. Sample sheet / group provided but no plots requested.[39m
[38;5;23m2026-01-21 14:34:10[39m  Wrote provenance sidecar file to /expanse/lustre/projects/csd940/zalibhai/biomodal/modality/outputs_CG/Results/gencode.vM25.mouse.cpg_shelves.annotation/Extract_20260121_143409/modality_metadata_20260121_143410.json[39m
[INFO] 2026-01-21 14:34:10 - Running feature extraction: mean total_c (plots generated automatically)...
Logged in using stored credentials
[38;5;23m2026-01-21 14:34:13[39m  [1m[38;5;123mProvenance information:[39m
[38;5;23m2026-01-21 14:34:13[39m  cmd='/home/zalibhai/miniforge3/envs/modality/bin/modality -v get mean --zarr-path /expanse/lustre/projects/csd940/zalibhai/biomodal/evoC-run/output/duet-1.5.0_evoC_Bap1_run_6bp/sample_outputs/zarr_store/CG/evoC_Bap1_run.genome.GRCm38_primary_assembly.dedup.CG.zarrz --sample-sheet /expanse/lustre/projects/csd940/zalibhai/biomodal/modality/metadata.tsv --bedfile /expanse/lustre/projects/csd940/zalibhai/biomodal/modality/mm10/gencode.vM25.mouse.cpg_shelves.annotation.bed.gz --fields total_c --order-by-group condition --output-dir /expanse/lustre/projects/csd940/zalibhai/biomodal/modality/outputs_CG/Results/gencode.vM25.mouse.cpg_shelves.annotation'
timestamp=2026-01-21T14:34:13.975002
version=1.0.0
user=zalibhai

[39m
[38;5;23m2026-01-21 14:34:13[39m  [1m[38;5;123mExtracting methylation features:[39m
[38;5;23m2026-01-21 14:34:13[39m  [38;5;248mZarr path(s)[39m: ['/expanse/lustre/projects/csd940/zalibhai/biomodal/evoC-run/output/duet-1.5.0_evoC_Bap1_run_6bp/sample_outputs/zarr_store/CG/evoC_Bap1_run.genome.GRCm38_primary_assembly.dedup.CG.zarrz'][39m
[38;5;23m2026-01-21 14:34:13[39m  [38;5;248mSample Sheet[39m: /expanse/lustre/projects/csd940/zalibhai/biomodal/modality/metadata.tsv[39m
[38;5;23m2026-01-21 14:34:13[39m  [38;5;248mBedfile[39m: /expanse/lustre/projects/csd940/zalibhai/biomodal/modality/mm10/gencode.vM25.mouse.cpg_shelves.annotation.bed.gz[39m
[38;5;23m2026-01-21 14:34:13[39m  [38;5;248mFields[39m: ['num_total_c'][39m
[38;5;23m2026-01-21 14:34:13[39m  [38;5;248mOrder By Group[39m: condition[39m
[38;5;23m2026-01-21 14:34:13[39m  [38;5;248mOutput Dir[39m: /expanse/lustre/projects/csd940/zalibhai/biomodal/modality/outputs_CG/Results/gencode.vM25.mouse.cpg_shelves.annotation[39m
[38;5;23m2026-01-21 14:34:13[39m  [38;5;248mMin Coverage[39m: 0[39m
[38;5;23m2026-01-21 14:34:13[39m  [38;5;248mNum Contexts[39m: 0[39m
[38;5;23m2026-01-21 14:34:13[39m  [38;5;248mDisable Strand Merging[39m: False[39m
[38;5;23m2026-01-21 14:34:13[39m  [38;5;248mWindow Size[39m: None[39m
[38;5;23m2026-01-21 14:34:13[39m  [38;5;248mTabix[39m: False[39m
[38;5;23m2026-01-21 14:34:13[39m  [38;5;248mRegion[39m: None[39m
[38;5;23m2026-01-21 14:34:13[39m  [38;5;248mAggregate By Group[39m: None[39m
[38;5;23m2026-01-21 14:34:13[39m  [38;5;248mCase Sensitive[39m: False[39m
[38;5;23m2026-01-21 14:34:13[39m  [38;5;248mHeatmap[39m: False[39m
[38;5;23m2026-01-21 14:34:13[39m | [38;5;23mINFO[39m | Sample sheet: /expanse/lustre/projects/csd940/zalibhai/biomodal/modality/metadata.tsv[39m
[38;5;23m2026-01-21 14:34:13[39m | [38;5;23mINFO[39m | Order samples by: condition, case-insensitive[39m
[38;5;23m2026-01-21 14:34:13[39m | [38;5;23mINFO[39m | Loading Zarr dataset...[39m
[38;5;23m2026-01-21 14:34:16[39m | [38;5;23mINFO[39m | Merging CpG strands before extraction...[39m
[38;5;23m2026-01-21 14:34:26[39m | [38;5;23mINFO[39m | Performing ['mean'] on variables ['num_total_c'] and min coverage 0.[39m
[38;5;23m2026-01-21 14:34:26[39m | [38;5;23mINFO[39m | ['num_total_c'][39m
[38;5;23m2026-01-21 14:34:26[39m | [38;5;23mINFO[39m | Adding Ranges_ID column to validate merging.[39m
[38;5;23m2026-01-21 14:34:32[39m | [38;5;23mINFO[39m | Summarized over 29912 regions.[39m
[38;5;23m2026-01-21 14:34:32[39m | [38;5;23mINFO[39m | Applying post-processor <lambda> to DataFrame.[39m
[38;5;23m2026-01-21 14:34:32[39m | [38;5;23mINFO[39m | Dataframe has 31066 rows, processing large dataset[39m
[38;5;23m2026-01-21 14:34:33[39m | [38;5;23mINFO[39m | Concatenating files without compression.[39m
[38;5;23m2026-01-21 14:34:33[39m | [38;5;23mINFO[39m | Exported total_c stats for mean to <modality.infrastructure.file_name_service.ExtractDataFileName object at 0x1554e428c410>.[39m
[38;5;23m2026-01-21 14:34:33[39m | [38;5;23mINFO[39m | Results written to file[39m
[38;5;23m2026-01-21 14:34:33[39m  29912 regions extracted.[39m
[38;5;23m2026-01-21 14:34:33[39m  [1m[38;5;154mData extracted successfully to /expanse/lustre/projects/csd940/zalibhai/biomodal/modality/outputs_CG/Results/gencode.vM25.mouse.cpg_shelves.annotation/Extract_20260121_143432[39m
[38;5;23m2026-01-21 14:34:33[39m  Generating plots: correlation, violin[39m
[38;5;23m2026-01-21 14:34:33[39m | [38;5;23mINFO[39m | Feature report saved to /expanse/lustre/projects/csd940/zalibhai/biomodal/modality/outputs_CG/Results/gencode.vM25.mouse.cpg_shelves.annotation/Extract_20260121_143432/total_c_mean_extract_report_20260121_143432.html[39m
[38;5;23m2026-01-21 14:34:33[39m | [38;5;23mINFO[39m | JSON report saved to /expanse/lustre/projects/csd940/zalibhai/biomodal/modality/outputs_CG/Results/gencode.vM25.mouse.cpg_shelves.annotation/Extract_20260121_143432/total_c_mean_extract_report_20260121_143432.json[39m
[38;5;23m2026-01-21 14:34:33[39m  [1m[38;5;154mFeature report with correlation, violin visualizations generated successfully at /expanse/lustre/projects/csd940/zalibhai/biomodal/modality/outputs_CG/Results/gencode.vM25.mouse.cpg_shelves.annotation/Extract_20260121_143432/total_c_mean_extract_report_20260121_143432.html.[39m
[38;5;23m2026-01-21 14:34:33[39m  Wrote provenance sidecar file to /expanse/lustre/projects/csd940/zalibhai/biomodal/modality/outputs_CG/Results/gencode.vM25.mouse.cpg_shelves.annotation/Extract_20260121_143432/modality_metadata_20260121_143433.json[39m
[INFO] 2026-01-21 14:34:33 - Running feature extraction: regional-frac for mc and hmc with minimum depth 10 (plots generated automatically)...
Logged in using stored credentials
[38;5;23m2026-01-21 14:34:37[39m  [1m[38;5;123mProvenance information:[39m
[38;5;23m2026-01-21 14:34:37[39m  cmd='/home/zalibhai/miniforge3/envs/modality/bin/modality -v get regional-frac --zarr-path /expanse/lustre/projects/csd940/zalibhai/biomodal/evoC-run/output/duet-1.5.0_evoC_Bap1_run_6bp/sample_outputs/zarr_store/CG/evoC_Bap1_run.genome.GRCm38_primary_assembly.dedup.CG.zarrz --sample-sheet /expanse/lustre/projects/csd940/zalibhai/biomodal/modality/metadata.tsv --bedfile /expanse/lustre/projects/csd940/zalibhai/biomodal/modality/mm10/gencode.vM25.mouse.cpg_shelves.annotation.bed.gz --fields mc hmc --min-coverage 10 --order-by-group condition --output-dir /expanse/lustre/projects/csd940/zalibhai/biomodal/modality/outputs_CG/Results/gencode.vM25.mouse.cpg_shelves.annotation'
timestamp=2026-01-21T14:34:37.014277
version=1.0.0
user=zalibhai

[39m
[38;5;23m2026-01-21 14:34:37[39m  [1m[38;5;123mExtracting methylation features:[39m
[38;5;23m2026-01-21 14:34:37[39m  [38;5;248mZarr path(s)[39m: ['/expanse/lustre/projects/csd940/zalibhai/biomodal/evoC-run/output/duet-1.5.0_evoC_Bap1_run_6bp/sample_outputs/zarr_store/CG/evoC_Bap1_run.genome.GRCm38_primary_assembly.dedup.CG.zarrz'][39m
[38;5;23m2026-01-21 14:34:37[39m  [38;5;248mSample Sheet[39m: /expanse/lustre/projects/csd940/zalibhai/biomodal/modality/metadata.tsv[39m
[38;5;23m2026-01-21 14:34:37[39m  [38;5;248mBedfile[39m: /expanse/lustre/projects/csd940/zalibhai/biomodal/modality/mm10/gencode.vM25.mouse.cpg_shelves.annotation.bed.gz[39m
[38;5;23m2026-01-21 14:34:37[39m  [38;5;248mFields[39m: ['num_mc', 'num_hmc'][39m
[38;5;23m2026-01-21 14:34:37[39m  [38;5;248mMin Coverage[39m: 10[39m
[38;5;23m2026-01-21 14:34:37[39m  [38;5;248mOrder By Group[39m: condition[39m
[38;5;23m2026-01-21 14:34:37[39m  [38;5;248mOutput Dir[39m: /expanse/lustre/projects/csd940/zalibhai/biomodal/modality/outputs_CG/Results/gencode.vM25.mouse.cpg_shelves.annotation[39m
[38;5;23m2026-01-21 14:34:37[39m  [38;5;248mNum Contexts[39m: 0[39m
[38;5;23m2026-01-21 14:34:37[39m  [38;5;248mDisable Strand Merging[39m: False[39m
[38;5;23m2026-01-21 14:34:37[39m  [38;5;248mWindow Size[39m: None[39m
[38;5;23m2026-01-21 14:34:37[39m  [38;5;248mTabix[39m: False[39m
[38;5;23m2026-01-21 14:34:37[39m  [38;5;248mRegion[39m: None[39m
[38;5;23m2026-01-21 14:34:37[39m  [38;5;248mAggregate By Group[39m: None[39m
[38;5;23m2026-01-21 14:34:37[39m  [38;5;248mCase Sensitive[39m: False[39m
[38;5;23m2026-01-21 14:34:37[39m  [38;5;248mHeatmap[39m: False[39m
[38;5;23m2026-01-21 14:34:37[39m | [38;5;23mINFO[39m | Sample sheet: /expanse/lustre/projects/csd940/zalibhai/biomodal/modality/metadata.tsv[39m
[38;5;23m2026-01-21 14:34:37[39m | [38;5;23mINFO[39m | Order samples by: condition, case-insensitive[39m
[38;5;23m2026-01-21 14:34:37[39m | [38;5;23mINFO[39m | Loading Zarr dataset...[39m
[38;5;23m2026-01-21 14:34:39[39m | [38;5;23mINFO[39m | Merging CpG strands before extraction...[39m
[38;5;23m2026-01-21 14:35:07[39m | [38;5;23mINFO[39m | Performing ['regional-frac'] on variables ['num_mc', 'num_hmc'] and min coverage 10.[39m
[38;5;23m2026-01-21 14:35:07[39m | [38;5;23mINFO[39m | ['num_mc', 'num_hmc', 'num_total_c'][39m
[38;5;23m2026-01-21 14:35:07[39m | [38;5;23mINFO[39m | Adding Ranges_ID column to validate merging.[39m
[38;5;23m2026-01-21 14:35:15[39m | [38;5;23mINFO[39m | Summarized over 29912 regions.[39m
[38;5;23m2026-01-21 14:35:15[39m | [38;5;23mINFO[39m | Applying post-processor <lambda> to DataFrame.[39m
[38;5;23m2026-01-21 14:35:16[39m | [38;5;23mINFO[39m | Dataframe has 31066 rows, processing large dataset[39m
[38;5;23m2026-01-21 14:35:16[39m | [38;5;23mINFO[39m | Concatenating files without compression.[39m
[38;5;23m2026-01-21 14:35:16[39m | [38;5;23mINFO[39m | Exported mc stats for regional-frac to <modality.infrastructure.file_name_service.ExtractDataFileName object at 0x1554b40a3c10>.[39m
[38;5;23m2026-01-21 14:35:16[39m | [38;5;23mINFO[39m | Applying post-processor <lambda> to DataFrame.[39m
[38;5;23m2026-01-21 14:35:17[39m | [38;5;23mINFO[39m | Dataframe has 31066 rows, processing large dataset[39m
[38;5;23m2026-01-21 14:35:17[39m | [38;5;23mINFO[39m | Concatenating files without compression.[39m
[38;5;23m2026-01-21 14:35:17[39m | [38;5;23mINFO[39m | Exported hmc stats for regional-frac to <modality.infrastructure.file_name_service.ExtractDataFileName object at 0x1554dd23d510>.[39m
[38;5;23m2026-01-21 14:35:17[39m | [38;5;23mINFO[39m | Results written to file[39m
[38;5;23m2026-01-21 14:35:17[39m  29912 regions extracted.[39m
[38;5;23m2026-01-21 14:35:17[39m  [1m[38;5;154mData extracted successfully to /expanse/lustre/projects/csd940/zalibhai/biomodal/modality/outputs_CG/Results/gencode.vM25.mouse.cpg_shelves.annotation/Extract_20260121_143516[39m
[38;5;23m2026-01-21 14:35:17[39m  Generating plots: correlation, violin[39m
[38;5;23m2026-01-21 14:35:18[39m | [38;5;23mINFO[39m | Feature report saved to /expanse/lustre/projects/csd940/zalibhai/biomodal/modality/outputs_CG/Results/gencode.vM25.mouse.cpg_shelves.annotation/Extract_20260121_143516/hmc-mc_regional-frac_extract_report_20260121_143516.html[39m
[38;5;23m2026-01-21 14:35:18[39m | [38;5;23mINFO[39m | JSON report saved to /expanse/lustre/projects/csd940/zalibhai/biomodal/modality/outputs_CG/Results/gencode.vM25.mouse.cpg_shelves.annotation/Extract_20260121_143516/hmc-mc_regional-frac_extract_report_20260121_143516.json[39m
[38;5;23m2026-01-21 14:35:18[39m  [1m[38;5;154mFeature report with correlation, violin visualizations generated successfully at /expanse/lustre/projects/csd940/zalibhai/biomodal/modality/outputs_CG/Results/gencode.vM25.mouse.cpg_shelves.annotation/Extract_20260121_143516/hmc-mc_regional-frac_extract_report_20260121_143516.html.[39m
[38;5;23m2026-01-21 14:35:18[39m  Wrote provenance sidecar file to /expanse/lustre/projects/csd940/zalibhai/biomodal/modality/outputs_CG/Results/gencode.vM25.mouse.cpg_shelves.annotation/Extract_20260121_143516/modality_metadata_20260121_143518.json[39m
[INFO] 2026-01-21 14:35:18 - Feature extraction completed for gencode.vM25.mouse.cpg_shelves.annotation
[INFO] 2026-01-21 14:35:18 - Processing region file: /expanse/lustre/projects/csd940/zalibhai/biomodal/modality/mm10/gencode.vM25.mouse.cpg_shores.annotation.bed.gz
[INFO] 2026-01-21 14:35:18 - Running feature extraction: count total_c...
Logged in using stored credentials
[38;5;23m2026-01-21 14:35:22[39m  [1m[38;5;123mProvenance information:[39m
[38;5;23m2026-01-21 14:35:22[39m  cmd='/home/zalibhai/miniforge3/envs/modality/bin/modality -v get count --zarr-path /expanse/lustre/projects/csd940/zalibhai/biomodal/evoC-run/output/duet-1.5.0_evoC_Bap1_run_6bp/sample_outputs/zarr_store/CG/evoC_Bap1_run.genome.GRCm38_primary_assembly.dedup.CG.zarrz --sample-sheet /expanse/lustre/projects/csd940/zalibhai/biomodal/modality/metadata.tsv --bedfile /expanse/lustre/projects/csd940/zalibhai/biomodal/modality/mm10/gencode.vM25.mouse.cpg_shores.annotation.bed.gz --fields total_c --output-dir /expanse/lustre/projects/csd940/zalibhai/biomodal/modality/outputs_CG/Results/gencode.vM25.mouse.cpg_shores.annotation'
timestamp=2026-01-21T14:35:22.918141
version=1.0.0
user=zalibhai

[39m
[38;5;23m2026-01-21 14:35:22[39m  [1m[38;5;123mExtracting methylation features:[39m
[38;5;23m2026-01-21 14:35:22[39m  [38;5;248mZarr path(s)[39m: ['/expanse/lustre/projects/csd940/zalibhai/biomodal/evoC-run/output/duet-1.5.0_evoC_Bap1_run_6bp/sample_outputs/zarr_store/CG/evoC_Bap1_run.genome.GRCm38_primary_assembly.dedup.CG.zarrz'][39m
[38;5;23m2026-01-21 14:35:22[39m  [38;5;248mSample Sheet[39m: /expanse/lustre/projects/csd940/zalibhai/biomodal/modality/metadata.tsv[39m
[38;5;23m2026-01-21 14:35:22[39m  [38;5;248mBedfile[39m: /expanse/lustre/projects/csd940/zalibhai/biomodal/modality/mm10/gencode.vM25.mouse.cpg_shores.annotation.bed.gz[39m
[38;5;23m2026-01-21 14:35:22[39m  [38;5;248mFields[39m: ['num_total_c'][39m
[38;5;23m2026-01-21 14:35:22[39m  [38;5;248mOutput Dir[39m: /expanse/lustre/projects/csd940/zalibhai/biomodal/modality/outputs_CG/Results/gencode.vM25.mouse.cpg_shores.annotation[39m
[38;5;23m2026-01-21 14:35:22[39m  [38;5;248mMin Coverage[39m: 0[39m
[38;5;23m2026-01-21 14:35:22[39m  [38;5;248mNum Contexts[39m: 0[39m
[38;5;23m2026-01-21 14:35:22[39m  [38;5;248mDisable Strand Merging[39m: False[39m
[38;5;23m2026-01-21 14:35:22[39m  [38;5;248mWindow Size[39m: None[39m
[38;5;23m2026-01-21 14:35:22[39m  [38;5;248mTabix[39m: False[39m
[38;5;23m2026-01-21 14:35:22[39m  [38;5;248mRegion[39m: None[39m
[38;5;23m2026-01-21 14:35:22[39m | [38;5;23mINFO[39m | Loading Zarr dataset...[39m
[38;5;23m2026-01-21 14:35:25[39m | [38;5;23mINFO[39m | Merging CpG strands before extraction...[39m
[38;5;23m2026-01-21 14:35:35[39m | [38;5;23mINFO[39m | Performing ['count'] on variables ['num_total_c'] and min coverage 0.[39m
[38;5;23m2026-01-21 14:35:35[39m | [38;5;23mINFO[39m | ['num_total_c'][39m
[38;5;23m2026-01-21 14:35:35[39m | [38;5;23mINFO[39m | Adding Ranges_ID column to validate merging.[39m
[38;5;23m2026-01-21 14:35:41[39m | [38;5;23mINFO[39m | Summarized over 33962 regions.[39m
[38;5;23m2026-01-21 14:35:41[39m | [38;5;23mINFO[39m | Applying post-processor <lambda> to DataFrame.[39m
[38;5;23m2026-01-21 14:35:41[39m | [38;5;23mINFO[39m | Dataframe has 36866 rows, processing large dataset[39m
[38;5;23m2026-01-21 14:35:41[39m | [38;5;23mINFO[39m | Concatenating files without compression.[39m
[38;5;23m2026-01-21 14:35:41[39m | [38;5;23mINFO[39m | Exported total_c stats for count to <modality.infrastructure.file_name_service.ExtractDataFileName object at 0x1554e475e550>.[39m
[38;5;23m2026-01-21 14:35:41[39m | [38;5;23mINFO[39m | Results written to file[39m
[38;5;23m2026-01-21 14:35:41[39m  33962 regions extracted.[39m
[38;5;23m2026-01-21 14:35:41[39m  [1m[38;5;154mData extracted successfully to /expanse/lustre/projects/csd940/zalibhai/biomodal/modality/outputs_CG/Results/gencode.vM25.mouse.cpg_shores.annotation/Extract_20260121_143541[39m
[38;5;23m2026-01-21 14:35:41[39m | [38;5;23mINFO[39m | No plots generated. Sample sheet / group provided but no plots requested.[39m
[38;5;23m2026-01-21 14:35:41[39m  Wrote provenance sidecar file to /expanse/lustre/projects/csd940/zalibhai/biomodal/modality/outputs_CG/Results/gencode.vM25.mouse.cpg_shores.annotation/Extract_20260121_143541/modality_metadata_20260121_143541.json[39m
[INFO] 2026-01-21 14:35:42 - Running feature extraction: mean total_c (plots generated automatically)...
Logged in using stored credentials
[38;5;23m2026-01-21 14:35:45[39m  [1m[38;5;123mProvenance information:[39m
[38;5;23m2026-01-21 14:35:45[39m  cmd='/home/zalibhai/miniforge3/envs/modality/bin/modality -v get mean --zarr-path /expanse/lustre/projects/csd940/zalibhai/biomodal/evoC-run/output/duet-1.5.0_evoC_Bap1_run_6bp/sample_outputs/zarr_store/CG/evoC_Bap1_run.genome.GRCm38_primary_assembly.dedup.CG.zarrz --sample-sheet /expanse/lustre/projects/csd940/zalibhai/biomodal/modality/metadata.tsv --bedfile /expanse/lustre/projects/csd940/zalibhai/biomodal/modality/mm10/gencode.vM25.mouse.cpg_shores.annotation.bed.gz --fields total_c --order-by-group condition --output-dir /expanse/lustre/projects/csd940/zalibhai/biomodal/modality/outputs_CG/Results/gencode.vM25.mouse.cpg_shores.annotation'
timestamp=2026-01-21T14:35:45.349086
version=1.0.0
user=zalibhai

[39m
[38;5;23m2026-01-21 14:35:45[39m  [1m[38;5;123mExtracting methylation features:[39m
[38;5;23m2026-01-21 14:35:45[39m  [38;5;248mZarr path(s)[39m: ['/expanse/lustre/projects/csd940/zalibhai/biomodal/evoC-run/output/duet-1.5.0_evoC_Bap1_run_6bp/sample_outputs/zarr_store/CG/evoC_Bap1_run.genome.GRCm38_primary_assembly.dedup.CG.zarrz'][39m
[38;5;23m2026-01-21 14:35:45[39m  [38;5;248mSample Sheet[39m: /expanse/lustre/projects/csd940/zalibhai/biomodal/modality/metadata.tsv[39m
[38;5;23m2026-01-21 14:35:45[39m  [38;5;248mBedfile[39m: /expanse/lustre/projects/csd940/zalibhai/biomodal/modality/mm10/gencode.vM25.mouse.cpg_shores.annotation.bed.gz[39m
[38;5;23m2026-01-21 14:35:45[39m  [38;5;248mFields[39m: ['num_total_c'][39m
[38;5;23m2026-01-21 14:35:45[39m  [38;5;248mOrder By Group[39m: condition[39m
[38;5;23m2026-01-21 14:35:45[39m  [38;5;248mOutput Dir[39m: /expanse/lustre/projects/csd940/zalibhai/biomodal/modality/outputs_CG/Results/gencode.vM25.mouse.cpg_shores.annotation[39m
[38;5;23m2026-01-21 14:35:45[39m  [38;5;248mMin Coverage[39m: 0[39m
[38;5;23m2026-01-21 14:35:45[39m  [38;5;248mNum Contexts[39m: 0[39m
[38;5;23m2026-01-21 14:35:45[39m  [38;5;248mDisable Strand Merging[39m: False[39m
[38;5;23m2026-01-21 14:35:45[39m  [38;5;248mWindow Size[39m: None[39m
[38;5;23m2026-01-21 14:35:45[39m  [38;5;248mTabix[39m: False[39m
[38;5;23m2026-01-21 14:35:45[39m  [38;5;248mRegion[39m: None[39m
[38;5;23m2026-01-21 14:35:45[39m  [38;5;248mAggregate By Group[39m: None[39m
[38;5;23m2026-01-21 14:35:45[39m  [38;5;248mCase Sensitive[39m: False[39m
[38;5;23m2026-01-21 14:35:45[39m  [38;5;248mHeatmap[39m: False[39m
[38;5;23m2026-01-21 14:35:45[39m | [38;5;23mINFO[39m | Sample sheet: /expanse/lustre/projects/csd940/zalibhai/biomodal/modality/metadata.tsv[39m
[38;5;23m2026-01-21 14:35:45[39m | [38;5;23mINFO[39m | Order samples by: condition, case-insensitive[39m
[38;5;23m2026-01-21 14:35:45[39m | [38;5;23mINFO[39m | Loading Zarr dataset...[39m
[38;5;23m2026-01-21 14:35:47[39m | [38;5;23mINFO[39m | Merging CpG strands before extraction...[39m
[38;5;23m2026-01-21 14:35:58[39m | [38;5;23mINFO[39m | Performing ['mean'] on variables ['num_total_c'] and min coverage 0.[39m
[38;5;23m2026-01-21 14:35:58[39m | [38;5;23mINFO[39m | ['num_total_c'][39m
[38;5;23m2026-01-21 14:35:58[39m | [38;5;23mINFO[39m | Adding Ranges_ID column to validate merging.[39m
[38;5;23m2026-01-21 14:36:03[39m | [38;5;23mINFO[39m | Summarized over 33962 regions.[39m
[38;5;23m2026-01-21 14:36:03[39m | [38;5;23mINFO[39m | Applying post-processor <lambda> to DataFrame.[39m
[38;5;23m2026-01-21 14:36:03[39m | [38;5;23mINFO[39m | Dataframe has 36866 rows, processing large dataset[39m
[38;5;23m2026-01-21 14:36:04[39m | [38;5;23mINFO[39m | Concatenating files without compression.[39m
[38;5;23m2026-01-21 14:36:04[39m | [38;5;23mINFO[39m | Exported total_c stats for mean to <modality.infrastructure.file_name_service.ExtractDataFileName object at 0x1554e4c8da90>.[39m
[38;5;23m2026-01-21 14:36:04[39m | [38;5;23mINFO[39m | Results written to file[39m
[38;5;23m2026-01-21 14:36:04[39m  33962 regions extracted.[39m
[38;5;23m2026-01-21 14:36:04[39m  [1m[38;5;154mData extracted successfully to /expanse/lustre/projects/csd940/zalibhai/biomodal/modality/outputs_CG/Results/gencode.vM25.mouse.cpg_shores.annotation/Extract_20260121_143603[39m
[38;5;23m2026-01-21 14:36:04[39m  Generating plots: correlation, violin[39m
[38;5;23m2026-01-21 14:36:04[39m | [38;5;23mINFO[39m | Feature report saved to /expanse/lustre/projects/csd940/zalibhai/biomodal/modality/outputs_CG/Results/gencode.vM25.mouse.cpg_shores.annotation/Extract_20260121_143603/total_c_mean_extract_report_20260121_143603.html[39m
[38;5;23m2026-01-21 14:36:04[39m | [38;5;23mINFO[39m | JSON report saved to /expanse/lustre/projects/csd940/zalibhai/biomodal/modality/outputs_CG/Results/gencode.vM25.mouse.cpg_shores.annotation/Extract_20260121_143603/total_c_mean_extract_report_20260121_143603.json[39m
[38;5;23m2026-01-21 14:36:04[39m  [1m[38;5;154mFeature report with correlation, violin visualizations generated successfully at /expanse/lustre/projects/csd940/zalibhai/biomodal/modality/outputs_CG/Results/gencode.vM25.mouse.cpg_shores.annotation/Extract_20260121_143603/total_c_mean_extract_report_20260121_143603.html.[39m
[38;5;23m2026-01-21 14:36:04[39m  Wrote provenance sidecar file to /expanse/lustre/projects/csd940/zalibhai/biomodal/modality/outputs_CG/Results/gencode.vM25.mouse.cpg_shores.annotation/Extract_20260121_143603/modality_metadata_20260121_143604.json[39m
[INFO] 2026-01-21 14:36:05 - Running feature extraction: regional-frac for mc and hmc with minimum depth 10 (plots generated automatically)...
Logged in using stored credentials
[38;5;23m2026-01-21 14:36:08[39m  [1m[38;5;123mProvenance information:[39m
[38;5;23m2026-01-21 14:36:08[39m  cmd='/home/zalibhai/miniforge3/envs/modality/bin/modality -v get regional-frac --zarr-path /expanse/lustre/projects/csd940/zalibhai/biomodal/evoC-run/output/duet-1.5.0_evoC_Bap1_run_6bp/sample_outputs/zarr_store/CG/evoC_Bap1_run.genome.GRCm38_primary_assembly.dedup.CG.zarrz --sample-sheet /expanse/lustre/projects/csd940/zalibhai/biomodal/modality/metadata.tsv --bedfile /expanse/lustre/projects/csd940/zalibhai/biomodal/modality/mm10/gencode.vM25.mouse.cpg_shores.annotation.bed.gz --fields mc hmc --min-coverage 10 --order-by-group condition --output-dir /expanse/lustre/projects/csd940/zalibhai/biomodal/modality/outputs_CG/Results/gencode.vM25.mouse.cpg_shores.annotation'
timestamp=2026-01-21T14:36:08.435095
version=1.0.0
user=zalibhai

[39m
[38;5;23m2026-01-21 14:36:08[39m  [1m[38;5;123mExtracting methylation features:[39m
[38;5;23m2026-01-21 14:36:08[39m  [38;5;248mZarr path(s)[39m: ['/expanse/lustre/projects/csd940/zalibhai/biomodal/evoC-run/output/duet-1.5.0_evoC_Bap1_run_6bp/sample_outputs/zarr_store/CG/evoC_Bap1_run.genome.GRCm38_primary_assembly.dedup.CG.zarrz'][39m
[38;5;23m2026-01-21 14:36:08[39m  [38;5;248mSample Sheet[39m: /expanse/lustre/projects/csd940/zalibhai/biomodal/modality/metadata.tsv[39m
[38;5;23m2026-01-21 14:36:08[39m  [38;5;248mBedfile[39m: /expanse/lustre/projects/csd940/zalibhai/biomodal/modality/mm10/gencode.vM25.mouse.cpg_shores.annotation.bed.gz[39m
[38;5;23m2026-01-21 14:36:08[39m  [38;5;248mFields[39m: ['num_mc', 'num_hmc'][39m
[38;5;23m2026-01-21 14:36:08[39m  [38;5;248mMin Coverage[39m: 10[39m
[38;5;23m2026-01-21 14:36:08[39m  [38;5;248mOrder By Group[39m: condition[39m
[38;5;23m2026-01-21 14:36:08[39m  [38;5;248mOutput Dir[39m: /expanse/lustre/projects/csd940/zalibhai/biomodal/modality/outputs_CG/Results/gencode.vM25.mouse.cpg_shores.annotation[39m
[38;5;23m2026-01-21 14:36:08[39m  [38;5;248mNum Contexts[39m: 0[39m
[38;5;23m2026-01-21 14:36:08[39m  [38;5;248mDisable Strand Merging[39m: False[39m
[38;5;23m2026-01-21 14:36:08[39m  [38;5;248mWindow Size[39m: None[39m
[38;5;23m2026-01-21 14:36:08[39m  [38;5;248mTabix[39m: False[39m
[38;5;23m2026-01-21 14:36:08[39m  [38;5;248mRegion[39m: None[39m
[38;5;23m2026-01-21 14:36:08[39m  [38;5;248mAggregate By Group[39m: None[39m
[38;5;23m2026-01-21 14:36:08[39m  [38;5;248mCase Sensitive[39m: False[39m
[38;5;23m2026-01-21 14:36:08[39m  [38;5;248mHeatmap[39m: False[39m
[38;5;23m2026-01-21 14:36:08[39m | [38;5;23mINFO[39m | Sample sheet: /expanse/lustre/projects/csd940/zalibhai/biomodal/modality/metadata.tsv[39m
[38;5;23m2026-01-21 14:36:08[39m | [38;5;23mINFO[39m | Order samples by: condition, case-insensitive[39m
[38;5;23m2026-01-21 14:36:08[39m | [38;5;23mINFO[39m | Loading Zarr dataset...[39m
[38;5;23m2026-01-21 14:36:11[39m | [38;5;23mINFO[39m | Merging CpG strands before extraction...[39m
[38;5;23m2026-01-21 14:36:38[39m | [38;5;23mINFO[39m | Performing ['regional-frac'] on variables ['num_mc', 'num_hmc'] and min coverage 10.[39m
[38;5;23m2026-01-21 14:36:38[39m | [38;5;23mINFO[39m | ['num_mc', 'num_hmc', 'num_total_c'][39m
[38;5;23m2026-01-21 14:36:38[39m | [38;5;23mINFO[39m | Adding Ranges_ID column to validate merging.[39m
[38;5;23m2026-01-21 14:36:47[39m | [38;5;23mINFO[39m | Summarized over 33962 regions.[39m
[38;5;23m2026-01-21 14:36:47[39m | [38;5;23mINFO[39m | Applying post-processor <lambda> to DataFrame.[39m
[38;5;23m2026-01-21 14:36:47[39m | [38;5;23mINFO[39m | Dataframe has 36866 rows, processing large dataset[39m
[38;5;23m2026-01-21 14:36:48[39m | [38;5;23mINFO[39m | Concatenating files without compression.[39m
[38;5;23m2026-01-21 14:36:48[39m | [38;5;23mINFO[39m | Exported mc stats for regional-frac to <modality.infrastructure.file_name_service.ExtractDataFileName object at 0x1554dc771f50>.[39m
[38;5;23m2026-01-21 14:36:48[39m | [38;5;23mINFO[39m | Applying post-processor <lambda> to DataFrame.[39m
[38;5;23m2026-01-21 14:36:48[39m | [38;5;23mINFO[39m | Dataframe has 36866 rows, processing large dataset[39m
[38;5;23m2026-01-21 14:36:49[39m | [38;5;23mINFO[39m | Concatenating files without compression.[39m
[38;5;23m2026-01-21 14:36:49[39m | [38;5;23mINFO[39m | Exported hmc stats for regional-frac to <modality.infrastructure.file_name_service.ExtractDataFileName object at 0x1554e5e6b090>.[39m
[38;5;23m2026-01-21 14:36:49[39m | [38;5;23mINFO[39m | Results written to file[39m
[38;5;23m2026-01-21 14:36:49[39m  33962 regions extracted.[39m
[38;5;23m2026-01-21 14:36:49[39m  [1m[38;5;154mData extracted successfully to /expanse/lustre/projects/csd940/zalibhai/biomodal/modality/outputs_CG/Results/gencode.vM25.mouse.cpg_shores.annotation/Extract_20260121_143647[39m
[38;5;23m2026-01-21 14:36:49[39m  Generating plots: violin, correlation[39m
[38;5;23m2026-01-21 14:36:49[39m | [38;5;23mINFO[39m | Feature report saved to /expanse/lustre/projects/csd940/zalibhai/biomodal/modality/outputs_CG/Results/gencode.vM25.mouse.cpg_shores.annotation/Extract_20260121_143647/hmc-mc_regional-frac_extract_report_20260121_143647.html[39m
[38;5;23m2026-01-21 14:36:49[39m | [38;5;23mINFO[39m | JSON report saved to /expanse/lustre/projects/csd940/zalibhai/biomodal/modality/outputs_CG/Results/gencode.vM25.mouse.cpg_shores.annotation/Extract_20260121_143647/hmc-mc_regional-frac_extract_report_20260121_143647.json[39m
[38;5;23m2026-01-21 14:36:49[39m  [1m[38;5;154mFeature report with violin, correlation visualizations generated successfully at /expanse/lustre/projects/csd940/zalibhai/biomodal/modality/outputs_CG/Results/gencode.vM25.mouse.cpg_shores.annotation/Extract_20260121_143647/hmc-mc_regional-frac_extract_report_20260121_143647.html.[39m
[38;5;23m2026-01-21 14:36:49[39m  Wrote provenance sidecar file to /expanse/lustre/projects/csd940/zalibhai/biomodal/modality/outputs_CG/Results/gencode.vM25.mouse.cpg_shores.annotation/Extract_20260121_143647/modality_metadata_20260121_143649.json[39m
[INFO] 2026-01-21 14:36:50 - Feature extraction completed for gencode.vM25.mouse.cpg_shores.annotation
[INFO] 2026-01-21 14:36:50 - Processing region file: /expanse/lustre/projects/csd940/zalibhai/biomodal/modality/mm10/gencode.vM25.mouse.genes.annotation.bed.gz
[INFO] 2026-01-21 14:36:50 - Running feature extraction: count total_c...
Logged in using stored credentials
[38;5;23m2026-01-21 14:36:54[39m  [1m[38;5;123mProvenance information:[39m
[38;5;23m2026-01-21 14:36:54[39m  cmd='/home/zalibhai/miniforge3/envs/modality/bin/modality -v get count --zarr-path /expanse/lustre/projects/csd940/zalibhai/biomodal/evoC-run/output/duet-1.5.0_evoC_Bap1_run_6bp/sample_outputs/zarr_store/CG/evoC_Bap1_run.genome.GRCm38_primary_assembly.dedup.CG.zarrz --sample-sheet /expanse/lustre/projects/csd940/zalibhai/biomodal/modality/metadata.tsv --bedfile /expanse/lustre/projects/csd940/zalibhai/biomodal/modality/mm10/gencode.vM25.mouse.genes.annotation.bed.gz --fields total_c --output-dir /expanse/lustre/projects/csd940/zalibhai/biomodal/modality/outputs_CG/Results/gencode.vM25.mouse.genes.annotation'
timestamp=2026-01-21T14:36:54.392941
version=1.0.0
user=zalibhai

[39m
[38;5;23m2026-01-21 14:36:54[39m  [1m[38;5;123mExtracting methylation features:[39m
[38;5;23m2026-01-21 14:36:54[39m  [38;5;248mZarr path(s)[39m: ['/expanse/lustre/projects/csd940/zalibhai/biomodal/evoC-run/output/duet-1.5.0_evoC_Bap1_run_6bp/sample_outputs/zarr_store/CG/evoC_Bap1_run.genome.GRCm38_primary_assembly.dedup.CG.zarrz'][39m
[38;5;23m2026-01-21 14:36:54[39m  [38;5;248mSample Sheet[39m: /expanse/lustre/projects/csd940/zalibhai/biomodal/modality/metadata.tsv[39m
[38;5;23m2026-01-21 14:36:54[39m  [38;5;248mBedfile[39m: /expanse/lustre/projects/csd940/zalibhai/biomodal/modality/mm10/gencode.vM25.mouse.genes.annotation.bed.gz[39m
[38;5;23m2026-01-21 14:36:54[39m  [38;5;248mFields[39m: ['num_total_c'][39m
[38;5;23m2026-01-21 14:36:54[39m  [38;5;248mOutput Dir[39m: /expanse/lustre/projects/csd940/zalibhai/biomodal/modality/outputs_CG/Results/gencode.vM25.mouse.genes.annotation[39m
[38;5;23m2026-01-21 14:36:54[39m  [38;5;248mMin Coverage[39m: 0[39m
[38;5;23m2026-01-21 14:36:54[39m  [38;5;248mNum Contexts[39m: 0[39m
[38;5;23m2026-01-21 14:36:54[39m  [38;5;248mDisable Strand Merging[39m: False[39m
[38;5;23m2026-01-21 14:36:54[39m  [38;5;248mWindow Size[39m: None[39m
[38;5;23m2026-01-21 14:36:54[39m  [38;5;248mTabix[39m: False[39m
[38;5;23m2026-01-21 14:36:54[39m  [38;5;248mRegion[39m: None[39m
[38;5;23m2026-01-21 14:36:54[39m | [38;5;23mINFO[39m | Loading Zarr dataset...[39m
[38;5;23m2026-01-21 14:36:57[39m | [38;5;23mINFO[39m | Merging CpG strands before extraction...[39m
[38;5;23m2026-01-21 14:37:07[39m | [38;5;23mINFO[39m | Performing ['count'] on variables ['num_total_c'] and min coverage 0.[39m
[38;5;23m2026-01-21 14:37:07[39m | [38;5;23mINFO[39m | ['num_total_c'][39m
[38;5;23m2026-01-21 14:37:07[39m | [38;5;23mINFO[39m | Adding Ranges_ID column to validate merging.[39m
[38;5;23m2026-01-21 14:37:12[39m | [38;5;23mINFO[39m | Summarized over 21673 regions.[39m
[38;5;23m2026-01-21 14:37:12[39m | [38;5;23mINFO[39m | Applying post-processor <lambda> to DataFrame.[39m
[38;5;23m2026-01-21 14:37:12[39m | [38;5;23mINFO[39m | Dataframe has 21673 rows, processing large dataset[39m
[38;5;23m2026-01-21 14:37:13[39m | [38;5;23mINFO[39m | Concatenating files without compression.[39m
[38;5;23m2026-01-21 14:37:13[39m | [38;5;23mINFO[39m | Exported total_c stats for count to <modality.infrastructure.file_name_service.ExtractDataFileName object at 0x1554e46c8990>.[39m
[38;5;23m2026-01-21 14:37:13[39m | [38;5;23mINFO[39m | Results written to file[39m
[38;5;23m2026-01-21 14:37:13[39m  21673 regions extracted.[39m
[38;5;23m2026-01-21 14:37:13[39m  [1m[38;5;154mData extracted successfully to /expanse/lustre/projects/csd940/zalibhai/biomodal/modality/outputs_CG/Results/gencode.vM25.mouse.genes.annotation/Extract_20260121_143712[39m
[38;5;23m2026-01-21 14:37:13[39m | [38;5;23mINFO[39m | No plots generated. Sample sheet / group provided but no plots requested.[39m
[38;5;23m2026-01-21 14:37:13[39m  Wrote provenance sidecar file to /expanse/lustre/projects/csd940/zalibhai/biomodal/modality/outputs_CG/Results/gencode.vM25.mouse.genes.annotation/Extract_20260121_143712/modality_metadata_20260121_143713.json[39m
[INFO] 2026-01-21 14:37:13 - Running feature extraction: mean total_c (plots generated automatically)...
Logged in using stored credentials
[38;5;23m2026-01-21 14:37:16[39m  [1m[38;5;123mProvenance information:[39m
[38;5;23m2026-01-21 14:37:16[39m  cmd='/home/zalibhai/miniforge3/envs/modality/bin/modality -v get mean --zarr-path /expanse/lustre/projects/csd940/zalibhai/biomodal/evoC-run/output/duet-1.5.0_evoC_Bap1_run_6bp/sample_outputs/zarr_store/CG/evoC_Bap1_run.genome.GRCm38_primary_assembly.dedup.CG.zarrz --sample-sheet /expanse/lustre/projects/csd940/zalibhai/biomodal/modality/metadata.tsv --bedfile /expanse/lustre/projects/csd940/zalibhai/biomodal/modality/mm10/gencode.vM25.mouse.genes.annotation.bed.gz --fields total_c --order-by-group condition --output-dir /expanse/lustre/projects/csd940/zalibhai/biomodal/modality/outputs_CG/Results/gencode.vM25.mouse.genes.annotation'
timestamp=2026-01-21T14:37:16.974927
version=1.0.0
user=zalibhai

[39m
[38;5;23m2026-01-21 14:37:16[39m  [1m[38;5;123mExtracting methylation features:[39m
[38;5;23m2026-01-21 14:37:16[39m  [38;5;248mZarr path(s)[39m: ['/expanse/lustre/projects/csd940/zalibhai/biomodal/evoC-run/output/duet-1.5.0_evoC_Bap1_run_6bp/sample_outputs/zarr_store/CG/evoC_Bap1_run.genome.GRCm38_primary_assembly.dedup.CG.zarrz'][39m
[38;5;23m2026-01-21 14:37:16[39m  [38;5;248mSample Sheet[39m: /expanse/lustre/projects/csd940/zalibhai/biomodal/modality/metadata.tsv[39m
[38;5;23m2026-01-21 14:37:16[39m  [38;5;248mBedfile[39m: /expanse/lustre/projects/csd940/zalibhai/biomodal/modality/mm10/gencode.vM25.mouse.genes.annotation.bed.gz[39m
[38;5;23m2026-01-21 14:37:16[39m  [38;5;248mFields[39m: ['num_total_c'][39m
[38;5;23m2026-01-21 14:37:16[39m  [38;5;248mOrder By Group[39m: condition[39m
[38;5;23m2026-01-21 14:37:16[39m  [38;5;248mOutput Dir[39m: /expanse/lustre/projects/csd940/zalibhai/biomodal/modality/outputs_CG/Results/gencode.vM25.mouse.genes.annotation[39m
[38;5;23m2026-01-21 14:37:16[39m  [38;5;248mMin Coverage[39m: 0[39m
[38;5;23m2026-01-21 14:37:16[39m  [38;5;248mNum Contexts[39m: 0[39m
[38;5;23m2026-01-21 14:37:16[39m  [38;5;248mDisable Strand Merging[39m: False[39m
[38;5;23m2026-01-21 14:37:16[39m  [38;5;248mWindow Size[39m: None[39m
[38;5;23m2026-01-21 14:37:16[39m  [38;5;248mTabix[39m: False[39m
[38;5;23m2026-01-21 14:37:16[39m  [38;5;248mRegion[39m: None[39m
[38;5;23m2026-01-21 14:37:16[39m  [38;5;248mAggregate By Group[39m: None[39m
[38;5;23m2026-01-21 14:37:16[39m  [38;5;248mCase Sensitive[39m: False[39m
[38;5;23m2026-01-21 14:37:16[39m  [38;5;248mHeatmap[39m: False[39m
[38;5;23m2026-01-21 14:37:16[39m | [38;5;23mINFO[39m | Sample sheet: /expanse/lustre/projects/csd940/zalibhai/biomodal/modality/metadata.tsv[39m
[38;5;23m2026-01-21 14:37:16[39m | [38;5;23mINFO[39m | Order samples by: condition, case-insensitive[39m
[38;5;23m2026-01-21 14:37:16[39m | [38;5;23mINFO[39m | Loading Zarr dataset...[39m
[38;5;23m2026-01-21 14:37:19[39m | [38;5;23mINFO[39m | Merging CpG strands before extraction...[39m
[38;5;23m2026-01-21 14:37:29[39m | [38;5;23mINFO[39m | Performing ['mean'] on variables ['num_total_c'] and min coverage 0.[39m
[38;5;23m2026-01-21 14:37:29[39m | [38;5;23mINFO[39m | ['num_total_c'][39m
[38;5;23m2026-01-21 14:37:29[39m | [38;5;23mINFO[39m | Adding Ranges_ID column to validate merging.[39m
[38;5;23m2026-01-21 14:37:35[39m | [38;5;23mINFO[39m | Summarized over 21673 regions.[39m
[38;5;23m2026-01-21 14:37:35[39m | [38;5;23mINFO[39m | Applying post-processor <lambda> to DataFrame.[39m
[38;5;23m2026-01-21 14:37:35[39m | [38;5;23mINFO[39m | Dataframe has 21673 rows, processing large dataset[39m
[38;5;23m2026-01-21 14:37:35[39m | [38;5;23mINFO[39m | Concatenating files without compression.[39m
[38;5;23m2026-01-21 14:37:35[39m | [38;5;23mINFO[39m | Exported total_c stats for mean to <modality.infrastructure.file_name_service.ExtractDataFileName object at 0x1554e470ff50>.[39m
[38;5;23m2026-01-21 14:37:35[39m | [38;5;23mINFO[39m | Results written to file[39m
[38;5;23m2026-01-21 14:37:35[39m  21673 regions extracted.[39m
[38;5;23m2026-01-21 14:37:35[39m  [1m[38;5;154mData extracted successfully to /expanse/lustre/projects/csd940/zalibhai/biomodal/modality/outputs_CG/Results/gencode.vM25.mouse.genes.annotation/Extract_20260121_143735[39m
[38;5;23m2026-01-21 14:37:35[39m  Generating plots: violin, correlation[39m
[38;5;23m2026-01-21 14:37:36[39m | [38;5;23mINFO[39m | Feature report saved to /expanse/lustre/projects/csd940/zalibhai/biomodal/modality/outputs_CG/Results/gencode.vM25.mouse.genes.annotation/Extract_20260121_143735/total_c_mean_extract_report_20260121_143735.html[39m
[38;5;23m2026-01-21 14:37:36[39m | [38;5;23mINFO[39m | JSON report saved to /expanse/lustre/projects/csd940/zalibhai/biomodal/modality/outputs_CG/Results/gencode.vM25.mouse.genes.annotation/Extract_20260121_143735/total_c_mean_extract_report_20260121_143735.json[39m
[38;5;23m2026-01-21 14:37:36[39m  [1m[38;5;154mFeature report with violin, correlation visualizations generated successfully at /expanse/lustre/projects/csd940/zalibhai/biomodal/modality/outputs_CG/Results/gencode.vM25.mouse.genes.annotation/Extract_20260121_143735/total_c_mean_extract_report_20260121_143735.html.[39m
[38;5;23m2026-01-21 14:37:36[39m  Wrote provenance sidecar file to /expanse/lustre/projects/csd940/zalibhai/biomodal/modality/outputs_CG/Results/gencode.vM25.mouse.genes.annotation/Extract_20260121_143735/modality_metadata_20260121_143736.json[39m
[INFO] 2026-01-21 14:37:36 - Running feature extraction: regional-frac for mc and hmc with minimum depth 10 (plots generated automatically)...
Logged in using stored credentials
[38;5;23m2026-01-21 14:37:39[39m  [1m[38;5;123mProvenance information:[39m
[38;5;23m2026-01-21 14:37:39[39m  cmd='/home/zalibhai/miniforge3/envs/modality/bin/modality -v get regional-frac --zarr-path /expanse/lustre/projects/csd940/zalibhai/biomodal/evoC-run/output/duet-1.5.0_evoC_Bap1_run_6bp/sample_outputs/zarr_store/CG/evoC_Bap1_run.genome.GRCm38_primary_assembly.dedup.CG.zarrz --sample-sheet /expanse/lustre/projects/csd940/zalibhai/biomodal/modality/metadata.tsv --bedfile /expanse/lustre/projects/csd940/zalibhai/biomodal/modality/mm10/gencode.vM25.mouse.genes.annotation.bed.gz --fields mc hmc --min-coverage 10 --order-by-group condition --output-dir /expanse/lustre/projects/csd940/zalibhai/biomodal/modality/outputs_CG/Results/gencode.vM25.mouse.genes.annotation'
timestamp=2026-01-21T14:37:39.965413
version=1.0.0
user=zalibhai

[39m
[38;5;23m2026-01-21 14:37:39[39m  [1m[38;5;123mExtracting methylation features:[39m
[38;5;23m2026-01-21 14:37:39[39m  [38;5;248mZarr path(s)[39m: ['/expanse/lustre/projects/csd940/zalibhai/biomodal/evoC-run/output/duet-1.5.0_evoC_Bap1_run_6bp/sample_outputs/zarr_store/CG/evoC_Bap1_run.genome.GRCm38_primary_assembly.dedup.CG.zarrz'][39m
[38;5;23m2026-01-21 14:37:39[39m  [38;5;248mSample Sheet[39m: /expanse/lustre/projects/csd940/zalibhai/biomodal/modality/metadata.tsv[39m
[38;5;23m2026-01-21 14:37:39[39m  [38;5;248mBedfile[39m: /expanse/lustre/projects/csd940/zalibhai/biomodal/modality/mm10/gencode.vM25.mouse.genes.annotation.bed.gz[39m
[38;5;23m2026-01-21 14:37:39[39m  [38;5;248mFields[39m: ['num_mc', 'num_hmc'][39m
[38;5;23m2026-01-21 14:37:39[39m  [38;5;248mMin Coverage[39m: 10[39m
[38;5;23m2026-01-21 14:37:39[39m  [38;5;248mOrder By Group[39m: condition[39m
[38;5;23m2026-01-21 14:37:39[39m  [38;5;248mOutput Dir[39m: /expanse/lustre/projects/csd940/zalibhai/biomodal/modality/outputs_CG/Results/gencode.vM25.mouse.genes.annotation[39m
[38;5;23m2026-01-21 14:37:39[39m  [38;5;248mNum Contexts[39m: 0[39m
[38;5;23m2026-01-21 14:37:39[39m  [38;5;248mDisable Strand Merging[39m: False[39m
[38;5;23m2026-01-21 14:37:39[39m  [38;5;248mWindow Size[39m: None[39m
[38;5;23m2026-01-21 14:37:39[39m  [38;5;248mTabix[39m: False[39m
[38;5;23m2026-01-21 14:37:39[39m  [38;5;248mRegion[39m: None[39m
[38;5;23m2026-01-21 14:37:39[39m  [38;5;248mAggregate By Group[39m: None[39m
[38;5;23m2026-01-21 14:37:39[39m  [38;5;248mCase Sensitive[39m: False[39m
[38;5;23m2026-01-21 14:37:39[39m  [38;5;248mHeatmap[39m: False[39m
[38;5;23m2026-01-21 14:37:39[39m | [38;5;23mINFO[39m | Sample sheet: /expanse/lustre/projects/csd940/zalibhai/biomodal/modality/metadata.tsv[39m
[38;5;23m2026-01-21 14:37:39[39m | [38;5;23mINFO[39m | Order samples by: condition, case-insensitive[39m
[38;5;23m2026-01-21 14:37:39[39m | [38;5;23mINFO[39m | Loading Zarr dataset...[39m
[38;5;23m2026-01-21 14:37:42[39m | [38;5;23mINFO[39m | Merging CpG strands before extraction...[39m
[38;5;23m2026-01-21 14:38:10[39m | [38;5;23mINFO[39m | Performing ['regional-frac'] on variables ['num_mc', 'num_hmc'] and min coverage 10.[39m
[38;5;23m2026-01-21 14:38:10[39m | [38;5;23mINFO[39m | ['num_mc', 'num_hmc', 'num_total_c'][39m
[38;5;23m2026-01-21 14:38:10[39m | [38;5;23mINFO[39m | Adding Ranges_ID column to validate merging.[39m
[38;5;23m2026-01-21 14:38:18[39m | [38;5;23mINFO[39m | Summarized over 21673 regions.[39m
[38;5;23m2026-01-21 14:38:18[39m | [38;5;23mINFO[39m | Applying post-processor <lambda> to DataFrame.[39m
[38;5;23m2026-01-21 14:38:18[39m | [38;5;23mINFO[39m | Dataframe has 21673 rows, processing large dataset[39m
[38;5;23m2026-01-21 14:38:19[39m | [38;5;23mINFO[39m | Concatenating files without compression.[39m
[38;5;23m2026-01-21 14:38:19[39m | [38;5;23mINFO[39m | Exported mc stats for regional-frac to <modality.infrastructure.file_name_service.ExtractDataFileName object at 0x1554e45cb490>.[39m
[38;5;23m2026-01-21 14:38:19[39m | [38;5;23mINFO[39m | Applying post-processor <lambda> to DataFrame.[39m
[38;5;23m2026-01-21 14:38:19[39m | [38;5;23mINFO[39m | Dataframe has 21673 rows, processing large dataset[39m
[38;5;23m2026-01-21 14:38:20[39m | [38;5;23mINFO[39m | Concatenating files without compression.[39m
[38;5;23m2026-01-21 14:38:20[39m | [38;5;23mINFO[39m | Exported hmc stats for regional-frac to <modality.infrastructure.file_name_service.ExtractDataFileName object at 0x1554bc67f850>.[39m
[38;5;23m2026-01-21 14:38:20[39m | [38;5;23mINFO[39m | Results written to file[39m
[38;5;23m2026-01-21 14:38:20[39m  21673 regions extracted.[39m
[38;5;23m2026-01-21 14:38:20[39m  [1m[38;5;154mData extracted successfully to /expanse/lustre/projects/csd940/zalibhai/biomodal/modality/outputs_CG/Results/gencode.vM25.mouse.genes.annotation/Extract_20260121_143818[39m
[38;5;23m2026-01-21 14:38:20[39m  Generating plots: correlation, violin[39m
[38;5;23m2026-01-21 14:38:20[39m | [38;5;23mINFO[39m | Feature report saved to /expanse/lustre/projects/csd940/zalibhai/biomodal/modality/outputs_CG/Results/gencode.vM25.mouse.genes.annotation/Extract_20260121_143818/hmc-mc_regional-frac_extract_report_20260121_143818.html[39m
[38;5;23m2026-01-21 14:38:20[39m | [38;5;23mINFO[39m | JSON report saved to /expanse/lustre/projects/csd940/zalibhai/biomodal/modality/outputs_CG/Results/gencode.vM25.mouse.genes.annotation/Extract_20260121_143818/hmc-mc_regional-frac_extract_report_20260121_143818.json[39m
[38;5;23m2026-01-21 14:38:20[39m  [1m[38;5;154mFeature report with correlation, violin visualizations generated successfully at /expanse/lustre/projects/csd940/zalibhai/biomodal/modality/outputs_CG/Results/gencode.vM25.mouse.genes.annotation/Extract_20260121_143818/hmc-mc_regional-frac_extract_report_20260121_143818.html.[39m
[38;5;23m2026-01-21 14:38:20[39m  Wrote provenance sidecar file to /expanse/lustre/projects/csd940/zalibhai/biomodal/modality/outputs_CG/Results/gencode.vM25.mouse.genes.annotation/Extract_20260121_143818/modality_metadata_20260121_143820.json[39m
[INFO] 2026-01-21 14:38:21 - Feature extraction completed for gencode.vM25.mouse.genes.annotation
[INFO] 2026-01-21 14:38:21 - Processing region file: /expanse/lustre/projects/csd940/zalibhai/biomodal/modality/mm10/gencode.vM25.mouse.promoters.annotation.bed.gz
[INFO] 2026-01-21 14:38:21 - Running feature extraction: count total_c...
Logged in using stored credentials
[38;5;23m2026-01-21 14:38:25[39m  [1m[38;5;123mProvenance information:[39m
[38;5;23m2026-01-21 14:38:25[39m  cmd='/home/zalibhai/miniforge3/envs/modality/bin/modality -v get count --zarr-path /expanse/lustre/projects/csd940/zalibhai/biomodal/evoC-run/output/duet-1.5.0_evoC_Bap1_run_6bp/sample_outputs/zarr_store/CG/evoC_Bap1_run.genome.GRCm38_primary_assembly.dedup.CG.zarrz --sample-sheet /expanse/lustre/projects/csd940/zalibhai/biomodal/modality/metadata.tsv --bedfile /expanse/lustre/projects/csd940/zalibhai/biomodal/modality/mm10/gencode.vM25.mouse.promoters.annotation.bed.gz --fields total_c --output-dir /expanse/lustre/projects/csd940/zalibhai/biomodal/modality/outputs_CG/Results/gencode.vM25.mouse.promoters.annotation'
timestamp=2026-01-21T14:38:25.366262
version=1.0.0
user=zalibhai

[39m
[38;5;23m2026-01-21 14:38:25[39m  [1m[38;5;123mExtracting methylation features:[39m
[38;5;23m2026-01-21 14:38:25[39m  [38;5;248mZarr path(s)[39m: ['/expanse/lustre/projects/csd940/zalibhai/biomodal/evoC-run/output/duet-1.5.0_evoC_Bap1_run_6bp/sample_outputs/zarr_store/CG/evoC_Bap1_run.genome.GRCm38_primary_assembly.dedup.CG.zarrz'][39m
[38;5;23m2026-01-21 14:38:25[39m  [38;5;248mSample Sheet[39m: /expanse/lustre/projects/csd940/zalibhai/biomodal/modality/metadata.tsv[39m
[38;5;23m2026-01-21 14:38:25[39m  [38;5;248mBedfile[39m: /expanse/lustre/projects/csd940/zalibhai/biomodal/modality/mm10/gencode.vM25.mouse.promoters.annotation.bed.gz[39m
[38;5;23m2026-01-21 14:38:25[39m  [38;5;248mFields[39m: ['num_total_c'][39m
[38;5;23m2026-01-21 14:38:25[39m  [38;5;248mOutput Dir[39m: /expanse/lustre/projects/csd940/zalibhai/biomodal/modality/outputs_CG/Results/gencode.vM25.mouse.promoters.annotation[39m
[38;5;23m2026-01-21 14:38:25[39m  [38;5;248mMin Coverage[39m: 0[39m
[38;5;23m2026-01-21 14:38:25[39m  [38;5;248mNum Contexts[39m: 0[39m
[38;5;23m2026-01-21 14:38:25[39m  [38;5;248mDisable Strand Merging[39m: False[39m
[38;5;23m2026-01-21 14:38:25[39m  [38;5;248mWindow Size[39m: None[39m
[38;5;23m2026-01-21 14:38:25[39m  [38;5;248mTabix[39m: False[39m
[38;5;23m2026-01-21 14:38:25[39m  [38;5;248mRegion[39m: None[39m
[38;5;23m2026-01-21 14:38:25[39m | [38;5;23mINFO[39m | Loading Zarr dataset...[39m
[38;5;23m2026-01-21 14:38:28[39m | [38;5;23mINFO[39m | Merging CpG strands before extraction...[39m
[38;5;23m2026-01-21 14:38:38[39m | [38;5;23mINFO[39m | Performing ['count'] on variables ['num_total_c'] and min coverage 0.[39m
[38;5;23m2026-01-21 14:38:38[39m | [38;5;23mINFO[39m | ['num_total_c'][39m
[38;5;23m2026-01-21 14:38:38[39m | [38;5;23mINFO[39m | Adding Ranges_ID column to validate merging.[39m
[38;5;23m2026-01-21 14:38:43[39m | [38;5;23mINFO[39m | Summarized over 21673 regions.[39m
[38;5;23m2026-01-21 14:38:43[39m | [38;5;23mINFO[39m | Applying post-processor <lambda> to DataFrame.[39m
[38;5;23m2026-01-21 14:38:43[39m | [38;5;23mINFO[39m | Dataframe has 21703 rows, processing large dataset[39m
[38;5;23m2026-01-21 14:38:44[39m | [38;5;23mINFO[39m | Concatenating files without compression.[39m
[38;5;23m2026-01-21 14:38:44[39m | [38;5;23mINFO[39m | Exported total_c stats for count to <modality.infrastructure.file_name_service.ExtractDataFileName object at 0x1554e434cbd0>.[39m
[38;5;23m2026-01-21 14:38:44[39m | [38;5;23mINFO[39m | Results written to file[39m
[38;5;23m2026-01-21 14:38:44[39m  21673 regions extracted.[39m
[38;5;23m2026-01-21 14:38:44[39m  [1m[38;5;154mData extracted successfully to /expanse/lustre/projects/csd940/zalibhai/biomodal/modality/outputs_CG/Results/gencode.vM25.mouse.promoters.annotation/Extract_20260121_143843[39m
[38;5;23m2026-01-21 14:38:44[39m | [38;5;23mINFO[39m | No plots generated. Sample sheet / group provided but no plots requested.[39m
[38;5;23m2026-01-21 14:38:44[39m  Wrote provenance sidecar file to /expanse/lustre/projects/csd940/zalibhai/biomodal/modality/outputs_CG/Results/gencode.vM25.mouse.promoters.annotation/Extract_20260121_143843/modality_metadata_20260121_143844.json[39m
[INFO] 2026-01-21 14:38:44 - Running feature extraction: mean total_c (plots generated automatically)...
Logged in using stored credentials
[38;5;23m2026-01-21 14:38:47[39m  [1m[38;5;123mProvenance information:[39m
[38;5;23m2026-01-21 14:38:47[39m  cmd='/home/zalibhai/miniforge3/envs/modality/bin/modality -v get mean --zarr-path /expanse/lustre/projects/csd940/zalibhai/biomodal/evoC-run/output/duet-1.5.0_evoC_Bap1_run_6bp/sample_outputs/zarr_store/CG/evoC_Bap1_run.genome.GRCm38_primary_assembly.dedup.CG.zarrz --sample-sheet /expanse/lustre/projects/csd940/zalibhai/biomodal/modality/metadata.tsv --bedfile /expanse/lustre/projects/csd940/zalibhai/biomodal/modality/mm10/gencode.vM25.mouse.promoters.annotation.bed.gz --fields total_c --order-by-group condition --output-dir /expanse/lustre/projects/csd940/zalibhai/biomodal/modality/outputs_CG/Results/gencode.vM25.mouse.promoters.annotation'
timestamp=2026-01-21T14:38:47.859956
version=1.0.0
user=zalibhai

[39m
[38;5;23m2026-01-21 14:38:47[39m  [1m[38;5;123mExtracting methylation features:[39m
[38;5;23m2026-01-21 14:38:47[39m  [38;5;248mZarr path(s)[39m: ['/expanse/lustre/projects/csd940/zalibhai/biomodal/evoC-run/output/duet-1.5.0_evoC_Bap1_run_6bp/sample_outputs/zarr_store/CG/evoC_Bap1_run.genome.GRCm38_primary_assembly.dedup.CG.zarrz'][39m
[38;5;23m2026-01-21 14:38:47[39m  [38;5;248mSample Sheet[39m: /expanse/lustre/projects/csd940/zalibhai/biomodal/modality/metadata.tsv[39m
[38;5;23m2026-01-21 14:38:47[39m  [38;5;248mBedfile[39m: /expanse/lustre/projects/csd940/zalibhai/biomodal/modality/mm10/gencode.vM25.mouse.promoters.annotation.bed.gz[39m
[38;5;23m2026-01-21 14:38:47[39m  [38;5;248mFields[39m: ['num_total_c'][39m
[38;5;23m2026-01-21 14:38:47[39m  [38;5;248mOrder By Group[39m: condition[39m
[38;5;23m2026-01-21 14:38:47[39m  [38;5;248mOutput Dir[39m: /expanse/lustre/projects/csd940/zalibhai/biomodal/modality/outputs_CG/Results/gencode.vM25.mouse.promoters.annotation[39m
[38;5;23m2026-01-21 14:38:47[39m  [38;5;248mMin Coverage[39m: 0[39m
[38;5;23m2026-01-21 14:38:47[39m  [38;5;248mNum Contexts[39m: 0[39m
[38;5;23m2026-01-21 14:38:47[39m  [38;5;248mDisable Strand Merging[39m: False[39m
[38;5;23m2026-01-21 14:38:47[39m  [38;5;248mWindow Size[39m: None[39m
[38;5;23m2026-01-21 14:38:47[39m  [38;5;248mTabix[39m: False[39m
[38;5;23m2026-01-21 14:38:47[39m  [38;5;248mRegion[39m: None[39m
[38;5;23m2026-01-21 14:38:47[39m  [38;5;248mAggregate By Group[39m: None[39m
[38;5;23m2026-01-21 14:38:47[39m  [38;5;248mCase Sensitive[39m: False[39m
[38;5;23m2026-01-21 14:38:47[39m  [38;5;248mHeatmap[39m: False[39m
[38;5;23m2026-01-21 14:38:47[39m | [38;5;23mINFO[39m | Sample sheet: /expanse/lustre/projects/csd940/zalibhai/biomodal/modality/metadata.tsv[39m
[38;5;23m2026-01-21 14:38:47[39m | [38;5;23mINFO[39m | Order samples by: condition, case-insensitive[39m
[38;5;23m2026-01-21 14:38:47[39m | [38;5;23mINFO[39m | Loading Zarr dataset...[39m
[38;5;23m2026-01-21 14:38:50[39m | [38;5;23mINFO[39m | Merging CpG strands before extraction...[39m
[38;5;23m2026-01-21 14:39:00[39m | [38;5;23mINFO[39m | Performing ['mean'] on variables ['num_total_c'] and min coverage 0.[39m
[38;5;23m2026-01-21 14:39:00[39m | [38;5;23mINFO[39m | ['num_total_c'][39m
[38;5;23m2026-01-21 14:39:00[39m | [38;5;23mINFO[39m | Adding Ranges_ID column to validate merging.[39m
[38;5;23m2026-01-21 14:39:06[39m | [38;5;23mINFO[39m | Summarized over 21673 regions.[39m
[38;5;23m2026-01-21 14:39:06[39m | [38;5;23mINFO[39m | Applying post-processor <lambda> to DataFrame.[39m
[38;5;23m2026-01-21 14:39:06[39m | [38;5;23mINFO[39m | Dataframe has 21703 rows, processing large dataset[39m
[38;5;23m2026-01-21 14:39:06[39m | [38;5;23mINFO[39m | Concatenating files without compression.[39m
[38;5;23m2026-01-21 14:39:06[39m | [38;5;23mINFO[39m | Exported total_c stats for mean to <modality.infrastructure.file_name_service.ExtractDataFileName object at 0x1554e45aef10>.[39m
[38;5;23m2026-01-21 14:39:06[39m | [38;5;23mINFO[39m | Results written to file[39m
[38;5;23m2026-01-21 14:39:06[39m  21673 regions extracted.[39m
[38;5;23m2026-01-21 14:39:06[39m  [1m[38;5;154mData extracted successfully to /expanse/lustre/projects/csd940/zalibhai/biomodal/modality/outputs_CG/Results/gencode.vM25.mouse.promoters.annotation/Extract_20260121_143906[39m
[38;5;23m2026-01-21 14:39:06[39m  Generating plots: violin, correlation[39m
[38;5;23m2026-01-21 14:39:07[39m | [38;5;23mINFO[39m | Feature report saved to /expanse/lustre/projects/csd940/zalibhai/biomodal/modality/outputs_CG/Results/gencode.vM25.mouse.promoters.annotation/Extract_20260121_143906/total_c_mean_extract_report_20260121_143906.html[39m
[38;5;23m2026-01-21 14:39:07[39m | [38;5;23mINFO[39m | JSON report saved to /expanse/lustre/projects/csd940/zalibhai/biomodal/modality/outputs_CG/Results/gencode.vM25.mouse.promoters.annotation/Extract_20260121_143906/total_c_mean_extract_report_20260121_143906.json[39m
[38;5;23m2026-01-21 14:39:07[39m  [1m[38;5;154mFeature report with violin, correlation visualizations generated successfully at /expanse/lustre/projects/csd940/zalibhai/biomodal/modality/outputs_CG/Results/gencode.vM25.mouse.promoters.annotation/Extract_20260121_143906/total_c_mean_extract_report_20260121_143906.html.[39m
[38;5;23m2026-01-21 14:39:07[39m  Wrote provenance sidecar file to /expanse/lustre/projects/csd940/zalibhai/biomodal/modality/outputs_CG/Results/gencode.vM25.mouse.promoters.annotation/Extract_20260121_143906/modality_metadata_20260121_143907.json[39m
[INFO] 2026-01-21 14:39:07 - Running feature extraction: regional-frac for mc and hmc with minimum depth 10 (plots generated automatically)...
Logged in using stored credentials
[38;5;23m2026-01-21 14:39:11[39m  [1m[38;5;123mProvenance information:[39m
[38;5;23m2026-01-21 14:39:11[39m  cmd='/home/zalibhai/miniforge3/envs/modality/bin/modality -v get regional-frac --zarr-path /expanse/lustre/projects/csd940/zalibhai/biomodal/evoC-run/output/duet-1.5.0_evoC_Bap1_run_6bp/sample_outputs/zarr_store/CG/evoC_Bap1_run.genome.GRCm38_primary_assembly.dedup.CG.zarrz --sample-sheet /expanse/lustre/projects/csd940/zalibhai/biomodal/modality/metadata.tsv --bedfile /expanse/lustre/projects/csd940/zalibhai/biomodal/modality/mm10/gencode.vM25.mouse.promoters.annotation.bed.gz --fields mc hmc --min-coverage 10 --order-by-group condition --output-dir /expanse/lustre/projects/csd940/zalibhai/biomodal/modality/outputs_CG/Results/gencode.vM25.mouse.promoters.annotation'
timestamp=2026-01-21T14:39:10.996531
version=1.0.0
user=zalibhai

[39m
[38;5;23m2026-01-21 14:39:11[39m  [1m[38;5;123mExtracting methylation features:[39m
[38;5;23m2026-01-21 14:39:11[39m  [38;5;248mZarr path(s)[39m: ['/expanse/lustre/projects/csd940/zalibhai/biomodal/evoC-run/output/duet-1.5.0_evoC_Bap1_run_6bp/sample_outputs/zarr_store/CG/evoC_Bap1_run.genome.GRCm38_primary_assembly.dedup.CG.zarrz'][39m
[38;5;23m2026-01-21 14:39:11[39m  [38;5;248mSample Sheet[39m: /expanse/lustre/projects/csd940/zalibhai/biomodal/modality/metadata.tsv[39m
[38;5;23m2026-01-21 14:39:11[39m  [38;5;248mBedfile[39m: /expanse/lustre/projects/csd940/zalibhai/biomodal/modality/mm10/gencode.vM25.mouse.promoters.annotation.bed.gz[39m
[38;5;23m2026-01-21 14:39:11[39m  [38;5;248mFields[39m: ['num_mc', 'num_hmc'][39m
[38;5;23m2026-01-21 14:39:11[39m  [38;5;248mMin Coverage[39m: 10[39m
[38;5;23m2026-01-21 14:39:11[39m  [38;5;248mOrder By Group[39m: condition[39m
[38;5;23m2026-01-21 14:39:11[39m  [38;5;248mOutput Dir[39m: /expanse/lustre/projects/csd940/zalibhai/biomodal/modality/outputs_CG/Results/gencode.vM25.mouse.promoters.annotation[39m
[38;5;23m2026-01-21 14:39:11[39m  [38;5;248mNum Contexts[39m: 0[39m
[38;5;23m2026-01-21 14:39:11[39m  [38;5;248mDisable Strand Merging[39m: False[39m
[38;5;23m2026-01-21 14:39:11[39m  [38;5;248mWindow Size[39m: None[39m
[38;5;23m2026-01-21 14:39:11[39m  [38;5;248mTabix[39m: False[39m
[38;5;23m2026-01-21 14:39:11[39m  [38;5;248mRegion[39m: None[39m
[38;5;23m2026-01-21 14:39:11[39m  [38;5;248mAggregate By Group[39m: None[39m
[38;5;23m2026-01-21 14:39:11[39m  [38;5;248mCase Sensitive[39m: False[39m
[38;5;23m2026-01-21 14:39:11[39m  [38;5;248mHeatmap[39m: False[39m
[38;5;23m2026-01-21 14:39:11[39m | [38;5;23mINFO[39m | Sample sheet: /expanse/lustre/projects/csd940/zalibhai/biomodal/modality/metadata.tsv[39m
[38;5;23m2026-01-21 14:39:11[39m | [38;5;23mINFO[39m | Order samples by: condition, case-insensitive[39m
[38;5;23m2026-01-21 14:39:11[39m | [38;5;23mINFO[39m | Loading Zarr dataset...[39m
[38;5;23m2026-01-21 14:39:13[39m | [38;5;23mINFO[39m | Merging CpG strands before extraction...[39m
[38;5;23m2026-01-21 14:39:40[39m | [38;5;23mINFO[39m | Performing ['regional-frac'] on variables ['num_mc', 'num_hmc'] and min coverage 10.[39m
[38;5;23m2026-01-21 14:39:40[39m | [38;5;23mINFO[39m | ['num_mc', 'num_hmc', 'num_total_c'][39m
[38;5;23m2026-01-21 14:39:40[39m | [38;5;23mINFO[39m | Adding Ranges_ID column to validate merging.[39m
[38;5;23m2026-01-21 14:39:48[39m | [38;5;23mINFO[39m | Summarized over 21673 regions.[39m
[38;5;23m2026-01-21 14:39:49[39m | [38;5;23mINFO[39m | Applying post-processor <lambda> to DataFrame.[39m
[38;5;23m2026-01-21 14:39:49[39m | [38;5;23mINFO[39m | Dataframe has 21703 rows, processing large dataset[39m
[38;5;23m2026-01-21 14:39:49[39m | [38;5;23mINFO[39m | Concatenating files without compression.[39m
[38;5;23m2026-01-21 14:39:49[39m | [38;5;23mINFO[39m | Exported mc stats for regional-frac to <modality.infrastructure.file_name_service.ExtractDataFileName object at 0x1554dd885a90>.[39m
[38;5;23m2026-01-21 14:39:49[39m | [38;5;23mINFO[39m | Applying post-processor <lambda> to DataFrame.[39m
[38;5;23m2026-01-21 14:39:49[39m | [38;5;23mINFO[39m | Dataframe has 21703 rows, processing large dataset[39m
[38;5;23m2026-01-21 14:39:50[39m | [38;5;23mINFO[39m | Concatenating files without compression.[39m
[38;5;23m2026-01-21 14:39:50[39m | [38;5;23mINFO[39m | Exported hmc stats for regional-frac to <modality.infrastructure.file_name_service.ExtractDataFileName object at 0x1554cc4d3b10>.[39m
[38;5;23m2026-01-21 14:39:50[39m | [38;5;23mINFO[39m | Results written to file[39m
[38;5;23m2026-01-21 14:39:50[39m  21673 regions extracted.[39m
[38;5;23m2026-01-21 14:39:50[39m  [1m[38;5;154mData extracted successfully to /expanse/lustre/projects/csd940/zalibhai/biomodal/modality/outputs_CG/Results/gencode.vM25.mouse.promoters.annotation/Extract_20260121_143949[39m
[38;5;23m2026-01-21 14:39:50[39m  Generating plots: violin, correlation[39m
[38;5;23m2026-01-21 14:39:50[39m | [38;5;23mINFO[39m | Feature report saved to /expanse/lustre/projects/csd940/zalibhai/biomodal/modality/outputs_CG/Results/gencode.vM25.mouse.promoters.annotation/Extract_20260121_143949/hmc-mc_regional-frac_extract_report_20260121_143949.html[39m
[38;5;23m2026-01-21 14:39:50[39m | [38;5;23mINFO[39m | JSON report saved to /expanse/lustre/projects/csd940/zalibhai/biomodal/modality/outputs_CG/Results/gencode.vM25.mouse.promoters.annotation/Extract_20260121_143949/hmc-mc_regional-frac_extract_report_20260121_143949.json[39m
[38;5;23m2026-01-21 14:39:50[39m  [1m[38;5;154mFeature report with violin, correlation visualizations generated successfully at /expanse/lustre/projects/csd940/zalibhai/biomodal/modality/outputs_CG/Results/gencode.vM25.mouse.promoters.annotation/Extract_20260121_143949/hmc-mc_regional-frac_extract_report_20260121_143949.html.[39m
[38;5;23m2026-01-21 14:39:50[39m  Wrote provenance sidecar file to /expanse/lustre/projects/csd940/zalibhai/biomodal/modality/outputs_CG/Results/gencode.vM25.mouse.promoters.annotation/Extract_20260121_143949/modality_metadata_20260121_143950.json[39m
[INFO] 2026-01-21 14:39:51 - Feature extraction completed for gencode.vM25.mouse.promoters.annotation
[INFO] 2026-01-21 14:39:51 - Processing region file: /expanse/lustre/projects/csd940/zalibhai/biomodal/modality/mm10/gencode.vM25.mouse.tss_region.annotation.bed.gz
[INFO] 2026-01-21 14:39:51 - Running feature extraction: count total_c...
Logged in using stored credentials
[38;5;23m2026-01-21 14:39:55[39m  [1m[38;5;123mProvenance information:[39m
[38;5;23m2026-01-21 14:39:55[39m  cmd='/home/zalibhai/miniforge3/envs/modality/bin/modality -v get count --zarr-path /expanse/lustre/projects/csd940/zalibhai/biomodal/evoC-run/output/duet-1.5.0_evoC_Bap1_run_6bp/sample_outputs/zarr_store/CG/evoC_Bap1_run.genome.GRCm38_primary_assembly.dedup.CG.zarrz --sample-sheet /expanse/lustre/projects/csd940/zalibhai/biomodal/modality/metadata.tsv --bedfile /expanse/lustre/projects/csd940/zalibhai/biomodal/modality/mm10/gencode.vM25.mouse.tss_region.annotation.bed.gz --fields total_c --output-dir /expanse/lustre/projects/csd940/zalibhai/biomodal/modality/outputs_CG/Results/gencode.vM25.mouse.tss_region.annotation'
timestamp=2026-01-21T14:39:55.525775
version=1.0.0
user=zalibhai

[39m
[38;5;23m2026-01-21 14:39:55[39m  [1m[38;5;123mExtracting methylation features:[39m
[38;5;23m2026-01-21 14:39:55[39m  [38;5;248mZarr path(s)[39m: ['/expanse/lustre/projects/csd940/zalibhai/biomodal/evoC-run/output/duet-1.5.0_evoC_Bap1_run_6bp/sample_outputs/zarr_store/CG/evoC_Bap1_run.genome.GRCm38_primary_assembly.dedup.CG.zarrz'][39m
[38;5;23m2026-01-21 14:39:55[39m  [38;5;248mSample Sheet[39m: /expanse/lustre/projects/csd940/zalibhai/biomodal/modality/metadata.tsv[39m
[38;5;23m2026-01-21 14:39:55[39m  [38;5;248mBedfile[39m: /expanse/lustre/projects/csd940/zalibhai/biomodal/modality/mm10/gencode.vM25.mouse.tss_region.annotation.bed.gz[39m
[38;5;23m2026-01-21 14:39:55[39m  [38;5;248mFields[39m: ['num_total_c'][39m
[38;5;23m2026-01-21 14:39:55[39m  [38;5;248mOutput Dir[39m: /expanse/lustre/projects/csd940/zalibhai/biomodal/modality/outputs_CG/Results/gencode.vM25.mouse.tss_region.annotation[39m
[38;5;23m2026-01-21 14:39:55[39m  [38;5;248mMin Coverage[39m: 0[39m
[38;5;23m2026-01-21 14:39:55[39m  [38;5;248mNum Contexts[39m: 0[39m
[38;5;23m2026-01-21 14:39:55[39m  [38;5;248mDisable Strand Merging[39m: False[39m
[38;5;23m2026-01-21 14:39:55[39m  [38;5;248mWindow Size[39m: None[39m
[38;5;23m2026-01-21 14:39:55[39m  [38;5;248mTabix[39m: False[39m
[38;5;23m2026-01-21 14:39:55[39m  [38;5;248mRegion[39m: None[39m
[38;5;23m2026-01-21 14:39:55[39m | [38;5;23mINFO[39m | Loading Zarr dataset...[39m
[38;5;23m2026-01-21 14:39:58[39m | [38;5;23mINFO[39m | Merging CpG strands before extraction...[39m
[38;5;23m2026-01-21 14:40:08[39m | [38;5;23mINFO[39m | Performing ['count'] on variables ['num_total_c'] and min coverage 0.[39m
[38;5;23m2026-01-21 14:40:08[39m | [38;5;23mINFO[39m | ['num_total_c'][39m
[38;5;23m2026-01-21 14:40:08[39m | [38;5;23mINFO[39m | Adding Ranges_ID column to validate merging.[39m
[38;5;23m2026-01-21 14:40:13[39m | [38;5;23mINFO[39m | Summarized over 21673 regions.[39m
[38;5;23m2026-01-21 14:40:14[39m | [38;5;23mINFO[39m | Applying post-processor <lambda> to DataFrame.[39m
[38;5;23m2026-01-21 14:40:14[39m | [38;5;23mINFO[39m | Dataframe has 21705 rows, processing large dataset[39m
[38;5;23m2026-01-21 14:40:14[39m | [38;5;23mINFO[39m | Concatenating files without compression.[39m
[38;5;23m2026-01-21 14:40:14[39m | [38;5;23mINFO[39m | Exported total_c stats for count to <modality.infrastructure.file_name_service.ExtractDataFileName object at 0x1554e4424090>.[39m
[38;5;23m2026-01-21 14:40:14[39m | [38;5;23mINFO[39m | Results written to file[39m
[38;5;23m2026-01-21 14:40:14[39m  21673 regions extracted.[39m
[38;5;23m2026-01-21 14:40:14[39m  [1m[38;5;154mData extracted successfully to /expanse/lustre/projects/csd940/zalibhai/biomodal/modality/outputs_CG/Results/gencode.vM25.mouse.tss_region.annotation/Extract_20260121_144014[39m
[38;5;23m2026-01-21 14:40:14[39m | [38;5;23mINFO[39m | No plots generated. Sample sheet / group provided but no plots requested.[39m
[38;5;23m2026-01-21 14:40:14[39m  Wrote provenance sidecar file to /expanse/lustre/projects/csd940/zalibhai/biomodal/modality/outputs_CG/Results/gencode.vM25.mouse.tss_region.annotation/Extract_20260121_144014/modality_metadata_20260121_144014.json[39m
[INFO] 2026-01-21 14:40:15 - Running feature extraction: mean total_c (plots generated automatically)...
Logged in using stored credentials
[38;5;23m2026-01-21 14:40:18[39m  [1m[38;5;123mProvenance information:[39m
[38;5;23m2026-01-21 14:40:18[39m  cmd='/home/zalibhai/miniforge3/envs/modality/bin/modality -v get mean --zarr-path /expanse/lustre/projects/csd940/zalibhai/biomodal/evoC-run/output/duet-1.5.0_evoC_Bap1_run_6bp/sample_outputs/zarr_store/CG/evoC_Bap1_run.genome.GRCm38_primary_assembly.dedup.CG.zarrz --sample-sheet /expanse/lustre/projects/csd940/zalibhai/biomodal/modality/metadata.tsv --bedfile /expanse/lustre/projects/csd940/zalibhai/biomodal/modality/mm10/gencode.vM25.mouse.tss_region.annotation.bed.gz --fields total_c --order-by-group condition --output-dir /expanse/lustre/projects/csd940/zalibhai/biomodal/modality/outputs_CG/Results/gencode.vM25.mouse.tss_region.annotation'
timestamp=2026-01-21T14:40:18.147767
version=1.0.0
user=zalibhai

[39m
[38;5;23m2026-01-21 14:40:18[39m  [1m[38;5;123mExtracting methylation features:[39m
[38;5;23m2026-01-21 14:40:18[39m  [38;5;248mZarr path(s)[39m: ['/expanse/lustre/projects/csd940/zalibhai/biomodal/evoC-run/output/duet-1.5.0_evoC_Bap1_run_6bp/sample_outputs/zarr_store/CG/evoC_Bap1_run.genome.GRCm38_primary_assembly.dedup.CG.zarrz'][39m
[38;5;23m2026-01-21 14:40:18[39m  [38;5;248mSample Sheet[39m: /expanse/lustre/projects/csd940/zalibhai/biomodal/modality/metadata.tsv[39m
[38;5;23m2026-01-21 14:40:18[39m  [38;5;248mBedfile[39m: /expanse/lustre/projects/csd940/zalibhai/biomodal/modality/mm10/gencode.vM25.mouse.tss_region.annotation.bed.gz[39m
[38;5;23m2026-01-21 14:40:18[39m  [38;5;248mFields[39m: ['num_total_c'][39m
[38;5;23m2026-01-21 14:40:18[39m  [38;5;248mOrder By Group[39m: condition[39m
[38;5;23m2026-01-21 14:40:18[39m  [38;5;248mOutput Dir[39m: /expanse/lustre/projects/csd940/zalibhai/biomodal/modality/outputs_CG/Results/gencode.vM25.mouse.tss_region.annotation[39m
[38;5;23m2026-01-21 14:40:18[39m  [38;5;248mMin Coverage[39m: 0[39m
[38;5;23m2026-01-21 14:40:18[39m  [38;5;248mNum Contexts[39m: 0[39m
[38;5;23m2026-01-21 14:40:18[39m  [38;5;248mDisable Strand Merging[39m: False[39m
[38;5;23m2026-01-21 14:40:18[39m  [38;5;248mWindow Size[39m: None[39m
[38;5;23m2026-01-21 14:40:18[39m  [38;5;248mTabix[39m: False[39m
[38;5;23m2026-01-21 14:40:18[39m  [38;5;248mRegion[39m: None[39m
[38;5;23m2026-01-21 14:40:18[39m  [38;5;248mAggregate By Group[39m: None[39m
[38;5;23m2026-01-21 14:40:18[39m  [38;5;248mCase Sensitive[39m: False[39m
[38;5;23m2026-01-21 14:40:18[39m  [38;5;248mHeatmap[39m: False[39m
[38;5;23m2026-01-21 14:40:18[39m | [38;5;23mINFO[39m | Sample sheet: /expanse/lustre/projects/csd940/zalibhai/biomodal/modality/metadata.tsv[39m
[38;5;23m2026-01-21 14:40:18[39m | [38;5;23mINFO[39m | Order samples by: condition, case-insensitive[39m
[38;5;23m2026-01-21 14:40:18[39m | [38;5;23mINFO[39m | Loading Zarr dataset...[39m
[38;5;23m2026-01-21 14:40:20[39m | [38;5;23mINFO[39m | Merging CpG strands before extraction...[39m
[38;5;23m2026-01-21 14:40:31[39m | [38;5;23mINFO[39m | Performing ['mean'] on variables ['num_total_c'] and min coverage 0.[39m
[38;5;23m2026-01-21 14:40:31[39m | [38;5;23mINFO[39m | ['num_total_c'][39m
[38;5;23m2026-01-21 14:40:31[39m | [38;5;23mINFO[39m | Adding Ranges_ID column to validate merging.[39m
[38;5;23m2026-01-21 14:40:36[39m | [38;5;23mINFO[39m | Summarized over 21673 regions.[39m
[38;5;23m2026-01-21 14:40:36[39m | [38;5;23mINFO[39m | Applying post-processor <lambda> to DataFrame.[39m
[38;5;23m2026-01-21 14:40:36[39m | [38;5;23mINFO[39m | Dataframe has 21705 rows, processing large dataset[39m
[38;5;23m2026-01-21 14:40:36[39m | [38;5;23mINFO[39m | Concatenating files without compression.[39m
[38;5;23m2026-01-21 14:40:36[39m | [38;5;23mINFO[39m | Exported total_c stats for mean to <modality.infrastructure.file_name_service.ExtractDataFileName object at 0x1554e68cead0>.[39m
[38;5;23m2026-01-21 14:40:36[39m | [38;5;23mINFO[39m | Results written to file[39m
[38;5;23m2026-01-21 14:40:36[39m  21673 regions extracted.[39m
[38;5;23m2026-01-21 14:40:36[39m  [1m[38;5;154mData extracted successfully to /expanse/lustre/projects/csd940/zalibhai/biomodal/modality/outputs_CG/Results/gencode.vM25.mouse.tss_region.annotation/Extract_20260121_144036[39m
[38;5;23m2026-01-21 14:40:36[39m  Generating plots: violin, correlation[39m
[38;5;23m2026-01-21 14:40:37[39m | [38;5;23mINFO[39m | Feature report saved to /expanse/lustre/projects/csd940/zalibhai/biomodal/modality/outputs_CG/Results/gencode.vM25.mouse.tss_region.annotation/Extract_20260121_144036/total_c_mean_extract_report_20260121_144036.html[39m
[38;5;23m2026-01-21 14:40:37[39m | [38;5;23mINFO[39m | JSON report saved to /expanse/lustre/projects/csd940/zalibhai/biomodal/modality/outputs_CG/Results/gencode.vM25.mouse.tss_region.annotation/Extract_20260121_144036/total_c_mean_extract_report_20260121_144036.json[39m
[38;5;23m2026-01-21 14:40:37[39m  [1m[38;5;154mFeature report with violin, correlation visualizations generated successfully at /expanse/lustre/projects/csd940/zalibhai/biomodal/modality/outputs_CG/Results/gencode.vM25.mouse.tss_region.annotation/Extract_20260121_144036/total_c_mean_extract_report_20260121_144036.html.[39m
[38;5;23m2026-01-21 14:40:37[39m  Wrote provenance sidecar file to /expanse/lustre/projects/csd940/zalibhai/biomodal/modality/outputs_CG/Results/gencode.vM25.mouse.tss_region.annotation/Extract_20260121_144036/modality_metadata_20260121_144037.json[39m
[INFO] 2026-01-21 14:40:37 - Running feature extraction: regional-frac for mc and hmc with minimum depth 10 (plots generated automatically)...
Logged in using stored credentials
[38;5;23m2026-01-21 14:40:40[39m  [1m[38;5;123mProvenance information:[39m
[38;5;23m2026-01-21 14:40:40[39m  cmd='/home/zalibhai/miniforge3/envs/modality/bin/modality -v get regional-frac --zarr-path /expanse/lustre/projects/csd940/zalibhai/biomodal/evoC-run/output/duet-1.5.0_evoC_Bap1_run_6bp/sample_outputs/zarr_store/CG/evoC_Bap1_run.genome.GRCm38_primary_assembly.dedup.CG.zarrz --sample-sheet /expanse/lustre/projects/csd940/zalibhai/biomodal/modality/metadata.tsv --bedfile /expanse/lustre/projects/csd940/zalibhai/biomodal/modality/mm10/gencode.vM25.mouse.tss_region.annotation.bed.gz --fields mc hmc --min-coverage 10 --order-by-group condition --output-dir /expanse/lustre/projects/csd940/zalibhai/biomodal/modality/outputs_CG/Results/gencode.vM25.mouse.tss_region.annotation'
timestamp=2026-01-21T14:40:40.952322
version=1.0.0
user=zalibhai

[39m
[38;5;23m2026-01-21 14:40:40[39m  [1m[38;5;123mExtracting methylation features:[39m
[38;5;23m2026-01-21 14:40:40[39m  [38;5;248mZarr path(s)[39m: ['/expanse/lustre/projects/csd940/zalibhai/biomodal/evoC-run/output/duet-1.5.0_evoC_Bap1_run_6bp/sample_outputs/zarr_store/CG/evoC_Bap1_run.genome.GRCm38_primary_assembly.dedup.CG.zarrz'][39m
[38;5;23m2026-01-21 14:40:40[39m  [38;5;248mSample Sheet[39m: /expanse/lustre/projects/csd940/zalibhai/biomodal/modality/metadata.tsv[39m
[38;5;23m2026-01-21 14:40:40[39m  [38;5;248mBedfile[39m: /expanse/lustre/projects/csd940/zalibhai/biomodal/modality/mm10/gencode.vM25.mouse.tss_region.annotation.bed.gz[39m
[38;5;23m2026-01-21 14:40:40[39m  [38;5;248mFields[39m: ['num_mc', 'num_hmc'][39m
[38;5;23m2026-01-21 14:40:40[39m  [38;5;248mMin Coverage[39m: 10[39m
[38;5;23m2026-01-21 14:40:40[39m  [38;5;248mOrder By Group[39m: condition[39m
[38;5;23m2026-01-21 14:40:40[39m  [38;5;248mOutput Dir[39m: /expanse/lustre/projects/csd940/zalibhai/biomodal/modality/outputs_CG/Results/gencode.vM25.mouse.tss_region.annotation[39m
[38;5;23m2026-01-21 14:40:40[39m  [38;5;248mNum Contexts[39m: 0[39m
[38;5;23m2026-01-21 14:40:40[39m  [38;5;248mDisable Strand Merging[39m: False[39m
[38;5;23m2026-01-21 14:40:40[39m  [38;5;248mWindow Size[39m: None[39m
[38;5;23m2026-01-21 14:40:40[39m  [38;5;248mTabix[39m: False[39m
[38;5;23m2026-01-21 14:40:40[39m  [38;5;248mRegion[39m: None[39m
[38;5;23m2026-01-21 14:40:40[39m  [38;5;248mAggregate By Group[39m: None[39m
[38;5;23m2026-01-21 14:40:40[39m  [38;5;248mCase Sensitive[39m: False[39m
[38;5;23m2026-01-21 14:40:40[39m  [38;5;248mHeatmap[39m: False[39m
[38;5;23m2026-01-21 14:40:40[39m | [38;5;23mINFO[39m | Sample sheet: /expanse/lustre/projects/csd940/zalibhai/biomodal/modality/metadata.tsv[39m
[38;5;23m2026-01-21 14:40:40[39m | [38;5;23mINFO[39m | Order samples by: condition, case-insensitive[39m
[38;5;23m2026-01-21 14:40:40[39m | [38;5;23mINFO[39m | Loading Zarr dataset...[39m
[38;5;23m2026-01-21 14:40:43[39m | [38;5;23mINFO[39m | Merging CpG strands before extraction...[39m
[38;5;23m2026-01-21 14:41:11[39m | [38;5;23mINFO[39m | Performing ['regional-frac'] on variables ['num_mc', 'num_hmc'] and min coverage 10.[39m
[38;5;23m2026-01-21 14:41:11[39m | [38;5;23mINFO[39m | ['num_mc', 'num_hmc', 'num_total_c'][39m
[38;5;23m2026-01-21 14:41:11[39m | [38;5;23mINFO[39m | Adding Ranges_ID column to validate merging.[39m
[38;5;23m2026-01-21 14:41:19[39m | [38;5;23mINFO[39m | Summarized over 21673 regions.[39m
[38;5;23m2026-01-21 14:41:19[39m | [38;5;23mINFO[39m | Applying post-processor <lambda> to DataFrame.[39m
[38;5;23m2026-01-21 14:41:19[39m | [38;5;23mINFO[39m | Dataframe has 21705 rows, processing large dataset[39m
[38;5;23m2026-01-21 14:41:19[39m | [38;5;23mINFO[39m | Concatenating files without compression.[39m
[38;5;23m2026-01-21 14:41:19[39m | [38;5;23mINFO[39m | Exported mc stats for regional-frac to <modality.infrastructure.file_name_service.ExtractDataFileName object at 0x1554dc3608d0>.[39m
[38;5;23m2026-01-21 14:41:19[39m | [38;5;23mINFO[39m | Applying post-processor <lambda> to DataFrame.[39m
[38;5;23m2026-01-21 14:41:20[39m | [38;5;23mINFO[39m | Dataframe has 21705 rows, processing large dataset[39m
[38;5;23m2026-01-21 14:41:20[39m | [38;5;23mINFO[39m | Concatenating files without compression.[39m
[38;5;23m2026-01-21 14:41:20[39m | [38;5;23mINFO[39m | Exported hmc stats for regional-frac to <modality.infrastructure.file_name_service.ExtractDataFileName object at 0x1554dd82ffd0>.[39m
[38;5;23m2026-01-21 14:41:20[39m | [38;5;23mINFO[39m | Results written to file[39m
[38;5;23m2026-01-21 14:41:20[39m  21673 regions extracted.[39m
[38;5;23m2026-01-21 14:41:20[39m  [1m[38;5;154mData extracted successfully to /expanse/lustre/projects/csd940/zalibhai/biomodal/modality/outputs_CG/Results/gencode.vM25.mouse.tss_region.annotation/Extract_20260121_144119[39m
[38;5;23m2026-01-21 14:41:20[39m  Generating plots: correlation, violin[39m
[38;5;23m2026-01-21 14:41:20[39m | [38;5;23mINFO[39m | Feature report saved to /expanse/lustre/projects/csd940/zalibhai/biomodal/modality/outputs_CG/Results/gencode.vM25.mouse.tss_region.annotation/Extract_20260121_144119/hmc-mc_regional-frac_extract_report_20260121_144119.html[39m
[38;5;23m2026-01-21 14:41:20[39m | [38;5;23mINFO[39m | JSON report saved to /expanse/lustre/projects/csd940/zalibhai/biomodal/modality/outputs_CG/Results/gencode.vM25.mouse.tss_region.annotation/Extract_20260121_144119/hmc-mc_regional-frac_extract_report_20260121_144119.json[39m
[38;5;23m2026-01-21 14:41:20[39m  [1m[38;5;154mFeature report with correlation, violin visualizations generated successfully at /expanse/lustre/projects/csd940/zalibhai/biomodal/modality/outputs_CG/Results/gencode.vM25.mouse.tss_region.annotation/Extract_20260121_144119/hmc-mc_regional-frac_extract_report_20260121_144119.html.[39m
[38;5;23m2026-01-21 14:41:20[39m  Wrote provenance sidecar file to /expanse/lustre/projects/csd940/zalibhai/biomodal/modality/outputs_CG/Results/gencode.vM25.mouse.tss_region.annotation/Extract_20260121_144119/modality_metadata_20260121_144120.json[39m
[INFO] 2026-01-21 14:41:21 - Feature extraction completed for gencode.vM25.mouse.tss_region.annotation
[INFO] 2026-01-21 14:41:21 - Feature extraction HTML reports copied to region-specific directories


===========================
STEP 3: RUNNING DMR CALLING
===========================
[INFO] 2026-01-21 14:41:21 - Running DMR calling on region file: /expanse/lustre/projects/csd940/zalibhai/biomodal/modality/mm10/gencode.vM25.mouse.cpg_islands.annotation.bed
Logged in using stored credentials
[38;5;23m2026-01-21 14:41:25[39m  [1m[38;5;123mProvenance information:[39m
[38;5;23m2026-01-21 14:41:25[39m  cmd='/home/zalibhai/miniforge3/envs/modality/bin/modality -v dmr call --zarr-path /expanse/lustre/projects/csd940/zalibhai/biomodal/evoC-run/output/duet-1.5.0_evoC_Bap1_run_6bp/sample_outputs/zarr_store/CG/evoC_Bap1_run.genome.GRCm38_primary_assembly.dedup.CG.zarrz --sample-sheet /expanse/lustre/projects/csd940/zalibhai/biomodal/modality/metadata.tsv --condition-array-name condition --methylation-contexts num_mc num_hmc --bedfile /expanse/lustre/projects/csd940/zalibhai/biomodal/modality/mm10/gencode.vM25.mouse.cpg_islands.annotation.bed --covariates sex --filter-context-depth 10 --condition-order control mutant --output-dir /expanse/lustre/projects/csd940/zalibhai/biomodal/modality/outputs_CG/Results/gencode.vM25.mouse.cpg_islands.annotation'
timestamp=2026-01-21T14:41:25.656872
version=1.0.0
user=zalibhai

[39m
[38;5;23m2026-01-21 14:41:25[39m  [1m[38;5;123mStarting differential methylation analysis:[39m
[38;5;23m2026-01-21 14:41:25[39m  [38;5;248mZarr path(s)[39m: ['/expanse/lustre/projects/csd940/zalibhai/biomodal/evoC-run/output/duet-1.5.0_evoC_Bap1_run_6bp/sample_outputs/zarr_store/CG/evoC_Bap1_run.genome.GRCm38_primary_assembly.dedup.CG.zarrz'][39m
[38;5;23m2026-01-21 14:41:25[39m  [38;5;248mSample Sheet[39m: /expanse/lustre/projects/csd940/zalibhai/biomodal/modality/metadata.tsv[39m
[38;5;23m2026-01-21 14:41:25[39m  [38;5;248mCondition Array Name[39m: condition[39m
[38;5;23m2026-01-21 14:41:25[39m  [38;5;248mMethylation Contexts[39m: ['num_mc', 'num_hmc'][39m
[38;5;23m2026-01-21 14:41:25[39m  [38;5;248mBedfile[39m: /expanse/lustre/projects/csd940/zalibhai/biomodal/modality/mm10/gencode.vM25.mouse.cpg_islands.annotation.bed[39m
[38;5;23m2026-01-21 14:41:25[39m  [38;5;248mCovariates[39m: ['sex'][39m
[38;5;23m2026-01-21 14:41:25[39m  [38;5;248mMin Coverage[39m: 10[39m
[38;5;23m2026-01-21 14:41:25[39m  [38;5;248mCondition Order[39m: ['control', 'mutant'][39m
[38;5;23m2026-01-21 14:41:25[39m  [38;5;248mOutput Dir[39m: /expanse/lustre/projects/csd940/zalibhai/biomodal/modality/outputs_CG/Results/gencode.vM25.mouse.cpg_islands.annotation[39m
[38;5;23m2026-01-21 14:41:25[39m  [38;5;248mWindow Size[39m: None[39m
[38;5;23m2026-01-21 14:41:25[39m  [38;5;248mNum Contexts[39m: 0[39m
[38;5;23m2026-01-21 14:41:25[39m  [38;5;248mRegion[39m: None[39m
[38;5;23m2026-01-21 14:41:25[39m  [38;5;248mOverdispersion[39m: False[39m
[38;5;23m2026-01-21 14:41:25[39m  [38;5;248mStatistical Test[39m: wald[39m
[38;5;23m2026-01-21 14:41:25[39m  [38;5;248mDisable Strand Merging[39m: False[39m
[38;5;23m2026-01-21 14:41:25[39m  [38;5;248mCompress[39m: False[39m
[38;5;23m2026-01-21 14:41:25[39m | [38;5;23mINFO[39m | Loading Zarr dataset...[39m
[38;5;23m2026-01-21 14:41:28[39m | [38;5;23mINFO[39m | Merging CpG strands in the dataset.[39m
[38;5;23m2026-01-21 14:41:36[39m | [38;5;23mINFO[39m | Starting DMR calling process, this could take a few minutes...[39m
[38;5;23m2026-01-21 14:41:36[39m | [38;5;23mINFO[39m | Aligning sample sheet with dataset...[39m
[#############                           ] | 32% Completed | 1.05 s[##############                          ] | 36% Completed | 1.15 s[################                        ] | 40% Completed | 1.25 s[#################                       ] | 44% Completed | 1.35 s[###################                     ] | 48% Completed | 1.45 s[#####################                   ] | 52% Completed | 1.55 s[######################                  ] | 56% Completed | 1.65 s[########################                ] | 61% Completed | 1.75 s[##########################              ] | 65% Completed | 1.85 s[###########################             ] | 69% Completed | 1.95 s[#############################           ] | 73% Completed | 2.05 s[##############################          ] | 77% Completed | 2.15 s[########################################] | 100% Completed | 2.28 s
[38;5;23m2026-01-21 14:41:39[39m | [38;5;23mINFO[39m | filtering low coverage contexts (this may take multiple steps)...[39m
[                                        ] | 0% Completed | 1.00 s[                                        ] | 0% Completed | 1.10 s[                                        ] | 0% Completed | 1.20 s[########################################] | 100% Completed | 1.30 s
[############                            ] | 30% Completed | 1.01 s[#############                           ] | 33% Completed | 1.11 s[##############                          ] | 37% Completed | 1.21 s[################                        ] | 40% Completed | 1.31 s[#################                       ] | 44% Completed | 1.41 s[###################                     ] | 47% Completed | 1.51 s[####################                    ] | 51% Completed | 1.61 s[#####################                   ] | 54% Completed | 1.71 s[#######################                 ] | 58% Completed | 1.81 s[########################                ] | 61% Completed | 1.91 s[##########################              ] | 65% Completed | 2.01 s[###########################             ] | 69% Completed | 2.11 s[#############################           ] | 73% Completed | 2.21 s[##############################          ] | 76% Completed | 2.31 s[########################################] | 100% Completed | 2.47 s
[#################                       ] | 42% Completed | 1.00 s[###################                     ] | 47% Completed | 1.10 s[####################                    ] | 52% Completed | 1.20 s[######################                  ] | 56% Completed | 1.30 s[########################                ] | 60% Completed | 1.40 s[#########################               ] | 64% Completed | 1.50 s[###########################             ] | 68% Completed | 1.60 s[#############################           ] | 72% Completed | 1.70 s[##############################          ] | 77% Completed | 1.81 s[################################        ] | 81% Completed | 1.91 s[###################################     ] | 89% Completed | 2.01 s[########################################] | 100% Completed | 2.11 s
[38;5;23m2026-01-21 14:41:57[39m | [38;5;23mINFO[39m | Aggregating dataset for DMR calling (this may take multiple steps)...[39m
[38;5;23m2026-01-21 14:41:57[39m | [38;5;23mINFO[39m | Adding Ranges_ID column to validate merging.[39m
[##################################      ] | 86% Completed | 1.00 s[#####################################   ] | 94% Completed | 1.10 s[########################################] | 100% Completed | 1.20 s
[###############################         ] | 79% Completed | 1.07 s[###################################     ] | 88% Completed | 1.17 s[######################################  ] | 96% Completed | 1.27 s[########################################] | 100% Completed | 1.37 s
[38;5;23m2026-01-21 14:42:08[39m | [38;5;23mINFO[39m | Recoding given covariates from ['sex'] to: ['sex_male'] to handle categorical variables.[39m
[38;5;23m2026-01-21 14:42:08[39m | [33mWARNING[39m | [33m
                    Insufficient number of samples for statistical modeling.
                    Group 0: 2 samples
                    Group 1: 2 samples
                    Need more than 2 samples per group (> 1 + 1 optional covariates).
                    Setting all p-values to 1 and test statistics to 0.[39m
[38;5;23m2026-01-21 14:42:08[39m | [38;5;23mINFO[39m | Returning conservative results due to insufficient sample sizes[39m
[38;5;23m2026-01-21 14:42:09[39m | [33mWARNING[39m | [33mExtra columns detected: Index(['Annotation'], dtype='object'). These will be retained but are not validated.[39m
[38;5;23m2026-01-21 14:42:09[39m | [38;5;23mINFO[39m | Writing DMRs to /expanse/lustre/projects/csd940/zalibhai/biomodal/modality/outputs_CG/Results/gencode.vM25.mouse.cpg_islands.annotation/DMR_20260121_144209/DMR_mc_control__mutant_20260121_144209.bed.
Columns are :
`Chromosome Start End Name Score Strand num_contexts mean_coverage_across_samples mean_mod_group_1mean_mod_group_2 mod_fold_change mod_difference test_statistic dmr_pvalue dmr_qvalue
Please note that:
 - Name, Score, Strand are not used and are set to `.` for compatibility with pyranges
[39m
[38;5;23m2026-01-21 14:42:09[39m | [38;5;23mINFO[39m | Aggregating dataset for DMR calling (this may take multiple steps)...[39m
[######################################  ] | 96% Completed | 1.00 s[########################################] | 100% Completed | 1.10 s
[###################################     ] | 89% Completed | 1.00 s[####################################### ] | 98% Completed | 1.10 s[########################################] | 100% Completed | 1.20 s
[38;5;23m2026-01-21 14:42:17[39m | [38;5;23mINFO[39m | Recoding given covariates from ['sex'] to: ['sex_male'] to handle categorical variables.[39m
[38;5;23m2026-01-21 14:42:17[39m | [33mWARNING[39m | [33m
                    Insufficient number of samples for statistical modeling.
                    Group 0: 2 samples
                    Group 1: 2 samples
                    Need more than 2 samples per group (> 1 + 1 optional covariates).
                    Setting all p-values to 1 and test statistics to 0.[39m
[38;5;23m2026-01-21 14:42:17[39m | [38;5;23mINFO[39m | Returning conservative results due to insufficient sample sizes[39m
[38;5;23m2026-01-21 14:42:17[39m | [33mWARNING[39m | [33mExtra columns detected: Index(['Annotation'], dtype='object'). These will be retained but are not validated.[39m
[38;5;23m2026-01-21 14:42:17[39m | [38;5;23mINFO[39m | Writing DMRs to /expanse/lustre/projects/csd940/zalibhai/biomodal/modality/outputs_CG/Results/gencode.vM25.mouse.cpg_islands.annotation/DMR_20260121_144209/DMR_hmc_control__mutant_20260121_144209.bed.
Columns are :
`Chromosome Start End Name Score Strand num_contexts mean_coverage_across_samples mean_mod_group_1mean_mod_group_2 mod_fold_change mod_difference test_statistic dmr_pvalue dmr_qvalue
Please note that:
 - Name, Score, Strand are not used and are set to `.` for compatibility with pyranges
[39m
[38;5;23m2026-01-21 14:42:17[39m  [1m[38;5;154mDMR calling completed successfully! Outputs saved to: /expanse/lustre/projects/csd940/zalibhai/biomodal/modality/outputs_CG/Results/gencode.vM25.mouse.cpg_islands.annotation[39m
[38;5;23m2026-01-21 14:42:17[39m | [38;5;23mINFO[39m | DMR track configuration files saved successfully.[39m
[38;5;23m2026-01-21 14:42:17[39m  Wrote provenance sidecar file to /expanse/lustre/projects/csd940/zalibhai/biomodal/modality/outputs_CG/Results/gencode.vM25.mouse.cpg_islands.annotation/DMR_20260121_144209/modality_metadata_20260121_144217.json[39m
/expanse/lustre/projects/csd940/zalibhai/biomodal/modality/outputs_CG/Results/gencode.vM25.mouse.cpg_islands.annotation/DMR_20260121_144209/DMR_mc_control__mutant_20260121_144209.bed /expanse/lustre/projects/csd940/zalibhai/biomodal/modality/outputs_CG/Results/gencode.vM25.mouse.cpg_islands.annotation/DMR_20260121_144209/DMR_hmc_control__mutant_20260121_144209.bed
[INFO] 2026-01-21 14:42:17 - DMR calling completed for /expanse/lustre/projects/csd940/zalibhai/biomodal/modality/mm10/gencode.vM25.mouse.cpg_islands.annotation.bed
[INFO] 2026-01-21 14:42:17 - Running DMR calling on region file: /expanse/lustre/projects/csd940/zalibhai/biomodal/modality/mm10/gencode.vM25.mouse.cpg_islands.annotation.bed.gz
Logged in using stored credentials
[38;5;23m2026-01-21 14:42:20[39m  [1m[38;5;123mProvenance information:[39m
[38;5;23m2026-01-21 14:42:20[39m  cmd='/home/zalibhai/miniforge3/envs/modality/bin/modality -v dmr call --zarr-path /expanse/lustre/projects/csd940/zalibhai/biomodal/evoC-run/output/duet-1.5.0_evoC_Bap1_run_6bp/sample_outputs/zarr_store/CG/evoC_Bap1_run.genome.GRCm38_primary_assembly.dedup.CG.zarrz --sample-sheet /expanse/lustre/projects/csd940/zalibhai/biomodal/modality/metadata.tsv --condition-array-name condition --methylation-contexts num_mc num_hmc --bedfile /expanse/lustre/projects/csd940/zalibhai/biomodal/modality/mm10/gencode.vM25.mouse.cpg_islands.annotation.bed.gz --covariates sex --filter-context-depth 10 --condition-order control mutant --output-dir /expanse/lustre/projects/csd940/zalibhai/biomodal/modality/outputs_CG/Results/gencode.vM25.mouse.cpg_islands.annotation'
timestamp=2026-01-21T14:42:20.970595
version=1.0.0
user=zalibhai

[39m
[38;5;23m2026-01-21 14:42:20[39m  [1m[38;5;123mStarting differential methylation analysis:[39m
[38;5;23m2026-01-21 14:42:20[39m  [38;5;248mZarr path(s)[39m: ['/expanse/lustre/projects/csd940/zalibhai/biomodal/evoC-run/output/duet-1.5.0_evoC_Bap1_run_6bp/sample_outputs/zarr_store/CG/evoC_Bap1_run.genome.GRCm38_primary_assembly.dedup.CG.zarrz'][39m
[38;5;23m2026-01-21 14:42:20[39m  [38;5;248mSample Sheet[39m: /expanse/lustre/projects/csd940/zalibhai/biomodal/modality/metadata.tsv[39m
[38;5;23m2026-01-21 14:42:20[39m  [38;5;248mCondition Array Name[39m: condition[39m
[38;5;23m2026-01-21 14:42:20[39m  [38;5;248mMethylation Contexts[39m: ['num_mc', 'num_hmc'][39m
[38;5;23m2026-01-21 14:42:20[39m  [38;5;248mBedfile[39m: /expanse/lustre/projects/csd940/zalibhai/biomodal/modality/mm10/gencode.vM25.mouse.cpg_islands.annotation.bed.gz[39m
[38;5;23m2026-01-21 14:42:20[39m  [38;5;248mCovariates[39m: ['sex'][39m
[38;5;23m2026-01-21 14:42:20[39m  [38;5;248mMin Coverage[39m: 10[39m
[38;5;23m2026-01-21 14:42:20[39m  [38;5;248mCondition Order[39m: ['control', 'mutant'][39m
[38;5;23m2026-01-21 14:42:20[39m  [38;5;248mOutput Dir[39m: /expanse/lustre/projects/csd940/zalibhai/biomodal/modality/outputs_CG/Results/gencode.vM25.mouse.cpg_islands.annotation[39m
[38;5;23m2026-01-21 14:42:20[39m  [38;5;248mWindow Size[39m: None[39m
[38;5;23m2026-01-21 14:42:20[39m  [38;5;248mNum Contexts[39m: 0[39m
[38;5;23m2026-01-21 14:42:20[39m  [38;5;248mRegion[39m: None[39m
[38;5;23m2026-01-21 14:42:20[39m  [38;5;248mOverdispersion[39m: False[39m
[38;5;23m2026-01-21 14:42:20[39m  [38;5;248mStatistical Test[39m: wald[39m
[38;5;23m2026-01-21 14:42:20[39m  [38;5;248mDisable Strand Merging[39m: False[39m
[38;5;23m2026-01-21 14:42:20[39m  [38;5;248mCompress[39m: False[39m
[38;5;23m2026-01-21 14:42:20[39m | [38;5;23mINFO[39m | Loading Zarr dataset...[39m
[38;5;23m2026-01-21 14:42:23[39m | [38;5;23mINFO[39m | Merging CpG strands in the dataset.[39m
[38;5;23m2026-01-21 14:42:32[39m | [38;5;23mINFO[39m | Starting DMR calling process, this could take a few minutes...[39m
[38;5;23m2026-01-21 14:42:32[39m | [38;5;23mINFO[39m | Aligning sample sheet with dataset...[39m
[#############                           ] | 34% Completed | 1.07 s[###############                         ] | 38% Completed | 1.17 s[#################                       ] | 42% Completed | 1.27 s[##################                      ] | 46% Completed | 1.37 s[####################                    ] | 51% Completed | 1.47 s[######################                  ] | 55% Completed | 1.57 s[#######################                 ] | 59% Completed | 1.67 s[#########################               ] | 63% Completed | 1.77 s[###########################             ] | 67% Completed | 1.88 s[############################            ] | 71% Completed | 1.98 s[##############################          ] | 75% Completed | 2.08 s[########################################] | 100% Completed | 2.24 s
[38;5;23m2026-01-21 14:42:35[39m | [38;5;23mINFO[39m | filtering low coverage contexts (this may take multiple steps)...[39m
[                                        ] | 0% Completed | 1.00 s[                                        ] | 0% Completed | 1.10 s[                                        ] | 0% Completed | 1.20 s[########################################] | 100% Completed | 1.30 s
[############                            ] | 31% Completed | 1.01 s[##############                          ] | 35% Completed | 1.11 s[###############                         ] | 39% Completed | 1.21 s[#################                       ] | 42% Completed | 1.31 s[##################                      ] | 46% Completed | 1.41 s[###################                     ] | 49% Completed | 1.51 s[#####################                   ] | 53% Completed | 1.61 s[######################                  ] | 56% Completed | 1.71 s[########################                ] | 60% Completed | 1.81 s[#########################               ] | 64% Completed | 1.91 s[###########################             ] | 68% Completed | 2.01 s[############################            ] | 72% Completed | 2.11 s[##############################          ] | 76% Completed | 2.21 s[###############################         ] | 79% Completed | 2.31 s[########################################] | 100% Completed | 2.41 s
[#################                       ] | 43% Completed | 1.00 s[###################                     ] | 48% Completed | 1.10 s[#####################                   ] | 53% Completed | 1.20 s[######################                  ] | 57% Completed | 1.30 s[########################                ] | 61% Completed | 1.40 s[##########################              ] | 66% Completed | 1.50 s[############################            ] | 70% Completed | 1.60 s[#############################           ] | 74% Completed | 1.70 s[###############################         ] | 78% Completed | 1.80 s[#################################       ] | 83% Completed | 1.90 s[####################################### ] | 99% Completed | 2.00 s[########################################] | 100% Completed | 2.10 s
[38;5;23m2026-01-21 14:42:52[39m | [38;5;23mINFO[39m | Aggregating dataset for DMR calling (this may take multiple steps)...[39m
[38;5;23m2026-01-21 14:42:52[39m | [38;5;23mINFO[39m | Adding Ranges_ID column to validate merging.[39m
[####################################    ] | 91% Completed | 1.00 s[####################################### ] | 99% Completed | 1.10 s[########################################] | 100% Completed | 1.20 s
[#################################       ] | 83% Completed | 1.06 s[#####################################   ] | 92% Completed | 1.16 s[########################################] | 100% Completed | 1.26 s
[38;5;23m2026-01-21 14:43:04[39m | [38;5;23mINFO[39m | Recoding given covariates from ['sex'] to: ['sex_male'] to handle categorical variables.[39m
[38;5;23m2026-01-21 14:43:04[39m | [33mWARNING[39m | [33m
                    Insufficient number of samples for statistical modeling.
                    Group 0: 2 samples
                    Group 1: 2 samples
                    Need more than 2 samples per group (> 1 + 1 optional covariates).
                    Setting all p-values to 1 and test statistics to 0.[39m
[38;5;23m2026-01-21 14:43:04[39m | [38;5;23mINFO[39m | Returning conservative results due to insufficient sample sizes[39m
[38;5;23m2026-01-21 14:43:04[39m | [33mWARNING[39m | [33mExtra columns detected: Index(['Annotation'], dtype='object'). These will be retained but are not validated.[39m
[38;5;23m2026-01-21 14:43:04[39m | [38;5;23mINFO[39m | Writing DMRs to /expanse/lustre/projects/csd940/zalibhai/biomodal/modality/outputs_CG/Results/gencode.vM25.mouse.cpg_islands.annotation/DMR_20260121_144304/DMR_mc_control__mutant_20260121_144304.bed.
Columns are :
`Chromosome Start End Name Score Strand num_contexts mean_coverage_across_samples mean_mod_group_1mean_mod_group_2 mod_fold_change mod_difference test_statistic dmr_pvalue dmr_qvalue
Please note that:
 - Name, Score, Strand are not used and are set to `.` for compatibility with pyranges
[39m
[38;5;23m2026-01-21 14:43:04[39m | [38;5;23mINFO[39m | Aggregating dataset for DMR calling (this may take multiple steps)...[39m
[####################################### ] | 97% Completed | 1.00 s[########################################] | 100% Completed | 1.10 s
[#####################################   ] | 92% Completed | 1.00 s[########################################] | 100% Completed | 1.10 s
[38;5;23m2026-01-21 14:43:12[39m | [38;5;23mINFO[39m | Recoding given covariates from ['sex'] to: ['sex_male'] to handle categorical variables.[39m
[38;5;23m2026-01-21 14:43:12[39m | [33mWARNING[39m | [33m
                    Insufficient number of samples for statistical modeling.
                    Group 0: 2 samples
                    Group 1: 2 samples
                    Need more than 2 samples per group (> 1 + 1 optional covariates).
                    Setting all p-values to 1 and test statistics to 0.[39m
[38;5;23m2026-01-21 14:43:12[39m | [38;5;23mINFO[39m | Returning conservative results due to insufficient sample sizes[39m
[38;5;23m2026-01-21 14:43:12[39m | [33mWARNING[39m | [33mExtra columns detected: Index(['Annotation'], dtype='object'). These will be retained but are not validated.[39m
[38;5;23m2026-01-21 14:43:12[39m | [38;5;23mINFO[39m | Writing DMRs to /expanse/lustre/projects/csd940/zalibhai/biomodal/modality/outputs_CG/Results/gencode.vM25.mouse.cpg_islands.annotation/DMR_20260121_144304/DMR_hmc_control__mutant_20260121_144304.bed.
Columns are :
`Chromosome Start End Name Score Strand num_contexts mean_coverage_across_samples mean_mod_group_1mean_mod_group_2 mod_fold_change mod_difference test_statistic dmr_pvalue dmr_qvalue
Please note that:
 - Name, Score, Strand are not used and are set to `.` for compatibility with pyranges
[39m
[38;5;23m2026-01-21 14:43:12[39m  [1m[38;5;154mDMR calling completed successfully! Outputs saved to: /expanse/lustre/projects/csd940/zalibhai/biomodal/modality/outputs_CG/Results/gencode.vM25.mouse.cpg_islands.annotation[39m
[38;5;23m2026-01-21 14:43:12[39m | [38;5;23mINFO[39m | DMR track configuration files saved successfully.[39m
[38;5;23m2026-01-21 14:43:12[39m  Wrote provenance sidecar file to /expanse/lustre/projects/csd940/zalibhai/biomodal/modality/outputs_CG/Results/gencode.vM25.mouse.cpg_islands.annotation/DMR_20260121_144304/modality_metadata_20260121_144312.json[39m
/expanse/lustre/projects/csd940/zalibhai/biomodal/modality/outputs_CG/Results/gencode.vM25.mouse.cpg_islands.annotation/DMR_20260121_144304/DMR_mc_control__mutant_20260121_144304.bed /expanse/lustre/projects/csd940/zalibhai/biomodal/modality/outputs_CG/Results/gencode.vM25.mouse.cpg_islands.annotation/DMR_20260121_144304/DMR_hmc_control__mutant_20260121_144304.bed
[INFO] 2026-01-21 14:43:13 - DMR calling completed for /expanse/lustre/projects/csd940/zalibhai/biomodal/modality/mm10/gencode.vM25.mouse.cpg_islands.annotation.bed.gz
[INFO] 2026-01-21 14:43:13 - Running DMR calling on region file: /expanse/lustre/projects/csd940/zalibhai/biomodal/modality/mm10/gencode.vM25.mouse.cpg_shelves.annotation.bed.gz
Logged in using stored credentials
[38;5;23m2026-01-21 14:43:17[39m  [1m[38;5;123mProvenance information:[39m
[38;5;23m2026-01-21 14:43:17[39m  cmd='/home/zalibhai/miniforge3/envs/modality/bin/modality -v dmr call --zarr-path /expanse/lustre/projects/csd940/zalibhai/biomodal/evoC-run/output/duet-1.5.0_evoC_Bap1_run_6bp/sample_outputs/zarr_store/CG/evoC_Bap1_run.genome.GRCm38_primary_assembly.dedup.CG.zarrz --sample-sheet /expanse/lustre/projects/csd940/zalibhai/biomodal/modality/metadata.tsv --condition-array-name condition --methylation-contexts num_mc num_hmc --bedfile /expanse/lustre/projects/csd940/zalibhai/biomodal/modality/mm10/gencode.vM25.mouse.cpg_shelves.annotation.bed.gz --covariates sex --filter-context-depth 10 --condition-order control mutant --output-dir /expanse/lustre/projects/csd940/zalibhai/biomodal/modality/outputs_CG/Results/gencode.vM25.mouse.cpg_shelves.annotation'
timestamp=2026-01-21T14:43:17.132638
version=1.0.0
user=zalibhai

[39m
[38;5;23m2026-01-21 14:43:17[39m  [1m[38;5;123mStarting differential methylation analysis:[39m
[38;5;23m2026-01-21 14:43:17[39m  [38;5;248mZarr path(s)[39m: ['/expanse/lustre/projects/csd940/zalibhai/biomodal/evoC-run/output/duet-1.5.0_evoC_Bap1_run_6bp/sample_outputs/zarr_store/CG/evoC_Bap1_run.genome.GRCm38_primary_assembly.dedup.CG.zarrz'][39m
[38;5;23m2026-01-21 14:43:17[39m  [38;5;248mSample Sheet[39m: /expanse/lustre/projects/csd940/zalibhai/biomodal/modality/metadata.tsv[39m
[38;5;23m2026-01-21 14:43:17[39m  [38;5;248mCondition Array Name[39m: condition[39m
[38;5;23m2026-01-21 14:43:17[39m  [38;5;248mMethylation Contexts[39m: ['num_mc', 'num_hmc'][39m
[38;5;23m2026-01-21 14:43:17[39m  [38;5;248mBedfile[39m: /expanse/lustre/projects/csd940/zalibhai/biomodal/modality/mm10/gencode.vM25.mouse.cpg_shelves.annotation.bed.gz[39m
[38;5;23m2026-01-21 14:43:17[39m  [38;5;248mCovariates[39m: ['sex'][39m
[38;5;23m2026-01-21 14:43:17[39m  [38;5;248mMin Coverage[39m: 10[39m
[38;5;23m2026-01-21 14:43:17[39m  [38;5;248mCondition Order[39m: ['control', 'mutant'][39m
[38;5;23m2026-01-21 14:43:17[39m  [38;5;248mOutput Dir[39m: /expanse/lustre/projects/csd940/zalibhai/biomodal/modality/outputs_CG/Results/gencode.vM25.mouse.cpg_shelves.annotation[39m
[38;5;23m2026-01-21 14:43:17[39m  [38;5;248mWindow Size[39m: None[39m
[38;5;23m2026-01-21 14:43:17[39m  [38;5;248mNum Contexts[39m: 0[39m
[38;5;23m2026-01-21 14:43:17[39m  [38;5;248mRegion[39m: None[39m
[38;5;23m2026-01-21 14:43:17[39m  [38;5;248mOverdispersion[39m: False[39m
[38;5;23m2026-01-21 14:43:17[39m  [38;5;248mStatistical Test[39m: wald[39m
[38;5;23m2026-01-21 14:43:17[39m  [38;5;248mDisable Strand Merging[39m: False[39m
[38;5;23m2026-01-21 14:43:17[39m  [38;5;248mCompress[39m: False[39m
[38;5;23m2026-01-21 14:43:17[39m | [38;5;23mINFO[39m | Loading Zarr dataset...[39m
[38;5;23m2026-01-21 14:43:19[39m | [38;5;23mINFO[39m | Merging CpG strands in the dataset.[39m
[38;5;23m2026-01-21 14:43:28[39m | [38;5;23mINFO[39m | Starting DMR calling process, this could take a few minutes...[39m
[38;5;23m2026-01-21 14:43:28[39m | [38;5;23mINFO[39m | Aligning sample sheet with dataset...[39m
[##############                          ] | 35% Completed | 1.07 s[###############                         ] | 39% Completed | 1.17 s[#################                       ] | 43% Completed | 1.27 s[##################                      ] | 47% Completed | 1.37 s[####################                    ] | 51% Completed | 1.47 s[######################                  ] | 55% Completed | 1.57 s[#######################                 ] | 59% Completed | 1.67 s[#########################               ] | 63% Completed | 1.77 s[###########################             ] | 68% Completed | 1.87 s[############################            ] | 72% Completed | 1.97 s[##############################          ] | 76% Completed | 2.07 s[########################################] | 100% Completed | 2.23 s
[38;5;23m2026-01-21 14:43:30[39m | [38;5;23mINFO[39m | filtering low coverage contexts (this may take multiple steps)...[39m
[                                        ] | 0% Completed | 1.00 s[                                        ] | 0% Completed | 1.10 s[                                        ] | 0% Completed | 1.20 s[########################################] | 100% Completed | 1.30 s
[############                            ] | 31% Completed | 1.01 s[##############                          ] | 35% Completed | 1.11 s[###############                         ] | 39% Completed | 1.21 s[#################                       ] | 42% Completed | 1.31 s[##################                      ] | 45% Completed | 1.41 s[###################                     ] | 49% Completed | 1.51 s[####################                    ] | 52% Completed | 1.61 s[######################                  ] | 55% Completed | 1.71 s[#######################                 ] | 59% Completed | 1.81 s[#########################               ] | 62% Completed | 1.91 s[##########################              ] | 66% Completed | 2.01 s[###########################             ] | 69% Completed | 2.11 s[#############################           ] | 73% Completed | 2.21 s[##############################          ] | 76% Completed | 2.31 s[########################################] | 100% Completed | 2.46 s
[#################                       ] | 43% Completed | 1.00 s[###################                     ] | 48% Completed | 1.10 s[#####################                   ] | 53% Completed | 1.20 s[#######################                 ] | 57% Completed | 1.30 s[########################                ] | 62% Completed | 1.40 s[##########################              ] | 66% Completed | 1.50 s[############################            ] | 70% Completed | 1.60 s[##############################          ] | 75% Completed | 1.70 s[###############################         ] | 79% Completed | 1.80 s[#################################       ] | 83% Completed | 1.90 s[########################################] | 100% Completed | 2.00 s
[38;5;23m2026-01-21 14:43:48[39m | [38;5;23mINFO[39m | Aggregating dataset for DMR calling (this may take multiple steps)...[39m
[38;5;23m2026-01-21 14:43:48[39m | [38;5;23mINFO[39m | Adding Ranges_ID column to validate merging.[39m
[###################################     ] | 89% Completed | 1.00 s[####################################### ] | 98% Completed | 1.10 s[########################################] | 100% Completed | 1.20 s
[#################################       ] | 83% Completed | 1.08 s[#####################################   ] | 92% Completed | 1.18 s[####################################### ] | 99% Completed | 1.29 s[########################################] | 100% Completed | 1.39 s
[38;5;23m2026-01-21 14:44:00[39m | [38;5;23mINFO[39m | Recoding given covariates from ['sex'] to: ['sex_male'] to handle categorical variables.[39m
[38;5;23m2026-01-21 14:44:00[39m | [33mWARNING[39m | [33m
                    Insufficient number of samples for statistical modeling.
                    Group 0: 2 samples
                    Group 1: 2 samples
                    Need more than 2 samples per group (> 1 + 1 optional covariates).
                    Setting all p-values to 1 and test statistics to 0.[39m
[38;5;23m2026-01-21 14:44:00[39m | [38;5;23mINFO[39m | Returning conservative results due to insufficient sample sizes[39m
[38;5;23m2026-01-21 14:44:00[39m | [33mWARNING[39m | [33mExtra columns detected: Index(['Annotation'], dtype='object'). These will be retained but are not validated.[39m
[38;5;23m2026-01-21 14:44:00[39m | [38;5;23mINFO[39m | Writing DMRs to /expanse/lustre/projects/csd940/zalibhai/biomodal/modality/outputs_CG/Results/gencode.vM25.mouse.cpg_shelves.annotation/DMR_20260121_144400/DMR_mc_control__mutant_20260121_144400.bed.
Columns are :
`Chromosome Start End Name Score Strand num_contexts mean_coverage_across_samples mean_mod_group_1mean_mod_group_2 mod_fold_change mod_difference test_statistic dmr_pvalue dmr_qvalue
Please note that:
 - Name, Score, Strand are not used and are set to `.` for compatibility with pyranges
[39m
[38;5;23m2026-01-21 14:44:00[39m | [38;5;23mINFO[39m | Aggregating dataset for DMR calling (this may take multiple steps)...[39m
[####################################### ] | 99% Completed | 1.00 s[########################################] | 100% Completed | 1.10 s
[####################################### ] | 98% Completed | 1.00 s[########################################] | 100% Completed | 1.10 s
[38;5;23m2026-01-21 14:44:09[39m | [38;5;23mINFO[39m | Recoding given covariates from ['sex'] to: ['sex_male'] to handle categorical variables.[39m
[38;5;23m2026-01-21 14:44:09[39m | [33mWARNING[39m | [33m
                    Insufficient number of samples for statistical modeling.
                    Group 0: 2 samples
                    Group 1: 2 samples
                    Need more than 2 samples per group (> 1 + 1 optional covariates).
                    Setting all p-values to 1 and test statistics to 0.[39m
[38;5;23m2026-01-21 14:44:09[39m | [38;5;23mINFO[39m | Returning conservative results due to insufficient sample sizes[39m
[38;5;23m2026-01-21 14:44:09[39m | [33mWARNING[39m | [33mExtra columns detected: Index(['Annotation'], dtype='object'). These will be retained but are not validated.[39m
[38;5;23m2026-01-21 14:44:09[39m | [38;5;23mINFO[39m | Writing DMRs to /expanse/lustre/projects/csd940/zalibhai/biomodal/modality/outputs_CG/Results/gencode.vM25.mouse.cpg_shelves.annotation/DMR_20260121_144400/DMR_hmc_control__mutant_20260121_144400.bed.
Columns are :
`Chromosome Start End Name Score Strand num_contexts mean_coverage_across_samples mean_mod_group_1mean_mod_group_2 mod_fold_change mod_difference test_statistic dmr_pvalue dmr_qvalue
Please note that:
 - Name, Score, Strand are not used and are set to `.` for compatibility with pyranges
[39m
[38;5;23m2026-01-21 14:44:09[39m  [1m[38;5;154mDMR calling completed successfully! Outputs saved to: /expanse/lustre/projects/csd940/zalibhai/biomodal/modality/outputs_CG/Results/gencode.vM25.mouse.cpg_shelves.annotation[39m
[38;5;23m2026-01-21 14:44:09[39m | [38;5;23mINFO[39m | DMR track configuration files saved successfully.[39m
[38;5;23m2026-01-21 14:44:09[39m  Wrote provenance sidecar file to /expanse/lustre/projects/csd940/zalibhai/biomodal/modality/outputs_CG/Results/gencode.vM25.mouse.cpg_shelves.annotation/DMR_20260121_144400/modality_metadata_20260121_144409.json[39m
/expanse/lustre/projects/csd940/zalibhai/biomodal/modality/outputs_CG/Results/gencode.vM25.mouse.cpg_shelves.annotation/DMR_20260121_144400/DMR_mc_control__mutant_20260121_144400.bed /expanse/lustre/projects/csd940/zalibhai/biomodal/modality/outputs_CG/Results/gencode.vM25.mouse.cpg_shelves.annotation/DMR_20260121_144400/DMR_hmc_control__mutant_20260121_144400.bed
[INFO] 2026-01-21 14:44:10 - DMR calling completed for /expanse/lustre/projects/csd940/zalibhai/biomodal/modality/mm10/gencode.vM25.mouse.cpg_shelves.annotation.bed.gz
[INFO] 2026-01-21 14:44:10 - Running DMR calling on region file: /expanse/lustre/projects/csd940/zalibhai/biomodal/modality/mm10/gencode.vM25.mouse.cpg_shores.annotation.bed.gz
Logged in using stored credentials
[38;5;23m2026-01-21 14:44:13[39m  [1m[38;5;123mProvenance information:[39m
[38;5;23m2026-01-21 14:44:13[39m  cmd='/home/zalibhai/miniforge3/envs/modality/bin/modality -v dmr call --zarr-path /expanse/lustre/projects/csd940/zalibhai/biomodal/evoC-run/output/duet-1.5.0_evoC_Bap1_run_6bp/sample_outputs/zarr_store/CG/evoC_Bap1_run.genome.GRCm38_primary_assembly.dedup.CG.zarrz --sample-sheet /expanse/lustre/projects/csd940/zalibhai/biomodal/modality/metadata.tsv --condition-array-name condition --methylation-contexts num_mc num_hmc --bedfile /expanse/lustre/projects/csd940/zalibhai/biomodal/modality/mm10/gencode.vM25.mouse.cpg_shores.annotation.bed.gz --covariates sex --filter-context-depth 10 --condition-order control mutant --output-dir /expanse/lustre/projects/csd940/zalibhai/biomodal/modality/outputs_CG/Results/gencode.vM25.mouse.cpg_shores.annotation'
timestamp=2026-01-21T14:44:13.157324
version=1.0.0
user=zalibhai

[39m
[38;5;23m2026-01-21 14:44:13[39m  [1m[38;5;123mStarting differential methylation analysis:[39m
[38;5;23m2026-01-21 14:44:13[39m  [38;5;248mZarr path(s)[39m: ['/expanse/lustre/projects/csd940/zalibhai/biomodal/evoC-run/output/duet-1.5.0_evoC_Bap1_run_6bp/sample_outputs/zarr_store/CG/evoC_Bap1_run.genome.GRCm38_primary_assembly.dedup.CG.zarrz'][39m
[38;5;23m2026-01-21 14:44:13[39m  [38;5;248mSample Sheet[39m: /expanse/lustre/projects/csd940/zalibhai/biomodal/modality/metadata.tsv[39m
[38;5;23m2026-01-21 14:44:13[39m  [38;5;248mCondition Array Name[39m: condition[39m
[38;5;23m2026-01-21 14:44:13[39m  [38;5;248mMethylation Contexts[39m: ['num_mc', 'num_hmc'][39m
[38;5;23m2026-01-21 14:44:13[39m  [38;5;248mBedfile[39m: /expanse/lustre/projects/csd940/zalibhai/biomodal/modality/mm10/gencode.vM25.mouse.cpg_shores.annotation.bed.gz[39m
[38;5;23m2026-01-21 14:44:13[39m  [38;5;248mCovariates[39m: ['sex'][39m
[38;5;23m2026-01-21 14:44:13[39m  [38;5;248mMin Coverage[39m: 10[39m
[38;5;23m2026-01-21 14:44:13[39m  [38;5;248mCondition Order[39m: ['control', 'mutant'][39m
[38;5;23m2026-01-21 14:44:13[39m  [38;5;248mOutput Dir[39m: /expanse/lustre/projects/csd940/zalibhai/biomodal/modality/outputs_CG/Results/gencode.vM25.mouse.cpg_shores.annotation[39m
[38;5;23m2026-01-21 14:44:13[39m  [38;5;248mWindow Size[39m: None[39m
[38;5;23m2026-01-21 14:44:13[39m  [38;5;248mNum Contexts[39m: 0[39m
[38;5;23m2026-01-21 14:44:13[39m  [38;5;248mRegion[39m: None[39m
[38;5;23m2026-01-21 14:44:13[39m  [38;5;248mOverdispersion[39m: False[39m
[38;5;23m2026-01-21 14:44:13[39m  [38;5;248mStatistical Test[39m: wald[39m
[38;5;23m2026-01-21 14:44:13[39m  [38;5;248mDisable Strand Merging[39m: False[39m
[38;5;23m2026-01-21 14:44:13[39m  [38;5;248mCompress[39m: False[39m
[38;5;23m2026-01-21 14:44:13[39m | [38;5;23mINFO[39m | Loading Zarr dataset...[39m
[38;5;23m2026-01-21 14:44:15[39m | [38;5;23mINFO[39m | Merging CpG strands in the dataset.[39m
[38;5;23m2026-01-21 14:44:24[39m | [38;5;23mINFO[39m | Starting DMR calling process, this could take a few minutes...[39m
[38;5;23m2026-01-21 14:44:24[39m | [38;5;23mINFO[39m | Aligning sample sheet with dataset...[39m
[#############                           ] | 34% Completed | 1.07 s[###############                         ] | 38% Completed | 1.17 s[################                        ] | 42% Completed | 1.27 s[##################                      ] | 46% Completed | 1.37 s[####################                    ] | 50% Completed | 1.48 s[#####################                   ] | 54% Completed | 1.58 s[#######################                 ] | 58% Completed | 1.68 s[#########################               ] | 62% Completed | 1.78 s[##########################              ] | 67% Completed | 1.88 s[############################            ] | 71% Completed | 1.98 s[##############################          ] | 75% Completed | 2.08 s[###############################         ] | 79% Completed | 2.18 s[########################################] | 100% Completed | 2.28 s
[38;5;23m2026-01-21 14:44:26[39m | [38;5;23mINFO[39m | filtering low coverage contexts (this may take multiple steps)...[39m
[                                        ] | 0% Completed | 1.00 s[                                        ] | 0% Completed | 1.10 s[                                        ] | 0% Completed | 1.20 s[########################################] | 100% Completed | 1.30 s
[############                            ] | 31% Completed | 1.01 s[#############                           ] | 34% Completed | 1.11 s[###############                         ] | 38% Completed | 1.21 s[################                        ] | 42% Completed | 1.31 s[##################                      ] | 45% Completed | 1.41 s[###################                     ] | 49% Completed | 1.51 s[#####################                   ] | 52% Completed | 1.61 s[######################                  ] | 56% Completed | 1.71 s[#######################                 ] | 59% Completed | 1.81 s[#########################               ] | 63% Completed | 1.91 s[##########################              ] | 66% Completed | 2.01 s[############################            ] | 70% Completed | 2.11 s[#############################           ] | 74% Completed | 2.21 s[###############################         ] | 78% Completed | 2.31 s[########################################] | 100% Completed | 2.43 s
[#################                       ] | 44% Completed | 1.00 s[###################                     ] | 49% Completed | 1.10 s[#####################                   ] | 53% Completed | 1.20 s[#######################                 ] | 58% Completed | 1.30 s[#########################               ] | 63% Completed | 1.40 s[##########################              ] | 67% Completed | 1.50 s[############################            ] | 71% Completed | 1.60 s[##############################          ] | 75% Completed | 1.70 s[################################        ] | 80% Completed | 1.80 s[##################################      ] | 86% Completed | 1.90 s[########################################] | 100% Completed | 2.00 s
[38;5;23m2026-01-21 14:44:44[39m | [38;5;23mINFO[39m | Aggregating dataset for DMR calling (this may take multiple steps)...[39m
[38;5;23m2026-01-21 14:44:44[39m | [38;5;23mINFO[39m | Adding Ranges_ID column to validate merging.[39m
[#################################       ] | 83% Completed | 1.00 s[####################################    ] | 91% Completed | 1.10 s[####################################### ] | 98% Completed | 1.20 s[########################################] | 100% Completed | 1.30 s
[############################            ] | 70% Completed | 1.00 s[###############################         ] | 78% Completed | 1.10 s[###################################     ] | 87% Completed | 1.20 s[######################################  ] | 95% Completed | 1.30 s[########################################] | 100% Completed | 1.40 s
[38;5;23m2026-01-21 14:44:56[39m | [38;5;23mINFO[39m | Recoding given covariates from ['sex'] to: ['sex_male'] to handle categorical variables.[39m
[38;5;23m2026-01-21 14:44:56[39m | [33mWARNING[39m | [33m
                    Insufficient number of samples for statistical modeling.
                    Group 0: 2 samples
                    Group 1: 2 samples
                    Need more than 2 samples per group (> 1 + 1 optional covariates).
                    Setting all p-values to 1 and test statistics to 0.[39m
[38;5;23m2026-01-21 14:44:56[39m | [38;5;23mINFO[39m | Returning conservative results due to insufficient sample sizes[39m
[38;5;23m2026-01-21 14:44:56[39m | [33mWARNING[39m | [33mExtra columns detected: Index(['Annotation'], dtype='object'). These will be retained but are not validated.[39m
[38;5;23m2026-01-21 14:44:56[39m | [38;5;23mINFO[39m | Writing DMRs to /expanse/lustre/projects/csd940/zalibhai/biomodal/modality/outputs_CG/Results/gencode.vM25.mouse.cpg_shores.annotation/DMR_20260121_144456/DMR_mc_control__mutant_20260121_144456.bed.
Columns are :
`Chromosome Start End Name Score Strand num_contexts mean_coverage_across_samples mean_mod_group_1mean_mod_group_2 mod_fold_change mod_difference test_statistic dmr_pvalue dmr_qvalue
Please note that:
 - Name, Score, Strand are not used and are set to `.` for compatibility with pyranges
[39m
[38;5;23m2026-01-21 14:44:57[39m | [38;5;23mINFO[39m | Aggregating dataset for DMR calling (this may take multiple steps)...[39m
[####################################    ] | 92% Completed | 1.00 s[####################################### ] | 99% Completed | 1.10 s[########################################] | 100% Completed | 1.20 s
[##################################      ] | 86% Completed | 1.00 s[######################################  ] | 95% Completed | 1.10 s[########################################] | 100% Completed | 1.20 s
[38;5;23m2026-01-21 14:45:05[39m | [38;5;23mINFO[39m | Recoding given covariates from ['sex'] to: ['sex_male'] to handle categorical variables.[39m
[38;5;23m2026-01-21 14:45:05[39m | [33mWARNING[39m | [33m
                    Insufficient number of samples for statistical modeling.
                    Group 0: 2 samples
                    Group 1: 2 samples
                    Need more than 2 samples per group (> 1 + 1 optional covariates).
                    Setting all p-values to 1 and test statistics to 0.[39m
[38;5;23m2026-01-21 14:45:05[39m | [38;5;23mINFO[39m | Returning conservative results due to insufficient sample sizes[39m
[38;5;23m2026-01-21 14:45:05[39m | [33mWARNING[39m | [33mExtra columns detected: Index(['Annotation'], dtype='object'). These will be retained but are not validated.[39m
[38;5;23m2026-01-21 14:45:05[39m | [38;5;23mINFO[39m | Writing DMRs to /expanse/lustre/projects/csd940/zalibhai/biomodal/modality/outputs_CG/Results/gencode.vM25.mouse.cpg_shores.annotation/DMR_20260121_144456/DMR_hmc_control__mutant_20260121_144456.bed.
Columns are :
`Chromosome Start End Name Score Strand num_contexts mean_coverage_across_samples mean_mod_group_1mean_mod_group_2 mod_fold_change mod_difference test_statistic dmr_pvalue dmr_qvalue
Please note that:
 - Name, Score, Strand are not used and are set to `.` for compatibility with pyranges
[39m
[38;5;23m2026-01-21 14:45:08[39m  [1m[38;5;154mDMR calling completed successfully! Outputs saved to: /expanse/lustre/projects/csd940/zalibhai/biomodal/modality/outputs_CG/Results/gencode.vM25.mouse.cpg_shores.annotation[39m
[38;5;23m2026-01-21 14:45:08[39m | [38;5;23mINFO[39m | DMR track configuration files saved successfully.[39m
[38;5;23m2026-01-21 14:45:08[39m  Wrote provenance sidecar file to /expanse/lustre/projects/csd940/zalibhai/biomodal/modality/outputs_CG/Results/gencode.vM25.mouse.cpg_shores.annotation/DMR_20260121_144456/modality_metadata_20260121_144508.json[39m
/expanse/lustre/projects/csd940/zalibhai/biomodal/modality/outputs_CG/Results/gencode.vM25.mouse.cpg_shores.annotation/DMR_20260121_144456/DMR_mc_control__mutant_20260121_144456.bed /expanse/lustre/projects/csd940/zalibhai/biomodal/modality/outputs_CG/Results/gencode.vM25.mouse.cpg_shores.annotation/DMR_20260121_144456/DMR_hmc_control__mutant_20260121_144456.bed
[INFO] 2026-01-21 14:45:09 - DMR calling completed for /expanse/lustre/projects/csd940/zalibhai/biomodal/modality/mm10/gencode.vM25.mouse.cpg_shores.annotation.bed.gz
[INFO] 2026-01-21 14:45:09 - Running DMR calling on region file: /expanse/lustre/projects/csd940/zalibhai/biomodal/modality/mm10/gencode.vM25.mouse.genes.annotation.bed.gz
Logged in using stored credentials
[38;5;23m2026-01-21 14:45:13[39m  [1m[38;5;123mProvenance information:[39m
[38;5;23m2026-01-21 14:45:13[39m  cmd='/home/zalibhai/miniforge3/envs/modality/bin/modality -v dmr call --zarr-path /expanse/lustre/projects/csd940/zalibhai/biomodal/evoC-run/output/duet-1.5.0_evoC_Bap1_run_6bp/sample_outputs/zarr_store/CG/evoC_Bap1_run.genome.GRCm38_primary_assembly.dedup.CG.zarrz --sample-sheet /expanse/lustre/projects/csd940/zalibhai/biomodal/modality/metadata.tsv --condition-array-name condition --methylation-contexts num_mc num_hmc --bedfile /expanse/lustre/projects/csd940/zalibhai/biomodal/modality/mm10/gencode.vM25.mouse.genes.annotation.bed.gz --covariates sex --filter-context-depth 10 --condition-order control mutant --output-dir /expanse/lustre/projects/csd940/zalibhai/biomodal/modality/outputs_CG/Results/gencode.vM25.mouse.genes.annotation'
timestamp=2026-01-21T14:45:13.453920
version=1.0.0
user=zalibhai

[39m
[38;5;23m2026-01-21 14:45:13[39m  [1m[38;5;123mStarting differential methylation analysis:[39m
[38;5;23m2026-01-21 14:45:13[39m  [38;5;248mZarr path(s)[39m: ['/expanse/lustre/projects/csd940/zalibhai/biomodal/evoC-run/output/duet-1.5.0_evoC_Bap1_run_6bp/sample_outputs/zarr_store/CG/evoC_Bap1_run.genome.GRCm38_primary_assembly.dedup.CG.zarrz'][39m
[38;5;23m2026-01-21 14:45:13[39m  [38;5;248mSample Sheet[39m: /expanse/lustre/projects/csd940/zalibhai/biomodal/modality/metadata.tsv[39m
[38;5;23m2026-01-21 14:45:13[39m  [38;5;248mCondition Array Name[39m: condition[39m
[38;5;23m2026-01-21 14:45:13[39m  [38;5;248mMethylation Contexts[39m: ['num_mc', 'num_hmc'][39m
[38;5;23m2026-01-21 14:45:13[39m  [38;5;248mBedfile[39m: /expanse/lustre/projects/csd940/zalibhai/biomodal/modality/mm10/gencode.vM25.mouse.genes.annotation.bed.gz[39m
[38;5;23m2026-01-21 14:45:13[39m  [38;5;248mCovariates[39m: ['sex'][39m
[38;5;23m2026-01-21 14:45:13[39m  [38;5;248mMin Coverage[39m: 10[39m
[38;5;23m2026-01-21 14:45:13[39m  [38;5;248mCondition Order[39m: ['control', 'mutant'][39m
[38;5;23m2026-01-21 14:45:13[39m  [38;5;248mOutput Dir[39m: /expanse/lustre/projects/csd940/zalibhai/biomodal/modality/outputs_CG/Results/gencode.vM25.mouse.genes.annotation[39m
[38;5;23m2026-01-21 14:45:13[39m  [38;5;248mWindow Size[39m: None[39m
[38;5;23m2026-01-21 14:45:13[39m  [38;5;248mNum Contexts[39m: 0[39m
[38;5;23m2026-01-21 14:45:13[39m  [38;5;248mRegion[39m: None[39m
[38;5;23m2026-01-21 14:45:13[39m  [38;5;248mOverdispersion[39m: False[39m
[38;5;23m2026-01-21 14:45:13[39m  [38;5;248mStatistical Test[39m: wald[39m
[38;5;23m2026-01-21 14:45:13[39m  [38;5;248mDisable Strand Merging[39m: False[39m
[38;5;23m2026-01-21 14:45:13[39m  [38;5;248mCompress[39m: False[39m
[38;5;23m2026-01-21 14:45:13[39m | [38;5;23mINFO[39m | Loading Zarr dataset...[39m
[38;5;23m2026-01-21 14:45:16[39m | [38;5;23mINFO[39m | Merging CpG strands in the dataset.[39m
[38;5;23m2026-01-21 14:45:24[39m | [38;5;23mINFO[39m | Starting DMR calling process, this could take a few minutes...[39m
[38;5;23m2026-01-21 14:45:24[39m | [38;5;23mINFO[39m | Aligning sample sheet with dataset...[39m
[#############                           ] | 34% Completed | 1.08 s[###############                         ] | 38% Completed | 1.18 s[################                        ] | 42% Completed | 1.28 s[##################                      ] | 46% Completed | 1.38 s[####################                    ] | 50% Completed | 1.48 s[#####################                   ] | 54% Completed | 1.58 s[#######################                 ] | 58% Completed | 1.68 s[#########################               ] | 62% Completed | 1.78 s[##########################              ] | 66% Completed | 1.88 s[############################            ] | 70% Completed | 1.98 s[#############################           ] | 74% Completed | 2.08 s[###############################         ] | 78% Completed | 2.18 s[########################################] | 100% Completed | 2.28 s
[38;5;23m2026-01-21 14:45:27[39m | [38;5;23mINFO[39m | filtering low coverage contexts (this may take multiple steps)...[39m
[                                        ] | 0% Completed | 1.00 s[                                        ] | 0% Completed | 1.10 s[                                        ] | 0% Completed | 1.20 s[########################################] | 100% Completed | 1.30 s
[############                            ] | 31% Completed | 1.01 s[##############                          ] | 35% Completed | 1.11 s[###############                         ] | 38% Completed | 1.21 s[################                        ] | 42% Completed | 1.31 s[##################                      ] | 45% Completed | 1.41 s[###################                     ] | 49% Completed | 1.51 s[#####################                   ] | 52% Completed | 1.61 s[######################                  ] | 56% Completed | 1.71 s[########################                ] | 60% Completed | 1.81 s[#########################               ] | 63% Completed | 1.91 s[###########################             ] | 67% Completed | 2.01 s[############################            ] | 71% Completed | 2.11 s[##############################          ] | 75% Completed | 2.21 s[###############################         ] | 79% Completed | 2.31 s[########################################] | 100% Completed | 2.41 s
[#################                       ] | 43% Completed | 1.00 s[###################                     ] | 48% Completed | 1.10 s[#####################                   ] | 52% Completed | 1.20 s[######################                  ] | 57% Completed | 1.30 s[########################                ] | 61% Completed | 1.40 s[##########################              ] | 65% Completed | 1.50 s[###########################             ] | 69% Completed | 1.60 s[#############################           ] | 73% Completed | 1.70 s[###############################         ] | 78% Completed | 1.80 s[#################################       ] | 82% Completed | 1.90 s[#####################################   ] | 94% Completed | 2.00 s[########################################] | 100% Completed | 2.10 s
[38;5;23m2026-01-21 14:45:44[39m | [38;5;23mINFO[39m | Aggregating dataset for DMR calling (this may take multiple steps)...[39m
[38;5;23m2026-01-21 14:45:44[39m | [38;5;23mINFO[39m | Adding Ranges_ID column to validate merging.[39m
[###################################     ] | 88% Completed | 1.00 s[######################################  ] | 96% Completed | 1.10 s[########################################] | 100% Completed | 1.20 s
[#################################       ] | 83% Completed | 1.08 s[#####################################   ] | 92% Completed | 1.18 s[####################################### ] | 99% Completed | 1.30 s[########################################] | 100% Completed | 1.40 s
[38;5;23m2026-01-21 14:45:56[39m | [38;5;23mINFO[39m | Recoding given covariates from ['sex'] to: ['sex_male'] to handle categorical variables.[39m
[38;5;23m2026-01-21 14:45:56[39m | [33mWARNING[39m | [33m
                    Insufficient number of samples for statistical modeling.
                    Group 0: 2 samples
                    Group 1: 2 samples
                    Need more than 2 samples per group (> 1 + 1 optional covariates).
                    Setting all p-values to 1 and test statistics to 0.[39m
[38;5;23m2026-01-21 14:45:56[39m | [38;5;23mINFO[39m | Returning conservative results due to insufficient sample sizes[39m
[38;5;23m2026-01-21 14:45:56[39m | [33mWARNING[39m | [33mExtra columns detected: Index(['Annotation', 'Name'], dtype='object'). These will be retained but are not validated.[39m
[38;5;23m2026-01-21 14:45:56[39m | [38;5;23mINFO[39m | Writing DMRs to /expanse/lustre/projects/csd940/zalibhai/biomodal/modality/outputs_CG/Results/gencode.vM25.mouse.genes.annotation/DMR_20260121_144556/DMR_mc_control__mutant_20260121_144556.bed.
Columns are :
`Chromosome Start End Name Score Strand num_contexts mean_coverage_across_samples mean_mod_group_1mean_mod_group_2 mod_fold_change mod_difference test_statistic dmr_pvalue dmr_qvalue
Please note that:
 - Name, Score, Strand are not used and are set to `.` for compatibility with pyranges
[39m
[38;5;23m2026-01-21 14:45:56[39m | [38;5;23mINFO[39m | Aggregating dataset for DMR calling (this may take multiple steps)...[39m
[####################################### ] | 97% Completed | 1.00 s[########################################] | 100% Completed | 1.10 s
[#################################       ] | 83% Completed | 1.00 s[####################################    ] | 91% Completed | 1.10 s[####################################### ] | 99% Completed | 1.20 s[########################################] | 100% Completed | 1.30 s
[38;5;23m2026-01-21 14:46:05[39m | [38;5;23mINFO[39m | Recoding given covariates from ['sex'] to: ['sex_male'] to handle categorical variables.[39m
[38;5;23m2026-01-21 14:46:05[39m | [33mWARNING[39m | [33m
                    Insufficient number of samples for statistical modeling.
                    Group 0: 2 samples
                    Group 1: 2 samples
                    Need more than 2 samples per group (> 1 + 1 optional covariates).
                    Setting all p-values to 1 and test statistics to 0.[39m
[38;5;23m2026-01-21 14:46:05[39m | [38;5;23mINFO[39m | Returning conservative results due to insufficient sample sizes[39m
[38;5;23m2026-01-21 14:46:05[39m | [33mWARNING[39m | [33mExtra columns detected: Index(['Annotation', 'Name'], dtype='object'). These will be retained but are not validated.[39m
[38;5;23m2026-01-21 14:46:05[39m | [38;5;23mINFO[39m | Writing DMRs to /expanse/lustre/projects/csd940/zalibhai/biomodal/modality/outputs_CG/Results/gencode.vM25.mouse.genes.annotation/DMR_20260121_144556/DMR_hmc_control__mutant_20260121_144556.bed.
Columns are :
`Chromosome Start End Name Score Strand num_contexts mean_coverage_across_samples mean_mod_group_1mean_mod_group_2 mod_fold_change mod_difference test_statistic dmr_pvalue dmr_qvalue
Please note that:
 - Name, Score, Strand are not used and are set to `.` for compatibility with pyranges
[39m
[38;5;23m2026-01-21 14:46:05[39m  [1m[38;5;154mDMR calling completed successfully! Outputs saved to: /expanse/lustre/projects/csd940/zalibhai/biomodal/modality/outputs_CG/Results/gencode.vM25.mouse.genes.annotation[39m
[38;5;23m2026-01-21 14:46:05[39m | [38;5;23mINFO[39m | DMR track configuration files saved successfully.[39m
[38;5;23m2026-01-21 14:46:05[39m  Wrote provenance sidecar file to /expanse/lustre/projects/csd940/zalibhai/biomodal/modality/outputs_CG/Results/gencode.vM25.mouse.genes.annotation/DMR_20260121_144556/modality_metadata_20260121_144605.json[39m
/expanse/lustre/projects/csd940/zalibhai/biomodal/modality/outputs_CG/Results/gencode.vM25.mouse.genes.annotation/DMR_20260121_144556/DMR_mc_control__mutant_20260121_144556.bed /expanse/lustre/projects/csd940/zalibhai/biomodal/modality/outputs_CG/Results/gencode.vM25.mouse.genes.annotation/DMR_20260121_144556/DMR_hmc_control__mutant_20260121_144556.bed
[INFO] 2026-01-21 14:46:06 - DMR calling completed for /expanse/lustre/projects/csd940/zalibhai/biomodal/modality/mm10/gencode.vM25.mouse.genes.annotation.bed.gz
[INFO] 2026-01-21 14:46:06 - Running DMR calling on region file: /expanse/lustre/projects/csd940/zalibhai/biomodal/modality/mm10/gencode.vM25.mouse.promoters.annotation.bed.gz
Logged in using stored credentials
[38;5;23m2026-01-21 14:46:09[39m  [1m[38;5;123mProvenance information:[39m
[38;5;23m2026-01-21 14:46:09[39m  cmd='/home/zalibhai/miniforge3/envs/modality/bin/modality -v dmr call --zarr-path /expanse/lustre/projects/csd940/zalibhai/biomodal/evoC-run/output/duet-1.5.0_evoC_Bap1_run_6bp/sample_outputs/zarr_store/CG/evoC_Bap1_run.genome.GRCm38_primary_assembly.dedup.CG.zarrz --sample-sheet /expanse/lustre/projects/csd940/zalibhai/biomodal/modality/metadata.tsv --condition-array-name condition --methylation-contexts num_mc num_hmc --bedfile /expanse/lustre/projects/csd940/zalibhai/biomodal/modality/mm10/gencode.vM25.mouse.promoters.annotation.bed.gz --covariates sex --filter-context-depth 10 --condition-order control mutant --output-dir /expanse/lustre/projects/csd940/zalibhai/biomodal/modality/outputs_CG/Results/gencode.vM25.mouse.promoters.annotation'
timestamp=2026-01-21T14:46:09.580163
version=1.0.0
user=zalibhai

[39m
[38;5;23m2026-01-21 14:46:09[39m  [1m[38;5;123mStarting differential methylation analysis:[39m
[38;5;23m2026-01-21 14:46:09[39m  [38;5;248mZarr path(s)[39m: ['/expanse/lustre/projects/csd940/zalibhai/biomodal/evoC-run/output/duet-1.5.0_evoC_Bap1_run_6bp/sample_outputs/zarr_store/CG/evoC_Bap1_run.genome.GRCm38_primary_assembly.dedup.CG.zarrz'][39m
[38;5;23m2026-01-21 14:46:09[39m  [38;5;248mSample Sheet[39m: /expanse/lustre/projects/csd940/zalibhai/biomodal/modality/metadata.tsv[39m
[38;5;23m2026-01-21 14:46:09[39m  [38;5;248mCondition Array Name[39m: condition[39m
[38;5;23m2026-01-21 14:46:09[39m  [38;5;248mMethylation Contexts[39m: ['num_mc', 'num_hmc'][39m
[38;5;23m2026-01-21 14:46:09[39m  [38;5;248mBedfile[39m: /expanse/lustre/projects/csd940/zalibhai/biomodal/modality/mm10/gencode.vM25.mouse.promoters.annotation.bed.gz[39m
[38;5;23m2026-01-21 14:46:09[39m  [38;5;248mCovariates[39m: ['sex'][39m
[38;5;23m2026-01-21 14:46:09[39m  [38;5;248mMin Coverage[39m: 10[39m
[38;5;23m2026-01-21 14:46:09[39m  [38;5;248mCondition Order[39m: ['control', 'mutant'][39m
[38;5;23m2026-01-21 14:46:09[39m  [38;5;248mOutput Dir[39m: /expanse/lustre/projects/csd940/zalibhai/biomodal/modality/outputs_CG/Results/gencode.vM25.mouse.promoters.annotation[39m
[38;5;23m2026-01-21 14:46:09[39m  [38;5;248mWindow Size[39m: None[39m
[38;5;23m2026-01-21 14:46:09[39m  [38;5;248mNum Contexts[39m: 0[39m
[38;5;23m2026-01-21 14:46:09[39m  [38;5;248mRegion[39m: None[39m
[38;5;23m2026-01-21 14:46:09[39m  [38;5;248mOverdispersion[39m: False[39m
[38;5;23m2026-01-21 14:46:09[39m  [38;5;248mStatistical Test[39m: wald[39m
[38;5;23m2026-01-21 14:46:09[39m  [38;5;248mDisable Strand Merging[39m: False[39m
[38;5;23m2026-01-21 14:46:09[39m  [38;5;248mCompress[39m: False[39m
[38;5;23m2026-01-21 14:46:09[39m | [38;5;23mINFO[39m | Loading Zarr dataset...[39m
[38;5;23m2026-01-21 14:46:12[39m | [38;5;23mINFO[39m | Merging CpG strands in the dataset.[39m
[38;5;23m2026-01-21 14:46:20[39m | [38;5;23mINFO[39m | Starting DMR calling process, this could take a few minutes...[39m
[38;5;23m2026-01-21 14:46:20[39m | [38;5;23mINFO[39m | Aligning sample sheet with dataset...[39m
[#############                           ] | 32% Completed | 1.03 s[##############                          ] | 36% Completed | 1.13 s[################                        ] | 40% Completed | 1.23 s[#################                       ] | 44% Completed | 1.33 s[###################                     ] | 48% Completed | 1.43 s[####################                    ] | 52% Completed | 1.53 s[######################                  ] | 56% Completed | 1.63 s[########################                ] | 60% Completed | 1.73 s[#########################               ] | 64% Completed | 1.83 s[###########################             ] | 68% Completed | 1.94 s[############################            ] | 72% Completed | 2.04 s[##############################          ] | 76% Completed | 2.14 s[########################################] | 100% Completed | 2.29 s
[38;5;23m2026-01-21 14:46:23[39m | [38;5;23mINFO[39m | filtering low coverage contexts (this may take multiple steps)...[39m
[                                        ] | 0% Completed | 1.00 s[                                        ] | 0% Completed | 1.10 s[                                        ] | 0% Completed | 1.20 s[########################################] | 100% Completed | 1.30 s
[############                            ] | 31% Completed | 1.01 s[#############                           ] | 34% Completed | 1.11 s[###############                         ] | 38% Completed | 1.21 s[################                        ] | 41% Completed | 1.31 s[##################                      ] | 45% Completed | 1.41 s[###################                     ] | 48% Completed | 1.51 s[####################                    ] | 51% Completed | 1.61 s[######################                  ] | 55% Completed | 1.71 s[#######################                 ] | 58% Completed | 1.81 s[#########################               ] | 62% Completed | 1.91 s[##########################              ] | 66% Completed | 2.01 s[###########################             ] | 69% Completed | 2.11 s[#############################           ] | 73% Completed | 2.21 s[##############################          ] | 77% Completed | 2.31 s[########################################] | 100% Completed | 2.45 s
[################                        ] | 42% Completed | 1.00 s[##################                      ] | 46% Completed | 1.10 s[####################                    ] | 51% Completed | 1.20 s[######################                  ] | 55% Completed | 1.30 s[########################                ] | 60% Completed | 1.40 s[#########################               ] | 64% Completed | 1.50 s[###########################             ] | 68% Completed | 1.60 s[#############################           ] | 72% Completed | 1.70 s[##############################          ] | 76% Completed | 1.80 s[################################        ] | 81% Completed | 1.90 s[###################################     ] | 88% Completed | 2.00 s[########################################] | 100% Completed | 2.10 s
[38;5;23m2026-01-21 14:46:40[39m | [38;5;23mINFO[39m | Aggregating dataset for DMR calling (this may take multiple steps)...[39m
[38;5;23m2026-01-21 14:46:40[39m | [38;5;23mINFO[39m | Adding Ranges_ID column to validate merging.[39m
[###################################     ] | 89% Completed | 1.00 s[####################################### ] | 97% Completed | 1.10 s[########################################] | 100% Completed | 1.20 s
[##################################      ] | 87% Completed | 1.00 s[######################################  ] | 95% Completed | 1.10 s[########################################] | 100% Completed | 1.20 s
[38;5;23m2026-01-21 14:46:52[39m | [38;5;23mINFO[39m | Recoding given covariates from ['sex'] to: ['sex_male'] to handle categorical variables.[39m
[38;5;23m2026-01-21 14:46:52[39m | [33mWARNING[39m | [33m
                    Insufficient number of samples for statistical modeling.
                    Group 0: 2 samples
                    Group 1: 2 samples
                    Need more than 2 samples per group (> 1 + 1 optional covariates).
                    Setting all p-values to 1 and test statistics to 0.[39m
[38;5;23m2026-01-21 14:46:52[39m | [38;5;23mINFO[39m | Returning conservative results due to insufficient sample sizes[39m
[38;5;23m2026-01-21 14:46:52[39m | [33mWARNING[39m | [33mExtra columns detected: Index(['Annotation', 'Name'], dtype='object'). These will be retained but are not validated.[39m
[38;5;23m2026-01-21 14:46:52[39m | [38;5;23mINFO[39m | Writing DMRs to /expanse/lustre/projects/csd940/zalibhai/biomodal/modality/outputs_CG/Results/gencode.vM25.mouse.promoters.annotation/DMR_20260121_144652/DMR_mc_control__mutant_20260121_144652.bed.
Columns are :
`Chromosome Start End Name Score Strand num_contexts mean_coverage_across_samples mean_mod_group_1mean_mod_group_2 mod_fold_change mod_difference test_statistic dmr_pvalue dmr_qvalue
Please note that:
 - Name, Score, Strand are not used and are set to `.` for compatibility with pyranges
[39m
[38;5;23m2026-01-21 14:46:54[39m | [38;5;23mINFO[39m | Aggregating dataset for DMR calling (this may take multiple steps)...[39m
[#####################################   ] | 94% Completed | 1.00 s[########################################] | 100% Completed | 1.10 s
[###################################     ] | 87% Completed | 1.00 s[######################################  ] | 96% Completed | 1.10 s[########################################] | 100% Completed | 1.20 s
[38;5;23m2026-01-21 14:47:03[39m | [38;5;23mINFO[39m | Recoding given covariates from ['sex'] to: ['sex_male'] to handle categorical variables.[39m
[38;5;23m2026-01-21 14:47:03[39m | [33mWARNING[39m | [33m
                    Insufficient number of samples for statistical modeling.
                    Group 0: 2 samples
                    Group 1: 2 samples
                    Need more than 2 samples per group (> 1 + 1 optional covariates).
                    Setting all p-values to 1 and test statistics to 0.[39m
[38;5;23m2026-01-21 14:47:03[39m | [38;5;23mINFO[39m | Returning conservative results due to insufficient sample sizes[39m
[38;5;23m2026-01-21 14:47:03[39m | [33mWARNING[39m | [33mExtra columns detected: Index(['Annotation', 'Name'], dtype='object'). These will be retained but are not validated.[39m
[38;5;23m2026-01-21 14:47:03[39m | [38;5;23mINFO[39m | Writing DMRs to /expanse/lustre/projects/csd940/zalibhai/biomodal/modality/outputs_CG/Results/gencode.vM25.mouse.promoters.annotation/DMR_20260121_144652/DMR_hmc_control__mutant_20260121_144652.bed.
Columns are :
`Chromosome Start End Name Score Strand num_contexts mean_coverage_across_samples mean_mod_group_1mean_mod_group_2 mod_fold_change mod_difference test_statistic dmr_pvalue dmr_qvalue
Please note that:
 - Name, Score, Strand are not used and are set to `.` for compatibility with pyranges
[39m
[38;5;23m2026-01-21 14:47:03[39m  [1m[38;5;154mDMR calling completed successfully! Outputs saved to: /expanse/lustre/projects/csd940/zalibhai/biomodal/modality/outputs_CG/Results/gencode.vM25.mouse.promoters.annotation[39m
[38;5;23m2026-01-21 14:47:03[39m | [38;5;23mINFO[39m | DMR track configuration files saved successfully.[39m
[38;5;23m2026-01-21 14:47:03[39m  Wrote provenance sidecar file to /expanse/lustre/projects/csd940/zalibhai/biomodal/modality/outputs_CG/Results/gencode.vM25.mouse.promoters.annotation/DMR_20260121_144652/modality_metadata_20260121_144703.json[39m
/expanse/lustre/projects/csd940/zalibhai/biomodal/modality/outputs_CG/Results/gencode.vM25.mouse.promoters.annotation/DMR_20260121_144652/DMR_mc_control__mutant_20260121_144652.bed /expanse/lustre/projects/csd940/zalibhai/biomodal/modality/outputs_CG/Results/gencode.vM25.mouse.promoters.annotation/DMR_20260121_144652/DMR_hmc_control__mutant_20260121_144652.bed
[INFO] 2026-01-21 14:47:04 - DMR calling completed for /expanse/lustre/projects/csd940/zalibhai/biomodal/modality/mm10/gencode.vM25.mouse.promoters.annotation.bed.gz
[INFO] 2026-01-21 14:47:04 - Running DMR calling on region file: /expanse/lustre/projects/csd940/zalibhai/biomodal/modality/mm10/gencode.vM25.mouse.tss_region.annotation.bed.gz
Logged in using stored credentials
[38;5;23m2026-01-21 14:47:08[39m  [1m[38;5;123mProvenance information:[39m
[38;5;23m2026-01-21 14:47:08[39m  cmd='/home/zalibhai/miniforge3/envs/modality/bin/modality -v dmr call --zarr-path /expanse/lustre/projects/csd940/zalibhai/biomodal/evoC-run/output/duet-1.5.0_evoC_Bap1_run_6bp/sample_outputs/zarr_store/CG/evoC_Bap1_run.genome.GRCm38_primary_assembly.dedup.CG.zarrz --sample-sheet /expanse/lustre/projects/csd940/zalibhai/biomodal/modality/metadata.tsv --condition-array-name condition --methylation-contexts num_mc num_hmc --bedfile /expanse/lustre/projects/csd940/zalibhai/biomodal/modality/mm10/gencode.vM25.mouse.tss_region.annotation.bed.gz --covariates sex --filter-context-depth 10 --condition-order control mutant --output-dir /expanse/lustre/projects/csd940/zalibhai/biomodal/modality/outputs_CG/Results/gencode.vM25.mouse.tss_region.annotation'
timestamp=2026-01-21T14:47:08.137971
version=1.0.0
user=zalibhai

[39m
[38;5;23m2026-01-21 14:47:08[39m  [1m[38;5;123mStarting differential methylation analysis:[39m
[38;5;23m2026-01-21 14:47:08[39m  [38;5;248mZarr path(s)[39m: ['/expanse/lustre/projects/csd940/zalibhai/biomodal/evoC-run/output/duet-1.5.0_evoC_Bap1_run_6bp/sample_outputs/zarr_store/CG/evoC_Bap1_run.genome.GRCm38_primary_assembly.dedup.CG.zarrz'][39m
[38;5;23m2026-01-21 14:47:08[39m  [38;5;248mSample Sheet[39m: /expanse/lustre/projects/csd940/zalibhai/biomodal/modality/metadata.tsv[39m
[38;5;23m2026-01-21 14:47:08[39m  [38;5;248mCondition Array Name[39m: condition[39m
[38;5;23m2026-01-21 14:47:08[39m  [38;5;248mMethylation Contexts[39m: ['num_mc', 'num_hmc'][39m
[38;5;23m2026-01-21 14:47:08[39m  [38;5;248mBedfile[39m: /expanse/lustre/projects/csd940/zalibhai/biomodal/modality/mm10/gencode.vM25.mouse.tss_region.annotation.bed.gz[39m
[38;5;23m2026-01-21 14:47:08[39m  [38;5;248mCovariates[39m: ['sex'][39m
[38;5;23m2026-01-21 14:47:08[39m  [38;5;248mMin Coverage[39m: 10[39m
[38;5;23m2026-01-21 14:47:08[39m  [38;5;248mCondition Order[39m: ['control', 'mutant'][39m
[38;5;23m2026-01-21 14:47:08[39m  [38;5;248mOutput Dir[39m: /expanse/lustre/projects/csd940/zalibhai/biomodal/modality/outputs_CG/Results/gencode.vM25.mouse.tss_region.annotation[39m
[38;5;23m2026-01-21 14:47:08[39m  [38;5;248mWindow Size[39m: None[39m
[38;5;23m2026-01-21 14:47:08[39m  [38;5;248mNum Contexts[39m: 0[39m
[38;5;23m2026-01-21 14:47:08[39m  [38;5;248mRegion[39m: None[39m
[38;5;23m2026-01-21 14:47:08[39m  [38;5;248mOverdispersion[39m: False[39m
[38;5;23m2026-01-21 14:47:08[39m  [38;5;248mStatistical Test[39m: wald[39m
[38;5;23m2026-01-21 14:47:08[39m  [38;5;248mDisable Strand Merging[39m: False[39m
[38;5;23m2026-01-21 14:47:08[39m  [38;5;248mCompress[39m: False[39m
[38;5;23m2026-01-21 14:47:08[39m | [38;5;23mINFO[39m | Loading Zarr dataset...[39m
[38;5;23m2026-01-21 14:47:10[39m | [38;5;23mINFO[39m | Merging CpG strands in the dataset.[39m
[38;5;23m2026-01-21 14:47:19[39m | [38;5;23mINFO[39m | Starting DMR calling process, this could take a few minutes...[39m
[38;5;23m2026-01-21 14:47:19[39m | [38;5;23mINFO[39m | Aligning sample sheet with dataset...[39m
[###########                             ] | 29% Completed | 1.05 s[#############                           ] | 33% Completed | 1.16 s[##############                          ] | 37% Completed | 1.26 s[################                        ] | 41% Completed | 1.36 s[#################                       ] | 44% Completed | 1.46 s[###################                     ] | 48% Completed | 1.56 s[####################                    ] | 52% Completed | 1.66 s[######################                  ] | 55% Completed | 1.76 s[#######################                 ] | 59% Completed | 1.86 s[#########################               ] | 63% Completed | 1.96 s[###########################             ] | 67% Completed | 2.06 s[############################            ] | 71% Completed | 2.16 s[##############################          ] | 75% Completed | 2.26 s[###############################         ] | 79% Completed | 2.36 s[########################################] | 100% Completed | 2.46 s
[38;5;23m2026-01-21 14:47:22[39m | [38;5;23mINFO[39m | filtering low coverage contexts (this may take multiple steps)...[39m
[                                        ] | 0% Completed | 1.00 s[                                        ] | 0% Completed | 1.10 s[                                        ] | 0% Completed | 1.20 s[########################################] | 100% Completed | 1.30 s
[############                            ] | 30% Completed | 1.01 s[#############                           ] | 33% Completed | 1.11 s[##############                          ] | 37% Completed | 1.21 s[################                        ] | 40% Completed | 1.31 s[#################                       ] | 44% Completed | 1.41 s[###################                     ] | 47% Completed | 1.51 s[####################                    ] | 51% Completed | 1.61 s[#####################                   ] | 54% Completed | 1.71 s[#######################                 ] | 58% Completed | 1.81 s[########################                ] | 61% Completed | 1.91 s[##########################              ] | 65% Completed | 2.01 s[###########################             ] | 68% Completed | 2.11 s[#############################           ] | 72% Completed | 2.21 s[##############################          ] | 76% Completed | 2.31 s[################################        ] | 81% Completed | 2.41 s[########################################] | 100% Completed | 2.51 s
[################                        ] | 41% Completed | 1.00 s[##################                      ] | 46% Completed | 1.10 s[####################                    ] | 51% Completed | 1.20 s[######################                  ] | 55% Completed | 1.30 s[#######################                 ] | 59% Completed | 1.40 s[#########################               ] | 63% Completed | 1.50 s[###########################             ] | 68% Completed | 1.60 s[############################            ] | 72% Completed | 1.70 s[##############################          ] | 76% Completed | 1.80 s[################################        ] | 80% Completed | 1.90 s[##################################      ] | 86% Completed | 2.00 s[########################################] | 100% Completed | 2.10 s
[38;5;23m2026-01-21 14:47:39[39m | [38;5;23mINFO[39m | Aggregating dataset for DMR calling (this may take multiple steps)...[39m
[38;5;23m2026-01-21 14:47:39[39m | [38;5;23mINFO[39m | Adding Ranges_ID column to validate merging.[39m
[###################################     ] | 88% Completed | 1.00 s[######################################  ] | 97% Completed | 1.10 s[########################################] | 100% Completed | 1.20 s
[###################################     ] | 89% Completed | 1.00 s[######################################  ] | 97% Completed | 1.10 s[########################################] | 100% Completed | 1.20 s
[38;5;23m2026-01-21 14:47:51[39m | [38;5;23mINFO[39m | Recoding given covariates from ['sex'] to: ['sex_male'] to handle categorical variables.[39m
[38;5;23m2026-01-21 14:47:51[39m | [33mWARNING[39m | [33m
                    Insufficient number of samples for statistical modeling.
                    Group 0: 2 samples
                    Group 1: 2 samples
                    Need more than 2 samples per group (> 1 + 1 optional covariates).
                    Setting all p-values to 1 and test statistics to 0.[39m
[38;5;23m2026-01-21 14:47:51[39m | [38;5;23mINFO[39m | Returning conservative results due to insufficient sample sizes[39m
[38;5;23m2026-01-21 14:47:51[39m | [33mWARNING[39m | [33mExtra columns detected: Index(['Annotation', 'Name'], dtype='object'). These will be retained but are not validated.[39m
[38;5;23m2026-01-21 14:47:51[39m | [38;5;23mINFO[39m | Writing DMRs to /expanse/lustre/projects/csd940/zalibhai/biomodal/modality/outputs_CG/Results/gencode.vM25.mouse.tss_region.annotation/DMR_20260121_144751/DMR_mc_control__mutant_20260121_144751.bed.
Columns are :
`Chromosome Start End Name Score Strand num_contexts mean_coverage_across_samples mean_mod_group_1mean_mod_group_2 mod_fold_change mod_difference test_statistic dmr_pvalue dmr_qvalue
Please note that:
 - Name, Score, Strand are not used and are set to `.` for compatibility with pyranges
[39m
[38;5;23m2026-01-21 14:47:51[39m | [38;5;23mINFO[39m | Aggregating dataset for DMR calling (this may take multiple steps)...[39m
[######################################  ] | 95% Completed | 1.00 s[########################################] | 100% Completed | 1.10 s
[###################################     ] | 89% Completed | 1.00 s[####################################### ] | 97% Completed | 1.10 s[########################################] | 100% Completed | 1.20 s
[38;5;23m2026-01-21 14:47:59[39m | [38;5;23mINFO[39m | Recoding given covariates from ['sex'] to: ['sex_male'] to handle categorical variables.[39m
[38;5;23m2026-01-21 14:47:59[39m | [33mWARNING[39m | [33m
                    Insufficient number of samples for statistical modeling.
                    Group 0: 2 samples
                    Group 1: 2 samples
                    Need more than 2 samples per group (> 1 + 1 optional covariates).
                    Setting all p-values to 1 and test statistics to 0.[39m
[38;5;23m2026-01-21 14:47:59[39m | [38;5;23mINFO[39m | Returning conservative results due to insufficient sample sizes[39m
[38;5;23m2026-01-21 14:48:00[39m | [33mWARNING[39m | [33mExtra columns detected: Index(['Annotation', 'Name'], dtype='object'). These will be retained but are not validated.[39m
[38;5;23m2026-01-21 14:48:00[39m | [38;5;23mINFO[39m | Writing DMRs to /expanse/lustre/projects/csd940/zalibhai/biomodal/modality/outputs_CG/Results/gencode.vM25.mouse.tss_region.annotation/DMR_20260121_144751/DMR_hmc_control__mutant_20260121_144751.bed.
Columns are :
`Chromosome Start End Name Score Strand num_contexts mean_coverage_across_samples mean_mod_group_1mean_mod_group_2 mod_fold_change mod_difference test_statistic dmr_pvalue dmr_qvalue
Please note that:
 - Name, Score, Strand are not used and are set to `.` for compatibility with pyranges
[39m
[38;5;23m2026-01-21 14:48:00[39m  [1m[38;5;154mDMR calling completed successfully! Outputs saved to: /expanse/lustre/projects/csd940/zalibhai/biomodal/modality/outputs_CG/Results/gencode.vM25.mouse.tss_region.annotation[39m
[38;5;23m2026-01-21 14:48:00[39m | [38;5;23mINFO[39m | DMR track configuration files saved successfully.[39m
[38;5;23m2026-01-21 14:48:00[39m  Wrote provenance sidecar file to /expanse/lustre/projects/csd940/zalibhai/biomodal/modality/outputs_CG/Results/gencode.vM25.mouse.tss_region.annotation/DMR_20260121_144751/modality_metadata_20260121_144800.json[39m
/expanse/lustre/projects/csd940/zalibhai/biomodal/modality/outputs_CG/Results/gencode.vM25.mouse.tss_region.annotation/DMR_20260121_144751/DMR_mc_control__mutant_20260121_144751.bed /expanse/lustre/projects/csd940/zalibhai/biomodal/modality/outputs_CG/Results/gencode.vM25.mouse.tss_region.annotation/DMR_20260121_144751/DMR_hmc_control__mutant_20260121_144751.bed
[INFO] 2026-01-21 14:48:00 - DMR calling completed for /expanse/lustre/projects/csd940/zalibhai/biomodal/modality/mm10/gencode.vM25.mouse.tss_region.annotation.bed.gz
[INFO] 2026-01-21 14:48:00 - All DMR calling completed


=====================================
STEP 4: GENERATING DMR VISUALISATIONS
=====================================
[INFO] 2026-01-21 14:48:00 - Processing DMR visualisation for region: gencode.vM25.mouse.cpg_islands.annotation
[INFO] 2026-01-21 14:48:00 - Generating DMR plots for /expanse/lustre/projects/csd940/zalibhai/biomodal/modality/outputs_CG/Results/gencode.vM25.mouse.cpg_islands.annotation/DMR_20260121_144209/DMR_hmc_control__mutant_20260121_144209.bed...
Logged in using stored credentials
[38;5;23m2026-01-21 14:48:03[39m  [1m[38;5;123mProvenance information:[39m
[38;5;23m2026-01-21 14:48:03[39m  cmd='/home/zalibhai/miniforge3/envs/modality/bin/modality -v dmr plot --dmr-results /expanse/lustre/projects/csd940/zalibhai/biomodal/modality/outputs_CG/Results/gencode.vM25.mouse.cpg_islands.annotation/DMR_20260121_144209/DMR_hmc_control__mutant_20260121_144209.bed --output-dir /expanse/lustre/projects/csd940/zalibhai/biomodal/modality/outputs_CG/Results/gencode.vM25.mouse.cpg_islands.annotation'
timestamp=2026-01-21T14:48:03.939876
version=1.0.0
user=zalibhai

[39m
[38;5;23m2026-01-21 14:48:03[39m  [1m[38;5;123mGenerating DMR plots:[39m
[38;5;23m2026-01-21 14:48:03[39m  [38;5;248mDmr Results[39m: ['/expanse/lustre/projects/csd940/zalibhai/biomodal/modality/outputs_CG/Results/gencode.vM25.mouse.cpg_islands.annotation/DMR_20260121_144209/DMR_hmc_control__mutant_20260121_144209.bed'][39m
[38;5;23m2026-01-21 14:48:03[39m  [38;5;248mOutput Dir[39m: /expanse/lustre/projects/csd940/zalibhai/biomodal/modality/outputs_CG/Results/gencode.vM25.mouse.cpg_islands.annotation[39m
[38;5;23m2026-01-21 14:48:03[39m  [38;5;248mFilter Qvalue[39m: None[39m
[38;5;23m2026-01-21 14:48:03[39m  [38;5;248mFilter Mod Difference[39m: None[39m
[38;5;23m2026-01-21 14:48:03[39m | [38;5;23mINFO[39m | Loading DMR file: /expanse/lustre/projects/csd940/zalibhai/biomodal/modality/outputs_CG/Results/gencode.vM25.mouse.cpg_islands.annotation/DMR_20260121_144209/DMR_hmc_control__mutant_20260121_144209.bed[39m
[38;5;23m2026-01-21 14:48:03[39m | [33mWARNING[39m | [33mExtra columns detected: Index(['Annotation'], dtype='object'). These will be retained but are not validated.[39m
[38;5;23m2026-01-21 14:48:03[39m | [38;5;23mINFO[39m | Loaded DMR file with 1237 rows[39m
[38;5;23m2026-01-21 14:48:03[39m | [38;5;23mINFO[39m | Detected insufficient sample size condition (all p-values=1.0 and test_statistics=0.0)[39m
[38;5;23m2026-01-21 14:48:04[39m | [38;5;23mINFO[39m | No filtering applied to DMRs[39m
[38;5;23m2026-01-21 14:48:04[39m | [38;5;23mINFO[39m | After filtering, DMR result has 1237 rows[39m
[38;5;23m2026-01-21 14:48:04[39m | [38;5;23mINFO[39m | Data ranges - mod_difference: [-0.3135852451641925, 0.2723214285714286], min q-value: 1.0[39m
[38;5;23m2026-01-21 14:48:04[39m | [38;5;23mINFO[39m | Preparing volcano plot data[39m
[38;5;23m2026-01-21 14:48:04[39m | [38;5;23mINFO[39m | Preparing histogram plot data[39m
[38;5;23m2026-01-21 14:48:04[39m | [38;5;23mINFO[39m | Histogram data for group 'CpG_island': 1237 p-values[39m
[38;5;23m2026-01-21 14:48:04[39m | [38;5;23mINFO[39m | p-value range: [1.0, 1.0][39m
[38;5;23m2026-01-21 14:48:04[39m | [38;5;23mINFO[39m | Volcano plot has 1237 total points across 1 groups[39m
[38;5;23m2026-01-21 14:48:04[39m | [33mWARNING[39m | [33mExtra columns detected: Index(['Annotation'], dtype='object'). These will be retained but are not validated.[39m
[38;5;23m2026-01-21 14:48:04[39m | [38;5;23mINFO[39m | Generated DMR report: /expanse/lustre/projects/csd940/zalibhai/biomodal/modality/outputs_CG/Results/gencode.vM25.mouse.cpg_islands.annotation/DMR_Report_20260121_144804/DMR_Report_hmc_control__mutant.dmr.volcano_20260121_144804.html[39m
[38;5;23m2026-01-21 14:48:04[39m | [38;5;23mINFO[39m | Generated 1 DMR reports.[39m
[38;5;23m2026-01-21 14:48:04[39m  [1m[38;5;154mDMR report successfully generated: /expanse/lustre/projects/csd940/zalibhai/biomodal/modality/outputs_CG/Results/gencode.vM25.mouse.cpg_islands.annotation/DMR_Report_20260121_144804/DMR_Report_hmc_control__mutant.dmr.volcano_20260121_144804.html[39m
[38;5;23m2026-01-21 14:48:04[39m | [38;5;23mINFO[39m | No filtered DMR files were generated. Check your filter parameters.[39m
[38;5;23m2026-01-21 14:48:04[39m  Wrote provenance sidecar file to /expanse/lustre/projects/csd940/zalibhai/biomodal/modality/outputs_CG/Results/gencode.vM25.mouse.cpg_islands.annotation/DMR_Report_20260121_144804/modality_metadata_20260121_144804.json[39m
Logged in using stored credentials
[38;5;23m2026-01-21 14:48:08[39m  [1m[38;5;123mProvenance information:[39m
[38;5;23m2026-01-21 14:48:08[39m  cmd='/home/zalibhai/miniforge3/envs/modality/bin/modality dmr plot --dmr-results /expanse/lustre/projects/csd940/zalibhai/biomodal/modality/outputs_CG/Results/gencode.vM25.mouse.cpg_islands.annotation/DMR_20260121_144209/DMR_hmc_control__mutant_20260121_144209.bed --filter-qvalue 0.05 --output-dir /expanse/lustre/projects/csd940/zalibhai/biomodal/modality/outputs_CG/Results/gencode.vM25.mouse.cpg_islands.annotation'
timestamp=2026-01-21T14:48:08.568916
version=1.0.0
user=zalibhai

[39m
[38;5;23m2026-01-21 14:48:08[39m  [1m[38;5;123mGenerating DMR plots:[39m
[38;5;23m2026-01-21 14:48:08[39m  [38;5;248mDmr Results[39m: ['/expanse/lustre/projects/csd940/zalibhai/biomodal/modality/outputs_CG/Results/gencode.vM25.mouse.cpg_islands.annotation/DMR_20260121_144209/DMR_hmc_control__mutant_20260121_144209.bed'][39m
[38;5;23m2026-01-21 14:48:08[39m  [38;5;248mFilter Qvalue[39m: 0.05[39m
[38;5;23m2026-01-21 14:48:08[39m  [38;5;248mOutput Dir[39m: /expanse/lustre/projects/csd940/zalibhai/biomodal/modality/outputs_CG/Results/gencode.vM25.mouse.cpg_islands.annotation[39m
[38;5;23m2026-01-21 14:48:08[39m  [38;5;248mFilter Mod Difference[39m: None[39m
[38;5;23m2026-01-21 14:48:08[39m | [33mWARNING[39m | [33mExtra columns detected: Index(['Annotation'], dtype='object'). These will be retained but are not validated.[39m
[38;5;23m2026-01-21 14:48:08[39m | [33mWARNING[39m | [33mDMR results empty after applying filters (filter_qvalue=0.05, filter_mod_difference=None) for condition-pair=control__mutant and methylation-context=hmc. No filtered output and plot will be produced.[39m
[38;5;23m2026-01-21 14:48:08[39m | [33mWARNING[39m | [33mNo DMR reports were generated. Check your input files and filter parameters.[39m
[INFO] 2026-01-21 14:48:09 - DMR plots generated for /expanse/lustre/projects/csd940/zalibhai/biomodal/modality/outputs_CG/Results/gencode.vM25.mouse.cpg_islands.annotation/DMR_20260121_144209/DMR_hmc_control__mutant_20260121_144209.bed
[INFO] 2026-01-21 14:48:09 - Generating DMR plots for /expanse/lustre/projects/csd940/zalibhai/biomodal/modality/outputs_CG/Results/gencode.vM25.mouse.cpg_islands.annotation/DMR_20260121_144209/DMR_mc_control__mutant_20260121_144209.bed...
Logged in using stored credentials
[38;5;23m2026-01-21 14:48:12[39m  [1m[38;5;123mProvenance information:[39m
[38;5;23m2026-01-21 14:48:12[39m  cmd='/home/zalibhai/miniforge3/envs/modality/bin/modality -v dmr plot --dmr-results /expanse/lustre/projects/csd940/zalibhai/biomodal/modality/outputs_CG/Results/gencode.vM25.mouse.cpg_islands.annotation/DMR_20260121_144209/DMR_mc_control__mutant_20260121_144209.bed --output-dir /expanse/lustre/projects/csd940/zalibhai/biomodal/modality/outputs_CG/Results/gencode.vM25.mouse.cpg_islands.annotation'
timestamp=2026-01-21T14:48:12.092279
version=1.0.0
user=zalibhai

[39m
[38;5;23m2026-01-21 14:48:12[39m  [1m[38;5;123mGenerating DMR plots:[39m
[38;5;23m2026-01-21 14:48:12[39m  [38;5;248mDmr Results[39m: ['/expanse/lustre/projects/csd940/zalibhai/biomodal/modality/outputs_CG/Results/gencode.vM25.mouse.cpg_islands.annotation/DMR_20260121_144209/DMR_mc_control__mutant_20260121_144209.bed'][39m
[38;5;23m2026-01-21 14:48:12[39m  [38;5;248mOutput Dir[39m: /expanse/lustre/projects/csd940/zalibhai/biomodal/modality/outputs_CG/Results/gencode.vM25.mouse.cpg_islands.annotation[39m
[38;5;23m2026-01-21 14:48:12[39m  [38;5;248mFilter Qvalue[39m: None[39m
[38;5;23m2026-01-21 14:48:12[39m  [38;5;248mFilter Mod Difference[39m: None[39m
[38;5;23m2026-01-21 14:48:12[39m | [38;5;23mINFO[39m | Loading DMR file: /expanse/lustre/projects/csd940/zalibhai/biomodal/modality/outputs_CG/Results/gencode.vM25.mouse.cpg_islands.annotation/DMR_20260121_144209/DMR_mc_control__mutant_20260121_144209.bed[39m
[38;5;23m2026-01-21 14:48:12[39m | [33mWARNING[39m | [33mExtra columns detected: Index(['Annotation'], dtype='object'). These will be retained but are not validated.[39m
[38;5;23m2026-01-21 14:48:12[39m | [38;5;23mINFO[39m | Loaded DMR file with 1237 rows[39m
[38;5;23m2026-01-21 14:48:12[39m | [38;5;23mINFO[39m | Detected insufficient sample size condition (all p-values=1.0 and test_statistics=0.0)[39m
[38;5;23m2026-01-21 14:48:12[39m | [38;5;23mINFO[39m | No filtering applied to DMRs[39m
[38;5;23m2026-01-21 14:48:12[39m | [38;5;23mINFO[39m | After filtering, DMR result has 1237 rows[39m
[38;5;23m2026-01-21 14:48:12[39m | [38;5;23mINFO[39m | Data ranges - mod_difference: [-0.504079254079254, 0.3085241111556901], min q-value: 1.0[39m
[38;5;23m2026-01-21 14:48:12[39m | [38;5;23mINFO[39m | Preparing volcano plot data[39m
[38;5;23m2026-01-21 14:48:12[39m | [38;5;23mINFO[39m | Preparing histogram plot data[39m
[38;5;23m2026-01-21 14:48:12[39m | [38;5;23mINFO[39m | Histogram data for group 'CpG_island': 1237 p-values[39m
[38;5;23m2026-01-21 14:48:12[39m | [38;5;23mINFO[39m | p-value range: [1.0, 1.0][39m
[38;5;23m2026-01-21 14:48:12[39m | [38;5;23mINFO[39m | Volcano plot has 1237 total points across 1 groups[39m
[38;5;23m2026-01-21 14:48:12[39m | [33mWARNING[39m | [33mExtra columns detected: Index(['Annotation'], dtype='object'). These will be retained but are not validated.[39m
[38;5;23m2026-01-21 14:48:12[39m | [38;5;23mINFO[39m | Generated DMR report: /expanse/lustre/projects/csd940/zalibhai/biomodal/modality/outputs_CG/Results/gencode.vM25.mouse.cpg_islands.annotation/DMR_Report_20260121_144812/DMR_Report_mc_control__mutant.dmr.volcano_20260121_144812.html[39m
[38;5;23m2026-01-21 14:48:12[39m | [38;5;23mINFO[39m | Generated 1 DMR reports.[39m
[38;5;23m2026-01-21 14:48:12[39m  [1m[38;5;154mDMR report successfully generated: /expanse/lustre/projects/csd940/zalibhai/biomodal/modality/outputs_CG/Results/gencode.vM25.mouse.cpg_islands.annotation/DMR_Report_20260121_144812/DMR_Report_mc_control__mutant.dmr.volcano_20260121_144812.html[39m
[38;5;23m2026-01-21 14:48:12[39m | [38;5;23mINFO[39m | No filtered DMR files were generated. Check your filter parameters.[39m
[38;5;23m2026-01-21 14:48:12[39m  Wrote provenance sidecar file to /expanse/lustre/projects/csd940/zalibhai/biomodal/modality/outputs_CG/Results/gencode.vM25.mouse.cpg_islands.annotation/DMR_Report_20260121_144812/modality_metadata_20260121_144812.json[39m
Logged in using stored credentials
[38;5;23m2026-01-21 14:48:15[39m  [1m[38;5;123mProvenance information:[39m
[38;5;23m2026-01-21 14:48:15[39m  cmd='/home/zalibhai/miniforge3/envs/modality/bin/modality dmr plot --dmr-results /expanse/lustre/projects/csd940/zalibhai/biomodal/modality/outputs_CG/Results/gencode.vM25.mouse.cpg_islands.annotation/DMR_20260121_144209/DMR_mc_control__mutant_20260121_144209.bed --filter-qvalue 0.05 --output-dir /expanse/lustre/projects/csd940/zalibhai/biomodal/modality/outputs_CG/Results/gencode.vM25.mouse.cpg_islands.annotation'
timestamp=2026-01-21T14:48:15.754566
version=1.0.0
user=zalibhai

[39m
[38;5;23m2026-01-21 14:48:15[39m  [1m[38;5;123mGenerating DMR plots:[39m
[38;5;23m2026-01-21 14:48:15[39m  [38;5;248mDmr Results[39m: ['/expanse/lustre/projects/csd940/zalibhai/biomodal/modality/outputs_CG/Results/gencode.vM25.mouse.cpg_islands.annotation/DMR_20260121_144209/DMR_mc_control__mutant_20260121_144209.bed'][39m
[38;5;23m2026-01-21 14:48:15[39m  [38;5;248mFilter Qvalue[39m: 0.05[39m
[38;5;23m2026-01-21 14:48:15[39m  [38;5;248mOutput Dir[39m: /expanse/lustre/projects/csd940/zalibhai/biomodal/modality/outputs_CG/Results/gencode.vM25.mouse.cpg_islands.annotation[39m
[38;5;23m2026-01-21 14:48:15[39m  [38;5;248mFilter Mod Difference[39m: None[39m
[38;5;23m2026-01-21 14:48:15[39m | [33mWARNING[39m | [33mExtra columns detected: Index(['Annotation'], dtype='object'). These will be retained but are not validated.[39m
[38;5;23m2026-01-21 14:48:15[39m | [33mWARNING[39m | [33mDMR results empty after applying filters (filter_qvalue=0.05, filter_mod_difference=None) for condition-pair=control__mutant and methylation-context=mc. No filtered output and plot will be produced.[39m
[38;5;23m2026-01-21 14:48:15[39m | [33mWARNING[39m | [33mNo DMR reports were generated. Check your input files and filter parameters.[39m
[INFO] 2026-01-21 14:48:16 - DMR plots generated for /expanse/lustre/projects/csd940/zalibhai/biomodal/modality/outputs_CG/Results/gencode.vM25.mouse.cpg_islands.annotation/DMR_20260121_144209/DMR_mc_control__mutant_20260121_144209.bed
[INFO] 2026-01-21 14:48:16 - Generating DMR plots for /expanse/lustre/projects/csd940/zalibhai/biomodal/modality/outputs_CG/Results/gencode.vM25.mouse.cpg_islands.annotation/DMR_20260121_144304/DMR_hmc_control__mutant_20260121_144304.bed...
Logged in using stored credentials
[38;5;23m2026-01-21 14:48:19[39m  [1m[38;5;123mProvenance information:[39m
[38;5;23m2026-01-21 14:48:19[39m  cmd='/home/zalibhai/miniforge3/envs/modality/bin/modality -v dmr plot --dmr-results /expanse/lustre/projects/csd940/zalibhai/biomodal/modality/outputs_CG/Results/gencode.vM25.mouse.cpg_islands.annotation/DMR_20260121_144304/DMR_hmc_control__mutant_20260121_144304.bed --output-dir /expanse/lustre/projects/csd940/zalibhai/biomodal/modality/outputs_CG/Results/gencode.vM25.mouse.cpg_islands.annotation'
timestamp=2026-01-21T14:48:19.264026
version=1.0.0
user=zalibhai

[39m
[38;5;23m2026-01-21 14:48:19[39m  [1m[38;5;123mGenerating DMR plots:[39m
[38;5;23m2026-01-21 14:48:19[39m  [38;5;248mDmr Results[39m: ['/expanse/lustre/projects/csd940/zalibhai/biomodal/modality/outputs_CG/Results/gencode.vM25.mouse.cpg_islands.annotation/DMR_20260121_144304/DMR_hmc_control__mutant_20260121_144304.bed'][39m
[38;5;23m2026-01-21 14:48:19[39m  [38;5;248mOutput Dir[39m: /expanse/lustre/projects/csd940/zalibhai/biomodal/modality/outputs_CG/Results/gencode.vM25.mouse.cpg_islands.annotation[39m
[38;5;23m2026-01-21 14:48:19[39m  [38;5;248mFilter Qvalue[39m: None[39m
[38;5;23m2026-01-21 14:48:19[39m  [38;5;248mFilter Mod Difference[39m: None[39m
[38;5;23m2026-01-21 14:48:19[39m | [38;5;23mINFO[39m | Loading DMR file: /expanse/lustre/projects/csd940/zalibhai/biomodal/modality/outputs_CG/Results/gencode.vM25.mouse.cpg_islands.annotation/DMR_20260121_144304/DMR_hmc_control__mutant_20260121_144304.bed[39m
[38;5;23m2026-01-21 14:48:19[39m | [33mWARNING[39m | [33mExtra columns detected: Index(['Annotation'], dtype='object'). These will be retained but are not validated.[39m
[38;5;23m2026-01-21 14:48:19[39m | [38;5;23mINFO[39m | Loaded DMR file with 1237 rows[39m
[38;5;23m2026-01-21 14:48:19[39m | [38;5;23mINFO[39m | Detected insufficient sample size condition (all p-values=1.0 and test_statistics=0.0)[39m
[38;5;23m2026-01-21 14:48:19[39m | [38;5;23mINFO[39m | No filtering applied to DMRs[39m
[38;5;23m2026-01-21 14:48:19[39m | [38;5;23mINFO[39m | After filtering, DMR result has 1237 rows[39m
[38;5;23m2026-01-21 14:48:19[39m | [38;5;23mINFO[39m | Data ranges - mod_difference: [-0.3135852451641925, 0.2723214285714286], min q-value: 1.0[39m
[38;5;23m2026-01-21 14:48:19[39m | [38;5;23mINFO[39m | Preparing volcano plot data[39m
[38;5;23m2026-01-21 14:48:19[39m | [38;5;23mINFO[39m | Preparing histogram plot data[39m
[38;5;23m2026-01-21 14:48:19[39m | [38;5;23mINFO[39m | Histogram data for group 'CpG_island': 1237 p-values[39m
[38;5;23m2026-01-21 14:48:19[39m | [38;5;23mINFO[39m | p-value range: [1.0, 1.0][39m
[38;5;23m2026-01-21 14:48:19[39m | [38;5;23mINFO[39m | Volcano plot has 1237 total points across 1 groups[39m
[38;5;23m2026-01-21 14:48:19[39m | [33mWARNING[39m | [33mExtra columns detected: Index(['Annotation'], dtype='object'). These will be retained but are not validated.[39m
[38;5;23m2026-01-21 14:48:19[39m | [38;5;23mINFO[39m | Generated DMR report: /expanse/lustre/projects/csd940/zalibhai/biomodal/modality/outputs_CG/Results/gencode.vM25.mouse.cpg_islands.annotation/DMR_Report_20260121_144819/DMR_Report_hmc_control__mutant.dmr.volcano_20260121_144819.html[39m
[38;5;23m2026-01-21 14:48:19[39m | [38;5;23mINFO[39m | Generated 1 DMR reports.[39m
[38;5;23m2026-01-21 14:48:19[39m  [1m[38;5;154mDMR report successfully generated: /expanse/lustre/projects/csd940/zalibhai/biomodal/modality/outputs_CG/Results/gencode.vM25.mouse.cpg_islands.annotation/DMR_Report_20260121_144819/DMR_Report_hmc_control__mutant.dmr.volcano_20260121_144819.html[39m
[38;5;23m2026-01-21 14:48:19[39m | [38;5;23mINFO[39m | No filtered DMR files were generated. Check your filter parameters.[39m
[38;5;23m2026-01-21 14:48:19[39m  Wrote provenance sidecar file to /expanse/lustre/projects/csd940/zalibhai/biomodal/modality/outputs_CG/Results/gencode.vM25.mouse.cpg_islands.annotation/DMR_Report_20260121_144819/modality_metadata_20260121_144819.json[39m
Logged in using stored credentials
[38;5;23m2026-01-21 14:48:22[39m  [1m[38;5;123mProvenance information:[39m
[38;5;23m2026-01-21 14:48:22[39m  cmd='/home/zalibhai/miniforge3/envs/modality/bin/modality dmr plot --dmr-results /expanse/lustre/projects/csd940/zalibhai/biomodal/modality/outputs_CG/Results/gencode.vM25.mouse.cpg_islands.annotation/DMR_20260121_144304/DMR_hmc_control__mutant_20260121_144304.bed --filter-qvalue 0.05 --output-dir /expanse/lustre/projects/csd940/zalibhai/biomodal/modality/outputs_CG/Results/gencode.vM25.mouse.cpg_islands.annotation'
timestamp=2026-01-21T14:48:22.865756
version=1.0.0
user=zalibhai

[39m
[38;5;23m2026-01-21 14:48:22[39m  [1m[38;5;123mGenerating DMR plots:[39m
[38;5;23m2026-01-21 14:48:22[39m  [38;5;248mDmr Results[39m: ['/expanse/lustre/projects/csd940/zalibhai/biomodal/modality/outputs_CG/Results/gencode.vM25.mouse.cpg_islands.annotation/DMR_20260121_144304/DMR_hmc_control__mutant_20260121_144304.bed'][39m
[38;5;23m2026-01-21 14:48:22[39m  [38;5;248mFilter Qvalue[39m: 0.05[39m
[38;5;23m2026-01-21 14:48:22[39m  [38;5;248mOutput Dir[39m: /expanse/lustre/projects/csd940/zalibhai/biomodal/modality/outputs_CG/Results/gencode.vM25.mouse.cpg_islands.annotation[39m
[38;5;23m2026-01-21 14:48:22[39m  [38;5;248mFilter Mod Difference[39m: None[39m
[38;5;23m2026-01-21 14:48:22[39m | [33mWARNING[39m | [33mExtra columns detected: Index(['Annotation'], dtype='object'). These will be retained but are not validated.[39m
[38;5;23m2026-01-21 14:48:22[39m | [33mWARNING[39m | [33mDMR results empty after applying filters (filter_qvalue=0.05, filter_mod_difference=None) for condition-pair=control__mutant and methylation-context=hmc. No filtered output and plot will be produced.[39m
[38;5;23m2026-01-21 14:48:22[39m | [33mWARNING[39m | [33mNo DMR reports were generated. Check your input files and filter parameters.[39m
[INFO] 2026-01-21 14:48:23 - DMR plots generated for /expanse/lustre/projects/csd940/zalibhai/biomodal/modality/outputs_CG/Results/gencode.vM25.mouse.cpg_islands.annotation/DMR_20260121_144304/DMR_hmc_control__mutant_20260121_144304.bed
[INFO] 2026-01-21 14:48:23 - Generating DMR plots for /expanse/lustre/projects/csd940/zalibhai/biomodal/modality/outputs_CG/Results/gencode.vM25.mouse.cpg_islands.annotation/DMR_20260121_144304/DMR_mc_control__mutant_20260121_144304.bed...
Logged in using stored credentials
[38;5;23m2026-01-21 14:48:26[39m  [1m[38;5;123mProvenance information:[39m
[38;5;23m2026-01-21 14:48:26[39m  cmd='/home/zalibhai/miniforge3/envs/modality/bin/modality -v dmr plot --dmr-results /expanse/lustre/projects/csd940/zalibhai/biomodal/modality/outputs_CG/Results/gencode.vM25.mouse.cpg_islands.annotation/DMR_20260121_144304/DMR_mc_control__mutant_20260121_144304.bed --output-dir /expanse/lustre/projects/csd940/zalibhai/biomodal/modality/outputs_CG/Results/gencode.vM25.mouse.cpg_islands.annotation'
timestamp=2026-01-21T14:48:26.310417
version=1.0.0
user=zalibhai

[39m
[38;5;23m2026-01-21 14:48:26[39m  [1m[38;5;123mGenerating DMR plots:[39m
[38;5;23m2026-01-21 14:48:26[39m  [38;5;248mDmr Results[39m: ['/expanse/lustre/projects/csd940/zalibhai/biomodal/modality/outputs_CG/Results/gencode.vM25.mouse.cpg_islands.annotation/DMR_20260121_144304/DMR_mc_control__mutant_20260121_144304.bed'][39m
[38;5;23m2026-01-21 14:48:26[39m  [38;5;248mOutput Dir[39m: /expanse/lustre/projects/csd940/zalibhai/biomodal/modality/outputs_CG/Results/gencode.vM25.mouse.cpg_islands.annotation[39m
[38;5;23m2026-01-21 14:48:26[39m  [38;5;248mFilter Qvalue[39m: None[39m
[38;5;23m2026-01-21 14:48:26[39m  [38;5;248mFilter Mod Difference[39m: None[39m
[38;5;23m2026-01-21 14:48:26[39m | [38;5;23mINFO[39m | Loading DMR file: /expanse/lustre/projects/csd940/zalibhai/biomodal/modality/outputs_CG/Results/gencode.vM25.mouse.cpg_islands.annotation/DMR_20260121_144304/DMR_mc_control__mutant_20260121_144304.bed[39m
[38;5;23m2026-01-21 14:48:26[39m | [33mWARNING[39m | [33mExtra columns detected: Index(['Annotation'], dtype='object'). These will be retained but are not validated.[39m
[38;5;23m2026-01-21 14:48:26[39m | [38;5;23mINFO[39m | Loaded DMR file with 1237 rows[39m
[38;5;23m2026-01-21 14:48:26[39m | [38;5;23mINFO[39m | Detected insufficient sample size condition (all p-values=1.0 and test_statistics=0.0)[39m
[38;5;23m2026-01-21 14:48:26[39m | [38;5;23mINFO[39m | No filtering applied to DMRs[39m
[38;5;23m2026-01-21 14:48:26[39m | [38;5;23mINFO[39m | After filtering, DMR result has 1237 rows[39m
[38;5;23m2026-01-21 14:48:26[39m | [38;5;23mINFO[39m | Data ranges - mod_difference: [-0.504079254079254, 0.3085241111556901], min q-value: 1.0[39m
[38;5;23m2026-01-21 14:48:26[39m | [38;5;23mINFO[39m | Preparing volcano plot data[39m
[38;5;23m2026-01-21 14:48:26[39m | [38;5;23mINFO[39m | Preparing histogram plot data[39m
[38;5;23m2026-01-21 14:48:26[39m | [38;5;23mINFO[39m | Histogram data for group 'CpG_island': 1237 p-values[39m
[38;5;23m2026-01-21 14:48:26[39m | [38;5;23mINFO[39m | p-value range: [1.0, 1.0][39m
[38;5;23m2026-01-21 14:48:26[39m | [38;5;23mINFO[39m | Volcano plot has 1237 total points across 1 groups[39m
[38;5;23m2026-01-21 14:48:26[39m | [33mWARNING[39m | [33mExtra columns detected: Index(['Annotation'], dtype='object'). These will be retained but are not validated.[39m
[38;5;23m2026-01-21 14:48:26[39m | [38;5;23mINFO[39m | Generated DMR report: /expanse/lustre/projects/csd940/zalibhai/biomodal/modality/outputs_CG/Results/gencode.vM25.mouse.cpg_islands.annotation/DMR_Report_20260121_144826/DMR_Report_mc_control__mutant.dmr.volcano_20260121_144826.html[39m
[38;5;23m2026-01-21 14:48:26[39m | [38;5;23mINFO[39m | Generated 1 DMR reports.[39m
[38;5;23m2026-01-21 14:48:26[39m  [1m[38;5;154mDMR report successfully generated: /expanse/lustre/projects/csd940/zalibhai/biomodal/modality/outputs_CG/Results/gencode.vM25.mouse.cpg_islands.annotation/DMR_Report_20260121_144826/DMR_Report_mc_control__mutant.dmr.volcano_20260121_144826.html[39m
[38;5;23m2026-01-21 14:48:26[39m | [38;5;23mINFO[39m | No filtered DMR files were generated. Check your filter parameters.[39m
[38;5;23m2026-01-21 14:48:26[39m  Wrote provenance sidecar file to /expanse/lustre/projects/csd940/zalibhai/biomodal/modality/outputs_CG/Results/gencode.vM25.mouse.cpg_islands.annotation/DMR_Report_20260121_144826/modality_metadata_20260121_144826.json[39m
Logged in using stored credentials
[38;5;23m2026-01-21 14:48:29[39m  [1m[38;5;123mProvenance information:[39m
[38;5;23m2026-01-21 14:48:29[39m  cmd='/home/zalibhai/miniforge3/envs/modality/bin/modality dmr plot --dmr-results /expanse/lustre/projects/csd940/zalibhai/biomodal/modality/outputs_CG/Results/gencode.vM25.mouse.cpg_islands.annotation/DMR_20260121_144304/DMR_mc_control__mutant_20260121_144304.bed --filter-qvalue 0.05 --output-dir /expanse/lustre/projects/csd940/zalibhai/biomodal/modality/outputs_CG/Results/gencode.vM25.mouse.cpg_islands.annotation'
timestamp=2026-01-21T14:48:29.983462
version=1.0.0
user=zalibhai

[39m
[38;5;23m2026-01-21 14:48:29[39m  [1m[38;5;123mGenerating DMR plots:[39m
[38;5;23m2026-01-21 14:48:29[39m  [38;5;248mDmr Results[39m: ['/expanse/lustre/projects/csd940/zalibhai/biomodal/modality/outputs_CG/Results/gencode.vM25.mouse.cpg_islands.annotation/DMR_20260121_144304/DMR_mc_control__mutant_20260121_144304.bed'][39m
[38;5;23m2026-01-21 14:48:29[39m  [38;5;248mFilter Qvalue[39m: 0.05[39m
[38;5;23m2026-01-21 14:48:29[39m  [38;5;248mOutput Dir[39m: /expanse/lustre/projects/csd940/zalibhai/biomodal/modality/outputs_CG/Results/gencode.vM25.mouse.cpg_islands.annotation[39m
[38;5;23m2026-01-21 14:48:29[39m  [38;5;248mFilter Mod Difference[39m: None[39m
[38;5;23m2026-01-21 14:48:30[39m | [33mWARNING[39m | [33mExtra columns detected: Index(['Annotation'], dtype='object'). These will be retained but are not validated.[39m
[38;5;23m2026-01-21 14:48:30[39m | [33mWARNING[39m | [33mDMR results empty after applying filters (filter_qvalue=0.05, filter_mod_difference=None) for condition-pair=control__mutant and methylation-context=mc. No filtered output and plot will be produced.[39m
[38;5;23m2026-01-21 14:48:30[39m | [33mWARNING[39m | [33mNo DMR reports were generated. Check your input files and filter parameters.[39m
[INFO] 2026-01-21 14:48:30 - DMR plots generated for /expanse/lustre/projects/csd940/zalibhai/biomodal/modality/outputs_CG/Results/gencode.vM25.mouse.cpg_islands.annotation/DMR_20260121_144304/DMR_mc_control__mutant_20260121_144304.bed
[INFO] 2026-01-21 14:48:30 - DMR visualisation completed for region: gencode.vM25.mouse.cpg_islands.annotation
[INFO] 2026-01-21 14:48:30 - Processing DMR visualisation for region: gencode.vM25.mouse.cpg_shelves.annotation
[INFO] 2026-01-21 14:48:30 - Generating DMR plots for /expanse/lustre/projects/csd940/zalibhai/biomodal/modality/outputs_CG/Results/gencode.vM25.mouse.cpg_shelves.annotation/DMR_20260121_144400/DMR_hmc_control__mutant_20260121_144400.bed...
Logged in using stored credentials
[38;5;23m2026-01-21 14:48:33[39m  [1m[38;5;123mProvenance information:[39m
[38;5;23m2026-01-21 14:48:33[39m  cmd='/home/zalibhai/miniforge3/envs/modality/bin/modality -v dmr plot --dmr-results /expanse/lustre/projects/csd940/zalibhai/biomodal/modality/outputs_CG/Results/gencode.vM25.mouse.cpg_shelves.annotation/DMR_20260121_144400/DMR_hmc_control__mutant_20260121_144400.bed --output-dir /expanse/lustre/projects/csd940/zalibhai/biomodal/modality/outputs_CG/Results/gencode.vM25.mouse.cpg_shelves.annotation'
timestamp=2026-01-21T14:48:33.732171
version=1.0.0
user=zalibhai

[39m
[38;5;23m2026-01-21 14:48:33[39m  [1m[38;5;123mGenerating DMR plots:[39m
[38;5;23m2026-01-21 14:48:33[39m  [38;5;248mDmr Results[39m: ['/expanse/lustre/projects/csd940/zalibhai/biomodal/modality/outputs_CG/Results/gencode.vM25.mouse.cpg_shelves.annotation/DMR_20260121_144400/DMR_hmc_control__mutant_20260121_144400.bed'][39m
[38;5;23m2026-01-21 14:48:33[39m  [38;5;248mOutput Dir[39m: /expanse/lustre/projects/csd940/zalibhai/biomodal/modality/outputs_CG/Results/gencode.vM25.mouse.cpg_shelves.annotation[39m
[38;5;23m2026-01-21 14:48:33[39m  [38;5;248mFilter Qvalue[39m: None[39m
[38;5;23m2026-01-21 14:48:33[39m  [38;5;248mFilter Mod Difference[39m: None[39m
[38;5;23m2026-01-21 14:48:33[39m | [38;5;23mINFO[39m | Loading DMR file: /expanse/lustre/projects/csd940/zalibhai/biomodal/modality/outputs_CG/Results/gencode.vM25.mouse.cpg_shelves.annotation/DMR_20260121_144400/DMR_hmc_control__mutant_20260121_144400.bed[39m
[38;5;23m2026-01-21 14:48:33[39m | [33mWARNING[39m | [33mExtra columns detected: Index(['Annotation'], dtype='object'). These will be retained but are not validated.[39m
[38;5;23m2026-01-21 14:48:33[39m | [38;5;23mINFO[39m | Loaded DMR file with 25975 rows[39m
[38;5;23m2026-01-21 14:48:33[39m | [38;5;23mINFO[39m | Detected insufficient sample size condition (all p-values=1.0 and test_statistics=0.0)[39m
[38;5;23m2026-01-21 14:48:33[39m | [38;5;23mINFO[39m | No filtering applied to DMRs[39m
[38;5;23m2026-01-21 14:48:33[39m | [38;5;23mINFO[39m | After filtering, DMR result has 25975 rows[39m
[38;5;23m2026-01-21 14:48:33[39m | [38;5;23mINFO[39m | Data ranges - mod_difference: [-0.4507575757575757, 0.5192307692307692], min q-value: 1.0[39m
[38;5;23m2026-01-21 14:48:33[39m | [38;5;23mINFO[39m | Preparing volcano plot data[39m
[38;5;23m2026-01-21 14:48:33[39m | [38;5;23mINFO[39m | Preparing histogram plot data[39m
[38;5;23m2026-01-21 14:48:33[39m | [38;5;23mINFO[39m | Histogram data for group 'CpG_shelve': 25975 p-values[39m
[38;5;23m2026-01-21 14:48:33[39m | [38;5;23mINFO[39m | p-value range: [1.0, 1.0][39m
[38;5;23m2026-01-21 14:48:33[39m | [38;5;23mINFO[39m | Volcano plot has 25975 total points across 1 groups[39m
[38;5;23m2026-01-21 14:48:33[39m | [33mWARNING[39m | [33mExtra columns detected: Index(['Annotation'], dtype='object'). These will be retained but are not validated.[39m
[38;5;23m2026-01-21 14:48:34[39m | [38;5;23mINFO[39m | Generated DMR report: /expanse/lustre/projects/csd940/zalibhai/biomodal/modality/outputs_CG/Results/gencode.vM25.mouse.cpg_shelves.annotation/DMR_Report_20260121_144834/DMR_Report_hmc_control__mutant.dmr.volcano_20260121_144834.html[39m
[38;5;23m2026-01-21 14:48:34[39m | [38;5;23mINFO[39m | Generated 1 DMR reports.[39m
[38;5;23m2026-01-21 14:48:34[39m  [1m[38;5;154mDMR report successfully generated: /expanse/lustre/projects/csd940/zalibhai/biomodal/modality/outputs_CG/Results/gencode.vM25.mouse.cpg_shelves.annotation/DMR_Report_20260121_144834/DMR_Report_hmc_control__mutant.dmr.volcano_20260121_144834.html[39m
[38;5;23m2026-01-21 14:48:34[39m | [38;5;23mINFO[39m | No filtered DMR files were generated. Check your filter parameters.[39m
[38;5;23m2026-01-21 14:48:34[39m  Wrote provenance sidecar file to /expanse/lustre/projects/csd940/zalibhai/biomodal/modality/outputs_CG/Results/gencode.vM25.mouse.cpg_shelves.annotation/DMR_Report_20260121_144834/modality_metadata_20260121_144834.json[39m
Logged in using stored credentials
[38;5;23m2026-01-21 14:48:37[39m  [1m[38;5;123mProvenance information:[39m
[38;5;23m2026-01-21 14:48:37[39m  cmd='/home/zalibhai/miniforge3/envs/modality/bin/modality dmr plot --dmr-results /expanse/lustre/projects/csd940/zalibhai/biomodal/modality/outputs_CG/Results/gencode.vM25.mouse.cpg_shelves.annotation/DMR_20260121_144400/DMR_hmc_control__mutant_20260121_144400.bed --filter-qvalue 0.05 --output-dir /expanse/lustre/projects/csd940/zalibhai/biomodal/modality/outputs_CG/Results/gencode.vM25.mouse.cpg_shelves.annotation'
timestamp=2026-01-21T14:48:37.671820
version=1.0.0
user=zalibhai

[39m
[38;5;23m2026-01-21 14:48:37[39m  [1m[38;5;123mGenerating DMR plots:[39m
[38;5;23m2026-01-21 14:48:37[39m  [38;5;248mDmr Results[39m: ['/expanse/lustre/projects/csd940/zalibhai/biomodal/modality/outputs_CG/Results/gencode.vM25.mouse.cpg_shelves.annotation/DMR_20260121_144400/DMR_hmc_control__mutant_20260121_144400.bed'][39m
[38;5;23m2026-01-21 14:48:37[39m  [38;5;248mFilter Qvalue[39m: 0.05[39m
[38;5;23m2026-01-21 14:48:37[39m  [38;5;248mOutput Dir[39m: /expanse/lustre/projects/csd940/zalibhai/biomodal/modality/outputs_CG/Results/gencode.vM25.mouse.cpg_shelves.annotation[39m
[38;5;23m2026-01-21 14:48:37[39m  [38;5;248mFilter Mod Difference[39m: None[39m
[38;5;23m2026-01-21 14:48:37[39m | [33mWARNING[39m | [33mExtra columns detected: Index(['Annotation'], dtype='object'). These will be retained but are not validated.[39m
[38;5;23m2026-01-21 14:48:37[39m | [33mWARNING[39m | [33mDMR results empty after applying filters (filter_qvalue=0.05, filter_mod_difference=None) for condition-pair=control__mutant and methylation-context=hmc. No filtered output and plot will be produced.[39m
[38;5;23m2026-01-21 14:48:37[39m | [33mWARNING[39m | [33mNo DMR reports were generated. Check your input files and filter parameters.[39m
[INFO] 2026-01-21 14:48:38 - DMR plots generated for /expanse/lustre/projects/csd940/zalibhai/biomodal/modality/outputs_CG/Results/gencode.vM25.mouse.cpg_shelves.annotation/DMR_20260121_144400/DMR_hmc_control__mutant_20260121_144400.bed
[INFO] 2026-01-21 14:48:38 - Generating DMR plots for /expanse/lustre/projects/csd940/zalibhai/biomodal/modality/outputs_CG/Results/gencode.vM25.mouse.cpg_shelves.annotation/DMR_20260121_144400/DMR_mc_control__mutant_20260121_144400.bed...
Logged in using stored credentials
[38;5;23m2026-01-21 14:48:41[39m  [1m[38;5;123mProvenance information:[39m
[38;5;23m2026-01-21 14:48:41[39m  cmd='/home/zalibhai/miniforge3/envs/modality/bin/modality -v dmr plot --dmr-results /expanse/lustre/projects/csd940/zalibhai/biomodal/modality/outputs_CG/Results/gencode.vM25.mouse.cpg_shelves.annotation/DMR_20260121_144400/DMR_mc_control__mutant_20260121_144400.bed --output-dir /expanse/lustre/projects/csd940/zalibhai/biomodal/modality/outputs_CG/Results/gencode.vM25.mouse.cpg_shelves.annotation'
timestamp=2026-01-21T14:48:41.241283
version=1.0.0
user=zalibhai

[39m
[38;5;23m2026-01-21 14:48:41[39m  [1m[38;5;123mGenerating DMR plots:[39m
[38;5;23m2026-01-21 14:48:41[39m  [38;5;248mDmr Results[39m: ['/expanse/lustre/projects/csd940/zalibhai/biomodal/modality/outputs_CG/Results/gencode.vM25.mouse.cpg_shelves.annotation/DMR_20260121_144400/DMR_mc_control__mutant_20260121_144400.bed'][39m
[38;5;23m2026-01-21 14:48:41[39m  [38;5;248mOutput Dir[39m: /expanse/lustre/projects/csd940/zalibhai/biomodal/modality/outputs_CG/Results/gencode.vM25.mouse.cpg_shelves.annotation[39m
[38;5;23m2026-01-21 14:48:41[39m  [38;5;248mFilter Qvalue[39m: None[39m
[38;5;23m2026-01-21 14:48:41[39m  [38;5;248mFilter Mod Difference[39m: None[39m
[38;5;23m2026-01-21 14:48:41[39m | [38;5;23mINFO[39m | Loading DMR file: /expanse/lustre/projects/csd940/zalibhai/biomodal/modality/outputs_CG/Results/gencode.vM25.mouse.cpg_shelves.annotation/DMR_20260121_144400/DMR_mc_control__mutant_20260121_144400.bed[39m
[38;5;23m2026-01-21 14:48:41[39m | [33mWARNING[39m | [33mExtra columns detected: Index(['Annotation'], dtype='object'). These will be retained but are not validated.[39m
[38;5;23m2026-01-21 14:48:41[39m | [38;5;23mINFO[39m | Loaded DMR file with 25975 rows[39m
[38;5;23m2026-01-21 14:48:41[39m | [38;5;23mINFO[39m | Detected insufficient sample size condition (all p-values=1.0 and test_statistics=0.0)[39m
[38;5;23m2026-01-21 14:48:41[39m | [38;5;23mINFO[39m | No filtering applied to DMRs[39m
[38;5;23m2026-01-21 14:48:41[39m | [38;5;23mINFO[39m | After filtering, DMR result has 25975 rows[39m
[38;5;23m2026-01-21 14:48:41[39m | [38;5;23mINFO[39m | Data ranges - mod_difference: [-0.5868055555555556, 0.5920454545454545], min q-value: 1.0[39m
[38;5;23m2026-01-21 14:48:41[39m | [38;5;23mINFO[39m | Preparing volcano plot data[39m
[38;5;23m2026-01-21 14:48:41[39m | [38;5;23mINFO[39m | Preparing histogram plot data[39m
[38;5;23m2026-01-21 14:48:41[39m | [38;5;23mINFO[39m | Histogram data for group 'CpG_shelve': 25975 p-values[39m
[38;5;23m2026-01-21 14:48:41[39m | [38;5;23mINFO[39m | p-value range: [1.0, 1.0][39m
[38;5;23m2026-01-21 14:48:41[39m | [38;5;23mINFO[39m | Volcano plot has 25975 total points across 1 groups[39m
[38;5;23m2026-01-21 14:48:41[39m | [33mWARNING[39m | [33mExtra columns detected: Index(['Annotation'], dtype='object'). These will be retained but are not validated.[39m
[38;5;23m2026-01-21 14:48:41[39m | [38;5;23mINFO[39m | Generated DMR report: /expanse/lustre/projects/csd940/zalibhai/biomodal/modality/outputs_CG/Results/gencode.vM25.mouse.cpg_shelves.annotation/DMR_Report_20260121_144841/DMR_Report_mc_control__mutant.dmr.volcano_20260121_144841.html[39m
[38;5;23m2026-01-21 14:48:41[39m | [38;5;23mINFO[39m | Generated 1 DMR reports.[39m
[38;5;23m2026-01-21 14:48:41[39m  [1m[38;5;154mDMR report successfully generated: /expanse/lustre/projects/csd940/zalibhai/biomodal/modality/outputs_CG/Results/gencode.vM25.mouse.cpg_shelves.annotation/DMR_Report_20260121_144841/DMR_Report_mc_control__mutant.dmr.volcano_20260121_144841.html[39m
[38;5;23m2026-01-21 14:48:41[39m | [38;5;23mINFO[39m | No filtered DMR files were generated. Check your filter parameters.[39m
[38;5;23m2026-01-21 14:48:41[39m  Wrote provenance sidecar file to /expanse/lustre/projects/csd940/zalibhai/biomodal/modality/outputs_CG/Results/gencode.vM25.mouse.cpg_shelves.annotation/DMR_Report_20260121_144841/modality_metadata_20260121_144841.json[39m
Logged in using stored credentials
[38;5;23m2026-01-21 14:48:45[39m  [1m[38;5;123mProvenance information:[39m
[38;5;23m2026-01-21 14:48:45[39m  cmd='/home/zalibhai/miniforge3/envs/modality/bin/modality dmr plot --dmr-results /expanse/lustre/projects/csd940/zalibhai/biomodal/modality/outputs_CG/Results/gencode.vM25.mouse.cpg_shelves.annotation/DMR_20260121_144400/DMR_mc_control__mutant_20260121_144400.bed --filter-qvalue 0.05 --output-dir /expanse/lustre/projects/csd940/zalibhai/biomodal/modality/outputs_CG/Results/gencode.vM25.mouse.cpg_shelves.annotation'
timestamp=2026-01-21T14:48:45.097956
version=1.0.0
user=zalibhai

[39m
[38;5;23m2026-01-21 14:48:45[39m  [1m[38;5;123mGenerating DMR plots:[39m
[38;5;23m2026-01-21 14:48:45[39m  [38;5;248mDmr Results[39m: ['/expanse/lustre/projects/csd940/zalibhai/biomodal/modality/outputs_CG/Results/gencode.vM25.mouse.cpg_shelves.annotation/DMR_20260121_144400/DMR_mc_control__mutant_20260121_144400.bed'][39m
[38;5;23m2026-01-21 14:48:45[39m  [38;5;248mFilter Qvalue[39m: 0.05[39m
[38;5;23m2026-01-21 14:48:45[39m  [38;5;248mOutput Dir[39m: /expanse/lustre/projects/csd940/zalibhai/biomodal/modality/outputs_CG/Results/gencode.vM25.mouse.cpg_shelves.annotation[39m
[38;5;23m2026-01-21 14:48:45[39m  [38;5;248mFilter Mod Difference[39m: None[39m
[38;5;23m2026-01-21 14:48:45[39m | [33mWARNING[39m | [33mExtra columns detected: Index(['Annotation'], dtype='object'). These will be retained but are not validated.[39m
[38;5;23m2026-01-21 14:48:45[39m | [33mWARNING[39m | [33mDMR results empty after applying filters (filter_qvalue=0.05, filter_mod_difference=None) for condition-pair=control__mutant and methylation-context=mc. No filtered output and plot will be produced.[39m
[38;5;23m2026-01-21 14:48:45[39m | [33mWARNING[39m | [33mNo DMR reports were generated. Check your input files and filter parameters.[39m
[INFO] 2026-01-21 14:48:45 - DMR plots generated for /expanse/lustre/projects/csd940/zalibhai/biomodal/modality/outputs_CG/Results/gencode.vM25.mouse.cpg_shelves.annotation/DMR_20260121_144400/DMR_mc_control__mutant_20260121_144400.bed
[INFO] 2026-01-21 14:48:45 - DMR visualisation completed for region: gencode.vM25.mouse.cpg_shelves.annotation
[INFO] 2026-01-21 14:48:45 - Processing DMR visualisation for region: gencode.vM25.mouse.cpg_shores.annotation
[INFO] 2026-01-21 14:48:45 - Generating DMR plots for /expanse/lustre/projects/csd940/zalibhai/biomodal/modality/outputs_CG/Results/gencode.vM25.mouse.cpg_shores.annotation/DMR_20260121_144456/DMR_hmc_control__mutant_20260121_144456.bed...
Logged in using stored credentials
[38;5;23m2026-01-21 14:48:48[39m  [1m[38;5;123mProvenance information:[39m
[38;5;23m2026-01-21 14:48:48[39m  cmd='/home/zalibhai/miniforge3/envs/modality/bin/modality -v dmr plot --dmr-results /expanse/lustre/projects/csd940/zalibhai/biomodal/modality/outputs_CG/Results/gencode.vM25.mouse.cpg_shores.annotation/DMR_20260121_144456/DMR_hmc_control__mutant_20260121_144456.bed --output-dir /expanse/lustre/projects/csd940/zalibhai/biomodal/modality/outputs_CG/Results/gencode.vM25.mouse.cpg_shores.annotation'
timestamp=2026-01-21T14:48:48.659313
version=1.0.0
user=zalibhai

[39m
[38;5;23m2026-01-21 14:48:48[39m  [1m[38;5;123mGenerating DMR plots:[39m
[38;5;23m2026-01-21 14:48:48[39m  [38;5;248mDmr Results[39m: ['/expanse/lustre/projects/csd940/zalibhai/biomodal/modality/outputs_CG/Results/gencode.vM25.mouse.cpg_shores.annotation/DMR_20260121_144456/DMR_hmc_control__mutant_20260121_144456.bed'][39m
[38;5;23m2026-01-21 14:48:48[39m  [38;5;248mOutput Dir[39m: /expanse/lustre/projects/csd940/zalibhai/biomodal/modality/outputs_CG/Results/gencode.vM25.mouse.cpg_shores.annotation[39m
[38;5;23m2026-01-21 14:48:48[39m  [38;5;248mFilter Qvalue[39m: None[39m
[38;5;23m2026-01-21 14:48:48[39m  [38;5;248mFilter Mod Difference[39m: None[39m
[38;5;23m2026-01-21 14:48:48[39m | [38;5;23mINFO[39m | Loading DMR file: /expanse/lustre/projects/csd940/zalibhai/biomodal/modality/outputs_CG/Results/gencode.vM25.mouse.cpg_shores.annotation/DMR_20260121_144456/DMR_hmc_control__mutant_20260121_144456.bed[39m
[38;5;23m2026-01-21 14:48:48[39m | [33mWARNING[39m | [33mExtra columns detected: Index(['Annotation'], dtype='object'). These will be retained but are not validated.[39m
[38;5;23m2026-01-21 14:48:48[39m | [38;5;23mINFO[39m | Loaded DMR file with 27401 rows[39m
[38;5;23m2026-01-21 14:48:48[39m | [38;5;23mINFO[39m | Detected insufficient sample size condition (all p-values=1.0 and test_statistics=0.0)[39m
[38;5;23m2026-01-21 14:48:48[39m | [38;5;23mINFO[39m | No filtering applied to DMRs[39m
[38;5;23m2026-01-21 14:48:48[39m | [38;5;23mINFO[39m | After filtering, DMR result has 27401 rows[39m
[38;5;23m2026-01-21 14:48:48[39m | [38;5;23mINFO[39m | Data ranges - mod_difference: [-0.51875, 0.4226190476190476], min q-value: 1.0[39m
[38;5;23m2026-01-21 14:48:48[39m | [38;5;23mINFO[39m | Preparing volcano plot data[39m
[38;5;23m2026-01-21 14:48:48[39m | [38;5;23mINFO[39m | Preparing histogram plot data[39m
[38;5;23m2026-01-21 14:48:48[39m | [38;5;23mINFO[39m | Histogram data for group 'CpG_shore': 27401 p-values[39m
[38;5;23m2026-01-21 14:48:48[39m | [38;5;23mINFO[39m | p-value range: [1.0, 1.0][39m
[38;5;23m2026-01-21 14:48:48[39m | [38;5;23mINFO[39m | Volcano plot has 27401 total points across 1 groups[39m
[38;5;23m2026-01-21 14:48:48[39m | [33mWARNING[39m | [33mExtra columns detected: Index(['Annotation'], dtype='object'). These will be retained but are not validated.[39m
[38;5;23m2026-01-21 14:48:48[39m | [38;5;23mINFO[39m | Generated DMR report: /expanse/lustre/projects/csd940/zalibhai/biomodal/modality/outputs_CG/Results/gencode.vM25.mouse.cpg_shores.annotation/DMR_Report_20260121_144848/DMR_Report_hmc_control__mutant.dmr.volcano_20260121_144848.html[39m
[38;5;23m2026-01-21 14:48:48[39m | [38;5;23mINFO[39m | Generated 1 DMR reports.[39m
[38;5;23m2026-01-21 14:48:48[39m  [1m[38;5;154mDMR report successfully generated: /expanse/lustre/projects/csd940/zalibhai/biomodal/modality/outputs_CG/Results/gencode.vM25.mouse.cpg_shores.annotation/DMR_Report_20260121_144848/DMR_Report_hmc_control__mutant.dmr.volcano_20260121_144848.html[39m
[38;5;23m2026-01-21 14:48:48[39m | [38;5;23mINFO[39m | No filtered DMR files were generated. Check your filter parameters.[39m
[38;5;23m2026-01-21 14:48:48[39m  Wrote provenance sidecar file to /expanse/lustre/projects/csd940/zalibhai/biomodal/modality/outputs_CG/Results/gencode.vM25.mouse.cpg_shores.annotation/DMR_Report_20260121_144848/modality_metadata_20260121_144848.json[39m
Logged in using stored credentials
[38;5;23m2026-01-21 14:48:53[39m  [1m[38;5;123mProvenance information:[39m
[38;5;23m2026-01-21 14:48:53[39m  cmd='/home/zalibhai/miniforge3/envs/modality/bin/modality dmr plot --dmr-results /expanse/lustre/projects/csd940/zalibhai/biomodal/modality/outputs_CG/Results/gencode.vM25.mouse.cpg_shores.annotation/DMR_20260121_144456/DMR_hmc_control__mutant_20260121_144456.bed --filter-qvalue 0.05 --output-dir /expanse/lustre/projects/csd940/zalibhai/biomodal/modality/outputs_CG/Results/gencode.vM25.mouse.cpg_shores.annotation'
timestamp=2026-01-21T14:48:53.068996
version=1.0.0
user=zalibhai

[39m
[38;5;23m2026-01-21 14:48:53[39m  [1m[38;5;123mGenerating DMR plots:[39m
[38;5;23m2026-01-21 14:48:53[39m  [38;5;248mDmr Results[39m: ['/expanse/lustre/projects/csd940/zalibhai/biomodal/modality/outputs_CG/Results/gencode.vM25.mouse.cpg_shores.annotation/DMR_20260121_144456/DMR_hmc_control__mutant_20260121_144456.bed'][39m
[38;5;23m2026-01-21 14:48:53[39m  [38;5;248mFilter Qvalue[39m: 0.05[39m
[38;5;23m2026-01-21 14:48:53[39m  [38;5;248mOutput Dir[39m: /expanse/lustre/projects/csd940/zalibhai/biomodal/modality/outputs_CG/Results/gencode.vM25.mouse.cpg_shores.annotation[39m
[38;5;23m2026-01-21 14:48:53[39m  [38;5;248mFilter Mod Difference[39m: None[39m
[38;5;23m2026-01-21 14:48:53[39m | [33mWARNING[39m | [33mExtra columns detected: Index(['Annotation'], dtype='object'). These will be retained but are not validated.[39m
[38;5;23m2026-01-21 14:48:53[39m | [33mWARNING[39m | [33mDMR results empty after applying filters (filter_qvalue=0.05, filter_mod_difference=None) for condition-pair=control__mutant and methylation-context=hmc. No filtered output and plot will be produced.[39m
[38;5;23m2026-01-21 14:48:53[39m | [33mWARNING[39m | [33mNo DMR reports were generated. Check your input files and filter parameters.[39m
[INFO] 2026-01-21 14:48:53 - DMR plots generated for /expanse/lustre/projects/csd940/zalibhai/biomodal/modality/outputs_CG/Results/gencode.vM25.mouse.cpg_shores.annotation/DMR_20260121_144456/DMR_hmc_control__mutant_20260121_144456.bed
[INFO] 2026-01-21 14:48:53 - Generating DMR plots for /expanse/lustre/projects/csd940/zalibhai/biomodal/modality/outputs_CG/Results/gencode.vM25.mouse.cpg_shores.annotation/DMR_20260121_144456/DMR_mc_control__mutant_20260121_144456.bed...
Logged in using stored credentials
[38;5;23m2026-01-21 14:48:56[39m  [1m[38;5;123mProvenance information:[39m
[38;5;23m2026-01-21 14:48:56[39m  cmd='/home/zalibhai/miniforge3/envs/modality/bin/modality -v dmr plot --dmr-results /expanse/lustre/projects/csd940/zalibhai/biomodal/modality/outputs_CG/Results/gencode.vM25.mouse.cpg_shores.annotation/DMR_20260121_144456/DMR_mc_control__mutant_20260121_144456.bed --output-dir /expanse/lustre/projects/csd940/zalibhai/biomodal/modality/outputs_CG/Results/gencode.vM25.mouse.cpg_shores.annotation'
timestamp=2026-01-21T14:48:56.620943
version=1.0.0
user=zalibhai

[39m
[38;5;23m2026-01-21 14:48:56[39m  [1m[38;5;123mGenerating DMR plots:[39m
[38;5;23m2026-01-21 14:48:56[39m  [38;5;248mDmr Results[39m: ['/expanse/lustre/projects/csd940/zalibhai/biomodal/modality/outputs_CG/Results/gencode.vM25.mouse.cpg_shores.annotation/DMR_20260121_144456/DMR_mc_control__mutant_20260121_144456.bed'][39m
[38;5;23m2026-01-21 14:48:56[39m  [38;5;248mOutput Dir[39m: /expanse/lustre/projects/csd940/zalibhai/biomodal/modality/outputs_CG/Results/gencode.vM25.mouse.cpg_shores.annotation[39m
[38;5;23m2026-01-21 14:48:56[39m  [38;5;248mFilter Qvalue[39m: None[39m
[38;5;23m2026-01-21 14:48:56[39m  [38;5;248mFilter Mod Difference[39m: None[39m
[38;5;23m2026-01-21 14:48:56[39m | [38;5;23mINFO[39m | Loading DMR file: /expanse/lustre/projects/csd940/zalibhai/biomodal/modality/outputs_CG/Results/gencode.vM25.mouse.cpg_shores.annotation/DMR_20260121_144456/DMR_mc_control__mutant_20260121_144456.bed[39m
[38;5;23m2026-01-21 14:48:56[39m | [33mWARNING[39m | [33mExtra columns detected: Index(['Annotation'], dtype='object'). These will be retained but are not validated.[39m
[38;5;23m2026-01-21 14:48:56[39m | [38;5;23mINFO[39m | Loaded DMR file with 27401 rows[39m
[38;5;23m2026-01-21 14:48:56[39m | [38;5;23mINFO[39m | Detected insufficient sample size condition (all p-values=1.0 and test_statistics=0.0)[39m
[38;5;23m2026-01-21 14:48:56[39m | [38;5;23mINFO[39m | No filtering applied to DMRs[39m
[38;5;23m2026-01-21 14:48:56[39m | [38;5;23mINFO[39m | After filtering, DMR result has 27401 rows[39m
[38;5;23m2026-01-21 14:48:56[39m | [38;5;23mINFO[39m | Data ranges - mod_difference: [-0.4572649572649572, 0.5053030303030303], min q-value: 1.0[39m
[38;5;23m2026-01-21 14:48:56[39m | [38;5;23mINFO[39m | Preparing volcano plot data[39m
[38;5;23m2026-01-21 14:48:56[39m | [38;5;23mINFO[39m | Preparing histogram plot data[39m
[38;5;23m2026-01-21 14:48:56[39m | [38;5;23mINFO[39m | Histogram data for group 'CpG_shore': 27401 p-values[39m
[38;5;23m2026-01-21 14:48:56[39m | [38;5;23mINFO[39m | p-value range: [1.0, 1.0][39m
[38;5;23m2026-01-21 14:48:56[39m | [38;5;23mINFO[39m | Volcano plot has 27401 total points across 1 groups[39m
[38;5;23m2026-01-21 14:48:56[39m | [33mWARNING[39m | [33mExtra columns detected: Index(['Annotation'], dtype='object'). These will be retained but are not validated.[39m
[38;5;23m2026-01-21 14:48:56[39m | [38;5;23mINFO[39m | Generated DMR report: /expanse/lustre/projects/csd940/zalibhai/biomodal/modality/outputs_CG/Results/gencode.vM25.mouse.cpg_shores.annotation/DMR_Report_20260121_144856/DMR_Report_mc_control__mutant.dmr.volcano_20260121_144856.html[39m
[38;5;23m2026-01-21 14:48:56[39m | [38;5;23mINFO[39m | Generated 1 DMR reports.[39m
[38;5;23m2026-01-21 14:48:56[39m  [1m[38;5;154mDMR report successfully generated: /expanse/lustre/projects/csd940/zalibhai/biomodal/modality/outputs_CG/Results/gencode.vM25.mouse.cpg_shores.annotation/DMR_Report_20260121_144856/DMR_Report_mc_control__mutant.dmr.volcano_20260121_144856.html[39m
[38;5;23m2026-01-21 14:48:56[39m | [38;5;23mINFO[39m | No filtered DMR files were generated. Check your filter parameters.[39m
[38;5;23m2026-01-21 14:48:56[39m  Wrote provenance sidecar file to /expanse/lustre/projects/csd940/zalibhai/biomodal/modality/outputs_CG/Results/gencode.vM25.mouse.cpg_shores.annotation/DMR_Report_20260121_144856/modality_metadata_20260121_144856.json[39m
Logged in using stored credentials
[38;5;23m2026-01-21 14:49:00[39m  [1m[38;5;123mProvenance information:[39m
[38;5;23m2026-01-21 14:49:00[39m  cmd='/home/zalibhai/miniforge3/envs/modality/bin/modality dmr plot --dmr-results /expanse/lustre/projects/csd940/zalibhai/biomodal/modality/outputs_CG/Results/gencode.vM25.mouse.cpg_shores.annotation/DMR_20260121_144456/DMR_mc_control__mutant_20260121_144456.bed --filter-qvalue 0.05 --output-dir /expanse/lustre/projects/csd940/zalibhai/biomodal/modality/outputs_CG/Results/gencode.vM25.mouse.cpg_shores.annotation'
timestamp=2026-01-21T14:49:00.453760
version=1.0.0
user=zalibhai

[39m
[38;5;23m2026-01-21 14:49:00[39m  [1m[38;5;123mGenerating DMR plots:[39m
[38;5;23m2026-01-21 14:49:00[39m  [38;5;248mDmr Results[39m: ['/expanse/lustre/projects/csd940/zalibhai/biomodal/modality/outputs_CG/Results/gencode.vM25.mouse.cpg_shores.annotation/DMR_20260121_144456/DMR_mc_control__mutant_20260121_144456.bed'][39m
[38;5;23m2026-01-21 14:49:00[39m  [38;5;248mFilter Qvalue[39m: 0.05[39m
[38;5;23m2026-01-21 14:49:00[39m  [38;5;248mOutput Dir[39m: /expanse/lustre/projects/csd940/zalibhai/biomodal/modality/outputs_CG/Results/gencode.vM25.mouse.cpg_shores.annotation[39m
[38;5;23m2026-01-21 14:49:00[39m  [38;5;248mFilter Mod Difference[39m: None[39m
[38;5;23m2026-01-21 14:49:00[39m | [33mWARNING[39m | [33mExtra columns detected: Index(['Annotation'], dtype='object'). These will be retained but are not validated.[39m
[38;5;23m2026-01-21 14:49:00[39m | [33mWARNING[39m | [33mDMR results empty after applying filters (filter_qvalue=0.05, filter_mod_difference=None) for condition-pair=control__mutant and methylation-context=mc. No filtered output and plot will be produced.[39m
[38;5;23m2026-01-21 14:49:00[39m | [33mWARNING[39m | [33mNo DMR reports were generated. Check your input files and filter parameters.[39m
[INFO] 2026-01-21 14:49:00 - DMR plots generated for /expanse/lustre/projects/csd940/zalibhai/biomodal/modality/outputs_CG/Results/gencode.vM25.mouse.cpg_shores.annotation/DMR_20260121_144456/DMR_mc_control__mutant_20260121_144456.bed
[INFO] 2026-01-21 14:49:00 - DMR visualisation completed for region: gencode.vM25.mouse.cpg_shores.annotation
[INFO] 2026-01-21 14:49:00 - Processing DMR visualisation for region: gencode.vM25.mouse.genes.annotation
[INFO] 2026-01-21 14:49:00 - Generating DMR plots for /expanse/lustre/projects/csd940/zalibhai/biomodal/modality/outputs_CG/Results/gencode.vM25.mouse.genes.annotation/DMR_20260121_144556/DMR_hmc_control__mutant_20260121_144556.bed...
Logged in using stored credentials
[38;5;23m2026-01-21 14:49:04[39m  [1m[38;5;123mProvenance information:[39m
[38;5;23m2026-01-21 14:49:04[39m  cmd='/home/zalibhai/miniforge3/envs/modality/bin/modality -v dmr plot --dmr-results /expanse/lustre/projects/csd940/zalibhai/biomodal/modality/outputs_CG/Results/gencode.vM25.mouse.genes.annotation/DMR_20260121_144556/DMR_hmc_control__mutant_20260121_144556.bed --output-dir /expanse/lustre/projects/csd940/zalibhai/biomodal/modality/outputs_CG/Results/gencode.vM25.mouse.genes.annotation'
timestamp=2026-01-21T14:49:04.022510
version=1.0.0
user=zalibhai

[39m
[38;5;23m2026-01-21 14:49:04[39m  [1m[38;5;123mGenerating DMR plots:[39m
[38;5;23m2026-01-21 14:49:04[39m  [38;5;248mDmr Results[39m: ['/expanse/lustre/projects/csd940/zalibhai/biomodal/modality/outputs_CG/Results/gencode.vM25.mouse.genes.annotation/DMR_20260121_144556/DMR_hmc_control__mutant_20260121_144556.bed'][39m
[38;5;23m2026-01-21 14:49:04[39m  [38;5;248mOutput Dir[39m: /expanse/lustre/projects/csd940/zalibhai/biomodal/modality/outputs_CG/Results/gencode.vM25.mouse.genes.annotation[39m
[38;5;23m2026-01-21 14:49:04[39m  [38;5;248mFilter Qvalue[39m: None[39m
[38;5;23m2026-01-21 14:49:04[39m  [38;5;248mFilter Mod Difference[39m: None[39m
[38;5;23m2026-01-21 14:49:04[39m | [38;5;23mINFO[39m | Loading DMR file: /expanse/lustre/projects/csd940/zalibhai/biomodal/modality/outputs_CG/Results/gencode.vM25.mouse.genes.annotation/DMR_20260121_144556/DMR_hmc_control__mutant_20260121_144556.bed[39m
[38;5;23m2026-01-21 14:49:04[39m | [33mWARNING[39m | [33mExtra columns detected: Index(['Annotation', 'Name'], dtype='object'). These will be retained but are not validated.[39m
[38;5;23m2026-01-21 14:49:04[39m | [38;5;23mINFO[39m | Loaded DMR file with 20224 rows[39m
[38;5;23m2026-01-21 14:49:04[39m | [38;5;23mINFO[39m | Detected insufficient sample size condition (all p-values=1.0 and test_statistics=0.0)[39m
[38;5;23m2026-01-21 14:49:04[39m | [38;5;23mINFO[39m | No filtering applied to DMRs[39m
[38;5;23m2026-01-21 14:49:04[39m | [38;5;23mINFO[39m | After filtering, DMR result has 20224 rows[39m
[38;5;23m2026-01-21 14:49:04[39m | [38;5;23mINFO[39m | Data ranges - mod_difference: [-0.3976190476190476, 0.3866910866910866], min q-value: 1.0[39m
[38;5;23m2026-01-21 14:49:04[39m | [38;5;23mINFO[39m | Preparing volcano plot data[39m
[38;5;23m2026-01-21 14:49:04[39m | [38;5;23mINFO[39m | Preparing histogram plot data[39m
[38;5;23m2026-01-21 14:49:04[39m | [38;5;23mINFO[39m | Histogram data for group 'Gene': 20224 p-values[39m
[38;5;23m2026-01-21 14:49:04[39m | [38;5;23mINFO[39m | p-value range: [1.0, 1.0][39m
[38;5;23m2026-01-21 14:49:04[39m | [38;5;23mINFO[39m | Volcano plot has 20224 total points across 1 groups[39m
[38;5;23m2026-01-21 14:49:04[39m | [33mWARNING[39m | [33mExtra columns detected: Index(['Annotation', 'Name'], dtype='object'). These will be retained but are not validated.[39m
[38;5;23m2026-01-21 14:49:04[39m | [38;5;23mINFO[39m | Generated DMR report: /expanse/lustre/projects/csd940/zalibhai/biomodal/modality/outputs_CG/Results/gencode.vM25.mouse.genes.annotation/DMR_Report_20260121_144904/DMR_Report_hmc_control__mutant.dmr.volcano_20260121_144904.html[39m
[38;5;23m2026-01-21 14:49:04[39m | [38;5;23mINFO[39m | Generated 1 DMR reports.[39m
[38;5;23m2026-01-21 14:49:04[39m  [1m[38;5;154mDMR report successfully generated: /expanse/lustre/projects/csd940/zalibhai/biomodal/modality/outputs_CG/Results/gencode.vM25.mouse.genes.annotation/DMR_Report_20260121_144904/DMR_Report_hmc_control__mutant.dmr.volcano_20260121_144904.html[39m
[38;5;23m2026-01-21 14:49:04[39m | [38;5;23mINFO[39m | No filtered DMR files were generated. Check your filter parameters.[39m
[38;5;23m2026-01-21 14:49:04[39m  Wrote provenance sidecar file to /expanse/lustre/projects/csd940/zalibhai/biomodal/modality/outputs_CG/Results/gencode.vM25.mouse.genes.annotation/DMR_Report_20260121_144904/modality_metadata_20260121_144904.json[39m
Logged in using stored credentials
[38;5;23m2026-01-21 14:49:08[39m  [1m[38;5;123mProvenance information:[39m
[38;5;23m2026-01-21 14:49:08[39m  cmd='/home/zalibhai/miniforge3/envs/modality/bin/modality dmr plot --dmr-results /expanse/lustre/projects/csd940/zalibhai/biomodal/modality/outputs_CG/Results/gencode.vM25.mouse.genes.annotation/DMR_20260121_144556/DMR_hmc_control__mutant_20260121_144556.bed --filter-qvalue 0.05 --output-dir /expanse/lustre/projects/csd940/zalibhai/biomodal/modality/outputs_CG/Results/gencode.vM25.mouse.genes.annotation'
timestamp=2026-01-21T14:49:08.711888
version=1.0.0
user=zalibhai

[39m
[38;5;23m2026-01-21 14:49:08[39m  [1m[38;5;123mGenerating DMR plots:[39m
[38;5;23m2026-01-21 14:49:08[39m  [38;5;248mDmr Results[39m: ['/expanse/lustre/projects/csd940/zalibhai/biomodal/modality/outputs_CG/Results/gencode.vM25.mouse.genes.annotation/DMR_20260121_144556/DMR_hmc_control__mutant_20260121_144556.bed'][39m
[38;5;23m2026-01-21 14:49:08[39m  [38;5;248mFilter Qvalue[39m: 0.05[39m
[38;5;23m2026-01-21 14:49:08[39m  [38;5;248mOutput Dir[39m: /expanse/lustre/projects/csd940/zalibhai/biomodal/modality/outputs_CG/Results/gencode.vM25.mouse.genes.annotation[39m
[38;5;23m2026-01-21 14:49:08[39m  [38;5;248mFilter Mod Difference[39m: None[39m
[38;5;23m2026-01-21 14:49:08[39m | [33mWARNING[39m | [33mExtra columns detected: Index(['Annotation', 'Name'], dtype='object'). These will be retained but are not validated.[39m
[38;5;23m2026-01-21 14:49:08[39m | [33mWARNING[39m | [33mDMR results empty after applying filters (filter_qvalue=0.05, filter_mod_difference=None) for condition-pair=control__mutant and methylation-context=hmc. No filtered output and plot will be produced.[39m
[38;5;23m2026-01-21 14:49:08[39m | [33mWARNING[39m | [33mNo DMR reports were generated. Check your input files and filter parameters.[39m
[INFO] 2026-01-21 14:49:09 - DMR plots generated for /expanse/lustre/projects/csd940/zalibhai/biomodal/modality/outputs_CG/Results/gencode.vM25.mouse.genes.annotation/DMR_20260121_144556/DMR_hmc_control__mutant_20260121_144556.bed
[INFO] 2026-01-21 14:49:09 - Generating DMR plots for /expanse/lustre/projects/csd940/zalibhai/biomodal/modality/outputs_CG/Results/gencode.vM25.mouse.genes.annotation/DMR_20260121_144556/DMR_mc_control__mutant_20260121_144556.bed...
Logged in using stored credentials
[38;5;23m2026-01-21 14:49:12[39m  [1m[38;5;123mProvenance information:[39m
[38;5;23m2026-01-21 14:49:12[39m  cmd='/home/zalibhai/miniforge3/envs/modality/bin/modality -v dmr plot --dmr-results /expanse/lustre/projects/csd940/zalibhai/biomodal/modality/outputs_CG/Results/gencode.vM25.mouse.genes.annotation/DMR_20260121_144556/DMR_mc_control__mutant_20260121_144556.bed --output-dir /expanse/lustre/projects/csd940/zalibhai/biomodal/modality/outputs_CG/Results/gencode.vM25.mouse.genes.annotation'
timestamp=2026-01-21T14:49:12.245808
version=1.0.0
user=zalibhai

[39m
[38;5;23m2026-01-21 14:49:12[39m  [1m[38;5;123mGenerating DMR plots:[39m
[38;5;23m2026-01-21 14:49:12[39m  [38;5;248mDmr Results[39m: ['/expanse/lustre/projects/csd940/zalibhai/biomodal/modality/outputs_CG/Results/gencode.vM25.mouse.genes.annotation/DMR_20260121_144556/DMR_mc_control__mutant_20260121_144556.bed'][39m
[38;5;23m2026-01-21 14:49:12[39m  [38;5;248mOutput Dir[39m: /expanse/lustre/projects/csd940/zalibhai/biomodal/modality/outputs_CG/Results/gencode.vM25.mouse.genes.annotation[39m
[38;5;23m2026-01-21 14:49:12[39m  [38;5;248mFilter Qvalue[39m: None[39m
[38;5;23m2026-01-21 14:49:12[39m  [38;5;248mFilter Mod Difference[39m: None[39m
[38;5;23m2026-01-21 14:49:12[39m | [38;5;23mINFO[39m | Loading DMR file: /expanse/lustre/projects/csd940/zalibhai/biomodal/modality/outputs_CG/Results/gencode.vM25.mouse.genes.annotation/DMR_20260121_144556/DMR_mc_control__mutant_20260121_144556.bed[39m
[38;5;23m2026-01-21 14:49:12[39m | [33mWARNING[39m | [33mExtra columns detected: Index(['Annotation', 'Name'], dtype='object'). These will be retained but are not validated.[39m
[38;5;23m2026-01-21 14:49:12[39m | [38;5;23mINFO[39m | Loaded DMR file with 20224 rows[39m
[38;5;23m2026-01-21 14:49:12[39m | [38;5;23mINFO[39m | Detected insufficient sample size condition (all p-values=1.0 and test_statistics=0.0)[39m
[38;5;23m2026-01-21 14:49:12[39m | [38;5;23mINFO[39m | No filtering applied to DMRs[39m
[38;5;23m2026-01-21 14:49:12[39m | [38;5;23mINFO[39m | After filtering, DMR result has 20224 rows[39m
[38;5;23m2026-01-21 14:49:12[39m | [38;5;23mINFO[39m | Data ranges - mod_difference: [-0.419047619047619, 0.4698412698412698], min q-value: 1.0[39m
[38;5;23m2026-01-21 14:49:12[39m | [38;5;23mINFO[39m | Preparing volcano plot data[39m
[38;5;23m2026-01-21 14:49:12[39m | [38;5;23mINFO[39m | Preparing histogram plot data[39m
[38;5;23m2026-01-21 14:49:12[39m | [38;5;23mINFO[39m | Histogram data for group 'Gene': 20224 p-values[39m
[38;5;23m2026-01-21 14:49:12[39m | [38;5;23mINFO[39m | p-value range: [1.0, 1.0][39m
[38;5;23m2026-01-21 14:49:12[39m | [38;5;23mINFO[39m | Volcano plot has 20224 total points across 1 groups[39m
[38;5;23m2026-01-21 14:49:12[39m | [33mWARNING[39m | [33mExtra columns detected: Index(['Annotation', 'Name'], dtype='object'). These will be retained but are not validated.[39m
[38;5;23m2026-01-21 14:49:12[39m | [38;5;23mINFO[39m | Generated DMR report: /expanse/lustre/projects/csd940/zalibhai/biomodal/modality/outputs_CG/Results/gencode.vM25.mouse.genes.annotation/DMR_Report_20260121_144912/DMR_Report_mc_control__mutant.dmr.volcano_20260121_144912.html[39m
[38;5;23m2026-01-21 14:49:12[39m | [38;5;23mINFO[39m | Generated 1 DMR reports.[39m
[38;5;23m2026-01-21 14:49:12[39m  [1m[38;5;154mDMR report successfully generated: /expanse/lustre/projects/csd940/zalibhai/biomodal/modality/outputs_CG/Results/gencode.vM25.mouse.genes.annotation/DMR_Report_20260121_144912/DMR_Report_mc_control__mutant.dmr.volcano_20260121_144912.html[39m
[38;5;23m2026-01-21 14:49:12[39m | [38;5;23mINFO[39m | No filtered DMR files were generated. Check your filter parameters.[39m
[38;5;23m2026-01-21 14:49:12[39m  Wrote provenance sidecar file to /expanse/lustre/projects/csd940/zalibhai/biomodal/modality/outputs_CG/Results/gencode.vM25.mouse.genes.annotation/DMR_Report_20260121_144912/modality_metadata_20260121_144912.json[39m
Logged in using stored credentials
[38;5;23m2026-01-21 14:49:16[39m  [1m[38;5;123mProvenance information:[39m
[38;5;23m2026-01-21 14:49:16[39m  cmd='/home/zalibhai/miniforge3/envs/modality/bin/modality dmr plot --dmr-results /expanse/lustre/projects/csd940/zalibhai/biomodal/modality/outputs_CG/Results/gencode.vM25.mouse.genes.annotation/DMR_20260121_144556/DMR_mc_control__mutant_20260121_144556.bed --filter-qvalue 0.05 --output-dir /expanse/lustre/projects/csd940/zalibhai/biomodal/modality/outputs_CG/Results/gencode.vM25.mouse.genes.annotation'
timestamp=2026-01-21T14:49:16.033407
version=1.0.0
user=zalibhai

[39m
[38;5;23m2026-01-21 14:49:16[39m  [1m[38;5;123mGenerating DMR plots:[39m
[38;5;23m2026-01-21 14:49:16[39m  [38;5;248mDmr Results[39m: ['/expanse/lustre/projects/csd940/zalibhai/biomodal/modality/outputs_CG/Results/gencode.vM25.mouse.genes.annotation/DMR_20260121_144556/DMR_mc_control__mutant_20260121_144556.bed'][39m
[38;5;23m2026-01-21 14:49:16[39m  [38;5;248mFilter Qvalue[39m: 0.05[39m
[38;5;23m2026-01-21 14:49:16[39m  [38;5;248mOutput Dir[39m: /expanse/lustre/projects/csd940/zalibhai/biomodal/modality/outputs_CG/Results/gencode.vM25.mouse.genes.annotation[39m
[38;5;23m2026-01-21 14:49:16[39m  [38;5;248mFilter Mod Difference[39m: None[39m
[38;5;23m2026-01-21 14:49:16[39m | [33mWARNING[39m | [33mExtra columns detected: Index(['Annotation', 'Name'], dtype='object'). These will be retained but are not validated.[39m
[38;5;23m2026-01-21 14:49:16[39m | [33mWARNING[39m | [33mDMR results empty after applying filters (filter_qvalue=0.05, filter_mod_difference=None) for condition-pair=control__mutant and methylation-context=mc. No filtered output and plot will be produced.[39m
[38;5;23m2026-01-21 14:49:16[39m | [33mWARNING[39m | [33mNo DMR reports were generated. Check your input files and filter parameters.[39m
[INFO] 2026-01-21 14:49:16 - DMR plots generated for /expanse/lustre/projects/csd940/zalibhai/biomodal/modality/outputs_CG/Results/gencode.vM25.mouse.genes.annotation/DMR_20260121_144556/DMR_mc_control__mutant_20260121_144556.bed
[INFO] 2026-01-21 14:49:16 - DMR visualisation completed for region: gencode.vM25.mouse.genes.annotation
[INFO] 2026-01-21 14:49:16 - Processing DMR visualisation for region: gencode.vM25.mouse.promoters.annotation
[INFO] 2026-01-21 14:49:16 - Generating DMR plots for /expanse/lustre/projects/csd940/zalibhai/biomodal/modality/outputs_CG/Results/gencode.vM25.mouse.promoters.annotation/DMR_20260121_144652/DMR_hmc_control__mutant_20260121_144652.bed...
Logged in using stored credentials
[38;5;23m2026-01-21 14:49:19[39m  [1m[38;5;123mProvenance information:[39m
[38;5;23m2026-01-21 14:49:19[39m  cmd='/home/zalibhai/miniforge3/envs/modality/bin/modality -v dmr plot --dmr-results /expanse/lustre/projects/csd940/zalibhai/biomodal/modality/outputs_CG/Results/gencode.vM25.mouse.promoters.annotation/DMR_20260121_144652/DMR_hmc_control__mutant_20260121_144652.bed --output-dir /expanse/lustre/projects/csd940/zalibhai/biomodal/modality/outputs_CG/Results/gencode.vM25.mouse.promoters.annotation'
timestamp=2026-01-21T14:49:19.612456
version=1.0.0
user=zalibhai

[39m
[38;5;23m2026-01-21 14:49:19[39m  [1m[38;5;123mGenerating DMR plots:[39m
[38;5;23m2026-01-21 14:49:19[39m  [38;5;248mDmr Results[39m: ['/expanse/lustre/projects/csd940/zalibhai/biomodal/modality/outputs_CG/Results/gencode.vM25.mouse.promoters.annotation/DMR_20260121_144652/DMR_hmc_control__mutant_20260121_144652.bed'][39m
[38;5;23m2026-01-21 14:49:19[39m  [38;5;248mOutput Dir[39m: /expanse/lustre/projects/csd940/zalibhai/biomodal/modality/outputs_CG/Results/gencode.vM25.mouse.promoters.annotation[39m
[38;5;23m2026-01-21 14:49:19[39m  [38;5;248mFilter Qvalue[39m: None[39m
[38;5;23m2026-01-21 14:49:19[39m  [38;5;248mFilter Mod Difference[39m: None[39m
[38;5;23m2026-01-21 14:49:19[39m | [38;5;23mINFO[39m | Loading DMR file: /expanse/lustre/projects/csd940/zalibhai/biomodal/modality/outputs_CG/Results/gencode.vM25.mouse.promoters.annotation/DMR_20260121_144652/DMR_hmc_control__mutant_20260121_144652.bed[39m
[38;5;23m2026-01-21 14:49:19[39m | [33mWARNING[39m | [33mExtra columns detected: Index(['Annotation', 'Name'], dtype='object'). These will be retained but are not validated.[39m
[38;5;23m2026-01-21 14:49:19[39m | [38;5;23mINFO[39m | Loaded DMR file with 14989 rows[39m
[38;5;23m2026-01-21 14:49:19[39m | [38;5;23mINFO[39m | Detected insufficient sample size condition (all p-values=1.0 and test_statistics=0.0)[39m
[38;5;23m2026-01-21 14:49:19[39m | [38;5;23mINFO[39m | No filtering applied to DMRs[39m
[38;5;23m2026-01-21 14:49:19[39m | [38;5;23mINFO[39m | After filtering, DMR result has 14989 rows[39m
[38;5;23m2026-01-21 14:49:19[39m | [38;5;23mINFO[39m | Data ranges - mod_difference: [-0.4191336441336442, 0.5202020202020202], min q-value: 1.0[39m
[38;5;23m2026-01-21 14:49:19[39m | [38;5;23mINFO[39m | Preparing volcano plot data[39m
[38;5;23m2026-01-21 14:49:19[39m | [38;5;23mINFO[39m | Preparing histogram plot data[39m
[38;5;23m2026-01-21 14:49:19[39m | [38;5;23mINFO[39m | Histogram data for group 'Promoter': 14989 p-values[39m
[38;5;23m2026-01-21 14:49:19[39m | [38;5;23mINFO[39m | p-value range: [1.0, 1.0][39m
[38;5;23m2026-01-21 14:49:19[39m | [38;5;23mINFO[39m | Volcano plot has 14989 total points across 1 groups[39m
[38;5;23m2026-01-21 14:49:19[39m | [33mWARNING[39m | [33mExtra columns detected: Index(['Annotation', 'Name'], dtype='object'). These will be retained but are not validated.[39m
[38;5;23m2026-01-21 14:49:19[39m | [38;5;23mINFO[39m | Generated DMR report: /expanse/lustre/projects/csd940/zalibhai/biomodal/modality/outputs_CG/Results/gencode.vM25.mouse.promoters.annotation/DMR_Report_20260121_144919/DMR_Report_hmc_control__mutant.dmr.volcano_20260121_144919.html[39m
[38;5;23m2026-01-21 14:49:19[39m | [38;5;23mINFO[39m | Generated 1 DMR reports.[39m
[38;5;23m2026-01-21 14:49:19[39m  [1m[38;5;154mDMR report successfully generated: /expanse/lustre/projects/csd940/zalibhai/biomodal/modality/outputs_CG/Results/gencode.vM25.mouse.promoters.annotation/DMR_Report_20260121_144919/DMR_Report_hmc_control__mutant.dmr.volcano_20260121_144919.html[39m
[38;5;23m2026-01-21 14:49:19[39m | [38;5;23mINFO[39m | No filtered DMR files were generated. Check your filter parameters.[39m
[38;5;23m2026-01-21 14:49:19[39m  Wrote provenance sidecar file to /expanse/lustre/projects/csd940/zalibhai/biomodal/modality/outputs_CG/Results/gencode.vM25.mouse.promoters.annotation/DMR_Report_20260121_144919/modality_metadata_20260121_144919.json[39m
Logged in using stored credentials
[38;5;23m2026-01-21 14:49:23[39m  [1m[38;5;123mProvenance information:[39m
[38;5;23m2026-01-21 14:49:23[39m  cmd='/home/zalibhai/miniforge3/envs/modality/bin/modality dmr plot --dmr-results /expanse/lustre/projects/csd940/zalibhai/biomodal/modality/outputs_CG/Results/gencode.vM25.mouse.promoters.annotation/DMR_20260121_144652/DMR_hmc_control__mutant_20260121_144652.bed --filter-qvalue 0.05 --output-dir /expanse/lustre/projects/csd940/zalibhai/biomodal/modality/outputs_CG/Results/gencode.vM25.mouse.promoters.annotation'
timestamp=2026-01-21T14:49:23.385830
version=1.0.0
user=zalibhai

[39m
[38;5;23m2026-01-21 14:49:23[39m  [1m[38;5;123mGenerating DMR plots:[39m
[38;5;23m2026-01-21 14:49:23[39m  [38;5;248mDmr Results[39m: ['/expanse/lustre/projects/csd940/zalibhai/biomodal/modality/outputs_CG/Results/gencode.vM25.mouse.promoters.annotation/DMR_20260121_144652/DMR_hmc_control__mutant_20260121_144652.bed'][39m
[38;5;23m2026-01-21 14:49:23[39m  [38;5;248mFilter Qvalue[39m: 0.05[39m
[38;5;23m2026-01-21 14:49:23[39m  [38;5;248mOutput Dir[39m: /expanse/lustre/projects/csd940/zalibhai/biomodal/modality/outputs_CG/Results/gencode.vM25.mouse.promoters.annotation[39m
[38;5;23m2026-01-21 14:49:23[39m  [38;5;248mFilter Mod Difference[39m: None[39m
[38;5;23m2026-01-21 14:49:23[39m | [33mWARNING[39m | [33mExtra columns detected: Index(['Annotation', 'Name'], dtype='object'). These will be retained but are not validated.[39m
[38;5;23m2026-01-21 14:49:23[39m | [33mWARNING[39m | [33mDMR results empty after applying filters (filter_qvalue=0.05, filter_mod_difference=None) for condition-pair=control__mutant and methylation-context=hmc. No filtered output and plot will be produced.[39m
[38;5;23m2026-01-21 14:49:23[39m | [33mWARNING[39m | [33mNo DMR reports were generated. Check your input files and filter parameters.[39m
[INFO] 2026-01-21 14:49:23 - DMR plots generated for /expanse/lustre/projects/csd940/zalibhai/biomodal/modality/outputs_CG/Results/gencode.vM25.mouse.promoters.annotation/DMR_20260121_144652/DMR_hmc_control__mutant_20260121_144652.bed
[INFO] 2026-01-21 14:49:23 - Generating DMR plots for /expanse/lustre/projects/csd940/zalibhai/biomodal/modality/outputs_CG/Results/gencode.vM25.mouse.promoters.annotation/DMR_20260121_144652/DMR_mc_control__mutant_20260121_144652.bed...
Logged in using stored credentials
[38;5;23m2026-01-21 14:49:26[39m  [1m[38;5;123mProvenance information:[39m
[38;5;23m2026-01-21 14:49:26[39m  cmd='/home/zalibhai/miniforge3/envs/modality/bin/modality -v dmr plot --dmr-results /expanse/lustre/projects/csd940/zalibhai/biomodal/modality/outputs_CG/Results/gencode.vM25.mouse.promoters.annotation/DMR_20260121_144652/DMR_mc_control__mutant_20260121_144652.bed --output-dir /expanse/lustre/projects/csd940/zalibhai/biomodal/modality/outputs_CG/Results/gencode.vM25.mouse.promoters.annotation'
timestamp=2026-01-21T14:49:26.918933
version=1.0.0
user=zalibhai

[39m
[38;5;23m2026-01-21 14:49:26[39m  [1m[38;5;123mGenerating DMR plots:[39m
[38;5;23m2026-01-21 14:49:26[39m  [38;5;248mDmr Results[39m: ['/expanse/lustre/projects/csd940/zalibhai/biomodal/modality/outputs_CG/Results/gencode.vM25.mouse.promoters.annotation/DMR_20260121_144652/DMR_mc_control__mutant_20260121_144652.bed'][39m
[38;5;23m2026-01-21 14:49:26[39m  [38;5;248mOutput Dir[39m: /expanse/lustre/projects/csd940/zalibhai/biomodal/modality/outputs_CG/Results/gencode.vM25.mouse.promoters.annotation[39m
[38;5;23m2026-01-21 14:49:26[39m  [38;5;248mFilter Qvalue[39m: None[39m
[38;5;23m2026-01-21 14:49:26[39m  [38;5;248mFilter Mod Difference[39m: None[39m
[38;5;23m2026-01-21 14:49:26[39m | [38;5;23mINFO[39m | Loading DMR file: /expanse/lustre/projects/csd940/zalibhai/biomodal/modality/outputs_CG/Results/gencode.vM25.mouse.promoters.annotation/DMR_20260121_144652/DMR_mc_control__mutant_20260121_144652.bed[39m
[38;5;23m2026-01-21 14:49:26[39m | [33mWARNING[39m | [33mExtra columns detected: Index(['Annotation', 'Name'], dtype='object'). These will be retained but are not validated.[39m
[38;5;23m2026-01-21 14:49:26[39m | [38;5;23mINFO[39m | Loaded DMR file with 14989 rows[39m
[38;5;23m2026-01-21 14:49:26[39m | [38;5;23mINFO[39m | Detected insufficient sample size condition (all p-values=1.0 and test_statistics=0.0)[39m
[38;5;23m2026-01-21 14:49:26[39m | [38;5;23mINFO[39m | No filtering applied to DMRs[39m
[38;5;23m2026-01-21 14:49:26[39m | [38;5;23mINFO[39m | After filtering, DMR result has 14989 rows[39m
[38;5;23m2026-01-21 14:49:26[39m | [38;5;23mINFO[39m | Data ranges - mod_difference: [-0.4721153846153846, 0.5039682539682541], min q-value: 1.0[39m
[38;5;23m2026-01-21 14:49:26[39m | [38;5;23mINFO[39m | Preparing volcano plot data[39m
[38;5;23m2026-01-21 14:49:27[39m | [38;5;23mINFO[39m | Preparing histogram plot data[39m
[38;5;23m2026-01-21 14:49:27[39m | [38;5;23mINFO[39m | Histogram data for group 'Promoter': 14989 p-values[39m
[38;5;23m2026-01-21 14:49:27[39m | [38;5;23mINFO[39m | p-value range: [1.0, 1.0][39m
[38;5;23m2026-01-21 14:49:27[39m | [38;5;23mINFO[39m | Volcano plot has 14989 total points across 1 groups[39m
[38;5;23m2026-01-21 14:49:27[39m | [33mWARNING[39m | [33mExtra columns detected: Index(['Annotation', 'Name'], dtype='object'). These will be retained but are not validated.[39m
[38;5;23m2026-01-21 14:49:27[39m | [38;5;23mINFO[39m | Generated DMR report: /expanse/lustre/projects/csd940/zalibhai/biomodal/modality/outputs_CG/Results/gencode.vM25.mouse.promoters.annotation/DMR_Report_20260121_144927/DMR_Report_mc_control__mutant.dmr.volcano_20260121_144927.html[39m
[38;5;23m2026-01-21 14:49:27[39m | [38;5;23mINFO[39m | Generated 1 DMR reports.[39m
[38;5;23m2026-01-21 14:49:27[39m  [1m[38;5;154mDMR report successfully generated: /expanse/lustre/projects/csd940/zalibhai/biomodal/modality/outputs_CG/Results/gencode.vM25.mouse.promoters.annotation/DMR_Report_20260121_144927/DMR_Report_mc_control__mutant.dmr.volcano_20260121_144927.html[39m
[38;5;23m2026-01-21 14:49:27[39m | [38;5;23mINFO[39m | No filtered DMR files were generated. Check your filter parameters.[39m
[38;5;23m2026-01-21 14:49:27[39m  Wrote provenance sidecar file to /expanse/lustre/projects/csd940/zalibhai/biomodal/modality/outputs_CG/Results/gencode.vM25.mouse.promoters.annotation/DMR_Report_20260121_144927/modality_metadata_20260121_144927.json[39m
Logged in using stored credentials
[38;5;23m2026-01-21 14:49:30[39m  [1m[38;5;123mProvenance information:[39m
[38;5;23m2026-01-21 14:49:30[39m  cmd='/home/zalibhai/miniforge3/envs/modality/bin/modality dmr plot --dmr-results /expanse/lustre/projects/csd940/zalibhai/biomodal/modality/outputs_CG/Results/gencode.vM25.mouse.promoters.annotation/DMR_20260121_144652/DMR_mc_control__mutant_20260121_144652.bed --filter-qvalue 0.05 --output-dir /expanse/lustre/projects/csd940/zalibhai/biomodal/modality/outputs_CG/Results/gencode.vM25.mouse.promoters.annotation'
timestamp=2026-01-21T14:49:30.759209
version=1.0.0
user=zalibhai

[39m
[38;5;23m2026-01-21 14:49:30[39m  [1m[38;5;123mGenerating DMR plots:[39m
[38;5;23m2026-01-21 14:49:30[39m  [38;5;248mDmr Results[39m: ['/expanse/lustre/projects/csd940/zalibhai/biomodal/modality/outputs_CG/Results/gencode.vM25.mouse.promoters.annotation/DMR_20260121_144652/DMR_mc_control__mutant_20260121_144652.bed'][39m
[38;5;23m2026-01-21 14:49:30[39m  [38;5;248mFilter Qvalue[39m: 0.05[39m
[38;5;23m2026-01-21 14:49:30[39m  [38;5;248mOutput Dir[39m: /expanse/lustre/projects/csd940/zalibhai/biomodal/modality/outputs_CG/Results/gencode.vM25.mouse.promoters.annotation[39m
[38;5;23m2026-01-21 14:49:30[39m  [38;5;248mFilter Mod Difference[39m: None[39m
[38;5;23m2026-01-21 14:49:30[39m | [33mWARNING[39m | [33mExtra columns detected: Index(['Annotation', 'Name'], dtype='object'). These will be retained but are not validated.[39m
[38;5;23m2026-01-21 14:49:30[39m | [33mWARNING[39m | [33mDMR results empty after applying filters (filter_qvalue=0.05, filter_mod_difference=None) for condition-pair=control__mutant and methylation-context=mc. No filtered output and plot will be produced.[39m
[38;5;23m2026-01-21 14:49:30[39m | [33mWARNING[39m | [33mNo DMR reports were generated. Check your input files and filter parameters.[39m
[INFO] 2026-01-21 14:49:31 - DMR plots generated for /expanse/lustre/projects/csd940/zalibhai/biomodal/modality/outputs_CG/Results/gencode.vM25.mouse.promoters.annotation/DMR_20260121_144652/DMR_mc_control__mutant_20260121_144652.bed
[INFO] 2026-01-21 14:49:31 - DMR visualisation completed for region: gencode.vM25.mouse.promoters.annotation
[INFO] 2026-01-21 14:49:31 - Processing DMR visualisation for region: gencode.vM25.mouse.tss_region.annotation
[INFO] 2026-01-21 14:49:31 - Generating DMR plots for /expanse/lustre/projects/csd940/zalibhai/biomodal/modality/outputs_CG/Results/gencode.vM25.mouse.tss_region.annotation/DMR_20260121_144751/DMR_hmc_control__mutant_20260121_144751.bed...
Logged in using stored credentials
[38;5;23m2026-01-21 14:49:34[39m  [1m[38;5;123mProvenance information:[39m
[38;5;23m2026-01-21 14:49:34[39m  cmd='/home/zalibhai/miniforge3/envs/modality/bin/modality -v dmr plot --dmr-results /expanse/lustre/projects/csd940/zalibhai/biomodal/modality/outputs_CG/Results/gencode.vM25.mouse.tss_region.annotation/DMR_20260121_144751/DMR_hmc_control__mutant_20260121_144751.bed --output-dir /expanse/lustre/projects/csd940/zalibhai/biomodal/modality/outputs_CG/Results/gencode.vM25.mouse.tss_region.annotation'
timestamp=2026-01-21T14:49:34.275680
version=1.0.0
user=zalibhai

[39m
[38;5;23m2026-01-21 14:49:34[39m  [1m[38;5;123mGenerating DMR plots:[39m
[38;5;23m2026-01-21 14:49:34[39m  [38;5;248mDmr Results[39m: ['/expanse/lustre/projects/csd940/zalibhai/biomodal/modality/outputs_CG/Results/gencode.vM25.mouse.tss_region.annotation/DMR_20260121_144751/DMR_hmc_control__mutant_20260121_144751.bed'][39m
[38;5;23m2026-01-21 14:49:34[39m  [38;5;248mOutput Dir[39m: /expanse/lustre/projects/csd940/zalibhai/biomodal/modality/outputs_CG/Results/gencode.vM25.mouse.tss_region.annotation[39m
[38;5;23m2026-01-21 14:49:34[39m  [38;5;248mFilter Qvalue[39m: None[39m
[38;5;23m2026-01-21 14:49:34[39m  [38;5;248mFilter Mod Difference[39m: None[39m
[38;5;23m2026-01-21 14:49:34[39m | [38;5;23mINFO[39m | Loading DMR file: /expanse/lustre/projects/csd940/zalibhai/biomodal/modality/outputs_CG/Results/gencode.vM25.mouse.tss_region.annotation/DMR_20260121_144751/DMR_hmc_control__mutant_20260121_144751.bed[39m
[38;5;23m2026-01-21 14:49:34[39m | [33mWARNING[39m | [33mExtra columns detected: Index(['Annotation', 'Name'], dtype='object'). These will be retained but are not validated.[39m
[38;5;23m2026-01-21 14:49:34[39m | [38;5;23mINFO[39m | Loaded DMR file with 4593 rows[39m
[38;5;23m2026-01-21 14:49:34[39m | [38;5;23mINFO[39m | Detected insufficient sample size condition (all p-values=1.0 and test_statistics=0.0)[39m
[38;5;23m2026-01-21 14:49:34[39m | [38;5;23mINFO[39m | No filtering applied to DMRs[39m
[38;5;23m2026-01-21 14:49:34[39m | [38;5;23mINFO[39m | After filtering, DMR result has 4593 rows[39m
[38;5;23m2026-01-21 14:49:34[39m | [38;5;23mINFO[39m | Data ranges - mod_difference: [-0.3980769230769231, 0.3214285714285714], min q-value: 1.0[39m
[38;5;23m2026-01-21 14:49:34[39m | [38;5;23mINFO[39m | Preparing volcano plot data[39m
[38;5;23m2026-01-21 14:49:34[39m | [38;5;23mINFO[39m | Preparing histogram plot data[39m
[38;5;23m2026-01-21 14:49:34[39m | [38;5;23mINFO[39m | Histogram data for group 'TSS': 4593 p-values[39m
[38;5;23m2026-01-21 14:49:34[39m | [38;5;23mINFO[39m | p-value range: [1.0, 1.0][39m
[38;5;23m2026-01-21 14:49:34[39m | [38;5;23mINFO[39m | Volcano plot has 4593 total points across 1 groups[39m
[38;5;23m2026-01-21 14:49:34[39m | [33mWARNING[39m | [33mExtra columns detected: Index(['Annotation', 'Name'], dtype='object'). These will be retained but are not validated.[39m
[38;5;23m2026-01-21 14:49:34[39m | [38;5;23mINFO[39m | Generated DMR report: /expanse/lustre/projects/csd940/zalibhai/biomodal/modality/outputs_CG/Results/gencode.vM25.mouse.tss_region.annotation/DMR_Report_20260121_144934/DMR_Report_hmc_control__mutant.dmr.volcano_20260121_144934.html[39m
[38;5;23m2026-01-21 14:49:34[39m | [38;5;23mINFO[39m | Generated 1 DMR reports.[39m
[38;5;23m2026-01-21 14:49:34[39m  [1m[38;5;154mDMR report successfully generated: /expanse/lustre/projects/csd940/zalibhai/biomodal/modality/outputs_CG/Results/gencode.vM25.mouse.tss_region.annotation/DMR_Report_20260121_144934/DMR_Report_hmc_control__mutant.dmr.volcano_20260121_144934.html[39m
[38;5;23m2026-01-21 14:49:34[39m | [38;5;23mINFO[39m | No filtered DMR files were generated. Check your filter parameters.[39m
[38;5;23m2026-01-21 14:49:34[39m  Wrote provenance sidecar file to /expanse/lustre/projects/csd940/zalibhai/biomodal/modality/outputs_CG/Results/gencode.vM25.mouse.tss_region.annotation/DMR_Report_20260121_144934/modality_metadata_20260121_144934.json[39m
Logged in using stored credentials
[38;5;23m2026-01-21 14:49:37[39m  [1m[38;5;123mProvenance information:[39m
[38;5;23m2026-01-21 14:49:37[39m  cmd='/home/zalibhai/miniforge3/envs/modality/bin/modality dmr plot --dmr-results /expanse/lustre/projects/csd940/zalibhai/biomodal/modality/outputs_CG/Results/gencode.vM25.mouse.tss_region.annotation/DMR_20260121_144751/DMR_hmc_control__mutant_20260121_144751.bed --filter-qvalue 0.05 --output-dir /expanse/lustre/projects/csd940/zalibhai/biomodal/modality/outputs_CG/Results/gencode.vM25.mouse.tss_region.annotation'
timestamp=2026-01-21T14:49:37.819892
version=1.0.0
user=zalibhai

[39m
[38;5;23m2026-01-21 14:49:37[39m  [1m[38;5;123mGenerating DMR plots:[39m
[38;5;23m2026-01-21 14:49:37[39m  [38;5;248mDmr Results[39m: ['/expanse/lustre/projects/csd940/zalibhai/biomodal/modality/outputs_CG/Results/gencode.vM25.mouse.tss_region.annotation/DMR_20260121_144751/DMR_hmc_control__mutant_20260121_144751.bed'][39m
[38;5;23m2026-01-21 14:49:37[39m  [38;5;248mFilter Qvalue[39m: 0.05[39m
[38;5;23m2026-01-21 14:49:37[39m  [38;5;248mOutput Dir[39m: /expanse/lustre/projects/csd940/zalibhai/biomodal/modality/outputs_CG/Results/gencode.vM25.mouse.tss_region.annotation[39m
[38;5;23m2026-01-21 14:49:37[39m  [38;5;248mFilter Mod Difference[39m: None[39m
[38;5;23m2026-01-21 14:49:37[39m | [33mWARNING[39m | [33mExtra columns detected: Index(['Annotation', 'Name'], dtype='object'). These will be retained but are not validated.[39m
[38;5;23m2026-01-21 14:49:37[39m | [33mWARNING[39m | [33mDMR results empty after applying filters (filter_qvalue=0.05, filter_mod_difference=None) for condition-pair=control__mutant and methylation-context=hmc. No filtered output and plot will be produced.[39m
[38;5;23m2026-01-21 14:49:37[39m | [33mWARNING[39m | [33mNo DMR reports were generated. Check your input files and filter parameters.[39m
[INFO] 2026-01-21 14:49:38 - DMR plots generated for /expanse/lustre/projects/csd940/zalibhai/biomodal/modality/outputs_CG/Results/gencode.vM25.mouse.tss_region.annotation/DMR_20260121_144751/DMR_hmc_control__mutant_20260121_144751.bed
[INFO] 2026-01-21 14:49:38 - Generating DMR plots for /expanse/lustre/projects/csd940/zalibhai/biomodal/modality/outputs_CG/Results/gencode.vM25.mouse.tss_region.annotation/DMR_20260121_144751/DMR_mc_control__mutant_20260121_144751.bed...
Logged in using stored credentials
[38;5;23m2026-01-21 14:49:41[39m  [1m[38;5;123mProvenance information:[39m
[38;5;23m2026-01-21 14:49:41[39m  cmd='/home/zalibhai/miniforge3/envs/modality/bin/modality -v dmr plot --dmr-results /expanse/lustre/projects/csd940/zalibhai/biomodal/modality/outputs_CG/Results/gencode.vM25.mouse.tss_region.annotation/DMR_20260121_144751/DMR_mc_control__mutant_20260121_144751.bed --output-dir /expanse/lustre/projects/csd940/zalibhai/biomodal/modality/outputs_CG/Results/gencode.vM25.mouse.tss_region.annotation'
timestamp=2026-01-21T14:49:41.241674
version=1.0.0
user=zalibhai

[39m
[38;5;23m2026-01-21 14:49:41[39m  [1m[38;5;123mGenerating DMR plots:[39m
[38;5;23m2026-01-21 14:49:41[39m  [38;5;248mDmr Results[39m: ['/expanse/lustre/projects/csd940/zalibhai/biomodal/modality/outputs_CG/Results/gencode.vM25.mouse.tss_region.annotation/DMR_20260121_144751/DMR_mc_control__mutant_20260121_144751.bed'][39m
[38;5;23m2026-01-21 14:49:41[39m  [38;5;248mOutput Dir[39m: /expanse/lustre/projects/csd940/zalibhai/biomodal/modality/outputs_CG/Results/gencode.vM25.mouse.tss_region.annotation[39m
[38;5;23m2026-01-21 14:49:41[39m  [38;5;248mFilter Qvalue[39m: None[39m
[38;5;23m2026-01-21 14:49:41[39m  [38;5;248mFilter Mod Difference[39m: None[39m
[38;5;23m2026-01-21 14:49:41[39m | [38;5;23mINFO[39m | Loading DMR file: /expanse/lustre/projects/csd940/zalibhai/biomodal/modality/outputs_CG/Results/gencode.vM25.mouse.tss_region.annotation/DMR_20260121_144751/DMR_mc_control__mutant_20260121_144751.bed[39m
[38;5;23m2026-01-21 14:49:41[39m | [33mWARNING[39m | [33mExtra columns detected: Index(['Annotation', 'Name'], dtype='object'). These will be retained but are not validated.[39m
[38;5;23m2026-01-21 14:49:41[39m | [38;5;23mINFO[39m | Loaded DMR file with 4593 rows[39m
[38;5;23m2026-01-21 14:49:41[39m | [38;5;23mINFO[39m | Detected insufficient sample size condition (all p-values=1.0 and test_statistics=0.0)[39m
[38;5;23m2026-01-21 14:49:41[39m | [38;5;23mINFO[39m | No filtering applied to DMRs[39m
[38;5;23m2026-01-21 14:49:41[39m | [38;5;23mINFO[39m | After filtering, DMR result has 4593 rows[39m
[38;5;23m2026-01-21 14:49:41[39m | [38;5;23mINFO[39m | Data ranges - mod_difference: [-0.4755639097744361, 0.4888888888888888], min q-value: 1.0[39m
[38;5;23m2026-01-21 14:49:41[39m | [38;5;23mINFO[39m | Preparing volcano plot data[39m
[38;5;23m2026-01-21 14:49:41[39m | [38;5;23mINFO[39m | Preparing histogram plot data[39m
[38;5;23m2026-01-21 14:49:41[39m | [38;5;23mINFO[39m | Histogram data for group 'TSS': 4593 p-values[39m
[38;5;23m2026-01-21 14:49:41[39m | [38;5;23mINFO[39m | p-value range: [1.0, 1.0][39m
[38;5;23m2026-01-21 14:49:41[39m | [38;5;23mINFO[39m | Volcano plot has 4593 total points across 1 groups[39m
[38;5;23m2026-01-21 14:49:41[39m | [33mWARNING[39m | [33mExtra columns detected: Index(['Annotation', 'Name'], dtype='object'). These will be retained but are not validated.[39m
[38;5;23m2026-01-21 14:49:41[39m | [38;5;23mINFO[39m | Generated DMR report: /expanse/lustre/projects/csd940/zalibhai/biomodal/modality/outputs_CG/Results/gencode.vM25.mouse.tss_region.annotation/DMR_Report_20260121_144941/DMR_Report_mc_control__mutant.dmr.volcano_20260121_144941.html[39m
[38;5;23m2026-01-21 14:49:41[39m | [38;5;23mINFO[39m | Generated 1 DMR reports.[39m
[38;5;23m2026-01-21 14:49:41[39m  [1m[38;5;154mDMR report successfully generated: /expanse/lustre/projects/csd940/zalibhai/biomodal/modality/outputs_CG/Results/gencode.vM25.mouse.tss_region.annotation/DMR_Report_20260121_144941/DMR_Report_mc_control__mutant.dmr.volcano_20260121_144941.html[39m
[38;5;23m2026-01-21 14:49:41[39m | [38;5;23mINFO[39m | No filtered DMR files were generated. Check your filter parameters.[39m
[38;5;23m2026-01-21 14:49:41[39m  Wrote provenance sidecar file to /expanse/lustre/projects/csd940/zalibhai/biomodal/modality/outputs_CG/Results/gencode.vM25.mouse.tss_region.annotation/DMR_Report_20260121_144941/modality_metadata_20260121_144941.json[39m
Logged in using stored credentials
[38;5;23m2026-01-21 14:49:45[39m  [1m[38;5;123mProvenance information:[39m
[38;5;23m2026-01-21 14:49:45[39m  cmd='/home/zalibhai/miniforge3/envs/modality/bin/modality dmr plot --dmr-results /expanse/lustre/projects/csd940/zalibhai/biomodal/modality/outputs_CG/Results/gencode.vM25.mouse.tss_region.annotation/DMR_20260121_144751/DMR_mc_control__mutant_20260121_144751.bed --filter-qvalue 0.05 --output-dir /expanse/lustre/projects/csd940/zalibhai/biomodal/modality/outputs_CG/Results/gencode.vM25.mouse.tss_region.annotation'
timestamp=2026-01-21T14:49:45.157968
version=1.0.0
user=zalibhai

[39m
[38;5;23m2026-01-21 14:49:45[39m  [1m[38;5;123mGenerating DMR plots:[39m
[38;5;23m2026-01-21 14:49:45[39m  [38;5;248mDmr Results[39m: ['/expanse/lustre/projects/csd940/zalibhai/biomodal/modality/outputs_CG/Results/gencode.vM25.mouse.tss_region.annotation/DMR_20260121_144751/DMR_mc_control__mutant_20260121_144751.bed'][39m
[38;5;23m2026-01-21 14:49:45[39m  [38;5;248mFilter Qvalue[39m: 0.05[39m
[38;5;23m2026-01-21 14:49:45[39m  [38;5;248mOutput Dir[39m: /expanse/lustre/projects/csd940/zalibhai/biomodal/modality/outputs_CG/Results/gencode.vM25.mouse.tss_region.annotation[39m
[38;5;23m2026-01-21 14:49:45[39m  [38;5;248mFilter Mod Difference[39m: None[39m
[38;5;23m2026-01-21 14:49:45[39m | [33mWARNING[39m | [33mExtra columns detected: Index(['Annotation', 'Name'], dtype='object'). These will be retained but are not validated.[39m
[38;5;23m2026-01-21 14:49:45[39m | [33mWARNING[39m | [33mDMR results empty after applying filters (filter_qvalue=0.05, filter_mod_difference=None) for condition-pair=control__mutant and methylation-context=mc. No filtered output and plot will be produced.[39m
[38;5;23m2026-01-21 14:49:45[39m | [33mWARNING[39m | [33mNo DMR reports were generated. Check your input files and filter parameters.[39m
[INFO] 2026-01-21 14:49:45 - DMR plots generated for /expanse/lustre/projects/csd940/zalibhai/biomodal/modality/outputs_CG/Results/gencode.vM25.mouse.tss_region.annotation/DMR_20260121_144751/DMR_mc_control__mutant_20260121_144751.bed
[INFO] 2026-01-21 14:49:45 - DMR visualisation completed for region: gencode.vM25.mouse.tss_region.annotation
[INFO] 2026-01-21 14:49:45 - DMR HTML reports copied to region-specific directories
[INFO] 2026-01-21 14:49:45 - Pipeline completed successfully. Reports are available in /expanse/lustre/projects/csd940/zalibhai/biomodal/modality/outputs_CG/Reports and region-specific subdirectories
[INFO] 2026-01-21 14:49:45 - Script completed in 1242 seconds

=========================================
End time: Wed Jan 21 14:49:45 PST 2026
=========================================
