Distance	Interaction Frequency (interChr=1.674308e-01)
0	4.485334e-02
5000	7.763996e-02
10000	3.676668e-02
15000	2.139040e-02
20000	1.583324e-02
25000	1.303426e-02
30000	1.125451e-02
35000	9.934975e-03
40000	8.966649e-03
45000	8.196620e-03
50000	7.595842e-03
55000	7.113317e-03
60000	6.645642e-03
65000	6.281782e-03
70000	5.941083e-03
75000	5.654516e-03
80000	5.385087e-03
85000	5.149764e-03
90000	4.956718e-03
95000	4.749093e-03
100000	4.588296e-03
105000	4.419001e-03
110000	4.268609e-03
115000	4.118863e-03
120000	3.984772e-03
125000	3.881647e-03
130000	3.760223e-03
135000	3.642002e-03
140000	3.524786e-03
145000	3.404147e-03
150000	3.288729e-03
155000	3.216948e-03
160000	3.134555e-03
165000	3.039382e-03
170000	2.942775e-03
175000	2.878349e-03
180000	2.793552e-03
185000	2.732946e-03
190000	2.653327e-03
195000	2.614241e-03
200000	2.539754e-03
205000	2.474355e-03
210000	2.420321e-03
215000	2.355158e-03
220000	2.288342e-03
225000	2.254975e-03
230000	2.207026e-03
235000	2.154892e-03
240000	2.107727e-03
245000	2.084735e-03
250000	2.032589e-03
255000	2.002579e-03
260000	1.944545e-03
265000	1.910164e-03
270000	1.867255e-03
275000	1.812226e-03
280000	1.783802e-03
285000	1.755689e-03
290000	1.716551e-03
295000	1.689847e-03
300000	1.655797e-03
305000	1.621046e-03
310000	1.617674e-03
315000	1.591756e-03
320000	1.555918e-03
325000	1.539525e-03
330000	1.503796e-03
335000	1.470830e-03
340000	1.440348e-03
345000	1.405182e-03
350000	1.381015e-03
355000	1.361040e-03
360000	1.344028e-03
365000	1.313530e-03
370000	1.296912e-03
375000	1.289252e-03
380000	1.258965e-03
385000	1.243308e-03
390000	1.226168e-03
395000	1.202275e-03
400000	1.193385e-03
405000	1.177885e-03
410000	1.154228e-03
415000	1.148376e-03
420000	1.133376e-03
425000	1.104481e-03
430000	1.097228e-03
435000	1.084163e-03
440000	1.069335e-03
445000	1.045519e-03
450000	1.028360e-03
455000	1.015799e-03
460000	1.002709e-03
465000	9.923757e-04
470000	9.828795e-04
475000	9.542932e-04
480000	9.432515e-04
485000	9.329469e-04
490000	9.092997e-04
495000	9.098999e-04
500000	8.959871e-04
505000	8.874166e-04
510000	8.756637e-04
515000	8.579263e-04
520000	8.414824e-04
525000	8.414336e-04
530000	8.362073e-04
535000	8.383898e-04
540000	8.175160e-04
545000	8.084005e-04
550000	7.910686e-04
555000	7.766680e-04
560000	7.636895e-04
565000	7.628500e-04
570000	7.586709e-04
575000	7.448963e-04
580000	7.444910e-04
585000	7.314301e-04
590000	7.277797e-04
595000	7.151498e-04
600000	7.145476e-04
605000	6.927684e-04
610000	6.929785e-04
615000	6.826717e-04
620000	6.671908e-04
625000	6.651509e-04
630000	6.610806e-04
635000	6.480891e-04
640000	6.482155e-04
645000	6.439416e-04
650000	6.323188e-04
655000	6.390567e-04
660000	6.132728e-04
665000	6.046909e-04
670000	6.017210e-04
675000	5.995026e-04
680000	5.942685e-04
685000	5.800797e-04
690000	5.754647e-04
695000	5.790792e-04
700000	5.707321e-04
705000	5.715504e-04
710000	5.701826e-04
715000	5.548363e-04
720000	5.547986e-04
725000	5.486360e-04
730000	5.412871e-04
735000	5.312979e-04
740000	5.350328e-04
745000	5.324477e-04
750000	5.214344e-04
755000	5.209984e-04
760000	5.214826e-04
765000	5.050308e-04
770000	4.995915e-04
775000	4.967202e-04
780000	4.923212e-04
785000	4.871877e-04
790000	4.885783e-04
795000	4.777466e-04
800000	4.732955e-04
805000	4.721283e-04
810000	4.678210e-04
815000	4.683928e-04
820000	4.622308e-04
825000	4.638507e-04
830000	4.559249e-04
835000	4.529398e-04
840000	4.502276e-04
845000	4.518120e-04
850000	4.435865e-04
855000	4.359099e-04
860000	4.334959e-04
865000	4.384057e-04
870000	4.254880e-04
875000	4.202221e-04
880000	4.186506e-04
885000	4.170437e-04
890000	4.104824e-04
895000	4.124539e-04
900000	4.087948e-04
905000	4.010261e-04
910000	4.024299e-04
915000	3.957509e-04
920000	3.938940e-04
925000	3.993530e-04
930000	3.958004e-04
935000	3.966040e-04
940000	3.831340e-04
945000	3.800932e-04
950000	3.819937e-04
955000	3.705539e-04
960000	3.725189e-04
965000	3.721803e-04
970000	3.746307e-04
975000	3.650218e-04
980000	3.603996e-04
985000	3.589356e-04
990000	3.519164e-04
995000	3.543653e-04
1000000	3.528794e-04
1005000	3.551027e-04
1010000	3.532874e-04
1015000	3.513651e-04
1020000	3.510283e-04
1025000	3.454022e-04
1030000	3.468350e-04
1035000	3.477559e-04
1040000	3.412194e-04
1045000	3.369398e-04
1050000	3.328978e-04
1055000	3.297482e-04
1060000	3.299789e-04
1065000	3.308952e-04
1070000	3.294844e-04
1075000	3.281385e-04
1080000	3.282902e-04
1085000	3.265762e-04
1090000	3.182961e-04
1095000	3.247072e-04
1100000	3.175703e-04
1105000	3.139354e-04
1110000	3.061596e-04
1115000	3.058774e-04
1120000	3.062702e-04
1125000	2.998299e-04
1130000	2.980628e-04
1135000	2.986918e-04
1140000	2.966169e-04
1145000	2.953367e-04
1150000	2.939817e-04
1155000	2.897562e-04
1160000	2.891473e-04
1165000	2.852463e-04
1170000	2.880022e-04
1175000	2.841169e-04
1180000	2.840079e-04
1185000	2.829341e-04
1190000	2.770866e-04
1195000	2.774047e-04
1200000	2.717986e-04
1205000	2.803168e-04
1210000	2.739388e-04
1215000	2.689458e-04
1220000	2.667385e-04
1225000	2.699414e-04
1230000	2.654271e-04
1235000	2.618408e-04
1240000	2.619063e-04
1245000	2.619484e-04
1250000	2.641173e-04
1255000	2.620187e-04
1260000	2.565000e-04
1265000	2.602755e-04
1270000	2.570505e-04
1275000	2.580206e-04
1280000	2.562143e-04
1285000	2.542760e-04
1290000	2.479752e-04
1295000	2.498682e-04
1300000	2.460769e-04
1305000	2.449945e-04
1310000	2.470953e-04
1315000	2.447216e-04
1320000	2.433093e-04
1325000	2.400530e-04
1330000	2.445811e-04
1335000	2.438741e-04
1340000	2.400824e-04
1345000	2.414939e-04
1350000	2.414152e-04
1355000	2.397378e-04
1360000	2.361595e-04
1365000	2.320544e-04
1370000	2.322417e-04
1375000	2.349488e-04
1380000	2.283102e-04
1385000	2.299283e-04
1390000	2.290623e-04
1395000	2.284690e-04
1400000	2.311181e-04
1405000	2.268646e-04
1410000	2.260418e-04
1415000	2.233546e-04
1420000	2.263916e-04
1425000	2.209854e-04
1430000	2.184815e-04
1435000	2.166697e-04
1440000	2.203255e-04
1445000	2.240547e-04
1450000	2.171608e-04
1455000	2.161123e-04
1460000	2.170290e-04
1465000	2.155265e-04
1470000	2.145784e-04
1475000	2.162563e-04
1480000	2.141018e-04
1485000	2.151527e-04
1490000	2.106389e-04
1495000	2.134038e-04
1500000	2.078866e-04
1505000	2.069358e-04
1510000	2.063482e-04
1515000	2.086282e-04
1520000	2.034345e-04
1525000	2.035957e-04
1530000	2.038708e-04
1535000	2.032653e-04
1540000	1.975033e-04
1545000	2.001068e-04
1550000	2.024207e-04
1555000	1.959841e-04
1560000	1.977187e-04
1565000	1.971888e-04
1570000	1.952656e-04
1575000	1.940593e-04
1580000	1.937070e-04
1585000	1.899458e-04
1590000	1.885429e-04
1595000	1.905065e-04
1600000	1.914872e-04
1605000	1.888565e-04
1610000	1.898245e-04
1615000	1.884223e-04
1620000	1.832054e-04
1625000	1.895956e-04
1630000	1.854208e-04
1635000	1.848818e-04
1640000	1.865846e-04
1645000	1.846741e-04
1650000	1.855584e-04
1655000	1.844004e-04
1660000	1.819192e-04
1665000	1.795697e-04
1670000	1.797741e-04
1675000	1.797703e-04
1680000	1.768718e-04
1685000	1.752368e-04
1690000	1.758141e-04
1695000	1.756254e-04
1700000	1.717147e-04
1705000	1.755998e-04
1710000	1.731650e-04
1715000	1.755100e-04
1720000	1.757108e-04
1725000	1.723396e-04
1730000	1.707601e-04
1735000	1.744713e-04
1740000	1.716618e-04
1745000	1.703356e-04
1750000	1.743670e-04
1755000	1.701753e-04
1760000	1.686689e-04
1765000	1.716200e-04
1770000	1.654738e-04
1775000	1.642122e-04
1780000	1.736225e-04
1785000	1.658758e-04
1790000	1.621103e-04
1795000	1.649835e-04
1800000	1.712232e-04
1805000	1.689294e-04
1810000	1.694333e-04
1815000	1.683072e-04
1820000	1.597210e-04
1825000	1.610555e-04
1830000	1.649485e-04
1835000	1.610086e-04
1840000	1.606310e-04
1845000	1.606939e-04
1850000	1.600590e-04
1855000	1.578372e-04
1860000	1.597068e-04
1865000	1.583196e-04
1870000	1.558999e-04
1875000	1.557983e-04
1880000	1.553270e-04
1885000	1.561976e-04
1890000	1.513777e-04
1895000	1.556410e-04
1900000	1.543269e-04
1905000	1.546255e-04
1910000	1.505377e-04
1915000	1.508474e-04
1920000	1.508940e-04
1925000	1.530863e-04
1930000	1.496017e-04
1935000	1.500083e-04
1940000	1.513528e-04
1945000	1.497337e-04
1950000	1.489273e-04
1955000	1.470991e-04
1960000	1.468539e-04
1965000	1.445375e-04
1970000	1.445582e-04
1975000	1.439203e-04
1980000	1.468324e-04
1985000	1.425199e-04
1990000	1.424332e-04
1995000	1.436583e-04
2000000	1.441746e-04
2005000	1.443503e-04
2010000	1.407718e-04
2015000	1.406031e-04
2020000	1.380938e-04
2025000	1.379907e-04
2030000	1.435962e-04
2035000	1.409487e-04
2040000	1.414726e-04
2045000	1.383427e-04
2050000	1.387532e-04
2055000	1.346049e-04
2060000	1.385563e-04
2065000	1.369641e-04
2070000	1.337645e-04
2075000	1.369561e-04
2080000	1.347733e-04
2085000	1.363517e-04
2090000	1.325413e-04
2095000	1.321682e-04
2100000	1.324746e-04
2105000	1.321016e-04
2110000	1.344970e-04
2115000	1.352560e-04
2120000	1.306889e-04
2125000	1.346702e-04
2130000	1.322290e-04
2135000	1.338048e-04
2140000	1.294936e-04
2145000	1.285810e-04
2150000	1.292390e-04
2155000	1.311797e-04
2160000	1.317852e-04
2165000	1.314202e-04
2170000	1.289931e-04
2175000	1.278654e-04
2180000	1.265453e-04
2185000	1.282830e-04
2190000	1.259558e-04
2195000	1.271160e-04
2200000	1.256463e-04
2205000	1.274303e-04
2210000	1.221671e-04
2215000	1.249145e-04
2220000	1.259582e-04
2225000	1.234965e-04
2230000	1.240562e-04
2235000	1.235632e-04
2240000	1.196674e-04
2245000	1.239971e-04
2250000	1.238404e-04
2255000	1.208798e-04
2260000	1.205997e-04
2265000	1.214528e-04
2270000	1.227673e-04
2275000	1.206314e-04
2280000	1.220275e-04
2285000	1.240632e-04
2290000	1.213768e-04
2295000	1.196223e-04
2300000	1.202735e-04
2305000	1.208508e-04
2310000	1.172874e-04
2315000	1.196231e-04
2320000	1.188848e-04
2325000	1.213063e-04
2330000	1.163125e-04
2335000	1.186030e-04
2340000	1.189331e-04
2345000	1.173273e-04
2350000	1.152798e-04
2355000	1.161222e-04
2360000	1.172023e-04
2365000	1.130618e-04
2370000	1.142709e-04
2375000	1.162669e-04
2380000	1.158201e-04
2385000	1.153812e-04
2390000	1.139856e-04
2395000	1.131318e-04
2400000	1.143855e-04
2405000	1.118948e-04
2410000	1.121573e-04
2415000	1.130451e-04
2420000	1.132090e-04
2425000	1.190576e-04
2430000	1.110621e-04
2435000	1.117994e-04
2440000	1.116093e-04
2445000	1.130453e-04
2450000	1.123366e-04
2455000	1.107209e-04
2460000	1.084698e-04
2465000	1.124035e-04
2470000	1.100377e-04
2475000	1.091085e-04
2480000	1.091544e-04
2485000	1.091724e-04
2490000	1.067893e-04
2495000	1.095745e-04
2500000	1.079795e-04
2505000	1.065514e-04
2510000	1.070879e-04
2515000	1.068316e-04
2520000	1.071643e-04
2525000	1.083436e-04
2530000	1.071279e-04
2535000	1.088000e-04
2540000	1.084385e-04
2545000	1.069685e-04
2550000	1.097593e-04
2555000	1.066266e-04
2560000	1.072980e-04
2565000	1.047222e-04
2570000	1.067163e-04
2575000	1.052447e-04
2580000	1.038540e-04
2585000	1.065432e-04
2590000	1.026559e-04
2595000	1.030572e-04
2600000	1.045631e-04
2605000	1.021739e-04
2610000	1.057518e-04
2615000	1.039155e-04
2620000	1.006313e-04
2625000	1.015670e-04
2630000	1.001398e-04
2635000	1.015497e-04
2640000	9.999871e-05
2645000	1.019006e-04
2650000	1.002891e-04
2655000	9.791186e-05
2660000	1.027600e-04
2665000	9.845476e-05
2670000	9.955345e-05
2675000	9.848037e-05
2680000	1.013265e-04
2685000	1.011323e-04
2690000	9.986824e-05
2695000	9.864521e-05
2700000	1.011983e-04
2705000	9.999861e-05
2710000	9.908029e-05
2715000	9.663787e-05
2720000	1.019238e-04
2725000	9.910264e-05
2730000	9.715361e-05
2735000	9.980780e-05
2740000	9.678256e-05
2745000	9.883066e-05
2750000	9.433426e-05
2755000	9.567592e-05
2760000	9.699677e-05
2765000	9.646802e-05
2770000	9.531316e-05
2775000	9.232187e-05
2780000	9.468607e-05
2785000	9.892897e-05
2790000	9.408206e-05
2795000	9.464512e-05
2800000	9.765270e-05
2805000	9.563545e-05
2810000	9.343861e-05
2815000	9.525175e-05
2820000	9.577828e-05
2825000	9.322970e-05
2830000	9.550868e-05
2835000	9.670166e-05
2840000	9.568717e-05
2845000	9.247420e-05
2850000	9.275816e-05
2855000	9.371327e-05
2860000	9.546943e-05
2865000	9.377260e-05
2870000	9.591379e-05
2875000	9.362104e-05
2880000	9.183592e-05
2885000	9.486032e-05
2890000	9.164780e-05
2895000	9.116477e-05
2900000	9.301443e-05
2905000	9.310704e-05
2910000	9.172146e-05
2915000	9.253010e-05
2920000	9.136650e-05
2925000	9.055365e-05
2930000	9.295916e-05
2935000	9.429392e-05
2940000	9.099593e-05
2945000	9.098205e-05
2950000	9.349091e-05
2955000	8.871931e-05
2960000	9.174840e-05
2965000	9.055753e-05
2970000	9.075898e-05
2975000	9.006781e-05
2980000	9.078817e-05
2985000	9.153098e-05
2990000	8.863405e-05
2995000	8.952656e-05
3000000	9.100523e-05
3005000	8.971680e-05
3010000	8.826622e-05
3015000	8.941691e-05
3020000	9.021580e-05
3025000	8.874933e-05
3030000	9.005233e-05
3035000	8.738178e-05
3040000	8.797095e-05
3045000	9.107423e-05
3050000	8.660614e-05
3055000	8.889960e-05
3060000	8.698664e-05
3065000	8.865589e-05
3070000	8.282802e-05
3075000	8.648883e-05
3080000	8.478896e-05
3085000	8.864254e-05
3090000	8.550215e-05
3095000	8.290343e-05
3100000	8.417325e-05
3105000	8.705983e-05
3110000	8.808905e-05
3115000	8.854708e-05
3120000	8.359301e-05
3125000	8.447418e-05
3130000	8.282139e-05
3135000	8.675568e-05
3140000	8.860178e-05
3145000	8.628098e-05
3150000	8.533337e-05
3155000	8.534237e-05
3160000	8.764808e-05
3165000	8.579373e-05
3170000	8.206429e-05
3175000	8.126345e-05
3180000	8.576784e-05
3185000	8.194039e-05
3190000	8.328613e-05
3195000	8.316249e-05
3200000	8.383372e-05
3205000	8.401532e-05
3210000	8.202127e-05
3215000	7.964900e-05
3220000	8.322760e-05
3225000	8.371413e-05
3230000	7.984419e-05
3235000	8.152388e-05
3240000	8.028117e-05
3245000	8.114023e-05
3250000	8.053017e-05
3255000	7.970969e-05
3260000	7.831782e-05
3265000	8.232506e-05
3270000	8.240543e-05
3275000	8.277890e-05
3280000	7.927355e-05
3285000	8.038267e-05
3290000	8.055905e-05
3295000	8.124112e-05
3300000	7.910489e-05
3305000	8.005715e-05
3310000	7.915045e-05
3315000	7.947977e-05
3320000	7.645256e-05
3325000	7.949146e-05
3330000	7.790728e-05
3335000	7.716767e-05
3340000	7.859440e-05
3345000	7.837692e-05
3350000	7.620326e-05
3355000	7.793473e-05
3360000	7.737724e-05
3365000	8.026152e-05
3370000	7.821739e-05
3375000	7.875620e-05
3380000	8.017814e-05
3385000	7.710375e-05
3390000	7.815225e-05
3395000	7.681917e-05
3400000	7.864913e-05
3405000	7.778739e-05
3410000	7.689454e-05
3415000	7.708814e-05
3420000	7.831156e-05
3425000	7.637422e-05
3430000	7.729318e-05
3435000	7.772350e-05
3440000	7.540305e-05
3445000	7.850278e-05
3450000	7.657519e-05
3455000	7.656560e-05
3460000	7.580334e-05
3465000	7.607202e-05
3470000	7.670522e-05
3475000	7.449795e-05
3480000	7.624309e-05
3485000	7.770901e-05
3490000	7.428992e-05
3495000	7.548227e-05
3500000	7.264717e-05
3505000	7.631879e-05
3510000	7.595072e-05
3515000	7.452976e-05
3520000	7.571917e-05
3525000	7.582611e-05
3530000	7.411679e-05
3535000	7.337498e-05
3540000	7.299381e-05
3545000	7.473703e-05
3550000	7.408899e-05
3555000	7.386070e-05
3560000	7.495186e-05
3565000	7.412763e-05
3570000	7.434749e-05
3575000	7.308314e-05
3580000	7.130553e-05
3585000	7.331705e-05
3590000	7.653862e-05
3595000	7.341090e-05
3600000	7.162630e-05
3605000	7.333158e-05
3610000	7.309095e-05
3615000	7.272391e-05
3620000	7.214714e-05
3625000	7.228284e-05
3630000	7.112802e-05
3635000	7.171035e-05
3640000	7.060564e-05
3645000	7.311630e-05
3650000	7.174476e-05
3655000	6.828898e-05
3660000	7.196602e-05
3665000	6.881547e-05
3670000	7.173668e-05
3675000	7.192871e-05
3680000	6.952345e-05
3685000	6.841029e-05
3690000	6.957190e-05
3695000	7.160000e-05
3700000	7.107457e-05
3705000	7.077343e-05
3710000	6.908034e-05
3715000	7.028161e-05
3720000	6.954022e-05
3725000	6.830851e-05
3730000	6.978586e-05
3735000	6.634625e-05
3740000	7.060703e-05
3745000	7.037038e-05
3750000	7.092665e-05
3755000	6.973503e-05
3760000	6.864167e-05
3765000	6.811238e-05
3770000	7.171370e-05
3775000	6.812433e-05
3780000	7.019279e-05
3785000	6.910464e-05
3790000	6.966451e-05
3795000	6.637613e-05
3800000	6.901787e-05
3805000	6.773347e-05
3810000	6.710853e-05
3815000	6.799117e-05
3820000	6.818835e-05
3825000	6.953912e-05
3830000	6.891604e-05
3835000	6.693564e-05
3840000	6.732104e-05
3845000	6.680168e-05
3850000	6.858492e-05
3855000	7.037438e-05
3860000	6.645305e-05
3865000	6.633309e-05
3870000	6.640849e-05
3875000	6.578842e-05
3880000	6.765179e-05
3885000	6.638478e-05
3890000	6.558502e-05
3895000	6.511659e-05
3900000	6.891436e-05
3905000	6.642222e-05
3910000	6.531911e-05
3915000	6.447255e-05
3920000	6.301085e-05
3925000	6.474315e-05
3930000	6.613298e-05
3935000	6.629130e-05
3940000	6.389188e-05
3945000	6.256063e-05
3950000	6.562799e-05
3955000	6.507949e-05
3960000	6.565125e-05
3965000	6.373196e-05
3970000	6.418525e-05
3975000	6.456986e-05
3980000	6.547987e-05
3985000	6.197570e-05
3990000	6.406731e-05
3995000	6.285356e-05
4000000	6.245377e-05
4005000	6.466510e-05
4010000	6.489523e-05
4015000	6.310740e-05
4020000	6.620374e-05
4025000	6.322367e-05
4030000	6.276573e-05
4035000	6.342195e-05
4040000	6.248917e-05
4045000	6.137864e-05
4050000	5.898965e-05
4055000	6.198247e-05
4060000	6.316664e-05
4065000	6.296956e-05
4070000	6.333694e-05
4075000	6.030424e-05
4080000	6.379292e-05
4085000	6.189154e-05
4090000	5.933989e-05
4095000	6.193449e-05
4100000	6.213232e-05
4105000	6.184992e-05
4110000	6.334783e-05
4115000	6.008067e-05
4120000	5.825702e-05
4125000	6.154000e-05
4130000	6.031415e-05
4135000	5.933007e-05
4140000	5.987434e-05
4145000	6.124955e-05
4150000	6.246622e-05
4155000	5.905438e-05
4160000	6.024429e-05
4165000	6.038964e-05
4170000	6.030762e-05
4175000	6.071149e-05
4180000	6.065347e-05
4185000	6.055331e-05
4190000	5.969087e-05
4195000	6.006008e-05
4200000	5.799746e-05
4205000	5.680914e-05
4210000	5.869029e-05
4215000	5.855615e-05
4220000	6.121121e-05
4225000	5.687292e-05
4230000	5.948028e-05
4235000	5.997244e-05
4240000	6.012529e-05
4245000	6.041828e-05
4250000	5.729970e-05
4255000	5.693180e-05
4260000	5.904400e-05
4265000	6.101102e-05
4270000	5.851112e-05
4275000	5.804997e-05
4280000	5.704122e-05
4285000	5.749289e-05
4290000	5.803052e-05
4295000	5.846510e-05
4300000	5.953129e-05
4305000	5.779425e-05
4310000	5.985947e-05
4315000	5.756642e-05
4320000	5.541104e-05
4325000	5.895281e-05
4330000	5.852201e-05
4335000	5.846110e-05
4340000	5.768533e-05
4345000	5.522280e-05
4350000	5.589427e-05
4355000	5.862114e-05
4360000	5.826312e-05
4365000	5.675127e-05
4370000	5.535753e-05
4375000	5.707377e-05
4380000	5.785319e-05
4385000	5.609571e-05
4390000	5.443475e-05
4395000	5.741882e-05
4400000	5.594308e-05
4405000	5.703275e-05
4410000	5.735614e-05
4415000	5.538477e-05
4420000	5.649267e-05
4425000	5.762291e-05
4430000	5.560323e-05
4435000	5.900788e-05
4440000	5.497341e-05
4445000	5.616537e-05
4450000	5.637467e-05
4455000	5.578397e-05
4460000	5.520851e-05
4465000	5.489200e-05
4470000	5.610784e-05
4475000	5.662459e-05
4480000	5.821143e-05
4485000	5.717204e-05
4490000	5.639493e-05
4495000	5.631516e-05
4500000	5.524448e-05
4505000	5.447849e-05
4510000	5.393581e-05
4515000	5.434241e-05
4520000	5.472313e-05
4525000	5.673284e-05
4530000	5.634220e-05
4535000	5.533172e-05
4540000	5.487454e-05
4545000	5.245271e-05
4550000	5.299928e-05
4555000	5.493514e-05
4560000	5.471632e-05
4565000	5.539497e-05
4570000	5.303749e-05
4575000	5.247709e-05
4580000	5.334647e-05
4585000	5.425035e-05
4590000	5.064630e-05
4595000	5.246720e-05
4600000	5.248538e-05
4605000	5.422357e-05
4610000	5.476817e-05
4615000	5.306591e-05
4620000	5.411882e-05
4625000	5.324096e-05
4630000	5.515326e-05
4635000	5.283750e-05
4640000	5.356087e-05
4645000	5.498737e-05
4650000	5.411800e-05
4655000	5.186295e-05
4660000	5.440201e-05
4665000	5.313667e-05
4670000	5.413139e-05
4675000	5.303089e-05
4680000	5.090470e-05
4685000	5.228069e-05
4690000	5.329030e-05
4695000	5.337186e-05
4700000	5.206234e-05
4705000	5.484284e-05
4710000	5.619005e-05
4715000	5.413100e-05
4720000	5.282712e-05
4725000	5.122183e-05
4730000	5.349886e-05
4735000	5.201590e-05
4740000	5.034989e-05
4745000	5.431026e-05
4750000	5.042855e-05
4755000	5.124667e-05
4760000	5.494739e-05
4765000	5.333432e-05
4770000	5.222172e-05
4775000	5.341360e-05
4780000	5.071800e-05
4785000	5.203479e-05
4790000	5.163607e-05
4795000	5.312347e-05
4800000	5.453208e-05
4805000	5.354816e-05
4810000	5.171238e-05
4815000	4.975741e-05
4820000	5.113987e-05
4825000	5.253643e-05
4830000	5.145547e-05
4835000	5.014168e-05
4840000	5.227707e-05
4845000	5.472704e-05
4850000	5.387150e-05
4855000	4.923692e-05
4860000	5.042207e-05
4865000	5.062479e-05
4870000	5.111691e-05
4875000	4.930456e-05
4880000	5.216468e-05
4885000	5.292696e-05
4890000	5.123460e-05
4895000	5.173477e-05
4900000	5.088234e-05
4905000	4.988514e-05
4910000	5.150630e-05
4915000	5.017778e-05
4920000	5.130392e-05
4925000	4.906208e-05
4930000	4.824395e-05
4935000	4.966904e-05
4940000	5.031072e-05
4945000	4.933464e-05
4950000	4.933945e-05
4955000	5.265925e-05
4960000	5.239973e-05
4965000	5.125606e-05
4970000	4.988247e-05
4975000	4.951204e-05
4980000	4.934721e-05
4985000	5.131479e-05
4990000	5.060078e-05
4995000	5.138827e-05
5000000	5.010902e-05
5005000	5.030908e-05
5010000	4.932103e-05
5015000	4.880594e-05
5020000	5.054738e-05
5025000	4.890772e-05
5030000	4.818819e-05
5035000	4.846641e-05
5040000	4.883561e-05
5045000	5.116937e-05
5050000	5.070515e-05
5055000	4.852743e-05
5060000	4.862562e-05
5065000	4.966102e-05
5070000	4.743783e-05
5075000	4.803335e-05
5080000	4.991071e-05
5085000	4.839612e-05
5090000	4.890027e-05
5095000	5.075241e-05
5100000	4.877376e-05
5105000	4.941706e-05
5110000	5.020591e-05
5115000	4.846612e-05
5120000	4.847085e-05
5125000	5.044714e-05
5130000	4.979496e-05
5135000	4.895101e-05
5140000	4.842835e-05
5145000	5.132869e-05
5150000	4.849523e-05
5155000	4.968440e-05
5160000	4.880259e-05
5165000	4.807298e-05
5170000	4.961536e-05
5175000	4.884383e-05
5180000	4.978562e-05
5185000	5.006528e-05
5190000	4.904179e-05
5195000	5.053178e-05
5200000	4.634855e-05
5205000	4.860701e-05
5210000	4.897068e-05
5215000	4.940840e-05
5220000	4.693075e-05
5225000	4.900553e-05
5230000	4.892600e-05
5235000	4.705941e-05
5240000	4.517985e-05
5245000	4.736507e-05
5250000	4.799566e-05
5255000	4.727037e-05
5260000	4.707964e-05
5265000	4.739436e-05
5270000	4.609729e-05
5275000	4.610785e-05
5280000	4.735713e-05
5285000	4.576149e-05
5290000	4.671637e-05
5295000	4.774418e-05
5300000	4.856948e-05
5305000	4.558108e-05
5310000	4.765252e-05
5315000	4.689812e-05
5320000	4.476247e-05
5325000	4.676349e-05
5330000	4.867408e-05
5335000	4.840025e-05
5340000	4.919342e-05
5345000	4.721291e-05
5350000	4.680679e-05
5355000	4.705615e-05
5360000	4.844437e-05
5365000	4.437174e-05
5370000	4.743735e-05
5375000	4.640032e-05
5380000	4.741629e-05
5385000	4.859352e-05
5390000	4.876161e-05
5395000	4.643382e-05
5400000	4.704556e-05
5405000	4.480334e-05
5410000	4.693732e-05
5415000	4.755785e-05
5420000	4.603996e-05
5425000	4.770927e-05
5430000	4.686287e-05
5435000	4.746228e-05
5440000	4.708531e-05
5445000	4.540552e-05
5450000	4.648903e-05
5455000	4.661700e-05
5460000	4.858847e-05
5465000	4.568945e-05
5470000	4.869605e-05
5475000	4.637390e-05
5480000	4.838799e-05
5485000	4.534325e-05
5490000	4.570957e-05
5495000	4.654037e-05
5500000	4.536999e-05
5505000	4.497129e-05
5510000	4.595643e-05
5515000	4.673724e-05
5520000	4.394162e-05
5525000	4.668048e-05
5530000	4.635087e-05
5535000	4.706374e-05
5540000	4.588813e-05
5545000	4.780568e-05
5550000	4.470957e-05
5555000	4.692211e-05
5560000	4.585787e-05
5565000	4.553948e-05
5570000	4.777146e-05
5575000	4.438799e-05
5580000	4.515340e-05
5585000	4.442073e-05
5590000	4.544740e-05
5595000	4.646693e-05
5600000	4.423794e-05
5605000	4.523117e-05
5610000	4.474214e-05
5615000	4.709804e-05
5620000	4.516074e-05
5625000	4.590892e-05
5630000	4.484708e-05
5635000	4.642941e-05
5640000	4.762981e-05
5645000	4.645185e-05
5650000	4.486086e-05
5655000	4.423323e-05
5660000	4.470876e-05
5665000	4.326271e-05
5670000	4.600484e-05
5675000	4.530272e-05
5680000	4.591759e-05
5685000	4.634173e-05
5690000	4.464740e-05
5695000	4.539343e-05
5700000	4.293671e-05
5705000	4.624047e-05
5710000	4.439152e-05
5715000	4.551739e-05
5720000	4.328267e-05
5725000	4.469241e-05
5730000	4.591070e-05
5735000	4.521073e-05
5740000	4.417881e-05
5745000	4.540361e-05
5750000	4.400149e-05
5755000	4.376929e-05
5760000	4.530312e-05
5765000	4.525575e-05
5770000	4.521827e-05
5775000	4.379627e-05
5780000	4.452483e-05
5785000	4.334103e-05
5790000	4.546237e-05
5795000	4.365762e-05
5800000	4.461858e-05
5805000	4.289509e-05
5810000	4.585173e-05
5815000	4.332176e-05
5820000	4.635945e-05
5825000	4.591187e-05
5830000	4.404830e-05
5835000	4.253715e-05
5840000	4.349084e-05
5845000	4.572423e-05
5850000	4.508328e-05
5855000	4.536944e-05
5860000	4.444920e-05
5865000	4.311037e-05
5870000	4.492476e-05
5875000	4.383400e-05
5880000	4.513603e-05
5885000	4.311981e-05
5890000	4.356691e-05
5895000	4.497700e-05
5900000	4.349984e-05
5905000	4.449876e-05
5910000	4.279442e-05
5915000	4.410732e-05
5920000	4.394139e-05
5925000	4.330644e-05
5930000	4.608084e-05
5935000	4.337388e-05
5940000	4.209822e-05
5945000	4.328997e-05
5950000	4.549771e-05
5955000	4.484363e-05
5960000	4.129153e-05
5965000	4.130406e-05
5970000	4.348306e-05
5975000	4.502578e-05
5980000	4.246638e-05
5985000	4.332909e-05
5990000	4.321902e-05
5995000	4.437423e-05
6000000	4.233545e-05
6005000	4.322626e-05
6010000	4.508818e-05
6015000	4.245797e-05
6020000	4.230346e-05
6025000	4.183202e-05
6030000	4.226148e-05
6035000	4.055697e-05
6040000	4.200816e-05
6045000	4.215396e-05
6050000	4.240147e-05
6055000	4.158173e-05
6060000	4.133124e-05
6065000	4.093806e-05
6070000	4.172904e-05
6075000	4.250787e-05
6080000	4.314601e-05
6085000	4.276545e-05
6090000	4.149920e-05
6095000	4.352896e-05
6100000	4.169642e-05
6105000	4.081622e-05
6110000	4.088281e-05
6115000	4.064361e-05
6120000	4.134243e-05
6125000	4.180394e-05
6130000	4.190965e-05
6135000	4.319803e-05
6140000	4.143955e-05
6145000	4.257372e-05
6150000	4.204522e-05
6155000	4.180053e-05
6160000	4.288631e-05
6165000	4.177421e-05
6170000	4.045818e-05
6175000	4.297759e-05
6180000	4.439460e-05
6185000	4.230331e-05
6190000	4.147095e-05
6195000	4.016782e-05
6200000	4.269616e-05
6205000	4.156875e-05
6210000	3.894997e-05
6215000	4.150977e-05
6220000	4.242806e-05
6225000	4.155245e-05
6230000	4.151858e-05
6235000	4.009163e-05
6240000	4.193494e-05
6245000	4.354083e-05
6250000	4.359218e-05
6255000	4.108925e-05
6260000	4.117766e-05
6265000	4.082473e-05
6270000	4.437011e-05
6275000	4.087517e-05
6280000	3.981369e-05
6285000	3.986974e-05
6290000	4.089154e-05
6295000	4.085697e-05
6300000	4.035342e-05
6305000	4.094736e-05
6310000	4.108527e-05
6315000	4.016645e-05
6320000	4.038749e-05
6325000	4.240633e-05
6330000	4.080202e-05
6335000	3.985536e-05
6340000	4.065709e-05
6345000	3.989808e-05
6350000	4.056733e-05
6355000	4.055675e-05
6360000	4.051236e-05
6365000	4.068303e-05
6370000	4.001402e-05
6375000	4.100782e-05
6380000	4.090352e-05
6385000	4.107544e-05
6390000	3.972633e-05
6395000	4.071291e-05
6400000	4.225503e-05
6405000	4.151791e-05
6410000	4.111735e-05
6415000	3.888617e-05
6420000	4.090246e-05
6425000	4.006029e-05
6430000	3.828523e-05
6435000	4.053448e-05
6440000	4.120210e-05
6445000	3.939310e-05
6450000	3.988792e-05
6455000	4.221298e-05
6460000	4.024238e-05
6465000	3.992658e-05
6470000	3.993174e-05
6475000	4.040074e-05
6480000	3.868119e-05
6485000	4.047416e-05
6490000	3.902142e-05
6495000	3.935585e-05
6500000	4.024666e-05
6505000	3.994009e-05
6510000	3.744436e-05
6515000	4.043060e-05
6520000	3.921564e-05
6525000	3.912501e-05
6530000	3.971821e-05
6535000	4.040751e-05
6540000	3.931610e-05
6545000	4.042294e-05
6550000	3.934717e-05
6555000	3.896848e-05
6560000	3.962865e-05
6565000	3.846027e-05
6570000	4.026485e-05
6575000	3.883447e-05
6580000	3.934909e-05
6585000	3.972342e-05
6590000	3.874302e-05
6595000	3.747010e-05
6600000	4.004330e-05
6605000	4.042594e-05
6610000	3.751835e-05
6615000	4.019596e-05
6620000	3.778335e-05
6625000	3.748149e-05
6630000	3.965556e-05
6635000	3.987125e-05
6640000	3.852748e-05
6645000	3.943420e-05
6650000	3.845944e-05
6655000	3.793045e-05
6660000	3.756442e-05
6665000	3.990693e-05
6670000	3.965025e-05
6675000	3.971552e-05
6680000	3.797973e-05
6685000	3.955618e-05
6690000	3.853833e-05
6695000	3.866339e-05
6700000	3.832459e-05
6705000	3.668644e-05
6710000	3.856150e-05
6715000	3.920285e-05
6720000	3.885601e-05
6725000	3.978710e-05
6730000	3.876097e-05
6735000	3.850584e-05
6740000	3.836825e-05
6745000	3.840677e-05
6750000	3.716328e-05
6755000	3.723601e-05
6760000	3.910430e-05
6765000	3.841426e-05
6770000	3.903455e-05
6775000	3.893079e-05
6780000	3.911700e-05
6785000	3.849401e-05
6790000	3.812924e-05
6795000	3.870656e-05
6800000	3.659499e-05
6805000	3.721907e-05
6810000	3.765842e-05
6815000	3.983253e-05
6820000	3.915786e-05
6825000	3.821306e-05
6830000	3.820693e-05
6835000	3.758056e-05
6840000	3.703216e-05
6845000	3.635563e-05
6850000	3.823486e-05
6855000	3.790958e-05
6860000	3.847246e-05
6865000	4.000002e-05
6870000	3.932871e-05
6875000	3.746554e-05
6880000	3.851871e-05
6885000	3.838544e-05
6890000	3.852906e-05
6895000	3.841237e-05
6900000	3.989966e-05
6905000	3.928762e-05
6910000	3.958134e-05
6915000	3.715657e-05
6920000	3.783471e-05
6925000	3.753476e-05
6930000	3.970608e-05
6935000	3.702395e-05
6940000	3.734672e-05
6945000	3.604923e-05
6950000	3.624034e-05
6955000	3.761786e-05
6960000	3.850376e-05
6965000	3.865234e-05
6970000	3.725721e-05
6975000	3.792071e-05
6980000	3.819454e-05
6985000	3.763126e-05
6990000	3.802600e-05
6995000	4.018026e-05
7000000	3.909334e-05
7005000	3.540998e-05
7010000	3.830378e-05
7015000	3.701700e-05
7020000	3.653542e-05
7025000	3.688420e-05
7030000	3.819709e-05
7035000	3.830060e-05
7040000	3.713706e-05
7045000	3.730961e-05
7050000	3.688548e-05
7055000	3.609661e-05
7060000	3.677811e-05
7065000	3.698617e-05
7070000	3.607056e-05
7075000	3.563238e-05
7080000	3.694337e-05
7085000	3.643982e-05
7090000	3.848638e-05
7095000	3.679795e-05
7100000	3.739969e-05
7105000	3.506978e-05
7110000	3.867961e-05
7115000	3.821349e-05
7120000	3.705398e-05
7125000	3.729886e-05
7130000	3.785301e-05
7135000	3.663401e-05
7140000	3.628908e-05
7145000	3.627742e-05
7150000	3.629761e-05
7155000	3.556620e-05
7160000	3.715661e-05
7165000	3.599083e-05
7170000	3.632908e-05
7175000	3.691271e-05
7180000	3.805106e-05
7185000	3.579765e-05
7190000	3.702659e-05
7195000	3.773955e-05
7200000	3.836255e-05
7205000	3.602511e-05
7210000	3.841317e-05
7215000	3.882346e-05
7220000	3.741175e-05
7225000	3.700585e-05
7230000	3.743589e-05
7235000	3.729282e-05
7240000	3.606572e-05
7245000	3.616102e-05
7250000	3.636344e-05
7255000	3.531744e-05
7260000	3.640241e-05
7265000	3.654102e-05
7270000	3.553048e-05
7275000	3.688992e-05
7280000	3.777342e-05
7285000	3.493910e-05
7290000	3.660984e-05
7295000	3.826870e-05
7300000	3.739176e-05
7305000	3.586979e-05
7310000	3.670149e-05
7315000	3.437677e-05
7320000	3.692122e-05
7325000	3.669979e-05
7330000	3.727842e-05
7335000	3.606509e-05
7340000	3.474127e-05
7345000	3.573318e-05
7350000	3.480997e-05
7355000	3.433671e-05
7360000	3.376666e-05
7365000	3.564890e-05
7370000	3.677081e-05
7375000	3.532613e-05
7380000	3.522224e-05
7385000	3.474252e-05
7390000	3.590114e-05
7395000	3.660562e-05
7400000	3.595090e-05
7405000	3.563592e-05
7410000	3.601948e-05
7415000	3.677772e-05
7420000	3.619426e-05
7425000	3.513609e-05
7430000	3.660485e-05
7435000	3.753685e-05
7440000	3.684248e-05
7445000	3.659991e-05
7450000	3.652792e-05
7455000	3.654179e-05
7460000	3.636870e-05
7465000	3.818495e-05
7470000	3.527362e-05
7475000	3.468324e-05
7480000	3.524879e-05
7485000	3.566778e-05
7490000	3.516733e-05
7495000	3.599253e-05
7500000	3.632927e-05
7505000	3.551164e-05
7510000	3.519340e-05
7515000	3.477485e-05
7520000	3.581238e-05
7525000	3.501649e-05
7530000	3.492749e-05
7535000	3.486561e-05
7540000	3.572846e-05
7545000	3.550426e-05
7550000	3.575968e-05
7555000	3.638136e-05
7560000	3.643753e-05
7565000	3.473627e-05
7570000	3.572047e-05
7575000	3.530134e-05
7580000	3.379921e-05
7585000	3.334306e-05
7590000	3.564317e-05
7595000	3.439504e-05
7600000	3.481668e-05
7605000	3.500955e-05
7610000	3.609451e-05
7615000	3.482590e-05
7620000	3.541071e-05
7625000	3.442517e-05
7630000	3.323735e-05
7635000	3.613219e-05
7640000	3.503525e-05
7645000	3.595305e-05
7650000	3.640117e-05
7655000	3.606934e-05
7660000	3.670059e-05
7665000	3.579403e-05
7670000	3.506772e-05
7675000	3.368839e-05
7680000	3.310655e-05
7685000	3.436821e-05
7690000	3.454048e-05
7695000	3.396591e-05
7700000	3.377704e-05
7705000	3.684713e-05
7710000	3.588947e-05
7715000	3.527513e-05
7720000	3.535818e-05
7725000	3.397431e-05
7730000	3.403394e-05
7735000	3.530076e-05
7740000	3.484434e-05
7745000	3.532360e-05
7750000	3.503172e-05
7755000	3.528794e-05
7760000	3.450679e-05
7765000	3.429080e-05
7770000	3.421227e-05
7775000	3.541313e-05
7780000	3.398498e-05
7785000	3.373891e-05
7790000	3.220549e-05
7795000	3.365777e-05
7800000	3.373424e-05
7805000	3.516593e-05
7810000	3.430152e-05
7815000	3.378969e-05
7820000	3.410649e-05
7825000	3.219221e-05
7830000	3.351806e-05
7835000	3.449664e-05
7840000	3.304186e-05
7845000	3.444443e-05
7850000	3.492542e-05
7855000	3.388777e-05
7860000	3.427145e-05
7865000	3.358805e-05
7870000	3.438793e-05
7875000	3.522181e-05
7880000	3.444833e-05
7885000	3.384663e-05
7890000	3.626380e-05
7895000	3.427939e-05
7900000	3.450158e-05
7905000	3.379707e-05
7910000	3.470396e-05
7915000	3.442335e-05
7920000	3.564391e-05
7925000	3.364950e-05
7930000	3.400144e-05
7935000	3.370130e-05
7940000	3.407179e-05
7945000	3.494481e-05
7950000	3.405804e-05
7955000	3.394602e-05
7960000	3.491313e-05
7965000	3.435688e-05
7970000	3.391098e-05
7975000	3.365416e-05
7980000	3.541731e-05
7985000	3.409122e-05
7990000	3.290264e-05
7995000	3.417424e-05
8000000	3.342144e-05
8005000	3.552407e-05
8010000	3.303782e-05
8015000	3.282687e-05
8020000	3.438319e-05
8025000	3.298639e-05
8030000	3.362473e-05
8035000	3.396712e-05
8040000	3.317139e-05
8045000	3.517078e-05
8050000	3.258074e-05
8055000	3.448926e-05
8060000	3.276047e-05
8065000	3.542316e-05
8070000	3.392158e-05
8075000	3.523156e-05
8080000	3.351960e-05
8085000	3.326638e-05
8090000	3.380428e-05
8095000	3.527808e-05
8100000	3.426949e-05
8105000	3.623681e-05
8110000	3.281645e-05
8115000	3.330541e-05
8120000	3.258232e-05
8125000	3.313193e-05
8130000	3.321354e-05
8135000	3.303522e-05
8140000	3.372708e-05
8145000	3.517431e-05
8150000	3.535672e-05
8155000	3.338780e-05
8160000	3.358568e-05
8165000	3.390945e-05
8170000	3.184610e-05
8175000	3.420808e-05
8180000	3.408879e-05
8185000	3.333701e-05
8190000	3.624588e-05
8195000	3.254455e-05
8200000	3.449665e-05
8205000	3.422391e-05
8210000	3.262863e-05
8215000	3.395982e-05
8220000	3.418016e-05
8225000	3.358959e-05
8230000	3.476121e-05
8235000	3.325688e-05
8240000	3.357245e-05
8245000	3.431915e-05
8250000	3.552819e-05
8255000	3.135971e-05
8260000	3.221990e-05
8265000	3.279337e-05
8270000	3.371523e-05
8275000	3.395680e-05
8280000	3.275650e-05
8285000	3.272969e-05
8290000	3.326436e-05
8295000	3.281102e-05
8300000	3.401969e-05
8305000	3.254600e-05
8310000	3.225257e-05
8315000	3.317642e-05
8320000	3.316143e-05
8325000	3.501725e-05
8330000	3.185819e-05
8335000	3.344766e-05
8340000	3.296905e-05
8345000	3.351596e-05
8350000	3.248273e-05
8355000	3.213850e-05
8360000	3.414511e-05
8365000	3.261076e-05
8370000	3.296696e-05
8375000	3.398766e-05
8380000	3.365544e-05
8385000	3.318854e-05
8390000	3.331812e-05
8395000	3.334468e-05
8400000	3.211023e-05
8405000	3.418579e-05
8410000	3.370226e-05
8415000	3.279299e-05
8420000	3.251510e-05
8425000	3.317328e-05
8430000	3.359513e-05
8435000	3.218447e-05
8440000	3.302626e-05
8445000	3.249256e-05
8450000	3.321884e-05
8455000	3.182536e-05
8460000	3.349538e-05
8465000	3.373852e-05
8470000	3.246859e-05
8475000	3.186151e-05
8480000	3.340563e-05
8485000	3.359048e-05
8490000	3.244350e-05
8495000	3.143311e-05
8500000	3.227305e-05
8505000	3.287375e-05
8510000	3.378412e-05
8515000	3.296470e-05
8520000	3.006806e-05
8525000	3.060168e-05
8530000	3.279046e-05
8535000	3.501234e-05
8540000	3.390982e-05
8545000	3.055599e-05
8550000	3.138209e-05
8555000	3.326332e-05
8560000	3.161683e-05
8565000	3.267907e-05
8570000	3.226256e-05
8575000	3.172726e-05
8580000	3.144029e-05
8585000	3.183132e-05
8590000	3.337549e-05
8595000	3.337859e-05
8600000	3.490904e-05
8605000	3.315484e-05
8610000	3.292958e-05
8615000	3.256631e-05
8620000	3.208121e-05
8625000	3.152549e-05
8630000	3.190651e-05
8635000	3.128689e-05
8640000	3.223512e-05
8645000	3.299175e-05
8650000	3.348002e-05
8655000	3.305994e-05
8660000	3.269635e-05
8665000	3.162303e-05
8670000	3.308044e-05
8675000	3.258108e-05
8680000	3.287536e-05
8685000	3.188592e-05
8690000	3.240420e-05
8695000	3.240462e-05
8700000	3.229950e-05
8705000	3.234794e-05
8710000	3.250029e-05
8715000	3.116945e-05
8720000	3.244739e-05
8725000	3.239847e-05
8730000	3.191468e-05
8735000	3.194753e-05
8740000	3.148827e-05
8745000	3.252315e-05
8750000	3.183155e-05
8755000	3.349242e-05
8760000	3.153020e-05
8765000	3.312256e-05
8770000	3.195857e-05
8775000	3.263003e-05
8780000	3.131454e-05
8785000	3.184080e-05
8790000	3.214087e-05
8795000	3.329986e-05
8800000	3.051938e-05
8805000	3.152333e-05
8810000	3.284173e-05
8815000	3.395112e-05
8820000	3.269023e-05
8825000	3.188490e-05
8830000	3.352387e-05
8835000	3.232226e-05
8840000	3.291109e-05
8845000	3.142901e-05
8850000	3.130435e-05
8855000	3.270856e-05
8860000	3.145606e-05
8865000	3.257823e-05
8870000	3.037653e-05
8875000	3.266116e-05
8880000	3.094737e-05
8885000	3.199324e-05
8890000	3.329695e-05
8895000	3.263087e-05
8900000	3.262379e-05
8905000	3.322145e-05
8910000	3.175415e-05
8915000	3.150721e-05
8920000	3.183425e-05
8925000	3.176521e-05
8930000	3.294957e-05
8935000	3.227710e-05
8940000	3.246004e-05
8945000	3.362464e-05
8950000	3.180440e-05
8955000	2.932226e-05
8960000	3.187905e-05
8965000	3.156350e-05
8970000	3.316013e-05
8975000	3.250761e-05
8980000	3.157076e-05
8985000	3.278176e-05
8990000	3.037855e-05
8995000	3.150889e-05
9000000	3.283474e-05
9005000	3.299660e-05
9010000	3.080585e-05
9015000	3.348423e-05
9020000	3.240585e-05
9025000	3.258464e-05
9030000	3.124733e-05
9035000	3.086614e-05
9040000	2.949337e-05
9045000	3.306505e-05
9050000	3.093893e-05
9055000	3.178249e-05
9060000	3.173562e-05
9065000	3.170484e-05
9070000	3.151315e-05
9075000	3.192290e-05
9080000	3.242980e-05
9085000	3.122998e-05
9090000	3.394857e-05
9095000	3.249826e-05
9100000	3.175430e-05
9105000	3.269363e-05
9110000	3.257951e-05
9115000	3.133231e-05
9120000	3.203489e-05
9125000	3.073553e-05
9130000	3.086366e-05
9135000	3.128302e-05
9140000	3.151082e-05
9145000	3.180241e-05
9150000	3.157677e-05
9155000	3.108679e-05
9160000	3.396037e-05
9165000	3.273914e-05
9170000	3.078707e-05
9175000	3.146955e-05
9180000	3.037420e-05
9185000	3.086894e-05
9190000	3.086111e-05
9195000	3.237129e-05
9200000	3.053001e-05
9205000	3.131944e-05
9210000	3.164656e-05
9215000	3.237833e-05
9220000	3.077507e-05
9225000	3.193052e-05
9230000	3.150573e-05
9235000	3.087974e-05
9240000	3.104870e-05
9245000	3.332503e-05
9250000	3.137038e-05
9255000	3.227944e-05
9260000	3.185056e-05
9265000	3.209019e-05
9270000	3.288247e-05
9275000	3.106238e-05
9280000	3.136440e-05
9285000	3.086912e-05
9290000	3.172329e-05
9295000	3.123541e-05
9300000	3.314593e-05
9305000	3.189627e-05
9310000	3.054046e-05
9315000	3.031839e-05
9320000	3.015491e-05
9325000	3.095200e-05
9330000	3.186120e-05
9335000	2.952695e-05
9340000	3.209862e-05
9345000	3.149781e-05
9350000	3.021796e-05
9355000	3.023708e-05
9360000	3.052063e-05
9365000	3.167581e-05
9370000	2.981955e-05
9375000	3.089722e-05
9380000	3.142338e-05
9385000	3.180799e-05
9390000	3.091703e-05
9395000	3.178198e-05
9400000	3.081848e-05
9405000	3.165178e-05
9410000	3.107078e-05
9415000	3.134612e-05
9420000	3.125250e-05
9425000	3.100991e-05
9430000	3.157094e-05
9435000	3.090091e-05
9440000	3.026248e-05
9445000	3.030705e-05
9450000	3.120963e-05
9455000	3.086990e-05
9460000	3.037793e-05
9465000	3.140625e-05
9470000	3.111502e-05
9475000	3.086740e-05
9480000	3.017918e-05
9485000	3.145730e-05
9490000	3.113550e-05
9495000	3.091542e-05
9500000	3.217676e-05
9505000	3.134571e-05
9510000	3.180766e-05
9515000	3.077933e-05
9520000	3.225950e-05
9525000	3.037431e-05
9530000	3.032296e-05
9535000	3.055031e-05
9540000	3.115877e-05
9545000	3.042453e-05
9550000	3.105466e-05
9555000	3.129278e-05
9560000	2.986124e-05
9565000	2.972907e-05
9570000	2.995207e-05
9575000	3.034710e-05
9580000	3.107460e-05
9585000	3.087754e-05
9590000	3.054575e-05
9595000	2.981532e-05
9600000	3.043414e-05
9605000	3.263835e-05
9610000	3.085226e-05
9615000	3.018069e-05
9620000	3.008848e-05
9625000	3.087877e-05
9630000	3.142512e-05
9635000	3.151014e-05
9640000	3.067562e-05
9645000	2.929292e-05
9650000	3.190726e-05
9655000	3.012329e-05
9660000	3.195309e-05
9665000	2.947644e-05
9670000	3.050958e-05
9675000	2.883919e-05
9680000	3.237885e-05
9685000	3.160438e-05
9690000	2.970710e-05
9695000	3.069758e-05
9700000	3.174864e-05
9705000	2.989379e-05
9710000	2.914934e-05
9715000	3.034799e-05
9720000	2.874179e-05
9725000	3.139236e-05
9730000	3.058455e-05
9735000	2.884908e-05
9740000	3.116869e-05
9745000	3.057246e-05
9750000	3.115800e-05
9755000	2.909177e-05
9760000	3.234496e-05
9765000	3.092537e-05
9770000	2.960270e-05
9775000	3.189053e-05
9780000	3.015390e-05
9785000	3.080377e-05
9790000	2.984122e-05
9795000	2.881081e-05
9800000	3.124022e-05
9805000	2.871878e-05
9810000	3.062014e-05
9815000	3.037541e-05
9820000	3.050984e-05
9825000	3.139408e-05
9830000	3.039248e-05
9835000	3.040514e-05
9840000	2.982855e-05
9845000	2.998125e-05
9850000	3.091683e-05
9855000	3.022210e-05
9860000	2.946159e-05
9865000	3.031178e-05
9870000	2.972389e-05
9875000	3.024584e-05
9880000	3.321729e-05
9885000	3.067272e-05
9890000	3.057328e-05
9895000	3.011796e-05
9900000	2.965229e-05
9905000	3.125108e-05
9910000	3.015067e-05
9915000	2.999628e-05
9920000	2.954150e-05
9925000	2.947959e-05
9930000	3.032850e-05
9935000	3.077566e-05
9940000	3.000962e-05
9945000	3.035613e-05
9950000	3.074417e-05
9955000	2.926897e-05
9960000	3.046277e-05
9965000	3.066897e-05
9970000	3.118032e-05
9975000	2.966407e-05
9980000	2.979446e-05
9985000	3.110367e-05
9990000	3.097818e-05
9995000	2.932588e-05
10000000	2.964892e-05
10005000	3.000758e-05
10010000	2.963932e-05
10015000	3.059319e-05
10020000	3.000795e-05
10025000	2.977134e-05
10030000	2.977527e-05
10035000	2.869236e-05
10040000	2.838718e-05
10045000	2.991185e-05
10050000	2.998025e-05
10055000	2.883697e-05
10060000	2.928927e-05
10065000	2.942885e-05
10070000	2.843813e-05
10075000	2.915021e-05
10080000	3.008424e-05
10085000	3.203741e-05
10090000	2.989506e-05
10095000	3.058741e-05
10100000	3.035323e-05
10105000	2.975830e-05
10110000	2.961319e-05
10115000	2.923963e-05
10120000	2.881350e-05
10125000	2.894293e-05
10130000	2.823110e-05
10135000	3.010085e-05
10140000	2.967063e-05
10145000	3.024936e-05
10150000	2.919820e-05
10155000	3.049036e-05
10160000	2.908573e-05
10165000	2.956634e-05
10170000	3.015091e-05
10175000	3.103648e-05
10180000	2.947082e-05
10185000	2.896269e-05
10190000	2.903312e-05
10195000	2.825825e-05
10200000	2.923092e-05
10205000	2.969487e-05
10210000	2.973336e-05
10215000	3.042334e-05
10220000	3.004498e-05
10225000	2.887702e-05
10230000	3.007222e-05
10235000	3.056005e-05
10240000	3.066483e-05
10245000	2.972251e-05
10250000	2.994193e-05
10255000	3.019304e-05
10260000	2.985421e-05
10265000	2.881211e-05
10270000	2.800867e-05
10275000	2.814838e-05
10280000	2.925530e-05
10285000	2.778910e-05
10290000	2.930572e-05
10295000	2.967944e-05
10300000	2.728510e-05
10305000	2.927039e-05
10310000	2.951441e-05
10315000	2.960153e-05
10320000	2.877681e-05
10325000	2.785895e-05
10330000	2.984264e-05
10335000	2.904424e-05
10340000	2.780472e-05
10345000	2.841846e-05
10350000	2.854575e-05
10355000	2.913413e-05
10360000	2.948777e-05
10365000	2.883113e-05
10370000	2.788542e-05
10375000	2.911801e-05
10380000	2.947464e-05
10385000	2.813603e-05
10390000	3.012893e-05
10395000	2.883755e-05
10400000	2.808607e-05
10405000	2.705527e-05
10410000	2.804961e-05
10415000	2.912344e-05
10420000	2.813198e-05
10425000	2.918201e-05
10430000	2.777954e-05
10435000	2.882083e-05
10440000	2.914586e-05
10445000	2.911993e-05
10450000	2.831050e-05
10455000	2.981943e-05
10460000	2.955292e-05
10465000	2.718409e-05
10470000	3.080414e-05
10475000	2.852279e-05
10480000	2.979164e-05
10485000	2.920566e-05
10490000	2.933787e-05
10495000	2.874468e-05
10500000	2.856793e-05
10505000	2.826218e-05
10510000	2.939475e-05
10515000	2.838882e-05
10520000	2.804328e-05
10525000	2.811544e-05
10530000	2.758545e-05
10535000	2.751621e-05
10540000	2.726185e-05
10545000	2.868098e-05
10550000	2.989527e-05
10555000	2.891014e-05
10560000	2.784816e-05
10565000	2.843201e-05
10570000	2.926730e-05
10575000	2.882978e-05
10580000	2.711416e-05
10585000	2.849226e-05
10590000	2.784739e-05
10595000	2.754611e-05
10600000	2.910937e-05
10605000	2.878289e-05
10610000	2.707016e-05
10615000	2.791336e-05
10620000	2.882873e-05
10625000	2.972464e-05
10630000	2.876766e-05
10635000	2.808207e-05
10640000	2.779832e-05
10645000	2.838118e-05
10650000	2.740447e-05
10655000	2.742747e-05
10660000	2.638487e-05
10665000	2.794817e-05
10670000	2.861995e-05
10675000	2.881556e-05
10680000	2.826605e-05
10685000	2.824014e-05
10690000	2.939946e-05
10695000	2.788241e-05
10700000	2.790309e-05
10705000	2.880127e-05
10710000	2.841934e-05
10715000	2.780414e-05
10720000	2.818931e-05
10725000	2.883270e-05
10730000	2.762663e-05
10735000	2.711827e-05
10740000	2.816336e-05
10745000	2.816668e-05
10750000	2.697776e-05
10755000	2.762986e-05
10760000	2.978707e-05
10765000	2.831532e-05
10770000	2.815594e-05
10775000	2.923808e-05
10780000	2.788465e-05
10785000	2.837578e-05
10790000	2.822237e-05
10795000	2.786162e-05
10800000	2.812453e-05
10805000	2.816098e-05
10810000	2.798769e-05
10815000	2.639767e-05
10820000	2.774304e-05
10825000	2.733022e-05
10830000	2.732147e-05
10835000	2.791764e-05
10840000	2.745567e-05
10845000	2.765430e-05
10850000	2.856893e-05
10855000	2.752965e-05
10860000	2.713573e-05
10865000	2.821968e-05
10870000	2.692240e-05
10875000	2.914939e-05
10880000	2.672748e-05
10885000	2.696337e-05
10890000	2.792478e-05
10895000	2.672941e-05
10900000	2.920908e-05
10905000	2.659917e-05
10910000	2.756929e-05
10915000	2.825892e-05
10920000	2.778248e-05
10925000	2.864883e-05
10930000	2.760397e-05
10935000	2.863681e-05
10940000	2.741919e-05
10945000	2.816718e-05
10950000	2.776983e-05
10955000	2.717289e-05
10960000	2.696398e-05
10965000	2.706283e-05
10970000	2.663950e-05
10975000	2.841791e-05
10980000	3.047036e-05
10985000	2.862507e-05
10990000	2.891987e-05
10995000	2.919853e-05
11000000	2.831276e-05
11005000	2.595028e-05
11010000	2.783112e-05
11015000	2.659321e-05
11020000	2.694668e-05
11025000	2.735513e-05
11030000	2.731840e-05
11035000	2.871902e-05
11040000	2.826487e-05
11045000	2.855816e-05
11050000	2.689753e-05
11055000	2.711184e-05
11060000	2.730950e-05
11065000	2.616252e-05
11070000	2.838662e-05
11075000	2.809428e-05
11080000	2.715679e-05
11085000	2.856439e-05
11090000	2.802870e-05
11095000	2.880941e-05
11100000	2.687037e-05
11105000	2.713299e-05
11110000	2.674970e-05
11115000	2.676654e-05
11120000	2.620420e-05
11125000	2.640319e-05
11130000	2.840912e-05
11135000	2.756957e-05
11140000	2.617955e-05
11145000	2.620639e-05
11150000	2.665255e-05
11155000	2.658211e-05
11160000	2.806388e-05
11165000	2.728088e-05
11170000	2.648210e-05
11175000	2.674590e-05
11180000	2.684368e-05
11185000	2.511436e-05
11190000	2.737096e-05
11195000	2.691620e-05
11200000	2.794861e-05
11205000	2.765422e-05
11210000	2.776758e-05
11215000	2.786928e-05
11220000	2.688002e-05
11225000	2.844951e-05
11230000	2.747211e-05
11235000	2.553819e-05
11240000	2.776723e-05
11245000	2.625121e-05
11250000	2.704872e-05
11255000	2.764757e-05
11260000	2.735500e-05
11265000	2.549078e-05
11270000	2.823366e-05
11275000	2.804495e-05
11280000	2.832040e-05
11285000	2.747111e-05
11290000	2.741269e-05
11295000	2.750251e-05
11300000	2.718750e-05
11305000	2.747622e-05
11310000	2.721254e-05
11315000	2.821050e-05
11320000	2.821348e-05
11325000	2.815963e-05
11330000	2.727193e-05
11335000	2.689718e-05
11340000	2.684997e-05
11345000	2.635327e-05
11350000	2.753920e-05
11355000	2.649526e-05
11360000	2.662445e-05
11365000	2.738800e-05
11370000	2.902397e-05
11375000	2.755162e-05
11380000	2.822634e-05
11385000	2.773979e-05
11390000	2.772838e-05
11395000	2.716091e-05
11400000	2.739586e-05
11405000	2.733104e-05
11410000	2.818723e-05
11415000	2.747382e-05
11420000	2.652657e-05
11425000	2.787155e-05
11430000	2.718349e-05
11435000	2.847207e-05
11440000	2.787527e-05
11445000	2.715647e-05
11450000	2.850530e-05
11455000	2.756814e-05
11460000	2.944595e-05
11465000	2.695110e-05
11470000	2.781603e-05
11475000	2.833444e-05
11480000	2.576824e-05
11485000	2.757571e-05
11490000	2.625058e-05
11495000	2.724191e-05
11500000	2.594075e-05
11505000	2.685139e-05
11510000	2.545282e-05
11515000	2.830388e-05
11520000	2.707978e-05
11525000	2.843368e-05
11530000	2.678758e-05
11535000	2.619099e-05
11540000	2.731340e-05
11545000	2.639695e-05
11550000	2.600619e-05
11555000	2.739672e-05
11560000	2.555434e-05
11565000	2.545906e-05
11570000	2.601271e-05
11575000	2.645166e-05
11580000	2.679044e-05
11585000	2.741004e-05
11590000	2.606072e-05
11595000	2.612944e-05
11600000	2.697830e-05
11605000	2.469131e-05
11610000	2.574266e-05
11615000	2.699609e-05
11620000	2.648071e-05
11625000	2.645038e-05
11630000	2.704597e-05
11635000	2.601684e-05
11640000	2.581443e-05
11645000	2.631038e-05
11650000	2.682709e-05
11655000	2.658914e-05
11660000	2.625833e-05
11665000	2.670298e-05
11670000	2.510081e-05
11675000	2.661416e-05
11680000	2.644937e-05
11685000	2.586078e-05
11690000	2.794198e-05
11695000	2.749363e-05
11700000	2.649098e-05
11705000	2.775234e-05
11710000	2.521471e-05
11715000	2.686144e-05
11720000	2.745663e-05
11725000	2.636351e-05
11730000	2.453962e-05
11735000	2.585769e-05
11740000	2.533419e-05
11745000	2.587563e-05
11750000	2.728974e-05
11755000	2.606845e-05
11760000	2.738705e-05
11765000	2.584617e-05
11770000	2.610500e-05
11775000	2.686513e-05
11780000	2.619858e-05
11785000	2.684046e-05
11790000	2.643917e-05
11795000	2.621185e-05
11800000	2.521570e-05
11805000	2.512744e-05
11810000	2.611339e-05
11815000	2.669631e-05
11820000	2.649953e-05
11825000	2.753137e-05
11830000	2.736221e-05
11835000	2.593594e-05
11840000	2.530132e-05
11845000	2.587789e-05
11850000	2.582695e-05
11855000	2.671252e-05
11860000	2.544724e-05
11865000	2.671048e-05
11870000	2.563763e-05
11875000	2.595384e-05
11880000	2.725248e-05
11885000	2.579994e-05
11890000	2.719836e-05
11895000	2.622613e-05
11900000	2.479672e-05
11905000	2.472455e-05
11910000	2.659344e-05
11915000	2.591453e-05
11920000	2.645727e-05
11925000	2.610698e-05
11930000	2.545938e-05
11935000	2.605783e-05
11940000	2.578587e-05
11945000	2.674140e-05
11950000	2.509724e-05
11955000	2.457440e-05
11960000	2.532856e-05
11965000	2.766108e-05
11970000	2.678048e-05
11975000	2.445732e-05
11980000	2.413895e-05
11985000	2.549038e-05
11990000	2.738402e-05
11995000	2.700824e-05
12000000	2.532296e-05
12005000	2.491166e-05
12010000	2.634874e-05
12015000	2.565894e-05
12020000	2.409239e-05
12025000	2.438245e-05
12030000	2.442435e-05
12035000	2.480310e-05
12040000	2.664252e-05
12045000	2.669232e-05
12050000	2.389121e-05
12055000	2.633841e-05
12060000	2.569505e-05
12065000	2.524927e-05
12070000	2.536056e-05
12075000	2.550908e-05
12080000	2.489315e-05
12085000	2.638314e-05
12090000	2.523773e-05
12095000	2.597199e-05
12100000	2.672701e-05
12105000	2.681611e-05
12110000	2.487514e-05
12115000	2.621316e-05
12120000	2.482130e-05
12125000	2.347938e-05
12130000	2.647591e-05
12135000	2.622518e-05
12140000	2.628642e-05
12145000	2.479797e-05
12150000	2.538114e-05
12155000	2.442711e-05
12160000	2.542448e-05
12165000	2.675011e-05
12170000	2.652614e-05
12175000	2.492295e-05
12180000	2.677162e-05
12185000	2.528514e-05
12190000	2.625011e-05
12195000	2.542250e-05
12200000	2.608884e-05
12205000	2.540112e-05
12210000	2.601920e-05
12215000	2.469908e-05
12220000	2.716327e-05
12225000	2.400196e-05
12230000	2.447079e-05
12235000	2.509985e-05
12240000	2.543152e-05
12245000	2.543361e-05
12250000	2.422157e-05
12255000	2.470169e-05
12260000	2.620859e-05
12265000	2.564255e-05
12270000	2.448000e-05
12275000	2.444516e-05
12280000	2.534154e-05
12285000	2.510430e-05
12290000	2.561557e-05
12295000	2.491108e-05
12300000	2.545955e-05
12305000	2.512493e-05
12310000	2.510275e-05
12315000	2.546165e-05
12320000	2.573624e-05
12325000	2.673042e-05
12330000	2.539171e-05
12335000	2.629881e-05
12340000	2.570278e-05
12345000	2.601089e-05
12350000	2.484219e-05
12355000	2.414308e-05
12360000	2.551612e-05
12365000	2.591589e-05
12370000	2.519464e-05
12375000	2.567692e-05
12380000	2.512514e-05
12385000	2.659334e-05
12390000	2.509784e-05
12395000	2.380430e-05
12400000	2.407126e-05
12405000	2.569494e-05
12410000	2.555778e-05
12415000	2.544808e-05
12420000	2.553477e-05
12425000	2.588382e-05
12430000	2.567073e-05
12435000	2.562349e-05
12440000	2.395202e-05
12445000	2.424432e-05
12450000	2.534218e-05
12455000	2.430298e-05
12460000	2.392844e-05
12465000	2.589782e-05
12470000	2.545428e-05
12475000	2.540462e-05
12480000	2.568818e-05
12485000	2.572826e-05
12490000	2.472839e-05
12495000	2.586443e-05
12500000	2.660295e-05
12505000	2.483641e-05
12510000	2.469618e-05
12515000	2.472029e-05
12520000	2.470174e-05
12525000	2.600892e-05
12530000	2.576181e-05
12535000	2.500259e-05
12540000	2.607627e-05
12545000	2.603154e-05
12550000	2.505276e-05
12555000	2.453896e-05
12560000	2.741461e-05
12565000	2.491841e-05
12570000	2.473998e-05
12575000	2.449614e-05
12580000	2.551065e-05
12585000	2.540132e-05
12590000	2.664378e-05
12595000	2.492326e-05
12600000	2.555979e-05
12605000	2.453752e-05
12610000	2.469298e-05
12615000	2.487386e-05
12620000	2.586759e-05
12625000	2.561347e-05
12630000	2.389459e-05
12635000	2.605738e-05
12640000	2.547003e-05
12645000	2.576069e-05
12650000	2.529884e-05
12655000	2.504968e-05
12660000	2.394238e-05
12665000	2.645955e-05
12670000	2.396276e-05
12675000	2.512281e-05
12680000	2.569111e-05
12685000	2.499387e-05
12690000	2.621856e-05
12695000	2.493411e-05
12700000	2.470252e-05
12705000	2.534810e-05
12710000	2.585585e-05
12715000	2.552163e-05
12720000	2.568212e-05
12725000	2.554746e-05
12730000	2.512580e-05
12735000	2.509601e-05
12740000	2.557233e-05
12745000	2.483671e-05
12750000	2.396787e-05
12755000	2.371812e-05
12760000	2.462926e-05
12765000	2.544218e-05
12770000	2.424213e-05
12775000	2.574215e-05
12780000	2.500852e-05
12785000	2.648631e-05
12790000	2.579914e-05
12795000	2.485505e-05
12800000	2.541590e-05
12805000	2.555464e-05
12810000	2.471612e-05
12815000	2.503121e-05
12820000	2.467581e-05
12825000	2.458218e-05
12830000	2.509590e-05
12835000	2.445109e-05
12840000	2.460535e-05
12845000	2.313820e-05
12850000	2.395431e-05
12855000	2.552656e-05
12860000	2.339924e-05
12865000	2.489728e-05
12870000	2.503645e-05
12875000	2.590991e-05
12880000	2.617969e-05
12885000	2.595527e-05
12890000	2.452836e-05
12895000	2.504031e-05
12900000	2.584274e-05
12905000	2.352188e-05
12910000	2.479054e-05
12915000	2.427796e-05
12920000	2.597535e-05
12925000	2.373659e-05
12930000	2.364100e-05
12935000	2.422670e-05
12940000	2.349682e-05
12945000	2.537283e-05
12950000	2.518112e-05
12955000	2.406530e-05
12960000	2.484751e-05
12965000	2.456767e-05
12970000	2.445669e-05
12975000	2.427536e-05
12980000	2.423470e-05
12985000	2.479814e-05
12990000	2.381974e-05
12995000	2.381971e-05
13000000	2.444036e-05
13005000	2.310002e-05
13010000	2.453011e-05
13015000	2.436230e-05
13020000	2.454930e-05
13025000	2.469227e-05
13030000	2.472377e-05
13035000	2.633488e-05
13040000	2.471036e-05
13045000	2.572265e-05
13050000	2.384508e-05
13055000	2.407457e-05
13060000	2.546826e-05
13065000	2.553417e-05
13070000	2.466478e-05
13075000	2.443305e-05
13080000	2.530164e-05
13085000	2.516655e-05
13090000	2.313996e-05
13095000	2.433134e-05
13100000	2.600402e-05
13105000	2.469668e-05
13110000	2.506071e-05
13115000	2.438180e-05
13120000	2.329042e-05
13125000	2.406052e-05
13130000	2.471289e-05
13135000	2.405038e-05
13140000	2.513886e-05
13145000	2.673988e-05
13150000	2.436532e-05
13155000	2.500110e-05
13160000	2.410630e-05
13165000	2.479929e-05
13170000	2.434132e-05
13175000	2.560494e-05
13180000	2.429726e-05
13185000	2.556956e-05
13190000	2.671512e-05
13195000	2.449487e-05
13200000	2.552539e-05
13205000	2.562770e-05
13210000	2.480144e-05
13215000	2.372282e-05
13220000	2.496191e-05
13225000	2.518865e-05
13230000	2.522298e-05
13235000	2.598422e-05
13240000	2.477709e-05
13245000	2.451419e-05
13250000	2.471944e-05
13255000	2.477963e-05
13260000	2.369643e-05
13265000	2.387199e-05
13270000	2.511294e-05
13275000	2.395064e-05
13280000	2.455478e-05
13285000	2.475782e-05
13290000	2.460694e-05
13295000	2.392112e-05
13300000	2.434365e-05
13305000	2.375283e-05
13310000	2.351780e-05
13315000	2.341399e-05
13320000	2.483796e-05
13325000	2.459877e-05
13330000	2.383693e-05
13335000	2.447898e-05
13340000	2.271757e-05
13345000	2.317732e-05
13350000	2.345603e-05
13355000	2.400846e-05
13360000	2.512217e-05
13365000	2.409028e-05
13370000	2.349357e-05
13375000	2.362442e-05
13380000	2.448754e-05
13385000	2.440515e-05
13390000	2.268153e-05
13395000	2.512906e-05
13400000	2.552910e-05
13405000	2.385703e-05
13410000	2.408463e-05
13415000	2.548440e-05
13420000	2.336081e-05
13425000	2.368365e-05
13430000	2.495841e-05
13435000	2.456319e-05
13440000	2.453047e-05
13445000	2.378780e-05
13450000	2.356456e-05
13455000	2.488478e-05
13460000	2.465714e-05
13465000	2.419686e-05
13470000	2.306220e-05
13475000	2.577467e-05
13480000	2.517799e-05
13485000	2.444082e-05
13490000	2.515698e-05
13495000	2.350973e-05
13500000	2.275713e-05
13505000	2.505353e-05
13510000	2.458891e-05
13515000	2.459278e-05
13520000	2.366780e-05
13525000	2.490359e-05
13530000	2.451856e-05
13535000	2.599456e-05
13540000	2.339418e-05
13545000	2.452681e-05
13550000	2.348083e-05
13555000	2.346093e-05
13560000	2.367487e-05
13565000	2.450152e-05
13570000	2.385778e-05
13575000	2.345199e-05
13580000	2.450098e-05
13585000	2.464690e-05
13590000	2.382010e-05
13595000	2.360026e-05
13600000	2.470728e-05
13605000	2.305490e-05
13610000	2.338182e-05
13615000	2.395128e-05
13620000	2.293871e-05
13625000	2.440625e-05
13630000	2.421962e-05
13635000	2.457839e-05
13640000	2.435011e-05
13645000	2.418112e-05
13650000	2.439244e-05
13655000	2.514252e-05
13660000	2.422607e-05
13665000	2.453424e-05
13670000	2.340723e-05
13675000	2.336617e-05
13680000	2.345926e-05
13685000	2.372657e-05
13690000	2.483857e-05
13695000	2.484176e-05
13700000	2.572413e-05
13705000	2.377778e-05
13710000	2.404299e-05
13715000	2.444731e-05
13720000	2.485300e-05
13725000	2.383893e-05
13730000	2.430190e-05
13735000	2.477290e-05
13740000	2.418507e-05
13745000	2.527704e-05
13750000	2.344931e-05
13755000	2.408313e-05
13760000	2.313132e-05
13765000	2.376452e-05
13770000	2.380523e-05
13775000	2.341610e-05
13780000	2.323834e-05
13785000	2.404420e-05
13790000	2.345390e-05
13795000	2.460078e-05
13800000	2.418834e-05
13805000	2.299580e-05
13810000	2.399154e-05
13815000	2.417894e-05
13820000	2.534159e-05
13825000	2.343372e-05
13830000	2.388925e-05
13835000	2.365121e-05
13840000	2.400765e-05
13845000	2.431533e-05
13850000	2.319911e-05
13855000	2.438275e-05
13860000	2.344455e-05
13865000	2.181014e-05
13870000	2.391209e-05
13875000	2.316536e-05
13880000	2.386607e-05
13885000	2.330961e-05
13890000	2.415349e-05
13895000	2.343565e-05
13900000	2.437504e-05
13905000	2.431901e-05
13910000	2.470213e-05
13915000	2.430356e-05
13920000	2.256389e-05
13925000	2.325073e-05
13930000	2.458448e-05
13935000	2.379285e-05
13940000	2.314030e-05
13945000	2.319993e-05
13950000	2.370499e-05
13955000	2.258868e-05
13960000	2.371971e-05
13965000	2.429226e-05
13970000	2.288531e-05
13975000	2.457153e-05
13980000	2.444657e-05
13985000	2.506275e-05
13990000	2.464683e-05
13995000	2.426454e-05
14000000	2.372472e-05
14005000	2.256054e-05
14010000	2.433715e-05
14015000	2.348261e-05
14020000	2.430565e-05
14025000	2.513066e-05
14030000	2.398681e-05
14035000	2.341995e-05
14040000	2.397017e-05
14045000	2.374072e-05
14050000	2.345615e-05
14055000	2.405348e-05
14060000	2.414197e-05
14065000	2.478534e-05
14070000	2.387949e-05
14075000	2.388671e-05
14080000	2.537264e-05
14085000	2.487725e-05
14090000	2.402912e-05
14095000	2.424587e-05
14100000	2.418065e-05
14105000	2.435908e-05
14110000	2.288610e-05
14115000	2.295806e-05
14120000	2.390544e-05
14125000	2.282607e-05
14130000	2.447648e-05
14135000	2.457826e-05
14140000	2.532712e-05
14145000	2.406220e-05
14150000	2.449607e-05
14155000	2.498074e-05
14160000	2.380214e-05
14165000	2.491871e-05
14170000	2.368245e-05
14175000	2.318220e-05
14180000	2.327276e-05
14185000	2.458364e-05
14190000	2.407615e-05
14195000	2.467932e-05
14200000	2.457240e-05
14205000	2.395277e-05
14210000	2.400027e-05
14215000	2.325307e-05
14220000	2.400983e-05
14225000	2.464348e-05
14230000	2.468090e-05
14235000	2.320171e-05
14240000	2.376508e-05
14245000	2.575181e-05
14250000	2.433574e-05
14255000	2.333700e-05
14260000	2.335956e-05
14265000	2.463235e-05
14270000	2.496732e-05
14275000	2.506543e-05
14280000	2.466586e-05
14285000	2.334986e-05
14290000	2.310422e-05
14295000	2.405742e-05
14300000	2.442651e-05
14305000	2.487523e-05
14310000	2.298094e-05
14315000	2.452395e-05
14320000	2.326580e-05
14325000	2.416890e-05
14330000	2.239451e-05
14335000	2.342636e-05
14340000	2.377743e-05
14345000	2.245363e-05
14350000	2.416431e-05
14355000	2.388245e-05
14360000	2.387667e-05
14365000	2.251803e-05
14370000	2.373932e-05
14375000	2.440996e-05
14380000	2.366591e-05
14385000	2.483417e-05
14390000	2.481106e-05
14395000	2.447932e-05
14400000	2.323803e-05
14405000	2.552068e-05
14410000	2.200199e-05
14415000	2.313199e-05
14420000	2.315088e-05
14425000	2.325230e-05
14430000	2.281661e-05
14435000	2.430028e-05
14440000	2.300243e-05
14445000	2.436803e-05
14450000	2.199012e-05
14455000	2.435790e-05
14460000	2.399791e-05
14465000	2.427793e-05
14470000	2.315970e-05
14475000	2.473266e-05
14480000	2.334621e-05
14485000	2.387900e-05
14490000	2.361511e-05
14495000	2.416319e-05
14500000	2.347407e-05
14505000	2.277344e-05
14510000	2.350900e-05
14515000	2.414443e-05
14520000	2.350496e-05
14525000	2.396198e-05
14530000	2.383410e-05
14535000	2.346765e-05
14540000	2.337771e-05
14545000	2.462367e-05
14550000	2.371783e-05
14555000	2.372144e-05
14560000	2.374301e-05
14565000	2.402234e-05
14570000	2.337071e-05
14575000	2.348129e-05
14580000	2.419571e-05
14585000	2.281671e-05
14590000	2.174605e-05
14595000	2.280388e-05
14600000	2.317339e-05
14605000	2.252884e-05
14610000	2.388755e-05
14615000	2.438732e-05
14620000	2.338093e-05
14625000	2.368941e-05
14630000	2.378511e-05
14635000	2.329976e-05
14640000	2.228957e-05
14645000	2.262250e-05
14650000	2.417063e-05
14655000	2.372219e-05
14660000	2.272575e-05
14665000	2.354797e-05
14670000	2.348898e-05
14675000	2.332888e-05
14680000	2.419376e-05
14685000	2.294695e-05
14690000	2.383814e-05
14695000	2.290900e-05
14700000	2.347530e-05
14705000	2.144687e-05
14710000	2.410153e-05
14715000	2.158674e-05
14720000	2.317689e-05
14725000	2.324202e-05
14730000	2.501896e-05
14735000	2.336559e-05
14740000	2.380611e-05
14745000	2.263895e-05
14750000	2.443708e-05
14755000	2.335035e-05
14760000	2.401740e-05
14765000	2.296359e-05
14770000	2.276565e-05
14775000	2.259849e-05
14780000	2.257784e-05
14785000	2.364854e-05
14790000	2.368781e-05
14795000	2.207001e-05
14800000	2.285812e-05
14805000	2.355458e-05
14810000	2.234982e-05
14815000	2.226042e-05
14820000	2.299003e-05
14825000	2.342981e-05
14830000	2.363885e-05
14835000	2.261120e-05
14840000	2.291385e-05
14845000	2.260852e-05
14850000	2.154899e-05
14855000	2.298007e-05
14860000	2.303191e-05
14865000	2.288162e-05
14870000	2.320801e-05
14875000	2.262662e-05
14880000	2.357421e-05
14885000	2.190244e-05
14890000	2.285644e-05
14895000	2.159586e-05
14900000	2.251792e-05
14905000	2.216245e-05
14910000	2.198099e-05
14915000	2.176621e-05
14920000	2.219677e-05
14925000	2.299897e-05
14930000	2.277934e-05
14935000	2.202358e-05
14940000	2.329226e-05
14945000	2.383901e-05
14950000	2.175176e-05
14955000	2.267707e-05
14960000	2.199962e-05
14965000	2.236437e-05
14970000	2.308225e-05
14975000	2.337684e-05
14980000	2.294581e-05
14985000	2.298748e-05
14990000	2.261694e-05
14995000	2.190054e-05
15000000	2.197000e-05
15005000	2.323611e-05
15010000	2.294006e-05
15015000	2.345019e-05
15020000	2.355046e-05
15025000	2.317616e-05
15030000	2.116229e-05
15035000	2.213923e-05
15040000	2.221765e-05
15045000	2.175483e-05
15050000	2.114693e-05
15055000	2.244722e-05
15060000	2.201858e-05
15065000	2.313007e-05
15070000	2.325846e-05
15075000	2.267889e-05
15080000	2.272532e-05
15085000	2.154182e-05
15090000	2.076904e-05
15095000	2.302975e-05
15100000	2.192971e-05
15105000	2.112091e-05
15110000	2.187415e-05
15115000	2.193912e-05
15120000	2.191777e-05
15125000	2.195658e-05
15130000	2.224230e-05
15135000	2.204334e-05
15140000	2.179376e-05
15145000	2.165565e-05
15150000	2.330809e-05
15155000	2.276032e-05
15160000	2.253783e-05
15165000	2.168013e-05
15170000	2.274972e-05
15175000	2.166233e-05
15180000	2.231494e-05
15185000	2.072654e-05
15190000	2.222585e-05
15195000	2.250642e-05
15200000	2.190526e-05
15205000	2.116284e-05
15210000	2.046319e-05
15215000	2.181688e-05
15220000	2.188070e-05
15225000	2.115349e-05
15230000	2.182687e-05
15235000	2.198084e-05
15240000	2.222096e-05
15245000	2.169402e-05
15250000	2.184070e-05
15255000	2.147851e-05
15260000	2.164750e-05
15265000	2.273474e-05
15270000	2.300852e-05
15275000	2.217166e-05
15280000	2.344286e-05
15285000	2.174622e-05
15290000	2.266333e-05
15295000	2.132415e-05
15300000	2.133685e-05
15305000	2.276646e-05
15310000	2.171560e-05
15315000	2.165191e-05
15320000	2.167910e-05
15325000	2.111951e-05
15330000	2.272879e-05
15335000	2.129490e-05
15340000	2.208590e-05
15345000	2.213819e-05
15350000	2.115057e-05
15355000	2.127202e-05
15360000	2.199387e-05
15365000	2.202233e-05
15370000	2.230255e-05
15375000	2.163101e-05
15380000	2.221663e-05
15385000	2.169844e-05
15390000	2.180547e-05
15395000	2.190380e-05
15400000	2.162384e-05
15405000	2.124912e-05
15410000	2.094760e-05
15415000	2.250280e-05
15420000	2.175950e-05
15425000	2.144337e-05
15430000	2.337105e-05
15435000	2.099914e-05
15440000	2.316967e-05
15445000	2.229663e-05
15450000	2.066942e-05
15455000	2.222672e-05
15460000	2.147158e-05
15465000	2.351822e-05
15470000	2.190356e-05
15475000	2.108173e-05
15480000	2.049452e-05
15485000	2.155126e-05
15490000	2.233813e-05
15495000	2.139261e-05
15500000	2.143893e-05
15505000	2.207875e-05
15510000	2.165501e-05
15515000	2.033041e-05
15520000	2.126292e-05
15525000	2.208686e-05
15530000	2.149103e-05
15535000	2.083112e-05
15540000	2.202030e-05
15545000	2.068502e-05
15550000	2.219984e-05
15555000	2.095756e-05
15560000	2.137403e-05
15565000	2.104910e-05
15570000	2.220086e-05
15575000	2.200106e-05
15580000	2.110434e-05
15585000	2.281590e-05
15590000	2.178451e-05
15595000	2.181753e-05
15600000	2.045406e-05
15605000	2.142332e-05
15610000	2.040089e-05
15615000	2.081489e-05
15620000	2.223655e-05
15625000	2.149950e-05
15630000	2.123557e-05
15635000	2.183203e-05
15640000	2.220433e-05
15645000	2.103288e-05
15650000	2.116779e-05
15655000	2.074353e-05
15660000	2.087371e-05
15665000	1.993767e-05
15670000	2.116125e-05
15675000	2.326344e-05
15680000	2.134308e-05
15685000	2.026816e-05
15690000	2.277366e-05
15695000	2.155671e-05
15700000	2.185327e-05
15705000	2.116914e-05
15710000	2.317438e-05
15715000	2.206802e-05
15720000	2.291196e-05
15725000	2.123938e-05
15730000	2.187587e-05
15735000	2.241699e-05
15740000	2.213304e-05
15745000	2.100213e-05
15750000	2.128115e-05
15755000	2.087385e-05
15760000	2.179249e-05
15765000	2.136385e-05
15770000	2.229809e-05
15775000	2.119052e-05
15780000	2.225803e-05
15785000	2.187030e-05
15790000	2.059514e-05
15795000	2.011275e-05
15800000	2.294694e-05
15805000	2.056762e-05
15810000	2.136857e-05
15815000	2.076579e-05
15820000	2.042804e-05
15825000	2.151452e-05
15830000	2.133560e-05
15835000	2.097672e-05
15840000	2.114207e-05
15845000	2.007664e-05
15850000	2.132058e-05
15855000	2.277135e-05
15860000	2.077089e-05
15865000	2.111209e-05
15870000	2.172561e-05
15875000	2.087827e-05
15880000	2.194922e-05
15885000	2.202307e-05
15890000	2.120543e-05
15895000	2.138512e-05
15900000	2.137512e-05
15905000	2.177134e-05
15910000	2.078393e-05
15915000	2.139791e-05
15920000	2.239607e-05
15925000	2.088662e-05
15930000	2.103744e-05
15935000	2.171874e-05
15940000	2.121916e-05
15945000	2.161998e-05
15950000	1.991702e-05
15955000	2.139273e-05
15960000	2.029372e-05
15965000	2.074656e-05
15970000	2.010831e-05
15975000	2.136394e-05
15980000	2.132707e-05
15985000	1.999740e-05
15990000	2.071477e-05
15995000	2.221881e-05
16000000	2.183364e-05
16005000	2.134223e-05
16010000	1.962073e-05
16015000	2.213953e-05
16020000	2.145373e-05
16025000	2.050112e-05
16030000	2.202248e-05
16035000	2.166688e-05
16040000	1.970801e-05
16045000	2.049956e-05
16050000	2.154069e-05
16055000	2.213768e-05
16060000	2.027749e-05
16065000	2.071220e-05
16070000	2.092545e-05
16075000	2.105670e-05
16080000	2.060020e-05
16085000	2.012310e-05
16090000	2.115391e-05
16095000	2.172151e-05
16100000	2.058362e-05
16105000	2.000803e-05
16110000	2.059599e-05
16115000	1.989531e-05
16120000	2.190620e-05
16125000	2.194296e-05
16130000	1.968461e-05
16135000	1.999885e-05
16140000	2.088796e-05
16145000	2.102771e-05
16150000	2.065017e-05
16155000	2.048219e-05
16160000	2.158565e-05
16165000	2.019999e-05
16170000	2.096271e-05
16175000	1.992579e-05
16180000	2.187107e-05
16185000	2.141640e-05
16190000	2.093758e-05
16195000	2.095080e-05
16200000	1.990238e-05
16205000	2.150180e-05
16210000	1.975409e-05
16215000	2.159366e-05
16220000	2.085471e-05
16225000	2.098761e-05
16230000	2.075311e-05
16235000	2.137909e-05
16240000	2.030512e-05
16245000	2.085881e-05
16250000	2.000648e-05
16255000	2.121009e-05
16260000	2.134334e-05
16265000	2.148500e-05
16270000	2.149823e-05
16275000	2.093054e-05
16280000	2.198144e-05
16285000	2.065164e-05
16290000	2.109305e-05
16295000	2.157467e-05
16300000	2.024764e-05
16305000	2.035941e-05
16310000	2.054319e-05
16315000	2.070064e-05
16320000	2.126594e-05
16325000	2.151344e-05
16330000	1.967878e-05
16335000	2.238057e-05
16340000	1.966210e-05
16345000	2.103199e-05
16350000	2.067236e-05
16355000	2.128233e-05
16360000	2.109093e-05
16365000	1.954499e-05
16370000	2.132857e-05
16375000	2.158342e-05
16380000	1.965927e-05
16385000	2.007988e-05
16390000	1.994032e-05
16395000	2.185316e-05
16400000	2.037479e-05
16405000	1.971508e-05
16410000	2.224517e-05
16415000	1.988188e-05
16420000	2.140171e-05
16425000	2.227668e-05
16430000	2.192454e-05
16435000	2.207654e-05
16440000	2.041195e-05
16445000	2.082233e-05
16450000	1.916207e-05
16455000	2.032901e-05
16460000	2.096583e-05
16465000	1.951811e-05
16470000	2.192325e-05
16475000	2.083676e-05
16480000	2.055620e-05
16485000	2.045762e-05
16490000	2.073409e-05
16495000	2.174433e-05
16500000	1.984493e-05
16505000	2.137859e-05
16510000	2.031812e-05
16515000	2.049226e-05
16520000	1.932962e-05
16525000	2.011956e-05
16530000	2.218356e-05
16535000	2.030448e-05
16540000	1.980775e-05
16545000	2.024797e-05
16550000	2.116366e-05
16555000	2.099504e-05
16560000	1.988580e-05
16565000	2.094513e-05
16570000	2.025045e-05
16575000	2.103798e-05
16580000	1.973879e-05
16585000	1.968074e-05
16590000	2.054181e-05
16595000	1.957310e-05
16600000	2.080615e-05
16605000	2.174625e-05
16610000	1.994333e-05
16615000	1.925189e-05
16620000	2.025010e-05
16625000	2.076583e-05
16630000	2.113999e-05
16635000	2.045273e-05
16640000	1.999081e-05
16645000	1.982633e-05
16650000	1.912764e-05
16655000	2.091421e-05
16660000	1.969037e-05
16665000	2.094177e-05
16670000	1.957587e-05
16675000	1.937401e-05
16680000	1.934950e-05
16685000	2.076077e-05
16690000	1.935340e-05
16695000	2.097207e-05
16700000	1.880063e-05
16705000	2.091667e-05
16710000	2.028196e-05
16715000	1.942696e-05
16720000	2.028466e-05
16725000	2.002567e-05
16730000	2.070465e-05
16735000	2.103550e-05
16740000	2.012962e-05
16745000	2.074220e-05
16750000	2.027561e-05
16755000	2.031901e-05
16760000	2.037448e-05
16765000	2.052846e-05
16770000	2.023538e-05
16775000	2.061152e-05
16780000	2.016895e-05
16785000	1.985155e-05
16790000	1.949582e-05
16795000	2.089781e-05
16800000	1.994910e-05
16805000	1.939560e-05
16810000	1.901852e-05
16815000	1.958335e-05
16820000	1.953508e-05
16825000	2.069296e-05
16830000	2.094019e-05
16835000	2.061009e-05
16840000	2.009833e-05
16845000	1.950892e-05
16850000	1.904925e-05
16855000	1.991766e-05
16860000	1.968746e-05
16865000	1.946566e-05
16870000	1.898160e-05
16875000	2.079430e-05
16880000	2.021997e-05
16885000	1.978195e-05
16890000	2.273001e-05
16895000	1.940104e-05
16900000	2.009009e-05
16905000	2.013536e-05
16910000	1.975200e-05
16915000	2.061016e-05
16920000	1.997225e-05
16925000	1.822559e-05
16930000	1.962065e-05
16935000	1.911195e-05
16940000	1.927940e-05
16945000	2.083664e-05
16950000	2.171435e-05
16955000	1.985130e-05
16960000	2.048279e-05
16965000	1.916634e-05
16970000	1.917822e-05
16975000	2.043517e-05
16980000	2.135618e-05
16985000	2.007868e-05
16990000	1.970730e-05
16995000	2.096071e-05
17000000	2.128143e-05
17005000	2.140246e-05
17010000	2.157982e-05
17015000	2.029369e-05
17020000	2.062122e-05
17025000	1.943978e-05
17030000	2.046031e-05
17035000	2.187741e-05
17040000	1.845270e-05
17045000	2.001624e-05
17050000	2.070557e-05
17055000	2.051143e-05
17060000	2.072703e-05
17065000	2.027639e-05
17070000	2.078744e-05
17075000	2.056018e-05
17080000	2.055098e-05
17085000	1.887021e-05
17090000	1.984323e-05
17095000	2.061643e-05
17100000	1.917406e-05
17105000	2.002756e-05
17110000	1.992476e-05
17115000	2.009122e-05
17120000	1.946562e-05
17125000	2.017015e-05
17130000	2.054366e-05
17135000	1.963967e-05
17140000	1.964089e-05
17145000	1.948811e-05
17150000	1.942062e-05
17155000	1.946759e-05
17160000	2.069015e-05
17165000	2.072851e-05
17170000	1.928584e-05
17175000	2.063730e-05
17180000	2.129245e-05
17185000	1.775483e-05
17190000	1.863387e-05
17195000	1.784682e-05
17200000	1.856382e-05
17205000	1.990306e-05
17210000	1.866840e-05
17215000	2.027488e-05
17220000	1.894619e-05
17225000	2.130027e-05
17230000	2.000289e-05
17235000	2.032131e-05
17240000	2.057149e-05
17245000	2.113099e-05
17250000	1.983384e-05
17255000	1.833461e-05
17260000	1.932248e-05
17265000	2.028061e-05
17270000	2.097236e-05
17275000	2.038666e-05
17280000	1.986979e-05
17285000	2.030610e-05
17290000	1.972407e-05
17295000	1.904997e-05
17300000	2.069545e-05
17305000	2.087244e-05
17310000	1.840542e-05
17315000	1.948566e-05
17320000	2.032914e-05
17325000	1.891884e-05
17330000	2.069601e-05
17335000	1.962289e-05
17340000	2.128035e-05
17345000	1.961769e-05
17350000	2.044369e-05
17355000	1.973912e-05
17360000	1.947065e-05
17365000	1.927669e-05
17370000	2.030230e-05
17375000	1.984422e-05
17380000	1.861902e-05
17385000	2.018181e-05
17390000	2.068848e-05
17395000	1.946544e-05
17400000	1.946170e-05
17405000	1.938481e-05
17410000	2.127909e-05
17415000	2.110558e-05
17420000	1.850801e-05
17425000	1.962509e-05
17430000	2.006041e-05
17435000	1.919823e-05
17440000	2.066887e-05
17445000	1.935968e-05
17450000	2.083932e-05
17455000	2.008827e-05
17460000	2.047605e-05
17465000	1.944968e-05
17470000	1.926997e-05
17475000	1.942442e-05
17480000	2.000719e-05
17485000	2.016707e-05
17490000	1.974981e-05
17495000	1.997286e-05
17500000	1.955714e-05
17505000	2.119216e-05
17510000	2.010792e-05
17515000	2.020883e-05
17520000	2.105700e-05
17525000	1.980533e-05
17530000	2.053479e-05
17535000	2.025743e-05
17540000	1.937956e-05
17545000	1.972943e-05
17550000	2.004639e-05
17555000	1.979894e-05
17560000	1.845027e-05
17565000	1.919965e-05
17570000	1.954244e-05
17575000	2.038964e-05
17580000	2.074224e-05
17585000	2.054629e-05
17590000	2.080392e-05
17595000	2.049183e-05
17600000	2.022365e-05
17605000	1.905732e-05
17610000	1.967904e-05
17615000	1.937768e-05
17620000	1.963159e-05
17625000	2.048122e-05
17630000	1.865730e-05
17635000	1.931124e-05
17640000	1.941659e-05
17645000	1.821493e-05
17650000	1.855303e-05
17655000	1.929896e-05
17660000	2.010510e-05
17665000	1.914673e-05
17670000	2.026051e-05
17675000	1.992236e-05
17680000	1.987963e-05
17685000	2.043849e-05
17690000	2.075899e-05
17695000	1.951316e-05
17700000	1.940461e-05
17705000	1.969356e-05
17710000	2.026278e-05
17715000	1.913309e-05
17720000	2.008315e-05
17725000	2.112353e-05
17730000	1.901128e-05
17735000	2.127560e-05
17740000	2.040257e-05
17745000	1.989095e-05
17750000	1.944867e-05
17755000	1.968963e-05
17760000	2.024175e-05
17765000	1.994202e-05
17770000	2.039272e-05
17775000	2.078572e-05
17780000	1.999172e-05
17785000	1.953192e-05
17790000	1.931936e-05
17795000	1.972985e-05
17800000	1.939937e-05
17805000	1.885252e-05
17810000	1.939973e-05
17815000	2.009245e-05
17820000	1.960861e-05
17825000	2.121759e-05
17830000	2.007301e-05
17835000	1.889181e-05
17840000	2.002994e-05
17845000	1.992154e-05
17850000	2.014766e-05
17855000	1.937958e-05
17860000	1.890566e-05
17865000	1.968914e-05
17870000	1.856296e-05
17875000	2.094832e-05
17880000	1.887052e-05
17885000	2.013389e-05
17890000	2.019157e-05
17895000	1.963043e-05
17900000	1.949241e-05
17905000	1.893188e-05
17910000	1.916034e-05
17915000	1.977184e-05
17920000	1.927058e-05
17925000	2.036923e-05
17930000	1.987609e-05
17935000	1.901825e-05
17940000	2.013575e-05
17945000	1.909108e-05
17950000	2.101466e-05
17955000	2.095129e-05
17960000	2.005780e-05
17965000	1.989187e-05
17970000	2.036244e-05
17975000	2.107210e-05
17980000	2.084899e-05
17985000	1.999044e-05
17990000	2.050474e-05
17995000	1.891759e-05
18000000	1.912124e-05
18005000	1.983536e-05
18010000	1.969655e-05
18015000	1.893640e-05
18020000	1.994604e-05
18025000	1.901905e-05
18030000	1.986750e-05
18035000	2.040449e-05
18040000	2.058550e-05
18045000	2.074690e-05
18050000	2.026848e-05
18055000	2.068884e-05
18060000	1.909806e-05
18065000	1.996524e-05
18070000	2.000687e-05
18075000	1.963546e-05
18080000	1.878021e-05
18085000	1.987708e-05
18090000	1.930323e-05
18095000	1.976463e-05
18100000	2.013272e-05
18105000	1.902715e-05
18110000	2.018417e-05
18115000	1.830034e-05
18120000	1.888144e-05
18125000	1.886235e-05
18130000	1.934227e-05
18135000	2.025404e-05
18140000	1.876206e-05
18145000	1.967548e-05
18150000	1.840195e-05
18155000	1.926083e-05
18160000	1.972311e-05
18165000	2.011920e-05
18170000	2.070698e-05
18175000	2.000065e-05
18180000	2.101097e-05
18185000	1.992512e-05
18190000	2.001492e-05
18195000	1.917547e-05
18200000	2.001627e-05
18205000	1.932800e-05
18210000	1.837168e-05
18215000	1.887964e-05
18220000	1.948516e-05
18225000	1.912942e-05
18230000	2.047200e-05
18235000	1.921076e-05
18240000	1.892156e-05
18245000	1.837267e-05
18250000	1.983013e-05
18255000	1.989439e-05
18260000	1.918439e-05
18265000	1.951846e-05
18270000	1.997895e-05
18275000	2.092766e-05
18280000	2.005984e-05
18285000	1.849746e-05
18290000	1.972042e-05
18295000	1.990406e-05
18300000	2.019663e-05
18305000	1.910983e-05
18310000	2.073782e-05
18315000	1.957333e-05
18320000	2.047111e-05
18325000	1.880887e-05
18330000	1.913206e-05
18335000	1.951347e-05
18340000	1.969609e-05
18345000	1.975717e-05
18350000	1.994963e-05
18355000	2.003943e-05
18360000	1.983656e-05
18365000	1.812077e-05
18370000	1.926420e-05
18375000	1.928968e-05
18380000	2.002263e-05
18385000	1.956297e-05
18390000	1.925449e-05
18395000	1.911186e-05
18400000	1.896813e-05
18405000	1.879683e-05
18410000	2.028108e-05
18415000	1.917064e-05
18420000	1.984737e-05
18425000	1.915867e-05
18430000	1.978103e-05
18435000	1.949105e-05
18440000	1.880186e-05
18445000	1.917097e-05
18450000	2.024235e-05
18455000	1.899957e-05
18460000	1.911779e-05
18465000	1.957109e-05
18470000	2.004292e-05
18475000	1.852831e-05
18480000	2.049411e-05
18485000	1.897310e-05
18490000	1.897158e-05
18495000	2.012040e-05
18500000	1.836783e-05
18505000	1.809973e-05
18510000	2.033883e-05
18515000	1.922042e-05
18520000	1.844903e-05
18525000	1.922638e-05
18530000	1.958715e-05
18535000	2.060430e-05
18540000	1.836194e-05
18545000	1.856443e-05
18550000	1.848767e-05
18555000	1.959436e-05
18560000	1.868359e-05
18565000	1.867602e-05
18570000	1.994258e-05
18575000	1.879808e-05
18580000	2.014784e-05
18585000	1.935991e-05
18590000	1.818288e-05
18595000	1.939820e-05
18600000	1.932344e-05
18605000	1.937860e-05
18610000	1.943355e-05
18615000	1.817350e-05
18620000	1.972891e-05
18625000	2.025861e-05
18630000	2.114100e-05
18635000	2.144294e-05
18640000	1.818537e-05
18645000	2.017605e-05
18650000	1.784237e-05
18655000	2.058014e-05
18660000	2.041073e-05
18665000	1.857835e-05
18670000	1.899974e-05
18675000	1.983392e-05
18680000	1.965259e-05
18685000	1.895113e-05
18690000	1.829995e-05
18695000	1.930065e-05
18700000	2.049091e-05
18705000	1.782872e-05
18710000	1.978059e-05
18715000	1.805892e-05
18720000	1.845099e-05
18725000	1.779237e-05
18730000	1.909676e-05
18735000	1.907573e-05
18740000	1.858520e-05
18745000	1.841251e-05
18750000	1.921942e-05
18755000	1.905219e-05
18760000	1.985910e-05
18765000	1.973611e-05
18770000	1.904185e-05
18775000	1.934083e-05
18780000	1.952441e-05
18785000	1.816645e-05
18790000	1.986969e-05
18795000	2.013487e-05
18800000	1.918246e-05
18805000	2.017851e-05
18810000	1.948788e-05
18815000	1.962560e-05
18820000	1.903164e-05
18825000	1.918617e-05
18830000	1.835044e-05
18835000	1.773290e-05
18840000	1.859069e-05
18845000	1.896956e-05
18850000	1.985893e-05
18855000	1.998808e-05
18860000	1.996404e-05
18865000	1.895055e-05
18870000	1.975633e-05
18875000	1.937130e-05
18880000	1.951745e-05
18885000	1.861369e-05
18890000	1.805133e-05
18895000	1.914765e-05
18900000	1.947231e-05
18905000	2.072309e-05
18910000	1.945232e-05
18915000	1.781083e-05
18920000	1.908436e-05
18925000	1.909299e-05
18930000	1.897289e-05
18935000	1.812760e-05
18940000	1.890095e-05
18945000	1.973143e-05
18950000	1.869953e-05
18955000	1.849724e-05
18960000	1.923732e-05
18965000	1.845295e-05
18970000	1.877108e-05
18975000	1.793791e-05
18980000	1.940097e-05
18985000	1.866986e-05
18990000	1.853175e-05
18995000	1.927739e-05
19000000	1.788824e-05
19005000	1.815414e-05
19010000	1.839152e-05
19015000	1.945431e-05
19020000	1.854730e-05
19025000	1.979815e-05
19030000	1.828837e-05
19035000	1.880181e-05
19040000	2.033349e-05
19045000	1.869921e-05
19050000	1.929564e-05
19055000	1.807131e-05
19060000	1.980527e-05
19065000	1.908224e-05
19070000	1.808257e-05
19075000	1.858842e-05
19080000	1.918275e-05
19085000	1.844428e-05
19090000	1.981134e-05
19095000	2.047919e-05
19100000	1.950088e-05
19105000	2.004882e-05
19110000	1.823378e-05
19115000	1.829229e-05
19120000	1.892916e-05
19125000	1.851423e-05
19130000	2.053891e-05
19135000	1.952621e-05
19140000	1.865607e-05
19145000	1.883381e-05
19150000	1.803033e-05
19155000	1.872910e-05
19160000	1.953133e-05
19165000	1.928579e-05
19170000	1.911135e-05
19175000	1.891048e-05
19180000	1.907027e-05
19185000	1.904158e-05
19190000	1.873324e-05
19195000	1.839492e-05
19200000	1.894161e-05
19205000	1.843376e-05
19210000	1.905174e-05
19215000	2.069234e-05
19220000	2.004998e-05
19225000	1.812110e-05
19230000	1.904733e-05
19235000	1.898433e-05
19240000	1.870816e-05
19245000	1.807186e-05
19250000	1.945582e-05
19255000	1.922022e-05
19260000	1.898893e-05
19265000	1.877039e-05
19270000	1.966861e-05
19275000	1.905752e-05
19280000	1.909734e-05
19285000	1.972310e-05
19290000	1.921990e-05
19295000	1.899256e-05
19300000	1.855979e-05
19305000	1.949694e-05
19310000	1.735065e-05
19315000	1.889066e-05
19320000	1.830262e-05
19325000	1.819980e-05
19330000	1.820306e-05
19335000	1.846170e-05
19340000	1.886328e-05
19345000	1.923528e-05
19350000	1.824060e-05
19355000	1.866899e-05
19360000	1.786636e-05
19365000	1.955501e-05
19370000	1.826275e-05
19375000	1.980310e-05
19380000	1.887075e-05
19385000	1.963102e-05
19390000	2.056469e-05
19395000	1.804776e-05
19400000	1.890754e-05
19405000	1.902122e-05
19410000	1.931432e-05
19415000	1.994387e-05
19420000	1.906927e-05
19425000	1.873355e-05
19430000	1.886429e-05
19435000	1.858793e-05
19440000	1.861958e-05
19445000	1.888825e-05
19450000	1.844519e-05
19455000	1.855851e-05
19460000	1.876866e-05
19465000	1.748698e-05
19470000	1.907584e-05
19475000	1.864608e-05
19480000	1.944770e-05
19485000	1.859577e-05
19490000	1.917759e-05
19495000	1.826483e-05
19500000	1.794085e-05
19505000	1.873076e-05
19510000	1.861517e-05
19515000	1.868431e-05
19520000	1.775870e-05
19525000	1.802884e-05
19530000	1.827263e-05
19535000	1.881790e-05
19540000	1.849825e-05
19545000	1.831355e-05
19550000	1.852546e-05
19555000	1.916683e-05
19560000	1.852244e-05
19565000	1.827751e-05
19570000	1.775793e-05
19575000	1.939164e-05
19580000	1.832168e-05
19585000	1.928899e-05
19590000	1.871169e-05
19595000	1.933122e-05
19600000	1.824639e-05
19605000	1.854106e-05
19610000	1.810837e-05
19615000	1.797993e-05
19620000	1.819978e-05
19625000	1.801635e-05
19630000	1.876881e-05
19635000	1.855017e-05
19640000	1.844370e-05
19645000	1.729627e-05
19650000	1.779121e-05
19655000	1.763746e-05
19660000	1.777838e-05
19665000	1.793675e-05
19670000	1.860267e-05
19675000	1.877454e-05
19680000	1.865017e-05
19685000	1.898502e-05
19690000	1.837037e-05
19695000	1.871911e-05
19700000	1.768696e-05
19705000	1.915025e-05
19710000	1.891496e-05
19715000	1.905352e-05
19720000	1.825648e-05
19725000	1.810070e-05
19730000	1.946272e-05
19735000	1.746994e-05
19740000	1.869601e-05
19745000	1.781671e-05
19750000	1.873405e-05
19755000	1.757651e-05
19760000	1.836382e-05
19765000	1.835878e-05
19770000	1.810556e-05
19775000	1.832504e-05
19780000	1.832478e-05
19785000	1.882504e-05
19790000	1.785058e-05
19795000	1.706850e-05
19800000	1.834540e-05
19805000	1.786763e-05
19810000	1.811313e-05
19815000	1.881234e-05
19820000	1.910605e-05
19825000	1.986068e-05
19830000	1.741303e-05
19835000	1.851529e-05
19840000	1.925728e-05
19845000	1.971348e-05
19850000	1.864297e-05
19855000	1.797662e-05
19860000	1.789659e-05
19865000	1.912027e-05
19870000	1.838366e-05
19875000	1.711920e-05
19880000	1.886307e-05
19885000	1.867419e-05
19890000	2.005853e-05
19895000	1.813270e-05
19900000	1.828137e-05
19905000	1.845253e-05
19910000	1.844501e-05
19915000	1.785972e-05
19920000	1.792713e-05
19925000	1.875878e-05
19930000	1.829730e-05
19935000	1.884561e-05
19940000	1.926918e-05
19945000	1.893461e-05
19950000	1.876762e-05
19955000	1.847784e-05
19960000	1.876748e-05
19965000	1.871524e-05
19970000	1.761001e-05
19975000	1.940164e-05
19980000	1.792659e-05
19985000	1.964687e-05
19990000	1.926344e-05
19995000	1.799821e-05
20000000	1.802023e-05
20005000	1.829857e-05
20010000	1.959309e-05
20015000	1.836933e-05
20020000	1.824140e-05
20025000	1.887892e-05
20030000	1.759364e-05
20035000	1.697949e-05
20040000	1.794226e-05
20045000	1.775017e-05
20050000	1.957790e-05
20055000	2.054799e-05
20060000	1.888003e-05
20065000	1.772693e-05
20070000	1.889682e-05
20075000	1.936986e-05
20080000	1.793902e-05
20085000	1.790799e-05
20090000	1.838299e-05
20095000	1.771741e-05
20100000	1.779495e-05
20105000	1.891465e-05
20110000	1.916222e-05
20115000	1.877755e-05
20120000	1.995665e-05
20125000	1.773503e-05
20130000	1.932300e-05
20135000	1.745954e-05
20140000	1.848841e-05
20145000	1.832350e-05
20150000	1.955958e-05
20155000	1.823556e-05
20160000	1.784969e-05
20165000	1.843701e-05
20170000	1.750272e-05
20175000	1.851022e-05
20180000	1.888793e-05
20185000	1.784749e-05
20190000	1.859483e-05
20195000	1.905066e-05
20200000	1.785036e-05
20205000	1.834963e-05
20210000	1.772069e-05
20215000	1.802856e-05
20220000	1.878196e-05
20225000	1.875155e-05
20230000	1.757546e-05
20235000	1.921886e-05
20240000	1.799725e-05
20245000	1.720332e-05
20250000	1.873553e-05
20255000	1.838172e-05
20260000	1.823718e-05
20265000	1.933403e-05
20270000	1.767094e-05
20275000	1.730538e-05
20280000	1.784484e-05
20285000	1.830489e-05
20290000	1.796037e-05
20295000	1.897925e-05
20300000	1.814147e-05
20305000	1.919325e-05
20310000	1.842366e-05
20315000	1.828716e-05
20320000	1.836762e-05
20325000	1.771206e-05
20330000	1.835340e-05
20335000	1.762248e-05
20340000	1.853444e-05
20345000	1.790005e-05
20350000	1.889980e-05
20355000	1.826985e-05
20360000	1.829879e-05
20365000	1.910398e-05
20370000	1.768312e-05
20375000	1.828759e-05
20380000	1.837198e-05
20385000	1.858132e-05
20390000	1.935549e-05
20395000	1.806989e-05
20400000	1.860781e-05
20405000	1.766413e-05
20410000	1.799309e-05
20415000	1.728176e-05
20420000	1.875372e-05
20425000	1.866445e-05
20430000	1.805449e-05
20435000	1.800473e-05
20440000	1.771832e-05
20445000	1.745515e-05
20450000	1.854249e-05
20455000	1.753301e-05
20460000	1.806495e-05
20465000	1.958807e-05
20470000	1.932815e-05
20475000	1.814459e-05
20480000	1.766311e-05
20485000	1.835884e-05
20490000	1.760144e-05
20495000	1.864320e-05
20500000	1.815890e-05
20505000	1.799681e-05
20510000	1.779629e-05
20515000	1.936537e-05
20520000	1.866249e-05
20525000	1.918917e-05
20530000	1.770480e-05
20535000	1.970682e-05
20540000	1.865124e-05
20545000	1.892645e-05
20550000	1.848403e-05
20555000	1.716174e-05
20560000	1.824926e-05
20565000	1.865148e-05
20570000	1.942784e-05
20575000	1.862312e-05
20580000	1.859822e-05
20585000	1.805895e-05
20590000	1.797638e-05
20595000	1.877125e-05
20600000	1.868575e-05
20605000	1.770331e-05
20610000	1.839264e-05
20615000	1.725543e-05
20620000	1.809271e-05
20625000	1.781104e-05
20630000	1.820637e-05
20635000	1.848463e-05
20640000	1.943685e-05
20645000	1.828004e-05
20650000	1.878871e-05
20655000	1.739093e-05
20660000	1.900651e-05
20665000	1.922326e-05
20670000	1.689481e-05
20675000	1.808255e-05
20680000	1.815044e-05
20685000	1.855771e-05
20690000	1.757472e-05
20695000	1.727912e-05
20700000	1.862913e-05
20705000	1.802946e-05
20710000	1.830006e-05
20715000	1.880909e-05
20720000	1.839413e-05
20725000	1.732388e-05
20730000	1.868797e-05
20735000	1.812755e-05
20740000	1.855402e-05
20745000	1.906897e-05
20750000	1.891619e-05
20755000	1.769402e-05
20760000	1.831462e-05
20765000	1.794118e-05
20770000	1.751292e-05
20775000	1.837023e-05
20780000	1.779650e-05
20785000	1.862288e-05
20790000	1.862539e-05
20795000	1.750853e-05
20800000	1.778990e-05
20805000	1.835136e-05
20810000	1.825464e-05
20815000	1.854920e-05
20820000	1.809057e-05
20825000	1.833561e-05
20830000	1.756180e-05
20835000	1.842885e-05
20840000	1.758912e-05
20845000	1.888934e-05
20850000	1.847371e-05
20855000	1.810427e-05
20860000	1.714173e-05
20865000	1.860471e-05
20870000	1.728306e-05
20875000	1.900634e-05
20880000	1.843960e-05
20885000	1.785058e-05
20890000	1.752338e-05
20895000	1.686627e-05
20900000	1.927646e-05
20905000	1.790659e-05
20910000	1.815429e-05
20915000	1.830601e-05
20920000	1.868541e-05
20925000	1.788178e-05
20930000	1.699206e-05
20935000	1.790685e-05
20940000	1.770514e-05
20945000	1.901597e-05
20950000	1.840694e-05
20955000	1.825448e-05
20960000	1.787308e-05
20965000	1.904178e-05
20970000	1.855752e-05
20975000	1.937263e-05
20980000	1.760945e-05
20985000	1.729241e-05
20990000	1.800766e-05
20995000	1.849138e-05
21000000	1.837368e-05
21005000	1.735437e-05
21010000	1.855159e-05
21015000	1.832048e-05
21020000	1.754083e-05
21025000	1.830319e-05
21030000	1.731887e-05
21035000	1.816251e-05
21040000	1.877104e-05
21045000	1.710377e-05
21050000	1.746072e-05
21055000	1.806226e-05
21060000	1.805496e-05
21065000	1.774926e-05
21070000	1.835602e-05
21075000	1.786059e-05
21080000	1.785010e-05
21085000	1.787176e-05
21090000	1.786027e-05
21095000	1.892373e-05
21100000	1.885022e-05
21105000	1.727733e-05
21110000	1.751829e-05
21115000	1.853067e-05
21120000	1.779323e-05
21125000	1.847118e-05
21130000	1.839295e-05
21135000	1.731968e-05
21140000	1.685459e-05
21145000	1.877427e-05
21150000	1.797687e-05
21155000	1.779666e-05
21160000	1.723532e-05
21165000	1.846758e-05
21170000	1.735644e-05
21175000	1.715342e-05
21180000	1.898664e-05
21185000	1.758634e-05
21190000	1.873258e-05
21195000	1.835038e-05
21200000	1.805616e-05
21205000	1.792542e-05
21210000	1.776700e-05
21215000	1.832067e-05
21220000	1.819406e-05
21225000	1.857010e-05
21230000	1.739798e-05
21235000	1.821073e-05
21240000	1.690365e-05
21245000	1.799846e-05
21250000	1.852303e-05
21255000	1.762255e-05
21260000	1.943042e-05
21265000	1.857411e-05
21270000	1.836369e-05
21275000	1.842344e-05
21280000	1.798576e-05
21285000	1.807267e-05
21290000	1.841448e-05
21295000	1.819725e-05
21300000	1.736858e-05
21305000	1.829718e-05
21310000	1.916184e-05
21315000	1.859908e-05
21320000	1.701769e-05
21325000	1.762012e-05
21330000	1.773722e-05
21335000	1.716738e-05
21340000	1.756509e-05
21345000	1.904091e-05
21350000	1.840747e-05
21355000	1.885935e-05
21360000	1.861322e-05
21365000	1.833012e-05
21370000	1.853139e-05
21375000	1.846778e-05
21380000	1.890504e-05
21385000	1.781538e-05
21390000	1.664605e-05
21395000	1.672359e-05
21400000	1.879609e-05
21405000	1.730487e-05
21410000	1.851564e-05
21415000	1.795635e-05
21420000	1.828960e-05
21425000	1.665692e-05
21430000	1.701646e-05
21435000	1.736880e-05
21440000	1.759059e-05
21445000	1.883670e-05
21450000	1.664913e-05
21455000	1.702118e-05
21460000	1.812460e-05
21465000	1.817522e-05
21470000	1.725917e-05
21475000	1.713506e-05
21480000	1.838135e-05
21485000	1.805716e-05
21490000	1.753693e-05
21495000	1.770546e-05
21500000	1.754860e-05
21505000	1.752617e-05
21510000	1.902010e-05
21515000	1.770372e-05
21520000	1.782174e-05
21525000	1.817443e-05
21530000	1.826248e-05
21535000	1.816336e-05
21540000	1.706198e-05
21545000	1.680282e-05
21550000	1.685627e-05
21555000	1.718689e-05
21560000	1.702569e-05
21565000	1.686064e-05
21570000	1.789761e-05
21575000	1.838190e-05
21580000	1.745689e-05
21585000	1.877950e-05
21590000	1.826686e-05
21595000	1.763944e-05
21600000	1.814613e-05
21605000	1.653047e-05
21610000	1.629616e-05
21615000	1.775006e-05
21620000	1.719566e-05
21625000	1.716806e-05
21630000	1.685724e-05
21635000	1.852049e-05
21640000	1.737558e-05
21645000	1.900909e-05
21650000	1.755210e-05
21655000	1.759245e-05
21660000	1.797874e-05
21665000	1.809647e-05
21670000	1.824975e-05
21675000	1.706829e-05
21680000	1.729992e-05
21685000	1.781240e-05
21690000	1.750464e-05
21695000	1.730972e-05
21700000	1.672230e-05
21705000	1.777186e-05
21710000	1.780817e-05
21715000	1.779301e-05
21720000	1.866336e-05
21725000	1.793608e-05
21730000	1.761698e-05
21735000	1.794521e-05
21740000	1.771342e-05
21745000	1.731497e-05
21750000	1.751444e-05
21755000	1.804420e-05
21760000	1.802712e-05
21765000	1.777000e-05
21770000	1.864936e-05
21775000	1.766246e-05
21780000	1.829840e-05
21785000	1.683586e-05
21790000	1.683606e-05
21795000	1.696262e-05
21800000	1.677729e-05
21805000	1.753553e-05
21810000	1.770325e-05
21815000	1.629906e-05
21820000	1.756203e-05
21825000	1.855440e-05
21830000	1.735445e-05
21835000	1.862719e-05
21840000	1.676284e-05
21845000	1.702108e-05
21850000	1.791024e-05
21855000	1.645635e-05
21860000	1.731230e-05
21865000	1.777769e-05
21870000	1.875912e-05
21875000	1.833776e-05
21880000	1.739207e-05
21885000	1.868884e-05
21890000	1.687309e-05
21895000	1.695915e-05
21900000	1.757435e-05
21905000	1.713767e-05
21910000	1.745976e-05
21915000	1.780774e-05
21920000	1.720721e-05
21925000	1.795426e-05
21930000	1.862577e-05
21935000	1.813863e-05
21940000	1.769583e-05
21945000	1.872376e-05
21950000	1.620308e-05
21955000	1.747147e-05
21960000	1.801453e-05
21965000	1.713742e-05
21970000	1.691366e-05
21975000	1.722200e-05
21980000	1.786973e-05
21985000	1.749986e-05
21990000	1.784546e-05
21995000	1.753118e-05
22000000	1.746209e-05
22005000	1.793246e-05
22010000	1.855424e-05
22015000	1.792458e-05
22020000	1.624418e-05
22025000	1.690701e-05
22030000	1.781090e-05
22035000	1.766707e-05
22040000	1.653412e-05
22045000	1.753631e-05
22050000	1.722943e-05
22055000	1.796429e-05
22060000	1.794473e-05
22065000	1.818158e-05
22070000	1.843097e-05
22075000	1.661130e-05
22080000	1.683577e-05
22085000	1.751483e-05
22090000	1.694077e-05
22095000	1.761819e-05
22100000	1.560496e-05
22105000	1.719427e-05
22110000	1.720833e-05
22115000	1.692934e-05
22120000	1.667591e-05
22125000	1.727298e-05
22130000	1.637816e-05
22135000	1.721687e-05
22140000	1.760297e-05
22145000	1.717903e-05
22150000	1.728798e-05
22155000	1.861034e-05
22160000	1.828935e-05
22165000	1.668348e-05
22170000	1.655477e-05
22175000	1.671337e-05
22180000	1.681640e-05
22185000	1.752242e-05
22190000	1.684763e-05
22195000	1.708650e-05
22200000	1.717376e-05
22205000	1.757999e-05
22210000	1.706196e-05
22215000	1.698836e-05
22220000	1.748791e-05
22225000	1.692573e-05
22230000	1.625511e-05
22235000	1.748607e-05
22240000	1.712268e-05
22245000	1.694401e-05
22250000	1.700561e-05
22255000	1.764157e-05
22260000	1.744914e-05
22265000	1.658667e-05
22270000	1.670988e-05
22275000	1.778422e-05
22280000	1.732197e-05
22285000	1.720774e-05
22290000	1.810073e-05
22295000	1.806657e-05
22300000	1.721103e-05
22305000	1.748495e-05
22310000	1.739020e-05
22315000	1.737268e-05
22320000	1.697858e-05
22325000	1.690026e-05
22330000	1.761396e-05
22335000	1.713325e-05
22340000	1.834949e-05
22345000	1.811736e-05
22350000	1.704691e-05
22355000	1.712417e-05
22360000	1.743571e-05
22365000	1.702020e-05
22370000	1.762147e-05
22375000	1.737554e-05
22380000	1.795644e-05
22385000	1.816872e-05
22390000	1.742149e-05
22395000	1.799045e-05
22400000	1.753127e-05
22405000	1.687545e-05
22410000	1.698737e-05
22415000	1.618841e-05
22420000	1.699070e-05
22425000	1.795796e-05
22430000	1.733530e-05
22435000	1.550696e-05
22440000	1.694543e-05
22445000	1.794702e-05
22450000	1.685483e-05
22455000	1.778918e-05
22460000	1.722450e-05
22465000	1.813141e-05
22470000	1.669316e-05
22475000	1.627167e-05
22480000	1.777330e-05
22485000	1.664439e-05
22490000	1.728179e-05
22495000	1.780050e-05
22500000	1.717510e-05
22505000	1.748788e-05
22510000	1.734432e-05
22515000	1.730052e-05
22520000	1.692990e-05
22525000	1.835029e-05
22530000	1.906876e-05
22535000	1.817204e-05
22540000	1.661879e-05
22545000	1.684314e-05
22550000	1.735648e-05
22555000	1.754198e-05
22560000	1.602129e-05
22565000	1.637510e-05
22570000	1.778822e-05
22575000	1.666051e-05
22580000	1.628858e-05
22585000	1.725488e-05
22590000	1.828205e-05
22595000	1.721025e-05
22600000	1.679393e-05
22605000	1.597552e-05
22610000	1.650688e-05
22615000	1.676942e-05
22620000	1.785092e-05
22625000	1.629792e-05
22630000	1.675425e-05
22635000	1.749601e-05
22640000	1.578846e-05
22645000	1.717958e-05
22650000	1.696150e-05
22655000	1.701977e-05
22660000	1.642711e-05
22665000	1.705797e-05
22670000	1.628853e-05
22675000	1.771919e-05
22680000	1.644959e-05
22685000	1.642913e-05
22690000	1.687145e-05
22695000	1.733026e-05
22700000	1.695298e-05
22705000	1.639737e-05
22710000	1.541486e-05
22715000	1.629281e-05
22720000	1.644607e-05
22725000	1.663800e-05
22730000	1.780538e-05
22735000	1.801725e-05
22740000	1.544021e-05
22745000	1.642745e-05
22750000	1.600564e-05
22755000	1.733989e-05
22760000	1.616669e-05
22765000	1.581267e-05
22770000	1.675468e-05
22775000	1.613493e-05
22780000	1.666887e-05
22785000	1.874617e-05
22790000	1.681142e-05
22795000	1.712898e-05
22800000	1.683336e-05
22805000	1.642299e-05
22810000	1.704514e-05
22815000	1.631427e-05
22820000	1.674882e-05
22825000	1.639978e-05
22830000	1.791350e-05
22835000	1.693560e-05
22840000	1.683813e-05
22845000	1.607618e-05
22850000	1.715931e-05
22855000	1.678750e-05
22860000	1.681713e-05
22865000	1.720604e-05
22870000	1.620534e-05
22875000	1.589671e-05
22880000	1.560084e-05
22885000	1.610168e-05
22890000	1.699302e-05
22895000	1.689730e-05
22900000	1.560733e-05
22905000	1.535153e-05
22910000	1.622028e-05
22915000	1.594210e-05
22920000	1.661925e-05
22925000	1.659026e-05
22930000	1.652898e-05
22935000	1.736629e-05
22940000	1.673091e-05
22945000	1.637364e-05
22950000	1.678891e-05
22955000	1.663186e-05
22960000	1.602777e-05
22965000	1.523158e-05
22970000	1.747026e-05
22975000	1.615573e-05
22980000	1.638773e-05
22985000	1.571284e-05
22990000	1.617001e-05
22995000	1.660639e-05
23000000	1.832740e-05
23005000	1.631805e-05
23010000	1.762062e-05
23015000	1.750914e-05
23020000	1.632008e-05
23025000	1.742044e-05
23030000	1.728153e-05
23035000	1.707168e-05
23040000	1.637099e-05
23045000	1.638819e-05
23050000	1.791840e-05
23055000	1.702387e-05
23060000	1.603923e-05
23065000	1.595739e-05
23070000	1.651260e-05
23075000	1.677201e-05
23080000	1.693238e-05
23085000	1.638851e-05
23090000	1.690795e-05
23095000	1.595305e-05
23100000	1.656463e-05
23105000	1.676871e-05
23110000	1.673831e-05
23115000	1.626248e-05
23120000	1.693986e-05
23125000	1.566131e-05
23130000	1.606020e-05
23135000	1.668010e-05
23140000	1.626837e-05
23145000	1.625152e-05
23150000	1.591493e-05
23155000	1.701765e-05
23160000	1.659965e-05
23165000	1.546939e-05
23170000	1.682687e-05
23175000	1.632883e-05
23180000	1.624078e-05
23185000	1.588689e-05
23190000	1.657848e-05
23195000	1.604978e-05
23200000	1.629089e-05
23205000	1.659708e-05
23210000	1.683413e-05
23215000	1.537272e-05
23220000	1.608385e-05
23225000	1.524634e-05
23230000	1.623986e-05
23235000	1.811111e-05
23240000	1.656655e-05
23245000	1.609577e-05
23250000	1.680946e-05
23255000	1.638160e-05
23260000	1.599105e-05
23265000	1.708907e-05
23270000	1.664593e-05
23275000	1.663872e-05
23280000	1.643347e-05
23285000	1.599704e-05
23290000	1.681577e-05
23295000	1.567507e-05
23300000	1.622162e-05
23305000	1.717070e-05
23310000	1.643473e-05
23315000	1.674019e-05
23320000	1.615659e-05
23325000	1.658176e-05
23330000	1.572243e-05
23335000	1.634659e-05
23340000	1.561744e-05
23345000	1.577244e-05
23350000	1.499674e-05
23355000	1.616737e-05
23360000	1.710602e-05
23365000	1.700798e-05
23370000	1.761482e-05
23375000	1.694976e-05
23380000	1.527938e-05
23385000	1.506073e-05
23390000	1.504722e-05
23395000	1.624514e-05
23400000	1.767930e-05
23405000	1.652830e-05
23410000	1.637454e-05
23415000	1.596097e-05
23420000	1.636598e-05
23425000	1.650746e-05
23430000	1.663697e-05
23435000	1.520272e-05
23440000	1.648184e-05
23445000	1.724006e-05
23450000	1.625055e-05
23455000	1.659963e-05
23460000	1.643853e-05
23465000	1.604692e-05
23470000	1.621970e-05
23475000	1.575287e-05
23480000	1.715857e-05
23485000	1.640199e-05
23490000	1.662592e-05
23495000	1.607182e-05
23500000	1.712862e-05
23505000	1.553874e-05
23510000	1.688568e-05
23515000	1.448912e-05
23520000	1.573767e-05
23525000	1.627335e-05
23530000	1.661337e-05
23535000	1.671822e-05
23540000	1.635227e-05
23545000	1.653934e-05
23550000	1.587463e-05
23555000	1.641007e-05
23560000	1.590477e-05
23565000	1.633747e-05
23570000	1.662925e-05
23575000	1.530842e-05
23580000	1.597112e-05
23585000	1.640551e-05
23590000	1.611901e-05
23595000	1.471748e-05
23600000	1.621296e-05
23605000	1.709963e-05
23610000	1.683592e-05
23615000	1.696482e-05
23620000	1.675820e-05
23625000	1.593911e-05
23630000	1.721301e-05
23635000	1.518800e-05
23640000	1.687985e-05
23645000	1.598311e-05
23650000	1.592949e-05
23655000	1.655425e-05
23660000	1.596498e-05
23665000	1.745184e-05
23670000	1.737509e-05
23675000	1.581624e-05
23680000	1.686913e-05
23685000	1.703574e-05
23690000	1.685166e-05
23695000	1.620108e-05
23700000	1.655249e-05
23705000	1.596464e-05
23710000	1.572397e-05
23715000	1.627051e-05
23720000	1.521747e-05
23725000	1.656536e-05
23730000	1.563713e-05
23735000	1.596734e-05
23740000	1.607320e-05
23745000	1.719288e-05
23750000	1.581166e-05
23755000	1.575693e-05
23760000	1.534784e-05
23765000	1.545671e-05
23770000	1.628955e-05
23775000	1.641358e-05
23780000	1.671873e-05
23785000	1.663744e-05
23790000	1.627623e-05
23795000	1.661725e-05
23800000	1.588829e-05
23805000	1.626075e-05
23810000	1.722107e-05
23815000	1.580709e-05
23820000	1.649953e-05
23825000	1.540575e-05
23830000	1.657124e-05
23835000	1.537296e-05
23840000	1.584527e-05
23845000	1.619741e-05
23850000	1.611218e-05
23855000	1.558080e-05
23860000	1.647880e-05
23865000	1.592714e-05
23870000	1.821468e-05
23875000	1.634365e-05
23880000	1.558771e-05
23885000	1.533707e-05
23890000	1.735203e-05
23895000	1.638389e-05
23900000	1.483223e-05
23905000	1.628353e-05
23910000	1.716578e-05
23915000	1.584155e-05
23920000	1.657576e-05
23925000	1.576844e-05
23930000	1.638666e-05
23935000	1.552168e-05
23940000	1.541919e-05
23945000	1.611064e-05
23950000	1.574505e-05
23955000	1.567391e-05
23960000	1.716736e-05
23965000	1.612493e-05
23970000	1.749260e-05
23975000	1.709073e-05
23980000	1.551188e-05
23985000	1.651681e-05
23990000	1.617940e-05
23995000	1.726282e-05
24000000	1.569948e-05
24005000	1.658260e-05
24010000	1.658952e-05
24015000	1.544921e-05
24020000	1.675183e-05
24025000	1.532416e-05
24030000	1.592348e-05
24035000	1.622134e-05
24040000	1.613615e-05
24045000	1.563628e-05
24050000	1.542858e-05
24055000	1.647005e-05
24060000	1.648648e-05
24065000	1.642120e-05
24070000	1.701324e-05
24075000	1.569059e-05
24080000	1.620443e-05
24085000	1.609043e-05
24090000	1.659502e-05
24095000	1.545146e-05
24100000	1.534985e-05
24105000	1.574206e-05
24110000	1.550578e-05
24115000	1.550547e-05
24120000	1.448700e-05
24125000	1.666418e-05
24130000	1.592858e-05
24135000	1.583390e-05
24140000	1.580276e-05
24145000	1.605513e-05
24150000	1.632646e-05
24155000	1.546772e-05
24160000	1.580216e-05
24165000	1.645280e-05
24170000	1.713701e-05
24175000	1.688485e-05
24180000	1.557840e-05
24185000	1.520958e-05
24190000	1.590261e-05
24195000	1.504140e-05
24200000	1.470440e-05
24205000	1.425620e-05
24210000	1.597998e-05
24215000	1.661639e-05
24220000	1.548476e-05
24225000	1.448268e-05
24230000	1.591857e-05
24235000	1.593291e-05
24240000	1.562453e-05
24245000	1.538885e-05
24250000	1.577668e-05
24255000	1.629195e-05
24260000	1.486806e-05
24265000	1.623837e-05
24270000	1.602150e-05
24275000	1.547319e-05
24280000	1.541979e-05
24285000	1.464907e-05
24290000	1.659670e-05
24295000	1.631326e-05
24300000	1.560814e-05
24305000	1.500741e-05
24310000	1.729720e-05
24315000	1.561036e-05
24320000	1.609754e-05
24325000	1.657668e-05
24330000	1.523218e-05
24335000	1.602166e-05
24340000	1.586811e-05
24345000	1.621569e-05
24350000	1.652192e-05
24355000	1.522352e-05
24360000	1.556574e-05
24365000	1.611747e-05
24370000	1.585825e-05
24375000	1.454232e-05
24380000	1.615363e-05
24385000	1.682044e-05
24390000	1.493199e-05
24395000	1.619926e-05
24400000	1.454588e-05
24405000	1.514578e-05
24410000	1.571593e-05
24415000	1.646054e-05
24420000	1.628637e-05
24425000	1.650973e-05
24430000	1.489140e-05
24435000	1.633311e-05
24440000	1.602371e-05
24445000	1.634418e-05
24450000	1.608976e-05
24455000	1.577730e-05
24460000	1.560490e-05
24465000	1.520053e-05
24470000	1.523756e-05
24475000	1.557167e-05
24480000	1.601890e-05
24485000	1.535473e-05
24490000	1.579383e-05
24495000	1.605168e-05
24500000	1.617710e-05
24505000	1.497113e-05
24510000	1.508247e-05
24515000	1.593955e-05
24520000	1.575898e-05
24525000	1.612622e-05
24530000	1.520716e-05
24535000	1.537921e-05
24540000	1.578118e-05
24545000	1.625273e-05
24550000	1.583133e-05
24555000	1.490914e-05
24560000	1.559003e-05
24565000	1.517424e-05
24570000	1.602813e-05
24575000	1.579228e-05
24580000	1.576581e-05
24585000	1.615028e-05
24590000	1.559732e-05
24595000	1.570478e-05
24600000	1.515059e-05
24605000	1.564328e-05
24610000	1.628322e-05
24615000	1.628188e-05
24620000	1.563509e-05
24625000	1.444235e-05
24630000	1.628394e-05
24635000	1.554705e-05
24640000	1.574146e-05
24645000	1.599593e-05
24650000	1.496578e-05
24655000	1.621714e-05
24660000	1.642519e-05
24665000	1.480833e-05
24670000	1.487247e-05
24675000	1.649455e-05
24680000	1.643807e-05
24685000	1.568221e-05
24690000	1.472140e-05
24695000	1.586808e-05
24700000	1.661603e-05
24705000	1.500758e-05
24710000	1.623307e-05
24715000	1.623644e-05
24720000	1.570849e-05
24725000	1.690112e-05
24730000	1.533494e-05
24735000	1.643691e-05
24740000	1.605336e-05
24745000	1.658093e-05
24750000	1.515411e-05
24755000	1.483643e-05
24760000	1.561011e-05
24765000	1.561486e-05
24770000	1.504802e-05
24775000	1.552734e-05
24780000	1.432797e-05
24785000	1.625332e-05
24790000	1.639398e-05
24795000	1.539699e-05
24800000	1.603710e-05
24805000	1.531224e-05
24810000	1.684009e-05
24815000	1.551106e-05
24820000	1.522946e-05
24825000	1.582274e-05
24830000	1.547897e-05
24835000	1.486266e-05
24840000	1.483228e-05
24845000	1.540546e-05
24850000	1.623639e-05
24855000	1.558373e-05
24860000	1.523945e-05
24865000	1.513992e-05
24870000	1.592736e-05
24875000	1.439131e-05
24880000	1.553548e-05
24885000	1.567160e-05
24890000	1.516340e-05
24895000	1.559657e-05
24900000	1.521380e-05
24905000	1.681235e-05
24910000	1.455810e-05
24915000	1.585291e-05
24920000	1.540522e-05
24925000	1.581237e-05
24930000	1.608824e-05
24935000	1.562917e-05
24940000	1.602711e-05
24945000	1.614533e-05
24950000	1.543215e-05
24955000	1.540185e-05
24960000	1.665759e-05
24965000	1.515777e-05
24970000	1.636853e-05
24975000	1.547958e-05
24980000	1.599275e-05
24985000	1.496624e-05
24990000	1.461925e-05
24995000	1.444854e-05
25000000	1.533369e-05
25005000	1.566839e-05
25010000	1.591540e-05
25015000	1.447995e-05
25020000	1.559414e-05
25025000	1.556747e-05
25030000	1.560117e-05
25035000	1.587471e-05
25040000	1.409189e-05
25045000	1.495686e-05
25050000	1.451112e-05
25055000	1.579740e-05
25060000	1.615258e-05
25065000	1.604142e-05
25070000	1.580842e-05
25075000	1.456593e-05
25080000	1.470822e-05
25085000	1.510896e-05
25090000	1.469182e-05
25095000	1.648909e-05
25100000	1.508080e-05
25105000	1.456077e-05
25110000	1.443140e-05
25115000	1.546841e-05
25120000	1.567184e-05
25125000	1.615696e-05
25130000	1.596482e-05
25135000	1.532609e-05
25140000	1.520046e-05
25145000	1.550337e-05
25150000	1.587122e-05
25155000	1.412130e-05
25160000	1.498699e-05
25165000	1.563889e-05
25170000	1.549518e-05
25175000	1.560128e-05
25180000	1.651628e-05
25185000	1.395974e-05
25190000	1.461905e-05
25195000	1.550688e-05
25200000	1.611014e-05
25205000	1.539026e-05
25210000	1.518916e-05
25215000	1.405893e-05
25220000	1.662735e-05
25225000	1.577545e-05
25230000	1.607231e-05
25235000	1.398573e-05
25240000	1.437613e-05
25245000	1.379725e-05
25250000	1.505909e-05
25255000	1.595309e-05
25260000	1.519801e-05
25265000	1.449456e-05
25270000	1.519270e-05
25275000	1.546741e-05
25280000	1.460529e-05
25285000	1.631921e-05
25290000	1.571295e-05
25295000	1.503429e-05
25300000	1.469966e-05
25305000	1.553229e-05
25310000	1.513130e-05
25315000	1.496487e-05
25320000	1.530141e-05
25325000	1.396086e-05
25330000	1.498402e-05
25335000	1.495994e-05
25340000	1.574408e-05
25345000	1.518374e-05
25350000	1.466472e-05
25355000	1.464127e-05
25360000	1.574928e-05
25365000	1.532190e-05
25370000	1.577630e-05
25375000	1.550592e-05
25380000	1.592757e-05
25385000	1.582931e-05
25390000	1.513283e-05
25395000	1.550602e-05
25400000	1.672333e-05
25405000	1.493889e-05
25410000	1.443046e-05
25415000	1.553933e-05
25420000	1.535573e-05
25425000	1.539421e-05
25430000	1.553581e-05
25435000	1.520766e-05
25440000	1.617770e-05
25445000	1.476980e-05
25450000	1.497773e-05
25455000	1.474081e-05
25460000	1.527120e-05
25465000	1.543031e-05
25470000	1.393512e-05
25475000	1.459275e-05
25480000	1.623771e-05
25485000	1.572181e-05
25490000	1.520208e-05
25495000	1.565859e-05
25500000	1.561029e-05
25505000	1.526419e-05
25510000	1.596669e-05
25515000	1.612219e-05
25520000	1.474865e-05
25525000	1.493996e-05
25530000	1.578393e-05
25535000	1.512278e-05
25540000	1.525639e-05
25545000	1.416300e-05
25550000	1.516573e-05
25555000	1.559798e-05
25560000	1.580463e-05
25565000	1.595522e-05
25570000	1.461438e-05
25575000	1.520989e-05
25580000	1.553682e-05
25585000	1.621970e-05
25590000	1.592131e-05
25595000	1.531923e-05
25600000	1.451929e-05
25605000	1.571784e-05
25610000	1.638149e-05
25615000	1.591495e-05
25620000	1.595675e-05
25625000	1.477994e-05
25630000	1.521339e-05
25635000	1.600509e-05
25640000	1.555704e-05
25645000	1.471059e-05
25650000	1.391012e-05
25655000	1.531241e-05
25660000	1.488051e-05
25665000	1.667947e-05
25670000	1.457781e-05
25675000	1.491675e-05
25680000	1.542371e-05
25685000	1.545769e-05
25690000	1.521061e-05
25695000	1.521520e-05
25700000	1.528575e-05
25705000	1.538390e-05
25710000	1.397169e-05
25715000	1.527881e-05
25720000	1.576964e-05
25725000	1.417831e-05
25730000	1.627354e-05
25735000	1.657764e-05
25740000	1.556824e-05
25745000	1.386802e-05
25750000	1.648627e-05
25755000	1.546689e-05
25760000	1.492079e-05
25765000	1.502230e-05
25770000	1.607169e-05
25775000	1.585101e-05
25780000	1.536220e-05
25785000	1.500202e-05
25790000	1.585942e-05
25795000	1.436612e-05
25800000	1.468906e-05
25805000	1.470509e-05
25810000	1.515489e-05
25815000	1.537697e-05
25820000	1.545801e-05
25825000	1.487626e-05
25830000	1.541367e-05
25835000	1.646394e-05
25840000	1.553085e-05
25845000	1.441964e-05
25850000	1.627548e-05
25855000	1.479708e-05
25860000	1.540492e-05
25865000	1.551128e-05
25870000	1.521677e-05
25875000	1.525736e-05
25880000	1.509682e-05
25885000	1.433753e-05
25890000	1.395977e-05
25895000	1.581043e-05
25900000	1.454036e-05
25905000	1.520428e-05
25910000	1.526703e-05
25915000	1.616608e-05
25920000	1.493091e-05
25925000	1.510170e-05
25930000	1.530868e-05
25935000	1.550810e-05
25940000	1.514919e-05
25945000	1.583152e-05
25950000	1.634559e-05
25955000	1.513357e-05
25960000	1.533988e-05
25965000	1.559236e-05
25970000	1.521162e-05
25975000	1.539119e-05
25980000	1.483705e-05
25985000	1.570533e-05
25990000	1.588978e-05
25995000	1.569922e-05
26000000	1.546261e-05
26005000	1.644321e-05
26010000	1.569347e-05
26015000	1.540628e-05
26020000	1.612681e-05
26025000	1.390674e-05
26030000	1.561855e-05
26035000	1.592853e-05
26040000	1.565353e-05
26045000	1.444910e-05
26050000	1.608340e-05
26055000	1.530742e-05
26060000	1.565454e-05
26065000	1.618592e-05
26070000	1.422383e-05
26075000	1.572921e-05
26080000	1.480921e-05
26085000	1.513651e-05
26090000	1.540454e-05
26095000	1.468221e-05
26100000	1.570455e-05
26105000	1.449995e-05
26110000	1.507610e-05
26115000	1.500470e-05
26120000	1.525696e-05
26125000	1.574545e-05
26130000	1.497408e-05
26135000	1.559210e-05
26140000	1.560763e-05
26145000	1.530362e-05
26150000	1.476646e-05
26155000	1.502751e-05
26160000	1.405202e-05
26165000	1.542127e-05
26170000	1.411769e-05
26175000	1.483234e-05
26180000	1.527203e-05
26185000	1.493459e-05
26190000	1.560738e-05
26195000	1.561641e-05
26200000	1.482649e-05
26205000	1.590094e-05
26210000	1.484363e-05
26215000	1.441816e-05
26220000	1.540670e-05
26225000	1.484194e-05
26230000	1.540053e-05
26235000	1.543320e-05
26240000	1.517884e-05
26245000	1.539403e-05
26250000	1.516345e-05
26255000	1.490816e-05
26260000	1.495681e-05
26265000	1.565866e-05
26270000	1.593358e-05
26275000	1.455827e-05
26280000	1.435263e-05
26285000	1.629827e-05
26290000	1.441592e-05
26295000	1.590600e-05
26300000	1.479532e-05
26305000	1.450694e-05
26310000	1.412708e-05
26315000	1.632120e-05
26320000	1.555497e-05
26325000	1.525706e-05
26330000	1.514923e-05
26335000	1.606030e-05
26340000	1.559608e-05
26345000	1.521235e-05
26350000	1.393858e-05
26355000	1.553817e-05
26360000	1.558274e-05
26365000	1.460137e-05
26370000	1.598163e-05
26375000	1.549840e-05
26380000	1.520777e-05
26385000	1.482406e-05
26390000	1.568032e-05
26395000	1.516452e-05
26400000	1.513252e-05
26405000	1.430767e-05
26410000	1.501112e-05
26415000	1.415614e-05
26420000	1.528444e-05
26425000	1.440856e-05
26430000	1.357700e-05
26435000	1.525771e-05
26440000	1.453113e-05
26445000	1.424450e-05
26450000	1.510431e-05
26455000	1.540032e-05
26460000	1.429805e-05
26465000	1.514544e-05
26470000	1.466232e-05
26475000	1.548904e-05
26480000	1.528249e-05
26485000	1.515916e-05
26490000	1.588259e-05
26495000	1.552631e-05
26500000	1.576636e-05
26505000	1.559434e-05
26510000	1.482501e-05
26515000	1.465500e-05
26520000	1.369958e-05
26525000	1.431934e-05
26530000	1.508599e-05
26535000	1.544636e-05
26540000	1.563281e-05
26545000	1.532548e-05
26550000	1.548933e-05
26555000	1.456756e-05
26560000	1.554589e-05
26565000	1.481257e-05
26570000	1.539172e-05
26575000	1.570149e-05
26580000	1.537539e-05
26585000	1.388893e-05
26590000	1.494394e-05
26595000	1.632301e-05
26600000	1.520002e-05
26605000	1.523768e-05
26610000	1.479634e-05
26615000	1.418813e-05
26620000	1.517519e-05
26625000	1.500872e-05
26630000	1.454138e-05
26635000	1.463583e-05
26640000	1.502822e-05
26645000	1.498920e-05
26650000	1.546009e-05
26655000	1.550498e-05
26660000	1.523069e-05
26665000	1.472803e-05
26670000	1.439893e-05
26675000	1.460002e-05
26680000	1.429451e-05
26685000	1.504379e-05
26690000	1.503693e-05
26695000	1.476754e-05
26700000	1.373591e-05
26705000	1.564527e-05
26710000	1.414449e-05
26715000	1.440353e-05
26720000	1.434021e-05
26725000	1.362407e-05
26730000	1.466236e-05
26735000	1.470018e-05
26740000	1.465366e-05
26745000	1.443911e-05
26750000	1.448277e-05
26755000	1.420198e-05
26760000	1.469220e-05
26765000	1.427347e-05
26770000	1.539636e-05
26775000	1.534493e-05
26780000	1.377764e-05
26785000	1.423841e-05
26790000	1.425640e-05
26795000	1.520774e-05
26800000	1.411718e-05
26805000	1.419986e-05
26810000	1.440898e-05
26815000	1.437434e-05
26820000	1.593364e-05
26825000	1.414306e-05
26830000	1.470416e-05
26835000	1.499664e-05
26840000	1.474950e-05
26845000	1.481689e-05
26850000	1.404635e-05
26855000	1.450152e-05
26860000	1.471694e-05
26865000	1.330403e-05
26870000	1.480986e-05
26875000	1.437711e-05
26880000	1.537603e-05
26885000	1.479467e-05
26890000	1.458534e-05
26895000	1.477933e-05
26900000	1.409025e-05
26905000	1.467273e-05
26910000	1.432390e-05
26915000	1.481113e-05
26920000	1.433454e-05
26925000	1.510868e-05
26930000	1.419528e-05
26935000	1.419193e-05
26940000	1.431310e-05
26945000	1.540345e-05
26950000	1.454868e-05
26955000	1.596176e-05
26960000	1.483484e-05
26965000	1.573880e-05
26970000	1.533632e-05
26975000	1.435854e-05
26980000	1.457346e-05
26985000	1.376290e-05
26990000	1.459486e-05
26995000	1.545284e-05
27000000	1.427455e-05
27005000	1.509332e-05
27010000	1.435009e-05
27015000	1.556101e-05
27020000	1.489720e-05
27025000	1.503166e-05
27030000	1.538958e-05
27035000	1.443390e-05
27040000	1.487509e-05
27045000	1.422628e-05
27050000	1.585415e-05
27055000	1.383120e-05
27060000	1.503729e-05
27065000	1.562146e-05
27070000	1.563663e-05
27075000	1.510481e-05
27080000	1.475264e-05
27085000	1.479864e-05
27090000	1.416641e-05
27095000	1.450266e-05
27100000	1.398759e-05
27105000	1.434944e-05
27110000	1.421542e-05
27115000	1.398292e-05
27120000	1.383201e-05
27125000	1.447337e-05
27130000	1.494749e-05
27135000	1.455359e-05
27140000	1.421082e-05
27145000	1.435850e-05
27150000	1.514520e-05
27155000	1.547891e-05
27160000	1.358948e-05
27165000	1.435324e-05
27170000	1.382485e-05
27175000	1.421841e-05
27180000	1.512331e-05
27185000	1.462393e-05
27190000	1.593487e-05
27195000	1.447027e-05
27200000	1.407694e-05
27205000	1.425829e-05
27210000	1.405400e-05
27215000	1.441689e-05
27220000	1.522911e-05
27225000	1.430176e-05
27230000	1.343590e-05
27235000	1.329120e-05
27240000	1.424269e-05
27245000	1.405121e-05
27250000	1.425063e-05
27255000	1.565893e-05
27260000	1.445236e-05
27265000	1.408487e-05
27270000	1.544563e-05
27275000	1.530536e-05
27280000	1.360459e-05
27285000	1.397892e-05
27290000	1.446794e-05
27295000	1.375095e-05
27300000	1.555514e-05
27305000	1.461416e-05
27310000	1.472849e-05
27315000	1.483570e-05
27320000	1.401739e-05
27325000	1.442170e-05
27330000	1.525230e-05
27335000	1.535509e-05
27340000	1.393273e-05
27345000	1.594632e-05
27350000	1.537741e-05
27355000	1.492080e-05
27360000	1.439016e-05
27365000	1.400561e-05
27370000	1.303224e-05
27375000	1.418633e-05
27380000	1.421841e-05
27385000	1.373574e-05
27390000	1.432913e-05
27395000	1.478872e-05
27400000	1.367594e-05
27405000	1.313749e-05
27410000	1.461506e-05
27415000	1.536082e-05
27420000	1.451751e-05
27425000	1.482446e-05
27430000	1.441159e-05
27435000	1.421164e-05
27440000	1.521912e-05
27445000	1.568141e-05
27450000	1.380548e-05
27455000	1.377905e-05
27460000	1.457043e-05
27465000	1.586799e-05
27470000	1.509238e-05
27475000	1.442938e-05
27480000	1.601974e-05
27485000	1.552246e-05
27490000	1.379339e-05
27495000	1.347771e-05
27500000	1.468489e-05
27505000	1.426879e-05
27510000	1.467573e-05
27515000	1.482609e-05
27520000	1.556523e-05
27525000	1.493241e-05
27530000	1.440112e-05
27535000	1.462146e-05
27540000	1.520928e-05
27545000	1.428674e-05
27550000	1.513627e-05
27555000	1.437102e-05
27560000	1.417535e-05
27565000	1.401423e-05
27570000	1.459275e-05
27575000	1.436653e-05
27580000	1.424568e-05
27585000	1.479450e-05
27590000	1.472984e-05
27595000	1.486964e-05
27600000	1.469782e-05
27605000	1.386773e-05
27610000	1.431268e-05
27615000	1.367148e-05
27620000	1.475381e-05
27625000	1.451143e-05
27630000	1.406863e-05
27635000	1.381809e-05
27640000	1.424751e-05
27645000	1.396244e-05
27650000	1.464976e-05
27655000	1.440736e-05
27660000	1.393673e-05
27665000	1.445135e-05
27670000	1.411797e-05
27675000	1.428423e-05
27680000	1.465239e-05
27685000	1.373052e-05
27690000	1.485470e-05
27695000	1.452730e-05
27700000	1.482516e-05
27705000	1.396086e-05
27710000	1.420616e-05
27715000	1.372867e-05
27720000	1.487735e-05
27725000	1.377600e-05
27730000	1.366318e-05
27735000	1.409782e-05
27740000	1.421475e-05
27745000	1.379434e-05
27750000	1.544079e-05
27755000	1.492091e-05
27760000	1.358315e-05
27765000	1.350546e-05
27770000	1.500841e-05
27775000	1.425509e-05
27780000	1.454874e-05
27785000	1.420623e-05
27790000	1.386850e-05
27795000	1.491931e-05
27800000	1.464039e-05
27805000	1.456518e-05
27810000	1.445476e-05
27815000	1.413688e-05
27820000	1.341734e-05
27825000	1.372611e-05
27830000	1.378429e-05
27835000	1.429488e-05
27840000	1.342303e-05
27845000	1.487591e-05
27850000	1.330206e-05
27855000	1.444003e-05
27860000	1.426146e-05
27865000	1.440290e-05
27870000	1.442059e-05
27875000	1.412778e-05
27880000	1.375116e-05
27885000	1.475333e-05
27890000	1.329340e-05
27895000	1.395678e-05
27900000	1.420685e-05
27905000	1.504447e-05
27910000	1.344462e-05
27915000	1.350561e-05
27920000	1.445148e-05
27925000	1.473858e-05
27930000	1.417352e-05
27935000	1.491657e-05
27940000	1.405624e-05
27945000	1.424679e-05
27950000	1.508748e-05
27955000	1.406329e-05
27960000	1.499580e-05
27965000	1.363084e-05
27970000	1.466455e-05
27975000	1.357949e-05
27980000	1.415463e-05
27985000	1.404044e-05
27990000	1.458480e-05
27995000	1.456429e-05
28000000	1.441432e-05
28005000	1.417299e-05
28010000	1.447270e-05
28015000	1.326845e-05
28020000	1.385869e-05
28025000	1.470792e-05
28030000	1.474045e-05
28035000	1.334142e-05
28040000	1.358332e-05
28045000	1.422253e-05
28050000	1.401363e-05
28055000	1.450244e-05
28060000	1.371870e-05
28065000	1.440865e-05
28070000	1.485300e-05
28075000	1.444356e-05
28080000	1.387208e-05
28085000	1.388607e-05
28090000	1.287830e-05
28095000	1.410575e-05
28100000	1.462688e-05
28105000	1.490515e-05
28110000	1.426203e-05
28115000	1.450450e-05
28120000	1.376051e-05
28125000	1.418411e-05
28130000	1.474467e-05
28135000	1.394067e-05
28140000	1.460143e-05
28145000	1.331743e-05
28150000	1.393669e-05
28155000	1.346076e-05
28160000	1.301397e-05
28165000	1.334771e-05
28170000	1.359805e-05
28175000	1.448917e-05
28180000	1.437919e-05
28185000	1.358244e-05
28190000	1.472008e-05
28195000	1.281308e-05
28200000	1.311437e-05
28205000	1.343193e-05
28210000	1.376982e-05
28215000	1.433226e-05
28220000	1.358629e-05
28225000	1.333183e-05
28230000	1.402608e-05
28235000	1.328143e-05
28240000	1.527617e-05
28245000	1.355131e-05
28250000	1.369797e-05
28255000	1.381111e-05
28260000	1.335412e-05
28265000	1.371080e-05
28270000	1.587356e-05
28275000	1.377683e-05
28280000	1.342817e-05
28285000	1.422473e-05
28290000	1.406814e-05
28295000	1.331016e-05
28300000	1.467740e-05
28305000	1.445320e-05
28310000	1.382579e-05
28315000	1.414420e-05
28320000	1.388513e-05
28325000	1.380476e-05
28330000	1.387993e-05
28335000	1.323551e-05
28340000	1.359480e-05
28345000	1.430091e-05
28350000	1.451564e-05
28355000	1.501638e-05
28360000	1.479960e-05
28365000	1.370880e-05
28370000	1.368842e-05
28375000	1.503210e-05
28380000	1.306430e-05
28385000	1.322073e-05
28390000	1.342773e-05
28395000	1.352147e-05
28400000	1.395011e-05
28405000	1.355276e-05
28410000	1.458454e-05
28415000	1.513549e-05
28420000	1.451711e-05
28425000	1.405001e-05
28430000	1.320121e-05
28435000	1.397530e-05
28440000	1.483154e-05
28445000	1.338468e-05
28450000	1.407522e-05
28455000	1.315822e-05
28460000	1.352521e-05
28465000	1.431338e-05
28470000	1.443748e-05
28475000	1.354243e-05
28480000	1.502736e-05
28485000	1.393348e-05
28490000	1.371498e-05
28495000	1.496116e-05
28500000	1.284090e-05
28505000	1.396023e-05
28510000	1.420408e-05
28515000	1.474484e-05
28520000	1.349810e-05
28525000	1.472902e-05
28530000	1.411755e-05
28535000	1.351583e-05
28540000	1.471919e-05
28545000	1.405398e-05
28550000	1.360723e-05
28555000	1.374188e-05
28560000	1.381908e-05
28565000	1.332762e-05
28570000	1.434889e-05
28575000	1.495647e-05
28580000	1.407280e-05
28585000	1.398241e-05
28590000	1.443479e-05
28595000	1.483325e-05
28600000	1.424677e-05
28605000	1.397300e-05
28610000	1.411258e-05
28615000	1.357485e-05
28620000	1.411076e-05
28625000	1.430497e-05
28630000	1.292771e-05
28635000	1.417893e-05
28640000	1.455494e-05
28645000	1.333675e-05
28650000	1.363811e-05
28655000	1.269705e-05
28660000	1.434339e-05
28665000	1.423254e-05
28670000	1.499457e-05
28675000	1.339058e-05
28680000	1.304252e-05
28685000	1.344271e-05
28690000	1.359891e-05
28695000	1.437386e-05
28700000	1.397327e-05
28705000	1.321022e-05
28710000	1.488065e-05
28715000	1.437544e-05
28720000	1.370922e-05
28725000	1.328513e-05
28730000	1.437316e-05
28735000	1.280992e-05
28740000	1.535048e-05
28745000	1.333682e-05
28750000	1.420714e-05
28755000	1.407189e-05
28760000	1.356046e-05
28765000	1.327529e-05
28770000	1.327331e-05
28775000	1.428143e-05
28780000	1.383999e-05
28785000	1.400781e-05
28790000	1.375586e-05
28795000	1.415446e-05
28800000	1.402478e-05
28805000	1.389700e-05
28810000	1.425962e-05
28815000	1.351810e-05
28820000	1.338257e-05
28825000	1.339513e-05
28830000	1.473984e-05
28835000	1.470054e-05
28840000	1.382576e-05
28845000	1.403646e-05
28850000	1.443883e-05
28855000	1.451642e-05
28860000	1.334268e-05
28865000	1.381198e-05
28870000	1.363401e-05
28875000	1.373041e-05
28880000	1.374112e-05
28885000	1.345077e-05
28890000	1.375307e-05
28895000	1.364250e-05
28900000	1.399172e-05
28905000	1.304755e-05
28910000	1.352688e-05
28915000	1.340191e-05
28920000	1.360988e-05
28925000	1.406492e-05
28930000	1.319001e-05
28935000	1.442520e-05
28940000	1.296737e-05
28945000	1.458132e-05
28950000	1.425454e-05
28955000	1.430179e-05
28960000	1.348874e-05
28965000	1.301964e-05
28970000	1.437056e-05
28975000	1.333708e-05
28980000	1.323450e-05
28985000	1.374579e-05
28990000	1.333717e-05
28995000	1.258095e-05
29000000	1.351546e-05
29005000	1.440385e-05
29010000	1.381666e-05
29015000	1.382008e-05
29020000	1.393994e-05
29025000	1.409577e-05
29030000	1.372917e-05
29035000	1.277697e-05
29040000	1.380430e-05
29045000	1.435844e-05
29050000	1.413907e-05
29055000	1.366038e-05
29060000	1.294029e-05
29065000	1.353781e-05
29070000	1.348029e-05
29075000	1.388807e-05
29080000	1.329163e-05
29085000	1.437007e-05
29090000	1.296500e-05
29095000	1.349217e-05
29100000	1.322125e-05
29105000	1.483554e-05
29110000	1.313132e-05
29115000	1.358597e-05
29120000	1.353186e-05
29125000	1.407597e-05
29130000	1.353440e-05
29135000	1.407039e-05
29140000	1.381957e-05
29145000	1.471476e-05
29150000	1.305061e-05
29155000	1.204621e-05
29160000	1.333594e-05
29165000	1.490603e-05
29170000	1.321931e-05
29175000	1.468556e-05
29180000	1.401390e-05
29185000	1.489995e-05
29190000	1.480662e-05
29195000	1.459929e-05
29200000	1.542033e-05
29205000	1.312401e-05
29210000	1.285905e-05
29215000	1.230722e-05
29220000	1.411681e-05
29225000	1.312863e-05
29230000	1.409794e-05
29235000	1.391431e-05
29240000	1.335846e-05
29245000	1.400828e-05
29250000	1.443541e-05
29255000	1.310963e-05
29260000	1.353691e-05
29265000	1.414796e-05
29270000	1.427847e-05
29275000	1.344252e-05
29280000	1.245539e-05
29285000	1.300679e-05
29290000	1.309714e-05
29295000	1.353902e-05
29300000	1.381792e-05
29305000	1.472273e-05
29310000	1.337895e-05
29315000	1.361590e-05
29320000	1.354884e-05
29325000	1.428810e-05
29330000	1.275966e-05
29335000	1.360577e-05
29340000	1.311287e-05
29345000	1.445890e-05
29350000	1.471935e-05
29355000	1.311651e-05
29360000	1.421271e-05
29365000	1.306616e-05
29370000	1.394563e-05
29375000	1.416440e-05
29380000	1.372691e-05
29385000	1.445717e-05
29390000	1.372046e-05
29395000	1.343891e-05
29400000	1.322086e-05
29405000	1.359183e-05
29410000	1.281468e-05
29415000	1.252096e-05
29420000	1.349994e-05
29425000	1.416316e-05
29430000	1.301077e-05
29435000	1.329646e-05
29440000	1.370476e-05
29445000	1.360362e-05
29450000	1.277640e-05
29455000	1.320266e-05
29460000	1.351652e-05
29465000	1.325868e-05
29470000	1.299669e-05
29475000	1.312955e-05
29480000	1.331079e-05
29485000	1.480894e-05
29490000	1.418112e-05
29495000	1.243290e-05
29500000	1.393724e-05
29505000	1.317806e-05
29510000	1.387392e-05
29515000	1.342684e-05
29520000	1.357731e-05
29525000	1.425970e-05
29530000	1.329137e-05
29535000	1.248010e-05
29540000	1.299197e-05
29545000	1.376682e-05
29550000	1.349987e-05
29555000	1.304904e-05
29560000	1.450791e-05
29565000	1.263595e-05
29570000	1.321286e-05
29575000	1.409714e-05
29580000	1.380980e-05
29585000	1.337588e-05
29590000	1.330326e-05
29595000	1.344180e-05
29600000	1.260307e-05
29605000	1.329687e-05
29610000	1.435165e-05
29615000	1.322745e-05
29620000	1.337929e-05
29625000	1.366494e-05
29630000	1.335522e-05
29635000	1.313184e-05
29640000	1.284442e-05
29645000	1.268220e-05
29650000	1.305252e-05
29655000	1.367414e-05
29660000	1.288661e-05
29665000	1.424619e-05
29670000	1.308713e-05
29675000	1.395768e-05
29680000	1.229007e-05
29685000	1.369740e-05
29690000	1.280615e-05
29695000	1.371297e-05
29700000	1.174456e-05
29705000	1.288305e-05
29710000	1.406243e-05
29715000	1.344776e-05
29720000	1.337036e-05
29725000	1.345578e-05
29730000	1.326603e-05
29735000	1.392788e-05
29740000	1.340653e-05
29745000	1.298650e-05
29750000	1.330824e-05
29755000	1.298966e-05
29760000	1.381965e-05
29765000	1.349355e-05
29770000	1.345562e-05
29775000	1.380323e-05
29780000	1.385564e-05
29785000	1.392902e-05
29790000	1.272838e-05
29795000	1.309265e-05
29800000	1.375277e-05
29805000	1.255327e-05
29810000	1.348788e-05
29815000	1.342192e-05
29820000	1.358706e-05
29825000	1.399245e-05
29830000	1.380172e-05
29835000	1.389950e-05
29840000	1.441725e-05
29845000	1.311096e-05
29850000	1.244647e-05
29855000	1.344903e-05
29860000	1.337371e-05
29865000	1.331500e-05
29870000	1.383398e-05
29875000	1.336062e-05
29880000	1.294016e-05
29885000	1.469847e-05
29890000	1.313313e-05
29895000	1.347214e-05
29900000	1.314166e-05
29905000	1.368712e-05
29910000	1.289385e-05
29915000	1.364615e-05
29920000	1.340693e-05
29925000	1.231685e-05
29930000	1.414496e-05
29935000	1.387248e-05
29940000	1.266042e-05
29945000	1.316906e-05
29950000	1.370214e-05
29955000	1.293942e-05
29960000	1.354180e-05
29965000	1.273591e-05
29970000	1.368706e-05
29975000	1.385215e-05
29980000	1.283406e-05
29985000	1.277429e-05
29990000	1.319663e-05
29995000	1.284984e-05
30000000	1.356079e-05
30005000	1.340646e-05
30010000	1.297498e-05
30015000	1.284301e-05
30020000	1.433745e-05
30025000	1.302284e-05
30030000	1.323835e-05
30035000	1.406039e-05
30040000	1.302482e-05
30045000	1.259196e-05
30050000	1.420868e-05
30055000	1.331787e-05
30060000	1.364340e-05
30065000	1.361863e-05
30070000	1.342511e-05
30075000	1.226007e-05
30080000	1.444991e-05
30085000	1.411902e-05
30090000	1.318945e-05
30095000	1.303888e-05
30100000	1.196711e-05
30105000	1.312477e-05
30110000	1.315999e-05
30115000	1.410643e-05
30120000	1.398831e-05
30125000	1.392187e-05
30130000	1.392735e-05
30135000	1.248437e-05
30140000	1.261502e-05
30145000	1.399861e-05
30150000	1.341071e-05
30155000	1.359903e-05
30160000	1.242206e-05
30165000	1.328976e-05
30170000	1.303117e-05
30175000	1.350347e-05
30180000	1.370816e-05
30185000	1.326408e-05
30190000	1.333920e-05
30195000	1.311783e-05
30200000	1.309917e-05
30205000	1.360118e-05
30210000	1.400527e-05
30215000	1.366102e-05
30220000	1.381229e-05
30225000	1.276315e-05
30230000	1.388638e-05
30235000	1.298174e-05
30240000	1.279377e-05
30245000	1.285583e-05
30250000	1.286017e-05
30255000	1.254959e-05
30260000	1.277866e-05
30265000	1.321466e-05
30270000	1.247589e-05
30275000	1.312519e-05
30280000	1.260935e-05
30285000	1.324222e-05
30290000	1.300690e-05
30295000	1.234466e-05
30300000	1.186231e-05
30305000	1.314505e-05
30310000	1.365311e-05
30315000	1.156310e-05
30320000	1.302328e-05
30325000	1.334997e-05
30330000	1.250141e-05
30335000	1.234991e-05
30340000	1.303793e-05
30345000	1.272957e-05
30350000	1.243343e-05
30355000	1.204129e-05
30360000	1.254318e-05
30365000	1.307987e-05
30370000	1.230408e-05
30375000	1.267754e-05
30380000	1.238189e-05
30385000	1.280779e-05
30390000	1.217138e-05
30395000	1.209175e-05
30400000	1.337553e-05
30405000	1.412222e-05
30410000	1.258791e-05
30415000	1.336125e-05
30420000	1.293067e-05
30425000	1.302601e-05
30430000	1.305182e-05
30435000	1.309339e-05
30440000	1.186022e-05
30445000	1.294831e-05
30450000	1.340290e-05
30455000	1.330528e-05
30460000	1.232325e-05
30465000	1.261826e-05
30470000	1.252081e-05
30475000	1.277902e-05
30480000	1.318530e-05
30485000	1.235776e-05
30490000	1.345796e-05
30495000	1.241603e-05
30500000	1.308155e-05
30505000	1.292242e-05
30510000	1.320480e-05
30515000	1.274039e-05
30520000	1.255578e-05
30525000	1.131610e-05
30530000	1.337460e-05
30535000	1.264953e-05
30540000	1.325743e-05
30545000	1.324127e-05
30550000	1.256063e-05
30555000	1.352903e-05
30560000	1.255254e-05
30565000	1.164926e-05
30570000	1.287834e-05
30575000	1.200858e-05
30580000	1.265415e-05
30585000	1.280840e-05
30590000	1.238741e-05
30595000	1.316685e-05
30600000	1.271263e-05
30605000	1.232034e-05
30610000	1.240654e-05
30615000	1.337350e-05
30620000	1.246168e-05
30625000	1.307473e-05
30630000	1.301309e-05
30635000	1.234444e-05
30640000	1.205959e-05
30645000	1.268972e-05
30650000	1.237143e-05
30655000	1.210573e-05
30660000	1.333564e-05
30665000	1.270222e-05
30670000	1.224713e-05
30675000	1.307292e-05
30680000	1.154589e-05
30685000	1.246321e-05
30690000	1.359946e-05
30695000	1.297467e-05
30700000	1.269900e-05
30705000	1.349792e-05
30710000	1.252469e-05
30715000	1.252739e-05
30720000	1.347867e-05
30725000	1.294055e-05
30730000	1.455286e-05
30735000	1.318323e-05
30740000	1.381484e-05
30745000	1.208186e-05
30750000	1.247339e-05
30755000	1.300790e-05
30760000	1.224317e-05
30765000	1.252304e-05
30770000	1.214214e-05
30775000	1.150472e-05
30780000	1.251963e-05
30785000	1.284432e-05
30790000	1.173124e-05
30795000	1.274779e-05
30800000	1.290784e-05
30805000	1.233225e-05
30810000	1.305481e-05
30815000	1.198271e-05
30820000	1.377342e-05
30825000	1.246761e-05
30830000	1.254019e-05
30835000	1.317609e-05
30840000	1.278204e-05
30845000	1.332327e-05
30850000	1.211478e-05
30855000	1.189464e-05
30860000	1.216124e-05
30865000	1.254191e-05
30870000	1.273755e-05
30875000	1.312161e-05
30880000	1.267508e-05
30885000	1.289733e-05
30890000	1.212405e-05
30895000	1.215462e-05
30900000	1.189059e-05
30905000	1.309717e-05
30910000	1.281424e-05
30915000	1.309745e-05
30920000	1.194971e-05
30925000	1.225001e-05
30930000	1.229203e-05
30935000	1.166588e-05
30940000	1.123222e-05
30945000	1.263447e-05
30950000	1.296217e-05
30955000	1.355428e-05
30960000	1.307670e-05
30965000	1.295200e-05
30970000	1.227852e-05
30975000	1.245054e-05
30980000	1.307132e-05
30985000	1.269671e-05
30990000	1.204949e-05
30995000	1.229290e-05
31000000	1.243178e-05
31005000	1.279462e-05
31010000	1.298126e-05
31015000	1.329948e-05
31020000	1.196722e-05
31025000	1.315664e-05
31030000	1.398550e-05
31035000	1.309463e-05
31040000	1.319991e-05
31045000	1.317992e-05
31050000	1.332377e-05
31055000	1.246769e-05
31060000	1.316260e-05
31065000	1.239090e-05
31070000	1.293808e-05
31075000	1.148120e-05
31080000	1.321648e-05
31085000	1.236860e-05
31090000	1.248297e-05
31095000	1.325220e-05
31100000	1.252387e-05
31105000	1.191726e-05
31110000	1.257086e-05
31115000	1.299620e-05
31120000	1.167131e-05
31125000	1.158799e-05
31130000	1.259661e-05
31135000	1.260615e-05
31140000	1.348445e-05
31145000	1.252030e-05
31150000	1.227366e-05
31155000	1.295175e-05
31160000	1.223352e-05
31165000	1.320285e-05
31170000	1.331155e-05
31175000	1.270393e-05
31180000	1.289282e-05
31185000	1.302057e-05
31190000	1.179398e-05
31195000	1.244022e-05
31200000	1.319861e-05
31205000	1.212018e-05
31210000	1.318381e-05
31215000	1.214796e-05
31220000	1.258603e-05
31225000	1.233122e-05
31230000	1.256113e-05
31235000	1.335099e-05
31240000	1.287081e-05
31245000	1.209401e-05
31250000	1.161766e-05
31255000	1.201461e-05
31260000	1.256699e-05
31265000	1.344278e-05
31270000	1.216213e-05
31275000	1.245195e-05
31280000	1.289472e-05
31285000	1.223336e-05
31290000	1.213593e-05
31295000	1.280553e-05
31300000	1.215746e-05
31305000	1.209416e-05
31310000	1.335590e-05
31315000	1.264084e-05
31320000	1.210508e-05
31325000	1.249737e-05
31330000	1.359911e-05
31335000	1.235426e-05
31340000	1.285971e-05
31345000	1.182545e-05
31350000	1.253003e-05
31355000	1.206647e-05
31360000	1.376160e-05
31365000	1.196605e-05
31370000	1.439766e-05
31375000	1.176786e-05
31380000	1.282429e-05
31385000	1.277096e-05
31390000	1.286958e-05
31395000	1.271618e-05
31400000	1.351657e-05
31405000	1.343543e-05
31410000	1.278447e-05
31415000	1.360107e-05
31420000	1.239117e-05
31425000	1.191710e-05
31430000	1.316932e-05
31435000	1.214467e-05
31440000	1.254076e-05
31445000	1.302160e-05
31450000	1.275400e-05
31455000	1.374216e-05
31460000	1.177270e-05
31465000	1.340756e-05
31470000	1.327577e-05
31475000	1.381848e-05
31480000	1.285214e-05
31485000	1.278737e-05
31490000	1.288871e-05
31495000	1.305599e-05
31500000	1.267697e-05
31505000	1.279108e-05
31510000	1.274756e-05
31515000	1.258711e-05
31520000	1.305209e-05
31525000	1.282923e-05
31530000	1.338279e-05
31535000	1.280167e-05
31540000	1.284874e-05
31545000	1.302852e-05
31550000	1.211056e-05
31555000	1.335896e-05
31560000	1.260641e-05
31565000	1.231819e-05
31570000	1.280983e-05
31575000	1.218003e-05
31580000	1.225698e-05
31585000	1.270569e-05
31590000	1.349952e-05
31595000	1.332167e-05
31600000	1.326067e-05
31605000	1.356485e-05
31610000	1.255011e-05
31615000	1.272394e-05
31620000	1.317540e-05
31625000	1.292610e-05
31630000	1.305856e-05
31635000	1.157494e-05
31640000	1.396293e-05
31645000	1.225126e-05
31650000	1.249533e-05
31655000	1.324679e-05
31660000	1.293547e-05
31665000	1.276026e-05
31670000	1.378293e-05
31675000	1.439699e-05
31680000	1.343269e-05
31685000	1.160767e-05
31690000	1.319372e-05
31695000	1.162141e-05
31700000	1.246443e-05
31705000	1.210708e-05
31710000	1.354500e-05
31715000	1.376778e-05
31720000	1.258956e-05
31725000	1.329702e-05
31730000	1.344766e-05
31735000	1.195073e-05
31740000	1.307456e-05
31745000	1.364917e-05
31750000	1.246211e-05
31755000	1.278401e-05
31760000	1.342617e-05
31765000	1.233060e-05
31770000	1.327138e-05
31775000	1.251022e-05
31780000	1.297223e-05
31785000	1.257346e-05
31790000	1.359760e-05
31795000	1.300074e-05
31800000	1.210581e-05
31805000	1.188431e-05
31810000	1.176577e-05
31815000	1.206350e-05
31820000	1.216520e-05
31825000	1.161676e-05
31830000	1.230356e-05
31835000	1.223628e-05
31840000	1.300245e-05
31845000	1.207380e-05
31850000	1.292454e-05
31855000	1.343091e-05
31860000	1.269337e-05
31865000	1.272808e-05
31870000	1.290671e-05
31875000	1.255842e-05
31880000	1.307391e-05
31885000	1.295445e-05
31890000	1.250276e-05
31895000	1.221576e-05
31900000	1.302132e-05
31905000	1.284046e-05
31910000	1.288060e-05
31915000	1.328429e-05
31920000	1.312200e-05
31925000	1.316329e-05
31930000	1.269800e-05
31935000	1.194855e-05
31940000	1.262239e-05
31945000	1.227119e-05
31950000	1.190458e-05
31955000	1.267907e-05
31960000	1.275507e-05
31965000	1.232712e-05
31970000	1.240252e-05
31975000	1.299579e-05
31980000	1.276925e-05
31985000	1.198897e-05
31990000	1.220655e-05
31995000	1.263507e-05
32000000	1.352360e-05
32005000	1.367996e-05
32010000	1.224505e-05
32015000	1.280245e-05
32020000	1.348151e-05
32025000	1.247295e-05
32030000	1.300877e-05
32035000	1.261413e-05
32040000	1.116095e-05
32045000	1.247300e-05
32050000	1.381524e-05
32055000	1.331325e-05
32060000	1.332440e-05
32065000	1.243758e-05
32070000	1.280487e-05
32075000	1.208033e-05
32080000	1.269728e-05
32085000	1.183739e-05
32090000	1.183492e-05
32095000	1.247852e-05
32100000	1.266682e-05
32105000	1.354945e-05
32110000	1.242881e-05
32115000	1.319855e-05
32120000	1.268409e-05
32125000	1.284207e-05
32130000	1.290130e-05
32135000	1.276209e-05
32140000	1.174035e-05
32145000	1.216649e-05
32150000	1.250783e-05
32155000	1.275814e-05
32160000	1.281049e-05
32165000	1.238907e-05
32170000	1.283308e-05
32175000	1.217962e-05
32180000	1.235712e-05
32185000	1.157502e-05
32190000	1.352475e-05
32195000	1.258719e-05
32200000	1.295587e-05
32205000	1.261999e-05
32210000	1.308861e-05
32215000	1.256242e-05
32220000	1.287576e-05
32225000	1.323717e-05
32230000	1.361017e-05
32235000	1.274692e-05
32240000	1.373965e-05
32245000	1.262605e-05
32250000	1.180323e-05
32255000	1.320666e-05
32260000	1.283325e-05
32265000	1.287580e-05
32270000	1.381273e-05
32275000	1.339481e-05
32280000	1.207341e-05
32285000	1.321082e-05
32290000	1.341248e-05
32295000	1.309206e-05
32300000	1.256409e-05
32305000	1.189639e-05
32310000	1.289335e-05
32315000	1.383395e-05
32320000	1.275762e-05
32325000	1.257103e-05
32330000	1.228526e-05
32335000	1.268830e-05
32340000	1.245261e-05
32345000	1.220402e-05
32350000	1.286681e-05
32355000	1.331883e-05
32360000	1.365679e-05
32365000	1.293415e-05
32370000	1.202053e-05
32375000	1.265062e-05
32380000	1.379282e-05
32385000	1.336175e-05
32390000	1.211570e-05
32395000	1.234126e-05
32400000	1.233587e-05
32405000	1.235108e-05
32410000	1.223980e-05
32415000	1.209091e-05
32420000	1.227340e-05
32425000	1.214542e-05
32430000	1.251389e-05
32435000	1.242740e-05
32440000	1.272840e-05
32445000	1.202051e-05
32450000	1.190879e-05
32455000	1.295732e-05
32460000	1.217978e-05
32465000	1.199773e-05
32470000	1.170022e-05
32475000	1.280376e-05
32480000	1.309673e-05
32485000	1.262424e-05
32490000	1.230214e-05
32495000	1.308877e-05
32500000	1.249916e-05
32505000	1.328586e-05
32510000	1.275867e-05
32515000	1.297752e-05
32520000	1.322212e-05
32525000	1.260108e-05
32530000	1.305545e-05
32535000	1.254784e-05
32540000	1.094799e-05
32545000	1.187939e-05
32550000	1.273363e-05
32555000	1.318877e-05
32560000	1.228331e-05
32565000	1.397558e-05
32570000	1.225751e-05
32575000	1.201450e-05
32580000	1.310645e-05
32585000	1.323670e-05
32590000	1.208038e-05
32595000	1.355707e-05
32600000	1.275122e-05
32605000	1.153446e-05
32610000	1.171748e-05
32615000	1.300586e-05
32620000	1.309710e-05
32625000	1.198533e-05
32630000	1.249746e-05
32635000	1.281794e-05
32640000	1.334766e-05
32645000	1.204729e-05
32650000	1.276197e-05
32655000	1.148280e-05
32660000	1.229137e-05
32665000	1.197477e-05
32670000	1.194468e-05
32675000	1.232797e-05
32680000	1.247591e-05
32685000	1.253453e-05
32690000	1.162075e-05
32695000	1.215119e-05
32700000	1.220258e-05
32705000	1.311396e-05
32710000	1.242963e-05
32715000	1.245435e-05
32720000	1.262773e-05
32725000	1.245813e-05
32730000	1.253284e-05
32735000	1.280458e-05
32740000	1.238707e-05
32745000	1.267170e-05
32750000	1.276837e-05
32755000	1.240223e-05
32760000	1.263409e-05
32765000	1.261029e-05
32770000	1.266594e-05
32775000	1.184728e-05
32780000	1.229162e-05
32785000	1.160842e-05
32790000	1.160140e-05
32795000	1.384878e-05
32800000	1.227355e-05
32805000	1.335711e-05
32810000	1.292435e-05
32815000	1.313388e-05
32820000	1.356589e-05
32825000	1.275206e-05
32830000	1.282220e-05
32835000	1.210335e-05
32840000	1.243743e-05
32845000	1.294134e-05
32850000	1.252728e-05
32855000	1.278751e-05
32860000	1.252092e-05
32865000	1.211148e-05
32870000	1.232860e-05
32875000	1.340530e-05
32880000	1.190229e-05
32885000	1.212944e-05
32890000	1.261623e-05
32895000	1.276085e-05
32900000	1.218520e-05
32905000	1.336785e-05
32910000	1.273929e-05
32915000	1.308834e-05
32920000	1.148921e-05
32925000	1.233490e-05
32930000	1.356870e-05
32935000	1.313910e-05
32940000	1.266663e-05
32945000	1.251137e-05
32950000	1.246467e-05
32955000	1.178366e-05
32960000	1.275559e-05
32965000	1.261063e-05
32970000	1.270131e-05
32975000	1.265996e-05
32980000	1.259019e-05
32985000	1.215544e-05
32990000	1.376209e-05
32995000	1.239541e-05
33000000	1.229847e-05
33005000	1.393243e-05
33010000	1.270103e-05
33015000	1.244746e-05
33020000	1.209770e-05
33025000	1.286437e-05
33030000	1.165308e-05
33035000	1.224214e-05
33040000	1.137327e-05
33045000	1.288489e-05
33050000	1.352136e-05
33055000	1.263536e-05
33060000	1.159649e-05
33065000	1.192118e-05
33070000	1.187340e-05
33075000	1.170639e-05
33080000	1.251862e-05
33085000	1.266678e-05
33090000	1.251894e-05
33095000	1.137793e-05
33100000	1.260662e-05
33105000	1.218989e-05
33110000	1.198106e-05
33115000	1.254107e-05
33120000	1.224016e-05
33125000	1.289935e-05
33130000	1.235841e-05
33135000	1.170068e-05
33140000	1.184343e-05
33145000	1.184765e-05
33150000	1.285348e-05
33155000	1.248836e-05
33160000	1.312607e-05
33165000	1.325881e-05
33170000	1.231109e-05
33175000	1.220335e-05
33180000	1.338615e-05
33185000	1.295607e-05
33190000	1.290739e-05
33195000	1.160268e-05
33200000	1.258475e-05
33205000	1.267739e-05
33210000	1.237518e-05
33215000	1.308410e-05
33220000	1.261919e-05
33225000	1.282627e-05
33230000	1.248442e-05
33235000	1.250489e-05
33240000	1.310348e-05
33245000	1.192612e-05
33250000	1.171063e-05
33255000	1.304741e-05
33260000	1.185918e-05
33265000	1.194192e-05
33270000	1.279268e-05
33275000	1.235823e-05
33280000	1.263277e-05
33285000	1.297227e-05
33290000	1.244354e-05
33295000	1.158064e-05
33300000	1.303513e-05
33305000	1.210585e-05
33310000	1.218599e-05
33315000	1.208584e-05
33320000	1.137908e-05
33325000	1.302999e-05
33330000	1.291458e-05
33335000	1.258298e-05
33340000	1.244677e-05
33345000	1.334046e-05
33350000	1.292394e-05
33355000	1.277408e-05
33360000	1.243812e-05
33365000	1.282699e-05
33370000	1.149054e-05
33375000	1.210273e-05
33380000	1.239674e-05
33385000	1.215476e-05
33390000	1.200368e-05
33395000	1.229404e-05
33400000	1.220154e-05
33405000	1.270207e-05
33410000	1.126330e-05
33415000	1.314590e-05
33420000	1.221785e-05
33425000	1.181616e-05
33430000	1.280431e-05
33435000	1.260443e-05
33440000	1.194475e-05
33445000	1.274959e-05
33450000	1.196992e-05
33455000	1.268527e-05
33460000	1.220230e-05
33465000	1.182976e-05
33470000	1.199126e-05
33475000	1.346985e-05
33480000	1.299449e-05
33485000	1.281594e-05
33490000	1.285097e-05
33495000	1.211684e-05
33500000	1.266151e-05
33505000	1.221880e-05
33510000	1.266250e-05
33515000	1.285073e-05
33520000	1.280566e-05
33525000	1.105293e-05
33530000	1.152294e-05
33535000	1.237352e-05
33540000	1.209031e-05
33545000	1.181156e-05
33550000	1.214508e-05
33555000	1.230505e-05
33560000	1.162651e-05
33565000	1.211774e-05
33570000	1.143832e-05
33575000	1.260437e-05
33580000	1.202061e-05
33585000	1.213327e-05
33590000	1.080486e-05
33595000	1.250385e-05
33600000	1.161324e-05
33605000	1.252826e-05
33610000	1.284777e-05
33615000	1.166334e-05
33620000	1.162463e-05
33625000	1.247370e-05
33630000	1.196664e-05
33635000	1.112903e-05
33640000	1.175230e-05
33645000	1.199196e-05
33650000	1.268529e-05
33655000	1.289415e-05
33660000	1.234227e-05
33665000	1.161047e-05
33670000	1.202754e-05
33675000	1.286681e-05
33680000	1.241073e-05
33685000	1.190315e-05
33690000	1.242257e-05
33695000	1.177920e-05
33700000	1.319823e-05
33705000	1.179205e-05
33710000	1.253879e-05
33715000	1.128876e-05
33720000	1.257434e-05
33725000	1.107896e-05
33730000	1.255944e-05
33735000	1.226195e-05
33740000	1.251812e-05
33745000	1.187443e-05
33750000	1.242245e-05
33755000	1.254702e-05
33760000	1.237772e-05
33765000	1.185966e-05
33770000	1.216673e-05
33775000	1.261925e-05
33780000	1.334979e-05
33785000	1.181867e-05
33790000	1.211657e-05
33795000	1.355069e-05
33800000	1.288306e-05
33805000	1.244312e-05
33810000	1.424615e-05
33815000	1.222300e-05
33820000	1.134534e-05
33825000	1.181187e-05
33830000	1.273833e-05
33835000	1.216063e-05
33840000	1.230883e-05
33845000	1.224388e-05
33850000	1.241420e-05
33855000	1.161082e-05
33860000	1.177802e-05
33865000	1.204293e-05
33870000	1.142565e-05
33875000	1.190116e-05
33880000	1.267710e-05
33885000	1.250951e-05
33890000	1.209787e-05
33895000	1.166770e-05
33900000	1.207197e-05
33905000	1.215971e-05
33910000	1.133572e-05
33915000	1.132275e-05
33920000	1.214942e-05
33925000	1.335729e-05
33930000	1.137522e-05
33935000	1.211729e-05
33940000	1.192656e-05
33945000	1.207975e-05
33950000	1.161064e-05
33955000	1.127096e-05
33960000	1.157744e-05
33965000	1.257747e-05
33970000	1.198374e-05
33975000	1.233108e-05
33980000	1.197794e-05
33985000	1.213607e-05
33990000	1.282838e-05
33995000	1.151691e-05
34000000	1.200829e-05
34005000	1.103834e-05
34010000	1.267102e-05
34015000	1.208973e-05
34020000	1.218979e-05
34025000	1.186278e-05
34030000	1.153903e-05
34035000	1.179059e-05
34040000	1.203957e-05
34045000	1.255493e-05
34050000	1.242218e-05
34055000	1.222974e-05
34060000	1.234805e-05
34065000	1.238313e-05
34070000	1.239151e-05
34075000	1.171150e-05
34080000	1.183384e-05
34085000	1.169869e-05
34090000	1.165719e-05
34095000	1.211109e-05
34100000	1.205373e-05
34105000	1.179640e-05
34110000	1.235176e-05
34115000	1.203461e-05
34120000	1.254104e-05
34125000	1.138905e-05
34130000	1.140483e-05
34135000	1.261202e-05
34140000	1.222801e-05
34145000	1.195505e-05
34150000	1.201312e-05
34155000	1.198356e-05
34160000	1.223386e-05
34165000	1.237445e-05
34170000	1.301646e-05
34175000	1.198967e-05
34180000	1.102415e-05
34185000	1.234205e-05
34190000	1.205657e-05
34195000	1.182019e-05
34200000	1.193552e-05
34205000	1.124770e-05
34210000	1.291024e-05
34215000	1.152676e-05
34220000	1.212908e-05
34225000	1.124285e-05
34230000	1.227085e-05
34235000	1.291245e-05
34240000	1.149960e-05
34245000	1.282577e-05
34250000	1.261387e-05
34255000	1.149114e-05
34260000	1.183533e-05
34265000	1.219968e-05
34270000	1.243748e-05
34275000	1.203177e-05
34280000	1.202973e-05
34285000	1.275240e-05
34290000	1.240119e-05
34295000	1.117186e-05
34300000	1.295474e-05
34305000	1.206182e-05
34310000	1.149698e-05
34315000	1.283761e-05
34320000	1.192530e-05
34325000	1.179015e-05
34330000	1.200805e-05
34335000	1.181359e-05
34340000	1.207392e-05
34345000	1.160139e-05
34350000	1.185230e-05
34355000	1.240655e-05
34360000	1.222861e-05
34365000	1.276127e-05
34370000	1.244319e-05
34375000	1.315362e-05
34380000	1.222049e-05
34385000	1.227171e-05
34390000	1.136132e-05
34395000	1.245728e-05
34400000	1.212067e-05
34405000	1.217174e-05
34410000	1.307778e-05
34415000	1.157551e-05
34420000	1.155305e-05
34425000	1.295733e-05
34430000	1.172367e-05
34435000	1.207437e-05
34440000	1.178678e-05
34445000	1.116917e-05
34450000	1.164691e-05
34455000	1.197834e-05
34460000	1.199134e-05
34465000	1.204642e-05
34470000	1.153142e-05
34475000	1.276415e-05
34480000	1.200099e-05
34485000	1.173507e-05
34490000	1.222525e-05
34495000	1.192841e-05
34500000	1.198298e-05
34505000	1.208463e-05
34510000	1.293782e-05
34515000	1.237700e-05
34520000	1.126828e-05
34525000	1.263477e-05
34530000	1.135461e-05
34535000	1.282418e-05
34540000	1.182901e-05
34545000	1.264073e-05
34550000	1.261071e-05
34555000	1.244488e-05
34560000	1.187207e-05
34565000	1.184758e-05
34570000	1.132439e-05
34575000	1.201904e-05
34580000	1.201174e-05
34585000	1.270818e-05
34590000	1.160304e-05
34595000	1.201405e-05
34600000	1.260899e-05
34605000	1.178190e-05
34610000	1.154448e-05
34615000	1.167219e-05
34620000	1.275040e-05
34625000	1.328806e-05
34630000	1.227844e-05
34635000	1.224378e-05
34640000	1.234242e-05
34645000	1.222485e-05
34650000	1.161275e-05
34655000	1.210604e-05
34660000	1.331611e-05
34665000	1.244868e-05
34670000	1.327008e-05
34675000	1.222667e-05
34680000	1.148353e-05
34685000	1.346567e-05
34690000	1.237878e-05
34695000	1.193797e-05
34700000	1.176941e-05
34705000	1.196511e-05
34710000	1.203463e-05
34715000	1.115634e-05
34720000	1.236111e-05
34725000	1.193169e-05
34730000	1.226262e-05
34735000	1.245563e-05
34740000	1.217627e-05
34745000	1.225384e-05
34750000	1.149185e-05
34755000	1.290663e-05
34760000	1.120565e-05
34765000	1.120019e-05
34770000	1.198614e-05
34775000	1.199879e-05
34780000	1.193215e-05
34785000	1.209203e-05
34790000	1.230159e-05
34795000	1.204497e-05
34800000	1.294220e-05
34805000	1.189166e-05
34810000	1.167510e-05
34815000	1.160620e-05
34820000	1.163695e-05
34825000	1.187411e-05
34830000	1.181654e-05
34835000	1.276854e-05
34840000	1.232921e-05
34845000	1.269403e-05
34850000	1.219073e-05
34855000	1.324277e-05
34860000	1.193079e-05
34865000	1.198214e-05
34870000	1.222074e-05
34875000	1.191677e-05
34880000	1.191315e-05
34885000	1.251887e-05
34890000	1.298446e-05
34895000	1.178321e-05
34900000	1.212673e-05
34905000	1.268900e-05
34910000	1.161232e-05
34915000	1.128293e-05
34920000	1.226802e-05
34925000	1.091920e-05
34930000	1.287081e-05
34935000	1.284848e-05
34940000	1.202412e-05
34945000	1.218791e-05
34950000	1.244844e-05
34955000	1.283702e-05
34960000	1.214602e-05
34965000	1.187902e-05
34970000	1.263436e-05
34975000	1.137883e-05
34980000	1.177823e-05
34985000	1.157640e-05
34990000	1.270181e-05
34995000	1.229090e-05
35000000	1.242910e-05
35005000	1.210207e-05
35010000	1.211313e-05
35015000	1.284896e-05
35020000	1.257493e-05
35025000	1.232879e-05
35030000	1.214745e-05
35035000	1.249654e-05
35040000	1.347846e-05
35045000	1.248506e-05
35050000	1.360539e-05
35055000	1.182697e-05
35060000	1.262158e-05
35065000	1.306664e-05
35070000	1.270384e-05
35075000	1.180133e-05
35080000	1.292986e-05
35085000	1.194137e-05
35090000	1.186679e-05
35095000	1.115716e-05
35100000	1.249774e-05
35105000	1.094145e-05
35110000	1.203633e-05
35115000	1.209175e-05
35120000	1.165267e-05
35125000	1.229191e-05
35130000	1.199763e-05
35135000	1.170592e-05
35140000	1.280946e-05
35145000	1.214164e-05
35150000	1.151079e-05
35155000	1.283416e-05
35160000	1.285975e-05
35165000	1.271291e-05
35170000	1.213897e-05
35175000	1.248906e-05
35180000	1.256394e-05
35185000	1.220315e-05
35190000	1.232278e-05
35195000	1.316229e-05
35200000	1.204658e-05
35205000	1.246846e-05
35210000	1.101593e-05
35215000	1.129880e-05
35220000	1.313383e-05
35225000	1.210951e-05
35230000	1.104975e-05
35235000	1.049940e-05
35240000	1.194802e-05
35245000	1.205996e-05
35250000	1.232221e-05
35255000	1.197425e-05
35260000	1.223569e-05
35265000	1.257155e-05
35270000	1.223264e-05
35275000	1.136783e-05
35280000	1.281699e-05
35285000	1.278097e-05
35290000	1.125315e-05
35295000	1.237235e-05
35300000	1.238929e-05
35305000	1.133842e-05
35310000	1.162243e-05
35315000	1.156250e-05
35320000	1.127659e-05
35325000	1.126770e-05
35330000	1.148769e-05
35335000	1.235785e-05
35340000	1.093880e-05
35345000	1.151365e-05
35350000	1.188842e-05
35355000	1.231983e-05
35360000	1.135946e-05
35365000	1.168551e-05
35370000	1.205740e-05
35375000	1.250967e-05
35380000	1.195044e-05
35385000	1.210831e-05
35390000	1.188547e-05
35395000	1.297263e-05
35400000	1.192126e-05
35405000	1.179353e-05
35410000	1.137602e-05
35415000	1.196096e-05
35420000	1.165251e-05
35425000	1.145733e-05
35430000	1.191872e-05
35435000	1.206810e-05
35440000	1.254660e-05
35445000	1.150798e-05
35450000	1.197732e-05
35455000	1.190960e-05
35460000	1.217021e-05
35465000	1.163742e-05
35470000	1.258281e-05
35475000	1.055502e-05
35480000	1.229992e-05
35485000	1.207225e-05
35490000	1.228676e-05
35495000	1.159514e-05
35500000	1.182131e-05
35505000	1.206379e-05
35510000	1.187703e-05
35515000	1.254066e-05
35520000	1.221008e-05
35525000	1.225271e-05
35530000	1.213414e-05
35535000	1.221807e-05
35540000	1.234336e-05
35545000	1.208353e-05
35550000	1.254284e-05
35555000	1.162843e-05
35560000	1.296974e-05
35565000	1.219341e-05
35570000	1.177969e-05
35575000	1.282482e-05
35580000	1.138990e-05
35585000	1.204976e-05
35590000	1.083845e-05
35595000	1.261789e-05
35600000	1.199455e-05
35605000	1.156986e-05
35610000	1.196633e-05
35615000	1.283606e-05
35620000	1.221150e-05
35625000	1.153956e-05
35630000	1.264472e-05
35635000	1.226119e-05
35640000	1.243900e-05
35645000	1.149622e-05
35650000	1.267320e-05
35655000	1.126526e-05
35660000	1.062841e-05
35665000	1.085640e-05
35670000	1.189972e-05
35675000	1.240899e-05
35680000	1.189614e-05
35685000	1.168612e-05
35690000	1.088969e-05
35695000	1.250819e-05
35700000	1.269668e-05
35705000	1.166335e-05
35710000	1.155160e-05
35715000	1.231343e-05
35720000	1.264423e-05
35725000	1.115963e-05
35730000	1.122239e-05
35735000	1.221076e-05
35740000	1.217085e-05
35745000	1.256353e-05
35750000	1.212765e-05
35755000	1.129689e-05
35760000	1.191449e-05
35765000	1.202638e-05
35770000	1.145580e-05
35775000	1.236947e-05
35780000	1.199024e-05
35785000	1.155934e-05
35790000	1.265889e-05
35795000	1.102330e-05
35800000	1.204066e-05
35805000	1.192211e-05
35810000	1.093914e-05
35815000	1.155017e-05
35820000	1.207060e-05
35825000	1.130514e-05
35830000	1.249196e-05
35835000	1.272145e-05
35840000	1.296738e-05
35845000	1.329235e-05
35850000	1.163814e-05
35855000	1.170377e-05
35860000	1.203727e-05
35865000	1.244673e-05
35870000	1.188480e-05
35875000	1.039174e-05
35880000	1.171460e-05
35885000	1.137240e-05
35890000	1.227871e-05
35895000	1.181887e-05
35900000	1.147773e-05
35905000	1.185773e-05
35910000	1.239348e-05
35915000	1.218477e-05
35920000	1.141906e-05
35925000	1.199381e-05
35930000	1.147307e-05
35935000	1.207579e-05
35940000	1.166410e-05
35945000	1.169800e-05
35950000	1.271391e-05
35955000	1.217523e-05
35960000	1.226683e-05
35965000	1.162524e-05
35970000	1.147864e-05
35975000	1.094701e-05
35980000	1.127670e-05
35985000	1.159523e-05
35990000	1.150225e-05
35995000	1.102921e-05
36000000	1.110859e-05
36005000	1.129975e-05
36010000	1.052065e-05
36015000	1.080061e-05
36020000	1.159193e-05
36025000	1.153442e-05
36030000	1.188270e-05
36035000	1.154044e-05
36040000	1.170633e-05
36045000	1.138014e-05
36050000	1.234077e-05
36055000	1.165408e-05
36060000	1.183931e-05
36065000	1.143571e-05
36070000	1.196269e-05
36075000	1.152642e-05
36080000	1.269725e-05
36085000	1.173487e-05
36090000	1.161154e-05
36095000	1.224024e-05
36100000	1.270383e-05
36105000	1.162898e-05
36110000	1.269704e-05
36115000	1.160374e-05
36120000	1.111502e-05
36125000	1.121452e-05
36130000	1.268610e-05
36135000	1.285100e-05
36140000	1.139009e-05
36145000	1.314695e-05
36150000	1.174556e-05
36155000	1.090170e-05
36160000	1.162832e-05
36165000	1.261860e-05
36170000	1.117955e-05
36175000	1.191203e-05
36180000	1.194828e-05
36185000	1.361537e-05
36190000	1.141264e-05
36195000	1.173589e-05
36200000	1.189947e-05
36205000	1.155148e-05
36210000	1.208895e-05
36215000	1.317880e-05
36220000	1.135605e-05
36225000	1.201075e-05
36230000	1.202434e-05
36235000	1.154520e-05
36240000	1.251423e-05
36245000	1.168561e-05
36250000	1.189750e-05
36255000	1.256719e-05
36260000	1.127399e-05
36265000	1.195843e-05
36270000	1.149024e-05
36275000	1.136866e-05
36280000	1.137478e-05
36285000	1.138810e-05
36290000	1.221037e-05
36295000	1.154487e-05
36300000	1.138992e-05
36305000	1.086613e-05
36310000	1.071313e-05
36315000	1.192668e-05
36320000	1.230135e-05
36325000	1.128511e-05
36330000	1.231018e-05
36335000	1.241481e-05
36340000	1.218453e-05
36345000	1.216356e-05
36350000	1.091255e-05
36355000	1.136904e-05
36360000	1.194224e-05
36365000	1.146646e-05
36370000	1.208644e-05
36375000	1.238613e-05
36380000	1.098202e-05
36385000	1.193083e-05
36390000	1.226206e-05
36395000	1.148257e-05
36400000	1.252042e-05
36405000	1.091374e-05
36410000	1.148506e-05
36415000	1.079802e-05
36420000	1.201138e-05
36425000	1.122692e-05
36430000	1.162119e-05
36435000	1.195867e-05
36440000	1.090540e-05
36445000	1.164532e-05
36450000	1.166094e-05
36455000	1.193656e-05
36460000	1.163456e-05
36465000	1.127395e-05
36470000	1.124710e-05
36475000	1.205619e-05
36480000	1.108567e-05
36485000	1.204036e-05
36490000	1.211675e-05
36495000	1.076983e-05
36500000	1.113748e-05
36505000	1.169070e-05
36510000	1.135102e-05
36515000	1.231495e-05
36520000	1.163357e-05
36525000	1.096908e-05
36530000	1.136224e-05
36535000	1.222952e-05
36540000	1.169378e-05
36545000	1.186675e-05
36550000	1.110914e-05
36555000	1.193752e-05
36560000	1.192042e-05
36565000	1.213714e-05
36570000	1.115157e-05
36575000	1.138626e-05
36580000	1.074982e-05
36585000	1.130484e-05
36590000	1.010746e-05
36595000	1.151023e-05
36600000	1.112865e-05
36605000	1.154718e-05
36610000	1.128098e-05
36615000	1.138578e-05
36620000	1.176152e-05
36625000	1.172491e-05
36630000	1.170879e-05
36635000	1.219668e-05
36640000	1.121748e-05
36645000	1.139018e-05
36650000	1.142345e-05
36655000	1.134482e-05
36660000	1.163442e-05
36665000	1.160167e-05
36670000	1.160042e-05
36675000	1.152453e-05
36680000	1.132978e-05
36685000	1.186925e-05
36690000	1.211591e-05
36695000	1.215583e-05
36700000	1.139657e-05
36705000	1.170910e-05
36710000	1.129097e-05
36715000	1.115068e-05
36720000	1.050347e-05
36725000	1.053768e-05
36730000	1.126691e-05
36735000	1.095226e-05
36740000	1.178503e-05
36745000	1.203628e-05
36750000	1.158681e-05
36755000	1.115331e-05
36760000	1.114323e-05
36765000	1.111389e-05
36770000	1.119066e-05
36775000	1.156730e-05
36780000	1.187965e-05
36785000	1.227328e-05
36790000	1.060927e-05
36795000	1.066067e-05
36800000	1.134646e-05
36805000	1.191682e-05
36810000	1.159088e-05
36815000	1.158611e-05
36820000	1.086166e-05
36825000	1.089006e-05
36830000	1.159270e-05
36835000	1.114704e-05
36840000	1.245481e-05
36845000	1.139831e-05
36850000	1.116803e-05
36855000	1.099782e-05
36860000	1.039964e-05
36865000	1.180528e-05
36870000	1.132934e-05
36875000	1.149639e-05
36880000	1.091314e-05
36885000	1.159088e-05
36890000	1.193368e-05
36895000	1.115406e-05
36900000	1.212776e-05
36905000	1.209740e-05
36910000	1.178447e-05
36915000	1.177738e-05
36920000	1.131978e-05
36925000	1.109531e-05
36930000	1.222569e-05
36935000	1.205195e-05
36940000	1.076669e-05
36945000	1.156590e-05
36950000	1.169216e-05
36955000	1.101906e-05
36960000	1.047703e-05
36965000	1.197327e-05
36970000	1.025728e-05
36975000	1.155275e-05
36980000	1.133429e-05
36985000	1.109308e-05
36990000	1.096355e-05
36995000	1.143045e-05
37000000	1.196789e-05
37005000	1.334639e-05
37010000	1.162432e-05
37015000	1.106232e-05
37020000	1.159816e-05
37025000	1.216070e-05
37030000	1.204305e-05
37035000	1.152076e-05
37040000	1.103488e-05
37045000	1.122537e-05
37050000	1.166984e-05
37055000	1.049304e-05
37060000	1.251384e-05
37065000	1.209302e-05
37070000	1.118434e-05
37075000	1.063440e-05
37080000	1.214125e-05
37085000	1.256081e-05
37090000	1.132020e-05
37095000	1.143016e-05
37100000	1.125285e-05
37105000	1.286120e-05
37110000	1.071211e-05
37115000	1.201396e-05
37120000	1.204050e-05
37125000	1.101419e-05
37130000	1.223313e-05
37135000	1.183937e-05
37140000	1.187500e-05
37145000	1.234769e-05
37150000	1.228255e-05
37155000	1.222595e-05
37160000	1.147455e-05
37165000	1.149650e-05
37170000	1.109101e-05
37175000	1.092292e-05
37180000	1.148801e-05
37185000	1.170816e-05
37190000	1.203057e-05
37195000	1.121338e-05
37200000	1.123815e-05
37205000	1.161800e-05
37210000	1.177362e-05
37215000	1.179175e-05
37220000	1.156068e-05
37225000	1.198688e-05
37230000	1.129552e-05
37235000	1.149430e-05
37240000	1.213799e-05
37245000	1.242879e-05
37250000	1.173583e-05
37255000	1.179895e-05
37260000	1.077415e-05
37265000	1.153768e-05
37270000	1.205053e-05
37275000	1.161592e-05
37280000	1.073476e-05
37285000	1.148022e-05
37290000	1.240180e-05
37295000	1.239696e-05
37300000	1.144012e-05
37305000	1.082141e-05
37310000	1.176781e-05
37315000	1.163169e-05
37320000	1.211212e-05
37325000	1.193763e-05
37330000	1.148134e-05
37335000	1.083980e-05
37340000	1.094283e-05
37345000	1.183986e-05
37350000	1.190033e-05
37355000	1.255505e-05
37360000	1.017381e-05
37365000	1.078641e-05
37370000	1.161039e-05
37375000	1.136701e-05
37380000	1.164910e-05
37385000	1.177035e-05
37390000	1.103131e-05
37395000	1.063187e-05
37400000	1.113805e-05
37405000	1.129393e-05
37410000	1.093100e-05
37415000	1.093930e-05
37420000	1.213081e-05
37425000	1.220946e-05
37430000	1.124518e-05
37435000	1.150950e-05
37440000	1.109129e-05
37445000	1.205939e-05
37450000	1.156557e-05
37455000	1.067282e-05
37460000	1.108286e-05
37465000	1.182333e-05
37470000	1.180115e-05
37475000	1.122831e-05
37480000	1.116759e-05
37485000	1.071429e-05
37490000	1.178422e-05
37495000	1.185851e-05
37500000	1.184352e-05
37505000	1.153942e-05
37510000	1.119137e-05
37515000	1.119049e-05
37520000	1.189795e-05
37525000	1.210539e-05
37530000	1.070044e-05
37535000	1.107929e-05
37540000	1.240452e-05
37545000	1.153026e-05
37550000	1.073432e-05
37555000	1.096885e-05
37560000	1.236179e-05
37565000	1.072182e-05
37570000	1.136536e-05
37575000	1.097893e-05
37580000	1.197479e-05
37585000	1.182392e-05
37590000	1.060986e-05
37595000	1.147708e-05
37600000	1.073505e-05
37605000	1.259322e-05
37610000	1.130708e-05
37615000	1.158526e-05
37620000	1.062048e-05
37625000	1.115074e-05
37630000	1.222527e-05
37635000	1.125202e-05
37640000	1.164673e-05
37645000	1.179758e-05
37650000	1.158557e-05
37655000	1.112269e-05
37660000	1.179997e-05
37665000	1.151258e-05
37670000	1.093409e-05
37675000	1.272494e-05
37680000	1.169353e-05
37685000	1.105785e-05
37690000	1.199349e-05
37695000	1.142259e-05
37700000	1.061723e-05
37705000	1.159431e-05
37710000	1.093579e-05
37715000	1.136407e-05
37720000	1.194187e-05
37725000	1.091331e-05
37730000	1.227359e-05
37735000	1.117345e-05
37740000	1.060431e-05
37745000	1.144895e-05
37750000	1.211389e-05
37755000	1.089472e-05
37760000	1.149603e-05
37765000	1.133889e-05
37770000	1.115617e-05
37775000	1.117311e-05
37780000	1.171618e-05
37785000	1.065130e-05
37790000	1.175574e-05
37795000	1.113432e-05
37800000	1.120424e-05
37805000	9.761122e-06
37810000	1.067298e-05
37815000	1.176180e-05
37820000	1.107174e-05
37825000	1.147041e-05
37830000	1.129560e-05
37835000	1.116418e-05
37840000	1.187851e-05
37845000	1.118448e-05
37850000	1.109717e-05
37855000	1.107958e-05
37860000	1.000782e-05
37865000	1.183473e-05
37870000	1.179494e-05
37875000	1.073298e-05
37880000	1.139122e-05
37885000	1.061715e-05
37890000	1.080003e-05
37895000	1.215134e-05
37900000	1.091008e-05
37905000	1.084060e-05
37910000	1.080276e-05
37915000	1.149037e-05
37920000	1.178414e-05
37925000	1.173627e-05
37930000	1.163618e-05
37935000	1.083989e-05
37940000	1.216955e-05
37945000	1.125829e-05
37950000	1.070463e-05
37955000	1.160286e-05
37960000	1.139822e-05
37965000	1.053992e-05
37970000	1.077633e-05
37975000	1.153261e-05
37980000	1.118931e-05
37985000	1.085027e-05
37990000	1.081840e-05
37995000	1.033378e-05
38000000	1.021102e-05
38005000	1.130167e-05
38010000	1.117227e-05
38015000	1.189163e-05
38020000	1.200995e-05
38025000	1.202737e-05
38030000	1.097171e-05
38035000	1.168148e-05
38040000	1.161426e-05
38045000	1.191995e-05
38050000	1.215080e-05
38055000	1.118792e-05
38060000	1.043578e-05
38065000	1.080933e-05
38070000	1.173360e-05
38075000	1.138595e-05
38080000	1.119141e-05
38085000	1.130608e-05
38090000	1.163047e-05
38095000	1.166875e-05
38100000	1.283892e-05
38105000	1.115773e-05
38110000	1.153539e-05
38115000	1.141960e-05
38120000	1.182889e-05
38125000	1.011760e-05
38130000	1.125732e-05
38135000	1.097902e-05
38140000	1.110138e-05
38145000	9.474268e-06
38150000	1.107947e-05
38155000	1.138952e-05
38160000	1.052071e-05
38165000	1.125942e-05
38170000	1.161310e-05
38175000	1.170610e-05
38180000	1.141746e-05
38185000	1.122456e-05
38190000	1.046186e-05
38195000	1.188225e-05
38200000	1.121770e-05
38205000	1.071990e-05
38210000	1.039405e-05
38215000	1.082092e-05
38220000	1.029412e-05
38225000	1.112042e-05
38230000	1.202359e-05
38235000	1.130380e-05
38240000	1.073981e-05
38245000	1.142286e-05
38250000	1.146937e-05
38255000	1.089842e-05
38260000	1.230777e-05
38265000	1.152059e-05
38270000	1.038908e-05
38275000	1.112575e-05
38280000	1.106700e-05
38285000	1.061218e-05
38290000	1.236307e-05
38295000	1.060144e-05
38300000	1.084546e-05
38305000	1.150278e-05
38310000	1.068482e-05
38315000	1.001905e-05
38320000	1.100172e-05
38325000	1.150482e-05
38330000	1.180085e-05
38335000	1.182247e-05
38340000	1.176276e-05
38345000	1.103078e-05
38350000	1.086082e-05
38355000	1.117507e-05
38360000	1.125752e-05
38365000	1.113761e-05
38370000	1.077133e-05
38375000	1.116486e-05
38380000	1.062351e-05
38385000	1.066194e-05
38390000	1.119750e-05
38395000	1.048787e-05
38400000	1.173079e-05
38405000	1.137305e-05
38410000	1.018894e-05
38415000	1.032287e-05
38420000	1.100010e-05
38425000	1.104731e-05
38430000	1.063009e-05
38435000	1.061494e-05
38440000	1.154546e-05
38445000	1.037044e-05
38450000	1.101132e-05
38455000	1.154725e-05
38460000	1.042396e-05
38465000	1.132298e-05
38470000	1.087184e-05
38475000	1.051016e-05
38480000	1.118046e-05
38485000	1.085307e-05
38490000	1.174057e-05
38495000	1.181537e-05
38500000	1.120332e-05
38505000	1.178616e-05
38510000	1.140965e-05
38515000	1.094543e-05
38520000	1.100094e-05
38525000	1.174949e-05
38530000	1.117845e-05
38535000	1.081019e-05
38540000	1.150416e-05
38545000	1.120101e-05
38550000	1.044028e-05
38555000	1.120057e-05
38560000	1.082129e-05
38565000	1.155717e-05
38570000	1.039677e-05
38575000	1.042278e-05
38580000	1.087697e-05
38585000	1.086803e-05
38590000	1.083556e-05
38595000	1.021385e-05
38600000	1.108730e-05
38605000	1.057011e-05
38610000	1.124368e-05
38615000	1.184561e-05
38620000	1.117271e-05
38625000	1.189844e-05
38630000	1.155312e-05
38635000	1.062205e-05
38640000	1.181689e-05
38645000	1.213356e-05
38650000	1.041481e-05
38655000	1.152166e-05
38660000	1.136218e-05
38665000	1.172410e-05
38670000	1.098532e-05
38675000	1.110518e-05
38680000	1.150616e-05
38685000	1.092089e-05
38690000	1.145295e-05
38695000	1.157309e-05
38700000	1.095601e-05
38705000	1.050032e-05
38710000	1.129502e-05
38715000	1.132850e-05
38720000	1.122388e-05
38725000	1.137071e-05
38730000	1.123618e-05
38735000	1.104735e-05
38740000	1.026904e-05
38745000	1.105208e-05
38750000	1.101492e-05
38755000	1.042028e-05
38760000	1.167146e-05
38765000	1.090930e-05
38770000	1.115205e-05
38775000	1.155224e-05
38780000	1.066772e-05
38785000	1.150606e-05
38790000	1.191245e-05
38795000	1.063294e-05
38800000	1.153963e-05
38805000	1.090059e-05
38810000	1.121057e-05
38815000	1.136514e-05
38820000	1.221455e-05
38825000	1.148660e-05
38830000	1.083405e-05
38835000	1.051249e-05
38840000	1.086589e-05
38845000	1.143675e-05
38850000	1.129642e-05
38855000	1.167787e-05
38860000	1.077263e-05
38865000	1.123753e-05
38870000	9.643064e-06
38875000	1.159205e-05
38880000	1.071990e-05
38885000	1.223677e-05
38890000	1.130790e-05
38895000	1.098876e-05
38900000	1.129742e-05
38905000	1.096824e-05
38910000	1.043125e-05
38915000	1.165833e-05
38920000	1.164305e-05
38925000	1.023006e-05
38930000	1.106516e-05
38935000	1.109861e-05
38940000	1.083552e-05
38945000	1.023977e-05
38950000	9.921072e-06
38955000	1.147809e-05
38960000	1.081677e-05
38965000	1.091469e-05
38970000	1.211789e-05
38975000	1.155206e-05
38980000	1.124759e-05
38985000	1.051455e-05
38990000	1.062446e-05
38995000	1.164471e-05
39000000	1.159027e-05
39005000	1.124185e-05
39010000	1.121405e-05
39015000	1.112192e-05
39020000	1.029062e-05
39025000	1.063314e-05
39030000	1.199437e-05
39035000	1.125242e-05
39040000	1.152452e-05
39045000	1.119697e-05
39050000	1.053934e-05
39055000	1.191439e-05
39060000	1.065637e-05
39065000	1.069769e-05
39070000	1.055542e-05
39075000	1.034956e-05
39080000	1.106230e-05
39085000	1.092088e-05
39090000	1.060054e-05
39095000	1.072386e-05
39100000	1.176128e-05
39105000	1.110373e-05
39110000	1.184121e-05
39115000	1.091221e-05
39120000	1.091562e-05
39125000	1.009815e-05
39130000	1.072601e-05
39135000	1.090516e-05
39140000	1.099432e-05
39145000	1.227164e-05
39150000	1.041333e-05
39155000	1.091593e-05
39160000	1.109386e-05
39165000	1.115628e-05
39170000	1.072458e-05
39175000	1.120625e-05
39180000	1.014338e-05
39185000	1.110770e-05
39190000	1.038272e-05
39195000	1.080891e-05
39200000	1.077850e-05
39205000	1.231070e-05
39210000	1.057653e-05
39215000	1.031451e-05
39220000	1.045842e-05
39225000	1.052917e-05
39230000	1.000483e-05
39235000	1.122049e-05
39240000	1.148530e-05
39245000	1.238120e-05
39250000	1.088934e-05
39255000	1.114146e-05
39260000	1.070103e-05
39265000	1.120956e-05
39270000	1.172246e-05
39275000	1.096046e-05
39280000	1.098336e-05
39285000	1.028440e-05
39290000	1.158870e-05
39295000	1.154347e-05
39300000	1.051574e-05
39305000	1.131093e-05
39310000	1.133170e-05
39315000	1.095916e-05
39320000	1.036693e-05
39325000	1.063155e-05
39330000	1.079077e-05
39335000	1.062808e-05
39340000	1.082686e-05
39345000	1.124580e-05
39350000	1.015023e-05
39355000	1.026315e-05
39360000	1.159532e-05
39365000	1.044477e-05
39370000	1.068704e-05
39375000	1.021695e-05
39380000	1.092562e-05
39385000	1.111063e-05
39390000	1.163814e-05
39395000	1.135173e-05
39400000	1.066083e-05
39405000	1.071248e-05
39410000	1.079900e-05
39415000	1.078502e-05
39420000	1.055290e-05
39425000	1.088005e-05
39430000	1.120673e-05
39435000	1.127780e-05
39440000	1.084343e-05
39445000	1.051302e-05
39450000	1.120390e-05
39455000	1.088383e-05
39460000	1.024135e-05
39465000	1.028889e-05
39470000	1.146607e-05
39475000	1.064180e-05
39480000	1.099376e-05
39485000	1.123964e-05
39490000	1.088378e-05
39495000	1.047373e-05
39500000	1.124314e-05
39505000	1.091351e-05
39510000	1.074395e-05
39515000	1.171109e-05
39520000	1.065172e-05
39525000	1.121587e-05
39530000	1.093807e-05
39535000	1.084276e-05
39540000	1.105719e-05
39545000	1.144719e-05
39550000	1.170788e-05
39555000	1.013301e-05
39560000	1.075177e-05
39565000	1.090494e-05
39570000	1.049894e-05
39575000	1.116965e-05
39580000	1.119835e-05
39585000	1.112099e-05
39590000	1.080545e-05
39595000	1.127648e-05
39600000	1.130089e-05
39605000	1.069134e-05
39610000	1.057309e-05
39615000	1.094455e-05
39620000	1.105316e-05
39625000	9.938461e-06
39630000	1.084143e-05
39635000	9.963803e-06
39640000	1.110112e-05
39645000	1.136961e-05
39650000	1.099160e-05
39655000	1.108794e-05
39660000	1.069975e-05
39665000	1.197217e-05
39670000	1.069481e-05
39675000	1.114269e-05
39680000	1.084678e-05
39685000	1.042655e-05
39690000	1.056112e-05
39695000	1.138997e-05
39700000	1.051910e-05
39705000	1.078133e-05
39710000	1.079208e-05
39715000	1.056622e-05
39720000	1.104456e-05
39725000	1.127156e-05
39730000	1.124578e-05
39735000	1.075001e-05
39740000	1.071329e-05
39745000	1.016534e-05
39750000	1.100022e-05
39755000	1.083259e-05
39760000	1.146331e-05
39765000	1.180160e-05
39770000	1.155065e-05
39775000	1.066292e-05
39780000	1.144940e-05
39785000	1.041170e-05
39790000	1.097893e-05
39795000	1.147019e-05
39800000	1.130022e-05
39805000	9.639249e-06
39810000	1.131309e-05
39815000	1.138191e-05
39820000	1.104798e-05
39825000	1.279936e-05
39830000	1.189916e-05
39835000	1.186872e-05
39840000	1.039259e-05
39845000	1.108278e-05
39850000	1.142148e-05
39855000	1.158921e-05
39860000	1.043585e-05
39865000	1.072082e-05
39870000	1.044561e-05
39875000	1.131713e-05
39880000	1.103494e-05
39885000	1.072660e-05
39890000	1.078914e-05
39895000	1.130391e-05
39900000	1.038769e-05
39905000	1.035765e-05
39910000	1.137494e-05
39915000	1.042257e-05
39920000	1.153346e-05
39925000	1.108183e-05
39930000	1.042198e-05
39935000	1.020773e-05
39940000	1.225245e-05
39945000	1.047581e-05
39950000	1.064233e-05
39955000	1.047613e-05
39960000	1.042760e-05
39965000	1.071625e-05
39970000	1.132038e-05
39975000	1.117406e-05
39980000	1.018010e-05
39985000	1.060440e-05
39990000	1.110376e-05
39995000	1.111970e-05
40000000	1.094842e-05
40005000	1.068616e-05
40010000	1.133312e-05
40015000	1.056412e-05
40020000	1.042075e-05
40025000	1.114914e-05
40030000	1.007172e-05
40035000	1.153493e-05
40040000	1.046708e-05
40045000	1.083823e-05
40050000	1.102367e-05
40055000	1.203727e-05
40060000	1.067846e-05
40065000	1.068717e-05
40070000	1.031402e-05
40075000	1.051566e-05
40080000	1.106377e-05
40085000	1.052478e-05
40090000	1.090392e-05
40095000	1.075613e-05
40100000	1.077292e-05
40105000	1.071535e-05
40110000	1.032246e-05
40115000	1.096443e-05
40120000	1.047285e-05
40125000	1.149966e-05
40130000	1.155577e-05
40135000	1.104455e-05
40140000	9.668129e-06
40145000	1.105396e-05
40150000	1.003033e-05
40155000	1.059836e-05
40160000	1.056036e-05
40165000	9.417883e-06
40170000	1.106636e-05
40175000	1.055487e-05
40180000	1.070747e-05
40185000	1.004967e-05
40190000	1.071268e-05
40195000	1.139901e-05
40200000	1.044381e-05
40205000	1.027996e-05
40210000	1.082076e-05
40215000	1.045588e-05
40220000	1.058329e-05
40225000	1.074049e-05
40230000	1.040788e-05
40235000	1.097851e-05
40240000	1.005573e-05
40245000	1.152725e-05
40250000	1.127974e-05
40255000	1.026898e-05
40260000	1.029991e-05
40265000	9.941017e-06
40270000	1.029296e-05
40275000	1.179736e-05
40280000	1.074801e-05
40285000	1.083159e-05
40290000	9.726584e-06
40295000	1.108699e-05
40300000	1.139794e-05
40305000	1.016241e-05
40310000	1.124799e-05
40315000	1.141006e-05
40320000	1.100676e-05
40325000	1.039345e-05
40330000	1.109230e-05
40335000	1.080458e-05
40340000	1.109488e-05
40345000	1.045622e-05
40350000	1.091135e-05
40355000	1.175736e-05
40360000	1.112557e-05
40365000	1.118814e-05
40370000	1.031578e-05
40375000	1.062802e-05
40380000	1.061665e-05
40385000	1.032832e-05
40390000	1.040931e-05
40395000	1.001267e-05
40400000	1.125596e-05
40405000	1.126359e-05
40410000	1.094735e-05
40415000	1.125086e-05
40420000	1.060155e-05
40425000	9.627511e-06
40430000	1.103767e-05
40435000	1.103460e-05
40440000	1.017593e-05
40445000	1.025240e-05
40450000	1.069596e-05
40455000	1.076703e-05
40460000	1.141905e-05
40465000	1.051890e-05
40470000	1.020150e-05
40475000	1.029897e-05
40480000	1.070560e-05
40485000	1.103386e-05
40490000	1.114072e-05
40495000	1.153381e-05
40500000	1.087281e-05
40505000	9.912537e-06
40510000	1.089922e-05
40515000	1.133129e-05
40520000	1.041411e-05
40525000	1.021458e-05
40530000	1.146440e-05
40535000	1.103280e-05
40540000	1.057284e-05
40545000	1.200052e-05
40550000	1.112312e-05
40555000	1.104832e-05
40560000	1.111265e-05
40565000	1.080724e-05
40570000	1.175497e-05
40575000	1.051008e-05
40580000	1.026715e-05
40585000	1.089478e-05
40590000	1.000794e-05
40595000	1.175171e-05
40600000	1.104610e-05
40605000	1.038901e-05
40610000	1.052822e-05
40615000	1.138909e-05
40620000	1.122225e-05
40625000	1.144448e-05
40630000	1.180868e-05
40635000	1.146500e-05
40640000	1.070855e-05
40645000	1.100839e-05
40650000	1.068310e-05
40655000	1.106509e-05
40660000	1.096046e-05
40665000	9.958252e-06
40670000	1.090873e-05
40675000	1.083738e-05
40680000	1.063466e-05
40685000	9.890655e-06
40690000	1.061871e-05
40695000	1.158390e-05
40700000	1.067599e-05
40705000	1.034515e-05
40710000	1.057007e-05
40715000	1.089179e-05
40720000	1.066394e-05
40725000	1.055808e-05
40730000	1.095408e-05
40735000	1.144274e-05
40740000	1.131958e-05
40745000	1.043916e-05
40750000	1.106384e-05
40755000	1.088984e-05
40760000	1.088839e-05
40765000	1.013621e-05
40770000	1.076810e-05
40775000	1.070495e-05
40780000	1.049663e-05
40785000	9.855798e-06
40790000	1.072317e-05
40795000	1.170283e-05
40800000	1.101297e-05
40805000	1.035612e-05
40810000	1.001360e-05
40815000	1.078302e-05
40820000	1.124295e-05
40825000	1.120154e-05
40830000	1.090865e-05
40835000	1.014062e-05
40840000	1.088269e-05
40845000	1.105202e-05
40850000	1.118233e-05
40855000	1.037528e-05
40860000	1.058190e-05
40865000	1.066567e-05
40870000	1.067914e-05
40875000	1.058383e-05
40880000	1.057904e-05
40885000	1.022199e-05
40890000	1.065109e-05
40895000	1.001415e-05
40900000	1.086007e-05
40905000	1.080264e-05
40910000	1.112815e-05
40915000	1.162185e-05
40920000	1.079760e-05
40925000	1.104867e-05
40930000	1.090737e-05
40935000	1.062761e-05
40940000	1.071763e-05
40945000	1.122885e-05
40950000	1.046690e-05
40955000	1.153433e-05
40960000	1.064758e-05
40965000	1.047921e-05
40970000	1.097330e-05
40975000	1.100657e-05
40980000	1.127218e-05
40985000	1.060285e-05
40990000	1.087940e-05
40995000	1.008617e-05
41000000	1.090589e-05
41005000	9.704126e-06
41010000	1.095033e-05
41015000	1.023044e-05
41020000	1.049595e-05
41025000	1.024330e-05
41030000	1.002720e-05
41035000	1.123775e-05
41040000	1.066576e-05
41045000	1.076747e-05
41050000	1.053599e-05
41055000	1.131678e-05
41060000	1.087701e-05
41065000	1.060691e-05
41070000	1.067085e-05
41075000	1.016395e-05
41080000	9.919221e-06
41085000	1.050329e-05
41090000	9.989174e-06
41095000	9.966805e-06
41100000	1.040954e-05
41105000	1.061118e-05
41110000	1.084345e-05
41115000	1.036596e-05
41120000	1.068828e-05
41125000	1.092380e-05
41130000	1.112200e-05
41135000	1.086759e-05
41140000	1.129169e-05
41145000	1.083130e-05
41150000	1.111335e-05
41155000	1.040094e-05
41160000	1.082250e-05
41165000	1.074833e-05
41170000	1.078079e-05
41175000	9.640562e-06
41180000	9.552334e-06
41185000	1.000252e-05
41190000	1.090825e-05
41195000	1.032011e-05
41200000	9.606967e-06
41205000	1.124564e-05
41210000	1.021966e-05
41215000	1.055893e-05
41220000	1.108448e-05
41225000	1.055638e-05
41230000	1.124602e-05
41235000	1.035462e-05
41240000	9.823750e-06
41245000	1.128627e-05
41250000	1.082352e-05
41255000	1.038004e-05
41260000	9.956556e-06
41265000	9.951642e-06
41270000	1.085396e-05
41275000	1.115766e-05
41280000	1.085375e-05
41285000	1.068538e-05
41290000	1.081529e-05
41295000	1.048198e-05
41300000	1.149007e-05
41305000	1.036780e-05
41310000	9.929472e-06
41315000	1.054212e-05
41320000	1.061332e-05
41325000	1.022011e-05
41330000	1.021560e-05
41335000	1.017293e-05
41340000	1.040662e-05
41345000	9.698332e-06
41350000	1.066458e-05
41355000	1.063097e-05
41360000	1.058354e-05
41365000	1.106044e-05
41370000	9.314487e-06
41375000	1.051960e-05
41380000	1.090982e-05
41385000	1.045070e-05
41390000	1.017305e-05
41395000	1.028565e-05
41400000	1.066610e-05
41405000	1.044879e-05
41410000	9.987487e-06
41415000	1.083691e-05
41420000	1.125382e-05
41425000	1.030810e-05
41430000	1.025006e-05
41435000	1.096033e-05
41440000	9.944663e-06
41445000	1.149247e-05
41450000	1.125071e-05
41455000	1.129460e-05
41460000	1.060293e-05
41465000	1.085165e-05
41470000	1.091210e-05
41475000	9.956144e-06
41480000	1.149114e-05
41485000	1.072014e-05
41490000	9.818860e-06
41495000	1.017147e-05
41500000	9.295088e-06
41505000	1.017148e-05
41510000	9.957683e-06
41515000	1.014889e-05
41520000	1.013221e-05
41525000	1.033629e-05
41530000	9.822030e-06
41535000	1.041842e-05
41540000	1.038027e-05
41545000	1.082229e-05
41550000	1.136688e-05
41555000	1.071656e-05
41560000	1.133857e-05
41565000	1.026855e-05
41570000	1.120027e-05
41575000	1.111097e-05
41580000	1.064309e-05
41585000	1.016968e-05
41590000	1.073561e-05
41595000	9.616405e-06
41600000	1.017602e-05
41605000	1.062643e-05
41610000	1.022167e-05
41615000	1.081318e-05
41620000	1.052639e-05
41625000	1.089317e-05
41630000	1.090507e-05
41635000	1.048169e-05
41640000	9.996619e-06
41645000	1.087061e-05
41650000	1.099057e-05
41655000	1.125138e-05
41660000	1.132247e-05
41665000	1.106110e-05
41670000	1.047884e-05
41675000	1.045851e-05
41680000	1.118480e-05
41685000	1.033452e-05
41690000	1.030304e-05
41695000	1.029695e-05
41700000	1.023878e-05
41705000	1.102496e-05
41710000	1.062745e-05
41715000	1.058887e-05
41720000	9.703972e-06
41725000	1.083844e-05
41730000	9.811279e-06
41735000	9.368541e-06
41740000	1.124296e-05
41745000	1.093664e-05
41750000	1.014230e-05
41755000	9.882702e-06
41760000	1.045999e-05
41765000	1.027750e-05
41770000	9.910195e-06
41775000	1.041699e-05
41780000	9.998600e-06
41785000	1.134198e-05
41790000	1.040669e-05
41795000	9.428792e-06
41800000	1.071717e-05
41805000	1.051810e-05
41810000	1.073197e-05
41815000	1.049106e-05
41820000	9.896708e-06
41825000	1.050323e-05
41830000	1.007351e-05
41835000	1.107576e-05
41840000	1.027155e-05
41845000	1.041537e-05
41850000	9.802711e-06
41855000	1.046635e-05
41860000	1.070242e-05
41865000	1.016479e-05
41870000	1.033960e-05
41875000	1.023701e-05
41880000	9.862065e-06
41885000	1.034275e-05
41890000	9.014304e-06
41895000	9.750814e-06
41900000	1.025247e-05
41905000	1.068592e-05
41910000	1.001939e-05
41915000	1.061821e-05
41920000	1.012572e-05
41925000	1.059208e-05
41930000	1.066427e-05
41935000	1.059533e-05
41940000	9.459298e-06
41945000	9.900035e-06
41950000	9.364805e-06
41955000	1.029756e-05
41960000	1.045511e-05
41965000	9.978165e-06
41970000	1.017378e-05
41975000	1.020448e-05
41980000	9.344046e-06
41985000	1.034157e-05
41990000	1.038452e-05
41995000	9.366237e-06
42000000	1.005390e-05
42005000	1.062652e-05
42010000	9.953880e-06
42015000	1.032247e-05
42020000	1.080892e-05
42025000	1.006860e-05
42030000	9.893203e-06
42035000	9.380744e-06
42040000	1.075056e-05
42045000	1.039923e-05
42050000	1.061271e-05
42055000	9.911601e-06
42060000	1.075908e-05
42065000	1.011515e-05
42070000	9.963060e-06
42075000	9.430850e-06
42080000	1.023106e-05
42085000	9.920623e-06
42090000	1.023657e-05
42095000	9.899385e-06
42100000	9.195367e-06
42105000	1.002522e-05
42110000	1.120297e-05
42115000	9.867459e-06
42120000	9.253156e-06
42125000	1.029077e-05
42130000	9.595363e-06
42135000	1.028998e-05
42140000	1.022208e-05
42145000	1.097483e-05
42150000	1.073686e-05
42155000	1.047747e-05
42160000	9.804265e-06
42165000	1.009339e-05
42170000	9.912058e-06
42175000	1.008326e-05
42180000	1.027084e-05
42185000	9.139839e-06
42190000	1.062874e-05
42195000	9.757252e-06
42200000	9.738117e-06
42205000	9.607516e-06
42210000	9.413929e-06
42215000	1.079089e-05
42220000	9.705050e-06
42225000	1.041619e-05
42230000	1.014794e-05
42235000	1.044534e-05
42240000	1.002296e-05
42245000	9.995730e-06
42250000	9.151477e-06
42255000	9.555522e-06
42260000	1.008441e-05
42265000	9.606228e-06
42270000	1.007211e-05
42275000	9.393861e-06
42280000	1.026495e-05
42285000	9.317542e-06
42290000	1.048281e-05
42295000	9.693447e-06
42300000	1.086796e-05
42305000	1.040501e-05
42310000	1.061457e-05
42315000	1.001214e-05
42320000	1.117153e-05
42325000	9.654545e-06
42330000	1.068995e-05
42335000	9.890538e-06
42340000	9.970672e-06
42345000	9.404894e-06
42350000	1.143459e-05
42355000	1.019401e-05
42360000	1.028976e-05
42365000	9.744341e-06
42370000	9.456047e-06
42375000	1.022846e-05
42380000	1.084347e-05
42385000	1.034459e-05
42390000	1.013818e-05
42395000	1.000920e-05
42400000	1.008919e-05
42405000	9.960645e-06
42410000	1.046811e-05
42415000	1.017918e-05
42420000	1.004687e-05
42425000	1.000121e-05
42430000	1.012626e-05
42435000	1.056622e-05
42440000	1.037653e-05
42445000	9.894868e-06
42450000	1.031756e-05
42455000	1.047162e-05
42460000	1.016049e-05
42465000	1.094326e-05
42470000	9.699288e-06
42475000	1.066626e-05
42480000	1.083833e-05
42485000	1.004535e-05
42490000	9.058205e-06
42495000	1.042349e-05
42500000	9.690922e-06
42505000	9.633739e-06
42510000	1.018777e-05
42515000	9.653313e-06
42520000	1.046081e-05
42525000	9.241258e-06
42530000	9.437314e-06
42535000	9.341014e-06
42540000	9.551288e-06
42545000	1.006059e-05
42550000	9.434618e-06
42555000	1.058298e-05
42560000	1.000098e-05
42565000	1.067335e-05
42570000	1.021787e-05
42575000	1.004963e-05
42580000	1.087107e-05
42585000	1.047972e-05
42590000	1.029488e-05
42595000	9.062215e-06
42600000	9.737569e-06
42605000	9.640016e-06
42610000	1.016263e-05
42615000	9.734614e-06
42620000	1.014315e-05
42625000	1.018527e-05
42630000	9.673887e-06
42635000	1.058383e-05
42640000	9.718247e-06
42645000	8.950083e-06
42650000	9.718622e-06
42655000	9.492719e-06
42660000	1.013171e-05
42665000	1.052477e-05
42670000	9.563092e-06
42675000	9.435796e-06
42680000	1.003823e-05
42685000	1.034143e-05
42690000	1.049225e-05
42695000	9.719892e-06
42700000	1.084168e-05
42705000	1.142238e-05
42710000	1.048078e-05
42715000	1.073398e-05
42720000	9.588355e-06
42725000	1.145824e-05
42730000	9.639434e-06
42735000	1.027073e-05
42740000	9.752461e-06
42745000	1.053634e-05
42750000	9.856336e-06
42755000	9.580038e-06
42760000	9.710406e-06
42765000	9.851488e-06
42770000	9.174013e-06
42775000	1.008956e-05
42780000	1.039718e-05
42785000	9.729538e-06
42790000	9.985258e-06
42795000	1.030322e-05
42800000	1.070344e-05
42805000	9.764633e-06
42810000	9.610014e-06
42815000	9.297638e-06
42820000	9.920068e-06
42825000	1.036588e-05
42830000	1.013604e-05
42835000	9.813154e-06
42840000	1.025252e-05
42845000	1.006795e-05
42850000	9.899859e-06
42855000	9.734662e-06
42860000	1.058059e-05
42865000	9.603645e-06
42870000	1.032126e-05
42875000	1.059459e-05
42880000	1.044774e-05
42885000	1.034328e-05
42890000	1.018101e-05
42895000	9.679708e-06
42900000	9.261214e-06
42905000	9.839817e-06
42910000	1.033967e-05
42915000	9.987730e-06
42920000	9.640454e-06
42925000	1.016885e-05
42930000	9.641618e-06
42935000	1.073938e-05
42940000	9.663930e-06
42945000	9.362598e-06
42950000	9.792692e-06
42955000	9.844773e-06
42960000	9.230081e-06
42965000	1.030089e-05
42970000	1.034395e-05
42975000	1.039321e-05
42980000	9.829683e-06
42985000	1.018573e-05
42990000	9.369277e-06
42995000	1.076019e-05
43000000	9.604959e-06
43005000	9.861538e-06
43010000	1.051038e-05
43015000	9.332658e-06
43020000	9.978555e-06
43025000	1.060173e-05
43030000	1.039432e-05
43035000	9.843752e-06
43040000	9.260761e-06
43045000	1.000537e-05
43050000	9.533962e-06
43055000	1.022339e-05
43060000	1.002177e-05
43065000	9.386320e-06
43070000	9.274425e-06
43075000	1.062475e-05
43080000	1.067521e-05
43085000	9.205382e-06
43090000	9.410964e-06
43095000	9.652259e-06
43100000	9.158707e-06
43105000	9.256669e-06
43110000	1.078468e-05
43115000	9.431416e-06
43120000	1.042038e-05
43125000	1.018536e-05
43130000	1.040371e-05
43135000	9.232403e-06
43140000	9.630701e-06
43145000	9.936558e-06
43150000	9.850515e-06
43155000	1.011994e-05
43160000	9.710980e-06
43165000	9.657666e-06
43170000	9.354763e-06
43175000	1.079443e-05
43180000	1.017753e-05
43185000	9.827079e-06
43190000	1.047936e-05
43195000	9.373592e-06
43200000	9.601783e-06
43205000	1.041630e-05
43210000	9.577591e-06
43215000	9.873746e-06
43220000	9.472338e-06
43225000	9.912867e-06
43230000	9.357428e-06
43235000	9.576117e-06
43240000	9.197853e-06
43245000	9.583732e-06
43250000	9.819056e-06
43255000	9.984029e-06
43260000	9.861229e-06
43265000	9.519404e-06
43270000	9.117130e-06
43275000	9.868712e-06
43280000	9.582752e-06
43285000	9.485803e-06
43290000	1.069066e-05
43295000	9.031945e-06
43300000	1.016283e-05
43305000	9.227232e-06
43310000	1.053515e-05
43315000	9.359675e-06
43320000	9.397070e-06
43325000	9.508963e-06
43330000	9.948205e-06
43335000	8.781973e-06
43340000	9.715390e-06
43345000	9.803358e-06
43350000	1.004294e-05
43355000	9.732028e-06
43360000	9.490220e-06
43365000	9.681999e-06
43370000	9.730020e-06
43375000	9.175490e-06
43380000	1.006021e-05
43385000	9.102837e-06
43390000	9.010495e-06
43395000	9.634073e-06
43400000	1.008193e-05
43405000	9.374649e-06
43410000	9.261094e-06
43415000	1.048056e-05
43420000	9.173420e-06
43425000	1.064909e-05
43430000	1.012314e-05
43435000	9.592803e-06
43440000	1.041466e-05
43445000	1.056780e-05
43450000	1.000779e-05
43455000	9.244962e-06
43460000	9.786457e-06
43465000	1.020094e-05
43470000	1.021894e-05
43475000	9.480789e-06
43480000	9.926735e-06
43485000	9.211321e-06
43490000	9.565672e-06
43495000	9.972336e-06
43500000	9.629454e-06
43505000	1.010058e-05
43510000	8.863787e-06
43515000	9.403759e-06
43520000	9.921806e-06
43525000	9.692151e-06
43530000	9.450584e-06
43535000	9.579633e-06
43540000	9.838389e-06
43545000	1.023531e-05
43550000	9.839178e-06
43555000	9.669993e-06
43560000	9.318988e-06
43565000	8.926992e-06
43570000	9.690801e-06
43575000	9.609415e-06
43580000	8.979793e-06
43585000	9.063864e-06
43590000	9.691411e-06
43595000	9.337761e-06
43600000	8.449451e-06
43605000	9.534523e-06
43610000	9.479240e-06
43615000	1.037093e-05
43620000	9.690767e-06
43625000	9.247371e-06
43630000	9.576024e-06
43635000	9.015210e-06
43640000	9.433713e-06
43645000	8.951778e-06
43650000	1.027377e-05
43655000	9.972899e-06
43660000	1.060095e-05
43665000	9.370719e-06
43670000	9.292198e-06
43675000	1.034790e-05
43680000	8.827963e-06
43685000	9.622144e-06
43690000	1.008183e-05
43695000	9.497074e-06
43700000	1.002526e-05
43705000	9.673549e-06
43710000	9.772713e-06
43715000	9.057249e-06
43720000	9.492083e-06
43725000	9.754303e-06
43730000	9.470134e-06
43735000	9.698188e-06
43740000	1.042228e-05
43745000	9.790012e-06
43750000	9.216657e-06
43755000	9.218404e-06
43760000	9.473755e-06
43765000	9.167513e-06
43770000	9.980115e-06
43775000	1.004762e-05
43780000	9.079418e-06
43785000	9.145627e-06
43790000	1.026068e-05
43795000	9.500568e-06
43800000	9.651793e-06
43805000	8.676764e-06
43810000	9.501627e-06
43815000	1.018847e-05
43820000	9.777169e-06
43825000	9.703364e-06
43830000	9.875474e-06
43835000	8.988449e-06
43840000	9.210429e-06
43845000	9.510321e-06
43850000	1.005786e-05
43855000	1.025207e-05
43860000	9.249240e-06
43865000	1.027250e-05
43870000	9.500538e-06
43875000	9.671505e-06
43880000	9.332411e-06
43885000	1.016370e-05
43890000	9.320958e-06
43895000	8.828376e-06
43900000	9.690550e-06
43905000	9.923377e-06
43910000	9.446738e-06
43915000	9.341411e-06
43920000	9.801667e-06
43925000	8.929794e-06
43930000	9.529454e-06
43935000	9.763861e-06
43940000	9.282942e-06
43945000	9.685902e-06
43950000	9.440263e-06
43955000	9.490098e-06
43960000	9.874129e-06
43965000	1.009052e-05
43970000	9.485080e-06
43975000	9.403450e-06
43980000	9.057972e-06
43985000	9.737155e-06
43990000	1.010124e-05
43995000	9.251880e-06
44000000	8.829821e-06
44005000	1.011921e-05
44010000	9.742940e-06
44015000	1.021038e-05
44020000	9.643234e-06
44025000	9.233361e-06
44030000	1.035738e-05
44035000	9.070772e-06
44040000	8.866763e-06
44045000	9.355301e-06
44050000	9.569650e-06
44055000	9.041775e-06
44060000	9.287041e-06
44065000	1.034233e-05
44070000	8.817561e-06
44075000	1.022872e-05
44080000	9.926543e-06
44085000	9.932394e-06
44090000	8.892584e-06
44095000	9.645807e-06
44100000	8.488953e-06
44105000	8.837119e-06
44110000	9.856696e-06
44115000	9.309276e-06
44120000	9.195159e-06
44125000	9.139542e-06
44130000	9.930688e-06
44135000	9.642508e-06
44140000	8.660325e-06
44145000	9.362052e-06
44150000	1.025722e-05
44155000	9.481201e-06
44160000	1.002515e-05
44165000	8.960139e-06
44170000	1.063677e-05
44175000	9.862843e-06
44180000	8.805057e-06
44185000	1.034329e-05
44190000	9.726405e-06
44195000	8.750797e-06
44200000	9.632491e-06
44205000	9.611733e-06
44210000	9.111704e-06
44215000	8.879965e-06
44220000	9.361465e-06
44225000	1.025917e-05
44230000	9.771895e-06
44235000	9.629836e-06
44240000	9.784557e-06
44245000	9.585282e-06
44250000	1.010167e-05
44255000	1.035419e-05
44260000	9.613032e-06
44265000	9.367170e-06
44270000	9.339292e-06
44275000	9.839486e-06
44280000	9.728827e-06
44285000	1.010014e-05
44290000	9.359404e-06
44295000	8.970301e-06
44300000	9.108756e-06
44305000	9.771516e-06
44310000	9.158064e-06
44315000	9.737023e-06
44320000	9.956865e-06
44325000	9.729306e-06
44330000	1.016937e-05
44335000	9.633019e-06
44340000	9.139217e-06
44345000	8.825685e-06
44350000	8.705928e-06
44355000	9.571049e-06
44360000	8.358017e-06
44365000	9.165515e-06
44370000	8.399838e-06
44375000	9.550399e-06
44380000	1.024872e-05
44385000	9.323058e-06
44390000	9.565438e-06
44395000	1.006090e-05
44400000	8.520510e-06
44405000	8.979037e-06
44410000	8.760721e-06
44415000	1.011914e-05
44420000	8.780753e-06
44425000	9.939067e-06
44430000	1.029756e-05
44435000	9.282584e-06
44440000	9.560947e-06
44445000	9.867302e-06
44450000	9.006734e-06
44455000	9.564486e-06
44460000	9.192802e-06
44465000	8.572387e-06
44470000	1.036591e-05
44475000	9.001753e-06
44480000	9.667397e-06
44485000	9.028920e-06
44490000	9.303674e-06
44495000	9.497353e-06
44500000	9.234727e-06
44505000	9.710916e-06
44510000	1.013505e-05
44515000	9.217907e-06
44520000	9.457036e-06
44525000	9.700353e-06
44530000	8.972855e-06
44535000	8.871971e-06
44540000	1.018990e-05
44545000	9.332014e-06
44550000	9.088465e-06
44555000	9.788007e-06
44560000	9.748110e-06
44565000	9.287421e-06
44570000	9.903657e-06
44575000	9.413326e-06
44580000	9.151481e-06
44585000	9.359518e-06
44590000	9.160671e-06
44595000	1.090636e-05
44600000	8.957043e-06
44605000	9.376112e-06
44610000	9.474935e-06
44615000	9.337085e-06
44620000	9.430785e-06
44625000	9.475777e-06
44630000	9.404177e-06
44635000	8.502253e-06
44640000	9.123902e-06
44645000	9.715071e-06
44650000	9.480167e-06
44655000	9.348657e-06
44660000	9.198652e-06
44665000	9.205126e-06
44670000	9.416921e-06
44675000	1.073108e-05
44680000	8.662673e-06
44685000	9.855113e-06
44690000	9.194420e-06
44695000	8.822076e-06
44700000	8.842183e-06
44705000	9.216298e-06
44710000	9.352689e-06
44715000	8.923610e-06
44720000	8.739995e-06
44725000	8.910373e-06
44730000	9.724097e-06
44735000	1.011432e-05
44740000	9.527091e-06
44745000	8.761671e-06
44750000	8.839495e-06
44755000	8.935377e-06
44760000	9.194453e-06
44765000	9.286227e-06
44770000	8.452375e-06
44775000	9.158665e-06
44780000	9.272197e-06
44785000	8.623484e-06
44790000	9.560593e-06
44795000	9.286777e-06
44800000	9.687396e-06
44805000	9.626472e-06
44810000	9.445387e-06
44815000	9.360290e-06
44820000	9.185103e-06
44825000	8.953239e-06
44830000	9.895408e-06
44835000	9.986761e-06
44840000	9.264952e-06
44845000	9.831812e-06
44850000	9.703914e-06
44855000	9.185699e-06
44860000	9.187638e-06
44865000	8.793586e-06
44870000	9.391574e-06
44875000	9.312233e-06
44880000	9.282823e-06
44885000	9.167717e-06
44890000	9.391841e-06
44895000	9.578129e-06
44900000	9.744353e-06
44905000	9.409069e-06
44910000	8.925029e-06
44915000	9.786401e-06
44920000	9.608896e-06
44925000	9.214635e-06
44930000	9.147533e-06
44935000	9.416368e-06
44940000	9.128465e-06
44945000	8.743509e-06
44950000	9.200063e-06
44955000	9.589420e-06
44960000	9.204115e-06
44965000	8.982347e-06
44970000	8.877584e-06
44975000	9.139328e-06
44980000	9.250198e-06
44985000	9.802605e-06
44990000	9.254939e-06
44995000	9.106046e-06
45000000	8.715927e-06
45005000	9.445617e-06
45010000	9.931051e-06
45015000	1.027167e-05
45020000	9.363054e-06
45025000	8.696108e-06
45030000	1.024743e-05
45035000	1.007912e-05
45040000	8.324364e-06
45045000	9.269851e-06
45050000	9.751868e-06
45055000	8.643322e-06
45060000	9.485638e-06
45065000	9.386998e-06
45070000	9.185360e-06
45075000	9.152020e-06
45080000	9.004378e-06
45085000	9.359959e-06
45090000	8.864059e-06
45095000	9.021652e-06
45100000	8.810597e-06
45105000	9.614412e-06
45110000	8.782581e-06
45115000	9.510369e-06
45120000	8.954320e-06
45125000	8.981520e-06
45130000	8.780987e-06
45135000	9.821839e-06
45140000	9.074763e-06
45145000	8.621224e-06
45150000	9.602870e-06
45155000	9.470403e-06
45160000	9.464147e-06
45165000	8.124983e-06
45170000	9.540895e-06
45175000	9.471855e-06
45180000	9.194694e-06
45185000	8.413931e-06
45190000	8.764857e-06
45195000	9.651037e-06
45200000	9.591420e-06
45205000	8.555929e-06
45210000	1.003900e-05
45215000	9.472829e-06
45220000	1.001775e-05
45225000	8.447195e-06
45230000	9.011016e-06
45235000	9.828430e-06
45240000	9.326483e-06
45245000	9.176240e-06
45250000	9.047767e-06
45255000	9.599466e-06
45260000	8.967473e-06
45265000	9.243476e-06
45270000	9.234580e-06
45275000	9.777221e-06
45280000	8.760111e-06
45285000	8.846457e-06
45290000	9.728438e-06
45295000	8.512233e-06
45300000	9.544451e-06
45305000	9.622038e-06
45310000	9.489336e-06
45315000	9.387026e-06
45320000	9.861593e-06
45325000	9.766156e-06
45330000	8.809696e-06
45335000	9.178755e-06
45340000	8.490176e-06
45345000	9.100141e-06
45350000	9.171809e-06
45355000	9.061097e-06
45360000	9.233338e-06
45365000	8.287463e-06
45370000	1.016923e-05
45375000	8.262516e-06
45380000	8.995803e-06
45385000	9.238378e-06
45390000	9.362910e-06
45395000	9.706978e-06
45400000	9.837680e-06
45405000	8.906451e-06
45410000	9.171598e-06
45415000	8.827419e-06
45420000	9.604359e-06
45425000	8.946778e-06
45430000	9.389671e-06
45435000	8.697022e-06
45440000	8.516956e-06
45445000	9.835374e-06
45450000	9.716254e-06
45455000	9.074756e-06
45460000	8.567894e-06
45465000	8.979876e-06
45470000	1.001914e-05
45475000	9.376055e-06
45480000	9.656372e-06
45485000	8.991206e-06
45490000	9.059199e-06
45495000	9.140451e-06
45500000	9.461347e-06
45505000	9.841235e-06
45510000	9.161487e-06
45515000	9.138251e-06
45520000	9.874082e-06
45525000	9.001685e-06
45530000	9.350655e-06
45535000	8.979268e-06
45540000	8.993438e-06
45545000	9.265426e-06
45550000	9.217049e-06
45555000	9.042357e-06
45560000	8.642674e-06
45565000	8.864116e-06
45570000	9.144701e-06
45575000	9.095735e-06
45580000	9.275965e-06
45585000	9.184438e-06
45590000	8.462360e-06
45595000	9.093689e-06
45600000	1.009703e-05
45605000	9.369134e-06
45610000	9.937070e-06
45615000	9.788688e-06
45620000	9.325624e-06
45625000	8.987429e-06
45630000	9.734497e-06
45635000	8.955165e-06
45640000	9.156609e-06
45645000	8.948615e-06
45650000	9.343016e-06
45655000	9.063374e-06
45660000	9.218836e-06
45665000	9.620176e-06
45670000	9.655094e-06
45675000	9.929477e-06
45680000	9.249559e-06
45685000	9.520093e-06
45690000	9.393863e-06
45695000	1.002633e-05
45700000	8.892893e-06
45705000	9.702921e-06
45710000	9.688082e-06
45715000	1.029397e-05
45720000	9.819143e-06
45725000	9.676072e-06
45730000	8.611257e-06
45735000	9.416881e-06
45740000	9.834671e-06
45745000	9.656287e-06
45750000	9.596098e-06
45755000	8.857850e-06
45760000	9.163994e-06
45765000	9.300171e-06
45770000	9.064812e-06
45775000	9.104146e-06
45780000	8.547580e-06
45785000	9.644000e-06
45790000	9.273555e-06
45795000	1.033820e-05
45800000	1.017207e-05
45805000	9.696258e-06
45810000	9.484407e-06
45815000	9.382305e-06
45820000	9.312432e-06
45825000	9.481671e-06
45830000	8.664456e-06
45835000	9.373301e-06
45840000	9.550732e-06
45845000	9.421260e-06
45850000	9.195040e-06
45855000	9.326424e-06
45860000	9.784698e-06
45865000	9.456625e-06
45870000	1.007712e-05
45875000	1.022555e-05
45880000	9.092826e-06
45885000	9.496071e-06
45890000	8.948492e-06
45895000	8.614302e-06
45900000	8.908379e-06
45905000	9.850795e-06
45910000	8.939499e-06
45915000	9.485724e-06
45920000	1.010005e-05
45925000	9.518877e-06
45930000	9.772602e-06
45935000	9.408733e-06
45940000	9.577364e-06
45945000	9.733716e-06
45950000	9.797466e-06
45955000	9.938164e-06
45960000	9.651943e-06
45965000	8.780403e-06
45970000	8.713033e-06
45975000	9.197806e-06
45980000	1.010687e-05
45985000	9.781540e-06
45990000	8.328648e-06
45995000	9.619549e-06
46000000	1.000715e-05
46005000	9.744285e-06
46010000	9.179845e-06
46015000	8.713333e-06
46020000	9.141990e-06
46025000	9.905264e-06
46030000	9.889971e-06
46035000	9.658177e-06
46040000	9.071510e-06
46045000	1.009129e-05
46050000	8.602427e-06
46055000	9.405346e-06
46060000	9.896935e-06
46065000	9.414123e-06
46070000	9.012261e-06
46075000	8.864147e-06
46080000	1.010246e-05
46085000	9.290891e-06
46090000	1.030448e-05
46095000	1.003671e-05
46100000	9.236170e-06
46105000	9.997407e-06
46110000	9.181577e-06
46115000	8.350137e-06
46120000	9.225436e-06
46125000	9.625161e-06
46130000	9.555591e-06
46135000	8.950224e-06
46140000	9.640432e-06
46145000	8.960213e-06
46150000	1.016638e-05
46155000	9.532648e-06
46160000	9.845957e-06
46165000	9.037926e-06
46170000	9.470593e-06
46175000	9.950829e-06
46180000	9.725681e-06
46185000	9.597595e-06
46190000	9.419245e-06
46195000	9.515140e-06
46200000	8.896923e-06
46205000	9.263135e-06
46210000	8.829956e-06
46215000	9.376558e-06
46220000	9.066324e-06
46225000	9.101798e-06
46230000	8.458236e-06
46235000	9.167054e-06
46240000	9.148490e-06
46245000	9.542714e-06
46250000	8.752978e-06
46255000	8.092117e-06
46260000	8.446166e-06
46265000	9.146984e-06
46270000	8.976460e-06
46275000	9.253871e-06
46280000	1.000970e-05
46285000	9.363614e-06
46290000	9.123633e-06
46295000	9.153466e-06
46300000	9.307161e-06
46305000	8.624138e-06
46310000	9.609304e-06
46315000	8.998659e-06
46320000	8.499362e-06
46325000	9.326264e-06
46330000	8.651404e-06
46335000	9.159953e-06
46340000	8.438994e-06
46345000	8.420160e-06
46350000	9.015885e-06
46355000	9.342336e-06
46360000	8.754851e-06
46365000	8.864417e-06
46370000	1.055679e-05
46375000	9.185785e-06
46380000	9.000521e-06
46385000	9.402889e-06
46390000	9.888793e-06
46395000	9.250731e-06
46400000	9.313564e-06
46405000	8.845829e-06
46410000	9.646481e-06
46415000	1.017572e-05
46420000	8.978508e-06
46425000	8.720648e-06
46430000	9.114563e-06
46435000	9.125166e-06
46440000	8.601147e-06
46445000	7.981402e-06
46450000	9.121035e-06
46455000	9.750138e-06
46460000	8.413389e-06
46465000	9.977809e-06
46470000	9.557354e-06
46475000	8.293216e-06
46480000	9.305208e-06
46485000	9.780946e-06
46490000	9.459087e-06
46495000	9.364421e-06
46500000	9.117480e-06
46505000	9.075394e-06
46510000	9.285396e-06
46515000	8.741062e-06
46520000	9.689034e-06
46525000	8.927154e-06
46530000	9.307022e-06
46535000	9.271321e-06
46540000	9.731664e-06
46545000	9.817295e-06
46550000	8.545538e-06
46555000	9.225077e-06
46560000	9.622029e-06
46565000	9.499554e-06
46570000	8.660016e-06
46575000	9.274345e-06
46580000	9.626943e-06
46585000	9.963800e-06
46590000	9.029046e-06
46595000	8.675120e-06
46600000	9.113894e-06
46605000	8.770487e-06
46610000	8.810950e-06
46615000	9.834468e-06
46620000	9.392496e-06
46625000	9.083968e-06
46630000	8.302344e-06
46635000	9.335209e-06
46640000	9.508960e-06
46645000	8.431576e-06
46650000	8.759339e-06
46655000	8.804319e-06
46660000	8.878284e-06
46665000	9.576714e-06
46670000	9.550056e-06
46675000	9.516040e-06
46680000	8.941431e-06
46685000	9.153491e-06
46690000	9.223782e-06
46695000	9.035918e-06
46700000	8.658032e-06
46705000	9.503348e-06
46710000	9.215322e-06
46715000	8.097860e-06
46720000	8.942772e-06
46725000	9.468241e-06
46730000	8.984911e-06
46735000	1.022292e-05
46740000	9.322029e-06
46745000	9.548074e-06
46750000	9.077312e-06
46755000	8.548073e-06
46760000	8.693818e-06
46765000	9.104353e-06
46770000	8.820809e-06
46775000	1.003466e-05
46780000	8.998170e-06
46785000	9.173869e-06
46790000	9.474792e-06
46795000	9.301625e-06
46800000	8.438652e-06
46805000	9.081765e-06
46810000	8.676810e-06
46815000	8.444495e-06
46820000	9.174904e-06
46825000	9.270965e-06
46830000	9.152458e-06
46835000	8.902167e-06
46840000	9.776779e-06
46845000	9.359180e-06
46850000	1.054042e-05
46855000	9.627769e-06
46860000	1.017714e-05
46865000	9.170043e-06
46870000	9.685513e-06
46875000	9.458959e-06
46880000	9.811298e-06
46885000	9.844047e-06
46890000	9.972394e-06
46895000	8.669618e-06
46900000	9.745609e-06
46905000	9.207738e-06
46910000	1.008738e-05
46915000	9.363186e-06
46920000	9.399486e-06
46925000	8.888849e-06
46930000	9.313693e-06
46935000	8.966770e-06
46940000	9.216362e-06
46945000	8.894326e-06
46950000	8.978358e-06
46955000	8.746093e-06
46960000	9.352146e-06
46965000	9.906570e-06
46970000	9.344875e-06
46975000	9.759707e-06
46980000	9.588559e-06
46985000	9.307488e-06
46990000	9.110025e-06
46995000	1.021083e-05
47000000	1.007321e-05
47005000	8.919369e-06
47010000	9.610862e-06
47015000	9.561617e-06
47020000	1.012678e-05
47025000	9.583425e-06
47030000	9.416789e-06
47035000	8.572934e-06
47040000	9.205049e-06
47045000	9.935119e-06
47050000	9.047037e-06
47055000	1.006229e-05
47060000	9.675627e-06
47065000	1.017247e-05
47070000	9.415311e-06
47075000	9.758615e-06
47080000	8.869268e-06
47085000	9.140800e-06
47090000	9.079184e-06
47095000	9.139482e-06
47100000	1.011652e-05
47105000	9.151986e-06
47110000	8.634964e-06
47115000	8.786190e-06
47120000	9.599884e-06
47125000	9.506535e-06
47130000	9.082137e-06
47135000	9.192065e-06
47140000	9.096903e-06
47145000	9.041344e-06
47150000	9.321700e-06
47155000	8.898239e-06
47160000	9.148356e-06
47165000	9.420265e-06
47170000	9.524673e-06
47175000	9.603292e-06
47180000	8.521740e-06
47185000	8.674323e-06
47190000	8.854065e-06
47195000	8.762650e-06
47200000	9.604206e-06
47205000	9.520297e-06
47210000	9.724455e-06
47215000	9.310094e-06
47220000	8.986269e-06
47225000	9.027404e-06
47230000	8.569573e-06
47235000	1.039672e-05
47240000	9.194891e-06
47245000	9.060815e-06
47250000	9.324560e-06
47255000	8.822612e-06
47260000	9.945294e-06
47265000	9.466254e-06
47270000	9.500856e-06
47275000	8.942723e-06
47280000	9.778349e-06
47285000	9.231710e-06
47290000	8.764201e-06
47295000	8.851556e-06
47300000	1.008155e-05
47305000	9.466313e-06
47310000	9.464404e-06
47315000	9.136881e-06
47320000	9.545119e-06
47325000	9.458391e-06
47330000	8.967323e-06
47335000	9.470330e-06
47340000	8.697979e-06
47345000	8.861477e-06
47350000	9.830637e-06
47355000	8.909378e-06
47360000	8.923177e-06
47365000	9.545396e-06
47370000	9.145604e-06
47375000	9.197057e-06
47380000	9.315550e-06
47385000	9.587023e-06
47390000	9.862094e-06
47395000	8.957410e-06
47400000	8.368675e-06
47405000	8.327379e-06
47410000	9.480290e-06
47415000	8.780176e-06
47420000	8.689822e-06
47425000	8.765248e-06
47430000	8.619479e-06
47435000	8.555132e-06
47440000	9.225531e-06
47445000	9.355888e-06
47450000	9.915420e-06
47455000	9.694923e-06
47460000	9.468731e-06
47465000	8.530259e-06
47470000	8.972547e-06
47475000	8.961746e-06
47480000	8.793150e-06
47485000	9.314880e-06
47490000	8.979593e-06
47495000	9.590830e-06
47500000	9.837363e-06
47505000	9.465972e-06
47510000	8.316892e-06
47515000	9.548823e-06
47520000	1.011960e-05
47525000	8.833797e-06
47530000	8.989805e-06
47535000	9.059439e-06
47540000	8.658749e-06
47545000	9.456541e-06
47550000	8.714869e-06
47555000	9.470983e-06
47560000	8.832567e-06
47565000	8.720032e-06
47570000	7.909628e-06
47575000	8.929108e-06
47580000	9.076223e-06
47585000	8.806427e-06
47590000	9.825937e-06
47595000	8.485418e-06
47600000	8.591664e-06
47605000	9.372009e-06
47610000	8.480644e-06
47615000	9.144021e-06
47620000	9.392299e-06
47625000	9.160380e-06
47630000	9.044829e-06
47635000	9.477789e-06
47640000	9.371772e-06
47645000	8.736639e-06
47650000	8.544464e-06
47655000	9.233470e-06
47660000	8.732116e-06
47665000	8.303217e-06
47670000	9.463947e-06
47675000	8.895643e-06
47680000	8.243250e-06
47685000	8.550175e-06
47690000	9.212212e-06
47695000	1.021446e-05
47700000	9.284442e-06
47705000	8.859609e-06
47710000	8.064712e-06
47715000	8.381651e-06
47720000	8.138875e-06
47725000	9.595065e-06
47730000	8.832324e-06
47735000	9.337275e-06
47740000	9.320995e-06
47745000	9.501040e-06
47750000	8.551125e-06
47755000	9.000826e-06
47760000	8.934523e-06
47765000	9.309891e-06
47770000	8.312076e-06
47775000	8.970693e-06
47780000	8.897012e-06
47785000	8.456730e-06
47790000	8.406938e-06
47795000	8.644399e-06
47800000	9.327586e-06
47805000	8.275826e-06
47810000	8.806399e-06
47815000	8.968265e-06
47820000	9.450641e-06
47825000	9.090560e-06
47830000	8.861026e-06
47835000	8.905360e-06
47840000	9.070499e-06
47845000	9.412271e-06
47850000	9.621305e-06
47855000	8.648614e-06
47860000	8.378968e-06
47865000	9.331608e-06
47870000	8.855925e-06
47875000	8.621563e-06
47880000	8.689504e-06
47885000	8.614364e-06
47890000	9.402441e-06
47895000	8.388244e-06
47900000	9.517873e-06
47905000	9.366875e-06
47910000	8.830856e-06
47915000	8.162242e-06
47920000	8.715258e-06
47925000	9.478762e-06
47930000	9.743018e-06
47935000	8.816620e-06
47940000	9.075132e-06
47945000	9.093786e-06
47950000	8.224410e-06
47955000	8.722079e-06
47960000	8.800247e-06
47965000	8.876986e-06
47970000	9.190185e-06
47975000	9.053943e-06
47980000	9.771570e-06
47985000	9.131970e-06
47990000	9.076715e-06
47995000	9.298797e-06
48000000	9.166681e-06
48005000	9.493130e-06
48010000	8.531195e-06
48015000	9.517760e-06
48020000	8.625994e-06
48025000	8.558133e-06
48030000	8.292756e-06
48035000	9.470024e-06
48040000	8.749636e-06
48045000	9.951416e-06
48050000	9.086502e-06
48055000	8.985718e-06
48060000	8.869584e-06
48065000	9.350216e-06
48070000	8.711343e-06
48075000	8.347048e-06
48080000	9.630076e-06
48085000	8.739595e-06
48090000	8.730760e-06
48095000	9.097774e-06
48100000	9.215318e-06
48105000	8.673089e-06
48110000	8.943705e-06
48115000	8.689365e-06
48120000	8.696335e-06
48125000	9.361404e-06
48130000	9.456392e-06
48135000	8.971035e-06
48140000	8.511042e-06
48145000	8.239309e-06
48150000	9.441211e-06
48155000	8.818302e-06
48160000	8.636223e-06
48165000	9.254101e-06
48170000	9.435221e-06
48175000	8.962421e-06
48180000	8.866295e-06
48185000	8.885519e-06
48190000	8.164901e-06
48195000	8.373224e-06
48200000	8.330652e-06
48205000	9.046806e-06
48210000	8.886922e-06
48215000	8.516930e-06
48220000	9.660762e-06
48225000	8.580707e-06
48230000	9.752372e-06
48235000	8.806761e-06
48240000	9.275729e-06
48245000	9.022356e-06
48250000	8.388521e-06
48255000	9.116317e-06
48260000	9.051206e-06
48265000	8.712282e-06
48270000	9.365610e-06
48275000	8.973675e-06
48280000	9.715363e-06
48285000	8.524291e-06
48290000	7.590865e-06
48295000	9.932132e-06
48300000	9.024629e-06
48305000	8.188145e-06
48310000	8.902445e-06
48315000	9.238736e-06
48320000	8.506639e-06
48325000	9.497448e-06
48330000	8.335880e-06
48335000	9.280989e-06
48340000	8.021479e-06
48345000	9.203010e-06
48350000	8.916888e-06
48355000	9.294206e-06
48360000	9.580409e-06
48365000	7.965484e-06
48370000	9.807879e-06
48375000	8.240082e-06
48380000	8.361094e-06
48385000	9.396634e-06
48390000	8.352770e-06
48395000	8.630108e-06
48400000	8.973029e-06
48405000	8.684896e-06
48410000	8.807384e-06
48415000	7.940011e-06
48420000	8.475531e-06
48425000	9.186146e-06
48430000	8.507924e-06
48435000	9.048153e-06
48440000	8.739314e-06
48445000	9.534817e-06
48450000	8.523810e-06
48455000	8.675923e-06
48460000	9.808316e-06
48465000	8.773222e-06
48470000	9.341420e-06
48475000	9.501263e-06
48480000	8.429853e-06
48485000	9.311524e-06
48490000	8.247910e-06
48495000	8.656165e-06
48500000	8.361693e-06
48505000	8.124778e-06
48510000	9.586874e-06
48515000	1.009146e-05
48520000	9.397823e-06
48525000	9.197015e-06
48530000	8.224010e-06
48535000	9.281059e-06
48540000	9.433712e-06
48545000	9.132082e-06
48550000	9.585600e-06
48555000	9.232897e-06
48560000	8.968858e-06
48565000	9.315094e-06
48570000	8.259801e-06
48575000	8.527228e-06
48580000	7.838258e-06
48585000	8.619159e-06
48590000	8.707932e-06
48595000	9.043413e-06
48600000	9.131531e-06
48605000	8.732305e-06
48610000	8.690471e-06
48615000	8.397763e-06
48620000	7.986970e-06
48625000	8.833859e-06
48630000	8.961080e-06
48635000	8.579066e-06
48640000	8.674590e-06
48645000	9.235370e-06
48650000	9.394798e-06
48655000	9.236674e-06
48660000	8.408403e-06
48665000	8.918266e-06
48670000	7.944138e-06
48675000	8.733052e-06
48680000	1.035296e-05
48685000	8.859111e-06
48690000	8.929753e-06
48695000	9.355657e-06
48700000	8.857665e-06
48705000	8.976469e-06
48710000	8.520605e-06
48715000	8.194291e-06
48720000	8.935530e-06
48725000	8.852057e-06
48730000	8.400163e-06
48735000	9.482914e-06
48740000	8.409475e-06
48745000	8.356960e-06
48750000	9.212820e-06
48755000	9.699470e-06
48760000	8.919850e-06
48765000	8.759585e-06
48770000	9.059668e-06
48775000	8.953763e-06
48780000	7.968311e-06
48785000	8.810626e-06
48790000	8.220260e-06
48795000	8.682640e-06
48800000	7.892518e-06
48805000	8.780025e-06
48810000	9.060579e-06
48815000	8.843836e-06
48820000	8.611884e-06
48825000	8.901314e-06
48830000	8.844013e-06
48835000	8.058697e-06
48840000	8.813635e-06
48845000	9.514270e-06
48850000	9.400225e-06
48855000	9.324184e-06
48860000	8.708864e-06
48865000	8.420300e-06
48870000	8.114599e-06
48875000	8.619812e-06
48880000	8.256566e-06
48885000	9.035014e-06
48890000	8.545729e-06
48895000	8.072364e-06
48900000	8.960393e-06
48905000	8.387048e-06
48910000	7.991601e-06
48915000	9.328445e-06
48920000	8.952218e-06
48925000	9.215899e-06
48930000	8.727721e-06
48935000	9.474040e-06
48940000	8.290621e-06
48945000	8.592485e-06
48950000	8.470382e-06
48955000	7.877780e-06
48960000	8.623935e-06
48965000	8.380838e-06
48970000	8.869700e-06
48975000	8.305085e-06
48980000	8.461109e-06
48985000	8.695019e-06
48990000	8.561323e-06
48995000	8.027894e-06
49000000	8.772385e-06
49005000	8.766354e-06
49010000	8.799755e-06
49015000	8.443677e-06
49020000	8.517782e-06
49025000	8.671247e-06
49030000	8.755366e-06
49035000	8.415552e-06
49040000	8.902262e-06
49045000	8.340221e-06
49050000	9.807221e-06
49055000	7.913857e-06
49060000	8.636640e-06
49065000	8.539008e-06
49070000	8.162406e-06
49075000	8.808917e-06
49080000	9.094864e-06
49085000	8.383908e-06
49090000	8.469246e-06
49095000	8.621349e-06
49100000	8.628762e-06
49105000	8.153886e-06
49110000	9.191245e-06
49115000	8.505500e-06
49120000	8.372016e-06
49125000	8.686514e-06
49130000	9.015190e-06
49135000	8.234609e-06
49140000	7.626103e-06
49145000	8.330451e-06
49150000	8.262497e-06
49155000	8.100997e-06
49160000	8.665832e-06
49165000	8.265153e-06
49170000	8.625313e-06
49175000	8.540504e-06
49180000	7.450080e-06
49185000	8.139750e-06
49190000	8.876557e-06
49195000	8.236602e-06
49200000	8.416664e-06
49205000	8.445240e-06
49210000	8.188804e-06
49215000	9.138299e-06
49220000	8.287691e-06
49225000	8.678236e-06
49230000	8.668677e-06
49235000	7.966231e-06
49240000	8.753886e-06
49245000	8.597380e-06
49250000	9.358037e-06
49255000	8.340897e-06
49260000	8.526241e-06
49265000	8.378112e-06
49270000	8.689343e-06
49275000	8.369911e-06
49280000	8.699821e-06
49285000	7.880203e-06
49290000	8.019783e-06
49295000	9.006107e-06
49300000	8.372366e-06
49305000	8.335816e-06
49310000	8.910703e-06
49315000	9.523232e-06
49320000	8.855910e-06
49325000	8.146279e-06
49330000	8.615322e-06
49335000	8.934386e-06
49340000	8.130359e-06
49345000	8.387532e-06
49350000	8.249465e-06
49355000	8.388289e-06
49360000	8.397750e-06
49365000	8.939756e-06
49370000	8.106405e-06
49375000	7.960273e-06
49380000	8.502293e-06
49385000	8.486820e-06
49390000	7.812025e-06
49395000	8.050314e-06
49400000	8.883535e-06
49405000	9.072283e-06
49410000	8.240315e-06
49415000	9.160096e-06
49420000	8.539864e-06
49425000	8.765044e-06
49430000	8.665847e-06
49435000	7.907228e-06
49440000	7.766912e-06
49445000	9.117433e-06
49450000	7.773185e-06
49455000	7.698078e-06
49460000	8.017298e-06
49465000	8.875054e-06
49470000	7.964451e-06
49475000	8.497184e-06
49480000	9.275670e-06
49485000	8.713315e-06
49490000	9.012132e-06
49495000	8.560248e-06
49500000	8.455237e-06
49505000	8.434802e-06
49510000	8.796947e-06
49515000	8.074028e-06
49520000	8.332713e-06
49525000	7.938572e-06
49530000	8.385094e-06
49535000	7.865082e-06
49540000	9.616444e-06
49545000	8.761883e-06
49550000	9.210187e-06
49555000	8.852612e-06
49560000	9.129110e-06
49565000	8.517835e-06
49570000	8.908269e-06
49575000	8.569752e-06
49580000	7.574554e-06
49585000	8.668939e-06
49590000	7.960821e-06
49595000	8.613484e-06
49600000	7.820790e-06
49605000	8.766691e-06
49610000	8.481572e-06
49615000	7.984597e-06
49620000	8.767456e-06
49625000	9.116257e-06
49630000	8.647942e-06
49635000	8.650623e-06
49640000	8.661687e-06
49645000	8.543550e-06
49650000	8.074234e-06
49655000	9.765547e-06
49660000	8.631798e-06
49665000	9.133003e-06
49670000	8.665068e-06
49675000	7.914424e-06
49680000	8.704685e-06
49685000	9.450816e-06
49690000	8.976813e-06
49695000	8.501296e-06
49700000	8.169690e-06
49705000	8.189544e-06
49710000	8.535973e-06
49715000	9.368396e-06
49720000	8.876551e-06
49725000	9.438784e-06
49730000	8.008610e-06
49735000	7.870162e-06
49740000	8.401356e-06
49745000	8.429611e-06
49750000	9.089686e-06
49755000	8.622091e-06
49760000	8.245958e-06
49765000	8.271279e-06
49770000	9.464857e-06
49775000	8.326943e-06
49780000	9.586053e-06
49785000	8.640270e-06
49790000	8.119629e-06
49795000	8.864700e-06
49800000	7.963587e-06
49805000	8.782781e-06
49810000	8.902563e-06
49815000	8.099614e-06
49820000	8.633726e-06
49825000	7.355331e-06
49830000	8.375611e-06
49835000	8.148233e-06
49840000	8.809044e-06
49845000	8.152512e-06
49850000	8.790009e-06
49855000	8.108792e-06
49860000	8.445151e-06
49865000	7.856929e-06
49870000	9.182975e-06
49875000	9.203063e-06
49880000	7.872735e-06
49885000	8.501248e-06
49890000	8.869770e-06
49895000	8.421125e-06
49900000	8.776329e-06
49905000	8.529849e-06
49910000	8.706829e-06
49915000	7.760234e-06
49920000	8.813451e-06
49925000	8.892767e-06
49930000	8.488749e-06
49935000	8.903351e-06
49940000	8.418048e-06
49945000	9.266776e-06
49950000	7.959195e-06
49955000	9.609300e-06
49960000	8.581341e-06
49965000	7.909982e-06
49970000	8.582074e-06
49975000	8.135618e-06
49980000	8.591531e-06
49985000	8.529455e-06
49990000	7.584640e-06
49995000	9.179531e-06
50000000	8.582185e-06
50005000	9.237978e-06
50010000	8.324122e-06
50015000	8.314806e-06
50020000	8.147440e-06
50025000	8.181011e-06
50030000	8.827639e-06
50035000	7.704315e-06
50040000	8.003756e-06
50045000	8.628933e-06
50050000	8.408137e-06
50055000	8.703633e-06
50060000	8.360312e-06
50065000	8.784555e-06
50070000	8.358700e-06
50075000	8.351076e-06
50080000	8.501782e-06
50085000	8.535919e-06
50090000	8.284519e-06
50095000	8.490188e-06
50100000	7.877049e-06
50105000	8.472621e-06
50110000	7.598782e-06
50115000	8.566817e-06
50120000	7.868940e-06
50125000	7.979852e-06
50130000	8.890431e-06
50135000	8.455102e-06
50140000	8.222270e-06
50145000	7.752765e-06
50150000	9.205979e-06
50155000	8.428724e-06
50160000	9.019633e-06
50165000	8.592185e-06
50170000	8.698369e-06
50175000	8.858930e-06
50180000	9.204735e-06
50185000	8.381605e-06
50190000	8.833341e-06
50195000	8.704615e-06
50200000	8.089124e-06
50205000	8.511497e-06
50210000	8.254153e-06
50215000	8.411722e-06
50220000	7.724999e-06
50225000	8.354747e-06
50230000	8.971870e-06
50235000	9.162223e-06
50240000	9.594977e-06
50245000	8.403708e-06
50250000	7.731460e-06
50255000	8.254436e-06
50260000	7.717897e-06
50265000	7.613110e-06
50270000	8.022725e-06
50275000	8.497943e-06
50280000	8.352003e-06
50285000	7.978880e-06
50290000	8.339766e-06
50295000	7.663789e-06
50300000	8.526007e-06
50305000	8.344152e-06
50310000	8.354560e-06
50315000	8.207866e-06
50320000	8.825308e-06
50325000	8.531007e-06
50330000	7.851631e-06
50335000	8.294432e-06
50340000	8.457426e-06
50345000	7.827651e-06
50350000	8.538883e-06
50355000	7.697349e-06
50360000	8.532700e-06
50365000	7.057296e-06
50370000	8.053842e-06
50375000	8.600591e-06
50380000	8.234955e-06
50385000	8.863136e-06
50390000	8.101156e-06
50395000	8.605517e-06
50400000	8.365304e-06
50405000	8.499330e-06
50410000	8.809906e-06
50415000	7.739111e-06
50420000	8.130548e-06
50425000	8.214138e-06
50430000	7.811176e-06
50435000	7.888754e-06
50440000	8.538088e-06
50445000	7.961820e-06
50450000	8.229928e-06
50455000	8.855001e-06
50460000	7.927908e-06
50465000	7.893025e-06
50470000	8.459420e-06
50475000	8.292427e-06
50480000	7.522319e-06
50485000	7.578117e-06
50490000	8.431957e-06
50495000	8.368094e-06
50500000	7.211187e-06
50505000	8.434376e-06
50510000	7.685365e-06
50515000	8.433998e-06
50520000	8.601241e-06
50525000	7.774179e-06
50530000	8.079444e-06
50535000	7.520178e-06
50540000	8.127128e-06
50545000	7.619718e-06
50550000	8.307852e-06
50555000	8.857077e-06
50560000	8.355599e-06
50565000	7.667367e-06
50570000	8.195587e-06
50575000	8.496237e-06
50580000	7.826145e-06
50585000	9.216389e-06
50590000	7.993309e-06
50595000	7.859749e-06
50600000	7.802437e-06
50605000	8.418819e-06
50610000	8.521885e-06
50615000	8.863599e-06
50620000	8.284855e-06
50625000	8.999230e-06
50630000	7.604328e-06
50635000	7.674235e-06
50640000	8.935647e-06
50645000	9.161412e-06
50650000	8.348553e-06
50655000	7.839130e-06
50660000	8.331532e-06
50665000	8.431501e-06
50670000	7.558059e-06
50675000	8.331270e-06
50680000	8.935251e-06
50685000	7.938540e-06
50690000	7.562014e-06
50695000	8.365537e-06
50700000	9.706775e-06
50705000	8.431027e-06
50710000	8.571361e-06
50715000	7.764097e-06
50720000	7.841200e-06
50725000	9.143844e-06
50730000	8.598632e-06
50735000	8.219075e-06
50740000	8.243544e-06
50745000	7.991386e-06
50750000	8.366440e-06
50755000	8.096311e-06
50760000	7.830628e-06
50765000	7.678606e-06
50770000	8.941880e-06
50775000	8.228356e-06
50780000	8.949884e-06
50785000	8.388524e-06
50790000	7.376462e-06
50795000	7.970201e-06
50800000	7.907274e-06
50805000	8.515375e-06
50810000	8.252241e-06
50815000	8.351770e-06
50820000	7.710162e-06
50825000	7.762798e-06
50830000	8.021588e-06
50835000	8.196303e-06
50840000	8.506531e-06
50845000	7.910367e-06
50850000	7.946279e-06
50855000	8.435189e-06
50860000	8.220594e-06
50865000	8.699553e-06
50870000	7.591952e-06
50875000	8.093252e-06
50880000	7.090880e-06
50885000	8.017496e-06
50890000	8.555962e-06
50895000	7.944195e-06
50900000	8.389517e-06
50905000	8.448139e-06
50910000	7.950690e-06
50915000	7.909974e-06
50920000	7.447981e-06
50925000	8.347487e-06
50930000	8.795220e-06
50935000	7.749644e-06
50940000	7.705318e-06
50945000	9.660853e-06
50950000	8.279438e-06
50955000	8.282962e-06
50960000	8.589445e-06
50965000	8.467093e-06
50970000	7.957246e-06
50975000	7.657766e-06
50980000	8.028890e-06
50985000	7.752088e-06
50990000	8.597979e-06
50995000	7.691835e-06
51000000	8.107705e-06
51005000	7.769968e-06
51010000	8.663704e-06
51015000	9.017652e-06
51020000	7.971466e-06
51025000	7.695434e-06
51030000	7.618651e-06
51035000	7.949939e-06
51040000	9.031774e-06
51045000	8.079819e-06
51050000	8.759147e-06
51055000	8.127326e-06
51060000	8.669446e-06
51065000	7.717589e-06
51070000	8.109918e-06
51075000	8.397351e-06
51080000	7.683840e-06
51085000	8.254726e-06
51090000	8.343959e-06
51095000	8.263189e-06
51100000	8.709784e-06
51105000	7.896967e-06
51110000	8.073628e-06
51115000	7.724641e-06
51120000	8.408842e-06
51125000	7.683187e-06
51130000	7.321396e-06
51135000	7.544535e-06
51140000	7.858401e-06
51145000	7.556471e-06
51150000	7.876959e-06
51155000	7.632815e-06
51160000	7.159585e-06
51165000	7.992137e-06
51170000	8.195535e-06
51175000	8.469876e-06
51180000	8.727672e-06
51185000	8.029876e-06
51190000	7.443690e-06
51195000	8.079596e-06
51200000	8.087765e-06
51205000	7.792698e-06
51210000	7.572634e-06
51215000	8.265354e-06
51220000	8.693835e-06
51225000	7.818420e-06
51230000	8.364863e-06
51235000	8.219660e-06
51240000	8.542294e-06
51245000	8.809003e-06
51250000	8.088546e-06
51255000	8.389067e-06
51260000	8.358183e-06
51265000	7.874780e-06
51270000	8.901447e-06
51275000	8.437683e-06
51280000	8.907015e-06
51285000	9.168920e-06
51290000	8.821261e-06
51295000	8.272107e-06
51300000	7.675283e-06
51305000	8.700266e-06
51310000	8.788841e-06
51315000	7.057884e-06
51320000	7.103582e-06
51325000	8.666706e-06
51330000	8.120429e-06
51335000	9.090986e-06
51340000	8.494548e-06
51345000	7.721274e-06
51350000	8.051047e-06
51355000	7.605068e-06
51360000	7.793634e-06
51365000	8.407634e-06
51370000	7.931398e-06
51375000	8.892442e-06
51380000	7.839491e-06
51385000	7.410678e-06
51390000	7.985120e-06
51395000	8.220040e-06
51400000	7.931862e-06
51405000	8.406216e-06
51410000	8.495217e-06
51415000	8.592731e-06
51420000	8.896518e-06
51425000	7.782679e-06
51430000	8.021632e-06
51435000	7.660625e-06
51440000	7.530324e-06
51445000	7.987537e-06
51450000	8.112457e-06
51455000	8.405450e-06
51460000	8.138783e-06
51465000	7.420957e-06
51470000	8.736416e-06
51475000	8.330846e-06
51480000	8.453684e-06
51485000	7.964114e-06
51490000	7.902397e-06
51495000	7.882996e-06
51500000	7.385495e-06
51505000	7.550623e-06
51510000	7.903738e-06
51515000	7.370938e-06
51520000	8.331975e-06
51525000	8.341633e-06
51530000	7.576400e-06
51535000	8.181693e-06
51540000	8.368514e-06
51545000	8.317691e-06
51550000	8.037140e-06
51555000	7.484881e-06
51560000	7.923817e-06
51565000	8.065240e-06
51570000	8.018696e-06
51575000	8.124944e-06
51580000	8.387547e-06
51585000	6.781774e-06
51590000	7.467095e-06
51595000	8.459765e-06
51600000	8.231253e-06
51605000	8.635767e-06
51610000	7.875616e-06
51615000	7.158836e-06
51620000	7.522954e-06
51625000	8.173870e-06
51630000	8.235204e-06
51635000	7.563190e-06
51640000	7.900434e-06
51645000	8.052164e-06
51650000	8.648166e-06
51655000	9.023602e-06
51660000	8.334941e-06
51665000	8.407833e-06
51670000	8.349428e-06
51675000	7.664760e-06
51680000	7.487510e-06
51685000	8.175509e-06
51690000	7.981592e-06
51695000	8.049160e-06
51700000	7.652365e-06
51705000	9.036484e-06
51710000	8.175113e-06
51715000	8.306705e-06
51720000	6.935227e-06
51725000	7.831889e-06
51730000	8.098892e-06
51735000	7.457342e-06
51740000	8.231846e-06
51745000	8.342275e-06
51750000	8.412712e-06
51755000	7.119318e-06
51760000	8.502437e-06
51765000	8.254999e-06
51770000	7.461813e-06
51775000	8.671902e-06
51780000	7.788481e-06
51785000	7.961974e-06
51790000	7.606493e-06
51795000	7.530169e-06
51800000	8.217694e-06
51805000	8.323750e-06
51810000	9.078198e-06
51815000	8.133982e-06
51820000	7.828711e-06
51825000	8.019732e-06
51830000	7.520927e-06
51835000	8.113803e-06
51840000	8.111216e-06
51845000	7.795495e-06
51850000	7.860159e-06
51855000	8.662458e-06
51860000	7.796131e-06
51865000	8.473443e-06
51870000	8.098381e-06
51875000	7.988743e-06
51880000	8.072794e-06
51885000	8.180191e-06
51890000	7.876171e-06
51895000	8.224302e-06
51900000	8.504107e-06
51905000	8.703190e-06
51910000	7.867908e-06
51915000	7.171546e-06
51920000	7.382516e-06
51925000	7.978097e-06
51930000	8.747223e-06
51935000	7.656544e-06
51940000	7.189211e-06
51945000	8.141728e-06
51950000	7.336381e-06
51955000	8.505734e-06
51960000	7.855439e-06
51965000	7.799922e-06
51970000	8.228863e-06
51975000	7.900930e-06
51980000	8.090432e-06
51985000	7.809255e-06
51990000	7.018036e-06
51995000	7.893878e-06
52000000	7.408605e-06
52005000	8.315464e-06
52010000	7.767276e-06
52015000	7.574326e-06
52020000	8.547138e-06
52025000	8.387100e-06
52030000	8.189301e-06
52035000	8.375034e-06
52040000	7.404225e-06
52045000	7.445913e-06
52050000	7.492114e-06
52055000	8.558801e-06
52060000	7.389092e-06
52065000	7.748866e-06
52070000	7.923987e-06
52075000	7.763974e-06
52080000	8.346063e-06
52085000	7.730596e-06
52090000	8.213982e-06
52095000	7.839439e-06
52100000	9.084731e-06
52105000	8.424870e-06
52110000	8.452625e-06
52115000	7.901159e-06
52120000	7.811041e-06
52125000	7.885895e-06
52130000	8.141482e-06
52135000	7.417161e-06
52140000	8.062322e-06
52145000	7.885028e-06
52150000	7.721011e-06
52155000	7.002387e-06
52160000	7.352393e-06
52165000	7.490758e-06
52170000	8.045312e-06
52175000	7.564155e-06
52180000	7.791715e-06
52185000	7.946937e-06
52190000	7.358705e-06
52195000	7.590283e-06
52200000	8.085813e-06
52205000	7.729831e-06
52210000	7.619872e-06
52215000	7.634622e-06
52220000	8.269548e-06
52225000	7.780454e-06
52230000	7.495692e-06
52235000	7.959261e-06
52240000	7.705666e-06
52245000	7.986787e-06
52250000	8.219449e-06
52255000	7.985436e-06
52260000	7.461154e-06
52265000	7.136070e-06
52270000	7.795853e-06
52275000	7.973467e-06
52280000	7.377484e-06
52285000	7.575796e-06
52290000	8.064667e-06
52295000	7.937313e-06
52300000	8.166856e-06
52305000	8.483671e-06
52310000	7.585359e-06
52315000	7.549114e-06
52320000	7.081814e-06
52325000	7.185037e-06
52330000	7.452126e-06
52335000	7.577424e-06
52340000	7.987105e-06
52345000	7.030300e-06
52350000	7.641541e-06
52355000	7.202723e-06
52360000	7.279220e-06
52365000	8.029249e-06
52370000	8.032619e-06
52375000	7.533283e-06
52380000	7.357945e-06
52385000	8.045971e-06
52390000	7.544535e-06
52395000	7.287817e-06
52400000	8.498329e-06
52405000	8.160709e-06
52410000	7.015225e-06
52415000	6.817495e-06
52420000	7.225071e-06
52425000	7.831366e-06
52430000	7.693640e-06
52435000	7.456778e-06
52440000	7.818619e-06
52445000	7.917765e-06
52450000	7.983726e-06
52455000	8.031983e-06
52460000	7.779815e-06
52465000	7.915399e-06
52470000	7.696055e-06
52475000	7.988635e-06
52480000	7.415373e-06
52485000	7.789251e-06
52490000	7.034839e-06
52495000	8.482926e-06
52500000	7.521161e-06
52505000	8.179970e-06
52510000	7.081346e-06
52515000	7.208735e-06
52520000	8.298464e-06
52525000	7.509378e-06
52530000	6.833616e-06
52535000	7.847870e-06
52540000	7.792667e-06
52545000	8.348555e-06
52550000	7.556096e-06
52555000	7.017548e-06
52560000	7.768681e-06
52565000	7.357746e-06
52570000	7.922472e-06
52575000	7.593994e-06
52580000	9.144839e-06
52585000	8.113021e-06
52590000	7.429626e-06
52595000	7.662250e-06
52600000	6.898072e-06
52605000	7.904905e-06
52610000	7.559790e-06
52615000	7.049806e-06
52620000	7.384552e-06
52625000	8.386477e-06
52630000	7.794312e-06
52635000	8.420409e-06
52640000	7.512848e-06
52645000	8.187846e-06
52650000	8.166236e-06
52655000	8.847562e-06
52660000	7.137378e-06
52665000	7.600365e-06
52670000	7.669005e-06
52675000	7.374256e-06
52680000	8.214960e-06
52685000	8.189733e-06
52690000	7.516382e-06
52695000	7.044375e-06
52700000	7.649530e-06
52705000	7.359858e-06
52710000	7.972007e-06
52715000	8.136089e-06
52720000	7.133049e-06
52725000	6.993004e-06
52730000	7.569140e-06
52735000	7.693157e-06
52740000	7.541633e-06
52745000	7.810707e-06
52750000	6.920410e-06
52755000	7.688619e-06
52760000	6.994846e-06
52765000	7.428367e-06
52770000	7.724304e-06
52775000	7.488917e-06
52780000	7.805527e-06
52785000	7.711205e-06
52790000	7.573248e-06
52795000	8.463461e-06
52800000	7.488347e-06
52805000	7.604138e-06
52810000	7.434374e-06
52815000	8.093644e-06
52820000	8.177477e-06
52825000	7.371213e-06
52830000	7.201541e-06
52835000	8.432374e-06
52840000	7.816396e-06
52845000	7.335644e-06
52850000	7.784045e-06
52855000	7.678594e-06
52860000	8.052560e-06
52865000	7.987564e-06
52870000	7.393047e-06
52875000	7.421329e-06
52880000	7.544141e-06
52885000	7.472618e-06
52890000	7.370989e-06
52895000	8.351044e-06
52900000	7.438014e-06
52905000	7.419166e-06
52910000	7.516723e-06
52915000	7.339360e-06
52920000	7.170332e-06
52925000	8.214623e-06
52930000	8.228845e-06
52935000	7.397517e-06
52940000	8.215343e-06
52945000	7.930566e-06
52950000	7.974430e-06
52955000	7.910188e-06
52960000	7.312195e-06
52965000	7.765622e-06
52970000	8.118205e-06
52975000	7.405600e-06
52980000	7.427506e-06
52985000	8.509636e-06
52990000	6.907330e-06
52995000	7.914042e-06
53000000	7.962439e-06
53005000	8.568474e-06
53010000	7.547218e-06
53015000	8.370258e-06
53020000	7.270620e-06
53025000	7.463461e-06
53030000	7.461063e-06
53035000	7.310895e-06
53040000	7.809934e-06
53045000	8.163039e-06
53050000	7.805539e-06
53055000	7.373586e-06
53060000	8.284487e-06
53065000	8.207612e-06
53070000	7.609754e-06
53075000	7.887032e-06
53080000	7.625683e-06
53085000	7.332182e-06
53090000	7.833228e-06
53095000	7.256000e-06
53100000	7.246476e-06
53105000	6.416958e-06
53110000	8.126999e-06
53115000	7.690305e-06
53120000	8.004223e-06
53125000	7.209589e-06
53130000	7.775453e-06
53135000	7.155983e-06
53140000	7.708110e-06
53145000	7.862145e-06
53150000	7.703997e-06
53155000	7.891342e-06
53160000	7.411520e-06
53165000	7.491409e-06
53170000	7.435143e-06
53175000	7.662412e-06
53180000	8.073843e-06
53185000	7.630378e-06
53190000	7.633140e-06
53195000	8.340699e-06
53200000	7.257463e-06
53205000	7.272183e-06
53210000	7.401565e-06
53215000	7.819241e-06
53220000	8.035434e-06
53225000	7.603114e-06
53230000	7.374000e-06
53235000	7.300546e-06
53240000	7.419045e-06
53245000	7.808513e-06
53250000	7.480827e-06
53255000	7.685002e-06
53260000	8.325663e-06
53265000	8.575107e-06
53270000	7.362461e-06
53275000	7.709518e-06
53280000	7.423164e-06
53285000	8.004597e-06
53290000	7.027551e-06
53295000	7.033394e-06
53300000	7.207404e-06
53305000	7.812245e-06
53310000	7.597048e-06
53315000	8.161889e-06
53320000	7.701997e-06
53325000	7.689145e-06
53330000	7.500474e-06
53335000	7.110119e-06
53340000	7.617623e-06
53345000	8.132213e-06
53350000	6.691632e-06
53355000	7.483453e-06
53360000	6.708226e-06
53365000	7.729401e-06
53370000	7.737157e-06
53375000	7.613939e-06
53380000	7.415062e-06
53385000	6.697966e-06
53390000	7.383058e-06
53395000	7.902784e-06
53400000	7.050571e-06
53405000	7.214142e-06
53410000	7.723949e-06
53415000	7.379913e-06
53420000	8.205644e-06
53425000	7.802479e-06
53430000	7.095119e-06
53435000	7.567995e-06
53440000	6.624308e-06
53445000	7.450737e-06
53450000	6.544355e-06
53455000	7.146178e-06
53460000	7.158488e-06
53465000	7.486929e-06
53470000	7.859403e-06
53475000	7.216194e-06
53480000	7.234188e-06
53485000	7.258858e-06
53490000	7.259259e-06
53495000	6.879684e-06
53500000	8.419137e-06
53505000	7.031271e-06
53510000	7.181001e-06
53515000	7.232328e-06
53520000	7.917534e-06
53525000	6.837256e-06
53530000	7.834396e-06
53535000	7.956834e-06
53540000	7.264500e-06
53545000	7.264628e-06
53550000	6.426933e-06
53555000	6.361198e-06
53560000	6.738716e-06
53565000	7.443580e-06
53570000	7.154031e-06
53575000	7.367754e-06
53580000	6.818562e-06
53585000	7.975526e-06
53590000	7.124582e-06
53595000	7.622033e-06
53600000	7.867454e-06
53605000	8.128512e-06
53610000	7.320115e-06
53615000	8.176808e-06
53620000	8.170630e-06
53625000	7.289475e-06
53630000	7.800048e-06
53635000	7.888461e-06
53640000	7.078630e-06
53645000	7.437110e-06
53650000	6.857531e-06
53655000	8.026721e-06
53660000	7.777305e-06
53665000	7.171693e-06
53670000	7.000776e-06
53675000	7.154604e-06
53680000	7.886562e-06
53685000	7.072620e-06
53690000	7.301190e-06
53695000	6.620892e-06
53700000	7.615392e-06
53705000	7.286790e-06
53710000	6.895115e-06
53715000	7.319749e-06
53720000	6.794251e-06
53725000	7.496053e-06
53730000	8.036821e-06
53735000	7.386405e-06
53740000	7.648241e-06
53745000	6.750828e-06
53750000	6.755901e-06
53755000	7.486017e-06
53760000	7.137742e-06
53765000	7.012977e-06
53770000	7.454382e-06
53775000	7.593056e-06
53780000	6.669293e-06
53785000	7.280002e-06
53790000	7.301080e-06
53795000	7.748968e-06
53800000	7.298122e-06
53805000	6.947129e-06
53810000	7.177518e-06
53815000	7.792937e-06
53820000	6.783642e-06
53825000	7.756085e-06
53830000	7.395917e-06
53835000	6.936989e-06
53840000	7.551443e-06
53845000	7.902993e-06
53850000	7.532879e-06
53855000	6.653098e-06
53860000	7.599841e-06
53865000	6.891153e-06
53870000	7.105760e-06
53875000	7.063708e-06
53880000	7.537200e-06
53885000	7.447155e-06
53890000	8.102334e-06
53895000	7.157499e-06
53900000	7.064521e-06
53905000	7.167373e-06
53910000	6.986903e-06
53915000	8.278442e-06
53920000	7.112575e-06
53925000	7.622376e-06
53930000	6.534790e-06
53935000	6.771873e-06
53940000	7.432484e-06
53945000	7.760482e-06
53950000	6.784050e-06
53955000	7.548850e-06
53960000	7.145859e-06
53965000	7.266649e-06
53970000	7.541907e-06
53975000	6.776857e-06
53980000	8.027114e-06
53985000	7.513742e-06
53990000	7.264174e-06
53995000	7.542642e-06
54000000	7.335828e-06
54005000	8.010100e-06
54010000	6.995837e-06
54015000	7.612547e-06
54020000	7.371593e-06
54025000	7.828519e-06
54030000	6.905838e-06
54035000	7.745952e-06
54040000	7.140340e-06
54045000	7.877490e-06
54050000	6.834770e-06
54055000	7.840817e-06
54060000	7.183523e-06
54065000	7.022675e-06
54070000	7.085437e-06
54075000	7.339223e-06
54080000	7.167105e-06
54085000	7.900557e-06
54090000	7.487029e-06
54095000	7.439594e-06
54100000	7.612895e-06
54105000	8.280049e-06
54110000	7.302972e-06
54115000	8.058995e-06
54120000	6.880517e-06
54125000	7.234286e-06
54130000	6.780071e-06
54135000	8.203226e-06
54140000	6.922368e-06
54145000	7.025585e-06
54150000	7.229510e-06
54155000	7.800308e-06
54160000	7.276215e-06
54165000	7.137486e-06
54170000	7.491026e-06
54175000	7.176322e-06
54180000	6.766771e-06
54185000	7.308326e-06
54190000	7.113626e-06
54195000	8.024398e-06
54200000	7.372866e-06
54205000	7.585870e-06
54210000	7.985270e-06
54215000	7.513127e-06
54220000	7.058608e-06
54225000	6.740969e-06
54230000	6.944899e-06
54235000	7.922105e-06
54240000	6.594635e-06
54245000	7.084773e-06
54250000	7.122303e-06
54255000	7.970012e-06
54260000	6.813512e-06
54265000	7.966101e-06
54270000	7.160574e-06
54275000	7.680857e-06
54280000	8.181869e-06
54285000	7.833607e-06
54290000	7.252465e-06
54295000	6.996597e-06
54300000	7.630650e-06
54305000	7.991231e-06
54310000	7.239406e-06
54315000	7.413789e-06
54320000	7.632872e-06
54325000	7.762191e-06
54330000	7.134240e-06
54335000	8.376587e-06
54340000	6.555205e-06
54345000	6.975180e-06
54350000	7.306514e-06
54355000	7.620991e-06
54360000	6.636020e-06
54365000	7.651825e-06
54370000	7.751418e-06
54375000	7.282038e-06
54380000	6.696479e-06
54385000	7.357293e-06
54390000	6.726547e-06
54395000	8.598833e-06
54400000	7.964643e-06
54405000	6.981720e-06
54410000	7.082591e-06
54415000	7.569692e-06
54420000	7.662587e-06
54425000	7.575700e-06
54430000	7.285479e-06
54435000	6.970874e-06
54440000	6.602427e-06
54445000	7.251226e-06
54450000	7.088284e-06
54455000	7.730625e-06
54460000	7.255816e-06
54465000	6.936808e-06
54470000	8.277546e-06
54475000	7.989958e-06
54480000	7.370630e-06
54485000	7.319328e-06
54490000	6.437545e-06
54495000	6.751119e-06
54500000	7.185327e-06
54505000	7.836577e-06
54510000	6.813421e-06
54515000	7.705912e-06
54520000	7.044012e-06
54525000	6.717990e-06
54530000	7.243749e-06
54535000	7.162012e-06
54540000	6.847503e-06
54545000	7.315672e-06
54550000	6.839394e-06
54555000	7.304863e-06
54560000	7.128839e-06
54565000	7.080065e-06
54570000	6.519280e-06
54575000	7.399668e-06
54580000	7.079409e-06
54585000	6.734071e-06
54590000	7.631436e-06
54595000	7.160485e-06
54600000	7.451694e-06
54605000	7.012849e-06
54610000	7.900940e-06
54615000	7.376000e-06
54620000	6.632989e-06
54625000	7.051064e-06
54630000	7.421845e-06
54635000	7.682471e-06
54640000	8.172759e-06
54645000	7.063123e-06
54650000	8.057375e-06
54655000	7.236171e-06
54660000	6.806471e-06
54665000	6.999965e-06
54670000	7.760765e-06
54675000	7.115750e-06
54680000	7.200391e-06
54685000	6.725519e-06
54690000	6.665048e-06
54695000	6.949883e-06
54700000	6.863194e-06
54705000	6.868495e-06
54710000	6.763741e-06
54715000	7.315978e-06
54720000	7.768181e-06
54725000	7.263269e-06
54730000	6.320080e-06
54735000	7.009572e-06
54740000	7.079306e-06
54745000	7.273176e-06
54750000	7.500091e-06
54755000	6.640233e-06
54760000	7.499190e-06
54765000	7.080742e-06
54770000	7.173623e-06
54775000	8.274273e-06
54780000	7.514890e-06
54785000	7.162231e-06
54790000	7.401270e-06
54795000	6.705660e-06
54800000	6.459447e-06
54805000	7.046912e-06
54810000	7.082553e-06
54815000	6.935065e-06
54820000	7.785649e-06
54825000	7.142071e-06
54830000	7.117052e-06
54835000	7.138369e-06
54840000	7.400925e-06
54845000	7.002128e-06
54850000	7.124277e-06
54855000	7.438629e-06
54860000	7.680130e-06
54865000	7.382374e-06
54870000	6.904362e-06
54875000	6.689044e-06
54880000	7.306584e-06
54885000	7.815185e-06
54890000	7.231322e-06
54895000	7.153849e-06
54900000	6.951437e-06
54905000	7.576473e-06
54910000	7.273360e-06
54915000	7.817069e-06
54920000	7.403481e-06
54925000	6.805552e-06
54930000	6.988393e-06
54935000	7.350924e-06
54940000	7.113142e-06
54945000	7.177815e-06
54950000	7.061638e-06
54955000	7.132152e-06
54960000	7.330620e-06
54965000	7.224477e-06
54970000	7.102660e-06
54975000	6.887256e-06
54980000	7.316140e-06
54985000	7.778303e-06
54990000	7.485347e-06
54995000	7.628435e-06
55000000	7.213008e-06
55005000	6.513490e-06
55010000	7.853986e-06
55015000	7.454132e-06
55020000	6.688266e-06
55025000	6.682587e-06
55030000	7.279989e-06
55035000	7.070629e-06
55040000	7.067134e-06
55045000	6.490553e-06
55050000	6.764206e-06
55055000	6.308244e-06
55060000	6.888427e-06
55065000	7.190193e-06
55070000	7.659919e-06
55075000	7.683234e-06
55080000	7.585919e-06
55085000	7.624633e-06
55090000	7.843343e-06
55095000	7.096373e-06
55100000	7.075321e-06
55105000	7.110304e-06
55110000	7.660791e-06
55115000	7.369755e-06
55120000	7.224725e-06
55125000	6.531534e-06
55130000	6.514032e-06
55135000	7.997801e-06
55140000	7.255299e-06
55145000	7.687714e-06
55150000	6.864949e-06
55155000	7.480084e-06
55160000	6.663408e-06
55165000	7.097863e-06
55170000	6.862777e-06
55175000	7.466624e-06
55180000	7.250787e-06
55185000	7.583715e-06
55190000	7.153035e-06
55195000	7.239578e-06
55200000	7.384249e-06
55205000	7.645480e-06
55210000	7.580059e-06
55215000	6.823403e-06
55220000	6.809431e-06
55225000	7.502402e-06
55230000	7.040024e-06
55235000	6.704154e-06
55240000	6.668170e-06
55245000	6.823477e-06
55250000	7.198899e-06
55255000	6.460528e-06
55260000	6.760970e-06
55265000	6.433116e-06
55270000	7.112511e-06
55275000	7.848407e-06
55280000	7.397664e-06
55285000	6.809115e-06
55290000	6.869663e-06
55295000	7.766608e-06
55300000	7.383799e-06
55305000	7.286220e-06
55310000	6.519941e-06
55315000	6.757680e-06
55320000	7.637156e-06
55325000	6.904802e-06
55330000	6.957189e-06
55335000	7.766959e-06
55340000	6.588278e-06
55345000	7.218486e-06
55350000	6.242239e-06
55355000	7.611522e-06
55360000	7.423549e-06
55365000	7.573249e-06
55370000	6.780920e-06
55375000	7.354947e-06
55380000	6.954262e-06
55385000	7.454551e-06
55390000	8.138364e-06
55395000	7.057318e-06
55400000	7.152568e-06
55405000	7.508359e-06
55410000	7.443959e-06
55415000	7.893706e-06
55420000	7.732374e-06
55425000	7.301964e-06
55430000	7.379999e-06
55435000	6.621456e-06
55440000	7.038139e-06
55445000	7.080109e-06
55450000	6.878671e-06
55455000	7.261871e-06
55460000	7.580587e-06
55465000	7.443799e-06
55470000	7.170242e-06
55475000	7.310326e-06
55480000	6.967557e-06
55485000	7.154139e-06
55490000	6.538409e-06
55495000	7.236418e-06
55500000	7.231631e-06
55505000	7.179107e-06
55510000	6.861755e-06
55515000	7.396469e-06
55520000	7.451349e-06
55525000	7.763084e-06
55530000	7.333111e-06
55535000	7.768640e-06
55540000	7.348911e-06
55545000	7.117779e-06
55550000	7.200815e-06
55555000	7.537359e-06
55560000	7.957804e-06
55565000	6.481409e-06
55570000	6.708693e-06
55575000	7.882367e-06
55580000	6.766832e-06
55585000	6.647382e-06
55590000	7.232812e-06
55595000	7.407720e-06
55600000	7.226129e-06
55605000	7.541296e-06
55610000	7.119885e-06
55615000	7.792355e-06
55620000	7.375960e-06
55625000	7.585920e-06
55630000	6.490313e-06
55635000	7.353998e-06
55640000	6.973668e-06
55645000	7.496085e-06
55650000	8.060174e-06
55655000	8.332804e-06
55660000	7.501421e-06
55665000	7.439230e-06
55670000	7.534813e-06
55675000	7.779704e-06
55680000	6.572005e-06
55685000	6.688970e-06
55690000	7.067345e-06
55695000	7.464907e-06
55700000	7.279221e-06
55705000	7.115143e-06
55710000	7.240769e-06
55715000	7.146687e-06
55720000	7.313698e-06
55725000	7.572460e-06
55730000	6.862924e-06
55735000	7.057796e-06
55740000	7.267364e-06
55745000	7.102929e-06
55750000	6.734231e-06
55755000	7.183621e-06
55760000	7.273247e-06
55765000	7.862922e-06
55770000	7.113184e-06
55775000	7.806364e-06
55780000	7.582003e-06
55785000	7.871029e-06
55790000	7.384360e-06
55795000	7.318039e-06
55800000	8.235698e-06
55805000	6.828216e-06
55810000	6.875640e-06
55815000	7.794753e-06
55820000	6.419672e-06
55825000	6.421622e-06
55830000	7.539066e-06
55835000	7.310571e-06
55840000	8.148250e-06
55845000	8.057866e-06
55850000	7.709594e-06
55855000	7.204379e-06
55860000	6.681962e-06
55865000	7.002247e-06
55870000	6.627620e-06
55875000	7.538119e-06
55880000	7.668099e-06
55885000	7.195483e-06
55890000	7.716224e-06
55895000	7.326710e-06
55900000	6.120255e-06
55905000	7.005357e-06
55910000	6.787898e-06
55915000	7.154260e-06
55920000	7.371766e-06
55925000	7.288286e-06
55930000	7.886635e-06
55935000	5.957928e-06
55940000	7.428735e-06
55945000	7.010385e-06
55950000	7.198027e-06
55955000	7.406224e-06
55960000	7.273093e-06
55965000	6.907003e-06
55970000	6.895305e-06
55975000	7.878490e-06
55980000	7.322896e-06
55985000	6.669270e-06
55990000	7.511084e-06
55995000	7.749265e-06
56000000	7.197162e-06
56005000	7.217576e-06
56010000	6.958974e-06
56015000	7.521096e-06
56020000	7.027438e-06
56025000	6.608500e-06
56030000	6.766694e-06
56035000	6.942826e-06
56040000	7.068798e-06
56045000	7.917652e-06
56050000	7.422097e-06
56055000	6.020788e-06
56060000	7.378840e-06
56065000	6.702817e-06
56070000	7.224838e-06
56075000	7.624647e-06
56080000	6.476565e-06
56085000	6.457901e-06
56090000	7.290666e-06
56095000	6.879958e-06
56100000	7.200687e-06
56105000	7.638554e-06
56110000	6.853835e-06
56115000	7.735560e-06
56120000	7.213967e-06
56125000	7.433066e-06
56130000	7.547577e-06
56135000	6.414560e-06
56140000	7.352061e-06
56145000	7.388816e-06
56150000	8.593551e-06
56155000	7.240589e-06
56160000	6.558921e-06
56165000	6.963203e-06
56170000	7.287514e-06
56175000	7.147098e-06
56180000	7.441085e-06
56185000	7.188015e-06
56190000	7.110888e-06
56195000	7.692593e-06
56200000	7.492546e-06
56205000	6.722224e-06
56210000	6.879343e-06
56215000	7.751829e-06
56220000	7.363764e-06
56225000	7.662791e-06
56230000	8.095770e-06
56235000	7.374160e-06
56240000	7.087148e-06
56245000	6.684103e-06
56250000	6.974292e-06
56255000	7.265289e-06
56260000	7.254154e-06
56265000	6.573228e-06
56270000	7.257853e-06
56275000	7.571038e-06
56280000	6.496114e-06
56285000	7.541804e-06
56290000	7.300542e-06
56295000	7.273822e-06
56300000	7.248184e-06
56305000	6.511632e-06
56310000	6.789978e-06
56315000	6.721161e-06
56320000	7.336148e-06
56325000	7.397823e-06
56330000	7.194270e-06
56335000	7.354720e-06
56340000	6.885769e-06
56345000	7.574886e-06
56350000	6.279616e-06
56355000	6.639227e-06
56360000	7.232266e-06
56365000	6.688848e-06
56370000	6.954762e-06
56375000	6.827958e-06
56380000	6.881023e-06
56385000	7.440490e-06
56390000	6.328768e-06
56395000	6.389986e-06
56400000	6.825335e-06
56405000	6.733938e-06
56410000	6.575743e-06
56415000	7.368531e-06
56420000	6.908147e-06
56425000	6.227476e-06
56430000	7.051590e-06
56435000	7.444952e-06
56440000	6.982064e-06
56445000	5.955333e-06
56450000	7.327810e-06
56455000	7.313303e-06
56460000	6.053178e-06
56465000	7.246977e-06
56470000	7.836435e-06
56475000	7.075269e-06
56480000	7.167204e-06
56485000	6.919100e-06
56490000	7.035193e-06
56495000	6.859953e-06
56500000	7.591924e-06
56505000	6.943354e-06
56510000	6.951505e-06
56515000	7.190929e-06
56520000	6.605508e-06
56525000	6.842044e-06
56530000	7.052892e-06
56535000	7.897121e-06
56540000	6.794645e-06
56545000	6.821409e-06
56550000	6.966157e-06
56555000	6.901769e-06
56560000	7.097624e-06
56565000	6.552306e-06
56570000	6.610631e-06
56575000	6.825157e-06
56580000	6.814669e-06
56585000	6.891192e-06
56590000	6.354804e-06
56595000	7.397829e-06
56600000	7.098101e-06
56605000	6.454240e-06
56610000	7.495957e-06
56615000	6.840162e-06
56620000	6.397539e-06
56625000	6.244848e-06
56630000	7.480751e-06
56635000	6.417637e-06
56640000	6.826241e-06
56645000	6.479623e-06
56650000	6.043769e-06
56655000	6.988384e-06
56660000	7.362472e-06
56665000	6.696339e-06
56670000	7.645303e-06
56675000	6.855015e-06
56680000	6.005135e-06
56685000	6.854735e-06
56690000	7.350231e-06
56695000	6.655658e-06
56700000	6.707350e-06
56705000	7.465050e-06
56710000	7.175429e-06
56715000	6.720104e-06
56720000	6.564564e-06
56725000	6.423774e-06
56730000	7.836291e-06
56735000	7.345355e-06
56740000	7.503790e-06
56745000	6.817231e-06
56750000	7.194146e-06
56755000	6.767674e-06
56760000	5.931373e-06
56765000	7.745788e-06
56770000	6.144875e-06
56775000	6.248421e-06
56780000	6.946629e-06
56785000	6.342703e-06
56790000	6.740120e-06
56795000	6.335659e-06
56800000	6.800110e-06
56805000	7.179646e-06
56810000	6.861371e-06
56815000	7.078500e-06
56820000	7.552275e-06
56825000	7.093466e-06
56830000	6.882779e-06
56835000	7.304515e-06
56840000	6.858632e-06
56845000	7.536066e-06
56850000	7.848997e-06
56855000	7.133586e-06
56860000	7.609107e-06
56865000	6.887938e-06
56870000	7.712074e-06
56875000	7.039247e-06
56880000	6.924622e-06
56885000	7.235387e-06
56890000	7.764869e-06
56895000	6.636059e-06
56900000	7.670507e-06
56905000	6.553875e-06
56910000	7.512780e-06
56915000	6.406616e-06
56920000	6.811545e-06
56925000	7.398347e-06
56930000	6.727886e-06
56935000	7.372091e-06
56940000	6.742256e-06
56945000	6.507182e-06
56950000	6.419800e-06
56955000	7.113061e-06
56960000	7.331235e-06
56965000	6.573556e-06
56970000	6.852904e-06
56975000	6.299493e-06
56980000	7.053907e-06
56985000	7.184946e-06
56990000	6.983784e-06
56995000	6.869375e-06
57000000	6.665461e-06
57005000	6.284474e-06
57010000	6.561166e-06
57015000	7.784066e-06
57020000	7.966514e-06
57025000	6.724195e-06
57030000	6.843774e-06
57035000	6.417616e-06
57040000	6.875464e-06
57045000	7.259955e-06
57050000	6.682243e-06
57055000	7.553741e-06
57060000	7.164576e-06
57065000	6.237253e-06
57070000	6.938302e-06
57075000	7.155139e-06
57080000	6.143620e-06
57085000	6.777424e-06
57090000	7.082444e-06
57095000	7.345411e-06
57100000	6.932977e-06
57105000	7.456294e-06
57110000	7.477764e-06
57115000	8.469528e-06
57120000	7.516820e-06
57125000	7.159307e-06
57130000	7.790954e-06
57135000	7.006540e-06
57140000	7.238749e-06
57145000	6.699930e-06
57150000	7.842003e-06
57155000	7.335358e-06
57160000	6.816803e-06
57165000	6.733266e-06
57170000	7.489731e-06
57175000	7.113575e-06
57180000	7.013086e-06
57185000	7.351284e-06
57190000	6.866685e-06
57195000	6.930598e-06
57200000	7.223734e-06
57205000	7.057506e-06
57210000	7.259786e-06
57215000	6.632243e-06
57220000	6.666095e-06
57225000	7.412100e-06
57230000	7.731191e-06
57235000	7.269535e-06
57240000	6.906315e-06
57245000	5.838280e-06
57250000	6.833024e-06
57255000	7.233703e-06
57260000	7.302509e-06
57265000	6.761057e-06
57270000	6.601572e-06
57275000	5.937658e-06
57280000	6.897781e-06
57285000	6.790708e-06
57290000	7.669163e-06
57295000	6.758859e-06
57300000	6.602695e-06
57305000	6.855105e-06
57310000	7.246115e-06
57315000	6.577939e-06
57320000	6.262760e-06
57325000	8.098744e-06
57330000	7.519007e-06
57335000	6.760830e-06
57340000	6.656800e-06
57345000	7.567446e-06
57350000	7.095752e-06
57355000	6.331338e-06
57360000	7.618062e-06
57365000	6.406464e-06
57370000	7.037300e-06
57375000	7.631708e-06
57380000	6.987643e-06
57385000	5.947554e-06
57390000	7.148602e-06
57395000	7.356434e-06
57400000	7.504306e-06
57405000	7.377330e-06
57410000	7.049823e-06
57415000	7.439160e-06
57420000	6.916118e-06
57425000	6.563338e-06
57430000	6.692098e-06
57435000	7.288344e-06
57440000	6.700963e-06
57445000	6.798678e-06
57450000	7.128372e-06
57455000	6.360041e-06
57460000	6.850145e-06
57465000	6.928517e-06
57470000	6.926209e-06
57475000	7.367318e-06
57480000	6.779499e-06
57485000	7.354032e-06
57490000	6.979820e-06
57495000	7.033643e-06
57500000	7.572647e-06
57505000	7.678384e-06
57510000	7.196281e-06
57515000	6.902118e-06
57520000	6.521596e-06
57525000	6.780151e-06
57530000	6.973229e-06
57535000	6.409536e-06
57540000	7.433565e-06
57545000	6.878967e-06
57550000	6.560309e-06
57555000	7.725360e-06
57560000	6.764367e-06
57565000	6.639702e-06
57570000	7.072865e-06
57575000	6.950500e-06
57580000	7.265173e-06
57585000	6.952108e-06
57590000	6.640967e-06
57595000	7.121997e-06
57600000	6.944278e-06
57605000	6.832204e-06
57610000	6.841869e-06
57615000	7.116261e-06
57620000	6.743311e-06
57625000	6.940097e-06
57630000	6.595799e-06
57635000	6.624616e-06
57640000	6.830512e-06
57645000	7.185895e-06
57650000	7.066468e-06
57655000	7.796075e-06
57660000	7.081434e-06
57665000	7.137021e-06
57670000	7.026309e-06
57675000	6.038336e-06
57680000	6.502314e-06
57685000	6.852394e-06
57690000	6.648304e-06
57695000	6.441917e-06
57700000	6.936371e-06
57705000	6.906547e-06
57710000	6.946068e-06
57715000	7.018781e-06
57720000	7.224388e-06
57725000	7.679270e-06
57730000	7.437288e-06
57735000	5.900972e-06
57740000	6.922426e-06
57745000	6.639055e-06
57750000	7.117595e-06
57755000	7.771898e-06
57760000	6.990200e-06
57765000	6.649560e-06
57770000	6.523917e-06
57775000	6.431007e-06
57780000	6.682755e-06
57785000	7.465417e-06
57790000	7.269435e-06
57795000	7.156207e-06
57800000	7.639151e-06
57805000	6.686988e-06
57810000	7.089992e-06
57815000	6.067012e-06
57820000	6.806941e-06
57825000	6.937533e-06
57830000	7.140936e-06
57835000	7.061612e-06
57840000	6.419249e-06
57845000	6.937499e-06
57850000	7.815057e-06
57855000	7.314033e-06
57860000	7.093260e-06
57865000	6.586456e-06
57870000	6.747217e-06
57875000	6.293047e-06
57880000	6.788710e-06
57885000	6.974745e-06
57890000	6.415664e-06
57895000	7.394871e-06
57900000	6.421633e-06
57905000	7.080247e-06
57910000	7.040032e-06
57915000	7.567034e-06
57920000	6.263124e-06
57925000	6.807520e-06
57930000	6.999139e-06
57935000	7.143325e-06
57940000	7.494394e-06
57945000	7.183074e-06
57950000	6.327894e-06
57955000	7.496328e-06
57960000	7.256667e-06
57965000	6.557256e-06
57970000	6.284801e-06
57975000	6.212043e-06
57980000	6.045573e-06
57985000	6.825879e-06
57990000	6.540556e-06
57995000	7.302340e-06
58000000	6.312094e-06
58005000	6.574527e-06
58010000	6.773360e-06
58015000	7.739471e-06
58020000	6.849024e-06
58025000	6.560804e-06
58030000	6.941214e-06
58035000	7.135930e-06
58040000	6.556633e-06
58045000	7.333452e-06
58050000	7.016379e-06
58055000	6.384083e-06
58060000	7.128723e-06
58065000	6.144867e-06
58070000	6.191876e-06
58075000	6.709643e-06
58080000	7.354292e-06
58085000	6.951441e-06
58090000	6.482421e-06
58095000	6.642744e-06
58100000	6.562533e-06
58105000	6.012857e-06
58110000	6.316450e-06
58115000	6.388783e-06
58120000	6.872773e-06
58125000	6.384001e-06
58130000	6.531700e-06
58135000	6.724857e-06
58140000	6.618447e-06
58145000	6.858830e-06
58150000	7.956144e-06
58155000	7.334731e-06
58160000	6.826178e-06
58165000	6.566071e-06
58170000	6.131573e-06
58175000	7.104521e-06
58180000	7.568316e-06
58185000	7.383805e-06
58190000	7.259889e-06
58195000	7.397400e-06
58200000	6.991855e-06
58205000	6.972198e-06
58210000	6.611273e-06
58215000	6.743476e-06
58220000	7.068085e-06
58225000	6.615166e-06
58230000	8.163909e-06
58235000	6.572203e-06
58240000	7.026951e-06
58245000	6.512929e-06
58250000	7.064309e-06
58255000	6.863452e-06
58260000	6.787604e-06
58265000	6.671677e-06
58270000	6.060549e-06
58275000	6.850367e-06
58280000	7.634378e-06
58285000	6.289426e-06
58290000	6.655049e-06
58295000	6.689469e-06
58300000	5.954335e-06
58305000	5.812329e-06
58310000	7.288919e-06
58315000	6.798063e-06
58320000	7.094508e-06
58325000	6.766201e-06
58330000	6.702322e-06
58335000	7.449502e-06
58340000	6.926487e-06
58345000	6.688300e-06
58350000	6.658071e-06
58355000	6.333392e-06
58360000	6.709863e-06
58365000	7.156916e-06
58370000	6.878748e-06
58375000	7.076918e-06
58380000	6.566188e-06
58385000	7.106710e-06
58390000	7.327430e-06
58395000	7.282647e-06
58400000	7.257033e-06
58405000	6.086349e-06
58410000	6.618942e-06
58415000	6.953266e-06
58420000	7.403346e-06
58425000	7.411407e-06
58430000	6.334115e-06
58435000	7.207700e-06
58440000	7.356909e-06
58445000	7.046817e-06
58450000	6.205536e-06
58455000	7.095055e-06
58460000	7.102131e-06
58465000	6.226686e-06
58470000	6.999486e-06
58475000	7.681077e-06
58480000	6.989398e-06
58485000	7.267542e-06
58490000	6.608119e-06
58495000	7.736252e-06
58500000	7.332769e-06
58505000	6.548777e-06
58510000	6.728619e-06
58515000	6.475966e-06
58520000	6.299805e-06
58525000	5.730303e-06
58530000	7.068118e-06
58535000	6.503796e-06
58540000	7.019105e-06
58545000	6.676099e-06
58550000	6.821244e-06
58555000	6.974631e-06
58560000	6.637373e-06
58565000	6.467231e-06
58570000	7.519286e-06
58575000	6.810432e-06
58580000	7.137641e-06
58585000	7.850460e-06
58590000	6.750271e-06
58595000	6.865593e-06
58600000	7.485370e-06
58605000	7.451044e-06
58610000	6.698273e-06
58615000	6.885291e-06
58620000	6.863138e-06
58625000	6.670232e-06
58630000	7.017510e-06
58635000	6.585839e-06
58640000	6.417455e-06
58645000	5.842064e-06
58650000	6.918015e-06
58655000	7.000111e-06
58660000	6.956747e-06
58665000	6.588765e-06
58670000	7.275007e-06
58675000	6.258209e-06
58680000	6.763363e-06
58685000	6.907634e-06
58690000	7.021779e-06
58695000	6.956307e-06
58700000	7.748869e-06
58705000	7.229513e-06
58710000	7.379535e-06
58715000	6.867624e-06
58720000	7.652621e-06
58725000	7.157232e-06
58730000	7.150127e-06
58735000	6.491586e-06
58740000	7.010184e-06
58745000	5.968332e-06
58750000	6.375728e-06
58755000	7.568510e-06
58760000	7.497769e-06
58765000	6.555069e-06
58770000	7.194526e-06
58775000	7.168468e-06
58780000	7.047648e-06
58785000	6.529437e-06
58790000	6.815303e-06
58795000	6.474420e-06
58800000	7.044113e-06
58805000	6.604884e-06
58810000	7.192341e-06
58815000	6.902590e-06
58820000	6.826870e-06
58825000	7.063523e-06
58830000	7.358558e-06
58835000	7.033961e-06
58840000	7.512350e-06
58845000	6.933423e-06
58850000	7.212798e-06
58855000	6.869479e-06
58860000	7.063065e-06
58865000	6.795275e-06
58870000	7.202260e-06
58875000	6.402554e-06
58880000	6.770039e-06
58885000	6.702574e-06
58890000	6.331611e-06
58895000	6.332159e-06
58900000	6.839454e-06
58905000	6.625227e-06
58910000	7.405374e-06
58915000	6.653906e-06
58920000	6.575997e-06
58925000	6.735863e-06
58930000	6.411694e-06
58935000	6.206928e-06
58940000	7.174243e-06
58945000	7.132480e-06
58950000	6.611087e-06
58955000	6.329257e-06
58960000	7.106473e-06
58965000	6.778339e-06
58970000	6.737287e-06
58975000	6.470167e-06
58980000	6.771615e-06
58985000	6.502985e-06
58990000	6.182203e-06
58995000	6.924010e-06
59000000	6.579287e-06
59005000	6.609578e-06
59010000	6.627920e-06
59015000	6.181282e-06
59020000	6.651664e-06
59025000	7.207576e-06
59030000	7.200111e-06
59035000	6.956004e-06
59040000	6.802708e-06
59045000	7.195053e-06
59050000	6.598289e-06
59055000	7.085938e-06
59060000	6.926058e-06
59065000	7.308520e-06
59070000	7.163719e-06
59075000	6.785408e-06
59080000	6.387946e-06
59085000	6.677042e-06
59090000	6.698392e-06
59095000	7.292625e-06
59100000	6.147781e-06
59105000	7.211569e-06
59110000	6.723443e-06
59115000	7.697917e-06
59120000	6.889611e-06
59125000	5.529440e-06
59130000	7.519731e-06
59135000	6.793371e-06
59140000	6.652799e-06
59145000	7.302042e-06
59150000	6.274333e-06
59155000	5.676173e-06
59160000	6.742902e-06
59165000	6.574218e-06
59170000	6.552697e-06
59175000	6.275421e-06
59180000	6.435013e-06
59185000	6.774949e-06
59190000	6.800033e-06
59195000	6.571170e-06
59200000	7.349662e-06
59205000	7.594467e-06
59210000	6.763193e-06
59215000	7.320359e-06
59220000	7.017567e-06
59225000	6.902175e-06
59230000	6.831369e-06
59235000	6.063655e-06
59240000	7.136260e-06
59245000	6.760692e-06
59250000	6.339859e-06
59255000	6.222727e-06
59260000	6.389452e-06
59265000	6.406144e-06
59270000	6.701388e-06
59275000	6.310991e-06
59280000	6.844159e-06
59285000	6.434730e-06
59290000	6.482727e-06
59295000	6.444203e-06
59300000	6.474879e-06
59305000	6.203359e-06
59310000	6.641530e-06
59315000	6.574919e-06
59320000	7.243026e-06
59325000	7.128597e-06
59330000	6.278540e-06
59335000	5.866413e-06
59340000	6.028544e-06
59345000	6.716314e-06
59350000	6.950282e-06
59355000	6.773687e-06
59360000	7.001466e-06
59365000	7.081910e-06
59370000	6.516408e-06
59375000	6.418538e-06
59380000	7.161379e-06
59385000	6.955413e-06
59390000	6.458998e-06
59395000	6.701874e-06
59400000	6.815411e-06
59405000	6.427375e-06
59410000	6.700067e-06
59415000	6.280746e-06
59420000	6.157657e-06
59425000	6.232154e-06
59430000	6.261641e-06
59435000	5.923895e-06
59440000	7.112793e-06
59445000	6.633507e-06
59450000	6.398124e-06
59455000	6.630252e-06
59460000	6.552890e-06
59465000	6.446004e-06
59470000	7.261797e-06
59475000	7.091036e-06
59480000	6.945376e-06
59485000	6.201280e-06
59490000	7.012993e-06
59495000	7.256864e-06
59500000	6.409364e-06
59505000	6.814845e-06
59510000	6.173337e-06
59515000	6.008576e-06
59520000	6.721675e-06
59525000	7.025405e-06
59530000	7.159256e-06
59535000	7.010857e-06
59540000	6.378766e-06
59545000	7.091022e-06
59550000	7.119100e-06
59555000	7.720399e-06
59560000	6.808838e-06
59565000	7.048466e-06
59570000	6.641676e-06
59575000	6.807050e-06
59580000	6.890586e-06
59585000	6.801011e-06
59590000	6.905127e-06
59595000	7.128995e-06
59600000	6.304201e-06
59605000	6.380997e-06
59610000	6.663199e-06
59615000	6.675236e-06
59620000	6.581037e-06
59625000	7.058846e-06
59630000	7.268088e-06
59635000	7.431732e-06
59640000	6.784099e-06
59645000	7.038310e-06
59650000	6.600522e-06
59655000	7.207185e-06
59660000	7.022114e-06
59665000	7.275912e-06
59670000	7.196261e-06
59675000	6.258125e-06
59680000	7.172758e-06
59685000	6.977639e-06
59690000	6.382975e-06
59695000	5.914335e-06
59700000	6.891376e-06
59705000	6.426755e-06
59710000	5.908163e-06
59715000	5.749244e-06
59720000	6.405680e-06
59725000	7.222595e-06
59730000	6.985036e-06
59735000	6.859567e-06
59740000	6.900059e-06
59745000	6.819836e-06
59750000	6.350052e-06
59755000	7.549747e-06
59760000	6.238654e-06
59765000	6.858058e-06
59770000	6.438081e-06
59775000	7.394356e-06
59780000	6.111723e-06
59785000	6.788661e-06
59790000	7.180265e-06
59795000	7.425278e-06
59800000	6.652078e-06
59805000	6.126286e-06
59810000	6.450450e-06
59815000	7.237454e-06
59820000	6.649153e-06
59825000	6.172046e-06
59830000	7.079311e-06
59835000	6.311342e-06
59840000	6.976781e-06
59845000	6.595956e-06
59850000	5.982844e-06
59855000	6.941634e-06
59860000	6.071601e-06
59865000	7.044585e-06
59870000	6.057913e-06
59875000	6.345417e-06
59880000	5.485828e-06
59885000	6.431199e-06
59890000	7.122634e-06
59895000	6.909609e-06
59900000	5.991169e-06
59905000	7.851752e-06
59910000	6.708069e-06
59915000	7.324637e-06
59920000	6.587389e-06
59925000	7.164582e-06
59930000	7.496417e-06
59935000	7.047752e-06
59940000	7.172142e-06
59945000	7.103946e-06
59950000	5.963508e-06
59955000	7.245954e-06
59960000	6.382342e-06
59965000	6.430199e-06
59970000	6.894157e-06
59975000	7.413552e-06
59980000	6.098479e-06
59985000	5.889473e-06
59990000	6.451771e-06
59995000	6.116295e-06
60000000	6.495789e-06
60005000	6.894891e-06
60010000	6.456422e-06
60015000	5.867851e-06
60020000	6.732493e-06
60025000	6.805426e-06
60030000	6.970727e-06
60035000	6.663985e-06
60040000	6.381274e-06
60045000	6.524536e-06
60050000	6.396339e-06
60055000	6.156267e-06
60060000	6.460765e-06
60065000	6.635828e-06
60070000	6.738553e-06
60075000	6.831754e-06
60080000	6.201398e-06
60085000	6.501760e-06
60090000	6.508492e-06
60095000	6.101335e-06
60100000	6.180968e-06
60105000	6.359197e-06
60110000	6.474781e-06
60115000	6.902856e-06
60120000	6.823023e-06
60125000	6.759287e-06
60130000	6.252304e-06
60135000	6.966786e-06
60140000	6.451665e-06
60145000	6.511311e-06
60150000	7.027304e-06
60155000	6.347473e-06
60160000	6.389986e-06
60165000	6.563254e-06
60170000	6.996394e-06
60175000	6.368856e-06
60180000	5.821649e-06
60185000	6.335592e-06
60190000	6.289468e-06
60195000	7.135581e-06
60200000	6.798946e-06
60205000	7.103851e-06
60210000	7.187375e-06
60215000	6.143180e-06
60220000	6.878039e-06
60225000	7.231037e-06
60230000	6.301607e-06
60235000	6.512615e-06
60240000	6.471188e-06
60245000	5.676312e-06
60250000	6.369085e-06
60255000	6.401852e-06
60260000	5.950818e-06
60265000	6.895405e-06
60270000	6.379310e-06
60275000	6.334997e-06
60280000	6.160594e-06
60285000	6.642355e-06
60290000	6.362676e-06
60295000	7.127152e-06
60300000	5.902237e-06
60305000	6.567760e-06
60310000	7.069795e-06
60315000	6.272773e-06
60320000	5.683472e-06
60325000	6.147761e-06
60330000	6.390076e-06
60335000	6.052142e-06
60340000	6.056465e-06
60345000	6.119869e-06
60350000	6.029969e-06
60355000	6.551843e-06
60360000	7.372858e-06
60365000	6.862896e-06
60370000	5.951953e-06
60375000	6.587116e-06
60380000	6.370289e-06
60385000	6.713983e-06
60390000	6.541177e-06
60395000	6.441177e-06
60400000	7.563255e-06
60405000	6.080563e-06
60410000	6.541828e-06
60415000	6.213141e-06
60420000	6.766855e-06
60425000	6.647355e-06
60430000	6.161747e-06
60435000	7.341534e-06
60440000	6.740064e-06
60445000	7.388527e-06
60450000	6.553509e-06
60455000	6.290788e-06
60460000	7.393365e-06
60465000	6.299155e-06
60470000	5.895345e-06
60475000	6.286051e-06
60480000	6.117419e-06
60485000	5.758333e-06
60490000	6.408630e-06
60495000	7.028437e-06
60500000	6.933782e-06
60505000	6.418363e-06
60510000	6.056863e-06
60515000	6.253787e-06
60520000	7.121013e-06
60525000	6.290538e-06
60530000	6.825650e-06
60535000	7.403263e-06
60540000	6.055243e-06
60545000	6.569498e-06
60550000	5.954012e-06
60555000	6.749471e-06
60560000	5.894093e-06
60565000	6.143249e-06
60570000	5.822879e-06
60575000	6.563425e-06
60580000	6.107497e-06
60585000	7.080468e-06
60590000	7.478266e-06
60595000	6.537083e-06
60600000	5.359108e-06
60605000	6.597919e-06
60610000	7.139626e-06
60615000	5.958309e-06
60620000	6.445355e-06
60625000	6.236499e-06
60630000	6.971697e-06
60635000	6.931177e-06
60640000	7.232616e-06
60645000	7.148838e-06
60650000	6.010075e-06
60655000	7.076965e-06
60660000	6.435368e-06
60665000	6.576591e-06
60670000	6.996609e-06
60675000	6.808704e-06
60680000	6.880272e-06
60685000	6.379989e-06
60690000	6.723566e-06
60695000	6.946801e-06
60700000	7.077226e-06
60705000	6.498284e-06
60710000	6.081806e-06
60715000	7.107623e-06
60720000	6.626382e-06
60725000	6.908776e-06
60730000	6.698032e-06
60735000	6.936226e-06
60740000	6.901265e-06
60745000	6.852755e-06
60750000	6.038340e-06
60755000	5.664888e-06
60760000	6.350220e-06
60765000	6.880320e-06
60770000	7.509340e-06
60775000	7.358010e-06
60780000	6.995394e-06
60785000	6.507254e-06
60790000	6.483359e-06
60795000	6.314089e-06
60800000	6.958319e-06
60805000	6.668832e-06
60810000	6.145860e-06
60815000	7.030291e-06
60820000	6.685336e-06
60825000	7.151527e-06
60830000	6.717305e-06
60835000	6.069454e-06
60840000	5.847645e-06
60845000	6.569768e-06
60850000	6.929129e-06
60855000	5.967918e-06
60860000	7.210625e-06
60865000	7.591093e-06
60870000	6.461869e-06
60875000	7.234326e-06
60880000	6.594974e-06
60885000	6.865272e-06
60890000	6.282092e-06
60895000	6.634581e-06
60900000	7.091429e-06
60905000	7.140919e-06
60910000	6.404726e-06
60915000	6.887823e-06
60920000	6.783015e-06
60925000	6.650320e-06
60930000	6.658248e-06
60935000	6.841675e-06
60940000	6.505690e-06
60945000	6.159295e-06
60950000	7.313325e-06
60955000	6.093192e-06
60960000	6.574831e-06
60965000	6.317700e-06
60970000	7.041766e-06
60975000	7.321503e-06
60980000	6.577827e-06
60985000	6.309263e-06
60990000	7.283893e-06
60995000	6.444317e-06
61000000	6.269151e-06
61005000	6.252341e-06
61010000	6.275848e-06
61015000	6.664614e-06
61020000	6.481983e-06
61025000	7.066023e-06
61030000	6.666329e-06
61035000	6.313989e-06
61040000	6.032547e-06
61045000	6.137804e-06
61050000	6.500296e-06
61055000	6.762407e-06
61060000	6.631906e-06
61065000	6.394241e-06
61070000	6.668951e-06
61075000	6.532797e-06
61080000	5.878124e-06
61085000	6.532994e-06
61090000	7.204370e-06
61095000	6.334763e-06
61100000	6.793122e-06
61105000	6.355901e-06
61110000	6.583902e-06
61115000	6.400215e-06
61120000	6.555988e-06
61125000	5.943354e-06
61130000	6.925246e-06
61135000	6.145183e-06
61140000	6.230960e-06
61145000	6.283579e-06
61150000	7.503869e-06
61155000	6.783533e-06
61160000	6.239864e-06
61165000	6.286849e-06
61170000	6.964504e-06
61175000	6.659253e-06
61180000	6.662972e-06
61185000	6.608202e-06
61190000	7.814334e-06
61195000	6.832056e-06
61200000	6.962737e-06
61205000	6.632220e-06
61210000	6.683057e-06
61215000	6.226680e-06
61220000	6.634784e-06
61225000	6.701325e-06
61230000	7.255526e-06
61235000	6.157575e-06
61240000	7.327913e-06
61245000	6.815570e-06
61250000	6.628054e-06
61255000	7.330083e-06
61260000	6.626913e-06
61265000	6.782427e-06
61270000	6.546081e-06
61275000	6.887823e-06
61280000	6.793329e-06
61285000	6.736145e-06
61290000	6.695542e-06
61295000	7.066282e-06
61300000	7.226915e-06
61305000	6.662672e-06
61310000	7.135462e-06
61315000	6.908900e-06
61320000	6.569269e-06
61325000	6.024014e-06
61330000	6.673142e-06
61335000	6.507816e-06
61340000	6.771831e-06
61345000	6.174877e-06
61350000	7.297620e-06
61355000	6.380599e-06
61360000	6.448966e-06
61365000	6.985270e-06
61370000	6.430014e-06
61375000	7.286447e-06
61380000	6.706555e-06
61385000	7.012885e-06
61390000	7.406616e-06
61395000	6.805258e-06
61400000	6.616024e-06
61405000	6.123021e-06
61410000	6.530958e-06
61415000	6.048142e-06
61420000	6.340330e-06
61425000	6.631927e-06
61430000	6.230914e-06
61435000	6.508854e-06
61440000	6.594602e-06
61445000	6.105483e-06
61450000	6.760753e-06
61455000	7.769202e-06
61460000	6.358770e-06
61465000	6.681352e-06
61470000	6.981461e-06
61475000	6.488390e-06
61480000	6.576069e-06
61485000	6.935639e-06
61490000	7.041362e-06
61495000	6.411211e-06
61500000	6.992485e-06
61505000	6.870084e-06
61510000	6.363407e-06
61515000	6.915402e-06
61520000	6.451383e-06
61525000	7.142181e-06
61530000	6.720280e-06
61535000	6.384013e-06
61540000	6.643884e-06
61545000	6.663929e-06
61550000	6.254467e-06
61555000	6.960131e-06
61560000	6.866363e-06
61565000	6.627712e-06
61570000	7.496580e-06
61575000	6.155166e-06
61580000	7.105835e-06
61585000	6.605624e-06
61590000	6.795754e-06
61595000	7.024465e-06
61600000	6.895990e-06
61605000	5.937546e-06
61610000	6.063992e-06
61615000	6.031431e-06
61620000	6.346174e-06
61625000	7.096679e-06
61630000	7.088577e-06
61635000	7.323663e-06
61640000	6.385771e-06
61645000	6.555044e-06
61650000	6.889182e-06
61655000	6.601150e-06
61660000	7.019539e-06
61665000	6.211523e-06
61670000	5.769587e-06
61675000	6.267947e-06
61680000	6.553540e-06
61685000	6.557608e-06
61690000	6.781694e-06
61695000	6.460741e-06
61700000	5.698252e-06
61705000	6.319326e-06
61710000	6.386183e-06
61715000	6.598043e-06
61720000	6.272641e-06
61725000	6.064772e-06
61730000	6.706329e-06
61735000	7.067817e-06
61740000	6.910864e-06
61745000	6.301263e-06
61750000	6.483384e-06
61755000	7.363097e-06
61760000	6.249278e-06
61765000	6.182878e-06
61770000	6.761868e-06
61775000	6.337054e-06
61780000	7.367818e-06
61785000	6.344889e-06
61790000	6.449841e-06
61795000	5.921105e-06
61800000	6.267743e-06
61805000	6.958353e-06
61810000	6.620989e-06
61815000	6.286505e-06
61820000	6.318922e-06
61825000	6.778760e-06
61830000	6.013216e-06
61835000	6.207177e-06
61840000	6.219474e-06
61845000	7.365296e-06
61850000	6.201061e-06
61855000	6.608343e-06
61860000	6.277417e-06
61865000	6.271508e-06
61870000	6.060455e-06
61875000	6.656699e-06
61880000	6.035632e-06
61885000	6.530491e-06
61890000	6.707479e-06
61895000	6.274097e-06
61900000	6.187972e-06
61905000	7.055145e-06
61910000	6.810601e-06
61915000	6.629709e-06
61920000	7.209123e-06
61925000	6.164890e-06
61930000	6.229868e-06
61935000	6.495864e-06
61940000	5.820495e-06
61945000	6.645215e-06
61950000	6.213931e-06
61955000	6.357822e-06
61960000	6.215524e-06
61965000	6.488444e-06
61970000	6.446884e-06
61975000	6.642972e-06
61980000	6.591054e-06
61985000	6.925873e-06
61990000	6.183261e-06
61995000	6.013492e-06
62000000	6.780380e-06
62005000	6.297397e-06
62010000	6.496996e-06
62015000	6.865840e-06
62020000	5.988172e-06
62025000	6.715812e-06
62030000	6.535024e-06
62035000	6.751415e-06
62040000	6.488816e-06
62045000	7.318595e-06
62050000	6.713236e-06
62055000	6.766732e-06
62060000	6.110679e-06
62065000	6.643397e-06
62070000	6.111981e-06
62075000	6.834281e-06
62080000	6.621003e-06
62085000	6.842184e-06
62090000	5.989924e-06
62095000	7.085879e-06
62100000	6.471609e-06
62105000	6.891120e-06
62110000	6.412104e-06
62115000	6.370538e-06
62120000	6.899553e-06
62125000	6.991191e-06
62130000	6.631891e-06
62135000	7.217529e-06
62140000	6.252138e-06
62145000	6.503809e-06
62150000	6.411524e-06
62155000	5.717779e-06
62160000	5.758214e-06
62165000	6.007055e-06
62170000	6.016044e-06
62175000	6.589887e-06
62180000	5.936174e-06
62185000	6.513283e-06
62190000	7.021101e-06
62195000	6.956431e-06
62200000	6.540329e-06
62205000	6.353179e-06
62210000	7.347942e-06
62215000	6.956577e-06
62220000	6.295254e-06
62225000	5.986291e-06
62230000	6.104217e-06
62235000	5.977237e-06
62240000	5.611044e-06
62245000	6.426180e-06
62250000	6.072990e-06
62255000	6.384237e-06
62260000	6.748420e-06
62265000	6.450181e-06
62270000	6.633585e-06
62275000	5.970648e-06
62280000	6.796012e-06
62285000	6.818577e-06
62290000	6.429461e-06
62295000	6.937079e-06
62300000	6.326269e-06
62305000	5.593408e-06
62310000	6.642416e-06
62315000	6.928453e-06
62320000	6.447155e-06
62325000	6.382086e-06
62330000	6.451303e-06
62335000	6.970304e-06
62340000	6.279703e-06
62345000	6.608358e-06
62350000	6.686745e-06
62355000	6.134470e-06
62360000	7.265328e-06
62365000	6.606360e-06
62370000	6.418084e-06
62375000	6.051338e-06
62380000	6.754508e-06
62385000	6.669589e-06
62390000	6.583310e-06
62395000	6.950866e-06
62400000	5.989950e-06
62405000	5.969081e-06
62410000	7.099820e-06
62415000	5.994887e-06
62420000	6.782945e-06
62425000	7.035699e-06
62430000	6.942967e-06
62435000	6.794240e-06
62440000	6.175812e-06
62445000	6.288673e-06
62450000	6.747902e-06
62455000	6.601358e-06
62460000	5.985441e-06
62465000	6.271497e-06
62470000	5.884728e-06
62475000	7.444303e-06
62480000	6.343873e-06
62485000	6.436237e-06
62490000	5.863959e-06
62495000	7.013742e-06
62500000	6.326648e-06
62505000	6.607337e-06
62510000	7.074431e-06
62515000	5.748753e-06
62520000	7.018235e-06
62525000	6.203430e-06
62530000	6.506509e-06
62535000	6.648787e-06
62540000	5.963788e-06
62545000	7.163774e-06
62550000	6.281650e-06
62555000	6.751453e-06
62560000	6.410374e-06
62565000	6.065998e-06
62570000	6.505538e-06
62575000	6.241440e-06
62580000	6.236179e-06
62585000	6.297068e-06
62590000	6.541080e-06
62595000	5.924012e-06
62600000	6.453068e-06
62605000	7.246218e-06
62610000	6.728708e-06
62615000	6.480496e-06
62620000	6.098254e-06
62625000	6.137560e-06
62630000	7.264700e-06
62635000	5.647536e-06
62640000	6.759774e-06
62645000	6.209699e-06
62650000	6.400641e-06
62655000	5.804330e-06
62660000	6.396317e-06
62665000	5.392938e-06
62670000	5.714114e-06
62675000	6.309542e-06
62680000	6.670828e-06
62685000	7.193794e-06
62690000	5.885504e-06
62695000	5.875675e-06
62700000	5.888781e-06
62705000	6.031052e-06
62710000	6.134269e-06
62715000	6.156508e-06
62720000	6.496702e-06
62725000	5.922575e-06
62730000	6.529890e-06
62735000	6.910258e-06
62740000	6.471946e-06
62745000	6.464233e-06
62750000	6.603957e-06
62755000	5.811496e-06
62760000	5.621724e-06
62765000	5.818695e-06
62770000	5.790463e-06
62775000	6.701313e-06
62780000	6.061491e-06
62785000	6.285608e-06
62790000	6.963705e-06
62795000	6.162311e-06
62800000	6.414995e-06
62805000	5.986318e-06
62810000	6.312754e-06
62815000	6.303216e-06
62820000	5.308117e-06
62825000	6.547517e-06
62830000	6.159857e-06
62835000	6.031475e-06
62840000	6.044859e-06
62845000	5.932472e-06
62850000	6.239639e-06
62855000	5.934222e-06
62860000	6.419225e-06
62865000	6.027948e-06
62870000	5.770381e-06
62875000	6.085783e-06
62880000	6.270564e-06
62885000	5.968629e-06
62890000	6.085237e-06
62895000	6.014123e-06
62900000	6.387492e-06
62905000	6.850431e-06
62910000	6.207758e-06
62915000	6.028846e-06
62920000	5.760518e-06
62925000	6.437321e-06
62930000	6.065751e-06
62935000	6.483810e-06
62940000	6.431012e-06
62945000	6.813277e-06
62950000	5.723368e-06
62955000	6.024560e-06
62960000	6.360525e-06
62965000	6.382466e-06
62970000	6.067755e-06
62975000	6.710834e-06
62980000	6.069640e-06
62985000	5.700081e-06
62990000	6.297050e-06
62995000	5.878872e-06
63000000	6.036628e-06
63005000	6.769748e-06
63010000	6.279684e-06
63015000	6.065295e-06
63020000	6.123904e-06
63025000	6.267124e-06
63030000	5.695405e-06
63035000	6.372039e-06
63040000	6.543059e-06
63045000	7.253086e-06
63050000	5.897237e-06
63055000	6.216705e-06
63060000	6.533159e-06
63065000	6.873777e-06
63070000	6.247304e-06
63075000	6.331563e-06
63080000	6.287553e-06
63085000	6.413209e-06
63090000	6.316557e-06
63095000	5.968502e-06
63100000	5.991803e-06
63105000	5.830119e-06
63110000	6.552529e-06
63115000	6.193568e-06
63120000	6.872383e-06
63125000	6.335384e-06
63130000	6.849821e-06
63135000	5.854479e-06
63140000	6.114416e-06
63145000	5.923161e-06
63150000	6.222040e-06
63155000	5.761693e-06
63160000	6.490535e-06
63165000	5.423480e-06
63170000	5.428056e-06
63175000	5.910515e-06
63180000	5.926836e-06
63185000	5.960778e-06
63190000	5.697620e-06
63195000	5.748353e-06
63200000	6.236187e-06
63205000	6.879053e-06
63210000	6.254408e-06
63215000	6.180277e-06
63220000	5.434556e-06
63225000	6.089409e-06
63230000	5.790540e-06
63235000	6.363608e-06
63240000	6.355526e-06
63245000	5.866860e-06
63250000	6.327854e-06
63255000	6.103431e-06
63260000	6.650981e-06
63265000	6.483480e-06
63270000	5.909817e-06
63275000	6.222685e-06
63280000	6.005012e-06
63285000	5.138958e-06
63290000	6.490308e-06
63295000	6.891532e-06
63300000	5.673060e-06
63305000	6.155634e-06
63310000	5.853857e-06
63315000	6.255562e-06
63320000	5.765747e-06
63325000	6.398164e-06
63330000	6.239679e-06
63335000	6.181882e-06
63340000	6.319854e-06
63345000	6.293781e-06
63350000	5.809078e-06
63355000	6.604131e-06
63360000	5.902867e-06
63365000	6.006365e-06
63370000	5.768968e-06
63375000	6.656094e-06
63380000	6.472324e-06
63385000	6.155138e-06
63390000	5.728379e-06
63395000	6.421605e-06
63400000	5.294317e-06
63405000	5.998297e-06
63410000	6.387212e-06
63415000	6.367428e-06
63420000	5.289269e-06
63425000	5.957085e-06
63430000	5.645141e-06
63435000	5.995085e-06
63440000	6.264846e-06
63445000	6.212799e-06
63450000	6.520461e-06
63455000	5.938129e-06
63460000	5.614785e-06
63465000	5.700052e-06
63470000	6.338053e-06
63475000	7.127044e-06
63480000	5.871862e-06
63485000	6.598265e-06
63490000	6.606106e-06
63495000	6.998557e-06
63500000	5.854801e-06
63505000	6.717400e-06
63510000	6.509003e-06
63515000	6.262423e-06
63520000	6.174118e-06
63525000	5.603896e-06
63530000	5.925792e-06
63535000	6.507013e-06
63540000	6.889068e-06
63545000	6.126507e-06
63550000	5.759071e-06
63555000	6.474926e-06
63560000	6.227294e-06
63565000	6.535684e-06
63570000	6.131368e-06
63575000	5.961600e-06
63580000	6.444190e-06
63585000	6.226562e-06
63590000	6.453229e-06
63595000	5.997131e-06
63600000	6.201169e-06
63605000	5.942446e-06
63610000	5.633303e-06
63615000	6.075050e-06
63620000	6.261300e-06
63625000	6.387385e-06
63630000	6.297421e-06
63635000	5.786744e-06
63640000	6.451542e-06
63645000	6.471525e-06
63650000	6.172342e-06
63655000	6.374143e-06
63660000	5.595279e-06
63665000	6.574713e-06
63670000	6.115006e-06
63675000	5.771290e-06
63680000	6.627912e-06
63685000	6.159177e-06
63690000	6.546421e-06
63695000	6.623669e-06
63700000	7.128320e-06
63705000	5.949713e-06
63710000	6.884210e-06
63715000	6.553649e-06
63720000	5.852102e-06
63725000	6.319924e-06
63730000	6.076442e-06
63735000	6.474552e-06
63740000	6.222740e-06
63745000	5.857933e-06
63750000	6.096357e-06
63755000	5.815291e-06
63760000	5.631302e-06
63765000	5.369545e-06
63770000	5.915414e-06
63775000	6.449900e-06
63780000	6.681960e-06
63785000	5.679723e-06
63790000	6.271148e-06
63795000	5.894204e-06
63800000	6.488320e-06
63805000	5.902486e-06
63810000	6.133419e-06
63815000	6.352026e-06
63820000	6.011114e-06
63825000	5.697752e-06
63830000	6.272914e-06
63835000	5.556684e-06
63840000	6.675541e-06
63845000	6.449206e-06
63850000	5.903949e-06
63855000	5.805930e-06
63860000	5.845327e-06
63865000	6.255693e-06
63870000	6.238800e-06
63875000	5.789184e-06
63880000	6.113869e-06
63885000	6.522022e-06
63890000	6.312216e-06
63895000	6.008818e-06
63900000	6.001246e-06
63905000	5.976236e-06
63910000	6.582269e-06
63915000	6.334149e-06
63920000	5.683861e-06
63925000	5.826221e-06
63930000	5.985712e-06
63935000	5.841497e-06
63940000	5.837508e-06
63945000	6.227138e-06
63950000	5.976102e-06
63955000	6.693348e-06
63960000	6.395512e-06
63965000	5.901636e-06
63970000	6.047099e-06
63975000	6.673162e-06
63980000	6.258470e-06
63985000	5.754407e-06
63990000	6.440250e-06
63995000	6.425540e-06
64000000	6.381966e-06
64005000	6.342795e-06
64010000	5.643220e-06
64015000	6.449600e-06
64020000	5.803443e-06
64025000	5.981418e-06
64030000	5.791091e-06
64035000	7.051994e-06
64040000	6.423641e-06
64045000	6.130416e-06
64050000	5.936705e-06
64055000	6.689400e-06
64060000	6.499164e-06
64065000	6.696535e-06
64070000	5.984130e-06
64075000	5.746762e-06
64080000	6.098759e-06
64085000	6.429476e-06
64090000	5.996990e-06
64095000	6.784261e-06
64100000	5.747523e-06
64105000	6.531194e-06
64110000	6.698577e-06
64115000	6.853240e-06
64120000	6.583509e-06
64125000	6.495375e-06
64130000	5.747289e-06
64135000	5.669474e-06
64140000	6.039262e-06
64145000	6.205053e-06
64150000	6.426746e-06
64155000	5.485782e-06
64160000	6.216139e-06
64165000	6.611630e-06
64170000	5.670733e-06
64175000	5.761403e-06
64180000	5.944329e-06
64185000	5.670639e-06
64190000	6.185230e-06
64195000	6.117707e-06
64200000	6.447931e-06
64205000	6.184941e-06
64210000	5.795860e-06
64215000	6.263519e-06
64220000	5.927967e-06
64225000	6.604470e-06
64230000	6.040982e-06
64235000	6.308907e-06
64240000	6.492889e-06
64245000	6.586344e-06
64250000	6.484473e-06
64255000	6.298255e-06
64260000	6.421802e-06
64265000	6.154756e-06
64270000	6.065743e-06
64275000	6.365658e-06
64280000	6.151128e-06
64285000	6.424258e-06
64290000	6.607490e-06
64295000	6.075517e-06
64300000	6.578058e-06
64305000	6.031258e-06
64310000	6.109913e-06
64315000	6.299774e-06
64320000	5.950111e-06
64325000	6.175492e-06
64330000	5.532919e-06
64335000	6.379023e-06
64340000	5.842153e-06
64345000	6.494678e-06
64350000	6.538610e-06
64355000	6.250081e-06
64360000	6.398218e-06
64365000	6.186833e-06
64370000	6.323402e-06
64375000	6.472909e-06
64380000	6.420696e-06
64385000	6.022898e-06
64390000	6.446264e-06
64395000	5.336597e-06
64400000	5.076229e-06
64405000	6.311421e-06
64410000	6.197269e-06
64415000	5.837755e-06
64420000	6.056973e-06
64425000	5.882073e-06
64430000	5.962420e-06
64435000	5.873492e-06
64440000	5.696827e-06
64445000	5.933715e-06
64450000	6.304037e-06
64455000	5.519285e-06
64460000	6.050565e-06
64465000	5.382134e-06
64470000	5.605320e-06
64475000	6.380736e-06
64480000	5.872819e-06
64485000	6.175501e-06
64490000	5.960298e-06
64495000	6.422135e-06
64500000	6.273854e-06
64505000	6.001117e-06
64510000	5.676383e-06
64515000	5.734606e-06
64520000	5.971735e-06
64525000	6.299829e-06
64530000	6.425361e-06
64535000	6.802438e-06
64540000	5.386545e-06
64545000	6.513969e-06
64550000	5.856415e-06
64555000	6.241628e-06
64560000	6.644727e-06
64565000	5.954544e-06
64570000	5.903729e-06
64575000	6.208469e-06
64580000	6.492383e-06
64585000	5.769694e-06
64590000	6.541464e-06
64595000	7.350805e-06
64600000	6.812008e-06
64605000	5.722470e-06
64610000	5.752442e-06
64615000	5.870225e-06
64620000	5.705708e-06
64625000	6.247963e-06
64630000	5.721994e-06
64635000	5.742174e-06
64640000	5.561619e-06
64645000	5.760283e-06
64650000	5.860309e-06
64655000	6.070903e-06
64660000	5.933334e-06
64665000	5.865730e-06
64670000	5.296768e-06
64675000	6.307520e-06
64680000	5.189482e-06
64685000	5.806439e-06
64690000	6.213313e-06
64695000	5.534121e-06
64700000	6.206509e-06
64705000	6.120949e-06
64710000	6.001077e-06
64715000	5.844673e-06
64720000	5.378727e-06
64725000	6.334781e-06
64730000	6.067411e-06
64735000	6.529564e-06
64740000	5.625254e-06
64745000	5.754444e-06
64750000	5.233935e-06
64755000	6.270987e-06
64760000	6.087492e-06
64765000	5.322290e-06
64770000	6.558776e-06
64775000	6.191921e-06
64780000	6.621430e-06
64785000	5.755513e-06
64790000	6.294014e-06
64795000	6.362764e-06
64800000	7.094357e-06
64805000	6.146069e-06
64810000	5.473566e-06
64815000	6.760605e-06
64820000	5.975333e-06
64825000	5.871625e-06
64830000	5.982632e-06
64835000	6.641916e-06
64840000	6.281086e-06
64845000	6.366304e-06
64850000	6.191935e-06
64855000	5.803660e-06
64860000	5.008435e-06
64865000	6.025580e-06
64870000	5.711603e-06
64875000	6.476587e-06
64880000	5.299727e-06
64885000	5.686864e-06
64890000	5.934097e-06
64895000	6.191835e-06
64900000	6.568041e-06
64905000	6.239872e-06
64910000	5.605482e-06
64915000	6.205405e-06
64920000	5.815414e-06
64925000	5.664289e-06
64930000	5.800999e-06
64935000	6.510678e-06
64940000	5.596226e-06
64945000	5.970787e-06
64950000	5.800353e-06
64955000	6.177097e-06
64960000	5.849378e-06
64965000	6.497522e-06
64970000	6.417382e-06
64975000	5.735475e-06
64980000	6.303166e-06
64985000	5.046590e-06
64990000	6.048840e-06
64995000	5.789375e-06
65000000	6.010589e-06
65005000	6.487433e-06
65010000	5.679661e-06
65015000	6.411583e-06
65020000	5.800647e-06
65025000	5.878392e-06
65030000	5.785518e-06
65035000	5.846268e-06
65040000	6.248502e-06
65045000	6.272307e-06
65050000	6.045843e-06
65055000	6.221561e-06
65060000	5.784095e-06
65065000	6.337184e-06
65070000	6.108594e-06
65075000	6.281526e-06
65080000	6.283997e-06
65085000	5.183889e-06
65090000	6.201113e-06
65095000	6.504285e-06
65100000	5.457202e-06
65105000	6.169998e-06
65110000	5.837506e-06
65115000	5.105245e-06
65120000	6.595051e-06
65125000	6.390891e-06
65130000	5.691239e-06
65135000	6.256867e-06
65140000	5.664875e-06
65145000	6.085018e-06
65150000	5.723501e-06
65155000	5.248769e-06
65160000	6.197424e-06
65165000	6.277287e-06
65170000	5.958301e-06
65175000	6.453585e-06
65180000	5.774900e-06
65185000	6.119549e-06
65190000	6.227838e-06
65195000	5.915674e-06
65200000	5.852234e-06
65205000	6.497346e-06
65210000	6.058468e-06
65215000	5.452136e-06
65220000	5.686894e-06
65225000	5.637744e-06
65230000	5.931013e-06
65235000	5.810759e-06
65240000	6.632610e-06
65245000	5.539153e-06
65250000	7.047849e-06
65255000	6.762252e-06
65260000	6.497808e-06
65265000	5.827991e-06
65270000	6.325618e-06
65275000	6.223434e-06
65280000	6.197565e-06
65285000	5.469857e-06
65290000	6.667101e-06
65295000	5.828656e-06
65300000	5.893253e-06
65305000	6.234786e-06
65310000	6.480853e-06
65315000	6.458923e-06
65320000	6.663529e-06
65325000	5.595824e-06
65330000	6.199943e-06
65335000	6.713584e-06
65340000	6.457394e-06
65345000	5.683952e-06
65350000	5.584230e-06
65355000	5.629446e-06
65360000	5.909635e-06
65365000	5.818898e-06
65370000	6.279173e-06
65375000	5.993074e-06
65380000	6.531710e-06
65385000	6.003049e-06
65390000	5.959140e-06
65395000	5.889877e-06
65400000	5.350717e-06
65405000	5.877805e-06
65410000	6.013832e-06
65415000	5.730950e-06
65420000	5.582700e-06
65425000	6.437410e-06
65430000	6.279343e-06
65435000	5.879730e-06
65440000	5.848679e-06
65445000	5.694054e-06
65450000	5.459438e-06
65455000	6.672237e-06
65460000	5.433092e-06
65465000	6.171232e-06
65470000	5.979307e-06
65475000	6.167255e-06
65480000	5.520813e-06
65485000	6.254492e-06
65490000	6.429283e-06
65495000	5.481797e-06
65500000	6.021166e-06
65505000	5.486549e-06
65510000	5.932182e-06
65515000	6.041462e-06
65520000	6.264359e-06
65525000	5.520761e-06
65530000	5.829306e-06
65535000	6.135537e-06
65540000	6.071867e-06
65545000	6.305661e-06
65550000	6.268177e-06
65555000	6.226333e-06
65560000	5.947475e-06
65565000	6.714847e-06
65570000	6.125632e-06
65575000	5.834750e-06
65580000	5.820310e-06
65585000	4.714214e-06
65590000	5.991312e-06
65595000	5.829522e-06
65600000	6.374416e-06
65605000	6.121922e-06
65610000	6.495210e-06
65615000	5.436920e-06
65620000	5.940042e-06
65625000	6.297880e-06
65630000	5.954212e-06
65635000	6.612628e-06
65640000	6.367410e-06
65645000	5.566470e-06
65650000	6.968959e-06
65655000	6.492664e-06
65660000	6.188058e-06
65665000	5.901247e-06
65670000	6.003837e-06
65675000	5.821780e-06
65680000	6.162522e-06
65685000	6.537466e-06
65690000	5.880912e-06
65695000	6.420516e-06
65700000	6.314418e-06
65705000	5.806431e-06
65710000	5.510144e-06
65715000	5.854205e-06
65720000	6.043493e-06
65725000	5.583147e-06
65730000	6.019303e-06
65735000	6.083278e-06
65740000	4.870862e-06
65745000	5.956788e-06
65750000	6.197381e-06
65755000	5.821830e-06
65760000	6.228227e-06
65765000	5.874127e-06
65770000	6.133207e-06
65775000	5.483480e-06
65780000	6.028402e-06
65785000	5.502660e-06
65790000	6.537311e-06
65795000	5.561709e-06
65800000	5.941308e-06
65805000	5.789401e-06
65810000	5.559082e-06
65815000	6.119369e-06
65820000	6.234967e-06
65825000	6.192280e-06
65830000	5.946730e-06
65835000	5.963479e-06
65840000	5.613813e-06
65845000	5.626239e-06
65850000	6.094463e-06
65855000	5.670814e-06
65860000	5.931735e-06
65865000	6.301760e-06
65870000	5.956661e-06
65875000	6.047087e-06
65880000	6.255886e-06
65885000	6.099793e-06
65890000	6.139905e-06
65895000	6.276216e-06
65900000	5.951983e-06
65905000	6.199841e-06
65910000	5.871121e-06
65915000	6.097030e-06
65920000	5.920490e-06
65925000	6.473422e-06
65930000	5.885899e-06
65935000	6.364230e-06
65940000	6.357059e-06
65945000	5.724135e-06
65950000	5.623508e-06
65955000	5.864861e-06
65960000	5.734659e-06
65965000	6.178950e-06
65970000	6.263682e-06
65975000	5.762959e-06
65980000	6.118624e-06
65985000	5.376951e-06
65990000	5.876223e-06
65995000	5.955179e-06
66000000	5.831329e-06
66005000	5.427984e-06
66010000	5.833313e-06
66015000	5.532889e-06
66020000	6.355731e-06
66025000	6.179947e-06
66030000	5.976237e-06
66035000	5.634499e-06
66040000	6.208962e-06
66045000	6.160152e-06
66050000	5.507513e-06
66055000	5.871640e-06
66060000	6.119359e-06
66065000	5.558280e-06
66070000	5.564780e-06
66075000	5.854390e-06
66080000	5.258628e-06
66085000	6.183521e-06
66090000	5.731455e-06
66095000	5.525247e-06
66100000	6.271216e-06
66105000	5.478125e-06
66110000	5.844598e-06
66115000	5.628670e-06
66120000	5.711444e-06
66125000	5.553142e-06
66130000	6.766937e-06
66135000	6.174241e-06
66140000	5.763075e-06
66145000	5.916111e-06
66150000	5.944266e-06
66155000	6.089658e-06
66160000	6.234683e-06
66165000	5.387692e-06
66170000	6.505530e-06
66175000	5.449446e-06
66180000	5.974453e-06
66185000	5.946153e-06
66190000	5.863104e-06
66195000	5.177477e-06
66200000	5.826650e-06
66205000	5.729728e-06
66210000	5.559419e-06
66215000	5.594180e-06
66220000	5.934241e-06
66225000	5.442305e-06
66230000	5.248240e-06
66235000	5.234009e-06
66240000	6.267250e-06
66245000	5.713565e-06
66250000	5.503094e-06
66255000	5.200468e-06
66260000	6.003774e-06
66265000	6.323261e-06
66270000	6.415628e-06
66275000	5.537430e-06
66280000	5.575200e-06
66285000	5.541923e-06
66290000	5.189151e-06
66295000	5.829314e-06
66300000	5.689998e-06
66305000	5.818416e-06
66310000	5.815128e-06
66315000	6.150373e-06
66320000	5.775204e-06
66325000	5.550934e-06
66330000	5.696646e-06
66335000	6.088694e-06
66340000	5.542262e-06
66345000	5.748333e-06
66350000	5.159954e-06
66355000	5.847491e-06
66360000	6.311811e-06
66365000	5.946817e-06
66370000	5.151553e-06
66375000	5.264509e-06
66380000	5.438674e-06
66385000	5.341305e-06
66390000	6.140558e-06
66395000	6.019997e-06
66400000	5.241575e-06
66405000	5.494866e-06
66410000	5.254410e-06
66415000	6.118424e-06
66420000	5.653039e-06
66425000	5.594316e-06
66430000	6.005473e-06
66435000	5.253935e-06
66440000	6.069032e-06
66445000	6.132922e-06
66450000	6.141310e-06
66455000	5.219586e-06
66460000	5.715974e-06
66465000	5.724326e-06
66470000	5.199688e-06
66475000	5.441512e-06
66480000	5.597548e-06
66485000	5.642747e-06
66490000	5.866185e-06
66495000	5.634536e-06
66500000	5.497060e-06
66505000	6.120606e-06
66510000	5.680010e-06
66515000	5.258620e-06
66520000	5.819241e-06
66525000	5.501253e-06
66530000	5.442719e-06
66535000	5.419513e-06
66540000	5.666789e-06
66545000	5.870846e-06
66550000	5.191603e-06
66555000	5.493734e-06
66560000	6.185684e-06
66565000	5.356341e-06
66570000	5.571755e-06
66575000	4.963832e-06
66580000	5.562751e-06
66585000	5.742654e-06
66590000	6.478764e-06
66595000	5.295083e-06
66600000	5.916653e-06
66605000	5.635700e-06
66610000	5.902580e-06
66615000	5.514043e-06
66620000	5.289182e-06
66625000	5.247073e-06
66630000	5.501221e-06
66635000	6.110321e-06
66640000	5.710454e-06
66645000	5.346762e-06
66650000	5.856055e-06
66655000	5.754491e-06
66660000	5.226633e-06
66665000	5.572968e-06
66670000	5.939169e-06
66675000	5.898677e-06
66680000	5.849129e-06
66685000	5.984193e-06
66690000	5.185157e-06
66695000	5.201400e-06
66700000	5.865215e-06
66705000	5.641036e-06
66710000	5.827206e-06
66715000	6.300771e-06
66720000	5.991349e-06
66725000	5.881971e-06
66730000	5.619262e-06
66735000	5.741959e-06
66740000	5.906535e-06
66745000	5.943783e-06
66750000	5.903439e-06
66755000	4.489708e-06
66760000	5.564633e-06
66765000	5.765866e-06
66770000	5.276859e-06
66775000	5.025334e-06
66780000	5.553495e-06
66785000	5.739730e-06
66790000	5.766177e-06
66795000	5.126990e-06
66800000	5.705944e-06
66805000	5.800493e-06
66810000	5.419045e-06
66815000	4.892670e-06
66820000	5.433130e-06
66825000	5.599655e-06
66830000	5.672093e-06
66835000	6.034888e-06
66840000	5.075446e-06
66845000	5.353622e-06
66850000	5.964011e-06
66855000	5.686921e-06
66860000	5.538193e-06
66865000	6.004922e-06
66870000	5.268075e-06
66875000	5.538696e-06
66880000	5.508497e-06
66885000	6.152084e-06
66890000	5.657213e-06
66895000	5.793169e-06
66900000	5.292288e-06
66905000	5.852672e-06
66910000	5.233570e-06
66915000	5.060588e-06
66920000	5.539292e-06
66925000	5.643019e-06
66930000	5.855289e-06
66935000	5.224238e-06
66940000	5.695781e-06
66945000	5.324674e-06
66950000	5.297602e-06
66955000	5.558407e-06
66960000	5.786255e-06
66965000	5.221709e-06
66970000	5.401644e-06
66975000	5.144383e-06
66980000	5.006021e-06
66985000	5.279484e-06
66990000	5.623885e-06
66995000	5.565029e-06
67000000	4.935237e-06
67005000	5.675040e-06
67010000	5.795536e-06
67015000	5.058015e-06
67020000	6.080408e-06
67025000	5.271194e-06
67030000	5.897943e-06
67035000	4.632238e-06
67040000	6.060834e-06
67045000	5.919561e-06
67050000	5.495717e-06
67055000	5.438095e-06
67060000	5.500406e-06
67065000	5.415208e-06
67070000	5.100438e-06
67075000	5.487931e-06
67080000	5.785018e-06
67085000	5.245808e-06
67090000	5.303117e-06
67095000	5.555698e-06
67100000	5.400418e-06
67105000	5.794872e-06
67110000	6.104200e-06
67115000	5.876543e-06
67120000	5.862532e-06
67125000	5.284010e-06
67130000	5.407347e-06
67135000	5.759483e-06
67140000	5.457875e-06
67145000	5.666590e-06
67150000	5.761731e-06
67155000	4.723969e-06
67160000	5.215392e-06
67165000	5.407298e-06
67170000	5.436631e-06
67175000	6.057164e-06
67180000	5.247851e-06
67185000	6.101033e-06
67190000	4.907988e-06
67195000	5.838650e-06
67200000	5.228562e-06
67205000	5.765601e-06
67210000	6.013987e-06
67215000	5.978286e-06
67220000	5.792441e-06
67225000	5.388936e-06
67230000	6.451635e-06
67235000	5.530564e-06
67240000	5.796425e-06
67245000	6.377748e-06
67250000	6.341443e-06
67255000	5.386375e-06
67260000	5.425645e-06
67265000	5.301350e-06
67270000	5.246071e-06
67275000	5.819412e-06
67280000	5.558876e-06
67285000	5.573913e-06
67290000	5.713213e-06
67295000	5.417290e-06
67300000	5.227893e-06
67305000	5.899774e-06
67310000	5.179221e-06
67315000	5.179238e-06
67320000	5.072413e-06
67325000	5.312205e-06
67330000	5.462090e-06
67335000	5.588930e-06
67340000	5.856729e-06
67345000	4.957946e-06
67350000	4.701609e-06
67355000	5.288495e-06
67360000	4.849910e-06
67365000	5.150886e-06
67370000	5.542637e-06
67375000	4.713924e-06
67380000	5.227609e-06
67385000	5.193540e-06
67390000	5.749029e-06
67395000	5.035360e-06
67400000	4.521851e-06
67405000	5.398997e-06
67410000	5.207281e-06
67415000	5.552778e-06
67420000	5.029292e-06
67425000	5.456337e-06
67430000	5.894263e-06
67435000	5.042714e-06
67440000	5.008976e-06
67445000	6.416956e-06
67450000	4.871229e-06
67455000	4.732063e-06
67460000	5.599944e-06
67465000	5.276156e-06
67470000	5.247834e-06
67475000	5.369944e-06
67480000	5.907231e-06
67485000	4.685717e-06
67490000	5.630865e-06
67495000	5.239246e-06
67500000	5.528017e-06
67505000	5.801374e-06
67510000	5.091910e-06
67515000	4.501954e-06
67520000	5.827319e-06
67525000	5.651008e-06
67530000	4.604903e-06
67535000	5.543026e-06
67540000	5.200869e-06
67545000	5.459913e-06
67550000	5.483803e-06
67555000	5.628342e-06
67560000	5.642773e-06
67565000	5.560647e-06
67570000	5.527301e-06
67575000	5.017796e-06
67580000	5.399979e-06
67585000	5.561313e-06
67590000	5.760927e-06
67595000	4.809313e-06
67600000	5.493256e-06
67605000	5.473622e-06
67610000	5.188301e-06
67615000	5.547835e-06
67620000	5.886629e-06
67625000	4.705329e-06
67630000	5.617175e-06
67635000	5.140269e-06
67640000	5.459506e-06
67645000	5.220039e-06
67650000	5.913468e-06
67655000	5.768132e-06
67660000	4.980681e-06
67665000	5.978530e-06
67670000	5.249612e-06
67675000	5.546836e-06
67680000	5.018976e-06
67685000	5.627838e-06
67690000	5.572406e-06
67695000	5.677063e-06
67700000	4.954898e-06
67705000	5.107122e-06
67710000	5.817061e-06
67715000	5.405809e-06
67720000	5.135378e-06
67725000	6.398740e-06
67730000	5.313163e-06
67735000	5.709793e-06
67740000	5.838162e-06
67745000	5.657404e-06
67750000	5.654848e-06
67755000	5.434870e-06
67760000	6.053582e-06
67765000	5.616259e-06
67770000	5.661540e-06
67775000	5.976161e-06
67780000	4.653670e-06
67785000	5.480604e-06
67790000	5.227293e-06
67795000	5.810470e-06
67800000	5.412209e-06
67805000	5.233645e-06
67810000	5.033620e-06
67815000	5.920488e-06
67820000	5.498488e-06
67825000	5.061246e-06
67830000	5.145562e-06
67835000	5.250559e-06
67840000	5.553913e-06
67845000	5.620091e-06
67850000	5.394666e-06
67855000	4.816481e-06
67860000	6.370123e-06
67865000	5.954739e-06
67870000	5.373507e-06
67875000	5.182052e-06
67880000	5.125613e-06
67885000	5.839268e-06
67890000	4.891134e-06
67895000	5.182826e-06
67900000	4.876713e-06
67905000	5.363815e-06
67910000	4.690981e-06
67915000	5.022985e-06
67920000	5.216519e-06
67925000	5.866868e-06
67930000	5.487889e-06
67935000	5.251383e-06
67940000	4.712372e-06
67945000	5.250843e-06
67950000	4.827716e-06
67955000	5.230061e-06
67960000	5.361538e-06
67965000	4.479496e-06
67970000	4.713608e-06
67975000	5.781999e-06
67980000	5.120012e-06
67985000	5.236054e-06
67990000	5.113432e-06
67995000	5.537657e-06
68000000	4.936918e-06
68005000	5.279408e-06
68010000	4.743021e-06
68015000	4.965900e-06
68020000	5.385069e-06
68025000	5.548217e-06
68030000	5.514910e-06
68035000	5.153559e-06
68040000	5.019870e-06
68045000	5.602648e-06
68050000	5.305657e-06
68055000	4.841051e-06
68060000	5.230580e-06
68065000	5.273096e-06
68070000	5.852753e-06
68075000	5.147637e-06
68080000	5.361091e-06
68085000	5.360123e-06
68090000	4.660842e-06
68095000	4.509286e-06
68100000	5.632198e-06
68105000	5.088813e-06
68110000	4.930746e-06
68115000	5.542218e-06
68120000	5.627366e-06
68125000	4.604592e-06
68130000	4.729059e-06
68135000	5.282393e-06
68140000	5.753307e-06
68145000	4.927049e-06
68150000	5.218239e-06
68155000	4.669711e-06
68160000	4.795933e-06
68165000	4.925508e-06
68170000	5.236839e-06
68175000	5.338840e-06
68180000	5.538790e-06
68185000	6.353846e-06
68190000	5.368254e-06
68195000	5.779282e-06
68200000	5.823693e-06
68205000	4.633234e-06
68210000	5.180666e-06
68215000	4.477764e-06
68220000	5.149342e-06
68225000	5.341104e-06
68230000	5.064883e-06
68235000	4.964592e-06
68240000	5.043878e-06
68245000	5.158056e-06
68250000	5.435786e-06
68255000	5.361285e-06
68260000	5.122649e-06
68265000	5.203392e-06
68270000	5.351676e-06
68275000	4.834741e-06
68280000	5.444003e-06
68285000	4.991795e-06
68290000	5.419516e-06
68295000	5.674776e-06
68300000	5.052037e-06
68305000	4.834185e-06
68310000	4.724644e-06
68315000	4.817107e-06
68320000	5.306308e-06
68325000	5.385035e-06
68330000	4.864968e-06
68335000	5.340345e-06
68340000	5.142226e-06
68345000	4.249987e-06
68350000	5.629564e-06
68355000	5.073798e-06
68360000	5.702009e-06
68365000	5.200574e-06
68370000	4.357179e-06
68375000	4.968528e-06
68380000	5.526997e-06
68385000	4.872128e-06
68390000	5.066535e-06
68395000	5.217305e-06
68400000	5.134803e-06
68405000	5.017998e-06
68410000	4.683503e-06
68415000	5.108419e-06
68420000	4.971203e-06
68425000	4.844766e-06
68430000	5.137891e-06
68435000	4.873065e-06
68440000	4.775905e-06
68445000	5.175058e-06
68450000	4.892351e-06
68455000	4.869197e-06
68460000	4.891830e-06
68465000	4.666475e-06
68470000	5.035953e-06
68475000	5.089014e-06
68480000	5.166200e-06
68485000	4.926901e-06
68490000	4.505705e-06
68495000	5.045943e-06
68500000	4.893297e-06
68505000	4.651709e-06
68510000	4.521597e-06
68515000	4.355906e-06
68520000	5.098536e-06
68525000	5.629098e-06
68530000	4.743012e-06
68535000	5.182826e-06
68540000	5.137886e-06
68545000	5.520105e-06
68550000	4.733122e-06
68555000	4.516672e-06
68560000	4.842002e-06
68565000	5.301488e-06
68570000	5.399279e-06
68575000	5.582131e-06
68580000	5.164591e-06
68585000	5.095613e-06
68590000	5.003168e-06
68595000	5.295673e-06
68600000	5.020412e-06
68605000	4.683181e-06
68610000	5.513454e-06
68615000	4.404965e-06
68620000	4.915158e-06
68625000	5.119406e-06
68630000	5.083198e-06
68635000	4.633372e-06
68640000	5.066621e-06
68645000	4.810802e-06
68650000	5.339128e-06
68655000	4.996265e-06
68660000	4.807285e-06
68665000	5.277281e-06
68670000	4.821386e-06
68675000	4.954396e-06
68680000	5.565547e-06
68685000	5.340122e-06
68690000	5.485877e-06
68695000	4.707598e-06
68700000	5.311444e-06
68705000	4.616899e-06
68710000	5.232981e-06
68715000	5.656121e-06
68720000	4.574467e-06
68725000	4.985367e-06
68730000	5.660789e-06
68735000	5.379896e-06
68740000	5.585539e-06
68745000	4.733379e-06
68750000	5.197848e-06
68755000	5.114285e-06
68760000	5.062044e-06
68765000	4.667343e-06
68770000	5.906080e-06
68775000	4.531637e-06
68780000	4.678330e-06
68785000	5.254954e-06
68790000	5.747362e-06
68795000	4.687524e-06
68800000	5.737866e-06
68805000	5.270533e-06
68810000	4.593550e-06
68815000	5.229199e-06
68820000	5.178312e-06
68825000	4.374687e-06
68830000	4.225467e-06
68835000	4.501497e-06
68840000	4.895141e-06
68845000	4.804675e-06
68850000	5.169640e-06
68855000	4.546161e-06
68860000	5.150800e-06
68865000	4.774775e-06
68870000	5.194536e-06
68875000	4.930100e-06
68880000	4.610773e-06
68885000	4.645177e-06
68890000	4.786212e-06
68895000	5.257583e-06
68900000	4.721288e-06
68905000	5.038503e-06
68910000	5.368520e-06
68915000	5.341484e-06
68920000	5.821885e-06
68925000	5.442202e-06
68930000	4.804994e-06
68935000	4.801123e-06
68940000	4.657223e-06
68945000	4.556120e-06
68950000	4.228904e-06
68955000	4.878034e-06
68960000	4.392765e-06
68965000	4.844768e-06
68970000	4.504089e-06
68975000	4.604151e-06
68980000	4.560341e-06
68985000	4.233620e-06
68990000	4.522522e-06
68995000	5.224158e-06
69000000	4.675757e-06
69005000	5.071229e-06
69010000	5.348870e-06
69015000	4.929374e-06
69020000	4.706623e-06
69025000	5.537504e-06
69030000	5.189589e-06
69035000	4.301478e-06
69040000	4.971132e-06
69045000	4.721302e-06
69050000	5.094066e-06
69055000	4.866867e-06
69060000	5.438567e-06
69065000	4.724503e-06
69070000	4.999549e-06
69075000	4.959224e-06
69080000	4.873049e-06
69085000	5.122550e-06
69090000	5.037952e-06
69095000	5.568771e-06
69100000	4.666501e-06
69105000	5.082600e-06
69110000	4.891012e-06
69115000	5.119763e-06
69120000	5.180487e-06
69125000	4.869223e-06
69130000	4.899407e-06
69135000	5.109497e-06
69140000	5.259911e-06
69145000	5.099311e-06
69150000	5.376884e-06
69155000	4.833413e-06
69160000	5.230571e-06
69165000	5.158014e-06
69170000	5.273124e-06
69175000	4.649233e-06
69180000	4.306082e-06
69185000	5.162639e-06
69190000	4.869371e-06
69195000	5.341122e-06
69200000	5.063056e-06
69205000	5.073425e-06
69210000	5.200161e-06
69215000	4.755290e-06
69220000	5.529268e-06
69225000	5.636818e-06
69230000	5.528981e-06
69235000	4.657954e-06
69240000	4.823501e-06
69245000	4.676397e-06
69250000	5.238976e-06
69255000	5.268580e-06
69260000	4.748310e-06
69265000	4.530590e-06
69270000	5.364437e-06
69275000	5.270344e-06
69280000	5.260612e-06
69285000	4.695212e-06
69290000	5.138547e-06
69295000	4.936758e-06
69300000	5.179911e-06
69305000	4.506437e-06
69310000	5.491333e-06
69315000	4.787900e-06
69320000	4.714524e-06
69325000	4.400340e-06
69330000	5.236193e-06
69335000	5.058926e-06
69340000	5.242126e-06
69345000	4.875326e-06
69350000	4.807891e-06
69355000	4.981528e-06
69360000	5.004363e-06
69365000	5.275332e-06
69370000	5.122704e-06
69375000	4.755421e-06
69380000	4.792116e-06
69385000	5.303578e-06
69390000	5.002692e-06
69395000	5.678180e-06
69400000	4.753552e-06
69405000	4.253080e-06
69410000	5.049715e-06
69415000	4.696278e-06
69420000	4.522098e-06
69425000	5.259211e-06
69430000	4.396838e-06
69435000	4.885568e-06
69440000	5.287102e-06
69445000	5.155141e-06
69450000	4.970194e-06
69455000	4.823192e-06
69460000	4.843260e-06
69465000	4.804609e-06
69470000	4.930331e-06
69475000	4.943967e-06
69480000	4.301177e-06
69485000	5.016161e-06
69490000	5.062592e-06
69495000	5.527198e-06
69500000	6.114506e-06
69505000	4.798386e-06
69510000	4.629312e-06
69515000	4.702996e-06
69520000	4.976629e-06
69525000	4.736079e-06
69530000	4.835749e-06
69535000	4.717942e-06
69540000	4.271963e-06
69545000	4.930280e-06
69550000	5.266329e-06
69555000	5.179427e-06
69560000	5.445765e-06
69565000	4.969079e-06
69570000	4.253759e-06
69575000	5.277134e-06
69580000	4.682434e-06
69585000	4.679975e-06
69590000	5.322181e-06
69595000	5.060387e-06
69600000	5.158036e-06
69605000	6.085920e-06
69610000	4.907556e-06
69615000	5.615478e-06
69620000	4.534148e-06
69625000	5.271534e-06
69630000	4.800248e-06
69635000	4.819796e-06
69640000	5.129564e-06
69645000	5.155530e-06
69650000	5.649139e-06
69655000	4.584223e-06
69660000	5.222326e-06
69665000	5.263438e-06
69670000	5.502835e-06
69675000	4.814463e-06
69680000	5.551928e-06
69685000	4.767830e-06
69690000	4.764584e-06
69695000	4.756281e-06
69700000	4.323535e-06
69705000	5.110022e-06
69710000	5.621665e-06
69715000	5.500690e-06
69720000	5.100458e-06
69725000	4.790250e-06
69730000	4.556969e-06
69735000	5.230734e-06
69740000	5.321112e-06
69745000	5.202303e-06
69750000	4.866651e-06
69755000	5.504411e-06
69760000	5.079921e-06
69765000	4.974818e-06
69770000	5.368982e-06
69775000	4.661009e-06
69780000	4.796090e-06
69785000	5.134775e-06
69790000	5.049790e-06
69795000	4.917705e-06
69800000	4.797142e-06
69805000	5.292088e-06
69810000	5.209032e-06
69815000	4.662198e-06
69820000	4.296827e-06
69825000	5.364080e-06
69830000	5.147602e-06
69835000	5.523512e-06
69840000	5.473432e-06
69845000	5.566884e-06
69850000	4.719121e-06
69855000	5.074022e-06
69860000	4.761324e-06
69865000	4.749217e-06
69870000	4.683069e-06
69875000	5.092276e-06
69880000	5.279328e-06
69885000	5.065546e-06
69890000	5.328152e-06
69895000	5.168166e-06
69900000	4.962050e-06
69905000	4.840282e-06
69910000	4.794771e-06
69915000	4.408179e-06
69920000	4.335401e-06
69925000	5.287357e-06
69930000	5.283098e-06
69935000	4.665428e-06
69940000	4.619221e-06
69945000	4.742436e-06
69950000	4.969285e-06
69955000	4.474435e-06
69960000	5.053093e-06
69965000	4.999618e-06
69970000	4.492186e-06
69975000	4.825936e-06
69980000	5.057360e-06
69985000	4.820072e-06
69990000	5.034842e-06
69995000	4.758727e-06
70000000	4.980064e-06
70005000	4.619606e-06
70010000	4.759163e-06
70015000	4.749548e-06
70020000	4.734518e-06
70025000	5.042916e-06
70030000	5.130483e-06
70035000	4.935924e-06
70040000	4.609078e-06
70045000	4.911369e-06
70050000	5.152340e-06
70055000	4.750516e-06
70060000	5.094460e-06
70065000	4.528191e-06
70070000	5.146649e-06
70075000	5.645260e-06
70080000	5.514920e-06
70085000	5.083758e-06
70090000	4.837286e-06
70095000	5.140850e-06
70100000	4.376014e-06
70105000	5.260440e-06
70110000	4.937692e-06
70115000	5.046153e-06
70120000	4.882294e-06
70125000	4.886888e-06
70130000	4.942315e-06
70135000	4.644187e-06
70140000	4.770489e-06
70145000	4.483030e-06
70150000	4.924807e-06
70155000	5.188090e-06
70160000	4.589174e-06
70165000	4.371535e-06
70170000	4.568841e-06
70175000	4.753963e-06
70180000	5.334219e-06
70185000	4.692662e-06
70190000	4.922754e-06
70195000	5.074860e-06
70200000	4.813327e-06
70205000	4.979294e-06
70210000	4.756748e-06
70215000	4.568987e-06
70220000	4.672165e-06
70225000	5.200819e-06
70230000	5.246311e-06
70235000	4.494447e-06
70240000	4.417748e-06
70245000	4.820936e-06
70250000	4.812289e-06
70255000	4.901297e-06
70260000	4.700893e-06
70265000	4.971355e-06
70270000	5.309165e-06
70275000	4.911986e-06
70280000	4.734518e-06
70285000	4.893950e-06
70290000	5.153862e-06
70295000	4.659393e-06
70300000	4.746997e-06
70305000	4.886743e-06
70310000	5.301502e-06
70315000	4.926086e-06
70320000	4.894005e-06
70325000	4.543165e-06
70330000	4.721712e-06
70335000	4.480372e-06
70340000	4.907735e-06
70345000	5.227203e-06
70350000	4.030895e-06
70355000	4.303331e-06
70360000	4.882921e-06
70365000	5.215825e-06
70370000	4.819536e-06
70375000	4.488946e-06
70380000	5.684059e-06
70385000	4.989689e-06
70390000	4.817175e-06
70395000	5.240014e-06
70400000	4.867338e-06
70405000	4.748435e-06
70410000	4.910172e-06
70415000	4.695713e-06
70420000	5.007212e-06
70425000	4.746582e-06
70430000	4.943185e-06
70435000	4.596713e-06
70440000	4.704481e-06
70445000	4.602261e-06
70450000	3.987676e-06
70455000	4.196794e-06
70460000	4.394011e-06
70465000	4.704137e-06
70470000	3.941371e-06
70475000	4.189738e-06
70480000	4.751514e-06
70485000	3.996348e-06
70490000	4.967795e-06
70495000	4.674121e-06
70500000	5.005692e-06
70505000	4.695329e-06
70510000	4.905661e-06
70515000	4.281014e-06
70520000	4.324395e-06
70525000	4.582759e-06
70530000	4.372506e-06
70535000	5.557297e-06
70540000	5.182154e-06
70545000	4.702804e-06
70550000	5.043161e-06
70555000	4.799983e-06
70560000	5.492450e-06
70565000	4.694953e-06
70570000	4.624076e-06
70575000	5.385235e-06
70580000	5.043636e-06
70585000	4.478152e-06
70590000	5.307780e-06
70595000	4.573480e-06
70600000	4.473197e-06
70605000	5.064955e-06
70610000	5.248775e-06
70615000	4.830860e-06
70620000	4.342727e-06
70625000	4.308880e-06
70630000	4.888884e-06
70635000	5.458819e-06
70640000	4.515495e-06
70645000	4.717516e-06
70650000	4.789160e-06
70655000	4.971917e-06
70660000	5.119046e-06
70665000	5.235045e-06
70670000	5.359511e-06
70675000	4.948116e-06
70680000	4.636154e-06
70685000	5.040586e-06
70690000	4.468493e-06
70695000	5.078077e-06
70700000	4.975825e-06
70705000	4.940432e-06
70710000	4.769722e-06
70715000	4.766387e-06
70720000	4.534414e-06
70725000	5.169856e-06
70730000	4.460074e-06
70735000	5.106747e-06
70740000	4.921780e-06
70745000	4.925211e-06
70750000	4.819000e-06
70755000	5.143435e-06
70760000	5.165507e-06
70765000	5.102782e-06
70770000	4.799397e-06
70775000	4.743915e-06
70780000	4.813456e-06
70785000	4.614549e-06
70790000	4.488617e-06
70795000	5.070385e-06
70800000	5.124838e-06
70805000	4.870009e-06
70810000	5.156877e-06
70815000	4.569010e-06
70820000	4.183541e-06
70825000	4.637109e-06
70830000	5.202475e-06
70835000	4.491178e-06
70840000	4.723727e-06
70845000	5.351440e-06
70850000	4.768246e-06
70855000	5.121084e-06
70860000	4.280947e-06
70865000	3.986470e-06
70870000	4.577060e-06
70875000	5.121990e-06
70880000	4.792965e-06
70885000	3.930710e-06
70890000	4.447099e-06
70895000	4.764564e-06
70900000	3.911310e-06
70905000	4.487939e-06
70910000	4.444996e-06
70915000	4.571871e-06
70920000	4.250388e-06
70925000	4.487570e-06
70930000	4.894216e-06
70935000	4.765343e-06
70940000	5.113377e-06
70945000	4.373626e-06
70950000	4.907188e-06
70955000	5.149957e-06
70960000	4.917387e-06
70965000	4.607144e-06
70970000	4.586694e-06
70975000	4.399118e-06
70980000	4.648097e-06
70985000	4.808757e-06
70990000	4.898655e-06
70995000	4.957661e-06
71000000	4.841595e-06
71005000	4.367261e-06
71010000	5.506712e-06
71015000	4.690248e-06
71020000	4.933606e-06
71025000	5.168992e-06
71030000	5.191289e-06
71035000	4.599573e-06
71040000	4.768609e-06
71045000	4.476672e-06
71050000	4.211849e-06
71055000	4.859571e-06
71060000	5.037351e-06
71065000	4.908254e-06
71070000	4.408306e-06
71075000	4.639323e-06
71080000	5.011930e-06
71085000	5.384565e-06
71090000	4.722288e-06
71095000	4.458417e-06
71100000	5.398143e-06
71105000	4.678870e-06
71110000	4.586807e-06
71115000	5.244226e-06
71120000	4.344702e-06
71125000	5.939341e-06
71130000	4.863479e-06
71135000	4.929388e-06
71140000	4.656368e-06
71145000	5.171214e-06
71150000	4.910124e-06
71155000	4.941202e-06
71160000	4.915347e-06
71165000	5.104334e-06
71170000	3.929540e-06
71175000	4.387735e-06
71180000	4.882393e-06
71185000	4.689242e-06
71190000	4.746833e-06
71195000	4.912024e-06
71200000	4.667792e-06
71205000	4.951850e-06
71210000	4.819450e-06
71215000	4.362073e-06
71220000	4.996948e-06
71225000	5.048168e-06
71230000	4.946577e-06
71235000	4.770394e-06
71240000	5.423845e-06
71245000	5.206491e-06
71250000	4.990139e-06
71255000	4.950220e-06
71260000	5.454968e-06
71265000	5.107527e-06
71270000	4.700515e-06
71275000	4.592794e-06
71280000	4.996550e-06
71285000	4.644727e-06
71290000	4.670252e-06
71295000	5.767512e-06
71300000	4.572979e-06
71305000	5.483349e-06
71310000	4.892044e-06
71315000	5.347460e-06
71320000	5.050712e-06
71325000	5.046754e-06
71330000	5.032132e-06
71335000	5.395892e-06
71340000	4.522132e-06
71345000	5.154392e-06
71350000	4.845323e-06
71355000	3.936033e-06
71360000	4.676656e-06
71365000	4.470215e-06
71370000	4.294147e-06
71375000	4.783268e-06
71380000	5.214505e-06
71385000	5.003356e-06
71390000	5.536456e-06
71395000	4.574723e-06
71400000	4.704556e-06
71405000	5.067381e-06
71410000	4.840785e-06
71415000	5.082836e-06
71420000	4.845602e-06
71425000	4.128895e-06
71430000	5.595772e-06
71435000	5.384327e-06
71440000	4.786905e-06
71445000	5.101047e-06
71450000	4.351971e-06
71455000	4.431532e-06
71460000	4.844555e-06
71465000	5.175039e-06
71470000	4.819733e-06
71475000	4.928366e-06
71480000	5.029728e-06
71485000	4.488561e-06
71490000	4.307572e-06
71495000	5.369783e-06
71500000	4.815219e-06
71505000	4.867187e-06
71510000	4.161562e-06
71515000	5.391944e-06
71520000	5.379159e-06
71525000	4.715404e-06
71530000	4.493313e-06
71535000	5.225221e-06
71540000	4.948292e-06
71545000	4.947858e-06
71550000	5.135196e-06
71555000	4.671093e-06
71560000	4.967162e-06
71565000	5.073624e-06
71570000	4.318691e-06
71575000	4.723351e-06
71580000	5.157023e-06
71585000	4.553148e-06
71590000	4.838483e-06
71595000	4.906772e-06
71600000	5.179611e-06
71605000	4.741502e-06
71610000	5.135828e-06
71615000	5.610064e-06
71620000	4.769860e-06
71625000	4.541223e-06
71630000	4.712891e-06
71635000	5.229826e-06
71640000	4.660026e-06
71645000	4.871259e-06
71650000	5.110601e-06
71655000	4.937258e-06
71660000	4.441357e-06
71665000	4.806004e-06
71670000	4.498718e-06
71675000	4.344321e-06
71680000	4.837148e-06
71685000	5.289630e-06
71690000	5.092910e-06
71695000	5.161961e-06
71700000	5.563443e-06
71705000	4.823821e-06
71710000	5.635739e-06
71715000	4.859879e-06
71720000	4.306716e-06
71725000	4.987482e-06
71730000	4.880957e-06
71735000	4.761304e-06
71740000	4.559920e-06
71745000	5.056202e-06
71750000	4.375265e-06
71755000	5.559110e-06
71760000	4.668855e-06
71765000	5.424545e-06
71770000	4.234552e-06
71775000	4.949481e-06
71780000	4.779049e-06
71785000	4.780554e-06
71790000	5.467489e-06
71795000	5.282144e-06
71800000	5.254220e-06
71805000	4.654124e-06
71810000	4.978171e-06
71815000	4.915646e-06
71820000	4.854810e-06
71825000	4.630023e-06
71830000	5.037642e-06
71835000	4.811531e-06
71840000	5.360358e-06
71845000	5.108107e-06
71850000	4.912566e-06
71855000	5.089824e-06
71860000	4.755132e-06
71865000	4.777260e-06
71870000	4.641328e-06
71875000	4.663811e-06
71880000	5.117665e-06
71885000	5.866751e-06
71890000	4.865957e-06
71895000	4.866255e-06
71900000	4.465116e-06
71905000	4.722497e-06
71910000	4.942311e-06
71915000	4.085384e-06
71920000	4.559365e-06
71925000	5.136507e-06
71930000	5.076969e-06
71935000	4.193200e-06
71940000	4.689767e-06
71945000	4.586255e-06
71950000	4.399548e-06
71955000	5.089824e-06
71960000	4.625876e-06
71965000	4.526803e-06
71970000	4.536584e-06
71975000	4.494320e-06
71980000	4.088563e-06
71985000	4.296911e-06
71990000	4.405806e-06
71995000	5.130495e-06
72000000	4.872400e-06
72005000	4.306494e-06
72010000	5.225131e-06
72015000	4.842345e-06
72020000	4.544329e-06
72025000	5.106279e-06
72030000	4.724958e-06
72035000	5.385740e-06
72040000	4.033462e-06
72045000	5.040205e-06
72050000	5.148301e-06
72055000	5.233484e-06
72060000	4.540996e-06
72065000	4.283089e-06
72070000	4.479640e-06
72075000	5.176121e-06
72080000	4.009983e-06
72085000	5.058944e-06
72090000	4.806123e-06
72095000	4.781862e-06
72100000	4.972195e-06
72105000	4.482027e-06
72110000	4.919584e-06
72115000	4.236707e-06
72120000	5.015518e-06
72125000	4.667455e-06
72130000	4.674633e-06
72135000	4.585231e-06
72140000	5.237054e-06
72145000	4.550321e-06
72150000	5.023831e-06
72155000	4.383380e-06
72160000	4.786537e-06
72165000	4.172319e-06
72170000	4.322946e-06
72175000	4.556331e-06
72180000	4.337290e-06
72185000	4.487340e-06
72190000	4.778400e-06
72195000	4.832367e-06
72200000	5.227793e-06
72205000	4.170479e-06
72210000	4.448011e-06
72215000	4.922746e-06
72220000	5.026949e-06
72225000	4.937286e-06
72230000	4.280304e-06
72235000	5.218291e-06
72240000	4.134231e-06
72245000	4.856601e-06
72250000	4.333402e-06
72255000	4.926907e-06
72260000	5.062476e-06
72265000	4.689903e-06
72270000	4.934026e-06
72275000	4.589222e-06
72280000	4.722736e-06
72285000	4.285081e-06
72290000	5.360030e-06
72295000	4.215285e-06
72300000	4.683489e-06
72305000	4.885299e-06
72310000	4.380915e-06
72315000	4.298973e-06
72320000	5.176248e-06
72325000	5.030524e-06
72330000	4.148707e-06
72335000	4.989008e-06
72340000	4.827197e-06
72345000	4.368775e-06
72350000	4.955420e-06
72355000	5.174621e-06
72360000	4.444641e-06
72365000	5.047044e-06
72370000	4.721437e-06
72375000	4.556290e-06
72380000	5.062687e-06
72385000	4.975888e-06
72390000	4.781229e-06
72395000	5.620130e-06
72400000	4.695553e-06
72405000	4.891018e-06
72410000	4.479461e-06
72415000	5.418085e-06
72420000	5.104358e-06
72425000	4.947392e-06
72430000	4.995763e-06
72435000	5.662119e-06
72440000	5.281787e-06
72445000	4.588131e-06
72450000	5.178394e-06
72455000	4.758219e-06
72460000	4.902445e-06
72465000	4.371682e-06
72470000	4.254424e-06
72475000	4.609120e-06
72480000	4.919796e-06
72485000	5.010066e-06
72490000	5.249265e-06
72495000	4.516056e-06
72500000	3.790098e-06
72505000	4.582694e-06
72510000	5.377172e-06
72515000	4.691906e-06
72520000	4.388344e-06
72525000	4.823701e-06
72530000	4.541213e-06
72535000	4.938947e-06
72540000	4.844331e-06
72545000	4.694430e-06
72550000	4.565677e-06
72555000	5.198088e-06
72560000	4.799757e-06
72565000	4.435277e-06
72570000	4.160771e-06
72575000	4.195672e-06
72580000	4.505161e-06
72585000	4.334193e-06
72590000	4.763289e-06
72595000	4.712176e-06
72600000	4.651083e-06
72605000	4.098175e-06
72610000	3.960223e-06
72615000	5.029649e-06
72620000	4.086509e-06
72625000	4.322241e-06
72630000	5.061214e-06
72635000	5.240418e-06
72640000	4.711285e-06
72645000	4.815752e-06
72650000	4.819451e-06
72655000	4.380641e-06
72660000	5.115924e-06
72665000	4.622370e-06
72670000	4.542845e-06
72675000	4.105349e-06
72680000	4.099763e-06
72685000	5.063775e-06
72690000	4.379756e-06
72695000	4.770233e-06
72700000	5.230800e-06
72705000	4.293277e-06
72710000	4.726069e-06
72715000	5.452600e-06
72720000	4.183766e-06
72725000	4.427307e-06
72730000	4.793985e-06
72735000	4.364395e-06
72740000	5.235319e-06
72745000	3.678066e-06
72750000	4.380225e-06
72755000	4.160028e-06
72760000	4.543215e-06
72765000	5.149155e-06
72770000	5.051970e-06
72775000	5.207068e-06
72780000	4.588197e-06
72785000	4.787240e-06
72790000	4.792701e-06
72795000	5.036355e-06
72800000	5.514300e-06
72805000	5.167531e-06
72810000	4.803287e-06
72815000	4.640412e-06
72820000	4.872398e-06
72825000	5.165370e-06
72830000	4.838244e-06
72835000	5.438684e-06
72840000	5.134202e-06
72845000	4.883958e-06
72850000	5.416239e-06
72855000	4.928946e-06
72860000	4.565786e-06
72865000	5.313981e-06
72870000	4.835548e-06
72875000	4.349220e-06
72880000	4.302556e-06
72885000	5.129177e-06
72890000	5.482937e-06
72895000	4.440166e-06
72900000	4.511669e-06
72905000	4.868648e-06
72910000	4.605394e-06
72915000	4.956931e-06
72920000	4.430042e-06
72925000	4.431107e-06
72930000	4.833338e-06
72935000	4.778559e-06
72940000	4.852987e-06
72945000	4.717422e-06
72950000	4.272031e-06
72955000	4.515832e-06
72960000	4.447581e-06
72965000	4.719386e-06
72970000	4.804457e-06
72975000	4.713985e-06
72980000	4.435865e-06
72985000	3.937299e-06
72990000	4.349281e-06
72995000	5.260191e-06
73000000	4.368059e-06
73005000	4.709393e-06
73010000	4.042411e-06
73015000	4.774366e-06
73020000	4.664850e-06
73025000	4.475424e-06
73030000	4.483582e-06
73035000	4.830588e-06
73040000	5.070056e-06
73045000	4.612237e-06
73050000	4.989525e-06
73055000	4.234698e-06
73060000	4.456249e-06
73065000	4.879759e-06
73070000	4.238591e-06
73075000	4.139380e-06
73080000	5.343733e-06
73085000	4.732787e-06
73090000	4.752227e-06
73095000	5.394534e-06
73100000	5.184862e-06
73105000	5.148372e-06
73110000	4.808192e-06
73115000	4.807838e-06
73120000	5.353000e-06
73125000	4.524118e-06
73130000	4.535472e-06
73135000	4.804881e-06
73140000	4.897479e-06
73145000	5.367089e-06
73150000	5.087387e-06
73155000	4.611581e-06
73160000	4.889573e-06
73165000	4.432470e-06
73170000	5.020632e-06
73175000	5.384592e-06
73180000	4.812722e-06
73185000	4.530076e-06
73190000	5.160965e-06
73195000	4.953963e-06
73200000	5.278712e-06
73205000	5.040107e-06
73210000	4.408163e-06
73215000	4.321182e-06
73220000	4.629632e-06
73225000	4.426111e-06
73230000	5.212397e-06
73235000	4.541785e-06
73240000	5.293590e-06
73245000	4.248652e-06
73250000	5.195707e-06
73255000	5.571021e-06
73260000	4.518497e-06
73265000	5.069358e-06
73270000	4.695288e-06
73275000	5.336665e-06
73280000	5.001378e-06
73285000	4.722893e-06
73290000	4.907406e-06
73295000	4.413165e-06
73300000	4.810387e-06
73305000	4.800666e-06
73310000	5.267386e-06
73315000	4.898003e-06
73320000	4.377463e-06
73325000	4.345315e-06
73330000	5.094428e-06
73335000	5.204954e-06
73340000	4.751347e-06
73345000	4.902896e-06
73350000	4.822035e-06
73355000	5.360123e-06
73360000	4.319067e-06
73365000	4.553629e-06
73370000	5.732561e-06
73375000	5.042754e-06
73380000	4.911708e-06
73385000	5.315270e-06
73390000	4.622089e-06
73395000	4.451291e-06
73400000	4.787693e-06
73405000	4.709546e-06
73410000	5.160384e-06
73415000	4.872559e-06
73420000	5.161793e-06
73425000	4.663638e-06
73430000	5.008998e-06
73435000	4.388028e-06
73440000	4.870960e-06
73445000	4.908313e-06
73450000	5.657753e-06
73455000	4.742778e-06
73460000	4.962419e-06
73465000	4.487888e-06
73470000	4.425020e-06
73475000	4.532534e-06
73480000	5.020592e-06
73485000	5.215392e-06
73490000	4.879425e-06
73495000	4.092827e-06
73500000	4.353546e-06
73505000	4.580275e-06
73510000	4.598864e-06
73515000	5.445207e-06
73520000	5.150454e-06
73525000	4.883167e-06
73530000	4.791319e-06
73535000	5.217876e-06
73540000	5.260709e-06
73545000	4.265725e-06
73550000	4.815156e-06
73555000	4.198676e-06
73560000	4.530028e-06
73565000	4.274666e-06
73570000	4.856565e-06
73575000	4.321821e-06
73580000	4.348246e-06
73585000	4.916115e-06
73590000	4.919149e-06
73595000	4.744404e-06
73600000	5.169635e-06
73605000	4.678675e-06
73610000	4.906274e-06
73615000	5.075942e-06
73620000	4.490894e-06
73625000	4.684867e-06
73630000	4.713038e-06
73635000	4.847436e-06
73640000	4.754296e-06
73645000	4.843377e-06
73650000	5.056493e-06
73655000	5.319337e-06
73660000	4.872204e-06
73665000	4.396014e-06
73670000	4.760568e-06
73675000	4.351552e-06
73680000	4.725678e-06
73685000	5.078476e-06
73690000	4.450981e-06
73695000	4.632634e-06
73700000	4.913693e-06
73705000	4.934707e-06
73710000	4.782099e-06
73715000	4.497547e-06
73720000	4.521895e-06
73725000	5.103141e-06
73730000	4.660862e-06
73735000	5.082511e-06
73740000	4.543010e-06
73745000	4.715410e-06
73750000	4.262728e-06
73755000	4.713154e-06
73760000	4.163339e-06
73765000	4.916440e-06
73770000	5.759207e-06
73775000	5.287626e-06
73780000	4.964664e-06
73785000	4.835772e-06
73790000	5.296973e-06
73795000	5.214374e-06
73800000	4.935434e-06
73805000	4.675290e-06
73810000	5.156519e-06
73815000	4.985894e-06
73820000	4.977102e-06
73825000	4.378261e-06
73830000	4.400426e-06
73835000	4.372786e-06
73840000	4.598199e-06
73845000	4.967606e-06
73850000	4.599749e-06
73855000	4.887551e-06
73860000	4.847420e-06
73865000	4.924435e-06
73870000	4.843729e-06
73875000	4.344538e-06
73880000	4.664913e-06
73885000	4.764186e-06
73890000	4.573426e-06
73895000	4.697821e-06
73900000	4.766766e-06
73905000	4.900382e-06
73910000	4.678217e-06
73915000	4.320108e-06
73920000	4.448979e-06
73925000	5.022686e-06
73930000	4.442129e-06
73935000	5.315206e-06
73940000	5.141749e-06
73945000	4.934563e-06
73950000	4.301784e-06
73955000	4.558296e-06
73960000	4.315574e-06
73965000	5.438391e-06
73970000	4.546254e-06
73975000	4.297031e-06
73980000	4.977639e-06
73985000	4.326973e-06
73990000	4.450050e-06
73995000	4.855341e-06
74000000	4.844685e-06
74005000	4.857853e-06
74010000	4.707191e-06
74015000	4.234790e-06
74020000	4.772819e-06
74025000	4.749075e-06
74030000	4.819617e-06
74035000	4.070106e-06
74040000	4.750381e-06
74045000	4.698324e-06
74050000	4.533376e-06
74055000	4.019869e-06
74060000	4.641423e-06
74065000	4.525422e-06
74070000	4.684446e-06
74075000	4.547714e-06
74080000	4.740738e-06
74085000	4.687661e-06
74090000	4.703657e-06
74095000	4.911766e-06
74100000	4.716002e-06
74105000	4.925572e-06
74110000	4.867469e-06
74115000	4.753399e-06
74120000	4.247075e-06
74125000	4.678770e-06
74130000	4.751877e-06
74135000	4.528206e-06
74140000	4.310466e-06
74145000	4.292339e-06
74150000	5.038258e-06
74155000	4.761877e-06
74160000	4.941032e-06
74165000	4.996636e-06
74170000	4.657328e-06
74175000	4.650028e-06
74180000	5.063362e-06
74185000	5.164884e-06
74190000	5.059563e-06
74195000	4.907620e-06
74200000	4.364569e-06
74205000	4.201725e-06
74210000	4.346297e-06
74215000	4.308898e-06
74220000	5.104925e-06
74225000	5.217541e-06
74230000	5.648726e-06
74235000	5.061028e-06
74240000	4.135472e-06
74245000	4.928549e-06
74250000	4.913772e-06
74255000	4.114039e-06
74260000	4.850132e-06
74265000	4.374159e-06
74270000	5.095965e-06
74275000	4.755624e-06
74280000	4.803464e-06
74285000	4.881065e-06
74290000	4.092669e-06
74295000	5.067149e-06
74300000	4.654014e-06
74305000	4.816319e-06
74310000	4.609731e-06
74315000	4.879862e-06
74320000	4.345207e-06
74325000	4.822198e-06
74330000	4.676394e-06
74335000	4.196226e-06
74340000	5.026742e-06
74345000	5.109337e-06
74350000	4.910394e-06
74355000	4.558251e-06
74360000	4.717545e-06
74365000	4.810122e-06
74370000	4.698656e-06
74375000	4.772909e-06
74380000	4.679957e-06
74385000	5.022605e-06
74390000	5.020639e-06
74395000	4.635924e-06
74400000	5.325098e-06
74405000	4.856239e-06
74410000	4.495019e-06
74415000	4.357953e-06
74420000	4.405978e-06
74425000	5.193726e-06
74430000	4.820802e-06
74435000	5.085596e-06
74440000	4.350853e-06
74445000	4.600909e-06
74450000	4.213505e-06
74455000	4.025941e-06
74460000	4.962353e-06
74465000	4.777159e-06
74470000	4.315638e-06
74475000	4.829646e-06
74480000	4.419182e-06
74485000	4.697093e-06
74490000	5.320439e-06
74495000	4.301981e-06
74500000	4.347980e-06
74505000	4.355315e-06
74510000	4.919202e-06
74515000	4.672276e-06
74520000	4.218627e-06
74525000	4.403576e-06
74530000	4.516989e-06
74535000	4.448741e-06
74540000	4.548851e-06
74545000	4.368427e-06
74550000	4.290787e-06
74555000	4.803293e-06
74560000	4.745614e-06
74565000	4.589591e-06
74570000	4.719370e-06
74575000	4.238908e-06
74580000	4.552258e-06
74585000	4.784484e-06
74590000	5.041461e-06
74595000	4.359842e-06
74600000	4.921479e-06
74605000	4.724488e-06
74610000	4.467975e-06
74615000	5.060336e-06
74620000	3.868964e-06
74625000	4.686572e-06
74630000	4.584735e-06
74635000	4.659289e-06
74640000	4.383667e-06
74645000	4.755468e-06
74650000	4.503670e-06
74655000	4.407761e-06
74660000	4.740916e-06
74665000	5.629906e-06
74670000	4.527836e-06
74675000	4.914008e-06
74680000	4.795457e-06
74685000	4.230692e-06
74690000	4.679988e-06
74695000	4.852167e-06
74700000	4.396030e-06
74705000	4.473320e-06
74710000	4.900634e-06
74715000	4.536831e-06
74720000	4.507855e-06
74725000	4.307797e-06
74730000	4.780884e-06
74735000	4.570196e-06
74740000	4.815999e-06
74745000	4.718628e-06
74750000	4.644003e-06
74755000	4.799792e-06
74760000	4.855759e-06
74765000	4.524778e-06
74770000	4.591955e-06
74775000	4.410461e-06
74780000	4.201763e-06
74785000	4.998991e-06
74790000	4.896593e-06
74795000	5.147484e-06
74800000	5.041591e-06
74805000	4.582877e-06
74810000	4.736939e-06
74815000	4.845958e-06
74820000	4.309992e-06
74825000	4.979961e-06
74830000	4.911243e-06
74835000	4.643997e-06
74840000	4.771829e-06
74845000	4.408985e-06
74850000	4.453469e-06
74855000	4.093151e-06
74860000	4.983972e-06
74865000	4.884040e-06
74870000	4.664322e-06
74875000	4.787924e-06
74880000	4.691806e-06
74885000	4.086495e-06
74890000	3.998984e-06
74895000	3.974322e-06
74900000	4.817489e-06
74905000	4.150171e-06
74910000	3.781053e-06
74915000	3.880126e-06
74920000	4.611129e-06
74925000	4.786546e-06
74930000	5.309296e-06
74935000	4.842313e-06
74940000	4.801183e-06
74945000	4.946600e-06
74950000	4.462774e-06
74955000	4.260541e-06
74960000	4.977241e-06
74965000	4.511894e-06
74970000	4.389435e-06
74975000	4.678189e-06
74980000	5.192866e-06
74985000	4.174440e-06
74990000	5.049399e-06
74995000	4.694249e-06
75000000	4.145903e-06
75005000	4.420264e-06
75010000	4.655604e-06
75015000	4.589369e-06
75020000	4.885977e-06
75025000	4.920239e-06
75030000	5.111781e-06
75035000	4.769644e-06
75040000	4.232278e-06
75045000	3.934793e-06
75050000	4.207082e-06
75055000	4.974640e-06
75060000	4.938972e-06
75065000	4.594304e-06
75070000	4.930953e-06
75075000	5.092236e-06
75080000	4.793242e-06
75085000	5.094459e-06
75090000	4.286347e-06
75095000	4.039741e-06
75100000	4.330318e-06
75105000	4.491103e-06
75110000	4.996287e-06
75115000	4.491972e-06
75120000	4.886816e-06
75125000	5.091722e-06
75130000	5.415253e-06
75135000	3.998565e-06
75140000	4.609772e-06
75145000	4.660721e-06
75150000	4.571935e-06
75155000	4.500376e-06
75160000	4.717019e-06
75165000	4.092563e-06
75170000	4.849082e-06
75175000	4.693935e-06
75180000	4.162793e-06
75185000	4.454778e-06
75190000	4.667910e-06
75195000	4.016928e-06
75200000	4.948115e-06
75205000	5.262340e-06
75210000	4.456077e-06
75215000	4.741458e-06
75220000	5.015616e-06
75225000	4.366378e-06
75230000	4.087455e-06
75235000	4.223621e-06
75240000	4.450875e-06
75245000	4.708108e-06
75250000	4.557611e-06
75255000	4.628376e-06
75260000	5.122898e-06
75265000	4.335183e-06
75270000	4.450048e-06
75275000	4.556560e-06
75280000	3.775163e-06
75285000	4.635204e-06
75290000	4.941838e-06
75295000	4.477945e-06
75300000	4.130528e-06
75305000	3.920744e-06
75310000	4.707982e-06
75315000	4.376032e-06
75320000	4.767163e-06
75325000	4.776151e-06
75330000	4.636881e-06
75335000	4.784349e-06
75340000	4.715482e-06
75345000	4.744707e-06
75350000	4.672517e-06
75355000	3.824916e-06
75360000	3.460036e-06
75365000	4.132112e-06
75370000	4.842085e-06
75375000	4.435151e-06
75380000	5.055956e-06
75385000	5.317600e-06
75390000	4.608619e-06
75395000	4.253185e-06
75400000	4.913933e-06
75405000	4.411514e-06
75410000	4.125785e-06
75415000	4.581158e-06
75420000	4.627073e-06
75425000	4.231970e-06
75430000	4.311617e-06
75435000	4.449698e-06
75440000	4.691862e-06
75445000	4.629857e-06
75450000	4.437776e-06
75455000	4.217719e-06
75460000	4.868693e-06
75465000	4.334866e-06
75470000	4.683481e-06
75475000	4.757580e-06
75480000	4.898857e-06
75485000	4.901768e-06
75490000	4.535303e-06
75495000	4.930188e-06
75500000	4.638913e-06
75505000	4.834848e-06
75510000	4.000450e-06
75515000	4.113131e-06
75520000	4.440232e-06
75525000	4.212167e-06
75530000	4.552892e-06
75535000	4.650684e-06
75540000	4.097324e-06
75545000	4.427503e-06
75550000	4.688421e-06
75555000	4.917233e-06
75560000	4.725169e-06
75565000	5.341548e-06
75570000	4.930121e-06
75575000	4.289462e-06
75580000	4.427289e-06
75585000	4.491343e-06
75590000	4.720395e-06
75595000	4.657521e-06
75600000	4.448538e-06
75605000	4.580383e-06
75610000	4.260749e-06
75615000	4.578528e-06
75620000	5.072512e-06
75625000	4.508345e-06
75630000	4.382937e-06
75635000	4.975815e-06
75640000	4.891786e-06
75645000	4.282552e-06
75650000	4.850877e-06
75655000	4.837670e-06
75660000	4.297426e-06
75665000	4.188172e-06
75670000	4.921292e-06
75675000	4.412047e-06
75680000	4.395193e-06
75685000	4.071534e-06
75690000	4.562448e-06
75695000	4.265428e-06
75700000	4.259507e-06
75705000	4.125758e-06
75710000	4.659591e-06
75715000	4.530355e-06
75720000	5.008901e-06
75725000	4.705642e-06
75730000	4.211755e-06
75735000	4.046162e-06
75740000	5.248346e-06
75745000	4.179596e-06
75750000	4.287335e-06
75755000	4.271411e-06
75760000	4.537896e-06
75765000	4.085335e-06
75770000	4.794290e-06
75775000	4.540199e-06
75780000	4.679021e-06
75785000	4.400406e-06
75790000	4.346533e-06
75795000	4.372486e-06
75800000	4.227628e-06
75805000	5.066446e-06
75810000	4.738941e-06
75815000	4.909598e-06
75820000	4.672476e-06
75825000	4.357999e-06
75830000	4.505934e-06
75835000	4.266655e-06
75840000	4.653877e-06
75845000	4.663523e-06
75850000	4.183295e-06
75855000	4.986992e-06
75860000	4.392490e-06
75865000	4.490468e-06
75870000	4.227336e-06
75875000	4.458269e-06
75880000	4.057439e-06
75885000	4.374572e-06
75890000	4.527287e-06
75895000	4.776724e-06
75900000	4.479159e-06
75905000	4.332317e-06
75910000	3.779967e-06
75915000	4.294116e-06
75920000	4.537418e-06
75925000	4.773538e-06
75930000	4.363728e-06
75935000	4.933973e-06
75940000	4.628996e-06
75945000	4.316782e-06
75950000	4.468030e-06
75955000	4.384578e-06
75960000	4.423387e-06
75965000	4.331876e-06
75970000	4.958297e-06
75975000	4.378344e-06
75980000	4.963796e-06
75985000	4.553502e-06
75990000	4.829927e-06
75995000	3.922694e-06
76000000	4.443144e-06
76005000	4.833151e-06
76010000	4.761226e-06
76015000	4.547111e-06
76020000	4.754526e-06
76025000	4.431411e-06
76030000	4.383155e-06
76035000	4.444242e-06
76040000	4.210319e-06
76045000	5.157784e-06
76050000	4.659132e-06
76055000	4.072849e-06
76060000	4.412524e-06
76065000	4.653496e-06
76070000	4.656379e-06
76075000	4.416692e-06
76080000	4.585984e-06
76085000	4.320161e-06
76090000	4.925123e-06
76095000	4.509367e-06
76100000	4.097576e-06
76105000	4.380830e-06
76110000	4.539920e-06
76115000	4.418587e-06
76120000	4.691935e-06
76125000	4.545201e-06
76130000	4.853825e-06
76135000	4.026097e-06
76140000	4.193377e-06
76145000	4.150486e-06
76150000	4.394703e-06
76155000	4.408513e-06
76160000	4.413619e-06
76165000	4.445765e-06
76170000	3.796421e-06
76175000	5.187190e-06
76180000	4.086142e-06
76185000	4.023271e-06
76190000	4.545321e-06
76195000	4.770709e-06
76200000	4.860937e-06
76205000	4.943893e-06
76210000	4.794380e-06
76215000	4.164265e-06
76220000	4.519799e-06
76225000	4.573013e-06
76230000	4.951969e-06
76235000	3.808561e-06
76240000	4.487952e-06
76245000	4.382762e-06
76250000	4.601682e-06
76255000	4.608815e-06
76260000	3.780596e-06
76265000	4.439676e-06
76270000	4.557003e-06
76275000	4.549665e-06
76280000	4.529523e-06
76285000	4.508741e-06
76290000	5.059721e-06
76295000	4.303256e-06
76300000	4.618429e-06
76305000	4.684526e-06
76310000	3.948207e-06
76315000	4.471212e-06
76320000	4.722818e-06
76325000	4.582819e-06
76330000	4.395279e-06
76335000	4.256362e-06
76340000	4.822341e-06
76345000	5.429323e-06
76350000	4.446487e-06
76355000	4.443558e-06
76360000	3.953305e-06
76365000	4.521970e-06
76370000	4.158252e-06
76375000	4.439028e-06
76380000	4.663730e-06
76385000	4.294825e-06
76390000	4.403553e-06
76395000	4.838940e-06
76400000	4.824999e-06
76405000	3.981544e-06
76410000	4.327377e-06
76415000	3.864386e-06
76420000	4.530264e-06
76425000	4.216432e-06
76430000	4.109116e-06
76435000	4.358842e-06
76440000	3.787612e-06
76445000	4.238234e-06
76450000	4.556598e-06
76455000	4.630853e-06
76460000	4.121413e-06
76465000	4.897573e-06
76470000	4.096805e-06
76475000	4.582426e-06
76480000	4.724687e-06
76485000	4.204230e-06
76490000	5.163633e-06
76495000	4.715803e-06
76500000	4.318048e-06
76505000	3.753641e-06
76510000	4.031901e-06
76515000	4.280517e-06
76520000	4.333599e-06
76525000	4.411775e-06
76530000	4.132817e-06
76535000	4.575994e-06
76540000	4.430318e-06
76545000	4.209505e-06
76550000	4.472246e-06
76555000	4.669130e-06
76560000	4.316145e-06
76565000	4.284563e-06
76570000	4.403477e-06
76575000	4.014149e-06
76580000	4.291976e-06
76585000	4.447689e-06
76590000	4.116557e-06
76595000	4.135557e-06
76600000	3.775414e-06
76605000	3.767993e-06
76610000	3.798400e-06
76615000	3.990364e-06
76620000	4.464847e-06
76625000	3.583025e-06
76630000	4.597301e-06
76635000	4.468972e-06
76640000	3.899692e-06
76645000	4.341071e-06
76650000	5.099716e-06
76655000	4.878386e-06
76660000	4.411185e-06
76665000	4.804071e-06
76670000	4.372852e-06
76675000	4.307319e-06
76680000	4.548999e-06
76685000	4.363700e-06
76690000	3.849729e-06
76695000	4.014060e-06
76700000	4.589549e-06
76705000	4.431120e-06
76710000	4.562545e-06
76715000	4.609853e-06
76720000	3.377933e-06
76725000	4.307281e-06
76730000	4.880149e-06
76735000	4.412373e-06
76740000	4.365018e-06
76745000	4.562381e-06
76750000	4.496522e-06
76755000	4.265013e-06
76760000	4.426016e-06
76765000	4.451537e-06
76770000	4.101163e-06
76775000	3.859931e-06
76780000	5.010570e-06
76785000	3.948102e-06
76790000	4.550896e-06
76795000	4.448821e-06
76800000	3.711055e-06
76805000	4.840375e-06
76810000	4.560912e-06
76815000	3.971440e-06
76820000	3.970885e-06
76825000	4.242443e-06
76830000	4.946149e-06
76835000	4.695325e-06
76840000	3.997343e-06
76845000	4.628482e-06
76850000	4.297318e-06
76855000	4.004615e-06
76860000	3.715887e-06
76865000	4.178627e-06
76870000	4.390267e-06
76875000	4.499345e-06
76880000	4.284552e-06
76885000	4.139188e-06
76890000	4.213846e-06
76895000	4.009849e-06
76900000	4.746213e-06
76905000	3.412366e-06
76910000	3.811149e-06
76915000	4.224772e-06
76920000	4.498298e-06
76925000	4.289564e-06
76930000	4.401751e-06
76935000	4.412513e-06
76940000	4.097368e-06
76945000	4.232500e-06
76950000	4.281851e-06
76955000	4.545456e-06
76960000	4.653575e-06
76965000	4.626304e-06
76970000	4.219903e-06
76975000	4.036323e-06
76980000	4.430860e-06
76985000	4.596923e-06
76990000	4.824267e-06
76995000	4.123399e-06
77000000	4.160251e-06
77005000	4.552396e-06
77010000	4.022418e-06
77015000	4.734369e-06
77020000	4.051185e-06
77025000	4.343786e-06
77030000	4.443494e-06
77035000	4.413418e-06
77040000	4.030074e-06
77045000	3.911132e-06
77050000	3.996094e-06
77055000	4.546978e-06
77060000	3.823205e-06
77065000	4.141199e-06
77070000	4.393757e-06
77075000	4.800513e-06
77080000	4.155055e-06
77085000	3.723944e-06
77090000	4.347679e-06
77095000	4.154579e-06
77100000	4.319015e-06
77105000	3.952512e-06
77110000	4.383756e-06
77115000	4.057146e-06
77120000	4.375794e-06
77125000	4.803127e-06
77130000	3.757231e-06
77135000	3.818123e-06
77140000	4.894058e-06
77145000	4.711273e-06
77150000	4.913748e-06
77155000	4.396394e-06
77160000	4.007833e-06
77165000	4.652237e-06
77170000	4.247793e-06
77175000	3.808092e-06
77180000	4.402998e-06
77185000	3.952087e-06
77190000	3.711739e-06
77195000	4.426710e-06
77200000	4.346515e-06
77205000	4.617304e-06
77210000	4.625026e-06
77215000	4.219635e-06
77220000	4.998375e-06
77225000	5.006904e-06
77230000	4.228433e-06
77235000	4.520763e-06
77240000	4.514212e-06
77245000	4.444203e-06
77250000	4.132835e-06
77255000	3.925609e-06
77260000	4.682179e-06
77265000	4.132015e-06
77270000	3.804122e-06
77275000	3.836132e-06
77280000	4.784246e-06
77285000	4.334933e-06
77290000	4.805640e-06
77295000	4.348665e-06
77300000	4.080174e-06
77305000	4.172220e-06
77310000	5.140344e-06
77315000	4.275181e-06
77320000	4.006735e-06
77325000	4.044745e-06
77330000	4.383306e-06
77335000	4.664147e-06
77340000	4.037633e-06
77345000	4.548565e-06
77350000	4.390032e-06
77355000	3.867026e-06
77360000	4.053083e-06
77365000	4.070908e-06
77370000	4.101729e-06
77375000	3.928807e-06
77380000	5.011517e-06
77385000	4.268133e-06
77390000	3.913690e-06
77395000	3.763923e-06
77400000	4.340009e-06
77405000	4.648071e-06
77410000	3.980715e-06
77415000	3.999615e-06
77420000	4.175730e-06
77425000	4.960461e-06
77430000	4.032150e-06
77435000	4.660455e-06
77440000	4.346759e-06
77445000	4.178870e-06
77450000	3.710084e-06
77455000	4.207827e-06
77460000	4.596006e-06
77465000	5.251824e-06
77470000	4.177555e-06
77475000	4.217187e-06
77480000	4.453752e-06
77485000	4.494189e-06
77490000	3.942043e-06
77495000	4.155841e-06
77500000	4.172583e-06
77505000	4.470486e-06
77510000	4.326726e-06
77515000	4.450487e-06
77520000	3.711308e-06
77525000	4.435994e-06
77530000	4.125109e-06
77535000	3.919087e-06
77540000	3.835824e-06
77545000	3.828799e-06
77550000	3.895716e-06
77555000	4.120404e-06
77560000	3.919420e-06
77565000	4.377416e-06
77570000	4.129280e-06
77575000	4.088500e-06
77580000	3.654781e-06
77585000	4.333532e-06
77590000	4.296916e-06
77595000	3.797008e-06
77600000	3.718635e-06
77605000	4.040167e-06
77610000	3.991932e-06
77615000	4.471684e-06
77620000	4.391168e-06
77625000	4.291963e-06
77630000	4.111329e-06
77635000	4.522175e-06
77640000	4.225676e-06
77645000	4.442869e-06
77650000	4.000859e-06
77655000	4.397341e-06
77660000	4.149644e-06
77665000	4.136184e-06
77670000	3.829812e-06
77675000	3.752832e-06
77680000	4.077249e-06
77685000	4.372207e-06
77690000	4.321810e-06
77695000	4.180311e-06
77700000	4.128746e-06
77705000	3.937493e-06
77710000	4.046107e-06
77715000	4.254132e-06
77720000	4.453504e-06
77725000	4.313658e-06
77730000	4.646053e-06
77735000	4.230586e-06
77740000	4.102863e-06
77745000	4.568273e-06
77750000	3.674208e-06
77755000	4.051871e-06
77760000	4.845134e-06
77765000	3.971053e-06
77770000	3.855785e-06
77775000	4.085340e-06
77780000	4.028550e-06
77785000	4.259028e-06
77790000	4.222422e-06
77795000	4.759506e-06
77800000	4.023812e-06
77805000	3.903660e-06
77810000	4.313460e-06
77815000	3.957128e-06
77820000	4.246433e-06
77825000	4.070727e-06
77830000	3.423138e-06
77835000	3.694222e-06
77840000	4.345620e-06
77845000	3.935477e-06
77850000	3.616053e-06
77855000	4.777777e-06
77860000	3.756109e-06
77865000	4.254774e-06
77870000	4.300354e-06
77875000	3.921878e-06
77880000	4.165649e-06
77885000	4.402873e-06
77890000	4.020794e-06
77895000	3.435287e-06
77900000	3.281840e-06
77905000	4.448598e-06
77910000	3.839817e-06
77915000	3.840700e-06
77920000	4.033675e-06
77925000	4.268717e-06
77930000	3.936556e-06
77935000	3.614380e-06
77940000	4.473113e-06
77945000	3.278880e-06
77950000	3.703314e-06
77955000	4.734234e-06
77960000	3.581320e-06
77965000	4.402054e-06
77970000	4.175427e-06
77975000	3.652999e-06
77980000	3.528082e-06
77985000	4.169873e-06
77990000	4.302448e-06
77995000	3.887306e-06
78000000	3.955739e-06
78005000	4.249165e-06
78010000	4.535117e-06
78015000	4.753619e-06
78020000	4.005572e-06
78025000	3.940706e-06
78030000	3.951539e-06
78035000	3.877901e-06
78040000	4.273390e-06
78045000	4.115289e-06
78050000	4.613728e-06
78055000	4.736287e-06
78060000	4.171777e-06
78065000	3.948941e-06
78070000	4.088739e-06
78075000	4.191224e-06
78080000	4.131017e-06
78085000	4.458095e-06
78090000	4.098994e-06
78095000	4.317573e-06
78100000	4.052285e-06
78105000	3.924912e-06
78110000	4.824284e-06
78115000	4.020867e-06
78120000	3.837378e-06
78125000	4.346416e-06
78130000	4.806993e-06
78135000	4.388961e-06
78140000	3.794372e-06
78145000	4.267041e-06
78150000	4.408110e-06
78155000	4.412039e-06
78160000	4.195395e-06
78165000	4.325191e-06
78170000	4.417512e-06
78175000	3.799133e-06
78180000	4.007330e-06
78185000	3.985130e-06
78190000	4.190536e-06
78195000	3.921923e-06
78200000	4.588459e-06
78205000	4.402311e-06
78210000	4.232002e-06
78215000	4.160971e-06
78220000	4.607973e-06
78225000	3.849150e-06
78230000	4.044828e-06
78235000	4.518949e-06
78240000	3.759788e-06
78245000	4.558567e-06
78250000	4.211163e-06
78255000	4.171281e-06
78260000	4.748540e-06
78265000	4.745260e-06
78270000	3.928916e-06
78275000	4.140077e-06
78280000	4.259191e-06
78285000	3.698521e-06
78290000	3.517255e-06
78295000	4.386613e-06
78300000	3.799454e-06
78305000	4.505624e-06
78310000	4.136258e-06
78315000	4.156396e-06
78320000	3.717628e-06
78325000	3.965381e-06
78330000	4.219155e-06
78335000	4.125485e-06
78340000	3.889947e-06
78345000	4.261143e-06
78350000	3.690810e-06
78355000	4.506209e-06
78360000	4.276136e-06
78365000	4.361782e-06
78370000	4.157660e-06
78375000	4.091411e-06
78380000	4.423783e-06
78385000	4.272780e-06
78390000	4.212957e-06
78395000	4.097769e-06
78400000	4.509073e-06
78405000	3.810239e-06
78410000	3.954272e-06
78415000	3.707789e-06
78420000	3.993402e-06
78425000	4.753517e-06
78430000	3.852644e-06
78435000	3.457473e-06
78440000	3.906957e-06
78445000	3.510480e-06
78450000	4.531188e-06
78455000	3.887980e-06
78460000	3.958310e-06
78465000	4.202481e-06
78470000	3.777475e-06
78475000	4.579483e-06
78480000	4.508271e-06
78485000	4.507452e-06
78490000	4.245129e-06
78495000	4.081457e-06
78500000	4.282549e-06
78505000	4.063170e-06
78510000	4.325723e-06
78515000	4.618817e-06
78520000	4.135422e-06
78525000	4.130855e-06
78530000	4.124658e-06
78535000	4.252585e-06
78540000	4.119254e-06
78545000	3.491861e-06
78550000	3.890448e-06
78555000	4.075268e-06
78560000	4.046830e-06
78565000	4.241597e-06
78570000	4.588455e-06
78575000	3.720229e-06
78580000	3.692158e-06
78585000	4.085180e-06
78590000	4.315337e-06
78595000	3.848386e-06
78600000	3.910670e-06
78605000	4.262840e-06
78610000	4.111135e-06
78615000	3.767025e-06
78620000	3.967904e-06
78625000	4.163977e-06
78630000	3.569341e-06
78635000	3.999861e-06
78640000	4.145172e-06
78645000	3.815971e-06
78650000	4.269993e-06
78655000	3.983207e-06
78660000	3.531106e-06
78665000	3.878405e-06
78670000	3.546768e-06
78675000	4.069745e-06
78680000	4.034639e-06
78685000	4.020946e-06
78690000	4.253026e-06
78695000	4.371045e-06
78700000	3.696300e-06
78705000	3.945561e-06
78710000	4.223491e-06
78715000	3.581888e-06
78720000	4.235396e-06
78725000	4.184869e-06
78730000	3.789559e-06
78735000	4.563433e-06
78740000	4.223946e-06
78745000	3.918214e-06
78750000	3.760488e-06
78755000	4.016401e-06
78760000	4.269080e-06
78765000	3.741915e-06
78770000	3.848100e-06
78775000	3.825788e-06
78780000	3.820686e-06
78785000	3.499687e-06
78790000	4.070835e-06
78795000	3.304622e-06
78800000	4.145827e-06
78805000	3.840336e-06
78810000	3.489227e-06
78815000	4.171555e-06
78820000	4.570116e-06
78825000	3.952387e-06
78830000	4.265682e-06
78835000	4.173610e-06
78840000	4.184254e-06
78845000	4.249817e-06
78850000	2.956712e-06
78855000	4.399404e-06
78860000	3.558302e-06
78865000	3.874893e-06
78870000	4.292448e-06
78875000	4.100626e-06
78880000	3.346676e-06
78885000	3.780962e-06
78890000	3.798315e-06
78895000	4.484317e-06
78900000	3.782755e-06
78905000	4.354880e-06
78910000	3.524060e-06
78915000	3.977335e-06
78920000	4.021813e-06
78925000	3.810495e-06
78930000	3.832359e-06
78935000	4.421479e-06
78940000	3.915665e-06
78945000	3.428221e-06
78950000	3.393514e-06
78955000	3.349903e-06
78960000	3.912339e-06
78965000	3.923295e-06
78970000	3.750340e-06
78975000	4.722532e-06
78980000	3.674658e-06
78985000	3.453500e-06
78990000	3.787445e-06
78995000	4.089522e-06
79000000	4.893555e-06
79005000	3.631587e-06
79010000	3.825108e-06
79015000	4.470098e-06
79020000	4.116548e-06
79025000	3.932734e-06
79030000	3.730860e-06
79035000	4.183049e-06
79040000	3.897872e-06
79045000	3.824101e-06
79050000	3.832218e-06
79055000	3.325437e-06
79060000	3.627440e-06
79065000	3.753150e-06
79070000	4.291839e-06
79075000	4.475902e-06
79080000	3.451827e-06
79085000	4.032010e-06
79090000	4.096274e-06
79095000	3.689525e-06
79100000	3.456424e-06
79105000	3.466042e-06
79110000	3.547195e-06
79115000	4.197306e-06
79120000	4.216883e-06
79125000	3.876919e-06
79130000	4.190788e-06
79135000	3.799172e-06
79140000	4.352478e-06
79145000	3.835483e-06
79150000	4.075294e-06
79155000	3.990812e-06
79160000	3.573494e-06
79165000	4.242639e-06
79170000	4.023395e-06
79175000	4.242449e-06
79180000	3.994340e-06
79185000	3.861874e-06
79190000	4.314103e-06
79195000	3.829434e-06
79200000	3.710681e-06
79205000	4.300076e-06
79210000	4.280213e-06
79215000	4.194651e-06
79220000	4.612005e-06
79225000	4.396029e-06
79230000	3.713090e-06
79235000	3.996929e-06
79240000	3.357736e-06
79245000	3.895990e-06
79250000	3.495716e-06
79255000	3.908564e-06
79260000	3.642112e-06
79265000	3.655921e-06
79270000	3.946094e-06
79275000	4.250308e-06
79280000	3.829206e-06
79285000	4.279582e-06
79290000	4.221198e-06
79295000	3.721104e-06
79300000	3.555355e-06
79305000	3.656810e-06
79310000	3.366426e-06
79315000	3.910261e-06
79320000	4.094506e-06
79325000	3.970139e-06
79330000	3.684062e-06
79335000	3.974810e-06
79340000	3.799156e-06
79345000	3.371029e-06
79350000	4.369388e-06
79355000	4.442835e-06
79360000	4.048696e-06
79365000	4.423564e-06
79370000	3.889977e-06
79375000	3.657084e-06
79380000	3.637434e-06
79385000	3.969898e-06
79390000	3.670229e-06
79395000	4.003613e-06
79400000	3.947966e-06
79405000	4.214733e-06
79410000	3.697052e-06
79415000	4.055201e-06
79420000	4.303622e-06
79425000	3.938376e-06
79430000	4.191152e-06
79435000	4.017214e-06
79440000	3.666329e-06
79445000	5.014200e-06
79450000	3.790534e-06
79455000	3.971064e-06
79460000	4.476008e-06
79465000	4.676209e-06
79470000	3.406948e-06
79475000	3.951050e-06
79480000	4.175131e-06
79485000	4.296585e-06
79490000	3.369041e-06
79495000	4.234273e-06
79500000	4.410719e-06
79505000	3.823325e-06
79510000	3.847377e-06
79515000	4.198233e-06
79520000	3.777739e-06
79525000	3.579025e-06
79530000	4.019685e-06
79535000	4.007984e-06
79540000	4.031259e-06
79545000	4.237605e-06
79550000	3.977109e-06
79555000	4.485140e-06
79560000	3.676138e-06
79565000	3.567848e-06
79570000	3.731383e-06
79575000	3.374793e-06
79580000	3.443529e-06
79585000	4.171087e-06
79590000	4.166094e-06
79595000	3.887314e-06
79600000	3.670054e-06
79605000	4.065862e-06
79610000	4.116166e-06
79615000	3.998813e-06
79620000	3.869338e-06
79625000	4.309006e-06
79630000	4.403748e-06
79635000	4.060519e-06
79640000	3.911096e-06
79645000	4.254708e-06
79650000	4.037960e-06
79655000	4.091330e-06
79660000	3.799602e-06
79665000	3.700479e-06
79670000	3.615279e-06
79675000	4.480952e-06
79680000	3.837556e-06
79685000	3.744455e-06
79690000	4.336264e-06
79695000	3.774889e-06
79700000	4.590346e-06
79705000	4.046143e-06
79710000	4.781648e-06
79715000	4.131116e-06
79720000	3.938252e-06
79725000	3.745813e-06
79730000	3.953130e-06
79735000	3.595353e-06
79740000	4.255830e-06
79745000	4.023125e-06
79750000	4.143703e-06
79755000	4.128255e-06
79760000	4.110648e-06
79765000	3.628758e-06
79770000	4.108182e-06
79775000	4.092603e-06
79780000	4.038350e-06
79785000	3.648485e-06
79790000	4.288034e-06
79795000	4.463575e-06
79800000	4.144515e-06
79805000	3.930214e-06
79810000	4.575633e-06
79815000	4.142720e-06
79820000	4.303299e-06
79825000	3.683333e-06
79830000	4.064923e-06
79835000	3.971132e-06
79840000	4.787192e-06
79845000	4.389254e-06
79850000	3.662971e-06
79855000	3.582338e-06
79860000	3.239625e-06
79865000	3.678462e-06
79870000	4.547441e-06
79875000	4.540557e-06
79880000	4.010235e-06
79885000	4.234981e-06
79890000	3.732662e-06
79895000	4.310501e-06
79900000	4.621639e-06
79905000	4.323263e-06
79910000	4.104711e-06
79915000	4.769342e-06
79920000	4.177488e-06
79925000	3.763296e-06
79930000	3.988365e-06
79935000	4.472900e-06
79940000	4.690999e-06
79945000	4.235019e-06
79950000	3.957141e-06
79955000	4.165035e-06
79960000	3.696473e-06
79965000	3.973331e-06
79970000	4.450374e-06
79975000	4.414613e-06
79980000	3.448942e-06
79985000	4.602252e-06
79990000	3.752768e-06
79995000	4.137501e-06
80000000	4.105648e-06
80005000	4.442513e-06
80010000	4.184595e-06
80015000	4.153324e-06
80020000	4.570843e-06
80025000	4.609347e-06
80030000	3.904958e-06
80035000	3.932840e-06
80040000	4.217075e-06
80045000	4.275402e-06
80050000	4.651214e-06
80055000	4.454365e-06
80060000	3.205759e-06
80065000	3.999607e-06
80070000	4.208199e-06
80075000	3.393098e-06
80080000	4.002686e-06
80085000	4.001567e-06
80090000	4.174358e-06
80095000	4.608834e-06
80100000	4.406700e-06
80105000	4.095287e-06
80110000	3.965762e-06
80115000	4.276454e-06
80120000	3.561602e-06
80125000	3.971941e-06
80130000	3.554834e-06
80135000	3.943432e-06
80140000	3.312539e-06
80145000	3.607721e-06
80150000	4.192265e-06
80155000	3.959089e-06
80160000	5.039391e-06
80165000	3.487173e-06
80170000	4.124886e-06
80175000	4.065243e-06
80180000	3.825167e-06
80185000	3.902822e-06
80190000	4.188870e-06
80195000	4.016140e-06
80200000	4.751677e-06
80205000	4.042390e-06
80210000	4.162322e-06
80215000	4.355321e-06
80220000	4.250732e-06
80225000	3.649212e-06
80230000	4.001095e-06
80235000	4.182598e-06
80240000	3.805453e-06
80245000	4.306249e-06
80250000	4.441802e-06
80255000	4.201060e-06
80260000	4.072242e-06
80265000	4.089724e-06
80270000	3.806059e-06
80275000	4.293315e-06
80280000	3.812396e-06
80285000	4.527945e-06
80290000	3.619917e-06
80295000	4.061937e-06
80300000	4.601842e-06
80305000	4.056537e-06
80310000	3.443260e-06
80315000	3.948060e-06
80320000	4.407290e-06
80325000	4.065823e-06
80330000	4.271707e-06
80335000	3.953963e-06
80340000	3.953413e-06
80345000	3.945101e-06
80350000	4.060121e-06
80355000	4.202650e-06
80360000	3.431767e-06
80365000	3.741572e-06
80370000	4.497173e-06
80375000	3.987499e-06
80380000	3.579009e-06
80385000	4.015336e-06
80390000	4.359670e-06
80395000	3.756213e-06
80400000	4.196129e-06
80405000	4.667544e-06
80410000	3.848939e-06
80415000	4.477483e-06
80420000	4.263406e-06
80425000	4.117032e-06
80430000	3.798595e-06
80435000	3.990502e-06
80440000	4.278205e-06
80445000	3.716674e-06
80450000	3.856454e-06
80455000	4.320816e-06
80460000	4.223600e-06
80465000	4.486177e-06
80470000	3.493132e-06
80475000	3.922478e-06
80480000	4.438684e-06
80485000	4.087112e-06
80490000	4.460926e-06
80495000	3.514613e-06
80500000	3.961317e-06
80505000	4.285939e-06
80510000	4.043195e-06
80515000	4.815800e-06
80520000	3.555340e-06
80525000	4.096191e-06
80530000	4.276869e-06
80535000	4.005544e-06
80540000	4.118302e-06
80545000	4.546125e-06
80550000	3.546277e-06
80555000	3.542083e-06
80560000	3.613111e-06
80565000	4.087505e-06
80570000	4.311857e-06
80575000	3.903903e-06
80580000	4.206510e-06
80585000	4.561664e-06
80590000	4.413412e-06
80595000	3.717514e-06
80600000	4.580289e-06
80605000	3.834894e-06
80610000	4.318451e-06
80615000	4.488012e-06
80620000	3.187147e-06
80625000	3.728343e-06
80630000	3.778244e-06
80635000	3.405607e-06
80640000	3.533757e-06
80645000	3.876776e-06
80650000	4.148561e-06
80655000	3.802293e-06
80660000	3.637881e-06
80665000	3.721917e-06
80670000	4.138378e-06
80675000	3.746180e-06
80680000	3.665504e-06
80685000	3.954972e-06
80690000	4.352147e-06
80695000	4.261737e-06
80700000	4.176763e-06
80705000	4.345917e-06
80710000	4.288817e-06
80715000	3.977076e-06
80720000	4.127324e-06
80725000	4.024785e-06
80730000	4.061520e-06
80735000	4.001345e-06
80740000	3.999780e-06
80745000	3.651579e-06
80750000	3.783083e-06
80755000	3.686765e-06
80760000	3.337880e-06
80765000	3.440088e-06
80770000	3.620651e-06
80775000	4.238033e-06
80780000	3.837416e-06
80785000	3.951322e-06
80790000	3.562387e-06
80795000	3.873082e-06
80800000	3.842634e-06
80805000	3.745334e-06
80810000	4.482514e-06
80815000	4.016357e-06
80820000	4.335901e-06
80825000	3.842208e-06
80830000	4.086279e-06
80835000	3.736662e-06
80840000	4.414204e-06
80845000	4.429175e-06
80850000	3.271071e-06
80855000	4.004024e-06
80860000	4.544126e-06
80865000	4.334403e-06
80870000	4.106924e-06
80875000	4.155854e-06
80880000	3.649728e-06
80885000	3.844665e-06
80890000	4.037000e-06
80895000	3.811472e-06
80900000	3.808092e-06
80905000	4.121350e-06
80910000	3.584266e-06
80915000	3.832011e-06
80920000	3.968186e-06
80925000	3.662826e-06
80930000	3.874943e-06
80935000	4.086259e-06
80940000	3.779969e-06
80945000	3.974327e-06
80950000	4.379490e-06
80955000	4.555599e-06
80960000	3.642810e-06
80965000	3.986588e-06
80970000	4.474008e-06
80975000	3.656951e-06
80980000	3.792176e-06
80985000	4.125134e-06
80990000	4.301167e-06
80995000	3.712642e-06
81000000	4.270934e-06
81005000	4.030947e-06
81010000	4.318794e-06
81015000	4.192757e-06
81020000	3.643379e-06
81025000	4.467882e-06
81030000	3.823846e-06
81035000	3.828171e-06
81040000	4.321554e-06
81045000	4.284526e-06
81050000	4.152401e-06
81055000	3.443059e-06
81060000	4.208271e-06
81065000	4.159670e-06
81070000	4.740377e-06
81075000	4.498332e-06
81080000	4.365359e-06
81085000	3.990324e-06
81090000	4.070518e-06
81095000	3.836026e-06
81100000	4.069233e-06
81105000	3.926343e-06
81110000	4.493090e-06
81115000	3.931018e-06
81120000	3.587920e-06
81125000	4.147899e-06
81130000	3.611979e-06
81135000	4.183052e-06
81140000	3.737482e-06
81145000	3.965046e-06
81150000	3.969636e-06
81155000	3.952914e-06
81160000	3.879469e-06
81165000	4.218212e-06
81170000	4.026892e-06
81175000	4.364104e-06
81180000	3.606611e-06
81185000	4.582005e-06
81190000	3.872837e-06
81195000	4.199097e-06
81200000	4.508744e-06
81205000	3.821763e-06
81210000	4.038798e-06
81215000	4.235028e-06
81220000	4.010104e-06
81225000	3.933960e-06
81230000	4.508373e-06
81235000	4.390035e-06
81240000	3.397358e-06
81245000	4.508555e-06
81250000	4.143828e-06
81255000	3.967629e-06
81260000	3.693925e-06
81265000	4.187261e-06
81270000	4.997718e-06
81275000	4.197306e-06
81280000	4.564630e-06
81285000	4.001193e-06
81290000	3.812727e-06
81295000	3.487011e-06
81300000	4.049285e-06
81305000	4.084453e-06
81310000	3.784692e-06
81315000	3.632772e-06
81320000	4.023528e-06
81325000	4.194986e-06
81330000	4.538429e-06
81335000	4.177899e-06
81340000	4.501746e-06
81345000	4.472572e-06
81350000	4.473195e-06
81355000	3.983398e-06
81360000	3.913422e-06
81365000	4.139694e-06
81370000	4.301655e-06
81375000	4.101794e-06
81380000	4.055781e-06
81385000	3.637698e-06
81390000	4.289391e-06
81395000	4.680619e-06
81400000	4.630782e-06
81405000	3.924335e-06
81410000	3.819029e-06
81415000	4.977268e-06
81420000	3.361210e-06
81425000	3.708753e-06
81430000	3.661932e-06
81435000	4.148070e-06
81440000	3.330453e-06
81445000	3.927792e-06
81450000	4.167618e-06
81455000	3.991362e-06
81460000	3.951571e-06
81465000	3.946435e-06
81470000	3.709405e-06
81475000	3.716200e-06
81480000	3.701802e-06
81485000	3.658145e-06
81490000	3.608284e-06
81495000	4.199166e-06
81500000	3.106556e-06
81505000	3.852248e-06
81510000	4.083820e-06
81515000	3.527855e-06
81520000	3.842347e-06
81525000	3.943103e-06
81530000	3.981020e-06
81535000	3.385984e-06
81540000	3.604734e-06
81545000	3.759713e-06
81550000	4.441733e-06
81555000	3.896601e-06
81560000	4.287060e-06
81565000	4.467102e-06
81570000	3.943290e-06
81575000	4.767423e-06
81580000	4.094384e-06
81585000	3.895073e-06
81590000	4.213640e-06
81595000	4.319807e-06
81600000	4.484257e-06
81605000	4.314002e-06
81610000	4.142441e-06
81615000	4.105795e-06
81620000	4.978528e-06
81625000	4.948585e-06
81630000	4.467362e-06
81635000	4.647830e-06
81640000	3.916353e-06
81645000	4.098026e-06
81650000	4.259101e-06
81655000	3.672162e-06
81660000	3.841339e-06
81665000	3.714527e-06
81670000	3.978442e-06
81675000	3.918020e-06
81680000	4.173487e-06
81685000	3.944742e-06
81690000	4.027120e-06
81695000	4.108462e-06
81700000	3.816595e-06
81705000	4.461001e-06
81710000	3.375154e-06
81715000	4.289826e-06
81720000	3.523821e-06
81725000	4.143431e-06
81730000	4.289398e-06
81735000	4.329382e-06
81740000	3.425195e-06
81745000	3.819203e-06
81750000	4.592440e-06
81755000	4.170129e-06
81760000	4.056957e-06
81765000	4.106779e-06
81770000	4.489851e-06
81775000	4.000543e-06
81780000	3.510875e-06
81785000	3.656866e-06
81790000	3.926552e-06
81795000	3.855374e-06
81800000	4.242523e-06
81805000	4.125105e-06
81810000	3.748881e-06
81815000	3.900390e-06
81820000	4.016591e-06
81825000	3.836809e-06
81830000	3.592661e-06
81835000	3.647032e-06
81840000	3.577848e-06
81845000	3.545749e-06
81850000	3.308382e-06
81855000	4.207044e-06
81860000	3.853414e-06
81865000	4.141704e-06
81870000	4.259896e-06
81875000	3.807488e-06
81880000	4.041483e-06
81885000	3.924727e-06
81890000	3.728289e-06
81895000	4.185608e-06
81900000	3.913977e-06
81905000	3.727573e-06
81910000	4.022198e-06
81915000	4.008907e-06
81920000	4.205648e-06
81925000	3.840142e-06
81930000	3.901521e-06
81935000	3.619633e-06
81940000	3.148452e-06
81945000	3.638671e-06
81950000	4.597105e-06
81955000	5.034966e-06
81960000	3.975681e-06
81965000	4.127935e-06
81970000	3.670097e-06
81975000	3.971235e-06
81980000	3.696612e-06
81985000	3.615128e-06
81990000	4.334471e-06
81995000	4.073656e-06
82000000	4.375180e-06
82005000	4.300137e-06
82010000	3.959338e-06
82015000	4.196845e-06
82020000	4.152302e-06
82025000	4.308623e-06
82030000	4.521614e-06
82035000	3.583013e-06
82040000	3.805420e-06
82045000	3.992291e-06
82050000	4.077772e-06
82055000	4.143836e-06
82060000	4.050634e-06
82065000	4.062532e-06
82070000	4.286690e-06
82075000	4.550459e-06
82080000	4.275182e-06
82085000	4.556265e-06
82090000	3.440643e-06
82095000	4.501697e-06
82100000	3.798460e-06
82105000	4.418692e-06
82110000	3.807162e-06
82115000	4.400391e-06
82120000	3.931576e-06
82125000	3.450692e-06
82130000	3.984517e-06
82135000	3.627517e-06
82140000	3.981982e-06
82145000	3.588845e-06
82150000	4.038799e-06
82155000	4.389668e-06
82160000	3.977862e-06
82165000	3.918256e-06
82170000	4.212010e-06
82175000	3.512507e-06
82180000	4.191795e-06
82185000	4.599420e-06
82190000	4.012358e-06
82195000	4.327415e-06
82200000	3.906415e-06
82205000	3.463491e-06
82210000	3.107543e-06
82215000	3.587590e-06
82220000	3.844185e-06
82225000	3.714434e-06
82230000	3.971921e-06
82235000	3.861081e-06
82240000	3.671502e-06
82245000	4.024899e-06
82250000	4.412664e-06
82255000	3.603986e-06
82260000	3.803816e-06
82265000	3.451879e-06
82270000	4.230507e-06
82275000	3.715161e-06
82280000	4.205533e-06
82285000	4.269915e-06
82290000	3.488700e-06
82295000	4.126378e-06
82300000	3.874552e-06
82305000	3.964132e-06
82310000	4.185428e-06
82315000	3.346246e-06
82320000	3.817289e-06
82325000	3.979369e-06
82330000	4.283986e-06
82335000	3.642508e-06
82340000	3.719651e-06
82345000	3.796377e-06
82350000	3.524911e-06
82355000	3.766971e-06
82360000	3.577950e-06
82365000	4.060828e-06
82370000	4.114825e-06
82375000	3.823980e-06
82380000	4.703254e-06
82385000	3.597433e-06
82390000	4.056348e-06
82395000	3.870631e-06
82400000	4.452024e-06
82405000	3.904738e-06
82410000	4.239806e-06
82415000	3.877373e-06
82420000	3.709365e-06
82425000	3.385444e-06
82430000	3.744266e-06
82435000	4.072069e-06
82440000	4.363625e-06
82445000	3.844056e-06
82450000	4.120044e-06
82455000	3.615499e-06
82460000	3.912409e-06
82465000	4.213884e-06
82470000	4.083262e-06
82475000	4.305457e-06
82480000	3.387196e-06
82485000	4.118159e-06
82490000	4.251175e-06
82495000	3.971295e-06
82500000	4.257905e-06
82505000	4.080492e-06
82510000	4.587616e-06
82515000	4.039722e-06
82520000	3.699625e-06
82525000	3.191533e-06
82530000	3.443990e-06
82535000	3.811808e-06
82540000	3.772901e-06
82545000	3.642997e-06
82550000	3.135626e-06
82555000	3.737545e-06
82560000	3.972332e-06
82565000	4.165203e-06
82570000	3.723583e-06
82575000	3.359433e-06
82580000	4.348847e-06
82585000	3.820557e-06
82590000	4.230748e-06
82595000	3.957157e-06
82600000	4.160053e-06
82605000	3.822335e-06
82610000	3.896997e-06
82615000	3.746093e-06
82620000	3.699048e-06
82625000	3.585465e-06
82630000	3.781615e-06
82635000	4.054224e-06
82640000	4.276031e-06
82645000	3.957210e-06
82650000	3.851476e-06
82655000	3.932149e-06
82660000	3.744744e-06
82665000	3.778078e-06
82670000	3.730429e-06
82675000	3.600962e-06
82680000	4.113150e-06
82685000	3.906116e-06
82690000	4.447686e-06
82695000	3.710439e-06
82700000	4.610974e-06
82705000	3.596818e-06
82710000	3.772016e-06
82715000	3.756632e-06
82720000	3.397058e-06
82725000	3.571624e-06
82730000	4.345175e-06
82735000	3.475334e-06
82740000	3.486676e-06
82745000	3.965999e-06
82750000	3.767671e-06
82755000	3.260497e-06
82760000	3.544036e-06
82765000	3.926867e-06
82770000	3.854156e-06
82775000	3.772687e-06
82780000	4.279507e-06
82785000	3.792526e-06
82790000	3.702038e-06
82795000	3.986669e-06
82800000	3.754010e-06
82805000	4.162658e-06
82810000	4.151279e-06
82815000	4.000904e-06
82820000	3.599043e-06
82825000	4.016988e-06
82830000	3.683938e-06
82835000	3.964227e-06
82840000	3.606437e-06
82845000	3.856394e-06
82850000	3.438159e-06
82855000	4.046523e-06
82860000	3.676898e-06
82865000	3.663831e-06
82870000	4.231777e-06
82875000	3.812188e-06
82880000	3.882683e-06
82885000	4.076559e-06
82890000	4.262114e-06
82895000	3.965809e-06
82900000	3.805145e-06
82905000	4.118289e-06
82910000	4.478895e-06
82915000	3.851402e-06
82920000	3.606046e-06
82925000	3.577504e-06
82930000	3.668244e-06
82935000	4.216429e-06
82940000	4.195704e-06
82945000	3.715837e-06
82950000	4.187086e-06
82955000	4.580578e-06
82960000	4.141976e-06
82965000	3.723587e-06
82970000	3.833275e-06
82975000	4.265557e-06
82980000	3.690931e-06
82985000	3.678231e-06
82990000	4.352037e-06
82995000	3.927206e-06
83000000	3.601340e-06
83005000	3.724623e-06
83010000	4.391493e-06
83015000	3.992675e-06
83020000	3.863587e-06
83025000	3.795077e-06
83030000	3.978126e-06
83035000	4.177024e-06
83040000	4.476302e-06
83045000	3.914300e-06
83050000	4.141350e-06
83055000	3.334036e-06
83060000	3.751616e-06
83065000	4.108345e-06
83070000	3.732766e-06
83075000	4.307767e-06
83080000	4.205646e-06
83085000	4.163787e-06
83090000	4.139068e-06
83095000	4.076012e-06
83100000	3.596471e-06
83105000	3.498526e-06
83110000	3.569220e-06
83115000	3.355883e-06
83120000	3.876158e-06
83125000	3.381422e-06
83130000	3.579162e-06
83135000	4.190950e-06
83140000	4.352705e-06
83145000	3.744338e-06
83150000	3.825387e-06
83155000	4.180891e-06
83160000	4.050191e-06
83165000	3.819610e-06
83170000	3.369265e-06
83175000	3.780347e-06
83180000	4.152253e-06
83185000	4.140186e-06
83190000	4.410498e-06
83195000	4.123541e-06
83200000	3.556514e-06
83205000	3.753094e-06
83210000	3.769905e-06
83215000	3.889421e-06
83220000	4.079507e-06
83225000	3.647506e-06
83230000	3.902306e-06
83235000	3.780516e-06
83240000	3.782354e-06
83245000	3.685171e-06
83250000	3.685041e-06
83255000	3.926735e-06
83260000	3.741644e-06
83265000	4.090260e-06
83270000	4.141416e-06
83275000	3.601370e-06
83280000	3.545514e-06
83285000	4.067462e-06
83290000	3.997743e-06
83295000	4.273279e-06
83300000	3.604502e-06
83305000	3.857355e-06
83310000	4.071744e-06
83315000	4.255662e-06
83320000	3.692349e-06
83325000	3.951019e-06
83330000	3.632860e-06
83335000	4.025324e-06
83340000	3.681275e-06
83345000	4.483663e-06
83350000	3.567115e-06
83355000	4.009143e-06
83360000	4.033963e-06
83365000	3.866395e-06
83370000	3.915685e-06
83375000	3.349584e-06
83380000	3.915893e-06
83385000	3.749046e-06
83390000	3.828883e-06
83395000	3.783384e-06
83400000	3.513385e-06
83405000	3.710019e-06
83410000	4.082046e-06
83415000	3.916060e-06
83420000	4.296267e-06
83425000	3.429730e-06
83430000	4.177668e-06
83435000	4.410939e-06
83440000	4.062499e-06
83445000	4.437969e-06
83450000	3.734275e-06
83455000	3.811394e-06
83460000	3.517499e-06
83465000	4.602433e-06
83470000	4.320019e-06
83475000	3.893629e-06
83480000	3.646345e-06
83485000	3.666551e-06
83490000	3.595071e-06
83495000	4.324207e-06
83500000	4.024696e-06
83505000	4.442896e-06
83510000	3.172409e-06
83515000	4.180814e-06
83520000	4.415952e-06
83525000	3.447890e-06
83530000	2.882059e-06
83535000	4.104349e-06
83540000	3.904109e-06
83545000	4.463900e-06
83550000	3.492606e-06
83555000	3.558610e-06
83560000	4.205168e-06
83565000	3.689344e-06
83570000	3.882891e-06
83575000	4.026433e-06
83580000	3.967460e-06
83585000	3.636450e-06
83590000	3.739325e-06
83595000	3.498635e-06
83600000	3.847359e-06
83605000	3.896449e-06
83610000	3.408981e-06
83615000	3.853322e-06
83620000	4.025821e-06
83625000	4.131827e-06
83630000	3.651896e-06
83635000	4.128692e-06
83640000	3.876468e-06
83645000	3.554857e-06
83650000	4.235251e-06
83655000	3.795562e-06
83660000	3.128147e-06
83665000	3.562880e-06
83670000	3.682454e-06
83675000	3.902193e-06
83680000	3.647348e-06
83685000	4.034457e-06
83690000	4.069223e-06
83695000	3.781185e-06
83700000	3.187717e-06
83705000	4.232264e-06
83710000	3.684064e-06
83715000	3.807134e-06
83720000	3.828309e-06
83725000	4.326508e-06
83730000	3.335410e-06
83735000	3.375652e-06
83740000	3.570749e-06
83745000	3.924606e-06
83750000	3.609977e-06
83755000	4.090336e-06
83760000	3.548795e-06
83765000	4.217380e-06
83770000	3.606666e-06
83775000	4.283177e-06
83780000	4.257609e-06
83785000	4.615363e-06
83790000	3.936781e-06
83795000	3.924815e-06
83800000	3.808945e-06
83805000	3.198641e-06
83810000	3.960960e-06
83815000	3.634749e-06
83820000	3.696820e-06
83825000	4.155948e-06
83830000	3.528379e-06
83835000	4.097262e-06
83840000	3.818133e-06
83845000	3.352523e-06
83850000	3.819249e-06
83855000	4.104832e-06
83860000	3.993523e-06
83865000	4.138224e-06
83870000	3.830125e-06
83875000	4.286955e-06
83880000	4.263654e-06
83885000	4.337820e-06
83890000	3.858144e-06
83895000	4.082362e-06
83900000	4.303548e-06
83905000	3.219679e-06
83910000	4.157909e-06
83915000	3.686902e-06
83920000	3.299174e-06
83925000	3.837390e-06
83930000	4.387192e-06
83935000	3.864650e-06
83940000	3.628624e-06
83945000	3.780593e-06
83950000	2.987937e-06
83955000	3.964287e-06
83960000	3.798925e-06
83965000	3.733356e-06
83970000	3.929713e-06
83975000	3.677164e-06
83980000	3.742268e-06
83985000	4.727816e-06
83990000	3.931634e-06
83995000	3.575751e-06
84000000	3.531938e-06
84005000	4.017188e-06
84010000	3.480840e-06
84015000	3.847072e-06
84020000	3.850269e-06
84025000	3.444261e-06
84030000	4.067073e-06
84035000	3.708297e-06
84040000	4.035327e-06
84045000	3.402290e-06
84050000	4.126704e-06
84055000	3.782028e-06
84060000	3.508314e-06
84065000	3.263740e-06
84070000	3.762677e-06
84075000	3.860009e-06
84080000	4.341986e-06
84085000	3.723003e-06
84090000	3.999343e-06
84095000	4.196442e-06
84100000	3.515621e-06
84105000	4.079422e-06
84110000	3.882196e-06
84115000	3.912498e-06
84120000	3.754615e-06
84125000	2.816198e-06
84130000	3.806915e-06
84135000	3.909318e-06
84140000	3.427078e-06
84145000	4.044280e-06
84150000	3.316511e-06
84155000	3.510819e-06
84160000	3.416725e-06
84165000	3.458934e-06
84170000	3.722185e-06
84175000	4.013415e-06
84180000	3.238794e-06
84185000	3.703139e-06
84190000	2.960136e-06
84195000	4.172411e-06
84200000	4.614904e-06
84205000	3.553677e-06
84210000	4.062944e-06
84215000	4.319364e-06
84220000	3.751640e-06
84225000	3.742873e-06
84230000	3.662002e-06
84235000	3.705944e-06
84240000	3.010748e-06
84245000	3.911958e-06
84250000	4.094801e-06
84255000	3.745843e-06
84260000	3.918278e-06
84265000	3.691333e-06
84270000	3.887363e-06
84275000	3.917235e-06
84280000	3.343593e-06
84285000	4.207664e-06
84290000	3.446644e-06
84295000	3.040020e-06
84300000	3.975423e-06
84305000	3.618196e-06
84310000	3.787096e-06
84315000	4.072487e-06
84320000	3.347301e-06
84325000	4.125775e-06
84330000	3.894197e-06
84335000	3.692631e-06
84340000	4.107470e-06
84345000	3.600275e-06
84350000	4.412553e-06
84355000	3.813735e-06
84360000	3.954191e-06
84365000	3.581081e-06
84370000	3.808362e-06
84375000	3.892882e-06
84380000	3.441999e-06
84385000	3.677290e-06
84390000	3.841521e-06
84395000	3.439870e-06
84400000	3.788757e-06
84405000	3.242515e-06
84410000	3.463229e-06
84415000	3.766774e-06
84420000	3.683793e-06
84425000	3.916380e-06
84430000	3.448786e-06
84435000	3.052269e-06
84440000	3.662541e-06
84445000	4.104819e-06
84450000	3.941001e-06
84455000	4.069309e-06
84460000	4.111129e-06
84465000	3.267202e-06
84470000	3.675287e-06
84475000	3.607506e-06
84480000	3.926955e-06
84485000	4.273338e-06
84490000	3.996304e-06
84495000	3.962616e-06
84500000	3.311941e-06
84505000	3.094824e-06
84510000	3.523178e-06
84515000	3.714354e-06
84520000	3.184812e-06
84525000	4.094320e-06
84530000	3.795248e-06
84535000	3.796055e-06
84540000	3.632454e-06
84545000	3.804190e-06
84550000	4.238497e-06
84555000	3.825888e-06
84560000	3.562367e-06
84565000	3.293924e-06
84570000	3.314591e-06
84575000	3.905004e-06
84580000	3.614747e-06
84585000	4.302731e-06
84590000	3.481490e-06
84595000	4.336417e-06
84600000	2.963856e-06
84605000	4.338570e-06
84610000	3.593238e-06
84615000	4.171835e-06
84620000	3.450785e-06
84625000	4.126693e-06
84630000	4.266956e-06
84635000	3.903477e-06
84640000	3.387896e-06
84645000	3.475265e-06
84650000	4.151182e-06
84655000	4.397712e-06
84660000	3.493355e-06
84665000	3.888326e-06
84670000	3.848450e-06
84675000	3.392689e-06
84680000	3.515731e-06
84685000	4.142919e-06
84690000	4.141466e-06
84695000	3.241726e-06
84700000	3.282272e-06
84705000	3.501096e-06
84710000	3.537486e-06
84715000	3.642468e-06
84720000	4.009008e-06
84725000	3.829155e-06
84730000	3.625702e-06
84735000	3.779393e-06
84740000	3.965511e-06
84745000	3.587874e-06
84750000	3.703821e-06
84755000	3.943799e-06
84760000	3.416273e-06
84765000	3.701047e-06
84770000	3.645850e-06
84775000	3.721266e-06
84780000	3.975248e-06
84785000	4.075505e-06
84790000	3.682902e-06
84795000	3.559523e-06
84800000	3.588171e-06
84805000	3.727261e-06
84810000	3.571519e-06
84815000	3.544835e-06
84820000	4.316379e-06
84825000	3.579477e-06
84830000	3.890230e-06
84835000	3.629229e-06
84840000	4.065230e-06
84845000	3.949238e-06
84850000	3.626095e-06
84855000	3.515742e-06
84860000	3.345879e-06
84865000	3.506146e-06
84870000	4.360057e-06
84875000	4.497128e-06
84880000	3.540577e-06
84885000	3.724866e-06
84890000	3.495777e-06
84895000	3.596466e-06
84900000	4.678644e-06
84905000	4.176643e-06
84910000	3.408485e-06
84915000	3.714667e-06
84920000	3.500051e-06
84925000	4.393695e-06
84930000	3.693586e-06
84935000	3.672992e-06
84940000	3.900686e-06
84945000	3.233068e-06
84950000	3.542173e-06
84955000	3.919227e-06
84960000	3.659067e-06
84965000	3.922614e-06
84970000	4.147703e-06
84975000	3.596774e-06
84980000	3.817306e-06
84985000	3.687184e-06
84990000	3.541521e-06
84995000	3.590038e-06
85000000	3.557601e-06
85005000	3.549758e-06
85010000	3.761219e-06
85015000	3.633240e-06
85020000	3.907185e-06
85025000	3.494581e-06
85030000	3.425777e-06
85035000	4.676702e-06
85040000	3.534457e-06
85045000	3.529872e-06
85050000	3.616215e-06
85055000	4.045429e-06
85060000	3.358516e-06
85065000	3.537470e-06
85070000	3.960943e-06
85075000	3.996400e-06
85080000	4.005341e-06
85085000	3.812684e-06
85090000	3.731870e-06
85095000	3.644823e-06
85100000	3.571725e-06
85105000	3.935311e-06
85110000	3.883183e-06
85115000	3.494294e-06
85120000	3.882074e-06
85125000	3.599789e-06
85130000	3.923186e-06
85135000	3.519421e-06
85140000	4.222088e-06
85145000	3.573157e-06
85150000	3.734519e-06
85155000	3.384640e-06
85160000	3.437686e-06
85165000	3.675970e-06
85170000	3.976479e-06
85175000	3.896840e-06
85180000	3.693808e-06
85185000	4.140738e-06
85190000	4.069259e-06
85195000	3.504215e-06
85200000	3.729521e-06
85205000	4.052717e-06
85210000	3.506299e-06
85215000	4.296592e-06
85220000	4.073821e-06
85225000	4.147633e-06
85230000	3.773975e-06
85235000	3.720019e-06
85240000	4.283269e-06
85245000	3.716567e-06
85250000	3.321045e-06
85255000	3.453314e-06
85260000	3.558100e-06
85265000	3.460930e-06
85270000	3.622008e-06
85275000	4.095251e-06
85280000	3.904390e-06
85285000	3.451072e-06
85290000	4.048879e-06
85295000	3.741635e-06
85300000	4.180944e-06
85305000	3.553437e-06
85310000	3.657159e-06
85315000	3.731152e-06
85320000	3.465271e-06
85325000	4.159601e-06
85330000	4.039648e-06
85335000	3.719978e-06
85340000	3.618005e-06
85345000	4.217633e-06
85350000	3.732502e-06
85355000	3.782702e-06
85360000	4.163000e-06
85365000	3.638702e-06
85370000	3.888344e-06
85375000	3.296879e-06
85380000	3.535390e-06
85385000	4.054185e-06
85390000	3.409574e-06
85395000	3.819881e-06
85400000	3.869042e-06
85405000	3.331133e-06
85410000	3.004143e-06
85415000	3.674622e-06
85420000	3.492896e-06
85425000	3.616931e-06
85430000	3.841650e-06
85435000	4.100568e-06
85440000	4.458854e-06
85445000	3.736157e-06
85450000	3.713488e-06
85455000	3.691772e-06
85460000	3.935897e-06
85465000	3.293501e-06
85470000	3.960587e-06
85475000	4.129222e-06
85480000	3.454600e-06
85485000	4.117996e-06
85490000	3.251590e-06
85495000	3.617015e-06
85500000	3.559532e-06
85505000	4.100956e-06
85510000	4.065961e-06
85515000	3.647811e-06
85520000	4.034272e-06
85525000	3.667014e-06
85530000	4.587299e-06
85535000	4.137851e-06
85540000	4.226261e-06
85545000	3.677702e-06
85550000	3.987278e-06
85555000	3.671357e-06
85560000	3.856602e-06
85565000	3.263597e-06
85570000	3.663340e-06
85575000	3.712947e-06
85580000	3.347752e-06
85585000	3.398978e-06
85590000	3.660853e-06
85595000	3.841832e-06
85600000	4.234426e-06
85605000	3.524134e-06
85610000	3.778403e-06
85615000	3.748512e-06
85620000	3.280420e-06
85625000	3.620622e-06
85630000	3.875899e-06
85635000	3.320100e-06
85640000	4.226836e-06
85645000	3.493295e-06
85650000	4.137487e-06
85655000	3.476825e-06
85660000	3.558283e-06
85665000	4.133309e-06
85670000	3.991827e-06
85675000	3.523244e-06
85680000	3.620040e-06
85685000	3.482263e-06
85690000	4.230609e-06
85695000	4.053859e-06
85700000	3.996293e-06
85705000	3.580683e-06
85710000	3.918007e-06
85715000	3.474596e-06
85720000	3.357090e-06
85725000	3.400787e-06
85730000	3.665136e-06
85735000	3.792334e-06
85740000	4.050839e-06
85745000	4.116406e-06
85750000	3.786982e-06
85755000	3.376508e-06
85760000	3.283254e-06
85765000	3.788213e-06
85770000	3.845084e-06
85775000	4.083771e-06
85780000	3.712726e-06
85785000	3.437231e-06
85790000	3.920262e-06
85795000	4.249784e-06
85800000	4.158122e-06
85805000	4.040806e-06
85810000	4.210761e-06
85815000	3.659385e-06
85820000	4.163508e-06
85825000	3.791378e-06
85830000	3.301162e-06
85835000	3.588747e-06
85840000	3.600932e-06
85845000	4.411465e-06
85850000	3.227553e-06
85855000	3.492778e-06
85860000	3.786449e-06
85865000	3.387747e-06
85870000	3.810970e-06
85875000	3.956533e-06
85880000	3.485473e-06
85885000	3.512752e-06
85890000	3.857573e-06
85895000	3.886103e-06
85900000	4.060931e-06
85905000	3.988612e-06
85910000	3.624248e-06
85915000	3.531286e-06
85920000	3.568593e-06
85925000	3.951050e-06
85930000	3.776680e-06
85935000	3.417158e-06
85940000	3.679919e-06
85945000	3.739627e-06
85950000	3.202458e-06
85955000	2.870729e-06
85960000	3.865688e-06
85965000	3.862721e-06
85970000	3.653074e-06
85975000	3.930882e-06
85980000	3.796278e-06
85985000	3.699457e-06
85990000	3.246556e-06
85995000	4.291110e-06
86000000	3.962521e-06
86005000	3.792629e-06
86010000	3.505028e-06
86015000	3.565356e-06
86020000	3.514760e-06
86025000	3.442128e-06
86030000	3.463190e-06
86035000	3.391554e-06
86040000	3.815844e-06
86045000	3.883167e-06
86050000	4.177402e-06
86055000	3.720869e-06
86060000	3.492453e-06
86065000	3.803398e-06
86070000	3.692925e-06
86075000	3.464097e-06
86080000	3.535181e-06
86085000	3.415825e-06
86090000	4.303484e-06
86095000	3.970835e-06
86100000	3.507952e-06
86105000	4.399675e-06
86110000	3.777486e-06
86115000	3.722185e-06
86120000	3.366699e-06
86125000	3.816318e-06
86130000	3.808793e-06
86135000	3.739271e-06
86140000	3.706859e-06
86145000	3.488075e-06
86150000	4.010570e-06
86155000	3.352850e-06
86160000	3.923718e-06
86165000	3.597727e-06
86170000	3.081919e-06
86175000	3.299047e-06
86180000	3.754136e-06
86185000	3.484786e-06
86190000	3.724097e-06
86195000	4.079880e-06
86200000	3.536023e-06
86205000	3.891385e-06
86210000	3.763089e-06
86215000	3.744136e-06
86220000	3.269862e-06
86225000	3.594132e-06
86230000	3.879004e-06
86235000	3.489206e-06
86240000	3.454451e-06
86245000	3.121184e-06
86250000	3.815992e-06
86255000	3.973648e-06
86260000	3.555480e-06
86265000	3.367782e-06
86270000	3.638585e-06
86275000	3.973370e-06
86280000	4.116239e-06
86285000	3.205983e-06
86290000	3.558873e-06
86295000	4.143679e-06
86300000	3.557679e-06
86305000	3.343735e-06
86310000	4.270866e-06
86315000	3.750138e-06
86320000	3.416572e-06
86325000	3.194899e-06
86330000	3.652149e-06
86335000	3.622663e-06
86340000	3.737770e-06
86345000	3.958285e-06
86350000	3.761565e-06
86355000	3.286362e-06
86360000	3.858166e-06
86365000	3.676606e-06
86370000	3.476451e-06
86375000	3.342156e-06
86380000	3.656944e-06
86385000	3.903487e-06
86390000	3.770689e-06
86395000	3.650034e-06
86400000	3.696872e-06
86405000	3.551414e-06
86410000	3.940730e-06
86415000	3.185046e-06
86420000	3.663706e-06
86425000	3.238563e-06
86430000	3.604073e-06
86435000	3.610901e-06
86440000	3.539394e-06
86445000	3.625929e-06
86450000	3.970871e-06
86455000	4.092751e-06
86460000	3.782535e-06
86465000	3.650941e-06
86470000	4.069573e-06
86475000	3.833675e-06
86480000	3.753213e-06
86485000	3.595374e-06
86490000	4.035602e-06
86495000	3.389298e-06
86500000	3.600462e-06
86505000	3.565405e-06
86510000	3.805860e-06
86515000	3.914203e-06
86520000	3.963054e-06
86525000	3.747484e-06
86530000	3.524626e-06
86535000	3.432386e-06
86540000	3.394014e-06
86545000	3.420171e-06
86550000	3.781021e-06
86555000	4.486103e-06
86560000	3.902371e-06
86565000	3.922240e-06
86570000	4.129957e-06
86575000	3.658648e-06
86580000	3.784942e-06
86585000	3.643511e-06
86590000	3.236172e-06
86595000	3.569139e-06
86600000	4.168365e-06
86605000	4.041940e-06
86610000	3.600553e-06
86615000	3.975746e-06
86620000	3.738511e-06
86625000	4.370125e-06
86630000	3.783424e-06
86635000	3.819179e-06
86640000	3.200747e-06
86645000	3.306991e-06
86650000	3.812028e-06
86655000	3.898744e-06
86660000	3.861354e-06
86665000	4.179661e-06
86670000	3.424696e-06
86675000	4.083082e-06
86680000	3.401597e-06
86685000	3.580785e-06
86690000	3.470245e-06
86695000	3.371754e-06
86700000	4.214136e-06
86705000	3.492986e-06
86710000	3.890922e-06
86715000	3.911664e-06
86720000	3.894525e-06
86725000	3.442966e-06
86730000	3.671439e-06
86735000	3.578372e-06
86740000	3.440644e-06
86745000	3.974501e-06
86750000	3.967763e-06
86755000	3.650219e-06
86760000	4.605797e-06
86765000	3.640771e-06
86770000	3.702413e-06
86775000	3.785489e-06
86780000	3.446208e-06
86785000	4.402125e-06
86790000	3.734245e-06
86795000	3.737667e-06
86800000	3.644593e-06
86805000	4.047964e-06
86810000	3.748217e-06
86815000	3.413396e-06
86820000	2.768096e-06
86825000	3.052326e-06
86830000	3.773724e-06
86835000	3.650176e-06
86840000	4.071640e-06
86845000	3.578661e-06
86850000	3.423660e-06
86855000	3.582972e-06
86860000	3.434036e-06
86865000	4.230634e-06
86870000	3.417519e-06
86875000	3.616802e-06
86880000	3.878585e-06
86885000	3.463378e-06
86890000	3.622749e-06
86895000	3.426109e-06
86900000	3.734722e-06
86905000	3.782726e-06
86910000	3.371393e-06
86915000	3.450715e-06
86920000	3.706963e-06
86925000	3.355418e-06
86930000	3.585524e-06
86935000	4.134265e-06
86940000	3.556503e-06
86945000	3.496518e-06
86950000	3.711707e-06
86955000	2.941720e-06
86960000	3.693695e-06
86965000	3.961626e-06
86970000	3.238336e-06
86975000	3.490026e-06
86980000	3.400411e-06
86985000	3.888230e-06
86990000	3.502472e-06
86995000	3.284463e-06
87000000	3.476066e-06
87005000	3.685794e-06
87010000	3.737123e-06
87015000	3.243325e-06
87020000	3.301833e-06
87025000	3.614926e-06
87030000	3.830508e-06
87035000	3.801344e-06
87040000	3.743253e-06
87045000	3.776992e-06
87050000	3.401003e-06
87055000	3.120141e-06
87060000	3.672308e-06
87065000	3.061764e-06
87070000	3.184501e-06
87075000	3.949283e-06
87080000	3.716270e-06
87085000	3.218259e-06
87090000	4.132078e-06
87095000	3.412470e-06
87100000	3.518204e-06
87105000	3.705164e-06
87110000	3.557100e-06
87115000	3.283825e-06
87120000	3.634660e-06
87125000	3.696845e-06
87130000	3.407358e-06
87135000	3.783185e-06
87140000	3.272557e-06
87145000	3.730441e-06
87150000	3.254447e-06
87155000	3.515663e-06
87160000	3.441643e-06
87165000	3.479357e-06
87170000	3.571673e-06
87175000	3.477767e-06
87180000	3.747124e-06
87185000	3.659199e-06
87190000	3.955027e-06
87195000	3.691695e-06
87200000	3.793993e-06
87205000	3.404687e-06
87210000	3.613691e-06
87215000	3.560333e-06
87220000	3.476886e-06
87225000	3.278652e-06
87230000	3.814789e-06
87235000	3.440194e-06
87240000	3.674706e-06
87245000	3.268794e-06
87250000	3.175830e-06
87255000	3.719437e-06
87260000	3.894636e-06
87265000	3.603652e-06
87270000	3.809146e-06
87275000	3.690346e-06
87280000	3.262996e-06
87285000	3.118030e-06
87290000	4.041289e-06
87295000	3.313050e-06
87300000	2.802008e-06
87305000	3.962821e-06
87310000	3.210598e-06
87315000	3.587863e-06
87320000	4.009569e-06
87325000	3.484710e-06
87330000	3.443850e-06
87335000	3.513991e-06
87340000	3.532231e-06
87345000	3.458477e-06
87350000	3.830762e-06
87355000	3.815324e-06
87360000	3.962851e-06
87365000	3.548589e-06
87370000	3.375534e-06
87375000	3.675712e-06
87380000	3.674522e-06
87385000	3.790522e-06
87390000	3.403787e-06
87395000	4.033174e-06
87400000	3.605526e-06
87405000	3.614435e-06
87410000	3.463382e-06
87415000	3.585753e-06
87420000	3.498103e-06
87425000	3.347013e-06
87430000	3.490435e-06
87435000	2.929769e-06
87440000	3.342233e-06
87445000	3.288609e-06
87450000	3.609404e-06
87455000	3.633092e-06
87460000	3.570053e-06
87465000	3.308569e-06
87470000	3.633976e-06
87475000	3.708128e-06
87480000	3.820189e-06
87485000	3.140509e-06
87490000	3.702097e-06
87495000	3.205157e-06
87500000	3.693438e-06
87505000	3.516098e-06
87510000	3.398669e-06
87515000	3.221508e-06
87520000	3.596936e-06
87525000	3.909661e-06
87530000	3.693360e-06
87535000	3.550762e-06
87540000	3.687174e-06
87545000	3.488180e-06
87550000	3.263553e-06
87555000	3.452077e-06
87560000	3.866034e-06
87565000	3.498814e-06
87570000	3.181299e-06
87575000	3.578799e-06
87580000	3.256398e-06
87585000	3.253932e-06
87590000	3.689863e-06
87595000	3.304753e-06
87600000	3.446310e-06
87605000	3.479470e-06
87610000	3.440907e-06
87615000	3.610109e-06
87620000	3.788012e-06
87625000	3.108547e-06
87630000	3.726559e-06
87635000	3.659686e-06
87640000	4.265370e-06
87645000	3.262474e-06
87650000	3.831644e-06
87655000	3.522908e-06
87660000	3.440050e-06
87665000	3.619656e-06
87670000	3.520595e-06
87675000	3.683581e-06
87680000	3.535426e-06
87685000	3.831415e-06
87690000	3.169650e-06
87695000	3.783651e-06
87700000	3.150265e-06
87705000	3.553812e-06
87710000	3.861947e-06
87715000	3.300561e-06
87720000	3.381349e-06
87725000	3.948061e-06
87730000	3.682363e-06
87735000	3.205768e-06
87740000	3.424680e-06
87745000	3.737406e-06
87750000	3.532568e-06
87755000	3.808792e-06
87760000	3.774981e-06
87765000	3.345469e-06
87770000	3.449620e-06
87775000	3.844318e-06
87780000	2.837945e-06
87785000	3.280919e-06
87790000	2.942526e-06
87795000	3.037530e-06
87800000	3.386360e-06
87805000	3.769130e-06
87810000	4.379438e-06
87815000	3.711471e-06
87820000	3.902303e-06
87825000	3.566076e-06
87830000	3.208825e-06
87835000	4.245755e-06
87840000	3.483562e-06
87845000	3.084215e-06
87850000	3.371092e-06
87855000	3.206812e-06
87860000	3.292851e-06
87865000	3.539022e-06
87870000	3.418446e-06
87875000	3.496615e-06
87880000	3.425670e-06
87885000	3.350995e-06
87890000	3.672897e-06
87895000	3.356793e-06
87900000	3.728467e-06
87905000	3.594969e-06
87910000	3.357207e-06
87915000	3.877273e-06
87920000	3.140830e-06
87925000	3.501336e-06
87930000	3.516003e-06
87935000	3.567893e-06
87940000	3.223503e-06
87945000	3.274393e-06
87950000	3.389160e-06
87955000	3.142536e-06
87960000	3.834800e-06
87965000	2.831332e-06
87970000	3.502078e-06
87975000	3.440165e-06
87980000	3.379872e-06
87985000	3.466006e-06
87990000	3.824645e-06
87995000	3.545758e-06
88000000	3.162871e-06
88005000	3.128360e-06
88010000	3.909736e-06
88015000	3.521618e-06
88020000	3.040833e-06
88025000	3.384649e-06
88030000	3.486611e-06
88035000	3.797969e-06
88040000	3.267524e-06
88045000	3.444503e-06
88050000	3.652807e-06
88055000	3.282330e-06
88060000	3.680388e-06
88065000	3.316301e-06
88070000	3.611173e-06
88075000	2.993450e-06
88080000	4.095184e-06
88085000	3.715410e-06
88090000	3.748374e-06
88095000	3.491649e-06
88100000	3.296960e-06
88105000	3.490452e-06
88110000	3.343759e-06
88115000	3.456904e-06
88120000	3.413848e-06
88125000	3.394865e-06
88130000	3.462689e-06
88135000	3.393880e-06
88140000	3.052337e-06
88145000	3.194266e-06
88150000	3.458489e-06
88155000	3.583489e-06
88160000	3.177260e-06
88165000	3.021116e-06
88170000	3.486283e-06
88175000	3.579312e-06
88180000	3.587317e-06
88185000	3.524321e-06
88190000	3.743360e-06
88195000	3.629440e-06
88200000	3.476870e-06
88205000	3.928317e-06
88210000	3.525965e-06
88215000	3.943350e-06
88220000	3.614978e-06
88225000	3.440928e-06
88230000	3.356950e-06
88235000	3.774909e-06
88240000	2.990211e-06
88245000	3.025769e-06
88250000	3.327937e-06
88255000	3.341844e-06
88260000	3.180571e-06
88265000	3.529115e-06
88270000	3.730752e-06
88275000	3.469406e-06
88280000	3.755272e-06
88285000	3.855180e-06
88290000	3.262625e-06
88295000	3.598701e-06
88300000	3.524846e-06
88305000	2.762868e-06
88310000	3.271270e-06
88315000	3.221096e-06
88320000	3.890207e-06
88325000	3.264205e-06
88330000	3.498303e-06
88335000	3.225210e-06
88340000	3.009018e-06
88345000	3.848897e-06
88350000	3.490481e-06
88355000	3.544651e-06
88360000	3.611243e-06
88365000	2.945380e-06
88370000	3.288225e-06
88375000	3.070736e-06
88380000	3.409660e-06
88385000	3.460265e-06
88390000	3.393611e-06
88395000	3.620663e-06
88400000	3.790756e-06
88405000	3.723821e-06
88410000	3.230868e-06
88415000	3.534576e-06
88420000	4.069494e-06
88425000	3.242385e-06
88430000	2.859114e-06
88435000	3.268179e-06
88440000	3.605133e-06
88445000	3.424907e-06
88450000	3.559148e-06
88455000	4.041524e-06
88460000	3.312782e-06
88465000	3.309509e-06
88470000	3.402764e-06
88475000	2.845779e-06
88480000	3.545464e-06
88485000	3.180879e-06
88490000	2.876844e-06
88495000	3.599302e-06
88500000	3.899465e-06
88505000	3.365421e-06
88510000	3.198230e-06
88515000	3.836500e-06
88520000	3.403716e-06
88525000	3.752561e-06
88530000	3.487315e-06
88535000	3.279429e-06
88540000	3.380922e-06
88545000	3.678369e-06
88550000	3.058777e-06
88555000	3.378301e-06
88560000	3.765931e-06
88565000	3.620849e-06
88570000	3.387579e-06
88575000	3.206710e-06
88580000	4.093179e-06
88585000	3.225432e-06
88590000	3.593999e-06
88595000	3.002537e-06
88600000	3.192900e-06
88605000	3.718491e-06
88610000	3.367455e-06
88615000	3.199040e-06
88620000	3.246506e-06
88625000	3.413322e-06
88630000	3.290252e-06
88635000	3.771872e-06
88640000	3.051002e-06
88645000	2.974327e-06
88650000	3.158405e-06
88655000	3.593842e-06
88660000	3.393130e-06
88665000	3.742343e-06
88670000	3.712388e-06
88675000	3.033988e-06
88680000	3.127033e-06
88685000	3.443904e-06
88690000	3.260558e-06
88695000	3.745892e-06
88700000	3.500695e-06
88705000	3.459793e-06
88710000	3.589852e-06
88715000	3.533719e-06
88720000	4.152293e-06
88725000	3.891182e-06
88730000	3.563788e-06
88735000	3.295653e-06
88740000	3.665538e-06
88745000	3.074435e-06
88750000	3.242094e-06
88755000	3.480526e-06
88760000	3.262941e-06
88765000	3.230931e-06
88770000	3.632382e-06
88775000	4.070602e-06
88780000	3.535224e-06
88785000	3.734263e-06
88790000	3.586032e-06
88795000	3.176089e-06
88800000	3.690191e-06
88805000	3.442753e-06
88810000	3.751128e-06
88815000	3.382598e-06
88820000	3.216354e-06
88825000	3.845737e-06
88830000	2.815374e-06
88835000	3.493081e-06
88840000	3.508407e-06
88845000	3.577105e-06
88850000	3.255483e-06
88855000	3.715833e-06
88860000	3.542723e-06
88865000	3.385454e-06
88870000	3.103625e-06
88875000	3.462097e-06
88880000	3.390872e-06
88885000	3.577688e-06
88890000	3.461031e-06
88895000	3.542169e-06
88900000	3.364462e-06
88905000	3.339401e-06
88910000	3.034429e-06
88915000	3.231348e-06
88920000	3.382827e-06
88925000	3.310838e-06
88930000	3.774205e-06
88935000	3.562516e-06
88940000	3.308261e-06
88945000	2.787356e-06
88950000	3.533327e-06
88955000	3.514955e-06
88960000	3.285195e-06
88965000	3.484304e-06
88970000	3.447108e-06
88975000	3.756079e-06
88980000	3.790742e-06
88985000	3.622822e-06
88990000	3.338363e-06
88995000	3.381489e-06
89000000	3.430235e-06
89005000	2.871980e-06
89010000	3.483425e-06
89015000	3.936329e-06
89020000	3.354129e-06
89025000	3.592255e-06
89030000	3.570629e-06
89035000	4.182652e-06
89040000	3.236918e-06
89045000	3.686363e-06
89050000	3.960170e-06
89055000	3.238797e-06
89060000	3.077765e-06
89065000	3.342923e-06
89070000	3.141825e-06
89075000	3.406074e-06
89080000	3.506113e-06
89085000	3.384983e-06
89090000	3.518055e-06
89095000	3.268860e-06
89100000	3.035341e-06
89105000	3.818516e-06
89110000	3.729515e-06
89115000	3.382860e-06
89120000	3.346734e-06
89125000	4.023514e-06
89130000	3.053284e-06
89135000	2.922685e-06
89140000	2.990487e-06
89145000	2.859635e-06
89150000	3.021106e-06
89155000	2.878803e-06
89160000	3.095199e-06
89165000	3.349496e-06
89170000	3.551593e-06
89175000	3.012734e-06
89180000	3.508544e-06
89185000	3.493267e-06
89190000	3.425674e-06
89195000	3.662956e-06
89200000	3.173833e-06
89205000	3.866785e-06
89210000	3.701966e-06
89215000	3.079776e-06
89220000	3.594877e-06
89225000	3.048220e-06
89230000	3.270995e-06
89235000	2.927119e-06
89240000	2.820716e-06
89245000	3.665513e-06
89250000	3.171925e-06
89255000	3.323974e-06
89260000	3.030609e-06
89265000	3.251365e-06
89270000	3.064360e-06
89275000	3.430440e-06
89280000	3.458358e-06
89285000	3.526345e-06
89290000	3.045776e-06
89295000	3.572570e-06
89300000	3.450755e-06
89305000	3.376076e-06
89310000	3.262323e-06
89315000	3.451807e-06
89320000	3.098350e-06
89325000	3.125385e-06
89330000	3.156857e-06
89335000	3.506689e-06
89340000	3.081447e-06
89345000	2.809503e-06
89350000	2.888795e-06
89355000	3.289875e-06
89360000	2.985154e-06
89365000	2.740866e-06
89370000	3.261414e-06
89375000	3.047128e-06
89380000	3.385781e-06
89385000	3.393001e-06
89390000	3.403733e-06
89395000	3.467490e-06
89400000	3.494291e-06
89405000	3.698606e-06
89410000	2.973659e-06
89415000	3.107338e-06
89420000	3.192131e-06
89425000	2.865728e-06
89430000	3.250270e-06
89435000	2.973683e-06
89440000	3.213163e-06
89445000	3.555236e-06
89450000	3.201876e-06
89455000	3.397038e-06
89460000	2.983700e-06
89465000	3.339862e-06
89470000	3.258654e-06
89475000	3.326682e-06
89480000	3.172582e-06
89485000	3.352312e-06
89490000	3.206213e-06
89495000	3.573381e-06
89500000	3.087576e-06
89505000	3.762009e-06
89510000	3.634819e-06
89515000	3.425583e-06
89520000	3.361749e-06
89525000	3.431501e-06
89530000	3.249631e-06
89535000	3.436848e-06
89540000	3.255721e-06
89545000	3.729901e-06
89550000	3.537500e-06
89555000	3.751873e-06
89560000	3.513274e-06
89565000	3.596861e-06
89570000	3.572677e-06
89575000	3.468855e-06
89580000	3.404377e-06
89585000	3.235102e-06
89590000	3.702179e-06
89595000	3.460851e-06
89600000	3.124701e-06
89605000	3.230343e-06
89610000	2.853153e-06
89615000	3.016046e-06
89620000	3.428109e-06
89625000	3.373265e-06
89630000	3.005953e-06
89635000	3.874796e-06
89640000	3.623473e-06
89645000	3.325837e-06
89650000	3.501711e-06
89655000	3.124491e-06
89660000	3.193731e-06
89665000	3.408291e-06
89670000	3.091400e-06
89675000	3.275180e-06
89680000	3.140975e-06
89685000	3.285858e-06
89690000	3.491492e-06
89695000	3.282229e-06
89700000	3.088508e-06
89705000	3.490397e-06
89710000	3.266780e-06
89715000	2.987427e-06
89720000	3.354401e-06
89725000	3.991466e-06
89730000	3.242069e-06
89735000	3.349078e-06
89740000	3.452348e-06
89745000	3.466370e-06
89750000	3.144720e-06
89755000	3.483006e-06
89760000	3.700569e-06
89765000	3.240127e-06
89770000	3.679544e-06
89775000	3.438983e-06
89780000	3.289367e-06
89785000	3.399510e-06
89790000	2.730841e-06
89795000	3.215777e-06
89800000	3.670984e-06
89805000	3.458936e-06
89810000	3.189391e-06
89815000	3.344898e-06
89820000	2.903266e-06
89825000	3.419672e-06
89830000	3.435430e-06
89835000	3.320165e-06
89840000	3.155621e-06
89845000	2.943348e-06
89850000	3.245901e-06
89855000	3.596873e-06
89860000	3.016669e-06
89865000	3.145572e-06
89870000	3.291192e-06
89875000	2.816315e-06
89880000	3.065381e-06
89885000	3.101468e-06
89890000	3.287793e-06
89895000	2.769351e-06
89900000	3.060210e-06
89905000	3.429116e-06
89910000	3.600138e-06
89915000	3.223508e-06
89920000	2.810958e-06
89925000	2.874866e-06
89930000	3.126393e-06
89935000	2.736433e-06
89940000	3.460421e-06
89945000	3.335297e-06
89950000	3.507328e-06
89955000	3.596055e-06
89960000	2.746601e-06
89965000	2.819207e-06
89970000	3.225978e-06
89975000	2.920957e-06
89980000	3.605003e-06
89985000	3.179084e-06
89990000	2.805157e-06
89995000	3.329037e-06
90000000	2.945816e-06
90005000	3.495278e-06
90010000	3.573233e-06
90015000	3.500256e-06
90020000	3.414468e-06
90025000	3.157769e-06
90030000	3.238140e-06
90035000	3.128608e-06
90040000	3.882904e-06
90045000	3.734079e-06
90050000	3.426284e-06
90055000	3.458572e-06
90060000	3.310703e-06
90065000	3.468469e-06
90070000	3.474977e-06
90075000	3.467613e-06
90080000	3.181689e-06
90085000	3.476912e-06
90090000	3.174766e-06
90095000	3.111194e-06
90100000	2.849115e-06
90105000	3.503548e-06
90110000	3.176500e-06
90115000	3.031787e-06
90120000	2.788673e-06
90125000	3.252809e-06
90130000	3.183852e-06
90135000	3.033940e-06
90140000	3.416233e-06
90145000	2.854930e-06
90150000	3.198473e-06
90155000	3.300882e-06
90160000	3.134260e-06
90165000	2.945920e-06
90170000	3.191965e-06
90175000	3.130793e-06
90180000	3.347187e-06
90185000	3.431597e-06
90190000	3.039213e-06
90195000	3.518366e-06
90200000	2.758865e-06
90205000	3.239978e-06
90210000	3.491365e-06
90215000	3.306857e-06
90220000	3.163412e-06
90225000	3.239268e-06
90230000	2.870613e-06
90235000	2.855626e-06
90240000	3.268069e-06
90245000	3.143954e-06
90250000	3.376024e-06
90255000	3.560949e-06
90260000	3.137220e-06
90265000	3.608567e-06
90270000	3.296158e-06
90275000	3.540719e-06
90280000	3.356150e-06
90285000	3.234682e-06
90290000	2.947132e-06
90295000	3.072525e-06
90300000	2.992168e-06
90305000	3.310882e-06
90310000	3.371986e-06
90315000	2.833457e-06
90320000	2.772082e-06
90325000	3.441132e-06
90330000	2.977871e-06
90335000	3.228614e-06
90340000	3.006594e-06
90345000	3.221394e-06
90350000	3.498789e-06
90355000	3.024001e-06
90360000	3.347281e-06
90365000	3.305309e-06
90370000	3.326142e-06
90375000	3.044394e-06
90380000	3.474262e-06
90385000	3.673863e-06
90390000	3.613787e-06
90395000	3.069508e-06
90400000	3.374765e-06
90405000	3.054441e-06
90410000	3.277487e-06
90415000	3.469435e-06
90420000	4.093387e-06
90425000	3.363709e-06
90430000	3.227392e-06
90435000	3.600978e-06
90440000	3.503724e-06
90445000	2.957179e-06
90450000	3.084165e-06
90455000	2.885118e-06
90460000	3.340314e-06
90465000	2.876554e-06
90470000	2.896305e-06
90475000	3.207723e-06
90480000	3.043662e-06
90485000	3.121967e-06
90490000	3.832573e-06
90495000	3.548450e-06
90500000	3.056014e-06
90505000	3.184631e-06
90510000	3.275495e-06
90515000	3.211218e-06
90520000	3.855788e-06
90525000	3.763810e-06
90530000	3.214897e-06
90535000	2.992192e-06
90540000	2.837475e-06
90545000	2.805360e-06
90550000	2.462572e-06
90555000	3.041987e-06
90560000	2.856974e-06
90565000	3.012254e-06
90570000	3.824063e-06
90575000	3.577177e-06
90580000	3.499923e-06
90585000	3.149907e-06
90590000	3.556924e-06
90595000	3.217438e-06
90600000	3.472930e-06
90605000	3.591117e-06
90610000	3.338640e-06
90615000	3.455034e-06
90620000	3.012401e-06
90625000	2.883277e-06
90630000	3.050455e-06
90635000	2.865618e-06
90640000	3.242309e-06
90645000	3.047489e-06
90650000	3.582858e-06
90655000	3.512638e-06
90660000	3.217915e-06
90665000	2.835888e-06
90670000	2.739768e-06
90675000	3.080002e-06
90680000	3.081883e-06
90685000	3.675291e-06
90690000	2.995926e-06
90695000	3.184922e-06
90700000	2.761648e-06
90705000	3.138358e-06
90710000	2.862505e-06
90715000	3.327608e-06
90720000	3.700661e-06
90725000	2.825487e-06
90730000	2.712772e-06
90735000	3.647787e-06
90740000	3.090096e-06
90745000	3.281577e-06
90750000	3.406399e-06
90755000	3.543221e-06
90760000	3.574474e-06
90765000	3.286000e-06
90770000	3.301729e-06
90775000	3.454106e-06
90780000	3.118080e-06
90785000	2.972111e-06
90790000	3.645711e-06
90795000	3.408406e-06
90800000	3.407971e-06
90805000	3.077402e-06
90810000	3.109578e-06
90815000	3.245031e-06
90820000	3.284311e-06
90825000	3.737819e-06
90830000	3.440298e-06
90835000	2.950503e-06
90840000	3.265812e-06
90845000	3.970110e-06
90850000	2.774415e-06
90855000	2.863215e-06
90860000	2.877739e-06
90865000	3.222516e-06
90870000	4.137205e-06
90875000	3.187703e-06
90880000	3.138062e-06
90885000	3.638592e-06
90890000	2.831097e-06
90895000	3.046165e-06
90900000	3.168983e-06
90905000	3.055129e-06
90910000	2.812889e-06
90915000	2.559493e-06
90920000	3.212830e-06
90925000	3.501428e-06
90930000	2.921749e-06
90935000	2.897984e-06
90940000	3.173723e-06
90945000	3.506603e-06
90950000	3.374414e-06
90955000	3.241112e-06
90960000	3.544347e-06
90965000	3.678421e-06
90970000	3.676750e-06
90975000	3.332114e-06
90980000	3.419209e-06
90985000	3.787330e-06
90990000	3.073071e-06
90995000	3.096727e-06
91000000	3.601965e-06
91005000	2.442656e-06
91010000	3.191345e-06
91015000	3.079148e-06
91020000	3.168264e-06
91025000	3.693166e-06
91030000	3.180616e-06
91035000	3.070357e-06
91040000	3.221557e-06
91045000	3.682758e-06
91050000	3.367406e-06
91055000	2.988915e-06
91060000	2.838817e-06
91065000	2.809015e-06
91070000	3.480268e-06
91075000	3.289519e-06
91080000	3.412817e-06
91085000	3.533180e-06
91090000	3.544453e-06
91095000	3.116699e-06
91100000	3.077542e-06
91105000	3.393386e-06
91110000	3.722394e-06
91115000	3.140592e-06
91120000	2.884901e-06
91125000	3.410872e-06
91130000	3.314473e-06
91135000	3.315833e-06
91140000	3.439989e-06
91145000	3.177350e-06
91150000	2.963824e-06
91155000	3.653068e-06
91160000	3.136090e-06
91165000	2.959177e-06
91170000	3.090904e-06
91175000	3.077203e-06
91180000	3.058979e-06
91185000	3.332320e-06
91190000	3.532479e-06
91195000	3.006262e-06
91200000	2.724381e-06
91205000	3.515762e-06
91210000	3.322218e-06
91215000	3.300051e-06
91220000	3.217167e-06
91225000	3.648889e-06
91230000	3.344383e-06
91235000	3.773815e-06
91240000	2.761940e-06
91245000	3.590541e-06
91250000	3.256863e-06
91255000	2.939241e-06
91260000	3.409592e-06
91265000	3.261413e-06
91270000	2.987916e-06
91275000	2.678880e-06
91280000	3.653816e-06
91285000	3.651949e-06
91290000	3.232425e-06
91295000	2.966793e-06
91300000	3.010088e-06
91305000	3.176663e-06
91310000	2.594310e-06
91315000	3.129721e-06
91320000	3.328786e-06
91325000	3.472626e-06
91330000	3.380881e-06
91335000	3.062239e-06
91340000	3.246228e-06
91345000	3.431250e-06
91350000	3.080959e-06
91355000	2.938942e-06
91360000	3.443193e-06
91365000	3.305029e-06
91370000	2.945235e-06
91375000	3.264403e-06
91380000	3.319414e-06
91385000	3.444401e-06
91390000	3.336788e-06
91395000	3.587168e-06
91400000	3.636068e-06
91405000	2.790722e-06
91410000	3.051549e-06
91415000	3.221267e-06
91420000	3.453520e-06
91425000	3.440371e-06
91430000	3.711035e-06
91435000	3.273410e-06
91440000	3.306737e-06
91445000	3.184031e-06
91450000	3.722869e-06
91455000	3.357472e-06
91460000	3.226446e-06
91465000	2.871206e-06
91470000	2.921079e-06
91475000	2.990374e-06
91480000	2.822179e-06
91485000	3.893007e-06
91490000	3.397826e-06
91495000	3.338513e-06
91500000	3.508696e-06
91505000	3.456113e-06
91510000	3.480863e-06
91515000	3.206617e-06
91520000	2.812622e-06
91525000	3.277359e-06
91530000	2.820880e-06
91535000	3.213319e-06
91540000	3.425386e-06
91545000	3.486714e-06
91550000	3.173030e-06
91555000	3.228592e-06
91560000	3.087022e-06
91565000	2.846573e-06
91570000	3.383221e-06
91575000	2.724077e-06
91580000	3.430945e-06
91585000	3.510534e-06
91590000	2.972525e-06
91595000	3.452652e-06
91600000	3.512415e-06
91605000	3.197472e-06
91610000	3.471123e-06
91615000	3.598653e-06
91620000	3.430294e-06
91625000	2.893384e-06
91630000	2.968846e-06
91635000	3.174867e-06
91640000	3.479138e-06
91645000	3.303958e-06
91650000	2.817302e-06
91655000	3.308167e-06
91660000	3.829312e-06
91665000	3.384229e-06
91670000	2.891763e-06
91675000	3.071669e-06
91680000	3.724604e-06
91685000	3.349501e-06
91690000	3.444364e-06
91695000	3.920841e-06
91700000	3.239917e-06
91705000	2.610381e-06
91710000	3.276945e-06
91715000	3.069108e-06
91720000	2.740004e-06
91725000	3.194200e-06
91730000	3.173090e-06
91735000	2.645540e-06
91740000	3.346080e-06
91745000	3.228555e-06
91750000	3.341898e-06
91755000	3.317809e-06
91760000	3.046499e-06
91765000	2.840871e-06
91770000	2.982229e-06
91775000	3.395074e-06
91780000	3.272668e-06
91785000	3.211375e-06
91790000	3.186293e-06
91795000	2.938789e-06
91800000	3.806451e-06
91805000	2.846234e-06
91810000	3.158266e-06
91815000	3.438868e-06
91820000	3.376243e-06
91825000	3.261753e-06
91830000	2.784304e-06
91835000	2.603229e-06
91840000	2.712361e-06
91845000	3.226167e-06
91850000	3.326709e-06
91855000	3.184798e-06
91860000	3.376649e-06
91865000	2.821366e-06
91870000	3.154687e-06
91875000	2.684521e-06
91880000	3.431408e-06
91885000	3.098229e-06
91890000	3.180322e-06
91895000	3.361241e-06
91900000	3.142541e-06
91905000	2.844086e-06
91910000	3.249909e-06
91915000	3.401727e-06
91920000	3.245618e-06
91925000	3.360493e-06
91930000	3.111116e-06
91935000	3.550501e-06
91940000	3.146175e-06
91945000	3.244029e-06
91950000	3.154344e-06
91955000	2.730171e-06
91960000	3.251924e-06
91965000	2.817805e-06
91970000	2.957958e-06
91975000	3.337924e-06
91980000	3.650400e-06
91985000	2.848381e-06
91990000	3.216325e-06
91995000	3.003012e-06
92000000	3.445737e-06
92005000	3.343729e-06
92010000	3.176652e-06
92015000	2.837259e-06
92020000	3.016412e-06
92025000	3.463525e-06
92030000	2.683614e-06
92035000	3.011388e-06
92040000	3.135920e-06
92045000	3.094411e-06
92050000	3.016351e-06
92055000	3.015682e-06
92060000	3.247843e-06
92065000	3.078417e-06
92070000	3.622330e-06
92075000	2.723632e-06
92080000	3.567682e-06
92085000	3.628299e-06
92090000	2.809630e-06
92095000	2.879237e-06
92100000	3.024784e-06
92105000	2.959612e-06
92110000	3.276565e-06
92115000	3.602353e-06
92120000	3.154667e-06
92125000	2.597919e-06
92130000	2.567883e-06
92135000	2.969747e-06
92140000	2.907890e-06
92145000	3.038874e-06
92150000	3.033040e-06
92155000	3.579362e-06
92160000	2.838610e-06
92165000	3.065732e-06
92170000	3.656089e-06
92175000	3.675095e-06
92180000	2.840126e-06
92185000	3.416554e-06
92190000	3.355664e-06
92195000	3.160068e-06
92200000	3.471594e-06
92205000	3.003334e-06
92210000	2.535264e-06
92215000	2.934979e-06
92220000	3.898203e-06
92225000	3.145188e-06
92230000	2.935785e-06
92235000	2.983190e-06
92240000	3.293832e-06
92245000	3.212325e-06
92250000	3.158025e-06
92255000	3.369820e-06
92260000	3.285271e-06
92265000	2.881844e-06
92270000	3.280019e-06
92275000	2.910525e-06
92280000	3.172200e-06
92285000	3.191709e-06
92290000	2.818314e-06
92295000	3.837856e-06
92300000	2.846955e-06
92305000	3.018175e-06
92310000	3.144072e-06
92315000	2.727608e-06
92320000	3.043383e-06
92325000	3.119721e-06
92330000	3.292295e-06
92335000	3.182165e-06
92340000	2.995069e-06
92345000	3.255067e-06
92350000	2.969457e-06
92355000	2.851626e-06
92360000	2.635074e-06
92365000	3.390783e-06
92370000	3.008611e-06
92375000	3.087810e-06
92380000	3.052340e-06
92385000	2.446242e-06
92390000	3.088054e-06
92395000	3.503927e-06
92400000	3.378094e-06
92405000	2.973910e-06
92410000	3.181595e-06
92415000	2.792217e-06
92420000	2.851058e-06
92425000	3.214921e-06
92430000	3.383229e-06
92435000	3.170674e-06
92440000	3.318307e-06
92445000	3.012578e-06
92450000	3.601709e-06
92455000	3.598302e-06
92460000	3.250306e-06
92465000	3.136087e-06
92470000	3.291472e-06
92475000	2.840343e-06
92480000	2.532859e-06
92485000	3.617991e-06
92490000	2.919655e-06
92495000	2.781577e-06
92500000	3.378383e-06
92505000	2.937202e-06
92510000	3.151385e-06
92515000	3.670108e-06
92520000	3.050684e-06
92525000	3.706041e-06
92530000	3.120436e-06
92535000	3.565962e-06
92540000	3.008938e-06
92545000	3.630011e-06
92550000	2.831257e-06
92555000	3.294976e-06
92560000	2.749375e-06
92565000	3.472931e-06
92570000	3.451586e-06
92575000	3.032315e-06
92580000	3.484789e-06
92585000	3.202443e-06
92590000	3.144546e-06
92595000	2.982255e-06
92600000	3.352594e-06
92605000	3.668970e-06
92610000	3.038322e-06
92615000	3.254516e-06
92620000	2.946396e-06
92625000	2.811587e-06
92630000	3.397338e-06
92635000	3.352926e-06
92640000	3.192714e-06
92645000	2.596679e-06
92650000	3.111397e-06
92655000	3.049968e-06
92660000	2.914292e-06
92665000	3.337168e-06
92670000	2.768181e-06
92675000	2.986577e-06
92680000	3.135878e-06
92685000	3.042157e-06
92690000	3.305633e-06
92695000	3.054581e-06
92700000	3.277894e-06
92705000	3.329942e-06
92710000	3.408312e-06
92715000	3.250469e-06
92720000	3.422554e-06
92725000	3.132661e-06
92730000	3.188500e-06
92735000	2.674736e-06
92740000	3.229617e-06
92745000	2.851341e-06
92750000	2.952566e-06
92755000	3.620807e-06
92760000	3.361077e-06
92765000	2.948874e-06
92770000	3.408883e-06
92775000	3.312645e-06
92780000	3.696875e-06
92785000	3.356600e-06
92790000	3.276231e-06
92795000	3.067432e-06
92800000	3.481801e-06
92805000	3.076830e-06
92810000	2.968152e-06
92815000	2.626613e-06
92820000	3.241720e-06
92825000	3.220364e-06
92830000	3.097557e-06
92835000	3.193839e-06
92840000	2.860193e-06
92845000	2.668652e-06
92850000	3.162191e-06
92855000	3.172301e-06
92860000	3.691973e-06
92865000	2.986960e-06
92870000	3.402553e-06
92875000	3.151107e-06
92880000	2.633912e-06
92885000	3.010707e-06
92890000	2.855316e-06
92895000	2.898456e-06
92900000	2.891090e-06
92905000	3.500149e-06
92910000	2.969485e-06
92915000	3.661816e-06
92920000	3.030670e-06
92925000	3.353417e-06
92930000	3.136842e-06
92935000	3.410123e-06
92940000	3.124951e-06
92945000	3.084571e-06
92950000	3.288936e-06
92955000	2.955489e-06
92960000	2.560292e-06
92965000	3.161981e-06
92970000	2.754901e-06
92975000	2.645759e-06
92980000	2.945925e-06
92985000	3.052015e-06
92990000	3.377830e-06
92995000	3.321601e-06
93000000	2.775228e-06
93005000	2.887388e-06
93010000	2.997478e-06
93015000	3.194680e-06
93020000	3.561933e-06
93025000	3.158223e-06
93030000	2.929614e-06
93035000	3.502787e-06
93040000	2.877296e-06
93045000	2.886750e-06
93050000	3.215429e-06
93055000	3.006270e-06
93060000	2.808060e-06
93065000	3.128962e-06
93070000	3.158135e-06
93075000	2.886268e-06
93080000	3.035668e-06
93085000	3.312167e-06
93090000	3.105043e-06
93095000	3.220266e-06
93100000	2.981436e-06
93105000	2.658027e-06
93110000	3.030965e-06
93115000	3.138343e-06
93120000	2.828490e-06
93125000	2.774585e-06
93130000	2.758489e-06
93135000	3.054025e-06
93140000	3.563686e-06
93145000	3.082403e-06
93150000	3.324720e-06
93155000	2.801868e-06
93160000	3.129933e-06
93165000	3.082143e-06
93170000	2.866653e-06
93175000	3.166065e-06
93180000	3.058047e-06
93185000	3.263053e-06
93190000	3.101236e-06
93195000	3.508273e-06
93200000	3.144236e-06
93205000	3.092093e-06
93210000	3.088341e-06
93215000	2.893046e-06
93220000	3.308978e-06
93225000	2.568216e-06
93230000	2.957878e-06
93235000	2.803396e-06
93240000	3.126177e-06
93245000	2.917167e-06
93250000	3.082999e-06
93255000	3.210001e-06
93260000	3.367662e-06
93265000	3.260572e-06
93270000	2.876842e-06
93275000	2.912855e-06
93280000	3.256066e-06
93285000	3.078596e-06
93290000	2.916665e-06
93295000	2.966844e-06
93300000	3.080398e-06
93305000	3.464561e-06
93310000	3.288561e-06
93315000	3.156448e-06
93320000	3.285271e-06
93325000	3.281962e-06
93330000	2.967554e-06
93335000	2.928844e-06
93340000	3.068157e-06
93345000	3.172522e-06
93350000	3.186128e-06
93355000	2.776828e-06
93360000	3.055398e-06
93365000	2.545216e-06
93370000	3.378983e-06
93375000	2.810774e-06
93380000	3.134302e-06
93385000	2.728452e-06
93390000	3.003548e-06
93395000	2.964204e-06
93400000	3.202216e-06
93405000	2.866968e-06
93410000	3.012535e-06
93415000	3.260761e-06
93420000	2.912941e-06
93425000	3.163881e-06
93430000	2.980202e-06
93435000	3.080646e-06
93440000	3.286452e-06
93445000	3.316695e-06
93450000	3.006249e-06
93455000	2.909725e-06
93460000	3.544674e-06
93465000	2.575101e-06
93470000	3.125121e-06
93475000	2.681357e-06
93480000	3.008250e-06
93485000	3.001285e-06
93490000	2.820469e-06
93495000	3.221540e-06
93500000	3.480487e-06
93505000	3.361054e-06
93510000	2.618803e-06
93515000	2.987676e-06
93520000	2.670667e-06
93525000	3.380942e-06
93530000	3.103638e-06
93535000	3.483400e-06
93540000	2.838290e-06
93545000	3.136047e-06
93550000	3.048264e-06
93555000	2.976615e-06
93560000	3.228408e-06
93565000	2.900526e-06
93570000	3.051228e-06
93575000	3.207194e-06
93580000	3.384793e-06
93585000	2.960036e-06
93590000	2.749721e-06
93595000	2.757209e-06
93600000	2.890739e-06
93605000	2.908725e-06
93610000	3.263062e-06
93615000	3.557208e-06
93620000	3.182514e-06
93625000	3.175482e-06
93630000	2.710185e-06
93635000	2.761883e-06
93640000	2.835302e-06
93645000	3.191578e-06
93650000	3.430823e-06
93655000	3.274504e-06
93660000	3.194389e-06
93665000	3.351544e-06
93670000	2.999317e-06
93675000	3.479095e-06
93680000	3.738822e-06
93685000	3.228031e-06
93690000	2.821327e-06
93695000	3.107499e-06
93700000	2.876367e-06
93705000	2.779800e-06
93710000	3.003452e-06
93715000	2.712747e-06
93720000	2.569416e-06
93725000	2.899171e-06
93730000	3.148289e-06
93735000	3.054504e-06
93740000	2.553864e-06
93745000	3.227469e-06
93750000	3.012417e-06
93755000	3.218467e-06
93760000	3.568621e-06
93765000	3.295358e-06
93770000	3.192000e-06
93775000	2.562231e-06
93780000	3.273227e-06
93785000	2.700840e-06
93790000	3.134372e-06
93795000	3.345129e-06
93800000	2.560363e-06
93805000	2.747663e-06
93810000	3.736613e-06
93815000	2.762608e-06
93820000	3.181151e-06
93825000	2.995633e-06
93830000	3.160882e-06
93835000	3.083895e-06
93840000	2.850072e-06
93845000	3.185460e-06
93850000	3.108082e-06
93855000	3.148396e-06
93860000	2.359119e-06
93865000	2.755285e-06
93870000	3.378704e-06
93875000	2.967949e-06
93880000	2.902777e-06
93885000	2.810271e-06
93890000	3.389026e-06
93895000	2.894262e-06
93900000	3.076568e-06
93905000	2.750555e-06
93910000	3.150186e-06
93915000	2.696009e-06
93920000	2.841148e-06
93925000	3.185850e-06
93930000	2.969308e-06
93935000	2.902681e-06
93940000	2.952456e-06
93945000	3.085484e-06
93950000	3.109785e-06
93955000	3.485647e-06
93960000	3.256653e-06
93965000	3.066143e-06
93970000	3.117643e-06
93975000	2.855128e-06
93980000	3.105969e-06
93985000	2.919491e-06
93990000	2.768996e-06
93995000	3.258813e-06
94000000	3.004333e-06
94005000	3.168285e-06
94010000	2.870201e-06
94015000	3.380853e-06
94020000	3.092394e-06
94025000	2.722682e-06
94030000	2.725696e-06
94035000	3.187966e-06
94040000	2.978938e-06
94045000	2.832930e-06
94050000	3.279216e-06
94055000	2.885322e-06
94060000	2.656071e-06
94065000	3.349043e-06
94070000	2.857015e-06
94075000	3.114260e-06
94080000	2.909421e-06
94085000	2.852512e-06
94090000	3.173170e-06
94095000	2.765368e-06
94100000	3.271648e-06
94105000	2.635853e-06
94110000	2.620927e-06
94115000	2.767088e-06
94120000	3.161378e-06
94125000	3.053907e-06
94130000	2.565652e-06
94135000	2.996117e-06
94140000	3.148316e-06
94145000	3.044035e-06
94150000	3.355835e-06
94155000	2.851072e-06
94160000	2.727561e-06
94165000	3.153830e-06
94170000	3.174041e-06
94175000	3.059788e-06
94180000	2.719946e-06
94185000	2.646424e-06
94190000	3.084793e-06
94195000	2.788731e-06
94200000	3.262370e-06
94205000	2.945806e-06
94210000	2.785881e-06
94215000	3.199203e-06
94220000	2.676166e-06
94225000	2.732779e-06
94230000	2.996218e-06
94235000	2.724644e-06
94240000	3.338748e-06
94245000	3.014847e-06
94250000	2.568569e-06
94255000	2.352444e-06
94260000	3.291249e-06
94265000	3.125648e-06
94270000	2.990455e-06
94275000	2.895362e-06
94280000	2.738953e-06
94285000	3.253741e-06
94290000	2.950177e-06
94295000	3.319172e-06
94300000	3.275908e-06
94305000	2.901624e-06
94310000	2.746805e-06
94315000	2.877430e-06
94320000	3.170224e-06
94325000	3.287089e-06
94330000	2.637299e-06
94335000	3.126188e-06
94340000	2.603709e-06
94345000	2.563594e-06
94350000	2.645190e-06
94355000	2.964882e-06
94360000	2.679665e-06
94365000	3.272213e-06
94370000	2.519056e-06
94375000	3.023577e-06
94380000	2.720488e-06
94385000	3.025299e-06
94390000	3.176626e-06
94395000	3.406219e-06
94400000	3.052250e-06
94405000	2.888248e-06
94410000	3.412625e-06
94415000	2.822684e-06
94420000	2.998875e-06
94425000	2.820090e-06
94430000	2.925630e-06
94435000	2.968734e-06
94440000	2.829815e-06
94445000	3.168453e-06
94450000	3.347644e-06
94455000	3.097512e-06
94460000	2.993080e-06
94465000	2.944181e-06
94470000	3.109895e-06
94475000	2.925762e-06
94480000	3.076120e-06
94485000	3.412145e-06
94490000	3.569598e-06
94495000	3.022120e-06
94500000	3.547133e-06
94505000	2.986342e-06
94510000	2.957050e-06
94515000	2.941486e-06
94520000	3.398676e-06
94525000	2.792758e-06
94530000	2.871508e-06
94535000	2.825202e-06
94540000	2.851697e-06
94545000	3.412033e-06
94550000	2.811841e-06
94555000	3.192086e-06
94560000	3.416753e-06
94565000	3.015475e-06
94570000	2.782430e-06
94575000	2.860577e-06
94580000	3.402309e-06
94585000	2.677596e-06
94590000	2.716245e-06
94595000	3.119420e-06
94600000	3.616072e-06
94605000	2.922334e-06
94610000	2.925037e-06
94615000	3.264643e-06
94620000	3.278921e-06
94625000	3.163548e-06
94630000	3.037859e-06
94635000	2.834784e-06
94640000	3.234148e-06
94645000	2.847759e-06
94650000	2.738329e-06
94655000	3.256543e-06
94660000	3.261014e-06
94665000	3.224847e-06
94670000	2.766611e-06
94675000	2.625756e-06
94680000	3.413778e-06
94685000	2.741491e-06
94690000	2.926520e-06
94695000	2.906553e-06
94700000	2.748703e-06
94705000	3.054732e-06
94710000	2.680927e-06
94715000	2.601558e-06
94720000	2.751759e-06
94725000	2.862220e-06
94730000	3.121343e-06
94735000	2.960744e-06
94740000	2.489270e-06
94745000	2.522453e-06
94750000	2.984292e-06
94755000	3.005907e-06
94760000	3.515233e-06
94765000	3.097119e-06
94770000	2.954333e-06
94775000	2.900411e-06
94780000	2.660484e-06
94785000	2.786078e-06
94790000	3.150046e-06
94795000	2.592418e-06
94800000	2.780763e-06
94805000	2.461795e-06
94810000	2.426371e-06
94815000	2.871100e-06
94820000	2.636224e-06
94825000	3.078199e-06
94830000	3.262909e-06
94835000	3.336662e-06
94840000	3.022002e-06
94845000	3.127483e-06
94850000	2.952784e-06
94855000	3.126515e-06
94860000	3.041533e-06
94865000	2.930664e-06
94870000	3.201940e-06
94875000	3.159955e-06
94880000	3.419495e-06
94885000	2.963435e-06
94890000	3.154081e-06
94895000	3.611805e-06
94900000	2.720053e-06
94905000	3.424574e-06
94910000	3.576643e-06
94915000	2.967900e-06
94920000	3.009022e-06
94925000	2.990666e-06
94930000	3.010067e-06
94935000	2.956050e-06
94940000	3.452240e-06
94945000	2.959738e-06
94950000	2.806080e-06
94955000	2.867064e-06
94960000	2.770578e-06
94965000	2.963234e-06
94970000	2.706267e-06
94975000	3.014362e-06
94980000	2.423208e-06
94985000	3.415948e-06
94990000	2.970529e-06
94995000	3.204169e-06
95000000	2.991523e-06
95005000	3.259874e-06
95010000	3.309369e-06
95015000	3.036509e-06
95020000	2.983001e-06
95025000	2.889783e-06
95030000	2.725677e-06
95035000	3.403501e-06
95040000	2.811777e-06
95045000	2.868685e-06
95050000	3.182245e-06
95055000	3.260160e-06
95060000	2.968597e-06
95065000	2.854378e-06
95070000	2.641667e-06
95075000	3.083162e-06
95080000	2.790703e-06
95085000	2.971592e-06
95090000	2.552631e-06
95095000	3.474156e-06
95100000	3.074875e-06
95105000	2.515796e-06
95110000	2.752223e-06
95115000	2.992554e-06
95120000	3.012461e-06
95125000	3.229688e-06
95130000	3.108864e-06
95135000	2.947345e-06
95140000	2.900221e-06
95145000	3.181896e-06
95150000	3.345016e-06
95155000	2.512713e-06
95160000	3.036276e-06
95165000	2.902105e-06
95170000	2.616409e-06
95175000	3.153927e-06
95180000	3.128132e-06
95185000	2.959821e-06
95190000	2.640746e-06
95195000	2.898668e-06
95200000	2.418714e-06
95205000	2.789477e-06
95210000	3.270843e-06
95215000	3.133544e-06
95220000	2.778329e-06
95225000	3.021550e-06
95230000	2.438826e-06
95235000	2.550962e-06
95240000	2.837825e-06
95245000	3.001421e-06
95250000	2.653494e-06
95255000	2.939218e-06
95260000	3.181664e-06
95265000	2.664297e-06
95270000	2.740405e-06
95275000	2.561980e-06
95280000	3.183031e-06
95285000	3.482769e-06
95290000	3.390586e-06
95295000	3.007899e-06
95300000	3.236141e-06
95305000	3.559259e-06
95310000	3.183987e-06
95315000	2.466548e-06
95320000	3.264173e-06
95325000	2.779763e-06
95330000	3.231293e-06
95335000	3.246616e-06
95340000	3.170965e-06
95345000	2.703132e-06
95350000	2.707602e-06
95355000	2.972225e-06
95360000	2.934304e-06
95365000	3.103136e-06
95370000	3.001081e-06
95375000	2.593336e-06
95380000	2.605434e-06
95385000	3.345263e-06
95390000	3.247500e-06
95395000	2.917597e-06
95400000	3.084274e-06
95405000	2.940983e-06
95410000	2.817258e-06
95415000	3.187599e-06
95420000	3.268196e-06
95425000	3.879971e-06
95430000	2.944908e-06
95435000	2.672555e-06
95440000	2.876504e-06
95445000	3.237016e-06
95450000	2.872440e-06
95455000	2.830950e-06
95460000	3.137598e-06
95465000	3.139244e-06
95470000	2.970533e-06
95475000	2.717066e-06
95480000	2.601337e-06
95485000	2.934457e-06
95490000	2.891906e-06
95495000	2.730956e-06
95500000	2.819908e-06
95505000	3.274943e-06
95510000	2.882671e-06
95515000	3.035091e-06
95520000	2.676596e-06
95525000	3.047795e-06
95530000	3.183976e-06
95535000	2.722891e-06
95540000	2.756130e-06
95545000	2.869317e-06
95550000	2.867277e-06
95555000	3.279321e-06
95560000	3.102304e-06
95565000	3.123169e-06
95570000	2.927395e-06
95575000	2.954059e-06
95580000	3.205086e-06
95585000	2.902830e-06
95590000	2.957084e-06
95595000	3.218295e-06
95600000	3.234127e-06
95605000	2.700653e-06
95610000	2.722110e-06
95615000	2.596273e-06
95620000	3.150992e-06
95625000	3.193633e-06
95630000	2.532773e-06
95635000	2.724109e-06
95640000	2.930921e-06
95645000	2.702611e-06
95650000	3.122905e-06
95655000	3.102133e-06
95660000	3.385686e-06
95665000	3.082680e-06
95670000	2.443289e-06
95675000	3.650483e-06
95680000	2.716959e-06
95685000	3.698736e-06
95690000	2.833689e-06
95695000	2.762176e-06
95700000	2.482869e-06
95705000	3.063114e-06
95710000	3.366122e-06
95715000	3.085778e-06
95720000	3.268565e-06
95725000	2.967234e-06
95730000	3.206430e-06
95735000	3.378496e-06
95740000	3.129987e-06
95745000	2.590754e-06
95750000	2.951302e-06
95755000	2.958549e-06
95760000	2.679373e-06
95765000	3.625702e-06
95770000	2.917248e-06
95775000	2.631738e-06
95780000	3.715876e-06
95785000	2.756303e-06
95790000	2.938650e-06
95795000	3.160112e-06
95800000	2.684588e-06
95805000	3.064580e-06
95810000	3.439093e-06
95815000	3.393645e-06
95820000	2.795388e-06
95825000	2.726359e-06
95830000	3.365300e-06
95835000	2.720407e-06
95840000	2.754078e-06
95845000	2.387973e-06
95850000	2.848543e-06
95855000	3.008990e-06
95860000	3.310077e-06
95865000	2.681342e-06
95870000	2.650382e-06
95875000	3.565766e-06
95880000	2.921105e-06
95885000	2.595029e-06
95890000	2.932841e-06
95895000	3.401680e-06
95900000	2.683894e-06
95905000	3.268615e-06
95910000	3.685423e-06
95915000	3.002441e-06
95920000	2.999660e-06
95925000	2.500543e-06
95930000	2.993868e-06
95935000	3.047535e-06
95940000	3.109531e-06
95945000	3.372489e-06
95950000	2.757308e-06
95955000	2.984785e-06
95960000	3.335897e-06
95965000	2.984334e-06
95970000	2.721737e-06
95975000	3.415966e-06
95980000	3.403446e-06
95985000	3.200164e-06
95990000	3.411160e-06
95995000	3.103419e-06
96000000	3.415092e-06
96005000	3.466808e-06
96010000	2.520961e-06
96015000	3.123294e-06
96020000	3.156952e-06
96025000	2.958867e-06
96030000	3.302247e-06
96035000	3.135964e-06
96040000	3.332145e-06
96045000	3.251504e-06
96050000	2.943368e-06
96055000	3.207000e-06
96060000	3.439793e-06
96065000	2.848387e-06
96070000	2.832931e-06
96075000	2.534227e-06
96080000	2.646699e-06
96085000	2.780736e-06
96090000	3.200952e-06
96095000	3.157876e-06
96100000	2.846393e-06
96105000	3.632173e-06
96110000	3.058398e-06
96115000	3.086161e-06
96120000	3.092766e-06
96125000	2.995936e-06
96130000	3.604972e-06
96135000	2.875748e-06
96140000	2.787475e-06
96145000	3.289753e-06
96150000	3.367616e-06
96155000	2.973716e-06
96160000	2.871281e-06
96165000	3.289070e-06
96170000	2.836007e-06
96175000	3.045610e-06
96180000	3.587326e-06
96185000	2.891938e-06
96190000	2.658875e-06
96195000	3.039583e-06
96200000	3.083722e-06
96205000	2.883715e-06
96210000	2.888485e-06
96215000	2.486667e-06
96220000	3.257262e-06
96225000	3.092261e-06
96230000	3.395051e-06
96235000	3.378135e-06
96240000	3.233776e-06
96245000	2.716073e-06
96250000	3.273806e-06
96255000	3.251632e-06
96260000	2.748687e-06
96265000	2.915360e-06
96270000	3.142029e-06
96275000	3.073913e-06
96280000	3.403566e-06
96285000	2.868148e-06
96290000	3.473065e-06
96295000	3.223030e-06
96300000	2.518869e-06
96305000	2.726126e-06
96310000	3.615209e-06
96315000	3.122428e-06
96320000	3.127579e-06
96325000	3.605350e-06
96330000	3.242410e-06
96335000	3.176294e-06
96340000	3.022066e-06
96345000	2.930847e-06
96350000	2.617839e-06
96355000	3.820208e-06
96360000	3.151461e-06
96365000	3.471243e-06
96370000	3.199464e-06
96375000	2.531694e-06
96380000	3.725211e-06
96385000	3.284475e-06
96390000	2.686074e-06
96395000	2.983555e-06
96400000	2.508534e-06
96405000	3.006827e-06
96410000	3.185424e-06
96415000	2.877310e-06
96420000	2.680950e-06
96425000	3.280915e-06
96430000	3.285165e-06
96435000	2.903104e-06
96440000	2.820621e-06
96445000	3.221903e-06
96450000	2.981931e-06
96455000	2.749480e-06
96460000	2.603772e-06
96465000	3.076410e-06
96470000	2.940786e-06
96475000	2.463720e-06
96480000	2.994865e-06
96485000	3.660462e-06
96490000	2.995661e-06
96495000	2.678419e-06
96500000	3.023213e-06
96505000	2.625490e-06
96510000	3.000624e-06
96515000	2.451642e-06
96520000	2.869180e-06
96525000	3.178318e-06
96530000	2.891681e-06
96535000	3.107688e-06
96540000	3.298496e-06
96545000	2.690159e-06
96550000	2.805467e-06
96555000	3.176170e-06
96560000	2.223370e-06
96565000	2.966797e-06
96570000	2.381150e-06
96575000	2.977411e-06
96580000	2.459988e-06
96585000	2.661282e-06
96590000	2.694714e-06
96595000	2.981532e-06
96600000	3.741332e-06
96605000	3.169389e-06
96610000	3.164674e-06
96615000	2.619872e-06
96620000	2.497207e-06
96625000	3.239585e-06
96630000	3.033196e-06
96635000	2.853470e-06
96640000	3.290131e-06
96645000	2.679342e-06
96650000	3.124383e-06
96655000	2.745302e-06
96660000	2.946695e-06
96665000	2.835206e-06
96670000	2.554482e-06
96675000	3.150271e-06
96680000	3.324576e-06
96685000	3.023081e-06
96690000	2.922212e-06
96695000	2.770597e-06
96700000	2.767010e-06
96705000	2.507716e-06
96710000	2.860691e-06
96715000	2.787215e-06
96720000	2.432331e-06
96725000	2.780311e-06
96730000	3.083999e-06
96735000	3.366011e-06
96740000	2.992619e-06
96745000	2.918061e-06
96750000	3.043388e-06
96755000	3.398434e-06
96760000	2.682082e-06
96765000	3.153282e-06
96770000	2.984032e-06
96775000	2.440342e-06
96780000	2.914386e-06
96785000	2.881833e-06
96790000	3.067024e-06
96795000	2.533008e-06
96800000	2.901003e-06
96805000	3.148854e-06
96810000	3.189992e-06
96815000	3.358323e-06
96820000	2.814336e-06
96825000	2.925746e-06
96830000	3.286193e-06
96835000	2.505678e-06
96840000	2.648829e-06
96845000	3.009013e-06
96850000	2.623357e-06
96855000	3.023207e-06
96860000	2.938458e-06
96865000	3.061653e-06
96870000	3.000326e-06
96875000	3.204068e-06
96880000	3.036287e-06
96885000	2.470431e-06
96890000	2.630639e-06
96895000	2.983476e-06
96900000	2.782983e-06
96905000	3.380601e-06
96910000	2.514368e-06
96915000	2.891084e-06
96920000	2.936044e-06
96925000	2.791166e-06
96930000	3.028310e-06
96935000	3.434942e-06
96940000	3.010382e-06
96945000	2.975956e-06
96950000	2.527665e-06
96955000	2.669359e-06
96960000	2.809999e-06
96965000	3.058486e-06
96970000	3.156924e-06
96975000	3.038673e-06
96980000	3.005340e-06
96985000	3.178960e-06
96990000	3.224465e-06
96995000	2.663132e-06
97000000	3.093344e-06
97005000	2.810099e-06
97010000	2.932799e-06
97015000	2.765883e-06
97020000	3.009010e-06
97025000	2.663473e-06
97030000	3.010638e-06
97035000	2.616660e-06
97040000	3.016571e-06
97045000	2.187316e-06
97050000	3.261264e-06
97055000	2.658582e-06
97060000	2.339349e-06
97065000	2.713280e-06
97070000	2.728066e-06
97075000	3.103950e-06
97080000	2.634811e-06
97085000	3.412442e-06
97090000	3.480247e-06
97095000	2.928085e-06
97100000	2.905491e-06
97105000	3.181311e-06
97110000	2.501377e-06
97115000	3.324150e-06
97120000	3.113966e-06
97125000	2.882645e-06
97130000	2.771974e-06
97135000	2.998877e-06
97140000	2.792356e-06
97145000	3.187836e-06
97150000	3.451420e-06
97155000	3.347063e-06
97160000	2.633417e-06
97165000	3.477905e-06
97170000	3.243195e-06
97175000	2.806098e-06
97180000	3.125011e-06
97185000	2.591542e-06
97190000	2.849757e-06
97195000	2.951114e-06
97200000	2.881546e-06
97205000	2.631379e-06
97210000	2.224866e-06
97215000	2.540619e-06
97220000	2.933961e-06
97225000	2.488131e-06
97230000	2.786127e-06
97235000	3.130013e-06
97240000	3.343831e-06
97245000	2.859657e-06
97250000	2.836110e-06
97255000	2.510290e-06
97260000	2.858729e-06
97265000	2.662758e-06
97270000	2.474726e-06
97275000	3.288333e-06
97280000	3.122065e-06
97285000	3.163447e-06
97290000	3.024440e-06
97295000	2.881496e-06
97300000	2.917194e-06
97305000	2.765157e-06
97310000	2.654652e-06
97315000	2.850728e-06
97320000	3.029052e-06
97325000	2.544993e-06
97330000	2.385408e-06
97335000	2.688304e-06
97340000	3.195864e-06
97345000	3.023401e-06
97350000	2.977108e-06
97355000	3.338148e-06
97360000	2.561083e-06
97365000	2.877324e-06
97370000	2.917838e-06
97375000	2.775877e-06
97380000	3.252743e-06
97385000	2.622200e-06
97390000	3.006647e-06
97395000	2.830860e-06
97400000	2.800066e-06
97405000	2.859527e-06
97410000	3.069957e-06
97415000	2.907393e-06
97420000	3.347512e-06
97425000	2.494062e-06
97430000	2.979529e-06
97435000	3.264479e-06
97440000	3.111933e-06
97445000	2.844596e-06
97450000	2.735350e-06
97455000	2.759165e-06
97460000	2.639749e-06
97465000	2.844321e-06
97470000	2.791837e-06
97475000	2.823050e-06
97480000	2.703203e-06
97485000	3.087160e-06
97490000	2.814392e-06
97495000	3.175462e-06
97500000	3.014149e-06
97505000	2.865273e-06
97510000	3.330013e-06
97515000	2.501793e-06
97520000	2.931539e-06
97525000	2.884703e-06
97530000	2.452216e-06
97535000	2.781355e-06
97540000	2.360692e-06
97545000	2.745725e-06
97550000	2.808207e-06
97555000	3.131803e-06
97560000	2.835681e-06
97565000	3.434199e-06
97570000	2.915636e-06
97575000	2.811171e-06
97580000	2.353194e-06
97585000	3.107886e-06
97590000	2.385738e-06
97595000	2.634340e-06
97600000	2.968295e-06
97605000	2.869545e-06
97610000	2.921756e-06
97615000	2.960231e-06
97620000	2.551200e-06
97625000	2.716529e-06
97630000	3.038345e-06
97635000	2.953510e-06
97640000	2.346269e-06
97645000	2.611412e-06
97650000	2.793462e-06
97655000	3.108211e-06
97660000	2.778149e-06
97665000	2.665862e-06
97670000	2.686519e-06
97675000	2.498953e-06
97680000	2.569293e-06
97685000	2.949879e-06
97690000	2.917173e-06
97695000	2.536042e-06
97700000	3.015666e-06
97705000	2.740611e-06
97710000	2.656871e-06
97715000	3.625408e-06
97720000	3.499849e-06
97725000	2.984859e-06
97730000	2.491681e-06
97735000	2.777379e-06
97740000	2.755197e-06
97745000	2.826594e-06
97750000	2.843857e-06
97755000	3.048976e-06
97760000	2.993718e-06
97765000	2.813866e-06
97770000	2.617782e-06
97775000	2.555107e-06
97780000	2.666048e-06
97785000	3.153939e-06
97790000	2.690978e-06
97795000	3.144171e-06
97800000	2.755467e-06
97805000	2.148930e-06
97810000	2.446461e-06
97815000	3.375547e-06
97820000	2.786103e-06
97825000	2.674180e-06
97830000	2.546094e-06
97835000	2.727342e-06
97840000	2.837014e-06
97845000	2.726827e-06
97850000	3.044300e-06
97855000	2.688782e-06
97860000	2.877658e-06
97865000	2.939359e-06
97870000	2.637990e-06
97875000	2.735169e-06
97880000	2.593700e-06
97885000	2.711300e-06
97890000	2.797534e-06
97895000	2.650237e-06
97900000	2.448424e-06
97905000	2.465763e-06
97910000	2.801979e-06
97915000	2.536374e-06
97920000	2.579438e-06
97925000	3.009770e-06
97930000	3.161336e-06
97935000	2.669253e-06
97940000	2.769774e-06
97945000	2.755463e-06
97950000	2.512218e-06
97955000	2.481999e-06
97960000	2.653141e-06
97965000	2.788457e-06
97970000	2.316892e-06
97975000	2.960509e-06
97980000	2.614833e-06
97985000	2.738034e-06
97990000	2.625047e-06
97995000	2.909080e-06
98000000	2.891604e-06
98005000	2.775506e-06
98010000	2.588938e-06
98015000	2.767501e-06
98020000	2.613979e-06
98025000	2.698389e-06
98030000	2.817124e-06
98035000	2.306142e-06
98040000	3.044990e-06
98045000	2.597843e-06
98050000	3.092505e-06
98055000	2.451562e-06
98060000	2.922750e-06
98065000	2.715851e-06
98070000	2.476155e-06
98075000	3.072837e-06
98080000	2.579580e-06
98085000	2.817981e-06
98090000	2.880283e-06
98095000	2.308890e-06
98100000	2.740397e-06
98105000	2.542947e-06
98110000	2.714081e-06
98115000	2.932841e-06
98120000	2.507002e-06
98125000	2.596267e-06
98130000	2.651120e-06
98135000	2.768685e-06
98140000	3.227286e-06
98145000	2.440150e-06
98150000	2.692481e-06
98155000	3.360460e-06
98160000	2.592390e-06
98165000	2.592016e-06
98170000	2.730316e-06
98175000	3.136102e-06
98180000	2.871896e-06
98185000	2.954960e-06
98190000	2.899395e-06
98195000	2.381494e-06
98200000	2.506913e-06
98205000	2.829616e-06
98210000	2.432438e-06
98215000	2.545645e-06
98220000	2.752391e-06
98225000	2.249715e-06
98230000	2.745186e-06
98235000	2.851755e-06
98240000	2.858591e-06
98245000	2.559996e-06
98250000	2.578554e-06
98255000	2.423070e-06
98260000	3.269053e-06
98265000	2.838961e-06
98270000	2.192539e-06
98275000	2.424251e-06
98280000	2.804375e-06
98285000	2.106533e-06
98290000	2.794328e-06
98295000	2.758899e-06
98300000	2.534407e-06
98305000	3.009278e-06
98310000	2.288563e-06
98315000	2.902395e-06
98320000	2.405719e-06
98325000	2.930714e-06
98330000	3.352131e-06
98335000	2.841960e-06
98340000	3.043066e-06
98345000	3.019559e-06
98350000	2.400388e-06
98355000	2.516932e-06
98360000	2.942672e-06
98365000	2.789134e-06
98370000	3.397448e-06
98375000	2.738668e-06
98380000	3.133016e-06
98385000	2.894313e-06
98390000	2.636110e-06
98395000	2.846082e-06
98400000	2.453415e-06
98405000	2.487495e-06
98410000	2.465293e-06
98415000	2.705163e-06
98420000	2.458222e-06
98425000	3.091770e-06
98430000	3.094170e-06
98435000	2.705811e-06
98440000	2.689161e-06
98445000	2.697954e-06
98450000	2.468603e-06
98455000	2.100756e-06
98460000	2.320304e-06
98465000	2.393441e-06
98470000	2.569729e-06
98475000	2.614340e-06
98480000	2.401444e-06
98485000	2.849651e-06
98490000	3.006122e-06
98495000	2.724270e-06
98500000	2.688763e-06
98505000	3.005841e-06
98510000	2.671602e-06
98515000	2.986626e-06
98520000	3.046241e-06
98525000	2.506355e-06
98530000	2.596878e-06
98535000	3.039774e-06
98540000	2.490027e-06
98545000	2.889040e-06
98550000	2.949120e-06
98555000	2.617065e-06
98560000	2.976685e-06
98565000	2.525559e-06
98570000	2.331311e-06
98575000	2.739378e-06
98580000	2.977345e-06
98585000	2.806990e-06
98590000	2.845389e-06
98595000	2.758763e-06
98600000	3.611414e-06
98605000	2.760879e-06
98610000	2.541627e-06
98615000	2.584948e-06
98620000	2.249853e-06
98625000	2.527182e-06
98630000	2.769962e-06
98635000	2.313989e-06
98640000	2.483213e-06
98645000	3.216054e-06
98650000	2.701953e-06
98655000	2.647557e-06
98660000	3.203951e-06
98665000	3.118688e-06
98670000	2.846728e-06
98675000	2.587523e-06
98680000	2.445956e-06
98685000	2.680881e-06
98690000	2.682157e-06
98695000	2.694898e-06
98700000	2.753082e-06
98705000	2.470005e-06
98710000	2.598046e-06
98715000	2.298349e-06
98720000	2.284424e-06
98725000	3.050960e-06
98730000	2.881386e-06
98735000	2.759127e-06
98740000	3.319785e-06
98745000	2.703351e-06
98750000	2.245400e-06
98755000	3.208914e-06
98760000	2.730430e-06
98765000	2.053578e-06
98770000	2.530498e-06
98775000	2.811594e-06
98780000	2.627092e-06
98785000	2.393205e-06
98790000	2.900952e-06
98795000	2.899857e-06
98800000	3.154706e-06
98805000	2.808508e-06
98810000	2.792595e-06
98815000	2.375664e-06
98820000	2.793706e-06
98825000	2.329957e-06
98830000	3.225750e-06
98835000	2.718654e-06
98840000	2.854169e-06
98845000	3.100782e-06
98850000	2.465963e-06
98855000	2.588479e-06
98860000	2.681715e-06
98865000	2.689404e-06
98870000	2.950084e-06
98875000	2.568594e-06
98880000	2.752093e-06
98885000	2.686540e-06
98890000	2.374445e-06
98895000	2.289400e-06
98900000	2.681003e-06
98905000	2.813460e-06
98910000	2.848452e-06
98915000	2.568172e-06
98920000	2.721389e-06
98925000	2.751221e-06
98930000	2.276105e-06
98935000	2.445375e-06
98940000	2.669479e-06
98945000	2.495218e-06
98950000	2.469952e-06
98955000	2.447946e-06
98960000	2.730518e-06
98965000	2.384456e-06
98970000	2.470921e-06
98975000	2.764695e-06
98980000	2.455680e-06
98985000	2.933595e-06
98990000	2.764735e-06
98995000	2.629409e-06
99000000	2.626995e-06
99005000	2.503278e-06
99010000	3.193145e-06
99015000	2.583652e-06
99020000	2.977294e-06
99025000	2.031519e-06
99030000	2.404773e-06
99035000	2.918419e-06
99040000	2.709917e-06
99045000	2.902620e-06
99050000	2.716959e-06
99055000	2.314116e-06
99060000	2.335155e-06
99065000	2.596542e-06
99070000	2.668023e-06
99075000	1.709432e-06
99080000	2.549243e-06
99085000	3.100563e-06
99090000	2.633749e-06
99095000	2.537423e-06
99100000	2.614116e-06
99105000	2.758131e-06
99110000	2.550834e-06
99115000	2.562910e-06
99120000	2.785004e-06
99125000	2.740387e-06
99130000	2.676746e-06
99135000	2.673920e-06
99140000	2.681720e-06
99145000	2.688112e-06
99150000	2.432981e-06
99155000	2.431256e-06
99160000	2.671625e-06
99165000	3.171803e-06
99170000	2.758853e-06
99175000	2.287672e-06
99180000	2.408254e-06
99185000	2.792538e-06
99190000	2.441061e-06
99195000	2.724296e-06
99200000	2.963863e-06
99205000	2.256666e-06
99210000	2.082612e-06
99215000	2.558852e-06
99220000	2.566538e-06
99225000	2.087860e-06
99230000	2.584835e-06
99235000	2.464973e-06
99240000	3.050050e-06
99245000	2.738488e-06
99250000	2.483399e-06
99255000	2.674726e-06
99260000	2.689683e-06
99265000	2.372486e-06
99270000	2.680207e-06
99275000	2.926652e-06
99280000	2.880908e-06
99285000	2.693845e-06
99290000	2.386938e-06
99295000	3.185800e-06
99300000	2.902533e-06
99305000	3.332620e-06
99310000	2.562459e-06
99315000	2.541236e-06
99320000	2.705297e-06
99325000	2.490648e-06
99330000	2.485972e-06
99335000	2.662190e-06
99340000	2.497893e-06
99345000	2.402671e-06
99350000	2.351773e-06
99355000	2.237137e-06
99360000	2.197463e-06
99365000	2.423768e-06
99370000	2.275600e-06
99375000	2.353465e-06
99380000	2.432707e-06
99385000	2.573117e-06
99390000	2.375191e-06
99395000	2.632290e-06
99400000	3.012232e-06
99405000	2.544189e-06
99410000	2.331707e-06
99415000	2.894058e-06
99420000	2.848951e-06
99425000	2.099367e-06
99430000	2.323983e-06
99435000	2.670913e-06
99440000	2.378566e-06
99445000	2.431831e-06
99450000	2.751899e-06
99455000	2.695056e-06
99460000	2.726771e-06
99465000	2.619925e-06
99470000	3.178656e-06
99475000	2.523526e-06
99480000	2.495635e-06
99485000	2.726067e-06
99490000	2.445770e-06
99495000	2.664114e-06
99500000	2.401169e-06
99505000	2.578130e-06
99510000	2.187916e-06
99515000	2.076821e-06
99520000	2.616235e-06
99525000	2.602556e-06
99530000	2.623615e-06
99535000	2.629188e-06
99540000	2.643267e-06
99545000	2.402322e-06
99550000	2.502428e-06
99555000	2.709211e-06
99560000	2.405335e-06
99565000	2.268887e-06
99570000	2.323838e-06
99575000	2.658350e-06
99580000	2.591720e-06
99585000	2.837382e-06
99590000	2.670301e-06
99595000	2.456971e-06
99600000	2.191885e-06
99605000	2.253361e-06
99610000	2.799275e-06
99615000	2.400843e-06
99620000	2.488131e-06
99625000	2.294421e-06
99630000	2.136774e-06
99635000	2.511541e-06
99640000	2.947125e-06
99645000	2.395900e-06
99650000	2.318357e-06
99655000	2.758160e-06
99660000	2.518599e-06
99665000	1.859616e-06
99670000	2.134829e-06
99675000	2.490833e-06
99680000	2.263176e-06
99685000	2.628054e-06
99690000	1.958228e-06
99695000	2.518919e-06
99700000	2.380522e-06
99705000	2.347814e-06
99710000	2.436741e-06
99715000	2.237367e-06
99720000	2.104297e-06
99725000	2.676269e-06
99730000	2.661384e-06
99735000	2.441191e-06
99740000	2.621754e-06
99745000	2.707298e-06
99750000	2.115043e-06
99755000	2.331483e-06
99760000	2.646654e-06
99765000	2.620825e-06
99770000	2.638600e-06
99775000	2.226630e-06
99780000	2.643230e-06
99785000	2.067517e-06
99790000	2.777249e-06
99795000	2.197551e-06
99800000	2.048821e-06
99805000	2.424763e-06
99810000	2.571052e-06
99815000	2.718595e-06
99820000	2.362830e-06
99825000	2.447484e-06
99830000	2.366221e-06
99835000	2.608597e-06
99840000	2.044090e-06
99845000	2.533213e-06
99850000	2.391660e-06
99855000	2.389868e-06
99860000	2.862350e-06
99865000	2.429592e-06
99870000	2.741990e-06
99875000	2.235789e-06
99880000	2.309919e-06
99885000	2.580699e-06
99890000	2.253878e-06
99895000	2.449584e-06
99900000	2.238635e-06
99905000	2.512060e-06
99910000	2.347075e-06
99915000	2.390140e-06
99920000	3.057178e-06
99925000	2.548056e-06
99930000	2.441441e-06
99935000	2.182407e-06
99940000	2.097252e-06
99945000	2.683878e-06
99950000	2.522508e-06
99955000	2.329099e-06
99960000	2.308100e-06
99965000	2.407024e-06
99970000	2.606719e-06
99975000	2.476279e-06
99980000	2.177957e-06
99985000	2.205476e-06
99990000	2.535674e-06
99995000	2.534200e-06
100000000	2.335875e-06
100005000	1.966431e-06
100010000	2.575959e-06
100015000	2.662104e-06
100020000	2.018334e-06
100025000	2.000638e-06
100030000	2.379120e-06
100035000	2.377896e-06
100040000	2.128069e-06
100045000	2.027890e-06
100050000	2.595230e-06
100055000	2.660658e-06
100060000	2.309732e-06
100065000	2.433205e-06
100070000	2.471629e-06
100075000	2.290066e-06
100080000	2.514923e-06
100085000	2.001152e-06
100090000	2.575691e-06
100095000	2.785464e-06
100100000	2.299695e-06
100105000	2.143052e-06
100110000	3.057425e-06
100115000	2.409911e-06
100120000	2.617907e-06
100125000	2.325707e-06
100130000	2.794212e-06
100135000	2.543823e-06
100140000	2.480842e-06
100145000	2.626086e-06
100150000	2.294491e-06
100155000	2.601184e-06
100160000	2.668368e-06
100165000	2.358788e-06
100170000	2.078114e-06
100175000	2.297500e-06
100180000	2.774108e-06
100185000	2.614648e-06
100190000	2.296037e-06
100195000	2.396309e-06
100200000	2.746981e-06
100205000	2.483918e-06
100210000	2.477145e-06
100215000	2.372737e-06
100220000	3.046707e-06
100225000	2.439016e-06
100230000	2.344789e-06
100235000	2.162355e-06
100240000	2.039919e-06
100245000	2.316030e-06
100250000	2.485690e-06
100255000	2.363326e-06
100260000	2.315307e-06
100265000	2.419766e-06
100270000	2.628363e-06
100275000	2.583283e-06
100280000	2.630569e-06
100285000	2.774152e-06
100290000	2.656030e-06
100295000	2.684408e-06
100300000	2.557205e-06
100305000	2.720224e-06
100310000	1.992104e-06
100315000	2.400929e-06
100320000	2.433695e-06
100325000	2.536625e-06
100330000	2.407781e-06
100335000	2.464387e-06
100340000	2.386010e-06
100345000	2.656717e-06
100350000	2.568006e-06
100355000	2.546811e-06
100360000	2.235150e-06
100365000	2.879273e-06
100370000	2.845287e-06
100375000	2.232948e-06
100380000	2.570384e-06
100385000	2.394357e-06
100390000	2.428295e-06
100395000	2.841256e-06
100400000	2.638790e-06
100405000	2.851757e-06
100410000	2.374037e-06
100415000	2.195114e-06
100420000	2.526506e-06
100425000	2.756666e-06
100430000	2.378986e-06
100435000	2.738170e-06
100440000	2.564834e-06
100445000	2.027091e-06
100450000	2.038167e-06
100455000	2.279212e-06
100460000	2.321797e-06
100465000	2.532866e-06
100470000	2.568425e-06
100475000	2.281875e-06
100480000	2.703386e-06
100485000	2.490267e-06
100490000	2.696834e-06
100495000	2.765391e-06
100500000	2.469467e-06
100505000	2.642104e-06
100510000	2.022976e-06
100515000	2.538590e-06
100520000	2.526052e-06
100525000	2.433893e-06
100530000	2.688140e-06
100535000	2.576031e-06
100540000	2.751984e-06
100545000	2.708767e-06
100550000	2.613496e-06
100555000	2.417888e-06
100560000	2.356606e-06
100565000	2.664248e-06
100570000	2.346477e-06
100575000	2.790201e-06
100580000	2.560907e-06
100585000	2.364426e-06
100590000	2.205033e-06
100595000	2.109278e-06
100600000	2.313030e-06
100605000	2.405743e-06
100610000	2.512003e-06
100615000	2.682411e-06
100620000	2.539337e-06
100625000	2.012489e-06
100630000	2.426779e-06
100635000	1.871596e-06
100640000	2.510283e-06
100645000	2.796244e-06
100650000	2.543640e-06
100655000	2.141008e-06
100660000	2.313182e-06
100665000	2.288035e-06
100670000	2.543148e-06
100675000	2.204244e-06
100680000	2.745300e-06
100685000	2.442692e-06
100690000	2.475918e-06
100695000	2.580218e-06
100700000	2.813128e-06
100705000	2.444079e-06
100710000	2.509481e-06
100715000	2.205894e-06
100720000	2.256382e-06
100725000	2.614007e-06
100730000	2.529774e-06
100735000	2.914874e-06
100740000	2.406122e-06
100745000	2.480984e-06
100750000	2.714245e-06
100755000	2.142704e-06
100760000	2.466184e-06
100765000	2.337790e-06
100770000	2.073340e-06
100775000	2.840404e-06
100780000	2.538069e-06
100785000	2.042926e-06
100790000	1.935866e-06
100795000	2.029738e-06
100800000	2.362182e-06
100805000	1.998069e-06
100810000	2.370628e-06
100815000	2.395528e-06
100820000	2.564704e-06
100825000	2.774160e-06
100830000	2.684846e-06
100835000	2.796552e-06
100840000	2.603996e-06
100845000	2.177605e-06
100850000	2.410324e-06
100855000	2.210370e-06
100860000	2.332953e-06
100865000	2.471686e-06
100870000	2.480897e-06
100875000	2.209145e-06
100880000	2.419042e-06
100885000	2.523816e-06
100890000	2.606351e-06
100895000	2.356625e-06
100900000	2.408410e-06
100905000	2.350126e-06
100910000	2.215158e-06
100915000	2.625629e-06
100920000	2.148150e-06
100925000	2.359871e-06
100930000	2.346216e-06
100935000	2.686103e-06
100940000	2.446689e-06
100945000	2.560868e-06
100950000	2.856250e-06
100955000	2.752521e-06
100960000	2.444091e-06
100965000	2.368356e-06
100970000	2.501801e-06
100975000	2.450279e-06
100980000	2.271989e-06
100985000	2.024594e-06
100990000	2.446872e-06
100995000	2.433084e-06
101000000	2.209024e-06
101005000	2.714102e-06
101010000	2.275837e-06
101015000	2.552545e-06
101020000	2.177096e-06
101025000	2.572885e-06
101030000	2.418325e-06
101035000	2.440651e-06
101040000	2.046067e-06
101045000	2.547995e-06
101050000	2.543484e-06
101055000	2.251005e-06
101060000	2.770579e-06
101065000	2.180111e-06
101070000	2.273595e-06
101075000	2.453821e-06
101080000	2.540637e-06
101085000	2.287884e-06
101090000	1.895344e-06
101095000	2.339115e-06
101100000	2.332948e-06
101105000	2.620573e-06
101110000	2.341422e-06
101115000	2.296830e-06
101120000	2.234759e-06
101125000	2.640491e-06
101130000	2.421400e-06
101135000	2.266029e-06
101140000	2.123398e-06
101145000	1.865501e-06
101150000	2.275985e-06
101155000	1.553507e-06
101160000	2.454531e-06
101165000	2.608077e-06
101170000	2.433697e-06
101175000	2.428858e-06
101180000	2.075584e-06
101185000	2.738278e-06
101190000	2.616921e-06
101195000	2.468591e-06
101200000	2.556779e-06
101205000	2.667685e-06
101210000	2.369636e-06
101215000	2.264653e-06
101220000	2.604847e-06
101225000	2.669332e-06
101230000	2.094165e-06
101235000	2.252321e-06
101240000	2.294690e-06
101245000	2.185400e-06
101250000	2.462915e-06
101255000	2.213652e-06
101260000	2.434063e-06
101265000	2.211128e-06
101270000	2.385760e-06
101275000	2.236014e-06
101280000	2.504478e-06
101285000	2.300001e-06
101290000	1.895312e-06
101295000	2.041393e-06
101300000	2.502820e-06
101305000	2.836625e-06
101310000	2.150916e-06
101315000	2.476326e-06
101320000	2.429426e-06
101325000	2.114561e-06
101330000	2.504918e-06
101335000	2.366618e-06
101340000	2.056075e-06
101345000	2.566336e-06
101350000	2.184246e-06
101355000	2.514173e-06
101360000	2.270185e-06
101365000	1.957633e-06
101370000	2.378015e-06
101375000	2.171538e-06
101380000	2.390194e-06
101385000	1.975260e-06
101390000	2.219500e-06
101395000	2.094318e-06
101400000	2.237098e-06
101405000	1.907754e-06
101410000	1.897300e-06
101415000	1.942932e-06
101420000	2.540182e-06
101425000	1.734024e-06
101430000	2.030755e-06
101435000	2.298584e-06
101440000	2.440232e-06
101445000	2.293404e-06
101450000	2.163120e-06
101455000	2.088772e-06
101460000	2.316802e-06
101465000	2.434043e-06
101470000	2.455842e-06
101475000	2.169378e-06
101480000	2.142864e-06
101485000	2.210075e-06
101490000	1.814272e-06
101495000	1.875703e-06
101500000	1.945850e-06
101505000	1.926593e-06
101510000	2.703212e-06
101515000	2.371374e-06
101520000	2.159618e-06
101525000	2.183527e-06
101530000	2.372316e-06
101535000	1.984237e-06
101540000	2.045465e-06
101545000	1.524018e-06
101550000	2.216633e-06
101555000	2.004337e-06
101560000	2.006701e-06
101565000	2.299121e-06
101570000	2.414033e-06
101575000	2.277357e-06
101580000	2.352785e-06
101585000	2.850862e-06
101590000	2.292770e-06
101595000	2.312639e-06
101600000	1.923463e-06
101605000	2.191013e-06
101610000	2.002404e-06
101615000	2.190496e-06
101620000	2.082045e-06
101625000	2.676604e-06
101630000	2.692657e-06
101635000	2.041014e-06
101640000	2.272552e-06
101645000	2.042764e-06
101650000	2.123323e-06
101655000	2.395153e-06
101660000	2.536804e-06
101665000	2.061068e-06
101670000	2.002033e-06
101675000	2.023189e-06
101680000	2.094953e-06
101685000	2.536303e-06
101690000	2.342868e-06
101695000	2.408962e-06
101700000	1.983095e-06
101705000	2.483898e-06
101710000	2.719886e-06
101715000	2.379019e-06
101720000	2.415499e-06
101725000	2.101912e-06
101730000	2.583686e-06
101735000	2.199930e-06
101740000	2.200651e-06
101745000	2.303437e-06
101750000	2.455030e-06
101755000	2.157501e-06
101760000	2.284447e-06
101765000	2.546705e-06
101770000	2.277762e-06
101775000	1.919549e-06
101780000	1.865139e-06
101785000	2.376677e-06
101790000	2.111293e-06
101795000	1.843731e-06
101800000	2.436704e-06
101805000	2.441325e-06
101810000	2.203675e-06
101815000	2.136185e-06
101820000	2.424485e-06
101825000	2.140155e-06
101830000	2.057747e-06
101835000	2.182890e-06
101840000	2.267654e-06
101845000	1.959849e-06
101850000	2.299763e-06
101855000	2.037602e-06
101860000	1.907676e-06
101865000	1.938506e-06
101870000	2.351714e-06
101875000	2.927345e-06
101880000	2.045601e-06
101885000	2.147698e-06
101890000	2.402814e-06
101895000	2.323824e-06
101900000	1.841503e-06
101905000	2.110695e-06
101910000	2.552135e-06
101915000	1.797558e-06
101920000	2.258564e-06
101925000	1.913462e-06
101930000	1.985576e-06
101935000	2.503953e-06
101940000	2.371421e-06
101945000	2.155575e-06
101950000	2.562982e-06
101955000	2.098797e-06
101960000	2.460479e-06
101965000	2.193837e-06
101970000	2.287911e-06
101975000	2.056580e-06
101980000	2.391651e-06
101985000	2.227023e-06
101990000	2.303311e-06
101995000	2.161281e-06
102000000	1.921787e-06
102005000	1.874051e-06
102010000	2.080634e-06
102015000	2.327903e-06
102020000	2.190320e-06
102025000	2.245227e-06
102030000	2.116942e-06
102035000	2.289017e-06
102040000	2.438771e-06
102045000	2.230250e-06
102050000	2.038252e-06
102055000	2.555292e-06
102060000	1.820465e-06
102065000	2.751940e-06
102070000	2.049341e-06
102075000	1.636356e-06
102080000	2.560594e-06
102085000	2.033181e-06
102090000	2.573126e-06
102095000	2.054275e-06
102100000	2.282737e-06
102105000	2.016622e-06
102110000	2.703534e-06
102115000	2.365012e-06
102120000	1.902809e-06
102125000	1.901189e-06
102130000	2.097301e-06
102135000	1.998340e-06
102140000	1.932062e-06
102145000	1.978936e-06
102150000	1.802633e-06
102155000	2.108629e-06
102160000	2.350753e-06
102165000	2.071250e-06
102170000	2.346742e-06
102175000	2.167320e-06
102180000	2.124788e-06
102185000	2.358114e-06
102190000	2.600668e-06
102195000	2.440876e-06
102200000	2.472512e-06
102205000	2.450352e-06
102210000	2.157269e-06
102215000	2.052357e-06
102220000	1.895651e-06
102225000	2.090865e-06
102230000	2.516905e-06
102235000	2.111764e-06
102240000	1.953207e-06
102245000	1.914116e-06
102250000	2.324802e-06
102255000	1.949316e-06
102260000	2.222443e-06
102265000	1.931653e-06
102270000	2.558013e-06
102275000	2.430359e-06
102280000	1.909590e-06
102285000	2.259309e-06
102290000	1.930346e-06
102295000	1.962989e-06
102300000	2.228969e-06
102305000	1.782481e-06
102310000	2.310888e-06
102315000	2.224625e-06
102320000	2.157435e-06
102325000	2.049305e-06
102330000	1.874065e-06
102335000	1.851918e-06
102340000	2.189052e-06
102345000	2.525779e-06
102350000	2.054034e-06
102355000	2.192181e-06
102360000	2.169908e-06
102365000	2.150900e-06
102370000	2.105318e-06
102375000	1.975231e-06
102380000	1.840263e-06
102385000	1.857205e-06
102390000	2.283062e-06
102395000	1.838933e-06
102400000	1.967202e-06
102405000	1.801892e-06
102410000	2.403274e-06
102415000	2.145410e-06
102420000	2.144399e-06
102425000	2.074106e-06
102430000	2.067773e-06
102435000	2.051313e-06
102440000	2.029089e-06
102445000	2.076407e-06
102450000	2.336713e-06
102455000	2.091183e-06
102460000	1.735007e-06
102465000	1.837638e-06
102470000	2.067198e-06
102475000	1.963306e-06
102480000	1.879056e-06
102485000	2.417944e-06
102490000	2.593892e-06
102495000	2.118711e-06
102500000	1.943330e-06
102505000	2.160605e-06
102510000	2.254171e-06
102515000	2.449638e-06
102520000	2.078924e-06
102525000	2.260250e-06
102530000	2.630768e-06
102535000	2.142802e-06
102540000	2.633286e-06
102545000	2.390266e-06
102550000	2.216508e-06
102555000	1.937942e-06
102560000	1.987627e-06
102565000	2.051375e-06
102570000	2.283665e-06
102575000	2.192437e-06
102580000	2.140299e-06
102585000	1.911066e-06
102590000	2.175194e-06
102595000	2.232074e-06
102600000	1.924642e-06
102605000	2.245188e-06
102610000	2.335320e-06
102615000	2.208390e-06
102620000	2.422804e-06
102625000	1.942173e-06
102630000	1.826407e-06
102635000	2.279576e-06
102640000	2.268033e-06
102645000	2.229087e-06
102650000	2.872043e-06
102655000	2.212546e-06
102660000	2.273795e-06
102665000	2.498686e-06
102670000	2.137714e-06
102675000	1.758029e-06
102680000	2.127324e-06
102685000	1.879661e-06
102690000	1.893900e-06
102695000	2.322379e-06
102700000	2.306690e-06
102705000	1.734503e-06
102710000	2.649051e-06
102715000	2.208069e-06
102720000	2.301307e-06
102725000	1.737282e-06
102730000	2.101225e-06
102735000	2.000491e-06
102740000	1.959075e-06
102745000	2.317403e-06
102750000	2.056969e-06
102755000	2.007410e-06
102760000	1.868617e-06
102765000	2.187460e-06
102770000	2.437240e-06
102775000	2.062574e-06
102780000	2.208506e-06
102785000	1.902093e-06
102790000	1.991144e-06
102795000	2.350736e-06
102800000	1.873737e-06
102805000	2.115707e-06
102810000	2.387883e-06
102815000	1.905745e-06
102820000	1.684676e-06
102825000	2.180815e-06
102830000	2.290694e-06
102835000	2.346477e-06
102840000	2.223052e-06
102845000	2.010304e-06
102850000	2.285377e-06
102855000	2.298627e-06
102860000	1.867425e-06
102865000	1.938754e-06
102870000	2.005871e-06
102875000	2.150856e-06
102880000	1.746537e-06
102885000	2.269862e-06
102890000	1.871086e-06
102895000	2.359252e-06
102900000	2.005933e-06
102905000	2.440676e-06
102910000	2.077344e-06
102915000	2.007888e-06
102920000	2.298636e-06
102925000	1.557631e-06
102930000	2.222041e-06
102935000	2.627126e-06
102940000	2.392019e-06
102945000	1.906209e-06
102950000	1.922760e-06
102955000	2.403621e-06
102960000	2.022185e-06
102965000	2.211189e-06
102970000	1.703002e-06
102975000	1.930299e-06
102980000	2.333290e-06
102985000	1.741132e-06
102990000	2.292876e-06
102995000	1.991678e-06
103000000	1.944029e-06
103005000	2.030493e-06
103010000	1.873358e-06
103015000	2.112046e-06
103020000	2.079975e-06
103025000	1.975880e-06
103030000	2.336517e-06
103035000	2.170106e-06
103040000	1.997345e-06
103045000	2.013685e-06
103050000	1.967049e-06
103055000	1.850728e-06
103060000	2.348814e-06
103065000	1.735172e-06
103070000	2.198312e-06
103075000	2.480122e-06
103080000	2.293642e-06
103085000	2.100341e-06
103090000	2.159419e-06
103095000	2.313364e-06
103100000	2.304842e-06
103105000	2.141303e-06
103110000	1.935330e-06
103115000	2.265713e-06
103120000	1.824306e-06
103125000	1.725943e-06
103130000	1.998325e-06
103135000	1.855341e-06
103140000	1.806051e-06
103145000	1.593646e-06
103150000	1.835877e-06
103155000	2.024787e-06
103160000	1.712473e-06
103165000	2.294379e-06
103170000	1.793678e-06
103175000	1.850891e-06
103180000	1.919464e-06
103185000	2.184047e-06
103190000	2.111248e-06
103195000	2.190278e-06
103200000	1.850051e-06
103205000	1.984537e-06
103210000	2.192181e-06
103215000	1.773543e-06
103220000	2.180146e-06
103225000	1.870885e-06
103230000	1.928401e-06
103235000	2.145779e-06
103240000	2.044777e-06
103245000	2.324181e-06
103250000	1.914865e-06
103255000	1.962553e-06
103260000	2.371572e-06
103265000	2.333477e-06
103270000	1.919800e-06
103275000	1.996297e-06
103280000	2.184380e-06
103285000	1.949311e-06
103290000	1.882236e-06
103295000	2.012503e-06
103300000	1.980333e-06
103305000	1.908027e-06
103310000	2.321316e-06
103315000	2.073686e-06
103320000	2.248553e-06
103325000	1.924169e-06
103330000	2.373912e-06
103335000	2.519399e-06
103340000	2.249167e-06
103345000	2.229245e-06
103350000	2.794727e-06
103355000	1.940353e-06
103360000	1.914714e-06
103365000	2.007777e-06
103370000	1.841151e-06
103375000	1.908473e-06
103380000	2.282934e-06
103385000	1.849038e-06
103390000	2.063920e-06
103395000	2.152853e-06
103400000	2.590363e-06
103405000	2.281353e-06
103410000	1.724182e-06
103415000	2.295970e-06
103420000	1.972348e-06
103425000	2.251091e-06
103430000	1.827811e-06
103435000	1.769829e-06
103440000	2.213050e-06
103445000	2.008325e-06
103450000	2.364156e-06
103455000	2.058035e-06
103460000	1.837780e-06
103465000	2.522765e-06
103470000	1.989819e-06
103475000	2.216017e-06
103480000	1.924710e-06
103485000	2.388449e-06
103490000	1.878062e-06
103495000	2.020325e-06
103500000	2.303331e-06
103505000	2.235477e-06
103510000	2.090335e-06
103515000	1.870479e-06
103520000	1.843722e-06
103525000	2.088087e-06
103530000	2.091910e-06
103535000	2.014502e-06
103540000	1.685128e-06
103545000	2.634084e-06
103550000	2.408926e-06
103555000	2.260332e-06
103560000	2.149176e-06
103565000	1.797308e-06
103570000	2.183253e-06
103575000	2.238434e-06
103580000	1.946007e-06
103585000	2.117792e-06
103590000	2.122039e-06
103595000	2.310237e-06
103600000	2.064629e-06
103605000	2.080205e-06
103610000	2.026817e-06
103615000	2.214544e-06
103620000	2.255359e-06
103625000	2.028989e-06
103630000	1.600704e-06
103635000	2.101740e-06
103640000	1.923726e-06
103645000	1.773612e-06
103650000	2.014050e-06
103655000	1.964774e-06
103660000	1.888179e-06
103665000	1.900383e-06
103670000	2.253855e-06
103675000	2.286359e-06
103680000	2.099459e-06
103685000	2.196341e-06
103690000	2.234024e-06
103695000	1.981144e-06
103700000	1.726947e-06
103705000	1.943696e-06
103710000	2.547464e-06
103715000	2.061045e-06
103720000	2.191149e-06
103725000	2.265700e-06
103730000	1.648536e-06
103735000	2.033426e-06
103740000	2.261799e-06
103745000	2.169917e-06
103750000	2.566520e-06
103755000	2.324106e-06
103760000	1.993911e-06
103765000	2.110732e-06
103770000	1.998104e-06
103775000	2.462447e-06
103780000	2.409468e-06
103785000	2.332363e-06
103790000	2.058429e-06
103795000	1.738021e-06
103800000	2.429196e-06
103805000	2.012507e-06
103810000	2.004373e-06
103815000	2.302745e-06
103820000	2.010648e-06
103825000	2.039867e-06
103830000	1.985987e-06
103835000	2.139335e-06
103840000	2.191988e-06
103845000	2.313980e-06
103850000	2.184598e-06
103855000	2.279406e-06
103860000	2.144621e-06
103865000	2.313104e-06
103870000	2.090288e-06
103875000	2.326750e-06
103880000	2.342297e-06
103885000	1.892752e-06
103890000	2.016452e-06
103895000	1.941350e-06
103900000	1.689672e-06
103905000	1.979187e-06
103910000	2.161977e-06
103915000	2.200445e-06
103920000	1.575094e-06
103925000	2.150339e-06
103930000	2.138639e-06
103935000	1.685611e-06
103940000	2.224692e-06
103945000	1.522013e-06
103950000	1.987953e-06
103955000	2.081822e-06
103960000	2.490961e-06
103965000	1.917227e-06
103970000	1.790638e-06
103975000	2.078065e-06
103980000	2.197023e-06
103985000	2.294496e-06
103990000	2.513548e-06
103995000	2.213460e-06
104000000	2.519776e-06
104005000	1.835686e-06
104010000	2.448725e-06
104015000	1.865304e-06
104020000	2.095521e-06
104025000	2.030340e-06
104030000	2.022601e-06
104035000	2.250137e-06
104040000	2.532310e-06
104045000	1.800327e-06
104050000	1.793850e-06
104055000	2.009865e-06
104060000	2.265955e-06
104065000	1.821685e-06
104070000	1.919263e-06
104075000	2.210355e-06
104080000	1.889903e-06
104085000	2.030738e-06
104090000	2.087621e-06
104095000	1.815901e-06
104100000	1.850770e-06
104105000	2.280907e-06
104110000	1.946264e-06
104115000	2.223029e-06
104120000	1.988413e-06
104125000	1.970111e-06
104130000	2.449047e-06
104135000	2.355193e-06
104140000	2.065949e-06
104145000	1.974732e-06
104150000	2.105782e-06
104155000	2.039575e-06
104160000	2.114218e-06
104165000	2.092177e-06
104170000	2.423660e-06
104175000	2.044264e-06
104180000	2.048112e-06
104185000	2.002440e-06
104190000	2.170066e-06
104195000	2.197664e-06
104200000	2.080481e-06
104205000	1.834089e-06
104210000	2.341915e-06
104215000	2.252520e-06
104220000	1.794575e-06
104225000	2.484776e-06
104230000	2.624295e-06
104235000	1.739066e-06
104240000	1.741288e-06
104245000	2.562109e-06
104250000	2.020150e-06
104255000	2.119919e-06
104260000	1.900818e-06
104265000	2.303190e-06
104270000	1.986935e-06
104275000	2.097517e-06
104280000	1.902283e-06
104285000	2.522577e-06
104290000	2.037347e-06
104295000	1.778344e-06
104300000	2.469423e-06
104305000	1.967979e-06
104310000	1.749441e-06
104315000	1.892669e-06
104320000	2.250005e-06
104325000	2.010702e-06
104330000	2.105731e-06
104335000	1.794649e-06
104340000	1.666633e-06
104345000	1.633942e-06
104350000	1.744201e-06
104355000	1.951919e-06
104360000	1.913605e-06
104365000	1.879979e-06
104370000	2.331249e-06
104375000	1.676915e-06
104380000	1.867943e-06
104385000	1.871851e-06
104390000	1.843244e-06
104395000	1.696836e-06
104400000	2.134554e-06
104405000	1.857320e-06
104410000	2.552094e-06
104415000	2.080734e-06
104420000	1.815357e-06
104425000	1.946965e-06
104430000	1.923711e-06
104435000	1.712678e-06
104440000	1.989621e-06
104445000	1.837407e-06
104450000	1.867532e-06
104455000	1.649784e-06
104460000	2.019119e-06
104465000	2.061470e-06
104470000	2.042464e-06
104475000	1.934488e-06
104480000	2.227379e-06
104485000	1.541923e-06
104490000	1.827801e-06
104495000	2.372452e-06
104500000	2.252443e-06
104505000	1.830040e-06
104510000	2.474778e-06
104515000	2.259550e-06
104520000	2.530117e-06
104525000	2.040854e-06
104530000	2.179479e-06
104535000	1.698813e-06
104540000	1.923051e-06
104545000	2.155554e-06
104550000	1.498059e-06
104555000	1.842815e-06
104560000	2.334010e-06
104565000	2.205525e-06
104570000	2.222655e-06
104575000	2.236312e-06
104580000	1.696727e-06
104585000	1.747707e-06
104590000	1.992263e-06
104595000	1.945951e-06
104600000	2.028608e-06
104605000	1.976333e-06
104610000	1.825862e-06
104615000	1.750040e-06
104620000	2.157763e-06
104625000	1.927625e-06
104630000	2.367833e-06
104635000	2.120525e-06
104640000	2.107362e-06
104645000	2.098188e-06
104650000	1.902668e-06
104655000	2.094628e-06
104660000	2.073796e-06
104665000	1.994127e-06
104670000	1.827318e-06
104675000	1.820638e-06
104680000	1.811925e-06
104685000	2.019812e-06
104690000	1.880119e-06
104695000	1.515535e-06
104700000	1.818689e-06
104705000	1.711164e-06
104710000	1.879620e-06
104715000	2.135702e-06
104720000	2.685940e-06
104725000	2.071268e-06
104730000	1.959549e-06
104735000	1.867377e-06
104740000	2.211998e-06
104745000	2.089034e-06
104750000	1.874806e-06
104755000	2.331453e-06
104760000	1.765777e-06
104765000	2.071446e-06
104770000	1.804396e-06
104775000	1.822015e-06
104780000	2.272118e-06
104785000	1.791808e-06
104790000	2.296133e-06
104795000	1.881372e-06
104800000	1.994024e-06
104805000	1.670503e-06
104810000	1.893271e-06
104815000	2.239459e-06
104820000	1.964080e-06
104825000	1.877584e-06
104830000	1.802475e-06
104835000	1.757742e-06
104840000	1.640341e-06
104845000	2.082100e-06
104850000	2.034670e-06
104855000	2.128863e-06
104860000	2.074315e-06
104865000	2.111810e-06
104870000	1.983476e-06
104875000	2.086133e-06
104880000	2.152929e-06
104885000	2.275624e-06
104890000	2.133113e-06
104895000	1.867156e-06
104900000	1.729870e-06
104905000	2.255560e-06
104910000	1.913715e-06
104915000	2.169494e-06
104920000	1.792811e-06
104925000	2.064890e-06
104930000	2.201554e-06
104935000	2.341757e-06
104940000	1.952432e-06
104945000	2.005919e-06
104950000	1.959151e-06
104955000	2.252834e-06
104960000	1.861370e-06
104965000	2.072708e-06
104970000	2.072849e-06
104975000	1.615477e-06
104980000	2.090191e-06
104985000	2.770476e-06
104990000	1.873857e-06
104995000	2.144659e-06
105000000	2.007080e-06
105005000	1.788864e-06
105010000	1.743494e-06
105015000	2.757708e-06
105020000	1.941021e-06
105025000	1.934931e-06
105030000	1.939082e-06
105035000	1.970466e-06
105040000	1.660918e-06
105045000	2.082779e-06
105050000	2.019017e-06
105055000	2.351820e-06
105060000	2.328580e-06
105065000	2.101038e-06
105070000	2.014724e-06
105075000	2.138069e-06
105080000	2.037519e-06
105085000	1.951771e-06
105090000	1.864728e-06
105095000	1.730690e-06
105100000	1.910725e-06
105105000	2.152829e-06
105110000	1.945891e-06
105115000	1.974409e-06
105120000	1.995872e-06
105125000	1.654775e-06
105130000	1.990157e-06
105135000	2.306622e-06
105140000	1.536263e-06
105145000	2.300136e-06
105150000	2.174081e-06
105155000	2.293929e-06
105160000	2.043312e-06
105165000	1.804090e-06
105170000	2.077883e-06
105175000	1.770947e-06
105180000	2.182756e-06
105185000	2.044527e-06
105190000	1.777628e-06
105195000	2.296545e-06
105200000	2.084368e-06
105205000	2.324019e-06
105210000	1.934400e-06
105215000	2.012157e-06
105220000	1.915901e-06
105225000	1.675124e-06
105230000	1.693635e-06
105235000	1.806930e-06
105240000	2.326188e-06
105245000	2.099357e-06
105250000	2.394118e-06
105255000	2.114379e-06
105260000	1.669184e-06
105265000	1.475454e-06
105270000	1.984857e-06
105275000	1.924028e-06
105280000	1.733808e-06
105285000	2.144359e-06
105290000	1.867040e-06
105295000	1.861894e-06
105300000	2.136159e-06
105305000	2.373171e-06
105310000	1.781642e-06
105315000	1.643073e-06
105320000	1.912061e-06
105325000	1.659274e-06
105330000	1.804009e-06
105335000	2.215851e-06
105340000	1.754442e-06
105345000	1.811755e-06
105350000	2.518210e-06
105355000	1.769997e-06
105360000	2.080394e-06
105365000	2.310338e-06
105370000	2.109590e-06
105375000	1.858952e-06
105380000	2.100056e-06
105385000	2.118681e-06
105390000	1.613003e-06
105395000	2.269736e-06
105400000	2.123813e-06
105405000	2.027559e-06
105410000	1.931845e-06
105415000	1.861749e-06
105420000	1.765200e-06
105425000	1.612874e-06
105430000	1.610699e-06
105435000	2.133276e-06
105440000	2.066853e-06
105445000	1.680669e-06
105450000	1.877542e-06
105455000	2.058682e-06
105460000	2.026895e-06
105465000	2.061380e-06
105470000	1.530221e-06
105475000	2.075626e-06
105480000	2.056724e-06
105485000	2.130117e-06
105490000	2.311676e-06
105495000	1.953236e-06
105500000	2.003350e-06
105505000	2.070000e-06
105510000	1.886975e-06
105515000	2.239422e-06
105520000	1.806005e-06
105525000	1.877207e-06
105530000	2.346274e-06
105535000	2.003186e-06
105540000	2.595752e-06
105545000	2.172657e-06
105550000	2.289093e-06
105555000	1.873486e-06
105560000	2.180232e-06
105565000	2.067538e-06
105570000	1.616719e-06
105575000	2.276380e-06
105580000	1.628475e-06
105585000	1.541999e-06
105590000	2.015956e-06
105595000	1.773710e-06
105600000	2.216740e-06
105605000	2.253904e-06
105610000	2.251680e-06
105615000	2.226418e-06
105620000	1.783384e-06
105625000	2.058513e-06
105630000	1.861349e-06
105635000	1.903107e-06
105640000	1.972676e-06
105645000	1.937308e-06
105650000	2.253880e-06
105655000	1.879338e-06
105660000	2.270484e-06
105665000	1.959494e-06
105670000	2.221624e-06
105675000	2.101484e-06
105680000	1.843691e-06
105685000	1.958780e-06
105690000	2.115471e-06
105695000	2.238975e-06
105700000	2.021738e-06
105705000	1.650933e-06
105710000	2.058676e-06
105715000	1.836819e-06
105720000	1.952619e-06
105725000	1.763377e-06
105730000	1.950794e-06
105735000	2.256114e-06
105740000	1.774023e-06
105745000	1.767262e-06
105750000	2.095341e-06
105755000	1.712935e-06
105760000	1.834882e-06
105765000	1.974008e-06
105770000	1.979008e-06
105775000	1.803647e-06
105780000	1.871146e-06
105785000	2.099637e-06
105790000	2.145959e-06
105795000	1.702717e-06
105800000	1.944268e-06
105805000	1.954142e-06
105810000	1.568764e-06
105815000	2.113255e-06
105820000	1.880488e-06
105825000	2.007163e-06
105830000	1.991683e-06
105835000	2.073587e-06
105840000	1.727178e-06
105845000	1.899320e-06
105850000	1.686975e-06
105855000	2.277191e-06
105860000	1.626743e-06
105865000	1.700390e-06
105870000	1.665169e-06
105875000	1.976800e-06
105880000	2.208212e-06
105885000	2.127603e-06
105890000	2.448883e-06
105895000	2.357121e-06
105900000	1.937504e-06
105905000	2.376016e-06
105910000	1.972196e-06
105915000	1.807934e-06
105920000	2.311427e-06
105925000	1.830019e-06
105930000	1.538254e-06
105935000	1.631721e-06
105940000	1.760172e-06
105945000	2.041860e-06
105950000	1.871942e-06
105955000	2.088640e-06
105960000	2.011970e-06
105965000	1.625722e-06
105970000	1.863904e-06
105975000	2.132762e-06
105980000	1.629421e-06
105985000	2.089932e-06
105990000	2.142214e-06
105995000	1.877482e-06
106000000	2.136669e-06
106005000	2.278704e-06
106010000	2.518028e-06
106015000	1.353454e-06
106020000	2.198774e-06
106025000	2.467606e-06
106030000	1.981092e-06
106035000	1.967940e-06
106040000	1.979302e-06
106045000	1.941095e-06
106050000	1.846576e-06
106055000	2.115252e-06
106060000	1.529029e-06
106065000	1.229813e-06
106070000	2.325962e-06
106075000	2.193359e-06
106080000	2.133519e-06
106085000	2.011953e-06
106090000	2.070982e-06
106095000	1.964413e-06
106100000	2.108968e-06
106105000	2.015593e-06
106110000	2.260641e-06
106115000	2.267279e-06
106120000	2.019456e-06
106125000	1.672184e-06
106130000	1.874918e-06
106135000	2.115674e-06
106140000	1.648632e-06
106145000	1.933637e-06
106150000	1.932395e-06
106155000	1.776477e-06
106160000	1.856228e-06
106165000	1.763535e-06
106170000	1.816093e-06
106175000	2.031680e-06
106180000	1.910816e-06
106185000	1.779833e-06
106190000	2.102575e-06
106195000	1.796701e-06
106200000	2.013198e-06
106205000	1.973291e-06
106210000	1.899911e-06
106215000	1.839991e-06
106220000	2.272123e-06
106225000	1.857936e-06
106230000	1.877813e-06
106235000	2.200933e-06
106240000	2.265399e-06
106245000	1.396089e-06
106250000	1.716365e-06
106255000	1.710556e-06
106260000	1.944475e-06
106265000	1.384022e-06
106270000	1.826495e-06
106275000	2.219400e-06
106280000	2.295230e-06
106285000	1.850716e-06
106290000	1.895003e-06
106295000	1.641183e-06
106300000	1.911156e-06
106305000	1.862470e-06
106310000	2.311267e-06
106315000	1.906309e-06
106320000	2.090644e-06
106325000	1.746523e-06
106330000	2.262002e-06
106335000	1.928132e-06
106340000	1.766519e-06
106345000	1.861595e-06
106350000	2.204521e-06
106355000	1.782022e-06
106360000	2.144686e-06
106365000	1.867283e-06
106370000	1.971186e-06
106375000	2.147536e-06
106380000	1.809956e-06
106385000	1.836080e-06
106390000	2.043158e-06
106395000	1.639402e-06
106400000	1.354738e-06
106405000	1.834956e-06
106410000	1.622326e-06
106415000	1.724448e-06
106420000	2.139912e-06
106425000	1.865069e-06
106430000	1.800669e-06
106435000	2.095300e-06
106440000	1.721860e-06
106445000	2.045850e-06
106450000	1.884580e-06
106455000	2.129961e-06
106460000	2.071533e-06
106465000	1.737838e-06
106470000	1.676198e-06
106475000	2.052678e-06
106480000	1.676549e-06
106485000	1.907447e-06
106490000	1.960641e-06
106495000	1.877617e-06
106500000	2.086200e-06
106505000	1.845899e-06
106510000	2.171939e-06
106515000	2.329044e-06
106520000	1.626044e-06
106525000	2.233054e-06
106530000	2.146372e-06
106535000	2.358171e-06
106540000	1.453436e-06
106545000	2.225496e-06
106550000	1.957492e-06
106555000	1.956231e-06
106560000	1.787768e-06
106565000	1.913019e-06
106570000	1.549319e-06
106575000	1.662474e-06
106580000	2.000378e-06
106585000	1.485275e-06
106590000	2.266964e-06
106595000	1.487485e-06
106600000	1.895797e-06
106605000	2.166823e-06
106610000	1.987746e-06
106615000	1.834207e-06
106620000	1.865001e-06
106625000	2.357812e-06
106630000	1.606069e-06
106635000	1.650246e-06
106640000	1.856094e-06
106645000	1.995840e-06
106650000	1.874769e-06
106655000	1.439851e-06
106660000	1.707117e-06
106665000	1.830205e-06
106670000	2.331703e-06
106675000	1.806920e-06
106680000	1.772654e-06
106685000	1.814650e-06
106690000	1.980123e-06
106695000	1.568188e-06
106700000	2.301648e-06
106705000	1.467518e-06
106710000	1.828158e-06
106715000	2.064284e-06
106720000	2.151708e-06
106725000	1.859758e-06
106730000	1.915254e-06
106735000	2.431754e-06
106740000	1.938250e-06
106745000	1.579443e-06
106750000	1.801086e-06
106755000	2.016907e-06
106760000	1.928444e-06
106765000	2.019634e-06
106770000	2.028714e-06
106775000	1.955476e-06
106780000	2.518601e-06
106785000	2.129566e-06
106790000	1.295102e-06
106795000	1.729181e-06
106800000	1.601148e-06
106805000	1.928922e-06
106810000	2.039323e-06
106815000	2.095197e-06
106820000	1.890295e-06
106825000	1.820741e-06
106830000	1.731614e-06
106835000	1.880426e-06
106840000	1.892425e-06
106845000	2.145738e-06
106850000	1.960583e-06
106855000	2.109150e-06
106860000	1.856609e-06
106865000	1.962267e-06
106870000	2.005527e-06
106875000	2.181552e-06
106880000	1.970364e-06
106885000	2.183593e-06
106890000	1.980332e-06
106895000	2.118930e-06
106900000	2.135963e-06
106905000	1.831785e-06
106910000	2.401343e-06
106915000	2.047103e-06
106920000	1.666635e-06
106925000	1.777569e-06
106930000	1.954281e-06
106935000	1.840235e-06
106940000	1.963121e-06
106945000	2.072624e-06
106950000	2.238943e-06
106955000	1.933744e-06
106960000	1.957443e-06
106965000	1.942591e-06
106970000	2.048687e-06
106975000	1.666223e-06
106980000	1.811209e-06
106985000	2.157264e-06
106990000	1.678375e-06
106995000	1.560518e-06
107000000	1.820373e-06
107005000	1.761848e-06
107010000	1.896060e-06
107015000	1.673169e-06
107020000	1.788263e-06
107025000	1.767434e-06
107030000	1.608660e-06
107035000	1.820091e-06
107040000	1.759387e-06
107045000	2.185381e-06
107050000	1.984340e-06
107055000	1.665930e-06
107060000	2.109055e-06
107065000	2.246118e-06
107070000	2.189862e-06
107075000	1.696928e-06
107080000	2.307288e-06
107085000	1.639683e-06
107090000	2.007384e-06
107095000	2.102437e-06
107100000	1.878292e-06
107105000	2.068702e-06
107110000	1.960812e-06
107115000	2.002596e-06
107120000	2.032957e-06
107125000	1.836968e-06
107130000	2.076538e-06
107135000	1.572949e-06
107140000	1.723555e-06
107145000	2.100590e-06
107150000	2.071661e-06
107155000	2.128335e-06
107160000	2.042642e-06
107165000	2.213643e-06
107170000	2.099667e-06
107175000	1.585469e-06
107180000	1.805882e-06
107185000	1.634841e-06
107190000	2.095839e-06
107195000	2.149002e-06
107200000	1.931280e-06
107205000	1.532576e-06
107210000	1.918237e-06
107215000	1.829672e-06
107220000	1.826391e-06
107225000	1.763470e-06
107230000	1.833271e-06
107235000	1.772694e-06
107240000	1.918397e-06
107245000	1.872526e-06
107250000	1.817470e-06
107255000	2.168493e-06
107260000	1.739002e-06
107265000	1.864898e-06
107270000	2.072514e-06
107275000	1.666029e-06
107280000	1.911428e-06
107285000	1.718427e-06
107290000	2.045439e-06
107295000	2.516618e-06
107300000	2.061264e-06
107305000	1.727737e-06
107310000	2.024677e-06
107315000	2.093853e-06
107320000	1.835609e-06
107325000	2.002620e-06
107330000	2.087786e-06
107335000	1.801279e-06
107340000	2.107995e-06
107345000	1.911828e-06
107350000	1.357396e-06
107355000	1.808305e-06
107360000	1.864766e-06
107365000	1.664398e-06
107370000	2.108390e-06
107375000	1.664670e-06
107380000	1.728874e-06
107385000	1.815202e-06
107390000	1.882617e-06
107395000	2.107735e-06
107400000	1.645396e-06
107405000	1.900811e-06
107410000	1.884501e-06
107415000	2.004013e-06
107420000	2.236092e-06
107425000	2.171299e-06
107430000	1.521534e-06
107435000	1.690675e-06
107440000	1.935407e-06
107445000	2.187320e-06
107450000	1.985243e-06
107455000	2.004091e-06
107460000	1.803407e-06
107465000	1.963098e-06
107470000	1.985709e-06
107475000	1.971559e-06
107480000	2.082890e-06
107485000	1.950584e-06
107490000	1.874554e-06
107495000	1.798573e-06
107500000	2.199675e-06
107505000	1.938840e-06
107510000	1.970790e-06
107515000	1.682714e-06
107520000	1.767264e-06
107525000	1.916193e-06
107530000	2.150757e-06
107535000	2.021548e-06
107540000	1.848770e-06
107545000	1.459635e-06
107550000	1.760443e-06
107555000	2.022853e-06
107560000	1.878253e-06
107565000	2.005196e-06
107570000	1.938396e-06
107575000	1.948140e-06
107580000	2.083922e-06
107585000	1.899069e-06
107590000	1.646074e-06
107595000	1.838100e-06
107600000	1.543787e-06
107605000	2.084497e-06
107610000	1.838547e-06
107615000	1.525851e-06
107620000	1.898576e-06
107625000	1.955617e-06
107630000	1.883606e-06
107635000	1.769339e-06
107640000	2.118006e-06
107645000	2.001835e-06
107650000	1.841418e-06
107655000	1.406900e-06
107660000	2.048862e-06
107665000	1.936389e-06
107670000	1.663323e-06
107675000	1.928040e-06
107680000	1.729191e-06
107685000	1.640951e-06
107690000	1.977761e-06
107695000	1.764206e-06
107700000	2.036759e-06
107705000	2.066825e-06
107710000	1.450284e-06
107715000	1.813136e-06
107720000	1.648520e-06
107725000	1.928520e-06
107730000	1.680810e-06
107735000	1.933893e-06
107740000	1.764807e-06
107745000	1.957195e-06
107750000	1.767038e-06
107755000	1.444429e-06
107760000	2.013356e-06
107765000	1.792335e-06
107770000	2.109508e-06
107775000	2.326343e-06
107780000	1.898805e-06
107785000	1.687711e-06
107790000	1.934390e-06
107795000	1.725410e-06
107800000	1.782010e-06
107805000	1.837006e-06
107810000	1.638348e-06
107815000	1.854818e-06
107820000	1.859888e-06
107825000	1.879113e-06
107830000	1.560492e-06
107835000	1.899298e-06
107840000	1.976080e-06
107845000	2.289442e-06
107850000	1.641663e-06
107855000	2.056449e-06
107860000	1.432562e-06
107865000	1.757319e-06
107870000	1.661790e-06
107875000	1.913002e-06
107880000	1.619713e-06
107885000	1.862759e-06
107890000	1.744229e-06
107895000	1.923181e-06
107900000	2.152624e-06
107905000	1.891810e-06
107910000	1.706771e-06
107915000	1.627145e-06
107920000	2.205967e-06
107925000	1.634684e-06
107930000	1.574749e-06
107935000	2.086566e-06
107940000	1.461470e-06
107945000	1.457783e-06
107950000	2.011079e-06
107955000	1.773624e-06
107960000	1.564757e-06
107965000	2.162764e-06
107970000	1.652882e-06
107975000	1.992737e-06
107980000	2.132067e-06
107985000	1.680713e-06
107990000	2.088816e-06
107995000	1.698286e-06
108000000	1.747435e-06
108005000	2.024986e-06
108010000	1.644980e-06
108015000	1.883024e-06
108020000	1.817021e-06
108025000	1.981265e-06
108030000	1.805943e-06
108035000	1.781608e-06
108040000	1.450491e-06
108045000	1.603806e-06
108050000	1.585147e-06
108055000	1.623563e-06
108060000	1.885216e-06
108065000	2.035279e-06
108070000	1.774499e-06
108075000	2.099913e-06
108080000	1.813191e-06
108085000	1.755473e-06
108090000	2.199376e-06
108095000	1.867664e-06
108100000	1.963239e-06
108105000	2.098451e-06
108110000	1.294573e-06
108115000	1.927539e-06
108120000	1.942390e-06
108125000	2.052082e-06
108130000	1.522007e-06
108135000	1.506930e-06
108140000	1.788260e-06
108145000	2.046591e-06
108150000	1.745072e-06
108155000	1.858469e-06
108160000	2.155542e-06
108165000	1.438965e-06
108170000	1.783959e-06
108175000	1.503490e-06
108180000	1.538071e-06
108185000	2.172965e-06
108190000	2.084496e-06
108195000	1.677564e-06
108200000	1.353043e-06
108205000	2.175686e-06
108210000	2.169449e-06
108215000	1.951991e-06
108220000	1.482822e-06
108225000	1.716663e-06
108230000	1.748135e-06
108235000	1.927056e-06
108240000	1.834955e-06
108245000	2.225670e-06
108250000	2.008794e-06
108255000	2.176044e-06
108260000	2.127187e-06
108265000	1.765591e-06
108270000	2.159461e-06
108275000	1.612268e-06
108280000	2.093537e-06
108285000	1.927406e-06
108290000	1.737176e-06
108295000	1.563738e-06
108300000	1.781796e-06
108305000	1.631569e-06
108310000	1.742138e-06
108315000	1.717782e-06
108320000	2.234689e-06
108325000	1.877345e-06
108330000	1.946272e-06
108335000	2.362225e-06
108340000	2.006492e-06
108345000	1.631523e-06
108350000	1.698761e-06
108355000	1.837379e-06
108360000	1.763639e-06
108365000	1.356305e-06
108370000	1.885665e-06
108375000	1.986817e-06
108380000	1.721789e-06
108385000	1.933796e-06
108390000	1.660553e-06
108395000	1.830030e-06
108400000	1.970155e-06
108405000	1.551756e-06
108410000	1.449970e-06
108415000	1.884861e-06
108420000	1.657506e-06
108425000	1.699846e-06
108430000	1.964680e-06
108435000	1.512505e-06
108440000	2.040708e-06
108445000	1.516307e-06
108450000	1.646893e-06
108455000	1.967197e-06
108460000	1.769486e-06
108465000	1.935261e-06
108470000	2.044916e-06
108475000	1.715721e-06
108480000	1.637551e-06
108485000	1.837369e-06
108490000	2.016486e-06
108495000	1.367039e-06
108500000	1.938559e-06
108505000	2.281830e-06
108510000	1.844584e-06
108515000	2.148795e-06
108520000	1.728092e-06
108525000	2.102905e-06
108530000	1.737665e-06
108535000	1.793697e-06
108540000	1.747337e-06
108545000	1.719296e-06
108550000	1.915353e-06
108555000	1.518216e-06
108560000	1.840552e-06
108565000	1.759643e-06
108570000	2.346044e-06
108575000	1.548362e-06
108580000	1.530482e-06
108585000	1.868307e-06
108590000	1.783090e-06
108595000	1.695302e-06
108600000	1.502170e-06
108605000	1.632315e-06
108610000	1.621106e-06
108615000	1.736501e-06
108620000	1.605362e-06
108625000	1.932648e-06
108630000	1.717701e-06
108635000	1.763923e-06
108640000	1.708874e-06
108645000	1.970780e-06
108650000	1.898942e-06
108655000	1.821344e-06
108660000	1.754123e-06
108665000	1.947635e-06
108670000	1.671267e-06
108675000	2.316344e-06
108680000	1.409908e-06
108685000	2.178006e-06
108690000	1.906201e-06
108695000	2.129241e-06
108700000	2.208088e-06
108705000	2.025374e-06
108710000	2.219655e-06
108715000	1.875084e-06
108720000	1.496242e-06
108725000	1.658859e-06
108730000	1.481548e-06
108735000	1.909568e-06
108740000	1.960480e-06
108745000	2.017459e-06
108750000	2.170919e-06
108755000	1.600384e-06
108760000	1.839143e-06
108765000	1.739738e-06
108770000	1.623293e-06
108775000	2.055711e-06
108780000	1.555514e-06
108785000	1.687608e-06
108790000	1.668345e-06
108795000	1.792731e-06
108800000	1.712045e-06
108805000	1.771166e-06
108810000	2.129240e-06
108815000	1.971079e-06
108820000	2.019599e-06
108825000	1.827835e-06
108830000	2.081696e-06
108835000	1.407403e-06
108840000	2.263442e-06
108845000	1.767339e-06
108850000	1.654265e-06
108855000	1.896861e-06
108860000	1.925372e-06
108865000	1.722220e-06
108870000	1.584479e-06
108875000	1.890079e-06
108880000	1.959787e-06
108885000	1.743629e-06
108890000	1.693192e-06
108895000	2.023063e-06
108900000	1.501737e-06
108905000	1.749420e-06
108910000	1.696213e-06
108915000	2.124157e-06
108920000	1.577509e-06
108925000	1.768761e-06
108930000	1.980183e-06
108935000	1.897301e-06
108940000	2.084773e-06
108945000	1.822952e-06
108950000	2.077475e-06
108955000	1.537794e-06
108960000	1.748429e-06
108965000	1.886014e-06
108970000	1.718277e-06
108975000	1.625158e-06
108980000	1.960695e-06
108985000	1.669846e-06
108990000	1.650424e-06
108995000	1.662036e-06
109000000	1.601014e-06
109005000	1.552077e-06
109010000	1.680080e-06
109015000	1.650013e-06
109020000	2.212268e-06
109025000	1.662279e-06
109030000	1.795434e-06
109035000	1.559928e-06
109040000	1.353729e-06
109045000	1.436350e-06
109050000	1.449772e-06
109055000	1.903672e-06
109060000	1.523698e-06
109065000	1.962639e-06
109070000	1.697687e-06
109075000	1.530934e-06
109080000	1.950022e-06
109085000	2.156674e-06
109090000	1.358041e-06
109095000	1.564923e-06
109100000	1.929592e-06
109105000	1.772079e-06
109110000	1.909433e-06
109115000	1.740281e-06
109120000	1.862703e-06
109125000	1.661595e-06
109130000	1.715567e-06
109135000	1.707125e-06
109140000	1.906148e-06
109145000	1.937670e-06
109150000	2.016378e-06
109155000	1.353561e-06
109160000	1.974764e-06
109165000	1.744661e-06
109170000	1.535899e-06
109175000	1.412756e-06
109180000	2.145911e-06
109185000	1.738763e-06
109190000	1.711741e-06
109195000	1.864513e-06
109200000	2.091971e-06
109205000	1.898194e-06
109210000	1.778771e-06
109215000	1.596871e-06
109220000	1.629035e-06
109225000	1.659945e-06
109230000	1.865954e-06
109235000	1.129531e-06
109240000	1.844150e-06
109245000	1.797850e-06
109250000	2.031445e-06
109255000	1.514914e-06
109260000	1.836036e-06
109265000	1.649567e-06
109270000	1.643906e-06
109275000	1.966586e-06
109280000	1.675840e-06
109285000	1.650872e-06
109290000	1.715643e-06
109295000	1.596475e-06
109300000	1.781808e-06
109305000	1.956582e-06
109310000	2.412592e-06
109315000	1.601559e-06
109320000	1.579627e-06
109325000	1.514533e-06
109330000	1.677648e-06
109335000	1.596819e-06
109340000	1.761602e-06
109345000	1.486041e-06
109350000	1.746065e-06
109355000	1.768564e-06
109360000	1.639847e-06
109365000	1.449351e-06
109370000	1.638599e-06
109375000	1.662393e-06
109380000	1.959125e-06
109385000	2.026270e-06
109390000	1.770455e-06
109395000	1.357999e-06
109400000	1.532924e-06
109405000	1.807302e-06
109410000	1.543048e-06
109415000	1.808421e-06
109420000	1.505543e-06
109425000	1.577759e-06
109430000	1.504356e-06
109435000	1.488290e-06
109440000	1.648719e-06
109445000	1.619950e-06
109450000	1.617821e-06
109455000	1.490537e-06
109460000	1.514485e-06
109465000	1.969350e-06
109470000	1.539706e-06
109475000	1.755699e-06
109480000	1.497776e-06
109485000	1.813222e-06
109490000	1.595333e-06
109495000	1.809084e-06
109500000	1.983062e-06
109505000	1.902993e-06
109510000	1.628690e-06
109515000	1.983303e-06
109520000	1.641769e-06
109525000	1.655092e-06
109530000	1.817999e-06
109535000	2.001453e-06
109540000	2.135143e-06
109545000	1.463003e-06
109550000	1.741049e-06
109555000	1.565175e-06
109560000	1.961888e-06
109565000	1.708673e-06
109570000	1.515506e-06
109575000	1.769414e-06
109580000	1.381529e-06
109585000	1.832669e-06
109590000	1.808008e-06
109595000	2.011198e-06
109600000	1.966501e-06
109605000	1.616999e-06
109610000	1.601037e-06
109615000	1.208997e-06
109620000	1.653383e-06
109625000	1.820879e-06
109630000	1.767314e-06
109635000	1.540761e-06
109640000	1.650776e-06
109645000	1.765175e-06
109650000	1.736441e-06
109655000	1.570379e-06
109660000	1.267731e-06
109665000	1.454303e-06
109670000	1.964805e-06
109675000	1.715614e-06
109680000	2.155668e-06
109685000	1.984458e-06
109690000	1.229663e-06
109695000	1.601054e-06
109700000	1.744961e-06
109705000	1.809226e-06
109710000	1.247854e-06
109715000	1.473575e-06
109720000	1.756675e-06
109725000	1.593195e-06
109730000	1.793235e-06
109735000	1.666977e-06
109740000	1.772721e-06
109745000	1.838076e-06
109750000	1.590810e-06
109755000	1.823247e-06
109760000	1.736592e-06
109765000	1.541345e-06
109770000	1.805213e-06
109775000	1.329484e-06
109780000	1.693754e-06
109785000	1.621620e-06
109790000	1.538380e-06
109795000	1.625550e-06
109800000	1.372052e-06
109805000	1.569628e-06
109810000	1.916597e-06
109815000	1.986061e-06
109820000	2.009013e-06
109825000	1.874383e-06
109830000	1.401885e-06
109835000	1.481481e-06
109840000	1.796080e-06
109845000	1.721513e-06
109850000	1.666436e-06
109855000	1.539386e-06
109860000	1.581418e-06
109865000	1.870344e-06
109870000	1.329115e-06
109875000	1.579647e-06
109880000	1.530939e-06
109885000	1.641554e-06
109890000	1.437206e-06
109895000	1.690817e-06
109900000	1.699349e-06
109905000	1.753139e-06
109910000	1.483759e-06
109915000	1.782485e-06
109920000	1.512915e-06
109925000	1.762853e-06
109930000	1.562403e-06
109935000	1.698288e-06
109940000	1.931633e-06
109945000	1.538553e-06
109950000	1.731776e-06
109955000	1.504181e-06
109960000	1.651929e-06
109965000	1.731578e-06
109970000	1.305469e-06
109975000	9.237205e-07
109980000	1.408938e-06
109985000	1.501090e-06
109990000	1.259578e-06
109995000	1.577815e-06
110000000	1.308703e-06
110005000	1.521624e-06
110010000	1.544481e-06
110015000	1.527298e-06
110020000	1.515921e-06
110025000	1.598707e-06
110030000	1.632210e-06
110035000	1.479213e-06
110040000	1.528811e-06
110045000	1.570419e-06
110050000	1.563980e-06
110055000	1.658065e-06
110060000	1.928316e-06
110065000	1.349782e-06
110070000	1.483490e-06
110075000	1.716692e-06
110080000	1.374837e-06
110085000	1.525910e-06
110090000	1.761907e-06
110095000	1.374924e-06
110100000	1.922162e-06
110105000	1.650078e-06
110110000	1.481667e-06
110115000	1.450630e-06
110120000	1.256890e-06
110125000	1.844762e-06
110130000	1.775650e-06
110135000	1.595599e-06
110140000	1.337633e-06
110145000	1.860525e-06
110150000	1.497395e-06
110155000	1.417996e-06
110160000	1.267931e-06
110165000	1.836719e-06
110170000	1.854404e-06
110175000	1.488827e-06
110180000	2.085331e-06
110185000	1.713703e-06
110190000	1.234671e-06
110195000	1.368944e-06
110200000	1.567742e-06
110205000	1.512569e-06
110210000	1.955698e-06
110215000	1.433742e-06
110220000	1.566416e-06
110225000	1.183051e-06
110230000	1.803329e-06
110235000	1.927258e-06
110240000	1.450489e-06
110245000	1.300601e-06
110250000	1.481943e-06
110255000	1.475931e-06
110260000	1.479063e-06
110265000	1.383453e-06
110270000	1.877906e-06
110275000	1.640709e-06
110280000	1.396593e-06
110285000	1.492384e-06
110290000	1.451594e-06
110295000	1.637698e-06
110300000	1.393125e-06
110305000	1.343240e-06
110310000	1.682901e-06
110315000	1.684607e-06
110320000	1.663764e-06
110325000	2.006773e-06
110330000	1.330583e-06
110335000	1.573203e-06
110340000	1.472298e-06
110345000	1.591890e-06
110350000	1.689021e-06
110355000	1.594577e-06
110360000	1.774092e-06
110365000	1.979987e-06
110370000	1.582474e-06
110375000	1.937151e-06
110380000	1.439617e-06
110385000	1.456960e-06
110390000	1.605755e-06
110395000	1.595459e-06
110400000	2.037776e-06
110405000	1.570398e-06
110410000	1.559975e-06
110415000	2.029912e-06
110420000	1.493468e-06
110425000	1.648924e-06
110430000	1.338838e-06
110435000	1.581003e-06
110440000	1.738600e-06
110445000	1.472858e-06
110450000	1.769902e-06
110455000	1.674320e-06
110460000	1.615323e-06
110465000	1.809976e-06
110470000	1.881063e-06
110475000	1.305652e-06
110480000	1.631847e-06
110485000	1.608222e-06
110490000	1.469570e-06
110495000	1.560752e-06
110500000	1.355238e-06
110505000	1.333134e-06
110510000	1.683169e-06
110515000	1.656290e-06
110520000	1.610697e-06
110525000	1.641476e-06
110530000	1.706331e-06
110535000	1.222615e-06
110540000	1.621611e-06
110545000	1.613243e-06
110550000	1.524243e-06
110555000	1.479922e-06
110560000	1.895493e-06
110565000	1.640829e-06
110570000	1.529598e-06
110575000	1.760317e-06
110580000	1.621022e-06
110585000	1.677742e-06
110590000	1.714406e-06
110595000	1.502114e-06
110600000	1.570787e-06
110605000	1.552550e-06
110610000	1.531968e-06
110615000	1.772462e-06
110620000	1.534360e-06
110625000	1.281982e-06
110630000	1.359328e-06
110635000	1.676394e-06
110640000	1.515016e-06
110645000	1.519173e-06
110650000	1.402491e-06
110655000	1.488457e-06
110660000	1.664206e-06
110665000	2.229364e-06
110670000	1.550729e-06
110675000	2.068066e-06
110680000	1.280892e-06
110685000	1.467261e-06
110690000	1.810053e-06
110695000	2.119589e-06
110700000	1.747707e-06
110705000	1.561064e-06
110710000	1.473821e-06
110715000	1.157612e-06
110720000	1.813386e-06
110725000	2.017663e-06
110730000	1.570361e-06
110735000	1.195743e-06
110740000	1.313701e-06
110745000	1.563595e-06
110750000	1.846013e-06
110755000	2.074460e-06
110760000	1.410176e-06
110765000	1.607190e-06
110770000	1.656221e-06
110775000	1.432328e-06
110780000	1.754988e-06
110785000	1.760476e-06
110790000	1.418220e-06
110795000	1.704182e-06
110800000	1.434644e-06
110805000	1.546988e-06
110810000	1.353900e-06
110815000	1.229624e-06
110820000	1.666605e-06
110825000	1.872398e-06
110830000	1.628503e-06
110835000	1.592762e-06
110840000	1.643161e-06
110845000	1.722492e-06
110850000	1.748857e-06
110855000	1.307686e-06
110860000	1.352541e-06
110865000	1.553518e-06
110870000	1.180749e-06
110875000	1.477278e-06
110880000	1.825835e-06
110885000	1.657770e-06
110890000	1.326380e-06
110895000	1.717426e-06
110900000	2.004751e-06
110905000	1.422940e-06
110910000	1.448344e-06
110915000	1.224958e-06
110920000	1.988810e-06
110925000	1.398238e-06
110930000	1.388905e-06
110935000	1.768185e-06
110940000	1.601017e-06
110945000	1.409477e-06
110950000	1.628608e-06
110955000	2.069381e-06
110960000	1.740146e-06
110965000	1.605762e-06
110970000	1.722696e-06
110975000	1.517582e-06
110980000	1.765358e-06
110985000	1.858233e-06
110990000	1.952031e-06
110995000	1.420108e-06
111000000	1.860803e-06
111005000	1.594180e-06
111010000	1.399576e-06
111015000	1.613810e-06
111020000	1.661296e-06
111025000	1.575754e-06
111030000	1.644266e-06
111035000	1.494559e-06
111040000	1.503744e-06
111045000	1.595931e-06
111050000	1.539941e-06
111055000	1.491036e-06
111060000	1.744323e-06
111065000	1.837307e-06
111070000	1.793318e-06
111075000	1.789040e-06
111080000	1.365570e-06
111085000	1.752561e-06
111090000	1.423961e-06
111095000	1.540549e-06
111100000	1.443437e-06
111105000	1.676457e-06
111110000	1.420596e-06
111115000	1.422902e-06
111120000	1.339926e-06
111125000	1.918386e-06
111130000	1.875431e-06
111135000	1.543658e-06
111140000	1.249060e-06
111145000	1.608031e-06
111150000	1.971882e-06
111155000	1.663798e-06
111160000	1.908330e-06
111165000	1.806754e-06
111170000	1.857351e-06
111175000	1.695696e-06
111180000	1.339134e-06
111185000	1.589310e-06
111190000	2.002549e-06
111195000	1.593760e-06
111200000	1.481901e-06
111205000	1.301736e-06
111210000	1.359425e-06
111215000	1.742678e-06
111220000	1.440450e-06
111225000	1.642588e-06
111230000	1.231779e-06
111235000	1.927097e-06
111240000	1.423309e-06
111245000	1.591077e-06
111250000	1.787562e-06
111255000	1.759083e-06
111260000	1.567646e-06
111265000	1.658251e-06
111270000	2.043029e-06
111275000	1.526153e-06
111280000	1.534649e-06
111285000	1.413461e-06
111290000	1.961976e-06
111295000	1.530290e-06
111300000	1.523311e-06
111305000	1.514783e-06
111310000	1.858180e-06
111315000	1.596602e-06
111320000	2.106589e-06
111325000	1.652984e-06
111330000	1.819702e-06
111335000	1.528275e-06
111340000	1.470414e-06
111345000	1.134009e-06
111350000	1.213458e-06
111355000	1.678173e-06
111360000	1.417072e-06
111365000	1.333830e-06
111370000	1.564131e-06
111375000	1.755579e-06
111380000	1.501590e-06
111385000	1.839464e-06
111390000	1.431718e-06
111395000	1.419538e-06
111400000	1.766115e-06
111405000	1.332965e-06
111410000	1.284597e-06
111415000	1.602777e-06
111420000	1.407479e-06
111425000	1.686071e-06
111430000	1.509974e-06
111435000	1.259093e-06
111440000	1.189048e-06
111445000	1.683952e-06
111450000	1.558514e-06
111455000	1.647102e-06
111460000	1.792242e-06
111465000	1.898830e-06
111470000	1.743091e-06
111475000	1.738595e-06
111480000	1.450219e-06
111485000	1.352417e-06
111490000	1.573430e-06
111495000	1.307660e-06
111500000	1.550184e-06
111505000	1.849627e-06
111510000	1.633541e-06
111515000	1.916457e-06
111520000	1.624520e-06
111525000	1.782465e-06
111530000	1.615483e-06
111535000	1.292320e-06
111540000	1.411510e-06
111545000	1.410981e-06
111550000	1.405772e-06
111555000	1.712548e-06
111560000	1.347236e-06
111565000	1.361939e-06
111570000	1.718457e-06
111575000	1.744843e-06
111580000	1.370618e-06
111585000	1.578128e-06
111590000	1.615035e-06
111595000	1.678088e-06
111600000	1.315994e-06
111605000	1.297831e-06
111610000	1.377434e-06
111615000	1.656713e-06
111620000	1.527376e-06
111625000	1.612637e-06
111630000	1.252482e-06
111635000	1.369124e-06
111640000	1.218180e-06
111645000	1.373476e-06
111650000	1.412026e-06
111655000	1.438560e-06
111660000	1.590338e-06
111665000	1.323888e-06
111670000	1.528484e-06
111675000	1.773892e-06
111680000	1.672288e-06
111685000	1.502433e-06
111690000	1.693322e-06
111695000	1.442641e-06
111700000	1.252592e-06
111705000	1.571995e-06
111710000	1.770844e-06
111715000	1.633255e-06
111720000	1.579768e-06
111725000	1.505361e-06
111730000	1.629686e-06
111735000	1.807950e-06
111740000	1.534976e-06
111745000	1.329351e-06
111750000	1.891244e-06
111755000	1.052178e-06
111760000	1.487828e-06
111765000	1.637623e-06
111770000	1.416108e-06
111775000	1.531095e-06
111780000	1.363798e-06
111785000	1.672588e-06
111790000	1.327418e-06
111795000	1.394144e-06
111800000	1.704227e-06
111805000	1.354911e-06
111810000	1.587391e-06
111815000	1.466243e-06
111820000	1.420048e-06
111825000	1.169391e-06
111830000	1.437501e-06
111835000	1.529403e-06
111840000	1.898525e-06
111845000	1.657196e-06
111850000	1.416251e-06
111855000	1.822266e-06
111860000	1.436146e-06
111865000	1.832277e-06
111870000	1.624578e-06
111875000	1.638831e-06
111880000	1.331282e-06
111885000	1.663713e-06
111890000	1.477758e-06
111895000	1.278958e-06
111900000	1.539694e-06
111905000	1.516736e-06
111910000	1.515466e-06
111915000	1.428825e-06
111920000	1.324436e-06
111925000	1.486527e-06
111930000	1.272514e-06
111935000	1.552199e-06
111940000	1.371341e-06
111945000	1.307719e-06
111950000	1.858848e-06
111955000	1.394333e-06
111960000	1.389777e-06
111965000	1.380751e-06
111970000	1.824589e-06
111975000	1.302234e-06
111980000	1.352565e-06
111985000	1.220787e-06
111990000	1.782950e-06
111995000	1.939467e-06
112000000	1.156770e-06
112005000	1.533341e-06
112010000	1.240561e-06
112015000	1.769113e-06
112020000	1.270167e-06
112025000	1.842335e-06
112030000	1.395571e-06
112035000	1.322277e-06
112040000	1.545436e-06
112045000	1.741288e-06
112050000	1.810633e-06
112055000	1.402725e-06
112060000	1.567025e-06
112065000	1.262433e-06
112070000	1.360743e-06
112075000	1.662153e-06
112080000	1.568967e-06
112085000	1.246221e-06
112090000	1.192860e-06
112095000	1.231119e-06
112100000	1.286418e-06
112105000	1.686889e-06
112110000	1.154869e-06
112115000	1.474252e-06
112120000	2.247515e-06
112125000	1.439357e-06
112130000	1.357604e-06
112135000	1.661803e-06
112140000	1.621458e-06
112145000	1.380512e-06
112150000	1.297242e-06
112155000	1.470691e-06
112160000	1.842985e-06
112165000	1.379845e-06
112170000	1.427178e-06
112175000	1.859644e-06
112180000	1.378333e-06
112185000	1.339206e-06
112190000	1.656885e-06
112195000	1.672895e-06
112200000	1.620871e-06
112205000	1.697232e-06
112210000	1.465089e-06
112215000	1.742987e-06
112220000	1.541686e-06
112225000	1.692309e-06
112230000	1.769077e-06
112235000	1.282005e-06
112240000	1.494104e-06
112245000	1.486965e-06
112250000	1.453124e-06
112255000	1.611223e-06
112260000	1.530672e-06
112265000	1.365613e-06
112270000	1.425583e-06
112275000	1.438225e-06
112280000	1.598036e-06
112285000	1.217014e-06
112290000	1.461757e-06
112295000	1.691831e-06
112300000	1.027124e-06
112305000	1.741701e-06
112310000	1.690571e-06
112315000	1.575784e-06
112320000	1.634256e-06
112325000	1.538014e-06
112330000	1.312753e-06
112335000	1.224707e-06
112340000	1.825234e-06
112345000	1.306210e-06
112350000	1.450310e-06
112355000	1.874889e-06
112360000	1.473872e-06
112365000	1.499960e-06
112370000	1.179239e-06
112375000	1.780473e-06
112380000	1.730462e-06
112385000	1.334030e-06
112390000	1.583028e-06
112395000	1.084582e-06
112400000	1.594327e-06
112405000	1.550377e-06
112410000	1.407218e-06
112415000	1.528089e-06
112420000	1.428472e-06
112425000	1.822315e-06
112430000	1.892910e-06
112435000	1.545257e-06
112440000	1.284135e-06
112445000	1.967022e-06
112450000	1.577513e-06
112455000	1.403937e-06
112460000	1.653380e-06
112465000	1.234476e-06
112470000	1.386908e-06
112475000	1.787618e-06
112480000	1.740122e-06
112485000	1.594676e-06
112490000	1.614666e-06
112495000	1.437454e-06
112500000	1.573589e-06
112505000	1.491710e-06
112510000	1.469148e-06
112515000	1.472063e-06
112520000	1.388068e-06
112525000	1.460416e-06
112530000	1.262720e-06
112535000	1.726102e-06
112540000	1.569128e-06
112545000	1.407106e-06
112550000	1.593421e-06
112555000	1.658621e-06
112560000	1.700024e-06
112565000	1.576881e-06
112570000	1.618873e-06
112575000	1.690900e-06
112580000	1.073181e-06
112585000	1.547050e-06
112590000	1.596056e-06
112595000	1.579364e-06
112600000	1.645664e-06
112605000	1.282044e-06
112610000	1.248507e-06
112615000	1.285712e-06
112620000	1.324645e-06
112625000	1.317062e-06
112630000	1.474217e-06
112635000	1.690231e-06
112640000	1.442976e-06
112645000	1.626336e-06
112650000	1.262718e-06
112655000	1.643283e-06
112660000	1.318416e-06
112665000	1.424613e-06
112670000	1.638559e-06
112675000	1.798988e-06
112680000	1.600018e-06
112685000	1.855349e-06
112690000	1.405903e-06
112695000	1.493339e-06
112700000	1.457791e-06
112705000	1.200825e-06
112710000	1.634784e-06
112715000	1.431188e-06
112720000	1.571601e-06
112725000	1.508741e-06
112730000	1.233754e-06
112735000	1.676000e-06
112740000	1.622567e-06
112745000	1.414806e-06
112750000	1.399316e-06
112755000	1.411683e-06
112760000	1.288938e-06
112765000	1.362640e-06
112770000	1.316521e-06
112775000	1.601483e-06
112780000	1.499276e-06
112785000	1.547815e-06
112790000	1.535015e-06
112795000	1.079156e-06
112800000	1.050870e-06
112805000	1.607448e-06
112810000	1.844360e-06
112815000	1.787771e-06
112820000	1.467455e-06
112825000	1.312601e-06
112830000	1.375528e-06
112835000	1.696842e-06
112840000	1.559761e-06
112845000	1.543402e-06
112850000	1.269560e-06
112855000	1.150797e-06
112860000	1.240112e-06
112865000	1.249960e-06
112870000	1.521121e-06
112875000	1.174624e-06
112880000	1.653995e-06
112885000	1.813056e-06
112890000	1.479216e-06
112895000	1.685983e-06
112900000	1.407786e-06
112905000	1.138377e-06
112910000	1.628156e-06
112915000	1.808922e-06
112920000	1.542537e-06
112925000	1.526743e-06
112930000	1.438261e-06
112935000	1.631110e-06
112940000	1.395774e-06
112945000	1.552822e-06
112950000	1.156520e-06
112955000	1.278114e-06
112960000	1.791628e-06
112965000	1.437501e-06
112970000	1.832197e-06
112975000	1.597830e-06
112980000	1.391033e-06
112985000	1.357923e-06
112990000	1.441333e-06
112995000	1.463889e-06
113000000	1.734342e-06
113005000	1.077848e-06
113010000	1.453421e-06
113015000	1.253754e-06
113020000	1.200246e-06
113025000	1.219216e-06
113030000	1.510486e-06
113035000	1.444696e-06
113040000	1.348453e-06
113045000	1.339069e-06
113050000	1.215177e-06
113055000	1.427005e-06
113060000	1.514600e-06
113065000	1.329899e-06
113070000	1.139120e-06
113075000	1.777924e-06
113080000	1.193895e-06
113085000	1.216027e-06
113090000	1.485169e-06
113095000	1.229424e-06
113100000	1.698567e-06
113105000	1.213182e-06
113110000	1.346229e-06
113115000	1.650925e-06
113120000	1.710026e-06
113125000	1.370941e-06
113130000	1.304872e-06
113135000	1.412451e-06
113140000	1.521952e-06
113145000	1.070473e-06
113150000	1.554630e-06
113155000	1.426059e-06
113160000	1.321786e-06
113165000	1.339691e-06
113170000	1.433876e-06
113175000	1.667529e-06
113180000	1.411740e-06
113185000	1.608582e-06
113190000	1.543363e-06
113195000	1.434903e-06
113200000	1.276522e-06
113205000	1.343918e-06
113210000	1.191022e-06
113215000	1.321264e-06
113220000	1.521307e-06
113225000	1.282176e-06
113230000	1.082891e-06
113235000	1.715990e-06
113240000	1.471890e-06
113245000	1.415200e-06
113250000	1.294554e-06
113255000	1.396542e-06
113260000	1.594861e-06
113265000	1.405642e-06
113270000	1.545117e-06
113275000	1.171630e-06
113280000	1.295800e-06
113285000	1.127768e-06
113290000	1.331953e-06
113295000	1.582618e-06
113300000	1.546556e-06
113305000	1.465536e-06
113310000	1.727699e-06
113315000	1.330826e-06
113320000	1.500666e-06
113325000	1.754770e-06
113330000	1.443516e-06
113335000	1.446912e-06
113340000	1.740425e-06
113345000	1.266100e-06
113350000	1.354253e-06
113355000	1.424950e-06
113360000	1.367197e-06
113365000	1.504352e-06
113370000	1.675955e-06
113375000	1.632377e-06
113380000	1.504661e-06
113385000	1.452508e-06
113390000	1.397348e-06
113395000	1.409337e-06
113400000	1.403621e-06
113405000	1.119325e-06
113410000	1.309294e-06
113415000	1.263066e-06
113420000	1.406227e-06
113425000	1.422909e-06
113430000	1.421782e-06
113435000	1.280749e-06
113440000	1.546931e-06
113445000	1.427215e-06
113450000	1.295082e-06
113455000	1.662389e-06
113460000	1.794691e-06
113465000	1.752367e-06
113470000	1.331368e-06
113475000	1.193761e-06
113480000	1.369628e-06
113485000	1.451431e-06
113490000	1.884318e-06
113495000	1.312556e-06
113500000	1.438635e-06
113505000	1.434183e-06
113510000	1.212995e-06
113515000	1.754050e-06
113520000	1.211738e-06
113525000	1.438709e-06
113530000	1.386455e-06
113535000	1.522468e-06
113540000	1.419273e-06
113545000	1.460799e-06
113550000	1.188258e-06
113555000	1.493559e-06
113560000	1.534077e-06
113565000	1.472434e-06
113570000	1.586221e-06
113575000	1.532834e-06
113580000	1.572836e-06
113585000	1.524065e-06
113590000	1.315283e-06
113595000	1.261766e-06
113600000	1.596305e-06
113605000	1.581450e-06
113610000	1.826547e-06
113615000	1.125931e-06
113620000	1.095872e-06
113625000	1.422507e-06
113630000	1.283879e-06
113635000	1.739152e-06
113640000	1.494610e-06
113645000	1.270533e-06
113650000	1.505655e-06
113655000	1.493329e-06
113660000	1.372019e-06
113665000	1.395479e-06
113670000	1.616201e-06
113675000	1.487255e-06
113680000	1.338614e-06
113685000	1.352735e-06
113690000	1.543691e-06
113695000	1.383654e-06
113700000	1.232552e-06
113705000	1.412591e-06
113710000	1.585738e-06
113715000	1.131692e-06
113720000	1.422431e-06
113725000	1.666340e-06
113730000	1.342855e-06
113735000	1.539653e-06
113740000	1.616005e-06
113745000	1.220475e-06
113750000	1.729188e-06
113755000	1.230229e-06
113760000	1.542900e-06
113765000	1.174174e-06
113770000	1.408248e-06
113775000	1.146040e-06
113780000	1.530584e-06
113785000	1.457598e-06
113790000	1.665851e-06
113795000	1.428525e-06
113800000	1.184513e-06
113805000	1.445596e-06
113810000	1.666745e-06
113815000	1.479048e-06
113820000	1.882908e-06
113825000	1.225511e-06
113830000	1.587233e-06
113835000	1.755463e-06
113840000	1.541936e-06
113845000	1.500731e-06
113850000	1.396015e-06
113855000	1.364769e-06
113860000	1.459072e-06
113865000	1.190572e-06
113870000	1.399448e-06
113875000	1.481610e-06
113880000	1.515227e-06
113885000	1.289336e-06
113890000	1.196152e-06
113895000	1.550276e-06
113900000	1.694698e-06
113905000	1.380911e-06
113910000	1.252555e-06
113915000	1.394966e-06
113920000	1.278091e-06
113925000	1.246762e-06
113930000	1.456853e-06
113935000	1.241032e-06
113940000	1.546854e-06
113945000	1.398909e-06
113950000	1.505578e-06
113955000	1.666340e-06
113960000	1.280827e-06
113965000	1.645857e-06
113970000	1.613139e-06
113975000	1.746237e-06
113980000	1.399936e-06
113985000	1.490171e-06
113990000	1.266068e-06
113995000	1.129708e-06
114000000	1.573337e-06
114005000	1.350699e-06
114010000	1.570599e-06
114015000	1.525617e-06
114020000	1.221007e-06
114025000	1.410504e-06
114030000	1.275339e-06
114035000	1.259840e-06
114040000	1.429236e-06
114045000	1.481529e-06
114050000	1.591264e-06
114055000	1.358328e-06
114060000	1.490471e-06
114065000	1.157895e-06
114070000	1.425329e-06
114075000	1.528411e-06
114080000	1.262726e-06
114085000	1.154506e-06
114090000	1.362725e-06
114095000	1.337057e-06
114100000	1.594470e-06
114105000	1.601528e-06
114110000	1.462577e-06
114115000	1.289303e-06
114120000	1.247909e-06
114125000	1.369566e-06
114130000	1.479262e-06
114135000	1.123373e-06
114140000	1.470978e-06
114145000	1.422409e-06
114150000	1.224258e-06
114155000	1.628001e-06
114160000	1.166589e-06
114165000	1.188965e-06
114170000	1.312280e-06
114175000	1.114611e-06
114180000	1.301654e-06
114185000	1.262523e-06
114190000	1.195151e-06
114195000	1.589336e-06
114200000	1.505300e-06
114205000	1.214706e-06
114210000	1.691365e-06
114215000	1.427975e-06
114220000	1.812869e-06
114225000	1.345436e-06
114230000	1.208481e-06
114235000	1.146904e-06
114240000	1.139923e-06
114245000	1.303471e-06
114250000	1.057640e-06
114255000	1.428183e-06
114260000	1.261125e-06
114265000	1.324939e-06
114270000	1.430617e-06
114275000	1.161891e-06
114280000	1.576584e-06
114285000	1.266129e-06
114290000	1.485213e-06
114295000	1.029682e-06
114300000	1.231450e-06
114305000	1.341916e-06
114310000	1.596153e-06
114315000	1.454859e-06
114320000	1.721353e-06
114325000	1.413367e-06
114330000	1.209760e-06
114335000	1.362433e-06
114340000	1.205381e-06
114345000	1.073301e-06
114350000	1.144089e-06
114355000	1.439935e-06
114360000	1.499560e-06
114365000	1.551490e-06
114370000	1.223429e-06
114375000	1.273293e-06
114380000	1.103552e-06
114385000	1.464287e-06
114390000	1.191330e-06
114395000	1.252822e-06
114400000	1.492277e-06
114405000	1.210437e-06
114410000	1.336360e-06
114415000	1.297999e-06
114420000	1.201940e-06
114425000	1.154259e-06
114430000	1.619440e-06
114435000	1.232198e-06
114440000	1.467825e-06
114445000	1.122480e-06
114450000	1.405069e-06
114455000	1.338800e-06
114460000	1.306351e-06
114465000	1.672657e-06
114470000	1.330655e-06
114475000	1.273456e-06
114480000	1.311514e-06
114485000	1.618557e-06
114490000	1.422258e-06
114495000	1.518505e-06
114500000	1.149398e-06
114505000	1.231721e-06
114510000	1.271409e-06
114515000	1.413915e-06
114520000	1.416936e-06
114525000	1.165146e-06
114530000	9.617606e-07
114535000	1.358162e-06
114540000	1.328555e-06
114545000	1.373574e-06
114550000	1.326854e-06
114555000	1.490636e-06
114560000	1.554507e-06
114565000	1.338130e-06
114570000	1.402944e-06
114575000	1.333544e-06
114580000	1.296481e-06
114585000	1.293268e-06
114590000	1.368721e-06
114595000	1.186269e-06
114600000	1.073383e-06
114605000	1.333001e-06
114610000	1.322760e-06
114615000	1.639506e-06
114620000	1.418155e-06
114625000	1.340204e-06
114630000	1.383955e-06
114635000	1.354473e-06
114640000	1.807029e-06
114645000	1.296367e-06
114650000	1.480420e-06
114655000	1.325667e-06
114660000	1.234534e-06
114665000	1.002932e-06
114670000	1.224991e-06
114675000	1.188782e-06
114680000	1.357691e-06
114685000	1.331260e-06
114690000	1.197609e-06
114695000	1.285522e-06
114700000	1.317986e-06
114705000	1.450521e-06
114710000	1.500127e-06
114715000	1.135489e-06
114720000	9.602088e-07
114725000	1.186048e-06
114730000	9.324688e-07
114735000	1.287178e-06
114740000	1.402151e-06
114745000	1.152948e-06
114750000	1.018895e-06
114755000	1.394302e-06
114760000	1.257387e-06
114765000	1.079397e-06
114770000	1.308175e-06
114775000	1.789399e-06
114780000	1.470217e-06
114785000	1.417144e-06
114790000	9.096693e-07
114795000	1.053935e-06
114800000	1.150014e-06
114805000	1.654092e-06
114810000	1.260797e-06
114815000	1.337142e-06
114820000	1.435907e-06
114825000	1.226633e-06
114830000	1.405619e-06
114835000	1.441828e-06
114840000	1.251073e-06
114845000	1.436758e-06
114850000	1.306150e-06
114855000	1.340518e-06
114860000	1.214049e-06
114865000	1.498570e-06
114870000	1.725995e-06
114875000	1.044953e-06
114880000	1.278645e-06
114885000	1.087749e-06
114890000	1.308897e-06
114895000	1.378762e-06
114900000	1.807917e-06
114905000	1.429675e-06
114910000	1.603090e-06
114915000	1.305229e-06
114920000	1.133731e-06
114925000	1.053468e-06
114930000	9.834640e-07
114935000	1.227751e-06
114940000	1.097113e-06
114945000	1.013632e-06
114950000	1.464252e-06
114955000	1.155185e-06
114960000	1.489498e-06
114965000	1.158692e-06
114970000	1.076189e-06
114975000	9.935419e-07
114980000	1.106726e-06
114985000	1.274972e-06
114990000	1.326347e-06
114995000	1.416425e-06
115000000	1.564515e-06
115005000	1.031600e-06
115010000	1.715940e-06
115015000	1.248235e-06
115020000	7.607114e-07
115025000	1.164949e-06
115030000	1.836884e-06
115035000	1.449383e-06
115040000	1.062521e-06
115045000	1.487870e-06
115050000	1.271343e-06
115055000	1.043151e-06
115060000	1.441990e-06
115065000	9.150805e-07
115070000	1.412033e-06
115075000	1.286451e-06
115080000	9.752962e-07
115085000	1.235843e-06
115090000	1.344571e-06
115095000	1.203803e-06
115100000	1.107069e-06
115105000	1.150803e-06
115110000	1.384830e-06
115115000	1.392865e-06
115120000	1.373041e-06
115125000	1.019652e-06
115130000	1.242652e-06
115135000	1.199675e-06
115140000	1.245572e-06
115145000	1.425761e-06
115150000	1.339640e-06
115155000	1.183648e-06
115160000	1.150460e-06
115165000	1.152922e-06
115170000	1.234581e-06
115175000	1.348748e-06
115180000	1.185214e-06
115185000	1.271040e-06
115190000	1.410871e-06
115195000	1.396217e-06
115200000	1.248869e-06
115205000	1.262303e-06
115210000	1.462859e-06
115215000	1.007544e-06
115220000	1.134005e-06
115225000	1.072626e-06
115230000	1.523806e-06
115235000	1.436649e-06
115240000	1.311317e-06
115245000	1.279426e-06
115250000	1.185982e-06
115255000	1.192318e-06
115260000	1.298090e-06
115265000	8.957653e-07
115270000	1.064627e-06
115275000	1.178359e-06
115280000	1.421387e-06
115285000	1.430691e-06
115290000	1.282245e-06
115295000	1.780846e-06
115300000	1.447167e-06
115305000	1.406535e-06
115310000	1.265365e-06
115315000	1.414893e-06
115320000	1.076930e-06
115325000	8.827629e-07
115330000	1.022609e-06
115335000	1.028904e-06
115340000	1.320020e-06
115345000	1.086908e-06
115350000	1.183832e-06
115355000	9.329209e-07
115360000	1.237946e-06
115365000	1.449664e-06
115370000	1.332686e-06
115375000	1.289635e-06
115380000	1.131001e-06
115385000	1.306697e-06
115390000	1.391095e-06
115395000	1.469245e-06
115400000	1.157759e-06
115405000	1.120875e-06
115410000	1.205512e-06
115415000	1.191759e-06
115420000	1.079162e-06
115425000	1.084096e-06
115430000	1.158406e-06
115435000	1.228557e-06
115440000	1.037787e-06
115445000	1.337347e-06
115450000	1.496080e-06
115455000	1.166645e-06
115460000	9.883934e-07
115465000	1.235662e-06
115470000	1.334825e-06
115475000	1.367535e-06
115480000	1.160750e-06
115485000	1.192590e-06
115490000	1.494623e-06
115495000	1.175864e-06
115500000	1.205594e-06
115505000	1.237268e-06
115510000	1.048501e-06
115515000	8.157586e-07
115520000	1.012319e-06
115525000	1.131404e-06
115530000	1.016783e-06
115535000	1.238106e-06
115540000	1.126308e-06
115545000	1.495872e-06
115550000	8.726157e-07
115555000	1.248470e-06
115560000	1.121180e-06
115565000	1.289507e-06
115570000	1.091790e-06
115575000	1.316737e-06
115580000	8.987306e-07
115585000	1.041500e-06
115590000	1.120890e-06
115595000	1.168010e-06
115600000	1.553677e-06
115605000	1.504817e-06
115610000	1.150027e-06
115615000	1.258023e-06
115620000	1.448925e-06
115625000	1.185604e-06
115630000	1.077954e-06
115635000	9.854979e-07
115640000	1.198996e-06
115645000	1.011971e-06
115650000	1.153131e-06
115655000	1.076291e-06
115660000	1.378075e-06
115665000	1.096382e-06
115670000	1.156843e-06
115675000	1.079878e-06
115680000	1.090977e-06
115685000	1.156103e-06
115690000	1.382570e-06
115695000	1.455090e-06
115700000	1.147104e-06
115705000	8.471361e-07
115710000	1.590979e-06
115715000	1.558324e-06
115720000	1.217494e-06
115725000	1.081753e-06
115730000	1.256206e-06
115735000	1.155784e-06
115740000	1.053371e-06
115745000	1.268954e-06
115750000	9.008079e-07
115755000	1.058930e-06
115760000	1.294213e-06
115765000	1.279028e-06
115770000	1.089505e-06
115775000	1.598908e-06
115780000	1.617156e-06
115785000	1.141872e-06
115790000	1.334643e-06
115795000	1.043795e-06
115800000	1.222876e-06
115805000	1.505625e-06
115810000	1.109699e-06
115815000	1.057089e-06
115820000	1.051388e-06
115825000	1.206277e-06
115830000	1.117687e-06
115835000	1.310916e-06
115840000	1.485555e-06
115845000	1.046314e-06
115850000	1.469095e-06
115855000	9.977440e-07
115860000	1.302765e-06
115865000	1.208222e-06
115870000	1.191083e-06
115875000	1.081437e-06
115880000	1.148979e-06
115885000	1.498450e-06
115890000	1.269482e-06
115895000	1.101247e-06
115900000	1.190451e-06
115905000	1.006908e-06
115910000	1.302273e-06
115915000	1.280347e-06
115920000	1.114925e-06
115925000	1.560338e-06
115930000	1.198746e-06
115935000	1.291753e-06
115940000	1.202138e-06
115945000	9.760237e-07
115950000	1.367140e-06
115955000	1.076310e-06
115960000	1.470585e-06
115965000	1.313527e-06
115970000	1.002109e-06
115975000	1.084115e-06
115980000	1.256593e-06
115985000	1.204857e-06
115990000	9.211158e-07
115995000	1.379616e-06
116000000	1.275848e-06
116005000	1.219159e-06
116010000	1.451867e-06
116015000	1.156476e-06
116020000	9.616819e-07
116025000	1.296736e-06
116030000	1.075256e-06
116035000	1.154621e-06
116040000	1.124300e-06
116045000	1.132745e-06
116050000	1.659534e-06
116055000	1.133685e-06
116060000	1.294208e-06
116065000	9.843629e-07
116070000	1.240912e-06
116075000	1.108967e-06
116080000	7.279452e-07
116085000	9.881537e-07
116090000	1.249005e-06
116095000	1.364898e-06
116100000	1.220705e-06
116105000	1.034497e-06
116110000	1.314902e-06
116115000	1.222761e-06
116120000	1.059774e-06
116125000	1.439198e-06
116130000	1.536291e-06
116135000	1.357740e-06
116140000	1.155052e-06
116145000	1.077654e-06
116150000	1.017183e-06
116155000	1.172493e-06
116160000	1.415475e-06
116165000	8.870858e-07
116170000	1.217280e-06
116175000	1.107558e-06
116180000	1.139936e-06
116185000	9.443004e-07
116190000	1.382416e-06
116195000	1.284779e-06
116200000	1.177625e-06
116205000	1.191332e-06
116210000	1.116039e-06
116215000	1.121750e-06
116220000	9.772322e-07
116225000	1.092929e-06
116230000	9.372690e-07
116235000	1.095564e-06
116240000	1.099623e-06
116245000	1.251185e-06
116250000	8.996237e-07
116255000	1.373761e-06
116260000	1.049485e-06
116265000	1.050808e-06
116270000	1.504742e-06
116275000	1.265811e-06
116280000	1.373409e-06
116285000	1.000959e-06
116290000	9.545209e-07
116295000	1.162065e-06
116300000	1.094587e-06
116305000	1.108725e-06
116310000	9.040631e-07
116315000	1.120099e-06
116320000	9.423616e-07
116325000	1.288264e-06
116330000	1.135425e-06
116335000	1.358001e-06
116340000	1.149982e-06
116345000	9.660391e-07
116350000	1.189109e-06
116355000	1.029816e-06
116360000	1.054027e-06
116365000	1.093023e-06
116370000	1.061740e-06
116375000	1.118794e-06
116380000	1.453955e-06
116385000	1.115760e-06
116390000	1.015735e-06
116395000	1.504893e-06
116400000	1.134235e-06
116405000	1.266360e-06
116410000	1.102363e-06
116415000	1.284537e-06
116420000	1.024762e-06
116425000	9.570846e-07
116430000	1.155502e-06
116435000	1.016898e-06
116440000	1.184252e-06
116445000	1.117098e-06
116450000	9.356764e-07
116455000	1.128864e-06
116460000	1.026912e-06
116465000	1.385173e-06
116470000	1.264774e-06
116475000	1.113412e-06
116480000	1.070098e-06
116485000	8.699986e-07
116490000	1.355913e-06
116495000	1.105668e-06
116500000	1.211440e-06
116505000	9.756689e-07
116510000	1.202449e-06
116515000	1.217343e-06
116520000	9.925799e-07
116525000	1.018747e-06
116530000	1.260016e-06
116535000	9.192651e-07
116540000	9.212912e-07
116545000	1.030686e-06
116550000	1.046692e-06
116555000	8.513553e-07
116560000	9.442798e-07
116565000	1.060436e-06
116570000	1.208067e-06
116575000	1.000371e-06
116580000	1.075168e-06
116585000	1.101564e-06
116590000	1.349207e-06
116595000	1.307642e-06
116600000	1.140866e-06
116605000	9.310648e-07
116610000	1.089710e-06
116615000	9.854152e-07
116620000	1.252635e-06
116625000	1.077145e-06
116630000	1.294406e-06
116635000	1.359477e-06
116640000	9.762362e-07
116645000	1.274879e-06
116650000	1.052338e-06
116655000	1.427367e-06
116660000	1.303014e-06
116665000	1.220058e-06
116670000	1.078701e-06
116675000	1.144271e-06
116680000	1.283670e-06
116685000	9.883671e-07
116690000	9.099539e-07
116695000	9.856189e-07
116700000	1.266261e-06
116705000	1.412335e-06
116710000	1.177009e-06
116715000	9.107741e-07
116720000	9.740173e-07
116725000	1.158791e-06
116730000	1.062197e-06
116735000	1.070945e-06
116740000	1.132549e-06
116745000	9.893785e-07
116750000	9.979385e-07
116755000	1.017993e-06
116760000	1.111267e-06
116765000	8.326710e-07
116770000	1.035142e-06
116775000	1.185035e-06
116780000	9.397299e-07
116785000	8.784172e-07
116790000	9.764146e-07
116795000	8.550350e-07
116800000	1.106575e-06
116805000	9.254308e-07
116810000	8.890837e-07
116815000	1.455178e-06
116820000	8.850048e-07
116825000	1.273672e-06
116830000	8.227568e-07
116835000	1.025437e-06
116840000	8.633323e-07
116845000	9.213127e-07
116850000	1.022133e-06
116855000	1.028862e-06
116860000	1.200131e-06
116865000	1.035931e-06
116870000	9.279925e-07
116875000	1.186621e-06
116880000	9.365631e-07
116885000	9.131607e-07
116890000	1.163574e-06
116895000	1.168781e-06
116900000	1.069474e-06
116905000	8.472694e-07
116910000	8.351831e-07
116915000	8.989811e-07
116920000	9.673330e-07
116925000	1.001436e-06
116930000	1.109682e-06
116935000	1.389804e-06
116940000	1.082327e-06
116945000	1.284464e-06
116950000	7.805194e-07
116955000	1.025601e-06
116960000	1.447723e-06
116965000	1.266070e-06
116970000	9.879119e-07
116975000	1.026970e-06
116980000	7.759381e-07
116985000	9.656292e-07
116990000	1.110955e-06
116995000	1.173278e-06
117000000	1.093379e-06
117005000	1.126953e-06
117010000	9.437027e-07
117015000	8.436401e-07
117020000	8.161705e-07
117025000	1.054211e-06
117030000	8.130846e-07
117035000	1.038895e-06
117040000	1.141469e-06
117045000	9.988641e-07
117050000	1.081051e-06
117055000	8.352843e-07
117060000	7.041043e-07
117065000	1.240545e-06
117070000	1.366501e-06
117075000	9.073439e-07
117080000	1.504726e-06
117085000	1.133352e-06
117090000	1.016661e-06
117095000	1.259368e-06
117100000	1.090870e-06
117105000	1.250227e-06
117110000	1.038796e-06
117115000	1.259779e-06
117120000	1.168042e-06
117125000	9.965460e-07
117130000	1.214321e-06
117135000	1.033731e-06
117140000	9.452560e-07
117145000	1.181025e-06
117150000	1.249261e-06
117155000	1.114252e-06
117160000	9.721573e-07
117165000	1.070319e-06
117170000	1.228377e-06
117175000	1.145199e-06
117180000	1.339955e-06
117185000	1.425003e-06
117190000	1.263617e-06
117195000	1.096064e-06
117200000	1.050215e-06
117205000	1.111520e-06
117210000	1.006902e-06
117215000	8.611148e-07
117220000	7.474574e-07
117225000	1.217033e-06
117230000	8.150410e-07
117235000	1.518766e-06
117240000	9.400432e-07
117245000	9.674556e-07
117250000	9.340444e-07
117255000	7.947072e-07
117260000	1.209290e-06
117265000	1.003631e-06
117270000	8.322005e-07
117275000	1.062969e-06
117280000	9.963449e-07
117285000	1.260725e-06
117290000	1.017380e-06
117295000	9.113852e-07
117300000	1.194616e-06
117305000	9.100194e-07
117310000	1.225079e-06
117315000	1.241538e-06
117320000	1.106983e-06
117325000	9.857966e-07
117330000	1.081031e-06
117335000	9.555702e-07
117340000	9.431853e-07
117345000	1.295766e-06
117350000	1.073399e-06
117355000	1.330949e-06
117360000	1.075401e-06
117365000	1.015908e-06
117370000	1.197789e-06
117375000	1.033006e-06
117380000	9.493225e-07
117385000	1.224304e-06
117390000	1.229511e-06
117395000	1.031445e-06
117400000	9.279079e-07
117405000	8.737017e-07
117410000	1.042763e-06
117415000	1.056191e-06
117420000	8.138779e-07
117425000	1.053983e-06
117430000	7.791494e-07
117435000	1.014611e-06
117440000	7.906520e-07
117445000	9.409451e-07
117450000	9.029687e-07
117455000	1.128051e-06
117460000	9.795841e-07
117465000	8.520279e-07
117470000	1.093491e-06
117475000	9.126647e-07
117480000	1.298671e-06
117485000	1.297309e-06
117490000	1.048121e-06
117495000	8.849289e-07
117500000	9.250363e-07
117505000	9.252397e-07
117510000	9.252838e-07
117515000	9.665901e-07
117520000	8.379366e-07
117525000	1.087153e-06
117530000	9.532033e-07
117535000	1.057867e-06
117540000	9.547007e-07
117545000	1.180008e-06
117550000	8.127421e-07
117555000	1.154193e-06
117560000	1.095121e-06
117565000	1.174199e-06
117570000	9.553610e-07
117575000	9.687607e-07
117580000	1.069610e-06
117585000	1.005910e-06
117590000	1.056792e-06
117595000	1.173239e-06
117600000	7.405397e-07
117605000	1.013999e-06
117610000	1.023527e-06
117615000	9.820798e-07
117620000	9.570293e-07
117625000	1.089556e-06
117630000	8.506061e-07
117635000	9.811000e-07
117640000	8.016682e-07
117645000	9.263685e-07
117650000	9.391971e-07
117655000	1.044237e-06
117660000	1.051908e-06
117665000	1.067482e-06
117670000	1.100744e-06
117675000	1.039092e-06
117680000	8.800545e-07
117685000	1.131577e-06
117690000	7.620736e-07
117695000	1.138635e-06
117700000	1.022968e-06
117705000	7.668459e-07
117710000	6.901568e-07
117715000	8.184615e-07
117720000	1.065741e-06
117725000	9.448723e-07
117730000	9.748097e-07
117735000	9.214182e-07
117740000	1.206353e-06
117745000	9.972201e-07
117750000	9.334118e-07
117755000	1.007546e-06
117760000	8.123026e-07
117765000	7.573801e-07
117770000	1.165952e-06
117775000	8.584932e-07
117780000	1.117790e-06
117785000	8.492162e-07
117790000	7.021213e-07
117795000	8.746199e-07
117800000	9.257746e-07
117805000	1.284503e-06
117810000	9.099258e-07
117815000	1.068840e-06
117820000	9.737241e-07
117825000	8.440285e-07
117830000	1.212113e-06
117835000	1.070464e-06
117840000	7.231319e-07
117845000	9.510858e-07
117850000	1.092044e-06
117855000	7.596622e-07
117860000	8.075307e-07
117865000	7.849524e-07
117870000	9.827559e-07
117875000	8.681055e-07
117880000	1.014947e-06
117885000	1.132035e-06
117890000	8.702322e-07
117895000	6.768008e-07
117900000	9.704569e-07
117905000	8.175123e-07
117910000	8.925162e-07
117915000	9.390334e-07
117920000	8.196580e-07
117925000	9.003654e-07
117930000	9.726942e-07
117935000	1.253165e-06
117940000	9.527162e-07
117945000	1.064647e-06
117950000	9.516529e-07
117955000	9.932541e-07
117960000	8.363328e-07
117965000	1.107211e-06
117970000	9.968567e-07
117975000	8.751423e-07
117980000	6.795624e-07
117985000	1.061506e-06
117990000	9.366088e-07
117995000	8.368836e-07
118000000	7.638466e-07
118005000	8.586058e-07
118010000	9.465761e-07
118015000	1.019500e-06
118020000	8.303597e-07
118025000	9.297593e-07
118030000	8.306200e-07
118035000	1.036137e-06
118040000	1.135450e-06
118045000	8.683033e-07
118050000	8.551885e-07
118055000	1.009098e-06
118060000	1.052604e-06
118065000	1.126594e-06
118070000	9.869864e-07
118075000	8.675369e-07
118080000	1.102019e-06
118085000	1.210189e-06
118090000	9.822064e-07
118095000	1.247474e-06
118100000	1.034288e-06
118105000	9.990656e-07
118110000	8.225040e-07
118115000	1.073825e-06
118120000	1.078825e-06
118125000	8.647509e-07
118130000	5.875884e-07
118135000	1.116719e-06
118140000	9.675088e-07
118145000	9.797781e-07
118150000	1.015790e-06
118155000	8.778695e-07
118160000	9.343294e-07
118165000	1.082284e-06
118170000	8.028857e-07
118175000	8.296838e-07
118180000	1.290646e-06
118185000	1.350878e-06
118190000	9.154001e-07
118195000	1.033633e-06
118200000	7.775832e-07
118205000	1.013299e-06
118210000	1.013654e-06
118215000	7.462282e-07
118220000	7.190406e-07
118225000	8.825960e-07
118230000	1.147037e-06
118235000	1.044311e-06
118240000	1.023646e-06
118245000	9.545339e-07
118250000	9.002535e-07
118255000	7.818456e-07
118260000	8.032923e-07
118265000	9.077929e-07
118270000	6.738672e-07
118275000	9.164566e-07
118280000	9.302453e-07
118285000	1.250770e-06
118290000	1.082216e-06
118295000	1.005334e-06
118300000	8.866409e-07
118305000	9.118819e-07
118310000	8.356642e-07
118315000	1.042574e-06
118320000	1.171864e-06
118325000	1.268718e-06
118330000	1.408514e-06
118335000	6.626207e-07
118340000	1.013303e-06
118345000	1.135659e-06
118350000	1.056176e-06
118355000	7.486234e-07
118360000	9.945887e-07
118365000	8.725170e-07
118370000	7.513801e-07
118375000	1.007761e-06
118380000	1.041636e-06
118385000	8.584443e-07
118390000	1.219571e-06
118395000	7.711978e-07
118400000	9.495713e-07
118405000	8.138404e-07
118410000	1.207805e-06
118415000	9.221928e-07
118420000	1.039314e-06
118425000	1.065605e-06
118430000	1.131916e-06
118435000	7.633932e-07
118440000	7.800738e-07
118445000	9.425572e-07
118450000	8.766272e-07
118455000	8.537948e-07
118460000	1.043693e-06
118465000	1.075103e-06
118470000	8.400203e-07
118475000	9.192108e-07
118480000	1.005702e-06
118485000	9.731302e-07
118490000	7.774154e-07
118495000	8.341488e-07
118500000	1.090185e-06
118505000	6.098827e-07
118510000	9.861391e-07
118515000	9.571264e-07
118520000	8.373552e-07
118525000	6.722174e-07
118530000	1.112364e-06
118535000	8.857976e-07
118540000	9.711666e-07
118545000	7.987244e-07
118550000	9.125279e-07
118555000	1.000297e-06
118560000	9.536845e-07
118565000	7.571698e-07
118570000	7.723085e-07
118575000	9.720061e-07
118580000	8.711059e-07
118585000	9.434155e-07
118590000	8.227804e-07
118595000	8.528970e-07
118600000	8.432211e-07
118605000	1.069599e-06
118610000	9.926105e-07
118615000	8.793764e-07
118620000	1.049254e-06
118625000	9.649681e-07
118630000	1.046866e-06
118635000	7.162494e-07
118640000	8.293678e-07
118645000	1.015769e-06
118650000	9.210613e-07
118655000	9.785854e-07
118660000	7.940123e-07
118665000	9.344286e-07
118670000	8.088131e-07
118675000	1.036890e-06
118680000	9.433095e-07
118685000	8.894566e-07
118690000	8.431340e-07
118695000	9.455253e-07
118700000	1.073806e-06
118705000	8.074956e-07
118710000	1.047470e-06
118715000	1.070127e-06
118720000	1.175646e-06
118725000	7.712638e-07
118730000	9.687814e-07
118735000	8.803990e-07
118740000	9.210689e-07
118745000	8.795915e-07
118750000	8.101048e-07
118755000	9.312391e-07
118760000	5.671651e-07
118765000	1.017195e-06
118770000	8.459006e-07
118775000	8.947382e-07
118780000	6.052026e-07
118785000	8.542081e-07
118790000	1.292145e-06
118795000	9.896472e-07
118800000	9.411417e-07
118805000	1.080509e-06
118810000	9.947725e-07
118815000	7.693409e-07
118820000	1.273701e-06
118825000	7.116737e-07
118830000	1.039161e-06
118835000	1.106531e-06
118840000	7.224452e-07
118845000	1.162424e-06
118850000	6.927750e-07
118855000	9.750586e-07
118860000	1.100837e-06
118865000	9.314378e-07
118870000	1.017928e-06
118875000	9.642748e-07
118880000	6.497512e-07
118885000	7.600002e-07
118890000	8.501288e-07
118895000	8.622938e-07
118900000	8.143764e-07
118905000	6.133362e-07
118910000	9.868726e-07
118915000	5.589445e-07
118920000	9.719141e-07
118925000	7.727680e-07
118930000	7.952455e-07
118935000	1.069003e-06
118940000	9.621494e-07
118945000	9.877291e-07
118950000	6.795539e-07
118955000	9.590664e-07
118960000	6.755427e-07
118965000	6.917036e-07
118970000	1.103108e-06
118975000	7.439497e-07
118980000	9.363518e-07
118985000	8.431125e-07
118990000	9.777265e-07
118995000	9.194989e-07
119000000	9.214209e-07
119005000	6.760500e-07
119010000	8.665685e-07
119015000	9.067597e-07
119020000	1.116414e-06
119025000	8.792506e-07
119030000	1.061507e-06
119035000	7.696432e-07
119040000	8.541935e-07
119045000	7.602451e-07
119050000	1.038691e-06
119055000	8.650831e-07
119060000	1.011461e-06
119065000	1.004699e-06
119070000	7.195070e-07
119075000	9.092217e-07
119080000	8.018927e-07
119085000	1.102552e-06
119090000	9.056157e-07
119095000	6.333894e-07
119100000	7.673950e-07
119105000	7.705403e-07
119110000	9.510212e-07
119115000	7.847904e-07
119120000	7.600707e-07
119125000	6.248733e-07
119130000	8.234378e-07
119135000	6.511356e-07
119140000	6.937021e-07
119145000	8.831387e-07
119150000	8.031714e-07
119155000	9.149270e-07
119160000	7.873886e-07
119165000	9.375800e-07
119170000	9.213313e-07
119175000	1.042535e-06
119180000	1.115643e-06
119185000	8.899271e-07
119190000	7.795036e-07
119195000	7.845048e-07
119200000	8.003175e-07
119205000	9.615001e-07
119210000	9.199892e-07
119215000	1.012025e-06
119220000	9.721650e-07
119225000	1.258161e-06
119230000	9.594356e-07
119235000	1.002877e-06
119240000	1.028071e-06
119245000	9.104587e-07
119250000	8.593593e-07
119255000	8.883111e-07
119260000	9.272951e-07
119265000	9.245660e-07
119270000	9.272597e-07
119275000	7.582222e-07
119280000	9.947768e-07
119285000	8.349116e-07
119290000	1.065185e-06
119295000	8.645254e-07
119300000	9.022623e-07
119305000	8.110751e-07
119310000	7.212907e-07
119315000	8.631931e-07
119320000	8.981435e-07
119325000	1.099786e-06
119330000	6.297005e-07
119335000	8.046093e-07
119340000	1.482246e-06
119345000	9.175229e-07
119350000	9.687292e-07
119355000	7.793416e-07
119360000	1.216166e-06
119365000	8.613808e-07
119370000	8.850574e-07
119375000	8.834231e-07
119380000	9.555419e-07
119385000	7.800060e-07
119390000	9.728050e-07
119395000	9.395353e-07
119400000	8.426855e-07
119405000	7.636657e-07
119410000	5.679391e-07
119415000	9.030438e-07
119420000	7.231338e-07
119425000	7.785010e-07
119430000	7.044081e-07
119435000	7.801393e-07
119440000	8.296790e-07
119445000	8.867801e-07
119450000	9.650675e-07
119455000	8.741828e-07
119460000	8.278838e-07
119465000	8.852245e-07
119470000	8.799132e-07
119475000	1.071310e-06
119480000	8.258012e-07
119485000	1.233600e-06
119490000	9.917687e-07
119495000	1.091048e-06
119500000	8.297765e-07
119505000	9.165925e-07
119510000	1.073555e-06
119515000	7.788306e-07
119520000	8.835094e-07
119525000	9.093768e-07
119530000	8.716613e-07
119535000	1.073228e-06
119540000	5.924204e-07
119545000	7.433272e-07
119550000	8.520133e-07
119555000	7.647425e-07
119560000	1.091834e-06
119565000	1.135287e-06
119570000	8.291287e-07
119575000	6.046508e-07
119580000	7.565985e-07
119585000	5.839450e-07
119590000	1.105075e-06
119595000	9.766236e-07
119600000	1.030748e-06
119605000	1.292928e-06
119610000	8.712460e-07
119615000	1.018692e-06
119620000	9.213507e-07
119625000	7.161519e-07
119630000	1.087533e-06
119635000	8.447867e-07
119640000	9.448070e-07
119645000	7.874637e-07
119650000	1.020179e-06
119655000	9.021311e-07
119660000	7.374847e-07
119665000	6.934204e-07
119670000	9.843298e-07
119675000	9.226703e-07
119680000	8.610264e-07
119685000	9.585071e-07
119690000	9.552982e-07
119695000	9.447089e-07
119700000	1.017129e-06
119705000	9.742782e-07
119710000	6.254149e-07
119715000	7.925090e-07
119720000	6.861800e-07
119725000	7.766380e-07
119730000	8.249177e-07
119735000	7.904785e-07
119740000	9.895338e-07
119745000	8.135147e-07
119750000	8.350665e-07
119755000	9.217478e-07
119760000	7.767880e-07
119765000	1.107231e-06
119770000	9.213797e-07
119775000	1.034703e-06
119780000	9.534160e-07
119785000	1.125582e-06
119790000	9.855018e-07
119795000	7.376436e-07
119800000	9.168870e-07
119805000	9.330089e-07
119810000	1.069192e-06
119815000	8.657610e-07
119820000	9.870469e-07
119825000	9.954892e-07
119830000	6.749818e-07
119835000	8.538117e-07
119840000	1.020976e-06
119845000	7.893940e-07
119850000	8.539847e-07
119855000	7.532701e-07
119860000	7.764275e-07
119865000	9.133579e-07
119870000	1.304139e-06
119875000	7.778045e-07
119880000	1.014629e-06
119885000	8.774993e-07
119890000	9.721030e-07
119895000	8.313575e-07
119900000	6.477848e-07
119905000	7.601598e-07
119910000	1.009651e-06
119915000	7.595406e-07
119920000	1.029164e-06
119925000	1.023384e-06
119930000	8.934144e-07
119935000	9.544145e-07
119940000	9.169516e-07
119945000	8.560149e-07
119950000	8.656358e-07
119955000	7.735210e-07
119960000	7.756478e-07
119965000	8.452618e-07
119970000	8.817466e-07
119975000	8.587771e-07
119980000	1.025489e-06
119985000	7.359980e-07
119990000	1.068475e-06
119995000	5.617885e-07
120000000	1.004398e-06
120005000	8.424984e-07
120010000	6.439916e-07
120015000	8.751053e-07
120020000	9.890378e-07
120025000	8.652327e-07
120030000	1.104666e-06
120035000	7.941752e-07
120040000	9.080066e-07
120045000	9.986571e-07
120050000	7.471905e-07
120055000	8.518260e-07
120060000	8.118135e-07
120065000	7.574131e-07
120070000	7.406291e-07
120075000	6.407756e-07
120080000	8.636768e-07
120085000	9.972159e-07
120090000	8.868189e-07
120095000	8.891514e-07
120100000	8.768851e-07
120105000	9.471396e-07
120110000	1.019809e-06
120115000	8.544006e-07
120120000	6.981315e-07
120125000	1.065174e-06
120130000	9.328567e-07
120135000	1.051995e-06
120140000	7.160151e-07
120145000	6.342467e-07
120150000	9.248916e-07
120155000	1.128530e-06
120160000	1.101378e-06
120165000	1.119278e-06
120170000	8.475115e-07
120175000	9.927112e-07
120180000	1.106337e-06
120185000	9.615288e-07
120190000	8.901852e-07
120195000	7.544897e-07
120200000	1.187042e-06
120205000	9.043538e-07
120210000	1.176877e-06
120215000	7.640026e-07
120220000	6.855465e-07
120225000	1.187635e-06
120230000	8.122614e-07
120235000	7.320479e-07
120240000	8.682089e-07
120245000	8.784354e-07
120250000	1.007295e-06
120255000	1.036801e-06
120260000	1.017378e-06
120265000	1.008095e-06
120270000	8.191459e-07
120275000	7.440125e-07
120280000	7.868380e-07
120285000	8.451762e-07
120290000	1.250335e-06
120295000	8.307475e-07
120300000	7.214087e-07
120305000	7.678997e-07
120310000	1.026468e-06
120315000	8.155855e-07
120320000	9.379085e-07
120325000	9.850606e-07
120330000	6.666572e-07
120335000	1.018347e-06
120340000	4.668666e-07
120345000	7.300733e-07
120350000	8.649409e-07
120355000	7.536884e-07
120360000	1.115304e-06
120365000	9.599614e-07
120370000	8.191242e-07
120375000	6.441583e-07
120380000	8.421536e-07
120385000	8.398667e-07
120390000	6.723878e-07
120395000	1.040875e-06
120400000	8.337867e-07
120405000	7.356494e-07
120410000	6.538208e-07
120415000	8.729248e-07
120420000	7.904911e-07
120425000	8.829664e-07
120430000	7.860300e-07
120435000	7.368123e-07
120440000	8.928867e-07
120445000	6.799337e-07
120450000	1.141088e-06
120455000	1.028038e-06
120460000	1.029963e-06
120465000	8.625944e-07
120470000	8.055999e-07
120475000	9.856877e-07
120480000	8.202797e-07
120485000	8.369564e-07
120490000	1.031544e-06
120495000	5.766933e-07
120500000	1.049939e-06
120505000	9.123367e-07
120510000	1.002203e-06
120515000	1.141911e-06
120520000	1.035359e-06
120525000	8.625513e-07
120530000	8.836740e-07
120535000	9.441975e-07
120540000	7.918825e-07
120545000	8.172946e-07
120550000	7.580194e-07
120555000	9.375282e-07
120560000	8.839286e-07
120565000	7.674365e-07
120570000	7.830628e-07
120575000	6.968449e-07
120580000	1.033427e-06
120585000	8.325693e-07
120590000	9.942782e-07
120595000	7.824672e-07
120600000	7.372000e-07
120605000	8.980963e-07
120610000	7.556668e-07
120615000	7.049367e-07
120620000	8.543847e-07
120625000	9.740417e-07
120630000	8.089748e-07
120635000	6.014980e-07
120640000	1.087095e-06
120645000	7.865014e-07
120650000	9.831408e-07
120655000	7.343676e-07
120660000	7.535640e-07
120665000	8.097785e-07
120670000	1.108942e-06
120675000	9.273079e-07
120680000	8.392347e-07
120685000	7.780129e-07
120690000	8.824690e-07
120695000	1.048254e-06
120700000	9.506670e-07
120705000	1.138025e-06
120710000	9.204736e-07
120715000	9.490505e-07
120720000	1.007911e-06
120725000	9.339145e-07
120730000	7.856891e-07
120735000	9.276103e-07
120740000	8.578604e-07
120745000	8.296135e-07
120750000	7.810884e-07
120755000	1.048507e-06
120760000	8.448389e-07
120765000	7.692678e-07
120770000	8.625874e-07
120775000	9.119987e-07
120780000	7.707749e-07
120785000	7.887563e-07
120790000	5.718235e-07
120795000	9.066613e-07
120800000	7.284774e-07
120805000	6.892216e-07
120810000	7.369062e-07
120815000	1.190032e-06
120820000	8.316816e-07
120825000	8.589178e-07
120830000	9.326770e-07
120835000	8.710328e-07
120840000	8.413387e-07
120845000	1.044413e-06
120850000	8.305278e-07
120855000	9.109892e-07
120860000	1.026479e-06
120865000	8.431249e-07
120870000	8.884245e-07
120875000	1.075140e-06
120880000	7.555615e-07
120885000	8.794400e-07
120890000	8.397702e-07
120895000	7.916752e-07
120900000	1.079018e-06
120905000	8.741590e-07
120910000	5.369999e-07
120915000	7.686809e-07
120920000	7.310244e-07
120925000	1.103881e-06
120930000	7.779198e-07
120935000	7.208811e-07
120940000	7.090738e-07
120945000	7.619904e-07
120950000	8.911580e-07
120955000	8.768156e-07
120960000	1.023100e-06
120965000	9.226264e-07
120970000	8.430501e-07
120975000	9.812243e-07
120980000	8.055851e-07
120985000	9.102403e-07
120990000	6.649982e-07
120995000	1.080108e-06
121000000	8.953956e-07
121005000	1.130930e-06
121010000	7.293169e-07
121015000	7.199279e-07
121020000	8.569267e-07
121025000	8.050399e-07
121030000	8.753421e-07
121035000	1.013314e-06
121040000	5.820880e-07
121045000	8.245985e-07
121050000	9.518903e-07
121055000	7.856049e-07
121060000	7.583476e-07
121065000	8.068719e-07
121070000	8.039224e-07
121075000	8.004530e-07
121080000	8.813130e-07
121085000	1.056779e-06
121090000	6.248888e-07
121095000	1.141085e-06
121100000	8.276786e-07
121105000	8.509877e-07
121110000	9.014539e-07
121115000	9.367846e-07
121120000	1.090442e-06
121125000	8.519530e-07
121130000	7.159177e-07
121135000	5.953527e-07
121140000	9.263506e-07
121145000	1.200163e-06
121150000	1.099472e-06
121155000	1.032606e-06
121160000	8.367675e-07
121165000	1.099449e-06
121170000	7.559964e-07
121175000	8.975428e-07
121180000	9.670203e-07
121185000	7.565174e-07
121190000	5.277217e-07
121195000	5.774466e-07
121200000	6.945793e-07
121205000	9.648540e-07
121210000	7.536107e-07
121215000	5.662046e-07
121220000	1.034339e-06
121225000	6.677175e-07
121230000	8.311554e-07
121235000	8.630725e-07
121240000	7.297609e-07
121245000	7.766162e-07
121250000	1.084377e-06
121255000	7.682573e-07
121260000	7.051032e-07
121265000	9.750761e-07
121270000	1.040282e-06
121275000	6.960291e-07
121280000	8.786567e-07
121285000	7.413092e-07
121290000	8.877837e-07
121295000	1.032271e-06
121300000	5.865417e-07
121305000	8.005219e-07
121310000	5.455195e-07
121315000	6.395673e-07
121320000	7.982707e-07
121325000	1.091412e-06
121330000	8.642269e-07
121335000	7.367812e-07
121340000	1.036498e-06
121345000	8.125463e-07
121350000	7.417240e-07
121355000	6.290316e-07
121360000	1.189474e-06
121365000	9.519860e-07
121370000	9.335533e-07
121375000	8.732965e-07
121380000	8.881133e-07
121385000	8.804420e-07
121390000	7.057055e-07
121395000	8.785400e-07
121400000	6.997211e-07
121405000	8.317561e-07
121410000	1.005449e-06
121415000	9.767527e-07
121420000	1.253385e-06
121425000	7.077839e-07
121430000	7.874500e-07
121435000	9.143955e-07
121440000	8.312399e-07
121445000	7.005981e-07
121450000	6.632524e-07
121455000	7.239496e-07
121460000	5.225668e-07
121465000	1.053047e-06
121470000	9.589539e-07
121475000	7.467182e-07
121480000	8.722677e-07
121485000	9.057782e-07
121490000	7.678154e-07
121495000	1.024418e-06
121500000	9.559896e-07
121505000	6.907675e-07
121510000	7.588519e-07
121515000	8.824187e-07
121520000	1.016677e-06
121525000	7.912378e-07
121530000	6.270075e-07
121535000	8.529400e-07
121540000	9.283825e-07
121545000	1.056149e-06
121550000	5.988131e-07
121555000	7.416325e-07
121560000	8.036016e-07
121565000	1.180916e-06
121570000	7.617765e-07
121575000	6.373541e-07
121580000	6.285474e-07
121585000	8.415751e-07
121590000	8.863480e-07
121595000	8.150220e-07
121600000	6.810224e-07
121605000	8.627494e-07
121610000	9.429925e-07
121615000	8.377602e-07
121620000	8.125278e-07
121625000	8.949866e-07
121630000	4.952880e-07
121635000	8.334973e-07
121640000	8.659036e-07
121645000	7.397720e-07
121650000	7.610113e-07
121655000	8.204347e-07
121660000	8.636145e-07
121665000	6.672360e-07
121670000	8.053451e-07
121675000	6.378252e-07
121680000	9.184709e-07
121685000	9.642564e-07
121690000	8.649147e-07
121695000	9.027788e-07
121700000	8.369419e-07
121705000	4.955641e-07
121710000	9.322855e-07
121715000	1.076705e-06
121720000	7.699368e-07
121725000	7.467591e-07
121730000	7.610450e-07
121735000	1.140914e-06
121740000	9.695483e-07
121745000	8.527067e-07
121750000	1.087698e-06
121755000	8.902458e-07
121760000	9.517738e-07
121765000	6.981283e-07
121770000	7.581575e-07
121775000	8.524532e-07
121780000	8.602841e-07
121785000	8.748297e-07
121790000	1.017849e-06
121795000	9.183219e-07
121800000	8.804463e-07
121805000	8.475158e-07
121810000	7.221301e-07
121815000	8.332127e-07
121820000	5.280332e-07
121825000	9.023180e-07
121830000	8.158236e-07
121835000	7.861467e-07
121840000	8.744486e-07
121845000	8.619702e-07
121850000	8.660573e-07
121855000	8.568413e-07
121860000	8.912106e-07
121865000	1.229831e-06
121870000	8.758788e-07
121875000	7.984676e-07
121880000	7.533544e-07
121885000	1.076821e-06
121890000	8.525707e-07
121895000	9.485723e-07
121900000	1.093785e-06
121905000	7.322102e-07
121910000	4.552159e-07
121915000	6.354238e-07
121920000	7.912391e-07
121925000	7.381621e-07
121930000	1.210162e-06
121935000	1.017243e-06
121940000	9.461052e-07
121945000	5.054355e-07
121950000	7.596062e-07
121955000	9.646183e-07
121960000	9.464116e-07
121965000	7.469696e-07
121970000	1.012808e-06
121975000	8.820675e-07
121980000	9.881463e-07
121985000	1.071566e-06
121990000	1.008085e-06
121995000	9.301821e-07
122000000	1.101504e-06
122005000	9.867635e-07
122010000	7.222813e-07
122015000	6.767426e-07
122020000	6.057991e-07
122025000	8.390419e-07
122030000	1.131170e-06
122035000	1.034665e-06
122040000	7.719627e-07
122045000	9.249656e-07
122050000	9.441891e-07
122055000	9.668655e-07
122060000	9.116489e-07
122065000	8.665359e-07
122070000	8.788464e-07
122075000	8.777439e-07
122080000	8.536562e-07
122085000	8.028400e-07
122090000	8.359806e-07
122095000	6.888248e-07
122100000	9.039006e-07
122105000	8.485847e-07
122110000	6.365087e-07
122115000	1.055550e-06
122120000	9.419676e-07
122125000	8.266206e-07
122130000	9.391614e-07
122135000	6.897746e-07
122140000	9.320998e-07
122145000	7.783724e-07
122150000	9.333660e-07
122155000	1.068962e-06
122160000	7.349902e-07
122165000	8.659416e-07
122170000	1.193534e-06
122175000	8.645482e-07
122180000	7.662140e-07
122185000	5.938117e-07
122190000	7.261932e-07
122195000	1.037558e-06
122200000	7.648233e-07
122205000	8.679934e-07
122210000	8.419714e-07
122215000	8.783401e-07
122220000	8.867862e-07
122225000	9.693768e-07
122230000	9.322949e-07
122235000	9.761087e-07
122240000	7.641168e-07
122245000	7.864342e-07
122250000	9.601052e-07
122255000	8.975843e-07
122260000	7.925034e-07
122265000	1.364189e-06
122270000	7.492573e-07
122275000	9.991682e-07
122280000	9.171308e-07
122285000	7.618167e-07
122290000	6.205491e-07
122295000	1.185939e-06
122300000	1.006788e-06
122305000	1.076364e-06
122310000	1.081582e-06
122315000	7.008316e-07
122320000	1.063884e-06
122325000	6.823639e-07
122330000	1.077864e-06
122335000	8.556002e-07
122340000	1.005757e-06
122345000	8.057154e-07
122350000	8.469303e-07
122355000	1.115644e-06
122360000	5.991942e-07
122365000	6.493711e-07
122370000	1.012461e-06
122375000	9.558130e-07
122380000	8.989608e-07
122385000	7.846724e-07
122390000	6.759684e-07
122395000	7.474263e-07
122400000	1.043987e-06
122405000	9.593796e-07
122410000	9.544627e-07
122415000	1.218975e-06
122420000	8.218985e-07
122425000	7.807000e-07
122430000	5.893112e-07
122435000	9.241734e-07
122440000	9.946645e-07
122445000	1.013720e-06
122450000	6.835929e-07
122455000	8.026527e-07
122460000	7.125050e-07
122465000	9.791191e-07
122470000	7.654563e-07
122475000	8.155553e-07
122480000	8.059177e-07
122485000	9.098768e-07
122490000	1.045943e-06
122495000	8.012339e-07
122500000	8.819428e-07
122505000	7.041534e-07
122510000	1.033170e-06
122515000	8.629345e-07
122520000	9.295895e-07
122525000	1.033247e-06
122530000	9.728592e-07
122535000	8.270921e-07
122540000	1.073571e-06
122545000	6.961168e-07
122550000	8.356776e-07
122555000	9.404202e-07
122560000	1.143631e-06
122565000	6.662175e-07
122570000	9.056775e-07
122575000	8.406142e-07
122580000	5.177344e-07
122585000	8.061030e-07
122590000	8.351907e-07
122595000	7.737669e-07
122600000	9.013831e-07
122605000	6.885391e-07
122610000	8.913486e-07
122615000	1.327390e-06
122620000	7.473401e-07
122625000	1.260809e-06
122630000	8.167146e-07
122635000	8.484701e-07
122640000	8.451563e-07
122645000	9.228114e-07
122650000	9.308920e-07
122655000	8.028403e-07
122660000	9.991728e-07
122665000	8.405065e-07
122670000	7.412678e-07
122675000	9.108887e-07
122680000	9.831539e-07
122685000	1.068842e-06
122690000	9.741034e-07
122695000	1.035953e-06
122700000	9.652517e-07
122705000	7.975534e-07
122710000	7.434736e-07
122715000	7.208990e-07
122720000	8.246179e-07
122725000	1.276561e-06
122730000	1.008267e-06
122735000	1.015996e-06
122740000	7.751646e-07
122745000	9.644501e-07
122750000	9.821290e-07
122755000	7.332711e-07
122760000	9.061668e-07
122765000	7.658395e-07
122770000	9.297459e-07
122775000	8.928399e-07
122780000	1.140251e-06
122785000	8.573643e-07
122790000	1.001513e-06
122795000	7.578855e-07
122800000	7.632394e-07
122805000	1.128017e-06
122810000	9.645715e-07
122815000	9.069491e-07
122820000	9.961047e-07
122825000	7.612710e-07
122830000	8.582491e-07
122835000	9.705129e-07
122840000	7.381102e-07
122845000	9.471544e-07
122850000	7.794343e-07
122855000	7.642554e-07
122860000	7.607237e-07
122865000	7.036045e-07
122870000	8.548305e-07
122875000	5.908034e-07
122880000	1.096264e-06
122885000	1.036260e-06
122890000	8.936369e-07
122895000	1.101761e-06
122900000	7.528605e-07
122905000	1.121641e-06
122910000	8.913280e-07
122915000	9.237692e-07
122920000	7.906577e-07
122925000	8.784684e-07
122930000	6.833513e-07
122935000	1.023424e-06
122940000	9.690982e-07
122945000	8.595679e-07
122950000	1.009048e-06
122955000	9.584508e-07
122960000	1.173718e-06
122965000	1.120837e-06
122970000	8.231968e-07
122975000	9.835255e-07
122980000	7.904367e-07
122985000	1.106606e-06
122990000	1.070619e-06
122995000	1.038166e-06
123000000	8.282808e-07
123005000	1.092075e-06
123010000	1.222064e-06
123015000	1.160754e-06
123020000	8.901593e-07
123025000	7.550995e-07
123030000	1.199548e-06
123035000	7.624785e-07
123040000	8.843870e-07
123045000	7.315848e-07
123050000	9.255481e-07
123055000	8.548089e-07
123060000	9.543237e-07
123065000	8.810464e-07
123070000	8.028676e-07
123075000	1.181922e-06
123080000	8.917892e-07
123085000	1.030393e-06
123090000	1.066562e-06
123095000	8.884744e-07
123100000	1.051012e-06
123105000	8.950458e-07
123110000	1.070417e-06
123115000	8.228315e-07
123120000	1.143395e-06
123125000	1.003654e-06
123130000	9.777529e-07
123135000	8.645161e-07
123140000	1.019595e-06
123145000	9.281586e-07
123150000	1.279768e-06
123155000	9.592599e-07
123160000	1.071061e-06
123165000	1.399817e-06
123170000	1.194977e-06
123175000	8.601843e-07
123180000	9.571262e-07
123185000	7.404609e-07
123190000	6.611056e-07
123195000	9.311414e-07
123200000	1.354849e-06
123205000	1.010244e-06
123210000	8.891321e-07
123215000	1.149441e-06
123220000	9.342819e-07
123225000	1.419694e-06
123230000	8.002885e-07
123235000	7.860389e-07
123240000	7.291758e-07
123245000	7.816742e-07
123250000	7.273932e-07
123255000	8.958091e-07
123260000	7.670064e-07
123265000	8.407256e-07
123270000	9.129663e-07
123275000	1.012121e-06
123280000	9.683041e-07
123285000	6.622333e-07
123290000	9.594686e-07
123295000	8.554703e-07
123300000	1.118857e-06
123305000	8.363743e-07
123310000	1.002731e-06
123315000	8.997452e-07
123320000	1.059220e-06
123325000	8.540733e-07
123330000	6.333714e-07
123335000	7.852551e-07
123340000	7.012269e-07
123345000	9.695584e-07
123350000	6.970205e-07
123355000	1.050359e-06
123360000	6.861383e-07
123365000	8.335181e-07
123370000	7.106638e-07
123375000	8.259494e-07
123380000	7.933638e-07
123385000	1.059073e-06
123390000	8.004927e-07
123395000	8.880842e-07
123400000	7.653709e-07
123405000	8.063176e-07
123410000	7.971441e-07
123415000	1.009912e-06
123420000	1.166452e-06
123425000	1.088673e-06
123430000	1.008171e-06
123435000	1.121504e-06
123440000	1.053262e-06
123445000	9.152316e-07
123450000	9.773412e-07
123455000	5.496256e-07
123460000	6.421910e-07
123465000	7.578540e-07
123470000	9.335898e-07
123475000	5.869490e-07
123480000	7.121713e-07
123485000	1.024509e-06
123490000	9.405016e-07
123495000	8.463350e-07
123500000	7.683955e-07
123505000	8.896555e-07
123510000	9.763727e-07
123515000	7.111196e-07
123520000	8.469513e-07
123525000	6.972532e-07
123530000	8.972187e-07
123535000	1.154454e-06
123540000	8.836676e-07
123545000	8.494466e-07
123550000	5.975613e-07
123555000	1.014207e-06
123560000	1.072546e-06
123565000	1.124192e-06
123570000	1.151766e-06
123575000	7.971992e-07
123580000	8.109702e-07
123585000	5.723256e-07
123590000	8.211466e-07
123595000	6.716170e-07
123600000	9.175435e-07
123605000	8.856392e-07
123610000	1.208016e-06
123615000	1.216523e-06
123620000	8.820575e-07
123625000	9.963878e-07
123630000	7.826961e-07
123635000	8.475911e-07
123640000	8.799683e-07
123645000	6.667445e-07
123650000	7.436347e-07
123655000	1.100755e-06
123660000	1.211545e-06
123665000	9.630901e-07
123670000	6.177387e-07
123675000	9.028163e-07
123680000	8.205726e-07
123685000	8.788001e-07
123690000	8.661400e-07
123695000	8.904812e-07
123700000	7.612809e-07
123705000	1.107544e-06
123710000	8.713126e-07
123715000	9.310633e-07
123720000	7.412434e-07
123725000	1.251459e-06
123730000	6.685915e-07
123735000	8.320502e-07
123740000	8.105431e-07
123745000	8.753698e-07
123750000	8.766466e-07
123755000	9.071802e-07
123760000	8.614890e-07
123765000	8.794404e-07
123770000	9.116128e-07
123775000	1.084315e-06
123780000	8.552188e-07
123785000	1.051752e-06
123790000	7.101776e-07
123795000	1.171212e-06
123800000	8.796763e-07
123805000	8.443370e-07
123810000	8.427116e-07
123815000	8.359530e-07
123820000	9.898240e-07
123825000	7.679307e-07
123830000	1.054414e-06
123835000	1.118669e-06
123840000	7.811636e-07
123845000	8.485850e-07
123850000	8.493640e-07
123855000	7.615536e-07
123860000	7.507118e-07
123865000	6.008506e-07
123870000	8.987428e-07
123875000	9.293481e-07
123880000	7.919122e-07
123885000	8.200214e-07
123890000	8.508245e-07
123895000	1.063196e-06
123900000	9.353924e-07
123905000	7.662434e-07
123910000	1.081009e-06
123915000	7.165473e-07
123920000	9.279964e-07
123925000	1.168081e-06
123930000	6.120937e-07
123935000	1.178629e-06
123940000	7.709491e-07
123945000	8.260154e-07
123950000	7.226385e-07
123955000	8.508029e-07
123960000	1.037140e-06
123965000	8.223037e-07
123970000	9.199302e-07
123975000	7.851544e-07
123980000	7.183290e-07
123985000	9.340836e-07
123990000	6.873516e-07
123995000	7.204199e-07
124000000	8.576450e-07
124005000	8.050724e-07
124010000	7.596461e-07
124015000	8.015770e-07
124020000	8.299489e-07
124025000	9.591339e-07
124030000	7.200224e-07
124035000	9.871983e-07
124040000	7.240936e-07
124045000	7.171981e-07
124050000	6.180041e-07
124055000	6.312801e-07
124060000	5.006830e-07
124065000	8.338296e-07
124070000	7.842493e-07
124075000	7.403830e-07
124080000	9.242812e-07
124085000	8.119087e-07
124090000	8.017414e-07
124095000	8.601790e-07
124100000	7.176803e-07
124105000	8.006704e-07
124110000	7.174586e-07
124115000	9.737317e-07
124120000	7.394364e-07
124125000	7.169957e-07
124130000	7.983420e-07
124135000	7.875637e-07
124140000	7.463961e-07
124145000	1.415533e-06
124150000	9.546126e-07
124155000	6.866191e-07
124160000	8.607787e-07
124165000	8.749799e-07
124170000	9.708287e-07
124175000	1.014560e-06
124180000	1.050449e-06
124185000	7.633405e-07
124190000	1.100554e-06
124195000	6.478573e-07
124200000	9.054223e-07
124205000	7.791706e-07
124210000	8.979499e-07
124215000	9.618537e-07
124220000	8.524733e-07
124225000	7.493733e-07
124230000	7.607897e-07
124235000	9.369598e-07
124240000	8.998559e-07
124245000	9.981162e-07
124250000	8.037622e-07
124255000	8.595554e-07
124260000	7.530831e-07
124265000	8.358962e-07
124270000	1.137488e-06
124275000	7.118003e-07
124280000	7.572399e-07
124285000	8.881535e-07
124290000	8.579529e-07
124295000	7.972523e-07
124300000	7.856552e-07
124305000	6.688699e-07
124310000	6.660897e-07
124315000	7.120002e-07
124320000	8.180717e-07
124325000	8.182300e-07
124330000	7.809940e-07
124335000	8.160097e-07
124340000	6.798728e-07
124345000	9.866687e-07
124350000	6.590021e-07
124355000	9.940847e-07
124360000	7.047337e-07
124365000	9.368913e-07
124370000	6.751960e-07
124375000	5.866078e-07
124380000	6.252734e-07
124385000	8.027769e-07
124390000	5.453957e-07
124395000	9.181263e-07
124400000	1.074356e-06
124405000	6.308823e-07
124410000	8.738062e-07
124415000	6.998662e-07
124420000	7.810946e-07
124425000	1.096622e-06
124430000	1.043465e-06
124435000	6.740152e-07
124440000	1.045335e-06
124445000	7.547145e-07
124450000	1.115877e-06
124455000	9.392037e-07
124460000	8.093848e-07
124465000	6.258357e-07
124470000	7.036244e-07
124475000	6.620941e-07
124480000	7.069374e-07
124485000	7.486830e-07
124490000	5.288536e-07
124495000	1.059483e-06
124500000	8.034978e-07
124505000	8.268576e-07
124510000	7.124672e-07
124515000	9.351778e-07
124520000	7.094840e-07
124525000	9.314069e-07
124530000	1.049927e-06
124535000	8.651341e-07
124540000	8.890917e-07
124545000	7.780001e-07
124550000	8.369249e-07
124555000	8.618545e-07
124560000	8.715742e-07
124565000	7.057281e-07
124570000	8.660266e-07
124575000	7.365922e-07
124580000	6.719928e-07
124585000	6.803800e-07
124590000	7.530382e-07
124595000	9.335839e-07
124600000	4.701135e-07
124605000	6.541543e-07
124610000	6.188567e-07
124615000	8.069532e-07
124620000	7.107765e-07
124625000	7.195754e-07
124630000	8.864766e-07
124635000	9.664575e-07
124640000	7.108382e-07
124645000	9.700141e-07
124650000	1.121593e-06
124655000	7.719414e-07
124660000	7.478928e-07
124665000	7.960288e-07
124670000	7.875259e-07
124675000	7.569525e-07
124680000	6.368486e-07
124685000	8.546929e-07
124690000	1.070250e-06
124695000	7.800819e-07
124700000	7.064326e-07
124705000	7.390644e-07
124710000	7.579043e-07
124715000	8.894808e-07
124720000	6.165479e-07
124725000	1.090808e-06
124730000	7.130963e-07
124735000	1.050116e-06
124740000	8.092121e-07
124745000	1.006167e-06
124750000	8.532692e-07
124755000	6.316805e-07
124760000	7.123221e-07
124765000	7.674815e-07
124770000	8.684740e-07
124775000	8.476966e-07
124780000	8.311573e-07
124785000	5.887883e-07
124790000	7.774761e-07
124795000	9.563072e-07
124800000	8.726056e-07
124805000	4.848239e-07
124810000	7.852101e-07
124815000	7.138079e-07
124820000	7.387527e-07
124825000	8.363871e-07
124830000	1.103151e-06
124835000	9.461821e-07
124840000	7.435241e-07
124845000	6.595759e-07
124850000	9.107251e-07
124855000	8.365594e-07
124860000	8.824837e-07
124865000	9.598715e-07
124870000	8.836201e-07
124875000	7.447849e-07
124880000	8.079305e-07
124885000	6.380140e-07
124890000	7.832410e-07
124895000	9.709268e-07
124900000	8.564571e-07
124905000	1.114070e-06
124910000	1.078731e-06
124915000	7.110657e-07
124920000	7.745775e-07
124925000	8.030845e-07
124930000	7.499286e-07
124935000	5.975740e-07
124940000	9.154385e-07
124945000	1.070780e-06
124950000	8.946088e-07
124955000	1.038358e-06
124960000	1.168174e-06
124965000	8.742909e-07
124970000	9.022402e-07
124975000	1.097851e-06
124980000	8.526829e-07
124985000	8.114141e-07
124990000	9.137572e-07
124995000	7.151357e-07
125000000	8.497140e-07
125005000	9.819463e-07
125010000	1.032563e-06
125015000	9.565335e-07
125020000	5.379370e-07
125025000	9.978525e-07
125030000	1.066417e-06
125035000	6.269786e-07
125040000	7.836576e-07
125045000	6.919214e-07
125050000	7.236019e-07
125055000	6.302230e-07
125060000	8.675810e-07
125065000	5.196067e-07
125070000	7.326236e-07
125075000	8.590262e-07
125080000	9.577940e-07
125085000	4.958802e-07
125090000	1.199418e-06
125095000	8.603213e-07
125100000	6.497926e-07
125105000	7.915905e-07
125110000	5.513372e-07
125115000	9.330972e-07
125120000	7.167105e-07
125125000	8.274652e-07
125130000	9.948122e-07
125135000	9.428671e-07
125140000	9.542359e-07
125145000	8.669003e-07
125150000	8.657841e-07
125155000	7.063317e-07
125160000	1.016391e-06
125165000	7.104349e-07
125170000	9.508361e-07
125175000	7.568413e-07
125180000	1.030649e-06
125185000	7.855127e-07
125190000	7.141549e-07
125195000	9.340171e-07
125200000	9.928192e-07
125205000	9.241510e-07
125210000	8.927449e-07
125215000	6.735496e-07
125220000	7.879219e-07
125225000	8.541428e-07
125230000	1.061581e-06
125235000	5.082321e-07
125240000	7.588336e-07
125245000	8.730555e-07
125250000	9.876531e-07
125255000	1.089436e-06
125260000	7.868962e-07
125265000	1.078513e-06
125270000	7.735644e-07
125275000	1.131996e-06
125280000	5.885701e-07
125285000	5.291676e-07
125290000	6.942383e-07
125295000	7.404792e-07
125300000	9.178940e-07
125305000	6.401190e-07
125310000	6.863548e-07
125315000	9.529370e-07
125320000	8.772964e-07
125325000	1.038773e-06
125330000	7.044308e-07
125335000	1.054131e-06
125340000	1.115996e-06
125345000	7.903596e-07
125350000	7.290113e-07
125355000	8.793613e-07
125360000	8.899837e-07
125365000	7.132250e-07
125370000	9.537947e-07
125375000	7.923168e-07
125380000	7.806288e-07
125385000	7.589652e-07
125390000	6.831534e-07
125395000	1.054898e-06
125400000	7.346872e-07
125405000	6.434335e-07
125410000	8.025844e-07
125415000	9.337990e-07
125420000	8.522362e-07
125425000	6.795499e-07
125430000	7.705364e-07
125435000	8.576429e-07
125440000	9.566836e-07
125445000	9.829828e-07
125450000	1.114249e-06
125455000	1.085706e-06
125460000	6.099465e-07
125465000	9.960918e-07
125470000	1.074557e-06
125475000	7.179777e-07
125480000	8.190614e-07
125485000	7.868855e-07
125490000	5.651480e-07
125495000	9.733521e-07
125500000	9.873006e-07
125505000	9.625020e-07
125510000	9.058550e-07
125515000	7.925191e-07
125520000	7.980864e-07
125525000	8.588694e-07
125530000	8.658947e-07
125535000	7.579604e-07
125540000	8.373281e-07
125545000	9.851900e-07
125550000	7.790487e-07
125555000	9.401980e-07
125560000	7.111008e-07
125565000	5.390194e-07
125570000	7.278734e-07
125575000	7.349908e-07
125580000	6.561776e-07
125585000	7.289666e-07
125590000	7.648801e-07
125595000	5.973809e-07
125600000	7.447910e-07
125605000	1.059917e-06
125610000	7.231005e-07
125615000	8.230361e-07
125620000	7.813461e-07
125625000	1.005230e-06
125630000	6.520884e-07
125635000	7.067264e-07
125640000	6.477457e-07
125645000	9.045844e-07
125650000	7.863559e-07
125655000	1.031367e-06
125660000	5.419683e-07
125665000	8.584145e-07
125670000	8.276011e-07
125675000	8.317227e-07
125680000	8.007607e-07
125685000	7.280585e-07
125690000	7.374180e-07
125695000	6.574264e-07
125700000	8.653141e-07
125705000	1.078401e-06
125710000	1.016622e-06
125715000	7.883815e-07
125720000	5.452582e-07
125725000	9.658913e-07
125730000	8.663101e-07
125735000	7.514515e-07
125740000	1.048537e-06
125745000	8.657839e-07
125750000	7.889446e-07
125755000	1.141688e-06
125760000	1.048165e-06
125765000	8.376075e-07
125770000	7.292624e-07
125775000	8.664051e-07
125780000	1.065959e-06
125785000	8.417301e-07
125790000	9.625839e-07
125795000	8.075372e-07
125800000	1.175630e-06
125805000	9.075903e-07
125810000	7.945919e-07
125815000	7.434769e-07
125820000	7.034634e-07
125825000	8.465326e-07
125830000	6.576361e-07
125835000	9.019477e-07
125840000	8.664633e-07
125845000	7.695633e-07
125850000	7.020451e-07
125855000	1.095145e-06
125860000	4.394154e-07
125865000	6.095117e-07
125870000	8.909346e-07
125875000	9.537881e-07
125880000	9.439364e-07
125885000	6.885963e-07
125890000	7.966465e-07
125895000	8.196495e-07
125900000	6.427491e-07
125905000	5.694887e-07
125910000	7.519673e-07
125915000	7.263293e-07
125920000	6.652960e-07
125925000	8.588158e-07
125930000	8.812587e-07
125935000	7.129755e-07
125940000	8.360969e-07
125945000	9.410547e-07
125950000	6.666388e-07
125955000	7.633714e-07
125960000	8.544746e-07
125965000	7.389404e-07
125970000	7.599135e-07
125975000	9.387871e-07
125980000	9.538952e-07
125985000	9.696296e-07
125990000	4.348548e-07
125995000	9.781584e-07
126000000	9.589362e-07
126005000	7.975317e-07
126010000	8.938525e-07
126015000	1.112759e-06
126020000	7.379069e-07
126025000	7.199373e-07
126030000	8.775337e-07
126035000	6.722244e-07
126040000	7.907157e-07
126045000	7.550114e-07
126050000	1.012003e-06
126055000	7.884762e-07
126060000	7.545310e-07
126065000	1.142931e-06
126070000	7.877106e-07
126075000	6.497876e-07
126080000	7.949700e-07
126085000	7.933097e-07
126090000	7.299627e-07
126095000	9.166253e-07
126100000	6.856231e-07
126105000	7.069325e-07
126110000	8.806808e-07
126115000	9.334600e-07
126120000	7.385866e-07
126125000	8.443965e-07
126130000	9.051978e-07
126135000	7.977712e-07
126140000	6.787174e-07
126145000	5.891929e-07
126150000	7.273476e-07
126155000	6.577265e-07
126160000	6.239724e-07
126165000	5.357906e-07
126170000	1.036464e-06
126175000	8.879886e-07
126180000	7.108177e-07
126185000	6.243178e-07
126190000	8.966869e-07
126195000	6.119944e-07
126200000	7.558505e-07
126205000	5.578309e-07
126210000	8.917065e-07
126215000	6.910922e-07
126220000	7.372873e-07
126225000	9.014854e-07
126230000	7.053900e-07
126235000	8.460493e-07
126240000	6.648594e-07
126245000	6.674538e-07
126250000	8.684025e-07
126255000	4.269736e-07
126260000	8.559188e-07
126265000	6.034687e-07
126270000	5.156746e-07
126275000	7.276520e-07
126280000	6.272303e-07
126285000	6.722155e-07
126290000	7.567127e-07
126295000	9.436549e-07
126300000	6.127059e-07
126305000	7.784783e-07
126310000	8.268655e-07
126315000	6.648597e-07
126320000	7.215329e-07
126325000	8.377148e-07
126330000	9.189937e-07
126335000	6.813521e-07
126340000	7.028383e-07
126345000	8.377593e-07
126350000	8.761113e-07
126355000	5.879989e-07
126360000	7.536555e-07
126365000	7.348614e-07
126370000	6.780686e-07
126375000	6.953504e-07
126380000	5.372797e-07
126385000	7.223734e-07
126390000	1.075148e-06
126395000	8.458316e-07
126400000	8.098354e-07
126405000	8.531353e-07
126410000	7.724346e-07
126415000	1.100758e-06
126420000	6.809792e-07
126425000	5.642873e-07
126430000	5.824196e-07
126435000	6.512706e-07
126440000	9.064242e-07
126445000	7.653643e-07
126450000	8.394677e-07
126455000	9.873580e-07
126460000	7.243617e-07
126465000	6.068753e-07
126470000	7.962577e-07
126475000	7.581566e-07
126480000	6.318080e-07
126485000	8.868462e-07
126490000	7.647159e-07
126495000	8.646731e-07
126500000	4.607079e-07
126505000	8.704955e-07
126510000	6.829722e-07
126515000	6.285053e-07
126520000	6.837942e-07
126525000	8.002230e-07
126530000	7.462543e-07
126535000	8.111623e-07
126540000	1.282559e-06
126545000	8.554305e-07
126550000	6.700121e-07
126555000	1.105529e-06
126560000	6.609348e-07
126565000	5.954303e-07
126570000	6.298412e-07
126575000	9.716681e-07
126580000	7.806790e-07
126585000	6.805990e-07
126590000	6.609432e-07
126595000	9.316378e-07
126600000	9.031468e-07
126605000	9.884047e-07
126610000	7.651118e-07
126615000	9.053687e-07
126620000	6.613883e-07
126625000	5.891934e-07
126630000	6.105468e-07
126635000	6.263465e-07
126640000	9.517977e-07
126645000	8.160439e-07
126650000	6.269003e-07
126655000	8.021501e-07
126660000	8.004131e-07
126665000	7.122330e-07
126670000	1.142266e-06
126675000	8.912735e-07
126680000	6.166443e-07
126685000	9.569148e-07
126690000	6.566144e-07
126695000	5.901958e-07
126700000	9.610890e-07
126705000	4.458050e-07
126710000	7.390172e-07
126715000	6.209931e-07
126720000	4.479932e-07
126725000	9.064898e-07
126730000	7.898691e-07
126735000	7.573953e-07
126740000	5.904415e-07
126745000	6.854813e-07
126750000	5.941445e-07
126755000	1.171689e-06
126760000	6.953548e-07
126765000	5.474302e-07
126770000	7.213036e-07
126775000	5.375940e-07
126780000	7.874237e-07
126785000	7.058315e-07
126790000	6.485458e-07
126795000	9.570557e-07
126800000	9.880783e-07
126805000	5.968503e-07
126810000	7.329799e-07
126815000	6.638545e-07
126820000	5.707533e-07
126825000	7.599921e-07
126830000	6.262894e-07
126835000	5.729711e-07
126840000	7.230305e-07
126845000	5.741838e-07
126850000	7.949672e-07
126855000	6.433149e-07
126860000	7.286799e-07
126865000	7.093776e-07
126870000	7.987198e-07
126875000	6.992679e-07
126880000	7.084653e-07
126885000	1.053769e-06
126890000	6.630598e-07
126895000	7.400940e-07
126900000	1.042432e-06
126905000	6.686779e-07
126910000	6.726272e-07
126915000	8.484793e-07
126920000	7.514276e-07
126925000	7.159307e-07
126930000	9.079715e-07
126935000	6.613908e-07
126940000	5.471793e-07
126945000	6.615531e-07
126950000	8.228578e-07
126955000	8.822673e-07
126960000	9.340462e-07
126965000	8.500624e-07
126970000	6.097449e-07
126975000	4.999911e-07
126980000	6.968470e-07
126985000	8.638535e-07
126990000	8.113455e-07
126995000	7.370183e-07
127000000	9.016534e-07
127005000	6.268001e-07
127010000	7.698913e-07
127015000	7.346019e-07
127020000	6.624475e-07
127025000	8.138328e-07
127030000	6.012180e-07
127035000	7.140384e-07
127040000	5.933417e-07
127045000	5.956962e-07
127050000	6.402614e-07
127055000	5.880779e-07
127060000	6.795068e-07
127065000	6.625464e-07
127070000	7.336557e-07
127075000	5.953205e-07
127080000	7.003416e-07
127085000	5.720334e-07
127090000	7.194418e-07
127095000	5.898708e-07
127100000	6.689938e-07
127105000	8.769412e-07
127110000	6.577498e-07
127115000	8.226489e-07
127120000	7.176629e-07
127125000	1.007112e-06
127130000	9.964891e-07
127135000	5.947597e-07
127140000	6.277675e-07
127145000	6.236858e-07
127150000	8.888011e-07
127155000	7.819023e-07
127160000	7.766484e-07
127165000	8.875882e-07
127170000	6.523505e-07
127175000	6.958351e-07
127180000	7.416956e-07
127185000	6.529676e-07
127190000	4.515858e-07
127195000	5.952379e-07
127200000	6.233756e-07
127205000	7.366603e-07
127210000	8.629536e-07
127215000	5.957752e-07
127220000	8.073552e-07
127225000	7.553711e-07
127230000	8.764361e-07
127235000	6.296214e-07
127240000	6.915366e-07
127245000	8.952829e-07
127250000	7.604105e-07
127255000	7.155708e-07
127260000	7.163545e-07
127265000	5.970534e-07
127270000	9.507280e-07
127275000	7.360339e-07
127280000	6.807308e-07
127285000	7.254722e-07
127290000	7.761650e-07
127295000	9.043453e-07
127300000	6.358773e-07
127305000	7.097025e-07
127310000	5.787770e-07
127315000	5.539914e-07
127320000	8.533720e-07
127325000	7.772265e-07
127330000	1.055992e-06
127335000	5.590089e-07
127340000	9.596059e-07
127345000	9.811778e-07
127350000	6.272315e-07
127355000	5.730110e-07
127360000	6.498248e-07
127365000	9.550649e-07
127370000	6.835413e-07
127375000	7.311015e-07
127380000	8.567925e-07
127385000	6.355256e-07
127390000	8.214306e-07
127395000	7.713506e-07
127400000	7.540311e-07
127405000	6.920216e-07
127410000	8.862903e-07
127415000	7.534443e-07
127420000	4.816003e-07
127425000	9.046849e-07
127430000	7.325195e-07
127435000	9.133832e-07
127440000	4.856394e-07
127445000	7.289043e-07
127450000	6.522404e-07
127455000	7.417929e-07
127460000	8.410198e-07
127465000	8.899851e-07
127470000	5.322415e-07
127475000	7.750745e-07
127480000	8.010647e-07
127485000	9.714795e-07
127490000	4.970749e-07
127495000	7.662345e-07
127500000	4.074839e-07
127505000	7.847052e-07
127510000	6.874830e-07
127515000	8.795049e-07
127520000	8.666708e-07
127525000	7.217432e-07
127530000	5.261814e-07
127535000	7.436760e-07
127540000	8.271832e-07
127545000	8.252030e-07
127550000	6.419844e-07
127555000	3.079624e-07
127560000	4.729529e-07
127565000	7.288110e-07
127570000	9.287725e-07
127575000	8.408911e-07
127580000	4.027763e-07
127585000	6.507818e-07
127590000	6.416879e-07
127595000	4.314504e-07
127600000	8.797191e-07
127605000	6.196300e-07
127610000	6.454012e-07
127615000	6.225527e-07
127620000	8.202789e-07
127625000	6.898424e-07
127630000	6.524458e-07
127635000	6.581748e-07
127640000	7.620861e-07
127645000	7.662086e-07
127650000	7.544435e-07
127655000	7.882040e-07
127660000	7.210267e-07
127665000	6.623091e-07
127670000	5.305044e-07
127675000	7.715183e-07
127680000	5.365180e-07
127685000	7.106183e-07
127690000	7.695676e-07
127695000	7.016292e-07
127700000	6.065348e-07
127705000	6.216196e-07
127710000	4.525853e-07
127715000	6.160829e-07
127720000	6.349449e-07
127725000	8.125252e-07
127730000	7.915321e-07
127735000	8.715837e-07
127740000	5.693552e-07
127745000	6.414058e-07
127750000	7.623416e-07
127755000	7.537139e-07
127760000	5.794076e-07
127765000	9.381141e-07
127770000	6.987745e-07
127775000	8.181128e-07
127780000	6.628019e-07
127785000	6.776790e-07
127790000	6.921300e-07
127795000	5.120219e-07
127800000	6.188211e-07
127805000	7.930906e-07
127810000	7.076546e-07
127815000	8.718403e-07
127820000	8.870882e-07
127825000	6.464961e-07
127830000	7.597933e-07
127835000	8.613241e-07
127840000	7.815501e-07
127845000	6.305765e-07
127850000	4.801558e-07
127855000	9.705002e-07
127860000	7.273066e-07
127865000	6.947597e-07
127870000	7.681425e-07
127875000	5.790041e-07
127880000	8.996877e-07
127885000	7.405729e-07
127890000	8.359062e-07
127895000	5.605857e-07
127900000	6.213941e-07
127905000	4.738092e-07
127910000	8.423127e-07
127915000	8.049128e-07
127920000	6.252347e-07
127925000	4.731303e-07
127930000	8.800993e-07
127935000	7.105014e-07
127940000	5.864107e-07
127945000	8.307070e-07
127950000	6.279284e-07
127955000	8.806909e-07
127960000	8.306716e-07
127965000	7.553238e-07
127970000	6.042191e-07
127975000	6.700080e-07
127980000	6.279020e-07
127985000	7.111099e-07
127990000	6.899104e-07
127995000	7.376694e-07
128000000	5.187351e-07
128005000	6.393511e-07
128010000	8.688852e-07
128015000	6.864871e-07
128020000	8.820049e-07
128025000	6.799023e-07
128030000	1.048509e-06
128035000	7.664465e-07
128040000	4.932413e-07
128045000	7.486296e-07
128050000	5.820294e-07
128055000	8.604207e-07
128060000	6.201747e-07
128065000	4.863684e-07
128070000	8.274177e-07
128075000	7.433477e-07
128080000	6.622674e-07
128085000	1.038995e-06
128090000	7.319654e-07
128095000	7.054114e-07
128100000	6.904231e-07
128105000	7.239935e-07
128110000	5.965422e-07
128115000	5.369127e-07
128120000	8.083892e-07
128125000	7.477421e-07
128130000	7.327692e-07
128135000	5.120395e-07
128140000	5.281563e-07
128145000	5.280471e-07
128150000	6.628180e-07
128155000	8.577095e-07
128160000	6.302835e-07
128165000	8.435047e-07
128170000	6.856050e-07
128175000	8.582267e-07
128180000	8.288341e-07
128185000	7.717215e-07
128190000	7.251469e-07
128195000	6.245632e-07
128200000	6.134520e-07
128205000	7.727426e-07
128210000	7.208850e-07
128215000	7.421504e-07
128220000	9.951856e-07
128225000	7.012869e-07
128230000	8.310881e-07
128235000	9.429337e-07
128240000	6.645191e-07
128245000	7.330257e-07
128250000	7.021122e-07
128255000	9.623956e-07
128260000	7.547034e-07
128265000	7.353719e-07
128270000	5.420997e-07
128275000	6.890354e-07
128280000	5.618594e-07
128285000	6.635976e-07
128290000	8.499809e-07
128295000	9.532626e-07
128300000	7.737716e-07
128305000	5.937920e-07
128310000	6.922601e-07
128315000	1.194688e-06
128320000	6.052109e-07
128325000	1.132162e-06
128330000	8.084961e-07
128335000	6.733285e-07
128340000	7.318487e-07
128345000	9.376148e-07
128350000	6.952496e-07
128355000	8.542405e-07
128360000	8.453331e-07
128365000	8.475835e-07
128370000	7.976253e-07
128375000	5.986948e-07
128380000	6.493704e-07
128385000	8.211247e-07
128390000	7.305992e-07
128395000	6.944549e-07
128400000	7.308590e-07
128405000	1.037263e-06
128410000	6.305942e-07
128415000	9.173270e-07
128420000	7.408216e-07
128425000	8.703324e-07
128430000	8.064860e-07
128435000	5.293789e-07
128440000	8.549181e-07
128445000	6.698852e-07
128450000	8.216931e-07
128455000	5.210708e-07
128460000	5.114723e-07
128465000	6.378087e-07
128470000	9.197603e-07
128475000	7.038677e-07
128480000	9.348912e-07
128485000	7.224008e-07
128490000	7.581227e-07
128495000	7.228131e-07
128500000	7.195989e-07
128505000	6.208138e-07
128510000	8.856132e-07
128515000	7.866448e-07
128520000	1.086079e-06
128525000	8.278623e-07
128530000	6.354678e-07
128535000	6.254642e-07
128540000	8.819372e-07
128545000	1.065294e-06
128550000	8.950827e-07
128555000	8.266063e-07
128560000	6.013574e-07
128565000	1.001746e-06
128570000	7.935897e-07
128575000	6.824797e-07
128580000	7.783702e-07
128585000	7.431209e-07
128590000	6.129811e-07
128595000	8.789467e-07
128600000	6.452621e-07
128605000	7.125045e-07
128610000	7.313477e-07
128615000	4.851172e-07
128620000	5.557470e-07
128625000	7.517750e-07
128630000	8.372072e-07
128635000	8.273004e-07
128640000	4.716868e-07
128645000	6.783023e-07
128650000	6.732226e-07
128655000	7.583105e-07
128660000	4.189378e-07
128665000	7.493590e-07
128670000	8.277296e-07
128675000	7.686302e-07
128680000	5.925522e-07
128685000	6.537668e-07
128690000	7.456390e-07
128695000	8.159142e-07
128700000	7.827752e-07
128705000	6.191132e-07
128710000	6.784536e-07
128715000	7.420610e-07
128720000	8.780289e-07
128725000	5.204668e-07
128730000	6.981640e-07
128735000	6.169314e-07
128740000	4.582484e-07
128745000	6.874285e-07
128750000	7.649757e-07
128755000	6.071832e-07
128760000	5.546936e-07
128765000	6.686164e-07
128770000	8.286658e-07
128775000	7.569789e-07
128780000	6.786761e-07
128785000	7.444700e-07
128790000	7.597242e-07
128795000	8.321120e-07
128800000	5.684096e-07
128805000	7.198384e-07
128810000	8.833899e-07
128815000	6.621366e-07
128820000	6.323679e-07
128825000	6.219809e-07
128830000	6.321166e-07
128835000	7.091238e-07
128840000	9.408370e-07
128845000	4.585054e-07
128850000	3.640460e-07
128855000	4.576849e-07
128860000	8.568265e-07
128865000	4.935392e-07
128870000	6.265869e-07
128875000	8.047926e-07
128880000	8.157104e-07
128885000	4.673690e-07
128890000	1.018428e-06
128895000	7.494388e-07
128900000	6.634786e-07
128905000	6.086824e-07
128910000	4.478905e-07
128915000	8.988570e-07
128920000	8.981914e-07
128925000	8.979245e-07
128930000	8.095542e-07
128935000	6.756953e-07
128940000	9.351141e-07
128945000	5.472833e-07
128950000	6.779026e-07
128955000	4.184734e-07
128960000	7.399686e-07
128965000	9.312035e-07
128970000	6.620126e-07
128975000	5.869190e-07
128980000	6.153160e-07
128985000	7.375722e-07
128990000	9.421579e-07
128995000	4.904402e-07
129000000	7.372784e-07
129005000	5.793402e-07
129010000	6.374219e-07
129015000	7.673828e-07
129020000	5.712827e-07
129025000	6.389776e-07
129030000	4.775804e-07
129035000	5.079068e-07
129040000	6.338814e-07
129045000	7.191856e-07
129050000	8.583610e-07
129055000	5.749838e-07
129060000	7.335068e-07
129065000	5.977332e-07
129070000	5.782724e-07
129075000	6.727130e-07
129080000	6.806803e-07
129085000	8.550199e-07
129090000	9.851560e-07
129095000	5.348301e-07
129100000	6.130731e-07
129105000	7.738003e-07
129110000	6.256078e-07
129115000	6.067628e-07
129120000	4.998724e-07
129125000	6.119841e-07
129130000	5.755518e-07
129135000	6.076490e-07
129140000	6.953630e-07
129145000	7.649811e-07
129150000	9.129870e-07
129155000	9.948172e-07
129160000	6.683938e-07
129165000	8.144959e-07
129170000	7.699627e-07
129175000	9.147593e-07
129180000	6.162023e-07
129185000	7.242274e-07
129190000	9.574754e-07
129195000	7.429150e-07
129200000	5.945455e-07
129205000	8.064961e-07
129210000	5.981732e-07
129215000	5.879278e-07
129220000	6.845938e-07
129225000	5.001544e-07
129230000	6.709494e-07
129235000	5.753312e-07
129240000	5.805152e-07
129245000	9.028806e-07
129250000	5.850015e-07
129255000	8.705144e-07
129260000	5.209419e-07
129265000	6.228577e-07
129270000	6.461429e-07
129275000	6.688021e-07
129280000	7.741405e-07
129285000	6.631336e-07
129290000	7.278760e-07
129295000	7.491431e-07
129300000	4.287697e-07
129305000	6.998521e-07
129310000	5.089896e-07
129315000	7.592685e-07
129320000	8.615554e-07
129325000	9.036628e-07
129330000	5.852469e-07
129335000	7.571509e-07
129340000	5.752913e-07
129345000	5.512076e-07
129350000	8.757688e-07
129355000	6.270178e-07
129360000	6.423511e-07
129365000	4.368901e-07
129370000	8.231061e-07
129375000	6.937398e-07
129380000	8.331604e-07
129385000	7.603602e-07
129390000	5.434609e-07
129395000	6.615148e-07
129400000	5.046186e-07
129405000	6.297412e-07
129410000	6.719299e-07
129415000	7.361487e-07
129420000	6.201747e-07
129425000	5.368564e-07
129430000	7.901327e-07
129435000	7.183752e-07
129440000	5.918044e-07
129445000	4.838471e-07
129450000	7.484354e-07
129455000	4.771768e-07
129460000	3.501256e-07
129465000	5.115017e-07
129470000	7.654420e-07
129475000	6.967469e-07
129480000	5.701859e-07
129485000	6.051876e-07
129490000	1.033634e-06
129495000	5.954194e-07
129500000	5.008671e-07
129505000	7.697514e-07
129510000	8.425296e-07
129515000	4.460499e-07
129520000	5.527443e-07
129525000	6.710623e-07
129530000	6.505550e-07
129535000	4.475991e-07
129540000	7.451773e-07
129545000	7.594267e-07
129550000	9.375615e-07
129555000	5.753615e-07
129560000	9.257135e-07
129565000	9.331271e-07
129570000	5.976874e-07
129575000	4.904184e-07
129580000	4.725875e-07
129585000	9.246492e-07
129590000	9.777383e-07
129595000	6.601787e-07
129600000	4.692383e-07
129605000	7.594473e-07
129610000	7.914029e-07
129615000	6.320462e-07
129620000	6.820286e-07
129625000	8.036318e-07
129630000	8.615479e-07
129635000	6.632399e-07
129640000	6.409378e-07
129645000	6.428891e-07
129650000	8.335756e-07
129655000	6.827924e-07
129660000	8.014291e-07
129665000	6.837577e-07
129670000	7.924287e-07
129675000	7.640272e-07
129680000	5.201841e-07
129685000	6.059296e-07
129690000	1.023858e-06
129695000	8.403842e-07
129700000	7.318006e-07
129705000	6.052432e-07
129710000	6.107159e-07
129715000	6.122143e-07
129720000	6.654251e-07
129725000	5.671279e-07
129730000	5.287544e-07
129735000	7.156268e-07
129740000	5.233862e-07
129745000	4.713519e-07
129750000	4.977662e-07
129755000	6.953049e-07
129760000	5.356435e-07
129765000	7.722473e-07
129770000	7.694545e-07
129775000	7.592586e-07
129780000	8.474554e-07
129785000	7.855175e-07
129790000	4.278295e-07
129795000	7.970065e-07
129800000	5.409469e-07
129805000	5.799184e-07
129810000	5.240584e-07
129815000	4.799181e-07
129820000	7.955876e-07
129825000	5.501768e-07
129830000	5.588026e-07
129835000	9.206007e-07
129840000	4.177406e-07
129845000	6.573222e-07
129850000	6.580507e-07
129855000	7.823936e-07
129860000	6.690067e-07
129865000	5.399598e-07
129870000	9.534513e-07
129875000	7.573035e-07
129880000	6.225870e-07
129885000	3.887675e-07
129890000	6.080836e-07
129895000	5.557995e-07
129900000	6.597062e-07
129905000	8.676510e-07
129910000	5.224643e-07
129915000	7.014546e-07
129920000	5.001254e-07
129925000	5.668209e-07
129930000	8.726555e-07
129935000	4.440152e-07
129940000	3.857625e-07
129945000	7.887799e-07
129950000	7.561693e-07
129955000	6.516757e-07
129960000	5.882380e-07
129965000	5.646917e-07
129970000	6.953282e-07
129975000	6.626265e-07
129980000	5.506657e-07
129985000	4.957247e-07
129990000	6.144765e-07
129995000	6.004623e-07
130000000	5.981517e-07
130005000	7.875593e-07
130010000	6.569383e-07
130015000	6.694332e-07
130020000	4.053194e-07
130025000	6.809829e-07
130030000	6.591231e-07
130035000	5.276690e-07
130040000	7.007311e-07
130045000	6.338191e-07
130050000	8.019866e-07
130055000	7.174423e-07
130060000	6.359431e-07
130065000	6.720938e-07
130070000	7.528090e-07
130075000	6.054404e-07
130080000	4.469678e-07
130085000	6.124056e-07
130090000	6.848181e-07
130095000	6.170384e-07
130100000	4.620206e-07
130105000	5.647154e-07
130110000	5.383478e-07
130115000	5.815797e-07
130120000	9.041128e-07
130125000	6.055722e-07
130130000	5.690071e-07
130135000	7.895128e-07
130140000	6.746266e-07
130145000	7.320020e-07
130150000	6.116539e-07
130155000	6.037122e-07
130160000	6.491408e-07
130165000	5.253180e-07
130170000	5.859365e-07
130175000	7.765153e-07
130180000	4.299137e-07
130185000	6.787685e-07
130190000	8.171079e-07
130195000	6.197766e-07
130200000	5.711401e-07
130205000	6.576928e-07
130210000	6.317859e-07
130215000	5.762833e-07
130220000	5.149615e-07
130225000	7.005715e-07
130230000	7.946530e-07
130235000	5.859744e-07
130240000	8.112719e-07
130245000	6.670074e-07
130250000	7.570475e-07
130255000	4.007242e-07
130260000	5.544420e-07
130265000	7.106375e-07
130270000	7.750102e-07
130275000	5.180440e-07
130280000	6.184628e-07
130285000	5.441436e-07
130290000	6.613342e-07
130295000	5.812886e-07
130300000	8.952568e-07
130305000	6.547394e-07
130310000	3.619939e-07
130315000	5.231724e-07
130320000	6.644284e-07
130325000	6.788189e-07
130330000	5.728667e-07
130335000	6.096908e-07
130340000	6.836289e-07
130345000	5.994737e-07
130350000	9.420485e-07
130355000	4.802257e-07
130360000	5.411675e-07
130365000	7.239628e-07
130370000	6.243929e-07
130375000	5.342425e-07
130380000	6.001131e-07
130385000	5.552315e-07
130390000	8.158570e-07
130395000	7.532471e-07
130400000	5.977906e-07
130405000	7.236169e-07
130410000	4.664317e-07
130415000	5.773301e-07
130420000	7.164806e-07
130425000	8.085835e-07
130430000	6.392909e-07
130435000	5.612899e-07
130440000	5.570820e-07
130445000	6.387230e-07
130450000	8.101948e-07
130455000	7.137629e-07
130460000	6.035211e-07
130465000	7.538756e-07
130470000	7.153421e-07
130475000	9.525053e-07
130480000	6.260996e-07
130485000	4.651032e-07
130490000	7.208674e-07
130495000	5.478572e-07
130500000	5.823052e-07
130505000	8.333590e-07
130510000	8.579655e-07
130515000	7.704184e-07
130520000	4.989166e-07
130525000	7.177153e-07
130530000	6.222527e-07
130535000	5.989959e-07
130540000	7.717887e-07
130545000	8.055528e-07
130550000	6.442631e-07
130555000	6.852507e-07
130560000	4.755163e-07
130565000	4.766884e-07
130570000	5.107261e-07
130575000	7.141855e-07
130580000	6.963063e-07
130585000	4.358913e-07
130590000	7.305132e-07
130595000	3.737180e-07
130600000	6.024953e-07
130605000	8.224046e-07
130610000	6.949829e-07
130615000	7.952872e-07
130620000	6.094177e-07
130625000	4.800848e-07
130630000	6.735148e-07
130635000	6.130224e-07
130640000	7.016957e-07
130645000	5.502504e-07
130650000	6.759207e-07
130655000	6.992391e-07
130660000	5.681493e-07
130665000	7.133748e-07
130670000	6.284682e-07
130675000	6.482698e-07
130680000	7.775342e-07
130685000	6.071074e-07
130690000	5.684728e-07
130695000	7.766526e-07
130700000	5.866374e-07
130705000	4.821591e-07
130710000	6.968708e-07
130715000	5.352550e-07
130720000	7.103157e-07
130725000	7.416258e-07
130730000	7.064540e-07
130735000	8.528281e-07
130740000	5.335124e-07
130745000	6.124792e-07
130750000	6.380017e-07
130755000	4.945029e-07
130760000	6.912033e-07
130765000	7.081137e-07
130770000	5.081272e-07
130775000	7.027057e-07
130780000	8.927490e-07
130785000	5.742083e-07
130790000	8.837110e-07
130795000	6.367465e-07
130800000	6.303332e-07
130805000	4.944727e-07
130810000	6.755315e-07
130815000	6.631117e-07
130820000	3.732242e-07
130825000	6.631616e-07
130830000	5.407121e-07
130835000	6.188916e-07
130840000	6.402453e-07
130845000	8.593126e-07
130850000	6.252231e-07
130855000	5.091420e-07
130860000	6.086812e-07
130865000	6.974896e-07
130870000	6.952277e-07
130875000	4.039812e-07
130880000	5.532054e-07
130885000	5.976645e-07
130890000	4.522287e-07
130895000	6.928908e-07
130900000	5.500405e-07
130905000	7.836798e-07
130910000	7.295104e-07
130915000	7.450149e-07
130920000	4.400370e-07
130925000	5.487462e-07
130930000	5.329362e-07
130935000	7.298264e-07
130940000	6.730898e-07
130945000	3.473620e-07
130950000	6.132353e-07
130955000	5.774369e-07
130960000	6.354670e-07
130965000	7.916805e-07
130970000	7.812567e-07
130975000	5.581084e-07
130980000	8.121047e-07
130985000	6.755014e-07
130990000	7.889960e-07
130995000	6.673975e-07
131000000	6.291578e-07
131005000	5.707037e-07
131010000	4.301003e-07
131015000	5.624652e-07
131020000	4.502655e-07
131025000	8.053744e-07
131030000	8.541409e-07
131035000	5.150564e-07
131040000	4.630592e-07
131045000	4.326227e-07
131050000	5.932643e-07
131055000	7.108200e-07
131060000	8.316018e-07
131065000	5.508414e-07
131070000	6.303309e-07
131075000	5.949674e-07
131080000	5.753075e-07
131085000	8.755572e-07
131090000	8.432469e-07
131095000	8.268666e-07
131100000	8.413874e-07
131105000	7.037711e-07
131110000	6.345989e-07
131115000	4.000723e-07
131120000	7.752130e-07
131125000	4.892489e-07
131130000	7.071033e-07
131135000	3.980267e-07
131140000	4.893187e-07
131145000	6.222187e-07
131150000	8.583020e-07
131155000	6.592713e-07
131160000	6.818070e-07
131165000	7.199954e-07
131170000	4.878303e-07
131175000	7.303501e-07
131180000	7.271767e-07
131185000	6.441245e-07
131190000	7.142178e-07
131195000	5.355441e-07
131200000	7.380877e-07
131205000	5.899130e-07
131210000	8.193879e-07
131215000	5.361851e-07
131220000	7.775602e-07
131225000	4.068415e-07
131230000	6.512728e-07
131235000	6.574953e-07
131240000	5.245010e-07
131245000	6.535184e-07
131250000	7.191993e-07
131255000	7.049006e-07
131260000	5.381425e-07
131265000	7.226522e-07
131270000	8.188298e-07
131275000	7.405183e-07
131280000	7.535954e-07
131285000	6.251722e-07
131290000	9.668538e-07
131295000	7.618773e-07
131300000	5.206045e-07
131305000	6.070171e-07
131310000	6.116418e-07
131315000	4.696028e-07
131320000	5.786347e-07
131325000	5.963225e-07
131330000	6.456014e-07
131335000	6.910934e-07
131340000	7.057855e-07
131345000	7.622599e-07
131350000	5.384864e-07
131355000	7.158811e-07
131360000	6.034764e-07
131365000	8.006771e-07
131370000	4.112639e-07
131375000	7.384429e-07
131380000	4.879425e-07
131385000	5.690285e-07
131390000	4.823920e-07
131395000	6.570182e-07
131400000	8.446455e-07
131405000	5.525963e-07
131410000	7.574315e-07
131415000	5.320319e-07
131420000	4.885872e-07
131425000	6.642748e-07
131430000	6.565523e-07
131435000	5.278438e-07
131440000	6.097385e-07
131445000	6.675681e-07
131450000	4.969144e-07
131455000	4.279874e-07
131460000	8.904366e-07
131465000	5.436100e-07
131470000	6.228850e-07
131475000	6.294905e-07
131480000	7.139573e-07
131485000	6.484622e-07
131490000	7.899700e-07
131495000	5.778755e-07
131500000	5.565939e-07
131505000	5.306562e-07
131510000	7.126505e-07
131515000	7.958247e-07
131520000	6.450455e-07
131525000	5.591892e-07
131530000	9.078024e-07
131535000	9.883965e-07
131540000	7.280477e-07
131545000	4.516707e-07
131550000	5.863558e-07
131555000	5.983686e-07
131560000	5.103555e-07
131565000	4.282493e-07
131570000	6.129077e-07
131575000	5.869375e-07
131580000	7.495827e-07
131585000	6.531429e-07
131590000	7.724153e-07
131595000	9.228209e-07
131600000	8.510716e-07
131605000	5.370161e-07
131610000	9.141655e-07
131615000	6.608807e-07
131620000	7.615921e-07
131625000	4.836849e-07
131630000	5.954664e-07
131635000	5.725019e-07
131640000	5.733200e-07
131645000	8.915304e-07
131650000	5.593933e-07
131655000	8.497175e-07
131660000	7.356603e-07
131665000	4.959154e-07
131670000	6.282501e-07
131675000	4.469745e-07
131680000	7.940733e-07
131685000	4.583617e-07
131690000	5.599096e-07
131695000	7.902828e-07
131700000	5.100809e-07
131705000	8.105504e-07
131710000	7.642065e-07
131715000	6.790042e-07
131720000	6.334544e-07
131725000	6.502175e-07
131730000	5.936306e-07
131735000	5.888212e-07
131740000	7.933157e-07
131745000	6.682654e-07
131750000	8.728538e-07
131755000	7.423643e-07
131760000	7.137304e-07
131765000	4.365739e-07
131770000	4.876596e-07
131775000	8.677383e-07
131780000	6.339258e-07
131785000	7.059605e-07
131790000	5.899063e-07
131795000	5.889360e-07
131800000	5.095197e-07
131805000	5.738525e-07
131810000	7.174122e-07
131815000	8.247915e-07
131820000	8.678936e-07
131825000	8.345610e-07
131830000	7.398521e-07
131835000	4.538291e-07
131840000	6.583295e-07
131845000	6.483798e-07
131850000	6.533578e-07
131855000	6.286485e-07
131860000	6.969974e-07
131865000	4.376227e-07
131870000	8.202169e-07
131875000	5.416860e-07
131880000	7.108187e-07
131885000	7.173546e-07
131890000	5.419746e-07
131895000	7.121116e-07
131900000	5.020134e-07
131905000	5.585208e-07
131910000	5.275012e-07
131915000	6.193394e-07
131920000	4.796119e-07
131925000	5.508117e-07
131930000	5.677768e-07
131935000	6.777525e-07
131940000	4.860562e-07
131945000	5.425683e-07
131950000	7.711213e-07
131955000	5.086746e-07
131960000	9.983764e-07
131965000	8.846318e-07
131970000	6.175790e-07
131975000	6.693046e-07
131980000	7.342839e-07
131985000	8.000488e-07
131990000	5.540383e-07
131995000	6.499886e-07
132000000	5.984650e-07
132005000	9.278198e-07
132010000	7.994800e-07
132015000	7.901451e-07
132020000	8.264800e-07
132025000	6.106043e-07
132030000	5.411200e-07
132035000	5.262894e-07
132040000	7.040311e-07
132045000	5.692035e-07
132050000	5.876039e-07
132055000	6.894790e-07
132060000	5.906000e-07
132065000	5.164963e-07
132070000	6.383130e-07
132075000	6.591496e-07
132080000	4.408492e-07
132085000	4.745322e-07
132090000	6.839179e-07
132095000	6.073290e-07
132100000	7.195003e-07
132105000	6.546485e-07
132110000	6.886851e-07
132115000	6.628179e-07
132120000	9.514322e-07
132125000	6.986002e-07
132130000	4.391189e-07
132135000	5.824556e-07
132140000	5.170305e-07
132145000	5.765138e-07
132150000	7.234579e-07
132155000	8.939587e-07
132160000	5.984708e-07
132165000	6.953090e-07
132170000	6.682319e-07
132175000	5.655934e-07
132180000	5.993454e-07
132185000	7.336747e-07
132190000	8.885222e-07
132195000	7.320034e-07
132200000	5.373328e-07
132205000	9.789178e-07
132210000	6.373986e-07
132215000	6.426446e-07
132220000	5.726157e-07
132225000	5.394378e-07
132230000	5.743368e-07
132235000	8.111302e-07
132240000	6.759920e-07
132245000	6.956236e-07
132250000	7.639946e-07
132255000	9.697392e-07
132260000	5.821031e-07
132265000	5.539205e-07
132270000	7.783422e-07
132275000	7.485974e-07
132280000	8.300580e-07
132285000	7.194473e-07
132290000	5.750110e-07
132295000	5.793475e-07
132300000	8.277897e-07
132305000	5.534318e-07
132310000	5.811357e-07
132315000	7.577508e-07
132320000	6.008938e-07
132325000	6.461878e-07
132330000	6.313159e-07
132335000	4.191375e-07
132340000	9.080108e-07
132345000	7.269491e-07
132350000	4.277957e-07
132355000	6.712004e-07
132360000	6.033185e-07
132365000	6.375366e-07
132370000	6.325384e-07
132375000	5.589768e-07
132380000	6.728764e-07
132385000	5.851920e-07
132390000	4.144474e-07
132395000	6.955149e-07
132400000	6.885815e-07
132405000	7.009528e-07
132410000	5.438012e-07
132415000	5.450443e-07
132420000	8.397162e-07
132425000	6.272657e-07
132430000	4.568016e-07
132435000	6.989154e-07
132440000	6.439132e-07
132445000	5.352146e-07
132450000	8.562196e-07
132455000	6.265777e-07
132460000	4.791084e-07
132465000	7.265587e-07
132470000	6.444714e-07
132475000	9.253640e-07
132480000	4.990731e-07
132485000	4.709749e-07
132490000	9.388241e-07
132495000	5.372470e-07
132500000	6.055825e-07
132505000	5.509578e-07
132510000	7.622092e-07
132515000	7.365674e-07
132520000	6.383356e-07
132525000	7.388756e-07
132530000	5.409702e-07
132535000	6.213790e-07
132540000	7.185373e-07
132545000	7.101387e-07
132550000	6.316860e-07
132555000	7.100413e-07
132560000	4.584769e-07
132565000	7.885724e-07
132570000	7.192946e-07
132575000	4.269253e-07
132580000	9.992214e-07
132585000	6.523644e-07
132590000	5.513309e-07
132595000	5.543313e-07
132600000	7.583726e-07
132605000	4.539156e-07
132610000	5.909771e-07
132615000	6.578945e-07
132620000	4.094883e-07
132625000	7.677455e-07
132630000	6.289447e-07
132635000	6.888871e-07
132640000	5.051854e-07
132645000	7.668278e-07
132650000	6.155252e-07
132655000	6.961057e-07
132660000	6.758307e-07
132665000	6.140798e-07
132670000	6.468324e-07
132675000	4.815180e-07
132680000	7.739688e-07
132685000	7.362313e-07
132690000	5.750777e-07
132695000	8.957139e-07
132700000	6.993179e-07
132705000	6.720890e-07
132710000	8.029546e-07
132715000	7.915401e-07
132720000	8.519200e-07
132725000	8.809750e-07
132730000	7.358317e-07
132735000	5.714281e-07
132740000	5.724457e-07
132745000	8.102209e-07
132750000	7.486453e-07
132755000	5.574936e-07
132760000	9.084853e-07
132765000	4.308700e-07
132770000	4.810228e-07
132775000	5.423911e-07
132780000	5.907394e-07
132785000	9.516207e-07
132790000	5.305694e-07
132795000	5.550683e-07
132800000	6.437393e-07
132805000	6.933047e-07
132810000	5.891972e-07
132815000	8.333796e-07
132820000	5.806807e-07
132825000	7.463529e-07
132830000	7.786103e-07
132835000	6.519377e-07
132840000	8.058404e-07
132845000	6.625013e-07
132850000	6.155697e-07
132855000	6.471160e-07
132860000	5.731080e-07
132865000	6.997402e-07
132870000	4.733347e-07
132875000	6.136082e-07
132880000	5.371985e-07
132885000	6.466449e-07
132890000	5.752857e-07
132895000	4.169258e-07
132900000	9.816017e-07
132905000	7.018135e-07
132910000	6.075697e-07
132915000	6.810730e-07
132920000	8.007398e-07
132925000	4.874539e-07
132930000	5.697342e-07
132935000	4.485903e-07
132940000	6.393133e-07
132945000	6.331683e-07
132950000	4.944204e-07
132955000	5.832055e-07
132960000	5.236278e-07
132965000	6.244079e-07
132970000	4.720118e-07
132975000	5.951699e-07
132980000	8.907309e-07
132985000	8.068827e-07
132990000	6.485347e-07
132995000	5.555278e-07
133000000	7.617215e-07
133005000	5.370755e-07
133010000	8.081154e-07
133015000	5.494143e-07
133020000	5.196823e-07
133025000	6.783974e-07
133030000	5.890975e-07
133035000	5.965418e-07
133040000	5.045337e-07
133045000	6.838835e-07
133050000	6.928887e-07
133055000	6.622896e-07
133060000	6.222002e-07
133065000	4.420079e-07
133070000	4.518941e-07
133075000	5.455634e-07
133080000	5.884374e-07
133085000	6.028829e-07
133090000	5.500111e-07
133095000	3.896719e-07
133100000	7.121461e-07
133105000	7.319271e-07
133110000	7.371679e-07
133115000	7.062385e-07
133120000	5.797615e-07
133125000	6.055890e-07
133130000	5.237076e-07
133135000	5.825950e-07
133140000	7.427060e-07
133145000	8.699847e-07
133150000	5.158930e-07
133155000	4.864809e-07
133160000	5.251402e-07
133165000	6.219729e-07
133170000	8.266338e-07
133175000	6.594275e-07
133180000	6.040631e-07
133185000	6.622436e-07
133190000	5.686157e-07
133195000	6.057903e-07
133200000	5.844488e-07
133205000	6.181835e-07
133210000	7.690413e-07
133215000	6.633189e-07
133220000	3.602493e-07
133225000	5.479198e-07
133230000	6.124965e-07
133235000	7.053785e-07
133240000	8.408508e-07
133245000	4.512322e-07
133250000	8.216047e-07
133255000	5.771395e-07
133260000	5.603341e-07
133265000	6.571280e-07
133270000	8.823525e-07
133275000	6.363628e-07
133280000	4.664142e-07
133285000	6.555493e-07
133290000	3.857331e-07
133295000	6.009039e-07
133300000	4.884705e-07
133305000	6.077210e-07
133310000	5.029105e-07
133315000	6.785301e-07
133320000	8.344828e-07
133325000	5.346887e-07
133330000	6.221484e-07
133335000	5.171850e-07
133340000	6.411147e-07
133345000	4.998267e-07
133350000	5.506055e-07
133355000	4.521134e-07
133360000	7.900444e-07
133365000	6.862881e-07
133370000	3.712375e-07
133375000	5.772379e-07
133380000	5.456681e-07
133385000	4.675072e-07
133390000	7.396238e-07
133395000	5.142679e-07
133400000	4.747254e-07
133405000	4.807522e-07
133410000	6.424879e-07
133415000	4.476783e-07
133420000	8.446971e-07
133425000	8.000133e-07
133430000	6.676805e-07
133435000	4.807677e-07
133440000	6.109185e-07
133445000	7.369798e-07
133450000	4.811045e-07
133455000	5.082983e-07
133460000	5.485586e-07
133465000	5.657885e-07
133470000	6.116288e-07
133475000	7.896075e-07
133480000	5.265172e-07
133485000	5.584772e-07
133490000	4.760474e-07
133495000	4.508185e-07
133500000	7.240453e-07
133505000	6.737482e-07
133510000	5.138717e-07
133515000	4.539874e-07
133520000	4.858965e-07
133525000	6.343721e-07
133530000	4.448166e-07
133535000	6.965017e-07
133540000	6.540822e-07
133545000	6.645010e-07
133550000	7.768886e-07
133555000	5.476264e-07
133560000	5.166134e-07
133565000	5.532737e-07
133570000	4.334609e-07
133575000	7.109312e-07
133580000	5.224418e-07
133585000	7.271546e-07
133590000	5.733345e-07
133595000	6.706558e-07
133600000	4.919248e-07
133605000	5.036176e-07
133610000	3.813467e-07
133615000	5.476119e-07
133620000	5.990464e-07
133625000	7.777719e-07
133630000	4.648475e-07
133635000	5.784106e-07
133640000	7.088383e-07
133645000	5.797437e-07
133650000	6.931842e-07
133655000	4.082651e-07
133660000	5.788979e-07
133665000	3.263328e-07
133670000	6.442110e-07
133675000	4.878151e-07
133680000	6.138284e-07
133685000	4.192711e-07
133690000	4.907142e-07
133695000	7.154344e-07
133700000	4.426170e-07
133705000	7.146634e-07
133710000	5.171785e-07
133715000	4.714369e-07
133720000	8.589476e-07
133725000	5.576837e-07
133730000	7.847497e-07
133735000	5.296096e-07
133740000	6.343666e-07
133745000	6.069478e-07
133750000	5.006275e-07
133755000	6.782157e-07
133760000	2.090916e-07
133765000	7.253488e-07
133770000	5.686059e-07
133775000	3.526657e-07
133780000	5.712289e-07
133785000	6.473587e-07
133790000	4.596499e-07
133795000	6.737384e-07
133800000	6.556616e-07
133805000	5.913721e-07
133810000	8.855371e-07
133815000	4.162405e-07
133820000	6.270493e-07
133825000	5.837862e-07
133830000	4.874701e-07
133835000	5.049248e-07
133840000	5.424854e-07
133845000	4.945087e-07
133850000	3.677229e-07
133855000	5.294240e-07
133860000	3.162147e-07
133865000	7.165228e-07
133870000	5.776992e-07
133875000	5.821272e-07
133880000	4.389954e-07
133885000	5.920601e-07
133890000	7.530538e-07
133895000	3.321541e-07
133900000	4.289296e-07
133905000	5.576735e-07
133910000	5.769837e-07
133915000	5.903546e-07
133920000	5.788473e-07
133925000	5.763773e-07
133930000	8.572980e-07
133935000	6.340566e-07
133940000	6.248637e-07
133945000	5.071814e-07
133950000	5.553901e-07
133955000	5.491001e-07
133960000	6.079582e-07
133965000	7.856137e-07
133970000	4.770700e-07
133975000	5.699282e-07
133980000	5.936663e-07
133985000	6.607877e-07
133990000	7.945833e-07
133995000	5.673164e-07
134000000	7.390470e-07
134005000	4.346116e-07
134010000	9.109200e-07
134015000	5.883726e-07
134020000	6.639247e-07
134025000	6.378145e-07
134030000	9.180355e-07
134035000	8.216299e-07
134040000	5.914650e-07
134045000	5.273904e-07
134050000	4.900140e-07
134055000	3.465855e-07
134060000	4.793600e-07
134065000	5.817399e-07
134070000	6.780292e-07
134075000	7.571462e-07
134080000	6.320690e-07
134085000	5.252113e-07
134090000	2.268658e-07
134095000	5.924196e-07
134100000	5.460029e-07
134105000	7.500553e-07
134110000	7.977215e-07
134115000	6.366366e-07
134120000	5.796897e-07
134125000	5.090384e-07
134130000	7.991907e-07
134135000	4.445298e-07
134140000	6.389207e-07
134145000	4.981172e-07
134150000	6.149375e-07
134155000	4.942525e-07
134160000	6.666264e-07
134165000	6.697029e-07
134170000	5.390294e-07
134175000	3.843828e-07
134180000	6.960133e-07
134185000	5.522642e-07
134190000	5.209577e-07
134195000	4.604333e-07
134200000	4.885424e-07
134205000	3.828630e-07
134210000	6.779619e-07
134215000	7.171673e-07
134220000	6.059101e-07
134225000	6.182257e-07
134230000	5.909351e-07
134235000	4.653272e-07
134240000	6.794039e-07
134245000	5.110291e-07
134250000	6.090925e-07
134255000	5.141684e-07
134260000	5.803099e-07
134265000	6.180173e-07
134270000	7.083199e-07
134275000	5.874850e-07
134280000	7.602204e-07
134285000	6.944595e-07
134290000	6.071998e-07
134295000	7.826334e-07
134300000	4.947223e-07
134305000	6.633896e-07
134310000	5.915216e-07
134315000	6.695107e-07
134320000	4.287545e-07
134325000	9.446825e-07
134330000	7.981035e-07
134335000	7.443149e-07
134340000	7.778514e-07
134345000	3.969268e-07
134350000	3.679779e-07
134355000	4.872799e-07
134360000	6.555989e-07
134365000	5.623477e-07
134370000	4.908113e-07
134375000	6.918723e-07
134380000	9.586882e-07
134385000	6.627378e-07
134390000	6.073812e-07
134395000	4.989835e-07
134400000	7.363515e-07
134405000	5.274346e-07
134410000	5.118589e-07
134415000	6.041831e-07
134420000	3.888344e-07
134425000	5.887513e-07
134430000	6.444997e-07
134435000	4.000171e-07
134440000	5.833787e-07
134445000	5.808656e-07
134450000	7.814296e-07
134455000	6.829372e-07
134460000	5.343193e-07
134465000	6.916485e-07
134470000	3.828257e-07
134475000	6.598497e-07
134480000	5.322369e-07
134485000	4.482809e-07
134490000	4.560652e-07
134495000	5.370430e-07
134500000	6.616762e-07
134505000	5.327535e-07
134510000	4.304206e-07
134515000	6.489082e-07
134520000	5.824514e-07
134525000	5.616472e-07
134530000	7.311884e-07
134535000	7.779376e-07
134540000	5.743422e-07
134545000	6.785539e-07
134550000	6.675940e-07
134555000	5.611431e-07
134560000	6.129578e-07
134565000	4.854359e-07
134570000	5.297187e-07
134575000	7.097267e-07
134580000	6.807002e-07
134585000	5.935352e-07
134590000	5.281603e-07
134595000	4.229616e-07
134600000	6.346372e-07
134605000	7.827505e-07
134610000	5.850889e-07
134615000	7.735648e-07
134620000	7.418304e-07
134625000	5.332774e-07
134630000	6.251011e-07
134635000	6.231087e-07
134640000	4.120241e-07
134645000	5.797590e-07
134650000	5.249559e-07
134655000	5.385718e-07
134660000	6.772141e-07
134665000	6.466291e-07
134670000	5.877395e-07
134675000	7.557014e-07
134680000	6.484576e-07
134685000	5.638555e-07
134690000	7.985903e-07
134695000	6.759216e-07
134700000	6.206367e-07
134705000	4.534685e-07
134710000	5.173827e-07
134715000	6.549765e-07
134720000	8.339235e-07
134725000	6.163765e-07
134730000	6.193369e-07
134735000	5.567612e-07
134740000	4.690079e-07
134745000	4.746280e-07
134750000	7.150743e-07
134755000	5.201892e-07
134760000	4.823318e-07
134765000	4.456627e-07
134770000	5.595824e-07
134775000	7.325988e-07
134780000	5.331489e-07
134785000	5.691939e-07
134790000	6.142992e-07
134795000	8.790816e-07
134800000	4.705412e-07
134805000	4.938441e-07
134810000	6.568437e-07
134815000	5.158616e-07
134820000	5.569489e-07
134825000	4.536075e-07
134830000	6.122557e-07
134835000	7.541820e-07
134840000	9.267099e-07
134845000	5.978805e-07
134850000	6.845763e-07
134855000	4.261405e-07
134860000	4.613676e-07
134865000	4.012420e-07
134870000	5.491513e-07
134875000	5.123419e-07
134880000	8.854693e-07
134885000	4.668379e-07
134890000	5.300750e-07
134895000	4.220618e-07
134900000	8.593259e-07
134905000	5.213362e-07
134910000	5.783026e-07
134915000	5.157740e-07
134920000	6.512681e-07
134925000	5.434663e-07
134930000	5.678214e-07
134935000	4.561811e-07
134940000	6.190645e-07
134945000	7.063616e-07
134950000	8.470150e-07
134955000	8.482938e-07
134960000	5.873202e-07
134965000	7.701489e-07
134970000	4.676164e-07
134975000	5.295772e-07
134980000	5.518918e-07
134985000	6.224522e-07
134990000	5.941818e-07
134995000	8.276436e-07
135000000	5.788822e-07
135005000	7.406969e-07
135010000	6.442305e-07
135015000	4.165913e-07
135020000	5.446143e-07
135025000	5.701506e-07
135030000	4.589764e-07
135035000	8.819314e-07
135040000	5.595880e-07
135045000	8.493175e-07
135050000	4.208198e-07
135055000	4.556227e-07
135060000	5.075557e-07
135065000	5.070997e-07
135070000	5.909744e-07
135075000	4.062013e-07
135080000	6.221011e-07
135085000	6.808198e-07
135090000	7.107556e-07
135095000	5.884073e-07
135100000	5.310447e-07
135105000	6.662351e-07
135110000	4.329967e-07
135115000	5.258767e-07
135120000	5.102305e-07
135125000	4.545918e-07
135130000	5.756256e-07
135135000	7.921502e-07
135140000	5.220540e-07
135145000	7.878323e-07
135150000	6.869393e-07
135155000	6.002892e-07
135160000	6.574136e-07
135165000	5.929618e-07
135170000	4.670389e-07
135175000	5.127290e-07
135180000	6.767976e-07
135185000	3.973423e-07
135190000	4.234499e-07
135195000	5.317060e-07
135200000	4.074343e-07
135205000	2.397462e-07
135210000	3.866400e-07
135215000	3.707978e-07
135220000	4.774239e-07
135225000	5.496091e-07
135230000	5.835037e-07
135235000	6.937717e-07
135240000	8.107631e-07
135245000	4.766489e-07
135250000	5.410390e-07
135255000	6.707198e-07
135260000	7.531455e-07
135265000	6.147570e-07
135270000	5.331240e-07
135275000	3.924673e-07
135280000	4.794831e-07
135285000	6.454624e-07
135290000	8.470138e-07
135295000	5.062896e-07
135300000	5.221137e-07
135305000	5.856454e-07
135310000	3.852910e-07
135315000	5.697785e-07
135320000	4.972468e-07
135325000	6.665064e-07
135330000	6.595097e-07
135335000	4.694852e-07
135340000	4.686084e-07
135345000	5.190001e-07
135350000	4.433117e-07
135355000	4.907921e-07
135360000	7.314224e-07
135365000	6.823170e-07
135370000	6.039602e-07
135375000	6.771188e-07
135380000	6.196020e-07
135385000	5.101266e-07
135390000	5.133264e-07
135395000	5.086280e-07
135400000	4.215109e-07
135405000	7.200553e-07
135410000	4.910149e-07
135415000	5.073632e-07
135420000	4.836813e-07
135425000	4.001898e-07
135430000	7.045034e-07
135435000	4.475681e-07
135440000	5.001764e-07
135445000	3.924111e-07
135450000	5.448962e-07
135455000	6.691222e-07
135460000	6.048031e-07
135465000	8.605314e-07
135470000	5.756124e-07
135475000	5.780131e-07
135480000	5.779184e-07
135485000	5.218250e-07
135490000	5.616795e-07
135495000	6.777739e-07
135500000	3.214178e-07
135505000	5.337671e-07
135510000	3.637380e-07
135515000	5.019334e-07
135520000	4.036641e-07
135525000	5.558763e-07
135530000	4.476984e-07
135535000	7.116452e-07
135540000	6.245578e-07
135545000	7.440359e-07
135550000	6.885078e-07
135555000	3.521714e-07
135560000	5.762881e-07
135565000	5.531614e-07
135570000	6.648367e-07
135575000	6.537643e-07
135580000	5.433566e-07
135585000	7.088793e-07
135590000	3.047015e-07
135595000	5.499541e-07
135600000	3.870896e-07
135605000	6.474956e-07
135610000	6.093182e-07
135615000	5.466216e-07
135620000	6.384863e-07
135625000	3.798124e-07
135630000	5.981236e-07
135635000	4.755104e-07
135640000	5.300129e-07
135645000	4.860419e-07
135650000	5.934452e-07
135655000	5.268565e-07
135660000	4.412596e-07
135665000	4.008606e-07
135670000	3.670356e-07
135675000	3.337117e-07
135680000	3.859554e-07
135685000	6.525737e-07
135690000	6.234017e-07
135695000	5.488111e-07
135700000	6.170538e-07
135705000	4.748848e-07
135710000	5.274055e-07
135715000	4.618241e-07
135720000	6.303431e-07
135725000	4.575959e-07
135730000	6.207883e-07
135735000	5.680208e-07
135740000	5.775670e-07
135745000	5.154168e-07
135750000	3.746288e-07
135755000	5.528810e-07
135760000	5.885313e-07
135765000	5.107248e-07
135770000	5.178425e-07
135775000	6.142570e-07
135780000	5.482374e-07
135785000	5.498148e-07
135790000	6.817024e-07
135795000	8.491201e-07
135800000	3.027560e-07
135805000	6.645044e-07
135810000	5.827402e-07
135815000	6.023317e-07
135820000	5.718249e-07
135825000	4.055681e-07
135830000	3.947500e-07
135835000	4.573911e-07
135840000	4.542260e-07
135845000	4.789826e-07
135850000	6.742884e-07
135855000	5.060226e-07
135860000	5.976421e-07
135865000	5.481447e-07
135870000	4.986750e-07
135875000	5.304500e-07
135880000	4.287226e-07
135885000	4.599607e-07
135890000	4.985540e-07
135895000	7.604127e-07
135900000	3.975405e-07
135905000	3.528056e-07
135910000	4.463458e-07
135915000	5.605076e-07
135920000	6.210971e-07
135925000	4.247261e-07
135930000	4.467873e-07
135935000	6.797550e-07
135940000	7.112033e-07
135945000	4.830417e-07
135950000	5.061534e-07
135955000	8.569568e-07
135960000	6.046540e-07
135965000	4.079850e-07
135970000	4.397047e-07
135975000	5.467104e-07
135980000	6.095906e-07
135985000	4.589643e-07
135990000	5.703992e-07
135995000	7.715072e-07
136000000	5.295057e-07
136005000	4.146872e-07
136010000	5.642662e-07
136015000	6.165830e-07
136020000	4.426099e-07
136025000	7.397865e-07
136030000	4.407723e-07
136035000	5.783220e-07
136040000	4.805532e-07
136045000	5.835715e-07
136050000	3.885443e-07
136055000	7.963727e-07
136060000	4.867752e-07
136065000	4.493068e-07
136070000	5.327967e-07
136075000	5.012839e-07
136080000	5.922243e-07
136085000	5.804589e-07
136090000	4.719199e-07
136095000	6.202611e-07
136100000	5.180451e-07
136105000	5.219308e-07
136110000	4.075068e-07
136115000	5.101071e-07
136120000	3.857250e-07
136125000	4.888398e-07
136130000	6.938975e-07
136135000	5.099196e-07
136140000	5.996032e-07
136145000	5.955025e-07
136150000	6.894524e-07
136155000	3.931162e-07
136160000	6.455224e-07
136165000	5.906770e-07
136170000	5.261975e-07
136175000	5.185119e-07
136180000	5.719363e-07
136185000	6.268607e-07
136190000	3.421723e-07
136195000	4.763241e-07
136200000	5.445303e-07
136205000	5.868350e-07
136210000	6.345321e-07
136215000	5.624846e-07
136220000	5.443953e-07
136225000	6.129762e-07
136230000	5.746110e-07
136235000	4.493817e-07
136240000	7.344933e-07
136245000	4.838965e-07
136250000	5.219567e-07
136255000	5.668232e-07
136260000	7.730875e-07
136265000	7.533080e-07
136270000	3.996050e-07
136275000	4.244787e-07
136280000	5.377790e-07
136285000	4.597160e-07
136290000	8.056968e-07
136295000	7.129665e-07
136300000	5.506547e-07
136305000	7.022027e-07
136310000	5.826122e-07
136315000	4.981805e-07
136320000	3.232757e-07
136325000	4.505065e-07
136330000	5.556722e-07
136335000	5.189674e-07
136340000	5.256404e-07
136345000	8.224585e-07
136350000	5.269274e-07
136355000	3.771437e-07
136360000	5.972400e-07
136365000	5.240938e-07
136370000	4.605605e-07
136375000	5.731859e-07
136380000	6.490953e-07
136385000	6.865944e-07
136390000	5.058143e-07
136395000	5.351175e-07
136400000	4.466286e-07
136405000	4.706531e-07
136410000	4.809648e-07
136415000	7.056822e-07
136420000	6.707406e-07
136425000	4.718934e-07
136430000	6.271716e-07
136435000	4.864920e-07
136440000	6.587820e-07
136445000	4.323128e-07
136450000	6.666232e-07
136455000	3.784227e-07
136460000	5.207215e-07
136465000	4.445189e-07
136470000	5.832765e-07
136475000	7.067886e-07
136480000	6.079595e-07
136485000	5.460920e-07
136490000	3.393804e-07
136495000	4.934480e-07
136500000	4.640678e-07
136505000	7.603431e-07
136510000	6.035330e-07
136515000	4.968602e-07
136520000	5.862227e-07
136525000	6.859697e-07
136530000	5.867286e-07
136535000	5.447184e-07
136540000	6.983029e-07
136545000	4.943037e-07
136550000	6.424554e-07
136555000	6.652297e-07
136560000	2.939328e-07
136565000	5.782623e-07
136570000	4.862598e-07
136575000	4.609508e-07
136580000	5.204413e-07
136585000	4.784638e-07
136590000	5.565938e-07
136595000	5.770312e-07
136600000	3.983634e-07
136605000	5.624505e-07
136610000	6.131267e-07
136615000	5.974309e-07
136620000	6.380253e-07
136625000	7.038595e-07
136630000	5.188331e-07
136635000	5.303913e-07
136640000	5.237892e-07
136645000	6.754897e-07
136650000	3.729386e-07
136655000	6.805313e-07
136660000	5.059564e-07
136665000	4.915714e-07
136670000	6.890933e-07
136675000	5.447005e-07
136680000	5.339892e-07
136685000	6.024513e-07
136690000	4.397711e-07
136695000	5.457852e-07
136700000	4.621015e-07
136705000	6.267049e-07
136710000	5.911076e-07
136715000	5.146785e-07
136720000	6.703961e-07
136725000	6.047945e-07
136730000	4.624937e-07
136735000	5.519177e-07
136740000	4.352324e-07
136745000	4.079529e-07
136750000	5.197394e-07
136755000	7.196190e-07
136760000	5.084290e-07
136765000	6.243619e-07
136770000	3.622404e-07
136775000	6.453431e-07
136780000	6.368459e-07
136785000	7.260526e-07
136790000	5.921521e-07
136795000	4.236684e-07
136800000	4.148286e-07
136805000	6.237898e-07
136810000	4.679302e-07
136815000	4.967721e-07
136820000	7.818961e-07
136825000	5.485634e-07
136830000	5.138288e-07
136835000	5.458860e-07
136840000	6.325073e-07
136845000	4.055905e-07
136850000	4.514460e-07
136855000	4.882705e-07
136860000	5.309021e-07
136865000	4.926010e-07
136870000	6.222695e-07
136875000	4.092727e-07
136880000	4.151305e-07
136885000	6.126141e-07
136890000	5.545842e-07
136895000	6.398167e-07
136900000	5.451571e-07
136905000	6.996962e-07
136910000	7.277958e-07
136915000	5.992770e-07
136920000	6.919002e-07
136925000	5.892623e-07
136930000	5.002173e-07
136935000	5.977595e-07
136940000	5.696479e-07
136945000	9.025233e-07
136950000	4.315990e-07
136955000	4.861585e-07
136960000	6.155973e-07
136965000	6.297630e-07
136970000	5.095269e-07
136975000	4.760475e-07
136980000	4.240226e-07
136985000	6.111173e-07
136990000	6.973507e-07
136995000	5.795674e-07
137000000	6.822403e-07
137005000	7.604679e-07
137010000	4.750187e-07
137015000	8.404239e-07
137020000	6.198161e-07
137025000	7.084325e-07
137030000	4.794656e-07
137035000	5.203429e-07
137040000	5.737597e-07
137045000	3.452719e-07
137050000	8.435897e-07
137055000	7.015925e-07
137060000	5.797314e-07
137065000	5.231206e-07
137070000	6.197864e-07
137075000	5.064804e-07
137080000	4.336869e-07
137085000	4.274332e-07
137090000	3.319510e-07
137095000	5.729508e-07
137100000	4.626377e-07
137105000	5.545650e-07
137110000	8.285425e-07
137115000	2.715920e-07
137120000	5.027740e-07
137125000	5.771775e-07
137130000	6.706098e-07
137135000	5.029147e-07
137140000	5.095460e-07
137145000	6.332429e-07
137150000	4.560568e-07
137155000	3.688928e-07
137160000	6.935789e-07
137165000	5.719394e-07
137170000	5.164659e-07
137175000	5.794972e-07
137180000	3.838798e-07
137185000	5.739036e-07
137190000	5.635658e-07
137195000	6.835435e-07
137200000	3.801902e-07
137205000	4.093051e-07
137210000	4.918852e-07
137215000	4.384693e-07
137220000	7.333204e-07
137225000	4.958212e-07
137230000	5.304585e-07
137235000	3.649831e-07
137240000	4.977503e-07
137245000	6.182030e-07
137250000	4.146315e-07
137255000	5.504786e-07
137260000	4.395953e-07
137265000	6.971170e-07
137270000	5.139591e-07
137275000	4.983051e-07
137280000	5.762469e-07
137285000	3.767015e-07
137290000	3.739873e-07
137295000	4.260543e-07
137300000	3.620631e-07
137305000	5.648945e-07
137310000	7.318503e-07
137315000	6.548393e-07
137320000	5.760480e-07
137325000	5.042425e-07
137330000	6.012234e-07
137335000	7.404214e-07
137340000	4.588592e-07
137345000	5.118616e-07
137350000	4.070602e-07
137355000	3.295111e-07
137360000	5.177763e-07
137365000	4.898009e-07
137370000	5.467611e-07
137375000	3.036753e-07
137380000	5.249692e-07
137385000	3.822843e-07
137390000	6.068250e-07
137395000	4.403566e-07
137400000	6.261562e-07
137405000	6.133727e-07
137410000	4.942054e-07
137415000	6.370959e-07
137420000	5.127442e-07
137425000	5.611309e-07
137430000	6.236734e-07
137435000	7.518426e-07
137440000	6.550028e-07
137445000	5.201556e-07
137450000	5.585362e-07
137455000	7.559457e-07
137460000	5.444461e-07
137465000	5.852762e-07
137470000	7.003549e-07
137475000	4.918201e-07
137480000	4.378442e-07
137485000	4.676344e-07
137490000	5.033269e-07
137495000	5.101642e-07
137500000	4.220934e-07
137505000	6.900829e-07
137510000	3.255547e-07
137515000	4.701035e-07
137520000	4.480466e-07
137525000	4.306445e-07
137530000	4.790949e-07
137535000	5.238691e-07
137540000	5.922950e-07
137545000	4.788593e-07
137550000	6.702772e-07
137555000	3.882800e-07
137560000	3.426240e-07
137565000	4.404907e-07
137570000	3.102741e-07
137575000	4.773955e-07
137580000	6.885511e-07
137585000	4.853390e-07
137590000	4.138535e-07
137595000	4.529271e-07
137600000	3.634239e-07
137605000	5.428698e-07
137610000	6.586119e-07
137615000	6.142444e-07
137620000	4.338929e-07
137625000	6.242783e-07
137630000	6.845954e-07
137635000	5.443980e-07
137640000	4.598199e-07
137645000	6.793939e-07
137650000	5.813990e-07
137655000	4.884047e-07
137660000	5.703718e-07
137665000	4.063094e-07
137670000	5.277611e-07
137675000	4.479104e-07
137680000	6.702497e-07
137685000	4.884313e-07
137690000	4.599215e-07
137695000	4.715177e-07
137700000	4.900365e-07
137705000	4.721731e-07
137710000	4.880786e-07
137715000	5.869819e-07
137720000	4.966699e-07
137725000	5.760453e-07
137730000	5.310938e-07
137735000	4.486724e-07
137740000	5.608548e-07
137745000	4.528016e-07
137750000	2.997760e-07
137755000	4.557836e-07
137760000	6.864464e-07
137765000	4.503273e-07
137770000	5.606112e-07
137775000	5.511718e-07
137780000	3.853707e-07
137785000	6.530730e-07
137790000	6.184888e-07
137795000	4.786379e-07
137800000	5.488228e-07
137805000	5.184569e-07
137810000	4.792520e-07
137815000	4.699433e-07
137820000	4.788170e-07
137825000	3.769082e-07
137830000	3.307547e-07
137835000	5.183514e-07
137840000	5.094956e-07
137845000	4.963008e-07
137850000	5.246895e-07
137855000	4.762553e-07
137860000	3.692412e-07
137865000	5.714328e-07
137870000	6.500021e-07
137875000	2.468672e-07
137880000	7.726792e-07
137885000	5.105202e-07
137890000	5.244576e-07
137895000	4.550924e-07
137900000	5.045160e-07
137905000	4.621990e-07
137910000	5.852619e-07
137915000	8.589023e-07
137920000	3.962599e-07
137925000	4.748839e-07
137930000	5.522326e-07
137935000	5.962924e-07
137940000	3.961910e-07
137945000	3.224239e-07
137950000	3.793764e-07
137955000	3.422138e-07
137960000	3.855033e-07
137965000	3.088936e-07
137970000	3.995728e-07
137975000	5.963096e-07
137980000	5.547762e-07
137985000	4.739821e-07
137990000	4.957986e-07
137995000	4.808203e-07
138000000	6.144128e-07
138005000	4.234150e-07
138010000	3.446078e-07
138015000	6.519599e-07
138020000	6.418190e-07
138025000	4.424454e-07
138030000	4.093418e-07
138035000	4.050253e-07
138040000	6.729250e-07
138045000	6.432831e-07
138050000	6.626149e-07
138055000	6.506525e-07
138060000	4.758851e-07
138065000	7.148943e-07
138070000	4.832217e-07
138075000	5.288838e-07
138080000	3.773540e-07
138085000	5.600280e-07
138090000	4.049341e-07
138095000	6.629234e-07
138100000	4.543277e-07
138105000	6.027320e-07
138110000	5.137988e-07
138115000	4.685184e-07
138120000	4.600212e-07
138125000	4.816150e-07
138130000	3.956852e-07
138135000	3.233886e-07
138140000	3.792745e-07
138145000	4.616015e-07
138150000	5.975634e-07
138155000	4.265745e-07
138160000	5.513843e-07
138165000	4.682248e-07
138170000	5.465773e-07
138175000	4.771342e-07
138180000	5.141593e-07
138185000	8.716397e-07
138190000	6.002139e-07
138195000	4.473505e-07
138200000	4.470903e-07
138205000	5.456379e-07
138210000	4.470862e-07
138215000	4.707591e-07
138220000	5.133148e-07
138225000	6.410483e-07
138230000	3.758961e-07
138235000	5.778731e-07
138240000	5.196266e-07
138245000	6.789067e-07
138250000	6.924856e-07
138255000	4.101790e-07
138260000	3.395074e-07
138265000	5.905534e-07
138270000	3.694184e-07
138275000	6.482012e-07
138280000	4.996280e-07
138285000	4.575681e-07
138290000	4.661608e-07
138295000	5.702625e-07
138300000	8.328855e-07
138305000	4.732857e-07
138310000	3.670458e-07
138315000	7.488406e-07
138320000	4.399278e-07
138325000	8.534343e-07
138330000	4.642404e-07
138335000	3.745814e-07
138340000	6.755218e-07
138345000	3.412065e-07
138350000	4.348057e-07
138355000	5.293246e-07
138360000	5.781530e-07
138365000	5.308287e-07
138370000	6.047442e-07
138375000	5.760124e-07
138380000	7.382455e-07
138385000	4.779150e-07
138390000	5.326448e-07
138395000	5.226855e-07
138400000	5.422013e-07
138405000	5.007015e-07
138410000	5.961085e-07
138415000	6.739887e-07
138420000	5.386284e-07
138425000	6.542840e-07
138430000	6.029754e-07
138435000	5.478322e-07
138440000	3.808466e-07
138445000	6.120097e-07
138450000	4.295048e-07
138455000	8.974728e-07
138460000	7.301022e-07
138465000	3.924823e-07
138470000	6.093091e-07
138475000	8.347227e-07
138480000	6.946865e-07
138485000	5.083651e-07
138490000	6.263899e-07
138495000	7.202263e-07
138500000	6.231749e-07
138505000	6.545003e-07
138510000	5.538783e-07
138515000	5.753167e-07
138520000	6.351353e-07
138525000	5.459602e-07
138530000	5.183513e-07
138535000	4.750258e-07
138540000	5.301418e-07
138545000	6.012263e-07
138550000	4.350487e-07
138555000	4.971841e-07
138560000	5.081652e-07
138565000	6.988409e-07
138570000	3.972029e-07
138575000	8.014038e-07
138580000	5.486659e-07
138585000	4.467476e-07
138590000	7.059329e-07
138595000	7.488405e-07
138600000	6.362507e-07
138605000	4.513971e-07
138610000	4.461653e-07
138615000	7.081434e-07
138620000	4.480285e-07
138625000	5.501528e-07
138630000	5.659759e-07
138635000	5.599471e-07
138640000	6.041002e-07
138645000	4.727977e-07
138650000	6.429700e-07
138655000	6.622500e-07
138660000	6.260259e-07
138665000	6.437574e-07
138670000	7.385284e-07
138675000	4.000083e-07
138680000	3.918616e-07
138685000	3.460039e-07
138690000	3.936471e-07
138695000	4.691588e-07
138700000	4.245637e-07
138705000	5.073562e-07
138710000	4.024066e-07
138715000	6.045528e-07
138720000	4.771159e-07
138725000	4.488779e-07
138730000	4.320415e-07
138735000	5.705006e-07
138740000	6.540093e-07
138745000	7.135334e-07
138750000	6.284443e-07
138755000	3.930770e-07
138760000	5.156302e-07
138765000	5.326088e-07
138770000	5.250535e-07
138775000	6.560129e-07
138780000	4.690004e-07
138785000	4.091541e-07
138790000	6.151199e-07
138795000	6.064349e-07
138800000	5.452208e-07
138805000	6.370758e-07
138810000	7.349770e-07
138815000	4.071355e-07
138820000	8.474444e-07
138825000	5.503685e-07
138830000	6.781237e-07
138835000	4.536166e-07
138840000	6.534209e-07
138845000	4.358389e-07
138850000	5.549716e-07
138855000	5.309905e-07
138860000	6.380719e-07
138865000	5.275569e-07
138870000	5.508243e-07
138875000	6.183101e-07
138880000	3.973196e-07
138885000	6.436779e-07
138890000	5.123241e-07
138895000	5.330448e-07
138900000	7.493697e-07
138905000	5.791527e-07
138910000	3.580219e-07
138915000	5.743511e-07
138920000	4.793266e-07
138925000	5.693950e-07
138930000	6.173390e-07
138935000	6.761243e-07
138940000	4.827748e-07
138945000	6.784299e-07
138950000	3.407204e-07
138955000	4.718760e-07
138960000	6.652715e-07
138965000	6.444985e-07
138970000	6.338030e-07
138975000	4.385154e-07
138980000	4.894481e-07
138985000	6.698025e-07
138990000	4.923004e-07
138995000	4.705840e-07
139000000	6.732684e-07
139005000	8.050343e-07
139010000	4.478381e-07
139015000	6.351278e-07
139020000	6.731125e-07
139025000	5.730349e-07
139030000	6.635494e-07
139035000	5.370496e-07
139040000	7.366102e-07
139045000	6.475403e-07
139050000	4.833000e-07
139055000	5.806959e-07
139060000	6.507065e-07
139065000	6.554610e-07
139070000	7.813306e-07
139075000	7.806796e-07
139080000	6.476949e-07
139085000	5.864716e-07
139090000	8.770996e-07
139095000	6.818452e-07
139100000	3.609436e-07
139105000	6.772907e-07
139110000	4.705872e-07
139115000	4.730954e-07
139120000	4.271921e-07
139125000	6.040720e-07
139130000	6.563971e-07
139135000	4.659604e-07
139140000	5.794522e-07
139145000	5.281831e-07
139150000	5.956054e-07
139155000	5.505558e-07
139160000	5.671564e-07
139165000	4.863063e-07
139170000	4.815756e-07
139175000	5.359550e-07
139180000	6.194569e-07
139185000	6.441743e-07
139190000	5.470458e-07
139195000	6.969971e-07
139200000	4.818086e-07
139205000	5.523691e-07
139210000	4.731008e-07
139215000	4.665786e-07
139220000	4.717774e-07
139225000	5.969737e-07
139230000	5.847205e-07
139235000	5.303695e-07
139240000	5.027760e-07
139245000	5.032919e-07
139250000	5.527194e-07
139255000	5.356314e-07
139260000	5.484203e-07
139265000	4.074248e-07
139270000	5.365167e-07
139275000	4.529127e-07
139280000	5.967242e-07
139285000	6.061233e-07
139290000	5.521037e-07
139295000	6.991768e-07
139300000	3.863009e-07
139305000	6.550197e-07
139310000	4.204762e-07
139315000	4.880806e-07
139320000	6.120170e-07
139325000	4.418153e-07
139330000	5.066762e-07
139335000	7.630102e-07
139340000	6.321017e-07
139345000	4.410956e-07
139350000	4.440878e-07
139355000	7.109357e-07
139360000	5.438796e-07
139365000	3.916118e-07
139370000	7.733636e-07
139375000	6.225070e-07
139380000	4.357397e-07
139385000	5.062881e-07
139390000	7.058951e-07
139395000	5.636338e-07
139400000	4.313264e-07
139405000	9.812184e-07
139410000	6.753383e-07
139415000	6.614002e-07
139420000	4.548524e-07
139425000	6.795315e-07
139430000	5.590091e-07
139435000	5.705305e-07
139440000	6.588038e-07
139445000	5.012617e-07
139450000	4.612586e-07
139455000	4.851644e-07
139460000	6.434316e-07
139465000	4.123773e-07
139470000	5.917202e-07
139475000	5.852160e-07
139480000	5.234114e-07
139485000	4.742991e-07
139490000	7.052853e-07
139495000	7.142461e-07
139500000	6.664654e-07
139505000	4.246937e-07
139510000	6.087713e-07
139515000	6.444549e-07
139520000	4.240029e-07
139525000	7.536151e-07
139530000	4.191953e-07
139535000	5.389756e-07
139540000	6.397335e-07
139545000	5.755923e-07
139550000	5.358901e-07
139555000	4.217748e-07
139560000	4.559815e-07
139565000	5.269678e-07
139570000	5.829882e-07
139575000	5.022291e-07
139580000	5.983510e-07
139585000	4.819941e-07
139590000	6.827911e-07
139595000	4.175726e-07
139600000	4.928057e-07
139605000	5.679904e-07
139610000	5.079891e-07
139615000	5.358705e-07
139620000	8.276929e-07
139625000	5.807358e-07
139630000	4.668040e-07
139635000	7.500036e-07
139640000	5.453521e-07
139645000	6.605338e-07
139650000	4.178365e-07
139655000	5.182481e-07
139660000	6.133155e-07
139665000	6.189982e-07
139670000	4.723368e-07
139675000	4.031356e-07
139680000	6.883894e-07
139685000	5.309361e-07
139690000	7.823366e-07
139695000	5.445733e-07
139700000	6.729496e-07
139705000	3.925544e-07
139710000	4.210394e-07
139715000	5.988020e-07
139720000	4.347516e-07
139725000	6.751828e-07
139730000	4.388304e-07
139735000	7.538816e-07
139740000	6.355417e-07
139745000	2.573966e-07
139750000	4.141197e-07
139755000	3.708113e-07
139760000	4.227795e-07
139765000	5.623204e-07
139770000	5.515438e-07
139775000	3.768724e-07
139780000	8.081346e-07
139785000	3.744691e-07
139790000	5.856955e-07
139795000	7.019572e-07
139800000	4.940056e-07
139805000	5.286096e-07
139810000	3.647193e-07
139815000	4.849114e-07
139820000	5.080543e-07
139825000	6.944962e-07
139830000	4.020891e-07
139835000	4.270056e-07
139840000	3.440892e-07
139845000	2.734623e-07
139850000	4.357199e-07
139855000	6.840587e-07
139860000	3.923658e-07
139865000	6.723422e-07
139870000	4.121087e-07
139875000	3.880409e-07
139880000	3.226419e-07
139885000	4.145524e-07
139890000	4.670235e-07
139895000	6.190676e-07
139900000	4.568985e-07
139905000	6.450638e-07
139910000	4.909719e-07
139915000	5.920034e-07
139920000	3.751751e-07
139925000	5.445879e-07
139930000	6.327498e-07
139935000	3.973662e-07
139940000	5.331821e-07
139945000	5.823627e-07
139950000	6.115252e-07
139955000	4.518334e-07
139960000	5.546927e-07
139965000	5.061172e-07
139970000	4.061126e-07
139975000	2.915762e-07
139980000	6.797934e-07
139985000	4.330346e-07
139990000	4.274045e-07
139995000	3.450901e-07
140000000	5.762482e-07
140005000	3.859883e-07
140010000	5.144537e-07
140015000	5.365865e-07
140020000	5.754863e-07
140025000	5.175246e-07
140030000	3.857531e-07
140035000	3.315760e-07
140040000	4.201482e-07
140045000	5.801579e-07
140050000	4.314302e-07
140055000	6.660011e-07
140060000	4.351496e-07
140065000	5.273988e-07
140070000	4.171701e-07
140075000	2.806708e-07
140080000	2.922343e-07
140085000	3.721471e-07
140090000	4.340747e-07
140095000	3.693196e-07
140100000	2.780289e-07
140105000	5.913019e-07
140110000	5.847982e-07
140115000	5.704959e-07
140120000	3.734291e-07
140125000	6.162807e-07
140130000	6.155480e-07
140135000	2.950307e-07
140140000	2.900423e-07
140145000	6.237384e-07
140150000	2.659595e-07
140155000	2.760948e-07
140160000	3.765862e-07
140165000	6.558587e-07
140170000	3.634614e-07
140175000	3.570570e-07
140180000	3.649009e-07
140185000	4.504839e-07
140190000	4.978096e-07
140195000	4.879509e-07
140200000	6.536358e-07
140205000	3.895343e-07
140210000	3.973317e-07
140215000	4.452112e-07
140220000	6.041348e-07
140225000	4.908292e-07
140230000	3.541235e-07
140235000	3.352568e-07
140240000	5.368024e-07
140245000	5.160027e-07
140250000	7.174750e-07
140255000	4.347479e-07
140260000	3.183140e-07
140265000	5.238729e-07
140270000	3.653769e-07
140275000	5.420498e-07
140280000	3.569520e-07
140285000	4.905664e-07
140290000	5.577481e-07
140295000	2.677701e-07
140300000	5.259743e-07
140305000	3.827698e-07
140310000	6.104988e-07
140315000	2.827970e-07
140320000	3.921280e-07
140325000	3.490025e-07
140330000	4.294261e-07
140335000	3.825526e-07
140340000	5.582495e-07
140345000	5.844569e-07
140350000	4.139938e-07
140355000	6.902794e-07
140360000	4.358494e-07
140365000	5.491648e-07
140370000	3.986599e-07
140375000	2.820190e-07
140380000	5.669128e-07
140385000	5.489162e-07
140390000	6.027864e-07
140395000	4.133509e-07
140400000	4.084324e-07
140405000	5.091827e-07
140410000	4.569837e-07
140415000	3.663978e-07
140420000	5.022988e-07
140425000	5.050920e-07
140430000	6.486169e-07
140435000	3.776654e-07
140440000	3.407515e-07
140445000	5.051913e-07
140450000	5.634481e-07
140455000	5.765716e-07
140460000	6.184238e-07
140465000	5.512997e-07
140470000	3.837824e-07
140475000	3.029173e-07
140480000	5.707684e-07
140485000	3.910808e-07
140490000	6.486972e-07
140495000	4.566001e-07
140500000	3.735981e-07
140505000	7.576893e-07
140510000	4.942297e-07
140515000	5.118559e-07
140520000	4.948407e-07
140525000	4.202416e-07
140530000	4.586880e-07
140535000	2.439918e-07
140540000	4.550577e-07
140545000	2.992364e-07
140550000	5.268643e-07
140555000	4.197459e-07
140560000	5.329688e-07
140565000	3.438809e-07
140570000	5.447080e-07
140575000	3.481238e-07
140580000	4.403206e-07
140585000	5.485802e-07
140590000	5.042746e-07
140595000	4.315537e-07
140600000	7.603460e-07
140605000	4.884902e-07
140610000	3.849576e-07
140615000	3.861137e-07
140620000	2.597488e-07
140625000	5.331400e-07
140630000	6.004904e-07
140635000	3.689116e-07
140640000	5.237143e-07
140645000	3.957379e-07
140650000	5.239003e-07
140655000	5.311996e-07
140660000	4.650078e-07
140665000	3.541227e-07
140670000	4.983050e-07
140675000	3.661130e-07
140680000	3.768897e-07
140685000	4.837573e-07
140690000	3.355422e-07
140695000	5.368412e-07
140700000	5.531373e-07
140705000	3.877865e-07
140710000	4.592346e-07
140715000	3.786785e-07
140720000	4.796190e-07
140725000	3.748221e-07
140730000	6.917116e-07
140735000	5.247910e-07
140740000	2.579145e-07
140745000	6.019834e-07
140750000	3.689421e-07
140755000	5.792451e-07
140760000	5.842983e-07
140765000	3.178118e-07
140770000	3.058663e-07
140775000	6.040870e-07
140780000	5.110141e-07
140785000	5.449681e-07
140790000	5.212263e-07
140795000	3.160362e-07
140800000	3.994794e-07
140805000	5.037294e-07
140810000	5.251252e-07
140815000	3.036736e-07
140820000	3.485365e-07
140825000	4.920124e-07
140830000	3.102049e-07
140835000	4.243161e-07
140840000	5.547098e-07
140845000	5.129924e-07
140850000	3.709777e-07
140855000	3.773040e-07
140860000	5.264249e-07
140865000	5.583358e-07
140870000	5.568180e-07
140875000	5.142259e-07
140880000	5.036531e-07
140885000	5.075092e-07
140890000	5.915673e-07
140895000	3.642993e-07
140900000	4.109667e-07
140905000	3.363766e-07
140910000	3.344549e-07
140915000	3.287941e-07
140920000	5.959214e-07
140925000	3.440785e-07
140930000	3.772231e-07
140935000	4.794149e-07
140940000	4.730892e-07
140945000	3.943327e-07
140950000	5.421674e-07
140955000	4.896823e-07
140960000	4.640975e-07
140965000	4.113400e-07
140970000	6.625810e-07
140975000	5.753567e-07
140980000	6.378252e-07
140985000	4.885013e-07
140990000	5.574145e-07
140995000	6.456021e-07
141000000	4.308122e-07
141005000	3.639163e-07
141010000	4.420905e-07
141015000	4.827657e-07
141020000	5.728026e-07
141025000	2.707878e-07
141030000	2.851891e-07
141035000	3.781536e-07
141040000	4.777290e-07
141045000	4.299414e-07
141050000	3.802670e-07
141055000	3.530443e-07
141060000	3.919773e-07
141065000	2.325809e-07
141070000	4.461795e-07
141075000	4.664700e-07
141080000	5.801261e-07
141085000	3.853722e-07
141090000	4.881242e-07
141095000	3.653322e-07
141100000	5.856451e-07
141105000	5.229839e-07
141110000	3.365589e-07
141115000	5.251040e-07
141120000	6.009278e-07
141125000	6.169155e-07
141130000	5.395786e-07
141135000	5.620352e-07
141140000	3.706500e-07
141145000	6.293704e-07
141150000	5.066826e-07
141155000	6.729361e-07
141160000	4.318237e-07
141165000	5.079938e-07
141170000	5.624310e-07
141175000	5.109548e-07
141180000	3.452132e-07
141185000	4.989268e-07
141190000	6.353529e-07
141195000	3.943940e-07
141200000	6.272640e-07
141205000	4.107331e-07
141210000	4.961324e-07
141215000	4.408796e-07
141220000	2.625147e-07
141225000	3.640307e-07
141230000	3.247135e-07
141235000	2.966500e-07
141240000	6.309491e-07
141245000	4.521593e-07
141250000	3.889158e-07
141255000	3.484053e-07
141260000	5.430638e-07
141265000	3.953886e-07
141270000	4.525085e-07
141275000	4.831443e-07
141280000	2.843884e-07
141285000	3.716278e-07
141290000	4.987211e-07
141295000	4.856388e-07
141300000	3.385714e-07
141305000	3.339092e-07
141310000	3.251200e-07
141315000	5.337414e-07
141320000	8.282869e-07
141325000	3.765655e-07
141330000	4.358712e-07
141335000	3.242298e-07
141340000	4.590605e-07
141345000	3.669168e-07
141350000	5.418699e-07
141355000	7.553029e-07
141360000	5.500786e-07
141365000	3.641625e-07
141370000	5.624171e-07
141375000	4.521441e-07
141380000	4.313848e-07
141385000	4.090185e-07
141390000	4.432769e-07
141395000	4.991132e-07
141400000	3.377272e-07
141405000	3.806481e-07
141410000	2.925919e-07
141415000	4.937392e-07
141420000	7.199278e-07
141425000	3.725521e-07
141430000	4.313961e-07
141435000	3.432146e-07
141440000	4.566319e-07
141445000	5.560057e-07
141450000	4.482610e-07
141455000	3.841511e-07
141460000	4.159418e-07
141465000	5.882076e-07
141470000	5.435023e-07
141475000	4.887835e-07
141480000	4.780947e-07
141485000	5.426582e-07
141490000	4.835909e-07
141495000	5.818322e-07
141500000	6.644077e-07
141505000	2.884100e-07
141510000	4.652516e-07
141515000	5.440795e-07
141520000	4.070056e-07
141525000	6.056962e-07
141530000	4.113674e-07
141535000	4.485520e-07
141540000	3.607282e-07
141545000	4.933163e-07
141550000	2.946872e-07
141555000	4.566428e-07
141560000	4.783804e-07
141565000	5.284918e-07
141570000	4.866600e-07
141575000	5.275916e-07
141580000	5.638969e-07
141585000	4.960241e-07
141590000	5.128943e-07
141595000	4.846036e-07
141600000	4.927833e-07
141605000	5.068678e-07
141610000	3.689815e-07
141615000	4.361080e-07
141620000	3.532511e-07
141625000	5.139017e-07
141630000	2.824422e-07
141635000	3.149599e-07
141640000	4.293409e-07
141645000	3.070405e-07
141650000	4.787627e-07
141655000	4.410842e-07
141660000	6.898518e-07
141665000	7.196981e-07
141670000	4.122981e-07
141675000	5.217962e-07
141680000	5.272824e-07
141685000	5.495166e-07
141690000	3.985923e-07
141695000	4.335220e-07
141700000	4.644825e-07
141705000	5.788887e-07
141710000	6.398218e-07
141715000	3.533804e-07
141720000	5.500365e-07
141725000	6.295220e-07
141730000	4.700986e-07
141735000	4.681144e-07
141740000	3.202650e-07
141745000	4.946797e-07
141750000	3.651944e-07
141755000	4.955515e-07
141760000	5.516397e-07
141765000	7.608178e-07
141770000	5.052608e-07
141775000	3.619721e-07
141780000	6.514411e-07
141785000	4.751594e-07
141790000	6.326744e-07
141795000	3.334597e-07
141800000	5.549502e-07
141805000	3.060575e-07
141810000	4.468648e-07
141815000	5.795913e-07
141820000	3.056203e-07
141825000	2.262451e-07
141830000	4.249074e-07
141835000	5.705228e-07
141840000	3.781466e-07
141845000	4.483136e-07
141850000	3.084171e-07
141855000	2.676038e-07
141860000	7.269344e-07
141865000	5.550794e-07
141870000	5.541460e-07
141875000	5.172313e-07
141880000	5.236087e-07
141885000	5.840732e-07
141890000	3.186397e-07
141895000	3.107359e-07
141900000	5.035797e-07
141905000	5.189059e-07
141910000	2.809478e-07
141915000	4.296402e-07
141920000	5.076926e-07
141925000	3.613561e-07
141930000	3.398570e-07
141935000	5.318174e-07
141940000	4.132412e-07
141945000	4.656071e-07
141950000	3.042933e-07
141955000	5.793405e-07
141960000	5.329820e-07
141965000	3.820440e-07
141970000	3.650024e-07
141975000	5.020502e-07
141980000	7.135466e-07
141985000	5.526506e-07
141990000	2.908694e-07
141995000	4.729788e-07
142000000	4.436196e-07
142005000	5.868428e-07
142010000	3.572008e-07
142015000	6.649439e-07
142020000	5.283352e-07
142025000	2.929528e-07
142030000	4.056538e-07
142035000	3.651709e-07
142040000	2.737675e-07
142045000	5.216702e-07
142050000	4.948654e-07
142055000	4.743715e-07
142060000	4.199063e-07
142065000	4.330559e-07
142070000	3.904790e-07
142075000	4.002646e-07
142080000	4.766221e-07
142085000	4.882127e-07
142090000	3.074077e-07
142095000	5.109289e-07
142100000	4.570162e-07
142105000	3.733725e-07
142110000	4.082532e-07
142115000	4.871096e-07
142120000	3.816838e-07
142125000	4.215810e-07
142130000	3.691227e-07
142135000	3.959969e-07
142140000	5.785937e-07
142145000	5.524501e-07
142150000	5.677035e-07
142155000	4.209399e-07
142160000	7.043538e-07
142165000	4.817849e-07
142170000	4.397358e-07
142175000	2.845082e-07
142180000	3.914915e-07
142185000	3.835044e-07
142190000	2.922019e-07
142195000	4.203400e-07
142200000	3.950442e-07
142205000	3.908340e-07
142210000	2.172903e-07
142215000	2.765529e-07
142220000	5.428138e-07
142225000	7.623156e-07
142230000	4.751121e-07
142235000	5.094673e-07
142240000	3.815227e-07
142245000	3.639116e-07
142250000	4.338203e-07
142255000	4.075469e-07
142260000	3.658332e-07
142265000	4.049433e-07
142270000	4.568008e-07
142275000	4.570103e-07
142280000	4.860564e-07
142285000	5.241072e-07
142290000	4.721181e-07
142295000	3.324575e-07
142300000	3.491904e-07
142305000	3.851593e-07
142310000	3.423699e-07
142315000	6.428962e-07
142320000	2.355380e-07
142325000	4.229197e-07
142330000	4.225030e-07
142335000	3.417266e-07
142340000	4.751135e-07
142345000	4.906417e-07
142350000	2.935221e-07
142355000	4.461030e-07
142360000	3.760648e-07
142365000	3.584385e-07
142370000	3.183118e-07
142375000	5.008684e-07
142380000	3.620639e-07
142385000	4.252757e-07
142390000	5.715339e-07
142395000	4.754579e-07
142400000	6.082312e-07
142405000	3.797511e-07
142410000	4.858617e-07
142415000	4.394969e-07
142420000	3.634000e-07
142425000	4.674290e-07
142430000	4.790303e-07
142435000	4.353271e-07
142440000	5.665180e-07
142445000	3.360067e-07
142450000	6.444307e-07
142455000	4.707851e-07
142460000	4.042580e-07
142465000	4.395448e-07
142470000	3.689673e-07
142475000	2.797821e-07
142480000	2.999676e-07
142485000	3.549368e-07
142490000	3.246711e-07
142495000	4.178443e-07
142500000	4.947835e-07
142505000	4.026983e-07
142510000	4.866957e-07
142515000	5.020217e-07
142520000	5.279097e-07
142525000	2.215997e-07
142530000	4.360857e-07
142535000	3.654582e-07
142540000	3.356434e-07
142545000	3.865865e-07
142550000	5.232492e-07
142555000	6.099316e-07
142560000	4.665263e-07
142565000	3.095131e-07
142570000	4.090456e-07
142575000	3.870574e-07
142580000	5.463129e-07
142585000	2.002688e-07
142590000	4.924322e-07
142595000	5.582617e-07
142600000	4.005538e-07
142605000	3.796850e-07
142610000	2.869837e-07
142615000	5.013603e-07
142620000	4.504712e-07
142625000	4.631470e-07
142630000	4.173128e-07
142635000	4.620712e-07
142640000	2.376622e-07
142645000	3.496803e-07
142650000	5.217451e-07
142655000	4.291612e-07
142660000	2.154230e-07
142665000	4.691195e-07
142670000	6.782572e-07
142675000	4.635274e-07
142680000	4.186420e-07
142685000	5.087799e-07
142690000	5.141384e-07
142695000	5.509039e-07
142700000	3.247140e-07
142705000	3.537211e-07
142710000	3.817501e-07
142715000	3.907415e-07
142720000	3.248180e-07
142725000	4.345001e-07
142730000	2.818969e-07
142735000	3.911468e-07
142740000	5.907411e-07
142745000	4.144331e-07
142750000	4.197659e-07
142755000	3.689891e-07
142760000	3.652807e-07
142765000	4.537436e-07
142770000	2.439975e-07
142775000	5.534254e-07
142780000	6.226265e-07
142785000	4.735140e-07
142790000	4.064897e-07
142795000	3.648267e-07
142800000	4.948954e-07
142805000	6.683512e-07
142810000	3.206847e-07
142815000	3.185227e-07
142820000	4.421944e-07
142825000	4.081329e-07
142830000	2.382449e-07
142835000	2.337049e-07
142840000	3.090624e-07
142845000	3.455210e-07
142850000	2.343366e-07
142855000	4.420541e-07
142860000	4.243690e-07
142865000	4.415212e-07
142870000	4.415545e-07
142875000	3.796925e-07
142880000	5.212506e-07
142885000	3.417392e-07
142890000	3.242811e-07
142895000	3.138796e-07
142900000	4.803280e-07
142905000	3.111003e-07
142910000	4.226940e-07
142915000	5.274483e-07
142920000	4.148996e-07
142925000	2.522663e-07
142930000	5.414442e-07
142935000	5.973704e-07
142940000	3.988619e-07
142945000	4.462320e-07
142950000	5.216152e-07
142955000	5.418574e-07
142960000	4.911995e-07
142965000	5.181451e-07
142970000	4.725870e-07
142975000	6.197038e-07
142980000	4.553242e-07
142985000	6.587389e-07
142990000	4.232193e-07
142995000	2.057618e-07
143000000	4.095291e-07
143005000	3.207639e-07
143010000	3.082821e-07
143015000	5.619545e-07
143020000	4.451585e-07
143025000	5.437285e-07
143030000	3.166480e-07
143035000	3.436074e-07
143040000	6.804864e-07
143045000	5.283252e-07
143050000	4.041063e-07
143055000	4.537144e-07
143060000	5.949996e-07
143065000	4.526809e-07
143070000	3.101008e-07
143075000	3.300824e-07
143080000	3.933524e-07
143085000	5.951402e-07
143090000	4.235752e-07
143095000	6.385570e-07
143100000	4.501968e-07
143105000	2.481561e-07
143110000	2.132295e-07
143115000	3.443231e-07
143120000	4.455304e-07
143125000	4.483060e-07
143130000	5.484157e-07
143135000	3.777426e-07
143140000	3.745751e-07
143145000	3.970859e-07
143150000	4.147663e-07
143155000	6.012872e-07
143160000	4.452048e-07
143165000	4.215845e-07
143170000	4.332179e-07
143175000	4.328739e-07
143180000	4.211776e-07
143185000	4.249610e-07
143190000	3.378452e-07
143195000	3.815826e-07
143200000	6.401141e-07
143205000	3.855290e-07
143210000	3.619351e-07
143215000	3.007020e-07
143220000	3.964790e-07
143225000	3.452733e-07
143230000	4.868455e-07
143235000	3.100687e-07
143240000	5.590934e-07
143245000	2.231375e-07
143250000	3.774428e-07
143255000	6.267955e-07
143260000	3.123754e-07
143265000	5.756644e-07
143270000	3.245773e-07
143275000	3.240765e-07
143280000	4.651672e-07
143285000	3.723508e-07
143290000	3.254936e-07
143295000	3.636364e-07
143300000	4.682062e-07
143305000	3.073997e-07
143310000	3.349222e-07
143315000	4.204196e-07
143320000	5.414796e-07
143325000	3.870368e-07
143330000	5.444503e-07
143335000	4.038009e-07
143340000	4.169267e-07
143345000	3.736327e-07
143350000	3.989963e-07
143355000	3.927385e-07
143360000	3.608320e-07
143365000	4.150694e-07
143370000	3.443157e-07
143375000	5.846696e-07
143380000	3.452996e-07
143385000	4.706154e-07
143390000	4.216480e-07
143395000	3.784037e-07
143400000	3.612050e-07
143405000	5.035214e-07
143410000	4.812187e-07
143415000	4.169930e-07
143420000	7.037689e-07
143425000	4.446679e-07
143430000	3.403281e-07
143435000	3.477280e-07
143440000	2.015212e-07
143445000	3.833418e-07
143450000	5.304991e-07
143455000	3.436816e-07
143460000	3.740761e-07
143465000	4.270800e-07
143470000	5.196508e-07
143475000	5.810358e-07
143480000	3.494573e-07
143485000	5.140702e-07
143490000	3.915895e-07
143495000	4.224245e-07
143500000	3.665629e-07
143505000	3.730114e-07
143510000	5.058476e-07
143515000	3.538180e-07
143520000	2.951746e-07
143525000	4.073615e-07
143530000	6.225956e-07
143535000	3.243190e-07
143540000	3.717455e-07
143545000	3.527555e-07
143550000	3.043801e-07
143555000	3.151216e-07
143560000	4.968218e-07
143565000	3.611397e-07
143570000	3.149654e-07
143575000	3.123528e-07
143580000	4.805433e-07
143585000	4.053623e-07
143590000	3.248521e-07
143595000	3.587228e-07
143600000	3.923882e-07
143605000	6.317828e-07
143610000	2.394905e-07
143615000	3.622594e-07
143620000	4.436513e-07
143625000	3.331247e-07
143630000	3.284503e-07
143635000	4.468986e-07
143640000	2.210044e-07
143645000	4.835491e-07
143650000	1.920631e-07
143655000	6.454018e-07
143660000	3.531294e-07
143665000	3.387435e-07
143670000	3.108648e-07
143675000	3.427674e-07
143680000	3.404599e-07
143685000	3.310231e-07
143690000	3.465197e-07
143695000	2.624599e-07
143700000	3.788032e-07
143705000	5.018451e-07
143710000	4.239558e-07
143715000	4.521359e-07
143720000	3.776631e-07
143725000	3.345808e-07
143730000	3.551536e-07
143735000	5.069165e-07
143740000	4.892831e-07
143745000	4.800533e-07
143750000	4.833614e-07
143755000	3.660474e-07
143760000	4.400463e-07
143765000	4.757265e-07
143770000	2.544427e-07
143775000	5.463347e-07
143780000	5.790342e-07
143785000	4.101026e-07
143790000	3.169817e-07
143795000	3.770812e-07
143800000	2.579989e-07
143805000	4.803832e-07
143810000	2.819205e-07
143815000	2.951422e-07
143820000	3.819011e-07
143825000	4.332104e-07
143830000	5.829350e-07
143835000	5.330852e-07
143840000	3.519304e-07
143845000	4.665152e-07
143850000	4.105467e-07
143855000	3.541524e-07
143860000	2.316037e-07
143865000	4.956375e-07
143870000	5.139089e-07
143875000	4.615047e-07
143880000	3.103317e-07
143885000	2.103232e-07
143890000	4.388271e-07
143895000	3.396395e-07
143900000	3.558049e-07
143905000	3.866763e-07
143910000	4.092605e-07
143915000	5.519068e-07
143920000	5.465659e-07
143925000	3.715282e-07
143930000	4.307491e-07
143935000	3.528340e-07
143940000	4.268000e-07
143945000	4.287654e-07
143950000	3.684365e-07
143955000	4.672277e-07
143960000	2.562859e-07
143965000	3.111597e-07
143970000	4.057028e-07
143975000	4.937788e-07
143980000	3.044250e-07
143985000	4.482118e-07
143990000	2.966554e-07
143995000	2.379354e-07
144000000	2.679739e-07
144005000	4.301018e-07
144010000	3.790223e-07
144015000	3.864473e-07
144020000	4.201137e-07
144025000	5.161648e-07
144030000	3.405872e-07
144035000	4.306236e-07
144040000	3.211379e-07
144045000	2.108817e-07
144050000	3.326890e-07
144055000	4.538829e-07
144060000	5.362730e-07
144065000	5.831696e-07
144070000	3.319096e-07
144075000	3.074632e-07
144080000	3.392519e-07
144085000	3.644062e-07
144090000	4.316742e-07
144095000	3.208992e-07
144100000	4.047766e-07
144105000	4.502603e-07
144110000	3.095439e-07
144115000	3.098596e-07
144120000	4.309017e-07
144125000	3.936377e-07
144130000	3.534694e-07
144135000	3.851764e-07
144140000	2.802560e-07
144145000	2.287827e-07
144150000	2.685239e-07
144155000	2.961586e-07
144160000	3.798428e-07
144165000	2.165682e-07
144170000	4.996063e-07
144175000	4.898987e-07
144180000	4.993211e-07
144185000	2.474397e-07
144190000	4.978048e-07
144195000	5.193301e-07
144200000	3.704524e-07
144205000	3.137025e-07
144210000	3.825670e-07
144215000	3.400019e-07
144220000	3.928625e-07
144225000	4.915970e-07
144230000	4.298993e-07
144235000	3.706379e-07
144240000	3.607355e-07
144245000	3.034893e-07
144250000	4.886333e-07
144255000	2.740345e-07
144260000	3.295469e-07
144265000	4.945966e-07
144270000	3.822073e-07
144275000	2.925566e-07
144280000	2.955455e-07
144285000	4.005610e-07
144290000	3.575461e-07
144295000	2.887318e-07
144300000	3.932279e-07
144305000	5.539807e-07
144310000	6.614254e-07
144315000	2.726909e-07
144320000	3.994509e-07
144325000	3.916662e-07
144330000	3.658604e-07
144335000	3.041289e-07
144340000	4.051228e-07
144345000	3.602675e-07
144350000	4.089099e-07
144355000	4.949618e-07
144360000	2.713946e-07
144365000	2.514059e-07
144370000	4.851540e-07
144375000	2.795223e-07
144380000	5.336361e-07
144385000	4.823158e-07
144390000	2.266485e-07
144395000	2.891323e-07
144400000	5.454981e-07
144405000	2.678973e-07
144410000	2.672748e-07
144415000	3.750247e-07
144420000	3.717245e-07
144425000	4.013961e-07
144430000	3.773944e-07
144435000	3.573110e-07
144440000	3.716850e-07
144445000	3.707910e-07
144450000	5.588332e-07
144455000	4.057294e-07
144460000	3.786802e-07
144465000	3.411976e-07
144470000	5.757260e-07
144475000	3.429284e-07
144480000	2.100877e-07
144485000	5.292287e-07
144490000	3.745042e-07
144495000	4.596946e-07
144500000	3.651011e-07
144505000	3.537318e-07
144510000	2.817612e-07
144515000	3.865084e-07
144520000	3.956472e-07
144525000	2.851619e-07
144530000	5.965327e-07
144535000	3.164805e-07
144540000	3.315135e-07
144545000	2.238798e-07
144550000	3.489853e-07
144555000	3.935531e-07
144560000	4.149486e-07
144565000	3.020007e-07
144570000	2.158548e-07
144575000	4.709915e-07
144580000	5.646165e-07
144585000	3.522398e-07
144590000	2.760726e-07
144595000	3.960903e-07
144600000	1.805437e-07
144605000	4.550328e-07
144610000	6.618767e-07
144615000	2.796125e-07
144620000	4.411230e-07
144625000	2.842052e-07
144630000	3.284407e-07
144635000	3.727457e-07
144640000	3.778681e-07
144645000	1.815745e-07
144650000	4.447539e-07
144655000	3.725228e-07
144660000	2.978037e-07
144665000	3.582043e-07
144670000	6.865927e-07
144675000	3.357550e-07
144680000	3.590298e-07
144685000	3.919386e-07
144690000	3.813189e-07
144695000	3.772759e-07
144700000	3.870480e-07
144705000	3.216860e-07
144710000	2.419657e-07
144715000	4.900967e-07
144720000	3.601832e-07
144725000	2.556946e-07
144730000	2.975833e-07
144735000	3.231339e-07
144740000	4.558902e-07
144745000	2.884500e-07
144750000	3.155603e-07
144755000	4.572162e-07
144760000	3.713186e-07
144765000	3.028578e-07
144770000	2.663979e-07
144775000	3.549990e-07
144780000	4.045885e-07
144785000	3.803017e-07
144790000	1.879095e-07
144795000	4.514825e-07
144800000	3.634809e-07
144805000	4.487362e-07
144810000	3.513282e-07
144815000	4.376119e-07
144820000	3.238553e-07
144825000	2.759442e-07
144830000	3.637400e-07
144835000	2.916209e-07
144840000	4.754843e-07
144845000	3.119088e-07
144850000	4.466701e-07
144855000	2.834027e-07
144860000	3.285980e-07
144865000	3.514693e-07
144870000	4.085772e-07
144875000	3.500823e-07
144880000	2.500429e-07
144885000	5.154666e-07
144890000	3.812586e-07
144895000	2.148633e-07
144900000	2.631028e-07
144905000	4.569922e-07
144910000	3.135819e-07
144915000	3.402430e-07
144920000	5.071875e-07
144925000	4.313598e-07
144930000	4.444620e-07
144935000	3.206363e-07
144940000	2.605695e-07
144945000	4.133055e-07
144950000	1.571544e-07
144955000	1.961371e-07
144960000	4.005140e-07
144965000	3.920327e-07
144970000	3.313991e-07
144975000	2.870619e-07
144980000	3.313547e-07
144985000	2.681232e-07
144990000	4.245991e-07
144995000	2.208361e-07
145000000	3.155176e-07
145005000	3.352530e-07
145010000	1.860371e-07
145015000	3.124978e-07
145020000	4.477404e-07
145025000	4.408545e-07
145030000	3.193396e-07
145035000	5.365104e-07
145040000	3.862729e-07
145045000	2.374868e-07
145050000	2.929295e-07
145055000	2.855562e-07
145060000	3.998335e-07
145065000	2.722498e-07
145070000	5.757404e-07
145075000	3.049296e-07
145080000	3.038744e-07
145085000	1.651567e-07
145090000	2.981314e-07
145095000	3.464122e-07
145100000	4.318049e-07
145105000	3.588702e-07
145110000	3.108318e-07
145115000	2.388167e-07
145120000	2.743403e-07
145125000	2.492677e-07
145130000	3.287740e-07
145135000	3.080161e-07
145140000	3.376249e-07
145145000	4.909223e-07
145150000	2.223660e-07
145155000	3.509822e-07
145160000	3.385497e-07
145165000	1.798701e-07
145170000	3.561107e-07
145175000	2.895247e-07
145180000	3.177963e-07
145185000	3.432351e-07
145190000	1.597358e-07
145195000	5.344151e-07
145200000	4.699861e-07
145205000	3.316968e-07
145210000	3.342816e-07
145215000	3.134231e-07
145220000	3.298929e-07
145225000	2.942867e-07
145230000	2.255155e-07
145235000	2.663473e-07
145240000	1.872088e-07
145245000	2.539569e-07
145250000	3.683852e-07
145255000	4.168903e-07
145260000	3.955867e-07
145265000	4.044711e-07
145270000	3.748336e-07
145275000	3.043696e-07
145280000	5.003160e-07
145285000	3.209310e-07
145290000	3.901307e-07
145295000	3.317799e-07
145300000	4.172640e-07
145305000	3.963258e-07
145310000	3.559266e-07
145315000	3.557880e-07
145320000	4.131509e-07
145325000	3.393352e-07
145330000	2.406804e-07
145335000	3.597940e-07
145340000	2.988110e-07
145345000	5.290246e-07
145350000	4.401885e-07
145355000	4.301724e-07
145360000	2.383059e-07
145365000	5.022979e-07
145370000	3.567654e-07
145375000	2.335997e-07
145380000	3.024996e-07
145385000	3.417999e-07
145390000	3.675096e-07
145395000	3.648822e-07
145400000	3.933417e-07
145405000	3.072707e-07
145410000	2.992296e-07
145415000	3.424320e-07
145420000	4.073214e-07
145425000	2.515257e-07
145430000	4.805664e-07
145435000	3.094300e-07
145440000	4.716162e-07
145445000	2.905536e-07
145450000	3.753615e-07
145455000	4.975525e-07
145460000	2.797668e-07
145465000	4.222897e-07
145470000	2.777321e-07
145475000	5.327746e-07
145480000	4.834828e-07
145485000	2.771145e-07
145490000	2.564719e-07
145495000	2.826513e-07
145500000	3.641712e-07
145505000	5.252723e-07
145510000	3.229815e-07
145515000	2.801337e-07
145520000	4.424964e-07
145525000	2.522101e-07
145530000	2.133802e-07
145535000	2.356606e-07
145540000	3.141127e-07
145545000	4.054823e-07
145550000	3.996766e-07
145555000	5.217154e-07
145560000	3.748245e-07
145565000	3.676641e-07
145570000	2.380969e-07
145575000	3.297349e-07
145580000	4.408092e-07
145585000	2.558475e-07
145590000	3.717385e-07
145595000	4.534309e-07
145600000	3.973409e-07
145605000	3.443553e-07
145610000	3.156105e-07
145615000	3.531837e-07
145620000	2.048630e-07
145625000	3.489960e-07
145630000	3.682125e-07
145635000	3.958497e-07
145640000	3.981493e-07
145645000	2.673178e-07
145650000	3.737236e-07
145655000	4.314475e-07
145660000	4.573618e-07
145665000	3.969806e-07
145670000	2.691974e-07
145675000	2.446826e-07
145680000	2.729359e-07
145685000	4.348565e-07
145690000	2.143771e-07
145695000	2.773512e-07
145700000	4.729031e-07
145705000	2.331723e-07
145710000	3.138409e-07
145715000	2.848190e-07
145720000	3.145265e-07
145725000	5.002147e-07
145730000	3.720549e-07
145735000	4.275198e-07
145740000	3.244746e-07
145745000	4.584670e-07
145750000	4.336588e-07
145755000	4.701323e-07
145760000	2.406774e-07
145765000	2.188203e-07
145770000	3.063917e-07
145775000	3.936131e-07
145780000	4.471192e-07
145785000	4.612873e-07
145790000	4.476926e-07
145795000	3.228352e-07
145800000	3.570965e-07
145805000	2.983002e-07
145810000	4.818553e-07
145815000	4.431268e-07
145820000	4.838442e-07
145825000	4.034952e-07
145830000	3.750546e-07
145835000	3.513953e-07
145840000	2.323413e-07
145845000	3.133056e-07
145850000	4.004082e-07
145855000	2.677414e-07
145860000	2.872343e-07
145865000	3.393813e-07
145870000	4.441246e-07
145875000	3.974051e-07
145880000	3.925608e-07
145885000	4.450755e-07
145890000	4.089206e-07
145895000	3.974804e-07
145900000	3.112070e-07
145905000	4.926277e-07
145910000	4.312751e-07
145915000	2.649845e-07
145920000	5.496146e-07
145925000	4.468003e-07
145930000	3.466189e-07
145935000	3.656080e-07
145940000	4.210398e-07
145945000	3.968973e-07
145950000	3.839786e-07
145955000	3.575615e-07
145960000	1.830483e-07
145965000	4.412199e-07
145970000	2.583882e-07
145975000	3.362294e-07
145980000	1.150448e-07
145985000	3.041177e-07
145990000	4.060705e-07
145995000	3.197976e-07
146000000	5.699228e-07
146005000	4.437601e-07
146010000	2.962648e-07
146015000	3.171248e-07
146020000	3.446103e-07
146025000	4.462031e-07
146030000	2.390388e-07
146035000	2.053955e-07
146040000	2.491693e-07
146045000	4.340190e-07
146050000	4.125794e-07
146055000	2.700101e-07
146060000	3.235730e-07
146065000	2.877071e-07
146070000	3.154457e-07
146075000	3.672088e-07
146080000	4.159310e-07
146085000	3.476637e-07
146090000	2.793177e-07
146095000	2.802851e-07
146100000	3.874859e-07
146105000	5.575173e-07
146110000	4.422668e-07
146115000	3.711614e-07
146120000	4.899852e-07
146125000	2.806229e-07
146130000	4.698132e-07
146135000	3.411700e-07
146140000	3.690349e-07
146145000	3.816436e-07
146150000	4.780821e-07
146155000	3.569374e-07
146160000	5.789093e-07
146165000	3.357862e-07
146170000	1.748101e-07
146175000	2.144707e-07
146180000	2.243843e-07
146185000	2.350529e-07
146190000	3.356143e-07
146195000	4.817016e-07
146200000	2.077727e-07
146205000	3.143481e-07
146210000	3.795854e-07
146215000	4.231252e-07
146220000	3.388348e-07
146225000	2.410729e-07
146230000	4.728342e-07
146235000	3.259423e-07
146240000	4.815925e-07
146245000	2.947529e-07
146250000	2.995270e-07
146255000	4.336466e-07
146260000	2.769989e-07
146265000	2.460718e-07
146270000	2.685751e-07
146275000	4.870971e-07
146280000	5.685872e-07
146285000	4.471795e-07
146290000	4.669444e-07
146295000	3.499002e-07
146300000	1.445734e-07
146305000	2.999976e-07
146310000	3.526602e-07
146315000	2.814811e-07
146320000	3.487591e-07
146325000	3.966528e-07
146330000	3.551672e-07
146335000	4.254209e-07
146340000	3.844686e-07
146345000	3.278168e-07
146350000	2.118358e-07
146355000	3.032701e-07
146360000	2.278743e-07
146365000	3.075052e-07
146370000	2.326512e-07
146375000	2.832150e-07
146380000	2.956439e-07
146385000	1.947669e-07
146390000	3.186844e-07
146395000	3.247415e-07
146400000	4.908930e-07
146405000	4.471091e-07
146410000	5.102105e-07
146415000	3.734168e-07
146420000	5.056388e-07
146425000	3.245134e-07
146430000	3.716246e-07
146435000	5.260626e-07
146440000	3.563835e-07
146445000	5.204553e-07
146450000	2.592529e-07
146455000	2.418849e-07
146460000	3.500182e-07
146465000	3.813080e-07
146470000	2.198529e-07
146475000	2.245226e-07
146480000	2.771145e-07
146485000	4.338225e-07
146490000	2.093784e-07
146495000	3.085417e-07
146500000	2.843838e-07
146505000	4.054445e-07
146510000	3.435948e-07
146515000	2.768797e-07
146520000	5.379126e-07
146525000	2.759646e-07
146530000	2.265471e-07
146535000	4.905225e-07
146540000	3.567987e-07
146545000	4.846596e-07
146550000	5.566989e-07
146555000	3.665312e-07
146560000	3.982006e-07
146565000	3.589729e-07
146570000	4.110488e-07
146575000	2.638151e-07
146580000	3.178115e-07
146585000	3.065924e-07
146590000	3.333913e-07
146595000	4.541662e-07
146600000	3.512624e-07
146605000	3.522653e-07
146610000	2.317460e-07
146615000	3.427512e-07
146620000	3.917860e-07
146625000	2.851989e-07
146630000	6.010098e-07
146635000	4.361761e-07
146640000	2.138053e-07
146645000	3.102995e-07
146650000	3.636041e-07
146655000	3.521008e-07
146660000	4.290244e-07
146665000	3.488561e-07
146670000	4.561677e-07
146675000	3.677917e-07
146680000	2.603200e-07
146685000	4.277856e-07
146690000	2.344298e-07
146695000	3.251960e-07
146700000	4.430195e-07
146705000	4.211486e-07
146710000	3.148592e-07
146715000	4.514145e-07
146720000	3.061617e-07
146725000	3.300449e-07
146730000	2.328415e-07
146735000	1.982266e-07
146740000	4.570516e-07
146745000	4.109837e-07
146750000	3.276514e-07
146755000	4.261323e-07
146760000	4.088689e-07
146765000	3.757411e-07
146770000	2.085740e-07
146775000	3.996169e-07
146780000	2.110238e-07
146785000	2.518449e-07
146790000	3.134281e-07
146795000	3.696457e-07
146800000	4.030282e-07
146805000	4.515042e-07
146810000	3.704135e-07
146815000	3.184677e-07
146820000	5.063999e-07
146825000	4.704665e-07
146830000	3.511879e-07
146835000	1.874500e-07
146840000	3.700589e-07
146845000	2.419852e-07
146850000	2.913422e-07
146855000	3.972949e-07
146860000	2.778109e-07
146865000	4.255316e-07
146870000	3.107763e-07
146875000	4.011493e-07
146880000	2.928204e-07
146885000	5.349727e-07
146890000	4.874450e-07
146895000	3.790007e-07
146900000	3.161748e-07
146905000	4.202339e-07
146910000	2.191294e-07
146915000	2.633283e-07
146920000	2.806010e-07
146925000	2.801100e-07
146930000	2.178378e-07
146935000	2.354526e-07
146940000	3.571899e-07
146945000	3.506811e-07
146950000	3.252039e-07
146955000	4.203708e-07
146960000	2.498676e-07
146965000	4.545715e-07
146970000	2.122090e-07
146975000	3.514125e-07
146980000	3.561125e-07
146985000	2.981282e-07
146990000	1.763321e-07
146995000	2.697085e-07
147000000	3.662248e-07
147005000	1.933194e-07
147010000	2.562407e-07
147015000	2.574099e-07
147020000	1.758935e-07
147025000	1.878485e-07
147030000	1.780125e-07
147035000	4.472270e-07
147040000	2.515758e-07
147045000	3.506913e-07
147050000	4.362131e-07
147055000	4.725066e-07
147060000	2.067894e-07
147065000	2.345339e-07
147070000	3.322675e-07
147075000	2.036266e-07
147080000	1.731037e-07
147085000	2.535428e-07
147090000	2.203370e-07
147095000	3.046194e-07
147100000	2.442310e-07
147105000	3.493126e-07
147110000	2.853053e-07
147115000	3.469221e-07
147120000	3.338424e-07
147125000	2.627731e-07
147130000	2.935638e-07
147135000	2.641897e-07
147140000	2.056140e-07
147145000	3.203119e-07
147150000	3.004495e-07
147155000	4.389075e-07
147160000	3.311509e-07
147165000	3.356740e-07
147170000	1.940294e-07
147175000	3.231960e-07
147180000	2.715265e-07
147185000	4.827965e-07
147190000	3.889294e-07
147195000	2.410300e-07
147200000	2.750029e-07
147205000	2.376877e-07
147210000	2.192298e-07
147215000	3.825041e-07
147220000	2.572290e-07
147225000	2.233289e-07
147230000	3.522066e-07
147235000	2.782238e-07
147240000	3.772035e-07
147245000	2.104074e-07
147250000	3.845229e-07
147255000	2.135678e-07
147260000	2.127826e-07
147265000	3.245807e-07
147270000	3.922950e-07
147275000	4.340947e-07
147280000	2.375805e-07
147285000	2.940922e-07
147290000	5.784948e-07
147295000	4.707158e-07
147300000	1.900299e-07
147305000	2.119135e-07
147310000	2.260568e-07
147315000	3.072302e-07
147320000	3.094257e-07
147325000	1.190672e-07
147330000	4.016065e-07
147335000	3.843092e-07
147340000	3.520451e-07
147345000	3.573655e-07
147350000	3.378243e-07
147355000	2.958745e-07
147360000	2.501732e-07
147365000	3.220979e-07
147370000	1.859627e-07
147375000	3.098883e-07
147380000	2.887120e-07
147385000	2.710938e-07
147390000	4.944750e-07
147395000	3.686345e-07
147400000	3.733052e-07
147405000	2.743257e-07
147410000	3.687116e-07
147415000	3.058235e-07
147420000	3.399119e-07
147425000	5.088218e-07
147430000	2.710863e-07
147435000	1.975186e-07
147440000	3.241441e-07
147445000	2.939378e-07
147450000	3.923980e-07
147455000	4.854096e-07
147460000	5.565497e-07
147465000	5.037316e-07
147470000	2.139040e-07
147475000	3.742016e-07
147480000	2.173673e-07
147485000	3.020368e-07
147490000	3.261543e-07
147495000	4.271613e-07
147500000	2.611183e-07
147505000	1.774081e-07
147510000	1.879873e-07
147515000	2.584668e-07
147520000	3.711035e-07
147525000	1.434374e-07
147530000	5.742532e-07
147535000	3.802826e-07
147540000	2.549144e-07
147545000	2.836090e-07
147550000	4.502324e-07
147555000	2.607337e-07
147560000	2.601377e-07
147565000	2.283946e-07
147570000	2.660632e-07
147575000	1.831755e-07
147580000	4.150393e-07
147585000	2.525742e-07
147590000	2.664330e-07
147595000	3.152095e-07
147600000	2.827627e-07
147605000	3.255362e-07
147610000	2.232436e-07
147615000	3.302351e-07
147620000	2.611316e-07
147625000	3.424932e-07
147630000	2.839175e-07
147635000	1.800934e-07
147640000	1.795232e-07
147645000	2.137642e-07
147650000	1.504259e-07
147655000	3.645385e-07
147660000	4.071412e-07
147665000	3.328169e-07
147670000	3.223308e-07
147675000	4.053614e-07
147680000	2.379671e-07
147685000	2.878626e-07
147690000	4.837337e-07
147695000	2.024824e-07
147700000	2.911130e-07
147705000	2.905608e-07
147710000	3.870723e-07
147715000	2.148499e-07
147720000	3.180232e-07
147725000	2.072917e-07
147730000	4.172519e-07
147735000	3.584035e-07
147740000	2.530904e-07
147745000	4.031939e-07
147750000	2.441746e-07
147755000	2.607602e-07
147760000	2.188229e-07
147765000	2.845919e-07
147770000	3.645079e-07
147775000	3.094228e-07
147780000	2.575052e-07
147785000	2.326086e-07
147790000	1.977775e-07
147795000	3.840305e-07
147800000	3.179493e-07
147805000	3.574642e-07
147810000	3.652924e-07
147815000	3.697169e-07
147820000	4.026192e-07
147825000	3.805858e-07
147830000	3.805458e-07
147835000	3.202551e-07
147840000	5.145955e-07
147845000	4.097544e-07
147850000	2.141329e-07
147855000	2.843496e-07
147860000	4.454045e-07
147865000	3.752526e-07
147870000	2.831909e-07
147875000	2.500007e-07
147880000	3.149262e-07
147885000	3.164063e-07
147890000	3.223857e-07
147895000	4.565771e-07
147900000	1.802267e-07
147905000	2.424304e-07
147910000	3.103952e-07
147915000	2.641968e-07
147920000	2.972291e-07
147925000	4.247134e-07
147930000	2.517726e-07
147935000	3.829522e-07
147940000	4.156650e-07
147945000	3.484400e-07
147950000	3.399966e-07
147955000	3.045177e-07
147960000	4.063780e-07
147965000	2.346528e-07
147970000	3.248226e-07
147975000	3.740164e-07
147980000	3.349471e-07
147985000	1.701329e-07
147990000	3.979965e-07
147995000	2.983496e-07
148000000	3.027566e-07
148005000	3.702756e-07
148010000	3.157380e-07
148015000	3.637319e-07
148020000	3.330638e-07
148025000	3.575796e-07
148030000	3.239086e-07
148035000	3.163678e-07
148040000	3.864220e-07
148045000	4.262003e-07
148050000	3.000473e-07
148055000	3.164587e-07
148060000	4.021792e-07
148065000	3.156326e-07
148070000	2.339127e-07
148075000	2.845622e-07
148080000	2.950967e-07
148085000	2.550247e-07
148090000	3.510225e-07
148095000	2.924598e-07
148100000	2.432855e-07
148105000	4.727943e-07
148110000	4.352656e-07
148115000	3.527057e-07
148120000	3.872311e-07
148125000	1.980893e-07
148130000	2.193127e-07
148135000	2.729597e-07
148140000	2.367041e-07
148145000	3.311191e-07
148150000	2.513155e-07
148155000	2.656763e-07
148160000	1.655126e-07
148165000	2.369163e-07
148170000	3.625890e-07
148175000	3.502645e-07
148180000	3.293418e-07
148185000	3.239072e-07
148190000	4.984213e-07
148195000	4.077671e-07
148200000	2.563423e-07
148205000	3.364222e-07
148210000	3.512705e-07
148215000	2.675135e-07
148220000	3.192128e-07
148225000	3.414288e-07
148230000	2.640208e-07
148235000	2.210287e-07
148240000	2.975728e-07
148245000	2.818625e-07
148250000	4.521300e-07
148255000	4.328360e-07
148260000	4.476318e-07
148265000	1.749030e-07
148270000	2.926903e-07
148275000	2.390319e-07
148280000	4.458427e-07
148285000	3.548888e-07
148290000	2.998719e-07
148295000	2.976654e-07
148300000	3.120526e-07
148305000	3.551118e-07
148310000	1.715189e-07
148315000	2.200697e-07
148320000	3.391750e-07
148325000	2.922537e-07
148330000	2.599202e-07
148335000	4.437872e-07
148340000	2.180908e-07
148345000	3.221804e-07
148350000	6.686305e-07
148355000	3.600363e-07
148360000	3.103716e-07
148365000	1.914447e-07
148370000	2.403072e-07
148375000	3.310688e-07
148380000	3.248687e-07
148385000	3.488677e-07
148390000	3.011020e-07
148395000	3.815797e-07
148400000	3.513708e-07
148405000	4.396839e-07
148410000	4.366347e-07
148415000	3.267394e-07
148420000	5.109935e-07
148425000	3.763754e-07
148430000	3.596060e-07
148435000	4.066473e-07
148440000	5.253790e-07
148445000	5.031014e-07
148450000	2.952298e-07
148455000	3.916535e-07
148460000	3.070083e-07
148465000	3.499447e-07
148470000	3.199449e-07
148475000	4.323395e-07
148480000	3.273521e-07
148485000	3.240251e-07
148490000	1.994597e-07
148495000	2.404623e-07
148500000	1.854042e-07
148505000	3.809343e-07
148510000	3.868102e-07
148515000	2.767614e-07
148520000	4.232527e-07
148525000	3.940718e-07
148530000	2.216948e-07
148535000	4.018260e-07
148540000	2.929986e-07
148545000	5.208625e-07
148550000	4.495875e-07
148555000	4.073778e-07
148560000	4.213452e-07
148565000	3.568282e-07
148570000	2.430341e-07
148575000	3.932451e-07
148580000	3.356519e-07
148585000	2.373107e-07
148590000	2.427038e-07
148595000	3.521695e-07
148600000	3.770242e-07
148605000	3.947890e-07
148610000	3.442881e-07
148615000	3.332542e-07
148620000	2.397426e-07
148625000	2.496064e-07
148630000	3.646659e-07
148635000	4.364093e-07
148640000	3.059591e-07
148645000	2.077761e-07
148650000	4.236484e-07
148655000	3.013603e-07
148660000	2.495868e-07
148665000	3.584350e-07
148670000	4.107067e-07
148675000	4.395403e-07
148680000	3.928876e-07
148685000	3.432609e-07
148690000	4.132137e-07
148695000	3.227670e-07
148700000	2.707105e-07
148705000	3.061648e-07
148710000	4.803048e-07
148715000	3.745353e-07
148720000	5.040353e-07
148725000	6.026767e-07
148730000	3.963597e-07
148735000	4.288061e-07
148740000	4.133276e-07
148745000	2.655033e-07
148750000	3.039482e-07
148755000	2.357254e-07
148760000	5.489159e-07
148765000	3.817152e-07
148770000	2.858950e-07
148775000	2.040682e-07
148780000	4.099893e-07
148785000	4.011443e-07
148790000	3.898552e-07
148795000	2.535473e-07
148800000	3.526274e-07
148805000	3.403199e-07
148810000	3.800615e-07
148815000	2.850306e-07
148820000	2.886826e-07
148825000	2.508694e-07
148830000	3.778081e-07
148835000	3.122412e-07
148840000	4.820277e-07
148845000	4.182744e-07
148850000	2.992588e-07
148855000	2.482578e-07
148860000	3.181948e-07
148865000	4.262561e-07
148870000	3.788644e-07
148875000	2.269948e-07
148880000	2.888867e-07
148885000	2.889068e-07
148890000	4.490021e-07
148895000	3.875045e-07
148900000	4.029771e-07
148905000	2.300077e-07
148910000	2.431824e-07
148915000	3.444002e-07
148920000	4.423370e-07
148925000	3.494628e-07
148930000	5.338631e-07
148935000	2.359642e-07
148940000	6.987540e-08
148945000	3.078313e-07
148950000	1.351935e-07
148955000	2.951606e-07
148960000	2.633797e-07
148965000	2.518623e-07
148970000	2.405736e-07
148975000	3.280352e-07
148980000	2.860422e-07
148985000	1.680241e-07
148990000	2.216733e-07
148995000	3.733659e-07
149000000	3.460472e-07
149005000	3.522289e-07
149010000	2.738331e-07
149015000	3.366790e-07
149020000	2.764860e-07
149025000	4.061828e-07
149030000	2.039446e-07
149035000	3.664389e-07
149040000	2.915205e-07
149045000	3.210469e-07
149050000	3.169579e-07
149055000	3.043857e-07
149060000	2.137554e-07
149065000	2.601485e-07
149070000	4.101715e-07
149075000	4.491396e-07
149080000	3.303178e-07
149085000	2.571267e-07
149090000	3.143257e-07
149095000	2.598583e-07
149100000	3.134406e-07
149105000	2.839124e-07
149110000	3.476242e-07
149115000	3.508478e-07
149120000	4.269149e-07
149125000	2.608566e-07
149130000	3.576361e-07
149135000	3.000428e-07
149140000	4.063762e-07
149145000	4.673296e-07
149150000	2.469629e-07
149155000	3.090641e-07
149160000	3.645358e-07
149165000	2.173039e-07
149170000	2.358226e-07
149175000	2.810153e-07
149180000	2.376591e-07
149185000	2.096729e-07
149190000	4.957841e-07
149195000	3.359717e-07
149200000	2.464827e-07
149205000	2.767187e-07
149210000	4.879577e-07
149215000	3.191807e-07
149220000	3.200962e-07
149225000	2.424020e-07
149230000	2.235465e-07
149235000	3.646313e-07
149240000	1.870790e-07
149245000	1.569935e-07
149250000	2.685237e-07
149255000	1.300286e-07
149260000	2.908233e-07
149265000	2.113271e-07
149270000	4.246863e-07
149275000	2.273580e-07
149280000	2.468581e-07
149285000	1.576142e-07
149290000	3.540715e-07
149295000	3.642622e-07
149300000	2.281301e-07
149305000	3.457716e-07
149310000	2.965268e-07
149315000	2.109228e-07
149320000	2.735212e-07
149325000	2.805968e-07
149330000	1.997158e-07
149335000	1.923245e-07
149340000	2.458413e-07
149345000	4.186921e-07
149350000	2.799912e-07
149355000	2.638966e-07
149360000	3.988649e-07
149365000	4.037721e-07
149370000	4.220258e-07
149375000	3.811999e-07
149380000	3.001312e-07
149385000	3.221529e-07
149390000	3.130254e-07
149395000	2.064912e-07
149400000	4.559167e-07
149405000	2.786256e-07
149410000	4.607715e-07
149415000	1.883482e-07
149420000	3.736156e-07
149425000	3.824805e-07
149430000	3.693373e-07
149435000	3.169462e-07
149440000	1.551026e-07
149445000	2.388200e-07
149450000	2.763830e-07
149455000	1.987967e-07
149460000	1.744044e-07
149465000	2.207298e-07
149470000	2.510537e-07
149475000	2.982653e-07
149480000	2.402896e-07
149485000	1.691902e-07
149490000	2.546520e-07
149495000	1.447249e-07
149500000	2.799284e-07
149505000	1.998959e-07
149510000	1.627746e-07
149515000	3.079184e-07
149520000	3.483019e-07
149525000	2.041143e-07
149530000	3.845319e-07
149535000	4.180544e-07
149540000	4.137430e-07
149545000	1.988397e-07
149550000	3.166009e-07
149555000	2.543635e-07
149560000	2.447984e-07
149565000	1.687095e-07
149570000	2.574861e-07
149575000	3.792835e-07
149580000	2.068802e-07
149585000	2.999507e-07
149590000	3.958038e-07
149595000	4.573744e-07
149600000	2.378839e-07
149605000	2.628715e-07
149610000	2.038195e-07
149615000	2.633428e-07
149620000	1.900802e-07
149625000	3.332764e-07
149630000	1.723048e-07
149635000	3.198053e-07
149640000	3.366934e-07
149645000	3.803017e-07
149650000	3.476792e-07
149655000	2.334696e-07
149660000	2.410835e-07
149665000	2.967101e-07
149670000	3.323266e-07
149675000	2.424350e-07
149680000	1.941333e-07
149685000	2.762233e-07
149690000	2.531225e-07
149695000	1.511939e-07
149700000	2.742319e-07
149705000	3.128689e-07
149710000	2.835435e-07
149715000	3.659822e-07
149720000	1.891690e-07
149725000	4.654244e-07
149730000	2.820352e-07
149735000	2.265300e-07
149740000	2.356931e-07
149745000	3.117420e-07
149750000	2.546321e-07
149755000	2.628497e-07
149760000	2.948549e-07
149765000	2.159909e-07
149770000	3.313532e-07
149775000	4.336134e-07
149780000	1.150371e-07
149785000	1.560780e-07
149790000	2.741610e-07
149795000	3.332747e-07
149800000	3.210752e-07
149805000	4.146463e-07
149810000	1.918411e-07
149815000	2.457932e-07
149820000	1.162828e-07
149825000	3.675981e-07
149830000	4.084302e-07
149835000	2.268170e-07
149840000	2.235040e-07
149845000	1.734595e-07
149850000	2.825811e-07
149855000	2.817653e-07
149860000	3.380867e-07
149865000	2.580240e-07
149870000	1.877186e-07
149875000	3.093957e-07
149880000	2.157341e-07
149885000	3.686262e-07
149890000	1.731572e-07
149895000	2.699017e-07
149900000	2.083627e-07
149905000	3.505761e-07
149910000	1.859227e-07
149915000	2.936083e-07
149920000	2.146316e-07
149925000	3.230594e-07
149930000	3.571653e-07
149935000	2.568667e-07
149940000	2.176656e-07
149945000	2.362133e-07
149950000	3.682783e-07
149955000	1.812816e-07
149960000	2.591483e-07
149965000	4.720186e-07
149970000	2.616173e-07
149975000	2.146733e-07
149980000	3.319199e-07
149985000	1.603930e-07
149990000	3.294059e-07
149995000	1.968605e-07
150000000	3.663583e-07
150005000	1.584876e-07
150010000	1.861892e-07
150015000	2.943054e-07
150020000	3.201002e-07
150025000	3.292028e-07
150030000	3.013080e-07
150035000	2.194618e-07
150040000	2.329768e-07
150045000	4.222400e-07
150050000	2.779948e-07
150055000	3.353310e-07
150060000	2.670224e-07
150065000	2.180666e-07
150070000	3.814564e-07
150075000	2.612705e-07
150080000	3.535303e-07
150085000	3.107014e-07
150090000	1.340669e-07
150095000	1.725886e-07
150100000	3.084365e-07
150105000	2.531255e-07
150110000	2.286436e-07
150115000	2.011766e-07
150120000	3.550592e-07
150125000	1.941462e-07
150130000	3.265185e-07
150135000	1.957614e-07
150140000	1.657320e-07
150145000	3.354677e-07
150150000	2.551196e-07
150155000	3.521289e-07
150160000	4.033318e-07
150165000	2.732456e-07
150170000	3.991561e-07
150175000	1.765122e-07
150180000	2.498968e-07
150185000	2.617464e-07
150190000	2.856766e-07
150195000	3.753693e-07
150200000	3.651812e-07
150205000	1.244733e-07
150210000	1.741759e-07
150215000	2.358640e-07
150220000	2.194619e-07
150225000	2.618095e-07
150230000	4.166973e-07
150235000	3.477929e-07
150240000	3.140576e-07
150245000	1.424771e-07
150250000	2.773041e-07
150255000	3.852618e-07
150260000	2.741631e-07
150265000	3.895057e-07
150270000	1.867707e-07
150275000	7.757660e-08
150280000	2.898129e-07
150285000	1.946313e-07
150290000	2.690934e-07
150295000	2.123627e-07
150300000	2.343920e-07
150305000	2.811094e-07
150310000	3.698393e-07
150315000	1.714882e-07
150320000	2.314461e-07
150325000	1.475254e-07
150330000	1.236659e-07
150335000	2.761611e-07
150340000	2.794609e-07
150345000	2.488410e-07
150350000	2.648135e-07
150355000	4.097959e-07
150360000	2.945843e-07
150365000	3.801291e-07
150370000	1.862939e-07
150375000	2.756207e-07
150380000	2.413685e-07
150385000	2.256638e-07
150390000	2.616991e-07
150395000	3.200244e-07
150400000	3.690997e-07
150405000	2.917190e-07
150410000	2.706950e-07
150415000	3.917687e-07
150420000	4.258043e-07
150425000	8.077653e-08
150430000	1.866929e-07
150435000	2.634743e-07
150440000	4.133854e-07
150445000	4.047967e-07
150450000	1.865786e-07
150455000	2.617822e-07
150460000	4.418597e-07
150465000	4.067854e-07
150470000	2.708619e-07
150475000	3.437163e-07
150480000	2.153688e-07
150485000	2.660102e-07
150490000	2.331729e-07
150495000	3.048598e-07
150500000	1.444364e-07
150505000	3.795035e-07
150510000	2.507132e-07
150515000	2.951003e-07
150520000	9.663455e-08
150525000	1.492129e-07
150530000	2.719261e-07
150535000	2.707208e-07
150540000	2.166619e-07
150545000	2.296683e-07
150550000	1.714478e-07
150555000	3.027474e-07
150560000	4.099473e-07
150565000	4.732215e-07
150570000	8.493443e-08
150575000	1.870958e-07
150580000	2.998948e-07
150585000	1.378041e-07
150590000	3.033171e-07
150595000	2.266467e-07
150600000	3.302031e-07
150605000	4.186590e-07
150610000	1.755424e-07
150615000	2.504020e-07
150620000	3.622598e-07
150625000	1.689151e-07
150630000	3.407606e-07
150635000	2.344076e-07
150640000	2.954421e-07
150645000	1.791027e-07
150650000	3.335219e-07
150655000	2.527985e-07
150660000	2.401897e-07
150665000	2.774987e-07
150670000	2.610135e-07
150675000	2.785802e-07
150680000	1.535806e-07
150685000	2.312601e-07
150690000	2.866491e-07
150695000	1.956449e-07
150700000	1.959771e-07
150705000	2.605941e-07
150710000	4.382560e-07
150715000	3.541649e-07
150720000	2.806392e-07
150725000	3.508377e-07
150730000	1.512647e-07
150735000	3.923520e-07
150740000	2.845133e-07
150745000	1.559786e-07
150750000	3.436405e-07
150755000	2.938430e-07
150760000	3.857467e-07
150765000	2.663679e-07
150770000	2.267687e-07
150775000	3.574048e-07
150780000	2.880236e-07
150785000	2.462518e-07
150790000	1.696772e-07
150795000	3.225226e-07
150800000	1.614221e-07
150805000	3.288918e-07
150810000	2.051900e-07
150815000	1.539459e-07
150820000	3.443222e-07
150825000	2.638879e-07
150830000	2.069466e-07
150835000	2.533743e-07
150840000	1.206288e-07
150845000	2.555544e-07
150850000	2.692312e-07
150855000	3.305697e-07
150860000	1.810170e-07
150865000	3.994370e-07
150870000	1.657328e-07
150875000	2.572217e-07
150880000	9.473030e-08
150885000	2.284145e-07
150890000	1.058100e-07
150895000	1.752956e-07
150900000	3.970591e-07
150905000	3.506215e-07
150910000	2.049947e-07
150915000	2.254914e-07
150920000	1.875375e-07
150925000	1.844692e-07
150930000	3.203569e-07
150935000	2.212959e-07
150940000	2.518648e-07
150945000	1.642552e-07
150950000	3.093739e-07
150955000	2.119764e-07
150960000	1.893755e-07
150965000	2.322585e-07
150970000	2.153374e-07
150975000	2.213579e-07
150980000	3.014692e-07
150985000	2.030174e-07
150990000	2.275178e-07
150995000	2.073747e-07
151000000	2.503855e-07
151005000	2.514392e-07
151010000	3.183844e-07
151015000	1.738611e-07
151020000	2.599999e-07
151025000	3.513688e-07
151030000	2.979434e-07
151035000	2.432151e-07
151040000	1.372057e-07
151045000	1.074692e-07
151050000	2.910577e-07
151055000	3.572264e-07
151060000	3.580973e-07
151065000	3.911057e-07
151070000	2.658498e-07
151075000	1.740594e-07
151080000	3.244215e-07
151085000	1.334431e-07
151090000	3.079961e-07
151095000	4.416326e-07
151100000	2.173158e-07
151105000	2.651195e-07
151110000	2.211367e-07
151115000	2.893727e-07
151120000	3.180733e-07
151125000	2.268242e-07
151130000	3.127053e-07
151135000	1.775843e-07
151140000	2.737348e-07
151145000	2.456362e-07
151150000	4.067928e-07
151155000	1.797563e-07
151160000	4.711843e-07
151165000	4.392822e-07
151170000	3.357341e-07
151175000	3.642607e-07
151180000	3.658541e-07
151185000	2.286806e-07
151190000	3.559615e-07
151195000	2.015300e-07
151200000	2.010616e-07
151205000	2.189443e-07
151210000	2.389662e-07
151215000	2.847023e-07
151220000	5.095577e-07
151225000	3.680442e-07
151230000	1.132133e-07
151235000	1.987516e-07
151240000	2.670242e-07
151245000	2.268538e-07
151250000	1.495496e-07
151255000	2.732465e-07
151260000	2.334233e-07
151265000	4.898260e-07
151270000	2.246334e-07
151275000	3.625181e-07
151280000	2.404206e-07
151285000	5.403787e-07
151290000	3.324372e-07
151295000	2.498655e-07
151300000	3.742864e-07
151305000	4.485585e-07
151310000	1.992031e-07
151315000	2.915644e-07
151320000	1.942122e-07
151325000	2.213588e-07
151330000	2.185385e-07
151335000	2.832888e-07
151340000	3.251764e-07
151345000	2.480000e-07
151350000	2.316647e-07
151355000	3.898331e-07
151360000	2.710067e-07
151365000	2.872595e-07
151370000	2.770938e-07
151375000	1.155598e-07
151380000	3.838455e-07
151385000	2.953101e-07
151390000	3.005940e-07
151395000	2.142709e-07
151400000	2.653757e-07
151405000	2.438553e-07
151410000	3.111245e-07
151415000	2.247372e-07
151420000	2.125978e-07
151425000	2.072710e-07
151430000	2.949548e-07
151435000	2.766020e-07
151440000	3.165206e-07
151445000	1.600517e-07
151450000	3.696293e-07
151455000	3.297021e-07
151460000	1.744079e-07
151465000	2.255808e-07
151470000	2.062434e-07
151475000	2.189270e-07
151480000	2.628951e-07
151485000	2.708000e-07
151490000	2.835072e-07
151495000	4.077277e-07
151500000	3.366928e-07
151505000	3.387409e-07
151510000	4.042835e-07
151515000	2.245000e-07
151520000	2.579713e-07
151525000	4.255838e-07
151530000	2.368075e-07
151535000	2.769359e-07
151540000	4.580833e-07
151545000	2.800152e-07
151550000	4.239508e-07
151555000	3.670006e-07
151560000	3.726153e-07
151565000	3.177971e-07
151570000	1.411927e-07
151575000	3.071084e-07
151580000	3.161538e-07
151585000	1.613415e-07
151590000	2.265978e-07
151595000	2.070791e-07
151600000	1.906524e-07
151605000	3.460650e-07
151610000	2.444666e-07
151615000	2.684784e-07
151620000	2.740789e-07
151625000	2.822008e-07
151630000	2.901941e-07
151635000	3.413638e-07
151640000	1.736099e-07
151645000	2.196025e-07
151650000	1.414207e-07
151655000	2.837959e-07
151660000	2.825491e-07
151665000	2.496575e-07
151670000	2.960560e-07
151675000	3.529116e-07
151680000	1.113900e-07
151685000	1.435849e-07
151690000	4.567576e-07
151695000	3.140056e-07
151700000	4.558775e-07
151705000	3.403859e-07
151710000	2.887678e-07
151715000	2.540488e-07
151720000	1.819424e-07
151725000	2.266769e-07
151730000	2.245585e-07
151735000	3.975792e-07
151740000	2.771496e-07
151745000	3.602691e-07
151750000	2.756163e-07
151755000	2.858077e-07
151760000	2.539207e-07
151765000	2.833196e-07
151770000	2.002007e-07
151775000	2.117484e-07
151780000	2.659497e-07
151785000	2.256327e-07
151790000	2.183412e-07
151795000	2.750352e-07
151800000	2.171705e-07
151805000	3.174000e-07
151810000	2.610917e-07
151815000	2.676551e-07
151820000	4.508903e-07
151825000	1.773368e-07
151830000	1.997469e-07
151835000	1.547059e-07
151840000	2.399860e-07
151845000	2.960981e-07
151850000	2.190770e-07
151855000	3.648685e-07
151860000	1.916931e-07
151865000	4.032049e-07
151870000	2.669290e-07
151875000	2.552568e-07
151880000	2.083719e-07
151885000	1.475813e-07
151890000	8.121958e-08
151895000	1.444310e-07
151900000	1.806790e-07
151905000	2.813440e-07
151910000	2.153704e-07
151915000	2.041043e-07
151920000	1.692076e-07
151925000	3.745656e-07
151930000	3.222327e-07
151935000	2.967775e-07
151940000	2.671575e-07
151945000	2.153564e-07
151950000	3.844831e-07
151955000	2.683075e-07
151960000	2.007325e-07
151965000	2.785627e-07
151970000	2.047239e-07
151975000	1.349430e-07
151980000	1.610836e-07
151985000	2.395366e-07
151990000	3.124686e-07
151995000	2.898610e-07
152000000	1.277716e-07
152005000	2.626235e-07
152010000	1.901244e-07
152015000	3.231288e-07
152020000	3.280408e-07
152025000	2.609458e-07
152030000	1.667569e-07
152035000	1.967752e-07
152040000	1.447580e-07
152045000	3.079346e-07
152050000	1.969547e-07
152055000	2.488517e-07
152060000	3.399791e-07
152065000	2.446419e-07
152070000	2.133314e-07
152075000	2.166891e-07
152080000	2.051839e-07
152085000	4.453616e-07
152090000	2.368626e-07
152095000	3.574655e-07
152100000	1.554558e-07
152105000	1.566224e-07
152110000	3.077592e-07
152115000	2.146919e-07
152120000	2.380071e-07
152125000	2.145240e-07
152130000	3.267111e-07
152135000	2.808291e-07
152140000	1.785654e-07
152145000	2.799715e-07
152150000	2.743839e-07
152155000	1.631064e-07
152160000	5.100933e-08
152165000	8.959857e-08
152170000	4.088117e-07
152175000	3.525807e-07
152180000	3.073987e-07
152185000	1.922509e-07
152190000	2.019326e-07
152195000	2.568883e-07
152200000	3.855948e-07
152205000	2.470165e-07
152210000	2.288606e-07
152215000	2.008130e-07
152220000	2.158937e-07
152225000	2.414698e-07
152230000	2.696677e-07
152235000	2.696818e-07
152240000	1.352346e-07
152245000	1.560208e-07
152250000	3.177347e-07
152255000	2.733669e-07
152260000	3.463928e-07
152265000	1.464124e-07
152270000	2.940058e-07
152275000	2.180317e-07
152280000	2.352008e-07
152285000	2.065179e-07
152290000	2.140327e-07
152295000	2.141482e-07
152300000	2.282373e-07
152305000	2.850005e-07
152310000	2.606040e-07
152315000	2.108337e-07
152320000	1.586305e-07
152325000	2.597774e-07
152330000	2.839785e-07
152335000	3.687981e-07
152340000	2.525563e-07
152345000	1.835254e-07
152350000	2.758581e-07
152355000	2.484783e-07
152360000	2.482540e-07
152365000	3.155690e-07
152370000	3.317890e-07
152375000	3.781891e-07
152380000	2.712233e-07
152385000	2.085756e-07
152390000	1.958722e-07
152395000	2.810486e-07
152400000	2.451730e-07
152405000	2.436322e-07
152410000	3.294191e-07
152415000	3.210999e-07
152420000	2.200239e-07
152425000	2.912700e-07
152430000	1.805670e-07
152435000	3.629515e-07
152440000	2.132859e-07
152445000	1.321039e-07
152450000	2.080862e-07
152455000	2.415766e-07
152460000	2.262243e-07
152465000	3.685316e-07
152470000	3.192398e-07
152475000	2.304285e-07
152480000	1.744613e-07
152485000	1.216944e-07
152490000	2.601042e-07
152495000	2.735225e-07
152500000	1.262503e-07
152505000	2.174857e-07
152510000	3.025311e-07
152515000	2.869087e-07
152520000	2.343011e-07
152525000	2.471667e-07
152530000	2.579724e-07
152535000	2.635422e-07
152540000	2.441947e-07
152545000	2.943563e-07
152550000	2.833964e-07
152555000	1.312937e-07
152560000	5.305662e-08
152565000	2.223541e-07
152570000	3.381415e-07
152575000	2.982429e-07
152580000	1.639468e-07
152585000	2.225984e-07
152590000	2.705651e-07
152595000	3.719296e-07
152600000	2.341866e-07
152605000	2.711572e-07
152610000	3.970722e-07
152615000	1.779896e-07
152620000	3.405177e-07
152625000	4.348660e-07
152630000	2.384120e-07
152635000	1.848528e-07
152640000	2.656469e-07
152645000	2.608303e-07
152650000	3.365361e-07
152655000	2.467520e-07
152660000	2.805407e-07
152665000	1.836291e-07
152670000	3.124652e-07
152675000	8.858703e-08
152680000	4.480549e-07
152685000	3.853680e-07
152690000	3.420804e-07
152695000	2.515758e-07
152700000	2.385431e-07
152705000	2.507879e-07
152710000	1.504953e-07
152715000	1.645690e-07
152720000	3.013981e-07
152725000	2.468413e-07
152730000	2.434914e-07
152735000	2.384695e-07
152740000	2.879449e-07
152745000	1.136172e-07
152750000	3.296577e-07
152755000	1.170524e-07
152760000	4.166013e-07
152765000	2.674051e-07
152770000	1.241449e-07
152775000	1.615442e-07
152780000	1.944025e-07
152785000	2.476590e-07
152790000	1.377493e-07
152795000	3.901408e-07
152800000	2.743904e-07
152805000	2.227696e-07
152810000	1.726715e-07
152815000	3.917065e-07
152820000	3.070582e-07
152825000	2.762416e-07
152830000	2.128445e-07
152835000	2.405260e-07
152840000	2.651469e-07
152845000	2.890732e-07
152850000	2.193984e-07
152855000	2.850647e-07
152860000	9.043861e-08
152865000	5.059998e-07
152870000	3.711875e-07
152875000	2.819704e-07
152880000	1.949630e-07
152885000	2.883627e-07
152890000	2.153862e-07
152895000	2.340106e-07
152900000	2.175563e-07
152905000	2.644230e-07
152910000	1.840263e-07
152915000	3.105103e-07
152920000	3.557845e-07
152925000	1.172201e-07
152930000	2.263809e-07
152935000	1.892506e-07
152940000	2.780529e-07
152945000	2.814373e-07
152950000	2.113513e-07
152955000	2.903706e-07
152960000	1.993718e-07
152965000	3.905093e-07
152970000	2.762732e-07
152975000	3.355847e-07
152980000	3.932707e-07
152985000	3.777949e-07
152990000	2.203268e-07
152995000	2.760928e-07
153000000	1.867808e-07
153005000	1.627807e-07
153010000	3.713950e-07
153015000	1.592310e-07
153020000	3.737491e-07
153025000	1.291303e-07
153030000	1.700527e-07
153035000	3.765920e-08
153040000	2.046783e-07
153045000	1.766921e-07
153050000	2.971628e-07
153055000	1.825054e-07
153060000	2.658741e-07
153065000	2.550794e-07
153070000	2.157280e-07
153075000	3.376035e-07
153080000	1.564772e-07
153085000	3.225156e-07
153090000	2.104062e-07
153095000	3.728427e-07
153100000	2.115100e-07
153105000	1.798187e-07
153110000	1.353138e-07
153115000	1.844903e-07
153120000	3.095689e-07
153125000	3.362568e-07
153130000	3.133136e-07
153135000	2.860919e-07
153140000	3.072668e-07
153145000	2.245440e-07
153150000	1.462694e-07
153155000	2.167591e-07
153160000	3.378398e-07
153165000	2.284036e-07
153170000	1.978762e-07
153175000	2.607215e-07
153180000	1.390767e-07
153185000	3.248103e-07
153190000	3.601971e-07
153195000	2.636221e-07
153200000	1.436884e-07
153205000	1.484000e-07
153210000	1.860169e-07
153215000	2.077395e-07
153220000	1.914379e-07
153225000	2.070429e-07
153230000	2.170635e-07
153235000	9.665819e-08
153240000	2.130582e-07
153245000	2.664822e-07
153250000	2.035684e-07
153255000	3.039066e-07
153260000	1.381224e-07
153265000	3.441876e-07
153270000	2.729271e-07
153275000	2.684035e-07
153280000	3.422416e-07
153285000	2.168522e-07
153290000	2.625673e-07
153295000	1.657573e-07
153300000	2.529129e-07
153305000	1.618625e-07
153310000	3.467483e-07
153315000	3.977006e-07
153320000	2.749566e-07
153325000	3.894820e-07
153330000	3.983181e-07
153335000	1.679655e-07
153340000	2.904492e-07
153345000	4.672776e-07
153350000	2.742151e-07
153355000	2.879986e-07
153360000	3.592899e-07
153365000	2.285212e-07
153370000	3.668091e-07
153375000	1.233909e-07
153380000	2.917923e-07
153385000	1.943776e-07
153390000	1.998740e-07
153395000	6.538000e-08
153400000	2.244055e-07
153405000	2.030789e-07
153410000	2.164643e-07
153415000	1.506757e-07
153420000	1.437238e-07
153425000	1.666253e-07
153430000	3.565918e-07
153435000	3.738123e-07
153440000	2.707918e-07
153445000	2.829081e-07
153450000	3.546571e-07
153455000	2.643064e-07
153460000	1.649552e-07
153465000	2.241534e-07
153470000	1.835490e-07
153475000	2.232145e-07
153480000	2.039452e-07
153485000	2.163817e-07
153490000	3.653528e-07
153495000	2.608461e-07
153500000	1.213561e-07
153505000	2.239217e-07
153510000	3.389381e-07
153515000	1.533420e-07
153520000	2.704544e-07
153525000	1.652814e-07
153530000	2.577198e-07
153535000	1.779989e-07
153540000	1.978971e-07
153545000	2.042050e-07
153550000	1.694774e-07
153555000	2.111891e-07
153560000	2.457001e-07
153565000	2.880182e-07
153570000	1.988546e-07
153575000	2.666023e-07
153580000	3.411362e-07
153585000	1.022665e-07
153590000	1.833474e-07
153595000	2.611713e-07
153600000	3.087834e-07
153605000	2.366731e-07
153610000	1.536283e-07
153615000	2.051643e-07
153620000	3.095726e-07
153625000	2.045055e-07
153630000	1.365906e-07
153635000	2.929416e-07
153640000	2.079568e-07
153645000	4.335965e-07
153650000	1.581545e-07
153655000	1.030112e-07
153660000	2.195455e-07
153665000	3.592821e-07
153670000	3.449873e-07
153675000	2.870676e-07
153680000	1.599117e-07
153685000	1.692270e-07
153690000	2.498184e-07
153695000	2.731816e-07
153700000	4.007695e-07
153705000	2.932228e-07
153710000	2.470331e-07
153715000	1.848757e-07
153720000	2.408436e-07
153725000	2.067489e-07
153730000	2.303766e-07
153735000	2.808682e-07
153740000	3.641837e-07
153745000	2.663113e-07
153750000	2.203683e-07
153755000	1.411499e-07
153760000	2.825583e-07
153765000	3.613084e-07
153770000	2.763589e-07
153775000	3.531067e-07
153780000	1.147206e-07
153785000	1.795108e-07
153790000	2.947577e-07
153795000	1.602503e-07
153800000	2.597103e-07
153805000	2.320310e-07
153810000	1.815274e-07
153815000	2.576436e-07
153820000	2.010582e-07
153825000	1.284928e-07
153830000	2.426796e-07
153835000	3.850619e-07
153840000	2.744990e-07
153845000	2.093949e-07
153850000	2.046781e-07
153855000	2.829785e-07
153860000	2.770152e-07
153865000	2.454502e-07
153870000	2.420664e-07
153875000	3.654083e-07
153880000	3.194085e-07
153885000	3.573227e-07
153890000	2.897679e-07
153895000	1.619151e-07
153900000	2.767349e-07
153905000	1.946678e-07
153910000	2.317928e-07
153915000	1.576577e-07
153920000	3.067899e-07
153925000	2.595951e-07
153930000	1.612230e-07
153935000	2.460134e-07
153940000	2.338414e-07
153945000	1.107199e-07
153950000	1.688552e-07
153955000	2.298267e-07
153960000	3.636101e-07
153965000	2.498896e-07
153970000	2.263107e-07
153975000	2.242051e-07
153980000	4.636031e-07
153985000	1.796332e-07
153990000	3.044779e-07
153995000	3.887706e-07
154000000	2.063682e-07
154005000	2.078288e-07
154010000	3.159601e-07
154015000	2.375961e-07
154020000	3.710489e-07
154025000	1.602421e-07
154030000	1.645410e-07
154035000	1.702629e-07
154040000	3.434882e-07
154045000	1.636603e-07
154050000	1.827329e-07
154055000	2.383458e-07
154060000	2.859235e-07
154065000	2.315857e-07
154070000	1.975017e-07
154075000	2.492490e-07
154080000	1.919634e-07
154085000	2.214350e-07
154090000	2.062769e-07
154095000	1.985988e-07
154100000	2.296292e-07
154105000	4.254304e-07
154110000	1.656028e-07
154115000	2.960441e-07
154120000	2.345420e-07
154125000	1.670448e-07
154130000	1.728621e-07
154135000	1.486337e-07
154140000	2.559758e-07
154145000	4.010240e-07
154150000	2.806724e-07
154155000	1.639198e-07
154160000	2.319583e-07
154165000	2.035498e-07
154170000	3.143259e-07
154175000	2.481989e-07
154180000	1.952758e-07
154185000	1.624193e-07
154190000	1.409090e-07
154195000	2.121210e-07
154200000	1.994954e-07
154205000	1.585736e-07
154210000	3.236536e-07
154215000	3.751876e-07
154220000	1.732852e-07
154225000	1.916601e-07
154230000	4.112314e-07
154235000	3.278815e-07
154240000	1.861577e-07
154245000	1.673775e-07
154250000	2.758471e-07
154255000	3.905118e-07
154260000	2.863226e-07
154265000	2.149224e-07
154270000	2.697226e-07
154275000	2.475439e-07
154280000	2.805138e-07
154285000	1.720941e-07
154290000	2.318749e-07
154295000	2.396962e-07
154300000	2.680681e-07
154305000	2.566019e-07
154310000	1.802152e-07
154315000	2.858704e-07
154320000	1.717470e-07
154325000	2.042703e-07
154330000	2.567241e-07
154335000	1.443428e-07
154340000	2.044273e-07
154345000	1.850711e-07
154350000	1.739357e-07
154355000	1.601290e-07
154360000	2.065111e-07
154365000	1.633751e-07
154370000	1.557080e-07
154375000	2.208734e-07
154380000	1.471313e-07
154385000	2.234549e-07
154390000	2.590368e-07
154395000	2.427416e-07
154400000	3.136617e-07
154405000	1.652314e-07
154410000	4.177767e-07
154415000	3.403150e-07
154420000	2.134153e-07
154425000	1.060228e-07
154430000	1.930882e-07
154435000	2.141941e-07
154440000	2.648224e-07
154445000	2.249120e-07
154450000	1.404527e-07
154455000	1.364982e-07
154460000	4.346257e-07
154465000	3.017911e-07
154470000	2.467746e-07
154475000	4.388933e-07
154480000	3.717685e-07
154485000	4.535818e-07
154490000	3.485360e-07
154495000	3.316431e-07
154500000	3.367512e-07
154505000	2.648730e-07
154510000	2.310872e-07
154515000	2.673082e-07
154520000	1.737782e-07
154525000	1.473901e-07
154530000	2.589042e-07
154535000	2.170129e-07
154540000	4.067367e-07
154545000	2.589762e-07
154550000	2.581454e-07
154555000	2.137192e-07
154560000	3.493925e-07
154565000	3.224775e-07
154570000	3.696709e-07
154575000	3.137702e-07
154580000	3.046981e-07
154585000	4.233122e-07
154590000	2.424262e-07
154595000	1.681655e-07
154600000	3.877600e-07
154605000	2.777500e-07
154610000	2.133896e-07
154615000	3.146402e-07
154620000	3.668235e-07
154625000	3.590527e-07
154630000	2.081542e-07
154635000	2.352850e-07
154640000	4.900269e-07
154645000	2.292635e-07
154650000	3.320409e-07
154655000	1.828269e-07
154660000	2.473788e-07
154665000	3.561921e-07
154670000	9.515111e-08
154675000	2.717787e-07
154680000	4.143286e-07
154685000	3.329100e-07
154690000	3.169289e-07
154695000	1.793116e-07
154700000	1.509506e-07
154705000	3.030360e-07
154710000	3.619828e-07
154715000	1.388097e-07
154720000	3.440396e-07
154725000	3.496144e-07
154730000	3.137812e-07
154735000	2.471529e-07
154740000	2.977110e-07
154745000	2.734577e-07
154750000	2.896636e-07
154755000	2.840494e-07
154760000	2.699684e-07
154765000	3.962697e-07
154770000	2.811776e-07
154775000	3.063777e-07
154780000	2.794303e-07
154785000	3.178142e-07
154790000	4.011898e-07
154795000	2.841704e-07
154800000	3.060736e-07
154805000	4.503626e-07
154810000	1.819351e-07
154815000	3.411621e-07
154820000	1.915021e-07
154825000	4.121281e-07
154830000	2.371591e-07
154835000	3.756204e-07
154840000	3.618978e-07
154845000	3.574612e-07
154850000	3.630314e-07
154855000	1.235920e-07
154860000	3.866321e-07
154865000	3.285335e-07
154870000	2.417909e-07
154875000	2.129615e-07
154880000	2.637389e-07
154885000	2.992948e-07
154890000	1.624929e-07
154895000	1.618872e-07
154900000	2.477376e-07
154905000	1.357168e-07
154910000	2.992875e-07
154915000	2.443893e-07
154920000	1.993386e-07
154925000	3.772575e-07
154930000	2.172993e-07
154935000	2.969332e-07
154940000	3.124180e-07
154945000	2.323504e-07
154950000	2.142251e-07
154955000	2.374862e-07
154960000	2.960822e-07
154965000	1.621557e-07
154970000	2.042855e-07
154975000	2.189908e-07
154980000	2.896033e-07
154985000	4.007992e-07
154990000	1.919975e-07
154995000	1.652318e-07
155000000	2.621402e-07
155005000	2.360003e-07
155010000	2.847747e-07
155015000	3.199417e-07
155020000	3.043034e-07
155025000	3.292360e-07
155030000	2.285905e-07
155035000	3.885997e-07
155040000	2.278665e-07
155045000	4.219965e-07
155050000	2.484848e-07
155055000	2.260828e-07
155060000	1.430119e-07
155065000	2.884335e-07
155070000	2.715666e-07
155075000	1.978235e-07
155080000	2.302424e-07
155085000	3.904020e-07
155090000	3.404287e-07
155095000	3.262170e-07
155100000	1.798512e-07
155105000	3.474858e-07
155110000	2.133582e-07
155115000	2.987543e-07
155120000	2.745567e-07
155125000	2.580524e-07
155130000	3.139718e-07
155135000	2.089559e-07
155140000	2.849825e-07
155145000	4.044622e-07
155150000	2.657824e-07
155155000	2.927861e-07
155160000	4.769306e-07
155165000	1.437482e-07
155170000	2.945180e-07
155175000	3.134694e-07
155180000	2.388825e-07
155185000	3.345537e-07
155190000	3.443619e-07
155195000	3.627656e-07
155200000	2.640429e-07
155205000	2.273832e-07
155210000	3.335555e-07
155215000	3.764662e-07
155220000	2.720236e-07
155225000	2.974615e-07
155230000	4.743847e-07
155235000	2.127447e-07
155240000	3.145838e-07
155245000	2.002036e-07
155250000	1.403485e-07
155255000	1.922692e-07
155260000	2.532182e-07
155265000	3.651046e-07
155270000	2.975649e-07
155275000	3.613220e-07
155280000	1.362505e-07
155285000	1.866449e-07
155290000	2.411666e-07
155295000	3.315457e-07
155300000	3.017926e-07
155305000	2.117731e-07
155310000	4.048036e-07
155315000	2.890968e-07
155320000	3.334695e-07
155325000	3.639011e-07
155330000	2.021789e-07
155335000	2.949327e-07
155340000	2.757594e-07
155345000	1.768660e-07
155350000	1.337176e-07
155355000	2.966256e-07
155360000	1.769629e-07
155365000	3.643537e-07
155370000	2.193361e-07
155375000	3.700488e-07
155380000	1.552844e-07
155385000	2.727396e-07
155390000	3.284780e-07
155395000	1.784121e-07
155400000	2.056825e-07
155405000	2.571768e-07
155410000	2.830331e-07
155415000	4.999468e-07
155420000	2.192450e-07
155425000	3.639927e-07
155430000	2.171610e-07
155435000	3.174739e-07
155440000	1.184387e-07
155445000	2.232967e-07
155450000	1.810807e-07
155455000	1.762305e-07
155460000	1.528003e-07
155465000	3.482680e-07
155470000	1.802678e-07
155475000	3.670536e-07
155480000	3.175192e-07
155485000	1.709037e-07
155490000	1.961058e-07
155495000	2.829662e-07
155500000	2.603300e-07
155505000	1.632047e-07
155510000	1.581887e-07
155515000	2.907114e-07
155520000	1.991489e-07
155525000	2.791528e-07
155530000	6.091400e-08
155535000	3.100254e-07
155540000	4.193706e-07
155545000	1.937756e-07
155550000	2.336764e-07
155555000	3.510890e-07
155560000	2.849895e-07
155565000	2.421397e-07
155570000	2.393386e-07
155575000	2.653434e-07
155580000	2.619375e-07
155585000	4.218441e-07
155590000	2.758107e-07
155595000	2.604899e-07
155600000	3.748915e-07
155605000	2.368978e-07
155610000	3.198499e-07
155615000	2.563062e-07
155620000	1.283123e-07
155625000	2.214041e-07
155630000	1.938728e-07
155635000	1.849263e-07
155640000	1.202809e-07
155645000	3.002608e-07
155650000	3.107903e-07
155655000	2.528539e-07
155660000	2.600435e-07
155665000	2.187777e-07
155670000	2.342450e-07
155675000	2.715002e-07
155680000	1.418791e-07
155685000	3.033228e-07
155690000	1.371099e-07
155695000	2.275350e-07
155700000	2.266801e-07
155705000	1.365335e-07
155710000	1.657180e-07
155715000	2.790342e-07
155720000	2.790194e-07
155725000	2.119764e-07
155730000	4.166590e-07
155735000	2.342837e-07
155740000	2.157942e-07
155745000	1.893397e-07
155750000	2.362942e-07
155755000	1.508686e-07
155760000	2.640930e-07
155765000	2.688729e-07
155770000	2.055506e-07
155775000	1.355106e-07
155780000	1.101281e-07
155785000	1.386887e-07
155790000	9.885458e-08
155795000	2.662801e-07
155800000	1.912682e-07
155805000	2.106017e-07
155810000	2.714975e-07
155815000	4.543715e-07
155820000	1.812978e-07
155825000	2.214502e-07
155830000	2.637237e-07
155835000	2.575485e-07
155840000	2.102725e-07
155845000	3.277574e-07
155850000	2.130579e-07
155855000	2.826138e-07
155860000	1.288666e-07
155865000	2.799368e-07
155870000	4.401840e-07
155875000	2.107611e-07
155880000	3.232866e-07
155885000	1.924025e-07
155890000	2.030626e-07
155895000	1.704276e-07
155900000	1.671478e-07
155905000	3.145492e-07
155910000	2.156505e-07
155915000	2.333146e-07
155920000	1.131274e-07
155925000	2.776033e-07
155930000	2.532298e-07
155935000	3.287923e-07
155940000	3.676630e-07
155945000	2.272816e-07
155950000	1.953154e-07
155955000	1.813526e-07
155960000	2.360239e-07
155965000	3.249682e-07
155970000	2.942579e-07
155975000	2.399565e-07
155980000	2.878025e-07
155985000	1.310476e-07
155990000	1.848162e-07
155995000	2.423750e-07
156000000	1.776148e-07
156005000	3.051054e-07
156010000	3.124570e-07
156015000	3.148497e-07
156020000	3.732085e-07
156025000	2.778738e-07
156030000	2.754079e-07
156035000	1.127501e-07
156040000	9.268700e-08
156045000	3.374638e-07
156050000	1.308417e-07
156055000	1.752664e-07
156060000	1.852751e-07
156065000	2.451488e-07
156070000	2.416308e-07
156075000	2.412795e-07
156080000	2.873311e-07
156085000	2.661758e-07
156090000	1.927291e-07
156095000	1.867024e-07
156100000	2.611448e-07
156105000	1.752271e-07
156110000	2.069341e-07
156115000	2.487895e-07
156120000	1.930583e-07
156125000	1.608907e-07
156130000	2.652774e-07
156135000	9.633608e-08
156140000	1.780394e-07
156145000	2.616396e-07
156150000	2.593355e-07
156155000	2.999828e-07
156160000	3.594355e-07
156165000	3.502281e-07
156170000	2.205181e-07
156175000	1.782746e-07
156180000	1.413715e-07
156185000	2.168543e-07
156190000	1.469921e-07
156195000	1.796993e-07
156200000	3.514101e-07
156205000	2.287658e-07
156210000	2.813259e-07
156215000	2.307078e-07
156220000	2.120223e-07
156225000	3.341671e-07
156230000	2.484908e-07
156235000	2.802939e-07
156240000	2.832808e-07
156245000	1.317865e-07
156250000	1.282393e-07
156255000	1.723683e-07
156260000	3.209942e-07
156265000	2.425551e-07
156270000	2.025201e-07
156275000	2.446195e-07
156280000	1.808884e-07
156285000	1.933234e-07
156290000	3.302966e-07
156295000	1.445147e-07
156300000	1.516719e-07
156305000	1.703779e-07
156310000	3.355073e-07
156315000	1.764758e-07
156320000	1.823109e-07
156325000	2.558096e-07
156330000	1.331515e-07
156335000	1.412058e-07
156340000	2.495568e-07
156345000	1.569519e-07
156350000	1.512214e-07
156355000	1.120814e-07
156360000	1.776722e-07
156365000	2.040601e-07
156370000	1.345549e-07
156375000	1.830284e-07
156380000	2.471391e-07
156385000	2.506880e-07
156390000	1.835587e-07
156395000	1.681195e-07
156400000	1.035861e-07
156405000	7.886882e-08
156410000	2.553145e-07
156415000	2.377333e-07
156420000	3.194539e-07
156425000	1.935164e-07
156430000	7.807105e-08
156435000	1.133059e-07
156440000	2.024927e-07
156445000	1.346038e-07
156450000	1.562150e-07
156455000	3.703324e-07
156460000	2.444666e-07
156465000	2.100544e-07
156470000	1.088887e-07
156475000	2.135494e-07
156480000	2.760911e-07
156485000	1.535738e-07
156490000	2.991172e-07
156495000	1.459596e-07
156500000	2.102687e-07
156505000	1.981714e-07
156510000	1.519520e-07
156515000	2.674875e-07
156520000	1.702208e-07
156525000	2.246891e-07
156530000	2.073076e-07
156535000	1.982069e-07
156540000	2.242003e-07
156545000	1.870940e-07
156550000	2.385405e-07
156555000	2.624067e-07
156560000	2.701601e-07
156565000	2.157643e-07
156570000	3.341210e-07
156575000	2.738559e-07
156580000	1.784543e-07
156585000	2.269599e-07
156590000	1.814378e-07
156595000	1.639912e-07
156600000	1.370618e-07
156605000	1.449161e-07
156610000	2.169984e-07
156615000	2.291192e-07
156620000	2.514683e-07
156625000	2.301484e-07
156630000	9.421214e-08
156635000	1.374395e-07
156640000	1.863925e-07
156645000	1.059917e-07
156650000	8.281358e-08
156655000	1.054587e-07
156660000	2.307088e-07
156665000	1.450869e-07
156670000	1.852207e-07
156675000	2.642194e-07
156680000	1.403638e-07
156685000	2.481994e-07
156690000	8.830728e-08
156695000	1.730271e-07
156700000	2.169517e-07
156705000	1.593498e-07
156710000	8.620071e-08
156715000	1.436120e-07
156720000	2.131556e-07
156725000	1.119274e-07
156730000	1.121425e-07
156735000	1.717433e-07
156740000	2.052450e-07
156745000	1.760682e-07
156750000	1.331183e-07
156755000	1.355779e-07
156760000	1.729941e-07
156765000	2.268932e-07
156770000	2.844544e-07
156775000	1.586284e-07
156780000	3.197194e-07
156785000	2.110887e-07
156790000	2.987515e-07
156795000	2.268705e-07
156800000	2.139376e-07
156805000	4.154848e-08
156810000	1.926972e-07
156815000	1.273107e-07
156820000	1.543982e-07
156825000	1.421509e-07
156830000	1.559203e-07
156835000	2.630600e-07
156840000	1.088332e-07
156845000	9.120344e-08
156850000	2.489397e-07
156855000	2.820150e-07
156860000	1.356366e-07
156865000	1.136316e-07
156870000	1.542449e-07
156875000	1.815614e-07
156880000	1.261915e-07
156885000	2.280768e-07
156890000	1.542422e-07
156895000	1.683996e-07
156900000	8.739610e-08
156905000	2.322186e-07
156910000	2.922146e-07
156915000	3.059556e-07
156920000	9.402949e-08
156925000	1.453952e-07
156930000	1.043857e-07
156935000	1.630532e-07
156940000	9.019719e-08
156945000	1.473609e-07
156950000	9.361480e-08
156955000	2.125113e-07
156960000	2.117255e-07
156965000	2.637136e-07
156970000	1.956737e-07
156975000	1.852785e-07
156980000	1.991006e-07
156985000	2.391366e-07
156990000	1.969352e-07
156995000	1.659788e-07
157000000	2.759494e-07
157005000	2.069497e-07
157010000	1.769370e-07
157015000	1.926515e-07
157020000	2.795347e-07
157025000	2.371568e-07
157030000	3.161215e-07
157035000	2.547864e-07
157040000	1.830369e-07
157045000	1.731546e-07
157050000	2.507382e-07
157055000	1.848421e-07
157060000	1.147598e-07
157065000	1.733175e-07
157070000	2.054179e-07
157075000	8.978982e-08
157080000	1.746221e-07
157085000	7.331855e-08
157090000	1.363438e-07
157095000	2.197359e-07
157100000	1.608990e-07
157105000	1.341162e-07
157110000	1.444090e-07
157115000	1.320819e-07
157120000	2.095230e-07
157125000	2.286674e-07
157130000	1.360295e-07
157135000	1.976969e-07
157140000	2.303414e-07
157145000	2.377787e-07
157150000	1.033822e-07
157155000	2.221345e-07
157160000	1.211083e-07
157165000	1.427071e-07
157170000	2.439559e-07
157175000	1.214224e-07
157180000	6.141251e-08
157185000	1.117242e-07
157190000	1.328958e-07
157195000	1.445090e-07
157200000	1.706248e-07
157205000	2.148218e-07
157210000	1.773134e-07
157215000	2.205345e-07
157220000	2.007822e-07
157225000	2.041380e-07
157230000	1.179280e-07
157235000	2.605582e-07
157240000	1.052524e-07
157245000	1.459712e-07
157250000	1.913225e-07
157255000	3.757938e-07
157260000	2.162222e-07
157265000	1.586352e-07
157270000	2.237580e-07
157275000	2.176366e-07
157280000	1.861810e-07
157285000	1.938719e-07
157290000	2.016701e-07
157295000	2.119166e-07
157300000	8.340780e-08
157305000	1.448249e-07
157310000	1.684015e-07
157315000	8.687015e-08
157320000	1.688278e-07
157325000	8.893549e-08
157330000	1.405920e-07
157335000	2.150703e-07
157340000	1.517323e-07
157345000	1.450040e-07
157350000	1.753247e-07
157355000	1.254958e-07
157360000	2.415136e-07
157365000	3.159973e-07
157370000	1.721420e-07
157375000	1.671334e-07
157380000	1.537079e-07
157385000	5.239240e-08
157390000	2.291553e-07
157395000	2.377817e-07
157400000	1.489581e-07
157405000	8.334609e-08
157410000	3.683722e-07
157415000	1.099542e-07
157420000	1.926895e-07
157425000	2.331778e-07
157430000	2.186488e-07
157435000	9.009782e-08
157440000	9.101404e-08
157445000	1.951828e-07
157450000	1.368645e-07
157455000	1.239706e-07
157460000	1.144459e-07
157465000	1.094994e-07
157470000	3.829865e-08
157475000	1.119000e-07
157480000	3.287654e-08
157485000	9.782898e-08
157490000	2.940837e-07
157495000	1.433444e-07
157500000	2.495399e-07
157505000	1.572196e-07
157510000	2.312643e-07
157515000	1.950878e-07
157520000	4.555402e-08
157525000	8.072245e-08
157530000	2.287555e-07
157535000	1.538954e-07
157540000	2.087091e-07
157545000	1.409827e-07
157550000	1.162134e-07
157555000	1.165758e-07
157560000	1.268035e-07
157565000	1.213937e-07
157570000	2.364278e-07
157575000	1.630810e-07
157580000	1.552045e-07
157585000	2.405390e-07
157590000	3.059877e-07
157595000	8.412465e-08
157600000	2.577204e-07
157605000	1.922345e-07
157610000	9.180789e-08
157615000	2.780304e-07
157620000	1.477773e-07
157625000	3.825108e-07
157630000	5.135276e-08
157635000	2.186218e-07
157640000	7.409544e-08
157645000	3.419855e-08
157650000	1.658643e-07
157655000	1.291052e-07
157660000	1.662526e-07
157665000	1.774160e-07
157670000	9.000917e-08
157675000	2.651478e-07
157680000	1.664214e-07
157685000	1.089319e-07
157690000	1.350935e-07
157695000	1.112163e-07
157700000	4.690567e-08
157705000	1.584565e-07
157710000	7.902849e-08
157715000	2.390214e-07
157720000	1.990321e-07
157725000	8.914385e-08
157730000	2.362905e-07
157735000	3.124959e-07
157740000	8.509637e-08
157745000	2.068498e-07
157750000	3.813033e-08
157755000	1.448913e-07
157760000	1.948232e-07
157765000	1.520054e-07
157770000	1.137077e-07
157775000	1.217749e-07
157780000	1.964565e-07
157785000	1.653271e-07
157790000	3.498982e-07
157795000	1.086792e-07
157800000	1.591758e-07
157805000	1.097736e-07
157810000	1.844833e-07
157815000	7.506815e-08
157820000	1.287172e-07
157825000	1.365835e-07
157830000	1.164117e-07
157835000	1.446532e-07
157840000	8.496953e-08
157845000	9.751086e-08
157850000	1.113881e-07
157855000	1.031801e-07
157860000	1.899035e-07
157865000	1.991438e-07
157870000	7.816124e-08
157875000	2.222755e-07
157880000	2.104962e-07
157885000	6.182004e-08
157890000	1.580223e-07
157895000	2.304582e-07
157900000	1.861498e-07
157905000	1.654819e-07
157910000	1.224093e-07
157915000	9.392869e-08
157920000	1.168316e-07
157925000	1.560278e-07
157930000	2.391245e-07
157935000	1.165266e-07
157940000	1.637216e-07
157945000	1.904610e-07
157950000	7.778033e-08
157955000	1.045420e-07
157960000	2.522739e-07
157965000	1.660611e-07
157970000	1.474364e-07
157975000	1.114531e-07
157980000	9.877544e-08
157985000	1.377408e-07
157990000	1.432753e-07
157995000	1.513708e-07
158000000	3.167383e-07
158005000	1.869956e-07
158010000	1.926113e-07
158015000	9.272059e-08
158020000	5.814210e-08
158025000	1.328460e-07
158030000	1.295171e-07
158035000	1.760015e-07
158040000	6.013451e-08
158045000	1.591200e-07
158050000	1.581078e-07
158055000	8.010141e-08
158060000	2.115516e-07
158065000	2.541969e-07
158070000	7.585068e-08
158075000	9.053266e-08
158080000	8.079940e-08
158085000	9.973783e-08
158090000	8.695547e-08
158095000	1.720556e-07
158100000	1.004333e-07
158105000	2.034629e-07
158110000	2.012501e-07
158115000	7.506771e-08
158120000	6.419237e-08
158125000	1.049302e-07
158130000	2.099706e-07
158135000	2.282868e-07
158140000	5.358888e-08
158145000	4.905321e-08
158150000	7.307009e-08
158155000	1.370263e-07
158160000	1.857246e-07
158165000	1.796341e-07
158170000	1.866772e-07
158175000	9.364325e-08
158180000	1.565305e-07
158185000	1.569814e-07
158190000	7.321998e-08
158195000	1.520321e-07
158200000	1.011939e-07
158205000	2.508685e-07
158210000	9.274619e-08
158215000	1.574757e-07
158220000	9.594387e-08
158225000	1.134496e-07
158230000	1.136017e-07
158235000	1.790459e-07
158240000	1.418244e-07
158245000	8.919651e-09
158250000	1.572919e-07
158255000	1.308779e-07
158260000	2.107341e-07
158265000	1.538476e-07
158270000	2.081971e-07
158275000	1.772475e-07
158280000	2.362082e-07
158285000	9.488053e-08
158290000	1.256453e-07
158295000	1.528166e-07
158300000	1.204861e-07
158305000	2.151634e-07
158310000	8.632811e-08
158315000	1.379709e-07
158320000	2.085929e-07
158325000	1.346075e-07
158330000	1.279165e-07
158335000	1.999580e-07
158340000	1.503953e-07
158345000	1.012243e-07
158350000	8.300944e-08
158355000	1.107669e-07
158360000	1.334400e-07
158365000	2.131824e-07
158370000	2.105585e-07
158375000	1.297603e-07
158380000	1.171960e-07
158385000	2.659467e-07
158390000	8.302374e-08
158395000	1.002945e-07
158400000	1.080753e-07
158405000	1.752343e-07
158410000	0.000000e+00
158415000	7.987745e-08
158420000	1.018019e-07
158425000	1.138971e-07
158430000	2.061773e-07
158435000	1.411603e-07
158440000	7.157747e-08
158445000	1.179032e-07
158450000	1.284618e-07
158455000	1.622281e-07
158460000	7.459312e-08
158465000	1.510128e-07
158470000	3.256258e-07
158475000	1.983581e-07
158480000	2.227754e-07
158485000	7.330609e-08
158490000	2.125078e-07
158495000	1.024276e-07
158500000	7.538186e-08
158505000	3.333658e-08
158510000	1.047862e-07
158515000	1.409775e-07
158520000	1.596336e-07
158525000	3.457276e-07
158530000	1.708502e-07
158535000	1.905501e-07
158540000	1.402737e-07
158545000	2.329902e-07
158550000	1.605074e-07
158555000	1.866598e-07
158560000	2.574787e-07
158565000	1.070741e-07
158570000	1.430687e-07
158575000	1.570485e-07
158580000	1.281166e-07
158585000	6.596406e-08
158590000	1.709061e-07
158595000	7.863601e-08
158600000	2.249919e-07
158605000	4.541075e-08
158610000	1.850521e-07
158615000	2.290323e-07
158620000	1.341572e-07
158625000	1.348023e-07
158630000	9.126308e-08
158635000	1.032560e-07
158640000	1.526711e-07
158645000	1.098810e-07
158650000	2.229300e-07
158655000	1.107590e-07
158660000	8.520335e-08
158665000	1.878605e-07
158670000	1.896738e-07
158675000	1.854162e-07
158680000	2.039580e-07
158685000	3.199587e-07
158690000	3.582361e-07
158695000	1.840689e-07
158700000	6.837880e-08
158705000	1.150208e-07
158710000	9.736374e-08
158715000	2.184496e-07
158720000	1.475076e-07
158725000	5.654642e-08
158730000	1.141331e-07
158735000	7.110952e-08
158740000	7.268302e-08
158745000	2.210953e-07
158750000	2.278434e-07
158755000	1.107630e-07
158760000	3.041358e-07
158765000	1.740259e-07
158770000	2.084155e-07
158775000	1.382597e-07
158780000	2.189651e-07
158785000	1.807024e-07
158790000	9.114644e-08
158795000	1.346884e-07
158800000	1.063766e-07
158805000	3.132821e-07
158810000	1.009370e-07
158815000	1.080860e-07
158820000	2.530301e-07
158825000	2.205031e-07
158830000	1.586072e-07
158835000	1.189559e-07
158840000	1.369312e-07
158845000	1.312065e-07
158850000	1.438002e-07
158855000	1.563090e-07
158860000	1.636381e-07
158865000	1.246468e-07
158870000	1.934691e-07
158875000	5.219577e-08
158880000	2.222585e-07
158885000	2.262646e-07
158890000	1.631619e-07
158895000	1.607311e-07
158900000	1.731005e-07
158905000	1.214221e-07
158910000	1.663661e-07
158915000	1.629658e-07
158920000	1.568584e-07
158925000	7.691337e-08
158930000	2.076608e-07
158935000	1.217337e-07
158940000	7.901859e-08
158945000	2.709191e-08
158950000	2.406468e-07
158955000	2.674595e-07
158960000	1.241954e-07
158965000	7.264307e-08
158970000	1.004086e-07
158975000	9.335126e-08
158980000	8.749616e-08
158985000	2.120349e-07
158990000	1.296494e-07
158995000	1.377956e-07
159000000	5.083567e-08
159005000	1.292458e-07
159010000	1.574610e-07
159015000	1.642897e-07
159020000	1.795454e-07
159025000	2.242234e-07
159030000	6.552140e-08
159035000	1.177185e-07
159040000	1.400418e-07
159045000	8.363738e-08
159050000	2.974225e-07
159055000	2.462746e-07
159060000	1.393785e-07
159065000	1.059738e-07
159070000	1.449970e-07
159075000	8.937485e-08
159080000	4.897514e-08
159085000	8.913268e-08
159090000	1.069146e-07
159095000	1.830721e-07
159100000	1.030352e-07
159105000	2.298404e-07
159110000	1.351285e-07
159115000	8.715924e-08
159120000	1.835324e-07
159125000	1.647843e-07
159130000	1.546259e-07
159135000	2.490920e-07
159140000	1.521599e-07
159145000	5.198341e-08
159150000	1.337837e-07
159155000	1.417755e-07
159160000	9.588895e-08
159165000	8.515922e-08
159170000	2.654166e-07
159175000	1.731470e-07
159180000	1.497160e-07
159185000	1.179648e-07
159190000	1.178880e-07
159195000	9.486828e-08
159200000	1.212956e-07
159205000	9.847273e-08
159210000	1.066378e-07
159215000	1.224811e-07
159220000	1.516745e-07
159225000	1.575676e-07
159230000	2.146570e-07
159235000	9.433850e-08
159240000	1.311702e-07
159245000	1.440369e-07
159250000	1.179395e-07
159255000	1.498400e-07
159260000	2.463042e-08
159265000	2.297407e-07
159270000	1.848855e-07
159275000	7.829145e-08
159280000	1.894522e-07
159285000	1.159108e-07
159290000	2.105528e-07
159295000	2.406958e-07
159300000	1.895755e-07
159305000	6.407016e-08
159310000	1.385734e-07
159315000	1.925124e-07
159320000	1.153696e-07
159325000	1.046949e-07
159330000	1.527218e-07
159335000	1.103598e-07
159340000	2.139980e-07
159345000	7.670896e-08
159350000	1.336965e-07
159355000	1.295587e-07
159360000	1.518243e-07
159365000	8.723944e-08
159370000	2.082496e-07
159375000	2.281337e-07
159380000	5.804466e-08
159385000	1.851495e-07
159390000	1.214846e-07
159395000	1.657975e-07
159400000	5.812604e-08
159405000	2.516874e-07
159410000	5.421235e-08
159415000	1.513129e-07
159420000	1.557156e-07
159425000	1.285798e-07
159430000	8.960192e-08
159435000	1.516404e-07
159440000	1.422574e-07
159445000	1.971519e-07
159450000	1.863050e-07
159455000	1.046444e-07
159460000	2.365639e-07
159465000	1.639251e-07
159470000	1.170634e-07
159475000	5.104214e-08
159480000	7.271035e-08
159485000	2.148576e-07
159490000	2.126247e-07
159495000	8.297930e-08
159500000	1.074175e-07
159505000	2.058260e-07
159510000	1.619264e-07
159515000	1.869503e-07
159520000	1.274693e-07
159525000	2.599450e-08
159530000	2.169831e-07
159535000	1.059520e-07
159540000	1.017034e-07
159545000	2.075779e-07
159550000	9.427306e-08
159555000	7.512794e-08
159560000	2.190381e-07
159565000	4.157096e-08
159570000	2.691731e-07
159575000	2.509112e-08
159580000	1.167506e-07
159585000	1.179000e-07
159590000	1.264222e-07
159595000	6.507998e-08
159600000	1.883618e-07
159605000	5.138722e-08
159610000	2.050933e-07
159615000	1.537686e-07
159620000	1.349795e-07
159625000	1.687868e-07
159630000	4.282145e-08
159635000	7.134653e-08
159640000	6.945895e-08
159645000	2.079871e-07
159650000	1.787127e-07
159655000	1.196192e-07
159660000	8.236188e-08
159665000	1.418755e-07
159670000	1.068209e-07
159675000	1.065381e-07
159680000	1.330029e-07
159685000	1.137484e-07
159690000	1.604208e-07
159695000	8.294217e-08
159700000	1.229418e-07
159705000	1.738996e-07
159710000	1.022476e-07
159715000	3.831269e-08
159720000	6.916949e-08
159725000	1.971289e-07
159730000	1.922106e-07
159735000	6.861075e-08
159740000	2.187064e-07
159745000	1.009639e-07
159750000	2.087997e-07
159755000	1.430489e-07
159760000	1.998599e-07
159765000	1.043720e-07
159770000	1.653397e-07
159775000	1.449763e-07
159780000	4.546391e-08
159785000	5.088471e-08
159790000	9.862381e-08
159795000	6.261965e-08
159800000	1.915487e-07
159805000	1.998234e-07
159810000	1.149429e-07
159815000	6.133845e-08
159820000	1.956925e-07
159825000	1.710523e-07
159830000	1.178664e-07
159835000	1.048854e-07
159840000	8.639045e-08
159845000	1.378754e-07
159850000	4.803936e-08
159855000	1.465422e-07
159860000	1.497125e-07
159865000	1.593583e-07
159870000	3.606550e-08
159875000	1.378124e-07
159880000	1.187408e-07
159885000	1.507416e-07
159890000	1.157302e-07
159895000	1.433115e-07
159900000	8.221965e-08
159905000	2.145968e-07
159910000	6.594799e-08
159915000	9.996812e-08
159920000	9.158151e-08
159925000	9.714861e-08
159930000	1.412153e-07
159935000	1.765001e-07
159940000	1.257625e-07
159945000	1.135640e-07
159950000	1.636198e-07
159955000	1.251565e-07
159960000	9.554084e-08
159965000	4.642440e-08
159970000	1.076961e-07
159975000	6.358476e-08
159980000	5.471689e-08
159985000	1.674961e-07
159990000	1.321259e-07
159995000	1.650802e-07
160000000	1.345964e-07
160005000	2.025763e-07
160010000	8.899095e-08
160015000	0.000000e+00
160020000	3.707134e-08
160025000	1.202243e-07
160030000	1.698336e-07
160035000	8.147410e-08
160040000	1.201755e-07
160045000	1.614573e-07
160050000	1.652174e-07
160055000	1.559985e-07
160060000	1.819010e-07
160065000	2.395587e-07
160070000	1.014972e-07
160075000	1.925547e-07
160080000	2.338678e-07
160085000	2.057723e-07
160090000	1.131646e-07
160095000	1.090962e-07
160100000	1.822730e-07
160105000	1.066101e-07
160110000	2.076467e-07
160115000	1.185027e-07
160120000	1.306408e-07
160125000	6.221067e-08
160130000	1.875741e-07
160135000	4.792753e-08
160140000	1.871468e-07
160145000	1.437615e-07
160150000	1.572898e-07
160155000	1.382575e-07
160160000	9.619433e-08
160165000	1.329608e-07
160170000	6.735286e-08
160175000	7.731624e-08
160180000	1.090261e-07
160185000	1.265030e-07
160190000	1.785688e-07
160195000	1.744004e-07
160200000	1.726510e-07
160205000	1.756720e-07
160210000	9.105247e-08
160215000	1.378196e-07
160220000	1.794535e-07
160225000	4.535172e-08
160230000	8.076564e-08
160235000	3.173429e-08
160240000	6.196264e-08
160245000	1.307055e-07
160250000	1.151508e-07
160255000	1.933579e-07
160260000	2.457974e-07
160265000	2.158848e-07
160270000	1.361555e-07
160275000	1.931279e-07
160280000	1.430072e-07
160285000	9.991924e-08
160290000	4.570429e-08
160295000	1.811221e-07
160300000	9.761086e-08
160305000	1.503748e-07
160310000	1.304113e-07
160315000	1.278270e-07
160320000	1.275567e-07
160325000	2.604915e-08
160330000	1.818207e-07
160335000	1.636867e-07
160340000	3.753763e-08
160345000	2.271613e-07
160350000	4.609683e-08
160355000	8.000560e-08
160360000	3.480619e-07
160365000	9.944205e-08
160370000	1.041020e-07
160375000	2.458977e-07
160380000	2.453983e-08
160385000	6.132504e-08
160390000	2.607801e-07
160395000	1.807905e-07
160400000	1.827109e-07
160405000	1.070883e-07
160410000	2.017043e-07
160415000	1.501660e-07
160420000	1.958983e-07
160425000	1.962980e-07
160430000	1.282972e-07
160435000	2.017463e-07
160440000	4.476392e-08
160445000	1.295359e-07
160450000	1.030154e-07
160455000	4.195497e-08
160460000	1.154732e-07
160465000	1.614408e-07
160470000	4.572735e-08
160475000	7.085740e-08
160480000	3.480834e-08
160485000	1.147638e-07
160490000	1.051307e-07
160495000	2.086208e-08
160500000	1.411465e-07
160505000	8.039491e-08
160510000	2.365546e-07
160515000	1.846598e-07
160520000	1.223574e-07
160525000	5.391407e-08
160530000	1.404926e-07
160535000	1.546309e-07
160540000	8.265188e-08
160545000	7.952603e-08
160550000	1.050248e-07
160555000	1.522792e-08
160560000	1.330380e-07
160565000	1.667954e-07
160570000	1.777462e-07
160575000	1.084403e-07
160580000	9.472368e-08
160585000	4.640916e-08
160590000	8.989563e-08
160595000	1.315047e-07
160600000	1.542226e-07
160605000	1.548821e-07
160610000	1.403045e-07
160615000	8.708575e-08
160620000	1.097069e-07
160625000	9.747709e-08
160630000	8.258050e-08
160635000	1.734849e-07
160640000	1.735118e-07
160645000	1.292662e-07
160650000	1.705451e-07
160655000	6.787454e-08
160660000	1.701394e-07
160665000	9.015647e-08
160670000	1.334292e-07
160675000	1.210209e-07
160680000	1.747439e-07
160685000	7.965417e-08
160690000	9.764006e-08
160695000	7.787756e-08
160700000	2.242505e-07
160705000	1.857715e-07
160710000	2.646725e-07
160715000	1.046194e-07
160720000	1.322603e-07
160725000	1.740909e-07
160730000	1.748529e-07
160735000	1.511696e-07
160740000	1.766666e-07
160745000	1.484753e-07
160750000	6.301260e-08
160755000	9.641117e-08
160760000	1.696246e-07
160765000	6.419850e-08
160770000	9.635924e-08
160775000	1.240103e-07
160780000	4.415449e-08
160785000	1.483099e-07
160790000	1.538510e-07
160795000	3.739181e-08
160800000	1.953334e-07
160805000	1.926717e-07
160810000	2.176682e-07
160815000	1.362453e-07
160820000	1.514894e-07
160825000	9.785909e-08
160830000	2.296180e-07
160835000	6.124948e-08
160840000	3.119480e-07
160845000	7.608809e-08
160850000	5.894808e-08
160855000	7.632535e-08
160860000	6.842413e-08
160865000	1.595386e-07
160870000	6.308845e-08
160875000	2.439792e-07
160880000	1.333494e-07
160885000	2.202072e-07
160890000	8.800474e-08
160895000	5.566809e-08
160900000	6.891131e-08
160905000	7.377498e-08
160910000	1.089404e-07
160915000	1.704811e-07
160920000	9.320518e-08
160925000	6.265096e-08
160930000	1.122378e-07
160935000	2.186032e-07
160940000	2.016863e-08
160945000	1.676099e-07
160950000	7.170425e-08
160955000	6.114420e-08
160960000	1.509241e-07
160965000	1.184530e-07
160970000	2.461257e-08
160975000	5.224681e-08
160980000	5.600318e-08
160985000	2.823362e-07
160990000	1.029915e-07
160995000	5.572584e-08
161000000	1.929624e-07
161005000	6.839121e-08
161010000	8.228435e-08
161015000	5.986474e-08
161020000	1.015440e-07
161025000	4.021647e-08
161030000	1.531733e-07
161035000	1.749954e-07
161040000	1.212997e-07
161045000	1.271834e-07
161050000	1.620869e-07
161055000	0.000000e+00
161060000	1.403665e-07
161065000	8.945035e-08
161070000	3.087882e-08
161075000	1.554888e-07
161080000	1.451694e-07
161085000	7.160907e-08
161090000	9.295446e-08
161095000	2.315991e-07
161100000	9.920268e-08
161105000	2.865625e-07
161110000	8.548691e-08
161115000	1.493089e-07
161120000	2.912688e-08
161125000	1.538480e-07
161130000	1.482343e-07
161135000	6.130653e-08
161140000	1.001853e-07
161145000	7.431170e-08
161150000	2.000829e-07
161155000	7.434810e-08
161160000	1.412770e-07
161165000	8.988629e-08
161170000	7.968667e-08
161175000	1.952545e-07
161180000	1.731045e-07
161185000	2.538544e-07
161190000	1.673998e-07
161195000	1.481856e-07
161200000	2.342945e-08
161205000	1.446395e-07
161210000	1.497972e-07
161215000	5.317757e-08
161220000	1.260285e-07
161225000	3.576092e-08
161230000	1.678263e-07
161235000	1.119113e-07
161240000	1.027091e-07
161245000	4.967687e-08
161250000	1.049273e-07
161255000	3.288752e-08
161260000	3.518981e-08
161265000	9.024696e-08
161270000	1.259744e-07
161275000	5.973053e-08
161280000	5.906538e-08
161285000	1.414868e-07
161290000	8.173684e-08
161295000	1.767204e-07
161300000	1.432654e-07
161305000	7.372504e-08
161310000	4.358253e-08
161315000	1.415470e-07
161320000	1.370241e-07
161325000	2.112939e-07
161330000	1.246032e-07
161335000	6.764303e-08
161340000	1.836072e-07
161345000	3.456126e-08
161350000	8.564002e-08
161355000	1.381174e-07
161360000	8.236792e-08
161365000	1.146276e-07
161370000	1.638150e-07
161375000	1.053182e-07
161380000	1.140568e-07
161385000	1.245669e-07
161390000	6.120173e-08
161395000	4.158548e-08
161400000	3.403020e-08
161405000	1.904923e-07
161410000	1.147698e-07
161415000	8.362821e-08
161420000	1.278400e-07
161425000	1.299299e-07
161430000	9.799584e-08
161435000	7.625433e-08
161440000	1.198084e-07
161445000	2.893496e-08
161450000	7.505658e-08
161455000	5.776907e-08
161460000	8.319733e-08
161465000	7.394647e-08
161470000	9.327854e-08
161475000	1.072398e-07
161480000	1.410906e-07
161485000	7.352864e-08
161490000	5.596311e-08
161495000	1.523408e-07
161500000	4.797021e-08
161505000	7.308915e-08
161510000	4.918745e-08
161515000	2.267500e-07
161520000	1.202358e-07
161525000	1.583755e-07
161530000	9.722548e-08
161535000	2.179710e-07
161540000	1.820719e-07
161545000	6.350566e-08
161550000	1.937132e-07
161555000	1.971434e-07
161560000	8.615636e-08
161565000	1.297557e-07
161570000	3.461392e-08
161575000	6.603413e-08
161580000	9.806387e-08
161585000	8.318753e-08
161590000	1.301929e-08
161595000	1.445511e-07
161600000	1.136112e-07
161605000	9.802841e-08
161610000	1.194550e-07
161615000	6.868238e-08
161620000	9.049327e-08
161625000	7.139348e-08
161630000	5.714615e-08
161635000	1.314267e-07
161640000	0.000000e+00
161645000	1.333669e-07
161650000	1.793916e-07
161655000	4.811895e-08
161660000	1.992812e-07
161665000	1.404958e-07
161670000	1.380113e-07
161675000	2.852331e-08
161680000	1.447860e-07
161685000	5.840920e-08
161690000	2.013836e-07
161695000	2.513603e-07
161700000	1.142685e-07
161705000	8.725319e-08
161710000	1.004334e-07
161715000	8.103636e-08
161720000	9.096923e-08
161725000	1.871129e-07
161730000	6.916483e-08
161735000	1.250823e-07
161740000	1.421480e-07
161745000	4.969071e-08
161750000	1.213677e-07
161755000	1.192519e-07
161760000	8.524743e-08
161765000	1.336604e-07
161770000	1.287163e-07
161775000	1.458891e-07
161780000	1.161469e-07
161785000	1.096366e-07
161790000	1.379601e-07
161795000	1.118443e-07
161800000	4.586030e-08
161805000	9.610711e-08
161810000	1.729896e-07
161815000	8.775155e-08
161820000	7.910050e-08
161825000	1.694565e-07
161830000	4.121328e-08
161835000	1.331683e-07
161840000	2.731470e-08
161845000	5.843742e-08
161850000	1.838350e-07
161855000	1.010258e-08
161860000	1.188311e-07
161865000	9.764361e-08
161870000	9.053516e-08
161875000	1.832530e-07
161880000	1.043628e-07
161885000	1.159305e-07
161890000	1.147021e-07
161895000	1.459455e-07
161900000	8.313309e-08
161905000	1.302035e-07
161910000	1.088040e-07
161915000	7.046222e-08
161920000	1.080524e-08
161925000	1.194310e-07
161930000	1.588065e-07
161935000	9.731565e-08
161940000	2.582498e-08
161945000	1.488927e-07
161950000	1.212144e-07
161955000	1.230296e-07
161960000	7.314605e-08
161965000	3.958625e-08
161970000	4.316468e-08
161975000	1.664292e-07
161980000	1.156233e-07
161985000	1.077332e-07
161990000	8.475845e-08
161995000	1.149503e-07
162000000	7.939623e-08
162005000	1.118682e-07
162010000	1.121165e-08
162015000	4.535565e-08
162020000	1.431804e-07
162025000	2.811434e-08
162030000	1.190957e-07
162035000	1.134146e-07
162040000	2.176915e-08
162045000	1.270625e-07
162050000	1.083129e-07
162055000	1.544787e-07
162060000	7.793474e-08
162065000	1.112571e-07
162070000	1.878434e-08
162075000	1.848792e-07
162080000	1.343835e-07
162085000	8.489519e-08
162090000	4.323045e-08
162095000	2.126145e-07
162100000	6.803751e-08
162105000	1.574728e-07
162110000	6.033747e-08
162115000	2.143899e-08
162120000	1.595115e-07
162125000	1.041537e-07
162130000	4.132669e-08
162135000	6.913787e-08
162140000	1.280491e-07
162145000	6.153413e-08
162150000	1.049121e-07
162155000	1.669855e-07
162160000	1.408794e-07
162165000	1.019474e-07
162170000	6.700406e-08
162175000	1.622589e-07
162180000	1.218602e-07
162185000	1.997903e-07
162190000	1.685053e-07
162195000	7.116836e-08
162200000	8.161046e-08
162205000	1.453409e-07
162210000	9.124463e-08
162215000	1.504297e-07
162220000	5.500747e-08
162225000	3.273340e-08
162230000	1.799889e-07
162235000	2.606473e-07
162240000	1.019412e-07
162245000	1.631918e-07
162250000	1.089396e-07
162255000	8.962152e-09
162260000	7.860269e-08
162265000	3.752046e-08
162270000	2.841593e-08
162275000	1.879990e-07
162280000	1.131243e-07
162285000	1.680271e-07
162290000	1.379529e-07
162295000	1.779601e-07
162300000	1.676758e-07
162305000	1.613366e-07
162310000	4.070620e-08
162315000	1.513324e-07
162320000	2.217299e-07
162325000	8.243139e-08
162330000	8.263898e-08
162335000	8.742992e-08
162340000	4.280749e-08
162345000	1.328299e-07
162350000	7.584589e-08
162355000	2.818213e-08
162360000	4.845455e-08
162365000	1.134461e-07
162370000	6.457296e-08
162375000	2.110066e-07
162380000	4.395920e-08
162385000	8.464774e-08
162390000	7.734994e-08
162395000	1.358274e-07
162400000	2.538192e-07
162405000	1.189241e-07
162410000	9.610587e-08
162415000	1.098821e-07
162420000	1.746508e-07
162425000	5.128240e-08
162430000	2.279591e-07
162435000	1.754239e-07
162440000	1.475688e-07
162445000	7.078775e-08
162450000	3.803110e-08
162455000	1.233889e-07
162460000	1.752443e-07
162465000	1.719763e-07
162470000	4.077155e-08
162475000	1.094583e-07
162480000	1.260477e-07
162485000	2.101804e-07
162490000	3.026093e-07
162495000	2.016493e-07
162500000	7.835492e-08
162505000	2.335793e-07
162510000	1.081325e-07
162515000	9.689014e-08
162520000	1.643689e-07
162525000	9.623675e-08
162530000	9.498401e-08
162535000	5.815686e-08
162540000	4.578133e-08
162545000	7.026005e-08
162550000	1.262339e-07
162555000	6.809644e-08
162560000	1.032589e-07
162565000	2.349220e-07
162570000	2.356169e-07
162575000	1.643348e-07
162580000	1.315749e-08
162585000	1.347668e-07
162590000	7.991197e-08
162595000	3.090352e-08
162600000	8.754907e-08
162605000	9.537123e-08
162610000	9.637342e-08
162615000	6.037169e-08
162620000	7.779467e-08
162625000	1.425586e-07
162630000	2.645219e-07
162635000	2.131354e-07
162640000	1.470197e-07
162645000	3.148910e-07
162650000	9.174650e-08
162655000	9.723775e-08
162660000	9.120574e-08
162665000	1.091889e-07
162670000	1.482661e-07
162675000	3.070128e-08
162680000	2.696547e-08
162685000	1.728539e-07
162690000	0.000000e+00
162695000	2.861790e-08
162700000	1.357324e-07
162705000	1.379226e-07
162710000	9.944457e-08
162715000	9.177863e-08
162720000	1.413428e-07
162725000	3.828017e-08
162730000	1.171529e-07
162735000	9.779237e-08
162740000	1.023915e-07
162745000	4.125733e-08
162750000	1.068265e-07
162755000	1.066635e-07
162760000	4.004203e-08
162765000	1.627547e-07
162770000	4.232128e-08
162775000	3.843784e-08
162780000	9.506341e-08
162785000	1.556481e-07
162790000	1.749949e-07
162795000	2.634817e-08
162800000	7.862786e-08
162805000	8.980123e-08
162810000	7.013118e-08
162815000	1.103353e-07
162820000	1.001208e-07
162825000	9.798802e-08
162830000	9.778962e-08
162835000	1.000781e-07
162840000	1.483786e-07
162845000	1.191956e-07
162850000	6.412751e-08
162855000	1.032815e-07
162860000	3.276730e-08
162865000	6.447829e-08
162870000	3.631067e-08
162875000	4.137207e-08
162880000	7.614573e-08
162885000	1.185353e-07
162890000	1.824454e-07
162895000	7.332871e-08
162900000	8.969198e-08
162905000	7.080232e-08
162910000	2.047993e-08
162915000	1.895747e-07
162920000	6.652488e-08
162925000	9.364364e-08
162930000	7.114525e-08
162935000	9.011896e-08
162940000	7.922427e-08
162945000	1.199715e-07
162950000	7.547841e-08
162955000	1.436216e-07
162960000	1.026913e-07
162965000	1.545096e-07
162970000	8.964545e-08
162975000	1.131631e-07
162980000	1.789197e-07
162985000	1.537084e-07
162990000	3.834429e-08
162995000	8.277781e-08
163000000	7.695084e-08
163005000	6.307042e-08
163010000	1.211164e-07
163015000	1.075174e-07
163020000	8.290466e-08
163025000	1.257067e-07
163030000	0.000000e+00
163035000	8.712129e-08
163040000	2.383835e-08
163045000	5.209578e-08
163050000	6.073774e-08
163055000	1.110057e-07
163060000	6.545299e-08
163065000	0.000000e+00
163070000	9.990483e-08
163075000	1.432024e-07
163080000	6.905578e-08
163085000	1.528355e-07
163090000	9.865505e-08
163095000	1.230947e-07
163100000	3.992130e-08
163105000	5.792429e-08
163110000	1.510881e-07
163115000	1.166086e-07
163120000	2.053929e-07
163125000	6.635073e-08
163130000	3.486901e-08
163135000	0.000000e+00
163140000	1.072386e-07
163145000	1.106162e-07
163150000	1.658020e-07
163155000	0.000000e+00
163160000	2.773352e-08
163165000	1.037019e-08
163170000	6.887242e-08
163175000	1.020170e-07
163180000	4.299096e-08
163185000	5.663851e-08
163190000	1.608851e-07
163195000	2.506578e-07
163200000	7.797245e-08
163205000	9.273154e-08
163210000	1.049292e-07
163215000	1.909994e-07
163220000	5.031705e-08
163225000	1.078989e-07
163230000	9.270653e-08
163235000	3.318593e-08
163240000	7.929392e-08
163245000	1.129353e-08
163250000	5.315413e-08
163255000	2.831347e-07
163260000	1.359806e-07
163265000	2.460804e-08
163270000	3.541178e-08
163275000	5.309835e-08
163280000	6.348984e-08
163285000	8.372132e-08
163290000	3.262668e-08
163295000	1.134537e-07
163300000	1.039400e-07
163305000	1.724101e-07
163310000	8.297308e-08
163315000	6.510437e-08
163320000	7.979492e-08
163325000	7.061634e-08
163330000	6.874462e-08
163335000	6.343753e-08
163340000	1.383659e-07
163345000	1.411769e-07
163350000	2.497855e-07
163355000	8.022032e-08
163360000	9.740301e-08
163365000	1.628926e-07
163370000	1.241266e-07
163375000	1.172302e-07
163380000	1.169821e-07
163385000	1.672787e-07
163390000	1.015390e-07
163395000	2.482350e-08
163400000	5.219486e-08
163405000	1.037196e-07
163410000	3.527777e-08
163415000	1.595356e-08
163420000	6.406161e-08
163425000	9.602833e-08
163430000	9.282976e-08
163435000	1.308659e-07
163440000	8.074034e-08
163445000	7.005441e-08
163450000	6.476389e-08
163455000	2.632538e-08
163460000	1.433725e-07
163465000	1.792853e-07
163470000	1.338382e-07
163475000	3.120288e-08
163480000	8.797918e-08
163485000	3.036363e-07
163490000	1.436502e-07
163495000	2.235123e-08
163500000	7.385248e-08
163505000	1.154777e-07
163510000	1.236757e-07
163515000	1.296799e-08
163520000	7.322701e-08
163525000	1.415220e-07
163530000	6.961534e-08
163535000	7.600426e-08
163540000	6.721281e-08
163545000	9.788916e-08
163550000	1.457440e-07
163555000	2.152821e-08
163560000	1.090112e-07
163565000	7.255214e-08
163570000	6.165564e-08
163575000	1.208958e-07
163580000	7.555408e-08
163585000	1.684982e-07
163590000	2.121498e-08
163595000	1.814006e-07
163600000	6.195624e-08
163605000	1.337329e-07
163610000	6.287399e-08
163615000	1.582804e-07
163620000	1.552819e-07
163625000	4.152287e-08
163630000	9.222945e-08
163635000	1.220563e-07
163640000	2.216750e-07
163645000	8.872019e-08
163650000	3.332297e-08
163655000	1.199713e-07
163660000	8.674707e-08
163665000	3.675667e-08
163670000	2.484373e-08
163675000	1.102480e-07
163680000	1.071832e-07
163685000	6.582530e-08
163690000	2.609179e-08
163695000	7.403583e-08
163700000	8.823505e-08
163705000	1.041424e-07
163710000	7.744875e-08
163715000	3.440248e-08
163720000	7.422610e-08
163725000	1.295793e-07
163730000	1.273127e-07
163735000	1.124824e-07
163740000	3.262983e-08
163745000	3.489684e-08
163750000	8.935064e-08
163755000	8.993172e-08
163760000	0.000000e+00
163765000	1.212334e-07
163770000	1.081976e-07
163775000	8.474312e-08
163780000	1.220850e-07
163785000	7.366587e-08
163790000	7.507564e-08
163795000	1.497194e-07
163800000	5.370761e-08
163805000	4.211124e-08
163810000	9.491314e-08
163815000	1.579213e-07
163820000	6.504343e-08
163825000	7.387412e-08
163830000	9.995291e-08
163835000	5.473188e-08
163840000	8.777161e-08
163845000	1.128931e-07
163850000	1.017349e-07
163855000	1.541197e-07
163860000	1.226737e-07
163865000	9.596567e-08
163870000	2.393657e-08
163875000	2.598569e-08
163880000	3.885067e-08
163885000	4.456595e-08
163890000	7.979557e-08
163895000	1.000859e-07
163900000	1.274824e-07
163905000	1.445705e-07
163910000	1.024942e-07
163915000	8.142119e-08
163920000	7.323171e-08
163925000	5.332311e-08
163930000	5.023540e-08
163935000	1.419625e-07
163940000	1.253705e-07
163945000	1.106614e-07
163950000	4.739072e-08
163955000	4.641101e-08
163960000	5.554660e-08
163965000	2.178655e-07
163970000	8.713491e-08
163975000	1.213355e-07
163980000	1.152019e-07
163985000	9.496655e-08
163990000	8.301967e-08
163995000	6.585443e-08
164000000	1.242070e-07
164005000	5.805637e-08
164010000	8.624598e-08
164015000	1.054726e-07
164020000	1.372687e-07
164025000	5.825383e-08
164030000	1.147385e-07
164035000	5.767740e-08
164040000	1.454240e-07
164045000	5.224333e-08
164050000	1.149665e-07
164055000	9.166519e-08
164060000	3.439914e-08
164065000	8.097406e-08
164070000	4.951945e-08
164075000	1.693673e-07
164080000	1.332431e-07
164085000	8.672835e-08
164090000	7.908058e-08
164095000	6.405183e-08
164100000	1.511247e-07
164105000	2.818356e-07
164110000	9.965021e-08
164115000	6.150085e-08
164120000	1.637985e-07
164125000	8.347805e-08
164130000	1.076984e-07
164135000	7.728641e-08
164140000	1.423015e-07
164145000	5.631627e-08
164150000	2.131833e-07
164155000	2.003625e-08
164160000	1.045285e-07
164165000	6.577489e-08
164170000	3.616142e-08
164175000	9.191845e-08
164180000	4.674932e-08
164185000	2.280357e-08
164190000	7.034960e-08
164195000	8.791503e-08
164200000	1.235873e-07
164205000	8.556102e-08
164210000	1.118846e-07
164215000	9.131824e-08
164220000	1.799607e-07
164225000	1.295946e-07
164230000	1.229103e-07
164235000	8.653869e-08
164240000	2.167407e-08
164245000	2.934548e-08
164250000	1.349028e-08
164255000	3.693085e-08
164260000	1.900894e-08
164265000	3.197039e-08
164270000	3.809308e-08
164275000	4.956354e-08
164280000	1.219511e-07
164285000	1.058779e-07
164290000	1.199083e-07
164295000	7.093627e-08
164300000	1.269422e-07
164305000	1.069623e-07
164310000	5.983725e-08
164315000	1.041427e-07
164320000	6.383620e-08
164325000	1.389178e-07
164330000	1.607861e-07
164335000	7.031609e-08
164340000	7.542511e-08
164345000	2.788415e-08
164350000	4.598528e-08
164355000	1.316628e-07
164360000	4.913474e-08
164365000	9.042463e-08
164370000	8.370955e-08
164375000	8.240122e-08
164380000	1.124995e-07
164385000	4.895946e-08
164390000	1.267308e-07
164395000	1.250763e-07
164400000	6.574800e-08
164405000	9.908868e-08
164410000	7.497474e-08
164415000	1.701007e-07
164420000	5.077956e-08
164425000	6.395347e-08
164430000	5.721155e-08
164435000	6.190392e-08
164440000	7.366121e-08
164445000	2.009322e-08
164450000	9.716816e-08
164455000	6.452218e-08
164460000	5.480277e-08
164465000	1.983625e-07
164470000	7.147143e-08
164475000	4.203038e-08
164480000	1.095895e-07
164485000	7.288216e-08
164490000	1.054221e-07
164495000	1.124350e-07
164500000	1.154281e-07
164505000	4.010974e-08
164510000	2.108747e-08
164515000	1.230855e-07
164520000	6.708872e-08
164525000	1.113954e-07
164530000	1.406840e-07
164535000	6.057561e-08
164540000	1.375649e-07
164545000	5.568218e-08
164550000	0.000000e+00
164555000	4.293809e-08
164560000	2.923639e-08
164565000	5.472550e-08
164570000	1.346291e-07
164575000	1.857670e-07
164580000	1.215505e-07
164585000	6.278593e-08
164590000	9.395940e-08
164595000	2.906259e-08
164600000	9.309534e-08
164605000	4.676427e-08
164610000	1.247849e-07
164615000	1.301520e-07
164620000	8.323606e-08
164625000	6.808911e-08
164630000	4.814971e-08
164635000	6.307345e-08
164640000	8.171346e-08
164645000	3.928124e-08
164650000	3.352312e-08
164655000	1.063488e-07
164660000	8.586142e-08
164665000	6.563868e-08
164670000	7.480119e-08
164675000	1.683245e-07
164680000	3.754257e-08
164685000	4.759743e-08
164690000	6.427373e-08
164695000	1.072951e-07
164700000	6.334199e-08
164705000	1.098828e-07
164710000	7.659866e-08
164715000	9.843570e-08
164720000	1.435497e-08
164725000	1.173149e-07
164730000	1.254884e-08
164735000	1.043266e-07
164740000	1.129689e-07
164745000	4.402125e-08
164750000	8.147153e-08
164755000	3.374694e-08
164760000	1.316518e-07
164765000	2.639347e-08
164770000	7.167748e-08
164775000	4.128550e-08
164780000	1.168338e-08
164785000	5.326443e-08
164790000	8.233758e-08
164795000	9.233192e-08
164800000	8.194854e-08
164805000	6.315375e-08
164810000	0.000000e+00
164815000	6.890111e-08
164820000	2.724251e-08
164825000	3.890304e-08
164830000	1.098720e-07
164835000	1.407459e-07
164840000	0.000000e+00
164845000	1.327029e-07
164850000	5.381754e-08
164855000	7.896519e-08
164860000	1.527677e-07
164865000	1.470923e-07
164870000	1.224861e-07
164875000	1.100966e-07
164880000	4.878301e-08
164885000	1.816357e-07
164890000	7.267543e-08
164895000	1.414420e-07
164900000	2.976298e-08
164905000	5.492906e-08
164910000	1.595725e-07
164915000	8.321834e-08
164920000	1.351767e-07
164925000	3.238892e-08
164930000	6.238601e-08
164935000	3.949621e-08
164940000	1.616596e-07
164945000	1.175622e-07
164950000	2.868624e-08
164955000	1.665637e-07
164960000	4.376678e-08
164965000	1.672156e-07
164970000	1.059383e-07
164975000	1.519277e-08
164980000	1.933227e-08
164985000	8.816372e-08
164990000	1.148664e-08
164995000	4.143764e-08
165000000	1.193021e-07
165005000	4.510791e-08
165010000	1.876039e-08
165015000	5.036274e-08
165020000	7.161545e-08
165025000	4.747957e-08
165030000	1.303880e-08
165035000	9.663093e-08
165040000	6.757204e-08
165045000	1.020791e-07
165050000	7.018115e-08
165055000	1.109110e-07
165060000	3.152560e-08
165065000	3.334119e-08
165070000	2.038880e-07
165075000	6.490007e-08
165080000	5.737970e-08
165085000	7.233200e-08
165090000	3.699301e-08
165095000	1.088313e-07
165100000	1.780693e-07
165105000	9.082962e-08
165110000	7.148524e-08
165115000	1.278559e-07
165120000	1.277300e-07
165125000	8.249699e-08
165130000	8.890070e-08
165135000	1.630468e-07
165140000	1.652760e-07
165145000	6.949391e-08
165150000	8.068713e-08
165155000	3.364044e-08
165160000	2.963637e-08
165165000	1.057691e-07
165170000	1.543853e-07
165175000	7.345990e-08
165180000	9.176750e-08
165185000	7.207900e-08
165190000	9.219315e-08
165195000	9.519058e-08
165200000	4.054079e-08
165205000	4.389232e-08
165210000	2.401321e-08
165215000	4.313389e-08
165220000	1.173858e-07
165225000	1.406345e-07
165230000	3.661686e-08
165235000	1.036073e-07
165240000	2.227666e-08
165245000	6.921214e-08
165250000	1.162216e-07
165255000	5.315099e-08
165260000	7.636643e-08
165265000	8.014947e-08
165270000	2.490156e-08
165275000	2.261578e-08
165280000	9.517671e-08
165285000	1.934910e-07
165290000	1.657596e-07
165295000	6.309177e-08
165300000	2.025607e-07
165305000	3.023976e-08
165310000	7.740195e-08
165315000	1.217070e-07
165320000	1.170636e-07
165325000	1.856120e-07
165330000	4.845776e-08
165335000	7.388973e-08
165340000	1.427559e-07
165345000	3.702445e-08
165350000	1.766209e-07
165355000	1.032482e-07
165360000	1.260665e-07
165365000	1.263819e-07
165370000	1.242567e-07
165375000	6.984579e-08
165380000	6.288661e-08
165385000	1.231666e-07
165390000	1.411153e-07
165395000	6.778197e-08
165400000	7.167192e-08
165405000	8.115770e-08
165410000	5.050252e-08
165415000	5.027403e-08
165420000	5.970877e-08
165425000	6.476002e-08
165430000	1.314930e-07
165435000	1.059312e-07
165440000	1.752725e-07
165445000	1.644097e-08
165450000	1.124660e-07
165455000	3.650075e-08
165460000	1.271072e-07
165465000	5.769513e-08
165470000	9.298198e-08
165475000	3.200705e-08
165480000	3.875636e-08
165485000	1.429385e-07
165490000	1.349455e-07
165495000	1.455840e-07
165500000	7.680090e-08
165505000	1.015222e-07
165510000	3.511898e-08
165515000	4.199882e-08
165520000	1.235236e-07
165525000	1.211001e-07
165530000	5.824340e-08
165535000	8.410921e-08
165540000	1.045039e-07
165545000	9.068751e-08
165550000	4.207611e-08
165555000	7.480267e-08
165560000	4.589723e-08
165565000	9.590746e-08
165570000	9.933374e-08
165575000	1.364871e-07
165580000	5.331539e-08
165585000	3.433745e-08
165590000	9.655729e-08
165595000	1.508721e-07
165600000	4.783240e-08
165605000	2.642770e-08
165610000	8.435831e-08
165615000	6.737906e-08
165620000	1.033713e-07
165625000	1.410959e-07
165630000	6.253662e-08
165635000	2.785300e-08
165640000	8.093644e-08
165645000	4.533882e-08
165650000	9.750071e-08
165655000	1.551329e-07
165660000	2.432490e-08
165665000	9.517670e-08
165670000	8.482932e-08
165675000	1.407276e-07
165680000	1.154893e-07
165685000	4.622283e-08
165690000	1.303262e-07
165695000	3.385201e-08
165700000	1.536584e-07
165705000	2.870718e-08
165710000	9.000593e-08
165715000	1.199239e-07
165720000	7.778613e-08
165725000	5.947018e-08
165730000	1.145326e-07
165735000	1.573337e-07
165740000	1.229664e-07
165745000	7.576777e-08
165750000	1.202028e-07
165755000	0.000000e+00
165760000	1.625013e-07
165765000	1.157622e-07
165770000	6.464948e-08
165775000	8.256802e-08
165780000	3.890849e-08
165785000	4.207703e-08
165790000	1.505150e-07
165795000	7.192513e-08
165800000	7.202666e-08
165805000	1.468734e-08
165810000	1.519749e-08
165815000	5.890640e-08
165820000	0.000000e+00
165825000	2.866631e-08
165830000	6.920858e-08
165835000	7.603423e-09
165840000	9.956640e-08
165845000	2.350485e-08
165850000	6.293024e-08
165855000	1.977114e-07
165860000	6.445076e-08
165865000	4.862510e-08
165870000	1.431839e-08
165875000	4.208945e-08
165880000	6.423722e-08
165885000	7.503649e-08
165890000	1.246239e-07
165895000	2.632102e-08
165900000	6.027242e-08
165905000	7.185933e-08
165910000	1.027745e-07
165915000	1.000223e-07
165920000	8.518746e-08
165925000	1.992013e-08
165930000	9.524813e-08
165935000	3.037474e-08
165940000	6.211850e-08
165945000	1.488902e-07
165950000	9.870990e-08
165955000	1.274185e-07
165960000	1.952759e-07
165965000	0.000000e+00
165970000	2.630319e-08
165975000	1.689238e-07
165980000	1.377584e-07
165985000	1.262728e-07
165990000	6.501451e-08
165995000	1.246267e-07
166000000	6.675683e-08
166005000	6.687298e-09
166010000	5.249304e-08
166015000	5.650359e-08
166020000	1.180244e-07
166025000	1.299255e-07
166030000	1.970819e-07
166035000	1.311661e-07
166040000	8.013889e-08
166045000	7.582944e-08
166050000	1.007689e-07
166055000	6.518619e-08
166060000	1.964325e-08
166065000	1.831622e-07
166070000	1.244884e-07
166075000	4.587867e-08
166080000	3.168842e-08
166085000	8.686025e-08
166090000	1.368041e-07
166095000	4.651023e-08
166100000	8.770319e-08
166105000	1.142234e-08
166110000	4.946620e-08
166115000	2.059965e-08
166120000	5.026441e-08
166125000	5.702557e-08
166130000	5.748806e-08
166135000	2.161647e-08
166140000	4.437277e-08
166145000	4.726706e-08
166150000	1.408408e-07
166155000	5.615424e-08
166160000	6.618234e-08
166165000	2.863067e-08
166170000	1.001958e-07
166175000	1.300670e-07
166180000	1.465380e-07
166185000	3.965838e-08
166190000	9.392643e-08
166195000	1.450796e-08
166200000	5.954627e-08
166205000	4.033898e-08
166210000	3.908781e-08
166215000	1.887437e-08
166220000	1.260562e-08
166225000	5.225527e-08
166230000	7.938179e-08
166235000	3.390653e-08
166240000	5.933092e-08
166245000	1.494546e-07
166250000	6.621913e-08
166255000	4.472306e-08
166260000	7.912332e-08
166265000	1.355335e-07
166270000	1.209389e-07
166275000	1.059810e-07
166280000	5.808898e-08
166285000	1.621973e-07
166290000	9.048962e-08
166295000	8.463711e-08
166300000	6.725809e-08
166305000	1.303842e-08
166310000	8.293955e-08
166315000	8.231350e-08
166320000	1.358913e-07
166325000	7.561850e-08
166330000	1.024602e-07
166335000	8.233098e-08
166340000	1.095674e-08
166345000	2.416882e-08
166350000	1.226124e-07
166355000	5.360913e-08
166360000	2.226108e-07
166365000	7.743489e-08
166370000	3.032381e-08
166375000	8.880272e-09
166380000	4.993047e-08
166385000	1.122899e-07
166390000	3.422119e-08
166395000	9.884583e-09
166400000	5.488092e-08
166405000	7.323720e-08
166410000	3.064614e-08
166415000	7.487745e-08
166420000	8.429453e-08
166425000	5.845261e-08
166430000	2.774498e-08
166435000	1.115041e-07
166440000	6.114501e-08
166445000	2.046224e-08
166450000	7.223294e-08
166455000	3.563920e-08
166460000	5.214493e-08
166465000	6.684442e-08
166470000	1.809226e-07
166475000	1.575502e-07
166480000	8.380615e-08
166485000	9.398915e-08
166490000	5.393084e-08
166495000	9.025757e-08
166500000	3.247540e-08
166505000	1.143966e-07
166510000	8.841758e-08
166515000	7.177797e-08
166520000	1.269483e-07
166525000	5.202784e-08
166530000	8.426249e-08
166535000	1.967993e-08
166540000	2.000730e-07
166545000	0.000000e+00
166550000	6.261324e-08
166555000	5.639309e-08
166560000	1.184119e-07
166565000	1.048490e-07
166570000	1.331028e-07
166575000	0.000000e+00
166580000	1.392553e-07
166585000	6.732236e-08
166590000	8.788861e-08
166595000	1.662991e-07
166600000	3.568820e-08
166605000	1.428351e-07
166610000	2.261512e-08
166615000	1.132700e-07
166620000	9.152099e-08
166625000	1.061293e-07
166630000	8.925762e-08
166635000	2.675662e-08
166640000	1.479493e-07
166645000	1.475447e-07
166650000	3.200934e-08
166655000	1.517309e-07
166660000	6.284407e-08
166665000	1.688385e-08
166670000	1.414159e-07
166675000	9.421544e-08
166680000	1.145337e-07
166685000	5.399953e-08
166690000	5.839839e-08
166695000	2.656001e-08
166700000	5.159435e-08
166705000	4.234517e-08
166710000	9.718924e-08
166715000	1.436348e-07
166720000	1.330159e-07
166725000	1.026020e-08
166730000	4.797088e-08
166735000	6.607554e-08
166740000	1.628404e-07
166745000	9.166392e-08
166750000	1.791684e-07
166755000	9.762147e-08
166760000	5.447276e-08
166765000	5.725652e-08
166770000	1.890224e-08
166775000	8.327258e-08
166780000	0.000000e+00
166785000	4.016672e-08
166790000	5.344060e-08
166795000	1.720264e-07
166800000	7.114786e-08
166805000	8.387082e-08
166810000	3.172145e-08
166815000	8.439287e-08
166820000	1.005881e-07
166825000	1.304353e-07
166830000	6.245186e-08
166835000	4.892183e-08
166840000	4.897442e-08
166845000	9.661690e-08
166850000	8.241366e-08
166855000	1.048810e-07
166860000	4.804455e-08
166865000	2.471024e-08
166870000	1.049264e-07
166875000	1.071953e-07
166880000	1.067572e-08
166885000	9.297719e-08
166890000	6.772951e-08
166895000	5.163820e-08
166900000	6.742041e-08
166905000	9.375117e-08
166910000	5.327389e-08
166915000	1.181287e-07
166920000	8.059297e-08
166925000	7.900888e-08
166930000	1.482946e-07
166935000	8.610601e-08
166940000	9.943441e-08
166945000	3.615955e-08
166950000	4.480984e-08
166955000	4.644379e-08
166960000	7.149934e-08
166965000	1.020468e-08
166970000	3.836420e-08
166975000	1.233551e-07
166980000	7.478307e-08
166985000	1.071460e-07
166990000	8.856377e-08
166995000	8.125897e-08
167000000	1.042760e-07
167005000	4.605111e-08
167010000	9.881397e-08
167015000	2.315226e-08
167020000	9.015451e-09
167025000	4.906281e-08
167030000	1.359582e-07
167035000	1.206456e-07
167040000	7.171235e-08
167045000	3.408591e-08
167050000	1.479444e-07
167055000	1.185098e-07
167060000	8.677150e-08
167065000	9.803540e-08
167070000	1.141695e-07
167075000	6.123493e-08
167080000	1.306260e-07
167085000	1.102183e-07
167090000	7.614233e-08
167095000	6.718122e-08
167100000	1.440980e-07
167105000	8.150086e-08
167110000	9.610210e-08
167115000	1.027336e-07
167120000	1.183391e-07
167125000	4.938087e-08
167130000	3.615487e-08
167135000	1.415771e-07
167140000	7.037598e-08
167145000	6.024153e-08
167150000	1.588781e-07
167155000	1.202797e-08
167160000	3.467893e-08
167165000	1.132329e-07
167170000	5.706805e-08
167175000	1.265351e-07
167180000	8.636117e-08
167185000	8.298531e-08
167190000	6.083951e-08
167195000	9.997889e-08
167200000	4.727273e-08
167205000	1.567904e-07
167210000	8.049657e-08
167215000	1.425538e-07
167220000	6.882571e-08
167225000	4.302220e-08
167230000	1.182792e-07
167235000	1.669046e-07
167240000	2.588414e-08
167245000	8.986643e-08
167250000	6.170902e-08
167255000	1.236163e-07
167260000	8.498678e-08
167265000	2.275352e-08
167270000	1.581884e-07
167275000	3.673419e-08
167280000	1.113307e-07
167285000	7.745911e-08
167290000	1.678635e-07
167295000	9.628896e-08
167300000	4.947746e-08
167305000	5.891787e-08
167310000	4.428374e-08
167315000	1.636130e-07
167320000	3.654829e-08
167325000	1.062711e-07
167330000	1.004951e-07
167335000	4.373277e-08
167340000	8.120606e-08
167345000	5.963608e-08
167350000	1.798454e-08
167355000	5.535321e-08
167360000	5.426934e-08
167365000	1.088395e-07
167370000	3.752614e-08
167375000	8.495014e-08
167380000	1.011194e-07
167385000	1.262305e-07
167390000	1.386201e-07
167395000	1.084704e-07
167400000	3.103442e-08
167405000	1.106434e-07
167410000	3.814428e-08
167415000	1.293721e-07
167420000	7.270456e-08
167425000	1.610290e-07
167430000	6.713007e-08
167435000	2.247230e-07
167440000	8.465925e-08
167445000	7.239161e-08
167450000	7.400316e-08
167455000	3.958963e-08
167460000	2.585677e-08
167465000	1.611929e-07
167470000	8.530270e-08
167475000	1.983336e-08
167480000	6.824271e-08
167485000	2.654090e-08
167490000	2.364074e-08
167495000	4.406449e-08
167500000	4.338533e-08
167505000	1.827235e-07
167510000	8.444246e-08
167515000	9.975177e-09
167520000	1.552846e-08
167525000	5.247589e-08
167530000	2.730146e-08
167535000	1.199592e-07
167540000	1.805942e-07
167545000	9.154349e-08
167550000	9.521899e-08
167555000	7.290667e-08
167560000	1.118788e-07
167565000	4.039834e-08
167570000	9.842018e-08
167575000	1.640458e-07
167580000	4.489597e-08
167585000	3.892814e-08
167590000	2.930983e-08
167595000	1.021973e-07
167600000	9.138153e-08
167605000	7.496263e-08
167610000	5.160921e-08
167615000	4.701137e-08
167620000	6.285547e-08
167625000	2.116052e-08
167630000	4.066507e-08
167635000	7.795105e-08
167640000	7.459218e-08
167645000	2.990634e-08
167650000	4.152975e-08
167655000	6.745575e-08
167660000	5.031466e-08
167665000	1.177204e-07
167670000	1.114726e-07
167675000	6.316395e-08
167680000	7.908011e-08
167685000	3.972830e-08
167690000	4.842865e-08
167695000	8.656561e-08
167700000	1.012344e-07
167705000	4.504291e-08
167710000	8.284623e-08
167715000	1.387047e-07
167720000	6.982076e-08
167725000	7.056655e-08
167730000	1.251067e-07
167735000	4.432509e-08
167740000	2.007558e-08
167745000	7.281632e-08
167750000	3.433873e-08
167755000	7.598699e-08
167760000	7.328447e-08
167765000	3.694859e-08
167770000	3.912302e-08
167775000	1.174253e-07
167780000	6.895491e-08
167785000	2.190833e-08
167790000	6.776218e-08
167795000	1.044755e-07
167800000	1.408629e-07
167805000	6.179910e-08
167810000	5.142972e-08
167815000	1.064201e-07
167820000	2.539236e-08
167825000	7.888818e-08
167830000	6.403926e-08
167835000	1.111380e-07
167840000	7.639448e-08
167845000	3.146349e-08
167850000	1.283256e-08
167855000	7.743743e-08
167860000	1.928007e-07
167865000	6.670813e-08
167870000	7.866473e-08
167875000	9.068166e-08
167880000	7.341467e-08
167885000	1.285465e-08
167890000	5.464775e-08
167895000	8.692458e-08
167900000	7.098589e-08
167905000	1.105908e-07
167910000	6.366031e-08
167915000	2.727859e-08
167920000	4.088381e-08
167925000	8.758940e-08
167930000	1.248263e-07
167935000	6.022076e-08
167940000	1.028856e-08
167945000	8.410634e-08
167950000	1.090325e-07
167955000	4.738064e-08
167960000	1.207245e-08
167965000	1.009007e-07
167970000	3.233399e-08
167975000	8.249480e-08
167980000	6.323248e-08
167985000	1.547857e-07
167990000	1.169118e-07
167995000	7.077783e-08
168000000	1.349895e-07
168005000	3.232911e-08
168010000	0.000000e+00
168015000	1.717190e-07
168020000	1.573756e-07
168025000	5.253934e-08
168030000	1.137829e-07
168035000	3.839822e-08
168040000	9.403206e-08
168045000	4.152266e-08
168050000	5.514995e-08
168055000	1.034090e-07
168060000	1.188603e-07
168065000	6.970780e-08
168070000	9.923104e-08
168075000	7.616651e-08
168080000	5.279696e-08
168085000	3.769891e-08
168090000	1.672986e-07
168095000	1.150582e-07
168100000	4.642445e-08
168105000	5.590625e-08
168110000	2.833777e-08
168115000	1.128512e-07
168120000	4.795620e-08
168125000	4.627894e-08
168130000	1.093955e-07
168135000	0.000000e+00
168140000	3.526642e-08
168145000	5.844026e-08
168150000	4.342652e-08
168155000	5.679266e-08
168160000	1.060856e-07
168165000	8.843102e-08
168170000	1.088871e-07
168175000	3.172013e-08
168180000	1.914874e-08
168185000	1.074700e-07
168190000	6.710559e-08
168195000	1.645716e-07
168200000	8.072069e-08
168205000	6.952580e-08
168210000	1.100079e-07
168215000	3.120586e-08
168220000	1.535050e-07
168225000	7.558740e-08
168230000	6.176453e-08
168235000	1.094111e-07
168240000	1.270419e-07
168245000	1.662617e-07
168250000	1.113728e-07
168255000	1.287045e-07
168260000	2.830340e-08
168265000	8.496639e-08
168270000	1.331601e-07
168275000	5.660242e-08
168280000	1.133264e-07
168285000	4.150535e-08
168290000	7.274073e-08
168295000	1.005252e-07
168300000	1.608926e-07
168305000	6.602518e-08
168310000	5.235954e-08
168315000	2.165384e-07
168320000	8.206808e-08
168325000	6.327254e-08
168330000	9.441340e-08
168335000	9.162622e-08
168340000	7.615224e-08
168345000	7.807236e-08
168350000	1.271596e-07
168355000	8.585104e-08
168360000	2.792704e-08
168365000	8.825843e-08
168370000	8.059185e-08
168375000	1.148202e-07
168380000	7.685035e-08
168385000	1.722226e-07
168390000	4.705068e-08
168395000	9.094674e-08
168400000	1.849924e-07
168405000	1.430773e-07
168410000	1.419172e-07
168415000	3.285593e-08
168420000	3.530422e-08
168425000	1.570300e-07
168430000	9.572979e-08
168435000	6.575379e-08
168440000	3.574224e-08
168445000	3.515580e-08
168450000	9.028846e-08
168455000	7.321104e-08
168460000	3.357433e-08
168465000	1.274626e-07
168470000	1.098216e-07
168475000	1.893535e-07
168480000	1.247263e-07
168485000	2.622206e-08
168490000	1.149133e-07
168495000	1.700796e-07
168500000	1.073901e-07
168505000	8.832610e-08
168510000	1.110011e-07
168515000	6.913367e-08
168520000	1.019230e-07
168525000	4.175344e-08
168530000	1.073459e-07
168535000	1.230698e-07
168540000	8.039559e-08
168545000	8.981034e-08
168550000	6.093806e-08
168555000	1.755515e-07
168560000	2.737299e-08
168565000	2.390878e-08
168570000	6.920591e-08
168575000	2.615293e-08
168580000	0.000000e+00
168585000	4.521892e-08
168590000	5.941153e-08
168595000	1.242906e-07
168600000	1.288530e-07
168605000	5.247360e-08
168610000	2.891133e-07
168615000	3.856368e-08
168620000	8.777688e-08
168625000	1.011093e-07
168630000	9.347426e-08
168635000	5.832038e-08
168640000	1.152213e-07
168645000	2.082580e-07
168650000	6.944827e-08
168655000	5.341529e-08
168660000	8.596606e-08
168665000	2.258209e-08
168670000	5.883896e-08
168675000	1.223256e-07
168680000	6.482688e-08
168685000	1.455322e-07
168690000	8.702593e-08
168695000	4.543878e-08
168700000	2.382714e-08
168705000	3.324350e-08
168710000	4.679825e-08
168715000	7.501945e-08
168720000	7.438325e-08
168725000	7.461775e-08
168730000	1.015710e-07
168735000	4.585597e-08
168740000	1.022885e-07
168745000	1.481824e-07
168750000	8.237907e-08
168755000	1.144990e-07
168760000	1.394555e-07
168765000	1.140444e-07
168770000	4.657223e-08
168775000	6.699832e-08
168780000	5.849044e-08
168785000	3.051060e-08
168790000	6.642522e-08
168795000	1.262511e-07
168800000	4.771704e-08
168805000	4.790185e-08
168810000	8.037154e-08
168815000	3.188895e-08
168820000	7.501044e-08
168825000	1.090088e-07
168830000	7.037909e-08
168835000	8.837456e-08
168840000	5.912209e-08
168845000	6.339529e-08
168850000	2.358176e-08
168855000	6.773539e-08
168860000	3.581354e-08
168865000	7.052390e-08
168870000	5.162306e-08
168875000	8.567887e-09
168880000	9.578546e-08
168885000	4.549303e-08
168890000	4.055263e-08
168895000	8.700593e-08
168900000	1.725570e-07
168905000	3.056635e-08
168910000	7.750379e-08
168915000	2.149634e-07
168920000	6.695551e-08
168925000	1.626501e-07
168930000	9.745749e-08
168935000	8.731790e-08
168940000	1.090503e-07
168945000	2.685903e-08
168950000	6.998954e-08
168955000	1.805951e-07
168960000	8.514360e-08
168965000	6.713847e-08
168970000	1.484347e-07
168975000	8.863596e-08
168980000	6.438131e-08
168985000	4.584627e-08
168990000	0.000000e+00
168995000	3.623921e-08
169000000	1.103372e-07
169005000	9.551142e-08
169010000	1.857438e-07
169015000	1.731975e-08
169020000	6.902429e-08
169025000	1.656793e-08
169030000	8.090160e-08
169035000	5.262967e-08
169040000	3.884995e-08
169045000	3.489249e-08
169050000	5.093290e-08
169055000	3.799815e-08
169060000	6.028619e-08
169065000	2.488324e-08
169070000	1.221396e-07
169075000	6.629611e-08
169080000	2.466589e-08
169085000	1.391605e-08
169090000	1.120719e-07
169095000	5.429558e-08
169100000	1.907500e-07
169105000	9.661569e-08
169110000	4.984775e-08
169115000	2.436019e-08
169120000	3.736703e-08
169125000	4.662714e-08
169130000	3.832379e-08
169135000	1.239029e-07
169140000	4.036320e-08
169145000	3.691449e-08
169150000	8.575960e-08
169155000	4.656554e-08
169160000	1.852190e-08
169165000	5.368924e-08
169170000	8.027725e-08
169175000	2.101948e-08
169180000	9.034435e-08
169185000	7.547635e-08
169190000	3.441309e-08
169195000	5.304215e-08
169200000	1.329483e-07
169205000	0.000000e+00
169210000	1.216517e-07
169215000	7.161778e-08
169220000	6.779083e-08
169225000	7.194084e-08
169230000	1.459969e-07
169235000	1.005916e-07
169240000	2.631844e-08
169245000	7.966614e-08
169250000	6.482040e-08
169255000	1.391342e-07
169260000	2.897846e-08
169265000	6.910929e-08
169270000	1.802516e-08
169275000	1.156883e-07
169280000	1.262514e-07
169285000	7.368268e-08
169290000	6.043637e-08
169295000	2.105602e-08
169300000	1.080316e-08
169305000	2.974286e-08
169310000	0.000000e+00
169315000	1.417340e-07
169320000	5.320729e-08
169325000	6.960961e-08
169330000	1.486004e-08
169335000	9.748962e-08
169340000	2.292120e-08
169345000	6.956167e-08
169350000	8.068810e-08
169355000	1.268101e-07
169360000	5.157487e-08
169365000	5.117743e-08
169370000	6.288090e-08
169375000	7.154385e-08
169380000	3.464445e-08
169385000	3.551484e-08
169390000	5.681982e-08
169395000	0.000000e+00
169400000	1.333435e-07
169405000	1.910934e-07
169410000	0.000000e+00
169415000	2.024862e-08
169420000	4.100810e-08
169425000	1.100083e-07
169430000	5.065292e-08
169435000	6.965111e-08
169440000	8.372805e-08
169445000	3.358521e-08
169450000	5.426196e-08
169455000	8.464134e-08
169460000	2.407966e-08
169465000	9.311582e-08
169470000	9.134042e-08
169475000	9.124282e-08
169480000	9.781790e-08
169485000	1.204821e-07
169490000	1.264643e-07
169495000	7.388438e-08
169500000	1.029460e-07
169505000	8.811872e-08
169510000	8.340175e-08
169515000	6.828673e-08
169520000	0.000000e+00
169525000	4.787257e-08
169530000	4.158404e-08
169535000	7.582253e-08
169540000	1.546789e-08
169545000	2.058396e-08
169550000	2.869420e-08
169555000	8.550343e-08
169560000	5.951724e-08
169565000	8.687592e-08
169570000	3.141863e-08
169575000	2.272193e-08
169580000	8.034348e-08
169585000	8.079940e-08
169590000	5.475820e-08
169595000	7.549260e-08
169600000	2.774949e-08
169605000	1.098025e-07
169610000	7.158394e-08
169615000	5.541086e-08
169620000	6.588168e-08
169625000	2.347492e-08
169630000	2.219232e-08
169635000	9.108694e-08
169640000	1.099487e-07
169645000	2.356289e-08
169650000	4.116868e-08
169655000	6.703305e-08
169660000	4.509209e-08
169665000	5.015505e-08
169670000	4.186680e-08
169675000	3.907558e-08
169680000	7.254232e-08
169685000	1.690657e-07
169690000	9.509521e-08
169695000	9.276508e-08
169700000	6.319286e-08
169705000	7.861880e-08
169710000	1.539469e-07
169715000	1.261758e-07
169720000	5.746477e-08
169725000	1.686069e-08
169730000	2.811328e-08
169735000	9.517444e-08
169740000	1.662853e-08
169745000	1.431933e-07
169750000	0.000000e+00
169755000	1.211491e-08
169760000	6.958953e-08
169765000	1.319789e-07
169770000	1.916687e-08
169775000	8.169808e-08
169780000	4.194544e-08
169785000	8.343397e-08
169790000	9.389051e-08
169795000	8.589951e-08
169800000	1.535605e-07
169805000	0.000000e+00
169810000	2.216224e-08
169815000	1.054806e-08
169820000	1.469070e-08
169825000	5.573841e-08
169830000	1.513913e-07
169835000	1.416543e-07
169840000	5.443716e-08
169845000	1.055069e-07
169850000	3.412375e-08
169855000	1.292782e-07
169860000	5.433691e-08
169865000	0.000000e+00
169870000	1.285362e-07
169875000	7.939230e-08
169880000	4.067159e-08
169885000	6.525188e-08
169890000	3.235567e-08
169895000	9.248167e-08
169900000	4.891321e-08
169905000	0.000000e+00
169910000	1.392019e-07
169915000	6.414159e-08
169920000	5.861890e-08
169925000	5.427426e-08
169930000	5.963117e-08
169935000	3.197115e-08
169940000	7.475924e-08
169945000	7.643142e-08
169950000	1.488703e-07
169955000	1.756217e-07
169960000	8.854247e-08
169965000	5.724678e-08
169970000	2.704657e-08
169975000	7.194640e-08
169980000	6.149795e-08
169985000	3.516467e-08
169990000	1.343385e-08
169995000	6.101628e-08
170000000	2.703673e-08
170005000	2.068829e-08
170010000	0.000000e+00
170015000	1.120582e-07
170020000	5.846660e-08
170025000	5.231388e-08
170030000	1.697150e-08
170035000	1.015501e-07
170040000	1.569846e-08
170045000	1.452289e-08
170050000	4.853100e-08
170055000	2.816303e-08
170060000	1.962619e-08
170065000	1.858888e-08
170070000	7.872120e-08
170075000	3.357075e-08
170080000	1.303781e-07
170085000	4.430224e-08
170090000	8.537074e-08
170095000	1.685912e-07
170100000	5.715483e-08
170105000	1.170185e-08
170110000	2.713403e-08
170115000	7.763305e-08
170120000	1.392911e-07
170125000	6.076865e-08
170130000	4.524352e-08
170135000	7.240324e-08
170140000	1.347600e-07
170145000	6.072747e-08
170150000	1.242939e-07
170155000	6.578070e-08
170160000	8.579649e-08
170165000	1.216406e-08
170170000	4.921112e-08
170175000	3.806548e-08
170180000	7.735463e-08
170185000	8.671204e-08
170190000	4.630364e-08
170195000	6.506990e-08
170200000	7.344175e-08
170205000	5.202747e-08
170210000	1.111105e-07
170215000	8.652035e-08
170220000	6.272447e-08
170225000	1.497174e-07
170230000	9.346340e-08
170235000	1.723545e-08
170240000	9.387436e-08
170245000	9.196762e-08
170250000	7.409947e-08
170255000	2.527267e-08
170260000	7.799516e-08
170265000	8.616478e-08
170270000	6.039253e-08
170275000	5.960018e-08
170280000	1.052803e-07
170285000	1.054347e-07
170290000	6.027363e-08
170295000	1.121652e-07
170300000	1.211052e-07
170305000	6.583374e-08
170310000	3.667330e-08
170315000	5.860250e-08
170320000	1.529790e-08
170325000	5.872620e-08
170330000	1.060395e-07
170335000	8.750577e-08
170340000	8.981740e-08
170345000	2.043786e-08
170350000	4.586883e-08
170355000	9.383006e-08
170360000	1.589278e-08
170365000	3.876225e-08
170370000	9.980073e-09
170375000	1.341031e-08
170380000	3.397719e-08
170385000	2.502927e-08
170390000	6.151203e-08
170395000	1.759939e-08
170400000	2.166833e-08
170405000	1.611874e-08
170410000	5.328026e-08
170415000	4.956812e-08
170420000	3.693496e-08
170425000	0.000000e+00
170430000	7.973899e-08
170435000	2.249564e-08
170440000	0.000000e+00
170445000	5.377828e-08
170450000	7.920614e-08
170455000	1.043015e-07
170460000	8.951397e-08
170465000	4.345968e-08
170470000	1.999078e-08
170475000	5.845533e-08
170480000	3.015893e-08
170485000	8.339369e-09
170490000	5.373705e-08
170495000	4.758251e-08
170500000	7.703474e-08
170505000	2.225563e-08
170510000	0.000000e+00
170515000	1.007294e-07
170520000	7.373192e-09
170525000	4.128140e-08
170530000	2.179142e-08
170535000	1.854525e-07
170540000	5.638006e-08
170545000	5.685740e-08
170550000	8.917301e-08
170555000	3.476956e-08
170560000	0.000000e+00
170565000	5.528478e-08
170570000	3.971705e-08
170575000	6.974865e-08
170580000	5.785795e-08
170585000	3.482983e-08
170590000	0.000000e+00
170595000	5.845126e-08
170600000	1.445513e-08
170605000	1.323746e-08
170610000	4.801338e-08
170615000	1.395368e-07
170620000	6.041496e-08
170625000	2.707934e-08
170630000	6.215686e-08
170635000	4.613357e-08
170640000	1.441836e-07
170645000	0.000000e+00
170650000	0.000000e+00
170655000	8.617609e-08
170660000	5.276262e-08
170665000	7.218712e-08
170670000	2.141349e-08
170675000	6.956081e-09
170680000	6.142704e-09
170685000	1.139990e-08
170690000	0.000000e+00
170695000	8.237979e-08
170700000	1.733786e-08
170705000	1.042379e-07
170710000	9.191032e-08
170715000	6.980149e-08
170720000	9.875875e-08
170725000	0.000000e+00
170730000	0.000000e+00
170735000	1.032312e-08
170740000	0.000000e+00
170745000	7.180767e-08
170750000	2.729103e-08
170755000	3.401944e-08
170760000	1.145030e-07
170765000	0.000000e+00
170770000	0.000000e+00
170775000	0.000000e+00
170780000	4.872046e-08
170785000	2.744001e-08
170790000	1.052866e-07
170795000	6.423983e-08
170800000	5.276155e-08
170805000	1.201358e-07
170810000	4.601727e-08
170815000	6.054972e-08
170820000	5.167477e-08
170825000	5.639907e-08
170830000	2.545833e-08
170835000	1.251403e-08
170840000	5.273000e-08
170845000	6.456188e-08
170850000	4.143820e-08
170855000	1.125362e-08
170860000	4.245140e-08
170865000	4.799637e-08
170870000	1.379415e-08
170875000	1.276027e-07
170880000	2.913913e-08
170885000	5.525443e-08
170890000	1.106395e-08
170895000	8.685608e-08
170900000	1.788405e-08
170905000	7.946360e-08
170910000	8.307066e-08
170915000	2.237386e-08
170920000	6.428752e-08
170925000	6.384485e-08
170930000	5.459955e-08
170935000	1.824775e-08
170940000	2.812587e-08
170945000	3.666683e-08
170950000	3.126861e-08
170955000	6.667910e-08
170960000	1.128765e-07
170965000	1.334089e-07
170970000	5.555900e-08
170975000	4.920820e-08
170980000	7.579252e-08
170985000	6.648113e-08
170990000	1.928428e-07
170995000	2.055168e-08
171000000	5.352706e-08
171005000	7.160802e-08
171010000	3.954449e-08
171015000	9.639108e-08
171020000	9.440550e-08
171025000	1.690328e-08
171030000	2.317278e-08
171035000	5.278561e-08
171040000	8.107065e-08
171045000	7.891750e-08
171050000	2.497512e-08
171055000	2.272223e-08
171060000	5.936932e-08
171065000	9.579981e-08
171070000	1.087040e-07
171075000	0.000000e+00
171080000	3.602336e-08
171085000	9.848913e-09
171090000	3.229101e-08
171095000	4.054704e-08
171100000	3.635689e-08
171105000	1.747968e-08
171110000	3.232271e-08
171115000	9.976027e-08
171120000	3.151919e-08
171125000	3.682584e-08
171130000	5.469784e-08
171135000	7.573289e-08
171140000	5.568632e-08
171145000	2.483086e-08
171150000	0.000000e+00
171155000	1.469116e-08
171160000	1.749175e-08
171165000	8.198758e-08
171170000	4.181807e-08
171175000	6.403418e-08
171180000	3.037322e-08
171185000	5.302518e-08
171190000	7.018563e-08
171195000	3.820078e-08
171200000	3.119586e-08
171205000	3.650899e-08
171210000	4.462782e-08
171215000	3.334984e-08
171220000	1.619110e-08
171225000	2.684210e-08
171230000	1.390129e-08
171235000	3.239691e-08
171240000	3.652764e-08
171245000	5.774055e-08
171250000	2.514760e-08
171255000	1.555108e-08
171260000	3.322809e-08
171265000	9.989361e-08
171270000	5.569872e-08
171275000	6.370525e-08
171280000	1.272956e-07
171285000	1.016904e-08
171290000	2.117639e-08
171295000	1.071530e-07
171300000	2.012482e-08
171305000	7.241441e-08
171310000	5.598458e-08
171315000	0.000000e+00
171320000	4.315723e-08
171325000	3.488369e-08
171330000	7.750907e-08
171335000	6.752054e-08
171340000	3.997471e-08
171345000	9.259818e-08
171350000	0.000000e+00
171355000	4.446391e-08
171360000	4.797478e-08
171365000	2.456386e-08
171370000	5.611710e-08
171375000	1.535432e-07
171380000	4.213225e-08
171385000	3.942410e-08
171390000	7.708565e-08
171395000	4.226136e-08
171400000	3.566171e-08
171405000	1.126212e-07
171410000	5.669171e-08
171415000	5.897361e-08
171420000	1.185674e-07
171425000	7.466937e-08
171430000	1.122459e-07
171435000	1.518431e-08
171440000	1.193544e-07
171445000	4.581074e-08
171450000	2.828191e-08
171455000	5.530861e-08
171460000	7.573720e-08
171465000	2.299883e-08
171470000	0.000000e+00
171475000	2.736879e-08
171480000	3.327130e-08
171485000	6.702883e-08
171490000	1.185625e-07
171495000	5.670832e-08
171500000	4.736580e-08
171505000	0.000000e+00
171510000	0.000000e+00
171515000	4.763920e-08
171520000	0.000000e+00
171525000	6.339381e-08
171530000	1.173962e-07
171535000	2.570042e-08
171540000	5.237119e-08
171545000	1.016142e-08
171550000	5.049704e-08
171555000	9.332657e-08
171560000	3.566551e-08
171565000	5.249998e-08
171570000	1.055857e-07
171575000	1.354068e-08
171580000	1.184878e-07
171585000	9.953092e-08
171590000	1.134480e-07
171595000	9.901831e-09
171600000	1.002992e-07
171605000	8.883603e-08
171610000	5.376387e-08
171615000	2.407204e-08
171620000	1.322311e-07
171625000	1.959559e-07
171630000	2.791020e-08
171635000	4.201986e-08
171640000	1.103267e-07
171645000	2.768189e-08
171650000	3.553718e-08
171655000	5.444230e-08
171660000	1.059890e-08
171665000	4.674030e-08
171670000	8.377775e-08
171675000	4.932423e-08
171680000	5.837827e-08
171685000	5.207650e-08
171690000	1.625742e-08
171695000	3.048728e-08
171700000	1.788156e-08
171705000	4.724513e-08
171710000	3.785921e-08
171715000	8.301366e-08
171720000	4.807696e-08
171725000	8.930840e-08
171730000	2.046065e-08
171735000	8.031655e-08
171740000	6.944439e-08
171745000	5.424908e-08
171750000	8.862851e-08
171755000	3.801568e-08
171760000	0.000000e+00
171765000	5.913935e-08
171770000	6.208369e-08
171775000	2.542972e-08
171780000	2.149868e-08
171785000	9.072857e-08
171790000	3.727357e-08
171795000	3.221778e-08
171800000	1.131157e-07
171805000	4.373543e-08
171810000	6.658544e-08
171815000	3.472452e-08
171820000	7.944507e-08
171825000	3.124465e-08
171830000	6.308406e-08
171835000	1.136760e-08
171840000	4.310517e-08
171845000	6.238828e-08
171850000	0.000000e+00
171855000	3.285707e-08
171860000	7.013359e-08
171865000	1.827141e-08
171870000	2.414157e-08
171875000	0.000000e+00
171880000	3.088434e-08
171885000	5.450711e-08
171890000	6.226961e-08
171895000	3.634082e-08
171900000	6.414892e-08
171905000	4.658847e-08
171910000	9.090640e-09
171915000	4.462665e-08
171920000	6.692119e-08
171925000	1.972233e-08
171930000	4.608106e-08
171935000	4.985662e-08
171940000	0.000000e+00
171945000	7.915458e-09
171950000	6.021168e-08
171955000	0.000000e+00
171960000	8.928553e-08
171965000	3.358062e-08
171970000	0.000000e+00
171975000	3.714832e-08
171980000	1.093774e-08
171985000	1.580067e-08
171990000	8.802464e-08
171995000	1.729658e-08
172000000	8.613833e-09
172005000	1.072736e-08
172010000	3.470517e-08
172015000	0.000000e+00
172020000	4.896263e-08
172025000	3.552098e-08
172030000	1.889740e-08
172035000	7.458239e-08
172040000	0.000000e+00
172045000	4.409059e-08
172050000	6.517079e-08
172055000	6.278848e-08
172060000	3.371857e-08
172065000	7.106234e-08
172070000	1.048786e-07
172075000	9.251076e-09
172080000	1.407158e-07
172085000	1.896305e-08
172090000	1.673307e-08
172095000	7.291008e-08
172100000	1.704047e-08
172105000	5.086402e-08
172110000	1.010886e-08
172115000	2.768432e-08
172120000	9.457139e-09
172125000	0.000000e+00
172130000	3.375475e-08
172135000	5.770849e-08
172140000	1.193931e-08
172145000	6.049595e-08
172150000	1.594916e-07
172155000	4.770617e-08
172160000	2.216849e-08
172165000	2.630611e-08
172170000	0.000000e+00
172175000	6.041801e-08
172180000	1.606773e-08
172185000	1.855994e-08
172190000	1.039166e-07
172195000	7.428553e-08
172200000	1.845717e-08
172205000	5.917473e-08
172210000	6.078395e-08
172215000	1.285467e-07
172220000	9.086727e-09
172225000	3.267430e-08
172230000	1.567159e-08
172235000	9.375390e-08
172240000	1.633401e-07
172245000	0.000000e+00
172250000	2.758996e-08
172255000	6.987607e-08
172260000	2.268926e-08
172265000	6.686559e-08
172270000	6.026098e-08
172275000	1.791941e-08
172280000	8.024354e-08
172285000	4.271007e-08
172290000	8.051654e-08
172295000	4.666736e-08
172300000	6.449988e-08
172305000	3.774327e-08
172310000	1.181937e-08
172315000	7.406291e-08
172320000	0.000000e+00
172325000	7.216190e-08
172330000	3.862176e-08
172335000	2.136935e-07
172340000	6.273338e-08
172345000	1.157186e-07
172350000	4.780947e-08
172355000	1.227016e-08
172360000	5.151740e-08
172365000	9.489418e-08
172370000	4.106311e-08
172375000	2.362558e-08
172380000	9.714945e-08
172385000	8.517882e-08
172390000	2.155193e-08
172395000	7.872511e-08
172400000	0.000000e+00
172405000	4.342306e-08
172410000	6.025734e-08
172415000	9.992533e-08
172420000	1.344831e-08
172425000	2.316812e-08
172430000	4.479745e-08
172435000	7.934511e-08
172440000	2.916981e-08
172445000	3.167713e-08
172450000	2.343762e-08
172455000	3.484002e-08
172460000	1.878471e-08
172465000	4.169924e-08
172470000	0.000000e+00
172475000	2.238887e-08
172480000	2.031918e-08
172485000	2.074226e-08
172490000	4.826313e-08
172495000	7.007340e-08
172500000	4.677832e-08
172505000	8.384781e-08
172510000	2.480833e-08
172515000	3.035999e-08
172520000	2.549928e-08
172525000	5.388651e-08
172530000	1.286697e-07
172535000	2.459516e-08
172540000	1.046909e-08
172545000	1.373497e-08
172550000	1.816905e-08
172555000	4.698570e-08
172560000	2.748322e-08
172565000	3.578752e-08
172570000	1.178678e-07
172575000	8.640415e-08
172580000	3.244627e-08
172585000	4.672195e-08
172590000	1.818046e-08
172595000	1.397310e-08
172600000	0.000000e+00
172605000	7.344515e-08
172610000	2.084992e-08
172615000	6.252740e-08
172620000	4.570805e-08
172625000	6.890130e-08
172630000	0.000000e+00
172635000	7.005117e-08
172640000	9.911420e-08
172645000	9.599215e-08
172650000	4.085461e-08
172655000	6.795666e-08
172660000	1.021312e-07
172665000	2.230548e-08
172670000	1.555629e-08
172675000	5.089329e-08
172680000	0.000000e+00
172685000	2.224958e-08
172690000	1.009279e-08
172695000	5.933126e-08
172700000	6.674308e-08
172705000	5.917685e-08
172710000	3.053435e-08
172715000	5.034179e-08
172720000	1.675871e-08
172725000	7.526477e-08
172730000	2.124857e-08
172735000	4.453385e-08
172740000	8.246913e-08
172745000	7.523455e-08
172750000	9.411054e-08
172755000	0.000000e+00
172760000	8.846421e-08
172765000	0.000000e+00
172770000	4.032606e-08
172775000	7.584272e-08
172780000	1.780924e-08
172785000	8.786920e-08
172790000	6.466872e-08
172795000	2.463744e-08
172800000	5.463544e-08
172805000	5.885998e-08
172810000	5.686871e-08
172815000	5.970600e-08
172820000	2.572393e-08
172825000	0.000000e+00
172830000	8.442645e-08
172835000	9.729700e-08
172840000	9.939280e-09
172845000	8.194727e-08
172850000	0.000000e+00
172855000	4.584152e-08
172860000	6.623523e-08
172865000	5.719403e-08
172870000	9.260949e-09
172875000	3.221324e-08
172880000	4.884113e-08
172885000	2.791512e-08
172890000	0.000000e+00
172895000	4.717748e-08
172900000	1.548979e-08
172905000	2.585809e-08
172910000	0.000000e+00
172915000	4.301622e-08
172920000	3.535756e-08
172925000	4.648453e-08
172930000	2.331589e-08
172935000	1.555629e-08
172940000	0.000000e+00
172945000	7.693843e-08
172950000	1.645776e-07
172955000	1.132137e-07
172960000	4.276494e-08
172965000	3.657388e-08
172970000	4.579872e-08
172975000	3.584273e-08
172980000	6.216508e-08
172985000	1.718829e-08
172990000	3.962358e-08
172995000	4.407887e-08
173000000	3.929707e-08
173005000	9.746779e-08
173010000	0.000000e+00
173015000	2.211418e-08
173020000	3.960789e-08
173025000	9.294650e-08
173030000	9.489129e-08
173035000	3.174903e-08
173040000	4.544218e-08
173045000	0.000000e+00
173050000	2.990413e-08
173055000	5.639699e-08
173060000	1.322973e-08
173065000	4.883881e-08
173070000	0.000000e+00
173075000	4.740393e-08
173080000	1.978836e-08
173085000	3.417605e-08
173090000	7.726383e-09
173095000	2.759033e-08
173100000	5.818331e-08
173105000	2.073482e-08
173110000	1.095799e-07
173115000	6.132453e-08
173120000	6.030476e-08
173125000	3.728877e-08
173130000	2.871411e-08
173135000	8.191315e-08
173140000	6.747778e-08
173145000	3.957575e-08
173150000	4.530267e-08
173155000	5.479091e-08
173160000	5.341312e-08
173165000	5.051805e-08
173170000	8.839452e-08
173175000	0.000000e+00
173180000	1.854488e-08
173185000	3.451060e-08
173190000	3.304200e-08
173195000	0.000000e+00
173200000	3.265105e-08
173205000	4.524830e-08
173210000	3.051811e-08
173215000	2.594196e-08
173220000	3.339259e-08
173225000	6.131743e-08
173230000	0.000000e+00
173235000	4.098532e-08
173240000	3.153236e-08
173245000	9.023246e-08
173250000	5.980977e-08
173255000	3.282625e-08
173260000	3.905861e-08
173265000	1.945955e-08
173270000	1.086459e-07
173275000	9.721346e-08
173280000	3.241673e-08
173285000	6.038133e-08
173290000	1.524163e-07
173295000	1.113207e-08
173300000	2.571888e-08
173305000	3.046192e-08
173310000	7.302373e-08
173315000	4.401389e-08
173320000	4.119785e-08
173325000	6.830103e-08
173330000	3.242979e-08
173335000	5.443181e-08
173340000	4.587956e-08
173345000	3.090504e-08
173350000	7.989286e-08
173355000	2.381966e-08
173360000	7.272363e-08
173365000	0.000000e+00
173370000	7.198062e-08
173375000	2.758624e-08
173380000	3.772318e-08
173385000	0.000000e+00
173390000	1.228899e-08
173395000	5.451406e-08
173400000	2.252491e-08
173405000	8.561131e-09
173410000	2.186353e-08
173415000	7.016657e-08
173420000	2.483190e-08
173425000	7.597479e-08
173430000	2.726119e-08
173435000	3.160649e-08
173440000	8.600850e-08
173445000	1.089332e-08
173450000	5.321201e-08
173455000	1.001649e-07
173460000	1.008693e-07
173465000	4.528536e-08
173470000	3.349922e-08
173475000	2.331851e-08
173480000	3.288895e-08
173485000	5.450447e-08
173490000	4.547508e-08
173495000	2.245974e-08
173500000	0.000000e+00
173505000	2.727034e-08
173510000	5.425859e-08
173515000	2.762130e-08
173520000	2.955822e-08
173525000	1.532644e-08
173530000	5.458536e-08
173535000	2.619442e-08
173540000	7.041470e-08
173545000	3.541455e-08
173550000	0.000000e+00
173555000	0.000000e+00
173560000	8.347155e-08
173565000	0.000000e+00
173570000	6.554970e-08
173575000	7.513513e-08
173580000	4.771048e-08
173585000	3.027161e-08
173590000	1.336164e-08
173595000	1.249348e-07
173600000	8.735367e-08
173605000	0.000000e+00
173610000	7.734762e-08
173615000	2.663414e-08
173620000	3.410258e-08
173625000	1.765159e-07
173630000	4.932060e-08
173635000	1.075041e-07
173640000	9.730466e-08
173645000	5.035703e-08
173650000	7.399326e-08
173655000	7.363179e-08
173660000	8.838159e-08
173665000	5.734119e-08
173670000	0.000000e+00
173675000	1.513977e-07
173680000	1.463013e-08
173685000	3.587920e-08
173690000	6.241701e-08
173695000	9.083814e-08
173700000	2.756670e-08
173705000	3.008516e-08
173710000	6.367697e-08
173715000	3.824739e-08
173720000	1.369252e-08
173725000	1.489719e-08
173730000	8.763176e-08
173735000	3.758555e-08
173740000	8.604319e-08
173745000	1.353592e-08
173750000	3.946019e-08
173755000	9.812135e-08
173760000	4.176043e-08
173765000	6.489337e-08
173770000	9.490110e-08
173775000	1.934154e-08
173780000	6.089897e-08
173785000	1.508973e-08
173790000	3.831715e-08
173795000	8.106290e-08
173800000	5.361068e-08
173805000	0.000000e+00
173810000	1.343822e-07
173815000	1.217701e-07
173820000	3.839702e-08
173825000	8.138357e-08
173830000	2.708318e-08
173835000	3.018258e-08
173840000	3.075009e-08
173845000	3.486899e-08
173850000	5.093021e-08
173855000	1.559304e-08
173860000	8.900559e-09
173865000	5.069735e-08
173870000	3.406729e-08
173875000	3.597232e-08
173880000	8.410719e-08
173885000	3.009335e-08
173890000	0.000000e+00
173895000	9.712852e-08
173900000	2.400267e-08
173905000	5.070717e-08
173910000	3.339959e-08
173915000	4.786331e-08
173920000	7.279128e-08
173925000	1.078847e-08
173930000	1.605874e-07
173935000	0.000000e+00
173940000	1.387139e-07
173945000	4.324437e-08
173950000	3.005114e-08
173955000	2.496929e-08
173960000	6.089734e-08
173965000	6.308004e-08
173970000	0.000000e+00
173975000	2.018426e-08
173980000	4.742898e-08
173985000	4.231850e-08
173990000	8.530564e-08
173995000	5.413284e-08
174000000	8.237565e-08
174005000	2.316318e-08
174010000	2.302633e-08
174015000	9.484542e-08
174020000	4.198550e-08
174025000	3.005226e-08
174030000	6.543944e-08
174035000	1.063163e-08
174040000	2.980325e-08
174045000	3.582801e-08
174050000	5.354660e-08
174055000	1.253378e-08
174060000	3.098124e-08
174065000	1.105964e-07
174070000	5.391022e-08
174075000	1.619815e-08
174080000	2.090398e-08
174085000	3.201927e-08
174090000	1.551060e-07
174095000	4.228148e-08
174100000	0.000000e+00
174105000	6.006824e-08
174110000	1.986788e-08
174115000	9.922358e-09
174120000	5.006856e-08
174125000	4.217544e-08
174130000	1.074784e-08
174135000	2.583856e-08
174140000	1.438465e-08
174145000	7.789635e-08
174150000	8.194229e-08
174155000	2.360886e-08
174160000	5.748753e-08
174165000	1.228135e-08
174170000	6.721698e-08
174175000	1.487058e-08
174180000	6.803573e-08
174185000	4.850589e-08
174190000	3.379172e-08
174195000	0.000000e+00
174200000	0.000000e+00
174205000	7.240489e-08
174210000	6.405911e-08
174215000	4.971650e-08
174220000	6.671311e-08
174225000	3.324066e-08
174230000	0.000000e+00
174235000	1.023292e-08
174240000	0.000000e+00
174245000	1.313186e-08
174250000	3.086983e-08
174255000	2.131083e-08
174260000	5.014023e-08
174265000	0.000000e+00
174270000	1.961116e-08
174275000	4.637478e-08
174280000	1.139788e-08
174285000	1.031083e-07
174290000	6.966134e-08
174295000	4.322540e-08
174300000	1.400454e-08
174305000	2.528944e-08
174310000	2.010746e-08
174315000	1.244595e-07
174320000	6.121227e-08
174325000	5.859244e-08
174330000	8.004590e-09
174335000	1.776660e-08
174340000	5.257371e-08
174345000	2.629270e-08
174350000	5.269633e-08
174355000	6.308070e-09
174360000	5.226493e-08
174365000	4.564864e-08
174370000	4.347620e-08
174375000	0.000000e+00
174380000	6.144075e-08
174385000	5.055765e-08
174390000	1.602412e-08
174395000	7.997973e-08
174400000	1.510869e-08
174405000	2.361722e-08
174410000	2.943505e-08
174415000	2.280701e-08
174420000	5.785384e-08
174425000	1.940289e-07
174430000	3.808886e-08
174435000	5.120558e-08
174440000	4.826231e-08
174445000	6.057015e-08
174450000	8.773802e-08
174455000	1.519522e-08
174460000	6.388194e-08
174465000	8.061907e-08
174470000	0.000000e+00
174475000	4.650060e-08
174480000	5.894277e-08
174485000	7.345013e-08
174490000	2.062757e-08
174495000	7.668291e-08
174500000	2.999618e-08
174505000	3.504337e-08
174510000	2.811502e-08
174515000	1.621372e-08
174520000	1.825019e-08
174525000	2.540399e-08
174530000	5.742383e-08
174535000	4.387375e-08
174540000	7.268921e-09
174545000	7.978556e-08
174550000	5.810291e-08
174555000	9.909692e-09
174560000	2.117576e-08
174565000	7.502602e-08
174570000	6.550599e-08
174575000	6.777500e-08
174580000	4.611179e-08
174585000	4.141287e-08
174590000	1.250539e-08
174595000	2.597341e-08
174600000	2.896809e-08
174605000	0.000000e+00
174610000	2.872996e-08
174615000	1.471509e-08
174620000	7.820443e-08
174625000	2.334293e-08
174630000	4.105330e-08
174635000	2.248099e-08
174640000	7.665275e-08
174645000	3.169810e-08
174650000	1.170801e-08
174655000	4.376983e-08
174660000	1.007272e-07
174665000	1.755912e-07
174670000	6.490130e-08
174675000	8.538724e-08
174680000	5.463901e-08
174685000	6.123110e-08
174690000	1.076736e-07
174695000	8.634566e-08
174700000	7.130700e-08
174705000	1.002080e-07
174710000	7.691687e-08
174715000	1.421113e-07
174720000	9.446419e-08
174725000	0.000000e+00
174730000	5.029242e-08
174735000	3.027440e-08
174740000	8.138938e-08
174745000	3.067160e-08
174750000	5.691083e-08
174755000	9.603647e-08
174760000	4.188568e-08
174765000	3.090371e-08
174770000	2.775884e-08
174775000	9.053180e-08
174780000	3.212516e-08
174785000	1.503661e-08
174790000	1.346748e-07
174795000	7.787482e-08
174800000	1.246524e-07
174805000	0.000000e+00
174810000	8.849320e-08
174815000	8.846154e-09
174820000	4.159787e-08
174825000	5.833572e-08
174830000	3.195478e-08
174835000	7.663142e-08
174840000	8.010270e-08
174845000	4.012772e-08
174850000	0.000000e+00
174855000	6.582983e-08
174860000	9.249796e-08
174865000	4.975100e-08
174870000	8.228837e-09
174875000	3.574789e-08
174880000	1.883942e-08
174885000	2.932856e-08
174890000	1.986824e-08
174895000	2.381686e-08
174900000	1.178728e-07
174905000	1.190755e-07
174910000	0.000000e+00
174915000	8.104435e-08
174920000	1.947549e-08
174925000	0.000000e+00
174930000	0.000000e+00
174935000	8.030367e-09
174940000	0.000000e+00
174945000	2.344606e-08
174950000	9.291291e-08
174955000	6.992821e-08
174960000	4.126699e-08
174965000	4.063585e-08
174970000	2.910974e-08
174975000	5.129780e-08
174980000	2.732487e-08
174985000	1.261378e-07
174990000	1.054578e-07
174995000	5.387950e-08
175000000	1.443232e-07
175005000	1.182585e-08
175010000	3.369540e-08
175015000	2.664476e-08
175020000	0.000000e+00
175025000	4.447320e-08
175030000	9.677690e-09
175035000	0.000000e+00
175040000	6.546648e-08
175045000	1.432277e-08
175050000	4.122562e-08
175055000	2.604019e-08
175060000	1.945098e-08
175065000	5.527074e-08
175070000	1.600512e-08
175075000	2.111418e-08
175080000	0.000000e+00
175085000	8.368861e-08
175090000	1.165666e-07
175095000	1.907136e-08
175100000	4.810061e-08
175105000	3.627600e-08
175110000	7.496701e-08
175115000	2.590641e-08
175120000	2.478270e-08
175125000	6.023595e-08
175130000	4.259593e-08
175135000	2.533354e-08
175140000	1.426119e-07
175145000	5.295147e-08
175150000	6.662128e-08
175155000	2.261053e-08
175160000	9.705189e-08
175165000	1.049744e-07
175170000	1.355382e-08
175175000	4.358642e-08
175180000	9.855158e-08
175185000	5.326365e-08
175190000	8.830575e-08
175195000	6.269512e-08
175200000	1.526949e-07
175205000	3.992475e-08
175210000	1.239070e-07
175215000	5.134118e-08
175220000	5.746732e-08
175225000	8.458590e-08
175230000	7.867465e-08
175235000	1.841233e-08
175240000	5.745170e-08
175245000	8.458967e-08
175250000	1.719589e-07
175255000	9.756639e-09
175260000	2.612035e-08
175265000	7.252845e-08
175270000	5.206752e-08
175275000	2.041653e-08
175280000	1.043280e-07
175285000	5.979018e-08
175290000	4.562929e-08
175295000	7.538003e-08
175300000	4.234910e-08
175305000	7.515526e-08
175310000	1.279143e-07
175315000	1.993239e-08
175320000	3.396908e-08
175325000	4.201904e-08
175330000	5.766198e-08
175335000	7.481197e-08
175340000	3.017966e-08
175345000	6.847811e-08
175350000	6.095870e-08
175355000	3.581924e-08
175360000	3.370256e-08
175365000	0.000000e+00
175370000	1.260049e-07
175375000	1.135942e-08
175380000	9.822981e-08
175385000	2.793238e-08
175390000	4.770454e-08
175395000	2.265462e-08
175400000	1.756447e-08
175405000	2.095815e-08
175410000	3.898466e-08
175415000	2.625715e-08
175420000	2.345164e-08
175425000	7.936903e-08
175430000	3.422696e-08
175435000	0.000000e+00
175440000	1.063198e-08
175445000	0.000000e+00
175450000	5.749241e-08
175455000	7.482939e-08
175460000	5.731180e-08
175465000	9.647732e-08
175470000	7.319101e-08
175475000	0.000000e+00
175480000	1.093253e-07
175485000	4.386439e-08
175490000	6.760877e-08
175495000	1.494019e-08
175500000	5.955569e-08
175505000	9.979258e-08
175510000	1.516179e-07
175515000	1.238177e-07
175520000	3.379875e-08
175525000	6.043103e-08
175530000	5.154590e-08
175535000	9.521089e-08
175540000	2.870617e-08
175545000	3.445162e-08
175550000	2.856052e-08
175555000	1.099145e-08
175560000	2.868780e-08
175565000	4.442752e-08
175570000	3.422525e-08
175575000	1.521099e-08
175580000	0.000000e+00
175585000	4.519142e-08
175590000	7.560603e-08
175595000	5.756327e-08
175600000	9.348551e-08
175605000	4.774532e-08
175610000	0.000000e+00
175615000	4.699195e-08
175620000	3.425570e-08
175625000	9.634066e-08
175630000	1.121113e-08
175635000	5.174207e-08
175640000	8.429644e-08
175645000	1.884426e-08
175650000	6.850840e-08
175655000	2.797410e-08
175660000	3.497669e-08
175665000	1.298377e-08
175670000	5.105307e-08
175675000	4.128484e-08
175680000	6.941085e-08
175685000	4.499265e-08
175690000	1.959868e-08
175695000	2.607242e-08
175700000	1.245323e-07
175705000	6.443000e-08
175710000	1.616967e-08
175715000	3.676826e-08
175720000	2.227693e-08
175725000	2.736490e-08
175730000	6.272208e-08
175735000	2.550693e-08
175740000	8.782611e-08
175745000	8.741877e-09
175750000	7.021807e-08
175755000	6.417614e-08
175760000	5.369450e-09
175765000	1.011951e-08
175770000	7.238527e-08
175775000	7.667068e-08
175780000	3.447515e-08
175785000	1.338661e-08
175790000	2.685689e-08
175795000	0.000000e+00
175800000	6.467239e-08
175805000	3.893011e-08
175810000	4.978545e-08
175815000	3.112152e-08
175820000	8.073206e-09
175825000	7.897783e-08
175830000	8.567101e-09
175835000	9.644577e-09
175840000	1.124788e-07
175845000	2.247440e-08
175850000	8.769804e-08
175855000	1.087301e-07
175860000	1.216017e-07
175865000	5.257719e-08
175870000	1.268778e-08
175875000	1.811835e-08
175880000	6.234803e-08
175885000	4.655225e-08
175890000	6.175459e-08
175895000	6.591504e-08
175900000	8.520997e-08
175905000	3.596481e-08
175910000	5.113180e-08
175915000	9.758627e-09
175920000	3.335949e-08
175925000	5.144613e-08
175930000	7.900840e-08
175935000	9.377733e-08
175940000	3.408220e-08
175945000	3.185816e-08
175950000	3.242168e-08
175955000	8.035097e-08
175960000	9.393700e-08
175965000	7.903336e-09
175970000	1.431706e-08
175975000	0.000000e+00
175980000	0.000000e+00
175985000	6.161608e-08
175990000	3.596425e-08
175995000	5.705952e-08
176000000	0.000000e+00
176005000	1.308289e-07
176010000	4.268163e-08
176015000	3.324693e-08
176020000	6.931770e-08
176025000	3.884644e-08
176030000	1.163574e-07
176035000	1.049501e-07
176040000	3.990100e-08
176045000	5.305427e-08
176050000	1.710455e-08
176055000	5.726824e-08
176060000	5.271905e-08
176065000	5.641534e-08
176070000	5.549528e-08
176075000	8.666940e-08
176080000	1.747360e-08
176085000	5.311580e-08
176090000	5.124026e-08
176095000	2.162730e-08
176100000	5.173231e-08
176105000	1.370256e-07
176110000	1.033630e-07
176115000	3.096571e-08
176120000	8.371078e-08
176125000	8.143101e-08
176130000	1.670908e-08
176135000	2.596817e-08
176140000	1.270254e-07
176145000	3.147760e-08
176150000	1.794789e-08
176155000	4.636538e-08
176160000	1.230441e-08
176165000	1.020304e-07
176170000	4.617339e-08
176175000	9.426414e-08
176180000	2.722127e-08
176185000	3.503221e-08
176190000	6.460635e-08
176195000	3.319988e-08
176200000	1.004880e-07
176205000	2.374149e-08
176210000	6.837096e-08
176215000	3.060044e-08
176220000	9.792008e-08
176225000	3.641955e-08
176230000	7.609933e-08
176235000	4.071138e-08
176240000	2.760395e-08
176245000	1.065167e-08
176250000	2.618153e-08
176255000	3.123160e-08
176260000	5.940774e-08
176265000	0.000000e+00
176270000	5.669704e-09
176275000	1.374901e-08
176280000	1.162468e-07
176285000	1.601983e-08
176290000	3.062756e-08
176295000	6.420530e-08
176300000	0.000000e+00
176305000	2.407283e-08
176310000	2.128130e-08
176315000	3.466174e-08
176320000	8.206007e-08
176325000	5.777414e-08
176330000	1.818353e-08
176335000	4.264071e-08
176340000	1.171379e-08
176345000	2.209354e-08
176350000	1.638969e-08
176355000	8.567532e-08
176360000	1.007581e-07
176365000	1.560758e-08
176370000	8.030767e-08
176375000	6.557318e-08
176380000	5.590762e-08
176385000	5.153625e-08
176390000	6.306080e-08
176395000	1.609024e-08
176400000	1.093057e-08
176405000	7.624922e-08
176410000	8.604072e-08
176415000	2.969812e-08
176420000	8.804935e-08
176425000	2.208576e-08
176430000	0.000000e+00
176435000	7.923454e-08
176440000	6.770252e-08
176445000	1.159736e-07
176450000	6.766693e-08
176455000	8.287496e-08
176460000	1.894970e-08
176465000	0.000000e+00
176470000	2.072552e-08
176475000	4.636733e-08
176480000	1.812068e-08
176485000	7.587483e-08
176490000	1.595274e-08
176495000	4.904448e-08
176500000	4.715619e-08
176505000	3.587635e-08
176510000	0.000000e+00
176515000	5.443722e-08
176520000	9.071165e-08
176525000	0.000000e+00
176530000	1.754254e-08
176535000	1.555629e-08
176540000	5.270602e-08
176545000	5.076279e-08
176550000	4.093198e-08
176555000	2.880950e-08
176560000	4.309877e-08
176565000	1.113202e-08
176570000	4.492860e-08
176575000	4.641840e-08
176580000	2.798591e-08
176585000	2.735431e-08
176590000	0.000000e+00
176595000	1.002682e-07
176600000	2.628311e-08
176605000	3.503090e-08
176610000	4.408643e-08
176615000	7.552501e-08
176620000	2.026149e-08
176625000	0.000000e+00
176630000	4.336565e-08
176635000	0.000000e+00
176640000	2.264231e-08
176645000	5.767247e-08
176650000	1.904113e-08
176655000	4.579969e-08
176660000	2.546396e-08
176665000	5.427963e-08
176670000	1.396624e-07
176675000	1.295434e-08
176680000	0.000000e+00
176685000	0.000000e+00
176690000	0.000000e+00
176695000	3.463250e-08
176700000	6.432244e-08
176705000	3.109169e-08
176710000	5.068481e-08
176715000	4.809744e-08
176720000	9.109821e-08
176725000	6.158364e-08
176730000	9.746929e-08
176735000	4.875303e-08
176740000	7.007543e-08
176745000	2.509452e-08
176750000	2.271494e-08
176755000	2.857987e-08
176760000	4.334078e-08
176765000	2.542752e-08
176770000	1.119809e-08
176775000	9.862931e-08
176780000	9.286077e-08
176785000	1.089529e-07
176790000	4.978405e-08
176795000	0.000000e+00
176800000	3.734855e-08
176805000	3.460524e-08
176810000	8.137125e-08
176815000	2.576446e-08
176820000	3.650864e-08
176825000	0.000000e+00
176830000	5.415832e-08
176835000	4.871433e-08
176840000	3.828206e-08
176845000	2.857042e-08
176850000	6.024252e-08
176855000	0.000000e+00
176860000	4.277100e-08
176865000	2.542916e-08
176870000	1.237904e-08
176875000	2.652921e-08
176880000	2.878639e-08
176885000	2.126915e-08
176890000	1.581542e-08
176895000	3.572766e-08
176900000	1.162346e-08
176905000	1.269086e-07
176910000	1.540311e-08
176915000	0.000000e+00
176920000	2.543612e-08
176925000	0.000000e+00
176930000	4.465224e-08
176935000	4.219103e-08
176940000	8.090964e-09
176945000	7.497866e-08
176950000	0.000000e+00
176955000	0.000000e+00
176960000	1.264383e-08
176965000	3.302690e-08
176970000	5.072100e-08
176975000	3.840522e-08
176980000	5.417929e-08
176985000	1.494157e-08
176990000	1.240521e-08
176995000	3.949642e-08
177000000	2.011931e-08
177005000	1.277072e-08
177010000	0.000000e+00
177015000	1.580629e-08
177020000	7.959864e-08
177025000	1.526257e-08
177030000	4.640638e-08
177035000	7.221452e-08
177040000	8.927440e-08
177045000	0.000000e+00
177050000	2.530838e-08
177055000	2.872791e-08
177060000	0.000000e+00
177065000	4.705088e-08
177070000	7.470785e-08
177075000	1.536890e-08
177080000	4.872883e-08
177085000	2.038265e-08
177090000	7.915419e-09
177095000	1.333485e-07
177100000	1.828173e-08
177105000	1.017652e-07
177110000	5.549543e-08
177115000	3.379631e-08
177120000	3.409250e-08
177125000	8.391059e-08
177130000	2.363385e-08
177135000	5.478180e-08
177140000	3.897700e-08
177145000	6.563436e-08
177150000	7.219455e-08
177155000	4.847262e-08
177160000	1.791678e-08
177165000	9.133951e-08
177170000	3.306887e-08
177175000	4.168868e-08
177180000	2.030207e-08
177185000	0.000000e+00
177190000	4.867765e-08
177195000	4.906107e-08
177200000	6.610070e-08
177205000	6.178475e-08
177210000	5.645693e-08
177215000	1.083938e-08
177220000	1.011312e-08
177225000	9.020579e-09
177230000	5.327817e-08
177235000	4.010477e-08
177240000	4.624968e-08
177245000	3.648310e-08
177250000	6.427480e-08
177255000	1.871510e-08
177260000	3.661302e-08
177265000	2.892133e-08
177270000	1.195993e-08
177275000	0.000000e+00
177280000	0.000000e+00
177285000	9.070811e-08
177290000	7.151475e-08
177295000	0.000000e+00
177300000	6.116593e-08
177305000	2.064533e-08
177310000	1.337654e-08
177315000	7.183294e-08
177320000	0.000000e+00
177325000	1.205917e-08
177330000	1.873315e-08
177335000	4.132361e-08
177340000	1.362216e-07
177345000	9.348285e-09
177350000	1.758086e-08
177355000	2.343943e-08
177360000	4.593743e-08
177365000	5.766944e-08
177370000	0.000000e+00
177375000	1.028991e-07
177380000	1.479536e-07
177385000	0.000000e+00
177390000	0.000000e+00
177395000	7.093428e-08
177400000	1.481433e-08
177405000	0.000000e+00
177410000	0.000000e+00
177415000	0.000000e+00
177420000	0.000000e+00
177425000	3.332228e-08
177430000	2.288332e-08
177435000	0.000000e+00
177440000	0.000000e+00
177445000	0.000000e+00
177450000	0.000000e+00
177455000	9.413895e-08
177460000	2.017550e-08
177465000	1.026445e-08
177470000	5.178438e-08
177475000	0.000000e+00
177480000	0.000000e+00
177485000	0.000000e+00
177490000	0.000000e+00
177495000	0.000000e+00
177500000	2.064943e-08
177505000	1.043048e-08
177510000	4.609985e-08
177515000	0.000000e+00
177520000	4.741069e-08
177525000	0.000000e+00
177530000	4.267155e-08
177535000	8.999730e-08
177540000	2.115200e-08
177545000	4.743246e-08
177550000	1.382978e-08
177555000	8.294030e-09
177560000	1.280545e-08
177565000	4.332150e-08
177570000	6.002598e-08
177575000	6.967303e-08
177580000	9.767916e-09
177585000	0.000000e+00
177590000	0.000000e+00
177595000	8.550256e-08
177600000	0.000000e+00
177605000	0.000000e+00
177610000	3.845247e-08
177615000	7.573505e-08
177620000	0.000000e+00
177625000	3.717786e-08
177630000	6.379524e-08
177635000	0.000000e+00
177640000	2.190664e-08
177645000	1.171715e-08
177650000	2.795765e-08
177655000	6.699193e-08
177660000	6.175915e-08
177665000	4.243504e-08
177670000	2.294104e-08
177675000	4.327390e-08
177680000	4.547010e-08
177685000	0.000000e+00
177690000	2.836105e-08
177695000	1.492346e-08
177700000	3.580018e-08
177705000	9.712438e-09
177710000	4.253255e-08
177715000	5.371697e-08
177720000	1.874605e-08
177725000	0.000000e+00
177730000	4.315794e-08
177735000	6.244484e-08
177740000	4.559555e-08
177745000	6.622983e-08
177750000	3.016536e-08
177755000	2.291767e-08
177760000	3.336858e-08
177765000	1.206330e-07
177770000	2.380378e-08
177775000	1.535063e-08
177780000	5.075555e-08
177785000	6.973889e-08
177790000	0.000000e+00
177795000	2.675145e-08
177800000	0.000000e+00
177805000	3.503345e-08
177810000	1.825019e-08
177815000	0.000000e+00
177820000	2.579087e-08
177825000	5.602954e-08
177830000	2.607389e-08
177835000	4.745145e-08
177840000	1.200756e-08
177845000	1.111991e-08
177850000	3.728463e-08
177855000	0.000000e+00
177860000	1.834312e-08
177865000	2.184025e-08
177870000	3.143798e-08
177875000	5.868425e-08
177880000	3.474079e-08
177885000	2.528337e-08
177890000	3.516292e-08
177895000	0.000000e+00
177900000	0.000000e+00
177905000	2.927780e-08
177910000	9.493881e-08
177915000	4.257422e-08
177920000	1.336232e-08
177925000	3.845541e-08
177930000	4.673566e-08
177935000	0.000000e+00
177940000	3.080332e-08
177945000	5.623262e-08
177950000	4.584228e-08
177955000	2.048428e-08
177960000	2.824371e-08
177965000	0.000000e+00
177970000	0.000000e+00
177975000	2.339849e-08
177980000	1.146278e-08
177985000	9.601724e-09
177990000	1.658507e-08
177995000	0.000000e+00
178000000	2.618789e-08
178005000	3.331651e-08
178010000	3.893370e-08
178015000	1.576924e-08
178020000	3.837464e-08
178025000	3.877470e-08
178030000	0.000000e+00
178035000	1.305720e-08
178040000	3.333957e-08
178045000	1.083720e-07
178050000	0.000000e+00
178055000	4.649610e-08
178060000	4.275437e-08
178065000	0.000000e+00
178070000	1.026676e-08
178075000	8.242275e-09
178080000	3.905657e-08
178085000	6.296022e-08
178090000	5.611080e-08
178095000	2.249903e-08
178100000	5.972053e-08
178105000	1.654799e-08
178110000	1.640778e-08
178115000	1.765728e-08
178120000	0.000000e+00
178125000	1.014871e-08
178130000	2.692762e-08
178135000	1.129531e-08
178140000	1.276534e-08
178145000	2.930755e-08
178150000	0.000000e+00
178155000	1.701006e-08
178160000	5.022701e-08
178165000	8.640528e-08
178170000	7.183640e-08
178175000	9.077488e-08
178180000	0.000000e+00
178185000	3.988045e-08
178190000	1.255655e-08
178195000	5.833683e-08
178200000	2.566352e-08
178205000	1.199085e-08
178210000	1.227318e-08
178215000	4.329749e-08
178220000	0.000000e+00
178225000	0.000000e+00
178230000	0.000000e+00
178235000	3.829741e-08
178240000	0.000000e+00
178245000	0.000000e+00
178250000	5.441776e-08
178255000	1.856775e-08
178260000	9.310884e-08
178265000	8.659835e-08
178270000	2.181570e-08
178275000	4.981971e-08
178280000	6.829331e-08
178285000	4.212412e-08
178290000	2.053931e-08
178295000	0.000000e+00
178300000	2.724878e-08
178305000	3.017781e-08
178310000	7.117530e-08
178315000	1.200586e-08
178320000	0.000000e+00
178325000	1.194738e-08
178330000	2.237208e-08
178335000	3.182128e-08
178340000	2.215282e-08
178345000	7.917654e-09
178350000	3.084640e-08
178355000	0.000000e+00
178360000	4.257000e-08
178365000	6.203416e-08
178370000	1.263540e-08
178375000	2.415239e-08
178380000	0.000000e+00
178385000	3.519122e-08
178390000	1.063700e-08
178395000	4.948556e-08
178400000	1.184017e-08
178405000	2.769665e-08
178410000	0.000000e+00
178415000	0.000000e+00
178420000	0.000000e+00
178425000	0.000000e+00
178430000	4.774013e-08
178435000	0.000000e+00
178440000	3.918678e-08
178445000	2.636778e-08
178450000	2.295340e-08
178455000	1.039380e-08
178460000	1.569129e-08
178465000	0.000000e+00
178470000	1.252495e-07
178475000	0.000000e+00
178480000	8.036732e-09
178485000	5.542379e-08
178490000	8.063835e-08
178495000	5.753654e-08
178500000	1.023605e-08
178505000	3.526394e-08
178510000	6.893144e-08
178515000	1.411394e-08
178520000	1.389375e-08
178525000	1.057143e-08
178530000	0.000000e+00
178535000	2.936289e-08
178540000	2.833357e-08
178545000	0.000000e+00
178550000	3.121022e-08
178555000	0.000000e+00
178560000	5.969260e-08
178565000	0.000000e+00
178570000	0.000000e+00
178575000	3.837878e-08
178580000	0.000000e+00
178585000	9.183403e-09
178590000	3.692519e-08
178595000	4.494626e-08
178600000	5.953154e-08
178605000	2.295207e-08
178610000	0.000000e+00
178615000	0.000000e+00
178620000	1.670297e-08
178625000	4.861114e-08
178630000	1.736429e-08
178635000	1.787021e-08
178640000	0.000000e+00
178645000	0.000000e+00
178650000	5.154811e-08
178655000	1.190449e-08
178660000	5.475610e-08
178665000	5.414979e-08
178670000	2.334037e-08
178675000	5.131244e-08
178680000	9.299439e-08
178685000	1.536625e-08
178690000	0.000000e+00
178695000	0.000000e+00
178700000	0.000000e+00
178705000	1.189390e-08
178710000	8.448357e-09
178715000	4.250580e-08
178720000	2.201692e-08
178725000	3.307575e-08
178730000	4.105910e-08
178735000	0.000000e+00
178740000	3.637815e-08
178745000	1.744268e-08
178750000	6.348553e-08
178755000	0.000000e+00
178760000	0.000000e+00
178765000	5.993032e-08
178770000	3.303882e-08
178775000	1.037764e-07
178780000	1.559890e-08
178785000	0.000000e+00
178790000	9.009162e-09
178795000	3.390463e-08
178800000	3.251607e-08
178805000	1.590241e-08
178810000	0.000000e+00
178815000	2.431132e-08
178820000	1.115625e-08
178825000	3.233735e-08
178830000	0.000000e+00
178835000	0.000000e+00
178840000	0.000000e+00
178845000	8.593984e-08
178850000	1.387279e-08
178855000	0.000000e+00
178860000	0.000000e+00
178865000	5.402661e-08
178870000	0.000000e+00
178875000	0.000000e+00
178880000	3.200195e-08
178885000	0.000000e+00
178890000	0.000000e+00
178895000	1.150597e-08
178900000	4.975402e-08
178905000	0.000000e+00
178910000	4.570971e-08
178915000	2.680096e-08
178920000	4.350532e-08
178925000	0.000000e+00
178930000	8.198824e-08
178935000	3.229388e-08
178940000	0.000000e+00
178945000	4.595832e-08
178950000	3.770647e-08
178955000	0.000000e+00
178960000	2.363012e-08
178965000	2.139029e-08
178970000	1.719937e-08
178975000	1.766317e-08
178980000	4.433039e-08
178985000	1.299766e-08
178990000	7.631553e-09
178995000	0.000000e+00
179000000	0.000000e+00
179005000	0.000000e+00
179010000	1.614838e-08
179015000	0.000000e+00
179020000	3.225010e-08
179025000	0.000000e+00
179030000	2.427940e-08
179035000	0.000000e+00
179040000	1.048417e-08
179045000	1.331086e-08
179050000	3.137430e-08
179055000	0.000000e+00
179060000	0.000000e+00
179065000	1.813911e-08
179070000	0.000000e+00
179075000	0.000000e+00
179080000	1.932891e-08
179085000	6.721751e-08
179090000	2.820100e-08
179095000	9.017480e-08
179100000	0.000000e+00
179105000	0.000000e+00
179110000	0.000000e+00
179115000	0.000000e+00
179120000	9.767351e-08
179125000	4.180890e-08
179130000	9.717740e-08
179135000	2.205105e-08
179140000	2.854613e-08
179145000	3.151924e-08
179150000	0.000000e+00
179155000	0.000000e+00
179160000	0.000000e+00
179165000	0.000000e+00
179170000	0.000000e+00
179175000	3.484210e-08
179180000	0.000000e+00
179185000	3.056407e-08
179190000	1.694963e-08
179195000	0.000000e+00
179200000	4.161647e-08
179205000	0.000000e+00
179210000	9.947046e-09
179215000	1.417321e-08
179220000	4.775705e-08
179225000	2.122786e-08
179230000	0.000000e+00
179235000	2.515942e-08
179240000	1.196401e-08
179245000	4.637373e-08
179250000	0.000000e+00
179255000	1.165351e-08
179260000	1.112173e-08
179265000	0.000000e+00
179270000	0.000000e+00
179275000	4.630637e-08
179280000	2.169687e-08
179285000	5.559451e-08
179290000	2.240292e-08
179295000	5.084856e-08
179300000	1.272891e-08
179305000	1.180986e-08
179310000	4.751187e-08
179315000	0.000000e+00
179320000	5.222701e-08
179325000	2.049311e-08
179330000	0.000000e+00
179335000	1.108575e-08
179340000	4.141545e-08
179345000	6.069037e-08
179350000	2.292157e-08
179355000	2.402497e-08
179360000	3.814659e-08
179365000	1.433568e-08
179370000	1.677225e-08
179375000	2.146385e-08
179380000	1.416594e-08
179385000	1.811830e-08
179390000	2.669354e-08
179395000	1.852413e-08
179400000	1.548998e-08
179405000	0.000000e+00
179410000	0.000000e+00
179415000	1.586463e-08
179420000	1.955868e-08
179425000	0.000000e+00
179430000	1.546889e-08
179435000	1.411674e-08
179440000	2.830610e-08
179445000	0.000000e+00
179450000	0.000000e+00
179455000	2.127237e-08
179460000	5.592049e-08
179465000	4.277959e-08
179470000	1.869647e-08
179475000	4.603035e-08
179480000	1.202687e-08
179485000	0.000000e+00
179490000	0.000000e+00
179495000	2.337709e-08
179500000	2.617607e-08
179505000	0.000000e+00
179510000	3.693163e-08
179515000	1.482135e-08
179520000	0.000000e+00
179525000	0.000000e+00
179530000	0.000000e+00
179535000	0.000000e+00
179540000	0.000000e+00
179545000	4.235793e-08
179550000	3.378689e-08
179555000	0.000000e+00
179560000	1.178504e-08
179565000	0.000000e+00
179570000	0.000000e+00
179575000	0.000000e+00
179580000	0.000000e+00
179585000	1.099305e-08
179590000	3.369135e-08
179595000	3.262121e-08
179600000	1.188461e-08
179605000	1.889927e-08
179610000	1.424915e-08
179615000	1.271872e-08
179620000	0.000000e+00
179625000	9.536483e-09
179630000	1.544079e-08
179635000	2.357820e-08
179640000	6.432833e-08
179645000	5.087302e-08
179650000	9.310850e-08
179655000	3.608607e-08
179660000	0.000000e+00
179665000	0.000000e+00
179670000	3.207225e-08
179675000	0.000000e+00
179680000	0.000000e+00
179685000	3.223778e-08
179690000	2.413023e-08
179695000	0.000000e+00
179700000	0.000000e+00
179705000	0.000000e+00
179710000	0.000000e+00
179715000	0.000000e+00
179720000	0.000000e+00
179725000	2.029660e-08
179730000	2.985245e-08
179735000	0.000000e+00
179740000	0.000000e+00
179745000	2.100692e-08
179750000	1.834960e-08
179755000	2.826134e-08
179760000	4.088732e-08
179765000	1.996601e-08
179770000	0.000000e+00
179775000	1.961534e-08
179780000	1.177267e-08
179785000	0.000000e+00
179790000	0.000000e+00
179795000	0.000000e+00
179800000	0.000000e+00
179805000	1.157668e-08
179810000	6.354753e-08
179815000	5.043090e-08
179820000	4.923667e-08
179825000	9.804059e-09
179830000	2.657625e-08
179835000	0.000000e+00
179840000	1.633837e-08
179845000	0.000000e+00
179850000	0.000000e+00
179855000	1.410516e-08
179860000	0.000000e+00
179865000	0.000000e+00
179870000	3.375736e-08
179875000	2.862523e-08
179880000	0.000000e+00
179885000	1.478100e-08
179890000	1.342297e-08
179895000	0.000000e+00
179900000	8.991609e-08
179905000	2.317076e-08
179910000	0.000000e+00
179915000	3.974432e-08
179920000	2.936948e-08
179925000	0.000000e+00
179930000	2.454502e-08
179935000	7.493157e-08
179940000	0.000000e+00
179945000	0.000000e+00
179950000	1.438743e-08
179955000	1.843180e-08
179960000	0.000000e+00
179965000	7.345515e-08
179970000	1.196479e-08
179975000	0.000000e+00
179980000	1.387878e-08
179985000	5.019454e-08
179990000	5.909918e-08
179995000	1.947000e-08
180000000	3.025822e-08
180005000	1.180292e-08
180010000	4.570173e-08
180015000	1.261102e-08
180020000	2.544047e-08
180025000	4.096557e-08
180030000	0.000000e+00
180035000	2.861383e-08
180040000	2.364323e-08
180045000	0.000000e+00
180050000	6.234547e-08
180055000	1.028542e-08
180060000	4.266203e-08
180065000	4.447770e-08
180070000	0.000000e+00
180075000	1.239940e-08
180080000	0.000000e+00
180085000	0.000000e+00
180090000	0.000000e+00
180095000	0.000000e+00
180100000	6.287402e-08
180105000	0.000000e+00
180110000	5.208288e-08
180115000	1.990209e-08
180120000	1.574884e-08
180125000	0.000000e+00
180130000	5.345021e-08
180135000	0.000000e+00
180140000	9.184225e-08
180145000	1.423463e-08
180150000	8.569630e-09
180155000	0.000000e+00
180160000	0.000000e+00
180165000	2.753098e-08
180170000	0.000000e+00
180175000	2.696696e-08
180180000	0.000000e+00
180185000	0.000000e+00
180190000	1.243479e-08
180195000	0.000000e+00
180200000	0.000000e+00
180205000	6.341387e-08
180210000	0.000000e+00
180215000	1.601355e-08
180220000	0.000000e+00
180225000	1.178088e-08
180230000	0.000000e+00
180235000	0.000000e+00
180240000	0.000000e+00
180245000	0.000000e+00
180250000	0.000000e+00
180255000	4.343515e-08
180260000	0.000000e+00
180265000	0.000000e+00
180270000	0.000000e+00
180275000	0.000000e+00
180280000	0.000000e+00
180285000	2.618747e-08
180290000	0.000000e+00
180295000	0.000000e+00
180300000	1.557263e-08
180305000	0.000000e+00
180310000	4.411618e-08
180315000	1.613789e-08
180320000	5.034181e-08
180325000	3.514709e-08
180330000	5.218632e-08
180335000	0.000000e+00
180340000	0.000000e+00
180345000	0.000000e+00
180350000	4.615222e-08
180355000	4.365399e-08
180360000	1.358760e-08
180365000	3.747448e-08
180370000	1.615904e-08
180375000	2.537380e-08
180380000	0.000000e+00
180385000	0.000000e+00
180390000	2.540030e-08
180395000	1.911017e-08
180400000	0.000000e+00
180405000	3.413966e-08
180410000	1.576689e-08
180415000	5.111988e-08
180420000	0.000000e+00
180425000	1.612580e-08
180430000	1.702577e-08
180435000	1.580839e-08
180440000	0.000000e+00
180445000	3.001679e-08
180450000	0.000000e+00
180455000	3.110758e-08
180460000	2.718681e-08
180465000	1.692518e-08
180470000	0.000000e+00
180475000	4.374344e-08
180480000	2.187359e-08
180485000	4.835584e-08
180490000	5.707507e-08
180495000	2.637546e-08
180500000	5.768696e-08
180505000	0.000000e+00
180510000	0.000000e+00
180515000	3.330434e-08
180520000	3.309410e-08
180525000	0.000000e+00
180530000	0.000000e+00
180535000	5.057500e-08
180540000	5.046699e-08
180545000	0.000000e+00
180550000	0.000000e+00
180555000	2.772215e-08
180560000	2.074597e-08
180565000	0.000000e+00
180570000	0.000000e+00
180575000	5.812298e-08
180580000	3.219945e-08
180585000	1.179067e-08
180590000	0.000000e+00
180595000	0.000000e+00
180600000	1.840644e-08
180605000	0.000000e+00
180610000	0.000000e+00
180615000	3.902844e-08
180620000	2.161896e-08
180625000	3.680563e-08
180630000	2.279192e-08
180635000	5.426578e-08
180640000	0.000000e+00
180645000	0.000000e+00
180650000	1.160820e-08
180655000	0.000000e+00
180660000	0.000000e+00
180665000	0.000000e+00
180670000	1.766045e-08
180675000	0.000000e+00
180680000	0.000000e+00
180685000	7.711242e-08
180690000	3.396730e-08
180695000	0.000000e+00
180700000	2.590641e-08
180705000	1.867125e-08
180710000	0.000000e+00
180715000	0.000000e+00
180720000	5.896296e-08
180725000	0.000000e+00
180730000	4.304358e-08
180735000	1.852282e-08
180740000	0.000000e+00
180745000	5.065718e-08
180750000	0.000000e+00
180755000	0.000000e+00
180760000	0.000000e+00
180765000	1.223571e-08
180770000	1.377487e-08
180775000	9.342310e-09
180780000	0.000000e+00
180785000	4.872014e-08
180790000	2.426974e-08
180795000	4.403596e-08
180800000	0.000000e+00
180805000	1.250196e-08
180810000	4.222027e-08
180815000	0.000000e+00
180820000	0.000000e+00
180825000	0.000000e+00
180830000	3.627119e-08
180835000	0.000000e+00
180840000	4.519526e-08
180845000	1.860766e-08
180850000	0.000000e+00
180855000	0.000000e+00
180860000	0.000000e+00
180865000	2.957393e-08
180870000	1.545326e-08
180875000	1.986289e-08
180880000	3.434362e-08
180885000	3.599991e-08
180890000	2.986372e-08
180895000	0.000000e+00
180900000	0.000000e+00
180905000	0.000000e+00
180910000	0.000000e+00
180915000	1.747083e-08
180920000	0.000000e+00
180925000	1.530679e-08
180930000	0.000000e+00
180935000	0.000000e+00
180940000	0.000000e+00
180945000	1.397416e-08
180950000	0.000000e+00
180955000	1.458081e-08
180960000	0.000000e+00
180965000	0.000000e+00
180970000	1.410196e-08
180975000	0.000000e+00
180980000	1.547657e-08
180985000	7.760789e-08
180990000	2.674315e-08
180995000	1.627040e-08
181000000	0.000000e+00
181005000	0.000000e+00
181010000	5.256137e-08
181015000	1.483866e-08
181020000	0.000000e+00
181025000	0.000000e+00
181030000	0.000000e+00
181035000	0.000000e+00
181040000	3.962953e-08
181045000	0.000000e+00
181050000	3.647549e-08
181055000	4.976793e-08
181060000	8.889262e-09
181065000	0.000000e+00
181070000	1.292905e-07
181075000	3.025250e-08
181080000	2.643951e-08
181085000	2.039971e-08
181090000	0.000000e+00
181095000	3.429042e-08
181100000	0.000000e+00
181105000	0.000000e+00
181110000	1.657703e-08
181115000	0.000000e+00
181120000	1.088226e-08
181125000	0.000000e+00
181130000	4.123778e-08
181135000	4.916034e-08
181140000	0.000000e+00
181145000	5.989178e-08
181150000	0.000000e+00
181155000	0.000000e+00
181160000	8.969687e-08
181165000	5.825229e-08
181170000	1.448063e-08
181175000	2.237680e-08
181180000	0.000000e+00
181185000	0.000000e+00
181190000	1.941926e-08
181195000	1.070558e-08
181200000	4.263976e-08
181205000	0.000000e+00
181210000	0.000000e+00
181215000	2.226322e-08
181220000	9.220608e-09
181225000	2.369405e-08
181230000	0.000000e+00
181235000	5.347960e-08
181240000	1.845451e-08
181245000	1.309338e-08
181250000	7.261130e-08
181255000	0.000000e+00
181260000	6.318576e-08
181265000	1.476984e-08
181270000	3.239303e-08
181275000	9.333612e-08
181280000	0.000000e+00
181285000	0.000000e+00
181290000	1.497161e-08
181295000	3.805982e-08
181300000	0.000000e+00
181305000	0.000000e+00
181310000	1.728582e-08
181315000	4.318264e-08
181320000	3.313219e-08
181325000	4.335116e-08
181330000	2.531208e-08
181335000	3.798559e-08
181340000	4.190460e-08
181345000	0.000000e+00
181350000	0.000000e+00
181355000	2.725223e-08
181360000	0.000000e+00
181365000	0.000000e+00
181370000	0.000000e+00
181375000	0.000000e+00
181380000	0.000000e+00
181385000	3.049700e-08
181390000	1.175299e-08
181395000	0.000000e+00
181400000	2.826735e-08
181405000	1.460217e-08
181410000	0.000000e+00
181415000	1.676323e-08
181420000	0.000000e+00
181425000	5.475911e-08
181430000	1.879201e-08
181435000	1.388336e-08
181440000	4.760082e-08
181445000	0.000000e+00
181450000	0.000000e+00
181455000	0.000000e+00
181460000	0.000000e+00
181465000	6.401244e-08
181470000	1.867242e-08
181475000	0.000000e+00
181480000	7.272353e-08
181485000	3.712976e-08
181490000	7.112034e-08
181495000	0.000000e+00
181500000	3.295185e-08
181505000	2.559364e-08
181510000	4.273152e-08
181515000	2.192686e-08
181520000	5.384351e-08
181525000	1.462159e-08
181530000	0.000000e+00
181535000	3.895957e-08
181540000	0.000000e+00
181545000	2.996917e-08
181550000	3.210723e-08
181555000	0.000000e+00
181560000	0.000000e+00
181565000	1.397882e-08
181570000	0.000000e+00
181575000	1.944285e-08
181580000	0.000000e+00
181585000	0.000000e+00
181590000	1.161891e-08
181595000	3.402195e-08
181600000	5.531816e-08
181605000	0.000000e+00
181610000	0.000000e+00
181615000	1.866667e-08
181620000	0.000000e+00
181625000	4.910183e-08
181630000	3.384806e-08
181635000	0.000000e+00
181640000	0.000000e+00
181645000	4.640568e-08
181650000	2.063246e-08
181655000	1.876926e-08
181660000	5.829846e-08
181665000	5.403840e-08
181670000	0.000000e+00
181675000	3.480677e-08
181680000	0.000000e+00
181685000	0.000000e+00
181690000	2.842271e-08
181695000	2.095736e-08
181700000	1.215463e-08
181705000	0.000000e+00
181710000	1.134185e-08
181715000	0.000000e+00
181720000	4.709959e-08
181725000	1.065477e-08
181730000	1.838733e-08
181735000	1.065305e-08
181740000	3.008351e-08
181745000	4.707933e-08
181750000	0.000000e+00
181755000	1.728953e-08
181760000	2.068114e-08
181765000	4.399753e-08
181770000	0.000000e+00
181775000	3.940985e-08
181780000	1.759377e-08
181785000	6.021668e-08
181790000	3.566249e-08
181795000	3.825518e-08
181800000	5.137952e-08
181805000	0.000000e+00
181810000	0.000000e+00
181815000	1.012754e-08
181820000	0.000000e+00
181825000	0.000000e+00
181830000	5.815685e-08
181835000	1.178094e-08
181840000	0.000000e+00
181845000	0.000000e+00
181850000	1.726782e-08
181855000	1.863192e-08
181860000	3.985252e-08
181865000	3.469225e-08
181870000	2.070335e-08
181875000	1.541158e-08
181880000	1.666950e-08
181885000	0.000000e+00
181890000	0.000000e+00
181895000	0.000000e+00
181900000	0.000000e+00
181905000	0.000000e+00
181910000	0.000000e+00
181915000	0.000000e+00
181920000	4.795170e-08
181925000	1.055384e-08
181930000	5.854459e-08
181935000	0.000000e+00
181940000	6.407865e-08
181945000	1.095960e-08
181950000	0.000000e+00
181955000	0.000000e+00
181960000	2.443905e-08
181965000	5.636131e-08
181970000	3.356179e-08
181975000	0.000000e+00
181980000	5.610927e-08
181985000	0.000000e+00
181990000	4.910580e-08
181995000	2.345523e-08
182000000	1.573309e-08
182005000	1.337233e-08
182010000	0.000000e+00
182015000	1.658309e-08
182020000	1.216942e-08
182025000	0.000000e+00
182030000	4.680625e-08
182035000	2.250719e-08
182040000	3.203252e-08
182045000	0.000000e+00
182050000	0.000000e+00
182055000	5.297178e-08
182060000	1.720905e-08
182065000	0.000000e+00
182070000	0.000000e+00
182075000	1.036440e-08
182080000	2.324994e-08
182085000	1.662796e-08
182090000	0.000000e+00
182095000	0.000000e+00
182100000	0.000000e+00
182105000	0.000000e+00
182110000	3.338840e-08
182115000	0.000000e+00
182120000	0.000000e+00
182125000	0.000000e+00
182130000	2.029104e-08
182135000	1.773358e-08
182140000	1.967726e-08
182145000	0.000000e+00
182150000	0.000000e+00
182155000	5.266973e-08
182160000	0.000000e+00
182165000	0.000000e+00
182170000	0.000000e+00
182175000	0.000000e+00
182180000	0.000000e+00
182185000	0.000000e+00
182190000	2.141833e-08
182195000	0.000000e+00
182200000	5.621752e-08
182205000	0.000000e+00
182210000	4.176303e-08
182215000	1.111508e-08
182220000	0.000000e+00
182225000	0.000000e+00
182230000	0.000000e+00
182235000	1.886172e-08
182240000	0.000000e+00
182245000	0.000000e+00
182250000	3.321324e-08
182255000	0.000000e+00
182260000	0.000000e+00
182265000	9.687104e-08
182270000	4.769532e-08
182275000	0.000000e+00
182280000	6.437978e-09
182285000	1.932554e-08
182290000	3.289111e-08
182295000	0.000000e+00
182300000	0.000000e+00
182305000	0.000000e+00
182310000	0.000000e+00
182315000	2.515205e-08
182320000	0.000000e+00
182325000	0.000000e+00
182330000	0.000000e+00
182335000	0.000000e+00
182340000	2.146806e-08
182345000	0.000000e+00
182350000	1.170663e-08
182355000	2.168496e-08
182360000	1.740384e-08
182365000	0.000000e+00
182370000	0.000000e+00
182375000	0.000000e+00
182380000	0.000000e+00
182385000	0.000000e+00
182390000	0.000000e+00
182395000	0.000000e+00
182400000	0.000000e+00
182405000	1.612237e-08
182410000	1.793669e-08
182415000	0.000000e+00
182420000	0.000000e+00
182425000	0.000000e+00
182430000	0.000000e+00
182435000	0.000000e+00
182440000	1.502218e-08
182445000	1.312499e-08
182450000	1.246525e-08
182455000	0.000000e+00
182460000	2.828478e-08
182465000	0.000000e+00
182470000	0.000000e+00
182475000	1.944933e-08
182480000	0.000000e+00
182485000	0.000000e+00
182490000	1.853028e-08
182495000	2.419959e-08
182500000	3.023563e-08
182505000	0.000000e+00
182510000	0.000000e+00
182515000	0.000000e+00
182520000	0.000000e+00
182525000	1.006366e-08
182530000	0.000000e+00
182535000	0.000000e+00
182540000	0.000000e+00
182545000	0.000000e+00
182550000	0.000000e+00
182555000	0.000000e+00
182560000	1.207998e-08
182565000	0.000000e+00
182570000	0.000000e+00
182575000	0.000000e+00
182580000	0.000000e+00
182585000	0.000000e+00
182590000	1.905138e-08
182595000	0.000000e+00
182600000	1.289443e-08
182605000	1.013376e-08
182610000	1.283818e-08
182615000	1.230411e-08
182620000	2.108583e-08
182625000	1.641584e-08
182630000	2.105192e-08
182635000	1.444307e-08
182640000	2.229730e-08
182645000	2.735067e-08
182650000	0.000000e+00
182655000	1.296088e-08
182660000	0.000000e+00
182665000	0.000000e+00
182670000	0.000000e+00
182675000	0.000000e+00
182680000	8.647155e-08
182685000	0.000000e+00
182690000	1.024907e-08
182695000	0.000000e+00
182700000	0.000000e+00
182705000	3.483166e-08
182710000	0.000000e+00
182715000	0.000000e+00
182720000	1.428820e-08
182725000	1.454693e-08
182730000	1.363178e-08
182735000	0.000000e+00
182740000	2.298120e-08
182745000	3.636033e-08
182750000	0.000000e+00
182755000	1.091440e-07
182760000	3.173243e-08
182765000	0.000000e+00
182770000	0.000000e+00
182775000	2.709615e-08
182780000	1.251154e-08
182785000	0.000000e+00
182790000	2.190646e-08
182795000	0.000000e+00
182800000	9.965246e-09
182805000	8.022066e-09
182810000	0.000000e+00
182815000	0.000000e+00
182820000	3.348700e-08
182825000	0.000000e+00
182830000	0.000000e+00
182835000	0.000000e+00
182840000	0.000000e+00
182845000	3.684694e-08
182850000	0.000000e+00
182855000	0.000000e+00
182860000	0.000000e+00
182865000	3.670709e-08
182870000	1.100766e-08
182875000	0.000000e+00
182880000	0.000000e+00
182885000	4.994686e-08
182890000	0.000000e+00
182895000	3.491815e-08
182900000	0.000000e+00
182905000	1.325297e-08
182910000	4.788549e-08
182915000	1.272119e-08
182920000	2.195986e-08
182925000	0.000000e+00
182930000	0.000000e+00
182935000	0.000000e+00
182940000	0.000000e+00
182945000	5.633687e-08
182950000	0.000000e+00
182955000	0.000000e+00
182960000	2.520020e-08
182965000	0.000000e+00
182970000	0.000000e+00
182975000	0.000000e+00
182980000	9.925570e-09
182985000	0.000000e+00
182990000	0.000000e+00
182995000	4.632482e-08
183000000	0.000000e+00
183005000	0.000000e+00
183010000	0.000000e+00
183015000	0.000000e+00
183020000	0.000000e+00
183025000	0.000000e+00
183030000	1.555424e-08
183035000	0.000000e+00
183040000	2.351215e-08
183045000	0.000000e+00
183050000	8.827513e-09
183055000	0.000000e+00
183060000	1.314008e-08
183065000	0.000000e+00
183070000	2.387286e-08
183075000	1.984291e-08
183080000	4.690166e-08
183085000	1.448734e-08
183090000	0.000000e+00
183095000	0.000000e+00
183100000	5.953425e-08
183105000	2.836642e-08
183110000	0.000000e+00
183115000	1.572155e-08
183120000	2.054385e-08
183125000	0.000000e+00
183130000	0.000000e+00
183135000	1.114139e-08
183140000	1.508842e-08
183145000	7.487725e-08
183150000	1.303730e-08
183155000	1.657999e-08
183160000	1.477369e-08
183165000	1.948913e-08
183170000	2.384882e-08
183175000	3.381214e-08
183180000	0.000000e+00
183185000	0.000000e+00
183190000	3.340466e-08
183195000	0.000000e+00
183200000	3.954504e-08
183205000	4.874094e-08
183210000	2.062275e-08
183215000	0.000000e+00
183220000	0.000000e+00
183225000	0.000000e+00
183230000	1.242974e-08
183235000	2.729365e-08
183240000	0.000000e+00
183245000	1.651460e-08
183250000	3.482242e-08
183255000	1.348957e-08
183260000	1.961298e-08
183265000	1.332744e-08
183270000	0.000000e+00
183275000	0.000000e+00
183280000	0.000000e+00
183285000	3.964310e-08
183290000	9.787702e-09
183295000	3.311954e-08
183300000	3.751287e-08
183305000	0.000000e+00
183310000	3.142963e-08
183315000	0.000000e+00
183320000	1.468635e-08
183325000	1.490557e-08
183330000	3.078133e-08
183335000	2.842537e-08
183340000	3.381125e-08
183345000	3.798856e-08
183350000	1.498955e-08
183355000	6.072829e-08
183360000	0.000000e+00
183365000	0.000000e+00
183370000	0.000000e+00
183375000	1.175085e-08
183380000	0.000000e+00
183385000	0.000000e+00
183390000	1.418709e-08
183395000	0.000000e+00
183400000	0.000000e+00
183405000	2.121695e-08
183410000	0.000000e+00
183415000	0.000000e+00
183420000	1.025101e-08
183425000	0.000000e+00
183430000	0.000000e+00
183435000	0.000000e+00
183440000	0.000000e+00
183445000	0.000000e+00
183450000	2.397830e-08
183455000	0.000000e+00
183460000	6.134044e-08
183465000	0.000000e+00
183470000	0.000000e+00
183475000	1.380565e-08
183480000	1.206560e-08
183485000	0.000000e+00
183490000	1.290788e-08
183495000	0.000000e+00
183500000	2.245345e-08
183505000	0.000000e+00
183510000	0.000000e+00
183515000	0.000000e+00
183520000	1.683577e-08
183525000	1.831991e-08
183530000	0.000000e+00
183535000	4.158265e-08
183540000	0.000000e+00
183545000	0.000000e+00
183550000	0.000000e+00
183555000	0.000000e+00
183560000	0.000000e+00
183565000	0.000000e+00
183570000	3.132821e-08
183575000	1.619525e-08
183580000	1.360163e-08
183585000	2.236837e-08
183590000	0.000000e+00
183595000	0.000000e+00
183600000	1.588324e-08
183605000	3.362523e-08
183610000	0.000000e+00
183615000	3.186172e-08
183620000	3.774934e-08
183625000	0.000000e+00
183630000	0.000000e+00
183635000	5.737168e-08
183640000	1.025918e-08
183645000	3.202141e-08
183650000	0.000000e+00
183655000	3.419459e-08
183660000	9.693087e-09
183665000	1.122381e-08
183670000	8.802837e-09
183675000	4.438758e-08
183680000	9.696126e-09
183685000	0.000000e+00
183690000	0.000000e+00
183695000	0.000000e+00
183700000	0.000000e+00
183705000	0.000000e+00
183710000	0.000000e+00
183715000	0.000000e+00
183720000	0.000000e+00
183725000	0.000000e+00
183730000	0.000000e+00
183735000	0.000000e+00
183740000	0.000000e+00
183745000	0.000000e+00
183750000	0.000000e+00
183755000	0.000000e+00
183760000	0.000000e+00
183765000	0.000000e+00
183770000	2.051834e-08
183775000	0.000000e+00
183780000	0.000000e+00
183785000	1.851672e-08
183790000	1.995516e-08
183795000	2.206955e-08
183800000	3.289460e-08
183805000	1.619188e-08
183810000	0.000000e+00
183815000	0.000000e+00
183820000	5.706650e-08
183825000	0.000000e+00
183830000	0.000000e+00
183835000	0.000000e+00
183840000	0.000000e+00
183845000	0.000000e+00
183850000	1.812350e-08
183855000	0.000000e+00
183860000	2.058230e-08
183865000	0.000000e+00
183870000	0.000000e+00
183875000	0.000000e+00
183880000	2.056402e-08
183885000	1.602350e-08
183890000	2.641175e-08
183895000	0.000000e+00
183900000	0.000000e+00
183905000	0.000000e+00
183910000	0.000000e+00
183915000	2.353102e-08
183920000	0.000000e+00
183925000	7.220703e-09
183930000	1.157652e-08
183935000	0.000000e+00
183940000	3.386419e-08
183945000	0.000000e+00
183950000	2.478726e-08
183955000	1.224562e-08
183960000	0.000000e+00
183965000	0.000000e+00
183970000	0.000000e+00
183975000	4.191473e-08
183980000	0.000000e+00
183985000	0.000000e+00
183990000	0.000000e+00
183995000	0.000000e+00
184000000	0.000000e+00
184005000	0.000000e+00
184010000	1.210316e-08
184015000	1.046649e-08
184020000	1.596245e-08
184025000	1.734353e-08
184030000	0.000000e+00
184035000	4.318770e-08
184040000	1.178900e-08
184045000	0.000000e+00
184050000	0.000000e+00
184055000	2.264506e-08
184060000	3.722119e-08
184065000	4.719302e-08
184070000	0.000000e+00
184075000	6.278816e-08
184080000	0.000000e+00
184085000	0.000000e+00
184090000	1.646354e-08
184095000	0.000000e+00
184100000	3.961070e-08
184105000	2.636458e-08
184110000	0.000000e+00
184115000	3.103042e-08
184120000	0.000000e+00
184125000	2.843777e-08
184130000	3.980014e-08
184135000	0.000000e+00
184140000	6.051804e-08
184145000	1.646287e-08
184150000	0.000000e+00
184155000	0.000000e+00
184160000	0.000000e+00
184165000	0.000000e+00
184170000	3.909345e-08
184175000	1.613209e-08
184180000	0.000000e+00
184185000	0.000000e+00
184190000	2.714819e-08
184195000	5.548068e-09
184200000	3.306680e-08
184205000	1.614565e-08
184210000	3.631940e-08
184215000	8.173746e-09
184220000	1.253744e-08
184225000	0.000000e+00
184230000	1.332456e-08
184235000	1.933914e-08
184240000	0.000000e+00
184245000	0.000000e+00
184250000	0.000000e+00
184255000	1.638850e-08
184260000	9.703859e-09
184265000	8.140738e-09
184270000	0.000000e+00
184275000	0.000000e+00
184280000	0.000000e+00
184285000	2.932795e-08
184290000	3.173154e-08
184295000	0.000000e+00
184300000	2.183887e-08
184305000	0.000000e+00
184310000	0.000000e+00
184315000	0.000000e+00
184320000	0.000000e+00
184325000	1.236351e-08
184330000	0.000000e+00
184335000	1.150136e-08
184340000	0.000000e+00
184345000	4.867803e-08
184350000	2.153755e-08
184355000	9.709823e-09
184360000	0.000000e+00
184365000	0.000000e+00
184370000	0.000000e+00
184375000	0.000000e+00
184380000	0.000000e+00
184385000	0.000000e+00
184390000	0.000000e+00
184395000	0.000000e+00
184400000	0.000000e+00
184405000	0.000000e+00
184410000	0.000000e+00
184415000	0.000000e+00
184420000	0.000000e+00
184425000	0.000000e+00
184430000	2.162327e-08
184435000	8.022586e-08
184440000	0.000000e+00
184445000	0.000000e+00
184450000	2.351240e-08
184455000	0.000000e+00
184460000	0.000000e+00
184465000	0.000000e+00
184470000	3.993093e-08
184475000	0.000000e+00
184480000	2.302672e-08
184485000	3.475811e-08
184490000	0.000000e+00
184495000	4.489543e-08
184500000	0.000000e+00
184505000	3.232932e-08
184510000	3.193733e-08
184515000	2.647265e-08
184520000	0.000000e+00
184525000	1.055819e-08
184530000	3.578415e-08
184535000	0.000000e+00
184540000	0.000000e+00
184545000	0.000000e+00
184550000	0.000000e+00
184555000	0.000000e+00
184560000	0.000000e+00
184565000	1.626926e-08
184570000	0.000000e+00
184575000	0.000000e+00
184580000	0.000000e+00
184585000	0.000000e+00
184590000	0.000000e+00
184595000	0.000000e+00
184600000	0.000000e+00
184605000	0.000000e+00
184610000	0.000000e+00
184615000	0.000000e+00
184620000	0.000000e+00
184625000	0.000000e+00
184630000	0.000000e+00
184635000	2.806558e-08
184640000	0.000000e+00
184645000	0.000000e+00
184650000	0.000000e+00
184655000	0.000000e+00
184660000	0.000000e+00
184665000	0.000000e+00
184670000	0.000000e+00
184675000	0.000000e+00
184680000	1.364271e-08
184685000	1.795868e-08
184690000	9.179690e-09
184695000	0.000000e+00
184700000	0.000000e+00
184705000	2.058368e-08
184710000	1.235880e-08
184715000	1.718000e-08
184720000	0.000000e+00
184725000	0.000000e+00
184730000	0.000000e+00
184735000	0.000000e+00
184740000	0.000000e+00
184745000	1.360829e-08
184750000	0.000000e+00
184755000	0.000000e+00
184760000	0.000000e+00
184765000	0.000000e+00
184770000	0.000000e+00
184775000	1.215049e-08
184780000	0.000000e+00
184785000	2.596368e-08
184790000	7.439555e-08
184795000	1.069908e-07
184800000	0.000000e+00
184805000	0.000000e+00
184810000	2.778470e-08
184815000	1.242895e-08
184820000	3.413961e-08
184825000	1.319648e-07
184830000	0.000000e+00
184835000	0.000000e+00
184840000	0.000000e+00
184845000	0.000000e+00
184850000	0.000000e+00
184855000	1.020394e-08
184860000	1.346177e-08
184865000	2.366333e-08
184870000	1.145113e-08
184875000	0.000000e+00
184880000	0.000000e+00
184885000	1.201544e-08
184890000	0.000000e+00
184895000	0.000000e+00
184900000	0.000000e+00
184905000	0.000000e+00
184910000	0.000000e+00
184915000	1.625769e-08
184920000	1.235219e-08
184925000	0.000000e+00
184930000	2.454476e-08
184935000	0.000000e+00
184940000	4.437681e-08
184945000	0.000000e+00
184950000	0.000000e+00
184955000	1.272590e-08
184960000	0.000000e+00
184965000	1.543362e-08
184970000	4.528752e-08
184975000	1.870759e-08
184980000	1.453233e-08
184985000	0.000000e+00
184990000	0.000000e+00
184995000	8.345947e-09
185000000	0.000000e+00
185005000	1.823386e-08
185010000	0.000000e+00
185015000	0.000000e+00
185020000	0.000000e+00
185025000	0.000000e+00
185030000	0.000000e+00
185035000	0.000000e+00
185040000	1.506452e-08
185045000	2.278458e-08
185050000	1.450758e-08
185055000	0.000000e+00
185060000	0.000000e+00
185065000	6.663292e-08
185070000	4.167596e-08
185075000	0.000000e+00
185080000	0.000000e+00
185085000	0.000000e+00
185090000	4.001260e-08
185095000	1.973923e-08
185100000	0.000000e+00
185105000	3.353153e-08
185110000	0.000000e+00
185115000	0.000000e+00
185120000	2.833724e-08
185125000	8.111351e-09
185130000	7.175722e-09
185135000	2.410239e-08
185140000	0.000000e+00
185145000	0.000000e+00
185150000	1.238122e-08
185155000	0.000000e+00
185160000	0.000000e+00
185165000	0.000000e+00
185170000	0.000000e+00
185175000	0.000000e+00
185180000	0.000000e+00
185185000	0.000000e+00
185190000	4.398740e-08
185195000	0.000000e+00
185200000	8.736547e-09
185205000	0.000000e+00
185210000	0.000000e+00
185215000	9.795293e-09
185220000	0.000000e+00
185225000	0.000000e+00
185230000	2.694388e-08
185235000	0.000000e+00
185240000	0.000000e+00
185245000	0.000000e+00
185250000	0.000000e+00
185255000	4.967725e-08
185260000	5.303791e-08
185265000	2.032958e-08
185270000	0.000000e+00
185275000	4.877841e-08
185280000	3.462722e-08
185285000	0.000000e+00
185290000	0.000000e+00
185295000	0.000000e+00
185300000	2.165935e-08
185305000	8.395358e-08
185310000	2.767037e-08
185315000	0.000000e+00
185320000	2.394691e-08
185325000	0.000000e+00
185330000	0.000000e+00
185335000	1.629757e-08
185340000	7.871918e-09
185345000	1.279100e-08
185350000	0.000000e+00
185355000	0.000000e+00
185360000	2.754915e-08
185365000	0.000000e+00
185370000	0.000000e+00
185375000	0.000000e+00
185380000	0.000000e+00
185385000	0.000000e+00
185390000	0.000000e+00
185395000	0.000000e+00
185400000	1.869947e-08
185405000	1.745505e-08
185410000	0.000000e+00
185415000	0.000000e+00
185420000	0.000000e+00
185425000	0.000000e+00
185430000	0.000000e+00
185435000	1.887484e-08
185440000	1.128857e-08
185445000	0.000000e+00
185450000	0.000000e+00
185455000	1.619926e-08
185460000	0.000000e+00
185465000	6.782531e-09
185470000	0.000000e+00
185475000	1.451611e-08
185480000	1.257482e-08
185485000	2.325814e-08
185490000	0.000000e+00
185495000	0.000000e+00
185500000	1.064985e-08
185505000	0.000000e+00
185510000	0.000000e+00
185515000	6.269944e-09
185520000	0.000000e+00
185525000	2.812360e-08
185530000	0.000000e+00
185535000	0.000000e+00
185540000	0.000000e+00
185545000	0.000000e+00
185550000	0.000000e+00
185555000	0.000000e+00
185560000	0.000000e+00
185565000	0.000000e+00
185570000	0.000000e+00
185575000	3.238089e-08
185580000	0.000000e+00
185585000	0.000000e+00
185590000	0.000000e+00
185595000	0.000000e+00
185600000	0.000000e+00
185605000	0.000000e+00
185610000	1.008192e-08
185615000	0.000000e+00
185620000	1.272427e-08
185625000	1.137161e-08
185630000	1.584836e-08
185635000	0.000000e+00
185640000	1.340692e-08
185645000	1.737281e-08
185650000	0.000000e+00
185655000	7.990037e-09
185660000	9.394169e-09
185665000	0.000000e+00
185670000	1.737654e-08
185675000	1.078119e-08
185680000	0.000000e+00
185685000	6.006887e-08
185690000	0.000000e+00
185695000	0.000000e+00
185700000	2.817322e-08
185705000	2.613494e-08
185710000	0.000000e+00
185715000	5.504381e-08
185720000	0.000000e+00
185725000	0.000000e+00
185730000	0.000000e+00
185735000	8.299831e-08
185740000	0.000000e+00
185745000	0.000000e+00
185750000	0.000000e+00
185755000	0.000000e+00
185760000	2.296890e-08
185765000	0.000000e+00
185770000	0.000000e+00
185775000	0.000000e+00
185780000	1.553426e-08
185785000	2.146917e-08
185790000	0.000000e+00
185795000	0.000000e+00
185800000	0.000000e+00
185805000	0.000000e+00
185810000	0.000000e+00
185815000	0.000000e+00
185820000	0.000000e+00
185825000	0.000000e+00
185830000	0.000000e+00
185835000	0.000000e+00
185840000	0.000000e+00
185845000	0.000000e+00
185850000	0.000000e+00
185855000	0.000000e+00
185860000	2.043318e-08
185865000	9.957579e-09
185870000	0.000000e+00
185875000	0.000000e+00
185880000	0.000000e+00
185885000	1.030222e-08
185890000	0.000000e+00
185895000	1.814812e-08
185900000	0.000000e+00
185905000	0.000000e+00
185910000	0.000000e+00
185915000	0.000000e+00
185920000	0.000000e+00
185925000	0.000000e+00
185930000	0.000000e+00
185935000	0.000000e+00
185940000	0.000000e+00
185945000	0.000000e+00
185950000	1.382476e-08
185955000	0.000000e+00
185960000	0.000000e+00
185965000	0.000000e+00
185970000	0.000000e+00
185975000	0.000000e+00
185980000	0.000000e+00
185985000	0.000000e+00
185990000	0.000000e+00
185995000	0.000000e+00
186000000	0.000000e+00
186005000	0.000000e+00
186010000	0.000000e+00
186015000	5.365440e-08
186020000	2.057289e-08
186025000	2.126813e-08
186030000	0.000000e+00
186035000	0.000000e+00
186040000	0.000000e+00
186045000	0.000000e+00
186050000	0.000000e+00
186055000	3.870874e-08
186060000	0.000000e+00
186065000	3.935889e-08
186070000	0.000000e+00
186075000	0.000000e+00
186080000	0.000000e+00
186085000	0.000000e+00
186090000	0.000000e+00
186095000	0.000000e+00
186100000	0.000000e+00
186105000	0.000000e+00
186110000	0.000000e+00
186115000	0.000000e+00
186120000	1.612586e-08
186125000	0.000000e+00
186130000	0.000000e+00
186135000	0.000000e+00
186140000	0.000000e+00
186145000	0.000000e+00
186150000	0.000000e+00
186155000	1.372037e-08
186160000	0.000000e+00
186165000	0.000000e+00
186170000	4.472802e-08
186175000	3.265510e-08
186180000	0.000000e+00
186185000	0.000000e+00
186190000	0.000000e+00
186195000	0.000000e+00
186200000	0.000000e+00
186205000	0.000000e+00
186210000	0.000000e+00
186215000	0.000000e+00
186220000	2.160684e-08
186225000	0.000000e+00
186230000	0.000000e+00
186235000	0.000000e+00
186240000	1.491277e-08
186245000	4.470979e-08
186250000	0.000000e+00
186255000	0.000000e+00
186260000	1.815897e-08
186265000	0.000000e+00
186270000	0.000000e+00
186275000	0.000000e+00
186280000	3.478659e-08
186285000	0.000000e+00
186290000	0.000000e+00
186295000	2.993954e-08
186300000	0.000000e+00
186305000	2.275777e-08
186310000	0.000000e+00
186315000	1.147744e-08
186320000	0.000000e+00
186325000	5.687555e-08
186330000	0.000000e+00
186335000	0.000000e+00
186340000	0.000000e+00
186345000	0.000000e+00
186350000	1.163185e-08
186355000	0.000000e+00
186360000	0.000000e+00
186365000	2.028903e-08
186370000	2.936701e-08
186375000	0.000000e+00
186380000	3.674875e-08
186385000	0.000000e+00
186390000	0.000000e+00
186395000	0.000000e+00
186400000	4.518424e-08
186405000	0.000000e+00
186410000	0.000000e+00
186415000	1.721158e-08
186420000	1.503788e-08
186425000	0.000000e+00
186430000	0.000000e+00
186435000	0.000000e+00
186440000	2.326370e-08
186445000	0.000000e+00
186450000	2.021504e-08
186455000	0.000000e+00
186460000	0.000000e+00
186465000	0.000000e+00
186470000	1.540978e-07
186475000	0.000000e+00
186480000	0.000000e+00
186485000	0.000000e+00
186490000	1.264517e-08
186495000	0.000000e+00
186500000	3.786414e-08
186505000	3.168844e-08
186510000	0.000000e+00
186515000	0.000000e+00
186520000	3.646110e-08
186525000	0.000000e+00
186530000	0.000000e+00
186535000	0.000000e+00
186540000	0.000000e+00
186545000	0.000000e+00
186550000	5.669410e-08
186555000	0.000000e+00
186560000	0.000000e+00
186565000	0.000000e+00
186570000	0.000000e+00
186575000	0.000000e+00
186580000	0.000000e+00
186585000	1.831652e-08
186590000	1.255265e-08
186595000	0.000000e+00
186600000	0.000000e+00
186605000	0.000000e+00
186610000	0.000000e+00
186615000	0.000000e+00
186620000	0.000000e+00
186625000	0.000000e+00
186630000	0.000000e+00
186635000	1.689216e-08
186640000	8.395969e-09
186645000	0.000000e+00
186650000	1.137128e-08
186655000	0.000000e+00
186660000	0.000000e+00
186665000	0.000000e+00
186670000	0.000000e+00
186675000	0.000000e+00
186680000	0.000000e+00
186685000	0.000000e+00
186690000	1.178788e-08
186695000	1.019719e-08
186700000	0.000000e+00
186705000	0.000000e+00
186710000	0.000000e+00
186715000	0.000000e+00
186720000	0.000000e+00
186725000	0.000000e+00
186730000	0.000000e+00
186735000	0.000000e+00
186740000	0.000000e+00
186745000	0.000000e+00
186750000	4.251692e-08
186755000	1.121992e-08
186760000	0.000000e+00
186765000	0.000000e+00
186770000	0.000000e+00
186775000	3.324600e-08
186780000	0.000000e+00
186785000	0.000000e+00
186790000	0.000000e+00
186795000	0.000000e+00
186800000	0.000000e+00
186805000	0.000000e+00
186810000	2.321553e-08
186815000	0.000000e+00
186820000	0.000000e+00
186825000	0.000000e+00
186830000	0.000000e+00
186835000	0.000000e+00
186840000	1.607737e-08
186845000	0.000000e+00
186850000	2.302320e-08
186855000	0.000000e+00
186860000	0.000000e+00
186865000	0.000000e+00
186870000	0.000000e+00
186875000	1.326404e-08
186880000	0.000000e+00
186885000	8.581416e-09
186890000	0.000000e+00
186895000	1.812520e-08
186900000	1.290473e-08
186905000	0.000000e+00
186910000	0.000000e+00
186915000	2.623156e-08
186920000	3.700883e-08
186925000	0.000000e+00
186930000	0.000000e+00
186935000	0.000000e+00
186940000	0.000000e+00
186945000	0.000000e+00
186950000	1.075952e-08
186955000	0.000000e+00
186960000	0.000000e+00
186965000	0.000000e+00
186970000	0.000000e+00
186975000	0.000000e+00
186980000	2.070772e-08
186985000	0.000000e+00
186990000	0.000000e+00
186995000	0.000000e+00
187000000	1.380186e-08
187005000	0.000000e+00
187010000	0.000000e+00
187015000	0.000000e+00
187020000	0.000000e+00
187025000	0.000000e+00
187030000	0.000000e+00
187035000	0.000000e+00
187040000	0.000000e+00
187045000	0.000000e+00
187050000	1.893703e-08
187055000	5.212875e-08
187060000	0.000000e+00
187065000	0.000000e+00
187070000	1.367314e-08
187075000	0.000000e+00
187080000	1.040403e-08
187085000	0.000000e+00
187090000	0.000000e+00
187095000	0.000000e+00
187100000	0.000000e+00
187105000	0.000000e+00
187110000	0.000000e+00
187115000	0.000000e+00
187120000	0.000000e+00
187125000	0.000000e+00
187130000	0.000000e+00
187135000	0.000000e+00
187140000	0.000000e+00
187145000	0.000000e+00
187150000	0.000000e+00
187155000	0.000000e+00
187160000	1.996702e-08
187165000	0.000000e+00
187170000	0.000000e+00
187175000	1.323283e-08
187180000	0.000000e+00
187185000	1.969950e-08
187190000	0.000000e+00
187195000	0.000000e+00
187200000	0.000000e+00
187205000	0.000000e+00
187210000	0.000000e+00
187215000	0.000000e+00
187220000	0.000000e+00
187225000	1.215285e-08
187230000	0.000000e+00
187235000	0.000000e+00
187240000	0.000000e+00
187245000	0.000000e+00
187250000	0.000000e+00
187255000	0.000000e+00
187260000	0.000000e+00
187265000	0.000000e+00
187270000	1.284184e-08
187275000	1.197423e-08
187280000	0.000000e+00
187285000	0.000000e+00
187290000	0.000000e+00
187295000	0.000000e+00
187300000	0.000000e+00
187305000	0.000000e+00
187310000	0.000000e+00
187315000	0.000000e+00
187320000	0.000000e+00
187325000	0.000000e+00
187330000	0.000000e+00
187335000	0.000000e+00
187340000	0.000000e+00
187345000	0.000000e+00
187350000	0.000000e+00
187355000	0.000000e+00
187360000	0.000000e+00
187365000	0.000000e+00
187370000	1.487255e-08
187375000	0.000000e+00
187380000	1.272334e-08
187385000	0.000000e+00
187390000	0.000000e+00
187395000	0.000000e+00
187400000	0.000000e+00
187405000	0.000000e+00
187410000	0.000000e+00
187415000	0.000000e+00
187420000	0.000000e+00
187425000	1.080681e-08
187430000	1.043443e-08
187435000	0.000000e+00
187440000	0.000000e+00
187445000	2.220190e-08
187450000	1.354411e-08
187455000	0.000000e+00
187460000	1.110106e-08
187465000	1.702623e-08
187470000	0.000000e+00
187475000	0.000000e+00
187480000	0.000000e+00
187485000	0.000000e+00
187490000	3.735346e-08
187495000	0.000000e+00
187500000	1.106271e-08
187505000	0.000000e+00
187510000	0.000000e+00
187515000	0.000000e+00
187520000	0.000000e+00
187525000	0.000000e+00
187530000	2.557489e-08
187535000	1.278771e-08
187540000	0.000000e+00
187545000	4.039811e-08
187550000	0.000000e+00
187555000	0.000000e+00
187560000	0.000000e+00
187565000	0.000000e+00
187570000	0.000000e+00
187575000	0.000000e+00
187580000	0.000000e+00
187585000	0.000000e+00
187590000	0.000000e+00
187595000	2.687354e-08
187600000	0.000000e+00
187605000	0.000000e+00
187610000	0.000000e+00
187615000	0.000000e+00
187620000	0.000000e+00
187625000	0.000000e+00
187630000	1.751798e-08
187635000	0.000000e+00
187640000	1.283423e-08
187645000	2.574093e-08
187650000	1.685944e-08
187655000	2.683401e-08
187660000	2.242872e-08
187665000	1.695901e-08
187670000	0.000000e+00
187675000	3.007256e-08
187680000	7.935604e-09
187685000	0.000000e+00
187690000	0.000000e+00
187695000	0.000000e+00
187700000	0.000000e+00
187705000	2.803010e-08
187710000	0.000000e+00
187715000	0.000000e+00
187720000	1.367998e-08
187725000	0.000000e+00
187730000	0.000000e+00
187735000	0.000000e+00
187740000	0.000000e+00
187745000	1.612586e-08
187750000	0.000000e+00
187755000	0.000000e+00
187760000	0.000000e+00
187765000	1.560125e-08
187770000	0.000000e+00
187775000	0.000000e+00
187780000	0.000000e+00
187785000	0.000000e+00
187790000	0.000000e+00
187795000	0.000000e+00
187800000	7.289646e-09
187805000	0.000000e+00
187810000	0.000000e+00
187815000	0.000000e+00
187820000	0.000000e+00
187825000	9.868489e-09
187830000	2.705356e-08
187835000	0.000000e+00
187840000	0.000000e+00
187845000	0.000000e+00
187850000	0.000000e+00
187855000	0.000000e+00
187860000	0.000000e+00
187865000	0.000000e+00
187870000	3.804217e-08
187875000	0.000000e+00
187880000	0.000000e+00
187885000	0.000000e+00
187890000	0.000000e+00
187895000	0.000000e+00
187900000	3.905904e-08
187905000	1.091086e-08
187910000	0.000000e+00
187915000	1.449140e-08
187920000	1.741025e-08
187925000	0.000000e+00
187930000	0.000000e+00
187935000	2.474582e-08
187940000	0.000000e+00
187945000	0.000000e+00
187950000	0.000000e+00
187955000	1.201146e-08
187960000	0.000000e+00
187965000	0.000000e+00
187970000	0.000000e+00
187975000	0.000000e+00
187980000	0.000000e+00
187985000	0.000000e+00
187990000	0.000000e+00
187995000	0.000000e+00
188000000	0.000000e+00
188005000	0.000000e+00
188010000	1.303706e-08
188015000	0.000000e+00
188020000	0.000000e+00
188025000	0.000000e+00
188030000	0.000000e+00
188035000	1.093360e-08
188040000	0.000000e+00
188045000	0.000000e+00
188050000	4.140762e-08
188055000	0.000000e+00
188060000	0.000000e+00
188065000	0.000000e+00
188070000	0.000000e+00
188075000	1.081832e-08
188080000	0.000000e+00
188085000	0.000000e+00
188090000	0.000000e+00
188095000	1.690061e-08
188100000	0.000000e+00
188105000	0.000000e+00
188110000	9.285571e-09
188115000	0.000000e+00
188120000	2.289661e-08
188125000	1.344276e-08
188130000	2.981005e-08
188135000	3.179083e-08
188140000	9.584276e-09
188145000	0.000000e+00
188150000	0.000000e+00
188155000	0.000000e+00
188160000	0.000000e+00
188165000	0.000000e+00
188170000	0.000000e+00
188175000	9.444504e-09
188180000	0.000000e+00
188185000	0.000000e+00
188190000	0.000000e+00
188195000	3.482363e-08
188200000	2.047206e-08
188205000	0.000000e+00
188210000	0.000000e+00
188215000	0.000000e+00
188220000	1.114199e-08
188225000	0.000000e+00
188230000	0.000000e+00
188235000	0.000000e+00
188240000	0.000000e+00
188245000	1.507685e-08
188250000	1.045240e-08
188255000	9.507470e-09
188260000	0.000000e+00
188265000	0.000000e+00
188270000	0.000000e+00
188275000	0.000000e+00
188280000	0.000000e+00
188285000	0.000000e+00
188290000	0.000000e+00
188295000	0.000000e+00
188300000	0.000000e+00
188305000	0.000000e+00
188310000	0.000000e+00
188315000	1.218109e-08
188320000	1.492940e-08
188325000	5.427861e-08
188330000	0.000000e+00
188335000	0.000000e+00
188340000	0.000000e+00
188345000	0.000000e+00
188350000	0.000000e+00
188355000	0.000000e+00
188360000	0.000000e+00
188365000	0.000000e+00
188370000	0.000000e+00
188375000	2.250938e-08
188380000	0.000000e+00
188385000	0.000000e+00
188390000	0.000000e+00
188395000	0.000000e+00
188400000	0.000000e+00
188405000	0.000000e+00
188410000	1.979138e-08
188415000	0.000000e+00
188420000	3.619636e-08
188425000	1.083464e-07
188430000	0.000000e+00
188435000	0.000000e+00
188440000	0.000000e+00
188445000	0.000000e+00
188450000	0.000000e+00
188455000	0.000000e+00
188460000	0.000000e+00
188465000	0.000000e+00
188470000	0.000000e+00
188475000	0.000000e+00
188480000	2.796689e-08
188485000	0.000000e+00
188490000	0.000000e+00
188495000	0.000000e+00
188500000	0.000000e+00
188505000	3.276883e-08
188510000	0.000000e+00
188515000	0.000000e+00
188520000	0.000000e+00
188525000	0.000000e+00
188530000	0.000000e+00
188535000	0.000000e+00
188540000	3.200430e-08
188545000	3.184549e-08
188550000	0.000000e+00
188555000	3.153656e-08
188560000	0.000000e+00
188565000	0.000000e+00
188570000	1.641835e-08
188575000	0.000000e+00
188580000	0.000000e+00
188585000	0.000000e+00
188590000	0.000000e+00
188595000	1.477149e-08
188600000	0.000000e+00
188605000	2.088667e-08
188610000	0.000000e+00
188615000	0.000000e+00
188620000	0.000000e+00
188625000	0.000000e+00
188630000	1.628278e-08
188635000	0.000000e+00
188640000	1.579232e-08
188645000	0.000000e+00
188650000	0.000000e+00
188655000	0.000000e+00
188660000	0.000000e+00
188665000	0.000000e+00
188670000	1.582167e-08
188675000	0.000000e+00
188680000	0.000000e+00
188685000	1.134392e-08
188690000	0.000000e+00
188695000	0.000000e+00
188700000	0.000000e+00
188705000	0.000000e+00
188710000	0.000000e+00
188715000	0.000000e+00
188720000	0.000000e+00
188725000	0.000000e+00
188730000	0.000000e+00
188735000	9.668154e-09
188740000	0.000000e+00
188745000	0.000000e+00
188750000	1.201747e-08
188755000	0.000000e+00
188760000	0.000000e+00
188765000	0.000000e+00
188770000	0.000000e+00
188775000	9.004769e-09
188780000	0.000000e+00
188785000	0.000000e+00
188790000	0.000000e+00
188795000	0.000000e+00
188800000	0.000000e+00
188805000	0.000000e+00
188810000	0.000000e+00
188815000	0.000000e+00
188820000	0.000000e+00
188825000	0.000000e+00
188830000	0.000000e+00
188835000	0.000000e+00
188840000	1.117173e-08
188845000	0.000000e+00
188850000	0.000000e+00
188855000	0.000000e+00
188860000	1.166814e-08
188865000	0.000000e+00
188870000	0.000000e+00
188875000	0.000000e+00
188880000	0.000000e+00
188885000	0.000000e+00
188890000	0.000000e+00
188895000	0.000000e+00
188900000	0.000000e+00
188905000	0.000000e+00
188910000	0.000000e+00
188915000	0.000000e+00
188920000	0.000000e+00
188925000	1.389146e-08
188930000	0.000000e+00
188935000	0.000000e+00
188940000	0.000000e+00
188945000	7.195632e-08
188950000	0.000000e+00
188955000	1.791215e-08
188960000	0.000000e+00
188965000	0.000000e+00
188970000	0.000000e+00
188975000	0.000000e+00
188980000	0.000000e+00
188985000	0.000000e+00
188990000	0.000000e+00
188995000	0.000000e+00
189000000	0.000000e+00
189005000	0.000000e+00
189010000	4.331455e-08
189015000	0.000000e+00
189020000	0.000000e+00
189025000	0.000000e+00
189030000	0.000000e+00
189035000	0.000000e+00
189040000	0.000000e+00
189045000	0.000000e+00
189050000	0.000000e+00
189055000	0.000000e+00
189060000	0.000000e+00
189065000	0.000000e+00
189070000	0.000000e+00
189075000	0.000000e+00
189080000	0.000000e+00
189085000	0.000000e+00
189090000	0.000000e+00
189095000	0.000000e+00
189100000	0.000000e+00
189105000	0.000000e+00
189110000	0.000000e+00
189115000	5.998882e-08
189120000	0.000000e+00
189125000	0.000000e+00
189130000	0.000000e+00
189135000	0.000000e+00
189140000	0.000000e+00
189145000	0.000000e+00
189150000	0.000000e+00
189155000	0.000000e+00
189160000	0.000000e+00
189165000	0.000000e+00
189170000	0.000000e+00
189175000	0.000000e+00
189180000	0.000000e+00
189185000	0.000000e+00
189190000	0.000000e+00
189195000	0.000000e+00
189200000	0.000000e+00
189205000	0.000000e+00
189210000	1.203464e-08
189215000	0.000000e+00
189220000	0.000000e+00
189225000	0.000000e+00
189230000	0.000000e+00
189235000	0.000000e+00
189240000	0.000000e+00
189245000	0.000000e+00
189250000	0.000000e+00
189255000	0.000000e+00
189260000	0.000000e+00
189265000	0.000000e+00
189270000	0.000000e+00
189275000	0.000000e+00
189280000	0.000000e+00
189285000	0.000000e+00
189290000	0.000000e+00
189295000	0.000000e+00
189300000	0.000000e+00
189305000	0.000000e+00
189310000	1.038134e-08
189315000	0.000000e+00
189320000	0.000000e+00
189325000	0.000000e+00
189330000	0.000000e+00
189335000	0.000000e+00
189340000	0.000000e+00
189345000	0.000000e+00
189350000	0.000000e+00
189355000	0.000000e+00
189360000	0.000000e+00
189365000	0.000000e+00
189370000	0.000000e+00
189375000	0.000000e+00
189380000	0.000000e+00
189385000	0.000000e+00
189390000	0.000000e+00
189395000	0.000000e+00
189400000	0.000000e+00
189405000	0.000000e+00
189410000	0.000000e+00
189415000	0.000000e+00
189420000	0.000000e+00
189425000	0.000000e+00
189430000	0.000000e+00
189435000	0.000000e+00
189440000	0.000000e+00
189445000	0.000000e+00
189450000	0.000000e+00
189455000	1.884141e-08
189460000	1.663087e-08
189465000	1.606773e-08
189470000	0.000000e+00
189475000	0.000000e+00
189480000	0.000000e+00
189485000	0.000000e+00
189490000	0.000000e+00
189495000	0.000000e+00
189500000	0.000000e+00
189505000	0.000000e+00
189510000	0.000000e+00
189515000	0.000000e+00
189520000	1.970125e-08
189525000	0.000000e+00
189530000	0.000000e+00
189535000	0.000000e+00
189540000	0.000000e+00
189545000	0.000000e+00
189550000	0.000000e+00
189555000	0.000000e+00
189560000	0.000000e+00
189565000	0.000000e+00
189570000	0.000000e+00
189575000	0.000000e+00
189580000	0.000000e+00
189585000	2.185141e-08
189590000	0.000000e+00
189595000	0.000000e+00
189600000	0.000000e+00
189605000	1.583496e-08
189610000	1.267776e-08
189615000	0.000000e+00
189620000	0.000000e+00
189625000	0.000000e+00
189630000	0.000000e+00
189635000	0.000000e+00
189640000	1.226666e-08
189645000	0.000000e+00
189650000	0.000000e+00
189655000	0.000000e+00
189660000	0.000000e+00
189665000	0.000000e+00
189670000	0.000000e+00
189675000	0.000000e+00
189680000	0.000000e+00
189685000	0.000000e+00
189690000	0.000000e+00
189695000	0.000000e+00
189700000	0.000000e+00
189705000	0.000000e+00
189710000	0.000000e+00
189715000	0.000000e+00
189720000	2.305563e-08
189725000	0.000000e+00
189730000	3.337242e-08
189735000	0.000000e+00
189740000	0.000000e+00
189745000	0.000000e+00
189750000	1.577851e-08
189755000	0.000000e+00
189760000	0.000000e+00
189765000	0.000000e+00
189770000	0.000000e+00
189775000	0.000000e+00
189780000	0.000000e+00
189785000	0.000000e+00
189790000	0.000000e+00
189795000	0.000000e+00
189800000	0.000000e+00
189805000	0.000000e+00
189810000	0.000000e+00
189815000	0.000000e+00
189820000	0.000000e+00
189825000	1.520878e-08
189830000	0.000000e+00
189835000	0.000000e+00
189840000	0.000000e+00
189845000	0.000000e+00
189850000	0.000000e+00
189855000	0.000000e+00
189860000	0.000000e+00
189865000	0.000000e+00
189870000	0.000000e+00
189875000	0.000000e+00
189880000	3.033856e-08
189885000	0.000000e+00
189890000	0.000000e+00
189895000	0.000000e+00
189900000	0.000000e+00
189905000	0.000000e+00
189910000	0.000000e+00
189915000	0.000000e+00
189920000	0.000000e+00
189925000	0.000000e+00
189930000	0.000000e+00
189935000	0.000000e+00
189940000	0.000000e+00
189945000	0.000000e+00
189950000	0.000000e+00
189955000	0.000000e+00
189960000	0.000000e+00
189965000	0.000000e+00
189970000	0.000000e+00
189975000	0.000000e+00
189980000	0.000000e+00
189985000	0.000000e+00
189990000	0.000000e+00
189995000	1.654943e-08
190000000	0.000000e+00
190005000	1.623157e-08
190010000	1.986307e-08
190015000	0.000000e+00
190020000	0.000000e+00
190025000	9.682279e-09
190030000	3.165671e-08
190035000	0.000000e+00
190040000	0.000000e+00
190045000	0.000000e+00
190050000	0.000000e+00
190055000	0.000000e+00
190060000	0.000000e+00
190065000	0.000000e+00
190070000	0.000000e+00
190075000	0.000000e+00
190080000	0.000000e+00
190085000	0.000000e+00
190090000	0.000000e+00
190095000	0.000000e+00
190100000	0.000000e+00
190105000	0.000000e+00
190110000	0.000000e+00
190115000	0.000000e+00
190120000	0.000000e+00
190125000	0.000000e+00
190130000	0.000000e+00
190135000	0.000000e+00
190140000	0.000000e+00
190145000	0.000000e+00
190150000	0.000000e+00
190155000	0.000000e+00
190160000	0.000000e+00
190165000	0.000000e+00
190170000	0.000000e+00
190175000	0.000000e+00
190180000	0.000000e+00
190185000	0.000000e+00
190190000	0.000000e+00
190195000	0.000000e+00
190200000	2.522377e-08
190205000	0.000000e+00
190210000	0.000000e+00
190215000	0.000000e+00
190220000	0.000000e+00
190225000	0.000000e+00
190230000	0.000000e+00
190235000	0.000000e+00
190240000	0.000000e+00
190245000	0.000000e+00
190250000	0.000000e+00
190255000	0.000000e+00
190260000	0.000000e+00
190265000	2.728544e-08
190270000	0.000000e+00
190275000	0.000000e+00
190280000	0.000000e+00
190285000	0.000000e+00
190290000	0.000000e+00
190295000	3.164088e-08
190300000	0.000000e+00
190305000	0.000000e+00
190310000	0.000000e+00
190315000	0.000000e+00
190320000	0.000000e+00
190325000	0.000000e+00
190330000	0.000000e+00
190335000	0.000000e+00
190340000	0.000000e+00
190345000	1.732680e-08
190350000	0.000000e+00
190355000	0.000000e+00
190360000	3.225171e-08
190365000	1.602500e-08
190370000	0.000000e+00
190375000	0.000000e+00
190380000	0.000000e+00
190385000	0.000000e+00
190390000	0.000000e+00
190395000	0.000000e+00
190400000	0.000000e+00
190405000	0.000000e+00
190410000	1.606773e-08
190415000	0.000000e+00
190420000	0.000000e+00
190425000	0.000000e+00
190430000	0.000000e+00
190435000	0.000000e+00
190440000	0.000000e+00
190445000	0.000000e+00
190450000	0.000000e+00
190455000	0.000000e+00
190460000	0.000000e+00
190465000	0.000000e+00
190470000	0.000000e+00
190475000	0.000000e+00
190480000	0.000000e+00
190485000	0.000000e+00
190490000	3.591151e-08
190495000	0.000000e+00
190500000	0.000000e+00
190505000	0.000000e+00
190510000	0.000000e+00
190515000	0.000000e+00
190520000	0.000000e+00
190525000	0.000000e+00
190530000	0.000000e+00
190535000	0.000000e+00
190540000	0.000000e+00
190545000	0.000000e+00
190550000	0.000000e+00
190555000	1.053163e-08
190560000	0.000000e+00
190565000	2.930669e-08
190570000	0.000000e+00
190575000	0.000000e+00
190580000	0.000000e+00
190585000	0.000000e+00
190590000	0.000000e+00
190595000	1.188156e-08
190600000	0.000000e+00
190605000	0.000000e+00
190610000	1.578297e-08
190615000	0.000000e+00
190620000	0.000000e+00
190625000	0.000000e+00
190630000	0.000000e+00
190635000	0.000000e+00
190640000	0.000000e+00
190645000	0.000000e+00
190650000	0.000000e+00
190655000	0.000000e+00
190660000	0.000000e+00
190665000	0.000000e+00
190670000	0.000000e+00
190675000	0.000000e+00
190680000	0.000000e+00
190685000	0.000000e+00
190690000	0.000000e+00
190695000	0.000000e+00
190700000	0.000000e+00
190705000	0.000000e+00
190710000	0.000000e+00
190715000	0.000000e+00
190720000	0.000000e+00
190725000	0.000000e+00
190730000	0.000000e+00
190735000	0.000000e+00
190740000	0.000000e+00
190745000	0.000000e+00
190750000	0.000000e+00
190755000	0.000000e+00
190760000	0.000000e+00
190765000	0.000000e+00
190770000	0.000000e+00
190775000	0.000000e+00
190780000	0.000000e+00
190785000	0.000000e+00
190790000	0.000000e+00
190795000	0.000000e+00
190800000	0.000000e+00
190805000	0.000000e+00
190810000	0.000000e+00
190815000	0.000000e+00
190820000	0.000000e+00
190825000	0.000000e+00
190830000	0.000000e+00
190835000	0.000000e+00
190840000	0.000000e+00
190845000	0.000000e+00
190850000	0.000000e+00
190855000	0.000000e+00
190860000	0.000000e+00
190865000	0.000000e+00
190870000	1.696266e-08
190875000	0.000000e+00
190880000	0.000000e+00
190885000	0.000000e+00
190890000	0.000000e+00
190895000	0.000000e+00
190900000	0.000000e+00
190905000	0.000000e+00
190910000	0.000000e+00
190915000	0.000000e+00
190920000	0.000000e+00
190925000	0.000000e+00
190930000	0.000000e+00
190935000	0.000000e+00
190940000	0.000000e+00
190945000	0.000000e+00
190950000	0.000000e+00
190955000	0.000000e+00
190960000	0.000000e+00
190965000	0.000000e+00
190970000	0.000000e+00
190975000	0.000000e+00
190980000	0.000000e+00
190985000	0.000000e+00
190990000	0.000000e+00
190995000	0.000000e+00
191000000	0.000000e+00
191005000	0.000000e+00
191010000	0.000000e+00
191015000	0.000000e+00
191020000	0.000000e+00
191025000	0.000000e+00
191030000	0.000000e+00
191035000	0.000000e+00
191040000	0.000000e+00
191045000	0.000000e+00
191050000	0.000000e+00
191055000	0.000000e+00
191060000	0.000000e+00
191065000	0.000000e+00
191070000	0.000000e+00
191075000	0.000000e+00
191080000	0.000000e+00
191085000	0.000000e+00
191090000	0.000000e+00
191095000	0.000000e+00
191100000	0.000000e+00
191105000	0.000000e+00
191110000	0.000000e+00
191115000	0.000000e+00
191120000	0.000000e+00
191125000	1.244461e-08
191130000	0.000000e+00
191135000	0.000000e+00
191140000	0.000000e+00
191145000	0.000000e+00
191150000	0.000000e+00
191155000	0.000000e+00
191160000	0.000000e+00
191165000	1.779053e-08
191170000	0.000000e+00
191175000	2.087288e-08
191180000	0.000000e+00
191185000	0.000000e+00
191190000	0.000000e+00
191195000	0.000000e+00
191200000	0.000000e+00
191205000	0.000000e+00
191210000	0.000000e+00
191215000	0.000000e+00
191220000	0.000000e+00
191225000	0.000000e+00
191230000	0.000000e+00
191235000	0.000000e+00
191240000	0.000000e+00
191245000	0.000000e+00
191250000	0.000000e+00
191255000	0.000000e+00
191260000	1.876564e-08
191265000	0.000000e+00
191270000	0.000000e+00
191275000	0.000000e+00
191280000	0.000000e+00
191285000	0.000000e+00
191290000	0.000000e+00
191295000	0.000000e+00
191300000	0.000000e+00
191305000	0.000000e+00
191310000	0.000000e+00
191315000	0.000000e+00
191320000	0.000000e+00
191325000	0.000000e+00
191330000	0.000000e+00
191335000	0.000000e+00
191340000	0.000000e+00
191345000	0.000000e+00
191350000	0.000000e+00
191355000	0.000000e+00
191360000	0.000000e+00
191365000	0.000000e+00
191370000	0.000000e+00
191375000	0.000000e+00
191380000	0.000000e+00
191385000	0.000000e+00
191390000	0.000000e+00
191395000	0.000000e+00
191400000	0.000000e+00
191405000	0.000000e+00
191410000	0.000000e+00
191415000	0.000000e+00
191420000	0.000000e+00
191425000	8.985665e-09
191430000	0.000000e+00
191435000	0.000000e+00
191440000	0.000000e+00
191445000	0.000000e+00
191450000	0.000000e+00
191455000	1.124460e-08
191460000	0.000000e+00
191465000	0.000000e+00
191470000	2.001535e-08
191475000	0.000000e+00
191480000	0.000000e+00
191485000	0.000000e+00
191490000	0.000000e+00
191495000	0.000000e+00
191500000	0.000000e+00
191505000	0.000000e+00
191510000	0.000000e+00
191515000	2.281996e-08
191520000	4.405594e-08
191525000	0.000000e+00
191530000	0.000000e+00
191535000	0.000000e+00
191540000	0.000000e+00
191545000	9.294789e-09
191550000	0.000000e+00
191555000	0.000000e+00
191560000	0.000000e+00
191565000	0.000000e+00
191570000	0.000000e+00
191575000	0.000000e+00
191580000	0.000000e+00
191585000	0.000000e+00
191590000	0.000000e+00
191595000	0.000000e+00
191600000	0.000000e+00
191605000	0.000000e+00
191610000	0.000000e+00
191615000	0.000000e+00
191620000	0.000000e+00
191625000	0.000000e+00
191630000	0.000000e+00
191635000	0.000000e+00
191640000	0.000000e+00
191645000	0.000000e+00
191650000	0.000000e+00
191655000	0.000000e+00
191660000	0.000000e+00
191665000	0.000000e+00
191670000	0.000000e+00
191675000	0.000000e+00
191680000	0.000000e+00
191685000	0.000000e+00
191690000	0.000000e+00
191695000	0.000000e+00
191700000	0.000000e+00
191705000	0.000000e+00
191710000	0.000000e+00
191715000	0.000000e+00
191720000	0.000000e+00
191725000	0.000000e+00
191730000	0.000000e+00
191735000	0.000000e+00
191740000	0.000000e+00
191745000	3.225171e-08
191750000	0.000000e+00
191755000	0.000000e+00
191760000	0.000000e+00
191765000	0.000000e+00
191770000	0.000000e+00
191775000	0.000000e+00
191780000	0.000000e+00
191785000	0.000000e+00
191790000	0.000000e+00
191795000	0.000000e+00
191800000	0.000000e+00
191805000	0.000000e+00
191810000	0.000000e+00
191815000	0.000000e+00
191820000	0.000000e+00
191825000	0.000000e+00
191830000	0.000000e+00
191835000	0.000000e+00
191840000	0.000000e+00
191845000	0.000000e+00
191850000	0.000000e+00
191855000	0.000000e+00
191860000	0.000000e+00
191865000	0.000000e+00
191870000	0.000000e+00
191875000	0.000000e+00
191880000	0.000000e+00
191885000	0.000000e+00
191890000	0.000000e+00
191895000	0.000000e+00
191900000	0.000000e+00
191905000	0.000000e+00
191910000	0.000000e+00
191915000	0.000000e+00
191920000	0.000000e+00
191925000	0.000000e+00
191930000	0.000000e+00
191935000	0.000000e+00
191940000	0.000000e+00
191945000	0.000000e+00
191950000	0.000000e+00
191955000	0.000000e+00
191960000	0.000000e+00
191965000	0.000000e+00
191970000	0.000000e+00
191975000	0.000000e+00
191980000	0.000000e+00
191985000	0.000000e+00
191990000	0.000000e+00
191995000	0.000000e+00
192000000	0.000000e+00
192005000	0.000000e+00
192010000	0.000000e+00
192015000	0.000000e+00
192020000	0.000000e+00
192025000	0.000000e+00
192030000	0.000000e+00
192035000	0.000000e+00
192040000	0.000000e+00
192045000	0.000000e+00
192050000	0.000000e+00
192055000	0.000000e+00
192060000	0.000000e+00
192065000	0.000000e+00
192070000	0.000000e+00
192075000	0.000000e+00
192080000	0.000000e+00
192085000	0.000000e+00
192090000	0.000000e+00
192095000	0.000000e+00
192100000	0.000000e+00
192105000	0.000000e+00
192110000	0.000000e+00
192115000	0.000000e+00
192120000	0.000000e+00
192125000	0.000000e+00
192130000	0.000000e+00
192135000	0.000000e+00
192140000	0.000000e+00
192145000	0.000000e+00
192150000	0.000000e+00
192155000	0.000000e+00
192160000	0.000000e+00
192165000	0.000000e+00
192170000	0.000000e+00
192175000	0.000000e+00
192180000	0.000000e+00
192185000	0.000000e+00
192190000	0.000000e+00
192195000	0.000000e+00
192200000	0.000000e+00
192205000	0.000000e+00
192210000	0.000000e+00
192215000	0.000000e+00
192220000	0.000000e+00
192225000	0.000000e+00
192230000	0.000000e+00
192235000	0.000000e+00
192240000	0.000000e+00
192245000	0.000000e+00
192250000	0.000000e+00
192255000	0.000000e+00
192260000	0.000000e+00
192265000	0.000000e+00
192270000	0.000000e+00
192275000	0.000000e+00
192280000	0.000000e+00
192285000	0.000000e+00
192290000	0.000000e+00
192295000	0.000000e+00
192300000	0.000000e+00
192305000	0.000000e+00
192310000	0.000000e+00
192315000	0.000000e+00
192320000	0.000000e+00
192325000	0.000000e+00
192330000	0.000000e+00
192335000	0.000000e+00
192340000	0.000000e+00
192345000	0.000000e+00
192350000	0.000000e+00
192355000	0.000000e+00
192360000	0.000000e+00
192365000	0.000000e+00
192370000	0.000000e+00
192375000	0.000000e+00
192380000	0.000000e+00
192385000	0.000000e+00
192390000	0.000000e+00
192395000	0.000000e+00
192400000	0.000000e+00
192405000	0.000000e+00
192410000	0.000000e+00
192415000	0.000000e+00
192420000	0.000000e+00
192425000	0.000000e+00
192430000	0.000000e+00
192435000	0.000000e+00
192440000	0.000000e+00
192445000	0.000000e+00
192450000	0.000000e+00
192455000	0.000000e+00
192460000	0.000000e+00
192465000	0.000000e+00
192470000	0.000000e+00
192475000	0.000000e+00
192480000	0.000000e+00
192485000	0.000000e+00
192490000	0.000000e+00
192495000	0.000000e+00
192500000	0.000000e+00
192505000	0.000000e+00
192510000	0.000000e+00
192515000	0.000000e+00
192520000	0.000000e+00
192525000	0.000000e+00
192530000	0.000000e+00
192535000	0.000000e+00
192540000	0.000000e+00
192545000	0.000000e+00
192550000	0.000000e+00
192555000	0.000000e+00
192560000	0.000000e+00
192565000	0.000000e+00
192570000	0.000000e+00
192575000	0.000000e+00
192580000	0.000000e+00
192585000	0.000000e+00
192590000	0.000000e+00
192595000	0.000000e+00
192600000	0.000000e+00
192605000	0.000000e+00
192610000	0.000000e+00
192615000	0.000000e+00
192620000	0.000000e+00
192625000	0.000000e+00
192630000	0.000000e+00
192635000	0.000000e+00
192640000	0.000000e+00
192645000	0.000000e+00
192650000	0.000000e+00
192655000	0.000000e+00
192660000	0.000000e+00
192665000	0.000000e+00
192670000	0.000000e+00
192675000	0.000000e+00
192680000	0.000000e+00
192685000	0.000000e+00
192690000	0.000000e+00
192695000	0.000000e+00
192700000	0.000000e+00
192705000	0.000000e+00
192710000	0.000000e+00
192715000	0.000000e+00
192720000	0.000000e+00
192725000	0.000000e+00
192730000	0.000000e+00
192735000	0.000000e+00
192740000	0.000000e+00
192745000	0.000000e+00
192750000	0.000000e+00
192755000	0.000000e+00
192760000	0.000000e+00
192765000	0.000000e+00
192770000	0.000000e+00
192775000	0.000000e+00
192780000	0.000000e+00
192785000	0.000000e+00
192790000	0.000000e+00
192795000	0.000000e+00
192800000	0.000000e+00
192805000	0.000000e+00
192810000	0.000000e+00
192815000	0.000000e+00
192820000	0.000000e+00
192825000	0.000000e+00
192830000	0.000000e+00
192835000	0.000000e+00
192840000	0.000000e+00
192845000	0.000000e+00
192850000	0.000000e+00
192855000	0.000000e+00
192860000	0.000000e+00
192865000	0.000000e+00
192870000	0.000000e+00
192875000	0.000000e+00
192880000	0.000000e+00
192885000	0.000000e+00
192890000	0.000000e+00
192895000	0.000000e+00
192900000	0.000000e+00
192905000	0.000000e+00
192910000	0.000000e+00
192915000	0.000000e+00
192920000	0.000000e+00
192925000	0.000000e+00
192930000	0.000000e+00
192935000	0.000000e+00
192940000	0.000000e+00
192945000	0.000000e+00
192950000	0.000000e+00
192955000	0.000000e+00
192960000	0.000000e+00
192965000	0.000000e+00
192970000	0.000000e+00
192975000	0.000000e+00
192980000	0.000000e+00
192985000	0.000000e+00
192990000	0.000000e+00
192995000	0.000000e+00
193000000	0.000000e+00
193005000	0.000000e+00
193010000	0.000000e+00
193015000	0.000000e+00
193020000	0.000000e+00
193025000	0.000000e+00
193030000	0.000000e+00
193035000	0.000000e+00
193040000	0.000000e+00
193045000	0.000000e+00
193050000	0.000000e+00
193055000	0.000000e+00
193060000	0.000000e+00
193065000	0.000000e+00
193070000	0.000000e+00
193075000	0.000000e+00
193080000	0.000000e+00
193085000	0.000000e+00
193090000	0.000000e+00
193095000	0.000000e+00
193100000	0.000000e+00
193105000	0.000000e+00
193110000	0.000000e+00
193115000	0.000000e+00
193120000	0.000000e+00
193125000	0.000000e+00
193130000	0.000000e+00
193135000	0.000000e+00
193140000	0.000000e+00
193145000	0.000000e+00
193150000	0.000000e+00
193155000	0.000000e+00
193160000	0.000000e+00
193165000	0.000000e+00
193170000	0.000000e+00
193175000	0.000000e+00
193180000	0.000000e+00
193185000	0.000000e+00
193190000	0.000000e+00
193195000	0.000000e+00
193200000	0.000000e+00
193205000	0.000000e+00
193210000	0.000000e+00
193215000	0.000000e+00
193220000	0.000000e+00
193225000	0.000000e+00
193230000	0.000000e+00
193235000	0.000000e+00
193240000	0.000000e+00
193245000	0.000000e+00
193250000	0.000000e+00
193255000	0.000000e+00
193260000	0.000000e+00
193265000	0.000000e+00
193270000	0.000000e+00
193275000	0.000000e+00
193280000	0.000000e+00
193285000	0.000000e+00
193290000	0.000000e+00
193295000	0.000000e+00
193300000	0.000000e+00
193305000	0.000000e+00
193310000	0.000000e+00
193315000	0.000000e+00
193320000	0.000000e+00
193325000	0.000000e+00
193330000	0.000000e+00
193335000	0.000000e+00
193340000	0.000000e+00
193345000	0.000000e+00
193350000	0.000000e+00
193355000	0.000000e+00
193360000	0.000000e+00
193365000	0.000000e+00
193370000	0.000000e+00
193375000	0.000000e+00
193380000	0.000000e+00
193385000	0.000000e+00
193390000	0.000000e+00
193395000	0.000000e+00
193400000	0.000000e+00
193405000	0.000000e+00
193410000	0.000000e+00
193415000	0.000000e+00
193420000	0.000000e+00
193425000	0.000000e+00
193430000	0.000000e+00
193435000	0.000000e+00
193440000	0.000000e+00
193445000	0.000000e+00
193450000	0.000000e+00
193455000	0.000000e+00
193460000	0.000000e+00
193465000	0.000000e+00
193470000	0.000000e+00
193475000	0.000000e+00
193480000	0.000000e+00
193485000	0.000000e+00
193490000	0.000000e+00
193495000	0.000000e+00
193500000	0.000000e+00
193505000	0.000000e+00
193510000	0.000000e+00
193515000	0.000000e+00
193520000	0.000000e+00
193525000	0.000000e+00
193530000	0.000000e+00
193535000	0.000000e+00
193540000	0.000000e+00
193545000	0.000000e+00
193550000	0.000000e+00
193555000	0.000000e+00
193560000	0.000000e+00
193565000	0.000000e+00
193570000	0.000000e+00
193575000	0.000000e+00
193580000	0.000000e+00
193585000	0.000000e+00
193590000	0.000000e+00
193595000	0.000000e+00
193600000	0.000000e+00
193605000	0.000000e+00
193610000	0.000000e+00
193615000	0.000000e+00
193620000	0.000000e+00
193625000	0.000000e+00
193630000	0.000000e+00
193635000	0.000000e+00
193640000	0.000000e+00
193645000	0.000000e+00
193650000	0.000000e+00
193655000	0.000000e+00
193660000	0.000000e+00
193665000	0.000000e+00
193670000	0.000000e+00
193675000	0.000000e+00
193680000	0.000000e+00
193685000	0.000000e+00
193690000	0.000000e+00
193695000	0.000000e+00
193700000	0.000000e+00
193705000	0.000000e+00
193710000	0.000000e+00
193715000	0.000000e+00
193720000	0.000000e+00
193725000	0.000000e+00
193730000	0.000000e+00
193735000	0.000000e+00
193740000	0.000000e+00
193745000	0.000000e+00
193750000	0.000000e+00
193755000	0.000000e+00
193760000	0.000000e+00
193765000	0.000000e+00
193770000	0.000000e+00
193775000	0.000000e+00
193780000	0.000000e+00
193785000	0.000000e+00
193790000	0.000000e+00
193795000	0.000000e+00
193800000	0.000000e+00
193805000	0.000000e+00
193810000	0.000000e+00
193815000	0.000000e+00
193820000	0.000000e+00
193825000	0.000000e+00
193830000	0.000000e+00
193835000	0.000000e+00
193840000	0.000000e+00
193845000	0.000000e+00
193850000	0.000000e+00
193855000	0.000000e+00
193860000	0.000000e+00
193865000	0.000000e+00
193870000	0.000000e+00
193875000	0.000000e+00
193880000	0.000000e+00
193885000	0.000000e+00
193890000	0.000000e+00
193895000	0.000000e+00
193900000	0.000000e+00
193905000	0.000000e+00
193910000	0.000000e+00
193915000	0.000000e+00
193920000	0.000000e+00
193925000	0.000000e+00
193930000	0.000000e+00
193935000	0.000000e+00
193940000	0.000000e+00
193945000	0.000000e+00
193950000	0.000000e+00
193955000	0.000000e+00
193960000	0.000000e+00
193965000	0.000000e+00
193970000	0.000000e+00
193975000	0.000000e+00
193980000	0.000000e+00
193985000	0.000000e+00
193990000	0.000000e+00
193995000	0.000000e+00
194000000	0.000000e+00
194005000	0.000000e+00
194010000	0.000000e+00
194015000	0.000000e+00
194020000	0.000000e+00
194025000	0.000000e+00
194030000	0.000000e+00
194035000	0.000000e+00
194040000	0.000000e+00
194045000	0.000000e+00
194050000	0.000000e+00
194055000	0.000000e+00
194060000	0.000000e+00
194065000	0.000000e+00
194070000	0.000000e+00
194075000	0.000000e+00
194080000	0.000000e+00
194085000	0.000000e+00
194090000	0.000000e+00
194095000	0.000000e+00
194100000	0.000000e+00
194105000	0.000000e+00
194110000	0.000000e+00
194115000	0.000000e+00
194120000	0.000000e+00
194125000	0.000000e+00
194130000	0.000000e+00
194135000	0.000000e+00
194140000	0.000000e+00
194145000	0.000000e+00
194150000	0.000000e+00
194155000	0.000000e+00
194160000	0.000000e+00
194165000	0.000000e+00
194170000	0.000000e+00
194175000	0.000000e+00
194180000	0.000000e+00
194185000	0.000000e+00
194190000	0.000000e+00
194195000	0.000000e+00
194200000	0.000000e+00
194205000	0.000000e+00
194210000	0.000000e+00
194215000	0.000000e+00
194220000	0.000000e+00
194225000	0.000000e+00
194230000	0.000000e+00
194235000	0.000000e+00
194240000	0.000000e+00
194245000	0.000000e+00
194250000	0.000000e+00
194255000	0.000000e+00
194260000	0.000000e+00
194265000	0.000000e+00
194270000	0.000000e+00
194275000	0.000000e+00
194280000	0.000000e+00
194285000	0.000000e+00
194290000	0.000000e+00
194295000	0.000000e+00
194300000	0.000000e+00
194305000	0.000000e+00
194310000	0.000000e+00
194315000	0.000000e+00
194320000	0.000000e+00
194325000	0.000000e+00
194330000	0.000000e+00
194335000	0.000000e+00
194340000	0.000000e+00
194345000	0.000000e+00
194350000	0.000000e+00
194355000	0.000000e+00
194360000	0.000000e+00
194365000	0.000000e+00
194370000	0.000000e+00
194375000	0.000000e+00
194380000	0.000000e+00
194385000	0.000000e+00
194390000	0.000000e+00
194395000	0.000000e+00
194400000	0.000000e+00
194405000	0.000000e+00
194410000	0.000000e+00
194415000	0.000000e+00
194420000	0.000000e+00
194425000	0.000000e+00
194430000	0.000000e+00
194435000	0.000000e+00
194440000	0.000000e+00
194445000	0.000000e+00
194450000	0.000000e+00
194455000	0.000000e+00
194460000	0.000000e+00
194465000	0.000000e+00
194470000	0.000000e+00
194475000	0.000000e+00
194480000	0.000000e+00
194485000	0.000000e+00
194490000	0.000000e+00
194495000	0.000000e+00
194500000	0.000000e+00
194505000	0.000000e+00
194510000	0.000000e+00
194515000	0.000000e+00
194520000	0.000000e+00
194525000	0.000000e+00
194530000	0.000000e+00
194535000	0.000000e+00
194540000	0.000000e+00
194545000	0.000000e+00
194550000	0.000000e+00
194555000	0.000000e+00
194560000	0.000000e+00
194565000	0.000000e+00
194570000	0.000000e+00
194575000	0.000000e+00
194580000	0.000000e+00
194585000	0.000000e+00
194590000	0.000000e+00
194595000	0.000000e+00
194600000	0.000000e+00
194605000	0.000000e+00
194610000	0.000000e+00
194615000	0.000000e+00
194620000	0.000000e+00
194625000	0.000000e+00
194630000	0.000000e+00
194635000	0.000000e+00
194640000	0.000000e+00
194645000	0.000000e+00
194650000	0.000000e+00
194655000	0.000000e+00
194660000	0.000000e+00
194665000	0.000000e+00
194670000	0.000000e+00
194675000	0.000000e+00
194680000	0.000000e+00
194685000	0.000000e+00
194690000	0.000000e+00
194695000	0.000000e+00
194700000	0.000000e+00
194705000	0.000000e+00
194710000	0.000000e+00
194715000	0.000000e+00
194720000	0.000000e+00
194725000	0.000000e+00
194730000	0.000000e+00
194735000	0.000000e+00
194740000	0.000000e+00
194745000	0.000000e+00
194750000	0.000000e+00
194755000	0.000000e+00
194760000	0.000000e+00
194765000	0.000000e+00
194770000	0.000000e+00
194775000	0.000000e+00
194780000	0.000000e+00
194785000	0.000000e+00
194790000	0.000000e+00
194795000	0.000000e+00
194800000	0.000000e+00
194805000	0.000000e+00
194810000	0.000000e+00
194815000	0.000000e+00
194820000	0.000000e+00
194825000	0.000000e+00
194830000	0.000000e+00
194835000	0.000000e+00
194840000	0.000000e+00
194845000	0.000000e+00
194850000	0.000000e+00
194855000	0.000000e+00
194860000	0.000000e+00
194865000	0.000000e+00
194870000	0.000000e+00
194875000	0.000000e+00
194880000	0.000000e+00
194885000	0.000000e+00
194890000	0.000000e+00
194895000	0.000000e+00
194900000	0.000000e+00
194905000	0.000000e+00
194910000	0.000000e+00
194915000	0.000000e+00
194920000	0.000000e+00
194925000	0.000000e+00
194930000	0.000000e+00
194935000	0.000000e+00
194940000	0.000000e+00
194945000	0.000000e+00
194950000	0.000000e+00
194955000	0.000000e+00
194960000	0.000000e+00
194965000	0.000000e+00
194970000	0.000000e+00
194975000	0.000000e+00
194980000	0.000000e+00
194985000	0.000000e+00
194990000	0.000000e+00
194995000	0.000000e+00
195000000	0.000000e+00
195005000	0.000000e+00
195010000	0.000000e+00
195015000	0.000000e+00
195020000	0.000000e+00
195025000	0.000000e+00
195030000	0.000000e+00
195035000	0.000000e+00
195040000	0.000000e+00
195045000	0.000000e+00
195050000	0.000000e+00
195055000	0.000000e+00
195060000	0.000000e+00
195065000	0.000000e+00
195070000	0.000000e+00
195075000	0.000000e+00
195080000	0.000000e+00
195085000	0.000000e+00
195090000	0.000000e+00
195095000	0.000000e+00
195100000	0.000000e+00
195105000	0.000000e+00
195110000	0.000000e+00
195115000	0.000000e+00
195120000	0.000000e+00
195125000	0.000000e+00
195130000	0.000000e+00
195135000	0.000000e+00
195140000	0.000000e+00
195145000	0.000000e+00
195150000	0.000000e+00
195155000	0.000000e+00
195160000	0.000000e+00
195165000	0.000000e+00
195170000	0.000000e+00
195175000	0.000000e+00
195180000	0.000000e+00
195185000	0.000000e+00
195190000	0.000000e+00
195195000	0.000000e+00
195200000	0.000000e+00
195205000	0.000000e+00
195210000	0.000000e+00
195215000	0.000000e+00
195220000	0.000000e+00
195225000	0.000000e+00
195230000	0.000000e+00
