loop_id	sample	group	center_value	background_mean	enrichment
1	ctrl_M1	ctrl	13.0592365264893	2.95398455858231	4.42088855493433
1	ctrl_M2	ctrl	7.40404319763184	4.75512838363647	1.55706483616949
1	ctrl_M3	ctrl	11.1298408508301	2.88103175163269	3.86314411305004
1	mut_M1	mut	13.0140199661255	6.02304583787918	2.16070412153927
1	mut_M2	mut	12.1714162826538	3.66337957978249	3.32245567721827
1	mut_M3	mut	11.3027648925781	2.80265858769417	4.03287255258488
2	ctrl_M1	ctrl	14.8725957870483	0.200200438499451	74.2885275303188
2	ctrl_M2	ctrl	11.7609262466431	2.55860170722008	4.59662252763105
2	ctrl_M3	ctrl	6.83238458633423	2.97201927006245	2.29890319189979
2	mut_M1	mut	9.60270881652832	0.579625129699707	16.5671022950701
2	mut_M2	mut	17.67751121521	5.00719398260117	3.53042268317049
2	mut_M3	mut	15.0491142272949	1.02660527825356	14.6591046686378
3	ctrl_M1	ctrl	17.209997177124	7.50882387161255	2.29196975070719
3	ctrl_M2	ctrl	13.548623085022	11.0266646146774	1.22871453503606
3	ctrl_M3	ctrl	17.4486598968506	9.8432303071022	1.77265586118216
3	mut_M1	mut	14.5954294204712	8.39072233438492	1.73947234085671
3	mut_M2	mut	17.0510425567627	9.08864617347717	1.87608167721631
3	mut_M3	mut	16.9338722229004	7.51279026269913	2.25400571968271
4	ctrl_M1	ctrl	14.7131853103638	1.68430513143539	8.73546309143221
4	ctrl_M2	ctrl	8.10852909088135	4.86782199144363	1.66574067522067
4	ctrl_M3	ctrl	9.68024444580078	4.44359803199768	2.17846987420887
4	mut_M1	mut	14.5730571746826	3.8442577123642	3.79086374147384
4	mut_M2	mut	11.2505979537964	4.14175936579704	2.71638136360713
4	mut_M3	mut	4.7887659072876	3.18315802514553	1.50440721744207
5	ctrl_M1	ctrl	5.88957023620605	0.419207766652107	14.049287023572
5	ctrl_M2	ctrl	3.35134601593018	0.304495692253113	11.0062181541286
5	ctrl_M3	ctrl	0.502066493034363	0.325517863035202	1.54236234028136
5	mut_M1	mut	4.60928821563721	1.3395334482193	3.44096537623942
5	mut_M2	mut	2.36316204071045	1.19160224497318	1.98318025220205
5	mut_M3	mut	5.03641510009766	1.01594534516335	4.9573681537838
6	ctrl_M1	ctrl	6.37918472290039	0.178748026490211	35.6881407205339
6	ctrl_M2	ctrl	3.35786032676697	2.30651068687439	1.45581823915903
6	ctrl_M3	ctrl	12.4142980575562	1.52799838781357	8.12454918576186
6	mut_M1	mut	18.0653438568115	1.49998742341995	12.0436635499402
6	mut_M2	mut	5.83565473556519	2.66109555959702	2.19295196465959
6	mut_M3	mut	11.3463363647461	1.43754705786705	7.89284517863446
7	ctrl_M1	ctrl	17.9010829925537	7.4536047577858	2.40166786062204
7	ctrl_M2	ctrl	23.5958080291748	5.52326229214668	4.27207812721927
7	ctrl_M3	ctrl	18.4933433532715	4.8682786077261	3.79874383604957
7	mut_M1	mut	16.2108516693115	6.2850090265274	2.57928852622004
7	mut_M2	mut	18.6910285949707	5.23941119015217	3.56739105151773
7	mut_M3	mut	22.2716064453125	6.60141509771347	3.37376246087399
8	ctrl_M1	ctrl	8.40756225585938	0.861187040805817	9.7627598390152
8	ctrl_M2	ctrl	16.8212547302246	2.19742724299431	7.65497687527677
8	ctrl_M3	ctrl	16.2709808349609	2.41702523827553	6.73182082557391
8	mut_M1	mut	17.221830368042	1.74957033991814	9.84346269201604
8	mut_M2	mut	15.2410669326782	1.45989371836185	10.4398469155551
8	mut_M3	mut	17.6767902374268	0.98352362215519	17.9729188391955
9	ctrl_M1	ctrl	4.00214052200317	2.93696522712708	1.36267889215633
9	ctrl_M2	ctrl	14.0045957565308	3.3559587597847	4.17305359182341
9	ctrl_M3	ctrl	8.36711978912354	2.71375344693661	3.08322769652073
9	mut_M1	mut	10.2866115570068	2.79974889755249	3.67411933477294
9	mut_M2	mut	10.0978765487671	4.0406813621521	2.49905291799324
9	mut_M3	mut	8.70107173919678	2.53575463593006	3.4313539708882
10	ctrl_M1	ctrl	0	0	NA
10	ctrl_M2	ctrl	1.44670534133911	0.836692661046982	1.72907616941303
10	ctrl_M3	ctrl	1.50624179840088	0	NA
10	mut_M1	mut	4.93002891540527	1.12341630458832	4.3884256399607
10	mut_M2	mut	4.836594581604	0.413776755332947	11.6888987099148
10	mut_M3	mut	3.43389773368835	0.450135037302971	7.62859464187213
11	ctrl_M1	ctrl	5.77335453033447	1.70601969957352	3.38410777541299
11	ctrl_M2	ctrl	14.0491247177124	2.99592450261116	4.68941213487443
11	ctrl_M3	ctrl	8.17930698394775	2.40735140442848	3.39763732411537
11	mut_M1	mut	5.86069297790527	2.40811437368393	2.43372700314877
11	mut_M2	mut	11.1908979415894	2.91113147139549	3.84417469686618
11	mut_M3	mut	9.75187301635742	2.53115570545197	3.85273533167179
12	ctrl_M1	ctrl	6.30699682235718	6.6685649305582	0.945780222286782
12	ctrl_M2	ctrl	3.39559292793274	8.17963208258152	0.415127831380538
12	ctrl_M3	ctrl	7.62422132492065	7.63454432785511	0.998647856048619
12	mut_M1	mut	11.2439556121826	8.23783013224602	1.36491714828757
12	mut_M2	mut	4.63397216796875	6.24968540668488	0.741472868860262
12	mut_M3	mut	4.44391822814941	5.32523639500141	0.834501588008514
13	ctrl_M1	ctrl	5.77670001983643	0	NA
13	ctrl_M2	ctrl	7.9308762550354	0	NA
13	ctrl_M3	ctrl	15.9989223480225	0	NA
13	mut_M1	mut	8.82287502288818	0.812694728374481	10.8563212173596
13	mut_M2	mut	2.17574381828308	3.20975136756897	0.67785431615252
13	mut_M3	mut	1.18474650382996	0	NA
14	ctrl_M1	ctrl	7.35368824005127	2.36731600761414	3.10633992943873
14	ctrl_M2	ctrl	10.5920400619507	3.62758177518845	2.91986251954319
14	ctrl_M3	ctrl	10.2414350509644	4.33701524138451	2.36140167395284
14	mut_M1	mut	8.72664546966553	5.47690641880035	1.59335303588718
14	mut_M2	mut	9.86184501647949	4.05908289551735	2.42957467741554
14	mut_M3	mut	8.56587219238281	3.68690758943558	2.32332164140142
15	ctrl_M1	ctrl	5.32979774475098	0.919199898838997	5.79830105669379
15	ctrl_M2	ctrl	5.10938501358032	1.83995199203491	2.77691213450061
15	ctrl_M3	ctrl	11.0027761459351	2.79854929447174	3.93159990701967
15	mut_M1	mut	8.90987586975098	1.53756211698055	5.79480709842676
15	mut_M2	mut	2.80170297622681	1.45219788700342	1.92928457016837
15	mut_M3	mut	2.02311730384827	1.18775416910648	1.70331315727581
16	ctrl_M1	ctrl	9.21267318725586	4.39139443635941	2.09789243958086
16	ctrl_M2	ctrl	8.57850933074951	5.0324954688549	1.70462335909494
16	ctrl_M3	ctrl	19.6393032073975	5.42539195716381	3.61988651925236
16	mut_M1	mut	18.8822326660156	6.45308637619019	2.92607778127455
16	mut_M2	mut	14.1763458251953	5.83349049091339	2.43016524108118
16	mut_M3	mut	11.5913381576538	4.31024247407913	2.68925431164525
17	ctrl_M1	ctrl	6.31048631668091	13.3871904611588	0.471382425983255
17	ctrl_M2	ctrl	7.90847873687744	11.6721668243408	0.677550180347433
17	ctrl_M3	ctrl	11.0446262359619	11.3248775601387	0.975253478663362
17	mut_M1	mut	7.01699781417847	12.3825576305389	0.566684042468943
17	mut_M2	mut	11.1049070358276	11.8025476932526	0.940890672458476
17	mut_M3	mut	6.86728858947754	11.5407166481018	0.595048713080314
18	ctrl_M1	ctrl	5.10799741744995	6.91882652044296	0.738275111011589
18	ctrl_M2	ctrl	7.28636884689331	13.8727146536112	0.525230211161058
18	ctrl_M3	ctrl	9.61373233795166	13.2799991071224	0.723925676530773
18	mut_M1	mut	5.70863628387451	15.5449512898922	0.367234105621575
18	mut_M2	mut	16.4079208374023	13.9259028285742	1.17823031220176
18	mut_M3	mut	4.5035548210144	12.8604123592377	0.35018743530253
19	ctrl_M1	ctrl	1.05256354808807	0.808873131871223	1.30127149316124
19	ctrl_M2	ctrl	0	0.795438557863235	0
19	ctrl_M3	ctrl	1.935391664505	0.273181349039078	7.08464055585344
19	mut_M1	mut	2.34121322631836	2.3087976872921	1.01404000844452
19	mut_M2	mut	2.1049792766571	0.432951718568802	4.86192613720413
19	mut_M3	mut	4.52480220794678	0.428938210010529	10.5488438715584
20	ctrl_M1	ctrl	4.4984974861145	1.94093906879425	2.31769124463503
20	ctrl_M2	ctrl	6.8806004524231	3.60291230678558	1.90973297891943
20	ctrl_M3	ctrl	11.6486434936523	3.2093288898468	3.62961974090739
20	mut_M1	mut	8.48676872253418	5.05056881904602	1.68035899056162
20	mut_M2	mut	8.70139217376709	2.48810303211212	3.49719929659849
20	mut_M3	mut	9.78114795684814	1.51860961318016	6.44085739478837
21	ctrl_M1	ctrl	2.09325075149536	4.94210267066956	0.423554687343589
21	ctrl_M2	ctrl	2.15568017959595	6.47118610143661	0.333119793775886
21	ctrl_M3	ctrl	0.55920022726059	6.34037557244301	0.088196703944641
21	mut_M1	mut	7.73448371887207	5.68926268815994	1.35948788846901
21	mut_M2	mut	2.32027769088745	5.00241935253143	0.463831103986373
21	mut_M3	mut	4.91531610488892	4.90709614753723	1.00167511642416
22	ctrl_M1	ctrl	3.71491622924805	0.973862051963806	3.81462263752537
22	ctrl_M2	ctrl	4.46349859237671	0.990199372172356	4.50767665362626
22	ctrl_M3	ctrl	5.40907001495361	1.29496240615845	4.17700930098798
22	mut_M1	mut	9.54809474945068	1.00332763791084	9.51642752444455
22	mut_M2	mut	3.63477325439453	1.07174004614353	3.39146910435383
22	mut_M3	mut	7.38975429534912	1.18835356831551	6.21848117629176
23	ctrl_M1	ctrl	8.73280239105225	7.64903181791306	1.14168728787363
23	ctrl_M2	ctrl	11.7472610473633	12.5437902212143	0.936500119995318
23	ctrl_M3	ctrl	11.4027967453003	11.8332213461399	0.963625745834627
23	mut_M1	mut	15.5333108901978	11.9568617343903	1.29911269656326
23	mut_M2	mut	14.1494779586792	12.4584399759769	1.13573432837201
23	mut_M3	mut	14.7515630722046	8.4999640583992	1.7354853468619
24	ctrl_M1	ctrl	2.59042930603027	0.721199691295624	3.59183363123271
24	ctrl_M2	ctrl	1.0137984752655	1.89640352129936	0.53459006159769
24	ctrl_M3	ctrl	2.30655241012573	1.14389437437057	2.01640331642938
24	mut_M1	mut	3.45474553108215	2.78981828689575	1.23834070029209
24	mut_M2	mut	2.32969546318054	1.80396094918251	1.29143342278904
24	mut_M3	mut	3.38831210136414	1.02512234449387	3.30527582347944
25	ctrl_M1	ctrl	4.05265951156616	1.22490476071835	3.30855070657859
25	ctrl_M2	ctrl	5.09461975097656	1.24595785140991	4.08891821277224
25	ctrl_M3	ctrl	5.76938009262085	1.97072249650955	2.92754566045666
25	mut_M1	mut	12.4578495025635	1.36340045928955	9.13733702939714
25	mut_M2	mut	7.81816291809082	1.36853387951851	5.71280187878248
25	mut_M3	mut	5.96865892410278	1.50869962573051	3.9561612015465
26	ctrl_M1	ctrl	0.705129981040955	2.12495346367359	0.331833140393548
26	ctrl_M2	ctrl	1.35964691638947	2.22734734416008	0.610433267157162
26	ctrl_M3	ctrl	6.0296049118042	2.23554462194443	2.69715256524819
26	mut_M1	mut	2.88363480567932	0.956905230879784	3.01350093261387
26	mut_M2	mut	1.9912166595459	2.26948189735413	0.877388209999541
26	mut_M3	mut	0.640085220336914	0.883050844073296	0.724856586268984
27	ctrl_M1	ctrl	1.60882747173309	0.92753541469574	1.73451864612721
27	ctrl_M2	ctrl	0.557083666324615	0.942913547158241	0.590810968835433
27	ctrl_M3	ctrl	2.7905547618866	0.217560321092606	12.8265795337689
27	mut_M1	mut	6.40568113327026	1.57467910647392	4.06792793968931
27	mut_M2	mut	1.96038210391998	1.12346261739731	1.7449464482063
27	mut_M3	mut	1.56163012981415	0.983692899346352	1.58751794472831
28	ctrl_M1	ctrl	3.53192520141602	1.56808069348335	2.25238740333583
28	ctrl_M2	ctrl	3.1733455657959	2.56223681569099	1.23850595946577
28	ctrl_M3	ctrl	4.1032509803772	3.36134018003941	1.22071874924873
28	mut_M1	mut	7.02636432647705	2.27689865231514	3.08593635440588
28	mut_M2	mut	5.62930870056152	1.5635629966855	3.60030821431226
28	mut_M3	mut	5.11785650253296	1.7340731471777	2.95134983830559
29	ctrl_M1	ctrl	1.30418860912323	0.75659516453743	1.72376016957575
29	ctrl_M2	ctrl	2.36005091667175	0.852853387594223	2.76724106511333
29	ctrl_M3	ctrl	1.35734307765961	0.749015912413597	1.81216854697487
29	mut_M1	mut	2.47003865242004	0.76785821467638	3.21679003390106
29	mut_M2	mut	3.13000249862671	1.34803438186646	2.32190108852638
29	mut_M3	mut	2.43416833877563	0.734386473894119	3.31456041921407
30	ctrl_M1	ctrl	7.78831386566162	3.53317919373512	2.20433593616523
30	ctrl_M2	ctrl	10.3688879013062	5.73023909330368	1.80950353597342
30	ctrl_M3	ctrl	11.6593332290649	6.40969501435757	1.81901528901895
30	mut_M1	mut	19.4685363769531	3.33295631408691	5.84122158897443
30	mut_M2	mut	13.0472440719604	4.62595856189728	2.8204411901626
30	mut_M3	mut	12.9761810302734	3.23596620559692	4.00998657150061
31	ctrl_M1	ctrl	0	1.24128153920174	0
31	ctrl_M2	ctrl	0	0.620762526988983	0
31	ctrl_M3	ctrl	1.81898927688599	1.94492787122726	0.935247678742035
31	mut_M1	mut	1.36820650100708	2.06923949718475	0.661212248687769
31	mut_M2	mut	3.05145335197449	0.883244931697845	3.45482124206333
31	mut_M3	mut	1.55385041236877	1.61935320496559	0.959550027507304
32	ctrl_M1	ctrl	5.20223331451416	3.18027913570404	1.63577883969688
32	ctrl_M2	ctrl	10.151439666748	14.5771815776825	0.696392482500855
32	ctrl_M3	ctrl	9.59427165985107	7.01866185665131	1.36696593393497
32	mut_M1	mut	20.7052345275879	5.30657199025154	3.90180978711389
32	mut_M2	mut	10.6318769454956	11.7191722393036	0.907220811196765
32	mut_M3	mut	3.11944723129272	1.88476222753525	1.65508793932702
33	ctrl_M1	ctrl	7.84556007385254	6.81030595302582	1.15201286520274
33	ctrl_M2	ctrl	11.819052696228	6.82593309879303	1.73149260696942
33	ctrl_M3	ctrl	11.0293836593628	9.19493448734283	1.19950649725076
33	mut_M1	mut	20.7675113677979	8.24478101730347	2.51886755078306
33	mut_M2	mut	12.3987083435059	5.54162281751633	2.23737860763732
33	mut_M3	mut	14.4772462844849	5.76707665622234	2.51032666071202
34	ctrl_M1	ctrl	2.96699786186218	6.59160566329956	0.450117621322783
34	ctrl_M2	ctrl	4.69385194778442	22.8591993153095	0.205337548487134
34	ctrl_M3	ctrl	4.81418991088867	11.4034355580807	0.422170133410124
34	mut_M1	mut	12.1809368133545	15.5369931161404	0.783995765609274
34	mut_M2	mut	8.07023620605469	20.0082064270973	0.403346308698869
34	mut_M3	mut	8.35315227508545	17.9548031687737	0.465232183085858
35	ctrl_M1	ctrl	0	0.5202277302742	0
35	ctrl_M2	ctrl	2.86996269226074	1.26324653625488	2.27189436890858
35	ctrl_M3	ctrl	0.434536218643188	1.26120111346245	0.344541575490868
35	mut_M1	mut	5.68294668197632	0.711102575063705	7.99173970290742
35	mut_M2	mut	3.59168219566345	1.5108947455883	2.37718888503047
35	mut_M3	mut	2.78021311759949	1.06378355622292	2.61351390641058
36	ctrl_M1	ctrl	0	0	NA
36	ctrl_M2	ctrl	0	0.365676194429398	0
36	ctrl_M3	ctrl	1.01758098602295	0	NA
36	mut_M1	mut	11.250904083252	0.26768034696579	42.0311173785569
36	mut_M2	mut	4.63777494430542	0.589685142040253	7.86483262620315
36	mut_M3	mut	5.69855690002441	0.901221215724945	6.32314996650459
37	ctrl_M1	ctrl	4.6589150428772	1.05760139226913	4.40517105682063
37	ctrl_M2	ctrl	5.44071245193481	1.88311952352524	2.8892018716633
37	ctrl_M3	ctrl	12.5869960784912	2.43497896194458	5.16924222969023
37	mut_M1	mut	11.5752782821655	1.80546274781227	6.41125290244377
37	mut_M2	mut	5.69550752639771	2.865503937006	1.9876111328427
37	mut_M3	mut	14.200984954834	1.95596858859062	7.26033385079386
38	ctrl_M1	ctrl	4.73098230361938	1.97030067443848	2.4011473807
38	ctrl_M2	ctrl	3.36424517631531	3.70244884490967	0.908654060390506
38	ctrl_M3	ctrl	4.66596603393555	3.37569791078568	1.3822226269203
38	mut_M1	mut	18.516263961792	2.44735860824585	7.56581561010528
38	mut_M2	mut	11.4356145858765	2.44720631837845	4.67292622611969
38	mut_M3	mut	8.47010326385498	2.66208425164223	3.1817562718497
39	ctrl_M1	ctrl	3.88888549804688	2.62864432483912	1.47942628118199
39	ctrl_M2	ctrl	5.24288988113403	4.43376964330673	1.18249036438976
39	ctrl_M3	ctrl	4.05285453796387	4.94095428287983	0.820257445410255
39	mut_M1	mut	13.4018726348877	4.19446179270744	3.19513522764432
39	mut_M2	mut	3.82200241088867	4.73906520009041	0.806488674352013
39	mut_M3	mut	7.17120409011841	5.57396101951599	1.28655440269676
40	ctrl_M1	ctrl	9.89516448974609	1.00881192088127	9.80873073060233
40	ctrl_M2	ctrl	5.38078498840332	2.6574432849884	2.02479767632249
40	ctrl_M3	ctrl	10.8394975662231	2.14576071500778	5.05158729508375
40	mut_M1	mut	14.1925573348999	1.65139982104301	8.5942587337426
40	mut_M2	mut	6.03103828430176	2.19561752676964	2.74685286065059
40	mut_M3	mut	10.1243295669556	1.70032370090485	5.95435419830224
41	ctrl_M1	ctrl	4.17310428619385	0.288008868694305	14.4894992474111
41	ctrl_M2	ctrl	10.1768980026245	1.38997304439545	7.3216513396854
41	ctrl_M3	ctrl	8.18745803833008	0.715778350830078	11.4385382413916
41	mut_M1	mut	11.4689340591431	0.578550934791565	19.8235511680143
41	mut_M2	mut	9.11691379547119	0.861256629228592	10.5855949156955
41	mut_M3	mut	6.66769456863403	1.47882103919983	4.50879071360916
42	ctrl_M1	ctrl	5.65771436691284	1.7246562987566	3.28048804332307
42	ctrl_M2	ctrl	4.88533687591553	1.827591329813	2.67310136364862
42	ctrl_M3	ctrl	7.9618239402771	2.26480153203011	3.51546209576269
42	mut_M1	mut	13.3084173202515	1.79725097119808	7.40487418481116
42	mut_M2	mut	5.63036727905273	2.03220981359482	2.7705639650923
42	mut_M3	mut	5.60648059844971	1.75288002192974	3.19843944155262
43	ctrl_M1	ctrl	7.17491340637207	1.74059280753136	4.12210907417691
43	ctrl_M2	ctrl	5.76817321777344	2.94364914298058	1.95953149903351
43	ctrl_M3	ctrl	7.17152690887451	2.73406079411507	2.62303125238139
43	mut_M1	mut	11.1203107833862	3.50225451588631	3.17518636436737
43	mut_M2	mut	6.64662027359009	2.6244812309742	2.53254631625728
43	mut_M3	mut	6.64914989471436	1.97594147920609	3.3650540588813
44	ctrl_M1	ctrl	5.29887580871582	1.38383355736732	3.82912799050535
44	ctrl_M2	ctrl	3.31894159317017	2.4247527718544	1.36877525481986
44	ctrl_M3	ctrl	6.37895393371582	1.48706287145615	4.28963297797186
44	mut_M1	mut	3.53490948677063	0.928014233708382	3.8091112812408
44	mut_M2	mut	5.95378017425537	0.719978913664818	8.26938131277984
44	mut_M3	mut	9.89715576171875	1.22289952635765	8.09318799165535
45	ctrl_M1	ctrl	3.0011727809906	8.30347084999084	0.361435938682667
45	ctrl_M2	ctrl	2.93034076690674	11.863421484828	0.247006377599778
45	ctrl_M3	ctrl	12.1147003173828	15.2973416745663	0.791948076673021
45	mut_M1	mut	21.0886268615723	10.66613894701	1.97715658555938
45	mut_M2	mut	5.58436012268066	11.9327231943607	0.467987066466083
45	mut_M3	mut	10.218487739563	9.96277703344822	1.02566660934559
46	ctrl_M1	ctrl	0.891060352325439	1.12805264443159	0.789910255273974
46	ctrl_M2	ctrl	3.02241063117981	0.812108382582664	3.72168382447667
46	ctrl_M3	ctrl	0.822733402252197	0.834750235080719	0.98560427739519
46	mut_M1	mut	2.08374214172363	1.08858822286129	1.91416928638695
46	mut_M2	mut	3.25668621063232	0.931860014796257	3.49482342725519
46	mut_M3	mut	3.41556668281555	0.942236930131912	3.62495522473034
47	ctrl_M1	ctrl	4.2661919593811	0.914137169718742	4.66690569063471
47	ctrl_M2	ctrl	3.22907400131226	1.34514358639717	2.40054224245383
47	ctrl_M3	ctrl	2.53848910331726	1.25099945813417	2.02916882722182
47	mut_M1	mut	4.45138931274414	1.65148454904556	2.69538659342391
47	mut_M2	mut	3.68307042121887	1.21438626945019	3.03286566545781
47	mut_M3	mut	3.79686498641968	0.458785176277161	8.27591034485805
48	ctrl_M1	ctrl	0.609307587146759	0.881053298711777	0.691567227587312
48	ctrl_M2	ctrl	0.572627782821655	0	NA
48	ctrl_M3	ctrl	3.25440335273743	0.309624582529068	10.5108041685673
48	mut_M1	mut	7.70726490020752	0.607467591762543	12.6875326432562
48	mut_M2	mut	3.98286461830139	0.328810334205627	12.1129545028552
48	mut_M3	mut	2.27534055709839	0.959123849868774	2.37231151890311
49	ctrl_M1	ctrl	1.97925209999084	2.00913280248642	0.985127562270351
49	ctrl_M2	ctrl	3.44848561286926	3.56939542293549	0.966125969319817
49	ctrl_M3	ctrl	9.95820426940918	3.8705894947052	2.57278749994841
49	mut_M1	mut	15.7275810241699	3.69159716367722	4.26037303823899
49	mut_M2	mut	8.01367378234863	2.49591919779778	3.21071042260476
49	mut_M3	mut	9.98660087585449	2.71094259619713	3.68381126544824
50	ctrl_M1	ctrl	2.67664074897766	0.847821116447449	3.1570819563841
50	ctrl_M2	ctrl	4.74393844604492	1.35947611927986	3.48953422481439
50	ctrl_M3	ctrl	4.22211885452271	0.542819440364838	7.77812756979549
50	mut_M1	mut	3.28663086891174	0.265191704034805	12.3934150989896
50	mut_M2	mut	5.5622706413269	1.66902628540993	3.33264412307369
50	mut_M3	mut	7.97395277023315	0.271586239337921	29.3606656569649
51	ctrl_M1	ctrl	5.42068767547607	2.43108135461807	2.22974342885686
51	ctrl_M2	ctrl	5.28705406188965	3.19619750976562	1.6541700084978
51	ctrl_M3	ctrl	4.4913158416748	4.86766117811203	0.922684566023308
51	mut_M1	mut	13.0531702041626	5.46329838037491	2.38924717182788
51	mut_M2	mut	10.6142263412476	5.88612043857574	1.80326353359767
51	mut_M3	mut	6.67957782745361	3.15659013390541	2.11607384680933
52	ctrl_M1	ctrl	2.07644987106323	0.658788651227951	3.15192113159938
52	ctrl_M2	ctrl	5.46072101593018	1.08206748962402	5.04656231546848
52	ctrl_M3	ctrl	4.7712779045105	1.2107889354229	3.9406355351637
52	mut_M1	mut	3.48099255561829	1.37934939563274	2.52364815371631
52	mut_M2	mut	5.41395235061646	1.51809469610453	3.56628105249877
52	mut_M3	mut	3.25707197189331	0.802669212222099	4.05780104967085
53	ctrl_M1	ctrl	1.7573070526123	3.35465085506439	0.523842011742999
53	ctrl_M2	ctrl	0.893164396286011	1.51291292905807	0.590360739954867
53	ctrl_M3	ctrl	7.00715398788452	4.34703260660172	1.61193959696621
53	mut_M1	mut	6.18865919113159	3.42837119102478	1.80513102179048
53	mut_M2	mut	5.53764724731445	2.89772430062294	1.91103316700074
53	mut_M3	mut	4.45479106903076	1.92058175802231	2.3195008754108
54	ctrl_M1	ctrl	3.15801501274109	0.840611785650253	3.75680553931113
54	ctrl_M2	ctrl	7.44304752349854	1.8283067047596	4.07100597734624
54	ctrl_M3	ctrl	6.0481915473938	3.00346124172211	2.01374050158407
54	mut_M1	mut	9.79464149475098	3.5070658326149	2.79283080564473
54	mut_M2	mut	7.96296119689941	0.873778998851776	9.11324397515099
54	mut_M3	mut	6.60699987411499	1.72018513083458	3.84086558805998
55	ctrl_M1	ctrl	6.11208820343018	1.32771357893944	4.60346892611616
55	ctrl_M2	ctrl	4.20883798599243	1.66361200809479	2.52993965270334
55	ctrl_M3	ctrl	8.97603893280029	3.94072875380516	2.27776116895461
55	mut_M1	mut	4.9477858543396	4.40388631820679	1.12350444512707
55	mut_M2	mut	6.01803922653198	2.96841478347778	2.02735792182024
55	mut_M3	mut	3.42358732223511	1.62867154181004	2.10207352087105
56	ctrl_M1	ctrl	5.1121883392334	3.11066675186157	1.64343812662479
56	ctrl_M2	ctrl	6.57641506195068	1.230115711689	5.34617597308876
56	ctrl_M3	ctrl	7.0747218132019	2.18056938052177	3.24443784105096
56	mut_M1	mut	13.4424858093262	2.30607940256596	5.82915132686621
56	mut_M2	mut	9.62484359741211	2.94683423638344	3.26616389838893
56	mut_M3	mut	14.7425346374512	1.03974977135658	14.178925587275
57	ctrl_M1	ctrl	1.03917682170868	3.8226455450058	0.271847548896167
57	ctrl_M2	ctrl	7.26110649108887	3.56754133105278	2.03532512094152
57	ctrl_M3	ctrl	2.34028100967407	3.43310487270355	0.681680605879981
57	mut_M1	mut	13.2929630279541	5.12363427877426	2.59444025562539
57	mut_M2	mut	3.9318835735321	2.7184576690197	1.44636556910227
57	mut_M3	mut	9.35420703887939	3.09256601333618	3.02473964938531
58	ctrl_M1	ctrl	1.74649918079376	0.638944923877716	2.73341115255188
58	ctrl_M2	ctrl	1.56962871551514	1.05971646308899	1.48117800391606
58	ctrl_M3	ctrl	1.51168787479401	0.450630486011505	3.3546063165274
58	mut_M1	mut	1.33755552768707	0.549090653657913	2.43594663062755
58	mut_M2	mut	7.06870174407959	1.06090874969959	6.66287439525894
58	mut_M3	mut	2.96939206123352	1.17241384088993	2.5327166548798
59	ctrl_M1	ctrl	8.41901779174805	3.65836018323898	2.30130915767133
59	ctrl_M2	ctrl	16.6332988739014	5.95491743087769	2.79320394732154
59	ctrl_M3	ctrl	11.0169105529785	4.59057918190956	2.39989555052088
59	mut_M1	mut	12.7753458023071	4.73872953653336	2.69594322778189
59	mut_M2	mut	12.3990106582642	6.02059864997864	2.05943152485478
59	mut_M3	mut	20.5088195800781	6.80291974544525	3.0147084410057
60	ctrl_M1	ctrl	12.4261655807495	3.06668698787689	4.05198366506662
60	ctrl_M2	ctrl	13.4716873168945	5.87793968617916	2.29190635429122
60	ctrl_M3	ctrl	11.9543380737305	5.01461663842201	2.38389869768634
60	mut_M1	mut	20.7260837554932	6.87512904405594	3.01464650665901
60	mut_M2	mut	17.8826503753662	5.35385003685951	3.34014779126236
60	mut_M3	mut	11.7809743881226	4.91626250743866	2.39632736663209
61	ctrl_M1	ctrl	2.97022151947021	1.77149391174316	1.67667610923229
61	ctrl_M2	ctrl	3.69260954856873	5.79602453112602	0.6370934989558
61	ctrl_M3	ctrl	8.92189311981201	2.43502154946327	3.66398938924322
61	mut_M1	mut	4.94326782226562	4.78583383560181	1.032895832173
61	mut_M2	mut	8.33214569091797	3.91574448347092	2.12785735282001
61	mut_M3	mut	5.60695695877075	3.42191171646118	1.6385451827405
62	ctrl_M1	ctrl	1.25315535068512	1.28392170369625	0.97603720466555
62	ctrl_M2	ctrl	1.89828550815582	2.60621520876884	0.728368671078609
62	ctrl_M3	ctrl	0.633840382099152	2.11500233411789	0.299687793187949
62	mut_M1	mut	4.20342111587524	1.50097464025021	2.80046111583508
62	mut_M2	mut	2.33084678649902	1.3623129427433	1.71094813340419
62	mut_M3	mut	3.26367998123169	2.75306949019432	1.18546952514494
63	ctrl_M1	ctrl	0.725247979164124	0.76101341843605	0.95300287957415
63	ctrl_M2	ctrl	2.71019673347473	0.773502081632614	3.50380018080155
63	ctrl_M3	ctrl	1.892857670784	1.03928184509277	1.82131313052527
63	mut_M1	mut	3.16855239868164	0.507042787969112	6.24908286610845
63	mut_M2	mut	1.23678481578827	1.09815761446953	1.12623616090456
63	mut_M3	mut	4.61884880065918	0.780365534126759	5.91882726577327
64	ctrl_M1	ctrl	0.994756996631622	0.426067769527435	2.33473890253407
64	ctrl_M2	ctrl	1.04504632949829	0.537857174873352	1.9429811078459
64	ctrl_M3	ctrl	1.01123666763306	0.371360808610916	2.72305704906129
64	mut_M1	mut	1.35470759868622	0	NA
64	mut_M2	mut	1.01150619983673	0.349585831165314	2.89344163768012
64	mut_M3	mut	0.531388580799103	0.892863929271698	0.595150686882997
65	ctrl_M1	ctrl	3.49201464653015	19.757279664278	0.176745721367899
65	ctrl_M2	ctrl	9.85724353790283	20.4759849309921	0.481405098271149
65	ctrl_M3	ctrl	12.6234712600708	22.4684009552002	0.561832205382162
65	mut_M1	mut	15.3129091262817	24.5738097727299	0.623139401985395
65	mut_M2	mut	8.63393497467041	20.3722686469555	0.423808223045434
65	mut_M3	mut	11.8080587387085	15.1116831302643	0.781386073074839
66	ctrl_M1	ctrl	4.10369396209717	3.36141300201416	1.22082408785776
66	ctrl_M2	ctrl	3.91995120048523	1.82442735135555	2.14859265159158
66	ctrl_M3	ctrl	8.20283508300781	3.45294088125229	2.37560831914182
66	mut_M1	mut	10.4676465988159	0.952024832367897	10.9951402977384
66	mut_M2	mut	15.2220096588135	1.56609870493412	9.71970004882535
66	mut_M3	mut	8.96123218536377	1.07098314166069	8.36729527924061
67	ctrl_M1	ctrl	4.06200122833252	3.82498450577259	1.06196540723295
67	ctrl_M2	ctrl	7.89340829849243	5.41671866178513	1.45723062085176
67	ctrl_M3	ctrl	12.2081928253174	6.0632808804512	2.01346318371596
67	mut_M1	mut	11.4771318435669	5.56220236420631	2.06341500938983
67	mut_M2	mut	13.0247955322266	6.58521860837936	1.97788354598481
67	mut_M3	mut	11.2436094284058	4.72340023517609	2.38040582389618
68	ctrl_M1	ctrl	11.1115856170654	19.0860474854708	0.582183693377275
68	ctrl_M2	ctrl	8.07088756561279	21.6741832494736	0.372373319571745
68	ctrl_M3	ctrl	9.94522094726562	24.6375915408134	0.403660436158739
68	mut_M1	mut	11.8191957473755	25.8133311271667	0.457871775213723
68	mut_M2	mut	17.1431446075439	19.6020640730858	0.874558135491557
68	mut_M3	mut	11.5496006011963	19.6843646913767	0.586739820272479
69	ctrl_M1	ctrl	1.67657685279846	1.43163169920444	1.17109508942149
69	ctrl_M2	ctrl	3.68084239959717	2.56503921747208	1.43500433620066
69	ctrl_M3	ctrl	3.65118360519409	1.02405568957329	3.56541508666926
69	mut_M1	mut	5.50260591506958	3.30633562803268	1.66426114409435
69	mut_M2	mut	9.15593528747559	2.46403694152832	3.71582711815863
69	mut_M3	mut	5.59419822692871	2.51303079724312	2.22607627135558
70	ctrl_M1	ctrl	2.03192019462585	7.1918630450964	0.282530435004775
70	ctrl_M2	ctrl	3.62191271781921	7.61230540275574	0.475797084613558
70	ctrl_M3	ctrl	1.4184490442276	10.4644796848297	0.135548931905703
70	mut_M1	mut	7.95365905761719	6.03548865020275	1.31781526212463
70	mut_M2	mut	13.0290403366089	5.88263115286827	2.21483210455174
70	mut_M3	mut	8.24675846099854	4.84220811724663	1.70309872300322
71	ctrl_M1	ctrl	4.16795301437378	1.97389356791973	2.1115388803695
71	ctrl_M2	ctrl	6.89366245269775	1.9407392591238	3.5520806931118
71	ctrl_M3	ctrl	4.10271453857422	2.00765267014503	2.04353800813456
71	mut_M1	mut	7.74848222732544	1.96898871660233	3.93525984277664
71	mut_M2	mut	2.44341039657593	1.92093731462955	1.2719886161653
71	mut_M3	mut	8.98556327819824	1.11999189853668	8.02288238864787
72	ctrl_M1	ctrl	9.36934280395508	14.633699297905	0.640257983522761
72	ctrl_M2	ctrl	8.54776382446289	15.8898481428623	0.53793867302014
72	ctrl_M3	ctrl	12.3875856399536	16.3330860733986	0.758435092075407
72	mut_M1	mut	11.3826961517334	16.3677645325661	0.695433767334925
72	mut_M2	mut	16.4930114746094	14.9581642746925	1.10260932904137
72	mut_M3	mut	14.6420412063599	14.9739867448807	0.977831853054478
73	ctrl_M1	ctrl	2.35956645011902	10.5832347869873	0.222953236662598
73	ctrl_M2	ctrl	13.2409963607788	14.1671763658524	0.934624939991151
73	ctrl_M3	ctrl	7.40724611282349	9.60865008831024	0.770893522476695
73	mut_M1	mut	12.0441770553589	11.8495528697968	1.01642460164537
73	mut_M2	mut	13.9555568695068	12.0613592863083	1.15704677542844
73	mut_M3	mut	9.133056640625	11.7538600564003	0.777026151136775
74	ctrl_M1	ctrl	1.12041044235229	1.3703430891037	0.817613086285656
74	ctrl_M2	ctrl	8.91270732879639	4.00699430704117	2.22428749477752
74	ctrl_M3	ctrl	4.87918949127197	3.19913095235825	1.52516091524021
74	mut_M1	mut	14.8082513809204	3.76790580153465	3.93010127134523
74	mut_M2	mut	13.5040578842163	2.28137683868408	5.91925790392681
74	mut_M3	mut	9.52558422088623	2.17382547259331	4.38194525778673
75	ctrl_M1	ctrl	6.34952592849731	7.49434369802475	0.847242424999914
75	ctrl_M2	ctrl	8.46853828430176	8.85776382684708	0.95605826141293
75	ctrl_M3	ctrl	13.1241636276245	10.3106350898743	1.27287635661874
75	mut_M1	mut	11.3473815917969	5.12431165575981	2.21442065863465
75	mut_M2	mut	20.412540435791	7.29579919576645	2.79784844512111
75	mut_M3	mut	15.9554834365845	7.77581000328064	2.05193843854888
76	ctrl_M1	ctrl	5.7926459312439	2.77734506130219	2.08567743776424
76	ctrl_M2	ctrl	8.44351387023926	4.70785036683083	1.79349665183245
76	ctrl_M3	ctrl	6.70265054702759	4.80502733588219	1.39492454017371
76	mut_M1	mut	8.96357727050781	4.59862059354782	1.94918825942813
76	mut_M2	mut	13.18541431427	5.05213902890682	2.60986766967952
76	mut_M3	mut	6.82721757888794	2.37527900934219	2.87428026435457
77	ctrl_M1	ctrl	3.85878252983093	2.90145292878151	1.32994834813724
77	ctrl_M2	ctrl	4.54477596282959	4.02516235411167	1.12909134166654
77	ctrl_M3	ctrl	1.67037642002106	4.42794996500015	0.377234709792164
77	mut_M1	mut	6.54628705978394	4.82974514365196	1.35541045439802
77	mut_M2	mut	11.7988367080688	3.52458766102791	3.34757930368168
77	mut_M3	mut	7.22006940841675	3.70758132636547	1.9473799150603
78	ctrl_M1	ctrl	7.33722066879272	2.68059197068214	2.73716430886928
78	ctrl_M2	ctrl	5.30131530761719	7.07315808534622	0.74949764216357
78	ctrl_M3	ctrl	6.32193851470947	2.36743657290936	2.67037292025121
78	mut_M1	mut	11.4512825012207	3.74284496903419	3.05951290955436
78	mut_M2	mut	10.9653940200806	4.36073839664459	2.51457276788674
78	mut_M3	mut	8.53466320037842	2.66575442254543	3.20159393836022
79	ctrl_M1	ctrl	3.25140786170959	1.88707982003689	1.7229837483218
79	ctrl_M2	ctrl	4.18284225463867	1.65697249770164	2.52438846175215
79	ctrl_M3	ctrl	3.49969553947449	2.83832977712154	1.23301230451934
79	mut_M1	mut	2.01986908912659	2.7895497828722	0.724084259592196
79	mut_M2	mut	2.85247015953064	2.08320811390877	1.36926797686981
79	mut_M3	mut	1.86964106559753	1.54389442503452	1.21099023047235
80	ctrl_M1	ctrl	12.3547992706299	8.55685247480869	1.4438485771494
80	ctrl_M2	ctrl	8.77684593200684	13.2917289584875	0.66032387204242
80	ctrl_M3	ctrl	9.35426425933838	12.9980000555515	0.719669504489894
80	mut_M1	mut	16.8353366851807	13.9002764374018	1.211151214222
80	mut_M2	mut	18.6622047424316	11.5796394944191	1.61163952914303
80	mut_M3	mut	13.3613319396973	11.1917863786221	1.19385158791266
81	ctrl_M1	ctrl	5.36390256881714	3.61369872093201	1.484324782735
81	ctrl_M2	ctrl	6.43903207778931	3.9160161614418	1.64428128289914
81	ctrl_M3	ctrl	6.80870962142944	4.45361231267452	1.52880608894774
81	mut_M1	mut	9.37444972991943	3.81505483388901	2.45722542351069
81	mut_M2	mut	10.3704214096069	4.24916064739227	2.4405811571213
81	mut_M3	mut	5.23676204681396	3.06900942325592	1.70633625531794
82	ctrl_M1	ctrl	3.98100066184998	2.15287706255913	1.84915373528935
82	ctrl_M2	ctrl	3.01925206184387	2.52893853187561	1.19388115756401
82	ctrl_M3	ctrl	8.90768718719482	2.52546381950378	3.52714900067151
82	mut_M1	mut	7.20901393890381	2.70570063591003	2.66437973337695
82	mut_M2	mut	9.88355159759521	4.26090440154076	2.31959008374403
82	mut_M3	mut	6.28206348419189	2.29612571001053	2.73594057015419
83	ctrl_M1	ctrl	7.63767004013062	0.961028903722763	7.94738848180775
83	ctrl_M2	ctrl	10.8936548233032	0.650929272174835	16.7355429982526
83	ctrl_M3	ctrl	8.50445747375488	0.305052816867828	27.8786393814539
83	mut_M1	mut	15.2967281341553	0.699453443288803	21.8695444005975
83	mut_M2	mut	19.7828788757324	0.976912170648575	20.2504170488515
83	mut_M3	mut	14.690375328064	0.742819398641586	19.7765100843202
84	ctrl_M1	ctrl	3.15521264076233	2.6085000038147	1.20958889635734
84	ctrl_M2	ctrl	3.2866837978363	2.40124723315239	1.36874027482855
84	ctrl_M3	ctrl	4.52218627929688	0.825940638780594	5.47519527065936
84	mut_M1	mut	5.67575740814209	1.8986873626709	2.98930593826566
84	mut_M2	mut	5.64578008651733	0.93304705619812	6.05090605989601
84	mut_M3	mut	7.35392236709595	0.845741331577301	8.69523823954653
85	ctrl_M1	ctrl	9.39144992828369	1.24071285128593	7.56939844586114
85	ctrl_M2	ctrl	3.15486073493958	1.99477352201939	1.58156337053531
85	ctrl_M3	ctrl	6.02862977981567	3.00348183512688	2.00721366425744
85	mut_M1	mut	6.95491790771484	2.01715156435966	3.44789059513366
85	mut_M2	mut	9.78456974029541	4.14392358064651	2.36118488912116
85	mut_M3	mut	6.63991689682007	4.24500459432602	1.56417189882318
86	ctrl_M1	ctrl	6.45049810409546	7.30381721258163	0.883168063541317
86	ctrl_M2	ctrl	8.72372722625732	9.66844397783279	0.902288646059132
86	ctrl_M3	ctrl	7.94932460784912	11.5282289981842	0.68955297549183
86	mut_M1	mut	9.09067249298096	7.26986657083035	1.2504593315999
86	mut_M2	mut	14.8991785049438	9.74547982215881	1.52882964993338
86	mut_M3	mut	11.7672748565674	8.61569660902023	1.36579494271509
87	ctrl_M1	ctrl	6.96249580383301	6.02850612998009	1.1549288751998
87	ctrl_M2	ctrl	11.685583114624	7.08547604084015	1.64923048885766
87	ctrl_M3	ctrl	12.8986597061157	6.14920061826706	2.09761569134669
87	mut_M1	mut	13.4635324478149	5.45650216937065	2.46742913865052
87	mut_M2	mut	16.0208377838135	5.04250127077103	3.17716088177878
87	mut_M3	mut	9.9601936340332	4.15701377391815	2.39599726527856
88	ctrl_M1	ctrl	6.7512149810791	5.67156916856766	1.19036104126084
88	ctrl_M2	ctrl	7.61321115493774	5.0368632376194	1.51149848542166
88	ctrl_M3	ctrl	8.97298145294189	5.04502433538437	1.77858041040713
88	mut_M1	mut	9.68032264709473	7.46767765283585	1.29629626466518
88	mut_M2	mut	11.9811658859253	4.61913903057575	2.59380932390595
88	mut_M3	mut	9.31176567077637	4.77242457866669	1.95116036247091
89	ctrl_M1	ctrl	1.37548840045929	0.397992044687271	3.4560700868785
89	ctrl_M2	ctrl	3.78516721725464	1.3994916677475	2.70467292123784
89	ctrl_M3	ctrl	2.69347023963928	2.02329817414284	1.33122753436001
89	mut_M1	mut	1.70800805091858	2.14837649464607	0.79502268581651
89	mut_M2	mut	1.22876036167145	1.76452846825123	0.69636754735345
89	mut_M3	mut	2.75871133804321	0.904426649212837	3.0502322553678
90	ctrl_M1	ctrl	2.14223408699036	7.19224214553833	0.297853443146277
90	ctrl_M2	ctrl	5.49419212341309	6.87537395954132	0.799111750974433
90	ctrl_M3	ctrl	2.89722013473511	5.52048659324646	0.524812457343787
90	mut_M1	mut	8.0155725479126	5.48620653152466	1.46104097646594
90	mut_M2	mut	17.3824768066406	6.73322093486786	2.58159905560588
90	mut_M3	mut	5.87643575668335	7.44771033525467	0.789025820307015
91	ctrl_M1	ctrl	3.93203902244568	1.53618931770325	2.55960575765783
91	ctrl_M2	ctrl	5.53991889953613	1.53266398608685	3.61456845716098
91	ctrl_M3	ctrl	2.76531004905701	1.58290758728981	1.74698135965831
91	mut_M1	mut	6.05819416046143	3.19869859516621	1.89395592620587
91	mut_M2	mut	12.9216794967651	1.1096279323101	11.6450560773681
91	mut_M3	mut	9.9056224822998	1.77539587020874	5.5793880387562
92	ctrl_M1	ctrl	2.35217761993408	1.19395577907562	1.97007097009503
92	ctrl_M2	ctrl	5.4197564125061	0.795949578285217	6.80917053085492
92	ctrl_M3	ctrl	0.645161151885986	0.608124330639839	1.06090337021572
92	mut_M1	mut	5.88617467880249	0.764054879546165	7.7038637359384
92	mut_M2	mut	3.98415350914001	0.601973220705986	6.61848961398557
92	mut_M3	mut	1.75698888301849	0.374412447214127	4.69265617660855
93	ctrl_M1	ctrl	8.09080219268799	4.86485135555267	1.66311395793281
93	ctrl_M2	ctrl	4.90006160736084	6.79494833946228	0.721133018613738
93	ctrl_M3	ctrl	5.42906951904297	5.60158155858517	0.969202976384803
93	mut_M1	mut	10.2069644927979	6.02061891555786	1.69533475477447
93	mut_M2	mut	6.59685230255127	5.66600996255875	1.16428533414935
93	mut_M3	mut	6.29889488220215	4.6802890598774	1.34583458449191
94	ctrl_M1	ctrl	5.60989236831665	4.69559615850449	1.19471355264575
94	ctrl_M2	ctrl	11.2220087051392	6.32291412353516	1.77481592915656
94	ctrl_M3	ctrl	8.42376327514648	5.84272259473801	1.44175307633687
94	mut_M1	mut	14.3539514541626	5.6698557138443	2.5316255260454
94	mut_M2	mut	17.9383716583252	4.82613146305084	3.7169256154049
94	mut_M3	mut	10.2901439666748	5.25917834043503	1.95660677402007
95	ctrl_M1	ctrl	2.44989991188049	7.20398300886154	0.34007574821691
95	ctrl_M2	ctrl	2.75357222557068	11.9539611935616	0.23034809808934
95	ctrl_M3	ctrl	10.0125503540039	15.3908693194389	0.650551320149141
95	mut_M1	mut	9.75623989105225	9.93002817034721	0.982498712358749
95	mut_M2	mut	10.0593376159668	13.7903468608856	0.729447759178465
95	mut_M3	mut	9.35351657867432	10.5598030686378	0.885766194490298
96	ctrl_M1	ctrl	3.37668895721436	0.642949938774109	5.25186916364371
96	ctrl_M2	ctrl	3.65985608100891	2.02078494429588	1.81110617007499
96	ctrl_M3	ctrl	3.6016674041748	2.08878916501999	1.72428479833691
96	mut_M1	mut	4.06689119338989	1.45851483941078	2.78837834453084
96	mut_M2	mut	2.3890118598938	2.05473539233208	1.16268589561906
96	mut_M3	mut	0	1.81230318546295	0
97	ctrl_M1	ctrl	5.02332401275635	1.27544306218624	3.938493345321
97	ctrl_M2	ctrl	7.18206262588501	3.06826685369015	2.34075553671196
97	ctrl_M3	ctrl	9.08422565460205	2.01338088512421	4.51192604525082
97	mut_M1	mut	12.0979280471802	1.82463449239731	6.63032957975338
97	mut_M2	mut	14.7324991226196	2.92937758564949	5.02922504589083
97	mut_M3	mut	10.195689201355	1.23932601511478	8.22680156553534
98	ctrl_M1	ctrl	3.74353170394897	1.72573821246624	2.16923498413999
98	ctrl_M2	ctrl	5.54370927810669	1.99859061837196	2.77380931699887
98	ctrl_M3	ctrl	2.70315361022949	1.50962959229946	1.79060719531343
98	mut_M1	mut	0	1.18046775460243	0
98	mut_M2	mut	6.70183992385864	2.38004664331675	2.81584394267131
98	mut_M3	mut	4.15572023391724	1.88050982356071	2.20989020203492
99	ctrl_M1	ctrl	3.22417616844177	0.469946138560772	6.86073552666256
99	ctrl_M2	ctrl	2.23753833770752	0.11932984739542	18.7508690117825
99	ctrl_M3	ctrl	3.20067048072815	0.540802344679832	5.91837389799599
99	mut_M1	mut	3.88410997390747	0.405877977609634	9.56964947145551
99	mut_M2	mut	5.03952264785767	0.440426617860794	11.4423662046932
99	mut_M3	mut	3.17645668983459	0.445153713226318	7.13564010690318
100	ctrl_M1	ctrl	5.8436450958252	1.87201258540154	3.12158429991098
100	ctrl_M2	ctrl	13.3491687774658	5.54899364709854	2.40569184728583
100	ctrl_M3	ctrl	14.3558959960938	5.03120002150536	2.85337413236026
100	mut_M1	mut	13.9768476486206	5.49485313892365	2.54362533360781
100	mut_M2	mut	13.5060043334961	3.93669480085373	3.43079791975927
100	mut_M3	mut	8.99078273773193	3.53528483211994	2.54315653891474
101	ctrl_M1	ctrl	3.71994113922119	2.0550372749567	1.81015750154681
101	ctrl_M2	ctrl	2.08701825141907	1.97186735272408	1.05839687874335
101	ctrl_M3	ctrl	2.1747841835022	2.40653596818447	0.903699014788833
101	mut_M1	mut	6.5691294670105	4.12180916965008	1.59374905451244
101	mut_M2	mut	7.77259492874146	2.13418827950954	3.64194434172774
101	mut_M3	mut	4.22759866714478	2.35635261237621	1.79412819836058
102	ctrl_M1	ctrl	1.97768747806549	1.50533291697502	1.31378743915311
102	ctrl_M2	ctrl	2.39527654647827	1.48488301038742	1.61310792144717
102	ctrl_M3	ctrl	5.60915994644165	1.46381849050522	3.83186848835727
102	mut_M1	mut	5.94964075088501	1.67098112404346	3.56056730101653
102	mut_M2	mut	9.6705265045166	2.01991599798203	4.78758845129096
102	mut_M3	mut	5.76222038269043	1.38761639595032	4.15260326953988
103	ctrl_M1	ctrl	2.79716658592224	2.27483043074608	1.22961542456809
103	ctrl_M2	ctrl	4.6084303855896	4.28578314185143	1.07528314734067
103	ctrl_M3	ctrl	6.47418975830078	2.62015461921692	2.47091897203979
103	mut_M1	mut	6.15683031082153	3.51269090175629	1.7527389921337
103	mut_M2	mut	11.0016374588013	2.32053193449974	4.74099808549844
103	mut_M3	mut	3.15520572662354	1.7803296148777	1.77225930538727
104	ctrl_M1	ctrl	5.04112195968628	2.82124924659729	1.78684033882025
104	ctrl_M2	ctrl	5.61472272872925	5.53606683015823	1.01420790264715
104	ctrl_M3	ctrl	7.2406907081604	4.1272189617157	1.75437522828942
104	mut_M1	mut	7.48131704330444	3.54841899871826	2.10835221150794
104	mut_M2	mut	13.2631340026855	4.06844848394394	3.25999802013674
104	mut_M3	mut	9.03875923156738	3.78374201059341	2.38884131271672
105	ctrl_M1	ctrl	4.21195268630981	1.41153745353222	2.98394681329203
105	ctrl_M2	ctrl	3.76442790031433	2.74069029092789	1.3735327602594
105	ctrl_M3	ctrl	5.68652057647705	2.64887581765652	2.14676752249864
105	mut_M1	mut	6.7730917930603	3.45375007390976	1.96108335812294
105	mut_M2	mut	10.3960256576538	4.92038357257843	2.11284862334543
105	mut_M3	mut	7.36338043212891	4.50595074892044	1.63414578685598
106	ctrl_M1	ctrl	11.1074542999268	2.89166921377182	3.84119118709241
106	ctrl_M2	ctrl	10.8557319641113	3.2691967189312	3.32061142153
106	ctrl_M3	ctrl	7.65922975540161	4.0258908867836	1.90249313028968
106	mut_M1	mut	16.9981250762939	4.18414208292961	4.06251143947587
106	mut_M2	mut	18.81862449646	4.49062740802765	4.19064482232904
106	mut_M3	mut	10.823600769043	4.31271475553513	2.50969548940177
107	ctrl_M1	ctrl	9.11829566955566	4.78346705436707	1.90621061374952
107	ctrl_M2	ctrl	7.64338636398315	5.66924253106117	1.34822003505863
107	ctrl_M3	ctrl	11.3214235305786	7.83288192749023	1.44537140166061
107	mut_M1	mut	15.5431604385376	5.74403560161591	2.70596519878202
107	mut_M2	mut	19.6022491455078	5.06543374061584	3.86980664426273
107	mut_M3	mut	13.0330276489258	3.93884745240211	3.30884295632662
108	ctrl_M1	ctrl	5.40515756607056	15.7541730999947	0.343093701698148
108	ctrl_M2	ctrl	7.41448307037354	12.8348506987095	0.577683624408583
108	ctrl_M3	ctrl	13.8141689300537	15.798154592514	0.874416619305622
108	mut_M1	mut	9.89067268371582	19.8932129144669	0.497188298654516
108	mut_M2	mut	34.7140426635742	11.5140314102173	3.01493381655792
108	mut_M3	mut	8.7788028717041	13.1415540724993	0.668018624226118
109	ctrl_M1	ctrl	10.1294746398926	4.51125425100327	2.24537879629371
109	ctrl_M2	ctrl	6.66246843338013	5.62839341163635	1.18372472322313
109	ctrl_M3	ctrl	8.10646438598633	5.1322905421257	1.57950223578511
109	mut_M1	mut	5.33872365951538	2.3404221534729	2.28109431095299
109	mut_M2	mut	9.32680320739746	5.9451869726181	1.56879897139554
109	mut_M3	mut	9.95616722106934	4.8041267991066	2.07241974190207
110	ctrl_M1	ctrl	3.28164076805115	4.32558986544609	0.758657401679648
110	ctrl_M2	ctrl	8.16419696807861	8.4052363038063	0.971322717528056
110	ctrl_M3	ctrl	8.31112575531006	4.99329271912575	1.66445794845475
110	mut_M1	mut	12.9845104217529	5.35505662858486	2.42471953563342
110	mut_M2	mut	9.03944396972656	3.69124342501163	2.44888860714952
110	mut_M3	mut	11.2669553756714	5.89467906951904	1.91137723407742
111	ctrl_M1	ctrl	5.43592166900635	12.1665980815887	0.446790601000646
111	ctrl_M2	ctrl	4.40708494186401	13.1006739139557	0.336401392081769
111	ctrl_M3	ctrl	3.70584225654602	12.8453431129456	0.28849694585513
111	mut_M1	mut	10.3678321838379	15.0954402089119	0.686818803582623
111	mut_M2	mut	8.72190093994141	16.276335299015	0.535863926351358
111	mut_M3	mut	6.25896883010864	11.5449634194374	0.542138472225116
112	ctrl_M1	ctrl	5.29517459869385	2.8822124004364	1.83719097103742
112	ctrl_M2	ctrl	10.8066959381104	5.54836148023605	1.94772744649121
112	ctrl_M3	ctrl	8.16552734375	5.110735476017	1.59772059854558
112	mut_M1	mut	9.70038604736328	4.22080153226852	2.29823316097729
112	mut_M2	mut	17.472562789917	7.48369470238686	2.33475087971511
112	mut_M3	mut	8.30104064941406	4.85032132267952	1.71144138649112
113	ctrl_M1	ctrl	3.60583591461182	1.84685909748077	1.95241527603832
113	ctrl_M2	ctrl	4.21605062484741	3.51551276445389	1.19927046417718
113	ctrl_M3	ctrl	4.19931554794312	2.67998641729355	1.56691672795264
113	mut_M1	mut	5.39108657836914	2.43557789921761	2.21347327059461
113	mut_M2	mut	7.24170780181885	1.57023595273495	4.61185963116286
113	mut_M3	mut	5.45783233642578	0.977113127708435	5.58567087234383
114	ctrl_M1	ctrl	3.39683985710144	2.91106148064137	1.16687327962343
114	ctrl_M2	ctrl	7.27402782440186	4.98810738325119	1.45827410388682
114	ctrl_M3	ctrl	7.53432750701904	3.32672464847565	2.26478843401463
114	mut_M1	mut	8.13583660125732	4.04401811957359	2.01182001679933
114	mut_M2	mut	11.4985570907593	2.98995050787926	3.84573492452726
114	mut_M3	mut	11.8186912536621	2.99642223119736	3.94426764379579
115	ctrl_M1	ctrl	0	1.29801830649376	0
115	ctrl_M2	ctrl	1.91591608524323	1.43271696567535	1.33726069499017
115	ctrl_M3	ctrl	3.11879539489746	1.02024084329605	3.05692074120626
115	mut_M1	mut	4.27569580078125	0.925582259893417	4.6194660226889
115	mut_M2	mut	5.73735523223877	1.40792015194893	4.07505725683149
115	mut_M3	mut	4.74066543579102	0.563708610832691	8.40978006134812
116	ctrl_M1	ctrl	5.03542232513428	3.58417144417763	1.40490554192494
116	ctrl_M2	ctrl	13.5820598602295	5.07176530361176	2.6779748366032
116	ctrl_M3	ctrl	8.44861793518066	5.165935754776	1.63544773613759
116	mut_M1	mut	6.36324262619019	8.77513360977173	0.72514481364754
116	mut_M2	mut	21.2103881835938	4.73769241571426	4.47694496021773
116	mut_M3	mut	10.7867069244385	5.2270747423172	2.06362209384759
117	ctrl_M1	ctrl	2.38168883323669	1.0129732042551	2.35118641167619
117	ctrl_M2	ctrl	2.23663425445557	1.69402542710304	1.32030736886898
117	ctrl_M3	ctrl	3.05068325996399	2.47599884867668	1.23210205109524
117	mut_M1	mut	3.60131144523621	1.28193974494934	2.80926733056281
117	mut_M2	mut	3.76373553276062	0.865501001477242	4.34862065593992
117	mut_M3	mut	3.42787575721741	2.72053545713425	1.26000039743215
118	ctrl_M1	ctrl	2.55467939376831	1.7990417778492	1.42002227253583
118	ctrl_M2	ctrl	4.29923105239868	0.915334045886993	4.69689844021104
118	ctrl_M3	ctrl	5.12571859359741	1.53683024644852	3.33525358798899
118	mut_M1	mut	3.19986915588379	1.22609686851501	2.60980126289639
118	mut_M2	mut	3.62592911720276	1.64490586519241	2.20433837214059
118	mut_M3	mut	5.83671426773071	1.10145537555218	5.29909281599781
119	ctrl_M1	ctrl	1.53770232200623	0.61780846118927	2.48896287215973
119	ctrl_M2	ctrl	1.35141921043396	0	NA
119	ctrl_M3	ctrl	1.57392990589142	1.36582627892494	1.15236463829813
119	mut_M1	mut	5.97289323806763	1.38028025627136	4.32730469839696
119	mut_M2	mut	1.24976003170013	0.227960348129272	5.48235709392502
119	mut_M3	mut	1.30878531932831	2.03462806344032	0.643255316706535
120	ctrl_M1	ctrl	7.71876811981201	0.792213663458824	9.74329082650718
120	ctrl_M2	ctrl	11.1867303848267	3.45648008584976	3.2364515654591
120	ctrl_M3	ctrl	10.0341463088989	1.72045494616032	5.83226333900401
120	mut_M1	mut	11.8170671463013	2.41187706589699	4.89953128763901
120	mut_M2	mut	14.8447294235229	2.03353196382523	7.29997348829418
120	mut_M3	mut	15.1389951705933	1.74552984535694	8.6730084912971
121	ctrl_M1	ctrl	2.54522609710693	8.15305981040001	0.312180476569086
121	ctrl_M2	ctrl	3.25862646102905	8.37991791963577	0.38886138173185
121	ctrl_M3	ctrl	7.58814096450806	8.75466953217983	0.866753557814612
121	mut_M1	mut	8.18605995178223	9.75676168501377	0.839014031095572
121	mut_M2	mut	10.6612825393677	7.65220189094543	1.39323069246027
121	mut_M3	mut	5.13404178619385	5.990732178092	0.856997380882581
122	ctrl_M1	ctrl	0.509124875068665	0.631862252950668	0.805752951202821
122	ctrl_M2	ctrl	2.88118577003479	1.72504994273186	1.67020426404121
122	ctrl_M3	ctrl	2.53344202041626	1.87656310200691	1.35004360775656
122	mut_M1	mut	3.75517392158508	2.51690238714218	1.4919823433633
122	mut_M2	mut	3.81983995437622	2.61926092207432	1.45836557258721
122	mut_M3	mut	3.58504962921143	0.635811023414135	5.63854588421677
123	ctrl_M1	ctrl	3.87525844573975	0.462999597191811	8.36989593348245
123	ctrl_M2	ctrl	3.99637007713318	1.31710740923882	3.03420210766468
123	ctrl_M3	ctrl	3.04320025444031	0.498589932918549	6.10361351787954
123	mut_M1	mut	4.36582565307617	1.34859651327133	3.23731050029623
123	mut_M2	mut	4.34400320053101	1.01655924320221	4.2732415543704
123	mut_M3	mut	5.51337146759033	1.07169111073017	5.14455276561352
124	ctrl_M1	ctrl	1.70180451869965	0	NA
124	ctrl_M2	ctrl	1.75095319747925	0	NA
124	ctrl_M3	ctrl	1.66998565196991	0.163847118616104	10.1923406775478
124	mut_M1	mut	1.58371353149414	0	NA
124	mut_M2	mut	3.35587739944458	0.162568882107735	20.6428029518013
124	mut_M3	mut	2.46897625923157	0	NA
125	ctrl_M1	ctrl	4.63252353668213	2.64033392071724	1.7545218429886
125	ctrl_M2	ctrl	5.19437885284424	3.65912982821465	1.41956669938073
125	ctrl_M3	ctrl	11.0622596740723	2.9111487865448	3.79996368622639
125	mut_M1	mut	15.9544353485107	2.38308022916317	6.6948796575402
125	mut_M2	mut	13.7918682098389	2.71654951572418	5.07698023908915
125	mut_M3	mut	8.15532493591309	2.03680720925331	4.00397489701679
126	ctrl_M1	ctrl	0.968240320682526	0.897913955152035	1.07832194290664
126	ctrl_M2	ctrl	6.19110584259033	2.51595976948738	2.46073324290545
126	ctrl_M3	ctrl	3.46161460876465	3.11044386029243	1.11290052617738
126	mut_M1	mut	2.17647767066956	2.38555073738098	0.912358574715975
126	mut_M2	mut	4.39705181121826	1.03417894244194	4.25173210434529
126	mut_M3	mut	4.10405492782593	2.00620865821838	2.04567700922522
127	ctrl_M1	ctrl	1.04846346378326	1.51593086123466	0.691630133401554
127	ctrl_M2	ctrl	5.29516887664795	2.90886700153351	1.8203544107917
127	ctrl_M3	ctrl	1.91076755523682	1.52785792946815	1.2506186068635
127	mut_M1	mut	8.14578723907471	1.56512665748596	5.2045546602338
127	mut_M2	mut	4.3265528678894	2.45417466759682	1.76293599840881
127	mut_M3	mut	8.93856811523438	2.47992917895317	3.60436426616325
128	ctrl_M1	ctrl	9.09125900268555	2.64546695351601	3.43654226736896
128	ctrl_M2	ctrl	10.5384130477905	1.52114303410053	6.92795668227347
128	ctrl_M3	ctrl	10.1424837112427	2.52372817695141	4.01884949570699
128	mut_M1	mut	8.92830181121826	2.4789555221796	3.60163856565208
128	mut_M2	mut	15.7607975006104	2.4946550577879	6.31782636697919
128	mut_M3	mut	14.6805009841919	2.08189755678177	7.05150017414173
129	ctrl_M1	ctrl	2.94584846496582	3.65604019165039	0.805748380910446
129	ctrl_M2	ctrl	6.58475780487061	4.23027065396309	1.55658073525431
129	ctrl_M3	ctrl	8.39504909515381	3.45353379845619	2.43085766205809
129	mut_M1	mut	5.64533233642578	3.77477157115936	1.49554277126547
129	mut_M2	mut	4.42116737365723	4.37257957458496	1.01111193021041
129	mut_M3	mut	15.4322633743286	5.75187200307846	2.68299839879419
130	ctrl_M1	ctrl	1.79384171962738	2.79933163523674	0.640810719618676
130	ctrl_M2	ctrl	2.34387493133545	2.83622992038727	0.826405121279945
130	ctrl_M3	ctrl	1.66658532619476	0.230306357145309	7.23638438318595
130	mut_M1	mut	0.758913993835449	3.42380774021149	0.221657888356947
130	mut_M2	mut	2.29859733581543	0.638862699270248	3.59795201447986
130	mut_M3	mut	2.06263566017151	0.178528666496277	11.5535263924381
131	ctrl_M1	ctrl	2.00442504882812	1.38268315792084	1.44966331393102
131	ctrl_M2	ctrl	2.86105537414551	1.80840329825878	1.58208922583821
131	ctrl_M3	ctrl	5.47661685943604	2.0118273794651	2.72221012365988
131	mut_M1	mut	9.01043891906738	1.44493064284325	6.23589717866125
131	mut_M2	mut	5.77277374267578	2.55151587724686	2.26248787795306
131	mut_M3	mut	4.1137261390686	1.92825353145599	2.13339484251451
132	ctrl_M1	ctrl	11.1947469711304	4.53364141285419	2.46926167106865
132	ctrl_M2	ctrl	17.7850208282471	6.73931479454041	2.6389954128059
132	ctrl_M3	ctrl	14.5084972381592	6.60620135068893	2.19619361687275
132	mut_M1	mut	15.7099456787109	8.4180668592453	1.86621773637462
132	mut_M2	mut	13.6311912536621	6.51634728908539	2.09184542335455
132	mut_M3	mut	20.5408763885498	5.75327754020691	3.5702912374728
133	ctrl_M1	ctrl	5.72276544570923	1.30132129788399	4.39765756159891
133	ctrl_M2	ctrl	2.29886102676392	1.27715396881104	1.79998738045972
133	ctrl_M3	ctrl	0	1.16694436967373	0
133	mut_M1	mut	5.40857744216919	1.79890538752079	3.00659360947446
133	mut_M2	mut	3.76725125312805	1.8131028264761	2.07779238889059
133	mut_M3	mut	10.9145498275757	0.976087972521782	11.1819325048922
134	ctrl_M1	ctrl	2.43310475349426	2.18061906099319	1.11578624484098
134	ctrl_M2	ctrl	3.00982785224915	2.61602267622948	1.15053584190916
134	ctrl_M3	ctrl	1.15445590019226	1.65346591174603	0.698203629110914
134	mut_M1	mut	4.94507312774658	1.43650677800179	3.44242937344528
134	mut_M2	mut	4.41966199874878	2.51101939380169	1.76010667606091
134	mut_M3	mut	4.42120504379272	2.72290304303169	1.62371005280825
135	ctrl_M1	ctrl	0.89046186208725	1.03294265270233	0.862063213052215
135	ctrl_M2	ctrl	6.41397333145142	1.47740426659584	4.34137999765641
135	ctrl_M3	ctrl	2.71944093704224	1.76338788866997	1.54216831958247
135	mut_M1	mut	3.12789535522461	1.78987294435501	1.74755161537556
135	mut_M2	mut	2.53206300735474	1.89561632275581	1.33574657326946
135	mut_M3	mut	6.47249555587769	0	NA
136	ctrl_M1	ctrl	2.06084012985229	0	NA
136	ctrl_M2	ctrl	6.45056819915771	1.23625862598419	5.21781451192899
136	ctrl_M3	ctrl	0	1.88582390546799	0
136	mut_M1	mut	2.03935384750366	0.481497138738632	4.23544333585473
136	mut_M2	mut	5.13970708847046	0.372802972793579	13.7866580031708
136	mut_M3	mut	3.02914762496948	2.08227637410164	1.45472890277418
137	ctrl_M1	ctrl	3.53157949447632	13.6969234645367	0.257837426311105
137	ctrl_M2	ctrl	3.3650176525116	12.1552515029907	0.276836530423386
137	ctrl_M3	ctrl	5.33573961257935	11.90890198946	0.448046311683626
137	mut_M1	mut	8.3688793182373	12.6588944643736	0.661106650489121
137	mut_M2	mut	3.87141585350037	13.0326212346554	0.297055809709699
137	mut_M3	mut	8.5554084777832	10.269713178277	0.83307180339564
138	ctrl_M1	ctrl	6.397789478302	2.92538699507713	2.18698910231988
138	ctrl_M2	ctrl	13.313006401062	4.96391640603542	2.68195620395123
138	ctrl_M3	ctrl	10.3848266601562	6.17954428493977	1.68051658525455
138	mut_M1	mut	13.2695045471191	4.4740277081728	2.9658968188506
138	mut_M2	mut	11.6953420639038	6.35562251508236	1.8401568117285
138	mut_M3	mut	15.2591142654419	5.15222388505936	2.96165589963801
139	ctrl_M1	ctrl	2.66295599937439	0.451460689306259	5.89853349904383
139	ctrl_M2	ctrl	3.12927055358887	0.958499684929848	3.2647590842118
139	ctrl_M3	ctrl	3.28440499305725	1.52132864296436	2.15890564359419
139	mut_M1	mut	0.693120360374451	1.09975443780422	0.630250114524057
139	mut_M2	mut	6.26864767074585	1.70287758111954	3.68120864367983
139	mut_M3	mut	4.32521963119507	0.609836362302303	7.09242658943155
140	ctrl_M1	ctrl	2.32666993141174	0.393249109387398	5.91652943610279
140	ctrl_M2	ctrl	1.73364424705505	1.20946107804775	1.43340226363746
140	ctrl_M3	ctrl	2.93337368965149	0.430297024548054	6.81709034063726
140	mut_M1	mut	5.44164943695068	1.12271672487259	4.84685879919374
140	mut_M2	mut	2.29667782783508	0.120401903986931	19.0750955905513
140	mut_M3	mut	7.22182369232178	0.716020055115223	10.086063428991
141	ctrl_M1	ctrl	6.70202159881592	3.81066563725471	1.75875351888501
141	ctrl_M2	ctrl	10.2261981964111	6.53788447380066	1.56414482962963
141	ctrl_M3	ctrl	5.31202793121338	8.47555631399155	0.62674681571571
141	mut_M1	mut	15.0880537033081	9.94220781326294	1.51757577257444
141	mut_M2	mut	10.9849586486816	5.16364246606827	2.12736623824497
141	mut_M3	mut	9.88092517852783	6.89023149013519	1.43404836146281
142	ctrl_M1	ctrl	9.41863346099854	0.817701101303101	11.518430690614
142	ctrl_M2	ctrl	14.6617479324341	2.36346507072449	6.20349677007908
142	ctrl_M3	ctrl	12.3956527709961	1.07075195014477	11.5765866868794
142	mut_M1	mut	12.9960813522339	0.871415615081787	14.9137577148123
142	mut_M2	mut	16.9475879669189	1.07380783557892	15.782700968821
142	mut_M3	mut	16.1540069580078	2.28299976885319	7.07578124991331
143	ctrl_M1	ctrl	6.4837646484375	1.44292992353439	4.49347161125871
143	ctrl_M2	ctrl	5.13324880599976	1.78073912858963	2.88265064971384
143	ctrl_M3	ctrl	6.01633071899414	1.69852629303932	3.54208865865043
143	mut_M1	mut	9.06423759460449	4.02389132976532	2.25260496662894
143	mut_M2	mut	10.302414894104	1.84490910172462	5.5842398329941
143	mut_M3	mut	10.229266166687	1.46950054168701	6.96104960597268
144	ctrl_M1	ctrl	0.957455456256866	0.409120947122574	2.34027483312902
144	ctrl_M2	ctrl	0	0.619768783450127	0
144	ctrl_M3	ctrl	1.36620545387268	0.829043090343475	1.64793057174707
144	mut_M1	mut	1.21608030796051	0.547387361526489	2.22160830416188
144	mut_M2	mut	1.18761789798737	0.372816011309624	3.18553351240339
144	mut_M3	mut	4.35776805877686	0.360568642616272	12.0858209609051
145	ctrl_M1	ctrl	6.96666860580444	0.183108031749725	38.0467669235099
145	ctrl_M2	ctrl	6.30324411392212	0.784645423293114	8.03323887045406
145	ctrl_M3	ctrl	7.68792343139648	1.28101277351379	6.00144166424559
145	mut_M1	mut	7.01815557479858	0.833988815546036	8.41516749862359
145	mut_M2	mut	6.81193399429321	1.44577199220657	4.71162398428861
145	mut_M3	mut	8.44051456451416	0.585202842950821	14.4232289131642
146	ctrl_M1	ctrl	3.11124801635742	4.05489245057106	0.76728249991421
146	ctrl_M2	ctrl	4.03376531600952	6.41369235515594	0.628930278011665
146	ctrl_M3	ctrl	3.57672786712646	4.99413269758224	0.716185989382707
146	mut_M1	mut	4.68150281906128	7.2188668847084	0.648509370491098
146	mut_M2	mut	6.72087335586548	5.66169068217278	1.18707886621708
146	mut_M3	mut	5.72116422653198	5.63179606199265	1.01586850155006
147	ctrl_M1	ctrl	3.54015564918518	1.7519593834877	2.02068363145362
147	ctrl_M2	ctrl	3.78873991966248	2.61578965187073	1.44841154064238
147	ctrl_M3	ctrl	3.39767527580261	4.00866204500198	0.847583367632312
147	mut_M1	mut	7.97506904602051	0.951222330331802	8.38402210683875
147	mut_M2	mut	7.94761991500854	2.48517733812332	3.19800916944228
147	mut_M3	mut	10.3205652236938	1.42297995090485	7.25278329967418
148	ctrl_M1	ctrl	2.5144510269165	0.771044045686722	3.26109907855787
148	ctrl_M2	ctrl	1.77303826808929	1.37392312288284	1.29049306948776
148	ctrl_M3	ctrl	4.01236581802368	1.1129833906889	3.60505453323987
148	mut_M1	mut	2.86924934387207	0.876963108778	3.27180164724399
148	mut_M2	mut	3.51920199394226	0.903204411268234	3.89635164536096
148	mut_M3	mut	3.04878687858582	0.325035586953163	9.37985562493235
149	ctrl_M1	ctrl	3.48838138580322	5.83291876316071	0.59805074053748
149	ctrl_M2	ctrl	8.4963321685791	4.7184884250164	1.8006470299966
149	ctrl_M3	ctrl	6.46135425567627	3.95504359900951	1.63369988065225
149	mut_M1	mut	6.54499673843384	4.69503426551819	1.39402534002837
149	mut_M2	mut	5.2208137512207	3.86721658706665	1.35001845220693
149	mut_M3	mut	13.1772432327271	3.20269960165024	4.11441748265659
150	ctrl_M1	ctrl	6.29029893875122	6.55242064595222	0.959996202721977
150	ctrl_M2	ctrl	6.8840389251709	8.34699654579163	0.824732451655522
150	ctrl_M3	ctrl	6.95265674591064	6.871058344841	1.01187566703329
150	mut_M1	mut	7.17316389083862	6.09817832708359	1.17627978489588
150	mut_M2	mut	4.99322557449341	6.71102830767632	0.744032858389522
150	mut_M3	mut	17.3305473327637	6.38778054714203	2.71307807224492
151	ctrl_M1	ctrl	5.42504787445068	4.33830416202545	1.2504996588155
151	ctrl_M2	ctrl	12.3188829421997	8.67896461486816	1.41939545658429
151	ctrl_M3	ctrl	10.7734508514404	5.96400237083435	1.80641290555578
151	mut_M1	mut	13.1052083969116	5.65354859828949	2.31805001214223
151	mut_M2	mut	12.6480960845947	4.59996116161346	2.74960932064877
151	mut_M3	mut	14.3002824783325	3.90473437309265	3.66229328603634
152	ctrl_M1	ctrl	4.88574695587158	0.859221071004868	5.68625132779583
152	ctrl_M2	ctrl	2.7822368144989	1.80173727869987	1.54419673022837
152	ctrl_M3	ctrl	3.10851860046387	2.85969433188438	1.08701079195955
152	mut_M1	mut	3.47055792808533	2.87200358510017	1.20841002639775
152	mut_M2	mut	4.7171425819397	1.57338824868202	2.9980792000265
152	mut_M3	mut	3.78207015991211	1.63511872291565	2.31302480175148
153	ctrl_M1	ctrl	6.50850534439087	1.87806834280491	3.46553168276633
153	ctrl_M2	ctrl	7.33779907226562	5.59603470563889	1.31124974347847
153	ctrl_M3	ctrl	4.3752908706665	4.23140028119087	1.03400543080626
153	mut_M1	mut	4.69369220733643	4.50291693210602	1.04236704298722
153	mut_M2	mut	9.20211696624756	4.01780213415623	2.29033602427017
153	mut_M3	mut	12.4943714141846	4.22211027145386	2.95927169374527
154	ctrl_M1	ctrl	5.02639055252075	8.24756750464439	0.609439152779323
154	ctrl_M2	ctrl	11.3417692184448	8.12966132164001	1.39510968166099
154	ctrl_M3	ctrl	6.0582857131958	9.93089693784714	0.610044163292781
154	mut_M1	mut	3.86108589172363	3.31524869799614	1.16464441839836
154	mut_M2	mut	12.8058757781982	10.3329413533211	1.23932531312416
154	mut_M3	mut	15.5643444061279	6.42259749770164	2.4233722277782
155	ctrl_M1	ctrl	6.94012403488159	3.94698137044907	1.75833716542016
155	ctrl_M2	ctrl	10.8659057617188	3.26747384667397	3.3254759706124
155	ctrl_M3	ctrl	6.4295711517334	3.71418832242489	1.73108377755485
155	mut_M1	mut	17.7872886657715	4.14954197406769	4.28656675289275
155	mut_M2	mut	11.1147556304932	5.40649384260178	2.05581583075371
155	mut_M3	mut	14.6116418838501	3.1245603710413	4.67638328235616
156	ctrl_M1	ctrl	0.587548196315765	1.76186645030975	0.33348055195243
156	ctrl_M2	ctrl	0.661361992359161	0.259911805391312	2.54456311195039
156	ctrl_M3	ctrl	2.61501622200012	0	NA
156	mut_M1	mut	0.453545838594437	1.48010566830635	0.306428012746832
156	mut_M2	mut	1.59051585197449	0.322809427976608	4.92710470677375
156	mut_M3	mut	3.35427069664001	0.461223095655441	7.27255579400958
157	ctrl_M1	ctrl	2.4821298122406	0.261388927698135	9.49592560824567
157	ctrl_M2	ctrl	4.7157301902771	1.88267731666565	2.5048000252263
157	ctrl_M3	ctrl	2.820232629776	0.58385443687439	4.83036944083846
157	mut_M1	mut	7.20986795425415	1.7911583930254	4.02525426133652
157	mut_M2	mut	5.64593362808228	0.801867187023163	7.04098349384034
157	mut_M3	mut	9.45515823364258	1.38243523240089	6.8394945470405
158	ctrl_M1	ctrl	4.16963958740234	1.45804917812347	2.85973864939776
158	ctrl_M2	ctrl	7.01483917236328	4.23393294215202	1.65681395246609
158	ctrl_M3	ctrl	3.22292804718018	1.49867427349091	2.15051936514058
158	mut_M1	mut	10.1976442337036	2.11773300170898	4.81535879427399
158	mut_M2	mut	6.59489631652832	2.43466329574585	2.70875086836515
158	mut_M3	mut	10.1995487213135	2.69962656497955	3.77813318835479
159	ctrl_M1	ctrl	6.63434743881226	7.5114029943943	0.883236785959083
159	ctrl_M2	ctrl	12.1260719299316	6.00068658590317	2.02078074839273
159	ctrl_M3	ctrl	11.8750743865967	7.06148916482925	1.68166715396834
159	mut_M1	mut	8.39472770690918	7.44761037826538	1.127170633336
159	mut_M2	mut	9.64572048187256	6.33327594399452	1.52302229796556
159	mut_M3	mut	11.0816030502319	4.8981531560421	2.26240435878618
160	ctrl_M1	ctrl	3.81954765319824	1.61716222763062	2.36188280182283
160	ctrl_M2	ctrl	3.98852109909058	2.15588989853859	1.8500578818029
160	ctrl_M3	ctrl	5.92921876907349	4.05015963315964	1.4639469319998
160	mut_M1	mut	3.49312305450439	3.78785061836243	0.92219134449778
160	mut_M2	mut	4.78918266296387	0.998816043138504	4.7948595698515
160	mut_M3	mut	9.45081806182861	2.82238635420799	3.34852032137204
161	ctrl_M1	ctrl	2.69460821151733	3.32424692809582	0.810592073874864
161	ctrl_M2	ctrl	6.41309785842896	1.36606742441654	4.6945690555267
161	ctrl_M3	ctrl	3.7935631275177	1.49680244922638	2.53444476221855
161	mut_M1	mut	3.04821109771729	2.32755829393864	1.30961751018454
161	mut_M2	mut	7.67418003082275	1.31952811777592	5.81585183933609
161	mut_M3	mut	4.21018981933594	0.674431443214417	6.2425764126146
162	ctrl_M1	ctrl	4.13514614105225	0.521712154150009	7.92610658609126
162	ctrl_M2	ctrl	5.65639781951904	0.78287610411644	7.22515068447887
162	ctrl_M3	ctrl	1.08401381969452	0.553810015320778	1.95737489338584
162	mut_M1	mut	6.08477115631104	0.750453442335129	8.10812611822729
162	mut_M2	mut	3.92343640327454	1.50992658734322	2.5984285833247
162	mut_M3	mut	6.61388349533081	0.820511639118195	8.06068211590364
163	ctrl_M1	ctrl	3.33800506591797	0.227622330188751	14.6646643286271
163	ctrl_M2	ctrl	6.94137954711914	0.923878192901611	7.51330597523733
163	ctrl_M3	ctrl	4.05797910690308	1.39597064256668	2.90692295608877
163	mut_M1	mut	7.63935565948486	0.551576137542725	13.850047417784
163	mut_M2	mut	6.81708812713623	0.979590773582458	6.95911834919134
163	mut_M3	mut	8.58895301818848	1.52598759531975	5.62845533248833
164	ctrl_M1	ctrl	1.54672944545746	0.994827747344971	1.5547711144823
164	ctrl_M2	ctrl	4.76975440979004	2.3663874566555	2.01562698296724
164	ctrl_M3	ctrl	0.812659919261932	2.40089455246925	0.3384821371793
164	mut_M1	mut	2.17983961105347	1.10599985718727	1.97092214514126
164	mut_M2	mut	2.34172630310059	0.877262815833092	2.66935547801233
164	mut_M3	mut	4.60130929946899	1.9470194876194	2.3632579584989
165	ctrl_M1	ctrl	9.06125926971436	5.43095415830612	1.66844701788838
165	ctrl_M2	ctrl	15.1218147277832	8.0501172542572	1.87845894043173
165	ctrl_M3	ctrl	10.8271493911743	6.32398772239685	1.71207628263243
165	mut_M1	mut	15.9569396972656	9.3216700553894	1.71181125296749
165	mut_M2	mut	19.9667835235596	8.0737179517746	2.47305933187459
165	mut_M3	mut	19.7879848480225	8.04648101329803	2.45920978565907
166	ctrl_M1	ctrl	2.40601897239685	1.8087714612484	1.33019512080108
166	ctrl_M2	ctrl	5.37884473800659	2.93234407901764	1.83431568501625
166	ctrl_M3	ctrl	5.03015089035034	1.19270303845406	4.21743780989295
166	mut_M1	mut	9.35374546051025	1.93420407176018	4.83596617186215
166	mut_M2	mut	9.73569774627686	1.85127425193787	5.25891706001192
166	mut_M3	mut	14.7746686935425	2.82899710536003	5.22258176424051
167	ctrl_M1	ctrl	6.86076736450195	2.45316112041473	2.79670475265891
167	ctrl_M2	ctrl	11.096287727356	4.19194704294205	2.64704864200007
167	ctrl_M3	ctrl	4.91454648971558	4.54156538844109	1.08212611057495
167	mut_M1	mut	7.68459510803223	3.97894752025604	1.93131351165389
167	mut_M2	mut	5.97088050842285	4.35083255171776	1.37235355244032
167	mut_M3	mut	12.0164842605591	2.93364246189594	4.09609705907826
168	ctrl_M1	ctrl	3.93617653846741	0.237521767616272	16.5718560364812
168	ctrl_M2	ctrl	7.08928918838501	0.360779315233231	19.6499324907306
168	ctrl_M3	ctrl	7.26476526260376	0.68754506111145	10.5662387434795
168	mut_M1	mut	6.17146158218384	0.668110400438309	9.23718831219376
168	mut_M2	mut	5.71391582489014	0.108802542090416	52.5163816498131
168	mut_M3	mut	11.6446352005005	0.105836942791939	110.024296746669
169	ctrl_M1	ctrl	5.83811235427856	0	NA
169	ctrl_M2	ctrl	3.28771710395813	1.02472138404846	3.20840099088109
169	ctrl_M3	ctrl	4.74540948867798	1.05646607279778	4.49177650931184
169	mut_M1	mut	11.3008165359497	0.970167964696884	11.6483093105228
169	mut_M2	mut	0.99064975976944	0.271818190813065	3.64453076818075
169	mut_M3	mut	2.38651704788208	0.585502624511719	4.07601426188708
170	ctrl_M1	ctrl	5.30428695678711	0.580318242311478	9.14030711090434
170	ctrl_M2	ctrl	7.84289121627808	0.285071909427643	27.5119748979293
170	ctrl_M3	ctrl	0.816952049732208	0.816281050443649	1.00082201992585
170	mut_M1	mut	5.75985097885132	0.342023596167564	16.8405076240104
170	mut_M2	mut	4.99371385574341	1.01206858456135	4.93416546261812
170	mut_M3	mut	9.74467945098877	0.65333853662014	14.9152069023818
171	ctrl_M1	ctrl	7.31293296813965	2.2377367913723	3.26800408177361
171	ctrl_M2	ctrl	7.91662502288818	3.24679356813431	2.43829022595892
171	ctrl_M3	ctrl	10.8409690856934	2.30015289783478	4.71315150218856
171	mut_M1	mut	12.5624599456787	2.23604696989059	5.61815566257688
171	mut_M2	mut	13.6367273330688	1.91512313485146	7.12054858766382
171	mut_M3	mut	14.6118993759155	3.92077770829201	3.72678597539794
172	ctrl_M1	ctrl	7.96573114395142	1.52141699194908	5.23573168046884
172	ctrl_M2	ctrl	7.42258358001709	2.09060749411583	3.55044340025974
172	ctrl_M3	ctrl	10.6938381195068	1.04368261992931	10.2462548626431
172	mut_M1	mut	6.64588928222656	0.262646436691284	25.3035577636188
172	mut_M2	mut	11.9368839263916	0.56827349960804	21.0055262732204
172	mut_M3	mut	14.9572353363037	1.16718524694443	12.8147912899518
173	ctrl_M1	ctrl	6.67053604125977	3.77584525942802	1.76663384830295
173	ctrl_M2	ctrl	5.39573860168457	4.53511935472488	1.18976771715237
173	ctrl_M3	ctrl	8.69869804382324	2.77766537666321	3.13165801644291
173	mut_M1	mut	9.08393573760986	4.89093297719955	1.85730121021023
173	mut_M2	mut	11.4913177490234	3.06870898604393	3.74467497611679
173	mut_M3	mut	8.50612545013428	2.20053052902222	3.86548849831858
174	ctrl_M1	ctrl	5.74116897583008	4.25621326267719	1.34889128469536
174	ctrl_M2	ctrl	13.0951280593872	5.1104151904583	2.56243917007707
174	ctrl_M3	ctrl	10.042950630188	4.73094072937965	2.12282317717916
174	mut_M1	mut	15.1624746322632	5.14499199390411	2.94703561253895
174	mut_M2	mut	12.3418388366699	4.85827353596687	2.54037545339935
174	mut_M3	mut	19.0109272003174	4.83139035105705	3.93487708898496
175	ctrl_M1	ctrl	3.15671133995056	3.17456898093224	0.994374782501519
175	ctrl_M2	ctrl	7.01167297363281	5.6976363658905	1.23062837347938
175	ctrl_M3	ctrl	7.19796848297119	3.34167808294296	2.1539981722692
175	mut_M1	mut	9.86523723602295	3.45982384681702	2.85136980170213
175	mut_M2	mut	2.70948505401611	3.40166145563126	0.796518139549342
175	mut_M3	mut	13.1465272903442	3.87676972150803	3.39110347911776
176	ctrl_M1	ctrl	7.67232036590576	3.59853056073189	2.13207036495067
176	ctrl_M2	ctrl	10.5815782546997	5.98208981752396	1.76887652600969
176	ctrl_M3	ctrl	3.71202158927917	4.63511571288109	0.800847663622158
176	mut_M1	mut	6.96236038208008	6.12479504942894	1.13674993626591
176	mut_M2	mut	7.06430673599243	6.80777436494827	1.03768226696305
176	mut_M3	mut	10.3344058990479	6.66384774446487	1.55081662957138
177	ctrl_M1	ctrl	15.2673091888428	3.97308751940727	3.84268131881485
177	ctrl_M2	ctrl	16.2070713043213	4.26184394955635	3.8028307690638
177	ctrl_M3	ctrl	16.6997203826904	5.9507052898407	2.80634304158885
177	mut_M1	mut	17.3693199157715	5.40347692370415	3.21447100839372
177	mut_M2	mut	15.9167814254761	6.11480115354061	2.60299248099996
177	mut_M3	mut	19.2850742340088	5.90308038890362	3.26695097533486
178	ctrl_M1	ctrl	4.68447160720825	3.33579280972481	1.40430532542418
178	ctrl_M2	ctrl	6.4244122505188	4.13604587316513	1.55327393542724
178	ctrl_M3	ctrl	6.26736879348755	4.12581248581409	1.5190629276141
178	mut_M1	mut	12.4271621704102	6.14233005046844	2.02320000200289
178	mut_M2	mut	6.94865369796753	4.10743165016174	1.6917271642716
178	mut_M3	mut	10.6847591400146	5.06351816654205	2.11014531568501
179	ctrl_M1	ctrl	4.71975088119507	2.86310276389122	1.6484741451545
179	ctrl_M2	ctrl	9.45580673217773	2.92475852370262	3.23302134365851
179	ctrl_M3	ctrl	6.44728326797485	2.35225689411163	2.74089249525179
179	mut_M1	mut	9.41862010955811	1.77404561638832	5.30911946262855
179	mut_M2	mut	7.34402227401733	1.71254882216454	4.28835790195752
179	mut_M3	mut	14.9288444519043	3.86475715041161	3.86281566237981
180	ctrl_M1	ctrl	2.07108950614929	1.3265485316515	1.56126176821505
180	ctrl_M2	ctrl	0.8074751496315	1.35203140974045	0.597231058253678
180	ctrl_M3	ctrl	4.63783264160156	1.8822124004364	2.46403256111067
180	mut_M1	mut	4.56477355957031	1.53261399269104	2.97842351781955
180	mut_M2	mut	3.1711094379425	0.402662694454193	7.8753494714501
180	mut_M3	mut	9.45117473602295	1.77898153662682	5.31268849138459
181	ctrl_M1	ctrl	8.58545112609863	3.86258751153946	2.22272015855942
181	ctrl_M2	ctrl	14.5826349258423	6.57836258411407	2.21675755013224
181	ctrl_M3	ctrl	11.3527956008911	5.09631246328354	2.22764904677304
181	mut_M1	mut	10.2020320892334	6.53222107887268	1.56180140966601
181	mut_M2	mut	12.7641620635986	4.81189197301865	2.65262855757572
181	mut_M3	mut	14.7457265853882	6.19421654939651	2.38056362217831
182	ctrl_M1	ctrl	2.89159321784973	1.74469855427742	1.65735978330498
182	ctrl_M2	ctrl	2.44968032836914	3.06894308328629	0.798216278988783
182	ctrl_M3	ctrl	1.52019476890564	3.39334279298782	0.447993280268368
182	mut_M1	mut	5.25135135650635	3.3084999024868	1.58723031926319
182	mut_M2	mut	4.02927350997925	2.36790525913239	1.7016193931068
182	mut_M3	mut	3.14465737342834	2.77666315436363	1.13253109887903
183	ctrl_M1	ctrl	1.09369730949402	1.2137127071619	0.901117128493675
183	ctrl_M2	ctrl	4.13492107391357	0.879482015967369	4.70154136053078
183	ctrl_M3	ctrl	1.6432501077652	0.782318770885468	2.10048661609549
183	mut_M1	mut	4.20097255706787	1.55027621984482	2.70982196804153
183	mut_M2	mut	3.74029064178467	2.00467097759247	1.86578779440236
183	mut_M3	mut	3.29734873771667	1.67607051134109	1.96730908121421
184	ctrl_M1	ctrl	0	1.33095282316208	0
184	ctrl_M2	ctrl	0	0	NA
184	ctrl_M3	ctrl	0	1.20113885402679	0
184	mut_M1	mut	0	0.839352458715439	0
184	mut_M2	mut	0	1.67934286594391	0
184	mut_M3	mut	0	1.6859547495842	0
185	ctrl_M1	ctrl	4.03737592697144	0.885268658399582	4.56062223446421
185	ctrl_M2	ctrl	10.4936361312866	1.93095192313194	5.43443676954229
185	ctrl_M3	ctrl	14.0051555633545	1.54773139953613	9.0488282188705
185	mut_M1	mut	10.6946830749512	1.37082204222679	7.80165677638106
185	mut_M2	mut	7.32584047317505	1.44079747796059	5.08457335970951
185	mut_M3	mut	17.7346801757812	0.830396324396133	21.3568866512962
186	ctrl_M1	ctrl	5.76890897750854	2.59823176264763	2.22032116628039
186	ctrl_M2	ctrl	4.54113483428955	4.46195501089096	1.01774554499212
186	ctrl_M3	ctrl	6.79297542572021	3.58882409334183	1.89281370416647
186	mut_M1	mut	5.76379585266113	5.27683871984482	1.09228198144184
186	mut_M2	mut	9.86659717559814	4.2114249765873	2.34281679727167
186	mut_M3	mut	11.1359281539917	3.1383241713047	3.54836771032552
187	ctrl_M1	ctrl	6.78883981704712	1.58481675386429	4.28367494254068
187	ctrl_M2	ctrl	8.06934356689453	4.86324621737003	1.65925046897138
187	ctrl_M3	ctrl	9.43251419067383	5.40443213284016	1.74532938129742
187	mut_M1	mut	6.6404333114624	3.53052131831646	1.88086481081749
187	mut_M2	mut	4.46189498901367	4.69814929366112	0.949713325422373
187	mut_M3	mut	10.1362419128418	3.82277822494507	2.65153804808738
188	ctrl_M1	ctrl	4.42593908309937	13.0026410520077	0.340387700113892
188	ctrl_M2	ctrl	3.70803904533386	18.4633491337299	0.200832417698249
188	ctrl_M3	ctrl	4.51258087158203	17.6760457754135	0.255293572381375
188	mut_M1	mut	5.98191213607788	15.0100061297417	0.398528294017481
188	mut_M2	mut	4.9429759979248	20.0067635029554	0.247065248569296
188	mut_M3	mut	8.05415344238281	16.8566868305206	0.477801689226379
189	ctrl_M1	ctrl	4.3641357421875	1.80864751338959	2.41292773184349
189	ctrl_M2	ctrl	7.37388372421265	1.03661668300629	7.11341409519639
189	ctrl_M3	ctrl	5.9872031211853	3.22837853431702	1.85455424682779
189	mut_M1	mut	4.91155433654785	1.05426886677742	4.6587303213847
189	mut_M2	mut	8.94281196594238	2.46377621591091	3.62971762946256
189	mut_M3	mut	11.9620990753174	1.6481823772192	7.2577520792934
190	ctrl_M1	ctrl	5.10198211669922	3.79218000173569	1.34539555463191
190	ctrl_M2	ctrl	5.47195434570312	4.3666225373745	1.25313197989246
190	ctrl_M3	ctrl	6.10314607620239	3.66841304302216	1.66370198901442
190	mut_M1	mut	10.5216026306152	3.68028295040131	2.85891133165941
190	mut_M2	mut	12.2066240310669	5.56283812224865	2.19431588027815
190	mut_M3	mut	13.9262666702271	5.20545503497124	2.67532167248929
191	ctrl_M1	ctrl	1.48218011856079	0.851298525929451	1.74108150480179
191	ctrl_M2	ctrl	4.34225130081177	1.33709307014942	3.24753107898952
191	ctrl_M3	ctrl	1.88722944259644	2.21702811121941	0.851242901723255
191	mut_M1	mut	2.6069061756134	1.07264050841331	2.43036334649493
191	mut_M2	mut	2.58814978599548	1.02967345714569	2.51356366237697
191	mut_M3	mut	4.24905014038086	1.24084901809692	3.42430874216879
192	ctrl_M1	ctrl	2.73327112197876	1.09373736381531	2.49901961147622
192	ctrl_M2	ctrl	3.62046384811401	1.8945399671793	1.91099892894019
192	ctrl_M3	ctrl	0.46420282125473	2.48861688375473	0.186530447609259
192	mut_M1	mut	2.48315906524658	1.70124523341656	1.4596126510578
192	mut_M2	mut	1.91164207458496	1.30434913933277	1.46559078159307
192	mut_M3	mut	7.34408473968506	1.39594325423241	5.2610195417459
193	ctrl_M1	ctrl	10.0322456359863	12.7502557337284	0.786827013159266
193	ctrl_M2	ctrl	12.7444639205933	12.4373764842749	1.02469069234228
193	ctrl_M3	ctrl	7.22962045669556	16.3220530301332	0.442935728939764
193	mut_M1	mut	9.04879856109619	16.5891629010439	0.545464446583184
193	mut_M2	mut	9.00753784179688	14.4428431242704	0.623667913879102
193	mut_M3	mut	12.5611982345581	11.5959528386593	1.08323985181113
194	ctrl_M1	ctrl	4.46062803268433	1.75442458689213	2.54250200664715
194	ctrl_M2	ctrl	6.54404973983765	2.5807763338089	2.53569038669053
194	ctrl_M3	ctrl	8.81355381011963	1.72598588466644	5.10638811615942
194	mut_M1	mut	9.78293037414551	2.69725868105888	3.62699004097929
194	mut_M2	mut	8.03522682189941	2.84469249844551	2.82463810281438
194	mut_M3	mut	10.2328062057495	1.23052044212818	8.31583601167316
195	ctrl_M1	ctrl	6.45955085754395	0.905807375907898	7.13126325679285
195	ctrl_M2	ctrl	6.43698358535767	0.543313011527061	11.8476521798467
195	ctrl_M3	ctrl	2.58527588844299	0.775357991456985	3.33429966148278
195	mut_M1	mut	3.46454286575317	0.276142477989197	12.5462148778455
195	mut_M2	mut	14.2606887817383	1.15830981731415	12.3116359445226
195	mut_M3	mut	9.09475612640381	2.33799427747726	3.88998220141805
196	ctrl_M1	ctrl	5.26189422607422	1.96842014789581	2.67315604938257
196	ctrl_M2	ctrl	10.9629144668579	6.28013026714325	1.74565080667424
196	ctrl_M3	ctrl	10.2631988525391	4.38973763585091	2.33799823677837
196	mut_M1	mut	10.6561470031738	4.37933066487312	2.43328211971921
196	mut_M2	mut	15.9692821502686	3.86457949876785	4.13221727107957
196	mut_M3	mut	12.8202257156372	3.28148400783539	3.9068377858998
197	ctrl_M1	ctrl	32.6703605651855	4.80409044027328	6.80052987581288
197	ctrl_M2	ctrl	36.2525749206543	5.45482584834099	6.64596376283581
197	ctrl_M3	ctrl	51.3970603942871	5.48926155269146	9.36320120674272
197	mut_M1	mut	54.2772407531738	8.83428151905537	6.1439337920236
197	mut_M2	mut	39.3645782470703	3.8371450304985	10.2588194957948
197	mut_M3	mut	41.8590202331543	5.05538006126881	8.28009362814325
198	ctrl_M1	ctrl	24.6235580444336	2.07044184207916	11.8929001259491
198	ctrl_M2	ctrl	22.1481342315674	3.6791884303093	6.01984232422297
198	ctrl_M3	ctrl	17.6908588409424	4.88003724813461	3.62514832191182
198	mut_M1	mut	29.8922939300537	3.26746410131454	9.14846896650759
198	mut_M2	mut	29.194616317749	4.95141512155533	5.8962166574671
198	mut_M3	mut	24.8884735107422	4.26408433914185	5.83676858412023
199	ctrl_M1	ctrl	16.6227912902832	1.59451159834862	10.4250049403835
199	ctrl_M2	ctrl	18.1530113220215	2.97092896699905	6.11021385016751
199	ctrl_M3	ctrl	15.6077737808228	4.13513916730881	3.77442527308711
199	mut_M1	mut	19.628044128418	3.39132291078568	5.78772492173878
199	mut_M2	mut	17.0948715209961	1.93614971637726	8.82931282451773
199	mut_M3	mut	18.5368099212646	3.58879965543747	5.16518382216715
200	ctrl_M1	ctrl	0	1.28241808712482	0
200	ctrl_M2	ctrl	5.98197984695435	1.30859738588333	4.57129130127093
200	ctrl_M3	ctrl	4.56368446350098	2.68944251537323	1.696888644176
200	mut_M1	mut	9.84340763092041	1.23501561582088	7.97026977215809
200	mut_M2	mut	7.40361976623535	2.04965269565582	3.61213379316755
200	mut_M3	mut	15.034649848938	2.07942688465118	7.2301892218057
201	ctrl_M1	ctrl	17.9541568756104	0.217850610613823	82.4149945002318
201	ctrl_M2	ctrl	24.060338973999	0.720855683088303	33.3774700518685
201	ctrl_M3	ctrl	17.6801071166992	0.562629342079163	31.4240758424782
201	mut_M1	mut	22.3616790771484	0.32081338763237	69.7030733105608
201	mut_M2	mut	9.43967819213867	0.57043083012104	16.5483310047174
201	mut_M3	mut	20.6378860473633	0.184690237045288	111.743243051351
202	ctrl_M1	ctrl	14.9771280288696	1.94556397199631	7.69809075643083
202	ctrl_M2	ctrl	14.801778793335	2.04720965027809	7.23022128746037
202	ctrl_M3	ctrl	19.4376125335693	2.49393984675407	7.79393799688789
202	mut_M1	mut	18.2879333496094	3.01324066519737	6.06919107419237
202	mut_M2	mut	27.2242164611816	2.47461402416229	11.0013990850139
202	mut_M3	mut	14.6823740005493	4.76402586698532	3.08192575155775
203	ctrl_M1	ctrl	6.01527166366577	2.10781040787697	2.85380110145887
203	ctrl_M2	ctrl	7.20767641067505	1.35081003606319	5.33581793016665
203	ctrl_M3	ctrl	11.3642177581787	1.78438931703568	6.36868739892344
203	mut_M1	mut	8.36968994140625	1.42775177955627	5.86214639074548
203	mut_M2	mut	12.7331295013428	2.21838620305061	5.73981639618603
203	mut_M3	mut	9.02089023590088	1.30006957054138	6.93877500120578
204	ctrl_M1	ctrl	7.30576086044312	1.13464361429214	6.43881547335096
204	ctrl_M2	ctrl	3.16519856452942	2.93969014286995	1.07671162969554
204	ctrl_M3	ctrl	6.28797149658203	2.40843504667282	2.61081215591372
204	mut_M1	mut	13.457631111145	1.89495278894901	7.10182923270028
204	mut_M2	mut	7.77266311645508	2.04694560170174	3.79720062418525
204	mut_M3	mut	5.02294588088989	2.1971093416214	2.28616108708687
205	ctrl_M1	ctrl	13.5780181884766	0.600454241037369	22.6129107940326
205	ctrl_M2	ctrl	8.61693954467773	0.726386919617653	11.8627405201809
205	ctrl_M3	ctrl	11.5949993133545	0.963884472846985	12.029449213044
205	mut_M1	mut	17.22434425354	1.04054209589958	16.5532411628662
205	mut_M2	mut	15.7002935409546	0.420464560389519	37.3403492708394
205	mut_M3	mut	16.7815990447998	1.08533802628517	15.4620944243876
206	ctrl_M1	ctrl	5.12470960617065	0.686334401369095	7.46678236723661
206	ctrl_M2	ctrl	5.93941497802734	0.452984809875488	13.1117310085076
206	ctrl_M3	ctrl	8.90949153900146	0.626862049102783	14.2128424455643
206	mut_M1	mut	8.81064796447754	1.28394842147827	6.86215101564081
206	mut_M2	mut	6.28545904159546	1.81008112430573	3.47247366827623
206	mut_M3	mut	7.94157886505127	1.00559650361538	7.89738114293282
207	ctrl_M1	ctrl	6.17586803436279	0.627829194068909	9.83686023636064
207	ctrl_M2	ctrl	12.8665590286255	0.936412185430527	13.7402729575864
207	ctrl_M3	ctrl	13.4604816436768	1.08128561079502	12.4485903717704
207	mut_M1	mut	14.3150701522827	2.23435553908348	6.4068004853671
207	mut_M2	mut	14.0103845596313	0.595893725752831	23.5115490466545
207	mut_M3	mut	11.1277856826782	1.22546969354153	9.0804250332129
208	ctrl_M1	ctrl	6.52035903930664	1.23787927627563	5.26736262919291
208	ctrl_M2	ctrl	8.80923080444336	2.54247558116913	3.46482415394233
208	ctrl_M3	ctrl	15.9313383102417	1.74241402745247	9.14325645870427
208	mut_M1	mut	11.6278085708618	1.95611828565598	5.94432793565062
208	mut_M2	mut	14.5330190658569	2.55465823411942	5.68883104274276
208	mut_M3	mut	12.6673383712769	1.7365457713604	7.29456060426979
209	ctrl_M1	ctrl	6.21405267715454	3.72650077939034	1.66753022339933
209	ctrl_M2	ctrl	9.13774585723877	4.4399211704731	2.05808740885034
209	ctrl_M3	ctrl	13.5433320999146	5.44704492390156	2.48636320961602
209	mut_M1	mut	17.9953689575195	4.27279880642891	4.21161158593367
209	mut_M2	mut	14.4556427001953	4.47403839230537	3.23100551060462
209	mut_M3	mut	10.5661153793335	3.95797151327133	2.66957843023999
210	ctrl_M1	ctrl	11.2789602279663	1.1692396402359	9.64640595463451
210	ctrl_M2	ctrl	11.2400245666504	3.29157185554504	3.41478936506133
210	ctrl_M3	ctrl	17.8753643035889	1.55400314927101	11.5027851211076
210	mut_M1	mut	14.5221529006958	2.03928714990616	7.12119080501442
210	mut_M2	mut	15.1411943435669	0.645716816186905	23.4486604096496
210	mut_M3	mut	17.2348785400391	0.273158341646194	63.0948278429745
211	ctrl_M1	ctrl	6.93063688278198	5.65051208436489	1.22655022753765
211	ctrl_M2	ctrl	10.6379766464233	9.58650802075863	1.10968213069742
211	ctrl_M3	ctrl	9.96110439300537	9.54553264379501	1.04353573181487
211	mut_M1	mut	7.1480450630188	10.7004307806492	0.668014700487146
211	mut_M2	mut	9.93521785736084	7.52703836560249	1.31993718841176
211	mut_M3	mut	11.8838567733765	9.42195919156075	1.26129359422622
212	ctrl_M1	ctrl	10.1640424728394	1.04804271459579	9.69811853208615
212	ctrl_M2	ctrl	13.0026874542236	2.13509267568588	6.08998738195129
212	ctrl_M3	ctrl	12.7154035568237	1.02642394602299	12.3880620732702
212	mut_M1	mut	18.9710521697998	1.64415219426155	11.5385012628471
212	mut_M2	mut	14.5793724060059	2.03072346746922	7.17939819948768
212	mut_M3	mut	15.257209777832	0.510417997837067	29.8915983419189
213	ctrl_M1	ctrl	3.42392039299011	0.821597695350647	4.16739288871645
213	ctrl_M2	ctrl	5.32031202316284	2.06489336490631	2.57655533868415
213	ctrl_M3	ctrl	8.84770679473877	1.21946489810944	7.25540096189367
213	mut_M1	mut	16.3807735443115	1.8430689573288	8.88777030244846
213	mut_M2	mut	9.39112186431885	0.995922774076462	9.42956834482213
213	mut_M3	mut	7.78816318511963	1.14013737440109	6.83089894251621
214	ctrl_M1	ctrl	18.6338558197021	2.10218587517738	8.86403816129238
214	ctrl_M2	ctrl	23.2014389038086	3.24449095129967	7.15102592427161
214	ctrl_M3	ctrl	21.1220188140869	2.89507240056992	7.29585167194053
214	mut_M1	mut	26.6880779266357	3.30246502161026	8.08125983227608
214	mut_M2	mut	25.3833808898926	2.63450837135315	9.63495928344879
214	mut_M3	mut	44.5124893188477	2.50082333385944	17.7991338757036
215	ctrl_M1	ctrl	3.79876565933228	1.82897379994392	2.07699293420646
215	ctrl_M2	ctrl	6.21142482757568	2.54691427946091	2.43880403736651
215	ctrl_M3	ctrl	5.86265850067139	0.235225304961205	24.9235876286283
215	mut_M1	mut	11.1475057601929	0.908957809209824	12.2640519144487
215	mut_M2	mut	3.2714524269104	0.810796737670898	4.03486135909723
215	mut_M3	mut	4.43863296508789	0.966999232769012	4.59011012074727
216	ctrl_M1	ctrl	1.17340159416199	0.475401967763901	2.46823041074313
216	ctrl_M2	ctrl	3.21619510650635	0.227644726634026	14.1281335792895
216	ctrl_M3	ctrl	4.05993747711182	0	NA
216	mut_M1	mut	2.17951226234436	1.91970801353455	1.13533529421043
216	mut_M2	mut	0	1.78497859835625	0
216	mut_M3	mut	0	0.288852781057358	0
217	ctrl_M1	ctrl	37.6011199951172	3.97827152907848	9.45162232398627
217	ctrl_M2	ctrl	35.605339050293	4.8385596871376	7.35866484089119
217	ctrl_M3	ctrl	24.9083862304688	6.18000730872154	4.03047844220455
217	mut_M1	mut	39.6517601013184	5.80962041020393	6.82518947910514
217	mut_M2	mut	41.9954299926758	4.55279770493507	9.22409312128105
217	mut_M3	mut	49.0213203430176	4.34833544492722	11.273582952347
218	ctrl_M1	ctrl	23.1191864013672	5.61919838190079	4.11432108818816
218	ctrl_M2	ctrl	22.5344085693359	3.81080922484398	5.91328697916085
218	ctrl_M3	ctrl	23.7214088439941	4.74853992462158	4.99551635251009
218	mut_M1	mut	31.8571701049805	2.73644211888313	11.6418212850717
218	mut_M2	mut	29.9941730499268	4.33386793732643	6.92087841246732
218	mut_M3	mut	33.7728958129883	6.48674303293228	5.20644885137704
219	ctrl_M1	ctrl	7.58655118942261	0	NA
219	ctrl_M2	ctrl	11.4928312301636	0.991250306367874	11.5942776071116
219	ctrl_M3	ctrl	12.799222946167	2.31149816513062	5.53719796937141
219	mut_M1	mut	16.07981300354	2.66357040405273	6.03693935744065
219	mut_M2	mut	18.0251121520996	2.19183135032654	8.22376783205251
219	mut_M3	mut	8.89191055297852	0.622008472681046	14.2954814018074
220	ctrl_M1	ctrl	15.4796180725098	3.41544124484062	4.53224545902915
220	ctrl_M2	ctrl	11.1291255950928	4.10731300711632	2.70958789257368
220	ctrl_M3	ctrl	8.78902912139893	3.25390464067459	2.70107151006638
220	mut_M1	mut	15.2012586593628	2.15065228939056	7.06820843813409
220	mut_M2	mut	11.3293447494507	1.75930935144424	6.43965470890622
220	mut_M3	mut	16.4003200531006	1.33950820565224	12.2435383254072
221	ctrl_M1	ctrl	4.71935081481934	1.66857866942883	2.82836578297793
221	ctrl_M2	ctrl	9.26409912109375	1.59781312942505	5.79798660462085
221	ctrl_M3	ctrl	10.5369939804077	2.22928181290627	4.72663165303039
221	mut_M1	mut	10.9293508529663	1.66886857151985	6.54895840180684
221	mut_M2	mut	12.9799890518188	1.99144783616066	6.51786545252581
221	mut_M3	mut	13.3638763427734	1.43269075453281	9.32781641850635
222	ctrl_M1	ctrl	9.64371776580811	1.79595232009888	5.36969587548803
222	ctrl_M2	ctrl	11.1367053985596	3.77100425958633	2.95324657092305
222	ctrl_M3	ctrl	13.866551399231	2.93447682261467	4.7253913516603
222	mut_M1	mut	16.4904670715332	2.01472638547421	8.18496605317047
222	mut_M2	mut	21.9692611694336	3.3052911311388	6.64669473816194
222	mut_M3	mut	13.8689069747925	2.81561966240406	4.92570326879689
223	ctrl_M1	ctrl	13.5687742233276	4.56750419735909	2.97071959587318
223	ctrl_M2	ctrl	16.1796894073486	6.07104682922363	2.66505758602717
223	ctrl_M3	ctrl	25.6631565093994	5.69293695688248	4.50789402794527
223	mut_M1	mut	36.8040771484375	4.92332194745541	7.47545611301319
223	mut_M2	mut	27.3289947509766	11.4655180573463	2.3835813274452
223	mut_M3	mut	32.3749313354492	5.44397857785225	5.94692482207043
224	ctrl_M1	ctrl	30.9628505706787	7.33672359585762	4.22025583574671
224	ctrl_M2	ctrl	33.3845863342285	5.74875912070274	5.80726825272642
224	ctrl_M3	ctrl	43.6996536254883	9.89314317703247	4.41716579286345
224	mut_M1	mut	55.2784614562988	4.90359002351761	11.2730593689895
224	mut_M2	mut	55.5520057678223	8.34868666529655	6.65398139790518
224	mut_M3	mut	40.7702522277832	5.99535796046257	6.80030325072326
225	ctrl_M1	ctrl	26.2851467132568	1.47349274158478	17.8386672505672
225	ctrl_M2	ctrl	28.3004341125488	1.98606014251709	14.2495353019277
225	ctrl_M3	ctrl	33.4180641174316	2.5409332215786	13.1518860211014
225	mut_M1	mut	40.7615089416504	2.02626538276672	20.1165697683654
225	mut_M2	mut	35.7914657592773	2.85782551765442	12.5240206367299
225	mut_M3	mut	33.8447074890137	1.24496296048164	27.1853127870728
226	ctrl_M1	ctrl	9.28184795379639	0.827864021062851	11.2118025637591
226	ctrl_M2	ctrl	9.85130786895752	2.53303056955338	3.8891389576457
226	ctrl_M3	ctrl	14.6791830062866	1.74758559465408	8.39969329753614
226	mut_M1	mut	16.5324459075928	0.528192088007927	31.3000635241334
226	mut_M2	mut	21.8662300109863	1.99061498045921	10.9846606328372
226	mut_M3	mut	14.2629346847534	1.69067621231079	8.43623077020706
227	ctrl_M1	ctrl	2.85380959510803	0.200619339942932	14.2249974300575
227	ctrl_M2	ctrl	7.17554616928101	2.70965787768364	2.64813732699533
227	ctrl_M3	ctrl	3.29043698310852	2.40803468227386	1.36644086039551
227	mut_M1	mut	2.20529890060425	2.16754472255707	1.01741794651537
227	mut_M2	mut	7.36344814300537	0.532215535640717	13.8354626084726
227	mut_M3	mut	4.49537754058838	2.15941059589386	2.0817613607789
228	ctrl_M1	ctrl	15.6723871231079	3.85085090994835	4.06985040179551
228	ctrl_M2	ctrl	22.1592693328857	5.21329715847969	4.25052872668932
228	ctrl_M3	ctrl	23.5703163146973	2.48912879824638	9.46930360988262
228	mut_M1	mut	27.0291194915771	3.47099074721336	7.78714824096754
228	mut_M2	mut	25.0132923126221	4.23436096310616	5.90721776687487
228	mut_M3	mut	27.3905124664307	3.42775055766106	7.99081263518799
229	ctrl_M1	ctrl	16.0653553009033	16.5247110724449	0.972201887855844
229	ctrl_M2	ctrl	10.7463989257812	23.1109204590321	0.464992250950412
229	ctrl_M3	ctrl	22.4516544342041	27.0743909478188	0.829257968442423
229	mut_M1	mut	24.5846824645996	23.170273989439	1.06104409795954
229	mut_M2	mut	29.5039081573486	20.6453666090965	1.42908133897457
229	mut_M3	mut	25.0581741333008	20.091135174036	1.24722540146381
230	ctrl_M1	ctrl	14.2687339782715	3.34074477106333	4.27112364340538
230	ctrl_M2	ctrl	9.32950687408447	7.92351911962032	1.17744486171335
230	ctrl_M3	ctrl	20.0754947662354	11.6088283658028	1.7293299662672
230	mut_M1	mut	11.4356203079224	8.22323175519705	1.39064794090171
230	mut_M2	mut	16.033073425293	7.83642515540123	2.0459677859926
230	mut_M3	mut	13.7627658843994	5.42550382018089	2.53667978874274
231	ctrl_M1	ctrl	4.30879640579224	0.417220562696457	10.3273826628891
231	ctrl_M2	ctrl	8.45292377471924	0.615084946155548	13.7426933101718
231	ctrl_M3	ctrl	5.59280252456665	2.23333050310612	2.50424310991507
231	mut_M1	mut	7.51409912109375	2.07402607798576	3.62295305775096
231	mut_M2	mut	8.04720497131348	3.37991055846214	2.38089287634136
231	mut_M3	mut	7.64822626113892	0.422668039798737	18.0951137558941
232	ctrl_M1	ctrl	10.2303276062012	3.21257239580154	3.18446601221221
232	ctrl_M2	ctrl	14.6782608032227	4.4205484688282	3.32046145556992
232	ctrl_M3	ctrl	8.30172061920166	5.27679181098938	1.57325149760743
232	mut_M1	mut	15.9376516342163	4.68510416150093	3.40177103535527
232	mut_M2	mut	13.4141626358032	2.60175403952599	5.15581505092893
232	mut_M3	mut	18.5625152587891	5.28507250547409	3.51225366152738
233	ctrl_M1	ctrl	6.37403345108032	1.42686486244202	4.46715986836444
233	ctrl_M2	ctrl	6.39747190475464	2.44957786798477	2.61166300870351
233	ctrl_M3	ctrl	5.23268938064575	2.43928441405296	2.14517394958116
233	mut_M1	mut	6.27676677703857	2.4572260081768	2.55441166427168
233	mut_M2	mut	8.59167289733887	1.69211876392365	5.07746446674742
233	mut_M3	mut	8.17351531982422	1.75903496146202	4.6465906016051
234	ctrl_M1	ctrl	2.85613226890564	1.80996784567833	1.57800166214292
234	ctrl_M2	ctrl	3.78141498565674	0.192465141415596	19.6472720090721
234	ctrl_M3	ctrl	5.6126823425293	1.76322489976883	3.1831914030168
234	mut_M1	mut	9.60698318481445	0.218950405716896	43.8774395204197
234	mut_M2	mut	2.51031684875488	1.5856773853302	1.58311953741595
234	mut_M3	mut	6.01163911819458	0.394696429371834	15.2310451041126
235	ctrl_M1	ctrl	6.8543758392334	0.656519711017609	10.4404722725066
235	ctrl_M2	ctrl	9.26218700408936	0.603528380393982	15.3467298390227
235	ctrl_M3	ctrl	14.2768068313599	2.66027766466141	5.36666041331327
235	mut_M1	mut	30.6740913391113	1.81900638341904	16.8631026359873
235	mut_M2	mut	26.6430759429932	1.76182955503464	15.1223913044581
235	mut_M3	mut	17.3370628356934	0.551072061061859	31.4606093480526
236	ctrl_M1	ctrl	10.0276823043823	0.936759442090988	10.7046503657321
236	ctrl_M2	ctrl	19.7058563232422	2.32633569836617	8.47077072199082
236	ctrl_M3	ctrl	13.5009546279907	1.03968667984009	12.9855993058094
236	mut_M1	mut	20.6416339874268	1.81392151117325	11.3795629305238
236	mut_M2	mut	20.450756072998	3.2356643974781	6.32041941337844
236	mut_M3	mut	17.2994079589844	2.34485864639282	7.37759096293359
237	ctrl_M1	ctrl	35.5592994689941	5.11706864833832	6.94915427420373
237	ctrl_M2	ctrl	41.5460891723633	8.15287137031555	5.09588429465866
237	ctrl_M3	ctrl	48.7136611938477	7.59229865670204	6.41619401402842
237	mut_M1	mut	47.9053955078125	7.47347766160965	6.41005401727454
237	mut_M2	mut	50.7559089660645	8.6714823693037	5.85319865790605
237	mut_M3	mut	45.503589630127	6.94651407003403	6.55056466759651
238	ctrl_M1	ctrl	29.3036289215088	5.25541180372238	5.57589586048294
238	ctrl_M2	ctrl	35.1047439575195	7.81258541345596	4.49335810102723
238	ctrl_M3	ctrl	40.6416320800781	5.5859277844429	7.27571741855797
238	mut_M1	mut	67.292610168457	5.25330775976181	12.8095693695867
238	mut_M2	mut	58.4886817932129	7.00297069549561	8.35198151419276
238	mut_M3	mut	39.7641334533691	6.92815291881561	5.73949996764317
239	ctrl_M1	ctrl	6.90469932556152	6.95773488283157	0.992377467931278
239	ctrl_M2	ctrl	11.5841608047485	5.7580783367157	2.01181021294614
239	ctrl_M3	ctrl	11.1700344085693	7.74777394533157	1.44170886855828
239	mut_M1	mut	13.8461103439331	6.30604320764542	2.19568910139184
239	mut_M2	mut	18.9508991241455	6.10066395998001	3.10636665918042
239	mut_M3	mut	12.2307596206665	7.82802444696426	1.56243247623091
240	ctrl_M1	ctrl	6.23298311233521	1.00117841362953	6.22564672538136
240	ctrl_M2	ctrl	3.02375102043152	1.51604661345482	1.99449739447054
240	ctrl_M3	ctrl	8.09348583221436	1.35156421363354	5.98823626030751
240	mut_M1	mut	8.59453868865967	1.35091769695282	6.36200022254933
240	mut_M2	mut	12.2299337387085	1.16170880198479	10.527538155701
240	mut_M3	mut	9.22852611541748	2.18412484228611	4.22527409456963
241	ctrl_M1	ctrl	9.43923282623291	7.28355449438095	1.29596515458421
241	ctrl_M2	ctrl	15.5168781280518	10.4969149827957	1.47823223808935
241	ctrl_M3	ctrl	9.86233425140381	13.5451693534851	0.728107120260278
241	mut_M1	mut	13.8251733779907	11.1710676550865	1.2375874719276
241	mut_M2	mut	12.4116849899292	9.57463496923447	1.29630894857202
241	mut_M3	mut	17.6236248016357	8.45657867193222	2.08401358106315
242	ctrl_M1	ctrl	8.93452930450439	1.91403302550316	4.6679075990111
242	ctrl_M2	ctrl	10.1978988647461	3.41970074176788	2.98210271448316
242	ctrl_M3	ctrl	10.4555053710938	2.86313331127167	3.65177036288608
242	mut_M1	mut	16.6915035247803	2.53580377995968	6.58233245675093
242	mut_M2	mut	18.9714775085449	2.28931087255478	8.2869817882678
242	mut_M3	mut	9.75550651550293	3.00245386362076	3.24917782541326
243	ctrl_M1	ctrl	4.60318803787231	1.62729197740555	2.82874130874248
243	ctrl_M2	ctrl	7.83867788314819	0.475946813821793	16.469650926339
243	ctrl_M3	ctrl	9.14418315887451	2.22197750210762	4.11533561892546
243	mut_M1	mut	5.95294618606567	1.60436537861824	3.71046786810661
243	mut_M2	mut	5.08526515960693	1.38931992650032	3.66025496547556
243	mut_M3	mut	9.13642978668213	1.17962908744812	7.7451716678561
244	ctrl_M1	ctrl	14.9722747802734	0.531328201293945	28.1789574575778
244	ctrl_M2	ctrl	22.9890403747559	1.69084516167641	13.5961830780313
244	ctrl_M3	ctrl	25.68479347229	1.19408404827118	21.5100381832226
244	mut_M1	mut	34.4109725952148	0.784208923578262	43.8798533918757
244	mut_M2	mut	31.2177925109863	1.15043467283249	27.135649896682
244	mut_M3	mut	28.7723731994629	2.75819343328476	10.4316009356884
245	ctrl_M1	ctrl	5.89459276199341	4.18030649423599	1.41008626284249
245	ctrl_M2	ctrl	12.8434648513794	5.94986887276173	2.15861309316854
245	ctrl_M3	ctrl	15.5107374191284	5.30428785085678	2.92418847831251
245	mut_M1	mut	14.7366619110107	4.19088426232338	3.51636098460063
245	mut_M2	mut	10.9666690826416	2.32672381401062	4.71335231822729
245	mut_M3	mut	9.96113109588623	3.47004067897797	2.87060931482224
246	ctrl_M1	ctrl	6.17917919158936	1.68343408405781	3.67057982852221
246	ctrl_M2	ctrl	10.9393558502197	1.67455081641674	6.53271058899731
246	ctrl_M3	ctrl	12.0462512969971	1.87578332424164	6.42198442715512
246	mut_M1	mut	15.8218212127686	2.16097542643547	7.32161088886913
246	mut_M2	mut	13.3058681488037	3.18186992406845	4.18177627191949
246	mut_M3	mut	13.5430393218994	1.35982051491737	9.95943153771461
247	ctrl_M1	ctrl	6.0900182723999	2.65933620929718	2.29005202542983
247	ctrl_M2	ctrl	12.0201234817505	3.14627147465944	3.82043430726256
247	ctrl_M3	ctrl	12.6459836959839	4.05220153927803	3.12076869163743
247	mut_M1	mut	20.1203765869141	3.75970536470413	5.35158333836551
247	mut_M2	mut	13.9858818054199	3.80836492776871	3.67241114511947
247	mut_M3	mut	11.6278848648071	3.92785224318504	2.9603671790307
248	ctrl_M1	ctrl	15.677640914917	7.36246863007545	2.129400029071
248	ctrl_M2	ctrl	15.6199798583984	6.09840741753578	2.56132114320268
248	ctrl_M3	ctrl	19.7692909240723	8.0940235555172	2.44245532379218
248	mut_M1	mut	23.4524669647217	7.78774560987949	3.01145776191893
248	mut_M2	mut	15.6964292526245	4.65855237841606	3.36937914991554
248	mut_M3	mut	18.7454700469971	4.76564165949821	3.93346193153994
249	ctrl_M1	ctrl	12.5564470291138	3.10969313979149	4.03784118389112
249	ctrl_M2	ctrl	13.4744119644165	3.25576591491699	4.13863045333836
249	ctrl_M3	ctrl	11.8450212478638	2.50303867459297	4.73225658400581
249	mut_M1	mut	14.4627017974854	2.94836282730103	4.90533311014666
249	mut_M2	mut	16.8452301025391	3.95436954498291	4.25990285200112
249	mut_M3	mut	13.5074481964111	1.89680682867765	7.12115118534646
250	ctrl_M1	ctrl	7.87299060821533	13.2269931435585	0.595221493106273
250	ctrl_M2	ctrl	16.5296440124512	21.4613381624222	0.77020565480832
250	ctrl_M3	ctrl	15.6474161148071	18.8675165474415	0.829330986696762
250	mut_M1	mut	15.5296401977539	21.1702504754066	0.733559587109968
250	mut_M2	mut	14.4276123046875	20.7718142867088	0.694576415210838
250	mut_M3	mut	15.607852935791	18.2386100888252	0.855758901570791
251	ctrl_M1	ctrl	15.9948701858521	2.08559882640839	7.66919792211278
251	ctrl_M2	ctrl	18.4162445068359	2.92440593242645	6.29743097653872
251	ctrl_M3	ctrl	16.6119289398193	4.21156299114227	3.94436198028082
251	mut_M1	mut	15.5964231491089	3.23219726979733	4.82533145326456
251	mut_M2	mut	24.6316909790039	2.71484163403511	9.07297525947893
251	mut_M3	mut	14.2352313995361	2.93056702613831	4.8575007063716
252	ctrl_M1	ctrl	17.3195190429688	0.729427561163902	23.7439877036358
252	ctrl_M2	ctrl	11.7067317962646	1.56725661456585	7.4695692380329
252	ctrl_M3	ctrl	17.9633293151855	1.36340746283531	13.1753197813876
252	mut_M1	mut	22.8432369232178	1.32833659648895	17.1968738824157
252	mut_M2	mut	25.9811878204346	1.38724589347839	18.7286103657435
252	mut_M3	mut	12.4695501327515	0.638341993093491	19.5342782829034
253	ctrl_M1	ctrl	14.7096691131592	1.20569270849228	12.2001808666104
253	ctrl_M2	ctrl	3.83790421485901	0.839326396584511	4.57260039774357
253	ctrl_M3	ctrl	14.7539472579956	1.51052868366241	9.76740621847929
253	mut_M1	mut	17.0341415405273	1.38284179568291	12.3182142698508
253	mut_M2	mut	13.4139766693115	1.99893152713776	6.71057336742235
253	mut_M3	mut	12.1757202148438	0.820077270269394	14.8470402195686
254	ctrl_M1	ctrl	9.38198661804199	12.4337136745453	0.754560291769394
254	ctrl_M2	ctrl	8.44949626922607	15.8595563769341	0.53277002637444
254	ctrl_M3	ctrl	14.8310661315918	15.2295236885548	0.973836505651033
254	mut_M1	mut	12.858172416687	18.6992343366146	0.687630957782569
254	mut_M2	mut	18.1950416564941	17.773069113493	1.02374224397073
254	mut_M3	mut	11.2719058990479	15.5999312400818	0.722561255275684
255	ctrl_M1	ctrl	10.5507974624634	1.43356874585152	7.35981270029459
255	ctrl_M2	ctrl	8.58263874053955	1.12419180572033	7.63449679749284
255	ctrl_M3	ctrl	5.33190488815308	1.14372573792934	4.66187365670918
255	mut_M1	mut	6.06893825531006	1.65880660712719	3.65861712223378
255	mut_M2	mut	9.20913505554199	1.66000047326088	5.54767013858238
255	mut_M3	mut	6.78993129730225	1.20856848359108	5.61816015351235
256	ctrl_M1	ctrl	7.93517160415649	2.54288527369499	3.12053858121021
256	ctrl_M2	ctrl	12.4238605499268	4.55197894573212	2.7293317253972
256	ctrl_M3	ctrl	19.0132465362549	2.03415498137474	9.34699996329935
256	mut_M1	mut	15.6071252822876	1.55665516853333	10.0260646017015
256	mut_M2	mut	12.014217376709	1.88909015059471	6.35979038529566
256	mut_M3	mut	14.1132841110229	1.0183534771204	13.8589246544639
257	ctrl_M1	ctrl	9.89678859710693	1.96480019390583	5.0370458165688
257	ctrl_M2	ctrl	11.6047506332397	1.70421902090311	6.80942442896224
257	ctrl_M3	ctrl	6.22253179550171	1.67373852431774	3.71774426237705
257	mut_M1	mut	12.0548410415649	1.64585366845131	7.32436988332512
257	mut_M2	mut	9.91399574279785	2.27120286971331	4.3650859529115
257	mut_M3	mut	10.5119857788086	1.59991745650768	6.57033007299906
258	ctrl_M1	ctrl	9.58270645141602	3.50702933967113	2.73242836694221
258	ctrl_M2	ctrl	8.06907653808594	3.1826233714819	2.53535388773596
258	ctrl_M3	ctrl	7.67654705047607	3.37324021011591	2.27571906307031
258	mut_M1	mut	12.4077014923096	2.58434310555458	4.80110456914233
258	mut_M2	mut	15.6977262496948	2.44905768334866	6.40970049681759
258	mut_M3	mut	13.9903345108032	2.55236852169037	5.48131447003499
259	ctrl_M1	ctrl	8.53263282775879	1.0706527903676	7.96956109816811
259	ctrl_M2	ctrl	7.33054447174072	1.5561745762825	4.71061832230446
259	ctrl_M3	ctrl	13.7815847396851	1.26382787525654	10.90463741899
259	mut_M1	mut	9.40304660797119	1.30877134203911	7.18463669392465
259	mut_M2	mut	11.3541479110718	1.61749261617661	7.01959798611661
259	mut_M3	mut	10.9067764282227	0.889539465308189	12.2611495651223
260	ctrl_M1	ctrl	12.458722114563	1.79401564598083	6.94460059056591
260	ctrl_M2	ctrl	14.0948677062988	3.72556602954865	3.78328221658346
260	ctrl_M3	ctrl	13.7866678237915	3.08981546759605	4.46197126280743
260	mut_M1	mut	20.6905384063721	3.34151324629784	6.19196659755748
260	mut_M2	mut	17.787633895874	2.68482577800751	6.62524698681744
260	mut_M3	mut	15.6476821899414	2.58416958153248	6.05520717439214
261	ctrl_M1	ctrl	6.9142017364502	1.96653047204018	3.51593928228178
261	ctrl_M2	ctrl	11.1176509857178	3.34701412916183	3.3216624001829
261	ctrl_M3	ctrl	14.0912075042725	3.29060685634613	4.28225191262114
261	mut_M1	mut	15.4758539199829	2.82071432471275	5.4865016937009
261	mut_M2	mut	15.3306274414062	2.61259673535824	5.86796547432113
261	mut_M3	mut	12.3717260360718	2.88719341158867	4.28503542104728
262	ctrl_M1	ctrl	6.11384201049805	1.26097214221954	4.84851473382795
262	ctrl_M2	ctrl	6.12109136581421	1.58786714076996	3.85491405965242
262	ctrl_M3	ctrl	8.21243286132812	1.5798045694828	5.19838530661847
262	mut_M1	mut	15.0352869033813	2.23544971644878	6.72584437607761
262	mut_M2	mut	11.8475475311279	1.94672510027885	6.08588625555342
262	mut_M3	mut	7.40075778961182	2.02236410975456	3.65945862761082
263	ctrl_M1	ctrl	9.49717998504639	5.95550242066383	1.59468997142776
263	ctrl_M2	ctrl	12.1758317947388	8.38947953283787	1.45132147317131
263	ctrl_M3	ctrl	14.7442836761475	7.54455932974815	1.95429355535861
263	mut_M1	mut	25.8699054718018	8.43342211842537	3.06754542918955
263	mut_M2	mut	28.7613048553467	7.15419824421406	4.02019959100341
263	mut_M3	mut	18.4809150695801	6.30470286309719	2.93129041461302
264	ctrl_M1	ctrl	4.65195894241333	1.20258319377899	3.86830530018887
264	ctrl_M2	ctrl	7.43151473999023	1.29711678624153	5.72925647005422
264	ctrl_M3	ctrl	9.7055025100708	2.51727125048637	3.85556483362512
264	mut_M1	mut	5.05834722518921	1.80422660708427	2.80360970474976
264	mut_M2	mut	8.99496459960938	2.62811726331711	3.42258875780005
264	mut_M3	mut	8.02967834472656	0.59568926692009	13.4796424757536
265	ctrl_M1	ctrl	35.3966865539551	4.51639031618834	7.83738429937751
265	ctrl_M2	ctrl	44.2444038391113	4.78868139535189	9.23937096380164
265	ctrl_M3	ctrl	42.6871948242188	5.68423223495483	7.50975559403018
265	mut_M1	mut	53.7623405456543	6.28724704682827	8.55101448141374
265	mut_M2	mut	51.2849502563477	5.67600530385971	9.03539505529948
265	mut_M3	mut	43.919792175293	4.4174245595932	9.94239778920809
266	ctrl_M1	ctrl	7.36299324035645	4.27334454655647	1.72300481745373
266	ctrl_M2	ctrl	4.02040958404541	3.77327835559845	1.06549509608277
266	ctrl_M3	ctrl	8.89437007904053	4.85686825215816	1.83129737461754
266	mut_M1	mut	12.5359716415405	5.61076185107231	2.23427263075596
266	mut_M2	mut	11.0172672271729	5.58195579051971	1.97372885788246
266	mut_M3	mut	10.1010208129883	5.40690332651138	1.86817115139834
267	ctrl_M1	ctrl	5.94590520858765	1.58931878209114	3.74116588540176
267	ctrl_M2	ctrl	11.1162366867065	3.87971597909927	2.86521919300065
267	ctrl_M3	ctrl	11.1696767807007	2.42998427152634	4.59660455896067
267	mut_M1	mut	9.83323764801025	3.82055699825287	2.57377069691853
267	mut_M2	mut	8.9459056854248	2.59894490242004	3.44212979547766
267	mut_M3	mut	9.6158275604248	3.2667668685317	2.94353039179278
268	ctrl_M1	ctrl	10.5460758209229	0.374061241745949	28.1934470721921
268	ctrl_M2	ctrl	15.0295257568359	0.172439321875572	87.1583441257143
268	ctrl_M3	ctrl	12.1842622756958	0.197516188025475	61.687411029441
268	mut_M1	mut	24.0672378540039	1.13895353674889	21.1310093673384
268	mut_M2	mut	18.7715263366699	1.63678273558617	11.4685510352401
268	mut_M3	mut	19.3207702636719	0.861927956342697	22.4157600661349
269	ctrl_M1	ctrl	9.27352046966553	22.5903580784798	0.410507900647213
269	ctrl_M2	ctrl	8.12982845306396	19.9827562570572	0.406842196766164
269	ctrl_M3	ctrl	15.0699939727783	22.5096839666367	0.669489362672294
269	mut_M1	mut	10.8801546096802	29.4928518533707	0.368908190492155
269	mut_M2	mut	9.86373519897461	23.8928545117378	0.41283201193599
269	mut_M3	mut	12.295015335083	18.3599514365196	0.669664915922768
270	ctrl_M1	ctrl	13.1902503967285	1.69782999157906	7.76888761663411
270	ctrl_M2	ctrl	21.9465770721436	2.26731695234776	9.67953644479144
270	ctrl_M3	ctrl	18.1608791351318	0.826938331127167	21.9615882485184
270	mut_M1	mut	19.4145374298096	2.48810687661171	7.80293548171379
270	mut_M2	mut	21.1710529327393	0.746081456542015	28.3763290818997
270	mut_M3	mut	16.3512954711914	0.676901310682297	24.1560995866735
271	ctrl_M1	ctrl	19.9500179290771	1.4074854850769	14.1742264063115
271	ctrl_M2	ctrl	21.8309555053711	4.46123349666595	4.89347968934739
271	ctrl_M3	ctrl	25.3428535461426	2.37356022000313	10.6771479116334
271	mut_M1	mut	36.8918952941895	2.19354340434074	16.8184022350253
271	mut_M2	mut	25.1871070861816	2.36383397877216	10.6551929248705
271	mut_M3	mut	23.3403415679932	1.42254540324211	16.4074492911076
272	ctrl_M1	ctrl	4.02769613265991	0.936818450689316	4.29933476405841
272	ctrl_M2	ctrl	9.54219722747803	2.12905469536781	4.48189388851259
272	ctrl_M3	ctrl	4.55665826797485	0.719575703144073	6.33242374369402
272	mut_M1	mut	10.6933164596558	1.96405470371246	5.44451050138431
272	mut_M2	mut	9.87353897094727	1.4947617650032	6.60542649813236
272	mut_M3	mut	10.1118116378784	2.36477112770081	4.27602126879392
273	ctrl_M1	ctrl	8.16899490356445	2.6386871188879	3.09585583114051
273	ctrl_M2	ctrl	5.0278172492981	2.68392959237099	1.87330445015755
273	ctrl_M3	ctrl	7.81570911407471	2.61808817088604	2.98527345296764
273	mut_M1	mut	10.3678388595581	2.07493042945862	4.99671637774537
273	mut_M2	mut	11.8608999252319	2.17350529134274	5.45703752020984
273	mut_M3	mut	9.38600730895996	1.49935294687748	6.2600385909849
274	ctrl_M1	ctrl	6.07649374008179	1.63159145414829	3.7242740666681
274	ctrl_M2	ctrl	9.96333885192871	2.77570044994354	3.58948634105361
274	ctrl_M3	ctrl	9.06905364990234	1.7879219353199	5.07239911919291
274	mut_M1	mut	13.6960220336914	1.13184608519077	12.1006046784028
274	mut_M2	mut	15.4224443435669	2.51996356248856	6.12010608928673
274	mut_M3	mut	11.6098575592041	1.06714372336864	10.879375762578
275	ctrl_M1	ctrl	6.79949808120728	7.04886981844902	0.964622451021997
275	ctrl_M2	ctrl	9.01791095733643	11.9752018749714	0.753048762892606
275	ctrl_M3	ctrl	10.6429500579834	9.04028332233429	1.17728058717913
275	mut_M1	mut	12.0750875473022	10.6181033551693	1.13721699096323
275	mut_M2	mut	15.3163948059082	11.1941347420216	1.36825178174889
275	mut_M3	mut	10.4928636550903	10.7967153787613	0.971857021972749
276	ctrl_M1	ctrl	12.9089727401733	6.54100781679153	1.9735449187256
276	ctrl_M2	ctrl	11.648154258728	6.84127759933472	1.70262850609377
276	ctrl_M3	ctrl	12.5089292526245	8.68169116973877	1.4408401552253
276	mut_M1	mut	20.5354118347168	6.69465917348862	3.06743200849397
276	mut_M2	mut	15.703028678894	6.65429952740669	2.3598319574012
276	mut_M3	mut	17.7082653045654	5.35857647657394	3.30465850062615
277	ctrl_M1	ctrl	12.1257991790771	10.865334123373	1.11600794245183
277	ctrl_M2	ctrl	12.5274391174316	11.5364888012409	1.08589704660261
277	ctrl_M3	ctrl	11.3671112060547	13.2557045519352	0.857525992791926
277	mut_M1	mut	16.1739482879639	15.6054131090641	1.03643192108574
277	mut_M2	mut	10.9763822555542	12.6892914175987	0.865011441090485
277	mut_M3	mut	14.0236492156982	10.7439992427826	1.30525411430188
278	ctrl_M1	ctrl	8.96114921569824	2.86876711249352	3.12369351163862
278	ctrl_M2	ctrl	6.73930358886719	2.67219895124435	2.52200667384025
278	ctrl_M3	ctrl	12.5429372787476	2.17106595635414	5.77731747026739
278	mut_M1	mut	17.0335998535156	3.60807800292969	4.72096219640614
278	mut_M2	mut	9.591477394104	4.27804355323315	2.2420242512153
278	mut_M3	mut	7.81098604202271	2.78175523877144	2.807934333386
279	ctrl_M1	ctrl	5.75186204910278	1.45294274389744	3.95876718009805
279	ctrl_M2	ctrl	7.47847366333008	2.09814050793648	3.56433405438855
279	ctrl_M3	ctrl	6.93387079238892	1.90670524537563	3.63657193958309
279	mut_M1	mut	9.80263137817383	2.7397138774395	3.57797632040877
279	mut_M2	mut	8.17180252075195	2.84159475564957	2.87578040623317
279	mut_M3	mut	6.55099105834961	1.80291150510311	3.6335621797338
280	ctrl_M1	ctrl	10.4336528778076	2.01920047402382	5.167219903141
280	ctrl_M2	ctrl	16.9061679840088	4.02155119180679	4.20389227382015
280	ctrl_M3	ctrl	18.0194702148438	2.9496231675148	6.10907536030306
280	mut_M1	mut	22.9403228759766	3.01940035820007	7.5976419667817
280	mut_M2	mut	18.5085315704346	2.47069609165192	7.4912214549462
280	mut_M3	mut	22.8231067657471	1.35736067593098	16.8143273710897
281	ctrl_M1	ctrl	31.6428127288818	1.82594293355942	17.3295737491635
281	ctrl_M2	ctrl	23.7510509490967	3.21627587080002	7.38464357635741
281	ctrl_M3	ctrl	30.6755123138428	1.66190373897552	18.458056019991
281	mut_M1	mut	30.0238590240479	2.59061473608017	11.5894728019175
281	mut_M2	mut	35.0758934020996	2.38378781080246	14.7143521932399
281	mut_M3	mut	20.8815498352051	0.641857266426086	32.5330115081118
282	ctrl_M1	ctrl	26.7027320861816	0.835725754499435	31.9515486299396
282	ctrl_M2	ctrl	28.6674346923828	2.8066249191761	10.2142022956164
282	ctrl_M3	ctrl	27.5905990600586	1.92031773924828	14.3677259737543
282	mut_M1	mut	27.0832824707031	1.67515379190445	16.1676394141177
282	mut_M2	mut	25.915189743042	2.07328470051289	12.4995808518874
282	mut_M3	mut	28.0577068328857	1.8982492685318	14.7808337387571
283	ctrl_M1	ctrl	9.45937156677246	2.00148445367813	4.72617788731207
283	ctrl_M2	ctrl	12.8670444488525	1.1743860244751	10.9564012008774
283	ctrl_M3	ctrl	9.39833164215088	1.41064393520355	6.66244075319739
283	mut_M1	mut	16.7008209228516	2.05979555845261	8.10799928872447
283	mut_M2	mut	15.4175329208374	0.272657513618469	56.5454174221335
283	mut_M3	mut	22.7850971221924	2.53450721502304	8.9899515720989
284	ctrl_M1	ctrl	17.2550067901611	2.04818311333656	8.4245430390509
284	ctrl_M2	ctrl	19.5462646484375	1.4473679959774	13.5046959050922
284	ctrl_M3	ctrl	14.5541477203369	1.85412867367268	7.84958882681422
284	mut_M1	mut	34.8652992248535	4.19792795181274	8.30535912599406
284	mut_M2	mut	23.2129325866699	2.8770457804203	8.06832228553512
284	mut_M3	mut	22.5056800842285	2.92039185762405	7.70639050560101
285	ctrl_M1	ctrl	11.3776321411133	1.67380720376968	6.79745678922221
285	ctrl_M2	ctrl	10.8104019165039	2.40957885980606	4.48642793843817
285	ctrl_M3	ctrl	12.4350862503052	1.67718145251274	7.41427603535385
285	mut_M1	mut	13.1367301940918	1.61231815814972	8.14772824314488
285	mut_M2	mut	25.3216342926025	0.611961096525192	41.3778497299626
285	mut_M3	mut	25.6692123413086	1.48695799708366	17.2629034523188
286	ctrl_M1	ctrl	6.01239633560181	1.94198863208294	3.09599975832661
286	ctrl_M2	ctrl	12.8861322402954	3.65092292428017	3.52955472014959
286	ctrl_M3	ctrl	8.76082515716553	2.3557702600956	3.71887925812002
286	mut_M1	mut	16.101713180542	3.61594697833061	4.45297270038393
286	mut_M2	mut	9.63125038146973	2.34801463782787	4.10186982070074
286	mut_M3	mut	12.1852369308472	3.30352586507797	3.6885550253016
287	ctrl_M1	ctrl	20.8377323150635	1.43235224485397	14.5479105366207
287	ctrl_M2	ctrl	26.3133525848389	2.93104910850525	8.97745196710741
287	ctrl_M3	ctrl	35.5023307800293	1.84916932880878	19.1990696724889
287	mut_M1	mut	36.7956886291504	2.36682453751564	15.5464370281429
287	mut_M2	mut	34.449161529541	1.25394742190838	27.4725725558038
287	mut_M3	mut	27.2478618621826	2.82854628562927	9.63316810497967
288	ctrl_M1	ctrl	27.2653465270996	5.96662509441376	4.56964298840005
288	ctrl_M2	ctrl	22.0358238220215	6.63793510198593	3.31968051562132
288	ctrl_M3	ctrl	32.7795372009277	7.99309408664703	4.10098227865077
288	mut_M1	mut	18.9439849853516	7.9605016708374	2.379747630071
288	mut_M2	mut	36.4314956665039	7.75575476884842	4.69735012933026
288	mut_M3	mut	35.3538360595703	8.52506214380264	4.14704731334669
289	ctrl_M1	ctrl	7.2943549156189	0.859395489096642	8.48777426477581
289	ctrl_M2	ctrl	8.446364402771	1.91527873277664	4.40999226808415
289	ctrl_M3	ctrl	6.90899515151978	1.68370682001114	4.1034431110008
289	mut_M1	mut	8.30459690093994	1.54477989673615	5.37590948619032
289	mut_M2	mut	14.981427192688	1.90263214707375	7.87405343472698
289	mut_M3	mut	8.84454250335693	1.55336610972881	5.69379133995721
290	ctrl_M1	ctrl	12.2848653793335	2.01790940761566	6.08791719438443
290	ctrl_M2	ctrl	12.6276359558105	1.8405299782753	6.86086948045448
290	ctrl_M3	ctrl	12.4469785690308	1.83996802568436	6.76477981969346
290	mut_M1	mut	20.3079967498779	1.6017165184021	12.6788957450083
290	mut_M2	mut	16.4205150604248	2.10490518808365	7.80107111397944
290	mut_M3	mut	20.7720832824707	0.927318155765533	22.4001688668789
291	ctrl_M1	ctrl	12.0829944610596	1.72679531574249	6.99735188699194
291	ctrl_M2	ctrl	9.43124961853027	1.52501927316189	6.18434782071708
291	ctrl_M3	ctrl	17.2749118804932	2.90574336051941	5.94509209423272
291	mut_M1	mut	18.1643199920654	2.67068952322006	6.80135966166693
291	mut_M2	mut	11.2461462020874	1.40754120796919	7.98992323522338
291	mut_M3	mut	13.2296590805054	1.57789143919945	8.3843911893061
292	ctrl_M1	ctrl	14.2685022354126	15.1953009963036	0.939007541797532
292	ctrl_M2	ctrl	7.62154531478882	13.5711365640163	0.561599633076954
292	ctrl_M3	ctrl	10.5687913894653	17.059778675437	0.619515152601745
292	mut_M1	mut	15.0233297348022	15.0826467871666	0.996067198734985
292	mut_M2	mut	16.9034557342529	16.9281777143478	0.998539595902638
292	mut_M3	mut	13.5991106033325	13.8038145750761	0.985170478013143
293	ctrl_M1	ctrl	17.8037033081055	0.814711391925812	21.8527732452852
293	ctrl_M2	ctrl	13.5291528701782	1.19972205162048	11.2769060566189
293	ctrl_M3	ctrl	15.4232654571533	2.34971988201141	6.56387409206865
293	mut_M1	mut	14.9213380813599	1.31766456365585	11.3240793544305
293	mut_M2	mut	20.6719188690186	2.73275116086006	7.56450831129191
293	mut_M3	mut	17.151273727417	0.746315717697144	22.9812575572434
294	ctrl_M1	ctrl	10.3624505996704	5.23098932206631	1.98097338030449
294	ctrl_M2	ctrl	8.11783695220947	6.49547833204269	1.24976738235944
294	ctrl_M3	ctrl	4.39604330062866	6.86537742614746	0.640320703110349
294	mut_M1	mut	12.0322961807251	6.48664516210556	1.854933618231
294	mut_M2	mut	6.8195743560791	7.71699357032776	0.883708700017675
294	mut_M3	mut	9.84996700286865	5.46102744340897	1.80368384977753
295	ctrl_M1	ctrl	7.4966402053833	1.03143127262592	7.2681916908507
295	ctrl_M2	ctrl	7.4255518913269	1.33392721414566	5.56668445817918
295	ctrl_M3	ctrl	6.05654048919678	1.25329712033272	4.83248576170743
295	mut_M1	mut	4.41997337341309	2.15914461016655	2.04709464692693
295	mut_M2	mut	5.23588132858276	1.89171463251114	2.76779660028978
295	mut_M3	mut	5.97848129272461	1.3075947612524	4.57212086640548
296	ctrl_M1	ctrl	26.2101192474365	3.96471156179905	6.61085146772777
296	ctrl_M2	ctrl	29.3219051361084	5.10545128583908	5.74325431670226
296	ctrl_M3	ctrl	30.6369476318359	5.89138278365135	5.20029825881519
296	mut_M1	mut	41.2824401855469	5.70080806314945	7.24150677031215
296	mut_M2	mut	35.6552619934082	6.26719364523888	5.68919104972848
296	mut_M3	mut	24.6497859954834	5.3870721757412	4.575729671209
297	ctrl_M1	ctrl	16.6707382202148	0.916253954172134	18.1944515975131
297	ctrl_M2	ctrl	29.9043483734131	1.47115364670753	20.3271415194052
297	ctrl_M3	ctrl	32.4889450073242	1.87947154045105	17.2862128040137
297	mut_M1	mut	36.2762184143066	1.0944639891386	33.1451914127004
297	mut_M2	mut	32.4533424377441	2.38179239630699	13.6255966254925
297	mut_M3	mut	31.3551750183105	1.27274874597788	24.6357932918015
298	ctrl_M1	ctrl	19.3171348571777	3.31525582075119	5.82674034874351
298	ctrl_M2	ctrl	24.9464092254639	8.44518142938614	2.95392223767502
298	ctrl_M3	ctrl	23.5431957244873	9.36943459510803	2.51276589697095
298	mut_M1	mut	32.2470054626465	9.43977493047714	3.41607778788604
298	mut_M2	mut	30.1542491912842	7.44364123046398	4.05100786801416
298	mut_M3	mut	24.4964027404785	6.07170963287354	4.03451486017213
299	ctrl_M1	ctrl	25.911994934082	2.62171471118927	9.88360587957633
299	ctrl_M2	ctrl	22.9415512084961	2.04325288534164	11.2279548816886
299	ctrl_M3	ctrl	30.5315437316895	1.9904827773571	15.3387630774823
299	mut_M1	mut	35.1680374145508	3.38973063230515	10.3748767171612
299	mut_M2	mut	31.3822860717773	3.40088903903961	9.22767126816919
299	mut_M3	mut	25.3640918731689	2.3620050996542	10.7383730360626
300	ctrl_M1	ctrl	7.41713857650757	1.40388578176498	5.28329204045549
300	ctrl_M2	ctrl	14.4302339553833	1.83896189928055	7.84694558436953
300	ctrl_M3	ctrl	15.9032459259033	0.812810510396957	19.5657483785939
300	mut_M1	mut	24.7578563690186	1.3157609552145	18.8163786673412
300	mut_M2	mut	16.8959712982178	2.15738159418106	7.83170271953278
300	mut_M3	mut	16.2047100067139	1.48440174758434	10.9166605557321
301	ctrl_M1	ctrl	30.1154232025146	2.47636365890503	12.1611472911982
301	ctrl_M2	ctrl	30.4636783599854	2.9965773075819	10.1661579972946
301	ctrl_M3	ctrl	32.8395309448242	2.57374656200409	12.7594268330963
301	mut_M1	mut	36.5324287414551	4.97628131508827	7.34131099676527
301	mut_M2	mut	36.4895439147949	2.39784297347069	15.2176536656106
301	mut_M3	mut	27.8816795349121	3.26204468309879	8.54730153739825
302	ctrl_M1	ctrl	10.0232095718384	2.11255741119385	4.7445856471063
302	ctrl_M2	ctrl	17.1121635437012	1.57230168581009	10.8835115411611
302	ctrl_M3	ctrl	11.555474281311	3.32403248548508	3.47634216325198
302	mut_M1	mut	16.3379783630371	1.20281171798706	13.5831553007974
302	mut_M2	mut	7.11657667160034	2.99221509695053	2.37836400158969
302	mut_M3	mut	12.5420980453491	1.91332232952118	6.55514120743464
303	ctrl_M1	ctrl	49.0842933654785	8.94205021858215	5.48915429522843
303	ctrl_M2	ctrl	33.6165733337402	9.69428420066833	3.46766946768722
303	ctrl_M3	ctrl	68.9054794311523	16.9786051809788	4.05837103205318
303	mut_M1	mut	64.4706039428711	12.450755238533	5.17804765315322
303	mut_M2	mut	56.8484039306641	13.0280369520187	4.36354334425304
303	mut_M3	mut	48.5987167358398	7.7307735979557	6.28639761856318
304	ctrl_M1	ctrl	18.3191394805908	15.1026358306408	1.21297630996467
304	ctrl_M2	ctrl	21.2134265899658	21.1616186201572	1.00244820449411
304	ctrl_M3	ctrl	32.9687728881836	21.6671952307224	1.52159855196377
304	mut_M1	mut	27.5664710998535	23.6238210499287	1.16689298659993
304	mut_M2	mut	25.0213642120361	23.1736074239016	1.07973539701155
304	mut_M3	mut	24.2206058502197	15.2556617558002	1.58764701511627
305	ctrl_M1	ctrl	2.82092118263245	3.4780151695013	0.811072133143377
305	ctrl_M2	ctrl	8.49137878417969	3.6021076887846	2.35733618143015
305	ctrl_M3	ctrl	7.69678926467896	4.67512026429176	1.64632968342365
305	mut_M1	mut	11.6020107269287	5.2230531424284	2.22130819092805
305	mut_M2	mut	9.23359680175781	2.7692024409771	3.33438851025272
305	mut_M3	mut	9.85633182525635	5.68799656629562	1.73283012926912
306	ctrl_M1	ctrl	3.64650797843933	1.26193237304688	2.88962234135813
306	ctrl_M2	ctrl	6.84226894378662	1.44372257590294	4.73932392413224
306	ctrl_M3	ctrl	5.95029497146606	2.15427431464195	2.76208787851376
306	mut_M1	mut	8.69302845001221	1.9113482683897	4.54811328410391
306	mut_M2	mut	10.5867023468018	1.83300238847733	5.77560750239727
306	mut_M3	mut	7.08450412750244	1.15264184772968	6.14631868646495
307	ctrl_M1	ctrl	10.2821016311646	1.02670779824257	10.0146328378576
307	ctrl_M2	ctrl	11.4409837722778	1.30983757972717	8.73465836478816
307	ctrl_M3	ctrl	12.0430221557617	1.12941573560238	10.6630550435341
307	mut_M1	mut	15.170220375061	1.62481540441513	9.33658084102281
307	mut_M2	mut	13.2574100494385	1.52358241379261	8.70147222061797
307	mut_M3	mut	10.8119792938232	1.0617980659008	10.1827076551045
308	ctrl_M1	ctrl	4.18648767471313	1.41104030609131	2.96695116123935
308	ctrl_M2	ctrl	7.00027847290039	2.41138838231564	2.90300746418048
308	ctrl_M3	ctrl	9.15774917602539	4.11298279464245	2.22654692063245
308	mut_M1	mut	8.09903717041016	3.87442517280579	2.09038420131495
308	mut_M2	mut	9.32375526428223	4.48407758772373	2.0793028403006
308	mut_M3	mut	10.3180437088013	1.7334900200367	5.95217947005131
309	ctrl_M1	ctrl	11.1502075195312	1.30403885245323	8.55051787648416
309	ctrl_M2	ctrl	7.3627347946167	1.66530191898346	4.42126122037444
309	ctrl_M3	ctrl	9.52363204956055	2.07288697361946	4.59438076979729
309	mut_M1	mut	13.3174152374268	1.68455268442631	7.9056092222857
309	mut_M2	mut	9.64896297454834	1.0201413333416	9.45845703843993
309	mut_M3	mut	10.4480609893799	1.35501250624657	7.71067495038949
310	ctrl_M1	ctrl	4.30606174468994	0.383542686700821	11.2270730064757
310	ctrl_M2	ctrl	9.44829559326172	0.962447315454483	9.81694835815515
310	ctrl_M3	ctrl	6.56212425231934	0.731486409902573	8.9709448644348
310	mut_M1	mut	7.62252140045166	1.94307018816471	3.92292643203556
310	mut_M2	mut	6.43852138519287	1.05446073412895	6.1059849616036
310	mut_M3	mut	6.37501859664917	0.810389831662178	7.86660733831453
311	ctrl_M1	ctrl	6.65801286697388	1.48049728572369	4.49714628400643
311	ctrl_M2	ctrl	12.4377346038818	1.98285302519798	6.27264575126034
311	ctrl_M3	ctrl	8.10808086395264	2.06874173879623	3.91932966396791
311	mut_M1	mut	14.2360963821411	1.68398088216782	8.4538349175406
311	mut_M2	mut	13.3684873580933	1.45662303268909	9.17772619139043
311	mut_M3	mut	15.9742679595947	1.80125260353088	8.8684218572572
312	ctrl_M1	ctrl	6.89367818832397	1.75555464625359	3.92678074877095
312	ctrl_M2	ctrl	14.274115562439	3.4652321189642	4.11923792473264
312	ctrl_M3	ctrl	11.8646087646484	2.08806598186493	5.6821043337202
312	mut_M1	mut	15.9971351623535	2.57413139939308	6.21457597934793
312	mut_M2	mut	17.3303508758545	2.72174534201622	6.36736678054402
312	mut_M3	mut	18.5176200866699	3.02803227305412	6.11539720083391
313	ctrl_M1	ctrl	11.7841653823853	8.46658402681351	1.39184414222608
313	ctrl_M2	ctrl	11.7795934677124	13.3893000483513	0.879776644423089
313	ctrl_M3	ctrl	8.82871723175049	12.0376668572426	0.733424286986195
313	mut_M1	mut	13.4775447845459	11.8571293950081	1.13666169403701
313	mut_M2	mut	13.8885068893433	7.47751617431641	1.85736902008279
313	mut_M3	mut	9.40264892578125	11.8565677702427	0.793032950849383
314	ctrl_M1	ctrl	1.47971475124359	0.773266062140465	1.91359070789635
314	ctrl_M2	ctrl	5.48239040374756	1.76548421382904	3.10531828084555
314	ctrl_M3	ctrl	3.60618901252747	1.84606072306633	1.95345091711693
314	mut_M1	mut	4.08915042877197	4.68321508169174	0.873150252004832
314	mut_M2	mut	2.632319688797	2.99575996398926	0.878681777057902
314	mut_M3	mut	7.31086778640747	3.30419528484344	2.21260160376806
315	ctrl_M1	ctrl	9.05332660675049	0.871827811002731	10.3843058141697
315	ctrl_M2	ctrl	14.7471885681152	1.46697708964348	10.0527736065048
315	ctrl_M3	ctrl	17.2538585662842	0.479160130023956	36.0085438774331
315	mut_M1	mut	21.8131256103516	0.426207259297371	51.1796200897935
315	mut_M2	mut	16.2452392578125	1.2694499194622	12.7970698243021
315	mut_M3	mut	16.0553703308105	0.654931932687759	24.5145633148796
316	ctrl_M1	ctrl	6.71132946014404	2.42240180075169	2.77052694481216
316	ctrl_M2	ctrl	10.888240814209	3.49381324648857	3.1164346935693
316	ctrl_M3	ctrl	7.68188047409058	3.31966669857502	2.31405173217783
316	mut_M1	mut	6.66679048538208	2.0688700824976	3.22243070832836
316	mut_M2	mut	5.20990371704102	2.69264906644821	1.93486176195743
316	mut_M3	mut	4.37309551239014	2.62689810991287	1.66473739346334
317	ctrl_M1	ctrl	6.4905366897583	2.49731060862541	2.59901057855629
317	ctrl_M2	ctrl	5.66147232055664	5.35096198320389	1.05802888122312
317	ctrl_M3	ctrl	5.42250394821167	3.82369177043438	1.41813312206273
317	mut_M1	mut	11.0468425750732	4.08253364264965	2.70587912850697
317	mut_M2	mut	12.1555624008179	3.9898636341095	3.04661099113752
317	mut_M3	mut	8.91062355041504	3.56745651364326	2.49775253498888
318	ctrl_M1	ctrl	16.1787548065186	3.62084884941578	4.46822153571226
318	ctrl_M2	ctrl	24.2148494720459	3.88145220279694	6.23860560606593
318	ctrl_M3	ctrl	23.234884262085	6.02847909927368	3.85418674917266
318	mut_M1	mut	32.1875190734863	4.48384273052216	7.17855665507207
318	mut_M2	mut	39.7173767089844	4.36568701267242	9.09762348828384
318	mut_M3	mut	29.0887184143066	5.92738860845566	4.90750992314059
319	ctrl_M1	ctrl	8.24233245849609	2.87538782507181	2.86651156641461
319	ctrl_M2	ctrl	12.8809118270874	6.36932419985533	2.02233571771711
319	ctrl_M3	ctrl	7.5209321975708	4.88025239109993	1.5410949260097
319	mut_M1	mut	20.5441780090332	5.20322236418724	3.94835672417822
319	mut_M2	mut	10.7767210006714	4.40095353126526	2.44872410583556
319	mut_M3	mut	10.7722015380859	3.13072016835213	3.44080625505279
320	ctrl_M1	ctrl	16.5303897857666	4.09105026721954	4.04062250669958
320	ctrl_M2	ctrl	17.3041343688965	1.87351685762405	9.23617756545898
320	ctrl_M3	ctrl	15.4624605178833	3.44028919935226	4.49452346064237
320	mut_M1	mut	22.0577564239502	4.30500876903534	5.12374250724067
320	mut_M2	mut	27.9457550048828	2.23647451400757	12.4954497937946
320	mut_M3	mut	23.4773635864258	4.33306047320366	5.41819430668313
321	ctrl_M1	ctrl	20.1664123535156	0.757288157939911	26.6297738081305
321	ctrl_M2	ctrl	21.2085762023926	0.481838926672935	44.0159045447746
321	ctrl_M3	ctrl	20.9381561279297	1.75206069648266	11.9505883386141
321	mut_M1	mut	27.6380023956299	1.91728118062019	14.4152055916439
321	mut_M2	mut	24.6634998321533	1.06240832805634	23.2147086772888
321	mut_M3	mut	17.7183647155762	1.55085080862045	11.4249317968486
322	ctrl_M1	ctrl	4.90463399887085	1.35778346657753	3.61223576483342
322	ctrl_M2	ctrl	11.1886463165283	1.59486442804337	7.01542157426819
322	ctrl_M3	ctrl	6.75485420227051	3.17535272240639	2.12727680758296
322	mut_M1	mut	6.69284105300903	2.73029538989067	2.45132489246046
322	mut_M2	mut	5.78354120254517	1.11575312912464	5.18353124143386
322	mut_M3	mut	8.76225280761719	1.39020319283009	6.30285763463078
323	ctrl_M1	ctrl	4.09554004669189	0.822612226009369	4.97870067718304
323	ctrl_M2	ctrl	4.54536819458008	1.01973901689053	4.4573838200682
323	ctrl_M3	ctrl	3.89391660690308	0.474120765924454	8.21292144694529
323	mut_M1	mut	4.87267351150513	0.492514386773109	9.89346431772329
323	mut_M2	mut	2.5042290687561	0.791082173585892	3.16557388394267
323	mut_M3	mut	4.88161516189575	0.296434804797173	16.4677530536128
324	ctrl_M1	ctrl	9.31087398529053	0.732464164495468	12.7117126497294
324	ctrl_M2	ctrl	11.8337297439575	0.297274768352509	39.8073802547718
324	ctrl_M3	ctrl	12.7256450653076	1.31889745593071	9.64869937998893
324	mut_M1	mut	14.6241111755371	1.23597681522369	11.8320271022967
324	mut_M2	mut	20.6652240753174	1.38184371590614	14.9548200259146
324	mut_M3	mut	8.39157772064209	0.747595876455307	11.2247512124203
325	ctrl_M1	ctrl	6.28683996200562	1.97557109594345	3.18228990842938
325	ctrl_M2	ctrl	11.0454616546631	2.36620938777924	4.66799840779501
325	ctrl_M3	ctrl	5.34709930419922	1.4629579782486	3.65499172477981
325	mut_M1	mut	5.92799139022827	1.02102713286877	5.80590975439847
325	mut_M2	mut	8.07090854644775	3.5353641808033	2.28290725755271
325	mut_M3	mut	2.48483228683472	2.08297246694565	1.1929261314137
326	ctrl_M1	ctrl	1.14404761791229	0.779005706310272	1.46859979156125
326	ctrl_M2	ctrl	7.80475902557373	1.27849449217319	6.10464814150833
326	ctrl_M3	ctrl	6.74869918823242	1.81054122745991	3.7274485031752
326	mut_M1	mut	4.56428194046021	0.752916306257248	6.06213718912436
326	mut_M2	mut	7.85348892211914	0.800759434700012	9.80755090954537
326	mut_M3	mut	4.88993358612061	0.786114826798439	6.22038081387618
327	ctrl_M1	ctrl	13.9397954940796	2.95465713739395	4.71790629026239
327	ctrl_M2	ctrl	14.1391620635986	0.815834999084473	17.3309089208793
327	ctrl_M3	ctrl	19.5610218048096	1.17398625612259	16.6620534974704
327	mut_M1	mut	25.9049873352051	3.48391495645046	7.4355969244433
327	mut_M2	mut	33.1507949829102	2.15462023019791	15.3859109453665
327	mut_M3	mut	27.0365219116211	2.07747441530228	13.0141299033458
328	ctrl_M1	ctrl	6.46169662475586	1.58466392755508	4.07764480051323
328	ctrl_M2	ctrl	5.11047220230103	2.80897653102875	1.81933602714345
328	ctrl_M3	ctrl	7.31208562850952	2.83692334592342	2.5774702862581
328	mut_M1	mut	15.5631284713745	1.3249454498291	11.7462409289242
328	mut_M2	mut	6.75509023666382	1.92936889827251	3.50119162940383
328	mut_M3	mut	11.5084991455078	2.07766690850258	5.53914542240183
329	ctrl_M1	ctrl	7.18719148635864	1.10716061294079	6.49155271814481
329	ctrl_M2	ctrl	12.536675453186	0.89266973733902	14.0440242665299
329	ctrl_M3	ctrl	13.6831254959106	1.95467671751976	7.00019874042027
329	mut_M1	mut	13.5032062530518	1.91331630945206	7.05748766492189
329	mut_M2	mut	9.27117824554443	1.77199313044548	5.23206218255127
329	mut_M3	mut	11.776216506958	1.93807008862495	6.07625935515735
330	ctrl_M1	ctrl	7.25807476043701	2.26445868611336	3.20521403412951
330	ctrl_M2	ctrl	7.12982177734375	1.28385591506958	5.55344388233577
330	ctrl_M3	ctrl	6.97737073898315	0.517775550484657	13.4756666908124
330	mut_M1	mut	7.98270845413208	3.70578020811081	2.15412355990795
330	mut_M2	mut	6.72182035446167	1.9386842250824	3.46720743249251
330	mut_M3	mut	5.023841381073	0.955638438463211	5.25705243622471
331	ctrl_M1	ctrl	30.3236179351807	4.2303509414196	7.16810930229935
331	ctrl_M2	ctrl	33.9195785522461	6.32169836759567	5.36558003559836
331	ctrl_M3	ctrl	44.2508811950684	6.44942212104797	6.86121645699909
331	mut_M1	mut	43.5740966796875	6.49778774380684	6.7059895456294
331	mut_M2	mut	42.5595283508301	5.5650622844696	7.64762839575053
331	mut_M3	mut	37.6658515930176	4.96744576096535	7.58253907652085
332	ctrl_M1	ctrl	32.9037971496582	4.24533732235432	7.75057307611328
332	ctrl_M2	ctrl	27.8967037200928	4.22119969129562	6.60871452672981
332	ctrl_M3	ctrl	37.5727691650391	4.78412872552872	7.85362838682538
332	mut_M1	mut	36.304328918457	4.9294516146183	7.36478045768751
332	mut_M2	mut	40.704647064209	5.15828612446785	7.89111849983084
332	mut_M3	mut	34.0591926574707	4.45719867944717	7.64138982956332
333	ctrl_M1	ctrl	23.6458930969238	0	NA
333	ctrl_M2	ctrl	13.6247434616089	1.05204010009766	12.9507833972718
333	ctrl_M3	ctrl	17.7697677612305	0.371771723031998	47.7975237500811
333	mut_M1	mut	23.7711448669434	0.664293438196182	35.7841030787409
333	mut_M2	mut	13.0039939880371	0.361553579568863	35.9669900199683
333	mut_M3	mut	16.2181758880615	0.959740966558456	16.8984928779465
334	ctrl_M1	ctrl	7.16678857803345	3.29492703080177	2.17509781280028
334	ctrl_M2	ctrl	14.8222761154175	3.58562701940536	4.13380310757352
334	ctrl_M3	ctrl	11.2203607559204	3.36331263184547	3.33610400938664
334	mut_M1	mut	16.6705951690674	4.33710920810699	3.84371118391634
334	mut_M2	mut	19.3059501647949	3.32509717345238	5.80613111668853
334	mut_M3	mut	11.0312376022339	3.0590429008007	3.60610751792545
335	ctrl_M1	ctrl	10.4114942550659	3.26538386940956	3.18844419873627
335	ctrl_M2	ctrl	17.7097625732422	1.72620636224747	10.2593542467221
335	ctrl_M3	ctrl	24.8390312194824	4.41115486621857	5.63095877900463
335	mut_M1	mut	18.4009075164795	2.73383617401123	6.73080109605862
335	mut_M2	mut	25.2661323547363	2.56061583757401	9.86720927988719
335	mut_M3	mut	15.1675491333008	0.577648639678955	26.2573960906938
336	ctrl_M1	ctrl	9.91252422332764	0.990580603480339	10.0067820715454
336	ctrl_M2	ctrl	24.4702911376953	1.73327273130417	14.1179692588154
336	ctrl_M3	ctrl	8.7811336517334	1.54444114863873	5.68563823844833
336	mut_M1	mut	16.6227931976318	2.17417046427727	7.6455795305625
336	mut_M2	mut	8.99868869781494	2.35122637450695	3.82723194813683
336	mut_M3	mut	11.0249948501587	1.02871689200401	10.7172293328257
337	ctrl_M1	ctrl	3.63837671279907	1.76669140160084	2.05942968279704
337	ctrl_M2	ctrl	10.2265491485596	4.99984976649284	2.04537128637227
337	ctrl_M3	ctrl	8.77014827728271	5.45789685845375	1.60687321595288
337	mut_M1	mut	15.6193904876709	3.98708708584309	3.91749418845917
337	mut_M2	mut	22.4549407958984	4.70936381816864	4.76814738951951
337	mut_M3	mut	19.3526458740234	4.61135573685169	4.1967367035613
338	ctrl_M1	ctrl	10.0381183624268	0.259146213531494	38.7353464503035
338	ctrl_M2	ctrl	6.17626094818115	2.45630863308907	2.51444825173043
338	ctrl_M3	ctrl	6.10196733474731	2.01143272221088	3.03364227267829
338	mut_M1	mut	7.34409809112549	2.11678487062454	3.46945889166274
338	mut_M2	mut	9.7092113494873	1.45218160748482	6.68594843747104
338	mut_M3	mut	11.8523540496826	2.58956050872803	4.57697513139185
339	ctrl_M1	ctrl	10.2459402084351	0.789142847061157	12.9836318565034
339	ctrl_M2	ctrl	7.77888822555542	1.59919264912605	4.86425961863102
339	ctrl_M3	ctrl	8.59619903564453	1.42447724938393	6.03463413639095
339	mut_M1	mut	6.830397605896	0.796853542327881	8.57171016137053
339	mut_M2	mut	11.5706653594971	1.25017303228378	9.25525112180678
339	mut_M3	mut	7.60301828384399	0.374436110258102	20.3052485472172
340	ctrl_M1	ctrl	13.9343242645264	1.51731884479523	9.18351756608342
340	ctrl_M2	ctrl	13.6456413269043	2.25909161567688	6.04032223935094
340	ctrl_M3	ctrl	17.8920116424561	2.03523434698582	8.79113094222006
340	mut_M1	mut	20.528636932373	2.00910218060017	10.2178162617098
340	mut_M2	mut	15.4599952697754	3.06077243387699	5.05101101233869
340	mut_M3	mut	19.4212703704834	1.91559848189354	10.1384870337158
341	ctrl_M1	ctrl	16.1022052764893	2.40232020616531	6.70277227622053
341	ctrl_M2	ctrl	23.055980682373	2.59436956048012	8.88693000164027
341	ctrl_M3	ctrl	20.8148899078369	1.62782269716263	12.7869515175813
341	mut_M1	mut	20.0435314178467	2.08302599191666	9.62231460175108
341	mut_M2	mut	21.0223121643066	0.515708178281784	40.7639689452821
341	mut_M3	mut	15.1995105743408	2.2838486880064	6.65521785841629
342	ctrl_M1	ctrl	11.9692182540894	0.76677930355072	15.6097304643769
342	ctrl_M2	ctrl	11.1803064346313	2.31874117255211	4.82171385361041
342	ctrl_M3	ctrl	15.0554637908936	1.55799481272697	9.66335938214186
342	mut_M1	mut	15.0461454391479	1.58507509529591	9.49238650193989
342	mut_M2	mut	16.3168544769287	3.04173019528389	5.36433326737115
342	mut_M3	mut	17.0061683654785	0.385420352220535	44.1236905822443
343	ctrl_M1	ctrl	1.59693932533264	0.678509831428528	2.35359791614288
343	ctrl_M2	ctrl	5.30300903320312	1.37443998456001	3.85830526816399
343	ctrl_M3	ctrl	3.9867422580719	3.03258460760117	1.31463512941375
343	mut_M1	mut	4.56359767913818	1.29493175446987	3.5241993745118
343	mut_M2	mut	4.23344421386719	0.77175073325634	5.48550721293715
343	mut_M3	mut	5.18860149383545	0.484186232089996	10.716127700366
344	ctrl_M1	ctrl	7.76198959350586	3.41532680392265	2.27269308008559
344	ctrl_M2	ctrl	6.57480812072754	2.8887442946434	2.27600903718588
344	ctrl_M3	ctrl	6.78115034103394	1.72748872637749	3.92543826045909
344	mut_M1	mut	8.05911064147949	1.1561693251133	6.97052798965217
344	mut_M2	mut	11.3024883270264	2.34709352254868	4.81552533737691
344	mut_M3	mut	12.6876239776611	0.573109090328217	22.1382354455327
345	ctrl_M1	ctrl	4.93855237960815	1.3064267039299	3.78019858653558
345	ctrl_M2	ctrl	4.86933183670044	0.98519378900528	4.94251170789135
345	ctrl_M3	ctrl	9.09581089019775	1.50492852926254	6.04401518964821
345	mut_M1	mut	11.4311017990112	0.584792196750641	19.547288528348
345	mut_M2	mut	11.5360403060913	0.71599292755127	16.1119472863302
345	mut_M3	mut	10.8154821395874	1.14304177463055	9.46201825657962
346	ctrl_M1	ctrl	10.5939769744873	1.42369958758354	7.44116038726158
346	ctrl_M2	ctrl	10.3038558959961	1.80401360988617	5.71162869256083
346	ctrl_M3	ctrl	10.1390571594238	2.55889835953712	3.96227428167873
346	mut_M1	mut	11.8789901733398	1.24316874146461	9.55541253341429
346	mut_M2	mut	9.54133415222168	4.50546646118164	2.11772393256686
346	mut_M3	mut	15.6467542648315	1.44817280769348	10.8044800880858
347	ctrl_M1	ctrl	14.2485609054565	3.1434473991394	4.53278171899979
347	ctrl_M2	ctrl	13.2501926422119	6.38831967115402	2.0741279905015
347	ctrl_M3	ctrl	16.0714054107666	7.05065810680389	2.27941919283502
347	mut_M1	mut	10.9373950958252	4.72518053650856	2.31470417083933
347	mut_M2	mut	19.2439632415771	3.77225789427757	5.10144422277432
347	mut_M3	mut	13.3231830596924	4.68950998783112	2.84106081323314
348	ctrl_M1	ctrl	5.00354242324829	2.44882279634476	2.04324397449944
348	ctrl_M2	ctrl	9.86841106414795	3.73034925758839	2.64543890738202
348	ctrl_M3	ctrl	10.445481300354	5.65274207293987	1.84786094351578
348	mut_M1	mut	14.9379110336304	3.29405610263348	4.5348077167502
348	mut_M2	mut	9.47612857818604	5.8182158768177	1.62870006524561
348	mut_M3	mut	14.7161884307861	4.05379791557789	3.6302225067103
349	ctrl_M1	ctrl	5.28624391555786	10.4324853718281	0.506709928377456
349	ctrl_M2	ctrl	10.0303268432617	10.8597573339939	0.923623478386957
349	ctrl_M3	ctrl	3.90201926231384	8.23566085100174	0.473795525691083
349	mut_M1	mut	8.2194938659668	6.30457216501236	1.30373539247935
349	mut_M2	mut	7.52634239196777	6.74322122335434	1.11613458059202
349	mut_M3	mut	12.8941888809204	9.44814378023148	1.36473249993286
350	ctrl_M1	ctrl	27.6824607849121	5.95565715432167	4.64809509137452
350	ctrl_M2	ctrl	28.508903503418	4.68186697363853	6.08921690085144
350	ctrl_M3	ctrl	34.5778961181641	4.28823411464691	8.06343478311029
350	mut_M1	mut	34.0370635986328	4.44591084122658	7.65581335617661
350	mut_M2	mut	40.9935264587402	4.84657320380211	8.45824972303752
350	mut_M3	mut	32.1052436828613	2.38392204046249	13.4674050316816
351	ctrl_M1	ctrl	33.5457992553711	2.81606960296631	11.9122763230126
351	ctrl_M2	ctrl	34.1836776733398	2.87341614067554	11.8965287308866
351	ctrl_M3	ctrl	36.7997970581055	1.94342185556889	18.9355681848773
351	mut_M1	mut	52.5243721008301	2.09509275853634	25.0701893206506
351	mut_M2	mut	39.9568634033203	1.61876699328423	24.683517497632
351	mut_M3	mut	40.8021049499512	1.05687655508518	38.6063109770304
352	ctrl_M1	ctrl	8.13782978057861	2.17847317457199	3.73556575108044
352	ctrl_M2	ctrl	12.4047698974609	1.17100539803505	10.5932644873168
352	ctrl_M3	ctrl	12.1558752059937	2.18503585457802	5.56323832422477
352	mut_M1	mut	10.0208368301392	1.91742727160454	5.22618874704621
352	mut_M2	mut	14.9972343444824	3.21722990274429	4.66153641419589
352	mut_M3	mut	12.7290840148926	2.06759250164032	6.15647619383123
353	ctrl_M1	ctrl	7.29342699050903	5.13244904577732	1.42104225983688
353	ctrl_M2	ctrl	14.705982208252	10.8743531703949	1.35235466218704
353	ctrl_M3	ctrl	13.3730316162109	12.2801844775677	1.08899272976229
353	mut_M1	mut	18.2668571472168	10.1707246899605	1.79602316492236
353	mut_M2	mut	14.8335027694702	13.323785930872	1.11330989903554
353	mut_M3	mut	25.7259902954102	12.3417817950249	2.08446322602954
354	ctrl_M1	ctrl	16.5063724517822	3.99866208434105	4.12797383315334
354	ctrl_M2	ctrl	19.7874221801758	7.38313102722168	2.68008546878274
354	ctrl_M3	ctrl	20.1739730834961	5.88393151760101	3.42865531713758
354	mut_M1	mut	17.7036628723145	5.3853018283844	3.2874040186575
354	mut_M2	mut	20.1002864837646	5.03287065029144	3.9938015260934
354	mut_M3	mut	22.2419624328613	4.35189659893513	5.11086647561979
355	ctrl_M1	ctrl	32.9810981750488	1.71166580915451	19.2684214398955
355	ctrl_M2	ctrl	35.184326171875	3.05856281518936	11.5035486592407
355	ctrl_M3	ctrl	43.562671661377	3.4845497906208	12.50166428347
355	mut_M1	mut	48.0008354187012	2.06473134458065	23.2479811694098
355	mut_M2	mut	47.4237289428711	2.12567214667797	22.3099921674119
355	mut_M3	mut	31.5721321105957	0.877489522099495	35.9800673574492
356	ctrl_M1	ctrl	20.0735130310059	7.03214766085148	2.85453520021439
356	ctrl_M2	ctrl	18.5042896270752	8.57887926697731	2.15695885805315
356	ctrl_M3	ctrl	33.9366912841797	12.0235666930676	2.82251449594791
356	mut_M1	mut	35.5834655761719	12.5214644670486	2.84179743270549
356	mut_M2	mut	30.4327125549316	12.9036325216293	2.35846088331481
356	mut_M3	mut	35.20703125	10.8439712822437	3.2466916716802
357	ctrl_M1	ctrl	24.5416202545166	5.14163759350777	4.77311358651663
357	ctrl_M2	ctrl	29.7769451141357	7.62403684854507	3.90566647376818
357	ctrl_M3	ctrl	35.7606773376465	8.26287752389908	4.32787212859132
357	mut_M1	mut	49.0460319519043	10.0335240364075	4.88821592233563
357	mut_M2	mut	39.2116661071777	9.57478106021881	4.09530681282039
357	mut_M3	mut	29.8939056396484	7.20538139343262	4.14883043760812
358	ctrl_M1	ctrl	19.7400779724121	2.89514431357384	6.81833989409822
358	ctrl_M2	ctrl	20.880708694458	2.76708829402924	7.54609411615594
358	ctrl_M3	ctrl	17.2605323791504	3.40397560596466	5.07069802407085
358	mut_M1	mut	27.5165405273438	3.34978711605072	8.21441469981674
358	mut_M2	mut	22.0295753479004	2.87401713430882	7.66508142380939
358	mut_M3	mut	30.1693477630615	2.56648921966553	11.7551040276699
359	ctrl_M1	ctrl	15.9709367752075	5.013223528862	3.18576195201751
359	ctrl_M2	ctrl	21.8266220092773	7.91203212738037	2.75866195408183
359	ctrl_M3	ctrl	18.9193954467773	7.06485521793365	2.6779594008879
359	mut_M1	mut	29.189094543457	10.0716297626495	2.89815007415228
359	mut_M2	mut	28.8090229034424	10.4555975198746	2.75536838986778
359	mut_M3	mut	23.6131362915039	5.92214676737785	3.98725955620973
360	ctrl_M1	ctrl	7.52611637115479	5.50451296567917	1.367262901928
360	ctrl_M2	ctrl	8.5420389175415	7.77959170937538	1.09800606981049
360	ctrl_M3	ctrl	10.8867654800415	8.13093459606171	1.33893162605374
360	mut_M1	mut	15.8818283081055	6.77050238847733	2.34573852822719
360	mut_M2	mut	14.1347398757935	6.63868498802185	2.12914754974768
360	mut_M3	mut	14.3884296417236	7.56570780277252	1.90179557773178
361	ctrl_M1	ctrl	19.2334213256836	3.83270609378815	5.0182353812248
361	ctrl_M2	ctrl	20.2473907470703	5.83862012624741	3.46783834352376
361	ctrl_M3	ctrl	16.4458522796631	6.22473992407322	2.64201436208785
361	mut_M1	mut	23.8503875732422	6.96805453300476	3.42281873086281
361	mut_M2	mut	26.5204429626465	4.81169432401657	5.5116641201157
361	mut_M3	mut	21.6004581451416	4.61188060045242	4.68365511089394
362	ctrl_M1	ctrl	17.1713809967041	4.01399351656437	4.27787960439989
362	ctrl_M2	ctrl	15.3935031890869	6.95293259620667	2.21395835154294
362	ctrl_M3	ctrl	19.2149982452393	6.68486991524696	2.87440122079464
362	mut_M1	mut	20.3477935791016	5.40966194868088	3.76137987403506
362	mut_M2	mut	19.4247570037842	5.1747912466526	3.753727653526
362	mut_M3	mut	21.6984272003174	5.91193944215775	3.67027223682079
363	ctrl_M1	ctrl	38.5682029724121	0.698719590902328	55.1983992929195
363	ctrl_M2	ctrl	30.4856033325195	3.32099667191505	9.17965488804299
363	ctrl_M3	ctrl	37.3642196655273	0.701173275709152	53.2881399790058
363	mut_M1	mut	51.6138229370117	1.52230663597584	33.9050108021936
363	mut_M2	mut	51.8026885986328	0.177117615938187	292.476207542855
363	mut_M3	mut	44.2027549743652	3.82769480347633	11.5481398710838
364	ctrl_M1	ctrl	10.7893896102905	2.67325067520142	4.03605606850828
364	ctrl_M2	ctrl	11.9059238433838	2.68340718746185	4.43686813503888
364	ctrl_M3	ctrl	11.1575040817261	3.8485960662365	2.89911019231407
364	mut_M1	mut	12.5572166442871	2.72332715988159	4.61098351651334
364	mut_M2	mut	17.0596656799316	2.99693006277084	5.692380310056
364	mut_M3	mut	6.93117618560791	2.750452876091	2.52001270258396
365	ctrl_M1	ctrl	23.0688190460205	5.87337476015091	3.92769404100272
365	ctrl_M2	ctrl	20.1575183868408	7.31477856636047	2.75572503035732
365	ctrl_M3	ctrl	24.7426242828369	6.60588133335114	3.74554477052422
365	mut_M1	mut	37.1760215759277	7.62845796346664	4.87333373978948
365	mut_M2	mut	32.7914009094238	7.37743178009987	4.44482604337684
365	mut_M3	mut	22.6651363372803	5.61764390766621	4.03463386248992
366	ctrl_M1	ctrl	19.0706748962402	5.53718015551567	3.44411313351321
366	ctrl_M2	ctrl	15.3226623535156	9.2288031578064	1.66030871950656
366	ctrl_M3	ctrl	20.994421005249	8.69675743579865	2.41405157729584
366	mut_M1	mut	30.8468685150146	6.67854654788971	4.6187996585517
366	mut_M2	mut	24.7862377166748	8.93341243267059	2.77455428185857
366	mut_M3	mut	19.1770858764648	7.50593304634094	2.55492365280469
367	ctrl_M1	ctrl	13.2791204452515	0.964191079139709	13.7722913357585
367	ctrl_M2	ctrl	21.1811294555664	1.20953595638275	17.5117815586987
367	ctrl_M3	ctrl	18.7164611816406	2.00788560509682	9.32147784422118
367	mut_M1	mut	28.4102153778076	1.48197960853577	19.1704495893015
367	mut_M2	mut	19.8351936340332	2.93819826841354	6.75080162127488
367	mut_M3	mut	29.1662216186523	3.25395809113979	8.9633058575859
368	ctrl_M1	ctrl	13.5026807785034	1.2996466755867	10.3895012638015
368	ctrl_M2	ctrl	10.4543371200562	4.87302315235138	2.14534936387725
368	ctrl_M3	ctrl	13.2738189697266	3.59256303310394	3.69480475287809
368	mut_M1	mut	15.7336473464966	4.32113087177277	3.64109484609101
368	mut_M2	mut	12.1232576370239	1.84888392686844	6.55706800240174
368	mut_M3	mut	12.7379655838013	0	NA
369	ctrl_M1	ctrl	3.17987465858459	1.07709223031998	2.95227703725978
369	ctrl_M2	ctrl	8.01645374298096	0.740494817495346	10.8258066816671
369	ctrl_M3	ctrl	6.0314154624939	1.98021990060806	3.04583115271281
369	mut_M1	mut	11.4439458847046	1.62667751312256	7.03516572423558
369	mut_M2	mut	7.22679328918457	1.2485046684742	5.78835904395653
369	mut_M3	mut	6.70244693756104	1.17514218389988	5.70351999050702
370	ctrl_M1	ctrl	21.8906726837158	4.0087288543582	5.46075164448122
370	ctrl_M2	ctrl	29.956506729126	4.5332213640213	6.60821617203188
370	ctrl_M3	ctrl	33.7382507324219	6.1653625369072	5.47222495521673
370	mut_M1	mut	39.6822547912598	6.1636281311512	6.43813253280227
370	mut_M2	mut	30.4060802459717	6.13503143191338	4.95614090708721
370	mut_M3	mut	33.2979431152344	4.27073010802269	7.79678000552721
371	ctrl_M1	ctrl	1.32332646846771	2.93381372094154	0.45106015389519
371	ctrl_M2	ctrl	6.29595041275024	5.01347607374191	1.25580541726833
371	ctrl_M3	ctrl	6.54187870025635	3.03155022859573	2.15793181935391
371	mut_M1	mut	8.82248497009277	4.56233257055283	1.93376629907182
371	mut_M2	mut	7.28670930862427	3.78526097536087	1.92502164475716
371	mut_M3	mut	3.02732467651367	3.39232376217842	0.89240440734632
372	ctrl_M1	ctrl	18.2388706207275	1.48418194055557	12.2888374547262
372	ctrl_M2	ctrl	24.4185009002686	2.51390373706818	9.71337945053794
372	ctrl_M3	ctrl	19.9757957458496	1.78018435835838	11.2211949577349
372	mut_M1	mut	18.8858070373535	1.66116636991501	11.3690039597417
372	mut_M2	mut	25.7245616912842	2.00942012667656	12.801982696287
372	mut_M3	mut	26.6408023834229	0.661221146583557	40.2903060815166
373	ctrl_M1	ctrl	0.968242585659027	0.229997590184212	4.20979448038361
373	ctrl_M2	ctrl	5.37183237075806	0	NA
373	ctrl_M3	ctrl	7.83444213867188	0.841252863407135	9.31282671293601
373	mut_M1	mut	4.92532348632812	1.12210954725742	4.38934282162221
373	mut_M2	mut	2.80013370513916	0.757257282733917	3.69773096804017
373	mut_M3	mut	9.30987453460693	0.896755218505859	10.3817344382101
374	ctrl_M1	ctrl	14.9209060668945	2.82763861119747	5.27680800785773
374	ctrl_M2	ctrl	12.7677268981934	6.09029395878315	2.09640568823124
374	ctrl_M3	ctrl	16.547306060791	6.88161137700081	2.40456851662594
374	mut_M1	mut	29.5968341827393	4.96239244937897	5.96422682902543
374	mut_M2	mut	25.7076473236084	4.66183964908123	5.51448553762997
374	mut_M3	mut	18.7097969055176	4.11998063325882	4.54123418796717
375	ctrl_M1	ctrl	9.25258159637451	5.95422112941742	1.55395330392773
375	ctrl_M2	ctrl	11.4632387161255	9.69991774857044	1.18178720822812
375	ctrl_M3	ctrl	19.1933479309082	10.0142668932676	1.91660039975682
375	mut_M1	mut	25.4006080627441	11.9132204651833	2.13213615386185
375	mut_M2	mut	21.6471691131592	9.90887352824211	2.18462462473265
375	mut_M3	mut	10.4440069198608	10.2822502851486	1.01573163755271
376	ctrl_M1	ctrl	21.5784530639648	1.67590406537056	12.875709003781
376	ctrl_M2	ctrl	11.9182071685791	1.61516758799553	7.37892913228277
376	ctrl_M3	ctrl	16.7205390930176	0	NA
376	mut_M1	mut	24.1344013214111	1.5625382065773	15.4456391656988
376	mut_M2	mut	26.4858512878418	0.343494921922684	77.1069660639799
376	mut_M3	mut	22.6045227050781	1.13202133774757	19.9682832393029
377	ctrl_M1	ctrl	17.6739654541016	1.18551470339298	14.9082633927003
377	ctrl_M2	ctrl	17.4752750396729	2.04184846580029	8.55855629463843
377	ctrl_M3	ctrl	17.3455333709717	2.47710680961609	7.00233566983733
377	mut_M1	mut	34.6781539916992	3.13553358614445	11.0597297203059
377	mut_M2	mut	24.3766765594482	1.89837044477463	12.840842853694
377	mut_M3	mut	33.2853050231934	0.959982290863991	34.6728323428095
378	ctrl_M1	ctrl	3.78593134880066	0.767884939908981	4.93033676275695
378	ctrl_M2	ctrl	7.55292129516602	0.602519929409027	12.5355543053558
378	ctrl_M3	ctrl	10.2771825790405	1.34535504877567	7.63901141813321
378	mut_M1	mut	7.47689199447632	1.79394672811031	4.16784505209485
378	mut_M2	mut	9.05196666717529	1.92853167653084	4.69370909346873
378	mut_M3	mut	7.55280065536499	1.36668595671654	5.52636150115319
379	ctrl_M1	ctrl	4.71986150741577	15.5567636191845	0.303396106218087
379	ctrl_M2	ctrl	9.96320247650146	14.7896744012833	0.673659352205684
379	ctrl_M3	ctrl	7.42068958282471	16.5832409262657	0.447481262306893
379	mut_M1	mut	13.1555948257446	17.6038655638695	0.747312843194249
379	mut_M2	mut	14.3392353057861	16.9907898008823	0.843941657440874
379	mut_M3	mut	6.18342113494873	15.5191058516502	0.398439265384043
380	ctrl_M1	ctrl	13.2881345748901	1.76469761133194	7.5299782181156
380	ctrl_M2	ctrl	25.72975730896	1.36203667521477	18.890649405533
380	ctrl_M3	ctrl	21.6690311431885	3.2812203168869	6.60395494678249
380	mut_M1	mut	28.0143508911133	2.17049759626389	12.9068794820758
380	mut_M2	mut	21.0250301361084	3.32230953872204	6.32843806125178
380	mut_M3	mut	23.3205337524414	1.49198636412621	15.6305274050539
381	ctrl_M1	ctrl	5.05290079116821	5.9909865707159	0.843417145327436
381	ctrl_M2	ctrl	10.6628227233887	10.9702954292297	0.971972249259412
381	ctrl_M3	ctrl	7.42119693756104	15.0352274477482	0.493587274509273
381	mut_M1	mut	16.5521068572998	12.7587144672871	1.29731775875531
381	mut_M2	mut	13.3701229095459	9.94119676947594	1.34492086009185
381	mut_M3	mut	10.2352600097656	9.22274586558342	1.10978445670509
382	ctrl_M1	ctrl	6.21841382980347	4.844567283988	1.28358498608456
382	ctrl_M2	ctrl	11.3309869766235	5.44917461276054	2.07939509776202
382	ctrl_M3	ctrl	14.3369903564453	6.83117747306824	2.09875829064148
382	mut_M1	mut	11.1879806518555	4.06975510716438	2.74905500632217
382	mut_M2	mut	14.1091461181641	4.9251846075058	2.86469386277669
382	mut_M3	mut	13.5208349227905	3.38465443253517	3.99474604935168
383	ctrl_M1	ctrl	6.59779167175293	2.10869191586971	3.12885520264904
383	ctrl_M2	ctrl	10.9698638916016	3.77391263842583	2.90676148141503
383	ctrl_M3	ctrl	16.7784900665283	3.49682980775833	4.79820036688726
383	mut_M1	mut	18.3234081268311	3.40653046965599	5.37890627723681
383	mut_M2	mut	9.68930149078369	2.59100034087896	3.73959869395336
383	mut_M3	mut	10.3294095993042	3.1023486405611	3.32954506281279
384	ctrl_M1	ctrl	6.95207929611206	2.05854792892933	3.37717630880128
384	ctrl_M2	ctrl	15.667308807373	2.56349974870682	6.11168728035826
384	ctrl_M3	ctrl	16.383508682251	1.25688117742538	13.0350497537175
384	mut_M1	mut	18.9434967041016	2.58761915564537	7.32082101911049
384	mut_M2	mut	14.6359729766846	2.97091960906982	4.92641165112744
384	mut_M3	mut	19.9567031860352	2.67691957950592	7.45510001078126
385	ctrl_M1	ctrl	2.89942836761475	1.47583258152008	1.96460520246029
385	ctrl_M2	ctrl	10.618335723877	3.56244190037251	2.98063407652112
385	ctrl_M3	ctrl	4.1198582649231	3.45511150360107	1.19239516890531
385	mut_M1	mut	11.2431945800781	3.11421322822571	3.61028412511234
385	mut_M2	mut	13.0558128356934	3.60849341750145	3.61807860653749
385	mut_M3	mut	6.87085914611816	2.81442776322365	2.44129880890895
386	ctrl_M1	ctrl	5.99245738983154	0	NA
386	ctrl_M2	ctrl	4.66567707061768	1.33145235478878	3.50420129855704
386	ctrl_M3	ctrl	1.98852980136871	1.37257939577103	1.44875393547029
386	mut_M1	mut	4.13724994659424	1.6277668774128	2.54167227752543
386	mut_M2	mut	5.58237838745117	1.02388978004456	5.45212824295233
386	mut_M3	mut	5.16224718093872	1.04779899120331	4.92675334131628
387	ctrl_M1	ctrl	5.586745262146	0.50733295083046	11.011989765303
387	ctrl_M2	ctrl	11.6451768875122	1.51402670145035	7.69152675864753
387	ctrl_M3	ctrl	11.0941038131714	2.75340455770493	4.02923129553427
387	mut_M1	mut	14.6129550933838	0.743485152721405	19.6546696862681
387	mut_M2	mut	13.0303869247437	2.68834275007248	4.84699613707826
387	mut_M3	mut	13.9858570098877	3.12278604507446	4.47864721054055
388	ctrl_M1	ctrl	13.5424242019653	0.697045192122459	19.4283302646841
388	ctrl_M2	ctrl	9.60343360900879	0.542294815182686	17.7088796354684
388	ctrl_M3	ctrl	17.9213352203369	1.29849293828011	13.801642421001
388	mut_M1	mut	18.6621475219727	0.917332112789154	20.3439378844269
388	mut_M2	mut	18.0190353393555	0.775962457060814	23.2215298245328
388	mut_M3	mut	20.1211261749268	0.897501438856125	22.4190461472367
389	ctrl_M1	ctrl	9.34303379058838	2.23915594816208	4.1725694890779
389	ctrl_M2	ctrl	8.33915615081787	2.96466484665871	2.81284954021579
389	ctrl_M3	ctrl	8.62771701812744	2.44348388910294	3.53090808439703
389	mut_M1	mut	13.1670351028442	3.42501354217529	3.84437461070055
389	mut_M2	mut	9.20723247528076	4.08119565248489	2.25601349684738
389	mut_M3	mut	8.18084716796875	2.49931958317757	3.27322973141668
390	ctrl_M1	ctrl	13.9783716201782	1.57998156547546	8.84717386938101
390	ctrl_M2	ctrl	9.48596382141113	1.04882009327412	9.04441465437477
390	ctrl_M3	ctrl	11.8397397994995	4.149912327528	2.85300962166402
390	mut_M1	mut	15.4140033721924	3.24290829896927	4.75314191804054
390	mut_M2	mut	16.1253395080566	1.86991287767887	8.6235779755007
390	mut_M3	mut	11.4063930511475	2.45203280448914	4.65181095059774
391	ctrl_M1	ctrl	6.00934219360352	3.34505251049995	1.79648665446671
391	ctrl_M2	ctrl	10.9442272186279	1.8236203789711	6.00137361088427
391	ctrl_M3	ctrl	10.3912134170532	3.92216503620148	2.64935649600223
391	mut_M1	mut	11.0220766067505	2.30629765987396	4.77912144582102
391	mut_M2	mut	17.6830101013184	3.73919287323952	4.72909815053171
391	mut_M3	mut	11.5377025604248	2.4692188501358	4.67261237690221
392	ctrl_M1	ctrl	14.0848779678345	1.26229119300842	11.1581844552571
392	ctrl_M2	ctrl	11.1101408004761	1.50621491670609	7.37619889250111
392	ctrl_M3	ctrl	16.5989208221436	0.660199239850044	25.1422901151988
392	mut_M1	mut	21.0773544311523	1.66938216984272	12.6258413513175
392	mut_M2	mut	25.2821979522705	2.34753781557083	10.7696658961478
392	mut_M3	mut	26.6097259521484	2.6561459004879	10.018171798191
393	ctrl_M1	ctrl	0.829028367996216	0	NA
393	ctrl_M2	ctrl	3.58343553543091	0	NA
393	ctrl_M3	ctrl	4.73442220687866	0	NA
393	mut_M1	mut	4.95475435256958	0	NA
393	mut_M2	mut	10.2451667785645	0	NA
393	mut_M3	mut	7.8254919052124	0	NA
394	ctrl_M1	ctrl	11.8622598648071	3.48617187142372	3.40266065538607
394	ctrl_M2	ctrl	10.9100885391235	3.28546014428139	3.32071857822212
394	ctrl_M3	ctrl	13.4120073318481	2.90569439530373	4.61576666614529
394	mut_M1	mut	16.4214897155762	2.72224654257298	6.03233008427486
394	mut_M2	mut	17.1779518127441	3.73377761244774	4.60068959529779
394	mut_M3	mut	21.3077068328857	2.45603094995022	8.67566706898284
395	ctrl_M1	ctrl	8.79893970489502	9.15367153286934	0.961247044237874
395	ctrl_M2	ctrl	10.6473426818848	11.3506229519844	0.938040381301126
395	ctrl_M3	ctrl	15.94873046875	11.6482996046543	1.36918958217536
395	mut_M1	mut	30.7322406768799	7.64640116691589	4.0191771273852
395	mut_M2	mut	16.4553928375244	11.3835243582726	1.44554465907266
395	mut_M3	mut	23.9466609954834	9.61021162569523	2.49179330572245
396	ctrl_M1	ctrl	12.976149559021	0.566351592540741	22.9118267343577
396	ctrl_M2	ctrl	12.5384798049927	0.543963208794594	23.0502350200808
396	ctrl_M3	ctrl	19.4411010742188	0.730050146579742	26.6298160000372
396	mut_M1	mut	16.1532783508301	0.843612343072891	19.1477501289172
396	mut_M2	mut	17.5362014770508	0.474211126565933	36.9797343306591
396	mut_M3	mut	15.6295680999756	0.422874420881271	36.9603062474281
397	ctrl_M1	ctrl	2.00621294975281	0.154022425413132	13.0254600547393
397	ctrl_M2	ctrl	5.79684686660767	0	NA
397	ctrl_M3	ctrl	5.097083568573	0.829255640506744	6.14657690535364
397	mut_M1	mut	5.54289674758911	0	NA
397	mut_M2	mut	9.2984676361084	0.501899898052216	18.5265382045187
397	mut_M3	mut	3.9741690158844	0.318657279014587	12.4716090847637
398	ctrl_M1	ctrl	5.5351300239563	0	NA
398	ctrl_M2	ctrl	4.17262172698975	0.815473221242428	5.11681023765867
398	ctrl_M3	ctrl	5.2708101272583	0.253234595060349	20.813941815502
398	mut_M1	mut	3.62280678749084	0.321568310260773	11.266056610345
398	mut_M2	mut	8.00435829162598	0.597794085741043	13.3898251631304
398	mut_M3	mut	5.52878189086914	0.361687362194061	15.2860798268719
399	ctrl_M1	ctrl	4.68074035644531	0.876981288194656	5.33733207247903
399	ctrl_M2	ctrl	4.60210084915161	0.756073206663132	6.08684557076505
399	ctrl_M3	ctrl	5.35470008850098	0	NA
399	mut_M1	mut	11.1210136413574	0.952757015824318	11.6724552605216
399	mut_M2	mut	8.5064754486084	0.236411139369011	35.9817031943269
399	mut_M3	mut	8.01373481750488	0.238766849040985	33.56301282901
400	ctrl_M1	ctrl	22.8793392181396	2.11804729700089	10.8020907986976
400	ctrl_M2	ctrl	23.7642002105713	2.95399284362793	8.04477243803523
400	ctrl_M3	ctrl	39.9477996826172	3.83691796660423	10.4114291810028
400	mut_M1	mut	40.4448890686035	1.78624303638935	22.6424334453151
400	mut_M2	mut	42.159496307373	2.96566671133041	14.2158578191883
400	mut_M3	mut	33.4361419677734	1.62593334913254	20.564275888438
401	ctrl_M1	ctrl	9.81814861297607	5.94297817349434	1.652058669299
401	ctrl_M2	ctrl	14.4959945678711	8.201734572649	1.76743034530916
401	ctrl_M3	ctrl	14.584077835083	9.24421895295382	1.57764305554694
401	mut_M1	mut	19.0907573699951	7.11347109079361	2.68374709425652
401	mut_M2	mut	20.237979888916	7.75698536634445	2.6090006533625
401	mut_M3	mut	19.9095268249512	6.86695057153702	2.8993257804235
402	ctrl_M1	ctrl	11.7841548919678	3.39256536960602	3.47352330998305
402	ctrl_M2	ctrl	20.9163627624512	6.17242169380188	3.38868013237894
402	ctrl_M3	ctrl	15.2267637252808	4.55928632616997	3.33972526311415
402	mut_M1	mut	26.2431125640869	7.61123263835907	3.44794513727342
402	mut_M2	mut	23.5932445526123	5.89837327599525	3.99995786103099
402	mut_M3	mut	20.0266227722168	7.6248939037323	2.62647887630462
403	ctrl_M1	ctrl	6.20665788650513	1.94110107421875	3.19749340667547
403	ctrl_M2	ctrl	4.22010231018066	1.28010846674442	3.29667557071413
403	ctrl_M3	ctrl	5.21792030334473	2.20885708928108	2.36227156961205
403	mut_M1	mut	3.80601763725281	2.29127360880375	1.66109260047729
403	mut_M2	mut	7.84880685806274	2.08616507053375	3.76231342808103
403	mut_M3	mut	4.08760499954224	1.97870564460754	2.06579741190003
404	ctrl_M1	ctrl	12.2365713119507	3.53377768397331	3.46274508649682
404	ctrl_M2	ctrl	18.2938747406006	3.7651441693306	4.85874482300449
404	ctrl_M3	ctrl	11.7623052597046	3.75902606546879	3.12908318666785
404	mut_M1	mut	22.9818210601807	4.64173948764801	4.95112255251224
404	mut_M2	mut	13.5254964828491	3.05359172821045	4.42937291121617
404	mut_M3	mut	13.6900110244751	3.98070505261421	3.43909203106736
405	ctrl_M1	ctrl	15.8782472610474	3.07523608207703	5.16326123824716
405	ctrl_M2	ctrl	12.5478143692017	4.46021573245525	2.8132752139983
405	ctrl_M3	ctrl	11.7075033187866	4.75703570246696	2.46109216979708
405	mut_M1	mut	17.4401512145996	4.27759145200253	4.07709605049709
405	mut_M2	mut	18.3579864501953	6.41856390237808	2.86013923510112
405	mut_M3	mut	17.0726623535156	3.26115161180496	5.23516364333223
406	ctrl_M1	ctrl	12.3427667617798	1.34190768003464	9.19792542022056
406	ctrl_M2	ctrl	13.1563673019409	3.4675994515419	3.79408506830015
406	ctrl_M3	ctrl	19.2843189239502	3.46365958452225	5.56761380654275
406	mut_M1	mut	21.8993053436279	1.5759528875351	13.895913714705
406	mut_M2	mut	18.57297706604	2.63321414589882	7.05334850755192
406	mut_M3	mut	14.6049766540527	2.21257092058659	6.60090780284717
407	ctrl_M1	ctrl	10.9730501174927	2.09237085282803	5.24431417244301
407	ctrl_M2	ctrl	16.2011756896973	1.53543069958687	10.5515512318833
407	ctrl_M3	ctrl	14.9378929138184	2.6393978446722	5.65958365995163
407	mut_M1	mut	24.3953094482422	2.19359058141708	11.1211771489658
407	mut_M2	mut	16.44553565979	2.07773433625698	7.91512917354801
407	mut_M3	mut	19.2933712005615	2.02653002738953	9.52039739841125
408	ctrl_M1	ctrl	5.73827409744263	1.43387076258659	4.00194651231413
408	ctrl_M2	ctrl	8.74829769134521	0.44375504553318	19.7142495153694
408	ctrl_M3	ctrl	5.80934524536133	0.98174312710762	5.91737806454182
408	mut_M1	mut	13.5080623626709	0.584256023168564	23.1201080126027
408	mut_M2	mut	10.5059852600098	1.51782065629959	6.92175667553708
408	mut_M3	mut	12.6168985366821	1.03647807240486	12.1728562066037
409	ctrl_M1	ctrl	13.336537361145	0.771614730358124	17.2839330775285
409	ctrl_M2	ctrl	18.4253826141357	0	NA
409	ctrl_M3	ctrl	9.05201244354248	2.99688366055489	3.02047508973587
409	mut_M1	mut	25.0846824645996	0.830543577671051	30.2027288380704
409	mut_M2	mut	19.133810043335	1.64776313304901	11.6119906190217
409	mut_M3	mut	16.8471775054932	0.8200863301754	20.5431756213884
410	ctrl_M1	ctrl	0.882848739624023	0	NA
410	ctrl_M2	ctrl	5.24116563796997	0.85759437084198	6.1114739277314
410	ctrl_M3	ctrl	0.833358943462372	0.866379857063293	0.961886332730714
410	mut_M1	mut	2.32266545295715	1.09317216277122	2.1247023406351
410	mut_M2	mut	4.16098356246948	0.473170220851898	8.79384073447823
410	mut_M3	mut	3.852210521698	2.19238522648811	1.7570865170756
411	ctrl_M1	ctrl	24.5884037017822	2.99516913294792	8.20935399984631
411	ctrl_M2	ctrl	30.2894630432129	4.13786199688911	7.32007569754255
411	ctrl_M3	ctrl	29.7782764434814	4.81327551603317	6.18669684382061
411	mut_M1	mut	39.4006767272949	2.39274179935455	16.4667482040575
411	mut_M2	mut	27.6970176696777	3.55883830785751	7.78260074601474
411	mut_M3	mut	28.9892578125	3.63955381512642	7.9650581596066
412	ctrl_M1	ctrl	22.6229667663574	4.48966762423515	5.03889567330976
412	ctrl_M2	ctrl	19.2464256286621	5.34979391098022	3.5976013186526
412	ctrl_M3	ctrl	26.5967540740967	3.2995876967907	8.06062954470515
412	mut_M1	mut	32.0381698608398	4.83613312244415	6.62474937097016
412	mut_M2	mut	32.6680488586426	5.00036641955376	6.53313099833951
412	mut_M3	mut	32.6334686279297	3.85489809513092	8.46545558990228
413	ctrl_M1	ctrl	11.6355810165405	6.91600620746613	1.68241332750387
413	ctrl_M2	ctrl	14.2247524261475	11.8929782807827	1.19606309625004
413	ctrl_M3	ctrl	12.9953985214233	11.5829440653324	1.12194261218254
413	mut_M1	mut	18.49733543396	14.5058479309082	1.27516402502379
413	mut_M2	mut	9.58802604675293	10.8948302567005	0.880052815954257
413	mut_M3	mut	12.8623218536377	10.6764205098152	1.2047410311174
414	ctrl_M1	ctrl	17.4248600006104	1.46786065399647	11.8709224565483
414	ctrl_M2	ctrl	18.6070404052734	2.16320261359215	8.60161701375497
414	ctrl_M3	ctrl	20.665699005127	1.61622594296932	12.7863923327205
414	mut_M1	mut	38.0986175537109	2.90202224254608	13.1282996371128
414	mut_M2	mut	31.0469436645508	2.57267761230469	12.0679495619888
414	mut_M3	mut	28.8984355926514	3.06914377212524	9.41579728363149
415	ctrl_M1	ctrl	4.68096971511841	8.32886618375778	0.562017639837559
415	ctrl_M2	ctrl	12.691367149353	9.83996912837029	1.28977713077998
415	ctrl_M3	ctrl	11.7926607131958	13.283721268177	0.887752797211029
415	mut_M1	mut	15.6954555511475	9.1498729288578	1.71537415581429
415	mut_M2	mut	15.1911306381226	10.2010959386826	1.48916652969783
415	mut_M3	mut	10.5507965087891	7.35707113146782	1.43410282709664
416	ctrl_M1	ctrl	5.30646324157715	2.25043979287148	2.3579672108474
416	ctrl_M2	ctrl	12.7093238830566	4.01230421662331	3.16758730068395
416	ctrl_M3	ctrl	9.297438621521	4.3776638507843	2.12383566633497
416	mut_M1	mut	0	2.95001175999641	0
416	mut_M2	mut	1.64930498600006	2.45441609621048	0.671974482463068
416	mut_M3	mut	11.2584896087646	3.58217489719391	3.14292013424134
417	ctrl_M1	ctrl	18.8531017303467	6.50343838334084	2.89894370009573
417	ctrl_M2	ctrl	19.122200012207	7.25390255451202	2.6361258465366
417	ctrl_M3	ctrl	18.4464931488037	6.64128029346466	2.77755076336048
417	mut_M1	mut	34.7785606384277	12.3502403497696	2.81602298040107
417	mut_M2	mut	28.38210105896	10.6870694160461	2.65574218282381
417	mut_M3	mut	23.2721538543701	9.19147336483002	2.53192855276261
418	ctrl_M1	ctrl	7.57669448852539	8.18587747216225	0.925581223795676
418	ctrl_M2	ctrl	6.47280788421631	11.1204327642918	0.582064387368161
418	ctrl_M3	ctrl	9.10305595397949	11.4971631169319	0.791765399985792
418	mut_M1	mut	7.85510444641113	11.7344765067101	0.669403909234417
418	mut_M2	mut	6.80704975128174	11.3472746908665	0.59988410756997
418	mut_M3	mut	2.95207166671753	10.5332516878843	0.280262140713213
419	ctrl_M1	ctrl	11.5620307922363	1.66581600904465	6.94076100209122
419	ctrl_M2	ctrl	13.5123252868652	1.76193273067474	7.66903585569388
419	ctrl_M3	ctrl	11.449408531189	1.20003068447113	9.54092981066969
419	mut_M1	mut	15.6340923309326	2.22106748819351	7.03899922629028
419	mut_M2	mut	11.4487648010254	2.01718001067638	5.67562871951447
419	mut_M3	mut	17.2998580932617	1.64882579445839	10.4922291678148
420	ctrl_M1	ctrl	15.7862644195557	4.7857611477375	3.29859011601921
420	ctrl_M2	ctrl	8.52187156677246	6.87486609816551	1.23956909779616
420	ctrl_M3	ctrl	21.1755924224854	5.70839506387711	3.70955271762551
420	mut_M1	mut	18.701286315918	8.04850381612778	2.32357301967651
420	mut_M2	mut	18.4974136352539	8.09477269649506	2.28510599726452
420	mut_M3	mut	23.1062164306641	5.39415258169174	4.28356745211263
421	ctrl_M1	ctrl	9.39526653289795	0.605176568031311	15.524835278176
421	ctrl_M2	ctrl	9.35276889801025	0.654152676463127	14.2975321121956
421	ctrl_M3	ctrl	11.4470500946045	0.680671721696854	16.8172846465077
421	mut_M1	mut	15.5471277236938	1.4473373144865	10.7418827443206
421	mut_M2	mut	16.1715354919434	0.727148056030273	22.2396736920797
421	mut_M3	mut	10.2222719192505	1.30478249490261	7.83446433346999
422	ctrl_M1	ctrl	3.95153617858887	18.1822872161865	0.217328883413032
422	ctrl_M2	ctrl	10.0075883865356	15.7306477427483	0.636184126057307
422	ctrl_M3	ctrl	6.03273248672485	13.0241176486015	0.463197020288942
422	mut_M1	mut	10.5128583908081	20.7629573941231	0.506327600218635
422	mut_M2	mut	8.60346126556396	17.3898394703865	0.494740695002675
422	mut_M3	mut	4.89550638198853	18.9912515878677	0.257776922144296
423	ctrl_M1	ctrl	5.57602739334106	1.99286609888077	2.79799400294514
423	ctrl_M2	ctrl	11.0392627716064	4.12484276294708	2.67628692923054
423	ctrl_M3	ctrl	9.88492298126221	2.87849149107933	3.4340636447585
423	mut_M1	mut	14.8596315383911	2.99705225229263	4.95808223798035
423	mut_M2	mut	12.913179397583	4.44831171631813	2.90293941187001
423	mut_M3	mut	12.5499992370605	3.17991653084755	3.94664423273889
424	ctrl_M1	ctrl	12.6354532241821	0	NA
424	ctrl_M2	ctrl	17.4261932373047	2.26663565635681	7.6881316096977
424	ctrl_M3	ctrl	17.6377925872803	2.489232391119	7.08563517420381
424	mut_M1	mut	22.7958583831787	1.90652325749397	11.9567691050057
424	mut_M2	mut	20.804386138916	1.78998459875584	11.622662090711
424	mut_M3	mut	17.5481052398682	0.964526206254959	18.1934976220123
425	ctrl_M1	ctrl	14.7871980667114	2.13441589474678	6.92798348396189
425	ctrl_M2	ctrl	14.026834487915	3.95116543769836	3.5500499052973
425	ctrl_M3	ctrl	7.67060518264771	3.91774001717567	1.95791582622103
425	mut_M1	mut	15.6374931335449	4.16585806012154	3.75372682118908
425	mut_M2	mut	19.2626838684082	4.44609150290489	4.33249829784717
425	mut_M3	mut	15.2263994216919	2.35652427375317	6.46138025874915
426	ctrl_M1	ctrl	3.75928974151611	0.657908737659454	5.71399880611099
426	ctrl_M2	ctrl	4.62614583969116	1.9864776134491	2.32881851190804
426	ctrl_M3	ctrl	2.93967771530151	2.95080560445786	0.996228864029697
426	mut_M1	mut	6.23989295959473	2.02081793546677	3.0878056108273
426	mut_M2	mut	2.21375584602356	1.21242359280586	1.82589307826018
426	mut_M3	mut	7.25947761535645	0.662247598171234	10.9618783600018
427	ctrl_M1	ctrl	40.3437232971191	5.51076684892178	7.32089097636433
427	ctrl_M2	ctrl	32.2238845825195	9.12044641375542	3.53314773429507
427	ctrl_M3	ctrl	38.6874694824219	8.12873689830303	4.75934575893314
427	mut_M1	mut	47.4202842712402	7.42747795581818	6.38443958411138
427	mut_M2	mut	43.7236175537109	7.54482224583626	5.79518193126956
427	mut_M3	mut	33.6598472595215	6.91068521887064	4.87069605885222
428	ctrl_M1	ctrl	21.427604675293	4.74013817310333	4.52045993023543
428	ctrl_M2	ctrl	25.1679153442383	6.78739982843399	3.70803488528907
428	ctrl_M3	ctrl	16.3673038482666	3.72792649269104	4.39045777333761
428	mut_M1	mut	27.8665428161621	5.81152611970901	4.7950473321726
428	mut_M2	mut	21.4919109344482	5.74637620151043	3.74008073623845
428	mut_M3	mut	22.6165618896484	5.35158136487007	4.22614557224387
429	ctrl_M1	ctrl	17.3423480987549	13.6831982135773	1.26741919747583
429	ctrl_M2	ctrl	20.5162525177002	17.7639008164406	1.154940726685
429	ctrl_M3	ctrl	21.9457397460938	15.8008680343628	1.38889456568889
429	mut_M1	mut	28.2106494903564	18.7654123306274	1.50333224729164
429	mut_M2	mut	24.5465717315674	15.0630013048649	1.62959368022093
429	mut_M3	mut	22.6841373443604	15.4813601076603	1.46525480879009
430	ctrl_M1	ctrl	7.2164134979248	0.157572105526924	45.7975317001253
430	ctrl_M2	ctrl	11.6103925704956	2.99621503055096	3.87501980068521
430	ctrl_M3	ctrl	9.94244956970215	1.57099086046219	6.32877620101307
430	mut_M1	mut	12.5334444046021	4.67594915628433	2.68040647699462
430	mut_M2	mut	17.3856506347656	3.00986608862877	5.77622064331977
430	mut_M3	mut	10.7837600708008	1.55391453206539	6.93973822129555
431	ctrl_M1	ctrl	19.2168045043945	5.66417276859283	3.39269391833339
431	ctrl_M2	ctrl	31.5179023742676	9.65635031461716	3.26395598206062
431	ctrl_M3	ctrl	33.7194442749023	14.7970553040504	2.27879423182748
431	mut_M1	mut	39.3325424194336	10.2523370683193	3.8364464762844
431	mut_M2	mut	26.1420269012451	9.75335747003555	2.68031054757904
431	mut_M3	mut	37.6098098754883	10.7548822760582	3.49699874997356
432	ctrl_M1	ctrl	21.8159198760986	8.74243557453156	2.49540527809581
432	ctrl_M2	ctrl	27.3771915435791	8.84597285091877	3.09487627929308
432	ctrl_M3	ctrl	26.1343193054199	6.37422269582748	4.10000098090819
432	mut_M1	mut	32.4176254272461	7.6867995262146	4.21731116008567
432	mut_M2	mut	30.7033348083496	9.24070301651955	3.32261893423709
432	mut_M3	mut	33.3387908935547	8.08555155992508	4.12325499954682
433	ctrl_M1	ctrl	17.8459796905518	0.656243585050106	27.1941396412876
433	ctrl_M2	ctrl	20.2099514007568	2.09899991750717	9.62837169844138
433	ctrl_M3	ctrl	10.1235885620117	0.766851656138897	13.2014953361176
433	mut_M1	mut	16.7288379669189	1.09982268512249	15.2104863749522
433	mut_M2	mut	14.1598777770996	1.76060704886913	8.04261109041608
433	mut_M3	mut	16.0432949066162	0.562240183353424	28.534593189209
434	ctrl_M1	ctrl	28.0322952270508	3.16481471061707	8.85748386248658
434	ctrl_M2	ctrl	31.3050689697266	9.69547700881958	3.22883226284273
434	ctrl_M3	ctrl	31.7273082733154	8.0616797208786	3.93557042351189
434	mut_M1	mut	42.969783782959	6.80648067593575	6.31306923927343
434	mut_M2	mut	37.8578987121582	8.09675842523575	4.67568583918272
434	mut_M3	mut	43.5872459411621	9.2288681268692	4.72292434369724
435	ctrl_M1	ctrl	12.7349739074707	1.03738304972649	12.2760574416831
435	ctrl_M2	ctrl	24.8838596343994	0.605442546308041	41.1002824068774
435	ctrl_M3	ctrl	14.8125247955322	1.86382573097944	7.94737648983321
435	mut_M1	mut	29.9869804382324	1.50608633458614	19.910532185044
435	mut_M2	mut	27.726957321167	2.03989243507385	13.5923624424653
435	mut_M3	mut	20.6947250366211	1.29555248469114	15.9736678221529
436	ctrl_M1	ctrl	19.4507484436035	1.17588619887829	16.5413527790003
436	ctrl_M2	ctrl	24.6389865875244	1.81767472624779	13.5552231825253
436	ctrl_M3	ctrl	14.9412250518799	2.82292154431343	5.2928233453664
436	mut_M1	mut	32.8420791625977	1.84729763865471	17.7784448349725
436	mut_M2	mut	31.1072959899902	1.67472752928734	18.5745414976415
436	mut_M3	mut	39.4272499084473	1.26849415898323	31.0819325648692
437	ctrl_M1	ctrl	14.0345573425293	0	NA
437	ctrl_M2	ctrl	10.8481416702271	1.0398270636797	10.4326402429247
437	ctrl_M3	ctrl	14.2208757400513	0.749331951141357	18.9780720258765
437	mut_M1	mut	16.8317070007324	0.940101698040962	17.9041342397395
437	mut_M2	mut	11.5189018249512	0.490292906761169	23.4939189739537
437	mut_M3	mut	14.1914176940918	1.27372723817825	11.1416457689867
438	ctrl_M1	ctrl	13.7450275421143	1.51994079351425	9.04313352254624
438	ctrl_M2	ctrl	10.4289102554321	3.82818806171417	2.72424188344663
438	ctrl_M3	ctrl	10.5095853805542	2.71308119595051	3.87367152750187
438	mut_M1	mut	14.99827003479	1.03063866496086	14.5524038100779
438	mut_M2	mut	11.0197515487671	2.52408312261105	4.36584336310116
438	mut_M3	mut	14.6416063308716	2.20460599660873	6.64137099935056
439	ctrl_M1	ctrl	4.21870231628418	2.81588885188103	1.49817785366992
439	ctrl_M2	ctrl	8.87872219085693	2.98198333382607	2.97745533656789
439	ctrl_M3	ctrl	7.67811298370361	1.11014544963837	6.91631262030104
439	mut_M1	mut	9.851975440979	1.89363756775856	5.20267215264454
439	mut_M2	mut	11.8564739227295	1.10961055755615	10.6852569507293
439	mut_M3	mut	13.2988405227661	1.56905990839005	8.47567416110425
440	ctrl_M1	ctrl	10.2734527587891	2.13462410867214	4.81276901026839
440	ctrl_M2	ctrl	12.1158666610718	3.01325453072786	4.02085736120843
440	ctrl_M3	ctrl	14.0374984741211	3.084468126297	4.55102724338201
440	mut_M1	mut	12.3500471115112	4.0204654186964	3.07179538321103
440	mut_M2	mut	13.0764026641846	4.53424534201622	2.88392040523549
440	mut_M3	mut	17.6823253631592	3.14533290266991	5.62176593394918
441	ctrl_M1	ctrl	15.928674697876	5.08584725856781	3.13196088833418
441	ctrl_M2	ctrl	20.9617595672607	7.94907090067863	2.63700749800473
441	ctrl_M3	ctrl	22.2428150177002	8.46528112888336	2.62753412190981
441	mut_M1	mut	22.5782108306885	10.2564393877983	2.20136930342014
441	mut_M2	mut	23.6313209533691	8.63343065977097	2.73718778601924
441	mut_M3	mut	19.3091049194336	6.65916311740875	2.89962936468017
442	ctrl_M1	ctrl	11.5331201553345	2.76413288712502	4.17241884753599
442	ctrl_M2	ctrl	11.2768793106079	6.19938200712204	1.81903281611823
442	ctrl_M3	ctrl	5.79457998275757	5.65500646829605	1.02468140668698
442	mut_M1	mut	11.1869325637817	3.60350416600704	3.10445945069566
442	mut_M2	mut	10.5069169998169	4.18935105204582	2.50800586279012
442	mut_M3	mut	14.2606172561646	3.42188930511475	4.16746889937351
443	ctrl_M1	ctrl	5.72199821472168	1.04752597212791	5.46239269189496
443	ctrl_M2	ctrl	6.4195122718811	1.24737432599068	5.14642007464974
443	ctrl_M3	ctrl	3.77199602127075	1.99132071435452	1.89421824123064
443	mut_M1	mut	8.65935325622559	1.47594383358955	5.86699375623644
443	mut_M2	mut	7.15764760971069	3.14818644523621	2.27357805333974
443	mut_M3	mut	6.98559617996216	3.44398364424706	2.02834766408695
444	ctrl_M1	ctrl	20.1653690338135	2.40907320380211	8.37059206087535
444	ctrl_M2	ctrl	20.6443557739258	1.4582976102829	14.15647644785
444	ctrl_M3	ctrl	19.9011631011963	1.8976568877697	10.4872293982428
444	mut_M1	mut	24.3399639129639	1.58753907680511	15.3318833335098
444	mut_M2	mut	25.5719890594482	2.19880026578903	11.6299736075718
444	mut_M3	mut	20.763355255127	0.562988460063934	36.8806054262089
445	ctrl_M1	ctrl	11.1452531814575	7.10833603143692	1.5679130997982
445	ctrl_M2	ctrl	11.9715576171875	9.75035957992077	1.22780678179715
445	ctrl_M3	ctrl	7.38736152648926	7.98233322799206	0.925463935855699
445	mut_M1	mut	7.26689910888672	8.7142332047224	0.833911480008207
445	mut_M2	mut	10.6573438644409	7.77883705496788	1.37004333541538
445	mut_M3	mut	8.91112327575684	7.89425858855247	1.1288106635725
446	ctrl_M1	ctrl	13.4416856765747	0.740223050117493	18.1589666445015
446	ctrl_M2	ctrl	10.9122838973999	0.978015497326851	11.1575776940404
446	ctrl_M3	ctrl	11.5371131896973	1.2888468503952	8.95150047203794
446	mut_M1	mut	10.666054725647	0.396163687109947	26.9233528278598
446	mut_M2	mut	16.4993991851807	2.06487423181534	7.9905104780523
446	mut_M3	mut	13.0754632949829	1.71120500564575	7.64108523049152
447	ctrl_M1	ctrl	8.82952499389648	2.45824559032917	3.59179938271105
447	ctrl_M2	ctrl	14.756251335144	2.16281926631927	6.82269275336006
447	ctrl_M3	ctrl	7.97490549087524	1.59606379270554	4.99660823541191
447	mut_M1	mut	15.3876781463623	2.15357851982117	7.14516698821833
447	mut_M2	mut	14.3923263549805	2.90948683023453	4.94668895058045
447	mut_M3	mut	9.64257621765137	1.29713556170464	7.43374594169598
448	ctrl_M1	ctrl	4.69194555282593	4.67569473385811	1.00347559451436
448	ctrl_M2	ctrl	3.83166146278381	4.77837099134922	0.801876093279627
448	ctrl_M3	ctrl	10.6022787094116	4.79053771495819	2.2131709090415
448	mut_M1	mut	7.23010778427124	5.15118235349655	1.40358218523628
448	mut_M2	mut	15.5347061157227	5.0383203625679	3.08331050783063
448	mut_M3	mut	15.7697610855103	6.78207944333553	2.32521031599041
449	ctrl_M1	ctrl	11.9975500106812	1.03176644444466	11.6281645669711
449	ctrl_M2	ctrl	10.5900545120239	1.08823934197426	9.73136524618904
449	ctrl_M3	ctrl	12.7722501754761	2.92943429946899	4.35997154050912
449	mut_M1	mut	11.8243494033813	0.915846765041351	12.910838204301
449	mut_M2	mut	11.3804388046265	1.04535788297653	10.8866436939491
449	mut_M3	mut	16.5617923736572	1.26444381475449	13.0980848499567
450	ctrl_M1	ctrl	15.9661998748779	16.0494590997696	0.994812334523295
450	ctrl_M2	ctrl	15.3595724105835	19.5082963705063	0.787335404325974
450	ctrl_M3	ctrl	28.5368556976318	19.2460394799709	1.48273912288966
450	mut_M1	mut	18.1192817687988	17.4014126509428	1.04125349661294
450	mut_M2	mut	16.0394096374512	21.8301870524883	0.734735327685747
450	mut_M3	mut	21.872859954834	20.3598647713661	1.07431263421728
451	ctrl_M1	ctrl	9.5338716506958	1.88443472981453	5.05927400925908
451	ctrl_M2	ctrl	10.5529222488403	2.13816812634468	4.93549694189911
451	ctrl_M3	ctrl	10.4230537414551	1.89779034256935	5.49220507010467
451	mut_M1	mut	19.0668163299561	2.2367230951786	8.52444201566826
451	mut_M2	mut	15.2505102157593	2.04226207733154	7.46745992350104
451	mut_M3	mut	13.082540512085	1.21000719070435	10.8119526996113
452	ctrl_M1	ctrl	11.8920288085938	1.4670440107584	8.10611591839434
452	ctrl_M2	ctrl	9.63468074798584	2.91924703121185	3.30039926219818
452	ctrl_M3	ctrl	6.85164642333984	2.61075735092163	2.62439035972498
452	mut_M1	mut	7.47971630096436	2.15125775337219	3.47690382021381
452	mut_M2	mut	18.3778858184814	2.31738457083702	7.93044281460953
452	mut_M3	mut	8.19466114044189	2.76237264275551	2.96652993647794
453	ctrl_M1	ctrl	15.1109304428101	0.986169546842575	15.3228524356596
453	ctrl_M2	ctrl	11.2093687057495	2.27416917681694	4.92899508973154
453	ctrl_M3	ctrl	17.2434253692627	0.799702405929565	21.5623027283745
453	mut_M1	mut	13.8385725021362	1.58552062511444	8.72809365134394
453	mut_M2	mut	15.4300193786621	0.725813925266266	21.2589189068005
453	mut_M3	mut	15.9809608459473	0.974679976701736	16.3961107521937
454	ctrl_M1	ctrl	5.87591695785522	1.58644351363182	3.70382992357766
454	ctrl_M2	ctrl	5.05597543716431	3.74615865945816	1.34964263310076
454	ctrl_M3	ctrl	6.74977779388428	3.91735088825226	1.72304651445092
454	mut_M1	mut	1.66430485248566	3.87045174837112	0.430002738875656
454	mut_M2	mut	12.4945936203003	4.27324834465981	2.92391001237139
454	mut_M3	mut	6.74201154708862	1.96523106098175	3.43064572962763
455	ctrl_M1	ctrl	5.06175184249878	1.90058788657188	2.66325586849274
455	ctrl_M2	ctrl	9.92481899261475	2.83230042457581	3.50415475226333
455	ctrl_M3	ctrl	6.71372652053833	1.90092328190804	3.53182402700623
455	mut_M1	mut	11.0706548690796	1.55826964974403	7.10445388633353
455	mut_M2	mut	9.03134346008301	4.55476620793343	1.98283359623428
455	mut_M3	mut	8.51777744293213	3.10392069816589	2.74419944039333
456	ctrl_M1	ctrl	12.8071699142456	1.89259898662567	6.7669749401481
456	ctrl_M2	ctrl	13.8227910995483	2.11160169541836	6.5461166893076
456	ctrl_M3	ctrl	18.5550746917725	2.10334026813507	8.82171799440912
456	mut_M1	mut	19.9900455474854	2.26161792874336	8.83882520271342
456	mut_M2	mut	24.8500709533691	3.08216840028763	8.06252862466896
456	mut_M3	mut	20.0165405273438	2.39626437425613	8.35322710732092
457	ctrl_M1	ctrl	3.33757543563843	3.08377915620804	1.08230040692748
457	ctrl_M2	ctrl	4.23727560043335	0.957016915082932	4.42758694611596
457	ctrl_M3	ctrl	5.99624586105347	2.3139873445034	2.59130451827959
457	mut_M1	mut	5.67333173751831	2.80473732948303	2.02276757893903
457	mut_M2	mut	3.8172926902771	2.05074220895767	1.86142006225995
457	mut_M3	mut	6.2526683807373	2.53839179873466	2.46324006556203
458	ctrl_M1	ctrl	36.7599067687988	6.83878722786903	5.37520843154718
458	ctrl_M2	ctrl	32.6653099060059	9.58294919133186	3.40869071241167
458	ctrl_M3	ctrl	29.5745944976807	9.88296574354172	2.99248173727678
458	mut_M1	mut	25.662036895752	10.2916455566883	2.49348238378408
458	mut_M2	mut	32.9810066223145	9.20653223991394	3.58234846333659
458	mut_M3	mut	34.1155776977539	8.18493184447289	4.16809551331713
459	ctrl_M1	ctrl	11.9884510040283	2.50997284054756	4.77632698265093
459	ctrl_M2	ctrl	17.3344860076904	3.92414636909962	4.41739027478421
459	ctrl_M3	ctrl	18.0744590759277	2.88098955154419	6.27369823894014
459	mut_M1	mut	28.5537738800049	2.1716041341424	13.1487011979194
459	mut_M2	mut	24.3997554779053	3.2185495942831	7.58097856290453
459	mut_M3	mut	26.0087451934814	3.71863627433777	6.99416218062714
460	ctrl_M1	ctrl	18.9917964935303	4.73840880393982	4.0080536060416
460	ctrl_M2	ctrl	19.9328765869141	6.85888189077377	2.90614081191962
460	ctrl_M3	ctrl	32.5066375732422	8.1967054605484	3.96581745308527
460	mut_M1	mut	41.7298774719238	6.52807867527008	6.39236742504446
460	mut_M2	mut	29.2778720855713	4.11400820314884	7.11662948633942
460	mut_M3	mut	30.3506546020508	4.74489176273346	6.39649039845879
461	ctrl_M1	ctrl	20.0774974822998	2.06011882424355	9.74579584732063
461	ctrl_M2	ctrl	20.3650970458984	2.94541192054749	6.91417621549961
461	ctrl_M3	ctrl	23.0713901519775	3.93193247914314	5.86769744250677
461	mut_M1	mut	28.8325309753418	1.81786811351776	15.8606285906781
461	mut_M2	mut	34.3894805908203	1.75708240270615	19.5719224880153
461	mut_M3	mut	28.2019119262695	2.04777798056602	13.7719577971408
462	ctrl_M1	ctrl	10.3511028289795	0.762067437171936	13.5829223557863
462	ctrl_M2	ctrl	9.72500133514404	1.28038387000561	7.59537945061855
462	ctrl_M3	ctrl	13.2130317687988	1.38836494088173	9.5169730808727
462	mut_M1	mut	26.7023868560791	1.77840489149094	15.0147961152384
462	mut_M2	mut	20.6462726593018	1.47250707447529	14.0211704359104
462	mut_M3	mut	20.4531555175781	1.47646735608578	13.8527651378632
463	ctrl_M1	ctrl	12.7226152420044	5.18786881864071	2.45237797769487
463	ctrl_M2	ctrl	15.3807687759399	4.66668416559696	3.2958666646712
463	ctrl_M3	ctrl	18.9887351989746	6.17555320262909	3.07482335200199
463	mut_M1	mut	19.1242923736572	4.41235876083374	4.33425598648365
463	mut_M2	mut	24.4215106964111	5.25865489244461	4.64406035305698
463	mut_M3	mut	18.4651050567627	4.76780018210411	3.87287729172696
464	ctrl_M1	ctrl	8.5155668258667	3.78768755495548	2.24822314467984
464	ctrl_M2	ctrl	7.32476091384888	4.8043926358223	1.52459664916525
464	ctrl_M3	ctrl	14.3669843673706	6.64181408286095	2.16311149154932
464	mut_M1	mut	17.0760631561279	5.51937830448151	3.09383814881159
464	mut_M2	mut	12.9090270996094	3.69637373834848	3.49234899211708
464	mut_M3	mut	9.31355953216553	4.43780398368835	2.09868655001405
465	ctrl_M1	ctrl	9.96218681335449	3.63796144723892	2.73839812703772
465	ctrl_M2	ctrl	18.7380466461182	6.7092671841383	2.79286040216399
465	ctrl_M3	ctrl	18.7599964141846	6.21728616952896	3.01739310410508
465	mut_M1	mut	26.2659931182861	5.10415841639042	5.14599880637346
465	mut_M2	mut	22.2455196380615	6.30471807718277	3.52839244605872
465	mut_M3	mut	23.0077857971191	4.43058058619499	5.19295052860744
466	ctrl_M1	ctrl	9.33070755004883	1.31472888588905	7.09705829863103
466	ctrl_M2	ctrl	10.2048559188843	1.96315813064575	5.19818335547302
466	ctrl_M3	ctrl	9.14662075042725	1.9704227745533	4.64195850177423
466	mut_M1	mut	11.4158992767334	2.30942775309086	4.94317229082172
466	mut_M2	mut	9.66628742218018	3.06373471021652	3.15506671969553
466	mut_M3	mut	9.19917392730713	1.84767816960812	4.97877502620396
467	ctrl_M1	ctrl	17.9446640014648	4.02874094247818	4.45416179835744
467	ctrl_M2	ctrl	9.1123685836792	4.64132937788963	1.96331004368893
467	ctrl_M3	ctrl	23.0217361450195	2.65868604183197	8.65906533633297
467	mut_M1	mut	20.8784198760986	4.40259474515915	4.74229882254218
467	mut_M2	mut	22.9859943389893	2.73591685295105	8.40156904410154
467	mut_M3	mut	20.6604137420654	3.59519112110138	5.74668023093475
468	ctrl_M1	ctrl	5.86208391189575	7.41293373703957	0.790791354656954
468	ctrl_M2	ctrl	7.82022380828857	8.9655864238739	0.872249001745674
468	ctrl_M3	ctrl	13.2389736175537	9.23342981934547	1.4338088745545
468	mut_M1	mut	12.6468381881714	8.81953525543213	1.4339574390138
468	mut_M2	mut	10.1165246963501	9.40051662921906	1.07616688479711
468	mut_M3	mut	19.9398899078369	7.24705629050732	2.75144680936942
469	ctrl_M1	ctrl	1.71505868434906	1.02602985501289	1.67154851875875
469	ctrl_M2	ctrl	4.39391803741455	1.81552235782146	2.42019494746792
469	ctrl_M3	ctrl	8.99688625335693	2.53570920228958	3.54807493116061
469	mut_M1	mut	15.9045038223267	1.65106916427612	9.63285134653924
469	mut_M2	mut	11.1496076583862	3.00386488437653	3.7117540527128
469	mut_M3	mut	11.1341915130615	2.05483025312424	5.41854564197344
470	ctrl_M1	ctrl	10.1214847564697	0.361691176891327	27.9837756714503
470	ctrl_M2	ctrl	14.2335968017578	2.32996514439583	6.1089312155563
470	ctrl_M3	ctrl	12.3363304138184	2.24850791692734	5.48645184699922
470	mut_M1	mut	13.8192100524902	2.35548362135887	5.86682493870111
470	mut_M2	mut	15.9648170471191	1.78894793987274	8.92413730511063
470	mut_M3	mut	18.5981864929199	2.08373659849167	8.92540185087807
471	ctrl_M1	ctrl	2.63452315330505	1.06783293187618	2.46716791986945
471	ctrl_M2	ctrl	5.43983697891235	2.25414791703224	2.41325644063071
471	ctrl_M3	ctrl	3.5705041885376	1.27620519697666	2.79775086090869
471	mut_M1	mut	9.35866737365723	1.54817441105843	6.04496967964938
471	mut_M2	mut	3.66250276565552	1.61398142576218	2.26923476763431
471	mut_M3	mut	5.35344648361206	1.51292985677719	3.5384631082738
472	ctrl_M1	ctrl	3.08068871498108	1.01007291674614	3.04996665478889
472	ctrl_M2	ctrl	6.48934698104858	2.19511711597443	2.95626458097564
472	ctrl_M3	ctrl	4.22103929519653	1.82078045606613	2.31825823982989
472	mut_M1	mut	8.39858722686768	1.86628493666649	4.50016343263694
472	mut_M2	mut	9.04333686828613	0.752454146742821	12.0184557523304
472	mut_M3	mut	5.87491321563721	1.22699454426765	4.78805162018362
473	ctrl_M1	ctrl	6.58024168014526	1.38326917588711	4.75702183989264
473	ctrl_M2	ctrl	7.48370790481567	1.81646636128426	4.11992650363458
473	ctrl_M3	ctrl	9.7316198348999	2.34824594855309	4.14420808045947
473	mut_M1	mut	7.90600490570068	1.1956135481596	6.61250863029308
473	mut_M2	mut	4.84820127487183	1.20203299820423	4.03333459407085
473	mut_M3	mut	4.27618503570557	0.46511235833168	9.19387532733787
474	ctrl_M1	ctrl	5.33119964599609	0.814431965351105	6.54591159581733
474	ctrl_M2	ctrl	7.88577270507812	2.14539590477943	3.67567248893805
474	ctrl_M3	ctrl	7.04411125183105	0.590898871421814	11.9210098250511
474	mut_M1	mut	7.76975107192993	0.917806342244148	8.46556698761957
474	mut_M2	mut	8.38698863983154	1.78054684400558	4.71034427881934
474	mut_M3	mut	7.76256799697876	1.72002623975277	4.51305207884185
475	ctrl_M1	ctrl	10.768440246582	0.750783741474152	14.3429321277501
475	ctrl_M2	ctrl	7.45121192932129	1.51572811603546	4.91592908417552
475	ctrl_M3	ctrl	5.93234777450562	0.405756592750549	14.6204593603552
475	mut_M1	mut	14.0308322906494	1.13169811666012	12.3980344970948
475	mut_M2	mut	10.136791229248	1.04884177446365	9.66474779709428
475	mut_M3	mut	7.08614349365234	1.14323329925537	6.19833545634806
476	ctrl_M1	ctrl	2.42685723304749	0.584968432784081	4.14869777074496
476	ctrl_M2	ctrl	0	1.07827779650688	0
476	ctrl_M3	ctrl	2.43498754501343	1.01364001631737	2.40222120853114
476	mut_M1	mut	1.3034553527832	0.952858075499535	1.36794280942612
476	mut_M2	mut	3.42095971107483	0.779563337564468	4.38830245886457
476	mut_M3	mut	5.01548385620117	0.866404131054878	5.78885034873349
477	ctrl_M1	ctrl	9.46965503692627	0.743760287761688	12.7321331788563
477	ctrl_M2	ctrl	9.9588737487793	1.75637900829315	5.67011658745417
477	ctrl_M3	ctrl	12.64404296875	3.19996154308319	3.95131091374534
477	mut_M1	mut	21.6396865844727	2.15181517601013	10.0564801409184
477	mut_M2	mut	16.7964687347412	3.32095861434937	5.05771696827723
477	mut_M3	mut	15.1822471618652	1.72501969337463	8.80120222405369
478	ctrl_M1	ctrl	10.1389617919922	2.17504768073559	4.66148943850429
478	ctrl_M2	ctrl	7.05006074905396	4.46538728475571	1.57882403014001
478	ctrl_M3	ctrl	11.0355844497681	2.5235510468483	4.37303793143023
478	mut_M1	mut	13.5550556182861	2.01158241927624	6.73850372144494
478	mut_M2	mut	11.9902820587158	2.04244163632393	5.87056288193205
478	mut_M3	mut	18.3562164306641	2.78778557479382	6.58451517815235
479	ctrl_M1	ctrl	3.51667642593384	0.813739493489265	4.32162437004814
479	ctrl_M2	ctrl	2.4952666759491	1.64761969447136	1.51446761914903
479	ctrl_M3	ctrl	1.21171116828918	0.298666834831238	4.05706635949005
479	mut_M1	mut	6.65474462509155	0.871603071689606	7.6350633003063
479	mut_M2	mut	7.44254398345947	0.31205677986145	23.8499672616114
479	mut_M3	mut	2.50583434104919	1.2353608161211	2.02842303912248
480	ctrl_M1	ctrl	5.09121036529541	1.24642454087734	4.08465189694658
480	ctrl_M2	ctrl	5.49960994720459	0.768967516720295	7.1519405275542
480	ctrl_M3	ctrl	5.61370372772217	0.967310823500156	5.80341250334543
480	mut_M1	mut	7.63024616241455	0.130795776844025	58.3370988461936
480	mut_M2	mut	8.62653160095215	1.28463897109032	6.71514082562085
480	mut_M3	mut	12.8422679901123	1.11029683053493	11.5665177427598
481	ctrl_M1	ctrl	12.4817152023315	1.82600630819798	6.83552687977805
481	ctrl_M2	ctrl	11.7028913497925	2.64956057071686	4.41691783880456
481	ctrl_M3	ctrl	13.1202249526978	1.83406659960747	7.15362514943884
481	mut_M1	mut	15.2412767410278	1.97158360481262	7.73047447941035
481	mut_M2	mut	22.2286949157715	1.23792929947376	17.9563525358199
481	mut_M3	mut	13.6628761291504	2.35211530327797	5.80876120745843
482	ctrl_M1	ctrl	26.1288757324219	0.771250635385513	33.8785791980077
482	ctrl_M2	ctrl	32.5463562011719	1.91328898072243	17.0106850188845
482	ctrl_M3	ctrl	26.6744060516357	2.71556803584099	9.82277214180528
482	mut_M1	mut	42.1735534667969	2.027867436409	20.7969972344341
482	mut_M2	mut	42.8469352722168	1.76840552687645	24.2291344496631
482	mut_M3	mut	43.2271156311035	1.96629458665848	21.9840485369813
483	ctrl_M1	ctrl	14.488224029541	1.00046411156654	14.4815029964994
483	ctrl_M2	ctrl	13.1959962844849	1.58743491768837	8.312779401187
483	ctrl_M3	ctrl	19.9227962493896	1.05218681693077	18.9346567822475
483	mut_M1	mut	17.5191040039062	1.44438616931438	12.1290998045364
483	mut_M2	mut	16.1392822265625	1.35027432441711	11.9525950651024
483	mut_M3	mut	23.5628280639648	0.66806299239397	35.2703687110831
484	ctrl_M1	ctrl	28.5541172027588	6.87840154767036	4.15127221126393
484	ctrl_M2	ctrl	18.1669292449951	5.74147605895996	3.16415657897665
484	ctrl_M3	ctrl	35.7911224365234	6.48388746380806	5.52000981452922
484	mut_M1	mut	64.4607086181641	5.10538974404335	12.6260113037154
484	mut_M2	mut	52.948169708252	4.43482768535614	11.9391718156463
484	mut_M3	mut	22.152853012085	5.12288498878479	4.3242924759355
485	ctrl_M1	ctrl	9.13132286071777	13.5690322369337	0.672953140745227
485	ctrl_M2	ctrl	14.1148195266724	13.0286518931389	1.08336761488773
485	ctrl_M3	ctrl	12.0532493591309	14.1833495348692	0.849816845414296
485	mut_M1	mut	14.1678600311279	13.6099442094564	1.04099324825181
485	mut_M2	mut	12.8158874511719	13.2329311966896	0.968484401579745
485	mut_M3	mut	15.4639911651611	13.6830015480518	1.13016074074499
486	ctrl_M1	ctrl	1.74183547496796	1.36857884377241	1.2727330127117
486	ctrl_M2	ctrl	6.99300956726074	2.22103597223759	3.14853503260266
486	ctrl_M3	ctrl	5.90875148773193	3.50121709704399	1.68762785167494
486	mut_M1	mut	6.50179147720337	1.35177892446518	4.80980385145134
486	mut_M2	mut	5.01251220703125	2.76748353242874	1.81121663355744
486	mut_M3	mut	6.69330501556396	1.27909171581268	5.23285776369157
487	ctrl_M1	ctrl	12.3066730499268	1.27165615558624	9.67767347790118
487	ctrl_M2	ctrl	7.21358919143677	1.95230811834335	3.6949030348539
487	ctrl_M3	ctrl	5.27638292312622	3.39089328050613	1.55604511456009
487	mut_M1	mut	16.5292701721191	1.83331705629826	9.01604559633249
487	mut_M2	mut	14.4412908554077	1.78799264132977	8.07681783559659
487	mut_M3	mut	8.31447601318359	1.40570731461048	5.91479885376247
488	ctrl_M1	ctrl	17.1983966827393	5.42260199785233	3.17161331212412
488	ctrl_M2	ctrl	18.1996250152588	7.77652269601822	2.34032944114951
488	ctrl_M3	ctrl	20.6765804290771	7.83104096353054	2.64033613479597
488	mut_M1	mut	25.003267288208	10.4287117123604	2.39754132416696
488	mut_M2	mut	24.9866352081299	11.0052468776703	2.2704293221107
488	mut_M3	mut	20.7698364257812	8.99512141942978	2.30901123590368
489	ctrl_M1	ctrl	12.7613868713379	2.44092428684235	5.22809615198938
489	ctrl_M2	ctrl	16.1702728271484	4.61711344122887	3.50224724451315
489	ctrl_M3	ctrl	16.5008888244629	3.3818219602108	4.87928963103496
489	mut_M1	mut	16.6878337860107	2.18931719660759	7.62239195483826
489	mut_M2	mut	18.56809425354	2.7050529718399	6.86422574597884
489	mut_M3	mut	16.5844955444336	2.63774445652962	6.28737765077258
490	ctrl_M1	ctrl	3.92048954963684	2.68548160791397	1.45988322470106
490	ctrl_M2	ctrl	6.08385610580444	2.57159864902496	2.36578756491071
490	ctrl_M3	ctrl	5.31807851791382	2.55086779594421	2.08481150076432
490	mut_M1	mut	6.53184795379639	2.82113611698151	2.31532534516101
490	mut_M2	mut	7.44379138946533	3.32889047265053	2.23611784485611
490	mut_M3	mut	8.43478965759277	2.73717552423477	3.08156695941188
491	ctrl_M1	ctrl	7.81049823760986	1.0889003276825	7.17283119404779
491	ctrl_M2	ctrl	9.90845966339111	2.05448007583618	4.82285507653723
491	ctrl_M3	ctrl	11.8182353973389	1.19507677853107	9.88910136122402
491	mut_M1	mut	15.6104383468628	0.237352222204208	65.7690844513442
491	mut_M2	mut	13.4181966781616	1.3435583114624	9.987059410586
491	mut_M3	mut	16.8291683197021	1.75104188919067	9.61094558821807
492	ctrl_M1	ctrl	1.81713652610779	0.576813712716103	3.15030049745393
492	ctrl_M2	ctrl	2.77428865432739	0.729765862226486	3.80161473416028
492	ctrl_M3	ctrl	1.30117690563202	0.964053750038147	1.34969331905045
492	mut_M1	mut	0.835688054561615	1.49683848023415	0.558302091773383
492	mut_M2	mut	2.33279800415039	0.828522711992264	2.81561141340465
492	mut_M3	mut	0.988182067871094	0.900208026170731	1.0977263467363
493	ctrl_M1	ctrl	8.91405773162842	1.39084087312222	6.40911401432846
493	ctrl_M2	ctrl	12.3068466186523	5.36589550971985	2.29353079953934
493	ctrl_M3	ctrl	13.2741432189941	3.32139186561108	3.99656040482051
493	mut_M1	mut	15.6596555709839	3.60895100235939	4.3391155936299
493	mut_M2	mut	13.0833110809326	3.97095176577568	3.29475447012309
493	mut_M3	mut	15.7812576293945	2.531773686409	6.23328132135628
494	ctrl_M1	ctrl	4.03901100158691	1.67457804083824	2.41195746217066
494	ctrl_M2	ctrl	8.79487133026123	3.20614683628082	2.74312805350594
494	ctrl_M3	ctrl	7.44369745254517	1.03778868913651	7.17265232360425
494	mut_M1	mut	8.85392379760742	2.41004066169262	3.67376531788021
494	mut_M2	mut	7.64269638061523	1.23927482962608	6.1670714178236
494	mut_M3	mut	8.65687561035156	2.20608186721802	3.9240953561113
495	ctrl_M1	ctrl	19.5147800445557	1.26341462135315	15.4460615816325
495	ctrl_M2	ctrl	24.1492595672607	1.29603108763695	18.6332409751776
495	ctrl_M3	ctrl	24.190990447998	1.25960050523281	19.2052879841667
495	mut_M1	mut	22.9570636749268	1.36729955673218	16.7900761481952
495	mut_M2	mut	30.0167980194092	0.487195506691933	61.6114015977361
495	mut_M3	mut	28.2236022949219	0.925920307636261	30.4816754337883
496	ctrl_M1	ctrl	12.9403581619263	3.59102867543697	3.6035240404622
496	ctrl_M2	ctrl	9.82367134094238	5.97679841518402	1.64363437722534
496	ctrl_M3	ctrl	14.9877223968506	6.69463300704956	2.23876684219557
496	mut_M1	mut	18.2766170501709	5.52869281172752	3.30577546493492
496	mut_M2	mut	14.9056911468506	6.76653027534485	2.20285590107567
496	mut_M3	mut	21.8929786682129	6.60064998269081	3.3167913350388
497	ctrl_M1	ctrl	3.85113430023193	0.990119904279709	3.88956356052003
497	ctrl_M2	ctrl	6.7199535369873	1.69465136528015	3.96538997617153
497	ctrl_M3	ctrl	20.1862106323242	1.19215886294842	16.9324837986778
497	mut_M1	mut	5.61712551116943	0.44027678668499	12.7581686817125
497	mut_M2	mut	20.7082118988037	0.427924409508705	48.3922193701887
497	mut_M3	mut	20.2740287780762	0	NA
498	ctrl_M1	ctrl	6.85488080978394	2.56460276246071	2.67288209703352
498	ctrl_M2	ctrl	4.78896999359131	2.48182420432568	1.92961692663179
498	ctrl_M3	ctrl	6.04693126678467	2.99311402440071	2.02028095738698
498	mut_M1	mut	10.6854953765869	3.64984592795372	2.92765656071891
498	mut_M2	mut	8.42956829071045	2.95587237179279	2.85180387730941
498	mut_M3	mut	6.00315713882446	2.00892801582813	2.98823904665882
499	ctrl_M1	ctrl	6.99249410629272	4.23655691742897	1.65051343404026
499	ctrl_M2	ctrl	6.31997108459473	3.70431944727898	1.70610855098825
499	ctrl_M3	ctrl	12.7655258178711	4.12357276678085	3.09574404038873
499	mut_M1	mut	12.9763298034668	5.38133028149605	2.41136096925448
499	mut_M2	mut	8.3392219543457	2.6877965182066	3.10262398877946
499	mut_M3	mut	14.5711526870728	3.95005571842194	3.68884737982734
500	ctrl_M1	ctrl	18.1731243133545	0.500205099582672	36.331345539093
500	ctrl_M2	ctrl	16.1974334716797	1.35480040311813	11.9555865457381
500	ctrl_M3	ctrl	14.5202732086182	2.71427309513092	5.34959921117215
500	mut_M1	mut	19.8987522125244	0.381322622299194	52.1835082653748
500	mut_M2	mut	25.4886474609375	1.17293950915337	21.7305728573636
500	mut_M3	mut	19.1249332427979	0.29314187169075	65.2412196609486
501	ctrl_M1	ctrl	14.8895998001099	17.774047344923	0.837715772393446
501	ctrl_M2	ctrl	9.94718265533447	12.2395243942738	0.812709900720346
501	ctrl_M3	ctrl	10.882661819458	15.0165609717369	0.724710660446195
501	mut_M1	mut	12.6006841659546	13.0644579231739	0.964501109809029
501	mut_M2	mut	18.7321376800537	13.5765374451876	1.37974338123257
501	mut_M3	mut	16.5802192687988	10.5771486163139	1.56755094120791
502	ctrl_M1	ctrl	3.7722852230072	1.70414826273918	2.21358980640791
502	ctrl_M2	ctrl	3.70489430427551	5.36799299716949	0.690182402665033
502	ctrl_M3	ctrl	14.7835693359375	5.7164546251297	2.58614303889486
502	mut_M1	mut	17.9321231842041	3.05966812372208	5.86080661663061
502	mut_M2	mut	6.88055753707886	4.47168064117432	1.5386960941987
502	mut_M3	mut	19.7868728637695	3.75895582139492	5.26392801722973
503	ctrl_M1	ctrl	10.7669973373413	1.31005924940109	8.21871021655208
503	ctrl_M2	ctrl	6.65618324279785	2.55587157607079	2.6042713981078
503	ctrl_M3	ctrl	10.5281229019165	1.41159018874168	7.45834236160387
503	mut_M1	mut	12.5292558670044	2.00909315049648	6.23627424338597
503	mut_M2	mut	10.7375268936157	2.15538972616196	4.98171015816046
503	mut_M3	mut	10.1256904602051	1.28690931200981	7.86822378679616
504	ctrl_M1	ctrl	11.812159538269	1.1322595179081	10.4323782237597
504	ctrl_M2	ctrl	7.59040975570679	0.490812063217163	15.4650024409615
504	ctrl_M3	ctrl	16.9718208312988	1.41852641105652	11.9644024242441
504	mut_M1	mut	10.3758573532104	1.10072608292103	9.42637547542777
504	mut_M2	mut	8.12482929229736	1.374122351408	5.91274080068066
504	mut_M3	mut	9.62337398529053	0.840892612934113	11.444236561565
505	ctrl_M1	ctrl	8.84930801391602	1.41315153241158	6.26210835211315
505	ctrl_M2	ctrl	7.65823030471802	1.20965088903904	6.33094256707553
505	ctrl_M3	ctrl	9.81628704071045	1.53086909651756	6.412231498461
505	mut_M1	mut	12.3518228530884	0.663051933050156	18.6287411851253
505	mut_M2	mut	11.3323364257812	1.22763255238533	9.23104914720789
505	mut_M3	mut	14.0066261291504	0.67861270904541	20.6400881422531
506	ctrl_M1	ctrl	1.18346691131592	0.422631770372391	2.80023177214798
506	ctrl_M2	ctrl	6.96352291107178	0	NA
506	ctrl_M3	ctrl	6.20712661743164	2.17933413386345	2.84817574367445
506	mut_M1	mut	7.21662759780884	0.978251159191132	7.37707032596406
506	mut_M2	mut	7.79733514785767	2.09893584251404	3.7148992312782
506	mut_M3	mut	3.05662226676941	1.19291505217552	2.5623134364807
507	ctrl_M1	ctrl	2.57459926605225	0.638858288526535	4.03000056865555
507	ctrl_M2	ctrl	3.26890587806702	0.340394169092178	9.60329575205444
507	ctrl_M3	ctrl	1.48185849189758	1.11782169342041	1.32566624947424
507	mut_M1	mut	4.02180576324463	1.53355646133423	2.62253517535674
507	mut_M2	mut	4.16032600402832	2.9688493013382	1.40132609700097
507	mut_M3	mut	2.90876793861389	1.36233595013618	2.1351326288667
508	ctrl_M1	ctrl	8.03567981719971	0.43413357436657	18.5096944619506
508	ctrl_M2	ctrl	13.2984027862549	0.594301804900169	22.3765142165246
508	ctrl_M3	ctrl	17.8224983215332	1.14793848991394	15.5256561898794
508	mut_M1	mut	18.0799293518066	0.615509152412415	29.37394071387
508	mut_M2	mut	18.5202369689941	0.825333699584007	22.4396955780782
508	mut_M3	mut	13.4831829071045	0.443640172481537	30.3921595550854
509	ctrl_M1	ctrl	5.47511386871338	0.791314050555229	6.91901510515546
509	ctrl_M2	ctrl	6.68808078765869	1.38590598106384	4.82578246940302
509	ctrl_M3	ctrl	5.99642992019653	0.306011706590652	19.5954265508472
509	mut_M1	mut	9.88706684112549	1.42968168854713	6.91557213072575
509	mut_M2	mut	10.0222272872925	2.17753422260284	4.60255787636382
509	mut_M3	mut	8.85450077056885	0.785555928945541	11.2716363587941
510	ctrl_M1	ctrl	9.4040699005127	2.46054276823997	3.82194937714471
510	ctrl_M2	ctrl	16.0918846130371	0.888997942209244	18.1011494504107
510	ctrl_M3	ctrl	13.4870796203613	1.78952100872993	7.5366981189751
510	mut_M1	mut	15.2598342895508	0.725978285074234	21.0196842016981
510	mut_M2	mut	18.7211112976074	1.3257559388876	14.121084242184
510	mut_M3	mut	25.1210174560547	0.828478544950485	30.3218684529194
511	ctrl_M1	ctrl	6.41211843490601	2.02798271179199	3.1618210538097
511	ctrl_M2	ctrl	7.02562570571899	2.88269519805908	2.43717258434029
511	ctrl_M3	ctrl	4.90293598175049	3.38611221313477	1.44795437160409
511	mut_M1	mut	9.42992877960205	1.33175641298294	7.08082100275409
511	mut_M2	mut	12.9250068664551	3.28221940994263	3.93788630562056
511	mut_M3	mut	7.99133920669556	1.33526495099068	5.98483409660871
512	ctrl_M1	ctrl	3.86436772346497	1.30113404989243	2.9699996889517
512	ctrl_M2	ctrl	4.23333168029785	1.80070413649082	2.35093127988682
512	ctrl_M3	ctrl	5.60603380203247	1.5754052400589	3.55847096320619
512	mut_M1	mut	4.56816673278809	2.75189010798931	1.66001059400074
512	mut_M2	mut	7.43671083450317	1.83495455980301	4.05280381182929
512	mut_M3	mut	5.69413948059082	1.80093264579773	3.16177259259387
513	ctrl_M1	ctrl	5.0148777961731	0.594741836190224	8.43202460465405
513	ctrl_M2	ctrl	14.670238494873	0.479303985834122	30.6073784663876
513	ctrl_M3	ctrl	6.66274690628052	1.82133769989014	3.65816120024442
513	mut_M1	mut	11.1246204376221	0.872558906674385	12.7494205291213
513	mut_M2	mut	15.2436027526855	0.434152752161026	35.1111508030513
513	mut_M3	mut	18.6127758026123	1.66695261001587	11.1657498184277
514	ctrl_M1	ctrl	8.76215934753418	3.9808469414711	2.20107918650501
514	ctrl_M2	ctrl	14.3491401672363	5.51802811026573	2.60041084976374
514	ctrl_M3	ctrl	15.661584854126	5.94440567493439	2.63467631762848
514	mut_M1	mut	20.0384941101074	4.53398728370667	4.41961850711795
514	mut_M2	mut	21.6421413421631	4.91550570726395	4.40283108819936
514	mut_M3	mut	17.9303436279297	4.25807783007622	4.21090086735421
515	ctrl_M1	ctrl	1.8659508228302	5.45471945405006	0.342080071862313
515	ctrl_M2	ctrl	3.48285746574402	6.55935668945312	0.530975464612887
515	ctrl_M3	ctrl	5.79798126220703	6.95436328649521	0.833718490586511
515	mut_M1	mut	8.30804538726807	6.61751824617386	1.25546240723577
515	mut_M2	mut	9.1519603729248	6.36372953653336	1.43814414493648
515	mut_M3	mut	9.27586650848389	5.35788822174072	1.73125420400619
516	ctrl_M1	ctrl	2.55430269241333	1.81834776699543	1.4047382677704
516	ctrl_M2	ctrl	7.93734455108643	2.00746607780457	3.95391216760533
516	ctrl_M3	ctrl	8.3777494430542	1.07688647508621	7.77960317719052
516	mut_M1	mut	7.9425687789917	0.993673861026764	7.99313445840735
516	mut_M2	mut	8.26962375640869	1.85339611768723	4.46187605417454
516	mut_M3	mut	8.57214641571045	0.911341816186905	9.40607164453036
517	ctrl_M1	ctrl	13.6853914260864	3.93298158049583	3.47964798359445
517	ctrl_M2	ctrl	18.1096839904785	5.53281459212303	3.27314130790881
517	ctrl_M3	ctrl	11.9277210235596	6.05510860681534	1.96986078996738
517	mut_M1	mut	17.5742206573486	7.30506420135498	2.40575854954004
517	mut_M2	mut	16.9529266357422	4.11691108345985	4.1178753419894
517	mut_M3	mut	19.1156768798828	5.87246060371399	3.25513922865541
518	ctrl_M1	ctrl	8.43544101715088	16.502084210515	0.511174280141891
518	ctrl_M2	ctrl	12.2621870040894	10.9365221858025	1.12121447712216
518	ctrl_M3	ctrl	10.3220300674438	13.9571736454964	0.739550164640569
518	mut_M1	mut	20.9859638214111	9.17905527353287	2.28628798890912
518	mut_M2	mut	17.2456951141357	24.7124254703522	0.697855220031948
518	mut_M3	mut	11.7126178741455	9.79877579212189	1.1953144068836
519	ctrl_M1	ctrl	3.75476622581482	2.77222454547882	1.35442355560209
519	ctrl_M2	ctrl	5.04188632965088	3.56256800889969	1.41523932092123
519	ctrl_M3	ctrl	8.55943012237549	3.16605317592621	2.70350169335721
519	mut_M1	mut	6.6638126373291	2.283188611269	2.9186430785608
519	mut_M2	mut	5.55942487716675	2.70921996235847	2.0520389464158
519	mut_M3	mut	6.46486854553223	2.50477409362793	2.58101860841609
520	ctrl_M1	ctrl	7.74325799942017	0.428896263241768	18.0539180754189
520	ctrl_M2	ctrl	13.3530435562134	1.06772494316101	12.5060706333989
520	ctrl_M3	ctrl	12.9823474884033	0	NA
520	mut_M1	mut	19.2799701690674	0.562564507126808	34.2715722816148
520	mut_M2	mut	14.0634536743164	0.657229006290436	21.3981025482945
520	mut_M3	mut	12.8982067108154	0.495240539312363	26.0443273257163
521	ctrl_M1	ctrl	11.0308542251587	2.59633302688599	4.24862839663869
521	ctrl_M2	ctrl	12.3144273757935	3.5309145450592	3.48760277787662
521	ctrl_M3	ctrl	9.03481578826904	2.02685630321503	4.45755122054676
521	mut_M1	mut	8.87315082550049	0.511727690696716	17.3395948408024
521	mut_M2	mut	8.04780578613281	2.11018624901772	3.81378932304153
521	mut_M3	mut	9.49545097351074	2.87308973073959	3.30496150952668
522	ctrl_M1	ctrl	9.67530727386475	0.241638258099556	40.0404611006527
522	ctrl_M2	ctrl	20.3207416534424	1.32211256027222	15.3699028842585
522	ctrl_M3	ctrl	24.396297454834	1.88382877409458	12.9503794560944
522	mut_M1	mut	21.3152294158936	1.1286197155714	18.8861040807727
522	mut_M2	mut	20.2739372253418	1.47965094447136	13.7018377889017
522	mut_M3	mut	24.9719257354736	1.69449430704117	14.7370962721487
523	ctrl_M1	ctrl	11.2475843429565	3.97640946507454	2.82857800278013
523	ctrl_M2	ctrl	12.0872564315796	3.18256670236588	3.79795855420535
523	ctrl_M3	ctrl	15.7283191680908	6.27082294225693	2.5081746547336
523	mut_M1	mut	24.94944190979	3.33137753605843	7.4892267957445
523	mut_M2	mut	18.2283363342285	2.45757883787155	7.41719291089584
523	mut_M3	mut	21.533390045166	1.70187357068062	12.6527554197544
524	ctrl_M1	ctrl	9.67475414276123	2.22774946689606	4.34283759755138
524	ctrl_M2	ctrl	14.6808614730835	3.39902317523956	4.31914132861091
524	ctrl_M3	ctrl	14.1295719146729	2.80771917104721	5.03240212211212
524	mut_M1	mut	17.2423782348633	2.89325016736984	5.95951861657983
524	mut_M2	mut	15.1582412719727	3.17108505964279	4.78014338526768
524	mut_M3	mut	14.9952735900879	2.31031270325184	6.49058180261986
525	ctrl_M1	ctrl	5.21718645095825	2.58970062434673	2.01459056769325
525	ctrl_M2	ctrl	10.6627712249756	5.85632827877998	1.82072635231386
525	ctrl_M3	ctrl	12.1014680862427	5.1386439204216	2.3549925376518
525	mut_M1	mut	14.9677877426147	4.78581541776657	3.127531347542
525	mut_M2	mut	14.0596990585327	2.90526780486107	4.83938142811074
525	mut_M3	mut	10.6956882476807	3.79407531023026	2.81905006440991
526	ctrl_M1	ctrl	9.50339126586914	0	NA
526	ctrl_M2	ctrl	15.6533966064453	1.22470441460609	12.7813670137541
526	ctrl_M3	ctrl	10.4716234207153	4.79848062992096	2.18227898127158
526	mut_M1	mut	16.5719814300537	0	NA
526	mut_M2	mut	21.0413360595703	0.892348855733871	23.5797198868663
526	mut_M3	mut	18.1052665710449	3.8713618516922	4.67671771966523
527	ctrl_M1	ctrl	4.46202611923218	0.664329513907433	6.71658570908219
527	ctrl_M2	ctrl	16.1112976074219	4.00498795509338	4.02280800543536
527	ctrl_M3	ctrl	8.96257877349854	4.72292131185532	1.89767692106175
527	mut_M1	mut	14.0896444320679	3.24660101532936	4.33981396714327
527	mut_M2	mut	12.4246082305908	2.86351317167282	4.3389387391337
527	mut_M3	mut	10.4992332458496	3.17806193232536	3.30365910716139
528	ctrl_M1	ctrl	1.90402293205261	0.538896203041077	3.53319047584286
528	ctrl_M2	ctrl	8.22773170471191	1.38561108708382	5.9379805642492
528	ctrl_M3	ctrl	9.01208877563477	2.7089184820652	3.32682169482051
528	mut_M1	mut	13.249828338623	2.33709993958473	5.66934606184507
528	mut_M2	mut	11.0808639526367	2.30369594693184	4.81003752573975
528	mut_M3	mut	11.6838827133179	1.08457446098328	10.7727806007208
529	ctrl_M1	ctrl	5.11039733886719	1.11386005580425	4.58800664611074
529	ctrl_M2	ctrl	3.04599761962891	2.42498697340488	1.25608824007499
529	ctrl_M3	ctrl	9.3768138885498	1.28334836661816	7.30652263442647
529	mut_M1	mut	9.62122249603271	1.87341222167015	5.13566762549215
529	mut_M2	mut	6.38102531433105	1.98063153028488	3.22171247744059
529	mut_M3	mut	5.56944561004639	1.07596382498741	5.17623871798064
530	ctrl_M1	ctrl	5.2788405418396	0.985259145498276	5.35781937773328
530	ctrl_M2	ctrl	8.61289596557617	1.92729982733727	4.46889261515456
530	ctrl_M3	ctrl	12.4332313537598	1.53022190928459	8.12511654572541
530	mut_M1	mut	12.308141708374	0.738167092204094	16.6739236120959
530	mut_M2	mut	10.1092290878296	0.817018389701843	12.3733189059781
530	mut_M3	mut	7.48736333847046	1.58652679622173	4.71934250105412
531	ctrl_M1	ctrl	11.7294864654541	1.72024121880531	6.81851262324716
531	ctrl_M2	ctrl	11.0911312103271	2.58546328544617	4.28980418045781
531	ctrl_M3	ctrl	14.6748094558716	2.83983278274536	5.16749068643575
531	mut_M1	mut	16.3507862091064	2.01570591330528	8.11169233625703
531	mut_M2	mut	14.508563041687	2.17835858464241	6.66031898695351
531	mut_M3	mut	15.4774808883667	2.7353130877018	5.65839463056525
532	ctrl_M1	ctrl	6.13499641418457	3.02898564934731	2.02542934315538
532	ctrl_M2	ctrl	4.26861238479614	3.45444449782372	1.23568706560066
532	ctrl_M3	ctrl	5.43383741378784	1.62181247770786	3.35047207274394
532	mut_M1	mut	9.84404754638672	1.69833944737911	5.79627798293098
532	mut_M2	mut	7.71663045883179	2.41043546795845	3.20134289484526
532	mut_M3	mut	6.58316612243652	2.57255297899246	2.5590011852797
533	ctrl_M1	ctrl	1.99769270420074	1.05344554781914	1.89634168404471
533	ctrl_M2	ctrl	1.65516173839569	1.53794965147972	1.07621321465446
533	ctrl_M3	ctrl	5.90016412734985	2.17672334611416	2.71057143659653
533	mut_M1	mut	4.50284290313721	2.59149581193924	1.73754589237313
533	mut_M2	mut	7.39975118637085	1.6425479799509	4.50504416107956
533	mut_M3	mut	1.99943804740906	1.00077159702778	1.99789647642604
534	ctrl_M1	ctrl	3.71718978881836	0.474771618843079	7.82942712093109
534	ctrl_M2	ctrl	7.33281517028809	0.358235210180283	20.4692753864084
534	ctrl_M3	ctrl	8.6343936920166	0.893179535865784	9.66703036209517
534	mut_M1	mut	9.34509181976318	0.676332294940948	13.8173082812482
534	mut_M2	mut	6.4875864982605	0.317673981189728	20.4221525287142
534	mut_M3	mut	8.6897554397583	0.7697783857584	11.2886456680607
535	ctrl_M1	ctrl	8.24731540679932	0.962121248245239	8.57201254191314
535	ctrl_M2	ctrl	11.4590396881104	2.07099086046219	5.53311939076013
535	ctrl_M3	ctrl	10.0601463317871	3.51776450872421	2.85981233446341
535	mut_M1	mut	13.9293088912964	1.01891297101974	13.6707543111908
535	mut_M2	mut	9.56363201141357	2.73112097382545	3.50172405509299
535	mut_M3	mut	6.49973344802856	2.10313358902931	3.09049956785126
536	ctrl_M1	ctrl	2.57573199272156	13.0986739993095	0.196640667052049
536	ctrl_M2	ctrl	6.3658652305603	15.5612221956253	0.409085170209184
536	ctrl_M3	ctrl	6.33131694793701	14.798202931881	0.427843635952373
536	mut_M1	mut	5.74395704269409	16.5877419710159	0.346277211975603
536	mut_M2	mut	11.4255599975586	17.0949650406837	0.668358196133615
536	mut_M3	mut	11.1780033111572	13.6033298075199	0.821710821491517
537	ctrl_M1	ctrl	7.92491626739502	1.19153323769569	6.65102408953443
537	ctrl_M2	ctrl	3.41930603981018	2.35249421000481	1.45348117128977
537	ctrl_M3	ctrl	14.7902603149414	1.45312595367432	10.1782369776986
537	mut_M1	mut	17.4382839202881	2.05468268692493	8.48709342384466
537	mut_M2	mut	15.3635559082031	1.32700154185295	11.5776473678774
537	mut_M3	mut	14.7862634658813	2.90374916791916	5.0921283522837
538	ctrl_M1	ctrl	7.04799699783325	3.5507732629776	1.98491891085238
538	ctrl_M2	ctrl	8.41345310211182	3.84477201104164	2.1882840069449
538	ctrl_M3	ctrl	5.78690719604492	2.84562346339226	2.03361662935769
538	mut_M1	mut	7.36438083648682	3.44972383975983	2.13477402208506
538	mut_M2	mut	5.23311328887939	2.24353441596031	2.33253087256049
538	mut_M3	mut	8.94644165039062	1.4934983253479	5.99025890993658
539	ctrl_M1	ctrl	4.8446159362793	2.68164247274399	1.80658532430017
539	ctrl_M2	ctrl	4.06977033615112	2.97214278578758	1.36930512074058
539	ctrl_M3	ctrl	4.92438268661499	1.33858454227448	3.67879841063132
539	mut_M1	mut	6.08082580566406	1.03020027279854	5.90256668166618
539	mut_M2	mut	5.07657194137573	2.81084215641022	1.80606795361968
539	mut_M3	mut	3.96750569343567	0.871558845043182	4.55219485867199
540	ctrl_M1	ctrl	8.27833271026611	1.89819800853729	4.36115340603755
540	ctrl_M2	ctrl	9.25181007385254	2.49776530265808	3.70403498839819
540	ctrl_M3	ctrl	4.28241205215454	3.46598905324936	1.23555267669983
540	mut_M1	mut	10.7878866195679	2.52852043509483	4.2664818800103
540	mut_M2	mut	12.5420083999634	2.52477157115936	4.96758144112188
540	mut_M3	mut	11.4515724182129	3.53524935245514	3.23925451263008
541	ctrl_M1	ctrl	10.3611240386963	4.51180630922318	2.2964469945254
541	ctrl_M2	ctrl	15.9139022827148	6.59067133069038	2.41461020952593
541	ctrl_M3	ctrl	19.923713684082	5.06490061432123	3.9336830475502
541	mut_M1	mut	25.0329151153564	4.59752663969994	5.444865702179
541	mut_M2	mut	19.1651191711426	5.14832934737206	3.72258996618492
541	mut_M3	mut	12.8253517150879	4.10269238054752	3.12608173498406
542	ctrl_M1	ctrl	13.8229122161865	2.84241133928299	4.86309353792313
542	ctrl_M2	ctrl	18.5832672119141	4.0003175586462	4.64544800243385
542	ctrl_M3	ctrl	14.3513927459717	3.83755874633789	3.73971936186435
542	mut_M1	mut	22.7211284637451	4.96120566129684	4.57975944053202
542	mut_M2	mut	14.9689893722534	3.71337121725082	4.03110502465079
542	mut_M3	mut	15.26549243927	3.30460393428802	4.61946204229735
543	ctrl_M1	ctrl	8.85130977630615	1.32222789525986	6.69423917619482
543	ctrl_M2	ctrl	14.5950813293457	2.63937944173813	5.52973971780818
543	ctrl_M3	ctrl	18.6893539428711	2.65909205377102	7.02847196146015
543	mut_M1	mut	19.6750106811523	3.5402959883213	5.55744794956582
543	mut_M2	mut	22.2828521728516	3.96726313233376	5.61668118034399
543	mut_M3	mut	18.8430404663086	3.38328741490841	5.56944715464521
544	ctrl_M1	ctrl	6.03990030288696	1.76003128290176	3.43170053939551
544	ctrl_M2	ctrl	13.8806123733521	1.71545013785362	8.09152773785633
544	ctrl_M3	ctrl	9.04569244384766	2.03019186854362	4.4555850035675
544	mut_M1	mut	14.5517377853394	2.54154771566391	5.72554184037348
544	mut_M2	mut	14.9141416549683	2.68969123065472	5.54492704775555
544	mut_M3	mut	8.11580085754395	3.00338992476463	2.70221351900551
545	ctrl_M1	ctrl	1.90693080425262	0.54976187646389	3.46864867480107
545	ctrl_M2	ctrl	0	0.477690577507019	0
545	ctrl_M3	ctrl	3.6379668712616	1.40749025344849	2.58471905034385
545	mut_M1	mut	4.59392976760864	0.645278468728065	7.1192980863966
545	mut_M2	mut	5.68956899642944	0.873726785182953	6.51183996292169
545	mut_M3	mut	6.517333984375	1.77782419323921	3.66590465421688
546	ctrl_M1	ctrl	6.00492715835571	1.05857437849045	5.67265492191383
546	ctrl_M2	ctrl	11.3207550048828	1.41160720586777	8.01976283333261
546	ctrl_M3	ctrl	4.44406700134277	0.926211267709732	4.79811373093283
546	mut_M1	mut	12.5375003814697	0.709193408489227	17.6785348416844
546	mut_M2	mut	6.34317207336426	1.24756693840027	5.08443425207948
546	mut_M3	mut	11.4441690444946	0.734781756997108	15.5749226699155
547	ctrl_M1	ctrl	12.5714921951294	1.49078990519047	8.4327725532346
547	ctrl_M2	ctrl	20.6438407897949	3.79412773251534	5.44099783802191
547	ctrl_M3	ctrl	7.4081015586853	4.29254570603371	1.72580609876146
547	mut_M1	mut	12.1532707214355	1.74495735764503	6.96479525312722
547	mut_M2	mut	24.9424533843994	1.9557256102562	12.7535546160445
547	mut_M3	mut	10.5681228637695	2.13959658145905	4.9393062950974
548	ctrl_M1	ctrl	15.9381990432739	4.8019743040204	3.31909294681769
548	ctrl_M2	ctrl	14.4857702255249	6.47150113433599	2.23839414145621
548	ctrl_M3	ctrl	14.8758745193481	4.58414638787508	3.245069694697
548	mut_M1	mut	14.4559173583984	6.33389979600906	2.28230913401993
548	mut_M2	mut	24.7258472442627	5.30620443820953	4.65979920905684
548	mut_M3	mut	14.2091827392578	8.13205778598785	1.74730469374447
549	ctrl_M1	ctrl	11.4294586181641	4.95855900645256	2.30499598840932
549	ctrl_M2	ctrl	21.3632965087891	8.17652106285095	2.61276114188107
549	ctrl_M3	ctrl	17.0015754699707	8.3979520201683	2.02449066500263
549	mut_M1	mut	20.6983032226562	7.52587258815765	2.75028616020235
549	mut_M2	mut	17.3519496917725	9.34670031070709	1.8564786625174
549	mut_M3	mut	26.7757568359375	7.96544122695923	3.36149072888948
550	ctrl_M1	ctrl	5.99382448196411	0.891780257225037	6.72118992700642
550	ctrl_M2	ctrl	7.90287828445435	1.8525798022747	4.26587738609194
550	ctrl_M3	ctrl	7.52431058883667	2.08812698721886	3.60337787638968
550	mut_M1	mut	5.54279136657715	0.488682776689529	11.3423096351493
550	mut_M2	mut	5.54465341567993	1.86602148413658	2.97137705155923
550	mut_M3	mut	6.64644193649292	0.463958919048309	14.325496641225
551	ctrl_M1	ctrl	7.97008752822876	2.46985155344009	3.22695002342459
551	ctrl_M2	ctrl	4.67306900024414	2.23163309693336	2.09401312727693
551	ctrl_M3	ctrl	11.4981231689453	3.57857641577721	3.2130439127281
551	mut_M1	mut	6.00970792770386	3.30062317848206	1.82077977482655
551	mut_M2	mut	11.1537523269653	2.3350738286972	4.77661656342073
551	mut_M3	mut	7.54834699630737	3.05896365642548	2.46761578237511
552	ctrl_M1	ctrl	9.16545295715332	1.21973714232445	7.51428536453908
552	ctrl_M2	ctrl	11.1872253417969	3.70247614383698	3.02155230909962
552	ctrl_M3	ctrl	13.5156888961792	2.66834419965744	5.06519694794784
552	mut_M1	mut	15.8559799194336	3.84567975997925	4.12306299771543
552	mut_M2	mut	13.295241355896	2.91768316924572	4.55678035779775
552	mut_M3	mut	12.0643396377563	2.52475050091743	4.77842845594939
553	ctrl_M1	ctrl	7.97752857208252	2.03951728343964	3.91147877826681
553	ctrl_M2	ctrl	3.53992366790771	2.90692983567715	1.21775339207082
553	ctrl_M3	ctrl	6.41955137252808	1.59207032620907	4.03220339381231
553	mut_M1	mut	3.56052017211914	2.09785637259483	1.69721827415437
553	mut_M2	mut	4.32248640060425	2.32276341319084	1.86092409414454
553	mut_M3	mut	6.10486316680908	1.83165864646435	3.33296991696204
554	ctrl_M1	ctrl	9.21525764465332	2.29255597293377	4.0196434693198
554	ctrl_M2	ctrl	11.9835777282715	4.28717097640038	2.79521805737107
554	ctrl_M3	ctrl	7.16136932373047	3.11071625351906	2.30216089803402
554	mut_M1	mut	9.96278667449951	2.14438414573669	4.64598970958948
554	mut_M2	mut	11.7987375259399	3.89365822076797	3.03024478702519
554	mut_M3	mut	6.33790445327759	2.29425556957722	2.76251021783311
555	ctrl_M1	ctrl	6.80496311187744	1.63239106535912	4.16870886902361
555	ctrl_M2	ctrl	13.7895603179932	3.56925755739212	3.86342540325628
555	ctrl_M3	ctrl	12.2051086425781	3.04400959610939	4.00954998899403
555	mut_M1	mut	8.37572383880615	2.36868777871132	3.53601851374559
555	mut_M2	mut	9.98191165924072	2.33534710109234	4.27427325666997
555	mut_M3	mut	10.577730178833	2.04610049724579	5.16970216911215
556	ctrl_M1	ctrl	5.24454307556152	0.97122386097908	5.39993227748189
556	ctrl_M2	ctrl	17.8825988769531	2.62215679883957	6.81980531632091
556	ctrl_M3	ctrl	16.0895347595215	1.14052696526051	14.1071059690785
556	mut_M1	mut	15.3592367172241	0.456760078668594	33.6264867148517
556	mut_M2	mut	18.4406452178955	1.35431587696075	13.6162069215924
556	mut_M3	mut	23.1806488037109	2.5993281006813	8.91793875410923
557	ctrl_M1	ctrl	2.149977684021	1.2111140191555	1.77520666924503
557	ctrl_M2	ctrl	9.00259017944336	2.16055408120155	4.1667969609151
557	ctrl_M3	ctrl	5.87921190261841	0.904469937086105	6.50017392679654
557	mut_M1	mut	7.67673778533936	1.91966877877712	3.99899079998042
557	mut_M2	mut	7.49849843978882	1.41055248677731	5.31600100675492
557	mut_M3	mut	7.26091527938843	1.40449121594429	5.16978333289657
558	ctrl_M1	ctrl	2.47170758247375	1.87160062789917	1.32063835928939
558	ctrl_M2	ctrl	8.00824356079102	0.969577521085739	8.25951859096664
558	ctrl_M3	ctrl	4.66443061828613	0.953204527497292	4.8934205448362
558	mut_M1	mut	5.74674510955811	2.51211881637573	2.28760879943132
558	mut_M2	mut	8.94244384765625	1.80596134066582	4.95162529025088
558	mut_M3	mut	9.46761512756348	1.62126384675503	5.83965105156263
559	ctrl_M1	ctrl	8.78126907348633	3.01155436038971	2.91585939439924
559	ctrl_M2	ctrl	9.85164260864258	3.63951444625854	2.70685630023262
559	ctrl_M3	ctrl	7.07447481155396	5.85265657305717	1.20876301611843
559	mut_M1	mut	16.7464447021484	3.64641541242599	4.59257731444451
559	mut_M2	mut	10.0210857391357	3.86402624845505	2.59343107287184
559	mut_M3	mut	11.8519659042358	3.92654179036617	3.01842347210332
560	ctrl_M1	ctrl	6.88516569137573	3.46896401047707	1.98479017671586
560	ctrl_M2	ctrl	11.4969959259033	4.50465306639671	2.5522489204923
560	ctrl_M3	ctrl	10.2189102172852	4.51643767207861	2.26260406081993
560	mut_M1	mut	10.290358543396	4.02407449483871	2.55719881841015
560	mut_M2	mut	9.8334264755249	5.04720813035965	1.94829026692509
560	mut_M3	mut	13.214075088501	3.19141975045204	4.14050050502736
561	ctrl_M1	ctrl	2.68842792510986	0.965991839766502	2.78307519218765
561	ctrl_M2	ctrl	3.14351773262024	0.813660949468613	3.8634246053878
561	ctrl_M3	ctrl	2.5314633846283	0.377959713339806	6.6977069123565
561	mut_M1	mut	4.66583395004272	1.48197992146015	3.14837865377124
561	mut_M2	mut	4.30962324142456	1.36307591199875	3.16168982482064
561	mut_M3	mut	5.02049827575684	1.5897758603096	3.15799126222681
562	ctrl_M1	ctrl	8.09819889068604	2.92452737689018	2.7690624319945
562	ctrl_M2	ctrl	20.1145801544189	3.97220529615879	5.06383196605427
562	ctrl_M3	ctrl	14.4765033721924	4.14820367097855	3.48982463746228
562	mut_M1	mut	16.1950874328613	2.15663039684296	7.50944040136361
562	mut_M2	mut	15.7191152572632	3.02195575833321	5.20163646139321
562	mut_M3	mut	15.7451553344727	1.56177963316441	10.0815473579781
563	ctrl_M1	ctrl	4.12447834014893	5.07935211062431	0.812008746454472
563	ctrl_M2	ctrl	11.0518808364868	4.4812807738781	2.46623262280496
563	ctrl_M3	ctrl	11.688910484314	3.07269859313965	3.80411879981055
563	mut_M1	mut	6.00847911834717	4.5259575098753	1.32755977165873
563	mut_M2	mut	11.1728515625	3.87299516797066	2.88480906325382
563	mut_M3	mut	17.4080486297607	3.23305839300156	5.38439041727273
564	ctrl_M1	ctrl	6.22267770767212	1.37209677696228	4.53515948157
564	ctrl_M2	ctrl	10.166431427002	2.75610786676407	3.68869141502009
564	ctrl_M3	ctrl	7.75563478469849	1.40610378980637	5.5156915449083
564	mut_M1	mut	8.97095108032227	0.888944238424301	10.0916915736174
564	mut_M2	mut	11.6356935501099	2.88343632221222	4.03535651558373
564	mut_M3	mut	12.4215049743652	2.81322512030602	4.41539672197085
565	ctrl_M1	ctrl	2.75455236434937	1.49023073911667	1.84840662056275
565	ctrl_M2	ctrl	9.88292503356934	1.30143360793591	7.5938756870155
565	ctrl_M3	ctrl	8.00527286529541	1.21544370055199	6.58629672576349
565	mut_M1	mut	8.67477989196777	4.09926950931549	2.1161770096488
565	mut_M2	mut	5.98298978805542	0.496018558740616	12.0620280887194
565	mut_M3	mut	5.12886238098145	1.32166481018066	3.88060750462166
566	ctrl_M1	ctrl	7.90009593963623	4.62218904495239	1.7091676395762
566	ctrl_M2	ctrl	6.94206953048706	6.22449463605881	1.1152824343797
566	ctrl_M3	ctrl	14.0060729980469	6.18755957484245	2.26358596287188
566	mut_M1	mut	12.706262588501	4.6831057369709	2.71321283399413
566	mut_M2	mut	16.8516674041748	5.07016336917877	3.32369317853052
566	mut_M3	mut	11.8594589233398	4.88737215101719	2.42655123385101
567	ctrl_M1	ctrl	7.08063316345215	2.73689728975296	2.58710225990661
567	ctrl_M2	ctrl	6.98310470581055	4.13167813420296	1.69013763390784
567	ctrl_M3	ctrl	12.6105899810791	4.34103971719742	2.90496996171703
567	mut_M1	mut	14.8229169845581	1.97020065784454	7.52355701716941
567	mut_M2	mut	8.29342555999756	2.41571937501431	3.43310801982058
567	mut_M3	mut	7.59568071365356	3.20812657475471	2.3676374783418
568	ctrl_M1	ctrl	2.95203709602356	0.880766272544861	3.351669095473
568	ctrl_M2	ctrl	0.677327513694763	1.1439611017704	0.592089637179557
568	ctrl_M3	ctrl	6.22305297851562	0.848635196685791	7.333013057694
568	mut_M1	mut	4.87298440933228	1.2039535343647	4.04748544710543
568	mut_M2	mut	5.21753215789795	2.33820080757141	2.23143031214551
568	mut_M3	mut	4.20325517654419	2.95532229542732	1.42226625605192
569	ctrl_M1	ctrl	5.3281364440918	2.39779813587666	2.22209549852026
569	ctrl_M2	ctrl	5.39672565460205	0.794405996799469	6.79341001496032
569	ctrl_M3	ctrl	5.5158953666687	1.33811393380165	4.12214179027174
569	mut_M1	mut	16.1965923309326	2.72130785882473	5.9517677422677
569	mut_M2	mut	11.8110790252686	1.55535137653351	7.59383326717627
569	mut_M3	mut	9.10094261169434	0.963309556245804	9.44757845771031
570	ctrl_M1	ctrl	1.30677723884583	0.685109615325928	1.90739877183617
570	ctrl_M2	ctrl	6.40650939941406	1.08516979217529	5.90369308619603
570	ctrl_M3	ctrl	2.49400162696838	0.254381746053696	9.80416899269943
570	mut_M1	mut	6.55040502548218	0.906709611415863	7.22436923907034
570	mut_M2	mut	3.47609686851501	0.695951759815216	4.99473824081997
570	mut_M3	mut	4.23390102386475	0.872212648391724	4.85420732165677
571	ctrl_M1	ctrl	9.46860313415527	2.52132275700569	3.75541096745588
571	ctrl_M2	ctrl	9.51639652252197	4.68794053792953	2.02997381163989
571	ctrl_M3	ctrl	15.9888572692871	4.14157867431641	3.86057069697612
571	mut_M1	mut	20.683614730835	5.08104461431503	4.07074062537498
571	mut_M2	mut	18.5069561004639	3.72090247273445	4.97378155866131
571	mut_M3	mut	12.910587310791	5.23711043596268	2.46521196538751
572	ctrl_M1	ctrl	1.82371723651886	0	NA
572	ctrl_M2	ctrl	3.76111364364624	0.205060616135597	18.3414724608025
572	ctrl_M3	ctrl	4.27693223953247	0.516564548015594	8.2795698155487
572	mut_M1	mut	4.54568481445312	0.691532209515572	6.57335226313962
572	mut_M2	mut	3.67886638641357	0.603387698531151	6.09701920567684
572	mut_M3	mut	4.96268796920776	0.703107967972755	7.05821608524292
573	ctrl_M1	ctrl	13.3122568130493	6.03022235631943	2.20758970837926
573	ctrl_M2	ctrl	12.6762752532959	6.08863845467567	2.0819556535766
573	ctrl_M3	ctrl	10.5506029129028	3.85895445942879	2.73405737844975
573	mut_M1	mut	20.4077167510986	4.30963775515556	4.73536707967744
573	mut_M2	mut	16.9343166351318	5.97148644924164	2.83586285911818
573	mut_M3	mut	18.9441776275635	5.55165077745914	3.41235037774364
574	ctrl_M1	ctrl	5.64586067199707	11.9348829686642	0.473055386200322
574	ctrl_M2	ctrl	7.92775058746338	12.4424607753754	0.637152949933589
574	ctrl_M3	ctrl	13.8046131134033	15.4097427129745	0.895836703475928
574	mut_M1	mut	19.6246547698975	13.1448636054993	1.49295233171437
574	mut_M2	mut	11.8071918487549	12.3228303790092	0.958155836411357
574	mut_M3	mut	12.6638555526733	9.30878859758377	1.36041928763539
575	ctrl_M1	ctrl	9.44037914276123	1.73571920394897	5.43888615237027
575	ctrl_M2	ctrl	15.1292953491211	2.15898978710175	7.00758078593361
575	ctrl_M3	ctrl	15.727123260498	2.92357796430588	5.3794095633882
575	mut_M1	mut	10.5235691070557	3.72537815570831	2.82483245115147
575	mut_M2	mut	12.5020885467529	2.81385099887848	4.44305279552326
575	mut_M3	mut	23.1851234436035	2.64198729395866	8.77563775443587
576	ctrl_M1	ctrl	3.85944294929504	3.73695921897888	1.03277630906275
576	ctrl_M2	ctrl	9.83896827697754	5.66107730567455	1.73800281213527
576	ctrl_M3	ctrl	13.8596839904785	7.43215188384056	1.86482787315112
576	mut_M1	mut	7.65078210830688	4.73246192932129	1.61666004345525
576	mut_M2	mut	20.2340126037598	6.30360126495361	3.20991315174956
576	mut_M3	mut	22.1633834838867	5.04965025186539	4.38909278433677
577	ctrl_M1	ctrl	2.18097925186157	1.39001426100731	1.56903372364041
577	ctrl_M2	ctrl	4.16202259063721	0.857523441314697	4.85353797938896
577	ctrl_M3	ctrl	1.43715596199036	1.83706676959991	0.782310140149858
577	mut_M1	mut	2.38904404640198	0.521960720419884	4.57705714805541
577	mut_M2	mut	4.1196117401123	1.88955859839916	2.18019792749611
577	mut_M3	mut	4.31684398651123	1.27201755344868	3.39369843977975
578	ctrl_M1	ctrl	8.77519989013672	2.71773110330105	3.22886980226928
578	ctrl_M2	ctrl	10.0683708190918	3.92900496721268	2.56257523294365
578	ctrl_M3	ctrl	20.3136253356934	3.01775753498077	6.73136429955854
578	mut_M1	mut	18.0412425994873	6.02723062038422	2.99328891422728
578	mut_M2	mut	20.3192291259766	3.14887776970863	6.45284784358483
578	mut_M3	mut	12.6268033981323	2.22883814573288	5.66519530469558
579	ctrl_M1	ctrl	4.66309118270874	1.49592170119286	3.11720271120498
579	ctrl_M2	ctrl	14.7166233062744	0.951063752174377	15.4738557458724
579	ctrl_M3	ctrl	10.4312086105347	0.52803760766983	19.754669854987
579	mut_M1	mut	18.2775363922119	2.10738098621368	8.67310491637823
579	mut_M2	mut	15.4532165527344	1.66594481468201	9.27594744828571
579	mut_M3	mut	15.2449436187744	2.80402880907059	5.43679992497204
580	ctrl_M1	ctrl	1.73253154754639	0.363622143864632	4.76464807432456
580	ctrl_M2	ctrl	6.15215492248535	1.23818384110928	4.96869262723838
580	ctrl_M3	ctrl	5.09608888626099	0.640046358108521	7.9620621564367
580	mut_M1	mut	10.0245895385742	1.91973483562469	5.22186155741251
580	mut_M2	mut	9.70426750183105	1.08776068687439	8.92132582003459
580	mut_M3	mut	6.6006031036377	1.22713612020016	5.37886791447478
581	ctrl_M1	ctrl	15.4761075973511	0.304582610726357	50.8108705235807
581	ctrl_M2	ctrl	15.9340553283691	4.52687206864357	3.51988195971785
581	ctrl_M3	ctrl	16.1845760345459	3.12192592024803	5.18416402182281
581	mut_M1	mut	24.4270877838135	2.65703231096268	9.19337250173041
581	mut_M2	mut	24.0307369232178	2.89591133594513	8.29816045295977
581	mut_M3	mut	15.0190935134888	2.84838968515396	5.27283664583168
582	ctrl_M1	ctrl	6.56152057647705	3.57591700553894	1.83491970487949
582	ctrl_M2	ctrl	13.4878940582275	5.09114491939545	2.64928503740749
582	ctrl_M3	ctrl	21.0176830291748	5.49770241975784	3.82299393900272
582	mut_M1	mut	22.7446212768555	6.40317785739899	3.55208332227937
582	mut_M2	mut	16.1914806365967	5.74949981272221	2.81615465066526
582	mut_M3	mut	23.294958114624	6.0690786242485	3.83830224600336
583	ctrl_M1	ctrl	7.44672822952271	8.78171905875206	0.847980694861916
583	ctrl_M2	ctrl	6.19324779510498	8.20129282772541	0.75515506215898
583	ctrl_M3	ctrl	7.05046844482422	11.475747525692	0.614379884973905
583	mut_M1	mut	9.58201694488525	12.4856406152248	0.767442956287005
583	mut_M2	mut	10.6248188018799	9.80480024218559	1.0836343973808
583	mut_M3	mut	8.88839626312256	8.5373637676239	1.04111720023339
584	ctrl_M1	ctrl	11.2232990264893	1.99545300006866	5.62443666982037
584	ctrl_M2	ctrl	11.9916467666626	2.95394794642925	4.05953218680043
584	ctrl_M3	ctrl	13.6315250396729	1.70720438659191	7.98470595948118
584	mut_M1	mut	20.7741832733154	2.05265162885189	10.1206570960777
584	mut_M2	mut	10.8093395233154	2.3571208268404	4.58582326380137
584	mut_M3	mut	16.0357627868652	2.00983682274818	7.97863916381951
585	ctrl_M1	ctrl	4.07954549789429	0.336285457015038	12.1311981020692
585	ctrl_M2	ctrl	4.05758476257324	0.886806547641754	4.57550158302665
585	ctrl_M3	ctrl	3.8813054561615	1.4900631159544	2.60479265247465
585	mut_M1	mut	4.59969091415405	1.35584272444248	3.39249592244958
585	mut_M2	mut	6.37740278244019	0.923694953322411	6.90423040582987
585	mut_M3	mut	3.56950712203979	0.821713849902153	4.34397828692414
586	ctrl_M1	ctrl	3.92879366874695	1.34534305334091	2.92029134055475
586	ctrl_M2	ctrl	5.90117406845093	1.40085007250309	4.21256648679505
586	ctrl_M3	ctrl	8.4941873550415	1.13707023859024	7.47023980292787
586	mut_M1	mut	11.5633754730225	1.96336808800697	5.8895606705926
586	mut_M2	mut	5.1364164352417	0.214346706867218	23.9631226917966
586	mut_M3	mut	6.84438991546631	1.7196107134223	3.98019729816924
587	ctrl_M1	ctrl	3.96926236152649	0.707542166113853	5.60993047711559
587	ctrl_M2	ctrl	0.981612682342529	0.443195953965187	2.21485027911522
587	ctrl_M3	ctrl	1.38895809650421	0.92956480383873	1.49420254593157
587	mut_M1	mut	3.25313544273376	1.5326035618782	2.12262030681114
587	mut_M2	mut	4.66117763519287	0.698343098163605	6.67462404575934
587	mut_M3	mut	3.51092505455017	1.21165446937084	2.89762893902685
588	ctrl_M1	ctrl	1.80280160903931	0.69122377038002	2.60813022684125
588	ctrl_M2	ctrl	3.00326943397522	0.370074637234211	8.11530737804797
588	ctrl_M3	ctrl	1.56590723991394	0.537017367780209	2.91593407190294
588	mut_M1	mut	2.91944193840027	0.156763434410095	18.6232328309609
588	mut_M2	mut	5.19399070739746	0.571085572242737	9.09494296450162
588	mut_M3	mut	3.81388831138611	0.817325785756111	4.666301220214
589	ctrl_M1	ctrl	11.803768157959	0.451380550861359	26.1503694287096
589	ctrl_M2	ctrl	13.0565481185913	1.2173199057579	10.7256507158341
589	ctrl_M3	ctrl	17.5484771728516	1.9571148455143	8.96650353098727
589	mut_M1	mut	21.1970233917236	8.24739784002304	2.57014682726454
589	mut_M2	mut	20.8014602661133	0.796386778354645	26.1197960984355
589	mut_M3	mut	22.8567333221436	11.322881102562	2.01863228228829
590	ctrl_M1	ctrl	0.920002341270447	1.18229606747627	0.778148863536595
590	ctrl_M2	ctrl	3.03490686416626	2.95963709056377	1.02543209565878
590	ctrl_M3	ctrl	4.95907354354858	4.02914515137672	1.23080041975011
590	mut_M1	mut	6.39547204971313	5.45026929676533	1.17342312856151
590	mut_M2	mut	4.53649759292603	3.94941812753677	1.14864961025421
590	mut_M3	mut	2.08843016624451	2.53732496500015	0.82308344222845
591	ctrl_M1	ctrl	4.97396659851074	0.888534724712372	5.59794283799192
591	ctrl_M2	ctrl	10.7137212753296	1.95321476459503	5.48517319730117
591	ctrl_M3	ctrl	10.2312116622925	1.3409970998764	7.62955539817011
591	mut_M1	mut	11.5607166290283	1.64126124978065	7.0438003886178
591	mut_M2	mut	15.8291130065918	1.35131528973579	11.7138562161068
591	mut_M3	mut	7.87879133224487	0.858527719974518	9.17709603188902
592	ctrl_M1	ctrl	11.9516496658325	4.76737162470818	2.50696832692671
592	ctrl_M2	ctrl	9.19828987121582	3.61772271990776	2.5425635360607
592	ctrl_M3	ctrl	16.0738830566406	4.53502786159515	3.54438463162755
592	mut_M1	mut	19.5161323547363	2.47646108269691	7.88065376480008
592	mut_M2	mut	14.0939588546753	5.76950591802597	2.44283636327346
592	mut_M3	mut	9.42376232147217	4.02798312902451	2.3395734340512
593	ctrl_M1	ctrl	4.0707573890686	6.12096789479256	0.665051256441293
593	ctrl_M2	ctrl	4.21813869476318	9.54974129796028	0.441701881040917
593	ctrl_M3	ctrl	5.58551597595215	9.90280738472939	0.564033587542588
593	mut_M1	mut	8.14586639404297	14.5624542236328	0.559374557952146
593	mut_M2	mut	4.12306022644043	11.3028395324945	0.364780922049458
593	mut_M3	mut	7.19898891448975	9.3389490544796	0.770856428543918
594	ctrl_M1	ctrl	4.64002752304077	0.753409430384636	6.15870645615879
594	ctrl_M2	ctrl	0.780788242816925	1.42524123191833	0.547828834397392
594	ctrl_M3	ctrl	1.49091696739197	1.48218864202499	1.00588880869782
594	mut_M1	mut	6.84615087509155	1.46645972132683	4.66848886166288
594	mut_M2	mut	5.58431434631348	1.25377839803696	4.45398832445737
594	mut_M3	mut	7.24639892578125	0.62127773463726	11.663702917041
595	ctrl_M1	ctrl	7.92235231399536	0.387559920549393	20.4416192024317
595	ctrl_M2	ctrl	5.52808237075806	1.28730115294456	4.29431944352194
595	ctrl_M3	ctrl	10.7317295074463	1.42166543006897	7.54870258533729
595	mut_M1	mut	15.677586555481	1.34070219099522	11.6935637614222
595	mut_M2	mut	11.9460878372192	0.484114781022072	24.6761476937317
595	mut_M3	mut	16.9405174255371	0.420512199401855	40.2854363075165
596	ctrl_M1	ctrl	7.60041284561157	0.871865853667259	8.71741084209522
596	ctrl_M2	ctrl	5.2950119972229	0.762631878256798	6.94307718859863
596	ctrl_M3	ctrl	14.6479358673096	3.25066459178925	4.50613573123119
596	mut_M1	mut	10.6452560424805	1.58265021443367	6.72622159046668
596	mut_M2	mut	13.7438106536865	1.36352457106113	10.0796208190005
596	mut_M3	mut	8.4530200958252	1.01083970069885	8.36237445955192
597	ctrl_M1	ctrl	3.23847770690918	0.636649414896965	5.08675203515783
597	ctrl_M2	ctrl	5.80709791183472	1.06734572350979	5.44069066275831
597	ctrl_M3	ctrl	2.22909569740295	0.695946991443634	3.20296764668677
597	mut_M1	mut	4.62104415893555	1.45853435993195	3.16827925750831
597	mut_M2	mut	5.40050077438354	0.85964822769165	6.28222172793296
597	mut_M3	mut	6.06060981750488	0.936699911952019	6.47017229336019
598	ctrl_M1	ctrl	1.65793943405151	0	NA
598	ctrl_M2	ctrl	1.83170866966248	0.356758296489716	5.1343127481137
598	ctrl_M3	ctrl	3.12766170501709	0.811737686395645	3.85304484125264
598	mut_M1	mut	2.36687231063843	0.538526594638824	4.39508899690613
598	mut_M2	mut	2.47379565238953	1.00671562552452	2.45729339017722
598	mut_M3	mut	1.42243468761444	0.116398863494396	12.2203485920025
599	ctrl_M1	ctrl	9.68228435516357	2.36936049163342	4.08645471609459
599	ctrl_M2	ctrl	11.503005027771	4.40133213996887	2.61352805513386
599	ctrl_M3	ctrl	24.3203029632568	4.36396300792694	5.57298559109692
599	mut_M1	mut	31.0890979766846	4.79540407657623	6.48310287938888
599	mut_M2	mut	22.0622730255127	3.88028970360756	5.68572831172917
599	mut_M3	mut	28.816312789917	3.16966918110847	9.09126825022148
600	ctrl_M1	ctrl	1.69700121879578	2.24343994259834	0.756428191623582
600	ctrl_M2	ctrl	3.60742044448853	3.60417303442955	1.0009010139158
600	ctrl_M3	ctrl	3.58434844017029	3.17994594573975	1.12717275744021
600	mut_M1	mut	3.96329021453857	2.27891160547733	1.73911537639848
600	mut_M2	mut	3.24445223808289	1.54311099648476	2.10253976899512
600	mut_M3	mut	0.858503580093384	2.2379993647337	0.383603138419809
601	ctrl_M1	ctrl	11.0286340713501	0.553063333034515	19.9409966501284
601	ctrl_M2	ctrl	9.82985782623291	0.266585350036621	36.8732108680487
601	ctrl_M3	ctrl	10.884162902832	0.583511352539062	18.652872571324
601	mut_M1	mut	17.3458843231201	0	NA
601	mut_M2	mut	18.923412322998	0.254850924015045	74.2528691866972
601	mut_M3	mut	12.5595750808716	0.253552347421646	49.5344460762794
602	ctrl_M1	ctrl	6.61832857131958	0.61508446931839	10.7600319979689
602	ctrl_M2	ctrl	9.36456298828125	2.08575516939163	4.48977095955739
602	ctrl_M3	ctrl	14.5871677398682	2.75894591212273	5.28722497812392
602	mut_M1	mut	7.28893041610718	2.18876588344574	3.33015534975003
602	mut_M2	mut	8.80138969421387	2.45682004094124	3.58243157721961
602	mut_M3	mut	13.1496362686157	1.36237049102783	9.6520266368182
603	ctrl_M1	ctrl	7.94255256652832	1.50774349272251	5.26784072016558
603	ctrl_M2	ctrl	9.1187219619751	1.96973738074303	4.6294100173574
603	ctrl_M3	ctrl	16.1565837860107	2.2077496945858	7.31812298542381
603	mut_M1	mut	11.4235191345215	2.32848483324051	4.90598820805871
603	mut_M2	mut	18.865816116333	1.010522544384	18.669366874772
603	mut_M3	mut	14.3186159133911	0.619009986519814	23.1314780459245
604	ctrl_M1	ctrl	5.37365293502808	1.0779862254858	4.98489944303918
604	ctrl_M2	ctrl	9.55629920959473	2.77566474676132	3.44288668894366
604	ctrl_M3	ctrl	20.0987281799316	2.51691889762878	7.98544927246836
604	mut_M1	mut	10.8007135391235	2.14994677901268	5.02371204932038
604	mut_M2	mut	12.2712383270264	2.54522524774075	4.82127793519212
604	mut_M3	mut	9.98021221160889	2.40696403384209	4.14639025398236
605	ctrl_M1	ctrl	4.2316370010376	0.250642210245132	16.883177805123
605	ctrl_M2	ctrl	4.25849628448486	0.600235015153885	7.09471486496517
605	ctrl_M3	ctrl	2.54926705360413	0.615739315748215	4.14017261591683
605	mut_M1	mut	4.72305631637573	1.90104025602341	2.48445886477723
605	mut_M2	mut	5.33609437942505	1.11651349067688	4.77924756304563
605	mut_M3	mut	4.44595146179199	0.309057623147964	14.3855097845732
606	ctrl_M1	ctrl	5.95216369628906	0.898040652275085	6.62794460496852
606	ctrl_M2	ctrl	4.96022033691406	2.26576165854931	2.18920658234191
606	ctrl_M3	ctrl	8.2434606552124	1.5063334852457	5.47253362947566
606	mut_M1	mut	11.2383394241333	1.64450004696846	6.83389425549152
606	mut_M2	mut	8.27810859680176	1.13288067281246	7.30713198262155
606	mut_M3	mut	6.0392370223999	2.6886060833931	2.24623348868504
607	ctrl_M1	ctrl	7.27906084060669	4.84591837227345	1.50210141430668
607	ctrl_M2	ctrl	7.9092845916748	7.94446620345116	0.995571557499852
607	ctrl_M3	ctrl	9.8975191116333	5.97307562828064	1.65702223236077
607	mut_M1	mut	11.8316040039062	5.57115882635117	2.12372405323353
607	mut_M2	mut	8.84727191925049	6.98422440886497	1.26675080886874
607	mut_M3	mut	7.52958250045776	6.28918087482452	1.19722785054546
608	ctrl_M1	ctrl	1.80495476722717	13.6077328920364	0.132641842807149
608	ctrl_M2	ctrl	9.47846603393555	16.8638022840023	0.562059841209548
608	ctrl_M3	ctrl	11.2954683303833	15.2831708788872	0.739078848224313
608	mut_M1	mut	9.61753463745117	14.8451362848282	0.647857618341999
608	mut_M2	mut	12.630428314209	13.4336164295673	0.940210581449196
608	mut_M3	mut	11.3557367324829	11.7684865295887	0.964927537957575
609	ctrl_M1	ctrl	9.9731969833374	7.28516715764999	1.36897297859045
609	ctrl_M2	ctrl	10.127236366272	14.4407995343208	0.701293328129305
609	ctrl_M3	ctrl	16.6059379577637	15.0731357336044	1.10169099855858
609	mut_M1	mut	21.2240505218506	12.9270977973938	1.641826406398
609	mut_M2	mut	13.334939956665	11.9234853386879	1.11837600985657
609	mut_M3	mut	17.2128086090088	7.01656705141068	2.45316669574877
610	ctrl_M1	ctrl	7.15397310256958	0.900859385728836	7.9412760924744
610	ctrl_M2	ctrl	2.38728833198547	1.82826009392738	1.30577062854181
610	ctrl_M3	ctrl	1.48218071460724	1.11393359303474	1.33058265221113
610	mut_M1	mut	2.80893039703369	0.852919816970825	3.29331121301614
610	mut_M2	mut	10.3271722793579	1.24814879894257	8.27399128061263
610	mut_M3	mut	4.97334241867065	1.42146423459053	3.49874608002591
611	ctrl_M1	ctrl	8.73966312408447	0.417204052209854	20.9481741075909
611	ctrl_M2	ctrl	13.5317831039429	3.15524864196777	4.28865824517201
611	ctrl_M3	ctrl	16.7126216888428	2.49278461933136	6.70439859073168
611	mut_M1	mut	12.7048311233521	1.95298202335835	6.50534975304322
611	mut_M2	mut	16.336254119873	2.16966605186462	7.52938642600486
611	mut_M3	mut	17.100513458252	1.34578889608383	12.706683424134
612	ctrl_M1	ctrl	3.42917251586914	1.15104407072067	2.97918437972764
612	ctrl_M2	ctrl	3.70986151695251	2.41185188293457	1.53817966318836
612	ctrl_M3	ctrl	2.88209962844849	2.98680979013443	0.964942474063194
612	mut_M1	mut	5.64146184921265	1.93252983689308	2.91921073688694
612	mut_M2	mut	5.51965713500977	1.01390275359154	5.44397094835529
612	mut_M3	mut	6.22852993011475	1.80723650753498	3.44643875007277
613	ctrl_M1	ctrl	5.83859205245972	1.91150879859924	3.05444163099759
613	ctrl_M2	ctrl	7.3717474937439	2.33025363087654	3.1634957654678
613	ctrl_M3	ctrl	7.78328657150269	2.15956132113934	3.60410537793685
613	mut_M1	mut	12.05357837677	1.51042596995831	7.98025101296607
613	mut_M2	mut	9.16441345214844	1.59295344352722	5.7530956032563
613	mut_M3	mut	10.3351316452026	1.8660272359848	5.53857491782441
614	ctrl_M1	ctrl	2.495281457901	20.3729234933853	0.122480284123738
614	ctrl_M2	ctrl	6.88511610031128	9.56829991936684	0.719575698748257
614	ctrl_M3	ctrl	1.227126121521	19.8609003573656	0.0617860267883527
614	mut_M1	mut	3.91083097457886	25.0992757081985	0.155814495208776
614	mut_M2	mut	7.62928295135498	8.95633760094643	0.851830657940896
614	mut_M3	mut	2.44084501266479	20.9163905382156	0.116695326003079
615	ctrl_M1	ctrl	8.9629020690918	1.26421917974949	7.08967417411579
615	ctrl_M2	ctrl	9.67670249938965	1.43498563766479	6.74341418157808
615	ctrl_M3	ctrl	14.0989933013916	1.58606803417206	8.8892739766686
615	mut_M1	mut	12.8402442932129	1.35359320044518	9.48604373085646
615	mut_M2	mut	10.2752809524536	2.32261675596237	4.42401051575815
615	mut_M3	mut	13.9159727096558	1.2813171595335	10.8606777066205
616	ctrl_M1	ctrl	6.53381109237671	14.2731235027313	0.457770234463843
616	ctrl_M2	ctrl	7.61913871765137	12.4928487837315	0.609880008118983
616	ctrl_M3	ctrl	7.51622200012207	12.9592297524214	0.579989871598479
616	mut_M1	mut	11.0742044448853	12.5204871892929	0.884486703868483
616	mut_M2	mut	13.3440990447998	17.0009588599205	0.78490273135466
616	mut_M3	mut	7.41647291183472	14.8876589536667	0.498162466974575
617	ctrl_M1	ctrl	3.38753771781921	5.80965122580528	0.583087966240118
617	ctrl_M2	ctrl	9.56387329101562	11.9336240887642	0.801422369254974
617	ctrl_M3	ctrl	7.25914573669434	11.6278159022331	0.624291423060819
617	mut_M1	mut	15.9514532089233	9.82733045518398	1.6231725677352
617	mut_M2	mut	14.5892658233643	9.04101318120956	1.61367598198905
617	mut_M3	mut	13.9747734069824	9.28439454734325	1.50518952374566
618	ctrl_M1	ctrl	4.99511528015137	2.12101063132286	2.35506376365306
618	ctrl_M2	ctrl	5.96141195297241	1.79709678888321	3.31724589896857
618	ctrl_M3	ctrl	9.81997489929199	1.28939189016819	7.61597383555054
618	mut_M1	mut	13.1029500961304	2.36038456857204	5.5511929160159
618	mut_M2	mut	11.9761352539062	0.933726400136948	12.8261718337939
618	mut_M3	mut	8.76043796539307	1.7585374712944	4.98166124316065
619	ctrl_M1	ctrl	7.69142007827759	1.89790588617325	4.05258244590084
619	ctrl_M2	ctrl	8.08662986755371	1.42646527290344	5.66899876300115
619	ctrl_M3	ctrl	19.7340755462646	1.537533223629	12.8348937395231
619	mut_M1	mut	15.2056455612183	3.54539120197296	4.28884844999799
619	mut_M2	mut	16.9366283416748	2.30940303206444	7.33376898987384
619	mut_M3	mut	17.5974025726318	2.87422254681587	6.12249131234693
620	ctrl_M1	ctrl	4.68031597137451	1.53467240929604	3.04971663204749
620	ctrl_M2	ctrl	4.98970651626587	1.02417206764221	4.8719416140228
620	ctrl_M3	ctrl	8.95402336120605	2.16559395194054	4.13467323972833
620	mut_M1	mut	7.17516326904297	2.16733659803867	3.31059018499301
620	mut_M2	mut	7.90142774581909	2.26451666653156	3.48923364645458
620	mut_M3	mut	3.55407285690308	1.64424154162407	2.1615272251257
621	ctrl_M1	ctrl	2.63973164558411	1.59166957437992	1.65846711407579
621	ctrl_M2	ctrl	4.38901329040527	2.26809978485107	1.93510590659196
621	ctrl_M3	ctrl	4.04015207290649	2.65653562545776	1.52083489270365
621	mut_M1	mut	5.31320333480835	1.60060012340546	3.31950701309701
621	mut_M2	mut	6.24155378341675	2.91700688004494	2.13971171138293
621	mut_M3	mut	9.1958122253418	2.6230096668005	3.50582475609352
622	ctrl_M1	ctrl	3.38926863670349	0.146812170743942	23.0857470435116
622	ctrl_M2	ctrl	2.08219909667969	1.06101588904858	1.96245797840673
622	ctrl_M3	ctrl	3.53148293495178	1.72679167985916	2.04511231791423
622	mut_M1	mut	5.51486682891846	1.19059413671494	4.63202921873525
622	mut_M2	mut	2.80140042304993	1.51473589986563	1.84943158955858
622	mut_M3	mut	3.05616545677185	0.91049350053072	3.35660326514185
623	ctrl_M1	ctrl	3.44901967048645	2.03079029917717	1.69836327851473
623	ctrl_M2	ctrl	4.87569952011108	1.68695919215679	2.89022967643779
623	ctrl_M3	ctrl	2.98761129379272	0.801979407668114	3.72529676601011
623	mut_M1	mut	6.27500009536743	2.51520773768425	2.49482378785333
623	mut_M2	mut	4.95382261276245	1.75663970410824	2.82005615675029
623	mut_M3	mut	3.31793761253357	1.49329221248627	2.22189440538858
624	ctrl_M1	ctrl	4.91547536849976	4.69185142219067	1.04766219689981
624	ctrl_M2	ctrl	2.24926781654358	4.02522070705891	0.558793661326224
624	ctrl_M3	ctrl	2.9780068397522	5.07904022932053	0.586332595390881
624	mut_M1	mut	7.06677675247192	8.08730739355087	0.873810825851289
624	mut_M2	mut	5.84018087387085	6.07879616320133	0.960746292041348
624	mut_M3	mut	7.71081352233887	5.40036049485207	1.42783311034314
625	ctrl_M1	ctrl	6.25822305679321	0.972487837076187	6.43527128895385
625	ctrl_M2	ctrl	5.48950242996216	1.42686407268047	3.84724973812657
625	ctrl_M3	ctrl	5.13260889053345	1.7404940277338	2.94893795023033
625	mut_M1	mut	6.580322265625	0.818939745426178	8.03517267586101
625	mut_M2	mut	8.07431411743164	1.5173814445734	5.321215799961
625	mut_M3	mut	5.71935319900513	1.22530676424503	4.66769087211322
626	ctrl_M1	ctrl	2.74093866348267	0.513739019632339	5.33527444624361
626	ctrl_M2	ctrl	2.49822735786438	0.418227344751358	5.97337163439089
626	ctrl_M3	ctrl	1.90892100334167	0.485018327832222	3.93577086431672
626	mut_M1	mut	5.87717342376709	0.569569110870361	10.3186308941265
626	mut_M2	mut	7.98464155197144	0.611739590764046	13.0523537670643
626	mut_M3	mut	5.37064743041992	0.316602401435375	16.9633818507728
627	ctrl_M1	ctrl	2.12830424308777	0.757118135690689	2.81105965206632
627	ctrl_M2	ctrl	3.76749730110168	1.94628182053566	1.93574088878084
627	ctrl_M3	ctrl	3.9745306968689	1.64219805598259	2.42025051874196
627	mut_M1	mut	11.2928237915039	1.45007070153952	7.78777460955145
627	mut_M2	mut	12.0427837371826	1.99324554204941	6.041796398451
627	mut_M3	mut	6.73499631881714	2.09268966317177	3.21834452443813
628	ctrl_M1	ctrl	6.04493618011475	3.08438497781754	1.95985138806896
628	ctrl_M2	ctrl	9.11941242218018	3.68113753199577	2.47733542768123
628	ctrl_M3	ctrl	8.23153495788574	3.96837583184242	2.07428310893226
628	mut_M1	mut	13.8656883239746	5.05170959234238	2.74475166684025
628	mut_M2	mut	9.60725784301758	3.33492574095726	2.88080113000054
628	mut_M3	mut	12.8929138183594	5.61224335432053	2.29728345768077
629	ctrl_M1	ctrl	5.11442184448242	1.10148021578789	4.64322624335479
629	ctrl_M2	ctrl	3.77178359031677	1.76004672050476	2.14300197055853
629	ctrl_M3	ctrl	3.67863035202026	1.29158413410187	2.84815387158521
629	mut_M1	mut	9.66708278656006	2.32692524790764	4.15444492480051
629	mut_M2	mut	12.5910167694092	1.96608713269234	6.4040990656234
629	mut_M3	mut	9.96094512939453	1.08009506762028	9.22228554505023
630	ctrl_M1	ctrl	2.06856536865234	0.455070406198502	4.54559413329558
630	ctrl_M2	ctrl	2.30442357063293	2.07117082178593	1.11261878855839
630	ctrl_M3	ctrl	3.12951993942261	1.87465822696686	1.66938159415121
630	mut_M1	mut	6.67656135559082	1.28494825959206	5.1959768074323
630	mut_M2	mut	5.95376348495483	1.36616502702236	4.35801192915282
630	mut_M3	mut	4.59534740447998	0.969178825616837	4.74148555768876
631	ctrl_M1	ctrl	2.63574576377869	0.830673545598984	3.1730223957934
631	ctrl_M2	ctrl	2.93212175369263	0.720922976732254	4.06717756033124
631	ctrl_M3	ctrl	3.94629573822021	1.23217633366585	3.20270372867785
631	mut_M1	mut	7.01289463043213	1.22909390926361	5.70574353804566
631	mut_M2	mut	0.807253301143646	0.981664150953293	0.822331446411406
631	mut_M3	mut	4.85524749755859	0.991111814975739	4.8987888391558
632	ctrl_M1	ctrl	1.10387027263641	1.11998772621155	0.985609258746386
632	ctrl_M2	ctrl	3.4213879108429	2.65717110037804	1.28760542004846
632	ctrl_M3	ctrl	1.16048634052277	0.451502591371536	2.57027614614025
632	mut_M1	mut	2.99897694587708	1.03382563591003	2.90085372398141
632	mut_M2	mut	4.41408157348633	1.49076023697853	2.96096009538917
632	mut_M3	mut	1.25659215450287	0.71952497959137	1.74641908223466
633	ctrl_M1	ctrl	10.186484336853	5.68415677547455	1.79208363513207
633	ctrl_M2	ctrl	12.5221548080444	5.44179224967957	2.30110857480489
633	ctrl_M3	ctrl	8.91467952728271	5.32842767238617	1.67304129386644
633	mut_M1	mut	12.1753206253052	5.76038753986359	2.11362873436003
633	mut_M2	mut	14.2729120254517	9.31840419769287	1.53169059021774
633	mut_M3	mut	11.2500028610229	7.02959525585175	1.60037704185856
634	ctrl_M1	ctrl	7.31647968292236	1.06958568096161	6.84048020944381
634	ctrl_M2	ctrl	8.33088779449463	2.20080372691154	3.78538426331439
634	ctrl_M3	ctrl	10.5169687271118	2.37973475456238	4.4193869535035
634	mut_M1	mut	18.5712108612061	2.15755635499954	8.60752064166129
634	mut_M2	mut	13.279881477356	1.16769678890705	11.3727138787337
634	mut_M3	mut	16.0320339202881	3.20194500684738	5.00696729206887
635	ctrl_M1	ctrl	4.25944375991821	0.491639465093613	8.66375476815551
635	ctrl_M2	ctrl	1.37003982067108	4.00153368711472	0.342378679725408
635	ctrl_M3	ctrl	3.00676894187927	1.57366666197777	1.91067715579638
635	mut_M1	mut	2.23357439041138	0.872123569250107	2.56107559658307
635	mut_M2	mut	1.3030858039856	2.41688638925552	0.539158898729612
635	mut_M3	mut	2.20550107955933	0.811250582337379	2.71864344701587
636	ctrl_M1	ctrl	7.25595998764038	1.51166146993637	4.79999003212393
636	ctrl_M2	ctrl	9.35352611541748	2.07983149588108	4.49725188504035
636	ctrl_M3	ctrl	14.2286586761475	3.00911372900009	4.72852140449858
636	mut_M1	mut	24.8251934051514	1.6791680753231	14.7842218834315
636	mut_M2	mut	26.5389518737793	3.1174111366272	8.51313821329721
636	mut_M3	mut	13.8977270126343	1.52907776832581	9.08896022198463
637	ctrl_M1	ctrl	6.858802318573	5.91945362091064	1.15868841244808
637	ctrl_M2	ctrl	7.13663578033447	8.66470122337341	0.823644762393316
637	ctrl_M3	ctrl	7.62885236740112	7.21954154968262	1.05669484895983
637	mut_M1	mut	13.6488676071167	6.43273597955704	2.1217826521238
637	mut_M2	mut	4.59500360488892	4.36698031425476	1.05221532368484
637	mut_M3	mut	8.26788520812988	5.38280329108238	1.53598130212694
638	ctrl_M1	ctrl	5.53047943115234	1.98961551487446	2.77967244917735
638	ctrl_M2	ctrl	9.88073348999023	2.81454890966415	3.51059221463991
638	ctrl_M3	ctrl	7.68142223358154	2.11031013727188	3.63994945478097
638	mut_M1	mut	15.0880079269409	1.35023860633373	11.1743271568193
638	mut_M2	mut	13.4153957366943	2.35851526260376	5.68806823063929
638	mut_M3	mut	10.4955310821533	1.19671162962914	8.77030925604518
639	ctrl_M1	ctrl	2.98114681243896	0.986412703990936	3.02221048084389
639	ctrl_M2	ctrl	2.91078042984009	0	NA
639	ctrl_M3	ctrl	3.57632565498352	0.64480659365654	5.54635403881815
639	mut_M1	mut	7.88897085189819	0.436647295951843	18.0671469285092
639	mut_M2	mut	9.8381175994873	1.3377311527729	7.3543309349524
639	mut_M3	mut	3.02661347389221	0.643910884857178	4.70036078760111
640	ctrl_M1	ctrl	8.68922424316406	1.44769321382046	6.00211713380436
640	ctrl_M2	ctrl	11.6753578186035	0.826074108481407	14.1335477032038
640	ctrl_M3	ctrl	17.0118637084961	1.87710531055927	9.06281795315336
640	mut_M1	mut	20.558235168457	1.58872479200363	12.9400858297993
640	mut_M2	mut	14.9326782226562	1.85690847039223	8.04168781647169
640	mut_M3	mut	14.8232736587524	0.907714337110519	16.3303288851189
641	ctrl_M1	ctrl	1.48942542076111	1.93985736370087	0.767801513983264
641	ctrl_M2	ctrl	2.27981400489807	1.97525948286057	1.15418456394218
641	ctrl_M3	ctrl	3.91767644882202	2.05614387989044	1.90535131667477
641	mut_M1	mut	2.91872644424438	1.31331022083759	2.22241965221507
641	mut_M2	mut	1.3178905248642	1.42994198203087	0.921639158389118
641	mut_M3	mut	5.57166290283203	1.29131843149662	4.31470872476787
642	ctrl_M1	ctrl	3.48540830612183	0.906721115112305	3.8439694940711
642	ctrl_M2	ctrl	4.30149936676025	0.567860722541809	7.5749196871836
642	ctrl_M3	ctrl	4.14829158782959	1.72126802802086	2.41002070583938
642	mut_M1	mut	1.06204271316528	1.3358091711998	0.795055713093642
642	mut_M2	mut	4.73074865341187	0.547096982598305	8.64700190987038
642	mut_M3	mut	1.91236329078674	0.801218792796135	2.38681781803055
643	ctrl_M1	ctrl	7.01401281356812	3.47180432081223	2.02027884219212
643	ctrl_M2	ctrl	4.99303579330444	5.41137367486954	0.922692849043514
643	ctrl_M3	ctrl	5.01747465133667	5.2646558880806	0.953048928173339
643	mut_M1	mut	15.958836555481	3.13479860126972	5.09086502367871
643	mut_M2	mut	14.4125308990479	3.63491722941399	3.96502313241708
643	mut_M3	mut	10.2839794158936	4.53197681903839	2.26920388751583
644	ctrl_M1	ctrl	7.70466995239258	1.53280946612358	5.02650206869964
644	ctrl_M2	ctrl	5.86783313751221	1.21011608839035	4.84898365851608
644	ctrl_M3	ctrl	4.27573871612549	1.96060475707054	2.1808264519944
644	mut_M1	mut	5.7110595703125	1.18638545274734	4.81383142138775
644	mut_M2	mut	5.90193796157837	1.57837510108948	3.73924928079804
644	mut_M3	mut	5.81512784957886	1.92743253707886	3.01703314523892
645	ctrl_M1	ctrl	3.13041996955872	2.25529253482819	1.38803278120956
645	ctrl_M2	ctrl	1.66492688655853	2.17371296882629	0.765936860310272
645	ctrl_M3	ctrl	5.11631917953491	4.27899742126465	1.19568176276741
645	mut_M1	mut	7.98992204666138	3.46452063322067	2.30621286248015
645	mut_M2	mut	11.8385410308838	2.31381107866764	5.11646829770595
645	mut_M3	mut	8.3639669418335	2.74900060892105	3.04254823177949
646	ctrl_M1	ctrl	9.19520473480225	0.328365981578827	28.0029151941699
646	ctrl_M2	ctrl	5.51186800003052	0.94440384209156	5.83634643821805
646	ctrl_M3	ctrl	13.3065042495728	0.864180371165276	15.3978320887224
646	mut_M1	mut	13.6291570663452	0.823482312262058	16.550637291658
646	mut_M2	mut	11.3655462265015	1.38964143395424	8.1787617645803
646	mut_M3	mut	12.4205646514893	1.15554378926754	10.748675010717
647	ctrl_M1	ctrl	7.77859687805176	3.6575756072998	2.12670843017632
647	ctrl_M2	ctrl	10.7869358062744	2.86234486103058	3.76856609877211
647	ctrl_M3	ctrl	12.9079933166504	4.18457931280136	3.08465734588005
647	mut_M1	mut	14.9987764358521	2.79450773447752	5.36723382469232
647	mut_M2	mut	20.3141670227051	2.13334769010544	9.52220170998056
647	mut_M3	mut	11.8570461273193	2.42033477127552	4.8989281433455
648	ctrl_M1	ctrl	4.6804313659668	2.14433860778809	2.1826922991396
648	ctrl_M2	ctrl	7.49946022033691	4.3167696595192	1.73728524147666
648	ctrl_M3	ctrl	11.2535676956177	2.34246298670769	4.80416030454956
648	mut_M1	mut	14.2707662582397	1.35117906332016	10.5617135771577
648	mut_M2	mut	9.69203186035156	3.35520526766777	2.88865541364883
648	mut_M3	mut	11.0380210876465	4.68152660131454	2.35778241322971
649	ctrl_M1	ctrl	4.18266344070435	2.10204353928566	1.98980818547923
649	ctrl_M2	ctrl	17.8498115539551	1.1846818625927	15.0671772039208
649	ctrl_M3	ctrl	13.9943761825562	1.82587334513664	7.66448353048763
649	mut_M1	mut	20.2512493133545	0.852403849363327	23.757810723732
649	mut_M2	mut	13.3808507919312	0.486152619123459	27.5239714146908
649	mut_M3	mut	19.9594116210938	1.15055584907532	17.347625182328
650	ctrl_M1	ctrl	6.15556383132935	2.43847095966339	2.52435396326355
650	ctrl_M2	ctrl	2.60126042366028	2.29229140281677	1.13478610113175
650	ctrl_M3	ctrl	6.09500169754028	2.15849167108536	2.82373185830989
650	mut_M1	mut	17.261812210083	2.13693982362747	8.07781857927143
650	mut_M2	mut	11.5208196640015	1.4582813680172	7.90027213998225
650	mut_M3	mut	9.0340576171875	1.37664937973022	6.56235185967095
651	ctrl_M1	ctrl	5.18321228027344	2.06368681788445	2.51162736290913
651	ctrl_M2	ctrl	14.7530975341797	2.4755996465683	5.95940363565271
651	ctrl_M3	ctrl	10.0795497894287	4.11171063780785	2.45142488791541
651	mut_M1	mut	19.039234161377	2.28861679136753	8.3191009666587
651	mut_M2	mut	13.3083829879761	3.53783369064331	3.76173222137983
651	mut_M3	mut	21.373571395874	2.19802355766296	9.72399559657102
652	ctrl_M1	ctrl	6.82655000686646	2.27161712944508	3.00514990769333
652	ctrl_M2	ctrl	7.0954122543335	5.16679200530052	1.37327228327644
652	ctrl_M3	ctrl	7.93398332595825	3.14950051903725	2.51912431129986
652	mut_M1	mut	12.0152854919434	4.01222276687622	2.99467058288442
652	mut_M2	mut	12.7111663818359	2.81314679980278	4.51848669352309
652	mut_M3	mut	13.2481384277344	3.07181295752525	4.31280765167664
653	ctrl_M1	ctrl	4.50278043746948	1.10391753911972	4.07891013404866
653	ctrl_M2	ctrl	4.70275020599365	2.05950011312962	2.28344255774153
653	ctrl_M3	ctrl	6.63292074203491	1.47835502028465	4.48669003792997
653	mut_M1	mut	17.7765197753906	2.33864741027355	7.60119704120396
653	mut_M2	mut	17.9039306640625	2.19848068058491	8.14377439027535
653	mut_M3	mut	11.8217058181763	3.05298382043839	3.87218095917677
654	ctrl_M1	ctrl	2.90549898147583	1.2588197439909	2.30811360827912
654	ctrl_M2	ctrl	5.44767713546753	1.65269674360752	3.29623517232586
654	ctrl_M3	ctrl	2.98641443252563	1.29173678159714	2.31193728867359
654	mut_M1	mut	11.3887100219727	3.43546465039253	3.31504212120809
654	mut_M2	mut	4.89234304428101	2.75866416096687	1.77344640696181
654	mut_M3	mut	8.88267517089844	0.80975666642189	10.9695610289307
655	ctrl_M1	ctrl	2.43872904777527	0.726844370365143	3.35522863931674
655	ctrl_M2	ctrl	3.86518740653992	0.899280190467834	4.29809023651363
655	ctrl_M3	ctrl	2.1376097202301	0.578958034515381	3.69216694957761
655	mut_M1	mut	4.10353183746338	0.213948890566826	19.1799631519083
655	mut_M2	mut	4.19481658935547	1.10971336066723	3.78009019088793
655	mut_M3	mut	3.71249985694885	1.01880425214767	3.64397758364551
656	ctrl_M1	ctrl	1.71401131153107	0.618156284093857	2.77277988695626
656	ctrl_M2	ctrl	1.76982307434082	0.190499037504196	9.2904567788267
656	ctrl_M3	ctrl	1.8117550611496	0.265294224023819	6.82922919945265
656	mut_M1	mut	6.67124032974243	1.24620020389557	5.35326531715243
656	mut_M2	mut	3.28896760940552	0.844801902770996	3.89318205678458
656	mut_M3	mut	5.20060110092163	0.787390574812889	6.60485566792246
657	ctrl_M1	ctrl	6.92372274398804	1.83125172555447	3.78086892553872
657	ctrl_M2	ctrl	11.9348611831665	1.84451051056385	6.47047610453471
657	ctrl_M3	ctrl	11.8148059844971	1.74818487465382	6.75832754063651
657	mut_M1	mut	18.9582767486572	1.66194349527359	11.4072932097708
657	mut_M2	mut	15.1953802108765	2.06501850485802	7.35847169172038
657	mut_M3	mut	14.104808807373	1.20661209523678	11.6895967337417
658	ctrl_M1	ctrl	3.44150042533875	17.1703671664	0.200432547072918
658	ctrl_M2	ctrl	4.08844900131226	12.662632226944	0.322875128017437
658	ctrl_M3	ctrl	4.66393613815308	14.4171423017979	0.323499348242645
658	mut_M1	mut	2.90585112571716	14.1746503710747	0.205003372192301
658	mut_M2	mut	5.41829967498779	16.0666457414627	0.33723900820225
658	mut_M3	mut	9.28461456298828	12.254192173481	0.757668431467959
659	ctrl_M1	ctrl	1.36734688282013	0.386175960302353	3.54073537293616
659	ctrl_M2	ctrl	6.30608987808228	1.07984125614166	5.83983047713357
659	ctrl_M3	ctrl	3.69245171546936	0.557643815875053	6.62152365067507
659	mut_M1	mut	9.4373197555542	0.520989656448364	18.1142171226379
659	mut_M2	mut	8.53908824920654	0.51538422703743	16.5683926694683
659	mut_M3	mut	6.73570346832275	2.18551978468895	3.08196865364063
660	ctrl_M1	ctrl	3.08051991462708	6.4660297781229	0.476415980181482
660	ctrl_M2	ctrl	1.68140411376953	9.19679592549801	0.182824988984246
660	ctrl_M3	ctrl	2.82865428924561	9.03641894459724	0.313028236803565
660	mut_M1	mut	9.29593086242676	6.4768143594265	1.43526282313422
660	mut_M2	mut	5.02066898345947	8.91648229956627	0.563077322959941
660	mut_M3	mut	4.1474175453186	7.46283307671547	0.555743040569783
661	ctrl_M1	ctrl	8.62170791625977	0.581661492586136	14.8225523369729
661	ctrl_M2	ctrl	10.5433416366577	1.31856407225132	7.99607835412653
661	ctrl_M3	ctrl	7.62943696975708	1.32791686803102	5.74541761870204
661	mut_M1	mut	10.4187297821045	1.95914524048567	5.31799764856724
661	mut_M2	mut	19.1137351989746	0.98208449780941	19.462414121808
661	mut_M3	mut	9.7765645980835	1.33907548338175	7.30098095246537
662	ctrl_M1	ctrl	6.33998107910156	2.95203617215157	2.14766375117982
662	ctrl_M2	ctrl	12.5979013442993	6.14288425445557	2.05081209777993
662	ctrl_M3	ctrl	13.447135925293	4.29789006710052	3.1287761472142
662	mut_M1	mut	15.8910789489746	3.31520426273346	4.79339361607603
662	mut_M2	mut	18.3851852416992	4.40504348278046	4.17366714166792
662	mut_M3	mut	17.0534267425537	1.12530100345612	15.1545468191869
663	ctrl_M1	ctrl	0	1.05933913588524	0
663	ctrl_M2	ctrl	8.17324924468994	0	NA
663	ctrl_M3	ctrl	6.38799238204956	0.388613343238831	16.4379131421735
663	mut_M1	mut	7.58163547515869	1.63668555021286	4.63231038740011
663	mut_M2	mut	9.47039413452148	0.363624095916748	26.0444625118841
663	mut_M3	mut	9.10377597808838	0.306459248065948	29.7063183295721
664	ctrl_M1	ctrl	4.3508186340332	2.35809543728828	1.84505621156558
664	ctrl_M2	ctrl	8.95101928710938	3.32817754149437	2.68946568369977
664	ctrl_M3	ctrl	7.39707660675049	1.87491503357887	3.94528630592439
664	mut_M1	mut	9.30369567871094	3.39535814523697	2.74012203742401
664	mut_M2	mut	4.17927742004395	2.0341025441885	2.05460507976074
664	mut_M3	mut	10.5033016204834	0.885863482952118	11.8565691244902
665	ctrl_M1	ctrl	12.0616283416748	5.08252060413361	2.373158769266
665	ctrl_M2	ctrl	11.757230758667	4.69747269153595	2.50288432327697
665	ctrl_M3	ctrl	10.9934492111206	4.58945906162262	2.39536927195813
665	mut_M1	mut	16.2074108123779	5.11289310455322	3.1699099670096
665	mut_M2	mut	18.1860122680664	3.09075877070427	5.88399600785489
665	mut_M3	mut	17.1170883178711	3.5804525911808	4.78070519912289
666	ctrl_M1	ctrl	5.16628885269165	1.67386791110039	3.08643759667713
666	ctrl_M2	ctrl	5.38307666778564	2.01112252473831	2.67665276559224
666	ctrl_M3	ctrl	4.57921314239502	2.26627725362778	2.02058822902837
666	mut_M1	mut	3.44387078285217	1.725734770298	1.9955967986074
666	mut_M2	mut	8.33105850219727	1.122878074646	7.41937944137324
666	mut_M3	mut	6.03608798980713	0.647319227457047	9.3247469467569
667	ctrl_M1	ctrl	9.10569477081299	16.1870940327644	0.562528070349259
667	ctrl_M2	ctrl	12.8492422103882	21.502325117588	0.597574547874268
667	ctrl_M3	ctrl	9.60974311828613	24.6313982307911	0.390142006078779
667	mut_M1	mut	21.7381210327148	22.4746353030205	0.96722908913202
667	mut_M2	mut	14.6554880142212	20.2031063437462	0.725407655875541
667	mut_M3	mut	14.7176971435547	17.8325805962086	0.825326265267734
668	ctrl_M1	ctrl	7.85625886917114	3.80944815278053	2.06230891039607
668	ctrl_M2	ctrl	5.33955240249634	5.59194439649582	0.954865074452879
668	ctrl_M3	ctrl	10.0785388946533	6.36029475927353	1.58460248716594
668	mut_M1	mut	18.2486515045166	6.84026044607162	2.66782992378555
668	mut_M2	mut	9.26935482025146	4.00780548155308	2.31282552581855
668	mut_M3	mut	13.7368135452271	5.64863999187946	2.43187980911781
669	ctrl_M1	ctrl	0.316763192415237	0.987957403063774	0.320624342135518
669	ctrl_M2	ctrl	4.64875507354736	1.88415865600109	2.46728430153213
669	ctrl_M3	ctrl	2.85687446594238	0.869739726185799	3.28474643612184
669	mut_M1	mut	5.04410839080811	1.83221865445375	2.75300569533385
669	mut_M2	mut	3.8824188709259	1.01992835104465	3.80656039902152
669	mut_M3	mut	6.66348791122437	0.349987536668777	19.0392148664728
670	ctrl_M1	ctrl	5.86763095855713	3.82375115156174	1.53452218148679
670	ctrl_M2	ctrl	7.69780302047729	5.67098191380501	1.35740214613246
670	ctrl_M3	ctrl	12.8745861053467	5.91797918081284	2.17550378465143
670	mut_M1	mut	13.0115613937378	6.09734129905701	2.13397294911966
670	mut_M2	mut	17.2416229248047	5.75589129328728	2.99547403629955
670	mut_M3	mut	9.16583442687988	2.4554453343153	3.73286030797984
671	ctrl_M1	ctrl	4.14981174468994	1.55535706877708	2.66807656453625
671	ctrl_M2	ctrl	2.70524024963379	1.45829877257347	1.85506584831024
671	ctrl_M3	ctrl	3.86213946342468	1.7352008074522	2.22575937426831
671	mut_M1	mut	3.77713108062744	2.32496443390846	1.62459735965843
671	mut_M2	mut	3.60333704948425	1.74171602725983	2.06884302210461
671	mut_M3	mut	2.4484965801239	1.54348346590996	1.58634454738418
672	ctrl_M1	ctrl	0	0.487068206071854	0
672	ctrl_M2	ctrl	0.830240786075592	0.578661143779755	1.43476159579775
672	ctrl_M3	ctrl	3.89555144309998	1.34324604272842	2.90010267604233
672	mut_M1	mut	2.31713032722473	1.13718485832214	2.03760216315537
672	mut_M2	mut	1.43927764892578	1.13199684023857	1.27145023534028
672	mut_M3	mut	2.29297304153442	1.33425699174404	1.7185392737101
673	ctrl_M1	ctrl	21.3931407928467	1.4600533246994	14.6523010022604
673	ctrl_M2	ctrl	16.9952049255371	2.80060137808323	6.06841268398178
673	ctrl_M3	ctrl	25.8388271331787	2.58146241307259	10.0093756943081
673	mut_M1	mut	38.0308494567871	1.9877013862133	19.1330799085663
673	mut_M2	mut	34.3293685913086	1.50638997554779	22.7891642592914
673	mut_M3	mut	38.2427825927734	1.44146734476089	26.5304536601327
674	ctrl_M1	ctrl	7.66750001907349	2.7535143494606	2.78462322906561
674	ctrl_M2	ctrl	1.50610339641571	4.05509024858475	0.371410573893232
674	ctrl_M3	ctrl	5.45430946350098	4.63486659526825	1.17679966648216
674	mut_M1	mut	11.6171674728394	6.10803586244583	1.90194814412689
674	mut_M2	mut	6.46863031387329	5.56691312789917	1.16197795174045
674	mut_M3	mut	6.55281352996826	4.47684955596924	1.46371090831744
675	ctrl_M1	ctrl	6.60207414627075	4.97562436759472	1.32688355440752
675	ctrl_M2	ctrl	12.2527475357056	3.4946825504303	3.50611174517036
675	ctrl_M3	ctrl	15.5797824859619	6.14608597755432	2.53491124967332
675	mut_M1	mut	23.2886657714844	5.29897123575211	4.39494096785353
675	mut_M2	mut	20.9626197814941	5.43643838167191	3.85594727830749
675	mut_M3	mut	28.4137992858887	4.96314790844917	5.72495517159937
676	ctrl_M1	ctrl	1.88792443275452	2.47996343672276	0.761271075532222
676	ctrl_M2	ctrl	2.39995288848877	3.41138100624084	0.703513587048251
676	ctrl_M3	ctrl	4.28842687606812	4.20262691378593	1.02041579327461
676	mut_M1	mut	5.58886766433716	4.40033346414566	1.27010093891197
676	mut_M2	mut	8.22823619842529	4.28847137093544	1.91868744984311
676	mut_M3	mut	4.85516357421875	2.14966709911823	2.25856532679422
677	ctrl_M1	ctrl	5.64112234115601	9.70383530855179	0.581329150978542
677	ctrl_M2	ctrl	6.20580863952637	13.600166708231	0.456303865435013
677	ctrl_M3	ctrl	4.33779907226562	12.1426013410091	0.357238037422476
677	mut_M1	mut	8.48299121856689	15.4342936873436	0.549619658042603
677	mut_M2	mut	10.3723802566528	13.745744407177	0.754588471122537
677	mut_M3	mut	6.42757129669189	9.22077178955078	0.697075195373102
678	ctrl_M1	ctrl	2.18943357467651	3.44300761818886	0.635907269885227
678	ctrl_M2	ctrl	5.21634912490845	6.46937757730484	0.806313909271252
678	ctrl_M3	ctrl	0.554140210151672	5.95766633749008	0.0930129649363894
678	mut_M1	mut	4.0911226272583	5.88390278816223	0.695307651154467
678	mut_M2	mut	3.94318389892578	7.1728078275919	0.549740630685433
678	mut_M3	mut	4.85510444641113	5.9180192053318	0.82039349281546
679	ctrl_M1	ctrl	5.06394529342651	2.49458427727222	2.02997563143621
679	ctrl_M2	ctrl	4.31677865982056	1.76587253808975	2.4445584642764
679	ctrl_M3	ctrl	5.41915988922119	1.26206392049789	4.29388702204821
679	mut_M1	mut	8.55274677276611	1.84641970694065	4.63207078034129
679	mut_M2	mut	8.55008506774902	2.52451089024544	3.38682835585541
679	mut_M3	mut	5.49930047988892	1.76306892931461	3.11916362908553
680	ctrl_M1	ctrl	14.889404296875	4.98731580376625	2.98545447746281
680	ctrl_M2	ctrl	17.6393890380859	8.86223721504211	1.99039910691469
680	ctrl_M3	ctrl	18.2281303405762	7.13860028982162	2.55346000623767
680	mut_M1	mut	25.5182418823242	8.48011785745621	3.00918481455858
680	mut_M2	mut	23.5339450836182	8.41532489657402	2.79655810950319
680	mut_M3	mut	19.482458114624	7.60437980294228	2.56200487343963
681	ctrl_M1	ctrl	7.43407821655273	0.697968974709511	10.6510152828021
681	ctrl_M2	ctrl	7.83272981643677	0.297238916158676	26.3516295835751
681	ctrl_M3	ctrl	4.184814453125	0.58009098470211	7.21406566122381
681	mut_M1	mut	10.4207801818848	1.13642734289169	9.16977248661459
681	mut_M2	mut	10.0592803955078	0.276900947093964	36.3280823019153
681	mut_M3	mut	12.1746673583984	1.05581337213516	11.5310789574276
682	ctrl_M1	ctrl	0.820420742034912	0.287871688604355	2.84995285924932
682	ctrl_M2	ctrl	3.22706317901611	0.577777437865734	5.5853049418763
682	ctrl_M3	ctrl	2.45253443717957	0.820950835943222	2.98743156082149
682	mut_M1	mut	2.56321859359741	0.829485476016998	3.09013077107198
682	mut_M2	mut	4.55105113983154	1.39811670035124	3.25512966026957
682	mut_M3	mut	3.69920206069946	0.516639731824398	7.1601191949302
683	ctrl_M1	ctrl	11.1776876449585	0.851598650217056	13.1255347129889
683	ctrl_M2	ctrl	11.7444515228271	1.21864348649979	9.63731530421568
683	ctrl_M3	ctrl	8.2699031829834	1.52753429114819	5.4138903662629
683	mut_M1	mut	21.2890453338623	0.444104462862015	47.9370218364072
683	mut_M2	mut	15.0498323440552	1.03923231363297	14.4816824367631
683	mut_M3	mut	15.7513446807861	0.657215163111687	23.9668004709583
684	ctrl_M1	ctrl	5.35060262680054	2.22516044974327	2.40459182501552
684	ctrl_M2	ctrl	6.07865142822266	2.25137761235237	2.69996974069193
684	ctrl_M3	ctrl	10.5160102844238	3.00936457514763	3.49442881439779
684	mut_M1	mut	6.5625958442688	3.11676973104477	2.10557609659183
684	mut_M2	mut	14.8330774307251	2.16035741567612	6.86602935379693
684	mut_M3	mut	4.61510801315308	2.31111198663712	1.99692097996017
685	ctrl_M1	ctrl	4.63504552841187	3.3593230843544	1.3797558055666
685	ctrl_M2	ctrl	4.75668144226074	6.66574063897133	0.713601338529548
685	ctrl_M3	ctrl	8.25328731536865	6.85616110265255	1.20377674792029
685	mut_M1	mut	9.80963230133057	5.08074924349785	1.93074521713201
685	mut_M2	mut	11.4821252822876	3.17886194586754	3.61202388710656
685	mut_M3	mut	7.34882307052612	3.21067473292351	2.28887186707779
686	ctrl_M1	ctrl	10.0713186264038	3.42963978648186	2.93655288992755
686	ctrl_M2	ctrl	2.99021911621094	4.34663778543472	0.687938416730042
686	ctrl_M3	ctrl	3.00576543807983	3.83210468292236	0.784364125404747
686	mut_M1	mut	11.2528762817383	3.96468536555767	2.83827725132873
686	mut_M2	mut	0	4.61801245808601	0
686	mut_M3	mut	7.3752269744873	3.58818942308426	2.05541739993979
687	ctrl_M1	ctrl	3.09853672981262	0	NA
687	ctrl_M2	ctrl	5.85360670089722	1.29331856966019	4.52603622820882
687	ctrl_M3	ctrl	4.6000828742981	1.47340697050095	3.12207215412732
687	mut_M1	mut	9.0224084854126	3.68819153308868	2.44629607884186
687	mut_M2	mut	8.2797384262085	1.58575999736786	5.22130614970217
687	mut_M3	mut	6.11659526824951	1.64786034822464	3.71184079697006
688	ctrl_M1	ctrl	0	3.48848582804203	0
688	ctrl_M2	ctrl	1.49272513389587	6.36020189523697	0.234697759361027
688	ctrl_M3	ctrl	3.75899171829224	6.68317285180092	0.562456156925419
688	mut_M1	mut	11.2654638290405	5.1382540166378	2.19246923031883
688	mut_M2	mut	6.04394674301147	4.75334376096725	1.27151475823024
688	mut_M3	mut	8.5248851776123	2.58889847993851	3.29286190388384
689	ctrl_M1	ctrl	1.12212610244751	1.69098019599915	0.663595058713554
689	ctrl_M2	ctrl	2.48773646354675	2.19764280319214	1.13200218886038
689	ctrl_M3	ctrl	1.27969431877136	0.720972716808319	1.77495526382254
689	mut_M1	mut	4.99408721923828	1.65139651298523	3.02415996398737
689	mut_M2	mut	9.58452606201172	1.22994321584702	7.79265736704049
689	mut_M3	mut	11.5049171447754	0.771017611026764	14.9217306845356
690	ctrl_M1	ctrl	2.87537097930908	0.705608412623405	4.07502366449777
690	ctrl_M2	ctrl	0	2.50699469447136	0
690	ctrl_M3	ctrl	4.09971714019775	1.49953919649124	2.73398464661054
690	mut_M1	mut	5.75508260726929	1.80978128314018	3.1799879139448
690	mut_M2	mut	2.11188101768494	1.72855296730995	1.22176239758018
690	mut_M3	mut	4.2421932220459	0.938017413020134	4.5225100975336
691	ctrl_M1	ctrl	4.20131635665894	1.00295028090477	4.1889577545847
691	ctrl_M2	ctrl	2.3582603931427	0.738860785961151	3.19175200247628
691	ctrl_M3	ctrl	3.1079638004303	0.724336311221123	4.29077453702512
691	mut_M1	mut	9.18471908569336	0.208921328186989	43.9625727320326
691	mut_M2	mut	6.67229890823364	0.903879627585411	7.38184455606967
691	mut_M3	mut	9.50031566619873	0	NA
692	ctrl_M1	ctrl	4.83901739120483	1.64020305871964	2.95025507084607
692	ctrl_M2	ctrl	9.04385280609131	4.11949127912521	2.19538098112245
692	ctrl_M3	ctrl	7.11405849456787	2.09017667174339	3.40356802883754
692	mut_M1	mut	9.87294387817383	1.07563734054565	9.17869202380557
692	mut_M2	mut	6.50297164916992	2.76699529588223	2.35019252069112
692	mut_M3	mut	9.40231227874756	2.74365133047104	3.4269340911964
693	ctrl_M1	ctrl	2.91058945655823	4.4969292730093	0.647239322625701
693	ctrl_M2	ctrl	7.12691640853882	5.30899888277054	1.34242190776646
693	ctrl_M3	ctrl	9.51155567169189	6.21573776006699	1.53023760635445
693	mut_M1	mut	10.1961574554443	5.23458170890808	1.94784569664712
693	mut_M2	mut	6.98129510879517	5.86681711673737	1.18996296797429
693	mut_M3	mut	13.8794403076172	5.43994832038879	2.5513919416472
694	ctrl_M1	ctrl	8.38287162780762	5.09525340795517	1.64523154328684
694	ctrl_M2	ctrl	9.44636058807373	6.65017294883728	1.42046840897955
694	ctrl_M3	ctrl	9.20994663238525	4.93009859323502	1.86810597358498
694	mut_M1	mut	8.18436717987061	4.85274091362953	1.6865452587596
694	mut_M2	mut	9.05326080322266	4.38826133310795	2.06306327631831
694	mut_M3	mut	15.4469575881958	7.43264281749725	2.07825910210995
695	ctrl_M1	ctrl	6.64116191864014	0.84541517496109	7.85550356243108
695	ctrl_M2	ctrl	4.47123575210571	1.52222537994385	2.9373020651322
695	ctrl_M3	ctrl	1.15284240245819	1.63146236538887	0.706631318573753
695	mut_M1	mut	6.88035488128662	1.18661242723465	5.79831689216419
695	mut_M2	mut	6.19530630111694	2.10900530219078	2.93754894531627
695	mut_M3	mut	7.6114354133606	1.23397445678711	6.16822769020555
696	ctrl_M1	ctrl	13.4829692840576	4.0297332406044	3.34587142101629
696	ctrl_M2	ctrl	16.4343738555908	7.31912961602211	2.24540002948093
696	ctrl_M3	ctrl	13.4696378707886	7.58612632751465	1.77556203116927
696	mut_M1	mut	35.7649307250977	7.88419151306152	4.53628386193396
696	mut_M2	mut	27.4196472167969	7.64801871776581	3.58519614408147
696	mut_M3	mut	26.6727657318115	6.17023923993111	4.32280900215294
697	ctrl_M1	ctrl	2.48673796653748	2.0033538043499	1.24128746561791
697	ctrl_M2	ctrl	6.19437170028687	1.50596830248833	4.11321519188142
697	ctrl_M3	ctrl	9.8984489440918	2.74302875995636	3.60858372635119
697	mut_M1	mut	15.0883741378784	2.30074465274811	6.55803942426041
697	mut_M2	mut	10.0515432357788	2.28526329994202	4.39841800112654
697	mut_M3	mut	8.39344692230225	1.61429393291473	5.19945392295889
698	ctrl_M1	ctrl	5.71537494659424	2.93268556147814	1.94885364515982
698	ctrl_M2	ctrl	6.72139167785645	3.48438599705696	1.92900318263636
698	ctrl_M3	ctrl	3.82180643081665	2.75429287552834	1.38758171462922
698	mut_M1	mut	14.0319290161133	3.39927536249161	4.12791772356686
698	mut_M2	mut	12.8168535232544	2.54372924566269	5.03860760539212
698	mut_M3	mut	11.8394575119019	2.75734075903893	4.29379556120895
699	ctrl_M1	ctrl	3.54759192466736	0.67765337228775	5.23511292018031
699	ctrl_M2	ctrl	3.16257262229919	0.339378863573074	9.31870826899105
699	ctrl_M3	ctrl	2.30721974372864	0	NA
699	mut_M1	mut	4.13495397567749	0.329066470265388	12.5657104242273
699	mut_M2	mut	3.29486680030823	0.71181084215641	4.62885166279081
699	mut_M3	mut	5.65115547180176	0.367298945784569	15.3857111125942
700	ctrl_M1	ctrl	1.76754152774811	2.20281040668488	0.802402931448001
700	ctrl_M2	ctrl	0.552198767662048	1.32745006680489	0.415984586893853
700	ctrl_M3	ctrl	0.507717072963715	1.01731273531914	0.499076690320249
700	mut_M1	mut	3.45954895019531	1.51544183492661	2.28286488498773
700	mut_M2	mut	3.17823052406311	1.58060783147812	2.01076475819493
700	mut_M3	mut	2.88435316085815	0.681302130222321	4.23358893640468
701	ctrl_M1	ctrl	6.44984340667725	3.76759082078934	1.71192778448429
701	ctrl_M2	ctrl	6.48201847076416	3.79159516096115	1.70957557323209
701	ctrl_M3	ctrl	5.94189310073853	3.25351405143738	1.82630011943961
701	mut_M1	mut	6.71178388595581	4.02614212036133	1.66705091010385
701	mut_M2	mut	6.63355112075806	4.23068150877953	1.56796277549896
701	mut_M3	mut	10.4982795715332	4.27776175737381	2.45415246733569
702	ctrl_M1	ctrl	3.37101650238037	17.4629461765289	0.193038246141489
702	ctrl_M2	ctrl	11.714319229126	21.6998401284218	0.539834356373111
702	ctrl_M3	ctrl	5.80887126922607	25.8297786712646	0.22489047789203
702	mut_M1	mut	10.3423337936401	20.8033255040646	0.497148102192577
702	mut_M2	mut	15.4915466308594	21.1903126239777	0.731067394132264
702	mut_M3	mut	10.4359979629517	20.4596828818321	0.510076232521603
703	ctrl_M1	ctrl	3.24211621284485	0	NA
703	ctrl_M2	ctrl	6.40387630462646	0.493329167366028	12.980939965131
703	ctrl_M3	ctrl	3.67539143562317	0.763072580099106	4.81656860890719
703	mut_M1	mut	11.8630123138428	1.23168680071831	9.63151696269245
703	mut_M2	mut	13.4355163574219	0	NA
703	mut_M3	mut	8.68765068054199	0.757829248905182	11.4638629916869
704	ctrl_M1	ctrl	1.88991606235504	0.482655078172684	3.91566596483394
704	ctrl_M2	ctrl	2.60588407516479	0.664757013320923	3.9200550320584
704	ctrl_M3	ctrl	2.99663329124451	1.48625610768795	2.01622942085407
704	mut_M1	mut	0	1.98585286736488	0
704	mut_M2	mut	3.65363121032715	2.31637062132359	1.57730856050982
704	mut_M3	mut	5.39156198501587	1.52337002754211	3.53923333631219
705	ctrl_M1	ctrl	4.9183988571167	1.35863488912582	3.62010345566888
705	ctrl_M2	ctrl	5.14414024353027	1.59453615546227	3.22610448556368
705	ctrl_M3	ctrl	6.23374462127686	1.23699304461479	5.03943385002467
705	mut_M1	mut	7.93821287155151	1.72239626944065	4.6088191273948
705	mut_M2	mut	9.01308631896973	1.15228863060474	7.82189989520202
705	mut_M3	mut	6.15934753417969	1.25568479299545	4.90517012592506
706	ctrl_M1	ctrl	8.07637405395508	0.615189462900162	13.1282711116035
706	ctrl_M2	ctrl	3.21900653839111	1.43490973114967	2.24335124956745
706	ctrl_M3	ctrl	6.16802787780762	1.57357811927795	3.91974685097798
706	mut_M1	mut	9.83317565917969	1.54152679443359	6.3788548435791
706	mut_M2	mut	8.75230503082275	0.608750820159912	14.3774837601428
706	mut_M3	mut	5.36511182785034	1.57441338896751	3.40768940701701
707	ctrl_M1	ctrl	0.731768071651459	0.592780262231827	1.23446767423791
707	ctrl_M2	ctrl	2.8265233039856	0.367954850196838	7.68171231463192
707	ctrl_M3	ctrl	1.42055094242096	0.681466713547707	2.08454927317813
707	mut_M1	mut	5.13786125183105	0.155285865068436	33.0864708746463
707	mut_M2	mut	4.55562543869019	0.397339284420013	11.4653285424317
707	mut_M3	mut	2.70593738555908	0.706069394946098	3.83239580263305
708	ctrl_M1	ctrl	3.44894528388977	8.80277344584465	0.391802118401428
708	ctrl_M2	ctrl	4.81965446472168	10.1601338684559	0.474369189138859
708	ctrl_M3	ctrl	6.82136106491089	9.83592063188553	0.693515261072541
708	mut_M1	mut	6.34930181503296	9.57145556807518	0.663358020091588
708	mut_M2	mut	6.83132934570312	9.35663545131683	0.730105322714235
708	mut_M3	mut	4.48596954345703	9.92962236702442	0.451776450064669
709	ctrl_M1	ctrl	7.43591165542603	3.75183561444283	1.98193962091548
709	ctrl_M2	ctrl	5.86851215362549	6.70056411623955	0.875823595121269
709	ctrl_M3	ctrl	4.66259002685547	6.50890302658081	0.716340373764144
709	mut_M1	mut	12.5466804504395	10.5286946296692	1.19166533855809
709	mut_M2	mut	7.8758282661438	6.09102481603622	1.293021864795
709	mut_M3	mut	8.61527824401855	4.11191865801811	2.09519666134908
710	ctrl_M1	ctrl	5.84751415252686	0	NA
710	ctrl_M2	ctrl	7.82545328140259	1.13230215013027	6.91109990429875
710	ctrl_M3	ctrl	6.72123384475708	1.83649775385857	3.65981054462792
710	mut_M1	mut	9.78954029083252	1.51544949412346	6.45982616299253
710	mut_M2	mut	10.5320119857788	0.783783420920372	13.4374008235737
710	mut_M3	mut	6.1531081199646	0.94786711037159	6.49153035550776
711	ctrl_M1	ctrl	0.698985159397125	1.00117543339729	0.698164513511139
711	ctrl_M2	ctrl	1.30255019664764	0.863254278898239	1.50888356824605
711	ctrl_M3	ctrl	2.56121420860291	1.09475421905518	2.3395335354938
711	mut_M1	mut	2.19930863380432	2.45771624147892	0.894858648320156
711	mut_M2	mut	0	1.04489651322365	0
711	mut_M3	mut	2.99626541137695	0.794254139065742	3.77242656223532
712	ctrl_M1	ctrl	0.725546717643738	0.903652802109718	0.802904296816029
712	ctrl_M2	ctrl	0.65675163269043	1.74964179098606	0.375363480727274
712	ctrl_M3	ctrl	3.69829845428467	1.28932781517506	2.86839267000731
712	mut_M1	mut	2.38014507293701	1.0079692453146	2.36132707818297
712	mut_M2	mut	0.607803583145142	1.38130009174347	0.440022835572229
712	mut_M3	mut	0.70912629365921	1.07984980940819	0.656689742852154
713	ctrl_M1	ctrl	0	1.08067034184933	0
713	ctrl_M2	ctrl	1.00470006465912	1.26471820473671	0.794406264491368
713	ctrl_M3	ctrl	2.12500524520874	1.16616423428059	1.82221781696098
713	mut_M1	mut	3.42653942108154	0.926774501800537	3.69727416369836
713	mut_M2	mut	1.02504622936249	1.14092941582203	0.898430889016874
713	mut_M3	mut	1.06278932094574	0.865738689899445	1.22760982424059
714	ctrl_M1	ctrl	6.75955295562744	3.19200778007507	2.11764927323218
714	ctrl_M2	ctrl	14.2070360183716	5.70974111557007	2.48821018865986
714	ctrl_M3	ctrl	11.472677230835	4.86823725700378	2.35663888696665
714	mut_M1	mut	16.1214923858643	4.30238953232765	3.74710199174883
714	mut_M2	mut	12.9073848724365	4.81184524297714	2.68241895170564
714	mut_M3	mut	17.1556911468506	3.71694529056549	4.61553501753063
715	ctrl_M1	ctrl	9.1840648651123	1.66685843467712	5.50980495646668
715	ctrl_M2	ctrl	12.3026809692383	3.35668121278286	3.66513237014805
715	ctrl_M3	ctrl	9.68127727508545	2.63844838738441	3.66930705234785
715	mut_M1	mut	16.9690494537354	2.72562968730927	6.22573548150892
715	mut_M2	mut	22.051290512085	2.09706073999405	10.5153322893964
715	mut_M3	mut	15.2362604141235	2.24452009797096	6.78820404767017
716	ctrl_M1	ctrl	10.893424987793	5.18457210063934	2.10112325112609
716	ctrl_M2	ctrl	7.00264072418213	4.27639496326447	1.63751028245448
716	ctrl_M3	ctrl	8.98396015167236	5.74811911582947	1.56293910592978
716	mut_M1	mut	18.056037902832	5.41594082117081	3.33386912801029
716	mut_M2	mut	14.7410898208618	5.44928854703903	2.70514025704725
716	mut_M3	mut	12.2123641967773	2.72036263346672	4.48924126751969
717	ctrl_M1	ctrl	1.86402082443237	0.94013786315918	1.98271008697452
717	ctrl_M2	ctrl	6.14438247680664	1.90674577653408	3.22244451904615
717	ctrl_M3	ctrl	1.7168025970459	2.60427758097649	0.659224120188515
717	mut_M1	mut	4.26262712478638	2.20232439041138	1.93551283514149
717	mut_M2	mut	4.36964559555054	2.65090525150299	1.64835977938973
717	mut_M3	mut	4.18275117874146	1.79914280772209	2.32485779382753
718	ctrl_M1	ctrl	7.97479200363159	1.22049568593502	6.53405996885775
718	ctrl_M2	ctrl	9.10647869110107	1.14246444404125	7.97090774999406
718	ctrl_M3	ctrl	5.3311562538147	1.81359422206879	2.93955295453764
718	mut_M1	mut	16.6800518035889	2.20617525279522	7.5606195756458
718	mut_M2	mut	13.7083711624146	2.42445462942123	5.65420816544091
718	mut_M3	mut	10.5884494781494	1.44112491607666	7.34735022622159
719	ctrl_M1	ctrl	5.95094966888428	0.861624896526337	6.90665937448614
719	ctrl_M2	ctrl	3.31783032417297	1.54029703140259	2.15401981340688
719	ctrl_M3	ctrl	5.16323089599609	2.25123684108257	2.29350852907738
719	mut_M1	mut	4.64882946014404	1.45030122995377	3.20542337283424
719	mut_M2	mut	5.55751800537109	1.39010368287563	3.99791617980218
719	mut_M3	mut	3.5537109375	1.36305001378059	2.60717574672358
720	ctrl_M1	ctrl	4.15274620056152	0.161289140582085	25.747215129143
720	ctrl_M2	ctrl	5.48257207870483	0.175275549292564	31.2797312621939
720	ctrl_M3	ctrl	3.67023587226868	0.499381214380264	7.34956735772183
720	mut_M1	mut	6.41623497009277	1.69128066301346	3.79371390592297
720	mut_M2	mut	6.56026363372803	1.281833127141	5.11787649642044
720	mut_M3	mut	5.81547784805298	0.588820546865463	9.87648593278748
721	ctrl_M1	ctrl	8.37948226928711	4.62328058481216	1.81245375779579
721	ctrl_M2	ctrl	3.27049040794373	4.02886688709259	0.811764324709139
721	ctrl_M3	ctrl	7.48074245452881	3.63225683569908	2.05953014693385
721	mut_M1	mut	14.1405258178711	4.08395433425903	3.46245933732671
721	mut_M2	mut	5.28558778762817	5.5128099322319	0.958782880709305
721	mut_M3	mut	6.49490785598755	5.38375777006149	1.20638931641855
722	ctrl_M1	ctrl	0.660666763782501	2.36115726828575	0.279806335925332
722	ctrl_M2	ctrl	0.748401701450348	2.44156521558762	0.306525378340234
722	ctrl_M3	ctrl	1.32184255123138	1.20386213064194	1.09800160465762
722	mut_M1	mut	7.26141500473022	2.40090182423592	3.0244531165039
722	mut_M2	mut	3.36060404777527	0	NA
722	mut_M3	mut	7.81041240692139	1.45541816949844	5.36643871198403
723	ctrl_M1	ctrl	3.61477780342102	1.26901538670063	2.84849012967387
723	ctrl_M2	ctrl	6.74122858047485	2.641148686409	2.55238510999563
723	ctrl_M3	ctrl	10.6936330795288	0.859957709908485	12.4350685578094
723	mut_M1	mut	10.0296058654785	2.64996786415577	3.78480282766514
723	mut_M2	mut	10.9392824172974	2.42014822363853	4.52008778241312
723	mut_M3	mut	9.8576545715332	3.11694547533989	3.16260090191609
724	ctrl_M1	ctrl	5.68191909790039	5.47178769111633	1.03840269737169
724	ctrl_M2	ctrl	5.60884428024292	5.26115417480469	1.06608627952842
724	ctrl_M3	ctrl	7.1498441696167	6.73440557718277	1.06168897724864
724	mut_M1	mut	9.55538654327393	7.28096210956573	1.31237965525463
724	mut_M2	mut	6.83809328079224	5.75690186023712	1.18780786033941
724	mut_M3	mut	7.64821529388428	4.70458751916885	1.62569306293519
725	ctrl_M1	ctrl	4.79877328872681	1.38706362247467	3.45966342925588
725	ctrl_M2	ctrl	6.97205066680908	0.62250243127346	11.2000376489234
725	ctrl_M3	ctrl	7.66715049743652	1.15665966272354	6.62870051107599
725	mut_M1	mut	19.0715255737305	1.33956375718117	14.2371167266144
725	mut_M2	mut	12.218563079834	1.47959427535534	8.25804971224262
725	mut_M3	mut	13.3894662857056	0.865459717810154	15.4709295073658
726	ctrl_M1	ctrl	0	10.1775635927916	0
726	ctrl_M2	ctrl	8.00658512115479	11.7511739730835	0.681343424877733
726	ctrl_M3	ctrl	8.61356449127197	11.769669175148	0.73184423139605
726	mut_M1	mut	9.36079692840576	7.11587552726269	1.31548070122112
726	mut_M2	mut	8.34396362304688	11.4891130328178	0.726249589434183
726	mut_M3	mut	11.745512008667	12.5920826494694	0.932769608938514
727	ctrl_M1	ctrl	2.09821009635925	1.97841176390648	1.06055278008266
727	ctrl_M2	ctrl	1.97208201885223	1.96975536644459	1.00118118851066
727	ctrl_M3	ctrl	1.51603436470032	2.17703971266747	0.69637423510422
727	mut_M1	mut	6.31854963302612	2.73684802651405	2.30869583250997
727	mut_M2	mut	4.07242155075073	2.8256221562624	1.44124774139567
727	mut_M3	mut	5.02480220794678	2.29494754970074	2.18950633908911
728	ctrl_M1	ctrl	3.35154056549072	11.8894667029381	0.281891580945553
728	ctrl_M2	ctrl	6.25186347961426	11.5088334679604	0.543223037940286
728	ctrl_M3	ctrl	6.57126903533936	11.882162079215	0.553036475309
728	mut_M1	mut	12.2862224578857	12.5810850262642	0.976563025544864
728	mut_M2	mut	9.8944616317749	13.6105515360832	0.726969925174853
728	mut_M3	mut	11.50865650177	12.2177815139294	0.941959592962856
729	ctrl_M1	ctrl	5.31163930892944	3.67134150862694	1.44678431479287
729	ctrl_M2	ctrl	3.14837098121643	4.31367570161819	0.729858060501715
729	ctrl_M3	ctrl	10.2172822952271	2.06435462832451	4.94938328668834
729	mut_M1	mut	4.23141860961914	1.80880814790726	2.33934075015904
729	mut_M2	mut	6.34825134277344	3.69798499345779	1.71667850302376
729	mut_M3	mut	7.34765148162842	1.48704159259796	4.94112035480566
730	ctrl_M1	ctrl	7.73543167114258	3.25881204009056	2.37369678765751
730	ctrl_M2	ctrl	8.82896327972412	3.20594942569733	2.75393092883982
730	ctrl_M3	ctrl	6.6989860534668	4.86546486616135	1.37684398875375
730	mut_M1	mut	16.3360824584961	5.05286251008511	3.23303522031138
730	mut_M2	mut	14.6450595855713	4.84651699662209	3.02176998363538
730	mut_M3	mut	14.2747201919556	2.24865770339966	6.34810721541752
731	ctrl_M1	ctrl	2.41973066329956	2.24845011532307	1.07617716168539
731	ctrl_M2	ctrl	2.58941769599915	3.9473871588707	0.655982702426369
731	ctrl_M3	ctrl	2.03506779670715	2.92316070199013	0.696187450563923
731	mut_M1	mut	9.08158493041992	2.95041170716286	3.07807378487962
731	mut_M2	mut	2.71907377243042	2.52872639894485	1.07527400891017
731	mut_M3	mut	5.73681497573853	2.74874336272478	2.08706824126779
732	ctrl_M1	ctrl	11.4783248901367	3.78273409605026	3.03439908771854
732	ctrl_M2	ctrl	13.0589246749878	3.28106687963009	3.98008487911715
732	ctrl_M3	ctrl	16.7157497406006	4.58999824523926	3.6417769348688
732	mut_M1	mut	21.8049068450928	5.27374537289143	4.13461502278367
732	mut_M2	mut	18.1672649383545	5.49916797876358	3.30363884291441
732	mut_M3	mut	13.6408710479736	3.39125603437424	4.02236543325184
733	ctrl_M1	ctrl	5.19298887252808	1.13371304422617	4.58051435411738
733	ctrl_M2	ctrl	7.80738878250122	2.27973993122578	3.4246839630972
733	ctrl_M3	ctrl	4.19495820999146	2.88730370998383	1.45289814697566
733	mut_M1	mut	12.5897626876831	1.95815241336823	6.42940896823624
733	mut_M2	mut	12.531774520874	2.83042046427727	4.4275310608574
733	mut_M3	mut	14.7805891036987	1.63353796303272	9.04820667666519
734	ctrl_M1	ctrl	4.52101612091064	3.3630998134613	1.34430030973645
734	ctrl_M2	ctrl	4.42259883880615	3.91079232096672	1.13087028812436
734	ctrl_M3	ctrl	4.06376171112061	4.44139368832111	0.914974441875416
734	mut_M1	mut	9.39413738250732	3.63796690106392	2.58224927218552
734	mut_M2	mut	12.9209413528442	3.56846243143082	3.62087078149886
734	mut_M3	mut	9.21732139587402	5.1163539737463	1.80154098859679
735	ctrl_M1	ctrl	2.5194046497345	5.94841194152832	0.423542396609336
735	ctrl_M2	ctrl	3.68520975112915	8.61862508952618	0.427586733713202
735	ctrl_M3	ctrl	3.59077763557434	7.79190096259117	0.46083460927104
735	mut_M1	mut	3.36409258842468	7.8246993124485	0.429932506553021
735	mut_M2	mut	6.87901020050049	8.24096170067787	0.834733912176129
735	mut_M3	mut	6.69797849655151	6.40471629798412	1.04578847601098
736	ctrl_M1	ctrl	4.42923259735107	3.64385402202606	1.21553513685719
736	ctrl_M2	ctrl	10.157078742981	4.89203226566315	2.07624933594016
736	ctrl_M3	ctrl	6.60661458969116	5.28542041778564	1.24996955161025
736	mut_M1	mut	10.9767808914185	3.72677956521511	2.94537970366511
736	mut_M2	mut	14.0306720733643	5.15650956332684	2.72096306640263
736	mut_M3	mut	11.660436630249	5.67028647661209	2.05641049677898
737	ctrl_M1	ctrl	2.7437596321106	0.361569061875343	7.58848010357853
737	ctrl_M2	ctrl	1.0780029296875	0.65017731487751	1.65801375258777
737	ctrl_M3	ctrl	0.550236761569977	1.30075774341822	0.423012482035301
737	mut_M1	mut	3.19202995300293	0.397103868424892	8.03827463495653
737	mut_M2	mut	4.82995700836182	0.372428044676781	12.9688327111713
737	mut_M3	mut	4.97842454910278	0.411900736391544	12.0864667364187
738	ctrl_M1	ctrl	2.74418449401855	0.217739149928093	12.6030826102003
738	ctrl_M2	ctrl	1.02682459354401	0.192378476262093	5.3375232692096
738	ctrl_M3	ctrl	0.528119683265686	1.58142367005348	0.333952054257431
738	mut_M1	mut	1.63057768344879	1.18430995941162	1.37681666061382
738	mut_M2	mut	2.33434557914734	1.29785047471523	1.79862443680928
738	mut_M3	mut	3.03034973144531	1.18960410356522	2.54735985052794
739	ctrl_M1	ctrl	4.20328807830811	0.549237117171288	7.65295706880868
739	ctrl_M2	ctrl	3.34931349754333	0.145611688494682	23.0016802371305
739	ctrl_M3	ctrl	2.26687741279602	0.754893958568573	3.002908404638
739	mut_M1	mut	7.38358640670776	1.06257531791925	6.94876521427806
739	mut_M2	mut	4.10975074768066	0.138048052787781	29.7704361973039
739	mut_M3	mut	6.64386796951294	0.396985806524754	16.7357821370842
740	ctrl_M1	ctrl	0.575663447380066	0.616225808858871	0.93417613982459
740	ctrl_M2	ctrl	0.980072677135468	2.36299170553684	0.414759254058747
740	ctrl_M3	ctrl	1.63243758678436	1.03263962268829	1.58083957938259
740	mut_M1	mut	2.44733428955078	0.747403502464294	3.27444851607141
740	mut_M2	mut	2.6081657409668	4.19435209035873	0.621828040369335
740	mut_M3	mut	4.70523691177368	1.80803126096725	2.60240904753853
741	ctrl_M1	ctrl	0.834449052810669	0.989226311445236	0.843537058361861
741	ctrl_M2	ctrl	1.52013742923737	0.224880069494247	6.75976947470773
741	ctrl_M3	ctrl	1.59144055843353	0.188624456524849	8.43708492394718
741	mut_M1	mut	4.39450263977051	0.498654618859291	8.81271820929535
741	mut_M2	mut	3.88591527938843	0	NA
741	mut_M3	mut	6.26969432830811	0.628798633813858	9.97090959037311
742	ctrl_M1	ctrl	1.81796872615814	0.608386740088463	2.98817940360403
742	ctrl_M2	ctrl	1.17518067359924	0.490340888500214	2.39666057055475
742	ctrl_M3	ctrl	0.583468019962311	1.01880732178688	0.572697120922698
742	mut_M1	mut	5.83845663070679	0.905370600521564	6.44869253247607
742	mut_M2	mut	2.47399020195007	1.23618887364864	2.00130437563964
742	mut_M3	mut	3.91571474075317	0.782108396291733	5.00661386493104
743	ctrl_M1	ctrl	9.66901206970215	4.50647562742233	2.145581795864
743	ctrl_M2	ctrl	8.45210933685303	4.41594558954239	1.91399761737755
743	ctrl_M3	ctrl	7.10301160812378	6.1709688603878	1.15103669599094
743	mut_M1	mut	14.1877937316895	6.78608846664429	2.09071747316983
743	mut_M2	mut	13.7626876831055	6.93631649017334	1.98414932516459
743	mut_M3	mut	10.5039024353027	5.96047648787498	1.76225884904842
744	ctrl_M1	ctrl	10.0132904052734	4.26417535543442	2.34823607629366
744	ctrl_M2	ctrl	15.3774576187134	7.00558704137802	2.19502770116016
744	ctrl_M3	ctrl	12.1468439102173	6.60430884361267	1.8392301447206
744	mut_M1	mut	16.1189651489258	4.63712903857231	3.4760656895346
744	mut_M2	mut	11.9903507232666	3.04901340603828	3.93253460267536
744	mut_M3	mut	13.2479724884033	4.51021933555603	2.93732333236297
745	ctrl_M1	ctrl	3.14952111244202	0	NA
745	ctrl_M2	ctrl	3.37642812728882	0.722501084208488	4.67324991074269
745	ctrl_M3	ctrl	1.89711248874664	0.963772878050804	1.96842278087705
745	mut_M1	mut	6.71464872360229	0.478697866201401	14.0269033929165
745	mut_M2	mut	3.10547852516174	0.485336810350418	6.39860496655829
745	mut_M3	mut	4.84173965454102	1.26596881449223	3.8245331157569
746	ctrl_M1	ctrl	10.6329145431519	4.22348356246948	2.51756977051777
746	ctrl_M2	ctrl	7.29324865341187	3.60370641946793	2.0238187589345
746	ctrl_M3	ctrl	9.32011032104492	2.74823617935181	3.39130617341743
746	mut_M1	mut	18.3310642242432	4.006019115448	4.57588036800797
746	mut_M2	mut	22.8088855743408	2.93192797899246	7.77948358137329
746	mut_M3	mut	12.3313283920288	2.25035756826401	5.47971956365208
747	ctrl_M1	ctrl	3.51746797561646	1.27818574011326	2.75192240472404
747	ctrl_M2	ctrl	3.94581151008606	1.96187402307987	2.01124611655323
747	ctrl_M3	ctrl	2.05040073394775	0.771874338388443	2.65639189175363
747	mut_M1	mut	5.22098112106323	2.40717451274395	2.16892505857908
747	mut_M2	mut	8.45677852630615	1.52952590584755	5.52901947850307
747	mut_M3	mut	3.33804273605347	2.4053975045681	1.38773019000568
748	ctrl_M1	ctrl	4.89505004882812	1.45373976230621	3.36721205249461
748	ctrl_M2	ctrl	7.01290369033813	2.3981441706419	2.92430445850177
748	ctrl_M3	ctrl	6.10504198074341	1.78529177606106	3.41963261277837
748	mut_M1	mut	7.12422847747803	3.22308821976185	2.21037340330834
748	mut_M2	mut	6.63578367233276	2.08304941654205	3.18561029788167
748	mut_M3	mut	6.40722513198853	1.24232533574104	5.15744543531074
749	ctrl_M1	ctrl	3.58848214149475	2.87590771913528	1.24777374378818
749	ctrl_M2	ctrl	7.06216955184937	2.96482184529305	2.38198782940745
749	ctrl_M3	ctrl	3.73983025550842	2.83278207480907	1.32019695011678
749	mut_M1	mut	8.41814708709717	3.25557601451874	2.58576271896437
749	mut_M2	mut	7.69911050796509	2.75122809410095	2.79842682781306
749	mut_M3	mut	14.4817066192627	0.827285528182983	17.5050887824301
750	ctrl_M1	ctrl	1.82426774501801	0.166868284344673	10.9323815018671
750	ctrl_M2	ctrl	1.76098442077637	1.15829336643219	1.52032677714507
750	ctrl_M3	ctrl	1.83982169628143	0.733078375458717	2.50972032169163
750	mut_M1	mut	0.962585926055908	1.31241911649704	0.733443999676821
750	mut_M2	mut	4.50496387481689	0.867881685495377	5.19075808385738
750	mut_M3	mut	0.820095896720886	1.10804542899132	0.740128405626329
751	ctrl_M1	ctrl	4.42825698852539	1.23461703956127	3.58674540090504
751	ctrl_M2	ctrl	7.22994804382324	1.63707041740417	4.41639404570478
751	ctrl_M3	ctrl	7.90330171585083	0.96056804060936	8.22773752792897
751	mut_M1	mut	8.91411972045898	0.791299164295197	11.2651701438339
751	mut_M2	mut	5.62092304229736	1.90364444255829	2.95271686068826
751	mut_M3	mut	7.65189599990845	1.11335128545761	6.87284965657839
752	ctrl_M1	ctrl	10.9969787597656	17.9100080132484	0.614013056366636
752	ctrl_M2	ctrl	8.1110782623291	21.8921691179276	0.370501352270613
752	ctrl_M3	ctrl	11.4546794891357	26.179541349411	0.437543169158441
752	mut_M1	mut	12.1196632385254	19.7727210521698	0.612948678462007
752	mut_M2	mut	17.2639484405518	22.2390748858452	0.776288965668261
752	mut_M3	mut	15.7846918106079	17.8211630582809	0.885727365772194
753	ctrl_M1	ctrl	1.03424096107483	8.83908629417419	0.117007677790915
753	ctrl_M2	ctrl	3.7326991558075	11.7901368141174	0.316595067102019
753	ctrl_M3	ctrl	3.30982303619385	13.4316067695618	0.246420483638223
753	mut_M1	mut	10.8311614990234	12.2138858437538	0.88679079185618
753	mut_M2	mut	14.5245885848999	8.28288201987743	1.75356700120121
753	mut_M3	mut	9.98944664001465	6.65899592638016	1.50014307719286
754	ctrl_M1	ctrl	4.04081678390503	0.62445741891861	6.47092445615047
754	ctrl_M2	ctrl	6.53563642501831	1.06425079703331	6.14106791673256
754	ctrl_M3	ctrl	4.51157474517822	0.287027388811111	15.7182726145595
754	mut_M1	mut	3.63595199584961	2.02030375599861	1.79970560617624
754	mut_M2	mut	4.64673566818237	1.93045222759247	2.40707104882749
754	mut_M3	mut	5.90864944458008	1.10336461663246	5.3551195638425
755	ctrl_M1	ctrl	15.7056856155396	2.5222242474556	6.22691881238686
755	ctrl_M2	ctrl	11.5629196166992	3.65260162949562	3.16566677387589
755	ctrl_M3	ctrl	10.4832153320312	3.05256217718124	3.4342348242392
755	mut_M1	mut	19.1139297485352	3.37633952498436	5.66113970680235
755	mut_M2	mut	21.5843772888184	2.09934833645821	10.2814654023701
755	mut_M3	mut	21.7342548370361	2.64885753393173	8.20514299414801
756	ctrl_M1	ctrl	4.29781055450439	0.91708916425705	4.68636063101468
756	ctrl_M2	ctrl	7.98098468780518	1.375812754035	5.80092360998869
756	ctrl_M3	ctrl	6.16878032684326	0.940401256084442	6.55973212172033
756	mut_M1	mut	7.63343954086304	1.61266304552555	4.73343737989319
756	mut_M2	mut	9.42836952209473	1.16710959374905	8.07839261419183
756	mut_M3	mut	8.0681734085083	0.849235534667969	9.50051320175005
757	ctrl_M1	ctrl	3.01328897476196	2.84078486263752	1.06072410283272
757	ctrl_M2	ctrl	6.36573648452759	3.58412000536919	1.77609468293232
757	ctrl_M3	ctrl	6.88221454620361	3.21738897264004	2.13906823350501
757	mut_M1	mut	5.00241899490356	3.03244316577911	1.64963322358535
757	mut_M2	mut	8.18318176269531	3.49742265045643	2.33977490871095
757	mut_M3	mut	12.6592931747437	2.09415459632874	6.04506142809928
758	ctrl_M1	ctrl	4.77718257904053	2.75669591128826	1.73293781134099
758	ctrl_M2	ctrl	7.91290855407715	5.92035156488419	1.33656058552529
758	ctrl_M3	ctrl	6.62348318099976	8.72207003831863	0.759393487085157
758	mut_M1	mut	10.7278518676758	8.00607585906982	1.33996380455508
758	mut_M2	mut	13.5405473709106	5.53162959218025	2.44784057668144
758	mut_M3	mut	8.70933532714844	6.193882137537	1.40611899512374
759	ctrl_M1	ctrl	6.34758138656616	2.70334401726723	2.34804795320976
759	ctrl_M2	ctrl	8.14842700958252	4.57095140218735	1.78265448319648
759	ctrl_M3	ctrl	10.9376258850098	3.79760527610779	2.88013763668979
759	mut_M1	mut	8.20455741882324	3.91367250680923	2.09638323200229
759	mut_M2	mut	12.1939582824707	3.57503935694695	3.41085987173138
759	mut_M3	mut	8.30877876281738	4.60846473276615	1.80293855863581
760	ctrl_M1	ctrl	2.34234809875488	2.13528633117676	1.09697142933707
760	ctrl_M2	ctrl	6.12935304641724	3.87794747948647	1.58056628637707
760	ctrl_M3	ctrl	5.30765295028687	2.73305204510689	1.94202410444009
760	mut_M1	mut	6.59088659286499	3.47201925516129	1.89828630214749
760	mut_M2	mut	8.54756927490234	2.12710961699486	4.01839623431264
760	mut_M3	mut	8.81039714813232	2.94493390619755	2.99171303287691
761	ctrl_M1	ctrl	3.39885759353638	2.44426211714745	1.39054546142661
761	ctrl_M2	ctrl	7.27510976791382	1.33621650934219	5.44455910928333
761	ctrl_M3	ctrl	6.87471008300781	2.18898177146912	3.14059722772105
761	mut_M1	mut	6.98174953460693	1.55147169530392	4.50008179700583
761	mut_M2	mut	4.84626913070679	2.20811688899994	2.19475207804858
761	mut_M3	mut	3.77778100967407	2.13833802938461	1.76669027897393
762	ctrl_M1	ctrl	4.10427236557007	0.713875815272331	5.74928058601391
762	ctrl_M2	ctrl	8.49720573425293	1.23819470405579	6.86257638352013
762	ctrl_M3	ctrl	4.22964096069336	1.46821135282516	2.8808120524028
762	mut_M1	mut	6.46668434143066	1.2540857642889	5.15649290150218
762	mut_M2	mut	12.4074764251709	0.643547594547272	19.2798116725142
762	mut_M3	mut	8.41280937194824	1.13808773458004	7.39205697094399
763	ctrl_M1	ctrl	5.19831514358521	0.337062865495682	15.4223905262913
763	ctrl_M2	ctrl	7.65180826187134	1.29659980535507	5.90144177892723
763	ctrl_M3	ctrl	5.74877548217773	1.92013072967529	2.9939500437816
763	mut_M1	mut	10.2543144226074	0.35864919424057	28.59148880655
763	mut_M2	mut	15.5450582504272	1.3310010433197	11.6792231895294
763	mut_M3	mut	11.9282608032227	1.0622336268425	11.2294136636208
764	ctrl_M1	ctrl	4.55660009384155	0.462738424539566	9.84703204272578
764	ctrl_M2	ctrl	2.05750131607056	1.67465662956238	1.22861085654808
764	ctrl_M3	ctrl	3.46368622779846	1.16819934546947	2.9649787437661
764	mut_M1	mut	5.41869068145752	1.45259886980057	3.73034207454772
764	mut_M2	mut	6.14875078201294	1.18243306875229	5.20008357724733
764	mut_M3	mut	6.12883377075195	1.81219583749771	3.38199307378096
765	ctrl_M1	ctrl	1.22322618961334	0.391008675098419	3.12838631855278
765	ctrl_M2	ctrl	4.32144737243652	0.59115120023489	7.31022346012226
765	ctrl_M3	ctrl	4.63018226623535	1.52222898602486	3.04171206089472
765	mut_M1	mut	3.44112205505371	0.578442871570587	5.94894020512412
765	mut_M2	mut	5.5181097984314	1.43051110208035	3.85743933787483
765	mut_M3	mut	5.58805465698242	1.56356933712959	3.57390908371291
766	ctrl_M1	ctrl	1.23286712169647	13.5970465540886	0.0906716849715979
766	ctrl_M2	ctrl	4.8634877204895	12.9878085851669	0.374465614318029
766	ctrl_M3	ctrl	4.73297929763794	16.5288290381432	0.286346920687229
766	mut_M1	mut	11.1554250717163	11.5941095650196	0.962163157865366
766	mut_M2	mut	14.800145149231	12.3527086079121	1.19812954543033
766	mut_M3	mut	10.0712442398071	11.7404915690422	0.857821342537597
767	ctrl_M1	ctrl	3.23952579498291	2.76077108085155	1.1734134052084
767	ctrl_M2	ctrl	2.03013634681702	0.52805083990097	3.84458501609001
767	ctrl_M3	ctrl	6.23530149459839	3.43703001737595	1.81415392448589
767	mut_M1	mut	8.43559074401855	3.26001067459583	2.58759604983943
767	mut_M2	mut	6.48552846908569	3.13295388221741	2.07010020348446
767	mut_M3	mut	9.90946388244629	4.83063250780106	2.05138020051067
768	ctrl_M1	ctrl	2.67348289489746	2.26064562797546	1.18261918710882
768	ctrl_M2	ctrl	3.44947719573975	9.5779113471508	0.360149209019969
768	ctrl_M3	ctrl	5.3765230178833	0.37658828496933	14.2769258430893
768	mut_M1	mut	2.27741718292236	0.35466206073761	6.42137244165868
768	mut_M2	mut	6.44630908966064	0.668058156967163	9.64932322498009
768	mut_M3	mut	3.11079812049866	0	NA
769	ctrl_M1	ctrl	2.78019332885742	0.368658244609833	7.54138384128591
769	ctrl_M2	ctrl	4.40767240524292	0.506350576877594	8.7047840103645
769	ctrl_M3	ctrl	6.49610614776611	0.906794883310795	7.16380988393782
769	mut_M1	mut	5.18508386611938	1.33475312590599	3.88467632364592
769	mut_M2	mut	8.70642185211182	0.272186726331711	31.9869450264867
769	mut_M3	mut	7.00916528701782	0.366231545805931	19.1386169959593
770	ctrl_M1	ctrl	5.98940181732178	5.14528095722198	1.16405729193757
770	ctrl_M2	ctrl	11.3051929473877	8.22271984815598	1.37487268886134
770	ctrl_M3	ctrl	8.58907985687256	6.40310853719711	1.341392201456
770	mut_M1	mut	13.5548868179321	10.168154835701	1.33307242434391
770	mut_M2	mut	14.3654184341431	8.55584812164307	1.67901746617077
770	mut_M3	mut	11.1378040313721	5.10826796293259	2.18034842968144
771	ctrl_M1	ctrl	4.68221044540405	2.04995447397232	2.28405581921585
771	ctrl_M2	ctrl	6.96579599380493	2.21497924625874	3.14485835728289
771	ctrl_M3	ctrl	5.21021556854248	1.91034612059593	2.72736731442005
771	mut_M1	mut	10.2716045379639	2.88350349664688	3.56219597094588
771	mut_M2	mut	13.2629795074463	1.15685479342937	11.4646882070044
771	mut_M3	mut	11.9798784255981	1.57398325204849	7.61118544940468
772	ctrl_M1	ctrl	4.34252548217773	0.761849418282509	5.69997873328747
772	ctrl_M2	ctrl	4.15813398361206	2.25877723097801	1.84087829759629
772	ctrl_M3	ctrl	5.84886169433594	3.50779613852501	1.66738928471348
772	mut_M1	mut	6.74229717254639	1.87223769724369	3.60119721041425
772	mut_M2	mut	5.70090818405151	2.22407585382462	2.56327057112193
772	mut_M3	mut	6.97282600402832	1.33608651161194	5.21884319872062
773	ctrl_M1	ctrl	3.38910531997681	4.19004294276237	0.808847395187427
773	ctrl_M2	ctrl	9.57643985748291	5.65558865666389	1.69327022151781
773	ctrl_M3	ctrl	7.71359729766846	4.64798808097839	1.65955616995575
773	mut_M1	mut	10.7817897796631	5.02866441011429	2.14406627691786
773	mut_M2	mut	16.0309085845947	4.8774362206459	3.28674899258279
773	mut_M3	mut	9.08215141296387	6.31264486908913	1.4387236414068
774	ctrl_M1	ctrl	4.09373092651367	0.214426562190056	19.0915289817743
774	ctrl_M2	ctrl	3.63874292373657	0.819600865244865	4.43965236987574
774	ctrl_M3	ctrl	2.25067043304443	0.639379054307938	3.52008783816128
774	mut_M1	mut	2.89872598648071	0	NA
774	mut_M2	mut	3.03750395774841	0.791267521679401	3.83878255397309
774	mut_M3	mut	1.66784167289734	0.59886409342289	2.78500863754339
775	ctrl_M1	ctrl	7.40816736221313	1.25623172521591	5.89713443269384
775	ctrl_M2	ctrl	5.45893907546997	0.259435623884201	21.0415940330021
775	ctrl_M3	ctrl	6.6613187789917	1.71009492874146	3.89529181511233
775	mut_M1	mut	6.2730016708374	0.962647974491119	6.51640250336939
775	mut_M2	mut	3.60548877716064	0.843954980373383	4.27213401307912
775	mut_M3	mut	6.30038261413574	0.262981414794922	23.9575204166002
776	ctrl_M1	ctrl	4.56674671173096	1.01715460419655	4.4897272183497
776	ctrl_M2	ctrl	1.34646344184875	0.775295168161392	1.73671073565683
776	ctrl_M3	ctrl	0.807265520095825	1.85844132304192	0.43437772830755
776	mut_M1	mut	1.61162924766541	0.189157977700233	8.52001732762983
776	mut_M2	mut	0	1.15252123773098	0
776	mut_M3	mut	2.5547468662262	0.642839103937149	3.97416219794242
777	ctrl_M1	ctrl	9.37038421630859	2.05914035439491	4.5506291964552
777	ctrl_M2	ctrl	4.64207124710083	4.32678520679474	1.07286842892293
777	ctrl_M3	ctrl	7.17491388320923	3.6991058588028	1.9396346460686
777	mut_M1	mut	4.61736965179443	3.89585837721825	1.18519956443883
777	mut_M2	mut	6.791344165802	4.05265986919403	1.67577452463402
777	mut_M3	mut	8.06757259368896	4.22880446910858	1.90776675834094
778	ctrl_M1	ctrl	2.03822493553162	0.767424434423447	2.65592916267111
778	ctrl_M2	ctrl	3.78609991073608	1.79896622896194	2.10459754595881
778	ctrl_M3	ctrl	4.31611490249634	0.953501626849174	4.52659416718443
778	mut_M1	mut	3.33905410766602	0.676108852028847	4.9386339161901
778	mut_M2	mut	5.43261814117432	1.30853895843029	4.15166709877039
778	mut_M3	mut	1.70940184593201	0.816925793886185	2.09248117604445
779	ctrl_M1	ctrl	3.43109440803528	1.2073255777359	2.8418965615469
779	ctrl_M2	ctrl	5.15092658996582	2.94246244430542	1.75054964590439
779	ctrl_M3	ctrl	3.55137515068054	1.17700660228729	3.01729416281872
779	mut_M1	mut	8.93046188354492	1.89717796444893	4.7072346669064
779	mut_M2	mut	1.76542043685913	0.804690182209015	2.19391323007414
779	mut_M3	mut	2.53729772567749	1.42601823806763	1.7792884115674
780	ctrl_M1	ctrl	0.807983994483948	0.399349868297577	2.02324843107717
780	ctrl_M2	ctrl	11.0142545700073	3.67135551571846	3.00005121346901
780	ctrl_M3	ctrl	2.52194213867188	3.03660082817078	0.830514868887483
780	mut_M1	mut	2.70646667480469	1.30663752555847	2.07132171077661
780	mut_M2	mut	3.99034309387207	2.4724352657795	1.61393228332472
780	mut_M3	mut	6.04716110229492	3.52549394965172	1.71526633959826
781	ctrl_M1	ctrl	1.65140354633331	1.23247869312763	1.33990433712293
781	ctrl_M2	ctrl	6.24248456954956	3.89094766974449	1.604360967918
781	ctrl_M3	ctrl	0.859077155590057	2.7881895005703	0.308112901011334
781	mut_M1	mut	1.61982107162476	1.69073483347893	0.958057431331052
781	mut_M2	mut	3.17455196380615	1.52871277928352	2.07661766606936
781	mut_M3	mut	4.29390239715576	2.13868375122547	2.00773134162325
782	ctrl_M1	ctrl	3.48953151702881	1.16588862240314	2.99302304694949
782	ctrl_M2	ctrl	6.36483430862427	1.90614561736584	3.3391123168334
782	ctrl_M3	ctrl	3.71201539039612	2.46550458669662	1.50558040347011
782	mut_M1	mut	2.38121891021729	0.959351420402527	2.48211328984969
782	mut_M2	mut	5.86798572540283	1.31203174591064	4.47244187779163
782	mut_M3	mut	7.47900772094727	0.903454199433327	8.27823671154368
783	ctrl_M1	ctrl	1.21145749092102	1.31745234876871	0.919545585123626
783	ctrl_M2	ctrl	3.42295742034912	1.2637260556221	2.70862296865762
783	ctrl_M3	ctrl	1.714639544487	1.29484266042709	1.32420686844025
783	mut_M1	mut	1.20812952518463	0.907945185899734	1.33061945142363
783	mut_M2	mut	3.07233357429504	1.48805680125952	2.06466149121093
783	mut_M3	mut	0.496629506349564	0.807749167084694	0.614831344415972
784	ctrl_M1	ctrl	2.5107147693634	0.807793796062469	3.10811345865949
784	ctrl_M2	ctrl	3.93378758430481	1.70793406665325	2.30324323468363
784	ctrl_M3	ctrl	3.17465472221375	2.64811307191849	1.19883654360491
784	mut_M1	mut	3.51212573051453	2.40279722213745	1.46168211705782
784	mut_M2	mut	5.16220903396606	1.02124206721783	5.05483391222758
784	mut_M3	mut	5.77297973632812	1.98943561315536	2.90181783122492
785	ctrl_M1	ctrl	3.84777522087097	4.91701862215996	0.782542332365769
785	ctrl_M2	ctrl	3.30109357833862	9.06772130727768	0.364048857091494
785	ctrl_M3	ctrl	2.74198985099792	9.30599874258041	0.294647563023162
785	mut_M1	mut	11.4384174346924	8.38169239461422	1.36469067297701
785	mut_M2	mut	3.16668725013733	5.88183903694153	0.538383867740788
785	mut_M3	mut	4.75232124328613	7.8406475186348	0.606113363978081
786	ctrl_M1	ctrl	5.96512699127197	0.987607538700104	6.03997717466122
786	ctrl_M2	ctrl	7.66363382339478	3.70610961318016	2.06783787401763
786	ctrl_M3	ctrl	2.74559378623962	2.07447165250778	1.32351472863972
786	mut_M1	mut	3.17896103858948	1.34907335042953	2.35640340651405
786	mut_M2	mut	3.8631055355072	2.72808629274368	1.41604961169392
786	mut_M3	mut	6.28313636779785	2.85105723142624	2.20379173681291
787	ctrl_M1	ctrl	0	1.8570120036602	0
787	ctrl_M2	ctrl	7.55006265640259	3.91046485304832	1.93073277477922
787	ctrl_M3	ctrl	1.66867864131927	3.40409657359123	0.490197209522426
787	mut_M1	mut	1.90530681610107	3.93829874694347	0.483789305618267
787	mut_M2	mut	0	4.64106945693493	0
787	mut_M3	mut	2.06818294525146	2.37878479063511	0.869428354088006
788	ctrl_M1	ctrl	5.45578479766846	1.30175021290779	4.1911149647378
788	ctrl_M2	ctrl	11.1300392150879	1.77074557542801	6.28551010915142
788	ctrl_M3	ctrl	9.29243564605713	1.96882849931717	4.71977912209212
788	mut_M1	mut	11.4123678207397	2.63270565867424	4.33484380722101
788	mut_M2	mut	12.5714645385742	2.89801876246929	4.33795139678894
788	mut_M3	mut	3.31294584274292	1.73564746975899	1.90876655568942
789	ctrl_M1	ctrl	3.53834009170532	0	NA
789	ctrl_M2	ctrl	2.62242889404297	1.10036686062813	2.38323143660106
789	ctrl_M3	ctrl	5.83427143096924	0.668097913265228	8.73265926315368
789	mut_M1	mut	4.53322982788086	1.29013025760651	3.51377684629385
789	mut_M2	mut	2.11453366279602	0.551362097263336	3.83510885730344
789	mut_M3	mut	4.82318353652954	1.22100478410721	3.95017578907869
790	ctrl_M1	ctrl	1.67935371398926	0.513828918337822	3.26831296187411
790	ctrl_M2	ctrl	0.73892879486084	1.37503662705421	0.537388445021913
790	ctrl_M3	ctrl	2.97634673118591	0.856756046414375	3.47397225107692
790	mut_M1	mut	1.69894778728485	2.33942732214928	0.726223794686639
790	mut_M2	mut	0.784962594509125	1.670957878232	0.469768032297543
790	mut_M3	mut	2.18180084228516	1.05246137082577	2.0730460069744
791	ctrl_M1	ctrl	4.45095252990723	1.04908087849617	4.24271628731576
791	ctrl_M2	ctrl	9.57466411590576	1.37329176068306	6.97205385630759
791	ctrl_M3	ctrl	14.2569913864136	2.30211246013641	6.19300387504473
791	mut_M1	mut	9.14126586914062	1.53020831942558	5.97387019342054
791	mut_M2	mut	6.82921695709229	1.96231040358543	3.48019199440327
791	mut_M3	mut	5.96791934967041	1.71544839441776	3.47892677453347
792	ctrl_M1	ctrl	0.672409951686859	0.323288291692734	2.07990814689307
792	ctrl_M2	ctrl	3.30719780921936	1.56748841702938	2.10987065249706
792	ctrl_M3	ctrl	1.11766946315765	0.862875863909721	1.29528418849666
792	mut_M1	mut	3.34162783622742	1.57203932106495	2.1256642829797
792	mut_M2	mut	3.22243738174438	0.460788801312447	6.99330663541745
792	mut_M3	mut	1.94868791103363	1.17851157486439	1.65351614069456
793	ctrl_M1	ctrl	2.24680662155151	8.25856298208237	0.27205781761623
793	ctrl_M2	ctrl	5.32055282592773	9.88482734560966	0.538254502572658
793	ctrl_M3	ctrl	10.7267637252808	9.96199685335159	1.07676843138852
793	mut_M1	mut	5.04712963104248	12.65457226336	0.398838421876645
793	mut_M2	mut	5.40510845184326	8.34571380913258	0.647650827174129
793	mut_M3	mut	5.16340494155884	8.30153006315231	0.621982321605682
794	ctrl_M1	ctrl	4.9116473197937	1.31514537334442	3.73468014969581
794	ctrl_M2	ctrl	4.85100936889648	1.18718159198761	4.08615615474192
794	ctrl_M3	ctrl	2.37687253952026	1.27985227108002	1.85714601069896
794	mut_M1	mut	6.75629138946533	1.80160701274872	3.75014714177718
794	mut_M2	mut	6.311767578125	1.75049206614494	3.60571047432692
794	mut_M3	mut	3.96686053276062	0.389685526490211	10.1796455426226
795	ctrl_M1	ctrl	1.26014924049377	0	NA
795	ctrl_M2	ctrl	3.79034519195557	0	NA
795	ctrl_M3	ctrl	12.2076063156128	1.12394881248474	10.8613543428416
795	mut_M1	mut	3.90000510215759	0.299775093793869	13.0097702674369
795	mut_M2	mut	2.63972139358521	1.36783979833126	1.92984689932667
795	mut_M3	mut	4.15253782272339	0.734874576330185	5.65067557985245
796	ctrl_M1	ctrl	1.76794838905334	1.5479776263237	1.14210202976386
796	ctrl_M2	ctrl	3.01358604431152	2.59759640693665	1.16014406097268
796	ctrl_M3	ctrl	11.0176057815552	3.73009410500526	2.95370719113255
796	mut_M1	mut	3.19204068183899	3.27964520454407	0.973288414678606
796	mut_M2	mut	1.63835823535919	2.57965230941772	0.635108161428545
796	mut_M3	mut	2.70536541938782	2.73862943053246	0.987853774309958
797	ctrl_M1	ctrl	1.03435325622559	0.45336925983429	2.28148078809677
797	ctrl_M2	ctrl	0.583102405071259	0.396201461553574	1.47173208999486
797	ctrl_M3	ctrl	2.01248717308044	0.463409207761288	4.34278633090329
797	mut_M1	mut	2.78536581993103	0.494674950838089	5.63069913932776
797	mut_M2	mut	1.62481725215912	0.692031607031822	2.34789456962535
797	mut_M3	mut	1.68056213855743	0.108930923044682	15.4277783716943
798	ctrl_M1	ctrl	1.77986550331116	1.07947923243046	1.64881866166501
798	ctrl_M2	ctrl	3.27929830551147	1.05486047267914	3.10875076888861
798	ctrl_M3	ctrl	2.65442776679993	1.19636914134026	2.21873640423912
798	mut_M1	mut	3.57272744178772	0.568625569343567	6.28309318891894
798	mut_M2	mut	2.4667055606842	1.62953935563564	1.51374408488711
798	mut_M3	mut	3.02108764648438	0.673254646360874	4.48728822417221
799	ctrl_M1	ctrl	2.20761513710022	1.88878571987152	1.16880126415313
799	ctrl_M2	ctrl	2.08158802986145	1.89053286612034	1.1010588957034
799	ctrl_M3	ctrl	1.73789811134338	0.951887100934982	1.82573974333337
799	mut_M1	mut	5.47695875167847	1.4532463401556	3.76877518995991
799	mut_M2	mut	2.72499465942383	0.781642988324165	3.48623949824739
799	mut_M3	mut	2.12294411659241	1.16515402495861	1.82202873707433
800	ctrl_M1	ctrl	2.23122048377991	1.54727673530579	1.44203065480653
800	ctrl_M2	ctrl	1.13495635986328	1.46213339269161	0.776233116305457
800	ctrl_M3	ctrl	1.10246157646179	2.39344730973244	0.460616606005434
800	mut_M1	mut	4.98965930938721	2.70502072572708	1.84459189607356
800	mut_M2	mut	1.06629621982574	1.24866247177124	0.853950722418359
800	mut_M3	mut	0.920605957508087	2.3061411678791	0.399197573128077
801	ctrl_M1	ctrl	1.04932332038879	0.417655482888222	2.51241361212928
801	ctrl_M2	ctrl	0.946213364601135	1.78070633113384	0.531369686319162
801	ctrl_M3	ctrl	1.36146175861359	1.06306886672974	1.28069008624228
801	mut_M1	mut	2.37292218208313	1.83423924446106	1.29368193884672
801	mut_M2	mut	1.95645236968994	1.93925219774246	1.00886948689165
801	mut_M3	mut	2.44500279426575	0.762123167514801	3.20814652864921
802	ctrl_M1	ctrl	3.17789244651794	1.68283170461655	1.88841964279611
802	ctrl_M2	ctrl	4.01259899139404	1.61567190289497	2.48354816606282
802	ctrl_M3	ctrl	6.98101091384888	2.2126826941967	3.15499865035248
802	mut_M1	mut	8.0552339553833	2.43988388776779	3.30148249913355
802	mut_M2	mut	9.23714256286621	2.28877168893814	4.03585146020035
802	mut_M3	mut	5.28678560256958	2.77610379457474	1.90439046728058
803	ctrl_M1	ctrl	0	0.506276071071625	0
803	ctrl_M2	ctrl	1.24183678627014	0	NA
803	ctrl_M3	ctrl	1.29950737953186	0	NA
803	mut_M1	mut	1.41753721237183	1.13242098689079	1.25177582257978
803	mut_M2	mut	3.37147068977356	0	NA
803	mut_M3	mut	1.81040585041046	1.43199080228806	1.26425801584603
804	ctrl_M1	ctrl	1.60860371589661	19.2867226302624	0.0834047207882059
804	ctrl_M2	ctrl	8.86454010009766	15.9760627150536	0.554863877177008
804	ctrl_M3	ctrl	6.76360654830933	17.6449043750763	0.383317835253504
804	mut_M1	mut	8.4644832611084	18.5574258565903	0.456123781742198
804	mut_M2	mut	3.70881628990173	21.0900266766548	0.17585640581513
804	mut_M3	mut	8.00484085083008	15.9875640273094	0.500691714957731
805	ctrl_M1	ctrl	3.79850959777832	19.8690205514431	0.191177496039302
805	ctrl_M2	ctrl	13.6334228515625	17.5464114546776	0.776992086773849
805	ctrl_M3	ctrl	9.74794769287109	24.3564703464508	0.400220046427686
805	mut_M1	mut	11.170937538147	17.2779586017132	0.646542672989118
805	mut_M2	mut	11.5979461669922	22.4377154409885	0.516895144583455
805	mut_M3	mut	11.0264730453491	20.2765884101391	0.543803169562561
806	ctrl_M1	ctrl	2.37398624420166	0.619721531867981	3.83073061387092
806	ctrl_M2	ctrl	2.22474431991577	0.2728291451931	8.15434992599917
806	ctrl_M3	ctrl	3.46037435531616	0.932586893439293	3.7105114597468
806	mut_M1	mut	3.20097661018372	2.23386380076408	1.43293275493736
806	mut_M2	mut	4.06569242477417	0.704290330410004	5.77275059620274
806	mut_M3	mut	1.03334379196167	0.927059046924114	1.11464722273106
807	ctrl_M1	ctrl	0.842232167720795	2.10514584183693	0.400082574319825
807	ctrl_M2	ctrl	3.2519702911377	1.98313099145889	1.6398161821602
807	ctrl_M3	ctrl	3.47842073440552	2.1602895706892	1.61016411021963
807	mut_M1	mut	4.63967132568359	3.09957864880562	1.49687162397748
807	mut_M2	mut	5.1955943107605	2.82837277650833	1.83695528181916
807	mut_M3	mut	2.90071511268616	2.21593430638313	1.30902577045288
808	ctrl_M1	ctrl	0.947847187519073	0.55959664285183	1.69380427782524
808	ctrl_M2	ctrl	2.11358189582825	0.548967763781548	3.85010201923134
808	ctrl_M3	ctrl	0.995137751102448	0	NA
808	mut_M1	mut	1.13745737075806	0.219232603907585	5.18835862223093
808	mut_M2	mut	0.897181272506714	1.01166206598282	0.886838898753322
808	mut_M3	mut	0.981455266475677	0.237291589379311	4.13607270718231
809	ctrl_M1	ctrl	0.703658401966095	0.102765627205372	6.8472155632337
809	ctrl_M2	ctrl	1.56846332550049	0.242595821619034	6.46533528497273
809	ctrl_M3	ctrl	1.05484855175018	0.606305718421936	1.73979647511109
809	mut_M1	mut	2.50472640991211	0.624168545007706	4.01290073001226
809	mut_M2	mut	2.30696749687195	0.663127794861794	3.478918414742
809	mut_M3	mut	1.53388655185699	0.262467324733734	5.84410479823757
810	ctrl_M1	ctrl	1.86032545566559	1.9108814895153	0.973543082536982
810	ctrl_M2	ctrl	0.887645423412323	1.65310305356979	0.536957101068501
810	ctrl_M3	ctrl	3.82971286773682	3.45035526156425	1.10994740466249
810	mut_M1	mut	7.960036277771	3.44068996608257	2.31350001198567
810	mut_M2	mut	3.47571659088135	2.26264849305153	1.53612750789841
810	mut_M3	mut	6.22060823440552	1.84757266938686	3.36690855925569
811	ctrl_M1	ctrl	3.00689935684204	0.423234462738037	7.1045711575316
811	ctrl_M2	ctrl	3.19112753868103	0.426897495985031	7.4751610601926
811	ctrl_M3	ctrl	0	0.805393546819687	0
811	mut_M1	mut	4.04336261749268	0.571943044662476	7.06951969295966
811	mut_M2	mut	0	0.205127105116844	0
811	mut_M3	mut	2.04483485221863	0.365360796451569	5.59675496681179
812	ctrl_M1	ctrl	3.81689167022705	8.00275483727455	0.476947219781001
812	ctrl_M2	ctrl	4.17209815979004	10.7032424807549	0.389797593326672
812	ctrl_M3	ctrl	6.20919513702393	11.3890161514282	0.54519152966916
812	mut_M1	mut	14.7814292907715	12.6739056110382	1.16628841530094
812	mut_M2	mut	9.62819480895996	8.31318727135658	1.15818331702141
812	mut_M3	mut	7.87246131896973	9.4808861464262	0.830350791833655
813	ctrl_M1	ctrl	2.22114229202271	0.910205513238907	2.44026459927595
813	ctrl_M2	ctrl	1.65478730201721	1.31755654513836	1.25595163875372
813	ctrl_M3	ctrl	1.62259471416473	0.222172692418098	7.30330400421684
813	mut_M1	mut	3.75169253349304	0.619978591799736	6.05132593788804
813	mut_M2	mut	3.5562539100647	1.42777451872826	2.49076717886261
813	mut_M3	mut	2.1295862197876	1.44326251745224	1.4755362895081
814	ctrl_M1	ctrl	1.65963935852051	0.195425525307655	8.49243902969054
814	ctrl_M2	ctrl	2.26023769378662	1.49255059659481	1.51434577758587
814	ctrl_M3	ctrl	2.04368114471436	1.29902099072933	1.57324720639575
814	mut_M1	mut	3.51049017906189	0.652563266456127	5.37953997644749
814	mut_M2	mut	1.31119585037231	0.863866448402405	1.51782240506872
814	mut_M3	mut	3.75012540817261	0.118296295404434	31.7011229755893
815	ctrl_M1	ctrl	2.98626899719238	1.95037645101547	1.53112441223209
815	ctrl_M2	ctrl	5.09893226623535	1.11001509428024	4.59357020684625
815	ctrl_M3	ctrl	6.5176043510437	7.04162257909775	0.925582744293974
815	mut_M1	mut	8.87068367004395	3.70502442121506	2.39423082321677
815	mut_M2	mut	4.55399227142334	2.84865695238113	1.59864537834812
815	mut_M3	mut	5.40730142593384	3.83446356654167	1.41018458829972
816	ctrl_M1	ctrl	0	1.22199316322803	0
816	ctrl_M2	ctrl	4.33862972259521	2.04643000662327	2.12009680690434
816	ctrl_M3	ctrl	1.74012076854706	2.79750630259514	0.622025682992319
816	mut_M1	mut	6.45798873901367	3.07845366001129	2.09780281019074
816	mut_M2	mut	4.80532646179199	1.20575261116028	3.98533365577197
816	mut_M3	mut	4.05069875717163	2.50452303886414	1.61735336202326
817	ctrl_M1	ctrl	3.25759196281433	7.24456560611725	0.449660081767173
817	ctrl_M2	ctrl	0.859469413757324	10.5901910066605	0.0811571210771156
817	ctrl_M3	ctrl	5.01587057113647	11.943048864603	0.419982420569556
817	mut_M1	mut	6.67978429794312	9.90586373209953	0.674326285783395
817	mut_M2	mut	3.50257349014282	14.1054485440254	0.248313513690168
817	mut_M3	mut	3.29852032661438	10.5531411468983	0.312562892952859
818	ctrl_M1	ctrl	1.14988315105438	0.758873581886292	1.51524994215266
818	ctrl_M2	ctrl	0.54332834482193	1.08028437197208	0.502949370479248
818	ctrl_M3	ctrl	0.991435050964355	1.96305152773857	0.5050478996374
818	mut_M1	mut	5.90535116195679	2.27122801542282	2.60006970760152
818	mut_M2	mut	1.8848705291748	1.32352554798126	1.4241285572838
818	mut_M3	mut	1.62841045856476	1.10980504751205	1.46729415424385
819	ctrl_M1	ctrl	3.99683833122253	0.239476099610329	16.6899257910335
819	ctrl_M2	ctrl	9.37763977050781	1.45722745358944	6.43526152860271
819	ctrl_M3	ctrl	2.9448721408844	1.53360834717751	1.92022438212743
819	mut_M1	mut	5.93170499801636	1.15098190307617	5.15360405073528
819	mut_M2	mut	4.41558408737183	1.444714397192	3.05637162331469
819	mut_M3	mut	4.11345338821411	1.81237947940826	2.26964244240789
820	ctrl_M1	ctrl	3.90479469299316	3.6425673365593	1.07198970731494
820	ctrl_M2	ctrl	6.52749586105347	4.77254939079285	1.36771677494763
820	ctrl_M3	ctrl	4.93144083023071	6.16032063961029	0.800516907922293
820	mut_M1	mut	9.04972171783447	7.14283210039139	1.26696548240838
820	mut_M2	mut	8.52555465698242	5.08610460162163	1.67624445912185
820	mut_M3	mut	9.77428531646729	6.45743900537491	1.51364733113725
821	ctrl_M1	ctrl	3.86301565170288	1.65259096026421	2.33755099996752
821	ctrl_M2	ctrl	2.8825511932373	3.55728051066399	0.810324399382061
821	ctrl_M3	ctrl	4.45607948303223	2.39399752020836	1.86135509557437
821	mut_M1	mut	9.49320983886719	2.68885371088982	3.53057877430067
821	mut_M2	mut	4.38481760025024	3.73759400844574	1.1731658361882
821	mut_M3	mut	4.49548673629761	0.730827316641808	6.15122975555241
822	ctrl_M1	ctrl	4.88934755325317	1.72011089324951	2.84246066485665
822	ctrl_M2	ctrl	5.47009134292603	2.16280624270439	2.52916384044008
822	ctrl_M3	ctrl	3.1122305393219	2.80483090877533	1.10959649281703
822	mut_M1	mut	3.14587092399597	1.76639679074287	1.78095371350451
822	mut_M2	mut	4.01531267166138	0.941318869590759	4.26562432919999
822	mut_M3	mut	4.76009607315063	2.83825343847275	1.6771215736506
823	ctrl_M1	ctrl	2.41261959075928	1.88231495022774	1.28173002635259
823	ctrl_M2	ctrl	7.50968551635742	3.01771694421768	2.48853211059006
823	ctrl_M3	ctrl	4.40865659713745	3.32655042409897	1.32529378337368
823	mut_M1	mut	6.49516248703003	3.0370454788208	2.13864511819952
823	mut_M2	mut	4.43945360183716	3.1881617307663	1.39248067593174
823	mut_M3	mut	7.02673387527466	1.5338868200779	4.58099892592976
824	ctrl_M1	ctrl	7.41882514953613	4.0473769903183	1.83299583094993
824	ctrl_M2	ctrl	2.21908259391785	5.34183394908905	0.415415869356304
824	ctrl_M3	ctrl	3.66551923751831	7.61417910456657	0.481407015408914
824	mut_M1	mut	9.38771152496338	6.58154505491257	1.42636895237179
824	mut_M2	mut	3.19124507904053	4.12433505058289	0.773759900663142
824	mut_M3	mut	6.99236297607422	4.49676898121834	1.55497491760845
825	ctrl_M1	ctrl	7.17959833145142	1.62343050539494	4.42248578401871
825	ctrl_M2	ctrl	7.64258909225464	1.43794010579586	5.31495648633062
825	ctrl_M3	ctrl	2.47156286239624	0.751710757613182	3.28791737694948
825	mut_M1	mut	8.81454944610596	0.69561679661274	12.6715592392648
825	mut_M2	mut	3.87932729721069	0.455710679292679	8.51269780034979
825	mut_M3	mut	8.65535449981689	1.00391390919685	8.62161029997215
826	ctrl_M1	ctrl	4.06542682647705	0.709726303815842	5.72816141182776
826	ctrl_M2	ctrl	1.77121806144714	0	NA
826	ctrl_M3	ctrl	2.4345428943634	0.498510956764221	4.8836296601498
826	mut_M1	mut	8.62412357330322	1.32744982838631	6.49676047175885
826	mut_M2	mut	3.27189016342163	2.19281333684921	1.49209698264737
826	mut_M3	mut	4.70490312576294	0.499627619981766	9.41681952237678
827	ctrl_M1	ctrl	3.60042929649353	0.154275923967361	23.3375967157081
827	ctrl_M2	ctrl	1.97216653823853	1.32441619038582	1.48908368272364
827	ctrl_M3	ctrl	6.34453916549683	0.711511105298996	8.91699246609887
827	mut_M1	mut	9.61585712432861	1.34256900846958	7.16228146461529
827	mut_M2	mut	6.50835990905762	0.737100675702095	8.829675678778
827	mut_M3	mut	5.91439962387085	1.38246668875217	4.27814982595294
828	ctrl_M1	ctrl	0	0.616074100136757	0
828	ctrl_M2	ctrl	1.672731757164	0.903968244791031	1.85043198895851
828	ctrl_M3	ctrl	1.61365008354187	0.152875855565071	10.5552971564893
828	mut_M1	mut	2.60696983337402	0.425092369318008	6.13271378537442
828	mut_M2	mut	0.796912491321564	0.152465283870697	5.22684555519806
828	mut_M3	mut	0	0.703311085700989	0
829	ctrl_M1	ctrl	1.20818650722504	0.158938467502594	7.6015990729577
829	ctrl_M2	ctrl	1.32337772846222	0.392618924379349	3.37064172480787
829	ctrl_M3	ctrl	0.529792487621307	0.650228165090084	0.814779359100676
829	mut_M1	mut	3.51712512969971	0.972278080880642	3.6174065823988
829	mut_M2	mut	2.18096947669983	0.703070305287838	3.10206455925761
829	mut_M3	mut	1.01552700996399	0.150688871741295	6.73923029769221
830	ctrl_M1	ctrl	1.06743228435516	3.47305698692799	0.307346608009256
830	ctrl_M2	ctrl	3.1717050075531	2.70809926092625	1.17119230203855
830	ctrl_M3	ctrl	1.63548576831818	2.10682781040668	0.77627880182694
830	mut_M1	mut	5.50039577484131	2.38700161874294	2.30431170706032
830	mut_M2	mut	5.31664323806763	2.67447343468666	1.98792149853248
830	mut_M3	mut	2.40372347831726	1.75867030024529	1.36678459742114
831	ctrl_M1	ctrl	1.80003523826599	1.57859325408936	1.140278050475
831	ctrl_M2	ctrl	1.85257208347321	1.5294868350029	1.21123767859675
831	ctrl_M3	ctrl	2.33545017242432	1.78272417187691	1.31004572062625
831	mut_M1	mut	5.30955076217651	2.09952819347382	2.52892567896004
831	mut_M2	mut	3.33440661430359	0.918407022953033	3.63064145958094
831	mut_M3	mut	2.82391858100891	0.918941348791122	3.0730128584635
832	ctrl_M1	ctrl	1.94185400009155	0.616905331611633	3.14773418316642
832	ctrl_M2	ctrl	1.06449007987976	0.562228292226791	1.8933413607908
832	ctrl_M3	ctrl	0	0.426428407430649	0
832	mut_M1	mut	7.33963346481323	0.554547935724258	13.2353453903447
832	mut_M2	mut	3.0121865272522	0.274100750684738	10.9893406702732
832	mut_M3	mut	3.82603192329407	0.254541128873825	15.0310951327265
833	ctrl_M1	ctrl	3.06506967544556	0.283514529466629	10.8109791805444
833	ctrl_M2	ctrl	0	0.862450182437897	0
833	ctrl_M3	ctrl	4.39639234542847	1.17536124587059	3.74046052724161
833	mut_M1	mut	8.30329418182373	1.34967684745789	6.1520609155169
833	mut_M2	mut	3.97246766090393	2.2280091047287	1.78296742705082
833	mut_M3	mut	5.2593731880188	0.83329451084137	6.31154186136239
834	ctrl_M1	ctrl	1.42360174655914	0.624827563762665	2.27839139807841
834	ctrl_M2	ctrl	0	0.568682193756104	0
834	ctrl_M3	ctrl	2.34492778778076	1.66002371907234	1.41258691718644
834	mut_M1	mut	1.43932700157166	0.316392809152603	4.54917735149106
834	mut_M2	mut	0	0.28301465511322	0
834	mut_M3	mut	0	0.752731949090958	0
835	ctrl_M1	ctrl	3.86792945861816	1.95127105712891	1.98226148257917
835	ctrl_M2	ctrl	3.90233373641968	3.66635966300964	1.06436195439057
835	ctrl_M3	ctrl	7.03008937835693	1.17744080722332	5.97065205760579
835	mut_M1	mut	7.22184419631958	2.21706414222717	3.25739073523818
835	mut_M2	mut	8.83203029632568	1.29393011331558	6.82573981812231
835	mut_M3	mut	3.44778633117676	3.15233026444912	1.09372624120629
836	ctrl_M1	ctrl	1.54723417758942	1.87667837738991	0.824453564462823
836	ctrl_M2	ctrl	1.74512016773224	2.9123409986496	0.599215603029117
836	ctrl_M3	ctrl	2.95867824554443	2.49559353291988	1.18556095234096
836	mut_M1	mut	6.18367910385132	3.14261665940285	1.9676848225664
836	mut_M2	mut	4.48267602920532	2.64695179462433	1.69352386330161
836	mut_M3	mut	4.65070295333862	2.43647059798241	1.90878681531794
837	ctrl_M1	ctrl	5.38405752182007	4.35653354227543	1.23585815868824
837	ctrl_M2	ctrl	6.26968622207642	5.53461197018623	1.1328140537855
837	ctrl_M3	ctrl	2.33165550231934	6.15311625599861	0.378938964471251
837	mut_M1	mut	10.5880365371704	5.54406873881817	1.90979532108533
837	mut_M2	mut	7.53018140792847	5.21478918194771	1.44400495306619
837	mut_M3	mut	3.80045008659363	4.59329162538052	0.82739142134891
838	ctrl_M1	ctrl	0.898315370082855	2.19911985099316	0.408488591323098
838	ctrl_M2	ctrl	4.5969557762146	2.24318546056747	2.04929813295583
838	ctrl_M3	ctrl	0.881325602531433	2.56602917611599	0.343458917277562
838	mut_M1	mut	7.45429182052612	2.70901727676392	2.75165901836947
838	mut_M2	mut	3.19380569458008	2.14121204614639	1.4915877669977
838	mut_M3	mut	1.82555878162384	3.16456854343414	0.576874463791127
839	ctrl_M1	ctrl	3.57099151611328	0.482789993286133	7.39657318041569
839	ctrl_M2	ctrl	0	1.12266585230827	0
839	ctrl_M3	ctrl	2.48792815208435	0.183496534824371	13.5584475993817
839	mut_M1	mut	3.29891920089722	0.614908158779144	5.36489743028777
839	mut_M2	mut	1.49564111232758	1.01062646508217	1.47991484886157
839	mut_M3	mut	0	0.679911553859711	0
840	ctrl_M1	ctrl	2.77066946029663	0.441745609045029	6.27209281442842
840	ctrl_M2	ctrl	3.50325345993042	1.04975634813309	3.33720626330166
840	ctrl_M3	ctrl	3.98427367210388	1.40642508864403	2.83290855963415
840	mut_M1	mut	8.22588443756104	0.419886142015457	19.5907500020761
840	mut_M2	mut	6.11083555221558	0.636112570762634	9.60653166292454
840	mut_M3	mut	2.89865779876709	0.541448682546616	5.35352267390092
841	ctrl_M1	ctrl	3.55191898345947	3.91970375180244	0.906170263971136
841	ctrl_M2	ctrl	5.90051794052124	5.98708200454712	0.98554152691409
841	ctrl_M3	ctrl	2.38723754882812	7.89893454313278	0.30222272836829
841	mut_M1	mut	5.47432947158813	3.75963248312473	1.45608101221593
841	mut_M2	mut	5.21520519256592	5.23669154942036	0.995896959625812
841	mut_M3	mut	5.25544738769531	7.99875521659851	0.657033156457837
842	ctrl_M1	ctrl	3.05636954307556	1.30372706055641	2.34433236491321
842	ctrl_M2	ctrl	4.86374521255493	2.12969049811363	2.28378030369342
842	ctrl_M3	ctrl	1.21591186523438	1.48425881564617	0.819204745437222
842	mut_M1	mut	3.85419678688049	2.49891394376755	1.54234874573937
842	mut_M2	mut	4.68325185775757	1.85411804914474	2.52586498465825
842	mut_M3	mut	2.43958210945129	0.991515517234802	2.46045782143173
843	ctrl_M1	ctrl	3.04804372787476	0.224788054823875	13.5596338971968
843	ctrl_M2	ctrl	0	0.668389767408371	0
843	ctrl_M3	ctrl	4.21149253845215	0.849161252379417	4.95959103957135
843	mut_M1	mut	9.22078037261963	1.45144076645374	6.35284648587379
843	mut_M2	mut	5.39794826507568	0.283149242401123	19.0639685958569
843	mut_M3	mut	3.44067907333374	0.895320177078247	3.8429593808127
844	ctrl_M1	ctrl	1.42114210128784	0.375564783811569	3.78401320503167
844	ctrl_M2	ctrl	3.7543318271637	1.5044749379158	2.49544324903457
844	ctrl_M3	ctrl	1.37190699577332	1.38390752673149	0.991328516735133
844	mut_M1	mut	2.12327337265015	1.77284669876099	1.19766326898658
844	mut_M2	mut	1.16633188724518	2.13296994566917	0.546811214857163
844	mut_M3	mut	1.17304563522339	1.08136419951916	1.08478312463553
845	ctrl_M1	ctrl	0.948311507701874	1.35587581992149	0.69940882031275
845	ctrl_M2	ctrl	1.85461068153381	1.19036197662354	1.55802244859536
845	ctrl_M3	ctrl	2.44291710853577	1.38284636288881	1.76658606053129
845	mut_M1	mut	4.29018068313599	1.23584815859795	3.4714464340046
845	mut_M2	mut	4.04861640930176	1.10823622345924	3.65320707228322
845	mut_M3	mut	1.90052676200867	0.108615167438984	17.4978026257365
846	ctrl_M1	ctrl	1.65020430088043	0.443033739924431	3.72478245372894
846	ctrl_M2	ctrl	1.28929483890533	1.87930607795715	0.686048352648775
846	ctrl_M3	ctrl	1.70854318141937	0.19646155834198	8.69657756885608
846	mut_M1	mut	1.9056384563446	0.34702068567276	5.49142611671749
846	mut_M2	mut	1.48185873031616	1.1824637055397	1.25319595296991
846	mut_M3	mut	2.71158766746521	0.321813076734543	8.4259710480999
847	ctrl_M1	ctrl	1.67421865463257	0.217779532074928	7.68767679258556
847	ctrl_M2	ctrl	2.79919862747192	0.169565752148628	16.5080424083418
847	ctrl_M3	ctrl	3.86833882331848	1.05081516504288	3.68127426402401
847	mut_M1	mut	3.38395810127258	1.29734146595001	2.60837889644928
847	mut_M2	mut	3.18074703216553	1.68988855183125	1.88222296004001
847	mut_M3	mut	2.96829104423523	0.187481731176376	15.8324281817238
848	ctrl_M1	ctrl	5.51160287857056	0.258382052183151	21.3312141149174
848	ctrl_M2	ctrl	2.80331492424011	0.852676868438721	3.28766385954984
848	ctrl_M3	ctrl	3.09498071670532	1.07124671339989	2.88913905451581
848	mut_M1	mut	10.3209190368652	0.880325481295586	11.7239807959163
848	mut_M2	mut	5.39284372329712	1.02579721808434	5.25722202032112
848	mut_M3	mut	4.68384552001953	0.488522827625275	9.58777206540758
849	ctrl_M1	ctrl	0	0.395298480987549	0
849	ctrl_M2	ctrl	2.1412513256073	1.79683816432953	1.19167734085072
849	ctrl_M3	ctrl	1.23518788814545	0	NA
849	mut_M1	mut	0	1.11699783802032	0
849	mut_M2	mut	1.24081647396088	0.661919236183167	1.87457382431702
849	mut_M3	mut	0	1.24639245867729	0
850	ctrl_M1	ctrl	1.06485545635223	0.691715195775032	1.53944204617208
850	ctrl_M2	ctrl	0	1.18850283324718	0
850	ctrl_M3	ctrl	2.14091372489929	0.377880781888962	5.6655798005848
850	mut_M1	mut	3.55186533927917	1.12473653256893	3.15795320630922
850	mut_M2	mut	1.78061068058014	1.1988488137722	1.48526708299224
850	mut_M3	mut	0	1.53919684886932	0
851	ctrl_M1	ctrl	3.94178557395935	4.25322227180004	0.926776293845352
851	ctrl_M2	ctrl	2.25412011146545	4.405726313591	0.511634166768787
851	ctrl_M3	ctrl	2.39735507965088	5.95635738968849	0.402486775525109
851	mut_M1	mut	7.0718674659729	4.16650050878525	1.69731587721196
851	mut_M2	mut	2.58438611030579	4.21281287074089	0.613458558355401
851	mut_M3	mut	4.26479434967041	1.98520104587078	2.14829342274486
852	ctrl_M1	ctrl	4.63479995727539	3.0414457321167	1.52388053757901
852	ctrl_M2	ctrl	5.17558908462524	3.51120820641518	1.47401942020104
852	ctrl_M3	ctrl	6.27965641021729	7.38012623786926	0.850887397832683
852	mut_M1	mut	7.22294044494629	5.08765435218811	1.41969952063269
852	mut_M2	mut	3.50323295593262	6.45926809310913	0.542357571389541
852	mut_M3	mut	5.2194299697876	3.71539098024368	1.40481311322053
853	ctrl_M1	ctrl	0.620395660400391	0.249499902129173	2.48655672850402
853	ctrl_M2	ctrl	0.684516489505768	0.769941806793213	0.889049644357878
853	ctrl_M3	ctrl	1.81243085861206	0.510807126760483	3.54817065710579
853	mut_M1	mut	4.31245183944702	1.486596763134	2.90088875907117
853	mut_M2	mut	1.71182608604431	1.16545608639717	1.46880359202221
853	mut_M3	mut	1.7327686548233	1.48705138266087	1.16523791647519
854	ctrl_M1	ctrl	0	0.292263329029083	0
854	ctrl_M2	ctrl	5.03725099563599	0.390570908784866	12.8971484622543
854	ctrl_M3	ctrl	2.66047263145447	1.55434554815292	1.71163525035729
854	mut_M1	mut	5.08581876754761	2.40774601697922	2.11227377459369
854	mut_M2	mut	5.20455265045166	1.13775604963303	4.57440121028611
854	mut_M3	mut	1.76041781902313	1.8281142115593	0.962969276149097
855	ctrl_M1	ctrl	3.26678514480591	0.701124787330627	4.65934909710359
855	ctrl_M2	ctrl	1.75194764137268	2.65671643614769	0.659440961607876
855	ctrl_M3	ctrl	3.49604272842407	2.43481627106667	1.4358548404527
855	mut_M1	mut	4.72614622116089	1.77772782742977	2.6585319463632
855	mut_M2	mut	4.6204686164856	1.60625049471855	2.87655545114412
855	mut_M3	mut	3.1579430103302	2.35295245051384	1.34211934866791
856	ctrl_M1	ctrl	3.60965061187744	10.0367800071836	0.359642296562636
856	ctrl_M2	ctrl	2.44531035423279	10.1952079981565	0.239848991278544
856	ctrl_M3	ctrl	2.37685775756836	11.4294505119324	0.207959057619342
856	mut_M1	mut	5.5186505317688	11.4011988043785	0.484041250964716
856	mut_M2	mut	5.94941759109497	10.1137864142656	0.588248292716884
856	mut_M3	mut	3.82933521270752	9.20333454012871	0.416081279672136
857	ctrl_M1	ctrl	1.41711235046387	2.04672852158546	0.692379245961807
857	ctrl_M2	ctrl	1.35844898223877	1.91012340784073	0.711183883021678
857	ctrl_M3	ctrl	1.61271858215332	2.1842156201601	0.73835136388005
857	mut_M1	mut	3.78435134887695	3.33332942426205	1.13530673606157
857	mut_M2	mut	2.73554563522339	1.68344643712044	1.62496743282345
857	mut_M3	mut	1.58042001724243	1.76883664727211	0.893479914993703
858	ctrl_M1	ctrl	3.00164270401001	1.00943119823933	2.9735981107435
858	ctrl_M2	ctrl	3.05570316314697	2.06781287491322	1.47774646353105
858	ctrl_M3	ctrl	3.45486736297607	1.48355203866959	2.32878070530934
858	mut_M1	mut	4.44273042678833	1.66204357147217	2.67305292294663
858	mut_M2	mut	5.39912986755371	1.72776888310909	3.12491440280951
858	mut_M3	mut	5.32577133178711	0.450710266828537	11.8163967492074
859	ctrl_M1	ctrl	1.88306736946106	0	NA
859	ctrl_M2	ctrl	4.10799503326416	0	NA
859	ctrl_M3	ctrl	0.913383305072784	0.729110449552536	1.25273654441976
859	mut_M1	mut	3.54985308647156	1.75599962472916	2.02155685939801
859	mut_M2	mut	4.52460098266602	0	NA
859	mut_M3	mut	5.33036947250366	0.928331464529037	5.74188172670402
860	ctrl_M1	ctrl	2.64933443069458	10.6070231199265	0.249771722069458
860	ctrl_M2	ctrl	5.33804225921631	14.0630088448524	0.379580381275961
860	ctrl_M3	ctrl	4.50920677185059	13.378789305687	0.337041466818963
860	mut_M1	mut	5.48639965057373	13.4773223400116	0.407083804346332
860	mut_M2	mut	4.2539701461792	11.4625613093376	0.371118638441989
860	mut_M3	mut	7.21090841293335	9.33652365207672	0.772333331081899
861	ctrl_M1	ctrl	1.2544881105423	1.09011995792389	1.15077987649308
861	ctrl_M2	ctrl	1.05303704738617	1.29211607575417	0.81497093577413
861	ctrl_M3	ctrl	1.23777914047241	2.7925578057766	0.443242083623831
861	mut_M1	mut	2.37596797943115	1.58178097009659	1.50208405863302
861	mut_M2	mut	5.31821441650391	2.12156927585602	2.50673615847783
861	mut_M3	mut	1.08572673797607	1.91141922771931	0.56802124946266
862	ctrl_M1	ctrl	1.62964022159576	3.31047759950161	0.492267406322612
862	ctrl_M2	ctrl	3.49521517753601	3.58187249302864	0.97580670008179
862	ctrl_M3	ctrl	0	3.27376115322113	0
862	mut_M1	mut	9.69957637786865	2.76893827319145	3.50299480193504
862	mut_M2	mut	8.2334680557251	1.33423939347267	6.17090763172234
862	mut_M3	mut	3.45449781417847	3.3210129737854	1.04019401352742
863	ctrl_M1	ctrl	1.34535479545593	0.211904808878899	6.34886391948183
863	ctrl_M2	ctrl	1.24075877666473	0.464964747428894	2.66850074876801
863	ctrl_M3	ctrl	0	0.500156283378601	0
863	mut_M1	mut	0	0.450828015804291	0
863	mut_M2	mut	3.34802508354187	0.890643119812012	3.7591095794335
863	mut_M3	mut	2.49260902404785	1.48778511583805	1.67538241746947
864	ctrl_M1	ctrl	1.3951598405838	1.3423136472702	1.03936948225258
864	ctrl_M2	ctrl	0.911257803440094	0.951113507151604	0.958095744186338
864	ctrl_M3	ctrl	2.16072726249695	0.691995531320572	3.12245840428119
864	mut_M1	mut	3.9765772819519	1.43415221571922	2.77277212165214
864	mut_M2	mut	4.01378726959229	2.86125218868256	1.40280793334767
864	mut_M3	mut	2.48507714271545	1.18490053713322	2.0972875484789
865	ctrl_M1	ctrl	1.97901701927185	0.323439627885818	6.11865970848349
865	ctrl_M2	ctrl	1.40661287307739	1.70525522530079	0.824869410870318
865	ctrl_M3	ctrl	1.38024771213531	1.18824703991413	1.16158312688501
865	mut_M1	mut	3.44873356819153	1.3965038061142	2.46954827698444
865	mut_M2	mut	4.02687692642212	1.35910253226757	2.96289413846029
865	mut_M3	mut	3.14575433731079	1.85744254291058	1.69359442601194
866	ctrl_M1	ctrl	0	0.202015146613121	0
866	ctrl_M2	ctrl	1.4310622215271	0.384534031152725	3.72154895429457
866	ctrl_M3	ctrl	0.623676002025604	0.265986323356628	2.34476718259455
866	mut_M1	mut	1.1467969417572	0.184300243854523	6.22243854795127
866	mut_M2	mut	2.02666974067688	0	NA
866	mut_M3	mut	1.72269260883331	0.222048282623291	7.75818929325336
867	ctrl_M1	ctrl	3.92283892631531	5.80852004885674	0.675359453581885
867	ctrl_M2	ctrl	7.52804040908813	10.1079297363758	0.744765803228398
867	ctrl_M3	ctrl	4.83117818832397	7.29583168029785	0.662183339751438
867	mut_M1	mut	4.98978042602539	9.83553498983383	0.507321709615482
867	mut_M2	mut	7.08696746826172	9.04789477586746	0.783272533978188
867	mut_M3	mut	4.73594427108765	7.05413624644279	0.671371250232919
868	ctrl_M1	ctrl	1.49220514297485	2.17429773509502	0.686292920647153
868	ctrl_M2	ctrl	1.53112459182739	3.90290059149265	0.392304276251581
868	ctrl_M3	ctrl	0.96333372592926	2.77710038423538	0.346884733226701
868	mut_M1	mut	2.6989381313324	4.02559041976929	0.670445288740298
868	mut_M2	mut	8.31551456451416	3.00422349572182	2.76794139196232
868	mut_M3	mut	1.97000908851624	3.36690153181553	0.585110395982965
869	ctrl_M1	ctrl	2.71914887428284	1.62385626137257	1.67450096351784
869	ctrl_M2	ctrl	1.1025367975235	0.550728470087051	2.00196077996335
869	ctrl_M3	ctrl	2.99347352981567	2.08382055163383	1.43653134021959
869	mut_M1	mut	3.07774591445923	0.798489615321159	3.85445953886493
869	mut_M2	mut	5.68790817260742	0.794602662324905	7.1581791029561
869	mut_M3	mut	3.92401361465454	0.678691804409027	5.7817312499764
870	ctrl_M1	ctrl	0	0.591024443507195	0
870	ctrl_M2	ctrl	2.47548651695251	2.09495542943478	1.18164161498195
870	ctrl_M3	ctrl	1.43273031711578	1.20789581537247	1.18613732979445
870	mut_M1	mut	2.38785314559937	1.22810593247414	1.9443380920641
870	mut_M2	mut	2.14386320114136	1.12852278351784	1.89970750475989
870	mut_M3	mut	0.653550326824188	1.20195960998535	0.543737344745014
871	ctrl_M1	ctrl	1.4353358745575	0	NA
871	ctrl_M2	ctrl	2.62088799476624	0.872704491019249	3.00317922244819
871	ctrl_M3	ctrl	2.80101346969604	0.644800946116447	4.34399714604358
871	mut_M1	mut	4.70673751831055	1.39837168157101	3.36587016194632
871	mut_M2	mut	5.58532238006592	0.381133824586868	14.6544914666657
871	mut_M3	mut	3.75209403038025	1.02901461720467	3.64629808716699
872	ctrl_M1	ctrl	2.19227147102356	0.231359377503395	9.47561103716831
872	ctrl_M2	ctrl	2.19416928291321	1.64440907537937	1.3343208303609
872	ctrl_M3	ctrl	2.78589844703674	0.781216889619827	3.56610114816191
872	mut_M1	mut	2.49867129325867	1.7587810754776	1.42068352229691
872	mut_M2	mut	1.01419544219971	0.872388549149036	1.16255015404431
872	mut_M3	mut	2.62256360054016	0.793338254094124	3.3057319333917
873	ctrl_M1	ctrl	2.87677407264709	0.530884683132172	5.41883042410338
873	ctrl_M2	ctrl	1.69304084777832	0.847146838903427	1.99852111821587
873	ctrl_M3	ctrl	2.56356644630432	0.564126193523407	4.5443138002383
873	mut_M1	mut	3.0829713344574	1.40298092365265	2.19744351650264
873	mut_M2	mut	4.45057344436646	0.538125485181808	8.27051230042154
873	mut_M3	mut	2.83408617973328	1.39311039447784	2.03435864879576
874	ctrl_M1	ctrl	11.0325031280518	17.7490394413471	0.621583109582318
874	ctrl_M2	ctrl	15.3942213058472	22.1897010803223	0.693755235824186
874	ctrl_M3	ctrl	22.5481281280518	17.0789989233017	1.32022539665883
874	mut_M1	mut	8.10684871673584	11.5313872694969	0.703024582148954
874	mut_M2	mut	26.732780456543	12.9123007059097	2.07033440944477
874	mut_M3	mut	22.1336784362793	13.5091241300106	1.63842438808517
875	ctrl_M1	ctrl	1.90793859958649	1.08815196156502	1.7533751415036
875	ctrl_M2	ctrl	7.5770697593689	1.90129512548447	3.98521495048708
875	ctrl_M3	ctrl	5.67676258087158	0.887422546744347	6.39691047032522
875	mut_M1	mut	2.57915711402893	1.53699862957001	1.6780477642654
875	mut_M2	mut	10.5707845687866	1.13502991199493	9.31322113811729
875	mut_M3	mut	5.99782752990723	1.96977376937866	3.04493217604332
876	ctrl_M1	ctrl	0	0.994658082723618	0
876	ctrl_M2	ctrl	2.64125871658325	0.240620508790016	10.9768644820223
876	ctrl_M3	ctrl	1.92974185943604	1.02899941802025	1.87535758100697
876	mut_M1	mut	5.13718509674072	1.26509568095207	4.060708746452
876	mut_M2	mut	2.70051336288452	0.915804103016853	2.948789325128
876	mut_M3	mut	1.65928947925568	1.0399275124073	1.59558186456153
877	ctrl_M1	ctrl	1.36736798286438	1.7000996619463	0.80428695650642
877	ctrl_M2	ctrl	1.30639266967773	2.07300120592117	0.630193878298887
877	ctrl_M3	ctrl	4.09659051895142	1.46345463395119	2.79926034187409
877	mut_M1	mut	0.702663660049438	1.4635154902935	0.480120411918921
877	mut_M2	mut	4.69939374923706	0.403065413236618	11.6591342122384
877	mut_M3	mut	2.20806384086609	1.04659163951874	2.10976636683381
878	ctrl_M1	ctrl	0.905678808689117	0.590538784861565	1.5336483088091
878	ctrl_M2	ctrl	4.43850469589233	1.91876569390297	2.31320828280182
878	ctrl_M3	ctrl	2.14965200424194	0.798843204975128	2.69095611110427
878	mut_M1	mut	7.00796556472778	0.616451859474182	11.3682284464279
878	mut_M2	mut	8.07710647583008	0.761651679873466	10.6047248227325
878	mut_M3	mut	3.00491499900818	0.842735454440117	3.56566818587754
879	ctrl_M1	ctrl	2.68133091926575	0.633242964744568	4.2342845772433
879	ctrl_M2	ctrl	3.01138210296631	0.929806187748909	3.23872022217551
879	ctrl_M3	ctrl	5.70436143875122	1.13158893585205	5.04101909979883
879	mut_M1	mut	2.69747161865234	0.988320857286453	2.72934806420919
879	mut_M2	mut	3.57852792739868	1.01698556542397	3.51875980256106
879	mut_M3	mut	3.50585007667542	2.10729786753654	1.66367087001981
880	ctrl_M1	ctrl	0	0.353089064359665	0
880	ctrl_M2	ctrl	0	0	NA
880	ctrl_M3	ctrl	1.23620057106018	0	NA
880	mut_M1	mut	2.16612219810486	7.34327730536461	0.294980307569538
880	mut_M2	mut	2.19627046585083	0.364495575428009	6.02550651889768
880	mut_M3	mut	1.20290470123291	0	NA
881	ctrl_M1	ctrl	5.87517499923706	1.07384699583054	5.47114721375467
881	ctrl_M2	ctrl	3.61949753761292	3.23499745130539	1.11885637998026
881	ctrl_M3	ctrl	3.13579750061035	2.29867947101593	1.36417344834269
881	mut_M1	mut	5.01715850830078	2.95718079805374	1.69660188230723
881	mut_M2	mut	4.54619455337524	3.37274825572968	1.34791991831946
881	mut_M3	mut	5.64298152923584	2.99293875694275	1.88543167351679
882	ctrl_M1	ctrl	2.63501310348511	1.1471379250288	2.29703250672229
882	ctrl_M2	ctrl	0	0.755056530237198	0
882	ctrl_M3	ctrl	2.6486029624939	2.85616683959961	0.927327817749326
882	mut_M1	mut	3.13202381134033	1.64931000769138	1.89899036368813
882	mut_M2	mut	6.83369159698486	1.17742472887039	5.80393075618603
882	mut_M3	mut	3.11163377761841	0.948669493198395	3.27999772305071
883	ctrl_M1	ctrl	6.02729988098145	8.52939718961716	0.706650159089611
883	ctrl_M2	ctrl	10.0009756088257	7.18010501563549	1.39287316648537
883	ctrl_M3	ctrl	4.74628639221191	10.2867414355278	0.461398434281574
883	mut_M1	mut	7.00434017181396	11.715891122818	0.5978495445534
883	mut_M2	mut	10.3322696685791	15.9354740381241	0.648381695069763
883	mut_M3	mut	8.967453956604	14.6182972192764	0.61344039063449
884	ctrl_M1	ctrl	5.60922050476074	1.23091368377209	4.5569568189148
884	ctrl_M2	ctrl	7.16173028945923	2.162767380476	3.31137336086649
884	ctrl_M3	ctrl	7.38674688339233	2.09667432308197	3.52307785814552
884	mut_M1	mut	10.1115093231201	3.90478628873825	2.58951670473813
884	mut_M2	mut	11.3620367050171	1.97531667351723	5.75200769443513
884	mut_M3	mut	8.7302131652832	1.22610014677048	7.12031002384137
885	ctrl_M1	ctrl	2.22885727882385	0.498675212264061	4.46955698620852
885	ctrl_M2	ctrl	3.00328850746155	2.18867465853691	1.37219503855781
885	ctrl_M3	ctrl	2.31163692474365	1.29046753048897	1.79131738701535
885	mut_M1	mut	5.0580039024353	3.03418332338333	1.66700669120917
885	mut_M2	mut	4.88029432296753	2.90274260938168	1.68127008822429
885	mut_M3	mut	5.97791862487793	1.22347700595856	4.88600815198354
886	ctrl_M1	ctrl	2.30738854408264	0.761685580015182	3.02931892715712
886	ctrl_M2	ctrl	2.89633440971375	0.475278496742249	6.09397317481518
886	ctrl_M3	ctrl	1.31864905357361	0.891421645879745	1.47926523847447
886	mut_M1	mut	3.27812099456787	0.235344395041466	13.9290378850548
886	mut_M2	mut	4.59064483642578	0.301374018192291	15.232384211358
886	mut_M3	mut	2.04163408279419	1.80615761876106	1.13037426057791
887	ctrl_M1	ctrl	0	0	NA
887	ctrl_M2	ctrl	2.38314437866211	0.927873551845551	2.56839347766946
887	ctrl_M3	ctrl	0	1.16963313519955	0
887	mut_M1	mut	1.19340944290161	1.09828855097294	1.08660828872741
887	mut_M2	mut	1.30508708953857	1.19465781748295	1.0924359012594
887	mut_M3	mut	2.69908976554871	0.658608585596085	4.09816972414025
888	ctrl_M1	ctrl	1.71214365959167	0	NA
888	ctrl_M2	ctrl	1.55378103256226	0.186207309365273	8.34436112018723
888	ctrl_M3	ctrl	3.16016149520874	0.688135534524918	4.5923533034673
888	mut_M1	mut	2.48393201828003	0.944235950708389	2.63062639842989
888	mut_M2	mut	4.20517730712891	0.283508151769638	14.8326504225028
888	mut_M3	mut	1.12032878398895	1.00974243879318	1.1095193595388
889	ctrl_M1	ctrl	0.454970240592957	0.259685441851616	1.75200518499965
889	ctrl_M2	ctrl	0.519791483879089	0.142349377274513	3.65151919756346
889	ctrl_M3	ctrl	1.06486368179321	0	NA
889	mut_M1	mut	1.54952931404114	0.832993775606155	1.86019314839846
889	mut_M2	mut	1.43837594985962	0.610360771417618	2.35659960013299
889	mut_M3	mut	1.6030957698822	0.123417913913727	12.9891659893297
890	ctrl_M1	ctrl	0	1.62323784828186	0
890	ctrl_M2	ctrl	2.70916104316711	1.91881482303143	1.41189290944035
890	ctrl_M3	ctrl	3.18351411819458	0	NA
890	mut_M1	mut	6.14377641677856	1.07684350013733	5.70535682854106
890	mut_M2	mut	1.97063660621643	0.759663105010986	2.59409281985326
890	mut_M3	mut	1.72300684452057	0.879535019397736	1.95899743218912
891	ctrl_M1	ctrl	0.854134142398834	0.419609427452087	2.03554564439895
891	ctrl_M2	ctrl	2.27935194969177	1.07649806141853	2.11737673423044
891	ctrl_M3	ctrl	1.68673241138458	1.33881908655167	1.25986582379029
891	mut_M1	mut	1.84189486503601	0.800327599048615	2.30142615002351
891	mut_M2	mut	1.63514184951782	1.06332260370255	1.53776647258713
891	mut_M3	mut	2.59103393554688	0.630588293075562	4.10891537949373
892	ctrl_M1	ctrl	0	0.654861852526665	0
892	ctrl_M2	ctrl	2.95036673545837	1.63709032535553	1.80220155831514
892	ctrl_M3	ctrl	0.644888281822205	1.24089226126671	0.519697238794849
892	mut_M1	mut	4.09020185470581	1.6744814068079	2.44266782424479
892	mut_M2	mut	4.19602108001709	1.44251811504364	2.90881690583841
892	mut_M3	mut	4.34563255310059	1.53876087069511	2.82411168353762
893	ctrl_M1	ctrl	1.43793249130249	0.428131431341171	3.35862397861797
893	ctrl_M2	ctrl	5.8821907043457	1.50173081457615	3.91694080407207
893	ctrl_M3	ctrl	3.5234112739563	0.45662334561348	7.71623112966891
893	mut_M1	mut	5.10796117782593	1.19431406259537	4.27689946706799
893	mut_M2	mut	3.35378670692444	1.0651760995388	3.14857487731517
893	mut_M3	mut	3.17729759216309	1.88851824402809	1.68242885776211
894	ctrl_M1	ctrl	5.0134801864624	2.85411719977856	1.7565782466296
894	ctrl_M2	ctrl	7.08645057678223	3.10494574904442	2.28231059398161
894	ctrl_M3	ctrl	3.77454376220703	2.90440210700035	1.29959407242868
894	mut_M1	mut	6.74402570724487	3.38258484005928	1.99374916702065
894	mut_M2	mut	5.56606340408325	4.19216358661652	1.32773048786858
894	mut_M3	mut	3.20978903770447	2.99417930841446	1.07200962503618
895	ctrl_M1	ctrl	5.7818398475647	4.03455823659897	1.43307879289373
895	ctrl_M2	ctrl	9.07593536376953	4.30399882793427	2.10872161601531
895	ctrl_M3	ctrl	7.33993816375732	4.32993364334106	1.69516181270937
895	mut_M1	mut	8.27377605438232	3.74426710605621	2.20971843621941
895	mut_M2	mut	8.13635921478271	4.54945003986359	1.78842698424856
895	mut_M3	mut	8.59605121612549	3.30445602536201	2.6013513722531
896	ctrl_M1	ctrl	3.54797124862671	0.827120363712311	4.2895464847493
896	ctrl_M2	ctrl	6.81155204772949	1.95871517062187	3.47756128603777
896	ctrl_M3	ctrl	5.43496179580688	4.30246299505234	1.26322104386647
896	mut_M1	mut	10.4669637680054	5.07965475320816	2.06056597870057
896	mut_M2	mut	2.78969383239746	3.31685799360275	0.841065200191857
896	mut_M3	mut	7.03625297546387	2.83156922459602	2.48493058702025
897	ctrl_M1	ctrl	1.23256957530975	0.574490740895271	2.14549946164311
897	ctrl_M2	ctrl	7.17100238800049	1.99022440612316	3.60311247612985
897	ctrl_M3	ctrl	4.66664695739746	2.28316777944565	2.04393518488182
897	mut_M1	mut	3.85127067565918	2.43164706230164	1.58381153883978
897	mut_M2	mut	8.25423622131348	2.61857672035694	3.15218422173567
897	mut_M3	mut	3.35010361671448	1.17323602735996	2.8554387511036
898	ctrl_M1	ctrl	0.9937704205513	0.865212574601173	1.14858527224871
898	ctrl_M2	ctrl	0.436018049716949	0.441462069749832	0.987668204346598
898	ctrl_M3	ctrl	3.53541827201843	0.574315890669823	6.15587750479111
898	mut_M1	mut	3.39120984077454	1.08797051012516	3.11700529491779
898	mut_M2	mut	4.67168092727661	0.420096442103386	11.120496293389
898	mut_M3	mut	3.48302316665649	0.406880423426628	8.56031149722931
899	ctrl_M1	ctrl	0	1.36121344566345	0
899	ctrl_M2	ctrl	2.18494248390198	0.938600808382034	2.32787193915632
899	ctrl_M3	ctrl	2.20446968078613	0.48955462872982	4.5030105966024
899	mut_M1	mut	2.41991758346558	1.41079688072205	1.71528418905141
899	mut_M2	mut	1.98973333835602	0.684653103351593	2.90619195124603
899	mut_M3	mut	1.00827288627625	0.990912407636642	1.0175196904447
900	ctrl_M1	ctrl	3.44694185256958	0.704908460378647	4.88991414675039
900	ctrl_M2	ctrl	4.57569456100464	0.196684092283249	23.2641822116203
900	ctrl_M3	ctrl	6.07467317581177	2.59713160991669	2.33899320027399
900	mut_M1	mut	7.49470186233521	0.733005657792091	10.2246166624555
900	mut_M2	mut	6.312828540802	1.22285670042038	5.16236165581122
900	mut_M3	mut	1.17753326892853	1.81315675377846	0.649438205756151
901	ctrl_M1	ctrl	0	0	NA
901	ctrl_M2	ctrl	0.691329836845398	0	NA
901	ctrl_M3	ctrl	0	0.283473134040833	0
901	mut_M1	mut	0.695106983184814	0.429404050111771	1.61877137163444
901	mut_M2	mut	2.12918066978455	0.427099525928497	4.98520963036845
901	mut_M3	mut	1.27306735515594	0.708650797605515	1.79646641118243
902	ctrl_M1	ctrl	0.898300290107727	0.366600573062897	2.45035157092787
902	ctrl_M2	ctrl	1.44526588916779	1.00932486355305	1.43191349124218
902	ctrl_M3	ctrl	2.10780477523804	0.827853977680206	2.54610696096971
902	mut_M1	mut	2.23452544212341	0.67682820558548	3.30146619730552
902	mut_M2	mut	5.38646507263184	1.33587070554495	4.03217545700615
902	mut_M3	mut	2.59566807746887	0.563372269272804	4.60737636380175
903	ctrl_M1	ctrl	2.2840416431427	1.23820425570011	1.84464044007929
903	ctrl_M2	ctrl	0.605441272258759	0.818542048335075	0.739658119567875
903	ctrl_M3	ctrl	1.76226091384888	1.12705999612808	1.56359104209445
903	mut_M1	mut	2.41379952430725	0.714541852474213	3.37810796659299
903	mut_M2	mut	3.93298697471619	1.75821840763092	2.23691604959114
903	mut_M3	mut	1.13164889812469	0.508249387145042	2.22656224827232
904	ctrl_M1	ctrl	4.84582853317261	0.312664419412613	15.498496894134
904	ctrl_M2	ctrl	1.52620947360992	0.262225866317749	5.82020948215901
904	ctrl_M3	ctrl	0.801271498203278	0.646137356758118	1.24009467928541
904	mut_M1	mut	5.24528121948242	0.420864507555962	12.4631113465537
904	mut_M2	mut	6.05662965774536	0.575234860181808	10.5289683866362
904	mut_M3	mut	3.40161561965942	0.318975567817688	10.6641886177428
905	ctrl_M1	ctrl	7.78790712356567	9.36070647835732	0.831978562897141
905	ctrl_M2	ctrl	9.07667827606201	12.4310575127602	0.730161393489253
905	ctrl_M3	ctrl	6.81743955612183	13.0091688930988	0.524048816042228
905	mut_M1	mut	7.15493059158325	12.0837491750717	0.592111809664469
905	mut_M2	mut	7.99028015136719	9.40183159708977	0.849864206655275
905	mut_M3	mut	10.567850112915	9.28382632881403	1.13830760492749
906	ctrl_M1	ctrl	1.6431667804718	1.06276115775108	1.54612987921851
906	ctrl_M2	ctrl	8.88089084625244	3.03156900405884	2.92947013060306
906	ctrl_M3	ctrl	2.19545698165894	1.55318439006805	1.4135198600359
906	mut_M1	mut	6.932532787323	1.82441705465317	3.79986186252842
906	mut_M2	mut	2.96600103378296	1.37497462332249	2.15713147244559
906	mut_M3	mut	3.82903242111206	1.83640801906586	2.08506627141598
907	ctrl_M1	ctrl	0.805041134357452	0.760449677705765	1.05863827411462
907	ctrl_M2	ctrl	1.85560154914856	1.47970439493656	1.25403530292827
907	ctrl_M3	ctrl	2.21528649330139	0.617551401257515	3.58720988858647
907	mut_M1	mut	2.21131348609924	1.00956659018993	2.1903592171005
907	mut_M2	mut	4.02779960632324	1.91468366980553	2.10363710196178
907	mut_M3	mut	2.45952463150024	1.86315929889679	1.32008284689161
908	ctrl_M1	ctrl	0.717795491218567	1.14519155025482	0.626790767936462
908	ctrl_M2	ctrl	0	0.292450904846191	0
908	ctrl_M3	ctrl	1.59301257133484	1.49887511134148	1.06280540605489
908	mut_M1	mut	3.26022338867188	0.47785496711731	6.82262111522954
908	mut_M2	mut	3.19922924041748	1.05040839314461	3.04570037834518
908	mut_M3	mut	0.645463764667511	2.23960512876511	0.288204271537551
909	ctrl_M1	ctrl	2.42380738258362	0.703032582998276	3.44764587189775
909	ctrl_M2	ctrl	4.93740320205688	0.411364108324051	12.0025133504537
909	ctrl_M3	ctrl	2.54494428634644	0	NA
909	mut_M1	mut	3.15968823432922	0.532773315906525	5.93064280810113
909	mut_M2	mut	8.09745597839355	0.978630989789963	8.27426891532574
909	mut_M3	mut	4.11157131195068	0.320102751255035	12.8445359992388
910	ctrl_M1	ctrl	1.59153652191162	1.27820655703545	1.24513249689697
910	ctrl_M2	ctrl	2.41551613807678	2.17341956496239	1.11138970910966
910	ctrl_M3	ctrl	1.61771380901337	1.44735595583916	1.11770280316112
910	mut_M1	mut	2.31915330886841	0.586166262626648	3.95647695327284
910	mut_M2	mut	2.26573085784912	0.560498803853989	4.04234735608704
910	mut_M3	mut	0.781283438205719	0.900860905647278	0.867263118321645
911	ctrl_M1	ctrl	0	0.16763411462307	0
911	ctrl_M2	ctrl	0.430998593568802	0.200751110911369	2.14693005489312
911	ctrl_M3	ctrl	1.34029853343964	0.380126923322678	3.52592371443761
911	mut_M1	mut	1.29721820354462	0.441232070326805	2.93999074587623
911	mut_M2	mut	1.23246657848358	0.517167672514915	2.38310831086998
911	mut_M3	mut	1.1352424621582	0.890997797250748	1.27412488073606
912	ctrl_M1	ctrl	2.92399406433105	0.480672836303711	6.08312732380729
912	ctrl_M2	ctrl	3.22319912910461	1.05871316790581	3.04444983477468
912	ctrl_M3	ctrl	2.92327761650085	1.66107618808746	1.75986967814322
912	mut_M1	mut	2.4239559173584	0.950752004981041	2.54951438930359
912	mut_M2	mut	4.34600496292114	1.9114027172327	2.27372542883753
912	mut_M3	mut	3.7605128288269	0.916366934776306	4.10371946664016
913	ctrl_M1	ctrl	2.93469142913818	1.4820049405098	1.98021703499091
913	ctrl_M2	ctrl	5.26116275787354	1.28546288609505	4.09281575904209
913	ctrl_M3	ctrl	1.95294570922852	1.61670431494713	1.20797952425356
913	mut_M1	mut	2.82735538482666	1.6903133392334	1.67268122377177
913	mut_M2	mut	2.52184534072876	1.62520410120487	1.55170992914622
913	mut_M3	mut	2.59651064872742	2.17764990031719	1.19234531149806
914	ctrl_M1	ctrl	0	1.78839692473412	0
914	ctrl_M2	ctrl	4.73659801483154	2.05433633923531	2.3056584865722
914	ctrl_M3	ctrl	3.7610194683075	2.31255891919136	1.62634536015308
914	mut_M1	mut	3.08215999603271	2.68929702043533	1.14608389204023
914	mut_M2	mut	5.2624979019165	3.2954103499651	1.59691733139463
914	mut_M3	mut	3.41285014152527	0.967984646558762	3.52572755534722
915	ctrl_M1	ctrl	0.609276056289673	0.163988411426544	3.71536043912827
915	ctrl_M2	ctrl	1.06870973110199	0.348125174641609	3.06990073958947
915	ctrl_M3	ctrl	1.73724269866943	0.332856848835945	5.21918868349819
915	mut_M1	mut	2.22040462493896	0.163445025682449	13.5850241735279
915	mut_M2	mut	2.40052604675293	0.455131553113461	5.27435645876764
915	mut_M3	mut	1.00469648838043	0.498487897217274	2.0154882274755
916	ctrl_M1	ctrl	4.89856100082397	8.61105385422707	0.56886893099842
916	ctrl_M2	ctrl	9.11922168731689	11.1052184700966	0.821165446845782
916	ctrl_M3	ctrl	10.7562303543091	11.8343604207039	0.908898324195987
916	mut_M1	mut	13.4622850418091	11.2258532345295	1.1992215433924
916	mut_M2	mut	9.96702766418457	9.44778719544411	1.05495895049275
916	mut_M3	mut	6.28292322158813	8.20561698079109	0.765685656093396
917	ctrl_M1	ctrl	3.59899401664734	1.70386707782745	2.11225045866624
917	ctrl_M2	ctrl	5.30856990814209	2.34854340553284	2.26036695580582
917	ctrl_M3	ctrl	7.56200361251831	1.97470954060555	3.82942577478986
917	mut_M1	mut	4.0276894569397	2.27615591883659	1.7695138648491
917	mut_M2	mut	8.77633666992188	2.23025883734226	3.93512023043047
917	mut_M3	mut	2.59209609031677	2.05273760855198	1.26275081604086
918	ctrl_M1	ctrl	4.98159599304199	5.1128032207489	0.974337516614283
918	ctrl_M2	ctrl	1.80951523780823	7.64042767882347	0.236834286492045
918	ctrl_M3	ctrl	6.63289308547974	6.77553397417068	0.978947653537756
918	mut_M1	mut	2.10971236228943	7.44474992156029	0.283382569531264
918	mut_M2	mut	6.69606637954712	5.55547714233398	1.20530896050703
918	mut_M3	mut	3.56919074058533	5.18635272979736	0.688188969500495
919	ctrl_M1	ctrl	4.24972724914551	1.43187436461449	2.96794701697847
919	ctrl_M2	ctrl	4.899742603302	1.64724507927895	2.97450735469599
919	ctrl_M3	ctrl	5.12225008010864	2.08233428001404	2.45985965330894
919	mut_M1	mut	9.26107311248779	2.06930369138718	4.47545382102883
919	mut_M2	mut	12.0022306442261	1.64746062457561	7.28529135396959
919	mut_M3	mut	6.1126184463501	1.54238966107368	3.96308313042957
920	ctrl_M1	ctrl	2.5968644618988	0	NA
920	ctrl_M2	ctrl	2.1499137878418	0.883103430271149	2.43449828655029
920	ctrl_M3	ctrl	3.17624926567078	0.25164332985878	12.622028437842
920	mut_M1	mut	1.31775760650635	0.288711905479431	4.56426486575985
920	mut_M2	mut	2.64270830154419	0	NA
920	mut_M3	mut	3.4124813079834	0.316639691591263	10.7771748097469
921	ctrl_M1	ctrl	2.00846648216248	1.2959186732769	1.54983991170048
921	ctrl_M2	ctrl	3.56492590904236	1.08694531023502	3.2797656657367
921	ctrl_M3	ctrl	6.47334623336792	2.35791480541229	2.74536900930822
921	mut_M1	mut	4.38949060440063	1.11536791920662	3.93546427937694
921	mut_M2	mut	7.60974740982056	2.25837051868439	3.36957436650103
921	mut_M3	mut	6.66589117050171	2.45543301105499	2.71475179346785
922	ctrl_M1	ctrl	2.80693674087524	4.22140026092529	0.664930252375544
922	ctrl_M2	ctrl	3.68572115898132	6.07014158368111	0.607188664081571
922	ctrl_M3	ctrl	4.709801197052	4.76455998420715	0.988507063120906
922	mut_M1	mut	5.4451379776001	5.60353296995163	0.971733013225601
922	mut_M2	mut	5.28205728530884	3.61593233048916	1.46077326745611
922	mut_M3	mut	6.72726678848267	2.56182196736336	2.62596967087702
923	ctrl_M1	ctrl	2.77027225494385	1.5046760737896	1.84110872977915
923	ctrl_M2	ctrl	1.89587318897247	0.636186495423317	2.9800588390531
923	ctrl_M3	ctrl	2.12984991073608	0.670147329568863	3.1781815979276
923	mut_M1	mut	3.08228421211243	0.314789772033691	9.79156404034161
923	mut_M2	mut	4.36441230773926	1.57162137329578	2.77701256924677
923	mut_M3	mut	4.45317983627319	1.56547549366951	2.84461804370686
924	ctrl_M1	ctrl	1.1219699382782	0.200715884566307	5.5898412858677
924	ctrl_M2	ctrl	1.45027124881744	0.182405263185501	7.95081909090835
924	ctrl_M3	ctrl	1.09916365146637	0.738639831542969	1.48809149537778
924	mut_M1	mut	2.01203799247742	0	NA
924	mut_M2	mut	3.22609996795654	0.19958333671093	16.1641749312425
924	mut_M3	mut	2.23436212539673	0.333191990852356	6.70592987448735
925	ctrl_M1	ctrl	0	0	NA
925	ctrl_M2	ctrl	1.97540903091431	0	NA
925	ctrl_M3	ctrl	1.44351387023926	0	NA
925	mut_M1	mut	0	0.401600360870361	0
925	mut_M2	mut	0.534001588821411	0.177978828549385	3.00036579167189
925	mut_M3	mut	0.974380016326904	0.180123299360275	5.40951681313581
926	ctrl_M1	ctrl	1.90198230743408	4.69173055887222	0.405390352998292
926	ctrl_M2	ctrl	6.60989093780518	5.83420073986053	1.13295569222446
926	ctrl_M3	ctrl	6.642897605896	5.74166037142277	1.15696456707172
926	mut_M1	mut	4.82440948486328	4.02925705909729	1.19734467523503
926	mut_M2	mut	5.85610246658325	3.7613231241703	1.5569261861476
926	mut_M3	mut	1.82842004299164	3.47636264562607	0.525957798244134
927	ctrl_M1	ctrl	1.23671996593475	3.01211813092232	0.410581495207184
927	ctrl_M2	ctrl	1.27050852775574	4.7211522758007	0.269109838771354
927	ctrl_M3	ctrl	3.85096526145935	3.5011810362339	1.09990463835075
927	mut_M1	mut	2.79322648048401	4.43868181109428	0.629291893260397
927	mut_M2	mut	4.11987113952637	3.42493037879467	1.20290653644652
927	mut_M3	mut	2.52448773384094	2.77674977481365	0.909152044141378
928	ctrl_M1	ctrl	0.523441076278687	0	NA
928	ctrl_M2	ctrl	0.596788763999939	0.290645629167557	2.0533209658415
928	ctrl_M3	ctrl	1.42542290687561	0	NA
928	mut_M1	mut	2.08599877357483	0.215887442231178	9.66243683289871
928	mut_M2	mut	1.02224099636078	4.48059749603271	0.228148365762805
928	mut_M3	mut	1.78537154197693	0.298377871513367	5.98359232513309
929	ctrl_M1	ctrl	2.24883842468262	0.129281282424927	17.3949266475486
929	ctrl_M2	ctrl	2.01086688041687	0.564556121826172	3.56185470792932
929	ctrl_M3	ctrl	1.92340528964996	1.17693568021059	1.63424843174591
929	mut_M1	mut	1.66595697402954	1.38722237944603	1.20093000135625
929	mut_M2	mut	2.09903526306152	0.502454847097397	4.17755998412061
929	mut_M3	mut	2.58404064178467	0.296673744916916	8.71004153909317
930	ctrl_M1	ctrl	0	0.375133097171783	0
930	ctrl_M2	ctrl	2.00112199783325	1.58675484359264	1.26114125689538
930	ctrl_M3	ctrl	1.95037531852722	1.10820126533508	1.75994684317338
930	mut_M1	mut	3.31380271911621	1.05098256468773	3.15305203954627
930	mut_M2	mut	0.976505815982819	2.30437827110291	0.423761076134193
930	mut_M3	mut	6.19239139556885	1.94394060969353	3.18548383869871
931	ctrl_M1	ctrl	4.56125926971436	0	NA
931	ctrl_M2	ctrl	0.979985237121582	1.60553312301636	0.610379956086149
931	ctrl_M3	ctrl	1.05578684806824	0	NA
931	mut_M1	mut	2.07869553565979	3.71851396560669	0.559012432086064
931	mut_M2	mut	0.994354426860809	0.431121468544006	2.30643681517176
931	mut_M3	mut	2.76206803321838	1.93424108624458	1.42798540102416
932	ctrl_M1	ctrl	0.610550582408905	0.19033807516098	3.20771649021104
932	ctrl_M2	ctrl	2.02191638946533	0.787264242768288	2.5682817529672
932	ctrl_M3	ctrl	2.59119081497192	0.762939497828484	3.39632542599656
932	mut_M1	mut	1.17889153957367	0.783886834979057	1.5039052666386
932	mut_M2	mut	3.29629778862	0.599567711353302	5.49779070187056
932	mut_M3	mut	3.7968955039978	0.598727121949196	6.34161267262582
933	ctrl_M1	ctrl	2.53097748756409	1.24379105865955	2.03488959817073
933	ctrl_M2	ctrl	3.82144212722778	1.24550461769104	3.06818784366461
933	ctrl_M3	ctrl	3.04473328590393	1.3396455347538	2.2727902321292
933	mut_M1	mut	4.15078926086426	1.23854732513428	3.35133682551391
933	mut_M2	mut	6.30967855453491	1.47192171216011	4.28669439577406
933	mut_M3	mut	4.07453489303589	0.168498158454895	24.1814802630415
934	ctrl_M1	ctrl	0	0.46646711230278	0
934	ctrl_M2	ctrl	0	0.862445443868637	0
934	ctrl_M3	ctrl	0	0.70961831510067	0
934	mut_M1	mut	4.63619518280029	1.21631067991257	3.81168665158277
934	mut_M2	mut	2.96055865287781	0.66655196249485	4.44160218476692
934	mut_M3	mut	1.61421227455139	1.77117562294006	0.911379003665305
935	ctrl_M1	ctrl	3.48255252838135	1.62862855195999	2.13833444353547
935	ctrl_M2	ctrl	7.78153419494629	2.13039292395115	3.65262863364858
935	ctrl_M3	ctrl	3.77969932556152	1.65535047650337	2.28332270368838
935	mut_M1	mut	3.37259840965271	2.00963550806046	1.67821398264787
935	mut_M2	mut	7.55311679840088	1.98184582591057	3.81115256275324
935	mut_M3	mut	6.05424928665161	0.907052233815193	6.67464238656528
936	ctrl_M1	ctrl	1.64994251728058	0.659629136323929	2.50131843246889
936	ctrl_M2	ctrl	0	0	NA
936	ctrl_M3	ctrl	1.79850399494171	0.432519763708115	4.1582007248007
936	mut_M1	mut	1.54880154132843	0.368475794792175	4.20326535207549
936	mut_M2	mut	3.4351053237915	0.404632389545441	8.48944724284297
936	mut_M3	mut	3.4323673248291	0.269826114177704	12.7206639553375
937	ctrl_M1	ctrl	2.93754959106445	1.62811523675919	1.80426392723388
937	ctrl_M2	ctrl	1.56214547157288	0.905403316020966	1.72535868151901
937	ctrl_M3	ctrl	2.39539408683777	1.3854615688324	1.72895022187912
937	mut_M1	mut	3.44332504272461	1.48980811238289	2.31125405621342
937	mut_M2	mut	3.56809592247009	0.876446664333344	4.07109304841055
937	mut_M3	mut	5.65297746658325	0.606030285358429	9.32787948582449
938	ctrl_M1	ctrl	0.792150318622589	0.528256699442863	1.49955565061086
938	ctrl_M2	ctrl	2.4256067276001	1.76981222629547	1.3705446778822
938	ctrl_M3	ctrl	0.838949859142303	0.352416008710861	2.38056682558543
938	mut_M1	mut	0.77709174156189	0.78973975777626	0.983984577083994
938	mut_M2	mut	2.36628723144531	0.915491372346878	2.58471822118792
938	mut_M3	mut	4.07772731781006	0.351851344108582	11.5893469957917
939	ctrl_M1	ctrl	3.13986611366272	4.79694801568985	0.654554959401864
939	ctrl_M2	ctrl	4.0948314666748	4.33374348282814	0.944871675700237
939	ctrl_M3	ctrl	3.99790954589844	6.00831598043442	0.665396020934534
939	mut_M1	mut	4.31209421157837	5.63891816139221	0.764702392934488
939	mut_M2	mut	6.0211009979248	5.92867165803909	1.01559022749394
939	mut_M3	mut	5.46515989303589	7.1447262018919	0.764922229152565
940	ctrl_M1	ctrl	2.12087202072144	1.3477346599102	1.57365695474712
940	ctrl_M2	ctrl	3.86658477783203	2.21523581445217	1.7454506434965
940	ctrl_M3	ctrl	1.97907221317291	1.35950845479965	1.45572630033004
940	mut_M1	mut	8.7346248626709	1.43748159706593	6.07633856356793
940	mut_M2	mut	6.06815576553345	1.16014088690281	5.23053349299102
940	mut_M3	mut	4.38682699203491	1.67131248116493	2.62477965160484
941	ctrl_M1	ctrl	1.45814871788025	1.21043193340302	1.20465156085299
941	ctrl_M2	ctrl	1.28428816795349	1.32754103839397	0.967418807261274
941	ctrl_M3	ctrl	0	1.60391563177109	0
941	mut_M1	mut	0	0.892100438475609	0
941	mut_M2	mut	1.86335861682892	2.71060267090797	0.687433328693927
941	mut_M3	mut	3.16559553146362	1.79642367362976	1.76216533879638
942	ctrl_M1	ctrl	0	0	NA
942	ctrl_M2	ctrl	1.31719756126404	0.742238193750381	1.77462918555633
942	ctrl_M3	ctrl	0	1.17928798496723	0
942	mut_M1	mut	1.58705198764801	0.21645388007164	7.33205608105866
942	mut_M2	mut	3.02500128746033	0.359935969114304	8.40427616863067
942	mut_M3	mut	0	0.508507251739502	0
943	ctrl_M1	ctrl	3.9464259147644	0	NA
943	ctrl_M2	ctrl	1.87209665775299	1.17872756719589	1.58823523760166
943	ctrl_M3	ctrl	0	1.04277470707893	0
943	mut_M1	mut	0	1.88893529772758	0
943	mut_M2	mut	5.82089424133301	1.83594325184822	3.17051969633222
943	mut_M3	mut	6.67136764526367	1.0169118642807	6.56041873400954
944	ctrl_M1	ctrl	2.49709963798523	0.817702919244766	3.0537981205834
944	ctrl_M2	ctrl	1.83284068107605	1.10521337389946	1.65835912264556
944	ctrl_M3	ctrl	2.6409478187561	1.17667885124683	2.24440833278995
944	mut_M1	mut	3.32438611984253	0.471669867634773	7.0481206198584
944	mut_M2	mut	3.04582262039185	0.429890409111977	7.08511414963547
944	mut_M3	mut	2.41703629493713	0.90411713719368	2.67336631007732
945	ctrl_M1	ctrl	2.44794178009033	0.202805861830711	12.0703699488416
945	ctrl_M2	ctrl	2.14110374450684	1.23624676465988	1.73193880519145
945	ctrl_M3	ctrl	2.97304725646973	0.474109500646591	6.2708029525143
945	mut_M1	mut	3.97267508506775	0.798457264900208	4.97543858601407
945	mut_M2	mut	0.553968727588654	0.909142956137657	0.609330715096884
945	mut_M3	mut	3.7968897819519	0.461436957120895	8.2284041695367
946	ctrl_M1	ctrl	1.43642747402191	0.892758518457413	1.60897649736672
946	ctrl_M2	ctrl	4.40381669998169	1.170027166605	3.76385850318331
946	ctrl_M3	ctrl	2.10078740119934	1.32242926955223	1.58858205090293
946	mut_M1	mut	5.43122100830078	0.721414625644684	7.52857069323655
946	mut_M2	mut	5.49998235702515	1.83101823925972	3.00378349002618
946	mut_M3	mut	4.83527803421021	0	NA
947	ctrl_M1	ctrl	1.08866477012634	1.88667500019073	0.577028248117075
947	ctrl_M2	ctrl	2.16848611831665	1.36533057689667	1.58824987516614
947	ctrl_M3	ctrl	0	0.314045906066895	0
947	mut_M1	mut	0.938256323337555	0.771129369735718	1.2167301106157
947	mut_M2	mut	0.987616002559662	1.10579186677933	0.893130101812144
947	mut_M3	mut	1.96472454071045	0.2377849817276	8.26260988577144
948	ctrl_M1	ctrl	0.834830641746521	18.1827312111855	0.0459133796815387
948	ctrl_M2	ctrl	2.2289559841156	16.6553521752357	0.133828210935687
948	ctrl_M3	ctrl	3.31756496429443	12.2820436954498	0.270115059558329
948	mut_M1	mut	0.992532014846802	18.3167569339275	0.0541871041051141
948	mut_M2	mut	5.38206434249878	13.6231234371662	0.395068309211351
948	mut_M3	mut	7.80715417861938	13.9784052371979	0.558515370397461
949	ctrl_M1	ctrl	0.411902070045471	0	NA
949	ctrl_M2	ctrl	0.939687013626099	0.435598865151405	2.15723016931985
949	ctrl_M3	ctrl	0.432392954826355	0.888393625617027	0.486713256779662
949	mut_M1	mut	1.49574255943298	0.782826766371727	1.91069419657877
949	mut_M2	mut	3.27963352203369	0.512053117156029	6.40486975306186
949	mut_M3	mut	2.78488969802856	1.89996291697025	1.46576002781646
950	ctrl_M1	ctrl	0.556164622306824	0.403850913047791	1.37715331162569
950	ctrl_M2	ctrl	2.99267101287842	0.347409784793854	8.61423927554087
950	ctrl_M3	ctrl	2.07474994659424	1.18524315953255	1.75048464098498
950	mut_M1	mut	5.13911437988281	1.37806671857834	3.72922029869824
950	mut_M2	mut	4.30730485916138	0.425875157117844	10.1140082655009
950	mut_M3	mut	3.97478532791138	0.389115899801254	10.2149136798099
951	ctrl_M1	ctrl	0.655124962329865	0.413793101906776	1.58321866486179
951	ctrl_M2	ctrl	0.596020340919495	0	NA
951	ctrl_M3	ctrl	1.86962890625	0.524099059402943	3.56731971314716
951	mut_M1	mut	1.96633899211884	0.331970781087875	5.92322910370335
951	mut_M2	mut	0.553884923458099	0.149987146258354	3.69288260544692
951	mut_M3	mut	2.65966057777405	0.617742121219635	4.30545447107114
952	ctrl_M1	ctrl	5.66032934188843	2.07111458480358	2.73298705123321
952	ctrl_M2	ctrl	9.46058464050293	3.24642199277878	2.91415738974992
952	ctrl_M3	ctrl	5.56651449203491	5.01710857450962	1.10950648353848
952	mut_M1	mut	6.48500537872314	4.71688717603683	1.3748485254574
952	mut_M2	mut	9.44636154174805	6.47130024433136	1.45973161267285
952	mut_M3	mut	6.6964259147644	3.8205451965332	1.75274092316479
953	ctrl_M1	ctrl	2.09555435180664	2.51621568202972	0.832819844011244
953	ctrl_M2	ctrl	4.95490789413452	1.78591102361679	2.77444275140871
953	ctrl_M3	ctrl	3.13694930076599	4.20588248968124	0.745848061248077
953	mut_M1	mut	6.0656270980835	4.56276594102383	1.32937502744716
953	mut_M2	mut	6.97811841964722	4.23270606994629	1.64861870971725
953	mut_M3	mut	4.54178476333618	2.77497170865536	1.63669588023906
954	ctrl_M1	ctrl	5.01838445663452	1.14308673143387	4.39020445136262
954	ctrl_M2	ctrl	2.87298893928528	3.30786424875259	0.868532903177236
954	ctrl_M3	ctrl	2.534907579422	2.24704265594482	1.12810834841768
954	mut_M1	mut	5.73820400238037	4.37640994787216	1.31116693150977
954	mut_M2	mut	2.20722246170044	2.67102348804474	0.826358312302295
954	mut_M3	mut	5.97948360443115	2.81372891366482	2.12511005427421
955	ctrl_M1	ctrl	3.67958664894104	0.881217896938324	4.1755695858258
955	ctrl_M2	ctrl	4.53118848800659	1.0909715294838	4.15335172875737
955	ctrl_M3	ctrl	2.48518919944763	0.343033969402313	7.24473207063928
955	mut_M1	mut	4.38734769821167	0.411776527762413	10.6546813681985
955	mut_M2	mut	8.27771854400635	0.213315367698669	38.8050736021021
955	mut_M3	mut	7.38921546936035	0.329061478376389	22.4554253685945
956	ctrl_M1	ctrl	4.52218341827393	13.9294846653938	0.324648292948608
956	ctrl_M2	ctrl	5.74361038208008	12.5609090328217	0.457260725881544
956	ctrl_M3	ctrl	6.07508754730225	13.613105982542	0.44626755680101
956	mut_M1	mut	6.91381072998047	14.9201497137547	0.463387490247952
956	mut_M2	mut	3.61351823806763	14.7835397422314	0.244428486078005
956	mut_M3	mut	12.5140981674194	13.3631173372269	0.936465485681081
957	ctrl_M1	ctrl	2.53636908531189	1.25045078992844	2.02836377548056
957	ctrl_M2	ctrl	3.58821964263916	1.64509907364845	2.18115717169624
957	ctrl_M3	ctrl	2.97494220733643	0.883912786841393	3.36565128553825
957	mut_M1	mut	1.47359323501587	1.41953149437904	1.03808421359505
957	mut_M2	mut	1.39680373668671	1.16226208209991	1.20179756201203
957	mut_M3	mut	4.49319362640381	1.32178212702274	3.39934512242538
958	ctrl_M1	ctrl	2.56612825393677	0.989059090614319	2.59451460310921
958	ctrl_M2	ctrl	1.21005201339722	1.23332771658897	0.981127722276338
958	ctrl_M3	ctrl	2.1906361579895	1.07261852920055	2.04232548511187
958	mut_M1	mut	6.95038461685181	1.51048043370247	4.60143968883802
958	mut_M2	mut	3.0070207118988	1.42572197318077	2.10912139145206
958	mut_M3	mut	3.58335709571838	1.12004294991493	3.19930329099482
959	ctrl_M1	ctrl	1.77118420600891	1.57407557964325	1.12522183109551
959	ctrl_M2	ctrl	2.05207133293152	2.05642375349998	0.997883500148713
959	ctrl_M3	ctrl	3.04200267791748	2.24819278717041	1.35308799818105
959	mut_M1	mut	3.29976963996887	2.75114133954048	1.19941843501215
959	mut_M2	mut	3.38755035400391	1.13602674007416	2.98192836005143
959	mut_M3	mut	5.35992479324341	2.51225018501282	2.13351553329314
960	ctrl_M1	ctrl	5.11659622192383	1.70813781023026	2.99542354913045
960	ctrl_M2	ctrl	3.2391881942749	1.36204892396927	2.37817316050241
960	ctrl_M3	ctrl	2.7465353012085	2.86864444613457	0.95743315450243
960	mut_M1	mut	4.45781946182251	1.29133370518684	3.45210493919347
960	mut_M2	mut	3.18463134765625	1.44908834993839	2.19767921520565
960	mut_M3	mut	6.22460889816284	3.31016755104065	1.88045130712672
961	ctrl_M1	ctrl	2.7846691608429	1.08847540616989	2.55832069797658
961	ctrl_M2	ctrl	3.35386562347412	1.06261849403381	3.15622741586445
961	ctrl_M3	ctrl	1.99835979938507	0.747861623764038	2.67209833461863
961	mut_M1	mut	1.84389889240265	1.2650226354599	1.45760150112436
961	mut_M2	mut	4.91566467285156	2.62419095635414	1.87321149817581
961	mut_M3	mut	6.19227075576782	1.40642718970776	4.40283777296322
962	ctrl_M1	ctrl	1.14801478385925	1.85147476196289	0.620054244024452
962	ctrl_M2	ctrl	1.17580127716064	2.8036612868309	0.419380644403627
962	ctrl_M3	ctrl	4.52115535736084	0	NA
962	mut_M1	mut	4.0243706703186	0.861879289150238	4.66929733778195
962	mut_M2	mut	3.56468749046326	3.18000286817551	1.1209698979009
962	mut_M3	mut	7.53250789642334	0.894205927848816	8.4236836972712
963	ctrl_M1	ctrl	0.596569716930389	1.25620204210281	0.474899496208241
963	ctrl_M2	ctrl	1.71430552005768	0.571732759475708	2.99843850408316
963	ctrl_M3	ctrl	3.38076639175415	0.530499160289764	6.37280253169023
963	mut_M1	mut	1.45610344409943	0.650290921330452	2.23915696242589
963	mut_M2	mut	0.608612835407257	0.913891017436981	0.66595778248715
963	mut_M3	mut	2.35780596733093	1.07734838873148	2.18852693519793
964	ctrl_M1	ctrl	7.34025430679321	1.45246678590775	5.05364692536208
964	ctrl_M2	ctrl	4.31021165847778	1.32618445158005	3.25008459671088
964	ctrl_M3	ctrl	6.26810026168823	1.20835343003273	5.18730704601753
964	mut_M1	mut	7.62596416473389	2.45423209667206	3.1072709769686
964	mut_M2	mut	6.01698637008667	0	NA
964	mut_M3	mut	9.96640396118164	2.10236829519272	4.74056043556728
965	ctrl_M1	ctrl	2.3313250541687	0.617419838905334	3.77591536142095
965	ctrl_M2	ctrl	0.599313795566559	1.64214661717415	0.364957543558367
965	ctrl_M3	ctrl	0.558566451072693	1.66752886772156	0.334966585517584
965	mut_M1	mut	5.76882314682007	1.85785961151123	3.10509099346186
965	mut_M2	mut	3.13280725479126	1.81903810799122	1.72223288837574
965	mut_M3	mut	2.85196471214294	1.23319655656815	2.31266029486788
966	ctrl_M1	ctrl	2.79817080497742	0.53656017780304	5.21501766387995
966	ctrl_M2	ctrl	2.07825660705566	0	NA
966	ctrl_M3	ctrl	1.61337351799011	0.753596544265747	2.1408982435848
966	mut_M1	mut	3.34744811058044	1.02882167696953	3.25367183207162
966	mut_M2	mut	1.25763046741486	0.728202372789383	1.72703428937961
966	mut_M3	mut	3.70604252815247	0.400833696126938	9.24583577668784
967	ctrl_M1	ctrl	0	0.563212841749191	0
967	ctrl_M2	ctrl	0	0.891499131917953	0
967	ctrl_M3	ctrl	0.453558951616287	0	NA
967	mut_M1	mut	1.29107856750488	0.523723289370537	2.4651921992177
967	mut_M2	mut	0.904865145683289	0.321041166782379	2.81853307085898
967	mut_M3	mut	2.36765766143799	0.697065830230713	3.39660554104961
968	ctrl_M1	ctrl	4.21350526809692	0	NA
968	ctrl_M2	ctrl	2.65452456474304	0.41756072640419	6.35721799701421
968	ctrl_M3	ctrl	2.65991163253784	1.50081446766853	1.77231209442559
968	mut_M1	mut	7.57624864578247	0.216069966554642	35.0638673508866
968	mut_M2	mut	2.41199970245361	1.71372018754482	1.40746413561784
968	mut_M3	mut	5.08581113815308	0.215946644544601	23.5512394687969
969	ctrl_M1	ctrl	0.879459500312805	0.991501092910767	0.886998014022315
969	ctrl_M2	ctrl	1.31810677051544	2.25295168161392	0.5850577184022
969	ctrl_M3	ctrl	2.29280805587769	2.99551013112068	0.765414889456541
969	mut_M1	mut	1.45493388175964	1.27849158644676	1.13800817868756
969	mut_M2	mut	2.08830308914185	2.48813194036484	0.839305607256356
969	mut_M3	mut	4.12476396560669	2.28234380483627	1.80724917817655
970	ctrl_M1	ctrl	0.311704576015472	0.330305442214012	0.943685862170906
970	ctrl_M2	ctrl	1.1576931476593	0.422697275876999	2.73882329915034
970	ctrl_M3	ctrl	0.593109011650085	0.619038976728916	0.958112548557365
970	mut_M1	mut	0.684844434261322	1.54270901530981	0.443923272285921
970	mut_M2	mut	1.44777512550354	0.734581619501114	1.97088395226495
970	mut_M3	mut	1.1158789396286	1.60697557032108	0.694396953032486
971	ctrl_M1	ctrl	1.50757241249084	0	NA
971	ctrl_M2	ctrl	2.09168028831482	0.447819232940674	4.67081387858105
971	ctrl_M3	ctrl	0.759376466274261	0.290531486272812	2.61374929105343
971	mut_M1	mut	0.747280359268188	0.488015472888947	1.53126366023694
971	mut_M2	mut	2.89923334121704	1.87282909452915	1.54805013959159
971	mut_M3	mut	4.32208585739136	0.956482708454132	4.51872869126585
972	ctrl_M1	ctrl	3.26475381851196	2.06860309839249	1.5782408046517
972	ctrl_M2	ctrl	1.58750343322754	0.352684557437897	4.50119915870453
972	ctrl_M3	ctrl	3.87544965744019	1.06855520606041	3.62681276125016
972	mut_M1	mut	4.75728321075439	1.7346460968256	2.74250939108572
972	mut_M2	mut	4.17193555831909	1.42386692762375	2.93000383489595
972	mut_M3	mut	3.47163128852844	1.00426134467125	3.45690024508999
973	ctrl_M1	ctrl	2.17259883880615	0.702148288488388	3.09421652722875
973	ctrl_M2	ctrl	1.34154784679413	1.18300296366215	1.13401900756122
973	ctrl_M3	ctrl	0.730428993701935	0.578990399837494	1.26155631234464
973	mut_M1	mut	0.780297994613647	0.292338967323303	2.66915492572942
973	mut_M2	mut	0.728201448917389	1.10302074253559	0.660188354430599
973	mut_M3	mut	3.11476707458496	0.541781902313232	5.7491161319452
974	ctrl_M1	ctrl	0	0.600659132003784	0
974	ctrl_M2	ctrl	2.59543299674988	0.577475190162659	4.49444935637636
974	ctrl_M3	ctrl	0.90470278263092	1.00327196717262	0.901752278776925
974	mut_M1	mut	3.5212070941925	0	NA
974	mut_M2	mut	0.784596145153046	0.301348656415939	2.60361587300426
974	mut_M3	mut	2.88533353805542	0.338405728340149	8.52625501408541
975	ctrl_M1	ctrl	0	0	NA
975	ctrl_M2	ctrl	0	0	NA
975	ctrl_M3	ctrl	1.16201674938202	0.418696194887161	2.77532197228394
975	mut_M1	mut	1.05818033218384	1.67700779438019	0.63099309122468
975	mut_M2	mut	1.13102996349335	1.41959691047668	0.796726137642523
975	mut_M3	mut	1.30341839790344	0	NA
976	ctrl_M1	ctrl	8.15487003326416	0.934354096651077	8.72781535661152
976	ctrl_M2	ctrl	10.6185283660889	2.23105770349503	4.75941449181462
976	ctrl_M3	ctrl	7.52689695358276	4.30655252933502	1.74777781121016
976	mut_M1	mut	13.1155567169189	4.46894770860672	2.93481991110788
976	mut_M2	mut	9.53192710876465	5.84647434949875	1.63037183419472
976	mut_M3	mut	16.0016689300537	2.1279673576355	7.51969661218584
977	ctrl_M1	ctrl	2.04877281188965	1.78483921289444	1.14787528035491
977	ctrl_M2	ctrl	1.06867945194244	2.91129353642464	0.367080625354903
977	ctrl_M3	ctrl	3.01031517982483	1.29887293279171	2.31763639369608
977	mut_M1	mut	6.46817684173584	1.97504883259535	3.27494527476377
977	mut_M2	mut	3.3449113368988	2.12242662906647	1.57598443738431
977	mut_M3	mut	4.53549909591675	1.57188529521227	2.88538808126217
978	ctrl_M1	ctrl	5.48115730285645	2.33160418272018	2.35080951710329
978	ctrl_M2	ctrl	7.72886180877686	3.95450067520142	1.95444695641206
978	ctrl_M3	ctrl	6.66073989868164	3.18255972862244	2.09288763342856
978	mut_M1	mut	5.51064968109131	3.55841457843781	1.54862497317852
978	mut_M2	mut	10.3804330825806	4.0844325274229	2.54146274002234
978	mut_M3	mut	10.9509000778198	3.58852289617062	3.05164559198041
979	ctrl_M1	ctrl	2.09207534790039	1.53287597000599	1.36480406036518
979	ctrl_M2	ctrl	0.686913967132568	1.65461960434914	0.415149177083982
979	ctrl_M3	ctrl	5.86751508712769	0.535454913973808	10.9580002610914
979	mut_M1	mut	4.76147747039795	1.54167196154594	3.08851531918845
979	mut_M2	mut	4.67432975769043	3.12133404612541	1.49754229717668
979	mut_M3	mut	3.67570447921753	1.56182177364826	2.35347242639053
980	ctrl_M1	ctrl	1.25481808185577	2.74192371964455	0.457641499238514
980	ctrl_M2	ctrl	4.47806549072266	1.90599885582924	2.34945864580511
980	ctrl_M3	ctrl	3.9359302520752	4.46234327554703	0.882032154192059
980	mut_M1	mut	3.14111757278442	7.0300664305687	0.446811933259402
980	mut_M2	mut	4.88149118423462	3.30838385224342	1.47549117703632
980	mut_M3	mut	4.19756460189819	2.79669207334518	1.50090338579084
981	ctrl_M1	ctrl	4.07284259796143	0.596748411655426	6.82505812904143
981	ctrl_M2	ctrl	0	1.51745897531509	0
981	ctrl_M3	ctrl	7.19619750976562	2.46151414513588	2.92348411809284
981	mut_M1	mut	4.18471240997314	1.14450320601463	3.65635708836943
981	mut_M2	mut	1.33803272247314	1.34543338418007	0.994499421677845
981	mut_M3	mut	7.04290819168091	0.955660432577133	7.36967645786932
982	ctrl_M1	ctrl	6.04736995697021	2.44923931360245	2.46908087886091
982	ctrl_M2	ctrl	3.05531573295593	3.20193368196487	0.954209560980361
982	ctrl_M3	ctrl	3.37556791305542	3.15483783185482	1.0699655871284
982	mut_M1	mut	5.59245586395264	2.36766430735588	2.36201384063524
982	mut_M2	mut	9.00361251831055	2.23168551921844	4.03444501511292
982	mut_M3	mut	7.09951591491699	2.722293227911	2.60791741393889
983	ctrl_M1	ctrl	6.12855005264282	1.40592339634895	4.35909244312889
983	ctrl_M2	ctrl	8.15090656280518	3.19056129455566	2.55469361353872
983	ctrl_M3	ctrl	3.97096276283264	1.60394693911076	2.47574446885019
983	mut_M1	mut	5.14380979537964	2.09641693532467	2.45361965394685
983	mut_M2	mut	7.58940458297729	1.77915443480015	4.26573682111514
983	mut_M3	mut	10.066481590271	1.05160892009735	9.57245740112123
984	ctrl_M1	ctrl	1.78355026245117	2.98045343160629	0.598415745583363
984	ctrl_M2	ctrl	4.31486129760742	3.884690284729	1.11073495731937
984	ctrl_M3	ctrl	3.51569104194641	4.02374082803726	0.873736950811846
984	mut_M1	mut	6.47407150268555	4.09091985225677	1.58254664879687
984	mut_M2	mut	7.21326541900635	4.68488132953644	1.53969010346738
984	mut_M3	mut	7.4636402130127	5.51917666196823	1.35231043870066
985	ctrl_M1	ctrl	0	1.06328102946281	0
985	ctrl_M2	ctrl	1.22745156288147	1.69891902804375	0.722489737662685
985	ctrl_M3	ctrl	5.80511474609375	1.30809864401817	4.43782643812075
985	mut_M1	mut	1.08728969097137	1.96659338474274	0.552879766303907
985	mut_M2	mut	8.03053092956543	0.821744114160538	9.77254450768913
985	mut_M3	mut	6.30478811264038	1.25100380182266	5.03978333515418
986	ctrl_M1	ctrl	2.07300090789795	0.807464599609375	2.56729633584036
986	ctrl_M2	ctrl	1.70164108276367	0.610549211502075	2.78706621957187
986	ctrl_M3	ctrl	0.528727412223816	0.885405823588371	0.597158272667544
986	mut_M1	mut	2.08037948608398	0.685958035290241	3.03280868370284
986	mut_M2	mut	2.76293325424194	1.20825424790382	2.28671511731517
986	mut_M3	mut	1.43937754631042	0.367436408996582	3.91735144114097
987	ctrl_M1	ctrl	0	0.961652979254723	0
987	ctrl_M2	ctrl	5.83661985397339	0.850942581892014	6.85900550539621
987	ctrl_M3	ctrl	5.38276195526123	2.1611439883709	2.49070028847029
987	mut_M1	mut	0	1.46839988231659	0
987	mut_M2	mut	0	1.6022107899189	0
987	mut_M3	mut	3.51242613792419	1.83669567108154	1.91236152685866
988	ctrl_M1	ctrl	0.616521894931793	0	NA
988	ctrl_M2	ctrl	1.4428915977478	0	NA
988	ctrl_M3	ctrl	3.78763127326965	0	NA
988	mut_M1	mut	1.90427231788635	0	NA
988	mut_M2	mut	1.60797512531281	0	NA
988	mut_M3	mut	2.01097536087036	0	NA
989	ctrl_M1	ctrl	13.4535245895386	2.67219942808151	5.03462595199994
989	ctrl_M2	ctrl	15.4697265625	2.60461574792862	5.93935077556168
989	ctrl_M3	ctrl	17.8812294006348	2.69531631469727	6.63418586647154
989	mut_M1	mut	20.98388671875	2.41469502449036	8.6900774242407
989	mut_M2	mut	19.6888122558594	3.40337657928467	5.78508190239636
989	mut_M3	mut	20.997428894043	2.08379517495632	10.0765320634179
990	ctrl_M1	ctrl	3.83342027664185	0.943399414420128	4.06341176181258
990	ctrl_M2	ctrl	4.00888729095459	1.59287372231483	2.51676403144419
990	ctrl_M3	ctrl	4.77942752838135	1.32479436695576	3.60767500798179
990	mut_M1	mut	4.19557523727417	1.80594757199287	2.32319880285579
990	mut_M2	mut	4.68664646148682	2.37957626581192	1.96952983975393
990	mut_M3	mut	5.86947011947632	2.5372481495142	2.31332127312819
991	ctrl_M1	ctrl	1.43239092826843	0	NA
991	ctrl_M2	ctrl	1.79198515415192	1.35731276869774	1.32024482159055
991	ctrl_M3	ctrl	0	1.59195491671562	0
991	mut_M1	mut	4.19630908966064	1.35029268264771	3.10770334727162
991	mut_M2	mut	1.30858445167542	1.07521826028824	1.21704076279789
991	mut_M3	mut	5.97290182113647	0.989188879728317	6.03818132567053
992	ctrl_M1	ctrl	0	0.155744478106499	0
992	ctrl_M2	ctrl	1.47190880775452	0.3814567476511	3.85865190960208
992	ctrl_M3	ctrl	0.415892094373703	0	NA
992	mut_M1	mut	0.480072915554047	0	NA
992	mut_M2	mut	0.855585694313049	0.773146763443947	1.10662779017774
992	mut_M3	mut	2.6065411567688	0	NA
993	ctrl_M1	ctrl	3.31792783737183	0.785121485590935	4.22600565423902
993	ctrl_M2	ctrl	0.966471612453461	1.01757711172104	0.949777271246655
993	ctrl_M3	ctrl	3.91011023521423	0.765555858612061	5.10754400378203
993	mut_M1	mut	3.28022336959839	1.40795131027699	2.32978466347183
993	mut_M2	mut	3.64745783805847	1.27512875199318	2.86046239045042
993	mut_M3	mut	3.60978412628174	1.48627515137196	2.42874552733362
994	ctrl_M1	ctrl	1.34947431087494	0	NA
994	ctrl_M2	ctrl	2.52414536476135	0.830479562282562	3.03938288116781
994	ctrl_M3	ctrl	3.89251661300659	1.38996165990829	2.80044890825507
994	mut_M1	mut	3.38955187797546	0.417652368545532	8.11572526160818
994	mut_M2	mut	4.41501998901367	0.821921527385712	5.3715833469608
994	mut_M3	mut	2.54921531677246	0.603316247463226	4.22533841495433
995	ctrl_M1	ctrl	0.468705415725708	0	NA
995	ctrl_M2	ctrl	0.446584701538086	0.20810866355896	2.14592076034145
995	ctrl_M3	ctrl	0	0.778540551662445	0
995	mut_M1	mut	1.15175044536591	0.384485572576523	2.99556219404482
995	mut_M2	mut	0.871726930141449	0	NA
995	mut_M3	mut	1.83128249645233	1.0932924002409	1.67501621345655
996	ctrl_M1	ctrl	2.03675270080566	0.890245497226715	2.2878550996894
996	ctrl_M2	ctrl	1.10855031013489	1.73603403568268	0.638553327497961
996	ctrl_M3	ctrl	1.11103081703186	1.34368166327477	0.826855681221475
996	mut_M1	mut	1.53149950504303	1.41510251164436	1.08225340033028
996	mut_M2	mut	0.982795536518097	1.51397112011909	0.649150781978448
996	mut_M3	mut	3.92412424087524	0	NA
997	ctrl_M1	ctrl	1.82470607757568	1.27022951841354	1.43651682717518
997	ctrl_M2	ctrl	8.66623115539551	0.873492076992989	9.92136206344213
997	ctrl_M3	ctrl	1.58940672874451	2.54424569010735	0.624706464051216
997	mut_M1	mut	4.80633497238159	1.15489453077316	4.16170900832296
997	mut_M2	mut	1.65095853805542	2.42088004946709	0.681966270249056
997	mut_M3	mut	6.54118061065674	2.16563779115677	3.02044073915185
998	ctrl_M1	ctrl	2.51805019378662	0.534213662147522	4.71356382699787
998	ctrl_M2	ctrl	1.08458006381989	2.10571593046188	0.515064756898137
998	ctrl_M3	ctrl	1.94848895072937	1.02971887588501	1.89225330948188
998	mut_M1	mut	3.24888777732849	1.36992238461971	2.37158529111149
998	mut_M2	mut	2.83213472366333	1.64207856357098	1.72472547081083
998	mut_M3	mut	2.87010025978088	1.45426493883133	1.97357454143627
999	ctrl_M1	ctrl	1.35657894611359	0.385339930653572	3.52047332289883
999	ctrl_M2	ctrl	0.552693724632263	1.21586790680885	0.454567244959079
999	ctrl_M3	ctrl	1.32969832420349	0.225840896368027	5.88776588114774
999	mut_M1	mut	1.40313613414764	1.26140163838863	1.11236270149456
999	mut_M2	mut	1.24423539638519	0	NA
999	mut_M3	mut	1.90559446811676	0.502573907375336	3.7916701208557
1000	ctrl_M1	ctrl	3.99924969673157	0.136032089591026	29.3993109181452
1000	ctrl_M2	ctrl	5.0129222869873	1.07506774365902	4.66288967979422
1000	ctrl_M3	ctrl	1.4440826177597	0.290859967470169	4.96487237594088
1000	mut_M1	mut	4.69455146789551	1.3088718354702	3.58671593403875
1000	mut_M2	mut	4.94743824005127	0.611747622489929	8.08738450002348
1000	mut_M3	mut	7.00168895721436	1.68943019211292	4.14440856443884
1001	ctrl_M1	ctrl	4.3047194480896	0.660580456256866	6.51657100556985
1001	ctrl_M2	ctrl	7.30463409423828	1.14216247200966	6.3954422188164
1001	ctrl_M3	ctrl	8.81706523895264	1.00061282515526	8.81166522884069
1001	mut_M1	mut	12.8206834793091	0.57488226890564	22.3014070406361
1001	mut_M2	mut	3.99275660514832	1.31777337193489	3.02992660967624
1001	mut_M3	mut	0	2.23738533258438	0
1002	ctrl_M1	ctrl	1.64450705051422	0.839293152093887	1.95939529163495
1002	ctrl_M2	ctrl	4.37041997909546	1.23137176036835	3.54922868930185
1002	ctrl_M3	ctrl	5.39927959442139	0.830653741955757	6.50003644323433
1002	mut_M1	mut	7.88551664352417	1.78610679507256	4.41491889806278
1002	mut_M2	mut	4.240966796875	0.543690487742424	7.80033289617562
1002	mut_M3	mut	5.04383754730225	0.718006759881973	7.02477724322729
1003	ctrl_M1	ctrl	3.53747510910034	0.180368810892105	19.6124545679709
1003	ctrl_M2	ctrl	3.17262029647827	1.86851269006729	1.69793885443936
1003	ctrl_M3	ctrl	3.27438688278198	1.29775929450989	2.52310801905571
1003	mut_M1	mut	6.83401536941528	1.4728139936924	4.64010757548695
1003	mut_M2	mut	5.08297443389893	1.55774036049843	3.26304342032489
1003	mut_M3	mut	6.6683201789856	1.08046595752239	6.17170780121261
1004	ctrl_M1	ctrl	4.03752756118774	0.991584032773972	4.0717956600135
1004	ctrl_M2	ctrl	3.78935480117798	0.587248489260674	6.45272805375566
1004	ctrl_M3	ctrl	4.54101753234863	0	NA
1004	mut_M1	mut	2.93769502639771	0.245005130767822	11.9903408438479
1004	mut_M2	mut	7.66627264022827	0.526349321007729	14.5649900821582
1004	mut_M3	mut	3.85510754585266	0.712581932544708	5.41005513862195
1005	ctrl_M1	ctrl	0	0.647688806056976	0
1005	ctrl_M2	ctrl	0.857256412506104	0.70241641998291	1.22043902750303
1005	ctrl_M3	ctrl	2.24432229995728	0.796459034085274	2.81787537576852
1005	mut_M1	mut	4.27289628982544	0.206651538610458	20.6768181769018
1005	mut_M2	mut	0.438191592693329	0.937288194894791	0.467509987941879
1005	mut_M3	mut	0.851413369178772	0.995189517736435	0.855528875661107
1006	ctrl_M1	ctrl	2.83147001266479	0.715226024389267	3.9588464570799
1006	ctrl_M2	ctrl	6.05143928527832	1.37823656201363	4.39071161806727
1006	ctrl_M3	ctrl	11.1367444992065	1.30067867040634	8.56225657619752
1006	mut_M1	mut	6.29429626464844	0.985549837350845	6.38658343404275
1006	mut_M2	mut	6.04011297225952	1.330108076334	4.54106931589129
1006	mut_M3	mut	7.20221424102783	2.7469457834959	2.62189894110758
1007	ctrl_M1	ctrl	1.55180108547211	0.602410078048706	2.57598792254375
1007	ctrl_M2	ctrl	2.07689809799194	1.22125589847565	1.70062482448134
1007	ctrl_M3	ctrl	2.70356917381287	0.62128709256649	4.35156179189982
1007	mut_M1	mut	1.56457579135895	1.17619845271111	1.33019711746147
1007	mut_M2	mut	1.43044924736023	0.879985064268112	1.62553809768344
1007	mut_M3	mut	3.04929566383362	0.156475156545639	19.4874108526246
1008	ctrl_M1	ctrl	9.50818634033203	0.442829236388206	21.4714512029117
1008	ctrl_M2	ctrl	8.78689861297607	0.207077965140343	42.4328035434429
1008	ctrl_M3	ctrl	5.35219192504883	0.32785564661026	16.3248429007882
1008	mut_M1	mut	4.58999586105347	0.457908466458321	10.0238283352886
1008	mut_M2	mut	6.77948617935181	0.34021133184433	19.9272791491081
1008	mut_M3	mut	12.2125549316406	0.663497745990753	18.4063246716905
1009	ctrl_M1	ctrl	11.6813640594482	1.32521955668926	8.81466320088973
1009	ctrl_M2	ctrl	6.9891529083252	2.60714170336723	2.68077216489553
1009	ctrl_M3	ctrl	8.54500579833984	2.73449811339378	3.12488999589568
1009	mut_M1	mut	13.1988430023193	2.51586848497391	5.24623726603747
1009	mut_M2	mut	10.4097833633423	1.7928197234869	5.80637485574737
1009	mut_M3	mut	10.0991287231445	2.28674721717834	4.41637302421472
1010	ctrl_M1	ctrl	13.3358783721924	6.83563739061356	1.95093414266016
1010	ctrl_M2	ctrl	8.43872928619385	12.755827948451	0.661558725964046
1010	ctrl_M3	ctrl	11.1117420196533	12.51287548244	0.888024661897023
1010	mut_M1	mut	12.2035789489746	7.89483600854874	1.54576725035963
1010	mut_M2	mut	14.1189060211182	9.82462739944458	1.43709328069952
1010	mut_M3	mut	8.07101726531982	6.17145201563835	1.30779875544167
1011	ctrl_M1	ctrl	5.58614444732666	2.22956830263138	2.5054825370157
1011	ctrl_M2	ctrl	5.76544237136841	2.56434458494186	2.24831031103377
1011	ctrl_M3	ctrl	5.85996532440186	1.28628748655319	4.55571976378667
1011	mut_M1	mut	13.5871458053589	1.57433021068573	8.63042944430365
1011	mut_M2	mut	5.55205917358398	1.4657821059227	3.78777933715394
1011	mut_M3	mut	8.10305881500244	1.81617313623428	4.46161142533118
1012	ctrl_M1	ctrl	0	0.742576465010643	0
1012	ctrl_M2	ctrl	4.03267002105713	1.15630535781384	3.48754763938955
1012	ctrl_M3	ctrl	1.87596666812897	1.67509204149246	1.11991856068848
1012	mut_M1	mut	1.68915867805481	2.26082813739777	0.747141567336935
1012	mut_M2	mut	2.31749510765076	2.3387144356966	0.99092692646782
1012	mut_M3	mut	3.19870448112488	1.11218793690205	2.87604673184528
1013	ctrl_M1	ctrl	1.01724445819855	0.591566115617752	1.71957864276299
1013	ctrl_M2	ctrl	4.55176448822021	1.96775797009468	2.31317293965843
1013	ctrl_M3	ctrl	4.12995338439941	1.00660398602486	4.1028581664065
1013	mut_M1	mut	2.01821398735046	1.40838462114334	1.43299916588982
1013	mut_M2	mut	7.42349004745483	1.7678527534008	4.19915631161834
1013	mut_M3	mut	5.25251817703247	1.21382921934128	4.32722997052494
1014	ctrl_M1	ctrl	0.540933012962341	0.388084724545479	1.39385288507781
1014	ctrl_M2	ctrl	1.73346817493439	0.912564188241959	1.89955752950802
1014	ctrl_M3	ctrl	2.28674650192261	0.976490676403046	2.34180065123198
1014	mut_M1	mut	2.23485517501831	0.98826876282692	2.26138400714555
1014	mut_M2	mut	2.277996301651	0.938835322856903	2.4264066830368
1014	mut_M3	mut	0.542867541313171	0.784683123230934	0.691830275484852
1015	ctrl_M1	ctrl	1.94163107872009	0.753013581037521	2.57848082373875
1015	ctrl_M2	ctrl	4.27052354812622	1.87853771448135	2.27332329567058
1015	ctrl_M3	ctrl	12.4660987854004	1.52322638034821	8.18400924920344
1015	mut_M1	mut	15.8986759185791	0.915753558278084	17.3613040046209
1015	mut_M2	mut	12.6459398269653	1.5197297334671	8.32117681748251
1015	mut_M3	mut	11.517746925354	1.36219067871571	8.45531180422781
1016	ctrl_M1	ctrl	6.01113700866699	0.564531281590462	10.6480140333973
1016	ctrl_M2	ctrl	3.56917762756348	1.1610214561224	3.07417025649456
1016	ctrl_M3	ctrl	4.36587619781494	1.38251104950905	3.15793222727973
1016	mut_M1	mut	13.1464529037476	2.07161921262741	6.34597942692087
1016	mut_M2	mut	5.67772388458252	1.32730677723885	4.2776274347018
1016	mut_M3	mut	5.17329549789429	0.207895651459694	24.8840967166515
1017	ctrl_M1	ctrl	9.46325016021729	1.56209892034531	6.0580351455114
1017	ctrl_M2	ctrl	10.7379684448242	2.24120481312275	4.79115892574879
1017	ctrl_M3	ctrl	11.142297744751	3.26421943306923	3.41346468067383
1017	mut_M1	mut	20.8009300231934	2.97482913732529	6.99231083970617
1017	mut_M2	mut	13.7121133804321	1.99576672911644	6.87059924408236
1017	mut_M3	mut	13.5788402557373	3.41640841960907	3.97459512680018
1018	ctrl_M1	ctrl	0	1.33407962322235	0
1018	ctrl_M2	ctrl	0	1.70697414875031	0
1018	ctrl_M3	ctrl	0	2.577999740839	0
1018	mut_M1	mut	0	1.71358439326286	0
1018	mut_M2	mut	0	1.49207389354706	0
1018	mut_M3	mut	0	1.93508104979992	0
1019	ctrl_M1	ctrl	2.99773693084717	18.7596216797829	0.159797301993452
1019	ctrl_M2	ctrl	4.27754831314087	17.0623918175697	0.250700391766653
1019	ctrl_M3	ctrl	19.0115585327148	15.8036466836929	1.2029855458824
1019	mut_M1	mut	14.3341417312622	15.0122953057289	0.95482678959773
1019	mut_M2	mut	15.0314512252808	17.3613075911999	0.865801792078145
1019	mut_M3	mut	11.9176902770996	13.6945740878582	0.87024906365405
1020	ctrl_M1	ctrl	3.37093353271484	0.280674159526825	12.0101313865079
1020	ctrl_M2	ctrl	1.94645977020264	1.08173134922981	1.79939295610551
1020	ctrl_M3	ctrl	2.83825778961182	1.05716049671173	2.68479365095474
1020	mut_M1	mut	4.54508066177368	0.309647530317307	14.6782396653259
1020	mut_M2	mut	11.3108062744141	0.836417734622955	13.5229154120134
1020	mut_M3	mut	9.78892993927002	1.40390639007092	6.97263721320875
1021	ctrl_M1	ctrl	9.497239112854	1.08071804046631	8.78789726574392
1021	ctrl_M2	ctrl	10.4843502044678	1.06772921979427	9.81929688735864
1021	ctrl_M3	ctrl	9.7313404083252	0.895503923296928	10.866887520155
1021	mut_M1	mut	8.84307861328125	1.41313536465168	6.25777178498463
1021	mut_M2	mut	5.61022138595581	1.30312895774841	4.3051927843345
1021	mut_M3	mut	13.5407524108887	0.910834461450577	14.8663154326901
1022	ctrl_M1	ctrl	6.09891891479492	1.12045902013779	5.44323246560585
1022	ctrl_M2	ctrl	12.7831716537476	2.51941651105881	5.07386198258077
1022	ctrl_M3	ctrl	10.6872682571411	1.02816101908684	10.3945472146309
1022	mut_M1	mut	19.0539970397949	1.92938157916069	9.87570175106766
1022	mut_M2	mut	12.026912689209	1.31537303328514	9.14334746484182
1022	mut_M3	mut	11.9786577224731	0.762647777795792	15.7066709839422
1023	ctrl_M1	ctrl	5.12696409225464	0.276893854141235	18.5159909314546
1023	ctrl_M2	ctrl	5.25883674621582	1.47843065857887	3.55703983524721
1023	ctrl_M3	ctrl	6.57519197463989	1.15872755646706	5.67449348895055
1023	mut_M1	mut	2.92380285263062	1.47087496519089	1.987798366159
1023	mut_M2	mut	3.86733365058899	1.33884088695049	2.88856852840646
1023	mut_M3	mut	4.41990661621094	0.298521369695663	14.805997375387
1024	ctrl_M1	ctrl	11.7568235397339	0.682327657938004	17.2304660421696
1024	ctrl_M2	ctrl	11.5709276199341	1.95867863297462	5.9075171521943
1024	ctrl_M3	ctrl	10.0502471923828	0	NA
1024	mut_M1	mut	30.42165184021	1.17246681451797	25.946706093099
1024	mut_M2	mut	21.2134227752686	1.48543682694435	14.2809323092562
1024	mut_M3	mut	7.9335412979126	0.80641183257103	9.8380764982312
1025	ctrl_M1	ctrl	3.02502274513245	6.94779719412327	0.43539306928693
1025	ctrl_M2	ctrl	6.58412647247314	8.68469002842903	0.758130278791786
1025	ctrl_M3	ctrl	8.28053951263428	8.65198999643326	0.957067624448005
1025	mut_M1	mut	6.94940137863159	8.99135640263557	0.772897999749466
1025	mut_M2	mut	6.63089942932129	8.41833698749542	0.787673318277804
1025	mut_M3	mut	9.90888023376465	7.63021469116211	1.29863714650675
1026	ctrl_M1	ctrl	2.55708503723145	0.896818041801453	2.85128634577309
1026	ctrl_M2	ctrl	4.66424179077148	2.74645529687405	1.69827697398906
1026	ctrl_M3	ctrl	2.41853189468384	2.24378307163715	1.07788133588118
1026	mut_M1	mut	4.01941299438477	3.09856003522873	1.2971873866204
1026	mut_M2	mut	3.81338930130005	2.53097346425056	1.50668877219114
1026	mut_M3	mut	4.25083065032959	1.93979905545712	2.19137680182439
1027	ctrl_M1	ctrl	3.66973447799683	7.06807115674019	0.519198858729277
1027	ctrl_M2	ctrl	5.2379002571106	10.2027900218964	0.513379207635309
1027	ctrl_M3	ctrl	3.49503970146179	7.23004579544067	0.483404918910167
1027	mut_M1	mut	4.19039964675903	9.91300278902054	0.422717488932843
1027	mut_M2	mut	6.19478034973145	8.06418120861053	0.768184666177512
1027	mut_M3	mut	4.79851627349854	8.25266785919666	0.581450308599435
1028	ctrl_M1	ctrl	3.43935227394104	0.60296780616045	5.70403964988112
1028	ctrl_M2	ctrl	2.41602063179016	0.614595085382462	3.93107704446851
1028	ctrl_M3	ctrl	1.27608132362366	1.0142630636692	1.25813644342652
1028	mut_M1	mut	5.25375318527222	0.894481755793095	5.87351631405155
1028	mut_M2	mut	2.81775498390198	1.14136053621769	2.46876853937812
1028	mut_M3	mut	3.93854069709778	0.687792405486107	5.72635095369243
1029	ctrl_M1	ctrl	4.98128652572632	0.250649362802505	19.8735255898146
1029	ctrl_M2	ctrl	4.47387981414795	1.01641573011875	4.40162394340872
1029	ctrl_M3	ctrl	2.96254587173462	0.409687086939812	7.23124053985586
1029	mut_M1	mut	5.5361065864563	0.227190792560577	24.3676538298979
1029	mut_M2	mut	6.73579406738281	0.346036538481712	19.4655572990561
1029	mut_M3	mut	1.00167727470398	1.26740920543671	0.790334542630086
1030	ctrl_M1	ctrl	1.30890893936157	0.635700508952141	2.05900250342589
1030	ctrl_M2	ctrl	3.3406925201416	0.991011753678322	3.37099182501318
1030	ctrl_M3	ctrl	4.93896579742432	0.233812481164932	21.1236191191194
1030	mut_M1	mut	2.72599148750305	0.21452933549881	12.7068472065359
1030	mut_M2	mut	5.13163471221924	0.534503310918808	9.60075383517829
1030	mut_M3	mut	5.49694299697876	0.175395846366882	31.3402119311343
1031	ctrl_M1	ctrl	6.33862638473511	5.95831620693207	1.06382846505538
1031	ctrl_M2	ctrl	11.3954887390137	10.8602953404188	1.04927981991457
1031	ctrl_M3	ctrl	13.9046621322632	8.60086195170879	1.61665914536631
1031	mut_M1	mut	12.007664680481	7.16362309455872	1.67619995105572
1031	mut_M2	mut	10.3563356399536	7.41186988353729	1.3972635519353
1031	mut_M3	mut	8.91962337493896	7.69586879014969	1.15901448142614
1032	ctrl_M1	ctrl	3.20551037788391	0.565978422760963	5.66366180930847
1032	ctrl_M2	ctrl	6.5342903137207	0.847993463277817	7.70559042809503
1032	ctrl_M3	ctrl	4.65664529800415	0.447017572820187	10.41714147528
1032	mut_M1	mut	7.9147834777832	2.12633782625198	3.72226058346255
1032	mut_M2	mut	6.22697353363037	0.985814303159714	6.31657860275692
1032	mut_M3	mut	4.68066024780273	0.533318787813187	8.77647732418213
1033	ctrl_M1	ctrl	2.30542898178101	0.771436333656311	2.98848897984123
1033	ctrl_M2	ctrl	6.9889030456543	1.28074552118778	5.45690219488153
1033	ctrl_M3	ctrl	7.09475755691528	0.650205850601196	10.9115560100779
1033	mut_M1	mut	5.69629096984863	2.83678761124611	2.00800756012412
1033	mut_M2	mut	8.94618701934814	0.551564276218414	16.2196636096235
1033	mut_M3	mut	9.47644233703613	1.4342910349369	6.60705680102993
1034	ctrl_M1	ctrl	4.48957586288452	1.85088688135147	2.42563492567755
1034	ctrl_M2	ctrl	17.0162525177002	1.92441034317017	8.84232023491859
1034	ctrl_M3	ctrl	12.4171524047852	1.47655662894249	8.40953347903651
1034	mut_M1	mut	24.7651329040527	1.25140056014061	19.7899327304681
1034	mut_M2	mut	18.6519355773926	2.4716921299696	7.54622121065782
1034	mut_M3	mut	17.5407600402832	1.38605380058289	12.6551797866047
1035	ctrl_M1	ctrl	6.17546081542969	2.19905354082584	2.80823577088101
1035	ctrl_M2	ctrl	8.05374145507812	2.67934603989124	3.00586088365243
1035	ctrl_M3	ctrl	4.83217477798462	2.57412260770798	1.8772123610255
1035	mut_M1	mut	10.7608938217163	3.26326334476471	3.29758670533904
1035	mut_M2	mut	6.21581125259399	4.16683197021484	1.49173551922073
1035	mut_M3	mut	2.5021960735321	2.44942051172256	1.02154614185558
1036	ctrl_M1	ctrl	1.66275942325592	0.995047405362129	1.6710353841391
1036	ctrl_M2	ctrl	2.74603295326233	0.610688626766205	4.49661715136807
1036	ctrl_M3	ctrl	0.781638324260712	1.26628518104553	0.617268792181029
1036	mut_M1	mut	1.95143830776215	0.32015073299408	6.09537354330603
1036	mut_M2	mut	3.95643734931946	1.11796219646931	3.53897239263947
1036	mut_M3	mut	1.77816724777222	0.435205236077309	4.08581308395919
1037	ctrl_M1	ctrl	3.26706647872925	1.13516283035278	2.87805977378057
1037	ctrl_M2	ctrl	4.51569414138794	1.03115954995155	4.37923902426167
1037	ctrl_M3	ctrl	3.83617091178894	0.849946647882462	4.51342554423421
1037	mut_M1	mut	6.1136999130249	0.979149326682091	6.24388920711569
1037	mut_M2	mut	2.18297457695007	1.36206629872322	1.60269333364783
1037	mut_M3	mut	2.5085186958313	1.39767409861088	1.79478084220382
1038	ctrl_M1	ctrl	3.44514536857605	0.475030735135078	7.25246834311973
1038	ctrl_M2	ctrl	4.16009187698364	0.731299176812172	5.68863197018493
1038	ctrl_M3	ctrl	5.86104965209961	1.23421287536621	4.74881583969908
1038	mut_M1	mut	3.40509414672852	1.46484273672104	2.32454587879557
1038	mut_M2	mut	5.31226110458374	0.987075492739677	5.38181845629587
1038	mut_M3	mut	4.64928483963013	1.49510139226913	3.10967862358408
1039	ctrl_M1	ctrl	0.901538968086243	0	NA
1039	ctrl_M2	ctrl	3.88632202148438	1.77789753675461	2.18590888459101
1039	ctrl_M3	ctrl	0.954115629196167	1.13432765007019	0.841128777154579
1039	mut_M1	mut	0.719205141067505	1.49425718188286	0.481312822041291
1039	mut_M2	mut	1.16313076019287	1.73827123641968	0.669130763843608
1039	mut_M3	mut	3.56489777565002	1.17508405447006	3.03373853307687
1040	ctrl_M1	ctrl	0	0.6216821372509	0
1040	ctrl_M2	ctrl	0	1.40988618135452	0
1040	ctrl_M3	ctrl	2.43757367134094	2.22715604305267	1.09447817046526
1040	mut_M1	mut	5.33960485458374	1.36111751198769	3.92295654677614
1040	mut_M2	mut	4.33556747436523	0.983853280544281	4.40672157129642
1040	mut_M3	mut	3.3351366519928	0.37901958823204	8.79937806789813
1041	ctrl_M1	ctrl	3.89586567878723	0.222069054841995	17.5434874596066
1041	ctrl_M2	ctrl	6.7811541557312	0.618063107132912	10.9716209841222
1041	ctrl_M3	ctrl	6.07667207717896	1.2607896476984	4.81973506704472
1041	mut_M1	mut	8.43639087677002	1.50857725739479	5.59228295098329
1041	mut_M2	mut	5.08955144882202	0.593057066202164	8.58189158998584
1041	mut_M3	mut	2.95742154121399	1.04927058517933	2.81854993648616
1042	ctrl_M1	ctrl	11.5565605163574	0.797900527715683	14.4837108322798
1042	ctrl_M2	ctrl	9.20569133758545	1.19956485927105	7.67419224266002
1042	ctrl_M3	ctrl	13.898980140686	1.23353257775307	11.267623078106
1042	mut_M1	mut	13.5572547912598	0.666305899620056	20.3468929195891
1042	mut_M2	mut	11.8484477996826	1.48296388983727	7.98970755854535
1042	mut_M3	mut	8.74315929412842	0.608956009149551	14.3576205222752
1043	ctrl_M1	ctrl	6.84326457977295	0.404123157262802	16.9336115903963
1043	ctrl_M2	ctrl	4.89995527267456	1.78014589846134	2.75255824643913
1043	ctrl_M3	ctrl	9.19520378112793	1.27362009882927	7.21973827955471
1043	mut_M1	mut	6.55791616439819	0.973882108926773	6.73378851945959
1043	mut_M2	mut	9.60178184509277	0.489683628082275	19.6081332812693
1043	mut_M3	mut	2.84145832061768	0.539163962006569	5.27011914899286
1044	ctrl_M1	ctrl	9.53713798522949	0.699359208345413	13.6369663420791
1044	ctrl_M2	ctrl	12.3883600234985	0.985555306077003	12.5699287976139
1044	ctrl_M3	ctrl	5.53803873062134	0.68565434217453	8.07701255571084
1044	mut_M1	mut	5.64813089370728	1.30947312712669	4.31328507374616
1044	mut_M2	mut	6.6616039276123	1.26925152540207	5.24845059808147
1044	mut_M3	mut	8.53544521331787	1.3890026807785	6.14501709135216
1045	ctrl_M1	ctrl	2.57836651802063	1.99127966165543	1.2948289322039
1045	ctrl_M2	ctrl	2.74152588844299	1.99987635016441	1.37084769676766
1045	ctrl_M3	ctrl	8.66104030609131	1.04527780413628	8.28587412056263
1045	mut_M1	mut	8.90890026092529	1.4813587218523	6.01400601319951
1045	mut_M2	mut	5.2314977645874	1.513557985425	3.45642374786086
1045	mut_M3	mut	10.0723295211792	1.52478328347206	6.60574498052185
1046	ctrl_M1	ctrl	2.63191938400269	2.37984019517899	1.10592273772598
1046	ctrl_M2	ctrl	5.21089315414429	3.824238717556	1.36259620253897
1046	ctrl_M3	ctrl	6.00798797607422	3.11377197504044	1.92948874363101
1046	mut_M1	mut	6.93239593505859	2.64287436008453	2.62305164398237
1046	mut_M2	mut	5.91584157943726	1.99924868345261	2.95903237471233
1046	mut_M3	mut	6.90165281295776	1.57793402671814	4.37385384692676
1047	ctrl_M1	ctrl	6.63374662399292	0.198479741811752	33.4227894667693
1047	ctrl_M2	ctrl	10.8813533782959	3.64466869831085	2.98555349717766
1047	ctrl_M3	ctrl	6.44613885879517	0.190304055809975	33.872840131331
1047	mut_M1	mut	17.748384475708	0	NA
1047	mut_M2	mut	10.2289810180664	0.687537401914597	14.8777084556878
1047	mut_M3	mut	12.5921297073364	0	NA
1048	ctrl_M1	ctrl	7.4765944480896	1.87734135985374	3.98254393578804
1048	ctrl_M2	ctrl	5.75075006484985	1.3224595785141	4.34852615405556
1048	ctrl_M3	ctrl	6.74006175994873	1.08726450800896	6.19910032039159
1048	mut_M1	mut	4.81791400909424	2.1844083070755	2.20559223909219
1048	mut_M2	mut	9.7235860824585	1.1534272134304	8.43016877808839
1048	mut_M3	mut	4.86373805999756	1.20621114969254	4.0322443224284
1049	ctrl_M1	ctrl	4.14915084838867	0.356461271643639	11.6398362976628
1049	ctrl_M2	ctrl	4.32711839675903	0.252252757549286	17.1538992826018
1049	ctrl_M3	ctrl	3.87060356140137	0.453516528010368	8.53464718999806
1049	mut_M1	mut	7.99142932891846	0.593712151050568	13.4601074186838
1049	mut_M2	mut	3.3559741973877	0.547161772847176	6.13342225997398
1049	mut_M3	mut	7.92763757705688	1.0187159627676	7.78199013935095
1050	ctrl_M1	ctrl	3.84627866744995	0.36519031226635	10.5322582178595
1050	ctrl_M2	ctrl	1.55775284767151	0.945381164550781	1.64775109350916
1050	ctrl_M3	ctrl	5.23019981384277	0.114431582391262	45.705911816895
1050	mut_M1	mut	7.06359386444092	0.459859147667885	15.3603421836078
1050	mut_M2	mut	2.3496356010437	0.957264751195908	2.45453057590213
1050	mut_M3	mut	2.58749103546143	1.25924846529961	2.05478990585531
1051	ctrl_M1	ctrl	1.61869466304779	0.45682880282402	3.5433288204276
1051	ctrl_M2	ctrl	1.38047409057617	1.01433688402176	1.36096213429873
1051	ctrl_M3	ctrl	8.94856739044189	1.71232225000858	5.22598324608411
1051	mut_M1	mut	9.59385108947754	0.419144332408905	22.8891347148601
1051	mut_M2	mut	8.15532112121582	0.396765798330307	20.5544962684171
1051	mut_M3	mut	2.68058705329895	1.41035860776901	1.90064217606277
1052	ctrl_M1	ctrl	4.91047859191895	0.259168356657028	18.947060726311
1052	ctrl_M2	ctrl	3.5314929485321	1.63161617517471	2.16441403454091
1052	ctrl_M3	ctrl	1.54991436004639	1.53877624869347	1.0072382917025
1052	mut_M1	mut	1.6418868303299	0.769967019557953	2.13241189378802
1052	mut_M2	mut	3.09780836105347	2.04703828692436	1.51331236979835
1052	mut_M3	mut	4.93287181854248	2.18041568994522	2.26235384440222
1053	ctrl_M1	ctrl	3.48505520820618	1.40995354950428	2.47175178886671
1053	ctrl_M2	ctrl	4.36525392532349	1.94098296761513	2.24899136064395
1053	ctrl_M3	ctrl	5.36757326126099	0.9771828353405	5.49290579729704
1053	mut_M1	mut	6.5761833190918	1.25083577632904	5.25743142588359
1053	mut_M2	mut	4.4232964515686	1.34499821066856	3.28870062166841
1053	mut_M3	mut	3.9642972946167	0.658202797174454	6.02291164916757
1054	ctrl_M1	ctrl	2.21833610534668	0.69987927377224	3.16959822712022
1054	ctrl_M2	ctrl	4.70645809173584	0.371534839272499	12.6676090483238
1054	ctrl_M3	ctrl	2.9317307472229	0.928804889321327	3.15645490342444
1054	mut_M1	mut	2.63665986061096	0.79597407579422	3.31249464121066
1054	mut_M2	mut	1.97779715061188	0.593820214271545	3.33063291393354
1054	mut_M3	mut	2.62509608268738	1.09890328347683	2.38883268633233
1055	ctrl_M1	ctrl	8.67593669891357	0.136305451393127	63.6506948932713
1055	ctrl_M2	ctrl	9.04863548278809	1.30266287922859	6.94626033110461
1055	ctrl_M3	ctrl	8.97824287414551	0.886427849531174	10.1285658825973
1055	mut_M1	mut	10.2825174331665	1.13585168123245	9.05269376544787
1055	mut_M2	mut	5.63742256164551	0.609582394361496	9.24800751102794
1055	mut_M3	mut	6.59068775177002	1.11400087177753	5.91623213117752
1056	ctrl_M1	ctrl	10.1257438659668	2.2787818312645	4.44348981857031
1056	ctrl_M2	ctrl	11.6674308776855	1.9648479372263	5.93808337868427
1056	ctrl_M3	ctrl	15.7230167388916	4.18065857887268	3.76089471126612
1056	mut_M1	mut	14.8034524917603	3.47088776528835	4.26503347063152
1056	mut_M2	mut	16.7644691467285	2.63029488921165	6.37360822753722
1056	mut_M3	mut	12.8133945465088	1.83277961611748	6.99123584408496
1057	ctrl_M1	ctrl	8.47078132629395	1.6168210208416	5.23915833422594
1057	ctrl_M2	ctrl	9.95558261871338	2.12081497907639	4.69422496395656
1057	ctrl_M3	ctrl	11.1254291534424	2.20103430747986	5.0546368657837
1057	mut_M1	mut	14.149730682373	2.12709704041481	6.65213218462928
1057	mut_M2	mut	8.1356840133667	2.09286720305681	3.88733886291678
1057	mut_M3	mut	8.76595115661621	2.37066662311554	3.69767350294744
1058	ctrl_M1	ctrl	9.38941669464111	1.90815658867359	4.9206740947649
1058	ctrl_M2	ctrl	14.7226829528809	4.16474418342113	3.5350749780715
1058	ctrl_M3	ctrl	11.927565574646	1.66821178793907	7.14991085717087
1058	mut_M1	mut	16.9079284667969	1.54044908285141	10.9759736008281
1058	mut_M2	mut	12.8011817932129	2.70582357048988	4.73097430772076
1058	mut_M3	mut	14.3098611831665	0.465632051229477	30.7321223815716
1059	ctrl_M1	ctrl	3.05706357955933	1.0500081628561	2.9114664892165
1059	ctrl_M2	ctrl	2.9033350944519	1.61446186900139	1.79832992664468
1059	ctrl_M3	ctrl	2.26940846443176	1.33351700007915	1.701821922253
1059	mut_M1	mut	7.78997898101807	1.64860498905182	4.72519435083016
1059	mut_M2	mut	2.61643123626709	1.95693272352219	1.337006226539
1059	mut_M3	mut	2.37976312637329	1.4958570599556	1.59090276075171
1060	ctrl_M1	ctrl	0	0.452979117631912	0
1060	ctrl_M2	ctrl	0.961203277111053	0.95027219504118	1.01150310629619
1060	ctrl_M3	ctrl	2.24189734458923	0.607927553355694	3.68777057761933
1060	mut_M1	mut	3.35149669647217	0	NA
1060	mut_M2	mut	1.95208215713501	0.527050167322159	3.70378813662685
1060	mut_M3	mut	1.14262878894806	1.25366708636284	0.911429199487939
1061	ctrl_M1	ctrl	2.81976819038391	0.889963552355766	3.16840861956636
1061	ctrl_M2	ctrl	6.44457006454468	1.80352897942066	3.57331106851127
1061	ctrl_M3	ctrl	1.57282042503357	1.50038814544678	1.04827569439721
1061	mut_M1	mut	5.03069639205933	1.45897686481476	3.44809881046199
1061	mut_M2	mut	5.30157566070557	0.781606405973434	6.78292247886945
1061	mut_M3	mut	3.20457935333252	0.959716737270355	3.33908874242107
1062	ctrl_M1	ctrl	3.70288896560669	0.487296029925346	7.59884903263827
1062	ctrl_M2	ctrl	5.15339612960815	0.505485892295837	10.1949356216496
1062	ctrl_M3	ctrl	7.37634658813477	0.759615406394005	9.71063320470455
1062	mut_M1	mut	5.32206773757935	0.341157600283623	15.6000268883203
1062	mut_M2	mut	3.83730411529541	0.16107152402401	23.8236034491324
1062	mut_M3	mut	4.06167602539062	0.346424013376236	11.7245799037015
1063	ctrl_M1	ctrl	1.14352989196777	0.326954588294029	3.49751902224232
1063	ctrl_M2	ctrl	1.35539841651917	0.704016610980034	1.92523641541976
1063	ctrl_M3	ctrl	1.35761523246765	0.585428774356842	2.31901008616999
1063	mut_M1	mut	2.15474390983582	0.470535755157471	4.57934149789468
1063	mut_M2	mut	1.74199521541595	0.573841609060764	3.03567254083782
1063	mut_M3	mut	1.777498960495	0.857435628771782	2.07304070515607
1064	ctrl_M1	ctrl	1.13674128055573	0.132916837930679	8.55227447668124
1064	ctrl_M2	ctrl	1.42860531806946	0.552617356181145	2.58516187030718
1064	ctrl_M3	ctrl	0.944925308227539	0.809861794114113	1.16677353481179
1064	mut_M1	mut	0.591515719890594	1.0411711037159	0.568125371304965
1064	mut_M2	mut	0.999330699443817	0.265090115368366	3.76977730027828
1064	mut_M3	mut	1.47343647480011	0.145596012473106	10.1200331641794
1065	ctrl_M1	ctrl	5.18803453445435	1.66128438711166	3.12290573167569
1065	ctrl_M2	ctrl	7.75290966033936	0.905642986297607	8.56066880397795
1065	ctrl_M3	ctrl	4.95831727981567	1.09497612714767	4.52824235787834
1065	mut_M1	mut	9.25649738311768	1.77787399291992	5.20649799703471
1065	mut_M2	mut	8.3024263381958	0.709745451807976	11.6977520842811
1065	mut_M3	mut	6.6302695274353	1.22526654601097	5.41128748599322
1066	ctrl_M1	ctrl	6.61830520629883	0.583281263709068	11.3466788976097
1066	ctrl_M2	ctrl	6.33421659469604	2.66588506102562	2.37602764173904
1066	ctrl_M3	ctrl	7.27237844467163	0.247221618890762	29.416434037207
1066	mut_M1	mut	14.1139879226685	0.858127772808075	16.447420034528
1066	mut_M2	mut	10.0898027420044	1.14113780856133	8.84187927724959
1066	mut_M3	mut	3.1822612285614	1.60461482405663	1.98319321300817
1067	ctrl_M1	ctrl	2.24489545822144	1.4580325037241	1.53967449455862
1067	ctrl_M2	ctrl	3.24197101593018	2.39159911870956	1.35556623623421
1067	ctrl_M3	ctrl	4.10492610931396	2.9513932466507	1.39084349873482
1067	mut_M1	mut	3.22891926765442	2.14160804450512	1.50770785342308
1067	mut_M2	mut	6.88689184188843	1.48124560713768	4.64939224710781
1067	mut_M3	mut	3.13325476646423	2.4702787399292	1.26838105992607
1068	ctrl_M1	ctrl	3.50920557975769	1.23289804160595	2.84630639463639
1068	ctrl_M2	ctrl	10.1802768707275	1.19324187934399	8.5316121123107
1068	ctrl_M3	ctrl	9.81414699554443	2.10824367403984	4.65512934600129
1068	mut_M1	mut	6.95066356658936	2.08190950751305	3.33860023286617
1068	mut_M2	mut	5.57795763015747	2.74338075518608	2.03324223938398
1068	mut_M3	mut	9.45832443237305	1.5945029258728	5.93183259741949
1069	ctrl_M1	ctrl	5.03459358215332	1.15387271344662	4.36321400400829
1069	ctrl_M2	ctrl	4.28129911422729	0.811937794089317	5.27293980572646
1069	ctrl_M3	ctrl	5.81307172775269	1.18937849998474	4.88748680746059
1069	mut_M1	mut	6.18997526168823	1.84507802128792	3.35485827172092
1069	mut_M2	mut	6.03385400772095	1.55690835416317	3.87553576393012
1069	mut_M3	mut	10.9946241378784	1.28470349311829	8.55810247015971
1070	ctrl_M1	ctrl	2.28842878341675	1.20163410902023	1.90443061347738
1070	ctrl_M2	ctrl	4.30999279022217	0.763013750314713	5.64864366919268
1070	ctrl_M3	ctrl	4.8181414604187	1.45888012647629	3.30263012908142
1070	mut_M1	mut	6.50741624832153	1.62299263477325	4.00951680796178
1070	mut_M2	mut	5.68317842483521	2.80170273780823	2.02847302397297
1070	mut_M3	mut	5.4786491394043	1.19358947873116	4.59006152201373
1071	ctrl_M1	ctrl	0.87283980846405	0.49336139857769	1.76916923573745
1071	ctrl_M2	ctrl	0.764004409313202	0.839057877659798	0.910550308453183
1071	ctrl_M3	ctrl	0	0.669987469911575	0
1071	mut_M1	mut	3.54164171218872	0.494993284344673	7.15492881257478
1071	mut_M2	mut	2.20029592514038	0.655363112688065	3.35736919356898
1071	mut_M3	mut	1.57866108417511	0.193019643425941	8.17875868049055
1072	ctrl_M1	ctrl	5.44641017913818	0.167603433132172	32.4958151355
1072	ctrl_M2	ctrl	5.72824811935425	0.739480942487717	7.74630932351498
1072	ctrl_M3	ctrl	5.06648302078247	0.618778616189957	8.18787671102572
1072	mut_M1	mut	7.56179046630859	0.93428148329258	8.09369617351235
1072	mut_M2	mut	8.23965644836426	0.947555735707283	8.69569581805543
1072	mut_M3	mut	9.70168876647949	1.15957756340504	8.36657164872267
1073	ctrl_M1	ctrl	2.90446829795837	1.05194118618965	2.76105578533241
1073	ctrl_M2	ctrl	3.6335883140564	1.04570916295052	3.47475994549389
1073	ctrl_M3	ctrl	4.88757514953613	0.544596344232559	8.97467491527815
1073	mut_M1	mut	2.6937153339386	0.518369138240814	5.19651949782397
1073	mut_M2	mut	1.72185754776001	0.251377940177917	6.84967641369538
1073	mut_M3	mut	7.19329118728638	0.78419141471386	9.17287673942606
1074	ctrl_M1	ctrl	4.54162836074829	2.03687490522861	2.22970411638438
1074	ctrl_M2	ctrl	7.76888132095337	1.32729868590832	5.85315227343637
1074	ctrl_M3	ctrl	5.70643329620361	0.615759998559952	9.26730107436172
1074	mut_M1	mut	7.91188716888428	2.00662213563919	3.94288841349994
1074	mut_M2	mut	5.80910110473633	1.03808629512787	5.59597129063416
1074	mut_M3	mut	9.38223934173584	1.07587341964245	8.72057917822145
1075	ctrl_M1	ctrl	9.28014469146729	0.771957069635391	12.0215813242704
1075	ctrl_M2	ctrl	10.4438323974609	1.38145112991333	7.56004477560937
1075	ctrl_M3	ctrl	5.41112279891968	0.909402430057526	5.95019610688459
1075	mut_M1	mut	9.1899881362915	2.33073994517326	3.94294874266135
1075	mut_M2	mut	7.38112926483154	1.6145743727684	4.57156349643753
1075	mut_M3	mut	11.9368543624878	0.309057623147964	38.6233940483419
1076	ctrl_M1	ctrl	2.09464406967163	0.139130845665932	15.0552097893597
1076	ctrl_M2	ctrl	2.76204872131348	0.382950723171234	7.21254342710418
1076	ctrl_M3	ctrl	3.03809857368469	0.50356151163578	6.03322236406763
1076	mut_M1	mut	3.01356434822083	0.75025449693203	4.01672280611981
1076	mut_M2	mut	4.03447151184082	0.604933768510818	6.66927806290693
1076	mut_M3	mut	3.85441064834595	0.736387677490711	5.2342139421454
1077	ctrl_M1	ctrl	3.23835468292236	0.453379034996033	7.14270937329667
1077	ctrl_M2	ctrl	3.88990330696106	0.961379811167717	4.04616704217689
1077	ctrl_M3	ctrl	3.42594742774963	1.48167070746422	2.31221917966706
1077	mut_M1	mut	5.27822303771973	2.42704203724861	2.17475550761507
1077	mut_M2	mut	4.73945474624634	1.48810514807701	3.18489237966205
1077	mut_M3	mut	4.52339649200439	0.726043224334717	6.23020274880913
1078	ctrl_M1	ctrl	1.18266630172729	1.7700305134058	0.668161533244797
1078	ctrl_M2	ctrl	3.55787253379822	0.670526385307312	5.30608878600294
1078	ctrl_M3	ctrl	6.59296607971191	1.1825699955225	5.5751169949132
1078	mut_M1	mut	6.52443885803223	0.651174247264862	10.0194976773681
1078	mut_M2	mut	5.70995378494263	0.69728410243988	8.18884836892569
1078	mut_M3	mut	5.20460176467896	0.887674480676651	5.86318732595717
1079	ctrl_M1	ctrl	1.35581302642822	0.601109445095062	2.25551775552921
1079	ctrl_M2	ctrl	1.14240479469299	0.665252640843391	1.71724954484161
1079	ctrl_M3	ctrl	0	1.03041207790375	0
1079	mut_M1	mut	2.8410017490387	1.46319901943207	1.94163726964594
1079	mut_M2	mut	1.80380308628082	1.43664546310902	1.2555659225605
1079	mut_M3	mut	0	1.09364162385464	0
1080	ctrl_M1	ctrl	3.58678007125854	0.590239673852921	6.07681968893253
1080	ctrl_M2	ctrl	3.62471103668213	0.35474756360054	10.2177193266469
1080	ctrl_M3	ctrl	3.43866539001465	1.25054441392422	2.74973471691748
1080	mut_M1	mut	2.10421204566956	1.69981808960438	1.23790425489547
1080	mut_M2	mut	4.01974534988403	1.23289096355438	3.2604224288377
1080	mut_M3	mut	0.893940210342407	0.868288099765778	1.02954331699761
1081	ctrl_M1	ctrl	7.52892923355103	0.82898260653019	9.08213172899285
1081	ctrl_M2	ctrl	3.82051587104797	0.508950620889664	7.50665332595444
1081	ctrl_M3	ctrl	5.69687652587891	1.14577551186085	4.97207041598109
1081	mut_M1	mut	4.81723070144653	0.20689894258976	23.2830126686445
1081	mut_M2	mut	6.17436838150024	1.05675253272057	5.84277604294412
1081	mut_M3	mut	6.19161796569824	1.12438425421715	5.50667437975566
1082	ctrl_M1	ctrl	5.77792692184448	0.671869784593582	8.59977194143294
1082	ctrl_M2	ctrl	4.14363288879395	0.554999709129333	7.46600911790449
1082	ctrl_M3	ctrl	7.43385887145996	1.43192481994629	5.19151478339401
1082	mut_M1	mut	7.93564987182617	0	NA
1082	mut_M2	mut	5.40311241149902	0	NA
1082	mut_M3	mut	6.43973970413208	0.412499040365219	15.6115265102931
1083	ctrl_M1	ctrl	9.41037178039551	1.12643119692802	8.35414697858089
1083	ctrl_M2	ctrl	15.674955368042	3.22989419102669	4.85308633688071
1083	ctrl_M3	ctrl	10.5597839355469	2.2121387720108	4.77356306446733
1083	mut_M1	mut	15.67396068573	2.5198632478714	6.22016321678179
1083	mut_M2	mut	13.3167943954468	1.89411669969559	7.03060925316111
1083	mut_M3	mut	20.6412467956543	2.0538909137249	10.049826238444
1084	ctrl_M1	ctrl	1.82513105869293	1.35484793782234	1.34711136780891
1084	ctrl_M2	ctrl	11.0965728759766	0.807103946805	13.7486291820322
1084	ctrl_M3	ctrl	8.85269451141357	1.44628781080246	6.12097705953958
1084	mut_M1	mut	7.06299877166748	1.61006577312946	4.38677654636383
1084	mut_M2	mut	9.67709159851074	1.28064066171646	7.55644568207009
1084	mut_M3	mut	8.84041690826416	1.37071979045868	6.44947054080683
1085	ctrl_M1	ctrl	0	0.495727568864822	0
1085	ctrl_M2	ctrl	0	0.591898649930954	0
1085	ctrl_M3	ctrl	0	1.31458486616611	0
1085	mut_M1	mut	10.1196660995483	0.941336184740067	10.7503209412296
1085	mut_M2	mut	17.7389583587646	2.55720001459122	6.93686776847619
1085	mut_M3	mut	0	2.96798884868622	0
1086	ctrl_M1	ctrl	3.78894972801208	1.2058532088995	3.14213181177335
1086	ctrl_M2	ctrl	5.1832103729248	3.01168498396873	1.72103337517541
1086	ctrl_M3	ctrl	6.544517993927	2.71309253573418	2.41219859172847
1086	mut_M1	mut	8.76520729064941	2.39037987589836	3.66686792297197
1086	mut_M2	mut	5.74838495254517	3.27050292491913	1.75764556232198
1086	mut_M3	mut	10.1590452194214	2.04292491078377	4.97279423526334
1087	ctrl_M1	ctrl	7.27969884872437	1.18646410107613	6.13562504092763
1087	ctrl_M2	ctrl	1.66091084480286	2.12619392573833	0.781166207229237
1087	ctrl_M3	ctrl	7.0517520904541	2.03663332015276	3.46245542615653
1087	mut_M1	mut	2.5642261505127	2.64972361922264	0.967733439031265
1087	mut_M2	mut	4.74417066574097	1.37305767834187	3.45518672709375
1087	mut_M3	mut	11.823709487915	2.18550209701061	5.41006549665993
1088	ctrl_M1	ctrl	6.11934804916382	0.966454148292542	6.33175206498417
1088	ctrl_M2	ctrl	5.61363363265991	0.131359159946442	42.7349994849901
1088	ctrl_M3	ctrl	9.21370887756348	0.804958060383797	11.4461974244602
1088	mut_M1	mut	7.21226215362549	0.381404310464859	18.9097552275566
1088	mut_M2	mut	7.6264796257019	1.23314983397722	6.18455228680895
1088	mut_M3	mut	5.99006080627441	0.116157963871956	51.5682317992198
1089	ctrl_M1	ctrl	9.73437786102295	0	NA
1089	ctrl_M2	ctrl	4.5395679473877	0.728344693779945	6.23271918660979
1089	ctrl_M3	ctrl	1.93277943134308	1.82243680953979	1.06054674775316
1089	mut_M1	mut	3.20203256607056	1.71048541367054	1.87200226349741
1089	mut_M2	mut	6.07038688659668	0.204033300280571	29.7519418558105
1089	mut_M3	mut	4.30385065078735	0.922512993216515	4.66535504912638
1090	ctrl_M1	ctrl	1.95586717128754	0.54827493429184	3.5673109401103
1090	ctrl_M2	ctrl	6.21103525161743	1.44734075665474	4.29134274223929
1090	ctrl_M3	ctrl	7.58912420272827	1.25390109419823	6.05241054325814
1090	mut_M1	mut	7.74953985214233	0.682597756385803	11.3530110224422
1090	mut_M2	mut	1.9894859790802	0.532212495803833	3.73814217961072
1090	mut_M3	mut	6.28458499908447	0.635042697191238	9.89631882530241
1091	ctrl_M1	ctrl	6.87138080596924	2.12051372230053	3.24043213382959
1091	ctrl_M2	ctrl	11.8685617446899	2.00847314298153	5.9092459295081
1091	ctrl_M3	ctrl	12.8397417068481	1.89493481814861	6.77582235751666
1091	mut_M1	mut	12.2422780990601	2.36408069729805	5.17845186632249
1091	mut_M2	mut	10.9578475952148	1.56990325450897	6.97995087515262
1091	mut_M3	mut	15.3430099487305	1.20689709484577	12.7127739508654
1092	ctrl_M1	ctrl	10.9135093688965	1.53060227632523	7.13020589195671
1092	ctrl_M2	ctrl	7.55707550048828	2.5380465388298	2.97751652102194
1092	ctrl_M3	ctrl	16.5438652038574	2.80948030948639	5.88858556794152
1092	mut_M1	mut	11.2989625930786	1.53279536962509	7.37147489938089
1092	mut_M2	mut	15.1120853424072	1.34354636073112	11.2479076153231
1092	mut_M3	mut	9.9748067855835	1.510298833251	6.60452525419237
1093	ctrl_M1	ctrl	4.42870092391968	1.30665597319603	3.38933966917646
1093	ctrl_M2	ctrl	6.90573453903198	0.715343847870827	9.65372744811665
1093	ctrl_M3	ctrl	5.16586589813232	0.855212494730949	6.04044717536255
1093	mut_M1	mut	7.63251829147339	2.30368253588676	3.31318147035194
1093	mut_M2	mut	6.11492013931274	1.14156469702721	5.35661286236062
1093	mut_M3	mut	5.19130563735962	1.03536166250706	5.01400218430846
1094	ctrl_M1	ctrl	1.85351395606995	0.362081378698349	5.11905351977273
1094	ctrl_M2	ctrl	4.15907669067383	1.31812086701393	3.15530752509502
1094	ctrl_M3	ctrl	4.19257259368896	0.784010350704193	5.34759852331442
1094	mut_M1	mut	4.76881885528564	1.70920719206333	2.79007652052341
1094	mut_M2	mut	1.49700856208801	0.920549392700195	1.62621210112031
1094	mut_M3	mut	1.10948061943054	1.25903114676476	0.88121776993484
1095	ctrl_M1	ctrl	7.05821704864502	0.435667514801025	16.2009257262814
1095	ctrl_M2	ctrl	7.5688362121582	0.414335235953331	18.2674210527698
1095	ctrl_M3	ctrl	5.82805633544922	1.19345462322235	4.88334974958105
1095	mut_M1	mut	11.2031803131104	0.920945823192596	12.1648635902087
1095	mut_M2	mut	11.2978372573853	0.957035794854164	11.8050310324149
1095	mut_M3	mut	8.5504789352417	0.89753133058548	9.52666346439854
1096	ctrl_M1	ctrl	4.83176136016846	0.801189258694649	6.03073656783753
1096	ctrl_M2	ctrl	3.47169613838196	0.41003080457449	8.46691541135481
1096	ctrl_M3	ctrl	3.16339206695557	0.317090943455696	9.97629270795479
1096	mut_M1	mut	4.12669134140015	1.7719307243824	2.32892363376028
1096	mut_M2	mut	3.90012454986572	0.744956195354462	5.23537434037982
1096	mut_M3	mut	5.94446182250977	0.527489900588989	11.2693376989251
1097	ctrl_M1	ctrl	2.025470495224	0.39400240778923	5.14075664305969
1097	ctrl_M2	ctrl	4.17516088485718	0	NA
1097	ctrl_M3	ctrl	3.42230558395386	0.643452003598213	5.31866489624116
1097	mut_M1	mut	0.97652268409729	0.892479568719864	1.09416811131931
1097	mut_M2	mut	1.95805287361145	0.636155560612679	3.07794664519738
1097	mut_M3	mut	7.83273649215698	0.187691956758499	41.7318708133842
1098	ctrl_M1	ctrl	6.66854047775269	0.550486028194427	12.1139141344336
1098	ctrl_M2	ctrl	5.84257936477661	1.32075116038322	4.4236791456472
1098	ctrl_M3	ctrl	10.8588037490845	2.44181652367115	4.44701870260047
1098	mut_M1	mut	8.78052997589111	1.62798178195953	5.39350628685928
1098	mut_M2	mut	5.55640029907227	0.854278802871704	6.50420012810119
1098	mut_M3	mut	5.97631025314331	0.720949053764343	8.28950426099982
1099	ctrl_M1	ctrl	0.808825790882111	0.946706056594849	0.854357892027573
1099	ctrl_M2	ctrl	0.98651123046875	0.290814787149429	3.39223201178505
1099	ctrl_M3	ctrl	1.85736298561096	0.935353606939316	1.98573349354868
1099	mut_M1	mut	0	0.262671709060669	0
1099	mut_M2	mut	2.58257508277893	0.503364041447639	5.1306308558546
1099	mut_M3	mut	2.75438237190247	0.722516715526581	3.81220574238899
1100	ctrl_M1	ctrl	3.21182537078857	0.851918205618858	3.77011002887937
1100	ctrl_M2	ctrl	4.07965993881226	2.08564126491547	1.95606982247621
1100	ctrl_M3	ctrl	6.98278045654297	2.16531392931938	3.22483514376036
1100	mut_M1	mut	3.26090836524963	0.891170188784599	3.65913088912562
1100	mut_M2	mut	4.1329984664917	2.6545025408268	1.55697664738509
1100	mut_M3	mut	8.24472141265869	2.74499469995499	3.00354729748436
1101	ctrl_M1	ctrl	7.05074405670166	1.35186198353767	5.2155798022004
1101	ctrl_M2	ctrl	6.02329921722412	1.47309997677803	4.08885975980958
1101	ctrl_M3	ctrl	6.6911997795105	1.2647090703249	5.2907027683383
1101	mut_M1	mut	6.60606336593628	1.55337315797806	4.25272146103969
1101	mut_M2	mut	8.99317359924316	2.17622044682503	4.13247362525412
1101	mut_M3	mut	11.1935710906982	1.96128806471825	5.70725498821933
1102	ctrl_M1	ctrl	3.95146155357361	0.642511963844299	6.15002019562576
1102	ctrl_M2	ctrl	5.45909070968628	0.993844658136368	5.49290139559942
1102	ctrl_M3	ctrl	5.4010910987854	0.951469600200653	5.67657768324535
1102	mut_M1	mut	8.59910297393799	1.46286016702652	5.87828089640101
1102	mut_M2	mut	7.64315128326416	1.65463644266129	4.61923301469842
1102	mut_M3	mut	8.1416015625	0.723302781581879	11.2561457937354
1103	ctrl_M1	ctrl	5.22908306121826	1.1020752042532	4.74476064885396
1103	ctrl_M2	ctrl	8.86149311065674	1.43539869785309	6.17354127735436
1103	ctrl_M3	ctrl	4.82223176956177	1.34055268764496	3.59719674877779
1103	mut_M1	mut	8.28419780731201	0.568842425942421	14.5632558851202
1103	mut_M2	mut	7.58972215652466	1.1805823892355	6.42879499620479
1103	mut_M3	mut	10.3996658325195	1.48090097308159	7.02252616586442
1104	ctrl_M1	ctrl	4.19727659225464	0.123867809772491	33.8851280244948
1104	ctrl_M2	ctrl	6.77300453186035	8.51502098143101	0.795418419594088
1104	ctrl_M3	ctrl	6.17301177978516	0.32420913875103	19.0402152251655
1104	mut_M1	mut	2.80956935882568	0.173510357737541	16.1925166627548
1104	mut_M2	mut	4.87959289550781	0.802836120128632	6.07794389560599
1104	mut_M3	mut	5.10982465744019	0.526883661746979	9.69820290213143
1105	ctrl_M1	ctrl	1.34063041210175	0.200176015496254	6.69725795459663
1105	ctrl_M2	ctrl	2.55920720100403	0	NA
1105	ctrl_M3	ctrl	5.51628875732422	0.578261867165565	9.53943026601963
1105	mut_M1	mut	12.1702089309692	0.339450761675835	35.8526487638034
1105	mut_M2	mut	4.8257155418396	0.227969229221344	21.1682759042631
1105	mut_M3	mut	3.52151226997375	0.121015958487988	29.0995692962537
1106	ctrl_M1	ctrl	13.3156394958496	1.92906513810158	6.90263860605232
1106	ctrl_M2	ctrl	18.3952503204346	1.05416452884674	17.450075217916
1106	ctrl_M3	ctrl	7.14643955230713	2.24303336441517	3.18606029927265
1106	mut_M1	mut	8.44938850402832	1.02572020888329	8.2375178248923
1106	mut_M2	mut	9.64148807525635	1.51274812221527	6.3734920134208
1106	mut_M3	mut	9.43680667877197	1.19335842132568	7.90777230891685
1107	ctrl_M1	ctrl	7.63250207901001	0.199662446975708	38.2270286406869
1107	ctrl_M2	ctrl	1.56256568431854	0.850389182567596	1.83747126180587
1107	ctrl_M3	ctrl	3.19374418258667	0.205168902873993	15.5664144899588
1107	mut_M1	mut	1.60982441902161	0.225265324115753	7.14634809125968
1107	mut_M2	mut	4.46746444702148	0.562497198581696	7.94219857145234
1107	mut_M3	mut	5.66028165817261	0.200771793723106	28.1926138787153
1108	ctrl_M1	ctrl	6.60163021087646	1.69817188382149	3.88749235208185
1108	ctrl_M2	ctrl	0	1.48161372542381	0
1108	ctrl_M3	ctrl	1.31552422046661	0.704130411148071	1.8682962696096
1108	mut_M1	mut	2.45725297927856	1.08512419462204	2.2644900845976
1108	mut_M2	mut	3.78601050376892	1.90749976038933	1.98480261040567
1108	mut_M3	mut	9.04151439666748	0.292745560407639	30.8852314756797
1109	ctrl_M1	ctrl	2.7515172958374	0.467613831162453	5.88416576344061
1109	ctrl_M2	ctrl	4.34498119354248	0.867566138505936	5.0082420240895
1109	ctrl_M3	ctrl	3.22539377212524	1.56679789721966	2.05858954613663
1109	mut_M1	mut	3.22918009757996	1.37877127528191	2.34207091159461
1109	mut_M2	mut	2.4668288230896	1.37859451770782	1.78937953938129
1109	mut_M3	mut	5.90012550354004	0.764102041721344	7.72164603859509
1110	ctrl_M1	ctrl	4.20535182952881	2.12490665912628	1.97907602739499
1110	ctrl_M2	ctrl	7.76853895187378	3.0987251996994	2.50701125502429
1110	ctrl_M3	ctrl	7.20977067947388	1.86824351549149	3.85911719735164
1110	mut_M1	mut	7.85713386535645	2.32355010509491	3.38152116802986
1110	mut_M2	mut	6.33941173553467	3.53284779191017	1.79441971716167
1110	mut_M3	mut	8.20515155792236	2.78039611876011	2.95107287143724
1111	ctrl_M1	ctrl	6.03292179107666	0.595217645168304	10.1356568308233
1111	ctrl_M2	ctrl	5.46760177612305	0.506281971931458	10.7995190017615
1111	ctrl_M3	ctrl	3.1852343082428	0.994832813739777	3.20177849408572
1111	mut_M1	mut	5.76832628250122	0.773374855518341	7.45864213368445
1111	mut_M2	mut	6.23901748657227	3.75198197364807	1.66285913162478
1111	mut_M3	mut	4.7639102935791	0.299071192741394	15.9290176025026
1112	ctrl_M1	ctrl	3.55311274528503	1.41859896481037	2.50466328639961
1112	ctrl_M2	ctrl	5.08871030807495	1.06464111804962	4.77974241441779
1112	ctrl_M3	ctrl	2.91249489784241	1.42560559511185	2.04298784167854
1112	mut_M1	mut	5.44254016876221	0.831822752952576	6.54290850958786
1112	mut_M2	mut	1.65323328971863	2.32721501588821	0.710391295360239
1112	mut_M3	mut	5.35320568084717	0.707947969436646	7.56158066970235
1113	ctrl_M1	ctrl	1.93420362472534	0.223086640238762	8.67019030209622
1113	ctrl_M2	ctrl	5.61116552352905	2.49320778250694	2.25058078307736
1113	ctrl_M3	ctrl	4.57646989822388	0	NA
1113	mut_M1	mut	3.66043376922607	1.87272088229656	1.95460722621793
1113	mut_M2	mut	7.52420997619629	1.48804295063019	5.05644677326671
1113	mut_M3	mut	5.79984426498413	1.18149875104427	4.90888734317993
1114	ctrl_M1	ctrl	6.13924598693848	1.57905794680119	3.88791684268155
1114	ctrl_M2	ctrl	7.29783344268799	3.7807155251503	1.93027838094163
1114	ctrl_M3	ctrl	10.7932920455933	3.44851562380791	3.12983707282008
1114	mut_M1	mut	8.26518726348877	3.97045189142227	2.08167419969118
1114	mut_M2	mut	11.7190742492676	3.49170994758606	3.35625651190454
1114	mut_M3	mut	11.7310266494751	3.59345397353172	3.26455458616758
1115	ctrl_M1	ctrl	10.7504272460938	6.57486541569233	1.63507943758598
1115	ctrl_M2	ctrl	6.09843111038208	9.35134166479111	0.652145042817052
1115	ctrl_M3	ctrl	10.7473707199097	9.83400094509125	1.09287875605446
1115	mut_M1	mut	13.6873741149902	7.61040779948235	1.79850731729793
1115	mut_M2	mut	11.7488098144531	8.37913034856319	1.40215145554667
1115	mut_M3	mut	11.1962118148804	8.63303902745247	1.29690272212105
1116	ctrl_M1	ctrl	2.69570016860962	1.49300262331963	1.80555621705195
1116	ctrl_M2	ctrl	4.58112668991089	0.621319353580475	7.37322387192874
1116	ctrl_M3	ctrl	5.16440963745117	0.781903475522995	6.60491965967645
1116	mut_M1	mut	8.87662029266357	0.258884519338608	34.2879532362204
1116	mut_M2	mut	2.34162569046021	1.87462186813354	1.24911894514046
1116	mut_M3	mut	7.21245574951172	1.00854501128197	7.15134740525257
1117	ctrl_M1	ctrl	0.549235105514526	0	NA
1117	ctrl_M2	ctrl	1.40608930587769	0.492178693413734	2.85686748470377
1117	ctrl_M3	ctrl	2.05083918571472	0.504612147808075	4.06418908982497
1117	mut_M1	mut	2.20853567123413	0.321354106068611	6.87259203951978
1117	mut_M2	mut	1.93049955368042	0.506648525595665	3.81033291552707
1117	mut_M3	mut	1.71184957027435	0.633620366454124	2.70169593798607
1118	ctrl_M1	ctrl	2.45293140411377	1.71302625536919	1.43192866800814
1118	ctrl_M2	ctrl	2.92245864868164	1.75671228766441	1.66359549551914
1118	ctrl_M3	ctrl	3.92354679107666	2.95542314648628	1.32757530702207
1118	mut_M1	mut	4.36343812942505	2.14170029759407	2.03737102447379
1118	mut_M2	mut	2.61859369277954	2.1836311519146	1.19919231344706
1118	mut_M3	mut	5.98401641845703	2.22631633281708	2.68785541849982
1119	ctrl_M1	ctrl	1.73733127117157	0.391014218330383	4.44314091336605
1119	ctrl_M2	ctrl	3.0692343711853	0.551320567727089	5.56705944027943
1119	ctrl_M3	ctrl	1.5624086856842	0.685241088271141	2.28008610754231
1119	mut_M1	mut	3.31876730918884	0.383630111813545	8.6509562388102
1119	mut_M2	mut	3.35743308067322	0.749309822916985	4.480700743523
1119	mut_M3	mut	1.42872655391693	0.20538729429245	6.95625578417024
1120	ctrl_M1	ctrl	7.56213569641113	0.628127902746201	12.0391653727675
1120	ctrl_M2	ctrl	12.110424041748	1.84274552762508	6.57194596877186
1120	ctrl_M3	ctrl	8.80223655700684	0.805117651820183	10.9328574986613
1120	mut_M1	mut	14.3070964813232	0.778860971331596	18.36925588512
1120	mut_M2	mut	10.0765380859375	1.20319981873035	8.37478358047835
1120	mut_M3	mut	15.5683536529541	2.44938611984253	6.35602264862797
1121	ctrl_M1	ctrl	1.549471616745	0	NA
1121	ctrl_M2	ctrl	7.16009140014648	0.925606086850166	7.73557078099199
1121	ctrl_M3	ctrl	4.89329051971436	0.293482139706612	16.6732139973018
1121	mut_M1	mut	2.20149064064026	1.13816060125828	1.93425307307811
1121	mut_M2	mut	1.12003135681152	0.528894245624542	2.11768489840335
1121	mut_M3	mut	3.84223175048828	1.39625295996666	2.75181636899092
1122	ctrl_M1	ctrl	1.64208722114563	0.193818435072899	8.47229635575176
1122	ctrl_M2	ctrl	7.08374452590942	1.13170918822289	6.25933287422803
1122	ctrl_M3	ctrl	5.18356657028198	1.12551781535149	4.60549491050323
1122	mut_M1	mut	6.29265594482422	1.13401913642883	5.5489856764151
1122	mut_M2	mut	4.13476419448853	0.879961371421814	4.69880193468914
1122	mut_M3	mut	4.44112205505371	0.187902867794037	23.6352010333429
1123	ctrl_M1	ctrl	7.49755668640137	7.33377462625504	1.02233257340088
1123	ctrl_M2	ctrl	10.8195009231567	10.0223034024239	1.07954234557897
1123	ctrl_M3	ctrl	8.21271419525146	13.6818350553513	0.600264084607517
1123	mut_M1	mut	12.87903881073	7.77376529574394	1.65673111044157
1123	mut_M2	mut	7.65010976791382	10.1983759701252	0.750130196251228
1123	mut_M3	mut	10.8724155426025	8.58158355951309	1.26694746572152
1124	ctrl_M1	ctrl	1.06119477748871	0.607873439788818	1.74574953934059
1124	ctrl_M2	ctrl	4.6766414642334	1.21381260454655	3.85285294181015
1124	ctrl_M3	ctrl	2.84095001220703	1.21346291899681	2.34119227520829
1124	mut_M1	mut	5.1303915977478	1.88346306979656	2.72391409208886
1124	mut_M2	mut	11.0791692733765	0.860661417245865	12.8728545876148
1124	mut_M3	mut	0.85398668050766	1.14319807291031	0.747015500414214
1125	ctrl_M1	ctrl	1.16921639442444	0.160281449556351	7.29477052809766
1125	ctrl_M2	ctrl	1.94483077526093	0.702977761626244	2.76656088061993
1125	ctrl_M3	ctrl	0	0.741153091192245	0
1125	mut_M1	mut	2.36554479598999	0.468556359410286	5.04858113326476
1125	mut_M2	mut	2.14911460876465	0.915780425071716	2.34675753043788
1125	mut_M3	mut	4.92080116271973	0.473511561751366	10.3921457472322
1126	ctrl_M1	ctrl	2.36296963691711	1.35888120532036	1.73890817509691
1126	ctrl_M2	ctrl	6.7565541267395	2.92510764300823	2.30984802999966
1126	ctrl_M3	ctrl	6.55258131027222	3.90722763538361	1.67704109454296
1126	mut_M1	mut	1.93128061294556	1.72071662545204	1.12236993841923
1126	mut_M2	mut	4.46174240112305	2.39187729358673	1.86537261467642
1126	mut_M3	mut	5.25496482849121	2.52375697344542	2.0821992306641
1127	ctrl_M1	ctrl	1.95729684829712	0.275955528020859	7.09279811256099
1127	ctrl_M2	ctrl	11.3912181854248	0.323978513479233	35.1604125319718
1127	ctrl_M3	ctrl	9.09106540679932	0	NA
1127	mut_M1	mut	7.74532794952393	0	NA
1127	mut_M2	mut	7.54075527191162	0.29185077548027	25.837708532734
1127	mut_M3	mut	6.17673444747925	0.282545149326324	21.8610528696263
1128	ctrl_M1	ctrl	1.1493901014328	0.203864499926567	5.63801005985258
1128	ctrl_M2	ctrl	2.64352989196777	0.89231476187706	2.96255313137136
1128	ctrl_M3	ctrl	0.613290071487427	0.504873156547546	1.21474089785495
1128	mut_M1	mut	3.57613158226013	0.369059354066849	9.68985487795651
1128	mut_M2	mut	1.87831091880798	0.902857899665833	2.08040591936249
1128	mut_M3	mut	3.2633330821991	1.04318729043007	3.12823316784634
1129	ctrl_M1	ctrl	4.0532021522522	1.25580261647701	3.22757899933583
1129	ctrl_M2	ctrl	5.14762353897095	2.46348017454147	2.0895737632348
1129	ctrl_M3	ctrl	2.52447128295898	1.44294586777687	1.74952597968793
1129	mut_M1	mut	5.22801351547241	1.49742729961872	3.49133044175406
1129	mut_M2	mut	5.14208936691284	0.691367387771606	7.43756425000991
1129	mut_M3	mut	8.45729160308838	0.6049764752388	13.9795379642656
1130	ctrl_M1	ctrl	3.52973031997681	1.07536020874977	3.28237021535372
1130	ctrl_M2	ctrl	5.07344675064087	1.29120582342148	3.92923162102622
1130	ctrl_M3	ctrl	3.55443572998047	1.27987484633923	2.77717445588299
1130	mut_M1	mut	5.09261894226074	1.31534703075886	3.87169227828999
1130	mut_M2	mut	3.6866614818573	2.18915754556656	1.68405489560286
1130	mut_M3	mut	4.69583606719971	0.383439302444458	12.2466216615338
1131	ctrl_M1	ctrl	6.73901796340942	1.10831272602081	6.0804300132911
1131	ctrl_M2	ctrl	10.6934089660645	0.462844163179398	23.1036919480817
1131	ctrl_M3	ctrl	10.2072553634644	0.869766086339951	11.7356327451411
1131	mut_M1	mut	17.6504287719727	0.752381071448326	23.4594269337422
1131	mut_M2	mut	12.3673076629639	0.879018008708954	14.06945880566
1131	mut_M3	mut	16.6978416442871	3.64585304260254	4.57995466333103
1132	ctrl_M1	ctrl	1.93277943134308	1.55331814289093	1.2442907721054
1132	ctrl_M2	ctrl	1.61226546764374	1.07260824739933	1.50312611482605
1132	ctrl_M3	ctrl	5.27994871139526	2.82774949073792	1.86719111034741
1132	mut_M1	mut	3.88171362876892	2.23564517498016	1.73628341035977
1132	mut_M2	mut	2.86894583702087	1.21527659893036	2.36073486443005
1132	mut_M3	mut	2.28217148780823	0.894822239875793	2.55041882745897
1133	ctrl_M1	ctrl	0.871861577033997	2.08542829751968	0.418073149803784
1133	ctrl_M2	ctrl	2.52164173126221	2.93620313704014	0.85881037979006
1133	ctrl_M3	ctrl	2.7900402545929	1.31989422440529	2.11383624763569
1133	mut_M1	mut	2.30790543556213	1.57094946503639	1.46911500778841
1133	mut_M2	mut	6.0993857383728	1.32773922383785	4.59381302357132
1133	mut_M3	mut	3.19596314430237	1.29182593524456	2.47398899271776
1134	ctrl_M1	ctrl	2.17943620681763	0.493794590234756	4.41364942005844
1134	ctrl_M2	ctrl	1.57289445400238	1.79464121162891	0.876439504347911
1134	ctrl_M3	ctrl	3.54191470146179	1.22986307740211	2.87992603936327
1134	mut_M1	mut	4.55341672897339	1.41552667319775	3.21676504949708
1134	mut_M2	mut	6.63762426376343	1.0857609808445	6.11333836900339
1134	mut_M3	mut	3.88843679428101	0.45400695502758	8.56470754736519
1135	ctrl_M1	ctrl	2.60458850860596	0.56153792142868	4.63831276430858
1135	ctrl_M2	ctrl	1.15522408485413	0.277453571557999	4.16366629691281
1135	ctrl_M3	ctrl	3.23149681091309	0.203927308320999	15.8463171878208
1135	mut_M1	mut	1.75098693370819	0.844954609870911	2.07228520118459
1135	mut_M2	mut	3.26829028129578	1.47212627530098	2.22011544534627
1135	mut_M3	mut	3.22760796546936	0.779752336442471	4.13927322128324
1136	ctrl_M1	ctrl	0	1.41434079408646	0
1136	ctrl_M2	ctrl	3.95868110656738	1.23160776495934	3.21423850936673
1136	ctrl_M3	ctrl	5.91784954071045	0	NA
1136	mut_M1	mut	1.6549060344696	0.302880495786667	5.46389106426725
1136	mut_M2	mut	5.31310415267944	0.730127304792404	7.27695583743455
1136	mut_M3	mut	7.39255523681641	0.796143621206284	9.28545433249282
1137	ctrl_M1	ctrl	4.72438144683838	0.472739458084106	9.99362622698157
1137	ctrl_M2	ctrl	12.8760604858398	0.583931803703308	22.0506237272565
1137	ctrl_M3	ctrl	4.84309816360474	2.50606197118759	1.932553232636
1137	mut_M1	mut	15.926794052124	0.541666209697723	29.4033369019123
1137	mut_M2	mut	9.41713237762451	0.554221868515015	16.991629007453
1137	mut_M3	mut	5.95962810516357	0	NA
1138	ctrl_M1	ctrl	1.27501320838928	0.877970919013023	1.45222715328954
1138	ctrl_M2	ctrl	2.06138396263123	0.864649832248688	2.38406796109611
1138	ctrl_M3	ctrl	0	0.503125339746475	0
1138	mut_M1	mut	2.22278332710266	1.36532498896122	1.62802508199445
1138	mut_M2	mut	4.2061562538147	0.837060049176216	5.02491578466102
1138	mut_M3	mut	1.98870480060577	0.699603006243706	2.84261900371682
1139	ctrl_M1	ctrl	7.79499530792236	1.46341687440872	5.3265719729191
1139	ctrl_M2	ctrl	8.5979642868042	2.84446030855179	3.0227049612732
1139	ctrl_M3	ctrl	3.22570991516113	3.54907515645027	0.908887463061627
1139	mut_M1	mut	14.4933128356934	3.11256124079227	4.65639443354509
1139	mut_M2	mut	13.67942237854	2.34814415872097	5.8256314152327
1139	mut_M3	mut	9.94149875640869	2.81664371490479	3.52955494647812
1140	ctrl_M1	ctrl	5.19990205764771	0.892912074923515	5.82353201808041
1140	ctrl_M2	ctrl	4.17036724090576	0.560053169727325	7.44637735545037
1140	ctrl_M3	ctrl	4.09609460830688	0.670229181647301	6.11148353498938
1140	mut_M1	mut	9.09021663665771	1.0047582834959	9.04716764815284
1140	mut_M2	mut	8.88592338562012	0.993694067001343	8.94231301232888
1140	mut_M3	mut	4.91050004959106	0.882076948881149	5.56697469060911
1141	ctrl_M1	ctrl	2.93706345558167	0.813437759876251	3.61068000584148
1141	ctrl_M2	ctrl	2.303790807724	0.672131985425949	3.42758692887383
1141	ctrl_M3	ctrl	3.2647967338562	1.25674894452095	2.59781139907834
1141	mut_M1	mut	4.23872375488281	0.521724656224251	8.12444592049508
1141	mut_M2	mut	4.65725517272949	0.653517484664917	7.12644310521767
1141	mut_M3	mut	2.86941432952881	0.216244399547577	13.269311647063
1142	ctrl_M1	ctrl	0	1.20132884383202	0
1142	ctrl_M2	ctrl	0.737754702568054	0.852717161178589	0.86518101916509
1142	ctrl_M3	ctrl	5.04072666168213	1.06261341273785	4.74370697871636
1142	mut_M1	mut	2.34654235839844	0.682567238807678	3.43781861329504
1142	mut_M2	mut	2.99984431266785	0.827571958303452	3.62487428744882
1142	mut_M3	mut	4.81275081634521	1.62997430562973	2.95265440671216
1143	ctrl_M1	ctrl	1.34472906589508	0	NA
1143	ctrl_M2	ctrl	0	0.285348206758499	0
1143	ctrl_M3	ctrl	5.58283472061157	0.311328232288361	17.9323111160719
1143	mut_M1	mut	3.68319964408875	2.61309814453125	1.40951446917408
1143	mut_M2	mut	2.47154593467712	0	NA
1143	mut_M3	mut	0	0	NA
1144	ctrl_M1	ctrl	8.20988368988037	0	NA
1144	ctrl_M2	ctrl	7.80745697021484	0.930247634649277	8.39288021749007
1144	ctrl_M3	ctrl	7.36381912231445	0.849994778633118	8.6633698317021
1144	mut_M1	mut	12.170090675354	0.719053193926811	16.9251604445175
1144	mut_M2	mut	11.8149185180664	0.445762187242508	26.504981481614
1144	mut_M3	mut	14.6556777954102	0.997991040349007	14.6851797289532
1145	ctrl_M1	ctrl	1.03387296199799	0	NA
1145	ctrl_M2	ctrl	3.45908999443054	0.367227867245674	9.41946486897854
1145	ctrl_M3	ctrl	2.00788855552673	0.826296895742416	2.42998438681374
1145	mut_M1	mut	1.8090010881424	0	NA
1145	mut_M2	mut	3.50682091712952	0.468988731503487	7.47740975755927
1145	mut_M3	mut	2.69809293746948	0.66361840069294	4.06572954374408
1146	ctrl_M1	ctrl	2.06242847442627	1.67359994351864	1.23233063099306
1146	ctrl_M2	ctrl	4.80093050003052	1.79776710271835	2.67049635782698
1146	ctrl_M3	ctrl	3.31394505500793	2.05014605820179	1.61644339521577
1146	mut_M1	mut	1.53066504001617	1.3576280772686	1.12745535072883
1146	mut_M2	mut	5.62948274612427	2.60288423299789	2.16278644849312
1146	mut_M3	mut	3.5381555557251	1.37330856919289	2.57637331849209
1147	ctrl_M1	ctrl	1.79355454444885	1.51611649990082	1.18299256328005
1147	ctrl_M2	ctrl	4.36390733718872	1.9203340113163	2.27247307576324
1147	ctrl_M3	ctrl	6.0115647315979	1.6997883617878	3.53665483700282
1147	mut_M1	mut	6.71178913116455	1.88670083880424	3.55742097163552
1147	mut_M2	mut	7.26116228103638	1.37575003504753	5.27796627007573
1147	mut_M3	mut	5.225257396698	1.99566504359245	2.61830381479843
1148	ctrl_M1	ctrl	2.54474854469299	1.10564626008272	2.30159377059947
1148	ctrl_M2	ctrl	1.38036036491394	0.555365040898323	2.48550100071326
1148	ctrl_M3	ctrl	4.55416679382324	0.693264879286289	6.56915838360616
1148	mut_M1	mut	3.46985554695129	1.02768206596375	3.37639009365928
1148	mut_M2	mut	2.86531972885132	0.443796396255493	6.45638349708851
1148	mut_M3	mut	2.51348376274109	0.701446056365967	3.58328875033225
1149	ctrl_M1	ctrl	2.21593046188354	0.810255825519562	2.73485286016009
1149	ctrl_M2	ctrl	3.85098552703857	0.487766444683075	7.89514237606226
1149	ctrl_M3	ctrl	6.43903255462646	1.4715451747179	4.37569479024715
1149	mut_M1	mut	3.81490278244019	1.52162593603134	2.50712260622351
1149	mut_M2	mut	5.70042133331299	1.62634408473969	3.50505245894838
1149	mut_M3	mut	4.18757915496826	1.33250638842583	3.14263345477488
1150	ctrl_M1	ctrl	2.0682053565979	0.0976811125874519	21.1730323479504
1150	ctrl_M2	ctrl	3.73185920715332	1.0415418818593	3.58301406035772
1150	ctrl_M3	ctrl	2.69666600227356	0.091254286468029	29.5511159710655
1150	mut_M1	mut	2.94065570831299	1.06380404531956	2.76428325428077
1150	mut_M2	mut	1.06809902191162	0.755737662315369	1.4133198266701
1150	mut_M3	mut	4.1704216003418	0.885951444506645	4.70728009554085
1151	ctrl_M1	ctrl	0.614985227584839	0.4703309237957	1.3075585645565
1151	ctrl_M2	ctrl	1.3387063741684	0.333825498819351	4.01019807924509
1151	ctrl_M3	ctrl	1.22150313854218	0.891687348484993	1.36987828818874
1151	mut_M1	mut	2.41028141975403	0.403110086917877	5.97921386235383
1151	mut_M2	mut	1.64025521278381	0.796673864126205	2.05887915575447
1151	mut_M3	mut	3.22276496887207	0.800437971949577	4.02625197930401
1152	ctrl_M1	ctrl	1.79917395114899	0.406739205121994	4.42340922264761
1152	ctrl_M2	ctrl	5.06308031082153	0.936991214752197	5.40355152866673
1152	ctrl_M3	ctrl	3.07721066474915	0.562238991260529	5.47313635763699
1152	mut_M1	mut	0	0.937881499528885	0
1152	mut_M2	mut	6.47555780410767	1.8325227200985	3.53368486681552
1152	mut_M3	mut	1.87478911876678	3.14645627140999	0.595841466414741
1153	ctrl_M1	ctrl	1.79757654666901	1.46971845626831	1.22307543938255
1153	ctrl_M2	ctrl	3.59935116767883	1.73742714524269	2.07165588354846
1153	ctrl_M3	ctrl	2.01223158836365	1.78613731265068	1.12658280755438
1153	mut_M1	mut	2.84341502189636	1.08044449985027	2.63170854429857
1153	mut_M2	mut	3.2927303314209	1.81532776355743	1.81384893544968
1153	mut_M3	mut	2.17860865592957	0.747097358107567	2.91609738983428
1154	ctrl_M1	ctrl	1.74635112285614	0	NA
1154	ctrl_M2	ctrl	3.21571230888367	1.49782460927963	2.14692180176572
1154	ctrl_M3	ctrl	3.59749746322632	1.2435636818409	2.89289363766301
1154	mut_M1	mut	4.8221607208252	0.689561158418655	6.99308634477568
1154	mut_M2	mut	4.50759410858154	1.18255211412907	3.81175091966355
1154	mut_M3	mut	1.6138151884079	1.08900843560696	1.48191247711359
1155	ctrl_M1	ctrl	1.35615742206573	1.32059267163277	1.02693090094843
1155	ctrl_M2	ctrl	1.39754414558411	1.39962883293629	0.998510542721668
1155	ctrl_M3	ctrl	2.89861941337585	0.96396167576313	3.00698615542068
1155	mut_M1	mut	3.98259854316711	3.01486778259277	1.3209861361622
1155	mut_M2	mut	5.05773591995239	1.59483805298805	3.1713163041704
1155	mut_M3	mut	2.53458189964294	1.63538545370102	1.5498376201812
1156	ctrl_M1	ctrl	2.5253758430481	0.288746446371078	8.74599800200708
1156	ctrl_M2	ctrl	3.91922855377197	0.308747097849846	12.6939769833173
1156	ctrl_M3	ctrl	1.45825600624084	1.02158831059933	1.42743998840917
1156	mut_M1	mut	6.92537498474121	1.5019983202219	4.610774121051
1156	mut_M2	mut	5.02816390991211	1.15750940144062	4.34395081686086
1156	mut_M3	mut	1.22573006153107	1.01321136951447	1.20974763846012
1157	ctrl_M1	ctrl	2.3897225856781	1.08274313807487	2.20710018991858
1157	ctrl_M2	ctrl	2.75012063980103	1.17176185548306	2.34699621508613
1157	ctrl_M3	ctrl	2.6784360408783	1.35019126534462	1.983745643766
1157	mut_M1	mut	7.59759950637817	2.22474610805511	3.4150411495809
1157	mut_M2	mut	4.14169025421143	1.68934977054596	2.45164756666876
1157	mut_M3	mut	4.05508136749268	0.828965753316879	4.89173569748494
1158	ctrl_M1	ctrl	1.37541234493256	0.236223965883255	5.82249281858346
1158	ctrl_M2	ctrl	2.57594466209412	0.529088154435158	4.86864927989956
1158	ctrl_M3	ctrl	0	0.418015331029892	0
1158	mut_M1	mut	1.28565466403961	0.399110600352287	3.2212992160689
1158	mut_M2	mut	3.87154412269592	0.421266257762909	9.19025450377953
1158	mut_M3	mut	2.2607569694519	0.608297973871231	3.71652885026784
1159	ctrl_M1	ctrl	1.73578453063965	0	NA
1159	ctrl_M2	ctrl	0	0	NA
1159	ctrl_M3	ctrl	3.58971095085144	0.212668061256409	16.8794078887258
1159	mut_M1	mut	3.69103097915649	0.577489465475082	6.3915122263226
1159	mut_M2	mut	3.04229283332825	0	NA
1159	mut_M3	mut	3.72740411758423	0.636752068996429	5.85377621694878
1160	ctrl_M1	ctrl	1.46874821186066	1.30181586742401	1.1282303808195
1160	ctrl_M2	ctrl	1.15576982498169	1.83099004626274	0.631226711112246
1160	ctrl_M3	ctrl	3.80692934989929	0.795551791787148	4.78526902861636
1160	mut_M1	mut	3.0497612953186	1.74521559476852	1.74749830591739
1160	mut_M2	mut	3.38680911064148	0.954772785305977	3.54724093812132
1160	mut_M3	mut	2.21455121040344	2.30278140306473	0.961685380755698
1161	ctrl_M1	ctrl	1.19512569904327	0	NA
1161	ctrl_M2	ctrl	0.652911424636841	0	NA
1161	ctrl_M3	ctrl	1.82279753684998	0.113374188542366	16.0777118697421
1161	mut_M1	mut	3.32004547119141	0	NA
1161	mut_M2	mut	2.299236536026	0.115824580192566	19.8510241280682
1161	mut_M3	mut	1.72564446926117	0	NA
1162	ctrl_M1	ctrl	0.891800463199615	0.530664816498756	1.68053437023313
1162	ctrl_M2	ctrl	2.67603397369385	0.666070252656937	4.01764523039307
1162	ctrl_M3	ctrl	4.43567419052124	1.64646315574646	2.69406222364583
1162	mut_M1	mut	4.09214639663696	0.638172656297684	6.41228726466796
1162	mut_M2	mut	4.20104551315308	1.39210668206215	3.01776118690128
1162	mut_M3	mut	0.877670347690582	0.479146659374237	1.83173633900905
1163	ctrl_M1	ctrl	2.91290211677551	0.406177163124084	7.17150638005131
1163	ctrl_M2	ctrl	2.51667523384094	1.34113389253616	1.87652794985425
1163	ctrl_M3	ctrl	1.57659387588501	1.51233094930649	1.04249263470274
1163	mut_M1	mut	4.54983997344971	0.889817759394646	5.11322675391984
1163	mut_M2	mut	6.25466299057007	1.39802004396915	4.47394371600875
1163	mut_M3	mut	5.52378606796265	0.806562721729279	6.84855116551828
1164	ctrl_M1	ctrl	0.917942345142365	0.485345989465714	1.89131540193186
1164	ctrl_M2	ctrl	1.07652974128723	0	NA
1164	ctrl_M3	ctrl	2.926344871521	1.31798088550568	2.22032421236385
1164	mut_M1	mut	5.28208446502686	0.659056961536407	8.01460992493448
1164	mut_M2	mut	1.99271023273468	0.45520555973053	4.37760521623311
1164	mut_M3	mut	1.86384165287018	0.469973802566528	3.96584159093918
1165	ctrl_M1	ctrl	3.96681833267212	1.3301784992218	2.98216993808939
1165	ctrl_M2	ctrl	2.65216541290283	4.26941645145416	0.621200916579479
1165	ctrl_M3	ctrl	7.01833057403564	2.152876496315	3.25997825980666
1165	mut_M1	mut	7.77257919311523	3.68765807151794	2.107727734615
1165	mut_M2	mut	6.08159971237183	0.67044061422348	9.07104907332572
1165	mut_M3	mut	7.30561447143555	0.802674055099487	9.10159537987067
1166	ctrl_M1	ctrl	11.1766920089722	0.405842244625092	27.5394988003207
1166	ctrl_M2	ctrl	7.85370254516602	1.33004379272461	5.90484507963277
1166	ctrl_M3	ctrl	26.7110195159912	2.96196341514587	9.01801128920281
1166	mut_M1	mut	14.5742692947388	2.37998175621033	6.12368950169834
1166	mut_M2	mut	19.6505966186523	0	NA
1166	mut_M3	mut	22.0560607910156	0.813715100288391	27.1053846526858
1167	ctrl_M1	ctrl	6.82576560974121	0.933599382638931	7.31123620759834
1167	ctrl_M2	ctrl	2.89931988716125	0.697857663035393	4.1546006309516
1167	ctrl_M3	ctrl	2.84018278121948	0.916249483823776	3.09979195771721
1167	mut_M1	mut	5.91387367248535	0.977730393409729	6.04857301393829
1167	mut_M2	mut	6.81572437286377	0.351813554763794	19.3731147665411
1167	mut_M3	mut	5.38533449172974	0.625460594892502	8.61018989158752
1168	ctrl_M1	ctrl	8.05632495880127	0.766683995723724	10.5080124324186
1168	ctrl_M2	ctrl	4.46501493453979	3.91760513186455	1.13973072432002
1168	ctrl_M3	ctrl	4.66941690444946	1.06699615716934	4.37622654315557
1168	mut_M1	mut	13.2381248474121	3.94713091850281	3.35386008742611
1168	mut_M2	mut	12.6502552032471	0.850488543510437	14.8741041837348
1168	mut_M3	mut	13.7767324447632	0.317681431770325	43.3665019953807
1169	ctrl_M1	ctrl	1.66380608081818	2.11742575466633	0.785768321345635
1169	ctrl_M2	ctrl	5.71198701858521	3.40960364043713	1.67526423037632
1169	ctrl_M3	ctrl	4.93897724151611	2.55645731091499	1.93196155493337
1169	mut_M1	mut	7.03905153274536	1.22586664557457	5.74210217576001
1169	mut_M2	mut	3.79235792160034	1.54121369123459	2.46063082826787
1169	mut_M3	mut	5.47450256347656	1.62371529638767	3.37159018927508
1170	ctrl_M1	ctrl	2.45514941215515	0.85012149810791	2.88799826568262
1170	ctrl_M2	ctrl	4.14099454879761	0.154497876763344	26.8029220565968
1170	ctrl_M3	ctrl	2.26682424545288	1.68862256407738	1.34241025417744
1170	mut_M1	mut	3.03189873695374	1.05531144142151	2.87298954408166
1170	mut_M2	mut	2.35073590278625	1.13113775849342	2.07820478552253
1170	mut_M3	mut	1.56245243549347	0.860997065901756	1.8147012311326
1171	ctrl_M1	ctrl	1.83438920974731	0.796124145388603	2.3041496987281
1171	ctrl_M2	ctrl	1.91841101646423	0.924357905983925	2.07539850532484
1171	ctrl_M3	ctrl	2.68965339660645	0.622435450553894	4.3211764275524
1171	mut_M1	mut	1.37379968166351	1.26768577098846	1.08370679320026
1171	mut_M2	mut	3.6689510345459	0.430444911122322	8.52362506732777
1171	mut_M3	mut	7.40409183502197	0.413126677274704	17.9220859903431
1172	ctrl_M1	ctrl	2.06319284439087	0.590309396386147	3.49510418946685
1172	ctrl_M2	ctrl	5.85370302200317	0.150739744305611	38.8331760078838
1172	ctrl_M3	ctrl	3.35023617744446	0.277109324932098	12.0899438453231
1172	mut_M1	mut	7.85086011886597	0.671431466937065	11.6927199654196
1172	mut_M2	mut	5.60805702209473	1.16410732269287	4.81747422490384
1172	mut_M3	mut	4.71661710739136	0.196512117981911	24.0016603343796
1173	ctrl_M1	ctrl	3.05615091323853	2.24579486250877	1.36083262289794
1173	ctrl_M2	ctrl	2.82281279563904	1.19231888651848	2.36749818153224
1173	ctrl_M3	ctrl	3.44101572036743	1.33548006415367	2.57661331885781
1173	mut_M1	mut	3.8201117515564	1.73375897109509	2.20336956592272
1173	mut_M2	mut	3.10615205764771	1.13597668707371	2.73434489720841
1173	mut_M3	mut	2.81577920913696	1.31413133442402	2.14269238954805
1174	ctrl_M1	ctrl	1.9755893945694	2.42227673530579	0.815591945286136
1174	ctrl_M2	ctrl	4.52085447311401	1.86183787882328	2.42816763185164
1174	ctrl_M3	ctrl	2.13496494293213	1.13559228181839	1.88004530949565
1174	mut_M1	mut	1.32249820232391	2.11864641308784	0.62421846050112
1174	mut_M2	mut	2.60950064659119	1.4668934494257	1.77892991996987
1174	mut_M3	mut	3.4609637260437	1.79468885064125	1.92844777790149
1175	ctrl_M1	ctrl	2.66342091560364	0.696472123265266	3.82416011586614
1175	ctrl_M2	ctrl	5.78345918655396	2.02288018167019	2.8590221205187
1175	ctrl_M3	ctrl	2.86911082267761	1.43307185173035	2.00207046088676
1175	mut_M1	mut	8.68915271759033	1.99828264117241	4.34831016321712
1175	mut_M2	mut	6.46436643600464	1.32500271499157	4.87875712469447
1175	mut_M3	mut	7.8865122795105	0.646362826228142	12.2013704369918
1176	ctrl_M1	ctrl	0.661268174648285	0.285896986722946	2.3129595810994
1176	ctrl_M2	ctrl	3.65819787979126	1.06756713986397	3.42666774125082
1176	ctrl_M3	ctrl	2.04700517654419	1.01801753044128	2.01077595948359
1176	mut_M1	mut	3.96084499359131	0.753064528107643	5.25963558998645
1176	mut_M2	mut	1.97106766700745	1.51500973105431	1.30102640702893
1176	mut_M3	mut	4.11026477813721	0.918703496456146	4.473984037279
1177	ctrl_M1	ctrl	4.79000473022461	4.79221826791763	0.999538097480275
1177	ctrl_M2	ctrl	3.91451120376587	6.05841618776321	0.64612781335036
1177	ctrl_M3	ctrl	2.64668846130371	5.85407412052155	0.452110514287085
1177	mut_M1	mut	11.9873714447021	6.00672376155853	1.99565885173848
1177	mut_M2	mut	11.4186086654663	6.41935932636261	1.77877699080859
1177	mut_M3	mut	4.80327653884888	4.46964281797409	1.07464438087382
1178	ctrl_M1	ctrl	0.890359580516815	1.74699307978153	0.509652608714488
1178	ctrl_M2	ctrl	0.949307501316071	1.36676879227161	0.694563342888661
1178	ctrl_M3	ctrl	0	2.30454092472792	0
1178	mut_M1	mut	4.51486206054688	1.41044747829437	3.20101395481001
1178	mut_M2	mut	1.63842117786407	1.12954310327768	1.45051673823667
1178	mut_M3	mut	2.59262728691101	0.692432045936584	3.74423353472068
1179	ctrl_M1	ctrl	1.57682955265045	0.715046226978302	2.20521344377124
1179	ctrl_M2	ctrl	0	0	NA
1179	ctrl_M3	ctrl	3.60490965843201	0	NA
1179	mut_M1	mut	7.84460496902466	0.982455611228943	7.984691500934
1179	mut_M2	mut	4.22647428512573	2.28655207157135	1.84840500143137
1179	mut_M3	mut	3.98245549201965	0	NA
1180	ctrl_M1	ctrl	3.00125956535339	0.736766487360001	4.07355602737521
1180	ctrl_M2	ctrl	2.0542311668396	0.880934745073318	2.33187665525513
1180	ctrl_M3	ctrl	1.04712283611298	1.06627050042152	0.982042395151157
1180	mut_M1	mut	4.02007055282593	1.33926382660866	3.00170173565109
1180	mut_M2	mut	4.28906917572021	2.3031375259161	1.86227228181443
1180	mut_M3	mut	1.60398149490356	1.55176210403442	1.03365167298091
1181	ctrl_M1	ctrl	2.71974444389343	0.882206633687019	3.08288822600071
1181	ctrl_M2	ctrl	2.45292210578918	1.36667960882187	1.794804056456
1181	ctrl_M3	ctrl	2.70813846588135	2.11548465490341	1.28015037102928
1181	mut_M1	mut	7.0562891960144	2.89575898647308	2.4367667437022
1181	mut_M2	mut	5.27638530731201	1.3036445826292	4.04741091062607
1181	mut_M3	mut	4.13052320480347	1.74813963472843	2.36281079768844
1182	ctrl_M1	ctrl	2.42228317260742	1.21733455359936	1.9898253651351
1182	ctrl_M2	ctrl	0.84417986869812	1.4835542589426	0.569025274006362
1182	ctrl_M3	ctrl	2.96624135971069	1.45197343826294	2.04290332146802
1182	mut_M1	mut	5.14171028137207	2.1807946562767	2.35772325770028
1182	mut_M2	mut	5.35721254348755	1.46089839935303	3.66706715940002
1182	mut_M3	mut	8.22384834289551	0.535665214061737	15.3525898770565
1183	ctrl_M1	ctrl	3.75012707710266	0.221643820405006	16.9196103471331
1183	ctrl_M2	ctrl	1.77581024169922	1.60178685188293	1.10864328772066
1183	ctrl_M3	ctrl	2.80195426940918	1.63004145026207	1.71894663719054
1183	mut_M1	mut	1.67699706554413	1.9048624932766	0.880376967609609
1183	mut_M2	mut	2.71564674377441	1.48671185970306	1.82661268627856
1183	mut_M3	mut	5.02177000045776	1.85532410442829	2.7066807295134
1184	ctrl_M1	ctrl	2.40359139442444	1.09421244263649	2.19664052497248
1184	ctrl_M2	ctrl	6.15390777587891	1.24248111248016	4.95291857080617
1184	ctrl_M3	ctrl	3.60679292678833	2.98433807492256	1.2085738399065
1184	mut_M1	mut	8.79247760772705	0.724977254867554	12.127935805839
1184	mut_M2	mut	8.80480575561523	0.797302067279816	11.0432496251451
1184	mut_M3	mut	8.81396484375	0.859523683786392	10.2544758335483
1185	ctrl_M1	ctrl	1.22234165668488	0.860997706651688	1.41968050233073
1185	ctrl_M2	ctrl	3.27106642723083	0.875587612390518	3.73585279296062
1185	ctrl_M3	ctrl	2.31748628616333	1.67462104558945	1.38388699477236
1185	mut_M1	mut	6.85820770263672	1.11320261657238	6.16079013877417
1185	mut_M2	mut	3.36259818077087	1.22286280989647	2.74977548876113
1185	mut_M3	mut	3.33756256103516	2.08125297725201	1.60363136894676
1186	ctrl_M1	ctrl	2.774090051651	0.402692697942257	6.88885114089847
1186	ctrl_M2	ctrl	2.158931016922	0.948690339922905	2.2756962162147
1186	ctrl_M3	ctrl	2.32573890686035	0.579284280538559	4.01484898692248
1186	mut_M1	mut	4.85486316680908	0.853547781705856	5.68786337550594
1186	mut_M2	mut	3.28587937355042	0.772388488054276	4.25417963158394
1186	mut_M3	mut	3.20931315422058	0.27899232506752	11.5032309703999
1187	ctrl_M1	ctrl	0.689483106136322	1.57788391411304	0.436966940323929
1187	ctrl_M2	ctrl	2.7847900390625	1.7571058422327	1.58487324561163
1187	ctrl_M3	ctrl	0.642339885234833	0.840294063091278	0.764422734193539
1187	mut_M1	mut	2.94075202941895	1.72820922732353	1.70161805811746
1187	mut_M2	mut	4.71898078918457	1.23756888508797	3.81310555399843
1187	mut_M3	mut	2.22048139572144	0.52368575334549	4.24010273629981
1188	ctrl_M1	ctrl	2.12347745895386	0.4023447483778	5.27775612212023
1188	ctrl_M2	ctrl	0	0	NA
1188	ctrl_M3	ctrl	2.29981327056885	0.352716475725174	6.52028875555219
1188	mut_M1	mut	1.06651282310486	0.645499512553215	1.65222870407193
1188	mut_M2	mut	1.02846956253052	0	NA
1188	mut_M3	mut	2.13039422035217	0.416566237807274	5.11417879558883
1189	ctrl_M1	ctrl	3.05314755439758	0.311930060386658	9.78792345506235
1189	ctrl_M2	ctrl	1.458052277565	1.10933995246887	1.31434216744836
1189	ctrl_M3	ctrl	0	0	NA
1189	mut_M1	mut	4.3103723526001	0.69467394053936	6.20488563203253
1189	mut_M2	mut	2.68046092987061	0.624268278479576	4.29376443153406
1189	mut_M3	mut	2.71445441246033	0.482969224452972	5.62034654596224
1190	ctrl_M1	ctrl	2.30086898803711	0.650950461626053	3.53462993526361
1190	ctrl_M2	ctrl	1.58957362174988	1.76974014937878	0.89819605567962
1190	ctrl_M3	ctrl	3.61547780036926	0.965602964162827	3.74426957512901
1190	mut_M1	mut	2.65068507194519	0.567908585071564	4.66745025805724
1190	mut_M2	mut	2.02983808517456	1.4480713903904	1.40175277175203
1190	mut_M3	mut	6.084144115448	1.85917937755585	3.27248902870602
1191	ctrl_M1	ctrl	2.43360590934753	3.68006014823914	0.661295145002449
1191	ctrl_M2	ctrl	4.31017589569092	8.01259571313858	0.53792504326948
1191	ctrl_M3	ctrl	4.50758457183838	0	NA
1191	mut_M1	mut	11.7793140411377	4.00525891780853	2.94096194100298
1191	mut_M2	mut	4.71727418899536	9.36424148082733	0.503754009190565
1191	mut_M3	mut	7.21278667449951	3.35414505004883	2.15040988593934
1192	ctrl_M1	ctrl	3.33473801612854	1.02372461557388	3.25745612188796
1192	ctrl_M2	ctrl	6.40525579452515	1.16145956516266	5.51483322075712
1192	ctrl_M3	ctrl	5.78972291946411	3.77005988359451	1.53571112879618
1192	mut_M1	mut	12.1090030670166	1.4905289709568	8.12396357465201
1192	mut_M2	mut	9.06531715393066	2.54184132814407	3.56643707597189
1192	mut_M3	mut	10.6024580001831	2.92647528648376	3.6229446560344
1193	ctrl_M1	ctrl	5.63286638259888	1.15008795261383	4.89777009644952
1193	ctrl_M2	ctrl	3.37679409980774	1.19318214058876	2.83007429036903
1193	ctrl_M3	ctrl	2.40099215507507	2.40641352534294	0.997747116108361
1193	mut_M1	mut	3.26566982269287	1.33660379052162	2.44325943548193
1193	mut_M2	mut	1.11260652542114	2.60975030064583	0.426326811858517
1193	mut_M3	mut	3.58242893218994	1.26675164699554	2.82804363482508
1194	ctrl_M1	ctrl	1.50522184371948	0.388166934251785	3.87776935874481
1194	ctrl_M2	ctrl	3.9310507774353	1.19840089976788	3.28024685077984
1194	ctrl_M3	ctrl	3.76798582077026	1.6439436674118	2.29204071615332
1194	mut_M1	mut	7.19532680511475	0.408632755279541	17.6082967215697
1194	mut_M2	mut	5.12559700012207	1.47142305970192	3.48342848531979
1194	mut_M3	mut	6.2315821647644	0.957895517349243	6.50549256354063
1195	ctrl_M1	ctrl	1.73384296894073	1.1364321410656	1.52568983777154
1195	ctrl_M2	ctrl	3.34990406036377	1.78798449039459	1.87356438400899
1195	ctrl_M3	ctrl	5.28570985794067	1.54909265041351	3.41213280982885
1195	mut_M1	mut	3.64569616317749	0.750798314809799	4.85575965111357
1195	mut_M2	mut	3.49306392669678	2.22211223840714	1.57195656741475
1195	mut_M3	mut	3.43314433097839	1.87475311756134	1.83125143189211
1196	ctrl_M1	ctrl	4.50669431686401	0.56237305700779	8.013709513117
1196	ctrl_M2	ctrl	1.31680905818939	0.980754137039185	1.34264950659778
1196	ctrl_M3	ctrl	1.77431571483612	0.851047441363335	2.08486111184796
1196	mut_M1	mut	3.86741089820862	1.14136335253716	3.38841341770058
1196	mut_M2	mut	3.0505838394165	0.194405138492584	15.691888923671
1196	mut_M3	mut	4.68196249008179	1.29290397465229	3.62127627563442
1197	ctrl_M1	ctrl	3.2481541633606	0	NA
1197	ctrl_M2	ctrl	4.04696273803711	0.7988141477108	5.06621314812048
1197	ctrl_M3	ctrl	1.97232353687286	0.154208868741989	12.7899488075022
1197	mut_M1	mut	5.61084794998169	1.96217685937881	2.85950164133419
1197	mut_M2	mut	4.10865688323975	0.617254048585892	6.65634659286973
1197	mut_M3	mut	0.88635128736496	1.0063402056694	0.880767043164465
1198	ctrl_M1	ctrl	0	0.309222400188446	0
1198	ctrl_M2	ctrl	0.736481368541718	0.676764011383057	1.08823955788757
1198	ctrl_M3	ctrl	1.38505721092224	1.08226823806763	1.27977257596993
1198	mut_M1	mut	3.24236297607422	0.254525303840637	12.7388630016304
1198	mut_M2	mut	6.51819324493408	0.290556699037552	22.4334639900754
1198	mut_M3	mut	4.36318016052246	0.49236273765564	8.86171886462717
1199	ctrl_M1	ctrl	8.22408390045166	9.86245977878571	0.833877560458273
1199	ctrl_M2	ctrl	3.81323075294495	10.1629564464092	0.375208805926964
1199	ctrl_M3	ctrl	3.30100393295288	11.9643921256065	0.275902352438615
1199	mut_M1	mut	12.7444019317627	14.2812642455101	0.892386116009962
1199	mut_M2	mut	8.33803272247314	10.9884867668152	0.758797175572317
1199	mut_M3	mut	9.01932811737061	9.38998985290527	0.960525864101974
1200	ctrl_M1	ctrl	6.12649583816528	7.71769787371159	0.793824264491315
1200	ctrl_M2	ctrl	5.68482255935669	12.406514197588	0.45821271541864
1200	ctrl_M3	ctrl	1.93288695812225	12.4029252827168	0.155841216008589
1200	mut_M1	mut	8.86049556732178	9.450065523386	0.937612077439546
1200	mut_M2	mut	6.62958860397339	6.90937924385071	0.959505676269495
1200	mut_M3	mut	8.07398509979248	7.0649825334549	1.14281741838138
1201	ctrl_M1	ctrl	1.27295577526093	0	NA
1201	ctrl_M2	ctrl	1.45957672595978	0.702801883220673	2.07679683394002
1201	ctrl_M3	ctrl	1.27455425262451	0.287805616855621	4.42852459430594
1201	mut_M1	mut	5.0586895942688	0	NA
1201	mut_M2	mut	5.31546545028687	0.42438206076622	12.5251888373646
1201	mut_M3	mut	3.78683948516846	0.794655919075012	4.76538259423824
1202	ctrl_M1	ctrl	2.05794858932495	0.496862396597862	4.14188838482491
1202	ctrl_M2	ctrl	3.38922810554504	0.761723682284355	4.44941936868891
1202	ctrl_M3	ctrl	2.06852507591248	0.449350237846375	4.60336926898361
1202	mut_M1	mut	4.85620498657227	0.97495411336422	4.98095748302987
1202	mut_M2	mut	5.42359733581543	1.13296240568161	4.78709382466446
1202	mut_M3	mut	1.77708399295807	0.895701736211777	1.98401311632369
1203	ctrl_M1	ctrl	1.61804270744324	1.33047915995121	1.21613532639066
1203	ctrl_M2	ctrl	0	1.67873899638653	0
1203	ctrl_M3	ctrl	0.849276602268219	1.32297129929066	0.641946354182875
1203	mut_M1	mut	3.61691451072693	1.07167235016823	3.37501896933252
1203	mut_M2	mut	2.39668393135071	1.7511542737484	1.36863094661588
1203	mut_M3	mut	2.38620829582214	0.796007394790649	2.99772126670974
1204	ctrl_M1	ctrl	2.30555868148804	0.182923674583435	12.6039381547435
1204	ctrl_M2	ctrl	2.9680552482605	1.80461969971657	1.64469846401802
1204	ctrl_M3	ctrl	0.832867980003357	1.19620907306671	0.696256196977457
1204	mut_M1	mut	2.89574718475342	0.782896399497986	3.69876165813286
1204	mut_M2	mut	2.87938737869263	0.99833407998085	2.88419221223807
1204	mut_M3	mut	2.77969455718994	0.60484915971756	4.59568226644796
1205	ctrl_M1	ctrl	2.22471499443054	0.714907512068748	3.11189203760472
1205	ctrl_M2	ctrl	3.75761556625366	0.347682550549507	10.8076046966257
1205	ctrl_M3	ctrl	3.1988000869751	0.618929028511047	5.16828253260382
1205	mut_M1	mut	6.63380479812622	1.36119781434536	4.87350532612823
1205	mut_M2	mut	2.1370632648468	0.216586589813232	9.867015620356
1205	mut_M3	mut	4.68323993682861	1.02655524015427	4.56209247553481
1206	ctrl_M1	ctrl	3.51777911186218	1.31614869832993	2.67278242673182
1206	ctrl_M2	ctrl	6.23273134231567	4.90832090377808	1.26982963512393
1206	ctrl_M3	ctrl	3.42382287979126	3.78889110684395	0.90364773841263
1206	mut_M1	mut	7.65141677856445	5.96592581272125	1.28251959859259
1206	mut_M2	mut	5.73175001144409	4.0080481171608	1.43006017989233
1206	mut_M3	mut	5.5180344581604	2.63835403323174	2.09146854010389
1207	ctrl_M1	ctrl	4.46228170394897	5.99743141233921	0.744032135952102
1207	ctrl_M2	ctrl	6.92100954055786	12.7026900649071	0.544845973978229
1207	ctrl_M3	ctrl	7.79260873794556	12.540763437748	0.621382324658931
1207	mut_M1	mut	5.15708017349243	10.9131392538548	0.4725569841575
1207	mut_M2	mut	6.86518478393555	10.1136370673776	0.678804740391546
1207	mut_M3	mut	5.26966047286987	8.65226726233959	0.609049664451182
1208	ctrl_M1	ctrl	1.43110334873199	0.972243666648865	1.47195954864353
1208	ctrl_M2	ctrl	1.66995298862457	2.89538341760635	0.576764023192874
1208	ctrl_M3	ctrl	3.16184067726135	1.46279338002205	2.16150874104564
1208	mut_M1	mut	9.326735496521	1.17514252662659	7.93668451714935
1208	mut_M2	mut	6.61575746536255	0.370036393404007	17.8786670265145
1208	mut_M3	mut	5.71421670913696	1.53553706407547	3.72131473920327
1209	ctrl_M1	ctrl	0.859123289585114	1.02864566445351	0.83519847433717
1209	ctrl_M2	ctrl	2.22786784172058	2.04757790267467	1.08805034417025
1209	ctrl_M3	ctrl	4.5338134765625	0.888456746935844	5.10302104429839
1209	mut_M1	mut	5.14642381668091	2.22938370704651	2.30845134483328
1209	mut_M2	mut	3.24824857711792	3.40424782037735	0.954175121351142
1209	mut_M3	mut	3.59509754180908	3.7817565202713	0.950642253814683
1210	ctrl_M1	ctrl	1.56093788146973	0	NA
1210	ctrl_M2	ctrl	6.36228895187378	0.38476699590683	16.5354331830851
1210	ctrl_M3	ctrl	7.4086012840271	0.48499621450901	15.2755857930299
1210	mut_M1	mut	8.37978267669678	0.694073528051376	12.0733356597293
1210	mut_M2	mut	6.1331148147583	0.67591255903244	9.0738287561009
1210	mut_M3	mut	6.11205005645752	0.738786429166794	8.27309465247042
1211	ctrl_M1	ctrl	5.41163539886475	2.67654046416283	2.02187692333559
1211	ctrl_M2	ctrl	3.07342433929443	3.21606934070587	0.9556461673242
1211	ctrl_M3	ctrl	6.60791730880737	4.6391899138689	1.42436878668255
1211	mut_M1	mut	6.24300289154053	2.65960748493671	2.34733994655196
1211	mut_M2	mut	7.76581811904907	2.52259790897369	3.07850018087447
1211	mut_M3	mut	8.3191967010498	3.06527805328369	2.71401046053158
1212	ctrl_M1	ctrl	0.801864624023438	0.499149650335312	1.60646135579735
1212	ctrl_M2	ctrl	0.888904452323914	0	NA
1212	ctrl_M3	ctrl	1.70670557022095	2.85782605409622	0.597204146758571
1212	mut_M1	mut	4.00291109085083	0.764135181903839	5.23848552670693
1212	mut_M2	mut	3.35721969604492	0	NA
1212	mut_M3	mut	3.24214744567871	2.05525422096252	1.57749217231158
1213	ctrl_M1	ctrl	3.32073783874512	3.90003442764282	0.851463724322087
1213	ctrl_M2	ctrl	4.3705587387085	3.62258696556091	1.2064744836379
1213	ctrl_M3	ctrl	3.24879312515259	4.41475209593773	0.735894803276042
1213	mut_M1	mut	8.68846893310547	3.36493565142155	2.58206094652507
1213	mut_M2	mut	5.03989458084106	4.0074450969696	1.25763284558837
1213	mut_M3	mut	3.8419029712677	3.34559018909931	1.14834834935417
1214	ctrl_M1	ctrl	3.70302033424377	0.98066808283329	3.77601800146816
1214	ctrl_M2	ctrl	7.43727016448975	1.00413429737091	7.40664887551644
1214	ctrl_M3	ctrl	3.62895727157593	0.719059199094772	5.04681294133284
1214	mut_M1	mut	8.0691967010498	1.09529399871826	7.36715138628767
1214	mut_M2	mut	4.74773645401001	0.892921447753906	5.31708188436136
1214	mut_M3	mut	5.50132894515991	0.725759118795395	7.58010309851972
1215	ctrl_M1	ctrl	3.66870880126953	1.26750513911247	2.89443307806895
1215	ctrl_M2	ctrl	12.4228029251099	1.13793611526489	10.9169598876981
1215	ctrl_M3	ctrl	4.27900314331055	0.846806138753891	5.05310831781082
1215	mut_M1	mut	17.802604675293	0.846941351890564	21.0198789273349
1215	mut_M2	mut	18.93532371521	1.63080713152885	11.6110135583344
1215	mut_M3	mut	15.0074901580811	1.83413073420525	8.18234484500038
1216	ctrl_M1	ctrl	1.83598816394806	0.557204484939575	3.29499889820011
1216	ctrl_M2	ctrl	1.73201024532318	0	NA
1216	ctrl_M3	ctrl	3.4038553237915	3.68576127290726	0.923514864842727
1216	mut_M1	mut	2.33049821853638	1.10897159576416	2.10149495932806
1216	mut_M2	mut	3.82047390937805	0.781064629554749	4.89136719909586
1216	mut_M3	mut	2.06421804428101	1.66135215759277	1.24249277002894
1217	ctrl_M1	ctrl	6.1286563873291	1.11314338445663	5.50572053241885
1217	ctrl_M2	ctrl	6.23657989501953	1.36355885863304	4.57375188136115
1217	ctrl_M3	ctrl	6.56433343887329	0.87679885327816	7.4867039507758
1217	mut_M1	mut	6.95265626907349	2.07517144083977	3.35040090290561
1217	mut_M2	mut	10.1878643035889	1.02151949703693	9.97324508552235
1217	mut_M3	mut	7.06350374221802	1.83724427223206	3.84461873087601
1218	ctrl_M1	ctrl	1.3255523443222	0.268459193408489	4.93763065996118
1218	ctrl_M2	ctrl	2.20304417610168	1.19979944825172	1.83617702051108
1218	ctrl_M3	ctrl	2.0388560295105	0.715911917388439	2.84791463864437
1218	mut_M1	mut	4.25301265716553	0.617707535624504	6.88515585756246
1218	mut_M2	mut	2.75865483283997	0.700188994407654	3.93987174159133
1218	mut_M3	mut	1.41391170024872	0.765292175114155	1.84754495894044
1219	ctrl_M1	ctrl	1.56906807422638	0.145736336708069	10.7664849389583
1219	ctrl_M2	ctrl	1.4527645111084	0.634207963943481	2.29067528902533
1219	ctrl_M3	ctrl	0.668436646461487	0.846581481397152	0.789571542904926
1219	mut_M1	mut	1.1887218952179	0.495742052793503	2.39786374490414
1219	mut_M2	mut	3.60494542121887	1.04965411126614	3.4344127103646
1219	mut_M3	mut	0.677935123443604	0.950665473937988	0.713116382185796
1220	ctrl_M1	ctrl	2.97476077079773	5.80826479941607	0.512159977812444
1220	ctrl_M2	ctrl	2.47057056427002	7.16211942583323	0.344949646519277
1220	ctrl_M3	ctrl	1.97377753257751	8.90013058483601	0.221769502566673
1220	mut_M1	mut	1.58985543251038	5.73616264015436	0.277163590408167
1220	mut_M2	mut	6.44822359085083	7.48426830023527	0.861570340904017
1220	mut_M3	mut	3.17931246757507	6.12482519447803	0.519086237831155
1221	ctrl_M1	ctrl	1.62400484085083	0.507471337914467	3.20019027581919
1221	ctrl_M2	ctrl	3.74084377288818	1.68843322992325	2.21557104337388
1221	ctrl_M3	ctrl	2.64856028556824	1.81026683747768	1.46307728271628
1221	mut_M1	mut	7.28268909454346	1.37913157045841	5.28063402400595
1221	mut_M2	mut	4.25888013839722	0.58716481924057	7.25329583592148
1221	mut_M3	mut	4.77821063995361	1.48147350549698	3.22530954635649
1222	ctrl_M1	ctrl	0	0.36416095495224	0
1222	ctrl_M2	ctrl	3.5964367389679	1.98751574754715	1.80951358166916
1222	ctrl_M3	ctrl	2.33897495269775	1.61407649517059	1.44911034867065
1222	mut_M1	mut	6.73721742630005	2.22022071480751	3.03448093307433
1222	mut_M2	mut	1.10379815101624	0.968625113368034	1.139551448525
1222	mut_M3	mut	2.22212886810303	0.815834075212479	2.72375098763102
1223	ctrl_M1	ctrl	0.975088655948639	0.855484962463379	1.13980806061261
1223	ctrl_M2	ctrl	1.51770687103271	0	NA
1223	ctrl_M3	ctrl	1.06242680549622	0.610046848654747	1.74154953482514
1223	mut_M1	mut	2.62956047058105	0.45369079709053	5.79593081332956
1223	mut_M2	mut	3.28760242462158	0.982199221849442	3.3471849208261
1223	mut_M3	mut	3.51658511161804	0.251686960458755	13.9720592008751
1224	ctrl_M1	ctrl	4.05854797363281	0.573657006025314	7.07486866020027
1224	ctrl_M2	ctrl	3.86614370346069	1.16832734644413	3.30912711683718
1224	ctrl_M3	ctrl	3.70313167572021	1.52803878486156	2.42345398062374
1224	mut_M1	mut	5.36067819595337	1.38994467258453	3.85675653260748
1224	mut_M2	mut	2.50565195083618	1.62877140939236	1.53836931099556
1224	mut_M3	mut	4.83587837219238	1.28464412689209	3.76437199295941
1225	ctrl_M1	ctrl	0	0.981679007411003	0
1225	ctrl_M2	ctrl	3.22014737129211	1.16209988296032	2.77097297616892
1225	ctrl_M3	ctrl	0	1.06893007457256	0
1225	mut_M1	mut	2.15733098983765	0.804560616612434	2.68137781702638
1225	mut_M2	mut	1.11970913410187	0.975162461400032	1.14822829879476
1225	mut_M3	mut	1.49970233440399	0.972170725464821	1.54263268284173
1226	ctrl_M1	ctrl	0.554000794887543	0.793063193559647	0.69855819736246
1226	ctrl_M2	ctrl	3.4111316204071	1.92124733328819	1.77547760837695
1226	ctrl_M3	ctrl	3.63048481941223	1.833939909935	1.97960947343194
1226	mut_M1	mut	4.42209339141846	1.15627308189869	3.82443685721459
1226	mut_M2	mut	3.64211058616638	1.29962323606014	2.80243572530111
1226	mut_M3	mut	4.76205348968506	1.06160596013069	4.48570719129988
1227	ctrl_M1	ctrl	1.22131156921387	1.22822445631027	0.994371641876297
1227	ctrl_M2	ctrl	1.05471217632294	0.771368622779846	1.36732574436588
1227	ctrl_M3	ctrl	2.48444175720215	2.15074452757835	1.15515428510681
1227	mut_M1	mut	3.79554438591003	1.58633705973625	2.39264686064958
1227	mut_M2	mut	2.34667944908142	1.91932164132595	1.22266086025073
1227	mut_M3	mut	4.9869384765625	1.31584952771664	3.78990026710442
1228	ctrl_M1	ctrl	3.25625276565552	1.88315278291702	1.72914953857942
1228	ctrl_M2	ctrl	3.09930682182312	4.35642439126968	0.711433630762458
1228	ctrl_M3	ctrl	6.29415225982666	3.20342180132866	1.9648215721127
1228	mut_M1	mut	5.9152398109436	1.65127006173134	3.58223645424876
1228	mut_M2	mut	2.67231035232544	2.88335148990154	0.926807002782963
1228	mut_M3	mut	12.3545913696289	2.72037267684937	4.5415069320346
1229	ctrl_M1	ctrl	3.75618529319763	0.503495454788208	7.46021688473364
1229	ctrl_M2	ctrl	2.51344394683838	0.664496436715126	3.78247919471675
1229	ctrl_M3	ctrl	5.87322378158569	0.666822135448456	8.80778166974885
1229	mut_M1	mut	3.4856264591217	1.37660951912403	2.53203716137289
1229	mut_M2	mut	10.5558013916016	0.483316332101822	21.8403573198055
1229	mut_M3	mut	3.01091814041138	0.454760789871216	6.62088334674597
1230	ctrl_M1	ctrl	2.0919144153595	0.849193066358566	2.46341438505834
1230	ctrl_M2	ctrl	5.0879111289978	2.42353735864162	2.09937392169995
1230	ctrl_M3	ctrl	4.33535099029541	2.2068230509758	1.96452134591327
1230	mut_M1	mut	3.94992756843567	2.40992632508278	1.63902420058422
1230	mut_M2	mut	3.31827402114868	2.84829980134964	1.16500166856605
1230	mut_M3	mut	3.9482274055481	1.07484608888626	3.67329559680418
1231	ctrl_M1	ctrl	2.94055342674255	0	NA
1231	ctrl_M2	ctrl	3.92441987991333	0.18118616938591	21.6595995887229
1231	ctrl_M3	ctrl	2.3825843334198	2.00602674484253	1.18771314467536
1231	mut_M1	mut	0.618866860866547	1.24665331840515	0.496422583351613
1231	mut_M2	mut	3.21221351623535	0.184523701667786	17.4081350374088
1231	mut_M3	mut	5.22614908218384	2.23173075914383	2.34174712194619
1232	ctrl_M1	ctrl	1.69690454006195	0.632850229740143	2.68136829271394
1232	ctrl_M2	ctrl	3.13452506065369	1.61888375878334	1.93622614572983
1232	ctrl_M3	ctrl	5.17632913589478	1.53251941502094	3.37765974457429
1232	mut_M1	mut	6.35658931732178	2.02686458826065	3.13616871799841
1232	mut_M2	mut	2.31078124046326	1.23188731074333	1.87580570098487
1232	mut_M3	mut	5.60090637207031	1.30832599103451	4.28097157012192
1233	ctrl_M1	ctrl	2.05009698867798	0.166484534740448	12.3140386094967
1233	ctrl_M2	ctrl	1.51690530776978	0	NA
1233	ctrl_M3	ctrl	4.44315814971924	0.921664327383041	4.82079865490191
1233	mut_M1	mut	3.47549486160278	0.973428755998611	3.57036387119813
1233	mut_M2	mut	3.19052076339722	0.528615564107895	6.03561639124573
1233	mut_M3	mut	5.12552547454834	0	NA
1234	ctrl_M1	ctrl	0.671093821525574	2.26635816693306	0.296111105171752
1234	ctrl_M2	ctrl	3.92171120643616	2.78912770748138	1.40607086434831
1234	ctrl_M3	ctrl	6.01794576644897	3.55726818740368	1.69173237704106
1234	mut_M1	mut	7.92023372650146	1.84667173027992	4.28892347060563
1234	mut_M2	mut	10.1848964691162	3.19966930150986	3.18310909952793
1234	mut_M3	mut	6.79869890213013	1.47311879694462	4.61517354624165
1235	ctrl_M1	ctrl	2.82232332229614	0.24613219499588	11.466697082612
1235	ctrl_M2	ctrl	1.71160566806793	1.394481793046	1.22741342095922
1235	ctrl_M3	ctrl	3.73133301734924	1.53873130679131	2.42494124924912
1235	mut_M1	mut	2.21289300918579	0.89486189186573	2.47288774871399
1235	mut_M2	mut	2.07173013687134	2.77620610594749	0.74624507612495
1235	mut_M3	mut	4.91643857955933	1.53350676596165	3.20601036049311
1236	ctrl_M1	ctrl	0	0	NA
1236	ctrl_M2	ctrl	6.16485691070557	1.03360424935818	5.96442682441918
1236	ctrl_M3	ctrl	5.40020179748535	0	NA
1236	mut_M1	mut	4.04885530471802	0.578052163124084	7.00430785145058
1236	mut_M2	mut	9.38339900970459	0.723889172077179	12.9624801304586
1236	mut_M3	mut	5.76376867294312	0.191766500473022	30.0561811303114
1237	ctrl_M1	ctrl	0.756405591964722	0.399722993373871	1.89232444593758
1237	ctrl_M2	ctrl	2.88701105117798	0.354688078165054	8.13957736080012
1237	ctrl_M3	ctrl	3.79785680770874	0.192509993910789	19.7281020613854
1237	mut_M1	mut	3.61803960800171	0	NA
1237	mut_M2	mut	2.60599684715271	0.186597168445587	13.9658970651135
1237	mut_M3	mut	7.79778623580933	0.197677403688431	39.4470287969778
1238	ctrl_M1	ctrl	2.93846321105957	14.5388729274273	0.202110798115321
1238	ctrl_M2	ctrl	4.82836818695068	14.2233124822378	0.339468614851877
1238	ctrl_M3	ctrl	6.84463977813721	15.1013941466808	0.453245555453673
1238	mut_M1	mut	5.9972128868103	15.8230930864811	0.37901647004366
1238	mut_M2	mut	7.72703123092651	13.8756083101034	0.556878737006444
1238	mut_M3	mut	4.95307159423828	15.7129281759262	0.31522269679988
1239	ctrl_M1	ctrl	3.95071840286255	1.48898869752884	2.6532897190014
1239	ctrl_M2	ctrl	0.622624158859253	1.92884528636932	0.322796319258566
1239	ctrl_M3	ctrl	1.47529971599579	2.34428668022156	0.629317108885488
1239	mut_M1	mut	4.33668088912964	1.98651354014874	2.18306132904835
1239	mut_M2	mut	7.37590551376343	1.16965824365616	6.30603473601619
1239	mut_M3	mut	5.48187589645386	2.16860911250114	2.52783033367013
1240	ctrl_M1	ctrl	1.05700778961182	1.50171191990376	0.703868548689126
1240	ctrl_M2	ctrl	2.87584853172302	1.90163663029671	1.51230181723746
1240	ctrl_M3	ctrl	0.912485063076019	1.47882822155952	0.61703249219422
1240	mut_M1	mut	5.82309103012085	2.42650210857391	2.39978815989703
1240	mut_M2	mut	3.56735134124756	1.74174961447716	2.04814246065926
1240	mut_M3	mut	3.26252508163452	1.08503738045692	3.00683196763288
1241	ctrl_M1	ctrl	2.33142399787903	2.20345313847065	1.05807741366227
1241	ctrl_M2	ctrl	7.41486358642578	2.18733006715775	3.38991526599403
1241	ctrl_M3	ctrl	4.37869024276733	2.20669916272163	1.98427149325007
1241	mut_M1	mut	6.90814590454102	2.09179158508778	3.30250200535687
1241	mut_M2	mut	6.49467992782593	3.3762164413929	1.92365627043344
1241	mut_M3	mut	8.57747554779053	4.2760598808527	2.00592970790673
1242	ctrl_M1	ctrl	3.51445269584656	7.7855729162693	0.45140579038217
1242	ctrl_M2	ctrl	2.40777516365051	8.93855386972427	0.26936965405622
1242	ctrl_M3	ctrl	5.97817277908325	8.94001919031143	0.668697980599636
1242	mut_M1	mut	9.67564392089844	7.45304100215435	1.29821423471327
1242	mut_M2	mut	11.4053688049316	12.0458912551403	0.946826479117074
1242	mut_M3	mut	5.09495306015015	8.08607566356659	0.630089708794893
1243	ctrl_M1	ctrl	3.800368309021	2.91156768798828	1.30526531280708
1243	ctrl_M2	ctrl	4.79209089279175	4.40361422300339	1.08821768895174
1243	ctrl_M3	ctrl	5.95696544647217	4.4543724656105	1.33732989157559
1243	mut_M1	mut	5.2274432182312	4.39550867676735	1.18926922971648
1243	mut_M2	mut	6.74380970001221	3.93056991696358	1.71573330139918
1243	mut_M3	mut	3.07938718795776	2.66179373860359	1.15688422558738
1244	ctrl_M1	ctrl	4.78210878372192	1.00594678521156	4.75383872588865
1244	ctrl_M2	ctrl	1.69607675075531	1.49795752763748	1.1322595730937
1244	ctrl_M3	ctrl	0.908215045928955	0.745309323072433	1.21857464788575
1244	mut_M1	mut	0	1.7142314016819	0
1244	mut_M2	mut	3.42529940605164	0.925916656851768	3.69936039135323
1244	mut_M3	mut	1.18998956680298	1.17135857790709	1.01590545307585
1245	ctrl_M1	ctrl	2.22368288040161	0.170234486460686	13.0624700472495
1245	ctrl_M2	ctrl	1.53446114063263	0.543460935354233	2.82349850892678
1245	ctrl_M3	ctrl	2.28613901138306	0	NA
1245	mut_M1	mut	1.03173434734344	0.37701678276062	2.7365740585573
1245	mut_M2	mut	0.817346036434174	0.245125487446785	3.33439841343146
1245	mut_M3	mut	1.30115365982056	0.16804713010788	7.74279012670593
1246	ctrl_M1	ctrl	0.505208373069763	0.567378312349319	0.890425950505348
1246	ctrl_M2	ctrl	0.468790888786316	0.386099956929684	1.21416975156952
1246	ctrl_M3	ctrl	1.00622427463531	0.934742391109467	1.0764722817813
1246	mut_M1	mut	2.18593859672546	0.64731939136982	3.37690887353105
1246	mut_M2	mut	0.464740335941315	0.560924001038074	0.828526386963729
1246	mut_M3	mut	1.48411452770233	0.738957107067108	2.00839062715389
1247	ctrl_M1	ctrl	1.44398975372314	1.00084298849106	1.44277351225711
1247	ctrl_M2	ctrl	0.837245106697083	1.40712779760361	0.595002890372106
1247	ctrl_M3	ctrl	0.753642559051514	2.57314693927765	0.292887494121529
1247	mut_M1	mut	3.56477022171021	0.812720596790314	4.38621862887269
1247	mut_M2	mut	5.53355598449707	2.41465038061142	2.29165929317515
1247	mut_M3	mut	2.72573280334473	2.69880856573582	1.0099763421351
1248	ctrl_M1	ctrl	0	0.584156736731529	0
1248	ctrl_M2	ctrl	0	1.20519191026688	0
1248	ctrl_M3	ctrl	0	1.72531875967979	0
1248	mut_M1	mut	0	0.922830879688263	0
1248	mut_M2	mut	0	1.26183578372002	0
1248	mut_M3	mut	0	0.361792832612991	0
1249	ctrl_M1	ctrl	0	0.350332468748093	0
1249	ctrl_M2	ctrl	1.54312169551849	0.490888431668282	3.14352833753732
1249	ctrl_M3	ctrl	1.54049634933472	0	NA
1249	mut_M1	mut	2.40379071235657	0.432506233453751	5.55781749816934
1249	mut_M2	mut	0.489206165075302	1.3363561630249	0.366074687729925
1249	mut_M3	mut	0.542316436767578	0.237291589379311	2.28544314691527
1250	ctrl_M1	ctrl	1.91280555725098	0.182196021080017	10.4986132293795
1250	ctrl_M2	ctrl	0.939688980579376	0	NA
1250	ctrl_M3	ctrl	0.861558675765991	0.539833813905716	1.5959701922571
1250	mut_M1	mut	1.57336318492889	0.213275626301765	7.37713545711374
1250	mut_M2	mut	1.12593567371368	0.207104340195656	5.43656242380043
1250	mut_M3	mut	1.84413659572601	0.363057121634483	5.07946679966973
1251	ctrl_M1	ctrl	3.45475316047668	1.28080673515797	2.69732588504119
1251	ctrl_M2	ctrl	3.03816843032837	0.572199940681458	5.30962730738854
1251	ctrl_M3	ctrl	1.75558423995972	1.17467150092125	1.49453207861337
1251	mut_M1	mut	8.23609066009521	0.493740662932396	16.6810053909271
1251	mut_M2	mut	6.13835620880127	0.481045603752136	12.7604454981447
1251	mut_M3	mut	6.50488901138306	1.8228954076767	3.56843787306131
1252	ctrl_M1	ctrl	1.28427493572235	1.37159100174904	0.936339575051642
1252	ctrl_M2	ctrl	1.29634928703308	0.415667518973351	3.11871682982329
1252	ctrl_M3	ctrl	2.28216218948364	0.787741154432297	2.89709656102496
1252	mut_M1	mut	0	0.846530109643936	0
1252	mut_M2	mut	0	0.631984859704971	0
1252	mut_M3	mut	0	0.572593197226524	0
1253	ctrl_M1	ctrl	2.98830342292786	1.34766748547554	2.21738927082106
1253	ctrl_M2	ctrl	1.48019742965698	1.72219356894493	0.859483774848722
1253	ctrl_M3	ctrl	4.45987176895142	0.306917637586594	14.5311680489301
1253	mut_M1	mut	6.09159231185913	1.66985839605331	3.64796938845624
1253	mut_M2	mut	0.693439364433289	2.88910573720932	0.240018686579157
1253	mut_M3	mut	1.40044045448303	1.13088774681091	1.23835496355165
1254	ctrl_M1	ctrl	2.50318598747253	0.954922899603844	2.6213487900552
1254	ctrl_M2	ctrl	0.766000986099243	1.27878451347351	0.599007086830122
1254	ctrl_M3	ctrl	0.835936307907104	1.06898318231106	0.781992010482219
1254	mut_M1	mut	1.7289445400238	0.460196495056152	3.75697024770439
1254	mut_M2	mut	3.12542057037354	0.70307120680809	4.4453826868587
1254	mut_M3	mut	7.32812213897705	0.184639394283295	39.6888332927123
1255	ctrl_M1	ctrl	1.82214629650116	0.704741284251213	2.58555350342103
1255	ctrl_M2	ctrl	3.29178047180176	0.648464754223824	5.07626736898266
1255	ctrl_M3	ctrl	1.72990167140961	0.470847561955452	3.67401641462312
1255	mut_M1	mut	2.52295708656311	1.00531840324402	2.50960996876401
1255	mut_M2	mut	1.65902256965637	0.944126017391682	1.75720458826007
1255	mut_M3	mut	1.75087153911591	0.500829420983791	3.49594385984079
1256	ctrl_M1	ctrl	0.99533349275589	0	NA
1256	ctrl_M2	ctrl	1.60507166385651	0.305248111486435	5.25825256064798
1256	ctrl_M3	ctrl	1.90551650524139	0.474210426211357	4.01829314565112
1256	mut_M1	mut	1.64340233802795	0.558013662695885	2.94509336937795
1256	mut_M2	mut	2.10772824287415	0.189736679196358	11.1087020801754
1256	mut_M3	mut	3.37081050872803	0.700342163443565	4.81309092137739
1257	ctrl_M1	ctrl	4.43494462966919	1.30205450952053	3.40611287564475
1257	ctrl_M2	ctrl	0	0.60676446557045	0
1257	ctrl_M3	ctrl	2.61473107337952	2.06449680030346	1.26652222129634
1257	mut_M1	mut	0.881360471248627	1.30347062647343	0.676164428525075
1257	mut_M2	mut	0.908452272415161	0.94334951043129	0.963007095853398
1257	mut_M3	mut	3.37390661239624	1.26961539685726	2.65742414651542
1258	ctrl_M1	ctrl	5.23468923568726	2.44686824083328	2.13934250660942
1258	ctrl_M2	ctrl	5.50722217559814	1.66718154400587	3.30331282480821
1258	ctrl_M3	ctrl	4.54109048843384	2.91627389192581	1.5571550055729
1258	mut_M1	mut	5.23942899703979	2.08211189508438	2.51640126037869
1258	mut_M2	mut	3.0978798866272	2.0261118710041	1.52897770896132
1258	mut_M3	mut	2.91809630393982	2.46115604043007	1.18566082605226
1259	ctrl_M1	ctrl	5.91351795196533	2.86083117127419	2.06706289114276
1259	ctrl_M2	ctrl	5.81216669082642	4.06795808672905	1.42876759467791
1259	ctrl_M3	ctrl	4.0555248260498	4.72487384080887	0.858335050350366
1259	mut_M1	mut	4.1976203918457	3.49236665666103	1.20194149255191
1259	mut_M2	mut	4.12668418884277	3.6312567293644	1.13643415941155
1259	mut_M3	mut	6.08861112594604	3.51137706637383	1.73396676314051
1260	ctrl_M1	ctrl	1.13788151741028	1.01477441191673	1.12131475138501
1260	ctrl_M2	ctrl	2.10697054862976	0.561577022075653	3.7518816935247
1260	ctrl_M3	ctrl	1.98682284355164	0.675812363624573	2.93990307146165
1260	mut_M1	mut	1.29811060428619	0.642012372612953	2.02194016760605
1260	mut_M2	mut	0.663133025169373	1.13478136062622	0.584370741517492
1260	mut_M3	mut	2.05490779876709	0.996982291340828	2.06112768161957
1261	ctrl_M1	ctrl	0.950470685958862	0.835527524352074	1.13756956923223
1261	ctrl_M2	ctrl	1.43469405174255	0.50676004588604	2.83111121997409
1261	ctrl_M3	ctrl	2.39660620689392	0.791540816426277	3.02777337208502
1261	mut_M1	mut	0	0.50837829709053	0
1261	mut_M2	mut	2.50773358345032	0.272203236818314	9.21272506808633
1261	mut_M3	mut	1.77956366539001	0.696727901697159	2.55417310122815
1262	ctrl_M1	ctrl	2.41484808921814	0.519186675548553	4.6512135286729
1262	ctrl_M2	ctrl	0	0	NA
1262	ctrl_M3	ctrl	0.980172276496887	0.245245948433876	3.99669100654343
1262	mut_M1	mut	3.29517340660095	0.221766874194145	14.8587268435601
1262	mut_M2	mut	1.89783406257629	1.07126113772392	1.77158864047712
1262	mut_M3	mut	0.959860801696777	0.583421021699905	1.64522834453247
1263	ctrl_M1	ctrl	1.25088584423065	0.723887398838997	1.72801163031278
1263	ctrl_M2	ctrl	1.94459748268127	1.30387249588966	1.4914015663429
1263	ctrl_M3	ctrl	0.604203224182129	1.31983855366707	0.45778570606488
1263	mut_M1	mut	1.76769185066223	0.915509015321732	1.93082953971898
1263	mut_M2	mut	4.03407430648804	0.544778943061829	7.40497472941093
1263	mut_M3	mut	0.573337256908417	1.05760106444359	0.542111081563684
1264	ctrl_M1	ctrl	0.453721582889557	0.648351550102234	0.699807971181703
1264	ctrl_M2	ctrl	0.97360771894455	0.979375511407852	0.994110744657061
1264	ctrl_M3	ctrl	0	0.173757523298264	0
1264	mut_M1	mut	0.757114171981812	0.436748623847961	1.73352388683284
1264	mut_M2	mut	0.444788962602615	0.897231131792068	0.495735097504056
1264	mut_M3	mut	1.97868883609772	0.165495589375496	11.9561424178395
1265	ctrl_M1	ctrl	0.853394210338593	0.488415345549583	1.74727149364712
1265	ctrl_M2	ctrl	0.411444514989853	0.741072475910187	0.555201452441633
1265	ctrl_M3	ctrl	0.75107604265213	0.291601568460464	2.57569273930007
1265	mut_M1	mut	1.07276725769043	0.279520988464355	3.83787730425556
1265	mut_M2	mut	0.817460656166077	0.320801451802254	2.54818253338196
1265	mut_M3	mut	0.4408078789711	0.570993214845657	0.772001956433498
1266	ctrl_M1	ctrl	1.53969967365265	0.120128482580185	12.8171074884336
1266	ctrl_M2	ctrl	2.75373816490173	0.402223587036133	6.84628712401781
1266	ctrl_M3	ctrl	0.984323024749756	0.410840272903442	2.39587764313723
1266	mut_M1	mut	1.67315757274628	0.188598871231079	8.87151424515291
1266	mut_M2	mut	3.41523289680481	0.612487256526947	5.57600645631482
1266	mut_M3	mut	1.79913771152496	0.216345191001892	8.31605132147
1267	ctrl_M1	ctrl	0.580898761749268	0.28221108019352	2.05838396334733
1267	ctrl_M2	ctrl	1.02642714977264	1.36080235242844	0.754280846105918
1267	ctrl_M3	ctrl	0	0.941451773047447	0
1267	mut_M1	mut	0.901548147201538	0.710747182369232	1.26845124337501
1267	mut_M2	mut	2.05981230735779	0.146649792790413	14.0457907792724
1267	mut_M3	mut	1.08790993690491	0.457373350858688	2.3786036831014
1268	ctrl_M1	ctrl	4.04229497909546	0.577669978141785	6.99758535504732
1268	ctrl_M2	ctrl	4.14196825027466	0.470151081681252	8.80986646986551
1268	ctrl_M3	ctrl	5.14720869064331	1.13369855284691	4.54019163887773
1268	mut_M1	mut	2.383296251297	1.01215387880802	2.35467778289179
1268	mut_M2	mut	5.79115962982178	1.17108967900276	4.94510346530696
1268	mut_M3	mut	7.37905263900757	0.711619645357132	10.3693773593116
1269	ctrl_M1	ctrl	0.590476155281067	0.750658005475998	0.786611414217373
1269	ctrl_M2	ctrl	2.74238705635071	0.488003790378571	5.61960195887678
1269	ctrl_M3	ctrl	0	0.546937927603722	0
1269	mut_M1	mut	3.24077486991882	1.92112997174263	1.68691078562434
1269	mut_M2	mut	2.34149312973022	0.633741766214371	3.6947117178611
1269	mut_M3	mut	1.24110233783722	0.857726231217384	1.44696791664597
1270	ctrl_M1	ctrl	1.17634534835815	1.10224604606628	1.06722573653706
1270	ctrl_M2	ctrl	1.26832520961761	1.6953216791153	0.748132478480126
1270	ctrl_M3	ctrl	2.76859354972839	0.979202151298523	2.82739733165103
1270	mut_M1	mut	3.98481035232544	1.95237582921982	2.04100578007965
1270	mut_M2	mut	4.69177579879761	2.46046522259712	1.90686531787076
1270	mut_M3	mut	8.74509906768799	3.08224964141846	2.83724554629633
1271	ctrl_M1	ctrl	1.44741725921631	0.666534811258316	2.17155538580769
1271	ctrl_M2	ctrl	2.12992143630981	0.86142423003912	2.47255807537836
1271	ctrl_M3	ctrl	0.814710378646851	0.797235414385796	1.02191945308215
1271	mut_M1	mut	2.48461699485779	1.79526664316654	1.38398215346738
1271	mut_M2	mut	3.6301417350769	1.2800085619092	2.83602926035304
1271	mut_M3	mut	0.789048492908478	0.309179879724979	2.55206934426118
1272	ctrl_M1	ctrl	0.969733715057373	0.288207232952118	3.36470984827255
1272	ctrl_M2	ctrl	3.02457928657532	0.857779800891876	3.52605561873865
1272	ctrl_M3	ctrl	0.435730963945389	0.322196394205093	1.35237690980497
1272	mut_M1	mut	0.43530610203743	0.573399871587753	0.759166723968843
1272	mut_M2	mut	0.952506542205811	0	NA
1272	mut_M3	mut	0.417263031005859	0.644070625305176	0.647852913348052
1273	ctrl_M1	ctrl	0.641671717166901	0.595213770866394	1.07805253939754
1273	ctrl_M2	ctrl	1.90850055217743	0	NA
1273	ctrl_M3	ctrl	0	0.782339528203011	0
1273	mut_M1	mut	0	0.234454542398453	0
1273	mut_M2	mut	0	0	NA
1273	mut_M3	mut	1.24032068252563	0.699994444847107	1.77190075100745
1274	ctrl_M1	ctrl	0.912935853004456	0.422496691346169	2.16081183995936
1274	ctrl_M2	ctrl	0.714825987815857	0.397538483142853	1.79813028958756
1274	ctrl_M3	ctrl	1.63686430454254	0.937186300754547	1.74657301672535
1274	mut_M1	mut	0.871913552284241	1.49698765575886	0.582445385524737
1274	mut_M2	mut	0.742767214775085	0	NA
1274	mut_M3	mut	0	0.460785686969757	0
1275	ctrl_M1	ctrl	0.986174762248993	0.248884938657284	3.9623722012643
1275	ctrl_M2	ctrl	0.862691044807434	0.193782046437263	4.45186259856497
1275	ctrl_M3	ctrl	0.441987425088882	0.657391875982285	0.672334784223578
1275	mut_M1	mut	0.571087241172791	0.592765420675278	0.963428738002646
1275	mut_M2	mut	0.499527662992477	0.439239673316479	1.13725533766291
1275	mut_M3	mut	0	0	NA
1276	ctrl_M1	ctrl	1.00917899608612	0.447789698839188	2.25368961970816
1276	ctrl_M2	ctrl	0.905864536762238	0.530736774206161	1.70680567239224
1276	ctrl_M3	ctrl	0.961889207363129	0	NA
1276	mut_M1	mut	0.88431453704834	1.92813378572464	0.458637540400752
1276	mut_M2	mut	0	0.73318675160408	0
1276	mut_M3	mut	1.71917963027954	0.476406052708626	3.60864355208141
1277	ctrl_M1	ctrl	1.89190328121185	0.661437913775444	2.86028853473638
1277	ctrl_M2	ctrl	1.23729312419891	0.305767834186554	4.0465117185741
1277	ctrl_M3	ctrl	1.07364892959595	0.18194517493248	5.90094752440882
1277	mut_M1	mut	1.49835860729218	0.191891983151436	7.80834395832843
1277	mut_M2	mut	3.08475351333618	0.571463733911514	5.39798648677473
1277	mut_M3	mut	0	0.494151264429092	0
1278	ctrl_M1	ctrl	0	0	NA
1278	ctrl_M2	ctrl	0	0	NA
1278	ctrl_M3	ctrl	0	0	NA
1278	mut_M1	mut	0	0	NA
1278	mut_M2	mut	0.752326905727386	0.239235788583755	3.14470886726883
1278	mut_M3	mut	0	0	NA
1279	ctrl_M1	ctrl	2.18248271942139	0.480501353740692	4.54209483996415
1279	ctrl_M2	ctrl	1.82052719593048	0.855071365833282	2.1290938612549
1279	ctrl_M3	ctrl	6.16765594482422	0.28646981716156	21.529863096697
1279	mut_M1	mut	1.49169611930847	2.85047547519207	0.52331484073125
1279	mut_M2	mut	4.14128446578979	1.28128097951412	3.23214387164338
1279	mut_M3	mut	1.62314260005951	2.14028418064117	0.758377142035997
1280	ctrl_M1	ctrl	0	0	NA
1280	ctrl_M2	ctrl	1.87576043605804	0	NA
1280	ctrl_M3	ctrl	0	0	NA
1280	mut_M1	mut	1.0739940404892	0	NA
1280	mut_M2	mut	2.34278345108032	0	NA
1280	mut_M3	mut	1.28518676757812	0	NA
1281	ctrl_M1	ctrl	2.76177525520325	0.203831896185875	13.549279121089
1281	ctrl_M2	ctrl	1.6625394821167	1.35490942001343	1.22704843405711
1281	ctrl_M3	ctrl	2.67858028411865	0.577513843774796	4.63812307357117
1281	mut_M1	mut	2.45763039588928	1.16398951411247	2.1113853398956
1281	mut_M2	mut	1.55842101573944	1.46234442293644	1.06570038582981
1281	mut_M3	mut	4.85651063919067	1.3079306781292	3.71312541283702
1282	ctrl_M1	ctrl	1.04244124889374	0.520163789391518	2.00406347030264
1282	ctrl_M2	ctrl	3.75465035438538	1.13532483577728	3.30711549335113
1282	ctrl_M3	ctrl	2.62245917320251	1.27916786074638	2.05012903597526
1282	mut_M1	mut	1.90297341346741	0.776664197444916	2.45018815046174
1282	mut_M2	mut	3.77368545532227	1.19410288333893	3.16026827166714
1282	mut_M3	mut	3.33332133293152	0.870683774352074	3.82839491342541
1283	ctrl_M1	ctrl	0	0.441396534442902	0
1283	ctrl_M2	ctrl	0	0.426985740661621	0
1283	ctrl_M3	ctrl	0	1.72367912530899	0
1283	mut_M1	mut	4.50980043411255	1.26605692505836	3.56208346153523
1283	mut_M2	mut	0	0.404594510793686	0
1283	mut_M3	mut	3.79615783691406	0.722455531358719	5.2545211049525
1284	ctrl_M1	ctrl	4.27071285247803	2.60605281591415	1.63876680717998
1284	ctrl_M2	ctrl	8.25152015686035	2.69206342101097	3.06512844105344
1284	ctrl_M3	ctrl	5.66730546951294	1.81345726549625	3.12513869355619
1284	mut_M1	mut	3.35187602043152	4.91136980056763	0.682472743152863
1284	mut_M2	mut	7.14986801147461	1.96952529251575	3.6302494000175
1284	mut_M3	mut	6.13591527938843	1.71351623535156	3.58089124152916
1285	ctrl_M1	ctrl	0.490036100149155	0	NA
1285	ctrl_M2	ctrl	1.35023105144501	0.323481291532516	4.17406226198797
1285	ctrl_M3	ctrl	1.42065227031708	0.250651009380817	5.66784978774477
1285	mut_M1	mut	2.4455931186676	0.52041395008564	4.69932275694215
1285	mut_M2	mut	0.43577378988266	0	NA
1285	mut_M3	mut	1.17135298252106	0.306798487901688	3.81798812155949
1286	ctrl_M1	ctrl	1.85824370384216	1.18192040920258	1.57222405956751
1286	ctrl_M2	ctrl	3.58374881744385	2.24119880795479	1.59903209154132
1286	ctrl_M3	ctrl	2.93280005455017	1.52264574170113	1.92612107611689
1286	mut_M1	mut	2.68190932273865	2.76945301890373	0.968389535562608
1286	mut_M2	mut	3.66365003585815	1.25011837482452	2.93064249725344
1286	mut_M3	mut	2.87147974967957	0.829696998000145	3.46087759338749
1287	ctrl_M1	ctrl	0	1.64520938694477	0
1287	ctrl_M2	ctrl	0.963701784610748	0.212798535823822	4.52870495973998
1287	ctrl_M3	ctrl	2.12765002250671	0.423977568745613	5.01830799398566
1287	mut_M1	mut	0.557813048362732	0.467908561229706	1.19214114590413
1287	mut_M2	mut	0.972124874591827	0.453231930732727	2.14487287561629
1287	mut_M3	mut	0.961427867412567	1.60320936143398	0.599689529352937
1288	ctrl_M1	ctrl	0.469138294458389	0	NA
1288	ctrl_M2	ctrl	1.24964666366577	0	NA
1288	ctrl_M3	ctrl	0	0.406152158975601	0
1288	mut_M1	mut	0	0	NA
1288	mut_M2	mut	0	0.400354355573654	0
1288	mut_M3	mut	1.20326745510101	0.180201962590218	6.67732713786955
1289	ctrl_M1	ctrl	2.85592651367188	0.450785949826241	6.33543817142641
1289	ctrl_M2	ctrl	2.57240676879883	0.63773638010025	4.03365222538262
1289	ctrl_M3	ctrl	0	1.22545383870602	0
1289	mut_M1	mut	0	1.61805561184883	0
1289	mut_M2	mut	1.69868814945221	0.826800271868706	2.05453264500372
1289	mut_M3	mut	2.94218778610229	0.650395601987839	4.52368954696177
1290	ctrl_M1	ctrl	1.78976571559906	0.130725115537643	13.6910624116732
1290	ctrl_M2	ctrl	2.48005247116089	0.973701149225235	2.54703660680101
1290	ctrl_M3	ctrl	3.45334625244141	0.501626089215279	6.88430352146091
1290	mut_M1	mut	0.933825612068176	1.00048367679119	0.933374160649173
1290	mut_M2	mut	0.842909455299377	1.33934171497822	0.629346077907449
1290	mut_M3	mut	1.91620588302612	0.443576663732529	4.31989786591112
1291	ctrl_M1	ctrl	3.1028950214386	0.924559235572815	3.35608028350524
1291	ctrl_M2	ctrl	2.78303694725037	1.97796683013439	1.4070190181406
1291	ctrl_M3	ctrl	4.06187391281128	1.51225487887859	2.68597176940394
1291	mut_M1	mut	5.59654569625854	1.00891201198101	5.54710978737349
1291	mut_M2	mut	3.03296995162964	1.6685189306736	1.81776178614
1291	mut_M3	mut	7.49109268188477	0.984186708927155	7.61145483264114
1292	ctrl_M1	ctrl	0.713589668273926	0	NA
1292	ctrl_M2	ctrl	0	0	NA
1292	ctrl_M3	ctrl	1.33455121517181	0.225293293595314	5.9236171386842
1292	mut_M1	mut	0	0	NA
1292	mut_M2	mut	0	0.832419246435165	0
1292	mut_M3	mut	0.562576591968536	0.227231115102768	2.47579030589233
1293	ctrl_M1	ctrl	1.50883293151855	0.153635606169701	9.82085448246905
1293	ctrl_M2	ctrl	0	0.823179304599762	0
1293	ctrl_M3	ctrl	3.41535496711731	0.722653642296791	4.72612987358976
1293	mut_M1	mut	0	0.554300680756569	0
1293	mut_M2	mut	1.40834999084473	0.939719215035439	1.49869234161783
1293	mut_M3	mut	2.27786707878113	0.735099628567696	3.09871885423128
1294	ctrl_M1	ctrl	2.92270255088806	1.40454940497875	2.08088269485421
1294	ctrl_M2	ctrl	4.09419536590576	0.506292536854744	8.08662002276441
1294	ctrl_M3	ctrl	3.2807469367981	1.43088759481907	2.29280549267249
1294	mut_M1	mut	0.676429569721222	0.957941591739655	0.706128197746172
1294	mut_M2	mut	1.38395071029663	1.90945595502853	0.724787972538466
1294	mut_M3	mut	7.92591524124146	0.325415402650833	24.3563002140555
1295	ctrl_M1	ctrl	1.29850471019745	0.34256699681282	3.79051316174207
1295	ctrl_M2	ctrl	1.22186100482941	0.741295665502548	1.648277551982
1295	ctrl_M3	ctrl	0	0.912179633975029	0
1295	mut_M1	mut	0	0.387053698301315	0
1295	mut_M2	mut	0	0.337443083524704	0
1295	mut_M3	mut	0	0.852739781141281	0
1296	ctrl_M1	ctrl	2.70742845535278	0.93940731883049	2.88206021081822
1296	ctrl_M2	ctrl	0.51478511095047	0.435712143778801	1.18147983318962
1296	ctrl_M3	ctrl	1.04115080833435	0.748473346233368	1.3910325779453
1296	mut_M1	mut	1.69034254550934	0.527809500694275	3.2025618017218
1296	mut_M2	mut	1.44262588024139	0.535616025328636	2.6933956640977
1296	mut_M3	mut	1.41399133205414	0.637996673583984	2.21629890969644
1297	ctrl_M1	ctrl	0	0.28070941567421	0
1297	ctrl_M2	ctrl	1.56138467788696	0.62133663892746	2.51294480329085
1297	ctrl_M3	ctrl	1.7506777048111	1.50435769557953	1.16373766023557
1297	mut_M1	mut	0	1.03281415998936	0
1297	mut_M2	mut	5.4035005569458	0.773474216461182	6.9860125159285
1297	mut_M3	mut	2.80483627319336	1.68607833981514	1.66352666240934
1298	ctrl_M1	ctrl	0.79182106256485	0	NA
1298	ctrl_M2	ctrl	0.769679844379425	0.129571363329887	5.94020024640651
1298	ctrl_M3	ctrl	0	0	NA
1298	mut_M1	mut	2.26369619369507	0.15690615773201	14.4270704631069
1298	mut_M2	mut	0.784892618656158	0.563902214169502	1.39189490470812
1298	mut_M3	mut	0.728303670883179	0	NA
1299	ctrl_M1	ctrl	0	0	NA
1299	ctrl_M2	ctrl	6.69021463394165	0	NA
1299	ctrl_M3	ctrl	0	0	NA
1299	mut_M1	mut	0	0	NA
1299	mut_M2	mut	5.14377737045288	0	NA
1299	mut_M3	mut	5.54456996917725	0	NA
1300	ctrl_M1	ctrl	2.46029567718506	1.45816749334335	1.68725176525776
1300	ctrl_M2	ctrl	6.83396482467651	3.02960869669914	2.25572524667042
1300	ctrl_M3	ctrl	4.54812622070312	1.75736933946609	2.58803093838253
1300	mut_M1	mut	3.63947582244873	1.67232067883015	2.17630258868454
1300	mut_M2	mut	5.0703763961792	3.43137028813362	1.47765352335001
1300	mut_M3	mut	1.76560521125793	1.23625983297825	1.42818294678753
1301	ctrl_M1	ctrl	0	2.38939756155014	0
1301	ctrl_M2	ctrl	5.99378442764282	1.3408807516098	4.47003540057306
1301	ctrl_M3	ctrl	0	2.04520052671432	0
1301	mut_M1	mut	6.7233624458313	1.51400849223137	4.4407693089768
1301	mut_M2	mut	4.19793653488159	1.70344769954681	2.46437653236927
1301	mut_M3	mut	4.96201705932617	1.52521848678589	3.25331557564758
1302	ctrl_M1	ctrl	2.30364298820496	2.995550096035	0.769021686952965
1302	ctrl_M2	ctrl	3.04934167861938	2.51809614896774	1.21097110603557
1302	ctrl_M3	ctrl	1.17211818695068	2.61150330305099	0.448828912290216
1302	mut_M1	mut	7.72900724411011	1.44981990754604	5.3310119442298
1302	mut_M2	mut	7.76242733001709	1.49334068596363	5.1980284224347
1302	mut_M3	mut	2.21895885467529	2.98236057162285	0.744027692623313
1303	ctrl_M1	ctrl	0	0	NA
1303	ctrl_M2	ctrl	2.24645662307739	0.993098884820938	2.26206741082228
1303	ctrl_M3	ctrl	0	0.620246589183807	0
1303	mut_M1	mut	1.50855100154877	0.761419013142586	1.98123631733671
1303	mut_M2	mut	1.52961659431458	0.201036781072617	7.60864049928287
1303	mut_M3	mut	2.21840953826904	1.44222025573254	1.53819052911739
1304	ctrl_M1	ctrl	4.33091115951538	1.34390480816364	3.22263238676353
1304	ctrl_M2	ctrl	1.05672931671143	1.29295706748962	0.817296523822827
1304	ctrl_M3	ctrl	2.34733748435974	1.98500773310661	1.18253316861696
1304	mut_M1	mut	4.89555740356445	2.85757303237915	1.71318715150686
1304	mut_M2	mut	1.03069651126862	1.35265420377254	0.76198078444144
1304	mut_M3	mut	7.77689361572266	2.00372019410133	3.88122734831776
1305	ctrl_M1	ctrl	0	0.361887767910957	0
1305	ctrl_M2	ctrl	2.29285025596619	0.355645149946213	6.44701679838163
1305	ctrl_M3	ctrl	0.948805630207062	0.729963213205338	1.29979924062305
1305	mut_M1	mut	2.6637270450592	0.553439512848854	4.81304096150915
1305	mut_M2	mut	1.63978922367096	1.30146530270576	1.25995615884789
1305	mut_M3	mut	1.29464161396027	0.736933752894402	1.75679511065329
1306	ctrl_M1	ctrl	0.79699319601059	0.501349985599518	1.58969426329501
1306	ctrl_M2	ctrl	1.47291803359985	0.441898941993713	3.33315582733576
1306	ctrl_M3	ctrl	2.22543025016785	0.856086269021034	2.59953970843699
1306	mut_M1	mut	2.320392370224	0.491245493292809	4.72348836153276
1306	mut_M2	mut	0	0.434017479419708	0
1306	mut_M3	mut	1.53648805618286	0.437858611345291	3.50909635295765
1307	ctrl_M1	ctrl	2.24435663223267	1.08280567824841	2.07272336792991
1307	ctrl_M2	ctrl	5.48460149765015	3.11482557654381	1.76080533656585
1307	ctrl_M3	ctrl	3.31501913070679	1.53592419624329	2.1583220961132
1307	mut_M1	mut	10.0181007385254	4.24183934926987	2.36173506671104
1307	mut_M2	mut	4.31477212905884	2.14433985948563	2.01216803855609
1307	mut_M3	mut	10.8436441421509	1.70018017292023	6.37793824140759
1308	ctrl_M1	ctrl	0.783953011035919	0.32760614156723	2.39297409775524
1308	ctrl_M2	ctrl	1.52899289131165	0.984425783157349	1.55318249224203
1308	ctrl_M3	ctrl	1.06350982189178	1.36071512103081	0.781581541539808
1308	mut_M1	mut	1.97763156890869	0.89597162604332	2.20724798802175
1308	mut_M2	mut	0.68236118555069	0.825448796153069	0.826654770993396
1308	mut_M3	mut	2.36470222473145	0.315903514623642	7.48552046832616
1309	ctrl_M1	ctrl	1.045818567276	0.465192750096321	2.24814029681128
1309	ctrl_M2	ctrl	0	0.385491535067558	0
1309	ctrl_M3	ctrl	0.919887602329254	0.214126884937286	4.29599301647092
1309	mut_M1	mut	1.69051623344421	0.820456936955452	2.06045699329129
1309	mut_M2	mut	0	0.350244730710983	0
1309	mut_M3	mut	0	0.390628799796104	0
1310	ctrl_M1	ctrl	2.07896733283997	0.775670349597931	2.68022019137073
1310	ctrl_M2	ctrl	1.49962556362152	0.661702573299408	2.26631363415141
1310	ctrl_M3	ctrl	0.79950338602066	0.384213119745255	2.08088517786888
1310	mut_M1	mut	3.57157945632935	0.992278665304184	3.59937140766246
1310	mut_M2	mut	0.756953120231628	1.27647562325001	0.59300240948148
1310	mut_M3	mut	0	0.697698682546616	0
1311	ctrl_M1	ctrl	0.539281904697418	0.187364608049393	2.87824851401634
1311	ctrl_M2	ctrl	1.00017118453979	0.205506056547165	4.86686962586063
1311	ctrl_M3	ctrl	1.03537511825562	1.02328759431839	1.01181244061234
1311	mut_M1	mut	2.13791084289551	0.497256502509117	4.29941254082707
1311	mut_M2	mut	0.920922875404358	1.03823836147785	0.887005248094952
1311	mut_M3	mut	1.68474066257477	0.624580323696136	2.69739631342343
1312	ctrl_M1	ctrl	0	0.128191858530045	0
1312	ctrl_M2	ctrl	0.970623910427094	0.316855058073997	3.06330571563865
1312	ctrl_M3	ctrl	0	0.167220577597618	0
1312	mut_M1	mut	2.59647512435913	0.468828186392784	5.5382231694231
1312	mut_M2	mut	2.36733245849609	0.121143870055676	19.541496052653
1312	mut_M3	mut	3.25136017799377	0.887219361960888	3.66466323594176
1313	ctrl_M1	ctrl	1.8979663848877	0.924481712281704	2.0530058730998
1313	ctrl_M2	ctrl	2.30552911758423	1.51535824686289	1.52144162765284
1313	ctrl_M3	ctrl	5.1402153968811	0.562218129634857	9.14274215991489
1313	mut_M1	mut	3.44254755973816	2.12231034040451	1.62207547793506
1313	mut_M2	mut	3.97537779808044	2.18518379330635	1.81924184604417
1313	mut_M3	mut	3.06547927856445	1.59719001501799	1.91929529344693
1314	ctrl_M1	ctrl	3.86658239364624	0.217055663466454	17.813782565705
1314	ctrl_M2	ctrl	0.87500673532486	0.654997393488884	1.33589346159697
1314	ctrl_M3	ctrl	0	1.04421791434288	0
1314	mut_M1	mut	2.68459844589233	1.08743432164192	2.46874536922731
1314	mut_M2	mut	1.65428876876831	0.468725204467773	3.52933606514016
1314	mut_M3	mut	0.947137236595154	0.736067548394203	1.28675315011702
1315	ctrl_M1	ctrl	0	0.243924155831337	0
1315	ctrl_M2	ctrl	0	0.768349692225456	0
1315	ctrl_M3	ctrl	0	0.276677697896957	0
1315	mut_M1	mut	0	0.546976059675217	0
1315	mut_M2	mut	0.960421442985535	0.262576013803482	3.65768917378849
1315	mut_M3	mut	0.957323610782623	0.302619636058807	3.16345503302565
1316	ctrl_M1	ctrl	1.45951855182648	1.81523868441582	0.80403671669006
1316	ctrl_M2	ctrl	2.65800619125366	2.25104320049286	1.18078861865987
1316	ctrl_M3	ctrl	1.52061665058136	3.59323960542679	0.423188213857157
1316	mut_M1	mut	10.3395757675171	3.47219744324684	2.9778190717889
1316	mut_M2	mut	2.65193152427673	2.52060762047768	1.05210009790186
1316	mut_M3	mut	6.30568313598633	4.21034479141235	1.49766431215984
1317	ctrl_M1	ctrl	3.09735989570618	0.726644366979599	4.26255268251895
1317	ctrl_M2	ctrl	3.67820501327515	0.916638612747192	4.01271009329561
1317	ctrl_M3	ctrl	1.43928062915802	0.69802987575531	2.06191837792134
1317	mut_M1	mut	7.13912725448608	0.671740114688873	10.6278114085723
1317	mut_M2	mut	3.97869896888733	1.4019513130188	2.83797228330281
1317	mut_M3	mut	9.38913249969482	0.66149029135704	14.1939082438128
1318	ctrl_M1	ctrl	0.943705856800079	1.2327766418457	0.765512441399904
1318	ctrl_M2	ctrl	0	1.3476984500885	0
1318	ctrl_M3	ctrl	1.9910945892334	0.71544623374939	2.78301079145921
1318	mut_M1	mut	0	0.563941493630409	0
1318	mut_M2	mut	0	0.32232004404068	0
1318	mut_M3	mut	1.68491315841675	0.822781413793564	2.04782598411915
1319	ctrl_M1	ctrl	0	0.269880026578903	0
1319	ctrl_M2	ctrl	2.52362132072449	0.543682992458344	4.64171466779485
1319	ctrl_M3	ctrl	1.67467021942139	0.950861990451813	1.76121270619477
1319	mut_M1	mut	1.5924688577652	0.422399967908859	3.77004966560225
1319	mut_M2	mut	0.809121549129486	0.442423671483994	1.82883873825173
1319	mut_M3	mut	0.812977969646454	0.451683282852173	1.79988500905517
1320	ctrl_M1	ctrl	0.714463531970978	0.227576687932014	3.13944076813533
1320	ctrl_M2	ctrl	1.37709665298462	1.4536749124527	0.947320918307056
1320	ctrl_M3	ctrl	1.9246711730957	1.11082927882671	1.73264353918416
1320	mut_M1	mut	1.92090940475464	0.835531681776047	2.29902641234556
1320	mut_M2	mut	0.626216650009155	0.440616294741631	1.42122898649574
1320	mut_M3	mut	1.90397644042969	0.889517441391945	2.14045993010579
1321	ctrl_M1	ctrl	1.00005030632019	0.581548810005188	1.71963262432137
1321	ctrl_M2	ctrl	0	0.893061906099319	0
1321	ctrl_M3	ctrl	0	0.4161716401577	0
1321	mut_M1	mut	0.916495859622955	0.459346234798431	1.99521796456028
1321	mut_M2	mut	0.513964474201202	0.757754147052765	0.678273390122949
1321	mut_M3	mut	0	0.447931244969368	0
1322	ctrl_M1	ctrl	0	1.19546568393707	0
1322	ctrl_M2	ctrl	1.47888684272766	1.34235449135303	1.10171109960455
1322	ctrl_M3	ctrl	0.740291595458984	1.07907567918301	0.686042332099892
1322	mut_M1	mut	0.770451068878174	1.50770159065723	0.511010317726282
1322	mut_M2	mut	3.07355570793152	2.30273565649986	1.33474100653103
1322	mut_M3	mut	1.41898202896118	0.225317969918251	6.29768690653485
1323	ctrl_M1	ctrl	0	1.47351089119911	0
1323	ctrl_M2	ctrl	1.14898025989532	0.8940289914608	1.28517114195363
1323	ctrl_M3	ctrl	0	0.323028564453125	0
1323	mut_M1	mut	3.10528016090393	0.598260074853897	5.19051879178513
1323	mut_M2	mut	1.16906082630157	1.84161105751991	0.634803326971734
1323	mut_M3	mut	2.28104162216187	0.861725330352783	2.64706344564343
1324	ctrl_M1	ctrl	3.28141117095947	3.57777269184589	0.917165916783406
1324	ctrl_M2	ctrl	6.11596822738647	4.56463298201561	1.33985979847296
1324	ctrl_M3	ctrl	9.7205867767334	6.26599651575089	1.55132336130393
1324	mut_M1	mut	8.30990982055664	4.90087819099426	1.69559607415396
1324	mut_M2	mut	6.96016073226929	4.42766174674034	1.57197209958357
1324	mut_M3	mut	4.19592523574829	4.3497379720211	0.964638620242832
1325	ctrl_M1	ctrl	2.90037107467651	0.603932991623878	4.80247165646289
1325	ctrl_M2	ctrl	4.14352989196777	0.429087594151497	9.65660612994751
1325	ctrl_M3	ctrl	5.25245571136475	0.873852014541626	6.01069245588441
1325	mut_M1	mut	2.29805541038513	0.893310517072678	2.57251578982381
1325	mut_M2	mut	5.70436525344849	1.36818185448647	4.16930339687159
1325	mut_M3	mut	1.86637043952942	1.87880194187164	0.993383282151689
1326	ctrl_M1	ctrl	5.04468631744385	1.15960980206728	4.35033086858226
1326	ctrl_M2	ctrl	6.53986978530884	4.16379326581955	1.57065189547099
1326	ctrl_M3	ctrl	3.94312357902527	1.66787800192833	2.36415587618902
1326	mut_M1	mut	2.90754079818726	1.66876913607121	1.7423265659338
1326	mut_M2	mut	3.75083088874817	1.36579540371895	2.74626117391739
1326	mut_M3	mut	0	0.447353586554527	0
1327	ctrl_M1	ctrl	0.952568471431732	2.69263477623463	0.353768167832921
1327	ctrl_M2	ctrl	1.15845382213593	0.981172770261765	1.18068280862183
1327	ctrl_M3	ctrl	2.06321358680725	1.05479007959366	1.95604189565574
1327	mut_M1	mut	3.52072691917419	1.16843095421791	3.01320921571339
1327	mut_M2	mut	1.05685913562775	1.75290009379387	0.602920348609455
1327	mut_M3	mut	1.48877573013306	1.57194262742996	0.947092918122032
1328	ctrl_M1	ctrl	2.96523261070251	0.40280419588089	7.36147398916207
1328	ctrl_M2	ctrl	0	2.43294808268547	0
1328	ctrl_M3	ctrl	0	2.45658487081528	0
1328	mut_M1	mut	5.50784873962402	2.75981989502907	1.99572760148032
1328	mut_M2	mut	2.50552749633789	1.78038102388382	1.4072984730382
1328	mut_M3	mut	9.75198459625244	1.04808235168457	9.30459765931388
1329	ctrl_M1	ctrl	0	0	NA
1329	ctrl_M2	ctrl	0	0.796246767044067	0
1329	ctrl_M3	ctrl	0.662948787212372	0.630598127841949	1.05130154680467
1329	mut_M1	mut	0	1.76757723093033	0
1329	mut_M2	mut	0.650342881679535	0	NA
1329	mut_M3	mut	0	0.316843032836914	0
1330	ctrl_M1	ctrl	0	0.2126654535532	0
1330	ctrl_M2	ctrl	0	0.173550948500633	0
1330	ctrl_M3	ctrl	0	0	NA
1330	mut_M1	mut	0	0	NA
1330	mut_M2	mut	0	0.192940175533295	0
1330	mut_M3	mut	0.844236612319946	0.210799962282181	4.00491823233742
1331	ctrl_M1	ctrl	1.76568067073822	0.381348729133606	4.63009454561369
1331	ctrl_M2	ctrl	2.33329558372498	0.555296272039413	4.20189311762454
1331	ctrl_M3	ctrl	2.63247299194336	0	NA
1331	mut_M1	mut	2.48981404304504	1.12931582331657	2.20471013656123
1331	mut_M2	mut	2.28015947341919	0.874574840068817	2.60716335407016
1331	mut_M3	mut	1.6597820520401	0.858023062348366	1.93442592032126
1332	ctrl_M1	ctrl	1.91477000713348	1.00105151534081	1.91275871200455
1332	ctrl_M2	ctrl	4.20918464660645	2.47013396024704	1.7040309207301
1332	ctrl_M3	ctrl	4.71997117996216	2.77079477906227	1.70347194805945
1332	mut_M1	mut	3.38383960723877	2.3013910651207	1.47034533092762
1332	mut_M2	mut	9.06608200073242	1.11081433296204	8.16165378111147
1332	mut_M3	mut	3.27995252609253	2.48378539085388	1.32054586445769
1333	ctrl_M1	ctrl	4.43320608139038	0.399595528841019	11.0942334471269
1333	ctrl_M2	ctrl	1.92591941356659	0.79323798418045	2.42792131992569
1333	ctrl_M3	ctrl	0	1.68441542983055	0
1333	mut_M1	mut	2.52063012123108	1.13824456930161	2.21448903795576
1333	mut_M2	mut	5.18483877182007	1.09952619671822	4.71552091009327
1333	mut_M3	mut	2.94197177886963	1.76512068510056	1.66672556936356
1334	ctrl_M1	ctrl	2.65522766113281	0.426785975694656	6.2214501233576
1334	ctrl_M2	ctrl	0	1.3811714053154	0
1334	ctrl_M3	ctrl	0	0.978116422891617	0
1334	mut_M1	mut	3.0132884979248	0.672672852873802	4.47957500447861
1334	mut_M2	mut	2.19851517677307	0.83823037147522	2.62280543820413
1334	mut_M3	mut	4.84714317321777	0.808844059705734	5.99267944797816
1335	ctrl_M1	ctrl	0	0	NA
1335	ctrl_M2	ctrl	0	0.227522805333138	0
1335	ctrl_M3	ctrl	0.796732008457184	0.833195134997368	0.956236990581685
1335	mut_M1	mut	0.813733518123627	0.749372184276581	1.08588700674709
1335	mut_M2	mut	1.44869685173035	0.560221269726753	2.58593689674965
1335	mut_M3	mut	1.54246473312378	0.340438082814217	4.53082310995604
1336	ctrl_M1	ctrl	0.743922710418701	1.50470197200775	0.494398707689651
1336	ctrl_M2	ctrl	2.96258592605591	2.52402350306511	1.17375528494811
1336	ctrl_M3	ctrl	1.44640445709229	2.93406701087952	0.492969128424477
1336	mut_M1	mut	2.84080338478088	2.51887634396553	1.12780581372587
1336	mut_M2	mut	7.82442712783813	2.34796777367592	3.33242526390744
1336	mut_M3	mut	2.84889554977417	2.51709970831871	1.13181672555875
1337	ctrl_M1	ctrl	1.40622127056122	1.14897148311138	1.22389571127841
1337	ctrl_M2	ctrl	2.5003387928009	0.189634531736374	13.1850395068174
1337	ctrl_M3	ctrl	0.690866529941559	1.88869205117226	0.365790987214013
1337	mut_M1	mut	2.79940629005432	1.06619657576084	2.62560052592239
1337	mut_M2	mut	3.13573169708252	2.94318073987961	1.06542274301876
1337	mut_M3	mut	2.64930105209351	1.00908349454403	2.62545276621598
1338	ctrl_M1	ctrl	0	0.138720244169235	0
1338	ctrl_M2	ctrl	2.91286826133728	1.6909145116806	1.72265850296723
1338	ctrl_M3	ctrl	2.33178067207336	1.75279606878757	1.33032057385106
1338	mut_M1	mut	2.89379215240479	1.09713624417782	2.63758687014607
1338	mut_M2	mut	2.48888850212097	1.89343786239624	1.31448121512219
1338	mut_M3	mut	4.61174726486206	1.16945118457079	3.94351412500784
1339	ctrl_M1	ctrl	0	0	NA
1339	ctrl_M2	ctrl	2.07167840003967	0.262288928031921	7.89845921284006
1339	ctrl_M3	ctrl	0.631448209285736	0.253303676843643	2.49285054664055
1339	mut_M1	mut	1.50971806049347	1.33544488251209	1.13049821843156
1339	mut_M2	mut	0	1.25267165899277	0
1339	mut_M3	mut	1.91521120071411	0.305039972066879	6.27855814350195
1340	ctrl_M1	ctrl	0.473568201065063	0.241924315690994	1.95750559307128
1340	ctrl_M2	ctrl	0	0	NA
1340	ctrl_M3	ctrl	1.19445097446442	0.221771370619535	5.38595658730712
1340	mut_M1	mut	2.35506272315979	0	NA
1340	mut_M2	mut	0.849778056144714	0.202451661229134	4.19743681521556
1340	mut_M3	mut	0	0.73236907273531	0
1341	ctrl_M1	ctrl	0	0.15413299202919	0
1341	ctrl_M2	ctrl	0	0.372241884469986	0
1341	ctrl_M3	ctrl	0.70031863451004	0.210870459675789	3.32108459187111
1341	mut_M1	mut	0.557521998882294	0.131986051797867	4.22409785949294
1341	mut_M2	mut	0.70680433511734	0	NA
1341	mut_M3	mut	0.622458338737488	0.190171331167221	3.27314498414143
1342	ctrl_M1	ctrl	0	0.826271817088127	0
1342	ctrl_M2	ctrl	0	0	NA
1342	ctrl_M3	ctrl	0.833640813827515	0	NA
1342	mut_M1	mut	1.41873466968536	0	NA
1342	mut_M2	mut	0.802303373813629	0.482043743133545	1.66437877317569
1342	mut_M3	mut	0	1.1396791934967	0
1343	ctrl_M1	ctrl	0.745943903923035	1.19676095247269	0.623302341525936
1343	ctrl_M2	ctrl	5.18555068969727	1.46123138070107	3.54875398802985
1343	ctrl_M3	ctrl	2.70486235618591	1.2000574618578	2.25394403364531
1343	mut_M1	mut	3.80558061599731	0.929023340344429	4.09632401117761
1343	mut_M2	mut	1.22094130516052	1.56039901077747	0.782454549591252
1343	mut_M3	mut	4.11946725845337	2.17249436676502	1.89619237751466
1344	ctrl_M1	ctrl	1.15944910049438	0.703693076968193	1.64766307704743
1344	ctrl_M2	ctrl	2.18718028068542	0.656386017799377	3.33215550205996
1344	ctrl_M3	ctrl	0.970244109630585	1.25946585834026	0.770361580828544
1344	mut_M1	mut	1.07155656814575	1.8264447748661	0.586689826537081
1344	mut_M2	mut	0.50859534740448	2.377515822649	0.213918806579301
1344	mut_M3	mut	1.79398334026337	1.43271146714687	1.2521595460082
1345	ctrl_M1	ctrl	0	0.803682565689087	0
1345	ctrl_M2	ctrl	1.28530192375183	2.52530790865421	0.508968399198811
1345	ctrl_M3	ctrl	1.46859312057495	2.39019654691219	0.61442358055122
1345	mut_M1	mut	0	2.04644647240639	0
1345	mut_M2	mut	0	1.96754348278046	0
1345	mut_M3	mut	2.94854855537415	1.28092369437218	2.30189242991506
1346	ctrl_M1	ctrl	0.505303502082825	0.214263588190079	2.35832651899098
1346	ctrl_M2	ctrl	0	1.46581004559994	0
1346	ctrl_M3	ctrl	1.9315242767334	0.903289094567299	2.13832347622735
1346	mut_M1	mut	0.980764329433441	0.404568880796432	2.42422088298713
1346	mut_M2	mut	0.457933783531189	0.907746896147728	0.504472981923217
1346	mut_M3	mut	2.70747637748718	0.947140797972679	2.85857855905103
1347	ctrl_M1	ctrl	0	0	NA
1347	ctrl_M2	ctrl	0	0.809089541435242	0
1347	ctrl_M3	ctrl	0	1.11686968803406	0
1347	mut_M1	mut	0	1.39988750219345	0
1347	mut_M2	mut	5.28573083877563	0.905136913061142	5.83970310182078
1347	mut_M3	mut	1.49234652519226	0.655617237091064	2.2762466280077
1348	ctrl_M1	ctrl	1.25287044048309	0.152483016252518	8.21645892948689
1348	ctrl_M2	ctrl	0	0.525659829378128	0
1348	ctrl_M3	ctrl	3.48607707023621	1.40322096645832	2.48433935464558
1348	mut_M1	mut	1.90799486637115	0.422433897852898	4.51667083552932
1348	mut_M2	mut	0.612254559993744	0.219464659690857	2.7897637863708
1348	mut_M3	mut	2.3092725276947	0.38669042289257	5.97188963310907
1349	ctrl_M1	ctrl	0.50902646780014	0.314554750919342	1.61824441154495
1349	ctrl_M2	ctrl	0.507801711559296	0.13664485514164	3.71621537476059
1349	ctrl_M3	ctrl	0	0.65688082575798	0
1349	mut_M1	mut	1.50826835632324	0.734131187200546	2.05449432283991
1349	mut_M2	mut	0.939210295677185	0.659145012497902	1.4248917580639
1349	mut_M3	mut	2.2710816860199	0.149081721901894	15.2338036953613
1350	ctrl_M1	ctrl	2.05618834495544	1.33119735121727	1.54461571236994
1350	ctrl_M2	ctrl	2.08642268180847	2.59586843848228	0.803747466889474
1350	ctrl_M3	ctrl	3.07960629463196	2.27831500768661	1.35170346692267
1350	mut_M1	mut	2.30457925796509	1.01852518320084	2.26266301116156
1350	mut_M2	mut	3.08945798873901	1.43773838877678	2.14883181311414
1350	mut_M3	mut	4.80224752426147	1.3080528229475	3.67129479789687
1351	ctrl_M1	ctrl	2.56174778938293	1.37159213423729	1.86771834384094
1351	ctrl_M2	ctrl	3.72006607055664	2.09211009740829	1.77814067967315
1351	ctrl_M3	ctrl	3.63243699073792	1.55709978938103	2.33282222212737
1351	mut_M1	mut	4.6125602722168	2.64416933059692	1.74442696193572
1351	mut_M2	mut	3.75721549987793	1.78905366361141	2.10011335953644
1351	mut_M3	mut	2.10958170890808	2.43228641152382	0.867324546530865
1352	ctrl_M1	ctrl	1.48761868476868	0.316338419914246	4.70261780144172
1352	ctrl_M2	ctrl	0	0.492305219173431	0
1352	ctrl_M3	ctrl	0	0.520027786493301	0
1352	mut_M1	mut	1.22823631763458	0.760403841733932	1.61524212559718
1352	mut_M2	mut	0	0.312457352876663	0
1352	mut_M3	mut	0	0.899341315031052	0
1353	ctrl_M1	ctrl	0	0	NA
1353	ctrl_M2	ctrl	0	0.292468100786209	0
1353	ctrl_M3	ctrl	0	1.22722238302231	0
1353	mut_M1	mut	3.21968960762024	0.230002105236053	13.9985223366362
1353	mut_M2	mut	0	0	NA
1353	mut_M3	mut	0	0.980678468942642	0
1354	ctrl_M1	ctrl	0.653463840484619	0.837884530425072	0.779897249270263
1354	ctrl_M2	ctrl	0	1.47405926138163	0
1354	ctrl_M3	ctrl	1.28355479240417	1.20672929286957	1.06366423686618
1354	mut_M1	mut	1.20847725868225	1.05693085491657	1.14338346076351
1354	mut_M2	mut	1.26316511631012	0.818390540778637	1.54347472675859
1354	mut_M3	mut	2.85114598274231	1.03655265271664	2.7506041060914
1355	ctrl_M1	ctrl	1.0999950170517	0.453695714473724	2.42452150628679
1355	ctrl_M2	ctrl	0	0.646766513586044	0
1355	ctrl_M3	ctrl	2.59074687957764	0.284841507673264	9.09539800129634
1355	mut_M1	mut	0	0.241717875003815	0
1355	mut_M2	mut	0	1.55789184570312	0
1355	mut_M3	mut	0	0.189550697803497	0
1356	ctrl_M1	ctrl	0	0.14570988714695	0
1356	ctrl_M2	ctrl	0.462407439947128	0	NA
1356	ctrl_M3	ctrl	0.430143266916275	0	NA
1356	mut_M1	mut	1.01348972320557	0	NA
1356	mut_M2	mut	1.3936607837677	0	NA
1356	mut_M3	mut	0.893180906772614	0.117730259895325	7.58667234376914
1357	ctrl_M1	ctrl	1.25540900230408	3.37474298477173	0.372001366613403
1357	ctrl_M2	ctrl	2.73482990264893	2.22999176383018	1.22638565173516
1357	ctrl_M3	ctrl	3.2907862663269	2.23245723545551	1.47406463786324
1357	mut_M1	mut	4.96456384658813	2.50808247923851	1.97942607058738
1357	mut_M2	mut	8.00145626068115	3.77780848741531	2.11801532219955
1357	mut_M3	mut	3.20600080490112	1.65528899431229	1.93682240135542
1358	ctrl_M1	ctrl	0	0.16151037812233	0
1358	ctrl_M2	ctrl	0	0.392928525805473	0
1358	ctrl_M3	ctrl	0.832604229450226	0.399060174822807	2.08641273166365
1358	mut_M1	mut	0.90230655670166	0	NA
1358	mut_M2	mut	0.981443047523499	0.639874994754791	1.5338043454872
1358	mut_M3	mut	0	0	NA
1359	ctrl_M1	ctrl	0	0.761103108525276	0
1359	ctrl_M2	ctrl	0.955906331539154	1.2257796227932	0.779835391096582
1359	ctrl_M3	ctrl	1.01357293128967	1.30114433169365	0.778985779364188
1359	mut_M1	mut	3.91279721260071	1.14146761596203	3.42786528315392
1359	mut_M2	mut	1.92771005630493	1.32854303717613	1.45099556609197
1359	mut_M3	mut	2.88598942756653	1.25624498724937	2.29731418382459
1360	ctrl_M1	ctrl	0.936233043670654	0.275833010673523	3.39420231604833
1360	ctrl_M2	ctrl	2.76559972763062	0.808534473180771	3.42050935286749
1360	ctrl_M3	ctrl	0	0	NA
1360	mut_M1	mut	1.83424496650696	1.31590470671654	1.39390410046012
1360	mut_M2	mut	0.974906623363495	0.420498311519623	2.31845550066614
1360	mut_M3	mut	2.22291135787964	0.262281537055969	8.47528721552857
1361	ctrl_M1	ctrl	0	0.156202211976051	0
1361	ctrl_M2	ctrl	0	0.173375248908997	0
1361	ctrl_M3	ctrl	0	0.393017619848251	0
1361	mut_M1	mut	0	0.223771005868912	0
1361	mut_M2	mut	1.07841181755066	0	NA
1361	mut_M3	mut	1.03117370605469	0.586154416203499	1.75921852254149
1362	ctrl_M1	ctrl	1.54678559303284	0.267033934593201	5.79246826958232
1362	ctrl_M2	ctrl	0	0.217613458633423	0
1362	ctrl_M3	ctrl	1.33865034580231	0.990837961435318	1.35102852121567
1362	mut_M1	mut	3.13686466217041	0.795119673013687	3.94514784206127
1362	mut_M2	mut	2.49309849739075	0.937738031148911	2.65863003800349
1362	mut_M3	mut	0	0.217709124088287	0
1363	ctrl_M1	ctrl	0	0.395701304078102	0
1363	ctrl_M2	ctrl	0	1.19730463624001	0
1363	ctrl_M3	ctrl	0.756527423858643	0.96642678976059	0.782808829260678
1363	mut_M1	mut	1.09436190128326	1.25469073653221	0.872216450970162
1363	mut_M2	mut	2.73982715606689	0.862084656953812	3.17814165229215
1363	mut_M3	mut	3.16529941558838	0.480031117796898	6.59394630522187
1364	ctrl_M1	ctrl	0	0.485645085573196	0
1364	ctrl_M2	ctrl	0.837586164474487	1.65894988179207	0.504889372287541
1364	ctrl_M3	ctrl	0.804471790790558	0.24944469332695	3.2250507319317
1364	mut_M1	mut	0	0.750727742910385	0
1364	mut_M2	mut	0.77702808380127	1.31420327723026	0.591254106015386
1364	mut_M3	mut	1.57416939735413	1.11137074232101	1.41642148511719
1365	ctrl_M1	ctrl	1.53859972953796	1.09915474057198	1.39980265993968
1365	ctrl_M2	ctrl	0.783792793750763	0.850179225206375	0.921914780451737
1365	ctrl_M3	ctrl	1.45452535152435	0.212332591414452	6.85022182339059
1365	mut_M1	mut	2.248042345047	0.648262098431587	3.46779851928092
1365	mut_M2	mut	2.80188179016113	0.775269776582718	3.6140732875096
1365	mut_M3	mut	0	0.235570698976517	0
1366	ctrl_M1	ctrl	0	0.902961954474449	0
1366	ctrl_M2	ctrl	1.09931194782257	0.352401167154312	3.11949008767385
1366	ctrl_M3	ctrl	1.34416544437408	0.659895405173302	2.03693711736192
1366	mut_M1	mut	3.85620665550232	0.384750798344612	10.022608587412
1366	mut_M2	mut	0	1.3636240363121	0
1366	mut_M3	mut	1.37424397468567	0.701805382966995	1.95815536335135
1367	ctrl_M1	ctrl	1.57118117809296	0.164814755320549	9.53301283636382
1367	ctrl_M2	ctrl	0	0	NA
1367	ctrl_M3	ctrl	0	0.194338962435722	0
1367	mut_M1	mut	0	0.433400645852089	0
1367	mut_M2	mut	2.93156981468201	0.629211694002151	4.65911527491729
1367	mut_M3	mut	0	1.01426656544209	0
1368	ctrl_M1	ctrl	0	0	NA
1368	ctrl_M2	ctrl	2.40433168411255	0.563114628195763	4.26970205305464
1368	ctrl_M3	ctrl	1.28289043903351	0.478080093860626	2.68342157623385
1368	mut_M1	mut	4.33312797546387	0.730104401707649	5.93494295518431
1368	mut_M2	mut	1.0874902009964	1.18377375602722	0.918663887807453
1368	mut_M3	mut	0	0.295553237199783	0
1369	ctrl_M1	ctrl	0	0.349087595939636	0
1369	ctrl_M2	ctrl	2.49539470672607	1.20337501168251	2.07366339046472
1369	ctrl_M3	ctrl	0	2.44682204723358	0
1369	mut_M1	mut	2.25000739097595	1.35587134957314	1.65945492666713
1369	mut_M2	mut	5.70491600036621	2.17370207607746	2.62451605634061
1369	mut_M3	mut	1.18468344211578	1.62329506874084	0.729801663867997
1370	ctrl_M1	ctrl	0	1.36596965789795	0
1370	ctrl_M2	ctrl	0.920298457145691	1.24448922276497	0.739498936841735
1370	ctrl_M3	ctrl	1.89381420612335	1.74964797496796	1.08239727831996
1370	mut_M1	mut	3.83091306686401	2.28443729877472	1.6769613545177
1370	mut_M2	mut	6.04333877563477	2.11159962415695	2.86197189396051
1370	mut_M3	mut	5.50575637817383	2.09060704708099	2.63356826710272
1371	ctrl_M1	ctrl	1.93759536743164	0.674358308315277	2.8732431165151
1371	ctrl_M2	ctrl	2.65228247642517	1.02834601700306	2.57917318934613
1371	ctrl_M3	ctrl	4.45347261428833	0.868275821208954	5.12909896314686
1371	mut_M1	mut	2.58361649513245	1.73924788832664	1.48547916169568
1371	mut_M2	mut	0.922871470451355	1.94547453522682	0.474368311556315
1371	mut_M3	mut	3.50348091125488	1.62003673613071	2.16259349749227
1372	ctrl_M1	ctrl	1.20935130119324	0.33755099773407	3.58272174963616
1372	ctrl_M2	ctrl	3.26023864746094	2.33592849969864	1.3956928253076
1372	ctrl_M3	ctrl	3.5841212272644	1.21114449203014	2.95928458647955
1372	mut_M1	mut	1.85631251335144	3.46553090214729	0.535650255549948
1372	mut_M2	mut	2.35086035728455	1.02443310618401	2.29479147354136
1372	mut_M3	mut	2.38106656074524	1.45959934592247	1.63131517385026
1373	ctrl_M1	ctrl	1.53097939491272	0.266699016094208	5.74047635170848
1373	ctrl_M2	ctrl	2.05576324462891	0.313997864723206	6.54706122425736
1373	ctrl_M3	ctrl	1.43666350841522	1.17472815513611	1.2229752918868
1373	mut_M1	mut	1.65688347816467	0	NA
1373	mut_M2	mut	0.688641428947449	0.824062705039978	0.835666296673432
1373	mut_M3	mut	0	0.664083957672119	0
1374	ctrl_M1	ctrl	1.96497666835785	1.36178611218929	1.44294074581127
1374	ctrl_M2	ctrl	3.64916801452637	0.600274786353111	6.07916257268841
1374	ctrl_M3	ctrl	2.31015706062317	1.55986247956753	1.48100046695377
1374	mut_M1	mut	3.73906540870667	1.29544976353645	2.88630675920568
1374	mut_M2	mut	4.67081069946289	1.57153524458408	2.97213232446406
1374	mut_M3	mut	1.602872133255	1.56716474145651	1.02278470849549
1375	ctrl_M1	ctrl	2.80710220336914	0.394180178642273	7.12136823581037
1375	ctrl_M2	ctrl	1.19610822200775	0.588457733392715	2.03261535048858
1375	ctrl_M3	ctrl	0	1.30535504221916	0
1375	mut_M1	mut	2.86652827262878	1.42431020736694	2.01257300397222
1375	mut_M2	mut	2.42068934440613	0.616669058799744	3.92542695285806
1375	mut_M3	mut	1.37395775318146	0.405797094106674	3.38582452446118
1376	ctrl_M1	ctrl	1.07831370830536	1.23243787884712	0.874943659889829
1376	ctrl_M2	ctrl	4.53309297561646	0.524591505527496	8.64118638569693
1376	ctrl_M3	ctrl	5.8024959564209	0.71769106388092	8.08494942802249
1376	mut_M1	mut	0.984685599803925	1.09585586190224	0.898553937645287
1376	mut_M2	mut	0.926117539405823	1.76788032054901	0.523857598640059
1376	mut_M3	mut	3.49358224868774	1.14075368642807	3.06252111235937
1377	ctrl_M1	ctrl	0	0.284641727805138	0
1377	ctrl_M2	ctrl	2.48386740684509	0.462841913104057	5.36655678001803
1377	ctrl_M3	ctrl	0.558193504810333	0.579369470477104	0.963449980114878
1377	mut_M1	mut	2.27042508125305	0.549903243780136	4.12877193748801
1377	mut_M2	mut	1.58550548553467	0.429964557290077	3.68752600337009
1377	mut_M3	mut	0.514553129673004	0.281726755201817	1.82642620969528
1378	ctrl_M1	ctrl	1.06813049316406	0.986902564764023	1.08230592492123
1378	ctrl_M2	ctrl	0	0.660798192024231	0
1378	ctrl_M3	ctrl	1.2472083568573	0	NA
1378	mut_M1	mut	0	0.335830241441727	0
1378	mut_M2	mut	1.07664775848389	0.65779373049736	1.63675588344363
1378	mut_M3	mut	2.43939137458801	0.392278224229813	6.21852354761073
1379	ctrl_M1	ctrl	1.06356930732727	0.169300451874733	6.28214098397218
1379	ctrl_M2	ctrl	0.980368375778198	0.174676835536957	5.61246929373631
1379	ctrl_M3	ctrl	0	0.648407787084579	0
1379	mut_M1	mut	0	0.578346163034439	0
1379	mut_M2	mut	0	0	NA
1379	mut_M3	mut	0.872673869132996	0.258150070905685	3.38049052658144
1380	ctrl_M1	ctrl	2.49026942253113	0.837674394249916	2.97283698728908
1380	ctrl_M2	ctrl	2.28030705451965	0.799596190452576	2.85182330999975
1380	ctrl_M3	ctrl	0	0.441068276762962	0
1380	mut_M1	mut	0.95957750082016	1.20488600432873	0.796405217898406
1380	mut_M2	mut	2.32265090942383	0.926578804850578	2.50669548803071
1380	mut_M3	mut	1.74610674381256	0.604809552431107	2.88703565741293
1381	ctrl_M1	ctrl	0.463675975799561	0.152304112911224	3.04440876176358
1381	ctrl_M2	ctrl	1.11573934555054	0.15466545522213	7.21388847915727
1381	ctrl_M3	ctrl	0.535431325435638	0.305596023797989	1.75208865214025
1381	mut_M1	mut	3.68011593818665	0.178730264306068	20.5903345607132
1381	mut_M2	mut	4.72141790390015	0.33583702147007	14.0586582242569
1381	mut_M3	mut	3.50288486480713	0.315043956041336	11.1187178729673
1382	ctrl_M1	ctrl	0.882122695446014	0.187804341316223	4.69703037354554
1382	ctrl_M2	ctrl	0	0.983805939555168	0
1382	ctrl_M3	ctrl	0	0.349541813135147	0
1382	mut_M1	mut	0	0.557424068450928	0
1382	mut_M2	mut	1.71905899047852	0	NA
1382	mut_M3	mut	0.959967911243439	0	NA
1383	ctrl_M1	ctrl	0.37669375538826	1.39944276213646	0.269174106708859
1383	ctrl_M2	ctrl	0.823027312755585	2.2167190015316	0.37128175117682
1383	ctrl_M3	ctrl	0.38192281126976	1.44746355712414	0.263856598938197
1383	mut_M1	mut	2.16005444526672	2.26776424050331	0.952503971394891
1383	mut_M2	mut	1.84841823577881	1.73971422016621	1.06248383461636
1383	mut_M3	mut	3.48290801048279	1.68896324932575	2.06215736894997
1384	ctrl_M1	ctrl	2.95568823814392	0.372771665453911	7.92895091568959
1384	ctrl_M2	ctrl	4.13874578475952	0.424026414752007	9.76058481446276
1384	ctrl_M3	ctrl	2.04463315010071	0.635115474462509	3.21930929463033
1384	mut_M1	mut	1.8022632598877	1.12922538816929	1.5960173042244
1384	mut_M2	mut	5.69524621963501	0.590255320072174	9.64878422262864
1384	mut_M3	mut	2.02955794334412	1.57536205649376	1.28831206450487
1385	ctrl_M1	ctrl	2.73533535003662	0.581368684768677	4.70499258336385
1385	ctrl_M2	ctrl	2.02395915985107	1.55009898543358	1.30569671928722
1385	ctrl_M3	ctrl	3.11232376098633	0.624036312103271	4.98740810530152
1385	mut_M1	mut	1.91138660907745	1.82248613238335	1.04877978225154
1385	mut_M2	mut	3.84323263168335	0.998966544866562	3.84720854910783
1385	mut_M3	mut	6.53117799758911	1.65066456794739	3.95669606315635
1386	ctrl_M1	ctrl	0.509460508823395	0	NA
1386	ctrl_M2	ctrl	0	0.627024166285992	0
1386	ctrl_M3	ctrl	0	0.327107928693295	0
1386	mut_M1	mut	1.91394257545471	0.450509749352932	4.24839324388365
1386	mut_M2	mut	0.430859863758087	0.425303965806961	1.01306335796936
1386	mut_M3	mut	0.801992893218994	0.199403449892998	4.021960972337
1387	ctrl_M1	ctrl	0.811057865619659	0.220580458641052	3.67692528439014
1387	ctrl_M2	ctrl	1.86083269119263	1.32017707824707	1.40953264668361
1387	ctrl_M3	ctrl	1.14652287960052	0.230401240289211	4.97620098816027
1387	mut_M1	mut	1.6087521314621	0.41878405213356	3.84148375103125
1387	mut_M2	mut	0.400671243667603	0.491862371563911	0.814600316738277
1387	mut_M3	mut	1.41621327400208	0.557077348232269	2.54222017552147
1388	ctrl_M1	ctrl	0	0.60374128818512	0
1388	ctrl_M2	ctrl	1.15797221660614	0.818876296281815	1.41409907926756
1388	ctrl_M3	ctrl	1.0917843580246	0.611210465431213	1.78626581148989
1388	mut_M1	mut	2.57658123970032	0.497756391763687	5.17639006215628
1388	mut_M2	mut	1.85433149337769	0.769021794199944	2.41128600952961
1388	mut_M3	mut	2.11458039283752	0.538944400846958	3.9235594423366
1389	ctrl_M1	ctrl	0.631775319576263	0.56901827454567	1.11029003432395
1389	ctrl_M2	ctrl	1.24946677684784	0.42549067735672	2.93653149960867
1389	ctrl_M3	ctrl	1.2931809425354	1.0496307015419	1.23203421987917
1389	mut_M1	mut	2.82699394226074	0.778738215565681	3.63022372056981
1389	mut_M2	mut	2.08105087280273	0.508615553379059	4.09159896699379
1389	mut_M3	mut	3.09178423881531	0.249105155467987	12.4115626310779
1390	ctrl_M1	ctrl	0.472789436578751	0.230877041816711	2.04779753265415
1390	ctrl_M2	ctrl	0	0.263682156801224	0
1390	ctrl_M3	ctrl	0	0.396227359771729	0
1390	mut_M1	mut	1.667240858078	0.551863253116608	3.0211122930588
1390	mut_M2	mut	2.31848216056824	0.240921124815941	9.62340750459103
1390	mut_M3	mut	0.915636777877808	0.340666890144348	2.6877774282374
1391	ctrl_M1	ctrl	0.70900571346283	0.803642421960831	0.882240277626094
1391	ctrl_M2	ctrl	2.54290556907654	0.631325073540211	4.02788622795697
1391	ctrl_M3	ctrl	0.74528032541275	0.254402875900269	2.92952791030914
1391	mut_M1	mut	1.67743813991547	0.757543571293354	2.21431242172853
1391	mut_M2	mut	1.37118768692017	0.780253708362579	1.75736132007332
1391	mut_M3	mut	2.01661586761475	1.57073538005352	1.28386734851929
1392	ctrl_M1	ctrl	1.32765877246857	0.139536470174789	9.51477969025219
1392	ctrl_M2	ctrl	0.664476454257965	0.802994072437286	0.827498579461632
1392	ctrl_M3	ctrl	0.660823583602905	0.339168578386307	1.94836322028109
1392	mut_M1	mut	0.510085046291351	0.289419248700142	1.7624434054828
1392	mut_M2	mut	2.28943037986755	0.362408369779587	6.31726684805862
1392	mut_M3	mut	0	0.391777843236923	0
1393	ctrl_M1	ctrl	0	0	NA
1393	ctrl_M2	ctrl	0.463482677936554	0	NA
1393	ctrl_M3	ctrl	0.430662035942078	0.0983579829335213	4.37851634506531
1393	mut_M1	mut	0	0	NA
1393	mut_M2	mut	0.889461040496826	0.333046339452267	2.67068253012373
1393	mut_M3	mut	0.496391147375107	0.105482749640942	4.7058988229336
1394	ctrl_M1	ctrl	1.9344710111618	0.152235299348831	12.7071120787116
1394	ctrl_M2	ctrl	0.972626328468323	1.8586428463459	0.523299207473082
1394	ctrl_M3	ctrl	0	2.31858277320862	0
1394	mut_M1	mut	0	1.27398046851158	0
1394	mut_M2	mut	0.955969870090485	1.89546865224838	0.504344858964839
1394	mut_M3	mut	0	0.529611811041832	0
1395	ctrl_M1	ctrl	0	0	NA
1395	ctrl_M2	ctrl	0	0.598482668399811	0
1395	ctrl_M3	ctrl	1.9308363199234	0.967681020498276	1.99532312716972
1395	mut_M1	mut	1.93423593044281	0	NA
1395	mut_M2	mut	5.09704160690308	0.363910764455795	14.0062952370353
1395	mut_M3	mut	2.03288674354553	0.990536570549011	2.05230862139577
1396	ctrl_M1	ctrl	0	0.1504075974226	0
1396	ctrl_M2	ctrl	0.859398901462555	0	NA
1396	ctrl_M3	ctrl	0	0	NA
1396	mut_M1	mut	0	0.264637321233749	0
1396	mut_M2	mut	0.764874517917633	0	NA
1396	mut_M3	mut	0.703367531299591	0	NA
1397	ctrl_M1	ctrl	2.56940913200378	1.20249620079994	2.13672952171868
1397	ctrl_M2	ctrl	2.737952709198	0.469813823699951	5.82773977920795
1397	ctrl_M3	ctrl	3.54628944396973	2.72612398862839	1.3008540546074
1397	mut_M1	mut	4.01952171325684	1.88016760349274	2.1378528732172
1397	mut_M2	mut	0.767757654190063	1.23505307734013	0.621639400181526
1397	mut_M3	mut	3.79391813278198	1.02567684650421	3.69894099268468
1398	ctrl_M1	ctrl	0	0.616200923919678	0
1398	ctrl_M2	ctrl	2.37042188644409	0.596917793154716	3.97110274417586
1398	ctrl_M3	ctrl	1.43082761764526	0.405204296112061	3.53112647465506
1398	mut_M1	mut	4.03321647644043	0.664745092391968	6.06731290324779
1398	mut_M2	mut	0	0.357874989509583	0
1398	mut_M3	mut	3.88178896903992	0.85468977689743	4.54175195956013
1399	ctrl_M1	ctrl	1.63644742965698	0	NA
1399	ctrl_M2	ctrl	0	0.459493070840836	0
1399	ctrl_M3	ctrl	0.797039866447449	0	NA
1399	mut_M1	mut	0	0.461987525224686	0
1399	mut_M2	mut	1.34131217002869	1.56712234020233	0.855907758838732
1399	mut_M3	mut	1.22664308547974	0.380936354398727	3.220073566924
1400	ctrl_M1	ctrl	0.769153118133545	0.489202827215195	1.57225812146667
1400	ctrl_M2	ctrl	0.627257943153381	1.25266045331955	0.500740596936024
1400	ctrl_M3	ctrl	0.756415903568268	1.28302052617073	0.589558692272716
1400	mut_M1	mut	2.65133452415466	0.935249418020248	2.83489566854482
1400	mut_M2	mut	2.86740207672119	1.84170663356781	1.55692661603025
1400	mut_M3	mut	2.23603701591492	0.806695997714996	2.77184592739842
1401	ctrl_M1	ctrl	0	0.371528029441833	0
1401	ctrl_M2	ctrl	0	0.755897253751755	0
1401	ctrl_M3	ctrl	0.623754024505615	0.675116539001465	0.923920521082452
1401	mut_M1	mut	1.12192630767822	1.19198228418827	0.941227334131266
1401	mut_M2	mut	2.30106544494629	0.53873772919178	4.27121643846695
1401	mut_M3	mut	1.77211606502533	1.04717738926411	1.69227877071588
1402	ctrl_M1	ctrl	2.8362774848938	0.414558619260788	6.84168017046962
1402	ctrl_M2	ctrl	0	1.03149795532227	0
1402	ctrl_M3	ctrl	0	2.56442767381668	0
1402	mut_M1	mut	8.08413982391357	0.471368402242661	17.150364312608
1402	mut_M2	mut	8.86961936950684	1.16029787063599	7.64426066269103
1402	mut_M3	mut	2.35279273986816	0	NA
1403	ctrl_M1	ctrl	1.50115287303925	1.56537911295891	0.958970808165275
1403	ctrl_M2	ctrl	1.62586069107056	1.90157043933868	0.855009447683667
1403	ctrl_M3	ctrl	3.09469532966614	1.95513385534286	1.58285598769064
1403	mut_M1	mut	7.10429430007935	1.92844051122665	3.68395823398276
1403	mut_M2	mut	5.36734580993652	1.91344207525253	2.80507357884254
1403	mut_M3	mut	4.19093418121338	1.8832300901413	2.22539678138795
1404	ctrl_M1	ctrl	0.870933055877686	1.97855813801289	0.440185728761241
1404	ctrl_M2	ctrl	1.66647040843964	2.08064058423042	0.800941028003653
1404	ctrl_M3	ctrl	2.84756946563721	2.18378448486328	1.30396084658303
1404	mut_M1	mut	4.00584030151367	1.82372070848942	2.19652070784002
1404	mut_M2	mut	2.48243069648743	2.49793414771557	0.993793490816273
1404	mut_M3	mut	3.88917207717896	2.56458154320717	1.51649382624633
1405	ctrl_M1	ctrl	2.54344320297241	0.980569377541542	2.59384319072789
1405	ctrl_M2	ctrl	3.03522300720215	1.30841745436192	2.31976652182644
1405	ctrl_M3	ctrl	0	0.362422615289688	0
1405	mut_M1	mut	3.54799699783325	1.98006951808929	1.79185476339081
1405	mut_M2	mut	2.64431858062744	1.56387549638748	1.69087538409276
1405	mut_M3	mut	2.56141471862793	1.48905871808529	1.7201569605808
1406	ctrl_M1	ctrl	0	0.271444141864777	0
1406	ctrl_M2	ctrl	0	0.613989025354385	0
1406	ctrl_M3	ctrl	0	0	NA
1406	mut_M1	mut	2.62731385231018	0.456436038017273	5.75614901865123
1406	mut_M2	mut	0	0.554055407643318	0
1406	mut_M3	mut	0	0.409567192196846	0
1407	ctrl_M1	ctrl	1.01429450511932	1.05318847298622	0.963070268176581
1407	ctrl_M2	ctrl	0	0.866863369941711	0
1407	ctrl_M3	ctrl	1.03378438949585	0.969142913818359	1.06669963196946
1407	mut_M1	mut	2.0064959526062	1.27024671435356	1.57961121247798
1407	mut_M2	mut	3.83003211021423	1.12288272380829	3.41089236570011
1407	mut_M3	mut	2.84783577919006	0.978947579860687	2.90907893106527
1408	ctrl_M1	ctrl	2.78195452690125	2.3312179595232	1.19334810180951
1408	ctrl_M2	ctrl	3.01494121551514	2.71320372819901	1.11121077425189
1408	ctrl_M3	ctrl	11.6553525924683	4.70630630850792	2.47653931309105
1408	mut_M1	mut	17.6419219970703	4.54795506596565	3.87908889625858
1408	mut_M2	mut	13.3477392196655	3.86799529194832	3.45081578756065
1408	mut_M3	mut	6.09088611602783	3.9139099419117	1.55621519309993
1409	ctrl_M1	ctrl	3.1218466758728	0.676181077957153	4.61687967564011
1409	ctrl_M2	ctrl	8.12377548217773	2.31037759780884	3.5162111552165
1409	ctrl_M3	ctrl	5.99318647384644	1.43730710446835	4.16973272810983
1409	mut_M1	mut	5.13243103027344	2.58454459905624	1.98581639185006
1409	mut_M2	mut	9.49421310424805	1.81664955615997	5.22622157479667
1409	mut_M3	mut	8.72217655181885	1.33968102931976	6.51063675675666
1410	ctrl_M1	ctrl	1.31212079524994	0.43607734143734	3.00891761751505
1410	ctrl_M2	ctrl	2.35537528991699	0.91965052485466	2.56116342704119
1410	ctrl_M3	ctrl	0	0.2679103910923	0
1410	mut_M1	mut	3.51163911819458	0.44123786687851	7.95860777552321
1410	mut_M2	mut	2.29121780395508	1.17956836521626	1.94242052560898
1410	mut_M3	mut	1.19330406188965	0.24111533164978	4.94910072173644
1411	ctrl_M1	ctrl	1.32108080387115	0.901216179132462	1.46588669229493
1411	ctrl_M2	ctrl	2.45658659934998	1.28422373533249	1.91289611908159
1411	ctrl_M3	ctrl	4.704017162323	0.649479746818542	7.24274649881769
1411	mut_M1	mut	3.98910546302795	0.898255482316017	4.44094752724764
1411	mut_M2	mut	3.09209299087524	1.73967464268208	1.77739728740779
1411	mut_M3	mut	3.31248164176941	0.579748421907425	5.71365357213228
1412	ctrl_M1	ctrl	1.57147026062012	1.09222394227982	1.43878027187352
1412	ctrl_M2	ctrl	2.96236324310303	1.30437484383583	2.27109811041087
1412	ctrl_M3	ctrl	3.40726518630981	0.351842850446701	9.68405406556915
1412	mut_M1	mut	0	1.99218076467514	0
1412	mut_M2	mut	4.04626178741455	1.86137439310551	2.17380329416899
1412	mut_M3	mut	9.3900899887085	0.879015445709229	10.6825085208055
1413	ctrl_M1	ctrl	2.26098346710205	0.120340414345264	18.7882306987505
1413	ctrl_M2	ctrl	2.98533225059509	0.715469561517239	4.17254962498242
1413	ctrl_M3	ctrl	2.33506917953491	1.09291458129883	2.13655231569872
1413	mut_M1	mut	2.78703022003174	0.580305367708206	4.80269591687309
1413	mut_M2	mut	0.534669101238251	1.45768591016531	0.366793077651149
1413	mut_M3	mut	2.60111927986145	0.824573308229446	3.15450337029059
1414	ctrl_M1	ctrl	0.523335993289948	0.129973992705345	4.02646700618304
1414	ctrl_M2	ctrl	3.2058048248291	0.483873322606087	6.62529772784951
1414	ctrl_M3	ctrl	1.08271670341492	0.564414158463478	1.91830181291417
1414	mut_M1	mut	4.33188152313232	0.949348658323288	4.56300378702085
1414	mut_M2	mut	2.44974684715271	1.00841856002808	2.42929567568104
1414	mut_M3	mut	1.09738171100616	0.558252453804016	1.96574453641617
1415	ctrl_M1	ctrl	1.8968026638031	1.46531283855438	1.29446942243024
1415	ctrl_M2	ctrl	1.45330989360809	2.51825539767742	0.577109809810584
1415	ctrl_M3	ctrl	0.714765429496765	2.48983165621758	0.287073797825593
1415	mut_M1	mut	4.10538101196289	1.24668684601784	3.29303307007392
1415	mut_M2	mut	3.1415388584137	1.24267353117466	2.5280484210878
1415	mut_M3	mut	6.08488655090332	1.04984533786774	5.79598378106044
1416	ctrl_M1	ctrl	2.54720616340637	0	NA
1416	ctrl_M2	ctrl	1.42102921009064	0.375170558691025	3.78768849839558
1416	ctrl_M3	ctrl	1.46248114109039	0.698230922222137	2.09455223844285
1416	mut_M1	mut	0	1.25527213513851	0
1416	mut_M2	mut	0	0.503528714179993	0
1416	mut_M3	mut	0	0.833741456270218	0
1417	ctrl_M1	ctrl	0	0.434778951108456	0
1417	ctrl_M2	ctrl	0	0.152163088321686	0
1417	ctrl_M3	ctrl	1.14917707443237	0.359835907816887	3.19361422656342
1417	mut_M1	mut	1.83381140232086	0.53271846473217	3.44236500839675
1417	mut_M2	mut	1.51821947097778	0.365524157881737	4.15354071199035
1417	mut_M3	mut	2.23943662643433	0.0907947197556496	24.6648332905392
1418	ctrl_M1	ctrl	1.62887382507324	0	NA
1418	ctrl_M2	ctrl	0	0.212621554732323	0
1418	ctrl_M3	ctrl	0.817151606082916	0	NA
1418	mut_M1	mut	0	0.394205287098885	0
1418	mut_M2	mut	1.67080104351044	0.194385841488838	8.59528158385124
1418	mut_M3	mut	0	0.213732287287712	0
1419	ctrl_M1	ctrl	0.496912330389023	0	NA
1419	ctrl_M2	ctrl	1.12885713577271	0	NA
1419	ctrl_M3	ctrl	0	0	NA
1419	mut_M1	mut	0.459003150463104	0.191219881176949	2.40039449683769
1419	mut_M2	mut	0.519095599651337	0	NA
1419	mut_M3	mut	1.32817721366882	0.180305123329163	7.3662755064598
1420	ctrl_M1	ctrl	0	0.193753704428673	0
1420	ctrl_M2	ctrl	6.37663841247559	1.58143973350525	4.03217288485715
1420	ctrl_M3	ctrl	3.88471174240112	1.33323612809181	2.91374623035538
1420	mut_M1	mut	3.33046531677246	0.753190606832504	4.4218094152535
1420	mut_M2	mut	3.95256423950195	0.992654636502266	3.98181209673213
1420	mut_M3	mut	10.1725263595581	0.835907280445099	12.169443426957
1421	ctrl_M1	ctrl	1.97553884983063	1.60322907567024	1.23222493891257
1421	ctrl_M2	ctrl	2.75776505470276	2.74965949356556	1.00294784178047
1421	ctrl_M3	ctrl	3.80054926872253	1.40470290184021	2.70558939099768
1421	mut_M1	mut	10.8793649673462	1.70801934599876	6.36957947392831
1421	mut_M2	mut	7.59422016143799	2.28458908200264	3.32410770114554
1421	mut_M3	mut	4.99039745330811	0.944129645824432	5.2857120580621
1422	ctrl_M1	ctrl	2.63351845741272	1.1265307366848	2.3377244593989
1422	ctrl_M2	ctrl	2.25787162780762	1.80501972138882	1.25088474161954
1422	ctrl_M3	ctrl	1.19286906719208	1.68741330504417	0.706921691103324
1422	mut_M1	mut	3.95854711532593	1.00590524077415	3.93530817304361
1422	mut_M2	mut	2.14191675186157	1.66557320952415	1.28599375855325
1422	mut_M3	mut	3.66407322883606	1.78159007430077	2.0566309173417
1423	ctrl_M1	ctrl	1.41355919837952	0.667447745800018	2.11785747614623
1423	ctrl_M2	ctrl	3.20547008514404	1.12968710064888	2.8374848958644
1423	ctrl_M3	ctrl	1.53827726840973	2.91662037372589	0.52741772027212
1423	mut_M1	mut	4.88527488708496	3.12562280893326	1.56297646444174
1423	mut_M2	mut	1.34572315216064	1.02868121862411	1.30820231554395
1423	mut_M3	mut	2.59246563911438	2.20394796133041	1.17628260040652
1424	ctrl_M1	ctrl	1.33017981052399	0.725252568721771	1.83409182937246
1424	ctrl_M2	ctrl	0.831364095211029	0.645849913358688	1.28724039132806
1424	ctrl_M3	ctrl	4.47001647949219	0.268240809440613	16.6641924799359
1424	mut_M1	mut	5.37641668319702	1.01463139057159	5.29888660370364
1424	mut_M2	mut	4.18936109542847	0.783148854970932	5.3493803493896
1424	mut_M3	mut	4.55736064910889	1.03961136937141	4.38371566854298
1425	ctrl_M1	ctrl	0	0.713204026222229	0
1425	ctrl_M2	ctrl	0.890653192996979	0.79218327999115	1.12430193301597
1425	ctrl_M3	ctrl	0	1.46829301118851	0
1425	mut_M1	mut	0.933318018913269	0.82156366109848	1.13602641293234
1425	mut_M2	mut	0.958895087242126	1.63234296441078	0.587434814955234
1425	mut_M3	mut	2.7153697013855	0.662244707345963	4.10025126854953
1426	ctrl_M1	ctrl	2.57865905761719	0.75812341272831	3.40137108856353
1426	ctrl_M2	ctrl	0	1.23780439794064	0
1426	ctrl_M3	ctrl	0	1.0484514683485	0
1426	mut_M1	mut	1.64831149578094	1.22082906961441	1.35015747642834
1426	mut_M2	mut	0	0.363606780767441	0
1426	mut_M3	mut	0	0.784454971551895	0
1427	ctrl_M1	ctrl	0	0	NA
1427	ctrl_M2	ctrl	0	0	NA
1427	ctrl_M3	ctrl	0	0	NA
1427	mut_M1	mut	0	0	NA
1427	mut_M2	mut	0	0	NA
1427	mut_M3	mut	0	0	NA
1428	ctrl_M1	ctrl	0	0.132161676883698	0
1428	ctrl_M2	ctrl	1.18609809875488	0.272664129734039	4.35003350059951
1428	ctrl_M3	ctrl	0.571622490882874	0	NA
1428	mut_M1	mut	1.83495461940765	0.706045135855675	2.59891970955061
1428	mut_M2	mut	3.02230978012085	0.315693631768227	9.57355320470875
1428	mut_M3	mut	0.658725023269653	0.152614310383797	4.31627297343927
1429	ctrl_M1	ctrl	0	0.342781186103821	0
1429	ctrl_M2	ctrl	1.1517767906189	0.257289409637451	4.47658064217208
1429	ctrl_M3	ctrl	2.21475386619568	0.994624733924866	2.22672309530861
1429	mut_M1	mut	3.00789880752563	1.1623840034008	2.58769804017036
1429	mut_M2	mut	1.07442188262939	1.30569469928741	0.822873741630231
1429	mut_M3	mut	1.08247125148773	0	NA
1430	ctrl_M1	ctrl	2.45908737182617	1.1798445135355	2.08424698645868
1430	ctrl_M2	ctrl	2.23173594474792	1.38789224624634	1.60800375589951
1430	ctrl_M3	ctrl	3.82600927352905	1.81521940231323	2.10773930063405
1430	mut_M1	mut	2.00160217285156	2.26683533191681	0.882994077544676
1430	mut_M2	mut	1.0848308801651	2.61582335829735	0.414718706721551
1430	mut_M3	mut	6.96326732635498	1.56461852788925	4.45045690194451
1431	ctrl_M1	ctrl	0	1.09252332150936	0
1431	ctrl_M2	ctrl	0.875882148742676	0.230484411120415	3.80017956305547
1431	ctrl_M3	ctrl	1.7183825969696	0.491571128368378	3.49569471802231
1431	mut_M1	mut	3.92503046989441	2.26973974704742	1.72928657349384
1431	mut_M2	mut	0.822944164276123	0.654738545417786	1.25690501962277
1431	mut_M3	mut	1.54324173927307	1.78573901951313	0.864203403974353
1432	ctrl_M1	ctrl	0	2.30220106244087	0
1432	ctrl_M2	ctrl	5.57408285140991	4.51357823610306	1.23495873115129
1432	ctrl_M3	ctrl	0	1.65494966506958	0
1432	mut_M1	mut	0	1.0726046860218	0
1432	mut_M2	mut	0	1.57675120234489	0
1432	mut_M3	mut	7.25794792175293	0.99200513958931	7.31644185307117
1433	ctrl_M1	ctrl	1.22035324573517	1.67831607162952	0.727129571338904
1433	ctrl_M2	ctrl	2.35455632209778	1.94430747628212	1.21099998370635
1433	ctrl_M3	ctrl	3.60190105438232	1.03926379978657	3.46581979967169
1433	mut_M1	mut	1.91085302829742	1.95685324072838	0.976492763241748
1433	mut_M2	mut	3.36473298072815	1.26811923086643	2.6533254120192
1433	mut_M3	mut	3.92493772506714	1.31874090433121	2.97627662278183
1434	ctrl_M1	ctrl	0	1.81734851002693	0
1434	ctrl_M2	ctrl	1.39369070529938	1.15512758493423	1.2065253427211
1434	ctrl_M3	ctrl	1.55238950252533	2.23686671257019	0.694001790004561
1434	mut_M1	mut	3.04161238670349	1.21520233154297	2.50296786613427
1434	mut_M2	mut	6.65581369400024	1.0330473780632	6.44289297406555
1434	mut_M3	mut	6.0515251159668	1.84898352622986	3.27289293285704
1435	ctrl_M1	ctrl	0	0.894855573773384	0
1435	ctrl_M2	ctrl	2.57121181488037	0.83016961812973	3.09721261622775
1435	ctrl_M3	ctrl	0.794659733772278	0.823723912239075	0.964716116607816
1435	mut_M1	mut	0	1.80053278803825	0
1435	mut_M2	mut	1.54237329959869	1.16451928019524	1.32447210263458
1435	mut_M3	mut	2.88353109359741	2.11824783682823	1.36128126438457
1436	ctrl_M1	ctrl	0.983267068862915	0.63602739572525	1.54595081197991
1436	ctrl_M2	ctrl	3.0648627281189	1.02947089076042	2.97712422529502
1436	ctrl_M3	ctrl	4.11104774475098	1.12395751476288	3.65765404008023
1436	mut_M1	mut	2.17096543312073	1.3572535738349	1.59952824952724
1436	mut_M2	mut	0.860162675380707	0.335579201579094	2.56321807589131
1436	mut_M3	mut	3.77896428108215	0.840224057435989	4.49756734247049
1437	ctrl_M1	ctrl	3.07818150520325	0.606315076351166	5.07686782873336
1437	ctrl_M2	ctrl	1.33628499507904	0.684963434934616	1.95088515229517
1437	ctrl_M3	ctrl	2.2475323677063	0.195936918258667	11.4706936685572
1437	mut_M1	mut	0	0.715290248394012	0
1437	mut_M2	mut	2.95970940589905	1.43367049843073	2.0644279205987
1437	mut_M3	mut	3.73713707923889	0.821322485804558	4.55014582436281
1438	ctrl_M1	ctrl	1.10986065864563	0.986581295728683	1.12495611203119
1438	ctrl_M2	ctrl	2.30582141876221	1.81553867459297	1.27004808602006
1438	ctrl_M3	ctrl	1.81229090690613	1.20910677313805	1.49886755013588
1438	mut_M1	mut	1.21034252643585	0.665670916438103	1.81822954337888
1438	mut_M2	mut	1.64580142498016	1.36400121450424	1.20659821082223
1438	mut_M3	mut	3.1235089302063	0.632260620594025	4.94022374392333
1439	ctrl_M1	ctrl	0	0	NA
1439	ctrl_M2	ctrl	3.37977504730225	0.392198443412781	8.61751264969989
1439	ctrl_M3	ctrl	0	0.980962336063385	0
1439	mut_M1	mut	1.15912210941315	0.594543635845184	1.94959972578863
1439	mut_M2	mut	0	1.69183784723282	0
1439	mut_M3	mut	2.97327256202698	0.188786521553993	15.7493900388255
1440	ctrl_M1	ctrl	0	0.285966962575912	0
1440	ctrl_M2	ctrl	0	0.384874314069748	0
1440	ctrl_M3	ctrl	1.23853480815887	0.74465212225914	1.66323947939796
1440	mut_M1	mut	1.09670555591583	0.617963254451752	1.77470998156487
1440	mut_M2	mut	1.12788712978363	1.24816754460335	0.903634399612641
1440	mut_M3	mut	1.06054151058197	0.313865542411804	3.37896763828409
1441	ctrl_M1	ctrl	0	0	NA
1441	ctrl_M2	ctrl	0	0	NA
1441	ctrl_M3	ctrl	0	0.532960057258606	0
1441	mut_M1	mut	0	1.97577141225338	0
1441	mut_M2	mut	4.26144218444824	0.718773663043976	5.92876784939673
1441	mut_M3	mut	2.19849467277527	0	NA
1442	ctrl_M1	ctrl	0.777712464332581	0	NA
1442	ctrl_M2	ctrl	0.875981390476227	0.235475778579712	3.7200488124926
1442	ctrl_M3	ctrl	0.788879811763763	0.259376347064972	3.04144853873725
1442	mut_M1	mut	2.51577663421631	0.80564546585083	3.12268453166237
1442	mut_M2	mut	1.7280158996582	0.728356331586838	2.37248696100911
1442	mut_M3	mut	0	0.745667174458504	0
1443	ctrl_M1	ctrl	0	0	NA
1443	ctrl_M2	ctrl	0	0.337139785289764	0
1443	ctrl_M3	ctrl	0	0.136479601264	0
1443	mut_M1	mut	1.2877881526947	0.153493419289589	8.38985904838755
1443	mut_M2	mut	0	0	NA
1443	mut_M3	mut	0.720607817173004	0	NA
1444	ctrl_M1	ctrl	0.736118137836456	1.04436561465263	0.704847160332157
1444	ctrl_M2	ctrl	0.725947439670563	1.16809026896954	0.621482310875664
1444	ctrl_M3	ctrl	2.25152254104614	1.25924873352051	1.78798872781195
1444	mut_M1	mut	2.52479434013367	0.89871534705162	2.8093370703156
1444	mut_M2	mut	2.17573475837708	0.876410707831383	2.48255154682076
1444	mut_M3	mut	3.63912010192871	1.47374224662781	2.46930568100065
1445	ctrl_M1	ctrl	0.974884867668152	1.35556769371033	0.719170921667359
1445	ctrl_M2	ctrl	0	0.767044633626938	0
1445	ctrl_M3	ctrl	1.03120923042297	1.01516449451447	1.0158050601604
1445	mut_M1	mut	3.25387358665466	0.523765921592712	6.21245761228605
1445	mut_M2	mut	0	0.69870513677597	0
1445	mut_M3	mut	1.99723374843597	0.278586357831955	7.16917283379941
1446	ctrl_M1	ctrl	0	0	NA
1446	ctrl_M2	ctrl	0	0	NA
1446	ctrl_M3	ctrl	0	0	NA
1446	mut_M1	mut	0	0.219720393419266	0
1446	mut_M2	mut	0	0	NA
1446	mut_M3	mut	0	0	NA
1447	ctrl_M1	ctrl	1.47866833209991	0.933233052492142	1.58445773877299
1447	ctrl_M2	ctrl	1.53251051902771	0.235270082950592	6.5138350775757
1447	ctrl_M3	ctrl	0.794417977333069	0.779600486159325	1.01900651864231
1447	mut_M1	mut	2.52192687988281	0.672949925065041	3.74756989480171
1447	mut_M2	mut	0.75703090429306	0	NA
1447	mut_M3	mut	0.7697634100914	1.49527412652969	0.514797518685022
1448	ctrl_M1	ctrl	0.751948118209839	0.460066705942154	1.63443280832494
1448	ctrl_M2	ctrl	0.676657974720001	0.436326116323471	1.5508078691727
1448	ctrl_M3	ctrl	2.94321990013123	0.45297846198082	6.49748309723355
1448	mut_M1	mut	0	1.08540022373199	0
1448	mut_M2	mut	5.80542373657227	1.55186268687248	3.74093905709668
1448	mut_M3	mut	3.83073234558105	0	NA
1449	ctrl_M1	ctrl	1.47990226745605	0.337961703538895	4.37890521902207
1449	ctrl_M2	ctrl	0.822528004646301	1.99260801076889	0.412789670723501
1449	ctrl_M3	ctrl	0	2.28556032478809	0
1449	mut_M1	mut	0	1.12798899412155	0
1449	mut_M2	mut	1.46957314014435	0.760707885026932	1.93184949054698
1449	mut_M3	mut	0.636370956897736	0.803079754114151	0.792413149052293
1450	ctrl_M1	ctrl	0.597561597824097	0	NA
1450	ctrl_M2	ctrl	0	0.655511558055878	0
1450	ctrl_M3	ctrl	0	0.566186308860779	0
1450	mut_M1	mut	1.51779222488403	0.644264876842499	2.35585126465785
1450	mut_M2	mut	0.583863377571106	0	NA
1450	mut_M3	mut	1.53403544425964	0.70647805929184	2.17138441043354
1451	ctrl_M1	ctrl	0	0	NA
1451	ctrl_M2	ctrl	0	0	NA
1451	ctrl_M3	ctrl	0.49704048037529	0	NA
1451	mut_M1	mut	0.575395524501801	0.19928078353405	2.88736080969636
1451	mut_M2	mut	0	0.787161007523537	0
1451	mut_M3	mut	0.577583491802216	0.272403806447983	2.12032092845409
1452	ctrl_M1	ctrl	0	0.40395975112915	0
1452	ctrl_M2	ctrl	0	0	NA
1452	ctrl_M3	ctrl	0	0.658585369586945	0
1452	mut_M1	mut	0	0.934270665049553	0
1452	mut_M2	mut	0	0.147315949201584	0
1452	mut_M3	mut	0.582457602024078	0.143668174743652	4.05418669140441
1453	ctrl_M1	ctrl	0.876730740070343	1.35649321973324	0.646321505567685
1453	ctrl_M2	ctrl	0.941778838634491	0.71487945318222	1.31739530971585
1453	ctrl_M3	ctrl	0.866138994693756	1.69275224208832	0.511674994815081
1453	mut_M1	mut	3.45476818084717	1.08161017298698	3.19409734406108
1453	mut_M2	mut	0.76489645242691	2.34809632599354	0.325751735122393
1453	mut_M3	mut	2.52126812934875	1.31278370320797	1.92055105741158
1454	ctrl_M1	ctrl	0	0.136249452829361	0
1454	ctrl_M2	ctrl	1.61551415920258	1.3176107108593	1.22609367538383
1454	ctrl_M3	ctrl	4.13380861282349	2.93869191408157	1.40668322290444
1454	mut_M1	mut	0	2.87620194256306	0
1454	mut_M2	mut	2.88767170906067	0.876871138811111	3.29315401231686
1454	mut_M3	mut	2.95539212226868	1.95499753952026	1.51171142803274
1455	ctrl_M1	ctrl	1.77993154525757	0.630007058382034	2.82525651352024
1455	ctrl_M2	ctrl	3.24911522865295	0.571731209754944	5.68294186711548
1455	ctrl_M3	ctrl	0	0.632515266537666	0
1455	mut_M1	mut	2.57797122001648	0.669985949993134	3.84779892778781
1455	mut_M2	mut	3.20161628723145	1.1667674779892	2.74400542321346
1455	mut_M3	mut	3.99369645118713	1.35485291481018	2.94769742717545
1456	ctrl_M1	ctrl	0	0.723801672458649	0
1456	ctrl_M2	ctrl	2.41754221916199	1.0444270670414	2.31470659412369
1456	ctrl_M3	ctrl	3.66682982444763	0.824823290109634	4.44559443024486
1456	mut_M1	mut	3.19100952148438	2.25801311433315	1.41319352896086
1456	mut_M2	mut	4.54380750656128	0.755001246929169	6.01827814860227
1456	mut_M3	mut	2.34412384033203	0.846423149108887	2.76944675107235
1457	ctrl_M1	ctrl	0	0.399595528841019	0
1457	ctrl_M2	ctrl	1.0088894367218	0.206071615219116	4.89581952200961
1457	ctrl_M3	ctrl	5.21720504760742	0.584070608019829	8.93249031190815
1457	mut_M1	mut	2.67271137237549	0.728725731372833	3.66765060887917
1457	mut_M2	mut	2.93918681144714	1.59565234184265	1.84199699043025
1457	mut_M3	mut	3.00667476654053	1.37745893001556	2.18276908372619
1458	ctrl_M1	ctrl	0.666697084903717	0	NA
1458	ctrl_M2	ctrl	1.24485814571381	0.142927974462509	8.70968857143036
1458	ctrl_M3	ctrl	0	1.11221872270107	0
1458	mut_M1	mut	0	0.614596664905548	0
1458	mut_M2	mut	1.15860569477081	0.887085825204849	1.30608072167455
1458	mut_M3	mut	0	0.295157253742218	0
1459	ctrl_M1	ctrl	0	1.03074115514755	0
1459	ctrl_M2	ctrl	0	0	NA
1459	ctrl_M3	ctrl	0	0	NA
1459	mut_M1	mut	0	0	NA
1459	mut_M2	mut	1.61720156669617	0	NA
1459	mut_M3	mut	1.15974104404449	0	NA
1460	ctrl_M1	ctrl	0.788613319396973	2.1165896654129	0.372586775927176
1460	ctrl_M2	ctrl	3.29431295394897	1.73815633356571	1.89529151684009
1460	ctrl_M3	ctrl	1.51216161251068	1.82750853896141	0.82744434856105
1460	mut_M1	mut	1.74453401565552	1.71875727176666	1.01499731481128
1460	mut_M2	mut	2.96299052238464	2.64686489105225	1.11943398864108
1460	mut_M3	mut	1.2656569480896	1.56737954169512	0.807498703677601
1461	ctrl_M1	ctrl	1.58997476100922	1.42170140147209	1.11836054980525
1461	ctrl_M2	ctrl	3.36831760406494	1.01334030926228	3.32397475288151
1461	ctrl_M3	ctrl	5.73935127258301	3.17103669047356	1.80992900202801
1461	mut_M1	mut	3.4148051738739	1.40204837918282	2.43558298313802
1461	mut_M2	mut	2.05167198181152	2.26988244056702	0.90386706604022
1461	mut_M3	mut	1.41869163513184	1.93652072548866	0.73259821930067
1462	ctrl_M1	ctrl	2.31553411483765	2.22919784486294	1.03872974764159
1462	ctrl_M2	ctrl	2.25036287307739	2.46531817317009	0.912808292888097
1462	ctrl_M3	ctrl	0.760729968547821	2.62329661846161	0.289990069439398
1462	mut_M1	mut	1.38220858573914	2.07002580165863	0.667725293390849
1462	mut_M2	mut	2.08519601821899	1.60806548595428	1.29671088424708
1462	mut_M3	mut	3.31991147994995	1.9378268122673	1.71321371906583
1463	ctrl_M1	ctrl	2.66988086700439	0.833792597055435	3.20209231460337
1463	ctrl_M2	ctrl	1.98930990695953	2.60593888163567	0.763375503922374
1463	ctrl_M3	ctrl	0.661317110061646	1.4990628361702	0.441153695565676
1463	mut_M1	mut	0	0.648139670491219	0
1463	mut_M2	mut	3.80644464492798	0.68148772418499	5.58549260660595
1463	mut_M3	mut	1.30088686943054	1.51163813471794	0.860580875510445
1464	ctrl_M1	ctrl	0.542774736881256	0.244186818599701	2.22278475142032
1464	ctrl_M2	ctrl	0.482281625270844	0.628398716449738	0.767477101155758
1464	ctrl_M3	ctrl	0.983350396156311	0.5733333081007	1.7151461152918
1464	mut_M1	mut	0.900916874408722	0.607475094497204	1.48305154000494
1464	mut_M2	mut	0	0.288321614265442	0
1464	mut_M3	mut	1.58259975910187	0	NA
1465	ctrl_M1	ctrl	0.815309584140778	0.174706801772118	4.66673063596141
1465	ctrl_M2	ctrl	0.775631606578827	0.210485577583313	3.6849631955036
1465	ctrl_M3	ctrl	0	0.682151839137077	0
1465	mut_M1	mut	1.82790887355804	0.543747201561928	3.36168879270979
1465	mut_M2	mut	0.699063777923584	0.231927365064621	3.01414961416393
1465	mut_M3	mut	2.82890033721924	0.470054134726524	6.01824370477048
1466	ctrl_M1	ctrl	0.801875233650208	1.00568014383316	0.797346192591465
1466	ctrl_M2	ctrl	1.49208855628967	0.813713818788528	1.83367729764147
1466	ctrl_M3	ctrl	1.6462150812149	0.881768107414246	1.86694786006989
1466	mut_M1	mut	0.829521656036377	1.41398388147354	0.586655666238512
1466	mut_M2	mut	0.8016597032547	2.61937499046326	0.306049995198633
1466	mut_M3	mut	2.97842359542847	1.0996071845293	2.70862507751202
1467	ctrl_M1	ctrl	2.03653168678284	0.223367169499397	9.11741726121632
1467	ctrl_M2	ctrl	4.66317749023438	1.51137000322342	3.08539767250167
1467	ctrl_M3	ctrl	1.24402499198914	0.785190403461456	1.58436092252903
1467	mut_M1	mut	2.37522268295288	0.776384979486465	3.05933621297511
1467	mut_M2	mut	5.54581737518311	2.47792425751686	2.23808994902072
1467	mut_M3	mut	2.52602386474609	1.4875173419714	1.69814750623234
1468	ctrl_M1	ctrl	0	0.830440670251846	0
1468	ctrl_M2	ctrl	0.796442031860352	0.784894987940788	1.01471157810532
1468	ctrl_M3	ctrl	0.892455875873566	0.283678203821182	3.14601496996269
1468	mut_M1	mut	2.11065411567688	0.541884243488312	3.89502765773334
1468	mut_M2	mut	0.890696167945862	0.840121492743492	1.06019923979949
1468	mut_M3	mut	0.953528523445129	0.156775519251823	6.08212639317435
1469	ctrl_M1	ctrl	0.802974820137024	0.184851080179214	4.34390115198967
1469	ctrl_M2	ctrl	0.847647249698639	0.190645113587379	4.4462049603497
1469	ctrl_M3	ctrl	0	1.21905130147934	0
1469	mut_M1	mut	0	1.22230310738087	0
1469	mut_M2	mut	1.35880565643311	0.52813284099102	2.57284825136676
1469	mut_M3	mut	3.83512687683105	0.459217011928558	8.35144774085089
1470	ctrl_M1	ctrl	2.47715759277344	0.530866861343384	4.66625019031113
1470	ctrl_M2	ctrl	0	1.65340453386307	0
1470	ctrl_M3	ctrl	1.31813049316406	0.52256253361702	2.52243589688752
1470	mut_M1	mut	3.9053328037262	1.07459066808224	3.63425155245004
1470	mut_M2	mut	1.26300191879272	1.38177311420441	0.914044357795985
1470	mut_M3	mut	0	2.28691291809082	0
1471	ctrl_M1	ctrl	0	0.264304161071777	0
1471	ctrl_M2	ctrl	0	0.255172342061996	0
1471	ctrl_M3	ctrl	0	1.58320000767708	0
1471	mut_M1	mut	0	0.506181284785271	0
1471	mut_M2	mut	15.409158706665	0.232029557228088	66.4103267305622
1471	mut_M3	mut	0	1.53169709444046	0
1472	ctrl_M1	ctrl	8.43066310882568	1.19659067690372	7.04556977716115
1472	ctrl_M2	ctrl	15.2213144302368	2.32828617095947	6.53756167093678
1472	ctrl_M3	ctrl	8.93937397003174	1.25971445441246	7.096349445479
1472	mut_M1	mut	17.1612510681152	0.952773243188858	18.0118944258739
1472	mut_M2	mut	15.942177772522	1.15955349802971	13.7485487298435
1472	mut_M3	mut	8.60829257965088	1.14935851097107	7.48964965890226
1473	ctrl_M1	ctrl	0.688217401504517	1.40274596214294	0.490621552353743
1473	ctrl_M2	ctrl	1.21161985397339	0.657145991921425	1.843760547684
1473	ctrl_M3	ctrl	3.35989594459534	0.729600086808205	4.605119990177
1473	mut_M1	mut	5.84981393814087	0.97058430314064	6.02710544484585
1473	mut_M2	mut	3.68243217468262	0.910262197256088	4.04546314873122
1473	mut_M3	mut	3.2396559715271	0.990735113620758	3.26995170251652
1474	ctrl_M1	ctrl	5.87674999237061	1.02031493186951	5.75974124146427
1474	ctrl_M2	ctrl	5.4619517326355	1.45529288053513	3.75316323311297
1474	ctrl_M3	ctrl	5.8925666809082	2.27985438704491	2.58462413845035
1474	mut_M1	mut	8.09658336639404	2.96499845385551	2.7307209404665
1474	mut_M2	mut	4.11758804321289	3.20036140084267	1.28660095766957
1474	mut_M3	mut	3.41866040229797	3.75883784890175	0.909499302636008
1475	ctrl_M1	ctrl	3.74433517456055	0.91376855969429	4.09768440250696
1475	ctrl_M2	ctrl	0	0.907836079597473	0
1475	ctrl_M3	ctrl	5.21279525756836	2.00604450702667	2.59854416953823
1475	mut_M1	mut	3.27837800979614	2.30475640296936	1.42244013535331
1475	mut_M2	mut	4.43636655807495	2.72440668940544	1.62837896975033
1475	mut_M3	mut	2.72604846954346	1.38690629601479	1.96556067080857
1476	ctrl_M1	ctrl	0	0.452754348516464	0
1476	ctrl_M2	ctrl	0	0.612832903862	0
1476	ctrl_M3	ctrl	1.81639122962952	0.38010972738266	4.7785970702111
1476	mut_M1	mut	3.26586103439331	0	NA
1476	mut_M2	mut	1.47630333900452	0	NA
1476	mut_M3	mut	4.54487323760986	0	NA
1477	ctrl_M1	ctrl	4.58806133270264	1.67828086018562	2.73378636529
1477	ctrl_M2	ctrl	5.04669427871704	1.24032106995583	4.06886120131522
1477	ctrl_M3	ctrl	5.78134822845459	1.22660052776337	4.7133097512982
1477	mut_M1	mut	9.24867534637451	1.5746026262641	5.87365675130235
1477	mut_M2	mut	6.58065462112427	1.5093636661768	4.35988673146811
1477	mut_M3	mut	6.56438112258911	1.05199053883553	6.23996212917978
1478	ctrl_M1	ctrl	4.602952003479	0.646708026528358	7.11751178996255
1478	ctrl_M2	ctrl	3.93643975257874	1.6922065615654	2.32621704819374
1478	ctrl_M3	ctrl	4.94199895858765	2.38411721587181	2.07288422133242
1478	mut_M1	mut	5.33277320861816	0.838440239429474	6.36034979934516
1478	mut_M2	mut	3.64555478096008	1.03035674244165	3.53814812947324
1478	mut_M3	mut	3.99924755096436	2.12460522353649	1.88234854487811
1479	ctrl_M1	ctrl	1.04838132858276	0.472830086946487	2.21724750079496
1479	ctrl_M2	ctrl	2.4455783367157	1.24909587204456	1.95787880774331
1479	ctrl_M3	ctrl	5.53988647460938	0.690554440021515	8.02237470870041
1479	mut_M1	mut	7.25304794311523	1.9620788693428	3.69661386014755
1479	mut_M2	mut	4.02171897888184	2.05434328317642	1.95766647756331
1479	mut_M3	mut	3.35685586929321	1.11813494563103	3.0021920720837
1480	ctrl_M1	ctrl	1.5849404335022	1.0065850019455	1.57457187464434
1480	ctrl_M2	ctrl	2.01360726356506	1.27240228652954	1.58252408446793
1480	ctrl_M3	ctrl	5.10772705078125	1.85531686246395	2.75302141327921
1480	mut_M1	mut	5.01663160324097	0.858913108706474	5.84067416411426
1480	mut_M2	mut	5.4120831489563	1.15230645239353	4.69673942874702
1480	mut_M3	mut	1.80620574951172	0.480990007519722	3.75518351997709
1481	ctrl_M1	ctrl	1.33655214309692	0.524646550416946	2.54752869724339
1481	ctrl_M2	ctrl	2.36779808998108	0.45051483809948	5.25576049829959
1481	ctrl_M3	ctrl	0.620039343833923	0.645731166005135	0.960212819941531
1481	mut_M1	mut	2.26720547676086	0.216726079583168	10.4611566873789
1481	mut_M2	mut	0.590194523334503	0.983615800738335	0.600025460033769
1481	mut_M3	mut	0	0.355660796165466	0
1482	ctrl_M1	ctrl	0.858959436416626	0.164177149534225	5.23190613829948
1482	ctrl_M2	ctrl	1.66315174102783	0.738747507333755	2.2513128295084
1482	ctrl_M3	ctrl	2.1344153881073	0.927724704146385	2.30069909593624
1482	mut_M1	mut	1.47012531757355	0.505245640873909	2.90972390188407
1482	mut_M2	mut	0.812743782997131	1.26301762461662	0.643493619690249
1482	mut_M3	mut	1.74197232723236	0.213763356208801	8.14906894299893
1483	ctrl_M1	ctrl	0	0	NA
1483	ctrl_M2	ctrl	2.50104212760925	0.63496670126915	3.93885556929246
1483	ctrl_M3	ctrl	2.47059488296509	0	NA
1483	mut_M1	mut	1.61453032493591	0.618802487850189	2.60912061059261
1483	mut_M2	mut	0.858934223651886	0.910458534955978	0.943408393325036
1483	mut_M3	mut	0.886260509490967	0.229199141263962	3.86677063711285
1484	ctrl_M1	ctrl	1.56494605541229	0.202980399131775	7.70983830018153
1484	ctrl_M2	ctrl	3.39793086051941	1.5237157791853	2.23002931841805
1484	ctrl_M3	ctrl	3.20526051521301	0.420698910951614	7.61889425376159
1484	mut_M1	mut	2.68475317955017	0	NA
1484	mut_M2	mut	1.4471400976181	0.203582122921944	7.10838494484586
1484	mut_M3	mut	1.47437107563019	0	NA
1485	ctrl_M1	ctrl	1.11475610733032	0.367912739515305	3.02994701623794
1485	ctrl_M2	ctrl	1.21643614768982	1.66989783942699	0.728449441019233
1485	ctrl_M3	ctrl	1.06433188915253	0.570747405290604	1.86480372803554
1485	mut_M1	mut	3.15149903297424	0.787313222885132	4.0028529197382
1485	mut_M2	mut	2.19575953483582	0.464614510536194	4.72598139972377
1485	mut_M3	mut	1.52625274658203	0	NA
1486	ctrl_M1	ctrl	10.2029104232788	6.76688885688782	1.50776976525831
1486	ctrl_M2	ctrl	5.30098962783813	2.81659817695618	1.88205391568022
1486	ctrl_M3	ctrl	0	3.52385640144348	0
1486	mut_M1	mut	5.92630624771118	3.37713062763214	1.75483476985502
1486	mut_M2	mut	4.62172222137451	0	NA
1486	mut_M3	mut	12.1010770797729	3.83962368965149	3.15163100810833
1487	ctrl_M1	ctrl	0	0.12972329556942	0
1487	ctrl_M2	ctrl	0	0.276358246803284	0
1487	ctrl_M3	ctrl	2.02970957756042	0.152601793408394	13.3006928177345
1487	mut_M1	mut	0.621372044086456	0.364953845739365	1.70260445626381
1487	mut_M2	mut	2.63491153717041	0.160652548074722	16.401305604844
1487	mut_M3	mut	2.08165144920349	0	NA
1488	ctrl_M1	ctrl	4.52970314025879	2.47255547344685	1.83199252308147
1488	ctrl_M2	ctrl	6.4845724105835	1.95232413709164	3.32146301292137
1488	ctrl_M3	ctrl	7.15543603897095	3.86049202084541	1.85350364677194
1488	mut_M1	mut	12.6194124221802	3.90822395682335	3.22893789137851
1488	mut_M2	mut	9.86261081695557	2.95182020962238	3.34119631839544
1488	mut_M3	mut	11.4494390487671	2.72215867042542	4.20601457701868
1489	ctrl_M1	ctrl	8.49027919769287	0.794234186410904	10.6898939166292
1489	ctrl_M2	ctrl	15.667688369751	1.86898766458035	8.3829811542758
1489	ctrl_M3	ctrl	16.3949413299561	1.64418303966522	9.97148184504706
1489	mut_M1	mut	10.1481332778931	1.42703402042389	7.11134642387758
1489	mut_M2	mut	18.2596092224121	2.538484364748	7.19311470891205
1489	mut_M3	mut	13.3855390548706	1.9221715927124	6.96375864965421
1490	ctrl_M1	ctrl	4.28062391281128	1.26093709468842	3.39479576803873
1490	ctrl_M2	ctrl	3.69206976890564	1.45222213864326	2.54235882421883
1490	ctrl_M3	ctrl	5.56613636016846	2.64170971512794	2.10702043767094
1490	mut_M1	mut	8.8501558303833	2.00816169381142	4.40709324237036
1490	mut_M2	mut	5.94009828567505	1.18158042430878	5.02724838992657
1490	mut_M3	mut	6.43107938766479	2.5317896604538	2.54013178429368
1491	ctrl_M1	ctrl	3.48675537109375	0.977134704589844	3.56834667187195
1491	ctrl_M2	ctrl	5.64793491363525	3.38494658470154	1.66854476793265
1491	ctrl_M3	ctrl	6.98829984664917	3.0198078751564	2.31415379241212
1491	mut_M1	mut	12.0462102890015	2.57888135313988	4.67109906949957
1491	mut_M2	mut	10.6590967178345	2.57821133732796	4.13429906366074
1491	mut_M3	mut	11.0835371017456	1.51864326000214	7.29831514330101
1492	ctrl_M1	ctrl	4.37945079803467	1.5208585113287	2.87959120813189
1492	ctrl_M2	ctrl	9.25330257415771	1.94200223684311	4.76482590936648
1492	ctrl_M3	ctrl	9.36784934997559	2.19219356775284	4.27327654262681
1492	mut_M1	mut	6.29158592224121	2.90024910867214	2.16932604286594
1492	mut_M2	mut	6.29056787490845	1.83930963277817	3.42007009739133
1492	mut_M3	mut	2.90633845329285	1.94813895225525	1.49185377661503
1493	ctrl_M1	ctrl	1.50490283966064	0.654873460531235	2.29800553902408
1493	ctrl_M2	ctrl	1.39966213703156	0.737347155809402	1.89824036887362
1493	ctrl_M3	ctrl	2.23879766464233	1.29510329663754	1.72866339731734
1493	mut_M1	mut	2.85587787628174	3.35797661542892	0.850475808306648
1493	mut_M2	mut	1.39077818393707	2.44618973135948	0.56854877857906
1493	mut_M3	mut	2.6085000038147	0	NA
1494	ctrl_M1	ctrl	2.27512311935425	1.48268628120422	1.53446022142082
1494	ctrl_M2	ctrl	3.00216174125671	0.938593775033951	3.19857410214352
1494	ctrl_M3	ctrl	3.79879117012024	2.47854399681091	1.53267046096743
1494	mut_M1	mut	2.22932314872742	3.1599308848381	0.705497439651005
1494	mut_M2	mut	5.95998859405518	2.30238136649132	2.5886191926309
1494	mut_M3	mut	2.87743449211121	1.01769986748695	2.82739006266805
1495	ctrl_M1	ctrl	5.693519115448	0.859935909509659	6.6208644766265
1495	ctrl_M2	ctrl	3.484210729599	0.938846051692963	3.71116299985087
1495	ctrl_M3	ctrl	2.62956213951111	1.37575070559978	1.91136528500976
1495	mut_M1	mut	2.78883242607117	2.2154226899147	1.25882633538367
1495	mut_M2	mut	9.13931941986084	0.808038204908371	11.3105040879809
1495	mut_M3	mut	5.47025775909424	1.84829580783844	2.959622445658
1496	ctrl_M1	ctrl	1.59051167964935	0	NA
1496	ctrl_M2	ctrl	0.698855996131897	2.60590979456902	0.26818119245278
1496	ctrl_M3	ctrl	1.47736573219299	0.239140689373016	6.17780995808944
1496	mut_M1	mut	2.13212180137634	0.638088420033455	3.34142061575817
1496	mut_M2	mut	0.696204245090485	1.03046202659607	0.675623387491783
1496	mut_M3	mut	1.44274199008942	0.752634316682816	1.91692294399783
1497	ctrl_M1	ctrl	7.5069751739502	1.57419690489769	4.76876504495357
1497	ctrl_M2	ctrl	7.18891096115112	2.35836151242256	3.04826504472867
1497	ctrl_M3	ctrl	11.2817068099976	3.86823809146881	2.91649752244536
1497	mut_M1	mut	10.0133352279663	3.33884240686893	2.99904398223949
1497	mut_M2	mut	15.1537647247314	3.29031693935394	4.60556384203733
1497	mut_M3	mut	16.4261054992676	2.81672765314579	5.83162716527546
1498	ctrl_M1	ctrl	4.77035093307495	0.70729473233223	6.74450227749502
1498	ctrl_M2	ctrl	1.1994765996933	1.02414932847023	1.17119307346025
1498	ctrl_M3	ctrl	2.65490579605103	1.31855520606041	2.01349612352097
1498	mut_M1	mut	3.61356091499329	2.08738294243813	1.73114421964785
1498	mut_M2	mut	4.38712072372437	0	NA
1498	mut_M3	mut	10.2692422866821	0	NA
1499	ctrl_M1	ctrl	4.7253041267395	1.23763453960419	3.81801248715208
1499	ctrl_M2	ctrl	5.46654176712036	1.61782196164131	3.37895139065516
1499	ctrl_M3	ctrl	5.31612539291382	3.05648083984852	1.73929616165279
1499	mut_M1	mut	6.90423536300659	1.75513558089733	3.93373334695701
1499	mut_M2	mut	6.9247670173645	2.05521064996719	3.36937092919163
1499	mut_M3	mut	4.60948276519775	1.63138136267662	2.82550902606546
1500	ctrl_M1	ctrl	0.539365768432617	2.28472608327866	0.236074587837948
1500	ctrl_M2	ctrl	1.10179710388184	1.21412259340286	0.907484227596648
1500	ctrl_M3	ctrl	0.459569215774536	1.09576345980167	0.41940549455602
1500	mut_M1	mut	0.568665981292725	1.11468696594238	0.510157558729469
1500	mut_M2	mut	1.69042432308197	0.442485809326172	3.82029047588258
1500	mut_M3	mut	1.59127497673035	1.44182202219963	1.10365561923011
1501	ctrl_M1	ctrl	3.11655902862549	0	NA
1501	ctrl_M2	ctrl	1.44694983959198	0.57806171476841	2.50310616085633
1501	ctrl_M3	ctrl	0	0.464718580245972	0
1501	mut_M1	mut	2.09448862075806	0.391201496124268	5.35398929070744
1501	mut_M2	mut	2.45479512214661	0.38247749209404	6.41814269568324
1501	mut_M3	mut	3.35650062561035	0.445206344127655	7.5392021472361
1502	ctrl_M1	ctrl	4.08295249938965	0.661425650119781	6.17295760853883
1502	ctrl_M2	ctrl	0	0	NA
1502	ctrl_M3	ctrl	1.61897492408752	1.15009021759033	1.40769384812228
1502	mut_M1	mut	1.40675926208496	0	NA
1502	mut_M2	mut	4.47447776794434	0.99013414978981	4.51906215828855
1502	mut_M3	mut	6.41095352172852	1.98930269479752	3.22271393815262
1503	ctrl_M1	ctrl	6.18695259094238	0.158301636576653	39.0833141383636
1503	ctrl_M2	ctrl	7.14166307449341	1.23143136501312	5.7994812194972
1503	ctrl_M3	ctrl	2.68017077445984	1.4141259342432	1.89528436581158
1503	mut_M1	mut	8.84919548034668	1.12286353111267	7.88091805918553
1503	mut_M2	mut	7.6534538269043	0.911881446838379	8.39303601739009
1503	mut_M3	mut	7.02328491210938	1.29834711551666	5.40940464084948
1504	ctrl_M1	ctrl	3.79592871665955	11.9967301040888	0.316413613019918
1504	ctrl_M2	ctrl	3.98463892936707	12.0905955582857	0.329565149223471
1504	ctrl_M3	ctrl	6.85941600799561	12.7104513794184	0.539667381057988
1504	mut_M1	mut	6.07003021240234	14.5575654953718	0.416967398452176
1504	mut_M2	mut	7.65714359283447	11.6647916436195	0.656432092983231
1504	mut_M3	mut	7.60274076461792	13.6646640598774	0.556379632261968
1505	ctrl_M1	ctrl	1.81366658210754	0.12007749825716	15.1041336506142
1505	ctrl_M2	ctrl	1.7903538942337	1.11019366979599	1.6126500654275
1505	ctrl_M3	ctrl	2.52689146995544	1.4335984736681	1.76262148458485
1505	mut_M1	mut	1.84473943710327	1.31555922329426	1.40224735187817
1505	mut_M2	mut	2.11853814125061	0.268184781074524	7.89954647225826
1505	mut_M3	mut	1.66766965389252	0.673450142145157	2.47630752379151
1506	ctrl_M1	ctrl	5.59033727645874	0.884596727788448	6.31964498719655
1506	ctrl_M2	ctrl	5.49943685531616	1.18578289449215	4.63781091872765
1506	ctrl_M3	ctrl	7.12427234649658	1.42357128858566	5.00450690711432
1506	mut_M1	mut	5.51545763015747	2.08367635309696	2.64698383794578
1506	mut_M2	mut	6.61531782150269	1.53273585438728	4.31601949061679
1506	mut_M3	mut	5.20861101150513	0.963610552251339	5.40530715374167
1507	ctrl_M1	ctrl	1.7813720703125	1.22059780359268	1.45942591824207
1507	ctrl_M2	ctrl	4.54221200942993	1.18153165280819	3.84434221346021
1507	ctrl_M3	ctrl	1.79355680942535	0.826037362217903	2.17127806980748
1507	mut_M1	mut	4.9078631401062	0.911495506763458	5.38440738729811
1507	mut_M2	mut	4.90408325195312	1.29247781634331	3.79432682707686
1507	mut_M3	mut	2.31890749931335	1.16871513426304	1.98415116851858
1508	ctrl_M1	ctrl	4.0728816986084	1.55293774604797	2.6226947660802
1508	ctrl_M2	ctrl	5.24342632293701	2.79375086724758	1.8768410542286
1508	ctrl_M3	ctrl	3.53758549690247	1.59329575300217	2.22029431148409
1508	mut_M1	mut	7.64653158187866	2.48964169621468	3.07133817428615
1508	mut_M2	mut	8.59726810455322	3.16480630636215	2.71652267858235
1508	mut_M3	mut	5.67440795898438	1.91711582243443	2.95986705267437
1509	ctrl_M1	ctrl	1.36881518363953	2.68052193522453	0.510652483627174
1509	ctrl_M2	ctrl	3.92584371566772	2.01658698916435	1.94677627930871
1509	ctrl_M3	ctrl	3.33774900436401	2.45192947983742	1.36127447049796
1509	mut_M1	mut	5.35684442520142	1.82643967866898	2.93294352272572
1509	mut_M2	mut	1.2816401720047	0.521026432514191	2.45983714457672
1509	mut_M3	mut	2.47967624664307	1.80585169792175	1.37313393425206
1510	ctrl_M1	ctrl	1.42940545082092	0.206907942891121	6.90841265370419
1510	ctrl_M2	ctrl	1.5391401052475	1.26049542427063	1.22105965290441
1510	ctrl_M3	ctrl	0	1.11378127336502	0
1510	mut_M1	mut	0.681768178939819	0.624763309955597	1.09124234422196
1510	mut_M2	mut	1.44961702823639	0.896102413535118	1.61769124414882
1510	mut_M3	mut	2.2586407661438	0.423665016889572	5.33119487354915
1511	ctrl_M1	ctrl	4.17704296112061	3.51501128077507	1.18834411256841
1511	ctrl_M2	ctrl	7.11863231658936	2.63928672671318	2.69718035730604
1511	ctrl_M3	ctrl	8.48565673828125	2.94299151003361	2.8833439408
1511	mut_M1	mut	10.8474130630493	2.12519919872284	5.10418650146687
1511	mut_M2	mut	8.81096076965332	2.05035531520844	4.29728481902544
1511	mut_M3	mut	6.63363599777222	2.99202656745911	2.21710464402916
1512	ctrl_M1	ctrl	4.31830549240112	16.8197749108076	0.256739790829566
1512	ctrl_M2	ctrl	8.14558601379395	11.8764180243015	0.685862184804075
1512	ctrl_M3	ctrl	8.73645401000977	13.4503516256809	0.649533503148657
1512	mut_M1	mut	8.16097164154053	20.7176838219166	0.393913321184451
1512	mut_M2	mut	11.6584558486938	21.131165355444	0.551718547112231
1512	mut_M3	mut	14.027868270874	15.1746567487717	0.92442738594463
1513	ctrl_M1	ctrl	3.10403656959534	0	NA
1513	ctrl_M2	ctrl	3.59704732894897	0	NA
1513	ctrl_M3	ctrl	4.83006906509399	0	NA
1513	mut_M1	mut	4.85245418548584	0.925366282463074	5.24381996345266
1513	mut_M2	mut	2.66453218460083	0.679051771759987	3.92390138044234
1513	mut_M3	mut	1.87501418590546	2.24572420120239	0.834926294556361
1514	ctrl_M1	ctrl	6.72796773910522	0.940066963434219	7.15690264715489
1514	ctrl_M2	ctrl	7.22450542449951	3.37853088974953	2.13835707301617
1514	ctrl_M3	ctrl	6.9487738609314	0.969022125005722	7.17091352366218
1514	mut_M1	mut	9.86946392059326	3.27314767241478	3.0152822018299
1514	mut_M2	mut	15.7526054382324	1.82348597049713	8.63873136020774
1514	mut_M3	mut	15.1738481521606	0.806947380304337	18.8040119126948
1515	ctrl_M1	ctrl	4.28824663162231	1.07328593730927	3.99543726658059
1515	ctrl_M2	ctrl	2.26508593559265	1.86185204982758	1.21657676065207
1515	ctrl_M3	ctrl	10.0146217346191	1.56080365180969	6.4163238745678
1515	mut_M1	mut	2.08364200592041	3.13304775953293	0.665052742838187
1515	mut_M2	mut	5.84250831604004	2.76571103930473	2.11247966002579
1515	mut_M3	mut	4.53958082199097	3.02066278457642	1.50284263611621
1516	ctrl_M1	ctrl	3.66514801979065	0.322066888213158	11.3800833116533
1516	ctrl_M2	ctrl	4.16595125198364	1.73363453149796	2.40301584693519
1516	ctrl_M3	ctrl	6.05283498764038	0.75901335477829	7.97460933926312
1516	mut_M1	mut	5.03958988189697	1.85797026753426	2.71241686153842
1516	mut_M2	mut	7.07007837295532	0.297226011753082	23.7868762940867
1516	mut_M3	mut	1.56537520885468	0.882455840706825	1.77388503384016
1517	ctrl_M1	ctrl	3.24862360954285	0.949717551469803	3.42062079879982
1517	ctrl_M2	ctrl	3.70949697494507	1.22564604878426	3.02656462575357
1517	ctrl_M3	ctrl	6.14236545562744	0.796145379543304	7.71513044407908
1517	mut_M1	mut	3.29820775985718	1.33030179142952	2.47929288008624
1517	mut_M2	mut	6.7468113899231	1.65208807587624	4.08380853807974
1517	mut_M3	mut	3.84087252616882	0.859442830085754	4.46902620129554
1518	ctrl_M1	ctrl	1.81777477264404	0.971916526556015	1.87029927259836
1518	ctrl_M2	ctrl	4.41266965866089	1.78598773479462	2.47071666433831
1518	ctrl_M3	ctrl	0.937550783157349	1.86672389507294	0.502243950287419
1518	mut_M1	mut	1.97970843315125	0	NA
1518	mut_M2	mut	4.51090383529663	0.573140814900398	7.87049834529852
1518	mut_M3	mut	1.0803165435791	2.04818513989449	0.527450630578618
1519	ctrl_M1	ctrl	1.65878641605377	0.302883297204971	5.47665200214463
1519	ctrl_M2	ctrl	2.78323554992676	1.60225534439087	1.73707365662423
1519	ctrl_M3	ctrl	1.61544501781464	0.731259495019913	2.20912689519422
1519	mut_M1	mut	0	0.999289989471436	0
1519	mut_M2	mut	1.43556940555573	0.740609809756279	1.93836131609996
1519	mut_M3	mut	1.56831085681915	0.925830647349358	1.69395003428457
1520	ctrl_M1	ctrl	0	0.703079223632812	0
1520	ctrl_M2	ctrl	1.23828482627869	0.879277616739273	1.40829790580905
1520	ctrl_M3	ctrl	3.96203780174255	0.974674761295319	4.06498450465374
1520	mut_M1	mut	2.37071895599365	1.07722026109695	2.20077456914847
1520	mut_M2	mut	4.35511064529419	1.10097202658653	3.95569600328251
1520	mut_M3	mut	2.24886608123779	0.803552150726318	2.79865604143437
1521	ctrl_M1	ctrl	2.52455544471741	0	NA
1521	ctrl_M2	ctrl	2.97422242164612	0.348273277282715	8.53990993753953
1521	ctrl_M3	ctrl	2.94971680641174	0.18126480281353	16.2729705967582
1521	mut_M1	mut	4.0467324256897	0	NA
1521	mut_M2	mut	1.95516467094421	0.396402314305305	4.93227360281848
1521	mut_M3	mut	0	0.197024002671242	0
1522	ctrl_M1	ctrl	2.7897891998291	1.96894463896751	1.41689570372686
1522	ctrl_M2	ctrl	6.31655740737915	0.830283284187317	7.60771356918478
1522	ctrl_M3	ctrl	1.87881088256836	0.805469423532486	2.33256636152444
1522	mut_M1	mut	6.62933397293091	1.54140332341194	4.30084318117122
1522	mut_M2	mut	4.55617761611938	1.69051237404346	2.69514597235491
1522	mut_M3	mut	3.74678301811218	0.774107813835144	4.84013073004597
1523	ctrl_M1	ctrl	9.09409046173096	1.08920545876026	8.34928836298883
1523	ctrl_M2	ctrl	5.26963806152344	1.20181581377983	4.38473017337815
1523	ctrl_M3	ctrl	2.90460562705994	2.0041172504425	1.4493192084538
1523	mut_M1	mut	10.7900829315186	2.06633359193802	5.22184945045515
1523	mut_M2	mut	8.76443195343018	0.577354416251183	15.180332403688
1523	mut_M3	mut	8.597825050354	2.0754471719265	4.14263738757235
1524	ctrl_M1	ctrl	2.77900815010071	1.16027861833572	2.39512140117419
1524	ctrl_M2	ctrl	5.91532754898071	0.854874193668365	6.91952990602904
1524	ctrl_M3	ctrl	2.67016100883484	0.40396523475647	6.60987822490355
1524	mut_M1	mut	4.12978029251099	1.4777906537056	2.79456381873539
1524	mut_M2	mut	6.44168043136597	0.345784306526184	18.6291867785451
1524	mut_M3	mut	7.49828863143921	1.23370137810707	6.07787975639956
1525	ctrl_M1	ctrl	0	0.956551343202591	0
1525	ctrl_M2	ctrl	2.85635995864868	1.21588513255119	2.34920214268548
1525	ctrl_M3	ctrl	1.56136906147003	3.17801457643509	0.491303303970835
1525	mut_M1	mut	1.43829822540283	2.38953143358231	0.601916428128582
1525	mut_M2	mut	6.23105335235596	2.50497959554195	2.48746670968706
1525	mut_M3	mut	4.83516597747803	2.24355533719063	2.15513559987899
1526	ctrl_M1	ctrl	1.85336446762085	0.556150019168854	3.33249016225988
1526	ctrl_M2	ctrl	8.7346134185791	1.11728316545486	7.81772579113648
1526	ctrl_M3	ctrl	3.73161602020264	1.07304859161377	3.47758344716768
1526	mut_M1	mut	7.02142190933228	0.812105983495712	8.64594283508237
1526	mut_M2	mut	0	0	NA
1526	mut_M3	mut	5.38266229629517	1.42636670172215	3.77368757262514
1527	ctrl_M1	ctrl	11.2889547348022	1.58645966649055	7.11581578356468
1527	ctrl_M2	ctrl	13.0988187789917	2.41094502806664	5.43306405849319
1527	ctrl_M3	ctrl	16.71413230896	2.65180741250515	6.30292087960121
1527	mut_M1	mut	15.6929388046265	1.36491402983665	11.4973825908321
1527	mut_M2	mut	14.3330392837524	2.84018522500992	5.04651568409676
1527	mut_M3	mut	14.3438320159912	1.75526005029678	8.1719127678921
1528	ctrl_M1	ctrl	4.67976665496826	3.15594106912613	1.48284348549768
1528	ctrl_M2	ctrl	4.61520147323608	4.06430169939995	1.13554598417668
1528	ctrl_M3	ctrl	9.86679649353027	4.59724396467209	2.14624165464189
1528	mut_M1	mut	10.1427745819092	3.92960576713085	2.58111759371597
1528	mut_M2	mut	7.22950601577759	3.84363651275635	1.88090262744256
1528	mut_M3	mut	4.78897380828857	4.56000936031342	1.05021139867998
1529	ctrl_M1	ctrl	3.29944372177124	1.66985912621021	1.97588148005
1529	ctrl_M2	ctrl	6.24021625518799	2.31645865738392	2.69386040424108
1529	ctrl_M3	ctrl	6.97941112518311	2.11365561187267	3.30205691314085
1529	mut_M1	mut	5.79582595825195	1.46082016825676	3.96751501943479
1529	mut_M2	mut	8.15009593963623	2.74128273129463	2.97309571413204
1529	mut_M3	mut	5.31899118423462	2.16598728299141	2.45568901812233
1530	ctrl_M1	ctrl	5.15038156509399	0	NA
1530	ctrl_M2	ctrl	3.09095668792725	0.505323320627213	6.11679010596764
1530	ctrl_M3	ctrl	4.90419912338257	1.1692972779274	4.19414225617232
1530	mut_M1	mut	3.52083563804626	0.472949102520943	7.44442820438666
1530	mut_M2	mut	5.48191499710083	0.934187918901443	5.86810735418981
1530	mut_M3	mut	2.98922181129456	0.476440712809563	6.27406880001326
1531	ctrl_M1	ctrl	2.2634608745575	0.600508123636246	3.76924272206611
1531	ctrl_M2	ctrl	6.16596174240112	2.18199557065964	2.82583604903336
1531	ctrl_M3	ctrl	5.37769222259521	1.18161460757256	4.55113891461011
1531	mut_M1	mut	4.69981002807617	1.07273507118225	4.38114698990549
1531	mut_M2	mut	3.28121280670166	0.578003823757172	5.67680121105937
1531	mut_M3	mut	4.91540431976318	2.1216145157814	2.31682253453701
1532	ctrl_M1	ctrl	2.73617672920227	0.587579369544983	4.65669298655115
1532	ctrl_M2	ctrl	4.38647699356079	0.958446562290192	4.57665264412799
1532	ctrl_M3	ctrl	7.23449277877808	1.76107397675514	4.1080005009829
1532	mut_M1	mut	7.89879941940308	2.04264461994171	3.86694745737439
1532	mut_M2	mut	5.14814281463623	1.29752251505852	3.96767127729113
1532	mut_M3	mut	12.4424800872803	0	NA
1533	ctrl_M1	ctrl	2.94787788391113	0	NA
1533	ctrl_M2	ctrl	2.14067482948303	0.25195050239563	8.49641024379304
1533	ctrl_M3	ctrl	2.95886039733887	0.210246607661247	14.0732848451293
1533	mut_M1	mut	2.81596207618713	0.431267231702805	6.52950622997407
1533	mut_M2	mut	4.01056385040283	1.37469863891602	2.91741312377036
1533	mut_M3	mut	0.926363885402679	0.846302300691605	1.09460163897185
1534	ctrl_M1	ctrl	2.34896445274353	1.32600319385529	1.7714621379712
1534	ctrl_M2	ctrl	4.25221681594849	0.526285529136658	8.07967648839597
1534	ctrl_M3	ctrl	6.44809579849243	1.65180951356888	3.90365580626834
1534	mut_M1	mut	2.76290917396545	1.54808956384659	1.78472178773712
1534	mut_M2	mut	7.89255809783936	2.07391029596329	3.80564102179426
1534	mut_M3	mut	6.29418611526489	1.44744411110878	4.34848300321826
1535	ctrl_M1	ctrl	3.87025618553162	0.380510196089745	10.1712285907282
1535	ctrl_M2	ctrl	2.43783450126648	1.56671670079231	1.55601488133345
1535	ctrl_M3	ctrl	5.52531909942627	0.138615235686302	39.8608354418596
1535	mut_M1	mut	2.67020893096924	1.49902501702309	1.78129711021902
1535	mut_M2	mut	4.93960380554199	2.61407209932804	1.88962033863249
1535	mut_M3	mut	8.71671772003174	1.00688599050045	8.65710497739599
1536	ctrl_M1	ctrl	0	1.09409335255623	0
1536	ctrl_M2	ctrl	0	0.752378612756729	0
1536	ctrl_M3	ctrl	4.70227575302124	1.08030766248703	4.35271905986106
1536	mut_M1	mut	5.71141958236694	0.530951976776123	10.7569419310688
1536	mut_M2	mut	8.61787986755371	1.00741825997829	8.55442094899033
1536	mut_M3	mut	5.0845742225647	2.00670428574085	2.53379347355484
1537	ctrl_M1	ctrl	4.21869325637817	0.247145742177963	17.0696578431863
1537	ctrl_M2	ctrl	3.33051562309265	0.456289857625961	7.29912262442354
1537	ctrl_M3	ctrl	0.909593820571899	0.416992604732513	2.18131882975568
1537	mut_M1	mut	1.82146036624908	0.621494591236115	2.9307742849802
1537	mut_M2	mut	0.883181273937225	0.658239334821701	1.34173275162362
1537	mut_M3	mut	2.80425620079041	0.942920207977295	2.97401219855703
1538	ctrl_M1	ctrl	1.14948654174805	0.614013701677322	1.87208614173911
1538	ctrl_M2	ctrl	1.95952606201172	0.49055677652359	3.99449392157666
1538	ctrl_M3	ctrl	1.78928995132446	0.72957381606102	2.45251393612899
1538	mut_M1	mut	3.02465057373047	0.137430146336555	22.0086396933853
1538	mut_M2	mut	1.84923386573792	0.250823825597763	7.37264038346765
1538	mut_M3	mut	1.83485496044159	0.697350889444351	2.63117892041925
1539	ctrl_M1	ctrl	1.70543766021729	0.0695364251732826	24.5258173103864
1539	ctrl_M2	ctrl	2.04739689826965	0.291280597448349	7.02895049036936
1539	ctrl_M3	ctrl	1.52294290065765	0.0670730769634247	22.705725897861
1539	mut_M1	mut	2.42067003250122	0.55992379039526	4.3232133980098
1539	mut_M2	mut	1.04140222072601	0.307665593922138	3.38485108929523
1539	mut_M3	mut	1.20773887634277	0.400042653083801	3.01902526401297
1540	ctrl_M1	ctrl	1.53384792804718	0.762530207633972	2.01152415037629
1540	ctrl_M2	ctrl	1.51630592346191	1.04959100484848	1.44466360368705
1540	ctrl_M3	ctrl	0.842981994152069	0	NA
1540	mut_M1	mut	1.38444888591766	0	NA
1540	mut_M2	mut	1.63076984882355	0.332795977592468	4.90020901280405
1540	mut_M3	mut	0.765042364597321	1.22051510214806	0.626819252994803
1541	ctrl_M1	ctrl	3.32272219657898	1.52653267979622	2.17664661920146
1541	ctrl_M2	ctrl	4.80016851425171	0.879215136170387	5.45960632020041
1541	ctrl_M3	ctrl	1.54498267173767	1.27126067876816	1.21531539324786
1541	mut_M1	mut	1.63528800010681	2.02340227365494	0.808187289991
1541	mut_M2	mut	4.24463653564453	1.85822919011116	2.28423735792818
1541	mut_M3	mut	7.55010461807251	1.97514969110489	3.82254805905319
1542	ctrl_M1	ctrl	0.648140132427216	1.02067732810974	0.635009825904087
1542	ctrl_M2	ctrl	2.29561233520508	0.784794613718987	2.92511224602654
1542	ctrl_M3	ctrl	0.636911332607269	2.14435878396034	0.297017149075669
1542	mut_M1	mut	3.47929048538208	1.56589743494987	2.22191467188491
1542	mut_M2	mut	4.89971685409546	0.729376122355461	6.7176820078401
1542	mut_M3	mut	3.79458284378052	0.812437906861305	4.67061274681304
1543	ctrl_M1	ctrl	0	1.61793746054173	0
1543	ctrl_M2	ctrl	0	1.66799491643906	0
1543	ctrl_M3	ctrl	3.48447060585022	0.379796609282494	9.17457007431697
1543	mut_M1	mut	2.45105242729187	0.72180250287056	3.39573833222273
1543	mut_M2	mut	3.36717128753662	1.13222716748714	2.97393613598735
1543	mut_M3	mut	1.11575698852539	0.731389999389648	1.52552945686501
1544	ctrl_M1	ctrl	6.98772621154785	0.341577619314194	20.4572132845751
1544	ctrl_M2	ctrl	5.03638219833374	1.23974946141243	4.06241934769293
1544	ctrl_M3	ctrl	2.93055105209351	1.34946984052658	2.17163138003141
1544	mut_M1	mut	3.63595700263977	1.27132548391819	2.85997334957359
1544	mut_M2	mut	3.75332021713257	0.574833929538727	6.5293992303906
1544	mut_M3	mut	4.59053897857666	0.786165118217468	5.83915372509167
1545	ctrl_M1	ctrl	7.31262540817261	0	NA
1545	ctrl_M2	ctrl	7.01958608627319	0.167752712965012	41.8448438907648
1545	ctrl_M3	ctrl	13.2660818099976	1.48138666152954	8.95517838421756
1545	mut_M1	mut	8.71195030212402	0.687583163380623	12.6703950388927
1545	mut_M2	mut	5.86011362075806	0.680918961763382	8.60618362805181
1545	mut_M3	mut	1.48893904685974	0.296487122774124	5.02193495936103
1546	ctrl_M1	ctrl	9.71538639068604	1.3360747396946	7.27158900774279
1546	ctrl_M2	ctrl	7.98637199401855	2.22184439003468	3.59447854666992
1546	ctrl_M3	ctrl	8.00109958648682	2.64670373499393	3.02304314634791
1546	mut_M1	mut	12.0606126785278	3.25834715366364	3.70145110688008
1546	mut_M2	mut	12.1812019348145	2.68825082480907	4.53127432246937
1546	mut_M3	mut	12.8506708145142	2.32239009439945	5.53338168531813
1547	ctrl_M1	ctrl	6.26281213760376	0.467777878046036	13.3884316286274
1547	ctrl_M2	ctrl	4.54272317886353	0.376071512699127	12.0794131580445
1547	ctrl_M3	ctrl	4.91843223571777	0.389789134263992	12.618187125726
1547	mut_M1	mut	7.80133438110352	2.29901310801506	3.39334053986282
1547	mut_M2	mut	6.40414571762085	2.66417460143566	2.4038010549946
1547	mut_M3	mut	10.73082447052	0.897040963172913	11.9624687289242
1548	ctrl_M1	ctrl	0.654228925704956	0.858058303594589	0.762452764531561
1548	ctrl_M2	ctrl	0.604024291038513	1.03442707657814	0.583921578151851
1548	ctrl_M3	ctrl	3.80323100090027	1.53585984557867	2.47628780181262
1548	mut_M1	mut	3.35290789604187	1.30070480704308	2.57776236228735
1548	mut_M2	mut	1.13659715652466	1.2729112803936	0.892911528109962
1548	mut_M3	mut	5.56206560134888	0.624216958880424	8.91046858343102
1549	ctrl_M1	ctrl	3.82476305961609	0	NA
1549	ctrl_M2	ctrl	4.69002056121826	0	NA
1549	ctrl_M3	ctrl	3.93675112724304	0.531234622001648	7.41056957547249
1549	mut_M1	mut	6.20279693603516	1.35359761118889	4.58245263198059
1549	mut_M2	mut	4.14994812011719	1.76021510362625	2.35763692265099
1549	mut_M3	mut	3.83521842956543	1.70362555980682	2.25120972592141
1550	ctrl_M1	ctrl	0.921180605888367	0.769833996891975	1.19659642157584
1550	ctrl_M2	ctrl	0	2.18309922516346	0
1550	ctrl_M3	ctrl	6.47287273406982	0.736259788274765	8.79156085549278
1550	mut_M1	mut	1.00225782394409	0.774509102106094	1.29405557819616
1550	mut_M2	mut	3.39009094238281	0.966223567724228	3.50859889535461
1550	mut_M3	mut	0	1.49249930679798	0
1551	ctrl_M1	ctrl	1.45090425014496	0.966517247259617	1.50116746934287
1551	ctrl_M2	ctrl	1.52286911010742	1.32888869941235	1.1459719017709
1551	ctrl_M3	ctrl	2.25735950469971	1.66255381703377	1.35776627593756
1551	mut_M1	mut	4.40300750732422	1.91674721240997	2.2971247741053
1551	mut_M2	mut	1.39034819602966	1.38225811719894	1.00585279893101
1551	mut_M3	mut	9.33663272857666	1.53393802046776	6.08670793995285
1552	ctrl_M1	ctrl	2.52114653587341	0.269338421523571	9.36051574673974
1552	ctrl_M2	ctrl	1.43147814273834	0.852177262306213	1.67978917774031
1552	ctrl_M3	ctrl	3.2834997177124	1.02929304540157	3.19005334037923
1552	mut_M1	mut	3.91396713256836	0.899967640638351	4.34900873746101
1552	mut_M2	mut	3.80217576026917	0.641930356621742	5.92303467354107
1552	mut_M3	mut	3.14552235603333	0.448137640953064	7.01909875132041
1553	ctrl_M1	ctrl	1.91114473342896	2.34017634391785	0.816666974006488
1553	ctrl_M2	ctrl	2.63675618171692	0.936262473464012	2.81625746673512
1553	ctrl_M3	ctrl	1.88438534736633	2.2717846930027	0.829473564625384
1553	mut_M1	mut	2.86070847511292	1.87654638290405	1.52445391234392
1553	mut_M2	mut	8.35659885406494	1.99389612674713	4.19109036923504
1553	mut_M3	mut	3.60987305641174	1.7326475083828	2.0834434234007
1554	ctrl_M1	ctrl	3.59919667243958	0.882630810141563	4.07780538712704
1554	ctrl_M2	ctrl	4.54815864562988	1.18650557100773	3.83323834018497
1554	ctrl_M3	ctrl	4.08534622192383	1.47132463753223	2.77664501613725
1554	mut_M1	mut	5.9653902053833	0.2851782143116	20.9181133270763
1554	mut_M2	mut	2.86592435836792	0.851215094327927	3.36686270892635
1554	mut_M3	mut	4.89505100250244	0.672815680503845	7.27547104555698
1555	ctrl_M1	ctrl	7.94597148895264	2.28796848654747	3.4729374708054
1555	ctrl_M2	ctrl	3.70343685150146	3.97801296412945	0.930976566666853
1555	ctrl_M3	ctrl	12.534722328186	1.3298633992672	9.42557132942611
1555	mut_M1	mut	18.6845207214355	2.20520013570786	8.4729365008124
1555	mut_M2	mut	18.8779640197754	2.75182086229324	6.86017185146396
1555	mut_M3	mut	18.9627990722656	4.15502315759659	4.5638251227544
1556	ctrl_M1	ctrl	9.23363494873047	0.989016227424145	9.33618144242094
1556	ctrl_M2	ctrl	16.5525760650635	1.11984816193581	14.7810896402689
1556	ctrl_M3	ctrl	19.4284172058105	1.38162977993488	14.0619560232164
1556	mut_M1	mut	20.726676940918	0.537022709846497	38.595531549946
1556	mut_M2	mut	18.5942077636719	1.33685149252415	13.9089553833415
1556	mut_M3	mut	12.415771484375	1.23028436303139	10.0917900425743
1557	ctrl_M1	ctrl	1.70675659179688	2.0728323161602	0.823393469163265
1557	ctrl_M2	ctrl	5.88385200500488	2.75770163536072	2.13360717836876
1557	ctrl_M3	ctrl	5.24822425842285	4.3335594534874	1.21106547971769
1557	mut_M1	mut	4.5184211730957	1.51924723386765	2.97411841362572
1557	mut_M2	mut	6.0855565071106	4.06454053521156	1.4972311026033
1557	mut_M3	mut	4.09290170669556	2.54111909866333	1.61066897999723
1558	ctrl_M1	ctrl	1.87184798717499	0.939609989523888	1.99215420019478
1558	ctrl_M2	ctrl	1.60421228408813	0.506490953266621	3.1673068862173
1558	ctrl_M3	ctrl	3.67131447792053	1.11809892952442	3.28353277243733
1558	mut_M1	mut	1.16331744194031	1.3059561252594	0.890778349624296
1558	mut_M2	mut	2.74485421180725	0.909306943416595	3.01862229435293
1558	mut_M3	mut	1.75632536411285	0.763416782021523	2.30061141629886
1559	ctrl_M1	ctrl	2.2717764377594	1.08852541446686	2.08702195425734
1559	ctrl_M2	ctrl	2.88755941390991	0.917936056852341	3.14570867148582
1559	ctrl_M3	ctrl	5.71562337875366	0.808517038822174	7.06926768924997
1559	mut_M1	mut	3.96851706504822	1.89181736111641	2.09772737401368
1559	mut_M2	mut	8.68590545654297	1.98922821879387	4.3664700583272
1559	mut_M3	mut	2.63145709037781	1.59102737903595	1.65393576820299
1560	ctrl_M1	ctrl	1.64780306816101	0	NA
1560	ctrl_M2	ctrl	2.96277117729187	0.146757379174232	20.1882262681621
1560	ctrl_M3	ctrl	1.68648993968964	0.574743926525116	2.93433277300745
1560	mut_M1	mut	2.29481983184814	0.407235816121101	5.63511297632457
1560	mut_M2	mut	2.43418526649475	0.590267673134804	4.12386681040355
1560	mut_M3	mut	3.00512337684631	0.51953037083149	5.78430741601636
1561	ctrl_M1	ctrl	2.19866585731506	0.166298434138298	13.221206012599
1561	ctrl_M2	ctrl	0.65073698759079	0.642229683697224	1.01324651306148
1561	ctrl_M3	ctrl	1.31310522556305	0.563761331140995	2.32918640039653
1561	mut_M1	mut	2.36268258094788	0.315736413002014	7.48308552214028
1561	mut_M2	mut	0.731964826583862	0.500070989131927	1.46372183648261
1561	mut_M3	mut	0.811143636703491	0.608055576682091	1.33399588427355
1562	ctrl_M1	ctrl	2.09055280685425	1.00578284263611	2.07853297773007
1562	ctrl_M2	ctrl	0	1.66801661252975	0
1562	ctrl_M3	ctrl	0.988511919975281	0.442405313253403	2.23440336352624
1562	mut_M1	mut	1.5322517156601	1.11129906773567	1.37879330609188
1562	mut_M2	mut	5.74060773849487	1.25793367624283	4.56352178728596
1562	mut_M3	mut	1.79099667072296	1.42718225717545	1.25491797681646
1563	ctrl_M1	ctrl	0	0.68155038356781	0
1563	ctrl_M2	ctrl	3.59908533096313	0.957001775503159	3.76079274155041
1563	ctrl_M3	ctrl	4.11725997924805	0.782183706760406	5.26380176889726
1563	mut_M1	mut	3.03577375411987	0.815197616815567	3.7239728030347
1563	mut_M2	mut	3.51717519760132	0.210552826523781	16.7044786606276
1563	mut_M3	mut	4.30680704116821	0.564063206315041	7.63532702177843
1564	ctrl_M1	ctrl	3.77040529251099	0.448583677411079	8.40513260373451
1564	ctrl_M2	ctrl	0.968657195568085	0.635229364037514	1.52489360600604
1564	ctrl_M3	ctrl	3.3974986076355	0.517365291714668	6.56692410960813
1564	mut_M1	mut	3.73221659660339	0.786713540554047	4.74406045429822
1564	mut_M2	mut	1.76753222942352	1.53537167608738	1.15120804750532
1564	mut_M3	mut	3.1897611618042	1.21681924164295	2.62139276947772
1565	ctrl_M1	ctrl	4.33188152313232	0.889143109321594	4.87197333895721
1565	ctrl_M2	ctrl	5.2907338142395	1.99480317533016	2.65225856849953
1565	ctrl_M3	ctrl	1.68759047985077	0.832665666937828	2.02673239315483
1565	mut_M1	mut	2.8424379825592	1.5279226899147	1.86032840622184
1565	mut_M2	mut	9.12860679626465	2.26702809333801	4.02668446107499
1565	mut_M3	mut	4.31457233428955	1.14372202754021	3.77239594096903
1566	ctrl_M1	ctrl	8.29619693756104	0.889822915196419	9.32342469032699
1566	ctrl_M2	ctrl	2.8923921585083	1.37332583963871	2.10612228724191
1566	ctrl_M3	ctrl	8.14191722869873	0.417436987161636	19.5045419526902
1566	mut_M1	mut	3.37645888328552	1.64156439900398	2.0568543551104
1566	mut_M2	mut	11.3981456756592	1.422328338027	8.01372325286737
1566	mut_M3	mut	14.2290658950806	1.42072196304798	10.0153768753978
1567	ctrl_M1	ctrl	7.01067018508911	1.28333730995655	5.46284295695141
1567	ctrl_M2	ctrl	12.8245220184326	1.58200873434544	8.1064799074822
1567	ctrl_M3	ctrl	6.10983753204346	1.20606088638306	5.06594451492967
1567	mut_M1	mut	10.9594383239746	1.71305987238884	6.39758043523127
1567	mut_M2	mut	14.1416711807251	0.754460841417313	18.7440757749055
1567	mut_M3	mut	18.9432315826416	1.02901491522789	18.4090933010882
1568	ctrl_M1	ctrl	2.0591516494751	0.323708534240723	6.36112870581234
1568	ctrl_M2	ctrl	2.68066477775574	0.522543966770172	5.13002722876094
1568	ctrl_M3	ctrl	1.47279238700867	2.08164098858833	0.70751507828804
1568	mut_M1	mut	3.95104193687439	1.03425894677639	3.82016703765447
1568	mut_M2	mut	2.91471910476685	1.62308867275715	1.79578550062554
1568	mut_M3	mut	2.02716422080994	1.2350776642561	1.64132530243021
1569	ctrl_M1	ctrl	6.39462614059448	0	NA
1569	ctrl_M2	ctrl	1.61518037319183	2.37344044446945	0.680522815289298
1569	ctrl_M3	ctrl	7.97482061386108	0.849943935871124	9.38276076490567
1569	mut_M1	mut	0	14.7981888651848	0
1569	mut_M2	mut	6.09458351135254	0.546059101819992	11.1610327362726
1569	mut_M3	mut	3.63594269752502	18.5204699635506	0.196320217828208
1570	ctrl_M1	ctrl	3.74169707298279	0.249777138233185	14.9801422958479
1570	ctrl_M2	ctrl	0	0.503966569900513	0
1570	ctrl_M3	ctrl	1.2989913225174	0.686274468898773	1.8928160399174
1570	mut_M1	mut	4.42145347595215	0.530412063002586	8.33588408778438
1570	mut_M2	mut	1.11650896072388	1.04127991199493	1.07224671086261
1570	mut_M3	mut	2.24659872055054	0.582648500800133	3.85583884188384
1571	ctrl_M1	ctrl	1.69226491451263	0.529784500598907	3.19425145997962
1571	ctrl_M2	ctrl	5.07913684844971	0	NA
1571	ctrl_M3	ctrl	0	0	NA
1571	mut_M1	mut	5.12346220016479	0	NA
1571	mut_M2	mut	0	0.49990639090538	0
1571	mut_M3	mut	3.23762917518616	0	NA
1572	ctrl_M1	ctrl	4.69162893295288	1.10593593120575	4.24222488895701
1572	ctrl_M2	ctrl	8.30720329284668	1.77349410951138	4.68408846034196
1572	ctrl_M3	ctrl	8.13467979431152	1.19333207607269	6.8167779593113
1572	mut_M1	mut	4.78774881362915	2.90003317594528	1.65092898017229
1572	mut_M2	mut	10.5867710113525	1.94200579822063	5.45146210225154
1572	mut_M3	mut	9.15318202972412	1.19139947742224	7.6827144909685
1573	ctrl_M1	ctrl	3.04890704154968	15.7995676994324	0.192974080022406
1573	ctrl_M2	ctrl	9.53167915344238	11.1743764132261	0.852994279140317
1573	ctrl_M3	ctrl	6.86826467514038	14.9127216637135	0.460564129742504
1573	mut_M1	mut	6.53835964202881	13.1956495940685	0.495493578805534
1573	mut_M2	mut	4.75689029693604	15.1687862724066	0.313597291932925
1573	mut_M3	mut	6.97641563415527	15.9197500795126	0.438223941915605
1574	ctrl_M1	ctrl	2.1552619934082	0.696381226181984	3.09494557345372
1574	ctrl_M2	ctrl	5.95488548278809	1.29138819873333	4.61122804794793
1574	ctrl_M3	ctrl	1.92568027973175	0.900267191231251	2.13900972787656
1574	mut_M1	mut	3.40478992462158	0.658349588513374	5.17170510018844
1574	mut_M2	mut	3.58493065834045	0.789068520069122	4.54324379589546
1574	mut_M3	mut	5.45318412780762	0.938453398644924	5.8108203728408
1575	ctrl_M1	ctrl	6.32175588607788	2.55674165487289	2.47258297451729
1575	ctrl_M2	ctrl	5.16774940490723	2.55329990386963	2.02394924194972
1575	ctrl_M3	ctrl	5.54975271224976	3.45782275497913	1.60498472753073
1575	mut_M1	mut	6.5803484916687	2.34587986767292	2.80506627059139
1575	mut_M2	mut	5.39411067962646	3.60829403996468	1.49491993165814
1575	mut_M3	mut	6.04911756515503	3.25249770283699	1.85983761337593
1576	ctrl_M1	ctrl	2.19673156738281	1.76336933672428	1.24575806192908
1576	ctrl_M2	ctrl	1.88347172737122	0.643262654542923	2.9279979399854
1576	ctrl_M3	ctrl	2.31355404853821	1.82564018666744	1.26725631120194
1576	mut_M1	mut	5.24468994140625	1.02533152699471	5.11511623638325
1576	mut_M2	mut	5.57592153549194	1.17557588219643	4.74314046412213
1576	mut_M3	mut	2.90858602523804	2.05093562602997	1.41817519200651
1577	ctrl_M1	ctrl	2.14219045639038	1.39137160778046	1.53962496029917
1577	ctrl_M2	ctrl	3.52468681335449	0.615838430821896	5.72339535330794
1577	ctrl_M3	ctrl	1.51398479938507	1.2756821513176	1.186804093654
1577	mut_M1	mut	4.50724077224731	1.63892370462418	2.75012238796124
1577	mut_M2	mut	3.52958130836487	2.37071669101715	1.48882459120432
1577	mut_M3	mut	0.634533524513245	1.82684920728207	0.347337657636935
1578	ctrl_M1	ctrl	3.73566031455994	1.20509546995163	3.09988744270185
1578	ctrl_M2	ctrl	2.93976807594299	1.6192811280489	1.81547726643685
1578	ctrl_M3	ctrl	1.80411791801453	1.32590463757515	1.36066943797251
1578	mut_M1	mut	3.48666167259216	1.65744936466217	2.103630884255
1578	mut_M2	mut	3.52686905860901	1.48845347762108	2.36948558462561
1578	mut_M3	mut	3.57845568656921	1.75705964118242	2.03661594785768
1579	ctrl_M1	ctrl	1.83697128295898	0.381385087966919	4.81657867839427
1579	ctrl_M2	ctrl	3.6877293586731	0.852907821536064	4.32371384756631
1579	ctrl_M3	ctrl	3.23994159698486	0.698096625506878	4.64110766132466
1579	mut_M1	mut	2.58666610717773	0.680381804704666	3.80178612845258
1579	mut_M2	mut	1.87198853492737	1.00746829807758	1.85811160361019
1579	mut_M3	mut	2.86532688140869	0.756166651844978	3.78927961768421
1580	ctrl_M1	ctrl	1.69107103347778	1.0415194183588	1.62365770975497
1580	ctrl_M2	ctrl	3.2949583530426	1.25631865859032	2.62270907982835
1580	ctrl_M3	ctrl	3.81032872200012	1.4410135447979	2.64420049051969
1580	mut_M1	mut	4.46623182296753	1.61863559484482	2.75925714051514
1580	mut_M2	mut	5.41361904144287	0.673882260918617	8.03347907401981
1580	mut_M3	mut	4.93730449676514	1.10662245750427	4.46159795807874
1581	ctrl_M1	ctrl	0.527009785175323	0.955025508999825	0.551827967116028
1581	ctrl_M2	ctrl	2.75985741615295	0.766208216547966	3.60196792013935
1581	ctrl_M3	ctrl	3.55243682861328	0.610770344734192	5.81632173081243
1581	mut_M1	mut	5.2988133430481	0.508280798792839	10.424972486926
1581	mut_M2	mut	4.56676149368286	0.869078986346722	5.25471397355929
1581	mut_M3	mut	5.19104290008545	0.930343627929688	5.57970490069049
1582	ctrl_M1	ctrl	2.68508052825928	0	NA
1582	ctrl_M2	ctrl	4.51582098007202	0.260542720556259	17.3323628863272
1582	ctrl_M3	ctrl	4.33566474914551	0	NA
1582	mut_M1	mut	4.1002311706543	0.704386204481125	5.82099868590508
1582	mut_M2	mut	3.20749306678772	0	NA
1582	mut_M3	mut	2.06189370155334	0	NA
1583	ctrl_M1	ctrl	3.77959275245667	0.296166837215424	12.7617014382589
1583	ctrl_M2	ctrl	2.249666929245	0.415769785642624	5.41084755778454
1583	ctrl_M3	ctrl	2.22343420982361	0.181916832923889	12.2222565888328
1583	mut_M1	mut	4.92550706863403	0.521174050867558	9.45079107533257
1583	mut_M2	mut	2.70737528800964	0.563514441251755	4.80444703776474
1583	mut_M3	mut	2.88272523880005	0.416847482323647	6.91553952234707
1584	ctrl_M1	ctrl	0.571785688400269	0.308974474668503	1.85059199150265
1584	ctrl_M2	ctrl	1.35250210762024	0.172395780682564	7.84533184202827
1584	ctrl_M3	ctrl	1.18444657325745	0.512736916542053	2.3100473850127
1584	mut_M1	mut	4.46733093261719	0.509525820612907	8.76762423392684
1584	mut_M2	mut	1.14459359645844	0.721390090882778	1.58665001214222
1584	mut_M3	mut	6.07655811309814	0	NA
1585	ctrl_M1	ctrl	1.76303255558014	0.368999540805817	4.77787195000311
1585	ctrl_M2	ctrl	4.31509733200073	0.645228073000908	6.68770859880838
1585	ctrl_M3	ctrl	1.63095986843109	0.969238966703415	1.68272214021515
1585	mut_M1	mut	3.18206357955933	0.198442906141281	16.0351591368747
1585	mut_M2	mut	5.14339971542358	0.388871729373932	13.2264685933952
1585	mut_M3	mut	4.56325626373291	1.30359023809433	3.50052963759821
1586	ctrl_M1	ctrl	1.51867592334747	0.265125393867493	5.72814207343146
1586	ctrl_M2	ctrl	1.62647187709808	0.928913988173008	1.75093915885262
1586	ctrl_M3	ctrl	0.991419017314911	0.796725243330002	1.24436752269975
1586	mut_M1	mut	1.67938911914825	1.02139161527157	1.64421666874731
1586	mut_M2	mut	2.60662579536438	0.682627812027931	3.81851683953616
1586	mut_M3	mut	3.03812742233276	0.397437512874603	7.64428953965232
1587	ctrl_M1	ctrl	0.455157071352005	0.385222196578979	1.18154425003048
1587	ctrl_M2	ctrl	0.498072981834412	0.473007693886757	1.05299129014518
1587	ctrl_M3	ctrl	1.23922288417816	0.427565224468708	2.89832477774126
1587	mut_M1	mut	0.407183766365051	0.252500139176846	1.61260808684097
1587	mut_M2	mut	0	0.190887853503227	0
1587	mut_M3	mut	0.483761072158813	0.110950164496899	4.3601654342057
1588	ctrl_M1	ctrl	1.13895964622498	2.5922349691391	0.439373613806017
1588	ctrl_M2	ctrl	4.3940486907959	3.55563110113144	1.23579993700631
1588	ctrl_M3	ctrl	3.21527361869812	0.878569483757019	3.6596691304923
1588	mut_M1	mut	4.16173553466797	1.25897961854935	3.30564170646647
1588	mut_M2	mut	5.41282224655151	0.860307961702347	6.29172632070127
1588	mut_M3	mut	4.83012962341309	0.742138117551804	6.50839716917778
1589	ctrl_M1	ctrl	5.90185832977295	0.40891569852829	14.4329463285808
1589	ctrl_M2	ctrl	7.44431591033936	1.49823828041553	4.96871292614061
1589	ctrl_M3	ctrl	2.93580198287964	1.06893441081047	2.74647532457459
1589	mut_M1	mut	11.8789958953857	2.06780180335045	5.74474588238499
1589	mut_M2	mut	2.83364868164062	1.44074523448944	1.96679372161504
1589	mut_M3	mut	5.92547416687012	0.941629409790039	6.29278791131997
1590	ctrl_M1	ctrl	1.82322514057159	0.810198441147804	2.25034392560499
1590	ctrl_M2	ctrl	0.91569858789444	1.90051966905594	0.481814844015428
1590	ctrl_M3	ctrl	4.67710208892822	1.60145452618599	2.9205338100153
1590	mut_M1	mut	4.43170261383057	0.594802767038345	7.45070947786103
1590	mut_M2	mut	3.46017575263977	1.3300799280405	2.60147956501934
1590	mut_M3	mut	3.12183046340942	0.354390650987625	8.80900908280008
1591	ctrl_M1	ctrl	2.3860867023468	0.966763913631439	2.4681172607943
1591	ctrl_M2	ctrl	2.19132661819458	1.88829317688942	1.16048008064317
1591	ctrl_M3	ctrl	0.897378504276276	0.878815412521362	1.02112285639331
1591	mut_M1	mut	4.73038196563721	1.42141366004944	3.3279418219976
1591	mut_M2	mut	4.29188013076782	0.76428185403347	5.61557245945011
1591	mut_M3	mut	4.90447473526001	1.17423228919506	4.17675001819447
1592	ctrl_M1	ctrl	0.830062031745911	0.337630659341812	2.45849127968431
1592	ctrl_M2	ctrl	0.891812741756439	1.05896517634392	0.842154927922585
1592	ctrl_M3	ctrl	4.1122031211853	2.54441028833389	1.61617139344222
1592	mut_M1	mut	4.62240839004517	1.44254925847054	3.20433313656553
1592	mut_M2	mut	4.89813375473022	1.02816992998123	4.76393406566523
1592	mut_M3	mut	4.45660209655762	1.40038737654686	3.18240664775693
1593	ctrl_M1	ctrl	3.20431137084961	1.28900197148323	2.48588554691074
1593	ctrl_M2	ctrl	2.0145206451416	0.614806592464447	3.27667378624945
1593	ctrl_M3	ctrl	4.61721754074097	2.03619819879532	2.26756783473861
1593	mut_M1	mut	13.5351448059082	1.55361863970757	8.71201236904309
1593	mut_M2	mut	2.595534324646	1.27151063084602	2.04129974353341
1593	mut_M3	mut	8.3281717300415	0.937050864100456	8.88764105461482
1594	ctrl_M1	ctrl	1.1640419960022	1.10994455218315	1.04873887052524
1594	ctrl_M2	ctrl	4.70902919769287	2.71454337239265	1.73474082071573
1594	ctrl_M3	ctrl	8.23706817626953	1.87503147125244	4.39302929180571
1594	mut_M1	mut	2.08605694770813	1.47042512893677	1.41867607310038
1594	mut_M2	mut	3.53466129302979	2.62027472257614	1.34896591665574
1594	mut_M3	mut	4.71322536468506	1.67293834686279	2.81733356971799
1595	ctrl_M1	ctrl	1.40419912338257	0.591112315654755	2.37551999204616
1595	ctrl_M2	ctrl	2.49932408332825	0.72165447473526	3.46332513803802
1595	ctrl_M3	ctrl	1.44667160511017	0.518494248390198	2.79014012132582
1595	mut_M1	mut	5.53375482559204	0.996420919895172	5.55363171838485
1595	mut_M2	mut	1.35759377479553	1.0542140007019	1.28777816827668
1595	mut_M3	mut	1.94713521003723	0.798008292913437	2.43999370348454
1596	ctrl_M1	ctrl	1.07873630523682	0.709352374076843	1.52073404510797
1596	ctrl_M2	ctrl	0.534502387046814	0.32309964299202	1.65429581443399
1596	ctrl_M3	ctrl	1.10008800029755	0.343480706214905	3.20276504733066
1596	mut_M1	mut	1.74707460403442	1.17293471097946	1.4894900693795
1596	mut_M2	mut	1.58069968223572	0.693883836269379	2.27804655421035
1596	mut_M3	mut	1.06780350208282	0.855499267578125	1.2481641335658
1597	ctrl_M1	ctrl	1.58772933483124	0.692815482616425	2.2917059082386
1597	ctrl_M2	ctrl	0	1.01619990170002	0
1597	ctrl_M3	ctrl	1.90195691585541	0.915143072605133	2.07831646525075
1597	mut_M1	mut	0	1.39344364404678	0
1597	mut_M2	mut	3.1083505153656	0.39714726805687	7.82669494511165
1597	mut_M3	mut	5.08254766464233	1.27244181931019	3.99432617469117
1598	ctrl_M1	ctrl	0.723505795001984	1.23760065436363	0.584603597655664
1598	ctrl_M2	ctrl	4.67187023162842	2.41662064194679	1.93322449975633
1598	ctrl_M3	ctrl	2.63171601295471	2.77122175693512	0.949659119256231
1598	mut_M1	mut	8.458420753479	1.59199438989162	5.31309708575971
1598	mut_M2	mut	6.02079248428345	3.17916876077652	1.89382600841009
1598	mut_M3	mut	4.53977727890015	0.796162068843842	5.70207682148517
1599	ctrl_M1	ctrl	0.800107359886169	1.7842036485672	0.448439481966475
1599	ctrl_M2	ctrl	5.74707746505737	0.754093810915947	7.62117044572582
1599	ctrl_M3	ctrl	0	2.17939586937428	0
1599	mut_M1	mut	3.64471125602722	1.26239988207817	2.8871289579236
1599	mut_M2	mut	6.84890651702881	1.32876497507095	5.1543400417091
1599	mut_M3	mut	2.77465605735779	0.974257200956345	2.84797079727422
1600	ctrl_M1	ctrl	0	0.693453580141068	0
1600	ctrl_M2	ctrl	1.32252025604248	0.560536921024323	2.35938116908644
1600	ctrl_M3	ctrl	3.03430032730103	0.724937200546265	4.18560438754499
1600	mut_M1	mut	2.90037727355957	1.25755974650383	2.30635346083792
1600	mut_M2	mut	8.15885162353516	0.942211627960205	8.65925592660989
1600	mut_M3	mut	2.81302905082703	0	NA
1601	ctrl_M1	ctrl	0	0	NA
1601	ctrl_M2	ctrl	0	0	NA
1601	ctrl_M3	ctrl	0	0.411271214485168	0
1601	mut_M1	mut	0.982912719249725	0.3821060359478	2.57235590851541
1601	mut_M2	mut	0	0	NA
1601	mut_M3	mut	0	0	NA
1602	ctrl_M1	ctrl	0	0.540217339992523	0
1602	ctrl_M2	ctrl	3.69059419631958	0	NA
1602	ctrl_M3	ctrl	0	2.13207930326462	0
1602	mut_M1	mut	1.07256877422333	0.496146231889725	2.16179969791995
1602	mut_M2	mut	3.40364217758179	1.79817390441895	1.89283259489945
1602	mut_M3	mut	3.39420461654663	1.09915594756603	3.08801005358953
1603	ctrl_M1	ctrl	0	0.817614763975143	0
1603	ctrl_M2	ctrl	3.94754242897034	0.321094036102295	12.2940384595394
1603	ctrl_M3	ctrl	0	1.02054303884506	0
1603	mut_M1	mut	0	1.4216151535511	0
1603	mut_M2	mut	0	0.619537979364395	0
1603	mut_M3	mut	0	0.361737221479416	0
1604	ctrl_M1	ctrl	2.30524563789368	0.848008841276169	2.71842170233097
1604	ctrl_M2	ctrl	5.39195537567139	2.24814148247242	2.39840571321228
1604	ctrl_M3	ctrl	4.55931234359741	0.577106937766075	7.90029030190846
1604	mut_M1	mut	4.75896692276001	1.02262742817402	4.6536664200935
1604	mut_M2	mut	3.90697503089905	2.38815721869469	1.63597898844973
1604	mut_M3	mut	4.16043853759766	1.09364193677902	3.8042053780883
1605	ctrl_M1	ctrl	1.45153045654297	0.417785227298737	3.47434605557524
1605	ctrl_M2	ctrl	1.60319018363953	0.615742221474648	2.60367102941232
1605	ctrl_M3	ctrl	5.04790925979614	0.634912371635437	7.95056055813419
1605	mut_M1	mut	0.82116687297821	0.339774772524834	2.41679765356385
1605	mut_M2	mut	2.55046153068542	0.283589541912079	8.99349642264362
1605	mut_M3	mut	0.897628784179688	0.195306703448296	4.59599577654702
1606	ctrl_M1	ctrl	0.49622654914856	0.280399844050407	1.76971050333164
1606	ctrl_M2	ctrl	1.46840763092041	0.314163893461227	4.67401780243608
1606	ctrl_M3	ctrl	0.940088450908661	0	NA
1606	mut_M1	mut	2.85243010520935	0.284615814685822	10.0220365771244
1606	mut_M2	mut	1.3174889087677	0.271411508321762	4.85421166152542
1606	mut_M3	mut	1.51028728485107	0	NA
1607	ctrl_M1	ctrl	0.905138909816742	1.18152809143066	0.766074811408628
1607	ctrl_M2	ctrl	2.3689432144165	0.368362352252007	6.43101337564444
1607	ctrl_M3	ctrl	3.57305192947388	1.2578441798687	2.8406157031683
1607	mut_M1	mut	0.928952515125275	0.339047580957413	2.73988834399606
1607	mut_M2	mut	0.804881751537323	0.149484559893608	5.38438051468444
1607	mut_M3	mut	2.721604347229	0.153117522597313	17.7746106458802
1608	ctrl_M1	ctrl	1.47067189216614	0	NA
1608	ctrl_M2	ctrl	1.84488379955292	0.974056839942932	1.89402068123766
1608	ctrl_M3	ctrl	1.34374952316284	0.43435637652874	3.09365672009176
1608	mut_M1	mut	3.3764591217041	1.08114069700241	3.12305246769984
1608	mut_M2	mut	0.641474902629852	0.885379374027252	0.724519817659664
1608	mut_M3	mut	2.03020715713501	0	NA
1609	ctrl_M1	ctrl	0.775130033493042	0.165429055690765	4.6855737056372
1609	ctrl_M2	ctrl	1.87153446674347	0.163598537445068	11.4397994992582
1609	ctrl_M3	ctrl	1.66080272197723	0.673909202218056	2.46443098938401
1609	mut_M1	mut	0.935010850429535	0.35109356045723	2.66313870642307
1609	mut_M2	mut	0	0	NA
1609	mut_M3	mut	0.878058075904846	0.323660165071487	2.71290127937402
1610	ctrl_M1	ctrl	0.665215969085693	0	NA
1610	ctrl_M2	ctrl	0.650621175765991	0.363131165504456	1.79169742939073
1610	ctrl_M3	ctrl	3.31480717658997	0.173642307519913	19.0898590552872
1610	mut_M1	mut	0.693911910057068	0.464392691850662	1.49423520704373
1610	mut_M2	mut	0.669948279857635	0.421531945466995	1.58931793203818
1610	mut_M3	mut	0.703188955783844	0.199890807271004	3.51786540553858
1611	ctrl_M1	ctrl	1.75221264362335	1.60433068871498	1.09217672886805
1611	ctrl_M2	ctrl	4.52550649642944	1.47224649786949	3.07387825542691
1611	ctrl_M3	ctrl	2.72405481338501	1.750762373209	1.55592492451848
1611	mut_M1	mut	6.71309852600098	0.686360642313957	9.78071601449759
1611	mut_M2	mut	7.25514125823975	1.33080843091011	5.45167966307376
1611	mut_M3	mut	4.40280771255493	1.67932584881783	2.62177094198504
1612	ctrl_M1	ctrl	3.54426956176758	1.440523609519	2.46040366041
1612	ctrl_M2	ctrl	4.94028043746948	1.86419516801834	2.65008756713014
1612	ctrl_M3	ctrl	3.9579918384552	0.970141932368279	4.07980699153276
1612	mut_M1	mut	11.1731700897217	1.70212076604366	6.56426401264824
1612	mut_M2	mut	6.4464111328125	1.06408067047596	6.05819775856754
1612	mut_M3	mut	9.94128704071045	1.45590594410896	6.82824813026962
1613	ctrl_M1	ctrl	3.23289370536804	0.442560523748398	7.30497532402142
1613	ctrl_M2	ctrl	1.77844142913818	1.33795423805714	1.32922440734646
1613	ctrl_M3	ctrl	0.806545317173004	0.379501074552536	2.12527808550737
1613	mut_M1	mut	3.15012669563293	0.82200226187706	3.83226037412543
1613	mut_M2	mut	1.68019163608551	2.41420096158981	0.695961795566124
1613	mut_M3	mut	3.17509913444519	0.856869235634804	3.70546520099178
1614	ctrl_M1	ctrl	0.50651741027832	0.963390305638313	0.525765525471753
1614	ctrl_M2	ctrl	2.27848720550537	0.87868720293045	2.59305836924282
1614	ctrl_M3	ctrl	1.45611345767975	0.595690369606018	2.44441329250094
1614	mut_M1	mut	0.554773211479187	1.42054370045662	0.390535828852615
1614	mut_M2	mut	4.32416772842407	1.37639677524567	3.14165784619211
1614	mut_M3	mut	0.987717866897583	0.500551603734493	1.97325881992678
1615	ctrl_M1	ctrl	1.55608355998993	0.301989406347275	5.1527753202061
1615	ctrl_M2	ctrl	2.96204113960266	0.783953353762627	3.77833850111896
1615	ctrl_M3	ctrl	1.47942113876343	0	NA
1615	mut_M1	mut	5.92299461364746	1.06959594786167	5.53760008673244
1615	mut_M2	mut	2.80652642250061	0.462688840925694	6.06568858865418
1615	mut_M3	mut	2.07620334625244	0.896135225892067	2.31684157286158
1616	ctrl_M1	ctrl	3.02382254600525	0.714734047651291	4.2306960972993
1616	ctrl_M2	ctrl	2.08128356933594	1.277184471488	1.62958728030189
1616	ctrl_M3	ctrl	1.54363763332367	0.837838619947433	1.8424044876572
1616	mut_M1	mut	3.3989360332489	1.69362273812294	2.00690269251816
1616	mut_M2	mut	1.93430089950562	0.625446185469627	3.09267358958023
1616	mut_M3	mut	1.46578633785248	1.67290779948235	0.876190749009624
1617	ctrl_M1	ctrl	4.46869087219238	0.837871789932251	5.33338265578044
1617	ctrl_M2	ctrl	2.74172329902649	0.684333980083466	4.00641116592236
1617	ctrl_M3	ctrl	3.96749019622803	0.647074103355408	6.13143096850048
1617	mut_M1	mut	5.72312355041504	0.778967827558517	7.34706023527667
1617	mut_M2	mut	5.97630786895752	2.26831370592117	2.63469195347939
1617	mut_M3	mut	3.73065757751465	0.867136418819427	4.30227297175892
1618	ctrl_M1	ctrl	1.65678989887238	0.755816236138344	2.19205386131599
1618	ctrl_M2	ctrl	3.06075119972229	0.634290054440498	4.82547562947704
1618	ctrl_M3	ctrl	0	0.291377887129784	0
1618	mut_M1	mut	2.48090124130249	0.178167968988419	13.9245076171001
1618	mut_M2	mut	2.59850120544434	1.13741725683212	2.28456284607599
1618	mut_M3	mut	1.43068718910217	0.86485692858696	1.65424724230364
1619	ctrl_M1	ctrl	2.88261103630066	2.10383371263742	1.37017056955844
1619	ctrl_M2	ctrl	4.85657644271851	2.77894985675812	1.74763010959259
1619	ctrl_M3	ctrl	4.36625862121582	3.44944732636213	1.26578498179898
1619	mut_M1	mut	5.69157361984253	2.98589849472046	1.90615107308776
1619	mut_M2	mut	3.82565331459045	2.41970044374466	1.58104418440738
1619	mut_M3	mut	4.29089879989624	2.89935021102428	1.47995188148739
1620	ctrl_M1	ctrl	1.23639011383057	0.408942967653275	3.0233803039226
1620	ctrl_M2	ctrl	4.22523880004883	1.69379264116287	2.49454313200227
1620	ctrl_M3	ctrl	2.1399450302124	1.37998336553574	1.55070349661906
1620	mut_M1	mut	4.1632251739502	2.09562957286835	1.98662264927473
1620	mut_M2	mut	6.62989473342896	1.30949568748474	5.06293743216792
1620	mut_M3	mut	3.3240818977356	1.26869152486324	2.62008678436936
1621	ctrl_M1	ctrl	1.74539470672607	1.14048561453819	1.53039607381003
1621	ctrl_M2	ctrl	0.538785517215729	1.16247953474522	0.463479571994199
1621	ctrl_M3	ctrl	1.14918208122253	1.76115304231644	0.652516875938857
1621	mut_M1	mut	1.18634295463562	1.26689454913139	0.9364180747711
1621	mut_M2	mut	2.47055602073669	0.129166081547737	19.1269719661166
1621	mut_M3	mut	3.51851391792297	0.87686350941658	4.01261300092646
1622	ctrl_M1	ctrl	1.92108309268951	0	NA
1622	ctrl_M2	ctrl	0.960204184055328	0	NA
1622	ctrl_M3	ctrl	5.47673559188843	2.12108898162842	2.58203952749016
1622	mut_M1	mut	1.72393035888672	0.714465200901031	2.41289618684384
1622	mut_M2	mut	2.71490669250488	0.360997766256332	7.52056368841108
1622	mut_M3	mut	3.51900458335876	1.09030336141586	3.22754630306652
1623	ctrl_M1	ctrl	2.09174871444702	0.784861832857132	2.66511712874664
1623	ctrl_M2	ctrl	2.32567048072815	1.25346638262272	1.85539118796467
1623	ctrl_M3	ctrl	0	2.69835713505745	0
1623	mut_M1	mut	2.08122515678406	1.77833452820778	1.17032263827298
1623	mut_M2	mut	4.13724040985107	0.848491191864014	4.87599688661723
1623	mut_M3	mut	0	0.259697526693344	0
1624	ctrl_M1	ctrl	2.47134184837341	0.22803807258606	10.8374089481955
1624	ctrl_M2	ctrl	1.92373883724213	1.20154896378517	1.60104905852682
1624	ctrl_M3	ctrl	1.8191614151001	0.816676840186119	2.22751684091533
1624	mut_M1	mut	1.62381327152252	0.801157295703888	2.02683453078444
1624	mut_M2	mut	2.82220768928528	0	NA
1624	mut_M3	mut	4.04961013793945	0.672345489263535	6.0231089560447
1625	ctrl_M1	ctrl	0	0.172876611351967	0
1625	ctrl_M2	ctrl	0	0	NA
1625	ctrl_M3	ctrl	0.744201362133026	0.232256352901459	3.20422392255843
1625	mut_M1	mut	0.762286186218262	0	NA
1625	mut_M2	mut	0.761547684669495	0.867472887039185	0.877892203949764
1625	mut_M3	mut	0	0.681927502155304	0
1626	ctrl_M1	ctrl	0.984754621982574	0.882643342018127	1.11568804193433
1626	ctrl_M2	ctrl	0.915120720863342	2.12635152041912	0.430371324814142
1626	ctrl_M3	ctrl	4.78864336013794	1.43204942345619	3.34390928253073
1626	mut_M1	mut	4.6529016494751	1.1208444237709	4.15124664118963
1626	mut_M2	mut	0.972239971160889	1.54512628912926	0.62923010112577
1626	mut_M3	mut	1.82891428470612	1.54861395806074	1.18100077503911
1627	ctrl_M1	ctrl	1.03502821922302	0.643236353993416	1.60909471735737
1627	ctrl_M2	ctrl	1.7047301530838	1.03300176560879	1.6502683827255
1627	ctrl_M3	ctrl	3.8773627281189	1.12062367796898	3.46000428542277
1627	mut_M1	mut	0.461166352033615	0.293754369020462	1.569904657321
1627	mut_M2	mut	1.96188127994537	0.631164342164993	3.1083525302076
1627	mut_M3	mut	2.41853904724121	0.836798533797264	2.89022859094441
1628	ctrl_M1	ctrl	0	0.495451331138611	0
1628	ctrl_M2	ctrl	1.42572796344757	0.3870669901371	3.68341398201529
1628	ctrl_M3	ctrl	3.03041982650757	0.279750272631645	10.8325893590739
1628	mut_M1	mut	2.17106223106384	0.323332741856575	6.7146377400495
1628	mut_M2	mut	2.71579670906067	0.799366891384125	3.39743456769669
1628	mut_M3	mut	1.23062694072723	0.822688162326813	1.49586076119856
1629	ctrl_M1	ctrl	0.449267208576202	0.544603571295738	0.824943559417526
1629	ctrl_M2	ctrl	1.69616627693176	0.205245226621628	8.26409610031354
1629	ctrl_M3	ctrl	0.397528976202011	0.213345743715763	1.86330868044704
1629	mut_M1	mut	0	0.535781055688858	0
1629	mut_M2	mut	0	0.786791369318962	0
1629	mut_M3	mut	1.3836065530777	0.223942741751671	6.17839427281806
1630	ctrl_M1	ctrl	1.24817585945129	0	NA
1630	ctrl_M2	ctrl	0.650347054004669	0.18688003718853	3.48002421119266
1630	ctrl_M3	ctrl	0	0.258594512939453	0
1630	mut_M1	mut	0	0	NA
1630	mut_M2	mut	0	0.325072526931763	0
1630	mut_M3	mut	0.685064077377319	0	NA
1631	ctrl_M1	ctrl	1.52104949951172	0.611894488334656	2.48580356337485
1631	ctrl_M2	ctrl	3.88306021690369	1.22419628500938	3.17192615633033
1631	ctrl_M3	ctrl	3.06267070770264	0.789758935570717	3.87798171031697
1631	mut_M1	mut	2.92408037185669	2.37476508319378	1.23131352762023
1631	mut_M2	mut	4.37340450286865	1.65636086463928	2.64036937616314
1631	mut_M3	mut	2.78211832046509	1.14090977609158	2.43850861721583
1632	ctrl_M1	ctrl	0	0.767125338315964	0
1632	ctrl_M2	ctrl	1.60987019538879	0	NA
1632	ctrl_M3	ctrl	3.6226167678833	0.765658020973206	4.73137702296738
1632	mut_M1	mut	0.849949061870575	1.64603859186172	0.516360349066454
1632	mut_M2	mut	2.73864269256592	0.713206648826599	3.83990067545172
1632	mut_M3	mut	1.81968152523041	1.71435442566872	1.061438345528
1633	ctrl_M1	ctrl	0	0.561180874705315	0
1633	ctrl_M2	ctrl	1.11109018325806	0.541857555508614	2.05052079086566
1633	ctrl_M3	ctrl	3.12605214118958	0.338551729917526	9.23360262241491
1633	mut_M1	mut	1.09691107273102	0.800570711493492	1.37016138235271
1633	mut_M2	mut	1.0805891752243	0.393848896026611	2.74366434976954
1633	mut_M3	mut	0	0.748337835073471	0
1634	ctrl_M1	ctrl	0	0.298846632242203	0
1634	ctrl_M2	ctrl	0	1.59258341789246	0
1634	ctrl_M3	ctrl	1.83292245864868	1.70097476243973	1.07757181301132
1634	mut_M1	mut	4.76579713821411	0.59542328119278	8.00404903326428
1634	mut_M2	mut	2.85889005661011	0.871694296598434	3.27969342895348
1634	mut_M3	mut	3.97541952133179	0.608778804540634	6.53015428868539
1635	ctrl_M1	ctrl	0	0.241659745573997	0
1635	ctrl_M2	ctrl	0	0.242346420884132	0
1635	ctrl_M3	ctrl	1.86038053035736	0.525891184806824	3.5375769438705
1635	mut_M1	mut	0.560225188732147	0.209462389349937	2.67458606994218
1635	mut_M2	mut	0	0.609879672527313	0
1635	mut_M3	mut	0.498726099729538	0.337832599878311	1.47625214354441
1636	ctrl_M1	ctrl	1.39133024215698	0.25060847401619	5.55180844390402
1636	ctrl_M2	ctrl	0.832536220550537	1.37533818185329	0.605332006000647
1636	ctrl_M3	ctrl	0.834842026233673	0.599862180650234	1.39172305433346
1636	mut_M1	mut	0.521876156330109	0.638250149786472	0.817667111405619
1636	mut_M2	mut	2.14799690246582	1.7949170768261	1.19671094013104
1636	mut_M3	mut	1.37929928302765	1.09886626899242	1.25520213145896
1637	ctrl_M1	ctrl	1.55365991592407	0	NA
1637	ctrl_M2	ctrl	3.90046763420105	1.04594361782074	3.72913756319658
1637	ctrl_M3	ctrl	2.56478595733643	1.98904782533646	1.289454142161
1637	mut_M1	mut	2.70633339881897	1.75891615450382	1.53863695656511
1637	mut_M2	mut	2.19785332679749	0	NA
1637	mut_M3	mut	1.00047075748444	3.02712608873844	0.330501845035924
1638	ctrl_M1	ctrl	4.10271263122559	0.84579274058342	4.85073048557448
1638	ctrl_M2	ctrl	3.59936928749084	0.909290730953217	3.95843613595137
1638	ctrl_M3	ctrl	1.90753436088562	1.37101012468338	1.39133499201995
1638	mut_M1	mut	6.1757984161377	0.494640588760376	12.4854258960328
1638	mut_M2	mut	5.70994234085083	3.03760427236557	1.87975187972861
1638	mut_M3	mut	5.63154220581055	1.13719046115875	4.95215392509732
1639	ctrl_M1	ctrl	8.20743179321289	5.31134909391403	1.54526310511529
1639	ctrl_M2	ctrl	9.29910659790039	3.89009565114975	2.39045705602431
1639	ctrl_M3	ctrl	9.50275897979736	5.25626170635223	1.80789304465438
1639	mut_M1	mut	12.6201210021973	3.4219599366188	3.6879803492577
1639	mut_M2	mut	10.2305850982666	4.4759938120842	2.2856566670504
1639	mut_M3	mut	13.2554779052734	2.32117560505867	5.71067431364737
1640	ctrl_M1	ctrl	0.693148791790009	0.257080852985382	2.69622876904575
1640	ctrl_M2	ctrl	0.664127171039581	0.373821467161179	1.77658917258819
1640	ctrl_M3	ctrl	0	0.602757394313812	0
1640	mut_M1	mut	1.17870950698853	1.08372381329536	1.08764750993552
1640	mut_M2	mut	1.2230259180069	0.608512878417969	2.00986036842237
1640	mut_M3	mut	2.14817690849304	0.38010261952877	5.65157091302404
1641	ctrl_M1	ctrl	2.7690703868866	1.27317580580711	2.17493167420911
1641	ctrl_M2	ctrl	5.73211479187012	1.37384176254272	4.17232533480497
1641	ctrl_M3	ctrl	6.86095952987671	1.04672653973103	6.554681924507
1641	mut_M1	mut	7.81850576400757	1.86142921447754	4.20027025642339
1641	mut_M2	mut	6.94841718673706	1.24664512276649	5.57369299397528
1641	mut_M3	mut	2.18338680267334	1.87797421216965	1.16262874565825
1642	ctrl_M1	ctrl	0.767627418041229	0.926174104213715	0.828815461962106
1642	ctrl_M2	ctrl	0.707375407218933	0.755350142717361	0.936486759205684
1642	ctrl_M3	ctrl	1.48477733135223	1.95098964869976	0.761038036435388
1642	mut_M1	mut	4.27454376220703	1.68805441260338	2.53223102898364
1642	mut_M2	mut	4.22945308685303	0.685890510678291	6.16636769427009
1642	mut_M3	mut	3.60826325416565	1.33624945580959	2.70029165473412
1643	ctrl_M1	ctrl	0	1.09443095326424	0
1643	ctrl_M2	ctrl	2.44139361381531	0.90940660238266	2.68460071371685
1643	ctrl_M3	ctrl	2.53395581245422	0.96542701125145	2.62469951940701
1643	mut_M1	mut	1.45707654953003	1.44663548469543	1.00721748149071
1643	mut_M2	mut	0.702833533287048	1.1579115986824	0.606983757729699
1643	mut_M3	mut	6.25803518295288	0.770396485924721	8.12313568050774
1644	ctrl_M1	ctrl	3.21628308296204	0.812640249729156	3.95781907681042
1644	ctrl_M2	ctrl	0	0.711604952812195	0
1644	ctrl_M3	ctrl	3.53081107139587	1.92847499251366	1.83088247713996
1644	mut_M1	mut	4.24750328063965	0.812915295362473	5.22502566364644
1644	mut_M2	mut	3.44660019874573	0.301455318927765	11.4332041345457
1644	mut_M3	mut	3.49388313293457	1.37630009651184	2.53860560047161
1645	ctrl_M1	ctrl	0.903569161891937	0.589666366577148	1.5323396637609
1645	ctrl_M2	ctrl	0	0.280914962291718	0
1645	ctrl_M3	ctrl	1.06220376491547	0.724682956933975	1.46574961471357
1645	mut_M1	mut	3.61467885971069	0.450880602002144	8.01693140858055
1645	mut_M2	mut	1.04040718078613	0	NA
1645	mut_M3	mut	1.01063442230225	0.304281949996948	3.32137487061714
1646	ctrl_M1	ctrl	1.46030831336975	0.540476500988007	2.70189048127026
1646	ctrl_M2	ctrl	3.02422523498535	0.719837963581085	4.20125832199831
1646	ctrl_M3	ctrl	0.664010345935822	0.466953545808792	1.42200514782625
1646	mut_M1	mut	2.02033829689026	0.503256544470787	4.01452960540195
1646	mut_M2	mut	1.9782383441925	0.471542552113533	4.19524883878604
1646	mut_M3	mut	4.0231671333313	1.17085242271423	3.43610095967938
1647	ctrl_M1	ctrl	2.23907971382141	1.39151203632355	1.60909834437163
1647	ctrl_M2	ctrl	0.893308579921722	0.851081728935242	1.04961550642065
1647	ctrl_M3	ctrl	5.95519161224365	2.20792576670647	2.69718833035176
1647	mut_M1	mut	9.12609672546387	1.52779287099838	5.97338611712473
1647	mut_M2	mut	4.77181816101074	3.438481092453	1.38776920178047
1647	mut_M3	mut	3.47607564926147	2.66026511788368	1.30666512367263
1648	ctrl_M1	ctrl	0	0.0970364063978195	0
1648	ctrl_M2	ctrl	3.53670310974121	0.0887714996933937	39.8405245146986
1648	ctrl_M3	ctrl	1.05574381351471	0.191173180937767	5.5224472822806
1648	mut_M1	mut	0	0.119020953774452	0
1648	mut_M2	mut	1.02983319759369	0.467664837837219	2.20207532034329
1648	mut_M3	mut	2.11504054069519	0.696062251925468	3.0385795736581
1649	ctrl_M1	ctrl	0.900874972343445	0.708127915859222	1.27219242762143
1649	ctrl_M2	ctrl	1.02043032646179	0.764454185962677	1.33484824231391
1649	ctrl_M3	ctrl	0.948994159698486	0.796545147895813	1.19138778536959
1649	mut_M1	mut	2.06518125534058	1.35461476445198	1.52455244807262
1649	mut_M2	mut	1.56010138988495	1.0917837023735	1.42894731483291
1649	mut_M3	mut	1.57333362102509	0.24519707262516	6.41660850262387
1650	ctrl_M1	ctrl	1.52032732963562	0.301627099514008	5.04042021451397
1650	ctrl_M2	ctrl	1.79246854782104	0.698607623577118	2.56577295656033
1650	ctrl_M3	ctrl	1.749995470047	0.35022708773613	4.9967450586389
1650	mut_M1	mut	3.03600931167603	0	NA
1650	mut_M2	mut	9.66359615325928	0.662534236907959	14.5858064608996
1650	mut_M3	mut	3.72034168243408	1.77902367711067	2.09122662632367
1651	ctrl_M1	ctrl	0	0	NA
1651	ctrl_M2	ctrl	0.414765059947968	0.108402132987976	3.82617065287796
1651	ctrl_M3	ctrl	0.563723504543304	0	NA
1651	mut_M1	mut	0	0	NA
1651	mut_M2	mut	0	0	NA
1651	mut_M3	mut	0.543124556541443	0	NA
1652	ctrl_M1	ctrl	0.787572383880615	0.71477909386158	1.10184026175944
1652	ctrl_M2	ctrl	1.24815714359283	0.748053386807442	1.66854019459727
1652	ctrl_M3	ctrl	3.82215166091919	1.13036221265793	3.38135123247954
1652	mut_M1	mut	2.02679443359375	0.624255239963531	3.24673996122508
1652	mut_M2	mut	4.06791496276855	0.756842873990536	5.37484741227731
1652	mut_M3	mut	2.1738715171814	0.572090774774551	3.79987165155403
1653	ctrl_M1	ctrl	0	0.618262186646461	0
1653	ctrl_M2	ctrl	0	0.66320563852787	0
1653	ctrl_M3	ctrl	1.7052149772644	0.760230839252472	2.24302263104865
1653	mut_M1	mut	1.3179657459259	1.09240686893463	1.20647881609464
1653	mut_M2	mut	3.037189245224	0.173449128866196	17.5105477039725
1653	mut_M3	mut	2.02775740623474	0.882076390087605	2.29884557507922
1654	ctrl_M1	ctrl	5.22214365005493	1.26009851694107	4.14423442282263
1654	ctrl_M2	ctrl	3.3860809803009	2.60380724072456	1.30043458184664
1654	ctrl_M3	ctrl	4.19033241271973	2.94529128074646	1.42272258099298
1654	mut_M1	mut	3.8654465675354	2.10456365346909	1.83669738910664
1654	mut_M2	mut	5.57299852371216	3.05396798253059	1.82483855613124
1654	mut_M3	mut	3.84120965003967	1.24753567576408	3.07903791824392
1655	ctrl_M1	ctrl	5.12185049057007	5.27764622867107	0.97048007173072
1655	ctrl_M2	ctrl	6.94130563735962	5.4051199555397	1.28420935972854
1655	ctrl_M3	ctrl	4.97124719619751	6.48130962252617	0.767012762192328
1655	mut_M1	mut	4.49256992340088	4.50129082798958	0.998062576953599
1655	mut_M2	mut	11.1482772827148	3.66259601712227	3.04381843659464
1655	mut_M3	mut	12.8858957290649	5.68887746334076	2.26510340785189
1656	ctrl_M1	ctrl	2.74282073974609	1.72289645671844	1.59198234406394
1656	ctrl_M2	ctrl	2.79070210456848	2.39214636385441	1.16661009825163
1656	ctrl_M3	ctrl	4.41300821304321	1.91346867382526	2.30628714930622
1656	mut_M1	mut	9.83527565002441	1.55320201814175	6.33225783584247
1656	mut_M2	mut	6.74971961975098	1.58777818083763	4.25104696689444
1656	mut_M3	mut	6.82161903381348	1.86352282762527	3.66060395541621
1657	ctrl_M1	ctrl	0.590407192707062	0.674163982272148	0.875761992975657
1657	ctrl_M2	ctrl	0	0.705538630485535	0
1657	ctrl_M3	ctrl	0	0.907692521810532	0
1657	mut_M1	mut	1.85347580909729	0.91624453663826	2.02290516885129
1657	mut_M2	mut	0.557178854942322	0.65052704513073	0.856503752015954
1657	mut_M3	mut	1.011434674263	1.28313764929771	0.788251108379976
1658	ctrl_M1	ctrl	5.53017711639404	1.71528032422066	3.22406608313816
1658	ctrl_M2	ctrl	3.41418981552124	1.20620554685593	2.83052073870876
1658	ctrl_M3	ctrl	0	1.02223372459412	0
1658	mut_M1	mut	1.2714878320694	0.895537167787552	1.41980464664648
1658	mut_M2	mut	1.24026954174042	0.860913753509521	1.44064319646939
1658	mut_M3	mut	2.42258644104004	2.29295539855957	1.05653448059299
1659	ctrl_M1	ctrl	1.05652701854706	2.51757690310478	0.419660276214047
1659	ctrl_M2	ctrl	3.42627620697021	2.66614925861359	1.28510292358947
1659	ctrl_M3	ctrl	3.14615893363953	2.4242699444294	1.29777582767502
1659	mut_M1	mut	5.76513385772705	2.55204898118973	2.25902163329147
1659	mut_M2	mut	3.80254936218262	2.43469056487083	1.56182038779304
1659	mut_M3	mut	4.09087467193604	3.35530963540077	1.21922418985555
1660	ctrl_M1	ctrl	1.17889440059662	0.52976368367672	2.2253212836613
1660	ctrl_M2	ctrl	2.76952075958252	1.65630683302879	1.6721061003643
1660	ctrl_M3	ctrl	2.55586099624634	0.561928749084473	4.5483720140863
1660	mut_M1	mut	3.15710186958313	1.05051136016846	3.00530007507664
1660	mut_M2	mut	1.26809024810791	1.5406386256218	0.823093895621443
1660	mut_M3	mut	1.19058537483215	1.69526645541191	0.702299848517246
1661	ctrl_M1	ctrl	1.13429665565491	1.66202989220619	0.682476687678122
1661	ctrl_M2	ctrl	1.62828099727631	1.15932710468769	1.40450524333678
1661	ctrl_M3	ctrl	1.19260132312775	0.909419491887093	1.31138746614397
1661	mut_M1	mut	4.98162460327148	3.12964290380478	1.5917549562013
1661	mut_M2	mut	1.640456199646	1.70348751544952	0.962998662900741
1661	mut_M3	mut	2.13816142082214	1.54826205968857	1.38100743827065
1662	ctrl_M1	ctrl	0	0.448165908455849	0
1662	ctrl_M2	ctrl	0	0	NA
1662	ctrl_M3	ctrl	0.818963229656219	0.233162313699722	3.51241680810785
1662	mut_M1	mut	0	0.341002225875854	0
1662	mut_M2	mut	1.70027923583984	0	NA
1662	mut_M3	mut	1.70093131065369	0.23504726588726	7.23655007954669
1663	ctrl_M1	ctrl	0.96868097782135	1.1675771176815	0.829650532844368
1663	ctrl_M2	ctrl	3.61669278144836	3.34264826774597	1.08198425073518
1663	ctrl_M3	ctrl	2.72565627098083	1.37321768701077	1.9848683109479
1663	mut_M1	mut	4.55765056610107	2.36205676198006	1.92952626687959
1663	mut_M2	mut	1.54440927505493	3.43891334533691	0.449098049286154
1663	mut_M3	mut	3.40901398658752	2.69350823760033	1.26564082448274
1664	ctrl_M1	ctrl	1.96643424034119	0.673055052757263	2.92165437624369
1664	ctrl_M2	ctrl	0	0	NA
1664	ctrl_M3	ctrl	2.1898250579834	0.767523646354675	2.85310435500442
1664	mut_M1	mut	1.46524012088776	0	NA
1664	mut_M2	mut	2.65378212928772	0.630272805690765	4.21052932210717
1664	mut_M3	mut	2.32460641860962	0	NA
1665	ctrl_M1	ctrl	2.45073819160461	1.77500605583191	1.38069286217506
1665	ctrl_M2	ctrl	1.98759245872498	2.90956965088844	0.683122487931526
1665	ctrl_M3	ctrl	4.49692392349243	2.19767194986343	2.04622165003829
1665	mut_M1	mut	2.77831792831421	2.75767776370049	1.00748461799468
1665	mut_M2	mut	2.85541772842407	3.1084645986557	0.918594257003582
1665	mut_M3	mut	7.41511344909668	2.05757358670235	3.60381446234485
1666	ctrl_M1	ctrl	1.64146876335144	0.570200577378273	2.87875675415615
1666	ctrl_M2	ctrl	2.30360293388367	1.04633451998234	2.20159317110416
1666	ctrl_M3	ctrl	2.28632211685181	1.17272533476353	1.94958022060027
1666	mut_M1	mut	2.78066062927246	2.24801300466061	1.23694152280595
1666	mut_M2	mut	3.68536496162415	0.497962400317192	7.40089002558555
1666	mut_M3	mut	3.48776125907898	0.882090829312801	3.95397066059075
1667	ctrl_M1	ctrl	3.95965886116028	2.46391229331493	1.60706161169113
1667	ctrl_M2	ctrl	1.87727749347687	4.35588651895523	0.430974839520644
1667	ctrl_M3	ctrl	6.34243297576904	3.1478254199028	2.01486173142502
1667	mut_M1	mut	8.30800151824951	2.60416030883789	3.19028037177825
1667	mut_M2	mut	3.32665801048279	3.14983507990837	1.05613720277049
1667	mut_M3	mut	4.49326992034912	3.51227253675461	1.27930559867685
1668	ctrl_M1	ctrl	8.48293495178223	4.27410095930099	1.98472966187714
1668	ctrl_M2	ctrl	2.52390551567078	4.67972756922245	0.539327445526948
1668	ctrl_M3	ctrl	12.7450933456421	4.28814904391766	2.97216659568301
1668	mut_M1	mut	23.5847053527832	5.04725706577301	4.67277672712933
1668	mut_M2	mut	13.0028409957886	1.68155431747437	7.73263216101064
1668	mut_M3	mut	16.2606945037842	3.15647891163826	5.15152958691704
1669	ctrl_M1	ctrl	2.11602473258972	2.84810781478882	0.742958086629393
1669	ctrl_M2	ctrl	3.14682602882385	0.855945825576782	3.67643130533799
1669	ctrl_M3	ctrl	1.09414398670197	0	NA
1669	mut_M1	mut	5.28021907806396	2.55060541629791	2.0701826493131
1669	mut_M2	mut	5.39329051971436	0.573124647140503	9.41032731121085
1669	mut_M3	mut	3.49317193031311	0.953285664319992	3.66434958696761
1670	ctrl_M1	ctrl	0.892870426177979	0.296411901712418	3.01226239911329
1670	ctrl_M2	ctrl	0.968929588794708	1.40049064159393	0.691850098828183
1670	ctrl_M3	ctrl	0.997754395008087	1.59191477298737	0.626763701134398
1670	mut_M1	mut	2.00619554519653	1.50118680298328	1.33640632945191
1670	mut_M2	mut	0	1.5337789952755	0
1670	mut_M3	mut	0.670133650302887	0.900729149580002	0.743990189076662
1671	ctrl_M1	ctrl	2.06281685829163	1.21969306468964	1.69125898802789
1671	ctrl_M2	ctrl	1.05431091785431	1.97654482722282	0.533411083489407
1671	ctrl_M3	ctrl	4.47518587112427	0.920981287956238	4.85914961535778
1671	mut_M1	mut	0	1.86718784272671	0
1671	mut_M2	mut	2.13534641265869	2.09445787966251	1.0195222512676
1671	mut_M3	mut	2.16297078132629	1.24033263325691	1.74386347930449
1672	ctrl_M1	ctrl	1.01129722595215	1.69186815619469	0.597739972969724
1672	ctrl_M2	ctrl	2.76252007484436	1.23438832163811	2.23796679409469
1672	ctrl_M3	ctrl	0	1.62841182947159	0
1672	mut_M1	mut	1.90801632404327	1.37873184680939	1.38389225465324
1672	mut_M2	mut	1.84285151958466	1.55554103851318	1.18470131867822
1672	mut_M3	mut	1.04356527328491	0.598303824663162	1.74420625486128
1673	ctrl_M1	ctrl	1.59744763374329	2.32902535051107	0.685886752324421
1673	ctrl_M2	ctrl	4.35023069381714	1.79409531503916	2.42474892908474
1673	ctrl_M3	ctrl	0	1.64970465749502	0
1673	mut_M1	mut	2.40042948722839	1.37580874562263	1.74474068061114
1673	mut_M2	mut	4.45302677154541	2.02066271007061	2.20374570647162
1673	mut_M3	mut	2.237224817276	1.78710806369781	1.25186879446273
1674	ctrl_M1	ctrl	0	0	NA
1674	ctrl_M2	ctrl	1.40630102157593	0.207266196608543	6.78499940939217
1674	ctrl_M3	ctrl	0.773801147937775	0.610364377498627	1.26776918258064
1674	mut_M1	mut	2.39326548576355	0.876107767224312	2.73170216644227
1674	mut_M2	mut	1.41716468334198	0.722033530473709	1.96274081954644
1674	mut_M3	mut	4.07501220703125	0.302255928516388	13.4819926511725
1675	ctrl_M1	ctrl	1.96754813194275	0.48463499546051	4.05985566534077
1675	ctrl_M2	ctrl	4.58130025863647	0.274665206670761	16.6795798935248
1675	ctrl_M3	ctrl	1.03293073177338	1.99556258320808	0.517613799970547
1675	mut_M1	mut	1.85814833641052	0.275059014558792	6.75545333204615
1675	mut_M2	mut	3.84642291069031	1.84157639741898	2.08865780213147
1675	mut_M3	mut	1.80043947696686	1.49384915828705	1.20523512496494
1676	ctrl_M1	ctrl	1.097904920578	0	NA
1676	ctrl_M2	ctrl	1.26986575126648	2.2716398537159	0.55900839615455
1676	ctrl_M3	ctrl	3.48150205612183	0.943859905004501	3.68857924535445
1676	mut_M1	mut	6.54420757293701	2.15571585297585	3.03574683272988
1676	mut_M2	mut	4.31480598449707	0.835009157657623	5.16737564483845
1676	mut_M3	mut	5.38848781585693	2.30290770530701	2.33986268899933
1677	ctrl_M1	ctrl	3.37104868888855	0	NA
1677	ctrl_M2	ctrl	3.3827657699585	0.58824847638607	5.75057293941612
1677	ctrl_M3	ctrl	1.21131432056427	0.519128784537315	2.33335996123559
1677	mut_M1	mut	3.14818096160889	0.690504759550095	4.55924585322209
1677	mut_M2	mut	3.11424851417542	0.461669877171516	6.74561774152406
1677	mut_M3	mut	0	0.30193156003952	0
1678	ctrl_M1	ctrl	0	0.119550861418247	0
1678	ctrl_M2	ctrl	0	0.196001604199409	0
1678	ctrl_M3	ctrl	0.658455073833466	0.562953040003777	1.16964476082951
1678	mut_M1	mut	1.9337443113327	0.110393308103085	17.5168617062094
1678	mut_M2	mut	0	0.747804775834084	0
1678	mut_M3	mut	0	0	NA
1679	ctrl_M1	ctrl	1.50991773605347	0.27359664440155	5.51877286125411
1679	ctrl_M2	ctrl	0.75926262140274	0.22939245402813	3.30988490715407
1679	ctrl_M3	ctrl	0.839939594268799	0.502155840396881	1.67266718157644
1679	mut_M1	mut	3.34561252593994	0.782898008823395	4.2733695682379
1679	mut_M2	mut	2.37397170066833	0	NA
1679	mut_M3	mut	0.860760152339935	0.541464328765869	1.58968948942919
1680	ctrl_M1	ctrl	0	0.761905133724213	0
1680	ctrl_M2	ctrl	2.96725869178772	0.706660002470016	4.19899057738678
1680	ctrl_M3	ctrl	0	1.29646670818329	0
1680	mut_M1	mut	2.77369356155396	1.49844074249268	1.85105322012259
1680	mut_M2	mut	6.34044504165649	2.35096964240074	2.69694892154448
1680	mut_M3	mut	6.48723125457764	2.68857279419899	2.41289031436115
1681	ctrl_M1	ctrl	1.33695507049561	1.86374366283417	0.717349224121582
1681	ctrl_M2	ctrl	2.30823063850403	2.85997104644775	0.807081820415973
1681	ctrl_M3	ctrl	0	2.80610799789429	0
1681	mut_M1	mut	3.40908670425415	1.36395919322968	2.49940520301189
1681	mut_M2	mut	1.13040506839752	3.04227498173714	0.371565711575507
1681	mut_M3	mut	2.53260111808777	1.69370192289352	1.49530509699196
1682	ctrl_M1	ctrl	1.1134512424469	1.16893208026886	0.95253715869514
1682	ctrl_M2	ctrl	1.22046828269958	0.780250787734985	1.56420000067225
1682	ctrl_M3	ctrl	2.52400326728821	0.997383862733841	2.53062372632527
1682	mut_M1	mut	2.6566333770752	4.02578876912594	0.659903817470282
1682	mut_M2	mut	3.33678483963013	1.57487195730209	2.11876579817089
1682	mut_M3	mut	0	1.61401146650314	0
1683	ctrl_M1	ctrl	1.68702602386475	0.397003382444382	4.24939962344298
1683	ctrl_M2	ctrl	2.3447687625885	0.755413308739662	3.10395479595208
1683	ctrl_M3	ctrl	2.55539417266846	1.18930287659168	2.14864877817477
1683	mut_M1	mut	3.87482070922852	0.717878729104996	5.39759788405959
1683	mut_M2	mut	2.57268309593201	0.801911309361458	3.20818906766706
1683	mut_M3	mut	1.43369603157043	0.804406866431236	1.78230208045221
1684	ctrl_M1	ctrl	3.11138892173767	0	NA
1684	ctrl_M2	ctrl	0	0	NA
1684	ctrl_M3	ctrl	4.22818803787231	0.531234622001648	7.95917258167559
1684	mut_M1	mut	0.964045703411102	0.374408632516861	2.57484902773359
1684	mut_M2	mut	2.28834247589111	0.551739752292633	4.14750335893401
1684	mut_M3	mut	2.2334680557251	0.532975494861603	4.19056425156106
1685	ctrl_M1	ctrl	1.82135224342346	1.4219196587801	1.28091079701792
1685	ctrl_M2	ctrl	1.69816374778748	0.515773132443428	3.29246259831833
1685	ctrl_M3	ctrl	1.62455475330353	1.2604589164257	1.28885974158546
1685	mut_M1	mut	5.87848806381226	1.18080422282219	4.97837655912369
1685	mut_M2	mut	0.843990743160248	1.36556826531887	0.618050934980661
1685	mut_M3	mut	2.62745356559753	1.88641960918903	1.39282562204019
1686	ctrl_M1	ctrl	5.35025835037231	0.603834182024002	8.86047612018037
1686	ctrl_M2	ctrl	9.2123556137085	2.41167771816254	3.81989498195779
1686	ctrl_M3	ctrl	1.48542702198029	1.74327075481415	0.852091975889683
1686	mut_M1	mut	6.70529651641846	2.73059779405594	2.4556148587737
1686	mut_M2	mut	6.52780818939209	2.87539058923721	2.27023355151336
1686	mut_M3	mut	4.31988668441772	1.30944555997849	3.29901968928644
1687	ctrl_M1	ctrl	0.785322427749634	1.94048541784286	0.40470411193434
1687	ctrl_M2	ctrl	1.51579427719116	4.13512372970581	0.366565640177108
1687	ctrl_M3	ctrl	0.771011471748352	1.46548175811768	0.526114683773799
1687	mut_M1	mut	2.15215802192688	2.27295759320259	0.946853574551074
1687	mut_M2	mut	4.5095329284668	2.08670833706856	2.16107486051542
1687	mut_M3	mut	3.87838220596313	2.17962846159935	1.77937766655758
1688	ctrl_M1	ctrl	0	0.428426533937454	0
1688	ctrl_M2	ctrl	0	1.73158097267151	0
1688	ctrl_M3	ctrl	0	3.49400693178177	0
1688	mut_M1	mut	2.49057388305664	3.55782693624496	0.700026709473751
1688	mut_M2	mut	3.83861708641052	1.58315795660019	2.42465830425026
1688	mut_M3	mut	2.34356379508972	1.7982085943222	1.30327694044476
1689	ctrl_M1	ctrl	0	0.22803807258606	0
1689	ctrl_M2	ctrl	3.41259694099426	2.00911912322044	1.69855380975328
1689	ctrl_M3	ctrl	3.88432550430298	1.30315931141376	2.98069888330765
1689	mut_M1	mut	1.3520382642746	1.37846812605858	0.980826642789666
1689	mut_M2	mut	3.0883412361145	0.443057388067245	6.97052192174655
1689	mut_M3	mut	1.72712731361389	1.34724149107933	1.28197307242239
1690	ctrl_M1	ctrl	1.17979037761688	1.5767166018486	0.748257725093813
1690	ctrl_M2	ctrl	0.965708374977112	1.71807599067688	0.562087113851493
1690	ctrl_M3	ctrl	0	1.97649183869362	0
1690	mut_M1	mut	6.37381553649902	1.81838124990463	3.50521406709033
1690	mut_M2	mut	3.02592015266418	1.76887974143028	1.71064209838114
1690	mut_M3	mut	3.41959571838379	1.72729024291039	1.97974586634726
1691	ctrl_M1	ctrl	0	0	NA
1691	ctrl_M2	ctrl	0	0	NA
1691	ctrl_M3	ctrl	0	0.517696857452393	0
1691	mut_M1	mut	1.69734585285187	0	NA
1691	mut_M2	mut	2.00201964378357	0.535549998283386	3.73824974362935
1691	mut_M3	mut	2.49772644042969	1.60752868652344	1.55376788070355
1692	ctrl_M1	ctrl	0.789428770542145	0.585696846246719	1.34784534969069
1692	ctrl_M2	ctrl	0.86657440662384	0.806664824485779	1.0742682466367
1692	ctrl_M3	ctrl	2.44627976417542	1.44299775362015	1.69527621095616
1692	mut_M1	mut	2.57241249084473	0.733096748590469	3.50896726222115
1692	mut_M2	mut	1.29964530467987	2.27905535697937	0.570256137350873
1692	mut_M3	mut	0	1.06440387666225	0
1693	ctrl_M1	ctrl	1.68619191646576	9.10730904340744	0.185147106398717
1693	ctrl_M2	ctrl	7.33378458023071	10.1497828066349	0.722555814242313
1693	ctrl_M3	ctrl	1.89355623722076	9.93093574047089	0.190672489149646
1693	mut_M1	mut	5.76970195770264	9.62835010886192	0.599240980278876
1693	mut_M2	mut	4.74914693832397	9.382966786623	0.506145555699364
1693	mut_M3	mut	3.27410936355591	9.84946623444557	0.332414903064055
1694	ctrl_M1	ctrl	3.17945504188538	13.2939295470715	0.239165931384508
1694	ctrl_M2	ctrl	6.13863182067871	12.051829457283	0.509352695575117
1694	ctrl_M3	ctrl	6.89896488189697	15.667004570365	0.440349962937189
1694	mut_M1	mut	5.47513055801392	11.9589391350746	0.45782744574356
1694	mut_M2	mut	2.93782424926758	12.492006033659	0.235176339280639
1694	mut_M3	mut	7.92792415618896	10.8166604042053	0.73293640180353
1695	ctrl_M1	ctrl	0.515880763530731	0.148426607251167	3.47566230263391
1695	ctrl_M2	ctrl	0	0.786361210048199	0
1695	ctrl_M3	ctrl	1.03212690353394	0.289392784237862	3.5665260495424
1695	mut_M1	mut	0.441827565431595	0.956815794110298	0.461768679145218
1695	mut_M2	mut	0	0.274819135665894	0
1695	mut_M3	mut	0	0.729699030518532	0
1696	ctrl_M1	ctrl	0.644521713256836	0.167559251189232	3.84653015982358
1696	ctrl_M2	ctrl	0.7451451420784	0.868235021829605	0.858229768833994
1696	ctrl_M3	ctrl	0	0	NA
1696	mut_M1	mut	0.551068782806396	0.715451136231422	0.770239580174691
1696	mut_M2	mut	0.55028760433197	0.193309471011162	2.84666654692877
1696	mut_M3	mut	0	0.512625128030777	0
1697	ctrl_M1	ctrl	0	0	NA
1697	ctrl_M2	ctrl	1.27753341197968	0.453679829835892	2.81593610287192
1697	ctrl_M3	ctrl	0.863784968852997	0	NA
1697	mut_M1	mut	1.07821559906006	0.281690806150436	3.82765633637414
1697	mut_M2	mut	1.69882643222809	0	NA
1697	mut_M3	mut	0.704545974731445	0.540063738822937	1.30456078437518
1698	ctrl_M1	ctrl	2.201087474823	0.236079156398773	9.32351465669011
1698	ctrl_M2	ctrl	3.14654445648193	1.10181719064713	2.85577724071803
1698	ctrl_M3	ctrl	1.62201881408691	1.12869353592396	1.43707637410993
1698	mut_M1	mut	4.09623670578003	0.287435859441757	14.2509592008997
1698	mut_M2	mut	2.20111560821533	1.16101023554802	1.89586236264004
1698	mut_M3	mut	1.58096086978912	0.241822808980942	6.53768301034714
1699	ctrl_M1	ctrl	1.36842513084412	0.296883314847946	4.60930292274922
1699	ctrl_M2	ctrl	0.78208601474762	1.3028571754694	0.600285303311045
1699	ctrl_M3	ctrl	0	0.767544940114021	0
1699	mut_M1	mut	1.1467456817627	0.808333337306976	1.4186544446913
1699	mut_M2	mut	2.63399243354797	0.831580519676208	3.16745326667052
1699	mut_M3	mut	1.13521099090576	0.958050668239594	1.18491748770626
1700	ctrl_M1	ctrl	1.50812947750092	0	NA
1700	ctrl_M2	ctrl	0	0	NA
1700	ctrl_M3	ctrl	2.37641787528992	0.860344409942627	2.76217041434417
1700	mut_M1	mut	0	0	NA
1700	mut_M2	mut	1.55906939506531	0	NA
1700	mut_M3	mut	3.14732551574707	0.484026074409485	6.50238836737634
1701	ctrl_M1	ctrl	3.10073208808899	2.12952959537506	1.4560643321526
1701	ctrl_M2	ctrl	3.57746386528015	2.7711780667305	1.29095416430635
1701	ctrl_M3	ctrl	2.69233322143555	4.37515759468079	0.61536828403823
1701	mut_M1	mut	5.87219095230103	1.61271226406097	3.64118949372546
1701	mut_M2	mut	5.77332592010498	2.66804377734661	2.16387975681816
1701	mut_M3	mut	3.52245330810547	2.1656349748373	1.62652217434293
1702	ctrl_M1	ctrl	0	0	NA
1702	ctrl_M2	ctrl	0	0.234896689653397	0
1702	ctrl_M3	ctrl	1.53060054779053	0.471437484025955	3.246667054812
1702	mut_M1	mut	2.19694042205811	0.197307601571083	11.1345959535503
1702	mut_M2	mut	0	0	NA
1702	mut_M3	mut	1.14044225215912	1.60549713671207	0.710335899131312
1703	ctrl_M1	ctrl	2.85155630111694	0.915352046489716	3.11525637819064
1703	ctrl_M2	ctrl	2.85069417953491	1.75264516472816	1.62650959641169
1703	ctrl_M3	ctrl	0	1.66746032238007	0
1703	mut_M1	mut	5.90966892242432	1.6715312898159	3.53548208067059
1703	mut_M2	mut	4.05410242080688	2.41843214631081	1.67633498710775
1703	mut_M3	mut	3.88716244697571	1.00801619887352	3.85624998022819
1704	ctrl_M1	ctrl	5.90982437133789	4.8999437391758	1.20610045460072
1704	ctrl_M2	ctrl	5.42863798141479	5.22951728105545	1.03807630602555
1704	ctrl_M3	ctrl	0	3.54282957315445	0
1704	mut_M1	mut	3.74697279930115	4.8145771920681	0.778255836353438
1704	mut_M2	mut	8.29857158660889	3.60914021730423	2.29932091494282
1704	mut_M3	mut	7.36887454986572	7.84308820962906	0.93953738029095
1705	ctrl_M1	ctrl	2.96167826652527	0.564456909894943	5.24695191892769
1705	ctrl_M2	ctrl	2.73365092277527	1.81621600687504	1.50513535418001
1705	ctrl_M3	ctrl	0	1.51148745417595	0
1705	mut_M1	mut	6.03967428207397	1.60174882411957	3.77067502165566
1705	mut_M2	mut	5.34703302383423	2.00178681313992	2.67113010673055
1705	mut_M3	mut	4.79068899154663	1.50893434882164	3.17488232359995
1706	ctrl_M1	ctrl	0	0.749180406332016	0
1706	ctrl_M2	ctrl	0	1.13482290506363	0
1706	ctrl_M3	ctrl	2.91551756858826	0.489971607923508	5.95038063724585
1706	mut_M1	mut	1.12556040287018	1.46999970078468	0.765687504745311
1706	mut_M2	mut	2.72403168678284	1.49194023013115	1.82583164644832
1706	mut_M3	mut	1.51043009757996	0.154739454388618	9.76111815533875
1707	ctrl_M1	ctrl	0.871309578418732	0.273459762334824	3.1862441881007
1707	ctrl_M2	ctrl	0	0.43775886297226	0
1707	ctrl_M3	ctrl	0.97173810005188	0.405092477798462	2.39880558960991
1707	mut_M1	mut	0.769497156143188	0.453726023435593	1.69595111674792
1707	mut_M2	mut	1.92534303665161	0.423010632395744	4.55152397883553
1707	mut_M3	mut	0.856086909770966	0	NA
1708	ctrl_M1	ctrl	1.94296300411224	0.640778973698616	3.03218907589514
1708	ctrl_M2	ctrl	3.87115430831909	0.664347648620605	5.82700084264139
1708	ctrl_M3	ctrl	3.36374092102051	1.17142421007156	2.87149684298826
1708	mut_M1	mut	4.94460821151733	0.265637457370758	18.6141226484336
1708	mut_M2	mut	3.54109811782837	1.16451562941074	3.04083348337729
1708	mut_M3	mut	2.64356827735901	1.30534489452839	2.02518758715804
1709	ctrl_M1	ctrl	0.67842173576355	0.116625487804413	5.81709666159167
1709	ctrl_M2	ctrl	2.51594948768616	0.279136806726456	9.01332044738801
1709	ctrl_M3	ctrl	1.28835463523865	0.900793850421906	1.43024359528567
1709	mut_M1	mut	2.14921879768372	0.686193972826004	3.13208638197801
1709	mut_M2	mut	3.09983968734741	0.153924539685249	20.138697141379
1709	mut_M3	mut	2.73181891441345	0.512046314775944	5.33510121171132
1710	ctrl_M1	ctrl	0	0.334140881896019	0
1710	ctrl_M2	ctrl	0	0.860588058829308	0
1710	ctrl_M3	ctrl	0.615826725959778	0.471984103322029	1.3047615833358
1710	mut_M1	mut	0	0.404295116662979	0
1710	mut_M2	mut	0.782437980175018	0.923024043440819	0.847689706173061
1710	mut_M3	mut	0	0.551005572080612	0
1711	ctrl_M1	ctrl	1.4719934463501	0	NA
1711	ctrl_M2	ctrl	0.78495842218399	0.445488810539246	1.7620160228802
1711	ctrl_M3	ctrl	2.24371218681335	0.245010480284691	9.15761719337991
1711	mut_M1	mut	1.31071257591248	0.534848496317863	2.45062402705814
1711	mut_M2	mut	1.38380420207977	0.391658142209053	3.53319401015069
1711	mut_M3	mut	1.32175099849701	0.344744294881821	3.83400397952955
1712	ctrl_M1	ctrl	1.13520431518555	2.19655990600586	0.516810086572944
1712	ctrl_M2	ctrl	0	2.64703541994095	0
1712	ctrl_M3	ctrl	0	1.44190911948681	0
1712	mut_M1	mut	2.32998442649841	2.10574673116207	1.10648844517621
1712	mut_M2	mut	0	2.81579449772835	0
1712	mut_M3	mut	3.69727921485901	1.57862612605095	2.34208667514456
1713	ctrl_M1	ctrl	0	1.19095742702484	0
1713	ctrl_M2	ctrl	2.67656588554382	0.232182189822197	11.5278690738231
1713	ctrl_M3	ctrl	0	1.03110836446285	0
1713	mut_M1	mut	0.880858063697815	0.742651134729385	1.18609939782667
1713	mut_M2	mut	0	1.32386109232903	0
1713	mut_M3	mut	0	1.45729880034924	0
1714	ctrl_M1	ctrl	1.66166377067566	0.67224445939064	2.47181475051782
1714	ctrl_M2	ctrl	4.23428201675415	0.532024189829826	7.95881483905559
1714	ctrl_M3	ctrl	1.37084972858429	1.4285900592804	0.959582295620067
1714	mut_M1	mut	0	1.14463406801224	0
1714	mut_M2	mut	1.27374458312988	0.157095208764076	8.10810586236769
1714	mut_M3	mut	2.44943976402283	1.32556547224522	1.84784517649967
1715	ctrl_M1	ctrl	0.699660003185272	0.527077376842499	1.32743318898763
1715	ctrl_M2	ctrl	0	0.98352886736393	0
1715	ctrl_M3	ctrl	0.578965604305267	0.76963484287262	0.752260126561202
1715	mut_M1	mut	2.09200096130371	0.555366218090057	3.7668855129472
1715	mut_M2	mut	1.80853986740112	0.969133824110031	1.86614048793718
1715	mut_M3	mut	2.95181798934937	0.749065756797791	3.94066603974557
1716	ctrl_M1	ctrl	1.72733128070831	0.830476343631744	2.07992833745817
1716	ctrl_M2	ctrl	1.99579691886902	0.312659949064255	6.38328293995488
1716	ctrl_M3	ctrl	3.05109453201294	0.299711585044861	10.1801020856643
1716	mut_M1	mut	1.91597962379456	1.31150290369987	1.46090383665137
1716	mut_M2	mut	5.92990398406982	1.23618277907372	4.79694757478596
1716	mut_M3	mut	2.63897013664246	0.725839912891388	3.63574679453779
1717	ctrl_M1	ctrl	1.44860482215881	0.47461348772049	3.05217795034921
1717	ctrl_M2	ctrl	3.18989396095276	1.09683305025101	2.90827666090365
1717	ctrl_M3	ctrl	1.38883483409882	1.3134498745203	1.0573946223917
1717	mut_M1	mut	1.48909187316895	1.24139004945755	1.19953585403688
1717	mut_M2	mut	4.4028959274292	0.944673329591751	4.66076027501692
1717	mut_M3	mut	0.650533258914948	0.3516955524683	1.84970567398228
1718	ctrl_M1	ctrl	0	0.189392670989037	0
1718	ctrl_M2	ctrl	0.687622904777527	0.741838753223419	0.926916936854114
1718	ctrl_M3	ctrl	1.42177927494049	0.772318601608276	1.84092325625691
1718	mut_M1	mut	1.93674099445343	0.595589265227318	3.25180641681686
1718	mut_M2	mut	0.659223675727844	0.749704778194427	0.879311023354425
1718	mut_M3	mut	0.643120944499969	0.729397490620613	0.881715323633435
1719	ctrl_M1	ctrl	1.38075816631317	0.321744829416275	4.29146963703569
1719	ctrl_M2	ctrl	0	1.10172367095947	0
1719	ctrl_M3	ctrl	1.44694662094116	1.30654838681221	1.1074573552316
1719	mut_M1	mut	0	0.949896171689034	0
1719	mut_M2	mut	1.38487219810486	0.252285033464432	5.48931571202421
1719	mut_M3	mut	2.74694347381592	0	NA
1720	ctrl_M1	ctrl	0.882593095302582	0.282858401536942	3.12026473495897
1720	ctrl_M2	ctrl	0.999010980129242	1.1028980910778	0.905805339778003
1720	ctrl_M3	ctrl	0.925628781318665	1.15835955739021	0.799085892988278
1720	mut_M1	mut	1.36356258392334	0.224508076906204	6.07355691925959
1720	mut_M2	mut	2.42649149894714	0.575054168701172	4.21958770323788
1720	mut_M3	mut	1.53004658222198	0.245677158236504	6.22787479798618
1721	ctrl_M1	ctrl	2.99556589126587	0.710881248116493	4.21387664845955
1721	ctrl_M2	ctrl	1.53457081317902	1.06085465848446	1.44654199414207
1721	ctrl_M3	ctrl	2.94730758666992	0.577839359641075	5.10056564596195
1721	mut_M1	mut	2.74608683586121	1.60387741029263	1.71215506761217
1721	mut_M2	mut	3.41298723220825	1.01125273108482	3.37500916170279
1721	mut_M3	mut	0.525025069713593	1.42794649302959	0.367678391505886
1722	ctrl_M1	ctrl	0.635445594787598	1.28315170109272	0.495222501163703
1722	ctrl_M2	ctrl	1.56947374343872	1.90693090856075	0.823036501423784
1722	ctrl_M3	ctrl	0	1.47870856523514	0
1722	mut_M1	mut	1.35408043861389	0.957388818264008	1.41434745505926
1722	mut_M2	mut	2.28414440155029	2.17973530292511	1.04789989797618
1722	mut_M3	mut	3.02209615707397	2.0932509303093	1.4437333400002
1723	ctrl_M1	ctrl	1.45657157897949	0.237882554531097	6.12307019256042
1723	ctrl_M2	ctrl	0.871482312679291	0.693518161773682	1.25661065667042
1723	ctrl_M3	ctrl	0.821689784526825	0	NA
1723	mut_M1	mut	2.00600934028625	0.865812510251999	2.31690962712285
1723	mut_M2	mut	0.758679091930389	0.217506036162376	3.48808293009398
1723	mut_M3	mut	0.85059517621994	0.450858265161514	1.88661324843457
