TOTAL_READS	EXPECTED_DISTINCT	LOWER_0.95CI	UPPER_0.95CI
0	0	0	0
1000000.0	999321.0	999308.0	999337.0
2000000.0	1997407.0	1997358.5	1997460.6
3000000.0	2994431.0	2994329.3	2994536.6
4000000.0	3990526.5	3990353.6	3990695.0
5000000.0	4985801.5	4985545.1	4986038.7
6000000.0	5980340.0	5979991.1	5980653.5
7000000.0	6974223.5	6973768.8	6974616.1
8000000.0	7967505.7	7966938.6	7967983.2
9000000.0	8960244.8	8959560.2	8960808.8
10000000.0	9952475.3	9951680.4	9953137.6
11000000.0	10944248.2	10943342.4	10945010.9
12000000.0	11935594.2	11934586.0	11936465.8
13000000.0	12926551.2	12925447.3	12927536.3
14000000.0	13917160.3	13915960.1	13918253.7
15000000.0	14907471.4	14906155.6	14908647.3
16000000.0	15897492.8	15896062.1	15898741.3
17000000.0	16887207.2	16885624.1	16888557.7
18000000.0	17876646.2	17874915.5	17878134.2
19000000.0	18865848.5	18863951.0	18867488.4
20000000.0	19854849.3	19852764.5	19856640.3
21000000.0	20843554.3	20841209.9	20845587.4
22000000.0	21832086.9	21829324.6	21834338.2
23000000.0	22820384.5	22817109.9	22822899.3
24000000.0	23808418.6	23804721.9	23811277.9
25000000.0	24796317.7	24792095.4	24799665.6
26000000.0	25784089.0	25779237.5	25787991.5
27000000.0	26771588.2	26766155.1	26776079.7
28000000.0	27758900.5	27752795.3	27763899.2
29000000.0	28746304.2	28738963.7	28751751.9
30000000.0	29733429.9	29724841.9	29739511.9
31000000.0	30720279.1	30710435.7	30727160.2
32000000.0	31707232.3	31695979.3	31714700.2
33000000.0	32694032.2	32681459.4	32702135.3
34000000.0	33680564.0	33666740.0	33689468.8
35000000.0	34666828.5	34651447.2	34676703.6
36000000.0	35653097.0	35635921.9	35663842.8
37000000.0	36639214.8	36620173.4	36650889.2
38000000.0	37625173.0	37604206.6	37637845.5
39000000.0	38611078.8	38587983.8	38624714.3
40000000.0	39597125.9	39571547.5	39611498.1
41000000.0	40582827.0	40554901.9	40598199.3
42000000.0	41568481.2	41538050.0	41584820.2
43000000.0	42554114.5	42520994.2	42571362.9
44000000.0	43539657.2	43503736.6	43557829.6
45000000.0	44524997.0	44486279.3	44544222.2
46000000.0	45510240.1	45468623.9	45530542.6
47000000.0	46495532.6	46450771.8	46516792.7
48000000.0	47480569.5	47432724.3	47502974.1
49000000.0	48465448.2	48414482.8	48489088.5
50000000.0	49450400.8	49396048.2	49475137.5
51000000.0	50435303.0	50377421.5	50461122.5
52000000.0	51420127.9	51358603.7	51447045.0
53000000.0	52404859.4	52339595.6	52432906.2
54000000.0	53389451.2	53320398.0	53418707.6
55000000.0	54373962.7	54301011.5	54404450.3
56000000.0	55358395.1	55281436.8	55390135.4
57000000.0	56342668.5	56261674.7	56375764.1
58000000.0	57326796.5	57241671.2	57361439.1
59000000.0	58310839.0	58221478.1	58347114.7
60000000.0	59294796.9	59201099.8	59332748.0
61000000.0	60278670.9	60180536.9	60318340.1
62000000.0	61262539.6	61159789.9	61303891.9
63000000.0	62246369.8	62138859.2	62289404.4
64000000.0	63230125.5	63117745.3	63274878.5
65000000.0	64213807.3	64096448.7	64260315.0
66000000.0	65197416.1	65074969.6	65245714.7
67000000.0	66180693.1	66053308.6	66231078.3
68000000.0	67163826.0	67031466.0	67216406.7
69000000.0	68146993.7	68009442.0	68201700.4
70000000.0	69130227.3	68987237.2	69186960.3
71000000.0	70113468.0	69964851.8	70172186.8
72000000.0	71096638.6	70942286.1	71157380.7
73000000.0	72079739.7	71919540.5	72142546.3
74000000.0	73062771.8	72896615.2	73127692.2
75000000.0	74045735.2	73873510.5	74112808.0
76000000.0	75028630.5	74850226.7	75097894.2
77000000.0	76011458.0	75826764.1	76082951.3
78000000.0	76994218.2	76803123.0	77067979.8
79000000.0	77976728.3	77779303.5	78052980.2
80000000.0	78959141.2	78755305.9	79037952.8
81000000.0	79941480.3	79731130.5	80022898.2
82000000.0	80923793.2	80706777.5	81007922.8
83000000.0	81906137.1	81682247.1	81992979.4
84000000.0	82888414.2	82657539.6	82978016.7
85000000.0	83870624.9	83632700.4	83962999.3
86000000.0	84852769.6	84607757.6	84947635.8
87000000.0	85834848.4	85582641.2	85932239.9
88000000.0	86816861.8	86557351.5	86916812.1
89000000.0	87798809.9	87531888.6	87901352.5
90000000.0	88780693.1	88506252.7	88885861.6
91000000.0	89762511.5	89480444.0	89870353.1
92000000.0	90744265.6	90454462.8	90854836.1
93000000.0	91725955.5	91428309.1	91839289.6
94000000.0	92707581.3	92401983.1	92823921.1
95000000.0	93689143.5	93375485.1	93808642.0
96000000.0	94670642.2	94348815.2	94793344.7
97000000.0	95652077.5	95321973.6	95778029.6
98000000.0	96633449.8	96294960.3	96762696.9
99000000.0	97614826.6	97267775.6	97747346.9
100000000.0	98596156.8	98240419.6	98731979.6
101000000.0	99577327.0	99212892.5	99716595.5
102000000.0	100558435.4	100185194.4	100701194.7
103000000.0	101539482.0	101157325.4	101685777.4
104000000.0	102520467.1	102129285.7	102670343.8
105000000.0	103501390.9	103101075.4	103654894.1
106000000.0	104482253.5	104072694.7	104639428.5
107000000.0	105463055.1	105044143.6	105623947.2
108000000.0	106443795.8	106015422.4	106608450.3
109000000.0	107424475.8	106986531.0	107592938.1
110000000.0	108405095.3	107957469.7	108577410.7
111000000.0	109385654.3	108928238.6	109561868.2
112000000.0	110366153.1	109898837.7	110546310.9
113000000.0	111346632.4	110869267.3	111530738.9
114000000.0	112327335.2	111839527.3	112515221.9
115000000.0	113307985.7	112809617.9	113499768.3
116000000.0	114288584.1	113779539.3	114484304.2
117000000.0	115269130.5	114749291.5	115468829.6
118000000.0	116249625.0	115718874.6	116453344.7
119000000.0	117230067.8	116688288.7	117437849.7
120000000.0	118210459.0	117657534.0	118422344.7
121000000.0	119190798.7	118626610.5	119406829.8
122000000.0	120171087.0	119595518.4	120391305.2
123000000.0	121151324.0	120564257.6	121375770.9
124000000.0	122131509.9	121532828.4	122360227.2
125000000.0	123111644.7	122501230.8	123344674.0
126000000.0	124091688.7	123469464.9	124329111.6
127000000.0	125071620.6	124437530.8	125313540.0
128000000.0	126051499.4	125405428.5	126297959.3
129000000.0	127031325.1	126373158.3	127282369.7
130000000.0	128011097.8	127340720.1	128266771.3
131000000.0	128990817.6	128308114.0	129251164.1
132000000.0	129970484.5	129275340.2	130235548.2
133000000.0	130950098.8	130242398.7	131219923.7
134000000.0	131929660.4	131209289.5	132204290.8
135000000.0	132909169.4	132176012.9	133188649.5
136000000.0	133888485.9	133142568.8	134173000.0
137000000.0	134867579.0	134108957.3	135157355.6
138000000.0	135846614.4	135075178.5	136141703.5
139000000.0	136825592.1	136041232.5	137126043.5
140000000.0	137804512.2	137007119.4	138110375.9
141000000.0	138783374.7	137972839.2	139094700.7
142000000.0	139762179.7	138938392.1	140079018.0
143000000.0	140740927.2	139903778.0	141063327.8
144000000.0	141719617.4	140868997.1	142047630.2
145000000.0	142698250.3	141834049.4	143031925.3
146000000.0	143676825.9	142798935.0	144016213.1
147000000.0	144655344.2	143763654.0	145000493.8
148000000.0	145633805.5	144728206.5	145984767.3
149000000.0	146612209.6	145692592.5	146969033.9
150000000.0	147590556.7	146656812.0	147953293.4
151000000.0	148568846.8	147620865.2	148937546.0
152000000.0	149547080.0	148584752.1	149921791.7
153000000.0	150525256.2	149548424.7	150906030.7
154000000.0	151503375.6	150511647.1	151890262.8
155000000.0	152481438.3	151474698.3	152874488.4
156000000.0	153459444.1	152437578.6	153858707.2
157000000.0	154437393.3	153400287.8	154842919.5
158000000.0	155415285.8	154362826.1	155827125.3
159000000.0	156393121.7	155325193.6	156811324.5
160000000.0	157370901.0	156287390.3	157795517.4
161000000.0	158348623.8	157249416.2	158779703.9
162000000.0	159326290.1	158211271.5	159763884.0
163000000.0	160303899.9	159172956.2	160748057.9
164000000.0	161281453.4	160134470.3	161732225.5
165000000.0	162258950.5	161095814.0	162716387.0
166000000.0	163236391.2	162056987.3	163700542.2
167000000.0	164213775.6	163017990.2	164684691.4
168000000.0	165191103.8	163978822.8	165668834.6
169000000.0	166168375.8	164939485.1	166652971.7
170000000.0	167145591.6	165899977.3	167637102.8
171000000.0	168122751.2	166860299.4	168621228.0
172000000.0	169099854.7	167820451.4	169605347.3
173000000.0	170076902.2	168780433.4	170589460.8
174000000.0	171053893.5	169740245.5	171573568.4
175000000.0	172030828.9	170699887.7	172557670.2
176000000.0	173007630.2	171659360.1	173541766.3
177000000.0	173984021.5	172618662.7	174525856.7
178000000.0	174960350.5	173577795.7	175509941.4
179000000.0	175936617.2	174536758.9	176494020.4
180000000.0	176912821.7	175495552.6	177478093.9
181000000.0	177888964.0	176454176.7	178462161.7
182000000.0	178865044.1	177412631.4	179446224.0
183000000.0	179841062.1	178370916.6	180430280.8
184000000.0	180817017.9	179329032.5	181414332.2
185000000.0	181792911.7	180286979.0	182398378.0
186000000.0	182768743.3	181244756.3	183382418.4
187000000.0	183744512.9	182202364.4	184366453.5
188000000.0	184720220.5	183159803.4	185350483.2
189000000.0	185695866.0	184117073.3	186334507.5
190000000.0	186671449.6	185074174.1	187318526.5
191000000.0	187646971.2	186031105.9	188302540.3
192000000.0	188622430.8	186987868.9	189286548.8
193000000.0	189597828.5	187944462.9	190270552.0
194000000.0	190573164.4	188900888.1	191254550.1
195000000.0	191548438.3	189857144.6	192238542.9
196000000.0	192523650.4	190813232.3	193222530.6
197000000.0	193498800.7	191769151.4	194206513.2
198000000.0	194473889.1	192724901.9	195190330.3
199000000.0	195448915.7	193680483.8	196174010.5
200000000.0	196423880.6	194635897.3	197157682.0
201000000.0	197398783.7	195591142.3	198141344.8
202000000.0	198373625.0	196546218.8	199124999.0
203000000.0	199348404.7	197501127.1	200108644.5
204000000.0	200323122.6	198455867.0	201092281.4
205000000.0	201297778.9	199410438.7	202075909.8
206000000.0	202272373.4	200364842.3	203059529.6
207000000.0	203246906.4	201319077.7	204043140.8
208000000.0	204221377.7	202273145.0	205026743.5
209000000.0	205195787.4	203227044.2	206010337.7
210000000.0	206170135.5	204180775.5	206993923.4
211000000.0	207144422.0	205134338.9	207977500.6
212000000.0	208118647.0	206087734.4	208961069.3
213000000.0	209092810.4	207040962.0	209944629.6
214000000.0	210066912.3	207994021.9	210928181.5
215000000.0	211040952.7	208946914.0	211911725.0
216000000.0	212014931.6	209899638.5	212895415.7
217000000.0	212988849.0	210852195.3	213879153.7
218000000.0	213962705.0	211804584.6	214862885.7
219000000.0	214936499.5	212756806.3	215846611.8
220000000.0	215910232.6	213708860.6	216830331.9
221000000.0	216883904.2	214660747.4	217814046.2
222000000.0	217857514.5	215612466.9	218797754.6
223000000.0	218831063.4	216564019.0	219781457.2
224000000.0	219804924.6	217515403.9	220765153.9
225000000.0	220778898.8	218466621.5	221748844.7
226000000.0	221752817.5	219417671.9	222732529.8
227000000.0	222726680.9	220368555.2	223716209.0
228000000.0	223700488.9	221319271.5	224699882.5
229000000.0	224674241.5	222269820.7	225683550.2
230000000.0	225647938.9	223220202.9	226667212.1
231000000.0	226621580.9	224170418.2	227650868.3
232000000.0	227595167.6	225120466.6	228634518.7
233000000.0	228568699.1	226070348.1	229618163.4
234000000.0	229542175.2	227020062.9	230601802.5
235000000.0	230515596.1	227969610.9	231585435.8
236000000.0	231488961.8	228918992.3	232569063.4
237000000.0	232462272.3	229868207.0	233552685.4
238000000.0	233435527.5	230817255.1	234536301.7
239000000.0	234408727.5	231766136.6	235519912.3
240000000.0	235381872.4	232714851.7	236503517.4
241000000.0	236354962.0	233663400.3	237487116.8
242000000.0	237327996.5	234611782.5	238470710.6
243000000.0	238300975.9	235559998.4	239454298.7
244000000.0	239274062.4	236508047.9	240437881.3
245000000.0	240247162.4	237455931.2	241421458.4
246000000.0	241220209.4	238403648.3	242405029.8
247000000.0	242193203.2	239351199.2	243388595.7
248000000.0	243166144.0	240298584.0	244372156.0
249000000.0	244139031.7	241245802.7	245355710.9
250000000.0	245111866.3	242192855.4	246339260.1
251000000.0	246084647.9	243139742.2	247322803.9
252000000.0	247057376.4	244086463.0	248306342.2
253000000.0	248030052.0	245033017.9	249289874.9
254000000.0	249002674.5	245979407.0	250273402.2
255000000.0	249975244.0	246925630.3	251256924.0
256000000.0	250947760.5	247871687.8	252240440.3
257000000.0	251920224.1	248817579.7	253223951.2
258000000.0	252892634.7	249763305.9	254207456.6
259000000.0	253864992.3	250708866.6	255190956.5
260000000.0	254837297.0	251654261.6	256174451.1
261000000.0	255809548.8	252599491.2	257157940.2
262000000.0	256781747.6	253544555.3	258141423.9
263000000.0	257753893.6	254489454.0	259124902.1
264000000.0	258725986.6	255434187.3	260108375.0
265000000.0	259698026.8	256378755.3	261091842.5
266000000.0	260670014.1	257323158.1	262075304.6
267000000.0	261641948.5	258267395.6	263058761.4
268000000.0	262613830.0	259211467.9	264042245.7
269000000.0	263585658.7	260155375.1	265025727.4
270000000.0	264557434.6	261099117.2	266009204.0
271000000.0	265529157.7	262042694.2	266992675.6
272000000.0	266500827.9	262986106.3	267976142.2
273000000.0	267472445.3	263929353.4	268959603.8
274000000.0	268444010.0	264872435.6	269943060.3
275000000.0	269415521.8	265815353.0	270926511.8
276000000.0	270386980.9	266758105.5	271909958.4
277000000.0	271358387.2	267700693.3	272893399.9
278000000.0	272329740.8	268643116.3	273876836.5
279000000.0	273301041.6	269585374.7	274860268.1
280000000.0	274272289.7	270527468.4	275843694.7
281000000.0	275243485.0	271469397.5	276827116.4
282000000.0	276214627.7	272411162.2	277810533.1
283000000.0	277185717.6	273352762.3	278793944.8
284000000.0	278156754.8	274294197.9	279777351.6
285000000.0	279127739.3	275235469.2	280760753.4
286000000.0	280098671.2	276176576.1	281744150.4
287000000.0	281069550.4	277117518.7	282727542.4
288000000.0	282040376.9	278058297.0	283710929.5
289000000.0	283011150.7	278998911.1	284694311.6
290000000.0	283981872.0	279939361.1	285677688.9
291000000.0	284952540.5	280879646.9	286661061.2
292000000.0	285923156.5	281819768.6	287644428.7
293000000.0	286893719.8	282759726.2	288627791.2
294000000.0	287864230.5	283699519.9	289611148.9
295000000.0	288834688.7	284639149.6	290594501.7
296000000.0	289805094.2	285578615.4	291577849.6
297000000.0	290775447.1	286517917.4	292561192.7
298000000.0	291745747.5	287457055.5	293544530.9
299000000.0	292715995.3	288396029.9	294527864.2
300000000.0	293686190.5	289334840.5	295511192.7
301000000.0	294656333.2	290273487.4	296494516.3
302000000.0	295626423.3	291211970.7	297477835.1
303000000.0	296596461.0	292150290.5	298461149.1
304000000.0	297566446.0	293088446.6	299444458.2
305000000.0	298536378.6	294026439.3	300427762.5
306000000.0	299506258.6	294964268.5	301411061.9
307000000.0	300476086.2	295901934.3	302394356.6
308000000.0	301445861.2	296839436.7	303377646.4
309000000.0	302415583.8	297776775.8	304360931.4
310000000.0	303385253.9	298713951.6	305344211.7
311000000.0	304354871.5	299650964.2	306327487.1
312000000.0	305324436.6	300587813.5	307310757.7
313000000.0	306293949.3	301524499.8	308294023.5
314000000.0	307263409.6	302461022.9	309277284.6
315000000.0	308232817.4	303397382.9	310260540.8
316000000.0	309202172.7	304333580.0	311243792.3
317000000.0	310171475.7	305269614.1	312227039.0
318000000.0	311140726.2	306205485.2	313210281.0
319000000.0	312109924.3	307141193.5	314193518.2
320000000.0	313079070.0	308076738.9	315176750.6
321000000.0	314048163.3	309012121.5	316159978.2
322000000.0	315017204.2	309947341.4	317143201.2
323000000.0	315986192.8	310882398.5	318126419.3
324000000.0	316955128.9	311817293.0	319109632.7
325000000.0	317924012.7	312752024.9	320092841.4
326000000.0	318892844.2	313686594.2	321076045.3
327000000.0	319861623.3	314621001.0	322059244.5
328000000.0	320830350.0	315555245.3	323042439.0
329000000.0	321799024.4	316489327.1	324025628.7
330000000.0	322767646.5	317423246.6	325008813.8
331000000.0	323736216.2	318357003.6	325991994.1
332000000.0	324704733.6	319290598.4	326975169.7
333000000.0	325673198.7	320224030.9	327958340.5
334000000.0	326641611.6	321157301.2	328941506.7
335000000.0	327609972.1	322090409.3	329924668.2
336000000.0	328578280.3	323023355.2	330907824.9
337000000.0	329546536.2	323956139.1	331890977.0
338000000.0	330514739.9	324888760.9	332874124.4
339000000.0	331482891.3	325821220.7	333857267.1
340000000.0	332450990.4	326753518.5	334840405.0
341000000.0	333419037.3	327685654.4	335823538.4
342000000.0	334387031.9	328617628.5	336806667.0
343000000.0	335354974.3	329549440.7	337789790.9
344000000.0	336322864.5	330481091.1	338772910.2
345000000.0	337290702.4	331412579.7	339756024.8
346000000.0	338258488.1	332343906.7	340739134.7
347000000.0	339226221.5	333275072.0	341722240.0
348000000.0	340193902.8	334206075.7	342705340.6
349000000.0	341161531.9	335136917.8	343688436.5
350000000.0	342129108.7	336067598.3	344671527.8
351000000.0	343096633.4	336998117.4	345654614.5
352000000.0	344064105.9	337928475.0	346637696.5
353000000.0	345031526.2	338858671.3	347620773.8
354000000.0	345998894.4	339788706.2	348603846.5
355000000.0	346966210.4	340718579.7	349586914.5
356000000.0	347933474.2	341648292.0	350569977.9
357000000.0	348900685.8	342577843.1	351553036.7
358000000.0	349867845.4	343507232.9	352536090.8
359000000.0	350834952.8	344436461.7	353519140.3
360000000.0	351802008.0	345365529.3	354502185.2
361000000.0	352769011.1	346294435.9	355485225.5
362000000.0	353735962.1	347223181.4	356468261.1
363000000.0	354702861.0	348151766.0	357451292.1
364000000.0	355669707.8	349080189.7	358434318.5
365000000.0	356636502.5	350008452.4	359417340.3
366000000.0	357603245.0	350936554.3	360400357.4
367000000.0	358569935.5	351864495.5	361383370.0
368000000.0	359536573.9	352792275.8	362366377.9
369000000.0	360503160.3	353719895.5	363349381.2
370000000.0	361469694.5	354647354.5	364332380.0
371000000.0	362436176.7	355574652.8	365315374.1
372000000.0	363402606.8	356501790.6	366298363.6
373000000.0	364368984.9	357428767.8	367281348.5
374000000.0	365335310.9	358355584.5	368264328.9
375000000.0	366301584.9	359282240.8	369247304.6
376000000.0	367267806.9	360208736.6	370230275.8
377000000.0	368233976.8	361135072.1	371213242.3
378000000.0	369200094.7	362061247.2	372196204.3
379000000.0	370166160.5	362987262.1	373179161.7
380000000.0	371132174.4	363913116.7	374162114.6
381000000.0	372098136.3	364838811.1	375145062.8
382000000.0	373064046.1	365764345.3	376128006.5
383000000.0	374029904.0	366689719.5	377110945.5
384000000.0	374995709.8	367614933.5	378093880.1
385000000.0	375961463.7	368539987.5	379076810.0
386000000.0	376927165.6	369464881.5	380059735.4
387000000.0	377892815.6	370389615.6	381042656.2
388000000.0	378858413.5	371314189.8	382025572.5
389000000.0	379823959.5	372238604.1	383008484.1
390000000.0	380789453.6	373162858.5	383991391.3
391000000.0	381754895.7	374086953.2	384974293.8
392000000.0	382720285.8	375010888.2	385957191.8
393000000.0	383685624.1	375934663.5	386940085.3
394000000.0	384650910.3	376858279.1	387922974.2
395000000.0	385616144.7	377781735.1	388905858.6
396000000.0	386581327.1	378705031.5	389888738.4
397000000.0	387546457.7	379628168.4	390871613.6
398000000.0	388511536.3	380551145.8	391854484.4
399000000.0	389476563.0	381473963.8	392837350.5
400000000.0	390441537.8	382396622.4	393820212.2
401000000.0	391406460.7	383319121.6	394803069.2
402000000.0	392371331.7	384241461.5	395785921.8
403000000.0	393336150.9	385163642.1	396768769.8
404000000.0	394300918.2	386085663.5	397751613.3
405000000.0	395265633.5	387007525.7	398734452.3
406000000.0	396230297.1	387929228.8	399717286.7
407000000.0	397194908.7	388850772.7	400700116.6
408000000.0	398159468.6	389772157.6	401682941.9
409000000.0	399123976.5	390693383.5	402665762.8
410000000.0	400088432.6	391614450.4	403648579.1
411000000.0	401052836.9	392535358.3	404631390.9
412000000.0	402017153.1	393456107.4	405614198.2
413000000.0	402981061.1	394376697.6	406597000.9
414000000.0	403944915.2	395297128.9	407579799.1
415000000.0	404908715.3	396217401.5	408562592.9
416000000.0	405872461.5	397137515.4	409545382.1
417000000.0	406836153.8	398057470.6	410528166.8
418000000.0	407799792.2	398977267.2	411510946.9
419000000.0	408763376.7	399896905.1	412493722.6
420000000.0	409726907.3	400816384.5	413476493.8
421000000.0	410690384.0	401735705.3	414459260.4
422000000.0	411653806.9	402654867.7	415442022.6
423000000.0	412617175.8	403573871.6	416424780.2
424000000.0	413580490.9	404492717.2	417407533.4
425000000.0	414543752.1	405411404.4	418390282.0
426000000.0	415506959.5	406329933.2	419373026.1
427000000.0	416470113.0	407248303.8	420355765.8
428000000.0	417433212.6	408166516.2	421338500.9
429000000.0	418396258.4	409084570.4	422321231.6
430000000.0	419359250.4	410002466.4	423303957.7
431000000.0	420322188.5	410920204.4	424286679.4
432000000.0	421285072.8	411837784.2	425269396.6
433000000.0	422247903.3	412755206.1	426252109.3
434000000.0	423210679.9	413672470.0	427234817.5
435000000.0	424173402.8	414589575.9	428217521.2
436000000.0	425136071.8	415506523.9	429200220.4
437000000.0	426098687.0	416423314.1	430182915.1
438000000.0	427061248.4	417339946.4	431165605.4
439000000.0	428023756.1	418256421.0	432148291.2
440000000.0	428986209.9	419172737.9	433130972.5
441000000.0	429948610.0	420088897.0	434113649.3
442000000.0	430910956.3	421004898.5	435096321.6
443000000.0	431873248.8	421920742.4	436078989.5
444000000.0	432835487.6	422836428.8	437061652.9
445000000.0	433797672.6	423751957.6	438044311.8
446000000.0	434759803.8	424667328.9	439026966.2
447000000.0	435721881.3	425582542.8	440009616.2
448000000.0	436683905.1	426497599.2	440992261.7
449000000.0	437645875.1	427412498.3	441974902.7
450000000.0	438607791.4	428327240.1	442957539.2
451000000.0	439569653.9	429241824.6	443940171.3
452000000.0	440531462.8	430156251.9	444922798.9
453000000.0	441493217.9	431070522.0	445905422.1
454000000.0	442454919.3	431984634.9	446888040.8
455000000.0	443416567.0	432898590.7	447870655.0
456000000.0	444378160.9	433812389.5	448853264.8
457000000.0	445339701.2	434726031.2	449835870.1
458000000.0	446301187.8	435639515.9	450818470.9
459000000.0	447262620.7	436552843.6	451801067.3
460000000.0	448224000.0	437466014.5	452783659.3
461000000.0	449185325.5	438379028.4	453766246.7
462000000.0	450146597.4	439291885.6	454748829.7
463000000.0	451107815.6	440204585.9	455731408.3
464000000.0	452068980.2	441117129.6	456713982.4
465000000.0	453030091.1	442029516.5	457696552.1
466000000.0	453991148.3	442941746.7	458679117.3
467000000.0	454952151.9	443853820.3	459661678.1
468000000.0	455913101.9	444765737.4	460644234.4
469000000.0	456873998.2	445677497.9	461626786.2
470000000.0	457834840.9	446589101.9	462609333.6
471000000.0	458795630.0	447500549.4	463591876.6
472000000.0	459756365.4	448411840.5	464574415.1
473000000.0	460717047.3	449322975.3	465556949.2
474000000.0	461677675.5	450233953.7	466539478.8
475000000.0	462638250.1	451144775.8	467522004.0
476000000.0	463598771.1	452055441.6	468504524.8
477000000.0	464559238.6	452965951.3	469487041.1
478000000.0	465519652.4	453876304.7	470469553.0
479000000.0	466480012.7	454786502.0	471452060.4
480000000.0	467440319.3	455696543.3	472434563.4
481000000.0	468400572.4	456606428.4	473417062.0
482000000.0	469360772.0	457516157.6	474399556.1
483000000.0	470320917.9	458425730.8	475382045.8
484000000.0	471281010.3	459335148.1	476364531.1
485000000.0	472241049.2	460244409.4	477347011.9
486000000.0	473201034.5	461153515.0	478329488.3
487000000.0	474160966.3	462062464.7	479311960.2
488000000.0	475120844.5	462971258.6	480294427.8
489000000.0	476080669.2	463879896.8	481276890.9
490000000.0	477040440.3	464788379.3	482259347.6
491000000.0	478000158.0	465696706.2	483241580.7
492000000.0	478959822.1	466604877.5	484223808.3
493000000.0	479919432.7	467512893.2	485206030.5
494000000.0	480878989.8	468420753.4	486188247.4
495000000.0	481838493.4	469328458.1	487170458.8
496000000.0	482797943.5	470236007.3	488152664.8
497000000.0	483757340.1	471143401.1	489134865.4
498000000.0	484716683.2	472050639.6	490117060.6
499000000.0	485675972.8	472957722.8	491099250.3
500000000.0	486635208.9	473864650.6	492081434.7
501000000.0	487594391.6	474771423.2	493063613.7
502000000.0	488553520.8	475678040.7	494045787.2
503000000.0	489512596.5	476584502.9	495027955.4
504000000.0	490471618.8	477490810.0	496010118.1
505000000.0	491430587.6	478396962.1	496992275.4
506000000.0	492389503.0	479302959.1	497974427.4
507000000.0	493348364.9	480208801.1	498956573.9
508000000.0	494307173.4	481114488.1	499938715.0
509000000.0	495265928.5	482020020.3	500920958.1
510000000.0	496224630.1	482925397.5	501903206.0
511000000.0	497183278.3	483830619.9	502885449.0
512000000.0	498141873.1	484735687.5	503867687.1
513000000.0	499100414.5	485640600.3	504849920.3
514000000.0	500058902.4	486545358.4	505832148.6
515000000.0	501017337.0	487449961.9	506814371.9
516000000.0	501975718.1	488354410.6	507796590.4
517000000.0	502934045.9	489258704.8	508778803.9
518000000.0	503892320.2	490162844.5	509761012.5
519000000.0	504850541.2	491066829.6	510743216.3
520000000.0	505808708.8	491970660.2	511725415.1
521000000.0	506766823.0	492874336.4	512707609.0
522000000.0	507724883.9	493777858.2	513689798.0
523000000.0	508682891.4	494681225.6	514671982.1
524000000.0	509640845.5	495584438.7	515654161.3
525000000.0	510598746.3	496487497.5	516636335.5
526000000.0	511556593.7	497390402.1	517618504.9
527000000.0	512514387.8	498293152.5	518600669.4
528000000.0	513472128.5	499195748.7	519582829.0
529000000.0	514429815.9	500098190.8	520564983.6
530000000.0	515387449.9	501000478.8	521547133.4
531000000.0	516345030.7	501902612.7	522529278.3
532000000.0	517302558.1	502804592.7	523511418.2
533000000.0	518260032.2	503706418.7	524493553.3
534000000.0	519217453.0	504608090.8	525475683.4
535000000.0	520174820.4	505509609.0	526457808.7
536000000.0	521132134.6	506410973.4	527439929.1
537000000.0	522089395.5	507312183.9	528422044.6
538000000.0	523046603.1	508213240.7	529404155.1
539000000.0	524003757.3	509114143.8	530386260.8
540000000.0	524960858.3	510014893.2	531368361.6
541000000.0	525917906.1	510915488.9	532350457.5
542000000.0	526874900.5	511815931.0	533332548.5
543000000.0	527831841.7	512716219.6	534314634.6
544000000.0	528788729.6	513616354.6	535296715.8
545000000.0	529745564.3	514516336.2	536278792.1
546000000.0	530702345.7	515416164.3	537260863.5
547000000.0	531659073.9	516315839.0	538242930.0
548000000.0	532615748.8	517215360.4	539224991.7
549000000.0	533572370.4	518114728.4	540207048.4
550000000.0	534528938.9	519013943.1	541189100.3
551000000.0	535485454.1	519913004.6	542171147.3
552000000.0	536441916.1	520811912.8	543153189.3
553000000.0	537398324.8	521710667.9	544135226.5
554000000.0	538354680.3	522609269.9	545117258.8
555000000.0	539310982.7	523507718.8	546099286.2
556000000.0	540267231.8	524406014.6	547081308.8
557000000.0	541223427.7	525304157.4	548063326.4
558000000.0	542179570.4	526202147.3	549045339.2
559000000.0	543135660.0	527099984.2	550027347.0
560000000.0	544091696.3	527997668.2	551009350.0
561000000.0	545047679.5	528895199.4	551991348.1
562000000.0	546003609.4	529792577.7	552973341.3
563000000.0	546959486.2	530689803.3	553955329.7
564000000.0	547915309.9	531586876.2	554937313.1
565000000.0	548871080.4	532483796.3	555919291.7
566000000.0	549826797.7	533380563.8	556901265.4
567000000.0	550782461.8	534277178.7	557883234.2
568000000.0	551738072.8	535173641.0	558865198.1
569000000.0	552693630.7	536069950.7	559847157.1
570000000.0	553649135.4	536966108.0	560829111.3
571000000.0	554604587.0	537862112.8	561811060.6
572000000.0	555559985.5	538757965.2	562793005.0
573000000.0	556515330.8	539653665.2	563774944.5
574000000.0	557470623.0	540549212.8	564756879.2
575000000.0	558425862.1	541444608.2	565738809.0
576000000.0	559381048.1	542339851.2	566720733.8
577000000.0	560336180.9	543234942.1	567702653.9
578000000.0	561291260.7	544129880.8	568684569.0
579000000.0	562246287.4	545024667.3	569666479.3
580000000.0	563201260.9	545919301.7	570648384.7
581000000.0	564156181.4	546813784.1	571630285.2
582000000.0	565111048.8	547708114.4	572612180.8
583000000.0	566065863.2	548602292.7	573594071.6
584000000.0	567020624.4	549496319.1	574575957.5
585000000.0	567975332.6	550390193.6	575557838.5
586000000.0	568929987.7	551283916.2	576539714.7
587000000.0	569884589.8	552177486.9	577521585.9
588000000.0	570839138.8	553070905.9	578503452.3
589000000.0	571793634.7	553964173.1	579485313.9
590000000.0	572748077.6	554857288.6	580467170.5
591000000.0	573702467.5	555750252.4	581449022.3
592000000.0	574656804.3	556643064.6	582430869.2
593000000.0	575611088.1	557535725.1	583412711.3
594000000.0	576565318.8	558428234.2	584394548.5
595000000.0	577519496.6	559320591.6	585376380.8
596000000.0	578473621.3	560212797.7	586358208.2
597000000.0	579427693.0	561104852.2	587340030.8
598000000.0	580381711.7	561996755.4	588321848.5
599000000.0	581335677.4	562888507.2	589303661.4
600000000.0	582289590.1	563780107.6	590285469.3
601000000.0	583243449.8	564671556.8	591267272.5
602000000.0	584197256.5	565562854.7	592249070.7
603000000.0	585151010.2	566454001.4	593230864.1
604000000.0	586104711.0	567344997.0	594212652.6
605000000.0	587058358.7	568235841.4	595194436.2
606000000.0	588011953.5	569126534.7	596176215.0
607000000.0	588965495.3	570017076.9	597157988.9
608000000.0	589918984.2	570907468.1	598139758.0
609000000.0	590872420.1	571797708.4	599121522.2
610000000.0	591825803.1	572687797.7	600103281.5
611000000.0	592779133.1	573577736.1	601085036.0
612000000.0	593732410.1	574467523.7	602066785.6
613000000.0	594685634.2	575357160.4	603048530.3
614000000.0	595638805.4	576246646.3	604030270.2
615000000.0	596591923.7	577135981.5	605012005.2
616000000.0	597544989.0	578025166.0	605993735.4
617000000.0	598498001.4	578914199.8	606975460.7
618000000.0	599450960.9	579803083.0	607957181.1
619000000.0	600403867.5	580691815.6	608938896.7
620000000.0	601356721.2	581580397.6	609920607.4
621000000.0	602309521.9	582468829.1	610902313.3
622000000.0	603262269.8	583357110.2	611884014.3
623000000.0	604214964.8	584245240.8	612865710.4
624000000.0	605167606.9	585133221.0	613847401.7
625000000.0	606120196.1	586021050.8	614829088.2
626000000.0	607072732.4	586908730.3	615810769.7
627000000.0	608025215.9	587796259.5	616792446.5
628000000.0	608977646.5	588683638.5	617774118.3
629000000.0	609930024.2	589570867.3	618755785.3
630000000.0	610882349.0	590457945.9	619737447.5
631000000.0	611834621.0	591344874.4	620719104.8
632000000.0	612786840.2	592231652.8	621700757.2
633000000.0	613739006.5	593118281.1	622682404.8
634000000.0	614691120.0	594004759.4	623664047.5
635000000.0	615643180.6	594891087.8	624645685.4
636000000.0	616595188.4	595777266.2	625627318.4
637000000.0	617547143.3	596663294.7	626608946.6
638000000.0	618499045.5	597549173.3	627590569.9
639000000.0	619450894.8	598434902.1	628572188.3
640000000.0	620402691.3	599320481.1	629553802.0
641000000.0	621354435.0	600205910.4	630535410.7
642000000.0	622306125.9	601091190.0	631517014.6
643000000.0	623257763.9	601976319.9	632498613.7
644000000.0	624209349.2	602861300.1	633480207.9
645000000.0	625160881.7	603746130.8	634461797.2
646000000.0	626112361.4	604630811.9	635443381.7
647000000.0	627063788.4	605515343.5	636424961.4
648000000.0	628015162.5	606399725.6	637406536.2
649000000.0	628966483.9	607283958.3	638388106.1
650000000.0	629917752.5	608168041.5	639369671.2
651000000.0	630868968.3	609051975.4	640351231.5
652000000.0	631820131.4	609935760.0	641332786.9
653000000.0	632771241.7	610819395.3	642314337.4
654000000.0	633722299.3	611702881.3	643295883.1
655000000.0	634673304.1	612586218.2	644277424.0
656000000.0	635624256.2	613469405.8	645258960.0
657000000.0	636575155.6	614352444.3	646240491.2
658000000.0	637526002.2	615235333.7	647222017.5
659000000.0	638476796.1	616118074.1	648203539.0
660000000.0	639427537.2	617000665.4	649185055.6
661000000.0	640378225.7	617883107.7	650166567.4
662000000.0	641328861.4	618765401.1	651148074.3
663000000.0	642279444.4	619647545.6	652129576.4
664000000.0	643229974.8	620529541.2	653111073.6
665000000.0	644180452.4	621411388.0	654092566.0
666000000.0	645130877.3	622293086.0	655074053.6
667000000.0	646081249.5	623174635.2	656055536.3
668000000.0	647031569.1	624056035.7	657037014.1
669000000.0	647981835.9	624937287.5	658018487.2
670000000.0	648932050.1	625818390.7	658999955.3
671000000.0	649882211.6	626699345.3	659981418.7
672000000.0	650832320.4	627580151.3	660962877.1
673000000.0	651782376.6	628460808.8	661944330.8
674000000.0	652732380.1	629341317.8	662925779.6
675000000.0	653682331.0	630221678.3	663907223.6
676000000.0	654632229.2	631101890.4	664888662.7
677000000.0	655582074.7	631981954.1	665870097.0
678000000.0	656531867.7	632861869.5	666851526.4
679000000.0	657481607.9	633741636.6	667832951.0
680000000.0	658431295.6	634621255.4	668814370.7
681000000.0	659380930.6	635500726.0	669795785.7
682000000.0	660330513.0	636380048.4	670777195.7
683000000.0	661280042.8	637259222.7	671758601.0
684000000.0	662229519.9	638138248.8	672740001.4
685000000.0	663178944.5	639017126.9	673721396.9
686000000.0	664128316.4	639895856.9	674702787.6
687000000.0	665077635.8	640774438.9	675684173.5
688000000.0	666026902.5	641652873.0	676665554.5
689000000.0	666976116.7	642531159.1	677646930.7
690000000.0	667925278.3	643409297.4	678628302.1
691000000.0	668874387.2	644287287.8	679609668.6
692000000.0	669823443.6	645165130.3	680591030.3
693000000.0	670772447.5	646042825.2	681572387.1
694000000.0	671721398.7	646920372.2	682553739.2
695000000.0	672670297.4	647797771.6	683535086.3
696000000.0	673619143.6	648675023.3	684516428.7
697000000.0	674567937.2	649552127.3	685497766.2
698000000.0	675516678.2	650429083.8	686479098.8
699000000.0	676465366.7	651305892.8	687460426.6
700000000.0	677414002.6	652182554.2	688441749.6
701000000.0	678362586.0	653059068.1	689423067.8
702000000.0	679311116.9	653935434.6	690404381.1
703000000.0	680259595.2	654811653.7	691385689.6
704000000.0	681208021.0	655687725.5	692366993.2
705000000.0	682156394.3	656563649.9	693348292.1
706000000.0	683104715.1	657439427.0	694329586.0
707000000.0	684052983.4	658315056.9	695310875.2
708000000.0	685001199.1	659190539.6	696292159.5
709000000.0	685949362.4	660065875.0	697273439.0
710000000.0	686897473.2	660941063.4	698254713.6
711000000.0	687845531.4	661816104.6	699235983.4
712000000.0	688793537.2	662690998.8	700217248.4
713000000.0	689741490.5	663565746.0	701198508.5
714000000.0	690689391.3	664440346.1	702179763.9
715000000.0	691637239.7	665314799.3	703161014.3
716000000.0	692585035.5	666189105.6	704142260.0
717000000.0	693532778.9	667063265.0	705123500.8
718000000.0	694480469.9	667937277.6	706104736.8
719000000.0	695428108.3	668811143.4	707085967.9
720000000.0	696375694.4	669684862.4	708067194.2
721000000.0	697323228.0	670558434.7	709048415.7
722000000.0	698270709.1	671431860.2	710029632.4
723000000.0	699218137.8	672305139.2	711010844.2
724000000.0	700165514.1	673178271.5	711992051.2
725000000.0	701112837.9	674051257.2	712973253.4
726000000.0	702060109.3	674924096.4	713954450.7
727000000.0	703007328.3	675796789.1	714935643.2
728000000.0	703954494.9	676669335.3	715916830.9
729000000.0	704901609.0	677541735.1	716898013.8
730000000.0	705848670.8	678413988.5	717879191.8
731000000.0	706795680.1	679286095.5	718860365.0
732000000.0	707742637.1	680158056.2	719841533.3
733000000.0	708689541.6	681029870.6	720822696.9
734000000.0	709636393.8	681901538.8	721803855.6
735000000.0	710583193.5	682773060.8	722785009.4
736000000.0	711529940.9	683644436.5	723766158.5
737000000.0	712476636.0	684515666.2	724747302.7
738000000.0	713423278.6	685386749.8	725728442.1
739000000.0	714369868.9	686257687.3	726709576.7
740000000.0	715316406.8	687128478.7	727690706.4
741000000.0	716262892.3	687999124.2	728671831.3
742000000.0	717209325.5	688869623.8	729652951.4
743000000.0	718155706.4	689739977.4	730634066.6
744000000.0	719102034.9	690610185.1	731615177.1
745000000.0	720048311.0	691480247.0	732596282.7
746000000.0	720994534.9	692350163.1	733577383.5
747000000.0	721940706.4	693219933.5	734558479.4
748000000.0	722886825.5	694089558.1	735539570.5
749000000.0	723832892.4	694959037.0	736520656.8
750000000.0	724778906.9	695828370.2	737501738.3
751000000.0	725724869.1	696697557.9	738482815.0
752000000.0	726670779.0	697566599.9	739463886.8
753000000.0	727616636.6	698435496.4	740444953.8
754000000.0	728562441.9	699304247.4	741426016.0
755000000.0	729508194.9	700172853.0	742407073.3
756000000.0	730453895.5	701041313.1	743388125.9
757000000.0	731399544.0	701909627.8	744369173.6
758000000.0	732345140.1	702777797.1	745350216.4
759000000.0	733290683.9	703645821.1	746331254.5
760000000.0	734236175.5	704513699.8	747312287.7
761000000.0	735181614.8	705381433.3	748293316.1
762000000.0	736127001.8	706249021.6	749274339.7
763000000.0	737072336.6	707116464.6	750255358.5
764000000.0	738017619.1	707983762.6	751236372.4
765000000.0	738962849.4	708850915.4	752217381.6
766000000.0	739908027.4	709717923.2	753198385.9
767000000.0	740853153.2	710584785.9	754179385.3
768000000.0	741798226.7	711451503.6	755160380.0
769000000.0	742743248.0	712318076.4	756141369.8
770000000.0	743688217.1	713184504.3	757122354.8
771000000.0	744633133.9	714050787.3	758103335.0
772000000.0	745577998.6	714916925.4	759084310.4
773000000.0	746522811.0	715782918.7	760065280.9
774000000.0	747467571.2	716648767.2	761046246.7
775000000.0	748412279.1	717514471.0	762027207.6
776000000.0	749356934.9	718380030.1	763008163.7
777000000.0	750301538.5	719245444.6	763989114.9
778000000.0	751246089.9	720110714.4	764970061.4
779000000.0	752190589.1	720975839.6	765951003.0
780000000.0	753135036.1	721840820.2	766931939.8
781000000.0	754079430.9	722705656.4	767912871.8
782000000.0	755023773.6	723570348.0	768893798.9
783000000.0	755968064.0	724434895.2	769874721.3
784000000.0	756912302.3	725299298.0	770855638.8
785000000.0	757856488.5	726163556.4	771836551.5
786000000.0	758800622.5	727027670.5	772817459.4
787000000.0	759744704.3	727891640.3	773798362.5
788000000.0	760688734.0	728755465.8	774779260.7
789000000.0	761632711.5	729619147.1	775760154.2
790000000.0	762576636.9	730482684.2	776741042.8
791000000.0	763520510.1	731346077.1	777721926.6
792000000.0	764464331.2	732209325.9	778702805.6
793000000.0	765408100.2	733072430.7	779683679.7
794000000.0	766351817.1	733935391.3	780664549.1
795000000.0	767295481.8	734798208.0	781645413.6
796000000.0	768239094.4	735660880.7	782626273.3
797000000.0	769182655.0	736523409.5	783607128.2
798000000.0	770126163.4	737385794.3	784587978.3
799000000.0	771069619.7	738248035.3	785568823.5
800000000.0	772013023.9	739110132.5	786549664.0
801000000.0	772956376.0	739972085.9	787530499.6
802000000.0	773899676.0	740833895.5	788511330.4
803000000.0	774842923.9	741695561.4	789492156.4
804000000.0	775786119.8	742557083.6	790472977.6
805000000.0	776729263.6	743418462.1	791453794.0
806000000.0	777672355.3	744279697.1	792434605.5
807000000.0	778615394.9	745140788.4	793415412.2
808000000.0	779558382.5	746001736.3	794396214.2
809000000.0	780501318.0	746862540.6	795377011.3
810000000.0	781444201.5	747723201.4	796357803.5
811000000.0	782387032.9	748583718.9	797338591.0
812000000.0	783329812.3	749444092.9	798319373.7
813000000.0	784272539.6	750304323.5	799300151.5
814000000.0	785215214.9	751164410.9	800280924.5
815000000.0	786157838.1	752024354.9	801261692.8
816000000.0	787100409.4	752884155.7	802242456.2
817000000.0	788042928.6	753743813.3	803223214.7
818000000.0	788985395.8	754603327.7	804203968.5
819000000.0	789927810.9	755462699.0	805184717.5
820000000.0	790870174.1	756321927.1	806165461.6
821000000.0	791812485.3	757181012.2	807146200.9
822000000.0	792754744.4	758039954.3	808126935.5
823000000.0	793696951.6	758898753.3	809107665.2
824000000.0	794639106.7	759757409.4	810088390.1
825000000.0	795581209.9	760615922.5	811069110.1
826000000.0	796523261.1	761474292.8	812049825.4
827000000.0	797465260.3	762332520.2	813030535.9
828000000.0	798407207.5	763190604.8	814011241.5
829000000.0	799349102.8	764048546.6	814991942.3
830000000.0	800290946.1	764906345.6	815972638.3
831000000.0	801232737.4	765764001.9	816953329.6
832000000.0	802174476.8	766621515.6	817934015.9
833000000.0	803116164.2	767478886.6	818914697.5
834000000.0	804057799.7	768336115.0	819895374.3
835000000.0	804999383.2	769193200.9	820876046.3
836000000.0	805940914.8	770050144.2	821856713.4
837000000.0	806882394.5	770906945.0	822837375.7
838000000.0	807823822.2	771763603.3	823818033.3
839000000.0	808765198.0	772620119.2	824798686.0
840000000.0	809706521.8	773476492.7	825779333.9
841000000.0	810647793.8	774332723.9	826759977.0
842000000.0	811589013.8	775188812.8	827740615.3
843000000.0	812530181.9	776044759.3	828721248.7
844000000.0	813471298.2	776900563.6	829701877.4
845000000.0	814412362.5	777756225.7	830682501.3
846000000.0	815353374.9	778611745.7	831663120.3
847000000.0	816294335.4	779467123.4	832643734.5
848000000.0	817235244.1	780322359.1	833624344.0
849000000.0	818176100.8	781177452.7	834604948.6
850000000.0	819116905.7	782032404.3	835585548.4
851000000.0	820057658.7	782887213.9	836566143.4
852000000.0	820998359.8	783741881.5	837546733.6
853000000.0	821939009.1	784596407.2	838527318.9
854000000.0	822879606.5	785450790.9	839507899.5
855000000.0	823820152.0	786305032.9	840488475.3
856000000.0	824760645.7	787159133.0	841469046.2
857000000.0	825701087.5	788013091.3	842449612.4
858000000.0	826641477.5	788866907.9	843430173.7
859000000.0	827581815.7	789720582.7	844410730.2
860000000.0	828522102.0	790574115.9	845391282.0
861000000.0	829462336.5	791427507.4	846371828.9
862000000.0	830402519.2	792280757.4	847352371.0
863000000.0	831342650.0	793133865.7	848332908.3
864000000.0	832282729.0	793986832.5	849313440.8
865000000.0	833222756.2	794839657.9	850293968.4
866000000.0	834162731.6	795692341.7	851274491.3
867000000.0	835102655.2	796544884.1	852255009.4
868000000.0	836042527.0	797397285.1	853235522.6
869000000.0	836982347.0	798249544.8	854216031.1
870000000.0	837922115.2	799101663.1	855196534.7
871000000.0	838861831.6	799953640.2	856177033.6
872000000.0	839801496.2	800805475.9	857157527.6
873000000.0	840741109.0	801657170.5	858138016.8
874000000.0	841680670.1	802508723.9	859118501.3
875000000.0	842620179.4	803360136.1	860098980.9
876000000.0	843559636.9	804211407.2	861079455.7
877000000.0	844499042.7	805062537.3	862059925.7
878000000.0	845438396.7	805913526.3	863040390.9
879000000.0	846377699.0	806764374.3	864020851.3
880000000.0	847316949.5	807615081.3	865001306.9
881000000.0	848256148.2	808465647.4	865981757.7
882000000.0	849195295.2	809316072.6	866962203.6
883000000.0	850134390.5	810166356.9	867942644.8
884000000.0	851073434.1	811016500.4	868923081.2
885000000.0	852012425.9	811866503.0	869903512.7
886000000.0	852951366.0	812716365.0	870883939.5
887000000.0	853890254.4	813566086.2	871864361.4
888000000.0	854829091.1	814415666.7	872844778.6
889000000.0	855767876.0	815265106.5	873825190.9
890000000.0	856706609.3	816114405.8	874805598.5
891000000.0	857645290.8	816963564.4	875786001.2
892000000.0	858583920.7	817812582.5	876766399.1
893000000.0	859522498.8	818661460.1	877746792.2
894000000.0	860461025.3	819510197.2	878727180.6
895000000.0	861399500.1	820358793.8	879707564.1
896000000.0	862337923.2	821207250.1	880687942.8
897000000.0	863276294.6	822055565.9	881668316.7
898000000.0	864214614.4	822903741.5	882648685.8
899000000.0	865152882.5	823751776.7	883629050.1
900000000.0	866091098.9	824599671.6	884609409.6
901000000.0	867029263.7	825447426.4	885589764.3
902000000.0	867967376.8	826295040.9	886570114.2
903000000.0	868905438.2	827142515.2	887550459.3
904000000.0	869843448.0	827989849.4	888530799.6
905000000.0	870781406.2	828837043.6	889511135.1
906000000.0	871719312.8	829684097.6	890491465.8
907000000.0	872657167.7	830531011.7	891471791.7
908000000.0	873594971.0	831377785.7	892452112.7
909000000.0	874532722.6	832224419.8	893432429.0
910000000.0	875470422.6	833070914.0	894412740.5
911000000.0	876408071.1	833917268.3	895393047.2
912000000.0	877345667.9	834763482.7	896373349.0
913000000.0	878283213.1	835609557.3	897353646.1
914000000.0	879220706.7	836455492.2	898333938.4
915000000.0	880158148.7	837301287.3	899314225.8
916000000.0	881095539.1	838146942.7	900294508.5
917000000.0	882032877.9	838992458.4	901274786.4
918000000.0	882970165.1	839837834.4	902255059.4
919000000.0	883907400.8	840683070.9	903235327.7
920000000.0	884844584.9	841528167.8	904215591.2
921000000.0	885781717.4	842373125.1	905195849.8
922000000.0	886718798.3	843217943.0	906176103.7
923000000.0	887655827.7	844062621.3	907156352.7
924000000.0	888592805.5	844907160.3	908136597.0
925000000.0	889529731.7	845751559.8	909116836.5
926000000.0	890466606.4	846595820.0	910097071.1
927000000.0	891403429.6	847439940.8	911077301.0
928000000.0	892340201.2	848283922.4	912057526.0
929000000.0	893276921.3	849127764.7	913037746.3
930000000.0	894213589.8	849971467.7	914017961.8
931000000.0	895150206.8	850815031.6	914998172.4
932000000.0	896086772.3	851658456.3	915978378.3
933000000.0	897023286.3	852501741.9	916958579.3
934000000.0	897959748.7	853344888.4	917938775.6
935000000.0	898896159.7	854187895.9	918918967.0
936000000.0	899832519.1	855030764.3	919899153.7
937000000.0	900768827.0	855873493.8	920879335.6
938000000.0	901705083.5	856716084.3	921859512.6
939000000.0	902641288.4	857558535.9	922839684.9
940000000.0	903577441.8	858400848.6	923819852.4
941000000.0	904513543.8	859243022.5	924800015.0
942000000.0	905449594.3	860085057.6	925780172.9
943000000.0	906385593.3	860926953.8	926760326.0
944000000.0	907321540.8	861768711.4	927740474.2
945000000.0	908257436.8	862610330.2	928720617.7
946000000.0	909193281.4	863451810.4	929700756.4
947000000.0	910129074.6	864293151.9	930680890.3
948000000.0	911064816.2	865134354.8	931661019.3
949000000.0	912000506.4	865975419.2	932641143.6
950000000.0	912936145.2	866816345.0	933621263.1
951000000.0	913871732.5	867657132.3	934601377.8
952000000.0	914807268.4	868497781.2	935581487.7
953000000.0	915742752.9	869338291.6	936561592.8
954000000.0	916678185.9	870178663.6	937541693.1
955000000.0	917613567.5	871018897.3	938521788.6
956000000.0	918548897.7	871858992.6	939501879.3
957000000.0	919484176.4	872698949.6	940481965.2
958000000.0	920419403.8	873538768.4	941462046.3
959000000.0	921354579.7	874378448.9	942442122.6
960000000.0	922289704.2	875217991.3	943422194.1
961000000.0	923224777.3	876057395.5	944402260.8
962000000.0	924159799.1	876896661.6	945382322.7
963000000.0	925094769.4	877735789.6	946362379.8
964000000.0	926029688.4	878574779.5	947342432.1
965000000.0	926964555.9	879413631.4	948322479.7
966000000.0	927899372.1	880252345.3	949302522.4
967000000.0	928834136.9	881090921.3	950282560.3
968000000.0	929768850.4	881929359.4	951262593.5
969000000.0	930703512.4	882767659.6	952242621.8
970000000.0	931638123.1	883605821.9	953222645.4
971000000.0	932572682.5	884443846.4	954202664.1
972000000.0	933507190.5	885281733.1	955182678.1
973000000.0	934441647.1	886119482.1	956162687.2
974000000.0	935376052.4	886957093.4	957142691.6
975000000.0	936310406.4	887794567.0	958122691.2
976000000.0	937244709.0	888631903.0	959102685.9
977000000.0	938178960.3	889469101.3	960082675.9
978000000.0	939113160.3	890306162.1	961062661.1
979000000.0	940047308.9	891143085.3	962042641.5
980000000.0	940981406.2	891979871.0	963022617.1
981000000.0	941915452.2	892816519.3	964002587.9
982000000.0	942849446.9	893653030.1	964982553.9
983000000.0	943783390.3	894489403.5	965962515.1
984000000.0	944717282.4	895325639.5	966942471.5
985000000.0	945651123.2	896161738.2	967922423.1
986000000.0	946584912.7	896997699.6	968902370.0
987000000.0	947518650.9	897833523.7	969882312.0
988000000.0	948452337.8	898669210.6	970862249.2
989000000.0	949385973.4	899504760.2	971842181.7
990000000.0	950319557.8	900340172.8	972822109.3
991000000.0	951253090.9	901175448.1	973802032.2
992000000.0	952186572.7	902010586.4	974781950.2
993000000.0	953120003.3	902845587.6	975761863.5
994000000.0	954053382.5	903680451.8	976741772.0
995000000.0	954986710.6	904515179.0	977721675.7
996000000.0	955919987.4	905349769.2	978701574.5
997000000.0	956853212.9	906184222.5	979681468.6
998000000.0	957786387.2	907018538.9	980661357.9
999000000.0	958719510.3	907852718.5	981641242.4
1000000000.0	959652582.1	908686761.2	982621122.2
1001000000.0	960585602.7	909520667.1	983600997.1
1002000000.0	961518572.0	910354436.2	984580867.2
1003000000.0	962451490.2	911188068.6	985560732.5
1004000000.0	963384357.1	912021564.4	986540593.1
1005000000.0	964317172.8	912854923.4	987520448.8
1006000000.0	965249937.3	913688145.9	988500299.8
1007000000.0	966182650.6	914521231.7	989480146.0
1008000000.0	967115312.7	915354181.0	990459987.3
1009000000.0	968047923.6	916186993.8	991439823.9
1010000000.0	968980483.3	917019670.1	992419655.7
1011000000.0	969912991.8	917852209.9	993399482.7
1012000000.0	970845449.2	918684613.3	994379304.9
1013000000.0	971777855.3	919516880.3	995359122.3
1014000000.0	972710210.3	920349011.0	996338934.9
1015000000.0	973642514.1	921181005.3	997318742.8
1016000000.0	974574766.8	922012863.3	998298545.8
1017000000.0	975506968.2	922844585.1	999278344.0
1018000000.0	976439118.6	923676170.7	1000258137.5
1019000000.0	977371217.7	924507620.1	1001237926.2
1020000000.0	978303265.8	925338933.3	1002217710.0
1021000000.0	979235262.6	926170110.4	1003197489.1
1022000000.0	980167208.4	927001151.4	1004177263.4
1023000000.0	981099103.0	927832056.4	1005157032.9
1024000000.0	982030946.4	928662825.3	1006136797.6
1025000000.0	982962738.8	929493458.3	1007116557.5
1026000000.0	983894480.0	930323955.3	1008096312.6
1027000000.0	984826170.1	931154316.4	1009076063.0
1028000000.0	985757809.1	931984541.6	1010055808.5
1029000000.0	986689396.9	932814631.0	1011035549.3
1030000000.0	987620933.7	933644584.5	1012015285.2
1031000000.0	988552419.3	934474402.3	1012995016.4
1032000000.0	989483853.9	935304084.3	1013974742.8
1033000000.0	990415237.4	936133630.5	1014954464.4
1034000000.0	991346569.7	936963041.1	1015934181.2
1035000000.0	992277851.0	937792316.1	1016913893.2
1036000000.0	993209081.2	938621455.4	1017893600.4
1037000000.0	994140260.3	939450459.2	1018873302.8
1038000000.0	995071388.4	940279327.4	1019853000.5
1039000000.0	996002465.4	941108060.0	1020832693.3
1040000000.0	996933491.3	941936657.2	1021812381.4
1041000000.0	997864466.1	942765119.0	1022792064.7
1042000000.0	998795389.9	943593445.3	1023771743.1
1043000000.0	999726262.7	944421636.2	1024751416.8
1044000000.0	1000657084.4	945249691.8	1025731085.7
1045000000.0	1001587855.1	946077612.1	1026710749.8
1046000000.0	1002518574.7	946905397.1	1027690409.2
1047000000.0	1003449243.3	947733046.9	1028670063.7
1048000000.0	1004379860.8	948560561.4	1029649713.5
1049000000.0	1005310427.3	949387940.7	1030629358.4
1050000000.0	1006240942.8	950215184.9	1031608998.6
1051000000.0	1007171407.3	951042294.0	1032588634.0
1052000000.0	1008101820.8	951869268.0	1033568264.6
1053000000.0	1009032183.2	952696106.9	1034547890.4
1054000000.0	1009962494.7	953522810.9	1035527511.4
1055000000.0	1010892755.1	954349379.8	1036507127.6
1056000000.0	1011822964.6	955175813.8	1037486739.0
1057000000.0	1012753123.1	956002112.9	1038466345.7
1058000000.0	1013683230.5	956828277.1	1039445947.5
1059000000.0	1014613287.0	957654306.4	1040425544.6
1060000000.0	1015543292.5	958480200.9	1041405136.9
1061000000.0	1016473247.1	959305960.7	1042384724.4
1062000000.0	1017403150.6	960131585.6	1043364307.1
1063000000.0	1018333003.2	960957075.9	1044343885.0
1064000000.0	1019262804.8	961782431.5	1045323458.1
1065000000.0	1020192555.5	962607652.4	1046303026.5
1066000000.0	1021122255.2	963432738.7	1047282590.1
1067000000.0	1022051904.0	964257690.4	1048262148.8
1068000000.0	1022981501.8	965082507.6	1049241702.8
1069000000.0	1023911048.7	965907190.3	1050221252.0
1070000000.0	1024840544.6	966731738.4	1051200796.4
1071000000.0	1025769989.6	967556152.1	1052180336.0
1072000000.0	1026699383.7	968380431.4	1053159870.9
1073000000.0	1027628726.8	969204576.3	1054139400.9
1074000000.0	1028558019.0	970028586.9	1055118926.2
1075000000.0	1029487260.3	970852463.1	1056098446.6
1076000000.0	1030416450.7	971676205.0	1057077962.3
1077000000.0	1031345590.2	972499812.7	1058057473.2
1078000000.0	1032274678.8	973323286.2	1059036979.3
1079000000.0	1033203716.5	974146625.5	1060016480.7
1080000000.0	1034132703.2	974969830.6	1060995977.2
1081000000.0	1035061639.1	975792901.6	1061975468.9
1082000000.0	1035990524.1	976615838.5	1062954955.9
1083000000.0	1036919358.2	977438641.3	1063934438.1
1084000000.0	1037848141.5	978261310.1	1064913915.5
1085000000.0	1038776873.8	979083845.0	1065893388.1
1086000000.0	1039705555.3	979906245.8	1066872855.9
1087000000.0	1040634186.0	980728512.8	1067852318.9
1088000000.0	1041562765.7	981550645.8	1068831777.2
1089000000.0	1042491294.6	982372645.0	1069811230.7
1090000000.0	1043419772.7	983194510.4	1070790679.3
1091000000.0	1044348199.9	984016241.9	1071770123.2
1092000000.0	1045276576.2	984837839.7	1072749562.3
1093000000.0	1046204901.8	985659303.8	1073728996.7
1094000000.0	1047133176.4	986480634.2	1074708426.2
1095000000.0	1048061400.3	987301830.9	1075687850.9
1096000000.0	1048989573.3	988122894.0	1076667270.9
1097000000.0	1049917695.5	988943823.5	1077646686.1
1098000000.0	1050845766.8	989764619.4	1078626096.5
1099000000.0	1051773787.4	990585281.8	1079605502.1
1100000000.0	1052701757.1	991405810.7	1080584902.9
1101000000.0	1053629676.1	992226206.1	1081564298.9
1102000000.0	1054557544.2	993046468.1	1082543690.2
1103000000.0	1055485361.5	993866596.7	1083523076.7
1104000000.0	1056413128.1	994686591.9	1084502458.4
1105000000.0	1057340843.8	995506453.8	1085481835.2
1106000000.0	1058268508.7	996326182.3	1086461207.4
1107000000.0	1059196122.9	997145777.7	1087440574.7
1108000000.0	1060123686.3	997965239.7	1088419937.2
1109000000.0	1061051198.9	998784568.6	1089399295.0
1110000000.0	1061978660.8	999603764.3	1090378648.0
1111000000.0	1062906071.9	1000422826.8	1091357996.2
1112000000.0	1063833432.2	1001241756.3	1092337339.6
1113000000.0	1064760741.7	1002060552.7	1093316678.2
1114000000.0	1065688000.5	1002879216.0	1094296012.0
1115000000.0	1066615208.6	1003697746.3	1095275341.1
1116000000.0	1067542365.9	1004516143.7	1096254665.4
1117000000.0	1068469472.5	1005334408.1	1097233984.9
1118000000.0	1069396528.3	1006152539.5	1098213299.6
1119000000.0	1070323533.4	1006970538.1	1099192609.5
1120000000.0	1071250487.8	1007788403.9	1100171914.6
1121000000.0	1072177391.5	1008606136.8	1101151215.0
1122000000.0	1073104244.4	1009423737.0	1102130510.6
1123000000.0	1074031046.6	1010241204.4	1103109801.3
1124000000.0	1074957798.1	1011058539.1	1104089087.3
1125000000.0	1075884498.9	1011875741.1	1105068368.6
1126000000.0	1076811149.0	1012692810.5	1106047645.0
1127000000.0	1077737748.4	1013509747.2	1107026916.7
1128000000.0	1078664297.1	1014326551.4	1108006183.5
1129000000.0	1079590795.1	1015143223.0	1108985445.6
1130000000.0	1080517242.4	1015959762.1	1109964702.9
1131000000.0	1081443639.1	1016776168.7	1110943955.4
1132000000.0	1082369985.0	1017592442.8	1111923203.2
1133000000.0	1083296280.3	1018408584.5	1112902446.1
1134000000.0	1084222524.9	1019224593.8	1113881684.3
1135000000.0	1085148718.9	1020040470.8	1114860917.7
1136000000.0	1086074862.2	1020856215.4	1115840146.3
1137000000.0	1087000954.8	1021671827.7	1116819370.1
1138000000.0	1087926996.8	1022487307.8	1117798589.2
1139000000.0	1088852988.1	1023302655.6	1118777803.5
1140000000.0	1089778928.8	1024117871.3	1119757012.9
1141000000.0	1090704818.8	1024932954.8	1120736217.6
1142000000.0	1091630658.2	1025747906.1	1121715417.5
1143000000.0	1092556447.0	1026562725.3	1122694612.7
1144000000.0	1093482185.2	1027377412.5	1123673803.0
1145000000.0	1094407872.7	1028191967.6	1124652988.6
1146000000.0	1095333509.6	1029006390.8	1125632169.4
1147000000.0	1096259095.9	1029820681.9	1126611345.4
1148000000.0	1097184631.5	1030634841.1	1127590516.6
1149000000.0	1098110116.6	1031448868.4	1128569683.1
1150000000.0	1099035551.1	1032262763.9	1129548844.7
1151000000.0	1099960934.9	1033076527.4	1130528001.6
1152000000.0	1100886268.2	1033890159.2	1131507153.7
1153000000.0	1101811550.9	1034703659.2	1132486301.0
1154000000.0	1102736783.0	1035517027.5	1133465443.6
1155000000.0	1103661964.5	1036330264.0	1134444581.3
1156000000.0	1104587095.4	1037143368.8	1135423714.3
1157000000.0	1105512175.8	1037956342.0	1136402842.5
1158000000.0	1106437205.6	1038769183.6	1137381965.9
1159000000.0	1107362184.8	1039581893.6	1138361084.5
1160000000.0	1108287113.5	1040394472.1	1139340198.4
1161000000.0	1109211991.6	1041206919.0	1140319307.5
1162000000.0	1110136819.1	1042019234.4	1141298411.7
1163000000.0	1111061596.1	1042831418.4	1142277511.3
1164000000.0	1111986322.6	1043643470.9	1143256606.0
1165000000.0	1112910998.5	1044455392.1	1144235695.9
1166000000.0	1113835623.9	1045267181.9	1145214781.1
1167000000.0	1114760198.8	1046078840.3	1146193861.5
1168000000.0	1115684723.1	1046890367.5	1147172937.1
1169000000.0	1116609196.9	1047701763.4	1148152007.9
1170000000.0	1117533620.2	1048513028.1	1149131074.0
1171000000.0	1118457992.9	1049324161.5	1150110135.2
1172000000.0	1119382315.2	1050135163.8	1151089191.7
1173000000.0	1120306586.9	1050946035.0	1152068243.4
1174000000.0	1121230808.2	1051756775.0	1153047290.3
1175000000.0	1122154978.9	1052567384.0	1154026332.5
1176000000.0	1123079099.1	1053377861.9	1155005369.9
1177000000.0	1124003168.9	1054188208.8	1155984402.4
1178000000.0	1124927188.2	1054998424.8	1156963430.2
1179000000.0	1125851157.0	1055808509.8	1157942453.3
1180000000.0	1126775075.3	1056618463.9	1158921471.5
1181000000.0	1127698943.1	1057428287.1	1159900485.0
1182000000.0	1128622760.5	1058237979.4	1160879493.7
1183000000.0	1129546527.4	1059047540.9	1161858497.6
1184000000.0	1130470243.8	1059856971.7	1162837496.7
1185000000.0	1131393909.8	1060666271.7	1163816491.1
1186000000.0	1132317525.3	1061475440.9	1164795480.6
1187000000.0	1133241090.4	1062284479.5	1165774465.4
1188000000.0	1134164605.0	1063093387.4	1166753445.4
1189000000.0	1135088069.2	1063902164.7	1167732420.7
1190000000.0	1136011483.0	1064710811.4	1168711391.1
1191000000.0	1136934846.3	1065519327.5	1169690356.8
1192000000.0	1137858159.2	1066327713.1	1170669317.7
1193000000.0	1138781421.6	1067135968.2	1171648273.8
1194000000.0	1139704633.7	1067944092.9	1172627225.2
1195000000.0	1140627795.3	1068752087.1	1173606171.7
1196000000.0	1141550906.5	1069559950.8	1174585113.5
1197000000.0	1142473967.4	1070367684.2	1175564050.5
1198000000.0	1143396977.8	1071175287.3	1176542982.8
1199000000.0	1144319937.8	1071982760.1	1177521910.2
1200000000.0	1145242847.4	1072790102.6	1178500832.9
1201000000.0	1146165706.6	1073597314.8	1179479750.8
1202000000.0	1147088515.4	1074404396.8	1180458663.9
1203000000.0	1148011273.9	1075211348.6	1181437572.2
1204000000.0	1148933982.0	1076018170.3	1182416475.8
1205000000.0	1149856639.7	1076824861.9	1183395374.6
1206000000.0	1150779247.0	1077631423.4	1184374268.6
1207000000.0	1151701804.0	1078437854.8	1185353157.8
1208000000.0	1152624310.6	1079244156.2	1186332042.2
1209000000.0	1153546766.8	1080050327.6	1187310921.9
1210000000.0	1154469172.7	1080856369.0	1188289796.8
1211000000.0	1155391528.2	1081662280.5	1189268666.9
1212000000.0	1156313833.4	1082468062.1	1190247532.2
1213000000.0	1157236088.3	1083273713.8	1191226392.8
1214000000.0	1158158292.8	1084079235.7	1192205248.6
1215000000.0	1159080447.0	1084884627.8	1193184099.6
1216000000.0	1160002550.8	1085689890.2	1194162945.8
1217000000.0	1160924604.4	1086495022.8	1195141787.3
1218000000.0	1161846607.6	1087300025.6	1196120623.9
1219000000.0	1162768560.5	1088104898.8	1197099455.8
1220000000.0	1163690463.0	1088909642.4	1198078283.0
1221000000.0	1164612315.3	1089714256.3	1199057105.3
1222000000.0	1165534117.3	1090518740.7	1200035922.9
1223000000.0	1166455868.9	1091323095.5	1201014735.7
1224000000.0	1167377570.3	1092127320.7	1201993543.7
1225000000.0	1168299221.4	1092931416.5	1202972346.9
1226000000.0	1169220822.2	1093735382.8	1203951145.4
1227000000.0	1170142372.7	1094539219.7	1204929939.0
1228000000.0	1171063872.9	1095342927.3	1205908727.9
1229000000.0	1171985322.9	1096146505.4	1206887512.1
1230000000.0	1172906722.5	1096949954.2	1207866291.4
1231000000.0	1173828071.9	1097753273.7	1208845066.0
1232000000.0	1174749371.1	1098556464.0	1209823835.8
1233000000.0	1175670620.0	1099359525.0	1210802600.8
1234000000.0	1176591818.6	1100162456.7	1211781361.1
1235000000.0	1177512967.0	1100965259.4	1212760116.5
1236000000.0	1178434065.1	1101767932.8	1213738867.2
1237000000.0	1179355113.0	1102570477.2	1214717613.2
1238000000.0	1180276110.7	1103372892.5	1215696354.3
1239000000.0	1181197058.1	1104175178.7	1216675090.7
1240000000.0	1182117955.3	1104977335.9	1217653822.3
1241000000.0	1183038802.3	1105779364.1	1218632549.1
1242000000.0	1183959599.0	1106581263.4	1219611271.1
1243000000.0	1184880345.6	1107383033.7	1220589988.4
1244000000.0	1185801041.9	1108184675.2	1221568700.9
1245000000.0	1186721688.0	1108986187.7	1222547408.6
1246000000.0	1187642283.9	1109787571.5	1223526111.5
1247000000.0	1188562829.6	1110588826.4	1224504809.7
1248000000.0	1189483325.1	1111389952.6	1225483503.1
1249000000.0	1190403770.4	1112190950.1	1226462191.7
1250000000.0	1191324165.5	1112991818.8	1227440875.5
1251000000.0	1192244510.4	1113792558.9	1228419554.6
1252000000.0	1193164805.2	1114593170.3	1229398228.9
1253000000.0	1194085049.8	1115393653.1	1230376898.4
1254000000.0	1195005244.2	1116194007.3	1231355563.1
1255000000.0	1195925388.4	1116994232.9	1232334223.1
1256000000.0	1196845482.5	1117794330.1	1233312878.3
1257000000.0	1197765526.4	1118594298.7	1234291528.7
1258000000.0	1198685520.2	1119394138.9	1235270174.3
1259000000.0	1199605463.8	1120193850.7	1236248815.2
1260000000.0	1200525357.2	1120993434.1	1237227451.3
1261000000.0	1201445200.6	1121792889.1	1238206082.6
1262000000.0	1202364993.7	1122592215.8	1239184709.2
1263000000.0	1203284736.8	1123391414.1	1240163330.9
1264000000.0	1204204429.7	1124190484.2	1241141947.9
1265000000.0	1205124072.5	1124989426.1	1242120560.1
1266000000.0	1206043665.1	1125788239.8	1243099167.6
1267000000.0	1206963207.7	1126586925.2	1244077770.2
1268000000.0	1207882700.1	1127385482.6	1245056368.1
1269000000.0	1208802142.4	1128183911.8	1246034961.3
1270000000.0	1209721534.6	1128982212.9	1247013549.6
1271000000.0	1210640876.7	1129780386.0	1247992133.2
1272000000.0	1211560168.7	1130578431.0	1248970712.0
1273000000.0	1212479410.7	1131376348.1	1249949286.0
1274000000.0	1213398602.5	1132174137.1	1250927855.3
1275000000.0	1214317744.2	1132971798.3	1251906419.7
1276000000.0	1215236835.9	1133769331.6	1252884979.4
1277000000.0	1216155877.5	1134566737.0	1253863534.4
1278000000.0	1217074869.0	1135364014.5	1254842084.5
1279000000.0	1217993810.4	1136161164.3	1255820629.9
1280000000.0	1218912701.8	1136958186.2	1256799170.5
1281000000.0	1219831543.1	1137755080.4	1257777706.4
1282000000.0	1220750334.3	1138551847.0	1258756237.4
1283000000.0	1221669075.5	1139348485.8	1259734763.7
1284000000.0	1222587766.7	1140144996.9	1260713285.2
1285000000.0	1223506407.8	1140941380.5	1261691802.0
1286000000.0	1224424998.8	1141737636.5	1262670314.0
1287000000.0	1225343539.9	1142533764.9	1263648821.2
1288000000.0	1226262030.9	1143329765.7	1264627323.6
1289000000.0	1227180471.8	1144125639.1	1265605821.2
1290000000.0	1228098862.8	1144921385.0	1266584314.1
1291000000.0	1229017203.7	1145717003.5	1267562802.2
1292000000.0	1229935494.6	1146512494.5	1268541285.6
1293000000.0	1230853735.5	1147307858.2	1269519764.1
1294000000.0	1231771926.4	1148103094.5	1270498237.9
1295000000.0	1232690067.3	1148898203.5	1271476706.9
1296000000.0	1233608158.1	1149693185.3	1272455171.2
1297000000.0	1234526199.0	1150488039.8	1273433630.6
1298000000.0	1235444189.9	1151282767.0	1274412085.3
1299000000.0	1236362130.8	1152077367.1	1275390535.3
1300000000.0	1237280021.7	1152871840.0	1276368980.4
1301000000.0	1238197862.7	1153666185.8	1277347420.8
1302000000.0	1239115653.7	1154460404.5	1278325856.4
1303000000.0	1240033394.7	1155254496.1	1279304287.3
1304000000.0	1240951085.7	1156048460.6	1280282713.3
1305000000.0	1241868726.7	1156842298.2	1281261134.6
1306000000.0	1242786317.9	1157636008.8	1282239551.1
1307000000.0	1243703859.0	1158429592.4	1283217962.9
1308000000.0	1244621350.2	1159223049.2	1284196369.9
1309000000.0	1245538791.5	1160016379.0	1285174772.1
1310000000.0	1246456182.8	1160809582.0	1286153169.5
1311000000.0	1247373524.2	1161602658.1	1287131562.2
1312000000.0	1248290815.6	1162395607.5	1288109950.1
1313000000.0	1249208057.1	1163188430.1	1289088333.2
1314000000.0	1250125248.7	1163981126.0	1290066711.5
1315000000.0	1251042390.4	1164773695.2	1291045085.1
1316000000.0	1251959482.1	1165566137.7	1292023453.9
1317000000.0	1252876523.9	1166358453.5	1293001818.0
1318000000.0	1253793515.8	1167150642.8	1293980177.2
1319000000.0	1254710457.9	1167942705.4	1294958531.7
1320000000.0	1255627350.0	1168734641.5	1295936881.4
1321000000.0	1256544192.2	1169526451.1	1296915226.4
1322000000.0	1257460984.5	1170318134.2	1297893566.6
1323000000.0	1258377726.9	1171109690.9	1298871902.0
1324000000.0	1259294419.5	1171901121.1	1299850232.6
1325000000.0	1260211062.1	1172692424.9	1300828558.5
1326000000.0	1261127654.9	1173483602.4	1301806879.6
1327000000.0	1262044197.9	1174274653.5	1302785195.9
1328000000.0	1262960690.9	1175065578.3	1303763507.5
1329000000.0	1263877134.1	1175856376.9	1304741814.3
1330000000.0	1264793527.4	1176647049.2	1305720116.3
1331000000.0	1265709870.9	1177437595.3	1306698413.5
1332000000.0	1266626164.5	1178228015.2	1307676706.0
1333000000.0	1267542408.2	1179018308.9	1308654993.7
1334000000.0	1268458602.2	1179808476.5	1309633276.6
1335000000.0	1269374746.2	1180598518.1	1310611554.8
1336000000.0	1270290840.5	1181388433.5	1311589828.2
1337000000.0	1271206884.9	1182178222.9	1312568096.8
1338000000.0	1272122879.5	1182967886.4	1313546360.7
1339000000.0	1273038824.2	1183757423.8	1314524619.7
1340000000.0	1273954719.2	1184546835.3	1315502874.0
1341000000.0	1274870564.3	1185336120.9	1316481123.6
1342000000.0	1275786359.6	1186125280.7	1317459368.4
1343000000.0	1276702105.1	1186914314.5	1318437608.4
1344000000.0	1277617800.8	1187703222.6	1319415843.6
1345000000.0	1278533446.7	1188492004.8	1320394074.1
1346000000.0	1279449042.8	1189280661.3	1321372299.7
1347000000.0	1280364589.1	1190069192.1	1322350520.7
1348000000.0	1281280085.6	1190857597.2	1323328736.8
1349000000.0	1282195532.3	1191645876.5	1324306948.2
1350000000.0	1283110929.3	1192434030.3	1325285154.8
1351000000.0	1284026276.5	1193222058.5	1326263356.7
1352000000.0	1284941573.9	1194009961.0	1327241553.7
1353000000.0	1285856821.5	1194797738.0	1328219746.1
1354000000.0	1286772019.4	1195585389.5	1329197933.6
1355000000.0	1287687167.5	1196372915.5	1330176116.4
1356000000.0	1288602265.9	1197160316.1	1331154294.4
1357000000.0	1289517314.5	1197947591.2	1332132467.6
1358000000.0	1290432313.4	1198734740.9	1333110636.0
1359000000.0	1291347262.5	1199521765.3	1334088799.7
1360000000.0	1292262161.9	1200308664.3	1335066958.7
1361000000.0	1293177011.6	1201095438.0	1336045112.8
1362000000.0	1294091811.5	1201882086.5	1337023262.2
1363000000.0	1295006561.7	1202668609.6	1338001406.8
1364000000.0	1295921262.2	1203455007.6	1338979546.7
1365000000.0	1296835912.9	1204241280.4	1339957681.7
1366000000.0	1297750514.0	1205027428.0	1340935812.1
1367000000.0	1298665065.3	1205813450.5	1341913937.6
1368000000.0	1299579566.9	1206599347.9	1342892058.4
1369000000.0	1300494018.9	1207385120.2	1343870174.4
1370000000.0	1301408421.1	1208170767.5	1344848285.6
1371000000.0	1302322773.6	1208956289.8	1345826392.1
1372000000.0	1303237076.5	1209741687.1	1346804493.8
1373000000.0	1304151329.6	1210526959.4	1347782590.7
1374000000.0	1305065533.1	1211312106.9	1348760682.9
1375000000.0	1305979686.9	1212097129.4	1349738770.3
1376000000.0	1306893791.0	1212882027.1	1350716852.9
1377000000.0	1307807845.5	1213666800.0	1351694930.8
1378000000.0	1308721850.2	1214451448.0	1352673003.9
1379000000.0	1309635805.4	1215235971.3	1353651072.2
1380000000.0	1310549710.8	1216020369.9	1354629135.7
1381000000.0	1311463566.7	1216804643.7	1355607194.5
1382000000.0	1312377372.8	1217588792.9	1356585248.5
1383000000.0	1313291129.3	1218372817.4	1357563297.8
1384000000.0	1314204836.2	1219156717.3	1358541342.3
1385000000.0	1315118493.5	1219940492.6	1359519382.0
1386000000.0	1316032101.1	1220724143.4	1360497416.9
1387000000.0	1316945659.1	1221507669.6	1361475447.1
1388000000.0	1317859167.4	1222291071.3	1362453472.5
1389000000.0	1318772626.1	1223074348.6	1363431493.2
1390000000.0	1319686035.3	1223857501.4	1364409509.1
1391000000.0	1320599394.8	1224640529.8	1365387520.2
1392000000.0	1321512704.7	1225423433.8	1366365526.5
1393000000.0	1322425964.9	1226206213.5	1367343528.1
1394000000.0	1323339175.6	1226988868.8	1368321524.9
1395000000.0	1324252336.7	1227771399.9	1369299517.0
1396000000.0	1325165448.2	1228553806.7	1370277504.2
1397000000.0	1326078510.1	1229336089.2	1371255486.8
1398000000.0	1326991522.5	1230118247.6	1372233464.5
1399000000.0	1327904485.2	1230900281.8	1373211437.5
1400000000.0	1328817398.4	1231682191.8	1374189405.7
1401000000.0	1329730262.0	1232463977.7	1375167369.1
1402000000.0	1330643076.0	1233245639.6	1376145327.8
1403000000.0	1331555840.5	1234027177.4	1377123281.7
1404000000.0	1332468555.4	1234808591.2	1378101230.9
1405000000.0	1333381220.7	1235589880.9	1379079175.2
1406000000.0	1334293836.5	1236371046.8	1380057114.8
1407000000.0	1335206402.8	1237152088.6	1381035049.7
1408000000.0	1336118919.5	1237933006.6	1382012979.8
1409000000.0	1337031386.6	1238713800.7	1382990905.1
1410000000.0	1337943804.3	1239494471.0	1383968825.6
1411000000.0	1338856172.4	1240275017.4	1384946741.4
1412000000.0	1339768490.9	1241055440.0	1385924652.4
1413000000.0	1340680760.0	1241835738.9	1386902558.7
1414000000.0	1341592979.5	1242615914.1	1387880460.1
1415000000.0	1342505149.5	1243395965.5	1388858356.9
1416000000.0	1343417270.0	1244175893.3	1389836248.8
1417000000.0	1344329341.0	1244955697.5	1390814136.0
1418000000.0	1345241362.5	1245735378.0	1391792018.4
1419000000.0	1346153334.5	1246514935.0	1392769896.1
1420000000.0	1347065257.0	1247294368.4	1393747768.9
1421000000.0	1347977130.0	1248073678.3	1394725637.1
1422000000.0	1348888953.5	1248852864.7	1395703500.4
1423000000.0	1349800727.5	1249631927.7	1396681359.0
1424000000.0	1350712452.1	1250410867.2	1397659212.8
1425000000.0	1351624127.1	1251189683.3	1398637061.9
1426000000.0	1352535752.7	1251968376.0	1399614906.2
1427000000.0	1353447328.9	1252746945.4	1400592745.7
1428000000.0	1354358855.5	1253525391.5	1401570580.5
1429000000.0	1355270332.7	1254303714.3	1402548410.5
1430000000.0	1356181760.5	1255081913.8	1403526235.7
1431000000.0	1357093138.8	1255859990.1	1404504056.2
1432000000.0	1358004467.7	1256637943.2	1405481871.9
1433000000.0	1358915747.1	1257415773.1	1406459682.8
1434000000.0	1359826977.1	1258193479.9	1407437489.0
1435000000.0	1360738157.6	1258971063.6	1408415290.4
1436000000.0	1361649288.7	1259748524.2	1409393087.0
1437000000.0	1362560370.4	1260525861.8	1410370878.9
1438000000.0	1363471402.7	1261303076.4	1411348666.0
1439000000.0	1364382385.5	1262080167.9	1412326448.3
1440000000.0	1365293318.9	1262857136.5	1413304225.9
1441000000.0	1366204202.9	1263633982.1	1414281998.7
1442000000.0	1367115037.5	1264410704.9	1415259766.8
1443000000.0	1368025822.8	1265187304.8	1416237530.1
1444000000.0	1368936558.6	1265963781.8	1417215288.6
1445000000.0	1369847245.0	1266740136.0	1418193042.4
1446000000.0	1370757882.0	1267516367.5	1419170791.3
1447000000.0	1371668469.6	1268292476.1	1420148535.6
1448000000.0	1372579007.9	1269068462.1	1421126275.0
1449000000.0	1373489496.8	1269844325.3	1422104009.7
1450000000.0	1374399936.2	1270620065.9	1423081739.7
1451000000.0	1375310326.4	1271395683.8	1424059464.9
1452000000.0	1376220667.1	1272171179.2	1425037185.3
1453000000.0	1377130958.5	1272946551.9	1426014900.9
1454000000.0	1378041200.6	1273721802.1	1426992611.8
1455000000.0	1378951393.3	1274496929.8	1427970317.9
1456000000.0	1379861536.6	1275271934.9	1428948019.3
1457000000.0	1380771630.6	1276046817.6	1429925715.8
1458000000.0	1381681675.2	1276821577.9	1430903407.7
1459000000.0	1382591670.5	1277596215.8	1431881094.7
1460000000.0	1383501616.5	1278370731.3	1432858777.0
1461000000.0	1384411513.2	1279145124.4	1433836454.6
1462000000.0	1385321360.5	1279919395.2	1434814127.3
1463000000.0	1386231158.5	1280693543.7	1435791795.3
1464000000.0	1387140907.1	1281467570.0	1436769458.6
1465000000.0	1388050606.5	1282241474.0	1437747117.1
1466000000.0	1388960256.5	1283015255.9	1438724770.8
1467000000.0	1389869857.3	1283788915.5	1439702419.7
1468000000.0	1390779408.7	1284562453.0	1440680063.9
1469000000.0	1391688910.9	1285335868.4	1441657703.3
1470000000.0	1392598363.7	1286109161.8	1442635338.0
1471000000.0	1393507767.3	1286882333.0	1443612967.9
1472000000.0	1394417121.6	1287655382.2	1444590593.0
1473000000.0	1395326426.5	1288428309.5	1445568213.4
1474000000.0	1396235682.3	1289201114.7	1446545829.0
1475000000.0	1397144888.7	1289973798.0	1447523439.9
1476000000.0	1398054045.9	1290746359.4	1448501046.0
1477000000.0	1398963153.8	1291518798.9	1449478647.3
1478000000.0	1399872212.4	1292291116.6	1450456243.8
1479000000.0	1400781221.8	1293063312.4	1451433835.6
1480000000.0	1401690181.9	1293835386.5	1452411422.7
1481000000.0	1402599092.8	1294607338.7	1453389004.9
1482000000.0	1403507954.4	1295379169.3	1454366582.4
1483000000.0	1404416766.8	1296150878.1	1455344155.2
1484000000.0	1405325530.0	1296922465.2	1456321723.2
1485000000.0	1406234243.9	1297693930.7	1457299286.4
1486000000.0	1407142908.6	1298465274.6	1458276844.8
1487000000.0	1408051524.0	1299236496.9	1459254398.5
1488000000.0	1408960090.3	1300007597.6	1460231947.5
1489000000.0	1409868607.3	1300778576.7	1461209491.6
1490000000.0	1410777075.1	1301549434.4	1462187031.1
1491000000.0	1411685493.7	1302320170.6	1463164565.7
1492000000.0	1412593863.1	1303090785.3	1464142095.6
1493000000.0	1413502183.3	1303861278.6	1465119620.7
1494000000.0	1414410454.2	1304631650.5	1466097141.1
1495000000.0	1415318676.0	1305401901.1	1467074656.7
1496000000.0	1416226848.6	1306172030.3	1468052167.5
1497000000.0	1417134972.1	1306942038.2	1469029673.6
1498000000.0	1418043046.3	1307711924.8	1470007174.9
1499000000.0	1418951071.4	1308481690.2	1470984671.4
1500000000.0	1419859047.2	1309251334.4	1471962163.2
1501000000.0	1420766974.0	1310020857.4	1472939650.3
1502000000.0	1421674851.5	1310790259.2	1473917132.5
1503000000.0	1422582679.9	1311559539.9	1474894610.0
1504000000.0	1423490459.1	1312328699.5	1475872082.8
1505000000.0	1424398189.2	1313097738.0	1476849550.8
1506000000.0	1425305870.1	1313866655.4	1477827014.0
1507000000.0	1426213501.9	1314635451.8	1478804472.4
1508000000.0	1427121084.5	1315404127.3	1479781926.1
1509000000.0	1428028618.0	1316172681.8	1480759375.1
1510000000.0	1428936102.4	1316941115.3	1481736819.2
1511000000.0	1429843537.6	1317709428.0	1482714258.7
1512000000.0	1430750923.7	1318477619.7	1483691693.3
1513000000.0	1431658260.7	1319245690.7	1484669123.2
1514000000.0	1432565548.6	1320013640.8	1485646548.3
1515000000.0	1433472787.3	1320781470.1	1486623968.7
1516000000.0	1434379977.0	1321549178.7	1487601384.3
1517000000.0	1435287117.5	1322316766.5	1488578795.2
1518000000.0	1436194209.0	1323084233.6	1489556201.2
1519000000.0	1437101251.3	1323851580.1	1490533602.6
1520000000.0	1438008244.5	1324618805.9	1491510999.1
1521000000.0	1438915188.7	1325385911.0	1492488390.9
1522000000.0	1439822083.8	1326152895.6	1493465778.0
1523000000.0	1440728929.7	1326919759.7	1494443160.3
1524000000.0	1441635726.7	1327686503.2	1495420537.8
1525000000.0	1442542474.5	1328453126.2	1496397910.6
1526000000.0	1443449173.3	1329219628.7	1497375278.6
1527000000.0	1444355822.9	1329986010.8	1498352641.8
1528000000.0	1445262423.6	1330752272.4	1499330000.3
1529000000.0	1446168975.2	1331518413.7	1500307354.0
1530000000.0	1447075477.7	1332284434.6	1501284703.0
1531000000.0	1447981931.1	1333050335.2	1502262047.2
1532000000.0	1448888335.6	1333816115.5	1503239386.6
1533000000.0	1449794691.0	1334581775.5	1504216721.3
1534000000.0	1450700997.3	1335347315.2	1505194051.2
1535000000.0	1451607254.6	1336112734.8	1506171376.4
1536000000.0	1452513462.9	1336878034.1	1507148696.8
1537000000.0	1453419622.1	1337643213.3	1508126012.4
1538000000.0	1454325732.4	1338408272.3	1509103323.3
1539000000.0	1455231793.6	1339173211.3	1510080629.4
1540000000.0	1456137805.8	1339938030.1	1511057930.8
1541000000.0	1457043769.0	1340702729.0	1512035227.4
1542000000.0	1457949683.2	1341467307.8	1513012519.2
1543000000.0	1458855548.3	1342231766.6	1513989806.3
1544000000.0	1459761364.5	1342996105.4	1514967088.6
1545000000.0	1460667131.7	1343760324.3	1515944366.2
1546000000.0	1461572849.9	1344524423.3	1516921639.0
1547000000.0	1462478519.1	1345288402.5	1517898907.0
1548000000.0	1463384139.3	1346052261.8	1518876170.3
1549000000.0	1464289710.6	1346816001.2	1519853428.8
1550000000.0	1465195232.9	1347579620.9	1520830682.6
1551000000.0	1466100706.2	1348343120.8	1521807931.6
1552000000.0	1467006130.5	1349106500.9	1522785175.8
1553000000.0	1467911505.9	1349869761.4	1523762415.3
1554000000.0	1468816832.3	1350632902.2	1524739650.1
1555000000.0	1469722109.7	1351395923.3	1525716880.0
1556000000.0	1470627338.3	1352158824.8	1526694105.2
1557000000.0	1471532517.8	1352921606.7	1527671325.7
1558000000.0	1472437648.4	1353684269.1	1528648541.4
1559000000.0	1473342730.1	1354446811.9	1529625752.3
1560000000.0	1474247762.9	1355209235.2	1530602958.5
1561000000.0	1475152746.7	1355971539.0	1531580159.9
1562000000.0	1476057681.6	1356733723.3	1532557356.6
1563000000.0	1476962567.5	1357495788.3	1533534548.5
1564000000.0	1477867404.6	1358257733.8	1534511735.6
1565000000.0	1478772192.7	1359019560.0	1535488918.0
1566000000.0	1479676931.9	1359781266.8	1536466095.6
1567000000.0	1480581622.3	1360542854.3	1537443268.5
1568000000.0	1481486263.7	1361304322.5	1538420436.6
1569000000.0	1482390856.2	1362065671.5	1539397599.9
1570000000.0	1483295399.8	1362826901.3	1540374758.5
1571000000.0	1484199894.5	1363588011.8	1541351912.3
1572000000.0	1485104340.4	1364349003.2	1542329061.4
1573000000.0	1486008737.3	1365109875.4	1543306205.7
1574000000.0	1486913085.4	1365870628.5	1544283345.3
1575000000.0	1487817384.6	1366631262.5	1545260480.1
1576000000.0	1488721634.9	1367391777.5	1546237610.1
1577000000.0	1489625836.4	1368152173.4	1547214735.4
1578000000.0	1490529989.0	1368912450.4	1548191855.9
1579000000.0	1491434092.7	1369672608.3	1549168971.7
1580000000.0	1492338147.6	1370432647.3	1550146082.7
1581000000.0	1493242153.6	1371192567.4	1551123189.0
1582000000.0	1494146110.8	1371952368.6	1552100290.5
1583000000.0	1495050019.2	1372712051.0	1553077387.2
1584000000.0	1495953878.7	1373471614.5	1554054479.2
1585000000.0	1496857689.3	1374231059.1	1555031566.4
1586000000.0	1497761451.2	1374990385.1	1556008648.9
1587000000.0	1498665164.2	1375749592.2	1556985726.6
1588000000.0	1499568828.4	1376508680.7	1557962799.5
1589000000.0	1500472443.7	1377267650.4	1558939867.7
1590000000.0	1501376010.3	1378026501.5	1559916931.1
1591000000.0	1502279528.0	1378785233.9	1560893989.8
1592000000.0	1503182996.9	1379543847.7	1561871043.7
1593000000.0	1504086417.1	1380302343.0	1562848092.9
1594000000.0	1504989788.4	1381060719.7	1563825137.3
1595000000.0	1505893110.9	1381818977.8	1564802176.9
1596000000.0	1506796384.7	1382577117.5	1565779211.8
1597000000.0	1507699609.6	1383335138.7	1566756241.9
1598000000.0	1508602785.8	1384093041.4	1567733267.3
1599000000.0	1509505913.2	1384850825.7	1568710287.9
1600000000.0	1510408991.8	1385608491.7	1569687303.8
1601000000.0	1511312021.6	1386366039.3	1570664314.9
1602000000.0	1512215002.7	1387123468.5	1571641321.3
1603000000.0	1513117935.0	1387880779.4	1572618322.8
1604000000.0	1514020818.5	1388637972.1	1573595319.7
1605000000.0	1514923653.3	1389395046.5	1574572311.8
1606000000.0	1515826439.3	1390152002.7	1575549299.1
1607000000.0	1516729176.6	1390908840.7	1576526281.6
1608000000.0	1517631865.2	1391665560.6	1577503259.4
1609000000.0	1518534505.0	1392422162.3	1578480232.5
1610000000.0	1519437096.0	1393178645.8	1579457200.8
1611000000.0	1520339638.4	1393935011.3	1580434164.3
1612000000.0	1521242132.0	1394691258.8	1581411123.1
1613000000.0	1522144576.8	1395447388.2	1582388077.1
1614000000.0	1523046973.0	1396203399.6	1583365026.4
1615000000.0	1523949320.4	1396959293.1	1584341970.9
1616000000.0	1524851619.2	1397715068.6	1585318910.7
1617000000.0	1525753869.2	1398470726.2	1586295845.7
1618000000.0	1526656070.5	1399226265.9	1587272775.9
1619000000.0	1527558223.1	1399981687.8	1588249701.4
1620000000.0	1528460327.0	1400736991.8	1589226622.1
1621000000.0	1529362382.3	1401492178.0	1590203538.1
1622000000.0	1530264388.8	1402247246.4	1591180449.3
1623000000.0	1531166346.6	1403002197.1	1592157355.8
1624000000.0	1532068255.8	1403757030.1	1593134257.5
1625000000.0	1532970116.3	1404511745.3	1594111154.5
1626000000.0	1533871928.1	1405266342.9	1595088046.7
1627000000.0	1534773691.2	1406020822.9	1596064934.1
1628000000.0	1535675405.7	1406775185.3	1597041816.8
1629000000.0	1536577071.5	1407529430.0	1598018694.7
1630000000.0	1537478688.7	1408283557.2	1598995567.9
1631000000.0	1538380257.2	1409037566.9	1599972436.3
1632000000.0	1539281777.1	1409791459.1	1600949300.0
1633000000.0	1540183248.3	1410545233.8	1601926158.9
1634000000.0	1541084670.9	1411298891.1	1602903013.0
1635000000.0	1541986044.8	1412052430.9	1603879862.4
1636000000.0	1542887370.1	1412805853.4	1604856707.1
1637000000.0	1543788646.7	1413559158.5	1605833547.0
1638000000.0	1544689874.8	1414312346.2	1606810382.1
1639000000.0	1545591054.2	1415065416.7	1607787212.5
1640000000.0	1546492185.0	1415818369.8	1608764038.1
1641000000.0	1547393267.2	1416571205.8	1609740859.0
1642000000.0	1548294300.8	1417323924.4	1610717675.1
1643000000.0	1549195285.7	1418076525.9	1611694486.4
1644000000.0	1550096222.1	1418829010.3	1612671293.0
1645000000.0	1550997109.9	1419581377.4	1613648094.9
1646000000.0	1551897949.0	1420333627.5	1614624892.0
1647000000.0	1552798739.6	1421085760.5	1615601684.3
1648000000.0	1553699481.6	1421837776.4	1616578471.9
1649000000.0	1554600175.0	1422589675.3	1617555254.7
1650000000.0	1555500819.9	1423341457.1	1618532032.8
1651000000.0	1556401416.1	1424093122.0	1619508806.1
1652000000.0	1557301963.8	1424844670.0	1620485574.7
1653000000.0	1558202462.9	1425596101.0	1621462338.5
1654000000.0	1559102913.5	1426347415.1	1622439097.5
1655000000.0	1560003315.5	1427098612.4	1623415851.8
1656000000.0	1560903668.9	1427849692.8	1624392601.4
1657000000.0	1561803973.8	1428600656.4	1625369346.2
1658000000.0	1562704230.2	1429351503.2	1626346086.2
1659000000.0	1563604438.0	1430102233.3	1627322821.5
1660000000.0	1564504597.2	1430852846.6	1628299552.0
1661000000.0	1565404708.0	1431603343.3	1629276277.8
1662000000.0	1566304770.2	1432353723.2	1630252998.8
1663000000.0	1567204783.8	1433103986.5	1631229715.1
1664000000.0	1568104749.0	1433854133.2	1632206426.6
1665000000.0	1569004665.6	1434604163.2	1633183133.4
1666000000.0	1569904533.7	1435354076.8	1634159835.4
1667000000.0	1570804353.3	1436103873.7	1635136532.6
1668000000.0	1571704124.4	1436853554.2	1636113225.1
1669000000.0	1572603847.0	1437603118.2	1637089912.9
1670000000.0	1573503521.0	1438352565.7	1638066595.9
1671000000.0	1574403146.6	1439101896.8	1639043274.1
1672000000.0	1575302723.7	1439851111.4	1640019947.6
1673000000.0	1576202252.3	1440600209.7	1640996616.3
1674000000.0	1577101732.4	1441349191.7	1641973280.3
1675000000.0	1578001164.1	1442098057.3	1642949939.5
1676000000.0	1578900547.2	1442846806.6	1643926594.0
1677000000.0	1579799881.9	1443595439.7	1644903243.7
1678000000.0	1580699168.2	1444343956.5	1645879888.7
1679000000.0	1581598405.9	1445092357.1	1646856528.9
1680000000.0	1582497595.2	1445840641.6	1647833164.3
1681000000.0	1583396736.0	1446588809.8	1648809795.0
1682000000.0	1584295828.4	1447336862.0	1649786421.0
1683000000.0	1585194872.4	1448084798.0	1650763042.2
1684000000.0	1586093867.8	1448832617.9	1651739658.6
1685000000.0	1586992814.9	1449580321.8	1652716270.3
1686000000.0	1587891713.5	1450327909.7	1653692877.3
1687000000.0	1588790563.7	1451075381.6	1654669479.4
1688000000.0	1589689365.4	1451822737.5	1655646076.9
1689000000.0	1590588118.8	1452569977.5	1656622669.6
1690000000.0	1591486823.7	1453317101.5	1657599257.5
1691000000.0	1592385480.1	1454064109.7	1658575840.7
1692000000.0	1593284088.2	1454811002.0	1659552419.1
1693000000.0	1594182647.9	1455557778.5	1660528992.7
1694000000.0	1595081159.1	1456304439.1	1661505561.7
1695000000.0	1595979622.0	1457050984.0	1662482125.8
1696000000.0	1596878036.4	1457797413.2	1663458685.2
1697000000.0	1597776402.5	1458543726.6	1664435239.9
1698000000.0	1598674720.1	1459289924.3	1665411789.8
1699000000.0	1599572989.4	1460036006.3	1666388335.0
1700000000.0	1600471210.3	1460781972.7	1667364875.4
1701000000.0	1601369382.8	1461527823.5	1668341411.0
1702000000.0	1602267507.0	1462273558.7	1669317941.9
1703000000.0	1603165582.7	1463019178.3	1670294468.0
1704000000.0	1604063610.1	1463764682.4	1671270989.4
1705000000.0	1604961589.2	1464510070.9	1672247506.1
1706000000.0	1605859519.9	1465255344.0	1673224018.0
1707000000.0	1606757402.2	1466000501.7	1674200525.1
1708000000.0	1607655236.2	1466745543.9	1675177027.5
1709000000.0	1608553021.8	1467490470.7	1676153525.1
1710000000.0	1609450759.1	1468235282.1	1677130018.0
1711000000.0	1610348448.0	1468979978.2	1678106506.1
1712000000.0	1611246088.6	1469724558.9	1679082989.5
1713000000.0	1612143680.9	1470469024.4	1680059468.1
1714000000.0	1613041224.9	1471213374.6	1681035942.0
1715000000.0	1613938720.5	1471957609.6	1682012411.1
1716000000.0	1614836167.8	1472701729.3	1682988875.5
1717000000.0	1615733566.8	1473445733.9	1683965335.1
1718000000.0	1616630917.4	1474189623.3	1684941790.0
1719000000.0	1617528219.8	1474933397.5	1685918240.1
1720000000.0	1618425473.9	1475677056.7	1686894685.5
1721000000.0	1619322679.6	1476420600.8	1687871126.1
1722000000.0	1620219837.1	1477164029.8	1688847561.9
1723000000.0	1621116946.3	1477907343.8	1689823993.0
1724000000.0	1622014007.2	1478650542.8	1690800419.4
1725000000.0	1622911019.8	1479393626.8	1691776841.0
1726000000.0	1623807984.1	1480136595.9	1692753257.9
1727000000.0	1624704900.1	1480879450.1	1693729670.0
1728000000.0	1625601767.9	1481622189.3	1694706077.3
1729000000.0	1626498587.4	1482364813.8	1695682479.9
1730000000.0	1627395358.6	1483107323.3	1696658877.8
1731000000.0	1628292081.6	1483849718.1	1697635270.9
1732000000.0	1629188756.3	1484591998.1	1698611659.2
1733000000.0	1630085382.8	1485334163.3	1699588042.8
1734000000.0	1630981961.0	1486076213.8	1700564421.7
1735000000.0	1631878490.9	1486818149.6	1701540795.8
1736000000.0	1632774972.6	1487559970.7	1702517165.1
1737000000.0	1633671406.1	1488301677.1	1703493529.7
1738000000.0	1634567791.4	1489043268.9	1704469889.6
1739000000.0	1635464128.4	1489784746.2	1705446244.7
1740000000.0	1636360417.2	1490526108.8	1706422595.0
1741000000.0	1637256657.8	1491267356.9	1707398940.6
1742000000.0	1638152850.1	1492008490.5	1708375281.4
1743000000.0	1639048994.2	1492749509.7	1709351617.5
1744000000.0	1639945090.2	1493490414.3	1710327948.9
1745000000.0	1640841137.9	1494231204.5	1711304275.5
1746000000.0	1641737137.4	1494971880.3	1712280597.3
1747000000.0	1642633088.7	1495712441.7	1713256914.4
1748000000.0	1643528991.8	1496452888.8	1714233226.7
1749000000.0	1644424846.7	1497193221.5	1715209534.3
1750000000.0	1645320653.5	1497933439.9	1716185837.2
1751000000.0	1646216412.0	1498673544.0	1717162135.3
1752000000.0	1647112122.4	1499413533.9	1718138428.6
1753000000.0	1648007784.6	1500153409.6	1719114717.2
1754000000.0	1648903398.6	1500893171.0	1720091001.0
1755000000.0	1649798964.5	1501632818.3	1721067280.1
1756000000.0	1650694482.2	1502372351.5	1722043554.5
1757000000.0	1651589951.7	1503111770.5	1723019824.1
1758000000.0	1652485373.1	1503851075.4	1723996088.9
1759000000.0	1653380746.3	1504590266.3	1724972349.0
1760000000.0	1654276071.4	1505329343.1	1725948604.3
1761000000.0	1655171348.4	1506068306.0	1726924854.9
1762000000.0	1656066577.1	1506807154.8	1727901100.8
1763000000.0	1656961757.8	1507545889.7	1728877341.9
1764000000.0	1657856890.3	1508284510.6	1729853578.2
1765000000.0	1658751974.7	1509023017.6	1730829809.8
1766000000.0	1659647011.0	1509761410.8	1731806036.7
1767000000.0	1660541999.1	1510499690.1	1732782258.8
1768000000.0	1661436939.2	1511237855.6	1733758476.1
1769000000.0	1662331831.1	1511975907.2	1734734688.7
1770000000.0	1663226674.9	1512713845.1	1735710896.6
1771000000.0	1664121470.6	1513451669.3	1736687099.6
1772000000.0	1665016218.2	1514189379.7	1737663298.0
1773000000.0	1665910917.7	1514926976.4	1738639491.6
1774000000.0	1666805569.1	1515664459.5	1739615680.5
1775000000.0	1667700172.4	1516401828.9	1740591864.6
1776000000.0	1668594727.6	1517139084.7	1741568043.9
1777000000.0	1669489234.8	1517876226.9	1742544218.5
1778000000.0	1670383693.8	1518613255.6	1743520388.4
1779000000.0	1671278104.8	1519350170.7	1744496553.5
1780000000.0	1672172467.7	1520086972.3	1745472713.8
1781000000.0	1673066782.6	1520823660.4	1746448869.5
1782000000.0	1673961049.4	1521560235.0	1747425020.3
1783000000.0	1674855268.1	1522296696.3	1748401166.4
1784000000.0	1675749438.8	1523033044.1	1749377307.8
1785000000.0	1676643561.4	1523769278.5	1750353444.4
1786000000.0	1677537636.0	1524505399.6	1751329576.3
1787000000.0	1678431662.5	1525241407.4	1752305703.4
1788000000.0	1679325641.0	1525977301.9	1753281825.8
1789000000.0	1680219571.4	1526713083.0	1754257943.4
1790000000.0	1681113453.9	1527448751.0	1755234056.3
1791000000.0	1682007288.3	1528184305.7	1756210164.4
1792000000.0	1682901074.6	1528919747.2	1757186267.8
1793000000.0	1683794813.0	1529655075.6	1758162366.4
1794000000.0	1684688503.3	1530390290.8	1759138460.3
1795000000.0	1685582145.6	1531125392.9	1760114549.4
1796000000.0	1686475739.9	1531860381.9	1761090633.8
1797000000.0	1687369286.2	1532595257.8	1762066713.4
1798000000.0	1688262784.5	1533330020.7	1763042788.3
1799000000.0	1689156234.8	1534064670.6	1764018858.5
1800000000.0	1690049637.2	1534799207.5	1764994923.8
1801000000.0	1690942991.5	1535533631.5	1765970984.5
1802000000.0	1691836297.8	1536267942.5	1766947040.4
1803000000.0	1692729556.2	1537002140.6	1767923091.5
1804000000.0	1693622766.5	1537736225.8	1768899137.9
1805000000.0	1694515928.9	1538470198.2	1769875179.6
1806000000.0	1695409043.4	1539204057.7	1770851216.5
1807000000.0	1696302109.8	1539937804.5	1771827248.7
1808000000.0	1697195128.3	1540671438.5	1772803276.1
1809000000.0	1698088098.9	1541404959.7	1773779298.7
1810000000.0	1698981021.5	1542138368.2	1774755316.7
1811000000.0	1699873896.1	1542871663.9	1775731329.8
1812000000.0	1700766722.8	1543604847.1	1776707338.2
1813000000.0	1701659501.5	1544337917.5	1777683341.9
1814000000.0	1702552232.4	1545070875.4	1778659340.8
1815000000.0	1703444915.2	1545803720.7	1779635335.0
1816000000.0	1704337550.2	1546536453.4	1780611324.5
1817000000.0	1705230137.2	1547269073.5	1781587309.1
1818000000.0	1706122676.3	1548001581.1	1782563289.1
1819000000.0	1707015167.4	1548733976.3	1783539264.3
1820000000.0	1707907610.7	1549466259.0	1784515234.7
1821000000.0	1708800006.0	1550198429.2	1785491200.4
1822000000.0	1709692353.5	1550930487.0	1786467161.4
1823000000.0	1710584653.0	1551662432.5	1787443117.6
1824000000.0	1711476904.6	1552394265.6	1788419069.0
1825000000.0	1712369108.3	1553125986.3	1789395015.7
1826000000.0	1713261264.2	1553857594.8	1790370957.7
1827000000.0	1714153372.1	1554589090.9	1791346894.9
1828000000.0	1715045432.2	1555320474.9	1792322827.4
1829000000.0	1715937444.4	1556051746.5	1793298755.1
1830000000.0	1716829408.7	1556782906.0	1794274678.1
1831000000.0	1717721325.1	1557513953.3	1795250596.3
1832000000.0	1718613193.7	1558244888.5	1796226509.8
1833000000.0	1719505014.4	1558975711.5	1797202418.5
1834000000.0	1720396787.2	1559706422.4	1798178322.5
1835000000.0	1721288512.2	1560437021.2	1799154221.8
1836000000.0	1722180189.3	1561167508.0	1800130116.3
1837000000.0	1723071818.5	1561897882.8	1801106006.0
1838000000.0	1723963400.0	1562628145.6	1802081891.0
1839000000.0	1724854933.5	1563358296.4	1803057771.3
1840000000.0	1725746419.3	1564088335.3	1804033646.8
1841000000.0	1726637857.2	1564818262.2	1805009517.6
1842000000.0	1727529247.3	1565548077.3	1805985383.6
1843000000.0	1728420589.5	1566277780.5	1806961244.9
1844000000.0	1729311883.9	1567007371.8	1807937101.4
1845000000.0	1730203130.5	1567736851.3	1808912953.2
1846000000.0	1731094329.3	1568466219.1	1809888800.2
1847000000.0	1731985480.3	1569195475.0	1810864642.5
1848000000.0	1732876583.4	1569924619.3	1811840480.0
1849000000.0	1733767638.8	1570653651.8	1812816312.8
1850000000.0	1734658646.4	1571382572.6	1813792140.9
1851000000.0	1735549606.1	1572111381.8	1814767964.2
1852000000.0	1736440518.1	1572840079.3	1815743782.8
1853000000.0	1737331382.3	1573568665.3	1816719596.6
1854000000.0	1738222198.7	1574297139.6	1817695405.7
1855000000.0	1739112967.3	1575025502.4	1818671210.0
1856000000.0	1740003688.1	1575753753.7	1819647009.6
1857000000.0	1740894361.2	1576481893.4	1820622804.4
1858000000.0	1741784986.5	1577209921.7	1821598594.5
1859000000.0	1742675564.0	1577937838.5	1822574379.8
1860000000.0	1743566093.8	1578665643.9	1823550160.4
1861000000.0	1744456575.8	1579393337.9	1824525936.3
1862000000.0	1745347010.0	1580120920.5	1825501707.4
1863000000.0	1746237396.5	1580848391.7	1826477473.8
1864000000.0	1747127735.3	1581575751.7	1827453235.4
1865000000.0	1748018026.3	1582303000.3	1828428992.2
1866000000.0	1748908269.6	1583030137.6	1829404744.4
1867000000.0	1749798465.1	1583757163.7	1830380491.8
1868000000.0	1750688612.9	1584484078.6	1831356234.4
1869000000.0	1751578713.0	1585210882.3	1832331972.3
1870000000.0	1752468765.3	1585937574.8	1833307705.4
1871000000.0	1753358770.0	1586664156.2	1834283433.8
1872000000.0	1754248726.9	1587390626.4	1835259157.5
1873000000.0	1755138636.1	1588116985.5	1836234876.4
1874000000.0	1756028497.6	1588843233.6	1837210590.6
1875000000.0	1756918311.4	1589569370.6	1838186300.0
1876000000.0	1757808077.5	1590295396.6	1839162004.7
1877000000.0	1758697795.9	1591021311.7	1840137704.6
1878000000.0	1759587466.6	1591747115.7	1841113399.8
1879000000.0	1760477089.6	1592472808.8	1842089090.3
1880000000.0	1761366664.9	1593198391.0	1843064776.0
1881000000.0	1762256192.6	1593923862.3	1844040456.9
1882000000.0	1763145672.5	1594649222.7	1845016133.1
1883000000.0	1764035104.8	1595374472.3	1845991804.6
1884000000.0	1764924489.5	1596099611.1	1846967471.3
1885000000.0	1765813826.4	1596824639.1	1847943133.3
1886000000.0	1766703115.7	1597549556.3	1848918790.6
1887000000.0	1767592357.4	1598274362.8	1849894443.0
1888000000.0	1768481551.4	1598999058.5	1850870090.8
1889000000.0	1769370697.7	1599723643.6	1851845733.8
1890000000.0	1770259796.4	1600448118.0	1852821372.1
1891000000.0	1771148847.4	1601172481.8	1853797005.6
1892000000.0	1772037850.8	1601896735.0	1854772634.4
1893000000.0	1772926806.6	1602620877.6	1855748258.4
1894000000.0	1773815714.7	1603344909.6	1856723877.7
1895000000.0	1774704575.2	1604068831.1	1857699492.2
1896000000.0	1775593388.1	1604792642.1	1858675102.0
1897000000.0	1776482153.4	1605516342.6	1859650707.1
1898000000.0	1777370871.0	1606239932.6	1860626307.4
1899000000.0	1778259541.1	1606963412.2	1861601902.9
1900000000.0	1779148163.5	1607686781.4	1862577493.8
1901000000.0	1780036738.3	1608410040.2	1863553079.8
1902000000.0	1780925265.6	1609133188.7	1864528661.2
1903000000.0	1781813745.2	1609856226.8	1865504237.8
1904000000.0	1782702177.2	1610579154.7	1866479809.6
1905000000.0	1783590561.7	1611301972.2	1867455376.7
1906000000.0	1784478898.5	1612024679.5	1868430939.1
1907000000.0	1785367187.8	1612747276.5	1869406496.7
1908000000.0	1786255429.5	1613469763.4	1870382049.6
1909000000.0	1787143623.6	1614192140.1	1871357597.7
1910000000.0	1788031770.2	1614914406.6	1872333141.1
1911000000.0	1788919869.2	1615636563.0	1873308679.7
1912000000.0	1789807920.6	1616358609.3	1874284213.7
1913000000.0	1790695924.4	1617080545.5	1875259742.8
1914000000.0	1791583880.8	1617802371.6	1876235267.2
1915000000.0	1792471789.5	1618524087.8	1877210786.9
1916000000.0	1793359650.7	1619245693.9	1878186301.8
1917000000.0	1794247464.4	1619967190.0	1879161812.0
1918000000.0	1795135230.5	1620688576.2	1880137317.5
1919000000.0	1796022949.1	1621409852.5	1881112818.2
1920000000.0	1796910620.2	1622131018.8	1882088314.1
1921000000.0	1797798243.7	1622852075.3	1883063805.4
1922000000.0	1798685819.7	1623573022.0	1884039291.8
1923000000.0	1799573348.2	1624293858.8	1885014773.6
1924000000.0	1800460829.2	1625014585.8	1885990250.6
1925000000.0	1801348262.6	1625735203.0	1886965722.8
1926000000.0	1802235648.6	1626455710.5	1887941190.3
1927000000.0	1803122987.0	1627176108.3	1888916653.1
1928000000.0	1804010277.9	1627896396.3	1889892111.1
1929000000.0	1804897521.4	1628616574.7	1890867564.4
1930000000.0	1805784717.3	1629336643.5	1891843012.9
1931000000.0	1806671865.8	1630056602.6	1892818456.7
1932000000.0	1807558966.8	1630776452.1	1893793895.8
1933000000.0	1808446020.2	1631496192.0	1894769330.1
1934000000.0	1809333026.3	1632215822.4	1895744759.6
1935000000.0	1810219984.8	1632935343.3	1896720184.5
1936000000.0	1811106895.9	1633654754.6	1897695604.5
1937000000.0	1811993759.5	1634374056.5	1898671019.9
1938000000.0	1812880575.6	1635093249.0	1899646430.5
1939000000.0	1813767344.3	1635812332.0	1900621836.3
1940000000.0	1814654065.5	1636531305.6	1901597237.5
1941000000.0	1815540739.2	1637250169.9	1902572633.8
1942000000.0	1816427365.6	1637968924.8	1903548025.5
1943000000.0	1817313944.4	1638687570.3	1904523412.3
1944000000.0	1818200475.9	1639406106.6	1905498794.5
1945000000.0	1819086959.9	1640124533.6	1906474171.9
1946000000.0	1819973396.4	1640842851.4	1907449544.6
1947000000.0	1820859785.6	1641561059.9	1908424912.5
1948000000.0	1821746127.3	1642279159.2	1909400275.7
1949000000.0	1822632421.6	1642997149.4	1910375634.1
1950000000.0	1823518668.4	1643715030.4	1911350987.8
1951000000.0	1824404867.9	1644432802.3	1912326336.8
1952000000.0	1825291019.9	1645150465.1	1913301681.0
1953000000.0	1826177124.6	1645868018.8	1914277020.5
1954000000.0	1827063181.8	1646585463.5	1915252355.2
1955000000.0	1827949191.6	1647302799.1	1916227685.2
1956000000.0	1828835154.1	1648020025.8	1917203010.4
1957000000.0	1829721069.1	1648737143.4	1918178331.0
1958000000.0	1830606936.8	1649454152.2	1919153646.7
1959000000.0	1831492757.1	1650171052.0	1920128957.8
1960000000.0	1832378530.0	1650887842.9	1921104264.0
1961000000.0	1833264255.5	1651604524.9	1922079565.6
1962000000.0	1834149933.7	1652321098.1	1923054862.4
1963000000.0	1835035564.4	1653037562.4	1924030154.5
1964000000.0	1835921147.9	1653753918.0	1925005441.8
1965000000.0	1836806683.9	1654470164.8	1925980724.4
1966000000.0	1837692172.6	1655186302.8	1926956002.2
1967000000.0	1838577614.0	1655902332.1	1927931275.3
1968000000.0	1839463008.0	1656618252.7	1928906543.7
1969000000.0	1840348354.6	1657334064.7	1929881807.3
1970000000.0	1841233653.9	1658049767.9	1930857066.2
1971000000.0	1842118905.9	1658765362.6	1931832320.3
1972000000.0	1843004110.6	1659480848.7	1932807569.7
1973000000.0	1843889267.9	1660196226.1	1933782814.4
1974000000.0	1844774377.9	1660911495.1	1934758054.3
1975000000.0	1845659440.5	1661626655.5	1935733289.5
1976000000.0	1846544455.9	1662341707.4	1936708519.9
1977000000.0	1847429423.9	1663056650.8	1937683745.6
1978000000.0	1848314344.6	1663771485.8	1938658966.5
1979000000.0	1849199218.0	1664486212.4	1939634182.8
1980000000.0	1850084044.1	1665200830.5	1940609394.2
1981000000.0	1850968822.9	1665915340.3	1941584601.0
1982000000.0	1851853554.4	1666629741.7	1942559803.0
1983000000.0	1852738238.7	1667344034.8	1943535000.2
1984000000.0	1853622875.6	1668058219.6	1944510192.7
1985000000.0	1854507465.2	1668772296.1	1945485380.5
1986000000.0	1855392007.6	1669486264.4	1946460563.6
1987000000.0	1856276502.7	1670200124.4	1947435741.9
1988000000.0	1857160950.5	1670913876.2	1948410915.4
1989000000.0	1858045351.0	1671627519.9	1949386084.2
1990000000.0	1858929704.3	1672341055.4	1950361248.3
1991000000.0	1859814010.3	1673054482.7	1951336407.6
1992000000.0	1860698269.1	1673767802.0	1952311562.2
1993000000.0	1861582480.6	1674481013.2	1953286712.1
1994000000.0	1862466644.8	1675194116.3	1954261857.2
1995000000.0	1863350761.8	1675907111.4	1955236997.6
1996000000.0	1864234831.6	1676619998.4	1956212133.2
1997000000.0	1865118854.1	1677332777.5	1957187264.1
1998000000.0	1866002829.4	1678045448.7	1958162390.3
1999000000.0	1866886757.5	1678758011.9	1959137511.7
2000000000.0	1867770638.3	1679470467.2	1960112628.4
2001000000.0	1868654471.9	1680182814.6	1961087740.3
2002000000.0	1869538258.3	1680895054.2	1962062847.5
2003000000.0	1870421997.4	1681607185.9	1963037950.0
2004000000.0	1871305689.4	1682319209.8	1964013047.7
2005000000.0	1872189334.1	1683031126.0	1964988140.7
2006000000.0	1873072931.7	1683742934.3	1965963229.0
2007000000.0	1873956482.0	1684454635.0	1966938312.5
2008000000.0	1874839985.2	1685166227.9	1967913391.2
2009000000.0	1875723441.1	1685877713.1	1968888465.3
2010000000.0	1876606849.9	1686589090.7	1969863534.6
2011000000.0	1877490211.4	1687300360.7	1970838599.1
2012000000.0	1878373525.8	1688011523.0	1971813658.9
2013000000.0	1879256793.0	1688722577.7	1972788714.0
2014000000.0	1880140013.1	1689433524.9	1973763764.3
2015000000.0	1881023185.9	1690144364.5	1974738809.9
2016000000.0	1881906311.6	1690855096.6	1975713850.8
2017000000.0	1882789390.2	1691565721.3	1976688886.9
2018000000.0	1883672421.5	1692276238.4	1977663918.3
2019000000.0	1884555405.8	1692986648.2	1978638944.9
2020000000.0	1885438342.8	1693696950.5	1979613966.8
2021000000.0	1886321232.7	1694407145.4	1980588984.0
2022000000.0	1887204075.5	1695117232.9	1981563996.4
2023000000.0	1888086871.2	1695827213.1	1982539004.1
2024000000.0	1888969619.6	1696537086.0	1983514007.1
2025000000.0	1889852321.0	1697246851.6	1984489005.3
2026000000.0	1890734975.2	1697956509.9	1985463998.8
2027000000.0	1891617582.3	1698666060.9	1986438987.5
2028000000.0	1892500142.3	1699375504.8	1987413971.5
2029000000.0	1893382655.2	1700084841.4	1988388950.8
2030000000.0	1894265120.9	1700794070.9	1989363925.3
2031000000.0	1895147539.6	1701503193.2	1990338895.1
2032000000.0	1896029911.1	1702212208.4	1991313860.1
2033000000.0	1896912235.5	1702921116.5	1992288820.4
2034000000.0	1897794512.9	1703629917.6	1993263776.0
2035000000.0	1898676743.1	1704338611.5	1994238726.8
2036000000.0	1899558926.3	1705047198.5	1995213672.9
2037000000.0	1900441062.3	1705755678.4	1996188614.3
2038000000.0	1901323151.3	1706464051.4	1997163550.9
2039000000.0	1902205193.2	1707172317.4	1998138482.8
2040000000.0	1903087188.0	1707880476.5	1999113409.9
2041000000.0	1903969135.7	1708588528.7	2000088332.3
2042000000.0	1904851036.4	1709296474.0	2001063250.0
2043000000.0	1905732890.0	1710004312.4	2002038162.9
2044000000.0	1906614696.6	1710712044.0	2003013071.1
2045000000.0	1907496456.0	1711419668.8	2003987974.6
2046000000.0	1908378168.5	1712127186.9	2004962873.3
2047000000.0	1909259833.9	1712834598.1	2005937767.3
2048000000.0	1910141452.2	1713541902.7	2006912656.5
2049000000.0	1911023023.5	1714249100.5	2007887541.0
2050000000.0	1911904547.7	1714956191.6	2008862420.8
2051000000.0	1912786025.0	1715663176.1	2009837295.8
2052000000.0	1913667455.2	1716370053.9	2010812166.1
2053000000.0	1914548838.3	1717076825.1	2011787031.7
2054000000.0	1915430174.4	1717783489.7	2012761892.5
2055000000.0	1916311463.6	1718490047.8	2013736748.6
2056000000.0	1917192705.7	1719196499.3	2014711599.9
2057000000.0	1918073900.7	1719902844.3	2015686446.5
2058000000.0	1918955048.8	1720609082.8	2016661288.4
2059000000.0	1919836149.9	1721315214.8	2017636125.5
2060000000.0	1920717204.0	1722021240.4	2018610957.9
2061000000.0	1921598211.0	1722727159.6	2019585785.6
2062000000.0	1922479171.1	1723432972.4	2020560608.5
2063000000.0	1923360084.2	1724138678.8	2021535426.7
2064000000.0	1924240950.3	1724844278.9	2022510240.2
2065000000.0	1925121769.4	1725549772.6	2023485048.9
2066000000.0	1926002541.6	1726255160.0	2024459852.9
2067000000.0	1926883266.7	1726960441.2	2025434652.1
2068000000.0	1927763944.9	1727665616.1	2026409446.6
2069000000.0	1928644576.2	1728370684.8	2027384236.4
2070000000.0	1929525160.4	1729075647.2	2028359021.4
2071000000.0	1930405697.7	1729780503.5	2029333801.7
2072000000.0	1931286188.1	1730485253.7	2030308577.3
2073000000.0	1932166631.5	1731189897.7	2031283348.1
2074000000.0	1933047027.9	1731894435.6	2032258114.2
2075000000.0	1933927377.4	1732598867.4	2033232875.5
2076000000.0	1934807680.0	1733303193.2	2034207632.2
2077000000.0	1935687935.6	1734007412.9	2035182384.0
2078000000.0	1936568144.3	1734711526.6	2036157131.2
2079000000.0	1937448306.1	1735415534.4	2037131873.6
2080000000.0	1938328420.9	1736119436.1	2038106611.3
2081000000.0	1939208488.8	1736823232.0	2039081344.2
2082000000.0	1940088509.8	1737526921.9	2040056072.4
2083000000.0	1940968483.9	1738230505.9	2041030795.9
2084000000.0	1941848411.0	1738933984.1	2042005514.6
2085000000.0	1942728291.3	1739637356.4	2042980228.6
2086000000.0	1943608124.7	1740340622.9	2043954937.8
2087000000.0	1944487911.1	1741043783.6	2044929642.4
2088000000.0	1945367650.7	1741746838.5	2045904342.1
2089000000.0	1946247343.3	1742449787.7	2046879037.2
2090000000.0	1947126989.1	1743152631.2	2047853727.5
2091000000.0	1948006588.0	1743855368.9	2048828413.1
2092000000.0	1948886140.0	1744558001.0	2049803093.9
2093000000.0	1949765645.2	1745260527.5	2050777770.0
2094000000.0	1950645103.4	1745962948.3	2051752441.4
2095000000.0	1951524514.8	1746665263.5	2052727108.0
2096000000.0	1952403879.3	1747367473.1	2053701769.9
2097000000.0	1953283197.0	1748069577.2	2054676427.1
2098000000.0	1954162467.8	1748771575.7	2055651079.5
2099000000.0	1955041691.7	1749473468.8	2056625727.2
2100000000.0	1955920868.8	1750175256.3	2057600370.2
2101000000.0	1956799999.1	1750876938.4	2058575008.4
2102000000.0	1957679082.5	1751578515.1	2059549641.9
2103000000.0	1958558119.1	1752279986.3	2060524270.7
2104000000.0	1959437108.8	1752981352.2	2061498894.7
2105000000.0	1960316051.7	1753682612.7	2062473514.0
2106000000.0	1961194947.8	1754383767.8	2063448128.5
2107000000.0	1962073797.0	1755084817.7	2064422738.4
2108000000.0	1962952599.4	1755785762.2	2065397343.4
2109000000.0	1963831355.0	1756486601.5	2066371943.8
2110000000.0	1964710063.8	1757187335.5	2067346539.4
2111000000.0	1965588725.8	1757887964.3	2068321130.3
2112000000.0	1966467341.0	1758588487.9	2069295716.4
2113000000.0	1967345909.4	1759288906.4	2070270297.8
2114000000.0	1968224430.9	1759989219.7	2071244874.5
2115000000.0	1969102905.7	1760689427.8	2072219446.4
2116000000.0	1969981333.7	1761389530.9	2073194013.6
2117000000.0	1970859714.9	1762089528.8	2074168576.1
2118000000.0	1971738049.3	1762789421.8	2075143133.8
2119000000.0	1972616336.9	1763489209.7	2076117686.8
2120000000.0	1973494577.8	1764188892.6	2077092235.1
2121000000.0	1974372771.9	1764888470.5	2078066778.6
2122000000.0	1975250919.2	1765587943.4	2079041317.4
2123000000.0	1976129019.8	1766287311.4	2080015851.5
2124000000.0	1977007073.6	1766986574.5	2080990380.8
2125000000.0	1977885080.6	1767685732.7	2081964905.4
2126000000.0	1978763040.9	1768384786.0	2082939425.3
2127000000.0	1979640954.4	1769083734.5	2083913940.4
2128000000.0	1980518821.2	1769782578.2	2084888450.8
2129000000.0	1981396641.2	1770481317.1	2085862956.5
2130000000.0	1982274414.5	1771179951.2	2086837457.4
2131000000.0	1983152141.1	1771878480.6	2087811953.6
2132000000.0	1984029820.9	1772576905.2	2088786445.1
2133000000.0	1984907454.0	1773275225.2	2089760931.8
2134000000.0	1985785040.4	1773973440.4	2090735413.8
2135000000.0	1986662580.1	1774671551.1	2091709891.0
2136000000.0	1987540073.0	1775369557.1	2092684363.5
2137000000.0	1988417519.3	1776067458.4	2093658831.3
2138000000.0	1989294918.8	1776765255.2	2094633294.4
2139000000.0	1990172271.6	1777462947.5	2095607752.7
2140000000.0	1991049577.7	1778160535.2	2096582206.3
2141000000.0	1991926837.1	1778858018.4	2097556655.2
2142000000.0	1992804049.9	1779555397.1	2098531099.3
2143000000.0	1993681215.9	1780252671.4	2099505538.7
2144000000.0	1994558335.3	1780949841.2	2100479973.3
2145000000.0	1995435407.9	1781646906.6	2101454403.3
2146000000.0	1996312433.9	1782343867.6	2102428828.4
2147000000.0	1997189413.2	1783040724.2	2103403248.9
2148000000.0	1998066345.9	1783737476.5	2104377664.6
2149000000.0	1998943231.8	1784434124.4	2105352075.6
2150000000.0	1999820071.1	1785130668.1	2106326481.9
2151000000.0	2000696863.8	1785827107.5	2107300883.4
2152000000.0	2001573609.8	1786523442.6	2108275280.2
2153000000.0	2002450309.1	1787219673.5	2109249672.2
2154000000.0	2003326961.8	1787915800.3	2110224059.6
2155000000.0	2004203567.8	1788611822.8	2111198442.2
2156000000.0	2005080127.2	1789307741.1	2112172820.0
2157000000.0	2005956640.0	1790003555.4	2113147193.1
2158000000.0	2006833106.1	1790699265.5	2114121561.5
2159000000.0	2007709525.6	1791394871.5	2115095925.2
2160000000.0	2008585898.5	1792090373.5	2116070284.1
2161000000.0	2009462224.7	1792785771.4	2117044638.3
2162000000.0	2010338504.3	1793481065.3	2118018987.8
2163000000.0	2011214737.3	1794176255.3	2118993332.5
2164000000.0	2012090923.7	1794871341.2	2119967672.5
2165000000.0	2012967063.5	1795566323.2	2120942007.8
2166000000.0	2013843156.7	1796261201.3	2121916338.3
2167000000.0	2014719203.3	1796955975.5	2122890664.1
2168000000.0	2015595203.3	1797650645.8	2123864985.2
2169000000.0	2016471156.7	1798345212.2	2124839301.5
2170000000.0	2017347063.5	1799039674.9	2125813613.1
2171000000.0	2018222923.7	1799734033.7	2126787920.0
2172000000.0	2019098737.3	1800428288.7	2127762222.1
2173000000.0	2019974504.4	1801122440.0	2128736519.5
2174000000.0	2020850224.9	1801816487.5	2129710812.2
2175000000.0	2021725898.8	1802510431.3	2130685100.2
2176000000.0	2022601526.1	1803204271.5	2131659383.4
2177000000.0	2023477106.9	1803898007.9	2132633661.8
2178000000.0	2024352641.1	1804591640.8	2133607935.6
2179000000.0	2025228128.7	1805285170.0	2134582204.6
2180000000.0	2026103569.9	1805978595.6	2135556468.9
2181000000.0	2026978964.4	1806671917.6	2136530728.4
2182000000.0	2027854312.4	1807365136.1	2137504983.3
2183000000.0	2028729613.9	1808058251.1	2138479233.3
2184000000.0	2029604868.8	1808751262.5	2139453478.7
2185000000.0	2030480077.2	1809444170.5	2140427719.3
2186000000.0	2031355239.1	1810136975.0	2141401955.2
2187000000.0	2032230354.4	1810829676.1	2142376186.4
2188000000.0	2033105423.3	1811522273.8	2143350412.8
2189000000.0	2033980445.6	1812214768.1	2144324634.5
2190000000.0	2034855421.3	1812907159.0	2145298851.5
2191000000.0	2035730350.6	1813599446.6	2146273063.7
2192000000.0	2036605233.4	1814291630.9	2147247271.2
2193000000.0	2037480069.6	1814983711.8	2148221474.0
2194000000.0	2038354859.4	1815675689.5	2149195672.0
2195000000.0	2039229602.6	1816367564.0	2150169865.3
2196000000.0	2040104299.4	1817059335.2	2151144053.9
2197000000.0	2040978949.7	1817751003.3	2152118237.8
2198000000.0	2041853553.5	1818442568.1	2153092416.9
2199000000.0	2042728110.8	1819134029.8	2154066591.3
2200000000.0	2043602621.6	1819825388.4	2155040760.9
2201000000.0	2044477086.0	1820516643.9	2156014925.9
2202000000.0	2045351503.9	1821207796.2	2156989086.0
2203000000.0	2046225875.3	1821898845.5	2157963241.5
2204000000.0	2047100200.2	1822589791.8	2158937392.2
2205000000.0	2047974478.7	1823280635.1	2159911538.2
2206000000.0	2048848710.8	1823971375.3	2160885679.5
2207000000.0	2049722896.3	1824662012.6	2161859816.0
2208000000.0	2050597035.5	1825352547.0	2162833947.9
2209000000.0	2051471128.2	1826042978.4	2163808074.9
2210000000.0	2052345174.4	1826733306.9	2164782197.3
2211000000.0	2053219174.2	1827423532.6	2165756314.9
2212000000.0	2054093127.6	1828113655.4	2166730427.8
2213000000.0	2054967034.6	1828803675.4	2167704535.9
2214000000.0	2055840895.1	1829493592.5	2168678639.4
2215000000.0	2056714709.2	1830183406.9	2169652738.1
2216000000.0	2057588476.9	1830873118.5	2170626832.0
2217000000.0	2058462198.1	1831562727.4	2171600921.3
2218000000.0	2059335873.0	1832252233.5	2172575005.8
2219000000.0	2060209501.4	1832941637.0	2173549085.5
2220000000.0	2061083083.5	1833630937.8	2174523160.6
2221000000.0	2061956619.1	1834320135.9	2175497230.9
2222000000.0	2062830108.3	1835009231.5	2176471296.5
2223000000.0	2063703551.2	1835698224.4	2177445357.3
2224000000.0	2064576947.6	1836387114.7	2178419413.4
2225000000.0	2065450297.7	1837075902.5	2179393464.8
2226000000.0	2066323601.4	1837764587.8	2180367511.5
2227000000.0	2067196858.7	1838453170.5	2181341553.4
2228000000.0	2068070069.6	1839141650.8	2182315590.6
2229000000.0	2068943234.2	1839830028.6	2183289623.1
2230000000.0	2069816352.4	1840518304.0	2184263650.9
2231000000.0	2070689424.2	1841206476.9	2185237673.9
2232000000.0	2071562449.7	1841894547.5	2186211692.1
2233000000.0	2072435428.8	1842582515.7	2187185705.7
2234000000.0	2073308361.6	1843270381.5	2188159714.5
2235000000.0	2074181248.0	1843958145.0	2189133718.6
2236000000.0	2075054088.1	1844645806.2	2190107718.0
2237000000.0	2075926881.8	1845333365.2	2191081712.6
2238000000.0	2076799629.2	1846020821.8	2192055702.5
2239000000.0	2077672330.2	1846708176.3	2193029687.7
2240000000.0	2078544985.0	1847395428.5	2194003668.2
2241000000.0	2079417593.4	1848082578.5	2194977643.9
2242000000.0	2080290155.4	1848769626.4	2195951614.9
2243000000.0	2081162671.2	1849456572.2	2196925581.1
2244000000.0	2082035140.6	1850143415.8	2197899542.6
2245000000.0	2082907563.8	1850830157.3	2198873499.5
2246000000.0	2083779940.6	1851516796.8	2199847451.5
2247000000.0	2084652271.1	1852203334.2	2200821398.9
2248000000.0	2085524555.3	1852889769.5	2201795341.5
2249000000.0	2086396793.2	1853576102.9	2202769279.4
2250000000.0	2087268984.8	1854262334.3	2203743212.5
2251000000.0	2088141130.2	1854948463.7	2204717140.9
2252000000.0	2089013229.2	1855634491.2	2205691064.6
2253000000.0	2089885282.0	1856320416.8	2206664983.6
2254000000.0	2090757288.5	1857006240.5	2207638897.9
2255000000.0	2091629248.7	1857691962.3	2208612807.4
2256000000.0	2092501162.6	1858377582.3	2209586712.1
2257000000.0	2093373030.3	1859063100.4	2210560612.2
2258000000.0	2094244851.7	1859748516.8	2211534507.5
2259000000.0	2095116626.8	1860433831.3	2212508398.1
2260000000.0	2095988355.7	1861119044.2	2213482284.0
2261000000.0	2096860038.3	1861804155.3	2214456165.1
2262000000.0	2097731674.7	1862489164.6	2215430041.5
2263000000.0	2098603264.9	1863174072.3	2216403913.2
2264000000.0	2099474808.8	1863858878.4	2217377780.2
2265000000.0	2100346306.4	1864543582.8	2218351642.4
2266000000.0	2101217757.8	1865228185.5	2219325499.9
2267000000.0	2102089163.0	1865912686.7	2220299352.7
2268000000.0	2102960522.0	1866597086.3	2221273200.7
2269000000.0	2103831834.7	1867281384.4	2222247044.0
2270000000.0	2104703101.3	1867965580.9	2223220882.6
2271000000.0	2105574321.6	1868649676.0	2224194716.5
2272000000.0	2106445495.7	1869333669.5	2225168545.6
2273000000.0	2107316623.5	1870017561.6	2226142370.0
2274000000.0	2108187705.2	1870701352.3	2227116189.7
2275000000.0	2109058740.7	1871385041.5	2228090004.6
2276000000.0	2109929730.0	1872068629.4	2229063814.8
2277000000.0	2110800673.1	1872752115.8	2230037620.3
2278000000.0	2111671570.0	1873435501.0	2231011421.1
2279000000.0	2112542420.7	1874118784.8	2231985217.1
2280000000.0	2113413225.2	1874801967.3	2232959008.4
2281000000.0	2114283983.5	1875485048.5	2233932795.0
2282000000.0	2115154695.7	1876168028.5	2234906576.8
2283000000.0	2116025361.7	1876850907.3	2235880354.0
2284000000.0	2116895981.5	1877533684.8	2236854126.4
2285000000.0	2117766555.2	1878216361.2	2237827894.0
2286000000.0	2118637082.7	1878898936.4	2238801657.0
2287000000.0	2119507564.0	1879581410.4	2239775415.2
2288000000.0	2120377999.2	1880263783.3	2240749168.7
2289000000.0	2121248388.3	1880946055.2	2241722917.4
2290000000.0	2122118731.1	1881628225.9	2242696661.4
2291000000.0	2122989027.9	1882310295.6	2243670400.7
2292000000.0	2123859278.5	1882992264.3	2244644135.3
2293000000.0	2124729483.0	1883674132.0	2245617865.2
2294000000.0	2125599641.3	1884355898.6	2246591590.3
2295000000.0	2126469753.5	1885037564.4	2247565310.7
2296000000.0	2127339819.6	1885719129.2	2248539026.4
2297000000.0	2128209839.6	1886400593.0	2249512737.3
2298000000.0	2129079813.5	1887081956.0	2250486443.5
2299000000.0	2129949741.2	1887763218.1	2251460145.0
2300000000.0	2130819622.8	1888444379.3	2252433841.7
2301000000.0	2131689458.3	1889125439.8	2253407533.8
2302000000.0	2132559247.8	1889806399.4	2254381221.1
2303000000.0	2133428991.1	1890487258.2	2255354903.7
2304000000.0	2134298688.3	1891168016.3	2256328581.5
2305000000.0	2135168339.4	1891848673.7	2257302254.6
2306000000.0	2136037944.5	1892529230.3	2258275923.0
2307000000.0	2136907503.5	1893209686.2	2259249586.7
2308000000.0	2137777016.3	1893890041.5	2260223245.6
2309000000.0	2138646483.1	1894570296.1	2261196899.9
2310000000.0	2139515903.9	1895250450.1	2262170549.4
2311000000.0	2140385278.5	1895930503.5	2263144194.1
2312000000.0	2141254607.1	1896610456.3	2264117834.2
2313000000.0	2142123889.7	1897290308.6	2265091469.5
2314000000.0	2142993126.1	1897970060.3	2266065100.1
2315000000.0	2143862316.6	1898649711.5	2267038725.9
2316000000.0	2144731460.9	1899329262.2	2268012347.0
2317000000.0	2145600559.3	1900008712.5	2268985963.5
2318000000.0	2146469611.5	1900688062.3	2269959575.1
2319000000.0	2147338617.8	1901367311.7	2270933182.1
2320000000.0	2148207578.0	1902046460.7	2271906784.3
2321000000.0	2149076492.2	1902725509.3	2272880381.8
2322000000.0	2149945360.3	1903404457.5	2273853974.6
2323000000.0	2150814182.4	1904083305.4	2274827562.6
2324000000.0	2151682958.5	1904762053.0	2275801146.0
2325000000.0	2152551688.6	1905440700.4	2276774724.6
2326000000.0	2153420372.6	1906119247.4	2277748298.4
2327000000.0	2154289010.7	1906797694.2	2278721867.6
2328000000.0	2155157602.7	1907476040.8	2279695432.0
2329000000.0	2156026148.8	1908154287.2	2280668991.7
2330000000.0	2156894648.8	1908832433.4	2281642546.7
2331000000.0	2157763102.8	1909510479.4	2282616096.9
2332000000.0	2158631510.9	1910188425.3	2283589642.4
2333000000.0	2159499872.9	1910866271.1	2284563183.2
2334000000.0	2160368189.0	1911544016.9	2285536719.3
2335000000.0	2161236459.1	1912221662.5	2286510250.6
2336000000.0	2162104683.2	1912899208.1	2287483777.2
2337000000.0	2162972861.4	1913576653.7	2288457299.1
2338000000.0	2163840993.5	1914253999.3	2289430816.3
2339000000.0	2164709079.7	1914931244.9	2290404328.7
2340000000.0	2165577120.0	1915608390.5	2291377836.4
2341000000.0	2166445114.2	1916285436.3	2292351339.4
2342000000.0	2167313062.6	1916962382.1	2293324837.7
2343000000.0	2168180964.9	1917639228.0	2294298331.2
2344000000.0	2169048821.4	1918315974.1	2295271820.0
2345000000.0	2169916631.8	1918992620.3	2296245304.1
2346000000.0	2170784396.4	1919669166.7	2297218783.5
2347000000.0	2171652115.0	1920345613.2	2298192258.1
2348000000.0	2172519787.6	1921021960.1	2299165728.0
2349000000.0	2173387414.4	1921698207.1	2300139193.2
2350000000.0	2174254995.2	1922374354.4	2301112653.7
2351000000.0	2175122530.0	1923050402.0	2302086109.4
2352000000.0	2175990019.0	1923726350.0	2303059560.4
2353000000.0	2176857462.0	1924402198.2	2304033006.7
2354000000.0	2177724859.2	1925077946.8	2305006448.3
2355000000.0	2178592210.4	1925753595.8	2305979885.1
2356000000.0	2179459515.7	1926429145.2	2306953317.2
2357000000.0	2180326775.1	1927104595.0	2307926744.6
2358000000.0	2181193988.7	1927779945.3	2308900167.3
2359000000.0	2182061156.3	1928455196.0	2309873585.2
2360000000.0	2182928278.0	1929130347.2	2310846998.5
2361000000.0	2183795353.9	1929805398.9	2311820406.9
2362000000.0	2184662383.8	1930480351.2	2312793810.7
2363000000.0	2185529367.9	1931155204.0	2313767209.7
2364000000.0	2186396306.1	1931829957.4	2314740604.1
2365000000.0	2187263198.5	1932504611.3	2315713993.7
2366000000.0	2188130044.9	1933179165.9	2316687378.5
2367000000.0	2188996845.5	1933853621.2	2317660758.7
2368000000.0	2189863600.3	1934527977.1	2318634134.1
2369000000.0	2190730309.2	1935202233.7	2319607504.8
2370000000.0	2191596972.2	1935876391.0	2320580870.8
2371000000.0	2192463589.4	1936550449.0	2321554232.0
2372000000.0	2193330160.7	1937224407.8	2322527588.5
2373000000.0	2194196686.2	1937898267.3	2323500940.3
2374000000.0	2195063165.9	1938572027.7	2324474287.4
2375000000.0	2195929599.7	1939245688.9	2325447629.8
2376000000.0	2196795987.6	1939919250.9	2326420967.4
2377000000.0	2197662329.8	1940592713.8	2327394300.3
2378000000.0	2198528626.1	1941266077.5	2328367628.5
2379000000.0	2199394876.6	1941939342.2	2329340951.9
2380000000.0	2200261081.3	1942612507.8	2330314270.7
2381000000.0	2201127240.2	1943285574.3	2331287584.7
2382000000.0	2201993353.3	1943958541.9	2332260894.0
2383000000.0	2202859420.5	1944631410.4	2333234198.5
2384000000.0	2203725442.0	1945304179.9	2334207498.4
2385000000.0	2204591417.6	1945976850.5	2335180793.5
2386000000.0	2205457347.5	1946649422.1	2336154083.9
2387000000.0	2206323231.6	1947321894.8	2337127369.5
2388000000.0	2207189069.8	1947994268.6	2338100650.5
2389000000.0	2208054862.3	1948666543.6	2339073926.7
2390000000.0	2208920609.0	1949338719.6	2340047198.2
2391000000.0	2209786310.0	1950010796.9	2341020465.0
2392000000.0	2210651965.1	1950682775.3	2341993727.0
2393000000.0	2211517574.5	1951354655.0	2342966984.4
2394000000.0	2212383138.2	1952026435.9	2343940237.0
2395000000.0	2213248656.0	1952698118.1	2344913484.8
2396000000.0	2214114128.1	1953369701.5	2345886728.0
2397000000.0	2214979554.5	1954041186.2	2346859966.4
2398000000.0	2215844935.1	1954712572.3	2347833200.1
2399000000.0	2216710269.9	1955383859.7	2348806429.1
2400000000.0	2217575559.0	1956055048.4	2349779653.4
2401000000.0	2218440802.4	1956726138.6	2350752873.0
2402000000.0	2219306000.0	1957397130.2	2351726087.8
2403000000.0	2220171151.9	1958068023.1	2352699297.9
2404000000.0	2221036258.0	1958738817.6	2353672503.2
2405000000.0	2221901318.4	1959409513.5	2354645703.9
2406000000.0	2222766333.1	1960080110.9	2355618899.8
2407000000.0	2223631302.1	1960750609.9	2356592091.0
2408000000.0	2224496225.4	1961421010.4	2357565277.5
2409000000.0	2225361103.0	1962091312.4	2358538459.3
2410000000.0	2226225934.8	1962761516.0	2359511636.3
2411000000.0	2227090720.9	1963431621.3	2360484808.6
2412000000.0	2227955461.4	1964101628.1	2361457976.2
2413000000.0	2228820156.1	1964771536.6	2362431139.1
2414000000.0	2229684805.2	1965441346.8	2363404297.3
2415000000.0	2230549408.5	1966111058.7	2364377450.7
2416000000.0	2231413966.2	1966780672.3	2365350599.4
2417000000.0	2232278478.2	1967450187.6	2366323743.4
2418000000.0	2233142944.5	1968119604.7	2367296882.6
2419000000.0	2234007365.1	1968788923.5	2368270017.2
2420000000.0	2234871740.1	1969458144.2	2369243147.0
2421000000.0	2235736069.4	1970127266.7	2370216272.1
2422000000.0	2236600353.0	1970796291.0	2371189392.5
2423000000.0	2237464591.0	1971465217.2	2372162508.1
2424000000.0	2238328783.3	1972134045.3	2373135619.0
2425000000.0	2239192929.9	1972802775.3	2374108725.3
2426000000.0	2240057030.9	1973471407.2	2375081826.7
2427000000.0	2240921086.3	1974139941.1	2376054923.5
2428000000.0	2241785096.0	1974808377.0	2377028015.5
2429000000.0	2242649060.0	1975476714.8	2378001102.9
2430000000.0	2243512978.5	1976144954.7	2378974185.5
2431000000.0	2244376851.3	1976813096.6	2379947263.3
2432000000.0	2245240678.4	1977481140.6	2380920336.5
2433000000.0	2246104460.0	1978149086.6	2381893404.9
2434000000.0	2246968195.9	1978816934.8	2382866468.6
2435000000.0	2247831886.2	1979484685.1	2383839527.6
2436000000.0	2248695530.9	1980152337.5	2384812581.9
2437000000.0	2249559130.0	1980819892.1	2385785631.4
2438000000.0	2250422683.5	1981487348.9	2386758676.3
2439000000.0	2251286191.3	1982154707.9	2387731716.4
2440000000.0	2252149653.6	1982821969.1	2388704751.8
2441000000.0	2253013070.3	1983489132.6	2389677782.4
2442000000.0	2253876441.3	1984156198.4	2390650808.4
2443000000.0	2254739766.8	1984823166.5	2391623829.6
2444000000.0	2255603046.7	1985490036.9	2392596846.1
2445000000.0	2256466281.0	1986156809.6	2393569857.9
2446000000.0	2257329469.8	1986823484.7	2394542864.9
2447000000.0	2258192613.0	1987490062.2	2395515867.2
2448000000.0	2259055710.6	1988156542.1	2396488864.9
2449000000.0	2259918762.6	1988822924.4	2397461857.8
2450000000.0	2260781769.0	1989489209.1	2398434845.9
2451000000.0	2261644729.9	1990155396.4	2399407829.4
2452000000.0	2262507645.3	1990821486.1	2400380808.1
2453000000.0	2263370515.1	1991487478.3	2401353782.1
2454000000.0	2264233339.3	1992153373.1	2402326751.4
2455000000.0	2265096118.0	1992819170.5	2403299716.0
2456000000.0	2265958851.2	1993484870.4	2404272675.8
2457000000.0	2266821538.8	1994150472.9	2405245631.0
2458000000.0	2267684180.9	1994815978.0	2406218581.4
2459000000.0	2268546777.4	1995481385.8	2407191527.0
2460000000.0	2269409328.4	1996146696.2	2408164468.0
2461000000.0	2270271833.9	1996811909.4	2409137404.3
2462000000.0	2271134293.9	1997477025.2	2410110335.8
2463000000.0	2271996708.4	1998142043.8	2411083262.6
2464000000.0	2272859077.3	1998806965.1	2412056184.7
2465000000.0	2273721400.7	1999471789.1	2413029102.0
2466000000.0	2274583678.7	2000136516.0	2414002014.7
2467000000.0	2275445911.1	2000801145.7	2414974922.6
2468000000.0	2276308098.0	2001465678.2	2415947825.8
2469000000.0	2277170239.5	2002130113.6	2416920724.3
2470000000.0	2278032335.4	2002794451.9	2417893618.0
2471000000.0	2278894385.8	2003458693.0	2418866507.1
2472000000.0	2279756390.8	2004122837.1	2419839391.4
2473000000.0	2280618350.3	2004786884.1	2420812271.0
2474000000.0	2281480264.3	2005450834.1	2421785145.9
2475000000.0	2282342132.8	2006114687.1	2422758016.1
2476000000.0	2283203955.9	2006778443.1	2423730881.5
2477000000.0	2284065733.5	2007442102.1	2424703742.2
2478000000.0	2284927465.6	2008105664.1	2425676598.2
2479000000.0	2285789152.3	2008769129.3	2426649449.5
2480000000.0	2286650793.5	2009432497.5	2427622296.1
2481000000.0	2287512389.3	2010095768.8	2428595137.9
2482000000.0	2288373939.6	2010758943.3	2429567975.0
2483000000.0	2289235444.5	2011422020.9	2430540807.4
2484000000.0	2290096903.9	2012085001.7	2431513635.1
2485000000.0	2290958317.9	2012747885.7	2432486458.1
2486000000.0	2291819686.4	2013410672.9	2433459276.3
2487000000.0	2292681009.6	2014073363.4	2434432089.9
2488000000.0	2293542287.3	2014735957.1	2435404898.7
2489000000.0	2294403519.5	2015398454.1	2436377702.8
2490000000.0	2295264706.4	2016060854.4	2437350502.1
2491000000.0	2296125847.8	2016723158.0	2438323296.8
2492000000.0	2296986943.8	2017385365.0	2439296086.7
2493000000.0	2297847994.5	2018047475.4	2440268871.9
2494000000.0	2298708999.7	2018709489.1	2441241652.4
2495000000.0	2299569959.5	2019371406.3	2442214428.2
2496000000.0	2300430873.9	2020033226.8	2443187199.2
2497000000.0	2301291742.9	2020694950.9	2444159965.6
2498000000.0	2302152566.5	2021356578.4	2445132727.2
2499000000.0	2303013344.8	2022018109.4	2446105484.1
2500000000.0	2303874077.6	2022679543.9	2447078236.3
2501000000.0	2304734765.1	2023340882.0	2448050983.7
2502000000.0	2305595407.2	2024002123.6	2449023726.5
2503000000.0	2306456003.9	2024663268.8	2449996464.5
2504000000.0	2307316555.2	2025324317.6	2450969197.8
2505000000.0	2308177061.2	2025985270.0	2451941926.4
2506000000.0	2309037521.8	2026646126.1	2452914650.2
2507000000.0	2309897937.1	2027306885.8	2453887369.4
2508000000.0	2310758307.0	2027967549.2	2454860083.8
2509000000.0	2311618631.6	2028628116.3	2455832793.5
2510000000.0	2312478910.8	2029288587.2	2456805498.5
2511000000.0	2313339144.6	2029948961.8	2457778198.8
2512000000.0	2314199333.2	2030609240.2	2458750894.3
2513000000.0	2315059476.3	2031269422.3	2459723585.2
2514000000.0	2315919574.2	2031929508.3	2460696271.3
2515000000.0	2316779626.7	2032589498.1	2461668952.7
2516000000.0	2317639633.9	2033249391.8	2462641629.4
2517000000.0	2318499595.8	2033909189.3	2463614301.3
2518000000.0	2319359512.3	2034568890.8	2464586968.6
2519000000.0	2320219383.6	2035228496.1	2465559631.1
2520000000.0	2321079209.5	2035888005.4	2466532288.9
2521000000.0	2321938990.1	2036547418.7	2467504942.0
2522000000.0	2322798725.4	2037206735.9	2468477590.4
2523000000.0	2323658415.4	2037865957.2	2469450234.0
2524000000.0	2324518060.1	2038525082.4	2470422873.0
2525000000.0	2325377659.5	2039184111.7	2471395507.2
2526000000.0	2326237213.6	2039843045.1	2472368136.7
2527000000.0	2327096722.5	2040501882.6	2473340761.5
2528000000.0	2327956186.0	2041160624.2	2474313381.5
2529000000.0	2328815604.3	2041819269.9	2475285996.9
2530000000.0	2329674977.3	2042477819.7	2476258607.5
2531000000.0	2330534305.0	2043136273.7	2477231213.4
2532000000.0	2331393587.5	2043794631.9	2478203814.6
2533000000.0	2332252824.7	2044452894.4	2479176411.1
2534000000.0	2333112016.6	2045111061.0	2480149002.8
2535000000.0	2333971163.2	2045769131.9	2481121589.9
2536000000.0	2334830264.7	2046427107.1	2482094172.2
2537000000.0	2335689320.8	2047084986.6	2483066749.8
2538000000.0	2336548331.7	2047742770.4	2484039322.7
2539000000.0	2337407297.4	2048400458.6	2485011890.9
2540000000.0	2338266217.8	2049058051.1	2485984454.3
2541000000.0	2339125093.0	2049715547.9	2486957013.1
2542000000.0	2339983923.0	2050372949.2	2487929567.1
2543000000.0	2340842707.7	2051030254.9	2488902116.4
2544000000.0	2341701447.2	2051687465.1	2489874661.0
2545000000.0	2342560141.5	2052344579.7	2490847200.8
2546000000.0	2343418790.5	2053001598.8	2491819736.0
2547000000.0	2344277394.3	2053658522.4	2492792266.4
2548000000.0	2345135953.0	2054315350.5	2493764792.1
2549000000.0	2345994466.4	2054972083.2	2494737313.1
2550000000.0	2346852934.6	2055628720.4	2495709829.4
2551000000.0	2347711357.6	2056285262.3	2496682341.0
2552000000.0	2348569735.4	2056941708.7	2497654847.8
2553000000.0	2349428068.0	2057598059.8	2498627350.0
2554000000.0	2350286355.5	2058254315.5	2499599847.4
2555000000.0	2351144597.7	2058910475.9	2500572340.1
2556000000.0	2352002794.8	2059566541.0	2501544828.1
2557000000.0	2352860946.7	2060222510.8	2502517311.3
2558000000.0	2353719053.4	2060878385.4	2503489789.9
2559000000.0	2354577114.9	2061534164.7	2504462263.7
2560000000.0	2355435131.2	2062189848.8	2505434732.8
2561000000.0	2356293102.4	2062845437.7	2506407197.2
2562000000.0	2357151028.5	2063500931.4	2507379656.9
2563000000.0	2358008909.3	2064156329.9	2508352111.9
2564000000.0	2358866745.1	2064811633.3	2509324562.1
2565000000.0	2359724535.6	2065466841.6	2510297007.7
2566000000.0	2360582281.0	2066121954.7	2511269448.5
2567000000.0	2361439981.3	2066776972.9	2512241884.6
2568000000.0	2362297636.4	2067431895.9	2513214316.0
2569000000.0	2363155246.4	2068086723.9	2514186742.6
2570000000.0	2364012811.3	2068741456.9	2515159164.6
2571000000.0	2364870331.0	2069396094.9	2516131581.8
2572000000.0	2365727805.6	2070050637.9	2517103994.4
2573000000.0	2366585235.1	2070705086.0	2518076402.2
2574000000.0	2367442619.5	2071359439.2	2519048805.3
2575000000.0	2368299958.7	2072013697.4	2520021203.6
2576000000.0	2369157252.9	2072667860.7	2520993597.3
2577000000.0	2370014501.9	2073321929.2	2521965986.2
2578000000.0	2370871705.8	2073975902.8	2522938370.4
2579000000.0	2371728864.6	2074629781.6	2523910750.0
2580000000.0	2372585978.3	2075283565.6	2524883124.8
2581000000.0	2373443047.0	2075937254.8	2525855494.8
2582000000.0	2374300070.5	2076590849.2	2526827860.2
2583000000.0	2375157048.9	2077244348.9	2527800220.8
2584000000.0	2376013982.3	2077897753.9	2528772576.8
2585000000.0	2376870870.6	2078551064.2	2529744928.0
2586000000.0	2377727713.8	2079204279.7	2530717274.5
2587000000.0	2378584511.9	2079857400.6	2531689616.3
2588000000.0	2379441265.0	2080510426.9	2532661953.3
2589000000.0	2380297973.0	2081163358.6	2533634285.7
2590000000.0	2381154635.9	2081816195.6	2534606613.3
2591000000.0	2382011253.8	2082468938.1	2535578936.3
2592000000.0	2382867826.6	2083121586.0	2536551254.5
2593000000.0	2383724354.4	2083774139.4	2537523568.0
2594000000.0	2384580837.1	2084426598.2	2538495876.7
2595000000.0	2385437274.8	2085078962.6	2539468180.8
2596000000.0	2386293667.4	2085731232.4	2540440480.1
2597000000.0	2387150015.0	2086383407.8	2541412774.8
2598000000.0	2388006317.5	2087035488.8	2542385064.7
2599000000.0	2388862575.1	2087687475.4	2543357349.9
2600000000.0	2389718787.6	2088339367.6	2544329630.4
2601000000.0	2390574955.1	2088991165.4	2545301906.2
2602000000.0	2391431077.5	2089642868.8	2546274177.2
2603000000.0	2392287155.0	2090294477.9	2547246443.6
2604000000.0	2393143187.4	2090945992.7	2548218705.2
2605000000.0	2393999174.8	2091597413.2	2549190962.1
2606000000.0	2394855117.2	2092248739.5	2550163214.3
2607000000.0	2395711014.6	2092899971.4	2551135461.8
2608000000.0	2396566867.1	2093551109.2	2552107704.6
2609000000.0	2397422674.5	2094202152.7	2553079942.6
2610000000.0	2398278436.9	2094853102.1	2554052176.0
2611000000.0	2399134154.4	2095503957.3	2555024404.6
2612000000.0	2399989826.8	2096154718.3	2555996628.5
2613000000.0	2400845454.3	2096805385.2	2556968847.7
2614000000.0	2401701036.8	2097455958.0	2557941062.2
2615000000.0	2402556574.3	2098106436.8	2558913271.9
2616000000.0	2403412066.9	2098756821.4	2559885477.0
2617000000.0	2404267514.5	2099407112.0	2560857677.3
2618000000.0	2405122917.1	2100057308.6	2561829873.0
2619000000.0	2405978274.7	2100707411.2	2562802063.9
2620000000.0	2406833587.4	2101357419.7	2563774250.1
2621000000.0	2407688855.2	2102007334.4	2564746431.6
2622000000.0	2408544078.0	2102657155.0	2565718608.3
2623000000.0	2409399255.9	2103306881.8	2566690780.4
2624000000.0	2410254388.8	2103956514.7	2567662947.7
2625000000.0	2411109476.8	2104606053.6	2568635110.4
2626000000.0	2411964519.8	2105255498.7	2569607268.3
2627000000.0	2412819517.9	2105904850.0	2570579421.5
2628000000.0	2413674471.1	2106554107.5	2571551569.9
2629000000.0	2414529379.4	2107203271.1	2572523713.7
2630000000.0	2415384242.7	2107852341.0	2573495852.8
2631000000.0	2416239061.2	2108501317.1	2574467987.1
2632000000.0	2417093834.7	2109150199.5	2575440116.8
2633000000.0	2417948563.3	2109798988.1	2576412241.7
2634000000.0	2418803247.0	2110447683.1	2577384361.9
2635000000.0	2419657885.8	2111096284.3	2578356477.4
2636000000.0	2420512479.7	2111744791.9	2579328588.1
2637000000.0	2421367028.7	2112393205.9	2580300694.2
2638000000.0	2422221532.8	2113041526.3	2581272795.6
2639000000.0	2423075992.0	2113689753.0	2582244892.2
2640000000.0	2423930406.3	2114337886.2	2583216984.1
2641000000.0	2424784775.8	2114985925.9	2584189071.3
2642000000.0	2425639100.3	2115633872.0	2585161153.8
2643000000.0	2426493380.0	2116281724.5	2586133231.6
2644000000.0	2427347614.9	2116929483.6	2587105304.7
2645000000.0	2428201804.8	2117577149.2	2588077373.0
2646000000.0	2429055949.9	2118224721.4	2589049436.7
2647000000.0	2429910050.1	2118872200.1	2590021495.6
2648000000.0	2430764105.5	2119519585.4	2590993549.8
2649000000.0	2431618116.1	2120166877.3	2591965599.3
2650000000.0	2432472081.7	2120814075.9	2592937644.1
2651000000.0	2433326002.6	2121461181.0	2593909684.2
2652000000.0	2434179878.5	2122108192.9	2594881719.6
2653000000.0	2435033709.7	2122755111.4	2595853750.2
2654000000.0	2435887496.0	2123401936.7	2596825776.2
2655000000.0	2436741237.5	2124048668.7	2597797797.4
2656000000.0	2437594934.1	2124695307.4	2598769813.9
2657000000.0	2438448585.9	2125341852.9	2599741825.7
2658000000.0	2439302192.9	2125988305.2	2600713832.8
2659000000.0	2440155755.1	2126634664.3	2601685835.2
2660000000.0	2441009272.5	2127280930.2	2602657832.8
2661000000.0	2441862745.1	2127927103.0	2603629825.8
2662000000.0	2442716172.8	2128573182.6	2604601814.0
2663000000.0	2443569555.8	2129219169.1	2605573797.6
2664000000.0	2444422893.9	2129865062.6	2606545776.4
2665000000.0	2445276187.3	2130510862.9	2607517750.5
2666000000.0	2446129435.8	2131156570.2	2608489719.9
2667000000.0	2446982639.6	2131802184.5	2609461684.5
2668000000.0	2447835798.6	2132447705.8	2610433644.5
2669000000.0	2448688912.8	2133093134.1	2611405599.8
2670000000.0	2449541982.2	2133738469.4	2612377550.3
2671000000.0	2450395006.8	2134383711.8	2613349496.1
2672000000.0	2451247986.7	2135028861.3	2614321437.2
2673000000.0	2452100921.8	2135673917.8	2615293373.7
2674000000.0	2452953812.1	2136318881.4	2616265305.3
2675000000.0	2453806657.7	2136963752.2	2617237232.3
2676000000.0	2454659458.5	2137608530.2	2618209154.6
2677000000.0	2455512214.6	2138253215.3	2619181072.1
2678000000.0	2456364925.9	2138897807.6	2620152985.0
2679000000.0	2457217592.5	2139542307.1	2621124893.1
2680000000.0	2458070214.3	2140186713.8	2622096796.6
2681000000.0	2458922791.4	2140831027.8	2623068695.3
2682000000.0	2459775323.7	2141475249.1	2624040589.3
2683000000.0	2460627811.3	2142119377.6	2625012478.5
2684000000.0	2461480254.2	2142763413.5	2625984363.1
2685000000.0	2462332652.4	2143407356.7	2626956243.0
2686000000.0	2463185005.8	2144051207.3	2627928118.1
2687000000.0	2464037314.5	2144694965.2	2628899988.6
2688000000.0	2464889578.5	2145338630.5	2629871854.3
2689000000.0	2465741797.8	2145982203.3	2630843715.3
2690000000.0	2466593972.3	2146625683.4	2631815571.6
2691000000.0	2467446102.2	2147269071.1	2632787423.2
2692000000.0	2468298187.4	2147912366.2	2633759270.1
2693000000.0	2469150227.8	2148555568.7	2634731112.3
2694000000.0	2470002223.6	2149198678.9	2635702949.7
2695000000.0	2470854174.7	2149841696.5	2636674782.5
2696000000.0	2471706081.1	2150484621.7	2637646610.5
2697000000.0	2472557942.8	2151127454.4	2638618433.9
2698000000.0	2473409759.8	2151770194.8	2639590252.5
2699000000.0	2474261532.2	2152412842.8	2640562066.4
2700000000.0	2475113259.9	2153055398.4	2641533875.6
2701000000.0	2475964942.9	2153697861.6	2642505680.1
2702000000.0	2476816581.2	2154340232.6	2643477479.8
2703000000.0	2477668174.9	2154982511.2	2644449274.9
2704000000.0	2478519723.9	2155624697.5	2645421065.2
2705000000.0	2479371228.3	2156266791.6	2646392850.9
2706000000.0	2480222688.0	2156908793.4	2647364631.8
2707000000.0	2481074103.1	2157550703.0	2648336408.0
2708000000.0	2481925473.5	2158192520.4	2649308179.5
2709000000.0	2482776799.3	2158834245.6	2650279946.3
2710000000.0	2483628080.4	2159475878.7	2651251708.4
2711000000.0	2484479316.9	2160117419.6	2652223465.8
2712000000.0	2485330508.8	2160758868.3	2653195218.5
2713000000.0	2486181656.0	2161400225.0	2654166966.4
2714000000.0	2487032758.6	2162041489.5	2655138709.7
2715000000.0	2487883816.6	2162682662.0	2656110448.2
2716000000.0	2488734830.0	2163323742.5	2657082182.0
2717000000.0	2489585798.8	2163964730.9	2658053911.1
2718000000.0	2490436722.9	2164605627.3	2659025635.5
2719000000.0	2491287602.5	2165246431.8	2659997355.2
2720000000.0	2492138437.4	2165887144.2	2660969070.2
2721000000.0	2492989227.8	2166527764.7	2661940780.5
2722000000.0	2493839973.5	2167168293.3	2662912486.1
2723000000.0	2494690674.7	2167808730.0	2663884186.9
2724000000.0	2495541331.2	2168449074.8	2664855883.1
2725000000.0	2496391943.2	2169089327.7	2665827574.5
2726000000.0	2497242510.6	2169729488.8	2666799261.2
2727000000.0	2498093033.4	2170369558.0	2667770943.2
2728000000.0	2498943511.7	2171009535.5	2668742620.5
2729000000.0	2499793945.3	2171649421.1	2669714293.1
2730000000.0	2500644334.4	2172289215.0	2670685961.0
2731000000.0	2501494679.0	2172928917.1	2671657624.2
2732000000.0	2502344979.0	2173568527.5	2672629282.6
2733000000.0	2503195234.4	2174208046.2	2673600936.4
2734000000.0	2504045445.2	2174847473.2	2674572585.4
2735000000.0	2504895611.5	2175486808.5	2675544229.8
2736000000.0	2505745733.3	2176126052.2	2676515869.4
2737000000.0	2506595810.5	2176765204.2	2677487504.3
2738000000.0	2507445843.2	2177404264.7	2678459134.5
2739000000.0	2508295831.4	2178043233.5	2679430760.0
2740000000.0	2509145775.0	2178682110.8	2680402380.8
2741000000.0	2509995674.1	2179320896.5	2681373996.9
2742000000.0	2510845528.6	2179959590.7	2682345608.3
2743000000.0	2511695338.7	2180598193.3	2683317214.9
2744000000.0	2512545104.2	2181236704.5	2684288816.9
2745000000.0	2513394825.2	2181875124.2	2685260414.1
2746000000.0	2514244501.7	2182513452.5	2686232006.6
2747000000.0	2515094133.6	2183151689.3	2687203594.5
2748000000.0	2515943721.1	2183789834.7	2688175177.6
2749000000.0	2516793264.1	2184427888.7	2689146756.0
2750000000.0	2517642762.5	2185065851.4	2690118329.7
2751000000.0	2518492216.5	2185703722.6	2691089898.7
2752000000.0	2519341626.0	2186341502.6	2692061463.0
2753000000.0	2520190991.0	2186979191.2	2693033022.5
2754000000.0	2521040311.5	2187616788.6	2694004577.4
2755000000.0	2521889587.6	2188254294.6	2694976127.5
2756000000.0	2522738819.1	2188891709.4	2695947673.0
2757000000.0	2523588006.2	2189529033.0	2696919213.7
2758000000.0	2524437148.8	2190166265.4	2697890749.7
2759000000.0	2525286246.9	2190803406.5	2698862281.1
2760000000.0	2526135300.6	2191440456.5	2699833807.7
2761000000.0	2526984309.8	2192077415.3	2700805329.6
2762000000.0	2527833274.6	2192714283.0	2701776846.8
2763000000.0	2528682194.9	2193351059.6	2702748359.2
2764000000.0	2529531070.8	2193987745.0	2703719867.0
2765000000.0	2530379902.2	2194624339.4	2704691370.1
2766000000.0	2531228689.2	2195260842.7	2705662868.4
2767000000.0	2532077431.7	2195897255.0	2706634362.1
2768000000.0	2532926129.8	2196533576.3	2707605851.0
2769000000.0	2533774783.5	2197169806.5	2708577335.3
2770000000.0	2534623392.7	2197805945.8	2709548814.8
2771000000.0	2535471957.5	2198441994.1	2710520289.6
2772000000.0	2536320477.9	2199077951.5	2711491759.7
2773000000.0	2537168953.9	2199713818.0	2712463225.1
2774000000.0	2538017385.5	2200349593.5	2713434685.8
2775000000.0	2538865772.6	2200985278.2	2714406141.8
2776000000.0	2539714115.3	2201620872.0	2715377593.1
2777000000.0	2540562413.7	2202256374.9	2716349039.6
2778000000.0	2541410667.6	2202891787.1	2717320481.5
2779000000.0	2542258877.2	2203527108.4	2718291918.6
2780000000.0	2543107042.3	2204162339.0	2719263351.1
2781000000.0	2543955163.1	2204797478.7	2720234778.8
2782000000.0	2544803239.4	2205432527.8	2721206201.9
2783000000.0	2545651271.4	2206067486.1	2722177620.2
2784000000.0	2546499259.0	2206702353.7	2723149033.8
2785000000.0	2547347202.3	2207337130.6	2724120442.7
2786000000.0	2548195101.1	2207971816.8	2725091846.9
2787000000.0	2549042955.6	2208606412.4	2726063246.4
2788000000.0	2549890765.7	2209240917.4	2727034641.2
2789000000.0	2550738531.5	2209875331.7	2728006031.2
2790000000.0	2551586252.9	2210509655.5	2728977416.6
2791000000.0	2552433929.9	2211143888.7	2729948797.3
2792000000.0	2553281562.6	2211778031.3	2730920173.2
2793000000.0	2554129151.0	2212412083.4	2731891544.5
2794000000.0	2554976695.0	2213046045.0	2732862911.0
2795000000.0	2555824194.6	2213679916.1	2733834272.8
2796000000.0	2556671650.0	2214313696.7	2734805630.0
2797000000.0	2557519061.0	2214947386.9	2735776982.4
2798000000.0	2558366427.6	2215580986.6	2736748330.1
2799000000.0	2559213749.9	2216214495.9	2737719673.1
2800000000.0	2560061027.9	2216847914.9	2738691011.4
2801000000.0	2560908261.6	2217481243.4	2739662345.0
2802000000.0	2561755451.0	2218114481.6	2740633673.9
2803000000.0	2562602596.1	2218747629.4	2741604998.0
2804000000.0	2563449696.8	2219380687.0	2742576317.5
2805000000.0	2564296753.2	2220013654.2	2743547632.3
2806000000.0	2565143765.4	2220646531.1	2744518942.3
2807000000.0	2565990733.2	2221279317.8	2745490247.7
2808000000.0	2566837656.7	2221912014.3	2746461548.3
2809000000.0	2567684536.0	2222544620.5	2747432844.3
2810000000.0	2568531371.0	2223177136.5	2748404135.5
2811000000.0	2569378161.6	2223809562.4	2749375422.0
2812000000.0	2570224908.0	2224441898.1	2750346703.8
2813000000.0	2571071610.1	2225074143.6	2751317980.9
2814000000.0	2571918268.0	2225706299.0	2752289253.3
2815000000.0	2572764881.5	2226338364.3	2753260521.0
2816000000.0	2573611450.8	2226970339.5	2754231784.0
2817000000.0	2574457975.9	2227602224.7	2755203042.3
2818000000.0	2575304456.6	2228234019.8	2756174295.9
2819000000.0	2576150893.1	2228865724.9	2757145544.7
2820000000.0	2576997285.4	2229497339.9	2758116788.9
2821000000.0	2577843633.4	2230128865.0	2759088028.4
2822000000.0	2578689937.2	2230760300.1	2760059263.1
2823000000.0	2579536196.7	2231391645.3	2761030493.2
2824000000.0	2580382411.9	2232022900.5	2762001718.5
2825000000.0	2581228583.0	2232654065.8	2762972939.1
2826000000.0	2582074709.8	2233285141.2	2763944155.1
2827000000.0	2582920792.4	2233916126.8	2764915366.3
2828000000.0	2583766830.7	2234547022.5	2765886572.8
2829000000.0	2584612824.8	2235177828.3	2766857774.6
2830000000.0	2585458774.7	2235808544.4	2767828971.7
2831000000.0	2586304680.4	2236439170.6	2768800164.1
2832000000.0	2587150541.9	2237069707.1	2769771351.8
2833000000.0	2587996359.2	2237700153.8	2770742534.8
2834000000.0	2588842132.2	2238330510.8	2771713713.1
2835000000.0	2589687861.1	2238960778.0	2772684886.6
2836000000.0	2590533545.7	2239590955.5	2773656055.5
2837000000.0	2591379186.2	2240221043.4	2774627219.7
2838000000.0	2592224782.5	2240851041.6	2775598379.1
2839000000.0	2593070334.5	2241480950.2	2776569533.9
2840000000.0	2593915842.4	2242110769.1	2777540683.9
2841000000.0	2594761306.2	2242740498.4	2778511829.3
2842000000.0	2595606725.7	2243370138.2	2779482969.9
2843000000.0	2596452101.1	2243999688.4	2780454105.8
2844000000.0	2597297432.2	2244629149.0	2781425237.1
2845000000.0	2598142719.3	2245258520.1	2782396363.6
2846000000.0	2598987962.1	2245887801.7	2783367485.4
2847000000.0	2599833160.8	2246516993.8	2784338602.5
2848000000.0	2600678315.4	2247146096.4	2785309714.9
2849000000.0	2601523425.8	2247775109.6	2786280822.6
2850000000.0	2602368492.0	2248404033.4	2787251925.6
2851000000.0	2603213514.1	2249032867.7	2788223023.9
2852000000.0	2604058492.0	2249661612.7	2789194117.5
2853000000.0	2604903425.8	2250290268.2	2790165206.4
2854000000.0	2605748315.5	2250918834.4	2791136290.5
2855000000.0	2606593161.0	2251547311.3	2792107370.0
2856000000.0	2607437962.4	2252175698.9	2793078444.8
2857000000.0	2608282719.7	2252803997.2	2794049514.8
2858000000.0	2609127432.9	2253432206.1	2795020580.2
2859000000.0	2609972101.9	2254060325.9	2795991640.8
2860000000.0	2610816726.8	2254688356.3	2796962696.8
2861000000.0	2611661307.6	2255316297.6	2797933748.0
2862000000.0	2612505844.3	2255944149.7	2798904794.6
2863000000.0	2613350336.9	2256571912.5	2799875836.4
2864000000.0	2614194785.4	2257199586.2	2800846873.5
2865000000.0	2615039189.8	2257827170.8	2801817905.9
2866000000.0	2615883550.1	2258454666.2	2802788933.7
2867000000.0	2616727866.3	2259082072.6	2803759956.7
2868000000.0	2617572138.4	2259709389.8	2804730975.0
2869000000.0	2618416366.5	2260336618.0	2805701988.6
2870000000.0	2619260550.4	2260963757.1	2806672997.5
2871000000.0	2620104690.3	2261590807.2	2807644001.7
2872000000.0	2620948786.1	2262217768.3	2808615001.2
2873000000.0	2621792837.8	2262844640.4	2809585996.0
2874000000.0	2622636845.5	2263471423.5	2810556986.1
2875000000.0	2623480809.1	2264098117.6	2811527971.4
2876000000.0	2624324728.6	2264724722.9	2812498952.1
2877000000.0	2625168604.1	2265351239.2	2813469928.1
2878000000.0	2626012435.5	2265977666.6	2814440899.4
2879000000.0	2626856222.9	2266604005.1	2815411865.9
2880000000.0	2627699966.2	2267230254.8	2816382827.8
2881000000.0	2628543665.5	2267856415.6	2817353784.9
2882000000.0	2629387320.8	2268482487.6	2818324737.4
2883000000.0	2630230932.0	2269108470.8	2819295685.1
2884000000.0	2631074499.2	2269734365.2	2820266628.2
2885000000.0	2631918022.3	2270360170.8	2821237566.5
2886000000.0	2632761501.4	2270985887.7	2822208500.2
2887000000.0	2633604936.5	2271611515.9	2823179429.1
2888000000.0	2634448327.6	2272237055.4	2824150353.3
2889000000.0	2635291674.7	2272862506.2	2825121272.9
2890000000.0	2636134977.7	2273487868.3	2826092187.7
2891000000.0	2636978236.8	2274113141.7	2827063097.8
2892000000.0	2637821451.8	2274738326.5	2828034003.2
2893000000.0	2638664622.8	2275363422.7	2829004903.9
2894000000.0	2639507749.9	2275988430.4	2829975799.9
2895000000.0	2640350832.9	2276613349.4	2830946691.2
2896000000.0	2641193872.0	2277238179.9	2831917577.9
2897000000.0	2642036867.0	2277862921.8	2832888459.8
2898000000.0	2642879818.1	2278487575.2	2833859336.9
2899000000.0	2643722725.2	2279112140.1	2834830209.4
2900000000.0	2644565588.3	2279736616.6	2835801077.2
2901000000.0	2645408407.4	2280361004.6	2836771940.3
2902000000.0	2646251182.6	2280985304.1	2837742798.7
2903000000.0	2647093913.8	2281609515.2	2838713652.4
2904000000.0	2647936601.1	2282233637.9	2839684501.4
2905000000.0	2648779244.3	2282857672.2	2840655345.6
2906000000.0	2649621843.7	2283481618.1	2841626185.2
2907000000.0	2650464399.0	2284105475.7	2842597020.1
2908000000.0	2651306910.4	2284729245.0	2843567850.3
2909000000.0	2652149377.9	2285352926.0	2844538675.7
2910000000.0	2652991801.4	2285976518.6	2845509496.5
2911000000.0	2653834181.0	2286600023.0	2846480312.5
2912000000.0	2654676516.7	2287223439.1	2847451123.9
2913000000.0	2655518808.4	2287846767.0	2848421930.5
2914000000.0	2656361056.2	2288470006.7	2849392732.5
2915000000.0	2657203260.0	2289093158.2	2850363529.8
2916000000.0	2658045420.0	2289716221.5	2851334322.3
2917000000.0	2658887536.0	2290339196.6	2852305110.1
2918000000.0	2659729608.1	2290962083.6	2853275893.3
2919000000.0	2660571636.3	2291584882.4	2854246671.7
2920000000.0	2661413620.6	2292207593.2	2855217445.5
2921000000.0	2662255560.9	2292830215.9	2856188214.5
2922000000.0	2663097457.4	2293452750.5	2857158978.8
2923000000.0	2663939310.0	2294075197.0	2858129738.5
2924000000.0	2664781118.7	2294697555.5	2859100493.4
2925000000.0	2665622883.5	2295319826.1	2860071243.6
2926000000.0	2666464604.4	2295942008.6	2861041989.1
2927000000.0	2667306281.4	2296564103.1	2862012730.0
2928000000.0	2668147914.5	2297186109.7	2862983466.1
2929000000.0	2668989503.8	2297808028.4	2863954197.5
2930000000.0	2669831049.1	2298429859.1	2864924924.2
2931000000.0	2670672550.6	2299051601.9	2865895646.2
2932000000.0	2671514008.3	2299673256.9	2866866363.5
2933000000.0	2672355422.1	2300294824.0	2867837076.1
2934000000.0	2673196792.0	2300916303.3	2868807784.1
2935000000.0	2674038118.0	2301537694.7	2869778487.3
2936000000.0	2674879400.2	2302158998.3	2870749185.8
2937000000.0	2675720638.6	2302780214.1	2871719879.6
2938000000.0	2676561833.1	2303401342.2	2872690568.7
2939000000.0	2677402983.7	2304022382.5	2873661253.1
2940000000.0	2678244090.6	2304643335.1	2874631932.8
2941000000.0	2679085153.5	2305264200.0	2875602607.8
2942000000.0	2679926172.7	2305884977.1	2876573278.1
2943000000.0	2680767148.0	2306505666.7	2877543943.7
2944000000.0	2681608079.5	2307126268.5	2878514604.5
2945000000.0	2682448967.2	2307746782.7	2879485260.7
2946000000.0	2683289811.0	2308367209.3	2880455912.2
2947000000.0	2684130611.0	2308987548.3	2881426559.0
2948000000.0	2684971367.3	2309607799.7	2882397201.1
2949000000.0	2685812079.7	2310227963.5	2883367838.5
2950000000.0	2686652748.3	2310848039.8	2884338471.2
2951000000.0	2687493373.1	2311468028.6	2885309099.2
2952000000.0	2688333954.1	2312087929.9	2886279722.4
2953000000.0	2689174491.3	2312707743.6	2887250341.0
2954000000.0	2690014984.7	2313327470.0	2888220954.9
2955000000.0	2690855434.3	2313947108.8	2889191564.1
2956000000.0	2691695840.1	2314566660.2	2890162168.6
2957000000.0	2692536202.2	2315186124.2	2891132768.3
2958000000.0	2693376520.5	2315805500.8	2892103363.4
2959000000.0	2694216795.0	2316424790.1	2893073953.8
2960000000.0	2695057025.7	2317043991.9	2894044539.5
2961000000.0	2695897212.7	2317663106.5	2895015120.4
2962000000.0	2696737355.9	2318282133.7	2895985696.7
2963000000.0	2697577455.3	2318901073.6	2896956268.3
2964000000.0	2698417511.0	2319519926.2	2897926835.2
2965000000.0	2699257522.9	2320138691.6	2898897397.3
2966000000.0	2700097491.0	2320757369.7	2899867954.8
2967000000.0	2700937415.5	2321375960.6	2900838507.6
2968000000.0	2701777296.1	2321994464.2	2901809055.6
2969000000.0	2702617133.1	2322612880.7	2902779599.0
2970000000.0	2703456926.3	2323231210.0	2903750137.7
2971000000.0	2704296675.7	2323849452.2	2904720671.7
2972000000.0	2705136381.5	2324467607.2	2905691200.9
2973000000.0	2705976043.5	2325085675.1	2906661725.5
2974000000.0	2706815661.7	2325703655.9	2907632245.4
2975000000.0	2707655236.3	2326321549.6	2908602760.5
2976000000.0	2708494767.1	2326939356.2	2909573271.0
2977000000.0	2709334254.3	2327557075.8	2910543776.8
2978000000.0	2710173697.7	2328174708.4	2911514277.8
2979000000.0	2711013097.4	2328792254.0	2912484774.2
2980000000.0	2711852453.4	2329409712.5	2913455265.9
2981000000.0	2712691765.7	2330027084.2	2914425752.8
2982000000.0	2713531034.3	2330644368.8	2915396235.1
2983000000.0	2714370259.2	2331261566.5	2916366712.7
2984000000.0	2715209440.5	2331878677.4	2917337185.6
2985000000.0	2716048578.0	2332495701.3	2918307653.7
2986000000.0	2716887671.8	2333112638.3	2919278117.2
2987000000.0	2717726722.0	2333729488.5	2920248576.0
2988000000.0	2718565728.5	2334346251.8	2921219030.0
2989000000.0	2719404691.3	2334962928.3	2922189479.4
2990000000.0	2720243610.5	2335579518.0	2923159924.1
2991000000.0	2721082486.0	2336196020.9	2924130364.0
2992000000.0	2721921317.8	2336812437.1	2925100799.3
2993000000.0	2722760106.0	2337428766.5	2926071229.9
2994000000.0	2723598850.5	2338045009.2	2927041655.8
2995000000.0	2724437551.4	2338661165.1	2928012076.9
2996000000.0	2725276208.6	2339277234.4	2928982493.4
2997000000.0	2726114822.1	2339893217.0	2929952905.2
2998000000.0	2726953392.1	2340509112.9	2930923312.3
2999000000.0	2727791918.3	2341124922.2	2931893714.6
3000000000.0	2728630401.0	2341740644.9	2932864112.3
3001000000.0	2729468840.0	2342356280.9	2933834505.3
3002000000.0	2730307235.4	2342971830.4	2934804893.6
3003000000.0	2731145587.2	2343587293.3	2935775277.1
3004000000.0	2731983895.3	2344202669.7	2936745656.0
3005000000.0	2732822159.8	2344817959.5	2937716030.2
3006000000.0	2733660380.7	2345433162.8	2938686399.7
3007000000.0	2734498558.0	2346048279.7	2939656764.5
3008000000.0	2735336691.7	2346663310.0	2940627124.6
3009000000.0	2736174781.8	2347278253.9	2941597479.9
3010000000.0	2737012828.3	2347893111.4	2942567830.6
3011000000.0	2737850831.2	2348507882.5	2943538176.6
3012000000.0	2738688790.4	2349122567.1	2944508517.9
3013000000.0	2739526706.1	2349737165.4	2945478854.5
3014000000.0	2740364578.3	2350351677.3	2946449186.4
3015000000.0	2741202406.8	2350966102.8	2947419513.6
3016000000.0	2742040191.7	2351580442.0	2948389836.1
3017000000.0	2742877933.1	2352194694.9	2949360153.9
3018000000.0	2743715630.9	2352808861.6	2950330467.0
3019000000.0	2744553285.1	2353422941.9	2951300775.4
3020000000.0	2745390895.8	2354036936.0	2952271079.1
3021000000.0	2746228462.8	2354650843.9	2953241378.1
3022000000.0	2747065986.4	2355264665.5	2954211672.4
3023000000.0	2747903466.3	2355878400.9	2955181962.0
3024000000.0	2748740902.8	2356492050.2	2956152246.9
3025000000.0	2749578295.6	2357105613.3	2957122527.1
3026000000.0	2750415645.0	2357719090.2	2958092802.6
3027000000.0	2751252950.7	2358332481.0	2959063073.4
3028000000.0	2752090213.0	2358945785.7	2960033339.5
3029000000.0	2752927431.7	2359559004.3	2961003601.0
3030000000.0	2753764606.8	2360172136.9	2961973857.7
3031000000.0	2754601738.5	2360785183.4	2962944109.7
3032000000.0	2755438826.6	2361398143.8	2963914357.0
3033000000.0	2756275871.2	2362011018.2	2964884599.6
3034000000.0	2757112872.2	2362623806.7	2965854837.6
3035000000.0	2757949829.8	2363236509.1	2966825070.8
3036000000.0	2758786743.8	2363849125.6	2967795299.3
3037000000.0	2759623614.4	2364461656.1	2968765523.2
3038000000.0	2760460441.4	2365074100.8	2969735742.3
3039000000.0	2761297224.9	2365686459.5	2970705956.7
3040000000.0	2762133964.9	2366298732.3	2971676166.5
3041000000.0	2762970661.4	2366910919.2	2972646371.5
3042000000.0	2763807314.5	2367523020.3	2973616571.9
3043000000.0	2764643924.0	2368135035.5	2974586767.5
3044000000.0	2765480490.1	2368746964.9	2975556958.5
3045000000.0	2766317012.6	2369358808.6	2976527144.7
3046000000.0	2767153491.7	2369970566.4	2977497326.3
3047000000.0	2767989927.3	2370582238.5	2978467503.1
3048000000.0	2768826319.5	2371193824.8	2979437675.3
3049000000.0	2769662668.2	2371805325.4	2980407842.8
3050000000.0	2770498973.4	2372416740.3	2981378005.5
3051000000.0	2771335235.1	2373028069.5	2982348163.6
3052000000.0	2772171453.4	2373639313.0	2983318317.0
3053000000.0	2773007628.2	2374250470.9	2984288465.6
3054000000.0	2773843759.6	2374861543.1	2985258609.6
3055000000.0	2774679847.6	2375472529.7	2986228748.9
3056000000.0	2775515892.0	2376083430.7	2987198883.5
3057000000.0	2776351893.1	2376694246.2	2988169013.4
3058000000.0	2777187850.7	2377304976.0	2989139138.6
3059000000.0	2778023764.9	2377915620.3	2990109259.1
3060000000.0	2778859635.6	2378526179.1	2991079374.8
3061000000.0	2779695462.9	2379136652.4	2992049485.9
3062000000.0	2780531246.8	2379747040.2	2993019592.3
3063000000.0	2781366987.3	2380357342.5	2993989694.1
3064000000.0	2782202684.3	2380967559.3	2994959791.1
3065000000.0	2783038338.0	2381577690.7	2995929883.4
3066000000.0	2783873948.2	2382187736.7	2996899971.0
3067000000.0	2784709515.0	2382797697.3	2997870053.9
3068000000.0	2785545038.4	2383407572.4	2998840132.1
3069000000.0	2786380518.4	2384017362.3	2999810205.7
3070000000.0	2787215955.0	2384627066.7	3000780274.5
3071000000.0	2788051348.2	2385236685.9	3001750338.6
3072000000.0	2788886698.1	2385846219.7	3002720398.1
3073000000.0	2789722004.5	2386455668.2	3003690452.8
3074000000.0	2790557267.6	2387065031.5	3004660502.8
3075000000.0	2791392487.2	2387674309.5	3005630548.2
3076000000.0	2792227663.5	2388283502.2	3006600588.8
3077000000.0	2793062796.4	2388892609.8	3007570624.8
3078000000.0	2793897886.0	2389501632.1	3008540656.1
3079000000.0	2794732932.2	2390110569.2	3009510682.6
3080000000.0	2795567935.0	2390719421.2	3010480704.5
3081000000.0	2796402894.4	2391328188.0	3011450721.7
3082000000.0	2797237810.5	2391936869.7	3012420734.1
3083000000.0	2798072683.3	2392545466.3	3013390741.9
3084000000.0	2798907512.7	2393153977.7	3014360745.0
3085000000.0	2799742298.7	2393762404.1	3015330743.4
3086000000.0	2800577041.4	2394370745.4	3016300737.1
3087000000.0	2801411740.8	2394979001.7	3017270726.1
3088000000.0	2802246396.8	2395587172.9	3018240710.4
3089000000.0	2803081009.5	2396195259.2	3019210690.0
3090000000.0	2803915578.9	2396803260.4	3020180664.9
3091000000.0	2804750104.9	2397411176.7	3021150635.1
3092000000.0	2805584587.6	2398019008.0	3022120600.6
3093000000.0	2806419027.0	2398626754.4	3023090561.4
3094000000.0	2807253423.1	2399234415.9	3024060517.5
3095000000.0	2808087775.8	2399841992.4	3025030469.0
3096000000.0	2808922085.3	2400449484.1	3026000415.7
3097000000.0	2809756351.4	2401056890.9	3026970357.7
3098000000.0	2810590574.3	2401664212.9	3027940295.1
3099000000.0	2811424753.8	2402271450.0	3028910227.7
3100000000.0	2812258890.1	2402878602.4	3029880155.7
3101000000.0	2813092983.0	2403485669.9	3030850078.9
3102000000.0	2813927032.7	2404092652.6	3031819997.5
3103000000.0	2814761039.1	2404699550.6	3032789911.4
3104000000.0	2815595002.1	2405306363.9	3033759820.6
3105000000.0	2816428922.0	2405913092.4	3034729725.0
3106000000.0	2817262798.5	2406519736.2	3035699624.8
3107000000.0	2818096631.8	2407126295.4	3036669519.9
3108000000.0	2818930421.8	2407732769.8	3037639410.3
3109000000.0	2819764168.5	2408339159.6	3038609296.0
3110000000.0	2820597871.9	2408945464.8	3039579177.0
3111000000.0	2821431532.1	2409551685.4	3040549053.3
3112000000.0	2822265149.1	2410157821.3	3041518924.9
3113000000.0	2823098722.8	2410763872.7	3042488791.8
3114000000.0	2823932253.2	2411369839.5	3043458654.0
3115000000.0	2824765740.4	2411975721.8	3044428511.6
3116000000.0	2825599184.4	2412581519.5	3045398364.4
3117000000.0	2826432585.1	2413187232.8	3046368212.5
3118000000.0	2827265942.6	2413792861.5	3047338056.0
3119000000.0	2828099256.8	2414398405.8	3048307894.7
3120000000.0	2828932527.9	2415003865.6	3049277728.8
3121000000.0	2829765755.7	2415609241.0	3050247558.2
3122000000.0	2830598940.2	2416214531.9	3051217382.8
3123000000.0	2831432081.6	2416819738.5	3052187202.8
3124000000.0	2832265179.7	2417424860.6	3053157018.1
3125000000.0	2833098234.6	2418029898.4	3054126828.6
3126000000.0	2833931246.4	2418634851.9	3055096634.5
3127000000.0	2834764214.9	2419239721.0	3056066435.7
3128000000.0	2835597140.2	2419844505.8	3057036232.2
3129000000.0	2836430022.3	2420449206.3	3058006024.0
3130000000.0	2837262861.2	2421053822.5	3058975811.1
3131000000.0	2838095656.9	2421658354.4	3059945593.6
3132000000.0	2838928409.5	2422262802.1	3060915371.3
3133000000.0	2839761118.8	2422867165.6	3061885144.3
3134000000.0	2840593785.0	2423471444.9	3062854912.7
3135000000.0	2841426407.9	2424075640.0	3063824676.3
3136000000.0	2842258987.8	2424679750.9	3064794435.2
3137000000.0	2843091524.4	2425283777.7	3065764189.5
3138000000.0	2843924017.9	2425887720.3	3066733939.1
3139000000.0	2844756468.2	2426491578.8	3067703683.9
3140000000.0	2845588875.3	2427095353.2	3068673424.1
3141000000.0	2846421239.3	2427699043.5	3069643159.6
3142000000.0	2847253560.1	2428302649.7	3070612890.4
3143000000.0	2848085837.8	2428906171.9	3071582616.4
3144000000.0	2848918072.3	2429509610.0	3072552337.8
3145000000.0	2849750263.7	2430112964.2	3073522054.6
3146000000.0	2850582411.9	2430716234.3	3074491766.6
3147000000.0	2851414517.0	2431319420.5	3075461473.9
3148000000.0	2852246579.0	2431922522.7	3076431176.5
3149000000.0	2853078597.8	2432525540.9	3077400874.4
3150000000.0	2853910573.5	2433128475.3	3078370567.7
3151000000.0	2854742506.1	2433731325.7	3079340256.2
3152000000.0	2855574395.6	2434334092.2	3080309940.1
3153000000.0	2856406241.9	2434936774.9	3081279619.2
3154000000.0	2857238045.2	2435539373.7	3082249293.7
3155000000.0	2858069805.3	2436141888.6	3083218963.5
3156000000.0	2858901522.3	2436744319.8	3084188628.5
3157000000.0	2859733196.2	2437346667.1	3085158288.9
3158000000.0	2860564827.0	2437948930.6	3086127944.6
3159000000.0	2861396414.7	2438551110.4	3087097595.6
3160000000.0	2862227959.3	2439153206.5	3088067241.9
3161000000.0	2863059460.8	2439755218.7	3089036883.5
3162000000.0	2863890919.2	2440357147.3	3090006520.4
3163000000.0	2864722334.6	2440958992.2	3090976152.7
3164000000.0	2865553706.8	2441560753.4	3091945780.2
3165000000.0	2866385036.0	2442162430.9	3092915403.0
3166000000.0	2867216322.1	2442764024.8	3093885021.2
3167000000.0	2868047565.1	2443365535.1	3094854634.6
3168000000.0	2868878765.1	2443966961.7	3095824243.4
3169000000.0	2869709922.0	2444568304.8	3096793847.5
3170000000.0	2870541035.9	2445169564.2	3097763446.9
3171000000.0	2871372106.6	2445770740.1	3098733041.5
3172000000.0	2872203134.4	2446371832.5	3099702631.5
3173000000.0	2873034119.0	2446972841.4	3100672216.8
3174000000.0	2873865060.7	2447573766.7	3101641797.4
3175000000.0	2874695959.3	2448174608.6	3102611373.4
3176000000.0	2875526814.8	2448775367.0	3103580944.6
3177000000.0	2876357627.3	2449376041.9	3104550511.1
3178000000.0	2877188396.8	2449976633.4	3105520072.9
3179000000.0	2878019123.2	2450577141.4	3106489630.1
3180000000.0	2878849806.6	2451177566.1	3107459182.5
3181000000.0	2879680447.0	2451777907.4	3108428730.3
3182000000.0	2880511044.4	2452378165.3	3109398273.4
3183000000.0	2881341598.7	2452978339.9	3110367811.8
3184000000.0	2882172110.0	2453578431.1	3111337345.4
3185000000.0	2883002578.4	2454178439.1	3112306874.4
3186000000.0	2883833003.7	2454778363.7	3113276398.7
3187000000.0	2884663386.0	2455378205.0	3114245918.3
3188000000.0	2885493725.3	2455977963.1	3115215433.3
3189000000.0	2886324021.6	2456577638.0	3116184943.5
3190000000.0	2887154274.9	2457177229.6	3117154449.0
3191000000.0	2887984485.2	2457776738.0	3118123949.9
3192000000.0	2888814652.6	2458376163.2	3119093446.0
3193000000.0	2889644776.9	2458975505.2	3120062937.5
3194000000.0	2890474858.3	2459574764.1	3121032424.2
3195000000.0	2891304896.7	2460173939.8	3122001906.3
3196000000.0	2892134892.1	2460773032.4	3122971383.7
3197000000.0	2892964844.5	2461372042.0	3123940856.4
3198000000.0	2893794754.0	2461970968.4	3124910324.4
3199000000.0	2894624620.5	2462569811.7	3125879787.7
3200000000.0	2895454444.1	2463168572.0	3126849246.3
3201000000.0	2896284224.7	2463767249.3	3127818700.2
3202000000.0	2897113962.3	2464365843.5	3128788149.5
3203000000.0	2897943657.0	2464964354.7	3129757594.0
3204000000.0	2898773308.7	2465562783.0	3130727033.9
3205000000.0	2899602917.5	2466161128.3	3131696469.0
3206000000.0	2900432483.4	2466759390.6	3132665899.5
3207000000.0	2901262006.3	2467357570.0	3133635325.3
3208000000.0	2902091486.3	2467955666.5	3134604746.4
3209000000.0	2902920923.3	2468553680.1	3135574162.8
3210000000.0	2903750317.5	2469151610.8	3136543574.5
3211000000.0	2904579668.7	2469749458.6	3137512981.5
3212000000.0	2905408976.9	2470347223.6	3138482383.8
3213000000.0	2906238242.3	2470944905.8	3139451781.4
3214000000.0	2907067464.7	2471542505.1	3140421174.4
3215000000.0	2907896644.3	2472140021.7	3141390562.6
3216000000.0	2908725780.9	2472737455.5	3142359946.2
3217000000.0	2909554874.6	2473334806.5	3143329325.1
3218000000.0	2910383925.4	2473932074.8	3144298699.2
3219000000.0	2911212933.4	2474529260.3	3145268068.7
3220000000.0	2912041898.4	2475126363.2	3146237433.5
3221000000.0	2912870820.5	2475723383.3	3147206793.6
3222000000.0	2913699699.8	2476320320.8	3148176149.0
3223000000.0	2914528536.1	2476917175.6	3149145499.8
3224000000.0	2915357329.6	2477513947.8	3150114845.8
3225000000.0	2916186080.2	2478110637.4	3151084187.2
3226000000.0	2917014788.0	2478707244.4	3152053523.8
3227000000.0	2917843452.8	2479303768.7	3153022855.8
3228000000.0	2918672074.8	2479900210.5	3153992183.0
3229000000.0	2919500653.9	2480496569.8	3154961505.6
3230000000.0	2920329190.2	2481092846.5	3155930823.5
3231000000.0	2921157683.6	2481689040.7	3156900136.7
3232000000.0	2921986134.2	2482285152.4	3157869445.2
3233000000.0	2922814541.9	2482881181.6	3158838749.1
3234000000.0	2923642906.7	2483477128.3	3159808048.2
3235000000.0	2924471228.7	2484072992.6	3160777342.6
3236000000.0	2925299507.9	2484668774.5	3161746632.4
3237000000.0	2926127744.2	2485264473.9	3162715917.4
3238000000.0	2926955937.7	2485860091.0	3163685197.8
3239000000.0	2927784088.4	2486455625.6	3164654473.5
3240000000.0	2928612196.2	2487051077.9	3165623744.5
3241000000.0	2929440261.2	2487646447.9	3166593010.8
3242000000.0	2930268283.4	2488241735.5	3167562272.4
3243000000.0	2931096262.8	2488836940.8	3168531529.3
3244000000.0	2931924199.4	2489432063.8	3169500781.6
3245000000.0	2932752093.1	2490027104.6	3170470029.1
3246000000.0	2933579944.0	2490622063.0	3171439272.0
3247000000.0	2934407752.2	2491216939.3	3172408510.1
3248000000.0	2935235517.5	2491811733.3	3173377743.6
3249000000.0	2936063240.0	2492406445.1	3174346972.4
3250000000.0	2936890919.8	2493001074.7	3175316196.5
3251000000.0	2937718556.7	2493595622.1	3176285415.9
3252000000.0	2938546150.9	2494190087.4	3177254630.6
3253000000.0	2939373702.2	2494784470.5	3178223840.6
3254000000.0	2940201210.8	2495378771.5	3179193046.0
3255000000.0	2941028676.7	2495972990.4	3180162246.6
3256000000.0	2941856099.7	2496567127.2	3181131442.6
3257000000.0	2942683480.0	2497161181.9	3182100633.8
3258000000.0	2943510817.5	2497755154.6	3183069820.4
3259000000.0	2944338112.2	2498349045.2	3184039002.3
3260000000.0	2945165364.2	2498942853.8	3185008179.5
3261000000.0	2945992573.4	2499536580.4	3185977352.0
3262000000.0	2946819739.8	2500130225.0	3186946519.9
3263000000.0	2947646863.5	2500723787.7	3187915683.0
3264000000.0	2948473944.5	2501317268.4	3188884841.4
3265000000.0	2949300982.7	2501910667.1	3189853995.2
3266000000.0	2950127978.2	2502503983.9	3190823144.3
3267000000.0	2950954930.9	2503097218.9	3191792288.6
3268000000.0	2951781840.9	2503690371.9	3192761428.3
3269000000.0	2952608708.2	2504283443.1	3193730563.3
3270000000.0	2953435532.7	2504876432.4	3194699693.6
3271000000.0	2954262314.5	2505469339.9	3195668819.3
3272000000.0	2955089053.6	2506062165.6	3196637940.2
3273000000.0	2955915750.0	2506654909.4	3197607056.5
3274000000.0	2956742403.7	2507247571.5	3198576168.0
3275000000.0	2957569014.6	2507840151.8	3199545274.9
3276000000.0	2958395582.8	2508432650.4	3200514377.1
3277000000.0	2959222108.4	2509025067.3	3201483474.6
3278000000.0	2960048591.2	2509617402.4	3202452567.4
3279000000.0	2960875031.3	2510209655.8	3203421655.5
3280000000.0	2961701428.8	2510801827.5	3204390738.9
3281000000.0	2962527783.5	2511393917.6	3205359817.7
3282000000.0	2963354095.6	2511985926.0	3206328891.7
3283000000.0	2964180364.9	2512577852.8	3207297961.1
3284000000.0	2965006591.6	2513169698.0	3208267025.7
3285000000.0	2965832775.6	2513761461.6	3209236085.7
3286000000.0	2966658917.0	2514353143.6	3210205141.0
3287000000.0	2967485015.6	2514944744.0	3211174191.6
3288000000.0	2968311071.6	2515536262.9	3212143237.6
3289000000.0	2969137084.9	2516127700.3	3213112278.8
3290000000.0	2969963055.6	2516719056.1	3214081315.3
3291000000.0	2970788983.6	2517310330.5	3215050347.2
3292000000.0	2971614869.0	2517901523.4	3216019374.4
3293000000.0	2972440711.7	2518492634.8	3216988396.9
3294000000.0	2973266511.7	2519083664.7	3217957414.7
3295000000.0	2974092269.1	2519674613.3	3218926427.8
3296000000.0	2974917983.9	2520265480.4	3219895436.2
3297000000.0	2975743656.0	2520856266.1	3220864439.9
3298000000.0	2976569285.5	2521446970.5	3221833439.0
3299000000.0	2977394872.3	2522037593.5	3222802433.3
3300000000.0	2978220416.5	2522628135.1	3223771423.0
3301000000.0	2979045918.1	2523218595.4	3224740408.0
3302000000.0	2979871377.1	2523808974.5	3225709388.3
3303000000.0	2980696793.5	2524399272.2	3226678363.9
3304000000.0	2981522167.2	2524989488.6	3227647334.8
3305000000.0	2982347498.3	2525579623.8	3228616301.0
3306000000.0	2983172786.8	2526169677.7	3229585262.6
3307000000.0	2983998032.8	2526759650.5	3230554219.4
3308000000.0	2984823236.1	2527349542.0	3231523171.6
3309000000.0	2985648396.8	2527939352.3	3232492119.1
3310000000.0	2986473514.9	2528529081.4	3233461061.9
3311000000.0	2987298590.4	2529118729.4	3234430000.0
3312000000.0	2988123623.3	2529708296.2	3235398933.4
3313000000.0	2988948613.7	2530297781.9	3236367862.2
3314000000.0	2989773561.4	2530887186.5	3237336786.2
3315000000.0	2990598466.6	2531476510.1	3238305705.6
3316000000.0	2991423329.2	2532065752.5	3239274620.2
3317000000.0	2992248149.2	2532654913.9	3240243530.2
3318000000.0	2993072926.7	2533243994.2	3241212435.5
3319000000.0	2993897661.6	2533832993.5	3242181336.1
3320000000.0	2994722353.9	2534421911.8	3243150232.1
3321000000.0	2995547003.7	2535010749.1	3244119123.3
3322000000.0	2996371610.9	2535599505.5	3245088009.9
3323000000.0	2997196175.6	2536188180.9	3246056891.7
3324000000.0	2998020697.7	2536776775.3	3247025768.9
3325000000.0	2998845177.2	2537365288.8	3247994641.4
3326000000.0	2999669614.3	2537953721.5	3248963509.2
3327000000.0	3000494008.7	2538542073.2	3249932372.3
3328000000.0	3001318360.7	2539130344.0	3250901230.8
3329000000.0	3002142670.1	2539718534.0	3251870084.5
3330000000.0	3002966937.0	2540306643.2	3252838933.6
3331000000.0	3003791161.3	2540894671.5	3253807777.9
3332000000.0	3004615343.1	2541482619.0	3254776617.6
3333000000.0	3005439482.4	2542070485.7	3255745452.6
3334000000.0	3006263579.2	2542658271.7	3256714282.9
3335000000.0	3007087633.5	2543245976.9	3257683108.6
3336000000.0	3007911645.3	2543833601.4	3258651929.5
3337000000.0	3008735614.5	2544421145.1	3259620745.8
3338000000.0	3009559541.3	2545008608.1	3260589557.4
3339000000.0	3010383425.5	2545595990.5	3261558364.2
3340000000.0	3011207267.3	2546183292.2	3262527166.4
3341000000.0	3012031066.5	2546770513.2	3263495963.9
3342000000.0	3012854823.3	2547357653.5	3264464756.8
3343000000.0	3013678537.6	2547944713.3	3265433544.9
3344000000.0	3014502209.4	2548531692.4	3266402328.4
3345000000.0	3015325838.7	2549118591.0	3267371107.1
3346000000.0	3016149425.6	2549705409.0	3268339881.2
3347000000.0	3016972969.9	2550292146.4	3269308650.6
3348000000.0	3017796471.8	2550878803.3	3270277415.3
3349000000.0	3018619931.2	2551465379.6	3271246175.4
3350000000.0	3019443348.2	2552051875.5	3272214930.7
3351000000.0	3020266722.7	2552638290.9	3273183681.4
3352000000.0	3021090054.7	2553224625.8	3274152427.3
3353000000.0	3021913344.3	2553810880.2	3275121168.6
3354000000.0	3022736591.5	2554397054.2	3276089905.2
3355000000.0	3023559796.2	2554983147.8	3277058637.1
3356000000.0	3024382958.4	2555569160.9	3278027364.4
3357000000.0	3025206078.2	2556155093.7	3278996086.9
3358000000.0	3026029155.6	2556740946.1	3279964804.8
3359000000.0	3026852190.5	2557326718.1	3280933517.9
3360000000.0	3027675183.0	2557912409.9	3281902226.4
3361000000.0	3028498133.0	2558498021.2	3282870930.2
3362000000.0	3029321040.7	2559083552.3	3283839629.3
3363000000.0	3030143905.9	2559669003.1	3284808323.8
3364000000.0	3030966728.7	2560254373.6	3285777013.5
3365000000.0	3031789509.1	2560839663.8	3286745698.6
3366000000.0	3032612247.1	2561424873.9	3287714379.0
3367000000.0	3033434942.6	2562010003.6	3288683054.6
3368000000.0	3034257595.8	2562595053.2	3289651725.6
3369000000.0	3035080206.6	2563180022.6	3290620392.0
3370000000.0	3035902774.9	2563764911.8	3291589053.6
3371000000.0	3036725300.9	2564349720.9	3292557710.6
3372000000.0	3037547784.4	2564934449.8	3293526362.8
3373000000.0	3038370225.6	2565519098.6	3294495010.4
3374000000.0	3039192624.4	2566103667.2	3295463653.3
3375000000.0	3040014980.8	2566688155.8	3296432291.5
3376000000.0	3040837294.9	2567272564.3	3297400925.0
3377000000.0	3041659566.5	2567856892.8	3298369553.9
3378000000.0	3042481795.8	2568441141.2	3299338178.1
3379000000.0	3043303982.7	2569025309.6	3300306797.5
3380000000.0	3044126127.3	2569609397.9	3301275412.3
3381000000.0	3044948229.5	2570193406.3	3302244022.4
3382000000.0	3045770289.3	2570777334.7	3303212627.8
3383000000.0	3046592306.8	2571361183.2	3304181228.6
3384000000.0	3047414281.9	2571944951.7	3305149824.6
3385000000.0	3048236214.6	2572528640.2	3306118416.0
3386000000.0	3049058105.1	2573112248.9	3307087002.7
3387000000.0	3049879953.1	2573695777.6	3308055584.7
3388000000.0	3050701758.9	2574279226.5	3309024162.0
3389000000.0	3051523522.3	2574862595.6	3309992734.6
3390000000.0	3052345243.3	2575445884.7	3310961302.6
3391000000.0	3053166922.1	2576029094.1	3311929865.8
3392000000.0	3053988558.5	2576612223.6	3312898424.4
3393000000.0	3054810152.6	2577195273.4	3313866978.3
3394000000.0	3055631704.3	2577778243.3	3314835527.5
3395000000.0	3056453213.8	2578361133.5	3315804072.1
3396000000.0	3057274680.9	2578943944.0	3316772611.9
3397000000.0	3058096105.7	2579526674.7	3317741147.1
3398000000.0	3058917488.3	2580109325.7	3318709677.5
3399000000.0	3059738828.5	2580691897.1	3319678203.3
3400000000.0	3060560126.4	2581274388.7	3320646724.4
3401000000.0	3061381382.0	2581856800.7	3321615240.9
3402000000.0	3062202595.3	2582439133.0	3322583752.6
3403000000.0	3063023766.4	2583021385.7	3323552259.7
3404000000.0	3063844895.1	2583603558.8	3324520762.0
3405000000.0	3064665981.6	2584185652.2	3325489259.7
3406000000.0	3065487025.7	2584767666.1	3326457752.7
3407000000.0	3066308027.6	2585349600.5	3327426241.1
3408000000.0	3067128987.2	2585931455.2	3328394724.7
3409000000.0	3067949904.6	2586513230.5	3329363203.7
3410000000.0	3068770779.7	2587094926.2	3330331677.9
3411000000.0	3069591612.5	2587676542.5	3331300147.5
3412000000.0	3070412403.1	2588258079.2	3332268612.4
3413000000.0	3071233151.4	2588839536.5	3333237072.7
3414000000.0	3072053857.4	2589420914.3	3334205528.2
3415000000.0	3072874521.2	2590002212.7	3335173979.1
3416000000.0	3073695142.7	2590583431.7	3336142425.2
3417000000.0	3074515722.0	2591164571.2	3337110866.7
3418000000.0	3075336259.1	2591745631.4	3338079303.5
3419000000.0	3076156753.9	2592326612.2	3339047735.7
3420000000.0	3076977206.5	2592907513.7	3340016163.1
3421000000.0	3077797616.9	2593488335.8	3340984585.9
3422000000.0	3078617985.0	2594069078.6	3341953003.9
3423000000.0	3079438310.9	2594649742.1	3342921417.3
3424000000.0	3080258594.5	2595230326.3	3343889826.0
3425000000.0	3081078836.0	2595810831.3	3344858230.1
3426000000.0	3081899035.2	2596391256.9	3345826629.4
3427000000.0	3082719192.3	2596971603.4	3346795024.1
3428000000.0	3083539307.1	2597551870.6	3347763414.1
3429000000.0	3084359379.7	2598132058.6	3348731799.4
3430000000.0	3085179410.1	2598712167.4	3349700180.0
3431000000.0	3085999398.3	2599292197.1	3350668555.9
3432000000.0	3086819344.3	2599872147.6	3351636927.2
3433000000.0	3087639248.1	2600452018.9	3352605293.7
3434000000.0	3088459109.8	2601031811.2	3353573655.6
3435000000.0	3089278929.2	2601611524.3	3354542012.8
3436000000.0	3090098706.5	2602191158.3	3355510365.3
3437000000.0	3090918441.5	2602770713.2	3356478713.2
3438000000.0	3091738134.4	2603350189.1	3357447056.3
3439000000.0	3092557785.2	2603929585.9	3358415394.8
3440000000.0	3093377393.7	2604508903.8	3359383728.6
3441000000.0	3094196960.1	2605088142.6	3360352057.7
3442000000.0	3095016484.3	2605667302.4	3361320382.1
3443000000.0	3095835966.4	2606246383.2	3362288701.9
3444000000.0	3096655406.3	2606825385.0	3363257017.0
3445000000.0	3097474804.1	2607404308.0	3364225327.3
3446000000.0	3098294159.7	2607983151.9	3365193633.0
3447000000.0	3099113473.1	2608561917.0	3366161934.1
3448000000.0	3099932744.4	2609140603.2	3367130230.4
3449000000.0	3100751973.6	2609719210.5	3368098522.0
3450000000.0	3101571160.6	2610297738.9	3369066809.0
3451000000.0	3102390305.5	2610876188.5	3370035091.3
3452000000.0	3103209408.3	2611454559.2	3371003368.9
3453000000.0	3104028469.0	2612032851.1	3371971641.9
3454000000.0	3104847487.5	2612611064.2	3372939910.1
3455000000.0	3105666463.9	2613189198.6	3373908173.7
3456000000.0	3106485398.1	2613767254.1	3374876432.5
3457000000.0	3107304290.3	2614345230.9	3375844686.7
3458000000.0	3108123140.3	2614923129.0	3376812936.3
3459000000.0	3108941948.3	2615500948.4	3377781181.1
3460000000.0	3109760714.1	2616078689.0	3378749421.3
3461000000.0	3110579437.9	2616656351.0	3379717656.7
3462000000.0	3111398119.5	2617233934.3	3380685887.5
3463000000.0	3112216759.0	2617811438.9	3381654113.6
3464000000.0	3113035356.5	2618388864.9	3382622335.1
3465000000.0	3113853911.8	2618966212.3	3383590551.8
3466000000.0	3114672425.1	2619543481.0	3384558763.9
3467000000.0	3115490896.3	2620120671.2	3385526971.3
3468000000.0	3116309325.4	2620697782.8	3386495174.0
3469000000.0	3117127712.4	2621274815.8	3387463372.0
3470000000.0	3117946057.4	2621851770.3	3388431565.4
3471000000.0	3118764360.3	2622428646.3	3389399754.0
3472000000.0	3119582621.1	2623005443.7	3390367938.0
3473000000.0	3120400839.9	2623582162.7	3391336117.3
3474000000.0	3121219016.6	2624158803.2	3392304291.9
3475000000.0	3122037151.2	2624735365.2	3393272461.9
3476000000.0	3122855243.8	2625311848.7	3394240627.1
3477000000.0	3123673294.3	2625888253.9	3395208787.7
3478000000.0	3124491302.8	2626464580.6	3396176943.6
3479000000.0	3125309269.3	2627040828.9	3397145094.8
3480000000.0	3126127193.7	2627616998.9	3398113241.4
3481000000.0	3126945076.1	2628193090.4	3399081383.2
3482000000.0	3127762916.4	2628769103.7	3400049520.4
3483000000.0	3128580714.7	2629345038.6	3401017652.9
3484000000.0	3129398471.0	2629920895.1	3401985780.7
3485000000.0	3130216185.3	2630496673.4	3402953903.9
3486000000.0	3131033857.5	2631072373.4	3403922022.3
3487000000.0	3131851487.7	2631647995.1	3404890136.1
3488000000.0	3132669075.9	2632223538.6	3405858245.2
3489000000.0	3133486622.1	2632799003.8	3406826349.6
3490000000.0	3134304126.3	2633374390.8	3407794449.3
3491000000.0	3135121588.5	2633949699.6	3408762544.4
3492000000.0	3135939008.6	2634524930.2	3409730634.8
3493000000.0	3136756386.8	2635100082.6	3410698720.5
3494000000.0	3137573723.0	2635675156.8	3411666801.5
3495000000.0	3138391017.2	2636250153.0	3412634877.8
3496000000.0	3139208269.4	2636825071.0	3413602949.5
3497000000.0	3140025479.6	2637399910.9	3414571016.4
3498000000.0	3140842647.9	2637974672.7	3415539078.7
3499000000.0	3141659774.1	2638549356.4	3416507136.3
3500000000.0	3142476858.4	2639123962.0	3417475189.3
3501000000.0	3143293900.7	2639698489.6	3418443237.5
3502000000.0	3144110901.1	2640272939.2	3419411281.1
3503000000.0	3144927859.4	2640847310.8	3420379320.0
3504000000.0	3145744775.8	2641421604.3	3421347354.2
3505000000.0	3146561650.3	2641995819.9	3422315383.7
3506000000.0	3147378482.8	2642569957.5	3423283408.6
3507000000.0	3148195273.3	2643144017.2	3424251428.8
3508000000.0	3149012021.9	2643717998.9	3425219444.3
3509000000.0	3149828728.6	2644291902.7	3426187455.1
3510000000.0	3150645393.3	2644865728.6	3427155461.2
3511000000.0	3151462016.1	2645439476.6	3428123462.7
3512000000.0	3152278596.9	2646013146.8	3429091459.5
3513000000.0	3153095135.8	2646586739.1	3430059451.6
3514000000.0	3153911632.7	2647160253.5	3431027439.0
3515000000.0	3154728087.8	2647733690.1	3431995421.7
3516000000.0	3155544500.9	2648307048.9	3432963399.8
3517000000.0	3156360872.1	2648880330.0	3433931373.2
3518000000.0	3157177201.3	2649453533.2	3434899341.9
3519000000.0	3157993488.7	2650026658.7	3435867305.9
3520000000.0	3158809734.2	2650599706.5	3436835265.2
3521000000.0	3159625937.7	2651172676.5	3437803219.9
3522000000.0	3160442099.3	2651745568.8	3438771169.9
3523000000.0	3161258219.1	2652318383.4	3439739115.2
3524000000.0	3162074296.9	2652891120.3	3440707055.8
3525000000.0	3162890332.9	2653463779.6	3441674991.8
3526000000.0	3163706326.9	2654036361.2	3442642923.0
3527000000.0	3164522279.1	2654608865.2	3443610849.6
3528000000.0	3165338189.3	2655181291.5	3444578771.5
3529000000.0	3166154057.7	2655753640.3	3445546688.8
3530000000.0	3166969884.3	2656325911.5	3446514601.3
3531000000.0	3167785668.9	2656898105.1	3447482509.2
3532000000.0	3168601411.7	2657470221.1	3448450412.4
3533000000.0	3169417112.6	2658042259.6	3449418310.9
3534000000.0	3170232771.6	2658614220.6	3450386204.8
3535000000.0	3171048388.8	2659186104.1	3451354093.9
3536000000.0	3171863964.1	2659757910.1	3452321978.4
3537000000.0	3172679497.5	2660329638.6	3453289858.2
3538000000.0	3173494989.1	2660901289.7	3454257733.4
3539000000.0	3174310438.9	2661472863.3	3455225603.8
3540000000.0	3175125846.8	2662044359.5	3456193469.6
3541000000.0	3175941212.9	2662615778.2	3457161330.7
3542000000.0	3176756537.1	2663187119.6	3458129187.1
3543000000.0	3177571819.5	2663758383.6	3459097038.8
3544000000.0	3178387060.0	2664329570.3	3460064885.9
3545000000.0	3179202258.7	2664900679.5	3461032728.3
3546000000.0	3180017415.6	2665471711.5	3462000566.0
3547000000.0	3180832530.7	2666042666.1	3462968399.0
3548000000.0	3181647604.0	2666613543.5	3463936227.3
3549000000.0	3182462635.4	2667184343.5	3464904051.0
3550000000.0	3183277625.0	2667755066.3	3465871870.0
3551000000.0	3184092572.8	2668325711.8	3466839684.3
3552000000.0	3184907478.8	2668896280.1	3467807493.9
3553000000.0	3185722343.0	2669466771.2	3468775298.9
3554000000.0	3186537165.4	2670037185.0	3469743099.2
3555000000.0	3187351946.0	2670607521.7	3470710894.8
3556000000.0	3188166684.8	2671177781.2	3471678685.7
3557000000.0	3188981381.8	2671747963.5	3472646471.9
3558000000.0	3189796037.0	2672318068.7	3473614253.5
3559000000.0	3190610650.5	2672888096.7	3474582030.4
3560000000.0	3191425222.1	2673458047.7	3475549802.6
3561000000.0	3192239752.0	2674027921.5	3476517570.1
3562000000.0	3193054240.1	2674597718.3	3477485333.0
3563000000.0	3193868686.4	2675167438.0	3478453091.2
3564000000.0	3194683091.0	2675737080.6	3479420844.7
3565000000.0	3195497453.8	2676306646.3	3480388593.5
3566000000.0	3196311774.8	2676876134.8	3481356337.7
3567000000.0	3197126054.0	2677445546.4	3482324077.1
3568000000.0	3197940291.6	2678014881.0	3483291811.9
3569000000.0	3198754487.3	2678584138.7	3484259542.0
3570000000.0	3199568641.3	2679153319.4	3485227267.5
3571000000.0	3200382753.6	2679722423.1	3486194988.2
3572000000.0	3201196824.1	2680291449.9	3487162704.3
3573000000.0	3202010852.9	2680860399.8	3488130415.7
3574000000.0	3202824839.9	2681429272.8	3489098122.5
3575000000.0	3203638785.2	2681998068.9	3490065824.5
3576000000.0	3204452688.8	2682566788.2	3491033521.9
3577000000.0	3205266550.6	2683135430.6	3492001214.6
3578000000.0	3206080370.8	2683703996.2	3492968902.6
3579000000.0	3206894149.2	2684272485.0	3493936586.0
3580000000.0	3207707885.9	2684840897.0	3494904264.6
3581000000.0	3208521580.8	2685409232.2	3495871938.6
3582000000.0	3209335234.1	2685977490.6	3496839608.0
3583000000.0	3210148845.6	2686545672.3	3497807272.6
3584000000.0	3210962415.5	2687113777.2	3498774932.6
3585000000.0	3211775943.6	2687681805.4	3499742587.8
3586000000.0	3212589430.1	2688249756.9	3500710238.5
3587000000.0	3213402874.8	2688817631.8	3501677884.4
3588000000.0	3214216277.9	2689385429.9	3502645525.6
3589000000.0	3215029639.2	2689953151.4	3503613162.2
3590000000.0	3215842958.9	2690520796.2	3504580794.1
3591000000.0	3216656236.9	2691088364.4	3505548421.4
3592000000.0	3217469473.2	2691655856.0	3506516043.9
3593000000.0	3218282667.9	2692223271.0	3507483661.8
3594000000.0	3219095820.8	2692790609.5	3508451275.0
3595000000.0	3219908932.1	2693357871.3	3509418883.5
3596000000.0	3220722001.8	2693925056.6	3510386487.4
3597000000.0	3221535029.8	2694492165.4	3511354086.5
3598000000.0	3222348016.1	2695059197.6	3512321681.0
3599000000.0	3223160960.7	2695626153.4	3513289270.8
3600000000.0	3223973863.7	2696193032.6	3514256856.0
3601000000.0	3224786725.1	2696759835.4	3515224436.5
3602000000.0	3225599544.8	2697326561.7	3516192012.2
3603000000.0	3226412322.8	2697893211.6	3517159583.4
3604000000.0	3227225059.2	2698459785.1	3518127149.8
3605000000.0	3228037754.0	2699026282.1	3519094711.6
3606000000.0	3228850407.2	2699592702.8	3520062268.6
3607000000.0	3229663018.7	2700159047.1	3521029821.1
3608000000.0	3230475588.6	2700725315.0	3521997368.8
3609000000.0	3231288116.8	2701291506.5	3522964911.9
3610000000.0	3232100603.4	2701857621.8	3523932450.2
3611000000.0	3232913048.5	2702423660.7	3524899984.0
3612000000.0	3233725451.9	2702989623.3	3525867513.0
3613000000.0	3234537813.7	2703555509.6	3526835037.3
3614000000.0	3235350133.8	2704121319.7	3527802557.0
3615000000.0	3236162412.4	2704687053.5	3528770072.0
3616000000.0	3236974649.4	2705252711.0	3529737582.4
3617000000.0	3237786844.8	2705818292.4	3530705088.0
3618000000.0	3238598998.5	2706383797.5	3531672589.0
3619000000.0	3239411110.7	2706949226.4	3532640085.3
3620000000.0	3240223181.3	2707514579.2	3533607576.9
3621000000.0	3241035210.3	2708079855.7	3534575063.9
3622000000.0	3241847197.8	2708645056.2	3535542546.2
3623000000.0	3242659143.6	2709210180.5	3536510023.8
3624000000.0	3243471047.9	2709775228.7	3537477496.7
3625000000.0	3244282910.6	2710340200.8	3538444965.0
3626000000.0	3245094731.7	2710905096.8	3539412428.5
3627000000.0	3245906511.2	2711469916.7	3540379887.5
3628000000.0	3246718249.2	2712034660.6	3541347341.7
3629000000.0	3247529945.7	2712599328.4	3542314791.2
3630000000.0	3248341600.5	2713163920.2	3543282236.1
3631000000.0	3249153213.8	2713728436.1	3544249676.3
3632000000.0	3249964785.6	2714292875.9	3545217111.9
3633000000.0	3250776315.8	2714857239.7	3546184542.7
3634000000.0	3251587804.5	2715421527.6	3547151968.9
3635000000.0	3252399251.6	2715985739.5	3548119390.4
3636000000.0	3253210657.2	2716549875.5	3549086807.2
3637000000.0	3254022021.3	2717113935.6	3550054219.4
3638000000.0	3254833343.8	2717677919.7	3551021626.9
3639000000.0	3255644624.8	2718241828.0	3551989029.7
3640000000.0	3256455864.3	2718805660.5	3552956427.8
3641000000.0	3257267062.2	2719369417.0	3553923821.3
3642000000.0	3258078218.6	2719933097.7	3554891210.1
3643000000.0	3258889333.5	2720496702.6	3555858594.2
3644000000.0	3259700406.9	2721060231.7	3556825973.6
3645000000.0	3260511438.8	2721623685.0	3557793348.4
3646000000.0	3261322429.2	2722187062.6	3558760718.5
3647000000.0	3262133378.1	2722750364.3	3559728083.9
3648000000.0	3262944285.5	2723313590.3	3560695444.6
3649000000.0	3263755151.3	2723876740.6	3561662800.7
3650000000.0	3264565975.7	2724439815.2	3562630152.1
3651000000.0	3265376758.6	2725002814.0	3563597498.8
3652000000.0	3266187500.0	2725565737.2	3564564840.8
3653000000.0	3266998199.9	2726128584.7	3565532178.2
3654000000.0	3267808858.4	2726691356.5	3566499510.9
3655000000.0	3268619475.3	2727254052.7	3567466838.9
3656000000.0	3269430050.8	2727816673.3	3568434162.3
3657000000.0	3270240584.8	2728379218.3	3569401480.9
3658000000.0	3271051077.4	2728941687.7	3570368794.9
3659000000.0	3271861528.5	2729504081.5	3571336104.3
3660000000.0	3272671938.1	2730066399.7	3572303408.9
3661000000.0	3273482306.2	2730628642.4	3573270708.9
3662000000.0	3274292632.9	2731190809.5	3574238004.2
3663000000.0	3275102918.2	2731752901.2	3575205294.8
3664000000.0	3275913162.0	2732314917.3	3576172580.8
3665000000.0	3276723364.3	2732876858.0	3577139862.1
3666000000.0	3277533525.2	2733438723.1	3578107138.7
3667000000.0	3278343644.7	2734000512.8	3579074410.6
3668000000.0	3279153722.7	2734562227.1	3580041677.9
3669000000.0	3279963759.3	2735123866.0	3581008940.5
3670000000.0	3280773754.5	2735685429.4	3581976198.4
3671000000.0	3281583708.3	2736246917.4	3582943451.6
3672000000.0	3282393620.6	2736808330.1	3583910700.2
3673000000.0	3283203491.5	2737369667.4	3584877944.1
3674000000.0	3284013320.9	2737930929.3	3585845183.3
3675000000.0	3284823109.0	2738492115.9	3586812417.9
3676000000.0	3285632855.7	2739053227.2	3587779647.8
3677000000.0	3286442560.9	2739614263.2	3588746873.0
3678000000.0	3287252224.7	2740175223.9	3589714093.5
3679000000.0	3288061847.2	2740736109.3	3590681309.4
3680000000.0	3288871428.2	2741296919.5	3591648520.6
3681000000.0	3289680967.9	2741857654.4	3592615727.1
3682000000.0	3290490466.1	2742418314.1	3593582928.9
3683000000.0	3291299923.0	2742978898.5	3594550126.1
3684000000.0	3292109338.5	2743539407.8	3595517318.6
3685000000.0	3292918712.5	2744099841.9	3596484506.4
3686000000.0	3293728045.3	2744660200.8	3597451689.5
3687000000.0	3294537336.6	2745220484.6	3598418868.0
3688000000.0	3295346586.6	2745780693.2	3599386041.8
3689000000.0	3296155795.2	2746340826.8	3600353211.0
3690000000.0	3296964962.4	2746900885.2	3601320375.4
3691000000.0	3297774088.2	2747460868.5	3602287535.2
3692000000.0	3298583172.7	2748020776.7	3603254690.3
3693000000.0	3299392215.9	2748580609.9	3604221840.8
3694000000.0	3300201217.7	2749140368.0	3605188986.5
3695000000.0	3301010178.1	2749700051.1	3606156127.6
3696000000.0	3301819097.2	2750259659.2	3607123264.1
3697000000.0	3302627975.0	2750819192.2	3608090395.8
3698000000.0	3303436811.4	2751378650.3	3609057522.9
3699000000.0	3304245606.4	2751938033.5	3610024645.3
3700000000.0	3305054360.2	2752497341.6	3610991763.0
3701000000.0	3305863072.6	2753056574.8	3611958876.1
3702000000.0	3306671743.6	2753615733.1	3612925984.5
3703000000.0	3307480373.4	2754174816.5	3613893088.2
3704000000.0	3308288961.8	2754733825.0	3614860187.3
3705000000.0	3309097508.9	2755292758.6	3615827281.6
3706000000.0	3309906014.7	2755851617.4	3616794371.3
3707000000.0	3310714479.1	2756410401.3	3617761456.4
3708000000.0	3311522902.3	2756969110.3	3618728536.7
3709000000.0	3312331284.2	2757527744.6	3619695612.4
3710000000.0	3313139624.7	2758086304.0	3620662683.4
3711000000.0	3313947924.0	2758644788.6	3621629749.8
3712000000.0	3314756181.9	2759203198.5	3622596811.4
3713000000.0	3315564398.6	2759761533.6	3623563868.5
3714000000.0	3316372574.0	2760319794.0	3624530920.8
3715000000.0	3317180708.0	2760877979.6	3625497968.4
3716000000.0	3317988800.8	2761436090.5	3626465011.4
3717000000.0	3318796852.3	2761994126.8	3627432049.7
3718000000.0	3319604862.6	2762552088.3	3628399083.4
3719000000.0	3320412831.5	2763109975.2	3629366112.4
3720000000.0	3321220759.2	2763667787.4	3630333136.7
3721000000.0	3322028645.7	2764225525.0	3631300156.3
3722000000.0	3322836490.8	2764783187.9	3632267171.2
3723000000.0	3323644294.7	2765340776.2	3633234181.5
3724000000.0	3324452057.3	2765898290.0	3634201187.1
3725000000.0	3325259778.7	2766455729.2	3635168188.1
3726000000.0	3326067458.8	2767013093.8	3636135184.4
3727000000.0	3326875097.7	2767570383.8	3637102176.0
3728000000.0	3327682695.3	2768127599.3	3638069162.9
3729000000.0	3328490251.7	2768684740.3	3639036145.2
3730000000.0	3329297766.9	2769241806.8	3640003122.7
3731000000.0	3330105240.8	2769798798.8	3640970095.7
3732000000.0	3330912673.4	2770355716.4	3641937063.9
3733000000.0	3331720064.9	2770912559.4	3642904027.5
3734000000.0	3332527415.1	2771469328.1	3643870986.4
3735000000.0	3333334724.1	2772026022.2	3644837940.6
3736000000.0	3334141991.9	2772582642.0	3645804890.2
3737000000.0	3334949218.4	2773139187.4	3646771835.1
3738000000.0	3335756403.7	2773695658.4	3647738775.3
3739000000.0	3336563547.9	2774252055.0	3648705710.9
3740000000.0	3337370650.8	2774808377.3	3649672641.7
3741000000.0	3338177712.5	2775364625.3	3650639567.9
3742000000.0	3338984733.0	2775920798.9	3651606489.5
3743000000.0	3339791712.3	2776476898.2	3652573406.4
3744000000.0	3340598650.4	2777032923.2	3653540318.6
3745000000.0	3341405547.3	2777588873.9	3654507226.1
3746000000.0	3342212403.1	2778144750.4	3655474128.9
3747000000.0	3343019217.6	2778700552.6	3656441027.1
3748000000.0	3343825991.0	2779256280.6	3657407920.6
3749000000.0	3344632723.1	2779811934.3	3658374809.5
3750000000.0	3345439414.1	2780367513.9	3659341693.7
3751000000.0	3346246064.0	2780923019.2	3660308573.2
3752000000.0	3347052672.6	2781478450.4	3661275448.0
3753000000.0	3347859240.1	2782033807.4	3662242318.2
3754000000.0	3348665766.4	2782589090.3	3663209183.7
3755000000.0	3349472251.6	2783144299.1	3664176044.5
3756000000.0	3350278695.6	2783699433.7	3665142900.7
3757000000.0	3351085098.4	2784254494.2	3666109752.1
3758000000.0	3351891460.1	2784809480.7	3667076599.0
3759000000.0	3352697780.7	2785364393.0	3668043441.1
3760000000.0	3353504060.1	2785919231.4	3669010278.6
3761000000.0	3354310298.3	2786473995.6	3669977111.4
3762000000.0	3355116495.5	2787028685.9	3670943939.5
3763000000.0	3355922651.4	2787583302.1	3671910763.0
3764000000.0	3356728766.3	2788137844.4	3672877581.8
3765000000.0	3357534840.0	2788692312.6	3673844395.9
3766000000.0	3358340872.6	2789246706.9	3674811205.4
3767000000.0	3359146864.1	2789801027.3	3675778010.2
3768000000.0	3359952814.4	2790355273.7	3676744810.3
3769000000.0	3360758723.7	2790909446.2	3677711605.7
3770000000.0	3361564591.8	2791463544.7	3678678396.5
3771000000.0	3362370418.8	2792017569.4	3679645182.6
3772000000.0	3363176204.7	2792571520.2	3680611964.1
3773000000.0	3363981949.5	2793125397.1	3681578740.8
3774000000.0	3364787653.2	2793679200.2	3682545512.9
3775000000.0	3365593315.8	2794232929.5	3683512280.4
3776000000.0	3366398937.3	2794786584.9	3684479043.1
3777000000.0	3367204517.7	2795340166.6	3685445801.2
3778000000.0	3368010057.0	2795893674.4	3686412554.6
3779000000.0	3368815555.2	2796447108.5	3687379303.4
3780000000.0	3369621012.4	2797000468.8	3688346047.5
3781000000.0	3370426428.4	2797553755.4	3689312786.9
3782000000.0	3371231803.4	2798106968.2	3690279521.6
3783000000.0	3372037137.3	2798660107.3	3691246251.7
3784000000.0	3372842430.2	2799213172.7	3692212977.1
3785000000.0	3373647682.0	2799766164.5	3693179697.9
3786000000.0	3374452892.7	2800319082.5	3694146414.0
3787000000.0	3375258062.3	2800871926.9	3695113125.4
3788000000.0	3376063190.9	2801424697.7	3696079832.1
3789000000.0	3376868278.5	2801977394.8	3697046534.2
3790000000.0	3377673325.0	2802530018.4	3698013231.6
3791000000.0	3378478330.4	2803082568.3	3698979924.3
3792000000.0	3379283294.8	2803635044.7	3699946612.3
3793000000.0	3380088218.2	2804187447.4	3700913295.7
3794000000.0	3380893100.5	2804739776.7	3701879974.5
3795000000.0	3381697941.8	2805292032.4	3702846648.5
3796000000.0	3382502742.0	2805844214.5	3703813317.9
3797000000.0	3383307501.2	2806396323.2	3704779982.6
3798000000.0	3384112219.4	2806948358.3	3705746642.7
3799000000.0	3384916896.6	2807500320.0	3706713298.0
3800000000.0	3385721532.8	2808052208.2	3707679948.8
3801000000.0	3386526127.9	2808604023.0	3708646594.8
3802000000.0	3387330682.0	2809155764.4	3709613236.2
3803000000.0	3388135195.1	2809707432.3	3710579872.9
3804000000.0	3388939667.2	2810259026.8	3711546504.9
3805000000.0	3389744098.3	2810810547.9	3712513132.3
3806000000.0	3390548488.4	2811361995.6	3713479755.0
3807000000.0	3391352837.5	2811913370.0	3714446373.0
3808000000.0	3392157145.6	2812464671.0	3715412986.4
3809000000.0	3392961412.7	2813015898.7	3716379595.1
3810000000.0	3393765638.9	2813567053.1	3717346199.1
3811000000.0	3394569824.0	2814118134.2	3718312798.5
3812000000.0	3395373968.2	2814669142.0	3719279393.2
3813000000.0	3396178071.3	2815220076.5	3720245983.2
3814000000.0	3396982133.5	2815770937.8	3721212568.6
3815000000.0	3397786154.8	2816321725.8	3722179149.3
3816000000.0	3398590135.0	2816872440.6	3723145725.3
3817000000.0	3399394074.3	2817423082.2	3724112296.7
3818000000.0	3400197972.6	2817973650.5	3725078863.3
3819000000.0	3401001830.0	2818524145.7	3726045425.4
3820000000.0	3401805646.4	2819074567.7	3727011982.7
3821000000.0	3402609421.9	2819624916.6	3727978535.4
3822000000.0	3403413156.4	2820175192.3	3728945083.4
3823000000.0	3404216849.9	2820725394.9	3729911626.8
3824000000.0	3405020502.5	2821275524.4	3730878165.5
3825000000.0	3405824114.2	2821825580.7	3731844699.5
3826000000.0	3406627684.9	2822375564.0	3732811228.8
3827000000.0	3407431214.7	2822925474.3	3733777753.5
3828000000.0	3408234703.6	2823475311.4	3734744273.5
3829000000.0	3409038151.5	2824025075.6	3735710788.9
3830000000.0	3409841558.5	2824574766.7	3736677299.5
3831000000.0	3410644924.6	2825124384.8	3737643805.6
3832000000.0	3411448249.8	2825673929.9	3738610306.9
3833000000.0	3412251534.0	2826223402.0	3739576803.6
3834000000.0	3413054777.4	2826772801.2	3740543295.6
3835000000.0	3413857979.8	2827322127.4	3741509782.9
3836000000.0	3414661141.3	2827871380.6	3742476265.6
3837000000.0	3415464261.9	2828420561.0	3743442743.6
3838000000.0	3416267341.7	2828969668.4	3744409217.0
3839000000.0	3417070380.5	2829518702.9	3745375685.6
3840000000.0	3417873378.4	2830067664.6	3746342149.7
3841000000.0	3418676335.4	2830616553.4	3747308609.0
3842000000.0	3419479251.6	2831165369.4	3748275063.7
3843000000.0	3420282126.8	2831714112.5	3749241513.7
3844000000.0	3421084961.2	2832262782.8	3750207959.0
3845000000.0	3421887754.7	2832811380.2	3751174399.7
3846000000.0	3422690507.3	2833359904.9	3752140835.7
3847000000.0	3423493219.0	2833908356.9	3753107267.1
3848000000.0	3424295889.9	2834456736.0	3754073693.7
3849000000.0	3425098519.9	2835005042.4	3755040115.7
3850000000.0	3425901109.1	2835553276.1	3756006533.1
3851000000.0	3426703657.3	2836101437.0	3756972945.8
3852000000.0	3427506164.8	2836649525.3	3757939353.8
3853000000.0	3428308631.3	2837197540.8	3758905757.1
3854000000.0	3429111057.1	2837745483.7	3759872155.8
3855000000.0	3429913441.9	2838293353.9	3760838549.8
3856000000.0	3430715786.0	2838841151.5	3761804939.2
3857000000.0	3431518089.2	2839388876.5	3762771323.8
3858000000.0	3432320351.5	2839936528.8	3763737703.9
3859000000.0	3433122573.0	2840484108.5	3764704079.2
3860000000.0	3433924753.7	2841031615.6	3765670449.9
3861000000.0	3434726893.5	2841579050.2	3766636815.9
3862000000.0	3435528992.6	2842126412.2	3767603177.3
3863000000.0	3436331050.8	2842673701.7	3768569533.9
3864000000.0	3437133068.2	2843220918.6	3769535886.0
3865000000.0	3437935044.7	2843768063.0	3770502233.3
3866000000.0	3438736980.5	2844315134.9	3771468576.0
3867000000.0	3439538875.4	2844862134.3	3772434914.0
3868000000.0	3440340729.5	2845409061.3	3773401247.4
3869000000.0	3441142542.9	2845955915.7	3774367576.1
3870000000.0	3441944315.4	2846502697.8	3775333900.1
3871000000.0	3442746047.1	2847049407.4	3776300219.4
3872000000.0	3443547738.1	2847596044.6	3777266534.1
3873000000.0	3444349388.2	2848142609.4	3778232844.2
3874000000.0	3445150997.6	2848689101.8	3779199149.5
3875000000.0	3445952566.1	2849235521.8	3780165450.2
3876000000.0	3446754093.9	2849781869.5	3781131746.2
3877000000.0	3447555580.9	2850328144.9	3782098037.6
3878000000.0	3448357027.2	2850874347.9	3783064324.3
3879000000.0	3449158432.6	2851420478.6	3784030606.3
3880000000.0	3449959797.3	2851966537.0	3784996883.7
3881000000.0	3450761121.2	2852512523.1	3785963156.4
3882000000.0	3451562404.4	2853058436.9	3786929424.5
3883000000.0	3452363646.8	2853604278.5	3787895687.8
3884000000.0	3453164848.4	2854150047.8	3788861946.5
3885000000.0	3453966009.3	2854695744.9	3789828200.6
3886000000.0	3454767129.4	2855241369.8	3790794450.0
3887000000.0	3455568208.8	2855786922.5	3791760694.7
3888000000.0	3456369247.5	2856332403.1	3792726934.7
3889000000.0	3457170245.4	2856877811.4	3793693170.1
3890000000.0	3457971202.5	2857423147.6	3794659400.8
3891000000.0	3458772118.9	2857968411.6	3795625626.9
3892000000.0	3459572994.6	2858513603.6	3796591848.3
3893000000.0	3460373829.6	2859058723.4	3797558065.0
3894000000.0	3461174623.8	2859603771.1	3798524277.0
3895000000.0	3461975377.3	2860148746.7	3799490484.4
3896000000.0	3462776090.1	2860693650.3	3800456687.2
3897000000.0	3463576762.2	2861238481.8	3801422885.2
3898000000.0	3464377393.5	2861783241.2	3802389078.6
3899000000.0	3465177984.2	2862327928.6	3803355267.4
3900000000.0	3465978534.1	2862872544.1	3804321451.4
3901000000.0	3466779043.4	2863417087.5	3805287630.8
3902000000.0	3467579511.9	2863961558.9	3806253805.6
3903000000.0	3468379939.7	2864505958.4	3807219975.7
3904000000.0	3469180326.9	2865050285.9	3808186141.1
3905000000.0	3469980673.3	2865594541.5	3809152301.8
3906000000.0	3470780979.1	2866138725.1	3810118457.9
3907000000.0	3471581244.1	2866682836.8	3811084609.3
3908000000.0	3472381468.5	2867226876.7	3812050756.1
3909000000.0	3473181652.2	2867770844.6	3813016898.2
3910000000.0	3473981795.3	2868314740.7	3813983035.6
3911000000.0	3474781897.6	2868858564.9	3814949168.4
3912000000.0	3475581959.3	2869402317.3	3815915296.5
3913000000.0	3476381980.3	2869945997.9	3816881419.9
3914000000.0	3477181960.7	2870489606.6	3817847538.7
3915000000.0	3477981900.4	2871033143.6	3818813652.8
3916000000.0	3478781799.4	2871576608.7	3819779762.2
3917000000.0	3479581657.8	2872120002.1	3820745867.0
3918000000.0	3480381475.5	2872663323.8	3821711967.1
3919000000.0	3481181252.6	2873206573.7	3822678062.6
3920000000.0	3481980989.0	2873749751.8	3823644153.4
3921000000.0	3482780684.8	2874292858.3	3824610239.5
3922000000.0	3483580340.0	2874835893.1	3825576321.0
3923000000.0	3484379954.5	2875378856.1	3826542397.8
3924000000.0	3485179528.4	2875921747.6	3827508469.9
3925000000.0	3485979061.6	2876464567.3	3828474537.4
3926000000.0	3486778554.2	2877007315.4	3829440600.2
3927000000.0	3487578006.2	2877549991.9	3830406658.3
3928000000.0	3488377417.6	2878092596.8	3831372711.8
3929000000.0	3489176788.4	2878635130.0	3832338760.6
3930000000.0	3489976118.5	2879177591.7	3833304804.8
3931000000.0	3490775408.1	2879719981.8	3834270844.3
3932000000.0	3491574657.0	2880262300.4	3835236879.1
3933000000.0	3492373865.3	2880804547.4	3836202909.2
3934000000.0	3493173033.0	2881346722.9	3837168934.7
3935000000.0	3493972160.1	2881888826.9	3838134955.6
3936000000.0	3494771246.6	2882430859.4	3839100971.8
3937000000.0	3495570292.6	2882972820.4	3840066983.3
3938000000.0	3496369297.9	2883514709.9	3841032990.1
3939000000.0	3497168262.7	2884056528.0	3841998992.3
3940000000.0	3497967186.8	2884598274.6	3842964989.8
3941000000.0	3498766070.4	2885139949.8	3843930982.7
3942000000.0	3499564913.4	2885681553.6	3844896970.9
3943000000.0	3500363715.8	2886223086.0	3845862954.4
3944000000.0	3501162477.7	2886764547.0	3846828933.3
3945000000.0	3501961199.0	2887305936.6	3847794907.5
3946000000.0	3502759879.7	2887847254.8	3848760877.0
3947000000.0	3503558519.9	2888388501.8	3849726841.9
3948000000.0	3504357119.5	2888929677.4	3850692802.1
3949000000.0	3505155678.5	2889470781.6	3851658757.7
3950000000.0	3505954197.0	2890011814.6	3852624708.6
3951000000.0	3506752675.0	2890552776.3	3853590654.8
3952000000.0	3507551112.4	2891093666.7	3854556596.4
3953000000.0	3508349509.2	2891634485.9	3855522533.3
3954000000.0	3509147865.6	2892175233.8	3856488465.5
3955000000.0	3509946181.3	2892715910.5	3857454393.1
3956000000.0	3510744456.6	2893256516.0	3858420316.0
3957000000.0	3511542691.3	2893797050.2	3859386234.3
3958000000.0	3512340885.5	2894337513.3	3860352147.9
3959000000.0	3513139039.1	2894877905.2	3861318056.8
3960000000.0	3513937152.3	2895418226.0	3862283961.1
3961000000.0	3514735224.9	2895958475.6	3863249860.7
3962000000.0	3515533257.0	2896498654.1	3864215755.6
3963000000.0	3516331248.6	2897038761.4	3865181645.9
3964000000.0	3517129199.6	2897578797.7	3866147531.5
3965000000.0	3517927110.2	2898118762.8	3867113412.5
3966000000.0	3518724980.3	2898658656.9	3868079288.8
3967000000.0	3519522809.9	2899198479.9	3869045160.4
3968000000.0	3520320598.9	2899738231.9	3870011027.4
3969000000.0	3521118347.5	2900277912.9	3870976889.7
3970000000.0	3521916055.6	2900817522.8	3871942747.4
3971000000.0	3522713723.2	2901357061.7	3872908600.4
3972000000.0	3523511350.3	2901896529.6	3873874448.7
3973000000.0	3524308936.9	2902435926.6	3874840292.4
3974000000.0	3525106483.1	2902975252.6	3875806131.4
3975000000.0	3525903988.7	2903514507.6	3876771965.7
3976000000.0	3526701453.9	2904053691.7	3877737795.4
3977000000.0	3527498878.7	2904592804.9	3878703620.4
3978000000.0	3528296262.9	2905131847.2	3879669440.7
3979000000.0	3529093606.7	2905670818.6	3880635256.4
3980000000.0	3529890910.1	2906209719.1	3881601067.5
3981000000.0	3530688173.0	2906748548.7	3882566873.8
3982000000.0	3531485395.4	2907287307.5	3883532675.6
3983000000.0	3532282577.4	2907825995.5	3884498472.6
3984000000.0	3533079718.9	2908364612.6	3885464265.0
3985000000.0	3533876820.0	2908903159.0	3886430052.7
3986000000.0	3534673880.6	2909441634.5	3887395835.8
3987000000.0	3535470900.8	2909980039.3	3888361614.2
3988000000.0	3536267880.6	2910518373.2	3889327387.9
3989000000.0	3537064819.9	2911056636.5	3890293157.0
3990000000.0	3537861718.8	2911594829.0	3891258921.4
3991000000.0	3538658577.3	2912132950.7	3892224681.2
3992000000.0	3539455395.3	2912671001.8	3893190436.3
3993000000.0	3540252173.0	2913208982.2	3894156186.7
3994000000.0	3541048910.2	2913746891.9	3895121932.5
3995000000.0	3541845607.0	2914284730.9	3896087673.6
3996000000.0	3542642263.4	2914822499.2	3897053410.1
3997000000.0	3543438879.4	2915360197.0	3898019141.9
3998000000.0	3544235455.0	2915897824.1	3898984869.0
3999000000.0	3545031990.1	2916435380.5	3899950591.5
4000000000.0	3545828484.9	2916972866.4	3900916309.3
4001000000.0	3546624939.3	2917510281.7	3901882022.4
4002000000.0	3547421353.3	2918047626.4	3902847730.9
4003000000.0	3548217726.9	2918584900.6	3903813434.8
4004000000.0	3549014060.1	2919122104.2	3904779133.9
4005000000.0	3549810352.9	2919659237.3	3905744828.4
4006000000.0	3550606605.4	2920196299.9	3906710518.3
4007000000.0	3551402817.4	2920733292.0	3907676203.5
4008000000.0	3552198989.1	2921270213.6	3908641884.0
4009000000.0	3552995120.4	2921807064.7	3909607559.9
4010000000.0	3553791211.4	2922343845.4	3910573231.1
4011000000.0	3554587262.0	2922880555.6	3911538897.6
4012000000.0	3555383272.2	2923417195.4	3912504559.5
4013000000.0	3556179242.1	2923953764.8	3913470216.7
4014000000.0	3556975171.6	2924490263.7	3914435869.3
4015000000.0	3557771060.8	2925026692.3	3915401517.2
4016000000.0	3558566909.6	2925563050.5	3916367160.5
4017000000.0	3559362718.0	2926099338.3	3917332799.0
4018000000.0	3560158486.1	2926635555.8	3918298433.0
4019000000.0	3560954213.9	2927171703.0	3919264062.2
4020000000.0	3561749901.4	2927707779.8	3920229686.8
4021000000.0	3562545548.5	2928243786.3	3921195306.8
4022000000.0	3563341155.3	2928779722.6	3922160922.1
4023000000.0	3564136721.7	2929315588.5	3923126532.7
4024000000.0	3564932247.8	2929851384.2	3924092138.7
4025000000.0	3565727733.6	2930387109.7	3925057740.0
4026000000.0	3566523179.1	2930922764.9	3926023336.6
4027000000.0	3567318584.3	2931458349.9	3926988928.6
4028000000.0	3568113949.1	2931993864.6	3927954515.9
4029000000.0	3568909273.7	2932529309.2	3928920098.6
4030000000.0	3569704557.9	2933064683.6	3929885676.6
4031000000.0	3570499801.8	2933599987.8	3930851250.0
4032000000.0	3571295005.5	2934135221.9	3931816818.6
4033000000.0	3572090168.8	2934670385.8	3932782382.7
4034000000.0	3572885291.8	2935205479.6	3933747942.0
4035000000.0	3573680374.6	2935740503.3	3934713496.8
4036000000.0	3574475417.0	2936275456.9	3935679046.8
4037000000.0	3575270419.2	2936810340.4	3936644592.2
4038000000.0	3576065381.1	2937345153.9	3937610132.9
4039000000.0	3576860302.7	2937879897.3	3938575669.0
4040000000.0	3577655184.0	2938414570.6	3939541200.4
4041000000.0	3578450025.1	2938949173.9	3940506727.2
4042000000.0	3579244825.9	2939483707.2	3941472249.3
4043000000.0	3580039586.4	2940018170.5	3942437766.7
4044000000.0	3580834306.7	2940552563.8	3943403279.5
4045000000.0	3581628986.7	2941086887.1	3944368787.6
4046000000.0	3582423626.4	2941621140.5	3945334291.1
4047000000.0	3583218225.9	2942155323.9	3946299789.9
4048000000.0	3584012785.1	2942689437.4	3947265284.0
4049000000.0	3584807304.1	2943223481.0	3948230773.5
4050000000.0	3585601782.9	2943757454.6	3949196258.3
4051000000.0	3586396221.4	2944291358.4	3950161738.5
4052000000.0	3587190619.6	2944825192.3	3951127214.0
4053000000.0	3587984977.6	2945358956.3	3952092684.8
4054000000.0	3588779295.4	2945892650.5	3953058151.0
4055000000.0	3589573573.0	2946426274.8	3954023612.6
4056000000.0	3590367810.3	2946959829.4	3954989069.4
4057000000.0	3591162007.4	2947493314.1	3955954521.7
4058000000.0	3591956164.3	2948026729.0	3956919969.2
4059000000.0	3592750281.0	2948560074.1	3957885412.1
4060000000.0	3593544357.4	2949093349.5	3958850850.3
4061000000.0	3594338393.6	2949626555.1	3959816283.9
4062000000.0	3595132389.7	2950159690.9	3960781712.8
4063000000.0	3595926345.5	2950692757.1	3961747137.1
4064000000.0	3596720261.1	2951225753.5	3962712556.7
4065000000.0	3597514136.5	2951758680.2	3963677971.7
4066000000.0	3598307971.8	2952291537.3	3964643382.0
4067000000.0	3599101766.8	2952824324.7	3965608787.6
4068000000.0	3599895521.6	2953357042.4	3966574188.6
4069000000.0	3600689236.3	2953889690.4	3967539584.9
4070000000.0	3601482910.8	2954422268.9	3968504976.5
4071000000.0	3602276545.0	2954954777.7	3969470363.5
4072000000.0	3603070139.2	2955487216.9	3970435745.9
4073000000.0	3603863693.1	2956019586.5	3971401123.6
4074000000.0	3604657206.8	2956551886.6	3972366496.6
4075000000.0	3605450680.4	2957084117.1	3973331864.9
4076000000.0	3606244113.9	2957616278.0	3974297228.7
4077000000.0	3607037507.1	2958148369.4	3975262587.7
4078000000.0	3607830860.2	2958680391.3	3976227942.1
4079000000.0	3608624173.2	2959212343.7	3977193291.8
4080000000.0	3609417446.0	2959744226.6	3978158636.9
4081000000.0	3610210678.6	2960276040.0	3979123977.3
4082000000.0	3611003871.1	2960807783.9	3980089313.1
4083000000.0	3611797023.4	2961339458.4	3981054644.2
4084000000.0	3612590135.6	2961871063.4	3982019970.7
4085000000.0	3613383207.7	2962402599.0	3982985292.4
4086000000.0	3614176239.6	2962934065.2	3983950609.6
4087000000.0	3614969231.4	2963465462.0	3984915922.1
4088000000.0	3615762183.1	2963996789.5	3985881229.9
4089000000.0	3616555094.6	2964528047.5	3986846533.0
4090000000.0	3617347966.1	2965059236.2	3987811831.5
4091000000.0	3618140797.4	2965590355.5	3988777125.4
4092000000.0	3618933588.5	2966121405.6	3989742414.6
4093000000.0	3619726339.6	2966652386.3	3990707699.1
4094000000.0	3620519050.5	2967183297.7	3991672979.0
4095000000.0	3621311721.4	2967714139.8	3992638254.2
4096000000.0	3622104352.1	2968244912.6	3993603524.8
4097000000.0	3622896942.8	2968775616.2	3994568790.7
4098000000.0	3623689493.3	2969306250.5	3995534051.9
4099000000.0	3624482003.7	2969836815.6	3996499308.5
4100000000.0	3625274474.1	2970367311.4	3997464560.4
4101000000.0	3626066904.4	2970897738.1	3998429807.7
4102000000.0	3626859294.5	2971428095.5	3999395050.3
4103000000.0	3627651644.6	2971958383.8	4000360288.3
4104000000.0	3628443954.6	2972488602.9	4001325521.6
4105000000.0	3629236224.5	2973018752.9	4002290750.3
4106000000.0	3630028454.4	2973548833.7	4003255974.2
4107000000.0	3630820644.2	2974078845.4	4004221193.6
4108000000.0	3631612793.9	2974608788.0	4005186408.3
4109000000.0	3632404903.5	2975138661.4	4006151618.3
4110000000.0	3633196973.1	2975668465.8	4007116823.7
4111000000.0	3633989002.6	2976198201.2	4008082024.4
4112000000.0	3634780992.1	2976727867.4	4009047220.4
4113000000.0	3635572941.5	2977257464.6	4010012411.8
4114000000.0	3636364850.9	2977786992.8	4010977598.6
4115000000.0	3637156720.2	2978316452.0	4011942780.6
4116000000.0	3637948549.5	2978845842.1	4012907958.1
4117000000.0	3638740338.7	2979375163.3	4013873130.8
4118000000.0	3639532087.9	2979904415.5	4014838299.0
4119000000.0	3640323797.1	2980433598.7	4015803462.4
4120000000.0	3641115466.2	2980962713.0	4016768621.2
4121000000.0	3641907095.3	2981491758.4	4017733775.4
4122000000.0	3642698684.3	2982020734.8	4018698924.9
4123000000.0	3643490233.4	2982549642.3	4019664069.7
4124000000.0	3644281742.4	2983078480.9	4020629209.9
4125000000.0	3645073211.4	2983607250.6	4021594345.4
4126000000.0	3645864640.4	2984135951.5	4022559476.3
4127000000.0	3646656029.4	2984664583.5	4023524602.5
4128000000.0	3647447378.4	2985193146.7	4024489724.0
4129000000.0	3648238687.3	2985721641.0	4025454840.9
4130000000.0	3649029956.3	2986250066.5	4026419953.2
4131000000.0	3649821185.3	2986778423.2	4027385060.8
4132000000.0	3650612374.2	2987306711.1	4028350163.7
4133000000.0	3651403523.2	2987834930.3	4029315262.0
4134000000.0	3652194632.2	2988363080.7	4030280355.6
4135000000.0	3652985701.2	2988891162.3	4031245444.6
4136000000.0	3653776730.2	2989419175.2	4032210528.9
4137000000.0	3654567719.3	2989947119.4	4033175608.5
4138000000.0	3655358668.3	2990474994.9	4034140683.5
4139000000.0	3656149577.4	2991002801.7	4035105753.9
4140000000.0	3656940446.5	2991530539.8	4036070819.6
4141000000.0	3657731275.7	2992058209.2	4037035880.6
4142000000.0	3658522064.9	2992585810.0	4038000937.0
4143000000.0	3659312814.1	2993113342.1	4038965988.7
4144000000.0	3660103523.3	2993640805.6	4039931035.8
4145000000.0	3660894192.6	2994168200.5	4040896078.2
4146000000.0	3661684822.0	2994695526.8	4041861115.9
4147000000.0	3662475411.4	2995222784.5	4042826149.0
4148000000.0	3663265960.8	2995749973.7	4043791177.5
4149000000.0	3664056470.3	2996277094.3	4044756201.3
4150000000.0	3664846939.9	2996804146.3	4045721220.4
4151000000.0	3665637369.5	2997331129.8	4046686234.9
4152000000.0	3666427759.2	2997858044.8	4047651244.7
4153000000.0	3667218109.0	2998384891.2	4048616249.9
4154000000.0	3668008418.8	2998911669.2	4049581250.4
4155000000.0	3668798688.7	2999438378.7	4050546246.3
4156000000.0	3669588918.7	2999965019.8	4051511237.5
4157000000.0	3670379108.7	3000491592.3	4052476224.0
4158000000.0	3671169258.9	3001018096.5	4053441205.9
4159000000.0	3671959369.1	3001544532.2	4054406183.2
4160000000.0	3672749439.4	3002070899.5	4055371155.8
4161000000.0	3673539469.8	3002597198.4	4056336123.7
4162000000.0	3674329460.3	3003123428.9	4057301087.0
4163000000.0	3675119410.9	3003649591.1	4058266045.6
4164000000.0	3675909321.6	3004175684.9	4059230999.6
4165000000.0	3676699192.4	3004701710.3	4060195948.9
4166000000.0	3677489023.3	3005227667.4	4061160893.5
4167000000.0	3678278814.4	3005753556.2	4062125833.5
4168000000.0	3679068565.5	3006279376.7	4063090768.9
4169000000.0	3679858276.7	3006805128.9	4064055699.6
4170000000.0	3680647948.1	3007330812.8	4065020625.6
4171000000.0	3681437579.6	3007856428.4	4065985547.0
4172000000.0	3682227171.2	3008381975.8	4066950463.8
4173000000.0	3683016723.0	3008907455.0	4067915375.9
4174000000.0	3683806234.8	3009432865.9	4068880283.3
4175000000.0	3684595706.9	3009958208.6	4069845186.1
4176000000.0	3685385139.0	3010483483.1	4070810084.2
4177000000.0	3686174531.3	3011008689.5	4071774977.6
4178000000.0	3686963883.7	3011533827.6	4072739866.5
4179000000.0	3687753196.3	3012058897.6	4073704750.6
4180000000.0	3688542469.0	3012583899.5	4074669630.1
4181000000.0	3689331701.9	3013108833.2	4075634505.0
4182000000.0	3690120894.9	3013633698.8	4076599375.2
4183000000.0	3690910048.1	3014158496.3	4077564240.7
4184000000.0	3691699161.5	3014683225.7	4078529101.6
4185000000.0	3692488235.0	3015207887.0	4079493957.8
4186000000.0	3693277268.7	3015732480.3	4080458809.4
4187000000.0	3694066262.5	3016257005.5	4081423656.3
4188000000.0	3694855216.6	3016781462.7	4082388498.6
4189000000.0	3695644130.8	3017305851.8	4083353336.2
4190000000.0	3696433005.2	3017830172.9	4084318169.2
4191000000.0	3697221839.7	3018354426.1	4085282997.5
4192000000.0	3698010634.5	3018878611.2	4086247821.2
4193000000.0	3698799389.4	3019402728.4	4087212640.2
4194000000.0	3699588104.6	3019926777.6	4088177454.5
4195000000.0	3700376779.9	3020450758.9	4089142264.2
4196000000.0	3701165415.4	3020974672.2	4090107069.3
4197000000.0	3701954011.1	3021498517.6	4091071869.7
4198000000.0	3702742567.1	3022022295.1	4092036665.4
4199000000.0	3703531083.2	3022546004.7	4093001456.5
4200000000.0	3704319559.6	3023069646.4	4093966243.0
4201000000.0	3705107996.1	3023593220.3	4094931024.7
4202000000.0	3705896392.9	3024116726.3	4095895801.9
4203000000.0	3706684749.9	3024640164.5	4096860574.3
4204000000.0	3707473067.1	3025163534.8	4097825342.2
4205000000.0	3708261344.5	3025686837.3	4098790105.3
4206000000.0	3709049582.2	3026210072.1	4099754863.9
4207000000.0	3709837780.1	3026733239.0	4100719617.7
4208000000.0	3710625938.2	3027256338.2	4101684366.9
4209000000.0	3711414056.6	3027779369.6	4102649111.5
4210000000.0	3712202135.2	3028302333.2	4103613851.4
4211000000.0	3712990174.1	3028825229.1	4104578586.7
4212000000.0	3713778173.1	3029348057.3	4105543317.3
4213000000.0	3714566132.5	3029870817.8	4106508043.2
4214000000.0	3715354052.1	3030393510.6	4107472764.5
4215000000.0	3716141931.9	3030916135.7	4108437481.1
4216000000.0	3716929772.0	3031438693.2	4109402193.1
4217000000.0	3717717572.4	3031961183.0	4110366900.5
4218000000.0	3718505333.0	3032483605.1	4111331603.2
4219000000.0	3719293053.9	3033005959.6	4112296301.2
4220000000.0	3720080735.1	3033528246.5	4113260994.6
4221000000.0	3720868376.6	3034050465.8	4114225683.3
4222000000.0	3721655978.3	3034572617.5	4115190367.4
4223000000.0	3722443540.3	3035094701.7	4116155046.8
4224000000.0	3723231062.6	3035616718.2	4117119721.6
4225000000.0	3724018545.1	3036138667.2	4118084391.7
4226000000.0	3724805988.0	3036660548.7	4119049057.2
4227000000.0	3725593391.1	3037182362.7	4120013718.0
4228000000.0	3726380754.5	3037704109.1	4120978374.1
4229000000.0	3727168078.3	3038225788.1	4121943025.7
4230000000.0	3727955362.3	3038747399.5	4122907672.5
4231000000.0	3728742606.6	3039268943.5	4123872314.7
4232000000.0	3729529811.3	3039790420.0	4124836952.3
4233000000.0	3730316976.2	3040311829.1	4125801585.2
4234000000.0	3731104101.5	3040833170.8	4126766213.4
4235000000.0	3731891187.1	3041354445.0	4127730837.0
4236000000.0	3732678233.0	3041875651.8	4128695456.0
4237000000.0	3733465239.2	3042396791.3	4129660070.3
4238000000.0	3734252205.7	3042917863.3	4130624679.9
4239000000.0	3735039132.6	3043438868.0	4131589284.9
4240000000.0	3735826019.8	3043959805.3	4132553885.3
4241000000.0	3736612867.3	3044480675.3	4133518481.0
4242000000.0	3737399675.2	3045001478.0	4134483072.0
4243000000.0	3738186443.4	3045522213.4	4135447658.4
4244000000.0	3738973171.9	3046042881.4	4136412240.1
4245000000.0	3739759860.8	3046563482.2	4137376817.2
4246000000.0	3740546510.0	3047084015.7	4138341389.6
4247000000.0	3741333119.6	3047604481.9	4139305957.4
4248000000.0	3742119689.6	3048124880.9	4140270520.6
4249000000.0	3742906219.9	3048645212.6	4141235079.0
4250000000.0	3743692710.5	3049165477.1	4142199632.9
4251000000.0	3744479161.5	3049685674.4	4143164182.0
4252000000.0	3745265572.9	3050205804.6	4144128726.6
4253000000.0	3746051944.7	3050725867.5	4145093266.4
4254000000.0	3746838276.8	3051245863.2	4146057801.7
4255000000.0	3747624569.3	3051765791.8	4147022332.2
4256000000.0	3748410822.2	3052285653.3	4147986858.2
4257000000.0	3749197035.5	3052805447.6	4148951379.4
4258000000.0	3749983209.1	3053325174.8	4149915896.1
4259000000.0	3750769343.1	3053844834.9	4150880408.0
4260000000.0	3751555437.6	3054364428.0	4151844915.3
4261000000.0	3752341492.4	3054883953.9	4152809418.0
4262000000.0	3753127507.6	3055403412.8	4153773916.0
4263000000.0	3753913483.2	3055922804.6	4154738409.4
4264000000.0	3754699419.2	3056442129.3	4155702898.1
4265000000.0	3755485315.6	3056961387.1	4156667382.2
4266000000.0	3756271172.4	3057480577.8	4157631861.6
4267000000.0	3757056989.7	3057999701.5	4158596336.4
4268000000.0	3757842767.3	3058518758.3	4159560806.5
4269000000.0	3758628505.4	3059037748.1	4160525271.9
4270000000.0	3759414203.9	3059556670.9	4161489732.7
4271000000.0	3760199862.8	3060075526.7	4162454188.9
4272000000.0	3760985482.1	3060594315.6	4163418640.4
4273000000.0	3761771061.9	3061113037.6	4164383087.3
4274000000.0	3762556602.1	3061631692.7	4165347529.5
4275000000.0	3763342102.7	3062150280.9	4166311967.1
4276000000.0	3764127563.7	3062668802.2	4167276400.0
4277000000.0	3764912985.2	3063187256.7	4168240828.2
4278000000.0	3765698367.2	3063705644.2	4169205251.8
4279000000.0	3766483709.6	3064223965.0	4170169670.8
4280000000.0	3767269012.4	3064742218.9	4171134085.1
4281000000.0	3768054275.7	3065260405.9	4172098494.8
4282000000.0	3768839499.5	3065778526.2	4173062899.8
4283000000.0	3769624683.7	3066296579.7	4174027300.1
4284000000.0	3770409828.4	3066814566.4	4174991695.8
4285000000.0	3771194933.5	3067332486.3	4175956086.9
4286000000.0	3771979999.1	3067850339.5	4176920473.3
4287000000.0	3772765025.2	3068368126.0	4177884855.1
4288000000.0	3773550011.7	3068885845.7	4178849232.2
4289000000.0	3774334958.8	3069403498.7	4179813604.7
4290000000.0	3775119866.3	3069921085.0	4180777972.5
4291000000.0	3775904734.2	3070438604.6	4181742335.6
4292000000.0	3776689562.7	3070956057.5	4182706694.1
4293000000.0	3777474351.7	3071473443.7	4183671048.0
4294000000.0	3778259101.1	3071990763.3	4184635397.2
4295000000.0	3779043811.1	3072508016.3	4185599741.8
4296000000.0	3779828481.5	3073025202.7	4186564081.7
4297000000.0	3780613112.5	3073542322.4	4187528417.0
4298000000.0	3781397703.9	3074059375.5	4188492747.6
4299000000.0	3782182255.9	3074576362.1	4189457073.5
4300000000.0	3782966768.3	3075093282.1	4190421394.9
4301000000.0	3783751241.3	3075610135.5	4191385711.5
4302000000.0	3784535674.8	3076126922.3	4192350023.5
4303000000.0	3785320068.8	3076643642.7	4193314330.9
4304000000.0	3786104423.3	3077160296.5	4194278633.6
4305000000.0	3786888738.4	3077676883.8	4195242931.7
4306000000.0	3787673014.0	3078193404.6	4196207225.1
4307000000.0	3788457250.1	3078709858.9	4197171513.9
4308000000.0	3789241446.7	3079226246.8	4198135798.0
4309000000.0	3790025603.9	3079742568.1	4199100077.5
4310000000.0	3790809721.6	3080258823.1	4200064352.3
4311000000.0	3791593799.9	3080775011.6	4201028622.5
4312000000.0	3792377838.7	3081291133.7	4201992888.0
4313000000.0	3793161838.0	3081807189.4	4202957148.9
4314000000.0	3793945797.9	3082323178.7	4203921405.1
4315000000.0	3794729718.4	3082839101.6	4204885656.7
4316000000.0	3795513599.4	3083354958.2	4205849903.7
4317000000.0	3796297441.0	3083870748.4	4206814145.9
4318000000.0	3797081243.1	3084386472.2	4207778383.6
4319000000.0	3797865005.8	3084902129.7	4208742616.6
4320000000.0	3798648729.1	3085417721.0	4209706844.9
4321000000.0	3799432413.0	3085933245.9	4210671068.6
4322000000.0	3800216057.4	3086448704.5	4211635287.6
4323000000.0	3800999662.4	3086964096.8	4212599502.0
4324000000.0	3801783228.0	3087479422.9	4213563711.8
4325000000.0	3802566754.1	3087994682.7	4214527916.9
4326000000.0	3803350240.9	3088509876.3	4215492117.3
4327000000.0	3804133688.2	3089025003.6	4216456313.1
4328000000.0	3804917096.1	3089540064.8	4217420504.3
4329000000.0	3805700464.7	3090055059.7	4218384690.8
4330000000.0	3806483793.8	3090569988.5	4219348872.6
4331000000.0	3807267083.5	3091084851.0	4220313049.8
4332000000.0	3808050333.8	3091599647.5	4221277222.4
4333000000.0	3808833544.8	3092114377.7	4222241390.3
4334000000.0	3809616716.3	3092629041.8	4223205553.6
4335000000.0	3810399848.5	3093143639.9	4224169712.2
4336000000.0	3811182941.3	3093658171.7	4225133866.2
4337000000.0	3811965994.7	3094172637.5	4226098015.5
4338000000.0	3812749008.7	3094687037.2	4227062160.1
4339000000.0	3813531983.3	3095201370.9	4228026300.2
4340000000.0	3814314918.6	3095715638.5	4228990435.5
4341000000.0	3815097814.5	3096229840.0	4229954566.3
4342000000.0	3815880671.1	3096743975.5	4230918692.4
4343000000.0	3816663488.2	3097258044.9	4231882813.8
4344000000.0	3817446266.1	3097772048.4	4232846930.6
4345000000.0	3818229004.5	3098285985.9	4233811042.7
4346000000.0	3819011703.6	3098799857.3	4234775150.2
4347000000.0	3819794363.4	3099313662.9	4235739253.0
4348000000.0	3820576983.8	3099827402.4	4236703351.2
4349000000.0	3821359564.9	3100341076.0	4237667444.8
4350000000.0	3822142106.6	3100854683.7	4238631533.7
4351000000.0	3822924609.0	3101368225.4	4239595617.9
4352000000.0	3823707072.0	3101881701.3	4240559697.5
4353000000.0	3824489495.7	3102395111.2	4241523772.5
4354000000.0	3825271880.1	3102908455.3	4242487842.8
4355000000.0	3826054225.2	3103421733.5	4243451908.5
4356000000.0	3826836530.9	3103934945.9	4244415969.5
4357000000.0	3827618797.3	3104448092.4	4245380025.9
4358000000.0	3828401024.4	3104961173.0	4246344077.6
4359000000.0	3829183212.2	3105474187.9	4247308124.7
4360000000.0	3829965360.6	3105987136.9	4248272167.1
4361000000.0	3830747469.8	3106500020.2	4249236204.9
4362000000.0	3831529539.6	3107012837.6	4250200238.0
4363000000.0	3832311570.2	3107525589.4	4251164266.5
4364000000.0	3833093561.4	3108038275.3	4252128290.3
4365000000.0	3833875513.4	3108550895.5	4253092309.5
4366000000.0	3834657426.0	3109063450.0	4254056324.1
4367000000.0	3835439299.4	3109575938.8	4255020334.0
4368000000.0	3836221133.5	3110088361.8	4255984339.2
4369000000.0	3837002928.2	3110600719.2	4256948339.8
4370000000.0	3837784683.7	3111113010.9	4257912335.8
4371000000.0	3838566400.0	3111625236.9	4258876327.1
4372000000.0	3839348076.9	3112137397.3	4259840313.8
4373000000.0	3840129714.6	3112649492.0	4260804295.8
4374000000.0	3840911313.0	3113161521.1	4261768273.2
4375000000.0	3841692872.1	3113673484.6	4262732245.9
4376000000.0	3842474392.0	3114185382.4	4263696214.0
4377000000.0	3843255872.6	3114697214.7	4264660177.4
4378000000.0	3844037314.0	3115208981.5	4265624136.2
4379000000.0	3844818716.0	3115720682.6	4266588090.3
4380000000.0	3845600078.9	3116232318.2	4267552039.8
4381000000.0	3846381402.5	3116743888.3	4268515984.7
4382000000.0	3847162686.8	3117255392.8	4269479924.9
4383000000.0	3847943931.9	3117766831.8	4270443860.4
4384000000.0	3848725137.8	3118278205.3	4271407791.4
4385000000.0	3849506304.4	3118789513.3	4272371717.6
4386000000.0	3850287431.8	3119300755.9	4273335639.2
4387000000.0	3851068519.9	3119811933.0	4274299556.2
4388000000.0	3851849568.8	3120323044.6	4275263468.5
4389000000.0	3852630578.5	3120834090.8	4276227376.2
4390000000.0	3853411549.0	3121345071.6	4277191279.3
4391000000.0	3854192480.2	3121855986.9	4278155177.6
4392000000.0	3854973372.3	3122366836.9	4279119071.4
4393000000.0	3855754225.1	3122877621.5	4280082960.5
4394000000.0	3856535038.7	3123388340.6	4281046844.9
4395000000.0	3857315813.1	3123898994.5	4282010724.7
4396000000.0	3858096548.3	3124409582.9	4282974599.9
4397000000.0	3858877244.3	3124920106.1	4283938470.4
4398000000.0	3859657901.1	3125430563.9	4284902336.3
4399000000.0	3860438518.7	3125940956.4	4285866197.5
4400000000.0	3861219097.0	3126451283.6	4286830054.1
4401000000.0	3861999636.3	3126961545.5	4287793906.0
4402000000.0	3862780136.3	3127471742.2	4288757753.3
4403000000.0	3863560597.1	3127981873.5	4289721595.9
4404000000.0	3864341018.8	3128491939.7	4290685433.9
4405000000.0	3865121401.2	3129001940.5	4291649267.3
4406000000.0	3865901744.5	3129511876.2	4292613096.0
4407000000.0	3866682048.6	3130021746.7	4293576920.1
4408000000.0	3867462313.6	3130531551.9	4294540739.5
4409000000.0	3868242539.4	3131041292.0	4295504554.2
4410000000.0	3869022726.0	3131550966.9	4296468364.4
4411000000.0	3869802873.4	3132060576.6	4297432169.8
4412000000.0	3870582981.7	3132570121.2	4298395970.7
4413000000.0	3871363050.9	3133079600.6	4299359766.9
4414000000.0	3872143080.9	3133589014.9	4300323558.4
4415000000.0	3872923071.7	3134098364.1	4301287345.3
4416000000.0	3873703023.4	3134607648.2	4302251127.6
4417000000.0	3874482936.0	3135116867.3	4303214905.2
4418000000.0	3875262809.4	3135626021.2	4304178678.1
4419000000.0	3876042643.6	3136135110.1	4305142446.5
4420000000.0	3876822438.8	3136644133.9	4306106210.1
4421000000.0	3877602194.8	3137153092.7	4307069969.2
4422000000.0	3878381911.7	3137661986.5	4308033723.6
4423000000.0	3879161589.4	3138170815.3	4308997473.3
4424000000.0	3879941228.0	3138679579.0	4309961218.4
4425000000.0	3880720827.5	3139188277.8	4310924958.9
4426000000.0	3881500387.9	3139696911.6	4311888694.7
4427000000.0	3882279909.2	3140205480.4	4312852425.8
4428000000.0	3883059391.3	3140713984.3	4313816152.3
4429000000.0	3883838834.4	3141222423.3	4314779874.2
4430000000.0	3884618238.3	3141730797.3	4315743591.4
4431000000.0	3885397603.2	3142239106.4	4316707304.0
4432000000.0	3886176928.9	3142747350.6	4317671012.0
4433000000.0	3886956215.6	3143255529.9	4318634715.3
4434000000.0	3887735463.1	3143763644.4	4319598413.9
4435000000.0	3888514671.6	3144271694.0	4320562107.9
4436000000.0	3889293841.0	3144779678.7	4321525797.3
4437000000.0	3890072971.3	3145287598.6	4322489482.0
4438000000.0	3890852062.5	3145795453.7	4323453162.1
4439000000.0	3891631114.6	3146303244.0	4324416837.5
4440000000.0	3892410127.6	3146810969.4	4325380508.3
4441000000.0	3893189101.6	3147318630.1	4326344174.5
4442000000.0	3893968036.5	3147826226.0	4327307836.0
4443000000.0	3894746932.4	3148333757.2	4328271492.8
4444000000.0	3895525789.2	3148841223.6	4329235145.0
4445000000.0	3896304606.9	3149348625.2	4330198792.6
4446000000.0	3897083385.5	3149855962.1	4331162435.5
4447000000.0	3897862125.1	3150363234.4	4332126073.8
4448000000.0	3898640825.7	3150870441.9	4333089707.4
4449000000.0	3899419487.2	3151377584.7	4334053336.4
4450000000.0	3900198109.6	3151884662.8	4335016960.8
4451000000.0	3900976693.0	3152391676.3	4335980580.5
4452000000.0	3901755237.4	3152898625.2	4336944195.6
4453000000.0	3902533742.7	3153405509.4	4337907806.0
4454000000.0	3903312209.0	3153912328.9	4338871411.8
4455000000.0	3904090636.3	3154419083.9	4339835012.9
4456000000.0	3904869024.5	3154925774.3	4340798609.4
4457000000.0	3905647373.7	3155432400.0	4341762201.2
4458000000.0	3906425683.9	3155938961.2	4342725788.4
4459000000.0	3907203955.1	3156445457.8	4343689371.0
4460000000.0	3907982187.2	3156951889.9	4344652948.9
4461000000.0	3908760380.3	3157458257.5	4345616522.2
4462000000.0	3909538534.5	3157964560.5	4346580090.8
4463000000.0	3910316649.6	3158470799.0	4347543654.8
4464000000.0	3911094725.7	3158976972.9	4348507214.1
4465000000.0	3911872762.8	3159483082.4	4349470768.8
4466000000.0	3912650760.9	3159989127.5	4350434318.9
4467000000.0	3913428720.0	3160495108.0	4351397864.3
4468000000.0	3914206640.1	3161001024.1	4352361405.1
4469000000.0	3914984521.2	3161506875.8	4353324941.2
4470000000.0	3915762363.3	3162012663.0	4354288472.7
4471000000.0	3916540166.5	3162518385.9	4355251999.5
4472000000.0	3917317930.7	3163024044.3	4356215521.7
4473000000.0	3918095655.8	3163529638.3	4357179039.3
4474000000.0	3918873342.0	3164035168.0	4358142552.2
4475000000.0	3919650989.3	3164540633.2	4359106060.5
4476000000.0	3920428597.5	3165046034.2	4360069564.1
4477000000.0	3921206166.8	3165551370.8	4361033063.1
4478000000.0	3921983697.2	3166056643.0	4361996557.4
4479000000.0	3922761188.5	3166561851.0	4362960047.1
4480000000.0	3923538641.0	3167066994.6	4363923532.2
4481000000.0	3924316054.4	3167572073.9	4364887012.6
4482000000.0	3925093428.9	3168077089.0	4365850488.4
4483000000.0	3925870764.5	3168582039.8	4366813959.5
4484000000.0	3926648061.1	3169086926.3	4367777426.0
4485000000.0	3927425318.7	3169591748.6	4368740887.9
4486000000.0	3928202537.5	3170096506.7	4369704345.1
4487000000.0	3928979717.2	3170601200.5	4370667797.6
4488000000.0	3929756858.1	3171105830.2	4371631245.6
4489000000.0	3930533960.0	3171610395.6	4372594688.8
4490000000.0	3931311023.0	3172114896.9	4373558127.5
4491000000.0	3932088047.0	3172619334.0	4374521561.5
4492000000.0	3932865032.2	3173123706.9	4375484990.8
4493000000.0	3933641978.4	3173628015.7	4376448415.5
4494000000.0	3934418885.7	3174132260.4	4377411835.6
4495000000.0	3935195754.1	3174636440.9	4378375251.0
4496000000.0	3935972583.5	3175140557.3	4379338661.8
4497000000.0	3936749374.1	3175644609.7	4380302068.0
4498000000.0	3937526125.7	3176148597.9	4381265469.5
4499000000.0	3938302838.5	3176652522.1	4382228866.3
4500000000.0	3939079512.3	3177156382.2	4383192258.5
4501000000.0	3939856147.3	3177660178.3	4384155646.1
4502000000.0	3940632743.4	3178163910.3	4385119029.0
4503000000.0	3941409300.5	3178667578.4	4386082407.3
4504000000.0	3942185818.8	3179171182.4	4387045781.0
4505000000.0	3942962298.2	3179674722.4	4388009150.0
4506000000.0	3943738738.7	3180178198.4	4388972514.4
4507000000.0	3944515140.3	3180681610.4	4389935874.1
4508000000.0	3945291503.1	3181184958.5	4390899229.2
4509000000.0	3946067827.0	3181688242.7	4391862579.6
4510000000.0	3946844112.0	3182191462.9	4392825925.4
4511000000.0	3947620358.1	3182694619.1	4393789266.6
4512000000.0	3948396565.4	3183197711.5	4394752603.1
4513000000.0	3949172733.8	3183700740.0	4395715935.0
4514000000.0	3949948863.3	3184203704.5	4396679262.2
4515000000.0	3950724954.0	3184706605.2	4397642584.8
4516000000.0	3951501005.9	3185209442.1	4398605902.8
4517000000.0	3952277018.9	3185712215.1	4399569216.1
4518000000.0	3953052993.0	3186214924.2	4400532524.8
4519000000.0	3953828928.3	3186717569.5	4401495828.8
4520000000.0	3954604824.8	3187220151.0	4402459128.2
4521000000.0	3955380682.4	3187722668.7	4403422422.9
4522000000.0	3956156501.2	3188225122.7	4404385713.0
4523000000.0	3956932281.1	3188727512.8	4405348998.5
4524000000.0	3957708022.2	3189229839.2	4406312279.3
4525000000.0	3958483724.5	3189732101.8	4407275555.5
4526000000.0	3959259388.0	3190234300.6	4408238827.1
4527000000.0	3960035012.6	3190736435.8	4409202094.0
4528000000.0	3960810598.4	3191238507.2	4410165356.2
4529000000.0	3961586145.5	3191740514.9	4411128613.9
4530000000.0	3962361653.7	3192242459.0	4412091866.8
4531000000.0	3963137123.0	3192744339.3	4413055115.2
4532000000.0	3963912553.6	3193246156.0	4414018358.9
4533000000.0	3964687945.4	3193747909.0	4414981597.9
4534000000.0	3965463298.4	3194249598.4	4415944832.4
4535000000.0	3966238612.6	3194751224.1	4416908062.1
4536000000.0	3967013887.9	3195252786.3	4417871287.3
4537000000.0	3967789124.5	3195754284.8	4418834507.8
4538000000.0	3968564322.3	3196255719.7	4419797723.6
4539000000.0	3969339481.3	3196757091.0	4420760934.9
4540000000.0	3970114601.6	3197258398.8	4421724141.4
4541000000.0	3970889683.0	3197759643.0	4422687343.4
4542000000.0	3971664725.7	3198260823.7	4423650540.7
4543000000.0	3972439729.6	3198761940.8	4424613733.3
4544000000.0	3973214694.7	3199262994.4	4425576921.4
4545000000.0	3973989621.1	3199763984.5	4426540104.7
4546000000.0	3974764508.6	3200264911.1	4427503283.5
4547000000.0	3975539357.5	3200765774.2	4428466457.6
4548000000.0	3976314167.5	3201266573.8	4429429627.0
4549000000.0	3977088938.8	3201767310.0	4430392791.9
4550000000.0	3977863671.4	3202267982.7	4431355952.0
4551000000.0	3978638365.2	3202768591.9	4432319107.6
4552000000.0	3979413020.3	3203269137.8	4433282258.5
4553000000.0	3980187636.6	3203769620.2	4434245404.7
4554000000.0	3980962214.1	3204270039.3	4435208546.3
4555000000.0	3981736752.9	3204770394.9	4436171683.3
4556000000.0	3982511253.0	3205270687.2	4437134815.7
4557000000.0	3983285714.4	3205770916.1	4438097943.4
4558000000.0	3984060137.0	3206271081.6	4439061066.4
4559000000.0	3984834520.9	3206771183.8	4440024184.9
4560000000.0	3985608866.1	3207271222.7	4440987298.6
4561000000.0	3986383172.5	3207771198.3	4441950407.8
4562000000.0	3987157440.2	3208271110.5	4442913512.3
4563000000.0	3987931669.2	3208770959.5	4443876612.2
4564000000.0	3988705859.5	3209270745.1	4444839707.4
4565000000.0	3989480011.1	3209770467.6	4445802798.0
4566000000.0	3990254124.0	3210270126.7	4446765883.9
4567000000.0	3991028198.2	3210769722.6	4447728965.2
4568000000.0	3991802233.6	3211269255.3	4448692041.9
4569000000.0	3992576230.4	3211768724.7	4449655113.9
4570000000.0	3993350188.5	3212268131.0	4450618181.3
4571000000.0	3994124107.9	3212767474.0	4451581244.1
4572000000.0	3994897988.5	3213266753.9	4452544302.2
4573000000.0	3995671830.5	3213765970.6	4453507355.6
4574000000.0	3996445633.9	3214265124.1	4454470404.5
4575000000.0	3997219398.5	3214764214.5	4455433448.7
4576000000.0	3997993124.4	3215263241.7	4456396488.2
4577000000.0	3998766811.7	3215762205.8	4457359523.1
4578000000.0	3999540460.3	3216261106.8	4458322553.4
4579000000.0	4000314070.3	3216759944.7	4459285579.1
4580000000.0	4001087641.5	3217258719.5	4460248600.1
4581000000.0	4001861174.1	3217757431.3	4461211616.4
4582000000.0	4002634668.1	3218256079.9	4462174628.2
4583000000.0	4003408123.4	3218754665.5	4463137635.2
4584000000.0	4004181540.0	3219253188.1	4464100637.7
4585000000.0	4004954918.0	3219751647.7	4465063635.5
4586000000.0	4005728257.3	3220250044.2	4466026628.7
4587000000.0	4006501558.0	3220748377.7	4466989617.2
4588000000.0	4007274820.0	3221246648.3	4467952601.1
4589000000.0	4008048043.4	3221744855.8	4468915580.3
4590000000.0	4008821228.1	3222243000.4	4469878555.0
4591000000.0	4009594374.2	3222741082.0	4470841524.9
4592000000.0	4010367481.7	3223239100.7	4471804490.3
4593000000.0	4011140550.6	3223737056.4	4472767451.0
4594000000.0	4011913580.8	3224234949.3	4473730407.0
4595000000.0	4012686572.4	3224732779.2	4474693358.5
4596000000.0	4013459525.4	3225230546.2	4475656305.3
4597000000.0	4014232439.8	3225728250.3	4476619247.4
4598000000.0	4015005315.5	3226225891.6	4477582184.9
4599000000.0	4015778152.6	3226723470.0	4478545117.8
4600000000.0	4016550951.2	3227220985.5	4479508046.0
4601000000.0	4017323711.1	3227718438.2	4480470969.6
4602000000.0	4018096432.4	3228215828.1	4481433888.6
4603000000.0	4018869115.1	3228713155.2	4482396802.9
4604000000.0	4019641759.2	3229210419.5	4483359712.6
4605000000.0	4020414364.8	3229707620.9	4484322617.6
4606000000.0	4021186931.7	3230204759.6	4485285518.0
4607000000.0	4021959460.0	3230701835.6	4486248413.8
4608000000.0	4022731949.8	3231198848.7	4487211304.9
4609000000.0	4023504401.0	3231695799.2	4488174191.4
4610000000.0	4024276813.5	3232192686.9	4489137073.3
4611000000.0	4025049187.6	3232689511.9	4490099950.5
4612000000.0	4025821523.0	3233186274.2	4491062823.1
4613000000.0	4026593819.9	3233682973.8	4492025691.0
4614000000.0	4027366078.2	3234179610.7	4492988554.3
4615000000.0	4028138297.9	3234676184.9	4493951413.0
4616000000.0	4028910479.1	3235172696.5	4494914267.1
4617000000.0	4029682621.7	3235669145.4	4495877116.4
4618000000.0	4030454725.7	3236165531.7	4496839961.2
4619000000.0	4031226791.2	3236661855.4	4497802801.3
4620000000.0	4031998818.1	3237158116.4	4498765636.8
4621000000.0	4032770806.5	3237654314.9	4499728467.7
4622000000.0	4033542756.4	3238150450.8	4500691293.9
4623000000.0	4034314667.7	3238646524.1	4501654115.4
4624000000.0	4035086540.5	3239142534.8	4502616932.4
4625000000.0	4035858374.7	3239638483.0	4503579744.7
4626000000.0	4036630170.4	3240134368.6	4504542552.3
4627000000.0	4037401927.5	3240630191.7	4505505355.4
4628000000.0	4038173646.2	3241125952.3	4506468153.7
4629000000.0	4038945326.3	3241621650.4	4507430947.5
4630000000.0	4039716967.9	3242117286.0	4508393736.6
4631000000.0	4040488570.9	3242612859.2	4509356521.1
4632000000.0	4041260135.5	3243108369.8	4510319300.9
4633000000.0	4042031661.5	3243603818.0	4511282076.1
4634000000.0	4042803149.0	3244099203.8	4512244846.7
4635000000.0	4043574598.0	3244594527.1	4513207612.6
4636000000.0	4044346008.6	3245089788.0	4514170373.9
4637000000.0	4045117380.6	3245584986.5	4515133130.6
4638000000.0	4045888714.1	3246080122.5	4516095882.6
4639000000.0	4046660009.1	3246575196.2	4517058630.0
4640000000.0	4047431265.6	3247070207.6	4518021372.7
4641000000.0	4048202483.6	3247565156.5	4518984110.8
4642000000.0	4048973663.1	3248060043.1	4519946844.3
4643000000.0	4049744804.2	3248554867.4	4520909573.2
4644000000.0	4050515906.8	3249049629.4	4521872297.4
4645000000.0	4051286970.8	3249544329.0	4522835016.9
4646000000.0	4052057996.5	3250038966.3	4523797731.9
4647000000.0	4052828983.6	3250533541.4	4524760442.2
4648000000.0	4053599932.3	3251028054.1	4525723147.8
4649000000.0	4054370842.5	3251522504.6	4526685848.8
4650000000.0	4055141714.2	3252016892.9	4527648545.2
4651000000.0	4055912547.5	3252511218.8	4528611237.0
4652000000.0	4056683342.3	3253005482.6	4529573924.1
4653000000.0	4057454098.6	3253499684.1	4530536606.6
4654000000.0	4058224816.5	3253993823.5	4531499284.4
4655000000.0	4058995496.0	3254487900.6	4532461957.6
4656000000.0	4059766137.0	3254981915.5	4533424626.2
4657000000.0	4060536739.5	3255475868.3	4534387290.1
4658000000.0	4061307303.6	3255969758.9	4535349949.4
4659000000.0	4062077829.3	3256463587.4	4536312604.1
4660000000.0	4062848316.6	3256957353.7	4537275254.1
4661000000.0	4063618765.4	3257451057.9	4538237899.5
4662000000.0	4064389175.7	3257944700.0	4539200540.2
4663000000.0	4065159547.7	3258438280.0	4540163176.4
4664000000.0	4065929881.2	3258931797.8	4541125807.8
4665000000.0	4066700176.3	3259425253.6	4542088434.7
4666000000.0	4067470433.0	3259918647.4	4543051056.9
4667000000.0	4068240651.3	3260411979.1	4544013674.5
4668000000.0	4069010831.1	3260905248.7	4544976287.4
4669000000.0	4069780972.5	3261398456.3	4545938895.7
4670000000.0	4070551075.6	3261891601.9	4546901499.4
4671000000.0	4071321140.2	3262384685.5	4547864098.4
4672000000.0	4072091166.4	3262877707.0	4548826692.8
4673000000.0	4072861273.2	3263370666.6	4549789282.6
4674000000.0	4073631794.7	3263863564.3	4550751867.7
4675000000.0	4074402278.0	3264356399.9	4551714448.2
4676000000.0	4075172723.1	3264849173.6	4552677024.1
4677000000.0	4075943130.0	3265341885.4	4553639595.3
4678000000.0	4076713498.7	3265834535.2	4554602161.9
4679000000.0	4077483829.2	3266327123.1	4555564723.9
4680000000.0	4078254121.5	3266819649.2	4556527281.2
4681000000.0	4079024375.7	3267312113.3	4557489833.9
4682000000.0	4079794591.6	3267804515.5	4558452381.9
4683000000.0	4080564769.4	3268296855.9	4559414925.3
4684000000.0	4081334909.0	3268789134.4	4560377464.1
4685000000.0	4082105010.5	3269281351.1	4561339998.3
4686000000.0	4082875073.7	3269773506.0	4562302527.8
4687000000.0	4083645098.8	3270265599.0	4563265052.7
4688000000.0	4084415085.8	3270757630.2	4564227572.9
4689000000.0	4085185034.6	3271249599.6	4565190088.5
4690000000.0	4085954945.2	3271741507.2	4566152599.5
4691000000.0	4086724817.6	3272233353.1	4567115105.8
4692000000.0	4087494652.0	3272725137.2	4568077607.5
4693000000.0	4088264448.1	3273216859.5	4569040104.6
4694000000.0	4089034206.1	3273708520.1	4570002597.0
4695000000.0	4089803926.0	3274200119.0	4570965084.8
4696000000.0	4090573607.8	3274691656.1	4571927568.0
4697000000.0	4091343251.4	3275183131.6	4572890046.5
4698000000.0	4092112856.8	3275674545.3	4573852520.4
4699000000.0	4092882424.2	3276165897.4	4574814989.7
4700000000.0	4093651953.4	3276657187.8	4575777454.3
4701000000.0	4094421444.4	3277148416.5	4576739914.3
4702000000.0	4095190897.4	3277639583.6	4577702369.7
4703000000.0	4095960312.2	3278130689.1	4578664820.4
4704000000.0	4096729689.0	3278621732.9	4579627266.5
4705000000.0	4097499027.6	3279112715.1	4580589708.0
4706000000.0	4098268328.0	3279603635.8	4581552144.8
4707000000.0	4099037590.4	3280094494.8	4582514577.0
4708000000.0	4099806814.7	3280585292.3	4583477004.6
4709000000.0	4100576000.9	3281076028.2	4584439427.5
4710000000.0	4101345148.9	3281566702.5	4585401845.8
4711000000.0	4102114258.9	3282057315.3	4586364259.4
4712000000.0	4102883330.8	3282547866.5	4587326668.4
4713000000.0	4103652364.6	3283038356.3	4588289072.8
4714000000.0	4104421360.3	3283528784.5	4589251472.6
4715000000.0	4105190317.9	3284019151.3	4590213867.7
4716000000.0	4105959237.4	3284509456.5	4591176258.2
4717000000.0	4106728118.8	3284999700.3	4592138644.1
4718000000.0	4107496962.2	3285489882.6	4593101025.3
4719000000.0	4108265767.5	3285980003.5	4594063401.9
4720000000.0	4109034534.7	3286470063.0	4595025773.8
4721000000.0	4109803263.9	3286960061.0	4595988141.1
4722000000.0	4110571954.9	3287449997.6	4596950503.8
4723000000.0	4111340608.0	3287939872.8	4597912861.9
4724000000.0	4112109222.9	3288429686.6	4598875215.3
4725000000.0	4112877799.8	3288919439.0	4599837564.1
4726000000.0	4113646338.7	3289409130.0	4600799908.2
4727000000.0	4114414839.4	3289898759.7	4601762247.8
4728000000.0	4115183302.2	3290388328.1	4602724582.7
4729000000.0	4115951726.9	3290877835.1	4603686912.9
4730000000.0	4116720113.5	3291367280.8	4604649238.5
4731000000.0	4117488462.1	3291856665.2	4605611559.5
4732000000.0	4118256772.7	3292345988.2	4606573875.9
4733000000.0	4119025045.2	3292835250.0	4607536187.6
4734000000.0	4119793279.7	3293324450.6	4608498494.7
4735000000.0	4120561476.2	3293813589.8	4609460797.1
4736000000.0	4121329634.6	3294302667.8	4610423095.0
4737000000.0	4122097755.1	3294791684.6	4611385388.2
4738000000.0	4122865837.5	3295280640.1	4612347676.7
4739000000.0	4123633881.8	3295769534.4	4613309960.6
4740000000.0	4124401888.2	3296258367.5	4614272239.9
4741000000.0	4125169856.5	3296747139.5	4615234514.6
4742000000.0	4125937786.9	3297235850.2	4616196784.6
4743000000.0	4126705679.2	3297724499.7	4617159050.0
4744000000.0	4127473533.5	3298213088.1	4618121310.8
4745000000.0	4128241349.9	3298701615.4	4619083566.9
4746000000.0	4129009128.2	3299190081.5	4620045818.4
4747000000.0	4129776868.5	3299678486.5	4621008065.3
4748000000.0	4130544570.9	3300166830.3	4621970307.5
4749000000.0	4131312235.2	3300655113.1	4622932545.1
4750000000.0	4132079861.6	3301143334.8	4623894778.1
4751000000.0	4132847449.9	3301631495.4	4624857006.4
4752000000.0	4133615000.3	3302119594.9	4625819230.1
4753000000.0	4134382512.7	3302607633.4	4626781449.2
4754000000.0	4135149987.2	3303095610.8	4627743663.6
4755000000.0	4135917423.6	3303583527.2	4628705873.5
4756000000.0	4136684822.1	3304071382.5	4629668078.6
4757000000.0	4137452182.6	3304559176.9	4630630279.2
4758000000.0	4138219505.2	3305046910.2	4631592475.1
4759000000.0	4138986789.8	3305534582.6	4632554666.4
4760000000.0	4139754036.4	3306022194.0	4633516853.0
4761000000.0	4140521245.1	3306509744.4	4634479035.0
4762000000.0	4141288415.8	3306997233.9	4635441212.4
4763000000.0	4142055548.6	3307484662.4	4636403385.2
4764000000.0	4142822643.4	3307972030.0	4637365553.3
4765000000.0	4143589700.3	3308459336.7	4638327716.8
4766000000.0	4144356719.2	3308946582.5	4639289875.6
4767000000.0	4145123700.2	3309433767.3	4640252029.9
4768000000.0	4145890643.3	3309920891.3	4641214179.5
4769000000.0	4146657548.4	3310407954.4	4642176324.4
4770000000.0	4147424415.6	3310894956.7	4643138464.7
4771000000.0	4148191244.9	3311381898.1	4644100600.4
4772000000.0	4148958036.2	3311868778.6	4645062731.5
4773000000.0	4149724789.6	3312355598.4	4646024858.0
4774000000.0	4150491505.1	3312842357.3	4646986979.8
4775000000.0	4151258182.7	3313329055.4	4647949096.9
4776000000.0	4152024822.4	3313815692.7	4648911209.5
4777000000.0	4152791424.1	3314302269.3	4649873317.4
4778000000.0	4153557988.0	3314788785.0	4650835420.7
4779000000.0	4154324513.9	3315275240.0	4651797519.3
4780000000.0	4155091001.9	3315761634.3	4652759613.3
4781000000.0	4155857452.1	3316247967.8	4653721702.7
4782000000.0	4156623864.3	3316734240.6	4654683787.5
4783000000.0	4157390238.7	3317220452.7	4655645867.6
4784000000.0	4158156575.1	3317706604.1	4656607943.1
4785000000.0	4158922873.7	3318192694.8	4657570014.0
4786000000.0	4159689134.3	3318678724.8	4658532080.2
4787000000.0	4160455357.1	3319164694.1	4659494141.8
4788000000.0	4161221542.0	3319650602.8	4660456198.8
4789000000.0	4161987689.1	3320136450.8	4661418251.1
4790000000.0	4162753798.2	3320622238.2	4662380298.8
4791000000.0	4163519869.5	3321107965.0	4663342341.9
4792000000.0	4164285902.9	3321593631.2	4664304380.3
4793000000.0	4165051898.5	3322079236.8	4665266414.1
4794000000.0	4165817856.2	3322564781.7	4666228443.3
4795000000.0	4166583776.0	3323050266.1	4667190467.9
4796000000.0	4167349657.9	3323535690.0	4668152487.8
4797000000.0	4168115502.1	3324021053.3	4669114503.1
4798000000.0	4168881308.3	3324506356.0	4670076513.8
4799000000.0	4169647076.7	3324991598.2	4671038519.8
4800000000.0	4170412807.3	3325476779.9	4672000521.2
4801000000.0	4171178500.0	3325961901.1	4672962518.0
4802000000.0	4171944154.9	3326446961.8	4673924510.1
4803000000.0	4172709771.9	3326931962.0	4674886497.6
4804000000.0	4173475351.1	3327416901.7	4675848480.5
4805000000.0	4174240892.5	3327901780.9	4676810458.8
4806000000.0	4175006396.0	3328386599.8	4677772432.4
4807000000.0	4175771861.7	3328871358.1	4678734401.4
4808000000.0	4176537289.6	3329356056.1	4679696365.7
4809000000.0	4177302679.7	3329840693.6	4680658325.5
4810000000.0	4178068031.9	3330325270.7	4681620280.6
4811000000.0	4178833346.3	3330809787.4	4682582231.0
4812000000.0	4179598622.9	3331294243.7	4683544176.9
4813000000.0	4180363861.7	3331778639.7	4684506118.1
4814000000.0	4181129062.7	3332262975.3	4685468054.7
4815000000.0	4181894225.9	3332747250.5	4686429986.6
4816000000.0	4182659351.3	3333231465.4	4687391913.9
4817000000.0	4183424438.9	3333715620.0	4688353836.6
4818000000.0	4184189488.7	3334199714.3	4689315754.7
4819000000.0	4184954500.7	3334683748.2	4690277668.1
4820000000.0	4185719474.9	3335167721.9	4691239576.9
4821000000.0	4186484411.3	3335651635.3	4692201481.1
4822000000.0	4187249309.9	3336135488.4	4693163380.6
4823000000.0	4188014170.8	3336619281.3	4694125275.5
4824000000.0	4188778993.9	3337103013.9	4695087165.8
4825000000.0	4189543779.2	3337586686.2	4696049051.5
4826000000.0	4190308526.7	3338070298.4	4697010932.5
4827000000.0	4191073236.4	3338553850.3	4697972808.9
4828000000.0	4191837908.4	3339037342.0	4698934680.7
4829000000.0	4192602542.6	3339520773.5	4699896547.8
4830000000.0	4193367139.1	3340004144.9	4700858410.3
4831000000.0	4194131697.8	3340487456.1	4701820268.2
4832000000.0	4194896218.7	3340970707.1	4702782121.4
4833000000.0	4195660701.9	3341453897.9	4703743970.0
4834000000.0	4196425147.3	3341937028.7	4704705814.0
4835000000.0	4197189555.0	3342420099.3	4705667653.4
4836000000.0	4197953924.9	3342903109.8	4706629488.1
4837000000.0	4198718257.1	3343386060.2	4707591318.2
4838000000.0	4199482551.5	3343868950.5	4708553143.7
4839000000.0	4200246808.2	3344351780.7	4709514964.6
4840000000.0	4201011027.2	3344834550.9	4710476780.8
4841000000.0	4201775208.4	3345317261.0	4711438592.4
4842000000.0	4202539352.0	3345799911.0	4712400399.3
4843000000.0	4203303457.7	3346282501.1	4713362201.6
4844000000.0	4204067525.8	3346765031.1	4714323999.3
4845000000.0	4204831556.1	3347247501.0	4715285792.4
4846000000.0	4205595548.8	3347729911.0	4716247580.9
4847000000.0	4206359503.7	3348212261.0	4717209364.7
4848000000.0	4207123420.9	3348694551.0	4718171143.9
4849000000.0	4207887300.3	3349176781.1	4719132918.4
4850000000.0	4208651142.1	3349658951.2	4720094688.4
4851000000.0	4209414946.2	3350141061.3	4721056453.7
4852000000.0	4210178712.6	3350623111.5	4722018214.3
4853000000.0	4210942441.2	3351105101.8	4722979970.4
4854000000.0	4211706132.2	3351587032.2	4723941721.8
4855000000.0	4212469785.5	3352068902.7	4724903468.6
4856000000.0	4213233401.1	3352550713.3	4725865210.7
4857000000.0	4213996979.0	3353032464.0	4726826948.3
4858000000.0	4214760519.2	3353514154.8	4727788681.2
4859000000.0	4215524021.8	3353995785.8	4728750409.4
4860000000.0	4216287486.6	3354477357.0	4729712133.1
4861000000.0	4217050913.8	3354958868.3	4730673852.1
4862000000.0	4217814303.3	3355440319.8	4731635566.5
4863000000.0	4218577655.1	3355921711.5	4732597276.3
4864000000.0	4219340969.3	3356403043.3	4733558981.4
4865000000.0	4220104245.8	3356884315.4	4734520681.9
4866000000.0	4220867484.7	3357365527.7	4735482377.8
4867000000.0	4221630685.8	3357846680.3	4736444069.0
4868000000.0	4222393849.4	3358327773.1	4737405755.6
4869000000.0	4223156975.2	3358808806.1	4738367437.6
4870000000.0	4223920063.4	3359289779.5	4739329115.0
4871000000.0	4224683114.0	3359770693.1	4740290787.7
4872000000.0	4225446126.9	3360251547.0	4741252455.9
4873000000.0	4226209102.2	3360732341.1	4742214119.3
4874000000.0	4226972039.9	3361213075.6	4743175778.2
4875000000.0	4227734939.9	3361693750.5	4744137432.4
4876000000.0	4228497802.2	3362174365.6	4745099082.0
4877000000.0	4229260627.0	3362654921.1	4746060727.0
4878000000.0	4230023414.1	3363135417.0	4747022367.3
4879000000.0	4230786163.6	3363615853.2	4747984003.1
4880000000.0	4231548875.4	3364096229.8	4748945634.1
4881000000.0	4232311549.7	3364576546.8	4749907260.6
4882000000.0	4233074186.3	3365056804.2	4750868882.4
4883000000.0	4233836785.3	3365537002.1	4751830499.7
4884000000.0	4234599346.7	3366017140.3	4752792112.2
4885000000.0	4235361870.5	3366497219.0	4753753720.2
4886000000.0	4236124356.6	3366977238.1	4754715323.5
4887000000.0	4236886805.2	3367457197.7	4755676922.2
4888000000.0	4237649216.2	3367937097.7	4756638516.3
4889000000.0	4238411589.6	3368416938.2	4757600105.7
4890000000.0	4239173925.3	3368896719.2	4758561690.6
4891000000.0	4239936223.5	3369376440.8	4759523270.7
4892000000.0	4240698484.1	3369856102.8	4760484846.3
4893000000.0	4241460707.1	3370335705.3	4761446417.3
4894000000.0	4242222892.5	3370815248.4	4762407983.6
4895000000.0	4242985040.4	3371294732.0	4763369545.2
4896000000.0	4243747150.7	3371774156.2	4764331102.3
4897000000.0	4244509223.3	3372253521.0	4765292654.7
4898000000.0	4245271258.4	3372732826.3	4766254202.5
4899000000.0	4246033256.0	3373212072.2	4767215745.7
4900000000.0	4246795216.0	3373691258.8	4768177284.3
4901000000.0	4247557138.4	3374170385.9	4769138818.2
4902000000.0	4248319023.2	3374649453.7	4770100347.5
4903000000.0	4249080870.5	3375128462.1	4771061872.2
4904000000.0	4249842680.2	3375607411.1	4772023392.2
4905000000.0	4250604452.4	3376086300.8	4772984907.6
4906000000.0	4251366187.0	3376565131.2	4773946418.4
4907000000.0	4252127884.1	3377043902.2	4774907924.6
4908000000.0	4252889543.6	3377522613.9	4775869426.1
4909000000.0	4253651165.6	3378001266.4	4776830923.0
4910000000.0	4254412750.1	3378479859.5	4777792415.3
4911000000.0	4255174297.0	3378958393.4	4778753903.0
4912000000.0	4255935806.4	3379436868.0	4779715386.0
4913000000.0	4256697278.2	3379915283.3	4780676864.4
4914000000.0	4257458712.5	3380393639.4	4781638338.2
4915000000.0	4258220109.3	3380871936.3	4782599807.3
4916000000.0	4258981468.6	3381350173.9	4783561271.9
4917000000.0	4259742790.3	3381828352.4	4784522731.8
4918000000.0	4260504074.5	3382306471.6	4785484187.1
4919000000.0	4261265321.3	3382784531.7	4786445637.7
4920000000.0	4262026530.5	3383262532.5	4787407083.7
4921000000.0	4262787702.1	3383740474.2	4788368525.1
4922000000.0	4263548836.3	3384218356.8	4789329961.9
4923000000.0	4264309933.0	3384696180.2	4790291394.1
4924000000.0	4265070992.2	3385173944.4	4791252821.6
4925000000.0	4265832013.9	3385651649.6	4792214244.5
4926000000.0	4266592998.0	3386129295.6	4793175662.7
4927000000.0	4267353944.7	3386606882.5	4794137076.4
4928000000.0	4268114853.9	3387084410.4	4795098485.4
4929000000.0	4268875725.6	3387561879.1	4796059889.8
4930000000.0	4269636559.9	3388039288.8	4797021289.6
4931000000.0	4270397356.6	3388516639.5	4797982684.7
4932000000.0	4271158115.9	3388993931.1	4798944075.2
4933000000.0	4271918837.7	3389471163.6	4799905461.1
4934000000.0	4272679522.0	3389948337.2	4800866842.4
4935000000.0	4273440168.8	3390425451.7	4801828219.0
4936000000.0	4274200778.2	3390902507.2	4802789591.0
4937000000.0	4274961350.1	3391379503.7	4803750958.4
4938000000.0	4275721884.6	3391856441.3	4804712321.2
4939000000.0	4276482381.6	3392333319.8	4805673679.3
4940000000.0	4277242841.1	3392810139.5	4806635032.9
4941000000.0	4278003263.2	3393286900.1	4807596381.7
4942000000.0	4278763647.8	3393763601.9	4808557726.0
4943000000.0	4279523995.0	3394240244.7	4809519065.7
4944000000.0	4280284304.7	3394716828.6	4810480400.7
4945000000.0	4281044577.0	3395193353.6	4811441731.1
4946000000.0	4281804811.9	3395669819.7	4812403056.8
4947000000.0	4282565009.3	3396146226.9	4813364378.0
4948000000.0	4283325169.3	3396622575.2	4814325694.5
4949000000.0	4284085291.8	3397098864.7	4815287006.4
4950000000.0	4284845376.9	3397575095.4	4816248313.6
4951000000.0	4285605424.6	3398051267.2	4817209616.3
4952000000.0	4286365434.9	3398527380.2	4818170914.3
4953000000.0	4287125407.7	3399003434.3	4819132207.7
4954000000.0	4287885343.2	3399479429.7	4820093496.5
4955000000.0	4288645241.2	3399955366.2	4821054780.6
4956000000.0	4289405101.8	3400431244.0	4822016060.1
4957000000.0	4290164925.0	3400907063.0	4822977335.0
4958000000.0	4290924710.7	3401382823.3	4823938605.3
4959000000.0	4291684459.1	3401858524.8	4824899870.9
4960000000.0	4292444170.1	3402334167.5	4825861131.9
4961000000.0	4293203843.7	3402809751.5	4826822388.3
4962000000.0	4293963479.8	3403285276.9	4827783640.1
4963000000.0	4294723078.6	3403760743.5	4828744887.3
4964000000.0	4295482640.0	3404236151.4	4829706129.8
4965000000.0	4296242164.0	3404711500.6	4830667367.7
4966000000.0	4297001650.7	3405186791.1	4831628600.9
4967000000.0	4297761099.9	3405662023.0	4832589829.6
4968000000.0	4298520511.8	3406137196.3	4833551053.6
4969000000.0	4299279886.2	3406612310.9	4834512273.0
4970000000.0	4300039223.4	3407087366.8	4835473487.8
4971000000.0	4300798523.1	3407562364.2	4836434698.0
4972000000.0	4301557785.5	3408037302.9	4837395903.5
4973000000.0	4302317010.5	3408512183.0	4838357104.4
4974000000.0	4303076198.1	3408987004.6	4839318300.7
4975000000.0	4303835348.4	3409461767.6	4840279492.3
4976000000.0	4304594461.3	3409936472.0	4841240679.4
4977000000.0	4305353536.9	3410411117.8	4842201861.8
4978000000.0	4306112575.1	3410885705.1	4843163039.6
4979000000.0	4306871576.0	3411360233.9	4844124212.7
4980000000.0	4307630539.5	3411834704.2	4845085381.3
4981000000.0	4308389465.7	3412309115.9	4846046545.2
4982000000.0	4309148354.5	3412783469.2	4847007704.5
4983000000.0	4309907206.0	3413257763.9	4847968859.2
4984000000.0	4310666020.2	3413732000.2	4848930009.2
4985000000.0	4311424797.0	3414206178.0	4849891154.6
4986000000.0	4312183536.5	3414680297.4	4850852295.4
4987000000.0	4312942238.7	3415154358.3	4851813431.6
4988000000.0	4313700903.5	3415628360.7	4852774563.1
4989000000.0	4314459531.1	3416102304.8	4853735690.1
4990000000.0	4315218121.3	3416576190.4	4854696812.4
4991000000.0	4315976674.2	3417050017.7	4855657930.1
4992000000.0	4316735189.7	3417523786.5	4856619043.1
4993000000.0	4317493668.0	3417997497.0	4857580151.6
4994000000.0	4318252109.0	3418471149.0	4858541255.4
4995000000.0	4319010512.6	3418944742.8	4859502354.6
4996000000.0	4319768879.0	3419418278.2	4860463449.1
4997000000.0	4320527208.0	3419891755.2	4861424539.1
4998000000.0	4321285499.8	3420365173.9	4862385624.4
4999000000.0	4322043754.3	3420838534.3	4863346705.1
5000000000.0	4322801971.4	3421311836.4	4864307781.2
5001000000.0	4323560151.3	3421785080.2	4865268852.6
5002000000.0	4324318293.9	3422258265.8	4866229919.4
5003000000.0	4325076399.2	3422731393.0	4867190981.6
5004000000.0	4325834467.3	3423204462.0	4868152039.2
5005000000.0	4326592498.0	3423677472.7	4869113092.2
5006000000.0	4327350491.5	3424150425.2	4870074140.5
5007000000.0	4328108447.7	3424623319.5	4871035184.2
5008000000.0	4328866366.6	3425096155.5	4871996223.3
5009000000.0	4329624248.3	3425568933.4	4872957257.8
5010000000.0	4330382092.7	3426041653.0	4873918287.7
5011000000.0	4331139899.9	3426514314.5	4874879312.9
5012000000.0	4331897669.8	3426986917.8	4875840333.5
5013000000.0	4332655402.4	3427459462.9	4876801349.5
5014000000.0	4333413097.8	3427931949.8	4877762360.8
5015000000.0	4334170755.9	3428404378.6	4878723367.6
5016000000.0	4334928376.8	3428876749.3	4879684369.7
5017000000.0	4335685960.4	3429349061.9	4880645367.2
5018000000.0	4336443506.8	3429821316.3	4881606360.0
5019000000.0	4337201016.0	3430293512.7	4882567348.3
5020000000.0	4337958487.9	3430765651.0	4883528331.9
5021000000.0	4338715922.6	3431237731.1	4884489310.9
5022000000.0	4339473320.0	3431709753.3	4885450285.3
5023000000.0	4340230680.3	3432181717.3	4886411255.0
5024000000.0	4340988003.3	3432653623.3	4887372220.2
5025000000.0	4341745289.1	3433125471.3	4888333180.7
5026000000.0	4342502537.6	3433597261.2	4889294136.6
5027000000.0	4343259749.0	3434068993.2	4890255087.9
5028000000.0	4344016923.1	3434540667.1	4891216034.5
5029000000.0	4344774060.0	3435012283.1	4892176976.5
5030000000.0	4345531159.7	3435483841.0	4893137913.9
5031000000.0	4346288222.2	3435955341.0	4894098846.7
5032000000.0	4347045247.5	3436426783.0	4895059774.9
5033000000.0	4347802235.6	3436898167.1	4896020698.4
5034000000.0	4348559186.5	3437369493.2	4896981617.3
5035000000.0	4349316100.2	3437840761.4	4897942531.6
5036000000.0	4350072976.7	3438311971.7	4898903441.3
5037000000.0	4350829816.0	3438783124.1	4899864346.4
5038000000.0	4351586618.2	3439254218.6	4900825246.8
5039000000.0	4352343383.1	3439725255.2	4901786142.6
5040000000.0	4353100110.9	3440196233.9	4902747033.8
5041000000.0	4353856801.5	3440667154.8	4903707920.4
5042000000.0	4354613454.9	3441138017.8	4904668802.3
5043000000.0	4355370071.1	3441608822.9	4905629679.6
5044000000.0	4356126650.2	3442079570.3	4906590552.4
5045000000.0	4356883192.1	3442550259.8	4907551420.4
5046000000.0	4357639696.9	3443020891.5	4908512283.9
5047000000.0	4358396164.4	3443491465.4	4909473142.7
5048000000.0	4359152594.8	3443961981.5	4910433997.0
5049000000.0	4359908988.1	3444432439.8	4911394846.6
5050000000.0	4360665344.2	3444902840.4	4912355691.5
5051000000.0	4361421663.2	3445373183.2	4913316531.9
5052000000.0	4362177945.0	3445843468.2	4914277367.6
5053000000.0	4362934189.6	3446313695.6	4915238198.7
5054000000.0	4363690397.1	3446783865.2	4916199025.2
5055000000.0	4364446567.5	3447253977.0	4917159847.1
5056000000.0	4365202700.7	3447724031.2	4918120664.4
5057000000.0	4365958796.8	3448194027.7	4919081477.0
5058000000.0	4366714855.8	3448663966.5	4920042285.0
5059000000.0	4367470877.7	3449133847.6	4921003088.4
5060000000.0	4368226862.4	3449603671.1	4921963887.2
5061000000.0	4368982810.0	3450073436.9	4922924681.3
5062000000.0	4369738720.4	3450543145.1	4923885470.8
5063000000.0	4370494593.8	3451012795.6	4924846255.7
5064000000.0	4371250430.0	3451482388.5	4925807036.0
5065000000.0	4372006229.1	3451951923.8	4926767811.7
5066000000.0	4372761991.1	3452421401.6	4927728582.7
5067000000.0	4373517716.0	3452890821.7	4928689349.2
5068000000.0	4374273403.8	3453360184.3	4929650111.0
5069000000.0	4375029054.5	3453829489.2	4930610868.2
5070000000.0	4375784668.1	3454298736.7	4931571620.7
5071000000.0	4376540244.6	3454767926.6	4932532368.7
5072000000.0	4377295784.0	3455237058.9	4933493112.0
5073000000.0	4378051286.3	3455706133.7	4934453850.7
5074000000.0	4378806751.6	3456175151.1	4935414584.8
5075000000.0	4379562179.7	3456644110.9	4936375314.3
5076000000.0	4380317570.8	3457113013.2	4937336039.1
5077000000.0	4381072924.7	3457581858.0	4938296759.3
5078000000.0	4381828241.6	3458050645.4	4939257474.9
5079000000.0	4382583521.5	3458519375.3	4940218185.9
5080000000.0	4383338764.2	3458988047.8	4941178892.3
5081000000.0	4384093969.9	3459456662.8	4942139594.0
5082000000.0	4384849138.5	3459925220.4	4943100291.1
5083000000.0	4385604270.1	3460393720.6	4944060983.7
5084000000.0	4386359364.5	3460862163.3	4945021671.5
5085000000.0	4387114422.0	3461330548.7	4945982354.8
5086000000.0	4387869442.3	3461798876.7	4946943033.4
5087000000.0	4388624425.7	3462267147.3	4947903707.5
5088000000.0	4389379371.9	3462735360.6	4948864376.9
5089000000.0	4390134281.2	3463203516.5	4949825041.7
5090000000.0	4390889153.3	3463671615.0	4950785701.8
5091000000.0	4391643988.5	3464139656.2	4951746357.4
5092000000.0	4392398786.6	3464607640.1	4952707008.3
5093000000.0	4393153547.6	3465075566.7	4953667654.6
5094000000.0	4393908271.7	3465543436.0	4954628296.3
5095000000.0	4394662958.7	3466011248.0	4955588933.4
5096000000.0	4395417608.6	3466479002.7	4956549565.8
5097000000.0	4396172221.6	3466946700.1	4957510193.7
5098000000.0	4396926797.5	3467414340.3	4958470816.9
5099000000.0	4397681336.4	3467881923.2	4959431435.5
5100000000.0	4398435838.3	3468349448.9	4960392049.4
5101000000.0	4399190303.1	3468816917.4	4961352658.8
5102000000.0	4399944731.0	3469284328.7	4962313263.5
5103000000.0	4400699121.8	3469751682.7	4963273863.7
5104000000.0	4401453475.7	3470218979.6	4964234459.2
5105000000.0	4402207792.5	3470686219.2	4965195050.0
5106000000.0	4402962072.3	3471153401.7	4966155636.3
5107000000.0	4403716315.2	3471620527.0	4967116217.9
5108000000.0	4404470521.0	3472087595.2	4968076795.0
5109000000.0	4405224689.9	3472554606.2	4969037367.4
5110000000.0	4405978821.7	3473021560.1	4969997935.1
5111000000.0	4406732916.6	3473488456.9	4970958498.3
5112000000.0	4407486974.5	3473955296.6	4971919056.9
5113000000.0	4408240995.4	3474422079.1	4972879610.8
5114000000.0	4408994979.3	3474888804.6	4973840160.1
5115000000.0	4409748926.2	3475355473.0	4974800704.8
5116000000.0	4410502836.2	3475822084.3	4975761244.9
5117000000.0	4411256709.2	3476288638.5	4976721780.3
5118000000.0	4412010545.2	3476755135.8	4977682311.2
5119000000.0	4412764344.3	3477221575.9	4978642837.4
5120000000.0	4413518106.4	3477687959.1	4979603359.0
5121000000.0	4414271831.5	3478154285.2	4980563876.0
5122000000.0	4415025519.7	3478620554.3	4981524388.3
5123000000.0	4415779170.9	3479086766.4	4982484896.1
5124000000.0	4416532785.2	3479552921.6	4983445399.2
5125000000.0	4417286362.5	3480019019.7	4984405897.7
5126000000.0	4418039902.9	3480485060.9	4985366391.6
5127000000.0	4418793406.3	3480951045.2	4986326880.9
5128000000.0	4419546872.8	3481416972.5	4987287365.5
5129000000.0	4420300302.4	3481882842.8	4988247845.5
5130000000.0	4421053695.0	3482348656.3	4989208321.0
5131000000.0	4421807050.7	3482814412.8	4990168791.8
5132000000.0	4422560369.4	3483280112.4	4991129257.9
5133000000.0	4423313651.3	3483745755.2	4992089719.5
5134000000.0	4424066896.2	3484211341.0	4993050176.5
5135000000.0	4424820104.1	3484676870.0	4994010628.8
5136000000.0	4425573275.2	3485142342.1	4994971076.5
5137000000.0	4426326409.3	3485607757.4	4995931519.6
5138000000.0	4427079506.6	3486073115.8	4996891958.1
5139000000.0	4427832566.9	3486538417.5	4997852391.9
5140000000.0	4428585590.3	3487003662.2	4998812821.2
5141000000.0	4429338576.8	3487468850.2	4999773245.8
5142000000.0	4430091526.4	3487933981.4	5000733665.8
5143000000.0	4430844439.1	3488399055.8	5001694081.2
5144000000.0	4431597314.9	3488864073.4	5002654491.9
5145000000.0	4432350153.8	3489329034.3	5003614898.1
5146000000.0	4433102955.8	3489793938.4	5004575299.6
5147000000.0	4433855720.9	3490258785.7	5005535696.5
5148000000.0	4434608449.2	3490723576.3	5006496088.8
5149000000.0	4435361140.5	3491188310.2	5007456476.5
5150000000.0	4436113795.0	3491652987.4	5008416859.6
5151000000.0	4436866412.6	3492117607.9	5009377238.0
5152000000.0	4437618993.3	3492582171.6	5010337611.9
5153000000.0	4438371537.1	3493046678.7	5011297981.1
5154000000.0	4439124044.1	3493511129.1	5012258345.7
5155000000.0	4439876514.2	3493975522.9	5013218705.6
5156000000.0	4440628947.4	3494439860.0	5014179061.0
5157000000.0	4441381343.8	3494904140.5	5015139411.8
5158000000.0	4442133703.3	3495368364.3	5016099757.9
5159000000.0	4442886026.0	3495832531.5	5017060099.4
5160000000.0	4443638311.8	3496296642.1	5018020436.3
5161000000.0	4444390560.7	3496760696.1	5018980768.6
5162000000.0	4445142772.8	3497224693.6	5019941096.2
5163000000.0	4445894948.1	3497688634.4	5020901419.3
5164000000.0	4446647086.5	3498152518.7	5021861737.7
5165000000.0	4447399188.0	3498616346.4	5022822051.5
5166000000.0	4448151252.8	3499080117.5	5023782360.7
5167000000.0	4448903280.7	3499543832.1	5024742665.3
5168000000.0	4449655271.7	3500007490.2	5025702965.2
5169000000.0	4450407225.9	3500471091.8	5026663260.6
5170000000.0	4451159143.3	3500934636.9	5027623551.3
5171000000.0	4451911023.9	3501398125.5	5028583837.4
5172000000.0	4452662867.7	3501861557.6	5029544118.9
5173000000.0	4453414674.6	3502324933.2	5030504395.8
5174000000.0	4454166444.7	3502788252.3	5031464668.1
5175000000.0	4454918178.0	3503251515.0	5032424935.7
5176000000.0	4455669874.5	3503714721.3	5033385198.7
5177000000.0	4456421534.2	3504177871.1	5034345457.1
5178000000.0	4457173157.1	3504640964.5	5035305710.9
5179000000.0	4457924743.2	3505104001.4	5036265960.1
5180000000.0	4458676292.4	3505566982.0	5037226204.7
5181000000.0	4459427804.9	3506029906.2	5038186444.6
5182000000.0	4460179280.6	3506492774.0	5039146680.0
5183000000.0	4460930719.5	3506955585.4	5040106910.7
5184000000.0	4461682121.6	3507418340.5	5041067136.8
5185000000.0	4462433486.9	3507881039.2	5042027358.3
5186000000.0	4463184815.4	3508343681.6	5042987575.1
5187000000.0	4463936107.2	3508806267.6	5043947787.4
5188000000.0	4464687362.2	3509268797.3	5044907995.0
5189000000.0	4465438580.4	3509731270.8	5045868198.0
5190000000.0	4466189761.8	3510193687.9	5046828396.4
5191000000.0	4466940906.4	3510656048.7	5047788590.2
5192000000.0	4467692014.3	3511118353.2	5048748779.4
5193000000.0	4468443085.4	3511580601.5	5049708964.0
5194000000.0	4469194119.8	3512042793.5	5050669143.9
5195000000.0	4469945117.4	3512504929.3	5051629319.2
5196000000.0	4470696078.2	3512967008.8	5052589489.9
5197000000.0	4471447002.3	3513429032.1	5053549656.0
5198000000.0	4472197889.6	3513890999.2	5054509817.5
5199000000.0	4472948740.2	3514352910.1	5055469974.4
5200000000.0	4473699554.0	3514814764.7	5056430126.6
5201000000.0	4474450331.1	3515276563.2	5057390274.3
5202000000.0	4475201071.4	3515738305.6	5058350417.3
5203000000.0	4475951775.1	3516199991.7	5059310555.7
5204000000.0	4476702441.9	3516661621.7	5060270689.5
5205000000.0	4477453072.1	3517123195.5	5061230818.6
5206000000.0	4478203665.5	3517584713.3	5062190943.2
5207000000.0	4478954222.2	3518046174.8	5063151063.1
5208000000.0	4479704742.1	3518507580.3	5064111178.5
5209000000.0	4480455225.4	3518968929.7	5065071289.2
5210000000.0	4481205671.9	3519430223.0	5066031395.3
5211000000.0	4481956081.7	3519891460.2	5066991496.8
5212000000.0	4482706454.8	3520352641.3	5067951593.6
5213000000.0	4483456791.1	3520813766.3	5068911685.9
5214000000.0	4484207090.8	3521274835.3	5069871773.5
5215000000.0	4484957353.7	3521735848.3	5070831856.5
5216000000.0	4485707580.0	3522196805.2	5071791934.9
5217000000.0	4486457769.6	3522657706.1	5072752008.7
5218000000.0	4487207922.4	3523118551.0	5073712077.9
5219000000.0	4487958038.6	3523579339.9	5074672142.5
5220000000.0	4488708118.0	3524040072.8	5075632202.4
5221000000.0	4489458160.8	3524500749.7	5076592257.8
5222000000.0	4490208166.9	3524961370.6	5077552308.5
5223000000.0	4490958136.3	3525421935.6	5078512354.6
5224000000.0	4491708069.0	3525882444.6	5079472396.1
5225000000.0	4492457965.1	3526342897.7	5080432433.0
5226000000.0	4493207824.5	3526803294.9	5081392465.2
5227000000.0	4493957647.2	3527263636.1	5082352492.9
5228000000.0	4494707433.2	3527723921.5	5083312515.9
5229000000.0	4495457182.5	3528184150.9	5084272534.3
5230000000.0	4496206895.2	3528644324.4	5085232548.1
5231000000.0	4496956571.2	3529104442.1	5086192557.3
5232000000.0	4497706210.6	3529564503.9	5087152561.9
5233000000.0	4498455813.3	3530024509.8	5088112561.9
5234000000.0	4499205379.4	3530484459.9	5089072557.2
5235000000.0	4499954908.8	3530944354.1	5090032547.9
5236000000.0	4500704401.5	3531404192.6	5090992534.1
5237000000.0	4501453857.6	3531863975.2	5091952515.6
5238000000.0	4502203277.1	3532323702.0	5092912492.4
5239000000.0	4502952659.9	3532783372.9	5093872464.7
5240000000.0	4503702006.1	3533242988.1	5094832432.4
5241000000.0	4504451315.6	3533702547.6	5095792395.4
5242000000.0	4505200588.6	3534162051.2	5096752353.9
5243000000.0	4505949824.8	3534621499.1	5097712307.7
5244000000.0	4506699024.5	3535080891.3	5098672256.9
5245000000.0	4507448187.5	3535540227.7	5099632201.5
5246000000.0	4508197313.9	3535999508.4	5100592141.5
5247000000.0	4508946403.7	3536458733.4	5101552076.8
5248000000.0	4509695456.9	3536917902.7	5102512007.6
5249000000.0	4510444473.4	3537377016.2	5103471933.7
5250000000.0	4511193453.4	3537836074.1	5104431855.3
5251000000.0	4511942396.7	3538295076.3	5105391772.2
5252000000.0	4512691303.4	3538754022.9	5106351684.5
5253000000.0	4513440173.5	3539212913.8	5107311592.2
5254000000.0	4514189007.1	3539671749.0	5108271495.2
5255000000.0	4514937804.0	3540130528.6	5109231393.7
5256000000.0	4515686564.3	3540589252.6	5110191287.5
5257000000.0	4516435288.0	3541047921.0	5111151176.8
5258000000.0	4517183975.2	3541506533.8	5112111061.4
5259000000.0	4517932625.7	3541965090.9	5113070941.4
5260000000.0	4518681239.7	3542423592.5	5114030816.8
5261000000.0	4519429817.1	3542882038.5	5114990687.6
5262000000.0	4520178357.9	3543340429.0	5115950553.7
5263000000.0	4520926862.1	3543798763.9	5116910415.3
5264000000.0	4521675329.8	3544257043.2	5117870272.2
5265000000.0	4522423760.9	3544715267.1	5118830124.6
5266000000.0	4523172155.4	3545173435.3	5119789972.3
5267000000.0	4523920513.3	3545631548.1	5120749815.4
5268000000.0	4524668834.7	3546089605.4	5121709653.9
5269000000.0	4525417119.5	3546547607.2	5122669487.8
5270000000.0	4526165367.8	3547005553.5	5123629317.0
5271000000.0	4526913579.5	3547463444.3	5124589141.7
5272000000.0	4527661754.7	3547921279.7	5125548961.7
5273000000.0	4528409893.3	3548379059.6	5126508777.1
5274000000.0	4529157995.3	3548836784.1	5127468587.9
5275000000.0	4529906060.9	3549294453.1	5128428394.1
5276000000.0	4530654089.8	3549752066.7	5129388195.7
5277000000.0	4531402082.3	3550209624.9	5130347992.7
5278000000.0	4532150038.2	3550667127.7	5131307785.1
5279000000.0	4532897957.5	3551124575.1	5132267572.8
5280000000.0	4533645840.3	3551581967.1	5133227356.0
5281000000.0	4534393686.6	3552039303.8	5134187134.5
5282000000.0	4535141496.4	3552496585.1	5135146908.4
5283000000.0	4535889269.7	3552953811.0	5136106677.7
5284000000.0	4536637006.4	3553410981.6	5137066442.4
5285000000.0	4537384706.6	3553868096.9	5138026202.5
5286000000.0	4538132370.3	3554325156.8	5138985957.9
5287000000.0	4538879997.5	3554782161.5	5139945708.8
5288000000.0	4539627588.2	3555239110.8	5140905455.0
5289000000.0	4540375142.3	3555696004.8	5141865196.7
5290000000.0	4541122660.0	3556152843.6	5142824933.7
5291000000.0	4541870141.2	3556609627.1	5143784666.1
5292000000.0	4542617585.8	3557066355.3	5144744393.9
5293000000.0	4543364994.0	3557523028.3	5145704117.0
5294000000.0	4544112365.6	3557979646.0	5146663835.6
5295000000.0	4544859700.8	3558436208.5	5147623549.6
5296000000.0	4545606999.5	3558892715.8	5148583258.9
5297000000.0	4546354261.7	3559349167.8	5149542963.6
5298000000.0	4547101487.4	3559805564.7	5150502663.8
5299000000.0	4547848676.7	3560261906.4	5151462359.3
5300000000.0	4548595829.4	3560718192.9	5152422050.2
5301000000.0	4549342945.7	3561174424.2	5153381736.5
5302000000.0	4550090025.5	3561630600.4	5154341418.1
5303000000.0	4550837068.9	3562086721.4	5155301095.2
5304000000.0	4551584075.7	3562542787.2	5156260767.7
5305000000.0	4552331046.2	3562998798.0	5157220435.5
5306000000.0	4553077980.1	3563454753.6	5158180098.7
5307000000.0	4553824877.6	3563910654.1	5159139757.3
5308000000.0	4554571738.6	3564366499.5	5160099411.3
5309000000.0	4555318563.2	3564822289.8	5161059060.7
5310000000.0	4556065351.3	3565278025.1	5162018705.5
5311000000.0	4556812103.0	3565733705.2	5162978345.7
5312000000.0	4557558818.2	3566189330.3	5163937981.3
5313000000.0	4558305497.0	3566644900.4	5164897612.2
5314000000.0	4559052139.4	3567100415.4	5165857238.5
5315000000.0	4559798745.3	3567555875.4	5166816860.3
5316000000.0	4560545314.8	3568011280.3	5167776477.4
5317000000.0	4561291847.8	3568466630.3	5168736089.9
5318000000.0	4562038344.4	3568921925.2	5169695697.8
5319000000.0	4562784804.6	3569377165.2	5170655301.1
5320000000.0	4563531228.4	3569832350.2	5171614899.7
5321000000.0	4564277615.7	3570287480.2	5172574493.8
5322000000.0	4565023966.6	3570742555.2	5173534083.3
5323000000.0	4565770281.1	3571197575.3	5174493668.1
5324000000.0	4566516559.2	3571652540.5	5175453248.3
5325000000.0	4567262800.9	3572107450.7	5176412823.9
5326000000.0	4568009006.2	3572562306.0	5177372395.0
5327000000.0	4568755175.0	3573017106.4	5178331961.3
5328000000.0	4569501307.5	3573471851.9	5179291523.1
5329000000.0	4570247403.5	3573926542.5	5180251080.3
5330000000.0	4570993463.2	3574381178.2	5181210632.9
5331000000.0	4571739486.5	3574835759.1	5182170180.8
5332000000.0	4572485473.3	3575290285.0	5183129724.2
5333000000.0	4573231423.8	3575744756.2	5184089262.9
5334000000.0	4573977337.9	3576199172.5	5185048797.0
5335000000.0	4574723215.6	3576653533.9	5186008326.5
5336000000.0	4575469057.0	3577107840.6	5186967851.4
5337000000.0	4576214861.9	3577562092.4	5187927371.7
5338000000.0	4576960630.5	3578016289.4	5188886887.4
5339000000.0	4577706362.7	3578470431.7	5189846398.5
5340000000.0	4578452058.5	3578924519.1	5190805905.0
5341000000.0	4579197718.0	3579378551.8	5191765406.8
5342000000.0	4579943341.0	3579832529.7	5192724904.1
5343000000.0	4580688927.8	3580286452.9	5193684396.7
5344000000.0	4581434478.1	3580740321.3	5194643884.7
5345000000.0	4582179992.1	3581194135.0	5195603368.1
5346000000.0	4582925469.8	3581647894.0	5196562846.9
5347000000.0	4583670911.1	3582101598.3	5197522321.1
5348000000.0	4584416316.1	3582555247.8	5198481790.7
5349000000.0	4585161684.7	3583008842.7	5199441255.7
5350000000.0	4585907016.9	3583462382.9	5200400716.0
5351000000.0	4586652312.8	3583915868.4	5201360171.8
5352000000.0	4587397572.4	3584369299.3	5202319622.9
5353000000.0	4588142795.7	3584822675.5	5203279069.5
5354000000.0	4588887982.6	3585275997.0	5204238511.4
5355000000.0	4589633133.1	3585729263.9	5205197948.7
5356000000.0	4590378247.4	3586182476.2	5206157381.4
5357000000.0	4591123325.3	3586635633.9	5207116809.5
5358000000.0	4591868366.9	3587088737.0	5208076233.0
5359000000.0	4592613372.2	3587541785.5	5209035651.9
5360000000.0	4593358341.1	3587994779.4	5209995066.1
5361000000.0	4594103273.8	3588447718.7	5210954475.8
5362000000.0	4594848170.1	3588900603.5	5211913880.8
5363000000.0	4595593030.1	3589353433.7	5212873281.3
5364000000.0	4596337853.8	3589806209.4	5213832677.1
5365000000.0	4597082641.2	3590258930.6	5214792068.3
5366000000.0	4597827392.3	3590711597.2	5215751454.9
5367000000.0	4598572107.1	3591164209.3	5216710836.9
5368000000.0	4599316785.6	3591616766.9	5217670214.3
5369000000.0	4600061427.9	3592069270.0	5218629587.1
5370000000.0	4600806033.8	3592521718.6	5219588955.3
5371000000.0	4601550603.4	3592974112.7	5220548318.8
5372000000.0	4602295136.8	3593426452.4	5221507677.8
5373000000.0	4603039633.8	3593878737.7	5222467032.2
5374000000.0	4603784094.6	3594330968.4	5223426381.9
5375000000.0	4604528519.1	3594783144.8	5224385727.0
5376000000.0	4605272907.3	3595235266.7	5225345067.5
5377000000.0	4606017259.3	3595687334.2	5226304403.5
5378000000.0	4606761575.0	3596139347.3	5227263734.8
5379000000.0	4607505854.4	3596591306.0	5228223061.5
5380000000.0	4608250097.5	3597043210.3	5229182383.5
5381000000.0	4608994304.4	3597495060.3	5230141701.0
5382000000.0	4609738475.0	3597946855.8	5231101013.9
5383000000.0	4610482609.4	3598398597.1	5232060322.1
5384000000.0	4611226707.5	3598850283.9	5233019625.8
5385000000.0	4611970769.4	3599301916.5	5233978924.8
5386000000.0	4612714795.0	3599753494.7	5234938219.3
5387000000.0	4613458784.4	3600205018.6	5235897509.1
5388000000.0	4614202737.5	3600656488.2	5236856794.3
5389000000.0	4614946654.4	3601107903.5	5237816074.9
5390000000.0	4615690535.0	3601559264.5	5238775350.9
5391000000.0	4616434379.4	3602010571.2	5239734622.3
5392000000.0	4617178187.6	3602461823.6	5240693889.1
5393000000.0	4617921959.6	3602913021.8	5241653151.3
5394000000.0	4618665695.3	3603364165.8	5242612408.9
5395000000.0	4619409394.8	3603815255.5	5243571661.8
5396000000.0	4620153058.0	3604266291.0	5244530910.2
5397000000.0	4620896685.1	3604717272.2	5245490153.9
5398000000.0	4621640275.9	3605168199.3	5246449393.0
5399000000.0	4622383830.5	3605619072.1	5247408627.6
5400000000.0	4623127348.9	3606069890.8	5248367857.5
5401000000.0	4623870831.1	3606520655.3	5249327082.8
5402000000.0	4624614277.1	3606971365.6	5250286303.5
5403000000.0	4625357686.9	3607422021.8	5251245519.6
5404000000.0	4626101060.5	3607872623.8	5252204731.1
5405000000.0	4626844397.8	3608323171.6	5253163938.0
5406000000.0	4627587699.0	3608773665.4	5254123140.3
5407000000.0	4628330964.0	3609224105.0	5255082337.9
5408000000.0	4629074192.8	3609674490.5	5256041531.0
5409000000.0	4629817385.4	3610124821.9	5257000719.4
5410000000.0	4630560541.9	3610575099.2	5257959903.3
5411000000.0	4631303662.1	3611025322.4	5258919082.5
5412000000.0	4632046746.2	3611475491.5	5259878257.1
5413000000.0	4632789794.1	3611925606.6	5260837427.2
5414000000.0	4633532805.8	3612375667.7	5261796592.6
5415000000.0	4634275781.3	3612825674.7	5262755753.4
5416000000.0	4635018720.7	3613275627.6	5263714909.6
5417000000.0	4635761623.9	3613725526.6	5264674061.2
5418000000.0	4636504490.9	3614175371.5	5265633208.2
5419000000.0	4637247321.8	3614625162.4	5266592350.5
5420000000.0	4637990116.5	3615074899.4	5267551488.3
5421000000.0	4638732875.0	3615524582.3	5268510621.5
5422000000.0	4639475597.5	3615974211.3	5269469750.0
5423000000.0	4640218283.7	3616423786.3	5270428874.0
5424000000.0	4640960933.8	3616873307.3	5271387993.3
5425000000.0	4641703547.8	3617322774.4	5272347108.0
5426000000.0	4642446125.6	3617772187.6	5273306218.2
5427000000.0	4643188667.3	3618221546.8	5274265323.7
5428000000.0	4643931172.8	3618670852.2	5275224424.6
5429000000.0	4644673642.2	3619120103.6	5276183520.9
5430000000.0	4645416075.4	3619569301.1	5277142612.6
5431000000.0	4646158472.6	3620018444.7	5278101699.7
5432000000.0	4646900833.6	3620467534.5	5279060782.2
5433000000.0	4647643158.5	3620916570.4	5280019860.1
5434000000.0	4648385447.2	3621365552.4	5280978933.4
5435000000.0	4649127699.9	3621814480.6	5281938002.0
5436000000.0	4649869916.4	3622263355.0	5282897066.1
5437000000.0	4650612096.8	3622712175.5	5283856125.5
5438000000.0	4651354241.1	3623160942.2	5284815180.4
5439000000.0	4652096349.3	3623609655.1	5285774230.6
5440000000.0	4652838421.4	3624058314.2	5286733276.3
5441000000.0	4653580457.4	3624506919.5	5287692317.3
5442000000.0	4654322457.2	3624955471.0	5288651353.7
5443000000.0	4655064421.0	3625403968.7	5289610385.5
5444000000.0	4655806348.7	3625852412.7	5290569412.7
5445000000.0	4656548240.3	3626300803.0	5291528435.3
5446000000.0	4657290095.8	3626749139.5	5292487453.3
5447000000.0	4658031915.2	3627197422.2	5293446466.7
5448000000.0	4658773698.5	3627645651.3	5294405475.5
5449000000.0	4659515445.8	3628093826.6	5295364479.7
5450000000.0	4660257156.9	3628541948.2	5296323479.3
5451000000.0	4660998832.0	3628990016.2	5297282474.2
5452000000.0	4661740471.0	3629438030.4	5298241464.6
5453000000.0	4662482073.9	3629885991.0	5299200450.3
5454000000.0	4663223640.8	3630333897.9	5300159431.5
5455000000.0	4663965171.6	3630781751.2	5301118408.0
5456000000.0	4664706666.3	3631229550.8	5302077380.0
5457000000.0	4665448125.0	3631677296.8	5303036347.3
5458000000.0	4666189547.6	3632124989.1	5303995310.0
5459000000.0	4666930934.2	3632572627.9	5304954268.1
5460000000.0	4667672284.7	3633020213.0	5305913221.6
5461000000.0	4668413599.1	3633467744.5	5306872170.6
5462000000.0	4669154877.5	3633915222.5	5307831114.9
5463000000.0	4669896119.9	3634362646.8	5308790054.6
5464000000.0	4670637326.2	3634810017.7	5309748989.6
5465000000.0	4671378496.5	3635257334.9	5310707920.1
5466000000.0	4672119630.7	3635704598.6	5311666846.0
5467000000.0	4672860728.9	3636151808.8	5312625767.3
5468000000.0	4673601791.1	3636598965.4	5313584684.0
5469000000.0	4674342817.2	3637046068.5	5314543596.0
5470000000.0	4675083807.3	3637493118.1	5315502503.5
5471000000.0	4675824761.4	3637940114.2	5316461406.3
5472000000.0	4676565679.5	3638387056.8	5317420304.6
5473000000.0	4677306561.5	3638833946.0	5318379198.2
5474000000.0	4678047407.5	3639280781.6	5319338087.3
5475000000.0	4678788217.5	3639727563.8	5320296971.7
5476000000.0	4679528991.5	3640174292.6	5321255851.5
5477000000.0	4680269729.5	3640620967.9	5322214726.7
5478000000.0	4681010431.5	3641067589.8	5323173597.4
5479000000.0	4681751097.5	3641514158.2	5324132463.4
5480000000.0	4682491727.5	3641960673.3	5325091324.8
5481000000.0	4683232321.5	3642407134.9	5326050181.6
5482000000.0	4683972879.4	3642853543.1	5327009033.8
5483000000.0	4684713401.4	3643299898.0	5327967881.4
5484000000.0	4685453887.4	3643746199.5	5328926724.4
5485000000.0	4686194337.4	3644192447.6	5329885562.7
5486000000.0	4686934751.5	3644638642.3	5330844396.5
5487000000.0	4687675129.5	3645084783.8	5331803225.7
5488000000.0	4688415471.6	3645530871.8	5332762050.3
5489000000.0	4689155777.6	3645976906.6	5333720870.2
5490000000.0	4689896047.7	3646422888.0	5334679685.6
5491000000.0	4690636281.9	3646868816.1	5335638496.4
5492000000.0	4691376480.0	3647314691.0	5336597302.5
5493000000.0	4692116642.2	3647760512.5	5337556104.1
5494000000.0	4692856768.5	3648206280.8	5338514901.0
5495000000.0	4693596858.7	3648651995.8	5339473693.3
5496000000.0	4694336913.1	3649097657.5	5340432481.1
5497000000.0	4695076931.4	3649543266.0	5341391264.2
5498000000.0	4695816913.8	3649988821.2	5342350042.7
5499000000.0	4696556860.3	3650434323.2	5343308816.6
5500000000.0	4697296770.8	3650879772.0	5344267586.0
5501000000.0	4698036645.3	3651325167.6	5345226350.7
5502000000.0	4698776483.9	3651770509.9	5346185110.8
5503000000.0	4699516286.6	3652215799.1	5347143866.3
5504000000.0	4700256053.3	3652661035.1	5348102617.2
5505000000.0	4700995784.1	3653106217.9	5349061363.5
5506000000.0	4701735479.0	3653551347.6	5350020105.2
5507000000.0	4702475137.9	3653996424.1	5350978842.3
5508000000.0	4703214760.9	3654441447.4	5351937574.7
5509000000.0	4703954348.0	3654886417.7	5352896302.6
5510000000.0	4704693899.1	3655331334.8	5353855025.9
5511000000.0	4705433414.4	3655776198.7	5354813744.6
5512000000.0	4706172893.7	3656221009.6	5355772458.6
5513000000.0	4706912337.1	3656665767.4	5356731168.1
5514000000.0	4707651744.6	3657110472.1	5357689873.0
5515000000.0	4708391116.2	3657555123.7	5358648573.2
5516000000.0	4709130451.8	3657999722.2	5359607268.9
5517000000.0	4709869751.6	3658444267.7	5360565959.9
5518000000.0	4710609015.5	3658888760.1	5361524646.4
5519000000.0	4711348243.4	3659333199.5	5362483328.2
5520000000.0	4712087435.5	3659777585.9	5363442005.5
5521000000.0	4712826591.7	3660221919.2	5364400678.1
5522000000.0	4713565712.0	3660666199.5	5365359346.1
5523000000.0	4714304796.4	3661110426.8	5366318009.6
5524000000.0	4715043844.9	3661554601.2	5367276668.4
5525000000.0	4715782857.5	3661998722.5	5368235322.6
5526000000.0	4716521834.3	3662442790.9	5369193972.2
5527000000.0	4717260775.1	3662886806.3	5370152617.3
5528000000.0	4717999680.1	3663330768.8	5371111257.7
5529000000.0	4718738549.2	3663774678.3	5372069893.5
5530000000.0	4719477382.5	3664218534.8	5373028524.7
5531000000.0	4720216179.9	3664662338.5	5373987151.3
5532000000.0	4720954941.4	3665106089.2	5374945773.3
5533000000.0	4721693667.0	3665549787.0	5375904390.7
5534000000.0	4722432356.8	3665993432.0	5376863003.5
5535000000.0	4723171010.8	3666437024.0	5377821611.7
5536000000.0	4723909628.9	3666880563.1	5378780215.3
5537000000.0	4724648211.1	3667324049.4	5379738814.3
5538000000.0	4725386757.5	3667767482.9	5380697408.7
5539000000.0	4726125268.0	3668210863.4	5381655998.4
5540000000.0	4726863742.7	3668654191.2	5382614583.6
5541000000.0	4727602181.5	3669097466.1	5383573164.2
5542000000.0	4728340584.5	3669540688.2	5384531740.2
5543000000.0	4729078951.7	3669983857.4	5385490311.5
5544000000.0	4729817283.1	3670426973.9	5386448878.3
5545000000.0	4730555578.6	3670870037.6	5387407440.5
5546000000.0	4731293838.2	3671313048.5	5388365998.0
5547000000.0	4732032062.1	3671756006.6	5389324551.0
5548000000.0	4732770250.1	3672198911.9	5390283099.4
5549000000.0	4733508402.3	3672641764.5	5391241643.1
5550000000.0	4734246518.7	3673084564.4	5392200182.3
5551000000.0	4734984599.3	3673527311.5	5393158716.8
5552000000.0	4735722644.0	3673970005.9	5394117246.8
5553000000.0	4736460653.0	3674412647.5	5395075772.1
5554000000.0	4737198626.1	3674855236.5	5396034292.9
5555000000.0	4737936563.5	3675297772.7	5396992809.0
5556000000.0	4738674465.0	3675740256.3	5397951320.6
5557000000.0	4739412330.7	3676182687.2	5398909827.5
5558000000.0	4740150160.7	3676625065.4	5399868329.8
5559000000.0	4740887954.8	3677067391.0	5400826827.6
5560000000.0	4741625713.2	3677509663.9	5401785320.7
5561000000.0	4742363435.7	3677951884.1	5402743809.2
5562000000.0	4743101122.5	3678394051.7	5403702293.2
5563000000.0	4743838773.5	3678836166.7	5404660772.5
5564000000.0	4744576388.7	3679278229.1	5405619247.2
5565000000.0	4745313968.1	3679720238.9	5406577717.3
5566000000.0	4746051511.8	3680162196.1	5407536182.9
5567000000.0	4746789019.7	3680604100.7	5408494643.8
5568000000.0	4747526491.8	3681045952.7	5409453100.1
5569000000.0	4748263928.1	3681487752.2	5410411551.8
5570000000.0	4749001328.7	3681929499.1	5411369998.9
5571000000.0	4749738693.5	3682371193.4	5412328441.5
5572000000.0	4750476022.5	3682812835.3	5413286879.4
5573000000.0	4751213315.8	3683254424.5	5414245312.7
5574000000.0	4751950573.4	3683695961.3	5415203741.4
5575000000.0	4752687795.1	3684137445.6	5416162165.5
5576000000.0	4753424981.2	3684578877.3	5417120585.0
5577000000.0	4754162131.4	3685020256.6	5418078999.9
5578000000.0	4754899246.0	3685461583.3	5419037410.2
5579000000.0	4755636324.8	3685902857.6	5419995815.9
5580000000.0	4756373367.8	3686344079.5	5420954217.0
5581000000.0	4757110375.1	3686785248.9	5421912613.5
5582000000.0	4757847346.7	3687226365.8	5422871005.4
5583000000.0	4758584282.6	3687667430.3	5423829392.7
5584000000.0	4759321182.7	3688108442.4	5424787775.4
5585000000.0	4760058047.1	3688549402.0	5425746153.5
5586000000.0	4760794875.7	3688990309.3	5426704527.0
5587000000.0	4761531668.7	3689431164.1	5427662895.9
5588000000.0	4762268425.9	3689871966.6	5428621260.2
5589000000.0	4763005147.4	3690312716.7	5429579619.9
5590000000.0	4763741833.2	3690753414.4	5430537975.0
5591000000.0	4764478483.3	3691194059.8	5431496325.5
5592000000.0	4765215097.7	3691634652.8	5432454671.4
5593000000.0	4765951676.3	3692075193.4	5433413012.7
5594000000.0	4766688219.3	3692515681.7	5434371349.3
5595000000.0	4767424726.6	3692956117.8	5435329681.4
5596000000.0	4768161198.1	3693396501.4	5436288008.9
5597000000.0	4768897634.0	3693836832.8	5437246331.8
5598000000.0	4769634034.2	3694277111.9	5438204650.1
5599000000.0	4770370398.7	3694717338.7	5439162963.8
5600000000.0	4771106727.5	3695157513.2	5440121272.9
5601000000.0	4771843020.6	3695597635.5	5441079577.4
5602000000.0	4772579278.0	3696037705.5	5442037877.2
5603000000.0	4773315499.7	3696477723.3	5442996172.5
5604000000.0	4774051685.8	3696917688.8	5443954463.2
5605000000.0	4774787836.2	3697357602.1	5444912749.3
5606000000.0	4775523950.9	3697797463.1	5445871030.8
5607000000.0	4776260030.0	3698237272.0	5446829307.7
5608000000.0	4776996073.4	3698677028.6	5447787579.9
5609000000.0	4777732081.1	3699116733.1	5448745847.6
5610000000.0	4778468053.1	3699556385.3	5449704110.7
5611000000.0	4779203989.5	3699995985.4	5450662369.2
5612000000.0	4779939890.3	3700435533.4	5451620623.1
5613000000.0	4780675755.4	3700875029.2	5452578872.4
5614000000.0	4781411584.8	3701314472.8	5453537117.0
5615000000.0	4782147378.6	3701753864.3	5454495357.1
5616000000.0	4782883136.7	3702193203.6	5455453592.6
5617000000.0	4783618859.2	3702632490.9	5456411823.5
5618000000.0	4784354546.1	3703071726.0	5457370049.8
5619000000.0	4785090197.3	3703510909.1	5458328271.5
5620000000.0	4785825812.8	3703950040.0	5459286488.5
5621000000.0	4786561392.8	3704389118.9	5460244701.0
5622000000.0	4787296937.1	3704828145.7	5461202908.9
5623000000.0	4788032445.8	3705267120.4	5462161112.2
5624000000.0	4788767918.8	3705706043.1	5463119310.9
5625000000.0	4789503356.3	3706144913.7	5464077505.0
5626000000.0	4790238758.1	3706583732.3	5465035694.5
5627000000.0	4790974124.3	3707022498.9	5465993879.3
5628000000.0	4791709454.9	3707461213.5	5466952059.6
5629000000.0	4792444749.8	3707899876.0	5467910235.3
5630000000.0	4793180009.2	3708338486.6	5468868406.4
5631000000.0	4793915232.9	3708777045.1	5469826572.9
5632000000.0	4794650421.1	3709215551.7	5470784734.8
5633000000.0	4795385573.6	3709654006.3	5471742892.1
5634000000.0	4796120690.6	3710092409.0	5472701044.8
5635000000.0	4796855771.9	3710530759.7	5473659192.9
5636000000.0	4797590817.6	3710969058.5	5474617336.4
5637000000.0	4798325827.8	3711407305.3	5475575475.3
5638000000.0	4799060802.4	3711845500.2	5476533609.6
5639000000.0	4799795741.3	3712283643.2	5477491739.3
5640000000.0	4800530644.7	3712721734.3	5478449864.3
5641000000.0	4801265512.5	3713159773.5	5479407984.8
5642000000.0	4802000344.8	3713597760.8	5480366100.7
5643000000.0	4802735141.4	3714035696.2	5481324212.0
5644000000.0	4803469902.5	3714473579.8	5482282318.8
5645000000.0	4804204628.0	3714911411.5	5483240420.9
5646000000.0	4804939318.0	3715349191.3	5484198518.4
5647000000.0	4805673972.3	3715786919.3	5485156611.3
5648000000.0	4806408591.1	3716224595.5	5486114699.6
5649000000.0	4807143174.4	3716662219.9	5487072783.3
5650000000.0	4807877722.1	3717099792.4	5488030862.4
5651000000.0	4808612234.2	3717537313.2	5488988936.9
5652000000.0	4809346710.8	3717974782.1	5489947006.8
5653000000.0	4810081151.8	3718412199.3	5490905072.1
5654000000.0	4810815557.3	3718849564.6	5491863132.8
5655000000.0	4811549927.2	3719286878.3	5492821189.0
5656000000.0	4812284261.6	3719724140.1	5493779240.5
5657000000.0	4813018560.5	3720161350.2	5494737287.4
5658000000.0	4813752823.8	3720598508.6	5495695329.7
5659000000.0	4814487051.6	3721035615.3	5496653367.5
5660000000.0	4815221243.8	3721472670.2	5497611400.6
5661000000.0	4815955400.5	3721909673.4	5498569429.1
5662000000.0	4816689521.7	3722346624.9	5499527453.0
5663000000.0	4817423607.4	3722783524.7	5500485472.4
5664000000.0	4818157657.5	3723220372.9	5501443487.1
5665000000.0	4818891672.1	3723657169.3	5502401497.2
5666000000.0	4819625651.2	3724093914.1	5503359502.8
5667000000.0	4820359594.8	3724530607.3	5504317503.7
5668000000.0	4821093502.9	3724967248.7	5505275500.1
5669000000.0	4821827375.4	3725403838.6	5506233491.8
5670000000.0	4822561212.5	3725840376.8	5507191478.9
5671000000.0	4823295014.0	3726276863.4	5508149461.5
5672000000.0	4824028780.1	3726713298.4	5509107439.4
5673000000.0	4824762510.6	3727149681.8	5510065412.8
5674000000.0	4825496205.7	3727586013.6	5511023381.5
5675000000.0	4826229865.2	3728022293.8	5511981345.7
5676000000.0	4826963489.3	3728458522.5	5512939305.3
5677000000.0	4827697077.9	3728894699.6	5513897260.2
5678000000.0	4828430631.0	3729330825.1	5514855210.6
5679000000.0	4829164148.6	3729766899.1	5515813156.4
5680000000.0	4829897630.7	3730202921.5	5516771097.5
5681000000.0	4830631077.4	3730638892.4	5517729034.1
5682000000.0	4831364488.5	3731074811.8	5518686966.1
5683000000.0	4832097864.2	3731510679.7	5519644893.5
5684000000.0	4832831204.4	3731946496.1	5520602816.2
5685000000.0	4833564509.2	3732382261.0	5521560734.4
5686000000.0	4834297778.5	3732817974.4	5522518648.0
5687000000.0	4835031012.3	3733253636.4	5523476557.0
5688000000.0	4835764210.7	3733689246.8	5524434461.4
5689000000.0	4836497373.6	3734124805.9	5525392361.2
5690000000.0	4837230501.0	3734560313.4	5526350256.4
5691000000.0	4837963593.0	3734995769.6	5527308147.0
5692000000.0	4838696649.6	3735431174.3	5528266033.0
5693000000.0	4839429670.7	3735866527.6	5529223914.4
5694000000.0	4840162656.4	3736301829.5	5530181791.2
5695000000.0	4840895606.6	3736737080.0	5531139663.4
5696000000.0	4841628521.3	3737172279.0	5532097531.0
5697000000.0	4842361400.7	3737607426.8	5533055394.0
5698000000.0	4843094244.6	3738042523.1	5534013252.4
5699000000.0	4843827053.0	3738477568.1	5534971106.3
5700000000.0	4844559826.1	3738912561.7	5535928955.5
5701000000.0	4845292563.7	3739347504.0	5536886800.1
5702000000.0	4846025265.9	3739782394.9	5537844640.2
5703000000.0	4846757932.6	3740217234.5	5538802475.6
5704000000.0	4847490564.0	3740652022.8	5539760306.4
5705000000.0	4848223159.9	3741086759.8	5540718132.7
5706000000.0	4848955720.4	3741521445.5	5541675954.3
5707000000.0	4849688245.5	3741956079.9	5542633771.4
5708000000.0	4850420735.2	3742390663.0	5543591583.8
5709000000.0	4851153189.5	3742825194.9	5544549391.7
5710000000.0	4851885608.4	3743259675.5	5545507195.0
5711000000.0	4852617991.8	3743694104.8	5546464993.6
5712000000.0	4853350339.9	3744128482.9	5547422787.7
5713000000.0	4854082652.6	3744562809.7	5548380577.2
5714000000.0	4854814929.9	3744997085.4	5549338362.0
5715000000.0	4855547171.8	3745431309.8	5550296142.3
5716000000.0	4856279378.3	3745865483.0	5551253918.0
5717000000.0	4857011549.4	3746299605.0	5552211689.1
5718000000.0	4857743685.1	3746733675.8	5553169455.6
5719000000.0	4858475785.5	3747167695.4	5554127217.5
5720000000.0	4859207850.5	3747601663.8	5555084974.8
5721000000.0	4859939880.1	3748035581.1	5556042727.5
5722000000.0	4860671874.3	3748469447.3	5557000475.6
5723000000.0	4861403833.2	3748903262.3	5557958219.1
5724000000.0	4862135756.6	3749337026.1	5558915958.0
5725000000.0	4862867644.8	3749770738.8	5559873692.3
5726000000.0	4863599497.5	3750204400.5	5560831422.1
5727000000.0	4864331314.9	3750638011.0	5561789147.2
5728000000.0	4865063097.0	3751071570.4	5562746867.7
5729000000.0	4865794843.7	3751505078.7	5563704583.7
5730000000.0	4866526555.0	3751938535.9	5564662295.0
5731000000.0	4867258231.0	3752371942.1	5565620001.8
5732000000.0	4867989871.6	3752805297.1	5566577703.9
5733000000.0	4868721476.9	3753238601.2	5567535401.5
5734000000.0	4869453046.8	3753671854.2	5568493094.4
5735000000.0	4870184581.4	3754105056.1	5569450782.8
5736000000.0	4870916080.7	3754538207.1	5570408466.6
5737000000.0	4871647544.6	3754971307.0	5571366145.7
5738000000.0	4872378973.2	3755404355.9	5572323820.3
5739000000.0	4873110366.5	3755837353.8	5573281490.3
5740000000.0	4873841724.4	3756270300.7	5574239155.7
5741000000.0	4874573047.1	3756703196.6	5575196816.5
5742000000.0	4875304334.4	3757136041.6	5576154472.7
5743000000.0	4876035586.3	3757568835.6	5577112124.3
5744000000.0	4876766803.0	3758001578.6	5578069771.3
5745000000.0	4877497984.3	3758434270.7	5579027413.7
5746000000.0	4878229130.4	3758866911.8	5579985051.5
5747000000.0	4878960241.1	3759299502.1	5580942684.7
5748000000.0	4879691316.5	3759732041.4	5581900313.4
5749000000.0	4880422356.6	3760164529.8	5582857937.4
5750000000.0	4881153361.4	3760596967.2	5583815556.8
5751000000.0	4881884330.9	3761029353.9	5584773171.7
5752000000.0	4882615265.1	3761461689.6	5585730781.9
5753000000.0	4883346164.1	3761893974.4	5586688387.6
5754000000.0	4884077027.7	3762326208.4	5587645988.6
5755000000.0	4884807856.0	3762758391.5	5588603585.1
5756000000.0	4885538649.1	3763190523.8	5589561177.0
5757000000.0	4886269406.8	3763622605.2	5590518764.2
5758000000.0	4887000129.3	3764054635.8	5591476346.9
5759000000.0	4887730816.5	3764486615.6	5592433925.0
5760000000.0	4888461468.5	3764918544.6	5593391498.5
5761000000.0	4889192085.1	3765350422.8	5594349067.4
5762000000.0	4889922666.5	3765782250.2	5595306631.7
5763000000.0	4890653212.6	3766214026.8	5596264191.4
5764000000.0	4891383723.5	3766645752.6	5597221746.5
5765000000.0	4892114199.1	3767077427.7	5598179297.0
5766000000.0	4892844639.4	3767509052.0	5599136843.0
5767000000.0	4893575044.5	3767940625.5	5600094384.3
5768000000.0	4894305414.3	3768372148.3	5601051921.0
5769000000.0	4895035748.8	3768803620.4	5602009453.2
5770000000.0	4895766048.2	3769235041.8	5602966980.7
5771000000.0	4896496312.2	3769666412.4	5603924503.7
5772000000.0	4897226541.0	3770097732.4	5604882022.0
5773000000.0	4897956734.6	3770529001.6	5605839535.8
5774000000.0	4898686892.9	3770960220.2	5606797045.0
5775000000.0	4899417016.0	3771391388.1	5607754549.6
5776000000.0	4900147103.9	3771822505.3	5608712049.5
5777000000.0	4900877156.5	3772253571.9	5609669544.9
5778000000.0	4901607173.9	3772684587.8	5610627035.7
5779000000.0	4902337156.1	3773115553.1	5611584521.9
5780000000.0	4903067103.0	3773546467.7	5612542003.5
5781000000.0	4903797014.7	3773977331.7	5613499480.5
5782000000.0	4904526891.2	3774408145.1	5614456953.0
5783000000.0	4905256732.5	3774838907.9	5615414420.8
5784000000.0	4905986538.6	3775269620.1	5616371884.0
5785000000.0	4906716309.4	3775700281.7	5617329342.7
5786000000.0	4907446045.1	3776130892.8	5618286796.7
5787000000.0	4908175745.5	3776561453.3	5619244246.2
5788000000.0	4908905410.8	3776991963.2	5620201691.0
5789000000.0	4909635040.8	3777422422.5	5621159131.3
5790000000.0	4910364635.6	3777852831.3	5622116567.0
5791000000.0	4911094195.3	3778283189.6	5623073998.0
5792000000.0	4911823719.7	3778713497.4	5624031424.5
5793000000.0	4912553208.9	3779143754.6	5624988846.4
5794000000.0	4913282663.0	3779573961.4	5625946263.7
5795000000.0	4914012081.9	3780004117.6	5626903676.4
5796000000.0	4914741465.6	3780434223.4	5627861084.5
5797000000.0	4915470814.1	3780864278.6	5628818488.1
5798000000.0	4916200127.4	3781294283.4	5629775887.0
5799000000.0	4916929405.5	3781724237.8	5630733281.3
5800000000.0	4917658648.5	3782154141.6	5631690671.1
5801000000.0	4918387856.3	3782583995.1	5632648056.2
5802000000.0	4919117028.9	3783013798.1	5633605436.8
5803000000.0	4919846166.4	3783443550.7	5634562812.7
5804000000.0	4920575268.7	3783873252.8	5635520184.1
5805000000.0	4921304335.9	3784302904.6	5636477550.9
5806000000.0	4922033367.8	3784732505.9	5637434913.1
5807000000.0	4922762364.7	3785162056.9	5638392270.6
5808000000.0	4923491326.3	3785591557.5	5639349623.6
5809000000.0	4924220252.9	3786021007.7	5640306972.1
5810000000.0	4924949144.2	3786450407.5	5641264315.9
5811000000.0	4925678000.4	3786879757.0	5642221655.1
5812000000.0	4926406821.5	3787309056.1	5643178989.7
5813000000.0	4927135607.5	3787738304.9	5644136319.7
5814000000.0	4927864358.3	3788167503.4	5645093645.2
5815000000.0	4928593073.9	3788596651.6	5646050966.0
5816000000.0	4929321754.5	3789025749.4	5647008282.3
5817000000.0	4930050399.9	3789454797.0	5647965594.0
5818000000.0	4930779010.1	3789883794.2	5648922901.0
5819000000.0	4931507585.3	3790312741.2	5649880203.5
5820000000.0	4932236125.3	3790741637.9	5650837501.4
5821000000.0	4932964630.2	3791170484.3	5651794794.7
5822000000.0	4933693100.0	3791599280.4	5652752083.4
5823000000.0	4934421534.7	3792028026.3	5653709367.5
5824000000.0	4935149934.2	3792456722.0	5654666647.0
5825000000.0	4935878298.7	3792885367.5	5655623922.0
5826000000.0	4936606628.0	3793313962.7	5656581192.3
5827000000.0	4937334922.2	3793742507.7	5657538458.0
5828000000.0	4938063181.4	3794171002.5	5658495719.2
5829000000.0	4938791405.4	3794599447.1	5659452975.8
5830000000.0	4939519594.3	3795027841.5	5660410227.7
5831000000.0	4940247748.1	3795456185.8	5661367475.1
5832000000.0	4940975866.9	3795884479.8	5662324717.9
5833000000.0	4941703950.5	3796312723.7	5663281956.1
5834000000.0	4942431999.1	3796740917.5	5664239189.7
5835000000.0	4943160012.6	3797169061.1	5665196418.7
5836000000.0	4943887991.0	3797597154.6	5666153643.1
5837000000.0	4944615934.3	3798025197.9	5667110862.9
5838000000.0	4945343842.5	3798453191.2	5668068078.2
5839000000.0	4946071715.7	3798881134.3	5669025288.8
5840000000.0	4946799553.8	3799309027.3	5669982494.8
5841000000.0	4947527356.8	3799736870.3	5670939696.3
5842000000.0	4948255124.7	3800164663.2	5671896893.2
5843000000.0	4948982857.6	3800592405.9	5672854085.4
5844000000.0	4949710555.4	3801020098.7	5673811273.1
5845000000.0	4950438218.2	3801447741.3	5674768456.2
5846000000.0	4951165845.9	3801875334.0	5675725634.7
5847000000.0	4951893438.6	3802302876.6	5676682808.6
5848000000.0	4952620996.1	3802730369.1	5677639978.0
5849000000.0	4953348518.7	3803157811.7	5678597142.7
5850000000.0	4954076006.2	3803585204.2	5679554302.8
5851000000.0	4954803458.7	3804012546.7	5680511458.4
5852000000.0	4955530876.1	3804439839.3	5681468609.3
5853000000.0	4956258258.4	3804867081.8	5682425755.7
5854000000.0	4956985605.8	3805294274.4	5683382897.5
5855000000.0	4957712918.1	3805721417.0	5684340034.6
5856000000.0	4958440195.3	3806148509.6	5685297167.2
5857000000.0	4959167437.6	3806575552.3	5686254295.2
5858000000.0	4959894644.8	3807002545.1	5687211418.6
5859000000.0	4960621817.0	3807429487.9	5688168537.5
5860000000.0	4961348954.2	3807856380.8	5689125651.7
5861000000.0	4962076056.3	3808283223.8	5690082761.3
5862000000.0	4962803123.4	3808710016.9	5691039866.4
5863000000.0	4963530155.6	3809136760.1	5691996966.8
5864000000.0	4964257152.7	3809563453.4	5692954062.7
5865000000.0	4964984114.8	3809990096.9	5693911154.0
5866000000.0	4965711041.8	3810416690.4	5694868240.6
5867000000.0	4966437933.9	3810843234.1	5695825322.7
5868000000.0	4967164791.0	3811269727.9	5696782400.2
5869000000.0	4967891613.1	3811696171.9	5697739473.1
5870000000.0	4968618400.2	3812122566.1	5698696541.5
5871000000.0	4969345152.3	3812548910.4	5699653605.2
5872000000.0	4970071869.4	3812975205.0	5700610664.3
5873000000.0	4970798551.5	3813401449.7	5701567718.9
5874000000.0	4971525198.6	3813827644.6	5702524768.9
5875000000.0	4972251810.7	3814253789.7	5703481814.2
5876000000.0	4972978387.9	3814679885.0	5704438855.0
5877000000.0	4973704930.1	3815105930.6	5705395891.2
5878000000.0	4974431437.3	3815531926.4	5706352922.8
5879000000.0	4975157909.5	3815957872.4	5707309949.8
5880000000.0	4975884346.8	3816383768.7	5708266972.2
5881000000.0	4976610749.1	3816809615.3	5709223990.0
5882000000.0	4977337116.4	3817235412.1	5710181003.3
5883000000.0	4978063448.7	3817661159.2	5711138011.9
5884000000.0	4978789746.1	3818086856.6	5712095016.0
5885000000.0	4979516008.6	3818512504.3	5713052015.5
5886000000.0	4980242236.1	3818938102.3	5714009010.3
5887000000.0	4980968428.6	3819363650.6	5714966000.6
5888000000.0	4981694586.2	3819789149.2	5715922986.3
5889000000.0	4982420708.8	3820214598.2	5716879967.4
5890000000.0	4983146796.5	3820639997.5	5717836944.0
5891000000.0	4983872849.2	3821065347.1	5718793915.9
5892000000.0	4984598867.0	3821490647.1	5719750883.2
5893000000.0	4985324849.9	3821915897.5	5720707846.0
5894000000.0	4986050797.8	3822341098.2	5721664804.1
5895000000.0	4986776710.8	3822766249.4	5722621757.7
5896000000.0	4987502588.8	3823191350.9	5723578706.7
5897000000.0	4988228432.0	3823616402.8	5724535651.1
5898000000.0	4988954240.2	3824041405.1	5725492590.9
5899000000.0	4989680013.4	3824466357.9	5726449526.1
5900000000.0	4990405751.8	3824891261.0	5727406456.7
5901000000.0	4991131455.2	3825316114.7	5728363382.8
5902000000.0	4991857123.8	3825740918.7	5729320304.2
5903000000.0	4992582757.4	3826165673.2	5730277221.1
5904000000.0	4993308356.1	3826590378.2	5731234133.4
5905000000.0	4994033919.9	3827015033.6	5732191041.0
5906000000.0	4994759448.8	3827439639.5	5733147944.1
5907000000.0	4995484942.7	3827864195.9	5734104842.6
5908000000.0	4996210401.8	3828288702.8	5735061736.5
5909000000.0	4996935826.0	3828713160.2	5736018625.9
5910000000.0	4997661215.3	3829137568.2	5736975510.6
5911000000.0	4998386569.7	3829561926.6	5737932390.7
5912000000.0	4999111889.2	3829986235.6	5738889266.3
5913000000.0	4999837173.8	3830410495.1	5739846137.3
5914000000.0	5000562423.5	3830834705.1	5740803003.6
5915000000.0	5001287638.4	3831258865.8	5741759865.4
5916000000.0	5002012818.4	3831682976.9	5742716722.6
5917000000.0	5002737963.4	3832107038.7	5743673575.3
5918000000.0	5003463073.7	3832531051.0	5744630423.3
5919000000.0	5004188149.0	3832955014.0	5745587266.7
5920000000.0	5004913189.5	3833378927.5	5746544105.6
5921000000.0	5005638195.1	3833802791.6	5747500939.8
5922000000.0	5006363165.8	3834226606.4	5748457769.5
5923000000.0	5007088101.7	3834650371.8	5749414594.6
5924000000.0	5007813002.7	3835074087.8	5750371415.1
5925000000.0	5008537868.8	3835497754.5	5751328231.0
5926000000.0	5009262700.1	3835921371.8	5752285042.3
5927000000.0	5009987496.6	3836344939.8	5753241849.0
5928000000.0	5010712258.2	3836768458.4	5754198651.2
5929000000.0	5011436984.9	3837191927.7	5755155448.7
5930000000.0	5012161676.8	3837615347.7	5756112241.7
5931000000.0	5012886333.9	3838038718.4	5757069030.0
5932000000.0	5013610956.1	3838462039.9	5758025813.8
5933000000.0	5014335543.5	3838885312.0	5758982593.0
5934000000.0	5015060096.0	3839308534.8	5759939367.6
5935000000.0	5015784613.7	3839731708.4	5760896137.7
5936000000.0	5016509096.6	3840154832.7	5761852903.1
5937000000.0	5017233544.7	3840577907.8	5762809663.9
5938000000.0	5017957957.9	3841000933.6	5763766420.2
5939000000.0	5018682336.3	3841423910.2	5764723171.9
5940000000.0	5019406679.9	3841846837.5	5765679919.0
5941000000.0	5020130988.6	3842269715.6	5766636661.5
5942000000.0	5020855262.6	3842692544.6	5767593399.4
5943000000.0	5021579501.7	3843115324.3	5768550132.7
5944000000.0	5022303706.0	3843538054.8	5769506861.4
5945000000.0	5023027875.6	3843960736.2	5770463585.6
5946000000.0	5023752010.3	3844383368.3	5771420305.1
5947000000.0	5024476110.2	3844805951.3	5772377020.1
5948000000.0	5025200175.3	3845228485.2	5773333730.5
5949000000.0	5025924205.6	3845650969.9	5774290436.3
5950000000.0	5026648201.1	3846073405.4	5775247137.5
5951000000.0	5027372161.9	3846495791.9	5776203834.1
5952000000.0	5028096087.8	3846918129.2	5777160526.1
5953000000.0	5028819978.9	3847340417.3	5778117213.6
5954000000.0	5029543835.3	3847762656.4	5779073896.4
5955000000.0	5030267656.9	3848184846.4	5780030574.7
5956000000.0	5030991443.7	3848606987.3	5780987248.4
5957000000.0	5031715195.7	3849029079.1	5781943917.5
5958000000.0	5032438913.0	3849451121.8	5782900582.0
5959000000.0	5033162595.4	3849873115.5	5783857241.9
5960000000.0	5033886243.1	3850295060.1	5784813897.2
5961000000.0	5034609856.1	3850716955.7	5785770548.0
5962000000.0	5035333434.2	3851138802.2	5786727194.2
5963000000.0	5036056977.6	3851560599.7	5787683835.7
5964000000.0	5036780486.3	3851982348.2	5788640472.7
5965000000.0	5037503960.2	3852404047.7	5789597105.1
5966000000.0	5038227399.3	3852825698.2	5790553732.9
5967000000.0	5038950803.7	3853247299.6	5791510356.2
5968000000.0	5039674173.3	3853668852.1	5792466974.8
5969000000.0	5040397508.2	3854090355.6	5793423588.9
5970000000.0	5041120808.4	3854511810.2	5794380198.3
5971000000.0	5041844073.8	3854933215.7	5795336803.2
5972000000.0	5042567304.4	3855354572.4	5796293403.5
5973000000.0	5043290500.3	3855775880.0	5797249999.2
5974000000.0	5044013661.5	3856197138.8	5798206590.3
5975000000.0	5044736788.0	3856618348.6	5799163176.8
5976000000.0	5045459879.7	3857039509.5	5800119758.8
5977000000.0	5046182936.7	3857460621.5	5801076336.2
5978000000.0	5046905959.0	3857881684.6	5802032908.9
5979000000.0	5047628946.5	3858302698.8	5802989477.1
5980000000.0	5048351899.3	3858723664.1	5803946040.7
5981000000.0	5049074817.4	3859144580.5	5804902599.7
5982000000.0	5049797700.8	3859565448.1	5805859154.2
5983000000.0	5050520549.5	3859986266.8	5806815704.0
5984000000.0	5051243363.5	3860407036.7	5807772249.3
5985000000.0	5051966142.7	3860827757.7	5808728789.9
5986000000.0	5052688887.3	3861248429.9	5809685326.0
5987000000.0	5053411597.2	3861669053.3	5810641857.5
5988000000.0	5054134272.3	3862089627.8	5811598384.4
5989000000.0	5054856912.8	3862510153.6	5812554906.7
5990000000.0	5055579518.5	3862930630.5	5813511424.5
5991000000.0	5056302089.6	3863351058.6	5814467937.6
5992000000.0	5057024626.0	3863771438.0	5815424446.2
5993000000.0	5057747127.7	3864191768.6	5816380950.2
5994000000.0	5058469594.7	3864612050.4	5817337449.6
5995000000.0	5059192027.0	3865032283.5	5818293944.4
5996000000.0	5059914424.6	3865452467.9	5819250434.6
5997000000.0	5060636787.6	3865872603.4	5820206920.3
5998000000.0	5061359115.9	3866292690.3	5821163401.3
5999000000.0	5062081409.5	3866712728.4	5822119877.8
6000000000.0	5062803668.5	3867132717.9	5823076349.7
6001000000.0	5063525892.7	3867552658.6	5824032817.0
6002000000.0	5064248082.4	3867972550.6	5824989279.7
6003000000.0	5064970237.3	3868392393.9	5825945737.8
6004000000.0	5065692357.6	3868812188.6	5826902191.3
6005000000.0	5066414443.2	3869231934.6	5827858640.3
6006000000.0	5067136494.2	3869651631.9	5828815084.7
6007000000.0	5067858510.6	3870071280.6	5829771524.4
6008000000.0	5068580492.2	3870490880.6	5830727959.6
6009000000.0	5069302439.3	3870910432.0	5831684390.2
6010000000.0	5070024351.6	3871329934.7	5832640816.3
6011000000.0	5070746229.4	3871749388.8	5833597237.7
6012000000.0	5071468072.5	3872168794.4	5834553654.6
6013000000.0	5072189880.9	3872588151.3	5835510066.8
6014000000.0	5072911654.8	3873007459.6	5836466474.5
6015000000.0	5073633394.0	3873426719.3	5837422877.6
6016000000.0	5074355098.5	3873845930.5	5838379276.2
6017000000.0	5075076768.5	3874265093.1	5839335670.1
6018000000.0	5075798403.8	3874684207.1	5840292059.4
6019000000.0	5076520004.5	3875103272.6	5841248444.2
6020000000.0	5077241570.5	3875522289.5	5842204824.4
6021000000.0	5077963102.0	3875941257.9	5843161200.0
6022000000.0	5078684598.8	3876360177.8	5844117571.0
6023000000.0	5079406061.1	3876779049.1	5845073937.4
6024000000.0	5080127488.7	3877197872.0	5846030299.2
6025000000.0	5080848881.7	3877616646.3	5846986656.5
6026000000.0	5081570240.1	3878035372.2	5847943009.2
6027000000.0	5082291563.9	3878454049.5	5848899357.2
6028000000.0	5083012853.1	3878872678.4	5849855700.7
6029000000.0	5083734107.7	3879291258.8	5850812039.7
6030000000.0	5084455327.7	3879709790.8	5851768374.0
6031000000.0	5085176513.1	3880128274.3	5852724703.7
6032000000.0	5085897663.9	3880546709.3	5853681028.9
6033000000.0	5086618780.1	3880965095.9	5854637349.5
6034000000.0	5087339861.8	3881383434.1	5855593665.5
6035000000.0	5088060908.9	3881801723.9	5856549976.9
6036000000.0	5088781921.3	3882219965.3	5857506283.7
6037000000.0	5089502899.2	3882638158.3	5858462585.9
6038000000.0	5090223842.6	3883056302.8	5859418883.6
6039000000.0	5090944751.3	3883474399.0	5860375176.7
6040000000.0	5091665625.5	3883892446.9	5861331465.2
6041000000.0	5092386465.1	3884310446.3	5862287749.1
6042000000.0	5093107270.2	3884728397.4	5863244028.4
6043000000.0	5093828040.7	3885146300.2	5864200303.1
6044000000.0	5094548776.6	3885564154.6	5865156573.3
6045000000.0	5095269478.0	3885981960.6	5866112838.8
6046000000.0	5095990144.8	3886399718.4	5867069099.8
6047000000.0	5096710777.1	3886817427.8	5868025356.2
6048000000.0	5097431374.8	3887235088.9	5868981608.0
6049000000.0	5098151938.0	3887652701.7	5869937855.3
6050000000.0	5098872466.6	3888070266.3	5870894097.9
6051000000.0	5099592960.6	3888487782.5	5871850336.0
6052000000.0	5100313420.2	3888905250.5	5872806569.5
6053000000.0	5101033845.2	3889322670.2	5873762798.4
6054000000.0	5101754235.6	3889740041.6	5874719022.7
6055000000.0	5102474591.6	3890157364.8	5875675242.4
6056000000.0	5103194913.0	3890574639.8	5876631457.6
6057000000.0	5103915199.8	3890991866.5	5877587668.1
6058000000.0	5104635452.2	3891409045.0	5878543874.1
6059000000.0	5105355670.0	3891826175.3	5879500075.5
6060000000.0	5106075853.3	3892243257.4	5880456272.3
6061000000.0	5106796002.1	3892660291.2	5881412464.5
6062000000.0	5107516116.3	3893077276.9	5882368652.2
6063000000.0	5108236196.1	3893494214.4	5883324835.2
6064000000.0	5108956241.3	3893911103.8	5884281013.7
6065000000.0	5109676252.1	3894327944.9	5885237187.6
6066000000.0	5110396228.3	3894744737.9	5886193356.9
6067000000.0	5111116170.0	3895161482.8	5887149521.7
6068000000.0	5111836077.3	3895578179.5	5888105681.8
6069000000.0	5112555950.0	3895994828.1	5889061837.4
6070000000.0	5113275788.2	3896411428.6	5890017988.4
6071000000.0	5113995591.9	3896827980.9	5890974134.8
6072000000.0	5114715361.2	3897244485.1	5891930276.6
6073000000.0	5115435095.9	3897660941.3	5892886413.8
6074000000.0	5116154796.2	3898077349.3	5893842546.5
6075000000.0	5116874462.0	3898493709.3	5894798674.5
6076000000.0	5117594093.3	3898910021.2	5895754798.0
6077000000.0	5118313690.1	3899326285.0	5896710916.9
6078000000.0	5119033252.5	3899742500.8	5897667031.2
6079000000.0	5119752780.4	3900158668.5	5898623141.0
6080000000.0	5120472273.8	3900574788.2	5899579246.1
6081000000.0	5121191732.7	3900990859.8	5900535346.7
6082000000.0	5121911157.2	3901406883.5	5901491442.7
6083000000.0	5122630547.2	3901822859.1	5902447534.1
6084000000.0	5123349902.7	3902238786.7	5903403620.9
6085000000.0	5124069223.8	3902654666.3	5904359703.1
6086000000.0	5124788510.4	3903070497.9	5905315780.8
6087000000.0	5125507762.6	3903486281.5	5906271853.9
6088000000.0	5126226980.3	3903902017.2	5907227922.4
6089000000.0	5126946163.6	3904317704.9	5908183986.3
6090000000.0	5127665312.4	3904733344.6	5909140045.6
6091000000.0	5128384426.8	3905148936.4	5910096100.4
6092000000.0	5129103506.8	3905564480.3	5911052150.5
6093000000.0	5129822552.3	3905979976.2	5912008196.1
6094000000.0	5130541563.3	3906395424.2	5912964237.1
6095000000.0	5131260540.0	3906810824.3	5913920273.5
6096000000.0	5131979482.2	3907226176.4	5914876305.4
6097000000.0	5132698390.0	3907641480.7	5915832332.6
6098000000.0	5133417263.3	3908056737.1	5916788355.3
6099000000.0	5134136102.2	3908471945.6	5917744373.4
6100000000.0	5134854906.7	3908887106.2	5918700386.9
6101000000.0	5135573676.8	3909302219.0	5919656395.8
6102000000.0	5136292412.5	3909717283.9	5920612400.2
6103000000.0	5137011113.7	3910132300.9	5921568399.9
6104000000.0	5137729780.6	3910547270.1	5922524395.1
6105000000.0	5138448413.0	3910962191.5	5923480385.7
6106000000.0	5139167011.0	3911377065.1	5924436371.7
6107000000.0	5139885574.6	3911791890.8	5925392353.2
6108000000.0	5140604103.8	3912206668.7	5926348330.0
6109000000.0	5141322598.7	3912621398.9	5927304302.3
6110000000.0	5142041059.1	3913036081.2	5928260270.0
6111000000.0	5142759485.1	3913450715.8	5929216233.1
6112000000.0	5143477876.7	3913865302.5	5930172191.6
6113000000.0	5144196234.0	3914279841.6	5931128145.6
6114000000.0	5144914556.8	3914694332.8	5932084094.9
6115000000.0	5145632845.3	3915108776.3	5933040039.7
6116000000.0	5146351099.4	3915523172.1	5933995979.9
6117000000.0	5147069319.1	3915937520.1	5934951915.5
6118000000.0	5147787504.5	3916351820.4	5935907846.6
6119000000.0	5148505655.4	3916766073.0	5936863773.0
6120000000.0	5149223772.0	3917180277.9	5937819694.9
6121000000.0	5149941854.2	3917594435.1	5938775612.2
6122000000.0	5150659902.1	3918008544.6	5939731524.9
6123000000.0	5151377915.6	3918422606.4	5940687433.1
6124000000.0	5152095894.7	3918836620.5	5941643336.6
6125000000.0	5152813839.4	3919250587.0	5942599235.6
6126000000.0	5153531749.8	3919664505.8	5943555130.0
6127000000.0	5154249625.9	3920078377.0	5944511019.8
6128000000.0	5154967467.6	3920492200.5	5945466905.0
6129000000.0	5155685274.9	3920905976.4	5946422785.7
6130000000.0	5156403047.9	3921319704.6	5947378661.7
6131000000.0	5157120786.6	3921733385.3	5948334533.2
6132000000.0	5157838490.9	3922147018.3	5949290400.1
6133000000.0	5158556160.9	3922560603.7	5950246262.5
6134000000.0	5159273796.5	3922974141.6	5951202120.2
6135000000.0	5159991397.8	3923387631.8	5952157973.4
6136000000.0	5160708964.8	3923801074.5	5953113821.9
6137000000.0	5161426497.4	3924214469.6	5954069666.0
6138000000.0	5162143995.7	3924627817.1	5955025505.4
6139000000.0	5162861459.7	3925041117.1	5955981340.2
6140000000.0	5163578889.3	3925454369.6	5956937170.5
6141000000.0	5164296284.7	3925867574.5	5957892996.2
6142000000.0	5165013645.7	3926280731.9	5958848817.3
6143000000.0	5165730972.4	3926693841.8	5959804633.8
6144000000.0	5166448264.8	3927106904.1	5960760445.7
6145000000.0	5167165522.9	3927519919.0	5961716253.1
6146000000.0	5167882746.7	3927932886.4	5962672055.9
6147000000.0	5168599936.1	3928345806.2	5963627854.1
6148000000.0	5169317091.3	3928758678.6	5964583647.7
6149000000.0	5170034212.1	3929171503.6	5965539436.7
6150000000.0	5170751298.7	3929584281.0	5966495221.2
6151000000.0	5171468351.0	3929997011.0	5967451001.1
6152000000.0	5172185369.0	3930409693.6	5968406776.4
6153000000.0	5172902352.6	3930822328.8	5969362547.1
6154000000.0	5173619302.0	3931234916.5	5970318313.2
6155000000.0	5174336217.1	3931647456.7	5971274074.8
6156000000.0	5175053098.0	3932059949.6	5972229831.8
6157000000.0	5175769944.5	3932472395.1	5973185584.2
6158000000.0	5176486756.8	3932884793.2	5974141332.0
6159000000.0	5177203534.8	3933297143.8	5975097075.2
6160000000.0	5177920278.5	3933709447.2	5976052813.9
6161000000.0	5178636987.9	3934121703.1	5977008548.0
6162000000.0	5179353663.1	3934533911.7	5977964277.5
6163000000.0	5180070304.0	3934946072.9	5978920002.4
6164000000.0	5180786910.7	3935358186.8	5979875722.8
6165000000.0	5181503483.0	3935770253.3	5980831438.5
6166000000.0	5182220021.2	3936182272.5	5981787149.7
6167000000.0	5182936525.0	3936594244.4	5982742856.3
6168000000.0	5183652994.7	3937006168.9	5983698558.3
6169000000.0	5184369430.0	3937418046.2	5984654255.8
6170000000.0	5185085831.1	3937829876.2	5985609948.6
6171000000.0	5185802198.0	3938241658.8	5986565636.9
6172000000.0	5186518530.6	3938653394.2	5987521320.6
6173000000.0	5187234829.0	3939065082.3	5988476999.8
6174000000.0	5187951093.1	3939476723.2	5989432674.3
6175000000.0	5188667323.0	3939888316.8	5990388344.3
6176000000.0	5189383518.7	3940299863.1	5991344009.7
6177000000.0	5190099680.2	3940711362.3	5992299670.5
6178000000.0	5190815807.4	3941122814.1	5993255326.7
6179000000.0	5191531900.3	3941534218.8	5994210978.4
6180000000.0	5192247959.1	3941945576.2	5995166625.5
6181000000.0	5192963983.6	3942356886.4	5996122268.0
6182000000.0	5193679974.0	3942768149.5	5997077905.9
6183000000.0	5194395930.1	3943179365.3	5998033539.2
6184000000.0	5195111851.9	3943590534.0	5998989168.0
6185000000.0	5195827739.6	3944001655.4	5999944792.2
6186000000.0	5196543593.1	3944412729.8	6000900411.8
6187000000.0	5197259412.3	3944823756.9	6001856026.8
6188000000.0	5197975197.4	3945234736.9	6002811637.2
6189000000.0	5198690948.2	3945645669.8	6003767243.1
6190000000.0	5199406664.9	3946056555.5	6004722844.4
6191000000.0	5200122347.3	3946467394.1	6005678441.1
6192000000.0	5200837995.6	3946878185.6	6006634033.2
6193000000.0	5201553609.6	3947288929.9	6007589620.8
6194000000.0	5202269189.5	3947699627.2	6008545203.8
6195000000.0	5202984735.2	3948110277.4	6009500782.2
6196000000.0	5203700246.7	3948520880.5	6010456356.0
6197000000.0	5204415724.0	3948931436.5	6011411925.2
6198000000.0	5205131167.1	3949341945.4	6012367489.9
6199000000.0	5205846576.1	3949752407.3	6013323050.0
6200000000.0	5206561950.8	3950162822.1	6014278605.5
6201000000.0	5207277291.5	3950573189.9	6015234156.4
6202000000.0	5207992597.9	3950983510.6	6016189702.7
6203000000.0	5208707870.2	3951393784.3	6017145244.5
6204000000.0	5209423108.3	3951804011.0	6018100781.7
6205000000.0	5210138312.2	3952214190.7	6019056314.3
6206000000.0	5210853482.0	3952624323.4	6020011842.3
6207000000.0	5211568617.6	3953034409.1	6020967365.8
6208000000.0	5212283719.1	3953444447.8	6021922884.7
6209000000.0	5212998786.4	3953854439.5	6022878399.0
6210000000.0	5213713819.5	3954264384.2	6023833908.7
6211000000.0	5214428818.5	3954674282.0	6024789413.9
6212000000.0	5215143783.4	3955084132.8	6025744914.4
6213000000.0	5215858714.1	3955493936.7	6026700410.4
6214000000.0	5216573610.7	3955903693.6	6027655901.8
6215000000.0	5217288473.1	3956313403.6	6028611388.7
6216000000.0	5218003301.4	3956723066.7	6029566870.9
6217000000.0	5218718095.6	3957132682.8	6030522348.6
6218000000.0	5219432855.6	3957542252.1	6031477821.7
6219000000.0	5220147581.5	3957951774.4	6032433290.2
6220000000.0	5220862273.3	3958361249.9	6033388754.2
6221000000.0	5221576931.0	3958770678.4	6034344213.6
6222000000.0	5222291554.5	3959180060.1	6035299668.4
6223000000.0	5223006143.9	3959589395.0	6036255118.6
6224000000.0	5223720699.2	3959998682.9	6037210564.2
6225000000.0	5224435220.4	3960407924.1	6038166005.3
6226000000.0	5225149707.5	3960817118.3	6039121441.8
6227000000.0	5225864160.4	3961226265.8	6040076873.7
6228000000.0	5226578579.3	3961635366.4	6041032301.0
6229000000.0	5227292964.1	3962044420.2	6041987723.8
6230000000.0	5228007314.7	3962453427.2	6042943141.9
6231000000.0	5228721631.2	3962862387.3	6043898555.5
6232000000.0	5229435913.7	3963271300.7	6044853964.5
6233000000.0	5230150162.1	3963680167.3	6045809369.0
6234000000.0	5230864376.3	3964088987.2	6046764768.9
6235000000.0	5231578556.5	3964497760.2	6047720164.2
6236000000.0	5232292702.6	3964906486.5	6048675554.9
6237000000.0	5233006814.6	3965315166.0	6049630941.0
6238000000.0	5233720892.5	3965723798.8	6050586322.6
6239000000.0	5234434936.3	3966132384.9	6051541699.5
6240000000.0	5235148946.1	3966540924.2	6052497072.0
6241000000.0	5235862921.8	3966949416.8	6053452439.8
6242000000.0	5236576863.4	3967357862.7	6054407803.0
6243000000.0	5237290770.9	3967766261.8	6055363161.7
6244000000.0	5238004644.4	3968174614.3	6056318515.8
6245000000.0	5238718483.8	3968582920.1	6057273865.3
6246000000.0	5239432289.2	3968991179.2	6058229210.3
6247000000.0	5240146060.4	3969399391.6	6059184550.7
6248000000.0	5240859797.7	3969807557.4	6060139886.5
6249000000.0	5241573500.8	3970215676.5	6061095217.7
6250000000.0	5242287170.0	3970623748.9	6062050544.3
6251000000.0	5243000805.0	3971031774.8	6063005866.4
6252000000.0	5243714406.0	3971439753.9	6063961183.9
6253000000.0	5244427973.0	3971847686.5	6064916496.8
6254000000.0	5245141505.9	3972255572.4	6065871805.1
6255000000.0	5245855004.8	3972663411.8	6066827108.9
6256000000.0	5246568469.7	3973071204.5	6067782408.1
6257000000.0	5247281900.5	3973478950.6	6068737702.7
6258000000.0	5247995297.3	3973886650.1	6069692992.7
6259000000.0	5248708660.0	3974294303.1	6070648278.2
6260000000.0	5249421988.7	3974701909.5	6071603559.0
6261000000.0	5250135283.4	3975109469.3	6072558835.3
6262000000.0	5250848544.1	3975516982.6	6073514107.1
6263000000.0	5251561770.7	3975924449.3	6074469374.2
6264000000.0	5252274963.3	3976331869.5	6075424636.8
6265000000.0	5252988121.9	3976739243.2	6076379894.8
6266000000.0	5253701246.5	3977146570.3	6077335148.2
6267000000.0	5254414337.1	3977553851.0	6078290397.1
6268000000.0	5255127393.7	3977961085.1	6079245641.4
6269000000.0	5255840416.3	3978368272.7	6080200881.1
6270000000.0	5256553404.8	3978775413.8	6081156116.2
6271000000.0	5257266359.4	3979182508.5	6082111346.7
6272000000.0	5257979279.9	3979589556.7	6083066572.7
6273000000.0	5258692166.5	3979996558.4	6084021794.1
6274000000.0	5259405019.0	3980403513.6	6084977010.9
6275000000.0	5260117837.6	3980810422.4	6085932223.2
6276000000.0	5260830622.2	3981217284.8	6086887430.8
6277000000.0	5261543372.8	3981624100.7	6087842633.9
6278000000.0	5262256089.4	3982030870.2	6088797832.4
6279000000.0	5262968772.0	3982437593.3	6089753026.4
6280000000.0	5263681420.7	3982844269.9	6090708215.7
6281000000.0	5264394035.3	3983250900.2	6091663400.5
6282000000.0	5265106616.0	3983657484.1	6092618580.8
6283000000.0	5265819162.7	3984064021.6	6093573756.4
6284000000.0	5266531675.5	3984470512.7	6094528927.5
6285000000.0	5267244154.3	3984876957.4	6095484094.0
6286000000.0	5267956599.1	3985283355.8	6096439255.9
6287000000.0	5268669009.9	3985689707.8	6097394413.2
6288000000.0	5269381386.8	3986096013.5	6098349566.0
6289000000.0	5270093729.8	3986502272.8	6099304714.2
6290000000.0	5270806038.7	3986908485.8	6100259857.8
6291000000.0	5271518313.8	3987314652.5	6101214996.8
6292000000.0	5272230554.8	3987720772.8	6102170131.3
6293000000.0	5272942761.9	3988126846.9	6103125261.2
6294000000.0	5273654935.1	3988532874.7	6104080386.5
6295000000.0	5274367074.3	3988938856.1	6105035507.3
6296000000.0	5275079179.6	3989344791.3	6105990623.4
6297000000.0	5275791251.0	3989750680.2	6106945735.0
6298000000.0	5276503288.4	3990156522.9	6107900842.1
6299000000.0	5277215291.9	3990562319.2	6108855944.5
6300000000.0	5277927261.4	3990968069.4	6109811042.4
6301000000.0	5278639197.0	3991373773.2	6110766135.7
6302000000.0	5279351098.7	3991779430.9	6111721224.4
6303000000.0	5280062966.5	3992185042.3	6112676308.5
6304000000.0	5280774800.3	3992590607.5	6113631388.1
6305000000.0	5281486600.3	3992996126.5	6114586463.1
6306000000.0	5282198366.3	3993401599.3	6115541533.5
6307000000.0	5282910098.4	3993807025.9	6116496599.4
6308000000.0	5283621796.5	3994212406.3	6117451660.7
6309000000.0	5284333460.8	3994617740.5	6118406717.4
6310000000.0	5285045091.2	3995023028.6	6119361769.5
6311000000.0	5285756687.6	3995428270.4	6120316817.0
6312000000.0	5286468250.2	3995833466.2	6121271860.0
6313000000.0	5287179778.8	3996238615.7	6122226898.4
6314000000.0	5287891273.6	3996643719.2	6123181932.3
6315000000.0	5288602734.4	3997048776.5	6124136961.5
6316000000.0	5289314161.4	3997453787.7	6125091986.2
6317000000.0	5290025554.5	3997858752.7	6126047006.3
6318000000.0	5290736913.7	3998263671.7	6127002021.9
6319000000.0	5291448239.0	3998668544.5	6127957032.8
6320000000.0	5292159530.4	3999073371.3	6128912039.2
6321000000.0	5292870787.9	3999478152.0	6129867041.0
6322000000.0	5293582011.6	3999882886.6	6130822038.3
6323000000.0	5294293201.4	4000287575.1	6131777030.9
6324000000.0	5295004357.3	4000692217.5	6132732019.0
6325000000.0	5295715479.3	4001096814.0	6133687002.5
6326000000.0	5296426567.5	4001501364.3	6134641981.5
6327000000.0	5297137621.8	4001905868.6	6135596955.9
6328000000.0	5297848642.2	4002310326.9	6136551925.7
6329000000.0	5298559628.8	4002714739.2	6137506890.9
6330000000.0	5299270581.5	4003119105.5	6138461851.5
6331000000.0	5299981500.4	4003523425.7	6139416807.6
6332000000.0	5300692385.4	4003927700.0	6140371759.1
6333000000.0	5301403236.5	4004331928.2	6141326706.1
6334000000.0	5302114053.8	4004736110.5	6142281648.4
6335000000.0	5302824837.3	4005140246.8	6143236586.2
6336000000.0	5303535586.9	4005544337.2	6144191519.4
6337000000.0	5304246302.7	4005948381.5	6145146448.1
6338000000.0	5304956984.6	4006352380.0	6146101372.1
6339000000.0	5305667632.7	4006756332.4	6147056291.6
6340000000.0	5306378247.0	4007160239.0	6148011206.5
6341000000.0	5307088827.4	4007564099.6	6148966116.9
6342000000.0	5307799374.0	4007967914.3	6149921022.7
6343000000.0	5308509886.8	4008371683.1	6150875923.9
6344000000.0	5309220365.7	4008775406.0	6151830820.5
6345000000.0	5309930810.8	4009179082.9	6152785712.6
6346000000.0	5310641222.1	4009582714.0	6153740600.0
6347000000.0	5311351599.6	4009986299.2	6154695482.9
6348000000.0	5312061943.3	4010389838.6	6155650361.3
6349000000.0	5312772253.1	4010793332.1	6156605235.1
6350000000.0	5313482529.2	4011196779.7	6157560104.2
6351000000.0	5314192771.4	4011600181.4	6158514968.9
6352000000.0	5314902979.8	4012003537.4	6159469828.9
6353000000.0	5315613154.4	4012406847.5	6160424684.4
6354000000.0	5316323295.3	4012810111.7	6161379535.3
6355000000.0	5317033402.3	4013213330.2	6162334381.6
6356000000.0	5317743475.5	4013616502.8	6163289223.4
6357000000.0	5318453514.9	4014019629.6	6164244060.6
6358000000.0	5319163520.6	4014422710.7	6165198893.2
6359000000.0	5319873492.4	4014825745.9	6166153721.2
6360000000.0	5320583430.5	4015228735.4	6167108544.7
6361000000.0	5321293334.8	4015631679.1	6168063363.6
6362000000.0	5322003205.3	4016034577.0	6169018177.9
6363000000.0	5322713042.0	4016437429.2	6169972987.7
6364000000.0	5323422844.9	4016840235.7	6170927792.8
6365000000.0	5324132614.1	4017242996.3	6171882593.4
6366000000.0	5324842349.5	4017645711.3	6172837389.5
6367000000.0	5325552051.1	4018048380.5	6173792180.9
6368000000.0	5326261719.0	4018451004.1	6174746967.8
6369000000.0	5326971353.1	4018853581.9	6175701750.2
6370000000.0	5327680953.4	4019256114.0	6176656527.9
6371000000.0	5328390520.0	4019658600.4	6177611301.1
6372000000.0	5329100052.8	4020061041.1	6178566069.7
6373000000.0	5329809551.9	4020463436.2	6179520833.7
6374000000.0	5330519017.2	4020865785.6	6180475593.2
6375000000.0	5331228448.7	4021268089.3	6181430348.1
6376000000.0	5331937846.5	4021670347.4	6182385098.4
6377000000.0	5332647210.6	4022072559.8	6183339844.1
6378000000.0	5333356540.9	4022474726.6	6184294585.3
6379000000.0	5334065837.5	4022876847.7	6185249321.9
6380000000.0	5334775100.3	4023278923.2	6186204053.9
6381000000.0	5335484329.4	4023680953.1	6187158781.4
6382000000.0	5336193524.8	4024082937.4	6188113504.3
6383000000.0	5336902686.4	4024484876.1	6189068222.6
6384000000.0	5337611814.3	4024886769.3	6190022936.3
6385000000.0	5338320908.5	4025288616.8	6190977645.5
6386000000.0	5339029968.9	4025690418.7	6191932350.1
6387000000.0	5339738995.7	4026092175.1	6192887050.1
6388000000.0	5340447988.7	4026493885.9	6193841745.6
6389000000.0	5341156948.0	4026895551.2	6194796436.5
6390000000.0	5341865873.6	4027297170.9	6195751122.8
6391000000.0	5342574765.4	4027698745.1	6196705804.5
6392000000.0	5343283623.6	4028100273.8	6197660481.7
6393000000.0	5343992448.1	4028501756.9	6198615154.3
6394000000.0	5344701238.8	4028903194.5	6199569822.4
6395000000.0	5345409995.9	4029304586.6	6200524485.8
6396000000.0	5346118719.2	4029705933.2	6201479144.7
6397000000.0	5346827408.9	4030107234.4	6202433799.0
6398000000.0	5347536064.8	4030508490.0	6203388448.8
6399000000.0	5348244687.1	4030909700.2	6204343093.9
6400000000.0	5348953275.6	4031310864.9	6205297734.6
6401000000.0	5349661830.5	4031711984.1	6206252370.6
6402000000.0	5350370351.7	4032113057.9	6207207002.1
6403000000.0	5351078839.2	4032514086.2	6208161628.9
6404000000.0	5351787293.1	4032915069.1	6209116251.3
6405000000.0	5352495713.2	4033316006.6	6210070869.0
6406000000.0	5353204099.7	4033716898.6	6211025482.2
6407000000.0	5353912452.5	4034117745.3	6211980090.8
6408000000.0	5354620771.6	4034518546.5	6212934694.9
6409000000.0	5355329057.1	4034919302.3	6213889294.3
6410000000.0	5356037308.9	4035320012.8	6214843889.2
6411000000.0	5356745527.0	4035720677.8	6215798479.6
6412000000.0	5357453711.5	4036121297.5	6216753065.3
6413000000.0	5358161862.3	4036521871.8	6217707646.5
6414000000.0	5358869979.5	4036922400.8	6218662223.1
6415000000.0	5359578063.0	4037322884.4	6219616795.2
6416000000.0	5360286112.8	4037723322.6	6220571362.7
6417000000.0	5360994129.0	4038123715.6	6221525925.6
6418000000.0	5361702111.6	4038524063.2	6222480483.9
6419000000.0	5362410060.5	4038924365.4	6223435037.7
6420000000.0	5363117975.8	4039324622.4	6224389586.9
6421000000.0	5363825857.4	4039724834.1	6225344131.5
6422000000.0	5364533705.4	4040125000.4	6226298671.6
6423000000.0	5365241519.7	4040525121.5	6227253207.0
6424000000.0	5365949300.5	4040925197.3	6228207738.0
6425000000.0	5366657047.5	4041325227.8	6229162264.3
6426000000.0	5367364761.0	4041725213.0	6230116786.1
6427000000.0	5368072440.8	4042125153.0	6231071303.3
6428000000.0	5368780087.1	4042525047.7	6232025815.9
6429000000.0	5369487699.6	4042924897.2	6232980324.0
6430000000.0	5370195278.6	4043324701.5	6233934827.5
6431000000.0	5370902824.0	4043724460.5	6234889326.4
6432000000.0	5371610335.7	4044124174.3	6235843820.8
6433000000.0	5372317813.9	4044523842.9	6236798310.6
6434000000.0	5373025258.4	4044923466.3	6237752795.8
6435000000.0	5373732669.3	4045323044.4	6238707276.5
6436000000.0	5374440046.6	4045722577.4	6239661752.5
6437000000.0	5375147390.3	4046122065.3	6240616224.0
6438000000.0	5375854700.4	4046521507.9	6241570691.0
6439000000.0	5376561977.0	4046920905.4	6242525153.4
6440000000.0	5377269219.9	4047320257.7	6243479611.2
6441000000.0	5377976429.2	4047719564.8	6244434064.4
6442000000.0	5378683604.9	4048118826.8	6245388513.1
6443000000.0	5379390747.1	4048518043.7	6246342957.2
6444000000.0	5380097855.7	4048917215.5	6247297396.7
6445000000.0	5380804930.6	4049316342.1	6248251831.7
6446000000.0	5381511972.0	4049715423.6	6249206262.0
6447000000.0	5382218979.9	4050114460.0	6250160687.9
6448000000.0	5382925954.1	4050513451.3	6251115109.1
6449000000.0	5383632894.8	4050912397.6	6252069525.8
6450000000.0	5384339801.9	4051311298.7	6253023937.9
6451000000.0	5385046675.4	4051710154.8	6253978345.4
6452000000.0	5385753515.4	4052108965.8	6254932748.4
6453000000.0	5386460321.8	4052507731.7	6255887146.8
6454000000.0	5387167094.7	4052906452.6	6256841540.7
6455000000.0	5387873834.0	4053305128.4	6257795929.9
6456000000.0	5388580539.7	4053703759.2	6258750314.6
6457000000.0	5389287211.9	4054102345.0	6259704694.8
6458000000.0	5389993850.5	4054500885.8	6260659070.3
6459000000.0	5390700455.6	4054899381.5	6261613441.3
6460000000.0	5391407027.1	4055297832.2	6262567807.7
6461000000.0	5392113565.1	4055696238.0	6263522169.6
6462000000.0	5392820069.6	4056094598.7	6264476526.9
6463000000.0	5393526540.5	4056492914.5	6265430879.6
6464000000.0	5394232977.8	4056891185.3	6266385227.8
6465000000.0	5394939381.7	4057289411.1	6267339571.3
6466000000.0	5395645752.0	4057687591.9	6268293910.4
6467000000.0	5396352088.8	4058085727.8	6269248244.8
6468000000.0	5397058392.0	4058483818.8	6270202574.7
6469000000.0	5397764661.7	4058881864.8	6271156900.0
6470000000.0	5398470897.9	4059279865.9	6272111220.7
6471000000.0	5399177100.6	4059677822.1	6273065536.9
6472000000.0	5399883269.8	4060075733.3	6274019848.5
6473000000.0	5400589405.4	4060473599.7	6274974155.5
6474000000.0	5401295507.5	4060871421.1	6275928458.0
6475000000.0	5402001576.1	4061269197.7	6276882755.9
6476000000.0	5402707611.3	4061666929.3	6277837049.2
6477000000.0	5403413612.9	4062064616.1	6278791338.0
6478000000.0	5404119581.0	4062462258.1	6279745622.2
6479000000.0	5404825515.6	4062859855.1	6280699901.8
6480000000.0	5405531416.7	4063257407.3	6281654176.9
6481000000.0	5406237284.3	4063654914.7	6282608447.4
6482000000.0	5406943118.4	4064052377.2	6283562713.3
6483000000.0	5407648919.0	4064449794.9	6284516974.7
6484000000.0	5408354686.1	4064847167.8	6285471231.5
6485000000.0	5409060419.8	4065244495.9	6286425483.7
6486000000.0	5409766119.9	4065641779.1	6287379731.3
6487000000.0	5410471786.6	4066039017.5	6288333974.4
6488000000.0	5411177419.8	4066436211.2	6289288212.9
6489000000.0	5411883019.5	4066833360.1	6290242446.9
6490000000.0	5412588585.8	4067230464.2	6291196676.3
6491000000.0	5413294118.5	4067627523.5	6292150901.1
6492000000.0	5413999617.8	4068024538.0	6293105121.3
6493000000.0	5414705083.7	4068421507.9	6294059337.0
6494000000.0	5415410516.0	4068818432.9	6295013548.1
6495000000.0	5416115914.9	4069215313.2	6295967754.7
6496000000.0	5416821280.4	4069612148.8	6296921956.7
6497000000.0	5417526612.3	4070008939.7	6297876154.1
6498000000.0	5418231910.9	4070405685.8	6298830346.9
6499000000.0	5418937175.9	4070802387.2	6299784535.2
6500000000.0	5419642407.6	4071199044.0	6300738718.9
6501000000.0	5420347605.7	4071595656.0	6301692898.1
6502000000.0	5421052770.5	4071992223.4	6302647072.6
6503000000.0	5421757901.8	4072388746.0	6303601242.6
6504000000.0	5422462999.6	4072785224.0	6304555408.1
6505000000.0	5423168064.0	4073181657.4	6305509569.0
6506000000.0	5423873095.0	4073578046.1	6306463725.3
6507000000.0	5424578092.5	4073974390.1	6307417877.0
6508000000.0	5425283056.6	4074370689.5	6308372024.2
6509000000.0	5425987987.3	4074766944.2	6309326166.8
6510000000.0	5426692884.5	4075163154.4	6310280304.8
6511000000.0	5427397748.3	4075559319.9	6311234438.3
6512000000.0	5428102578.7	4075955440.8	6312188567.2
6513000000.0	5428807375.7	4076351517.1	6313142691.6
6514000000.0	5429512139.2	4076747548.8	6314096811.3
6515000000.0	5430216869.4	4077143535.9	6315050926.5
6516000000.0	5430921566.1	4077539478.4	6316005037.2
6517000000.0	5431626229.4	4077935376.4	6316959143.3
6518000000.0	5432330859.3	4078331229.8	6317913244.8
6519000000.0	5433035455.8	4078727038.6	6318867341.7
6520000000.0	5433740018.9	4079122802.9	6319821434.1
6521000000.0	5434444548.6	4079518522.6	6320775521.9
6522000000.0	5435149044.9	4079914197.8	6321729605.1
6523000000.0	5435853507.8	4080309828.5	6322683683.8
6524000000.0	5436557937.3	4080705414.7	6323637757.9
6525000000.0	5437262333.4	4081100956.3	6324591827.5
6526000000.0	5437966696.1	4081496453.4	6325545892.4
6527000000.0	5438671025.5	4081891906.1	6326499952.9
6528000000.0	5439375321.4	4082287314.2	6327454008.7
6529000000.0	5440079584.0	4082682677.9	6328408060.0
6530000000.0	5440783813.2	4083077997.1	6329362106.7
6531000000.0	5441488009.0	4083473271.8	6330316148.8
6532000000.0	5442192171.4	4083868502.1	6331270186.4
6533000000.0	5442896300.5	4084263687.9	6332224219.4
6534000000.0	5443600396.2	4084658829.2	6333178247.9
6535000000.0	5444304458.5	4085053926.1	6334132271.8
6536000000.0	5445008487.5	4085448978.6	6335086291.1
6537000000.0	5445712483.1	4085843986.7	6336040305.8
6538000000.0	5446416445.3	4086238950.4	6336994316.0
6539000000.0	5447120374.2	4086633869.6	6337948321.7
6540000000.0	5447824269.7	4087028744.5	6338902322.7
6541000000.0	5448528131.9	4087423574.9	6339856319.2
6542000000.0	5449231960.7	4087818361.0	6340810311.1
6543000000.0	5449935756.1	4088213102.7	6341764298.5
6544000000.0	5450639518.3	4088607800.0	6342718281.3
6545000000.0	5451343247.0	4089002453.0	6343672259.5
6546000000.0	5452046942.5	4089397061.6	6344626233.2
6547000000.0	5452750604.5	4089791625.8	6345580202.3
6548000000.0	5453454233.3	4090186145.7	6346534166.8
6549000000.0	5454157828.7	4090580621.3	6347488126.8
6550000000.0	5454861390.8	4090975052.6	6348442082.2
6551000000.0	5455564919.6	4091369439.5	6349396033.0
6552000000.0	5456268415.0	4091763782.2	6350349979.3
6553000000.0	5456971877.1	4092158080.5	6351303921.0
6554000000.0	5457675305.9	4092552334.5	6352257858.1
6555000000.0	5458378701.3	4092946544.3	6353211790.7
6556000000.0	5459082063.5	4093340709.7	6354165718.7
6557000000.0	5459785392.3	4093734830.9	6355119642.1
6558000000.0	5460488687.8	4094128907.8	6356073561.0
6559000000.0	5461191950.0	4094522940.5	6357027475.3
6560000000.0	5461895178.9	4094916928.9	6357981385.1
6561000000.0	5462598374.5	4095310873.1	6358935290.3
6562000000.0	5463301536.8	4095704773.0	6359889190.9
6563000000.0	5464004665.8	4096098628.7	6360843087.0
6564000000.0	5464707761.4	4096492440.2	6361796978.4
6565000000.0	5465410823.8	4096886207.5	6362750865.4
6566000000.0	5466113852.9	4097279930.6	6363704747.7
6567000000.0	5466816848.7	4097673609.4	6364658625.5
6568000000.0	5467519811.2	4098067244.1	6365612498.8
6569000000.0	5468222740.4	4098460834.6	6366566367.4
6570000000.0	5468925636.4	4098854380.9	6367520231.5
6571000000.0	5469628499.0	4099247883.1	6368474091.1
6572000000.0	5470331328.4	4099641341.1	6369427946.0
6573000000.0	5471034124.5	4100034754.9	6370381796.5
6574000000.0	5471736887.3	4100428124.6	6371335642.3
6575000000.0	5472439616.8	4100821450.2	6372289483.6
6576000000.0	5473142313.1	4101214731.6	6373243320.3
6577000000.0	5473844976.1	4101607968.9	6374197152.4
6578000000.0	5474547605.8	4102001162.1	6375150980.0
6579000000.0	5475250202.3	4102394311.1	6376104803.1
6580000000.0	5475952765.5	4102787416.1	6377058621.5
6581000000.0	5476655295.5	4103180477.0	6378012435.4
6582000000.0	5477357792.2	4103573493.8	6378966244.7
6583000000.0	5478060255.6	4103966466.5	6379920049.5
6584000000.0	5478762685.8	4104359395.1	6380873849.7
6585000000.0	5479465082.7	4104752279.7	6381827645.4
6586000000.0	5480167446.4	4105145120.2	6382781436.4
6587000000.0	5480869776.9	4105537916.7	6383735222.9
6588000000.0	5481572074.1	4105930669.1	6384689004.9
6589000000.0	5482274338.0	4106323377.5	6385642782.3
6590000000.0	5482976568.7	4106716041.9	6386596555.1
6591000000.0	5483678766.2	4107108662.2	6387550323.3
6592000000.0	5484380930.5	4107501238.6	6388504087.0
6593000000.0	5485083061.5	4107893770.9	6389457846.2
6594000000.0	5485785159.3	4108286259.2	6390411600.7
6595000000.0	5486487223.9	4108678703.6	6391365350.7
6596000000.0	5487189255.2	4109071103.9	6392319096.2
6597000000.0	5487891253.3	4109463460.3	6393272837.0
6598000000.0	5488593218.3	4109855772.7	6394226573.4
6599000000.0	5489295149.9	4110248041.2	6395180305.1
6600000000.0	5489997048.4	4110640265.7	6396134032.3
6601000000.0	5490698913.7	4111032446.2	6397087754.9
6602000000.0	5491400745.7	4111424582.9	6398041473.0
6603000000.0	5492102544.6	4111816675.6	6398995186.5
6604000000.0	5492804310.2	4112208724.3	6399948895.4
6605000000.0	5493506042.6	4112600729.2	6400902599.7
6606000000.0	5494207741.9	4112992690.1	6401856299.6
6607000000.0	5494909407.9	4113384607.1	6402809994.8
6608000000.0	5495611040.8	4113776480.3	6403763685.5
6609000000.0	5496312640.4	4114168309.6	6404717371.6
6610000000.0	5497014206.9	4114560094.9	6405671053.1
6611000000.0	5497715740.1	4114951836.4	6406624730.1
6612000000.0	5498417240.2	4115343534.1	6407578402.5
6613000000.0	5499118707.1	4115735187.9	6408532070.4
6614000000.0	5499820140.9	4116126797.8	6409485733.7
6615000000.0	5500521541.4	4116518363.9	6410439392.4
6616000000.0	5501222908.8	4116909886.2	6411393046.6
6617000000.0	5501924242.9	4117301364.6	6412346696.2
6618000000.0	5502625544.0	4117692799.2	6413300341.3
6619000000.0	5503326811.8	4118084190.0	6414253981.8
6620000000.0	5504028046.5	4118475537.0	6415207617.7
6621000000.0	5504729248.0	4118866840.2	6416161249.0
6622000000.0	5505430416.4	4119258099.6	6417114875.8
6623000000.0	5506131551.5	4119649315.2	6418068498.1
6624000000.0	5506832653.6	4120040487.1	6419022115.7
6625000000.0	5507533722.5	4120431615.2	6419975728.9
6626000000.0	5508234758.2	4120822699.5	6420929337.4
6627000000.0	5508935760.8	4121213740.0	6421882941.4
6628000000.0	5509636730.2	4121604736.9	6422836540.8
6629000000.0	5510337666.5	4121995689.9	6423790135.7
6630000000.0	5511038569.6	4122386599.3	6424743726.0
6631000000.0	5511739439.6	4122777464.9	6425697311.7
6632000000.0	5512440276.5	4123168286.8	6426650892.9
6633000000.0	5513141080.2	4123559065.0	6427604469.5
6634000000.0	5513841850.8	4123949799.5	6428558041.5
6635000000.0	5514542588.2	4124340490.3	6429511609.0
6636000000.0	5515243292.5	4124731137.4	6430465171.9
6637000000.0	5515943963.7	4125121740.9	6431418730.3
6638000000.0	5516644601.8	4125512300.6	6432372284.1
6639000000.0	5517345206.7	4125902816.7	6433325833.3
6640000000.0	5518045778.6	4126293289.1	6434279378.0
6641000000.0	5518746317.3	4126683717.9	6435232918.1
6642000000.0	5519446822.9	4127074103.1	6436186453.7
6643000000.0	5520147295.4	4127464444.6	6437139984.7
6644000000.0	5520847734.7	4127854742.5	6438093511.1
6645000000.0	5521548141.0	4128244996.7	6439047033.0
6646000000.0	5522248514.1	4128635207.4	6440000550.3
6647000000.0	5522948854.2	4129025374.4	6440954063.0
6648000000.0	5523649161.1	4129415497.8	6441907571.2
6649000000.0	5524349435.0	4129805577.7	6442861074.8
6650000000.0	5525049675.8	4130195613.9	6443814573.9
6651000000.0	5525749883.4	4130585606.6	6444768068.4
6652000000.0	5526450058.0	4130975555.7	6445721558.3
6653000000.0	5527150199.5	4131365461.3	6446675043.7
6654000000.0	5527850307.8	4131755323.3	6447628524.5
6655000000.0	5528550383.2	4132145141.7	6448582000.7
6656000000.0	5529250425.4	4132534916.6	6449535472.4
6657000000.0	5529950434.5	4132924648.0	6450488939.5
6658000000.0	5530650410.6	4133314335.8	6451442402.1
6659000000.0	5531350353.6	4133703980.1	6452395860.1
6660000000.0	5532050263.5	4134093580.9	6453349313.6
6661000000.0	5532750140.3	4134483138.3	6454302762.4
6662000000.0	5533449984.1	4134872652.1	6455256206.8
6663000000.0	5534149794.8	4135262122.4	6456209646.5
6664000000.0	5534849572.5	4135651549.2	6457163081.7
6665000000.0	5535549317.0	4136040932.6	6458116512.4
6666000000.0	5536249028.6	4136430272.5	6459069938.4
6667000000.0	5536948707.0	4136819568.9	6460023359.9
6668000000.0	5537648352.4	4137208821.9	6460976776.9
6669000000.0	5538347964.8	4137598031.4	6461930189.3
6670000000.0	5539047544.1	4137987197.5	6462883597.1
6671000000.0	5539747090.4	4138376320.2	6463837000.4
6672000000.0	5540446603.6	4138765399.4	6464790399.1
6673000000.0	5541146083.8	4139154435.3	6465743793.3
6674000000.0	5541845530.9	4139543427.7	6466697182.8
6675000000.0	5542544945.0	4139932376.7	6467650567.9
6676000000.0	5543244326.1	4140321282.3	6468603948.3
6677000000.0	5543943674.1	4140710144.5	6469557324.3
6678000000.0	5544642989.1	4141098963.4	6470510695.6
6679000000.0	5545342271.0	4141487738.8	6471464062.4
6680000000.0	5546041520.0	4141876471.0	6472417424.6
6681000000.0	5546740735.9	4142265159.7	6473370782.3
6682000000.0	5547439918.8	4142653805.1	6474324135.4
6683000000.0	5548139068.7	4143042407.2	6475277483.9
6684000000.0	5548838185.5	4143430965.9	6476230827.9
6685000000.0	5549537269.4	4143819481.3	6477184167.3
6686000000.0	5550236320.2	4144207953.3	6478137502.2
6687000000.0	5550935338.0	4144596382.1	6479090832.5
6688000000.0	5551634322.8	4144984767.5	6480044158.3
6689000000.0	5552333274.6	4145373109.7	6480997479.4
6690000000.0	5553032193.4	4145761408.5	6481950796.1
6691000000.0	5553731079.2	4146149664.1	6482904108.1
6692000000.0	5554429932.0	4146537876.4	6483857415.6
6693000000.0	5555128751.9	4146926045.4	6484810718.6
6694000000.0	5555827538.7	4147314171.1	6485764016.9
6695000000.0	5556526292.5	4147702253.6	6486717310.8
6696000000.0	5557225013.3	4148090292.9	6487670600.0
6697000000.0	5557923701.2	4148478288.9	6488623884.7
6698000000.0	5558622356.0	4148866241.6	6489577164.9
6699000000.0	5559320977.9	4149254151.2	6490530440.5
6700000000.0	5560019566.8	4149642017.5	6491483711.5
6701000000.0	5560718122.7	4150029840.6	6492436978.0
6702000000.0	5561416645.7	4150417620.5	6493390239.9
6703000000.0	5562115135.7	4150805357.2	6494343497.2
6704000000.0	5562813592.7	4151193050.7	6495296750.0
6705000000.0	5563512016.7	4151580701.0	6496249998.2
6706000000.0	5564210407.8	4151968308.1	6497203241.9
6707000000.0	5564908765.9	4152355872.1	6498156481.0
6708000000.0	5565607091.0	4152743392.9	6499109715.5
6709000000.0	5566305383.2	4153130870.6	6500062945.5
6710000000.0	5567003642.4	4153518305.1	6501016170.9
6711000000.0	5567701868.7	4153905696.4	6501969391.8
6712000000.0	5568400062.0	4154293044.7	6502922608.1
6713000000.0	5569098222.4	4154680349.8	6503875819.9
6714000000.0	5569796349.9	4155067611.8	6504829027.1
6715000000.0	5570494444.3	4155454830.6	6505782229.7
6716000000.0	5571192505.9	4155842006.4	6506735427.8
6717000000.0	5571890534.5	4156229139.1	6507688621.3
6718000000.0	5572588530.1	4156616228.7	6508641810.2
6719000000.0	5573286492.9	4157003275.1	6509594994.6
6720000000.0	5573984422.7	4157390278.6	6510548174.5
6721000000.0	5574682319.5	4157777238.9	6511501349.7
6722000000.0	5575380183.5	4158164156.2	6512454520.5
6723000000.0	5576078014.5	4158551030.4	6513407686.6
6724000000.0	5576775812.6	4158937861.6	6514360848.2
6725000000.0	5577473577.7	4159324649.8	6515314005.3
6726000000.0	5578171310.0	4159711394.9	6516267157.7
6727000000.0	5578869009.3	4160098097.0	6517220305.7
6728000000.0	5579566675.7	4160484756.0	6518173449.0
6729000000.0	5580264309.2	4160871372.1	6519126587.8
6730000000.0	5580961909.8	4161257945.1	6520079722.1
6731000000.0	5581659477.5	4161644475.2	6521032851.8
6732000000.0	5582357012.3	4162030962.2	6521985976.9
6733000000.0	5583054514.2	4162417406.3	6522939097.5
6734000000.0	5583751983.1	4162803807.4	6523892213.5
6735000000.0	5584449419.2	4163190165.6	6524845324.9
6736000000.0	5585146822.4	4163576480.7	6525798431.8
6737000000.0	5585844192.7	4163962753.0	6526751534.2
6738000000.0	5586541530.1	4164348982.2	6527704632.0
6739000000.0	5587238834.6	4164735168.6	6528657725.2
6740000000.0	5587936106.2	4165121312.0	6529610813.8
6741000000.0	5588633344.9	4165507412.5	6530563897.9
6742000000.0	5589330550.8	4165893470.0	6531516977.5
6743000000.0	5590027723.8	4166279484.7	6532470052.5
6744000000.0	5590724863.9	4166665456.4	6533423122.9
6745000000.0	5591421971.1	4167051385.3	6534376188.8
6746000000.0	5592119045.5	4167437271.2	6535329250.1
6747000000.0	5592816086.9	4167823114.3	6536282306.8
6748000000.0	5593513095.6	4168208914.5	6537235359.0
6749000000.0	5594210071.3	4168594671.8	6538188406.7
6750000000.0	5594907014.2	4168980386.3	6539141449.8
6751000000.0	5595603924.2	4169366057.9	6540094488.3
6752000000.0	5596300801.4	4169751686.7	6541047522.3
6753000000.0	5596997645.7	4170137272.6	6542000551.7
6754000000.0	5597694457.1	4170522815.7	6542953576.5
6755000000.0	5598391235.7	4170908316.0	6543906596.8
6756000000.0	5599087981.5	4171293773.5	6544859612.5
6757000000.0	5599784694.4	4171679188.1	6545812623.7
6758000000.0	5600481374.5	4172064559.9	6546765630.3
6759000000.0	5601178021.7	4172449889.0	6547718632.4
6760000000.0	5601874636.1	4172835175.2	6548671629.9
6761000000.0	5602571217.6	4173220418.7	6549624622.8
6762000000.0	5603267766.3	4173605619.4	6550577611.2
6763000000.0	5603964282.2	4173990777.4	6551530595.1
6764000000.0	5604660765.2	4174375892.5	6552483574.3
6765000000.0	5605357215.5	4174760964.9	6553436549.1
6766000000.0	5606053632.8	4175145994.6	6554389519.2
6767000000.0	5606750017.4	4175530981.6	6555342484.8
6768000000.0	5607446369.1	4175915925.8	6556295445.9
6769000000.0	5608142688.1	4176300827.2	6557248402.4
6770000000.0	5608838974.2	4176685686.0	6558201354.3
6771000000.0	5609535227.5	4177070502.0	6559154301.7
6772000000.0	5610231448.0	4177455275.4	6560107244.5
6773000000.0	5610927635.6	4177840006.0	6561060182.7
6774000000.0	5611623790.5	4178224694.0	6562013116.4
6775000000.0	5612319912.5	4178609339.3	6562966045.6
6776000000.0	5613016001.8	4178993941.9	6563918970.2
6777000000.0	5613712058.3	4179378501.8	6564871890.2
6778000000.0	5614408081.9	4179763019.1	6565824805.7
6779000000.0	5615104072.8	4180147493.7	6566777716.6
6780000000.0	5615800030.8	4180531925.6	6567730623.0
6781000000.0	5616495956.1	4180916315.0	6568683524.8
6782000000.0	5617191848.6	4181300661.7	6569636422.0
6783000000.0	5617887708.3	4181684965.7	6570589314.7
6784000000.0	5618583535.2	4182069227.2	6571542202.8
6785000000.0	5619279329.4	4182453446.0	6572495086.4
6786000000.0	5619975090.7	4182837622.3	6573447965.4
6787000000.0	5620670819.3	4183221755.9	6574400839.9
6788000000.0	5621366515.1	4183605847.0	6575353709.8
6789000000.0	5622062178.1	4183989895.4	6576306575.1
6790000000.0	5622757808.4	4184373901.3	6577259435.9
6791000000.0	5623453405.9	4184757864.7	6578212292.2
6792000000.0	5624148970.6	4185141785.4	6579165143.9
6793000000.0	5624844502.5	4185525663.6	6580117991.0
6794000000.0	5625540001.7	4185909499.3	6581070833.5
6795000000.0	5626235468.2	4186293292.4	6582023671.6
6796000000.0	5626930901.9	4186677043.0	6582976505.0
6797000000.0	5627626302.8	4187060751.1	6583929333.9
6798000000.0	5628321671.0	4187444416.6	6584882158.3
6799000000.0	5629017006.4	4187828039.6	6585834978.0
6800000000.0	5629712309.1	4188211620.2	6586787793.3
6801000000.0	5630407579.0	4188595158.2	6587740604.0
6802000000.0	5631102816.2	4188978653.7	6588693410.1
6803000000.0	5631798020.7	4189362106.8	6589646211.6
6804000000.0	5632493192.4	4189745517.4	6590599008.6
6805000000.0	5633188331.4	4190128885.5	6591551801.1
6806000000.0	5633883437.6	4190512211.1	6592504589.0
6807000000.0	5634578511.1	4190895494.3	6593457372.3
6808000000.0	5635273551.9	4191278735.1	6594410151.1
6809000000.0	5635968560.0	4191661933.4	6595362925.3
6810000000.0	5636663535.3	4192045089.2	6596315695.0
6811000000.0	5637358477.9	4192428202.7	6597268460.1
6812000000.0	5638053387.8	4192811273.7	6598221220.7
6813000000.0	5638748265.0	4193194302.3	6599173976.7
6814000000.0	5639443109.4	4193577288.5	6600126728.1
6815000000.0	5640137921.2	4193960232.3	6601079475.0
6816000000.0	5640832700.2	4194343133.7	6602032217.4
6817000000.0	5641527446.6	4194725992.7	6602984955.2
6818000000.0	5642222160.2	4195108809.4	6603937688.4
6819000000.0	5642916841.1	4195491583.7	6604890417.1
6820000000.0	5643611489.3	4195874315.6	6605843141.2
6821000000.0	5644306104.8	4196257005.1	6606795860.7
6822000000.0	5645000687.7	4196639652.4	6607748575.7
6823000000.0	5645695237.8	4197022257.2	6608701286.2
6824000000.0	5646389755.2	4197404819.8	6609653992.1
6825000000.0	5647084240.0	4197787340.0	6610606693.4
6826000000.0	5647778692.1	4198169817.8	6611559390.2
6827000000.0	5648473111.4	4198552253.4	6612512082.5
6828000000.0	5649167498.1	4198934646.7	6613464770.1
6829000000.0	5649861852.1	4199316997.6	6614417453.2
6830000000.0	5650556173.5	4199699306.3	6615370131.8
6831000000.0	5651250462.1	4200081572.7	6616322805.8
6832000000.0	5651944718.1	4200463796.8	6617275475.3
6833000000.0	5652638941.4	4200845978.6	6618228140.2
6834000000.0	5653333132.1	4201228118.2	6619180800.5
6835000000.0	5654027290.1	4201610215.5	6620133456.3
6836000000.0	5654721415.4	4201992270.5	6621086107.5
6837000000.0	5655415508.0	4202374283.3	6622038754.2
6838000000.0	5656109568.0	4202756253.9	6622991396.4
6839000000.0	5656803595.4	4203138182.3	6623944033.9
6840000000.0	5657497590.1	4203520068.4	6624896666.9
6841000000.0	5658191552.1	4203901912.3	6625849295.4
6842000000.0	5658885481.5	4204283714.0	6626801919.3
6843000000.0	5659579378.2	4204665473.5	6627754538.7
6844000000.0	5660273242.3	4205047190.8	6628707153.5
6845000000.0	5660967073.7	4205428865.9	6629659763.7
6846000000.0	5661660872.5	4205810498.8	6630612369.4
6847000000.0	5662354638.7	4206192089.6	6631564970.5
6848000000.0	5663048372.2	4206573638.2	6632517567.1
6849000000.0	5663742073.1	4206955144.6	6633470159.1
6850000000.0	5664435741.4	4207336608.9	6634422746.6
6851000000.0	5665129377.0	4207718031.0	6635375329.5
6852000000.0	5665822980.0	4208099411.0	6636327907.9
6853000000.0	5666516550.4	4208480748.9	6637280481.7
6854000000.0	5667210088.1	4208862044.6	6638233051.0
6855000000.0	5667903593.3	4209243298.3	6639185615.7
6856000000.0	5668597065.8	4209624509.8	6640138175.8
6857000000.0	5669290505.7	4210005679.2	6641090731.4
6858000000.0	5669983913.0	4210386806.5	6642043282.5
6859000000.0	5670677287.7	4210767891.7	6642995828.9
6860000000.0	5671370629.7	4211148934.9	6643948370.9
6861000000.0	5672063939.2	4211529935.9	6644900908.3
6862000000.0	5672757216.0	4211910894.9	6645853441.1
6863000000.0	5673450460.3	4212291811.8	6646805969.3
6864000000.0	5674143671.9	4212672686.7	6647758493.1
6865000000.0	5674836851.0	4213053519.5	6648711012.2
6866000000.0	5675529997.5	4213434310.3	6649663526.8
6867000000.0	5676223111.3	4213815059.1	6650616036.9
6868000000.0	5676916192.6	4214195765.8	6651568542.4
6869000000.0	5677609241.3	4214576430.5	6652521043.3
6870000000.0	5678302257.4	4214957053.2	6653473539.7
6871000000.0	5678995240.9	4215337633.9	6654426031.6
6872000000.0	5679688191.9	4215718172.6	6655378518.9
6873000000.0	5680381110.2	4216098669.3	6656331001.6
6874000000.0	5681073996.0	4216479124.0	6657283479.8
6875000000.0	5681766849.2	4216859536.7	6658235953.4
6876000000.0	5682459669.9	4217239907.5	6659188422.5
6877000000.0	5683152457.9	4217620236.3	6660140887.0
6878000000.0	5683845213.4	4218000523.1	6661093347.0
6879000000.0	5684537936.4	4218380768.0	6662045802.4
6880000000.0	5685230626.7	4218760971.0	6662998253.3
6881000000.0	5685923284.6	4219141132.0	6663950699.6
6882000000.0	5686615909.8	4219521251.1	6664903141.3
6883000000.0	5687308502.5	4219901328.2	6665855578.5
6884000000.0	5688001062.6	4220281363.5	6666808011.2
6885000000.0	5688693590.2	4220661356.8	6667760439.3
6886000000.0	5689386085.3	4221041308.2	6668712862.8
6887000000.0	5690078547.8	4221421217.8	6669665281.8
6888000000.0	5690770977.7	4221801085.4	6670617696.2
6889000000.0	5691463375.1	4222180911.2	6671570106.1
6890000000.0	5692155740.0	4222560695.1	6672522511.5
6891000000.0	5692848072.3	4222940437.1	6673474912.2
6892000000.0	5693540372.1	4223320137.3	6674427308.5
6893000000.0	5694232639.4	4223699795.6	6675379700.1
6894000000.0	5694924874.1	4224079412.1	6676332087.3
6895000000.0	5695617076.3	4224458986.7	6677284469.8
6896000000.0	5696309246.0	4224838519.5	6678236847.8
6897000000.0	5697001383.2	4225218010.5	6679189221.3
6898000000.0	5697693487.8	4225597459.6	6680141590.2
6899000000.0	5698385559.9	4225976867.0	6681093954.6
6900000000.0	5699077599.5	4226356232.5	6682046314.4
6901000000.0	5699769606.6	4226735556.2	6682998669.6
6902000000.0	5700461581.2	4227114838.2	6683951020.3
6903000000.0	5701153523.2	4227494078.4	6684903366.5
6904000000.0	5701845432.8	4227873276.7	6685855708.1
6905000000.0	5702537309.8	4228252433.4	6686808045.1
6906000000.0	5703229154.4	4228631548.2	6687760377.6
6907000000.0	5703920966.4	4229010621.3	6688712705.6
6908000000.0	5704612745.9	4229389652.7	6689665028.9
6909000000.0	5705304493.0	4229768642.3	6690617347.8
6910000000.0	5705996207.5	4230147590.1	6691569662.1
6911000000.0	5706687889.6	4230526496.3	6692521971.8
6912000000.0	5707379539.2	4230905360.7	6693474277.0
6913000000.0	5708071156.2	4231284183.4	6694426577.6
6914000000.0	5708762740.8	4231662964.4	6695378873.7
6915000000.0	5709454293.0	4232041703.7	6696331165.2
6916000000.0	5710145812.6	4232420401.3	6697283452.2
6917000000.0	5710837299.7	4232799057.2	6698235734.6
6918000000.0	5711528754.4	4233177671.5	6699188012.5
6919000000.0	5712220176.6	4233556244.1	6700140285.8
6920000000.0	5712911566.4	4233934774.9	6701092554.5
6921000000.0	5713602923.6	4234313264.2	6702044818.8
6922000000.0	5714294248.4	4234691711.8	6702997078.4
6923000000.0	5714985540.8	4235070117.7	6703949333.5
6924000000.0	5715676800.6	4235448482.0	6704901584.1
6925000000.0	5716368028.1	4235826804.7	6705853830.1
6926000000.0	5717059223.0	4236205085.7	6706806071.5
6927000000.0	5717750385.5	4236583325.2	6707758308.4
6928000000.0	5718441515.6	4236961523.0	6708710540.8
6929000000.0	5719132613.2	4237339679.2	6709662768.6
6930000000.0	5719823678.3	4237717793.8	6710614991.9
6931000000.0	5720514711.0	4238095866.8	6711567210.6
6932000000.0	5721205711.3	4238473898.3	6712519424.7
6933000000.0	5721896679.1	4238851888.1	6713471634.3
6934000000.0	5722587614.5	4239229836.4	6714423839.3
6935000000.0	5723278517.4	4239607743.1	6715376039.8
6936000000.0	5723969387.9	4239985608.3	6716328235.8
6937000000.0	5724660226.0	4240363431.9	6717280427.2
6938000000.0	5725351031.6	4240741214.0	6718232614.0
6939000000.0	5726041804.8	4241118954.6	6719184796.3
6940000000.0	5726732545.6	4241496653.6	6720136974.0
6941000000.0	5727423254.0	4241874311.1	6721089147.2
6942000000.0	5728113930.0	4242251927.1	6722041315.9
6943000000.0	5728804573.5	4242629501.5	6722993479.9
6944000000.0	5729495184.6	4243007034.5	6723945639.5
6945000000.0	5730185763.3	4243384526.0	6724897794.5
6946000000.0	5730876309.6	4243761976.0	6725849944.9
6947000000.0	5731566823.4	4244139384.5	6726802090.8
6948000000.0	5732257304.9	4244516751.5	6727754232.1
6949000000.0	5732947754.0	4244894077.1	6728706368.9
6950000000.0	5733638170.6	4245271361.2	6729658501.1
6951000000.0	5734328554.9	4245648603.8	6730610628.8
6952000000.0	5735018906.8	4246025805.0	6731562751.9
6953000000.0	5735709226.2	4246402964.8	6732514870.5
6954000000.0	5736399513.3	4246780083.1	6733466984.5
6955000000.0	5737089768.0	4247157160.0	6734419094.0
6956000000.0	5737779990.3	4247534195.5	6735371198.9
6957000000.0	5738470180.2	4247911189.6	6736323299.3
6958000000.0	5739160337.7	4248288142.3	6737275395.2
6959000000.0	5739850462.8	4248665053.6	6738227486.4
6960000000.0	5740540555.6	4249041923.4	6739179573.2
6961000000.0	5741230616.0	4249418751.9	6740131655.3
6962000000.0	5741920644.0	4249795539.0	6741083733.0
6963000000.0	5742610639.6	4250172284.8	6742035806.0
6964000000.0	5743300602.9	4250548989.2	6742987874.6
6965000000.0	5743990533.8	4250925652.2	6743939938.5
6966000000.0	5744680432.3	4251302273.9	6744891998.0
6967000000.0	5745370298.5	4251678854.2	6745844052.8
6968000000.0	5746060132.3	4252055393.2	6746796103.2
6969000000.0	5746749933.7	4252431890.9	6747748148.9
6970000000.0	5747439702.8	4252808347.2	6748700190.2
6971000000.0	5748129439.5	4253184762.2	6749652226.8
6972000000.0	5748819143.9	4253561135.9	6750604259.0
6973000000.0	5749508815.9	4253937468.3	6751556286.5
6974000000.0	5750198455.6	4254313759.4	6752508309.6
6975000000.0	5750888062.9	4254690009.3	6753460328.1
6976000000.0	5751577637.9	4255066217.8	6754412342.0
6977000000.0	5752267180.6	4255442385.1	6755364351.4
6978000000.0	5752956690.9	4255818511.1	6756316356.2
6979000000.0	5753646168.9	4256194595.8	6757268356.5
6980000000.0	5754335614.5	4256570639.3	6758220352.2
6981000000.0	5755025027.8	4256946641.5	6759172343.4
6982000000.0	5755714408.8	4257322602.5	6760124330.0
6983000000.0	5756403757.4	4257698522.2	6761076312.1
6984000000.0	5757093073.8	4258074400.8	6762028289.6
6985000000.0	5757782357.8	4258450238.1	6762980262.6
6986000000.0	5758471609.4	4258826034.1	6763932231.0
6987000000.0	5759160828.8	4259201789.0	6764884194.9
6988000000.0	5759850015.8	4259577502.7	6765836154.3
6989000000.0	5760539170.6	4259953175.2	6766788109.0
6990000000.0	5761228293.0	4260328806.5	6767740059.3
6991000000.0	5761917383.1	4260704396.6	6768692005.0
6992000000.0	5762606440.9	4261079945.5	6769643946.1
6993000000.0	5763295466.4	4261455453.3	6770595882.7
6994000000.0	5763984459.6	4261830919.9	6771547814.7
6995000000.0	5764673420.5	4262206345.4	6772499742.2
6996000000.0	5765362349.1	4262581729.7	6773451665.2
6997000000.0	5766051245.4	4262957072.9	6774403583.6
6998000000.0	5766740109.4	4263332374.9	6775355497.4
6999000000.0	5767428941.1	4263707635.8	6776307406.7
7000000000.0	5768117740.6	4264082855.6	6777259311.4
7001000000.0	5768806507.7	4264458034.3	6778211211.6
7002000000.0	5769495242.6	4264833171.9	6779163107.3
7003000000.0	5770183945.1	4265208268.4	6780114998.4
7004000000.0	5770872615.4	4265583323.8	6781066885.0
7005000000.0	5771561253.4	4265958338.1	6782018767.0
7006000000.0	5772249859.2	4266333311.3	6782970644.4
7007000000.0	5772938432.7	4266708243.4	6783922517.3
7008000000.0	5773626973.9	4267083134.5	6784874385.7
7009000000.0	5774315482.8	4267457984.5	6785826249.5
7010000000.0	5775003959.4	4267832793.5	6786778108.7
7011000000.0	5775692403.8	4268207561.4	6787729963.5
7012000000.0	5776380816.0	4268582288.3	6788681813.6
7013000000.0	5777069195.9	4268956974.2	6789633659.2
7014000000.0	5777757543.5	4269331619.0	6790585500.3
7015000000.0	5778445858.8	4269706222.8	6791537336.8
7016000000.0	5779134142.0	4270080785.6	6792489168.8
7017000000.0	5779822392.8	4270455307.4	6793440996.2
7018000000.0	5780510611.4	4270829788.2	6794392819.1
7019000000.0	5781198797.8	4271204228.0	6795344637.4
7020000000.0	5781886951.9	4271578626.8	6796296451.2
7021000000.0	5782575073.8	4271952984.7	6797248260.4
7022000000.0	5783263163.5	4272327301.5	6798200065.1
7023000000.0	5783951220.9	4272701577.4	6799151865.3
7024000000.0	5784639246.0	4273075812.4	6800103660.8
7025000000.0	5785327239.0	4273450006.4	6801055451.9
7026000000.0	5786015199.7	4273824159.5	6802007238.4
7027000000.0	5786703128.2	4274198271.6	6802959020.3
7028000000.0	5787391024.4	4274572342.8	6803910797.7
7029000000.0	5788078888.5	4274946373.0	6804862570.6
7030000000.0	5788766720.3	4275320362.4	6805814338.9
7031000000.0	5789454519.9	4275694310.8	6806766102.6
7032000000.0	5790142287.3	4276068218.3	6807717861.8
7033000000.0	5790830022.4	4276442085.0	6808669616.5
7034000000.0	5791517725.4	4276815910.7	6809621366.6
7035000000.0	5792205396.1	4277189695.6	6810573112.2
7036000000.0	5792893034.7	4277563439.6	6811524853.2
7037000000.0	5793580641.0	4277937142.7	6812476589.6
7038000000.0	5794268215.1	4278310805.0	6813428321.6
7039000000.0	5794955757.1	4278684426.3	6814380048.9
7040000000.0	5795643266.8	4279058006.9	6815331771.8
7041000000.0	5796330744.3	4279431546.6	6816283490.0
7042000000.0	5797018189.7	4279805045.5	6817235203.8
7043000000.0	5797705602.8	4280178503.5	6818186913.0
7044000000.0	5798392983.8	4280551920.7	6819138617.6
7045000000.0	5799080332.6	4280925297.1	6820090317.7
7046000000.0	5799767649.1	4281298632.7	6821042013.2
7047000000.0	5800454933.5	4281671927.5	6821993704.2
7048000000.0	5801142185.8	4282045181.5	6822945390.7
7049000000.0	5801829405.8	4282418394.7	6823897072.6
7050000000.0	5802516593.7	4282791567.1	6824848749.9
7051000000.0	5803203749.4	4283164698.7	6825800422.7
7052000000.0	5803890872.9	4283537789.6	6826752091.0
7053000000.0	5804577964.3	4283910839.7	6827703754.7
7054000000.0	5805265023.5	4284283849.1	6828655413.9
7055000000.0	5805952050.5	4284656817.7	6829607068.5
7056000000.0	5806639045.4	4285029745.5	6830558718.6
7057000000.0	5807326008.1	4285402632.6	6831510364.1
7058000000.0	5808012938.6	4285775479.0	6832462005.1
7059000000.0	5808699837.0	4286148284.7	6833413641.5
7060000000.0	5809386703.2	4286521049.7	6834365273.4
7061000000.0	5810073537.3	4286893773.9	6835316900.7
7062000000.0	5810760339.3	4287266457.5	6836268523.5
7063000000.0	5811447109.1	4287639100.3	6837220141.8
7064000000.0	5812133846.7	4288011702.5	6838171755.5
7065000000.0	5812820552.2	4288384264.0	6839123364.6
7066000000.0	5813507225.6	4288756784.8	6840074969.3
7067000000.0	5814193866.8	4289129264.9	6841026569.3
7068000000.0	5814880475.9	4289501704.4	6841978164.8
7069000000.0	5815567052.9	4289874103.2	6842929755.8
7070000000.0	5816253597.7	4290246461.3	6843881342.2
7071000000.0	5816940110.4	4290618778.9	6844832924.1
7072000000.0	5817626591.0	4290991055.7	6845784501.4
7073000000.0	5818313039.4	4291363292.0	6846736074.2
7074000000.0	5818999455.8	4291735487.6	6847687642.5
7075000000.0	5819685840.0	4292107642.7	6848639206.1
7076000000.0	5820372192.1	4292479757.1	6849590765.3
7077000000.0	5821058512.1	4292851830.9	6850542319.9
7078000000.0	5821744799.9	4293223864.1	6851493870.0
7079000000.0	5822431055.7	4293595856.7	6852445415.5
7080000000.0	5823117279.3	4293967808.7	6853396956.4
7081000000.0	5823803470.9	4294339720.2	6854348492.8
7082000000.0	5824489630.3	4294711591.1	6855300024.7
7083000000.0	5825175757.7	4295083421.4	6856251552.0
7084000000.0	5825861852.9	4295455211.2	6857203074.8
7085000000.0	5826547916.1	4295826960.4	6858154593.1
7086000000.0	5827233947.1	4296198669.1	6859106106.7
7087000000.0	5827919946.1	4296570337.3	6860057615.9
7088000000.0	5828605912.9	4296941964.9	6861009120.5
7089000000.0	5829291847.7	4297313552.0	6861960620.5
7090000000.0	5829977750.4	4297685098.6	6862912116.0
7091000000.0	5830663621.0	4298056604.6	6863863607.0
7092000000.0	5831349459.6	4298428070.2	6864815093.4
7093000000.0	5832035266.0	4298799495.3	6865766575.3
7094000000.0	5832721040.4	4299170879.9	6866718052.6
7095000000.0	5833406782.7	4299542224.0	6867669525.4
7096000000.0	5834092492.9	4299913527.6	6868620993.6
7097000000.0	5834778171.1	4300284790.7	6869572457.3
7098000000.0	5835463817.2	4300656013.4	6870523916.5
7099000000.0	5836149431.2	4301027195.7	6871475371.1
7100000000.0	5836835013.2	4301398337.5	6872426821.1
7101000000.0	5837520563.1	4301769438.8	6873378266.6
7102000000.0	5838206080.9	4302140499.7	6874329707.6
7103000000.0	5838891566.7	4302511520.2	6875281144.0
7104000000.0	5839577020.4	4302882500.2	6876232575.9
7105000000.0	5840262442.1	4303253439.9	6877184003.2
7106000000.0	5840947831.8	4303624339.1	6878135426.0
7107000000.0	5841633189.3	4303995197.9	6879086844.2
7108000000.0	5842318514.9	4304366016.4	6880038257.9
7109000000.0	5843003808.4	4304736794.4	6880989667.1
7110000000.0	5843689069.8	4305107532.0	6881941071.7
7111000000.0	5844374299.3	4305478229.3	6882892471.8
7112000000.0	5845059496.6	4305848886.2	6883843867.3
7113000000.0	5845744662.0	4306219502.8	6884795258.2
7114000000.0	5846429795.3	4306590079.0	6885746644.7
7115000000.0	5847114896.6	4306960614.8	6886698026.6
7116000000.0	5847799965.9	4307331110.3	6887649403.9
7117000000.0	5848485003.1	4307701565.4	6888600776.7
7118000000.0	5849170008.3	4308071980.3	6889552144.9
7119000000.0	5849854981.5	4308442354.8	6890503508.6
7120000000.0	5850539922.7	4308812688.9	6891454867.8
7121000000.0	5851224831.9	4309182982.8	6892406222.4
7122000000.0	5851909709.0	4309553236.4	6893357572.5
7123000000.0	5852594554.1	4309923449.6	6894308918.0
7124000000.0	5853279367.3	4310293622.6	6895260259.0
7125000000.0	5853964148.4	4310663755.3	6896211595.4
7126000000.0	5854648897.5	4311033847.7	6897162927.3
7127000000.0	5855333614.6	4311403899.9	6898114254.7
7128000000.0	5856018299.7	4311773911.8	6899065577.5
7129000000.0	5856702952.9	4312143883.4	6900016895.7
7130000000.0	5857387574.0	4312513814.8	6900968209.5
7131000000.0	5858072163.1	4312883705.9	6901919518.6
7132000000.0	5858756720.2	4313253556.8	6902870823.3
7133000000.0	5859441245.4	4313623367.4	6903822123.3
7134000000.0	5860125738.5	4313993137.9	6904773418.9
7135000000.0	5860810199.7	4314362868.1	6905724709.9
7136000000.0	5861494628.9	4314732558.1	6906675996.3
7137000000.0	5862179026.1	4315102207.9	6907627278.3
7138000000.0	5862863391.4	4315471817.5	6908578555.6
7139000000.0	5863547724.6	4315841386.9	6909529828.4
7140000000.0	5864232025.9	4316210916.1	6910481096.7
7141000000.0	5864916295.2	4316580405.1	6911432360.5
7142000000.0	5865600532.6	4316949854.0	6912383619.7
7143000000.0	5866284738.0	4317319262.7	6913334874.3
7144000000.0	5866968911.4	4317688631.2	6914286124.4
7145000000.0	5867653052.8	4318057959.6	6915237370.0
7146000000.0	5868337162.3	4318427247.8	6916188611.0
7147000000.0	5869021239.9	4318796495.9	6917139847.5
7148000000.0	5869705285.5	4319165703.9	6918091079.4
7149000000.0	5870389299.1	4319534871.8	6919042306.8
7150000000.0	5871073280.8	4319903999.5	6919993529.6
7151000000.0	5871757230.5	4320273087.1	6920944747.9
7152000000.0	5872441148.3	4320642134.6	6921895961.7
7153000000.0	5873125034.1	4321011142.0	6922847170.9
7154000000.0	5873808888.0	4321380109.3	6923798375.6
7155000000.0	5874492710.0	4321749036.5	6924749575.7
7156000000.0	5875176500.0	4322117923.6	6925700771.3
7157000000.0	5875860258.1	4322486770.7	6926651962.3
7158000000.0	5876543984.3	4322855577.7	6927603148.8
7159000000.0	5877227678.5	4323224344.6	6928554330.8
7160000000.0	5877911340.8	4323593071.5	6929505508.2
7161000000.0	5878594971.1	4323961758.3	6930456681.1
7162000000.0	5879278569.6	4324330405.1	6931407849.4
7163000000.0	5879962136.1	4324699011.9	6932359013.2
7164000000.0	5880645670.7	4325067578.6	6933310172.4
7165000000.0	5881329173.4	4325436105.3	6934261327.1
7166000000.0	5882012644.2	4325804592.0	6935212477.3
7167000000.0	5882696083.0	4326173038.7	6936163622.9
7168000000.0	5883379490.0	4326541445.4	6937114764.0
7169000000.0	5884062865.0	4326909812.0	6938065900.5
7170000000.0	5884746208.2	4327278138.7	6939017032.5
7171000000.0	5885429519.4	4327646425.4	6939968159.9
7172000000.0	5886112798.7	4328014672.2	6940919282.8
7173000000.0	5886796046.2	4328382878.9	6941870401.2
7174000000.0	5887479261.7	4328751045.7	6942821515.0
7175000000.0	5888162445.3	4329119172.6	6943772624.3
7176000000.0	5888845597.1	4329487259.5	6944723729.0
7177000000.0	5889528716.9	4329855306.4	6945674829.2
7178000000.0	5890211804.9	4330223313.4	6946625924.9
7179000000.0	5890894861.0	4330591280.5	6947577016.0
7180000000.0	5891577885.2	4330959207.7	6948528102.5
7181000000.0	5892260877.5	4331327094.9	6949479184.6
7182000000.0	5892943837.9	4331694942.2	6950430262.0
7183000000.0	5893626766.5	4332062749.7	6951381335.0
7184000000.0	5894309663.2	4332430517.2	6952332403.4
7185000000.0	5894992528.0	4332798244.8	6953283467.2
7186000000.0	5895675360.9	4333165932.6	6954234526.5
7187000000.0	5896358162.0	4333533580.5	6955185581.3
7188000000.0	5897040931.2	4333901188.5	6956136631.5
7189000000.0	5897723668.6	4334268756.6	6957087677.2
7190000000.0	5898406374.0	4334636284.9	6958038718.4
7191000000.0	5899089047.7	4335003773.3	6958989755.0
7192000000.0	5899771689.4	4335371221.9	6959940787.0
7193000000.0	5900454299.3	4335738630.6	6960891814.5
7194000000.0	5901136877.4	4336105999.5	6961842837.5
7195000000.0	5901819423.6	4336473328.6	6962793855.9
7196000000.0	5902501938.0	4336840617.8	6963744869.8
7197000000.0	5903184420.5	4337207867.3	6964695879.2
7198000000.0	5903866871.2	4337575076.9	6965646884.0
7199000000.0	5904549290.0	4337942246.7	6966597884.3
7200000000.0	5905231677.0	4338309376.8	6967548880.0
7201000000.0	5905914032.1	4338676467.0	6968499871.2
7202000000.0	5906596355.5	4339043517.5	6969450857.8
7203000000.0	5907278647.0	4339410528.2	6970401839.9
7204000000.0	5907960906.6	4339777499.1	6971352817.5
7205000000.0	5908643134.4	4340144430.3	6972303790.5
7206000000.0	5909325330.4	4340511321.7	6973254759.0
7207000000.0	5910007494.6	4340878173.4	6974205722.9
7208000000.0	5910689627.0	4341244985.3	6975156682.3
7209000000.0	5911371727.5	4341611757.5	6976107637.2
7210000000.0	5912053796.3	4341978489.9	6977058587.5
7211000000.0	5912735833.2	4342345182.7	6978009533.3
7212000000.0	5913417838.3	4342711835.7	6978960474.5
7213000000.0	5914099811.6	4343078449.0	6979911411.2
7214000000.0	5914781753.0	4343445022.6	6980862343.3
7215000000.0	5915463662.7	4343811556.5	6981813271.0
7216000000.0	5916145540.6	4344178050.7	6982764194.0
7217000000.0	5916827386.6	4344544505.2	6983715112.5
7218000000.0	5917509200.9	4344910920.1	6984666026.5
7219000000.0	5918190983.4	4345277295.3	6985616936.0
7220000000.0	5918872734.1	4345643630.8	6986567840.9
7221000000.0	5919554453.0	4346009926.6	6987518741.3
7222000000.0	5920236140.1	4346376182.8	6988469637.1
7223000000.0	5920917795.4	4346742399.4	6989420528.4
7224000000.0	5921599418.9	4347108576.3	6990371415.1
7225000000.0	5922281010.6	4347474713.6	6991322297.3
7226000000.0	5922962570.6	4347840811.3	6992273175.0
7227000000.0	5923644098.8	4348206869.3	6993224048.1
7228000000.0	5924325595.2	4348572887.8	6994174916.7
7229000000.0	5925007059.8	4348938866.6	6995125780.7
7230000000.0	5925688492.6	4349304805.8	6996076640.2
7231000000.0	5926369893.7	4349670705.4	6997027495.2
7232000000.0	5927051263.0	4350036565.5	6997978345.6
7233000000.0	5927732600.6	4350402385.9	6998929191.5
7234000000.0	5928413906.4	4350768166.8	6999880032.8
7235000000.0	5929095180.4	4351133908.1	7000830869.6
7236000000.0	5929776422.7	4351499609.9	7001781701.9
7237000000.0	5930457633.2	4351865272.1	7002732529.6
7238000000.0	5931138812.0	4352230894.7	7003683352.8
7239000000.0	5931819959.0	4352596477.9	7004634171.4
7240000000.0	5932501074.2	4352962021.4	7005584985.5
7241000000.0	5933182157.7	4353327525.5	7006535795.1
7242000000.0	5933863209.5	4353692990.0	7007486600.1
7243000000.0	5934544229.5	4354058415.0	7008437400.6
7244000000.0	5935225217.8	4354423800.5	7009388196.5
7245000000.0	5935906174.3	4354789146.5	7010338987.9
7246000000.0	5936587099.1	4355154453.0	7011289774.8
7247000000.0	5937267992.2	4355519720.0	7012240557.1
7248000000.0	5937948853.5	4355884947.5	7013191334.9
7249000000.0	5938629683.1	4356250135.5	7014142108.1
7250000000.0	5939310481.0	4356615284.1	7015092876.8
7251000000.0	5939991247.1	4356980393.2	7016043641.0
7252000000.0	5940671981.6	4357345462.8	7016994400.6
7253000000.0	5941352684.3	4357710493.0	7017945155.7
7254000000.0	5942033355.3	4358075483.8	7018895906.2
7255000000.0	5942713994.5	4358440435.1	7019846652.2
7256000000.0	5943394602.1	4358805347.0	7020797393.7
7257000000.0	5944075177.9	4359170219.4	7021748130.6
7258000000.0	5944755722.1	4359535052.4	7022698863.0
7259000000.0	5945436234.5	4359899846.0	7023649590.8
7260000000.0	5946116715.2	4360264600.2	7024600314.1
7261000000.0	5946797164.2	4360629315.0	7025551032.9
7262000000.0	5947477581.5	4360993990.5	7026501747.1
7263000000.0	5948157967.1	4361358626.5	7027452456.8
7264000000.0	5948838321.1	4361723223.1	7028403162.0
7265000000.0	5949518643.3	4362087780.4	7029353862.6
7266000000.0	5950198933.8	4362452298.3	7030304558.6
7267000000.0	5950879192.7	4362816776.8	7031255250.2
7268000000.0	5951559419.8	4363181216.0	7032205937.2
7269000000.0	5952239615.3	4363545615.8	7033156619.6
7270000000.0	5952919779.1	4363909976.3	7034107297.5
7271000000.0	5953599911.2	4364274297.4	7035057970.9
7272000000.0	5954280011.6	4364638579.2	7036008639.8
7273000000.0	5954960080.3	4365002821.7	7036959304.1
7274000000.0	5955640117.4	4365367024.9	7037909963.8
7275000000.0	5956320122.8	4365731188.7	7038860619.0
7276000000.0	5957000096.5	4366095313.3	7039811269.7
7277000000.0	5957680038.6	4366459398.5	7040761915.9
7278000000.0	5958359949.0	4366823444.5	7041712557.5
7279000000.0	5959039827.7	4367187451.1	7042663194.5
7280000000.0	5959719674.8	4367551418.5	7043613827.1
7281000000.0	5960399490.2	4367915346.6	7044564455.1
7282000000.0	5961079273.9	4368279235.5	7045515078.5
7283000000.0	5961759026.0	4368643085.1	7046465697.4
7284000000.0	5962438746.5	4369006895.4	7047416311.8
7285000000.0	5963118435.3	4369370666.5	7048366921.6
7286000000.0	5963798092.4	4369734398.3	7049317526.9
7287000000.0	5964477717.9	4370098091.0	7050268127.7
7288000000.0	5965157311.8	4370461744.3	7051218723.9
7289000000.0	5965836874.0	4370825358.5	7052169315.6
7290000000.0	5966516404.6	4371188933.4	7053119902.7
7291000000.0	5967195903.5	4371552469.2	7054070485.3
7292000000.0	5967875370.8	4371915965.7	7055021063.4
7293000000.0	5968554806.5	4372279423.0	7055971636.9
7294000000.0	5969234210.5	4372642841.2	7056922205.9
7295000000.0	5969913582.9	4373006220.1	7057872770.4
7296000000.0	5970592923.7	4373369559.9	7058823330.3
7297000000.0	5971272232.9	4373732860.5	7059773885.7
7298000000.0	5971951510.4	4374096121.9	7060724436.5
7299000000.0	5972630756.3	4374459344.2	7061674982.8
7300000000.0	5973309970.7	4374822527.3	7062625524.6
7301000000.0	5973989153.3	4375185671.3	7063576061.8
7302000000.0	5974668304.4	4375548776.2	7064526594.5
7303000000.0	5975347423.9	4375911841.9	7065477122.7
7304000000.0	5976026511.7	4376274868.4	7066427646.3
7305000000.0	5976705568.0	4376637855.9	7067378165.4
7306000000.0	5977384592.6	4377000804.2	7068328679.9
7307000000.0	5978063585.7	4377363713.5	7069279189.9
7308000000.0	5978742547.1	4377726583.6	7070229695.4
7309000000.0	5979421477.0	4378089414.7	7071180196.3
7310000000.0	5980100375.2	4378452206.6	7072130692.7
7311000000.0	5980779241.9	4378814959.5	7073081184.5
7312000000.0	5981458076.9	4379177673.3	7074031671.8
7313000000.0	5982136880.4	4379540348.0	7074982154.6
7314000000.0	5982815652.3	4379902983.6	7075932632.9
7315000000.0	5983494392.6	4380265580.2	7076883106.6
7316000000.0	5984173101.4	4380628137.8	7077833575.7
7317000000.0	5984851778.5	4380990656.3	7078784040.4
7318000000.0	5985530424.1	4381353135.7	7079734500.4
7319000000.0	5986209038.1	4381715576.2	7080684956.0
7320000000.0	5986887620.5	4382077977.6	7081635407.0
7321000000.0	5987566171.3	4382440339.9	7082585853.5
7322000000.0	5988244690.6	4382802663.3	7083536295.4
7323000000.0	5988923178.3	4383164947.7	7084486732.8
7324000000.0	5989601634.5	4383527193.0	7085437165.7
7325000000.0	5990280059.1	4383889399.4	7086387594.0
7326000000.0	5990958452.1	4384251566.8	7087338017.8
7327000000.0	5991636813.6	4384613695.2	7088288437.1
7328000000.0	5992315143.5	4384975784.6	7089238851.8
7329000000.0	5992993441.9	4385337835.0	7090189262.0
7330000000.0	5993671708.7	4385699846.5	7091139667.6
7331000000.0	5994349943.9	4386061819.0	7092090068.8
7332000000.0	5995028147.6	4386423752.6	7093040465.3
7333000000.0	5995706319.8	4386785647.3	7093990857.4
7334000000.0	5996384460.4	4387147503.0	7094941244.9
7335000000.0	5997062569.5	4387509319.7	7095891627.8
7336000000.0	5997740647.1	4387871097.6	7096842006.3
7337000000.0	5998418693.1	4388232836.5	7097792380.2
7338000000.0	5999096707.6	4388594536.5	7098742749.5
7339000000.0	5999774690.5	4388956197.6	7099693114.3
7340000000.0	6000452642.0	4389317819.8	7100643474.6
7341000000.0	6001130561.8	4389679403.1	7101593830.4
7342000000.0	6001808450.2	4390040947.5	7102544181.6
7343000000.0	6002486307.1	4390402453.1	7103494528.2
7344000000.0	6003164132.4	4390763919.7	7104444870.4
7345000000.0	6003841926.2	4391125347.5	7105395208.0
7346000000.0	6004519688.5	4391486736.5	7106345541.0
7347000000.0	6005197419.3	4391848086.5	7107295869.6
7348000000.0	6005875118.5	4392209397.8	7108246193.6
7349000000.0	6006552786.3	4392570670.1	7109196513.0
7350000000.0	6007230422.5	4392931903.7	7110146827.9
7351000000.0	6007908027.3	4393293098.4	7111097138.3
7352000000.0	6008585600.5	4393654254.3	7112047444.2
7353000000.0	6009263142.3	4394015371.4	7112997745.5
7354000000.0	6009940652.5	4394376449.6	7113948042.3
7355000000.0	6010618131.3	4394737489.1	7114898334.5
7356000000.0	6011295578.5	4395098489.7	7115848622.2
7357000000.0	6011972994.3	4395459451.6	7116798905.4
7358000000.0	6012650378.6	4395820374.7	7117749184.0
7359000000.0	6013327731.3	4396181259.0	7118699458.1
7360000000.0	6014005052.6	4396542104.5	7119649727.7
7361000000.0	6014682342.5	4396902911.2	7120599992.7
7362000000.0	6015359600.8	4397263679.2	7121550253.2
7363000000.0	6016036827.6	4397624408.4	7122500509.2
7364000000.0	6016714023.0	4397985098.9	7123450760.6
7365000000.0	6017391186.9	4398345750.7	7124401007.5
7366000000.0	6018068319.4	4398706363.7	7125351249.8
7367000000.0	6018745420.3	4399066937.9	7126301487.6
7368000000.0	6019422489.8	4399427473.5	7127251720.9
7369000000.0	6020099527.9	4399787970.3	7128201949.7
7370000000.0	6020776534.4	4400148428.4	7129152173.9
7371000000.0	6021453509.5	4400508847.8	7130102393.5
7372000000.0	6022130453.2	4400869228.6	7131052608.7
7373000000.0	6022807365.4	4401229570.6	7132002819.3
7374000000.0	6023484246.1	4401589873.9	7132953025.3
7375000000.0	6024161095.4	4401950138.6	7133903226.9
7376000000.0	6024837913.2	4402310364.5	7134853423.9
7377000000.0	6025514699.6	4402670551.8	7135803616.3
7378000000.0	6026191454.6	4403030700.5	7136753804.3
7379000000.0	6026868178.1	4403390810.5	7137703987.7
7380000000.0	6027544870.1	4403750881.8	7138654166.5
7381000000.0	6028221530.7	4404110914.5	7139604340.8
7382000000.0	6028898159.9	4404470908.6	7140554510.6
7383000000.0	6029574757.7	4404830864.0	7141504675.9
7384000000.0	6030251324.0	4405190780.8	7142454836.6
7385000000.0	6030927858.9	4405550659.0	7143404992.8
7386000000.0	6031604362.3	4405910498.6	7144355144.4
7387000000.0	6032280834.4	4406270299.5	7145305291.6
7388000000.0	6032957275.0	4406630061.9	7146255434.1
7389000000.0	6033633684.1	4406989785.7	7147205572.2
7390000000.0	6034310061.9	4407349470.8	7148155705.7
7391000000.0	6034986408.3	4407709117.4	7149105834.7
7392000000.0	6035662723.2	4408068725.5	7150055959.1
7393000000.0	6036339006.7	4408428294.9	7151006079.0
7394000000.0	6037015258.8	4408787825.8	7151956194.4
7395000000.0	6037691479.5	4409147318.2	7152906305.2
7396000000.0	6038367668.8	4409506772.0	7153856411.5
7397000000.0	6039043826.7	4409866187.2	7154806513.3
7398000000.0	6039719953.2	4410225563.9	7155756610.5
7399000000.0	6040396048.3	4410584902.1	7156706703.2
7400000000.0	6041072112.0	4410944201.8	7157656791.4
7401000000.0	6041748144.3	4411303462.9	7158606875.0
7402000000.0	6042424145.2	4411662685.5	7159556954.1
7403000000.0	6043100114.7	4412021869.6	7160507028.7
7404000000.0	6043776052.8	4412381015.3	7161457098.7
7405000000.0	6044451959.5	4412740122.4	7162407164.2
7406000000.0	6045127834.9	4413099191.0	7163357225.2
7407000000.0	6045803678.9	4413458221.2	7164307281.6
7408000000.0	6046479491.4	4413817212.8	7165257333.5
7409000000.0	6047155272.7	4414176166.0	7166207380.9
7410000000.0	6047831022.5	4414535080.8	7167157423.7
7411000000.0	6048506740.9	4414893957.1	7168107462.0
7412000000.0	6049182428.0	4415252794.9	7169057495.8
7413000000.0	6049858083.8	4415611594.3	7170007525.0
7414000000.0	6050533708.1	4415970355.3	7170957549.7
7415000000.0	6051209301.1	4416329077.8	7171907569.9
7416000000.0	6051884862.7	4416687761.9	7172857585.5
7417000000.0	6052560393.0	4417046407.5	7173807596.6
7418000000.0	6053235891.9	4417405014.8	7174757603.1
7419000000.0	6053911359.5	4417763583.7	7175707605.2
7420000000.0	6054586795.7	4418122114.1	7176657602.7
7421000000.0	6055262200.5	4418480606.2	7177607595.6
7422000000.0	6055937574.0	4418839059.8	7178557584.0
7423000000.0	6056612916.2	4419197475.1	7179507567.9
7424000000.0	6057288227.0	4419555852.0	7180457547.3
7425000000.0	6057963506.4	4419914190.6	7181407522.1
7426000000.0	6058638754.6	4420272490.7	7182357492.4
7427000000.0	6059313971.3	4420630752.6	7183307458.2
7428000000.0	6059989156.8	4420988976.0	7184257419.4
7429000000.0	6060664310.9	4421347161.1	7185207376.1
7430000000.0	6061339433.7	4421705307.9	7186157328.2
7431000000.0	6062014525.1	4422063416.4	7187107275.9
7432000000.0	6062689585.3	4422421486.5	7188057219.0
7433000000.0	6063364614.0	4422779518.3	7189007157.5
7434000000.0	6064039611.5	4423137511.8	7189957091.6
7435000000.0	6064714577.7	4423495466.9	7190907021.1
7436000000.0	6065389512.5	4423853383.8	7191856946.0
7437000000.0	6066064416.0	4424211262.4	7192806866.4
7438000000.0	6066739288.2	4424569102.7	7193756782.3
7439000000.0	6067414129.1	4424926904.7	7194706693.7
7440000000.0	6068088938.7	4425284668.4	7195656600.5
7441000000.0	6068763717.0	4425642393.9	7196606502.8
7442000000.0	6069438463.9	4426000081.0	7197556400.6
7443000000.0	6070113179.6	4426357730.0	7198506293.8
7444000000.0	6070787864.0	4426715340.6	7199456182.5
7445000000.0	6071462517.0	4427072913.1	7200406066.7
7446000000.0	6072137138.8	4427430447.3	7201355946.3
7447000000.0	6072811729.3	4427787943.2	7202305821.4
7448000000.0	6073486288.4	4428145400.9	7203255692.0
7449000000.0	6074160816.3	4428502820.4	7204205558.0
7450000000.0	6074835312.9	4428860201.7	7205155419.6
7451000000.0	6075509778.2	4429217544.8	7206105276.5
7452000000.0	6076184212.3	4429574849.7	7207055129.0
7453000000.0	6076858615.0	4429932116.3	7208004976.9
7454000000.0	6077532986.5	4430289344.8	7208954820.3
7455000000.0	6078207326.7	4430646535.1	7209904659.1
7456000000.0	6078881635.6	4431003687.2	7210854493.4
7457000000.0	6079555913.2	4431360801.1	7211804323.2
7458000000.0	6080230159.6	4431717876.9	7212754148.4
7459000000.0	6080904374.7	4432074914.5	7213703969.2
7460000000.0	6081578558.5	4432431914.0	7214653785.3
7461000000.0	6082252711.1	4432788875.3	7215603597.0
7462000000.0	6082926832.4	4433145798.5	7216553404.1
7463000000.0	6083600922.5	4433502683.5	7217503206.7
7464000000.0	6084274981.3	4433859530.4	7218453004.8
7465000000.0	6084949008.8	4434216339.2	7219402798.3
7466000000.0	6085623005.1	4434573109.8	7220352587.3
7467000000.0	6086296970.1	4434929842.4	7221302371.7
7468000000.0	6086970903.9	4435286536.8	7222252151.7
7469000000.0	6087644806.4	4435643193.1	7223201927.1
7470000000.0	6088318677.7	4435999811.4	7224151697.9
7471000000.0	6088992517.7	4436356391.5	7225101464.3
7472000000.0	6089666326.5	4436712933.6	7226051226.1
7473000000.0	6090340104.1	4437069437.6	7227000983.3
7474000000.0	6091013850.4	4437425903.5	7227950736.1
7475000000.0	6091687565.5	4437782331.4	7228900484.3
7476000000.0	6092361249.4	4438138721.2	7229850228.0
7477000000.0	6093034902.0	4438495073.0	7230799967.1
7478000000.0	6093708523.4	4438851386.7	7231749701.7
7479000000.0	6094382113.6	4439207662.3	7232699431.8
7480000000.0	6095055672.6	4439563900.0	7233649157.4
7481000000.0	6095729200.3	4439920099.6	7234598878.4
7482000000.0	6096402696.8	4440276261.2	7235548594.9
7483000000.0	6097076162.1	4440632384.8	7236498306.8
7484000000.0	6097749596.2	4440988470.3	7237448014.3
7485000000.0	6098422999.1	4441344517.9	7238397717.2
7486000000.0	6099096370.8	4441700527.5	7239347415.5
7487000000.0	6099769711.2	4442056499.1	7240297109.4
7488000000.0	6100443020.5	4442412432.7	7241246798.7
7489000000.0	6101116298.5	4442768328.3	7242196483.4
7490000000.0	6101789545.4	4443124185.9	7243146163.7
7491000000.0	6102462761.0	4443480005.6	7244095839.4
7492000000.0	6103135945.4	4443835787.3	7245045510.6
7493000000.0	6103809098.7	4444191531.1	7245995177.2
7494000000.0	6104482220.8	4444547236.9	7246944839.3
7495000000.0	6105155311.6	4444902904.8	7247894496.9
7496000000.0	6105828371.3	4445258534.8	7248844150.0
7497000000.0	6106501399.8	4445614126.8	7249793798.5
7498000000.0	6107174397.1	4445969680.9	7250743442.5
7499000000.0	6107847363.2	4446325197.1	7251693082.0
7500000000.0	6108520298.2	4446680675.3	7252642716.9
7501000000.0	6109193202.0	4447036115.7	7253592347.3
7502000000.0	6109866074.6	4447391518.1	7254541973.2
7503000000.0	6110538916.0	4447746882.7	7255491594.5
7504000000.0	6111211726.2	4448102209.4	7256441211.4
7505000000.0	6111884505.3	4448457498.2	7257390823.6
7506000000.0	6112557253.2	4448812749.1	7258340431.4
7507000000.0	6113229970.0	4449167962.2	7259290034.6
7508000000.0	6113902655.6	4449523137.4	7260239633.3
7509000000.0	6114575310.0	4449878274.7	7261189227.5
7510000000.0	6115247933.3	4450233374.2	7262138817.1
7511000000.0	6115920525.4	4450588435.9	7263088402.2
7512000000.0	6116593086.4	4450943459.7	7264037982.8
7513000000.0	6117265616.2	4451298445.7	7264987558.8
7514000000.0	6117938114.8	4451653393.8	7265937130.3
7515000000.0	6118610582.3	4452008304.1	7266886697.3
7516000000.0	6119283018.7	4452363176.7	7267836259.8
7517000000.0	6119955423.9	4452718011.4	7268785817.7
7518000000.0	6120627798.0	4453072808.3	7269735371.1
7519000000.0	6121300141.0	4453427567.4	7270684919.9
7520000000.0	6121972452.8	4453782288.7	7271634464.3
7521000000.0	6122644733.4	4454136972.2	7272584004.1
7522000000.0	6123316983.0	4454491618.0	7273533539.3
7523000000.0	6123989201.4	4454846226.0	7274483070.1
7524000000.0	6124661388.7	4455200796.2	7275432596.3
7525000000.0	6125333544.8	4455555328.7	7276382118.0
7526000000.0	6126005669.9	4455909823.4	7277331635.1
7527000000.0	6126677763.8	4456264280.4	7278281147.8
7528000000.0	6127349826.6	4456618699.6	7279230655.9
7529000000.0	6128021858.2	4456973081.1	7280180159.4
7530000000.0	6128693858.8	4457327424.8	7281129658.5
7531000000.0	6129365828.3	4457681730.9	7282079153.0
7532000000.0	6130037766.6	4458035999.2	7283028642.9
7533000000.0	6130709673.8	4458390229.8	7283978128.4
7534000000.0	6131381550.0	4458744422.7	7284927609.3
7535000000.0	6132053395.0	4459098577.9	7285877085.7
7536000000.0	6132725208.9	4459452695.4	7286826557.6
7537000000.0	6133396991.7	4459806775.2	7287776024.9
7538000000.0	6134068743.4	4460160817.4	7288725487.7
7539000000.0	6134740464.1	4460514821.8	7289674946.0
7540000000.0	6135412153.6	4460868788.6	7290624399.7
7541000000.0	6136083812.0	4461222717.8	7291573848.9
7542000000.0	6136755439.4	4461576609.2	7292523293.6
7543000000.0	6137427035.6	4461930463.1	7293472733.8
7544000000.0	6138098600.8	4462284279.3	7294422169.4
7545000000.0	6138770134.9	4462638057.8	7295371600.5
7546000000.0	6139441637.9	4462991798.7	7296321027.1
7547000000.0	6140113109.9	4463345502.0	7297270449.1
7548000000.0	6140784550.7	4463699167.7	7298219866.6
7549000000.0	6141455960.5	4464052795.7	7299169279.6
7550000000.0	6142127339.2	4464406386.1	7300118688.1
7551000000.0	6142798686.9	4464759939.0	7301068092.0
7552000000.0	6143470003.5	4465113454.2	7302017491.4
7553000000.0	6144141289.0	4465466931.9	7302966886.2
7554000000.0	6144812543.4	4465820371.9	7303916276.6
7555000000.0	6145483766.8	4466173774.4	7304865662.4
7556000000.0	6146154959.2	4466527139.3	7305815043.7
7557000000.0	6146826120.4	4466880466.7	7306764420.4
7558000000.0	6147497250.7	4467233756.5	7307713792.7
7559000000.0	6148168349.8	4467587008.7	7308663160.4
7560000000.0	6148839418.0	4467940223.4	7309612523.5
7561000000.0	6149510455.0	4468293400.5	7310561882.2
7562000000.0	6150181461.0	4468646540.1	7311511236.3
7563000000.0	6150852436.0	4468999642.2	7312460585.9
7564000000.0	6151523380.0	4469352706.8	7313409930.9
7565000000.0	6152194292.9	4469705733.8	7314359271.5
7566000000.0	6152865174.7	4470058723.3	7315308607.5
7567000000.0	6153536025.6	4470411675.3	7316257938.9
7568000000.0	6154206845.4	4470764589.8	7317207265.9
7569000000.0	6154877634.1	4471117466.9	7318156588.3
7570000000.0	6155548391.9	4471470306.4	7319105906.2
7571000000.0	6156219118.6	4471823108.4	7320055219.5
7572000000.0	6156889814.3	4472175873.0	7321004528.4
7573000000.0	6157560478.9	4472528600.1	7321953832.7
7574000000.0	6158231112.6	4472881289.7	7322903132.5
7575000000.0	6158901715.2	4473233941.9	7323852427.7
7576000000.0	6159572286.8	4473586556.6	7324801718.4
7577000000.0	6160242827.4	4473939133.9	7325751004.6
7578000000.0	6160913337.0	4474291673.7	7326700286.3
7579000000.0	6161583815.5	4474644176.1	7327649563.4
7580000000.0	6162254263.1	4474996641.1	7328598836.0
7581000000.0	6162924679.7	4475349068.6	7329548104.1
7582000000.0	6163595065.2	4475701458.8	7330497367.7
7583000000.0	6164265419.8	4476053811.5	7331446626.7
7584000000.0	6164935743.4	4476406126.8	7332395881.2
7585000000.0	6165606035.9	4476758404.7	7333345131.2
7586000000.0	6166276297.5	4477110645.2	7334294376.6
7587000000.0	6166946528.1	4477462848.4	7335243617.5
7588000000.0	6167616727.7	4477815014.1	7336192853.9
7589000000.0	6168286896.3	4478167142.5	7337142085.8
7590000000.0	6168957033.9	4478519233.5	7338091313.1
7591000000.0	6169627140.5	4478871287.2	7339040535.9
7592000000.0	6170297216.2	4479223303.4	7339989754.2
7593000000.0	6170967260.8	4479575282.4	7340938968.0
7594000000.0	6171637274.5	4479927224.0	7341888177.2
7595000000.0	6172307257.3	4480279128.2	7342837381.9
7596000000.0	6172977209.0	4480630995.1	7343786582.1
7597000000.0	6173647129.8	4480982824.7	7344735777.7
7598000000.0	6174317019.6	4481334617.0	7345684968.8
7599000000.0	6174986878.4	4481686372.0	7346634155.4
7600000000.0	6175656706.3	4482038089.6	7347583337.5
7601000000.0	6176326503.2	4482389769.9	7348532515.0
7602000000.0	6176996269.2	4482741413.0	7349481688.1
7603000000.0	6177666004.2	4483093018.7	7350430856.5
7604000000.0	6178335708.2	4483444587.2	7351380020.5
7605000000.0	6179005381.3	4483796118.4	7352329179.9
7606000000.0	6179675023.4	4484147612.3	7353278334.8
7607000000.0	6180344634.6	4484499068.9	7354227485.2
7608000000.0	6181014214.9	4484850488.3	7355176631.1
7609000000.0	6181683764.2	4485201870.5	7356125772.4
7610000000.0	6182353282.5	4485553215.3	7357074909.2
7611000000.0	6183022769.9	4485904523.0	7358024041.5
7612000000.0	6183692226.4	4486255793.3	7358973169.2
7613000000.0	6184361652.0	4486607026.5	7359922292.4
7614000000.0	6185031046.6	4486958222.4	7360871411.1
7615000000.0	6185700410.2	4487309381.2	7361820525.3
7616000000.0	6186369743.0	4487660502.6	7362769634.9
7617000000.0	6187039044.8	4488011586.9	7363718740.1
7618000000.0	6187708315.7	4488362634.0	7364667840.6
7619000000.0	6188377555.7	4488713643.9	7365616936.7
7620000000.0	6189046764.7	4489064616.6	7366566028.2
7621000000.0	6189715942.8	4489415552.1	7367515115.2
7622000000.0	6190385090.0	4489766450.5	7368464197.7
7623000000.0	6191054206.3	4490117311.6	7369413275.7
7624000000.0	6191723291.7	4490468135.6	7370362349.1
7625000000.0	6192392346.2	4490818922.4	7371311418.0
7626000000.0	6193061369.8	4491169672.1	7372260482.4
7627000000.0	6193730362.4	4491520384.6	7373209542.3
7628000000.0	6194399324.2	4491871060.0	7374158597.6
7629000000.0	6195068255.0	4492221698.3	7375107648.4
7630000000.0	6195737155.0	4492572299.4	7376056694.7
7631000000.0	6196406024.0	4492922863.4	7377005736.4
7632000000.0	6197074862.2	4493273390.2	7377954773.6
7633000000.0	6197743669.5	4493623880.0	7378903806.3
7634000000.0	6198412445.8	4493974332.6	7379852834.5
7635000000.0	6199081191.3	4494324748.2	7380801858.2
7636000000.0	6199749905.9	4494675126.6	7381750877.3
7637000000.0	6200418589.6	4495025468.0	7382699891.9
7638000000.0	6201087242.5	4495375772.3	7383648902.0
7639000000.0	6201755864.4	4495726039.5	7384597907.5
7640000000.0	6202424455.5	4496076269.6	7385546908.5
7641000000.0	6203093015.7	4496426462.6	7386495905.0
7642000000.0	6203761545.0	4496776618.6	7387444897.0
7643000000.0	6204430043.4	4497126737.6	7388393884.4
7644000000.0	6205098511.0	4497476819.5	7389342867.3
7645000000.0	6205766947.7	4497826864.3	7390291845.7
7646000000.0	6206435353.6	4498176872.1	7391240819.6
7647000000.0	6207103728.6	4498526842.9	7392189788.9
7648000000.0	6207772072.7	4498876776.6	7393138753.8
7649000000.0	6208440386.0	4499226673.4	7394087714.1
7650000000.0	6209108668.4	4499576533.1	7395036669.8
7651000000.0	6209776919.9	4499926355.8	7395985621.1
7652000000.0	6210445140.6	4500276141.5	7396934567.8
7653000000.0	6211113330.5	4500625890.2	7397883510.0
7654000000.0	6211781489.5	4500975601.9	7398832447.6
7655000000.0	6212449617.6	4501325276.7	7399781380.8
7656000000.0	6213117714.9	4501674914.4	7400730309.4
7657000000.0	6213785781.4	4502024515.2	7401679233.5
7658000000.0	6214453817.0	4502374079.0	7402628153.1
7659000000.0	6215121821.8	4502723605.9	7403577068.1
7660000000.0	6215789795.8	4503073095.8	7404525978.6
7661000000.0	6216457738.9	4503422548.8	7405474884.6
7662000000.0	6217125651.2	4503771964.8	7406423786.1
7663000000.0	6217793532.6	4504121343.8	7407372683.0
7664000000.0	6218461383.3	4504470686.0	7408321575.5
7665000000.0	6219129203.1	4504819991.2	7409270463.4
7666000000.0	6219796992.0	4505169259.5	7410219346.7
7667000000.0	6220464750.2	4505518490.9	7411168225.6
7668000000.0	6221132477.6	4505867685.3	7412117099.9
7669000000.0	6221800174.1	4506216842.9	7413065969.7
7670000000.0	6222467839.8	4506565963.6	7414014835.0
7671000000.0	6223135474.7	4506915047.4	7414963695.7
7672000000.0	6223803078.8	4507264094.3	7415912551.9
7673000000.0	6224470652.1	4507613104.3	7416861403.7
7674000000.0	6225138194.6	4507962077.5	7417810250.8
7675000000.0	6225805706.2	4508311013.7	7418759093.5
7676000000.0	6226473187.1	4508659913.2	7419707931.6
7677000000.0	6227140637.2	4509008775.7	7420656765.2
7678000000.0	6227808056.5	4509357601.4	7421605594.3
7679000000.0	6228475444.9	4509706390.3	7422554418.9
7680000000.0	6229142802.6	4510055142.3	7423503238.9
7681000000.0	6229810129.5	4510403857.5	7424452054.4
7682000000.0	6230477425.6	4510752535.9	7425400865.4
7683000000.0	6231144691.0	4511101177.5	7426349671.8
7684000000.0	6231811925.5	4511449782.2	7427298473.8
7685000000.0	6232479129.3	4511798350.1	7428247271.2
7686000000.0	6233146302.2	4512146881.3	7429196064.1
7687000000.0	6233813444.4	4512495375.6	7430144852.4
7688000000.0	6234480555.8	4512843833.2	7431093636.3
7689000000.0	6235147636.5	4513192253.9	7432042415.6
7690000000.0	6235814686.4	4513540637.9	7432991190.4
7691000000.0	6236481705.5	4513888985.1	7433939960.7
7692000000.0	6237148693.8	4514237295.5	7434888726.4
7693000000.0	6237815651.4	4514585569.2	7435837487.6
7694000000.0	6238482578.2	4514933806.1	7436786244.3
7695000000.0	6239149474.2	4515282006.3	7437734996.5
7696000000.0	6239816339.5	4515630169.7	7438683744.2
7697000000.0	6240483174.1	4515978296.4	7439632487.3
7698000000.0	6241149977.9	4516326386.3	7440581225.9
7699000000.0	6241816750.9	4516674439.6	7441529960.0
7700000000.0	6242483493.2	4517022456.1	7442478689.6
7701000000.0	6243150204.7	4517370435.9	7443427414.6
7702000000.0	6243816885.5	4517718378.9	7444376135.1
7703000000.0	6244483535.5	4518066285.3	7445324851.1
7704000000.0	6245150154.8	4518414155.0	7446273562.6
7705000000.0	6245816743.4	4518761988.0	7447222269.5
7706000000.0	6246483301.2	4519109784.3	7448170971.9
7707000000.0	6247149828.3	4519457543.9	7449119669.8
7708000000.0	6247816324.6	4519805266.8	7450068363.2
7709000000.0	6248482790.2	4520152953.1	7451017052.1
7710000000.0	6249149225.1	4520500602.7	7451965736.4
7711000000.0	6249815629.3	4520848215.7	7452914416.2
7712000000.0	6250482002.7	4521195792.0	7453863091.5
7713000000.0	6251148345.4	4521543331.7	7454811762.2
7714000000.0	6251814657.4	4521890834.7	7455760428.5
7715000000.0	6252480938.7	4522238301.1	7456709090.2
7716000000.0	6253147189.3	4522585730.8	7457657747.4
7717000000.0	6253813409.1	4522933124.0	7458606400.1
7718000000.0	6254479598.2	4523280480.5	7459555048.2
7719000000.0	6255145756.7	4523627800.4	7460503691.8
7720000000.0	6255811884.4	4523975083.7	7461452330.9
7721000000.0	6256477981.4	4524322330.4	7462400965.5
7722000000.0	6257144047.7	4524669540.5	7463349595.6
7723000000.0	6257810083.3	4525016714.0	7464298221.1
7724000000.0	6258476088.2	4525363851.0	7465246842.1
7725000000.0	6259142062.4	4525710951.3	7466195458.6
7726000000.0	6259808005.9	4526058015.1	7467144070.6
7727000000.0	6260473918.7	4526405042.4	7468092678.0
7728000000.0	6261139800.9	4526752033.0	7469041280.9
7729000000.0	6261805652.3	4527098987.1	7469989879.4
7730000000.0	6262471473.1	4527445904.7	7470938473.2
7731000000.0	6263137263.1	4527792785.7	7471887062.6
7732000000.0	6263803022.5	4528139630.2	7472835647.4
7733000000.0	6264468751.2	4528486438.2	7473784227.7
7734000000.0	6265134449.3	4528833209.7	7474732803.5
7735000000.0	6265800116.6	4529179944.6	7475681374.8
7736000000.0	6266465753.3	4529526643.0	7476629941.5
7737000000.0	6267131359.3	4529873304.9	7477578503.8
7738000000.0	6267796934.6	4530219930.3	7478527061.5
7739000000.0	6268462479.3	4530566519.2	7479475614.7
7740000000.0	6269127993.3	4530913071.6	7480424163.3
7741000000.0	6269793476.6	4531259587.6	7481372707.5
7742000000.0	6270458929.3	4531606067.0	7482321247.1
7743000000.0	6271124351.3	4531952510.0	7483269782.2
7744000000.0	6271789742.7	4532298916.5	7484218312.7
7745000000.0	6272455103.4	4532645286.6	7485166838.8
7746000000.0	6273120433.5	4532991620.2	7486115360.3
7747000000.0	6273785732.9	4533337917.4	7487063877.3
7748000000.0	6274451001.6	4533684178.1	7488012389.8
7749000000.0	6275116239.7	4534030402.4	7488960897.8
7750000000.0	6275781447.2	4534376590.2	7489909401.2
7751000000.0	6276446624.0	4534722741.6	7490857900.1
7752000000.0	6277111770.2	4535068856.6	7491806394.5
7753000000.0	6277776885.8	4535414935.2	7492754884.4
7754000000.0	6278441970.7	4535760977.4	7493703369.8
7755000000.0	6279107024.9	4536106983.2	7494651850.6
7756000000.0	6279772048.6	4536452952.6	7495600326.9
7757000000.0	6280437041.6	4536798885.6	7496548798.7
7758000000.0	6281102004.0	4537144782.2	7497497266.0
7759000000.0	6281766935.7	4537490642.4	7498445728.8
7760000000.0	6282431836.9	4537836466.2	7499394187.0
7761000000.0	6283096707.4	4538182253.7	7500342640.7
7762000000.0	6283761547.3	4538528004.8	7501291089.9
7763000000.0	6284426356.6	4538873719.6	7502239534.6
7764000000.0	6285091135.3	4539219398.0	7503187974.7
7765000000.0	6285755883.3	4539565040.1	7504136410.3
7766000000.0	6286420600.8	4539910645.8	7505084841.4
7767000000.0	6287085287.6	4540256215.2	7506033268.0
7768000000.0	6287749943.8	4540601748.3	7506981690.1
7769000000.0	6288414569.4	4540947245.0	7507930107.6
7770000000.0	6289079164.5	4541292705.4	7508878520.7
7771000000.0	6289743728.9	4541638129.5	7509826929.2
7772000000.0	6290408262.7	4541983517.4	7510775333.1
7773000000.0	6291072766.0	4542328868.9	7511723732.6
7774000000.0	6291737238.6	4542674184.1	7512672127.5
7775000000.0	6292401680.6	4543019463.0	7513620518.0
7776000000.0	6293066092.1	4543364705.7	7514568903.9
7777000000.0	6293730473.0	4543709912.0	7515517285.2
7778000000.0	6294394823.2	4544055082.1	7516465662.1
7779000000.0	6295059143.0	4544400216.0	7517414034.4
7780000000.0	6295723432.1	4544745313.5	7518362402.2
7781000000.0	6296387690.6	4545090374.9	7519310765.5
7782000000.0	6297051918.6	4545435399.9	7520259124.3
7783000000.0	6297716116.0	4545780388.8	7521207478.6
7784000000.0	6298380282.8	4546125341.4	7522155828.3
7785000000.0	6299044419.0	4546470257.7	7523104173.5
7786000000.0	6299708524.7	4546815137.9	7524052514.2
7787000000.0	6300372599.8	4547159981.8	7525000850.4
7788000000.0	6301036644.4	4547504789.5	7525949182.1
7789000000.0	6301700658.4	4547849561.0	7526897509.2
7790000000.0	6302364641.8	4548194296.3	7527845831.8
7791000000.0	6303028594.7	4548538995.4	7528794149.9
7792000000.0	6303692517.0	4548883658.3	7529742463.5
7793000000.0	6304356408.8	4549228285.1	7530690772.5
7794000000.0	6305020270.0	4549572875.6	7531639077.1
7795000000.0	6305684100.6	4549917430.0	7532587377.1
7796000000.0	6306347900.7	4550261948.2	7533535672.6
7797000000.0	6307011670.3	4550606430.3	7534483963.6
7798000000.0	6307675409.3	4550950876.1	7535432250.0
7799000000.0	6308339117.8	4551295285.9	7536380532.0
7800000000.0	6309002795.8	4551639659.5	7537328809.4
7801000000.0	6309666443.2	4551983996.9	7538277082.3
7802000000.0	6310330060.1	4552328298.3	7539225350.7
7803000000.0	6310993646.4	4552672563.5	7540173614.5
7804000000.0	6311657202.2	4553016792.5	7541121873.8
7805000000.0	6312320727.5	4553360985.5	7542070128.7
7806000000.0	6312984222.3	4553705142.3	7543018379.0
7807000000.0	6313647686.5	4554049263.1	7543966624.8
7808000000.0	6314311120.2	4554393347.7	7544914866.0
7809000000.0	6314974523.4	4554737396.3	7545863102.8
7810000000.0	6315637896.1	4555081408.7	7546811335.0
7811000000.0	6316301238.3	4555425385.1	7547759562.7
7812000000.0	6316964549.9	4555769325.4	7548707785.9
7813000000.0	6317627831.0	4556113229.6	7549656004.5
7814000000.0	6318291081.7	4556457097.8	7550604218.7
7815000000.0	6318954301.8	4556800929.9	7551552428.3
7816000000.0	6319617491.4	4557144726.0	7552500633.4
7817000000.0	6320280650.5	4557488486.0	7553448834.0
7818000000.0	6320943779.1	4557832209.9	7554397030.1
7819000000.0	6321606877.2	4558175897.8	7555345221.6
7820000000.0	6322269944.9	4558519549.7	7556293408.7
7821000000.0	6322932982.0	4558863165.6	7557241591.2
7822000000.0	6323595988.6	4559206745.5	7558189769.2
7823000000.0	6324258964.8	4559550289.3	7559137942.7
7824000000.0	6324921910.4	4559893797.1	7560086111.6
7825000000.0	6325584825.6	4560237268.9	7561034276.0
7826000000.0	6326247710.3	4560580704.8	7561982436.0
7827000000.0	6326910564.5	4560924104.6	7562930591.4
7828000000.0	6327573388.2	4561267468.4	7563878742.3
7829000000.0	6328236181.4	4561610796.3	7564826888.6
7830000000.0	6328898944.2	4561954088.2	7565775030.5
7831000000.0	6329561676.5	4562297344.1	7566723167.8
7832000000.0	6330224378.3	4562640564.1	7567671300.6
7833000000.0	6330887049.7	4562983748.1	7568619428.9
7834000000.0	6331549690.6	4563326896.2	7569567552.7
7835000000.0	6332212301.0	4563670008.3	7570515671.9
7836000000.0	6332874880.9	4564013084.4	7571463786.6
7837000000.0	6333537430.4	4564356124.7	7572411896.9
7838000000.0	6334199949.5	4564699129.0	7573360002.6
7839000000.0	6334862438.1	4565042097.3	7574308103.7
7840000000.0	6335524896.2	4565385029.8	7575256200.4
7841000000.0	6336187323.9	4565727926.4	7576204292.6
7842000000.0	6336849721.1	4566070787.0	7577152380.2
7843000000.0	6337512087.9	4566413611.7	7578100463.3
7844000000.0	6338174424.2	4566756400.6	7579048541.9
7845000000.0	6338836730.1	4567099153.6	7579996615.9
7846000000.0	6339499005.5	4567441870.6	7580944685.5
7847000000.0	6340161250.5	4567784551.8	7581892750.5
7848000000.0	6340823465.1	4568127197.2	7582840811.1
7849000000.0	6341485649.2	4568469806.6	7583788867.1
7850000000.0	6342147802.9	4568812380.2	7584736918.5
7851000000.0	6342809926.2	4569154917.9	7585684965.5
7852000000.0	6343472019.0	4569497419.8	7586633008.0
7853000000.0	6344134081.5	4569839885.9	7587581045.9
7854000000.0	6344796113.4	4570182316.1	7588529079.3
7855000000.0	6345458115.0	4570524710.5	7589477108.2
7856000000.0	6346120086.2	4570867069.0	7590425132.6
7857000000.0	6346782026.9	4571209391.7	7591373152.4
7858000000.0	6347443937.2	4571551678.6	7592321167.8
7859000000.0	6348105817.1	4571893929.7	7593269178.6
7860000000.0	6348767666.6	4572236145.0	7594217184.9
7861000000.0	6349429485.6	4572578324.5	7595165186.7
7862000000.0	6350091274.3	4572920468.2	7596113184.0
7863000000.0	6350753032.5	4573262576.1	7597061176.7
7864000000.0	6351414760.4	4573604648.3	7598009164.9
7865000000.0	6352076457.8	4573946684.6	7598957148.7
7866000000.0	6352738124.9	4574288685.2	7599905127.9
7867000000.0	6353399761.5	4574630650.0	7600853102.6
7868000000.0	6354061367.8	4574972579.1	7601801072.7
7869000000.0	6354722943.7	4575314472.4	7602749038.4
7870000000.0	6355384489.1	4575656329.9	7603696999.5
7871000000.0	6356046004.2	4575998151.7	7604644956.1
7872000000.0	6356707488.9	4576339937.8	7605592908.2
7873000000.0	6357368943.2	4576681688.2	7606540855.8
7874000000.0	6358030367.1	4577023402.8	7607488798.9
7875000000.0	6358691760.7	4577365081.7	7608436737.4
7876000000.0	6359353123.8	4577706724.8	7609384671.5
7877000000.0	6360014456.6	4578048332.3	7610332601.0
7878000000.0	6360675759.0	4578389904.1	7611280526.0
7879000000.0	6361337031.1	4578731440.1	7612228446.4
7880000000.0	6361998272.8	4579072940.5	7613176362.4
7881000000.0	6362659484.1	4579414405.2	7614124273.9
7882000000.0	6363320665.0	4579755834.2	7615072180.8
7883000000.0	6363981815.6	4580097227.5	7616020083.2
7884000000.0	6364642935.8	4580438585.2	7616967981.1
7885000000.0	6365304025.6	4580779907.2	7617915874.5
7886000000.0	6365965085.1	4581121193.5	7618863763.4
7887000000.0	6366626114.2	4581462444.2	7619811647.7
7888000000.0	6367287113.0	4581803659.3	7620759527.5
7889000000.0	6367948081.5	4582144838.7	7621707402.8
7890000000.0	6368609019.5	4582485982.4	7622655273.6
7891000000.0	6369269927.3	4582827090.5	7623603139.9
7892000000.0	6369930804.7	4583168163.0	7624551001.7
7893000000.0	6370591651.7	4583509199.9	7625498858.9
7894000000.0	6371252468.4	4583850201.2	7626446711.7
7895000000.0	6371913254.8	4584191166.9	7627394559.9
7896000000.0	6372574010.8	4584532096.9	7628342403.6
7897000000.0	6373234736.5	4584872991.4	7629290242.8
7898000000.0	6373895431.8	4585213850.2	7630238077.5
7899000000.0	6374556096.9	4585554673.5	7631185907.6
7900000000.0	6375216731.5	4585895461.2	7632133733.3
7901000000.0	6375877335.9	4586236213.3	7633081554.4
7902000000.0	6376537910.0	4586576929.9	7634029371.0
7903000000.0	6377198453.7	4586917610.9	7634977183.1
7904000000.0	6377858967.1	4587258256.3	7635924990.6
7905000000.0	6378519450.2	4587598866.2	7636872793.7
7906000000.0	6379179902.9	4587939440.5	7637820592.2
7907000000.0	6379840325.4	4588279979.3	7638768386.3
7908000000.0	6380500717.5	4588620482.6	7639716175.8
7909000000.0	6381161079.4	4588960950.3	7640663960.8
7910000000.0	6381821410.9	4589301382.5	7641611741.3
7911000000.0	6382481712.1	4589641779.2	7642559517.2
7912000000.0	6383141983.0	4589982140.4	7643507288.7
7913000000.0	6383802223.6	4590322466.0	7644455055.6
7914000000.0	6384462433.9	4590662756.2	7645402818.0
7915000000.0	6385122614.0	4591003010.8	7646350575.9
7916000000.0	6385782763.7	4591343230.0	7647298329.3
7917000000.0	6386442883.1	4591683413.7	7648246078.2
7918000000.0	6387102972.2	4592023561.9	7649193822.5
7919000000.0	6387763031.1	4592363674.6	7650141562.4
7920000000.0	6388423059.6	4592703751.9	7651089297.7
7921000000.0	6389083057.9	4593043793.7	7652037028.5
7922000000.0	6389743025.9	4593383800.0	7652984754.8
7923000000.0	6390402963.6	4593723770.9	7653932476.6
7924000000.0	6391062871.1	4594063706.3	7654880193.9
7925000000.0	6391722748.2	4594403606.3	7655827906.6
7926000000.0	6392382595.1	4594743470.9	7656775614.8
7927000000.0	6393042411.7	4595083300.0	7657723318.6
7928000000.0	6393702198.0	4595423093.7	7658671017.8
7929000000.0	6394361954.1	4595762852.0	7659618712.5
7930000000.0	6395021679.9	4596102574.9	7660566402.6
7931000000.0	6395681375.4	4596442262.3	7661514088.3
7932000000.0	6396341040.7	4596781914.4	7662461769.4
7933000000.0	6397000675.7	4597121531.1	7663409446.1
7934000000.0	6397660280.5	4597461112.3	7664357118.2
7935000000.0	6398319855.0	4597800658.2	7665304785.8
7936000000.0	6398979399.2	4598140168.7	7666252448.9
7937000000.0	6399638913.2	4598479643.9	7667200107.4
7938000000.0	6400298397.0	4598819083.6	7668147761.5
7939000000.0	6400957850.5	4599158488.0	7669095411.0
7940000000.0	6401617273.7	4599497857.1	7670043056.1
7941000000.0	6402276666.8	4599837190.7	7670990696.6
7942000000.0	6402936029.5	4600176489.1	7671938332.6
7943000000.0	6403595362.1	4600515752.1	7672885964.1
7944000000.0	6404254664.3	4600854979.7	7673833591.0
7945000000.0	6404913936.4	4601194172.1	7674781213.5
7946000000.0	6405573178.2	4601533329.1	7675728831.4
7947000000.0	6406232389.8	4601872450.8	7676676444.8
7948000000.0	6406891571.2	4602211537.1	7677624053.8
7949000000.0	6407550722.3	4602550588.2	7678571658.2
7950000000.0	6408209843.2	4602889604.0	7679519258.0
7951000000.0	6408868933.9	4603228584.4	7680466853.4
7952000000.0	6409527994.4	4603567529.6	7681414444.3
7953000000.0	6410187024.7	4603906439.5	7682362030.6
7954000000.0	6410846024.7	4604245314.1	7683309612.4
7955000000.0	6411504994.5	4604584153.4	7684257189.7
7956000000.0	6412163934.1	4604922957.5	7685204762.5
7957000000.0	6412822843.5	4605261726.3	7686152330.8
7958000000.0	6413481722.7	4605600459.8	7687099894.6
7959000000.0	6414140571.7	4605939158.1	7688047453.9
7960000000.0	6414799390.5	4606277821.1	7688995008.6
7961000000.0	6415458179.1	4606616448.9	7689942558.8
7962000000.0	6416116937.5	4606955041.5	7690890104.5
7963000000.0	6416775665.6	4607293598.8	7691837645.8
7964000000.0	6417434363.6	4607632120.9	7692785182.4
7965000000.0	6418093031.4	4607970607.8	7693732714.6
7966000000.0	6418751669.0	4608309059.4	7694680242.3
7967000000.0	6419410276.4	4608647475.9	7695627765.4
7968000000.0	6420068853.7	4608985857.1	7696575284.1
7969000000.0	6420727400.7	4609324203.2	7697522798.2
7970000000.0	6421385917.6	4609662514.1	7698470307.8
7971000000.0	6422044404.3	4610000789.7	7699417812.9
7972000000.0	6422702860.8	4610339030.2	7700365313.5
7973000000.0	6423361287.1	4610677235.5	7701312809.5
7974000000.0	6424019683.2	4611015405.7	7702260301.1
7975000000.0	6424678049.2	4611353540.7	7703207788.1
7976000000.0	6425336385.0	4611691640.5	7704155270.7
7977000000.0	6425994690.6	4612029705.1	7705102748.7
7978000000.0	6426652966.1	4612367734.7	7706050222.2
7979000000.0	6427311211.4	4612705729.0	7706997691.2
7980000000.0	6427969426.5	4613043688.3	7707945155.6
7981000000.0	6428627611.5	4613381612.4	7708892615.6
7982000000.0	6429285766.4	4613719501.4	7709840071.0
7983000000.0	6429943891.0	4614057355.2	7710787522.0
7984000000.0	6430601985.5	4614395174.0	7711734968.4
7985000000.0	6431260049.9	4614732957.6	7712682410.3
7986000000.0	6431918084.1	4615070706.1	7713629847.7
7987000000.0	6432576088.2	4615408419.5	7714577280.6
7988000000.0	6433234062.1	4615746097.9	7715524709.0
7989000000.0	6433892005.9	4616083741.1	7716472132.8
7990000000.0	6434549919.5	4616421349.3	7717419552.2
7991000000.0	6435207803.0	4616758922.4	7718366967.0
7992000000.0	6435865656.3	4617096460.4	7719314377.3
7993000000.0	6436523479.6	4617433963.3	7720261783.1
7994000000.0	6437181272.7	4617771431.2	7721209184.4
7995000000.0	6437839035.6	4618108864.0	7722156581.2
7996000000.0	6438496768.4	4618446261.8	7723103973.5
7997000000.0	6439154471.1	4618783624.5	7724051361.2
7998000000.0	6439812143.7	4619120952.2	7724998744.5
7999000000.0	6440469786.2	4619458244.9	7725946123.2
8000000000.0	6441127398.5	4619795502.5	7726893497.4
8001000000.0	6441784980.7	4620132725.1	7727840867.1
8002000000.0	6442442532.8	4620469912.7	7728788232.3
8003000000.0	6443100054.8	4620807065.3	7729735593.0
8004000000.0	6443757546.6	4621144182.9	7730682949.2
8005000000.0	6444415008.4	4621481265.5	7731630300.8
8006000000.0	6445072440.0	4621818313.0	7732577648.0
8007000000.0	6445729841.6	4622155325.6	7733524990.6
8008000000.0	6446387213.0	4622492303.2	7734472328.7
8009000000.0	6447044554.4	4622829245.9	7735419662.4
8010000000.0	6447701865.6	4623166153.5	7736366991.5
8011000000.0	6448359146.7	4623503026.2	7737314316.0
8012000000.0	6449016397.8	4623839863.9	7738261636.1
8013000000.0	6449673618.7	4624176666.7	7739208951.7
8014000000.0	6450330809.6	4624513434.5	7740156262.7
8015000000.0	6450987970.3	4624850167.4	7741103569.3
8016000000.0	6451645101.0	4625186865.3	7742050871.3
8017000000.0	6452302201.6	4625523528.3	7742998168.8
8018000000.0	6452959272.1	4625860156.3	7743945461.8
8019000000.0	6453616312.5	4626196749.5	7744892750.3
8020000000.0	6454273322.9	4626533307.7	7745840034.3
8021000000.0	6454930303.2	4626869831.0	7746787313.7
8022000000.0	6455587253.3	4627206319.4	7747734588.7
8023000000.0	6456244173.5	4627542772.9	7748681859.2
8024000000.0	6456901063.5	4627879191.5	7749629125.1
8025000000.0	6457557923.5	4628215575.2	7750576386.5
8026000000.0	6458214753.4	4628551924.0	7751523643.4
8027000000.0	6458871553.3	4628888237.9	7752470895.8
8028000000.0	6459528323.0	4629224517.0	7753418143.7
8029000000.0	6460185062.8	4629560761.2	7754365387.1
8030000000.0	6460841772.4	4629896970.5	7755312625.9
8031000000.0	6461498452.0	4630233145.0	7756259860.3
8032000000.0	6462155101.6	4630569284.6	7757207090.1
8033000000.0	6462811721.1	4630905389.4	7758154315.5
8034000000.0	6463468310.5	4631241459.3	7759101536.3
8035000000.0	6464124869.9	4631577494.4	7760048752.6
8036000000.0	6464781399.3	4631913494.6	7760995964.4
8037000000.0	6465437898.6	4632249460.0	7761943171.7
8038000000.0	6466094367.9	4632585390.6	7762890374.5
8039000000.0	6466750807.1	4632921286.4	7763837572.7
8040000000.0	6467407216.3	4633257147.4	7764784766.5
8041000000.0	6468063595.4	4633592973.6	7765731955.7
8042000000.0	6468719944.6	4633928765.0	7766679140.5
8043000000.0	6469376263.6	4634264521.5	7767626320.7
8044000000.0	6470032552.7	4634600243.3	7768573496.4
8045000000.0	6470688811.7	4634935930.3	7769520667.6
8046000000.0	6471345040.7	4635271582.6	7770467834.3
8047000000.0	6472001239.7	4635607200.0	7771414996.5
8048000000.0	6472657408.7	4635942782.7	7772362154.1
8049000000.0	6473313547.6	4636278330.6	7773309307.3
8050000000.0	6473969656.5	4636613843.8	7774256455.9
8051000000.0	6474625735.4	4636949322.2	7775203600.1
8052000000.0	6475281784.3	4637284765.9	7776150739.7
8053000000.0	6475937803.2	4637620174.9	7777097874.8
8054000000.0	6476593792.1	4637955549.1	7778045005.4
8055000000.0	6477249750.9	4638290888.5	7778992131.5
8056000000.0	6477905679.8	4638626193.3	7779939253.1
8057000000.0	6478561578.6	4638961463.3	7780886370.2
8058000000.0	6479217447.5	4639296698.6	7781833482.7
8059000000.0	6479873286.3	4639631899.2	7782780590.8
8060000000.0	6480529095.2	4639967065.2	7783727694.3
8061000000.0	6481184874.0	4640302196.4	7784674793.4
8062000000.0	6481840622.9	4640637292.9	7785621887.9
8063000000.0	6482496341.8	4640972354.7	7786568977.9
8064000000.0	6483152030.7	4641307381.9	7787516063.4
8065000000.0	6483807689.6	4641642374.4	7788463144.4
8066000000.0	6484463318.5	4641977332.2	7789410220.9
8067000000.0	6485118917.4	4642312255.3	7790357292.8
8068000000.0	6485774486.4	4642647143.8	7791304360.3
8069000000.0	6486430025.4	4642981997.6	7792251423.3
8070000000.0	6487085534.4	4643316816.8	7793198481.7
8071000000.0	6487741013.4	4643651601.3	7794145535.6
8072000000.0	6488396462.4	4643986351.3	7795092585.1
8073000000.0	6489051881.5	4644321066.5	7796039630.0
8074000000.0	6489707270.6	4644655747.2	7796986670.4
8075000000.0	6490362629.8	4644990393.2	7797933706.3
8076000000.0	6491017959.0	4645325004.6	7798880737.7
8077000000.0	6491673258.2	4645659581.4	7799827764.5
8078000000.0	6492328527.4	4645994123.6	7800774786.9
8079000000.0	6492983766.7	4646328631.2	7801721804.8
8080000000.0	6493638976.1	4646663104.2	7802668818.1
8081000000.0	6494294155.5	4646997542.6	7803615826.9
8082000000.0	6494949304.9	4647331946.4	7804562831.3
8083000000.0	6495604424.4	4647666315.7	7805509831.1
8084000000.0	6496259513.9	4648000650.3	7806456826.4
8085000000.0	6496914573.5	4648334950.4	7807403817.2
8086000000.0	6497569603.2	4648669216.0	7808350803.5
8087000000.0	6498224602.9	4649003447.0	7809297785.3
8088000000.0	6498879572.7	4649337643.4	7810244762.5
8089000000.0	6499534512.5	4649671805.3	7811191735.3
8090000000.0	6500189422.4	4650005932.7	7812138703.5
8091000000.0	6500844302.4	4650340025.5	7813085667.3
8092000000.0	6501499152.4	4650674083.8	7814032626.5
8093000000.0	6502153972.5	4651008107.5	7814979581.3
8094000000.0	6502808762.7	4651342096.8	7815926531.5
8095000000.0	6503463523.0	4651676051.5	7816873477.2
8096000000.0	6504118253.3	4652009971.7	7817820418.4
8097000000.0	6504772953.7	4652343857.4	7818767355.1
8098000000.0	6505427624.2	4652677708.6	7819714287.2
8099000000.0	6506082264.8	4653011525.4	7820661214.9
8100000000.0	6506736875.4	4653345307.6	7821608138.1
8101000000.0	6507391456.2	4653679055.4	7822555056.7
8102000000.0	6508046007.0	4654012768.6	7823501970.9
8103000000.0	6508700527.9	4654346447.5	7824448880.5
8104000000.0	6509355018.9	4654680091.8	7825395785.7
8105000000.0	6510009480.0	4655013701.7	7826342686.3
8106000000.0	6510663911.3	4655347277.1	7827289582.4
8107000000.0	6511318312.6	4655680818.1	7828236474.0
8108000000.0	6511972684.0	4656014324.6	7829183361.1
8109000000.0	6512627025.5	4656347796.7	7830130243.7
8110000000.0	6513281337.1	4656681234.4	7831077121.8
8111000000.0	6513935618.8	4657014637.6	7832023995.3
8112000000.0	6514589870.7	4657348006.4	7832970864.4
8113000000.0	6515244092.6	4657681340.8	7833917728.9
8114000000.0	6515898284.7	4658014640.8	7834864589.0
8115000000.0	6516552446.9	4658347906.4	7835811444.5
8116000000.0	6517206579.2	4658681137.6	7836758295.5
8117000000.0	6517860681.6	4659014334.3	7837705142.1
8118000000.0	6518514754.1	4659347496.7	7838651984.1
8119000000.0	6519168796.8	4659680624.7	7839598821.6
8120000000.0	6519822809.6	4660013718.4	7840545654.6
8121000000.0	6520476792.5	4660346777.6	7841492483.1
8122000000.0	6521130745.6	4660679802.5	7842439307.0
8123000000.0	6521784668.7	4661012793.0	7843386126.5
8124000000.0	6522438562.1	4661345749.1	7844332941.5
8125000000.0	6523092425.5	4661678670.9	7845279751.9
8126000000.0	6523746259.1	4662011558.4	7846226557.9
8127000000.0	6524400062.8	4662344411.5	7847173359.3
8128000000.0	6525053836.7	4662677230.3	7848120156.3
8129000000.0	6525707580.7	4663010014.7	7849066948.7
8130000000.0	6526361294.9	4663342764.8	7850013736.6
8131000000.0	6527014979.2	4663675480.6	7850960520.0
8132000000.0	6527668633.7	4664008162.1	7851907298.9
8133000000.0	6528322258.3	4664340809.3	7852854073.3
8134000000.0	6528975853.0	4664673422.1	7853800843.2
8135000000.0	6529629418.0	4665006000.7	7854747608.6
8136000000.0	6530282953.0	4665338544.9	7855694369.5
8137000000.0	6530936458.3	4665671054.9	7856641125.8
8138000000.0	6531589933.7	4666003530.6	7857587877.7
8139000000.0	6532243379.3	4666335972.0	7858534625.0
8140000000.0	6532896795.0	4666668379.2	7859481367.9
8141000000.0	6533550180.9	4667000752.0	7860428106.2
8142000000.0	6534203537.0	4667333090.6	7861374840.0
8143000000.0	6534856863.3	4667665395.0	7862321569.4
8144000000.0	6535510159.7	4667997665.1	7863268294.2
8145000000.0	6536163426.3	4668329900.9	7864215014.5
8146000000.0	6536816663.1	4668662102.5	7865161730.3
8147000000.0	6537469870.1	4668994269.9	7866108441.6
8148000000.0	6538123047.2	4669326403.0	7867055148.3
8149000000.0	6538776194.5	4669658501.9	7868001850.6
8150000000.0	6539429312.1	4669990566.6	7868948548.4
8151000000.0	6540082399.8	4670322597.1	7869895241.7
8152000000.0	6540735457.7	4670654593.4	7870841930.4
8153000000.0	6541388485.8	4670986555.4	7871788614.7
8154000000.0	6542041484.1	4671318483.3	7872735294.4
8155000000.0	6542694452.6	4671650377.0	7873681969.7
8156000000.0	6543347391.2	4671982236.4	7874628640.4
8157000000.0	6544000300.1	4672314061.7	7875575306.6
8158000000.0	6544653179.2	4672645852.9	7876521968.3
8159000000.0	6545306028.5	4672977609.8	7877468625.5
8160000000.0	6545958848.0	4673309332.6	7878415278.2
8161000000.0	6546611637.8	4673641021.2	7879361926.4
8162000000.0	6547264397.7	4673972675.6	7880308570.1
8163000000.0	6547917127.8	4674304295.9	7881255209.3
8164000000.0	6548569828.2	4674635882.1	7882201844.0
8165000000.0	6549222498.8	4674967434.1	7883148474.2
8166000000.0	6549875139.6	4675298952.0	7884095099.8
8167000000.0	6550527750.6	4675630435.8	7885041721.0
8168000000.0	6551180331.8	4675961885.4	7885988337.6
8169000000.0	6551832883.3	4676293300.9	7886934949.8
8170000000.0	6552485405.0	4676624682.3	7887881557.4
8171000000.0	6553137896.9	4676956029.6	7888828160.6
8172000000.0	6553790359.1	4677287342.7	7889774759.2
8173000000.0	6554442791.5	4677618621.8	7890721353.3
8174000000.0	6555095194.1	4677949866.8	7891667942.9
8175000000.0	6555747567.0	4678281077.7	7892614528.0
8176000000.0	6556399910.1	4678612254.5	7893561108.6
8177000000.0	6557052223.5	4678943397.2	7894507684.7
8178000000.0	6557704507.1	4679274505.9	7895454256.3
8179000000.0	6558356760.9	4679605580.5	7896400823.4
8180000000.0	6559008985.0	4679936621.0	7897347386.0
8181000000.0	6559661179.3	4680267627.5	7898293944.1
8182000000.0	6560313343.9	4680598599.9	7899240497.6
8183000000.0	6560965478.8	4680929538.3	7900187046.7
8184000000.0	6561617583.9	4681260442.6	7901133591.2
8185000000.0	6562269659.3	4681591312.9	7902080131.3
8186000000.0	6562921704.9	4681922149.2	7903026666.8
8187000000.0	6563573720.8	4682252951.4	7903973197.9
8188000000.0	6564225706.9	4682583719.7	7904919724.4
8189000000.0	6564877663.4	4682914453.9	7905866246.4
8190000000.0	6565529590.0	4683245154.1	7906812764.0
8191000000.0	6566181487.0	4683575820.3	7907759277.0
8192000000.0	6566833354.2	4683906452.5	7908705785.5
8193000000.0	6567485191.8	4684237050.7	7909652289.5
8194000000.0	6568136999.5	4684567614.9	7910598789.0
8195000000.0	6568788777.6	4684898145.1	7911545284.0
8196000000.0	6569440525.9	4685228641.3	7912491774.5
8197000000.0	6570092244.6	4685559103.6	7913438260.5
8198000000.0	6570743933.5	4685889531.9	7914384741.9
8199000000.0	6571395592.7	4686219926.3	7915331218.9
8200000000.0	6572047222.2	4686550286.7	7916277691.4
8201000000.0	6572698822.0	4686880613.1	7917224159.3
8202000000.0	6573350392.0	4687210905.6	7918170622.8
8203000000.0	6574001932.4	4687541164.2	7919117081.8
8204000000.0	6574653443.1	4687871388.8	7920063536.2
8205000000.0	6575304924.1	4688201579.5	7921009986.2
8206000000.0	6575956375.3	4688531736.2	7921956431.6
8207000000.0	6576607796.9	4688861859.1	7922902872.5
8208000000.0	6577259188.8	4689191948.0	7923849309.0
8209000000.0	6577910551.0	4689522003.0	7924795740.9
8210000000.0	6578561883.4	4689852024.1	7925742168.3
8211000000.0	6579213186.3	4690182011.3	7926688591.2
8212000000.0	6579864459.4	4690511964.6	7927635009.6
8213000000.0	6580515702.8	4690841884.1	7928581423.5
8214000000.0	6581166916.6	4691171769.6	7929527832.9
8215000000.0	6581818100.6	4691501621.3	7930474237.8
8216000000.0	6582469255.0	4691831439.1	7931420638.2
8217000000.0	6583120379.8	4692161223.0	7932367034.1
8218000000.0	6583771474.8	4692490973.1	7933313425.5
8219000000.0	6584422540.2	4692820689.3	7934259812.4
8220000000.0	6585073575.9	4693150371.6	7935206194.7
8221000000.0	6585724581.9	4693480020.1	7936152572.6
8222000000.0	6586375558.3	4693809634.8	7937098946.0
8223000000.0	6587026505.0	4694139215.6	7938045314.8
8224000000.0	6587677422.0	4694468762.6	7938991679.2
8225000000.0	6588328309.4	4694798275.8	7939938039.0
8226000000.0	6588979167.1	4695127755.1	7940884394.4
8227000000.0	6589629995.2	4695457200.7	7941830745.2
8228000000.0	6590280793.6	4695786612.4	7942777091.6
8229000000.0	6590931562.4	4696115990.3	7943723433.4
8230000000.0	6591582301.5	4696445334.4	7944669770.7
8231000000.0	6592233010.9	4696774644.7	7945616103.6
8232000000.0	6592883690.8	4697103921.3	7946562431.9
8233000000.0	6593534340.9	4697433164.0	7947508755.7
8234000000.0	6594184961.5	4697762373.0	7948455075.0
8235000000.0	6594835552.4	4698091548.2	7949401389.8
8236000000.0	6595486113.6	4698420689.6	7950347700.1
8237000000.0	6596136645.2	4698749797.2	7951294005.9
8238000000.0	6596787147.2	4699078871.1	7952240307.2
8239000000.0	6597437619.6	4699407911.3	7953186604.0
8240000000.0	6598088062.3	4699736917.7	7954132896.3
8241000000.0	6598738475.4	4700065890.4	7955079184.1
8242000000.0	6599388858.9	4700394829.3	7956025467.4
8243000000.0	6600039212.7	4700723734.5	7956971746.2
8244000000.0	6600689536.9	4701052605.9	7957918020.5
8245000000.0	6601339831.5	4701381443.7	7958864290.2
8246000000.0	6601990096.5	4701710247.7	7959810555.5
8247000000.0	6602640331.9	4702039018.0	7960756816.3
8248000000.0	6603290537.7	4702367754.6	7961703072.5
8249000000.0	6603940713.8	4702696457.5	7962649324.3
8250000000.0	6604590860.3	4703025126.7	7963595571.6
8251000000.0	6605240977.3	4703353762.2	7964541814.3
8252000000.0	6605891064.6	4703682364.0	7965488052.6
8253000000.0	6606541122.3	4704010932.2	7966434286.3
8254000000.0	6607191150.4	4704339466.7	7967380515.6
8255000000.0	6607841149.0	4704667967.5	7968326740.3
8256000000.0	6608491117.9	4704996434.6	7969272960.5
8257000000.0	6609141057.2	4705324868.1	7970219176.3
8258000000.0	6609790967.0	4705653267.9	7971165387.5
8259000000.0	6610440847.1	4705981634.1	7972111594.2
8260000000.0	6611090697.7	4706309966.6	7973057796.5
8261000000.0	6611740518.6	4706638265.5	7974003994.2
8262000000.0	6612390310.0	4706966530.8	7974950187.4
8263000000.0	6613040071.8	4707294762.4	7975896376.1
8264000000.0	6613689804.0	4707622960.4	7976842560.3
8265000000.0	6614339506.7	4707951124.8	7977788740.0
8266000000.0	6614989179.7	4708279255.6	7978734915.2
8267000000.0	6615638823.2	4708607352.7	7979681086.0
8268000000.0	6616288437.1	4708935416.3	7980627252.2
8269000000.0	6616938021.5	4709263446.2	7981573413.9
8270000000.0	6617587576.3	4709591442.6	7982519571.1
8271000000.0	6618237101.5	4709919405.4	7983465723.7
8272000000.0	6618886597.1	4710247334.6	7984411871.9
8273000000.0	6619536063.2	4710575230.2	7985358015.6
8274000000.0	6620185499.7	4710903092.3	7986304154.8
8275000000.0	6620834906.7	4711230920.8	7987250289.5
8276000000.0	6621484284.1	4711558715.7	7988196419.7
8277000000.0	6622133631.9	4711886477.1	7989142545.4
8278000000.0	6622782950.2	4712214204.9	7990088666.5
8279000000.0	6623432239.0	4712541899.2	7991034783.2
8280000000.0	6624081498.2	4712869559.9	7991980895.4
8281000000.0	6624730727.8	4713197187.1	7992927003.1
8282000000.0	6625379927.9	4713524780.7	7993873106.2
8283000000.0	6626029098.5	4713852340.9	7994819204.9
8284000000.0	6626678239.5	4714179867.5	7995765299.1
8285000000.0	6627327351.0	4714507360.6	7996711388.7
8286000000.0	6627976432.9	4714834820.2	7997657473.9
8287000000.0	6628625485.3	4715162246.3	7998603554.5
8288000000.0	6629274508.2	4715489638.9	7999549630.7
8289000000.0	6629923501.6	4715816998.0	8000495702.4
8290000000.0	6630572465.4	4716144323.6	8001441769.5
8291000000.0	6631221399.7	4716471615.7	8002387832.2
8292000000.0	6631870304.4	4716798874.4	8003333890.3
8293000000.0	6632519179.7	4717126099.5	8004279944.0
8294000000.0	6633168025.4	4717453291.2	8005225993.1
8295000000.0	6633816841.6	4717780449.5	8006172037.7
8296000000.0	6634465628.3	4718107574.2	8007118077.9
8297000000.0	6635114385.5	4718434665.6	8008064113.5
8298000000.0	6635763113.1	4718761723.4	8009010144.7
8299000000.0	6636411811.3	4719088747.9	8009956171.3
8300000000.0	6637060479.9	4719415738.9	8010902193.4
8301000000.0	6637709119.1	4719742696.4	8011848211.1
8302000000.0	6638357728.7	4720069620.6	8012794224.2
8303000000.0	6639006308.8	4720396511.3	8013740232.8
8304000000.0	6639654859.5	4720723368.6	8014686237.0
8305000000.0	6640303380.6	4721050192.5	8015632236.6
8306000000.0	6640951872.2	4721376982.9	8016578231.7
8307000000.0	6641600334.4	4721703740.0	8017524222.3
8308000000.0	6642248767.0	4722030463.7	8018470208.5
8309000000.0	6642897170.2	4722357154.0	8019416190.1
8310000000.0	6643545543.8	4722683810.9	8020362167.2
8311000000.0	6644193888.0	4723010434.4	8021308139.8
8312000000.0	6644842202.7	4723337024.6	8022254107.9
8313000000.0	6645490487.9	4723663581.3	8023200071.6
8314000000.0	6646138743.7	4723990104.7	8024146030.7
8315000000.0	6646786969.9	4724316594.8	8025091985.3
8316000000.0	6647435166.7	4724643051.5	8026037935.4
8317000000.0	6648083334.0	4724969474.8	8026983881.0
8318000000.0	6648731471.9	4725295864.8	8027929822.1
8319000000.0	6649379580.2	4725622221.4	8028875758.8
8320000000.0	6650027659.1	4725948544.8	8029821690.9
8321000000.0	6650675708.5	4726274834.8	8030767618.5
8322000000.0	6651323728.5	4726601091.4	8031713541.6
8323000000.0	6651971719.0	4726927314.8	8032659460.2
8324000000.0	6652619680.1	4727253504.8	8033605374.3
8325000000.0	6653267611.6	4727579661.5	8034551283.9
8326000000.0	6653915513.8	4727905784.9	8035497189.0
8327000000.0	6654563386.4	4728231875.0	8036443089.6
8328000000.0	6655211229.7	4728557931.8	8037388985.7
8329000000.0	6655859043.4	4728883955.4	8038334877.3
8330000000.0	6656506827.8	4729209945.6	8039280764.4
8331000000.0	6657154582.6	4729535902.6	8040226647.1
8332000000.0	6657802308.1	4729861826.3	8041172525.2
8333000000.0	6658450004.1	4730187716.7	8042118398.8
8334000000.0	6659097670.6	4730513573.9	8043064267.9
8335000000.0	6659745307.7	4730839397.8	8044010132.5
8336000000.0	6660392915.4	4731165188.4	8044955992.6
8337000000.0	6661040493.6	4731490945.8	8045901848.2
8338000000.0	6661688042.5	4731816670.0	8046847699.3
8339000000.0	6662335561.8	4732142360.9	8047793545.9
8340000000.0	6662983051.8	4732468018.6	8048739388.0
8341000000.0	6663630512.3	4732793643.0	8049685225.6
8342000000.0	6664277943.4	4733119234.3	8050631058.7
8343000000.0	6664925345.1	4733444792.3	8051576887.3
8344000000.0	6665572717.4	4733770317.1	8052522711.4
8345000000.0	6666220060.2	4734095808.7	8053468531.0
8346000000.0	6666867373.6	4734421267.1	8054414346.1
8347000000.0	6667514657.6	4734746692.3	8055360156.7
8348000000.0	6668161912.2	4735072084.3	8056305962.8
8349000000.0	6668809137.4	4735397443.1	8057251764.4
8350000000.0	6669456333.2	4735722768.7	8058197561.5
8351000000.0	6670103499.6	4736048061.2	8059143354.1
8352000000.0	6670750636.6	4736373320.4	8060089142.2
8353000000.0	6671397744.1	4736698546.6	8061034925.8
8354000000.0	6672044822.3	4737023739.5	8061980704.9
8355000000.0	6672691871.1	4737348899.3	8062926479.5
8356000000.0	6673338890.4	4737674026.0	8063872249.6
8357000000.0	6673985880.4	4737999119.5	8064818015.2
8358000000.0	6674632841.0	4738324179.8	8065763776.4
8359000000.0	6675279772.2	4738649207.0	8066709533.0
8360000000.0	6675926674.0	4738974201.1	8067655285.1
8361000000.0	6676573546.4	4739299162.1	8068601032.7
8362000000.0	6677220389.5	4739624089.9	8069546775.8
8363000000.0	6677867203.1	4739948984.7	8070492514.4
8364000000.0	6678513987.4	4740273846.3	8071438248.5
8365000000.0	6679160742.3	4740598674.8	8072383978.1
8366000000.0	6679807467.9	4740923470.2	8073329703.2
8367000000.0	6680454164.0	4741248232.5	8074275423.8
8368000000.0	6681100830.8	4741572961.7	8075221140.0
8369000000.0	6681747468.2	4741897657.9	8076166851.6
8370000000.0	6682394076.2	4742222320.9	8077112558.7
8371000000.0	6683040654.9	4742546950.9	8078058261.3
8372000000.0	6683687204.2	4742871547.8	8079003959.4
8373000000.0	6684333724.2	4743196111.6	8079949653.0
8374000000.0	6684980214.8	4743520642.4	8080895342.2
8375000000.0	6685626676.0	4743845140.2	8081841026.8
8376000000.0	6686273107.9	4744169604.8	8082786706.9
8377000000.0	6686919510.4	4744494036.5	8083732382.5
8378000000.0	6687565883.6	4744818435.1	8084678053.7
8379000000.0	6688212227.4	4745142800.6	8085623720.3
8380000000.0	6688858541.8	4745467133.1	8086569382.4
8381000000.0	6689504827.0	4745791432.6	8087515040.0
8382000000.0	6690151082.8	4746115699.1	8088460693.2
8383000000.0	6690797309.2	4746439932.6	8089406341.8
8384000000.0	6691443506.3	4746764133.0	8090351985.9
8385000000.0	6692089674.1	4747088300.5	8091297625.6
8386000000.0	6692735812.5	4747412434.9	8092243260.7
8387000000.0	6693381921.6	4747736536.4	8093188891.3
8388000000.0	6694028001.3	4748060604.9	8094134517.5
8389000000.0	6694674051.8	4748384640.3	8095080139.1
8390000000.0	6695320072.9	4748708642.9	8096025756.3
8391000000.0	6695966064.6	4749032612.4	8096971368.9
8392000000.0	6696612027.1	4749356548.9	8097916977.1
8393000000.0	6697257960.2	4749680452.5	8098862580.7
8394000000.0	6697903864.0	4750004323.2	8099808179.9
8395000000.0	6698549738.5	4750328160.8	8100753774.5
8396000000.0	6699195583.7	4750651965.6	8101699364.7
8397000000.0	6699841399.5	4750975737.4	8102644950.3
8398000000.0	6700487186.1	4751299476.2	8103590531.5
8399000000.0	6701132943.3	4751623182.1	8104536108.1
8400000000.0	6701778671.3	4751946855.1	8105481680.3
8401000000.0	6702424369.9	4752270495.2	8106427248.0
8402000000.0	6703070039.2	4752594102.3	8107372811.1
8403000000.0	6703715679.2	4752917676.5	8108318369.8
8404000000.0	6704361289.9	4753241217.8	8109263924.0
8405000000.0	6705006871.4	4753564726.3	8110209473.6
8406000000.0	6705652423.5	4753888201.8	8111155018.8
8407000000.0	6706297946.3	4754211644.4	8112100559.5
8408000000.0	6706943439.9	4754535054.1	8113046095.7
8409000000.0	6707588904.1	4754858431.0	8113991627.4
8410000000.0	6708234339.1	4755181774.9	8114937154.5
8411000000.0	6708879744.7	4755505086.0	8115882677.2
8412000000.0	6709525121.1	4755828364.3	8116828195.4
8413000000.0	6710170468.2	4756151609.6	8117773709.1
8414000000.0	6710815786.1	4756474822.1	8118719218.3
8415000000.0	6711461074.6	4756798001.8	8119664723.0
8416000000.0	6712106333.9	4757121148.6	8120610223.2
8417000000.0	6712751563.9	4757444262.5	8121555718.9
8418000000.0	6713396764.6	4757767343.6	8122501210.1
8419000000.0	6714041936.1	4758090391.9	8123446696.8
8420000000.0	6714687078.3	4758413407.4	8124392179.0
8421000000.0	6715332191.2	4758736390.0	8125337656.7
8422000000.0	6715977274.8	4759059339.8	8126283129.9
8423000000.0	6716622329.2	4759382256.8	8127228598.7
8424000000.0	6717267354.4	4759705141.0	8128174062.9
8425000000.0	6717912350.2	4760027992.4	8129119522.6
8426000000.0	6718557316.9	4760350811.0	8130064977.8
8427000000.0	6719202254.2	4760673596.8	8131010428.6
8428000000.0	6719847162.3	4760996349.8	8131955874.8
8429000000.0	6720492041.2	4761319070.0	8132901316.5
8430000000.0	6721136890.8	4761641757.4	8133846753.8
8431000000.0	6721781711.2	4761964412.1	8134792186.5
8432000000.0	6722426502.3	4762287034.0	8135737614.8
8433000000.0	6723071264.2	4762609623.1	8136683038.5
8434000000.0	6723715996.8	4762932179.5	8137628457.8
8435000000.0	6724360700.2	4763254703.2	8138573872.5
8436000000.0	6725005374.4	4763577194.0	8139519282.8
8437000000.0	6725650019.3	4763899652.2	8140464688.6
8438000000.0	6726294635.1	4764222077.6	8141410089.8
8439000000.0	6726939221.5	4764544470.2	8142355486.6
8440000000.0	6727583778.8	4764866830.1	8143300878.9
8441000000.0	6728228306.8	4765189157.4	8144246266.6
8442000000.0	6728872805.6	4765511451.8	8145191649.9
8443000000.0	6729517275.1	4765833713.6	8146137028.7
8444000000.0	6730161715.5	4766155942.7	8147082403.0
8445000000.0	6730806126.6	4766478139.0	8148027772.8
8446000000.0	6731450508.5	4766800302.7	8148973138.1
8447000000.0	6732094861.2	4767122433.7	8149918498.9
8448000000.0	6732739184.7	4767444532.0	8150863855.2
8449000000.0	6733383479.0	4767766597.6	8151809207.0
8450000000.0	6734027744.1	4768088630.5	8152754554.3
8451000000.0	6734671979.9	4768410630.7	8153699897.1
8452000000.0	6735316186.6	4768732598.3	8154645235.4
8453000000.0	6735960364.0	4769054533.2	8155590569.2
8454000000.0	6736604512.3	4769376435.5	8156535898.6
8455000000.0	6737248631.3	4769698305.1	8157481223.4
8456000000.0	6737892721.2	4770020142.0	8158426543.7
8457000000.0	6738536781.9	4770341946.3	8159371859.6
8458000000.0	6739180813.3	4770663718.0	8160317170.9
8459000000.0	6739824815.6	4770985457.0	8161262477.8
8460000000.0	6740468788.7	4771307163.4	8162207780.1
8461000000.0	6741112732.6	4771628837.2	8163153078.0
8462000000.0	6741756647.3	4771950478.4	8164098371.3
8463000000.0	6742400532.9	4772272086.9	8165043660.2
8464000000.0	6743044389.2	4772593662.9	8165988944.6
8465000000.0	6743688216.4	4772915206.2	8166934224.4
8466000000.0	6744332014.4	4773236716.9	8167879499.8
8467000000.0	6744975783.2	4773558195.1	8168824770.7
8468000000.0	6745619522.9	4773879640.6	8169770037.1
8469000000.0	6746263233.4	4774201053.6	8170715299.0
8470000000.0	6746906914.7	4774522434.0	8171660556.4
8471000000.0	6747550566.8	4774843781.8	8172605809.3
8472000000.0	6748194189.8	4775165097.0	8173551057.7
8473000000.0	6748837783.6	4775486379.7	8174496301.6
8474000000.0	6749481348.3	4775807629.8	8175441541.0
8475000000.0	6750124883.8	4776128847.4	8176386775.9
8476000000.0	6750768390.1	4776450032.4	8177332006.3
8477000000.0	6751411867.3	4776771184.9	8178277232.3
8478000000.0	6752055315.4	4777092304.8	8179222453.7
8479000000.0	6752698734.2	4777413392.2	8180167670.6
8480000000.0	6753342124.0	4777734447.1	8181112883.1
8481000000.0	6753985484.6	4778055469.4	8182058091.0
8482000000.0	6754628816.0	4778376459.2	8183003294.5
8483000000.0	6755272118.3	4778697416.5	8183948493.4
8484000000.0	6755915391.5	4779018341.3	8184893687.9
8485000000.0	6756558635.5	4779339233.6	8185838877.8
8486000000.0	6757201850.4	4779660093.4	8186784063.3
8487000000.0	6757845036.1	4779980920.7	8187729244.3
8488000000.0	6758488192.7	4780301715.5	8188674420.8
8489000000.0	6759131320.2	4780622477.9	8189619592.8
8490000000.0	6759774418.6	4780943207.7	8190564760.3
8491000000.0	6760417487.8	4781263905.1	8191509923.3
8492000000.0	6761060527.9	4781584570.0	8192455081.8
8493000000.0	6761703538.9	4781905202.4	8193400235.8
8494000000.0	6762346520.7	4782225802.4	8194345385.3
8495000000.0	6762989473.5	4782546369.9	8195290530.3
8496000000.0	6763632397.1	4782866904.9	8196235670.8
8497000000.0	6764275291.6	4783187407.6	8197180806.9
8498000000.0	6764918157.0	4783507877.7	8198125938.4
8499000000.0	6765560993.3	4783828315.5	8199071065.4
8500000000.0	6766203800.4	4784148720.8	8200016188.0
8501000000.0	6766846578.5	4784469093.7	8200961306.1
8502000000.0	6767489327.5	4784789434.1	8201906419.6
8503000000.0	6768132047.3	4785109742.2	8202851528.7
8504000000.0	6768774738.1	4785430017.8	8203796633.2
8505000000.0	6769417399.7	4785750261.1	8204741733.3
8506000000.0	6770060032.3	4786070471.9	8205686828.9
8507000000.0	6770702635.7	4786390650.3	8206631920.0
8508000000.0	6771345210.1	4786710796.4	8207577006.6
8509000000.0	6771987755.4	4787030910.0	8208522088.7
8510000000.0	6772630271.6	4787350991.3	8209467166.3
8511000000.0	6773272758.7	4787671040.2	8210412239.4
8512000000.0	6773915216.7	4787991056.7	8211357308.0
8513000000.0	6774557645.6	4788311040.9	8212302372.2
8514000000.0	6775200045.4	4788630992.7	8213247431.8
8515000000.0	6775842416.2	4788950912.1	8214192486.9
8516000000.0	6776484757.9	4789270799.2	8215137537.6
8517000000.0	6777127070.5	4789590653.9	8216082583.7
8518000000.0	6777769354.1	4789910476.3	8217027625.4
8519000000.0	6778411608.5	4790230266.4	8217972662.5
8520000000.0	6779053833.9	4790550024.1	8218917695.2
8521000000.0	6779696030.2	4790869749.5	8219862723.4
8522000000.0	6780338197.5	4791189442.6	8220807747.1
8523000000.0	6780980335.7	4791509103.4	8221752766.3
8524000000.0	6781622444.8	4791828731.8	8222697780.9
8525000000.0	6782264524.9	4792148327.9	8223642791.1
8526000000.0	6782906575.9	4792467891.8	8224587796.9
8527000000.0	6783548597.9	4792787423.3	8225532798.1
8528000000.0	6784190590.8	4793106922.6	8226477794.8
8529000000.0	6784832554.7	4793426389.5	8227422787.0
8530000000.0	6785474489.5	4793745824.2	8228367774.8
8531000000.0	6786116395.2	4794065226.6	8229312758.0
8532000000.0	6786758271.9	4794384596.7	8230257736.7
8533000000.0	6787400119.6	4794703934.6	8231202711.0
8534000000.0	6788041938.2	4795023240.2	8232147680.8
8535000000.0	6788683727.8	4795342513.5	8233092646.0
8536000000.0	6789325488.4	4795661754.6	8234037606.8
8537000000.0	6789967219.9	4795980963.4	8234982563.1
8538000000.0	6790608922.4	4796300140.0	8235927514.9
8539000000.0	6791250595.8	4796619284.3	8236872462.2
8540000000.0	6791892240.2	4796938396.4	8237817405.0
8541000000.0	6792533855.6	4797257476.3	8238762343.3
8542000000.0	6793175442.0	4797576524.0	8239707277.1
8543000000.0	6793816999.3	4797895539.4	8240652206.4
8544000000.0	6794458527.6	4798214522.6	8241597131.3
8545000000.0	6795100026.9	4798533473.6	8242542051.6
8546000000.0	6795741497.2	4798852392.4	8243486967.4
8547000000.0	6796382938.4	4799171279.0	8244431878.8
8548000000.0	6797024350.7	4799490133.4	8245376785.7
8549000000.0	6797665733.9	4799808955.7	8246321688.0
8550000000.0	6798307088.1	4800127745.7	8247266585.9
8551000000.0	6798948413.3	4800446503.6	8248211479.3
8552000000.0	6799589709.5	4800765229.2	8249156368.2
8553000000.0	6800230976.7	4801083922.7	8250101252.6
8554000000.0	6800872214.9	4801402584.1	8251046132.5
8555000000.0	6801513424.1	4801721213.3	8251991007.9
8556000000.0	6802154604.3	4802039810.3	8252935878.8
8557000000.0	6802795755.5	4802358375.2	8253880745.3
8558000000.0	6803436877.7	4802676907.9	8254825607.2
8559000000.0	6804077970.9	4802995408.5	8255770464.6
8560000000.0	6804719035.1	4803313876.9	8256715317.6
8561000000.0	6805360070.3	4803632313.2	8257660166.1
8562000000.0	6806001076.6	4803950717.4	8258605010.0
8563000000.0	6806642053.8	4804269089.5	8259549849.5
8564000000.0	6807283002.1	4804587429.4	8260494684.5
8565000000.0	6807923921.4	4804905737.3	8261439515.0
8566000000.0	6808564811.7	4805224013.0	8262384341.0
8567000000.0	6809205673.0	4805542256.6	8263329162.5
8568000000.0	6809846505.4	4805860468.2	8264273979.5
8569000000.0	6810487308.8	4806178647.6	8265218792.0
8570000000.0	6811128083.2	4806496795.0	8266163600.1
8571000000.0	6811768828.6	4806814910.2	8267108403.6
8572000000.0	6812409545.1	4807132993.4	8268053202.6
8573000000.0	6813050232.6	4807451044.5	8268997997.2
8574000000.0	6813690891.2	4807769063.6	8269942787.3
8575000000.0	6814331520.8	4808087050.6	8270887572.8
8576000000.0	6814972121.4	4808405005.5	8271832353.9
8577000000.0	6815612693.1	4808722928.3	8272777130.5
8578000000.0	6816253235.8	4809040819.2	8273721902.6
8579000000.0	6816893749.5	4809358677.9	8274666670.2
8580000000.0	6817534234.3	4809676504.7	8275611433.3
8581000000.0	6818174690.2	4809994299.4	8276556192.0
8582000000.0	6818815117.1	4810312062.0	8277500946.1
8583000000.0	6819455515.1	4810629792.7	8278445695.7
8584000000.0	6820095884.1	4810947491.3	8279390440.9
8585000000.0	6820736224.2	4811265157.9	8280335181.6
8586000000.0	6821376535.3	4811582792.5	8281279917.7
8587000000.0	6822016817.5	4811900395.1	8282224649.4
8588000000.0	6822657070.8	4812217965.7	8283169376.6
8589000000.0	6823297295.1	4812535504.3	8284114099.3
8590000000.0	6823937490.5	4812853010.9	8285058817.5
8591000000.0	6824577657.0	4813170485.6	8286003531.2
8592000000.0	6825217794.5	4813487928.2	8286948240.4
8593000000.0	6825857903.1	4813805338.9	8287892945.1
8594000000.0	6826497982.8	4814122717.6	8288837645.4
8595000000.0	6827138033.6	4814440064.3	8289782341.1
8596000000.0	6827778055.4	4814757379.0	8290727032.4
8597000000.0	6828418048.3	4815074661.8	8291671719.2
8598000000.0	6829058012.4	4815391912.7	8292616401.4
8599000000.0	6829697947.4	4815709131.6	8293561079.2
8600000000.0	6830337853.6	4816026318.6	8294505752.5
8601000000.0	6830977730.9	4816343473.6	8295450421.3
8602000000.0	6831617579.3	4816660596.7	8296395085.6
8603000000.0	6832257398.7	4816977687.9	8297339745.5
8604000000.0	6832897189.3	4817294747.1	8298284400.8
8605000000.0	6833536950.9	4817611774.4	8299229051.6
8606000000.0	6834176683.7	4817928769.8	8300173698.0
8607000000.0	6834816387.5	4818245733.3	8301118339.8
8608000000.0	6835456062.5	4818562664.9	8302062977.2
8609000000.0	6836095708.5	4818879564.6	8303007610.1
8610000000.0	6836735325.7	4819196432.4	8303952238.5
8611000000.0	6837374914.0	4819513268.4	8304896862.4
8612000000.0	6838014473.4	4819830072.4	8305841481.8
8613000000.0	6838654003.9	4820146844.5	8306786096.7
8614000000.0	6839293505.5	4820463584.8	8307730707.1
8615000000.0	6839932978.2	4820780293.2	8308675313.1
8616000000.0	6840572422.0	4821096969.8	8309619914.5
8617000000.0	6841211837.0	4821413614.4	8310564511.5
8618000000.0	6841851223.1	4821730227.3	8311509103.9
8619000000.0	6842490580.3	4822046808.2	8312453691.9
8620000000.0	6843129908.7	4822363357.4	8313398275.4
8621000000.0	6843769208.1	4822679874.7	8314342854.4
8622000000.0	6844408478.7	4822996360.1	8315287428.9
8623000000.0	6845047720.5	4823312813.7	8316231998.9
8624000000.0	6845686933.3	4823629235.5	8317176564.5
8625000000.0	6846326117.4	4823945625.5	8318121125.5
8626000000.0	6846965272.5	4824261983.6	8319065682.0
8627000000.0	6847604398.8	4824578310.0	8320010234.1
8628000000.0	6848243496.2	4824894604.5	8320954781.7
8629000000.0	6848882564.8	4825210867.2	8321899324.7
8630000000.0	6849521604.5	4825527098.2	8322843863.3
8631000000.0	6850160615.4	4825843297.3	8323788397.4
8632000000.0	6850799597.4	4826159464.7	8324732927.0
8633000000.0	6851438550.5	4826475600.2	8325677452.2
8634000000.0	6852077474.9	4826791704.0	8326621972.8
8635000000.0	6852716370.3	4827107776.0	8327566488.9
8636000000.0	6853355237.0	4827423816.3	8328511000.6
8637000000.0	6853994074.8	4827739824.7	8329455507.7
8638000000.0	6854632883.7	4828055801.5	8330400010.4
8639000000.0	6855271663.8	4828371746.4	8331344508.6
8640000000.0	6855910415.1	4828687659.6	8332289002.3
8641000000.0	6856549137.6	4829003541.1	8333233491.5
8642000000.0	6857187831.2	4829319390.8	8334177976.2
8643000000.0	6857826496.0	4829635208.8	8335122456.4
8644000000.0	6858465132.0	4829950995.1	8336066932.2
8645000000.0	6859103739.1	4830266749.6	8337011403.4
8646000000.0	6859742317.4	4830582472.5	8337955870.2
8647000000.0	6860380866.9	4830898163.6	8338900332.4
8648000000.0	6861019387.6	4831213822.9	8339844790.2
8649000000.0	6861657879.5	4831529450.6	8340789243.5
8650000000.0	6862296342.5	4831845046.6	8341733692.3
8651000000.0	6862934776.7	4832160610.9	8342678136.6
8652000000.0	6863573182.2	4832476143.5	8343622576.5
8653000000.0	6864211558.8	4832791644.4	8344567011.8
8654000000.0	6864849906.6	4833107113.6	8345511442.6
8655000000.0	6865488225.6	4833422551.1	8346455869.0
8656000000.0	6866126515.8	4833737957.0	8347400290.9
8657000000.0	6866764777.2	4834053331.2	8348344708.2
8658000000.0	6867403009.8	4834368673.7	8349289121.1
8659000000.0	6868041213.6	4834683984.6	8350233529.5
8660000000.0	6868679388.6	4834999263.8	8351177933.5
8661000000.0	6869317534.8	4835314511.4	8352122332.9
8662000000.0	6869955652.2	4835629727.3	8353066727.8
8663000000.0	6870593740.9	4835944911.6	8354011118.3
8664000000.0	6871231800.7	4836260064.3	8354955504.2
8665000000.0	6871869831.8	4836575185.3	8355899885.7
8666000000.0	6872507834.1	4836890274.7	8356844262.7
8667000000.0	6873145807.6	4837205332.4	8357788635.2
8668000000.0	6873783752.3	4837520358.6	8358733003.2
8669000000.0	6874421668.2	4837835353.2	8359677366.7
8670000000.0	6875059555.4	4838150316.1	8360621725.7
8671000000.0	6875697413.8	4838465247.4	8361566080.3
8672000000.0	6876335243.4	4838780147.2	8362510430.3
8673000000.0	6876973044.2	4839095015.3	8363454775.9
8674000000.0	6877610816.3	4839409851.9	8364399117.0
8675000000.0	6878248559.6	4839724656.9	8365343453.6
8676000000.0	6878886274.2	4840039430.3	8366287785.7
8677000000.0	6879523959.9	4840354172.1	8367232113.3
8678000000.0	6880161617.0	4840668882.4	8368176436.4
8679000000.0	6880799245.2	4840983561.0	8369120755.0
8680000000.0	6881436844.7	4841298208.2	8370065069.2
8681000000.0	6882074415.5	4841612823.8	8371009378.9
8682000000.0	6882711957.5	4841927407.8	8371953684.0
8683000000.0	6883349470.7	4842241960.3	8372897984.7
8684000000.0	6883986955.3	4842556481.2	8373842280.9
8685000000.0	6884624411.0	4842870970.7	8374786572.6
8686000000.0	6885261838.0	4843185428.5	8375730859.9
8687000000.0	6885899236.3	4843499854.9	8376675142.6
8688000000.0	6886536605.8	4843814249.7	8377619420.8
8689000000.0	6887173946.6	4844128613.0	8378563694.6
8690000000.0	6887811258.7	4844442944.9	8379507963.9
8691000000.0	6888448542.0	4844757245.2	8380452228.7
8692000000.0	6889085796.6	4845071514.0	8381396489.0
8693000000.0	6889723022.4	4845385751.3	8382340744.8
8694000000.0	6890360219.5	4845699957.1	8383284996.1
8695000000.0	6890997387.9	4846014131.4	8384229242.9
8696000000.0	6891634527.6	4846328274.2	8385173485.3
8697000000.0	6892271638.6	4846642385.6	8386117723.1
8698000000.0	6892908720.8	4846956465.5	8387061956.5
8699000000.0	6893545774.3	4847270513.9	8388006185.4
8700000000.0	6894182799.1	4847584530.9	8388950409.8
8701000000.0	6894819795.2	4847898516.4	8389894629.7
8702000000.0	6895456762.5	4848212470.4	8390838845.1
8703000000.0	6896093701.2	4848526393.0	8391783056.1
8704000000.0	6896730611.1	4848840284.1	8392727262.5
8705000000.0	6897367492.3	4849154143.8	8393671464.5
8706000000.0	6898004344.9	4849467972.1	8394615662.0
8707000000.0	6898641168.7	4849781768.9	8395559855.0
8708000000.0	6899277963.8	4850095534.4	8396504043.5
8709000000.0	6899914730.2	4850409268.3	8397448227.5
8710000000.0	6900551468.0	4850722970.9	8398392407.0
8711000000.0	6901188177.0	4851036642.1	8399336582.1
8712000000.0	6901824857.3	4851350281.8	8400280752.6
8713000000.0	6902461509.0	4851663890.2	8401224918.7
8714000000.0	6903098131.9	4851977467.2	8402169080.3
8715000000.0	6903734726.2	4852291012.7	8403113237.4
8716000000.0	6904371291.7	4852604526.9	8404057390.0
8717000000.0	6905007828.6	4852918009.7	8405001538.1
8718000000.0	6905644336.8	4853231461.1	8405945681.7
8719000000.0	6906280816.4	4853544881.1	8406889820.9
8720000000.0	6906917267.2	4853858269.8	8407833955.5
8721000000.0	6907553689.4	4854171627.1	8408778085.7
8722000000.0	6908190082.9	4854484953.0	8409722211.4
8723000000.0	6908826447.7	4854798247.6	8410666332.6
8724000000.0	6909462783.9	4855111510.9	8411610449.3
8725000000.0	6910099091.3	4855424742.8	8412554561.6
8726000000.0	6910735370.2	4855737943.3	8413498669.3
8727000000.0	6911371620.3	4856051112.5	8414442772.6
8728000000.0	6912007841.8	4856364250.4	8415386871.3
8729000000.0	6912644034.6	4856677357.0	8416330965.6
8730000000.0	6913280198.8	4856990432.2	8417275055.4
8731000000.0	6913916334.3	4857303476.1	8418219140.8
8732000000.0	6914552441.2	4857616488.7	8419163221.6
8733000000.0	6915188519.4	4857929470.0	8420107297.9
8734000000.0	6915824568.9	4858242420.0	8421051369.8
8735000000.0	6916460589.8	4858555338.7	8421995437.2
8736000000.0	6917096582.1	4858868226.1	8422939500.0
8737000000.0	6917732545.7	4859181082.2	8423883558.4
8738000000.0	6918368480.6	4859493907.0	8424827612.4
8739000000.0	6919004386.9	4859806700.6	8425771661.8
8740000000.0	6919640264.6	4860119462.8	8426715706.7
8741000000.0	6920276113.7	4860432193.8	8427659747.2
8742000000.0	6920911934.1	4860744893.6	8428603783.2
8743000000.0	6921547725.8	4861057562.0	8429547814.6
8744000000.0	6922183489.0	4861370199.2	8430491841.6
8745000000.0	6922819223.5	4861682805.2	8431435864.2
8746000000.0	6923454929.4	4861995379.9	8432379882.2
8747000000.0	6924090606.6	4862307923.4	8433323895.7
8748000000.0	6924726255.3	4862620435.6	8434267904.8
8749000000.0	6925361875.3	4862932916.6	8435211909.4
8750000000.0	6925997466.7	4863245366.4	8436155909.4
8751000000.0	6926633029.4	4863557785.0	8437099905.0
8752000000.0	6927268563.6	4863870172.3	8438043896.2
8753000000.0	6927904069.1	4864182528.4	8438987882.8
8754000000.0	6928539546.0	4864494853.3	8439931864.9
8755000000.0	6929174994.3	4864807147.0	8440875842.6
8756000000.0	6929810414.1	4865119409.5	8441819815.8
8757000000.0	6930445805.1	4865431640.8	8442763784.5
8758000000.0	6931081167.6	4865743840.9	8443707748.7
8759000000.0	6931716501.5	4866056009.9	8444651708.4
8760000000.0	6932351806.8	4866368147.6	8445595663.6
8761000000.0	6932987083.5	4866680254.2	8446539614.4
8762000000.0	6933622331.6	4866992329.6	8447483560.6
8763000000.0	6934257551.1	4867304373.8	8448427502.4
8764000000.0	6934892742.0	4867616386.9	8449371439.7
8765000000.0	6935527904.3	4867928368.8	8450315372.5
8766000000.0	6936163038.0	4868240319.5	8451259300.9
8767000000.0	6936798143.2	4868552239.2	8452203224.7
8768000000.0	6937433219.7	4868864127.6	8453147144.0
8769000000.0	6938068267.7	4869175984.9	8454091058.9
8770000000.0	6938703287.0	4869487811.1	8455034969.3
8771000000.0	6939338277.8	4869799606.2	8455978875.2
8772000000.0	6939973240.1	4870111370.1	8456922776.6
8773000000.0	6940608173.7	4870423102.9	8457866673.6
8774000000.0	6941243078.8	4870734804.6	8458810566.0
8775000000.0	6941877955.3	4871046475.2	8459754454.0
8776000000.0	6942512803.2	4871358114.7	8460698337.5
8777000000.0	6943147622.6	4871669723.1	8461642216.4
8778000000.0	6943782413.4	4871981300.4	8462586091.0
8779000000.0	6944417175.6	4872292846.6	8463529961.0
8780000000.0	6945051909.3	4872604361.7	8464473826.5
8781000000.0	6945686614.4	4872915845.7	8465417687.6
8782000000.0	6946321290.9	4873227298.6	8466361544.2
8783000000.0	6946955938.9	4873538720.5	8467305396.3
8784000000.0	6947590558.3	4873850111.3	8468249243.9
8785000000.0	6948225149.2	4874161471.0	8469193087.0
8786000000.0	6948859711.5	4874472799.7	8470136925.6
8787000000.0	6949494245.3	4874784097.3	8471080759.8
8788000000.0	6950128750.6	4875095363.8	8472024589.4
8789000000.0	6950763227.2	4875406599.4	8472968414.6
8790000000.0	6951397675.4	4875717803.8	8473912235.3
8791000000.0	6952032095.0	4876028977.3	8474856051.5
8792000000.0	6952666486.1	4876340119.7	8475799863.3
8793000000.0	6953300848.6	4876651231.1	8476743670.5
8794000000.0	6953935182.6	4876962311.4	8477687473.3
8795000000.0	6954569488.0	4877273360.8	8478631271.6
8796000000.0	6955203765.0	4877584379.1	8479575065.4
8797000000.0	6955838013.3	4877895366.4	8480518854.7
8798000000.0	6956472233.2	4878206322.7	8481462639.5
8799000000.0	6957106424.6	4878517248.0	8482406419.9
8800000000.0	6957740587.4	4878828142.3	8483350195.7
8801000000.0	6958374721.7	4879139005.7	8484293967.1
8802000000.0	6959008827.4	4879449838.0	8485237734.0
8803000000.0	6959642904.7	4879760639.4	8486181496.4
8804000000.0	6960276953.4	4880071409.7	8487125254.4
8805000000.0	6960910973.7	4880382149.2	8488069007.8
8806000000.0	6961544965.4	4880692857.6	8489012756.8
8807000000.0	6962178928.6	4881003535.1	8489956501.2
8808000000.0	6962812863.3	4881314181.6	8490900241.2
8809000000.0	6963446769.4	4881624797.2	8491843976.8
8810000000.0	6964080647.1	4881935381.8	8492787707.8
8811000000.0	6964714496.3	4882245935.5	8493731434.3
8812000000.0	6965348317.0	4882556458.2	8494675156.4
8813000000.0	6965982109.2	4882866950.0	8495618874.0
8814000000.0	6966615872.8	4883177410.9	8496562587.1
8815000000.0	6967249608.0	4883487840.8	8497506295.7
8816000000.0	6967883314.7	4883798239.9	8498449999.8
8817000000.0	6968516992.9	4884108608.0	8499393699.5
8818000000.0	6969150642.6	4884418945.2	8500337394.6
8819000000.0	6969784263.8	4884729251.5	8501281085.3
8820000000.0	6970417856.6	4885039526.9	8502224771.5
8821000000.0	6971051420.8	4885349771.4	8503168453.2
8822000000.0	6971684956.6	4885659985.0	8504112130.5
8823000000.0	6972318463.9	4885970167.7	8505055803.2
8824000000.0	6972951942.7	4886280319.5	8505999471.5
8825000000.0	6973585393.0	4886590440.4	8506943135.3
8826000000.0	6974218814.9	4886900530.5	8507886794.6
8827000000.0	6974852208.3	4887210589.7	8508830449.4
8828000000.0	6975485573.2	4887520618.1	8509774099.7
8829000000.0	6976118909.7	4887830615.5	8510717745.6
8830000000.0	6976752217.7	4888140582.2	8511661387.0
8831000000.0	6977385497.2	4888450517.9	8512605023.9
8832000000.0	6978018748.2	4888760422.8	8513548656.3
8833000000.0	6978651970.8	4889070296.9	8514492284.2
8834000000.0	6979285165.0	4889380140.2	8515435907.6
8835000000.0	6979918330.6	4889689952.6	8516379526.6
8836000000.0	6980551467.9	4889999734.2	8517323141.1
8837000000.0	6981184576.6	4890309484.9	8518266751.1
8838000000.0	6981817657.0	4890619204.9	8519210356.6
8839000000.0	6982450708.8	4890928894.0	8520153957.6
8840000000.0	6983083732.3	4891238552.3	8521097554.2
8841000000.0	6983716727.2	4891548179.8	8522041146.2
8842000000.0	6984349693.8	4891857776.5	8522984733.8
8843000000.0	6984982631.9	4892167342.4	8523928316.9
8844000000.0	6985615541.5	4892476877.5	8524871895.5
8845000000.0	6986248422.7	4892786381.9	8525815469.7
8846000000.0	6986881275.5	4893095855.4	8526759039.3
8847000000.0	6987514099.9	4893405298.2	8527702604.5
8848000000.0	6988146895.8	4893714710.2	8528646165.2
8849000000.0	6988779663.3	4894024091.4	8529589721.4
8850000000.0	6989412402.3	4894333441.9	8530533273.2
8851000000.0	6990045113.0	4894642761.6	8531476820.4
8852000000.0	6990677795.2	4894952050.5	8532420363.2
8853000000.0	6991310448.9	4895261308.7	8533363901.5
8854000000.0	6991943074.3	4895570536.2	8534307435.3
8855000000.0	6992575671.3	4895879732.9	8535250964.6
8856000000.0	6993208239.8	4896188898.9	8536194489.4
8857000000.0	6993840779.9	4896498034.1	8537138009.8
8858000000.0	6994473291.6	4896807138.7	8538081525.7
8859000000.0	6995105774.9	4897116212.5	8539025037.0
8860000000.0	6995738229.8	4897425255.5	8539968544.0
8861000000.0	6996370656.2	4897734267.9	8540912046.4
8862000000.0	6997003054.3	4898043249.6	8541855544.3
8863000000.0	6997635424.0	4898352200.5	8542799037.8
8864000000.0	6998267765.2	4898661120.8	8543742526.8
8865000000.0	6998900078.1	4898970010.3	8544686011.3
8866000000.0	6999532362.6	4899278869.2	8545629491.3
8867000000.0	7000164618.6	4899587697.4	8546572966.9
8868000000.0	7000796846.3	4899896494.9	8547516438.0
8869000000.0	7001429045.6	4900205261.7	8548459904.5
8870000000.0	7002061216.5	4900513997.9	8549403366.6
8871000000.0	7002693359.0	4900822703.3	8550346824.3
8872000000.0	7003325473.1	4901131378.2	8551290277.4
8873000000.0	7003957558.9	4901440022.3	8552233726.1
8874000000.0	7004589616.2	4901748635.8	8553177170.2
8875000000.0	7005221645.2	4902057218.7	8554120609.9
8876000000.0	7005853645.8	4902365770.9	8555064045.1
8877000000.0	7006485618.0	4902674292.5	8556007475.9
8878000000.0	7007117561.8	4902982783.4	8556950902.1
8879000000.0	7007749477.3	4903291243.7	8557894323.9
8880000000.0	7008381364.4	4903599673.4	8558837741.2
8881000000.0	7009013223.1	4903908072.5	8559781154.0
8882000000.0	7009645053.5	4904216440.9	8560724562.4
8883000000.0	7010276855.5	4904524778.7	8561667966.2
8884000000.0	7010908629.1	4904833085.9	8562611365.6
8885000000.0	7011540374.4	4905141362.6	8563554760.5
8886000000.0	7012172091.3	4905449608.6	8564498150.9
8887000000.0	7012803779.9	4905757824.0	8565441536.8
8888000000.0	7013435440.1	4906066008.8	8566384918.3
8889000000.0	7014067072.0	4906374163.1	8567328295.2
8890000000.0	7014698675.5	4906682286.7	8568271667.7
8891000000.0	7015330250.6	4906990379.8	8569215035.7
8892000000.0	7015961797.4	4907298442.4	8570158399.2
8893000000.0	7016593315.9	4907606474.3	8571101758.3
8894000000.0	7017224806.0	4907914475.7	8572045112.9
8895000000.0	7017856267.7	4908222446.5	8572988462.9
8896000000.0	7018487701.2	4908530386.8	8573931808.5
8897000000.0	7019119106.3	4908838296.5	8574875149.7
8898000000.0	7019750483.0	4909146175.7	8575818486.3
8899000000.0	7020381831.4	4909454024.4	8576761818.5
8900000000.0	7021013151.5	4909761842.5	8577705146.2
8901000000.0	7021644443.3	4910069630.0	8578648469.4
8902000000.0	7022275706.7	4910377387.1	8579591788.1
8903000000.0	7022906941.8	4910685113.6	8580535102.4
8904000000.0	7023538148.6	4910992809.6	8581478412.1
8905000000.0	7024169327.0	4911300475.1	8582421717.4
8906000000.0	7024800477.2	4911608110.1	8583365018.2
8907000000.0	7025431599.0	4911915714.6	8584308314.5
8908000000.0	7026062692.5	4912223288.6	8585251606.4
8909000000.0	7026693757.6	4912530832.1	8586194893.8
8910000000.0	7027324794.5	4912838345.1	8587138176.6
8911000000.0	7027955803.1	4913145827.6	8588081455.1
8912000000.0	7028586783.3	4913453279.7	8589024729.0
8913000000.0	7029217735.2	4913760701.2	8589967998.4
8914000000.0	7029848658.9	4914068092.3	8590911263.4
8915000000.0	7030479554.2	4914375453.0	8591854523.9
8916000000.0	7031110421.2	4914682783.1	8592797779.9
8917000000.0	7031741259.9	4914990082.8	8593741031.4
8918000000.0	7032372070.4	4915297352.1	8594684278.5
8919000000.0	7033002852.5	4915604590.9	8595627521.1
8920000000.0	7033633606.3	4915911799.2	8596570759.2
8921000000.0	7034264331.9	4916218977.1	8597513992.8
8922000000.0	7034895029.1	4916526124.6	8598457221.9
8923000000.0	7035525698.1	4916833241.7	8599400446.6
8924000000.0	7036156338.8	4917140328.3	8600343666.7
8925000000.0	7036786951.2	4917447384.5	8601286882.4
8926000000.0	7037417535.3	4917754410.3	8602230093.7
8927000000.0	7038048091.1	4918061405.7	8603173300.4
8928000000.0	7038678618.6	4918368370.6	8604116502.7
8929000000.0	7039309117.9	4918675305.2	8605059700.4
8930000000.0	7039939588.9	4918982209.4	8606002893.7
8931000000.0	7040570031.6	4919289083.1	8606946082.6
8932000000.0	7041200446.1	4919595926.5	8607889266.9
8933000000.0	7041830832.3	4919902739.5	8608832446.8
8934000000.0	7042461190.2	4920209522.1	8609775622.2
8935000000.0	7043091519.8	4920516274.3	8610718793.1
8936000000.0	7043721821.2	4920822996.2	8611661959.5
8937000000.0	7044352094.3	4921129687.7	8612605121.5
8938000000.0	7044982339.2	4921436348.8	8613548278.9
8939000000.0	7045612555.8	4921742979.6	8614491431.9
8940000000.0	7046242744.1	4922049580.0	8615434580.4
8941000000.0	7046872904.2	4922356150.1	8616377724.5
8942000000.0	7047503036.0	4922662689.8	8617320864.0
8943000000.0	7048133139.6	4922969199.2	8618263999.1
8944000000.0	7048763215.0	4923275678.3	8619207129.7
8945000000.0	7049393262.1	4923582127.0	8620150255.8
8946000000.0	7050023280.9	4923888545.4	8621093377.5
8947000000.0	7050653271.5	4924194933.4	8622036494.7
8948000000.0	7051283233.9	4924501291.2	8622979607.3
8949000000.0	7051913168.0	4924807618.6	8623922715.6
8950000000.0	7052543073.9	4925113915.7	8624865819.3
8951000000.0	7053172951.5	4925420182.6	8625808918.5
8952000000.0	7053802800.9	4925726419.1	8626752013.3
8953000000.0	7054432622.1	4926032625.3	8627695103.6
8954000000.0	7055062415.1	4926338801.3	8628638189.4
8955000000.0	7055692179.8	4926644946.9	8629581270.8
8956000000.0	7056321916.3	4926951062.3	8630524347.6
8957000000.0	7056951624.6	4927257147.4	8631467420.0
8958000000.0	7057581304.6	4927563202.2	8632410487.9
8959000000.0	7058210956.5	4927869226.8	8633353551.4
8960000000.0	7058840580.1	4928175221.0	8634296610.3
8961000000.0	7059470175.5	4928481185.1	8635239664.8
8962000000.0	7060099742.7	4928787118.8	8636182714.8
8963000000.0	7060729281.6	4929093022.4	8637125760.3
8964000000.0	7061358792.4	4929398895.6	8638068801.3
8965000000.0	7061988274.9	4929704738.7	8639011837.9
8966000000.0	7062617729.3	4930010551.5	8639954870.0
8967000000.0	7063247155.4	4930316334.0	8640897897.6
8968000000.0	7063876553.3	4930622086.4	8641840920.7
8969000000.0	7064505923.1	4930927808.5	8642783939.4
8970000000.0	7065135264.6	4931233500.4	8643726953.6
8971000000.0	7065764578.0	4931539162.1	8644669963.2
8972000000.0	7066393863.1	4931844793.6	8645612968.5
8973000000.0	7067023120.0	4932150394.8	8646555969.2
8974000000.0	7067652348.8	4932455965.9	8647498965.5
8975000000.0	7068281549.4	4932761506.8	8648441957.3
8976000000.0	7068910721.7	4933067017.4	8649384944.6
8977000000.0	7069539865.9	4933372497.9	8650327927.4
8978000000.0	7070168981.9	4933677948.2	8651270905.8
8979000000.0	7070798069.8	4933983368.4	8652213879.6
8980000000.0	7071427129.4	4934288758.3	8653156849.0
8981000000.0	7072056160.9	4934594118.1	8654099814.0
8982000000.0	7072685164.1	4934899447.7	8655042774.4
8983000000.0	7073314139.3	4935204747.2	8655985730.4
8984000000.0	7073943086.2	4935510016.5	8656928681.9
8985000000.0	7074572005.0	4935815255.6	8657871628.9
8986000000.0	7075200895.6	4936120464.6	8658814571.4
8987000000.0	7075829758.0	4936425643.5	8659757509.5
8988000000.0	7076458592.3	4936730792.2	8660700443.1
8989000000.0	7077087398.4	4937035910.8	8661643372.2
8990000000.0	7077716176.3	4937340999.3	8662586296.8
8991000000.0	7078344926.1	4937646057.6	8663529217.0
8992000000.0	7078973647.7	4937951085.8	8664472132.7
8993000000.0	7079602341.2	4938256083.9	8665415043.9
8994000000.0	7080231006.5	4938561051.9	8666357950.6
8995000000.0	7080859643.7	4938865989.8	8667300852.8
8996000000.0	7081488252.7	4939170897.6	8668243750.6
8997000000.0	7082116833.5	4939475775.3	8669186643.9
8998000000.0	7082745386.2	4939780622.8	8670129532.7
8999000000.0	7083373910.8	4940085440.3	8671072417.1
9000000000.0	7084002407.2	4940390227.8	8672015296.9
9001000000.0	7084630875.5	4940694985.1	8672958172.3
9002000000.0	7085259315.7	4940999712.4	8673901043.2
9003000000.0	7085887727.7	4941304409.5	8674843909.7
9004000000.0	7086516111.6	4941609076.7	8675786771.6
9005000000.0	7087144467.3	4941913713.7	8676729629.1
9006000000.0	7087772794.9	4942218320.7	8677672482.1
9007000000.0	7088401094.4	4942522897.7	8678615330.7
9008000000.0	7089029365.8	4942827444.6	8679558174.7
9009000000.0	7089657609.0	4943131961.4	8680501014.3
9010000000.0	7090285824.1	4943436448.2	8681443849.4
9011000000.0	7090914011.1	4943740905.0	8682386680.0
9012000000.0	7091542170.0	4944045331.7	8683329506.2
9013000000.0	7092170300.7	4944349728.5	8684272327.9
9014000000.0	7092798403.3	4944654095.2	8685215145.1
9015000000.0	7093426477.8	4944958431.8	8686157957.8
9016000000.0	7094054524.2	4945262738.5	8687100766.0
9017000000.0	7094682542.5	4945567015.2	8688043569.8
9018000000.0	7095310532.7	4945871261.8	8688986369.1
9019000000.0	7095938494.8	4946175478.5	8689929163.9
9020000000.0	7096566428.8	4946479665.1	8690871954.3
9021000000.0	7097194334.6	4946783821.8	8691814740.2
9022000000.0	7097822212.4	4947087948.5	8692757521.5
9023000000.0	7098450062.1	4947392045.2	8693700298.5
9024000000.0	7099077883.6	4947696111.9	8694643070.9
9025000000.0	7099705677.1	4948000148.6	8695585838.9
9026000000.0	7100333442.5	4948304155.4	8696528602.4
9027000000.0	7100961179.8	4948608132.2	8697471361.4
9028000000.0	7101588889.0	4948912079.1	8698414115.9
9029000000.0	7102216570.1	4949215996.0	8699356866.0
9030000000.0	7102844223.1	4949519882.9	8700299611.6
9031000000.0	7103471848.1	4949823739.9	8701242352.7
9032000000.0	7104099444.9	4950127567.0	8702185089.3
9033000000.0	7104727013.7	4950431364.1	8703127821.5
9034000000.0	7105354554.4	4950735131.3	8704070549.2
9035000000.0	7105982067.0	4951038868.5	8705013272.4
9036000000.0	7106609551.6	4951342575.9	8705955991.1
9037000000.0	7107237008.0	4951646253.3	8706898705.4
9038000000.0	7107864436.4	4951949900.8	8707841415.2
9039000000.0	7108491836.8	4952253518.4	8708784120.5
9040000000.0	7109119209.0	4952557106.0	8709726821.4
9041000000.0	7109746553.3	4952860663.8	8710669517.7
9042000000.0	7110373869.4	4953164191.7	8711612209.6
9043000000.0	7111001157.5	4953467689.7	8712554897.0
9044000000.0	7111628417.5	4953771157.8	8713497580.0
9045000000.0	7112255649.4	4954074596.0	8714440258.4
9046000000.0	7112882853.3	4954378004.3	8715382932.4
9047000000.0	7113510029.2	4954681382.8	8716325601.9
9048000000.0	7114137177.0	4954984731.4	8717268267.0
9049000000.0	7114764296.7	4955288050.1	8718210927.5
9050000000.0	7115391388.4	4955591338.9	8719153583.6
9051000000.0	7116018452.1	4955894597.9	8720096235.2
9052000000.0	7116645487.7	4956197827.1	8721038882.4
9053000000.0	7117272495.3	4956501026.4	8721981525.1
9054000000.0	7117899474.8	4956804195.8	8722924163.2
9055000000.0	7118526426.3	4957107335.4	8723866797.0
9056000000.0	7119153349.7	4957410445.2	8724809426.2
9057000000.0	7119780245.1	4957713525.1	8725752051.0
9058000000.0	7120407112.5	4958016575.2	8726694671.3
9059000000.0	7121033951.9	4958319595.5	8727637287.1
9060000000.0	7121660763.2	4958622586.0	8728579898.4
9061000000.0	7122287546.5	4958925546.6	8729522505.3
9062000000.0	7122914301.7	4959228477.5	8730465107.7
9063000000.0	7123541029.0	4959531378.5	8731407705.6
9064000000.0	7124167728.2	4959834249.8	8732350299.1
9065000000.0	7124794399.4	4960137091.2	8733292888.1
9066000000.0	7125421042.6	4960439902.9	8734235472.6
9067000000.0	7126047657.7	4960742684.7	8735178052.6
9068000000.0	7126674244.9	4961045436.8	8736120628.1
9069000000.0	7127300804.0	4961348159.1	8737063199.2
9070000000.0	7127927335.1	4961650851.6	8738005765.8
9071000000.0	7128553838.3	4961953514.4	8738948328.0
9072000000.0	7129180313.4	4962256147.4	8739890885.6
9073000000.0	7129806760.5	4962558750.6	8740833438.8
9074000000.0	7130433179.6	4962861324.1	8741775987.5
9075000000.0	7131059570.7	4963163867.8	8742718531.8
9076000000.0	7131685933.8	4963466381.8	8743661071.5
9077000000.0	7132312268.9	4963768866.0	8744603606.8
9078000000.0	7132938576.0	4964071320.5	8745546137.6
9079000000.0	7133564855.1	4964373745.3	8746488664.0
9080000000.0	7134191106.2	4964676140.3	8747431185.8
9081000000.0	7134817329.3	4964978505.6	8748373703.2
9082000000.0	7135443524.5	4965280841.2	8749316216.1
9083000000.0	7136069691.6	4965583147.0	8750258724.6
9084000000.0	7136695830.8	4965885423.2	8751201228.6
9085000000.0	7137321942.0	4966187669.6	8752143728.1
9086000000.0	7137948025.2	4966489886.3	8753086223.1
9087000000.0	7138574080.4	4966792073.4	8754028713.7
9088000000.0	7139200107.7	4967094230.7	8754971199.7
9089000000.0	7139826107.0	4967396358.4	8755913681.3
9090000000.0	7140452078.3	4967698456.3	8756856158.5
9091000000.0	7141078021.6	4968000524.6	8757798631.1
9092000000.0	7141703937.0	4968302563.2	8758741099.3
9093000000.0	7142329824.4	4968604572.1	8759683563.0
9094000000.0	7142955683.8	4968906551.4	8760626022.3
9095000000.0	7143581515.3	4969208501.0	8761568477.1
9096000000.0	7144207318.8	4969510420.9	8762510927.4
9097000000.0	7144833094.3	4969812311.2	8763453373.2
9098000000.0	7145458841.9	4970114171.8	8764395814.5
9099000000.0	7146084561.5	4970416002.8	8765338251.4
9100000000.0	7146710253.2	4970717804.2	8766280683.8
9101000000.0	7147335916.9	4971019575.8	8767223111.7
9102000000.0	7147961552.7	4971321317.9	8768165535.2
9103000000.0	7148587160.5	4971623030.3	8769107954.2
9104000000.0	7149212740.4	4971924713.2	8770050368.7
9105000000.0	7149838292.3	4972226366.3	8770992778.7
9106000000.0	7150463816.3	4972527989.9	8771935184.3
9107000000.0	7151089312.3	4972829583.9	8772877585.4
9108000000.0	7151714780.4	4973131148.2	8773819982.0
9109000000.0	7152340220.6	4973432683.0	8774762374.2
9110000000.0	7152965632.8	4973734188.1	8775704761.9
9111000000.0	7153591017.1	4974035663.7	8776647145.1
9112000000.0	7154216373.5	4974337109.6	8777589523.8
9113000000.0	7154841701.9	4974638526.0	8778531898.1
9114000000.0	7155467002.4	4974939912.8	8779474267.8
9115000000.0	7156092275.0	4975241270.0	8780416633.2
9116000000.0	7156717519.7	4975542597.7	8781358994.0
9117000000.0	7157342736.4	4975843895.8	8782301350.4
9118000000.0	7157967925.2	4976145164.3	8783243702.3
9119000000.0	7158593086.1	4976446403.2	8784186049.7
9120000000.0	7159218219.1	4976747612.6	8785128392.7
9121000000.0	7159843324.1	4977048792.5	8786070731.1
9122000000.0	7160468401.3	4977349942.8	8787013065.1
9123000000.0	7161093450.5	4977651063.5	8787955394.7
9124000000.0	7161718471.8	4977952154.8	8788897719.8
9125000000.0	7162343465.3	4978253216.4	8789840040.4
9126000000.0	7162968430.8	4978554248.6	8790782356.5
9127000000.0	7163593368.4	4978855251.2	8791724668.1
9128000000.0	7164218278.1	4979156224.3	8792666975.3
9129000000.0	7164843159.9	4979457167.9	8793609278.0
9130000000.0	7165468013.8	4979758082.0	8794551576.2
9131000000.0	7166092839.8	4980058966.6	8795493870.0
9132000000.0	7166717637.9	4980359821.7	8796436159.3
9133000000.0	7167342408.2	4980660647.2	8797378444.1
9134000000.0	7167967150.5	4980961443.3	8798320724.5
9135000000.0	7168591864.9	4981262209.9	8799263000.3
9136000000.0	7169216551.5	4981562947.0	8800205271.8
9137000000.0	7169841210.2	4981863654.6	8801147538.7
9138000000.0	7170465840.9	4982164332.8	8802089801.2
9139000000.0	7171090443.9	4982464981.5	8803032059.1
9140000000.0	7171715018.9	4982765600.7	8803974312.7
9141000000.0	7172339566.0	4983066190.4	8804916561.7
9142000000.0	7172964085.3	4983366750.7	8805858806.3
9143000000.0	7173588576.7	4983667281.5	8806801046.4
9144000000.0	7174213040.2	4983967782.9	8807743282.0
9145000000.0	7174837475.9	4984268254.8	8808685513.2
9146000000.0	7175461883.7	4984568697.3	8809627739.9
9147000000.0	7176086263.6	4984869110.3	8810569962.1
9148000000.0	7176710615.6	4985169493.9	8811512179.9
9149000000.0	7177334939.8	4985469848.1	8812454393.1
9150000000.0	7177959236.2	4985770172.9	8813396601.9
9151000000.0	7178583504.6	4986070468.2	8814338806.3
9152000000.0	7179207745.2	4986370734.1	8815281006.1
9153000000.0	7179831958.0	4986670970.6	8816223201.5
9154000000.0	7180456142.9	4986971177.7	8817165392.5
9155000000.0	7181080300.0	4987271355.4	8818107578.9
9156000000.0	7181704429.2	4987571503.7	8819049760.9
9157000000.0	7182328530.5	4987871622.6	8819991938.4
9158000000.0	7182952604.0	4988171712.1	8820934111.4
9159000000.0	7183576649.7	4988471772.3	8821876280.0
9160000000.0	7184200667.5	4988771803.0	8822818444.1
9161000000.0	7184824657.5	4989071804.4	8823760603.7
9162000000.0	7185448619.6	4989371776.4	8824702758.9
9163000000.0	7186072554.0	4989671719.0	8825644909.6
9164000000.0	7186696460.4	4989971632.3	8826587055.8
9165000000.0	7187320339.1	4990271516.2	8827529197.5
9166000000.0	7187944189.9	4990571370.7	8828471334.8
9167000000.0	7188568012.9	4990871195.9	8829413467.6
9168000000.0	7189191808.0	4991170991.7	8830355596.0
9169000000.0	7189815575.3	4991470758.2	8831297719.8
9170000000.0	7190439314.8	4991770495.4	8832239839.2
9171000000.0	7191063026.5	4992070203.2	8833181954.1
9172000000.0	7191686710.4	4992369881.7	8834124064.6
9173000000.0	7192310366.4	4992669530.9	8835066170.6
9174000000.0	7192933994.6	4992969150.8	8836008272.1
9175000000.0	7193557595.0	4993268741.3	8836950369.1
9176000000.0	7194181167.6	4993568302.5	8837892461.7
9177000000.0	7194804712.4	4993867834.4	8838834549.8
9178000000.0	7195428229.4	4994167337.0	8839776633.4
9179000000.0	7196051718.6	4994466810.3	8840718712.6
9180000000.0	7196675179.9	4994766254.3	8841660787.3
9181000000.0	7197298613.5	4995065669.1	8842602857.5
9182000000.0	7197922019.3	4995365054.5	8843544923.3
9183000000.0	7198545397.2	4995664410.7	8844486984.6
9184000000.0	7199168747.4	4995963737.5	8845429041.4
9185000000.0	7199792069.7	4996263035.1	8846371093.7
9186000000.0	7200415364.3	4996562303.5	8847313141.6
9187000000.0	7201038631.1	4996861542.5	8848255185.0
9188000000.0	7201661870.1	4997160752.3	8849197223.9
9189000000.0	7202285081.3	4997459932.9	8850139258.4
9190000000.0	7202908264.7	4997759084.2	8851081288.4
9191000000.0	7203531420.3	4998058206.2	8852023313.9
9192000000.0	7204154548.2	4998357299.0	8852965335.0
9193000000.0	7204777648.3	4998656362.6	8853907351.5
9194000000.0	7205400720.5	4998955396.9	8854849363.7
9195000000.0	7206023765.1	4999254402.0	8855791371.3
9196000000.0	7206646781.8	4999553377.9	8856733374.5
9197000000.0	7207269770.7	4999852324.5	8857675373.2
9198000000.0	7207892731.9	5000151241.9	8858617367.4
9199000000.0	7208515665.4	5000450130.2	8859559357.2
9200000000.0	7209138571.0	5000748989.2	8860501342.5
9201000000.0	7209761448.9	5001047819.0	8861443323.3
9202000000.0	7210384299.0	5001346619.6	8862385299.7
9203000000.0	7211007121.4	5001645391.0	8863327271.6
9204000000.0	7211629916.0	5001944133.2	8864269239.0
9205000000.0	7212252682.8	5002242846.2	8865211202.0
9206000000.0	7212875421.9	5002541530.0	8866153160.4
9207000000.0	7213498133.2	5002840184.7	8867095114.5
9208000000.0	7214120816.8	5003138810.2	8868037064.0
9209000000.0	7214743472.6	5003437406.5	8868979009.1
9210000000.0	7215366100.7	5003735973.6	8869920949.7
9211000000.0	7215988701.0	5004034511.6	8870862885.8
9212000000.0	7216611273.6	5004333020.4	8871804817.5
9213000000.0	7217233818.4	5004631500.1	8872746744.7
9214000000.0	7217856335.5	5004929950.6	8873688667.4
9215000000.0	7218478824.9	5005228372.0	8874630585.7
9216000000.0	7219101286.5	5005526764.2	8875572499.5
9217000000.0	7219723720.4	5005825127.3	8876514408.8
9218000000.0	7220346126.5	5006123461.3	8877456313.7
9219000000.0	7220968504.9	5006421766.1	8878398214.1
9220000000.0	7221590855.6	5006720041.9	8879340110.0
9221000000.0	7222213178.6	5007018288.5	8880282001.4
9222000000.0	7222835473.8	5007316505.9	8881223888.4
9223000000.0	7223457741.3	5007614694.3	8882165770.9
9224000000.0	7224079981.1	5007912853.6	8883107649.0
9225000000.0	7224702193.1	5008210983.7	8884049522.6
9226000000.0	7225324377.4	5008509084.8	8884991391.7
9227000000.0	7225946534.1	5008807156.7	8885933256.3
9228000000.0	7226568663.0	5009105199.6	8886875116.5
9229000000.0	7227190764.1	5009403213.4	8887816972.2
9230000000.0	7227812837.6	5009701198.1	8888758823.4
9231000000.0	7228434883.4	5009999153.7	8889700670.2
9232000000.0	7229056901.4	5010297080.3	8890642512.5
9233000000.0	7229678891.8	5010594977.8	8891584350.3
9234000000.0	7230300854.4	5010892846.2	8892526183.7
9235000000.0	7230922789.4	5011190685.6	8893468012.6
9236000000.0	7231544696.6	5011488495.9	8894409837.0
9237000000.0	7232166576.1	5011786277.1	8895351657.0
9238000000.0	7232788428.0	5012084029.4	8896293472.5
9239000000.0	7233410252.1	5012381752.5	8897235283.5
9240000000.0	7234032048.6	5012679446.7	8898177090.1
9241000000.0	7234653817.3	5012977111.8	8899118892.2
9242000000.0	7235275558.4	5013274747.8	8900060689.8
9243000000.0	7235897271.8	5013572354.9	8901002482.9
9244000000.0	7236518957.5	5013869932.9	8901944271.6
9245000000.0	7237140615.5	5014167481.9	8902886055.8
9246000000.0	7237762245.8	5014465001.9	8903827835.6
9247000000.0	7238383848.5	5014762492.8	8904769610.9
9248000000.0	7239005423.4	5015059954.8	8905711381.7
9249000000.0	7239626970.7	5015357387.8	8906653148.0
9250000000.0	7240248490.3	5015654791.8	8907594909.9
9251000000.0	7240869982.3	5015952166.7	8908536667.3
9252000000.0	7241491446.5	5016249512.7	8909478420.3
9253000000.0	7242112883.1	5016546829.8	8910420168.8
9254000000.0	7242734292.1	5016844117.8	8911361912.8
9255000000.0	7243355673.3	5017141376.8	8912303652.3
9256000000.0	7243977026.9	5017438606.9	8913245387.4
9257000000.0	7244598352.9	5017735808.1	8914187118.0
9258000000.0	7245219651.1	5018032980.2	8915128844.1
9259000000.0	7245840921.8	5018330123.4	8916070565.8
9260000000.0	7246462164.7	5018627237.7	8917012283.0
9261000000.0	7247083380.0	5018924323.0	8917953995.8
9262000000.0	7247704567.7	5019221379.3	8918895704.0
9263000000.0	7248325727.7	5019518406.7	8919837407.8
9264000000.0	7248946860.0	5019815405.2	8920779107.2
9265000000.0	7249567964.7	5020112374.8	8921720802.1
9266000000.0	7250189041.8	5020409315.4	8922662492.5
9267000000.0	7250810091.2	5020706227.1	8923604178.4
9268000000.0	7251431113.0	5021003109.8	8924545859.9
9269000000.0	7252052107.1	5021299963.7	8925487536.9
9270000000.0	7252673073.6	5021596788.6	8926429209.4
9271000000.0	7253294012.5	5021893584.7	8927370877.5
9272000000.0	7253914923.7	5022190351.8	8928312541.1
9273000000.0	7254535807.3	5022487090.0	8929254200.2
9274000000.0	7255156663.2	5022783799.4	8930195854.9
9275000000.0	7255777491.6	5023080479.8	8931137505.1
9276000000.0	7256398292.3	5023377131.4	8932079150.9
9277000000.0	7257019065.3	5023673754.1	8933020792.1
9278000000.0	7257639810.8	5023970347.9	8933962428.9
9279000000.0	7258260528.6	5024266912.8	8934904061.3
9280000000.0	7258881218.8	5024563448.9	8935845689.1
9281000000.0	7259501881.4	5024859956.1	8936787312.5
9282000000.0	7260122516.4	5025156434.4	8937728931.5
9283000000.0	7260743123.8	5025452883.9	8938670546.0
9284000000.0	7261363703.5	5025749304.5	8939612156.0
9285000000.0	7261984255.6	5026045696.3	8940553761.5
9286000000.0	7262604780.2	5026342059.2	8941495362.6
9287000000.0	7263225277.1	5026638393.3	8942436959.2
9288000000.0	7263845746.4	5026934698.6	8943378551.3
9289000000.0	7264466188.1	5027230975.0	8944320139.0
9290000000.0	7265086602.2	5027527222.6	8945261722.2
9291000000.0	7265706988.7	5027823441.4	8946203301.0
9292000000.0	7266327347.7	5028119631.4	8947144875.2
9293000000.0	7266947679.0	5028415792.5	8948086445.1
9294000000.0	7267567982.7	5028711924.9	8949028010.4
9295000000.0	7268188258.8	5029008028.4	8949969571.3
9296000000.0	7268808507.4	5029304103.1	8950911127.7
9297000000.0	7269428728.3	5029600149.1	8951852679.6
9298000000.0	7270048921.7	5029896166.2	8952794227.1
9299000000.0	7270669087.5	5030192154.6	8953735770.1
9300000000.0	7271289225.7	5030488114.1	8954677308.7
9301000000.0	7271909336.3	5030784044.9	8955618842.8
9302000000.0	7272529419.3	5031079946.9	8956560372.4
9303000000.0	7273149474.8	5031375820.2	8957501897.6
9304000000.0	7273769502.7	5031671664.6	8958443418.2
9305000000.0	7274389503.0	5031967480.3	8959384934.5
9306000000.0	7275009475.7	5032263267.3	8960326446.2
9307000000.0	7275629420.9	5032559025.5	8961267953.5
9308000000.0	7276249338.5	5032854754.9	8962209456.3
9309000000.0	7276869228.5	5033150455.6	8963150954.7
9310000000.0	7277489091.0	5033446127.6	8964092448.6
9311000000.0	7278108925.9	5033741770.8	8965033938.0
9312000000.0	7278728733.2	5034037385.2	8965975423.0
9313000000.0	7279348513.0	5034332971.0	8966916903.5
9314000000.0	7279968265.2	5034628528.0	8967858379.5
9315000000.0	7280587989.9	5034924056.3	8968799851.1
9316000000.0	7281207687.0	5035219555.9	8969741318.2
9317000000.0	7281827356.6	5035515026.8	8970682780.8
9318000000.0	7282446998.6	5035810468.9	8971624239.0
9319000000.0	7283066613.0	5036105882.4	8972565692.7
9320000000.0	7283686200.0	5036401267.1	8973507142.0
9321000000.0	7284305759.3	5036696623.2	8974448586.7
9322000000.0	7284925291.2	5036991950.5	8975390027.1
9323000000.0	7285544795.5	5037287249.2	8976331462.9
9324000000.0	7286164272.2	5037582519.2	8977272894.3
9325000000.0	7286783721.4	5037877760.5	8978214321.2
9326000000.0	7287403143.1	5038172973.2	8979155743.7
9327000000.0	7288022537.2	5038468157.1	8980097161.7
9328000000.0	7288641903.9	5038763312.4	8981038575.2
9329000000.0	7289261242.9	5039058439.0	8981979984.2
9330000000.0	7289880554.5	5039353537.0	8982921388.8
9331000000.0	7290499838.5	5039648606.3	8983862789.0
9332000000.0	7291119095.0	5039943647.0	8984804184.6
9333000000.0	7291738324.0	5040238659.0	8985745575.8
9334000000.0	7292357525.5	5040533642.4	8986686962.6
9335000000.0	7292976699.4	5040828597.2	8987628344.9
9336000000.0	7293595845.9	5041123523.3	8988569722.7
9337000000.0	7294214964.8	5041418420.7	8989511096.0
9338000000.0	7294834056.2	5041713289.6	8990452464.9
9339000000.0	7295453120.0	5042008129.8	8991393829.3
9340000000.0	7296072156.4	5042302941.4	8992335189.3
9341000000.0	7296691165.3	5042597724.4	8993276544.7
9342000000.0	7297310146.7	5042892478.8	8994217895.8
9343000000.0	7297929100.5	5043187204.6	8995159242.3
9344000000.0	7298548026.9	5043481901.8	8996100584.4
9345000000.0	7299166925.7	5043776570.4	8997041922.1
9346000000.0	7299785797.1	5044071210.4	8997983255.2
9347000000.0	7300404640.9	5044365821.8	8998924583.9
9348000000.0	7301023457.3	5044660404.6	8999865908.2
9349000000.0	7301642246.2	5044954958.9	9000807227.9
9350000000.0	7302261007.6	5045249484.6	9001748543.2
9351000000.0	7302879741.5	5045543981.7	9002689854.1
9352000000.0	7303498447.9	5045838450.2	9003631160.5
9353000000.0	7304117126.8	5046132890.2	9004572462.4
9354000000.0	7304735778.2	5046427301.6	9005513759.9
9355000000.0	7305354402.2	5046721684.4	9006455052.8
9356000000.0	7305972998.6	5047016038.7	9007396341.4
9357000000.0	7306591567.6	5047310364.5	9008337625.4
9358000000.0	7307210109.1	5047604661.7	9009278905.0
9359000000.0	7307828623.2	5047898930.4	9010220180.2
9360000000.0	7308447109.7	5048193170.5	9011161450.8
9361000000.0	7309065568.8	5048487382.1	9012102717.1
9362000000.0	7309684000.5	5048781565.2	9013043978.8
9363000000.0	7310302404.6	5049075719.8	9013985236.1
9364000000.0	7310920781.3	5049369845.9	9014926488.9
9365000000.0	7311539130.5	5049663943.4	9015867737.3
9366000000.0	7312157452.3	5049958012.4	9016808981.2
9367000000.0	7312775746.6	5050252053.0	9017750220.6
9368000000.0	7313394013.5	5050546065.0	9018691455.5
9369000000.0	7314012252.9	5050840048.5	9019632686.0
9370000000.0	7314630464.8	5051134003.5	9020573912.1
9371000000.0	7315248649.3	5051427930.1	9021515133.7
9372000000.0	7315866806.3	5051721828.1	9022456350.8
9373000000.0	7316484935.9	5052015697.7	9023397563.4
9374000000.0	7317103038.0	5052309538.8	9024338771.6
9375000000.0	7317721112.7	5052603351.5	9025279975.3
9376000000.0	7318339160.0	5052897135.6	9026221174.6
9377000000.0	7318957179.8	5053190891.3	9027162369.4
9378000000.0	7319575172.2	5053484618.6	9028103559.7
9379000000.0	7320193137.1	5053778317.4	9029044745.6
9380000000.0	7320811074.6	5054071987.7	9029985927.0
9381000000.0	7321428984.6	5054365629.6	9030927104.0
9382000000.0	7322046867.2	5054659243.1	9031868276.4
9383000000.0	7322664722.4	5054952828.1	9032809444.5
9384000000.0	7323282550.2	5055246384.7	9033750608.0
9385000000.0	7323900350.5	5055539912.8	9034691767.1
9386000000.0	7324518123.4	5055833412.5	9035632921.7
9387000000.0	7325135868.9	5056126883.8	9036574071.9
9388000000.0	7325753587.0	5056420326.7	9037515217.6
9389000000.0	7326371277.6	5056713741.2	9038456358.9
9390000000.0	7326988940.9	5057007127.2	9039397495.7
9391000000.0	7327606576.7	5057300484.9	9040338628.0
9392000000.0	7328224185.1	5057593814.1	9041279755.8
9393000000.0	7328841766.1	5057887115.0	9042220879.2
9394000000.0	7329459319.6	5058180387.5	9043161998.2
9395000000.0	7330076845.8	5058473631.5	9044103112.6
9396000000.0	7330694344.5	5058766847.2	9045044222.6
9397000000.0	7331311815.9	5059060034.5	9045985328.2
9398000000.0	7331929259.8	5059353193.4	9046926429.3
9399000000.0	7332546676.4	5059646324.0	9047867525.9
9400000000.0	7333164065.5	5059939426.2	9048808618.0
9401000000.0	7333781427.3	5060232500.0	9049749705.7
9402000000.0	7334398761.6	5060525545.5	9050690789.0
9403000000.0	7335016068.6	5060818562.6	9051631867.8
9404000000.0	7335633348.1	5061111551.4	9052572942.1
9405000000.0	7336250600.3	5061404511.8	9053514011.9
9406000000.0	7336867825.1	5061697443.8	9054455077.3
9407000000.0	7337485022.5	5061990347.6	9055396138.2
9408000000.0	7338102192.5	5062283223.0	9056337194.7
9409000000.0	7338719335.1	5062576070.0	9057278246.7
9410000000.0	7339336450.4	5062868888.8	9058219294.2
9411000000.0	7339953538.2	5063161679.2	9059160337.3
9412000000.0	7340570598.7	5063454441.3	9060101375.9
9413000000.0	7341187631.8	5063747175.0	9061042410.1
9414000000.0	7341804637.6	5064039880.5	9061983439.8
9415000000.0	7342421615.9	5064332557.7	9062924465.0
9416000000.0	7343038566.9	5064625206.5	9063865485.8
9417000000.0	7343655490.6	5064917827.1	9064806502.1
9418000000.0	7344272386.8	5065210419.3	9065747513.9
9419000000.0	7344889255.7	5065502983.3	9066688521.3
9420000000.0	7345506097.2	5065795519.0	9067629524.2
9421000000.0	7346122911.4	5066088026.4	9068570522.7
9422000000.0	7346739698.2	5066380505.6	9069511516.7
9423000000.0	7347356457.7	5066672956.4	9070452506.2
9424000000.0	7347973189.8	5066965379.0	9071393491.3
9425000000.0	7348589894.5	5067257773.3	9072334471.9
9426000000.0	7349206571.9	5067550139.4	9073275448.1
9427000000.0	7349823221.9	5067842477.2	9074216419.8
9428000000.0	7350439844.6	5068134786.7	9075157387.0
9429000000.0	7351056439.9	5068427068.0	9076098349.8
9430000000.0	7351673007.9	5068719321.1	9077039308.1
9431000000.0	7352289548.6	5069011545.9	9077980261.9
9432000000.0	7352906061.9	5069303742.5	9078921211.3
9433000000.0	7353522547.8	5069595910.8	9079862156.3
9434000000.0	7354139006.5	5069888051.0	9080803096.7
9435000000.0	7354755437.8	5070180162.9	9081744032.7
9436000000.0	7355371841.7	5070472246.5	9082684964.3
9437000000.0	7355988218.4	5070764302.0	9083625891.4
9438000000.0	7356604567.7	5071056329.2	9084566814.0
9439000000.0	7357220889.6	5071348328.3	9085507732.1
9440000000.0	7357837184.3	5071640299.1	9086448645.8
9441000000.0	7358453451.6	5071932241.7	9087389555.1
9442000000.0	7359069691.6	5072224156.2	9088330459.9
9443000000.0	7359685904.2	5072516042.4	9089271360.2
9444000000.0	7360302089.6	5072807900.5	9090212256.1
9445000000.0	7360918247.6	5073099730.4	9091153147.4
9446000000.0	7361534378.3	5073391532.1	9092094034.4
9447000000.0	7362150481.7	5073683305.6	9093034916.9
9448000000.0	7362766557.8	5073975050.9	9093975794.9
9449000000.0	7363382606.6	5074266768.1	9094916668.4
9450000000.0	7363998628.1	5074558457.1	9095857537.5
9451000000.0	7364614622.2	5074850118.0	9096798402.2
9452000000.0	7365230589.1	5075141750.7	9097739262.3
9453000000.0	7365846528.6	5075433355.3	9098680118.1
9454000000.0	7366462440.9	5075724931.7	9099620969.3
9455000000.0	7367078325.8	5076016479.9	9100561816.1
9456000000.0	7367694183.5	5076308000.1	9101502658.4
9457000000.0	7368310013.8	5076599492.1	9102443496.3
9458000000.0	7368925816.9	5076890955.9	9103384329.7
9459000000.0	7369541592.7	5077182391.7	9104325158.7
9460000000.0	7370157341.2	5077473799.3	9105265983.2
9461000000.0	7370773062.3	5077765178.8	9106206803.2
9462000000.0	7371388756.2	5078056530.2	9107147618.8
9463000000.0	7372004422.9	5078347853.4	9108088429.9
9464000000.0	7372620062.2	5078639148.6	9109029236.6
9465000000.0	7373235674.3	5078930415.7	9109970038.8
9466000000.0	7373851259.0	5079221654.6	9110910836.5
9467000000.0	7374466816.5	5079512865.5	9111851629.8
9468000000.0	7375082346.7	5079804048.3	9112792418.6
9469000000.0	7375697849.7	5080095203.0	9113733202.9
9470000000.0	7376313325.3	5080386329.6	9114673982.8
9471000000.0	7376928773.7	5080677428.2	9115614758.3
9472000000.0	7377544194.9	5080968498.6	9116555529.3
9473000000.0	7378159588.7	5081259541.0	9117496295.8
9474000000.0	7378774955.3	5081550555.4	9118437057.8
9475000000.0	7379390294.7	5081841541.6	9119377815.4
9476000000.0	7380005606.7	5082132499.9	9120318568.6
9477000000.0	7380620891.6	5082423430.0	9121259317.2
9478000000.0	7381236149.1	5082714332.1	9122200061.5
9479000000.0	7381851379.4	5083005206.2	9123140801.2
9480000000.0	7382466582.5	5083296052.2	9124081536.5
9481000000.0	7383081758.2	5083586870.2	9125022267.4
9482000000.0	7383696906.8	5083877660.2	9125962993.8
9483000000.0	7384312028.1	5084168422.1	9126903715.7
9484000000.0	7384927122.1	5084459156.0	9127844433.1
9485000000.0	7385542188.9	5084749861.9	9128785146.2
9486000000.0	7386157228.5	5085040539.8	9129725854.7
9487000000.0	7386772240.8	5085331189.6	9130666558.8
9488000000.0	7387387225.8	5085621811.5	9131607258.4
9489000000.0	7388002183.7	5085912405.3	9132547953.6
9490000000.0	7388617114.3	5086202971.2	9133488644.3
9491000000.0	7389232017.6	5086493509.0	9134429330.5
9492000000.0	7389846893.8	5086784018.9	9135370012.3
9493000000.0	7390461742.7	5087074500.7	9136310689.7
9494000000.0	7391076564.3	5087364954.6	9137251362.5
9495000000.0	7391691358.8	5087655380.5	9138192031.0
9496000000.0	7392306126.0	5087945778.4	9139132694.9
9497000000.0	7392920866.0	5088236148.4	9140073354.4
9498000000.0	7393535578.8	5088526490.4	9141014009.5
9499000000.0	7394150264.3	5088816804.4	9141954660.0
9500000000.0	7394764922.6	5089107090.5	9142895306.2
9501000000.0	7395379553.8	5089397348.6	9143835947.8
9502000000.0	7395994157.7	5089687578.7	9144776585.0
9503000000.0	7396608734.3	5089977781.0	9145717217.8
9504000000.0	7397223283.8	5090267955.2	9146657846.1
9505000000.0	7397837806.1	5090558101.5	9147598469.9
9506000000.0	7398452301.2	5090848219.9	9148539089.3
9507000000.0	7399066769.0	5091138310.4	9149479704.2
9508000000.0	7399681209.7	5091428372.9	9150420314.6
9509000000.0	7400295623.1	5091718407.5	9151360920.6
9510000000.0	7400910009.4	5092008414.2	9152301522.2
9511000000.0	7401524368.4	5092298393.0	9153242119.3
9512000000.0	7402138700.3	5092588343.9	9154182711.9
9513000000.0	7402753004.9	5092878266.8	9155123300.0
9514000000.0	7403367282.4	5093168161.9	9156063883.7
9515000000.0	7403981532.7	5093458029.0	9157004463.0
9516000000.0	7404595755.7	5093747868.3	9157945037.8
9517000000.0	7405209951.6	5094037679.7	9158885608.1
9518000000.0	7405824120.3	5094327463.1	9159826174.0
9519000000.0	7406438261.9	5094617218.7	9160766735.4
9520000000.0	7407052376.2	5094906946.5	9161707292.4
9521000000.0	7407666463.4	5095196646.3	9162647844.9
9522000000.0	7408280523.4	5095486318.3	9163588392.9
9523000000.0	7408894556.2	5095775962.4	9164528936.5
9524000000.0	7409508561.8	5096065578.6	9165469475.6
9525000000.0	7410122540.3	5096355167.0	9166410010.3
9526000000.0	7410736491.6	5096644727.5	9167350540.5
9527000000.0	7411350415.7	5096934260.2	9168291066.3
9528000000.0	7411964312.6	5097223765.1	9169231587.6
9529000000.0	7412578182.4	5097513242.1	9170172104.4
9530000000.0	7413192025.0	5097802691.2	9171112616.8
9531000000.0	7413805840.5	5098092112.5	9172053124.7
9532000000.0	7414419628.8	5098381506.0	9172993628.2
9533000000.0	7415033389.9	5098670871.7	9173934127.2
9534000000.0	7415647123.9	5098960209.5	9174874621.7
9535000000.0	7416260830.7	5099249519.5	9175815111.8
9536000000.0	7416874510.4	5099538801.7	9176755597.5
9537000000.0	7417488162.9	5099828056.1	9177696078.6
9538000000.0	7418101788.3	5100117282.7	9178636555.4
9539000000.0	7418715386.5	5100406481.5	9179577027.6
9540000000.0	7419328957.6	5100695652.5	9180517495.4
9541000000.0	7419942501.5	5100984795.7	9181457958.8
9542000000.0	7420556018.3	5101273911.1	9182398417.7
9543000000.0	7421169508.0	5101562998.7	9183338872.1
9544000000.0	7421782970.5	5101852058.5	9184279322.1
9545000000.0	7422396405.9	5102141090.6	9185219767.6
9546000000.0	7423009814.1	5102430094.9	9186160208.7
9547000000.0	7423623195.2	5102719071.4	9187100645.3
9548000000.0	7424236549.2	5103008020.1	9188041077.4
9549000000.0	7424849876.0	5103296941.1	9188981505.1
9550000000.0	7425463175.7	5103585834.3	9189921928.4
9551000000.0	7426076448.3	5103874699.8	9190862347.2
9552000000.0	7426689693.8	5104163537.5	9191802761.5
9553000000.0	7427302912.1	5104452347.5	9192743171.3
9554000000.0	7427916103.4	5104741129.7	9193683576.8
9555000000.0	7428529267.5	5105029884.2	9194623977.7
9556000000.0	7429142404.4	5105318611.0	9195564374.2
9557000000.0	7429755514.3	5105607310.0	9196504766.3
9558000000.0	7430368597.1	5105895981.3	9197445153.8
9559000000.0	7430981652.7	5106184624.9	9198385537.0
9560000000.0	7431594681.2	5106473240.7	9199325915.6
9561000000.0	7432207682.7	5106761828.9	9200266289.8
9562000000.0	7432820657.0	5107050389.3	9201206659.6
9563000000.0	7433433604.2	5107338922.0	9202147024.9
9564000000.0	7434046524.3	5107627427.1	9203087385.8
9565000000.0	7434659417.3	5107915904.4	9204027742.1
9566000000.0	7435272283.2	5108204354.0	9204968094.1
9567000000.0	7435885122.0	5108492776.0	9205908441.6
9568000000.0	7436497933.7	5108781170.2	9206848784.6
9569000000.0	7437110718.4	5109069536.8	9207789123.1
9570000000.0	7437723475.9	5109357875.7	9208729457.3
9571000000.0	7438336206.3	5109646186.9	9209669786.9
9572000000.0	7438948909.7	5109934470.5	9210610112.1
9573000000.0	7439561586.0	5110222726.4	9211550432.8
9574000000.0	7440174235.1	5110510954.6	9212490749.1
9575000000.0	7440786857.2	5110799155.1	9213431061.0
9576000000.0	7441399452.2	5111087328.1	9214371368.3
9577000000.0	7442012020.2	5111375473.3	9215311671.2
9578000000.0	7442624561.0	5111663590.9	9216251969.7
9579000000.0	7443237074.8	5111951680.9	9217192263.7
9580000000.0	7443849561.5	5112239743.2	9218132553.3
9581000000.0	7444462021.2	5112527777.9	9219072838.4
9582000000.0	7445074453.7	5112815785.0	9220013119.0
9583000000.0	7445686859.2	5113103764.4	9220953395.2
9584000000.0	7446299237.6	5113391716.3	9221893666.9
9585000000.0	7446911589.0	5113679640.5	9222833934.2
9586000000.0	7447523913.3	5113967537.0	9223774197.0
9587000000.0	7448136210.5	5114255406.0	9224714455.4
9588000000.0	7448748480.7	5114543247.4	9225654709.3
9589000000.0	7449360723.8	5114831061.2	9226594958.7
9590000000.0	7449972939.9	5115118847.3	9227535203.7
9591000000.0	7450585128.9	5115406605.9	9228475444.2
9592000000.0	7451197290.9	5115694336.9	9229415680.3
9593000000.0	7451809425.8	5115982040.3	9230355912.0
9594000000.0	7452421533.6	5116269716.1	9231296139.1
9595000000.0	7453033614.4	5116557364.3	9232236361.8
9596000000.0	7453645668.2	5116844985.0	9233176580.1
9597000000.0	7454257694.9	5117132578.1	9234116793.9
9598000000.0	7454869694.6	5117420143.6	9235057003.3
9599000000.0	7455481667.2	5117707681.5	9235997208.2
9600000000.0	7456093612.8	5117995191.9	9236937408.6
9601000000.0	7456705531.4	5118282674.8	9237877604.6
9602000000.0	7457317422.9	5118570130.1	9238817796.1
9603000000.0	7457929287.4	5118857557.8	9239757983.2
9604000000.0	7458541124.9	5119144958.0	9240698165.8
9605000000.0	7459152935.3	5119432330.7	9241638344.0
9606000000.0	7459764718.7	5119719675.8	9242578517.7
9607000000.0	7460376475.1	5120006993.4	9243518687.0
9608000000.0	7460988204.4	5120294283.5	9244458851.8
9609000000.0	7461599906.8	5120581546.0	9245399012.1
9610000000.0	7462211582.1	5120868781.1	9246339168.0
9611000000.0	7462823230.4	5121155988.6	9247279319.4
9612000000.0	7463434851.7	5121443168.6	9248219466.4
9613000000.0	7464046445.9	5121730321.1	9249159609.0
9614000000.0	7464658013.2	5122017446.0	9250099747.0
9615000000.0	7465269553.4	5122304543.5	9251039880.7
9616000000.0	7465881066.6	5122591613.5	9251980009.8
9617000000.0	7466492552.9	5122878656.0	9252920134.5
9618000000.0	7467104012.1	5123165671.1	9253860254.8
9619000000.0	7467715444.3	5123452658.6	9254800370.6
9620000000.0	7468326849.5	5123739618.6	9255740481.9
9621000000.0	7468938227.7	5124026551.2	9256680588.8
9622000000.0	7469549578.9	5124313456.3	9257620691.3
9623000000.0	7470160903.1	5124600334.0	9258560789.3
9624000000.0	7470772200.3	5124887184.1	9259500882.8
9625000000.0	7471383470.6	5125174006.8	9260440971.9
9626000000.0	7471994713.8	5125460802.1	9261381056.5
9627000000.0	7472605930.0	5125747569.9	9262321136.7
9628000000.0	7473217119.3	5126034310.3	9263261212.4
9629000000.0	7473828281.5	5126321023.2	9264201283.6
9630000000.0	7474439416.8	5126607708.6	9265141350.4
9631000000.0	7475050525.1	5126894366.7	9266081412.8
9632000000.0	7475661606.4	5127180997.3	9267021470.7
9633000000.0	7476272660.8	5127467600.5	9267961524.1
9634000000.0	7476883688.1	5127754176.2	9268901573.1
9635000000.0	7477494688.5	5128040724.5	9269841617.7
9636000000.0	7478105661.9	5128327245.5	9270781657.8
9637000000.0	7478716608.4	5128613739.0	9271721693.4
9638000000.0	7479327527.8	5128900205.1	9272661724.6
9639000000.0	7479938420.3	5129186643.7	9273601751.3
9640000000.0	7480549285.8	5129473055.0	9274541773.5
9641000000.0	7481160124.4	5129759438.9	9275481791.4
9642000000.0	7481770936.0	5130045795.4	9276421804.7
9643000000.0	7482381720.7	5130332124.5	9277361813.6
9644000000.0	7482992478.3	5130618426.2	9278301818.1
9645000000.0	7483603209.1	5130904700.6	9279241818.1
9646000000.0	7484213912.8	5131190947.6	9280181813.6
9647000000.0	7484824589.6	5131477167.1	9281121804.7
9648000000.0	7485435239.5	5131763359.4	9282061791.4
9649000000.0	7486045862.4	5132049524.2	9283001773.6
9650000000.0	7486656458.4	5132335661.7	9283941751.3
9651000000.0	7487267027.4	5132621771.9	9284881724.6
9652000000.0	7487877569.5	5132907854.6	9285821693.4
9653000000.0	7488488084.6	5133193910.1	9286761657.8
9654000000.0	7489098572.8	5133479938.2	9287701617.7
9655000000.0	7489709034.0	5133765938.9	9288641573.2
9656000000.0	7490319468.3	5134051912.3	9289581524.2
9657000000.0	7490929875.7	5134337858.4	9290521470.8
9658000000.0	7491540256.1	5134623777.2	9291461412.9
9659000000.0	7492150609.6	5134909668.6	9292401350.5
9660000000.0	7492760936.2	5135195532.7	9293341283.7
9661000000.0	7493371235.8	5135481369.4	9294281212.5
9662000000.0	7493981508.5	5135767178.9	9295221136.8
9663000000.0	7494591754.3	5136052961.1	9296161056.6
9664000000.0	7495201973.2	5136338715.9	9297100972.0
9665000000.0	7495812165.1	5136624443.5	9298040883.0
9666000000.0	7496422330.2	5136910143.7	9298980789.4
9667000000.0	7497032468.3	5137195816.7	9299920691.5
9668000000.0	7497642579.4	5137481462.3	9300860589.1
9669000000.0	7498252663.7	5137767080.7	9301800482.2
9670000000.0	7498862721.1	5138052671.8	9302740370.9
9671000000.0	7499472751.5	5138338235.6	9303680255.1
9672000000.0	7500082755.0	5138623772.1	9304620134.9
9673000000.0	7500692731.7	5138909281.4	9305560010.2
9674000000.0	7501302681.4	5139194763.4	9306499881.0
9675000000.0	7501912604.2	5139480218.1	9307439747.5
9676000000.0	7502522500.1	5139765645.6	9308379609.4
9677000000.0	7503132369.1	5140051045.8	9309319466.9
9678000000.0	7503742211.3	5140336418.8	9310259320.0
9679000000.0	7504352026.5	5140621764.5	9311199168.6
9680000000.0	7504961814.8	5140907083.0	9312139012.7
9681000000.0	7505571576.2	5141192374.2	9313078852.4
9682000000.0	7506181310.8	5141477638.2	9314018687.7
9683000000.0	7506791018.4	5141762875.0	9314958518.5
9684000000.0	7507400699.2	5142048084.5	9315898344.8
9685000000.0	7508010353.0	5142333266.9	9316838166.7
9686000000.0	7508619980.0	5142618422.0	9317777984.2
9687000000.0	7509229580.1	5142903549.8	9318717797.2
9688000000.0	7509839153.3	5143188650.5	9319657605.7
9689000000.0	7510448699.7	5143473724.0	9320597409.8
9690000000.0	7511058219.1	5143758770.2	9321537209.4
9691000000.0	7511667711.7	5144043789.3	9322477004.6
9692000000.0	7512277177.4	5144328781.1	9323416795.3
9693000000.0	7512886616.3	5144613745.8	9324356581.6
9694000000.0	7513496028.3	5144898683.3	9325296363.4
9695000000.0	7514105413.4	5145183593.6	9326236140.8
9696000000.0	7514714771.6	5145468476.7	9327175913.7
9697000000.0	7515324103.0	5145753332.6	9328115682.2
9698000000.0	7515933407.5	5146038161.3	9329055446.2
9699000000.0	7516542685.1	5146322962.9	9329995205.8
9700000000.0	7517151935.9	5146607737.3	9330934960.9
9701000000.0	7517761159.8	5146892484.6	9331874711.6
9702000000.0	7518370356.9	5147177204.7	9332814457.8
9703000000.0	7518979527.1	5147461897.7	9333754199.5
9704000000.0	7519588670.5	5147746563.4	9334693936.8
9705000000.0	7520197787.0	5148031202.1	9335633669.7
9706000000.0	7520806876.6	5148315813.6	9336573398.1
9707000000.0	7521415939.5	5148600398.0	9337513122.1
9708000000.0	7522024975.4	5148884955.2	9338452841.6
9709000000.0	7522633984.5	5149169485.3	9339392556.6
9710000000.0	7523242966.8	5149453988.3	9340332267.2
9711000000.0	7523851922.3	5149738464.1	9341271973.4
9712000000.0	7524460850.9	5150022912.9	9342211675.1
9713000000.0	7525069752.6	5150307334.5	9343151372.3
9714000000.0	7525678627.6	5150591729.0	9344091065.1
9715000000.0	7526287475.7	5150876096.4	9345030753.5
9716000000.0	7526896296.9	5151160436.7	9345970437.4
9717000000.0	7527505091.4	5151444749.9	9346910116.8
9718000000.0	7528113859.0	5151729036.0	9347849791.8
9719000000.0	7528722599.8	5152013295.0	9348789462.4
9720000000.0	7529331313.7	5152297526.9	9349729128.5
9721000000.0	7529940000.9	5152581731.7	9350668790.1
9722000000.0	7530548661.2	5152865909.5	9351608447.3
9723000000.0	7531157294.7	5153150060.2	9352548100.0
9724000000.0	7531765901.3	5153434183.8	9353487748.3
9725000000.0	7532374481.2	5153718280.3	9354427392.2
9726000000.0	7532983034.3	5154002349.8	9355367031.5
9727000000.0	7533591560.5	5154286392.2	9356306666.5
9728000000.0	7534200059.9	5154570407.6	9357246297.0
9729000000.0	7534808532.5	5154854395.9	9358185923.0
9730000000.0	7535416978.3	5155138357.1	9359125544.6
9731000000.0	7536025397.3	5155422291.3	9360065161.7
9732000000.0	7536633789.6	5155706198.5	9361004774.4
9733000000.0	7537242155.0	5155990078.6	9361944382.7
9734000000.0	7537850493.6	5156273931.7	9362883986.4
9735000000.0	7538458805.4	5156557757.8	9363823585.8
9736000000.0	7539067090.4	5156841556.8	9364763180.7
9737000000.0	7539675348.6	5157125328.8	9365702771.1
9738000000.0	7540283580.0	5157409073.8	9366642357.1
9739000000.0	7540891784.6	5157692791.8	9367581938.6
9740000000.0	7541499962.5	5157976482.8	9368521515.7
9741000000.0	7542108113.5	5158260146.7	9369461088.3
9742000000.0	7542716237.8	5158543783.7	9370400656.5
9743000000.0	7543324335.3	5158827393.7	9371340220.3
9744000000.0	7543932406.0	5159110976.6	9372279779.6
9745000000.0	7544540449.9	5159394532.6	9373219334.4
9746000000.0	7545148467.0	5159678061.6	9374158884.8
9747000000.0	7545756457.4	5159961563.6	9375098430.7
9748000000.0	7546364421.0	5160245038.6	9376037972.2
9749000000.0	7546972357.8	5160528486.7	9376977509.2
9750000000.0	7547580267.9	5160811907.7	9377917041.8
9751000000.0	7548188151.1	5161095301.8	9378856570.0
9752000000.0	7548796007.7	5161378669.0	9379796093.6
9753000000.0	7549403837.4	5161662009.2	9380735612.9
9754000000.0	7550011640.4	5161945322.4	9381675127.7
9755000000.0	7550619416.6	5162228608.7	9382614638.0
9756000000.0	7551227166.1	5162511868.0	9383554143.9
9757000000.0	7551834888.8	5162795100.4	9384493645.3
9758000000.0	7552442584.7	5163078305.8	9385433142.3
9759000000.0	7553050253.9	5163361484.3	9386372634.9
9760000000.0	7553657896.3	5163644635.9	9387312123.0
9761000000.0	7554265512.0	5163927760.5	9388251606.6
9762000000.0	7554873100.9	5164210858.2	9389191085.8
9763000000.0	7555480663.1	5164493929.0	9390130560.5
9764000000.0	7556088198.5	5164776972.9	9391070030.8
9765000000.0	7556695707.2	5165059989.9	9392009496.7
9766000000.0	7557303189.2	5165342979.9	9392948958.1
9767000000.0	7557910644.4	5165625943.0	9393888415.0
9768000000.0	7558518072.8	5165908879.3	9394827867.5
9769000000.0	7559125474.6	5166191788.6	9395767315.6
9770000000.0	7559732849.6	5166474671.1	9396706759.2
9771000000.0	7560340197.8	5166757526.6	9397646198.3
9772000000.0	7560947519.3	5167040355.3	9398585633.0
9773000000.0	7561554814.1	5167323157.1	9399525063.3
9774000000.0	7562162082.2	5167605932.0	9400464489.1
9775000000.0	7562769323.5	5167888680.0	9401403910.4
9776000000.0	7563376538.2	5168171401.1	9402343327.3
9777000000.0	7563983726.0	5168454095.4	9403282739.8
9778000000.0	7564590887.2	5168736762.8	9404222147.8
9779000000.0	7565198021.7	5169019403.4	9405161551.3
9780000000.0	7565805129.4	5169302017.1	9406100950.5
9781000000.0	7566412210.4	5169584604.0	9407040345.1
9782000000.0	7567019264.7	5169867164.0	9407979735.3
9783000000.0	7567626292.3	5170149697.1	9408919121.1
9784000000.0	7568233293.2	5170432203.4	9409858502.4
9785000000.0	7568840267.3	5170714682.9	9410797879.3
9786000000.0	7569447214.8	5170997135.6	9411737251.7
9787000000.0	7570054135.5	5171279561.4	9412676619.7
9788000000.0	7570661029.6	5171561960.4	9413615983.2
9789000000.0	7571267896.9	5171844332.5	9414555342.3
9790000000.0	7571874737.6	5172126677.9	9415494696.9
9791000000.0	7572481551.5	5172408996.4	9416434047.1
9792000000.0	7573088338.7	5172691288.1	9417373392.8
9793000000.0	7573695099.3	5172973553.0	9418312734.1
9794000000.0	7574301833.2	5173255791.1	9419252070.9
9795000000.0	7574908540.3	5173538002.5	9420191403.3
9796000000.0	7575515220.8	5173820187.0	9421130731.2
9797000000.0	7576121874.6	5174102344.7	9422070054.7
9798000000.0	7576728501.7	5174384475.6	9423009373.8
9799000000.0	7577335102.1	5174666579.8	9423948688.4
9800000000.0	7577941675.8	5174948657.2	9424887998.5
9801000000.0	7578548222.9	5175230707.8	9425827304.2
9802000000.0	7579154743.3	5175512731.6	9426766605.4
9803000000.0	7579761236.9	5175794728.6	9427705902.3
9804000000.0	7580367704.0	5176076698.9	9428645194.6
9805000000.0	7580974144.3	5176358642.5	9429584482.5
9806000000.0	7581580558.0	5176640559.2	9430523766.0
9807000000.0	7582186945.0	5176922449.3	9431463045.0
9808000000.0	7582793305.3	5177204312.5	9432402319.5
9809000000.0	7583399639.0	5177486149.0	9433341589.7
9810000000.0	7584005946.0	5177767958.8	9434280855.3
9811000000.0	7584612226.3	5178049741.9	9435220116.5
9812000000.0	7585218480.0	5178331498.2	9436159373.3
9813000000.0	7585824707.0	5178613227.8	9437098625.6
9814000000.0	7586430907.3	5178894930.6	9438037873.5
9815000000.0	7587037081.0	5179176606.7	9438977116.9
9816000000.0	7587643228.1	5179458256.2	9439916355.9
9817000000.0	7588249348.5	5179739878.8	9440855590.5
9818000000.0	7588855442.2	5180021474.8	9441794820.6
9819000000.0	7589461509.3	5180303044.1	9442734046.2
9820000000.0	7590067549.7	5180584586.7	9443673267.4
9821000000.0	7590673563.5	5180866102.5	9444612484.1
9822000000.0	7591279550.7	5181147591.7	9445551696.4
9823000000.0	7591885511.2	5181429054.2	9446490904.3
9824000000.0	7592491445.0	5181710490.0	9447430107.7
9825000000.0	7593097352.3	5181991899.1	9448369306.6
9826000000.0	7593703232.9	5182273281.5	9449308501.2
9827000000.0	7594309086.8	5182554637.3	9450247691.2
9828000000.0	7594914914.1	5182835966.4	9451186876.8
9829000000.0	7595520714.8	5183117268.8	9452126058.0
9830000000.0	7596126488.9	5183398544.5	9453065234.7
9831000000.0	7596732236.3	5183679793.6	9454004407.0
9832000000.0	7597337957.1	5183961016.0	9454943574.8
9833000000.0	7597943651.3	5184242211.8	9455882738.2
9834000000.0	7598549318.8	5184523380.9	9456821897.1
9835000000.0	7599154959.8	5184804523.4	9457761051.6
9836000000.0	7599760574.1	5185085639.2	9458700201.7
9837000000.0	7600366161.8	5185366728.4	9459639347.3
9838000000.0	7600971722.8	5185647790.9	9460578488.4
9839000000.0	7601577257.3	5185928826.8	9461517625.1
9840000000.0	7602182765.2	5186209836.1	9462456757.4
9841000000.0	7602788246.4	5186490818.8	9463395885.2
9842000000.0	7603393701.0	5186771774.8	9464335008.6
9843000000.0	7603999129.0	5187052704.3	9465274127.5
9844000000.0	7604604530.5	5187333607.1	9466213241.9
9845000000.0	7605209905.3	5187614483.3	9467152352.0
9846000000.0	7605815253.5	5187895332.9	9468091457.5
9847000000.0	7606420575.1	5188176155.9	9469030558.7
9848000000.0	7607025870.1	5188456952.3	9469969655.4
9849000000.0	7607631138.5	5188737722.1	9470908747.6
9850000000.0	7608236380.3	5189018465.3	9471847835.4
9851000000.0	7608841595.6	5189299182.0	9472786918.7
9852000000.0	7609446784.2	5189579872.0	9473725997.6
9853000000.0	7610051946.2	5189860535.5	9474665072.1
9854000000.0	7610657081.7	5190141172.4	9475604142.1
9855000000.0	7611262190.6	5190421782.7	9476543207.7
9856000000.0	7611867272.8	5190702366.5	9477482268.8
9857000000.0	7612472328.5	5190982923.6	9478421325.4
9858000000.0	7613077357.7	5191263454.3	9479360377.7
9859000000.0	7613682360.2	5191543958.4	9480299425.4
9860000000.0	7614287336.2	5191824435.9	9481238468.8
9861000000.0	7614892285.5	5192104886.9	9482177507.7
9862000000.0	7615497208.4	5192385311.3	9483116542.1
9863000000.0	7616102104.6	5192665709.2	9484055572.1
9864000000.0	7616706974.3	5192946080.5	9484994597.6
9865000000.0	7617311817.4	5193226425.4	9485933618.7
9866000000.0	7617916633.9	5193506743.7	9486872635.4
9867000000.0	7618521423.9	5193787035.4	9487811647.6
9868000000.0	7619126187.3	5194067300.7	9488750655.4
9869000000.0	7619730924.1	5194347539.4	9489689658.7
9870000000.0	7620335634.4	5194627751.6	9490628657.6
9871000000.0	7620940318.1	5194907937.3	9491567652.0
9872000000.0	7621544975.3	5195188096.5	9492506642.0
9873000000.0	7622149605.9	5195468229.2	9493445627.5
9874000000.0	7622754209.9	5195748335.4	9494384608.6
9875000000.0	7623358787.4	5196028415.1	9495323585.3
9876000000.0	7623963338.4	5196308468.3	9496262557.5
9877000000.0	7624567862.8	5196588495.0	9497201525.2
9878000000.0	7625172360.7	5196868495.2	9498140488.6
9879000000.0	7625776832.0	5197148469.0	9499079447.4
9880000000.0	7626381276.8	5197428416.2	9500018401.8
9881000000.0	7626985695.0	5197708337.0	9500957351.8
9882000000.0	7627590086.7	5197988231.4	9501896297.4
9883000000.0	7628194451.8	5198268099.2	9502835238.4
9884000000.0	7628798790.5	5198547940.6	9503774175.1
9885000000.0	7629403102.6	5198827755.6	9504713107.3
9886000000.0	7630007388.1	5199107544.1	9505652035.0
9887000000.0	7630611647.1	5199387306.1	9506590958.3
9888000000.0	7631215879.6	5199667041.7	9507529877.2
9889000000.0	7631820085.6	5199946750.8	9508468791.6
9890000000.0	7632424265.0	5200226433.6	9509407701.6
9891000000.0	7633028418.0	5200506089.8	9510346607.1
9892000000.0	7633632544.4	5200785719.7	9511285508.2
9893000000.0	7634236644.2	5201065323.1	9512224404.9
9894000000.0	7634840717.6	5201344900.1	9513163297.0
9895000000.0	7635444764.4	5201624450.7	9514102184.8
9896000000.0	7636048784.8	5201903974.8	9515041068.1
9897000000.0	7636652778.6	5202183472.5	9515979947.0
9898000000.0	7637256745.9	5202462943.9	9516918821.4
9899000000.0	7637860686.7	5202742388.8	9517857691.4
9900000000.0	7638464601.0	5203021807.3	9518796556.9
9901000000.0	7639068488.7	5203301199.4	9519735418.0
9902000000.0	7639672350.0	5203580565.2	9520674274.6
9903000000.0	7640276184.8	5203859904.5	9521613126.8
9904000000.0	7640879993.1	5204139217.5	9522551974.5
9905000000.0	7641483774.8	5204418504.0	9523490817.9
9906000000.0	7642087530.1	5204697764.2	9524429656.7
9907000000.0	7642691258.9	5204976998.0	9525368491.1
9908000000.0	7643294961.2	5205256205.5	9526307321.1
9909000000.0	7643898637.0	5205535386.6	9527246146.6
9910000000.0	7644502286.3	5205814541.3	9528184967.7
9911000000.0	7645105909.1	5206093669.6	9529123784.4
9912000000.0	7645709505.4	5206372771.6	9530062596.6
9913000000.0	7646313075.3	5206651847.3	9531001404.3
9914000000.0	7646916618.6	5206930896.6	9531940207.6
9915000000.0	7647520135.5	5207209919.5	9532879006.5
9916000000.0	7648123625.9	5207488916.1	9533817800.9
9917000000.0	7648727089.8	5207767886.4	9534756590.9
9918000000.0	7649330527.3	5208046830.3	9535695376.4
9919000000.0	7649933938.2	5208325747.9	9536634157.5
9920000000.0	7650537322.7	5208604639.2	9537572934.2
9921000000.0	7651140680.8	5208883504.1	9538511706.4
9922000000.0	7651744012.3	5209162342.8	9539450474.1
9923000000.0	7652347317.4	5209441155.1	9540389237.4
9924000000.0	7652950596.0	5209719941.1	9541327996.3
9925000000.0	7653553848.2	5209998700.8	9542266750.7
9926000000.0	7654157073.9	5210277434.2	9543205500.7
9927000000.0	7654760273.1	5210556141.2	9544144246.3
9928000000.0	7655363445.9	5210834822.0	9545082987.4
9929000000.0	7655966592.2	5211113476.5	9546021724.0
9930000000.0	7656569712.1	5211392104.7	9546960456.2
9931000000.0	7657172805.5	5211670706.7	9547899184.0
9932000000.0	7657775872.4	5211949282.3	9548837907.3
9933000000.0	7658378912.9	5212227831.7	9549776626.2
9934000000.0	7658981927.0	5212506354.8	9550715340.7
9935000000.0	7659584914.6	5212784851.6	9551654050.6
9936000000.0	7660187875.8	5213063322.1	9552592756.2
9937000000.0	7660790810.5	5213341766.4	9553531457.3
9938000000.0	7661393718.8	5213620184.4	9554470154.0
9939000000.0	7661996600.6	5213898576.2	9555408846.2
9940000000.0	7662599456.0	5214176941.7	9556347534.0
9941000000.0	7663202285.0	5214455281.0	9557286217.3
9942000000.0	7663805087.5	5214733594.0	9558224896.2
9943000000.0	7664407863.6	5215011880.8	9559163570.7
9944000000.0	7665010613.3	5215290141.3	9560102240.7
9945000000.0	7665613336.5	5215568375.6	9561040906.2
9946000000.0	7666216033.3	5215846583.7	9561979567.4
9947000000.0	7666818703.7	5216124765.6	9562918224.0
9948000000.0	7667421347.7	5216402921.2	9563856876.3
9949000000.0	7668023965.2	5216681050.6	9564795524.1
9950000000.0	7668626556.3	5216959153.8	9565734167.4
9951000000.0	7669229121.0	5217237230.8	9566672806.3
9952000000.0	7669831659.3	5217515281.6	9567611440.8
9953000000.0	7670434171.2	5217793306.1	9568550070.8
9954000000.0	7671036656.6	5218071304.5	9569488696.4
9955000000.0	7671639115.7	5218349276.7	9570427317.5
9956000000.0	7672241548.3	5218627222.7	9571365934.2
9957000000.0	7672843954.5	5218905142.5	9572304546.5
9958000000.0	7673446334.3	5219183036.1	9573243154.3
9959000000.0	7674048687.7	5219460903.5	9574181757.7
9960000000.0	7674651014.8	5219738744.8	9575120356.6
9961000000.0	7675253315.4	5220016559.8	9576058951.1
9962000000.0	7675855589.6	5220294348.7	9576997541.1
9963000000.0	7676457837.4	5220572111.5	9577936126.7
9964000000.0	7677060058.8	5220849848.0	9578874707.9
9965000000.0	7677662253.8	5221127558.4	9579813284.6
9966000000.0	7678264422.4	5221405242.7	9580751856.9
9967000000.0	7678866564.6	5221682900.8	9581690424.7
9968000000.0	7679468680.5	5221960532.8	9582628988.1
9969000000.0	7680070769.9	5222238138.6	9583567547.1
9970000000.0	7680672833.0	5222515718.2	9584506101.6
9971000000.0	7681274869.7	5222793271.8	9585444651.6
9972000000.0	7681876880.0	5223070799.2	9586383197.2
9973000000.0	7682478863.9	5223348300.4	9587321738.4
9974000000.0	7683080821.5	5223625775.6	9588260275.2
9975000000.0	7683682752.6	5223903224.6	9589198807.5
9976000000.0	7684284657.4	5224180647.5	9590137335.3
9977000000.0	7684886535.8	5224458044.3	9591075858.7
9978000000.0	7685488387.9	5224735415.0	9592014377.7
9979000000.0	7686090213.5	5225012759.5	9592952892.2
9980000000.0	7686692012.8	5225290078.0	9593891402.3
9981000000.0	7687293785.8	5225567370.3	9594829908.0
9982000000.0	7687895532.3	5225844636.6	9595768409.2
9983000000.0	7688497252.5	5226121876.8	9596706905.9
9984000000.0	7689098946.4	5226399090.9	9597645398.3
9985000000.0	7689700613.9	5226676278.9	9598583886.1
9986000000.0	7690302255.0	5226953440.8	9599522369.6
9987000000.0	7690903869.8	5227230576.6	9600460848.6
9988000000.0	7691505458.2	5227507686.4	9601399323.1
9989000000.0	7692107020.2	5227784770.0	9602337793.3
9990000000.0	7692708556.0	5228061827.7	9603276258.9
9991000000.0	7693310065.3	5228338859.2	9604214720.2
9992000000.0	7693911548.3	5228615864.7	9605153177.0
9993000000.0	7694513005.0	5228892844.2	9606091629.3
9994000000.0	7695114435.3	5229169797.6	9607030077.2
9995000000.0	7695715839.3	5229446724.9	9607968520.7
9996000000.0	7696317216.9	5229723626.2	9608906959.7
9997000000.0	7696918568.2	5230000501.4	9609845394.3
9998000000.0	7697519893.2	5230277350.7	9610783824.5
9999000000.0	7698121191.8	5230554173.8	9611722250.2
