TOTAL_READS	EXPECTED_DISTINCT	LOWER_0.95CI	UPPER_0.95CI
0	0	0	0
1000000.0	998414.0	998362.9	998451.6
2000000.0	1994166.5	1993994.9	1994298.5
3000000.0	2987792.3	2987452.0	2988041.0
4000000.0	3979666.8	3979108.4	3980051.1
5000000.0	4970059.2	4969257.4	4970592.4
6000000.0	5959127.1	5958074.0	5959931.3
7000000.0	6947017.4	6945493.5	6948296.5
8000000.0	7933689.8	7931425.9	7935773.2
9000000.0	8918949.9	8912831.3	8922485.5
10000000.0	9903484.7	9889708.5	9908520.2
11000000.0	10887278.5	10862478.0	10893653.2
12000000.0	11869509.4	11833433.7	11878338.3
13000000.0	12850300.6	12800413.3	12862541.3
14000000.0	13829964.6	13765689.7	13846427.9
15000000.0	14808319.7	14729944.2	14829932.5
16000000.0	15785642.8	15693259.2	15813102.7
17000000.0	16761654.0	16655559.5	16795917.1
18000000.0	17735642.3	17616722.8	17778096.7
19000000.0	18707915.5	18576630.4	18759877.6
20000000.0	19679435.6	19535163.1	19741269.1
21000000.0	20649627.8	20492258.4	20722587.8
22000000.0	21618479.5	21447881.1	21703967.5
23000000.0	22586040.2	22401988.6	22685132.7
24000000.0	23552317.5	23354061.0	23666103.9
25000000.0	24517318.8	24304470.7	24646891.0
26000000.0	25481050.6	25253336.8	25627499.5
27000000.0	26443951.9	26200630.5	26607938.2
28000000.0	27406193.6	27146041.3	27588215.3
29000000.0	28367166.1	28089822.7	28568338.2
30000000.0	29327364.2	29031972.1	29548313.5
31000000.0	30285803.2	29972488.1	30528147.3
32000000.0	31242920.5	30911370.6	31507845.1
33000000.0	32198766.8	31848620.4	32487411.9
34000000.0	33153885.4	32784238.8	33466852.2
35000000.0	34108437.3	33718227.8	34446170.4
36000000.0	35061886.9	34650589.8	35425370.2
37000000.0	36013921.1	35581327.4	36404455.3
38000000.0	36964721.4	36510443.7	37383428.8
39000000.0	37914402.5	37437941.9	38362293.9
40000000.0	38862966.7	38363825.2	39341053.2
41000000.0	39810416.5	39288097.2	40319709.5
42000000.0	40756754.4	40210761.5	41298265.0
43000000.0	41702295.0	41131821.7	42276722.1
44000000.0	42647449.9	42051281.6	43255082.8
45000000.0	43591548.5	42969145.0	44233348.9
46000000.0	44534592.6	43885415.8	45211522.4
47000000.0	45476584.4	44800097.8	46189604.8
48000000.0	46417525.8	45713194.9	47167597.8
49000000.0	47357418.8	46624711.1	48145502.8
50000000.0	48295736.7	47534650.3	49123321.2
51000000.0	49232923.2	48443016.5	50101054.2
52000000.0	50168873.8	49349813.6	51078703.1
53000000.0	51103106.7	50255045.6	52056269.1
54000000.0	52036246.1	51158716.4	53033753.0
55000000.0	52968089.0	52060830.1	54011156.1
56000000.0	53898475.2	52961390.5	54988479.2
57000000.0	54827747.5	53860401.6	55965723.2
58000000.0	55755908.0	54757867.4	56942888.9
59000000.0	56682958.7	55653791.8	57919977.2
60000000.0	57608901.6	56547376.9	58896988.8
61000000.0	58533739.0	57438910.3	59873924.4
62000000.0	59457472.7	58328782.6	60850784.7
63000000.0	60380104.8	59217020.7	61827570.3
64000000.0	61301637.4	60103698.6	62804907.5
65000000.0	62222072.5	60988820.6	63782224.9
66000000.0	63141412.1	61872390.7	64759498.1
67000000.0	64059821.8	62754412.8	65736728.0
68000000.0	64978063.9	63634891.2	66713914.9
69000000.0	65895251.6	64513829.7	67691059.5
70000000.0	66811386.6	65391232.4	68668162.4
71000000.0	67726470.9	66266926.7	69645223.9
72000000.0	68640506.3	67140907.0	70622244.7
73000000.0	69553494.7	68013351.7	71599225.2
74000000.0	70465437.8	68884264.9	72576165.7
75000000.0	71376337.5	69753650.6	73553066.8
76000000.0	72286195.7	70621512.8	74529761.6
77000000.0	73195014.1	71487855.5	75506172.8
78000000.0	74102794.6	72352682.8	76482531.2
79000000.0	75009539.0	73215998.5	77458837.0
80000000.0	75914763.9	74077806.7	78435090.7
81000000.0	76818515.1	74938111.3	79411292.4
82000000.0	77721212.6	75796916.2	80387442.5
83000000.0	78622858.2	76654225.3	81363541.3
84000000.0	79523454.0	77510042.6	82339589.0
85000000.0	80423001.6	78364372.0	83315585.8
86000000.0	81321502.9	79217217.2	84291531.9
87000000.0	82218959.9	80068582.3	85267427.8
88000000.0	83115374.3	80918470.9	86243273.4
89000000.0	84010747.9	81766887.1	87219069.1
90000000.0	84905086.0	82613834.5	88194815.1
91000000.0	85798884.8	83459317.1	89170511.5
92000000.0	86691657.5	84303338.6	90146158.5
93000000.0	87583406.0	85145902.8	91121756.4
94000000.0	88474131.8	85987013.4	92097305.3
95000000.0	89363837.0	86826674.3	93072805.3
96000000.0	90252523.1	87664889.2	94048256.7
97000000.0	91140192.0	88501661.7	95023659.5
98000000.0	92026845.5	89336995.7	95999014.0
99000000.0	92912485.2	90170894.9	96974320.3
100000000.0	93797113.0	91003362.9	97949578.5
101000000.0	94680730.5	91834403.4	98924788.7
102000000.0	95563339.6	92664020.1	99899951.2
103000000.0	96444941.9	93492216.7	100875066.0
104000000.0	97325539.2	94318996.7	101850133.2
105000000.0	98205133.2	95144363.9	102825153.0
106000000.0	99083725.6	95968321.8	103800125.5
107000000.0	99961318.2	96790874.1	104775050.8
108000000.0	100837912.7	97612024.4	105749928.9
109000000.0	101713510.7	98431776.2	106724760.1
110000000.0	102588114.1	99250133.1	107699544.4
111000000.0	103461724.4	100067098.7	108674281.9
112000000.0	104334343.4	100882676.4	109648972.6
113000000.0	105205972.8	101696870.0	110623616.8
114000000.0	106076614.2	102509682.8	111598214.4
115000000.0	106946269.4	103321118.4	112572765.7
116000000.0	107814940.0	104131180.3	113547270.5
117000000.0	108682627.8	104939872.0	114521729.1
118000000.0	109549334.3	105747196.9	115496141.5
119000000.0	110415061.3	106553158.6	116470507.8
120000000.0	111279810.4	107357760.4	117444828.1
121000000.0	112143583.2	108161005.8	118419102.4
122000000.0	113006984.3	108962898.2	119393330.8
123000000.0	113869437.2	109763441.1	120367513.4
124000000.0	114730928.3	110562637.9	121341650.2
125000000.0	115591459.3	111360491.9	122315741.3
126000000.0	116451031.6	112157006.6	123289786.8
127000000.0	117309647.0	112952185.3	124263786.7
128000000.0	118167307.0	113746031.3	125237741.1
129000000.0	119024013.2	114538548.1	126211650.1
130000000.0	119879767.3	115329738.9	127185513.7
131000000.0	120734570.7	116119607.1	128159331.9
132000000.0	121588425.1	116908156.0	129133104.8
133000000.0	122441332.2	117695389.0	130106832.5
134000000.0	123293293.3	118481309.2	131080515.0
135000000.0	124144310.2	119265920.0	132054152.4
136000000.0	124994384.4	120049224.6	133027744.7
137000000.0	125843517.5	120831226.4	134001292.0
138000000.0	126691711.0	121611928.5	134974794.2
139000000.0	127538966.5	122391334.3	135948251.5
140000000.0	128385285.6	123169446.8	136921664.0
141000000.0	129230669.7	123946269.5	137895031.5
142000000.0	130075120.6	124721805.3	138868354.2
143000000.0	130918639.6	125496057.7	139841632.2
144000000.0	131761228.4	126269029.6	140814865.4
145000000.0	132602888.5	127040724.4	141788053.9
146000000.0	133443621.4	127811145.2	142761745.0
147000000.0	134283428.7	128580295.1	143735496.4
148000000.0	135122311.8	129348177.2	144709214.5
149000000.0	135960272.4	130114794.8	145682899.4
150000000.0	136797312.0	130880150.9	146656551.1
151000000.0	137633431.9	131644248.7	147630169.8
152000000.0	138468633.9	132407091.2	148603755.3
153000000.0	139302919.4	133168681.5	149577307.9
154000000.0	140136289.8	133929022.8	150550827.4
155000000.0	140968746.8	134688118.1	151524314.0
156000000.0	141800291.8	135445970.4	152497767.6
157000000.0	142630926.2	136202582.8	153471188.4
158000000.0	143460651.7	136957958.4	154444576.3
159000000.0	144289469.7	137712100.2	155417931.4
160000000.0	145117381.7	138465011.1	156391253.8
161000000.0	145944389.1	139216694.3	157364543.3
162000000.0	146770493.5	139967152.7	158337800.2
163000000.0	147595696.4	140716389.4	159311024.4
164000000.0	148419999.1	141464407.2	160284216.0
165000000.0	149243403.3	142211209.2	161257374.9
166000000.0	150065910.3	142956798.3	162230501.2
167000000.0	150887521.6	143701177.5	163203595.0
168000000.0	151708238.7	144444349.7	164176656.2
169000000.0	152528063.0	145186317.9	165149685.0
170000000.0	153346996.1	145927085.0	166122681.2
171000000.0	154165039.3	146666653.9	167095645.0
172000000.0	154982194.1	147405027.5	168068576.4
173000000.0	155798462.0	148142208.8	169041475.4
174000000.0	156613844.4	148878200.5	170014342.0
175000000.0	157428342.7	149613005.6	170987176.3
176000000.0	158241958.4	150346626.9	171959978.3
177000000.0	159054692.9	151079067.4	172932747.9
178000000.0	159866547.7	151810329.8	173905485.3
179000000.0	160677524.1	152540417.0	174878190.5
180000000.0	161487623.7	153269331.8	175850863.4
181000000.0	162296847.7	153997077.1	176823602.8
182000000.0	163105197.8	154723655.7	177796382.1
183000000.0	163912675.1	155449070.3	178769131.5
184000000.0	164719281.3	156173323.8	179741851.0
185000000.0	165525017.6	156896418.9	180714540.6
186000000.0	166329885.5	157618358.5	181687200.3
187000000.0	167133886.4	158339145.3	182659830.2
188000000.0	167937021.7	159058782.0	183632430.2
189000000.0	168739292.8	159777271.4	184605000.4
190000000.0	169540701.0	160494616.4	185577540.8
191000000.0	170341247.9	161210819.5	186550051.5
192000000.0	171140934.7	161925883.5	187522532.3
193000000.0	171939762.9	162639811.1	188494983.5
194000000.0	172737733.8	163352605.1	189467404.9
195000000.0	173534848.8	164064268.1	190439796.6
196000000.0	174331109.4	164774802.9	191412158.6
197000000.0	175126516.8	165484212.1	192384491.0
198000000.0	175921072.4	166192498.3	193356793.7
199000000.0	176714777.6	166899664.3	194329066.7
200000000.0	177507633.8	167605712.8	195301310.2
201000000.0	178299642.4	168310646.2	196273524.0
202000000.0	179090804.6	169014467.4	197245708.3
203000000.0	179881121.9	169717178.9	198217863.0
204000000.0	180670595.6	170418783.4	199189988.1
205000000.0	181459227.0	171119283.4	200162083.7
206000000.0	182247017.6	171818681.6	201134149.8
207000000.0	183033968.5	172516980.6	202106186.4
208000000.0	183820081.3	173214183.0	203078193.4
209000000.0	184605357.2	173910291.3	204050171.0
210000000.0	185389797.6	174605308.1	205022119.1
211000000.0	186173403.7	175299236.0	205994037.8
212000000.0	186956177.0	175992077.6	206965927.0
213000000.0	187738118.8	176683835.3	207937786.8
214000000.0	188519230.3	177374511.8	208909617.2
215000000.0	189299512.9	178064109.6	209881418.2
216000000.0	190078968.0	178752631.2	210853189.8
217000000.0	190857596.8	179440079.1	211824932.0
218000000.0	191635400.6	180126455.8	212796644.9
219000000.0	192412380.8	180811763.8	213768328.4
220000000.0	193188538.6	181496005.7	214740063.6
221000000.0	193963875.5	182179183.9	215712631.6
222000000.0	194738392.6	182861300.9	216685179.9
223000000.0	195512091.3	183542359.2	217657708.5
224000000.0	196284972.8	184222361.2	218630217.4
225000000.0	197057038.6	184901309.4	219602706.6
226000000.0	197828289.8	185579206.2	220575176.1
227000000.0	198598727.7	186256054.1	221547626.0
228000000.0	199368353.7	186931855.5	222520056.1
229000000.0	200137169.0	187606612.8	223492466.7
230000000.0	200905174.9	188280328.5	224464857.6
231000000.0	201672372.6	188953005.0	225437228.8
232000000.0	202438763.5	189624644.7	226409580.5
233000000.0	203204348.9	190295249.9	227381912.5
234000000.0	203969129.9	190964823.0	228354225.0
235000000.0	204733107.9	191633366.6	229326517.8
236000000.0	205496284.1	192300882.8	230298791.1
237000000.0	206258659.8	192967374.1	231271044.8
238000000.0	207020236.3	193632842.8	232243279.0
239000000.0	207781014.7	194297291.4	233215493.6
240000000.0	208540996.4	194960722.1	234187688.7
241000000.0	209300182.6	195623137.2	235159864.2
242000000.0	210058574.6	196284539.2	236132020.2
243000000.0	210816173.6	196944930.3	237104156.7
244000000.0	211572980.8	197604312.8	238076273.7
245000000.0	212328997.5	198262689.1	239048371.2
246000000.0	213084224.9	198920061.5	240020449.2
247000000.0	213838664.3	199576432.2	240992507.7
248000000.0	214592316.9	200231803.6	241964546.8
249000000.0	215345183.9	200886177.8	242936566.4
250000000.0	216097266.5	201539557.3	243908566.5
251000000.0	216848566.1	202191944.3	244880547.2
252000000.0	217599083.7	202843341.0	245852508.4
253000000.0	218348820.7	203493749.7	246824450.3
254000000.0	219097778.1	204143172.6	247796372.6
255000000.0	219845957.4	204791612.0	248768275.6
256000000.0	220593359.6	205439070.0	249740159.2
257000000.0	221339986.0	206085549.1	250712023.3
258000000.0	222085837.7	206731051.2	251683868.1
259000000.0	222830916.1	207375578.8	252655693.5
260000000.0	223575222.2	208019133.9	253627499.5
261000000.0	224318757.4	208661718.7	254599286.1
262000000.0	225061522.7	209303335.6	255571053.3
263000000.0	225803519.4	209943986.6	256542801.2
264000000.0	226544748.7	210583673.9	257514529.7
265000000.0	227285211.7	211222399.7	258486238.9
266000000.0	228024909.7	211860166.3	259457928.7
267000000.0	228763843.9	212496975.6	260429599.2
268000000.0	229502015.3	213132829.9	261401250.4
269000000.0	230239425.3	213767731.4	262372882.3
270000000.0	230976074.9	214401682.2	263344494.8
271000000.0	231711965.4	215034684.3	264316088.0
272000000.0	232447098.0	215666740.0	265287661.9
273000000.0	233181473.7	216297851.4	266259216.5
274000000.0	233915093.8	216928020.5	267230751.9
275000000.0	234647959.4	217557249.5	268202267.9
276000000.0	235380071.7	218185540.6	269173764.7
277000000.0	236111431.9	218812895.7	270145242.1
278000000.0	236842041.1	219439316.9	271116700.3
279000000.0	237571900.5	220064806.5	272088139.3
280000000.0	238301011.2	220689366.4	273059559.0
281000000.0	239029374.4	221312998.7	274030959.4
282000000.0	239756991.2	221935705.4	275002340.6
283000000.0	240483862.7	222557488.8	275973702.5
284000000.0	241209990.2	223178350.7	276945045.2
285000000.0	241935374.8	223798293.2	277916368.6
286000000.0	242660017.6	224417318.4	278887672.9
287000000.0	243383919.7	225035428.4	279858957.9
288000000.0	244107082.2	225652625.1	280830223.7
289000000.0	244829506.4	226268910.5	281801470.3
290000000.0	245551193.3	226884286.8	282772697.6
291000000.0	246272144.1	227498755.8	283743905.8
292000000.0	246992359.9	228112319.7	284715094.7
293000000.0	247711841.7	228724980.3	285686264.5
294000000.0	248430590.8	229336739.7	286657415.1
295000000.0	249148608.3	229947600.0	287628546.5
296000000.0	249865895.3	230557563.0	288599658.7
297000000.0	250582452.8	231166630.7	289570751.7
298000000.0	251298282.0	231774805.1	290541825.6
299000000.0	252013384.0	232382088.3	291512880.3
300000000.0	252727760.0	232988482.0	292483915.8
301000000.0	253441411.0	233593988.4	293454932.2
302000000.0	254154338.0	234198609.3	294425929.4
303000000.0	254866542.4	234802346.6	295396907.5
304000000.0	255578025.0	235405202.4	296367866.4
305000000.0	256288787.1	236007178.5	297338806.2
306000000.0	256998829.6	236608276.9	298309726.9
307000000.0	257708153.8	237208499.5	299280628.4
308000000.0	258416760.7	237807848.2	300251510.7
309000000.0	259124651.3	238406324.9	301222374.0
310000000.0	259831826.9	239003931.5	302193218.1
311000000.0	260538288.3	239600669.9	303164043.2
312000000.0	261244036.9	240196542.0	304134849.1
313000000.0	261949073.5	240791549.7	305105635.8
314000000.0	262653399.3	241385694.9	306076403.5
315000000.0	263357015.4	241978979.4	307047152.1
316000000.0	264059922.8	242571405.1	308017881.6
317000000.0	264762122.6	243162973.9	308988592.0
318000000.0	265463615.9	243753687.6	309959283.3
319000000.0	266164403.7	244343548.2	310929955.5
320000000.0	266864487.1	244932557.3	311900608.6
321000000.0	267563867.2	245520716.9	312871242.7
322000000.0	268262545.1	246108028.9	313841857.6
323000000.0	268960521.7	246694495.0	314812453.5
324000000.0	269657798.1	247280117.0	315783030.3
325000000.0	270354375.4	247864896.9	316753588.1
326000000.0	271050254.7	248448836.4	317724126.8
327000000.0	271745437.0	249031937.3	318694646.4
328000000.0	272439923.3	249614201.4	319665147.0
329000000.0	273133714.7	250195630.5	320635628.5
330000000.0	273826812.2	250776226.5	321606091.0
331000000.0	274519216.8	251355991.1	322576534.4
332000000.0	275210929.7	251934926.1	323546958.8
333000000.0	275901951.8	252513033.3	324517364.1
334000000.0	276592284.2	253090314.4	325487750.4
335000000.0	277281927.9	253666771.2	326458117.7
336000000.0	277970883.9	254242405.6	327428465.9
337000000.0	278659153.3	254817219.2	328398795.1
338000000.0	279346737.1	255391213.7	329369105.3
339000000.0	280033636.3	255964391.1	330339396.5
340000000.0	280719851.9	256536752.9	331309668.6
341000000.0	281405385.0	257108301.0	332279921.7
342000000.0	282090236.6	257679037.1	333250155.8
343000000.0	282774407.6	258248962.8	334220370.9
344000000.0	283457899.2	258818080.0	335190567.0
345000000.0	284140712.2	259386390.4	336160744.1
346000000.0	284822847.8	259953895.6	337130902.2
347000000.0	285504307.0	260520597.4	338101041.3
348000000.0	286185090.6	261086497.4	339071161.4
349000000.0	286865199.8	261651597.5	340041262.5
350000000.0	287544635.6	262215899.2	341011344.6
351000000.0	288223398.9	262779404.3	341981407.7
352000000.0	288901490.7	263342114.4	342951451.8
353000000.0	289578912.1	263904031.3	343921477.0
354000000.0	290255664.0	264465156.6	344891483.2
355000000.0	290931747.4	265025491.9	345861470.4
356000000.0	291607163.4	265585039.1	346831438.6
357000000.0	292281912.8	266143799.6	347801387.8
358000000.0	292955996.8	266701775.2	348771318.1
359000000.0	293629416.2	267258967.6	349741229.4
360000000.0	294302172.1	267815378.3	350711121.8
361000000.0	294974265.4	268371009.0	351680995.2
362000000.0	295645697.1	268925861.4	352650849.6
363000000.0	296316468.2	269479937.1	353620685.1
364000000.0	296986579.6	270033237.7	354590501.6
365000000.0	297656032.4	270585764.9	355560299.2
366000000.0	298324827.6	271137520.2	356530077.8
367000000.0	298992966.0	271688505.3	357499837.4
368000000.0	299660448.6	272238721.9	358469578.2
369000000.0	300327276.4	272788171.4	359439300.0
370000000.0	300993450.4	273336855.6	360409002.8
371000000.0	301658971.6	273884775.9	361378686.7
372000000.0	302323840.8	274431934.1	362348351.7
373000000.0	302988059.1	274978331.6	363317997.7
374000000.0	303651627.4	275523970.2	364287624.8
375000000.0	304314546.7	276068851.3	365257233.0
376000000.0	304976817.8	276612976.5	366226822.3
377000000.0	305638441.8	277156347.4	367196392.6
378000000.0	306299419.7	277698965.7	368165944.0
379000000.0	306959752.2	278240832.7	369135476.5
380000000.0	307619440.5	278781950.2	370104990.1
381000000.0	308278485.5	279322319.6	371074484.8
382000000.0	308936888.0	279861942.6	372043960.5
383000000.0	309594649.0	280400820.5	373012378.2
384000000.0	310251769.5	280938955.1	373980353.3
385000000.0	310908250.4	281476347.8	374948301.1
386000000.0	311564092.6	282013000.2	375916221.8
387000000.0	312219297.0	282548913.8	376884115.1
388000000.0	312873864.7	283084090.1	377851981.3
389000000.0	313527796.5	283618530.6	378819820.3
390000000.0	314181093.3	284152236.9	379787632.0
391000000.0	314833756.1	284685210.5	380755416.5
392000000.0	315485785.7	285217452.8	381723173.8
393000000.0	316137183.2	285748965.4	382690903.9
394000000.0	316787949.4	286279749.8	383658606.7
395000000.0	317438085.3	286809807.5	384626282.4
396000000.0	318087591.7	287339140.0	385593930.9
397000000.0	318736469.6	287867748.7	386561552.1
398000000.0	319384719.9	288395635.2	387529146.2
399000000.0	320032343.5	288922800.9	388496713.0
400000000.0	320679341.3	289449247.3	389464252.7
401000000.0	321325714.2	289974975.9	390431765.1
402000000.0	321971463.1	290499988.1	391399250.4
403000000.0	322616589.0	291024285.4	392366708.4
404000000.0	323261092.6	291547869.2	393334139.3
405000000.0	323904975.0	292070741.1	394301543.0
406000000.0	324548237.0	292592902.5	395268919.5
407000000.0	325190879.5	293114354.8	396236268.8
408000000.0	325832903.5	293635099.4	397203590.9
409000000.0	326474309.7	294155137.9	398170885.9
410000000.0	327115099.1	294674471.5	399138153.7
411000000.0	327755272.7	295193101.9	400105394.3
412000000.0	328394831.2	295711030.3	401072607.7
413000000.0	329033775.5	296228258.3	402039793.9
414000000.0	329672106.6	296744787.2	403006953.0
415000000.0	330309825.3	297260618.5	403974084.9
416000000.0	330946932.5	297775753.5	404941189.7
417000000.0	331583429.1	298290193.8	405908267.2
418000000.0	332219316.0	298803940.6	406875317.6
419000000.0	332854594.0	299316995.4	407842340.9
420000000.0	333489264.0	299829359.6	408809337.0
421000000.0	334123326.9	300341034.6	409776305.9
422000000.0	334756783.6	300852021.7	410743247.7
423000000.0	335389634.8	301362322.4	411710162.3
424000000.0	336021881.6	301871938.1	412677049.8
425000000.0	336653524.7	302380870.0	413643910.1
426000000.0	337284510.0	302889119.7	414610743.2
427000000.0	337914472.3	303396688.4	415577549.3
428000000.0	338543832.2	303903577.6	416544328.1
429000000.0	339172590.6	304409788.5	417511079.9
430000000.0	339800748.3	304915322.6	418477804.5
431000000.0	340428306.1	305420181.3	419444501.9
432000000.0	341055265.0	305924365.8	420411172.2
433000000.0	341681625.8	306427877.5	421377815.4
434000000.0	342307389.3	306930717.8	422344431.4
435000000.0	342932556.4	307432888.0	423311020.4
436000000.0	343557128.0	307934389.4	424277582.1
437000000.0	344181104.8	308435223.4	425244116.8
438000000.0	344804487.9	308935391.4	426210624.3
439000000.0	345427277.9	309434894.6	427177104.7
440000000.0	346049475.8	309933734.3	428143558.0
441000000.0	346671082.3	310431911.9	429109984.1
442000000.0	347292098.4	310929428.8	430076383.1
443000000.0	347912524.9	311426286.2	431042755.1
444000000.0	348532362.6	311922485.4	432009099.8
445000000.0	349151612.3	312418027.7	432975417.5
446000000.0	349770274.9	312912914.5	433941708.1
447000000.0	350388351.3	313407147.0	434907971.5
448000000.0	351005842.2	313900726.6	435874207.9
449000000.0	351622748.5	314393654.5	436840417.1
450000000.0	352239071.0	314885932.0	437806599.2
451000000.0	352854810.5	315377560.5	438772754.3
452000000.0	353469967.9	315868541.1	439738882.2
453000000.0	354084544.0	316358875.2	440704983.0
454000000.0	354698539.7	316848564.1	441671056.7
455000000.0	355311955.7	317337609.0	442637103.3
456000000.0	355924792.8	317826011.1	443603122.9
457000000.0	356537051.9	318313771.9	444569115.3
458000000.0	357148733.8	318800892.4	445535080.6
459000000.0	357759839.4	319287374.1	446501018.9
460000000.0	358370369.3	319773218.1	447466930.0
461000000.0	358980324.5	320258425.7	448432814.1
462000000.0	359589705.8	320742998.1	449398671.1
463000000.0	360198513.9	321226936.6	450364501.0
464000000.0	360806749.7	321710242.5	451330303.8
465000000.0	361414413.9	322192916.9	452296079.5
466000000.0	362021507.5	322674961.1	453261828.1
467000000.0	362628031.1	323156376.4	454227549.7
468000000.0	363233985.6	323637164.0	455193244.2
469000000.0	363839371.9	324117325.0	456158911.6
470000000.0	364444190.6	324596860.8	457124552.0
471000000.0	365048442.5	325075772.6	458090165.2
472000000.0	365652128.6	325554061.5	459055751.4
473000000.0	366255249.6	326031728.8	460021310.6
474000000.0	366857806.2	326508775.7	460986842.6
475000000.0	367459799.3	326985203.3	461952347.6
476000000.0	368061229.6	327461013.0	462917825.6
477000000.0	368662097.9	327936205.9	463883276.4
478000000.0	369262405.1	328410783.2	464848700.2
479000000.0	369862152.0	328884746.1	465814097.0
480000000.0	370461339.2	329358095.8	466779466.7
481000000.0	371059967.6	329830833.5	467744809.3
482000000.0	371658037.9	330302960.4	468710124.9
483000000.0	372255551.0	330774477.6	469675413.4
484000000.0	372852507.6	331245386.3	470640674.9
485000000.0	373448908.5	331715687.8	471605909.4
486000000.0	374044754.5	332185383.1	472571116.7
487000000.0	374640046.4	332654473.5	473536297.1
488000000.0	375234784.8	333122960.2	474501450.4
489000000.0	375828970.7	333590844.2	475466576.6
490000000.0	376422604.7	334058126.8	476431675.8
491000000.0	377015687.6	334524809.0	477396748.0
492000000.0	377608220.2	334990892.2	478361793.1
493000000.0	378200203.3	335456377.4	479326811.2
494000000.0	378791637.7	335921265.8	480291802.2
495000000.0	379382524.0	336385558.4	481256766.2
496000000.0	379972863.0	336849256.6	482221703.2
497000000.0	380562655.6	337312361.3	483186613.2
498000000.0	381151902.5	337774873.8	484151496.1
499000000.0	381740604.3	338236795.2	485116352.0
500000000.0	382328762.0	338698126.6	486081180.9
501000000.0	382916376.2	339158869.2	487045982.7
502000000.0	383503447.6	339619024.0	488010757.5
503000000.0	384089977.2	340078592.2	488975505.3
504000000.0	384675965.5	340537574.9	489940226.1
505000000.0	385261413.3	340995973.3	490904919.8
506000000.0	385846321.4	341453788.4	491869586.6
507000000.0	386430690.6	341911021.4	492834226.3
508000000.0	387014521.6	342367673.3	493798839.0
509000000.0	387597815.0	342823745.4	494763424.7
510000000.0	388180571.7	343279238.6	495727983.4
511000000.0	388762792.5	343734154.1	496692515.0
512000000.0	389344478.0	344188493.0	497657019.7
513000000.0	389925628.9	344642256.4	498621497.3
514000000.0	390506246.1	345095445.3	499585948.0
515000000.0	391086330.2	345548060.9	500550371.6
516000000.0	391665882.0	346000104.3	501514768.3
517000000.0	392244902.2	346451576.5	502479137.9
518000000.0	392823391.6	346902478.6	503443480.6
519000000.0	393401350.9	347352811.8	504407796.2
520000000.0	393978780.7	347802577.0	505372084.8
521000000.0	394555681.9	348251775.3	506336346.5
522000000.0	395132055.2	348700407.9	507300581.1
523000000.0	395707901.2	349148475.8	508264788.8
524000000.0	396283220.7	349595980.0	509228969.5
525000000.0	396858014.5	350042921.6	510193123.1
526000000.0	397432283.2	350489301.8	511157249.8
527000000.0	398006027.6	350935121.4	512121349.5
528000000.0	398579248.4	351380381.7	513085422.2
529000000.0	399151946.3	351825083.6	514049468.0
530000000.0	399724122.0	352269228.2	515013486.7
531000000.0	400295776.2	352712816.5	515977478.5
532000000.0	400866909.7	353155849.6	516941443.3
533000000.0	401437523.1	353598328.6	517905381.1
534000000.0	402007617.2	354040254.4	518869291.9
535000000.0	402577192.7	354481628.1	519833175.8
536000000.0	403146250.2	354922450.8	520797032.7
537000000.0	403714790.5	355362723.4	521760862.6
538000000.0	404282814.4	355802447.1	522724665.5
539000000.0	404850322.4	356241622.7	523688441.5
540000000.0	405417315.3	356680251.5	524652190.5
541000000.0	405983793.8	357118334.3	525615912.5
542000000.0	406549758.7	357555872.1	526579607.6
543000000.0	407115210.5	357992866.1	527543275.7
544000000.0	407680150.0	358429317.2	528506916.9
545000000.0	408244577.9	358865226.5	529470531.1
546000000.0	408808494.9	359300594.9	530434118.3
547000000.0	409371901.7	359735423.4	531397678.5
548000000.0	409934798.9	360169713.1	532361211.8
549000000.0	410497187.3	360603464.9	533324718.2
550000000.0	411059067.6	361036679.9	534288197.6
551000000.0	411620440.3	361469359.1	535251650.0
552000000.0	412181306.4	361901503.3	536215075.5
553000000.0	412741666.3	362333113.8	537178474.1
554000000.0	413301520.8	362764191.3	538141845.7
555000000.0	413860870.6	363194736.9	539105190.3
556000000.0	414419716.4	363624751.7	540068508.0
557000000.0	414978058.8	364054236.5	541031798.8
558000000.0	415535898.6	364483192.4	541995062.6
559000000.0	416093236.3	364911620.3	542958299.5
560000000.0	416650072.7	365339521.2	543921509.4
561000000.0	417206408.5	365766896.1	544884692.4
562000000.0	417762244.3	366193745.9	545847848.4
563000000.0	418317580.8	366620071.6	546810977.6
564000000.0	418872418.7	367045874.3	547774079.8
565000000.0	419426758.7	367471154.7	548737155.0
566000000.0	419980601.3	367895914.0	549700203.3
567000000.0	420533947.4	368320153.0	550663224.7
568000000.0	421086797.5	368743872.8	551626219.2
569000000.0	421639152.3	369167074.2	552589186.7
570000000.0	422191012.5	369589758.2	553552127.3
571000000.0	422742378.8	370011925.8	554515041.0
572000000.0	423293251.7	370433577.9	555477927.7
573000000.0	423843632.1	370854715.5	556440787.6
574000000.0	424393520.5	371275339.4	557403620.5
575000000.0	424942917.5	371695450.7	558366426.5
576000000.0	425491824.0	372115050.3	559329205.5
577000000.0	426040240.4	372534139.1	560291957.7
578000000.0	426588167.5	372952718.1	561254682.9
579000000.0	427135605.9	373370788.1	562217381.3
580000000.0	427682556.3	373788350.1	563180052.7
581000000.0	428229019.4	374205405.0	564142697.2
582000000.0	428774995.7	374621953.8	565105314.8
583000000.0	429320485.9	375037997.3	566067905.5
584000000.0	429865490.7	375453536.6	567030469.2
585000000.0	430410010.8	375868572.4	567993006.1
586000000.0	430954046.7	376283105.8	568955516.1
587000000.0	431497599.1	376697137.6	569917999.1
588000000.0	432040668.7	377110668.8	570880455.3
589000000.0	432583256.0	377523700.1	571842884.5
590000000.0	433125361.9	377936232.7	572805286.9
591000000.0	433666986.8	378348267.3	573767662.4
592000000.0	434208131.4	378759804.9	574730010.9
593000000.0	434748796.4	379170846.3	575692332.6
594000000.0	435288982.4	379581392.5	576654627.4
595000000.0	435828690.1	379991444.3	577616895.2
596000000.0	436367920.0	380401002.7	578579136.2
597000000.0	436906672.8	380810068.6	579541350.3
598000000.0	437444949.2	381218642.7	580503537.5
599000000.0	437982749.7	381626726.0	581465697.9
600000000.0	438520075.1	382034319.5	582427831.3
601000000.0	439056925.8	382441423.9	583389937.8
602000000.0	439593302.7	382848040.2	584352017.5
603000000.0	440129206.2	383254169.2	585314070.3
604000000.0	440664637.0	383659811.8	586276096.2
605000000.0	441199595.8	384064968.9	587238095.2
606000000.0	441734083.1	384469641.4	588200067.4
607000000.0	442268099.6	384873830.0	589162012.6
608000000.0	442801646.0	385277535.8	590123931.0
609000000.0	443334722.7	385680759.5	591085822.6
610000000.0	443867330.5	386083502.1	592047687.2
611000000.0	444399470.0	386485764.3	593009525.0
612000000.0	444931141.7	386887547.0	593971335.9
613000000.0	445462346.4	387288851.2	594933119.9
614000000.0	445993084.6	387689677.6	595894877.1
615000000.0	446523356.9	388090027.1	596856607.4
616000000.0	447053163.9	388489900.5	597818310.8
617000000.0	447582506.3	388889298.8	598779987.4
618000000.0	448111384.7	389288222.7	599741637.1
619000000.0	448639799.6	389686673.1	600703260.0
620000000.0	449167751.7	390084650.8	601664855.9
621000000.0	449695241.7	390482156.7	602626425.1
622000000.0	450222270.0	390879191.7	603587967.3
623000000.0	450748837.3	391275756.4	604549482.8
624000000.0	451274944.2	391671851.9	605510971.3
625000000.0	451800591.4	392067478.9	606472433.0
626000000.0	452325779.4	392462638.2	607433867.9
627000000.0	452850508.7	392857330.8	608395275.9
628000000.0	453374780.1	393251557.3	609356657.1
629000000.0	453898594.1	393645318.6	610318011.4
630000000.0	454421951.4	394038615.7	611279338.8
631000000.0	454944852.4	394431449.2	612240639.4
632000000.0	455467297.9	394823819.9	613201913.2
633000000.0	455989288.3	395215728.9	614163160.1
634000000.0	456510824.4	395607176.7	615124380.2
635000000.0	457031906.6	395998164.3	616085573.5
636000000.0	457552535.6	396388692.4	617046739.9
637000000.0	458072712.0	396778761.9	618007879.4
638000000.0	458592436.4	397168373.5	618968992.2
639000000.0	459111709.3	397557528.2	619930078.1
640000000.0	459630531.4	397946226.6	620891137.1
641000000.0	460148903.2	398334469.6	621852169.4
642000000.0	460666825.3	398722258.0	622813174.8
643000000.0	461184298.3	399109592.5	623774153.3
644000000.0	461701322.7	399496474.0	624735105.1
645000000.0	462217899.3	399882903.4	625696030.0
646000000.0	462734028.5	400268881.2	626656928.1
647000000.0	463249710.9	400654408.5	627617799.3
648000000.0	463764947.1	401039485.8	628578643.8
649000000.0	464279737.8	401424114.1	629539461.4
650000000.0	464794083.3	401808294.1	630500252.2
651000000.0	465307984.5	402192026.7	631461016.2
652000000.0	465821441.7	402575312.5	632421753.3
653000000.0	466334455.6	402958152.3	633382463.6
654000000.0	466847026.8	403340547.0	634343147.2
655000000.0	467359155.9	403722497.3	635303803.9
656000000.0	467870843.3	404104004.0	636264433.8
657000000.0	468382089.8	404485067.9	637225036.8
658000000.0	468892895.7	404865689.7	638185613.1
659000000.0	469403261.8	405245870.2	639146162.6
660000000.0	469913188.6	405625610.2	640106685.2
661000000.0	470422676.7	406004910.4	641067181.1
662000000.0	470931726.6	406383771.6	642027650.1
663000000.0	471440338.8	406762194.5	642988092.3
664000000.0	471948514.0	407140180.0	643948507.8
665000000.0	472456252.7	407517728.8	644908896.4
666000000.0	472963555.5	407894841.6	645869258.2
667000000.0	473470423.0	408271519.2	646829593.3
668000000.0	473976855.6	408647762.3	647789901.5
669000000.0	474482854.0	409023571.7	648750182.9
670000000.0	474988418.7	409398948.2	649710437.6
671000000.0	475493550.3	409773892.5	650670665.4
672000000.0	475998249.3	410148405.3	651630866.4
673000000.0	476502516.3	410522487.4	652591040.7
674000000.0	477006351.8	410896139.5	653551188.2
675000000.0	477509756.4	411269362.3	654511308.8
676000000.0	478012730.7	411642156.7	655471402.7
677000000.0	478515275.2	412014523.4	656431469.8
678000000.0	479017390.4	412386463.0	657391510.1
679000000.0	479519076.9	412757976.3	658351523.7
680000000.0	480020335.2	413129064.1	659311510.4
681000000.0	480521166.0	413499727.0	660271470.4
682000000.0	481021569.6	413869965.9	661231403.6
683000000.0	481521546.8	414239781.4	662191310.0
684000000.0	482021098.0	414609174.2	663151189.6
685000000.0	482520223.8	414978145.2	664111042.5
686000000.0	483018924.7	415346694.9	665070868.5
687000000.0	483517201.2	415714824.2	666030667.8
688000000.0	484015054.0	416082533.7	666990440.4
689000000.0	484512483.5	416449824.2	667950186.1
690000000.0	485009490.3	416816696.4	668909905.1
691000000.0	485506074.9	417183150.9	669869597.3
692000000.0	486002237.9	417549188.6	670829262.7
693000000.0	486497979.7	417914810.1	671788901.4
694000000.0	486993301.0	418280016.1	672748513.3
695000000.0	487488202.3	418644807.4	673708098.5
696000000.0	487982684.0	419009184.6	674667656.9
697000000.0	488476746.8	419373148.5	675627188.5
698000000.0	488970391.2	419736699.7	676586693.4
699000000.0	489463617.6	420099838.9	677546171.5
700000000.0	489956426.7	420462566.9	678505622.8
701000000.0	490448818.9	420824884.4	679465047.4
702000000.0	490940794.9	421186792.0	680424445.2
703000000.0	491432355.0	421548290.5	681383816.3
704000000.0	491923499.9	421909380.5	682343160.6
705000000.0	492414230.0	422270062.7	683302478.2
706000000.0	492904546.0	422630337.9	684261769.0
707000000.0	493394448.2	422990206.6	685221033.1
708000000.0	493883937.3	423349669.7	686180270.4
709000000.0	494373013.8	423708727.7	687139481.0
710000000.0	494861678.1	424067381.4	688098664.8
711000000.0	495349930.8	424425631.4	689057821.9
712000000.0	495837772.5	424783478.5	690016952.2
713000000.0	496325203.6	425140923.3	690976055.8
714000000.0	496812224.7	425497966.5	691935132.7
715000000.0	497298836.2	425854608.7	692894182.8
716000000.0	497785038.8	426210850.7	693853206.2
717000000.0	498270832.8	426566693.1	694812202.8
718000000.0	498756218.9	426922136.6	695771172.7
719000000.0	499241197.5	427277181.8	696730115.9
720000000.0	499725769.2	427631829.5	697689032.3
721000000.0	500209934.4	427986080.3	698647922.1
722000000.0	500693693.7	428339934.8	699606785.0
723000000.0	501177047.6	428693393.7	700565621.3
724000000.0	501659996.5	429046457.8	701524430.8
725000000.0	502142541.1	429399127.5	702483213.6
726000000.0	502624681.8	429751403.7	703441969.6
727000000.0	503106419.1	430103287.0	704400699.0
728000000.0	503587753.5	430454778.0	705359401.6
729000000.0	504068685.6	430805877.3	706318077.5
730000000.0	504549215.8	431156585.7	707276726.6
731000000.0	505029344.6	431506903.8	708235349.1
732000000.0	505509072.5	431856832.2	709193944.8
733000000.0	505988400.1	432206371.6	710152513.8
734000000.0	506467327.9	432555522.7	711111056.1
735000000.0	506945856.3	432904286.0	712069571.7
736000000.0	507423985.8	433252662.2	713028060.6
737000000.0	507901717.0	433600652.1	713986522.7
738000000.0	508379050.3	433948256.1	714944958.2
739000000.0	508855986.2	434295475.0	715903366.9
740000000.0	509332525.3	434642309.4	716861748.9
741000000.0	509808667.9	434988760.0	717820104.2
742000000.0	510284414.7	435334827.3	718778432.9
743000000.0	510759766.2	435680512.0	719736734.8
744000000.0	511234722.7	436025814.8	720695010.0
745000000.0	511709284.8	436370736.2	721653258.5
746000000.0	512183453.0	436715277.0	722611480.2
747000000.0	512657227.8	437059437.7	723569675.3
748000000.0	513130609.7	437403218.9	724527843.7
749000000.0	513603599.1	437746621.4	725485985.4
750000000.0	514076196.5	438089645.6	726444100.4
751000000.0	514548402.5	438432292.4	727402188.7
752000000.0	515020217.5	438774562.1	728360250.3
753000000.0	515491642.0	439116455.6	729318285.3
754000000.0	515962676.5	439457973.4	730276293.5
755000000.0	516433321.5	439799116.1	731234275.0
756000000.0	516903577.4	440139884.3	732192229.9
757000000.0	517373444.8	440480278.8	733150158.0
758000000.0	517842924.1	440820300.0	734108059.5
759000000.0	518312015.7	441159948.5	735065934.3
760000000.0	518780720.3	441499225.1	736023782.4
761000000.0	519249038.2	441838130.3	736981603.8
762000000.0	519716970.0	442176664.8	737939398.5
763000000.0	520184516.0	442514829.0	738897166.5
764000000.0	520651676.9	442852623.7	739854907.9
765000000.0	521118453.0	443190049.5	740812622.6
766000000.0	521584844.8	443527106.9	741770310.6
767000000.0	522050852.9	443863796.5	742727972.0
768000000.0	522516477.7	444200119.0	743685606.6
769000000.0	522981719.6	444536075.0	744643214.6
770000000.0	523446579.2	444871665.0	745600795.9
771000000.0	523911056.8	445206889.6	746558350.6
772000000.0	524375153.0	445541749.5	747515878.5
773000000.0	524838868.3	445876245.3	748473379.8
774000000.0	525302203.1	446210377.4	749430854.5
775000000.0	525765157.9	446544146.7	750388302.4
776000000.0	526227733.1	446877553.5	751345723.7
777000000.0	526689929.2	447210598.5	752303118.4
778000000.0	527151746.8	447543282.4	753260486.4
779000000.0	527613186.1	447875605.6	754217827.7
780000000.0	528074247.8	448207568.8	755175142.3
781000000.0	528534932.2	448539172.6	756132430.3
782000000.0	528995239.9	448870417.4	757089691.7
783000000.0	529455171.3	449201304.1	758046926.3
784000000.0	529914726.9	449531833.0	759004134.4
785000000.0	530373907.0	449862004.8	759961315.7
786000000.0	530832712.3	450191820.1	760918470.4
787000000.0	531291143.1	450521279.4	761875598.5
788000000.0	531749199.8	450850383.3	762832699.9
789000000.0	532206883.1	451179132.4	763789774.7
790000000.0	532664193.2	451507527.3	764746822.8
791000000.0	533121130.7	451835568.5	765703844.3
792000000.0	533577696.1	452163256.7	766660839.1
793000000.0	534033889.7	452490592.3	767617807.3
794000000.0	534489712.0	452817575.9	768574748.8
795000000.0	534945163.6	453144208.2	769531663.7
796000000.0	535400244.7	453470489.6	770488551.9
797000000.0	535854956.0	453796420.8	771445413.5
798000000.0	536309297.8	454122002.3	772402248.5
799000000.0	536763270.6	454447234.7	773359056.8
800000000.0	537216874.8	454772118.5	774315838.5
801000000.0	537670110.9	455096654.3	775272593.6
802000000.0	538122979.4	455420842.6	776229322.0
803000000.0	538575480.6	455744684.1	777186023.8
804000000.0	539027615.1	456068179.2	778142698.9
805000000.0	539479383.2	456391328.6	779099347.5
806000000.0	539930785.4	456714132.7	780055969.4
807000000.0	540381822.3	457036592.2	781012564.6
808000000.0	540832494.1	457358707.5	781969133.3
809000000.0	541282801.4	457680479.3	782925675.3
810000000.0	541732744.5	458001908.0	783882190.7
811000000.0	542182324.0	458322994.3	784838679.5
812000000.0	542631540.3	458643738.7	785795141.6
813000000.0	543080393.8	458964141.6	786751577.1
814000000.0	543528884.9	459284203.8	787707986.0
815000000.0	543977014.2	459603925.6	788664368.3
816000000.0	544424781.9	459923307.8	789620724.0
817000000.0	544872188.7	460242350.7	790577053.0
818000000.0	545319234.8	460561054.9	791533355.5
819000000.0	545765920.8	460879421.0	792489631.3
820000000.0	546212247.0	461197449.5	793445880.5
821000000.0	546658214.0	461515141.0	794402103.1
822000000.0	547103822.1	461832496.0	795358299.1
823000000.0	547549071.8	462149515.0	796314468.5
824000000.0	547993963.5	462466198.5	797270611.2
825000000.0	548438497.6	462782547.1	798226727.4
826000000.0	548882674.6	463098561.4	799182817.0
827000000.0	549326494.9	463414241.8	800138879.9
828000000.0	549769958.9	463729588.8	801094916.3
829000000.0	550213067.1	464044603.1	802050926.0
830000000.0	550655819.9	464359285.1	803006909.2
831000000.0	551098217.7	464673635.3	803962865.7
832000000.0	551540260.9	464987654.3	804918795.6
833000000.0	551981950.0	465301342.7	805874699.0
834000000.0	552423285.4	465614700.8	806830575.8
835000000.0	552864267.5	465927729.3	807786425.9
836000000.0	553304896.8	466240428.7	808742249.5
837000000.0	553745173.6	466552799.4	809698046.5
838000000.0	554185098.4	466864842.1	810653816.8
839000000.0	554624671.6	467176557.2	811609560.6
840000000.0	555063893.7	467487945.2	812565277.8
841000000.0	555502765.0	467799006.6	813520968.4
842000000.0	555941286.0	468109742.0	814476632.5
843000000.0	556379457.0	468420151.9	815432269.9
844000000.0	556817278.6	468730236.8	816387880.8
845000000.0	557254751.1	469039997.2	817343465.0
846000000.0	557691874.9	469349433.6	818299022.7
847000000.0	558128650.5	469658546.5	819254553.8
848000000.0	558565078.3	469967336.4	820210058.4
849000000.0	559001158.7	470275803.9	821165536.3
850000000.0	559436892.1	470583949.4	822120987.7
851000000.0	559872278.9	470891773.4	823076412.5
852000000.0	560307319.5	471199276.5	824031810.7
853000000.0	560742014.4	471506459.1	824987182.4
854000000.0	561176364.0	471813321.7	825942527.5
855000000.0	561610368.6	472119864.9	826897846.0
856000000.0	562044028.7	472426089.1	827853137.9
857000000.0	562477344.7	472731994.9	828808403.3
858000000.0	562910317.0	473037582.7	829763642.1
859000000.0	563342946.0	473342853.0	830718854.3
860000000.0	563775232.1	473647806.4	831674040.0
861000000.0	564207175.7	473952443.3	832629199.1
862000000.0	564638777.3	474256764.2	833584331.6
863000000.0	565070037.2	474560769.6	834539437.6
864000000.0	565500955.9	474864460.0	835494517.0
865000000.0	565931533.7	475167835.8	836449569.9
866000000.0	566361771.1	475470897.7	837404596.2
867000000.0	566791668.4	475773646.0	838359595.9
868000000.0	567221226.1	476076081.2	839314569.1
869000000.0	567650444.5	476378203.9	840269515.7
870000000.0	568079324.1	476680014.5	841224435.8
871000000.0	568507865.3	476981513.5	842179329.3
872000000.0	568936068.4	477282701.4	843134196.3
873000000.0	569363933.9	477583578.6	844089036.7
874000000.0	569791462.2	477884145.7	845043850.6
875000000.0	570218653.6	478184403.1	845998637.9
876000000.0	570645508.6	478484351.3	846953398.7
877000000.0	571072027.5	478783990.7	847908133.0
878000000.0	571498210.8	479083322.0	848862840.6
879000000.0	571924058.9	479382345.4	849817521.8
880000000.0	572349572.1	479681061.6	850772176.4
881000000.0	572774750.8	479979471.0	851726804.5
882000000.0	573199595.5	480277573.9	852681406.0
883000000.0	573624106.5	480575371.1	853635981.0
884000000.0	574048284.2	480872862.8	854590529.4
885000000.0	574472129.0	481170049.5	855545051.3
886000000.0	574895641.4	481466931.9	856499546.7
887000000.0	575318821.6	481763510.2	857454015.6
888000000.0	575741670.2	482059784.9	858408457.9
889000000.0	576164187.4	482355756.6	859362873.7
890000000.0	576586373.6	482651425.7	860317262.9
891000000.0	577008229.4	482946792.7	861271625.6
892000000.0	577429754.9	483241858.0	862225961.8
893000000.0	577850950.7	483536622.0	863180271.5
894000000.0	578271817.1	483831085.3	864134554.6
895000000.0	578692354.6	484125248.4	865088811.2
896000000.0	579112563.4	484419111.5	866043041.3
897000000.0	579532444.0	484712675.4	866997244.9
898000000.0	579951996.7	485005940.2	867951421.9
899000000.0	580371222.0	485298906.7	868905572.5
900000000.0	580790120.2	485591575.1	869859696.5
901000000.0	581208691.7	485883946.0	870813794.0
902000000.0	581626936.9	486176019.7	871767865.0
903000000.0	582044856.2	486467796.9	872721909.4
904000000.0	582462449.9	486759277.8	873675927.4
905000000.0	582879718.5	487050463.0	874629918.8
906000000.0	583296662.3	487341352.9	875583883.7
907000000.0	583713281.7	487631947.9	876537822.1
908000000.0	584129577.0	487922248.6	877491734.1
909000000.0	584545548.7	488212255.3	878445619.5
910000000.0	584961197.1	488501968.5	879399478.3
911000000.0	585376522.6	488791388.7	880353310.7
912000000.0	585791525.6	489080516.2	881307116.6
913000000.0	586206206.4	489369351.6	882260896.0
914000000.0	586620565.5	489657895.2	883214648.9
915000000.0	587034603.2	489946147.6	884168375.2
916000000.0	587448319.9	490234109.1	885122075.1
917000000.0	587861715.9	490521780.2	886075748.5
918000000.0	588274791.6	490809161.3	887029395.4
919000000.0	588687547.4	491096253.0	887983015.7
920000000.0	589099983.7	491383055.5	888936609.6
921000000.0	589512100.8	491669569.4	889890177.0
922000000.0	589923899.1	491955795.0	890843717.9
923000000.0	590335379.1	492241732.9	891797232.3
924000000.0	590746540.9	492527383.5	892750720.2
925000000.0	591157385.1	492812747.1	893704181.7
926000000.0	591567911.9	493097824.2	894657616.6
927000000.0	591978121.8	493382615.3	895611025.0
928000000.0	592388015.2	493667120.8	896564407.0
929000000.0	592797592.3	493951341.1	897517762.5
930000000.0	593206853.5	494235276.6	898471091.5
931000000.0	593615799.3	494518927.8	899424394.0
932000000.0	594024429.9	494802295.0	900377670.0
933000000.0	594432745.8	495085378.8	901330919.6
934000000.0	594840747.3	495368179.6	902284142.7
935000000.0	595248434.8	495650697.7	903237339.3
936000000.0	595655808.6	495932933.6	904190509.4
937000000.0	596062869.1	496214887.7	905143653.0
938000000.0	596469616.6	496496560.4	906096770.2
939000000.0	596876051.6	496777952.2	907049860.9
940000000.0	597282174.3	497059063.5	908002925.1
941000000.0	597687985.2	497339894.7	908955962.9
942000000.0	598093484.6	497620446.2	909908974.1
943000000.0	598498672.8	497900718.4	910861959.0
944000000.0	598903550.3	498180711.8	911814917.3
945000000.0	599308117.3	498460426.7	912767849.2
946000000.0	599712374.2	498739863.6	913720754.6
947000000.0	600116321.4	499019022.9	914673633.6
948000000.0	600519959.3	499297905.1	915626486.0
949000000.0	600923288.1	499576510.4	916579312.1
950000000.0	601326308.3	499854839.4	917532111.6
951000000.0	601729020.2	500132892.4	918484884.7
952000000.0	602131424.2	500410669.9	919437631.4
953000000.0	602533520.5	500688172.3	920390351.6
954000000.0	602935309.7	500965399.9	921343045.3
955000000.0	603336791.9	501242353.2	922295712.6
956000000.0	603737967.6	501519032.6	923248353.4
957000000.0	604138837.1	501795438.5	924200967.8
958000000.0	604539400.8	502071571.2	925153555.7
959000000.0	604939659.0	502347431.3	926106117.2
960000000.0	605339612.1	502623019.1	927058652.2
961000000.0	605739260.3	502898335.0	928011160.8
962000000.0	606138604.2	503173379.5	928963643.0
963000000.0	606537643.9	503448152.8	929916098.6
964000000.0	606936380.0	503722655.4	930868527.9
965000000.0	607334812.6	503996887.8	931820930.7
966000000.0	607732942.1	504270850.3	932773307.1
967000000.0	608130769.0	504544543.3	933725657.0
968000000.0	608528293.5	504817967.2	934677980.4
969000000.0	608925516.0	505091122.4	935630277.5
970000000.0	609322436.8	505364009.3	936582548.1
971000000.0	609719056.3	505636628.3	937534792.3
972000000.0	610115374.8	505908979.8	938487010.0
973000000.0	610511392.7	506181064.2	939439201.3
974000000.0	610907110.2	506452881.9	940391366.1
975000000.0	611302527.8	506724433.2	941343504.6
976000000.0	611697645.8	506995718.6	942295616.6
977000000.0	612092464.5	507266738.5	943247702.2
978000000.0	612486984.3	507537493.2	944199761.3
979000000.0	612881205.5	507807983.1	945151794.0
980000000.0	613275128.4	508078208.7	946103800.3
981000000.0	613668753.4	508348170.2	947055780.2
982000000.0	614062080.9	508617868.2	948007733.6
983000000.0	614455111.0	508887302.9	948959660.7
984000000.0	614847844.3	509156474.8	949911561.3
985000000.0	615240281.0	509425384.3	950863435.4
986000000.0	615632421.4	509694031.6	951815283.2
987000000.0	616024266.0	509962417.3	952767104.5
988000000.0	616415815.0	510230541.7	953718899.5
989000000.0	616807068.8	510498405.2	954670668.0
990000000.0	617198027.6	510766008.1	955622410.1
991000000.0	617588691.9	511033350.9	956574125.8
992000000.0	617979062.0	511300433.9	957525815.0
993000000.0	618369138.2	511567257.5	958477477.9
994000000.0	618758920.8	511833822.1	959429114.4
995000000.0	619148410.1	512100128.0	960380724.4
996000000.0	619537606.6	512366175.7	961332308.0
997000000.0	619926510.5	512631965.4	962283865.3
998000000.0	620315122.1	512897497.7	963235396.1
999000000.0	620703441.8	513162772.8	964186900.5
1000000000.0	621091469.9	513427791.1	965138378.5
1001000000.0	621479206.8	513692553.0	966089830.2
1002000000.0	621866652.8	513957058.9	967041255.4
1003000000.0	622253808.1	514221309.2	967992654.2
1004000000.0	622640673.2	514485304.1	968944026.6
1005000000.0	623027248.3	514749044.2	969895372.6
1006000000.0	623413533.8	515012529.7	970846692.3
1007000000.0	623799529.9	515275761.0	971797985.5
1008000000.0	624185237.1	515538738.5	972749252.3
1009000000.0	624570655.7	515801462.6	973700492.8
1010000000.0	624955785.9	516063933.6	974651706.8
1011000000.0	625340628.2	516326151.8	975602894.5
1012000000.0	625725182.7	516588117.8	976554055.8
1013000000.0	626109449.9	516849831.7	977505190.7
1014000000.0	626493430.1	517111294.0	978456299.2
1015000000.0	626877123.5	517372505.1	979407381.3
1016000000.0	627260530.6	517633465.3	980358437.0
1017000000.0	627643651.5	517894174.9	981309466.4
1018000000.0	628026486.8	518154634.4	982260469.3
1019000000.0	628409036.6	518414844.1	983211445.9
1020000000.0	628791301.2	518674804.3	984162396.1
1021000000.0	629173281.1	518934515.4	985113320.0
1022000000.0	629554976.5	519193977.8	986064217.4
1023000000.0	629936387.8	519453191.8	987015088.5
1024000000.0	630317515.2	519712157.7	987965933.2
1025000000.0	630698359.1	519970876.0	988916751.5
1026000000.0	631078919.7	520229347.0	989867543.5
1027000000.0	631459197.5	520487571.1	990818309.0
1028000000.0	631839192.7	520745548.5	991769048.3
1029000000.0	632218905.6	521003279.7	992719761.1
1030000000.0	632598336.6	521260765.0	993670447.6
1031000000.0	632977486.0	521518004.7	994621107.7
1032000000.0	633356354.0	521774999.3	995571741.4
1033000000.0	633734941.0	522031749.0	996522348.8
1034000000.0	634113247.3	522288254.2	997472929.8
1035000000.0	634491273.3	522544515.2	998423484.4
1036000000.0	634869019.1	522800532.5	999374012.7
1037000000.0	635246485.2	523056306.3	1000324514.7
1038000000.0	635623671.9	523311837.0	1001274990.2
1039000000.0	636000579.4	523567125.0	1002225439.4
1040000000.0	636377208.1	523822170.5	1003175862.3
1041000000.0	636753558.3	524076974.0	1004126258.8
1042000000.0	637129630.2	524331535.8	1005076628.9
1043000000.0	637505424.3	524585856.2	1006026972.7
1044000000.0	637880940.7	524839935.5	1006977290.1
1045000000.0	638256179.9	525093774.2	1007927581.2
1046000000.0	638631142.0	525347372.5	1008877846.0
1047000000.0	639005827.6	525600730.8	1009828084.4
1048000000.0	639380236.7	525853849.5	1010778296.4
1049000000.0	639754369.8	526106728.8	1011728482.1
1050000000.0	640128227.1	526359369.1	1012678641.4
1051000000.0	640501808.9	526611770.8	1013628774.4
1052000000.0	640875115.6	526863934.2	1014578881.1
1053000000.0	641248147.5	527115859.6	1015528961.4
1054000000.0	641620904.8	527367547.3	1016479015.4
1055000000.0	641993387.9	527618997.8	1017429043.0
1056000000.0	642365597.1	527870211.3	1018379044.3
1057000000.0	642737532.6	528121188.1	1019329019.3
1058000000.0	643109194.8	528371928.7	1020278967.9
1059000000.0	643480583.9	528622433.3	1021228890.2
1060000000.0	643851700.3	528872702.3	1022178786.1
1061000000.0	644222544.3	529122736.0	1023128655.8
1062000000.0	644593116.2	529372534.7	1024078499.1
1063000000.0	644963416.2	529622098.8	1025028316.0
1064000000.0	645333444.7	529871428.6	1025978106.7
1065000000.0	645703202.0	530120524.4	1026927871.0
1066000000.0	646072688.3	530369386.5	1027877608.9
1067000000.0	646441904.0	530618015.4	1028827320.6
1068000000.0	646810849.4	530866411.2	1029777005.9
1069000000.0	647179524.7	531114574.4	1030726664.9
1070000000.0	647547930.2	531362505.3	1031676297.6
1071000000.0	647916066.3	531610204.2	1032625903.9
1072000000.0	648283933.3	531857671.3	1033575484.0
1073000000.0	648651531.4	532104907.2	1034525037.7
1074000000.0	649018860.9	532351911.9	1035474565.1
1075000000.0	649385922.2	532598686.0	1036424066.2
1076000000.0	649752715.4	532845229.7	1037373540.9
1077000000.0	650119241.0	533091543.3	1038322989.4
1078000000.0	650485499.2	533337627.2	1039272411.5
1079000000.0	650851490.3	533583481.7	1040221807.4
1080000000.0	651217214.6	533829107.1	1041171176.9
1081000000.0	651582672.4	534074503.7	1042120520.1
1082000000.0	651947864.0	534319671.8	1043069837.0
1083000000.0	652312789.6	534564611.8	1044019127.6
1084000000.0	652677449.6	534809324.0	1044968391.8
1085000000.0	653041844.2	535053808.6	1045917629.8
1086000000.0	653405973.7	535298066.1	1046866841.5
1087000000.0	653769838.5	535542096.7	1047816026.8
1088000000.0	654133438.8	535785900.8	1048765185.9
1089000000.0	654496774.9	536029478.6	1049714318.7
1090000000.0	654859847.1	536272830.5	1050663425.1
1091000000.0	655222655.7	536515956.8	1051612505.3
1092000000.0	655585200.9	536758857.7	1052561559.2
1093000000.0	655947483.1	537001533.7	1053510586.8
1094000000.0	656309502.5	537243985.1	1054459588.0
1095000000.0	656671259.5	537486212.0	1055408563.0
1096000000.0	657032754.2	537728215.0	1056357511.7
1097000000.0	657393987.1	537969994.1	1057306434.1
1098000000.0	657754958.3	538211549.9	1058255330.2
1099000000.0	658115668.2	538452882.5	1059204200.0
1100000000.0	658476117.0	538693992.4	1060153043.6
1101000000.0	658836305.1	538934879.7	1061101860.8
1102000000.0	659196232.7	539175544.9	1062050651.8
1103000000.0	659555900.1	539415988.1	1062999416.4
1104000000.0	659915307.5	539656209.8	1063948154.8
1105000000.0	660274455.3	539896210.2	1064896866.9
1106000000.0	660633343.8	540135989.6	1065845552.7
1107000000.0	660991973.1	540375548.4	1066794212.3
1108000000.0	661350343.7	540614886.9	1067742845.5
1109000000.0	661708455.7	540854005.2	1068691452.5
1110000000.0	662066309.5	541092903.9	1069640033.2
1111000000.0	662423905.4	541331583.0	1070588587.7
1112000000.0	662781243.6	541570043.1	1071537115.8
1113000000.0	663138324.3	541808284.3	1072485617.7
1114000000.0	663495148.0	542046306.9	1073434093.3
1115000000.0	663851714.8	542284111.3	1074382542.6
1116000000.0	664208025.0	542521697.8	1075330965.7
1117000000.0	664564078.9	542759066.6	1076279362.5
1118000000.0	664919876.8	542996218.1	1077227733.0
1119000000.0	665275419.0	543233152.6	1078176077.3
1120000000.0	665630705.7	543469870.3	1079124395.3
1121000000.0	665985737.2	543706371.5	1080072687.0
1122000000.0	666340513.8	543942656.6	1081020952.5
1123000000.0	666695035.8	544178725.9	1081969191.7
1124000000.0	667049303.3	544414579.6	1082917404.7
1125000000.0	667403316.8	544650218.0	1083865591.4
1126000000.0	667757076.5	544885641.4	1084813751.8
1127000000.0	668110582.7	545120850.2	1085761885.9
1128000000.0	668463835.5	545355844.6	1086709993.9
1129000000.0	668816835.4	545590624.9	1087658075.5
1130000000.0	669169582.5	545825191.4	1088606130.9
1131000000.0	669522077.2	546059544.4	1089554160.1
1132000000.0	669874319.6	546293684.2	1090502163.0
1133000000.0	670226310.2	546527611.1	1091450139.6
1134000000.0	670578049.1	546761325.3	1092398090.0
1135000000.0	670929536.6	546994827.2	1093346014.2
1136000000.0	671280773.1	547228117.1	1094293912.1
1137000000.0	671631758.7	547461195.2	1095241783.7
1138000000.0	671982493.7	547694061.8	1096189629.1
1139000000.0	672332978.4	547926717.2	1097137448.3
1140000000.0	672683213.1	548159161.7	1098085241.2
1141000000.0	673033198.0	548391395.6	1099033007.9
1142000000.0	673382933.4	548623419.2	1099980748.3
1143000000.0	673732419.6	548855232.7	1100928462.5
1144000000.0	674081656.8	549086836.5	1101876150.5
1145000000.0	674430645.3	549318230.8	1102823812.2
1146000000.0	674779385.4	549549415.9	1103771447.7
1147000000.0	675127877.3	549780392.1	1104719056.9
1148000000.0	675476121.3	550011159.7	1105666640.0
1149000000.0	675824117.6	550241718.9	1106614196.7
1150000000.0	676171866.6	550472070.1	1107561727.3
1151000000.0	676519368.5	550702213.5	1108509231.6
1152000000.0	676866623.5	550932149.5	1109456709.7
1153000000.0	677213631.9	551161878.2	1110404161.6
1154000000.0	677560394.0	551391399.9	1111351587.2
1155000000.0	677906910.0	551620715.0	1112298986.6
1156000000.0	678253180.3	551849823.8	1113246359.8
1157000000.0	678599205.0	552078726.4	1114193706.8
1158000000.0	678944984.4	552307423.3	1115141027.5
1159000000.0	679290518.8	552535914.5	1116088322.0
1160000000.0	679635808.5	552764200.6	1117035590.3
1161000000.0	679980853.6	552992281.6	1117982832.4
1162000000.0	680325654.5	553220157.9	1118930048.2
1163000000.0	680670211.5	553447829.8	1119877237.9
1164000000.0	681014524.7	553675297.5	1120824401.3
1165000000.0	681358594.4	553902561.4	1121771538.5
1166000000.0	681702421.0	554129621.6	1122718649.5
1167000000.0	682046004.6	554356478.5	1123665734.3
1168000000.0	682389345.5	554583132.3	1124612792.9
1169000000.0	682732444.0	554809583.3	1125559825.2
1170000000.0	683075300.3	555035831.8	1126506831.4
1171000000.0	683417914.7	555261878.1	1127453811.3
1172000000.0	683760287.4	555487722.3	1128400765.1
1173000000.0	684102418.8	555713364.9	1129347692.6
1174000000.0	684444309.0	555938806.0	1130294593.9
1175000000.0	684785958.2	556164046.0	1131241469.0
1176000000.0	685127366.9	556389085.1	1132188318.0
1177000000.0	685468535.1	556613923.5	1133135140.7
1178000000.0	685809463.2	556838561.5	1134081937.2
1179000000.0	686150151.5	557062999.5	1135028707.5
1180000000.0	686490600.1	557287237.7	1135975451.6
1181000000.0	686830809.3	557511276.3	1136922169.6
1182000000.0	687170779.5	557735115.5	1137868861.3
1183000000.0	687510510.7	557958755.8	1138815526.8
1184000000.0	687850003.3	558182197.3	1139762166.2
1185000000.0	688189257.6	558405440.3	1140708779.3
1186000000.0	688528273.7	558628485.1	1141655366.3
1187000000.0	688867052.0	558851331.9	1142601927.1
1188000000.0	689205592.7	559073981.0	1143548461.6
1189000000.0	689543896.0	559296432.6	1144494970.0
1190000000.0	689881962.2	559518687.1	1145441452.2
1191000000.0	690219791.5	559740744.6	1146387908.2
1192000000.0	690557384.2	559962605.5	1147334338.1
1193000000.0	690894740.5	560184270.0	1148280741.7
1194000000.0	691231860.7	560405738.4	1149227119.2
1195000000.0	691568745.1	560627010.9	1150173470.5
1196000000.0	691905393.8	560848087.8	1151119795.6
1197000000.0	692241807.1	561068969.3	1152066094.5
1198000000.0	692577985.3	561289655.7	1153012367.3
1199000000.0	692913928.6	561510147.3	1153958613.9
1200000000.0	693249637.3	561730444.3	1154904834.3
1201000000.0	693585111.6	561950547.0	1155851028.5
1202000000.0	693920351.7	562170455.6	1156797196.5
1203000000.0	694255358.0	562390170.4	1157743338.4
1204000000.0	694590130.5	562609691.7	1158689454.1
1205000000.0	694924669.7	562829019.6	1159635543.7
1206000000.0	695258975.7	563048154.5	1160581607.0
1207000000.0	695593048.7	563267096.6	1161527644.2
1208000000.0	695926889.1	563485846.2	1162473655.3
1209000000.0	696260497.1	563704403.6	1163419640.1
1210000000.0	696593872.8	563922768.8	1164365598.8
1211000000.0	696927016.6	564140942.4	1165311531.4
1212000000.0	697259928.7	564358924.4	1166257437.8
1213000000.0	697592609.3	564576715.1	1167203318.0
1214000000.0	697925058.7	564794314.8	1168149172.1
1215000000.0	698257277.0	565011723.7	1169095000.0
1216000000.0	698589264.7	565228942.2	1170040801.7
1217000000.0	698921021.8	565445970.3	1170986577.3
1218000000.0	699252548.7	565662808.5	1171932326.7
1219000000.0	699583845.5	565879456.9	1172878050.0
1220000000.0	699914912.5	566095915.8	1173823747.1
1221000000.0	700245750.0	566312185.4	1174769418.1
1222000000.0	700576358.2	566528266.0	1175715062.9
1223000000.0	700906737.3	566744157.8	1176660681.6
1224000000.0	701236887.6	566959861.1	1177606274.1
1225000000.0	701566809.3	567175376.1	1178551840.5
1226000000.0	701896502.6	567390703.1	1179497380.7
1227000000.0	702225967.8	567605842.3	1180442894.8
1228000000.0	702555205.1	567820793.9	1181388382.8
1229000000.0	702884214.8	568035558.3	1182333844.6
1230000000.0	703212997.0	568250135.6	1183279280.2
1231000000.0	703541552.1	568464526.1	1184224689.8
1232000000.0	703869880.2	568678730.1	1185170073.1
1233000000.0	704197981.6	568892747.7	1186115430.4
1234000000.0	704525856.6	569106579.3	1187060761.5
1235000000.0	704853505.3	569320225.0	1188006066.4
1236000000.0	705180928.0	569533685.1	1188951345.3
1237000000.0	705508124.9	569746959.9	1189896598.0
1238000000.0	705835096.3	569960049.6	1190841824.5
1239000000.0	706161842.4	570172954.4	1191787025.0
1240000000.0	706488363.4	570385674.6	1192732199.3
1241000000.0	706814659.6	570598210.5	1193677347.4
1242000000.0	707140731.2	570810562.1	1194622469.5
1243000000.0	707466578.4	571022729.9	1195567565.4
1244000000.0	707792201.4	571234714.0	1196512635.2
1245000000.0	708117600.6	571446514.6	1197457678.9
1246000000.0	708442776.0	571658132.1	1198402696.4
1247000000.0	708767728.0	571869566.6	1199347687.8
1248000000.0	709092456.8	572080818.4	1200292653.1
1249000000.0	709416962.6	572291887.7	1201237592.3
1250000000.0	709741245.6	572502774.8	1202182505.4
1251000000.0	710065306.2	572713479.9	1203127392.3
1252000000.0	710389144.4	572924003.2	1204072253.1
1253000000.0	710712760.5	573134345.0	1205017087.8
1254000000.0	711036154.8	573344505.4	1205961896.4
1255000000.0	711359327.4	573554484.8	1206906678.9
1256000000.0	711682278.7	573764283.4	1207851435.3
1257000000.0	712005008.8	573973901.4	1208796165.5
1258000000.0	712327518.0	574183339.0	1209740869.7
1259000000.0	712649806.5	574392596.4	1210685547.7
1260000000.0	712971874.5	574601674.0	1211630199.6
1261000000.0	713293722.2	574810571.9	1212574825.5
1262000000.0	713615349.9	575019290.3	1213519425.2
1263000000.0	713936757.8	575227829.6	1214463998.8
1264000000.0	714257946.1	575436189.9	1215408546.3
1265000000.0	714578915.1	575644371.4	1216353067.7
1266000000.0	714899664.9	575852374.4	1217297563.0
1267000000.0	715220195.8	576060199.1	1218242032.2
1268000000.0	715540508.1	576267845.8	1219186475.3
1269000000.0	715860601.9	576475314.6	1220130892.3
1270000000.0	716180477.4	576682605.9	1221075283.2
1271000000.0	716500134.9	576889719.7	1222019648.0
1272000000.0	716819574.7	577096656.4	1222963986.7
1273000000.0	717138796.9	577303416.2	1223908299.4
1274000000.0	717457801.7	577509999.4	1224852585.9
1275000000.0	717776589.5	577716406.0	1225796846.3
1276000000.0	718095160.3	577922636.4	1226741080.7
1277000000.0	718413514.4	578128690.8	1227685289.0
1278000000.0	718731652.1	578334569.4	1228629471.1
1279000000.0	719049573.6	578540272.5	1229573627.2
1280000000.0	719367279.0	578745800.2	1230517757.2
1281000000.0	719684768.6	578951152.8	1231461861.1
1282000000.0	720002042.7	579156330.5	1232405939.0
1283000000.0	720319101.4	579361333.5	1233349990.7
1284000000.0	720635945.0	579566162.1	1234294016.4
1285000000.0	720952573.6	579770816.5	1235238016.0
1286000000.0	721268987.5	579975296.9	1236181989.5
1287000000.0	721585187.0	580179603.5	1237125936.9
1288000000.0	721901172.2	580383736.6	1238069858.3
1289000000.0	722216943.3	580587696.3	1239013753.5
1290000000.0	722532500.7	580791482.9	1239957622.7
1291000000.0	722847844.4	580995096.6	1240901465.9
1292000000.0	723162974.7	581198537.6	1241845282.9
1293000000.0	723477891.8	581401806.2	1242789073.9
1294000000.0	723792596.0	581604902.5	1243732838.8
1295000000.0	724107087.4	581807826.9	1244676577.7
1296000000.0	724421366.3	582010579.4	1245620290.5
1297000000.0	724735432.9	582213160.3	1246563977.2
1298000000.0	725049287.4	582415569.9	1247507637.8
1299000000.0	725362930.0	582617808.4	1248451272.4
1300000000.0	725676360.9	582819875.9	1249394880.9
1301000000.0	725989580.3	583021772.7	1250338463.4
1302000000.0	726302588.6	583223499.0	1251282019.8
1303000000.0	726615385.8	583425055.1	1252225550.1
1304000000.0	726927972.1	583626441.0	1253169054.4
1305000000.0	727240347.9	583827657.2	1254112532.6
1306000000.0	727552513.3	584028703.7	1255055984.8
1307000000.0	727864468.5	584229580.7	1255999410.9
1308000000.0	728176213.7	584430288.6	1256942810.9
1309000000.0	728487749.2	584630827.5	1257886184.9
1310000000.0	728799075.2	584831197.6	1258829532.9
1311000000.0	729110191.8	585031399.2	1259772854.8
1312000000.0	729421099.3	585231432.3	1260716150.6
1313000000.0	729731797.9	585431297.4	1261659420.4
1314000000.0	730042287.7	585630994.5	1262602664.1
1315000000.0	730352569.1	585830523.9	1263545881.8
1316000000.0	730662642.3	586029885.8	1264489073.5
1317000000.0	730972507.3	586229080.4	1265432239.1
1318000000.0	731282164.5	586428108.0	1266375378.7
1319000000.0	731591614.0	586626968.6	1267318492.2
1320000000.0	731900856.1	586825662.6	1268261579.7
1321000000.0	732209891.0	587024190.2	1269204641.1
1322000000.0	732518718.8	587222551.5	1270147676.5
1323000000.0	732827339.9	587420746.7	1271090685.9
1324000000.0	733135754.3	587618776.1	1272033669.2
1325000000.0	733443962.3	587816640.0	1272976626.5
1326000000.0	733751964.1	588014338.4	1273919557.8
1327000000.0	734059759.9	588211871.6	1274862463.0
1328000000.0	734367350.0	588409239.8	1275805342.2
1329000000.0	734674734.5	588606443.2	1276748195.4
1330000000.0	734981913.6	588803482.0	1277691022.5
1331000000.0	735288887.5	589000356.4	1278633823.6
1332000000.0	735595656.5	589197066.7	1279576598.7
1333000000.0	735902220.8	589393613.0	1280519347.7
1334000000.0	736208580.4	589589995.6	1281462070.8
1335000000.0	736514735.8	589786214.5	1282404767.8
1336000000.0	736820687.0	589982270.2	1283347438.7
1337000000.0	737126434.3	590178162.7	1284290083.7
1338000000.0	737431977.8	590373892.2	1285232702.6
1339000000.0	737737317.8	590569459.0	1286175295.5
1340000000.0	738042454.5	590764863.3	1287117862.4
1341000000.0	738347388.1	590960105.2	1288060403.3
1342000000.0	738652118.7	591155185.0	1289002918.2
1343000000.0	738956646.7	591350102.8	1289945407.0
1344000000.0	739260972.1	591544858.9	1290887869.8
1345000000.0	739565095.2	591739453.5	1291830306.7
1346000000.0	739869016.2	591933886.8	1292772717.5
1347000000.0	740172735.3	592128158.9	1293715102.3
1348000000.0	740476252.7	592322270.1	1294657461.0
1349000000.0	740779568.6	592516220.6	1295599793.8
1350000000.0	741082683.2	592710010.6	1296542100.6
1351000000.0	741385596.6	592903640.2	1297484381.3
1352000000.0	741688309.2	593097109.7	1298426636.1
1353000000.0	741990821.1	593290419.2	1299368864.8
1354000000.0	742293132.4	593483569.0	1300311067.6
1355000000.0	742595243.5	593676559.3	1301253244.3
1356000000.0	742897154.4	593869390.3	1302195395.1
1357000000.0	743198865.4	594062062.1	1303137519.8
1358000000.0	743500376.8	594254574.9	1304079618.6
1359000000.0	743801688.6	594446929.0	1305021691.3
1360000000.0	744102801.1	594639124.6	1305963738.1
1361000000.0	744403714.5	594831161.8	1306905758.8
1362000000.0	744704428.9	595023040.9	1307847753.6
1363000000.0	745004944.7	595214761.9	1308789722.3
1364000000.0	745305261.9	595406325.3	1309731665.1
1365000000.0	745605380.8	595597731.0	1310673581.9
1366000000.0	745905301.5	595788979.3	1311615472.7
1367000000.0	746205024.3	595980070.5	1312557337.5
1368000000.0	746504549.4	596171004.7	1313499176.3
1369000000.0	746803877.0	596361782.1	1314440989.1
1370000000.0	747103007.1	596552402.9	1315382776.0
1371000000.0	747401940.2	596742867.2	1316324536.8
1372000000.0	747700676.3	596933175.4	1317266271.7
1373000000.0	747999215.6	597123327.5	1318207980.6
1374000000.0	748297558.3	597313323.8	1319149663.5
1375000000.0	748595704.7	597503164.4	1320091320.5
1376000000.0	748893654.9	597692849.6	1321032951.4
1377000000.0	749191409.1	597882379.5	1321974556.4
1378000000.0	749488967.5	598071754.3	1322916135.4
1379000000.0	749786330.3	598260974.3	1323857688.4
1380000000.0	750083497.6	598450039.5	1324799215.5
1381000000.0	750380469.8	598638950.3	1325740716.5
1382000000.0	750677247.0	598827706.8	1326682191.6
1383000000.0	750973829.3	599016309.1	1327623640.8
1384000000.0	751270217.0	599204757.5	1328565063.9
1385000000.0	751566410.2	599393052.1	1329506461.1
1386000000.0	751862409.2	599581193.2	1330447832.4
1387000000.0	752158214.1	599769180.9	1331389177.6
1388000000.0	752453825.1	599957015.5	1332330496.9
1389000000.0	752749242.4	600144697.0	1333271790.2
1390000000.0	753044466.3	600332225.7	1334213057.6
1391000000.0	753339496.8	600519601.8	1335154299.0
1392000000.0	753634334.2	600706825.5	1336095514.4
1393000000.0	753928978.7	600893896.9	1337036703.9
1394000000.0	754223430.5	601080816.2	1337977867.4
1395000000.0	754517689.7	601267583.7	1338919005.0
1396000000.0	754811756.6	601454199.5	1339860116.6
1397000000.0	755105631.3	601640663.7	1340801202.3
1398000000.0	755399314.0	601826976.7	1341742262.0
1399000000.0	755692804.9	602013138.5	1342683295.7
1400000000.0	755986104.2	602199149.3	1343624303.5
1401000000.0	756279212.1	602385009.4	1344565285.3
1402000000.0	756572128.8	602570718.8	1345506241.2
1403000000.0	756864854.4	602756277.9	1346447171.2
1404000000.0	757157389.1	602941686.8	1347388075.2
1405000000.0	757449733.2	603126945.5	1348328953.2
1406000000.0	757741886.8	603312054.5	1349269805.3
1407000000.0	758033850.1	603497013.7	1350210631.5
1408000000.0	758325623.3	603681823.5	1351151431.7
1409000000.0	758617206.6	603866484.0	1352092206.0
1410000000.0	758908600.1	604050995.3	1353032954.3
1411000000.0	759199804.1	604235357.6	1353973676.7
1412000000.0	759490818.7	604419571.2	1354914373.1
1413000000.0	759781644.1	604603636.2	1355855043.6
1414000000.0	760072280.5	604787552.8	1356795688.2
1415000000.0	760362728.1	604971321.1	1357736306.8
1416000000.0	760652987.1	605154941.4	1358676899.6
1417000000.0	760943057.6	605338413.8	1359617466.3
1418000000.0	761232939.8	605521738.5	1360558007.2
1419000000.0	761522634.0	605704915.7	1361498522.1
1420000000.0	761812140.3	605887945.5	1362439011.0
1421000000.0	762101458.8	606070828.2	1363379474.1
1422000000.0	762390589.8	606253563.9	1364319911.2
1423000000.0	762679533.5	606436152.8	1365260322.4
1424000000.0	762968290.0	606618595.0	1366200707.7
1425000000.0	763256859.5	606800890.8	1367141067.0
1426000000.0	763545242.2	606983040.3	1368081400.4
1427000000.0	763833438.2	607165043.7	1369021707.9
1428000000.0	764121447.8	607346901.2	1369961989.5
1429000000.0	764409271.2	607528612.9	1370902245.2
1430000000.0	764696908.5	607710179.1	1371842474.9
1431000000.0	764984359.8	607891599.8	1372782678.7
1432000000.0	765271625.5	608072875.4	1373722856.6
1433000000.0	765558705.6	608254005.8	1374663008.6
1434000000.0	765845600.3	608434991.4	1375603134.7
1435000000.0	766132309.9	608615832.3	1376543234.8
1436000000.0	766418834.4	608796528.6	1377483309.1
1437000000.0	766705174.2	608977080.6	1378423357.4
1438000000.0	766991329.3	609157488.4	1379363379.8
1439000000.0	767277299.9	609337752.2	1380303376.3
1440000000.0	767563086.2	609517872.2	1381243346.9
1441000000.0	767848688.4	609697848.4	1382183291.6
1442000000.0	768134106.7	609877681.2	1383123210.4
1443000000.0	768419341.2	610057370.7	1384063103.3
1444000000.0	768704392.1	610236917.0	1385002970.3
1445000000.0	768989259.7	610416320.3	1385942811.4
1446000000.0	769273944.0	610595580.8	1386882626.6
1447000000.0	769558445.3	610774698.7	1387822415.8
1448000000.0	769842763.7	610953674.0	1388762179.2
1449000000.0	770126899.4	611132507.1	1389701916.7
1450000000.0	770410852.6	611311198.1	1390641628.3
1451000000.0	770694623.4	611489747.1	1391581314.0
1452000000.0	770978212.1	611668154.3	1392520973.8
1453000000.0	771261618.7	611846419.9	1393460607.7
1454000000.0	771544843.6	612024544.0	1394400215.7
1455000000.0	771827886.8	612202526.8	1395339797.8
1456000000.0	772110748.6	612380368.5	1396279354.0
1457000000.0	772393429.0	612558069.3	1397218884.3
1458000000.0	772675928.4	612735629.2	1398158388.8
1459000000.0	772958246.8	612913048.6	1399097867.3
1460000000.0	773240384.4	613090327.5	1400037320.0
1461000000.0	773522341.4	613267466.1	1400976746.8
1462000000.0	773804118.0	613444464.6	1401916147.7
1463000000.0	774085714.4	613621323.2	1402855522.7
1464000000.0	774367130.6	613798042.0	1403794871.9
1465000000.0	774648367.0	613974621.1	1404734195.1
1466000000.0	774929423.6	614151060.8	1405673492.5
1467000000.0	775210300.7	614327361.2	1406612764.0
1468000000.0	775490998.4	614503522.5	1407552009.6
1469000000.0	775771516.9	614679544.8	1408491229.4
1470000000.0	776051856.3	614855428.3	1409430423.3
1471000000.0	776332016.8	615031173.2	1410369591.3
1472000000.0	776611998.7	615206779.7	1411308733.4
1473000000.0	776891802.0	615382247.8	1412247849.6
1474000000.0	777171426.9	615557577.8	1413186940.0
1475000000.0	777450873.7	615732769.8	1414126004.5
1476000000.0	777730142.4	615907824.0	1415065043.2
1477000000.0	778009233.3	616082740.5	1416004056.0
1478000000.0	778288146.5	616257519.6	1416943042.9
1479000000.0	778566882.2	616432161.3	1417882003.9
1480000000.0	778845440.6	616606665.9	1418820939.1
1481000000.0	779123821.8	616781033.4	1419759848.4
1482000000.0	779402026.0	616955264.2	1420698731.9
1483000000.0	779680053.3	617129358.2	1421637589.5
1484000000.0	779957904.0	617303315.7	1422576421.2
1485000000.0	780235578.2	617477136.9	1423515227.1
1486000000.0	780513076.0	617650821.8	1424454007.1
1487000000.0	780790397.7	617824370.7	1425392761.3
1488000000.0	781067543.4	617997783.8	1426331489.6
1489000000.0	781344513.3	618171061.1	1427270192.0
1490000000.0	781621307.5	618344202.8	1428208868.6
1491000000.0	781897926.2	618517209.2	1429147519.4
1492000000.0	782174369.6	618690080.3	1430086144.3
1493000000.0	782450637.8	618862816.3	1431024743.3
1494000000.0	782726731.1	619035417.4	1431963316.5
1495000000.0	783002649.5	619207883.8	1432901863.9
1496000000.0	783278393.2	619380215.5	1433840385.4
1497000000.0	783553962.5	619552412.7	1434778881.1
1498000000.0	783829357.4	619724475.7	1435717350.9
1499000000.0	784104578.2	619896404.5	1436655794.9
1500000000.0	784379625.0	620068199.4	1437594213.0
1501000000.0	784654497.9	620239860.4	1438532605.3
1502000000.0	784929197.2	620411387.8	1439470971.7
1503000000.0	785203722.9	620582781.6	1440409312.3
1504000000.0	785478075.4	620754042.1	1441347627.1
1505000000.0	785752254.6	620925169.4	1442285916.1
1506000000.0	786026260.9	621096163.6	1443224179.2
1507000000.0	786300094.2	621267025.0	1444162416.4
1508000000.0	786573754.9	621437753.6	1445100627.9
1509000000.0	786847243.1	621608349.6	1446038813.5
1510000000.0	787120559.0	621778813.2	1446976973.2
1511000000.0	787393702.6	621949144.5	1447915107.2
1512000000.0	787666674.2	622119343.7	1448853215.3
1513000000.0	787939473.9	622289411.0	1449791297.6
1514000000.0	788212101.9	622459346.4	1450729354.0
1515000000.0	788484558.4	622629150.2	1451667384.7
1516000000.0	788756843.5	622798822.4	1452605389.5
1517000000.0	789028957.4	622968363.4	1453543368.5
1518000000.0	789300900.2	623137773.1	1454481321.6
1519000000.0	789572672.1	623307051.7	1455419249.0
1520000000.0	789844273.3	623476199.5	1456357150.5
1521000000.0	790115703.9	623645216.5	1457295026.2
1522000000.0	790386964.0	623814103.0	1458232876.1
1523000000.0	790658054.0	623982859.0	1459170700.2
1524000000.0	790928973.8	624151484.7	1460108498.4
1525000000.0	791199723.7	624319980.2	1461046270.8
1526000000.0	791470303.8	624488345.8	1461984017.5
1527000000.0	791740714.3	624656581.5	1462921738.3
1528000000.0	792010955.3	624824687.6	1463859433.3
1529000000.0	792281027.0	624992664.1	1464797102.5
1530000000.0	792550929.6	625160511.2	1465734745.9
1531000000.0	792820663.3	625328229.1	1466672363.4
1532000000.0	793090228.1	625495817.9	1467609955.2
1533000000.0	793359624.2	625663277.7	1468547521.2
1534000000.0	793628851.8	625830608.8	1469485061.3
1535000000.0	793897911.1	625997811.2	1470422575.7
1536000000.0	794166802.2	626164885.1	1471360064.2
1537000000.0	794435525.3	626331830.6	1472297527.0
1538000000.0	794704080.5	626498648.0	1473234963.9
1539000000.0	794972467.9	626665337.3	1474172375.1
1540000000.0	795240687.9	626831898.7	1475109760.4
1541000000.0	795508740.4	626998332.4	1476047120.0
1542000000.0	795776625.6	627164638.4	1476984453.7
1543000000.0	796044343.8	627330817.0	1477921761.7
1544000000.0	796311895.0	627496868.3	1478859043.8
1545000000.0	796579279.5	627662792.4	1479796300.2
1546000000.0	796846497.4	627828589.4	1480733530.8
1547000000.0	797113548.7	627994259.6	1481670735.6
1548000000.0	797380433.8	628159803.1	1482607914.6
1549000000.0	797647152.7	628325219.9	1483545067.8
1550000000.0	797913705.6	628490510.3	1484482195.3
1551000000.0	798180092.7	628655674.5	1485419296.9
1552000000.0	798446314.1	628820712.4	1486356372.8
1553000000.0	798712369.9	628985624.4	1487293422.8
1554000000.0	798978260.4	629150410.5	1488230447.1
1555000000.0	799243985.6	629315070.9	1489167445.6
1556000000.0	799509545.8	629479605.7	1490104418.4
1557000000.0	799774941.0	629644015.0	1491041365.3
1558000000.0	800040171.5	629808299.1	1491978286.5
1559000000.0	800305237.4	629972458.0	1492915181.9
1560000000.0	800570138.8	630136492.0	1493852051.5
1561000000.0	800834875.9	630300401.0	1494788895.3
1562000000.0	801099448.8	630464185.4	1495725713.4
1563000000.0	801363857.8	630627845.2	1496662505.7
1564000000.0	801628102.9	630791380.5	1497599272.2
1565000000.0	801892184.3	630954791.5	1498536013.0
1566000000.0	802156102.2	631118078.4	1499472727.9
1567000000.0	802419856.6	631281241.3	1500409417.2
1568000000.0	802683447.9	631444280.3	1501346080.6
1569000000.0	802946876.0	631607195.6	1502282718.3
1570000000.0	803210141.2	631769987.3	1503219330.2
1571000000.0	803473243.6	631932655.6	1504155916.4
1572000000.0	803736183.4	632095200.6	1505092476.7
1573000000.0	803998960.7	632257622.4	1506029011.4
1574000000.0	804261575.7	632419921.1	1506965520.2
1575000000.0	804524028.4	632582097.0	1507902003.3
1576000000.0	804786319.2	632744150.1	1508838460.7
1577000000.0	805048448.0	632906080.7	1509774892.3
1578000000.0	805310415.2	633067888.7	1510711298.1
1579000000.0	805572220.7	633229574.5	1511647678.2
1580000000.0	805833864.8	633391138.0	1512584032.5
1581000000.0	806095347.7	633552579.5	1513520361.1
1582000000.0	806356669.3	633713899.1	1514456663.9
1583000000.0	806617830.0	633875096.9	1515392940.9
1584000000.0	806878829.9	634036173.1	1516329192.3
1585000000.0	807139669.1	634197127.7	1517265417.8
1586000000.0	807400347.7	634357961.1	1518201617.6
1587000000.0	807660866.0	634518673.1	1519137791.7
1588000000.0	807921223.9	634679264.1	1520073940.0
1589000000.0	808181421.8	634839734.2	1521010062.6
1590000000.0	808441459.8	635000083.4	1521946159.5
1591000000.0	808701337.9	635160312.0	1522882230.6
1592000000.0	808961056.4	635320420.0	1523818275.9
1593000000.0	809220615.4	635480407.6	1524754295.5
1594000000.0	809480015.0	635640274.9	1525690289.4
1595000000.0	809739255.4	635800022.1	1526626257.5
1596000000.0	809998336.7	635959649.3	1527562199.9
1597000000.0	810257259.2	636119156.7	1528498116.6
1598000000.0	810516022.8	636278544.3	1529434007.5
1599000000.0	810774627.8	636437812.3	1530369872.7
1600000000.0	811033074.3	636596960.9	1531305712.2
1601000000.0	811291362.5	636755990.1	1532241525.9
1602000000.0	811549492.5	636914900.2	1533177313.9
1603000000.0	811807464.5	637073691.1	1534113076.2
1604000000.0	812065278.5	637232363.2	1535048812.7
1605000000.0	812322934.8	637390916.5	1535984523.6
1606000000.0	812580433.5	637549351.1	1536920208.7
1607000000.0	812837774.7	637707667.2	1537855868.0
1608000000.0	813094958.5	637865864.9	1538791501.7
1609000000.0	813351985.2	638023944.4	1539727109.6
1610000000.0	813608854.9	638181905.7	1540662691.8
1611000000.0	813865567.7	638339749.0	1541598248.3
1612000000.0	814122123.7	638497474.5	1542533779.0
1613000000.0	814378523.1	638655082.2	1543469284.1
1614000000.0	814634766.1	638812572.4	1544404763.4
1615000000.0	814890852.7	638969945.1	1545340217.0
1616000000.0	815146783.2	639127200.4	1546275644.9
1617000000.0	815402557.7	639284338.6	1547211047.1
1618000000.0	815658176.2	639441359.6	1548146423.5
1619000000.0	815913639.0	639598263.8	1549081774.3
1620000000.0	816168946.2	639755051.1	1550017099.3
1621000000.0	816424097.9	639911721.7	1550952398.6
1622000000.0	816679094.4	640068275.8	1551887672.3
1623000000.0	816933935.6	640224713.5	1552822920.2
1624000000.0	817188621.8	640381034.9	1553758142.4
1625000000.0	817443153.1	640537240.1	1554693338.9
1626000000.0	817697529.7	640693329.3	1555628509.7
1627000000.0	817951751.6	640849302.6	1556563654.8
1628000000.0	818205819.1	641005160.2	1557498774.2
1629000000.0	818459732.2	641160902.0	1558433867.9
1630000000.0	818713491.1	641316528.4	1559368935.9
1631000000.0	818967096.0	641472039.4	1560303978.2
1632000000.0	819220547.0	641627435.1	1561238994.8
1633000000.0	819473844.2	641782715.7	1562173985.7
1634000000.0	819726987.8	641937881.3	1563108950.9
1635000000.0	819979977.9	642092932.0	1564043890.4
1636000000.0	820232814.6	642247868.0	1564978804.2
1637000000.0	820485498.2	642402689.4	1565913692.3
1638000000.0	820738028.6	642557396.2	1566848554.8
1639000000.0	820990406.1	642711988.7	1567783391.5
1640000000.0	821242630.9	642866467.0	1568718202.6
1641000000.0	821494702.9	643020831.1	1569652987.9
1642000000.0	821746622.5	643175081.3	1570587747.6
1643000000.0	821998389.7	643329217.6	1571522481.6
1644000000.0	822250004.6	643483240.2	1572457189.9
1645000000.0	822501467.4	643637149.1	1573391872.6
1646000000.0	822752778.3	643790944.6	1574326529.5
1647000000.0	823003937.3	643944626.7	1575261160.8
1648000000.0	823254944.7	644098195.6	1576195766.4
1649000000.0	823505800.5	644251651.4	1577130346.3
1650000000.0	823756504.9	644404994.2	1578064900.5
1651000000.0	824007058.0	644558224.2	1578999429.0
1652000000.0	824257459.9	644711341.4	1579933931.9
1653000000.0	824507710.9	644864346.0	1580868409.1
1654000000.0	824757811.0	645017238.2	1581802860.6
1655000000.0	825007760.4	645170017.9	1582737286.5
1656000000.0	825257559.1	645322685.5	1583671686.7
1657000000.0	825507207.4	645475240.9	1584606061.2
1658000000.0	825756705.4	645627684.3	1585540410.0
1659000000.0	826006053.2	645780015.9	1586474733.2
1660000000.0	826255251.0	645932235.7	1587409030.7
1661000000.0	826504298.8	646084344.0	1588343302.5
1662000000.0	826753196.8	646236340.7	1589277548.7
1663000000.0	827001945.2	646388226.0	1590211769.2
1664000000.0	827250544.1	646540000.1	1591145964.1
1665000000.0	827498993.6	646691663.1	1592080133.3
1666000000.0	827747293.9	646843215.0	1593014276.8
1667000000.0	827995445.1	646994656.1	1593948394.7
1668000000.0	828243447.3	647145986.4	1594882486.9
1669000000.0	828491300.6	647297206.1	1595816553.4
1670000000.0	828739005.3	647448315.3	1596750594.3
1671000000.0	828986561.3	647599314.0	1597684609.5
1672000000.0	829233969.0	647750202.5	1598618599.1
1673000000.0	829481228.3	647900980.8	1599552563.1
1674000000.0	829728339.5	648051649.1	1600486501.3
1675000000.0	829975302.6	648202207.4	1601420414.0
1676000000.0	830222117.8	648352656.0	1602354301.0
1677000000.0	830468785.3	648502994.9	1603288162.3
1678000000.0	830715305.1	648653224.2	1604221998.0
1679000000.0	830961677.4	648803344.1	1605155808.0
1680000000.0	831207902.3	648953354.7	1606089592.4
1681000000.0	831453980.0	649103256.1	1607023351.1
1682000000.0	831699910.6	649253048.4	1607957084.2
1683000000.0	831945694.2	649402731.7	1608890791.7
1684000000.0	832191330.9	649552306.2	1609824473.5
1685000000.0	832436821.0	649701772.0	1610758129.7
1686000000.0	832682164.4	649851129.2	1611691760.3
1687000000.0	832927361.4	650000377.9	1612625365.2
1688000000.0	833172412.1	650149518.2	1613558944.4
1689000000.0	833417316.6	650298550.3	1614492498.1
1690000000.0	833662075.0	650447474.3	1615426026.1
1691000000.0	833906687.5	650596290.2	1616359528.4
1692000000.0	834151154.2	650744998.2	1617293005.1
1693000000.0	834395475.3	650893598.5	1618226456.2
1694000000.0	834639650.8	651042091.1	1619159881.7
1695000000.0	834883680.9	651190476.2	1620093281.6
1696000000.0	835127565.7	651338753.8	1621026655.8
1697000000.0	835371305.3	651486924.1	1621960004.3
1698000000.0	835614900.0	651634987.2	1622893327.3
1699000000.0	835858349.7	651782943.3	1623826624.6
1700000000.0	836101654.7	651930792.3	1624759896.4
1701000000.0	836344815.1	652078534.6	1625693142.4
1702000000.0	836587831.0	652226170.1	1626626362.9
1703000000.0	836830702.4	652373699.0	1627559557.8
1704000000.0	837073429.7	652521121.4	1628492727.0
1705000000.0	837316012.8	652668437.4	1629425870.6
1706000000.0	837558452.0	652815647.1	1630358988.6
1707000000.0	837800747.2	652962750.7	1631292081.0
1708000000.0	838042898.8	653109748.2	1632225147.7
1709000000.0	838284906.7	653256639.9	1633158188.9
1710000000.0	838526771.2	653403425.7	1634091204.4
1711000000.0	838768492.3	653550105.8	1635024194.3
1712000000.0	839010070.2	653696680.3	1635957158.6
1713000000.0	839251505.0	653843149.4	1636890097.3
1714000000.0	839492796.8	653989513.1	1637823010.4
1715000000.0	839733945.8	654135771.6	1638755897.9
1716000000.0	839974952.1	654281924.9	1639688759.8
1717000000.0	840215815.8	654427973.2	1640621596.1
1718000000.0	840456537.1	654573916.7	1641554406.7
1719000000.0	840697116.0	654719755.3	1642487191.8
1720000000.0	840937552.6	654865489.3	1643419951.3
1721000000.0	841177847.3	655011118.7	1644352685.1
1722000000.0	841417999.9	655156643.7	1645285393.4
1723000000.0	841658010.7	655302064.3	1646218076.0
1724000000.0	841897879.9	655447380.7	1647150733.1
1725000000.0	842137607.4	655592593.0	1648083364.6
1726000000.0	842377193.5	655737701.3	1649015970.5
1727000000.0	842616638.3	655882705.6	1649948550.7
1728000000.0	842855941.8	656027606.3	1650881105.4
1729000000.0	843095104.3	656172403.2	1651813634.5
1730000000.0	843334125.8	656317096.6	1652746138.0
1731000000.0	843573006.5	656461686.6	1653678615.9
1732000000.0	843811746.5	656606173.2	1654611068.3
1733000000.0	844050345.9	656750556.6	1655543495.0
1734000000.0	844288804.9	656894836.9	1656475896.1
1735000000.0	844527123.5	657039014.1	1657408271.7
1736000000.0	844765301.9	657183088.5	1658340621.7
1737000000.0	845003340.3	657327060.2	1659272946.1
1738000000.0	845241238.6	657470929.1	1660205244.9
1739000000.0	845478997.2	657614695.5	1661137518.1
1740000000.0	845716616.0	657758359.4	1662069765.8
1741000000.0	845954095.2	657901921.0	1663001987.8
1742000000.0	846191435.0	658045380.3	1663934184.3
1743000000.0	846428635.4	658188737.6	1664866355.2
1744000000.0	846665696.6	658331992.8	1665798500.6
1745000000.0	846902618.6	658475146.1	1666730620.3
1746000000.0	847139401.8	658618197.6	1667662714.5
1747000000.0	847376046.0	658761147.4	1668594783.2
1748000000.0	847612551.5	658903995.7	1669526826.2
1749000000.0	847848918.4	659046742.4	1670458843.7
1750000000.0	848085146.9	659189387.9	1671390835.6
1751000000.0	848321236.9	659331932.0	1672322801.9
1752000000.0	848557188.7	659474375.0	1673254742.7
1753000000.0	848793002.4	659616717.0	1674186657.9
1754000000.0	849028678.1	659758958.0	1675118547.5
1755000000.0	849264215.9	659901098.2	1676050411.6
1756000000.0	849499615.9	660043137.7	1676982250.1
1757000000.0	849734878.3	660185076.6	1677914063.1
1758000000.0	849970003.1	660326915.0	1678845850.4
1759000000.0	850204990.6	660468652.9	1679777612.3
1760000000.0	850439840.8	660610290.6	1680709348.5
1761000000.0	850674553.8	660751828.1	1681641059.3
1762000000.0	850909129.8	660893265.5	1682572744.4
1763000000.0	851143568.9	661034603.0	1683504404.0
1764000000.0	851377871.2	661175840.6	1684436038.1
1765000000.0	851612036.8	661316978.4	1685367646.5
1766000000.0	851846065.8	661458016.6	1686299229.5
1767000000.0	852079958.4	661598955.2	1687230786.9
1768000000.0	852313714.6	661739794.4	1688162318.7
1769000000.0	852547334.7	661880534.2	1689093825.0
1770000000.0	852780818.7	662021174.8	1690025305.7
1771000000.0	853014166.7	662161716.3	1690956760.9
1772000000.0	853247378.9	662302158.7	1691888190.6
1773000000.0	853480455.3	662442502.2	1692819594.7
1774000000.0	853713396.2	662582747.0	1693750973.2
1775000000.0	853946201.5	662722893.0	1694682326.3
1776000000.0	854178871.5	662862940.4	1695613653.7
1777000000.0	854411406.2	663002889.3	1696544955.7
1778000000.0	854643805.8	663142739.8	1697476232.1
1779000000.0	854876070.4	663282492.0	1698407482.9
1780000000.0	855108200.1	663422146.0	1699338708.3
1781000000.0	855340194.9	663561701.9	1700269908.0
1782000000.0	855572055.2	663701159.8	1701201082.3
1783000000.0	855803780.8	663840519.9	1702132231.0
1784000000.0	856035372.1	663979782.2	1703063354.2
1785000000.0	856266829.0	664118946.8	1703994451.8
1786000000.0	856498151.7	664258013.8	1704925524.0
1787000000.0	856729340.4	664396983.4	1705856570.5
1788000000.0	856960395.1	664535855.6	1706787591.6
1789000000.0	857191315.9	664674630.5	1707718587.1
1790000000.0	857422103.0	664813308.3	1708649557.2
1791000000.0	857652756.5	664951889.0	1709580501.6
1792000000.0	857883276.5	665090372.7	1710511420.6
1793000000.0	858113663.1	665228759.6	1711442314.0
1794000000.0	858343916.4	665367049.7	1712373181.9
1795000000.0	858574036.6	665505243.2	1713304024.3
1796000000.0	858804023.7	665643340.2	1714234841.2
1797000000.0	859033877.9	665781340.6	1715165632.6
1798000000.0	859263599.4	665919244.8	1716096398.4
1799000000.0	859493188.1	666057052.6	1717027138.7
1800000000.0	859722644.2	666194764.4	1717957853.5
1801000000.0	859951967.9	666332380.0	1718888542.8
1802000000.0	860181159.3	666469899.8	1719819206.6
1803000000.0	860410218.4	666607323.6	1720749844.8
1804000000.0	860639145.4	666744651.8	1721680457.6
1805000000.0	860867940.3	666881884.3	1722611044.8
1806000000.0	861096603.4	667019021.2	1723541606.6
1807000000.0	861325134.8	667156062.7	1724472142.8
1808000000.0	861553534.4	667293008.8	1725402653.5
1809000000.0	861781802.5	667429859.7	1726333138.7
1810000000.0	862009939.2	667566615.5	1727263598.4
1811000000.0	862237944.6	667703276.2	1728194032.6
1812000000.0	862465818.7	667839841.9	1729124441.3
1813000000.0	862693561.8	667976312.8	1730054824.5
1814000000.0	862921173.8	668112688.9	1730985182.2
1815000000.0	863148655.0	668248970.4	1731915514.4
1816000000.0	863376005.5	668385157.3	1732845821.1
1817000000.0	863603225.3	668521249.8	1733776102.3
1818000000.0	863830314.5	668657247.9	1734706358.0
1819000000.0	864057273.4	668793151.8	1735636588.3
1820000000.0	864284102.0	668928961.4	1736566793.0
1821000000.0	864510800.3	669064677.1	1737496972.2
1822000000.0	864737368.6	669200298.7	1738427125.9
1823000000.0	864963806.9	669335826.5	1739357254.2
1824000000.0	865190115.3	669471260.5	1740287356.9
1825000000.0	865416294.1	669606600.8	1741217434.2
1826000000.0	865642343.1	669741847.6	1742147486.0
1827000000.0	865868262.7	669877000.8	1743077512.2
1828000000.0	866094052.8	670012060.7	1744007513.1
1829000000.0	866319713.6	670147027.3	1744937488.4
1830000000.0	866545245.3	670281900.7	1745867438.2
1831000000.0	866770647.8	670416681.0	1746797362.6
1832000000.0	866995921.4	670551368.4	1747727261.4
1833000000.0	867221066.2	670685962.8	1748657134.8
1834000000.0	867446082.2	670820464.4	1749586982.7
1835000000.0	867670969.5	670954873.3	1750516805.2
1836000000.0	867895728.4	671089189.5	1751446602.1
1837000000.0	868120358.8	671223413.3	1752376373.6
1838000000.0	868344860.9	671357544.6	1753306119.6
1839000000.0	868569234.8	671491583.7	1754235840.2
1840000000.0	868793480.7	671625530.4	1755165535.2
1841000000.0	869017598.5	671759385.1	1756095204.8
1842000000.0	869241588.5	671893147.7	1757024848.9
1843000000.0	869465450.7	672026818.3	1757954467.6
1844000000.0	869689185.3	672160397.1	1758884060.8
1845000000.0	869912792.4	672293884.2	1759813628.5
1846000000.0	870136272.0	672427279.6	1760743170.7
1847000000.0	870359624.3	672560583.4	1761672687.5
1848000000.0	870582849.3	672693795.7	1762602178.8
1849000000.0	870805947.3	672826916.7	1763531644.7
1850000000.0	871028918.3	672959946.3	1764461085.1
1851000000.0	871251762.4	673092884.8	1765390500.0
1852000000.0	871474479.7	673225732.2	1766319889.5
1853000000.0	871697070.4	673358488.6	1767249253.5
1854000000.0	871919534.4	673491154.0	1768178592.1
1855000000.0	872141872.1	673623728.7	1769107905.2
1856000000.0	872364083.4	673756212.6	1770037192.8
1857000000.0	872586168.4	673888605.9	1770966455.0
1858000000.0	872808127.3	674020908.6	1771895691.8
1859000000.0	873029960.2	674153120.9	1772824903.1
1860000000.0	873251667.2	674285242.9	1773754088.9
1861000000.0	873473248.3	674417274.5	1774683249.3
1862000000.0	873694703.8	674549216.1	1775612384.2
1863000000.0	873916033.7	674681067.5	1776541493.7
1864000000.0	874137238.0	674812829.0	1777470577.8
1865000000.0	874358317.0	674944500.5	1778399636.3
1866000000.0	874579270.8	675076082.3	1779328669.5
1867000000.0	874800099.3	675207574.4	1780257677.2
1868000000.0	875020802.8	675338976.8	1781186659.5
1869000000.0	875241381.3	675470289.7	1782115616.3
1870000000.0	875461835.0	675601513.2	1783044547.7
1871000000.0	875682163.9	675732647.3	1783973453.6
1872000000.0	875902368.2	675863692.2	1784902334.1
1873000000.0	876122448.0	675994648.0	1785831189.2
1874000000.0	876342403.4	676125514.6	1786760018.9
1875000000.0	876562234.4	676256292.3	1787688823.1
1876000000.0	876781941.2	676386981.1	1788617601.8
1877000000.0	877001523.9	676517581.1	1789546355.1
1878000000.0	877220982.5	676648092.4	1790475083.1
1879000000.0	877440317.3	676778515.1	1791403785.5
1880000000.0	877659528.3	676908849.3	1792332462.6
1881000000.0	877878615.6	677039095.0	1793261114.2
1882000000.0	878097579.3	677169252.4	1794189740.4
1883000000.0	878316419.6	677299321.5	1795118341.1
1884000000.0	878535136.4	677429302.4	1796046916.5
1885000000.0	878753730.0	677559195.3	1796975466.4
1886000000.0	878972200.4	677689000.2	1797903990.8
1887000000.0	879190547.7	677818717.2	1798832489.9
1888000000.0	879408772.1	677948346.4	1799760963.6
1889000000.0	879626873.6	678077887.9	1800689411.8
1890000000.0	879844852.4	678207341.7	1801617834.6
1891000000.0	880062708.5	678336708.0	1802546232.0
1892000000.0	880280442.1	678465986.9	1803474603.9
1893000000.0	880498053.3	678595178.3	1804402950.5
1894000000.0	880715542.0	678724282.6	1805331271.6
1895000000.0	880932908.6	678853299.6	1806259567.4
1896000000.0	881150153.0	678982229.5	1807187837.7
1897000000.0	881367275.4	679111072.4	1808116082.6
1898000000.0	881584275.9	679239828.4	1809044302.1
1899000000.0	881801154.5	679368497.6	1809972496.1
1900000000.0	882017911.4	679497080.0	1810900664.8
1901000000.0	882234546.7	679625575.7	1811828808.1
1902000000.0	882451060.5	679753984.9	1812756926.0
1903000000.0	882667452.9	679882307.6	1813685018.4
1904000000.0	882883723.9	680010543.9	1814613085.5
1905000000.0	883099873.8	680138693.9	1815541127.1
1906000000.0	883315902.5	680266757.7	1816469143.4
1907000000.0	883531810.2	680394735.4	1817397134.2
1908000000.0	883747597.0	680522626.9	1818325099.7
1909000000.0	883963263.0	680650432.6	1819253039.7
1910000000.0	884178808.3	680778152.3	1820180954.4
1911000000.0	884394233.1	680905786.3	1821108843.6
1912000000.0	884609537.3	681033334.6	1822036707.5
1913000000.0	884824721.1	681160797.2	1822964545.9
1914000000.0	885039784.6	681288174.3	1823892359.0
1915000000.0	885254727.9	681415466.0	1824820146.7
1916000000.0	885469551.1	681542672.4	1825747909.0
1917000000.0	885684254.3	681669793.4	1826675645.9
1918000000.0	885898837.6	681796829.3	1827603357.4
1919000000.0	886113301.1	681923780.0	1828531043.5
1920000000.0	886327645.0	682050645.8	1829458704.2
1921000000.0	886541869.2	682177426.6	1830386339.6
1922000000.0	886755973.9	682304122.6	1831313949.6
1923000000.0	886969959.3	682430733.8	1832241534.1
1924000000.0	887183825.3	682557260.4	1833169093.3
1925000000.0	887397572.2	682683702.3	1834096627.2
1926000000.0	887611199.9	682810059.8	1835024135.6
1927000000.0	887824708.7	682936332.8	1835951618.7
1928000000.0	888038098.5	683062521.5	1836879076.3
1929000000.0	888251369.6	683188626.0	1837806508.6
1930000000.0	888464522.0	683314646.3	1838733915.6
1931000000.0	888677555.7	683440582.5	1839661297.1
1932000000.0	888890471.0	683566434.7	1840588653.3
1933000000.0	889103267.9	683692203.0	1841515984.1
1934000000.0	889315946.4	683817887.4	1842443289.5
1935000000.0	889528506.8	683943488.2	1843370569.6
1936000000.0	889740949.0	684069005.2	1844297824.3
1937000000.0	889953273.3	684194438.7	1845225053.6
1938000000.0	890165479.6	684319788.7	1846152257.6
1939000000.0	890377568.1	684445055.3	1847079436.2
1940000000.0	890589538.9	684570238.5	1848006589.4
1941000000.0	890801392.1	684695338.5	1848933717.3
1942000000.0	891013127.8	684820355.4	1849860819.8
1943000000.0	891224746.1	684945289.1	1850787896.9
1944000000.0	891436247.0	685070139.9	1851714948.7
1945000000.0	891647630.7	685194907.7	1852641975.1
1946000000.0	891858897.3	685319592.7	1853568976.1
1947000000.0	892070046.9	685444195.0	1854495951.8
1948000000.0	892281079.5	685568714.6	1855422902.2
1949000000.0	892491995.3	685693151.6	1856349827.2
1950000000.0	892702794.3	685817506.2	1857276726.8
1951000000.0	892913476.7	685941778.2	1858203601.1
1952000000.0	893124042.6	686065968.0	1859130450.0
1953000000.0	893334492.0	686190075.5	1860057273.6
1954000000.0	893544825.1	686314100.8	1860984071.8
1955000000.0	893755041.9	686438044.1	1861910844.7
1956000000.0	893965142.6	686561905.3	1862837592.2
1957000000.0	894175127.2	686685684.6	1863764314.4
1958000000.0	894384995.8	686809382.0	1864691011.2
1959000000.0	894594748.5	686932997.7	1865617682.7
1960000000.0	894804385.5	687056531.7	1866544328.8
1961000000.0	895013906.8	687179984.1	1867470949.6
1962000000.0	895223312.6	687303355.0	1868397545.1
1963000000.0	895432602.8	687426644.4	1869324115.2
1964000000.0	895641777.6	687549852.4	1870250660.0
1965000000.0	895850837.2	687672979.2	1871177179.4
1966000000.0	896059781.5	687796024.8	1872103673.5
1967000000.0	896268610.8	687918989.2	1873030142.3
1968000000.0	896477325.0	688041872.6	1873956585.7
1969000000.0	896685924.3	688164675.0	1874883003.8
1970000000.0	896894408.8	688287396.6	1875809396.6
1971000000.0	897102778.6	688410037.4	1876735764.0
1972000000.0	897311033.7	688532597.4	1877662106.1
1973000000.0	897519174.3	688655076.8	1878588422.9
1974000000.0	897727200.5	688777475.6	1879514714.3
1975000000.0	897935112.3	688899794.0	1880440980.4
1976000000.0	898142909.9	689022031.9	1881367221.2
1977000000.0	898350593.3	689144189.5	1882293436.7
1978000000.0	898558162.6	689266266.9	1883219626.8
1979000000.0	898765618.0	689388264.1	1884145791.6
1980000000.0	898972959.5	689510181.2	1885071931.1
1981000000.0	899180187.2	689632018.3	1885998045.3
1982000000.0	899387301.2	689753775.5	1886924134.1
1983000000.0	899594301.6	689875452.8	1887850197.6
1984000000.0	899801188.5	689997050.4	1888776235.8
1985000000.0	900007962.0	690118568.3	1889702248.7
1986000000.0	900214622.2	690240006.5	1890628236.3
1987000000.0	900421169.2	690361365.2	1891554198.6
1988000000.0	900627603.0	690482644.4	1892480135.5
1989000000.0	900833923.8	690603844.3	1893406047.1
1990000000.0	901040131.7	690724964.9	1894331933.5
1991000000.0	901246226.7	690846006.2	1895257794.5
1992000000.0	901452208.9	690966968.4	1896183630.2
1993000000.0	901658078.5	691087851.5	1897109440.6
1994000000.0	901863835.5	691208655.6	1898035225.6
1995000000.0	902069480.0	691329380.8	1898960985.4
1996000000.0	902275012.2	691450027.2	1899886719.9
1997000000.0	902480432.0	691570594.8	1900812429.0
1998000000.0	902685739.6	691691083.7	1901738112.9
1999000000.0	902890935.2	691811494.0	1902663771.5
2000000000.0	903096018.7	691931825.8	1903589404.7
2001000000.0	903300990.2	692052079.2	1904515012.7
2002000000.0	903505849.9	692172254.1	1905440595.3
2003000000.0	903710597.9	692292350.8	1906366152.7
2004000000.0	903915234.2	692412369.2	1907291684.8
2005000000.0	904119759.0	692532309.5	1908217191.5
2006000000.0	904324172.3	692652171.7	1909142673.0
2007000000.0	904528474.2	692771955.9	1910068129.2
2008000000.0	904732664.8	692891662.2	1910993560.1
2009000000.0	904936744.2	693011290.7	1911918965.7
2010000000.0	905140712.5	693130841.4	1912844346.0
2011000000.0	905344569.8	693250314.4	1913769701.0
2012000000.0	905548316.1	693369709.7	1914695030.7
2013000000.0	905751951.7	693489027.6	1915620335.1
2014000000.0	905955476.4	693608268.0	1916545614.3
2015000000.0	906158890.6	693727430.9	1917470868.1
2016000000.0	906362194.1	693846516.6	1918396096.7
2017000000.0	906565387.2	693965525.1	1919321300.0
2018000000.0	906768469.9	694084456.3	1920246478.0
2019000000.0	906971442.2	694203310.5	1921171630.8
2020000000.0	907174304.4	694322087.7	1922096758.2
2021000000.0	907377056.5	694440787.9	1923021860.4
2022000000.0	907579698.5	694559411.3	1923946937.3
2023000000.0	907782230.6	694677957.9	1924871988.9
2024000000.0	907984652.9	694796427.8	1925797015.3
2025000000.0	908186965.4	694914821.0	1926722016.3
2026000000.0	908389168.2	695033137.7	1927646992.1
2027000000.0	908591261.4	695151377.8	1928571942.6
2028000000.0	908793245.2	695269541.6	1929496867.9
2029000000.0	908995119.5	695387629.0	1930421767.9
2030000000.0	909196884.6	695505640.2	1931346642.6
2031000000.0	909398540.4	695623575.1	1932271492.0
2032000000.0	909600087.1	695741433.9	1933196316.2
2033000000.0	909801524.7	695859216.7	1934121115.1
2034000000.0	910002853.4	695976923.5	1935045888.8
2035000000.0	910204073.2	696094554.4	1935970637.1
2036000000.0	910405184.2	696212109.5	1936895360.3
2037000000.0	910606186.5	696329588.8	1937820058.1
2038000000.0	910807080.2	696446992.5	1938744730.7
2039000000.0	911007865.4	696564320.5	1939669378.0
2040000000.0	911208542.2	696681573.0	1940594000.1
2041000000.0	911409110.6	696798750.1	1941518596.9
2042000000.0	911609570.8	696915851.7	1942443168.5
2043000000.0	911809922.8	697032878.0	1943367714.8
2044000000.0	912010166.7	697149829.1	1944292235.8
2045000000.0	912210302.6	697266705.1	1945216731.6
2046000000.0	912410330.7	697383505.9	1946141202.2
2047000000.0	912610250.9	697500231.7	1947065647.5
2048000000.0	912810063.3	697616882.5	1947990067.5
2049000000.0	913009768.2	697733458.5	1948914462.3
2050000000.0	913209365.4	697849959.6	1949838831.9
2051000000.0	913408855.3	697966386.0	1950763176.2
2052000000.0	913608237.7	698082737.8	1951687495.2
2053000000.0	913807512.8	698199015.0	1952611789.0
2054000000.0	914006680.7	698315217.6	1953536057.6
2055000000.0	914205741.5	698431345.8	1954460300.9
2056000000.0	914404695.3	698547399.6	1955384519.0
2057000000.0	914603542.1	698663379.1	1956308711.8
2058000000.0	914802282.0	698779284.3	1957232879.4
2059000000.0	915000915.2	698895115.4	1958157021.8
2060000000.0	915199441.7	699010872.4	1959081138.9
2061000000.0	915397861.6	699126555.4	1960005230.8
2062000000.0	915596174.9	699242164.4	1960929297.4
2063000000.0	915794381.8	699357699.6	1961853338.9
2064000000.0	915992482.4	699473160.9	1962777355.0
2065000000.0	916190476.7	699588548.5	1963701346.0
2066000000.0	916388364.8	699703862.4	1964625311.7
2067000000.0	916586146.9	699819102.8	1965549252.2
2068000000.0	916783822.9	699934269.6	1966473167.4
2069000000.0	916981393.0	700049362.9	1967397057.5
2070000000.0	917178857.3	700164382.9	1968320922.3
2071000000.0	917376215.8	700279329.5	1969244761.9
2072000000.0	917573468.6	700394202.9	1970168576.2
2073000000.0	917770615.9	700509003.1	1971092365.3
2074000000.0	917967657.7	700623730.2	1972016129.3
2075000000.0	918164594.0	700738384.3	1972939867.9
2076000000.0	918361425.0	700852965.4	1973863581.4
2077000000.0	918558150.8	700967473.6	1974787269.6
2078000000.0	918754771.5	701081909.0	1975710932.7
2079000000.0	918951287.0	701196271.6	1976634570.5
2080000000.0	919147697.6	701310561.6	1977558183.1
2081000000.0	919344003.2	701424778.9	1978481770.5
2082000000.0	919540204.1	701538923.6	1979405332.6
2083000000.0	919736300.2	701652995.9	1980328869.6
2084000000.0	919932291.6	701766995.8	1981252381.3
2085000000.0	920128178.5	701880923.3	1982175867.8
2086000000.0	920323960.9	701994778.6	1983099329.1
2087000000.0	920519638.8	702108561.6	1984022765.3
2088000000.0	920715212.5	702222272.5	1984946176.2
2089000000.0	920910681.9	702335911.3	1985869561.8
2090000000.0	921106047.2	702449478.2	1986792922.3
2091000000.0	921301308.4	702562973.1	1987716257.6
2092000000.0	921496465.6	702676396.1	1988639567.7
2093000000.0	921691518.9	702789747.4	1989562852.6
2094000000.0	921886468.4	702903026.9	1990486112.2
2095000000.0	922081314.1	703016234.7	1991409346.7
2096000000.0	922276056.2	703129371.0	1992332556.0
2097000000.0	922470694.7	703242435.7	1993255740.1
2098000000.0	922665229.8	703355429.0	1994178898.9
2099000000.0	922859661.4	703468350.9	1995102032.6
2100000000.0	923053989.7	703581201.5	1996025141.1
2101000000.0	923248214.8	703693980.8	1996948224.4
2102000000.0	923442336.6	703806689.0	1997871282.5
2103000000.0	923636355.5	703919326.0	1998794315.4
2104000000.0	923830271.3	704031892.0	1999717323.1
2105000000.0	924024084.2	704144387.0	2000640305.7
2106000000.0	924217794.3	704256811.0	2001563263.0
2107000000.0	924411401.6	704369164.3	2002486195.2
2108000000.0	924604906.2	704481446.7	2003409102.1
2109000000.0	924798308.3	704593658.4	2004331983.9
2110000000.0	924991607.9	704705799.5	2005254840.5
2111000000.0	925184805.0	704817870.0	2006177671.9
2112000000.0	925377899.8	704929870.0	2007100478.1
2113000000.0	925570892.3	705041799.5	2008023259.2
2114000000.0	925763782.7	705153658.7	2008946015.0
2115000000.0	925956570.9	705265447.5	2009868745.7
2116000000.0	926149257.2	705377166.1	2010791451.2
2117000000.0	926341841.5	705488814.5	2011714131.6
2118000000.0	926534323.9	705600392.8	2012636786.7
2119000000.0	926726704.6	705711901.0	2013559416.7
2120000000.0	926918983.5	705823339.3	2014482021.5
2121000000.0	927111160.9	705934707.6	2015404601.1
2122000000.0	927303236.7	706046006.1	2016327155.6
2123000000.0	927495211.1	706157234.8	2017249684.9
2124000000.0	927687084.1	706268393.7	2018172189.0
2125000000.0	927878855.8	706379483.1	2019094668.0
2126000000.0	928070526.3	706490502.8	2020017121.7
2127000000.0	928262095.6	706601453.0	2020939550.4
2128000000.0	928453563.9	706712333.7	2021861953.8
2129000000.0	928644931.3	706823145.0	2022784332.1
2130000000.0	928836197.7	706933887.0	2023706685.2
2131000000.0	929027363.3	707044559.8	2024629013.2
2132000000.0	929218428.2	707155163.3	2025551316.0
2133000000.0	929409392.5	707265697.7	2026473593.6
2134000000.0	929600256.1	707376163.1	2027395846.1
2135000000.0	929791019.3	707486559.4	2028318073.4
2136000000.0	929981682.1	707596886.8	2029240275.6
2137000000.0	930172244.5	707707145.3	2030162452.6
2138000000.0	930362706.7	707817335.0	2031084604.4
2139000000.0	930553068.7	707927456.0	2032006731.1
2140000000.0	930743330.5	708037508.2	2032928832.7
2141000000.0	930933492.4	708147491.9	2033850909.1
2142000000.0	931123554.3	708257407.0	2034772960.3
2143000000.0	931313516.4	708367253.6	2035694986.4
2144000000.0	931503378.7	708477031.7	2036616987.4
2145000000.0	931693141.3	708586741.6	2037538963.2
2146000000.0	931882804.2	708696383.1	2038460913.8
2147000000.0	932072367.6	708805956.4	2039382839.3
2148000000.0	932261831.6	708915461.5	2040304739.7
2149000000.0	932451196.1	709024898.5	2041226614.9
2150000000.0	932640461.4	709134267.4	2042148465.0
2151000000.0	932829627.3	709243568.4	2043070289.9
2152000000.0	933018694.2	709352801.5	2043992089.7
2153000000.0	933207662.0	709461966.7	2044913864.4
2154000000.0	933396530.7	709571064.1	2045835613.9
2155000000.0	933585300.5	709680093.8	2046757338.3
2156000000.0	933773971.5	709789055.8	2047679037.5
2157000000.0	933962543.8	709897950.2	2048600711.6
2158000000.0	934151017.3	710006777.1	2049522360.6
2159000000.0	934339392.2	710115536.5	2050443984.4
2160000000.0	934527668.6	710224228.5	2051365583.1
2161000000.0	934715846.5	710332853.1	2052287156.7
2162000000.0	934903926.1	710441410.4	2053208705.2
2163000000.0	935091907.3	710549900.6	2054130228.5
2164000000.0	935279790.3	710658323.5	2055051726.7
2165000000.0	935467575.2	710766679.4	2055973199.7
2166000000.0	935655262.0	710874968.2	2056894647.7
2167000000.0	935842850.8	710983190.0	2057816070.5
2168000000.0	936030341.7	711091345.0	2058737468.2
2169000000.0	936217734.7	711199433.1	2059658840.8
2170000000.0	936405030.0	711307454.3	2060580188.2
2171000000.0	936592227.5	711415408.9	2061501510.5
2172000000.0	936779327.5	711523296.8	2062422807.8
2173000000.0	936966329.9	711631118.1	2063344079.8
2174000000.0	937153234.9	711738872.8	2064265326.8
2175000000.0	937340042.5	711846561.1	2065186548.7
2176000000.0	937526752.7	711954182.9	2066107745.4
2177000000.0	937713365.8	712061738.4	2067028917.1
2178000000.0	937899881.7	712169227.6	2067950063.6
2179000000.0	938086300.5	712276650.5	2068871185.0
2180000000.0	938272622.3	712384007.3	2069792281.3
2181000000.0	938458847.1	712491298.0	2070713352.5
2182000000.0	938644975.2	712598522.6	2071634398.5
2183000000.0	938831006.4	712705681.2	2072555419.5
2184000000.0	939016940.9	712812773.9	2073476415.4
2185000000.0	939202778.8	712919800.7	2074397386.1
2186000000.0	939388520.2	713026761.7	2075318331.8
2187000000.0	939574165.1	713133656.9	2076239252.3
2188000000.0	939759713.5	713240486.5	2077160147.8
2189000000.0	939945165.7	713347250.5	2078081018.1
2190000000.0	940130521.6	713453948.8	2079001863.4
2191000000.0	940315781.3	713560581.7	2079922683.5
2192000000.0	940500944.9	713667149.1	2080843478.6
2193000000.0	940686012.5	713773651.2	2081764248.5
2194000000.0	940870984.2	713880087.9	2082684993.4
2195000000.0	941055859.9	713986459.3	2083605713.1
2196000000.0	941240639.9	714092765.5	2084526407.8
2197000000.0	941425324.1	714199006.6	2085447077.4
2198000000.0	941609912.7	714305182.6	2086367721.9
2199000000.0	941794405.7	714411293.6	2087288341.2
2200000000.0	941978803.2	714517339.6	2088208935.5
2201000000.0	942163105.2	714623320.7	2089129504.8
2202000000.0	942347311.9	714729237.0	2090050048.9
2203000000.0	942531423.4	714835088.5	2090970567.9
2204000000.0	942715439.6	714940875.2	2091891061.9
2205000000.0	942899360.6	715046597.3	2092811530.7
2206000000.0	943083186.7	715152254.8	2093731974.5
2207000000.0	943266917.7	715257847.7	2094652393.2
2208000000.0	943450553.8	715363376.1	2095572786.9
2209000000.0	943634095.1	715468840.1	2096493155.4
2210000000.0	943817541.5	715574239.7	2097413498.9
2211000000.0	944000893.4	715679575.0	2098333817.2
2212000000.0	944184150.5	715784846.1	2099254110.5
2213000000.0	944367313.2	715890052.9	2100174378.8
2214000000.0	944550381.3	715995195.6	2101094621.9
2215000000.0	944733355.1	716100274.3	2102014840.0
2216000000.0	944916234.5	716205288.9	2102935033.0
2217000000.0	945099019.7	716310239.5	2103855201.0
2218000000.0	945281710.7	716415126.3	2104775343.8
2219000000.0	945464307.6	716519949.2	2105695461.6
2220000000.0	945646810.4	716624708.3	2106615554.4
2221000000.0	945829219.3	716729403.7	2107535622.0
2222000000.0	946011534.3	716834035.4	2108455664.6
2223000000.0	946193755.4	716938603.5	2109375682.1
2224000000.0	946375882.8	717043108.1	2110295674.6
2225000000.0	946557916.6	717147549.1	2111215642.0
2226000000.0	946739856.7	717251926.7	2112135584.4
2227000000.0	946921703.3	717356241.0	2113055501.6
2228000000.0	947103456.5	717460491.9	2113975393.8
2229000000.0	947285116.2	717564679.5	2114895261.0
2230000000.0	947466682.7	717668803.9	2115815103.1
2231000000.0	947648155.9	717772865.2	2116734920.1
2232000000.0	947829535.9	717876863.4	2117654712.1
2233000000.0	948010822.9	717980798.6	2118574479.1
2234000000.0	948192016.8	718084670.7	2119494220.9
2235000000.0	948373117.7	718188480.0	2120413937.8
2236000000.0	948554125.8	718292226.4	2121333629.5
2237000000.0	948735041.1	718395910.0	2122253296.3
2238000000.0	948915863.6	718499530.8	2123172937.9
2239000000.0	949096593.4	718603088.9	2124092554.6
2240000000.0	949277230.7	718706584.4	2125012146.1
2241000000.0	949457775.4	718810017.4	2125931712.7
2242000000.0	949638227.6	718913387.8	2126851254.2
2243000000.0	949818587.5	719016695.7	2127770770.6
2244000000.0	949998855.1	719119941.2	2128690262.0
2245000000.0	950179030.4	719223124.4	2129609728.3
2246000000.0	950359113.5	719326245.3	2130529169.7
2247000000.0	950539104.6	719429303.9	2131448585.9
2248000000.0	950719003.6	719532300.4	2132367977.2
2249000000.0	950898810.6	719635234.7	2133287343.4
2250000000.0	951078525.8	719738106.9	2134206684.5
2251000000.0	951258149.1	719840917.2	2135126000.6
2252000000.0	951437680.7	719943665.5	2136045291.7
2253000000.0	951617120.6	720046351.8	2136964557.8
2254000000.0	951796468.9	720148976.4	2137883798.8
2255000000.0	951975725.6	720251539.1	2138803014.8
2256000000.0	952154890.9	720354040.1	2139722205.7
2257000000.0	952333964.8	720456479.4	2140641371.7
2258000000.0	952512947.4	720558857.1	2141560512.6
2259000000.0	952691838.7	720661173.3	2142479628.4
2260000000.0	952870638.8	720763427.9	2143398719.3
2261000000.0	953049347.8	720865621.0	2144317785.1
2262000000.0	953227965.7	720967752.8	2145236825.9
2263000000.0	953406492.6	721069823.2	2146155841.7
2264000000.0	953584928.7	721171832.3	2147074832.4
2265000000.0	953763273.9	721273780.2	2147993798.1
2266000000.0	953941528.3	721375666.9	2148912738.8
2267000000.0	954119692.1	721477492.5	2149831654.5
2268000000.0	954297765.1	721579257.0	2150750545.2
2269000000.0	954475747.7	721680960.5	2151669410.9
2270000000.0	954653639.7	721782603.0	2152588251.5
2271000000.0	954831441.3	721884184.6	2153507067.1
2272000000.0	955009152.5	721985705.4	2154425857.7
2273000000.0	955186773.5	722087165.4	2155344623.3
2274000000.0	955364304.2	722188564.6	2156263363.9
2275000000.0	955541744.8	722289903.1	2157182079.5
2276000000.0	955719095.3	722391181.0	2158100770.0
2277000000.0	955896355.8	722492398.4	2159019435.6
2278000000.0	956073526.4	722593555.2	2159938076.1
2279000000.0	956250607.0	722694651.5	2160856691.7
2280000000.0	956427597.9	722795687.4	2161775282.2
2281000000.0	956604499.0	722896663.0	2162693847.7
2282000000.0	956781310.4	722997578.2	2163612388.2
2283000000.0	956958032.3	723098433.2	2164530903.8
2284000000.0	957134664.6	723199228.0	2165449394.3
2285000000.0	957311207.4	723299962.7	2166367859.8
2286000000.0	957487660.8	723400637.2	2167286300.3
2287000000.0	957664024.9	723501251.7	2168204715.8
2288000000.0	957840299.8	723601806.3	2169123106.4
2289000000.0	958016485.4	723702300.9	2170041471.9
2290000000.0	958192581.9	723802735.6	2170959812.4
2291000000.0	958368589.4	723903110.5	2171878127.9
2292000000.0	958544507.8	724003425.6	2172796418.5
2293000000.0	958720337.3	724103681.0	2173714684.0
2294000000.0	958896078.0	724203876.8	2174632924.6
2295000000.0	959071729.9	724304012.9	2175551140.2
2296000000.0	959247293.0	724404089.5	2176469330.8
2297000000.0	959422767.5	724504106.5	2177387496.4
2298000000.0	959598153.4	724604064.2	2178305637.0
2299000000.0	959773450.8	724703962.4	2179223752.6
2300000000.0	959948659.7	724803801.3	2180141843.2
2301000000.0	960123780.3	724903580.8	2181059908.9
2302000000.0	960298812.5	725003301.2	2181977949.5
2303000000.0	960473756.4	725102962.3	2182895965.2
2304000000.0	960648612.2	725202564.4	2183813955.9
2305000000.0	960823379.9	725302107.3	2184731921.7
2306000000.0	960998059.5	725401591.2	2185649862.4
2307000000.0	961172651.1	725501016.2	2186567778.2
2308000000.0	961347154.7	725600382.2	2187485669.0
2309000000.0	961521570.6	725699689.3	2188403534.8
2310000000.0	961695898.6	725798937.6	2189321375.7
2311000000.0	961870138.9	725898127.2	2190239191.5
2312000000.0	962044291.6	725997258.0	2191156982.4
2313000000.0	962218356.6	726096330.2	2192074748.4
2314000000.0	962392334.2	726195343.7	2192992489.3
2315000000.0	962566224.2	726294298.7	2193910205.3
2316000000.0	962740026.9	726393195.2	2194827896.3
2317000000.0	962913742.3	726492033.3	2195745562.4
2318000000.0	963087370.4	726590812.9	2196663203.5
2319000000.0	963260911.3	726689534.2	2197580819.6
2320000000.0	963434365.1	726788197.2	2198498410.8
2321000000.0	963607731.8	726886801.9	2199415977.0
2322000000.0	963781011.5	726985348.5	2200333518.2
2323000000.0	963954204.2	727083836.9	2201251034.5
2324000000.0	964127310.2	727182267.2	2202168525.8
2325000000.0	964300329.3	727280639.4	2203085992.2
2326000000.0	964473261.6	727378953.7	2204003433.6
2327000000.0	964646107.3	727477210.0	2204920850.0
2328000000.0	964818866.4	727575408.5	2205838241.5
2329000000.0	964991538.9	727673549.1	2206755608.0
2330000000.0	965164125.0	727771631.9	2207672949.6
2331000000.0	965336624.7	727869657.0	2208590266.2
2332000000.0	965509038.0	727967624.3	2209507557.9
2333000000.0	965681365.0	728065534.1	2210424824.6
2334000000.0	965853605.8	728163386.3	2211342066.4
2335000000.0	966025760.5	728261180.9	2212259283.2
2336000000.0	966197829.0	728358918.1	2213176475.1
2337000000.0	966369811.6	728456597.8	2214093642.1
2338000000.0	966541708.2	728554220.2	2215010784.0
2339000000.0	966713518.9	728651785.2	2215927901.1
2340000000.0	966885243.7	728749293.0	2216844993.2
2341000000.0	967056882.8	728846743.5	2217762060.4
2342000000.0	967228436.2	728944136.8	2218679102.6
2343000000.0	967399904.0	729041473.0	2219596119.9
2344000000.0	967571286.1	729138752.2	2220513112.2
2345000000.0	967742582.8	729235974.3	2221430079.6
2346000000.0	967913794.0	729333139.4	2222347022.1
2347000000.0	968084919.9	729430247.6	2223263939.6
2348000000.0	968255960.4	729527299.0	2224180832.2
2349000000.0	968426915.7	729624293.5	2225097699.9
2350000000.0	968597785.7	729721231.2	2226014542.6
2351000000.0	968768570.7	729818112.2	2226931360.4
2352000000.0	968939270.6	729914936.5	2227848153.3
2353000000.0	969109885.5	730011704.2	2228764921.2
2354000000.0	969280415.4	730108415.3	2229681664.2
2355000000.0	969450860.5	730205069.9	2230598382.3
2356000000.0	969621220.8	730301668.0	2231515075.5
2357000000.0	969791496.3	730398209.7	2232431743.7
2358000000.0	969961687.2	730494695.0	2233348387.0
2359000000.0	970131793.4	730591123.9	2234265005.4
2360000000.0	970301815.1	730687496.6	2235181598.8
2361000000.0	970471752.2	730783813.1	2236098167.4
2362000000.0	970641605.0	730880073.3	2237014711.0
2363000000.0	970811373.4	730976277.5	2237931229.7
2364000000.0	970981057.4	731072425.5	2238847723.5
2365000000.0	971150657.3	731168517.5	2239764192.4
2366000000.0	971320172.9	731264553.5	2240680636.3
2367000000.0	971489604.4	731360533.6	2241597055.3
2368000000.0	971658951.9	731456457.8	2242513449.5
2369000000.0	971828215.4	731552326.2	2243429818.7
2370000000.0	971997395.0	731648138.8	2244346163.0
2371000000.0	972166490.7	731743895.6	2245262482.4
2372000000.0	972335502.6	731839596.7	2246178776.8
2373000000.0	972504430.7	731935242.2	2247095046.4
2374000000.0	972673275.2	732030832.1	2248011291.1
2375000000.0	972842036.0	732126366.5	2248927510.8
2376000000.0	973010713.3	732221845.3	2249843705.7
2377000000.0	973179307.1	732317268.7	2250759875.6
2378000000.0	973347817.5	732412636.7	2251676020.7
2379000000.0	973516244.5	732507949.3	2252592140.8
2380000000.0	973684588.2	732603206.6	2253508236.1
2381000000.0	973852848.6	732698408.7	2254424306.4
2382000000.0	974021025.9	732793555.6	2255340351.8
2383000000.0	974189120.0	732888647.2	2256256372.4
2384000000.0	974357131.1	732983683.8	2257172368.0
2385000000.0	974525059.2	733078665.3	2258088338.8
2386000000.0	974692904.3	733173591.8	2259004284.6
2387000000.0	974860666.6	733268463.3	2259920205.6
2388000000.0	975028346.0	733363279.9	2260836101.7
2389000000.0	975195942.7	733458041.7	2261751972.8
2390000000.0	975363456.7	733552748.6	2262667819.1
2391000000.0	975530888.1	733647400.7	2263583640.5
2392000000.0	975698236.9	733741998.1	2264499437.0
2393000000.0	975865503.2	733836540.7	2265415208.6
2394000000.0	976032687.0	733931028.8	2266330955.4
2395000000.0	976199788.5	734025462.3	2267246677.2
2396000000.0	976366807.6	734119841.2	2268162374.2
2397000000.0	976533744.5	734214165.6	2269078046.2
2398000000.0	976700599.1	734308435.6	2269993693.4
2399000000.0	976867371.7	734402651.2	2270909315.7
2400000000.0	977034062.1	734496812.4	2271824913.2
2401000000.0	977200670.5	734590919.3	2272740485.7
2402000000.0	977367197.0	734684971.9	2273656033.4
2403000000.0	977533641.5	734778970.4	2274571556.2
2404000000.0	977700004.2	734872914.7	2275487054.1
2405000000.0	977866285.1	734966804.8	2276402527.2
2406000000.0	978032484.3	735060640.9	2277317975.3
2407000000.0	978198601.9	735154422.9	2278233398.6
2408000000.0	978364637.8	735248151.0	2279148797.1
2409000000.0	978530592.2	735341825.1	2280064170.6
2410000000.0	978696465.1	735435445.4	2280979519.3
2411000000.0	978862256.6	735529011.8	2281894843.1
2412000000.0	979027966.8	735622524.4	2282810142.1
2413000000.0	979193595.6	735715983.3	2283725416.2
2414000000.0	979359143.2	735809388.4	2284640665.4
2415000000.0	979524609.6	735902739.9	2285555889.7
2416000000.0	979689994.9	735996037.8	2286471089.2
2417000000.0	979855299.2	736089282.2	2287386263.8
2418000000.0	980020522.4	736182473.0	2288301413.6
2419000000.0	980185664.7	736275610.3	2289216538.5
2420000000.0	980350726.1	736368694.3	2290131638.5
2421000000.0	980515706.7	736461724.8	2291046713.7
2422000000.0	980680606.5	736554702.0	2291961764.0
2423000000.0	980845425.6	736647626.0	2292876789.5
2424000000.0	981010164.1	736740496.6	2293791790.1
2425000000.0	981174822.0	736833314.1	2294706765.9
2426000000.0	981339399.3	736926078.5	2295621716.8
2427000000.0	981503896.2	737018789.7	2296536642.8
2428000000.0	981668312.7	737111447.9	2297451544.0
2429000000.0	981832648.8	737204053.1	2298366420.4
2430000000.0	981996904.7	737296605.3	2299281271.9
2431000000.0	982161080.3	737389104.5	2300196098.5
2432000000.0	982325175.7	737481550.9	2301110900.4
2433000000.0	982489191.0	737573944.5	2302025677.3
2434000000.0	982653126.3	737666285.3	2302940429.4
2435000000.0	982816981.6	737758573.3	2303855156.7
2436000000.0	982980756.9	737850808.7	2304769859.1
2437000000.0	983144452.3	737942991.4	2305684536.7
2438000000.0	983308067.9	738035121.5	2306599189.5
2439000000.0	983471603.8	738127199.0	2307513817.4
2440000000.0	983635060.0	738219224.0	2308428420.4
2441000000.0	983798436.5	738311196.6	2309342998.7
2442000000.0	983961733.4	738403116.7	2310257552.0
2443000000.0	984124950.8	738494984.4	2311172080.6
2444000000.0	984288088.7	738586799.8	2312086584.3
2445000000.0	984451147.2	738678562.9	2313001063.2
2446000000.0	984614126.3	738770273.8	2313915517.3
2447000000.0	984777026.1	738861932.5	2314829946.5
2448000000.0	984939846.7	738953539.0	2315744350.9
2449000000.0	985102588.1	739045093.3	2316658730.4
2450000000.0	985265250.4	739136595.7	2317573085.2
2451000000.0	985427833.6	739228046.0	2318487415.1
2452000000.0	985590337.9	739319444.3	2319401720.2
2453000000.0	985752763.1	739410790.7	2320316000.4
2454000000.0	985915109.5	739502085.2	2321230255.8
2455000000.0	986077377.0	739593327.8	2322144486.4
2456000000.0	986239565.7	739684518.7	2323058692.2
2457000000.0	986401675.8	739775657.7	2323972873.2
2458000000.0	986563707.1	739866745.1	2324887029.3
2459000000.0	986725659.9	739957780.8	2325801160.7
2460000000.0	986887534.1	740048764.9	2326715267.2
2461000000.0	987049329.8	740139697.4	2327629348.9
2462000000.0	987211047.0	740230578.3	2328543405.7
2463000000.0	987372685.9	740321407.8	2329457437.8
2464000000.0	987534246.5	740412185.8	2330371445.0
2465000000.0	987695728.8	740502912.4	2331285427.5
2466000000.0	987857132.8	740593587.6	2332199385.1
2467000000.0	988018458.8	740684211.5	2333113317.9
2468000000.0	988179706.6	740774784.2	2334027225.9
2469000000.0	988340876.4	740865305.6	2334941109.1
2470000000.0	988501968.2	740955775.8	2335854967.4
2471000000.0	988662982.1	741046194.9	2336768801.0
2472000000.0	988823918.1	741136562.8	2337682609.8
2473000000.0	988984776.3	741226879.7	2338596393.7
2474000000.0	989145556.8	741317145.6	2339510152.9
2475000000.0	989306259.5	741407360.5	2340423887.3
2476000000.0	989466884.6	741497524.5	2341337596.8
2477000000.0	989627432.2	741587637.6	2342251281.6
2478000000.0	989787902.2	741677699.9	2343164941.5
2479000000.0	989948294.7	741767711.3	2344078576.7
2480000000.0	990108609.8	741857672.0	2344992187.0
2481000000.0	990268847.5	741947582.0	2345905772.6
2482000000.0	990429007.9	742037441.3	2346819333.4
2483000000.0	990589091.1	742127250.0	2347732869.3
2484000000.0	990749097.1	742217008.1	2348646380.5
2485000000.0	990909025.9	742306715.6	2349559866.9
2486000000.0	991068877.7	742396372.7	2350473328.5
2487000000.0	991228652.4	742485979.2	2351386765.3
2488000000.0	991388350.1	742575535.4	2352300177.3
2489000000.0	991547971.0	742665041.2	2353213564.6
2490000000.0	991707515.0	742754496.7	2354126927.0
2491000000.0	991866982.1	742843901.9	2355040264.7
2492000000.0	992026372.5	742933256.8	2355953577.5
2493000000.0	992185686.3	743022561.5	2356866865.6
2494000000.0	992344923.4	743111816.1	2357780128.9
2495000000.0	992504083.9	743201020.5	2358693367.4
2496000000.0	992663167.8	743290174.9	2359606581.2
2497000000.0	992822175.3	743379279.3	2360519770.1
2498000000.0	992981106.4	743468333.6	2361432934.3
2499000000.0	993139961.1	743557338.0	2362346073.7
2500000000.0	993298739.6	743646292.5	2363259188.4
2501000000.0	993457441.7	743735197.1	2364172278.2
2502000000.0	993616067.7	743824051.9	2365085343.3
2503000000.0	993774617.5	743912856.9	2365998383.6
2504000000.0	993933091.2	744001612.2	2366911399.1
2505000000.0	994091488.9	744090317.8	2367824389.9
2506000000.0	994249810.6	744178973.7	2368737355.9
2507000000.0	994408056.4	744267580.0	2369650297.1
2508000000.0	994566226.3	744356136.7	2370563213.5
2509000000.0	994724320.4	744444643.9	2371476105.2
2510000000.0	994882338.8	744533101.6	2372388972.1
2511000000.0	995040281.4	744621509.8	2373301814.3
2512000000.0	995198148.4	744709868.7	2374214631.7
2513000000.0	995355939.8	744798178.2	2375127424.3
2514000000.0	995513655.6	744886438.3	2376040192.1
2515000000.0	995671295.9	744974649.2	2376952935.2
2516000000.0	995828860.9	745062810.8	2377865653.6
2517000000.0	995986350.4	745150923.2	2378778347.2
2518000000.0	996143764.6	745238986.5	2379691016.0
2519000000.0	996301103.5	745327000.7	2380603660.1
2520000000.0	996458367.3	745414965.7	2381516279.4
2521000000.0	996615555.8	745502881.7	2382428873.9
2522000000.0	996772669.2	745590748.8	2383341443.7
2523000000.0	996929707.6	745678566.9	2384253988.8
2524000000.0	997086671.0	745766336.0	2385166509.1
2525000000.0	997243559.4	745854056.3	2386079004.6
2526000000.0	997400373.0	745941727.8	2386991475.4
2527000000.0	997557111.7	746029350.4	2387903921.4
2528000000.0	997713775.6	746116924.4	2388816342.7
2529000000.0	997870364.7	746204449.6	2389728739.3
2530000000.0	998026879.2	746291926.1	2390641111.1
2531000000.0	998183319.1	746379354.0	2391553458.1
2532000000.0	998339684.3	746466733.3	2392465780.5
2533000000.0	998495975.1	746554064.1	2393378078.0
2534000000.0	998652191.4	746641346.4	2394290350.9
2535000000.0	998808333.3	746728580.2	2395202599.0
2536000000.0	998964400.8	746815765.5	2396114822.3
2537000000.0	999120394.0	746902902.5	2397027020.9
2538000000.0	999276312.9	746989991.2	2397939194.8
2539000000.0	999432157.7	747077031.5	2398851343.9
2540000000.0	999587928.3	747164023.6	2399763468.3
2541000000.0	999743624.8	747250967.4	2400675568.0
2542000000.0	999899247.2	747337863.1	2401587642.9
2543000000.0	1000054795.7	747424710.6	2402499693.1
2544000000.0	1000210270.2	747511510.0	2403411718.6
2545000000.0	1000365670.8	747598261.3	2404323719.4
2546000000.0	1000520997.6	747684964.6	2405235695.4
2547000000.0	1000676250.6	747771619.9	2406147646.7
2548000000.0	1000831429.9	747858227.3	2407059573.2
2549000000.0	1000986535.6	747944786.8	2407971475.0
2550000000.0	1001141567.5	748031298.4	2408883352.1
2551000000.0	1001296526.0	748117762.2	2409795204.5
2552000000.0	1001451410.9	748204178.2	2410707032.2
2553000000.0	1001606222.3	748290546.4	2411618835.1
2554000000.0	1001760960.3	748376867.0	2412530613.3
2555000000.0	1001915625.0	748463139.8	2413442366.8
2556000000.0	1002070216.3	748549365.1	2414354095.6
2557000000.0	1002224734.4	748635542.7	2415265799.7
2558000000.0	1002379179.3	748721672.8	2416177479.0
2559000000.0	1002533551.1	748807755.4	2417089133.6
2560000000.0	1002687849.7	748893790.5	2418000763.5
2561000000.0	1002842075.3	748979778.2	2418912368.7
2562000000.0	1002996227.9	749065718.5	2419823949.2
2563000000.0	1003150307.5	749151611.5	2420735505.0
2564000000.0	1003304314.3	749237457.1	2421647036.1
2565000000.0	1003458248.2	749323255.4	2422558542.4
2566000000.0	1003612109.3	749409006.5	2423470024.0
2567000000.0	1003765897.6	749494710.5	2424381481.0
2568000000.0	1003919613.3	749580367.2	2425292913.2
2569000000.0	1004073256.4	749665976.9	2426204320.7
2570000000.0	1004226826.9	749751539.4	2427115703.6
2571000000.0	1004380324.8	749837054.9	2428027061.7
2572000000.0	1004533750.2	749922523.4	2428938395.1
2573000000.0	1004687103.3	750007945.0	2429849703.8
2574000000.0	1004840383.9	750093319.6	2430760987.8
2575000000.0	1004993592.2	750178647.4	2431672247.1
2576000000.0	1005146728.2	750263928.2	2432583481.7
2577000000.0	1005299792.1	750349162.3	2433494691.6
2578000000.0	1005452783.7	750434349.6	2434405876.9
2579000000.0	1005605703.2	750519490.2	2435317037.4
2580000000.0	1005758550.6	750604584.1	2436228173.2
2581000000.0	1005911326.1	750689631.3	2437139284.4
2582000000.0	1006064029.5	750774631.9	2438050370.8
2583000000.0	1006216661.0	750859585.9	2438961432.6
2584000000.0	1006369220.7	750944493.4	2439872469.6
2585000000.0	1006521708.5	751029354.4	2440783482.0
2586000000.0	1006674124.6	751114168.9	2441694469.7
2587000000.0	1006826469.0	751198937.0	2442605432.7
2588000000.0	1006978741.7	751283658.7	2443516371.0
2589000000.0	1007130942.7	751368334.0	2444427284.6
2590000000.0	1007283072.3	751452963.1	2445338173.6
2591000000.0	1007435130.2	751537545.9	2446249037.8
2592000000.0	1007587116.8	751622082.4	2447159877.4
2593000000.0	1007739031.9	751706572.7	2448070692.3
2594000000.0	1007890875.6	751791016.9	2448981482.5
2595000000.0	1008042648.1	751875414.9	2449892248.1
2596000000.0	1008194349.3	751959766.9	2450802988.9
2597000000.0	1008345979.2	752044072.8	2451713705.1
2598000000.0	1008497538.0	752128332.7	2452624396.6
2599000000.0	1008649025.7	752212546.6	2453535063.4
2600000000.0	1008800442.3	752296714.6	2454445705.6
2601000000.0	1008951787.9	752380836.8	2455356323.1
2602000000.0	1009103062.6	752464913.0	2456266915.9
2603000000.0	1009254266.3	752548943.4	2457177484.1
2604000000.0	1009405399.2	752632928.1	2458088027.5
2605000000.0	1009556461.3	752716866.9	2458998546.3
2606000000.0	1009707452.6	752800760.1	2459909040.5
2607000000.0	1009858373.1	752884607.6	2460819509.9
2608000000.0	1010009223.1	752968409.5	2461729954.8
2609000000.0	1010160002.4	753052165.8	2462640374.9
2610000000.0	1010310711.1	753135876.5	2463550770.4
2611000000.0	1010461349.3	753219541.7	2464461141.2
2612000000.0	1010611917.1	753303161.4	2465371487.4
2613000000.0	1010762414.4	753386735.7	2466281808.9
2614000000.0	1010912841.4	753470264.5	2467192105.7
2615000000.0	1011063198.1	753553748.0	2468102377.9
2616000000.0	1011213484.4	753637186.1	2469012625.4
2617000000.0	1011363700.6	753720579.0	2469922848.3
2618000000.0	1011513846.6	753803926.5	2470833046.5
2619000000.0	1011663922.5	753887228.9	2471743220.0
2620000000.0	1011813928.3	753970486.0	2472653368.9
2621000000.0	1011963864.1	754053698.0	2473563493.2
2622000000.0	1012113729.9	754136864.9	2474473592.8
2623000000.0	1012263525.8	754219986.7	2475383667.7
2624000000.0	1012413251.8	754303063.5	2476293718.0
2625000000.0	1012562908.0	754386095.2	2477203743.7
2626000000.0	1012712494.4	754469082.0	2478113744.7
2627000000.0	1012862011.0	754552023.8	2479023721.0
2628000000.0	1013011458.0	754634920.8	2479933672.8
2629000000.0	1013160835.4	754717772.9	2480843599.8
2630000000.0	1013310143.2	754800580.1	2481753502.3
2631000000.0	1013459381.4	754883342.6	2482663380.0
2632000000.0	1013608550.2	754966060.3	2483573233.2
2633000000.0	1013757649.5	755048733.3	2484483061.7
2634000000.0	1013906679.4	755131361.7	2485392865.6
2635000000.0	1014055640.0	755213945.3	2486302644.8
2636000000.0	1014204531.3	755296484.4	2487212399.4
2637000000.0	1014353353.4	755378978.9	2488122129.3
2638000000.0	1014502106.2	755461428.9	2489031834.7
2639000000.0	1014650790.0	755543834.4	2489941515.3
2640000000.0	1014799404.6	755626195.4	2490851171.4
2641000000.0	1014947950.1	755708512.0	2491760802.8
2642000000.0	1015096426.7	755790784.2	2492670409.6
2643000000.0	1015244834.3	755873012.0	2493579991.8
2644000000.0	1015393173.0	755955195.5	2494489549.3
2645000000.0	1015541442.8	756037334.8	2495399082.2
2646000000.0	1015689643.9	756119429.7	2496308590.5
2647000000.0	1015837776.1	756201480.5	2497218074.2
2648000000.0	1015985839.7	756283487.1	2498127533.2
2649000000.0	1016133834.6	756365449.6	2499036967.6
2650000000.0	1016281760.8	756447367.9	2499946377.4
2651000000.0	1016429618.5	756529242.2	2500855762.6
2652000000.0	1016577407.7	756611072.5	2501765123.1
2653000000.0	1016725128.4	756692858.7	2502674459.0
2654000000.0	1016872780.6	756774601.0	2503583770.3
2655000000.0	1017020364.5	756856299.4	2504493057.0
2656000000.0	1017167880.1	756937953.9	2505402319.1
2657000000.0	1017315327.3	757019564.5	2506311556.6
2658000000.0	1017462706.4	757101131.3	2507220769.4
2659000000.0	1017610017.2	757182654.3	2508129957.6
2660000000.0	1017757259.9	757264133.5	2509039121.3
2661000000.0	1017904434.5	757345569.1	2509948260.3
2662000000.0	1018051541.0	757426961.0	2510857374.7
2663000000.0	1018198579.5	757508309.2	2511766464.4
2664000000.0	1018345550.1	757589613.8	2512675529.6
2665000000.0	1018492452.8	757670874.8	2513584570.2
2666000000.0	1018639287.6	757752092.3	2514493586.2
2667000000.0	1018786054.6	757833266.3	2515402577.5
2668000000.0	1018932753.8	757914396.8	2516311544.3
2669000000.0	1019079385.3	757995483.9	2517220486.4
2670000000.0	1019225949.2	758076527.6	2518129404.0
2671000000.0	1019372445.4	758157527.9	2519038297.0
2672000000.0	1019518874.0	758238484.9	2519947165.3
2673000000.0	1019665235.1	758319398.6	2520856009.1
2674000000.0	1019811528.7	758400269.0	2521764828.2
2675000000.0	1019957754.9	758481096.3	2522673622.8
2676000000.0	1020103913.6	758561880.3	2523582392.7
2677000000.0	1020250005.1	758642621.1	2524491138.1
2678000000.0	1020396029.2	758723318.9	2525399858.9
2679000000.0	1020541986.1	758803973.5	2526308555.1
2680000000.0	1020687875.7	758884585.1	2527217226.7
2681000000.0	1020833698.2	758965153.7	2528125873.7
2682000000.0	1020979453.6	759045679.3	2529034496.1
2683000000.0	1021125142.0	759126161.9	2529943093.9
2684000000.0	1021270763.3	759206601.7	2530851667.1
2685000000.0	1021416317.6	759286998.5	2531760215.8
2686000000.0	1021561805.0	759367352.5	2532668739.8
2687000000.0	1021707225.5	759447663.7	2533577239.3
2688000000.0	1021852579.2	759527932.1	2534485714.2
2689000000.0	1021997866.1	759608157.8	2535394164.5
2690000000.0	1022143086.2	759688340.7	2536302590.3
2691000000.0	1022288239.6	759768481.0	2537210991.4
2692000000.0	1022433326.4	759848578.6	2538119368.0
2693000000.0	1022578346.6	759928633.6	2539027720.0
2694000000.0	1022723300.2	760008646.1	2539936047.4
2695000000.0	1022868187.3	760088616.0	2540844350.2
2696000000.0	1023013008.0	760168543.4	2541752628.5
2697000000.0	1023157762.2	760248428.3	2542660882.2
2698000000.0	1023302450.0	760328270.8	2543569111.3
2699000000.0	1023447071.5	760408070.9	2544477315.9
2700000000.0	1023591626.7	760487828.6	2545385495.8
2701000000.0	1023736115.7	760567544.0	2546293651.2
2702000000.0	1023880538.5	760647217.1	2547201782.1
2703000000.0	1024024895.1	760726847.9	2548109888.3
2704000000.0	1024169185.6	760806436.5	2549017970.0
2705000000.0	1024313410.1	760885982.8	2549926027.2
2706000000.0	1024457568.5	760965487.0	2550834059.7
2707000000.0	1024601661.0	761044949.1	2551742067.7
2708000000.0	1024745687.6	761124369.1	2552650051.2
2709000000.0	1024889648.2	761203747.0	2553558010.1
2710000000.0	1025033543.1	761283082.8	2554465944.4
2711000000.0	1025177372.1	761362376.7	2555373854.1
2712000000.0	1025321135.4	761441628.6	2556281739.3
2713000000.0	1025464833.1	761520838.5	2557189600.0
2714000000.0	1025608465.0	761600006.6	2558097436.1
2715000000.0	1025752031.4	761679132.8	2559005247.6
2716000000.0	1025895532.2	761758217.1	2559913034.6
2717000000.0	1026038967.4	761837259.7	2560820797.0
2718000000.0	1026182337.2	761916260.4	2561728534.9
2719000000.0	1026325641.6	761995219.5	2562636248.2
2720000000.0	1026468880.6	762074136.8	2563543936.9
2721000000.0	1026612054.2	762153012.5	2564451601.2
2722000000.0	1026755162.6	762231846.5	2565359240.8
2723000000.0	1026898205.7	762310638.9	2566266855.9
2724000000.0	1027041183.6	762389389.8	2567174446.5
2725000000.0	1027184096.3	762468099.1	2568082012.5
2726000000.0	1027326943.9	762546766.9	2568989554.0
2727000000.0	1027469726.5	762625393.3	2569897071.0
2728000000.0	1027612444.0	762703978.2	2570804563.4
2729000000.0	1027755096.5	762782521.6	2571712031.2
2730000000.0	1027897684.1	762861023.8	2572619474.5
2731000000.0	1028040206.8	762939484.5	2573526893.3
2732000000.0	1028182664.7	763017904.0	2574434287.5
2733000000.0	1028325057.8	763096282.2	2575341657.2
2734000000.0	1028467386.1	763174619.2	2576249002.4
2735000000.0	1028609649.6	763252914.9	2577156323.0
2736000000.0	1028751848.5	763331169.4	2578063619.1
2737000000.0	1028893982.8	763409382.9	2578970890.7
2738000000.0	1029036052.5	763487555.2	2579878137.7
2739000000.0	1029178057.6	763565686.4	2580785360.2
2740000000.0	1029319998.3	763643776.5	2581692558.1
2741000000.0	1029461874.5	763721825.7	2582599731.6
2742000000.0	1029603686.3	763799833.9	2583506880.5
2743000000.0	1029745433.7	763877801.1	2584414004.9
2744000000.0	1029887116.8	763955727.4	2585321104.7
2745000000.0	1030028735.6	764033612.8	2586228180.1
2746000000.0	1030170290.2	764111457.3	2587135230.9
2747000000.0	1030311780.6	764189261.1	2588042257.1
2748000000.0	1030453206.9	764267024.0	2588949258.9
2749000000.0	1030594569.1	764344746.2	2589856236.1
2750000000.0	1030735867.1	764422427.7	2590763188.8
2751000000.0	1030877101.2	764500068.4	2591670117.0
2752000000.0	1031018271.3	764577668.5	2592577020.7
2753000000.0	1031159377.5	764655228.0	2593483899.9
2754000000.0	1031300419.8	764732746.8	2594390754.5
2755000000.0	1031441398.3	764810225.1	2595297584.7
2756000000.0	1031582312.9	764887662.9	2596204390.3
2757000000.0	1031723163.8	764965060.2	2597111171.4
2758000000.0	1031863951.0	765042416.9	2598017928.0
2759000000.0	1032004674.5	765119733.3	2598924660.1
2760000000.0	1032145334.4	765197009.2	2599831367.6
2761000000.0	1032285930.7	765274244.8	2600738050.7
2762000000.0	1032426463.5	765351440.0	2601644709.3
2763000000.0	1032566932.8	765428594.9	2602551343.3
2764000000.0	1032707338.6	765505709.5	2603457952.8
2765000000.0	1032847681.0	765582783.9	2604364537.9
2766000000.0	1032987960.0	765659818.1	2605271098.4
2767000000.0	1033128175.8	765736812.0	2606177634.4
2768000000.0	1033268328.2	765813765.8	2607084146.0
2769000000.0	1033408417.4	765890679.5	2607990633.0
2770000000.0	1033548443.4	765967553.1	2608897095.5
2771000000.0	1033688406.2	766044386.6	2609803533.6
2772000000.0	1033828306.0	766121180.1	2610709947.1
2773000000.0	1033968142.7	766197933.6	2611616336.1
2774000000.0	1034107916.3	766274647.2	2612522700.7
2775000000.0	1034247627.0	766351320.8	2613429040.7
2776000000.0	1034387274.7	766427954.4	2614335356.3
2777000000.0	1034526859.5	766504548.3	2615241647.3
2778000000.0	1034666381.5	766581102.2	2616147913.9
2779000000.0	1034805840.7	766657616.4	2617054156.0
2780000000.0	1034945237.0	766734090.8	2617960373.5
2781000000.0	1035084570.7	766810525.4	2618866566.6
2782000000.0	1035223841.7	766886920.3	2619772735.2
2783000000.0	1035363050.0	766963275.5	2620678879.4
2784000000.0	1035502195.7	767039591.1	2621584999.0
2785000000.0	1035641278.9	767115867.0	2622491094.2
2786000000.0	1035780299.6	767192103.4	2623397164.8
2787000000.0	1035919257.8	767268300.1	2624303211.0
2788000000.0	1036058153.5	767344457.4	2625209232.7
2789000000.0	1036196986.9	767420575.1	2626115230.0
2790000000.0	1036335757.9	767496653.4	2627021202.7
2791000000.0	1036474466.6	767572692.2	2627927151.0
2792000000.0	1036613113.0	767648691.6	2628833074.8
2793000000.0	1036751697.3	767724651.7	2629738974.1
2794000000.0	1036890219.3	767800572.3	2630644848.9
2795000000.0	1037028679.2	767876453.7	2631550699.3
2796000000.0	1037167077.0	767952295.8	2632456525.2
2797000000.0	1037305412.7	768028098.6	2633362326.6
2798000000.0	1037443686.5	768103862.2	2634268103.5
2799000000.0	1037581898.2	768179586.6	2635173856.0
2800000000.0	1037720048.1	768255271.8	2636079584.0
2801000000.0	1037858136.0	768330917.9	2636985287.6
2802000000.0	1037996162.1	768406524.9	2637890966.6
2803000000.0	1038134126.4	768482092.8	2638796621.2
2804000000.0	1038272029.0	768557621.6	2639702251.4
2805000000.0	1038409869.8	768633111.5	2640607857.1
2806000000.0	1038547648.9	768708562.3	2641513438.3
2807000000.0	1038685366.4	768783974.2	2642418995.0
2808000000.0	1038823022.3	768859347.2	2643324527.3
2809000000.0	1038960616.6	768934681.3	2644230035.1
2810000000.0	1039098149.4	769009976.5	2645135518.5
2811000000.0	1039235620.8	769085232.9	2646040977.4
2812000000.0	1039373030.7	769160450.5	2646946411.9
2813000000.0	1039510379.2	769235629.3	2647851821.9
2814000000.0	1039647666.4	769310769.4	2648757207.4
2815000000.0	1039784892.2	769385870.7	2649662568.5
2816000000.0	1039922056.8	769460933.4	2650567905.2
2817000000.0	1040059160.2	769535957.4	2651473217.3
2818000000.0	1040196202.4	769610942.8	2652378505.1
2819000000.0	1040333183.4	769685889.6	2653283768.4
2820000000.0	1040470103.3	769760797.8	2654189007.2
2821000000.0	1040606962.2	769835667.5	2655094221.6
2822000000.0	1040743760.0	769910498.7	2655999411.5
2823000000.0	1040880496.9	769985291.4	2656904577.0
2824000000.0	1041017172.8	770060045.6	2657809718.1
2825000000.0	1041153787.8	770134761.5	2658714834.7
2826000000.0	1041290342.0	770209438.9	2659619926.8
2827000000.0	1041426835.3	770284078.0	2660524994.6
2828000000.0	1041563267.9	770358678.8	2661430037.8
2829000000.0	1041699639.7	770433241.3	2662335056.7
2830000000.0	1041835950.8	770507765.5	2663240051.1
2831000000.0	1041972201.3	770582251.4	2664145021.0
2832000000.0	1042108391.1	770656699.2	2665049966.6
2833000000.0	1042244520.4	770731108.8	2665954887.7
2834000000.0	1042380589.1	770805480.2	2666859784.3
2835000000.0	1042516597.4	770879813.5	2667764656.5
2836000000.0	1042652545.2	770954108.7	2668669504.3
2837000000.0	1042788432.5	771028365.8	2669574327.7
2838000000.0	1042924259.5	771102585.0	2670479126.6
2839000000.0	1043060026.2	771176766.1	2671383901.1
2840000000.0	1043195732.6	771250909.2	2672288651.2
2841000000.0	1043331378.7	771325014.4	2673193376.8
2842000000.0	1043466964.6	771399081.6	2674098078.1
2843000000.0	1043602490.3	771473111.0	2675002754.8
2844000000.0	1043737955.9	771547102.5	2675907407.2
2845000000.0	1043873361.4	771621056.2	2676812035.2
2846000000.0	1044008706.9	771694972.1	2677716638.7
2847000000.0	1044143992.3	771768850.2	2678621217.8
2848000000.0	1044279217.8	771842690.6	2679525772.4
2849000000.0	1044414383.3	771916493.2	2680430302.7
2850000000.0	1044549488.9	771990258.2	2681334808.5
2851000000.0	1044684534.7	772063985.5	2682239290.0
2852000000.0	1044819520.7	772137675.2	2683143747.0
2853000000.0	1044954446.8	772211327.3	2684048179.6
2854000000.0	1045089313.3	772284941.8	2684952587.7
2855000000.0	1045224120.1	772358518.8	2685856971.5
2856000000.0	1045358867.2	772432058.2	2686761330.8
2857000000.0	1045493554.7	772505560.2	2687665665.8
2858000000.0	1045628182.6	772579024.7	2688569976.3
2859000000.0	1045762750.9	772652451.8	2689474262.4
2860000000.0	1045897259.8	772725841.5	2690378524.1
2861000000.0	1046031709.2	772799193.9	2691282761.4
2862000000.0	1046166099.2	772872508.8	2692186974.3
2863000000.0	1046300429.9	772945786.5	2693091162.8
2864000000.0	1046434701.1	773019026.9	2693995326.9
2865000000.0	1046568913.1	773092230.0	2694899466.6
2866000000.0	1046703065.8	773165395.9	2695803581.9
2867000000.0	1046837159.3	773238524.6	2696707672.8
2868000000.0	1046971193.6	773311616.2	2697611739.2
2869000000.0	1047105168.8	773384670.6	2698515781.3
2870000000.0	1047239084.9	773457687.9	2699419799.0
2871000000.0	1047372941.9	773530668.0	2700323792.3
2872000000.0	1047506739.8	773603611.2	2701227761.2
2873000000.0	1047640478.8	773676517.3	2702131705.7
2874000000.0	1047774158.9	773749386.4	2703035625.8
2875000000.0	1047907780.0	773822218.5	2703939521.5
2876000000.0	1048041342.3	773895013.7	2704843392.8
2877000000.0	1048174845.7	773967772.0	2705747239.7
2878000000.0	1048308290.3	774040493.4	2706651062.2
2879000000.0	1048441676.2	774113177.9	2707554860.4
2880000000.0	1048575003.4	774185825.6	2708458634.1
2881000000.0	1048708271.8	774258436.5	2709362383.5
2882000000.0	1048841481.7	774331010.6	2710266108.5
2883000000.0	1048974632.9	774403547.9	2711169809.1
2884000000.0	1049107725.6	774476048.6	2712073485.3
2885000000.0	1049240759.8	774548512.5	2712977137.1
2886000000.0	1049373735.5	774620939.8	2713880764.6
2887000000.0	1049506652.7	774693330.5	2714784367.6
2888000000.0	1049639511.6	774765684.5	2715687946.3
2889000000.0	1049772312.0	774838001.9	2716591500.6
2890000000.0	1049905054.2	774910282.8	2717495030.6
2891000000.0	1050037738.0	774982527.2	2718398536.1
2892000000.0	1050170363.6	775054735.1	2719302017.3
2893000000.0	1050302931.0	775126906.5	2720205474.1
2894000000.0	1050435440.2	775199041.5	2721108906.5
2895000000.0	1050567891.3	775271140.0	2722012314.6
2896000000.0	1050700284.2	775343202.2	2722915698.2
2897000000.0	1050832619.1	775415228.0	2723819057.6
2898000000.0	1050964896.0	775487217.4	2724722392.5
2899000000.0	1051097114.9	775559170.6	2725625703.1
2900000000.0	1051229275.9	775631087.5	2726528989.3
2901000000.0	1051361378.9	775702968.1	2727432251.1
2902000000.0	1051493424.1	775774812.5	2728335488.6
2903000000.0	1051625411.5	775846620.7	2729238701.7
2904000000.0	1051757341.0	775918392.8	2730141890.4
2905000000.0	1051889212.8	775990128.7	2731045054.8
2906000000.0	1052021026.9	776061828.5	2731948194.8
2907000000.0	1052152783.3	776133492.2	2732851310.5
2908000000.0	1052284482.0	776205119.8	2733754401.8
2909000000.0	1052416123.2	776276711.4	2734657468.7
2910000000.0	1052547706.7	776348267.0	2735560511.3
2911000000.0	1052679232.8	776419786.6	2736463529.5
2912000000.0	1052810701.4	776491270.3	2737366523.4
2913000000.0	1052942112.5	776562718.1	2738269492.9
2914000000.0	1053073466.2	776634129.9	2739172438.1
2915000000.0	1053204762.5	776705505.9	2740075358.9
2916000000.0	1053336001.4	776776846.1	2740978255.3
2917000000.0	1053467183.1	776848150.4	2741881127.4
2918000000.0	1053598307.5	776919418.9	2742783975.2
2919000000.0	1053729374.7	776990651.7	2743686798.6
2920000000.0	1053860384.7	777061848.8	2744589597.6
2921000000.0	1053991337.5	777133010.1	2745492372.4
2922000000.0	1054122233.2	777204135.8	2746395122.7
2923000000.0	1054253071.8	777275225.8	2747297848.7
2924000000.0	1054383853.4	777346280.1	2748200550.4
2925000000.0	1054514578.0	777417298.9	2749103227.8
2926000000.0	1054645245.6	777488282.1	2750005880.7
2927000000.0	1054775856.3	777559229.8	2750908509.4
2928000000.0	1054906410.1	777630141.9	2751811113.7
2929000000.0	1055036907.1	777701018.5	2752713693.7
2930000000.0	1055167347.2	777771859.7	2753616249.3
2931000000.0	1055297730.5	777842665.5	2754518780.6
2932000000.0	1055428057.1	777913435.8	2755421287.6
2933000000.0	1055558327.0	777984170.7	2756323770.2
2934000000.0	1055688540.2	778054870.3	2757226228.5
2935000000.0	1055818696.8	778125534.5	2758128662.5
2936000000.0	1055948796.8	778196163.4	2759031072.1
2937000000.0	1056078840.2	778266757.1	2759933457.4
2938000000.0	1056208827.2	778337315.5	2760835818.4
2939000000.0	1056338757.6	778407838.7	2761738155.0
2940000000.0	1056468631.6	778478326.6	2762640467.3
2941000000.0	1056598449.1	778548779.4	2763542755.3
2942000000.0	1056728210.3	778619197.0	2764445019.0
2943000000.0	1056857915.2	778689579.6	2765347258.3
2944000000.0	1056987563.7	778759927.0	2766249473.3
2945000000.0	1057117156.0	778830239.3	2767151664.0
2946000000.0	1057246692.1	778900516.6	2768053830.4
2947000000.0	1057376171.9	778970758.9	2768955972.5
2948000000.0	1057505595.6	779040966.2	2769858090.2
2949000000.0	1057634963.2	779111138.5	2770760183.6
2950000000.0	1057764274.7	779181275.9	2771662252.7
2951000000.0	1057893530.2	779251378.4	2772564297.5
2952000000.0	1058022729.7	779321446.0	2773466317.9
2953000000.0	1058151873.1	779391478.7	2774368314.1
2954000000.0	1058280960.7	779461476.6	2775270285.9
2955000000.0	1058409992.3	779531439.7	2776172233.4
2956000000.0	1058538968.1	779601368.0	2777074156.7
2957000000.0	1058667888.1	779671261.5	2777976055.6
2958000000.0	1058796752.2	779741120.3	2778877930.1
2959000000.0	1058925560.6	779810944.4	2779779780.4
2960000000.0	1059054313.3	779880733.9	2780681606.4
2961000000.0	1059183010.3	779950488.6	2781583408.1
2962000000.0	1059311651.7	780020208.8	2782485185.4
2963000000.0	1059440237.4	780089894.3	2783386938.5
2964000000.0	1059568767.6	780159545.3	2784288667.3
2965000000.0	1059697242.2	780229161.7	2785190371.7
2966000000.0	1059825661.3	780298743.6	2786092051.9
2967000000.0	1059954025.0	780368291.0	2786993707.7
2968000000.0	1060082333.2	780437803.9	2787895339.3
2969000000.0	1060210586.1	780507282.3	2788796946.5
2970000000.0	1060338783.5	780576726.4	2789698529.5
2971000000.0	1060466925.7	780646136.0	2790600088.1
2972000000.0	1060595012.6	780715511.3	2791501622.5
2973000000.0	1060723044.2	780784852.2	2792403132.6
2974000000.0	1060851020.6	780854158.8	2793304618.3
2975000000.0	1060978941.8	780923431.1	2794206079.8
2976000000.0	1061106807.9	780992669.2	2795107517.0
2977000000.0	1061234618.8	781061873.0	2796008929.9
2978000000.0	1061362374.7	781131042.5	2796910318.5
2979000000.0	1061490075.6	781200177.9	2797811682.9
2980000000.0	1061617721.4	781269279.1	2798713022.9
2981000000.0	1061745312.3	781338346.2	2799614338.7
2982000000.0	1061872848.3	781407379.2	2800515630.1
2983000000.0	1062000329.3	781476378.0	2801416897.3
2984000000.0	1062127755.5	781545342.8	2802318140.2
2985000000.0	1062255126.9	781614273.6	2803219358.8
2986000000.0	1062382443.5	781683170.3	2804120553.2
2987000000.0	1062509705.3	781752033.1	2805021723.2
2988000000.0	1062636912.4	781820861.8	2805922869.0
2989000000.0	1062764064.9	781889656.7	2806823990.5
2990000000.0	1062891162.7	781958417.6	2807725087.7
2991000000.0	1063018205.8	782027144.6	2808626160.7
2992000000.0	1063145194.4	782095837.8	2809527209.3
2993000000.0	1063272128.5	782164497.1	2810428233.7
2994000000.0	1063399008.0	782233122.6	2811329233.9
2995000000.0	1063525833.1	782301714.4	2812230209.7
2996000000.0	1063652603.7	782370272.3	2813131161.3
2997000000.0	1063779319.9	782438796.5	2814032088.6
2998000000.0	1063905981.8	782507287.0	2814932991.6
2999000000.0	1064032589.3	782575743.8	2815833870.4
3000000000.0	1064159142.5	782644167.0	2816734724.9
3001000000.0	1064285641.5	782712556.5	2817635555.2
3002000000.0	1064412086.3	782780912.3	2818536361.1
3003000000.0	1064538476.8	782849234.6	2819437142.8
3004000000.0	1064664813.2	782917523.3	2820337900.3
3005000000.0	1064791095.5	782985778.5	2821238633.5
3006000000.0	1064917323.6	783054000.2	2822139342.4
3007000000.0	1065043497.8	783122188.3	2823040027.1
3008000000.0	1065169617.9	783190343.0	2823940687.5
3009000000.0	1065295684.0	783258464.3	2824841323.6
3010000000.0	1065421696.2	783326552.1	2825741935.5
3011000000.0	1065547654.4	783394606.6	2826642523.1
3012000000.0	1065673558.8	783462627.7	2827543086.5
3013000000.0	1065799409.3	783530615.4	2828443625.6
3014000000.0	1065925206.1	783598569.8	2829344140.5
3015000000.0	1066050949.0	783666490.9	2830244631.1
3016000000.0	1066176638.2	783734378.7	2831145097.5
3017000000.0	1066302273.7	783802233.3	2832045539.6
3018000000.0	1066427855.5	783870054.7	2832945957.5
3019000000.0	1066553383.7	783937842.9	2833846351.1
3020000000.0	1066678858.3	784005597.8	2834746720.5
3021000000.0	1066804279.3	784073319.7	2835647065.6
3022000000.0	1066929646.8	784141008.4	2836547386.5
3023000000.0	1067054960.8	784208664.0	2837447683.1
3024000000.0	1067180221.3	784276286.6	2838347955.5
3025000000.0	1067305428.3	784343876.1	2839248203.6
3026000000.0	1067430582.0	784411432.5	2840148427.6
3027000000.0	1067555682.3	784478956.0	2841048627.2
3028000000.0	1067680729.3	784546446.4	2841948802.7
3029000000.0	1067805723.0	784613904.0	2842848953.9
3030000000.0	1067930663.4	784681328.5	2843749080.8
3031000000.0	1068055550.6	784748720.2	2844649183.5
3032000000.0	1068180384.6	784816079.0	2845549262.0
3033000000.0	1068305165.4	784883404.9	2846449316.3
3034000000.0	1068429893.1	784950698.0	2847349346.3
3035000000.0	1068554567.7	785017958.3	2848249352.1
3036000000.0	1068679189.3	785085185.8	2849149333.6
3037000000.0	1068803757.8	785152380.6	2850049291.0
3038000000.0	1068928273.3	785219542.6	2850949224.0
3039000000.0	1069052735.9	785286671.8	2851849132.9
3040000000.0	1069177145.6	785353768.4	2852749017.6
3041000000.0	1069301502.3	785420832.3	2853648878.0
3042000000.0	1069425806.3	785487863.6	2854548714.2
3043000000.0	1069550057.4	785554862.3	2855448526.1
3044000000.0	1069674255.7	785621828.3	2856348313.9
3045000000.0	1069798401.2	785688761.8	2857248077.4
3046000000.0	1069922494.0	785755662.8	2858147816.7
3047000000.0	1070046534.2	785822531.2	2859047531.8
3048000000.0	1070170521.6	785889367.1	2859947222.6
3049000000.0	1070294456.5	785956170.5	2860846889.3
3050000000.0	1070418338.8	786022941.5	2861746531.7
3051000000.0	1070542168.5	786089680.0	2862646149.9
3052000000.0	1070665945.7	786156386.2	2863545743.9
3053000000.0	1070789670.4	786223059.9	2864445313.7
3054000000.0	1070913342.7	786289701.3	2865344859.3
3055000000.0	1071036962.5	786356310.4	2866244380.6
3056000000.0	1071160530.0	786422887.2	2867143877.8
3057000000.0	1071284045.1	786489431.6	2868043350.7
3058000000.0	1071407507.9	786555943.8	2868942799.4
3059000000.0	1071530918.3	786622423.8	2869842223.9
3060000000.0	1071654276.6	786688871.5	2870741624.3
3061000000.0	1071777582.6	786755287.0	2871641000.4
3062000000.0	1071900836.4	786821670.4	2872540352.3
3063000000.0	1072024038.1	786888021.6	2873439680.0
3064000000.0	1072147187.7	786954340.7	2874338983.5
3065000000.0	1072270285.1	787020627.7	2875238262.7
3066000000.0	1072393330.5	787086882.6	2876137517.8
3067000000.0	1072516323.9	787153105.5	2877036748.7
3068000000.0	1072639265.3	787219296.3	2877935955.4
3069000000.0	1072762154.8	787285455.1	2878835137.9
3070000000.0	1072884992.3	787351581.9	2879734296.2
3071000000.0	1073007777.9	787417676.8	2880633430.3
3072000000.0	1073130511.7	787483739.7	2881532540.2
3073000000.0	1073253193.6	787549770.8	2882431625.9
3074000000.0	1073375823.8	787615769.9	2883330687.4
3075000000.0	1073498402.2	787681737.1	2884229724.8
3076000000.0	1073620928.8	787747672.5	2885128737.9
3077000000.0	1073743403.8	787813576.1	2886027726.9
3078000000.0	1073865827.1	787879447.9	2886926691.6
3079000000.0	1073988198.8	787945287.9	2887825632.2
3080000000.0	1074110518.9	788011096.1	2888724548.6
3081000000.0	1074232787.4	788076872.6	2889623440.8
3082000000.0	1074355004.4	788142617.5	2890522308.8
3083000000.0	1074477169.9	788208330.6	2891421152.6
3084000000.0	1074599284.0	788274012.0	2892319972.2
3085000000.0	1074721346.6	788339661.8	2893218767.7
3086000000.0	1074843357.8	788405280.0	2894117539.0
3087000000.0	1074965317.6	788470866.7	2895016286.1
3088000000.0	1075087226.1	788536421.7	2895915009.0
3089000000.0	1075209083.3	788601945.2	2896813707.8
3090000000.0	1075330889.2	788667437.1	2897712382.3
3091000000.0	1075452643.9	788732897.6	2898611032.7
3092000000.0	1075574347.4	788798326.6	2899509658.9
3093000000.0	1075695999.7	788863724.1	2900408261.0
3094000000.0	1075817600.9	788929090.2	2901306838.8
3095000000.0	1075939150.9	788994424.8	2902205392.5
3096000000.0	1076060649.9	789059728.1	2903103922.1
3097000000.0	1076182097.8	789125000.0	2904002427.4
3098000000.0	1076303494.7	789190240.6	2904900908.6
3099000000.0	1076424840.7	789255449.8	2905799365.6
3100000000.0	1076546135.7	789320627.8	2906697798.5
3101000000.0	1076667379.8	789385774.5	2907596207.2
3102000000.0	1076788572.9	789450889.9	2908494591.7
3103000000.0	1076909715.3	789515974.1	2909392952.0
3104000000.0	1077030806.8	789581027.0	2910291288.2
3105000000.0	1077151847.5	789646048.8	2911189600.3
3106000000.0	1077272837.5	789711039.4	2912087888.1
3107000000.0	1077393776.8	789775998.9	2912986151.9
3108000000.0	1077514665.3	789840927.3	2913884391.4
3109000000.0	1077635503.2	789905824.5	2914782606.8
3110000000.0	1077756290.5	789970690.7	2915680798.0
3111000000.0	1077877027.2	790035525.9	2916578965.1
3112000000.0	1077997713.3	790100330.0	2917477108.1
3113000000.0	1078118348.8	790165103.1	2918375226.8
3114000000.0	1078238933.9	790229845.2	2919273321.4
3115000000.0	1078359468.5	790294556.3	2920171391.9
3116000000.0	1078479952.7	790359236.5	2921069438.2
3117000000.0	1078600386.4	790423885.8	2921967460.4
3118000000.0	1078720769.8	790488504.2	2922865458.4
3119000000.0	1078841102.9	790553091.7	2923763432.3
3120000000.0	1078961385.6	790617648.4	2924661382.0
3121000000.0	1079081618.0	790682174.2	2925559307.6
3122000000.0	1079201800.2	790746669.2	2926457209.0
3123000000.0	1079321932.2	790811133.5	2927355086.3
3124000000.0	1079442014.0	790875566.9	2928252939.4
3125000000.0	1079562045.7	790939969.7	2929150768.5
3126000000.0	1079682027.2	791004341.7	2930048573.3
3127000000.0	1079801958.6	791068683.0	2930946354.0
3128000000.0	1079921840.0	791132993.6	2931844110.6
3129000000.0	1080041671.3	791197273.6	2932741843.1
3130000000.0	1080161452.6	791261522.9	2933639551.4
3131000000.0	1080281184.0	791325741.7	2934537235.5
3132000000.0	1080400865.5	791389929.8	2935434895.6
3133000000.0	1080520497.0	791454087.4	2936332531.5
3134000000.0	1080640078.7	791518214.4	2937230143.2
3135000000.0	1080759610.5	791582310.9	2938127730.9
3136000000.0	1080879092.5	791646376.9	2939025294.4
3137000000.0	1080998524.7	791710412.4	2939922833.8
3138000000.0	1081117907.2	791774417.5	2940820349.0
3139000000.0	1081237240.0	791838392.1	2941717840.1
3140000000.0	1081356523.1	791902336.4	2942615307.1
3141000000.0	1081475756.5	791966250.2	2943512750.0
3142000000.0	1081594940.3	792030133.6	2944410168.7
3143000000.0	1081714074.5	792093986.7	2945307563.4
3144000000.0	1081833159.1	792157809.5	2946204933.8
3145000000.0	1081952194.3	792221602.0	2947102280.2
3146000000.0	1082071179.9	792285364.1	2947999602.5
3147000000.0	1082190116.0	792349096.1	2948896900.6
3148000000.0	1082309002.7	792412797.7	2949794174.6
3149000000.0	1082427840.0	792476469.2	2950691424.5
3150000000.0	1082546628.0	792540110.4	2951588650.3
3151000000.0	1082665366.5	792603721.5	2952485851.9
3152000000.0	1082784055.8	792667302.4	2953383029.5
3153000000.0	1082902695.8	792730853.2	2954280182.9
3154000000.0	1083021286.5	792794373.9	2955177312.2
3155000000.0	1083139828.0	792857864.5	2956074417.4
3156000000.0	1083258320.3	792921325.0	2956971498.5
3157000000.0	1083376763.5	792984755.5	2957868555.5
3158000000.0	1083495157.5	793048155.9	2958765588.4
3159000000.0	1083613502.4	793111526.3	2959662597.2
3160000000.0	1083731798.2	793174866.8	2960559581.8
3161000000.0	1083850045.0	793238177.3	2961456542.4
3162000000.0	1083968242.8	793301457.8	2962353478.8
3163000000.0	1084086391.7	793364708.4	2963250391.2
3164000000.0	1084204491.5	793427929.1	2964147279.4
3165000000.0	1084322542.5	793491120.0	2965044143.6
3166000000.0	1084440544.5	793554280.9	2965940983.6
3167000000.0	1084558497.7	793617412.1	2966837799.5
3168000000.0	1084676402.1	793680513.4	2967734591.4
3169000000.0	1084794257.7	793743585.0	2968631359.1
3170000000.0	1084912064.5	793806626.7	2969528102.8
3171000000.0	1085029822.6	793869638.7	2970424822.3
3172000000.0	1085147532.0	793932621.0	2971321517.8
3173000000.0	1085265192.7	793995573.6	2972218189.1
3174000000.0	1085382804.7	794058496.4	2973114836.4
3175000000.0	1085500368.2	794121389.7	2974011459.6
3176000000.0	1085617883.0	794184253.2	2974908058.6
3177000000.0	1085735349.3	794247087.2	2975804633.6
3178000000.0	1085852767.1	794309891.5	2976701184.5
3179000000.0	1085970136.4	794372666.2	2977597711.3
3180000000.0	1086087457.2	794435411.4	2978494214.1
3181000000.0	1086204729.6	794498127.1	2979390692.7
3182000000.0	1086321953.6	794560813.2	2980287147.3
3183000000.0	1086439129.2	794623469.8	2981183577.7
3184000000.0	1086556256.4	794686096.9	2982079984.1
3185000000.0	1086673335.4	794748694.6	2982976366.4
3186000000.0	1086790366.0	794811262.9	2983872724.6
3187000000.0	1086907348.4	794873801.7	2984769058.8
3188000000.0	1087024282.6	794936311.1	2985665368.9
3189000000.0	1087141168.6	794998791.2	2986561654.8
3190000000.0	1087258006.4	795061241.9	2987457916.8
3191000000.0	1087374796.1	795123663.2	2988354154.6
3192000000.0	1087491537.6	795186055.3	2989250368.3
3193000000.0	1087608231.1	795248418.0	2990146558.0
3194000000.0	1087724876.6	795310751.5	2991042723.6
3195000000.0	1087841474.0	795373055.8	2991938865.2
3196000000.0	1087958023.5	795435330.8	2992834982.6
3197000000.0	1088074524.9	795497576.5	2993731076.0
3198000000.0	1088190978.5	795559793.1	2994627145.4
3199000000.0	1088307384.2	795621980.6	2995523190.6
3200000000.0	1088423741.9	795684138.8	2996419211.8
3201000000.0	1088540051.9	795746268.0	2997315208.9
3202000000.0	1088656314.0	795808368.0	2998211182.0
3203000000.0	1088772528.4	795870439.0	2999107131.0
3204000000.0	1088888695.0	795932480.9	3000003055.9
3205000000.0	1089004813.9	795994493.7	3000898956.8
3206000000.0	1089120885.1	796056477.5	3001794833.6
3207000000.0	1089236908.6	796118432.3	3002690686.3
3208000000.0	1089352884.5	796180358.1	3003586515.0
3209000000.0	1089468812.8	796242255.0	3004482319.7
3210000000.0	1089584693.5	796304122.9	3005378100.2
3211000000.0	1089700526.7	796365961.9	3006273856.7
3212000000.0	1089816312.4	796427772.0	3007169589.2
3213000000.0	1089932050.5	796489553.2	3008065297.6
3214000000.0	1090047741.2	796551305.5	3008960982.0
3215000000.0	1090163384.5	796613029.0	3009856642.3
3216000000.0	1090278980.4	796674723.6	3010752278.5
3217000000.0	1090394528.9	796736389.5	3011647890.7
3218000000.0	1090510030.1	796798026.6	3012543478.9
3219000000.0	1090625483.9	796859634.9	3013439043.0
3220000000.0	1090740890.5	796921214.4	3014334583.0
3221000000.0	1090856249.8	796982765.3	3015230099.0
3222000000.0	1090971561.9	797044287.4	3016125591.0
3223000000.0	1091086826.8	797105780.9	3017021058.9
3224000000.0	1091202044.5	797167245.7	3017916502.8
3225000000.0	1091317215.1	797228681.8	3018811922.6
3226000000.0	1091432338.6	797290089.4	3019707318.4
3227000000.0	1091547415.0	797351468.3	3020602690.1
3228000000.0	1091662444.4	797412818.6	3021498037.8
3229000000.0	1091777426.7	797474140.4	3022393361.5
3230000000.0	1091892362.0	797535433.7	3023288661.1
3231000000.0	1092007250.4	797596698.4	3024183936.7
3232000000.0	1092122091.8	797657934.6	3025079188.3
3233000000.0	1092236886.4	797719142.3	3025974415.8
3234000000.0	1092351634.0	797780321.6	3026869619.3
3235000000.0	1092466334.8	797841472.4	3027764798.8
3236000000.0	1092580988.8	797902594.8	3028659954.2
3237000000.0	1092695596.0	797963688.8	3029555085.6
3238000000.0	1092810156.4	798024754.4	3030450193.0
3239000000.0	1092924670.1	798085791.7	3031345276.3
3240000000.0	1093039137.0	798146800.6	3032240335.6
3241000000.0	1093153557.3	798207781.1	3033135370.9
3242000000.0	1093267931.0	798268733.4	3034030382.2
3243000000.0	1093382258.0	798329657.4	3034925369.4
3244000000.0	1093496538.4	798390553.1	3035820332.6
3245000000.0	1093610772.3	798451420.6	3036715271.8
3246000000.0	1093724959.6	798512259.8	3037610186.9
3247000000.0	1093839100.5	798573070.9	3038505078.1
3248000000.0	1093953194.8	798633853.7	3039399945.2
3249000000.0	1094067242.7	798694608.4	3040294788.3
3250000000.0	1094181244.2	798755335.0	3041189607.4
3251000000.0	1094295199.2	798816033.4	3042084402.5
3252000000.0	1094409108.0	798876703.7	3042979173.5
3253000000.0	1094522970.3	798937345.9	3043873920.6
3254000000.0	1094636786.4	798997960.0	3044768643.6
3255000000.0	1094750556.2	799058546.1	3045663342.6
3256000000.0	1094864279.7	799119104.2	3046558017.6
3257000000.0	1094977957.0	799179634.3	3047452668.6
3258000000.0	1095091588.1	799240136.3	3048347295.6
3259000000.0	1095205173.1	799300610.4	3049241898.6
3260000000.0	1095318711.9	799361056.5	3050136477.5
3261000000.0	1095432204.6	799421474.7	3051031032.5
3262000000.0	1095545651.2	799481865.0	3051925563.4
3263000000.0	1095659051.7	799542227.4	3052820070.4
3264000000.0	1095772406.3	799602561.9	3053714553.3
3265000000.0	1095885714.8	799662868.6	3054609012.3
3266000000.0	1095998977.3	799723147.4	3055503447.2
3267000000.0	1096112193.9	799783398.4	3056397858.2
3268000000.0	1096225364.6	799843621.6	3057292245.1
3269000000.0	1096338489.4	799903817.0	3058186608.0
3270000000.0	1096451568.4	799963984.7	3059080947.0
3271000000.0	1096564601.5	800024124.6	3059975261.9
3272000000.0	1096677588.8	800084236.8	3060869552.9
3273000000.0	1096790530.3	800144321.3	3061763819.8
3274000000.0	1096903426.1	800204378.1	3062658062.8
3275000000.0	1097016276.2	800264407.3	3063552281.8
3276000000.0	1097129080.6	800324408.8	3064446476.7
3277000000.0	1097241839.3	800384382.7	3065340647.7
3278000000.0	1097354552.3	800444328.9	3066234794.7
3279000000.0	1097467219.8	800504247.6	3067128917.7
3280000000.0	1097579841.7	800564138.7	3068023016.7
3281000000.0	1097692418.0	800624002.3	3068917091.8
3282000000.0	1097804948.8	800683838.3	3069811142.8
3283000000.0	1097917434.1	800743646.9	3070705169.9
3284000000.0	1098029873.9	800803427.9	3071599172.9
3285000000.0	1098142268.3	800863181.4	3072493152.0
3286000000.0	1098254617.2	800922907.5	3073387107.1
3287000000.0	1098366920.8	800982606.2	3074281038.3
3288000000.0	1098479179.0	801042277.5	3075174945.4
3289000000.0	1098591391.9	801101921.3	3076068828.6
3290000000.0	1098703559.5	801161537.8	3076962687.8
3291000000.0	1098815681.8	801221126.9	3077856523.0
3292000000.0	1098927758.8	801280688.6	3078750334.2
3293000000.0	1099039790.6	801340223.1	3079644121.5
3294000000.0	1099151777.3	801399730.2	3080537884.8
3295000000.0	1099263718.7	801459210.1	3081431624.1
3296000000.0	1099375615.0	801518662.7	3082325339.4
3297000000.0	1099487466.2	801578088.0	3083219030.8
3298000000.0	1099599272.3	801637486.1	3084112698.2
3299000000.0	1099711033.4	801696857.0	3085006341.6
3300000000.0	1099822749.4	801756200.7	3085899961.1
3301000000.0	1099934420.4	801815517.3	3086793556.6
3302000000.0	1100046046.4	801874806.6	3087687128.1
3303000000.0	1100157627.5	801934068.9	3088580675.7
3304000000.0	1100269163.6	801993304.0	3089474199.3
3305000000.0	1100380654.9	802052512.0	3090367698.9
3306000000.0	1100492101.3	802111693.0	3091261174.6
3307000000.0	1100603502.8	802170846.9	3092154626.3
3308000000.0	1100714859.5	802229973.7	3093048054.0
3309000000.0	1100826171.5	802289073.5	3093941457.8
3310000000.0	1100937438.6	802348146.3	3094834837.7
3311000000.0	1101048661.1	802407192.2	3095728193.5
3312000000.0	1101159838.8	802466211.0	3096621525.5
3313000000.0	1101270971.8	802525202.9	3097514833.4
3314000000.0	1101382060.2	802584167.9	3098408117.4
3315000000.0	1101493104.0	802643106.0	3099301377.5
3316000000.0	1101604103.2	802702017.1	3100194613.6
3317000000.0	1101715057.8	802760901.4	3101087825.8
3318000000.0	1101825967.8	802819758.9	3101981014.0
3319000000.0	1101936833.3	802878589.5	3102874178.2
3320000000.0	1102047654.4	802937393.2	3103767318.5
3321000000.0	1102158430.9	802996170.2	3104660434.9
3322000000.0	1102269163.1	803054920.4	3105553527.3
3323000000.0	1102379850.8	803113643.8	3106446595.7
3324000000.0	1102490494.1	803172340.5	3107339640.3
3325000000.0	1102601093.1	803231010.4	3108232660.8
3326000000.0	1102711647.7	803289653.6	3109125657.5
3327000000.0	1102822158.0	803348270.2	3110018630.2
3328000000.0	1102932624.1	803406860.0	3110911578.9
3329000000.0	1103043045.9	803465423.2	3111804503.7
3330000000.0	1103153423.4	803523959.8	3112697404.6
3331000000.0	1103263756.8	803582469.7	3113590281.5
3332000000.0	1103374046.0	803640953.0	3114483134.5
3333000000.0	1103484291.1	803699409.8	3115375963.6
3334000000.0	1103594492.0	803757840.0	3116268768.7
3335000000.0	1103704648.8	803816243.6	3117161549.9
3336000000.0	1103814761.6	803874620.7	3118054307.2
3337000000.0	1103924830.3	803932971.3	3118947040.5
3338000000.0	1104034855.0	803991295.4	3119839749.9
3339000000.0	1104144835.8	804049593.1	3120732435.4
3340000000.0	1104254772.5	804107864.2	3121625096.9
3341000000.0	1104364665.4	804166109.0	3122517734.5
3342000000.0	1104474514.3	804224327.3	3123410348.2
3343000000.0	1104584319.3	804282519.2	3124302938.0
3344000000.0	1104694080.5	804340684.7	3125195503.8
3345000000.0	1104803797.9	804398823.8	3126088045.7
3346000000.0	1104913471.4	804456936.6	3126980563.7
3347000000.0	1105023101.2	804515023.1	3127873057.8
3348000000.0	1105132687.2	804573083.3	3128765527.9
3349000000.0	1105242229.5	804631117.1	3129657974.1
3350000000.0	1105351728.1	804689124.7	3130550396.5
3351000000.0	1105461183.0	804747106.0	3131442794.8
3352000000.0	1105570594.3	804805061.1	3132335169.3
3353000000.0	1105679961.9	804862989.9	3133227519.9
3354000000.0	1105789286.0	804920892.6	3134119846.5
3355000000.0	1105898566.5	804978769.0	3135012149.2
3356000000.0	1106007803.4	805036619.3	3135904428.0
3357000000.0	1106116996.9	805094443.4	3136796683.0
3358000000.0	1106226146.8	805152241.4	3137688913.9
3359000000.0	1106335253.3	805210013.3	3138581121.0
3360000000.0	1106444316.3	805267759.1	3139473304.2
3361000000.0	1106553336.0	805325478.8	3140365463.5
3362000000.0	1106662312.2	805383172.4	3141257598.8
3363000000.0	1106771245.1	805440840.0	3142149710.3
3364000000.0	1106880134.6	805498481.5	3143041797.8
3365000000.0	1106988980.9	805556097.0	3143933861.4
3366000000.0	1107097783.8	805613686.6	3144825901.2
3367000000.0	1107206543.5	805671250.1	3145717917.0
3368000000.0	1107315260.0	805728787.7	3146609908.9
3369000000.0	1107423933.2	805786299.4	3147501877.0
3370000000.0	1107532563.3	805843785.1	3148393821.1
3371000000.0	1107641150.2	805901245.0	3149285741.3
3372000000.0	1107749694.0	805958678.9	3150177637.7
3373000000.0	1107858194.7	806016087.0	3151069510.1
3374000000.0	1107966652.3	806073469.2	3151961358.7
3375000000.0	1108075066.9	806130825.5	3152853183.3
3376000000.0	1108183438.4	806188156.1	3153744984.1
3377000000.0	1108291767.0	806245460.8	3154636761.0
3378000000.0	1108400052.5	806302739.8	3155528513.9
3379000000.0	1108508295.2	806359993.0	3156420243.0
3380000000.0	1108616494.8	806417220.5	3157311948.2
3381000000.0	1108724651.6	806474422.2	3158203629.5
3382000000.0	1108832765.6	806531598.2	3159095286.9
3383000000.0	1108940836.6	806588748.5	3159986920.5
3384000000.0	1109048864.9	806645873.1	3160878530.1
3385000000.0	1109156850.3	806702972.0	3161770115.9
3386000000.0	1109264793.0	806760045.4	3162661677.8
3387000000.0	1109372692.9	806817093.0	3163553215.7
3388000000.0	1109480550.2	806874115.1	3164444729.9
3389000000.0	1109588364.7	806931111.6	3165336220.1
3390000000.0	1109696136.5	806988082.5	3166227686.5
3391000000.0	1109803865.7	807045027.8	3167119128.9
3392000000.0	1109911552.3	807101947.6	3168010547.5
3393000000.0	1110019196.3	807158841.9	3168901942.2
3394000000.0	1110126797.8	807215710.7	3169793313.1
3395000000.0	1110234356.6	807272553.9	3170684660.1
3396000000.0	1110341873.0	807329371.7	3171575983.2
3397000000.0	1110449346.9	807386164.1	3172467282.4
3398000000.0	1110556778.3	807442931.0	3173358557.7
3399000000.0	1110664167.3	807499672.4	3174249809.2
3400000000.0	1110771513.8	807556388.5	3175141036.8
3401000000.0	1110878818.0	807613079.2	3176032240.6
3402000000.0	1110986079.8	807669744.5	3176923420.5
3403000000.0	1111093299.2	807726384.5	3177814576.5
3404000000.0	1111200476.3	807782999.1	3178705708.6
3405000000.0	1111307611.2	807839588.4	3179596816.9
3406000000.0	1111414703.8	807896152.4	3180487901.3
3407000000.0	1111521754.1	807952691.1	3181378961.9
3408000000.0	1111628762.2	808009204.5	3182269998.5
3409000000.0	1111735728.1	808065692.7	3183161011.4
3410000000.0	1111842651.9	808122155.7	3184052000.3
3411000000.0	1111949533.5	808178593.4	3184942965.4
3412000000.0	1112056373.0	808235005.9	3185833906.7
3413000000.0	1112163170.4	808291393.3	3186724824.1
3414000000.0	1112269925.8	808347755.5	3187615717.6
3415000000.0	1112376639.1	808404092.5	3188506587.3
3416000000.0	1112483310.3	808460404.4	3189397433.1
3417000000.0	1112589939.6	808516691.1	3190288255.1
3418000000.0	1112696526.9	808572952.8	3191179053.2
3419000000.0	1112803072.3	808629189.4	3192069827.5
3420000000.0	1112909575.8	808685400.9	3192960577.9
3421000000.0	1113016037.4	808741587.4	3193851304.5
3422000000.0	1113122457.0	808797748.8	3194742007.2
3423000000.0	1113228834.9	808853885.3	3195632686.1
3424000000.0	1113335170.9	808909996.7	3196523341.2
3425000000.0	1113441465.2	808966083.1	3197413972.3
3426000000.0	1113547717.6	809022144.6	3198304579.7
3427000000.0	1113653928.4	809078181.1	3199195163.2
3428000000.0	1113760097.4	809134192.7	3200085722.8
3429000000.0	1113866224.7	809190179.3	3200976258.7
3430000000.0	1113972310.3	809246141.1	3201866770.6
3431000000.0	1114078354.3	809302078.0	3202757258.8
3432000000.0	1114184356.7	809357990.0	3203647723.1
3433000000.0	1114290317.4	809413877.2	3204538163.5
3434000000.0	1114396236.6	809469739.5	3205428580.1
3435000000.0	1114502114.3	809525577.0	3206318972.9
3436000000.0	1114607950.4	809581389.7	3207209341.9
3437000000.0	1114713745.0	809637177.6	3208099687.0
3438000000.0	1114819498.2	809692940.8	3208990008.3
3439000000.0	1114925209.8	809748679.2	3209880305.8
3440000000.0	1115030880.1	809804392.9	3210770579.4
3441000000.0	1115136509.0	809860081.8	3211660829.2
3442000000.0	1115242096.5	809915746.1	3212551055.1
3443000000.0	1115347642.6	809971385.7	3213441257.3
3444000000.0	1115453147.4	810027000.6	3214331435.6
3445000000.0	1115558610.9	810082590.8	3215221590.1
3446000000.0	1115664033.1	810138156.4	3216111720.7
3447000000.0	1115769414.0	810193697.4	3217001827.6
3448000000.0	1115874753.8	810249213.8	3217891910.6
3449000000.0	1115980052.3	810304705.6	3218781969.8
3450000000.0	1116085309.6	810360172.8	3219672005.2
3451000000.0	1116190525.8	810415615.5	3220562016.7
3452000000.0	1116295700.8	810471033.6	3221452004.5
3453000000.0	1116400834.7	810526427.2	3222341968.4
3454000000.0	1116505927.6	810581796.3	3223231908.5
3455000000.0	1116610979.3	810637140.9	3224121824.8
3456000000.0	1116715990.1	810692461.1	3225011717.2
3457000000.0	1116820959.8	810747756.7	3225901585.9
3458000000.0	1116925888.5	810803028.0	3226791430.7
3459000000.0	1117030776.2	810858274.8	3227681251.8
3460000000.0	1117135623.0	810913497.2	3228571049.0
3461000000.0	1117240428.9	810968695.2	3229460822.4
3462000000.0	1117345193.9	811023868.9	3230350572.0
3463000000.0	1117449918.0	811079018.2	3231240297.8
3464000000.0	1117554601.3	811134143.1	3232129999.8
3465000000.0	1117659243.8	811189243.7	3233019678.0
3466000000.0	1117763845.4	811244320.0	3233909332.3
3467000000.0	1117868406.3	811299372.0	3234798962.9
3468000000.0	1117972926.4	811354399.7	3235688569.7
3469000000.0	1118077405.8	811409403.2	3236578152.6
3470000000.0	1118181844.5	811464382.4	3237467711.8
3471000000.0	1118286242.5	811519337.4	3238357247.2
3472000000.0	1118390599.8	811574268.1	3239246758.7
3473000000.0	1118494916.5	811629174.7	3240136246.5
3474000000.0	1118599192.6	811684057.1	3241025710.5
3475000000.0	1118703428.2	811738915.3	3241915150.6
3476000000.0	1118807623.1	811793749.3	3242804567.0
3477000000.0	1118911777.5	811848559.3	3243693959.6
3478000000.0	1119015891.4	811903345.1	3244583328.4
3479000000.0	1119119964.8	811958106.8	3245472673.4
3480000000.0	1119223997.8	812012844.4	3246361994.6
3481000000.0	1119327990.3	812067557.9	3247251292.0
3482000000.0	1119431942.3	812122247.4	3248140565.7
3483000000.0	1119535854.0	812176912.9	3249029815.5
3484000000.0	1119639725.3	812231554.3	3249919041.5
3485000000.0	1119743556.3	812286171.7	3250808243.8
3486000000.0	1119847346.9	812340765.1	3251697422.3
3487000000.0	1119951097.2	812395334.6	3252586577.0
3488000000.0	1120054807.3	812449880.1	3253475707.9
3489000000.0	1120158477.1	812504401.6	3254364815.0
3490000000.0	1120262106.6	812558899.2	3255253898.4
3491000000.0	1120365696.0	812613372.9	3256142957.9
3492000000.0	1120469245.1	812667822.7	3257031993.7
3493000000.0	1120572754.1	812722248.6	3257921005.7
3494000000.0	1120676223.0	812776650.7	3258809994.0
3495000000.0	1120779651.7	812831028.9	3259698958.4
3496000000.0	1120883040.4	812885383.2	3260587899.1
3497000000.0	1120986388.9	812939713.8	3261476816.0
3498000000.0	1121089697.5	812994020.5	3262365709.1
3499000000.0	1121192966.0	813048303.5	3263254578.5
3500000000.0	1121296194.5	813102562.6	3264143424.1
3501000000.0	1121399383.0	813156798.0	3265032245.9
3502000000.0	1121502531.6	813211009.7	3265921043.9
3503000000.0	1121605640.3	813265197.7	3266809818.2
3504000000.0	1121708709.0	813319361.9	3267698568.7
3505000000.0	1121811737.9	813373502.5	3268587295.4
3506000000.0	1121914726.9	813427619.3	3269475998.4
3507000000.0	1122017676.0	813481712.5	3270364677.6
3508000000.0	1122120585.4	813535782.1	3271253333.1
3509000000.0	1122223455.0	813589828.0	3272141964.8
3510000000.0	1122326284.7	813643850.3	3273030572.7
3511000000.0	1122429074.8	813697849.0	3273919156.8
3512000000.0	1122531825.1	813751824.2	3274807717.2
3513000000.0	1122634535.7	813805775.7	3275696253.9
3514000000.0	1122737206.7	813859703.7	3276584766.8
3515000000.0	1122839838.0	813913608.2	3277473255.9
3516000000.0	1122942429.7	813967489.1	3278361721.2
3517000000.0	1123044981.7	814021346.5	3279250162.9
3518000000.0	1123147494.2	814075180.4	3280138580.7
3519000000.0	1123249967.1	814128990.9	3281026974.8
3520000000.0	1123352400.5	814182777.9	3281915345.2
3521000000.0	1123454794.4	814236541.4	3282803691.8
3522000000.0	1123557148.7	814290281.5	3283692014.6
3523000000.0	1123659463.6	814343998.2	3284580313.7
3524000000.0	1123761739.1	814397691.5	3285468589.1
3525000000.0	1123863975.1	814451361.4	3286356840.7
3526000000.0	1123966171.7	814505007.9	3287245068.5
3527000000.0	1124068329.0	814558631.1	3288133272.7
3528000000.0	1124170446.9	814612230.9	3289021453.0
3529000000.0	1124272525.4	814665807.4	3289909609.7
3530000000.0	1124374564.7	814719360.6	3290797742.5
3531000000.0	1124476564.7	814772890.5	3291685851.7
3532000000.0	1124578525.3	814826397.1	3292573937.1
3533000000.0	1124680446.8	814879880.5	3293461998.7
3534000000.0	1124782329.0	814933340.6	3294350036.7
3535000000.0	1124884172.1	814986777.5	3295238050.9
3536000000.0	1124985975.9	815040191.1	3296126041.3
3537000000.0	1125087740.7	815093581.6	3297014008.0
3538000000.0	1125189466.2	815146948.9	3297901951.0
3539000000.0	1125291152.7	815200292.9	3298789870.2
3540000000.0	1125392800.1	815253613.9	3299677765.7
3541000000.0	1125494408.5	815306911.7	3300565637.5
3542000000.0	1125595977.7	815360186.3	3301453485.6
3543000000.0	1125697508.0	815413437.9	3302341309.9
3544000000.0	1125798999.3	815466666.3	3303229110.5
3545000000.0	1125900451.6	815519871.7	3304116887.3
3546000000.0	1126001865.0	815573054.0	3305004640.5
3547000000.0	1126103239.4	815626213.2	3305892369.9
3548000000.0	1126204575.0	815679349.4	3306780075.6
3549000000.0	1126305871.6	815732462.6	3307667757.5
3550000000.0	1126407129.4	815785552.8	3308555415.8
3551000000.0	1126508348.4	815838620.0	3309443050.3
3552000000.0	1126609528.5	815891664.2	3310330661.1
3553000000.0	1126710669.8	815944685.4	3311218248.2
3554000000.0	1126811772.4	815997683.7	3312105811.5
3555000000.0	1126912836.2	816050659.0	3312993351.1
3556000000.0	1127013861.4	816103611.5	3313880867.1
3557000000.0	1127114847.8	816156541.0	3314768359.3
3558000000.0	1127215795.5	816209447.6	3315655827.7
3559000000.0	1127316704.5	816262331.4	3316543272.5
3560000000.0	1127417575.0	816315192.3	3317430693.6
3561000000.0	1127518406.8	816368030.4	3318318090.9
3562000000.0	1127619200.0	816420845.6	3319205464.6
3563000000.0	1127719954.6	816473638.0	3320092814.5
3564000000.0	1127820670.7	816526407.6	3320980140.7
3565000000.0	1127921348.3	816579154.5	3321867443.2
3566000000.0	1128021987.4	816631878.5	3322754722.0
3567000000.0	1128122588.0	816684579.8	3323641977.1
3568000000.0	1128223150.1	816737258.4	3324529208.5
3569000000.0	1128323673.8	816789914.2	3325416416.2
3570000000.0	1128424159.1	816842547.4	3326303600.2
3571000000.0	1128524605.9	816895157.8	3327190760.4
3572000000.0	1128625014.4	816947745.5	3328077897.0
3573000000.0	1128725384.6	817000310.6	3328965009.9
3574000000.0	1128825716.4	817052853.0	3329852099.1
3575000000.0	1128926010.0	817105372.8	3330739164.5
3576000000.0	1129026265.2	817157870.0	3331626206.3
3577000000.0	1129126482.2	817210344.5	3332513224.4
3578000000.0	1129226660.9	817262796.5	3333400218.8
3579000000.0	1129326801.5	817315225.9	3334287189.5
3580000000.0	1129426903.8	817367632.7	3335174136.5
3581000000.0	1129526967.9	817420016.9	3336061059.8
3582000000.0	1129626993.9	817472378.7	3336947959.4
3583000000.0	1129726981.8	817524717.9	3337834835.3
3584000000.0	1129826931.6	817577034.6	3338721687.5
3585000000.0	1129926843.3	817629328.8	3339608516.1
3586000000.0	1130026716.9	817681600.5	3340495320.9
3587000000.0	1130126552.4	817733849.8	3341382102.1
3588000000.0	1130226350.0	817786076.6	3342268859.6
3589000000.0	1130326109.5	817838280.9	3343155593.4
3590000000.0	1130425831.1	817890462.9	3344042303.5
3591000000.0	1130525514.7	817942622.5	3344928989.9
3592000000.0	1130625160.4	817994759.6	3345815652.7
3593000000.0	1130724768.1	818046874.4	3346702291.7
3594000000.0	1130824338.0	818098966.8	3347588907.1
3595000000.0	1130923870.0	818151036.9	3348475498.8
3596000000.0	1131023364.1	818203084.6	3349362066.9
3597000000.0	1131122820.5	818255110.0	3350248611.2
3598000000.0	1131222239.0	818307113.1	3351135131.9
3599000000.0	1131321619.7	818359094.0	3352021628.9
3600000000.0	1131420962.7	818411052.5	3352908102.2
3601000000.0	1131520267.9	818462988.8	3353794551.9
3602000000.0	1131619535.4	818514902.8	3354680977.8
3603000000.0	1131718765.2	818566794.6	3355567380.1
3604000000.0	1131817957.4	818618664.2	3356453758.8
3605000000.0	1131917111.9	818670511.6	3357340113.7
3606000000.0	1132016228.7	818722336.8	3358226445.0
3607000000.0	1132115308.0	818774139.8	3359112752.7
3608000000.0	1132214349.6	818825920.6	3359999036.6
3609000000.0	1132313353.7	818877679.3	3360885296.9
3610000000.0	1132412320.2	818929415.9	3361771533.6
3611000000.0	1132511249.2	818981130.3	3362657746.5
3612000000.0	1132610140.7	819032822.6	3363543935.8
3613000000.0	1132708994.7	819084492.9	3364430101.5
3614000000.0	1132807811.3	819136141.1	3365316243.5
3615000000.0	1132906590.4	819187767.2	3366202361.8
3616000000.0	1133005332.1	819239371.2	3367088456.5
3617000000.0	1133104036.4	819290953.2	3367974527.5
3618000000.0	1133202703.3	819342513.2	3368860574.8
3619000000.0	1133301332.8	819394051.2	3369746598.5
3620000000.0	1133399925.1	819445567.2	3370632598.5
3621000000.0	1133498480.0	819497061.3	3371518574.9
3622000000.0	1133596997.6	819548533.3	3372404527.7
3623000000.0	1133695477.9	819599983.4	3373290456.7
3624000000.0	1133793921.0	819651411.6	3374176362.2
3625000000.0	1133892326.9	819702817.9	3375062244.0
3626000000.0	1133990695.6	819754202.2	3375948102.1
3627000000.0	1134089027.0	819805564.6	3376833936.6
3628000000.0	1134187321.3	819856905.2	3377719747.4
3629000000.0	1134285578.5	819908223.9	3378605534.6
3630000000.0	1134383798.5	819959520.8	3379491298.1
3631000000.0	1134481981.5	820010795.8	3380377038.0
3632000000.0	1134580127.3	820062049.0	3381262754.3
3633000000.0	1134678236.1	820113280.3	3382148446.9
3634000000.0	1134776307.9	820164489.9	3383034115.9
3635000000.0	1134874342.6	820215677.7	3383919761.2
3636000000.0	1134972340.3	820266843.7	3384805382.9
3637000000.0	1135070301.1	820317988.0	3385690980.9
3638000000.0	1135168224.9	820369110.5	3386576555.3
3639000000.0	1135266111.8	820420211.3	3387462106.1
3640000000.0	1135363961.7	820471290.4	3388347633.3
3641000000.0	1135461774.8	820522347.8	3389233136.8
3642000000.0	1135559551.0	820573383.5	3390118616.6
3643000000.0	1135657290.3	820624397.6	3391004072.9
3644000000.0	1135754992.8	820675389.9	3391889505.5
3645000000.0	1135852658.5	820726360.7	3392774914.5
3646000000.0	1135950287.4	820777309.8	3393660299.8
3647000000.0	1136047879.5	820828237.2	3394545661.5
3648000000.0	1136145434.9	820879143.1	3395430999.6
3649000000.0	1136242953.6	820930027.4	3396316314.1
3650000000.0	1136340435.6	820980890.1	3397201604.9
3651000000.0	1136437880.8	821031731.3	3398086872.2
3652000000.0	1136535289.4	821082550.9	3398972115.7
3653000000.0	1136632661.4	821133349.0	3399857335.7
3654000000.0	1136729996.7	821184125.5	3400742532.1
3655000000.0	1136827295.5	821234880.6	3401627704.8
3656000000.0	1136924557.6	821285614.1	3402512853.9
3657000000.0	1137021783.2	821336326.2	3403397979.4
3658000000.0	1137118972.3	821387016.8	3404283081.2
3659000000.0	1137216124.8	821437685.9	3405168159.5
3660000000.0	1137313240.9	821488333.6	3406053214.1
3661000000.0	1137410320.4	821538959.9	3406938245.1
3662000000.0	1137507363.5	821589564.8	3407823252.5
3663000000.0	1137604370.2	821640148.3	3408708236.3
3664000000.0	1137701340.4	821690710.4	3409593196.5
3665000000.0	1137798274.2	821741251.1	3410478133.1
3666000000.0	1137895171.7	821791770.5	3411363046.0
3667000000.0	1137992032.8	821842268.5	3412247935.4
3668000000.0	1138088857.6	821892745.2	3413132801.1
3669000000.0	1138185646.1	821943200.6	3414017643.2
3670000000.0	1138282398.2	821993634.6	3414902461.8
3671000000.0	1138379114.1	822044047.4	3415787256.7
3672000000.0	1138475793.8	822094438.9	3416672028.0
3673000000.0	1138572437.2	822144809.2	3417556775.7
3674000000.0	1138669044.4	822195158.2	3418441499.8
3675000000.0	1138765615.4	822245485.9	3419326200.3
3676000000.0	1138862150.2	822295792.5	3420210877.2
3677000000.0	1138958648.9	822346077.8	3421095530.5
3678000000.0	1139055111.4	822396341.9	3421980160.2
3679000000.0	1139151537.8	822446584.9	3422864766.3
3680000000.0	1139247928.2	822496806.6	3423749348.9
3681000000.0	1139344282.5	822547007.3	3424633907.8
3682000000.0	1139440600.7	822597186.7	3425518443.1
3683000000.0	1139536882.9	822647345.1	3426402954.8
3684000000.0	1139633129.0	822697482.3	3427287443.0
3685000000.0	1139729339.2	822747598.5	3428171907.5
3686000000.0	1139825513.5	822797693.5	3429056348.4
3687000000.0	1139921651.7	822847767.5	3429940765.8
3688000000.0	1140017754.1	822897820.4	3430825159.6
3689000000.0	1140113820.5	822947852.2	3431709529.8
3690000000.0	1140209851.0	822997863.1	3432593876.4
3691000000.0	1140305845.7	823047852.9	3433478199.4
3692000000.0	1140401804.5	823097821.7	3434362498.8
3693000000.0	1140497727.5	823147769.5	3435246774.6
3694000000.0	1140593614.7	823197696.3	3436131026.9
3695000000.0	1140689466.1	823247602.1	3437015255.6
3696000000.0	1140785281.7	823297487.0	3437899460.6
3697000000.0	1140881061.6	823347350.9	3438783642.2
3698000000.0	1140976805.8	823397194.0	3439667800.1
3699000000.0	1141072514.2	823447016.1	3440551934.4
3700000000.0	1141168187.0	823496817.3	3441436045.2
3701000000.0	1141263824.0	823546597.6	3442320132.4
3702000000.0	1141359425.5	823596357.0	3443204196.0
3703000000.0	1141454991.3	823646095.5	3444088236.1
3704000000.0	1141550521.5	823695813.3	3444972252.6
3705000000.0	1141646016.1	823745510.1	3445856245.5
3706000000.0	1141741475.1	823795186.2	3446740214.8
3707000000.0	1141836898.6	823844841.4	3447624160.6
3708000000.0	1141932286.6	823894475.9	3448508082.7
3709000000.0	1142027639.0	823944089.5	3449391981.4
3710000000.0	1142122956.0	823993682.4	3450275856.4
3711000000.0	1142218237.5	824043254.5	3451159707.9
3712000000.0	1142313483.5	824092805.9	3452043535.8
3713000000.0	1142408694.1	824142336.5	3452927340.2
3714000000.0	1142503869.3	824191846.5	3453811121.0
3715000000.0	1142599009.1	824241335.7	3454694878.2
3716000000.0	1142694113.6	824290804.2	3455578611.9
3717000000.0	1142789182.6	824340252.0	3456462322.0
3718000000.0	1142884216.4	824389679.2	3457346008.5
3719000000.0	1142979214.8	824439085.7	3458229671.5
3720000000.0	1143074178.0	824488471.6	3459113310.9
3721000000.0	1143169105.9	824537836.8	3459996926.8
3722000000.0	1143263998.5	824587181.4	3460880519.1
3723000000.0	1143358855.9	824636505.5	3461764087.9
3724000000.0	1143453678.0	824685808.9	3462647633.1
3725000000.0	1143548465.0	824735091.8	3463531154.7
3726000000.0	1143643216.8	824784354.0	3464414652.8
3727000000.0	1143737933.5	824833595.8	3465298127.4
3728000000.0	1143832615.0	824882817.0	3466181578.4
3729000000.0	1143927261.4	824932017.6	3467065005.8
3730000000.0	1144021872.7	824981197.8	3467948409.7
3731000000.0	1144116448.9	825030357.5	3468831790.1
3732000000.0	1144210990.1	825079496.6	3469715146.9
3733000000.0	1144305496.2	825128615.3	3470598480.1
3734000000.0	1144399967.3	825177713.5	3471481789.8
3735000000.0	1144494403.4	825226791.3	3472365076.0
3736000000.0	1144588804.5	825275848.7	3473248338.6
3737000000.0	1144683170.7	825324885.6	3474131577.7
3738000000.0	1144777501.9	825373902.1	3475014793.3
3739000000.0	1144871798.3	825422898.2	3475897985.3
3740000000.0	1144966059.7	825471873.9	3476781153.7
3741000000.0	1145060286.2	825520829.3	3477664298.6
3742000000.0	1145154477.8	825569764.3	3478547420.0
3743000000.0	1145248634.7	825618678.9	3479430517.9
3744000000.0	1145342756.7	825667573.2	3480313592.2
3745000000.0	1145436843.8	825716447.2	3481196643.0
3746000000.0	1145530896.2	825765300.9	3482079670.2
3747000000.0	1145624913.9	825814134.2	3482962674.0
3748000000.0	1145718896.8	825862947.3	3483845654.1
3749000000.0	1145812844.9	825911740.2	3484728610.8
3750000000.0	1145906758.4	825960512.7	3485611543.9
3751000000.0	1146000637.1	826009265.0	3486494453.5
3752000000.0	1146094481.2	826057997.1	3487377339.6
3753000000.0	1146188290.7	826106709.0	3488260202.1
3754000000.0	1146282065.5	826155400.6	3489143041.2
3755000000.0	1146375805.7	826204072.1	3490025856.7
3756000000.0	1146469511.3	826252723.4	3490908648.6
3757000000.0	1146563182.3	826301354.5	3491791417.1
3758000000.0	1146656818.8	826349965.4	3492674162.0
3759000000.0	1146750420.7	826398556.2	3493556883.4
3760000000.0	1146843988.1	826447126.9	3494439581.3
3761000000.0	1146937521.0	826495677.4	3495322255.7
3762000000.0	1147031019.5	826544207.8	3496204906.5
3763000000.0	1147124483.5	826592718.2	3497087533.8
3764000000.0	1147217913.0	826641208.4	3497970137.7
3765000000.0	1147311308.1	826689678.6	3498852718.0
3766000000.0	1147404668.8	826738128.7	3499735274.8
3767000000.0	1147497995.1	826786558.8	3500617808.0
3768000000.0	1147591287.1	826834968.9	3501500317.8
3769000000.0	1147684544.7	826883358.9	3502382804.0
3770000000.0	1147777768.0	826931728.9	3503265266.8
3771000000.0	1147870957.0	826980078.9	3504147706.0
3772000000.0	1147964111.7	827028409.0	3505030121.7
3773000000.0	1148057232.1	827076719.0	3505912514.0
3774000000.0	1148150318.3	827125009.1	3506794882.7
3775000000.0	1148243370.2	827173279.3	3507677227.9
3776000000.0	1148336388.0	827221529.5	3508559549.6
3777000000.0	1148429371.5	827269759.8	3509441847.8
3778000000.0	1148522320.9	827317970.2	3510324122.5
3779000000.0	1148615236.1	827366160.7	3511206373.7
3780000000.0	1148708117.1	827414331.3	3512088601.4
3781000000.0	1148800964.1	827462482.0	3512970805.6
3782000000.0	1148893776.9	827510612.9	3513852986.3
3783000000.0	1148986555.7	827558723.9	3514735143.4
3784000000.0	1149079300.4	827606815.1	3515617277.2
3785000000.0	1149172011.0	827654886.5	3516499387.4
3786000000.0	1149264687.6	827702938.0	3517381474.1
3787000000.0	1149357330.3	827750969.8	3518263537.3
3788000000.0	1149449938.9	827798981.8	3519145577.0
3789000000.0	1149542513.6	827846973.9	3520027593.2
3790000000.0	1149635054.3	827894946.4	3520909586.0
3791000000.0	1149727561.1	827942899.1	3521791555.2
3792000000.0	1149820033.9	827990832.0	3522673501.0
3793000000.0	1149912472.9	828038745.2	3523555423.3
3794000000.0	1150004878.0	828086638.7	3524437322.1
3795000000.0	1150097249.2	828134512.5	3525319197.4
3796000000.0	1150189586.6	828182366.6	3526201049.2
3797000000.0	1150281890.2	828230201.1	3527082877.5
3798000000.0	1150374160.0	828278015.8	3527964682.4
3799000000.0	1150466396.0	828325810.9	3528846463.7
3800000000.0	1150558598.2	828373586.4	3529728221.6
3801000000.0	1150650766.7	828421342.3	3530609956.0
3802000000.0	1150742901.5	828469078.5	3531491666.9
3803000000.0	1150835002.5	828516795.1	3532373354.4
3804000000.0	1150927069.9	828564492.1	3533255018.4
3805000000.0	1151019103.6	828612169.6	3534136658.9
3806000000.0	1151111103.6	828659827.5	3535018275.9
3807000000.0	1151203070.0	828707465.8	3535899869.4
3808000000.0	1151295002.8	828755084.6	3536781439.5
3809000000.0	1151386902.0	828802683.8	3537662986.1
3810000000.0	1151478767.6	828850263.6	3538544509.2
3811000000.0	1151570599.6	828897823.8	3539426008.9
3812000000.0	1151662398.1	828945364.5	3540307485.1
3813000000.0	1151754163.1	828992885.7	3541188937.8
3814000000.0	1151845894.6	829040387.5	3542070367.0
3815000000.0	1151937592.6	829087869.8	3542951772.8
3816000000.0	1152029257.1	829135332.7	3543833155.1
3817000000.0	1152120888.1	829182776.1	3544714514.0
3818000000.0	1152212485.8	829230200.1	3545595849.4
3819000000.0	1152304050.0	829277604.7	3546477161.3
3820000000.0	1152395580.8	829324989.9	3547358449.8
3821000000.0	1152487078.2	829372355.7	3548239714.8
3822000000.0	1152578542.3	829419702.1	3549120956.3
3823000000.0	1152669973.1	829467029.1	3550002174.4
3824000000.0	1152761370.5	829514336.8	3550883369.0
3825000000.0	1152852734.6	829561625.2	3551764540.2
3826000000.0	1152944065.4	829608894.2	3552645687.9
3827000000.0	1153035363.0	829656143.9	3553526812.1
3828000000.0	1153126627.3	829703374.3	3554407912.9
3829000000.0	1153217858.3	829750585.4	3555288990.3
3830000000.0	1153309056.2	829797777.3	3556170044.2
3831000000.0	1153400220.8	829844949.8	3557051074.6
3832000000.0	1153491352.3	829892103.1	3557932081.6
3833000000.0	1153582450.6	829939237.2	3558813065.1
3834000000.0	1153673515.8	829986352.0	3559694025.2
3835000000.0	1153764547.9	830033447.6	3560574961.9
3836000000.0	1153855546.8	830080524.0	3561455875.1
3837000000.0	1153946512.7	830127581.2	3562336764.8
3838000000.0	1154037445.5	830174619.2	3563217631.2
3839000000.0	1154128345.2	830221638.0	3564098474.0
3840000000.0	1154219212.0	830268637.6	3564979293.4
3841000000.0	1154310045.6	830315618.1	3565860089.4
3842000000.0	1154400846.3	830362579.5	3566740862.0
3843000000.0	1154491614.1	830409521.7	3567621611.1
3844000000.0	1154582348.8	830456444.8	3568502336.7
3845000000.0	1154673050.6	830503348.9	3569383038.9
3846000000.0	1154763719.5	830550233.8	3570263717.7
3847000000.0	1154854355.5	830597099.6	3571144373.1
3848000000.0	1154944958.6	830643946.4	3572025005.0
3849000000.0	1155035528.8	830690774.1	3572905613.5
3850000000.0	1155126066.2	830737582.7	3573786198.5
3851000000.0	1155216570.7	830784372.3	3574666760.1
3852000000.0	1155307042.4	830831142.9	3575547298.3
3853000000.0	1155397481.3	830877894.5	3576427813.1
3854000000.0	1155487887.4	830924627.1	3577308304.4
3855000000.0	1155578260.8	830971340.7	3578188772.3
3856000000.0	1155668601.4	831018035.3	3579069216.7
3857000000.0	1155758909.3	831064710.9	3579949637.8
3858000000.0	1155849184.5	831111367.6	3580830035.4
3859000000.0	1155939426.9	831158005.4	3581710409.6
3860000000.0	1156029636.7	831204624.2	3582590760.4
3861000000.0	1156119813.9	831251224.1	3583471087.7
3862000000.0	1156209958.4	831297805.1	3584351391.6
3863000000.0	1156300070.3	831344367.1	3585231672.1
3864000000.0	1156390149.6	831390910.3	3586111929.2
3865000000.0	1156480196.2	831437434.7	3586992162.9
3866000000.0	1156570210.4	831483940.1	3587872373.1
3867000000.0	1156660191.9	831530426.7	3588752559.9
3868000000.0	1156750141.0	831576894.5	3589632723.3
3869000000.0	1156840057.5	831623343.5	3590512863.3
3870000000.0	1156929941.5	831669773.6	3591392979.9
3871000000.0	1157019793.0	831716184.9	3592273073.1
3872000000.0	1157109612.1	831762577.4	3593153142.8
3873000000.0	1157199398.7	831808951.2	3594033189.2
3874000000.0	1157289152.9	831855306.2	3594913212.1
3875000000.0	1157378874.7	831901642.4	3595793211.6
3876000000.0	1157468564.1	831947959.8	3596673187.8
3877000000.0	1157558221.1	831994258.6	3597553140.5
3878000000.0	1157647845.8	832040538.6	3598433069.8
3879000000.0	1157737438.1	832086799.8	3599312975.7
3880000000.0	1157826998.1	832133042.4	3600192858.2
3881000000.0	1157916525.8	832179266.3	3601072717.2
3882000000.0	1158006021.2	832225471.5	3601952552.9
3883000000.0	1158095484.3	832271658.1	3602832365.2
3884000000.0	1158184915.2	832317825.9	3603712154.1
3885000000.0	1158274313.9	832363975.2	3604591919.6
3886000000.0	1158363680.3	832410105.8	3605471661.7
3887000000.0	1158453014.5	832456217.8	3606351380.3
3888000000.0	1158542316.5	832502311.1	3607231075.6
3889000000.0	1158631586.4	832548385.9	3608110747.5
3890000000.0	1158720824.1	832594442.1	3608990396.0
3891000000.0	1158810029.7	832640479.7	3609870021.1
3892000000.0	1158899203.2	832686498.7	3610749622.8
3893000000.0	1158988344.6	832732499.2	3611629201.2
3894000000.0	1159077453.9	832778481.1	3612508756.1
3895000000.0	1159166531.1	832824444.5	3613388287.6
3896000000.0	1159255576.3	832870389.3	3614267795.8
3897000000.0	1159344589.4	832916315.7	3615147280.5
3898000000.0	1159433570.6	832962223.5	3616026741.9
3899000000.0	1159522519.8	833008112.9	3616906179.9
3900000000.0	1159611436.9	833053983.8	3617785594.5
3901000000.0	1159700322.2	833099836.2	3618664985.7
3902000000.0	1159789175.4	833145670.2	3619544353.5
3903000000.0	1159877996.8	833191485.7	3620423698.0
3904000000.0	1159966786.3	833237282.8	3621303019.1
3905000000.0	1160055543.8	833283061.5	3622182316.8
3906000000.0	1160144269.5	833328821.7	3623061591.1
3907000000.0	1160232963.3	833374563.6	3623940842.0
3908000000.0	1160321625.3	833420287.0	3624820069.5
3909000000.0	1160410255.5	833465992.1	3625699273.7
3910000000.0	1160498853.9	833511678.8	3626578454.5
3911000000.0	1160587420.5	833557347.2	3627457611.9
3912000000.0	1160675955.3	833602997.2	3628336746.0
3913000000.0	1160764458.3	833648628.9	3629215856.7
3914000000.0	1160852929.6	833694242.3	3630094944.0
3915000000.0	1160941369.3	833739837.3	3630974007.9
3916000000.0	1161029777.2	833785414.1	3631853048.5
3917000000.0	1161118153.4	833830972.5	3632732065.7
3918000000.0	1161206497.9	833876512.7	3633611059.5
3919000000.0	1161294810.8	833922034.6	3634490029.9
3920000000.0	1161383092.1	833967538.3	3635368977.0
3921000000.0	1161471341.7	834013023.7	3636247900.8
3922000000.0	1161559559.8	834058490.8	3637126801.1
3923000000.0	1161647746.3	834103939.8	3638005678.1
3924000000.0	1161735901.2	834149370.5	3638884531.7
3925000000.0	1161824024.5	834194783.1	3639763362.0
3926000000.0	1161912116.3	834240177.4	3640642168.9
3927000000.0	1162000176.6	834285553.6	3641520952.5
3928000000.0	1162088205.4	834330911.6	3642399712.7
3929000000.0	1162176202.8	834376251.4	3643278449.5
3930000000.0	1162264168.6	834421573.1	3644157163.0
3931000000.0	1162352103.1	834466876.7	3645035853.1
3932000000.0	1162440006.0	834512162.1	3645914519.9
3933000000.0	1162527877.6	834557429.4	3646793163.3
3934000000.0	1162615717.8	834602678.6	3647671783.4
3935000000.0	1162703526.6	834647909.8	3648550380.1
3936000000.0	1162791304.0	834693122.8	3649428953.4
3937000000.0	1162879050.1	834738317.8	3650307503.4
3938000000.0	1162966764.9	834783494.7	3651186030.1
3939000000.0	1163054448.3	834828653.5	3652064533.4
3940000000.0	1163142100.4	834873794.3	3652943013.4
3941000000.0	1163229721.3	834918917.1	3653821470.0
3942000000.0	1163317310.9	834964021.9	3654699903.3
3943000000.0	1163404869.3	835009108.7	3655578313.2
3944000000.0	1163492396.4	835054177.4	3656456699.8
3945000000.0	1163579892.3	835099228.2	3657335063.0
3946000000.0	1163667357.1	835144261.0	3658213402.9
3947000000.0	1163754790.6	835189275.9	3659091719.5
3948000000.0	1163842193.0	835234272.8	3659970012.7
3949000000.0	1163929564.2	835279251.7	3660848282.6
3950000000.0	1164016904.3	835324212.8	3661726529.1
3951000000.0	1164104213.3	835369155.9	3662604752.3
3952000000.0	1164191491.2	835414081.1	3663482952.2
3953000000.0	1164278738.0	835458988.4	3664361128.7
3954000000.0	1164365953.8	835503877.8	3665239281.9
3955000000.0	1164453138.5	835548749.3	3666117411.8
3956000000.0	1164540292.2	835593603.0	3666995518.3
3957000000.0	1164627414.9	835638438.8	3667873601.5
3958000000.0	1164714506.5	835683256.7	3668751661.4
3959000000.0	1164801567.2	835728056.8	3669629698.0
3960000000.0	1164888596.9	835772839.1	3670507711.2
3961000000.0	1164975595.7	835817603.6	3671385701.1
3962000000.0	1165062563.6	835862350.3	3672263667.6
3963000000.0	1165149500.5	835907079.2	3673141610.9
3964000000.0	1165236406.6	835951790.3	3674019530.8
3965000000.0	1165323281.7	835996483.7	3674897427.4
3966000000.0	1165410126.0	836041159.2	3675775300.6
3967000000.0	1165496939.5	836085817.1	3676653150.6
3968000000.0	1165583722.1	836130457.2	3677530977.2
3969000000.0	1165670473.9	836175079.5	3678408780.5
3970000000.0	1165757194.9	836219684.2	3679286560.5
3971000000.0	1165843885.1	836264271.1	3680164317.2
3972000000.0	1165930544.6	836308840.3	3681042050.5
3973000000.0	1166017173.3	836353391.9	3681919760.6
3974000000.0	1166103771.2	836397925.8	3682797447.3
3975000000.0	1166190338.5	836442442.0	3683675110.7
3976000000.0	1166276875.1	836486940.5	3684552750.8
3977000000.0	1166363380.9	836531421.5	3685430367.6
3978000000.0	1166449856.1	836575884.7	3686307961.0
3979000000.0	1166536300.7	836620330.4	3687185531.2
3980000000.0	1166622714.6	836664758.4	3688063078.0
3981000000.0	1166709097.9	836709168.9	3688940601.6
3982000000.0	1166795450.6	836753561.7	3689818101.8
3983000000.0	1166881772.7	836797937.0	3690695578.8
3984000000.0	1166968064.3	836842294.7	3691573032.4
3985000000.0	1167054325.2	836886634.8	3692450462.7
3986000000.0	1167140555.7	836930957.4	3693327869.7
3987000000.0	1167226755.6	836975262.4	3694205253.4
3988000000.0	1167312925.0	837019549.9	3695082613.8
3989000000.0	1167399064.0	837063819.9	3695959950.9
3990000000.0	1167485172.4	837108072.4	3696837264.8
3991000000.0	1167571250.4	837152307.4	3697714555.3
3992000000.0	1167657298.0	837196524.9	3698591822.5
3993000000.0	1167743315.1	837240724.9	3699469066.4
3994000000.0	1167829301.9	837284907.5	3700346287.0
3995000000.0	1167915258.2	837329072.6	3701223484.4
3996000000.0	1168001184.2	837373220.2	3702100658.4
3997000000.0	1168087079.8	837417350.4	3702977809.1
3998000000.0	1168172945.0	837461463.2	3703854936.6
3999000000.0	1168258780.0	837505558.6	3704732040.7
4000000000.0	1168344584.6	837549636.5	3705609121.6
4001000000.0	1168430358.9	837593697.1	3706486179.2
4002000000.0	1168516102.9	837637740.3	3707363213.5
4003000000.0	1168601816.7	837681766.1	3708240224.5
4004000000.0	1168687500.3	837725774.6	3709117212.2
4005000000.0	1168773153.6	837769765.6	3709994176.6
4006000000.0	1168858776.6	837813739.4	3710871117.7
4007000000.0	1168944369.5	837857695.8	3711748035.6
4008000000.0	1169029932.2	837901634.9	3712624930.2
4009000000.0	1169115464.8	837945556.7	3713501801.5
4010000000.0	1169200967.2	837989461.2	3714378649.5
4011000000.0	1169286439.4	838033348.3	3715255474.2
4012000000.0	1169371881.5	838077218.3	3716132275.7
4013000000.0	1169457293.6	838121070.9	3717009053.9
4014000000.0	1169542675.5	838164906.3	3717885808.8
4015000000.0	1169628027.4	838208724.4	3718762540.4
4016000000.0	1169713349.2	838252525.2	3719639248.8
4017000000.0	1169798640.9	838296308.9	3720515933.8
4018000000.0	1169883902.7	838340075.3	3721392595.6
4019000000.0	1169969134.4	838383824.5	3722269234.2
4020000000.0	1170054336.2	838427556.5	3723145849.4
4021000000.0	1170139507.9	838471271.4	3724022441.4
4022000000.0	1170224649.7	838514969.0	3724899010.1
4023000000.0	1170309761.6	838558649.5	3725775555.6
4024000000.0	1170394843.5	838602312.8	3726652077.8
4025000000.0	1170479895.5	838645959.0	3727528576.7
4026000000.0	1170564917.6	838689588.0	3728405052.3
4027000000.0	1170649909.9	838733199.9	3729281504.7
4028000000.0	1170734872.3	838776794.6	3730157933.9
4029000000.0	1170819804.8	838820372.3	3731034339.7
4030000000.0	1170904707.5	838863932.9	3731910722.3
4031000000.0	1170989580.3	838907476.3	3732787081.7
4032000000.0	1171074423.4	838951002.7	3733663417.7
4033000000.0	1171159236.7	838994512.0	3734539730.6
4034000000.0	1171244020.2	839038004.3	3735416020.1
4035000000.0	1171328773.9	839081479.5	3736292286.4
4036000000.0	1171413497.9	839124937.7	3737168529.5
4037000000.0	1171498192.2	839168378.8	3738044749.3
4038000000.0	1171582856.7	839211803.0	3738920945.8
4039000000.0	1171667491.6	839255210.1	3739797119.1
4040000000.0	1171752096.8	839298600.2	3740673269.1
4041000000.0	1171836672.4	839341973.3	3741549395.9
4042000000.0	1171921218.2	839385329.5	3742425499.4
4043000000.0	1172005734.5	839428668.7	3743301579.7
4044000000.0	1172090221.1	839471990.9	3744177636.8
4045000000.0	1172174678.2	839515296.1	3745053670.6
4046000000.0	1172259105.6	839558584.5	3745929681.1
4047000000.0	1172343503.5	839601855.9	3746805668.4
4048000000.0	1172427871.8	839645110.4	3747681632.4
4049000000.0	1172512210.6	839688347.9	3748557573.2
4050000000.0	1172596519.9	839731568.6	3749433490.8
4051000000.0	1172680799.7	839774772.4	3750309385.1
4052000000.0	1172765049.9	839817959.3	3751185256.2
4053000000.0	1172849270.7	839861129.3	3752061104.1
4054000000.0	1172933462.1	839904282.5	3752936928.7
4055000000.0	1173017624.0	839947418.8	3753812730.0
4056000000.0	1173101756.4	839990538.3	3754688508.1
4057000000.0	1173185859.5	840033640.9	3755564263.0
4058000000.0	1173269933.1	840076726.8	3756439994.7
4059000000.0	1173353977.4	840119795.8	3757315703.1
4060000000.0	1173437992.3	840162848.0	3758191388.3
4061000000.0	1173521977.8	840205883.4	3759067050.3
4062000000.0	1173605934.0	840248902.1	3759942689.0
4063000000.0	1173689860.9	840291903.9	3760818304.5
4064000000.0	1173773758.5	840334889.0	3761693896.7
4065000000.0	1173857626.8	840377857.4	3762569465.8
4066000000.0	1173941465.8	840420809.0	3763445011.6
4067000000.0	1174025275.5	840463743.9	3764320534.2
4068000000.0	1174109056.0	840506662.0	3765196033.5
4069000000.0	1174192807.3	840549563.5	3766071509.6
4070000000.0	1174276529.4	840592448.2	3766946962.5
4071000000.0	1174360222.2	840635316.3	3767822392.2
4072000000.0	1174443885.9	840678167.6	3768697798.7
4073000000.0	1174527520.4	840721002.3	3769573181.9
4074000000.0	1174611125.7	840763820.4	3770448542.0
4075000000.0	1174694702.0	840806621.7	3771323878.8
4076000000.0	1174778249.0	840849406.5	3772199192.3
4077000000.0	1174861767.0	840892174.6	3773074482.7
4078000000.0	1174945255.9	840934926.0	3773949749.8
4079000000.0	1175028715.7	840977660.9	3774824993.8
4080000000.0	1175112146.5	841020379.1	3775700214.5
4081000000.0	1175195548.2	841063080.8	3776575412.0
4082000000.0	1175278920.8	841105765.8	3777450586.3
4083000000.0	1175362264.5	841148434.3	3778325737.4
4084000000.0	1175445579.1	841191086.2	3779200865.3
4085000000.0	1175528864.8	841233721.6	3780075969.9
4086000000.0	1175612121.5	841276340.4	3780951051.4
4087000000.0	1175695349.2	841318942.7	3781826109.6
4088000000.0	1175778548.0	841361528.4	3782701144.7
4089000000.0	1175861717.9	841404097.6	3783576156.5
4090000000.0	1175944858.9	841446650.4	3784451145.1
4091000000.0	1176027970.9	841489186.6	3785326110.5
4092000000.0	1176111054.1	841531706.3	3786201052.8
4093000000.0	1176194108.4	841574209.5	3787075971.8
4094000000.0	1176277133.9	841616696.3	3787950867.6
4095000000.0	1176360130.5	841659166.6	3788825740.2
4096000000.0	1176443098.3	841701620.5	3789700589.6
4097000000.0	1176526037.3	841744057.9	3790575415.8
4098000000.0	1176608947.5	841786478.9	3791450218.9
4099000000.0	1176691829.0	841828883.5	3792324998.7
4100000000.0	1176774681.6	841871271.6	3793199755.3
4101000000.0	1176857505.6	841913643.3	3794074488.7
4102000000.0	1176940300.8	841955998.7	3794949199.0
4103000000.0	1177023067.3	841998337.6	3795823886.0
4104000000.0	1177105805.0	842040660.2	3796698549.9
4105000000.0	1177188514.1	842082966.5	3797573190.6
4106000000.0	1177271194.6	842125256.3	3798447808.0
4107000000.0	1177353846.3	842167529.8	3799322402.3
4108000000.0	1177436469.4	842209787.0	3800196973.4
4109000000.0	1177519063.9	842252027.9	3801071521.3
4110000000.0	1177601629.8	842294252.4	3801946046.1
4111000000.0	1177684167.1	842336460.6	3802820547.6
4112000000.0	1177766675.8	842378652.5	3803695026.0
4113000000.0	1177849156.0	842420828.2	3804569481.1
4114000000.0	1177931607.6	842462987.5	3805443913.1
4115000000.0	1178014030.6	842505130.6	3806318321.9
4116000000.0	1178096425.1	842547257.4	3807192707.6
4117000000.0	1178178791.2	842589368.0	3808067070.0
4118000000.0	1178261128.7	842631462.3	3808941409.3
4119000000.0	1178343437.7	842673540.4	3809815725.4
4120000000.0	1178425718.3	842715602.2	3810690018.3
4121000000.0	1178507970.5	842757647.9	3811564288.0
4122000000.0	1178590194.2	842799677.3	3812438534.6
4123000000.0	1178672389.5	842841690.5	3813312758.0
4124000000.0	1178754556.3	842883687.6	3814186958.2
4125000000.0	1178836694.8	842925668.5	3815061135.3
4126000000.0	1178918804.9	842967633.2	3815935289.1
4127000000.0	1179000886.7	843009581.7	3816809419.8
4128000000.0	1179082940.1	843051514.1	3817683527.4
4129000000.0	1179164965.2	843093430.4	3818557611.7
4130000000.0	1179246962.0	843135330.5	3819431673.0
4131000000.0	1179328930.4	843177214.5	3820305711.0
4132000000.0	1179410870.6	843219082.4	3821179725.9
4133000000.0	1179492782.5	843260934.2	3822053717.6
4134000000.0	1179574666.1	843302769.9	3822927686.1
4135000000.0	1179656521.5	843344589.5	3823801631.5
4136000000.0	1179738348.7	843386393.0	3824675553.7
4137000000.0	1179820147.7	843428180.5	3825549452.8
4138000000.0	1179901918.4	843469951.9	3826423328.7
4139000000.0	1179983661.0	843511707.3	3827297181.4
4140000000.0	1180065375.4	843553446.6	3828171011.0
4141000000.0	1180147061.7	843595169.9	3829044817.4
4142000000.0	1180228719.8	843636877.2	3829918600.7
4143000000.0	1180310349.7	843678568.4	3830792360.8
4144000000.0	1180391951.6	843720243.7	3831666097.8
4145000000.0	1180473525.4	843761903.0	3832539811.6
4146000000.0	1180555071.1	843803546.3	3833413502.2
4147000000.0	1180636588.7	843845173.6	3834287169.7
4148000000.0	1180718078.3	843886784.9	3835160814.1
4149000000.0	1180799539.8	843928380.3	3836034435.3
4150000000.0	1180880973.3	843969959.8	3836908033.3
4151000000.0	1180962378.8	844011523.3	3837781608.2
4152000000.0	1181043756.3	844053070.9	3838655160.0
4153000000.0	1181125105.8	844094602.5	3839528688.6
4154000000.0	1181206427.3	844136118.3	3840402194.1
4155000000.0	1181287720.9	844177618.1	3841275676.4
4156000000.0	1181368986.6	844219102.1	3842149135.6
4157000000.0	1181450224.3	844260570.2	3843022571.7
4158000000.0	1181531434.1	844302022.4	3843895984.6
4159000000.0	1181612616.1	844343458.7	3844769374.3
4160000000.0	1181693770.1	844384879.2	3845642740.9
4161000000.0	1181774896.3	844426283.8	3846516084.4
4162000000.0	1181855994.6	844467672.7	3847389404.8
4163000000.0	1181937065.1	844509045.6	3848262702.0
4164000000.0	1182018107.8	844550402.8	3849135976.1
4165000000.0	1182099122.6	844591744.1	3850009227.0
4166000000.0	1182180109.7	844633069.7	3850882454.8
4167000000.0	1182261069.0	844674379.4	3851755659.5
4168000000.0	1182342000.5	844715673.4	3852628841.0
4169000000.0	1182422904.3	844756951.6	3853501999.5
4170000000.0	1182503780.3	844798214.0	3854375134.7
4171000000.0	1182584628.6	844839460.7	3855248246.9
4172000000.0	1182665449.2	844880691.7	3856121335.9
4173000000.0	1182746242.1	844921906.9	3856994401.8
4174000000.0	1182827007.3	844963106.3	3857867444.6
4175000000.0	1182907744.9	845004290.1	3858740464.3
4176000000.0	1182988454.7	845045458.1	3859613460.8
4177000000.0	1183069137.0	845086610.5	3860486434.2
4178000000.0	1183149791.6	845127747.1	3861359384.5
4179000000.0	1183230418.7	845168868.1	3862232311.7
4180000000.0	1183311018.1	845209973.3	3863105215.7
4181000000.0	1183391590.0	845251063.0	3863978096.6
4182000000.0	1183472134.2	845292136.9	3864850954.4
4183000000.0	1183552651.0	845333195.3	3865723789.1
4184000000.0	1183633140.2	845374237.9	3866596600.7
4185000000.0	1183713601.8	845415265.0	3867469389.1
4186000000.0	1183794036.0	845456276.4	3868342154.5
4187000000.0	1183874442.6	845497272.2	3869214896.7
4188000000.0	1183954821.8	845538252.4	3870087615.8
4189000000.0	1184035173.5	845579217.1	3870960311.8
4190000000.0	1184115497.8	845620166.1	3871832984.7
4191000000.0	1184195794.6	845661099.6	3872705634.5
4192000000.0	1184276064.0	845702017.5	3873578261.2
4193000000.0	1184356306.0	845742919.8	3874450864.7
4194000000.0	1184436520.5	845783806.6	3875323445.2
4195000000.0	1184516707.7	845824677.8	3876196002.6
4196000000.0	1184596867.6	845865533.5	3877068536.8
4197000000.0	1184677000.0	845906373.7	3877941048.0
4198000000.0	1184757105.2	845947198.4	3878813536.0
4199000000.0	1184837183.0	845988007.6	3879686000.9
4200000000.0	1184917233.4	846028801.2	3880558442.8
4201000000.0	1184997256.6	846069579.4	3881430861.5
4202000000.0	1185077252.5	846110342.1	3882303257.1
4203000000.0	1185157221.1	846151089.4	3883175629.7
4204000000.0	1185237162.5	846191821.1	3884047979.1
4205000000.0	1185317076.6	846232537.5	3884920305.5
4206000000.0	1185396963.5	846273238.3	3885792608.7
4207000000.0	1185476823.2	846313923.8	3886664888.9
4208000000.0	1185556655.7	846354593.8	3887537145.9
4209000000.0	1185636461.0	846395248.4	3888409379.9
4210000000.0	1185716239.1	846435887.6	3889281590.8
4211000000.0	1185795990.0	846476511.4	3890153778.6
4212000000.0	1185875713.8	846517119.8	3891025943.3
4213000000.0	1185955410.5	846557712.8	3891898084.9
4214000000.0	1186035080.0	846598290.5	3892770203.4
4215000000.0	1186114722.5	846638852.8	3893642298.8
4216000000.0	1186194337.8	846679399.7	3894514371.2
4217000000.0	1186273926.1	846719931.3	3895386420.4
4218000000.0	1186353487.3	846760447.5	3896258446.6
4219000000.0	1186433021.5	846800948.4	3897130449.7
4220000000.0	1186512528.6	846841434.0	3898002429.7
4221000000.0	1186592008.7	846881904.3	3898874386.6
4222000000.0	1186671461.8	846922359.2	3899746320.5
4223000000.0	1186750887.9	846962798.9	3900618231.2
4224000000.0	1186830287.0	847003223.3	3901490118.9
4225000000.0	1186909659.2	847043632.4	3902361983.5
4226000000.0	1186989004.4	847084026.3	3903233825.1
4227000000.0	1187068322.6	847124404.9	3904105643.5
4228000000.0	1187147614.0	847164768.2	3904977438.9
4229000000.0	1187226878.4	847205116.3	3905849211.2
4230000000.0	1187306115.9	847245449.1	3906720960.4
4231000000.0	1187385326.5	847285766.8	3907592686.6
4232000000.0	1187464510.3	847326069.2	3908464389.7
4233000000.0	1187543667.2	847366356.4	3909336069.7
4234000000.0	1187622797.2	847406628.4	3910207726.7
4235000000.0	1187701900.5	847446885.2	3911079360.5
4236000000.0	1187780976.9	847487126.8	3911950971.3
4237000000.0	1187860026.5	847527353.3	3912822559.1
4238000000.0	1187939049.3	847567564.5	3913694123.8
4239000000.0	1188018045.3	847607760.7	3914565665.4
4240000000.0	1188097014.6	847647941.7	3915437184.0
4241000000.0	1188175957.2	847688107.5	3916308679.4
4242000000.0	1188254873.0	847728258.2	3917180151.9
4243000000.0	1188333762.0	847768393.8	3918051601.2
4244000000.0	1188412624.4	847808514.3	3918923027.5
4245000000.0	1188491460.1	847848619.6	3919794430.8
4246000000.0	1188570269.1	847888709.9	3920665811.0
4247000000.0	1188649051.4	847928785.1	3921537168.1
4248000000.0	1188727807.0	847968845.2	3922408502.2
4249000000.0	1188806536.1	848008890.2	3923279813.2
4250000000.0	1188885238.5	848048920.2	3924151101.2
4251000000.0	1188963914.3	848088935.1	3925022366.1
4252000000.0	1189042563.4	848128935.0	3925893608.0
4253000000.0	1189121186.0	848168919.8	3926764826.8
4254000000.0	1189199782.1	848208889.6	3927636022.5
4255000000.0	1189278351.5	848248844.4	3928507195.2
4256000000.0	1189356894.5	848288784.1	3929378344.9
4257000000.0	1189435410.9	848328708.9	3930249471.5
4258000000.0	1189513900.7	848368618.7	3931120575.1
4259000000.0	1189592364.1	848408513.4	3931991655.6
4260000000.0	1189670801.0	848448393.2	3932862713.1
4261000000.0	1189749211.4	848488258.1	3933733747.5
4262000000.0	1189827595.3	848528107.9	3934604758.9
4263000000.0	1189905952.8	848567942.8	3935475747.2
4264000000.0	1189984283.8	848607762.8	3936346712.5
4265000000.0	1190062588.4	848647567.8	3937217654.8
4266000000.0	1190140866.6	848687357.9	3938088574.0
4267000000.0	1190219118.4	848727133.1	3938959470.2
4268000000.0	1190297343.8	848766893.4	3939830343.4
4269000000.0	1190375542.9	848806638.8	3940701193.5
4270000000.0	1190453715.6	848846369.3	3941572020.5
4271000000.0	1190531861.9	848886084.8	3942442824.6
4272000000.0	1190609981.9	848925785.6	3943313605.6
4273000000.0	1190688075.6	848965471.4	3944184363.6
4274000000.0	1190766143.0	849005142.4	3945055098.5
4275000000.0	1190844184.1	849044798.5	3945925810.4
4276000000.0	1190922198.9	849084439.8	3946796499.3
4277000000.0	1191000187.5	849124066.2	3947667165.1
4278000000.0	1191078149.8	849163677.9	3948537808.0
4279000000.0	1191156085.8	849203274.7	3949408427.8
4280000000.0	1191233995.6	849242856.7	3950279024.5
4281000000.0	1191311879.3	849282423.8	3951149598.3
4282000000.0	1191389736.7	849321976.2	3952020149.0
4283000000.0	1191467567.9	849361513.8	3952890676.7
4284000000.0	1191545373.0	849401036.7	3953761181.4
4285000000.0	1191623151.9	849440544.7	3954631663.0
4286000000.0	1191700904.6	849480038.0	3955502121.6
4287000000.0	1191778631.3	849519516.6	3956372557.3
4288000000.0	1191856331.8	849558980.4	3957242969.9
4289000000.0	1191934006.2	849598429.4	3958113359.4
4290000000.0	1192011654.5	849637863.8	3958983726.0
4291000000.0	1192089276.7	849677283.4	3959854069.5
4292000000.0	1192166872.8	849716688.3	3960724390.1
4293000000.0	1192244442.9	849756078.5	3961594687.6
4294000000.0	1192321987.0	849795454.0	3962464962.1
4295000000.0	1192399505.0	849834814.8	3963335213.5
4296000000.0	1192476997.1	849874161.0	3964205442.0
4297000000.0	1192554463.1	849913492.4	3965075647.5
4298000000.0	1192631903.1	849952809.2	3965945829.9
4299000000.0	1192709317.1	849992111.4	3966815989.4
4300000000.0	1192786705.2	850031398.9	3967686125.8
4301000000.0	1192864067.4	850070671.8	3968556239.3
4302000000.0	1192941403.6	850109930.0	3969426329.7
4303000000.0	1193018713.8	850149173.6	3970296397.1
4304000000.0	1193095998.2	850188402.6	3971166441.5
4305000000.0	1193173256.7	850227617.0	3972036462.9
4306000000.0	1193250489.3	850266816.8	3972906461.3
4307000000.0	1193327696.0	850306002.0	3973776436.8
4308000000.0	1193404876.8	850345172.7	3974646389.2
4309000000.0	1193482031.8	850384328.7	3975516318.6
4310000000.0	1193559161.0	850423470.2	3976386225.0
4311000000.0	1193636264.4	850462597.2	3977256108.4
4312000000.0	1193713341.9	850501709.5	3978125968.8
4313000000.0	1193790393.7	850540807.4	3978995806.3
4314000000.0	1193867419.7	850579890.7	3979865620.7
4315000000.0	1193944419.9	850618959.5	3980735412.1
4316000000.0	1194021394.3	850658013.8	3981605180.6
4317000000.0	1194098343.0	850697053.6	3982474926.0
4318000000.0	1194175266.0	850736078.8	3983344648.5
4319000000.0	1194252163.3	850775089.6	3984214347.9
4320000000.0	1194329034.9	850814085.9	3985084024.4
4321000000.0	1194405880.7	850853067.7	3985953677.9
4322000000.0	1194482700.9	850892035.1	3986823308.4
4323000000.0	1194559495.5	850930988.0	3987692915.9
4324000000.0	1194636264.3	850969926.4	3988562500.5
4325000000.0	1194713007.6	851008850.4	3989432062.0
4326000000.0	1194789725.2	851047760.0	3990301600.6
4327000000.0	1194866417.2	851086655.1	3991171116.2
4328000000.0	1194943083.6	851125535.8	3992040608.8
4329000000.0	1195019724.4	851164402.1	3992910078.4
4330000000.0	1195096339.7	851203254.0	3993779525.1
4331000000.0	1195172929.3	851242091.5	3994648948.7
4332000000.0	1195249493.5	851280914.7	3995518349.4
4333000000.0	1195326032.1	851319723.4	3996387727.1
4334000000.0	1195402545.1	851358517.8	3997257081.8
4335000000.0	1195479032.7	851397297.8	3998126413.6
4336000000.0	1195555494.8	851436063.4	3998995722.4
4337000000.0	1195631931.3	851474814.7	3999865008.2
4338000000.0	1195708342.4	851513551.7	4000734271.0
4339000000.0	1195784728.1	851552274.3	4001603510.9
4340000000.0	1195861088.3	851590982.6	4002472727.8
4341000000.0	1195937423.0	851629676.6	4003341921.7
4342000000.0	1196013732.4	851668356.3	4004211092.7
4343000000.0	1196090016.3	851707021.7	4005080240.7
4344000000.0	1196166274.8	851745672.8	4005949365.7
4345000000.0	1196242508.0	851784309.6	4006818467.8
4346000000.0	1196318715.8	851822932.1	4007687546.9
4347000000.0	1196394898.2	851861540.4	4008556603.0
4348000000.0	1196471055.3	851900134.4	4009425636.2
4349000000.0	1196547187.0	851938714.2	4010294646.4
4350000000.0	1196623293.4	851977279.7	4011163633.6
4351000000.0	1196699374.6	852015831.0	4012032597.9
4352000000.0	1196775430.4	852054368.0	4012901539.2
4353000000.0	1196851460.9	852092890.8	4013770457.6
4354000000.0	1196927466.2	852131399.5	4014639353.0
4355000000.0	1197003446.2	852169893.9	4015508225.5
4356000000.0	1197079401.0	852208374.1	4016377075.0
4357000000.0	1197155330.5	852246840.1	4017245901.5
4358000000.0	1197231234.8	852285292.0	4018114705.1
4359000000.0	1197307113.9	852323729.6	4018983485.7
4360000000.0	1197382967.8	852362153.1	4019852243.4
4361000000.0	1197458796.6	852400562.5	4020720978.1
4362000000.0	1197534600.1	852438957.7	4021589689.9
4363000000.0	1197610378.5	852477338.7	4022458378.8
4364000000.0	1197686131.8	852515705.6	4023327044.7
4365000000.0	1197761859.9	852554058.4	4024195687.6
4366000000.0	1197837562.9	852592397.1	4025064307.6
4367000000.0	1197913240.8	852630721.7	4025932904.6
4368000000.0	1197988893.6	852669032.1	4026801478.8
4369000000.0	1198064521.4	852707328.5	4027670029.9
4370000000.0	1198140124.0	852745610.8	4028538558.1
4371000000.0	1198215701.6	852783879.0	4029407063.4
4372000000.0	1198291254.2	852822133.1	4030275545.8
4373000000.0	1198366781.7	852860373.2	4031144005.2
4374000000.0	1198442284.2	852898599.2	4032012441.6
4375000000.0	1198517761.7	852936811.1	4032880855.1
4376000000.0	1198593214.2	852975009.0	4033749245.7
4377000000.0	1198668641.7	853013192.9	4034617613.4
4378000000.0	1198744044.3	853051362.8	4035485958.1
4379000000.0	1198819421.9	853089518.6	4036354279.9
4380000000.0	1198894774.5	853127660.5	4037222578.7
4381000000.0	1198970102.2	853165788.3	4038090854.6
4382000000.0	1199045405.0	853203902.1	4038959107.6
4383000000.0	1199120682.9	853242002.0	4039827337.7
4384000000.0	1199195935.9	853280087.8	4040695544.8
4385000000.0	1199271164.0	853318159.7	4041563729.0
4386000000.0	1199346367.3	853356217.7	4042431890.3
4387000000.0	1199421545.7	853394261.6	4043300028.6
4388000000.0	1199496699.2	853432291.7	4044168144.0
4389000000.0	1199571827.9	853470307.7	4045036236.5
4390000000.0	1199646931.8	853508309.9	4045904306.1
4391000000.0	1199722010.8	853546298.1	4046772352.7
4392000000.0	1199797065.1	853584272.4	4047640376.4
4393000000.0	1199872094.6	853622232.8	4048508377.2
4394000000.0	1199947099.3	853660179.3	4049376355.1
4395000000.0	1200022079.3	853698111.9	4050244310.1
4396000000.0	1200097034.5	853736030.6	4051112242.1
4397000000.0	1200171964.9	853773935.5	4051980151.3
4398000000.0	1200246870.7	853811826.4	4052848037.5
4399000000.0	1200321751.7	853849703.5	4053715900.8
4400000000.0	1200396608.1	853887566.8	4054583741.1
4401000000.0	1200471439.7	853925416.2	4055451558.6
4402000000.0	1200546246.7	853963251.7	4056319353.2
4403000000.0	1200621029.0	854001073.4	4057187124.8
4404000000.0	1200695786.7	854038881.3	4058054873.5
4405000000.0	1200770519.7	854076675.4	4058922599.4
4406000000.0	1200845228.1	854114455.7	4059790302.3
4407000000.0	1200919911.9	854152222.1	4060657982.3
4408000000.0	1200994571.1	854189974.8	4061525639.4
4409000000.0	1201069205.7	854227713.6	4062393273.6
4410000000.0	1201143815.7	854265438.7	4063260884.8
4411000000.0	1201218401.1	854303150.1	4064128473.2
4412000000.0	1201292962.0	854340847.6	4064996038.7
4413000000.0	1201367498.4	854378531.4	4065863581.3
4414000000.0	1201442010.2	854416201.4	4066731101.0
4415000000.0	1201516497.5	854453857.7	4067598597.7
4416000000.0	1201590960.3	854491500.3	4068466071.6
4417000000.0	1201665398.7	854529129.1	4069333522.6
4418000000.0	1201739812.5	854566744.2	4070200950.7
4419000000.0	1201814201.9	854604345.6	4071068355.8
4420000000.0	1201888566.8	854641933.3	4071935738.1
4421000000.0	1201962907.3	854679507.3	4072803097.5
4422000000.0	1202037223.3	854717067.6	4073670434.0
4423000000.0	1202111514.9	854754614.3	4074537747.6
4424000000.0	1202185782.1	854792147.2	4075405038.3
4425000000.0	1202260024.9	854829666.5	4076272306.2
4426000000.0	1202334243.4	854867172.1	4077139551.1
4427000000.0	1202408437.4	854904664.1	4078006773.1
4428000000.0	1202482607.1	854942142.4	4078873972.3
4429000000.0	1202556752.5	854979607.1	4079741148.5
4430000000.0	1202630873.5	855017058.1	4080608301.9
4431000000.0	1202704970.2	855054495.5	4081475432.4
4432000000.0	1202779042.5	855091919.3	4082342540.0
4433000000.0	1202853090.6	855129329.5	4083209624.7
4434000000.0	1202927114.4	855166726.1	4084076686.6
4435000000.0	1203001113.9	855204109.1	4084943725.5
4436000000.0	1203075089.2	855241478.5	4085810741.6
4437000000.0	1203149040.2	855278834.4	4086677734.8
4438000000.0	1203222966.9	855316176.6	4087544705.1
4439000000.0	1203296869.5	855353505.4	4088411652.6
4440000000.0	1203370747.8	855390820.5	4089278577.1
4441000000.0	1203444601.9	855428122.1	4090145478.8
4442000000.0	1203518431.8	855465410.1	4091012357.6
4443000000.0	1203592237.5	855502684.7	4091879213.5
4444000000.0	1203666019.1	855539945.6	4092746046.6
4445000000.0	1203739776.5	855577193.1	4093612856.8
4446000000.0	1203813509.8	855614427.1	4094479644.1
4447000000.0	1203887218.9	855651647.5	4095346408.6
4448000000.0	1203960903.9	855688854.5	4096213150.1
4449000000.0	1204034564.8	855726047.9	4097079868.8
4450000000.0	1204108201.6	855763227.9	4097946564.7
4451000000.0	1204181814.3	855800394.4	4098813237.6
4452000000.0	1204255402.9	855837547.5	4099679887.8
4453000000.0	1204328967.5	855874687.0	4100546515.0
4454000000.0	1204402508.1	855911813.2	4101413119.4
4455000000.0	1204476024.5	855948925.8	4102279700.9
4456000000.0	1204549517.0	855986025.1	4103146259.5
4457000000.0	1204622985.4	856023110.9	4104012795.3
4458000000.0	1204696429.9	856060183.2	4104879308.2
4459000000.0	1204769850.3	856097242.2	4105745798.3
4460000000.0	1204843246.8	856134287.7	4106612265.5
4461000000.0	1204916619.3	856171319.9	4107478709.9
4462000000.0	1204989967.9	856208338.6	4108345131.4
4463000000.0	1205063292.5	856245344.0	4109211530.0
4464000000.0	1205136593.1	856282336.0	4110077905.8
4465000000.0	1205209869.9	856319314.6	4110944258.7
4466000000.0	1205283122.7	856356279.8	4111810588.8
4467000000.0	1205356351.7	856393231.7	4112676896.0
4468000000.0	1205429556.7	856430170.2	4113543180.4
4469000000.0	1205502737.9	856467095.4	4114409441.9
4470000000.0	1205575895.2	856504007.2	4115275680.6
4471000000.0	1205649028.7	856540905.8	4116141896.4
4472000000.0	1205722138.3	856577790.9	4117008089.4
4473000000.0	1205795224.1	856614662.8	4117874259.5
4474000000.0	1205868286.1	856651521.4	4118740406.8
4475000000.0	1205941324.3	856688366.6	4119606531.2
4476000000.0	1206014338.6	856725198.6	4120472632.8
4477000000.0	1206087329.2	856762017.3	4121338711.5
4478000000.0	1206160296.1	856798822.7	4122204767.4
4479000000.0	1206233239.2	856835614.8	4123070800.5
4480000000.0	1206306158.5	856872393.7	4123936810.7
4481000000.0	1206379054.1	856909159.3	4124802798.1
4482000000.0	1206451926.0	856945911.6	4125668762.7
4483000000.0	1206524774.1	856982650.8	4126534704.4
4484000000.0	1206597598.6	857019376.6	4127400623.2
4485000000.0	1206670399.3	857056089.3	4128266519.3
4486000000.0	1206743176.4	857092788.7	4129132392.5
4487000000.0	1206815929.9	857129474.9	4129998242.9
4488000000.0	1206888659.6	857166147.9	4130864070.4
4489000000.0	1206961365.8	857202807.7	4131729875.1
4490000000.0	1207034048.3	857239454.3	4132595657.0
4491000000.0	1207106707.2	857276087.7	4133461416.0
4492000000.0	1207179342.4	857312707.9	4134327152.2
4493000000.0	1207251954.1	857349315.0	4135192865.6
4494000000.0	1207324542.2	857385908.9	4136058556.2
4495000000.0	1207397106.7	857422489.6	4136924223.9
4496000000.0	1207469647.7	857459057.2	4137789868.8
4497000000.0	1207542165.1	857495611.6	4138655490.9
4498000000.0	1207614658.9	857532152.9	4139521090.1
4499000000.0	1207687129.3	857568681.1	4140386666.6
4500000000.0	1207759576.1	857605196.1	4141252220.2
4501000000.0	1207831999.4	857641698.1	4142117751.0
4502000000.0	1207904399.3	857678186.9	4142983258.9
4503000000.0	1207976775.6	857714662.6	4143848744.1
4504000000.0	1208049128.5	857751125.2	4144714206.4
4505000000.0	1208121457.9	857787574.8	4145579645.9
4506000000.0	1208193763.9	857824011.2	4146445062.6
4507000000.0	1208266046.4	857860434.6	4147310456.5
4508000000.0	1208338305.5	857896844.9	4148175827.6
4509000000.0	1208410541.2	857933242.2	4149041175.9
4510000000.0	1208482753.5	857969626.4	4149906501.3
4511000000.0	1208554942.4	858005997.5	4150771803.9
4512000000.0	1208627107.9	858042355.7	4151637083.7
4513000000.0	1208699250.1	858078700.7	4152502340.8
4514000000.0	1208771368.9	858115032.8	4153367575.0
4515000000.0	1208843464.3	858151351.9	4154232786.4
4516000000.0	1208915536.5	858187657.9	4155097974.9
4517000000.0	1208987585.3	858223950.9	4155963140.7
4518000000.0	1209059610.7	858260230.9	4156828283.7
4519000000.0	1209131612.9	858296498.0	4157693403.9
4520000000.0	1209203591.8	858332752.1	4158558501.2
4521000000.0	1209275547.4	858368993.1	4159423575.8
4522000000.0	1209347479.8	858405221.2	4160288627.6
4523000000.0	1209419388.9	858441436.4	4161153656.5
4524000000.0	1209491274.8	858477638.6	4162018662.7
4525000000.0	1209563137.4	858513827.9	4162883646.1
4526000000.0	1209634976.8	858550004.2	4163748606.6
4527000000.0	1209706793.0	858586167.5	4164613544.4
4528000000.0	1209778586.0	858622318.0	4165478459.4
4529000000.0	1209850355.8	858658455.5	4166343351.6
4530000000.0	1209922102.4	858694580.1	4167208220.9
4531000000.0	1209993825.9	858730691.8	4168073067.5
4532000000.0	1210065526.2	858766790.6	4168937891.3
4533000000.0	1210137203.4	858802876.6	4169802692.3
4534000000.0	1210208857.4	858838949.6	4170667470.6
4535000000.0	1210280488.3	858875009.7	4171532226.0
4536000000.0	1210352096.2	858911057.0	4172396958.6
4537000000.0	1210423680.9	858947091.4	4173261668.5
4538000000.0	1210495242.5	858983113.0	4174126355.5
4539000000.0	1210566781.1	859019121.7	4174991019.8
4540000000.0	1210638296.5	859055117.6	4175855661.3
4541000000.0	1210709789.0	859091100.6	4176720280.0
4542000000.0	1210781258.4	859127070.8	4177584875.9
4543000000.0	1210852704.7	859163028.1	4178449449.1
4544000000.0	1210924128.1	859198972.7	4179313999.5
4545000000.0	1210995528.4	859234904.4	4180178527.0
4546000000.0	1211066905.8	859270823.4	4181043031.8
4547000000.0	1211138260.1	859306729.5	4181907513.9
4548000000.0	1211209591.5	859342622.9	4182771973.1
4549000000.0	1211280899.9	859378503.4	4183636409.6
4550000000.0	1211352185.4	859414371.2	4184500823.3
4551000000.0	1211423447.9	859450226.3	4185365214.2
4552000000.0	1211494687.5	859486068.5	4186229582.3
4553000000.0	1211565904.2	859521898.0	4187093927.7
4554000000.0	1211637097.9	859557714.8	4187958250.3
4555000000.0	1211708268.8	859593518.8	4188822550.1
4556000000.0	1211779416.8	859629310.1	4189686827.2
4557000000.0	1211850541.9	859665088.6	4190551081.5
4558000000.0	1211921644.1	859700854.5	4191415313.0
4559000000.0	1211992723.5	859736607.6	4192279521.8
4560000000.0	1212063780.0	859772348.0	4193143707.8
4561000000.0	1212134813.8	859808075.7	4194007871.0
4562000000.0	1212205824.7	859843790.7	4194872011.4
4563000000.0	1212276812.7	859879493.1	4195736129.1
4564000000.0	1212347778.0	859915182.7	4196600224.1
4565000000.0	1212418720.5	859950859.7	4197464296.2
4566000000.0	1212489640.2	859986524.0	4198328345.6
4567000000.0	1212560537.2	860022175.6	4199192372.3
4568000000.0	1212631411.4	860057814.6	4200056376.2
4569000000.0	1212702262.9	860093441.0	4200920357.3
4570000000.0	1212773091.6	860129054.7	4201784315.7
4571000000.0	1212843897.6	860164655.7	4202648251.3
4572000000.0	1212914680.9	860200244.2	4203512164.2
4573000000.0	1212985441.5	860235820.0	4204376054.3
4574000000.0	1213056179.4	860271383.2	4205239921.6
4575000000.0	1213126894.6	860306933.8	4206103766.2
4576000000.0	1213197587.2	860342471.8	4206967588.1
4577000000.0	1213268257.1	860377997.2	4207831387.2
4578000000.0	1213338904.3	860413510.1	4208695163.5
4579000000.0	1213409528.9	860449010.3	4209558917.1
4580000000.0	1213480130.9	860484498.0	4210422648.0
4581000000.0	1213550710.3	860519973.1	4211286356.1
4582000000.0	1213621267.1	860555435.6	4212150041.4
4583000000.0	1213691801.3	860590885.6	4213013704.0
4584000000.0	1213762312.9	860626323.0	4213877343.9
4585000000.0	1213832802.0	860661748.0	4214740961.0
4586000000.0	1213903268.5	860697160.3	4215604555.4
4587000000.0	1213973712.4	860732560.2	4216468127.0
4588000000.0	1214044133.8	860767947.5	4217331675.9
4589000000.0	1214114532.7	860803322.3	4218195202.1
4590000000.0	1214184909.1	860838684.6	4219058705.5
4591000000.0	1214255262.9	860874034.4	4219922186.2
4592000000.0	1214325594.3	860909371.7	4220785644.2
4593000000.0	1214395903.2	860944696.5	4221649079.4
4594000000.0	1214466189.6	860980008.9	4222512491.8
4595000000.0	1214536453.5	861015308.8	4223375881.6
4596000000.0	1214606695.0	861050596.2	4224239248.6
4597000000.0	1214676914.1	861085871.1	4225102592.9
4598000000.0	1214747110.7	861121133.6	4225965914.4
4599000000.0	1214817284.9	861156383.6	4226829213.2
4600000000.0	1214887436.7	861191621.2	4227692489.3
4601000000.0	1214957566.1	861226846.4	4228555742.6
4602000000.0	1215027673.2	861262059.1	4229418973.3
4603000000.0	1215097757.8	861297259.5	4230282181.2
4604000000.0	1215167820.1	861332447.4	4231145366.3
4605000000.0	1215237860.0	861367622.9	4232008528.8
4606000000.0	1215307877.6	861402786.0	4232871668.5
4607000000.0	1215377872.9	861437936.7	4233734785.5
4608000000.0	1215447845.8	861473075.0	4234597879.8
4609000000.0	1215517796.4	861508200.9	4235460951.3
4610000000.0	1215587724.7	861543314.5	4236324000.2
4611000000.0	1215657630.8	861578415.6	4237187026.3
4612000000.0	1215727514.5	861613504.5	4238050029.7
4613000000.0	1215797376.0	861648580.9	4238913010.3
4614000000.0	1215867215.2	861683645.1	4239775968.3
4615000000.0	1215937032.2	861718696.8	4240638903.6
4616000000.0	1216006826.9	861753736.3	4241501816.1
4617000000.0	1216076599.5	861788763.4	4242364705.9
4618000000.0	1216146349.8	861823778.2	4243227573.0
4619000000.0	1216216077.9	861858780.7	4244090417.4
4620000000.0	1216285783.8	861893770.8	4244953239.1
4621000000.0	1216355467.5	861928748.7	4245816038.0
4622000000.0	1216425129.0	861963714.3	4246678814.3
4623000000.0	1216494768.4	861998667.5	4247541567.9
4624000000.0	1216564385.6	862033608.5	4248404298.7
4625000000.0	1216633980.7	862068537.2	4249267006.8
4626000000.0	1216703553.7	862103453.7	4250129692.3
4627000000.0	1216773104.5	862138357.9	4250992355.0
4628000000.0	1216842633.3	862173249.8	4251854995.0
4629000000.0	1216912139.9	862208129.4	4252717612.3
4630000000.0	1216981624.4	862242996.9	4253580206.9
4631000000.0	1217051086.9	862277852.1	4254442778.9
4632000000.0	1217120527.3	862312695.0	4255305328.1
4633000000.0	1217189945.6	862347525.7	4256167854.6
4634000000.0	1217259341.9	862382344.2	4257030358.4
4635000000.0	1217328716.2	862417150.5	4257892839.5
4636000000.0	1217398068.4	862451944.6	4258755297.9
4637000000.0	1217467398.6	862486726.5	4259617733.7
4638000000.0	1217536706.9	862521496.2	4260480146.7
4639000000.0	1217605993.1	862556253.7	4261342537.0
4640000000.0	1217675257.3	862590999.1	4262204904.7
4641000000.0	1217744499.6	862625732.2	4263067249.6
4642000000.0	1217813719.9	862660453.2	4263929571.9
4643000000.0	1217882918.2	862695162.0	4264791871.5
4644000000.0	1217952094.6	862729858.7	4265654148.3
4645000000.0	1218021249.1	862764543.2	4266516402.5
4646000000.0	1218090381.7	862799215.6	4267378634.0
4647000000.0	1218159492.3	862833875.8	4268240842.9
4648000000.0	1218228581.1	862868523.9	4269103029.0
4649000000.0	1218297647.9	862903159.9	4269965192.4
4650000000.0	1218366692.9	862937783.8	4270827333.2
4651000000.0	1218435716.0	862972395.6	4271689451.3
4652000000.0	1218504717.2	863006995.2	4272551546.7
4653000000.0	1218573696.6	863041582.8	4273413619.4
4654000000.0	1218642654.2	863076158.2	4274275669.4
4655000000.0	1218711589.9	863110721.6	4275137696.8
4656000000.0	1218780503.9	863145272.9	4275999701.5
4657000000.0	1218849396.0	863179812.2	4276861683.5
4658000000.0	1218918266.3	863214339.3	4277723642.8
4659000000.0	1218987114.8	863248854.4	4278585579.5
4660000000.0	1219055941.6	863283357.5	4279447493.4
4661000000.0	1219124746.6	863317848.5	4280309384.7
4662000000.0	1219193529.8	863352327.4	4281171253.4
4663000000.0	1219262291.3	863386794.4	4282033099.3
4664000000.0	1219331031.1	863421249.3	4282894922.6
4665000000.0	1219399749.1	863455692.1	4283756723.2
4666000000.0	1219468445.4	863490123.0	4284618501.2
4667000000.0	1219537120.0	863524541.9	4285480256.4
4668000000.0	1219605773.0	863558948.7	4286341989.1
4669000000.0	1219674404.2	863593343.6	4287203699.0
4670000000.0	1219743013.8	863627726.4	4288065386.3
4671000000.0	1219811601.7	863662097.3	4288927050.9
4672000000.0	1219880167.9	863696456.2	4289788692.8
4673000000.0	1219948712.5	863730803.1	4290650312.1
4674000000.0	1220017235.5	863765138.1	4291511908.8
4675000000.0	1220085736.9	863799461.1	4292373482.7
4676000000.0	1220154216.6	863833772.1	4293235034.0
4677000000.0	1220222674.8	863868071.2	4294096562.7
4678000000.0	1220291111.3	863902358.4	4294958068.7
4679000000.0	1220359526.3	863936633.6	4295819552.0
4680000000.0	1220427919.7	863970896.9	4296681012.7
4681000000.0	1220496291.6	864005148.3	4297542450.7
4682000000.0	1220564641.9	864039387.8	4298403866.0
4683000000.0	1220632970.6	864073615.3	4299265258.8
4684000000.0	1220701277.8	864107831.0	4300126628.8
4685000000.0	1220769563.6	864142034.7	4300987976.2
4686000000.0	1220837827.8	864176226.6	4301849301.0
4687000000.0	1220906070.5	864210406.5	4302710603.1
4688000000.0	1220974291.7	864244574.6	4303571882.5
4689000000.0	1221042491.4	864278730.9	4304433139.3
4690000000.0	1221110669.7	864312875.2	4305294373.5
4691000000.0	1221178826.5	864347007.7	4306155585.0
4692000000.0	1221246961.8	864381128.4	4307016773.9
4693000000.0	1221315075.8	864415237.2	4307877940.1
4694000000.0	1221383168.2	864449334.1	4308739083.7
4695000000.0	1221451239.3	864483419.2	4309600204.6
4696000000.0	1221519289.0	864517492.5	4310461302.9
4697000000.0	1221587317.3	864551554.0	4311322378.6
4698000000.0	1221655324.1	864585603.7	4312183431.6
4699000000.0	1221723309.6	864619641.5	4313044462.0
4700000000.0	1221791273.8	864653667.5	4313905469.7
4701000000.0	1221859216.6	864687681.8	4314766454.8
4702000000.0	1221927138.0	864721684.2	4315627417.3
4703000000.0	1221995038.1	864755674.9	4316488357.1
4704000000.0	1222062916.9	864789653.8	4317349274.3
4705000000.0	1222130774.3	864823620.9	4318210168.8
4706000000.0	1222198610.5	864857576.2	4319071040.8
4707000000.0	1222266425.3	864891519.8	4319931890.1
4708000000.0	1222334218.9	864925451.6	4320792716.7
4709000000.0	1222401991.2	864959371.7	4321653520.8
4710000000.0	1222469742.2	864993280.0	4322514302.2
4711000000.0	1222537471.9	865027176.6	4323375061.0
4712000000.0	1222605180.4	865061061.5	4324235797.1
4713000000.0	1222672867.7	865094934.6	4325096510.6
4714000000.0	1222740533.8	865128796.0	4325957201.5
4715000000.0	1222808178.6	865162645.7	4326817869.8
4716000000.0	1222875802.2	865196483.7	4327678515.5
4717000000.0	1222943404.7	865230310.0	4328539138.5
4718000000.0	1223010985.9	865264124.6	4329399738.9
4719000000.0	1223078546.0	865297927.5	4330260316.7
4720000000.0	1223146084.9	865331718.8	4331120871.8
4721000000.0	1223213602.6	865365498.3	4331981404.4
4722000000.0	1223281099.2	865399266.2	4332841914.3
4723000000.0	1223348574.6	865433022.4	4333702401.6
4724000000.0	1223416029.0	865466767.0	4334562866.3
4725000000.0	1223483462.2	865500499.9	4335423308.4
4726000000.0	1223550874.3	865534221.2	4336283727.9
4727000000.0	1223618265.3	865567930.8	4337144124.7
4728000000.0	1223685635.2	865601628.8	4338004499.0
4729000000.0	1223752984.1	865635315.1	4338864850.6
4730000000.0	1223820311.8	865668989.9	4339725179.6
4731000000.0	1223887618.5	865702653.0	4340585486.0
4732000000.0	1223954904.2	865736304.5	4341445769.8
4733000000.0	1224022168.8	865769944.4	4342306031.0
4734000000.0	1224089412.4	865803572.7	4343166269.6
4735000000.0	1224156635.0	865837189.5	4344026485.6
4736000000.0	1224223836.6	865870794.6	4344886679.0
4737000000.0	1224291017.2	865904388.2	4345746849.7
4738000000.0	1224358176.7	865937970.1	4346606997.9
4739000000.0	1224425315.3	865971540.5	4347467123.5
4740000000.0	1224492433.0	866005099.4	4348327226.4
4741000000.0	1224559529.7	866038646.7	4349187306.8
4742000000.0	1224626605.4	866072182.4	4350047364.5
4743000000.0	1224693660.2	866105706.6	4350907399.7
4744000000.0	1224760694.0	866139219.3	4351767412.3
4745000000.0	1224827707.0	866172720.4	4352627402.2
4746000000.0	1224894699.0	866206210.0	4353487369.6
4747000000.0	1224961670.1	866239688.1	4354347314.4
4748000000.0	1225028620.3	866273154.7	4355207236.6
4749000000.0	1225095549.7	866306609.7	4356067136.1
4750000000.0	1225162458.2	866340053.3	4356927013.1
4751000000.0	1225229345.8	866373485.3	4357786867.5
4752000000.0	1225296212.6	866406905.9	4358646699.4
4753000000.0	1225363058.5	866440315.0	4359506508.6
4754000000.0	1225429883.6	866473712.6	4360366295.2
4755000000.0	1225496687.8	866507098.7	4361226059.3
4756000000.0	1225563471.3	866540473.4	4362085800.7
4757000000.0	1225630234.0	866573836.6	4362945519.6
4758000000.0	1225696975.8	866607188.3	4363805215.9
4759000000.0	1225763696.9	866640528.6	4364664889.6
4760000000.0	1225830397.2	866673857.5	4365524540.7
4761000000.0	1225897076.7	866707174.9	4366384169.2
4762000000.0	1225963735.5	866740480.9	4367243775.2
4763000000.0	1226030373.6	866773775.4	4368103358.6
4764000000.0	1226096990.9	866807058.6	4368962919.4
4765000000.0	1226163587.4	866840330.3	4369822457.6
4766000000.0	1226230163.3	866873590.6	4370681973.2
4767000000.0	1226296718.5	866906839.5	4371541466.3
4768000000.0	1226363252.9	866940077.1	4372400936.8
4769000000.0	1226429766.7	866973303.2	4373260384.7
4770000000.0	1226496259.8	867006517.9	4374119810.0
4771000000.0	1226562732.2	867039721.3	4374979212.8
4772000000.0	1226629184.0	867072913.3	4375838593.0
4773000000.0	1226695615.1	867106093.9	4376697950.6
4774000000.0	1226762025.6	867139263.2	4377557285.6
4775000000.0	1226828415.4	867172421.1	4378416598.1
4776000000.0	1226894784.7	867205567.6	4379275888.0
4777000000.0	1226961133.3	867238702.8	4380135155.4
4778000000.0	1227027461.3	867271826.7	4380994400.1
4779000000.0	1227093768.7	867304939.3	4381853622.4
4780000000.0	1227160055.6	867338040.5	4382712822.0
4781000000.0	1227226321.9	867371130.4	4383571999.1
4782000000.0	1227292567.6	867404209.0	4384431153.6
4783000000.0	1227358792.7	867437276.2	4385290285.5
4784000000.0	1227424997.4	867470332.2	4386149394.9
4785000000.0	1227491181.5	867503376.9	4387008481.8
4786000000.0	1227557345.0	867536410.3	4387867546.0
4787000000.0	1227623488.1	867569432.3	4388726587.8
4788000000.0	1227689610.6	867602443.2	4389585606.9
4789000000.0	1227755712.7	867635442.7	4390444603.5
4790000000.0	1227821794.2	867668431.0	4391303577.5
4791000000.0	1227887855.3	867701408.0	4392162529.0
4792000000.0	1227953895.9	867734373.7	4393021458.0
4793000000.0	1228019916.1	867767328.2	4393880364.3
4794000000.0	1228085915.8	867800271.5	4394739248.2
4795000000.0	1228151895.1	867833203.5	4395598109.4
4796000000.0	1228217853.9	867866124.3	4396456948.2
4797000000.0	1228283792.4	867899033.8	4397315764.3
4798000000.0	1228349710.4	867931932.2	4398174558.0
4799000000.0	1228415608.0	867964819.3	4399033329.0
4800000000.0	1228481485.2	867997695.2	4399892077.6
4801000000.0	1228547342.1	868030559.9	4400750803.6
4802000000.0	1228613178.6	868063413.4	4401609507.0
4803000000.0	1228678994.7	868096255.7	4402468187.9
4804000000.0	1228744790.4	868129086.8	4403326846.2
4805000000.0	1228810565.9	868161906.7	4404185482.1
4806000000.0	1228876320.9	868194715.5	4405044095.3
4807000000.0	1228942055.7	868227513.1	4405902686.1
4808000000.0	1229007770.2	868260299.5	4406761254.2
4809000000.0	1229073464.3	868293074.8	4407619799.9
4810000000.0	1229139138.1	868325838.9	4408478323.0
4811000000.0	1229204791.7	868358591.8	4409336823.6
4812000000.0	1229270425.0	868391333.6	4410195301.6
4813000000.0	1229336038.0	868424064.3	4411053757.1
4814000000.0	1229401630.7	868456783.9	4411912190.1
4815000000.0	1229467203.2	868489492.3	4412770600.5
4816000000.0	1229532755.5	868522189.6	4413628988.4
4817000000.0	1229598287.5	868554875.8	4414487353.8
4818000000.0	1229663799.3	868587550.9	4415345696.6
4819000000.0	1229729290.9	868620214.9	4416204016.9
4820000000.0	1229794762.3	868652867.7	4417062314.7
4821000000.0	1229860213.5	868685509.5	4417920590.0
4822000000.0	1229925644.5	868718140.2	4418778842.7
4823000000.0	1229991055.4	868750759.9	4419637072.9
4824000000.0	1230056446.1	868783368.4	4420495280.6
4825000000.0	1230121816.6	868815965.9	4421353465.7
4826000000.0	1230187167.0	868848552.3	4422211628.4
4827000000.0	1230252497.2	868881127.7	4423069768.5
4828000000.0	1230317807.3	868913692.0	4423927886.0
4829000000.0	1230383097.3	868946245.2	4424785981.1
4830000000.0	1230448367.2	868978787.5	4425644053.6
4831000000.0	1230513617.0	869011318.7	4426502103.7
4832000000.0	1230578846.7	869043838.8	4427360131.2
4833000000.0	1230644056.3	869076347.9	4428218136.2
4834000000.0	1230709245.8	869108846.1	4429076118.6
4835000000.0	1230774415.3	869141333.2	4429934078.6
4836000000.0	1230839564.7	869173809.3	4430792016.0
4837000000.0	1230904694.1	869206274.4	4431649931.0
4838000000.0	1230969803.4	869238728.5	4432507823.4
4839000000.0	1231034892.7	869271171.6	4433365693.3
4840000000.0	1231099962.0	869303603.7	4434223540.7
4841000000.0	1231165011.3	869336024.8	4435081365.6
4842000000.0	1231230040.6	869368435.0	4435939167.9
4843000000.0	1231295049.9	869400834.2	4436796947.8
4844000000.0	1231360039.2	869433222.4	4437654705.2
4845000000.0	1231425008.6	869465599.7	4438512440.0
4846000000.0	1231489958.0	869497966.1	4439370152.4
4847000000.0	1231554887.4	869530321.4	4440227842.2
4848000000.0	1231619796.9	869562665.9	4441085509.6
4849000000.0	1231684686.5	869594999.4	4441943154.4
4850000000.0	1231749556.1	869627322.0	4442800776.7
4851000000.0	1231814405.9	869659633.6	4443658376.6
4852000000.0	1231879235.7	869691934.4	4444515953.9
4853000000.0	1231944045.6	869724224.2	4445373508.8
4854000000.0	1232008835.6	869756503.1	4446231041.1
4855000000.0	1232073605.8	869788771.1	4447088550.9
4856000000.0	1232138356.1	869821028.3	4447946038.3
4857000000.0	1232203086.5	869853274.5	4448803503.1
4858000000.0	1232267797.0	869885509.9	4449660945.5
4859000000.0	1232332487.8	869917734.3	4450518365.4
4860000000.0	1232397158.7	869949947.9	4451375762.7
4861000000.0	1232461809.7	869982150.6	4452233137.6
4862000000.0	1232526441.0	870014342.5	4453090490.0
4863000000.0	1232591052.4	870046523.5	4453947819.9
4864000000.0	1232655644.1	870078693.7	4454805127.3
4865000000.0	1232720216.0	870110853.0	4455662412.2
4866000000.0	1232784768.1	870143001.4	4456519674.7
4867000000.0	1232849300.4	870175139.1	4457376914.6
4868000000.0	1232913812.9	870207265.9	4458234132.1
4869000000.0	1232978305.7	870239381.9	4459091327.1
4870000000.0	1233042778.8	870271487.0	4459948499.6
4871000000.0	1233107232.1	870303581.4	4460805649.6
4872000000.0	1233171665.7	870335664.9	4461662777.1
4873000000.0	1233236079.6	870367737.6	4462519882.1
4874000000.0	1233300473.8	870399799.6	4463376964.7
4875000000.0	1233364848.3	870431850.7	4464234024.8
4876000000.0	1233429203.1	870463891.1	4465091062.4
4877000000.0	1233493538.2	870495920.7	4465948077.6
4878000000.0	1233557853.7	870527939.5	4466805070.2
4879000000.0	1233622149.5	870559947.5	4467662040.4
4880000000.0	1233686425.6	870591944.8	4468518988.1
4881000000.0	1233750682.1	870623931.3	4469375913.4
4882000000.0	1233814919.0	870655907.0	4470232816.1
4883000000.0	1233879136.2	870687872.0	4471089696.4
4884000000.0	1233943333.8	870719826.3	4471946554.2
4885000000.0	1234007511.9	870751769.8	4472803389.6
4886000000.0	1234071670.3	870783702.6	4473660202.5
4887000000.0	1234135809.1	870815624.7	4474516992.9
4888000000.0	1234199928.4	870847536.0	4475373760.8
4889000000.0	1234264028.0	870879436.7	4476230506.3
4890000000.0	1234328108.1	870911326.6	4477087229.3
4891000000.0	1234392168.7	870943205.8	4477943929.9
4892000000.0	1234456209.7	870975074.3	4478800608.0
4893000000.0	1234520231.2	871006932.1	4479657263.6
4894000000.0	1234584233.2	871038779.3	4480513896.7
4895000000.0	1234648215.6	871070615.7	4481370507.4
4896000000.0	1234712178.5	871102441.5	4482227095.7
4897000000.0	1234776122.0	871134256.6	4483083661.5
4898000000.0	1234840045.9	871166061.0	4483940204.8
4899000000.0	1234903950.4	871197854.8	4484796725.7
4900000000.0	1234967835.4	871229637.9	4485653224.1
4901000000.0	1235031700.9	871261410.4	4486509700.0
4902000000.0	1235095547.0	871293172.2	4487366153.5
4903000000.0	1235159373.6	871324923.4	4488222584.6
4904000000.0	1235223180.8	871356663.9	4489078993.2
4905000000.0	1235286968.5	871388393.8	4489935379.3
4906000000.0	1235350736.9	871420113.1	4490791743.0
4907000000.0	1235414485.8	871451821.8	4491648084.2
4908000000.0	1235478215.3	871483519.8	4492504403.0
4909000000.0	1235541925.5	871515207.3	4493360699.4
4910000000.0	1235605616.2	871546884.1	4494216973.3
4911000000.0	1235669287.6	871578550.4	4495073224.7
4912000000.0	1235732939.6	871610206.0	4495929453.7
4913000000.0	1235796572.2	871641851.1	4496785660.3
4914000000.0	1235860185.5	871673485.6	4497641844.4
4915000000.0	1235923779.5	871705109.5	4498498006.1
4916000000.0	1235987354.1	871736722.8	4499354145.3
4917000000.0	1236050909.4	871768325.6	4500210262.1
4918000000.0	1236114445.4	871799917.8	4501066356.4
4919000000.0	1236177962.1	871831499.4	4501922428.4
4920000000.0	1236241459.5	871863070.5	4502778477.8
4921000000.0	1236304937.6	871894631.1	4503634504.9
4922000000.0	1236368396.5	871926181.1	4504490509.5
4923000000.0	1236431836.0	871957720.6	4505346491.6
4924000000.0	1236495256.3	871989249.6	4506202451.4
4925000000.0	1236558657.4	872020768.0	4507058388.6
4926000000.0	1236622039.2	872052275.9	4507914303.5
4927000000.0	1236685401.7	872083773.3	4508770195.9
4928000000.0	1236748745.1	872115260.2	4509626065.9
4929000000.0	1236812069.2	872146736.6	4510481913.5
4930000000.0	1236875374.1	872178202.5	4511337738.6
4931000000.0	1236938659.9	872209657.9	4512193541.4
4932000000.0	1237001926.4	872241102.8	4513049321.6
4933000000.0	1237065173.7	872272537.2	4513905079.5
4934000000.0	1237128401.9	872303961.2	4514760814.9
4935000000.0	1237191610.9	872335374.6	4515616527.9
4936000000.0	1237254800.8	872366777.7	4516472218.5
4937000000.0	1237317971.5	872398170.2	4517327886.7
4938000000.0	1237381123.1	872429552.3	4518183532.4
4939000000.0	1237444255.5	872460924.0	4519039155.7
4940000000.0	1237507368.8	872492285.2	4519894756.6
4941000000.0	1237570463.0	872523635.9	4520750335.1
4942000000.0	1237633538.1	872554976.3	4521605891.2
4943000000.0	1237696594.1	872586306.2	4522461424.8
4944000000.0	1237759631.1	872617625.6	4523316936.0
4945000000.0	1237822648.9	872648934.7	4524172424.8
4946000000.0	1237885647.7	872680233.3	4525027891.2
4947000000.0	1237948627.4	872711521.6	4525883335.2
4948000000.0	1238011588.1	872742799.4	4526738756.8
4949000000.0	1238074529.7	872774066.8	4527594155.9
4950000000.0	1238137452.3	872805323.9	4528449532.7
4951000000.0	1238200355.8	872836570.5	4529304887.0
4952000000.0	1238263240.4	872867806.8	4530160218.9
4953000000.0	1238326105.9	872899032.7	4531015528.4
4954000000.0	1238388952.5	872930248.2	4531870815.5
4955000000.0	1238451780.0	872961453.4	4532726080.2
4956000000.0	1238514588.6	872992648.2	4533581322.5
4957000000.0	1238577378.2	873023832.6	4534436542.4
4958000000.0	1238640148.8	873055006.7	4535291739.9
4959000000.0	1238702900.4	873086170.4	4536146915.0
4960000000.0	1238765633.2	873117323.8	4537002067.7
4961000000.0	1238828346.9	873148466.9	4537857197.9
4962000000.0	1238891041.8	873179599.6	4538712305.8
4963000000.0	1238953717.7	873210722.0	4539567391.3
4964000000.0	1239016374.7	873241834.1	4540422454.4
4965000000.0	1239079012.8	873272935.8	4541277495.1
4966000000.0	1239141632.0	873304027.3	4542132513.3
4967000000.0	1239204232.4	873335108.4	4542987509.2
4968000000.0	1239266813.8	873366179.3	4543842482.7
4969000000.0	1239329376.4	873397239.8	4544697433.8
4970000000.0	1239391920.1	873428290.1	4545552362.5
4971000000.0	1239454444.9	873459330.1	4546407268.8
4972000000.0	1239516950.9	873490359.8	4547262152.8
4973000000.0	1239579438.1	873521379.2	4548117014.3
4974000000.0	1239641906.4	873552388.3	4548971853.4
4975000000.0	1239704356.0	873583387.2	4549826670.2
4976000000.0	1239766786.7	873614375.8	4550681464.6
4977000000.0	1239829198.6	873645354.2	4551536236.5
4978000000.0	1239891591.7	873676322.3	4552390986.1
4979000000.0	1239953966.0	873707280.2	4553245713.3
4980000000.0	1240016321.6	873738227.9	4554100418.2
4981000000.0	1240078658.4	873769165.3	4554955100.6
4982000000.0	1240140976.4	873800092.5	4555809760.7
4983000000.0	1240203275.6	873831009.4	4556664398.3
4984000000.0	1240265556.2	873861916.1	4557519013.6
4985000000.0	1240327818.0	873892812.7	4558373606.5
4986000000.0	1240390061.0	873923699.0	4559228177.1
4987000000.0	1240452285.4	873954575.1	4560082725.2
4988000000.0	1240514491.0	873985441.0	4560937251.0
4989000000.0	1240576677.9	874016296.7	4561791754.4
4990000000.0	1240638846.2	874047142.2	4562646235.5
4991000000.0	1240700995.7	874077977.6	4563500694.1
4992000000.0	1240763126.6	874108802.8	4564355130.4
4993000000.0	1240825238.8	874139617.7	4565209544.3
4994000000.0	1240887332.4	874170422.6	4566063935.8
4995000000.0	1240949407.3	874201217.2	4566918305.0
4996000000.0	1241011463.5	874232001.7	4567772651.8
4997000000.0	1241073501.1	874262776.1	4568626976.2
4998000000.0	1241135520.1	874293540.3	4569481278.3
4999000000.0	1241197520.5	874324294.3	4570335558.0
5000000000.0	1241259502.3	874355038.3	4571189815.3
5001000000.0	1241321465.5	874385772.1	4572044050.3
5002000000.0	1241383410.0	874416495.7	4572898262.9
5003000000.0	1241445336.0	874447209.2	4573752453.1
5004000000.0	1241507243.5	874477912.7	4574606621.0
5005000000.0	1241569132.3	874508606.0	4575460766.5
5006000000.0	1241631002.6	874539289.2	4576314889.6
5007000000.0	1241692854.3	874569962.3	4577168990.4
5008000000.0	1241754687.5	874600625.3	4578023068.9
5009000000.0	1241816502.2	874631278.2	4578877124.9
5010000000.0	1241878298.3	874661921.0	4579731158.6
5011000000.0	1241940076.0	874692553.7	4580585170.0
5012000000.0	1242001835.1	874723176.4	4581439159.0
5013000000.0	1242063575.7	874753788.9	4582293125.7
5014000000.0	1242125297.8	874784391.4	4583147069.9
5015000000.0	1242187001.5	874814983.9	4584000991.9
5016000000.0	1242248686.6	874845566.3	4584854891.5
5017000000.0	1242310353.3	874876138.6	4585708768.7
5018000000.0	1242372001.6	874906700.9	4586562623.6
5019000000.0	1242433631.3	874937253.1	4587416456.1
5020000000.0	1242495242.7	874967795.3	4588270266.3
5021000000.0	1242556835.6	874998327.5	4589124054.2
5022000000.0	1242618410.1	875028849.7	4589977819.7
5023000000.0	1242679966.2	875059361.8	4590831562.8
5024000000.0	1242741503.8	875089863.9	4591685283.6
5025000000.0	1242803023.1	875120356.0	4592538982.1
5026000000.0	1242864523.9	875150838.0	4593392658.2
5027000000.0	1242926006.4	875181310.1	4594246312.0
5028000000.0	1242987470.5	875211772.2	4595099943.4
5029000000.0	1243048916.2	875242224.3	4595953552.5
5030000000.0	1243110343.6	875272666.4	4596807139.3
5031000000.0	1243171752.6	875303098.5	4597660703.7
5032000000.0	1243233143.3	875333520.6	4598514245.8
5033000000.0	1243294515.7	875363932.7	4599367765.5
5034000000.0	1243355869.7	875394334.9	4600221262.9
5035000000.0	1243417205.4	875424727.1	4601074738.0
5036000000.0	1243478522.8	875455109.4	4601928190.7
5037000000.0	1243539821.9	875485481.7	4602781621.2
5038000000.0	1243601102.7	875515844.1	4603635029.2
5039000000.0	1243662365.2	875546196.5	4604488415.0
5040000000.0	1243723609.4	875576538.9	4605341778.4
5041000000.0	1243784835.3	875606871.5	4606195119.5
5042000000.0	1243846043.0	875637194.1	4607048438.2
5043000000.0	1243907232.5	875667506.7	4607901734.6
5044000000.0	1243968403.7	875697809.5	4608755008.7
5045000000.0	1244029556.6	875728102.3	4609608260.5
5046000000.0	1244090691.4	875758385.3	4610461490.0
5047000000.0	1244151807.9	875788658.3	4611314697.1
5048000000.0	1244212906.2	875818921.4	4612167881.9
5049000000.0	1244273986.3	875849174.6	4613021044.4
5050000000.0	1244335048.2	875879418.0	4613874184.5
5051000000.0	1244396091.9	875909651.4	4614727302.4
5052000000.0	1244457117.4	875939875.0	4615580397.9
5053000000.0	1244518124.8	875970088.7	4616433471.1
5054000000.0	1244579114.0	876000292.5	4617286522.0
5055000000.0	1244640085.0	876030486.4	4618139550.5
5056000000.0	1244701037.9	876060670.5	4618992556.8
5057000000.0	1244761972.7	876090844.7	4619845540.7
5058000000.0	1244822889.3	876121009.1	4620698502.4
5059000000.0	1244883787.8	876151163.6	4621551441.7
5060000000.0	1244944668.2	876181308.3	4622404358.7
5061000000.0	1245005530.4	876211443.2	4623257253.3
5062000000.0	1245066374.6	876241568.2	4624110125.7
5063000000.0	1245127200.7	876271683.4	4624962975.8
5064000000.0	1245188008.7	876301788.7	4625815803.5
5065000000.0	1245248798.6	876331884.3	4626668609.0
5066000000.0	1245309570.5	876361970.0	4627521392.1
5067000000.0	1245370324.3	876392045.9	4628374152.9
5068000000.0	1245431060.1	876422112.0	4629226891.5
5069000000.0	1245491777.8	876452168.3	4630079607.7
5070000000.0	1245552477.4	876482214.8	4630932301.6
5071000000.0	1245613159.1	876512251.6	4631784973.2
5072000000.0	1245673822.7	876542278.5	4632637622.5
5073000000.0	1245734468.3	876572295.7	4633490249.6
5074000000.0	1245795096.0	876602303.1	4634342854.3
5075000000.0	1245855705.6	876632300.7	4635195436.7
5076000000.0	1245916297.2	876662288.5	4636047996.8
5077000000.0	1245976870.9	876692266.6	4636900534.6
5078000000.0	1246037426.6	876722234.9	4637753050.1
5079000000.0	1246097964.3	876752193.5	4638605543.4
5080000000.0	1246158484.1	876782142.3	4639458014.3
5081000000.0	1246218985.9	876812081.4	4640310462.9
5082000000.0	1246279469.8	876842010.8	4641162889.3
5083000000.0	1246339935.7	876871930.4	4642015293.4
5084000000.0	1246400383.8	876901840.3	4642867675.1
5085000000.0	1246460813.9	876931740.4	4643720034.6
5086000000.0	1246521226.1	876961630.9	4644572371.8
5087000000.0	1246581620.4	876991511.6	4645424686.7
5088000000.0	1246641996.8	877021382.6	4646276979.3
5089000000.0	1246702355.4	877051243.9	4647129249.6
5090000000.0	1246762696.0	877081095.5	4647981497.6
5091000000.0	1246823018.8	877110937.5	4648833723.4
5092000000.0	1246883323.8	877140769.7	4649685926.9
5093000000.0	1246943610.9	877170592.2	4650538108.1
5094000000.0	1247003880.1	877200405.1	4651390267.0
5095000000.0	1247064131.5	877230208.3	4652242403.6
5096000000.0	1247124365.1	877260001.8	4653094517.9
5097000000.0	1247184580.9	877289785.6	4653946610.0
5098000000.0	1247244778.8	877319559.8	4654798679.8
5099000000.0	1247304959.0	877349324.3	4655650727.3
5100000000.0	1247365121.3	877379079.2	4656502752.5
5101000000.0	1247425265.9	877408824.4	4657354755.5
5102000000.0	1247485392.7	877438560.0	4658206736.1
5103000000.0	1247545501.7	877468286.0	4659058694.6
5104000000.0	1247605592.9	877498002.3	4659910630.7
5105000000.0	1247665666.4	877527709.0	4660762544.6
5106000000.0	1247725722.2	877557406.0	4661614436.1
5107000000.0	1247785760.2	877587093.4	4662466305.5
5108000000.0	1247845780.5	877616771.3	4663318152.5
5109000000.0	1247905783.0	877646439.5	4664169977.3
5110000000.0	1247965767.8	877676098.1	4665021779.8
5111000000.0	1248025735.0	877705747.1	4665873560.1
5112000000.0	1248085684.4	877735386.5	4666725318.0
5113000000.0	1248145616.1	877765016.3	4667577053.8
5114000000.0	1248205530.2	877794636.5	4668428767.2
5115000000.0	1248265426.5	877824247.2	4669280458.4
5116000000.0	1248325305.2	877853848.2	4670132127.3
5117000000.0	1248385166.3	877883439.7	4670983774.0
5118000000.0	1248445009.6	877913021.6	4671835398.4
5119000000.0	1248504835.4	877942594.0	4672687000.5
5120000000.0	1248564643.5	877972156.8	4673538580.4
5121000000.0	1248624433.9	878001710.0	4674390138.1
5122000000.0	1248684206.8	878031253.7	4675241673.4
5123000000.0	1248743962.0	878060787.9	4676093186.5
5124000000.0	1248803699.6	878090312.5	4676944677.4
5125000000.0	1248863419.6	878119827.5	4677796146.0
5126000000.0	1248923122.0	878149333.1	4678647592.4
5127000000.0	1248982806.9	878178829.1	4679499016.5
5128000000.0	1249042474.1	878208315.6	4680350418.3
5129000000.0	1249102123.8	878237792.6	4681201797.9
5130000000.0	1249161756.0	878267260.0	4682053155.2
5131000000.0	1249221370.6	878296718.0	4682904490.3
5132000000.0	1249280967.6	878326166.4	4683755803.2
5133000000.0	1249340547.1	878355605.3	4684607093.8
5134000000.0	1249400109.1	878385034.8	4685458362.2
5135000000.0	1249459653.5	878414454.8	4686309608.3
5136000000.0	1249519180.4	878443865.2	4687160832.1
5137000000.0	1249578689.9	878473266.2	4688012033.8
5138000000.0	1249638181.8	878502657.7	4688863213.1
5139000000.0	1249697656.2	878532039.8	4689714370.3
5140000000.0	1249757113.2	878561412.4	4690565505.2
5141000000.0	1249816552.7	878590775.5	4691416617.8
5142000000.0	1249875974.7	878620129.1	4692267708.3
5143000000.0	1249935379.2	878649473.3	4693118776.4
5144000000.0	1249994766.3	878678808.1	4693969822.4
5145000000.0	1250054136.0	878708133.4	4694820846.1
5146000000.0	1250113488.2	878737449.3	4695671847.6
5147000000.0	1250172823.0	878766755.7	4696522826.8
5148000000.0	1250232140.3	878796052.7	4697373783.8
5149000000.0	1250291440.3	878825340.3	4698224718.6
5150000000.0	1250350722.8	878854618.4	4699075631.1
5151000000.0	1250409988.0	878883887.1	4699926521.4
5152000000.0	1250469235.7	878913146.5	4700777389.5
5153000000.0	1250528466.1	878942396.4	4701628235.3
5154000000.0	1250587679.1	878971636.9	4702479059.0
5155000000.0	1250646874.7	879000868.0	4703329860.4
5156000000.0	1250706053.0	879030089.7	4704180639.5
5157000000.0	1250765213.9	879059302.1	4705031396.5
5158000000.0	1250824357.4	879088505.0	4705882131.2
5159000000.0	1250883483.7	879117698.6	4706732843.7
5160000000.0	1250942592.5	879146882.7	4707583533.9
5161000000.0	1251001684.1	879176057.6	4708434202.0
5162000000.0	1251060758.4	879205223.0	4709284847.8
5163000000.0	1251119815.3	879234379.1	4710135471.4
5164000000.0	1251178855.0	879263525.8	4710986072.8
5165000000.0	1251237877.3	879292663.2	4711836652.0
5166000000.0	1251296882.4	879321791.2	4712687208.9
5167000000.0	1251355870.2	879350909.9	4713537743.6
5168000000.0	1251414840.7	879380019.2	4714388256.1
5169000000.0	1251473794.0	879409119.2	4715238746.4
5170000000.0	1251532730.0	879438209.9	4716089214.5
5171000000.0	1251591648.8	879467291.2	4716939660.4
5172000000.0	1251650550.3	879496363.2	4717790084.1
5173000000.0	1251709434.6	879525425.9	4718640485.5
5174000000.0	1251768301.7	879554479.3	4719490864.7
5175000000.0	1251827151.5	879583523.4	4720341221.8
5176000000.0	1251885984.2	879612558.2	4721191556.6
5177000000.0	1251944799.6	879641583.6	4722041869.2
5178000000.0	1252003597.9	879670599.8	4722892159.6
5179000000.0	1252062378.9	879699606.7	4723742427.8
5180000000.0	1252121142.8	879728604.3	4724592673.8
5181000000.0	1252179889.5	879757592.6	4725442897.6
5182000000.0	1252238619.1	879786571.7	4726293099.2
5183000000.0	1252297331.5	879815541.4	4727143278.6
5184000000.0	1252356026.7	879844501.9	4727993435.7
5185000000.0	1252414704.8	879873453.2	4728843570.7
5186000000.0	1252473365.8	879902395.1	4729693683.5
5187000000.0	1252532009.6	879931327.9	4730543774.1
5188000000.0	1252590636.4	879960251.3	4731393842.5
5189000000.0	1252649246.0	879989165.5	4732243888.6
5190000000.0	1252707838.5	880018070.5	4733093912.6
5191000000.0	1252766413.9	880046966.3	4733943914.4
5192000000.0	1252824972.2	880075852.8	4734793894.0
5193000000.0	1252883513.5	880104730.0	4735643851.4
5194000000.0	1252942037.7	880133598.1	4736493786.6
5195000000.0	1253000544.8	880162456.9	4737343699.7
5196000000.0	1253059034.8	880191306.5	4738193590.5
5197000000.0	1253117507.8	880220146.9	4739043459.1
5198000000.0	1253175963.8	880248978.1	4739893305.6
5199000000.0	1253234402.7	880277800.1	4740743129.8
5200000000.0	1253292824.6	880306612.9	4741592931.9
5201000000.0	1253351229.4	880335416.5	4742442711.8
5202000000.0	1253409617.3	880364211.0	4743292469.5
5203000000.0	1253467988.1	880392996.2	4744142205.0
5204000000.0	1253526342.0	880421772.2	4744991918.4
5205000000.0	1253584678.8	880450539.1	4745841609.5
5206000000.0	1253642998.7	880479296.8	4746691278.5
5207000000.0	1253701301.6	880508045.4	4747540925.3
5208000000.0	1253759587.5	880536784.7	4748390549.9
5209000000.0	1253817856.5	880565514.9	4749240152.3
5210000000.0	1253876108.5	880594236.0	4750089732.5
5211000000.0	1253934343.5	880622947.9	4750939290.6
5212000000.0	1253992561.7	880651650.7	4751788826.5
5213000000.0	1254050762.9	880680344.3	4752638340.2
5214000000.0	1254108947.1	880709028.8	4753487831.8
5215000000.0	1254167114.5	880737704.1	4754337301.1
5216000000.0	1254225264.9	880766370.4	4755186748.3
5217000000.0	1254283398.4	880795027.5	4756036173.3
5218000000.0	1254341515.1	880823675.4	4756885576.2
5219000000.0	1254399614.8	880852314.3	4757734956.9
5220000000.0	1254457697.7	880880944.1	4758584315.4
5221000000.0	1254515763.7	880909564.7	4759433651.7
5222000000.0	1254573812.8	880938176.3	4760282965.9
5223000000.0	1254631845.1	880966778.7	4761132257.9
5224000000.0	1254689860.5	880995372.1	4761981527.7
5225000000.0	1254747859.0	881023956.4	4762830775.4
5226000000.0	1254805840.8	881052531.5	4763680000.9
5227000000.0	1254863805.7	881081097.7	4764529204.3
5228000000.0	1254921753.8	881109654.7	4765378385.5
5229000000.0	1254979685.0	881138202.6	4766227544.5
5230000000.0	1255037599.5	881166741.5	4767076681.3
5231000000.0	1255095497.2	881195271.4	4767925796.1
5232000000.0	1255153378.0	881223792.1	4768774888.6
5233000000.0	1255211242.1	881252303.8	4769623959.0
5234000000.0	1255269089.4	881280806.5	4770473007.2
5235000000.0	1255326919.9	881309300.1	4771322033.3
5236000000.0	1255384733.7	881337784.7	4772171037.2
5237000000.0	1255442530.7	881366260.3	4773020019.0
5238000000.0	1255500311.0	881394726.8	4773868978.6
5239000000.0	1255558074.5	881423184.2	4774717916.0
5240000000.0	1255615821.3	881451632.7	4775566831.3
5241000000.0	1255673551.4	881480072.1	4776415724.5
5242000000.0	1255731264.7	881508502.6	4777264595.5
5243000000.0	1255788961.3	881536924.0	4778113444.3
5244000000.0	1255846641.3	881565336.4	4778962271.0
5245000000.0	1255904304.5	881593739.8	4779811075.6
5246000000.0	1255961951.0	881622134.2	4780659858.0
5247000000.0	1256019580.9	881650519.6	4781508618.3
5248000000.0	1256077194.0	881678896.0	4782357356.4
5249000000.0	1256134790.5	881707263.4	4783206072.4
5250000000.0	1256192370.4	881735621.9	4784054766.2
5251000000.0	1256249933.6	881763971.4	4784903437.9
5252000000.0	1256307480.1	881792311.9	4785752087.4
5253000000.0	1256365010.0	881820643.4	4786600714.8
5254000000.0	1256422523.3	881848966.0	4787449320.1
5255000000.0	1256480019.9	881877279.6	4788297903.2
5256000000.0	1256537499.9	881905584.2	4789146464.2
5257000000.0	1256594963.3	881933879.9	4789995003.1
5258000000.0	1256652410.1	881962166.7	4790843519.8
5259000000.0	1256709840.3	881990444.5	4791692014.4
5260000000.0	1256767254.0	882018713.4	4792540486.8
5261000000.0	1256824651.0	882046973.3	4793388937.1
5262000000.0	1256882031.4	882075224.3	4794237365.3
5263000000.0	1256939395.3	882103466.4	4795085771.4
5264000000.0	1256996742.7	882131699.5	4795934155.3
5265000000.0	1257054073.4	882159923.8	4796782517.1
5266000000.0	1257111387.7	882188139.1	4797630856.8
5267000000.0	1257168685.4	882216345.5	4798479174.3
5268000000.0	1257225966.5	882244543.0	4799327469.7
5269000000.0	1257283231.1	882272731.7	4800175743.0
5270000000.0	1257340479.3	882300911.4	4801023994.1
5271000000.0	1257397710.9	882329082.2	4801872223.2
5272000000.0	1257454926.0	882357244.1	4802720430.1
5273000000.0	1257512124.6	882385397.2	4803568614.9
5274000000.0	1257569306.7	882413541.4	4804416777.5
5275000000.0	1257626472.3	882441676.7	4805264918.1
5276000000.0	1257683621.4	882469803.1	4806113036.5
5277000000.0	1257740754.1	882497920.6	4806961132.8
5278000000.0	1257797870.4	882526029.3	4807809207.0
5279000000.0	1257854970.1	882554129.2	4808657259.0
5280000000.0	1257912053.4	882582220.2	4809505289.0
5281000000.0	1257969120.3	882610302.3	4810353296.8
5282000000.0	1258026170.8	882638375.6	4811201282.5
5283000000.0	1258083204.8	882666440.0	4812049246.1
5284000000.0	1258140222.4	882694495.6	4812897187.6
5285000000.0	1258197223.6	882722542.4	4813745107.0
5286000000.0	1258254208.4	882750580.3	4814593004.3
5287000000.0	1258311176.8	882778609.5	4815440879.5
5288000000.0	1258368128.8	882806629.8	4816288732.5
5289000000.0	1258425064.4	882834641.2	4817136563.4
5290000000.0	1258481983.6	882862643.9	4817984372.3
5291000000.0	1258538886.5	882890637.8	4818832159.0
5292000000.0	1258595773.0	882918622.8	4819679923.6
5293000000.0	1258652643.2	882946599.1	4820527666.1
5294000000.0	1258709497.0	882974566.5	4821375386.6
5295000000.0	1258766334.5	883002525.2	4822223084.9
5296000000.0	1258823155.6	883030475.1	4823070761.1
5297000000.0	1258879960.4	883058416.2	4823918415.2
5298000000.0	1258936748.9	883086348.5	4824766047.2
5299000000.0	1258993521.1	883114272.0	4825613657.1
5300000000.0	1259050276.9	883142186.8	4826461244.9
5301000000.0	1259107016.5	883170092.8	4827308810.6
5302000000.0	1259163739.8	883197990.0	4828156354.2
5303000000.0	1259220446.8	883225878.5	4829003875.7
5304000000.0	1259277137.5	883253758.2	4829851375.1
5305000000.0	1259333811.9	883281629.2	4830698852.5
5306000000.0	1259390470.1	883309491.4	4831546307.7
5307000000.0	1259447112.0	883337344.9	4832393740.8
5308000000.0	1259503737.7	883365189.6	4833241151.9
5309000000.0	1259560347.2	883393025.6	4834088540.8
5310000000.0	1259616940.3	883420852.9	4834935907.7
5311000000.0	1259673517.3	883448671.5	4835783252.5
5312000000.0	1259730078.1	883476481.3	4836630575.2
5313000000.0	1259786622.6	883504282.4	4837477875.8
5314000000.0	1259843150.9	883532074.8	4838325154.3
5315000000.0	1259899663.0	883559858.5	4839172410.7
5316000000.0	1259956159.0	883587633.5	4840019645.1
5317000000.0	1260012638.7	883615399.8	4840866857.3
5318000000.0	1260069102.3	883643157.4	4841714047.5
5319000000.0	1260125549.7	883670906.3	4842561215.6
5320000000.0	1260181980.9	883698646.5	4843408361.6
5321000000.0	1260238396.0	883726378.0	4844255485.5
5322000000.0	1260294794.9	883754100.8	4845102587.4
5323000000.0	1260351177.7	883781815.0	4845949667.2
5324000000.0	1260407544.3	883809520.5	4846796724.9
5325000000.0	1260463894.8	883837217.3	4847643760.5
5326000000.0	1260520229.2	883864905.4	4848490774.0
5327000000.0	1260576547.4	883892584.9	4849337765.5
5328000000.0	1260632849.6	883920255.8	4850184734.9
5329000000.0	1260689135.6	883947918.0	4851031682.2
5330000000.0	1260745405.6	883975571.5	4851878607.5
5331000000.0	1260801659.4	884003216.4	4852725510.7
5332000000.0	1260857897.2	884030852.6	4853572391.8
5333000000.0	1260914118.9	884058480.3	4854419250.8
5334000000.0	1260970324.5	884086099.2	4855266087.8
5335000000.0	1261026514.1	884113709.6	4856112902.7
5336000000.0	1261082687.6	884141311.3	4856959695.5
5337000000.0	1261138845.1	884168904.4	4857806466.3
5338000000.0	1261194986.5	884196488.9	4858653215.0
5339000000.0	1261251111.9	884224064.8	4859499941.6
5340000000.0	1261307221.2	884251632.1	4860346646.2
5341000000.0	1261363314.6	884279190.7	4861193328.7
5342000000.0	1261419391.9	884306740.8	4862039989.2
5343000000.0	1261475453.2	884334282.3	4862886627.6
5344000000.0	1261531498.5	884361815.2	4863733243.9
5345000000.0	1261587527.8	884389339.5	4864579838.2
5346000000.0	1261643541.2	884416855.2	4865426410.4
5347000000.0	1261699538.5	884444362.3	4866272960.6
5348000000.0	1261755519.9	884471860.9	4867119488.7
5349000000.0	1261811485.3	884499350.8	4867965994.7
5350000000.0	1261867434.8	884526832.3	4868812478.7
5351000000.0	1261923368.3	884554305.1	4869658940.6
5352000000.0	1261979285.9	884581769.4	4870505380.5
5353000000.0	1262035187.5	884609225.1	4871351798.3
5354000000.0	1262091073.2	884636672.3	4872198194.1
5355000000.0	1262146942.9	884664110.9	4873044567.9
5356000000.0	1262202796.8	884691541.0	4873890919.5
5357000000.0	1262258634.7	884718962.6	4874737249.2
5358000000.0	1262314456.7	884746375.6	4875583556.8
5359000000.0	1262370262.9	884773780.1	4876429842.3
5360000000.0	1262426053.1	884801176.0	4877276105.8
5361000000.0	1262481827.5	884828563.5	4878122347.2
5362000000.0	1262537585.9	884855942.4	4878968566.6
5363000000.0	1262593328.5	884883312.8	4879814764.0
5364000000.0	1262649055.3	884910674.7	4880660939.3
5365000000.0	1262704766.2	884938028.0	4881507092.6
5366000000.0	1262760461.2	884965372.9	4882353223.8
5367000000.0	1262816140.4	884992709.3	4883199333.0
5368000000.0	1262871803.7	885020037.2	4884045420.2
5369000000.0	1262927451.3	885047356.5	4884891485.3
5370000000.0	1262983083.0	885074667.4	4885737528.4
5371000000.0	1263038698.9	885101969.8	4886583549.4
5372000000.0	1263094298.9	885129263.8	4887429548.4
5373000000.0	1263149883.2	885156549.2	4888275525.4
5374000000.0	1263205451.7	885183826.2	4889121480.4
5375000000.0	1263261004.3	885211094.7	4889967413.3
5376000000.0	1263316541.2	885238354.8	4890813324.1
5377000000.0	1263372062.4	885265606.4	4891659213.0
5378000000.0	1263427567.7	885292849.5	4892505079.8
5379000000.0	1263483057.3	885320084.2	4893350924.6
5380000000.0	1263538531.1	885347310.4	4894196747.3
5381000000.0	1263593989.2	885374528.2	4895042548.1
5382000000.0	1263649431.6	885401737.5	4895888326.8
5383000000.0	1263704858.2	885428938.4	4896734083.5
5384000000.0	1263760269.0	885456130.9	4897579818.1
5385000000.0	1263815664.2	885483314.9	4898425530.8
5386000000.0	1263871043.6	885510490.6	4899271221.4
5387000000.0	1263926407.4	885537657.8	4900116889.9
5388000000.0	1263981755.4	885564816.5	4900962536.5
5389000000.0	1264037087.7	885591966.9	4901808161.1
5390000000.0	1264092404.4	885619108.9	4902653763.6
5391000000.0	1264147705.3	885646242.4	4903499344.1
5392000000.0	1264202990.6	885673367.6	4904344902.6
5393000000.0	1264258260.2	885700484.3	4905190439.1
5394000000.0	1264313514.2	885727592.7	4906035953.5
5395000000.0	1264368752.4	885754692.6	4906881446.0
5396000000.0	1264423975.1	885781784.2	4907726916.4
5397000000.0	1264479182.1	885808867.4	4908572364.8
5398000000.0	1264534373.5	885835942.2	4909417791.2
5399000000.0	1264589549.2	885863008.7	4910263195.6
5400000000.0	1264644709.3	885890066.8	4911108578.0
5401000000.0	1264699853.8	885917116.5	4911953938.3
5402000000.0	1264754982.7	885944157.8	4912799276.7
5403000000.0	1264810096.0	885971190.8	4913644593.0
5404000000.0	1264865193.7	885998215.4	4914489887.4
5405000000.0	1264920275.8	886025231.7	4915335159.7
5406000000.0	1264975342.3	886052239.6	4916180410.1
5407000000.0	1265030393.2	886079239.2	4917025638.4
5408000000.0	1265085428.6	886106230.5	4917870844.7
5409000000.0	1265140448.4	886133213.4	4918716029.0
5410000000.0	1265195452.6	886160188.0	4919561191.4
5411000000.0	1265250441.3	886187154.2	4920406331.7
5412000000.0	1265305414.5	886214112.2	4921251450.0
5413000000.0	1265360372.1	886241061.8	4922096546.3
5414000000.0	1265415314.2	886268003.1	4922941620.6
5415000000.0	1265470240.8	886294936.0	4923786673.0
5416000000.0	1265525151.8	886321860.7	4924631703.3
5417000000.0	1265580047.3	886348777.1	4925476711.6
5418000000.0	1265634927.4	886375685.2	4926321698.0
5419000000.0	1265689791.9	886402584.9	4927166662.3
5420000000.0	1265744640.9	886429476.4	4928011604.7
5421000000.0	1265799474.5	886456359.6	4928856525.0
5422000000.0	1265854292.6	886483234.5	4929701423.4
5423000000.0	1265909095.2	886510101.1	4930546299.8
5424000000.0	1265963882.4	886536959.4	4931391154.2
5425000000.0	1266018654.0	886563809.5	4932235986.5
5426000000.0	1266073410.3	886590651.3	4933080797.0
5427000000.0	1266128151.1	886617484.8	4933925585.4
5428000000.0	1266182876.4	886644310.1	4934770351.8
5429000000.0	1266237586.3	886671127.1	4935615096.3
5430000000.0	1266292280.8	886697935.8	4936459818.7
5431000000.0	1266346959.9	886724736.3	4937304519.2
5432000000.0	1266401623.6	886751528.6	4938149197.7
5433000000.0	1266456271.8	886778312.6	4938993854.2
5434000000.0	1266510904.7	886805088.4	4939838488.8
5435000000.0	1266565522.2	886831855.9	4940683101.3
5436000000.0	1266620124.3	886858615.2	4941527691.9
5437000000.0	1266674711.0	886885366.3	4942372260.5
5438000000.0	1266729282.3	886912109.1	4943216807.2
5439000000.0	1266783838.2	886938843.7	4944061331.8
5440000000.0	1266838378.8	886965570.1	4944905834.5
5441000000.0	1266892904.1	886992288.3	4945750315.2
5442000000.0	1266947414.0	887018998.3	4946594773.9
5443000000.0	1267001908.6	887045700.1	4947439210.7
5444000000.0	1267056387.8	887072393.7	4948283625.4
5445000000.0	1267110851.7	887099079.1	4949128018.2
5446000000.0	1267165300.2	887125756.2	4949972389.1
5447000000.0	1267219733.5	887152425.2	4950816738.0
5448000000.0	1267274151.5	887179086.0	4951661064.9
5449000000.0	1267328554.1	887205738.7	4952505369.8
5450000000.0	1267382941.5	887232383.1	4953349652.8
5451000000.0	1267437313.5	887259019.4	4954193913.8
5452000000.0	1267491670.3	887285647.5	4955038152.8
5453000000.0	1267546011.8	887312267.4	4955882369.9
5454000000.0	1267600338.1	887338879.2	4956726565.0
5455000000.0	1267654649.0	887365482.8	4957570738.1
5456000000.0	1267708944.7	887392078.2	4958414889.3
5457000000.0	1267763225.2	887418665.5	4959259018.5
5458000000.0	1267817490.4	887445244.7	4960103125.8
5459000000.0	1267871740.4	887471815.6	4960947211.1
5460000000.0	1267925975.2	887498378.5	4961791274.4
5461000000.0	1267980194.7	887524933.2	4962635315.8
5462000000.0	1268034399.0	887551479.8	4963479335.3
5463000000.0	1268088588.1	887578018.3	4964323332.7
5464000000.0	1268142762.0	887604548.6	4965167308.3
5465000000.0	1268196920.7	887631070.8	4966011261.8
5466000000.0	1268251064.2	887657584.9	4966855193.4
5467000000.0	1268305192.5	887684090.8	4967699103.1
5468000000.0	1268359305.6	887710588.7	4968542990.8
5469000000.0	1268413403.6	887737078.4	4969386856.6
5470000000.0	1268467486.4	887763560.1	4970230700.4
5471000000.0	1268521554.0	887790033.6	4971074522.3
5472000000.0	1268575606.5	887816499.1	4971918322.2
5473000000.0	1268629643.8	887842956.4	4972762100.2
5474000000.0	1268683666.0	887869405.7	4973605856.2
5475000000.0	1268737673.0	887895846.9	4974449590.3
5476000000.0	1268791665.0	887922280.0	4975293302.4
5477000000.0	1268845641.8	887948705.0	4976136992.6
5478000000.0	1268899603.4	887975121.9	4976980660.9
5479000000.0	1268953550.0	888001530.8	4977824307.2
5480000000.0	1269007481.5	888027931.6	4978667931.5
5481000000.0	1269061397.8	888054324.3	4979511534.0
5482000000.0	1269115299.1	888080709.0	4980355114.5
5483000000.0	1269169185.3	888107085.6	4981198673.0
5484000000.0	1269223056.4	888133454.2	4982042209.6
5485000000.0	1269276912.5	888159814.7	4982885724.3
5486000000.0	1269330753.5	888186167.2	4983729217.1
5487000000.0	1269384579.4	888212511.6	4984572687.9
5488000000.0	1269438390.2	888238848.0	4985416136.8
5489000000.0	1269492186.1	888265176.4	4986259563.7
5490000000.0	1269545966.8	888291496.7	4987102968.7
5491000000.0	1269599732.6	888317809.0	4987946351.8
5492000000.0	1269653483.3	888344113.3	4988789713.0
5493000000.0	1269707219.0	888370409.5	4989633052.2
5494000000.0	1269760939.7	888396697.8	4990476369.5
5495000000.0	1269814645.4	888422978.0	4991319664.9
5496000000.0	1269868336.0	888449250.2	4992162938.3
5497000000.0	1269922011.7	888475514.4	4993006189.8
5498000000.0	1269975672.4	888501770.7	4993849419.4
5499000000.0	1270029318.1	888528018.9	4994692627.1
5500000000.0	1270082948.8	888554259.1	4995535812.8
5501000000.0	1270136564.6	888580491.3	4996378976.6
5502000000.0	1270190165.3	888606715.6	4997222118.5
5503000000.0	1270243751.2	888632931.9	4998065238.5
5504000000.0	1270297322.0	888659140.1	4998908336.6
5505000000.0	1270350878.0	888685340.5	4999751412.7
5506000000.0	1270404419.0	888711532.8	5000594467.0
5507000000.0	1270457945.0	888737717.2	5001437499.3
5508000000.0	1270511456.1	888763893.6	5002280509.7
5509000000.0	1270564952.3	888790062.0	5003123498.1
5510000000.0	1270618433.6	888816222.5	5003966464.7
5511000000.0	1270671900.0	888842375.0	5004809409.4
5512000000.0	1270725351.5	888868519.6	5005652332.1
5513000000.0	1270778788.1	888894656.2	5006495232.9
5514000000.0	1270832209.8	888920784.9	5007338111.8
5515000000.0	1270885616.6	888946905.7	5008180968.8
5516000000.0	1270939008.5	888973018.5	5009023803.9
5517000000.0	1270992385.6	888999123.4	5009866617.1
5518000000.0	1271045747.8	889025220.3	5010709408.4
5519000000.0	1271099095.1	889051309.4	5011552177.8
5520000000.0	1271152427.6	889077390.5	5012394925.3
5521000000.0	1271205745.2	889103463.7	5013237650.8
5522000000.0	1271259048.0	889129528.9	5014080354.5
5523000000.0	1271312336.0	889155586.3	5014923036.2
5524000000.0	1271365609.1	889181635.8	5015765696.1
5525000000.0	1271418867.4	889207677.3	5016608334.1
5526000000.0	1271472110.9	889233711.0	5017450950.1
5527000000.0	1271525339.6	889259736.7	5018293544.3
5528000000.0	1271578553.5	889285754.6	5019136116.5
5529000000.0	1271631752.6	889311764.6	5019978666.9
5530000000.0	1271684936.9	889337766.7	5020821195.4
5531000000.0	1271738106.4	889363760.9	5021663701.9
5532000000.0	1271791261.1	889389747.2	5022506186.6
5533000000.0	1271844401.1	889415725.7	5023348649.4
5534000000.0	1271897526.3	889441696.3	5024191090.3
5535000000.0	1271950636.7	889467659.0	5025033509.2
5536000000.0	1272003732.4	889493613.9	5025875906.4
5537000000.0	1272056813.3	889519560.9	5026718281.6
5538000000.0	1272109879.5	889545500.0	5027560634.9
5539000000.0	1272162931.0	889571431.3	5028402966.3
5540000000.0	1272215967.7	889597354.7	5029245275.9
5541000000.0	1272268989.7	889623270.3	5030087563.5
5542000000.0	1272321997.0	889649178.1	5030929829.3
5543000000.0	1272374989.6	889675078.0	5031772073.2
5544000000.0	1272427967.4	889700970.0	5032614295.2
5545000000.0	1272480930.6	889726854.3	5033456495.3
5546000000.0	1272533879.1	889752730.7	5034298673.5
5547000000.0	1272586812.9	889778599.3	5035140829.9
5548000000.0	1272639732.0	889804460.0	5035982964.3
5549000000.0	1272692636.4	889830313.0	5036825076.9
5550000000.0	1272745526.2	889856158.1	5037667167.6
5551000000.0	1272798401.3	889881995.5	5038509236.5
5552000000.0	1272851261.7	889907825.0	5039351283.4
5553000000.0	1272904107.5	889933646.7	5040193308.5
5554000000.0	1272956938.7	889959460.6	5041035311.7
5555000000.0	1273009755.2	889985266.7	5041877293.0
5556000000.0	1273062557.1	890011065.0	5042719252.5
5557000000.0	1273115344.4	890036855.6	5043561190.1
5558000000.0	1273168117.0	890062638.3	5044403105.8
5559000000.0	1273220875.0	890088413.3	5045244999.6
5560000000.0	1273273618.5	890114180.5	5046086871.6
5561000000.0	1273326347.3	890139939.9	5046928721.7
5562000000.0	1273379061.5	890165691.5	5047770549.9
5563000000.0	1273431761.1	890191435.4	5048612356.3
5564000000.0	1273484446.2	890217171.5	5049454140.8
5565000000.0	1273537116.7	890242899.9	5050295903.4
5566000000.0	1273589772.6	890268620.5	5051137644.2
5567000000.0	1273642413.9	890294333.3	5051979363.1
5568000000.0	1273695040.7	890320038.4	5052821060.1
5569000000.0	1273747652.9	890345735.7	5053662735.3
5570000000.0	1273800250.6	890371425.3	5054504388.6
5571000000.0	1273852833.7	890397107.2	5055346020.0
5572000000.0	1273905402.4	890422781.3	5056187629.6
5573000000.0	1273957956.4	890448447.7	5057029217.3
5574000000.0	1274010496.0	890474106.3	5057870783.2
5575000000.0	1274063021.0	890499757.3	5058712327.2
5576000000.0	1274115531.6	890525400.5	5059553849.4
5577000000.0	1274168027.6	890551036.0	5060395349.7
5578000000.0	1274220509.1	890576663.7	5061236828.1
5579000000.0	1274272976.1	890602283.8	5062078284.7
5580000000.0	1274325428.7	890627896.1	5062919719.4
5581000000.0	1274377866.7	890653500.8	5063761132.3
5582000000.0	1274430290.3	890679097.7	5064602523.4
5583000000.0	1274482699.4	890704687.0	5065443892.5
5584000000.0	1274535094.1	890730268.5	5066285239.9
5585000000.0	1274587474.3	890755842.4	5067126565.4
5586000000.0	1274639840.1	890781408.5	5067967869.0
5587000000.0	1274692191.4	890806967.0	5068809150.8
5588000000.0	1274744528.2	890832517.8	5069650410.7
5589000000.0	1274796850.7	890858061.0	5070491648.8
5590000000.0	1274849158.7	890883596.4	5071332865.1
5591000000.0	1274901452.3	890909124.2	5072174059.5
5592000000.0	1274953731.4	890934644.3	5073015232.1
5593000000.0	1275005996.2	890960156.8	5073856382.8
5594000000.0	1275058246.5	890985661.6	5074697511.7
5595000000.0	1275110482.5	891011158.7	5075538618.7
5596000000.0	1275162704.1	891036648.2	5076379703.9
5597000000.0	1275214911.3	891062130.0	5077220767.3
5598000000.0	1275267104.1	891087604.2	5078061808.8
5599000000.0	1275319282.5	891113070.7	5078902828.5
5600000000.0	1275371446.6	891138529.6	5079743826.4
5601000000.0	1275423596.3	891163980.9	5080584802.4
5602000000.0	1275475731.6	891189424.5	5081425756.6
5603000000.0	1275527852.6	891214860.5	5082266689.0
5604000000.0	1275579959.3	891240288.9	5083107599.5
5605000000.0	1275632051.6	891265709.7	5083948488.2
5606000000.0	1275684129.6	891291122.8	5084789355.0
5607000000.0	1275736193.3	891316528.3	5085630200.1
5608000000.0	1275788242.6	891341926.2	5086471023.3
5609000000.0	1275840277.6	891367316.5	5087311824.6
5610000000.0	1275892298.3	891392699.2	5088152604.2
5611000000.0	1275944304.8	891418074.3	5088993361.9
5612000000.0	1275996296.9	891443441.8	5089834097.8
5613000000.0	1276048274.7	891468801.7	5090674811.9
5614000000.0	1276100238.3	891494154.0	5091515504.1
5615000000.0	1276152187.5	891519498.8	5092356174.6
5616000000.0	1276204122.5	891544835.9	5093196823.2
5617000000.0	1276256043.2	891570165.4	5094037449.9
5618000000.0	1276307949.7	891595487.4	5094878054.9
5619000000.0	1276359841.9	891620801.8	5095718638.0
5620000000.0	1276411719.9	891646108.7	5096559199.4
5621000000.0	1276463583.6	891671407.9	5097399738.9
5622000000.0	1276515433.1	891696699.6	5098240256.6
5623000000.0	1276567268.3	891721983.8	5099080752.4
5624000000.0	1276619089.4	891747260.3	5099921226.5
5625000000.0	1276670896.2	891772529.4	5100761678.8
5626000000.0	1276722688.7	891797790.8	5101602109.2
5627000000.0	1276774467.1	891823044.8	5102442517.8
5628000000.0	1276826231.3	891848291.1	5103282904.6
5629000000.0	1276877981.3	891873530.0	5104123269.6
5630000000.0	1276929717.1	891898761.3	5104963612.8
5631000000.0	1276981438.7	891923985.1	5105803934.2
5632000000.0	1277033146.1	891949201.3	5106644233.8
5633000000.0	1277084839.4	891974410.0	5107484511.5
5634000000.0	1277136518.5	891999611.2	5108324767.5
5635000000.0	1277188183.4	892024804.9	5109165001.6
5636000000.0	1277239834.1	892049991.0	5110005214.0
5637000000.0	1277291470.8	892075169.7	5110845404.5
5638000000.0	1277343093.2	892100340.8	5111685573.3
5639000000.0	1277394701.6	892125504.4	5112525720.2
5640000000.0	1277446295.8	892150660.5	5113365845.4
5641000000.0	1277497875.9	892175809.1	5114205948.7
5642000000.0	1277549441.8	892200950.3	5115046030.2
5643000000.0	1277600993.7	892226083.9	5115886090.0
5644000000.0	1277652531.4	892251210.0	5116726127.9
5645000000.0	1277704055.0	892276328.7	5117566144.1
5646000000.0	1277755564.6	892301439.8	5118406138.4
5647000000.0	1277807060.0	892326543.5	5119246111.0
5648000000.0	1277858541.3	892351639.7	5120086061.8
5649000000.0	1277910008.6	892376728.4	5120925990.7
5650000000.0	1277961461.8	892401809.7	5121765897.9
5651000000.0	1278012900.9	892426883.5	5122605783.3
5652000000.0	1278064326.0	892451949.8	5123445646.9
5653000000.0	1278115737.0	892477008.7	5124285488.7
5654000000.0	1278167134.0	892502060.1	5125125308.7
5655000000.0	1278218516.9	892527104.1	5125965106.9
5656000000.0	1278269885.8	892552140.6	5126804883.4
5657000000.0	1278321240.6	892577169.7	5127644638.0
5658000000.0	1278372581.4	892602191.3	5128484370.9
5659000000.0	1278423908.2	892627205.5	5129324082.0
5660000000.0	1278475221.0	892652212.2	5130163771.3
5661000000.0	1278526519.7	892677211.5	5131003438.8
5662000000.0	1278577804.5	892702203.4	5131843084.6
5663000000.0	1278629075.2	892727187.9	5132682708.5
5664000000.0	1278680332.0	892752164.9	5133522310.7
5665000000.0	1278731574.8	892777134.5	5134361891.1
5666000000.0	1278782803.5	892802096.7	5135201449.7
5667000000.0	1278834018.4	892827051.5	5136040986.6
5668000000.0	1278885219.2	892851998.8	5136880501.6
5669000000.0	1278936406.1	892876938.8	5137719994.9
5670000000.0	1278987579.0	892901871.4	5138559466.4
5671000000.0	1279038737.9	892926796.5	5139398916.2
5672000000.0	1279089883.0	892951714.3	5140238344.1
5673000000.0	1279141014.0	892976624.6	5141077750.3
5674000000.0	1279192131.2	893001527.6	5141917134.8
5675000000.0	1279243234.4	893026423.2	5142756497.4
5676000000.0	1279294323.6	893051311.4	5143595838.3
5677000000.0	1279345399.0	893076192.2	5144435157.4
5678000000.0	1279396460.4	893101065.7	5145274454.7
5679000000.0	1279447508.0	893125931.7	5146113730.3
5680000000.0	1279498541.6	893150790.4	5146952984.1
5681000000.0	1279549561.3	893175641.8	5147792216.2
5682000000.0	1279600567.2	893200485.7	5148631426.5
5683000000.0	1279651559.1	893225322.4	5149470615.0
5684000000.0	1279702537.2	893250151.6	5150309781.7
5685000000.0	1279753501.4	893274973.5	5151148926.7
5686000000.0	1279804451.7	893299788.0	5151988050.0
5687000000.0	1279855388.2	893324595.2	5152827151.4
5688000000.0	1279906310.8	893349395.1	5153666231.2
5689000000.0	1279957219.6	893374187.6	5154505289.1
5690000000.0	1280008114.5	893398972.8	5155344325.3
5691000000.0	1280058995.6	893423750.6	5156183339.7
5692000000.0	1280109862.8	893448521.1	5157022332.4
5693000000.0	1280160716.2	893473284.3	5157861303.4
5694000000.0	1280211555.8	893498040.1	5158700252.5
5695000000.0	1280262381.6	893522788.6	5159539180.0
5696000000.0	1280313193.5	893547529.9	5160378085.6
5697000000.0	1280363991.7	893572263.7	5161216969.5
5698000000.0	1280414776.0	893596990.3	5162055831.7
5699000000.0	1280465546.6	893621709.6	5162894672.1
5700000000.0	1280516303.3	893646421.6	5163733490.8
5701000000.0	1280567046.3	893671126.2	5164572287.7
5702000000.0	1280617775.5	893695823.6	5165411062.9
5703000000.0	1280668490.9	893720513.7	5166249816.3
5704000000.0	1280719192.6	893745196.4	5167088548.0
5705000000.0	1280769880.5	893769871.9	5167927257.9
5706000000.0	1280820554.6	893794540.1	5168765946.1
5707000000.0	1280871215.0	893819201.0	5169604612.6
5708000000.0	1280921861.7	893843854.7	5170443257.3
5709000000.0	1280972494.6	893868501.0	5171281880.2
5710000000.0	1281023113.8	893893140.1	5172120481.5
5711000000.0	1281073719.2	893917771.9	5172959061.0
5712000000.0	1281124310.9	893942396.5	5173797618.7
5713000000.0	1281174888.9	893967013.7	5174636154.7
5714000000.0	1281225453.2	893991623.8	5175474669.0
5715000000.0	1281276003.8	894016226.5	5176313161.5
5716000000.0	1281326540.7	894040822.0	5177151632.3
5717000000.0	1281377063.9	894065410.3	5177990081.4
5718000000.0	1281427573.4	894089991.3	5178828508.7
5719000000.0	1281478069.2	894114565.1	5179666914.3
5720000000.0	1281528551.4	894139131.6	5180505298.2
5721000000.0	1281579019.8	894163690.9	5181343660.3
5722000000.0	1281629474.6	894188243.0	5182182000.7
5723000000.0	1281679915.8	894212787.8	5183020319.4
5724000000.0	1281730343.3	894237325.4	5183858616.4
5725000000.0	1281780757.1	894261855.7	5184696891.6
5726000000.0	1281831157.3	894286378.9	5185535145.1
5727000000.0	1281881543.8	894310894.8	5186373376.9
5728000000.0	1281931916.8	894335403.5	5187211586.9
5729000000.0	1281982276.0	894359905.0	5188049775.2
5730000000.0	1282032621.7	894384399.3	5188887941.8
5731000000.0	1282082953.8	894408886.4	5189726086.7
5732000000.0	1282133272.2	894433366.3	5190564209.9
5733000000.0	1282183577.0	894457838.9	5191402311.3
5734000000.0	1282233868.3	894482304.4	5192240391.0
5735000000.0	1282284145.9	894506762.7	5193078449.0
5736000000.0	1282334409.9	894531213.8	5193916485.3
5737000000.0	1282384660.4	894555657.7	5194754499.9
5738000000.0	1282434897.3	894580094.4	5195592492.7
5739000000.0	1282485120.6	894604524.0	5196430463.8
5740000000.0	1282535330.4	894628946.4	5197268413.3
5741000000.0	1282585526.5	894653361.6	5198106341.0
5742000000.0	1282635709.2	894677769.6	5198944246.9
5743000000.0	1282685878.2	894702170.4	5199782131.2
5744000000.0	1282736033.8	894726564.1	5200619993.8
5745000000.0	1282786175.8	894750950.6	5201457834.7
5746000000.0	1282836304.2	894775330.0	5202295653.8
5747000000.0	1282886419.1	894799702.2	5203133451.2
5748000000.0	1282936520.5	894824067.3	5203971227.0
5749000000.0	1282986608.4	894848425.2	5204808981.0
5750000000.0	1283036682.8	894872776.0	5205646713.3
5751000000.0	1283086743.7	894897119.6	5206484423.9
5752000000.0	1283136791.0	894921456.1	5207322112.8
5753000000.0	1283186824.9	894945785.4	5208159780.1
5754000000.0	1283236845.3	894970107.6	5208997425.6
5755000000.0	1283286852.2	894994422.7	5209835049.4
5756000000.0	1283336845.6	895018730.6	5210672651.5
5757000000.0	1283386825.5	895043031.5	5211510231.9
5758000000.0	1283436792.0	895067325.2	5212347790.6
5759000000.0	1283486745.0	895091611.8	5213185327.6
5760000000.0	1283536684.5	895115891.2	5214022842.9
5761000000.0	1283586610.6	895140163.6	5214860336.5
5762000000.0	1283636523.3	895164428.9	5215697808.4
5763000000.0	1283686422.5	895188687.0	5216535258.6
5764000000.0	1283736308.2	895212938.0	5217372687.2
5765000000.0	1283786180.6	895237182.0	5218210094.0
5766000000.0	1283836039.5	895261418.8	5219047479.2
5767000000.0	1283885885.0	895285648.6	5219884842.6
5768000000.0	1283935717.0	895309871.3	5220722184.4
5769000000.0	1283985535.7	895334086.9	5221559504.4
5770000000.0	1284035341.0	895358295.3	5222396802.8
5771000000.0	1284085132.8	895382496.8	5223234079.5
5772000000.0	1284134911.3	895406691.1	5224071334.5
5773000000.0	1284184676.4	895430878.4	5224908567.9
5774000000.0	1284234428.1	895455058.6	5225745779.5
5775000000.0	1284284166.4	895479231.7	5226582969.5
5776000000.0	1284333891.4	895503397.7	5227420137.7
5777000000.0	1284383603.0	895527556.7	5228257284.3
5778000000.0	1284433301.2	895551708.7	5229094409.2
5779000000.0	1284482986.1	895575853.6	5229931512.5
5780000000.0	1284532657.6	895599991.4	5230768594.0
5781000000.0	1284582315.8	895624122.2	5231605653.9
5782000000.0	1284631960.6	895648245.9	5232442692.1
5783000000.0	1284681592.1	895672362.6	5233279708.6
5784000000.0	1284731210.3	895696472.3	5234116703.4
5785000000.0	1284780815.1	895720574.9	5234953676.6
5786000000.0	1284830406.7	895744670.5	5235790628.1
5787000000.0	1284879984.9	895768759.0	5236627557.9
5788000000.0	1284929549.8	895792840.5	5237464466.0
5789000000.0	1284979101.4	895816915.0	5238301352.5
5790000000.0	1285028639.7	895840982.5	5239138217.3
5791000000.0	1285078164.8	895865042.9	5239975060.4
5792000000.0	1285127676.5	895889096.4	5240811881.8
5793000000.0	1285177175.0	895913142.8	5241648681.6
5794000000.0	1285226660.2	895937182.2	5242485459.7
5795000000.0	1285276132.1	895961214.6	5243322216.2
5796000000.0	1285325590.7	895985240.0	5244158951.0
5797000000.0	1285375036.1	896009258.5	5244995664.1
5798000000.0	1285424468.3	896033269.9	5245832355.6
5799000000.0	1285473887.2	896057274.3	5246669025.3
5800000000.0	1285523292.8	896081271.7	5247505673.5
5801000000.0	1285572685.2	896105262.1	5248342299.9
5802000000.0	1285622064.4	896129245.6	5249178904.8
5803000000.0	1285671430.4	896153222.1	5250015487.9
5804000000.0	1285720783.1	896177191.5	5250852049.4
5805000000.0	1285770122.6	896201154.1	5251688589.2
5806000000.0	1285819448.9	896225109.6	5252525107.4
5807000000.0	1285868762.0	896249058.2	5253361603.9
5808000000.0	1285918061.9	896272999.8	5254198078.8
5809000000.0	1285967348.6	896296934.4	5255034532.0
5810000000.0	1286016622.1	896320862.1	5255870963.5
5811000000.0	1286065882.5	896344782.8	5256707373.4
5812000000.0	1286115129.6	896368696.6	5257543761.6
5813000000.0	1286164363.6	896392603.4	5258380128.2
5814000000.0	1286213584.4	896416503.3	5259216473.2
5815000000.0	1286262792.0	896440396.2	5260052796.5
5816000000.0	1286311986.5	896464282.2	5260889098.1
5817000000.0	1286361167.9	896488161.2	5261725378.1
5818000000.0	1286410336.1	896512033.3	5262561636.5
5819000000.0	1286459491.1	896535898.5	5263397873.2
5820000000.0	1286508633.0	896559756.7	5264234088.2
5821000000.0	1286557761.8	896583608.0	5265070281.6
5822000000.0	1286606877.4	896607452.4	5265906453.4
5823000000.0	1286655980.0	896631289.9	5266742603.5
5824000000.0	1286705069.4	896655120.4	5267578732.0
5825000000.0	1286754145.7	896678944.1	5268414838.8
5826000000.0	1286803208.9	896702760.8	5269250924.0
5827000000.0	1286852259.0	896726570.6	5270086987.6
5828000000.0	1286901296.0	896750373.5	5270923029.5
5829000000.0	1286950319.9	896774169.5	5271759049.8
5830000000.0	1286999330.7	896797958.6	5272595048.5
5831000000.0	1287048328.5	896821740.8	5273431025.5
5832000000.0	1287097313.1	896845516.1	5274266980.8
5833000000.0	1287146284.7	896869284.5	5275102914.6
5834000000.0	1287195243.3	896893046.0	5275938826.7
5835000000.0	1287244188.8	896916800.7	5276774717.2
5836000000.0	1287293121.2	896940548.4	5277610586.0
5837000000.0	1287342040.6	896964289.3	5278446433.2
5838000000.0	1287390946.9	896988023.3	5279282258.8
5839000000.0	1287439840.2	897011750.5	5280118062.8
5840000000.0	1287488720.5	897035470.7	5280953845.1
5841000000.0	1287537587.7	897059184.1	5281789605.8
5842000000.0	1287586442.0	897082890.6	5282625344.9
5843000000.0	1287635283.2	897106590.3	5283461062.3
5844000000.0	1287684111.4	897130283.1	5284296758.1
5845000000.0	1287732926.5	897153969.1	5285132432.3
5846000000.0	1287781728.7	897177648.2	5285968084.9
5847000000.0	1287830517.9	897201320.4	5286803715.8
5848000000.0	1287879294.1	897224985.8	5287639325.2
5849000000.0	1287928057.3	897248644.4	5288474912.9
5850000000.0	1287976807.6	897272296.1	5289310479.0
5851000000.0	1288025544.8	897295941.0	5290146023.4
5852000000.0	1288074269.1	897319579.0	5290981546.3
5853000000.0	1288122980.5	897343210.2	5291817047.5
5854000000.0	1288171678.8	897366834.6	5292652527.1
5855000000.0	1288220364.2	897390452.2	5293487985.1
5856000000.0	1288269036.7	897414062.9	5294323421.5
5857000000.0	1288317696.2	897437666.8	5295158836.3
5858000000.0	1288366342.8	897461263.9	5295994229.5
5859000000.0	1288414976.4	897484854.2	5296829601.0
5860000000.0	1288463597.2	897508437.7	5297664951.0
5861000000.0	1288512205.0	897532014.4	5298500279.3
5862000000.0	1288560799.8	897555584.2	5299335586.0
5863000000.0	1288609381.8	897579147.3	5300170871.1
5864000000.0	1288657950.9	897602703.6	5301006134.6
5865000000.0	1288706507.0	897626253.0	5301841376.5
5866000000.0	1288755050.3	897649795.7	5302676596.8
5867000000.0	1288803580.6	897673331.6	5303511795.5
5868000000.0	1288852098.1	897696860.7	5304346972.6
5869000000.0	1288900602.7	897720383.0	5305182128.0
5870000000.0	1288949094.4	897743898.5	5306017261.9
5871000000.0	1288997573.3	897767407.3	5306852374.2
5872000000.0	1289046039.2	897790909.2	5307687464.9
5873000000.0	1289094492.4	897814404.4	5308522533.9
5874000000.0	1289142932.6	897837892.9	5309357581.4
5875000000.0	1289191360.0	897861374.5	5310192607.3
5876000000.0	1289239774.6	897884849.4	5311027611.6
5877000000.0	1289288176.3	897908317.5	5311862594.2
5878000000.0	1289336565.2	897931778.9	5312697555.3
5879000000.0	1289384941.2	897955233.6	5313532494.8
5880000000.0	1289433304.5	897978681.4	5314367412.7
5881000000.0	1289481654.9	898002122.5	5315202309.0
5882000000.0	1289529992.5	898025556.9	5316037183.7
5883000000.0	1289578317.3	898048984.5	5316872036.8
5884000000.0	1289626629.2	898072405.4	5317706868.4
5885000000.0	1289674928.4	898095819.6	5318541678.3
5886000000.0	1289723214.8	898119227.0	5319376466.7
5887000000.0	1289771488.4	898142627.7	5320211233.4
5888000000.0	1289819749.2	898166021.7	5321045978.6
5889000000.0	1289867997.2	898189408.9	5321880702.2
5890000000.0	1289916232.5	898212789.4	5322715404.2
5891000000.0	1289964454.9	898236163.2	5323550084.6
5892000000.0	1290012664.6	898259530.2	5324384743.4
5893000000.0	1290060861.6	898282890.6	5325219380.7
5894000000.0	1290109045.8	898306244.2	5326053996.3
5895000000.0	1290157217.2	898329591.2	5326888590.4
5896000000.0	1290205376.0	898352931.4	5327723162.9
5897000000.0	1290253521.9	898376264.9	5328557713.9
5898000000.0	1290301655.2	898399591.7	5329392243.2
5899000000.0	1290349775.7	898422911.9	5330226751.0
5900000000.0	1290397883.4	898446225.3	5331061237.2
5901000000.0	1290445978.5	898469532.0	5331895701.8
5902000000.0	1290494060.8	898492832.1	5332730144.8
5903000000.0	1290542130.5	898516125.5	5333564566.3
5904000000.0	1290590187.4	898539412.1	5334398966.2
5905000000.0	1290638231.6	898562692.2	5335233344.5
5906000000.0	1290686263.2	898585965.5	5336067701.3
5907000000.0	1290734282.0	898609232.1	5336902036.5
5908000000.0	1290782288.2	898632492.1	5337736350.1
5909000000.0	1290830281.7	898655745.4	5338570642.1
5910000000.0	1290878262.5	898678992.1	5339404912.6
5911000000.0	1290926230.6	898702232.0	5340239161.5
5912000000.0	1290974186.1	898725465.4	5341073388.8
5913000000.0	1291022128.9	898748692.0	5341907594.6
5914000000.0	1291070059.1	898771912.1	5342741778.8
5915000000.0	1291117976.6	898795125.4	5343575941.5
5916000000.0	1291165881.5	898818332.1	5344410082.5
5917000000.0	1291213773.7	898841532.2	5345244202.1
5918000000.0	1291261653.3	898864725.6	5346078300.0
5919000000.0	1291309520.3	898887912.4	5346912376.4
5920000000.0	1291357374.6	898911092.5	5347746431.2
5921000000.0	1291405216.3	898934266.1	5348580464.5
5922000000.0	1291453045.4	898957432.9	5349414476.2
5923000000.0	1291500861.9	898980593.2	5350248466.4
5924000000.0	1291548665.8	899003746.8	5351082435.0
5925000000.0	1291596457.1	899026893.8	5351916382.1
5926000000.0	1291644235.8	899050034.2	5352750307.5
5927000000.0	1291692002.0	899073168.0	5353584211.5
5928000000.0	1291739755.5	899096295.1	5354418093.9
5929000000.0	1291787496.5	899119415.7	5355251954.7
5930000000.0	1291835224.8	899142529.6	5356085794.0
5931000000.0	1291882940.6	899165636.9	5356919611.7
5932000000.0	1291930643.9	899188737.6	5357753407.9
5933000000.0	1291978334.6	899211831.8	5358587182.6
5934000000.0	1292026012.7	899234919.3	5359420935.6
5935000000.0	1292073678.3	899258000.2	5360254667.2
5936000000.0	1292121331.3	899281074.6	5361088377.2
5937000000.0	1292168971.8	899304142.3	5361922065.6
5938000000.0	1292216599.8	899327203.5	5362755732.5
5939000000.0	1292264215.2	899350258.1	5363589377.9
5940000000.0	1292311818.1	899373306.1	5364423001.7
5941000000.0	1292359408.5	899396347.5	5365256604.0
5942000000.0	1292406986.4	899419382.3	5366090184.7
5943000000.0	1292454551.8	899442410.6	5366923743.9
5944000000.0	1292502104.6	899465432.3	5367757281.6
5945000000.0	1292549645.0	899488447.5	5368590797.7
5946000000.0	1292597172.9	899511456.0	5369424292.3
5947000000.0	1292644688.2	899534458.0	5370257765.3
5948000000.0	1292692191.1	899557453.5	5371091216.8
5949000000.0	1292739681.5	899580442.4	5371924646.8
5950000000.0	1292787159.5	899603424.8	5372758055.3
5951000000.0	1292834624.9	899626400.6	5373591442.2
5952000000.0	1292882077.9	899649369.8	5374424807.5
5953000000.0	1292929518.5	899672332.5	5375258151.4
5954000000.0	1292976946.6	899695288.7	5376091473.7
5955000000.0	1293024362.2	899718238.3	5376924774.5
5956000000.0	1293071765.4	899741181.4	5377758053.7
5957000000.0	1293119156.1	899764118.0	5378591311.4
5958000000.0	1293166534.4	899787048.0	5379424547.6
5959000000.0	1293213900.3	899809971.5	5380257762.3
5960000000.0	1293261253.8	899832888.5	5381090955.5
5961000000.0	1293308594.8	899855799.0	5381924127.1
5962000000.0	1293355923.4	899878702.9	5382757277.2
5963000000.0	1293403239.6	899901600.3	5383590405.7
5964000000.0	1293450543.4	899924491.2	5384423512.8
5965000000.0	1293497834.8	899947375.6	5385256598.3
5966000000.0	1293545113.8	899970253.5	5386089662.3
5967000000.0	1293592380.4	899993124.9	5386922704.8
5968000000.0	1293639634.6	900015989.8	5387755725.8
5969000000.0	1293686876.5	900038848.2	5388588725.2
5970000000.0	1293734105.9	900061700.1	5389421703.2
5971000000.0	1293781323.0	900084545.5	5390254659.6
5972000000.0	1293828527.7	900107384.4	5391087594.5
5973000000.0	1293875720.1	900130216.8	5391920507.9
5974000000.0	1293922900.1	900153042.7	5392753399.8
5975000000.0	1293970067.7	900175862.2	5393586270.1
5976000000.0	1294017223.0	900198675.2	5394419119.0
5977000000.0	1294064366.0	900221481.7	5395251946.3
5978000000.0	1294111496.6	900244281.7	5396084752.1
5979000000.0	1294158614.9	900267075.2	5396917536.5
5980000000.0	1294205720.8	900289862.3	5397750299.3
5981000000.0	1294252814.4	900312642.9	5398583040.6
5982000000.0	1294299895.7	900335417.1	5399415760.4
5983000000.0	1294346964.7	900358184.7	5400248458.7
5984000000.0	1294394021.4	900380946.0	5401081135.4
5985000000.0	1294441065.8	900403700.7	5401913790.7
5986000000.0	1294488097.9	900426449.1	5402746424.5
5987000000.0	1294535117.6	900449190.9	5403579036.8
5988000000.0	1294582125.1	900471926.4	5404411627.6
5989000000.0	1294629120.3	900494655.3	5405244196.8
5990000000.0	1294676103.3	900517377.9	5406076744.6
5991000000.0	1294723073.9	900540094.0	5406909270.9
5992000000.0	1294770032.3	900562803.6	5407741775.6
5993000000.0	1294816978.4	900585506.9	5408574258.9
5994000000.0	1294863912.3	900608203.7	5409406720.7
5995000000.0	1294910833.9	900630894.0	5410239161.0
5996000000.0	1294957743.2	900653578.0	5411071579.8
5997000000.0	1295004640.3	900676255.5	5411903977.1
5998000000.0	1295051525.1	900698926.6	5412736352.9
5999000000.0	1295098397.8	900721591.3	5413568707.2
6000000000.0	1295145258.1	900744249.6	5414401040.0
6001000000.0	1295192106.3	900766901.4	5415233351.3
6002000000.0	1295238942.2	900789546.9	5416065641.2
6003000000.0	1295285765.9	900812185.9	5416897909.5
6004000000.0	1295332577.4	900834818.6	5417730156.4
6005000000.0	1295379376.7	900857444.8	5418562381.7
6006000000.0	1295426163.8	900880064.7	5419394585.6
6007000000.0	1295472938.7	900902678.1	5420226768.0
6008000000.0	1295519701.4	900925285.2	5421058928.9
6009000000.0	1295566451.9	900947885.8	5421891068.4
6010000000.0	1295613190.2	900970480.1	5422723186.3
6011000000.0	1295659916.4	900993068.0	5423555282.8
6012000000.0	1295706630.3	901015649.5	5424387357.8
6013000000.0	1295753332.1	901038224.7	5425219411.3
6014000000.0	1295800021.7	901060793.4	5426051443.3
6015000000.0	1295846699.2	901083355.8	5426883453.9
6016000000.0	1295893364.5	901105911.8	5427715442.9
6017000000.0	1295940017.7	901128461.5	5428547410.5
6018000000.0	1295986658.7	901151004.7	5429379356.6
6019000000.0	1296033287.6	901173541.7	5430211281.3
6020000000.0	1296079904.3	901196072.2	5431043184.4
6021000000.0	1296126508.9	901218596.4	5431875066.1
6022000000.0	1296173101.3	901241114.3	5432706926.3
6023000000.0	1296219681.7	901263625.8	5433538765.1
6024000000.0	1296266249.9	901286130.9	5434370582.4
6025000000.0	1296312806.0	901308629.7	5435202378.2
6026000000.0	1296359350.0	901331122.2	5436034152.5
6027000000.0	1296405881.9	901353608.3	5436865905.4
6028000000.0	1296452401.7	901376088.1	5437697636.8
6029000000.0	1296498909.5	901398561.5	5438529346.7
6030000000.0	1296545405.1	901421028.6	5439361035.2
6031000000.0	1296591888.6	901443489.4	5440192702.2
6032000000.0	1296638360.1	901465943.8	5441024347.7
6033000000.0	1296684819.4	901488391.9	5441855971.8
6034000000.0	1296731266.7	901510833.7	5442687574.4
6035000000.0	1296777702.0	901533269.2	5443519155.6
6036000000.0	1296824125.1	901555698.4	5444350715.2
6037000000.0	1296870536.3	901578121.2	5445182253.5
6038000000.0	1296916935.3	901600537.8	5446013770.2
6039000000.0	1296963322.3	901622948.0	5446845265.5
6040000000.0	1297009697.3	901645351.9	5447676739.4
6041000000.0	1297056060.3	901667749.5	5448508191.8
6042000000.0	1297102411.2	901690140.8	5449339622.7
6043000000.0	1297148750.0	901712525.9	5450171032.2
6044000000.0	1297195076.9	901734904.6	5451002420.3
6045000000.0	1297241391.7	901757277.0	5451833786.8
6046000000.0	1297287694.5	901779643.2	5452665132.0
6047000000.0	1297333985.3	901802003.0	5453496455.6
6048000000.0	1297380264.1	901824356.6	5454327757.9
6049000000.0	1297426530.9	901846703.8	5455159038.6
6050000000.0	1297472785.7	901869044.8	5455990298.0
6051000000.0	1297519028.5	901891379.6	5456821535.8
6052000000.0	1297565259.3	901913708.0	5457652752.3
6053000000.0	1297611478.2	901936030.2	5458483947.2
6054000000.0	1297657685.1	901958346.1	5459315120.8
6055000000.0	1297703879.9	901980655.8	5460146272.9
6056000000.0	1297750062.9	902002959.1	5460977403.5
6057000000.0	1297796233.8	902025256.2	5461808512.7
6058000000.0	1297842392.8	902047547.1	5462639600.5
6059000000.0	1297888539.9	902069831.7	5463470666.8
6060000000.0	1297934675.0	902092110.1	5464301711.7
6061000000.0	1297980798.1	902114382.1	5465132735.1
6062000000.0	1298026909.3	902136648.0	5465963737.1
6063000000.0	1298073008.6	902158907.6	5466794717.7
6064000000.0	1298119095.9	902181161.0	5467625676.8
6065000000.0	1298165171.3	902203408.1	5468456614.5
6066000000.0	1298211234.8	902225649.0	5469287530.8
6067000000.0	1298257286.4	902247883.6	5470118425.6
6068000000.0	1298303326.1	902270112.0	5470949299.0
6069000000.0	1298349353.8	902292334.2	5471780150.9
6070000000.0	1298395369.7	902314550.2	5472610981.4
6071000000.0	1298441373.6	902336759.9	5473441790.5
6072000000.0	1298487365.7	902358963.4	5474272578.2
6073000000.0	1298533345.8	902381160.7	5475103344.4
6074000000.0	1298579314.1	902403351.8	5475934089.2
6075000000.0	1298625270.5	902425536.6	5476764812.6
6076000000.0	1298671215.1	902447715.3	5477595514.5
6077000000.0	1298717147.7	902469887.7	5478426195.1
6078000000.0	1298763068.5	902492053.9	5479256854.2
6079000000.0	1298808977.4	902514214.0	5480087491.8
6080000000.0	1298854874.5	902536367.8	5480918108.1
6081000000.0	1298900759.7	902558515.4	5481748702.9
6082000000.0	1298946633.1	902580656.9	5482579276.3
6083000000.0	1298992494.6	902602792.1	5483409828.3
6084000000.0	1299038344.3	902624921.1	5484240358.8
6085000000.0	1299084182.1	902647044.0	5485070868.0
6086000000.0	1299130008.2	902669160.7	5485901355.7
6087000000.0	1299175822.4	902691271.2	5486731822.0
6088000000.0	1299221624.7	902713375.5	5487562266.9
6089000000.0	1299267415.3	902735473.6	5488392690.4
6090000000.0	1299313194.0	902757565.6	5489223092.4
6091000000.0	1299358961.0	902779651.4	5490053473.1
6092000000.0	1299404716.1	902801731.0	5490883832.3
6093000000.0	1299450459.5	902823804.4	5491714170.1
6094000000.0	1299496191.0	902845871.7	5492544486.5
6095000000.0	1299541910.8	902867932.8	5493374781.5
6096000000.0	1299587618.7	902889987.8	5494205055.1
6097000000.0	1299633314.9	902912036.6	5495035307.3
6098000000.0	1299678999.3	902934079.2	5495865538.1
6099000000.0	1299724672.0	902956115.7	5496695747.4
6100000000.0	1299770332.9	902978146.1	5497525935.4
6101000000.0	1299815982.0	903000170.3	5498356101.9
6102000000.0	1299861619.4	903022188.4	5499186247.1
6103000000.0	1299907245.0	903044200.3	5500016370.8
6104000000.0	1299952858.8	903066206.0	5500846473.1
6105000000.0	1299998461.0	903088205.7	5501676554.1
6106000000.0	1300044051.3	903110199.2	5502506613.6
6107000000.0	1300089630.0	903132186.6	5503336651.7
6108000000.0	1300135196.9	903154167.8	5504166668.5
6109000000.0	1300180752.1	903176142.9	5504996663.8
6110000000.0	1300226295.6	903198111.9	5505826637.7
6111000000.0	1300271827.3	903220074.8	5506656590.3
6112000000.0	1300317347.4	903242031.6	5507486521.4
6113000000.0	1300362855.7	903263982.2	5508316431.1
6114000000.0	1300408352.3	903285926.7	5509146319.5
6115000000.0	1300453837.3	903307865.1	5509976186.4
6116000000.0	1300499310.5	903329797.4	5510806032.0
6117000000.0	1300544772.1	903351723.6	5511635856.2
6118000000.0	1300590221.9	903373643.7	5512465659.0
6119000000.0	1300635660.1	903395557.7	5513295440.3
6120000000.0	1300681086.6	903417465.6	5514125200.3
6121000000.0	1300726501.5	903439367.4	5514954938.9
6122000000.0	1300771904.7	903461263.1	5515784656.2
6123000000.0	1300817296.2	903483152.8	5516614352.0
6124000000.0	1300862676.0	903505036.3	5517444026.4
6125000000.0	1300908044.2	903526913.7	5518273679.5
6126000000.0	1300953400.8	903548785.1	5519103311.2
6127000000.0	1300998745.7	903570650.4	5519932921.5
6128000000.0	1301044079.0	903592509.6	5520762510.4
6129000000.0	1301089400.6	903614362.7	5521592077.9
6130000000.0	1301134710.6	903636209.8	5522421624.1
6131000000.0	1301180009.0	903658050.8	5523251148.8
6132000000.0	1301225295.8	903679885.7	5524080652.2
6133000000.0	1301270570.9	903701714.5	5524910134.2
6134000000.0	1301315834.4	903723537.3	5525739594.8
6135000000.0	1301361086.3	903745354.1	5526569034.1
6136000000.0	1301406326.7	903767164.7	5527398452.0
6137000000.0	1301451555.4	903788969.3	5528227848.5
6138000000.0	1301496772.5	903810767.9	5529057223.6
6139000000.0	1301541978.0	903832560.4	5529886577.4
6140000000.0	1301587172.0	903854346.9	5530715909.7
6141000000.0	1301632354.3	903876127.3	5531545220.7
6142000000.0	1301677525.1	903897901.7	5532374510.4
6143000000.0	1301722684.3	903919670.0	5533203778.7
6144000000.0	1301767832.0	903941432.3	5534033025.5
6145000000.0	1301812968.1	903963188.6	5534862251.1
6146000000.0	1301858092.6	903984938.8	5535691455.2
6147000000.0	1301903205.6	904006683.0	5536520638.0
6148000000.0	1301948307.0	904028421.2	5537349799.5
6149000000.0	1301993396.8	904050153.4	5538178939.5
6150000000.0	1302038475.2	904071879.5	5539008058.2
6151000000.0	1302083542.0	904093599.6	5539837155.6
6152000000.0	1302128597.2	904115313.7	5540666231.5
6153000000.0	1302173641.0	904137021.8	5541495286.1
6154000000.0	1302218673.2	904158723.8	5542324319.4
6155000000.0	1302263693.9	904180419.9	5543153331.3
6156000000.0	1302308703.0	904202109.9	5543982321.8
6157000000.0	1302353700.7	904223794.0	5544811291.0
6158000000.0	1302398686.8	904245472.0	5545640238.8
6159000000.0	1302443661.5	904267144.1	5546469165.2
6160000000.0	1302488624.7	904288810.1	5547298070.3
6161000000.0	1302533576.3	904310470.1	5548126954.1
6162000000.0	1302578516.5	904332124.2	5548955816.5
6163000000.0	1302623445.2	904353772.3	5549784657.5
6164000000.0	1302668362.4	904375414.3	5550613477.2
6165000000.0	1302713268.1	904397050.4	5551442275.5
6166000000.0	1302758162.4	904418680.5	5552271052.5
6167000000.0	1302803045.2	904440304.7	5553099808.2
6168000000.0	1302847916.5	904461922.8	5553928542.4
6169000000.0	1302892776.4	904483535.0	5554757255.4
6170000000.0	1302937624.9	904505141.2	5555585947.0
6171000000.0	1302982461.8	904526741.4	5556414617.2
6172000000.0	1303027287.4	904548335.7	5557243266.1
6173000000.0	1303072101.5	904569924.0	5558071893.6
6174000000.0	1303116904.1	904591506.3	5558900499.9
6175000000.0	1303161695.3	904613082.7	5559729084.7
6176000000.0	1303206475.1	904634653.1	5560557648.2
6177000000.0	1303251243.5	904656217.6	5561386190.4
6178000000.0	1303296000.5	904677776.1	5562214711.3
6179000000.0	1303340746.0	904699328.7	5563043210.8
6180000000.0	1303385480.1	904720875.3	5563871688.9
6181000000.0	1303430202.9	904742416.0	5564700145.7
6182000000.0	1303474914.2	904763950.7	5565528581.2
6183000000.0	1303519614.1	904785479.5	5566356995.4
6184000000.0	1303564302.7	904807002.3	5567185388.2
6185000000.0	1303608979.8	904828519.2	5568013759.6
6186000000.0	1303653645.6	904850030.2	5568842109.8
6187000000.0	1303698300.0	904871535.3	5569670438.6
6188000000.0	1303742943.0	904893034.4	5570498746.1
6189000000.0	1303787574.6	904914527.6	5571327032.2
6190000000.0	1303832194.9	904936014.8	5572155297.0
6191000000.0	1303876803.8	904957496.2	5572983540.5
6192000000.0	1303921401.4	904978971.6	5573811762.7
6193000000.0	1303965987.6	905000441.1	5574639963.5
6194000000.0	1304010562.4	905021904.7	5575468143.0
6195000000.0	1304055126.0	905043362.4	5576296301.2
6196000000.0	1304099678.1	905064814.2	5577124438.0
6197000000.0	1304144219.0	905086260.1	5577952553.5
6198000000.0	1304188748.5	905107700.0	5578780647.7
6199000000.0	1304233266.7	905129134.1	5579608720.6
6200000000.0	1304277773.5	905150562.3	5580436772.2
6201000000.0	1304322269.0	905171984.5	5581264802.4
6202000000.0	1304366753.3	905193400.9	5582092811.3
6203000000.0	1304411226.2	905214811.4	5582920798.9
6204000000.0	1304455687.8	905236216.0	5583748765.2
6205000000.0	1304500138.1	905257614.7	5584576710.1
6206000000.0	1304544577.1	905279007.5	5585404633.8
6207000000.0	1304589004.8	905300394.5	5586232536.1
6208000000.0	1304633421.2	905321775.5	5587060417.1
6209000000.0	1304677826.4	905343150.7	5587888276.8
6210000000.0	1304722220.3	905364520.0	5588716115.2
6211000000.0	1304766602.8	905385883.5	5589543932.2
6212000000.0	1304810974.2	905407241.1	5590371728.0
6213000000.0	1304855334.2	905428592.8	5591199502.4
6214000000.0	1304899683.0	905449938.6	5592027255.6
6215000000.0	1304944020.5	905471278.6	5592854987.4
6216000000.0	1304988346.8	905492612.7	5593682697.9
6217000000.0	1305032661.8	905513940.9	5594510387.1
6218000000.0	1305076965.6	905535263.3	5595338055.0
6219000000.0	1305121258.2	905556579.9	5596165701.6
6220000000.0	1305165539.5	905577890.6	5596993326.9
6221000000.0	1305209809.5	905599195.4	5597820930.9
6222000000.0	1305254068.4	905620494.5	5598648513.5
6223000000.0	1305298316.0	905641787.6	5599476074.9
6224000000.0	1305342552.4	905663074.9	5600303615.0
6225000000.0	1305386777.6	905684356.4	5601131133.8
6226000000.0	1305430991.6	905705632.1	5601958631.2
6227000000.0	1305475194.3	905726901.9	5602786107.4
6228000000.0	1305519385.9	905748165.9	5603613562.3
6229000000.0	1305563566.3	905769424.0	5604440995.9
6230000000.0	1305607735.4	905790676.3	5605268408.1
6231000000.0	1305651893.4	905811922.8	5606095799.1
6232000000.0	1305696040.2	905833163.5	5606923168.8
6233000000.0	1305740175.8	905854398.4	5607750517.2
6234000000.0	1305784300.3	905875627.4	5608577844.3
6235000000.0	1305828413.5	905896850.6	5609405150.1
6236000000.0	1305872515.6	905918068.1	5610232434.6
6237000000.0	1305916606.6	905939279.7	5611059697.8
6238000000.0	1305960686.3	905960485.5	5611886939.8
6239000000.0	1306004754.9	905981685.5	5612714160.4
6240000000.0	1306048812.4	906002879.7	5613541359.8
6241000000.0	1306092858.7	906024068.0	5614368537.8
6242000000.0	1306136893.9	906045250.6	5615195694.6
6243000000.0	1306180917.9	906066427.4	5616022830.1
6244000000.0	1306224930.8	906087598.4	5616849944.3
6245000000.0	1306268932.6	906108763.7	5617677037.3
6246000000.0	1306312923.2	906129923.1	5618504108.9
6247000000.0	1306356902.8	906151076.7	5619331159.3
6248000000.0	1306400871.2	906172224.6	5620158188.3
6249000000.0	1306444828.4	906193366.7	5620985196.1
6250000000.0	1306488774.6	906214503.0	5621812182.6
6251000000.0	1306532709.7	906235633.5	5622639147.9
6252000000.0	1306576633.7	906256758.2	5623466091.8
6253000000.0	1306620546.6	906277877.2	5624293014.5
6254000000.0	1306664448.3	906298990.4	5625119915.9
6255000000.0	1306708339.0	906320097.8	5625946796.0
6256000000.0	1306752218.6	906341199.5	5626773654.9
6257000000.0	1306796087.2	906362295.4	5627600492.5
6258000000.0	1306839944.6	906383385.6	5628427308.8
6259000000.0	1306883791.0	906404470.0	5629254103.8
6260000000.0	1306927626.3	906425548.6	5630080877.6
6261000000.0	1306971450.6	906446621.5	5630907630.1
6262000000.0	1307015263.8	906467688.6	5631734361.3
6263000000.0	1307059065.9	906488750.0	5632561071.2
6264000000.0	1307102857.0	906509805.6	5633387759.9
6265000000.0	1307146637.0	906530855.5	5634214427.3
6266000000.0	1307190406.0	906551899.7	5635041073.5
6267000000.0	1307234164.0	906572938.1	5635867698.3
6268000000.0	1307277910.9	906593970.8	5636694302.0
6269000000.0	1307321646.8	906614997.7	5637520884.3
6270000000.0	1307365371.7	906636019.0	5638347445.4
6271000000.0	1307409085.5	906657034.4	5639173985.2
6272000000.0	1307452788.4	906678044.2	5640000503.8
6273000000.0	1307496480.2	906699048.2	5640827001.1
6274000000.0	1307540161.0	906720046.5	5641653477.1
6275000000.0	1307583830.8	906741039.1	5642479931.9
6276000000.0	1307627489.6	906762026.0	5643306365.4
6277000000.0	1307671137.4	906783007.2	5644132777.7
6278000000.0	1307714774.2	906803982.6	5644959168.7
6279000000.0	1307758400.1	906824952.3	5645785538.5
6280000000.0	1307802014.9	906845916.4	5646611887.0
6281000000.0	1307845618.8	906866874.7	5647438214.2
6282000000.0	1307889211.7	906887827.3	5648264520.2
6283000000.0	1307932793.6	906908774.2	5649090805.0
6284000000.0	1307976364.5	906929715.4	5649917068.4
6285000000.0	1308019924.5	906950651.0	5650743310.7
6286000000.0	1308063473.6	906971580.8	5651569531.7
6287000000.0	1308107011.6	906992504.9	5652395731.4
6288000000.0	1308150538.7	907013423.4	5653221909.9
6289000000.0	1308194054.9	907034336.1	5654048067.1
6290000000.0	1308237560.2	907055243.2	5654874203.1
6291000000.0	1308281054.4	907076144.6	5655700317.9
6292000000.0	1308324537.8	907097040.3	5656526411.4
6293000000.0	1308368010.2	907117930.3	5657352483.7
6294000000.0	1308411471.7	907138814.7	5658178534.7
6295000000.0	1308454922.3	907159693.3	5659004564.4
6296000000.0	1308498362.0	907180566.4	5659830573.0
6297000000.0	1308541790.7	907201433.7	5660656560.3
6298000000.0	1308585208.6	907222295.4	5661482526.3
6299000000.0	1308628615.5	907243151.4	5662308471.1
6300000000.0	1308672011.5	907264001.7	5663134394.7
6301000000.0	1308715396.7	907284846.4	5663960297.1
6302000000.0	1308758770.9	907305685.4	5664786178.2
6303000000.0	1308802134.3	907326518.8	5665612038.0
6304000000.0	1308845486.7	907347346.5	5666437876.7
6305000000.0	1308888828.3	907368168.6	5667263694.1
6306000000.0	1308932159.0	907388985.0	5668089490.2
6307000000.0	1308975478.9	907409795.8	5668915265.1
6308000000.0	1309018787.8	907430600.9	5669741018.8
6309000000.0	1309062085.9	907451400.4	5670566751.3
6310000000.0	1309105373.2	907472194.3	5671392462.6
6311000000.0	1309148649.6	907492982.5	5672218152.6
6312000000.0	1309191915.1	907513765.1	5673043821.3
6313000000.0	1309235169.8	907534542.0	5673869468.9
6314000000.0	1309278413.6	907555313.4	5674695095.2
6315000000.0	1309321646.6	907576079.1	5675520700.3
6316000000.0	1309364868.8	907596839.1	5676346284.2
6317000000.0	1309408080.1	907617593.6	5677171846.9
6318000000.0	1309451280.6	907638342.4	5677997388.3
6319000000.0	1309494470.3	907659085.6	5678822908.5
6320000000.0	1309537649.2	907679823.2	5679648407.5
6321000000.0	1309580817.2	907700555.2	5680473885.3
6322000000.0	1309623974.4	907721281.5	5681299341.8
6323000000.0	1309667120.9	907742002.3	5682124777.1
6324000000.0	1309710256.5	907762717.4	5682950191.2
6325000000.0	1309753381.3	907783427.0	5683775584.1
6326000000.0	1309796495.3	907804130.9	5684600955.8
6327000000.0	1309839598.6	907824829.3	5685426306.3
6328000000.0	1309882691.0	907845522.0	5686251635.5
6329000000.0	1309925772.7	907866209.1	5687076943.5
6330000000.0	1309968843.6	907886890.7	5687902230.4
6331000000.0	1310011903.7	907907566.7	5688727496.0
6332000000.0	1310054953.0	907928237.0	5689552740.4
6333000000.0	1310097991.6	907948901.8	5690377963.5
6334000000.0	1310141019.4	907969561.0	5691203165.5
6335000000.0	1310184036.5	907990214.6	5692028346.3
6336000000.0	1310227042.8	908010862.7	5692853505.8
6337000000.0	1310270038.3	908031505.1	5693678644.2
6338000000.0	1310313023.1	908052142.0	5694503761.3
6339000000.0	1310355997.2	908072773.4	5695328857.3
6340000000.0	1310398960.5	908093399.1	5696153932.0
6341000000.0	1310441913.1	908114019.3	5696978985.5
6342000000.0	1310484854.9	908134633.9	5697804017.9
6343000000.0	1310527786.1	908155242.9	5698629029.0
6344000000.0	1310570706.5	908175846.4	5699454018.9
6345000000.0	1310613616.1	908196444.3	5700278987.6
6346000000.0	1310656515.1	908217036.7	5701103935.1
6347000000.0	1310699403.4	908237623.5	5701928861.5
6348000000.0	1310742280.9	908258204.8	5702753766.6
6349000000.0	1310785147.8	908278780.5	5703578650.5
6350000000.0	1310828003.9	908299350.6	5704403513.2
6351000000.0	1310870849.4	908319915.3	5705228354.8
6352000000.0	1310913684.1	908340474.3	5706053175.1
6353000000.0	1310956508.2	908361027.9	5706877974.3
6354000000.0	1310999321.6	908381575.9	5707702752.2
6355000000.0	1311042124.3	908402118.3	5708527509.0
6356000000.0	1311084916.4	908422655.2	5709352244.5
6357000000.0	1311127697.8	908443186.6	5710176958.9
6358000000.0	1311170468.5	908463712.5	5711001652.1
6359000000.0	1311213228.5	908484232.8	5711826324.1
6360000000.0	1311255977.9	908504747.6	5712650974.9
6361000000.0	1311298716.6	908525256.9	5713475604.6
6362000000.0	1311341444.7	908545760.6	5714300213.0
6363000000.0	1311384162.1	908566258.9	5715124800.2
6364000000.0	1311426868.9	908586751.6	5715949366.3
6365000000.0	1311469565.1	908607238.8	5716773911.2
6366000000.0	1311512250.6	908627720.5	5717598434.9
6367000000.0	1311554925.5	908648196.7	5718422937.4
6368000000.0	1311597589.7	908668667.4	5719247418.8
6369000000.0	1311640243.4	908689132.5	5720071878.9
6370000000.0	1311682886.4	908709592.2	5720896317.9
6371000000.0	1311725518.8	908730046.4	5721720735.7
6372000000.0	1311768140.6	908750495.0	5722545132.3
6373000000.0	1311810751.7	908770938.2	5723369507.7
6374000000.0	1311853352.3	908791375.9	5724193862.0
6375000000.0	1311895942.3	908811808.0	5725018195.1
6376000000.0	1311938521.7	908832234.7	5725842507.0
6377000000.0	1311981090.5	908852655.9	5726666797.8
6378000000.0	1312023648.7	908873071.7	5727491067.3
6379000000.0	1312066196.3	908893481.9	5728315315.7
6380000000.0	1312108733.4	908913886.6	5729139543.0
6381000000.0	1312151259.8	908934285.9	5729963749.0
6382000000.0	1312193775.7	908954679.7	5730787933.9
6383000000.0	1312236281.0	908975068.0	5731612097.6
6384000000.0	1312278775.8	908995450.9	5732436240.2
6385000000.0	1312321260.0	909015828.3	5733260361.5
6386000000.0	1312363733.7	909036200.2	5734084461.8
6387000000.0	1312406196.8	909056566.6	5734908540.8
6388000000.0	1312448649.3	909076927.6	5735732598.7
6389000000.0	1312491091.3	909097283.1	5736556635.4
6390000000.0	1312533522.8	909117633.2	5737380651.0
6391000000.0	1312575943.7	909137977.8	5738204645.4
6392000000.0	1312618354.1	909158316.9	5739028618.6
6393000000.0	1312660754.0	909178650.6	5739852570.7
6394000000.0	1312703143.3	909198978.9	5740676501.6
6395000000.0	1312745522.2	909219301.7	5741500411.3
6396000000.0	1312787890.5	909239619.0	5742324299.9
6397000000.0	1312830248.3	909259930.9	5743148167.4
6398000000.0	1312872595.6	909280237.4	5743972013.7
6399000000.0	1312914932.3	909300538.4	5744795838.8
6400000000.0	1312957258.6	909320834.0	5745619642.8
6401000000.0	1312999574.4	909341124.1	5746443425.6
6402000000.0	1313041879.7	909361408.8	5747267187.3
6403000000.0	1313084174.5	909381688.1	5748090927.8
6404000000.0	1313126458.8	909401962.0	5748914647.1
6405000000.0	1313168732.7	909422230.4	5749738345.3
6406000000.0	1313210996.0	909442493.4	5750562022.4
6407000000.0	1313253248.9	909462751.0	5751385678.3
6408000000.0	1313295491.3	909483003.2	5752209313.1
6409000000.0	1313337723.3	909503249.9	5753032926.7
6410000000.0	1313379944.8	909523491.3	5753856519.2
6411000000.0	1313422155.8	909543727.2	5754680090.5
6412000000.0	1313464356.4	909563957.7	5755503640.7
6413000000.0	1313506546.5	909584182.8	5756327169.7
6414000000.0	1313548726.2	909604402.5	5757150677.6
6415000000.0	1313590895.4	909624616.7	5757974164.4
6416000000.0	1313633054.2	909644825.6	5758797630.0
6417000000.0	1313675202.6	909665029.1	5759621074.4
6418000000.0	1313717340.5	909685227.2	5760444497.8
6419000000.0	1313759468.0	909705419.9	5761267900.0
6420000000.0	1313801585.1	909725607.2	5762091281.0
6421000000.0	1313843691.7	909745789.1	5762914640.9
6422000000.0	1313885788.0	909765965.6	5763737979.7
6423000000.0	1313927873.8	909786136.7	5764561297.4
6424000000.0	1313969949.3	909806302.4	5765384593.9
6425000000.0	1314012014.3	909826462.8	5766207869.2
6426000000.0	1314054068.9	909846617.8	5767031123.5
6427000000.0	1314096113.1	909866767.4	5767854356.6
6428000000.0	1314138147.0	909886911.6	5768677568.6
6429000000.0	1314180170.4	909907050.4	5769500759.4
6430000000.0	1314222183.5	909927183.9	5770323929.1
6431000000.0	1314264186.2	909947312.0	5771147077.7
6432000000.0	1314306178.5	909967434.7	5771970205.2
6433000000.0	1314348160.4	909987552.1	5772793311.5
6434000000.0	1314390132.0	910007664.1	5773616396.7
6435000000.0	1314432093.2	910027770.7	5774439460.8
6436000000.0	1314474044.0	910047872.0	5775262503.8
6437000000.0	1314515984.5	910067968.0	5776085525.6
6438000000.0	1314557914.6	910088058.5	5776908526.3
6439000000.0	1314599834.4	910108143.7	5777731505.9
6440000000.0	1314641743.8	910128223.6	5778554464.4
6441000000.0	1314683642.9	910148298.1	5779377401.7
6442000000.0	1314725531.7	910168367.3	5780200318.0
6443000000.0	1314767410.1	910188431.1	5781023213.1
6444000000.0	1314809278.2	910208489.6	5781846087.1
6445000000.0	1314851135.9	910228542.7	5782668939.9
6446000000.0	1314892983.4	910248590.5	5783491771.7
6447000000.0	1314934820.5	910268633.0	5784314582.3
6448000000.0	1314976647.3	910288670.1	5785137371.8
6449000000.0	1315018463.8	910308701.9	5785960140.3
6450000000.0	1315060269.9	910328728.4	5786782887.6
6451000000.0	1315102065.8	910348749.6	5787605613.7
6452000000.0	1315143851.4	910368765.4	5788428318.8
6453000000.0	1315185626.7	910388775.9	5789251002.8
6454000000.0	1315227391.7	910408781.0	5790073665.6
6455000000.0	1315269146.4	910428780.9	5790896307.4
6456000000.0	1315310890.8	910448775.4	5791718928.0
6457000000.0	1315352624.9	910468764.7	5792541527.5
6458000000.0	1315394348.7	910488748.6	5793364106.0
6459000000.0	1315436062.3	910508727.2	5794186663.3
6460000000.0	1315477765.6	910528700.5	5795009199.5
6461000000.0	1315519458.7	910548668.4	5795831714.6
6462000000.0	1315561141.5	910568631.1	5796654208.6
6463000000.0	1315602814.0	910588588.5	5797476681.5
6464000000.0	1315644476.3	910608540.6	5798299133.3
6465000000.0	1315686128.3	910628487.4	5799121564.0
6466000000.0	1315727770.0	910648428.8	5799943973.6
6467000000.0	1315769401.6	910668365.0	5800766362.1
6468000000.0	1315811022.9	910688295.9	5801588729.5
6469000000.0	1315852633.9	910708221.5	5802411075.8
6470000000.0	1315894234.7	910728141.9	5803233401.0
6471000000.0	1315935825.3	910748056.9	5804055705.2
6472000000.0	1315977405.7	910767966.7	5804877988.2
6473000000.0	1316018975.8	910787871.1	5805700250.1
6474000000.0	1316060535.8	910807770.3	5806522490.9
6475000000.0	1316102085.5	910827664.2	5807344710.7
6476000000.0	1316143625.0	910847552.9	5808166909.3
6477000000.0	1316185154.3	910867436.3	5808989086.9
6478000000.0	1316226673.4	910887314.3	5809811243.4
6479000000.0	1316268182.3	910907187.2	5810633378.7
6480000000.0	1316309681.0	910927054.7	5811455493.0
6481000000.0	1316351169.5	910946917.0	5812277586.2
6482000000.0	1316392647.8	910966774.1	5813099658.3
6483000000.0	1316434116.0	910986625.9	5813921709.4
6484000000.0	1316475574.0	911006472.4	5814743739.3
6485000000.0	1316517021.7	911026313.6	5815565748.2
6486000000.0	1316558459.4	911046149.7	5816387736.0
6487000000.0	1316599886.8	911065980.4	5817209702.7
6488000000.0	1316641304.1	911085805.9	5818031648.3
6489000000.0	1316682711.2	911105626.2	5818853572.8
6490000000.0	1316724108.2	911125441.2	5819675476.3
6491000000.0	1316765495.0	911145251.0	5820497358.6
6492000000.0	1316806871.7	911165055.5	5821319219.9
6493000000.0	1316848238.2	911184854.8	5822141060.2
6494000000.0	1316889594.6	911204648.8	5822962879.3
6495000000.0	1316930940.8	911224437.7	5823784677.4
6496000000.0	1316972276.9	911244221.2	5824606454.4
6497000000.0	1317013602.9	911263999.6	5825428210.3
6498000000.0	1317054918.8	911283772.7	5826249945.1
6499000000.0	1317096224.5	911303540.6	5827071658.9
6500000000.0	1317137520.1	911323303.3	5827893351.6
6501000000.0	1317178805.6	911343060.8	5828715023.2
6502000000.0	1317220080.9	911362813.0	5829536673.8
6503000000.0	1317261346.2	911382560.0	5830358303.3
6504000000.0	1317302601.4	911402301.8	5831179911.7
6505000000.0	1317343846.4	911422038.4	5832001499.1
6506000000.0	1317385081.4	911441769.7	5832823065.3
6507000000.0	1317426306.3	911461495.9	5833644610.6
6508000000.0	1317467521.1	911481216.9	5834466134.7
6509000000.0	1317508725.8	911500932.6	5835287637.8
6510000000.0	1317549920.4	911520643.1	5836109119.9
6511000000.0	1317591104.9	911540348.5	5836930580.8
6512000000.0	1317632279.4	911560048.6	5837752020.7
6513000000.0	1317673443.8	911579743.6	5838573439.6
6514000000.0	1317714598.1	911599433.3	5839394837.4
6515000000.0	1317755742.3	911619117.9	5840216214.1
6516000000.0	1317796876.5	911638797.2	5841037569.7
6517000000.0	1317838000.7	911658471.4	5841858904.4
6518000000.0	1317879114.8	911678140.4	5842680217.9
6519000000.0	1317920218.8	911697804.2	5843501510.4
6520000000.0	1317961312.8	911717462.8	5844322781.9
6521000000.0	1318002396.7	911737116.2	5845144032.2
6522000000.0	1318043470.6	911756764.5	5845965261.6
6523000000.0	1318084534.5	911776407.5	5846786469.9
6524000000.0	1318125588.4	911796045.4	5847607657.1
6525000000.0	1318166632.2	911815678.2	5848428823.3
6526000000.0	1318207666.0	911835305.7	5849249968.4
6527000000.0	1318248689.8	911854928.1	5850071092.5
6528000000.0	1318289703.5	911874545.3	5850892195.5
6529000000.0	1318330707.3	911894157.4	5851713277.5
6530000000.0	1318371701.0	911913764.3	5852534338.4
6531000000.0	1318412684.7	911933366.0	5853355378.3
6532000000.0	1318453658.5	911952962.6	5854176397.2
6533000000.0	1318494622.2	911972554.0	5854997395.0
6534000000.0	1318535575.9	911992140.2	5855818371.7
6535000000.0	1318576519.7	912011721.3	5856639327.4
6536000000.0	1318617453.4	912031297.3	5857460262.1
6537000000.0	1318658377.2	912050868.1	5858281175.7
6538000000.0	1318699291.0	912070433.8	5859102068.3
6539000000.0	1318740194.8	912089994.3	5859922939.9
6540000000.0	1318781088.7	912109549.6	5860743790.4
6541000000.0	1318821972.6	912129099.9	5861564619.9
6542000000.0	1318862846.5	912148645.0	5862385428.3
6543000000.0	1318903710.4	912168184.9	5863206215.7
6544000000.0	1318944564.4	912187719.8	5864026982.1
6545000000.0	1318985408.5	912207249.4	5864847727.4
6546000000.0	1319026242.6	912226774.0	5865668451.7
6547000000.0	1319067066.7	912246293.4	5866489155.0
6548000000.0	1319107880.9	912265807.7	5867309837.2
6549000000.0	1319148685.2	912285316.9	5868130498.4
6550000000.0	1319189479.5	912304821.0	5868951138.6
6551000000.0	1319230263.9	912324319.9	5869771757.8
6552000000.0	1319271038.4	912343813.7	5870592355.9
6553000000.0	1319311802.9	912363302.4	5871412933.0
6554000000.0	1319352557.5	912382786.0	5872233489.0
6555000000.0	1319393302.2	912402264.5	5873054024.1
6556000000.0	1319434037.0	912421737.8	5873874538.1
6557000000.0	1319474761.9	912441206.1	5874695031.1
6558000000.0	1319515476.9	912460669.2	5875515503.0
6559000000.0	1319556182.0	912480127.3	5876335954.0
6560000000.0	1319596877.1	912499580.2	5877156383.9
6561000000.0	1319637562.4	912519028.1	5877976792.8
6562000000.0	1319678237.8	912538470.8	5878797180.7
6563000000.0	1319718903.3	912557908.5	5879617547.5
6564000000.0	1319759558.9	912577341.0	5880437893.3
6565000000.0	1319800204.6	912596768.5	5881258218.2
6566000000.0	1319840840.4	912616190.8	5882078522.0
6567000000.0	1319881466.4	912635608.1	5882898804.8
6568000000.0	1319922082.5	912655020.3	5883719066.5
6569000000.0	1319962688.7	912674427.4	5884539307.3
6570000000.0	1320003285.1	912693829.5	5885359527.0
6571000000.0	1320043871.6	912713226.4	5886179725.8
6572000000.0	1320084448.3	912732618.3	5886999903.5
6573000000.0	1320125015.1	912752005.1	5887820060.2
6574000000.0	1320165572.0	912771386.8	5888640195.9
6575000000.0	1320206119.1	912790763.4	5889460310.6
6576000000.0	1320246656.4	912810135.0	5890280404.2
6577000000.0	1320287183.8	912829501.5	5891100476.9
6578000000.0	1320327701.4	912848862.9	5891920528.6
6579000000.0	1320368209.2	912868219.3	5892740559.2
6580000000.0	1320408707.1	912887570.6	5893560568.9
6581000000.0	1320449195.2	912906916.9	5894380557.5
6582000000.0	1320489673.5	912926258.1	5895200525.2
6583000000.0	1320530141.9	912945594.2	5896020471.8
6584000000.0	1320570600.6	912964925.3	5896840397.5
6585000000.0	1320611049.4	912984251.3	5897660302.1
6586000000.0	1320651488.5	913003572.3	5898480185.7
6587000000.0	1320691917.7	913022888.3	5899300048.4
6588000000.0	1320732337.2	913042199.1	5900119890.0
6589000000.0	1320772746.8	913061505.0	5900939710.6
6590000000.0	1320813146.6	913080805.8	5901759510.3
6591000000.0	1320853536.7	913100101.5	5902579288.9
6592000000.0	1320893917.0	913119392.3	5903399046.6
6593000000.0	1320934287.5	913138677.9	5904218783.2
6594000000.0	1320974648.2	913157958.6	5905038498.9
6595000000.0	1321014999.1	913177234.2	5905858193.6
6596000000.0	1321055340.3	913196504.8	5906677867.2
6597000000.0	1321095671.7	913215770.3	5907497519.9
6598000000.0	1321135993.3	913235030.9	5908317151.6
6599000000.0	1321176305.2	913254286.4	5909136762.3
6600000000.0	1321216607.3	913273536.9	5909956352.0
6601000000.0	1321256899.7	913292782.3	5910775920.8
6602000000.0	1321297182.3	913312022.8	5911595468.5
6603000000.0	1321337455.2	913331258.2	5912414995.2
6604000000.0	1321377718.3	913350488.6	5913234501.0
6605000000.0	1321417971.7	913369714.0	5914053985.8
6606000000.0	1321458215.4	913388934.4	5914873449.6
6607000000.0	1321498449.3	913408149.7	5915692892.4
6608000000.0	1321538673.5	913427360.1	5916512314.2
6609000000.0	1321578888.0	913446565.5	5917331715.1
6610000000.0	1321619092.7	913465765.8	5918151095.0
6611000000.0	1321659287.8	913484961.2	5918970453.9
6612000000.0	1321699473.1	913504151.5	5919789791.8
6613000000.0	1321739648.7	913523336.9	5920609108.7
6614000000.0	1321779814.6	913542517.3	5921428404.7
6615000000.0	1321819970.8	913561692.6	5922247679.6
6616000000.0	1321860117.3	913580863.0	5923066933.6
6617000000.0	1321900254.1	913600028.4	5923886166.7
6618000000.0	1321940381.2	913619188.8	5924705378.7
6619000000.0	1321980498.6	913638344.2	5925524569.8
6620000000.0	1322020606.3	913657494.7	5926343739.9
6621000000.0	1322060704.4	913676640.1	5927162889.0
6622000000.0	1322100792.8	913695780.6	5927982017.2
6623000000.0	1322140871.4	913714916.1	5928801124.4
6624000000.0	1322180940.5	913734046.6	5929620210.6
6625000000.0	1322220999.8	913753172.1	5930439275.9
6626000000.0	1322261049.5	913772292.7	5931258320.2
6627000000.0	1322301089.5	913791408.3	5932077343.5
6628000000.0	1322341119.9	913810519.0	5932896345.9
6629000000.0	1322381140.6	913829624.6	5933715327.2
6630000000.0	1322421151.7	913848725.3	5934534287.7
6631000000.0	1322461153.1	913867821.1	5935353227.1
6632000000.0	1322501144.9	913886911.8	5936172145.6
6633000000.0	1322541127.0	913905997.7	5936991043.2
6634000000.0	1322581099.5	913925078.5	5937809919.8
6635000000.0	1322621062.4	913944154.4	5938628775.4
6636000000.0	1322661015.6	913963225.4	5939447610.0
6637000000.0	1322700959.2	913982291.4	5940266423.7
6638000000.0	1322740893.2	914001352.4	5941085216.5
6639000000.0	1322780817.5	914020408.6	5941903988.3
6640000000.0	1322820732.3	914039459.7	5942722739.1
6641000000.0	1322860637.4	914058505.9	5943541469.0
6642000000.0	1322900532.9	914077547.2	5944360177.9
6643000000.0	1322940418.8	914096583.6	5945178865.9
6644000000.0	1322980295.1	914115615.0	5945997532.9
6645000000.0	1323020161.9	914134641.4	5946816178.9
6646000000.0	1323060019.0	914153663.0	5947634804.1
6647000000.0	1323099866.5	914172679.6	5948453408.2
6648000000.0	1323139704.4	914191691.2	5949271991.4
6649000000.0	1323179532.8	914210698.0	5950090553.7
6650000000.0	1323219351.6	914229699.8	5950909095.0
6651000000.0	1323259160.8	914248696.7	5951727615.4
6652000000.0	1323298960.4	914267688.7	5952546114.8
6653000000.0	1323338750.4	914286675.7	5953364593.3
6654000000.0	1323378530.9	914305657.9	5954183050.8
6655000000.0	1323418301.8	914324635.1	5955001487.4
6656000000.0	1323458063.2	914343607.4	5955819903.0
6657000000.0	1323497815.0	914362574.8	5956638297.7
6658000000.0	1323537557.2	914381537.3	5957456671.5
6659000000.0	1323577289.9	914400494.8	5958275024.3
6660000000.0	1323617013.1	914419447.5	5959093356.2
6661000000.0	1323656726.7	914438395.2	5959911667.1
6662000000.0	1323696430.7	914457338.1	5960729957.2
6663000000.0	1323736125.2	914476276.1	5961548226.2
6664000000.0	1323775810.2	914495209.1	5962366474.4
6665000000.0	1323815485.7	914514137.3	5963184701.5
6666000000.0	1323855151.6	914533060.5	5964002907.8
6667000000.0	1323894808.0	914551978.9	5964821093.1
6668000000.0	1323934454.9	914570892.4	5965639257.5
6669000000.0	1323974092.3	914589801.0	5966457401.0
6670000000.0	1324013720.2	914608704.7	5967275523.5
6671000000.0	1324053338.5	914627603.5	5968093625.1
6672000000.0	1324092947.4	914646497.4	5968911705.8
6673000000.0	1324132546.7	914665386.5	5969729765.5
6674000000.0	1324172136.6	914684270.6	5970547804.3
6675000000.0	1324211716.9	914703149.9	5971365822.2
6676000000.0	1324251287.8	914722024.3	5972183819.2
6677000000.0	1324290849.1	914740893.9	5973001795.2
6678000000.0	1324330401.0	914759758.6	5973819750.3
6679000000.0	1324369943.4	914778618.4	5974637684.5
6680000000.0	1324409476.3	914797473.3	5975455597.8
6681000000.0	1324448999.8	914816323.3	5976273490.1
6682000000.0	1324488513.8	914835168.5	5977091361.5
6683000000.0	1324528018.3	914854008.9	5977909212.0
6684000000.0	1324567513.3	914872844.3	5978727041.6
6685000000.0	1324606998.9	914891674.9	5979544850.3
6686000000.0	1324646475.0	914910500.7	5980362638.0
6687000000.0	1324685941.7	914929321.6	5981180404.8
6688000000.0	1324725398.9	914948137.6	5981998150.7
6689000000.0	1324764846.7	914966948.8	5982815875.7
6690000000.0	1324804285.0	914985755.2	5983633579.8
6691000000.0	1324843713.9	915004556.7	5984451263.0
6692000000.0	1324883133.3	915023353.3	5985268925.2
6693000000.0	1324922543.3	915042145.1	5986086566.6
6694000000.0	1324961943.9	915060932.1	5986904187.0
6695000000.0	1325001335.1	915079714.2	5987721786.5
6696000000.0	1325040716.8	915098491.5	5988539365.1
6697000000.0	1325080089.1	915117263.9	5989356922.8
6698000000.0	1325119452.0	915136031.5	5990174459.6
6699000000.0	1325158805.5	915154794.3	5990991975.4
6700000000.0	1325198149.5	915173552.3	5991809470.4
6701000000.0	1325237484.2	915192305.4	5992626944.5
6702000000.0	1325276809.4	915211053.7	5993444397.6
6703000000.0	1325316125.3	915229797.1	5994261829.9
6704000000.0	1325355431.7	915248535.8	5995079241.2
6705000000.0	1325394728.8	915267269.6	5995896631.7
6706000000.0	1325434016.5	915285998.6	5996714001.2
6707000000.0	1325473294.8	915304722.7	5997531349.9
6708000000.0	1325512563.7	915323442.1	5998348677.6
6709000000.0	1325551823.2	915342156.6	5999165984.5
6710000000.0	1325591073.3	915360866.4	5999983270.4
6711000000.0	1325630314.1	915379571.3	6000800535.5
6712000000.0	1325669545.5	915398271.4	6001617779.6
6713000000.0	1325708767.5	915416966.7	6002435002.9
6714000000.0	1325747980.2	915435657.2	6003252205.2
6715000000.0	1325787183.5	915454342.9	6004069386.7
6716000000.0	1325826377.4	915473023.8	6004886547.3
6717000000.0	1325865562.0	915491699.9	6005703687.0
6718000000.0	1325904737.3	915510371.2	6006520805.8
6719000000.0	1325943903.2	915529037.7	6007337903.7
6720000000.0	1325983059.7	915547699.4	6008154980.7
6721000000.0	1326022207.0	915566356.3	6008972036.8
6722000000.0	1326061344.8	915585008.4	6009789072.0
6723000000.0	1326100473.4	915603655.8	6010606086.3
6724000000.0	1326139592.6	915622298.3	6011423079.8
6725000000.0	1326178702.5	915640936.1	6012240052.4
6726000000.0	1326217803.0	915659569.1	6013057004.0
6727000000.0	1326256894.3	915678197.3	6013873934.8
6728000000.0	1326295976.2	915696820.7	6014690844.8
6729000000.0	1326335048.8	915715439.3	6015507733.8
6730000000.0	1326374112.1	915734053.2	6016324601.9
6731000000.0	1326413166.1	915752662.3	6017141449.2
6732000000.0	1326452210.8	915771266.6	6017958275.6
6733000000.0	1326491246.2	915789866.2	6018775081.1
6734000000.0	1326530272.3	915808460.9	6019591865.7
6735000000.0	1326569289.1	915827051.0	6020408629.5
6736000000.0	1326608296.6	915845636.2	6021225372.3
6737000000.0	1326647294.8	915864216.7	6022042094.3
6738000000.0	1326686283.8	915882792.4	6022858795.5
6739000000.0	1326725263.4	915901363.4	6023675475.7
6740000000.0	1326764233.8	915919929.6	6024492135.1
6741000000.0	1326803194.9	915938491.0	6025308773.6
6742000000.0	1326842146.8	915957047.7	6026125391.2
6743000000.0	1326881089.3	915975599.7	6026941987.9
6744000000.0	1326920022.7	915994146.9	6027758563.8
6745000000.0	1326958946.7	916012689.3	6028575118.8
6746000000.0	1326997861.5	916031227.0	6029391653.0
6747000000.0	1327036767.0	916049760.0	6030208166.3
6748000000.0	1327075663.3	916068288.2	6031024658.7
6749000000.0	1327114550.4	916086811.7	6031841130.2
6750000000.0	1327153428.2	916105330.4	6032657580.9
6751000000.0	1327192296.7	916123844.4	6033474010.7
6752000000.0	1327231156.0	916142353.7	6034290419.6
6753000000.0	1327270006.1	916160858.2	6035106807.7
6754000000.0	1327308847.0	916179358.0	6035923174.9
6755000000.0	1327347678.6	916197853.1	6036739521.3
6756000000.0	1327386501.0	916216343.4	6037555846.8
6757000000.0	1327425314.2	916234829.0	6038372151.4
6758000000.0	1327464118.1	916253309.9	6039188435.2
6759000000.0	1327502912.9	916271786.1	6040004698.1
6760000000.0	1327541698.4	916290257.5	6040820940.2
6761000000.0	1327580474.7	916308724.2	6041637161.4
6762000000.0	1327619241.9	916327186.2	6042453361.7
6763000000.0	1327657999.8	916345643.5	6043269541.2
6764000000.0	1327696748.5	916364096.1	6044085699.9
6765000000.0	1327735488.0	916382544.0	6044901837.7
6766000000.0	1327774218.4	916400987.1	6045717954.6
6767000000.0	1327812939.5	916419425.6	6046534050.7
6768000000.0	1327851651.5	916437859.3	6047350125.9
6769000000.0	1327890354.3	916456288.3	6048166180.3
6770000000.0	1327929047.9	916474712.7	6048982213.8
6771000000.0	1327967732.3	916493132.3	6049798226.5
6772000000.0	1328006407.6	916511547.2	6050614218.3
6773000000.0	1328045073.7	916529957.4	6051430189.3
6774000000.0	1328083730.6	916548363.0	6052246139.5
6775000000.0	1328122378.4	916566763.8	6053062068.7
6776000000.0	1328161017.0	916585160.0	6053877977.2
6777000000.0	1328199646.4	916603551.4	6054693864.8
6778000000.0	1328238266.7	916621938.2	6055509731.6
6779000000.0	1328276877.9	916640320.3	6056325577.5
6780000000.0	1328315479.9	916658697.7	6057141402.6
6781000000.0	1328354072.7	916677070.4	6057957206.8
6782000000.0	1328392656.4	916695438.4	6058772990.2
6783000000.0	1328431231.0	916713801.8	6059588752.8
6784000000.0	1328469796.5	916732160.5	6060404494.5
6785000000.0	1328508352.8	916750514.5	6061220215.4
6786000000.0	1328546900.0	916768863.8	6062035915.4
6787000000.0	1328585438.1	916787208.4	6062851594.6
6788000000.0	1328623967.0	916805548.4	6063667253.0
6789000000.0	1328662486.9	916823883.7	6064482890.6
6790000000.0	1328700997.6	916842214.4	6065298507.3
6791000000.0	1328739499.2	916860540.4	6066114103.1
6792000000.0	1328777991.7	916878861.7	6066929678.2
6793000000.0	1328816475.1	916897178.3	6067745232.4
6794000000.0	1328854949.4	916915490.3	6068560765.8
6795000000.0	1328893414.6	916933797.7	6069376278.4
6796000000.0	1328931870.7	916952100.3	6070191770.1
6797000000.0	1328970317.7	916970398.4	6071007241.0
6798000000.0	1329008755.7	916988691.7	6071822691.1
6799000000.0	1329047184.5	917006980.5	6072638120.3
6800000000.0	1329085604.3	917025264.5	6073453528.7
6801000000.0	1329124015.0	917043544.0	6074268916.3
6802000000.0	1329162416.6	917061818.7	6075084283.1
6803000000.0	1329200809.1	917080088.9	6075899629.1
6804000000.0	1329239192.6	917098354.4	6076714954.2
6805000000.0	1329277567.0	917116615.2	6077530258.5
6806000000.0	1329315932.4	917134871.4	6078345542.0
6807000000.0	1329354288.6	917153123.0	6079160804.7
6808000000.0	1329392635.9	917171369.9	6079976046.5
6809000000.0	1329430974.1	917189612.2	6080791267.6
6810000000.0	1329469303.2	917207849.9	6081606467.8
6811000000.0	1329507623.3	917226083.0	6082421647.2
6812000000.0	1329545934.3	917244311.4	6083236805.8
6813000000.0	1329584236.3	917262535.2	6084051943.5
6814000000.0	1329622529.3	917280754.3	6084867060.5
6815000000.0	1329660813.2	917298968.9	6085682156.6
6816000000.0	1329699088.1	917317178.8	6086497232.0
6817000000.0	1329737354.0	917335384.1	6087312286.5
6818000000.0	1329775610.9	917353584.8	6088127320.2
6819000000.0	1329813858.7	917371780.8	6088942333.1
6820000000.0	1329852097.5	917389972.3	6089757325.2
6821000000.0	1329890327.3	917408159.1	6090572296.5
6822000000.0	1329928548.1	917426341.4	6091387247.0
6823000000.0	1329966759.9	917444519.0	6092202176.6
6824000000.0	1330004962.7	917462692.0	6093017085.5
6825000000.0	1330043156.5	917480860.4	6093831973.6
6826000000.0	1330081341.3	917499024.2	6094646840.8
6827000000.0	1330119517.0	917517183.4	6095461687.3
6828000000.0	1330157683.8	917535338.0	6096276512.9
6829000000.0	1330195841.7	917553488.0	6097091317.8
6830000000.0	1330233990.5	917571633.4	6097906101.9
6831000000.0	1330272130.3	917589774.3	6098720865.1
6832000000.0	1330310261.2	917607910.5	6099535607.6
6833000000.0	1330348383.1	917626042.1	6100350329.2
6834000000.0	1330386496.0	917644169.1	6101165030.1
6835000000.0	1330424599.9	917662291.6	6101979710.1
6836000000.0	1330462694.9	917680409.5	6102794369.4
6837000000.0	1330500780.9	917698522.7	6103609007.9
6838000000.0	1330538858.0	917716631.4	6104423625.5
6839000000.0	1330576926.1	917734735.6	6105238222.4
6840000000.0	1330614985.2	917752835.1	6106052798.5
6841000000.0	1330653035.4	917770930.1	6106867353.8
6842000000.0	1330691076.7	917789020.4	6107681888.3
6843000000.0	1330729109.0	917807106.3	6108496402.0
6844000000.0	1330767132.3	917825187.5	6109310895.0
6845000000.0	1330805146.8	917843264.2	6110125367.1
6846000000.0	1330843152.3	917861336.3	6110939818.5
6847000000.0	1330881148.8	917879403.8	6111754249.0
6848000000.0	1330919136.5	917897466.8	6112568658.8
6849000000.0	1330957115.2	917915525.2	6113383047.8
6850000000.0	1330995084.9	917933579.0	6114197416.0
6851000000.0	1331033045.8	917951628.3	6115011763.5
6852000000.0	1331070997.8	917969673.0	6115826090.1
6853000000.0	1331108940.8	917987713.2	6116640396.0
6854000000.0	1331146874.9	918005748.8	6117454681.0
6855000000.0	1331184800.1	918023779.8	6118268945.3
6856000000.0	1331222716.5	918041806.3	6119083188.9
6857000000.0	1331260623.9	918059828.3	6119897411.6
6858000000.0	1331298522.4	918077845.7	6120711613.6
6859000000.0	1331336412.0	918095858.6	6121525794.8
6860000000.0	1331374292.8	918113866.9	6122339955.2
6861000000.0	1331412164.6	918131870.7	6123154094.8
6862000000.0	1331450027.6	918149869.9	6123968213.7
6863000000.0	1331487881.7	918167864.6	6124782311.8
6864000000.0	1331525726.9	918185854.7	6125596389.1
6865000000.0	1331563563.2	918203840.4	6126410445.6
6866000000.0	1331601390.7	918221821.4	6127224481.4
6867000000.0	1331639209.3	918239798.0	6128038496.4
6868000000.0	1331677019.0	918257770.0	6128852490.6
6869000000.0	1331714819.8	918275737.5	6129666464.1
6870000000.0	1331752611.8	918293700.5	6130480416.8
6871000000.0	1331790395.0	918311658.9	6131294348.7
6872000000.0	1331828169.3	918329612.8	6132108259.9
6873000000.0	1331865934.7	918347562.2	6132922150.3
6874000000.0	1331903691.3	918365507.1	6133736019.9
6875000000.0	1331941439.1	918383447.4	6134549868.8
6876000000.0	1331979178.0	918401383.3	6135363696.9
6877000000.0	1332016908.1	918419314.6	6136177504.2
6878000000.0	1332054629.3	918437241.4	6136991290.8
6879000000.0	1332092341.7	918455163.7	6137805056.6
6880000000.0	1332130045.3	918473081.5	6138618801.7
6881000000.0	1332167740.0	918490994.8	6139432526.0
6882000000.0	1332205426.0	918508903.5	6140246229.5
6883000000.0	1332243103.1	918526807.8	6141059912.3
6884000000.0	1332280771.4	918544707.5	6141873574.3
6885000000.0	1332318430.9	918562602.8	6142687215.6
6886000000.0	1332356081.5	918580493.6	6143500836.1
6887000000.0	1332393723.4	918598379.8	6144314435.9
6888000000.0	1332431356.5	918616261.6	6145128014.9
6889000000.0	1332468980.7	918634138.8	6145941573.2
6890000000.0	1332506596.2	918652011.6	6146755110.7
6891000000.0	1332544202.9	918669879.9	6147568627.4
6892000000.0	1332581800.8	918687743.7	6148382123.4
6893000000.0	1332619389.8	918705603.0	6149195598.7
6894000000.0	1332656970.2	918723457.8	6150009053.2
6895000000.0	1332694541.7	918741308.1	6150822486.9
6896000000.0	1332732104.4	918759154.0	6151635900.0
6897000000.0	1332769658.4	918776995.4	6152449292.2
6898000000.0	1332807203.6	918794832.2	6153262663.7
6899000000.0	1332844740.0	918812664.6	6154076014.5
6900000000.0	1332882267.7	918830492.6	6154889344.6
6901000000.0	1332919786.6	918848316.0	6155702653.8
6902000000.0	1332957296.7	918866135.0	6156515942.4
6903000000.0	1332994798.1	918883949.5	6157329210.2
6904000000.0	1333032290.7	918901759.6	6158142457.3
6905000000.0	1333069774.6	918919565.1	6158955683.6
6906000000.0	1333107249.7	918937366.3	6159768889.2
6907000000.0	1333144716.1	918955162.9	6160582074.0
6908000000.0	1333182173.8	918972955.1	6161395238.1
6909000000.0	1333219622.7	918990742.8	6162208381.5
6910000000.0	1333257062.8	919008526.1	6163021504.1
6911000000.0	1333294494.2	919026304.9	6163834606.0
6912000000.0	1333331916.9	919044079.2	6164647687.2
6913000000.0	1333369330.9	919061849.1	6165460747.7
6914000000.0	1333406736.2	919079614.5	6166273787.4
6915000000.0	1333444132.7	919097375.5	6167086806.3
6916000000.0	1333481520.5	919115132.0	6167899804.6
6917000000.0	1333518899.6	919132884.1	6168712782.1
6918000000.0	1333556270.0	919150631.8	6169525738.9
6919000000.0	1333593631.7	919168375.0	6170338674.9
6920000000.0	1333630984.7	919186113.7	6171151590.3
6921000000.0	1333668328.9	919203848.0	6171964484.9
6922000000.0	1333705664.5	919221577.9	6172777358.7
6923000000.0	1333742991.4	919239303.3	6173590211.9
6924000000.0	1333780309.5	919257024.3	6174403044.3
6925000000.0	1333817619.0	919274740.9	6175215856.0
6926000000.0	1333854919.8	919292453.0	6176028647.0
6927000000.0	1333892212.0	919310160.7	6176841417.3
6928000000.0	1333929495.4	919327864.0	6177654166.8
6929000000.0	1333966770.2	919345562.9	6178466895.6
6930000000.0	1334004036.2	919363257.3	6179279603.7
6931000000.0	1334041293.7	919380947.3	6180092291.1
6932000000.0	1334078542.4	919398632.8	6180904957.7
6933000000.0	1334115782.5	919416314.0	6181717603.7
6934000000.0	1334153013.9	919433990.7	6182530228.9
6935000000.0	1334190236.6	919451663.0	6183342833.4
6936000000.0	1334227450.7	919469330.9	6184155417.2
6937000000.0	1334264656.2	919486994.4	6184967980.3
6938000000.0	1334301853.0	919504653.4	6185780522.7
6939000000.0	1334339041.1	919522308.1	6186593044.3
6940000000.0	1334376220.6	919539958.3	6187405545.3
6941000000.0	1334413391.5	919557604.2	6188218025.5
6942000000.0	1334450553.7	919575245.6	6189030485.1
6943000000.0	1334487707.3	919592882.6	6189842923.9
6944000000.0	1334524852.2	919610515.2	6190655342.0
6945000000.0	1334561988.6	919628143.5	6191467739.4
6946000000.0	1334599116.3	919645767.3	6192280116.1
6947000000.0	1334636235.3	919663386.7	6193092472.1
6948000000.0	1334673345.8	919681001.7	6193904807.4
6949000000.0	1334710447.6	919698612.4	6194717122.0
6950000000.0	1334747540.8	919716218.6	6195529415.8
6951000000.0	1334784625.4	919733820.4	6196341689.0
6952000000.0	1334821701.4	919751417.9	6197153941.5
6953000000.0	1334858768.8	919769011.0	6197966173.3
6954000000.0	1334895827.6	919786599.6	6198778384.3
6955000000.0	1334932877.8	919804183.9	6199590574.7
6956000000.0	1334969919.4	919821763.8	6200402744.4
6957000000.0	1335006952.4	919839339.4	6201214893.4
6958000000.0	1335043976.8	919856910.5	6202027021.7
6959000000.0	1335080992.6	919874477.3	6202839129.2
6960000000.0	1335117999.8	919892039.7	6203651216.1
6961000000.0	1335154998.5	919909597.7	6204463282.3
6962000000.0	1335191988.6	919927151.4	6205275327.8
6963000000.0	1335228970.1	919944700.6	6206087352.6
6964000000.0	1335265943.0	919962245.5	6206899356.8
6965000000.0	1335302907.3	919979786.1	6207711340.2
6966000000.0	1335339863.1	919997322.2	6208523302.9
6967000000.0	1335376810.3	920014854.0	6209335245.0
6968000000.0	1335413749.0	920032381.5	6210147166.3
6969000000.0	1335450679.1	920049904.5	6210959067.0
6970000000.0	1335487600.7	920067423.3	6211770947.0
6971000000.0	1335524513.6	920084937.6	6212582806.3
6972000000.0	1335561418.1	920102447.6	6213394644.9
6973000000.0	1335598314.0	920119953.3	6214206462.8
6974000000.0	1335635201.4	920137454.5	6215018260.1
6975000000.0	1335672080.2	920154951.5	6215830036.7
6976000000.0	1335708950.5	920172444.1	6216641792.5
6977000000.0	1335745812.2	920189932.3	6217453527.7
6978000000.0	1335782665.4	920207416.2	6218265242.3
6979000000.0	1335819510.1	920224895.7	6219076936.1
6980000000.0	1335856346.3	920242370.9	6219888609.3
6981000000.0	1335893173.9	920259841.8	6220700261.7
6982000000.0	1335929993.0	920277308.3	6221511893.5
6983000000.0	1335966803.6	920294770.5	6222323504.7
6984000000.0	1336003605.7	920312228.3	6223135095.1
6985000000.0	1336040399.3	920329681.8	6223946664.9
6986000000.0	1336077184.4	920347131.0	6224758214.0
6987000000.0	1336113960.9	920364575.8	6225569742.4
6988000000.0	1336150729.0	920382016.3	6226381250.2
6989000000.0	1336187488.6	920399452.5	6227192737.3
6990000000.0	1336224239.6	920416884.3	6228004203.7
6991000000.0	1336260982.2	920434311.8	6228815649.4
6992000000.0	1336297716.3	920451735.0	6229627074.5
6993000000.0	1336334441.9	920469153.9	6230438478.9
6994000000.0	1336371159.0	920486568.5	6231249862.7
6995000000.0	1336407867.6	920503978.7	6232061225.7
6996000000.0	1336444567.8	920521384.6	6232872568.1
6997000000.0	1336481259.5	920538786.2	6233683889.9
6998000000.0	1336517942.7	920556183.5	6234495191.0
6999000000.0	1336554617.4	920573576.4	6235306471.4
7000000000.0	1336591283.7	920590965.1	6236117731.1
7001000000.0	1336627941.5	920608349.4	6236928970.2
7002000000.0	1336664590.8	920625729.4	6237740188.6
7003000000.0	1336701231.7	920643105.2	6238551386.4
7004000000.0	1336737864.2	920660476.6	6239362563.5
7005000000.0	1336774488.2	920677843.7	6240173720.0
7006000000.0	1336811103.7	920695206.5	6240984855.7
7007000000.0	1336847710.8	920712565.0	6241795970.9
7008000000.0	1336884309.4	920729919.2	6242607065.4
7009000000.0	1336920899.6	920747269.1	6243418139.2
7010000000.0	1336957481.4	920764614.8	6244229192.3
7011000000.0	1336994054.7	920781956.1	6245040224.9
7012000000.0	1337030619.6	920799293.1	6245851236.7
7013000000.0	1337067176.1	920816625.9	6246662227.9
7014000000.0	1337103724.2	920833954.3	6247473198.5
7015000000.0	1337140263.8	920851278.5	6248284148.4
7016000000.0	1337176795.0	920868598.3	6249095077.6
7017000000.0	1337213317.8	920885913.9	6249905986.2
7018000000.0	1337249832.2	920903225.2	6250716874.2
7019000000.0	1337286338.1	920920532.3	6251527741.5
7020000000.0	1337322835.7	920937835.0	6252338588.2
7021000000.0	1337359324.8	920955133.5	6253149414.2
7022000000.0	1337395805.6	920972427.7	6253960219.6
7023000000.0	1337432277.9	920989717.6	6254771004.3
7024000000.0	1337468741.9	921007003.2	6255581768.4
7025000000.0	1337505197.4	921024284.6	6256392511.8
7026000000.0	1337541644.6	921041561.7	6257203234.6
7027000000.0	1337578083.4	921058834.5	6258013936.8
7028000000.0	1337614513.8	921076103.1	6258824618.3
7029000000.0	1337650935.8	921093367.4	6259635279.2
7030000000.0	1337687349.4	921110627.4	6260445919.4
7031000000.0	1337723754.7	921127883.2	6261256539.0
7032000000.0	1337760151.6	921145134.7	6262067138.0
7033000000.0	1337796540.1	921162381.9	6262877716.3
7034000000.0	1337832920.2	921179624.9	6263688274.0
7035000000.0	1337869292.0	921196863.6	6264498811.1
7036000000.0	1337905655.4	921214098.1	6265309327.5
7037000000.0	1337942010.5	921231328.3	6266119823.3
7038000000.0	1337978357.2	921248554.3	6266930298.5
7039000000.0	1338014695.5	921265776.0	6267740753.0
7040000000.0	1338051025.5	921282993.5	6268551186.9
7041000000.0	1338087347.2	921300206.7	6269361600.2
7042000000.0	1338123660.5	921317415.7	6270171992.8
7043000000.0	1338159965.5	921334620.4	6270982364.8
7044000000.0	1338196262.1	921351820.9	6271792716.2
7045000000.0	1338232550.4	921369017.2	6272603047.0
7046000000.0	1338268830.4	921386209.2	6273413357.1
7047000000.0	1338305102.0	921403397.0	6274223646.6
7048000000.0	1338341365.3	921420580.5	6275033915.5
7049000000.0	1338377620.3	921437759.8	6275844163.7
7050000000.0	1338413866.9	921454934.9	6276654391.4
7051000000.0	1338450105.3	921472105.8	6277464598.4
7052000000.0	1338486335.3	921489272.4	6278274784.8
7053000000.0	1338522557.0	921506434.7	6279084950.6
7054000000.0	1338558770.4	921523592.9	6279895095.7
7055000000.0	1338594975.5	921540746.8	6280705220.3
7056000000.0	1338631172.3	921557896.5	6281515324.2
7057000000.0	1338667360.8	921575042.0	6282325407.5
7058000000.0	1338703540.9	921592183.3	6283135470.2
7059000000.0	1338739712.8	921609320.4	6283945512.2
7060000000.0	1338775876.4	921626453.2	6284755533.7
7061000000.0	1338812031.7	921643581.8	6285565534.5
7062000000.0	1338848178.8	921660706.2	6286375514.8
7063000000.0	1338884317.5	921677826.4	6287185474.4
7064000000.0	1338920448.0	921694942.4	6287995413.4
7065000000.0	1338956570.1	921712054.1	6288805331.8
7066000000.0	1338992684.0	921729161.7	6289615229.6
7067000000.0	1339028789.7	921746265.0	6290425106.8
7068000000.0	1339064887.0	921763364.2	6291234963.3
7069000000.0	1339100976.1	921780459.1	6292044799.3
7070000000.0	1339137056.9	921797549.9	6292854614.7
7071000000.0	1339173129.5	921814636.4	6293664409.4
7072000000.0	1339209193.8	921831718.8	6294474183.5
7073000000.0	1339245249.8	921848796.9	6295283937.1
7074000000.0	1339281297.6	921865870.9	6296093670.0
7075000000.0	1339317337.2	921882940.6	6296903382.4
7076000000.0	1339353368.5	921900006.2	6297713074.1
7077000000.0	1339389391.5	921917067.6	6298522745.2
7078000000.0	1339425406.4	921934124.8	6299332395.8
7079000000.0	1339461412.9	921951177.8	6300142025.7
7080000000.0	1339497411.3	921968226.6	6300951635.0
7081000000.0	1339533401.4	921985271.2	6301761223.8
7082000000.0	1339569383.2	922002311.6	6302570791.9
7083000000.0	1339605356.9	922019347.9	6303380339.5
7084000000.0	1339641322.3	922036380.0	6304189866.4
7085000000.0	1339677279.5	922053407.9	6304999372.8
7086000000.0	1339713228.5	922070431.6	6305808858.5
7087000000.0	1339749169.2	922087451.2	6306618323.7
7088000000.0	1339785101.8	922104466.5	6307427768.3
7089000000.0	1339821026.1	922121477.7	6308237192.3
7090000000.0	1339856942.2	922138484.8	6309046595.7
7091000000.0	1339892850.2	922155487.6	6309855978.5
7092000000.0	1339928749.9	922172486.3	6310665340.7
7093000000.0	1339964641.4	922189480.9	6311474682.3
7094000000.0	1340000524.7	922206471.2	6312284003.4
7095000000.0	1340036399.9	922223457.4	6313093303.8
7096000000.0	1340072266.8	922240439.5	6313902583.7
7097000000.0	1340108125.6	922257417.3	6314711843.0
7098000000.0	1340143976.1	922274391.1	6315521081.7
7099000000.0	1340179818.5	922291360.6	6316330299.8
7100000000.0	1340215652.7	922308326.0	6317139497.3
7101000000.0	1340251478.7	922325287.3	6317948674.3
7102000000.0	1340287296.6	922342244.4	6318757830.7
7103000000.0	1340323106.3	922359197.3	6319566966.5
7104000000.0	1340358907.8	922376146.1	6320376081.7
7105000000.0	1340394701.1	922393090.8	6321185176.3
7106000000.0	1340430486.3	922410031.3	6321994250.4
7107000000.0	1340466263.3	922426967.7	6322803303.9
7108000000.0	1340502032.2	922443899.9	6323612336.8
7109000000.0	1340537792.9	922460828.0	6324421349.1
7110000000.0	1340573545.5	922477751.9	6325230340.9
7111000000.0	1340609289.9	922494671.7	6326039312.0
7112000000.0	1340645026.1	922511587.4	6326848262.7
7113000000.0	1340680754.3	922528498.9	6327657192.7
7114000000.0	1340716474.2	922545406.3	6328466102.2
7115000000.0	1340752186.1	922562309.5	6329274991.1
7116000000.0	1340787889.8	922579208.6	6330083859.4
7117000000.0	1340823585.3	922596103.6	6330892707.2
7118000000.0	1340859272.8	922612994.5	6331701534.3
7119000000.0	1340894952.1	922629881.3	6332510341.0
7120000000.0	1340930623.3	922646763.9	6333319127.0
7121000000.0	1340966286.4	922663642.4	6334127892.5
7122000000.0	1341001941.3	922680516.7	6334936637.5
7123000000.0	1341037588.2	922697387.0	6335745361.8
7124000000.0	1341073226.9	922714253.1	6336554065.6
7125000000.0	1341108857.5	922731115.1	6337362748.9
7126000000.0	1341144480.0	922747973.0	6338171411.5
7127000000.0	1341180094.4	922764826.8	6338980053.7
7128000000.0	1341215700.7	922781676.5	6339788675.2
7129000000.0	1341251298.9	922798522.0	6340597276.2
7130000000.0	1341286889.0	922815363.5	6341405856.6
7131000000.0	1341322471.0	922832200.8	6342214416.5
7132000000.0	1341358044.9	922849034.0	6343022955.9
7133000000.0	1341393610.7	922865863.2	6343831474.6
7134000000.0	1341429168.5	922882688.2	6344639972.8
7135000000.0	1341464718.1	922899509.1	6345448450.5
7136000000.0	1341500259.7	922916325.9	6346256907.6
7137000000.0	1341535793.2	922933138.6	6347065344.2
7138000000.0	1341571318.7	922949947.3	6347873760.2
7139000000.0	1341606836.0	922966751.8	6348682155.6
7140000000.0	1341642345.3	922983552.2	6349490530.5
7141000000.0	1341677846.5	923000348.5	6350298884.9
7142000000.0	1341713339.7	923017140.8	6351107218.7
7143000000.0	1341748824.8	923033928.9	6351915531.9
7144000000.0	1341784301.8	923050713.0	6352723824.6
7145000000.0	1341819770.8	923067493.0	6353532096.8
7146000000.0	1341855231.7	923084268.9	6354340348.4
7147000000.0	1341890684.6	923101040.7	6355148579.5
7148000000.0	1341926129.5	923117808.4	6355956790.0
7149000000.0	1341961566.3	923134572.0	6356764980.0
7150000000.0	1341996995.0	923151331.6	6357573149.4
7151000000.0	1342032415.7	923168087.1	6358381298.3
7152000000.0	1342067828.4	923184838.5	6359189426.7
7153000000.0	1342103233.0	923201585.8	6359997534.5
7154000000.0	1342138629.6	923218329.0	6360805621.8
7155000000.0	1342174018.2	923235068.2	6361613688.5
7156000000.0	1342209398.8	923251803.3	6362421734.8
7157000000.0	1342244771.3	923268534.4	6363229760.4
7158000000.0	1342280135.8	923285261.3	6364037765.6
7159000000.0	1342315492.3	923301984.2	6364845750.2
7160000000.0	1342350840.8	923318703.1	6365653714.2
7161000000.0	1342386181.3	923335417.8	6366461657.7
7162000000.0	1342421513.8	923352128.6	6367269580.7
7163000000.0	1342456838.2	923368835.2	6368077483.2
7164000000.0	1342492154.7	923385537.8	6368885365.1
7165000000.0	1342527463.1	923402236.3	6369693226.6
7166000000.0	1342562763.6	923418930.8	6370501067.4
7167000000.0	1342598056.1	923435621.2	6371308887.8
7168000000.0	1342633340.5	923452307.6	6372116687.6
7169000000.0	1342668617.0	923468989.9	6372924466.9
7170000000.0	1342703885.5	923485668.2	6373732225.6
7171000000.0	1342739146.0	923502342.4	6374539963.9
7172000000.0	1342774398.5	923519012.6	6375347681.6
7173000000.0	1342809643.1	923535678.7	6376155378.8
7174000000.0	1342844879.7	923552340.8	6376963055.5
7175000000.0	1342880108.3	923568998.8	6377770711.6
7176000000.0	1342915328.9	923585652.8	6378578347.2
7177000000.0	1342950541.6	923602302.8	6379385962.3
7178000000.0	1342985746.2	923618948.7	6380193556.9
7179000000.0	1343020943.0	923635590.5	6381001131.0
7180000000.0	1343056131.8	923652228.4	6381808684.5
7181000000.0	1343091312.6	923668862.2	6382616217.6
7182000000.0	1343126485.4	923685492.0	6383423730.1
7183000000.0	1343161650.3	923702117.7	6384231222.1
7184000000.0	1343196807.3	923718739.4	6385038693.6
7185000000.0	1343231956.3	923735357.1	6385846144.5
7186000000.0	1343267097.4	923751970.8	6386653575.0
7187000000.0	1343302230.5	923768580.4	6387460984.9
7188000000.0	1343337355.7	923785186.0	6388268374.3
7189000000.0	1343372473.0	923801787.6	6389075743.3
7190000000.0	1343407582.3	923818385.2	6389883091.7
7191000000.0	1343442683.7	923834978.7	6390690419.6
7192000000.0	1343477777.1	923851568.2	6391497727.0
7193000000.0	1343512862.7	923868153.7	6392305013.8
7194000000.0	1343547940.3	923884735.2	6393112280.2
7195000000.0	1343583010.0	923901312.7	6393919526.1
7196000000.0	1343618071.8	923917886.2	6394726751.4
7197000000.0	1343653125.6	923934455.6	6395533956.3
7198000000.0	1343688171.6	923951021.1	6396341140.7
7199000000.0	1343723209.6	923967582.5	6397148304.5
7200000000.0	1343758239.8	923984140.0	6397955447.9
7201000000.0	1343793262.0	924000693.4	6398762570.7
7202000000.0	1343828276.4	924017242.8	6399569673.1
7203000000.0	1343863282.8	924033788.2	6400376754.9
7204000000.0	1343898281.3	924050329.6	6401183816.2
7205000000.0	1343933272.0	924066867.1	6401990857.1
7206000000.0	1343968254.7	924083400.5	6402797877.4
7207000000.0	1344003229.6	924099929.9	6403604877.3
7208000000.0	1344038196.6	924116455.3	6404411856.7
7209000000.0	1344073155.7	924132976.8	6405218815.5
7210000000.0	1344108106.9	924149494.2	6406025753.9
7211000000.0	1344143050.3	924166007.7	6406832671.8
7212000000.0	1344177985.7	924182517.2	6407639569.2
7213000000.0	1344212913.4	924199022.6	6408446446.0
7214000000.0	1344247833.1	924215524.1	6409253302.4
7215000000.0	1344282745.0	924232021.6	6410060138.4
7216000000.0	1344317649.0	924248515.2	6410866953.8
7217000000.0	1344352545.1	924265004.7	6411673748.7
7218000000.0	1344387433.4	924281490.3	6412480523.2
7219000000.0	1344422313.8	924297971.8	6413287277.1
7220000000.0	1344457186.4	924314449.4	6414094010.6
7221000000.0	1344492051.1	924330923.1	6414900723.6
7222000000.0	1344526908.0	924347392.7	6415707416.1
7223000000.0	1344561757.0	924363858.4	6416514088.1
7224000000.0	1344596598.2	924380320.1	6417320739.6
7225000000.0	1344631431.6	924396777.9	6418127370.7
7226000000.0	1344666257.1	924413231.6	6418933981.2
7227000000.0	1344701074.8	924429681.4	6419740571.3
7228000000.0	1344735884.6	924446127.3	6420547140.9
7229000000.0	1344770686.6	924462569.1	6421353690.1
7230000000.0	1344805480.8	924479007.0	6422160218.7
7231000000.0	1344840267.2	924495441.0	6422966726.9
7232000000.0	1344875045.8	924511871.0	6423773214.6
7233000000.0	1344909816.5	924528297.0	6424579681.8
7234000000.0	1344944579.4	924544719.1	6425386128.6
7235000000.0	1344979334.5	924561137.2	6426192554.8
7236000000.0	1345014081.8	924577551.3	6426998960.6
7237000000.0	1345048821.3	924593961.5	6427805345.9
7238000000.0	1345083553.0	924610367.8	6428611710.8
7239000000.0	1345118276.8	924626770.1	6429418055.2
7240000000.0	1345152992.9	924643168.4	6430224379.1
7241000000.0	1345187701.2	924659562.8	6431030682.5
7242000000.0	1345222401.7	924675953.3	6431836965.5
7243000000.0	1345257094.4	924692339.8	6432643228.0
7244000000.0	1345291779.3	924708722.4	6433449470.0
7245000000.0	1345326456.4	924725101.0	6434255691.6
7246000000.0	1345361125.7	924741475.7	6435061892.7
7247000000.0	1345395787.3	924757846.5	6435868073.4
7248000000.0	1345430441.0	924774213.3	6436674233.5
7249000000.0	1345465087.0	924790576.1	6437480373.3
7250000000.0	1345499725.2	924806935.1	6438286492.5
7251000000.0	1345534355.7	924823290.1	6439092591.3
7252000000.0	1345568978.4	924839641.2	6439898669.6
7253000000.0	1345603593.3	924855988.3	6440704727.5
7254000000.0	1345638200.4	924872331.5	6441510764.9
7255000000.0	1345672799.8	924888670.8	6442316781.9
7256000000.0	1345707391.4	924905006.2	6443122778.3
7257000000.0	1345741975.3	924921337.6	6443928754.4
7258000000.0	1345776551.4	924937665.1	6444734710.0
7259000000.0	1345811119.8	924953988.7	6445540645.1
7260000000.0	1345845680.4	924970308.4	6446346559.8
7261000000.0	1345880233.3	924986624.1	6447152454.0
7262000000.0	1345914778.5	925002936.0	6447958327.7
7263000000.0	1345949315.9	925019243.9	6448764181.0
7264000000.0	1345983845.5	925035547.9	6449570013.9
7265000000.0	1346018367.4	925051848.0	6450375826.3
7266000000.0	1346052881.6	925068144.2	6451181618.3
7267000000.0	1346087388.1	925084436.4	6451987389.8
7268000000.0	1346121886.8	925100724.8	6452793140.9
7269000000.0	1346156377.8	925117009.2	6453598871.5
7270000000.0	1346190861.1	925133289.8	6454404581.6
7271000000.0	1346225336.7	925149566.4	6455210271.4
7272000000.0	1346259804.6	925165839.2	6456015940.6
7273000000.0	1346294264.7	925182108.0	6456821589.5
7274000000.0	1346328717.1	925198372.9	6457627217.9
7275000000.0	1346363161.9	925214634.0	6458432825.8
7276000000.0	1346397598.9	925230891.1	6459238413.3
7277000000.0	1346432028.2	925247144.3	6460043980.4
7278000000.0	1346466449.8	925263393.7	6460849527.0
7279000000.0	1346500863.7	925279639.1	6461655053.2
7280000000.0	1346535269.9	925295880.7	6462460558.9
7281000000.0	1346569668.4	925312118.3	6463266044.3
7282000000.0	1346604059.3	925328352.1	6464071509.1
7283000000.0	1346638442.4	925344582.0	6464876953.6
7284000000.0	1346672817.9	925360808.0	6465682377.6
7285000000.0	1346707185.6	925377030.1	6466487781.1
7286000000.0	1346741545.7	925393248.3	6467293164.3
7287000000.0	1346775898.2	925409462.7	6468098527.0
7288000000.0	1346810242.9	925425673.1	6468903869.2
7289000000.0	1346844580.0	925441879.7	6469709191.1
7290000000.0	1346878909.4	925458082.4	6470514492.5
7291000000.0	1346913231.1	925474281.3	6471319773.5
7292000000.0	1346947545.2	925490476.2	6472125034.0
7293000000.0	1346981851.6	925506667.3	6472930274.1
7294000000.0	1347016150.3	925522854.5	6473735493.8
7295000000.0	1347050441.4	925539037.8	6474540693.1
7296000000.0	1347084724.8	925555217.3	6475345871.9
7297000000.0	1347119000.6	925571392.9	6476151030.3
7298000000.0	1347153268.7	925587564.6	6476956168.3
7299000000.0	1347187529.2	925603732.5	6477761285.9
7300000000.0	1347221782.1	925619896.5	6478566383.0
7301000000.0	1347256027.3	925636056.6	6479371459.8
7302000000.0	1347290264.8	925652212.9	6480176516.1
7303000000.0	1347324494.7	925668365.3	6480981551.9
7304000000.0	1347358717.0	925684513.9	6481786567.4
7305000000.0	1347392931.7	925700658.6	6482591562.4
7306000000.0	1347427138.7	925716799.4	6483396537.1
7307000000.0	1347461338.1	925732936.4	6484201491.3
7308000000.0	1347495529.9	925749069.5	6485006425.1
7309000000.0	1347529714.0	925765198.8	6485811338.4
7310000000.0	1347563890.6	925781324.2	6486616231.4
7311000000.0	1347598059.5	925797445.8	6487421103.9
7312000000.0	1347632220.8	925813563.5	6488225956.1
7313000000.0	1347666374.5	925829677.4	6489030787.8
7314000000.0	1347700520.6	925845787.4	6489835599.1
7315000000.0	1347734659.0	925861893.6	6490640390.0
7316000000.0	1347768789.9	925877996.0	6491445160.5
7317000000.0	1347802913.2	925894094.5	6492249910.6
7318000000.0	1347837028.9	925910189.2	6493054640.2
7319000000.0	1347871136.9	925926280.0	6493859349.5
7320000000.0	1347905237.4	925942367.0	6494664038.4
7321000000.0	1347939330.3	925958450.2	6495468706.8
7322000000.0	1347973415.6	925974529.5	6496273354.9
7323000000.0	1348007493.3	925990605.0	6497077982.5
7324000000.0	1348041563.5	926006676.6	6497882589.7
7325000000.0	1348075626.0	926022744.5	6498687176.6
7326000000.0	1348109681.0	926038808.5	6499491743.0
7327000000.0	1348143728.4	926054868.6	6500296289.0
7328000000.0	1348177768.2	926070925.0	6501100814.7
7329000000.0	1348211800.5	926086977.5	6501905319.9
7330000000.0	1348245825.2	926103026.2	6502709804.7
7331000000.0	1348279842.3	926119071.1	6503514269.2
7332000000.0	1348313851.9	926135112.2	6504318713.2
7333000000.0	1348347853.9	926151149.4	6505123136.8
7334000000.0	1348381848.3	926167182.8	6505927540.1
7335000000.0	1348415835.2	926183212.4	6506731922.9
7336000000.0	1348449814.5	926199238.2	6507536285.4
7337000000.0	1348483786.3	926215260.2	6508340627.4
7338000000.0	1348517750.6	926231278.3	6509144949.1
7339000000.0	1348551707.2	926247292.7	6509949250.4
7340000000.0	1348585656.4	926263303.2	6510753531.3
7341000000.0	1348619598.0	926279310.0	6511557791.8
7342000000.0	1348653532.1	926295312.9	6512362031.9
7343000000.0	1348687458.6	926311312.0	6513166251.6
7344000000.0	1348721377.6	926327307.3	6513970450.9
7345000000.0	1348755289.1	926343298.8	6514774629.9
7346000000.0	1348789193.0	926359286.6	6515578788.4
7347000000.0	1348823089.4	926375270.5	6516382926.6
7348000000.0	1348856978.3	926391250.6	6517187044.4
7349000000.0	1348890859.7	926407226.9	6517991141.8
7350000000.0	1348924733.5	926423199.4	6518795218.8
7351000000.0	1348958599.9	926439168.1	6519599275.5
7352000000.0	1348992458.7	926455133.1	6520403311.7
7353000000.0	1349026310.0	926471094.2	6521207327.6
7354000000.0	1349060153.8	926487051.6	6522011323.1
7355000000.0	1349093990.1	926503005.1	6522815298.2
7356000000.0	1349127818.9	926518954.9	6523619252.9
7357000000.0	1349161640.2	926534900.9	6524423187.3
7358000000.0	1349195454.0	926550843.1	6525227101.3
7359000000.0	1349229260.3	926566781.5	6526030994.9
7360000000.0	1349263059.2	926582716.1	6526834868.1
7361000000.0	1349296850.5	926598647.0	6527638721.0
7362000000.0	1349330634.3	926614574.0	6528442553.5
7363000000.0	1349364410.7	926630497.3	6529246365.6
7364000000.0	1349398179.5	926646416.8	6530050157.3
7365000000.0	1349431940.9	926662332.6	6530853928.7
7366000000.0	1349465694.8	926678244.5	6531657679.7
7367000000.0	1349499441.2	926694152.7	6532461410.3
7368000000.0	1349533180.2	926710057.1	6533265120.6
7369000000.0	1349566911.7	926725957.8	6534068810.5
7370000000.0	1349600635.7	926741854.7	6534872480.0
7371000000.0	1349634352.3	926757747.8	6535676129.2
7372000000.0	1349668061.4	926773637.1	6536479758.0
7373000000.0	1349701763.0	926789522.7	6537283366.4
7374000000.0	1349735457.2	926805404.5	6538086954.5
7375000000.0	1349769143.9	926821282.6	6538890522.2
7376000000.0	1349802823.1	926837156.9	6539694069.5
7377000000.0	1349836495.0	926853027.4	6540497596.5
7378000000.0	1349870159.3	926868894.2	6541301103.1
7379000000.0	1349903816.2	926884757.2	6542104589.4
7380000000.0	1349937465.7	926900616.4	6542908055.3
7381000000.0	1349971107.7	926916471.9	6543711500.8
7382000000.0	1350004742.3	926932323.7	6544514926.0
7383000000.0	1350038369.5	926948171.7	6545318330.8
7384000000.0	1350071989.2	926964016.0	6546121715.3
7385000000.0	1350105601.5	926979856.5	6546925079.4
7386000000.0	1350139206.4	926995693.2	6547728423.2
7387000000.0	1350172803.8	927011526.2	6548531746.6
7388000000.0	1350206393.9	927027355.5	6549335049.6
7389000000.0	1350239976.4	927043181.0	6550138332.3
7390000000.0	1350273551.6	927059002.8	6550941594.7
7391000000.0	1350307119.4	927074820.8	6551744836.7
7392000000.0	1350340679.7	927090635.1	6552548058.3
7393000000.0	1350374232.7	927106445.6	6553351259.6
7394000000.0	1350407778.2	927122252.5	6554154440.6
7395000000.0	1350441316.3	927138055.5	6554957601.2
7396000000.0	1350474847.0	927153854.9	6555760741.4
7397000000.0	1350508370.3	927169650.5	6556563861.3
7398000000.0	1350541886.3	927185442.4	6557366960.9
7399000000.0	1350575394.8	927201230.5	6558170040.1
7400000000.0	1350608895.9	927217015.0	6558973099.0
7401000000.0	1350642389.6	927232795.7	6559776137.5
7402000000.0	1350675876.0	927248572.6	6560579155.7
7403000000.0	1350709354.9	927264345.9	6561382153.6
7404000000.0	1350742826.5	927280115.4	6562185131.1
7405000000.0	1350776290.7	927295881.2	6562988088.3
7406000000.0	1350809747.5	927311643.3	6563791025.1
7407000000.0	1350843197.0	927327401.6	6564593941.6
7408000000.0	1350876639.0	927343156.2	6565396837.8
7409000000.0	1350910073.7	927358907.2	6566199713.6
7410000000.0	1350943501.0	927374654.4	6567002569.1
7411000000.0	1350976921.0	927390397.8	6567805404.2
7412000000.0	1351010333.6	927406137.6	6568608219.0
7413000000.0	1351043738.8	927421873.7	6569411013.5
7414000000.0	1351077136.6	927437606.0	6570213787.7
7415000000.0	1351110527.1	927453334.7	6571016541.5
7416000000.0	1351143910.3	927469059.6	6571819275.0
7417000000.0	1351177286.1	927484780.8	6572621988.1
7418000000.0	1351210654.5	927500498.3	6573424681.0
7419000000.0	1351244015.6	927516212.2	6574227353.5
7420000000.0	1351277369.4	927531922.3	6575030005.6
7421000000.0	1351310715.8	927547628.7	6575832637.5
7422000000.0	1351344054.9	927563331.4	6576635249.0
7423000000.0	1351377386.6	927579030.4	6577437840.2
7424000000.0	1351410711.0	927594725.7	6578240411.1
7425000000.0	1351444028.1	927610417.3	6579042961.6
7426000000.0	1351477337.8	927626105.3	6579845491.9
7427000000.0	1351510640.2	927641789.5	6580648001.8
7428000000.0	1351543935.3	927657470.0	6581450491.3
7429000000.0	1351577223.0	927673146.9	6582252960.6
7430000000.0	1351610503.5	927688820.0	6583055409.5
7431000000.0	1351643776.6	927704489.5	6583857838.2
7432000000.0	1351677042.4	927720155.3	6584660246.5
7433000000.0	1351710300.9	927735817.4	6585462634.5
7434000000.0	1351743552.0	927751475.8	6586265002.1
7435000000.0	1351776795.9	927767130.5	6587067349.5
7436000000.0	1351810032.5	927782781.5	6587869676.5
7437000000.0	1351843261.7	927798428.9	6588671983.2
7438000000.0	1351876483.7	927814072.6	6589474269.7
7439000000.0	1351909698.3	927829712.6	6590276535.8
7440000000.0	1351942905.7	927845348.9	6591078781.5
7441000000.0	1351976105.7	927860981.6	6591881007.0
7442000000.0	1352009298.5	927876610.5	6592683212.2
7443000000.0	1352042484.0	927892235.8	6593485397.0
7444000000.0	1352075662.2	927907857.5	6594287561.6
7445000000.0	1352108833.1	927923475.4	6595089705.8
7446000000.0	1352141996.7	927939089.7	6595891829.7
7447000000.0	1352175153.0	927954700.3	6596693933.4
7448000000.0	1352208302.1	927970307.3	6597496016.7
7449000000.0	1352241443.9	927985910.6	6598298079.7
7450000000.0	1352274578.4	928001510.2	6599100122.4
7451000000.0	1352307705.6	928017106.2	6599902144.8
7452000000.0	1352340825.6	928032698.5	6600704146.9
7453000000.0	1352373938.3	928048287.1	6601506128.7
7454000000.0	1352407043.8	928063872.1	6602308090.2
7455000000.0	1352440142.0	928079453.5	6603110031.4
7456000000.0	1352473232.9	928095031.1	6603911952.3
7457000000.0	1352506316.5	928110605.1	6604713852.9
7458000000.0	1352539393.0	928126175.5	6605515733.3
7459000000.0	1352572462.1	928141742.2	6606317593.3
7460000000.0	1352605524.0	928157305.3	6607119433.0
7461000000.0	1352638578.7	928172864.7	6607921252.4
7462000000.0	1352671626.1	928188420.4	6608723051.5
7463000000.0	1352704666.3	928203972.6	6609524830.3
7464000000.0	1352737699.3	928219521.0	6610326588.9
7465000000.0	1352770725.0	928235065.8	6611128327.1
7466000000.0	1352803743.4	928250607.0	6611930045.1
7467000000.0	1352836754.7	928266144.6	6612731742.7
7468000000.0	1352869758.7	928281678.5	6613533420.1
7469000000.0	1352902755.5	928297208.7	6614335077.2
7470000000.0	1352935745.0	928312735.3	6615136714.0
7471000000.0	1352968727.3	928328258.3	6615938330.5
7472000000.0	1353001702.4	928343777.7	6616739926.7
7473000000.0	1353034670.3	928359293.4	6617541502.7
7474000000.0	1353067631.0	928374805.5	6618343058.3
7475000000.0	1353100584.5	928390313.9	6619144593.7
7476000000.0	1353133530.7	928405818.7	6619946108.8
7477000000.0	1353166469.8	928421319.9	6620747603.6
7478000000.0	1353199401.6	928436817.5	6621549078.1
7479000000.0	1353232326.2	928452311.4	6622350532.3
7480000000.0	1353265243.7	928467801.7	6623151966.3
7481000000.0	1353298153.9	928483288.4	6623953379.9
7482000000.0	1353331056.9	928498771.4	6624754773.3
7483000000.0	1353363952.8	928514250.9	6625556146.5
7484000000.0	1353396841.4	928529726.7	6626357499.3
7485000000.0	1353429722.9	928545198.9	6627158831.9
7486000000.0	1353462597.1	928560667.5	6627960144.1
7487000000.0	1353495464.2	928576132.4	6628761436.2
7488000000.0	1353528324.1	928591593.8	6629562707.9
7489000000.0	1353561176.8	928607051.5	6630363959.4
7490000000.0	1353594022.4	928622505.6	6631165190.6
7491000000.0	1353626860.7	928637956.1	6631966401.5
7492000000.0	1353659691.9	928653403.0	6632767592.1
7493000000.0	1353692515.9	928668846.3	6633568762.5
7494000000.0	1353725332.8	928684286.0	6634369912.6
7495000000.0	1353758142.5	928699722.1	6635171042.5
7496000000.0	1353790945.0	928715154.5	6635972152.0
7497000000.0	1353823740.4	928730583.4	6636773241.4
7498000000.0	1353856528.6	928746008.7	6637574310.4
7499000000.0	1353889309.6	928761430.3	6638375359.2
7500000000.0	1353922083.5	928776848.4	6639176387.7
7501000000.0	1353954850.2	928792262.9	6639977395.9
7502000000.0	1353987609.8	928807673.7	6640778383.9
7503000000.0	1354020362.3	928823081.0	6641579351.6
7504000000.0	1354053107.6	928838484.7	6642380299.1
7505000000.0	1354085845.7	928853884.7	6643181226.3
7506000000.0	1354118576.7	928869281.2	6643982133.2
7507000000.0	1354151300.6	928884674.1	6644783019.9
7508000000.0	1354184017.3	928900063.4	6645583886.3
7509000000.0	1354216726.9	928915449.1	6646384732.5
7510000000.0	1354249429.4	928930831.3	6647185558.4
7511000000.0	1354282124.7	928946209.8	6647986364.1
7512000000.0	1354314813.0	928961584.8	6648787149.5
7513000000.0	1354347494.0	928976956.1	6649587914.6
7514000000.0	1354380168.0	928992323.9	6650388659.5
7515000000.0	1354412834.9	929007688.1	6651189384.1
7516000000.0	1354445494.6	929023048.8	6651990088.5
7517000000.0	1354478147.2	929038405.8	6652790772.7
7518000000.0	1354510792.7	929053759.3	6653591436.5
7519000000.0	1354543431.1	929069109.2	6654392080.2
7520000000.0	1354576062.4	929084455.5	6655192703.5
7521000000.0	1354608686.6	929099798.3	6655993306.7
7522000000.0	1354641303.6	929115137.4	6656793889.6
7523000000.0	1354673913.6	929130473.0	6657594452.2
7524000000.0	1354706516.5	929145805.1	6658394994.6
7525000000.0	1354739112.3	929161133.5	6659195516.8
7526000000.0	1354771701.0	929176458.4	6659996018.7
7527000000.0	1354804282.6	929191779.8	6660796500.3
7528000000.0	1354836857.1	929207097.5	6661596961.7
7529000000.0	1354869424.5	929222411.7	6662397402.9
7530000000.0	1354901984.8	929237722.4	6663197823.9
7531000000.0	1354934538.1	929253029.4	6663998224.6
7532000000.0	1354967084.2	929268333.0	6664798605.0
7533000000.0	1354999623.3	929283632.9	6665598965.2
7534000000.0	1355032155.3	929298929.3	6666399305.2
7535000000.0	1355064680.3	929314222.2	6667199624.9
7536000000.0	1355097198.1	929329511.4	6667999924.5
7537000000.0	1355129708.9	929344797.2	6668800203.7
7538000000.0	1355162212.7	929360079.4	6669600462.8
7539000000.0	1355194709.4	929375358.0	6670400701.6
7540000000.0	1355227199.0	929390633.1	6671200920.1
7541000000.0	1355259681.5	929405904.6	6672001118.5
7542000000.0	1355292157.0	929421172.6	6672801296.6
7543000000.0	1355324625.4	929436437.0	6673601454.4
7544000000.0	1355357086.8	929451697.9	6674401592.1
7545000000.0	1355389541.2	929466955.3	6675201709.5
7546000000.0	1355421988.5	929482209.1	6676001806.7
7547000000.0	1355454428.7	929497459.3	6676801883.6
7548000000.0	1355486861.9	929512706.0	6677601940.4
7549000000.0	1355519288.1	929527949.2	6678401976.9
7550000000.0	1355551707.2	929543188.9	6679201993.1
7551000000.0	1355584119.3	929558425.0	6680001989.2
7552000000.0	1355616524.3	929573657.6	6680801965.0
7553000000.0	1355648922.3	929588886.6	6681601920.6
7554000000.0	1355681313.3	929604112.1	6682401856.0
7555000000.0	1355713697.3	929619334.1	6683201771.2
7556000000.0	1355746074.2	929634552.5	6684001666.1
7557000000.0	1355778444.1	929649767.4	6684801540.8
7558000000.0	1355810807.0	929664978.8	6685601395.3
7559000000.0	1355843162.9	929680186.7	6686401229.6
7560000000.0	1355875511.7	929695391.0	6687201043.7
7561000000.0	1355907853.6	929710591.8	6688000837.5
7562000000.0	1355940188.4	929725789.1	6688800611.2
7563000000.0	1355972516.2	929740982.9	6689600364.6
7564000000.0	1356004837.0	929756173.1	6690400097.8
7565000000.0	1356037150.8	929771359.8	6691199810.8
7566000000.0	1356069457.7	929786543.0	6691999503.6
7567000000.0	1356101757.5	929801722.7	6692799176.1
7568000000.0	1356134050.3	929816898.9	6693598828.5
7569000000.0	1356166336.1	929832071.6	6694398460.6
7570000000.0	1356198614.9	929847240.7	6695198072.6
7571000000.0	1356230886.7	929862406.3	6695997664.3
7572000000.0	1356263151.6	929877568.5	6696797235.8
7573000000.0	1356295409.4	929892727.1	6697596787.1
7574000000.0	1356327660.3	929907882.2	6698396318.2
7575000000.0	1356359904.2	929923033.8	6699195829.1
7576000000.0	1356392141.1	929938181.9	6699995319.8
7577000000.0	1356424371.0	929953326.5	6700794790.3
7578000000.0	1356456594.0	929968467.5	6701594240.6
7579000000.0	1356488810.0	929983605.1	6702393670.6
7580000000.0	1356521019.0	929998739.2	6703193080.5
7581000000.0	1356553221.0	930013869.8	6703992470.2
7582000000.0	1356585416.1	930028996.9	6704791839.7
7583000000.0	1356617604.2	930044120.4	6705591188.9
7584000000.0	1356649785.4	930059240.5	6706390518.0
7585000000.0	1356681959.6	930074357.1	6707189826.9
7586000000.0	1356714126.8	930089470.2	6707989115.6
7587000000.0	1356746287.1	930104579.8	6708788384.1
7588000000.0	1356778440.4	930119685.9	6709587632.4
7589000000.0	1356810586.8	930134788.6	6710386860.5
7590000000.0	1356842726.3	930149887.7	6711186068.4
7591000000.0	1356874858.7	930164983.3	6711985256.1
7592000000.0	1356906984.3	930180075.5	6712784423.6
7593000000.0	1356939102.9	930195164.2	6713583570.9
7594000000.0	1356971214.6	930210249.4	6714382698.0
7595000000.0	1357003319.3	930225331.1	6715181805.0
7596000000.0	1357035417.1	930240409.3	6715980891.7
7597000000.0	1357067507.9	930255484.0	6716779958.3
7598000000.0	1357099591.9	930270555.3	6717579004.7
7599000000.0	1357131668.9	930285623.1	6718378030.9
7600000000.0	1357163739.0	930300687.4	6719177036.9
7601000000.0	1357195802.1	930315748.2	6719976022.7
7602000000.0	1357227858.3	930330805.6	6720774988.3
7603000000.0	1357259907.7	930345859.5	6721573933.8
7604000000.0	1357291950.1	930360909.9	6722372859.0
7605000000.0	1357323985.5	930375956.8	6723171764.1
7606000000.0	1357356014.1	930391000.3	6723970649.0
7607000000.0	1357388035.8	930406040.3	6724769513.7
7608000000.0	1357420050.5	930421076.8	6725568358.3
7609000000.0	1357452058.4	930436109.9	6726367182.6
7610000000.0	1357484059.3	930451139.5	6727165986.8
7611000000.0	1357516053.4	930466165.6	6727964770.8
7612000000.0	1357548040.5	930481188.3	6728763534.6
7613000000.0	1357580020.8	930496207.5	6729562278.3
7614000000.0	1357611994.1	930511223.3	6730361001.8
7615000000.0	1357643960.6	930526235.6	6731159705.1
7616000000.0	1357675920.2	930541244.4	6731958388.2
7617000000.0	1357707872.8	930556249.8	6732757051.2
7618000000.0	1357739818.6	930571251.7	6733555693.9
7619000000.0	1357771757.6	930586250.2	6734354316.5
7620000000.0	1357803689.6	930601245.2	6735152919.0
7621000000.0	1357835614.8	930616236.8	6735951501.3
7622000000.0	1357867533.0	930631224.9	6736750063.4
7623000000.0	1357899444.5	930646209.6	6737548605.3
7624000000.0	1357931349.0	930661190.8	6738347127.1
7625000000.0	1357963246.7	930676168.6	6739145628.7
7626000000.0	1357995137.5	930691142.9	6739944110.1
7627000000.0	1358027021.4	930706113.8	6740742571.4
7628000000.0	1358058898.5	930721081.2	6741541012.5
7629000000.0	1358090768.7	930736045.2	6742339433.4
7630000000.0	1358122632.0	930751005.8	6743137834.2
7631000000.0	1358154488.5	930765962.9	6743936214.8
7632000000.0	1358186338.2	930780916.6	6744734575.2
7633000000.0	1358218181.0	930795866.8	6745532915.5
7634000000.0	1358250016.9	930810813.6	6746331235.7
7635000000.0	1358281846.0	930825757.0	6747129535.6
7636000000.0	1358313668.2	930840696.9	6747927815.4
7637000000.0	1358345483.6	930855633.4	6748726075.1
7638000000.0	1358377292.2	930870566.5	6749524314.6
7639000000.0	1358409093.9	930885496.1	6750322533.9
7640000000.0	1358440888.8	930900422.3	6751120733.1
7641000000.0	1358472676.9	930915345.1	6751918912.2
7642000000.0	1358504458.1	930930264.5	6752717071.1
7643000000.0	1358536232.5	930945180.4	6753515209.8
7644000000.0	1358568000.0	930960092.9	6754313328.4
7645000000.0	1358599760.8	930975002.0	6755111426.8
7646000000.0	1358631514.7	930989907.6	6755909505.1
7647000000.0	1358663261.8	931004809.9	6756707563.2
7648000000.0	1358695002.1	931019708.7	6757505601.2
7649000000.0	1358726735.5	931034604.1	6758303619.0
7650000000.0	1358758462.2	931049496.1	6759101616.7
7651000000.0	1358790182.0	931064384.6	6759899594.2
7652000000.0	1358821895.0	931079269.8	6760697551.6
7653000000.0	1358853601.2	931094151.5	6761495488.8
7654000000.0	1358885300.6	931109029.8	6762293405.9
7655000000.0	1358916993.2	931123904.8	6763091302.9
7656000000.0	1358948679.0	931138776.3	6763889179.7
7657000000.0	1358980358.0	931153644.3	6764687036.4
7658000000.0	1359012030.3	931168509.0	6765484872.9
7659000000.0	1359043695.7	931183370.3	6766282689.3
7660000000.0	1359075354.3	931198228.2	6767080485.6
7661000000.0	1359107006.1	931213082.6	6767878261.7
7662000000.0	1359138651.2	931227933.7	6768676017.6
7663000000.0	1359170289.4	931242781.4	6769473753.5
7664000000.0	1359201920.9	931257625.6	6770271469.2
7665000000.0	1359233545.6	931272466.5	6771069164.7
7666000000.0	1359265163.5	931287303.9	6771866840.2
7667000000.0	1359296774.6	931302138.0	6772664495.5
7668000000.0	1359328379.0	931316968.7	6773462130.6
7669000000.0	1359359976.6	931331795.9	6774259745.7
7670000000.0	1359391567.4	931346619.8	6775057340.6
7671000000.0	1359423151.4	931361440.3	6775854915.3
7672000000.0	1359454728.7	931376257.4	6776652470.0
7673000000.0	1359486299.2	931391071.1	6777450004.5
7674000000.0	1359517863.0	931405881.4	6778247518.9
7675000000.0	1359549419.9	931420688.3	6779045013.1
7676000000.0	1359580970.2	931435491.9	6779842487.2
7677000000.0	1359612513.7	931450292.0	6780639941.2
7678000000.0	1359644050.4	931465088.8	6781437375.1
7679000000.0	1359675580.4	931479882.2	6782234788.9
7680000000.0	1359707103.6	931494672.2	6783032182.5
7681000000.0	1359738620.1	931509458.8	6783829556.0
7682000000.0	1359770129.8	931524242.0	6784626909.4
7683000000.0	1359801632.8	931539021.9	6785424242.6
7684000000.0	1359833129.0	931553798.4	6786221555.8
7685000000.0	1359864618.5	931568571.5	6787018848.8
7686000000.0	1359896101.3	931583341.2	6787816121.7
7687000000.0	1359927577.4	931598107.6	6788613374.4
7688000000.0	1359959046.7	931612870.5	6789410607.1
7689000000.0	1359990509.2	931627630.1	6790207819.6
7690000000.0	1360021965.1	931642386.4	6791005012.1
7691000000.0	1360053414.2	931657139.3	6791802184.4
7692000000.0	1360084856.6	931671888.8	6792599336.6
7693000000.0	1360116292.3	931686634.9	6793396468.7
7694000000.0	1360147721.3	931701377.7	6794193580.6
7695000000.0	1360179143.5	931716117.1	6794990672.5
7696000000.0	1360210559.1	931730853.1	6795787744.2
7697000000.0	1360241967.9	931745585.8	6796584795.9
7698000000.0	1360273370.0	931760315.1	6797381827.4
7699000000.0	1360304765.4	931775041.0	6798178838.8
7700000000.0	1360336154.1	931789763.6	6798975830.1
7701000000.0	1360367536.1	931804482.9	6799772801.3
7702000000.0	1360398911.4	931819198.7	6800569752.4
7703000000.0	1360430280.0	931833911.3	6801366683.4
7704000000.0	1360461641.9	931848620.4	6802163594.3
7705000000.0	1360492997.1	931863326.2	6802960485.1
7706000000.0	1360524345.6	931878028.7	6803757355.8
7707000000.0	1360555687.4	931892727.8	6804554206.3
7708000000.0	1360587022.5	931907423.6	6805351036.8
7709000000.0	1360618351.0	931922116.0	6806147847.2
7710000000.0	1360649672.7	931936805.0	6806944637.4
7711000000.0	1360680987.8	931951490.8	6807741407.6
7712000000.0	1360712296.2	931966173.1	6808538157.7
7713000000.0	1360743597.9	931980852.2	6809334887.6
7714000000.0	1360774892.9	931995527.8	6810131597.5
7715000000.0	1360806181.3	932010200.2	6810928287.3
7716000000.0	1360837463.0	932024869.2	6811724957.0
7717000000.0	1360868738.0	932039534.8	6812521606.6
7718000000.0	1360900006.4	932054197.2	6813318236.0
7719000000.0	1360931268.1	932068856.1	6814114845.4
7720000000.0	1360962523.1	932083511.8	6814911434.7
7721000000.0	1360993771.5	932098164.1	6815708004.0
7722000000.0	1361025013.2	932112813.1	6816504553.1
7723000000.0	1361056248.2	932127458.7	6817301082.1
7724000000.0	1361087476.6	932142101.0	6818097591.1
7725000000.0	1361118698.4	932156740.0	6818894079.9
7726000000.0	1361149913.5	932171375.7	6819690548.7
7727000000.0	1361181121.9	932186008.0	6820486997.3
7728000000.0	1361212323.7	932200637.0	6821283425.9
7729000000.0	1361243518.9	932215262.7	6822079834.4
7730000000.0	1361274707.4	932229885.0	6822876222.9
7731000000.0	1361305889.2	932244504.0	6823672591.2
7732000000.0	1361337064.5	932259119.7	6824468939.4
7733000000.0	1361368233.1	932273732.1	6825265267.6
7734000000.0	1361399395.1	932288341.1	6826061575.7
7735000000.0	1361430550.4	932302946.9	6826857863.7
7736000000.0	1361461699.1	932317549.3	6827654131.6
7737000000.0	1361492841.2	932332148.4	6828450379.5
7738000000.0	1361523976.6	932346744.2	6829246607.2
7739000000.0	1361555105.5	932361336.7	6830042814.9
7740000000.0	1361586227.7	932375925.8	6830839002.5
7741000000.0	1361617343.3	932390511.7	6831635170.1
7742000000.0	1361648452.3	932405094.2	6832431317.5
7743000000.0	1361679554.6	932419673.4	6833227444.9
7744000000.0	1361710650.4	932434249.3	6834023552.2
7745000000.0	1361741739.5	932448821.9	6834819639.5
7746000000.0	1361772822.0	932463391.2	6835615706.6
7747000000.0	1361803898.0	932477957.2	6836411753.7
7748000000.0	1361834967.3	932492519.9	6837207780.7
7749000000.0	1361866030.0	932507079.3	6838003787.7
7750000000.0	1361897086.1	932521635.3	6838799774.6
7751000000.0	1361928135.7	932536188.1	6839595741.4
7752000000.0	1361959178.6	932550737.6	6840391688.1
7753000000.0	1361990214.9	932565283.8	6841187614.8
7754000000.0	1362021244.7	932579826.7	6841983521.4
7755000000.0	1362052267.8	932594366.2	6842779407.9
7756000000.0	1362083284.4	932608902.5	6843575274.4
7757000000.0	1362114294.4	932623435.5	6844371120.8
7758000000.0	1362145297.8	932637965.2	6845166947.2
7759000000.0	1362176294.6	932652491.6	6845962753.5
7760000000.0	1362207284.8	932667014.7	6846758539.7
7761000000.0	1362238268.5	932681534.6	6847554305.9
7762000000.0	1362269245.6	932696051.1	6848350052.0
7763000000.0	1362300216.1	932710564.4	6849145778.0
7764000000.0	1362331180.0	932725074.3	6849941484.0
7765000000.0	1362362137.4	932739581.0	6850737169.9
7766000000.0	1362393088.2	932754084.4	6851532835.8
7767000000.0	1362424032.5	932768584.5	6852328481.6
7768000000.0	1362454970.2	932783081.3	6853124107.4
7769000000.0	1362485901.3	932797574.9	6853919713.1
7770000000.0	1362516825.9	932812065.1	6854715298.7
7771000000.0	1362547743.9	932826552.1	6855510864.3
7772000000.0	1362578655.3	932841035.8	6856306409.9
7773000000.0	1362609560.2	932855516.2	6857101935.4
7774000000.0	1362640458.6	932869993.4	6857897440.8
7775000000.0	1362671350.4	932884467.3	6858692926.2
7776000000.0	1362702235.7	932898937.9	6859488391.6
7777000000.0	1362733114.4	932913405.2	6860283836.9
7778000000.0	1362763986.6	932927869.3	6861079262.1
7779000000.0	1362794852.2	932942330.1	6861874667.3
7780000000.0	1362825711.3	932956787.6	6862670052.5
7781000000.0	1362856563.9	932971241.9	6863465417.6
7782000000.0	1362887409.9	932985692.8	6864260762.6
7783000000.0	1362918249.5	933000140.6	6865056087.6
7784000000.0	1362949082.4	933014585.0	6865851392.6
7785000000.0	1362979908.9	933029026.2	6866646677.6
7786000000.0	1363010728.8	933043464.2	6867441942.4
7787000000.0	1363041542.2	933057898.8	6868237187.3
7788000000.0	1363072349.1	933072330.2	6869032412.1
7789000000.0	1363103149.5	933086758.4	6869827616.9
7790000000.0	1363133943.3	933101183.3	6870622801.6
7791000000.0	1363164730.7	933115604.9	6871417966.3
7792000000.0	1363195511.5	933130023.3	6872213111.0
7793000000.0	1363226285.8	933144438.4	6873008235.6
7794000000.0	1363257053.6	933158850.3	6873803340.2
7795000000.0	1363287814.9	933173258.9	6874598424.7
7796000000.0	1363318569.7	933187664.3	6875393489.2
7797000000.0	1363349318.0	933202066.4	6876188533.7
7798000000.0	1363380059.8	933216465.3	6876983558.2
7799000000.0	1363410795.1	933230860.9	6877778562.6
7800000000.0	1363441523.9	933245253.3	6878573547.0
7801000000.0	1363472246.2	933259642.4	6879368511.4
7802000000.0	1363502962.0	933274028.3	6880163455.7
7803000000.0	1363533671.4	933288410.9	6880958380.0
7804000000.0	1363564374.2	933302790.3	6881753284.3
7805000000.0	1363595070.6	933317166.5	6882548168.5
7806000000.0	1363625760.4	933331539.4	6883343032.7
7807000000.0	1363656443.8	933345909.1	6884137876.9
7808000000.0	1363687120.7	933360275.5	6884932701.1
7809000000.0	1363717791.2	933374638.7	6885727505.2
7810000000.0	1363748455.1	933388998.7	6886522289.4
7811000000.0	1363779112.6	933403355.4	6887317053.5
7812000000.0	1363809763.6	933417708.9	6888111797.5
7813000000.0	1363840408.2	933432059.2	6888906521.6
7814000000.0	1363871046.3	933446406.2	6889701225.6
7815000000.0	1363901677.9	933460750.0	6890495909.7
7816000000.0	1363932303.0	933475090.6	6891290573.7
7817000000.0	1363962921.7	933489427.9	6892085217.6
7818000000.0	1363993534.0	933503762.0	6892879841.6
7819000000.0	1364024139.7	933518092.9	6893674445.6
7820000000.0	1364054739.1	933532420.6	6894469029.5
7821000000.0	1364085331.9	933546745.0	6895263593.4
7822000000.0	1364115918.4	933561066.2	6896058137.3
7823000000.0	1364146498.3	933575384.2	6896852661.2
7824000000.0	1364177071.9	933589699.0	6897647165.1
7825000000.0	1364207638.9	933604010.6	6898441649.0
7826000000.0	1364238199.6	933618318.9	6899236112.8
7827000000.0	1364268753.8	933632624.0	6900030556.7
7828000000.0	1364299301.5	933646925.9	6900824980.5
7829000000.0	1364329842.9	933661224.6	6901619384.4
7830000000.0	1364360377.8	933675520.1	6902413768.2
7831000000.0	1364390906.2	933689812.3	6903208132.0
7832000000.0	1364421428.2	933704101.4	6904002475.8
7833000000.0	1364451943.8	933718387.2	6904796799.6
7834000000.0	1364482453.0	933732669.9	6905591103.4
7835000000.0	1364512955.8	933746949.3	6906385387.2
7836000000.0	1364543452.1	933761225.5	6907179651.0
7837000000.0	1364573942.0	933775498.5	6907973894.8
7838000000.0	1364604425.5	933789768.3	6908768118.6
7839000000.0	1364634902.6	933804034.9	6909562322.4
7840000000.0	1364665373.2	933818298.3	6910356506.2
7841000000.0	1364695837.5	933832558.5	6911150670.0
7842000000.0	1364726295.3	933846815.5	6911944813.7
7843000000.0	1364756746.7	933861069.2	6912738937.5
7844000000.0	1364787191.8	933875319.8	6913533041.3
7845000000.0	1364817630.4	933889567.2	6914327125.1
7846000000.0	1364848062.6	933903811.4	6915121188.9
7847000000.0	1364878488.4	933918052.4	6915915232.8
7848000000.0	1364908907.9	933932290.2	6916709256.6
7849000000.0	1364939320.9	933946524.8	6917503260.4
7850000000.0	1364969727.5	933960756.2	6918297244.2
7851000000.0	1365000127.8	933974984.5	6919091208.1
7852000000.0	1365030521.6	933989209.5	6919885151.9
7853000000.0	1365060909.1	934003431.3	6920679075.8
7854000000.0	1365091290.1	934017650.0	6921472979.7
7855000000.0	1365121664.8	934031865.5	6922266863.5
7856000000.0	1365152033.2	934046077.7	6923060727.4
7857000000.0	1365182395.1	934060286.8	6923854571.4
7858000000.0	1365212750.6	934074492.7	6924648395.3
7859000000.0	1365243099.8	934088695.5	6925442199.2
7860000000.0	1365273442.6	934102895.0	6926235983.2
7861000000.0	1365303779.1	934117091.4	6927029747.1
7862000000.0	1365334109.1	934131284.6	6927823491.1
7863000000.0	1365364432.8	934145474.6	6928617215.1
7864000000.0	1365394750.2	934159661.4	6929410919.1
7865000000.0	1365425061.1	934173845.1	6930204603.2
7866000000.0	1365455365.7	934188025.6	6930998267.3
7867000000.0	1365485664.0	934202202.9	6931791911.3
7868000000.0	1365515955.9	934216377.0	6932585535.4
7869000000.0	1365546241.4	934230547.9	6933379139.6
7870000000.0	1365576520.6	934244715.7	6934172723.7
7871000000.0	1365606793.4	934258880.4	6934966287.9
7872000000.0	1365637059.9	934273041.8	6935759832.1
7873000000.0	1365667320.0	934287200.1	6936553356.3
7874000000.0	1365697573.8	934301355.2	6937346860.6
7875000000.0	1365727821.3	934315507.1	6938140344.8
7876000000.0	1365758062.4	934329655.9	6938933809.1
7877000000.0	1365788297.1	934343801.5	6939727253.5
7878000000.0	1365818525.6	934357944.0	6940520677.8
7879000000.0	1365848747.7	934372083.3	6941314082.2
7880000000.0	1365878963.4	934386219.4	6942107466.7
7881000000.0	1365909172.8	934400352.4	6942900831.1
7882000000.0	1365939375.9	934414482.2	6943694175.6
7883000000.0	1365969572.7	934428608.9	6944487500.1
7884000000.0	1365999763.1	934442732.4	6945280804.7
7885000000.0	1366029947.3	934456852.7	6946074089.3
7886000000.0	1366060125.1	934470969.9	6946867353.9
7887000000.0	1366090296.5	934485083.9	6947660598.6
7888000000.0	1366120461.7	934499194.8	6948453823.3
7889000000.0	1366150620.5	934513302.6	6949247028.0
7890000000.0	1366180773.1	934527407.2	6950040212.8
7891000000.0	1366210919.3	934541508.6	6950833377.6
7892000000.0	1366241059.2	934555606.9	6951626522.5
7893000000.0	1366271192.8	934569702.0	6952419647.4
7894000000.0	1366301320.1	934583794.0	6953212752.3
7895000000.0	1366331441.1	934597882.9	6954005837.3
7896000000.0	1366361555.8	934611968.6	6954798902.3
7897000000.0	1366391664.2	934626051.1	6955591947.4
7898000000.0	1366421766.3	934640130.6	6956384972.5
7899000000.0	1366451862.1	934654206.8	6957177977.6
7900000000.0	1366481951.6	934668280.0	6957970962.8
7901000000.0	1366512034.8	934682350.0	6958763928.1
7902000000.0	1366542111.7	934696416.9	6959556873.4
7903000000.0	1366572182.3	934710480.6	6960349798.7
7904000000.0	1366602246.7	934724541.2	6961142704.1
7905000000.0	1366632304.7	934738598.6	6961935589.6
7906000000.0	1366662356.5	934752653.0	6962728455.1
7907000000.0	1366692402.0	934766704.2	6963521300.6
7908000000.0	1366722441.2	934780752.2	6964314126.2
7909000000.0	1366752474.2	934794797.2	6965106931.9
7910000000.0	1366782500.9	934808839.0	6965899717.6
7911000000.0	1366812521.3	934822877.6	6966692483.4
7912000000.0	1366842535.4	934836913.2	6967485229.2
7913000000.0	1366872543.2	934850945.6	6968277955.1
7914000000.0	1366902544.8	934864974.9	6969070661.0
7915000000.0	1366932540.2	934879001.1	6969863347.0
7916000000.0	1366962529.2	934893024.1	6970656013.0
7917000000.0	1366992512.0	934907044.1	6971448659.1
7918000000.0	1367022488.6	934921060.9	6972241285.3
7919000000.0	1367052458.9	934935074.6	6973033891.5
7920000000.0	1367082422.9	934949085.1	6973826477.8
7921000000.0	1367112380.7	934963092.6	6974619044.2
7922000000.0	1367142332.2	934977096.9	6975411590.6
7923000000.0	1367172277.5	934991098.1	6976204117.1
7924000000.0	1367202216.6	935005096.3	6976996623.6
7925000000.0	1367232149.4	935019091.2	6977789110.2
7926000000.0	1367262075.9	935033083.1	6978581576.9
7927000000.0	1367291996.2	935047071.9	6979374023.7
7928000000.0	1367321910.3	935061057.6	6980166450.5
7929000000.0	1367351818.1	935075040.1	6980958857.4
7930000000.0	1367381719.7	935089019.6	6981751244.3
7931000000.0	1367411615.1	935102995.9	6982543611.3
7932000000.0	1367441504.2	935116969.1	6983335958.4
7933000000.0	1367471387.1	935130939.2	6984128285.6
7934000000.0	1367501263.8	935144906.3	6984920592.8
7935000000.0	1367531134.3	935158870.2	6985712880.1
7936000000.0	1367560998.5	935172831.0	6986505147.5
7937000000.0	1367590856.5	935186788.7	6987297395.0
7938000000.0	1367620708.3	935200743.3	6988089622.5
7939000000.0	1367650553.9	935214694.8	6988881830.1
7940000000.0	1367680393.2	935228643.2	6989674017.8
7941000000.0	1367710226.4	935242588.6	6990466185.6
7942000000.0	1367740053.3	935256530.8	6991258333.4
7943000000.0	1367769874.0	935270469.9	6992050461.3
7944000000.0	1367799688.5	935284406.0	6992842569.3
7945000000.0	1367829496.9	935298338.9	6993634657.4
7946000000.0	1367859299.0	935312268.7	6994426725.6
7947000000.0	1367889094.9	935326195.5	6995218773.8
7948000000.0	1367918884.6	935340119.2	6996010802.2
7949000000.0	1367948668.1	935354039.8	6996802810.6
7950000000.0	1367978445.4	935367957.3	6997594799.1
7951000000.0	1368008216.5	935381871.7	6998386767.7
7952000000.0	1368037981.4	935395783.0	6999178716.3
7953000000.0	1368067740.1	935409691.2	6999970645.1
7954000000.0	1368097492.7	935423596.4	7000762553.9
7955000000.0	1368127239.0	935437498.4	7001554442.9
7956000000.0	1368156979.2	935451397.4	7002346311.9
7957000000.0	1368186713.2	935465293.3	7003138161.0
7958000000.0	1368216441.0	935479186.2	7003929990.2
7959000000.0	1368246162.6	935493075.9	7004721799.5
7960000000.0	1368275878.1	935506962.6	7005513588.9
7961000000.0	1368305587.4	935520846.2	7006305358.4
7962000000.0	1368335290.5	935534726.7	7007097108.0
7963000000.0	1368364987.4	935548604.2	7007888837.6
7964000000.0	1368394678.2	935562478.6	7008680547.4
7965000000.0	1368424362.8	935576349.9	7009472237.3
7966000000.0	1368454041.2	935590218.1	7010263907.2
7967000000.0	1368483713.5	935604083.3	7011055557.3
7968000000.0	1368513379.6	935617945.3	7011847187.4
7969000000.0	1368543039.5	935631804.4	7012638797.7
7970000000.0	1368572693.3	935645660.3	7013430388.0
7971000000.0	1368602340.9	935659513.2	7014221958.5
7972000000.0	1368631982.4	935673363.0	7015013509.1
7973000000.0	1368661617.7	935687209.8	7015805039.7
7974000000.0	1368691246.9	935701053.5	7016596550.5
7975000000.0	1368720870.0	935714894.1	7017388041.3
7976000000.0	1368750486.8	935728731.7	7018179512.3
7977000000.0	1368780097.6	935742566.2	7018970963.4
7978000000.0	1368809702.2	935756397.7	7019762394.6
7979000000.0	1368839300.6	935770226.1	7020553805.9
7980000000.0	1368868892.9	935784051.4	7021345197.3
7981000000.0	1368898479.1	935797873.7	7022136568.8
7982000000.0	1368928059.2	935811692.9	7022927920.4
7983000000.0	1368957633.1	935825509.1	7023719252.1
7984000000.0	1368987200.9	935839322.3	7024510563.9
7985000000.0	1369016762.5	935853132.3	7025301855.9
7986000000.0	1369046318.1	935866939.3	7026093127.9
7987000000.0	1369075867.5	935880743.3	7026884380.1
7988000000.0	1369105410.7	935894544.2	7027675612.4
7989000000.0	1369134947.9	935908342.1	7028466824.8
7990000000.0	1369164478.9	935922136.9	7029258017.3
7991000000.0	1369194003.8	935935928.7	7030049190.0
7992000000.0	1369223522.6	935949717.5	7030840342.7
7993000000.0	1369253035.3	935963503.2	7031631475.6
7994000000.0	1369282541.9	935977285.8	7032422588.6
7995000000.0	1369312042.4	935991065.4	7033213681.7
7996000000.0	1369341536.7	936004842.0	7034004754.9
7997000000.0	1369371025.0	936018615.5	7034795808.2
7998000000.0	1369400507.2	936032386.0	7035586841.7
7999000000.0	1369429983.2	936046153.4	7036377855.3
8000000000.0	1369459453.1	936059917.9	7037168849.0
8001000000.0	1369488917.0	936073679.2	7037959822.8
8002000000.0	1369518374.7	936087437.6	7038750776.8
8003000000.0	1369547826.4	936101192.9	7039541710.9
8004000000.0	1369577272.0	936114945.2	7040332625.1
8005000000.0	1369606711.4	936128694.4	7041123519.4
8006000000.0	1369636144.8	936142440.6	7041914393.9
8007000000.0	1369665572.1	936156183.8	7042705248.5
8008000000.0	1369694993.3	936169924.0	7043496083.2
8009000000.0	1369724408.5	936183661.1	7044286898.1
8010000000.0	1369753817.5	936197395.2	7045077693.1
8011000000.0	1369783220.5	936211126.3	7045868468.2
8012000000.0	1369812617.4	936224854.3	7046659223.4
8013000000.0	1369842008.2	936238579.4	7047449958.8
8014000000.0	1369871392.9	936252301.4	7048240674.3
8015000000.0	1369900771.6	936266020.3	7049031370.0
8016000000.0	1369930144.2	936279736.3	7049822045.8
8017000000.0	1369959510.7	936293449.3	7050612701.7
8018000000.0	1369988871.2	936307159.2	7051403337.7
8019000000.0	1370018225.6	936320866.1	7052193953.9
8020000000.0	1370047573.9	936334570.0	7052984550.3
8021000000.0	1370076916.2	936348270.8	7053775126.7
8022000000.0	1370106252.4	936361968.7	7054565683.4
8023000000.0	1370135582.5	936375663.5	7055356220.1
8024000000.0	1370164906.6	936389355.4	7056146737.0
8025000000.0	1370194224.7	936403044.2	7056937234.0
8026000000.0	1370223536.7	936416730.0	7057727711.2
8027000000.0	1370252842.6	936430412.8	7058518168.5
8028000000.0	1370282142.5	936444092.6	7059308606.0
8029000000.0	1370311436.4	936457769.4	7060099023.6
8030000000.0	1370340724.2	936471443.2	7060889421.4
8031000000.0	1370370006.0	936485113.9	7061679799.3
8032000000.0	1370399281.7	936498781.7	7062470157.3
8033000000.0	1370428551.4	936512446.5	7063260495.5
8034000000.0	1370457815.0	936526108.2	7064050813.9
8035000000.0	1370487072.6	936539767.0	7064841112.4
8036000000.0	1370516324.2	936553422.7	7065631391.1
8037000000.0	1370545569.8	936567075.5	7066421649.9
8038000000.0	1370574809.3	936580725.2	7067211888.8
8039000000.0	1370604042.8	936594372.0	7068002107.9
8040000000.0	1370633270.3	936608015.8	7068792307.2
8041000000.0	1370662491.7	936621656.5	7069582486.6
8042000000.0	1370691707.1	936635294.3	7070372646.2
8043000000.0	1370720916.6	936648929.1	7071162785.9
8044000000.0	1370750119.9	936662560.9	7071952905.8
8045000000.0	1370779317.3	936676189.7	7072743005.8
8046000000.0	1370808508.7	936689815.5	7073533086.0
8047000000.0	1370837694.0	936703438.3	7074323146.4
8048000000.0	1370866873.4	936717058.1	7075113186.9
8049000000.0	1370896046.7	936730674.9	7075903207.6
8050000000.0	1370925214.0	936744288.8	7076693208.4
8051000000.0	1370954375.3	936757899.6	7077483189.4
8052000000.0	1370983530.6	936771507.5	7078273150.6
8053000000.0	1371012679.9	936785112.4	7079063091.9
8054000000.0	1371041823.3	936798714.3	7079853013.4
8055000000.0	1371070960.6	936812313.2	7080642915.0
8056000000.0	1371100091.9	936825909.2	7081432796.9
8057000000.0	1371129217.2	936839502.1	7082222658.9
8058000000.0	1371158336.5	936853092.1	7083012501.0
8059000000.0	1371187449.9	936866679.1	7083802323.3
8060000000.0	1371216557.2	936880263.2	7084592125.8
8061000000.0	1371245658.6	936893844.2	7085381908.5
8062000000.0	1371274754.0	936907422.3	7086171671.3
8063000000.0	1371303843.4	936920997.4	7086961414.3
8064000000.0	1371332926.8	936934569.5	7087751137.5
8065000000.0	1371362004.3	936948138.7	7088540840.9
8066000000.0	1371391075.7	936961704.9	7089330524.4
8067000000.0	1371420141.2	936975268.1	7090120188.1
8068000000.0	1371449200.7	936988828.3	7090909831.9
8069000000.0	1371478254.3	937002385.6	7091699456.0
8070000000.0	1371507301.8	937015939.9	7092489060.2
8071000000.0	1371536343.4	937029491.3	7093278644.6
8072000000.0	1371565379.1	937043039.6	7094068209.2
8073000000.0	1371594408.8	937056585.1	7094857754.0
8074000000.0	1371623432.5	937070127.5	7095647278.9
8075000000.0	1371652450.2	937083667.0	7096436784.0
8076000000.0	1371681462.0	937097203.5	7097226269.3
8077000000.0	1371710467.9	937110737.1	7098015734.8
8078000000.0	1371739467.7	937124267.7	7098805180.5
8079000000.0	1371768461.7	937137795.3	7099594606.3
8080000000.0	1371797449.6	937151320.0	7100384012.3
8081000000.0	1371826431.7	937164841.8	7101173398.6
8082000000.0	1371855407.7	937178360.5	7101962765.0
8083000000.0	1371884377.9	937191876.4	7102752111.5
8084000000.0	1371913342.1	937205389.2	7103541438.3
8085000000.0	1371942300.3	937218899.1	7104330745.3
8086000000.0	1371971252.6	937232406.1	7105120032.4
8087000000.0	1372000199.0	937245910.1	7105909299.8
8088000000.0	1372029139.4	937259411.2	7106698547.3
8089000000.0	1372058073.9	937272909.3	7107487775.0
8090000000.0	1372087002.5	937286404.4	7108276982.9
8091000000.0	1372115925.1	937299896.7	7109066171.1
8092000000.0	1372144841.8	937313385.9	7109855339.4
8093000000.0	1372173752.6	937326872.3	7110644487.8
8094000000.0	1372202657.4	937340355.6	7111433616.5
8095000000.0	1372231556.4	937353836.1	7112222725.4
8096000000.0	1372260449.4	937367313.6	7113011814.5
8097000000.0	1372289336.4	937380788.1	7113800883.8
8098000000.0	1372318217.6	937394259.7	7114589933.3
8099000000.0	1372347092.9	937407728.4	7115378962.9
8100000000.0	1372375962.2	937421194.1	7116167972.8
8101000000.0	1372404825.6	937434656.9	7116956962.9
8102000000.0	1372433683.1	937448116.8	7117745933.2
8103000000.0	1372462534.7	937461573.7	7118534883.6
8104000000.0	1372491380.4	937475027.7	7119323814.3
8105000000.0	1372520220.2	937488478.8	7120112725.2
8106000000.0	1372549054.1	937501926.9	7120901616.3
8107000000.0	1372577882.0	937515372.1	7121690487.6
8108000000.0	1372606704.1	937528814.4	7122479339.1
8109000000.0	1372635520.3	937542253.7	7123268170.8
8110000000.0	1372664330.6	937555690.1	7124056982.7
8111000000.0	1372693135.0	937569123.6	7124845774.8
8112000000.0	1372721933.5	937582554.1	7125634547.1
8113000000.0	1372750726.1	937595981.8	7126423299.6
8114000000.0	1372779512.8	937609406.4	7127212032.4
8115000000.0	1372808293.6	937622828.2	7128000745.3
8116000000.0	1372837068.5	937636247.1	7128789438.5
8117000000.0	1372865837.6	937649663.0	7129578111.9
8118000000.0	1372894600.8	937663076.0	7130366765.5
8119000000.0	1372923358.1	937676486.1	7131155399.3
8120000000.0	1372952109.5	937689893.3	7131944013.3
8121000000.0	1372980855.0	937703297.5	7132732607.6
8122000000.0	1373009594.7	937716698.8	7133521182.0
8123000000.0	1373038328.5	937730097.3	7134309736.7
8124000000.0	1373067056.4	937743492.8	7135098271.6
8125000000.0	1373095778.4	937756885.3	7135886786.7
8126000000.0	1373124494.6	937770275.0	7136675282.0
8127000000.0	1373153204.9	937783661.8	7137463757.5
8128000000.0	1373181909.4	937797045.6	7138252213.3
8129000000.0	1373210607.9	937810426.6	7139040649.3
8130000000.0	1373239300.7	937823804.6	7139829065.5
8131000000.0	1373267987.5	937837179.7	7140617461.9
8132000000.0	1373296668.5	937850551.9	7141405838.6
8133000000.0	1373325343.7	937863921.2	7142194195.5
8134000000.0	1373354013.0	937877287.6	7142982532.6
8135000000.0	1373382676.4	937890651.1	7143770849.9
8136000000.0	1373411334.0	937904011.7	7144559147.5
8137000000.0	1373439985.8	937917369.4	7145347425.2
8138000000.0	1373468631.7	937930724.2	7146135683.3
8139000000.0	1373497271.8	937944076.0	7146923921.5
8140000000.0	1373525906.0	937957425.0	7147712140.0
8141000000.0	1373554534.3	937970771.1	7148500338.7
8142000000.0	1373583156.9	937984114.3	7149288517.6
8143000000.0	1373611773.6	937997454.6	7150076676.8
8144000000.0	1373640384.4	938010792.0	7150864816.2
8145000000.0	1373668989.5	938024126.5	7151652935.8
8146000000.0	1373697588.7	938037458.0	7152441035.7
8147000000.0	1373726182.0	938050786.8	7153229115.8
8148000000.0	1373754769.6	938064112.6	7154017176.1
8149000000.0	1373783351.3	938077435.5	7154805216.7
8150000000.0	1373811927.2	938090755.5	7155593237.5
8151000000.0	1373840497.2	938104072.7	7156381238.5
8152000000.0	1373869061.5	938117386.9	7157169219.8
8153000000.0	1373897619.9	938130698.3	7157957181.4
8154000000.0	1373926172.5	938144006.7	7158745123.1
8155000000.0	1373954719.3	938157312.3	7159533045.1
8156000000.0	1373983260.3	938170615.0	7160320947.4
8157000000.0	1374011795.4	938183914.9	7161108829.9
8158000000.0	1374040324.8	938197211.8	7161896692.6
8159000000.0	1374068848.3	938210505.8	7162684535.6
8160000000.0	1374097366.1	938223797.0	7163472358.8
8161000000.0	1374125878.0	938237085.3	7164260162.3
8162000000.0	1374154384.1	938250370.7	7165047946.0
8163000000.0	1374182884.4	938263653.2	7165835710.0
8164000000.0	1374211379.0	938276932.9	7166623454.2
8165000000.0	1374239867.7	938290209.7	7167411178.7
8166000000.0	1374268350.6	938303483.6	7168198883.4
8167000000.0	1374296827.7	938316754.6	7168986568.3
8168000000.0	1374325299.1	938330022.8	7169774233.6
8169000000.0	1374353764.6	938343288.0	7170561879.0
8170000000.0	1374382224.4	938356550.4	7171349504.7
8171000000.0	1374410678.4	938369810.0	7172137110.7
8172000000.0	1374439126.5	938383066.7	7172924696.9
8173000000.0	1374467568.9	938396320.4	7173712263.4
8174000000.0	1374496005.6	938409571.4	7174499810.2
8175000000.0	1374524436.4	938422819.4	7175287337.2
8176000000.0	1374552861.5	938436064.6	7176074844.4
8177000000.0	1374581280.7	938449307.0	7176862331.9
8178000000.0	1374609694.2	938462546.4	7177649799.7
8179000000.0	1374638102.0	938475783.0	7178437247.7
8180000000.0	1374666503.9	938489016.8	7179224676.0
8181000000.0	1374694900.1	938502247.6	7180012084.5
8182000000.0	1374723290.6	938515475.7	7180799473.3
8183000000.0	1374751675.2	938528700.8	7181586842.4
8184000000.0	1374780054.1	938541923.1	7182374191.8
8185000000.0	1374808427.2	938555142.5	7183161521.4
8186000000.0	1374836794.6	938568359.1	7183948831.2
8187000000.0	1374865156.2	938581572.8	7184736121.3
8188000000.0	1374893512.1	938594783.7	7185523391.7
8189000000.0	1374921862.2	938607991.7	7186310642.4
8190000000.0	1374950206.5	938621196.9	7187097873.3
8191000000.0	1374978545.1	938634399.2	7187885084.5
8192000000.0	1375006877.9	938647598.6	7188672276.0
8193000000.0	1375035205.0	938660795.2	7189459447.7
8194000000.0	1375063526.3	938673989.0	7190246599.7
8195000000.0	1375091841.9	938687179.9	7191033732.0
8196000000.0	1375120151.8	938700368.0	7191820844.6
8197000000.0	1375148455.9	938713553.2	7192607937.4
8198000000.0	1375176754.3	938726735.5	7193395010.5
8199000000.0	1375205046.9	938739915.1	7194182063.9
8200000000.0	1375233333.8	938753091.7	7194969097.5
8201000000.0	1375261614.9	938766265.6	7195756111.4
8202000000.0	1375289890.4	938779436.6	7196543105.6
8203000000.0	1375318160.1	938792604.7	7197330080.1
8204000000.0	1375346424.0	938805770.0	7198117034.9
8205000000.0	1375374682.2	938818932.5	7198903969.9
8206000000.0	1375402934.8	938832092.1	7199690885.2
8207000000.0	1375431181.5	938845248.9	7200477780.8
8208000000.0	1375459422.6	938858402.8	7201264656.7
8209000000.0	1375487657.9	938871554.0	7202051512.9
8210000000.0	1375515887.6	938884702.2	7202838349.3
8211000000.0	1375544111.5	938897847.7	7203625166.0
8212000000.0	1375572329.6	938910990.3	7204411963.0
8213000000.0	1375600542.1	938924130.1	7205198740.3
8214000000.0	1375628748.9	938937267.0	7205985497.9
8215000000.0	1375656949.9	938950401.2	7206772235.8
8216000000.0	1375685145.3	938963532.4	7207558953.9
8217000000.0	1375713334.9	938976660.9	7208345652.4
8218000000.0	1375741518.8	938989786.5	7209132331.1
8219000000.0	1375769697.0	939002909.3	7209918990.1
8220000000.0	1375797869.6	939016029.3	7210705629.4
8221000000.0	1375826036.4	939029146.5	7211492249.1
8222000000.0	1375854197.5	939042260.8	7212278848.9
8223000000.0	1375882352.9	939055372.3	7213065429.1
8224000000.0	1375910502.7	939068481.0	7213851989.6
8225000000.0	1375938646.7	939081586.9	7214638530.4
8226000000.0	1375966785.0	939094689.9	7215425051.5
8227000000.0	1375994917.7	939107790.1	7216211552.8
8228000000.0	1376023044.7	939120887.5	7216998034.5
8229000000.0	1376051165.9	939133982.1	7217784496.5
8230000000.0	1376079281.5	939147073.9	7218570938.7
8231000000.0	1376107391.5	939160162.8	7219357361.3
8232000000.0	1376135495.7	939173249.0	7220143764.1
8233000000.0	1376163594.2	939186332.3	7220930147.3
8234000000.0	1376191687.1	939199412.8	7221716510.8
8235000000.0	1376219774.3	939212490.5	7222502854.5
8236000000.0	1376247855.8	939225565.4	7223289178.6
8237000000.0	1376275931.7	939238637.5	7224075482.9
8238000000.0	1376304001.9	939251706.7	7224861767.6
8239000000.0	1376332066.4	939264773.2	7225648032.6
8240000000.0	1376360125.2	939277836.9	7226434277.9
8241000000.0	1376388178.4	939290897.7	7227220503.5
8242000000.0	1376416225.9	939303955.7	7228006709.3
8243000000.0	1376444267.7	939317011.0	7228792895.5
8244000000.0	1376472303.9	939330063.4	7229579062.1
8245000000.0	1376500334.5	939343113.0	7230365208.9
8246000000.0	1376528359.3	939356159.8	7231151336.0
8247000000.0	1376556378.5	939369203.9	7231937443.4
8248000000.0	1376584392.1	939382245.1	7232723531.2
8249000000.0	1376612400.0	939395283.5	7233509599.3
8250000000.0	1376640402.3	939408319.1	7234295647.6
8251000000.0	1376668398.9	939421352.0	7235081676.3
8252000000.0	1376696389.9	939434382.0	7235867685.3
8253000000.0	1376724375.2	939447409.2	7236653674.7
8254000000.0	1376752354.9	939460433.6	7237439644.3
8255000000.0	1376780328.9	939473455.3	7238225594.3
8256000000.0	1376808297.3	939486474.1	7239011524.5
8257000000.0	1376836260.0	939499490.2	7239797435.1
8258000000.0	1376864217.2	939512503.5	7240583326.0
8259000000.0	1376892168.6	939525513.9	7241369197.3
8260000000.0	1376920114.5	939538521.6	7242155048.8
8261000000.0	1376948054.7	939551526.5	7242940880.7
8262000000.0	1376975989.3	939564528.6	7243726692.9
8263000000.0	1377003918.2	939577527.9	7244512485.4
8264000000.0	1377031841.6	939590524.5	7245298258.2
8265000000.0	1377059759.3	939603518.2	7246084011.4
8266000000.0	1377087671.4	939616509.2	7246869744.9
8267000000.0	1377115577.8	939629497.3	7247655458.7
8268000000.0	1377143478.7	939642482.7	7248441152.8
8269000000.0	1377171373.9	939655465.4	7249226827.3
8270000000.0	1377199263.5	939668445.2	7250012482.1
8271000000.0	1377227147.5	939681422.2	7250798117.2
8272000000.0	1377255025.9	939694396.5	7251583732.7
8273000000.0	1377282898.7	939707368.0	7252369328.5
8274000000.0	1377310765.8	939720336.7	7253154904.6
8275000000.0	1377338627.4	939733302.7	7253940461.1
8276000000.0	1377366483.3	939746265.9	7254725997.8
8277000000.0	1377394333.7	939759226.2	7255511515.0
8278000000.0	1377422178.4	939772183.9	7256297012.4
8279000000.0	1377450017.5	939785138.7	7257082490.2
8280000000.0	1377477851.1	939798090.8	7257867948.3
8281000000.0	1377505679.0	939811040.1	7258653386.8
8282000000.0	1377533501.4	939823986.6	7259438805.6
8283000000.0	1377561318.1	939836930.4	7260224204.7
8284000000.0	1377589129.3	939849871.4	7261009584.2
8285000000.0	1377616934.8	939862809.6	7261794944.0
8286000000.0	1377644734.8	939875745.1	7262580284.1
8287000000.0	1377672529.2	939888677.8	7263365604.6
8288000000.0	1377700318.0	939901607.7	7264150905.5
8289000000.0	1377728101.2	939914534.9	7264936186.7
8290000000.0	1377755878.9	939927459.3	7265721448.2
8291000000.0	1377783650.9	939940380.9	7266506690.0
8292000000.0	1377811417.4	939953299.8	7267291912.3
8293000000.0	1377839178.3	939966215.9	7268077114.8
8294000000.0	1377866933.6	939979129.3	7268862297.7
8295000000.0	1377894683.4	939992039.9	7269647461.0
8296000000.0	1377922427.5	940004947.7	7270432604.6
8297000000.0	1377950166.1	940017852.8	7271217728.5
8298000000.0	1377977899.2	940030755.1	7272002832.8
8299000000.0	1378005626.6	940043654.7	7272787917.4
8300000000.0	1378033348.5	940056551.5	7273572982.4
8301000000.0	1378061064.9	940069445.6	7274358027.8
8302000000.0	1378088775.7	940082336.9	7275143053.5
8303000000.0	1378116480.9	940095225.5	7275928059.5
8304000000.0	1378144180.5	940108111.3	7276713045.9
8305000000.0	1378171874.6	940120994.4	7277498012.7
8306000000.0	1378199563.2	940133874.7	7278282959.8
8307000000.0	1378227246.2	940146752.2	7279067887.3
8308000000.0	1378254923.6	940159627.1	7279852795.1
8309000000.0	1378282595.5	940172499.1	7280637683.3
8310000000.0	1378310261.8	940185368.5	7281422551.9
8311000000.0	1378337922.6	940198235.0	7282207400.8
8312000000.0	1378365577.9	940211098.9	7282992230.0
8313000000.0	1378393227.6	940223960.0	7283777039.6
8314000000.0	1378420871.7	940236818.3	7284561829.6
8315000000.0	1378448510.3	940249674.0	7285346600.0
8316000000.0	1378476143.4	940262526.8	7286131350.7
8317000000.0	1378503770.9	940275377.0	7286916081.8
8318000000.0	1378531392.9	940288224.4	7287700793.2
8319000000.0	1378559009.4	940301069.0	7288485485.0
8320000000.0	1378586620.4	940313910.9	7289270157.2
8321000000.0	1378614225.8	940326750.1	7290054809.7
8322000000.0	1378641825.6	940339586.6	7290839442.6
8323000000.0	1378669420.0	940352420.3	7291624055.9
8324000000.0	1378697008.8	940365251.3	7292408649.5
8325000000.0	1378724592.1	940378079.5	7293193223.6
8326000000.0	1378752169.9	940390905.0	7293977777.9
8327000000.0	1378779742.1	940403727.8	7294762312.7
8328000000.0	1378807308.9	940416547.9	7295546827.8
8329000000.0	1378834870.1	940429365.2	7296331323.3
8330000000.0	1378862425.8	940442179.8	7297115799.2
8331000000.0	1378889976.0	940454991.7	7297900255.4
8332000000.0	1378917520.7	940467800.9	7298684692.0
8333000000.0	1378945059.8	940480607.3	7299469109.0
8334000000.0	1378972593.5	940493411.0	7300253506.4
8335000000.0	1379000121.7	940506212.0	7301037884.2
8336000000.0	1379027644.3	940519010.2	7301822242.3
8337000000.0	1379055161.4	940531805.7	7302606580.8
8338000000.0	1379082673.1	940544598.6	7303390899.7
8339000000.0	1379110179.2	940557388.7	7304175199.0
8340000000.0	1379137679.8	940570176.0	7304959478.6
8341000000.0	1379165175.0	940582960.7	7305743738.6
8342000000.0	1379192664.6	940595742.6	7306527979.0
8343000000.0	1379220148.8	940608521.8	7307312199.8
8344000000.0	1379247627.4	940621298.3	7308096401.0
8345000000.0	1379275100.6	940634072.1	7308880582.6
8346000000.0	1379302568.3	940646843.2	7309664744.5
8347000000.0	1379330030.5	940659611.6	7310448886.9
8348000000.0	1379357487.2	940672377.2	7311233009.6
8349000000.0	1379384938.4	940685140.1	7312017112.7
8350000000.0	1379412384.1	940697900.4	7312801196.2
8351000000.0	1379439824.4	940710657.9	7313585260.1
8352000000.0	1379467259.1	940723412.7	7314369304.3
8353000000.0	1379494688.4	940736164.8	7315153329.0
8354000000.0	1379522112.3	940748914.2	7315937334.1
8355000000.0	1379549530.6	940761660.9	7316721319.5
8356000000.0	1379576943.5	940774404.9	7317505285.4
8357000000.0	1379604350.9	940787146.1	7318289231.6
8358000000.0	1379631752.8	940799884.7	7319073158.2
8359000000.0	1379659149.3	940812620.6	7319857065.3
8360000000.0	1379686540.3	940825353.8	7320640952.7
8361000000.0	1379713925.8	940838084.2	7321424820.5
8362000000.0	1379741305.9	940850812.0	7322208668.7
8363000000.0	1379768680.5	940863537.1	7322992497.3
8364000000.0	1379796049.6	940876259.4	7323776306.4
8365000000.0	1379823413.3	940888979.1	7324560095.8
8366000000.0	1379850771.5	940901696.1	7325343865.6
8367000000.0	1379878124.3	940914410.4	7326127615.8
8368000000.0	1379905471.6	940927121.9	7326911346.4
8369000000.0	1379932813.5	940939830.8	7327695057.4
8370000000.0	1379960149.9	940952537.0	7328478748.9
8371000000.0	1379987480.9	940965240.5	7329262420.7
8372000000.0	1380014806.4	940977941.3	7330046072.9
8373000000.0	1380042126.5	940990639.5	7330829705.6
8374000000.0	1380069441.2	941003334.9	7331613318.6
8375000000.0	1380096750.3	941016027.6	7332396912.1
8376000000.0	1380124054.1	941028717.7	7333180485.9
8377000000.0	1380151352.4	941041405.1	7333964040.2
8378000000.0	1380178645.3	941054089.7	7334747574.9
8379000000.0	1380205932.7	941066771.7	7335531090.0
8380000000.0	1380233214.8	941079451.0	7336314585.5
8381000000.0	1380260491.3	941092127.7	7337098061.4
8382000000.0	1380287762.5	941104801.6	7337881517.7
8383000000.0	1380315028.2	941117472.9	7338664954.4
8384000000.0	1380342288.5	941130141.4	7339448371.6
8385000000.0	1380369543.4	941142807.3	7340231769.2
8386000000.0	1380396792.8	941155470.6	7341015147.1
8387000000.0	1380424036.8	941168131.1	7341798505.5
8388000000.0	1380451275.4	941180789.0	7342581844.3
8389000000.0	1380478508.6	941193444.1	7343365163.6
8390000000.0	1380505736.3	941206096.6	7344148463.2
8391000000.0	1380532958.7	941218746.5	7344931743.3
8392000000.0	1380560175.6	941231393.6	7345715003.8
8393000000.0	1380587387.1	941244038.1	7346498244.7
8394000000.0	1380614593.2	941256679.9	7347281466.0
8395000000.0	1380641793.9	941269319.1	7348064667.8
8396000000.0	1380668989.2	941281955.5	7348847850.0
8397000000.0	1380696179.1	941294589.3	7349631012.6
8398000000.0	1380723363.6	941307220.5	7350414155.6
8399000000.0	1380750542.7	941319848.9	7351197279.1
8400000000.0	1380777716.3	941332474.7	7351980382.9
8401000000.0	1380804884.6	941345097.8	7352763467.2
8402000000.0	1380832047.5	941357718.3	7353546532.0
8403000000.0	1380859205.0	941370336.1	7354329577.1
8404000000.0	1380886357.0	941382951.2	7355112602.7
8405000000.0	1380913503.7	941395563.7	7355895608.7
8406000000.0	1380940645.0	941408173.5	7356678595.2
8407000000.0	1380967780.9	941420780.6	7357461562.1
8408000000.0	1380994911.5	941433385.1	7358244509.4
8409000000.0	1381022036.6	941445986.9	7359027437.1
8410000000.0	1381049156.3	941458586.1	7359810345.3
8411000000.0	1381076270.7	941471182.6	7360593233.9
8412000000.0	1381103379.7	941483776.4	7361376103.0
8413000000.0	1381130483.3	941496367.6	7362158952.4
8414000000.0	1381157581.5	941508956.1	7362941782.4
8415000000.0	1381184674.3	941521542.0	7363724592.7
8416000000.0	1381211761.8	941534125.2	7364507383.5
8417000000.0	1381238843.9	941546705.8	7365290154.7
8418000000.0	1381265920.6	941559283.7	7366072906.4
8419000000.0	1381292992.0	941571859.0	7366855638.5
8420000000.0	1381320058.0	941584431.6	7367638351.1
8421000000.0	1381347118.6	941597001.5	7368421044.1
8422000000.0	1381374173.8	941609568.9	7369203717.5
8423000000.0	1381401223.7	941622133.5	7369986371.4
8424000000.0	1381428268.2	941634695.5	7370769005.7
8425000000.0	1381455307.4	941647254.9	7371551620.5
8426000000.0	1381482341.2	941659811.6	7372334215.7
8427000000.0	1381509369.6	941672365.7	7373116791.4
8428000000.0	1381536392.7	941684917.1	7373899347.5
8429000000.0	1381563410.4	941697465.9	7374681884.0
8430000000.0	1381590422.8	941710012.1	7375464401.1
8431000000.0	1381617429.8	941722555.6	7376246898.5
8432000000.0	1381644431.5	941735096.4	7377029376.4
8433000000.0	1381671427.8	941747634.7	7377811834.8
8434000000.0	1381698418.8	941760170.2	7378594273.6
8435000000.0	1381725404.4	941772703.2	7379376692.8
8436000000.0	1381752384.7	941785233.5	7380159092.5
8437000000.0	1381779359.6	941797761.2	7380941472.7
8438000000.0	1381806329.2	941810286.2	7381723833.3
8439000000.0	1381833293.5	941822808.6	7382506174.4
8440000000.0	1381860252.4	941835328.4	7383288495.9
8441000000.0	1381887206.0	941847845.5	7384070797.9
8442000000.0	1381914154.3	941860360.0	7384853080.4
8443000000.0	1381941097.2	941872871.9	7385635343.3
8444000000.0	1381968034.8	941885381.1	7386417586.6
8445000000.0	1381994967.0	941897887.7	7387199810.5
8446000000.0	1382021894.0	941910391.7	7387982014.7
8447000000.0	1382048815.6	941922893.0	7388764199.5
8448000000.0	1382075731.9	941935391.8	7389546364.7
8449000000.0	1382102642.8	941947887.9	7390328510.4
8450000000.0	1382129548.5	941960381.3	7391110636.5
8451000000.0	1382156448.8	941972872.2	7391892743.1
8452000000.0	1382183343.8	941985360.4	7392674830.1
8453000000.0	1382210233.5	941997846.0	7393456897.7
8454000000.0	1382237117.8	942010329.0	7394238945.7
8455000000.0	1382263996.9	942022809.3	7395020974.1
8456000000.0	1382290870.6	942035287.0	7395802983.0
8457000000.0	1382317739.0	942047762.2	7396584972.4
8458000000.0	1382344602.2	942060234.6	7397366942.3
8459000000.0	1382371460.0	942072704.5	7398148892.6
8460000000.0	1382398312.5	942085171.8	7398930823.5
8461000000.0	1382425159.7	942097636.4	7399712734.7
8462000000.0	1382452001.6	942110098.4	7400494626.5
8463000000.0	1382478838.2	942122557.8	7401276498.7
8464000000.0	1382505669.5	942135014.6	7402058351.4
8465000000.0	1382532495.5	942147468.8	7402840184.6
8466000000.0	1382559316.2	942159920.4	7403621998.2
8467000000.0	1382586131.6	942172369.3	7404403792.3
8468000000.0	1382612941.7	942184815.7	7405185566.9
8469000000.0	1382639746.5	942197259.4	7405967322.0
8470000000.0	1382666546.0	942209700.5	7406749057.6
8471000000.0	1382693340.3	942222139.0	7407530773.6
8472000000.0	1382720129.2	942234574.9	7408312470.1
8473000000.0	1382746912.9	942247008.2	7409094147.1
8474000000.0	1382773691.3	942259438.9	7409875804.6
8475000000.0	1382800464.4	942271867.0	7410657442.6
8476000000.0	1382827232.2	942284292.5	7411439061.0
8477000000.0	1382853994.8	942296715.4	7412220659.9
8478000000.0	1382880752.0	942309135.6	7413002239.3
8479000000.0	1382907504.0	942321553.3	7413783799.2
8480000000.0	1382934250.7	942333968.4	7414565339.6
8481000000.0	1382960992.2	942346380.8	7415346860.5
8482000000.0	1382987728.3	942358790.7	7416128361.8
8483000000.0	1383014459.2	942371198.0	7416909843.7
8484000000.0	1383041184.9	942383602.7	7417691306.0
8485000000.0	1383067905.2	942396004.7	7418472748.8
8486000000.0	1383094620.3	942408404.2	7419254172.1
8487000000.0	1383121330.2	942420801.1	7420035576.0
8488000000.0	1383148034.7	942433195.4	7420816960.2
8489000000.0	1383174734.0	942445587.1	7421598325.0
8490000000.0	1383201428.1	942457976.2	7422379670.3
8491000000.0	1383228116.9	942470362.7	7423160996.1
8492000000.0	1383254800.4	942482746.6	7423942302.4
8493000000.0	1383281478.7	942495127.9	7424723589.1
8494000000.0	1383308151.7	942507506.7	7425504856.4
8495000000.0	1383334819.5	942519882.8	7426286104.1
8496000000.0	1383361482.1	942532256.4	7427067332.4
8497000000.0	1383388139.3	942544627.4	7427848541.1
8498000000.0	1383414791.4	942556995.7	7428629730.4
8499000000.0	1383441438.2	942569361.5	7429410900.2
8500000000.0	1383468079.7	942581724.8	7430192050.4
8501000000.0	1383494716.0	942594085.4	7430973181.2
8502000000.0	1383521347.1	942606443.4	7431754292.4
8503000000.0	1383547972.9	942618798.9	7432535384.2
8504000000.0	1383574593.5	942631151.8	7433316456.4
8505000000.0	1383601208.8	942643502.1	7434097509.2
8506000000.0	1383627819.0	942655849.8	7434878542.5
8507000000.0	1383654423.8	942668195.0	7435659556.3
8508000000.0	1383681023.5	942680537.5	7436440550.6
8509000000.0	1383707617.9	942692877.5	7437221525.4
8510000000.0	1383734207.1	942705214.9	7438002480.7
8511000000.0	1383760791.1	942717549.7	7438783416.5
8512000000.0	1383787369.8	942729882.0	7439564332.8
8513000000.0	1383813943.3	942742211.7	7440345229.6
8514000000.0	1383840511.6	942754538.8	7441126107.0
8515000000.0	1383867074.7	942766863.3	7441906964.8
8516000000.0	1383893632.6	942779185.3	7442687803.2
8517000000.0	1383920185.2	942791504.7	7443468622.1
8518000000.0	1383946732.6	942803821.5	7444249421.5
8519000000.0	1383973274.9	942816135.8	7445030201.4
8520000000.0	1383999811.9	942828447.4	7445810961.8
8521000000.0	1384026343.6	942840756.6	7446591702.7
8522000000.0	1384052870.2	942853063.1	7447372424.2
8523000000.0	1384079391.6	942865367.1	7448153126.2
8524000000.0	1384105907.8	942877668.5	7448933808.7
8525000000.0	1384132418.7	942889967.4	7449714471.7
8526000000.0	1384158924.5	942902263.6	7450495115.2
8527000000.0	1384185425.0	942914557.4	7451275739.3
8528000000.0	1384211920.4	942926848.5	7452056343.8
8529000000.0	1384238410.5	942939137.1	7452836928.9
8530000000.0	1384264895.5	942951423.2	7453617494.6
8531000000.0	1384291375.2	942963706.6	7454398040.7
8532000000.0	1384317849.8	942975987.6	7455178567.4
8533000000.0	1384344319.2	942988265.9	7455959074.6
8534000000.0	1384370783.3	943000541.7	7456739562.3
8535000000.0	1384397242.3	943012815.0	7457520030.6
8536000000.0	1384423696.1	943025085.7	7458300479.3
8537000000.0	1384450144.8	943037353.8	7459080908.6
8538000000.0	1384476588.2	943049619.4	7459861318.5
8539000000.0	1384503026.4	943061882.4	7460641708.8
8540000000.0	1384529459.5	943074142.9	7461422079.7
8541000000.0	1384555887.4	943086400.8	7462202431.2
8542000000.0	1384582310.1	943098656.2	7462982763.1
8543000000.0	1384608727.6	943110909.0	7463763075.6
8544000000.0	1384635140.0	943123159.3	7464543368.6
8545000000.0	1384661547.1	943135407.0	7465323642.2
8546000000.0	1384687949.1	943147652.2	7466103896.3
8547000000.0	1384714346.0	943159894.8	7466884130.9
8548000000.0	1384740737.6	943172134.9	7467664346.1
8549000000.0	1384767124.1	943184372.4	7468444541.8
8550000000.0	1384793505.4	943196607.4	7469224718.0
8551000000.0	1384819881.6	943208839.8	7470004874.8
8552000000.0	1384846252.6	943221069.7	7470785012.1
8553000000.0	1384872618.4	943233297.1	7471565130.0
8554000000.0	1384898979.1	943245521.9	7472345228.4
8555000000.0	1384925334.6	943257744.2	7473125307.3
8556000000.0	1384951685.0	943269963.9	7473905366.8
8557000000.0	1384978030.2	943282181.1	7474685406.8
8558000000.0	1385004370.2	943294395.8	7475465427.4
8559000000.0	1385030705.1	943306607.9	7476245428.5
8560000000.0	1385057034.9	943318817.5	7477025410.2
8561000000.0	1385083359.4	943331024.5	7477805372.4
8562000000.0	1385109678.9	943343229.0	7478585315.1
8563000000.0	1385135993.2	943355431.0	7479365238.4
8564000000.0	1385162302.3	943367630.4	7480145142.3
8565000000.0	1385188606.3	943379827.3	7480925026.7
8566000000.0	1385214905.2	943392021.7	7481704891.6
8567000000.0	1385241198.9	943404213.6	7482484737.1
8568000000.0	1385267487.5	943416402.9	7483264563.2
8569000000.0	1385293770.9	943428589.7	7484044369.8
8570000000.0	1385320049.2	943440773.9	7484824156.9
8571000000.0	1385346322.4	943452955.7	7485603924.7
8572000000.0	1385372590.4	943465134.9	7486383672.9
8573000000.0	1385398853.3	943477311.5	7487163401.7
8574000000.0	1385425111.1	943489485.7	7487943111.1
8575000000.0	1385451363.7	943501657.3	7488722801.0
8576000000.0	1385477611.3	943513826.4	7489502471.5
8577000000.0	1385503853.7	943525993.0	7490282122.6
8578000000.0	1385530090.9	943538157.0	7491061754.2
8579000000.0	1385556323.1	943550318.5	7491841366.4
8580000000.0	1385582550.1	943562477.6	7492620959.1
8581000000.0	1385608772.0	943574634.0	7493400532.4
8582000000.0	1385634988.8	943586788.0	7494180086.2
8583000000.0	1385661200.4	943598939.5	7494959620.6
8584000000.0	1385687407.0	943611088.4	7495739135.6
8585000000.0	1385713608.4	943623234.8	7496518631.1
8586000000.0	1385739804.7	943635378.7	7497298107.2
8587000000.0	1385765995.9	943647520.1	7498077563.9
8588000000.0	1385792182.0	943659658.9	7498857001.1
8589000000.0	1385818363.0	943671795.3	7499636418.9
8590000000.0	1385844538.9	943683929.1	7500415817.3
8591000000.0	1385870709.7	943696060.5	7501195196.2
8592000000.0	1385896875.4	943708189.3	7501974555.8
8593000000.0	1385923035.9	943720315.6	7502753895.8
8594000000.0	1385949191.4	943732439.4	7503533216.5
8595000000.0	1385975341.8	943744560.6	7504312517.7
8596000000.0	1386001487.1	943756679.4	7505091799.5
8597000000.0	1386027627.2	943768795.7	7505871061.9
8598000000.0	1386053762.3	943780909.4	7506650304.8
8599000000.0	1386079892.3	943793020.7	7507429528.3
8600000000.0	1386106017.2	943805129.4	7508208732.4
8601000000.0	1386132137.0	943817235.7	7508987917.0
8602000000.0	1386158251.7	943829339.4	7509767082.3
8603000000.0	1386184361.4	943841440.6	7510546228.1
8604000000.0	1386210465.9	943853539.4	7511325354.5
8605000000.0	1386236565.4	943865635.6	7512104461.5
8606000000.0	1386262659.8	943877729.3	7512883549.0
8607000000.0	1386288749.0	943889820.6	7513662617.2
8608000000.0	1386314833.3	943901909.3	7514441665.9
8609000000.0	1386340912.4	943913995.5	7515220695.2
8610000000.0	1386366986.5	943926079.3	7515999705.0
8611000000.0	1386393055.5	943938160.5	7516778695.5
8612000000.0	1386419119.4	943950239.2	7517557666.6
8613000000.0	1386445178.2	943962315.5	7518336618.2
8614000000.0	1386471232.0	943974389.2	7519115550.4
8615000000.0	1386497280.7	943986460.5	7519894463.2
8616000000.0	1386523324.3	943998529.2	7520673356.6
8617000000.0	1386549362.9	944010595.5	7521452230.6
8618000000.0	1386575396.4	944022659.3	7522231085.1
8619000000.0	1386601424.8	944034720.6	7523009920.3
8620000000.0	1386627448.2	944046779.4	7523788736.0
8621000000.0	1386653466.5	944058835.7	7524567532.4
8622000000.0	1386679479.8	944070889.5	7525346309.3
8623000000.0	1386705487.9	944082940.8	7526125066.8
8624000000.0	1386731491.1	944094989.7	7526903804.9
8625000000.0	1386757489.2	944107036.0	7527682523.6
8626000000.0	1386783482.2	944119079.9	7528461222.9
8627000000.0	1386809470.2	944131121.3	7529239902.8
8628000000.0	1386835453.1	944143160.2	7530018563.3
8629000000.0	1386861431.0	944155196.6	7530797204.4
8630000000.0	1386887403.8	944167230.5	7531575826.1
8631000000.0	1386913371.6	944179262.0	7532354428.4
8632000000.0	1386939334.4	944191291.0	7533133011.2
8633000000.0	1386965292.1	944203317.4	7533911574.7
8634000000.0	1386991244.7	944215341.5	7534690118.8
8635000000.0	1387017192.3	944227363.0	7535468643.5
8636000000.0	1387043134.9	944239382.1	7536247148.8
8637000000.0	1387069072.5	944251398.6	7537025634.7
8638000000.0	1387095005.0	944263412.7	7537804101.1
8639000000.0	1387120932.4	944275424.4	7538582548.2
8640000000.0	1387146854.9	944287433.5	7539360975.9
8641000000.0	1387172772.3	944299440.2	7540139384.2
8642000000.0	1387198684.7	944311444.4	7540917773.2
8643000000.0	1387224592.0	944323446.1	7541696142.7
8644000000.0	1387250494.3	944335445.4	7542474492.8
8645000000.0	1387276391.6	944347442.2	7543252823.5
8646000000.0	1387302283.9	944359436.5	7544031134.9
8647000000.0	1387328171.2	944371428.4	7544809426.8
8648000000.0	1387354053.4	944383417.7	7545587699.4
8649000000.0	1387379930.6	944395404.7	7546365952.6
8650000000.0	1387405802.8	944407389.1	7547144186.3
8651000000.0	1387431670.0	944419371.1	7547922400.7
8652000000.0	1387457532.1	944431350.6	7548700595.8
8653000000.0	1387483389.3	944443327.7	7549478771.4
8654000000.0	1387509241.4	944455302.2	7550256927.6
8655000000.0	1387535088.5	944467274.4	7551035064.5
8656000000.0	1387560930.7	944479244.0	7551813182.0
8657000000.0	1387586767.8	944491211.2	7552591280.1
8658000000.0	1387612599.9	944503176.0	7553369358.8
8659000000.0	1387638427.0	944515138.2	7554147418.1
8660000000.0	1387664249.0	944527098.1	7554925458.0
8661000000.0	1387690066.1	944539055.4	7555703478.6
8662000000.0	1387715878.2	944551010.3	7556481479.8
8663000000.0	1387741685.3	944562962.8	7557259461.6
8664000000.0	1387767487.4	944574912.7	7558037424.1
8665000000.0	1387793284.5	944586860.3	7558815367.1
8666000000.0	1387819076.6	944598805.4	7559593290.8
8667000000.0	1387844863.7	944610748.0	7560371195.1
8668000000.0	1387870645.8	944622688.1	7561149080.0
8669000000.0	1387896423.0	944634625.9	7561926945.6
8670000000.0	1387922195.1	944646561.1	7562704791.8
8671000000.0	1387947962.2	944658493.9	7563482618.6
8672000000.0	1387973724.4	944670424.3	7564260426.0
8673000000.0	1387999481.6	944682352.2	7565038214.1
8674000000.0	1388025233.8	944694277.7	7565815982.8
8675000000.0	1388050981.0	944706200.7	7566593732.1
8676000000.0	1388076723.2	944718121.3	7567371462.1
8677000000.0	1388102460.5	944730039.4	7568149172.7
8678000000.0	1388128192.7	944741955.1	7568926863.9
8679000000.0	1388153920.0	944753868.3	7569704535.8
8680000000.0	1388179642.4	944765779.1	7570482188.3
8681000000.0	1388205359.7	944777687.4	7571259821.4
8682000000.0	1388231072.1	944789593.3	7572037435.2
8683000000.0	1388256779.5	944801496.8	7572815029.6
8684000000.0	1388282482.0	944813397.8	7573592604.6
8685000000.0	1388308179.4	944825296.4	7574370160.3
8686000000.0	1388333871.9	944837192.5	7575147696.6
8687000000.0	1388359559.5	944849086.2	7575925213.5
8688000000.0	1388385242.1	944860977.4	7576702711.1
8689000000.0	1388410919.7	944872866.3	7577480189.4
8690000000.0	1388436592.3	944884752.6	7578257648.3
8691000000.0	1388462260.0	944896636.6	7579035087.8
8692000000.0	1388487922.8	944908518.1	7579812507.9
8693000000.0	1388513580.6	944920397.2	7580589908.7
8694000000.0	1388539233.4	944932273.8	7581367290.2
8695000000.0	1388564881.3	944944148.0	7582144652.3
8696000000.0	1388590524.2	944956019.8	7582921995.0
8697000000.0	1388616162.2	944967889.1	7583699318.4
8698000000.0	1388641795.2	944979756.0	7584476622.5
8699000000.0	1388667423.3	944991620.5	7585253907.2
8700000000.0	1388693046.4	945003482.6	7586031172.5
8701000000.0	1388718664.6	945015342.2	7586808418.5
8702000000.0	1388744277.9	945027199.4	7587585645.1
8703000000.0	1388769886.2	945039054.2	7588362852.4
8704000000.0	1388795489.5	945050906.5	7589140040.3
8705000000.0	1388821088.0	945062756.4	7589917208.9
8706000000.0	1388846681.5	945074603.9	7590694358.2
8707000000.0	1388872270.0	945086449.0	7591471488.1
8708000000.0	1388897853.6	945098291.6	7592248598.6
8709000000.0	1388923432.3	945110131.9	7593025689.9
8710000000.0	1388949006.1	945121969.7	7593802761.7
8711000000.0	1388974574.9	945133805.0	7594579814.2
8712000000.0	1389000138.8	945145638.0	7595356847.4
8713000000.0	1389025697.8	945157468.5	7596133861.3
8714000000.0	1389051251.8	945169296.7	7596910855.8
8715000000.0	1389076800.9	945181122.4	7597687830.9
8716000000.0	1389102345.1	945192945.6	7598464786.8
8717000000.0	1389127884.4	945204766.5	7599241723.2
8718000000.0	1389153418.8	945216585.0	7600018640.4
8719000000.0	1389178948.2	945228401.0	7600795538.2
8720000000.0	1389204472.7	945240214.6	7601572416.7
8721000000.0	1389229992.3	945252025.8	7602349275.8
8722000000.0	1389255507.0	945263834.6	7603126115.6
8723000000.0	1389281016.8	945275641.0	7603902936.1
8724000000.0	1389306521.6	945287445.0	7604679737.2
8725000000.0	1389332021.6	945299246.5	7605456519.0
8726000000.0	1389357516.6	945311045.7	7606233281.5
8727000000.0	1389383006.8	945322842.4	7607010024.6
8728000000.0	1389408492.0	945334636.7	7607786748.4
8729000000.0	1389433972.3	945346428.7	7608563452.9
8730000000.0	1389459447.8	945358218.2	7609340138.1
8731000000.0	1389484918.3	945370005.3	7610116803.9
8732000000.0	1389510383.9	945381790.0	7610893450.4
8733000000.0	1389535844.6	945393572.3	7611670077.6
8734000000.0	1389561300.4	945405352.2	7612446685.4
8735000000.0	1389586751.4	945417129.7	7613223273.9
8736000000.0	1389612197.4	945428904.7	7613999843.1
8737000000.0	1389637638.6	945440677.4	7614776393.0
8738000000.0	1389663074.8	945452447.7	7615552923.5
8739000000.0	1389688506.2	945464215.6	7616329434.8
8740000000.0	1389713932.6	945475981.1	7617105926.7
8741000000.0	1389739354.2	945487744.2	7617882399.2
8742000000.0	1389764770.9	945499504.8	7618658852.5
8743000000.0	1389790182.7	945511263.1	7619435286.5
8744000000.0	1389815589.7	945523019.0	7620211701.1
8745000000.0	1389840991.7	945534772.5	7620988096.4
8746000000.0	1389866388.9	945546523.6	7621764472.4
8747000000.0	1389891781.2	945558272.3	7622540829.1
8748000000.0	1389917168.6	945570018.6	7623317166.4
8749000000.0	1389942551.1	945581762.6	7624093484.5
8750000000.0	1389967928.7	945593504.1	7624869783.2
8751000000.0	1389993301.5	945605243.2	7625646062.6
8752000000.0	1390018669.4	945616979.9	7626422322.7
8753000000.0	1390044032.5	945628714.3	7627198563.5
8754000000.0	1390069390.7	945640446.3	7627974785.0
8755000000.0	1390094744.0	945652175.8	7628750987.2
8756000000.0	1390120092.4	945663903.0	7629527170.0
8757000000.0	1390145436.0	945675627.8	7630303333.6
8758000000.0	1390170774.7	945687350.2	7631079477.8
8759000000.0	1390196108.5	945699070.3	7631855602.7
8760000000.0	1390221437.5	945710787.9	7632631708.4
8761000000.0	1390246761.6	945722503.1	7633407794.7
8762000000.0	1390272080.9	945734216.0	7634183861.7
8763000000.0	1390297395.3	945745926.5	7634959909.4
8764000000.0	1390322704.9	945757634.6	7635735937.8
8765000000.0	1390348009.6	945769340.3	7636511947.0
8766000000.0	1390373309.4	945781043.7	7637287936.8
8767000000.0	1390398604.4	945792744.6	7638063907.3
8768000000.0	1390423894.6	945804443.2	7638839858.5
8769000000.0	1390449179.9	945816139.4	7639615790.4
8770000000.0	1390474460.3	945827833.3	7640391703.0
8771000000.0	1390499735.9	945839524.7	7641167596.3
8772000000.0	1390525006.7	945851213.8	7641943470.3
8773000000.0	1390550272.6	945862900.5	7642719325.0
8774000000.0	1390575533.7	945874584.8	7643495160.4
8775000000.0	1390600789.9	945886266.7	7644270976.5
8776000000.0	1390626041.3	945897946.3	7645046773.3
8777000000.0	1390651287.9	945909623.5	7645822550.9
8778000000.0	1390676529.6	945921298.3	7646598309.1
8779000000.0	1390701766.5	945932970.8	7647374048.1
8780000000.0	1390726998.6	945944640.9	7648149767.7
8781000000.0	1390752225.8	945956308.6	7648925468.1
8782000000.0	1390777448.2	945967974.0	7649701149.1
8783000000.0	1390802665.8	945979636.9	7650476810.9
8784000000.0	1390827878.5	945991297.5	7651252453.4
8785000000.0	1390853086.4	946002955.8	7652028076.6
8786000000.0	1390878289.5	946014611.7	7652803680.5
8787000000.0	1390903487.8	946026265.2	7653579265.1
8788000000.0	1390928681.2	946037916.3	7654354830.5
8789000000.0	1390953869.9	946049565.1	7655130376.5
8790000000.0	1390979053.7	946061211.5	7655905903.3
8791000000.0	1391004232.7	946072855.6	7656681410.8
8792000000.0	1391029406.8	946084497.3	7657456899.0
8793000000.0	1391054576.2	946096136.6	7658232367.9
8794000000.0	1391079740.7	946107773.6	7659007817.6
8795000000.0	1391104900.5	946119408.2	7659783247.9
8796000000.0	1391130055.4	946131040.5	7660558659.0
8797000000.0	1391155205.5	946142670.3	7661334050.8
8798000000.0	1391180350.8	946154297.9	7662109423.3
8799000000.0	1391205491.3	946165923.1	7662884776.6
8800000000.0	1391230627.0	946177545.9	7663660110.5
8801000000.0	1391255757.9	946189166.4	7664435425.2
8802000000.0	1391280883.9	946200784.5	7665210720.6
8803000000.0	1391306005.2	946212400.2	7665985996.8
8804000000.0	1391331121.7	946224013.6	7666761253.6
8805000000.0	1391356233.4	946235624.7	7667536491.2
8806000000.0	1391381340.3	946247233.4	7668311709.5
8807000000.0	1391406442.4	946258839.7	7669086908.6
8808000000.0	1391431539.7	946270443.7	7669862088.3
8809000000.0	1391456632.2	946282045.4	7670637248.8
8810000000.0	1391481719.9	946293644.7	7671412390.1
8811000000.0	1391506802.8	946305241.6	7672187512.0
8812000000.0	1391531880.9	946316836.2	7672962614.7
8813000000.0	1391556954.3	946328428.5	7673737698.2
8814000000.0	1391582022.8	946340018.4	7674512762.3
8815000000.0	1391607086.6	946351606.0	7675287807.2
8816000000.0	1391632145.6	946363191.2	7676062832.8
8817000000.0	1391657199.8	946374774.1	7676837839.2
8818000000.0	1391682249.2	946386354.6	7677612826.3
8819000000.0	1391707293.9	946397932.8	7678387794.1
8820000000.0	1391732333.8	946409508.6	7679162742.7
8821000000.0	1391757368.9	946421082.1	7679937672.0
8822000000.0	1391782399.2	946432653.3	7680712582.1
8823000000.0	1391807424.7	946444222.1	7681487472.9
8824000000.0	1391832445.5	946455788.6	7682262344.4
8825000000.0	1391857461.5	946467352.8	7683037196.7
8826000000.0	1391882472.7	946478914.6	7683812029.7
8827000000.0	1391907479.2	946490474.0	7684586843.4
8828000000.0	1391932480.9	946502031.2	7685361637.9
8829000000.0	1391957477.8	946513586.0	7686136413.2
8830000000.0	1391982470.0	946525138.4	7686911169.1
8831000000.0	1392007457.4	946536688.6	7687685905.9
8832000000.0	1392032440.0	946548236.4	7688460623.4
8833000000.0	1392057417.9	946559781.8	7689235321.6
8834000000.0	1392082391.0	946571325.0	7690010000.6
8835000000.0	1392107359.4	946582865.8	7690784660.3
8836000000.0	1392132323.0	946594404.2	7691559300.7
8837000000.0	1392157281.9	946605940.4	7692333922.0
8838000000.0	1392182236.0	946617474.2	7693108523.9
8839000000.0	1392207185.3	946629005.7	7693883106.7
8840000000.0	1392232129.9	946640534.8	7694657670.1
8841000000.0	1392257069.8	946652061.6	7695432214.4
8842000000.0	1392282004.9	946663586.1	7696206739.3
8843000000.0	1392306935.2	946675108.3	7696981245.1
8844000000.0	1392331860.8	946686628.2	7697755731.6
8845000000.0	1392356781.7	946698145.7	7698530198.8
8846000000.0	1392381697.8	946709660.9	7699304646.8
8847000000.0	1392406609.2	946721173.8	7700079075.6
8848000000.0	1392431515.9	946732684.3	7700853485.1
8849000000.0	1392456417.8	946744192.6	7701627875.4
8850000000.0	1392481314.9	946755698.5	7702402246.4
8851000000.0	1392506207.4	946767202.1	7703176598.2
8852000000.0	1392531095.1	946778703.3	7703950930.7
8853000000.0	1392555978.0	946790202.3	7704725244.1
8854000000.0	1392580856.3	946801698.9	7705499538.1
8855000000.0	1392605729.8	946813193.2	7706273813.0
8856000000.0	1392630598.5	946824685.2	7707048068.6
8857000000.0	1392655462.6	946836174.9	7707822304.9
8858000000.0	1392680321.9	946847662.3	7708596522.1
8859000000.0	1392705176.5	946859147.4	7709370720.0
8860000000.0	1392730026.4	946870630.1	7710144898.7
8861000000.0	1392754871.5	946882110.5	7710919058.1
8862000000.0	1392779711.9	946893588.7	7711693198.3
8863000000.0	1392804547.6	946905064.5	7712467319.3
8864000000.0	1392829378.6	946916538.0	7713241421.0
8865000000.0	1392854204.9	946928009.1	7714015503.5
8866000000.0	1392879026.5	946939478.0	7714789566.8
8867000000.0	1392903843.3	946950944.6	7715563610.9
8868000000.0	1392928655.4	946962408.8	7716337635.7
8869000000.0	1392953462.9	946973870.8	7717111641.3
8870000000.0	1392978265.6	946985330.4	7717885627.7
8871000000.0	1393003063.6	946996787.8	7718659594.8
8872000000.0	1393027856.8	947008242.8	7719433542.7
8873000000.0	1393052645.4	947019695.5	7720207471.4
8874000000.0	1393077429.3	947031145.9	7720981380.9
8875000000.0	1393102208.5	947042594.1	7721755271.2
8876000000.0	1393126983.0	947054039.9	7722529142.2
8877000000.0	1393151752.7	947065483.4	7723302994.0
8878000000.0	1393176517.8	947076924.6	7724076826.6
8879000000.0	1393201278.2	947088363.5	7724850640.0
8880000000.0	1393226033.9	947099800.1	7725624434.1
8881000000.0	1393250784.9	947111234.4	7726398209.1
8882000000.0	1393275531.1	947122666.5	7727171964.8
8883000000.0	1393300272.7	947134096.2	7727945701.3
8884000000.0	1393325009.6	947145523.6	7728719418.6
8885000000.0	1393349741.9	947156948.7	7729493116.6
8886000000.0	1393374469.4	947168371.5	7730266795.5
8887000000.0	1393399192.2	947179792.1	7731040455.1
8888000000.0	1393423910.4	947191210.3	7731814095.6
8889000000.0	1393448623.8	947202626.3	7732587716.8
8890000000.0	1393473332.6	947214039.9	7733361318.8
8891000000.0	1393498036.7	947225451.3	7734134901.6
8892000000.0	1393522736.2	947236860.3	7734908465.2
8893000000.0	1393547430.9	947248267.1	7735682009.6
8894000000.0	1393572121.0	947259671.6	7736455534.7
8895000000.0	1393596806.3	947271073.8	7737229040.7
8896000000.0	1393621487.1	947282473.7	7738002527.5
8897000000.0	1393646163.1	947293871.3	7738775995.0
8898000000.0	1393670834.5	947305266.6	7739549443.3
8899000000.0	1393695501.2	947316659.7	7740322872.5
8900000000.0	1393720163.2	947328050.4	7741096282.4
8901000000.0	1393744820.5	947339438.9	7741869673.1
8902000000.0	1393769473.2	947350825.1	7742643044.7
8903000000.0	1393794121.2	947362209.0	7743416397.0
8904000000.0	1393818764.6	947373590.6	7744189730.1
8905000000.0	1393843403.3	947384970.0	7744963044.0
8906000000.0	1393868037.3	947396347.0	7745736338.8
8907000000.0	1393892666.7	947407721.8	7746509614.3
8908000000.0	1393917291.4	947419094.3	7747282870.6
8909000000.0	1393941911.4	947430464.5	7748056107.8
8910000000.0	1393966526.8	947441832.4	7748829325.7
8911000000.0	1393991137.6	947453198.1	7749602524.4
8912000000.0	1394015743.7	947464561.5	7750375704.0
8913000000.0	1394040345.1	947475922.6	7751148864.3
8914000000.0	1394064941.9	947487281.4	7751922005.5
8915000000.0	1394089534.0	947498638.0	7752695127.4
8916000000.0	1394114121.5	947509992.2	7753468230.2
8917000000.0	1394138704.3	947521344.2	7754241313.8
8918000000.0	1394163282.5	947532694.0	7755014378.2
8919000000.0	1394187856.0	947544041.4	7755787423.3
8920000000.0	1394212424.9	947555386.6	7756560449.4
8921000000.0	1394236989.2	947566729.5	7757333456.2
8922000000.0	1394261548.8	947578070.1	7758106443.8
8923000000.0	1394286103.8	947589408.5	7758879412.2
8924000000.0	1394310654.1	947600744.6	7759652361.5
8925000000.0	1394335199.8	947612078.4	7760425291.6
8926000000.0	1394359740.9	947623410.0	7761198202.4
8927000000.0	1394384277.3	947634739.3	7761971094.1
8928000000.0	1394408809.1	947646066.3	7762743966.7
8929000000.0	1394433336.3	947657391.1	7763516820.0
8930000000.0	1394457858.8	947668713.6	7764289654.1
8931000000.0	1394482376.7	947680033.8	7765062469.1
8932000000.0	1394506890.0	947691351.7	7765835264.9
8933000000.0	1394531398.6	947702667.4	7766608041.5
8934000000.0	1394555902.6	947713980.9	7767380798.9
8935000000.0	1394580402.0	947725292.1	7768153537.2
8936000000.0	1394604896.8	947736601.0	7768926256.3
8937000000.0	1394629387.0	947747907.6	7769698956.2
8938000000.0	1394653872.5	947759212.0	7770471636.9
8939000000.0	1394678353.4	947770514.2	7771244298.4
8940000000.0	1394702829.7	947781814.0	7772016940.8
8941000000.0	1394727301.4	947793111.6	7772789564.0
8942000000.0	1394751768.5	947804407.0	7773562168.0
8943000000.0	1394776230.9	947815700.1	7774334752.8
8944000000.0	1394800688.8	947826991.0	7775107318.5
8945000000.0	1394825142.0	947838279.5	7775879865.0
8946000000.0	1394849590.6	947849565.9	7776652392.4
8947000000.0	1394874034.6	947860850.0	7777424900.5
8948000000.0	1394898474.0	947872131.8	7778197389.5
8949000000.0	1394922908.8	947883411.4	7778969859.3
8950000000.0	1394947339.0	947894688.7	7779742310.0
8951000000.0	1394971764.6	947905963.8	7780514741.5
8952000000.0	1394996185.6	947917236.6	7781287153.8
8953000000.0	1395020602.0	947928507.2	7782059547.0
8954000000.0	1395045013.8	947939775.5	7782831921.0
8955000000.0	1395069421.0	947951041.5	7783604275.8
8956000000.0	1395093823.6	947962305.4	7784376611.5
8957000000.0	1395118221.6	947973567.0	7785148928.0
8958000000.0	1395142615.0	947984826.3	7785921225.3
8959000000.0	1395167003.8	947996083.4	7786693503.5
8960000000.0	1395191388.0	948007338.2	7787465762.5
8961000000.0	1395215767.7	948018590.8	7788238002.4
8962000000.0	1395240142.7	948029841.2	7789010223.1
8963000000.0	1395264513.1	948041089.3	7789782424.7
8964000000.0	1395288879.0	948052335.1	7790554607.0
8965000000.0	1395313240.3	948063578.8	7791326770.3
8966000000.0	1395337597.0	948074820.1	7792098914.3
8967000000.0	1395361949.1	948086059.3	7792871039.3
8968000000.0	1395386296.7	948097296.2	7793643145.0
8969000000.0	1395410639.6	948108530.8	7794415231.6
8970000000.0	1395434978.0	948119763.3	7795187299.1
8971000000.0	1395459311.8	948130993.4	7795959347.4
8972000000.0	1395483641.0	948142221.4	7796731376.6
8973000000.0	1395507965.7	948153447.1	7797503386.6
8974000000.0	1395532285.7	948164670.6	7798275377.4
8975000000.0	1395556601.2	948175891.8	7799047349.1
8976000000.0	1395580912.2	948187110.8	7799819301.7
8977000000.0	1395605218.5	948198327.6	7800591235.1
8978000000.0	1395629520.3	948209542.1	7801363149.4
8979000000.0	1395653817.6	948220754.4	7802135044.5
8980000000.0	1395678110.2	948231964.5	7802906920.4
8981000000.0	1395702398.3	948243172.4	7803678777.3
8982000000.0	1395726681.9	948254378.0	7804450614.9
8983000000.0	1395750960.8	948265581.4	7805222433.5
8984000000.0	1395775235.3	948276782.5	7805994232.9
8985000000.0	1395799505.1	948287981.4	7806766013.1
8986000000.0	1395823770.4	948299178.1	7807537774.2
8987000000.0	1395848031.1	948310372.6	7808309516.2
8988000000.0	1395872287.3	948321564.8	7809081239.0
8989000000.0	1395896539.0	948332754.9	7809852942.7
8990000000.0	1395920786.0	948343942.7	7810624627.3
8991000000.0	1395945028.6	948355128.2	7811396292.7
8992000000.0	1395969266.5	948366311.6	7812167939.0
8993000000.0	1395993500.0	948377492.7	7812939566.1
8994000000.0	1396017728.8	948388671.6	7813711174.1
8995000000.0	1396041953.2	948399848.3	7814482763.0
8996000000.0	1396066173.0	948411022.7	7815254332.7
8997000000.0	1396090388.2	948422194.9	7816025883.3
8998000000.0	1396114598.9	948433365.0	7816797414.8
8999000000.0	1396138805.1	948444532.7	7817568927.1
9000000000.0	1396163006.7	948455698.3	7818340420.3
9001000000.0	1396187203.8	948466861.7	7819111894.4
9002000000.0	1396211396.3	948478022.8	7819883349.3
9003000000.0	1396235584.3	948489181.7	7820654785.2
9004000000.0	1396259767.8	948500338.4	7821426201.8
9005000000.0	1396283946.7	948511492.9	7822197599.4
9006000000.0	1396308121.1	948522645.2	7822968977.8
9007000000.0	1396332291.0	948533795.3	7823740337.1
9008000000.0	1396356456.4	948544943.1	7824511677.3
9009000000.0	1396380617.2	948556088.8	7825282998.4
9010000000.0	1396404773.5	948567232.2	7826054300.3
9011000000.0	1396428925.2	948578373.4	7826825583.1
9012000000.0	1396453072.5	948589512.4	7827596846.8
9013000000.0	1396477215.2	948600649.2	7828368091.4
9014000000.0	1396501353.4	948611783.8	7829139316.8
9015000000.0	1396525487.1	948622916.2	7829910523.1
9016000000.0	1396549616.2	948634046.3	7830681710.4
9017000000.0	1396573740.8	948645174.3	7831452878.4
9018000000.0	1396597861.0	948656300.0	7832224027.4
9019000000.0	1396621976.6	948667423.6	7832995157.3
9020000000.0	1396646087.6	948678544.9	7833766268.0
9021000000.0	1396670194.2	948689664.1	7834537359.6
9022000000.0	1396694296.3	948700781.0	7835308432.1
9023000000.0	1396718393.8	948711895.7	7836079485.5
9024000000.0	1396742486.9	948723008.2	7836850519.8
9025000000.0	1396766575.4	948734118.6	7837621534.9
9026000000.0	1396790659.4	948745226.7	7838392531.0
9027000000.0	1396814739.0	948756332.6	7839163507.9
9028000000.0	1396838814.0	948767436.3	7839934465.7
9029000000.0	1396862884.5	948778537.8	7840705404.5
9030000000.0	1396886950.5	948789637.2	7841476324.1
9031000000.0	1396911012.0	948800734.3	7842247224.6
9032000000.0	1396935069.0	948811829.2	7843018105.9
9033000000.0	1396959121.5	948822921.9	7843788968.2
9034000000.0	1396983169.6	948834012.5	7844559811.4
9035000000.0	1397007213.1	948845100.8	7845330635.5
9036000000.0	1397031252.1	948856186.9	7846101440.4
9037000000.0	1397055286.6	948867270.9	7846872226.3
9038000000.0	1397079316.7	948878352.6	7847642993.0
9039000000.0	1397103342.2	948889432.2	7848413740.7
9040000000.0	1397127363.3	948900509.6	7849184469.3
9041000000.0	1397151379.9	948911584.7	7849955178.7
9042000000.0	1397175391.9	948922657.7	7850725869.0
9043000000.0	1397199399.6	948933728.5	7851496540.3
9044000000.0	1397223402.7	948944797.1	7852267192.4
9045000000.0	1397247401.3	948955863.5	7853037825.5
9046000000.0	1397271395.5	948966927.8	7853808439.4
9047000000.0	1397295385.1	948977989.8	7854579034.3
9048000000.0	1397319370.3	948989049.7	7855349610.1
9049000000.0	1397343351.0	949000107.3	7856120166.7
9050000000.0	1397367327.3	949011162.8	7856890704.3
9051000000.0	1397391299.0	949022216.1	7857661222.8
9052000000.0	1397415266.3	949033267.2	7858431722.2
9053000000.0	1397439229.1	949044316.1	7859202202.4
9054000000.0	1397463187.5	949055362.9	7859972663.6
9055000000.0	1397487141.4	949066407.4	7860743105.7
9056000000.0	1397511090.8	949077449.8	7861513528.8
9057000000.0	1397535035.7	949088490.0	7862283932.7
9058000000.0	1397558976.2	949099528.0	7863054317.5
9059000000.0	1397582912.2	949110563.9	7863824683.3
9060000000.0	1397606843.7	949121597.5	7864595029.9
9061000000.0	1397630770.8	949132629.0	7865365357.5
9062000000.0	1397654693.4	949143658.3	7866135666.0
9063000000.0	1397678611.6	949154685.4	7866905955.4
9064000000.0	1397702525.2	949165710.3	7867676225.7
9065000000.0	1397726434.5	949176733.1	7868446476.9
9066000000.0	1397750339.3	949187753.7	7869216709.1
9067000000.0	1397774239.6	949198772.1	7869986922.1
9068000000.0	1397798135.5	949209788.4	7870757116.1
9069000000.0	1397822026.9	949220802.4	7871527291.0
9070000000.0	1397845913.8	949231814.3	7872297446.8
9071000000.0	1397869796.4	949242824.1	7873067583.6
9072000000.0	1397893674.4	949253831.6	7873837701.2
9073000000.0	1397917548.0	949264837.0	7874607799.8
9074000000.0	1397941417.2	949275840.2	7875377879.3
9075000000.0	1397965281.9	949286841.2	7876147939.8
9076000000.0	1397989142.2	949297840.1	7876917981.1
9077000000.0	1398012998.1	949308836.8	7877688003.4
9078000000.0	1398036849.5	949319831.4	7878458006.6
9079000000.0	1398060696.4	949330823.7	7879227990.7
9080000000.0	1398084538.9	949341813.9	7879997955.8
9081000000.0	1398108377.0	949352802.0	7880767901.8
9082000000.0	1398132210.7	949363787.8	7881537828.7
9083000000.0	1398156039.9	949374771.5	7882307736.5
9084000000.0	1398179864.6	949385753.1	7883077625.3
9085000000.0	1398203685.0	949396732.5	7883847495.0
9086000000.0	1398227500.9	949407709.7	7884617345.6
9087000000.0	1398251312.4	949418684.7	7885387177.2
9088000000.0	1398275119.4	949429657.6	7886156989.7
9089000000.0	1398298922.0	949440628.3	7886926783.1
9090000000.0	1398322720.2	949451596.9	7887696557.5
9091000000.0	1398346514.0	949462563.3	7888466312.8
9092000000.0	1398370303.3	949473527.6	7889236049.0
9093000000.0	1398394088.2	949484489.7	7890005766.2
9094000000.0	1398417868.7	949495449.6	7890775464.3
9095000000.0	1398441644.8	949506407.4	7891545143.3
9096000000.0	1398465416.5	949517363.0	7892314803.3
9097000000.0	1398489183.7	949528316.5	7893084444.2
9098000000.0	1398512946.5	949539267.8	7893854066.1
9099000000.0	1398536704.9	949550216.9	7894623668.9
9100000000.0	1398560458.9	949561163.9	7895393252.6
9101000000.0	1398584208.5	949572108.8	7896162817.3
9102000000.0	1398607953.7	949583051.5	7896932362.9
9103000000.0	1398631694.4	949593992.0	7897701889.5
9104000000.0	1398655430.8	949604930.4	7898471397.0
9105000000.0	1398679162.7	949615866.7	7899240885.5
9106000000.0	1398702890.2	949626800.8	7900010354.9
9107000000.0	1398726613.3	949637732.7	7900779805.2
9108000000.0	1398750332.1	949648662.5	7901549236.5
9109000000.0	1398774046.4	949659590.2	7902318648.8
9110000000.0	1398797756.3	949670515.7	7903088042.0
9111000000.0	1398821461.8	949681439.0	7903857416.1
9112000000.0	1398845162.9	949692360.2	7904626771.2
9113000000.0	1398868859.6	949703279.3	7905396107.3
9114000000.0	1398892551.9	949714196.2	7906165424.2
9115000000.0	1398916239.8	949725111.0	7906934722.2
9116000000.0	1398939923.4	949736023.6	7907704001.1
9117000000.0	1398963602.5	949746934.1	7908473260.9
9118000000.0	1398987277.2	949757842.4	7909242501.8
9119000000.0	1399010947.6	949768748.6	7910011723.5
9120000000.0	1399034613.5	949779652.7	7910780926.2
9121000000.0	1399058275.1	949790554.6	7911550109.9
9122000000.0	1399081932.3	949801454.4	7912319274.5
9123000000.0	1399105585.1	949812352.0	7913088420.1
9124000000.0	1399129233.5	949823247.5	7913857546.7
9125000000.0	1399152877.5	949834140.9	7914626654.2
9126000000.0	1399176517.1	949845032.1	7915395742.7
9127000000.0	1399200152.4	949855921.2	7916164812.1
9128000000.0	1399223783.3	949866808.2	7916933862.5
9129000000.0	1399247409.8	949877693.0	7917702893.8
9130000000.0	1399271031.9	949888575.7	7918471906.1
9131000000.0	1399294649.6	949899456.2	7919240899.4
9132000000.0	1399318263.0	949910334.6	7920009873.7
9133000000.0	1399341872.0	949921210.9	7920778828.9
9134000000.0	1399365476.6	949932085.1	7921547765.0
9135000000.0	1399389076.9	949942957.1	7922316682.2
9136000000.0	1399412672.8	949953827.0	7923085580.3
9137000000.0	1399436264.3	949964694.7	7923854459.4
9138000000.0	1399459851.4	949975560.3	7924623319.4
9139000000.0	1399483434.2	949986423.8	7925392160.4
9140000000.0	1399507012.6	949997285.2	7926160982.4
9141000000.0	1399530586.6	950008144.4	7926929785.4
9142000000.0	1399554156.3	950019001.6	7927698569.3
9143000000.0	1399577721.6	950029856.5	7928467334.2
9144000000.0	1399601282.6	950040709.4	7929236080.1
9145000000.0	1399624839.2	950051560.1	7930004806.9
9146000000.0	1399648391.4	950062408.7	7930773514.7
9147000000.0	1399671939.3	950073255.2	7931542203.5
9148000000.0	1399695482.8	950084099.6	7932310873.3
9149000000.0	1399719022.0	950094941.8	7933079524.0
9150000000.0	1399742556.8	950105782.0	7933848155.8
9151000000.0	1399766087.3	950116619.9	7934616768.5
9152000000.0	1399789613.4	950127455.8	7935385362.1
9153000000.0	1399813135.2	950138289.6	7936153936.8
9154000000.0	1399836652.6	950149121.2	7936922492.4
9155000000.0	1399860165.7	950159950.7	7937691029.1
9156000000.0	1399883674.4	950170778.1	7938459546.7
9157000000.0	1399907178.8	950181603.4	7939228045.2
9158000000.0	1399930678.8	950192426.6	7939996524.8
9159000000.0	1399954174.5	950203247.6	7940764985.4
9160000000.0	1399977665.8	950214066.5	7941533426.9
9161000000.0	1400001152.8	950224883.3	7942301849.4
9162000000.0	1400024635.5	950235698.0	7943070252.9
9163000000.0	1400048113.8	950246510.6	7943838637.4
9164000000.0	1400071587.8	950257321.1	7944607002.9
9165000000.0	1400095057.5	950268129.4	7945375349.4
9166000000.0	1400118522.8	950278935.7	7946143676.8
9167000000.0	1400141983.8	950289739.8	7946911985.3
9168000000.0	1400165440.5	950300541.8	7947680274.7
9169000000.0	1400188892.8	950311341.7	7948448545.2
9170000000.0	1400212340.8	950322139.5	7949216796.6
9171000000.0	1400235784.4	950332935.2	7949985029.0
9172000000.0	1400259223.8	950343728.8	7950753242.4
9173000000.0	1400282658.8	950354520.3	7951521436.8
9174000000.0	1400306089.5	950365309.7	7952289612.2
9175000000.0	1400329515.9	950376096.9	7953057768.6
9176000000.0	1400352937.9	950386882.1	7953825906.0
9177000000.0	1400376355.6	950397665.1	7954594024.3
9178000000.0	1400399769.0	950408446.1	7955362123.7
9179000000.0	1400423178.1	950419224.9	7956130204.1
9180000000.0	1400446582.9	950430001.6	7956898265.5
9181000000.0	1400469983.3	950440776.3	7957666307.9
9182000000.0	1400493379.5	950451548.8	7958434331.2
9183000000.0	1400516771.3	950462319.2	7959202335.6
9184000000.0	1400540158.8	950473087.5	7959970321.0
9185000000.0	1400563542.0	950483853.8	7960738287.4
9186000000.0	1400586920.9	950494617.9	7961506234.8
9187000000.0	1400610295.5	950505379.9	7962274163.2
9188000000.0	1400633665.7	950516139.8	7963042072.6
9189000000.0	1400657031.7	950526897.7	7963809963.0
9190000000.0	1400680393.4	950537653.4	7964577834.4
9191000000.0	1400703750.7	950548407.0	7965345686.8
9192000000.0	1400727103.8	950559158.6	7966113520.2
9193000000.0	1400750452.5	950569908.0	7966881334.6
9194000000.0	1400773797.0	950580655.4	7967649130.1
9195000000.0	1400797137.1	950591400.6	7968416906.5
9196000000.0	1400820472.9	950602143.8	7969184664.0
9197000000.0	1400843804.5	950612884.8	7969952402.4
9198000000.0	1400867131.7	950623623.8	7970720121.9
9199000000.0	1400890454.7	950634360.7	7971487822.4
9200000000.0	1400913773.4	950645095.5	7972255503.9
9201000000.0	1400937087.7	950655828.2	7973023166.4
9202000000.0	1400960397.8	950666558.8	7973790810.0
9203000000.0	1400983703.6	950677287.3	7974558434.5
9204000000.0	1401007005.1	950688013.7	7975326040.1
9205000000.0	1401030302.3	950698738.1	7976093626.7
9206000000.0	1401053595.3	950709460.3	7976861194.3
9207000000.0	1401076883.9	950720180.5	7977628742.9
9208000000.0	1401100168.3	950730898.6	7978396272.5
9209000000.0	1401123448.3	950741614.5	7979163783.2
9210000000.0	1401146724.1	950752328.5	7979931274.9
9211000000.0	1401169995.6	950763040.3	7980698747.6
9212000000.0	1401193262.9	950773750.0	7981466201.3
9213000000.0	1401216525.8	950784457.7	7982233636.1
9214000000.0	1401239784.5	950795163.2	7983001051.8
9215000000.0	1401263038.9	950805866.7	7983768448.6
9216000000.0	1401286289.0	950816568.1	7984535826.4
9217000000.0	1401309534.9	950827267.5	7985303185.3
9218000000.0	1401332776.5	950837964.7	7986070525.2
9219000000.0	1401356013.8	950848659.9	7986837846.0
9220000000.0	1401379246.8	950859353.0	7987605148.0
9221000000.0	1401402475.6	950870044.0	7988372430.9
9222000000.0	1401425700.1	950880732.9	7989139694.9
9223000000.0	1401448920.3	950891419.7	7989906939.9
9224000000.0	1401472136.3	950902104.5	7990674166.0
9225000000.0	1401495348.0	950912787.2	7991441373.0
9226000000.0	1401518555.4	950923467.8	7992208561.1
9227000000.0	1401541758.6	950934146.4	7992975730.3
9228000000.0	1401564957.5	950944822.9	7993742880.4
9229000000.0	1401588152.2	950955497.3	7994510011.7
9230000000.0	1401611342.6	950966169.6	7995277123.9
9231000000.0	1401634528.7	950976839.8	7996044217.2
9232000000.0	1401657710.6	950987508.0	7996811291.5
9233000000.0	1401680888.2	950998174.1	7997578346.8
9234000000.0	1401704061.6	951008838.2	7998345383.2
9235000000.0	1401727230.7	951019500.1	7999112400.6
9236000000.0	1401750395.6	951030160.0	7999879399.1
9237000000.0	1401773556.2	951040817.9	8000646378.6
9238000000.0	1401796712.6	951051473.6	8001413339.2
9239000000.0	1401819864.7	951062127.3	8002180280.7
9240000000.0	1401843012.6	951072778.9	8002947203.4
9241000000.0	1401866156.2	951083428.5	8003714107.0
9242000000.0	1401889295.6	951094076.0	8004480991.8
9243000000.0	1401912430.8	951104721.4	8005247857.5
9244000000.0	1401935561.7	951115364.8	8006014704.3
9245000000.0	1401958688.3	951126006.1	8006781532.2
9246000000.0	1401981810.8	951136645.3	8007548341.1
9247000000.0	1402004929.0	951147282.5	8008315131.0
9248000000.0	1402028042.9	951157917.6	8009081902.0
9249000000.0	1402051152.6	951168550.6	8009848654.0
9250000000.0	1402074258.1	951179181.6	8010615387.1
9251000000.0	1402097359.3	951189810.6	8011382101.3
9252000000.0	1402120456.3	951200437.4	8012148796.5
9253000000.0	1402143549.1	951211062.2	8012915472.7
9254000000.0	1402166637.7	951221685.0	8013682130.0
9255000000.0	1402189722.0	951232305.7	8014448768.3
9256000000.0	1402212802.1	951242924.3	8015215387.7
9257000000.0	1402235877.9	951253540.9	8015981988.2
9258000000.0	1402258949.6	951264155.4	8016748569.7
9259000000.0	1402282017.0	951274767.9	8017515132.3
9260000000.0	1402305080.2	951285378.3	8018281675.9
9261000000.0	1402328139.2	951295986.6	8019048200.6
9262000000.0	1402351193.9	951306592.9	8019814706.3
9263000000.0	1402374244.4	951317197.2	8020581193.1
9264000000.0	1402397290.7	951327799.4	8021347660.9
9265000000.0	1402420332.8	951338399.5	8022114109.8
9266000000.0	1402443370.7	951348997.6	8022880539.8
9267000000.0	1402466404.4	951359593.6	8023646950.9
9268000000.0	1402489433.8	951370187.6	8024413343.0
9269000000.0	1402512459.0	951380779.5	8025179716.1
9270000000.0	1402535480.0	951391369.4	8025946070.3
9271000000.0	1402558496.9	951401957.3	8026712405.6
9272000000.0	1402581509.5	951412543.1	8027478722.0
9273000000.0	1402604517.8	951423126.8	8028245019.4
9274000000.0	1402627522.0	951433708.5	8029011297.9
9275000000.0	1402650522.0	951444288.1	8029777557.4
9276000000.0	1402673517.8	951454865.7	8030543798.1
9277000000.0	1402696509.3	951465441.3	8031310019.7
9278000000.0	1402719496.7	951476014.8	8032076222.5
9279000000.0	1402742479.9	951486586.3	8032842406.3
9280000000.0	1402765458.8	951497155.7	8033608571.2
9281000000.0	1402788433.6	951507723.1	8034374717.2
9282000000.0	1402811404.2	951518288.4	8035140844.2
9283000000.0	1402834370.5	951528851.7	8035906952.3
9284000000.0	1402857332.7	951539413.0	8036673041.5
9285000000.0	1402880290.7	951549972.2	8037439111.8
9286000000.0	1402903244.5	951560529.4	8038205163.1
9287000000.0	1402926194.1	951571084.5	8038971195.5
9288000000.0	1402949139.5	951581637.6	8039737209.0
9289000000.0	1402972080.7	951592188.7	8040503203.6
9290000000.0	1402995017.7	951602737.7	8041269179.2
9291000000.0	1403017950.5	951613284.7	8042035136.0
9292000000.0	1403040879.2	951623829.7	8042801073.8
9293000000.0	1403063803.7	951634372.6	8043566992.7
9294000000.0	1403086723.9	951644913.5	8044332892.6
9295000000.0	1403109640.0	951655452.3	8045098773.7
9296000000.0	1403132552.0	951665989.1	8045864635.8
9297000000.0	1403155459.7	951676523.9	8046630479.0
9298000000.0	1403178363.2	951687056.7	8047396303.3
9299000000.0	1403201262.6	951697587.4	8048162108.7
9300000000.0	1403224157.8	951708116.1	8048927895.1
9301000000.0	1403247048.8	951718642.7	8049693662.7
9302000000.0	1403269935.7	951729167.3	8050459411.3
9303000000.0	1403292818.4	951739689.9	8051225141.0
9304000000.0	1403315696.9	951750210.5	8051990851.8
9305000000.0	1403338571.2	951760729.0	8052756543.7
9306000000.0	1403361441.3	951771245.5	8053522216.7
9307000000.0	1403384307.3	951781760.0	8054287870.8
9308000000.0	1403407169.2	951792272.5	8055053506.0
9309000000.0	1403430026.8	951802782.9	8055819122.2
9310000000.0	1403452880.3	951813291.3	8056584719.6
9311000000.0	1403475729.6	951823797.7	8057350298.0
9312000000.0	1403498574.8	951834302.0	8058115857.6
9313000000.0	1403521415.8	951844804.3	8058881398.2
9314000000.0	1403544252.6	951855304.7	8059646919.9
9315000000.0	1403567085.3	951865802.9	8060412422.8
9316000000.0	1403589913.8	951876299.2	8061177906.7
9317000000.0	1403612738.2	951886793.4	8061943371.7
9318000000.0	1403635558.4	951897285.6	8062708817.8
9319000000.0	1403658374.4	951907775.8	8063474245.0
9320000000.0	1403681186.3	951918264.0	8064239653.3
9321000000.0	1403703994.0	951928750.2	8065005042.8
9322000000.0	1403726797.6	951939234.3	8065770413.3
9323000000.0	1403749597.0	951949716.4	8066535764.9
9324000000.0	1403772392.3	951960196.5	8067301097.6
9325000000.0	1403795183.5	951970674.6	8068066411.4
9326000000.0	1403817970.4	951981150.7	8068831706.3
9327000000.0	1403840753.3	951991624.7	8069596982.4
9328000000.0	1403863532.0	952002096.8	8070362239.5
9329000000.0	1403886306.5	952012566.8	8071127477.7
9330000000.0	1403909076.9	952023034.8	8071892697.1
9331000000.0	1403931843.2	952033500.8	8072657897.5
9332000000.0	1403954605.3	952043964.8	8073423079.1
9333000000.0	1403977363.3	952054426.8	8074188241.8
9334000000.0	1404000117.2	952064886.7	8074953385.6
9335000000.0	1404022866.9	952075344.7	8075718510.4
9336000000.0	1404045612.4	952085800.6	8076483616.4
9337000000.0	1404068353.9	952096254.5	8077248703.6
9338000000.0	1404091091.2	952106706.5	8078013771.8
9339000000.0	1404113824.3	952117156.4	8078778821.1
9340000000.0	1404136553.4	952127604.3	8079543851.6
9341000000.0	1404159278.3	952138050.2	8080308863.1
9342000000.0	1404181999.1	952148494.0	8081073855.8
9343000000.0	1404204715.7	952158935.9	8081838829.6
9344000000.0	1404227428.2	952169375.8	8082603784.5
9345000000.0	1404250136.6	952179813.7	8083368720.5
9346000000.0	1404272840.9	952190249.5	8084133637.7
9347000000.0	1404295541.0	952200683.4	8084898535.9
9348000000.0	1404318237.0	952211115.2	8085663415.3
9349000000.0	1404340928.9	952221545.1	8086428275.8
9350000000.0	1404363616.7	952231972.9	8087193117.5
9351000000.0	1404386300.4	952242398.8	8087957940.2
9352000000.0	1404408979.9	952252822.6	8088722744.1
9353000000.0	1404431655.3	952263244.5	8089487529.1
9354000000.0	1404454326.6	952273664.3	8090252295.2
9355000000.0	1404476993.8	952284082.2	8091017042.4
9356000000.0	1404499656.9	952294498.0	8091781770.8
9357000000.0	1404522315.9	952304911.9	8092546480.3
9358000000.0	1404544970.7	952315323.7	8093311170.9
9359000000.0	1404567621.5	952325733.6	8094075842.6
9360000000.0	1404590268.1	952336141.4	8094840495.5
9361000000.0	1404612910.6	952346547.3	8095605129.5
9362000000.0	1404635549.0	952356951.2	8096369744.6
9363000000.0	1404658183.3	952367353.0	8097134340.9
9364000000.0	1404680813.6	952377752.9	8097898918.3
9365000000.0	1404703439.7	952388150.8	8098663476.8
9366000000.0	1404726061.7	952398546.7	8099428016.5
9367000000.0	1404748679.5	952408940.6	8100192537.3
9368000000.0	1404771293.3	952419332.5	8100957039.2
9369000000.0	1404793903.0	952429722.4	8101721522.2
9370000000.0	1404816508.6	952440110.3	8102485986.4
9371000000.0	1404839110.1	952450496.3	8103250431.7
9372000000.0	1404861707.5	952460880.2	8104014858.2
9373000000.0	1404884300.9	952471262.2	8104779265.8
9374000000.0	1404906890.1	952481642.1	8105543654.5
9375000000.0	1404929475.2	952492020.1	8106308024.4
9376000000.0	1404952056.2	952502396.1	8107072375.4
9377000000.0	1404974633.2	952512770.1	8107836707.6
9378000000.0	1404997206.0	952523142.1	8108601020.9
9379000000.0	1405019774.8	952533512.1	8109365315.3
9380000000.0	1405042339.5	952543880.2	8110129590.9
9381000000.0	1405064900.0	952554246.2	8110893847.6
9382000000.0	1405087456.5	952564610.3	8111658085.5
9383000000.0	1405110009.0	952574972.4	8112422304.5
9384000000.0	1405132557.3	952585332.5	8113186504.7
9385000000.0	1405155101.6	952595690.6	8113950686.0
9386000000.0	1405177641.7	952606046.8	8114714848.4
9387000000.0	1405200177.8	952616401.0	8115478992.0
9388000000.0	1405222709.8	952626753.1	8116243116.7
9389000000.0	1405245237.8	952637103.3	8117007222.6
9390000000.0	1405267761.7	952647451.6	8117771309.7
9391000000.0	1405290281.4	952657797.8	8118535377.9
9392000000.0	1405312797.2	952668142.1	8119299427.2
9393000000.0	1405335308.8	952678484.4	8120063457.7
9394000000.0	1405357816.4	952688824.7	8120827469.3
9395000000.0	1405380319.9	952699163.0	8121591462.1
9396000000.0	1405402819.3	952709499.4	8122355436.1
9397000000.0	1405425314.7	952719833.7	8123119391.2
9398000000.0	1405447806.0	952730166.2	8123883327.4
9399000000.0	1405470293.2	952740496.6	8124647244.9
9400000000.0	1405492776.3	952750825.0	8125411143.4
9401000000.0	1405515255.4	952761151.5	8126175023.2
9402000000.0	1405537730.5	952771476.0	8126938884.0
9403000000.0	1405560201.5	952781798.6	8127702726.1
9404000000.0	1405582668.4	952792119.2	8128466549.3
9405000000.0	1405605131.2	952802437.8	8129230353.7
9406000000.0	1405627590.0	952812754.4	8129994139.2
9407000000.0	1405650044.8	952823069.0	8130757905.9
9408000000.0	1405672495.4	952833381.7	8131521653.7
9409000000.0	1405694942.1	952843692.4	8132285382.7
9410000000.0	1405717384.6	952854001.2	8133049092.9
9411000000.0	1405739823.2	952864308.0	8133812784.2
9412000000.0	1405762257.6	952874612.8	8134576456.7
9413000000.0	1405784688.0	952884915.6	8135340110.4
9414000000.0	1405807114.4	952895216.5	8136103745.2
9415000000.0	1405829536.7	952905515.5	8136867361.2
9416000000.0	1405851955.0	952915812.4	8137630958.4
9417000000.0	1405874369.2	952926107.4	8138394536.8
9418000000.0	1405896779.4	952936400.4	8139158096.3
9419000000.0	1405919185.5	952946691.5	8139921636.9
9420000000.0	1405941587.6	952956980.6	8140685158.8
9421000000.0	1405963985.7	952967267.7	8141448661.8
9422000000.0	1405986379.7	952977552.9	8142212146.0
9423000000.0	1406008769.7	952987836.1	8142975611.4
9424000000.0	1406031155.6	952998117.4	8143739057.9
9425000000.0	1406053537.5	953008396.7	8144502485.6
9426000000.0	1406075915.3	953018674.0	8145265894.5
9427000000.0	1406098289.2	953028949.4	8146029284.6
9428000000.0	1406120658.9	953039222.8	8146792655.8
9429000000.0	1406143024.7	953049494.3	8147556008.2
9430000000.0	1406165386.4	953059763.8	8148319341.8
9431000000.0	1406187744.1	953070031.3	8149082656.6
9432000000.0	1406210097.8	953080296.9	8149845952.5
9433000000.0	1406232447.4	953090560.5	8150609229.7
9434000000.0	1406254793.0	953100822.2	8151372488.0
9435000000.0	1406277134.6	953111081.9	8152135727.5
9436000000.0	1406299472.1	953121339.7	8152898948.1
9437000000.0	1406321805.6	953131595.5	8153662150.0
9438000000.0	1406344135.1	953141849.4	8154425333.0
9439000000.0	1406366460.6	953152101.3	8155188497.3
9440000000.0	1406388782.1	953162351.3	8155951642.7
9441000000.0	1406411099.5	953172599.3	8156714769.3
9442000000.0	1406433412.9	953182845.4	8157477877.1
9443000000.0	1406455722.3	953193089.5	8158240966.0
9444000000.0	1406478027.7	953203331.7	8159004036.2
9445000000.0	1406500329.1	953213571.9	8159767087.5
9446000000.0	1406522626.4	953223810.1	8160530120.1
9447000000.0	1406544919.8	953234046.5	8161293133.8
9448000000.0	1406567209.1	953244280.8	8162056128.7
9449000000.0	1406589494.4	953254513.3	8162819104.8
9450000000.0	1406611775.7	953264743.7	8163582062.1
9451000000.0	1406634053.0	953274972.3	8164345000.6
9452000000.0	1406656326.3	953285198.9	8165107920.3
9453000000.0	1406678595.6	953295423.5	8165870821.1
9454000000.0	1406700860.9	953305646.2	8166633703.2
9455000000.0	1406723122.1	953315867.0	8167396566.5
9456000000.0	1406745379.4	953326085.8	8168159410.9
9457000000.0	1406767632.6	953336302.7	8168922236.6
9458000000.0	1406789881.9	953346517.6	8169685043.5
9459000000.0	1406812127.2	953356730.6	8170447831.5
9460000000.0	1406834368.4	953366941.7	8171210600.8
9461000000.0	1406856605.7	953377150.8	8171973351.2
9462000000.0	1406878838.9	953387358.0	8172736082.9
9463000000.0	1406901068.2	953397563.2	8173498795.7
9464000000.0	1406923293.5	953407766.5	8174261489.8
9465000000.0	1406945514.8	953417967.8	8175024165.1
9466000000.0	1406967732.0	953428167.3	8175786821.5
9467000000.0	1406989945.3	953438364.8	8176549459.2
9468000000.0	1407012154.6	953448560.3	8177312078.1
9469000000.0	1407034359.9	953458753.9	8178074678.1
9470000000.0	1407056561.3	953468945.6	8178837259.4
9471000000.0	1407078758.6	953479135.3	8179599821.9
9472000000.0	1407100951.9	953489323.2	8180362365.6
9473000000.0	1407123141.3	953499509.0	8181124890.5
9474000000.0	1407145326.7	953509693.0	8181887396.6
9475000000.0	1407167508.1	953519875.0	8182649884.0
9476000000.0	1407189685.5	953530055.1	8183412352.5
9477000000.0	1407211858.9	953540233.2	8184174802.2
9478000000.0	1407234028.4	953550409.5	8184937233.2
9479000000.0	1407256193.8	953560583.8	8185699645.4
9480000000.0	1407278355.3	953570756.1	8186462038.8
9481000000.0	1407300512.8	953580926.6	8187224413.4
9482000000.0	1407322666.4	953591095.1	8187986769.2
9483000000.0	1407344815.9	953601261.6	8188749106.2
9484000000.0	1407366961.5	953611426.3	8189511424.4
9485000000.0	1407389103.1	953621589.0	8190273723.9
9486000000.0	1407411240.8	953631749.8	8191036004.6
9487000000.0	1407433374.4	953641908.7	8191798266.5
9488000000.0	1407455504.2	953652065.6	8192560509.6
9489000000.0	1407477629.9	953662220.7	8193322733.9
9490000000.0	1407499751.7	953672373.8	8194084939.5
9491000000.0	1407521869.5	953682524.9	8194847126.3
9492000000.0	1407543983.3	953692674.2	8195609294.3
9493000000.0	1407566093.2	953702821.5	8196371443.5
9494000000.0	1407588199.1	953712966.9	8197133573.9
9495000000.0	1407610301.0	953723110.4	8197895685.6
9496000000.0	1407632399.0	953733252.0	8198657778.5
9497000000.0	1407654493.0	953743391.6	8199419852.6
9498000000.0	1407676583.1	953753529.4	8200181907.9
9499000000.0	1407698669.2	953763665.2	8200943944.5
9500000000.0	1407720751.4	953773799.1	8201705962.3
9501000000.0	1407742829.5	953783931.0	8202467961.3
9502000000.0	1407764903.8	953794061.1	8203229941.6
9503000000.0	1407786974.1	953804189.2	8203991903.1
9504000000.0	1407809040.4	953814315.5	8204753845.8
9505000000.0	1407831102.8	953824439.8	8205515769.7
9506000000.0	1407853161.2	953834562.2	8206277674.9
9507000000.0	1407875215.7	953844682.6	8207039561.3
9508000000.0	1407897266.2	953854801.2	8207801429.0
9509000000.0	1407919312.8	953864917.9	8208563277.8
9510000000.0	1407941355.5	953875032.6	8209325107.9
9511000000.0	1407963394.2	953885145.4	8210086919.3
9512000000.0	1407985428.9	953895256.3	8210848711.9
9513000000.0	1408007459.7	953905365.3	8211610485.7
9514000000.0	1408029486.6	953915472.4	8212372240.7
9515000000.0	1408051509.5	953925577.6	8213133977.0
9516000000.0	1408073528.5	953935680.9	8213895694.6
9517000000.0	1408095543.6	953945782.3	8214657393.3
9518000000.0	1408117554.7	953955881.7	8215419073.4
9519000000.0	1408139561.8	953965979.3	8216180734.6
9520000000.0	1408161565.1	953976074.9	8216942377.1
9521000000.0	1408183564.4	953986168.6	8217704000.8
9522000000.0	1408205559.7	953996260.5	8218465605.8
9523000000.0	1408227551.2	954006350.4	8219227192.0
9524000000.0	1408249538.7	954016438.4	8219988759.5
9525000000.0	1408271522.3	954026524.5	8220750308.2
9526000000.0	1408293501.9	954036608.7	8221511838.2
9527000000.0	1408315477.6	954046691.0	8222273349.4
9528000000.0	1408337449.4	954056771.4	8223034841.8
9529000000.0	1408359417.3	954066849.9	8223796315.5
9530000000.0	1408381381.2	954076926.5	8224557770.5
9531000000.0	1408403341.2	954087001.2	8225319206.7
9532000000.0	1408425297.3	954097074.0	8226080624.1
9533000000.0	1408447249.5	954107144.9	8226842022.8
9534000000.0	1408469197.7	954117213.9	8227603402.8
9535000000.0	1408491142.1	954127280.9	8228364764.0
9536000000.0	1408513082.5	954137346.1	8229126106.4
9537000000.0	1408535019.0	954147409.4	8229887430.1
9538000000.0	1408556951.5	954157470.8	8230648735.1
9539000000.0	1408578880.2	954167530.3	8231410021.3
9540000000.0	1408600805.0	954177587.9	8232171288.8
9541000000.0	1408622725.8	954187643.6	8232932537.5
9542000000.0	1408644642.7	954197697.4	8233693767.5
9543000000.0	1408666555.7	954207749.4	8234454978.7
9544000000.0	1408688464.8	954217799.4	8235216171.2
9545000000.0	1408710370.0	954227847.5	8235977345.0
9546000000.0	1408732271.3	954237893.7	8236738500.0
9547000000.0	1408754168.7	954247938.1	8237499636.3
9548000000.0	1408776062.1	954257980.5	8238260753.8
9549000000.0	1408797951.7	954268021.1	8239021852.6
9550000000.0	1408819837.3	954278059.7	8239782932.7
9551000000.0	1408841719.1	954288096.5	8240543994.0
9552000000.0	1408863596.9	954298131.4	8241305036.6
9553000000.0	1408885470.9	954308164.4	8242066060.5
9554000000.0	1408907340.9	954318195.5	8242827065.6
9555000000.0	1408929207.1	954328224.7	8243588052.0
9556000000.0	1408951069.3	954338252.0	8244349019.7
9557000000.0	1408972927.7	954348277.5	8245109968.6
9558000000.0	1408994782.2	954358301.0	8245870898.8
9559000000.0	1409016632.7	954368322.7	8246631810.2
9560000000.0	1409038479.4	954378342.5	8247392703.0
9561000000.0	1409060322.2	954388360.4	8248153577.0
9562000000.0	1409082161.1	954398376.4	8248914432.3
9563000000.0	1409103996.1	954408390.5	8249675268.8
9564000000.0	1409125827.2	954418402.7	8250436086.6
9565000000.0	1409147654.4	954428413.1	8251196885.7
9566000000.0	1409169477.7	954438421.6	8251957666.1
9567000000.0	1409191297.2	954448428.2	8252718427.7
9568000000.0	1409213112.7	954458432.9	8253479170.6
9569000000.0	1409234924.4	954468435.7	8254239894.8
9570000000.0	1409256732.2	954478436.6	8255000600.3
9571000000.0	1409278536.1	954488435.7	8255761287.1
9572000000.0	1409300336.1	954498432.9	8256521955.1
9573000000.0	1409322132.3	954508428.2	8257282604.4
9574000000.0	1409343924.6	954518421.6	8258043235.0
9575000000.0	1409365713.0	954528413.2	8258803846.8
9576000000.0	1409387497.5	954538402.9	8259564440.0
9577000000.0	1409409278.1	954548390.7	8260325014.4
9578000000.0	1409431054.9	954558376.6	8261085570.1
9579000000.0	1409452827.8	954568360.6	8261846107.1
9580000000.0	1409474596.8	954578342.8	8262606625.4
9581000000.0	1409496361.9	954588323.1	8263367125.0
9582000000.0	1409518123.2	954598301.5	8264127605.8
9583000000.0	1409539880.6	954608278.1	8264888067.9
9584000000.0	1409561634.1	954618252.7	8265648511.4
9585000000.0	1409583383.8	954628225.5	8266408936.1
9586000000.0	1409605129.6	954638196.5	8267169342.1
9587000000.0	1409626871.5	954648165.5	8267929729.3
9588000000.0	1409648609.6	954658132.7	8268690097.9
9589000000.0	1409670343.8	954668098.0	8269450447.8
9590000000.0	1409692074.2	954678061.5	8270210778.9
9591000000.0	1409713800.6	954688023.0	8270971091.4
9592000000.0	1409735523.3	954697982.7	8271731385.1
9593000000.0	1409757242.0	954707940.6	8272491660.2
9594000000.0	1409778956.9	954717896.6	8273251916.5
9595000000.0	1409800668.0	954727850.7	8274012154.1
9596000000.0	1409822375.2	954737802.9	8274772373.0
9597000000.0	1409844078.5	954747753.3	8275532573.2
9598000000.0	1409865778.0	954757701.8	8276292754.7
9599000000.0	1409887473.6	954767648.4	8277052917.5
9600000000.0	1409909165.4	954777593.2	8277813061.6
9601000000.0	1409930853.3	954787536.1	8278573187.1
9602000000.0	1409952537.4	954797477.1	8279333293.8
9603000000.0	1409974217.6	954807416.3	8280093381.8
9604000000.0	1409995894.0	954817353.6	8280853451.1
9605000000.0	1410017566.5	954827289.1	8281613501.7
9606000000.0	1410039235.2	954837222.7	8282373533.6
9607000000.0	1410060900.0	954847154.4	8283133546.8
9608000000.0	1410082561.0	954857084.3	8283893541.3
9609000000.0	1410104218.1	954867012.3	8284653517.1
9610000000.0	1410125871.4	954876938.4	8285413474.2
9611000000.0	1410147520.9	954886862.7	8286173412.7
9612000000.0	1410169166.5	954896785.2	8286933332.4
9613000000.0	1410190808.3	954906705.7	8287693233.4
9614000000.0	1410212446.3	954916624.4	8288453115.8
9615000000.0	1410234080.4	954926541.3	8289212979.4
9616000000.0	1410255710.7	954936456.3	8289972824.4
9617000000.0	1410277337.1	954946369.5	8290732650.7
9618000000.0	1410298959.7	954956280.8	8291492458.3
9619000000.0	1410320578.5	954966190.2	8292252247.2
9620000000.0	1410342193.4	954976097.8	8293012017.4
9621000000.0	1410363804.5	954986003.5	8293771768.9
9622000000.0	1410385411.8	954995907.4	8294531501.7
9623000000.0	1410407015.2	955005809.4	8295291215.9
9624000000.0	1410428614.9	955015709.6	8296050911.4
9625000000.0	1410450210.7	955025607.9	8296810588.1
9626000000.0	1410471802.6	955035504.4	8297570246.2
9627000000.0	1410493390.8	955045399.0	8298329885.7
9628000000.0	1410514975.1	955055291.7	8299089506.4
9629000000.0	1410536555.6	955065182.7	8299849108.4
9630000000.0	1410558132.3	955075071.7	8300608691.8
9631000000.0	1410579705.1	955084958.9	8301368256.5
9632000000.0	1410601274.2	955094844.3	8302127802.5
9633000000.0	1410622839.4	955104727.8	8302887329.8
9634000000.0	1410644400.8	955114609.5	8303646838.5
9635000000.0	1410665958.4	955124489.3	8304406328.5
9636000000.0	1410687512.1	955134367.3	8305165799.8
9637000000.0	1410709062.1	955144243.5	8305925252.4
9638000000.0	1410730608.2	955154117.8	8306684686.3
9639000000.0	1410752150.6	955163990.2	8307444101.6
9640000000.0	1410773689.1	955173860.8	8308203498.2
9641000000.0	1410795223.8	955183729.6	8308962876.2
9642000000.0	1410816754.7	955193596.5	8309722235.4
9643000000.0	1410838281.8	955203461.6	8310481576.0
9644000000.0	1410859805.0	955213324.8	8311240897.9
9645000000.0	1410881324.5	955223186.2	8312000201.1
9646000000.0	1410902840.2	955233045.7	8312759485.7
9647000000.0	1410924352.1	955242903.4	8313518751.6
9648000000.0	1410945860.1	955252759.3	8314277998.9
9649000000.0	1410967364.4	955262613.3	8315037227.4
9650000000.0	1410988864.8	955272465.5	8315796437.3
9651000000.0	1411010361.5	955282315.9	8316555628.6
9652000000.0	1411031854.3	955292164.4	8317314801.1
9653000000.0	1411053343.4	955302011.1	8318073955.0
9654000000.0	1411074828.6	955311855.9	8318833090.3
9655000000.0	1411096310.1	955321698.9	8319592206.8
9656000000.0	1411117787.8	955331540.1	8320351304.8
9657000000.0	1411139261.6	955341379.4	8321110384.0
9658000000.0	1411160731.7	955351216.9	8321869444.6
9659000000.0	1411182198.0	955361052.6	8322628486.5
9660000000.0	1411203660.5	955370886.4	8323387509.8
9661000000.0	1411225119.2	955380718.4	8324146514.4
9662000000.0	1411246574.1	955390548.6	8324905500.4
9663000000.0	1411268025.3	955400376.9	8325664467.7
9664000000.0	1411289472.6	955410203.4	8326423416.3
9665000000.0	1411310916.1	955420028.1	8327182346.3
9666000000.0	1411332355.9	955429850.9	8327941257.6
9667000000.0	1411353791.9	955439671.9	8328700150.3
9668000000.0	1411375224.1	955449491.1	8329459024.3
9669000000.0	1411396652.5	955459308.4	8330217879.7
9670000000.0	1411418077.2	955469123.9	8330976716.4
9671000000.0	1411439498.0	955478937.6	8331735534.4
9672000000.0	1411460915.1	955488749.5	8332494333.8
9673000000.0	1411482328.4	955498559.5	8333253114.6
9674000000.0	1411503737.9	955508367.8	8334011876.7
9675000000.0	1411525143.6	955518174.1	8334770620.2
9676000000.0	1411546545.6	955527978.7	8335529345.0
9677000000.0	1411567943.8	955537781.4	8336288051.1
9678000000.0	1411589338.2	955547582.3	8337046738.6
9679000000.0	1411610728.9	955557381.4	8337805407.5
9680000000.0	1411632115.7	955567178.7	8338564057.7
9681000000.0	1411653498.9	955576974.1	8339322689.3
9682000000.0	1411674878.2	955586767.7	8340081302.2
9683000000.0	1411696253.8	955596559.5	8340839896.5
9684000000.0	1411717625.6	955606349.5	8341598472.2
9685000000.0	1411738993.6	955616137.7	8342357029.2
9686000000.0	1411760357.9	955625924.0	8343115567.6
9687000000.0	1411781718.4	955635708.5	8343874087.3
9688000000.0	1411803075.1	955645491.2	8344632588.4
9689000000.0	1411824428.1	955655272.1	8345391070.8
9690000000.0	1411845777.3	955665051.1	8346149534.6
9691000000.0	1411867122.8	955674828.3	8346907979.8
9692000000.0	1411888464.5	955684603.8	8347666406.3
9693000000.0	1411909802.4	955694377.4	8348424814.2
9694000000.0	1411931136.6	955704149.1	8349183203.4
9695000000.0	1411952467.0	955713919.1	8349941574.1
9696000000.0	1411973793.7	955723687.3	8350699926.0
9697000000.0	1411995116.6	955733453.6	8351458259.4
9698000000.0	1412016435.7	955743218.1	8352216574.1
9699000000.0	1412037751.1	955752980.8	8352974870.2
9700000000.0	1412059062.8	955762741.7	8353733147.7
9701000000.0	1412080370.7	955772500.8	8354491406.5
9702000000.0	1412101674.9	955782258.1	8355249646.7
9703000000.0	1412122975.3	955792013.5	8356007868.2
9704000000.0	1412144271.9	955801767.2	8356766071.2
9705000000.0	1412165564.8	955811519.0	8357524255.5
9706000000.0	1412186854.0	955821269.1	8358282421.1
9707000000.0	1412208139.4	955831017.3	8359040568.2
9708000000.0	1412229421.1	955840763.7	8359798696.6
9709000000.0	1412250699.1	955850508.3	8360556806.4
9710000000.0	1412271973.3	955860251.1	8361314897.6
9711000000.0	1412293243.7	955869992.1	8362072970.1
9712000000.0	1412314510.4	955879731.2	8362831024.1
9713000000.0	1412335773.4	955889468.6	8363589059.4
9714000000.0	1412357032.6	955899204.2	8364347076.1
9715000000.0	1412378288.1	955908937.9	8365105074.1
9716000000.0	1412399539.9	955918669.9	8365863053.6
9717000000.0	1412420787.9	955928400.0	8366621014.4
9718000000.0	1412442032.2	955938128.3	8367378956.6
9719000000.0	1412463272.8	955947854.9	8368136880.2
9720000000.0	1412484509.6	955957579.6	8368894785.1
9721000000.0	1412505742.7	955967302.5	8369652671.5
9722000000.0	1412526972.1	955977023.7	8370410539.2
9723000000.0	1412548197.7	955986743.0	8371168388.3
9724000000.0	1412569419.7	955996460.5	8371926218.8
9725000000.0	1412590637.9	956006176.3	8372684030.7
9726000000.0	1412611852.3	956015890.2	8373441824.0
9727000000.0	1412633063.1	956025602.3	8374199598.7
9728000000.0	1412654270.1	956035312.6	8374957354.7
9729000000.0	1412675473.4	956045021.2	8375715092.2
9730000000.0	1412696672.9	956054727.9	8376472811.0
9731000000.0	1412717868.8	956064432.8	8377230511.2
9732000000.0	1412739060.9	956074135.9	8377988192.8
9733000000.0	1412760249.3	956083837.3	8378745855.8
9734000000.0	1412781434.0	956093536.8	8379503500.2
9735000000.0	1412802615.0	956103234.6	8380261126.0
9736000000.0	1412823792.2	956112930.5	8381018733.2
9737000000.0	1412844965.8	956122624.7	8381776321.7
9738000000.0	1412866135.6	956132317.0	8382533891.7
9739000000.0	1412887301.7	956142007.6	8383291443.1
9740000000.0	1412908464.1	956151696.4	8384048975.8
9741000000.0	1412929622.8	956161383.3	8384806490.0
9742000000.0	1412950777.8	956171068.5	8385563985.5
9743000000.0	1412971929.1	956180751.9	8386321462.5
9744000000.0	1412993076.6	956190433.5	8387078920.8
9745000000.0	1413014220.5	956200113.3	8387836360.6
9746000000.0	1413035360.6	956209791.4	8388593781.7
9747000000.0	1413056497.1	956219467.6	8389351184.3
9748000000.0	1413077629.8	956229142.0	8390108568.2
9749000000.0	1413098758.9	956238814.7	8390865933.6
9750000000.0	1413119884.2	956248485.5	8391623280.4
9751000000.0	1413141005.8	956258154.6	8392380608.5
9752000000.0	1413162123.7	956267821.9	8393137918.1
9753000000.0	1413183238.0	956277487.4	8393895209.1
9754000000.0	1413204348.5	956287151.1	8394652481.4
9755000000.0	1413225455.4	956296813.1	8395409735.2
9756000000.0	1413246558.5	956306473.2	8396166970.4
9757000000.0	1413267657.9	956316131.6	8396924187.0
9758000000.0	1413288753.7	956325788.1	8397681385.0
9759000000.0	1413309845.7	956335442.9	8398438564.5
9760000000.0	1413330934.1	956345095.9	8399195725.3
9761000000.0	1413352018.8	956354747.2	8399952867.5
9762000000.0	1413373099.8	956364396.6	8400709991.2
9763000000.0	1413394177.0	956374044.3	8401467096.2
9764000000.0	1413415250.6	956383690.2	8402224182.7
9765000000.0	1413436320.6	956393334.3	8402981250.6
9766000000.0	1413457386.8	956402976.6	8403738299.9
9767000000.0	1413478449.3	956412617.1	8404495330.6
9768000000.0	1413499508.2	956422255.9	8405252342.8
9769000000.0	1413520563.4	956431892.8	8406009336.3
9770000000.0	1413541614.8	956441528.1	8406766311.3
9771000000.0	1413562662.6	956451161.5	8407523267.7
9772000000.0	1413583706.8	956460793.1	8408280205.5
9773000000.0	1413604747.2	956470423.0	8409037124.7
9774000000.0	1413625784.0	956480051.1	8409794025.4
9775000000.0	1413646817.1	956489677.4	8410550907.5
9776000000.0	1413667846.5	956499301.9	8411307770.9
9777000000.0	1413688872.2	956508924.7	8412064615.9
9778000000.0	1413709894.3	956518545.7	8412821442.2
9779000000.0	1413730912.7	956528164.9	8413578249.9
9780000000.0	1413751927.4	956537782.4	8414335039.1
9781000000.0	1413772938.4	956547398.0	8415091809.7
9782000000.0	1413793945.8	956557011.9	8415848561.8
9783000000.0	1413814949.5	956566624.0	8416605295.2
9784000000.0	1413835949.5	956576234.4	8417362010.1
9785000000.0	1413856945.9	956585843.0	8418118706.4
9786000000.0	1413877938.5	956595449.8	8418875384.2
9787000000.0	1413898927.6	956605054.8	8419632043.3
9788000000.0	1413919912.9	956614658.1	8420388683.9
9789000000.0	1413940894.6	956624259.6	8421145306.0
9790000000.0	1413961872.7	956633859.3	8421901909.4
9791000000.0	1413982847.0	956643457.3	8422658494.3
9792000000.0	1414003817.7	956653053.5	8423415060.7
9793000000.0	1414024784.8	956662647.9	8424171608.4
9794000000.0	1414045748.2	956672240.6	8424928137.6
9795000000.0	1414066707.9	956681831.5	8425684648.2
9796000000.0	1414087663.9	956691420.6	8426441140.3
9797000000.0	1414108616.4	956701008.0	8427197613.8
9798000000.0	1414129565.1	956710593.6	8427954068.7
9799000000.0	1414150510.2	956720177.4	8428710505.1
9800000000.0	1414171451.7	956729759.5	8429466922.9
9801000000.0	1414192389.4	956739339.8	8430223322.2
9802000000.0	1414213323.6	956748918.4	8430979702.9
9803000000.0	1414234254.1	956758495.2	8431736065.0
9804000000.0	1414255180.9	956768070.2	8432492408.6
9805000000.0	1414276104.1	956777643.4	8433248733.6
9806000000.0	1414297023.6	956787214.9	8434005040.0
9807000000.0	1414317939.5	956796784.7	8434761327.9
9808000000.0	1414338851.8	956806352.7	8435517597.3
9809000000.0	1414359760.4	956815918.9	8436273848.1
9810000000.0	1414380665.3	956825483.4	8437030080.3
9811000000.0	1414401566.6	956835046.1	8437786294.0
9812000000.0	1414422464.3	956844607.0	8438542489.1
9813000000.0	1414443358.3	956854166.2	8439298665.7
9814000000.0	1414464248.7	956863723.6	8440054823.7
9815000000.0	1414485135.5	956873279.3	8440810963.2
9816000000.0	1414506018.6	956882833.2	8441567084.1
9817000000.0	1414526898.0	956892385.4	8442323186.5
9818000000.0	1414547773.9	956901935.8	8443079270.3
9819000000.0	1414568646.1	956911484.4	8443835335.6
9820000000.0	1414589514.6	956921031.3	8444591382.3
9821000000.0	1414610379.5	956930576.5	8445347410.5
9822000000.0	1414631240.8	956940119.9	8446103420.1
9823000000.0	1414652098.5	956949661.5	8446859411.2
9824000000.0	1414672952.5	956959201.4	8447615383.7
9825000000.0	1414693802.9	956968739.5	8448371337.7
9826000000.0	1414714649.7	956978275.9	8449127273.1
9827000000.0	1414735492.8	956987810.6	8449883190.1
9828000000.0	1414756332.4	956997343.4	8450639088.4
9829000000.0	1414777168.2	957006874.6	8451394968.2
9830000000.0	1414798000.5	957016404.0	8452150829.5
9831000000.0	1414818829.1	957025931.6	8452906672.3
9832000000.0	1414839654.1	957035457.5	8453662496.5
9833000000.0	1414860475.5	957044981.6	8454418302.1
9834000000.0	1414881293.3	957054504.0	8455174089.3
9835000000.0	1414902107.4	957064024.7	8455929857.8
9836000000.0	1414922918.0	957073543.6	8456685607.9
9837000000.0	1414943724.9	957083060.7	8457441339.4
9838000000.0	1414964528.2	957092576.1	8458197052.4
9839000000.0	1414985327.8	957102089.8	8458952746.8
9840000000.0	1415006123.9	957111601.7	8459708422.7
9841000000.0	1415026916.3	957121111.9	8460464080.1
9842000000.0	1415047705.2	957130620.3	8461219719.0
9843000000.0	1415068490.4	957140127.0	8461975339.3
9844000000.0	1415089272.0	957149632.0	8462730941.1
9845000000.0	1415110050.0	957159135.2	8463486524.3
9846000000.0	1415130824.3	957168636.6	8464242089.0
9847000000.0	1415151595.1	957178136.3	8464997635.2
9848000000.0	1415172362.3	957187634.3	8465753162.9
9849000000.0	1415193125.8	957197130.6	8466508672.0
9850000000.0	1415213885.8	957206625.1	8467264162.6
9851000000.0	1415234642.1	957216117.8	8468019634.7
9852000000.0	1415255394.8	957225608.8	8468775088.3
9853000000.0	1415276144.0	957235098.1	8469530523.3
9854000000.0	1415296889.5	957244585.7	8470285939.8
9855000000.0	1415317631.4	957254071.5	8471041337.8
9856000000.0	1415338369.8	957263555.5	8471796717.3
9857000000.0	1415359104.5	957273037.9	8472552078.2
9858000000.0	1415379835.6	957282518.5	8473307420.6
9859000000.0	1415400563.1	957291997.3	8474062744.5
9860000000.0	1415421287.1	957301474.5	8474818049.9
9861000000.0	1415442007.4	957310949.9	8475573336.8
9862000000.0	1415462724.1	957320423.5	8476328605.1
9863000000.0	1415483437.3	957329895.5	8477083854.9
9864000000.0	1415504146.8	957339365.7	8477839086.2
9865000000.0	1415524852.8	957348834.1	8478594299.0
9866000000.0	1415545555.1	957358300.8	8479349493.3
9867000000.0	1415566253.9	957367765.8	8480104669.0
9868000000.0	1415586949.1	957377229.1	8480859826.3
9869000000.0	1415607640.7	957386690.6	8481614965.0
9870000000.0	1415628328.7	957396150.5	8482370085.2
9871000000.0	1415649013.1	957405608.5	8483125186.9
9872000000.0	1415669693.9	957415064.9	8483880270.1
9873000000.0	1415690371.2	957424519.5	8484635334.8
9874000000.0	1415711044.9	957433972.4	8485390381.0
9875000000.0	1415731714.9	957443423.6	8486145408.6
9876000000.0	1415752381.4	957452873.0	8486900417.8
9877000000.0	1415773044.3	957462320.7	8487655408.4
9878000000.0	1415793703.7	957471766.7	8488410380.5
9879000000.0	1415814359.4	957481210.9	8489165334.2
9880000000.0	1415835011.6	957490653.5	8489920269.3
9881000000.0	1415855660.2	957500094.3	8490675185.9
9882000000.0	1415876305.2	957509533.4	8491430084.0
9883000000.0	1415896946.7	957518970.7	8492184963.6
9884000000.0	1415917584.5	957528406.3	8492939824.7
9885000000.0	1415938218.8	957537840.3	8493694667.3
9886000000.0	1415958849.6	957547272.4	8494449491.4
9887000000.0	1415979476.7	957556702.9	8495204297.0
9888000000.0	1416000100.3	957566131.7	8495959084.1
9889000000.0	1416020720.3	957575558.7	8496713852.7
9890000000.0	1416041336.7	957584984.0	8497468602.8
9891000000.0	1416061949.6	957594407.6	8498223334.4
9892000000.0	1416082558.9	957603829.4	8498978047.5
9893000000.0	1416103164.7	957613249.6	8499732742.1
9894000000.0	1416123766.8	957622668.0	8500487418.2
9895000000.0	1416144365.4	957632084.7	8501242075.9
9896000000.0	1416164960.5	957641499.7	8501996715.0
9897000000.0	1416185552.0	957650913.0	8502751335.6
9898000000.0	1416206139.9	957660324.5	8503505937.7
9899000000.0	1416226724.2	957669734.3	8504260521.4
9900000000.0	1416247305.0	957679142.5	8505015086.5
9901000000.0	1416267882.3	957688548.9	8505769633.2
9902000000.0	1416288455.9	957697953.6	8506524161.3
9903000000.0	1416309026.1	957707356.5	8507278671.0
9904000000.0	1416329592.6	957716757.8	8508033162.2
9905000000.0	1416350155.6	957726157.3	8508787634.9
9906000000.0	1416370715.1	957735555.2	8509542089.1
9907000000.0	1416391271.0	957744951.3	8510296524.8
9908000000.0	1416411823.3	957754345.7	8511050942.0
9909000000.0	1416432372.1	957763738.4	8511805340.8
9910000000.0	1416452917.4	957773129.4	8512559721.0
9911000000.0	1416473459.1	957782518.7	8513314082.8
9912000000.0	1416493997.2	957791906.2	8514068426.1
9913000000.0	1416514531.8	957801292.1	8514822750.9
9914000000.0	1416535062.9	957810676.2	8515577057.2
9915000000.0	1416555590.4	957820058.7	8516331345.1
9916000000.0	1416576114.3	957829439.4	8517085614.4
9917000000.0	1416596634.7	957838818.4	8517839865.3
9918000000.0	1416617151.6	957848195.7	8518594097.7
9919000000.0	1416637664.9	957857571.3	8519348311.6
9920000000.0	1416658174.7	957866945.2	8520102507.1
9921000000.0	1416678681.0	957876317.4	8520856684.1
9922000000.0	1416699183.7	957885687.9	8521610842.5
9923000000.0	1416719682.8	957895056.7	8522364982.6
9924000000.0	1416740178.4	957904423.8	8523119104.1
9925000000.0	1416760670.5	957913789.2	8523873207.2
9926000000.0	1416781159.1	957923152.8	8524627291.7
9927000000.0	1416801644.1	957932514.8	8525381357.9
9928000000.0	1416822125.6	957941875.1	8526135405.5
9929000000.0	1416842603.5	957951233.6	8526889434.7
9930000000.0	1416863078.0	957960590.5	8527643445.4
9931000000.0	1416883548.8	957969945.6	8528397437.6
9932000000.0	1416904016.2	957979299.1	8529151411.4
9933000000.0	1416924480.0	957988650.8	8529905366.6
9934000000.0	1416944940.3	957998000.9	8530659303.5
9935000000.0	1416965397.1	958007349.3	8531413221.8
9936000000.0	1416985850.3	958016695.9	8532167121.7
9937000000.0	1417006300.0	958026040.9	8532921003.1
9938000000.0	1417026746.2	958035384.1	8533674866.1
9939000000.0	1417047188.9	958044725.7	8534428710.6
9940000000.0	1417067628.0	958054065.6	8535182536.6
9941000000.0	1417088063.6	958063403.7	8535936344.1
9942000000.0	1417108495.7	958072740.2	8536690133.2
9943000000.0	1417128924.3	958082075.0	8537443903.9
9944000000.0	1417149349.4	958091408.0	8538197656.0
9945000000.0	1417169770.9	958100739.4	8538951389.7
9946000000.0	1417190188.9	958110069.1	8539705105.0
9947000000.0	1417210603.4	958119397.1	8540458801.8
9948000000.0	1417231014.4	958128723.4	8541212480.1
9949000000.0	1417251421.9	958138048.0	8541966140.0
9950000000.0	1417271825.8	958147370.9	8542719781.4
9951000000.0	1417292226.3	958156692.2	8543473404.3
9952000000.0	1417312623.2	958166011.7	8544227008.8
9953000000.0	1417333016.6	958175329.5	8544980594.9
9954000000.0	1417353406.5	958184645.7	8545734162.5
9955000000.0	1417373792.9	958193960.1	8546487711.6
9956000000.0	1417394175.8	958203272.9	8547241242.3
9957000000.0	1417414555.2	958212584.0	8547994754.5
9958000000.0	1417434931.1	958221893.4	8548748248.3
9959000000.0	1417455303.4	958231201.1	8549501723.6
9960000000.0	1417475672.3	958240507.1	8550255180.5
9961000000.0	1417496037.6	958249811.4	8551008618.9
9962000000.0	1417516399.5	958259114.1	8551762038.9
9963000000.0	1417536757.8	958268415.0	8552515440.4
9964000000.0	1417557112.7	958277714.3	8553268823.5
9965000000.0	1417577464.0	958287011.9	8554022188.1
9966000000.0	1417597811.9	958296307.8	8554775534.3
9967000000.0	1417618156.2	958305602.0	8555528862.1
9968000000.0	1417638497.1	958314894.5	8556282171.4
9969000000.0	1417658834.4	958324185.3	8557035462.2
9970000000.0	1417679168.3	958333474.5	8557788734.6
9971000000.0	1417699498.7	958342762.0	8558541988.6
9972000000.0	1417719825.5	958352047.8	8559295224.1
9973000000.0	1417740148.9	958361331.9	8560048441.2
9974000000.0	1417760468.8	958370614.3	8560801639.8
9975000000.0	1417780785.2	958379895.0	8561554820.0
9976000000.0	1417801098.1	958389174.1	8562307981.8
9977000000.0	1417821407.5	958398451.5	8563061125.1
9978000000.0	1417841713.4	958407727.2	8563814250.0
9979000000.0	1417862015.8	958417001.2	8564567356.4
9980000000.0	1417882314.8	958426273.6	8565320444.4
9981000000.0	1417902610.2	958435544.2	8566073514.0
9982000000.0	1417922902.2	958444813.2	8566826565.1
9983000000.0	1417943190.7	958454080.5	8567579597.8
9984000000.0	1417963475.7	958463346.2	8568332612.1
9985000000.0	1417983757.2	958472610.1	8569085607.9
9986000000.0	1418004035.2	958481872.4	8569838585.3
9987000000.0	1418024309.8	958491133.0	8570591544.3
9988000000.0	1418044580.9	958500392.0	8571344484.8
9989000000.0	1418064848.5	958509649.2	8572097406.9
9990000000.0	1418085112.6	958518904.8	8572850310.6
9991000000.0	1418105373.2	958528158.7	8573603195.9
9992000000.0	1418125630.4	958537410.9	8574356062.7
9993000000.0	1418145884.1	958546661.5	8575108911.1
9994000000.0	1418166134.3	958555910.4	8575861741.0
9995000000.0	1418186381.0	958565157.6	8576614552.6
9996000000.0	1418206624.3	958574403.1	8577367345.7
9997000000.0	1418226864.1	958583647.0	8578120120.4
9998000000.0	1418247100.4	958592889.2	8578872876.6
9999000000.0	1418267333.3	958602129.8	8579625614.5
