TOTAL_READS	EXPECTED_DISTINCT	LOWER_0.95CI	UPPER_0.95CI
0	0	0	0
1000000.0	999558.0	999547.9	999566.0
2000000.0	1998297.0	1998263.9	1998332.1
3000000.0	2996325.5	2996255.7	2996393.1
4000000.0	3993727.5	3993609.4	3993833.1
5000000.0	4990561.0	4990389.9	4990712.6
6000000.0	5986892.5	5986652.4	5987087.6
7000000.0	6982761.5	6982443.1	6983004.7
8000000.0	7978204.5	7977803.3	7978501.5
9000000.0	8973257.3	8972774.6	8973609.9
10000000.0	9967949.1	9967384.5	9968357.3
11000000.0	10962300.4	10961658.5	10962774.5
12000000.0	11956339.6	11955620.5	11956884.0
13000000.0	12950091.7	12949291.8	12950702.3
14000000.0	13943571.3	13942691.6	13944249.6
15000000.0	14936796.1	14935836.1	14937549.0
16000000.0	15929786.9	15928730.7	15930614.8
17000000.0	16922553.6	16921379.8	16923464.1
18000000.0	17915128.8	17913811.3	17916122.3
19000000.0	18907493.4	18906038.1	18908592.3
20000000.0	19899656.3	19898069.4	19900851.2
21000000.0	20891592.6	20889913.9	20892924.0
22000000.0	21883419.7	21881580.1	21884816.6
23000000.0	22875027.4	22873078.6	22876645.1
24000000.0	23866449.3	23864375.6	23868215.7
25000000.0	24857702.2	24855509.8	24859607.3
26000000.0	25848826.6	25846362.3	25850826.3
27000000.0	26839719.1	26837102.4	26841977.2
28000000.0	27830564.4	27827148.4	27833058.7
29000000.0	28821281.5	28816917.2	28824018.1
30000000.0	29811905.3	29806593.5	29814918.6
31000000.0	30802388.2	30796057.7	30805727.3
32000000.0	31792711.8	31785311.6	31796410.3
33000000.0	32782867.5	32774370.2	32786992.0
34000000.0	33772843.1	33763199.1	33777480.5
35000000.0	34762749.7	34751293.6	34767879.2
36000000.0	35752510.7	35739400.5	35758189.9
37000000.0	36742184.0	36727829.3	36748415.2
38000000.0	37731815.9	37716082.6	37738557.5
39000000.0	38721407.0	38703970.3	38728618.7
40000000.0	39710628.0	39691573.7	39718660.3
41000000.0	40699983.8	40679012.6	40708669.8
42000000.0	41689245.5	41666287.8	41698614.6
43000000.0	42678415.1	42652884.4	42688496.9
44000000.0	43667494.1	43639158.9	43678318.8
45000000.0	44656482.5	44625151.9	44668082.1
46000000.0	45645177.6	45610866.7	45657788.5
47000000.0	46633987.5	46595897.2	46647439.7
48000000.0	47622581.4	47580550.7	47637037.4
49000000.0	48610855.8	48564921.2	48626584.5
50000000.0	49599402.0	49549011.7	49616082.0
51000000.0	50587719.5	50532825.1	50605530.2
52000000.0	51575894.5	51516364.4	51594930.2
53000000.0	52564007.8	52499632.1	52584283.3
54000000.0	53552006.4	53482630.8	53573590.5
55000000.0	54539869.9	54465363.1	54562852.9
56000000.0	55527685.9	55448059.0	55552071.6
57000000.0	56515516.8	56431203.5	56541247.4
58000000.0	57503265.9	57414156.0	57530381.3
59000000.0	58490772.7	58396916.6	58519474.2
60000000.0	59478159.8	59379485.7	59508526.8
61000000.0	60465455.9	60361863.3	60497539.9
62000000.0	61452708.6	61344049.8	61486514.3
63000000.0	62439912.2	62326045.1	62475450.7
64000000.0	63427031.4	63307849.3	63464349.6
65000000.0	64414066.8	64289462.6	64453211.8
66000000.0	65401066.7	65270885.0	65442037.9
67000000.0	66388003.3	66252116.5	66430828.3
68000000.0	67374859.2	67233157.2	67419583.8
69000000.0	68361634.7	68214007.1	68408304.7
70000000.0	69348330.5	69194666.2	69396991.6
71000000.0	70334946.7	70175134.7	70385645.0
72000000.0	71321483.9	71155412.5	71374265.3
73000000.0	72307942.3	72135499.6	72362852.9
74000000.0	73294322.4	73115396.1	73351408.2
75000000.0	74280624.5	74095102.1	74339931.8
76000000.0	75266848.9	75074617.5	75328423.8
77000000.0	76252995.9	76053942.3	76316884.7
78000000.0	77239065.8	77033076.7	77305314.9
79000000.0	78225058.9	78012020.7	78293714.7
80000000.0	79210975.6	78990774.3	79282084.3
81000000.0	80196779.3	79969337.5	80270424.1
82000000.0	81182468.8	80947710.4	81258734.4
83000000.0	82168222.0	81925893.0	82247015.4
84000000.0	83153882.2	82903885.5	83235267.5
85000000.0	84139420.1	83881687.7	84223490.9
86000000.0	85124883.0	84859299.8	85211685.8
87000000.0	86110271.1	85836721.9	86199852.6
88000000.0	87095584.6	86813953.9	87187991.3
89000000.0	88080823.6	87790996.0	88176102.2
90000000.0	89065988.5	88767848.1	89164321.3
91000000.0	90051079.3	89744510.4	90152541.7
92000000.0	91036096.2	90720982.9	91140743.0
93000000.0	92021039.5	91697265.7	92128925.5
94000000.0	93005909.3	92673358.7	93117089.5
95000000.0	93990705.8	93649262.2	94105235.2
96000000.0	94975429.1	94624976.0	95093362.9
97000000.0	95960079.4	95600500.4	96081472.9
98000000.0	96944656.8	96575835.3	97069565.4
99000000.0	97929161.5	97550980.8	98057640.7
100000000.0	98913593.5	98525937.0	99045699.0
101000000.0	99897953.2	99500703.9	100033740.5
102000000.0	100882240.5	100475281.7	101021765.5
103000000.0	101866455.6	101449670.2	102009774.2
104000000.0	102850598.7	102423869.7	102997766.7
105000000.0	103834669.8	103397880.2	103985743.4
106000000.0	104818669.1	104371701.8	104973704.3
107000000.0	105802596.7	105345334.4	105961649.8
108000000.0	106786452.6	106318778.2	106949579.9
109000000.0	107770237.1	107292033.3	107937494.8
110000000.0	108753953.0	108265099.7	108925394.9
111000000.0	109737710.3	109237977.4	109913280.1
112000000.0	110721399.3	110210666.5	110901150.7
113000000.0	111705020.2	111183167.2	111889006.8
114000000.0	112688573.0	112155479.4	112876848.6
115000000.0	113672057.8	113127603.2	113864676.3
116000000.0	114655474.8	114099538.7	114852490.0
117000000.0	115638824.0	115071286.0	115840290.9
118000000.0	116622105.5	116042845.1	116828092.4
119000000.0	117605319.3	117014216.0	117815880.9
120000000.0	118588465.7	117985398.9	118803656.4
121000000.0	119571544.6	118956393.8	119791419.0
122000000.0	120554556.2	119927200.7	120779168.9
123000000.0	121537500.5	120897819.8	121766906.3
124000000.0	122520377.6	121868251.1	122754631.2
125000000.0	123503187.6	122838494.6	123742343.7
126000000.0	124485930.5	123808550.5	124730044.1
127000000.0	125468606.5	124778418.7	125717732.3
128000000.0	126451215.5	125748099.4	126705408.5
129000000.0	127433757.7	126717592.6	127693072.9
130000000.0	128416233.2	127686898.4	128680725.4
131000000.0	129398641.9	128656016.8	129668366.3
132000000.0	130380984.0	129624947.9	130655995.6
133000000.0	131363259.5	130593691.7	131643613.5
134000000.0	132345468.5	131562248.4	132631219.9
135000000.0	133327611.1	132530617.9	133618815.1
136000000.0	134309687.2	133498800.5	134606399.1
137000000.0	135291697.0	134466796.0	135593971.9
138000000.0	136273640.5	135434604.5	136581533.8
139000000.0	137255517.8	136402226.2	137569084.7
140000000.0	138237328.8	137369661.1	138556624.8
141000000.0	139218715.6	138336909.3	139544154.1
142000000.0	140199534.5	139303970.8	140531672.7
143000000.0	141180274.5	140270845.6	141519180.7
144000000.0	142161051.6	141237533.9	142506678.2
145000000.0	143141746.3	142204035.7	143494165.2
146000000.0	144122358.4	143170351.0	144481641.9
147000000.0	145102888.1	144136480.0	145469108.2
148000000.0	146083718.9	145102422.6	146456564.3
149000000.0	147064830.2	146068179.0	147444010.2
150000000.0	148045875.1	147033749.1	148431446.0
151000000.0	149026853.6	147999133.2	149418871.7
152000000.0	150007765.8	148964331.1	150406287.5
153000000.0	150988628.8	149929343.1	151393693.4
154000000.0	151969432.2	150894169.0	152381089.4
155000000.0	152950170.1	151858809.1	153368475.6
156000000.0	153930842.5	152823263.4	154355852.1
157000000.0	154911449.5	153787531.8	155343218.9
158000000.0	155891991.0	154751614.5	156330576.1
159000000.0	156872467.2	155715511.6	157317923.7
160000000.0	157852878.1	156679223.1	158305261.8
161000000.0	158833223.7	157642749.0	159292590.4
162000000.0	159813504.0	158606089.4	160279909.7
163000000.0	160793719.1	159569244.4	161267219.5
164000000.0	161773869.0	160532214.1	162254520.1
165000000.0	162753953.8	161494998.4	163241811.4
166000000.0	163733973.5	162457597.5	164229093.5
167000000.0	164713928.1	163420011.3	165216366.4
168000000.0	165693817.6	164382240.1	166203630.2
169000000.0	166673642.2	165344283.7	167190885.0
170000000.0	167653401.7	166306142.4	168178130.7
171000000.0	168633096.4	167267816.1	169165367.4
172000000.0	169612726.1	168229304.9	170152595.2
173000000.0	170592290.9	169190608.8	171139814.0
174000000.0	171571790.9	170151728.0	172127024.0
175000000.0	172551226.1	171112662.4	173114225.2
176000000.0	173530596.5	172073412.1	174101417.6
177000000.0	174509902.1	173033977.3	175088601.3
178000000.0	175489142.9	173994357.8	176075776.2
179000000.0	176468306.6	174954553.9	177062942.5
180000000.0	177447235.8	175914565.5	178050100.2
181000000.0	178426097.6	176874392.8	179037249.2
182000000.0	179404891.9	177834035.7	180024389.7
183000000.0	180383618.8	178793494.3	181011521.7
184000000.0	181362278.3	179752768.8	181998645.1
185000000.0	182340870.4	180711859.0	182985760.1
186000000.0	183319395.2	181670765.2	183972866.7
187000000.0	184297852.6	182629487.3	184959964.9
188000000.0	185276166.8	183588025.4	185947054.7
189000000.0	186254212.9	184546379.6	186934136.2
190000000.0	187232187.1	185504549.9	187921209.3
191000000.0	188210089.5	186462536.4	188908274.2
192000000.0	189187920.0	187420339.1	189895330.9
193000000.0	190165678.7	188377958.2	190882379.3
194000000.0	191143365.7	189335393.5	191869419.5
195000000.0	192120980.9	190292645.3	192856451.6
196000000.0	193098524.3	191249713.5	193843475.6
197000000.0	194075996.0	192206598.3	194830491.4
198000000.0	195053395.9	193163299.6	195817499.2
199000000.0	196030724.1	194119817.5	196804498.9
200000000.0	197007980.7	195076152.1	197791490.6
201000000.0	197985165.5	196032303.5	198778474.2
202000000.0	198962278.7	196988271.6	199765449.9
203000000.0	199939320.2	197944056.6	200752417.7
204000000.0	200916290.1	198899658.5	201739377.5
205000000.0	201893188.3	199855077.4	202726329.4
206000000.0	202870014.9	200810313.3	203713273.4
207000000.0	203846769.9	201765366.2	204700209.5
208000000.0	204823453.4	202720236.3	205687137.8
209000000.0	205800065.2	203674923.5	206674058.3
210000000.0	206776605.5	204629428.0	207660971.0
211000000.0	207753074.3	205583749.8	208647875.9
212000000.0	208729471.5	206537888.9	209634773.1
213000000.0	209705797.1	207491370.5	210621662.5
214000000.0	210682051.3	208444232.3	211608544.2
215000000.0	211658457.1	209396902.8	212595418.2
216000000.0	212634898.1	210349382.0	213582284.5
217000000.0	213611272.0	211301670.2	214569143.2
218000000.0	214587578.8	212253767.3	215555994.3
219000000.0	215563818.4	213205673.4	216542837.7
220000000.0	216539991.0	214157388.5	217529673.5
221000000.0	217516096.5	215108912.7	218516501.7
222000000.0	218492134.9	216060246.1	219503322.4
223000000.0	219468106.2	217011388.8	220490135.5
224000000.0	220444010.6	217962340.8	221476941.1
225000000.0	221419847.9	218913102.1	222463739.2
226000000.0	222395618.2	219863672.8	223450529.8
227000000.0	223371321.5	220814053.1	224437312.9
228000000.0	224346957.8	221764242.8	225424088.5
229000000.0	225322527.2	222714242.2	226410856.7
230000000.0	226298029.6	223664051.3	227397617.4
231000000.0	227273465.1	224613670.1	228384370.8
232000000.0	228248833.7	225563098.6	229371116.7
233000000.0	229224135.3	226512337.1	230357855.2
234000000.0	230199370.1	227461385.4	231344586.4
235000000.0	231174538.0	228410243.7	232331310.2
236000000.0	232149639.0	229358912.1	233318026.7
237000000.0	233124673.2	230307390.5	234304735.8
238000000.0	234099640.5	231255679.1	235291437.6
239000000.0	235074541.0	232203777.9	236278132.2
240000000.0	236049374.7	233151687.0	237264819.4
241000000.0	237024141.6	234099406.4	238251499.4
242000000.0	237998841.7	235046936.2	239238172.0
243000000.0	238973475.0	235994276.5	240224837.5
244000000.0	239948041.6	236941427.2	241211495.7
245000000.0	240922417.2	237888388.6	242197814.6
246000000.0	241896648.7	238835160.6	243183734.8
247000000.0	242870811.2	239781743.3	244169640.4
248000000.0	243844904.7	240728136.7	245155531.6
249000000.0	244818929.3	241674341.0	246141408.3
250000000.0	245792885.0	242620356.1	247127270.5
251000000.0	246766771.7	243566182.1	248113118.4
252000000.0	247740589.5	244511819.2	249098951.7
253000000.0	248714338.4	245457267.3	250084770.7
254000000.0	249688018.5	246402526.5	251070575.2
255000000.0	250661629.6	247347596.8	252056365.4
256000000.0	251635171.9	248292478.4	253042141.1
257000000.0	252608645.4	249237171.3	254027902.4
258000000.0	253582050.0	250181675.5	255013649.4
259000000.0	254555385.7	251125991.2	255999381.9
260000000.0	255528652.6	252070118.3	256985100.1
261000000.0	256501850.7	253014056.9	257970804.0
262000000.0	257475104.7	253957807.1	258956493.4
263000000.0	258448356.6	254901368.9	259942168.6
264000000.0	259421541.6	255844742.5	260927829.3
265000000.0	260394659.5	256787927.8	261913475.8
266000000.0	261367710.4	257730924.9	262899107.9
267000000.0	262340694.4	258673733.9	263884725.7
268000000.0	263313611.3	259616354.8	264870329.2
269000000.0	264286461.3	260558787.7	265855918.3
270000000.0	265259244.3	261501032.6	266841493.2
271000000.0	266231960.4	262443089.7	267827053.8
272000000.0	267204609.6	263384958.9	268812600.1
273000000.0	268177191.8	264326640.3	269798132.1
274000000.0	269149707.1	265268134.0	270783649.8
275000000.0	270122155.5	266209440.1	271769153.2
276000000.0	271094537.0	267150558.6	272754642.4
277000000.0	272066851.6	268091489.5	273740117.4
278000000.0	273039099.3	269032232.9	274725578.0
279000000.0	274011280.2	269972788.9	275711024.5
280000000.0	274983394.2	270913157.5	276696456.7
281000000.0	275955441.3	271853338.8	277681874.6
282000000.0	276927421.6	272793332.8	278667278.3
283000000.0	277899335.1	273733139.7	279652667.8
284000000.0	278871253.7	274672759.4	280638043.1
285000000.0	279843198.7	275612192.0	281623404.2
286000000.0	280815078.5	276551437.6	282608751.0
287000000.0	281786892.9	277490496.2	283594083.7
288000000.0	282758642.1	278429367.9	284579402.2
289000000.0	283730326.0	279368052.8	285564706.4
290000000.0	284701944.5	280306550.8	286549996.5
291000000.0	285673497.9	281244862.1	287535272.4
292000000.0	286644985.9	282182986.8	288520534.1
293000000.0	287616408.7	283120924.8	289505781.7
294000000.0	288587766.3	284058676.2	290491015.1
295000000.0	289559058.6	284996241.1	291476234.3
296000000.0	290530285.7	285933619.6	292461439.4
297000000.0	291501447.6	286870811.6	293446630.3
298000000.0	292472544.3	287807817.4	294431807.0
299000000.0	293443575.8	288744636.8	295416969.7
300000000.0	294414542.2	289681270.0	296402118.1
301000000.0	295385443.3	290617717.0	297387252.5
302000000.0	296356279.3	291553978.0	298372372.7
303000000.0	297327087.6	292490052.8	299357478.8
304000000.0	298298107.6	293425941.7	300342570.8
305000000.0	299269065.2	294361644.6	301327648.6
306000000.0	300239960.3	295297161.6	302312712.4
307000000.0	301210793.0	296232492.8	303297762.0
308000000.0	302181563.2	297167638.3	304282797.5
309000000.0	303152270.9	298102598.0	305267819.0
310000000.0	304122916.3	299037372.0	306252826.3
311000000.0	305093499.2	299971960.4	307237819.5
312000000.0	306064019.6	300906363.3	308222798.7
313000000.0	307034477.7	301840580.7	309207763.7
314000000.0	308004873.4	302774612.7	310192714.7
315000000.0	308975206.7	303708459.3	311177651.6
316000000.0	309945477.6	304642120.5	312162574.5
317000000.0	310915686.2	305575596.5	313147483.3
318000000.0	311885832.4	306508887.3	314132378.0
319000000.0	312855916.3	307441992.9	315117258.6
320000000.0	313825937.8	308374913.4	316102125.2
321000000.0	314795897.0	309307648.9	317086977.7
322000000.0	315765793.8	310240199.4	318071816.2
323000000.0	316735622.8	311172564.9	319056640.6
324000000.0	317705251.3	312104745.6	320041451.0
325000000.0	318674816.5	313036741.5	321026247.4
326000000.0	319644318.5	313968552.6	322011029.7
327000000.0	320613757.2	314900179.0	322995797.9
328000000.0	321583132.7	315831620.7	323980552.2
329000000.0	322552444.9	316762877.9	324965292.4
330000000.0	323521693.9	317693950.5	325950018.6
331000000.0	324490879.7	318624838.6	326934730.8
332000000.0	325460002.3	319555542.3	327919428.9
333000000.0	326429061.8	320486061.6	328904113.1
334000000.0	327398058.0	321416396.6	329889034.5
335000000.0	328366991.0	322346547.3	330874111.6
336000000.0	329335860.9	323276513.3	331859178.0
337000000.0	330304667.6	324206202.5	332844233.5
338000000.0	331273411.1	325135707.1	333829278.3
339000000.0	332242091.6	326065027.2	334814312.4
340000000.0	333210708.8	326994162.7	335799335.7
341000000.0	334179263.0	327923113.8	336784348.2
342000000.0	335147754.0	328851880.5	337769349.9
343000000.0	336116181.9	329780462.9	338754341.0
344000000.0	337084546.8	330708861.0	339739321.2
345000000.0	338052848.5	331637074.8	340724290.8
346000000.0	339021087.1	332565104.5	341709249.5
347000000.0	339989262.7	333492950.1	342694197.6
348000000.0	340957375.2	334420611.6	343679134.9
349000000.0	341925424.7	335348089.1	344664061.5
350000000.0	342893411.0	336275382.7	345648977.3
351000000.0	343861334.4	337202492.3	346633882.5
352000000.0	344829194.7	338129418.2	347618776.9
353000000.0	345796992.0	339056160.2	348603660.6
354000000.0	346764726.3	339982718.5	349588533.6
355000000.0	347732397.5	340909093.2	350573395.9
356000000.0	348700005.8	341835284.2	351558247.5
357000000.0	349667551.1	342761291.6	352543088.4
358000000.0	350635033.3	343687115.6	353527918.6
359000000.0	351602452.7	344612756.1	354512738.0
360000000.0	352569809.0	345538213.2	355497546.8
361000000.0	353537102.4	346463487.0	356482345.0
362000000.0	354504332.8	347388577.4	357467132.4
363000000.0	355471500.3	348313484.7	358451909.1
364000000.0	356438463.0	349238208.7	359436675.2
365000000.0	357405156.8	350162749.7	360421430.6
366000000.0	358371785.4	351087107.6	361406175.3
367000000.0	359338348.7	352011282.4	362390909.4
368000000.0	360304846.9	352935274.4	363375632.8
369000000.0	361271279.9	353859083.4	364360345.5
370000000.0	362237647.7	354782709.5	365345047.6
371000000.0	363203950.3	355706152.9	366329739.0
372000000.0	364170187.8	356629413.6	367314419.7
373000000.0	365136360.1	357552491.5	368299089.8
374000000.0	366102467.2	358475386.8	369283749.3
375000000.0	367068509.2	359398099.6	370268398.1
376000000.0	368034486.1	360320629.8	371253036.2
377000000.0	369000397.9	361242977.6	372237663.8
378000000.0	369966244.5	362165143.0	373222280.7
379000000.0	370932026.0	363087126.0	374206886.9
380000000.0	371897742.4	364008926.7	375191482.5
381000000.0	372863393.8	364930545.2	376176067.5
382000000.0	373828980.0	365851981.4	377160641.9
383000000.0	374794501.1	366773235.6	378145205.6
384000000.0	375759957.2	367694307.6	379129758.8
385000000.0	376725348.3	368615197.7	380114301.3
386000000.0	377690674.2	369535905.7	381098833.2
387000000.0	378655935.1	370456431.9	382083354.4
388000000.0	379621131.0	371376776.2	383067865.1
389000000.0	380586261.8	372296938.6	384052365.1
390000000.0	381551327.7	373216919.4	385036854.6
391000000.0	382516328.4	374136718.4	386021333.4
392000000.0	383481264.2	375056335.7	387005801.7
393000000.0	384446135.0	375975771.5	387990259.3
394000000.0	385410940.8	376895025.8	388974706.4
395000000.0	386375681.6	377814098.5	389959142.8
396000000.0	387340357.4	378732989.8	390943568.7
397000000.0	388304968.2	379651699.8	391927984.0
398000000.0	389269514.1	380570228.4	392912388.7
399000000.0	390233995.0	381488575.8	393896782.8
400000000.0	391198411.0	382406741.9	394881166.3
401000000.0	392162762.0	383324726.9	395865539.3
402000000.0	393127048.1	384242530.8	396849901.6
403000000.0	394091269.3	385160153.7	397834253.4
404000000.0	395055425.5	386077595.5	398818594.6
405000000.0	396019516.8	386994856.4	399802925.3
406000000.0	396983543.2	387911936.4	400787245.4
407000000.0	397947504.7	388828835.6	401771554.9
408000000.0	398911401.4	389745554.0	402755853.8
409000000.0	399875233.1	390662091.6	403740142.2
410000000.0	400839000.0	391578448.6	404724420.0
411000000.0	401802702.0	392494625.0	405708687.3
412000000.0	402766339.1	393410620.8	406692944.0
413000000.0	403729911.4	394326436.1	407677190.2
414000000.0	404693418.8	395242070.9	408661425.8
415000000.0	405656861.4	396157525.4	409645650.8
416000000.0	406620239.2	397072799.4	410629865.4
417000000.0	407583552.1	397987893.2	411614069.3
418000000.0	408546800.2	398902806.8	412598262.7
419000000.0	409509983.5	399817540.1	413582445.6
420000000.0	410473102.1	400732093.3	414566617.9
421000000.0	411436155.8	401646466.4	415550779.7
422000000.0	412399144.7	402560659.5	416534931.0
423000000.0	413362068.8	403474672.7	417519071.7
424000000.0	414324928.2	404388505.9	418503201.9
425000000.0	415287722.8	405302159.2	419487321.6
426000000.0	416250452.6	406215632.7	420471430.7
427000000.0	417213117.7	407128926.5	421455529.3
428000000.0	418175718.1	408042040.5	422439617.4
429000000.0	419138253.7	408954974.9	423423695.0
430000000.0	420100724.6	409867729.7	424407762.0
431000000.0	421063130.7	410780304.9	425391818.5
432000000.0	422025472.2	411692700.7	426375864.5
433000000.0	422987748.9	412604917.0	427359900.0
434000000.0	423949960.9	413516953.9	428343969.6
435000000.0	424912108.2	414428811.4	429328076.3
436000000.0	425874190.9	415340489.7	430312173.0
437000000.0	426836208.9	416251988.8	431296259.6
438000000.0	427798162.2	417163308.7	432280336.2
439000000.0	428760050.8	418074449.5	433264402.8
440000000.0	429721874.8	418985411.2	434248459.4
441000000.0	430683634.1	419896193.8	435232506.0
442000000.0	431645328.8	420806797.5	436216542.5
443000000.0	432606958.8	421717222.3	437200569.1
444000000.0	433568524.2	422627468.3	438184585.6
445000000.0	434530025.0	423537535.4	439168592.2
446000000.0	435491461.2	424447423.8	440152588.7
447000000.0	436452832.7	425357133.5	441136575.3
448000000.0	437414139.7	426266664.5	442120551.8
449000000.0	438375382.1	427176017.0	443104518.4
450000000.0	439336559.9	428085190.9	444088474.9
451000000.0	440297673.1	428994186.3	445072421.5
452000000.0	441258721.7	429903003.3	446056358.0
453000000.0	442219705.8	430811641.9	447040284.6
454000000.0	443180625.3	431720102.2	448024201.2
455000000.0	444141480.2	432628384.2	449008107.8
456000000.0	445102270.6	433536488.0	449992004.4
457000000.0	446062996.5	434444413.6	450975891.0
458000000.0	447023657.8	435352161.1	451959767.7
459000000.0	447984254.7	436259730.5	452943634.3
460000000.0	448944787.0	437167121.9	453927491.0
461000000.0	449905254.8	438074335.4	454911337.7
462000000.0	450865658.1	438981370.9	455895174.4
463000000.0	451825996.9	439888228.6	456879001.1
464000000.0	452786271.2	440794908.5	457862817.9
465000000.0	453746481.0	441701410.6	458846624.7
466000000.0	454706626.4	442607735.0	459830421.5
467000000.0	455666707.2	443513881.8	460814208.4
468000000.0	456626723.7	444419851.0	461797985.2
469000000.0	457586675.7	445325642.7	462781752.1
470000000.0	458546563.2	446231256.9	463765509.1
471000000.0	459506386.3	447136693.6	464749256.1
472000000.0	460466144.9	448041953.0	465732993.1
473000000.0	461425839.2	448947035.0	466716720.1
474000000.0	462385469.0	449851939.7	467700437.2
475000000.0	463345034.4	450756667.2	468684144.3
476000000.0	464304535.4	451661217.6	469667841.5
477000000.0	465263972.0	452565590.8	470651528.7
478000000.0	466223344.2	453469787.0	471635206.0
479000000.0	467182652.0	454373806.1	472618873.3
480000000.0	468141895.5	455277648.3	473602530.6
481000000.0	469101074.6	456181313.5	474586178.0
482000000.0	470060189.3	457084801.9	475569815.5
483000000.0	471019239.7	457988113.5	476553443.0
484000000.0	471978225.7	458891248.4	477537060.5
485000000.0	472937147.4	459794206.5	478521436.5
486000000.0	473896004.7	460696988.0	479505847.8
487000000.0	474854797.7	461599592.9	480490253.0
488000000.0	475813526.4	462502021.2	481474652.1
489000000.0	476772190.8	463404273.0	482459045.0
490000000.0	477730790.9	464306348.4	483443431.8
491000000.0	478689326.6	465208247.4	484427812.5
492000000.0	479647798.1	466109970.1	485412187.2
493000000.0	480606205.3	467011516.5	486396555.6
494000000.0	481564548.2	467912886.6	487380918.0
495000000.0	482522826.9	468814080.6	488365274.3
496000000.0	483481041.2	469715098.4	489349624.5
497000000.0	484439191.4	470615940.1	490333968.5
498000000.0	485397277.2	471516605.8	491318306.5
499000000.0	486355298.8	472417095.6	492302638.4
500000000.0	487313256.2	473317409.4	493286964.1
501000000.0	488271149.4	474217547.3	494271283.8
502000000.0	489228978.3	475117509.4	495255597.4
503000000.0	490186743.0	476017295.8	496239904.8
504000000.0	491144443.5	476916906.4	497224206.2
505000000.0	492102079.8	477816341.4	498208501.5
506000000.0	493059651.9	478715600.7	499192790.7
507000000.0	494017159.8	479614684.5	500177073.8
508000000.0	494974603.5	480513592.7	501161350.8
509000000.0	495931983.1	481412325.5	502145621.7
510000000.0	496889298.4	482310882.9	503129886.5
511000000.0	497846549.7	483209265.0	504114145.3
512000000.0	498803736.7	484107471.7	505098397.9
513000000.0	499760859.6	485005503.2	506082644.5
514000000.0	500717918.4	485903359.5	507066885.0
515000000.0	501674913.0	486801040.6	508051119.4
516000000.0	502631843.5	487698546.6	509035347.7
517000000.0	503588709.9	488595877.6	510019570.0
518000000.0	504545512.1	489493033.6	511003786.1
519000000.0	505502250.3	490390014.6	511987996.2
520000000.0	506458924.4	491286820.8	512972200.2
521000000.0	507415534.3	492183452.0	513956398.2
522000000.0	508372080.2	493079908.6	514940590.1
523000000.0	509328562.0	493976190.3	515924775.8
524000000.0	510284979.7	494872297.4	516908955.6
525000000.0	511241333.3	495768229.8	517893129.2
526000000.0	512197622.9	496663987.7	518877296.8
527000000.0	513153848.4	497559571.0	519861458.3
528000000.0	514110009.9	498454979.8	520845613.8
529000000.0	515066107.3	499350214.2	521829763.2
530000000.0	516022140.7	500245274.2	522813906.5
531000000.0	516978110.1	501140159.9	523798043.8
532000000.0	517934015.5	502034871.3	524782175.0
533000000.0	518889856.8	502929408.5	525766300.1
534000000.0	519845634.2	503823771.5	526750419.2
535000000.0	520801347.5	504717960.3	527734532.2
536000000.0	521756996.8	505611975.1	528718639.1
537000000.0	522712582.2	506505815.9	529702740.1
538000000.0	523668103.6	507399482.7	530686834.9
539000000.0	524623561.0	508292975.5	531670923.7
540000000.0	525578954.4	509186294.5	532655006.4
541000000.0	526534283.9	510079439.7	533639083.1
542000000.0	527489549.4	510972411.1	534623153.7
543000000.0	528444751.0	511865208.8	535607218.3
544000000.0	529399888.6	512757832.8	536591276.8
545000000.0	530354962.3	513650283.2	537575329.3
546000000.0	531309972.1	514542560.0	538559375.8
547000000.0	532264917.9	515434663.3	539543416.1
548000000.0	533219799.9	516326593.2	540527450.5
549000000.0	534174617.9	517218349.6	541511478.8
550000000.0	535129372.0	518109932.7	542495501.0
551000000.0	536084062.3	519001342.4	543479517.2
552000000.0	537038688.6	519892578.9	544463527.4
553000000.0	537993251.1	520783642.2	545447531.5
554000000.0	538947749.7	521674532.3	546431529.6
555000000.0	539902184.4	522565249.3	547415521.6
556000000.0	540856555.3	523455793.3	548399507.6
557000000.0	541810862.3	524346164.2	549383487.6
558000000.0	542765105.5	525236362.2	550367461.5
559000000.0	543719284.8	526126387.2	551351429.4
560000000.0	544673400.3	527016239.4	552335391.3
561000000.0	545627452.0	527905918.8	553319347.1
562000000.0	546581439.9	528795425.5	554303296.9
563000000.0	547535363.9	529684759.4	555287240.7
564000000.0	548489224.1	530573920.7	556271178.4
565000000.0	549443020.6	531462909.4	557255110.1
566000000.0	550396753.2	532351725.5	558239035.8
567000000.0	551350422.1	533240369.1	559222955.4
568000000.0	552304027.2	534128840.3	560206869.0
569000000.0	553257568.5	535017139.0	561190776.6
570000000.0	554211046.0	535905265.4	562174678.1
571000000.0	555164459.8	536793219.5	563158573.7
572000000.0	556117809.8	537681001.4	564142463.2
573000000.0	557071096.1	538568611.0	565126346.7
574000000.0	558024318.6	539456048.5	566110224.1
575000000.0	558977477.4	540343313.9	567094095.6
576000000.0	559930572.5	541230407.2	568077961.0
577000000.0	560883603.8	542117328.5	569061820.4
578000000.0	561836571.5	543004077.9	570045673.7
579000000.0	562789475.4	543890655.3	571029521.1
580000000.0	563742315.7	544777061.0	572013362.4
581000000.0	564695092.2	545663294.8	572997197.7
582000000.0	565647805.1	546549356.8	573981027.0
583000000.0	566600454.2	547435247.2	574964850.3
584000000.0	567553039.7	548320965.9	575948667.6
585000000.0	568505561.6	549206513.0	576932478.9
586000000.0	569458019.7	550091888.6	577916284.1
587000000.0	570410414.3	550977092.6	578900083.3
588000000.0	571362745.1	551862125.2	579883876.5
589000000.0	572315012.4	552746986.4	580867663.7
590000000.0	573267215.9	553631676.3	581851444.9
591000000.0	574219355.9	554516194.8	582835220.1
592000000.0	575171432.3	555400542.1	583818989.3
593000000.0	576123445.0	556284718.2	584802752.5
594000000.0	577075394.1	557168723.1	585786509.6
595000000.0	578027279.6	558052556.9	586770260.8
596000000.0	578979101.6	558936219.7	587754005.9
597000000.0	579930859.9	559819711.5	588737745.1
598000000.0	580882554.7	560703032.3	589721478.2
599000000.0	581834185.8	561586182.2	590705205.3
600000000.0	582785753.5	562469161.3	591688926.5
601000000.0	583737257.5	563351969.5	592672641.6
602000000.0	584688698.0	564234607.0	593656350.7
603000000.0	585640074.9	565117073.8	594640053.8
604000000.0	586591388.3	565999369.9	595623751.0
605000000.0	587542638.2	566881495.5	596607442.1
606000000.0	588493824.6	567763450.4	597591127.2
607000000.0	589444947.4	568645234.9	598574806.3
608000000.0	590396006.7	569526848.9	599558479.4
609000000.0	591347002.5	570408292.5	600542146.6
610000000.0	592297934.7	571289565.8	601525807.7
611000000.0	593248803.5	572170668.7	602509462.8
612000000.0	594199608.8	573051601.4	603493112.0
613000000.0	595150350.7	573932363.8	604476755.1
614000000.0	596101029.0	574812956.1	605460392.3
615000000.0	597051643.9	575693378.3	606444023.4
616000000.0	598002195.3	576573630.4	607427648.6
617000000.0	598952683.2	577453712.5	608411267.8
618000000.0	599903107.7	578333624.7	609394881.0
619000000.0	600853468.8	579213366.9	610378488.1
620000000.0	601803766.4	580092939.3	611362089.3
621000000.0	602754000.6	580972341.9	612345684.6
622000000.0	603704171.3	581851574.7	613329273.8
623000000.0	604654278.7	582730637.7	614312857.0
624000000.0	605604322.6	583609531.1	615296434.3
625000000.0	606554303.1	584488254.9	616280005.5
626000000.0	607504220.2	585366809.1	617263570.8
627000000.0	608454074.0	586245193.8	618247130.1
628000000.0	609403864.3	587123409.1	619230683.4
629000000.0	610353591.3	588001454.9	620214230.7
630000000.0	611303254.9	588879331.3	621197772.0
631000000.0	612252855.1	589757038.4	622181307.4
632000000.0	613202392.0	590634576.3	623164836.7
633000000.0	614151865.5	591511944.9	624148360.1
634000000.0	615101275.7	592389144.3	625131877.5
635000000.0	616050622.5	593266174.6	626115388.9
636000000.0	616999906.0	594143035.8	627098894.4
637000000.0	617949126.2	595019728.0	628082393.8
638000000.0	618898283.0	595896251.3	629065887.3
639000000.0	619847376.6	596772605.5	630049374.8
640000000.0	620796406.8	597648790.9	631032856.3
641000000.0	621745373.7	598524807.5	632016331.9
642000000.0	622694277.4	599400655.3	632999801.4
643000000.0	623643117.7	600276334.4	633983265.0
644000000.0	624591894.8	601151844.7	634966722.6
645000000.0	625540608.6	602027186.4	635950174.3
646000000.0	626489259.1	602902359.6	636933619.9
647000000.0	627437846.3	603777364.2	637917059.6
648000000.0	628386370.3	604652200.3	638900493.3
649000000.0	629334831.1	605526867.9	639883921.1
650000000.0	630283228.6	606401367.2	640867342.8
651000000.0	631231562.9	607275698.1	641850758.6
652000000.0	632179833.9	608149860.7	642834168.5
653000000.0	633128041.7	609023855.1	643817572.3
654000000.0	634076186.3	609897681.3	644800970.2
655000000.0	635024267.7	610771339.3	645784362.1
656000000.0	635972285.9	611644829.2	646767748.0
657000000.0	636920240.9	612518151.1	647751128.0
658000000.0	637868132.7	613391305.0	648734502.0
659000000.0	638815961.3	614264290.9	649717870.1
660000000.0	639763726.7	615137108.9	650701232.1
661000000.0	640711429.0	616009759.0	651684588.2
662000000.0	641659068.1	616882241.3	652667938.4
663000000.0	642606644.0	617754555.9	653651282.5
664000000.0	643554156.8	618626702.7	654634620.7
665000000.0	644501606.5	619498681.9	655617953.0
666000000.0	645448993.0	620370493.5	656601279.2
667000000.0	646396316.3	621242137.5	657584599.5
668000000.0	647343576.6	622113614.0	658567913.9
669000000.0	648290773.7	622984923.0	659551222.3
670000000.0	649237907.7	623856064.6	660534524.7
671000000.0	650184978.6	624727038.8	661517821.1
672000000.0	651131986.4	625597845.7	662501111.6
673000000.0	652078931.1	626468485.3	663484396.2
674000000.0	653025812.7	627338957.6	664467674.7
675000000.0	653972631.2	628209262.8	665450947.3
676000000.0	654919386.7	629079400.9	666434214.0
677000000.0	655866079.1	629949371.8	667417474.7
678000000.0	656812708.4	630819175.8	668400729.4
679000000.0	657759274.7	631688812.7	669383978.2
680000000.0	658705777.9	632558282.7	670367221.0
681000000.0	659652218.1	633427585.8	671350457.8
682000000.0	660598595.2	634296722.1	672333688.7
683000000.0	661544909.3	635165691.5	673316913.7
684000000.0	662491160.4	636034494.3	674300132.7
685000000.0	663437348.5	636903130.3	675283345.7
686000000.0	664383473.6	637771599.6	676266552.8
687000000.0	665329535.6	638639902.4	677249753.9
688000000.0	666275534.7	639508038.6	678232949.1
689000000.0	667221470.7	640376008.3	679216138.3
690000000.0	668167343.8	641243811.5	680199321.5
691000000.0	669113153.9	642111448.3	681182498.8
692000000.0	670058901.0	642978918.8	682165670.2
693000000.0	671004585.2	643846222.9	683148835.6
694000000.0	671950206.4	644713360.8	684131995.0
695000000.0	672895764.7	645580332.5	685115148.5
696000000.0	673841260.0	646447137.9	686098296.1
697000000.0	674786692.3	647313777.3	687081437.7
698000000.0	675732061.7	648180250.6	688064573.3
699000000.0	676677368.2	649046557.8	689047703.0
700000000.0	677622611.8	649912699.1	690030826.7
701000000.0	678567792.5	650778674.4	691013944.5
702000000.0	679512910.2	651644483.8	691997056.4
703000000.0	680457965.1	652510127.4	692980162.3
704000000.0	681402957.0	653375605.2	693963262.2
705000000.0	682347886.1	654240917.3	694946356.2
706000000.0	683292752.3	655106063.7	695929444.3
707000000.0	684237555.6	655971044.4	696912526.4
708000000.0	685182296.0	656835859.5	697895602.6
709000000.0	686126973.6	657700509.1	698878672.8
710000000.0	687071588.3	658564993.2	699861737.1
711000000.0	688016140.2	659429311.8	700844795.4
712000000.0	688960629.2	660293465.0	701827847.8
713000000.0	689905055.4	661157452.8	702810894.2
714000000.0	690849418.7	662021275.3	703793934.7
715000000.0	691793719.2	662884932.6	704776969.2
716000000.0	692737956.9	663748424.6	705759997.9
717000000.0	693682131.8	664611751.5	706743020.5
718000000.0	694626243.9	665474913.2	707726037.2
719000000.0	695570293.2	666337909.9	708709048.0
720000000.0	696514279.7	667200741.5	709692052.9
721000000.0	697458203.4	668063408.1	710675051.8
722000000.0	698402064.3	668925909.9	711658044.7
723000000.0	699345862.5	669788246.7	712641031.7
724000000.0	700289597.8	670650418.7	713624012.8
725000000.0	701233270.4	671512425.9	714606988.0
726000000.0	702176880.3	672374268.3	715589957.2
727000000.0	703120427.4	673235946.1	716572920.4
728000000.0	704063911.8	674097459.1	717555877.7
729000000.0	705007333.4	674958807.6	718538829.1
730000000.0	705950692.3	675819991.6	719521774.6
731000000.0	706893988.5	676681011.0	720504714.1
732000000.0	707837221.9	677541866.0	721487647.6
733000000.0	708780392.7	678402556.5	722470575.3
734000000.0	709723500.7	679263082.7	723453497.0
735000000.0	710666546.1	680123444.5	724436412.7
736000000.0	711609528.7	680983642.1	725419322.6
737000000.0	712552448.7	681843675.5	726402226.5
738000000.0	713495305.9	682703544.7	727385124.4
739000000.0	714438100.6	683563249.7	728368016.4
740000000.0	715380832.5	684422790.7	729350902.5
741000000.0	716323501.8	685282167.6	730333782.7
742000000.0	717266108.4	686141380.5	731316656.9
743000000.0	718208652.4	687000429.5	732299525.2
744000000.0	719151133.7	687859314.6	733282387.5
745000000.0	720093552.4	688718035.8	734265243.9
746000000.0	721035908.5	689576593.3	735248094.4
747000000.0	721978202.0	690434986.9	736230939.0
748000000.0	722920432.8	691293216.9	737213777.6
749000000.0	723862601.0	692151283.2	738196610.3
750000000.0	724804706.6	693009185.9	739179437.1
751000000.0	725746749.7	693866925.0	740162257.9
752000000.0	726688730.1	694724500.6	741145072.8
753000000.0	727630647.9	695581912.7	742127881.8
754000000.0	728572503.2	696439161.4	743110684.8
755000000.0	729514295.9	697296246.8	744093481.9
756000000.0	730456026.0	698153168.7	745076273.1
757000000.0	731397693.6	699009927.4	746059058.4
758000000.0	732339298.6	699866522.9	747041837.7
759000000.0	733280841.1	700722955.1	748024611.1
760000000.0	734222321.0	701579224.2	749007378.6
761000000.0	735163738.4	702435330.2	749990140.1
762000000.0	736105093.3	703291273.2	750972895.7
763000000.0	737046385.6	704147053.1	751955645.4
764000000.0	737987615.5	705002670.1	752938389.2
765000000.0	738928782.8	705858124.2	753921127.0
766000000.0	739869887.6	706713415.4	754903858.9
767000000.0	740810929.9	707568543.7	755886584.9
768000000.0	741751909.8	708423509.3	756869305.0
769000000.0	742692827.1	709278312.2	757852019.1
770000000.0	743633682.0	710132952.4	758834727.3
771000000.0	744574474.4	710987429.9	759817429.6
772000000.0	745515204.3	711841744.9	760800126.0
773000000.0	746455871.8	712695897.3	761782816.4
774000000.0	747396476.8	713549887.2	762765501.0
775000000.0	748337019.4	714403714.7	763748179.6
776000000.0	749277499.6	715257379.8	764730852.2
777000000.0	750217917.3	716110882.5	765713519.0
778000000.0	751158272.5	716964222.9	766696179.8
779000000.0	752098565.4	717817401.0	767678834.7
780000000.0	753038795.8	718670417.0	768661483.7
781000000.0	753978963.9	719523270.7	769644126.8
782000000.0	754919069.5	720375962.3	770626763.9
783000000.0	755859112.8	721228491.9	771609395.1
784000000.0	756799093.6	722080859.4	772592020.4
785000000.0	757739012.1	722933064.9	773574639.8
786000000.0	758678868.2	723785108.5	774557253.3
787000000.0	759618661.9	724636990.2	775539860.8
788000000.0	760558393.2	725488710.0	776522462.4
789000000.0	761498062.2	726340268.1	777505058.1
790000000.0	762437668.9	727191664.4	778487647.9
791000000.0	763377213.2	728042898.9	779470231.8
792000000.0	764316695.1	728893971.9	780452809.7
793000000.0	765256114.7	729744883.1	781435381.8
794000000.0	766195472.0	730595632.9	782417947.9
795000000.0	767134767.0	731446221.1	783400508.1
796000000.0	768073999.7	732296647.8	784383062.4
797000000.0	769013170.0	733146913.1	785365610.7
798000000.0	769952278.1	733997017.0	786348153.2
799000000.0	770891323.8	734846959.5	787330689.7
800000000.0	771830307.3	735696740.8	788313220.3
801000000.0	772769228.5	736546360.8	789295745.0
802000000.0	773708087.4	737395819.6	790278263.8
803000000.0	774646884.0	738245117.3	791260776.7
804000000.0	775585618.4	739094253.8	792243283.6
805000000.0	776524290.5	739943229.3	793225784.7
806000000.0	777462900.4	740792043.8	794208279.8
807000000.0	778401448.0	741640697.2	795190769.0
808000000.0	779339933.4	742489189.8	796173252.3
809000000.0	780278356.6	743337521.5	797155729.7
810000000.0	781216717.5	744185692.3	798138201.2
811000000.0	782155016.2	745033702.4	799120666.7
812000000.0	783093252.7	745881551.7	800103126.4
813000000.0	784031426.9	746729240.3	801085818.7
814000000.0	784969539.0	747576768.2	802068788.3
815000000.0	785907588.9	748424135.6	803051753.4
816000000.0	786845576.6	749271342.4	804034714.2
817000000.0	787783502.1	750118388.6	805017670.5
818000000.0	788721365.4	750965274.4	806000622.4
819000000.0	789659166.6	751811999.8	806983569.9
820000000.0	790596905.6	752658564.8	807966513.0
821000000.0	791534582.4	753504969.4	808949451.6
822000000.0	792472197.1	754351213.8	809932385.9
823000000.0	793409749.7	755197297.9	810915315.7
824000000.0	794347240.1	756043221.9	811898241.1
825000000.0	795284668.4	756888985.7	812881162.1
826000000.0	796222034.5	757734589.3	813864078.7
827000000.0	797159338.5	758580033.0	814846990.9
828000000.0	798096580.4	759425316.6	815829898.7
829000000.0	799033760.2	760270440.2	816812802.0
830000000.0	799970877.9	761115403.9	817795701.0
831000000.0	800907933.5	761960207.7	818778595.5
832000000.0	801844927.1	762804851.7	819761485.6
833000000.0	802781858.5	763649335.9	820744371.3
834000000.0	803718727.9	764493660.4	821727252.6
835000000.0	804655535.1	765337825.2	822710129.5
836000000.0	805592280.4	766181830.3	823693002.0
837000000.0	806528963.5	767025675.8	824675870.0
838000000.0	807465584.6	767869361.8	825658733.7
839000000.0	808402143.7	768712888.2	826641592.9
840000000.0	809338640.7	769556255.2	827624447.8
841000000.0	810275075.7	770399462.7	828607298.2
842000000.0	811211448.7	771242510.9	829590144.2
843000000.0	812147759.6	772085399.7	830572985.8
844000000.0	813084008.5	772928129.3	831555823.0
845000000.0	814020195.5	773770699.6	832538655.8
846000000.0	814956320.4	774613110.7	833521484.2
847000000.0	815892383.3	775455362.6	834504308.1
848000000.0	816828384.2	776297455.4	835487127.7
849000000.0	817764323.2	777139389.2	836469942.9
850000000.0	818700200.2	777981164.0	837452753.6
851000000.0	819636015.2	778822779.8	838435560.0
852000000.0	820571768.2	779664236.6	839418361.9
853000000.0	821507459.3	780505534.6	840401159.5
854000000.0	822443088.4	781346673.7	841383952.6
855000000.0	823378655.6	782187654.1	842366741.3
856000000.0	824314160.8	783028475.7	843349525.6
857000000.0	825249604.1	783869138.5	844332305.5
858000000.0	826184985.5	784709642.8	845315081.1
859000000.0	827120304.9	785549988.4	846297852.2
860000000.0	828055562.5	786390175.5	847280618.9
861000000.0	828990758.1	787230204.0	848263381.2
862000000.0	829925891.8	788070074.0	849246139.1
863000000.0	830860963.6	788909785.7	850228892.5
864000000.0	831795973.6	789749338.9	851211641.6
865000000.0	832730921.6	790588733.8	852194386.3
866000000.0	833665807.8	791427970.4	853177126.6
867000000.0	834600632.1	792267048.7	854159862.5
868000000.0	835535394.6	793105968.8	855142594.0
869000000.0	836470095.1	793944730.8	856125321.1
870000000.0	837404733.8	794783334.6	857108043.7
871000000.0	838339310.7	795621780.4	858090762.0
872000000.0	839273825.8	796460068.1	859073475.9
873000000.0	840208279.0	797298197.9	860056185.4
874000000.0	841142670.3	798136169.7	861038890.4
875000000.0	842076999.9	798973983.6	862021591.1
876000000.0	843011267.6	799811639.7	863004287.4
877000000.0	843945473.5	800649137.9	863986979.3
878000000.0	844879617.6	801486478.4	864969666.7
879000000.0	845813700.0	802323661.2	865952349.8
880000000.0	846747720.5	803160686.3	866935028.5
881000000.0	847681679.2	803997553.8	867917702.8
882000000.0	848615576.2	804834263.7	868900372.7
883000000.0	849549411.4	805670816.0	869883038.1
884000000.0	850483184.8	806507210.9	870865699.2
885000000.0	851416896.5	807343448.3	871848355.9
886000000.0	852350546.4	808179528.3	872831008.2
887000000.0	853284134.5	809015451.0	873813656.1
888000000.0	854217661.0	809851216.3	874796299.6
889000000.0	855151125.6	810686824.4	875778938.7
890000000.0	856084528.6	811522275.2	876761573.4
891000000.0	857017869.8	812357568.8	877744203.7
892000000.0	857951149.3	813192705.3	878726829.6
893000000.0	858884367.1	814027684.8	879709451.1
894000000.0	859817523.2	814862507.1	880692068.3
895000000.0	860750617.6	815697172.5	881674681.0
896000000.0	861683650.3	816531680.9	882657289.3
897000000.0	862616621.3	817366032.4	883639893.3
898000000.0	863549530.6	818200227.0	884622492.8
899000000.0	864482378.3	819034264.8	885605088.0
900000000.0	865415164.3	819868145.7	886587678.7
901000000.0	866347888.6	820701870.0	887570265.1
902000000.0	867280551.3	821535437.6	888552847.0
903000000.0	868213152.3	822368848.5	889535424.6
904000000.0	869145691.7	823202102.8	890517997.8
905000000.0	870078169.4	824035200.5	891500566.6
906000000.0	871010585.5	824868141.7	892483131.0
907000000.0	871942940.0	825700926.5	893465691.0
908000000.0	872875232.9	826533554.8	894448246.6
909000000.0	873807464.1	827366026.7	895430797.8
910000000.0	874739633.7	828198342.3	896413344.6
911000000.0	875671741.8	829030501.6	897395887.1
912000000.0	876603788.2	829862504.6	898378425.1
913000000.0	877535773.1	830694351.5	899360958.8
914000000.0	878467696.4	831526042.1	900343488.0
915000000.0	879399558.1	832357576.6	901326012.9
916000000.0	880331358.2	833188955.1	902308533.4
917000000.0	881263096.8	834020177.5	903291049.5
918000000.0	882194773.8	834851244.0	904273561.2
919000000.0	883126389.2	835682154.5	905256068.5
920000000.0	884057943.1	836512909.0	906238571.4
921000000.0	884989435.5	837343507.8	907221069.9
922000000.0	885920866.3	838173950.7	908203564.1
923000000.0	886852235.7	839004237.8	909186053.8
924000000.0	887783543.4	839834369.2	910168539.2
925000000.0	888714789.7	840664345.0	911151020.2
926000000.0	889645974.5	841494165.1	912133496.8
927000000.0	890577097.7	842323829.6	913115969.0
928000000.0	891508159.5	843153338.5	914098436.8
929000000.0	892439159.8	843982691.9	915080900.2
930000000.0	893370098.6	844811889.9	916063359.2
931000000.0	894300975.9	845640932.5	917045813.9
932000000.0	895231791.7	846469819.7	918028264.1
933000000.0	896162546.1	847298551.5	919010710.0
934000000.0	897093239.0	848127128.1	919993151.5
935000000.0	898023870.5	848955549.4	920975588.6
936000000.0	898954440.5	849783815.5	921958021.3
937000000.0	899884949.1	850611926.4	922940449.7
938000000.0	900815396.2	851439882.3	923922873.6
939000000.0	901745781.9	852267683.0	924905293.2
940000000.0	902676106.2	853095328.8	925887708.3
941000000.0	903606369.1	853922819.5	926870119.1
942000000.0	904536570.5	854750155.4	927852525.5
943000000.0	905466710.6	855577336.3	928834927.5
944000000.0	906396789.3	856404362.4	929817325.2
945000000.0	907326806.5	857231233.6	930799718.4
946000000.0	908256762.4	858057950.1	931782107.3
947000000.0	909186656.9	858884511.9	932764491.8
948000000.0	910116490.0	859710919.0	933746871.9
949000000.0	911046261.8	860537171.4	934729247.6
950000000.0	911975972.2	861363269.3	935711618.9
951000000.0	912905621.2	862189212.6	936693985.8
952000000.0	913835208.9	863015001.4	937676348.4
953000000.0	914764735.2	863840635.8	938658706.6
954000000.0	915694200.2	864666115.7	939641060.4
955000000.0	916623603.9	865491441.3	940623409.8
956000000.0	917552946.3	866316612.5	941605754.8
957000000.0	918482227.3	867141629.4	942588095.5
958000000.0	919411447.0	867966492.1	943570431.8
959000000.0	920340605.4	868791200.6	944552763.6
960000000.0	921269702.5	869615755.0	945535091.1
961000000.0	922198738.3	870440155.2	946517414.3
962000000.0	923127712.9	871264401.3	947499733.0
963000000.0	924056626.1	872088493.4	948482047.4
964000000.0	924985478.1	872912431.6	949464357.4
965000000.0	925914268.8	873736215.8	950446663.0
966000000.0	926842998.2	874559846.1	951428964.2
967000000.0	927771666.4	875383322.5	952411261.0
968000000.0	928700273.3	876206645.1	953393553.5
969000000.0	929628819.0	877029814.0	954375841.5
970000000.0	930557303.4	877852829.1	955358125.2
971000000.0	931485726.6	878675690.5	956340404.6
972000000.0	932414088.6	879498398.4	957322679.5
973000000.0	933342389.3	880320952.6	958304950.1
974000000.0	934270628.9	881143353.2	959287216.2
975000000.0	935198807.2	881965600.4	960269478.0
976000000.0	936126924.3	882787694.0	961251735.5
977000000.0	937054980.3	883609634.3	962233988.5
978000000.0	937982975.0	884431421.1	963216237.2
979000000.0	938910908.5	885253054.7	964198481.5
980000000.0	939838780.9	886074534.9	965180721.4
981000000.0	940766592.1	886895861.9	966162956.9
982000000.0	941694342.1	887717035.6	967145188.1
983000000.0	942622031.0	888538056.2	968127414.8
984000000.0	943549658.7	889358923.7	969109637.2
985000000.0	944477225.3	890179638.1	970091855.3
986000000.0	945404730.7	891000199.5	971074068.9
987000000.0	946332175.0	891820607.8	972056278.2
988000000.0	947259558.2	892640863.2	973038483.1
989000000.0	948186880.2	893460965.7	974020683.6
990000000.0	949114141.1	894280915.4	975002879.7
991000000.0	950041340.9	895100712.2	975985071.5
992000000.0	950968479.6	895920356.2	976967258.9
993000000.0	951895557.2	896739847.5	977949441.9
994000000.0	952822573.7	897559186.0	978931620.5
995000000.0	953749529.1	898378372.0	979913794.8
996000000.0	954676423.5	899197405.3	980895964.7
997000000.0	955603256.7	900016286.0	981878130.2
998000000.0	956530028.9	900835014.3	982860291.3
999000000.0	957456740.0	901653590.0	983842448.1
1000000000.0	958383390.1	902472013.3	984824600.5
1001000000.0	959309979.1	903290284.2	985806748.5
1002000000.0	960236507.1	904108402.8	986788892.1
1003000000.0	961162974.0	904926369.0	987771031.4
1004000000.0	962089379.9	905744183.0	988753166.3
1005000000.0	963015724.8	906561844.7	989735296.8
1006000000.0	963942008.6	907379354.3	990717422.9
1007000000.0	964868231.4	908196711.7	991699544.7
1008000000.0	965794393.3	909013917.0	992681662.1
1009000000.0	966720494.1	909830970.3	993663775.1
1010000000.0	967646533.9	910647871.5	994645883.8
1011000000.0	968572512.7	911464620.8	995627988.0
1012000000.0	969498430.6	912281218.1	996610087.9
1013000000.0	970424287.4	913097663.5	997592183.5
1014000000.0	971350083.3	913913957.2	998574274.6
1015000000.0	972275818.2	914730099.0	999556361.4
1016000000.0	973201492.2	915546089.0	1000538443.8
1017000000.0	974127105.2	916361927.3	1001520521.9
1018000000.0	975052657.3	917177614.0	1002502595.5
1019000000.0	975978148.4	917993149.0	1003484664.8
1020000000.0	976903578.6	918808532.4	1004466729.8
1021000000.0	977828947.8	919623764.3	1005448790.3
1022000000.0	978754256.2	920438844.6	1006430846.5
1023000000.0	979679503.6	921253773.5	1007412898.3
1024000000.0	980604690.1	922068551.0	1008394945.8
1025000000.0	981529815.7	922883177.1	1009376988.8
1026000000.0	982454880.3	923697651.9	1010359027.5
1027000000.0	983379884.1	924511975.4	1011341061.9
1028000000.0	984304827.0	925326147.6	1012323091.8
1029000000.0	985229709.1	926140168.6	1013305117.4
1030000000.0	986154530.2	926954038.4	1014287138.6
1031000000.0	987079290.5	927767757.1	1015269155.5
1032000000.0	988003989.9	928581324.8	1016251168.0
1033000000.0	988928628.5	929394741.3	1017233176.1
1034000000.0	989853206.2	930208006.9	1018215179.8
1035000000.0	990777723.0	931021121.5	1019197179.2
1036000000.0	991702179.0	931834085.2	1020179174.2
1037000000.0	992626574.2	932646898.1	1021161164.8
1038000000.0	993550908.6	933459560.1	1022143151.1
1039000000.0	994475182.1	934272071.3	1023125133.0
1040000000.0	995399394.8	935084431.8	1024107110.5
1041000000.0	996323546.7	935896641.5	1025089083.7
1042000000.0	997247637.8	936708700.6	1026071052.5
1043000000.0	998171668.1	937520609.1	1027053016.9
1044000000.0	999095637.7	938332367.0	1028034977.0
1045000000.0	1000019546.4	939143974.3	1029016932.7
1046000000.0	1000943394.3	939955431.2	1029998884.0
1047000000.0	1001867181.5	940766737.6	1030980830.9
1048000000.0	1002790907.9	941577893.6	1031962773.5
1049000000.0	1003714573.5	942388899.2	1032944711.7
1050000000.0	1004638178.4	943199754.5	1033926645.6
1051000000.0	1005561722.6	944010459.5	1034908575.1
1052000000.0	1006485206.0	944821014.2	1035890500.2
1053000000.0	1007408628.6	945631418.8	1036872420.9
1054000000.0	1008331990.6	946441673.2	1037854337.3
1055000000.0	1009255291.7	947251777.4	1038836249.4
1056000000.0	1010178532.2	948061731.6	1039818157.0
1057000000.0	1011101712.0	948871535.8	1040800060.3
1058000000.0	1012024831.1	949681190.0	1041781959.2
1059000000.0	1012947889.4	950490694.2	1042763853.8
1060000000.0	1013870887.1	951300048.5	1043745744.0
1061000000.0	1014793824.0	952109252.9	1044727629.8
1062000000.0	1015716700.3	952918307.5	1045709511.2
1063000000.0	1016639515.9	953727212.3	1046691388.3
1064000000.0	1017562270.9	954535967.4	1047673261.1
1065000000.0	1018484965.2	955344572.7	1048655129.4
1066000000.0	1019407598.8	956153028.5	1049636993.4
1067000000.0	1020330171.7	956961334.5	1050618853.1
1068000000.0	1021252684.0	957769491.0	1051600708.3
1069000000.0	1022175135.7	958577498.0	1052582559.2
1070000000.0	1023097526.7	959385355.5	1053564405.8
1071000000.0	1024019857.1	960193063.5	1054546247.9
1072000000.0	1024942126.9	961000622.1	1055528085.8
1073000000.0	1025864336.1	961808031.4	1056509919.2
1074000000.0	1026786484.6	962615291.3	1057491748.3
1075000000.0	1027708572.6	963422401.9	1058473573.0
1076000000.0	1028630599.9	964229363.3	1059455393.4
1077000000.0	1029552566.7	965036175.4	1060437209.4
1078000000.0	1030474472.9	965842838.4	1061419021.0
1079000000.0	1031396318.4	966649352.3	1062400828.2
1080000000.0	1032318103.4	967455717.1	1063382631.2
1081000000.0	1033239827.9	968261932.9	1064364429.7
1082000000.0	1034161491.8	969067999.7	1065346223.9
1083000000.0	1035083095.1	969873917.5	1066328013.7
1084000000.0	1036004637.8	970679686.4	1067309799.1
1085000000.0	1036926120.1	971485306.4	1068291580.2
1086000000.0	1037847541.7	972290777.6	1069273357.0
1087000000.0	1038768902.9	973096100.0	1070255129.3
1088000000.0	1039690203.5	973901273.6	1071236897.3
1089000000.0	1040611443.6	974706298.6	1072218661.0
1090000000.0	1041532623.2	975511174.8	1073200420.3
1091000000.0	1042453742.3	976315902.5	1074182175.2
1092000000.0	1043374800.8	977120481.5	1075163925.7
1093000000.0	1044295798.9	977924912.0	1076145671.9
1094000000.0	1045216736.5	978729194.1	1077127413.8
1095000000.0	1046137613.6	979533327.6	1078109151.2
1096000000.0	1047058430.2	980337312.7	1079090884.3
1097000000.0	1047979186.3	981141149.5	1080072613.1
1098000000.0	1048899882.0	981944837.9	1081054337.5
1099000000.0	1049820517.2	982748378.0	1082036057.5
1100000000.0	1050741091.9	983551769.9	1083017773.2
1101000000.0	1051661606.2	984355013.5	1083999484.5
1102000000.0	1052582060.1	985158109.0	1084981191.5
1103000000.0	1053502453.5	985961056.3	1085962894.0
1104000000.0	1054422786.5	986763855.5	1086944592.3
1105000000.0	1055343059.1	987566506.7	1087926286.1
1106000000.0	1056263271.2	988369009.9	1088907975.6
1107000000.0	1057183422.9	989171365.1	1089889660.8
1108000000.0	1058103514.3	989973572.4	1090871341.6
1109000000.0	1059023545.2	990775631.8	1091853018.0
1110000000.0	1059943515.7	991577543.4	1092834690.1
1111000000.0	1060863425.8	992379307.1	1093816357.8
1112000000.0	1061783275.6	993180923.1	1094798021.2
1113000000.0	1062703064.9	993982391.3	1095779680.2
1114000000.0	1063622793.9	994783711.9	1096761334.8
1115000000.0	1064542462.6	995584884.9	1097742985.1
1116000000.0	1065462070.8	996385910.2	1098724631.0
1117000000.0	1066381618.7	997186788.0	1099706272.5
1118000000.0	1067301106.3	997987518.2	1100687909.7
1119000000.0	1068220533.5	998788101.0	1101669542.6
1120000000.0	1069139900.4	999588536.3	1102651171.1
1121000000.0	1070059207.0	1000388824.3	1103632795.2
1122000000.0	1070978453.2	1001188964.8	1104614415.0
1123000000.0	1071897639.1	1001988958.1	1105596030.4
1124000000.0	1072816764.7	1002788804.1	1106577641.4
1125000000.0	1073735830.0	1003588502.8	1107559248.1
1126000000.0	1074654835.0	1004388054.4	1108540850.5
1127000000.0	1075573779.7	1005187458.8	1109522448.5
1128000000.0	1076492664.1	1005986716.1	1110504042.1
1129000000.0	1077411488.2	1006785826.3	1111485631.3
1130000000.0	1078330252.0	1007584789.5	1112467216.3
1131000000.0	1079248955.6	1008383605.7	1113448796.8
1132000000.0	1080167598.9	1009182275.0	1114430373.0
1133000000.0	1081086182.0	1009980797.3	1115411944.9
1134000000.0	1082004704.8	1010779172.8	1116393512.3
1135000000.0	1082923167.3	1011577401.5	1117375075.5
1136000000.0	1083841569.6	1012375483.3	1118356634.2
1137000000.0	1084759911.7	1013173418.4	1119338188.6
1138000000.0	1085678193.5	1013971206.9	1120319738.7
1139000000.0	1086596415.1	1014768848.6	1121301284.4
1140000000.0	1087514576.5	1015566343.7	1122282825.8
1141000000.0	1088432677.7	1016363692.2	1123264362.7
1142000000.0	1089350718.7	1017160894.2	1124245895.4
1143000000.0	1090268699.5	1017957949.7	1125227423.7
1144000000.0	1091186620.1	1018754858.7	1126208947.6
1145000000.0	1092104480.5	1019551621.3	1127190467.2
1146000000.0	1093022280.7	1020348237.5	1128171982.4
1147000000.0	1093940020.7	1021144707.4	1129153493.2
1148000000.0	1094857700.6	1021941031.0	1130134999.7
1149000000.0	1095775320.3	1022737208.3	1131116501.9
1150000000.0	1096692879.9	1023533239.4	1132097999.7
1151000000.0	1097610379.3	1024329124.3	1133079493.1
1152000000.0	1098527818.5	1025124863.0	1134060982.2
1153000000.0	1099445197.6	1025920455.7	1135042466.9
1154000000.0	1100362516.6	1026715902.3	1136023947.3
1155000000.0	1101279775.4	1027511202.9	1137005423.3
1156000000.0	1102196974.2	1028306357.5	1137986895.0
1157000000.0	1103114112.8	1029101366.1	1138968362.3
1158000000.0	1104031191.3	1029896228.9	1139949825.3
1159000000.0	1104948209.6	1030690945.8	1140931283.9
1160000000.0	1105865167.9	1031485516.9	1141912738.1
1161000000.0	1106782066.1	1032279942.2	1142894188.0
1162000000.0	1107698904.2	1033074221.8	1143875633.6
1163000000.0	1108615682.3	1033868355.6	1144857074.8
1164000000.0	1109532400.2	1034662343.8	1145838511.6
1165000000.0	1110449058.1	1035456186.4	1146819944.1
1166000000.0	1111365655.9	1036249883.4	1147801372.2
1167000000.0	1112282193.7	1037043434.9	1148782796.0
1168000000.0	1113198671.4	1037836840.9	1149764215.5
1169000000.0	1114115089.1	1038630101.4	1150745630.5
1170000000.0	1115031446.7	1039423216.5	1151727041.2
1171000000.0	1115947744.3	1040216186.2	1152708447.6
1172000000.0	1116863981.8	1041009010.6	1153689849.6
1173000000.0	1117780159.4	1041801689.7	1154671247.3
1174000000.0	1118696276.9	1042594223.5	1155652640.6
1175000000.0	1119612334.4	1043386612.1	1156634029.6
1176000000.0	1120528331.9	1044178855.5	1157615414.2
1177000000.0	1121444269.4	1044970953.8	1158596794.4
1178000000.0	1122360146.9	1045762907.0	1159578170.3
1179000000.0	1123275964.5	1046554715.1	1160559541.9
1180000000.0	1124191722.0	1047346378.3	1161540909.1
1181000000.0	1125107419.6	1048137896.4	1162522271.9
1182000000.0	1126023057.2	1048929269.6	1163503630.4
1183000000.0	1126938634.8	1049720497.9	1164484984.6
1184000000.0	1127854152.5	1050511581.3	1165466334.4
1185000000.0	1128769610.3	1051302519.9	1166447679.8
1186000000.0	1129685008.1	1052093313.8	1167429020.9
1187000000.0	1130600345.9	1052883962.9	1168410357.7
1188000000.0	1131515623.8	1053674467.3	1169391690.1
1189000000.0	1132430841.8	1054464827.0	1170373018.1
1190000000.0	1133345999.9	1055255042.1	1171354341.8
1191000000.0	1134261098.0	1056045112.7	1172335661.1
1192000000.0	1135176136.3	1056835038.7	1173316976.1
1193000000.0	1136091114.6	1057624820.2	1174298286.8
1194000000.0	1137006033.0	1058414457.2	1175279593.1
1195000000.0	1137920891.6	1059203949.8	1176260895.0
1196000000.0	1138835690.2	1059993298.0	1177242192.6
1197000000.0	1139750429.0	1060782501.9	1178223485.8
1198000000.0	1140665107.9	1061571561.5	1179204774.7
1199000000.0	1141579727.0	1062360476.8	1180186059.2
1200000000.0	1142494286.1	1063149247.9	1181167339.4
1201000000.0	1143408785.4	1063937874.8	1182148615.3
1202000000.0	1144323224.9	1064726357.6	1183129886.8
1203000000.0	1145237604.5	1065514696.2	1184111153.9
1204000000.0	1146151924.3	1066302890.8	1185092416.7
1205000000.0	1147066184.3	1067090941.4	1186073675.1
1206000000.0	1147980384.4	1067878848.0	1187054929.2
1207000000.0	1148894524.7	1068666610.6	1188036179.0
1208000000.0	1149808605.1	1069454229.3	1189017424.4
1209000000.0	1150722625.8	1070241704.2	1189998665.4
1210000000.0	1151636586.7	1071029035.2	1190979902.1
1211000000.0	1152550487.8	1071816222.5	1191961134.5
1212000000.0	1153464329.0	1072603265.9	1192942362.5
1213000000.0	1154378110.5	1073390165.7	1193923586.1
1214000000.0	1155291832.2	1074176921.8	1194904805.4
1215000000.0	1156205494.2	1074963534.3	1195886020.4
1216000000.0	1157119096.3	1075750003.2	1196867231.0
1217000000.0	1158032638.7	1076536328.5	1197848437.3
1218000000.0	1158946121.4	1077322510.3	1198829639.2
1219000000.0	1159859544.3	1078108548.7	1199810836.7
1220000000.0	1160772907.4	1078894443.6	1200792030.0
1221000000.0	1161686210.8	1079680195.1	1201773218.8
1222000000.0	1162599454.5	1080465803.2	1202754403.3
1223000000.0	1163512638.5	1081251268.0	1203735583.5
1224000000.0	1164425762.7	1082036589.6	1204716759.3
1225000000.0	1165338827.2	1082821767.9	1205697930.8
1226000000.0	1166251832.0	1083606803.0	1206679098.0
1227000000.0	1167164777.1	1084391695.0	1207660260.7
1228000000.0	1168077662.5	1085176443.8	1208641419.2
1229000000.0	1168990488.2	1085961049.6	1209622573.3
1230000000.0	1169903254.2	1086745512.3	1210603723.0
1231000000.0	1170815960.6	1087529832.0	1211584868.4
1232000000.0	1171728607.2	1088314008.7	1212566009.5
1233000000.0	1172641194.2	1089098042.5	1213547146.2
1234000000.0	1173553721.6	1089881933.5	1214528278.5
1235000000.0	1174466189.2	1090665681.6	1215509406.5
1236000000.0	1175378597.3	1091449286.8	1216490530.2
1237000000.0	1176290945.6	1092232749.3	1217471649.5
1238000000.0	1177203234.4	1093016069.1	1218452764.5
1239000000.0	1178115463.5	1093799246.2	1219433875.1
1240000000.0	1179027633.0	1094582280.6	1220414981.4
1241000000.0	1179939742.8	1095365172.4	1221396083.3
1242000000.0	1180851793.1	1096147921.7	1222377180.9
1243000000.0	1181763783.7	1096930528.4	1223358274.2
1244000000.0	1182675714.7	1097712992.6	1224339363.1
1245000000.0	1183587586.1	1098495314.3	1225320447.6
1246000000.0	1184499398.0	1099277493.7	1226301527.8
1247000000.0	1185411150.2	1100059530.6	1227282603.7
1248000000.0	1186322842.9	1100841425.2	1228263675.2
1249000000.0	1187234476.0	1101623177.6	1229244742.4
1250000000.0	1188146049.5	1102404787.6	1230225805.2
1251000000.0	1189057563.5	1103186255.4	1231206863.7
1252000000.0	1189969017.9	1103967581.1	1232187917.8
1253000000.0	1190880412.7	1104748764.6	1233168967.6
1254000000.0	1191791748.0	1105529806.0	1234150013.0
1255000000.0	1192703023.8	1106310705.3	1235131054.1
1256000000.0	1193614240.0	1107091462.6	1236112090.9
1257000000.0	1194525396.7	1107872077.9	1237093123.3
1258000000.0	1195436493.9	1108652551.2	1238074151.4
1259000000.0	1196347531.5	1109432882.6	1239055175.1
1260000000.0	1197258509.7	1110213072.2	1240036194.5
1261000000.0	1198169428.3	1110993119.9	1241017209.5
1262000000.0	1199080287.5	1111773025.8	1241998220.2
1263000000.0	1199991087.1	1112552790.0	1242979226.5
1264000000.0	1200901827.3	1113332412.4	1243960228.5
1265000000.0	1201812508.0	1114111893.2	1244941226.2
1266000000.0	1202723129.2	1114891232.3	1245922219.5
1267000000.0	1203633690.9	1115670429.8	1246903208.5
1268000000.0	1204544193.2	1116449485.8	1247884193.1
1269000000.0	1205454636.0	1117228400.2	1248865173.4
1270000000.0	1206365019.3	1118007173.1	1249846149.3
1271000000.0	1207275343.3	1118785804.6	1250827120.9
1272000000.0	1208185607.7	1119564294.7	1251808088.2
1273000000.0	1209095812.8	1120342643.4	1252789051.1
1274000000.0	1210005958.4	1121120850.8	1253770009.7
1275000000.0	1210916044.6	1121898916.8	1254750963.9
1276000000.0	1211826071.3	1122676841.7	1255731913.8
1277000000.0	1212736038.7	1123454625.3	1256712859.3
1278000000.0	1213645946.6	1124232267.7	1257693800.5
1279000000.0	1214555795.2	1125009768.9	1258674737.4
1280000000.0	1215465584.3	1125787129.1	1259655669.9
1281000000.0	1216375314.1	1126564348.2	1260636598.0
1282000000.0	1217284984.5	1127341426.3	1261617521.9
1283000000.0	1218194595.5	1128118363.4	1262598441.4
1284000000.0	1219104147.1	1128895159.5	1263579356.5
1285000000.0	1220013639.4	1129671814.8	1264560267.3
1286000000.0	1220923072.3	1130448329.1	1265541173.8
1287000000.0	1221832445.9	1131224702.6	1266522075.9
1288000000.0	1222741760.1	1132000935.4	1267502973.6
1289000000.0	1223651014.9	1132777027.3	1268483867.1
1290000000.0	1224560210.5	1133552978.6	1269464756.2
1291000000.0	1225469346.7	1134328789.2	1270445640.9
1292000000.0	1226378423.6	1135104459.1	1271426521.3
1293000000.0	1227287441.1	1135879988.4	1272407397.4
1294000000.0	1228196399.4	1136655377.2	1273388269.1
1295000000.0	1229105298.3	1137430625.4	1274369136.5
1296000000.0	1230014138.0	1138205733.1	1275349999.5
1297000000.0	1230922918.3	1138980700.4	1276330858.2
1298000000.0	1231831639.3	1139755527.3	1277311712.6
1299000000.0	1232740301.1	1140530213.8	1278292562.6
1300000000.0	1233648903.6	1141304760.0	1279273408.3
1301000000.0	1234557446.8	1142079165.8	1280254249.6
1302000000.0	1235465930.8	1142853431.4	1281235086.6
1303000000.0	1236374355.5	1143627556.8	1282215919.3
1304000000.0	1237282720.9	1144401542.0	1283196747.6
1305000000.0	1238191027.1	1145175387.0	1284177571.6
1306000000.0	1239099274.1	1145949092.0	1285158391.2
1307000000.0	1240007461.8	1146722656.8	1286139206.5
1308000000.0	1240915590.2	1147496081.7	1287120017.4
1309000000.0	1241823659.5	1148269366.5	1288100824.0
1310000000.0	1242731669.5	1149042511.4	1289081626.3
1311000000.0	1243639620.4	1149815516.4	1290062424.2
1312000000.0	1244547512.0	1150588381.5	1291043217.8
1313000000.0	1245455344.4	1151361106.7	1292024007.1
1314000000.0	1246363117.6	1152133692.2	1293004792.0
1315000000.0	1247270831.6	1152906137.8	1293985572.6
1316000000.0	1248178486.4	1153678443.8	1294966348.8
1317000000.0	1249086082.1	1154450610.0	1295947120.7
1318000000.0	1249993618.6	1155222636.6	1296927888.2
1319000000.0	1250901095.9	1155994523.6	1297908651.5
1320000000.0	1251808514.1	1156766271.0	1298889410.3
1321000000.0	1252715873.1	1157537878.9	1299870164.9
1322000000.0	1253623172.9	1158309347.3	1300850915.1
1323000000.0	1254530413.6	1159080676.2	1301831660.9
1324000000.0	1255437595.2	1159851865.7	1302812402.4
1325000000.0	1256344717.6	1160622915.8	1303793139.6
1326000000.0	1257251780.9	1161393826.6	1304773872.4
1327000000.0	1258158785.1	1162164598.0	1305754600.9
1328000000.0	1259065730.2	1162935230.2	1306735325.1
1329000000.0	1259972616.1	1163705723.1	1307716044.9
1330000000.0	1260879443.0	1164476076.8	1308696760.4
1331000000.0	1261786210.7	1165246291.4	1309677471.6
1332000000.0	1262692919.4	1166016366.8	1310658178.4
1333000000.0	1263599569.0	1166786303.2	1311638880.8
1334000000.0	1264506159.5	1167556100.5	1312619579.0
1335000000.0	1265412690.9	1168325758.8	1313600272.7
1336000000.0	1266319163.2	1169095278.2	1314580962.2
1337000000.0	1267225576.5	1169864658.6	1315561647.3
1338000000.0	1268131930.8	1170633900.1	1316542328.1
1339000000.0	1269038225.9	1171403002.7	1317523004.5
1340000000.0	1269944462.1	1172171966.5	1318503676.6
1341000000.0	1270850639.2	1172940791.6	1319484344.4
1342000000.0	1271756757.2	1173709477.9	1320465007.8
1343000000.0	1272662816.3	1174478025.4	1321445666.9
1344000000.0	1273568816.3	1175246434.4	1322426321.6
1345000000.0	1274474757.2	1176014704.6	1323406972.1
1346000000.0	1275380639.2	1176782836.3	1324387618.1
1347000000.0	1276286462.2	1177550829.4	1325368259.9
1348000000.0	1277192226.2	1178318684.0	1326348897.3
1349000000.0	1278097931.1	1179086400.2	1327329530.3
1350000000.0	1279003577.1	1179853977.8	1328310159.0
1351000000.0	1279909164.1	1180621417.1	1329290783.4
1352000000.0	1280814692.2	1181388718.0	1330271403.5
1353000000.0	1281720161.2	1182155880.6	1331252019.2
1354000000.0	1282625571.3	1182922904.8	1332232630.6
1355000000.0	1283530922.5	1183689790.8	1333213237.6
1356000000.0	1284436214.6	1184456538.6	1334193840.3
1357000000.0	1285341447.9	1185223148.2	1335174438.7
1358000000.0	1286246622.2	1185989619.7	1336155032.7
1359000000.0	1287151737.5	1186755953.0	1337135622.4
1360000000.0	1288056793.9	1187522148.3	1338116207.8
1361000000.0	1288961791.4	1188288205.5	1339096788.8
1362000000.0	1289866730.0	1189054124.8	1340077365.5
1363000000.0	1290771609.7	1189819906.1	1341057937.8
1364000000.0	1291676430.5	1190585549.4	1342038505.8
1365000000.0	1292581192.3	1191351054.9	1343019069.5
1366000000.0	1293485895.3	1192116422.5	1343999628.8
1367000000.0	1294390539.3	1192881652.3	1344980183.8
1368000000.0	1295295124.5	1193646744.4	1345960734.5
1369000000.0	1296199650.8	1194411698.7	1346941280.8
1370000000.0	1297104118.3	1195176515.3	1347921822.8
1371000000.0	1298008526.8	1195941194.2	1348902360.5
1372000000.0	1298912876.5	1196705735.6	1349882893.8
1373000000.0	1299817167.4	1197470139.3	1350863422.8
1374000000.0	1300721399.4	1198234405.5	1351843947.4
1375000000.0	1301625572.5	1198998534.2	1352824467.8
1376000000.0	1302529686.9	1199762525.4	1353804983.7
1377000000.0	1303433742.3	1200526379.1	1354785495.4
1378000000.0	1304337739.0	1201290095.5	1355766002.7
1379000000.0	1305241676.8	1202053674.5	1356746505.7
1380000000.0	1306145555.8	1202817116.1	1357727004.3
1381000000.0	1307049376.1	1203580420.5	1358707498.6
1382000000.0	1307953137.5	1204343587.6	1359687988.6
1383000000.0	1308856840.1	1205106617.5	1360668474.2
1384000000.0	1309760483.9	1205869510.2	1361648955.5
1385000000.0	1310664068.9	1206632265.8	1362629432.5
1386000000.0	1311567595.2	1207394884.3	1363609905.1
1387000000.0	1312471062.6	1208157365.7	1364590373.4
1388000000.0	1313374471.3	1208919710.1	1365570837.4
1389000000.0	1314277821.3	1209681917.5	1366551297.0
1390000000.0	1315181112.5	1210443987.9	1367531752.3
1391000000.0	1316084344.9	1211205921.4	1368512203.2
1392000000.0	1316987518.6	1211967718.0	1369492649.9
1393000000.0	1317890633.5	1212729377.8	1370473092.2
1394000000.0	1318793689.7	1213490900.7	1371453530.1
1395000000.0	1319696687.2	1214252286.9	1372433963.7
1396000000.0	1320599625.9	1215013536.4	1373414393.0
1397000000.0	1321502506.0	1215774649.1	1374394818.0
1398000000.0	1322405327.3	1216535625.2	1375375238.6
1399000000.0	1323308089.9	1217296464.7	1376355654.9
1400000000.0	1324210793.8	1218057167.6	1377336066.8
1401000000.0	1325113439.0	1218817733.9	1378316474.4
1402000000.0	1326016025.6	1219578163.7	1379296877.7
1403000000.0	1326918553.4	1220338457.1	1380277276.7
1404000000.0	1327821022.6	1221098613.9	1381257671.3
1405000000.0	1328723433.1	1221858634.4	1382238061.6
1406000000.0	1329625784.9	1222618518.6	1383218447.5
1407000000.0	1330528078.1	1223378266.3	1384198829.1
1408000000.0	1331430312.6	1224137877.8	1385179206.4
1409000000.0	1332332488.5	1224897353.1	1386159579.4
1410000000.0	1333234605.7	1225656692.1	1387139948.0
1411000000.0	1334136664.3	1226415894.9	1388120312.3
1412000000.0	1335038664.2	1227174961.6	1389100672.2
1413000000.0	1335940605.5	1227933892.2	1390081027.8
1414000000.0	1336842488.2	1228692686.7	1391061379.1
1415000000.0	1337744312.3	1229451345.1	1392041726.1
1416000000.0	1338646077.8	1230209867.6	1393022068.7
1417000000.0	1339547784.7	1230968254.1	1394002407.0
1418000000.0	1340449433.0	1231726504.6	1394982740.9
1419000000.0	1341351022.7	1232484619.3	1395963070.6
1420000000.0	1342252553.8	1233242598.1	1396943395.8
1421000000.0	1343154026.3	1234000441.1	1397923716.8
1422000000.0	1344055440.2	1234758148.4	1398904033.4
1423000000.0	1344956795.6	1235515719.8	1399884345.7
1424000000.0	1345858092.4	1236273155.6	1400864653.7
1425000000.0	1346759330.7	1237030455.7	1401844957.3
1426000000.0	1347660510.4	1237787620.1	1402825256.6
1427000000.0	1348561631.5	1238544649.0	1403805551.6
1428000000.0	1349462694.1	1239301542.3	1404785842.2
1429000000.0	1350363698.2	1240058300.0	1405766128.5
1430000000.0	1351264643.8	1240814922.3	1406746410.5
1431000000.0	1352165530.8	1241571409.1	1407726688.1
1432000000.0	1353066359.3	1242327760.6	1408706961.4
1433000000.0	1353967129.3	1243083976.6	1409687230.4
1434000000.0	1354867840.8	1243840057.3	1410667495.0
1435000000.0	1355768493.8	1244596002.6	1411647755.3
1436000000.0	1356669088.3	1245351812.7	1412628011.3
1437000000.0	1357569624.3	1246107487.6	1413608262.9
1438000000.0	1358470101.8	1246863027.2	1414588510.3
1439000000.0	1359370520.9	1247618431.7	1415568753.2
1440000000.0	1360270881.5	1248373701.1	1416548991.9
1441000000.0	1361171183.6	1249128835.4	1417529226.2
1442000000.0	1362071427.2	1249883834.6	1418509456.2
1443000000.0	1362971612.4	1250638698.8	1419489681.9
1444000000.0	1363871739.2	1251393428.1	1420469903.2
1445000000.0	1364771807.5	1252148022.4	1421450120.2
1446000000.0	1365671817.3	1252902481.7	1422430332.9
1447000000.0	1366571768.8	1253656806.2	1423410541.2
1448000000.0	1367471661.8	1254410995.9	1424390745.2
1449000000.0	1368371496.4	1255165050.8	1425370944.9
1450000000.0	1369271272.5	1255918970.9	1426351140.2
1451000000.0	1370170990.3	1256672756.2	1427331331.2
1452000000.0	1371070649.6	1257426406.9	1428311517.9
1453000000.0	1371970250.6	1258179922.9	1429291700.3
1454000000.0	1372869793.2	1258933304.3	1430271878.3
1455000000.0	1373769277.3	1259686551.2	1431252052.0
1456000000.0	1374668703.1	1260439663.4	1432232221.3
1457000000.0	1375568070.6	1261192641.2	1433212386.4
1458000000.0	1376467379.6	1261945484.5	1434192547.1
1459000000.0	1377366630.3	1262698193.3	1435172703.4
1460000000.0	1378265822.6	1263450767.8	1436152855.5
1461000000.0	1379164956.6	1264203207.8	1437133003.2
1462000000.0	1380064032.2	1264955513.6	1438113146.6
1463000000.0	1380963049.5	1265707685.0	1439093285.6
1464000000.0	1381862008.5	1266459722.2	1440073420.3
1465000000.0	1382760909.1	1267211625.2	1441053550.7
1466000000.0	1383659751.4	1267963394.0	1442033676.8
1467000000.0	1384558535.4	1268715028.6	1443013798.5
1468000000.0	1385457261.1	1269466529.1	1443993915.9
1469000000.0	1386355928.4	1270217895.5	1444974029.0
1470000000.0	1387254537.5	1270969127.9	1445954137.8
1471000000.0	1388153088.3	1271720226.3	1446934242.2
1472000000.0	1389051580.7	1272471190.7	1447914342.3
1473000000.0	1389950014.9	1273222021.2	1448894438.0
1474000000.0	1390848390.8	1273972717.7	1449874529.4
1475000000.0	1391746708.5	1274723280.4	1450854616.5
1476000000.0	1392644967.9	1275473709.3	1451834699.3
1477000000.0	1393543169.0	1276224004.4	1452814777.7
1478000000.0	1394441311.8	1276974165.7	1453794851.9
1479000000.0	1395339396.4	1277724193.3	1454774921.6
1480000000.0	1396237422.8	1278474087.2	1455754987.1
1481000000.0	1397135390.9	1279223847.5	1456735048.2
1482000000.0	1398033300.8	1279973474.2	1457715105.0
1483000000.0	1398931152.5	1280722967.2	1458695157.5
1484000000.0	1399828945.9	1281472326.8	1459675205.6
1485000000.0	1400726681.1	1282221552.8	1460655249.4
1486000000.0	1401624358.1	1282970645.4	1461635288.9
1487000000.0	1402521976.9	1283719604.5	1462615324.1
1488000000.0	1403419537.6	1284468430.2	1463595354.9
1489000000.0	1404317040.0	1285217122.6	1464575381.4
1490000000.0	1405214484.2	1285965681.6	1465555403.6
1491000000.0	1406111870.2	1286714107.3	1466535421.4
1492000000.0	1407009198.1	1287462399.8	1467515434.9
1493000000.0	1407906467.8	1288210559.1	1468495444.1
1494000000.0	1408803679.3	1288958585.1	1469475448.9
1495000000.0	1409700832.7	1289706478.0	1470455449.5
1496000000.0	1410597927.9	1290454237.9	1471435445.7
1497000000.0	1411494965.0	1291201864.6	1472415437.6
1498000000.0	1412391943.9	1291949358.3	1473395425.1
1499000000.0	1413288864.7	1292696718.9	1474375408.3
1500000000.0	1414185727.4	1293443946.6	1475355387.2
1501000000.0	1415082531.9	1294191041.4	1476335361.8
1502000000.0	1415979278.3	1294938003.3	1477315332.0
1503000000.0	1416875966.6	1295684832.3	1478295297.9
1504000000.0	1417772596.8	1296431528.4	1479275259.5
1505000000.0	1418669168.9	1297178091.8	1480255216.7
1506000000.0	1419565682.9	1297924522.4	1481235169.7
1507000000.0	1420462138.8	1298670820.3	1482215118.3
1508000000.0	1421358536.6	1299416985.5	1483195062.5
1509000000.0	1422254876.3	1300163018.0	1484175002.5
1510000000.0	1423151158.0	1300908918.0	1485154938.1
1511000000.0	1424047381.6	1301654685.3	1486134869.4
1512000000.0	1424943547.1	1302400320.1	1487114796.3
1513000000.0	1425839654.6	1303145822.4	1488094719.0
1514000000.0	1426735704.0	1303891192.2	1489074637.3
1515000000.0	1427631695.4	1304636429.6	1490054551.3
1516000000.0	1428527628.7	1305381534.5	1491034460.9
1517000000.0	1429423504.0	1306126507.1	1492014366.3
1518000000.0	1430319321.2	1306871347.4	1492994267.3
1519000000.0	1431215080.5	1307616055.3	1493974163.9
1520000000.0	1432110781.7	1308360631.0	1494954056.3
1521000000.0	1433006424.9	1309105074.5	1495933944.3
1522000000.0	1433902010.1	1309849385.7	1496913828.0
1523000000.0	1434797537.3	1310593564.8	1497893707.4
1524000000.0	1435693006.5	1311337611.8	1498873582.4
1525000000.0	1436588417.7	1312081526.7	1499853453.1
1526000000.0	1437483770.9	1312825309.5	1500833319.5
1527000000.0	1438379066.2	1313568960.4	1501813181.6
1528000000.0	1439274303.5	1314312479.2	1502793039.3
1529000000.0	1440169482.8	1315055866.1	1503772892.7
1530000000.0	1441064604.1	1315799121.1	1504752741.8
1531000000.0	1441959667.5	1316542244.2	1505732586.6
1532000000.0	1442854673.0	1317285235.4	1506712427.0
1533000000.0	1443749620.5	1318028094.9	1507692263.1
1534000000.0	1444644510.0	1318770822.6	1508672094.9
1535000000.0	1445539341.6	1319513418.5	1509651922.4
1536000000.0	1446434115.3	1320255882.7	1510631745.5
1537000000.0	1447328831.1	1320998215.3	1511611564.3
1538000000.0	1448223489.0	1321740416.2	1512591378.8
1539000000.0	1449118088.9	1322482485.6	1513571188.9
1540000000.0	1450012630.9	1323224423.4	1514550994.8
1541000000.0	1450907115.1	1323966229.6	1515530796.3
1542000000.0	1451801541.3	1324707904.4	1516510593.5
1543000000.0	1452695909.7	1325449447.7	1517490386.3
1544000000.0	1453590220.1	1326190859.6	1518470174.8
1545000000.0	1454484472.7	1326932140.1	1519449959.1
1546000000.0	1455378667.5	1327673289.2	1520429738.9
1547000000.0	1456272804.3	1328414307.0	1521409514.5
1548000000.0	1457166883.3	1329155193.6	1522389285.7
1549000000.0	1458060904.5	1329895948.9	1523369052.6
1550000000.0	1458954867.7	1330636572.9	1524348815.2
1551000000.0	1459848773.2	1331377065.8	1525328573.5
1552000000.0	1460742620.8	1332117427.6	1526308327.4
1553000000.0	1461636410.6	1332857658.3	1527288077.0
1554000000.0	1462530142.5	1333597757.8	1528267822.3
1555000000.0	1463423816.7	1334337726.4	1529247563.2
1556000000.0	1464317433.0	1335077563.9	1530227299.9
1557000000.0	1465210991.5	1335817270.5	1531207032.2
1558000000.0	1466104492.2	1336556846.1	1532186760.1
1559000000.0	1466997935.1	1337296290.9	1533166483.8
1560000000.0	1467891320.2	1338035604.7	1534146203.1
1561000000.0	1468784647.5	1338774787.8	1535125918.1
1562000000.0	1469677917.0	1339513840.0	1536105628.8
1563000000.0	1470571128.8	1340252761.5	1537085335.2
1564000000.0	1471464282.8	1340991552.3	1538065037.2
1565000000.0	1472357379.0	1341730212.4	1539044734.9
1566000000.0	1473250417.5	1342468741.8	1540024428.3
1567000000.0	1474143398.2	1343207140.6	1541004117.4
1568000000.0	1475036321.1	1343945408.8	1541983802.1
1569000000.0	1475929186.4	1344683546.4	1542963482.6
1570000000.0	1476821993.8	1345421553.6	1543943158.7
1571000000.0	1477714743.6	1346159430.2	1544922830.4
1572000000.0	1478607435.6	1346897176.5	1545902497.9
1573000000.0	1479500069.9	1347634792.3	1546882161.0
1574000000.0	1480392646.5	1348372277.7	1547861819.8
1575000000.0	1481285165.4	1349109632.7	1548841474.3
1576000000.0	1482177626.6	1349846857.5	1549821124.4
1577000000.0	1483070030.1	1350583952.0	1550800770.2
1578000000.0	1483962375.8	1351320916.3	1551780411.8
1579000000.0	1484854663.9	1352057750.3	1552760048.9
1580000000.0	1485746894.4	1352794454.2	1553739681.8
1581000000.0	1486639067.1	1353531027.9	1554719310.3
1582000000.0	1487531182.2	1354267471.5	1555698934.5
1583000000.0	1488423239.6	1355003785.1	1556678554.4
1584000000.0	1489315239.3	1355739968.6	1557658170.0
1585000000.0	1490207181.4	1356476022.2	1558637781.2
1586000000.0	1491099065.9	1357211945.7	1559617388.2
1587000000.0	1491990892.7	1357947739.4	1560596990.8
1588000000.0	1492882661.9	1358683403.1	1561576589.0
1589000000.0	1493774373.4	1359418937.0	1562556183.0
1590000000.0	1494666027.3	1360154341.1	1563535772.6
1591000000.0	1495557623.6	1360889615.3	1564515357.9
1592000000.0	1496449162.3	1361624759.8	1565494938.9
1593000000.0	1497340643.4	1362359774.6	1566474515.6
1594000000.0	1498232066.9	1363094659.7	1567454087.9
1595000000.0	1499123432.7	1363829415.1	1568433655.9
1596000000.0	1500014741.0	1364564041.0	1569413219.6
1597000000.0	1500905991.7	1365298537.2	1570392779.0
1598000000.0	1501797184.8	1366032903.9	1571372334.0
1599000000.0	1502688320.4	1366767141.0	1572351884.8
1600000000.0	1503579398.3	1367501248.7	1573331431.2
1601000000.0	1504470418.7	1368235226.9	1574310973.3
1602000000.0	1505361381.6	1368969075.8	1575290511.0
1603000000.0	1506252286.9	1369702795.2	1576270044.5
1604000000.0	1507143134.6	1370436385.3	1577249573.6
1605000000.0	1508033924.9	1371169846.1	1578229098.4
1606000000.0	1508924657.5	1371903177.5	1579208618.8
1607000000.0	1509815332.7	1372636379.8	1580188135.0
1608000000.0	1510705950.3	1373369452.8	1581167646.8
1609000000.0	1511596510.4	1374102396.7	1582147154.3
1610000000.0	1512487013.0	1374835211.4	1583126657.5
1611000000.0	1513377458.1	1375567897.1	1584106156.4
1612000000.0	1514267845.6	1376300453.6	1585085650.9
1613000000.0	1515158175.7	1377032881.1	1586065141.1
1614000000.0	1516048448.3	1377765179.6	1587044627.0
1615000000.0	1516938663.4	1378497349.2	1588024108.6
1616000000.0	1517828821.0	1379229389.8	1589003585.9
1617000000.0	1518718921.2	1379961301.5	1589983058.8
1618000000.0	1519608963.8	1380693084.3	1590962527.4
1619000000.0	1520498949.1	1381424738.3	1591941991.7
1620000000.0	1521388876.8	1382156263.5	1592921451.7
1621000000.0	1522278747.1	1382887659.9	1593900907.3
1622000000.0	1523168560.0	1383618927.6	1594880358.7
1623000000.0	1524058315.4	1384350066.6	1595859805.7
1624000000.0	1524948013.4	1385081076.9	1596839248.4
1625000000.0	1525837653.9	1385811958.6	1597818686.7
1626000000.0	1526727237.1	1386542711.7	1598798120.8
1627000000.0	1527616762.8	1387273336.3	1599777550.5
1628000000.0	1528506231.1	1388003832.3	1600756975.9
1629000000.0	1529395641.9	1388734199.8	1601736397.0
1630000000.0	1530284995.4	1389464438.9	1602715813.7
1631000000.0	1531174291.5	1390194549.5	1603695226.2
1632000000.0	1532063530.2	1390924531.7	1604674634.3
1633000000.0	1532952711.5	1391654385.6	1605654038.1
1634000000.0	1533841835.5	1392384111.2	1606633437.6
1635000000.0	1534730902.0	1393113708.5	1607612832.7
1636000000.0	1535619911.2	1393843177.5	1608592223.6
1637000000.0	1536508863.0	1394572518.2	1609571610.1
1638000000.0	1537397757.5	1395301730.8	1610550992.3
1639000000.0	1538286594.6	1396030815.3	1611530370.2
1640000000.0	1539175374.4	1396759771.6	1612509743.7
1641000000.0	1540064096.8	1397488599.8	1613489113.0
1642000000.0	1540952761.9	1398217300.0	1614468477.9
1643000000.0	1541841369.7	1398945872.2	1615447838.5
1644000000.0	1542729920.1	1399674316.3	1616427194.8
1645000000.0	1543618413.2	1400402632.6	1617406546.7
1646000000.0	1544506849.0	1401130820.9	1618385894.4
1647000000.0	1545395227.5	1401858881.3	1619365237.7
1648000000.0	1546283548.7	1402586813.8	1620344576.7
1649000000.0	1547171812.6	1403314618.6	1621323911.3
1650000000.0	1548060019.2	1404042295.5	1622303241.7
1651000000.0	1548948168.6	1404769844.7	1623282567.7
1652000000.0	1549836260.6	1405497266.2	1624261889.5
1653000000.0	1550724295.4	1406224560.0	1625241206.9
1654000000.0	1551612272.9	1406951726.2	1626220519.9
1655000000.0	1552500193.1	1407678764.7	1627199828.7
1656000000.0	1553388056.1	1408405675.7	1628179133.1
1657000000.0	1554275861.8	1409132459.1	1629158433.3
1658000000.0	1555163610.3	1409859115.0	1630137729.1
1659000000.0	1556051301.5	1410585643.4	1631117020.5
1660000000.0	1556938935.5	1411312044.4	1632096307.7
1661000000.0	1557826512.3	1412038317.9	1633075590.6
1662000000.0	1558714031.9	1412764464.1	1634054869.1
1663000000.0	1559601494.2	1413490482.9	1635034143.3
1664000000.0	1560488899.3	1414216374.4	1636013413.2
1665000000.0	1561376247.2	1414942138.7	1636992678.7
1666000000.0	1562263537.9	1415667775.6	1637971940.0
1667000000.0	1563150771.4	1416393285.4	1638951196.9
1668000000.0	1564037947.8	1417118668.0	1639930449.5
1669000000.0	1564925066.9	1417843923.4	1640909697.8
1670000000.0	1565812128.8	1418569051.8	1641888941.8
1671000000.0	1566699133.6	1419294053.0	1642868181.5
1672000000.0	1567586081.2	1420018927.2	1643847416.8
1673000000.0	1568472971.7	1420743674.4	1644826647.8
1674000000.0	1569359805.0	1421468294.6	1645805874.5
1675000000.0	1570246581.1	1422192787.9	1646785096.9
1676000000.0	1571133300.1	1422917154.2	1647764315.0
1677000000.0	1572019961.9	1423641393.7	1648743528.7
1678000000.0	1572906566.6	1424365506.3	1649722738.1
1679000000.0	1573793114.2	1425089492.1	1650701943.2
1680000000.0	1574679604.7	1425813351.1	1651681144.0
1681000000.0	1575566038.0	1426537083.4	1652660340.5
1682000000.0	1576452414.2	1427260689.0	1653639532.6
1683000000.0	1577338733.3	1427984167.9	1654618720.5
1684000000.0	1578224995.3	1428707520.1	1655597904.0
1685000000.0	1579111200.2	1429430745.8	1656577083.2
1686000000.0	1579997348.1	1430153844.8	1657556258.1
1687000000.0	1580883438.8	1430876817.3	1658535428.6
1688000000.0	1581769472.4	1431599663.3	1659514594.9
1689000000.0	1582655449.0	1432322382.8	1660493756.8
1690000000.0	1583541368.5	1433044975.9	1661472914.4
1691000000.0	1584427231.0	1433767442.6	1662452116.1
1692000000.0	1585313036.4	1434489782.8	1663431318.6
1693000000.0	1586198784.7	1435211996.8	1664410516.8
1694000000.0	1587084476.0	1435934084.4	1665389710.8
1695000000.0	1587970110.2	1436656045.7	1666368900.5
1696000000.0	1588855687.4	1437377880.8	1667348086.0
1697000000.0	1589741207.6	1438099589.7	1668327267.2
1698000000.0	1590626670.7	1438821172.4	1669306444.2
1699000000.0	1591512076.9	1439542628.9	1670285616.9
1700000000.0	1592397426.0	1440263959.3	1671264785.4
1701000000.0	1593282718.1	1440985163.7	1672243949.6
1702000000.0	1594167953.2	1441706242.0	1673223109.6
1703000000.0	1595053131.3	1442427194.2	1674202265.3
1704000000.0	1595938252.4	1443148020.5	1675181416.8
1705000000.0	1596823316.5	1443868720.9	1676160564.0
1706000000.0	1597708323.6	1444589295.3	1677139707.0
1707000000.0	1598593273.8	1445309743.9	1678118845.7
1708000000.0	1599478167.0	1446030066.6	1679097980.2
1709000000.0	1600363003.2	1446750263.4	1680077110.5
1710000000.0	1601247782.5	1447470334.5	1681056236.4
1711000000.0	1602132504.8	1448190279.9	1682035358.2
1712000000.0	1603017170.2	1448910099.5	1683014475.7
1713000000.0	1603901778.6	1449629793.4	1683993588.9
1714000000.0	1604786330.1	1450349361.7	1684972697.9
1715000000.0	1605670824.6	1451068804.4	1685951802.7
1716000000.0	1606555262.3	1451788121.5	1686930903.2
1717000000.0	1607439643.0	1452507313.0	1687909999.4
1718000000.0	1608323966.8	1453226379.0	1688889091.4
1719000000.0	1609208233.7	1453945319.5	1689868179.2
1720000000.0	1610092443.6	1454664134.6	1690847262.7
1721000000.0	1610976596.7	1455382824.2	1691826342.0
1722000000.0	1611860692.9	1456101388.4	1692805417.0
1723000000.0	1612744732.2	1456819827.3	1693784487.8
1724000000.0	1613628714.6	1457538140.9	1694763554.3
1725000000.0	1614512640.1	1458256329.2	1695742616.5
1726000000.0	1615396508.8	1458974392.2	1696721674.6
1727000000.0	1616280320.6	1459692330.0	1697700728.3
1728000000.0	1617164075.5	1460410142.5	1698679777.9
1729000000.0	1618047773.6	1461127830.0	1699658823.1
1730000000.0	1618931414.8	1461845392.3	1700637864.2
1731000000.0	1619814999.2	1462562829.5	1701616901.0
1732000000.0	1620698526.8	1463280141.7	1702595933.5
1733000000.0	1621581997.5	1463997328.8	1703574961.8
1734000000.0	1622465411.4	1464714390.9	1704553985.8
1735000000.0	1623348768.5	1465431328.1	1705533005.6
1736000000.0	1624232068.7	1466148140.3	1706512021.2
1737000000.0	1625115312.1	1466864827.6	1707491032.5
1738000000.0	1625998498.8	1467581390.1	1708470039.5
1739000000.0	1626881628.6	1468297827.7	1709449042.4
1740000000.0	1627764701.6	1469014140.5	1710428040.9
1741000000.0	1628647717.9	1469730328.6	1711407035.2
1742000000.0	1629530677.4	1470446391.9	1712386025.3
1743000000.0	1630413580.0	1471162330.6	1713365011.1
1744000000.0	1631296426.0	1471878144.5	1714343992.7
1745000000.0	1632179215.1	1472593833.8	1715322970.0
1746000000.0	1633061947.5	1473309398.5	1716301943.1
1747000000.0	1633944623.1	1474024838.7	1717280911.9
1748000000.0	1634827242.0	1474740154.3	1718259876.5
1749000000.0	1635709804.1	1475455345.4	1719238836.9
1750000000.0	1636592309.5	1476170412.0	1720217792.9
1751000000.0	1637474758.2	1476885354.2	1721196744.8
1752000000.0	1638357150.1	1477600171.9	1722175692.4
1753000000.0	1639239485.3	1478314865.3	1723154635.7
1754000000.0	1640121763.8	1479029434.4	1724133574.9
1755000000.0	1641003985.6	1479743879.1	1725112509.7
1756000000.0	1641886150.6	1480458199.5	1726091440.3
1757000000.0	1642768259.0	1481172395.7	1727070366.7
1758000000.0	1643650310.7	1481886467.7	1728049288.8
1759000000.0	1644532305.6	1482600415.5	1729028206.7
1760000000.0	1645414243.9	1483314239.2	1730007120.3
1761000000.0	1646296125.5	1484027938.7	1730986029.7
1762000000.0	1647177950.5	1484741514.2	1731964934.9
1763000000.0	1648059718.7	1485454965.6	1732943835.7
1764000000.0	1648941430.4	1486168293.0	1733922732.4
1765000000.0	1649823085.3	1486881496.4	1734901624.8
1766000000.0	1650704683.6	1487594575.8	1735880512.9
1767000000.0	1651586225.2	1488307531.3	1736859396.9
1768000000.0	1652467710.2	1489020362.9	1737838276.5
1769000000.0	1653349138.6	1489733070.7	1738817151.9
1770000000.0	1654230510.4	1490445654.6	1739796023.1
1771000000.0	1655111825.5	1491158114.8	1740774890.0
1772000000.0	1655993084.0	1491870451.1	1741753752.7
1773000000.0	1656874285.9	1492582663.8	1742732611.1
1774000000.0	1657755431.1	1493294752.7	1743711465.3
1775000000.0	1658636519.8	1494006718.0	1744690315.3
1776000000.0	1659517551.9	1494718559.7	1745669161.0
1777000000.0	1660398527.3	1495430277.7	1746648002.4
1778000000.0	1661279446.2	1496141872.2	1747626839.6
1779000000.0	1662160308.5	1496853343.2	1748605672.6
1780000000.0	1663041114.3	1497564690.6	1749584501.3
1781000000.0	1663921863.4	1498275914.6	1750563325.8
1782000000.0	1664802556.0	1498987015.1	1751542146.0
1783000000.0	1665683192.1	1499697992.2	1752520962.0
1784000000.0	1666563771.6	1500408846.0	1753499773.7
1785000000.0	1667444294.5	1501119576.4	1754478581.2
1786000000.0	1668324760.9	1501830183.5	1755457384.5
1787000000.0	1669205170.7	1502540667.3	1756436183.5
1788000000.0	1670085524.1	1503251027.8	1757414978.2
1789000000.0	1670965820.9	1503961265.2	1758393768.7
1790000000.0	1671846061.1	1504671379.4	1759372555.0
1791000000.0	1672726244.9	1505381370.4	1760351337.0
1792000000.0	1673606372.1	1506091238.3	1761330114.8
1793000000.0	1674486442.9	1506800983.1	1762308888.3
1794000000.0	1675366457.1	1507510604.8	1763287657.6
1795000000.0	1676246414.9	1508220103.6	1764266422.7
1796000000.0	1677126316.1	1508929479.3	1765245183.5
1797000000.0	1678006160.9	1509638732.1	1766223940.0
1798000000.0	1678885949.2	1510347862.0	1767202692.3
1799000000.0	1679765681.0	1511056868.9	1768181440.4
1800000000.0	1680645356.4	1511765753.0	1769160184.2
1801000000.0	1681524975.3	1512474514.3	1770138923.8
1802000000.0	1682404537.7	1513183152.8	1771117659.1
1803000000.0	1683284043.7	1513891668.5	1772096390.2
1804000000.0	1684163493.2	1514600061.4	1773075117.0
1805000000.0	1685042886.3	1515308331.7	1774053839.6
1806000000.0	1685922223.0	1516016479.3	1775032558.0
1807000000.0	1686801503.2	1516724504.2	1776011272.1
1808000000.0	1687680727.0	1517432406.6	1776989982.0
1809000000.0	1688559894.4	1518140186.4	1777968687.6
1810000000.0	1689439005.4	1518847843.6	1778947389.0
1811000000.0	1690318060.0	1519555378.3	1779926086.1
1812000000.0	1691197058.2	1520262790.5	1780904779.0
1813000000.0	1692076000.0	1520970080.3	1781883467.6
1814000000.0	1692954885.3	1521677247.7	1782862152.1
1815000000.0	1693833714.3	1522384292.7	1783840832.2
1816000000.0	1694712487.0	1523091215.3	1784819508.1
1817000000.0	1695591203.2	1523798015.6	1785798179.8
1818000000.0	1696469863.1	1524504693.6	1786776847.2
1819000000.0	1697348466.6	1525211249.4	1787755510.4
1820000000.0	1698227013.8	1525917682.9	1788734169.4
1821000000.0	1699105504.6	1526623994.3	1789712824.1
1822000000.0	1699983939.0	1527330183.5	1790691474.5
1823000000.0	1700862317.1	1528036250.5	1791670120.7
1824000000.0	1701740638.9	1528742195.5	1792648762.7
1825000000.0	1702618904.3	1529448018.4	1793627400.4
1826000000.0	1703497113.5	1530153719.2	1794606033.9
1827000000.0	1704375266.3	1530859298.1	1795584663.1
1828000000.0	1705253362.7	1531564754.9	1796563288.1
1829000000.0	1706131402.9	1532270089.9	1797541908.9
1830000000.0	1707009386.8	1532975302.9	1798520525.4
1831000000.0	1707887314.4	1533680394.0	1799499137.6
1832000000.0	1708765185.6	1534385363.3	1800477745.7
1833000000.0	1709643000.6	1535090210.8	1801456349.4
1834000000.0	1710520759.3	1535794936.5	1802434949.0
1835000000.0	1711398461.7	1536499540.5	1803413544.3
1836000000.0	1712276107.9	1537204022.7	1804392135.3
1837000000.0	1713153697.8	1537908383.2	1805370722.1
1838000000.0	1714031231.4	1538612622.1	1806349304.7
1839000000.0	1714908708.8	1539316739.4	1807327883.0
1840000000.0	1715786129.9	1540020735.1	1808306457.1
1841000000.0	1716663494.8	1540724609.2	1809285026.9
1842000000.0	1717540803.4	1541428361.8	1810263592.5
1843000000.0	1718418055.8	1542131992.8	1811242153.9
1844000000.0	1719295252.0	1542835502.5	1812220711.0
1845000000.0	1720172392.0	1543538890.6	1813199263.9
1846000000.0	1721049475.7	1544242157.4	1814177812.5
1847000000.0	1721926503.2	1544945302.8	1815156356.9
1848000000.0	1722803474.5	1545648326.9	1816134897.0
1849000000.0	1723680389.7	1546351229.6	1817113432.9
1850000000.0	1724557248.6	1547054011.1	1818091964.6
1851000000.0	1725434051.3	1547756671.3	1819070492.0
1852000000.0	1726310797.9	1548459210.3	1820049015.1
1853000000.0	1727187488.2	1549161628.1	1821027534.1
1854000000.0	1728064122.4	1549863924.8	1822006048.7
1855000000.0	1728940700.4	1550566100.4	1822984559.2
1856000000.0	1729817222.3	1551268154.8	1823963065.4
1857000000.0	1730693688.0	1551970088.2	1824941567.4
1858000000.0	1731570097.5	1552671900.6	1825920065.1
1859000000.0	1732446450.9	1553373592.0	1826898558.5
1860000000.0	1733322748.2	1554075162.4	1827877047.8
1861000000.0	1734198989.3	1554776611.8	1828855532.8
1862000000.0	1735075174.3	1555477940.4	1829834013.5
1863000000.0	1735951303.2	1556179148.1	1830812490.0
1864000000.0	1736827375.9	1556880235.0	1831790962.3
1865000000.0	1737703392.5	1557581201.0	1832769430.3
1866000000.0	1738579353.0	1558282046.3	1833747894.1
1867000000.0	1739455257.5	1558982770.8	1834726353.6
1868000000.0	1740331105.8	1559683374.7	1835704808.9
1869000000.0	1741206898.0	1560383857.8	1836683260.0
1870000000.0	1742082634.1	1561084220.3	1837661706.8
1871000000.0	1742958314.2	1561784462.1	1838640149.4
1872000000.0	1743833938.1	1562484583.4	1839618587.7
1873000000.0	1744709506.0	1563184584.1	1840597021.8
1874000000.0	1745585017.9	1563884464.3	1841575451.7
1875000000.0	1746460473.7	1564584224.0	1842553877.3
1876000000.0	1747335873.4	1565283863.2	1843532298.6
1877000000.0	1748211217.0	1565983382.0	1844510715.8
1878000000.0	1749086504.7	1566682780.3	1845489128.7
1879000000.0	1749961736.2	1567382058.4	1846467537.3
1880000000.0	1750836911.8	1568081216.0	1847445941.7
1881000000.0	1751712031.3	1568780253.4	1848424341.9
1882000000.0	1752587094.8	1569479170.5	1849402737.8
1883000000.0	1753462102.3	1570177967.3	1850381129.5
1884000000.0	1754337053.7	1570876643.9	1851359516.9
1885000000.0	1755211949.2	1571575200.3	1852337900.1
1886000000.0	1756086788.7	1572273636.6	1853316279.1
1887000000.0	1756961572.1	1572971952.8	1854294653.8
1888000000.0	1757836299.6	1573670148.8	1855273024.3
1889000000.0	1758710971.1	1574368224.8	1856251390.5
1890000000.0	1759585586.6	1575066180.8	1857229752.5
1891000000.0	1760460146.1	1575764016.7	1858208110.3
1892000000.0	1761334649.7	1576461732.7	1859186463.8
1893000000.0	1762209097.2	1577159328.8	1860164813.0
1894000000.0	1763083488.9	1577856804.9	1861143158.1
1895000000.0	1763957824.6	1578554161.2	1862121498.9
1896000000.0	1764832104.3	1579251397.6	1863099835.4
1897000000.0	1765706328.1	1579948514.3	1864078167.7
1898000000.0	1766580495.9	1580645511.1	1865056495.8
1899000000.0	1767454607.8	1581342388.2	1866034819.6
1900000000.0	1768328663.8	1582039145.5	1867013139.2
1901000000.0	1769202663.9	1582735783.2	1867991454.6
1902000000.0	1770076608.1	1583432301.2	1868969765.7
1903000000.0	1770950496.3	1584128699.6	1869948072.6
1904000000.0	1771824328.7	1584824978.4	1870926375.2
1905000000.0	1772698105.1	1585521137.6	1871904673.6
1906000000.0	1773571825.6	1586217177.3	1872882967.7
1907000000.0	1774445490.3	1586913097.4	1873861257.6
1908000000.0	1775319099.1	1587608898.1	1874839543.3
1909000000.0	1776192652.0	1588304579.4	1875817824.7
1910000000.0	1777066149.0	1589000141.2	1876796101.9
1911000000.0	1777939590.1	1589695583.7	1877774374.9
1912000000.0	1778812975.4	1590390906.8	1878752643.6
1913000000.0	1779686304.9	1591086110.6	1879730908.1
1914000000.0	1780559578.4	1591781195.1	1880709168.3
1915000000.0	1781432796.2	1592476160.3	1881687424.3
1916000000.0	1782305958.1	1593171006.3	1882665676.0
1917000000.0	1783179064.1	1593865733.1	1883643923.5
1918000000.0	1784052114.4	1594560340.7	1884622166.8
1919000000.0	1784925108.8	1595254829.2	1885600405.8
1920000000.0	1785798047.4	1595949198.6	1886578640.6
1921000000.0	1786670930.1	1596643449.0	1887556871.2
1922000000.0	1787543757.1	1597337580.2	1888535097.5
1923000000.0	1788416528.3	1598031592.5	1889513319.6
1924000000.0	1789289243.6	1598725485.8	1890491537.4
1925000000.0	1790161903.2	1599419260.1	1891469751.0
1926000000.0	1791034507.0	1600112915.5	1892447960.4
1927000000.0	1791907055.0	1600806452.0	1893426165.5
1928000000.0	1792779547.2	1601499869.7	1894404366.4
1929000000.0	1793651983.6	1602193168.5	1895382563.0
1930000000.0	1794524364.3	1602886348.5	1896360755.4
1931000000.0	1795396689.3	1603579409.8	1897338943.6
1932000000.0	1796268958.4	1604272352.3	1898317127.5
1933000000.0	1797141171.8	1604965176.1	1899295307.2
1934000000.0	1798013329.5	1605657881.2	1900273482.6
1935000000.0	1798885431.5	1606350467.7	1901251653.8
1936000000.0	1799757477.7	1607042935.5	1902229820.8
1937000000.0	1800629468.1	1607735284.8	1903207983.5
1938000000.0	1801501402.9	1608427515.5	1904186142.0
1939000000.0	1802373281.9	1609119627.7	1905164296.3
1940000000.0	1803245105.2	1609811621.4	1906142446.3
1941000000.0	1804116872.9	1610503496.7	1907120592.1
1942000000.0	1804988584.8	1611195253.5	1908098733.6
1943000000.0	1805860241.0	1611886891.9	1909076870.9
1944000000.0	1806731841.5	1612578411.9	1910055003.9
1945000000.0	1807603386.3	1613269813.6	1911033132.8
1946000000.0	1808474875.5	1613961096.9	1912011257.3
1947000000.0	1809346309.0	1614652262.0	1912989377.7
1948000000.0	1810217686.8	1615343308.9	1913967493.8
1949000000.0	1811089008.9	1616034237.5	1914945605.7
1950000000.0	1811960275.4	1616725047.9	1915923713.3
1951000000.0	1812831486.3	1617415740.1	1916901816.7
1952000000.0	1813702641.5	1618106314.3	1917879915.8
1953000000.0	1814573741.0	1618796770.3	1918858010.7
1954000000.0	1815444784.9	1619487108.3	1919836101.4
1955000000.0	1816315773.2	1620177328.2	1920814187.8
1956000000.0	1817186705.8	1620867430.1	1921792270.0
1957000000.0	1818057582.9	1621557414.0	1922770348.0
1958000000.0	1818928404.3	1622247280.0	1923748421.7
1959000000.0	1819799170.1	1622937028.1	1924726491.2
1960000000.0	1820669880.3	1623626658.3	1925704556.5
1961000000.0	1821540534.9	1624316170.6	1926682617.5
1962000000.0	1822411133.9	1625005565.1	1927660674.2
1963000000.0	1823281677.3	1625694841.8	1928638726.8
1964000000.0	1824152165.1	1626384000.7	1929616775.1
1965000000.0	1825022597.3	1627073041.9	1930594819.1
1966000000.0	1825892974.0	1627761965.4	1931572858.9
1967000000.0	1826763295.1	1628450771.2	1932550894.5
1968000000.0	1827633560.6	1629139459.4	1933528925.9
1969000000.0	1828503770.6	1629828029.9	1934506953.0
1970000000.0	1829373925.0	1630516482.9	1935484975.8
1971000000.0	1830244023.9	1631204818.3	1936462994.5
1972000000.0	1831114067.3	1631893036.2	1937441008.9
1973000000.0	1831984055.1	1632581136.5	1938419019.0
1974000000.0	1832853987.3	1633269119.5	1939397024.9
1975000000.0	1833723864.1	1633956984.9	1940375026.6
1976000000.0	1834593685.3	1634644733.0	1941353024.1
1977000000.0	1835463451.0	1635332363.7	1942331017.3
1978000000.0	1836333161.2	1636019877.1	1943309006.2
1979000000.0	1837202815.9	1636707273.1	1944286991.0
1980000000.0	1838072415.1	1637394551.9	1945264971.5
1981000000.0	1838941958.8	1638081713.4	1946242947.7
1982000000.0	1839811447.0	1638768757.7	1947220919.7
1983000000.0	1840680879.8	1639455684.7	1948198887.5
1984000000.0	1841550257.0	1640142494.7	1949176851.1
1985000000.0	1842419578.8	1640829187.4	1950154810.4
1986000000.0	1843288845.1	1641515763.1	1951132765.5
1987000000.0	1844158055.9	1642202221.7	1952110716.3
1988000000.0	1845027211.3	1642888563.3	1953088662.9
1989000000.0	1845896311.3	1643574787.8	1954066605.3
1990000000.0	1846765355.8	1644260895.4	1955044543.4
1991000000.0	1847634344.8	1644946886.0	1956022477.3
1992000000.0	1848503278.4	1645632759.6	1957000406.9
1993000000.0	1849372156.6	1646318516.4	1957978332.3
1994000000.0	1850240979.4	1647004156.3	1958956253.5
1995000000.0	1851109746.7	1647689679.4	1959934170.5
1996000000.0	1851978458.7	1648375085.7	1960912083.2
1997000000.0	1852847115.2	1649060375.2	1961889991.6
1998000000.0	1853715716.3	1649745547.9	1962867895.9
1999000000.0	1854584262.0	1650430604.0	1963845795.9
2000000000.0	1855452752.3	1651115543.3	1964823691.6
2001000000.0	1856321187.3	1651800366.0	1965801583.2
2002000000.0	1857189566.8	1652485072.1	1966779470.4
2003000000.0	1858057891.0	1653169661.5	1967757353.5
2004000000.0	1858926159.8	1653854134.4	1968735232.3
2005000000.0	1859794373.3	1654538490.8	1969713106.9
2006000000.0	1860662531.3	1655222730.6	1970690977.2
2007000000.0	1861530634.1	1655906854.0	1971668843.3
2008000000.0	1862398681.4	1656590860.9	1972646705.2
2009000000.0	1863266673.4	1657274751.5	1973624562.8
2010000000.0	1864134610.1	1657958525.6	1974602416.2
2011000000.0	1865002491.5	1658642183.3	1975580265.4
2012000000.0	1865870317.5	1659325724.8	1976558110.3
2013000000.0	1866738088.2	1660009149.9	1977535951.0
2014000000.0	1867605803.6	1660692458.8	1978513787.5
2015000000.0	1868473463.6	1661375651.4	1979491619.7
2016000000.0	1869341068.4	1662058727.8	1980469447.7
2017000000.0	1870208617.8	1662741688.0	1981447271.4
2018000000.0	1871076112.0	1663424532.1	1982425090.9
2019000000.0	1871943550.9	1664107260.1	1983402906.2
2020000000.0	1872810934.4	1664789872.0	1984380717.2
2021000000.0	1873678262.7	1665472367.8	1985358524.1
2022000000.0	1874545535.7	1666154747.5	1986336326.6
2023000000.0	1875412753.5	1666837011.3	1987314125.0
2024000000.0	1876279916.0	1667519159.1	1988291919.1
2025000000.0	1877147023.2	1668201191.0	1989269708.9
2026000000.0	1878014075.1	1668883106.9	1990247494.5
2027000000.0	1878881071.8	1669564907.0	1991225275.9
2028000000.0	1879748013.3	1670246591.2	1992203053.1
2029000000.0	1880614899.5	1670928159.5	1993180826.0
2030000000.0	1881481730.5	1671609612.1	1994158594.7
2031000000.0	1882348506.3	1672290948.9	1995136359.1
2032000000.0	1883215226.8	1672972170.0	1996114119.4
2033000000.0	1884081892.2	1673653275.4	1997091875.3
2034000000.0	1884948502.3	1674334265.1	1998069627.1
2035000000.0	1885815057.2	1675015139.1	1999047374.6
2036000000.0	1886681556.9	1675695897.5	2000025117.9
2037000000.0	1887548001.4	1676376540.4	2001002856.9
2038000000.0	1888414390.7	1677057067.6	2001980591.7
2039000000.0	1889280724.8	1677737479.4	2002958322.3
2040000000.0	1890147003.7	1678417775.6	2003936048.6
2041000000.0	1891013227.5	1679097956.4	2004913770.7
2042000000.0	1891879396.1	1679778021.7	2005891488.6
2043000000.0	1892745509.5	1680457971.6	2006869202.2
2044000000.0	1893611567.8	1681137806.2	2007846911.6
2045000000.0	1894477570.9	1681817525.4	2008824616.8
2046000000.0	1895343518.8	1682497129.2	2009802317.7
2047000000.0	1896209411.6	1683176617.8	2010780014.4
2048000000.0	1897075249.3	1683855991.1	2011757706.8
2049000000.0	1897941031.9	1684535249.1	2012735395.1
2050000000.0	1898806759.3	1685214392.0	2013713079.1
2051000000.0	1899672431.6	1685893419.6	2014690758.8
2052000000.0	1900538048.7	1686572332.2	2015668434.3
2053000000.0	1901403610.8	1687251129.6	2016646105.6
2054000000.0	1902269117.7	1687929811.9	2017623772.7
2055000000.0	1903134569.6	1688608379.1	2018601435.5
2056000000.0	1903999966.3	1689286831.3	2019579094.1
2057000000.0	1904865308.0	1689965168.6	2020556748.4
2058000000.0	1905730594.5	1690643390.8	2021534398.5
2059000000.0	1906595826.0	1691321498.1	2022512044.4
2060000000.0	1907461002.4	1691999490.5	2023489686.0
2061000000.0	1908326123.8	1692677368.0	2024467323.4
2062000000.0	1909191190.1	1693355130.6	2025444956.6
2063000000.0	1910056201.3	1694032778.4	2026422585.6
2064000000.0	1910921157.4	1694710311.5	2027400210.3
2065000000.0	1911786058.5	1695387729.7	2028377830.7
2066000000.0	1912650904.6	1696065033.2	2029355447.0
2067000000.0	1913515695.6	1696742222.0	2030333059.0
2068000000.0	1914380431.6	1697419296.2	2031310666.8
2069000000.0	1915245112.6	1698096255.6	2032288270.3
2070000000.0	1916109738.5	1698773100.5	2033265869.6
2071000000.0	1916974309.4	1699449830.7	2034243464.7
2072000000.0	1917838825.3	1700126446.4	2035221055.5
2073000000.0	1918703286.2	1700802947.6	2036198642.1
2074000000.0	1919567692.1	1701479334.2	2037176224.5
2075000000.0	1920432043.0	1702155606.4	2038153802.6
2076000000.0	1921296338.9	1702831764.1	2039131376.5
2077000000.0	1922160579.9	1703507807.4	2040108946.2
2078000000.0	1923024765.8	1704183736.3	2041086511.6
2079000000.0	1923888896.8	1704859550.9	2042064072.8
2080000000.0	1924752972.7	1705535251.1	2043041629.8
2081000000.0	1925616993.8	1706210837.0	2044019182.5
2082000000.0	1926480959.8	1706886308.7	2044996731.0
2083000000.0	1927344870.9	1707561666.1	2045974275.3
2084000000.0	1928208727.1	1708236909.2	2046951815.3
2085000000.0	1929072528.3	1708912038.2	2047929351.1
2086000000.0	1929936274.6	1709587053.1	2048906882.7
2087000000.0	1930799965.9	1710261953.8	2049884410.0
2088000000.0	1931663602.3	1710936740.4	2050861933.2
2089000000.0	1932527183.8	1711611412.9	2051839452.0
2090000000.0	1933390710.4	1712285971.4	2052816966.7
2091000000.0	1934254182.0	1712960415.9	2053794477.1
2092000000.0	1935117598.8	1713634746.4	2054771983.2
2093000000.0	1935980960.6	1714308963.0	2055749485.2
2094000000.0	1936844267.6	1714983065.6	2056726982.9
2095000000.0	1937707519.6	1715657054.3	2057704476.3
2096000000.0	1938570716.8	1716330929.2	2058681965.6
2097000000.0	1939433859.0	1717004690.2	2059659450.6
2098000000.0	1940296946.4	1717678337.4	2060636931.4
2099000000.0	1941159979.0	1718351870.8	2061614407.9
2100000000.0	1942022956.6	1719025290.5	2062591880.2
2101000000.0	1942885879.5	1719698596.4	2063569348.3
2102000000.0	1943748747.4	1720371788.6	2064546812.1
2103000000.0	1944611560.5	1721044867.2	2065524271.7
2104000000.0	1945474318.7	1721717832.2	2066501727.1
2105000000.0	1946337022.2	1722390683.5	2067479178.3
2106000000.0	1947199670.7	1723063421.3	2068456625.2
2107000000.0	1948062264.5	1723736045.5	2069434067.8
2108000000.0	1948924803.4	1724408556.1	2070411506.3
2109000000.0	1949787287.5	1725080953.3	2071388940.5
2110000000.0	1950649716.8	1725753237.0	2072366370.5
2111000000.0	1951512091.3	1726425407.3	2073343796.2
2112000000.0	1952374411.0	1727097464.2	2074321217.8
2113000000.0	1953236675.8	1727769407.7	2075298635.0
2114000000.0	1954098885.9	1728441237.8	2076276048.1
2115000000.0	1954961041.2	1729112954.7	2077253456.9
2116000000.0	1955823141.7	1729784558.2	2078230861.5
2117000000.0	1956685187.5	1730456048.5	2079208261.9
2118000000.0	1957547178.4	1731127425.5	2080185658.0
2119000000.0	1958409114.6	1731798689.3	2081163049.9
2120000000.0	1959270996.1	1732469840.0	2082140437.5
2121000000.0	1960132822.7	1733140877.5	2083117821.0
2122000000.0	1960994594.7	1733811801.8	2084095200.2
2123000000.0	1961856311.9	1734482613.1	2085072575.1
2124000000.0	1962717974.3	1735153311.3	2086049945.9
2125000000.0	1963579582.0	1735823896.5	2087027312.4
2126000000.0	1964441135.0	1736494368.7	2088004674.6
2127000000.0	1965302633.2	1737164727.9	2088982032.7
2128000000.0	1966164076.7	1737834974.1	2089959386.5
2129000000.0	1967025465.6	1738505107.5	2090936736.0
2130000000.0	1967886799.7	1739175127.9	2091914081.4
2131000000.0	1968748079.1	1739845035.5	2092891422.5
2132000000.0	1969609303.8	1740514830.2	2093868759.4
2133000000.0	1970470473.8	1741184512.1	2094846092.0
2134000000.0	1971331589.1	1741854081.3	2095823420.4
2135000000.0	1972192649.7	1742523537.7	2096800744.6
2136000000.0	1973053655.7	1743192881.4	2097778064.6
2137000000.0	1973914607.0	1743862112.4	2098755380.3
2138000000.0	1974775503.6	1744531230.7	2099732691.8
2139000000.0	1975636345.5	1745200236.4	2100709999.0
2140000000.0	1976497132.8	1745869129.5	2101687302.1
2141000000.0	1977357865.5	1746537910.0	2102664600.9
2142000000.0	1978218543.4	1747206577.9	2103641895.4
2143000000.0	1979079166.8	1747875133.3	2104619185.8
2144000000.0	1979939735.5	1748543576.3	2105596471.9
2145000000.0	1980800249.6	1749211906.8	2106573753.7
2146000000.0	1981660709.1	1749880124.8	2107551031.4
2147000000.0	1982521113.9	1750548230.4	2108528304.8
2148000000.0	1983381464.1	1751216223.7	2109505574.0
2149000000.0	1984241759.7	1751884104.6	2110482838.9
2150000000.0	1985102000.7	1752551873.1	2111460099.6
2151000000.0	1985962187.1	1753219529.4	2112437356.1
2152000000.0	1986822318.9	1753887073.4	2113414608.4
2153000000.0	1987682396.2	1754554505.2	2114391856.4
2154000000.0	1988542418.8	1755221824.7	2115369100.2
2155000000.0	1989402386.8	1755889032.1	2116346339.8
2156000000.0	1990262300.3	1756556127.3	2117323575.1
2157000000.0	1991122159.2	1757223110.4	2118300806.2
2158000000.0	1991981963.6	1757889981.4	2119278033.1
2159000000.0	1992841713.4	1758556740.4	2120255255.7
2160000000.0	1993701408.6	1759223387.3	2121232474.1
2161000000.0	1994561049.3	1759889922.2	2122209688.3
2162000000.0	1995420635.4	1760556345.1	2123186898.2
2163000000.0	1996280167.0	1761222656.0	2124164104.0
2164000000.0	1997139644.1	1761888855.0	2125141305.4
2165000000.0	1997999066.6	1762554942.1	2126118502.7
2166000000.0	1998858434.7	1763220917.4	2127095695.7
2167000000.0	1999717748.2	1763886780.8	2128072884.5
2168000000.0	2000577007.2	1764552532.4	2129050069.1
2169000000.0	2001436211.6	1765218172.2	2130027249.4
2170000000.0	2002295361.6	1765883700.2	2131004425.5
2171000000.0	2003154457.1	1766549116.5	2131981597.4
2172000000.0	2004013498.1	1767214421.1	2132958765.1
2173000000.0	2004872484.6	1767879614.1	2133935928.5
2174000000.0	2005731416.7	1768544695.4	2134913087.7
2175000000.0	2006590294.2	1769209665.1	2135890242.6
2176000000.0	2007449117.3	1769874523.1	2136867393.3
2177000000.0	2008307885.9	1770539269.7	2137844539.8
2178000000.0	2009166600.1	1771203904.7	2138821682.1
2179000000.0	2010025259.8	1771868428.1	2139798820.1
2180000000.0	2010883865.0	1772532840.2	2140775953.9
2181000000.0	2011742415.8	1773197140.7	2141753083.5
2182000000.0	2012600912.2	1773861329.9	2142730208.9
2183000000.0	2013459354.1	1774525407.6	2143707330.0
2184000000.0	2014317741.6	1775189374.0	2144684446.9
2185000000.0	2015176074.7	1775853229.0	2145661559.5
2186000000.0	2016034353.4	1776516972.8	2146638667.9
2187000000.0	2016892577.6	1777180605.2	2147615772.1
2188000000.0	2017750747.5	1777844126.4	2148592872.1
2189000000.0	2018608862.9	1778507536.4	2149569967.8
2190000000.0	2019466923.9	1779170835.2	2150547059.4
2191000000.0	2020324930.6	1779834022.8	2151524146.6
2192000000.0	2021182882.8	1780497099.3	2152501229.7
2193000000.0	2022040780.7	1781160064.6	2153478308.5
2194000000.0	2022898624.2	1781822918.9	2154455383.1
2195000000.0	2023756413.3	1782485662.1	2155432453.5
2196000000.0	2024614148.1	1783148294.3	2156409519.6
2197000000.0	2025471828.5	1783810815.5	2157386581.5
2198000000.0	2026329454.5	1784473225.7	2158363639.2
2199000000.0	2027187026.2	1785135525.0	2159340692.6
2200000000.0	2028044543.6	1785797713.4	2160317741.8
2201000000.0	2028902006.6	1786459790.8	2161294786.8
2202000000.0	2029759415.2	1787121757.4	2162271827.6
2203000000.0	2030616769.6	1787783613.2	2163248864.1
2204000000.0	2031474069.6	1788445358.2	2164225896.4
2205000000.0	2032331315.3	1789106992.3	2165202924.5
2206000000.0	2033188506.6	1789768515.8	2166179948.3
2207000000.0	2034045643.7	1790429928.5	2167156967.9
2208000000.0	2034902726.4	1791091230.5	2168133983.3
2209000000.0	2035759754.9	1791752421.9	2169110994.4
2210000000.0	2036616729.1	1792413502.6	2170088001.4
2211000000.0	2037473648.9	1793074472.7	2171065004.1
2212000000.0	2038330514.5	1793735332.2	2172042002.5
2213000000.0	2039187325.8	1794396081.1	2173018996.8
2214000000.0	2040044082.9	1795056719.6	2173995986.8
2215000000.0	2040900785.6	1795717247.5	2174972972.6
2216000000.0	2041757434.1	1796377665.0	2175949954.1
2217000000.0	2042614028.4	1797037972.0	2176926931.4
2218000000.0	2043470568.4	1797698168.6	2177903904.5
2219000000.0	2044327054.1	1798358254.8	2178880873.4
2220000000.0	2045183485.6	1799018230.6	2179857838.0
2221000000.0	2046039862.9	1799678096.1	2180834798.5
2222000000.0	2046896185.9	1800337851.3	2181811754.6
2223000000.0	2047752454.7	1800997496.3	2182788706.6
2224000000.0	2048608669.3	1801657031.0	2183765654.3
2225000000.0	2049464829.6	1802316455.4	2184742597.8
2226000000.0	2050320935.8	1802975769.7	2185719537.1
2227000000.0	2051176987.7	1803634973.8	2186696472.1
2228000000.0	2052032985.5	1804294067.7	2187673402.9
2229000000.0	2052888929.0	1804953051.5	2188650329.5
2230000000.0	2053744818.4	1805611925.3	2189627251.9
2231000000.0	2054600653.5	1806270689.0	2190604170.0
2232000000.0	2055456434.5	1806929342.7	2191581083.9
2233000000.0	2056312161.3	1807587886.3	2192557993.6
2234000000.0	2057167834.0	1808246320.0	2193534899.0
2235000000.0	2058023452.4	1808904643.7	2194511800.2
2236000000.0	2058879016.7	1809562857.6	2195488697.2
2237000000.0	2059734526.9	1810220961.5	2196465590.0
2238000000.0	2060589982.9	1810878955.6	2197442478.5
2239000000.0	2061445384.8	1811536839.8	2198419362.8
2240000000.0	2062300732.5	1812194614.2	2199396242.9
2241000000.0	2063156026.1	1812852278.8	2200373118.7
2242000000.0	2064011265.5	1813509833.7	2201349990.3
2243000000.0	2064866450.8	1814167278.9	2202326857.7
2244000000.0	2065721582.1	1814824614.3	2203303720.9
2245000000.0	2066576659.1	1815481840.1	2204280579.8
2246000000.0	2067431682.1	1816138956.2	2205257434.6
2247000000.0	2068286651.0	1816795962.8	2206234285.0
2248000000.0	2069141565.8	1817452859.7	2207211131.3
2249000000.0	2069996426.5	1818109647.1	2208187973.3
2250000000.0	2070851233.1	1818766324.9	2209164811.1
2251000000.0	2071705985.6	1819422893.2	2210141644.7
2252000000.0	2072560684.0	1820079352.1	2211118474.0
2253000000.0	2073415328.4	1820735701.5	2212095299.2
2254000000.0	2074269918.7	1821391941.4	2213072120.0
2255000000.0	2075124454.9	1822048072.0	2214048936.7
2256000000.0	2075978937.1	1822704093.2	2215025749.1
2257000000.0	2076833365.2	1823360005.1	2216002557.3
2258000000.0	2077687739.3	1824015807.6	2216979361.3
2259000000.0	2078542059.3	1824671500.8	2217956161.1
2260000000.0	2079396325.3	1825327084.8	2218932956.6
2261000000.0	2080250537.3	1825982559.6	2219909747.9
2262000000.0	2081104695.2	1826637925.1	2220886535.0
2263000000.0	2081958799.1	1827293181.5	2221863317.8
2264000000.0	2082812849.0	1827948328.7	2222840096.4
2265000000.0	2083666844.9	1828603366.8	2223816870.8
2266000000.0	2084520786.8	1829258295.8	2224793641.0
2267000000.0	2085374674.6	1829913115.8	2225770406.9
2268000000.0	2086228508.5	1830567826.6	2226747168.7
2269000000.0	2087082288.4	1831222428.5	2227723926.1
2270000000.0	2087936014.3	1831876921.4	2228700679.4
2271000000.0	2088789686.2	1832531305.3	2229677428.4
2272000000.0	2089643304.2	1833185580.3	2230654173.2
2273000000.0	2090496868.1	1833839746.4	2231630913.8
2274000000.0	2091350378.1	1834493803.6	2232607650.2
2275000000.0	2092203834.2	1835147751.9	2233584382.3
2276000000.0	2093057236.3	1835801591.5	2234561110.2
2277000000.0	2093910584.4	1836455322.2	2235537833.9
2278000000.0	2094763878.6	1837108944.1	2236514553.3
2279000000.0	2095617118.9	1837762457.3	2237491268.5
2280000000.0	2096470305.2	1838415861.8	2238467979.5
2281000000.0	2097323437.6	1839069157.6	2239444686.3
2282000000.0	2098176516.0	1839722344.8	2240421388.8
2283000000.0	2099029540.6	1840375423.3	2241398087.1
2284000000.0	2099882511.2	1841028393.2	2242374781.2
2285000000.0	2100735427.9	1841681254.5	2243351471.1
2286000000.0	2101588290.8	1842334007.3	2244328156.7
2287000000.0	2102441099.7	1842986651.5	2245304838.1
2288000000.0	2103293854.7	1843639187.3	2246281515.3
2289000000.0	2104146555.8	1844291614.5	2247258188.2
2290000000.0	2104999203.1	1844943933.3	2248234857.0
2291000000.0	2105851796.5	1845596143.8	2249211521.5
2292000000.0	2106704336.0	1846248245.8	2250188181.8
2293000000.0	2107556821.6	1846900239.4	2251164837.8
2294000000.0	2108409253.3	1847552124.7	2252141489.6
2295000000.0	2109261631.3	1848203901.7	2253118137.2
2296000000.0	2110113955.3	1848855570.4	2254094780.6
2297000000.0	2110966225.5	1849507130.9	2255071419.7
2298000000.0	2111818441.9	1850158583.1	2256048054.7
2299000000.0	2112670604.4	1850809927.2	2257024685.4
2300000000.0	2113522713.1	1851461163.0	2258001311.8
2301000000.0	2114374768.0	1852112290.7	2258977934.1
2302000000.0	2115226769.0	1852763310.3	2259954552.1
2303000000.0	2116078716.2	1853414221.8	2260931165.9
2304000000.0	2116930609.6	1854065025.2	2261907775.5
2305000000.0	2117782449.2	1854715720.6	2262884380.8
2306000000.0	2118634235.0	1855366308.0	2263860981.9
2307000000.0	2119485967.0	1856016787.4	2264837578.8
2308000000.0	2120337645.3	1856667158.8	2265814171.5
2309000000.0	2121189269.7	1857317422.3	2266790759.9
2310000000.0	2122040840.3	1857967577.9	2267767344.1
2311000000.0	2122892357.2	1858617625.6	2268743924.1
2312000000.0	2123743820.3	1859267565.4	2269720499.9
2313000000.0	2124595229.6	1859917397.4	2270697071.4
2314000000.0	2125446585.2	1860567121.7	2271673638.7
2315000000.0	2126297887.0	1861216738.1	2272650201.8
2316000000.0	2127149135.0	1861866246.8	2273626760.7
2317000000.0	2128000329.4	1862515647.8	2274603315.3
2318000000.0	2128851469.9	1863164941.1	2275579865.7
2319000000.0	2129702556.8	1863814126.8	2276556411.9
2320000000.0	2130553589.9	1864463204.8	2277532953.9
2321000000.0	2131404569.3	1865112175.2	2278509491.6
2322000000.0	2132255494.9	1865761038.0	2279486025.1
2323000000.0	2133106366.9	1866409793.2	2280462554.4
2324000000.0	2133957185.1	1867058440.9	2281439079.5
2325000000.0	2134807949.6	1867706981.2	2282415600.3
2326000000.0	2135658660.4	1868355413.9	2283392116.9
2327000000.0	2136509317.6	1869003739.2	2284368629.3
2328000000.0	2137359921.0	1869651957.0	2285345137.5
2329000000.0	2138210470.8	1870300067.5	2286321641.4
2330000000.0	2139060966.8	1870948070.6	2287298141.1
2331000000.0	2139911409.2	1871595966.4	2288274636.6
2332000000.0	2140761798.0	1872243754.8	2289251127.9
2333000000.0	2141612133.0	1872891435.9	2290227614.9
2334000000.0	2142462414.4	1873539009.8	2291204097.7
2335000000.0	2143312642.2	1874186476.5	2292180576.3
2336000000.0	2144162816.3	1874833835.9	2293157050.7
2337000000.0	2145012936.7	1875481088.1	2294133520.8
2338000000.0	2145863003.6	1876128233.2	2295109986.7
2339000000.0	2146713016.7	1876775271.2	2296086448.4
2340000000.0	2147562976.3	1877422202.1	2297062905.9
2341000000.0	2148412882.2	1878069025.8	2298039359.1
2342000000.0	2149262734.5	1878715742.6	2299015808.1
2343000000.0	2150112533.2	1879362352.3	2299992252.9
2344000000.0	2150962278.3	1880008855.0	2300968693.5
2345000000.0	2151811969.8	1880655250.7	2301945129.9
2346000000.0	2152661607.7	1881301539.5	2302921562.0
2347000000.0	2153511192.0	1881947721.4	2303897989.9
2348000000.0	2154360722.7	1882593796.4	2304874413.5
2349000000.0	2155210199.8	1883239764.5	2305850833.0
2350000000.0	2156059623.3	1883885625.8	2306827248.2
2351000000.0	2156908993.3	1884531380.3	2307803659.2
2352000000.0	2157758309.7	1885177028.0	2308780066.0
2353000000.0	2158607572.5	1885822568.9	2309756468.5
2354000000.0	2159456781.8	1886468003.1	2310732866.9
2355000000.0	2160305937.5	1887113330.6	2311709261.0
2356000000.0	2161155039.7	1887758551.4	2312685650.9
2357000000.0	2162004088.3	1888403665.6	2313662036.5
2358000000.0	2162853083.4	1889048673.1	2314638417.9
2359000000.0	2163702025.0	1889693574.0	2315614795.2
2360000000.0	2164550913.0	1890338368.4	2316591168.1
2361000000.0	2165399747.5	1890983056.2	2317567536.9
2362000000.0	2166248528.5	1891627637.5	2318543901.4
2363000000.0	2167097256.0	1892272112.3	2319520261.7
2364000000.0	2167945930.0	1892916480.6	2320496617.8
2365000000.0	2168794550.5	1893560742.5	2321472969.7
2366000000.0	2169643117.4	1894204898.0	2322449317.3
2367000000.0	2170491630.9	1894848947.1	2323425660.8
2368000000.0	2171340090.9	1895492889.8	2324402000.0
2369000000.0	2172188497.4	1896136726.2	2325378334.9
2370000000.0	2173036850.4	1896780456.3	2326354665.7
2371000000.0	2173885150.0	1897424080.1	2327330992.2
2372000000.0	2174733396.1	1898067597.6	2328307314.5
2373000000.0	2175581588.7	1898711009.0	2329283632.6
2374000000.0	2176429727.9	1899354314.1	2330259946.4
2375000000.0	2177277813.6	1899997513.0	2331236256.1
2376000000.0	2178125845.9	1900640605.8	2332212561.5
2377000000.0	2178973824.7	1901283592.4	2333188862.7
2378000000.0	2179821750.1	1901926473.0	2334165159.6
2379000000.0	2180669622.1	1902569247.5	2335141452.4
2380000000.0	2181517440.6	1903211915.9	2336117740.9
2381000000.0	2182365205.7	1903854478.3	2337094025.2
2382000000.0	2183212917.4	1904496934.7	2338070305.3
2383000000.0	2184060575.7	1905139285.2	2339046581.1
2384000000.0	2184908180.6	1905781529.7	2340022852.7
2385000000.0	2185755732.1	1906423668.3	2340999120.1
2386000000.0	2186603230.2	1907065701.0	2341975383.3
2387000000.0	2187450674.9	1907707627.9	2342951642.3
2388000000.0	2188298066.2	1908349448.9	2343927897.0
2389000000.0	2189145404.1	1908991164.1	2344904147.5
2390000000.0	2189992688.6	1909632773.5	2345880393.8
2391000000.0	2190839919.8	1910274277.2	2346856635.9
2392000000.0	2191687097.6	1910915675.1	2347832873.7
2393000000.0	2192534222.1	1911556967.3	2348809107.3
2394000000.0	2193381293.2	1912198153.9	2349785336.7
2395000000.0	2194228310.9	1912839234.7	2350761561.9
2396000000.0	2195075275.3	1913480210.0	2351737782.8
2397000000.0	2195922186.4	1914121079.7	2352713999.6
2398000000.0	2196769044.1	1914761843.7	2353690212.1
2399000000.0	2197615848.5	1915402502.3	2354666420.4
2400000000.0	2198462599.5	1916043055.3	2355642624.4
2401000000.0	2199309297.3	1916683502.8	2356618824.3
2402000000.0	2200155941.7	1917323844.9	2357595019.9
2403000000.0	2201002532.8	1917964081.5	2358571211.3
2404000000.0	2201849070.6	1918604212.6	2359547398.4
2405000000.0	2202695555.1	1919244238.4	2360523581.4
2406000000.0	2203541986.3	1919884158.9	2361499760.1
2407000000.0	2204388364.3	1920523973.9	2362475934.6
2408000000.0	2205234688.9	1921163683.7	2363452104.9
2409000000.0	2206080960.3	1921803288.2	2364428271.0
2410000000.0	2206927178.3	1922442787.4	2365404432.8
2411000000.0	2207773343.2	1923082181.4	2366380590.4
2412000000.0	2208619454.7	1923721470.2	2367356743.8
2413000000.0	2209465513.0	1924360653.8	2368332893.0
2414000000.0	2210311518.0	1924999732.2	2369309037.9
2415000000.0	2211157469.8	1925638705.5	2370285178.7
2416000000.0	2212003368.3	1926277573.7	2371261315.2
2417000000.0	2212849213.6	1926916336.8	2372237447.5
2418000000.0	2213695005.7	1927554994.9	2373213575.5
2419000000.0	2214540744.5	1928193547.9	2374189699.4
2420000000.0	2215386430.1	1928831995.9	2375165819.0
2421000000.0	2216232062.5	1929470339.0	2376141934.4
2422000000.0	2217077641.7	1930108577.1	2377118045.6
2423000000.0	2217923167.6	1930746710.2	2378094152.5
2424000000.0	2218768640.4	1931384738.5	2379070255.2
2425000000.0	2219614059.9	1932022661.9	2380046353.8
2426000000.0	2220459426.3	1932660480.5	2381022448.0
2427000000.0	2221304739.4	1933298194.2	2381998538.1
2428000000.0	2222149999.4	1933935803.1	2382974624.0
2429000000.0	2222995206.2	1934573307.3	2383950705.6
2430000000.0	2223840359.8	1935210706.7	2384926783.0
2431000000.0	2224685460.3	1935848001.4	2385902856.2
2432000000.0	2225530507.6	1936485191.4	2386878925.1
2433000000.0	2226375501.7	1937122276.8	2387854989.9
2434000000.0	2227220442.7	1937759257.5	2388831050.4
2435000000.0	2228065330.5	1938396133.6	2389807106.7
2436000000.0	2228910165.2	1939032905.1	2390783158.7
2437000000.0	2229754946.8	1939669572.0	2391759206.6
2438000000.0	2230599675.2	1940306134.4	2392735250.2
2439000000.0	2231444350.4	1940942592.3	2393711289.6
2440000000.0	2232288972.6	1941578945.7	2394687324.8
2441000000.0	2233133541.6	1942215194.6	2395663355.8
2442000000.0	2233978057.5	1942851339.1	2396639382.6
2443000000.0	2234822520.4	1943487379.2	2397615405.1
2444000000.0	2235666930.1	1944123315.0	2398591423.4
2445000000.0	2236511286.7	1944759146.3	2399567437.5
2446000000.0	2237355590.2	1945394873.3	2400543447.3
2447000000.0	2238199840.6	1946030496.1	2401519453.0
2448000000.0	2239044037.9	1946666014.5	2402495454.4
2449000000.0	2239888182.2	1947301428.7	2403471451.6
2450000000.0	2240732273.4	1947936738.6	2404447444.6
2451000000.0	2241576311.5	1948571944.4	2405423433.3
2452000000.0	2242420296.5	1949207046.0	2406399417.9
2453000000.0	2243264228.5	1949842043.4	2407375398.2
2454000000.0	2244108107.4	1950476936.7	2408351374.3
2455000000.0	2244951933.3	1951111725.9	2409327346.2
2456000000.0	2245795706.1	1951746411.0	2410303313.8
2457000000.0	2246639425.9	1952380992.1	2411279277.3
2458000000.0	2247483092.7	1953015469.1	2412255236.5
2459000000.0	2248326706.4	1953649842.2	2413231191.5
2460000000.0	2249170267.1	1954284111.2	2414207142.2
2461000000.0	2250013774.8	1954918276.4	2415183088.8
2462000000.0	2250857229.5	1955552337.6	2416159031.1
2463000000.0	2251700631.2	1956186294.9	2417134969.2
2464000000.0	2252543979.8	1956820148.3	2418110903.1
2465000000.0	2253387275.5	1957453897.9	2419086832.8
2466000000.0	2254230518.2	1958087543.7	2420062758.3
2467000000.0	2255073707.8	1958721085.7	2421038679.5
2468000000.0	2255916844.5	1959354523.9	2422014596.5
2469000000.0	2256759928.2	1959987858.4	2422990509.3
2470000000.0	2257602959.0	1960621089.1	2423966417.9
2471000000.0	2258445936.7	1961254216.2	2424942322.2
2472000000.0	2259288861.5	1961887239.6	2425918222.3
2473000000.0	2260131733.4	1962520159.3	2426894118.3
2474000000.0	2260974552.3	1963152975.4	2427870009.9
2475000000.0	2261817318.2	1963785688.0	2428845897.4
2476000000.0	2262660031.2	1964418297.0	2429821780.7
2477000000.0	2263502691.2	1965050802.4	2430797659.7
2478000000.0	2264345298.4	1965683204.4	2431773534.5
2479000000.0	2265187852.6	1966315502.8	2432749405.1
2480000000.0	2266030353.8	1966947697.8	2433725271.5
2481000000.0	2266872802.2	1967579789.3	2434701133.6
2482000000.0	2267715197.6	1968211777.4	2435676991.5
2483000000.0	2268557540.1	1968843662.2	2436652845.3
2484000000.0	2269399829.7	1969475443.6	2437628694.7
2485000000.0	2270242066.4	1970107121.6	2438604540.0
2486000000.0	2271084250.3	1970738696.3	2439580381.1
2487000000.0	2271926381.2	1971370167.8	2440556217.9
2488000000.0	2272768459.2	1972001536.0	2441532050.5
2489000000.0	2273610484.4	1972632800.9	2442507878.9
2490000000.0	2274452456.7	1973263962.7	2443483703.1
2491000000.0	2275294376.1	1973895021.2	2444459523.0
2492000000.0	2276136242.7	1974525976.6	2445435338.8
2493000000.0	2276978056.3	1975156828.9	2446411150.3
2494000000.0	2277819817.2	1975787578.1	2447386957.6
2495000000.0	2278661525.2	1976418224.2	2448362760.7
2496000000.0	2279503180.3	1977048767.2	2449338559.5
2497000000.0	2280344782.6	1977679207.2	2450314354.2
2498000000.0	2281186332.1	1978309544.2	2451290144.6
2499000000.0	2282027828.7	1978939778.2	2452265930.8
2500000000.0	2282869272.5	1979569909.2	2453241712.8
2501000000.0	2283710663.5	1980199937.3	2454217490.5
2502000000.0	2284552001.7	1980829862.5	2455193264.1
2503000000.0	2285393287.1	1981459684.8	2456169033.4
2504000000.0	2286234519.6	1982089404.3	2457144798.5
2505000000.0	2287075699.4	1982719021.0	2458120559.4
2506000000.0	2287916826.4	1983348534.8	2459096316.0
2507000000.0	2288757900.6	1983977945.9	2460072068.5
2508000000.0	2289598921.9	1984607254.2	2461047816.7
2509000000.0	2290439890.6	1985236459.7	2462023560.7
2510000000.0	2291280806.4	1985865562.6	2462999300.5
2511000000.0	2292121669.5	1986494562.8	2463975036.1
2512000000.0	2292962479.8	1987123460.3	2464950767.4
2513000000.0	2293803237.3	1987752255.2	2465926494.6
2514000000.0	2294643942.1	1988380947.5	2466902217.5
2515000000.0	2295484594.1	1989009537.3	2467877936.2
2516000000.0	2296325193.4	1989638024.4	2468853650.7
2517000000.0	2297165739.9	1990266409.1	2469829360.9
2518000000.0	2298006233.7	1990894691.2	2470805067.0
2519000000.0	2298846674.8	1991522870.9	2471780768.8
2520000000.0	2299687063.2	1992150948.1	2472756466.4
2521000000.0	2300527398.8	1992778922.9	2473732159.8
2522000000.0	2301367681.7	1993406795.2	2474707848.9
2523000000.0	2302207911.9	1994034565.2	2475683533.9
2524000000.0	2303048089.4	1994662232.9	2476659214.6
2525000000.0	2303888214.2	1995289798.2	2477634891.1
2526000000.0	2304728286.3	1995917261.2	2478610563.4
2527000000.0	2305568305.7	1996544621.9	2479586231.5
2528000000.0	2306408272.5	1997171880.4	2480561895.3
2529000000.0	2307248186.5	1997799036.7	2481537555.0
2530000000.0	2308088047.9	1998426090.7	2482513210.4
2531000000.0	2308927856.6	1999053042.6	2483488861.6
2532000000.0	2309767612.6	1999679892.3	2484464508.6
2533000000.0	2310607316.0	2000306639.9	2485440151.3
2534000000.0	2311446966.7	2000933285.4	2486415789.9
2535000000.0	2312286564.8	2001559828.9	2487391424.2
2536000000.0	2313126110.2	2002186270.2	2488367054.3
2537000000.0	2313965602.9	2002812609.6	2489342680.2
2538000000.0	2314805043.1	2003438846.9	2490318301.9
2539000000.0	2315644430.6	2004064982.2	2491293919.3
2540000000.0	2316483765.5	2004691015.6	2492269532.6
2541000000.0	2317323047.7	2005316947.1	2493245141.6
2542000000.0	2318162277.4	2005942776.7	2494220746.4
2543000000.0	2319001454.4	2006568504.4	2495196347.0
2544000000.0	2319840578.8	2007194130.2	2496171943.4
2545000000.0	2320679650.6	2007819654.2	2497147535.5
2546000000.0	2321518669.9	2008445076.4	2498123123.4
2547000000.0	2322357636.5	2009070396.9	2499098707.1
2548000000.0	2323196550.5	2009695615.5	2500074286.6
2549000000.0	2324035412.0	2010320732.5	2501049861.9
2550000000.0	2324874220.9	2010945747.7	2502025433.0
2551000000.0	2325712977.2	2011570661.3	2503000999.8
2552000000.0	2326551680.9	2012195473.2	2503976562.5
2553000000.0	2327390332.1	2012820183.5	2504952120.9
2554000000.0	2328228930.7	2013444792.1	2505927675.0
2555000000.0	2329067476.8	2014069299.2	2506903225.0
2556000000.0	2329905970.3	2014693704.7	2507878770.8
2557000000.0	2330744411.3	2015318008.7	2508854312.3
2558000000.0	2331582799.8	2015942211.2	2509829849.6
2559000000.0	2332421135.7	2016566312.3	2510805382.7
2560000000.0	2333259419.0	2017190311.8	2511780911.6
2561000000.0	2334097649.9	2017814210.0	2512756436.3
2562000000.0	2334935828.3	2018438006.7	2513731956.7
2563000000.0	2335773954.1	2019061702.0	2514707473.0
2564000000.0	2336612027.4	2019685296.0	2515682985.0
2565000000.0	2337450048.2	2020308788.6	2516658492.8
2566000000.0	2338288016.5	2020932180.0	2517633996.4
2567000000.0	2339125932.4	2021555470.0	2518609495.7
2568000000.0	2339963795.7	2022178658.8	2519584990.9
2569000000.0	2340801606.6	2022801746.4	2520560481.8
2570000000.0	2341639364.9	2023424732.8	2521535968.5
2571000000.0	2342477070.8	2024047617.9	2522511451.0
2572000000.0	2343314724.3	2024670402.0	2523486929.3
2573000000.0	2344152325.2	2025293084.8	2524462403.4
2574000000.0	2344989873.8	2025915666.6	2525437873.2
2575000000.0	2345827369.8	2026538147.3	2526413338.9
2576000000.0	2346664813.4	2027160526.9	2527388800.3
2577000000.0	2347502204.6	2027782805.5	2528364257.5
2578000000.0	2348339543.3	2028404983.1	2529339710.4
2579000000.0	2349176829.6	2029027059.6	2530315159.2
2580000000.0	2350014063.5	2029649035.3	2531290603.8
2581000000.0	2350851244.9	2030270909.9	2532266044.1
2582000000.0	2351688373.9	2030892683.7	2533241480.2
2583000000.0	2352525450.5	2031514356.6	2534216912.1
2584000000.0	2353362474.7	2032135928.6	2535192339.8
2585000000.0	2354199446.5	2032757399.8	2536167763.2
2586000000.0	2355036365.9	2033378770.1	2537143182.5
2587000000.0	2355873232.9	2034000039.7	2538118597.5
2588000000.0	2356710047.5	2034621208.5	2539094008.3
2589000000.0	2357546809.7	2035242276.6	2540069414.9
2590000000.0	2358383519.6	2035863243.9	2541044817.3
2591000000.0	2359220177.1	2036484110.6	2542020215.5
2592000000.0	2360056782.2	2037104876.5	2542995609.4
2593000000.0	2360893334.9	2037725541.9	2543970999.2
2594000000.0	2361729835.3	2038346106.6	2544946384.7
2595000000.0	2362566283.3	2038966570.7	2545921766.0
2596000000.0	2363402678.9	2039586934.3	2546897143.1
2597000000.0	2364239022.3	2040207197.3	2547872515.9
2598000000.0	2365075313.2	2040827359.8	2548847884.6
2599000000.0	2365911551.9	2041447421.8	2549823249.0
2600000000.0	2366747738.2	2042067383.3	2550798609.2
2601000000.0	2367583872.2	2042687244.3	2551773965.2
2602000000.0	2368419953.9	2043307005.0	2552749317.0
2603000000.0	2369255983.2	2043926665.2	2553724664.6
2604000000.0	2370091960.2	2044546225.1	2554700008.0
2605000000.0	2370927885.0	2045165684.6	2555675347.1
2606000000.0	2371763757.4	2045785043.8	2556650682.0
2607000000.0	2372599577.5	2046404302.7	2557626012.7
2608000000.0	2373435345.4	2047023461.3	2558601339.2
2609000000.0	2374271060.9	2047642519.7	2559576661.5
2610000000.0	2375106724.2	2048261477.8	2560551979.6
2611000000.0	2375942335.2	2048880335.8	2561527293.4
2612000000.0	2376777893.9	2049499093.5	2562502603.0
2613000000.0	2377613400.4	2050117751.1	2563477908.5
2614000000.0	2378448854.6	2050736308.6	2564453209.6
2615000000.0	2379284256.5	2051354765.9	2565428506.6
2616000000.0	2380119606.2	2051973123.2	2566403799.4
2617000000.0	2380954903.7	2052591380.4	2567379088.0
2618000000.0	2381790148.9	2053209537.6	2568354372.3
2619000000.0	2382625341.8	2053827594.8	2569329652.4
2620000000.0	2383460482.6	2054445552.0	2570304928.3
2621000000.0	2384295571.1	2055063409.2	2571280200.0
2622000000.0	2385130607.3	2055681166.5	2572255467.5
2623000000.0	2385965591.4	2056298823.8	2573230730.7
2624000000.0	2386800523.3	2056916381.3	2574205989.8
2625000000.0	2387635402.9	2057533839.0	2575181244.6
2626000000.0	2388470230.3	2058151196.7	2576156495.2
2627000000.0	2389305005.6	2058768454.7	2577131741.6
2628000000.0	2390139728.6	2059385612.9	2578106983.8
2629000000.0	2390974399.5	2060002671.3	2579082221.8
2630000000.0	2391809018.1	2060619630.0	2580057455.5
2631000000.0	2392643584.6	2061236488.9	2581032685.1
2632000000.0	2393478098.9	2061853248.2	2582007910.4
2633000000.0	2394312561.1	2062469907.7	2582983131.5
2634000000.0	2395146971.1	2063086467.7	2583958348.4
2635000000.0	2395981328.9	2063702928.0	2584933561.1
2636000000.0	2396815634.6	2064319288.7	2585908769.5
2637000000.0	2397649888.1	2064935549.9	2586883973.8
2638000000.0	2398484089.5	2065551711.4	2587859173.8
2639000000.0	2399318238.7	2066167773.5	2588834369.6
2640000000.0	2400152335.8	2066783736.1	2589809561.2
2641000000.0	2400986380.8	2067399599.2	2590784748.6
2642000000.0	2401820373.6	2068015362.8	2591759931.8
2643000000.0	2402654314.4	2068631027.0	2592735110.8
2644000000.0	2403488203.0	2069246591.8	2593710285.5
2645000000.0	2404322039.5	2069862057.2	2594685456.0
2646000000.0	2405155823.9	2070477423.3	2595660622.4
2647000000.0	2405989556.2	2071092690.0	2596635784.5
2648000000.0	2406823236.4	2071707857.4	2597610942.3
2649000000.0	2407656864.5	2072322925.6	2598586096.0
2650000000.0	2408490440.5	2072937894.5	2599561245.5
2651000000.0	2409323964.5	2073552764.1	2600536390.7
2652000000.0	2410157436.3	2074167534.5	2601511531.7
2653000000.0	2410990856.1	2074782205.8	2602486668.6
2654000000.0	2411824223.9	2075396777.8	2603461801.2
2655000000.0	2412657539.5	2076011250.8	2604436929.5
2656000000.0	2413490803.2	2076625624.6	2605412053.7
2657000000.0	2414324014.7	2077239899.3	2606387173.7
2658000000.0	2415157174.2	2077854075.0	2607362289.4
2659000000.0	2415990281.7	2078468151.6	2608337400.9
2660000000.0	2416823337.1	2079082129.2	2609312508.3
2661000000.0	2417656340.5	2079696007.8	2610287611.4
2662000000.0	2418489291.9	2080309787.4	2611262710.3
2663000000.0	2419322191.3	2080923468.1	2612237804.9
2664000000.0	2420155038.6	2081537049.8	2613212895.4
2665000000.0	2420987833.9	2082150532.7	2614187981.6
2666000000.0	2421820577.2	2082763916.6	2615163063.7
2667000000.0	2422653268.5	2083377201.8	2616138141.5
2668000000.0	2423485907.9	2083990388.1	2617113215.1
2669000000.0	2424318495.2	2084603475.5	2618088284.5
2670000000.0	2425151030.5	2085216464.2	2619063349.6
2671000000.0	2425983513.9	2085829354.2	2620038410.6
2672000000.0	2426815945.2	2086442145.4	2621013467.3
2673000000.0	2427648324.6	2087054837.9	2621988519.9
2674000000.0	2428480652.0	2087667431.7	2622963568.2
2675000000.0	2429312927.5	2088279926.9	2623938612.3
2676000000.0	2430145151.0	2088892323.4	2624913652.2
2677000000.0	2430977322.6	2089504621.3	2625888687.9
2678000000.0	2431809442.2	2090116820.6	2626863719.3
2679000000.0	2432641509.8	2090728921.4	2627838746.6
2680000000.0	2433473525.5	2091340923.6	2628813769.6
2681000000.0	2434305489.3	2091952827.3	2629788788.5
2682000000.0	2435137401.2	2092564632.4	2630763803.1
2683000000.0	2435969261.1	2093176339.2	2631738813.5
2684000000.0	2436801069.1	2093787947.4	2632713819.7
2685000000.0	2437632825.2	2094399457.3	2633688821.6
2686000000.0	2438464529.4	2095010868.7	2634663819.4
2687000000.0	2439296181.6	2095622181.8	2635638812.9
2688000000.0	2440127782.0	2096233396.5	2636613802.3
2689000000.0	2440959330.5	2096844512.9	2637588787.4
2690000000.0	2441790827.1	2097455531.0	2638563768.3
2691000000.0	2442622271.8	2098066450.8	2639538745.0
2692000000.0	2443453664.6	2098677272.3	2640513717.4
2693000000.0	2444285005.5	2099287995.6	2641488685.7
2694000000.0	2445116294.6	2099898620.7	2642463649.8
2695000000.0	2445947531.8	2100509147.7	2643438609.6
2696000000.0	2446778717.2	2101119576.4	2644413565.2
2697000000.0	2447609850.6	2101729907.0	2645388516.6
2698000000.0	2448440932.3	2102340139.5	2646363463.8
2699000000.0	2449271962.1	2102950273.9	2647338406.8
2700000000.0	2450102940.0	2103560310.3	2648313345.6
2701000000.0	2450933866.1	2104170248.6	2649288280.2
2702000000.0	2451764740.4	2104780088.8	2650263210.5
2703000000.0	2452595562.8	2105389831.1	2651238136.6
2704000000.0	2453426333.4	2105999475.4	2652213058.6
2705000000.0	2454257052.2	2106609021.8	2653187976.3
2706000000.0	2455087719.2	2107218470.2	2654162889.8
2707000000.0	2455918334.4	2107827820.7	2655137799.1
2708000000.0	2456748897.8	2108437073.4	2656112704.1
2709000000.0	2457579409.4	2109046228.2	2657087605.0
2710000000.0	2458409869.1	2109655285.1	2658062501.6
2711000000.0	2459240277.1	2110264244.3	2659037394.1
2712000000.0	2460070633.3	2110873105.6	2660012282.3
2713000000.0	2460900937.8	2111481869.2	2660987166.3
2714000000.0	2461731190.4	2112090535.1	2661962046.1
2715000000.0	2462561391.3	2112699103.3	2662936921.7
2716000000.0	2463391540.4	2113307573.7	2663911793.1
2717000000.0	2464221637.8	2113915946.5	2664886660.2
2718000000.0	2465051683.4	2114524221.7	2665861523.2
2719000000.0	2465881677.3	2115132399.2	2666836381.9
2720000000.0	2466711619.4	2115740479.1	2667811236.4
2721000000.0	2467541509.7	2116348461.5	2668786086.7
2722000000.0	2468371348.4	2116956346.3	2669760932.8
2723000000.0	2469201135.3	2117564133.6	2670735774.7
2724000000.0	2470030870.5	2118171823.4	2671710612.4
2725000000.0	2470860553.9	2118779415.7	2672685445.8
2726000000.0	2471690185.6	2119386910.5	2673660275.1
2727000000.0	2472519765.7	2119994308.0	2674635100.1
2728000000.0	2473349294.0	2120601608.0	2675609920.9
2729000000.0	2474178770.6	2121208810.6	2676584737.6
2730000000.0	2475008195.5	2121815915.8	2677559550.0
2731000000.0	2475837568.7	2122422923.8	2678534358.2
2732000000.0	2476666890.3	2123029834.4	2679509162.1
2733000000.0	2477496160.1	2123636647.7	2680483961.9
2734000000.0	2478325378.3	2124243363.8	2681458757.4
2735000000.0	2479154544.8	2124849982.6	2682433548.8
2736000000.0	2479983659.7	2125456504.1	2683408335.9
2737000000.0	2480812722.8	2126062928.5	2684383118.8
2738000000.0	2481641734.4	2126669255.7	2685357897.5
2739000000.0	2482470694.2	2127275485.8	2686332672.0
2740000000.0	2483299602.4	2127881618.7	2687307442.3
2741000000.0	2484128459.0	2128487654.6	2688282208.4
2742000000.0	2484957263.9	2129093593.3	2689256970.2
2743000000.0	2485786017.2	2129699435.0	2690231727.9
2744000000.0	2486614718.9	2130305179.7	2691206481.3
2745000000.0	2487443368.9	2130910827.3	2692181230.6
2746000000.0	2488271967.3	2131516378.0	2693155975.6
2747000000.0	2489100514.2	2132121831.7	2694130716.4
2748000000.0	2489929009.3	2132727188.4	2695105453.0
2749000000.0	2490757452.9	2133332448.2	2696080185.3
2750000000.0	2491585844.9	2133937611.2	2697054913.5
2751000000.0	2492414185.3	2134542677.3	2698029637.5
2752000000.0	2493242474.1	2135147646.5	2699004357.2
2753000000.0	2494070711.3	2135752518.9	2699979072.7
2754000000.0	2494898897.0	2136357294.5	2700953784.1
2755000000.0	2495727031.0	2136961973.3	2701928491.2
2756000000.0	2496555113.5	2137566555.3	2702903194.1
2757000000.0	2497383144.4	2138171040.7	2703877892.8
2758000000.0	2498211123.8	2138775429.3	2704852587.2
2759000000.0	2499039051.6	2139379721.2	2705827277.5
2760000000.0	2499866927.8	2139983916.5	2706801963.6
2761000000.0	2500694752.5	2140588015.1	2707776645.4
2762000000.0	2501522525.7	2141192017.2	2708751323.0
2763000000.0	2502350247.3	2141795922.6	2709725996.5
2764000000.0	2503177917.4	2142399731.4	2710700665.7
2765000000.0	2504005535.9	2143003443.8	2711675330.7
2766000000.0	2504833103.0	2143607059.5	2712649991.5
2767000000.0	2505660618.5	2144210578.8	2713624648.0
2768000000.0	2506488082.5	2144814001.6	2714599300.4
2769000000.0	2507315495.0	2145417328.0	2715573948.6
2770000000.0	2508142856.0	2146020557.9	2716548592.5
2771000000.0	2508970165.5	2146623691.4	2717523232.2
2772000000.0	2509797423.4	2147226728.6	2718497867.8
2773000000.0	2510624629.9	2147829669.4	2719472499.1
2774000000.0	2511451785.0	2148432513.8	2720447126.2
2775000000.0	2512278888.5	2149035261.9	2721421749.1
2776000000.0	2513105940.6	2149637913.7	2722396367.8
2777000000.0	2513932941.1	2150240469.3	2723370982.2
2778000000.0	2514759890.3	2150842928.6	2724345592.5
2779000000.0	2515586787.9	2151445291.7	2725320198.5
2780000000.0	2516413634.1	2152047558.6	2726294800.4
2781000000.0	2517240428.9	2152649729.3	2727269398.0
2782000000.0	2518067172.2	2153251803.9	2728243991.4
2783000000.0	2518893864.1	2153853782.3	2729218580.6
2784000000.0	2519720504.5	2154455664.7	2730193165.6
2785000000.0	2520547093.5	2155057450.9	2731167746.4
2786000000.0	2521373631.1	2155659141.1	2732142323.0
2787000000.0	2522200117.2	2156260735.2	2733116895.4
2788000000.0	2523026551.9	2156862233.4	2734091463.5
2789000000.0	2523852935.3	2157463635.5	2735066027.5
2790000000.0	2524679267.2	2158064941.7	2736040587.2
2791000000.0	2525505547.7	2158666151.9	2737015142.7
2792000000.0	2526331776.8	2159267266.2	2737989694.1
2793000000.0	2527157954.5	2159868284.6	2738964241.2
2794000000.0	2527984080.8	2160469207.1	2739938784.1
2795000000.0	2528810155.8	2161070033.8	2740913322.7
2796000000.0	2529636179.3	2161670764.6	2741887857.2
2797000000.0	2530462151.5	2162271399.6	2742862387.5
2798000000.0	2531288072.3	2162871938.9	2743836913.6
2799000000.0	2532113941.8	2163472382.4	2744811435.4
2800000000.0	2532939759.8	2164072730.1	2745785953.0
2801000000.0	2533765526.6	2164672982.1	2746760466.5
2802000000.0	2534591242.0	2165273138.4	2747734975.7
2803000000.0	2535416906.0	2165873199.1	2748709480.7
2804000000.0	2536242518.7	2166473164.1	2749683981.5
2805000000.0	2537068080.1	2167073033.5	2750658478.1
2806000000.0	2537893590.1	2167672807.3	2751632970.5
2807000000.0	2538719048.8	2168272485.5	2752607458.6
2808000000.0	2539544456.2	2168872068.1	2753581942.6
2809000000.0	2540369812.2	2169471555.2	2754556422.3
2810000000.0	2541195117.0	2170070946.8	2755530897.9
2811000000.0	2542020370.4	2170670242.9	2756505369.2
2812000000.0	2542845572.5	2171269443.6	2757479836.3
2813000000.0	2543670723.4	2171868548.8	2758454299.2
2814000000.0	2544495822.9	2172467558.6	2759428757.9
2815000000.0	2545320871.2	2173066473.0	2760403212.4
2816000000.0	2546145868.2	2173665292.0	2761377662.7
2817000000.0	2546970813.9	2174264015.6	2762352108.8
2818000000.0	2547795708.3	2174862644.0	2763326550.7
2819000000.0	2548620551.4	2175461177.0	2764300988.3
2820000000.0	2549445343.3	2176059614.8	2765275421.8
2821000000.0	2550270083.9	2176657957.2	2766249851.0
2822000000.0	2551094773.3	2177256204.5	2767224276.0
2823000000.0	2551919411.4	2177854356.5	2768198696.8
2824000000.0	2552743998.3	2178452413.4	2769173113.5
2825000000.0	2553568533.9	2179050375.0	2770147525.9
2826000000.0	2554393018.3	2179648241.6	2771121934.1
2827000000.0	2555217451.5	2180246013.0	2772096338.0
2828000000.0	2556041833.5	2180843689.3	2773070737.8
2829000000.0	2556866164.2	2181441270.5	2774045133.4
2830000000.0	2557690443.7	2182038756.7	2775019524.7
2831000000.0	2558514672.0	2182636147.8	2775993911.9
2832000000.0	2559338849.0	2183233443.9	2776968294.8
2833000000.0	2560162974.9	2183830645.1	2777942673.5
2834000000.0	2560987049.6	2184427751.2	2778917048.1
2835000000.0	2561811073.1	2185024762.5	2779891418.4
2836000000.0	2562635045.4	2185621678.8	2780865784.5
2837000000.0	2563458966.5	2186218500.2	2781840146.4
2838000000.0	2564282836.5	2186815226.7	2782814504.1
2839000000.0	2565106655.2	2187411858.4	2783788857.5
2840000000.0	2565930422.8	2188008395.3	2784763206.8
2841000000.0	2566754139.3	2188604837.3	2785737551.9
2842000000.0	2567577804.5	2189201184.6	2786711892.7
2843000000.0	2568401418.7	2189797437.1	2787686229.4
2844000000.0	2569224981.6	2190393594.9	2788660561.8
2845000000.0	2570048493.4	2190989657.9	2789634890.0
2846000000.0	2570871954.1	2191585626.3	2790609214.0
2847000000.0	2571695363.7	2192181500.0	2791583533.8
2848000000.0	2572518722.1	2192777279.0	2792557849.4
2849000000.0	2573342029.4	2193372963.4	2793532160.8
2850000000.0	2574165285.5	2193968553.3	2794506468.0
2851000000.0	2574988490.6	2194564048.5	2795480771.0
2852000000.0	2575811644.5	2195159449.2	2796455069.8
2853000000.0	2576634747.4	2195754755.3	2797429364.3
2854000000.0	2577457799.1	2196349966.9	2798403654.7
2855000000.0	2578280799.7	2196945084.1	2799377940.8
2856000000.0	2579103749.3	2197540106.7	2800352222.8
2857000000.0	2579926647.7	2198135034.9	2801326500.5
2858000000.0	2580749495.1	2198729868.7	2802300774.0
2859000000.0	2581572291.4	2199324608.1	2803275043.3
2860000000.0	2582395036.6	2199919253.2	2804249308.4
2861000000.0	2583217730.7	2200513803.8	2805223569.3
2862000000.0	2584040373.8	2201108260.2	2806197826.0
2863000000.0	2584862965.8	2201702622.2	2807172078.5
2864000000.0	2585685506.8	2202296889.9	2808146326.7
2865000000.0	2586507996.7	2202891063.4	2809120570.8
2866000000.0	2587330435.6	2203485142.6	2810094810.7
2867000000.0	2588152823.4	2204079127.6	2811069046.3
2868000000.0	2588975160.2	2204673018.4	2812043277.7
2869000000.0	2589797446.0	2205266815.0	2813017505.0
2870000000.0	2590619680.7	2205860517.5	2813991728.0
2871000000.0	2591441864.4	2206454125.8	2814965946.8
2872000000.0	2592263997.1	2207047640.1	2815940161.4
2873000000.0	2593086078.8	2207641060.2	2816914371.8
2874000000.0	2593908109.5	2208234386.3	2817888578.0
2875000000.0	2594730089.1	2208827618.4	2818862780.0
2876000000.0	2595552017.8	2209420756.4	2819836977.8
2877000000.0	2596373895.5	2210013800.4	2820811171.4
2878000000.0	2597195722.2	2210606750.5	2821785360.7
2879000000.0	2598017497.9	2211199606.6	2822759545.9
2880000000.0	2598839222.7	2211792368.7	2823733726.8
2881000000.0	2599660896.4	2212385037.0	2824707903.6
2882000000.0	2600482519.2	2212977611.4	2825682076.1
2883000000.0	2601304091.0	2213570091.9	2826656244.4
2884000000.0	2602125611.9	2214162478.6	2827630408.5
2885000000.0	2602947081.8	2214754771.4	2828604568.5
2886000000.0	2603768500.8	2215346970.5	2829578724.2
2887000000.0	2604589868.8	2215939075.8	2830552875.7
2888000000.0	2605411185.8	2216531087.3	2831527022.9
2889000000.0	2606232452.0	2217123005.1	2832501166.0
2890000000.0	2607053667.2	2217714829.2	2833475304.9
2891000000.0	2607874831.5	2218306559.6	2834449439.6
2892000000.0	2608695944.8	2218898196.4	2835423570.0
2893000000.0	2609517007.3	2219489739.5	2836397696.3
2894000000.0	2610338018.8	2220081189.0	2837371818.3
2895000000.0	2611158979.4	2220672544.9	2838345936.2
2896000000.0	2611979889.1	2221263807.2	2839320049.8
2897000000.0	2612800747.9	2221854976.0	2840294159.2
2898000000.0	2613621555.9	2222446051.2	2841268264.5
2899000000.0	2614442312.9	2223037033.0	2842242365.5
2900000000.0	2615263019.1	2223627921.2	2843216462.3
2901000000.0	2616083674.3	2224218716.0	2844190554.9
2902000000.0	2616904278.7	2224809417.4	2845164643.3
2903000000.0	2617724832.2	2225400025.3	2846138727.5
2904000000.0	2618545334.9	2225990539.8	2847112807.4
2905000000.0	2619365786.7	2226580961.0	2848086883.2
2906000000.0	2620186187.7	2227171288.8	2849060954.8
2907000000.0	2621006537.7	2227761523.3	2850035022.1
2908000000.0	2621826837.0	2228351664.5	2851009085.3
2909000000.0	2622647085.4	2228941712.4	2851983144.2
2910000000.0	2623467283.0	2229531667.0	2852957199.0
2911000000.0	2624287429.7	2230121528.4	2853931249.5
2912000000.0	2625107525.6	2230711296.5	2854905295.8
2913000000.0	2625927570.7	2231300971.5	2855879338.0
2914000000.0	2626747565.0	2231890553.3	2856853375.9
2915000000.0	2627567508.4	2232480042.0	2857827409.6
2916000000.0	2628387401.1	2233069437.5	2858801439.1
2917000000.0	2629207242.9	2233658739.9	2859775464.4
2918000000.0	2630027034.0	2234247949.2	2860749485.5
2919000000.0	2630846774.2	2234837065.5	2861723502.3
2920000000.0	2631666463.7	2235426088.7	2862697515.0
2921000000.0	2632486102.4	2236015018.9	2863671523.5
2922000000.0	2633305690.3	2236603856.1	2864645527.8
2923000000.0	2634125227.4	2237192600.3	2865619527.8
2924000000.0	2634944713.7	2237781251.6	2866593523.7
2925000000.0	2635764149.3	2238369809.9	2867567515.3
2926000000.0	2636583534.1	2238958275.3	2868541502.7
2927000000.0	2637402868.2	2239546647.9	2869515486.0
2928000000.0	2638222151.5	2240134927.5	2870489465.0
2929000000.0	2639041384.1	2240723114.4	2871463439.8
2930000000.0	2639860565.9	2241311208.4	2872437410.4
2931000000.0	2640679697.0	2241899209.6	2873411376.9
2932000000.0	2641498777.3	2242487118.0	2874385339.1
2933000000.0	2642317807.0	2243074933.7	2875359297.1
2934000000.0	2643136785.9	2243662656.6	2876333250.9
2935000000.0	2643955714.1	2244250286.9	2877307200.4
2936000000.0	2644774591.5	2244837824.4	2878281145.8
2937000000.0	2645593418.3	2245425269.3	2879255087.0
2938000000.0	2646412194.3	2246012621.5	2880229024.0
2939000000.0	2647230919.7	2246599881.1	2881202956.7
2940000000.0	2648049594.3	2247187048.1	2882176885.3
2941000000.0	2648868218.3	2247774122.5	2883150809.6
2942000000.0	2649686791.6	2248361104.4	2884124729.8
2943000000.0	2650505314.2	2248947993.7	2885098645.7
2944000000.0	2651323786.1	2249534790.5	2886072557.5
2945000000.0	2652142207.4	2250121494.8	2887046465.0
2946000000.0	2652960578.0	2250708106.6	2888020368.3
2947000000.0	2653778897.9	2251294626.0	2888994267.4
2948000000.0	2654597167.2	2251881053.0	2889968162.4
2949000000.0	2655415385.8	2252467387.6	2890942053.1
2950000000.0	2656233553.7	2253053629.7	2891915939.6
2951000000.0	2657051671.1	2253639779.6	2892889821.9
2952000000.0	2657869737.7	2254225837.0	2893863700.0
2953000000.0	2658687753.8	2254811802.2	2894837573.9
2954000000.0	2659505719.2	2255397675.1	2895811443.5
2955000000.0	2660323634.0	2255983455.6	2896785309.0
2956000000.0	2661141498.2	2256569144.0	2897759170.3
2957000000.0	2661959311.7	2257154740.1	2898733027.4
2958000000.0	2662777074.7	2257740244.0	2899706880.2
2959000000.0	2663594787.0	2258325655.7	2900680728.9
2960000000.0	2664412448.8	2258910975.2	2901654573.3
2961000000.0	2665230059.9	2259496202.6	2902628413.6
2962000000.0	2666047620.5	2260081337.9	2903602249.6
2963000000.0	2666865130.4	2260666381.1	2904576081.5
2964000000.0	2667682589.8	2261251332.2	2905549909.1
2965000000.0	2668499998.6	2261836191.2	2906523732.5
2966000000.0	2669317356.9	2262420958.2	2907497551.7
2967000000.0	2670134664.5	2263005633.2	2908471366.8
2968000000.0	2670951921.6	2263590216.2	2909445177.6
2969000000.0	2671769128.2	2264174707.3	2910418984.2
2970000000.0	2672586284.1	2264759106.4	2911392786.6
2971000000.0	2673403389.6	2265343413.5	2912366584.8
2972000000.0	2674220444.5	2265927628.8	2913340378.8
2973000000.0	2675037448.8	2266511752.2	2914314168.6
2974000000.0	2675854402.6	2267095783.7	2915287954.2
2975000000.0	2676671305.9	2267679723.3	2916261735.5
2976000000.0	2677488158.7	2268263571.2	2917235512.7
2977000000.0	2678304960.9	2268847327.3	2918209285.7
2978000000.0	2679121712.6	2269430991.5	2919183054.5
2979000000.0	2679938413.9	2270014564.1	2920156819.0
2980000000.0	2680755064.6	2270598044.9	2921130579.4
2981000000.0	2681571664.8	2271181434.0	2922104335.5
2982000000.0	2682388214.5	2271764731.4	2923078087.5
2983000000.0	2683204713.7	2272347937.1	2924051835.2
2984000000.0	2684021162.4	2272931051.2	2925025578.8
2985000000.0	2684837560.6	2273514073.7	2925999318.1
2986000000.0	2685653908.4	2274097004.5	2926973053.2
2987000000.0	2686470205.7	2274679843.8	2927946784.2
2988000000.0	2687286452.5	2275262591.6	2928920510.9
2989000000.0	2688102648.8	2275845247.8	2929894233.4
2990000000.0	2688918794.7	2276427812.4	2930867951.7
2991000000.0	2689734890.1	2277010285.6	2931841665.8
2992000000.0	2690550935.1	2277592667.3	2932815375.7
2993000000.0	2691366929.6	2278174957.6	2933789081.5
2994000000.0	2692182873.7	2278757156.4	2934762783.0
2995000000.0	2692998767.4	2279339263.9	2935736480.2
2996000000.0	2693814610.6	2279921279.9	2936710173.3
2997000000.0	2694630403.4	2280503204.6	2937683862.2
2998000000.0	2695446145.8	2281085037.9	2938657546.9
2999000000.0	2696261837.7	2281666779.9	2939631227.4
3000000000.0	2697077479.3	2282248430.6	2940604903.7
3001000000.0	2697893070.4	2282829990.1	2941578575.7
3002000000.0	2698708611.1	2283411458.3	2942552243.6
3003000000.0	2699524101.4	2283992835.2	2943525907.3
3004000000.0	2700339541.4	2284574120.9	2944499566.7
3005000000.0	2701154930.9	2285155315.5	2945473222.0
3006000000.0	2701970270.1	2285736418.8	2946446873.1
3007000000.0	2702785558.8	2286317431.1	2947420519.9
3008000000.0	2703600797.2	2286898352.1	2948394162.6
3009000000.0	2704415985.2	2287479182.1	2949367801.0
3010000000.0	2705231122.9	2288059921.0	2950341435.2
3011000000.0	2706046210.2	2288640568.9	2951315065.3
3012000000.0	2706861247.1	2289221125.7	2952288691.1
3013000000.0	2707676233.7	2289801591.4	2953262312.7
3014000000.0	2708491169.9	2290381966.2	2954235930.2
3015000000.0	2709306055.8	2290962250.0	2955209543.4
3016000000.0	2710120891.4	2291542442.8	2956183152.4
3017000000.0	2710935676.6	2292122544.7	2957156757.2
3018000000.0	2711750411.5	2292702555.7	2958130357.8
3019000000.0	2712565096.1	2293282475.8	2959103954.2
3020000000.0	2713379730.3	2293862305.1	2960077546.5
3021000000.0	2714194314.2	2294442043.4	2961051134.5
3022000000.0	2715008847.8	2295021691.0	2962024718.3
3023000000.0	2715823331.1	2295601247.7	2962998297.9
3024000000.0	2716637764.2	2296180713.7	2963971873.3
3025000000.0	2717452146.9	2296760088.9	2964945444.4
3026000000.0	2718266479.3	2297339373.3	2965919011.4
3027000000.0	2719080761.4	2297918567.1	2966892574.2
3028000000.0	2719894993.3	2298497670.1	2967866132.8
3029000000.0	2720709174.8	2299076682.4	2968839687.2
3030000000.0	2721523306.1	2299655604.1	2969813237.4
3031000000.0	2722337387.1	2300234435.2	2970786783.3
3032000000.0	2723151417.9	2300813175.6	2971760325.1
3033000000.0	2723965398.4	2301391825.5	2972733862.7
3034000000.0	2724779328.7	2301970384.8	2973707396.0
3035000000.0	2725593208.6	2302548853.5	2974680925.2
3036000000.0	2726407038.4	2303127231.7	2975654450.2
3037000000.0	2727220817.9	2303705519.4	2976627970.9
3038000000.0	2728034547.2	2304283716.6	2977601487.5
3039000000.0	2728848226.2	2304861823.3	2978574999.8
3040000000.0	2729661855.0	2305439839.6	2979548508.0
3041000000.0	2730475433.6	2306017765.5	2980522011.9
3042000000.0	2731288962.0	2306595600.9	2981495511.7
3043000000.0	2732102440.1	2307173346.0	2982469007.2
3044000000.0	2732915868.1	2307751000.7	2983442498.5
3045000000.0	2733729245.8	2308328565.1	2984415985.7
3046000000.0	2734542573.4	2308906039.2	2985389468.6
3047000000.0	2735355850.7	2309483422.9	2986362947.3
3048000000.0	2736169077.9	2310060716.4	2987336421.9
3049000000.0	2736982254.9	2310637919.7	2988309892.2
3050000000.0	2737795381.7	2311215032.7	2989283358.3
3051000000.0	2738608458.3	2311792055.5	2990256820.2
3052000000.0	2739421484.7	2312368988.1	2991230278.0
3053000000.0	2740234461.0	2312945830.5	2992203731.5
3054000000.0	2741047387.1	2313522582.8	2993177180.8
3055000000.0	2741860263.1	2314099245.0	2994150625.9
3056000000.0	2742673088.9	2314675817.0	2995124066.8
3057000000.0	2743485864.6	2315252299.0	2996097503.5
3058000000.0	2744298590.1	2315828690.9	2997070936.0
3059000000.0	2745111265.4	2316404992.8	2998044364.3
3060000000.0	2745923890.7	2316981204.6	2999017788.4
3061000000.0	2746736465.8	2317557326.5	2999991208.3
3062000000.0	2747548990.8	2318133358.3	3000964624.0
3063000000.0	2748361465.7	2318709300.2	3001938035.5
3064000000.0	2749173890.4	2319285152.2	3002911442.8
3065000000.0	2749986265.0	2319860914.2	3003884845.9
3066000000.0	2750798589.6	2320436586.4	3004858244.8
3067000000.0	2751610864.0	2321012168.7	3005831639.5
3068000000.0	2752423088.3	2321587661.1	3006805030.0
3069000000.0	2753235262.6	2322163063.7	3007778416.3
3070000000.0	2754047386.7	2322738376.5	3008751798.4
3071000000.0	2754859460.8	2323313599.5	3009725176.3
3072000000.0	2755671484.8	2323888732.7	3010698549.9
3073000000.0	2756483458.7	2324463776.2	3011671919.4
3074000000.0	2757295382.6	2325038730.0	3012645284.7
3075000000.0	2758107256.3	2325613594.0	3013618645.8
3076000000.0	2758919080.1	2326188368.4	3014592002.6
3077000000.0	2759730853.7	2326763053.1	3015565355.3
3078000000.0	2760542577.3	2327337648.2	3016538703.8
3079000000.0	2761354250.9	2327912153.6	3017512048.1
3080000000.0	2762165874.4	2328486569.5	3018485388.1
3081000000.0	2762977447.9	2329060895.7	3019458724.0
3082000000.0	2763788971.4	2329635132.4	3020432055.7
3083000000.0	2764600444.8	2330209279.6	3021405383.1
3084000000.0	2765411868.2	2330783337.2	3022378706.4
3085000000.0	2766223241.6	2331357305.4	3023352025.4
3086000000.0	2767034565.0	2331931184.1	3024325340.3
3087000000.0	2767845838.4	2332504973.3	3025298651.0
3088000000.0	2768657061.7	2333078673.1	3026271957.4
3089000000.0	2769468235.1	2333652283.4	3027245259.7
3090000000.0	2770279358.5	2334225804.4	3028218557.7
3091000000.0	2771090431.8	2334799236.1	3029191851.6
3092000000.0	2771901455.2	2335372578.3	3030165141.2
3093000000.0	2772712428.6	2335945831.3	3031138426.7
3094000000.0	2773523352.1	2336518994.9	3032111708.0
3095000000.0	2774334225.5	2337092069.2	3033084985.0
3096000000.0	2775145049.0	2337665054.3	3034058257.9
3097000000.0	2775955822.5	2338237950.1	3035031526.5
3098000000.0	2776766546.1	2338810756.8	3036004790.9
3099000000.0	2777577219.7	2339383474.2	3036978051.2
3100000000.0	2778387843.4	2339956102.4	3037951307.2
3101000000.0	2779198417.1	2340528641.4	3038924559.1
3102000000.0	2780008940.9	2341101091.4	3039897806.7
3103000000.0	2780819414.7	2341673452.2	3040871050.2
3104000000.0	2781629838.6	2342245723.9	3041844289.4
3105000000.0	2782440212.6	2342817906.5	3042817524.5
3106000000.0	2783250536.7	2343390000.1	3043790755.3
3107000000.0	2784060810.8	2343962004.6	3044763981.9
3108000000.0	2784871035.1	2344533920.1	3045737204.4
3109000000.0	2785681209.4	2345105746.6	3046710422.6
3110000000.0	2786491333.8	2345677484.2	3047683636.7
3111000000.0	2787301408.4	2346249132.8	3048656846.5
3112000000.0	2788111433.0	2346820692.4	3049630052.1
3113000000.0	2788921407.7	2347392163.2	3050603253.6
3114000000.0	2789731332.6	2347963545.0	3051576450.8
3115000000.0	2790541207.6	2348534838.0	3052549643.9
3116000000.0	2791351032.7	2349106042.2	3053522832.7
3117000000.0	2792160807.9	2349677157.5	3054496017.3
3118000000.0	2792970533.3	2350248184.0	3055469197.8
3119000000.0	2793780208.8	2350819121.7	3056442374.0
3120000000.0	2794589834.4	2351389970.6	3057415546.0
3121000000.0	2795399410.2	2351960730.8	3058388713.9
3122000000.0	2796208936.2	2352531402.3	3059361877.5
3123000000.0	2797018412.3	2353101985.1	3060335036.9
3124000000.0	2797827838.6	2353672479.1	3061308192.2
3125000000.0	2798637215.0	2354242884.6	3062281343.2
3126000000.0	2799446541.6	2354813201.3	3063254490.0
3127000000.0	2800255818.4	2355383429.5	3064227632.7
3128000000.0	2801065045.3	2355953569.1	3065200771.1
3129000000.0	2801874222.5	2356523620.0	3066173905.4
3130000000.0	2802683349.8	2357093582.4	3067147035.4
3131000000.0	2803492427.3	2357663456.3	3068120161.2
3132000000.0	2804301455.1	2358233241.7	3069093282.9
3133000000.0	2805110433.0	2358802938.5	3070066400.3
3134000000.0	2805919361.1	2359372546.9	3071039513.5
3135000000.0	2806728239.5	2359942066.8	3072012622.6
3136000000.0	2807537068.0	2360511498.3	3072985727.4
3137000000.0	2808345846.8	2361080841.4	3073958828.0
3138000000.0	2809154575.8	2361650096.1	3074931924.5
3139000000.0	2809963255.1	2362219262.4	3075905016.7
3140000000.0	2810771884.5	2362788340.3	3076878104.7
3141000000.0	2811580464.2	2363357329.9	3077851188.6
3142000000.0	2812388994.2	2363926231.2	3078824268.2
3143000000.0	2813197474.4	2364495044.3	3079797343.7
3144000000.0	2814005904.9	2365063769.0	3080770414.9
3145000000.0	2814814285.6	2365632405.5	3081743481.9
3146000000.0	2815622616.6	2366200953.7	3082716544.8
3147000000.0	2816430897.8	2366769413.8	3083689603.4
3148000000.0	2817239129.3	2367337785.7	3084662657.9
3149000000.0	2818047311.1	2367906069.3	3085635708.1
3150000000.0	2818855443.2	2368474264.9	3086608754.1
3151000000.0	2819663525.6	2369042372.3	3087581796.0
3152000000.0	2820471558.2	2369610391.6	3088554833.6
3153000000.0	2821279541.2	2370178322.8	3089527867.1
3154000000.0	2822087474.4	2370746166.0	3090500896.3
3155000000.0	2822895358.0	2371313921.1	3091473921.4
3156000000.0	2823703191.8	2371881588.2	3092446942.2
3157000000.0	2824510976.0	2372449167.3	3093419958.9
3158000000.0	2825318710.5	2373016658.3	3094392971.3
3159000000.0	2826126395.3	2373584061.5	3095365979.6
3160000000.0	2826934030.4	2374151376.7	3096338983.6
3161000000.0	2827741615.9	2374718603.9	3097311983.5
3162000000.0	2828549151.7	2375285743.3	3098284979.1
3163000000.0	2829356637.9	2375852794.8	3099257970.6
3164000000.0	2830164074.4	2376419758.4	3100230957.8
3165000000.0	2830971461.2	2376986634.2	3101203940.9
3166000000.0	2831778798.4	2377553422.1	3102176919.7
3167000000.0	2832586086.0	2378120122.3	3103149894.4
3168000000.0	2833393323.9	2378686734.7	3104122864.8
3169000000.0	2834200512.2	2379253259.3	3105095831.1
3170000000.0	2835007650.8	2379819696.1	3106068793.2
3171000000.0	2835814739.8	2380386045.3	3107041751.0
3172000000.0	2836621779.3	2380952306.8	3108014704.7
3173000000.0	2837428769.1	2381518480.5	3108987654.2
3174000000.0	2838235709.3	2382084566.7	3109960599.4
3175000000.0	2839042599.9	2382650565.2	3110933540.5
3176000000.0	2839849440.8	2383216476.0	3111906477.4
3177000000.0	2840656232.2	2383782299.3	3112879410.0
3178000000.0	2841462974.0	2384348035.0	3113852338.5
3179000000.0	2842269666.3	2384913683.1	3114825262.8
3180000000.0	2843076308.9	2385479243.8	3115798182.9
3181000000.0	2843882901.9	2386044716.8	3116771098.7
3182000000.0	2844689445.4	2386610102.4	3117744010.4
3183000000.0	2845495939.4	2387175400.6	3118716917.9
3184000000.0	2846302383.7	2387740611.2	3119689821.2
3185000000.0	2847108778.5	2388305734.5	3120662720.3
3186000000.0	2847915123.7	2388870770.3	3121635615.1
3187000000.0	2848721419.4	2389435718.7	3122608505.8
3188000000.0	2849527665.6	2390000579.8	3123581392.3
3189000000.0	2850333862.2	2390565353.5	3124554274.6
3190000000.0	2851140009.3	2391130039.8	3125527152.7
3191000000.0	2851946106.8	2391694638.9	3126500026.6
3192000000.0	2852752154.8	2392259150.7	3127472896.3
3193000000.0	2853558153.3	2392823575.2	3128445761.8
3194000000.0	2854364102.3	2393387912.4	3129418623.1
3195000000.0	2855170001.7	2393952162.4	3130391480.2
3196000000.0	2855975851.7	2394516325.2	3131364333.1
3197000000.0	2856781652.1	2395080400.8	3132337181.8
3198000000.0	2857587403.1	2395644389.3	3133310026.3
3199000000.0	2858393104.5	2396208290.5	3134282866.6
3200000000.0	2859198756.5	2396772104.7	3135255702.7
3201000000.0	2860004359.0	2397335831.8	3136228534.6
3202000000.0	2860809911.9	2397899471.7	3137201362.4
3203000000.0	2861615415.5	2398463024.6	3138174185.9
3204000000.0	2862420869.5	2399026490.4	3139147005.2
3205000000.0	2863226274.1	2399589869.2	3140119820.3
3206000000.0	2864031629.2	2400153161.0	3141092631.2
3207000000.0	2864836934.9	2400716365.9	3142065438.0
3208000000.0	2865642191.1	2401279483.7	3143038240.5
3209000000.0	2866447397.8	2401842514.6	3144011038.8
3210000000.0	2867252555.1	2402405458.6	3144983833.0
3211000000.0	2868057663.0	2402968315.6	3145956622.9
3212000000.0	2868862721.4	2403531085.8	3146929408.6
3213000000.0	2869667730.4	2404093769.1	3147902190.2
3214000000.0	2870472690.0	2404656365.6	3148874967.5
3215000000.0	2871277600.1	2405218875.2	3149847740.7
3216000000.0	2872082460.9	2405781298.0	3150820509.6
3217000000.0	2872887272.2	2406343634.0	3151793274.4
3218000000.0	2873692034.1	2406905883.3	3152766034.9
3219000000.0	2874496746.6	2407468045.8	3153738791.3
3220000000.0	2875301409.7	2408030121.6	3154711543.4
3221000000.0	2876106023.4	2408592110.7	3155684291.4
3222000000.0	2876910587.8	2409154013.1	3156657035.2
3223000000.0	2877715102.7	2409715828.8	3157629774.7
3224000000.0	2878519568.3	2410277557.9	3158602510.1
3225000000.0	2879323984.4	2410839200.4	3159575241.3
3226000000.0	2880128351.3	2411400756.2	3160547968.3
3227000000.0	2880932668.7	2411962225.5	3161520691.0
3228000000.0	2881736936.8	2412523608.2	3162493409.6
3229000000.0	2882541155.5	2413084904.3	3163466124.0
3230000000.0	2883345324.9	2413646113.9	3164438834.2
3231000000.0	2884149444.9	2414207237.0	3165411540.2
3232000000.0	2884953515.6	2414768273.7	3166384242.0
3233000000.0	2885757536.9	2415329223.8	3167356939.6
3234000000.0	2886561508.9	2415890087.6	3168329633.0
3235000000.0	2887365431.6	2416450864.8	3169302322.2
3236000000.0	2888169304.9	2417011555.7	3170275007.2
3237000000.0	2888973128.9	2417572160.2	3171247688.0
3238000000.0	2889776903.6	2418132678.3	3172220364.6
3239000000.0	2890580629.0	2418693110.1	3173193037.0
3240000000.0	2891384305.1	2419253455.6	3174165705.3
3241000000.0	2892187931.8	2419813714.7	3175138369.3
3242000000.0	2892991509.3	2420373887.6	3176111029.1
3243000000.0	2893795037.5	2420933974.2	3177083684.7
3244000000.0	2894598516.4	2421493974.5	3178056336.2
3245000000.0	2895401946.0	2422053888.6	3179028983.4
3246000000.0	2896205326.3	2422613716.6	3180001626.5
3247000000.0	2897008657.4	2423173458.3	3180974265.3
3248000000.0	2897811939.1	2423733113.8	3181946899.9
3249000000.0	2898615171.7	2424292683.3	3182919530.4
3250000000.0	2899418354.9	2424852166.5	3183892156.7
3251000000.0	2900221488.9	2425411563.7	3184864778.7
3252000000.0	2901024573.6	2425970874.8	3185837396.6
3253000000.0	2901827609.1	2426530099.8	3186810010.2
3254000000.0	2902630595.3	2427089238.8	3187782619.7
3255000000.0	2903433532.3	2427648291.7	3188755225.0
3256000000.0	2904236420.1	2428207258.7	3189727826.1
3257000000.0	2905039258.6	2428766139.6	3190700422.9
3258000000.0	2905842047.9	2429324934.6	3191673015.6
3259000000.0	2906644788.0	2429883643.6	3192645604.1
3260000000.0	2907447478.9	2430442266.7	3193618188.4
3261000000.0	2908250120.5	2431000803.9	3194590768.5
3262000000.0	2909052713.0	2431559255.2	3195563344.4
3263000000.0	2909855256.2	2432117620.6	3196535916.1
3264000000.0	2910657750.2	2432675900.2	3197508483.6
3265000000.0	2911460195.1	2433234094.0	3198481046.9
3266000000.0	2912262590.7	2433792201.9	3199453606.0
3267000000.0	2913064937.2	2434350224.1	3200426161.0
3268000000.0	2913867234.5	2434908160.5	3201398711.7
3269000000.0	2914669482.6	2435466011.1	3202371258.2
3270000000.0	2915471681.5	2436023776.0	3203343800.5
3271000000.0	2916273831.3	2436581455.2	3204316338.7
3272000000.0	2917075931.9	2437139048.7	3205288872.6
3273000000.0	2917877983.3	2437696556.5	3206261402.4
3274000000.0	2918679985.6	2438253978.7	3207233927.9
3275000000.0	2919481938.8	2438811315.2	3208206449.3
3276000000.0	2920283842.7	2439368566.2	3209178966.4
3277000000.0	2921085697.6	2439925731.5	3210151479.4
3278000000.0	2921887503.3	2440482811.3	3211123988.2
3279000000.0	2922689259.9	2441039805.5	3212096492.7
3280000000.0	2923490967.4	2441596714.1	3213068993.1
3281000000.0	2924292625.7	2442153537.3	3214041489.3
3282000000.0	2925094234.9	2442710275.0	3215013981.3
3283000000.0	2925895795.0	2443266927.2	3215986469.1
3284000000.0	2926697306.0	2443823493.9	3216958952.7
3285000000.0	2927498767.9	2444379975.2	3217931432.1
3286000000.0	2928300180.7	2444936371.1	3218903907.3
3287000000.0	2929101544.4	2445492681.6	3219876378.3
3288000000.0	2929902859.0	2446048906.7	3220848845.1
3289000000.0	2930704124.5	2446605046.5	3221821307.7
3290000000.0	2931505340.9	2447161100.9	3222793766.1
3291000000.0	2932306508.3	2447717070.0	3223766220.3
3292000000.0	2933107626.6	2448272953.9	3224738670.4
3293000000.0	2933908695.8	2448828752.4	3225711116.2
3294000000.0	2934709715.9	2449384465.7	3226683557.9
3295000000.0	2935510687.0	2449940093.7	3227655995.3
3296000000.0	2936311609.0	2450495636.5	3228628428.5
3297000000.0	2937112482.0	2451051094.2	3229600857.6
3298000000.0	2937913306.0	2451606466.6	3230573282.5
3299000000.0	2938714080.9	2452161753.9	3231545703.1
3300000000.0	2939514806.7	2452716956.0	3232518119.6
3301000000.0	2940315483.5	2453272073.0	3233490531.9
3302000000.0	2941116111.3	2453827105.0	3234462940.0
3303000000.0	2941916690.1	2454382051.8	3235435343.8
3304000000.0	2942717219.9	2454936913.6	3236407743.5
3305000000.0	2943517700.6	2455491690.3	3237380139.0
3306000000.0	2944318132.3	2456046382.0	3238352530.3
3307000000.0	2945118515.1	2456600988.7	3239324917.4
3308000000.0	2945918848.8	2457155510.5	3240297300.4
3309000000.0	2946719133.5	2457709947.2	3241269679.1
3310000000.0	2947519369.3	2458264299.0	3242242053.6
3311000000.0	2948319556.0	2458818565.9	3243214423.9
3312000000.0	2949119693.8	2459372747.9	3244186790.1
3313000000.0	2949919782.6	2459926845.0	3245159152.0
3314000000.0	2950719822.4	2460480857.2	3246131509.7
3315000000.0	2951519813.2	2461034784.6	3247103863.3
3316000000.0	2952319755.1	2461588627.2	3248076212.7
3317000000.0	2953119648.0	2462142384.9	3249048557.8
3318000000.0	2953919492.0	2462696057.9	3250020898.8
3319000000.0	2954719287.0	2463249646.1	3250993235.6
3320000000.0	2955519033.0	2463803149.5	3251965568.1
3321000000.0	2956318730.1	2464356568.2	3252937896.5
3322000000.0	2957118378.3	2464909902.2	3253910220.7
3323000000.0	2957917977.6	2465463151.5	3254882540.7
3324000000.0	2958717527.9	2466016316.2	3255854856.5
3325000000.0	2959517029.3	2466569396.2	3256827168.1
3326000000.0	2960316481.8	2467122391.5	3257799475.5
3327000000.0	2961115885.3	2467675302.2	3258771778.7
3328000000.0	2961915240.0	2468228128.4	3259744077.8
3329000000.0	2962714545.7	2468780870.0	3260716372.6
3330000000.0	2963513802.5	2469333527.0	3261688663.2
3331000000.0	2964313010.5	2469886099.4	3262660949.7
3332000000.0	2965112169.5	2470438587.4	3263633231.9
3333000000.0	2965911279.7	2470990990.9	3264605510.0
3334000000.0	2966710341.0	2471543309.9	3265577783.8
3335000000.0	2967509353.3	2472095544.4	3266550053.5
3336000000.0	2968308316.9	2472647694.5	3267522319.0
3337000000.0	2969107231.5	2473199760.1	3268494580.2
3338000000.0	2969906097.3	2473751741.4	3269466837.3
3339000000.0	2970704914.2	2474303638.3	3270439090.2
3340000000.0	2971503682.3	2474855450.8	3271411338.9
3341000000.0	2972302401.5	2475407179.0	3272383583.4
3342000000.0	2973101071.8	2475958822.9	3273355823.7
3343000000.0	2973899693.4	2476510382.4	3274328059.8
3344000000.0	2974698266.0	2477061857.7	3275300291.8
3345000000.0	2975496789.9	2477613248.7	3276272519.5
3346000000.0	2976295264.9	2478164555.5	3277244743.0
3347000000.0	2977093691.1	2478715778.0	3278216962.4
3348000000.0	2977892068.4	2479266916.4	3279189177.5
3349000000.0	2978690397.0	2479817970.5	3280161388.5
3350000000.0	2979488676.7	2480368940.5	3281133595.2
3351000000.0	2980286907.6	2480919826.3	3282105797.8
3352000000.0	2981085089.8	2481470628.0	3283077996.2
3353000000.0	2981883223.1	2482021345.6	3284050190.3
3354000000.0	2982681307.6	2482571979.1	3285022380.3
3355000000.0	2983479343.4	2483122528.5	3285994566.1
3356000000.0	2984277330.3	2483672993.9	3286966747.7
3357000000.0	2985075268.5	2484223375.2	3287938925.1
3358000000.0	2985873157.9	2484773672.6	3288911098.3
3359000000.0	2986670998.5	2485323885.9	3289883267.4
3360000000.0	2987468790.4	2485874015.3	3290855432.2
3361000000.0	2988266533.4	2486424060.7	3291827592.8
3362000000.0	2989064227.8	2486974022.1	3292799749.3
3363000000.0	2989861873.4	2487523899.7	3293771901.5
3364000000.0	2990659470.2	2488073693.3	3294744049.6
3365000000.0	2991457018.3	2488623403.1	3295716193.4
3366000000.0	2992254517.6	2489173029.0	3296688333.1
3367000000.0	2993051968.2	2489722571.0	3297660468.6
3368000000.0	2993849370.1	2490272029.3	3298632599.9
3369000000.0	2994646723.2	2490821403.7	3299604726.9
3370000000.0	2995444027.7	2491370694.4	3300576849.8
3371000000.0	2996241283.4	2491919901.3	3301548968.5
3372000000.0	2997038490.4	2492469024.4	3302521083.1
3373000000.0	2997835648.6	2493018063.9	3303493193.4
3374000000.0	2998632758.2	2493567019.6	3304465299.5
3375000000.0	2999429819.1	2494115891.6	3305437401.4
3376000000.0	3000226831.3	2494664680.0	3306409499.2
3377000000.0	3001023794.7	2495213384.7	3307381592.7
3378000000.0	3001820709.5	2495762005.7	3308353682.1
3379000000.0	3002617575.7	2496310543.2	3309325767.2
3380000000.0	3003414393.1	2496858997.1	3310297848.2
3381000000.0	3004211161.9	2497407367.4	3311269925.0
3382000000.0	3005007882.0	2497955654.1	3312241997.6
3383000000.0	3005804553.4	2498503857.4	3313214066.0
3384000000.0	3006601176.1	2499051977.1	3314186130.2
3385000000.0	3007397750.3	2499600013.3	3315158190.2
3386000000.0	3008194275.7	2500147966.0	3316130246.0
3387000000.0	3008990752.5	2500695835.3	3317102297.6
3388000000.0	3009787180.7	2501243621.1	3318074345.0
3389000000.0	3010583560.2	2501791323.5	3319046388.3
3390000000.0	3011379891.1	2502338942.5	3320018427.3
3391000000.0	3012176173.4	2502886478.1	3320990462.2
3392000000.0	3012972407.0	2503433930.4	3321962492.8
3393000000.0	3013768592.1	2503981299.3	3322934519.3
3394000000.0	3014564728.5	2504528584.9	3323906541.6
3395000000.0	3015360816.3	2505075787.2	3324878559.6
3396000000.0	3016156855.4	2505622906.2	3325850573.5
3397000000.0	3016952846.0	2506169941.9	3326822583.2
3398000000.0	3017748788.0	2506716894.4	3327794588.7
3399000000.0	3018544681.4	2507263763.7	3328766590.0
3400000000.0	3019340526.2	2507810549.7	3329738587.2
3401000000.0	3020136322.4	2508357252.6	3330710580.1
3402000000.0	3020932070.1	2508903872.2	3331682568.8
3403000000.0	3021727769.1	2509450408.8	3332654553.4
3404000000.0	3022523419.6	2509996862.2	3333626533.7
3405000000.0	3023319021.5	2510543232.4	3334598509.9
3406000000.0	3024114574.9	2511089519.6	3335570481.9
3407000000.0	3024910079.7	2511635723.7	3336542449.7
3408000000.0	3025705535.9	2512181844.7	3337514413.2
3409000000.0	3026500943.6	2512727882.7	3338486372.6
3410000000.0	3027296302.8	2513273837.7	3339458327.8
3411000000.0	3028091613.4	2513819709.7	3340430278.8
3412000000.0	3028886875.5	2514365498.7	3341402225.7
3413000000.0	3029682089.0	2514911204.7	3342374168.3
3414000000.0	3030477254.1	2515456827.8	3343346106.7
3415000000.0	3031272370.6	2516002368.0	3344318041.0
3416000000.0	3032067438.5	2516547825.2	3345289971.0
3417000000.0	3032862458.0	2517093199.6	3346261896.9
3418000000.0	3033657428.9	2517638491.1	3347233818.6
3419000000.0	3034452351.4	2518183699.7	3348205736.0
3420000000.0	3035247225.3	2518728825.5	3349177649.3
3421000000.0	3036042050.8	2519273868.5	3350149558.4
3422000000.0	3036836827.8	2519818828.7	3351121463.3
3423000000.0	3037631556.2	2520363706.2	3352093364.0
3424000000.0	3038426236.2	2520908500.8	3353065260.6
3425000000.0	3039220867.7	2521453212.8	3354037152.9
3426000000.0	3040015450.8	2521997842.0	3355009041.0
3427000000.0	3040809985.3	2522542388.5	3355980925.0
3428000000.0	3041604471.5	2523086852.4	3356952804.7
3429000000.0	3042398909.1	2523631233.5	3357924680.3
3430000000.0	3043193298.3	2524175532.1	3358896551.7
3431000000.0	3043987639.0	2524719748.0	3359868418.9
3432000000.0	3044781931.3	2525263881.3	3360840281.9
3433000000.0	3045576175.2	2525807932.0	3361812140.7
3434000000.0	3046370370.6	2526351900.1	3362783995.3
3435000000.0	3047164517.5	2526895785.7	3363755845.7
3436000000.0	3047958616.1	2527439588.8	3364727691.9
3437000000.0	3048752666.2	2527983309.3	3365699533.9
3438000000.0	3049546667.9	2528526947.4	3366671371.8
3439000000.0	3050340621.2	2529070503.0	3367643205.4
3440000000.0	3051134526.1	2529613976.1	3368615034.9
3441000000.0	3051928382.5	2530157366.8	3369586860.2
3442000000.0	3052722190.6	2530700675.1	3370558681.3
3443000000.0	3053515950.2	2531243901.0	3371530498.2
3444000000.0	3054309661.5	2531787044.5	3372502310.9
3445000000.0	3055103324.4	2532330105.6	3373474119.4
3446000000.0	3055896938.9	2532873084.4	3374445923.7
3447000000.0	3056690505.0	2533415980.9	3375417723.8
3448000000.0	3057484022.7	2533958795.0	3376389519.8
3449000000.0	3058277492.1	2534501526.9	3377361311.5
3450000000.0	3059070913.1	2535044176.5	3378333099.1
3451000000.0	3059864285.7	2535586743.9	3379304882.4
3452000000.0	3060657610.0	2536129229.0	3380276661.6
3453000000.0	3061450885.9	2536671631.9	3381248436.6
3454000000.0	3062244113.5	2537213952.7	3382220207.4
3455000000.0	3063037292.7	2537756191.2	3383191974.0
3456000000.0	3063830423.6	2538298347.6	3384163736.4
3457000000.0	3064623506.1	2538840421.9	3385135494.6
3458000000.0	3065416540.3	2539382414.0	3386107248.7
3459000000.0	3066209526.2	2539924324.1	3387078998.5
3460000000.0	3067002463.8	2540466152.0	3388050744.1
3461000000.0	3067795353.0	2541007897.9	3389022485.6
3462000000.0	3068588194.0	2541549561.8	3389994222.9
3463000000.0	3069380986.6	2542091143.6	3390965956.0
3464000000.0	3070173730.9	2542632643.4	3391937684.9
3465000000.0	3070966426.9	2543174061.3	3392909409.6
3466000000.0	3071759074.6	2543715397.1	3393881130.1
3467000000.0	3072551674.1	2544256651.1	3394852846.4
3468000000.0	3073344225.2	2544797823.0	3395824558.5
3469000000.0	3074136728.0	2545338913.1	3396796266.5
3470000000.0	3074929182.6	2545879921.3	3397767970.2
3471000000.0	3075721588.9	2546420847.6	3398739669.8
3472000000.0	3076513946.9	2546961692.0	3399711365.1
3473000000.0	3077306256.7	2547502454.7	3400683056.3
3474000000.0	3078098518.2	2548043135.4	3401654743.3
3475000000.0	3078890731.4	2548583734.4	3402626426.1
3476000000.0	3079682896.4	2549124251.6	3403598104.7
3477000000.0	3080475013.2	2549664687.1	3404569779.1
3478000000.0	3081267081.7	2550205040.7	3405541449.4
3479000000.0	3082059101.9	2550745312.7	3406513115.4
3480000000.0	3082851074.0	2551285503.0	3407484777.3
3481000000.0	3083642997.8	2551825611.5	3408456434.9
3482000000.0	3084434873.3	2552365638.4	3409428088.4
3483000000.0	3085226700.7	2552905583.7	3410399737.7
3484000000.0	3086018479.8	2553445447.3	3411371382.8
3485000000.0	3086810210.7	2553985229.2	3412343023.7
3486000000.0	3087601893.4	2554524929.6	3413314660.4
3487000000.0	3088393527.9	2555064548.4	3414286292.9
3488000000.0	3089185114.2	2555604085.7	3415257921.3
3489000000.0	3089976652.3	2556143541.4	3416229545.4
3490000000.0	3090768142.2	2556682915.6	3417201165.4
3491000000.0	3091559584.0	2557222208.3	3418172781.1
3492000000.0	3092350977.5	2557761419.5	3419144392.7
3493000000.0	3093142322.9	2558300549.2	3420116000.1
3494000000.0	3093933620.1	2558839597.5	3421087603.3
3495000000.0	3094724869.1	2559378564.3	3422059202.3
3496000000.0	3095516070.0	2559917449.7	3423030797.1
3497000000.0	3096307222.7	2560456253.8	3424002387.8
3498000000.0	3097098327.2	2560994976.4	3424973974.2
3499000000.0	3097889383.6	2561533617.7	3425945556.4
3500000000.0	3098680391.8	2562072177.7	3426917134.5
3501000000.0	3099471351.9	2562610656.3	3427888708.4
3502000000.0	3100262263.9	2563149053.7	3428860278.1
3503000000.0	3101053127.7	2563687369.7	3429831843.6
3504000000.0	3101843943.4	2564225604.5	3430803404.9
3505000000.0	3102634711.0	2564763758.1	3431774962.0
3506000000.0	3103425430.5	2565301830.4	3432746514.9
3507000000.0	3104216101.8	2565839821.5	3433718063.7
3508000000.0	3105006725.0	2566377731.4	3434689608.2
3509000000.0	3105797300.2	2566915560.1	3435661148.6
3510000000.0	3106587827.2	2567453307.7	3436632684.8
3511000000.0	3107378306.1	2567990974.2	3437604216.7
3512000000.0	3108168736.9	2568528559.5	3438575744.5
3513000000.0	3108959119.6	2569066063.7	3439547268.1
3514000000.0	3109749454.3	2569603486.9	3440518787.6
3515000000.0	3110539740.9	2570140829.0	3441490302.8
3516000000.0	3111329979.3	2570678090.0	3442461813.8
3517000000.0	3112120169.8	2571215270.0	3443433320.7
3518000000.0	3112910312.1	2571752369.0	3444404823.3
3519000000.0	3113700406.4	2572289387.0	3445376321.8
3520000000.0	3114490452.6	2572826324.1	3446347816.1
3521000000.0	3115280450.8	2573363180.2	3447319306.2
3522000000.0	3116070400.9	2573899955.3	3448290792.1
3523000000.0	3116860303.0	2574436649.6	3449262273.8
3524000000.0	3117650157.0	2574973262.9	3450233751.4
3525000000.0	3118439963.0	2575509795.4	3451205224.7
3526000000.0	3119229721.0	2576046247.0	3452176693.9
3527000000.0	3120019430.9	2576582617.7	3453148158.8
3528000000.0	3120809092.8	2577118907.7	3454119619.6
3529000000.0	3121598706.7	2577655116.8	3455091076.2
3530000000.0	3122388272.6	2578191245.1	3456062528.6
3531000000.0	3123177790.5	2578727292.7	3457033976.8
3532000000.0	3123967260.3	2579263259.5	3458005420.8
3533000000.0	3124756682.2	2579799145.6	3458976860.7
3534000000.0	3125546056.0	2580334951.0	3459948296.3
3535000000.0	3126335381.9	2580870675.6	3460919727.8
3536000000.0	3127124659.8	2581406319.6	3461891155.1
3537000000.0	3127913889.7	2581941883.0	3462862578.1
3538000000.0	3128703071.6	2582477365.6	3463833997.0
3539000000.0	3129492205.5	2583012767.7	3464805411.8
3540000000.0	3130281291.5	2583548089.2	3465776822.3
3541000000.0	3131070329.5	2584083330.0	3466748228.6
3542000000.0	3131859319.5	2584618490.3	3467719630.8
3543000000.0	3132648261.6	2585153570.1	3468691028.7
3544000000.0	3133437155.7	2585688569.3	3469662422.5
3545000000.0	3134226001.8	2586223488.0	3470633812.1
3546000000.0	3135014800.1	2586758326.2	3471605197.5
3547000000.0	3135803550.3	2587293083.9	3472576578.7
3548000000.0	3136592252.7	2587827761.2	3473547955.7
3549000000.0	3137380907.1	2588362358.0	3474519328.5
3550000000.0	3138169513.6	2588896874.4	3475490697.1
3551000000.0	3138958072.2	2589431310.4	3476462061.6
3552000000.0	3139746582.8	2589965666.0	3477433421.9
3553000000.0	3140535045.5	2590499941.2	3478404777.9
3554000000.0	3141323460.3	2591034136.1	3479376129.8
3555000000.0	3142111827.3	2591568250.6	3480347477.5
3556000000.0	3142900146.3	2592102284.9	3481318821.1
3557000000.0	3143688417.4	2592636238.8	3482290160.4
3558000000.0	3144476640.6	2593170112.5	3483261495.5
3559000000.0	3145264815.9	2593703905.9	3484232826.5
3560000000.0	3146052943.4	2594237619.0	3485204153.3
3561000000.0	3146841022.9	2594771251.9	3486175475.8
3562000000.0	3147629054.6	2595304804.7	3487146794.2
3563000000.0	3148417038.4	2595838277.2	3488118108.4
3564000000.0	3149204974.4	2596371669.5	3489089418.4
3565000000.0	3149992862.5	2596904981.8	3490060724.3
3566000000.0	3150780702.7	2597438213.8	3491032025.9
3567000000.0	3151568495.1	2597971365.8	3492003323.4
3568000000.0	3152356239.6	2598504437.6	3492974616.6
3569000000.0	3153143936.3	2599037429.4	3493945905.7
3570000000.0	3153931585.1	2599570341.1	3494917190.6
3571000000.0	3154719186.2	2600103172.8	3495888471.3
3572000000.0	3155506739.3	2600635924.5	3496859747.8
3573000000.0	3156294244.7	2601168596.1	3497831020.2
3574000000.0	3157081702.2	2601701187.7	3498802288.3
3575000000.0	3157869111.9	2602233699.4	3499773552.3
3576000000.0	3158656473.8	2602766131.1	3500744812.1
3577000000.0	3159443787.9	2603298482.9	3501716067.6
3578000000.0	3160231054.2	2603830754.8	3502687319.0
3579000000.0	3161018272.6	2604362946.8	3503658566.2
3580000000.0	3161805443.3	2604895058.9	3504629809.3
3581000000.0	3162592566.2	2605427091.1	3505601048.1
3582000000.0	3163379641.3	2605959043.5	3506572282.8
3583000000.0	3164166668.6	2606490916.0	3507543513.2
3584000000.0	3164953648.1	2607022708.7	3508514739.5
3585000000.0	3165740579.9	2607554421.7	3509485961.6
3586000000.0	3166527463.9	2608086054.9	3510457179.5
3587000000.0	3167314300.1	2608617608.3	3511428393.2
3588000000.0	3168101088.5	2609149082.0	3512399602.7
3589000000.0	3168887829.2	2609680475.9	3513370808.1
3590000000.0	3169674522.2	2610211790.2	3514342009.2
3591000000.0	3170461167.4	2610743024.7	3515313206.2
3592000000.0	3171247764.8	2611274179.6	3516284399.0
3593000000.0	3172034314.5	2611805254.9	3517255587.6
3594000000.0	3172820816.5	2612336250.5	3518226772.0
3595000000.0	3173607270.8	2612867166.5	3519197952.2
3596000000.0	3174393677.3	2613398003.0	3520169128.3
3597000000.0	3175180036.1	2613928759.8	3521140300.1
3598000000.0	3175966347.1	2614459437.1	3522111467.8
3599000000.0	3176752610.5	2614990034.8	3523082631.3
3600000000.0	3177538826.1	2615520553.1	3524053790.6
3601000000.0	3178324994.1	2616050991.8	3525024945.7
3602000000.0	3179111114.3	2616581351.0	3525996096.6
3603000000.0	3179897186.9	2617111630.7	3526967243.3
3604000000.0	3180683211.7	2617641831.1	3527938385.9
3605000000.0	3181469188.9	2618171951.9	3528909524.2
3606000000.0	3182255118.3	2618701993.4	3529880658.4
3607000000.0	3183041000.1	2619231955.4	3530851788.4
3608000000.0	3183826834.3	2619761838.1	3531822914.2
3609000000.0	3184612620.7	2620291641.4	3532794035.8
3610000000.0	3185398359.5	2620821365.4	3533765153.3
3611000000.0	3186184050.6	2621351010.1	3534736266.5
3612000000.0	3186969694.1	2621880575.4	3535707375.6
3613000000.0	3187755289.9	2622410061.4	3536678480.4
3614000000.0	3188540838.1	2622939468.2	3537649581.1
3615000000.0	3189326338.6	2623468795.7	3538620677.6
3616000000.0	3190111791.5	2623998044.0	3539591769.9
3617000000.0	3190897196.7	2624527213.1	3540562858.1
3618000000.0	3191682554.3	2625056302.9	3541533942.0
3619000000.0	3192467864.3	2625585313.6	3542505021.8
3620000000.0	3193253126.6	2626114245.1	3543476097.4
3621000000.0	3194038341.4	2626643097.4	3544447168.7
3622000000.0	3194823508.5	2627171870.7	3545418235.9
3623000000.0	3195608628.0	2627700564.8	3546389299.0
3624000000.0	3196393699.9	2628229179.8	3547360357.8
3625000000.0	3197178724.2	2628757715.7	3548331412.4
3626000000.0	3197963700.9	2629286172.6	3549302462.9
3627000000.0	3198748630.0	2629814550.5	3550273509.2
3628000000.0	3199533511.6	2630342849.3	3551244551.3
3629000000.0	3200318345.5	2630871069.1	3552215589.2
3630000000.0	3201103131.9	2631399209.9	3553186622.9
3631000000.0	3201887870.7	2631927271.8	3554157652.4
3632000000.0	3202672561.9	2632455254.6	3555128677.8
3633000000.0	3203457205.5	2632983158.6	3556099698.9
3634000000.0	3204241801.6	2633510983.6	3557070715.9
3635000000.0	3205026350.1	2634038729.8	3558041728.7
3636000000.0	3205810851.1	2634566397.0	3559012737.3
3637000000.0	3206595304.5	2635093985.4	3559983741.7
3638000000.0	3207379710.4	2635621495.0	3560954742.0
3639000000.0	3208164068.7	2636148925.7	3561925738.0
3640000000.0	3208948379.5	2636676277.6	3562896729.9
3641000000.0	3209732642.8	2637203550.7	3563867717.6
3642000000.0	3210516858.5	2637730745.0	3564838701.1
3643000000.0	3211301026.7	2638257860.6	3565809680.4
3644000000.0	3212085147.4	2638784897.5	3566780655.5
3645000000.0	3212869220.6	2639311855.6	3567751626.4
3646000000.0	3213653246.3	2639838735.0	3568722593.2
3647000000.0	3214437224.4	2640365535.7	3569693555.8
3648000000.0	3215221155.1	2640892257.7	3570664514.1
3649000000.0	3216005038.3	2641418901.1	3571635468.3
3650000000.0	3216788873.9	2641945465.9	3572606418.4
3651000000.0	3217572662.1	2642471952.0	3573577364.2
3652000000.0	3218356402.8	2642998359.6	3574548305.8
3653000000.0	3219140096.0	2643524688.5	3575519243.3
3654000000.0	3219923741.7	2644050938.9	3576490176.6
3655000000.0	3220707340.0	2644577110.7	3577461105.7
3656000000.0	3221490890.8	2645103204.1	3578432030.6
3657000000.0	3222274394.1	2645629218.9	3579402951.3
3658000000.0	3223057850.0	2646155155.2	3580373867.8
3659000000.0	3223841258.4	2646681013.0	3581344780.2
3660000000.0	3224624619.4	2647206792.4	3582315688.4
3661000000.0	3225407932.9	2647732493.3	3583286592.3
3662000000.0	3226191199.0	2648258115.8	3584257492.1
3663000000.0	3226974417.6	2648783659.9	3585228387.8
3664000000.0	3227757588.8	2649309125.6	3586199279.2
3665000000.0	3228540712.6	2649834512.9	3587170166.4
3666000000.0	3229323789.0	2650359821.9	3588141049.5
3667000000.0	3230106817.9	2650885052.6	3589111928.4
3668000000.0	3230889799.4	2651410204.9	3590082803.1
3669000000.0	3231672733.5	2651935278.9	3591053673.6
3670000000.0	3232455620.2	2652460274.7	3592024539.9
3671000000.0	3233238459.5	2652985192.2	3592995402.0
3672000000.0	3234021251.4	2653510031.4	3593966260.0
3673000000.0	3234803995.9	2654034792.4	3594937113.8
3674000000.0	3235586693.0	2654559475.2	3595907963.4
3675000000.0	3236369342.8	2655084079.7	3596878808.8
3676000000.0	3237151945.1	2655608606.1	3597849650.0
3677000000.0	3237934500.1	2656133054.4	3598820487.0
3678000000.0	3238717007.7	2656657424.5	3599791319.9
3679000000.0	3239499467.9	2657181716.5	3600762148.5
3680000000.0	3240281880.8	2657705930.3	3601732973.0
3681000000.0	3241064246.3	2658230066.1	3602703793.3
3682000000.0	3241846564.4	2658754123.8	3603674609.4
3683000000.0	3242628835.2	2659278103.4	3604645421.4
3684000000.0	3243411058.7	2659802005.0	3605616229.1
3685000000.0	3244193234.8	2660325828.6	3606587032.7
3686000000.0	3244975363.5	2660849574.2	3607557832.1
3687000000.0	3245757445.0	2661373241.8	3608528627.3
3688000000.0	3246539479.1	2661896831.4	3609499418.3
3689000000.0	3247321465.8	2662420343.1	3610470205.1
3690000000.0	3248103405.3	2662943776.8	3611440987.7
3691000000.0	3248885297.4	2663467132.6	3612411766.2
3692000000.0	3249667142.3	2663990410.5	3613382540.5
3693000000.0	3250448939.8	2664513610.6	3614353310.6
3694000000.0	3251230690.0	2665036732.7	3615324076.5
3695000000.0	3252012392.9	2665559777.1	3616294838.2
3696000000.0	3252794048.5	2666082743.6	3617265595.8
3697000000.0	3253575656.8	2666605632.2	3618236349.1
3698000000.0	3254357217.9	2667128443.1	3619207098.3
3699000000.0	3255138731.6	2667651176.2	3620177843.3
3700000000.0	3255920198.1	2668173831.6	3621148584.1
3701000000.0	3256701617.3	2668696409.2	3622119320.7
3702000000.0	3257482989.2	2669218909.0	3623090053.2
3703000000.0	3258264313.9	2669741331.2	3624060781.4
3704000000.0	3259045591.3	2670263675.7	3625031505.5
3705000000.0	3259826821.5	2670785942.5	3626002225.4
3706000000.0	3260608004.4	2671308131.6	3626972941.1
3707000000.0	3261389140.0	2671830243.1	3627943652.6
3708000000.0	3262170228.4	2672352277.0	3628914360.0
3709000000.0	3262951269.6	2672874233.3	3629885063.2
3710000000.0	3263732263.5	2673396112.0	3630855762.1
3711000000.0	3264513210.2	2673917913.1	3631826456.9
3712000000.0	3265294109.7	2674439636.6	3632797147.5
3713000000.0	3266074961.9	2674961282.7	3633767834.0
3714000000.0	3266855767.0	2675482851.2	3634738516.2
3715000000.0	3267636524.8	2676004342.2	3635709194.3
3716000000.0	3268417235.4	2676525755.7	3636679868.1
3717000000.0	3269197898.8	2677047091.8	3637650537.8
3718000000.0	3269978515.0	2677568350.4	3638621203.4
3719000000.0	3270759084.0	2678089531.6	3639591864.7
3720000000.0	3271539605.8	2678610635.3	3640562521.8
3721000000.0	3272320080.4	2679131661.7	3641533174.8
3722000000.0	3273100507.8	2679652610.7	3642503823.6
3723000000.0	3273880888.1	2680173482.3	3643474468.2
3724000000.0	3274661221.2	2680694276.6	3644445108.6
3725000000.0	3275441507.1	2681214993.6	3645415744.8
3726000000.0	3276221745.8	2681735633.2	3646386376.9
3727000000.0	3277001937.4	2682256195.5	3647357004.8
3728000000.0	3277782081.8	2682776680.6	3648327628.4
3729000000.0	3278562179.1	2683297088.4	3649298247.9
3730000000.0	3279342229.2	2683817419.0	3650268863.3
3731000000.0	3280122232.2	2684337672.3	3651239474.4
3732000000.0	3280902188.0	2684857848.5	3652210081.4
3733000000.0	3281682096.7	2685377947.4	3653180684.1
3734000000.0	3282461958.3	2685897969.2	3654151282.7
3735000000.0	3283241772.7	2686417913.8	3655121877.1
3736000000.0	3284021540.0	2686937781.3	3656092467.4
3737000000.0	3284801260.2	2687457571.6	3657063053.4
3738000000.0	3285580933.2	2687977284.9	3658033635.3
3739000000.0	3286360559.2	2688496921.0	3659004212.9
3740000000.0	3287140138.1	2689016480.1	3659974786.4
3741000000.0	3287919669.8	2689535962.1	3660945355.8
3742000000.0	3288699154.5	2690055367.1	3661915920.9
3743000000.0	3289478592.0	2690574695.1	3662886481.8
3744000000.0	3290257982.5	2691093946.1	3663857038.6
3745000000.0	3291037325.9	2691613120.1	3664827591.2
3746000000.0	3291816622.2	2692132217.1	3665798139.6
3747000000.0	3292595871.4	2692651237.2	3666768683.8
3748000000.0	3293375073.5	2693170180.3	3667739223.9
3749000000.0	3294154228.6	2693689046.6	3668709759.7
3750000000.0	3294933336.6	2694207835.9	3669680291.4
3751000000.0	3295712397.6	2694726548.3	3670650818.9
3752000000.0	3296491411.5	2695245183.9	3671621342.2
3753000000.0	3297270378.3	2695763742.6	3672591861.3
3754000000.0	3298049298.1	2696282224.5	3673562376.3
3755000000.0	3298828170.9	2696800629.6	3674532887.0
3756000000.0	3299606996.6	2697318957.9	3675503393.6
3757000000.0	3300385775.3	2697837209.4	3676473896.0
3758000000.0	3301164506.9	2698355384.2	3677444394.3
3759000000.0	3301943191.5	2698873482.2	3678414888.3
3760000000.0	3302721829.1	2699391503.5	3679385378.2
3761000000.0	3303500419.7	2699909448.0	3680355863.8
3762000000.0	3304278963.3	2700427315.9	3681326345.3
3763000000.0	3305057459.8	2700945107.1	3682296822.6
3764000000.0	3305835909.4	2701462821.6	3683267295.8
3765000000.0	3306614312.0	2701980459.5	3684237764.7
3766000000.0	3307392667.5	2702498020.8	3685208229.5
3767000000.0	3308170976.1	2703015505.4	3686178690.1
3768000000.0	3308949237.7	2703532913.5	3687149146.5
3769000000.0	3309727452.3	2704050245.0	3688119598.7
3770000000.0	3310505619.9	2704567499.9	3689090046.7
3771000000.0	3311283740.5	2705084678.3	3690060490.6
3772000000.0	3312061814.2	2705601780.1	3691030930.3
3773000000.0	3312839840.9	2706118805.5	3692001365.8
3774000000.0	3313617820.6	2706635754.3	3692971797.1
3775000000.0	3314395753.4	2707152626.7	3693942224.2
3776000000.0	3315173639.3	2707669422.7	3694912647.2
3777000000.0	3315951478.1	2708186142.2	3695883066.0
3778000000.0	3316729270.1	2708702785.2	3696853480.6
3779000000.0	3317507015.1	2709219351.9	3697823891.0
3780000000.0	3318284713.1	2709735842.2	3698794297.2
3781000000.0	3319062364.2	2710252256.1	3699764699.2
3782000000.0	3319839968.4	2710768593.7	3700735097.1
3783000000.0	3320617525.7	2711284854.9	3701705490.8
3784000000.0	3321395036.1	2711801039.8	3702675880.3
3785000000.0	3322172499.5	2712317148.4	3703646265.6
3786000000.0	3322949916.0	2712833180.7	3704616646.8
3787000000.0	3323727285.6	2713349136.7	3705587023.7
3788000000.0	3324504608.4	2713865016.5	3706557396.5
3789000000.0	3325281884.2	2714380820.0	3707527765.1
3790000000.0	3326059113.1	2714896547.4	3708498129.5
3791000000.0	3326836295.1	2715412198.5	3709468489.8
3792000000.0	3327613430.3	2715927773.4	3710438845.8
3793000000.0	3328390518.5	2716443272.2	3711409197.7
3794000000.0	3329167559.9	2716958694.8	3712379545.4
3795000000.0	3329944554.4	2717474041.3	3713349888.9
3796000000.0	3330721502.1	2717989311.7	3714320228.3
3797000000.0	3331498402.9	2718504505.9	3715290563.4
3798000000.0	3332275256.8	2719019624.1	3716260894.4
3799000000.0	3333052063.8	2719534666.2	3717231221.2
3800000000.0	3333828824.1	2720049632.3	3718201543.8
3801000000.0	3334605537.4	2720564522.3	3719171862.2
3802000000.0	3335382203.9	2721079336.4	3720142176.5
3803000000.0	3336158823.6	2721594074.4	3721112486.6
3804000000.0	3336935396.5	2722108736.4	3722082792.4
3805000000.0	3337711922.5	2722623322.5	3723053094.2
3806000000.0	3338488401.7	2723137832.6	3724023391.7
3807000000.0	3339264834.0	2723652266.8	3724993685.0
3808000000.0	3340041219.6	2724166625.0	3725963974.2
3809000000.0	3340817558.3	2724680907.4	3726934259.2
3810000000.0	3341593850.2	2725195113.9	3727904540.0
3811000000.0	3342370095.4	2725709244.5	3728874816.6
3812000000.0	3343146293.7	2726223299.3	3729845089.1
3813000000.0	3343922445.2	2726737278.3	3730815357.4
3814000000.0	3344698549.9	2727251181.4	3731785621.4
3815000000.0	3345474607.9	2727765008.7	3732755881.3
3816000000.0	3346250619.0	2728278760.3	3733726137.1
3817000000.0	3347026583.4	2728792436.1	3734696388.6
3818000000.0	3347802501.0	2729306036.1	3735666636.0
3819000000.0	3348578371.8	2729819560.4	3736636879.2
3820000000.0	3349354195.9	2730333009.0	3737607118.2
3821000000.0	3350129973.2	2730846381.9	3738577353.0
3822000000.0	3350905703.7	2731359679.1	3739547583.7
3823000000.0	3351681387.5	2731872900.7	3740517810.1
3824000000.0	3352457024.5	2732386046.6	3741488032.4
3825000000.0	3353232614.8	2732899116.8	3742458250.5
3826000000.0	3354008158.4	2733412111.5	3743428464.5
3827000000.0	3354783655.2	2733925030.6	3744398674.2
3828000000.0	3355559105.3	2734437874.0	3745368879.8
3829000000.0	3356334508.6	2734950642.0	3746339081.2
3830000000.0	3357109865.2	2735463334.3	3747309278.4
3831000000.0	3357885175.1	2735975951.2	3748279471.4
3832000000.0	3358660438.3	2736488492.5	3749249660.3
3833000000.0	3359435654.8	2737000958.3	3750219844.9
3834000000.0	3360210824.5	2737513348.7	3751190025.4
3835000000.0	3360985947.6	2738025663.6	3752160201.7
3836000000.0	3361761024.0	2738537903.0	3753130373.9
3837000000.0	3362536053.6	2739050067.0	3754100541.8
3838000000.0	3363311036.6	2739562155.6	3755070705.6
3839000000.0	3364085972.9	2740074168.8	3756040865.2
3840000000.0	3364860862.5	2740586106.6	3757011020.6
3841000000.0	3365635705.4	2741097969.1	3757981171.8
3842000000.0	3366410501.7	2741609756.2	3758951318.9
3843000000.0	3367185251.2	2742121468.0	3759921461.8
3844000000.0	3367959954.2	2742633104.4	3760891600.5
3845000000.0	3368734610.4	2743144665.6	3761861735.0
3846000000.0	3369509220.0	2743656151.5	3762831865.3
3847000000.0	3370283782.9	2744167562.1	3763801991.5
3848000000.0	3371058299.2	2744678897.5	3764772113.4
3849000000.0	3371832768.9	2745190157.7	3765742231.2
3850000000.0	3372607191.9	2745701342.6	3766712344.9
3851000000.0	3373381568.3	2746212452.3	3767682454.3
3852000000.0	3374155898.0	2746723486.9	3768652559.6
3853000000.0	3374930181.1	2747234446.3	3769622660.7
3854000000.0	3375704417.6	2747745330.5	3770592757.6
3855000000.0	3376478607.4	2748256139.6	3771562850.3
3856000000.0	3377252750.7	2748766873.6	3772532938.8
3857000000.0	3378026847.3	2749277532.5	3773503023.2
3858000000.0	3378800897.4	2749788116.4	3774473103.4
3859000000.0	3379574900.8	2750298625.1	3775443179.4
3860000000.0	3380348857.6	2750809058.8	3776413251.2
3861000000.0	3381122767.9	2751319417.5	3777383318.9
3862000000.0	3381896631.5	2751829701.2	3778353382.4
3863000000.0	3382670448.6	2752339909.8	3779323441.7
3864000000.0	3383444219.1	2752850043.5	3780293496.8
3865000000.0	3384217943.0	2753360102.2	3781263547.7
3866000000.0	3384991620.3	2753870086.0	3782233594.5
3867000000.0	3385765251.0	2754379994.8	3783203637.1
3868000000.0	3386538835.2	2754889828.8	3784173675.5
3869000000.0	3387312372.9	2755399587.8	3785143709.7
3870000000.0	3388085863.9	2755909271.9	3786113739.7
3871000000.0	3388859308.5	2756418881.2	3787083765.6
3872000000.0	3389632706.4	2756928415.6	3788053787.3
3873000000.0	3390406057.9	2757437875.2	3789023804.8
3874000000.0	3391179362.8	2757947260.0	3789993818.1
3875000000.0	3391952621.1	2758456569.9	3790963827.3
3876000000.0	3392725833.0	2758965805.1	3791933832.2
3877000000.0	3393498998.3	2759474965.6	3792903833.0
3878000000.0	3394272117.0	2759984051.2	3793873829.7
3879000000.0	3395045189.3	2760493062.2	3794843822.1
3880000000.0	3395818215.0	2761001998.4	3795813810.4
3881000000.0	3396591194.3	2761510859.9	3796783794.4
3882000000.0	3397364127.0	2762019646.7	3797753774.3
3883000000.0	3398137013.2	2762528358.9	3798723750.1
3884000000.0	3398909852.9	2763036996.4	3799693721.6
3885000000.0	3399682646.2	2763545559.3	3800663689.0
3886000000.0	3400455392.9	2764054047.6	3801633652.2
3887000000.0	3401228093.2	2764562461.2	3802603611.2
3888000000.0	3402000747.0	2765070800.3	3803573566.0
3889000000.0	3402773354.3	2765579064.8	3804543516.7
3890000000.0	3403545915.1	2766087254.7	3805513463.2
3891000000.0	3404318429.5	2766595370.1	3806483405.5
3892000000.0	3405090897.3	2767103411.0	3807453343.6
3893000000.0	3405863318.8	2767611377.4	3808423277.5
3894000000.0	3406635693.8	2768119269.3	3809393207.3
3895000000.0	3407408022.3	2768627086.7	3810363132.9
3896000000.0	3408180304.4	2769134829.7	3811333054.3
3897000000.0	3408952540.0	2769642498.2	3812302971.5
3898000000.0	3409724729.2	2770150092.3	3813272884.6
3899000000.0	3410496872.0	2770657612.0	3814242793.5
3900000000.0	3411268968.3	2771165057.4	3815212698.2
3901000000.0	3412041018.2	2771672428.3	3816182598.7
3902000000.0	3412813021.7	2772179724.9	3817152495.0
3903000000.0	3413584978.8	2772686947.1	3818122387.2
3904000000.0	3414356889.4	2773194095.0	3819092275.2
3905000000.0	3415128753.7	2773701168.7	3820062159.0
3906000000.0	3415900571.5	2774208168.0	3821032038.7
3907000000.0	3416672343.0	2774715093.0	3822001914.1
3908000000.0	3417444068.0	2775221943.8	3822971785.4
3909000000.0	3418215746.6	2775728720.3	3823941652.5
3910000000.0	3418987378.9	2776235422.7	3824911515.4
3911000000.0	3419758964.8	2776742050.8	3825881374.2
3912000000.0	3420530504.3	2777248604.7	3826851228.7
3913000000.0	3421301997.4	2777755084.4	3827821079.1
3914000000.0	3422073444.1	2778261490.0	3828790925.3
3915000000.0	3422844844.5	2778767821.4	3829760767.4
3916000000.0	3423616198.5	2779274078.7	3830730605.2
3917000000.0	3424387506.2	2779780261.9	3831700438.9
3918000000.0	3425158767.5	2780286371.0	3832670268.4
3919000000.0	3425929982.4	2780792406.0	3833640093.8
3920000000.0	3426701151.0	2781298367.0	3834609914.9
3921000000.0	3427472273.3	2781804253.9	3835579731.9
3922000000.0	3428243349.2	2782310066.8	3836549544.7
3923000000.0	3429014378.8	2782815805.6	3837519353.3
3924000000.0	3429785362.0	2783321470.5	3838489157.8
3925000000.0	3430556299.0	2783827061.4	3839458958.0
3926000000.0	3431327189.6	2784332578.3	3840428754.1
3927000000.0	3432098033.9	2784838021.3	3841398546.0
3928000000.0	3432868831.8	2785343390.3	3842368333.8
3929000000.0	3433639583.5	2785848685.4	3843338117.3
3930000000.0	3434410288.9	2786353906.6	3844307896.7
3931000000.0	3435180947.9	2786859053.9	3845277671.9
3932000000.0	3435951560.7	2787364127.4	3846247442.9
3933000000.0	3436722127.2	2787869127.0	3847217209.8
3934000000.0	3437492647.3	2788374052.8	3848186972.5
3935000000.0	3438263121.2	2788878904.7	3849156731.0
3936000000.0	3439033548.9	2789383682.9	3850126485.3
3937000000.0	3439803930.2	2789888387.3	3851096235.4
3938000000.0	3440574265.3	2790393017.8	3852065981.4
3939000000.0	3441344554.1	2790897574.7	3853035723.2
3940000000.0	3442114796.6	2791402057.8	3854005460.8
3941000000.0	3442884992.9	2791906467.2	3854975194.2
3942000000.0	3443655142.9	2792410802.8	3855944923.5
3943000000.0	3444425246.7	2792915064.8	3856914648.6
3944000000.0	3445195304.2	2793419253.1	3857884369.5
3945000000.0	3445965315.5	2793923367.8	3858854086.2
3946000000.0	3446735280.5	2794427408.8	3859823798.8
3947000000.0	3447505199.4	2794931376.1	3860793507.2
3948000000.0	3448275071.9	2795435269.9	3861763211.4
3949000000.0	3449044898.3	2795939090.1	3862732911.4
3950000000.0	3449814678.4	2796442836.7	3863702607.3
3951000000.0	3450584412.3	2796946509.7	3864672298.9
3952000000.0	3451354100.0	2797450109.2	3865641986.4
3953000000.0	3452123741.5	2797953635.2	3866611669.8
3954000000.0	3452893336.8	2798457087.6	3867581348.9
3955000000.0	3453662885.9	2798960466.6	3868551023.9
3956000000.0	3454432388.8	2799463772.1	3869520694.7
3957000000.0	3455201845.5	2799967004.1	3870490361.3
3958000000.0	3455971256.0	2800470162.6	3871460023.7
3959000000.0	3456740620.3	2800973247.7	3872429682.0
3960000000.0	3457509938.5	2801476259.5	3873399336.1
3961000000.0	3458279210.4	2801979197.8	3874368986.0
3962000000.0	3459048436.2	2802482062.7	3875338631.7
3963000000.0	3459817615.9	2802984854.3	3876308273.3
3964000000.0	3460586749.3	2803487572.5	3877277910.7
3965000000.0	3461355836.6	2803990217.3	3878247543.9
3966000000.0	3462124877.8	2804492788.9	3879217172.9
3967000000.0	3462893872.8	2804995287.1	3880186797.8
3968000000.0	3463662821.6	2805497712.1	3881156418.5
3969000000.0	3464431724.3	2806000063.8	3882126035.0
3970000000.0	3465200580.9	2806502342.2	3883095647.3
3971000000.0	3465969391.3	2807004547.4	3884065255.5
3972000000.0	3466738155.6	2807506679.4	3885034859.4
3973000000.0	3467506873.8	2808008738.1	3886004459.2
3974000000.0	3468275545.9	2808510723.7	3886974054.9
3975000000.0	3469044171.8	2809012636.1	3887943646.3
3976000000.0	3469812751.6	2809514475.3	3888913233.6
3977000000.0	3470581285.4	2810016241.4	3889882816.7
3978000000.0	3471349773.0	2810517934.4	3890852395.6
3979000000.0	3472118214.5	2811019554.2	3891821970.4
3980000000.0	3472886609.9	2811521101.0	3892791541.0
3981000000.0	3473654959.2	2812022574.7	3893761107.4
3982000000.0	3474423262.4	2812523975.3	3894730669.6
3983000000.0	3475191519.6	2813025302.9	3895700227.6
3984000000.0	3475959730.6	2813526557.4	3896669781.5
3985000000.0	3476727895.6	2814027738.9	3897639331.2
3986000000.0	3477496014.5	2814528847.4	3898608876.7
3987000000.0	3478264087.4	2815029883.0	3899578418.1
3988000000.0	3479032114.2	2815530845.5	3900547955.3
3989000000.0	3479800094.9	2816031735.1	3901517488.3
3990000000.0	3480568029.6	2816532551.8	3902487017.1
3991000000.0	3481335918.2	2817033295.6	3903456541.7
3992000000.0	3482103760.8	2817533966.4	3904426062.2
3993000000.0	3482871557.3	2818034564.4	3905395578.5
3994000000.0	3483639307.8	2818535089.5	3906365090.6
3995000000.0	3484407012.2	2819035541.7	3907334598.6
3996000000.0	3485174670.6	2819535921.1	3908304102.3
3997000000.0	3485942283.0	2820036227.7	3909273601.9
3998000000.0	3486709849.4	2820536461.5	3910243097.4
3999000000.0	3487477369.8	2821036622.4	3911212588.6
4000000000.0	3488244844.1	2821536710.6	3912182075.7
4001000000.0	3489012272.4	2822036726.1	3913151558.6
4002000000.0	3489779654.8	2822536668.7	3914121037.3
4003000000.0	3490546991.1	2823036538.7	3915090511.8
4004000000.0	3491314281.4	2823536335.9	3916059982.2
4005000000.0	3492081525.7	2824036060.5	3917029448.4
4006000000.0	3492848724.1	2824535712.4	3917998910.4
4007000000.0	3493615876.4	2825035291.6	3918968368.3
4008000000.0	3494382982.8	2825534798.1	3919937822.0
4009000000.0	3495150043.2	2826034232.0	3920907271.5
4010000000.0	3495917057.6	2826533593.3	3921876716.8
4011000000.0	3496684026.1	2827032882.0	3922846157.9
4012000000.0	3497450948.6	2827532098.1	3923815594.9
4013000000.0	3498217825.1	2828031241.7	3924785027.7
4014000000.0	3498984655.7	2828530312.7	3925754456.3
4015000000.0	3499751440.3	2829029311.1	3926723880.8
4016000000.0	3500518179.0	2829528237.0	3927693301.1
4017000000.0	3501284871.7	2830027090.4	3928662717.2
4018000000.0	3502051518.5	2830525871.4	3929632129.1
4019000000.0	3502818119.3	2831024579.8	3930601536.9
4020000000.0	3503584674.2	2831523215.8	3931570940.4
4021000000.0	3504351183.2	2832021779.4	3932540339.8
4022000000.0	3505117646.3	2832520270.5	3933509735.1
4023000000.0	3505884063.5	2833018689.2	3934479126.1
4024000000.0	3506650434.7	2833517035.5	3935448513.0
4025000000.0	3507416760.0	2834015309.4	3936417895.7
4026000000.0	3508183039.4	2834513511.0	3937387274.3
4027000000.0	3508949273.0	2835011640.2	3938356648.6
4028000000.0	3509715460.6	2835509697.1	3939326018.8
4029000000.0	3510481602.3	2836007681.6	3940295384.8
4030000000.0	3511247698.1	2836505593.9	3941264746.7
4031000000.0	3512013748.1	2837003433.8	3942234104.3
4032000000.0	3512779752.1	2837501201.5	3943203457.8
4033000000.0	3513545710.3	2837998897.0	3944172807.1
4034000000.0	3514311622.6	2838496520.2	3945142152.3
4035000000.0	3515077489.1	2838994071.2	3946111493.3
4036000000.0	3515843309.7	2839491549.9	3947080830.0
4037000000.0	3516609084.4	2839988956.5	3948050162.7
4038000000.0	3517374813.2	2840486290.9	3949019491.1
4039000000.0	3518140496.2	2840983553.2	3949988815.4
4040000000.0	3518906133.4	2841480743.3	3950958135.5
4041000000.0	3519671724.7	2841977861.3	3951927451.4
4042000000.0	3520437270.2	2842474907.1	3952896763.2
4043000000.0	3521202769.8	2842971880.9	3953866070.8
4044000000.0	3521968223.6	2843468782.6	3954835374.2
4045000000.0	3522733631.6	2843965612.2	3955804673.4
4046000000.0	3523498993.7	2844462369.7	3956773968.4
4047000000.0	3524264310.0	2844959055.3	3957743259.3
4048000000.0	3525029580.6	2845455668.8	3958712546.0
4049000000.0	3525794805.3	2845952210.3	3959681828.6
4050000000.0	3526559984.1	2846448679.8	3960651106.9
4051000000.0	3527325117.2	2846945077.3	3961620381.1
4052000000.0	3528090204.5	2847441402.9	3962589651.2
4053000000.0	3528855246.0	2847937656.6	3963558917.0
4054000000.0	3529620241.7	2848433838.3	3964528178.7
4055000000.0	3530385191.6	2848929948.1	3965497436.2
4056000000.0	3531150095.7	2849425986.0	3966466689.5
4057000000.0	3531914954.1	2849921952.1	3967435938.6
4058000000.0	3532679766.7	2850417846.2	3968405183.6
4059000000.0	3533444533.5	2850913668.6	3969374424.4
4060000000.0	3534209254.5	2851409419.1	3970343661.1
4061000000.0	3534973929.8	2851905097.7	3971312893.5
4062000000.0	3535738559.3	2852400704.6	3972282121.8
4063000000.0	3536503143.1	2852896239.7	3973251345.9
4064000000.0	3537267681.1	2853391703.1	3974220565.9
4065000000.0	3538032173.3	2853887094.6	3975189781.6
4066000000.0	3538796619.9	2854382414.5	3976158993.2
4067000000.0	3539561020.6	2854877662.6	3977128200.6
4068000000.0	3540325375.7	2855372839.0	3978097403.9
4069000000.0	3541089685.0	2855867943.7	3979066603.0
4070000000.0	3541853948.6	2856362976.7	3980035797.9
4071000000.0	3542618166.5	2856857938.1	3981004988.6
4072000000.0	3543382338.6	2857352827.9	3981974175.1
4073000000.0	3544146465.1	2857847646.0	3982943357.5
4074000000.0	3544910545.8	2858342392.5	3983912535.7
4075000000.0	3545674580.8	2858837067.4	3984881709.8
4076000000.0	3546438570.1	2859331670.7	3985850879.6
4077000000.0	3547202513.8	2859826202.4	3986820045.3
4078000000.0	3547966411.7	2860320662.6	3987789206.8
4079000000.0	3548730264.0	2860815051.3	3988758364.2
4080000000.0	3549494070.5	2861309368.4	3989727517.4
4081000000.0	3550257831.4	2861803614.0	3990696666.4
4082000000.0	3551021546.6	2862297788.2	3991665811.2
4083000000.0	3551785216.1	2862791890.9	3992634951.8
4084000000.0	3552548840.0	2863285922.1	3993604088.3
4085000000.0	3553312418.2	2863779881.8	3994573220.6
4086000000.0	3554075950.7	2864273770.2	3995542348.8
4087000000.0	3554839437.6	2864767587.1	3996511472.7
4088000000.0	3555602878.8	2865261332.7	3997480592.5
4089000000.0	3556366274.4	2865755006.8	3998449708.2
4090000000.0	3557129624.4	2866248609.6	3999418819.6
4091000000.0	3557892928.7	2866742141.1	4000387926.9
4092000000.0	3558656187.3	2867235601.2	4001357030.0
4093000000.0	3559419400.4	2867728990.0	4002326128.9
4094000000.0	3560182567.8	2868222307.4	4003295223.7
4095000000.0	3560945689.5	2868715553.6	4004264314.3
4096000000.0	3561708765.7	2869208728.6	4005233400.7
4097000000.0	3562471796.2	2869701832.2	4006202482.9
4098000000.0	3563234781.2	2870194864.7	4007171561.0
4099000000.0	3563997720.5	2870687825.9	4008140634.9
4100000000.0	3564760614.2	2871180715.9	4009109704.6
4101000000.0	3565523462.4	2871673534.7	4010078770.2
4102000000.0	3566286264.9	2872166282.3	4011047831.6
4103000000.0	3567049021.8	2872658958.7	4012016888.8
4104000000.0	3567811733.2	2873151564.0	4012985941.8
4105000000.0	3568574399.0	2873644098.2	4013954990.7
4106000000.0	3569337019.2	2874136561.3	4014924035.4
4107000000.0	3570099593.8	2874628953.2	4015893075.9
4108000000.0	3570862122.8	2875121274.1	4016862112.3
4109000000.0	3571624606.3	2875613523.9	4017831144.4
4110000000.0	3572387044.2	2876105702.6	4018800172.4
4111000000.0	3573149436.6	2876597810.3	4019769196.3
4112000000.0	3573911783.4	2877089847.0	4020738215.9
4113000000.0	3574674084.7	2877581812.6	4021707231.4
4114000000.0	3575436340.4	2878073707.3	4022676242.8
4115000000.0	3576198550.5	2878565531.0	4023645249.9
4116000000.0	3576960715.2	2879057283.7	4024614252.9
4117000000.0	3577722834.3	2879548965.5	4025583251.7
4118000000.0	3578484907.8	2880040576.3	4026552246.3
4119000000.0	3579246935.9	2880532116.2	4027521236.8
4120000000.0	3580008918.4	2881023585.3	4028490223.1
4121000000.0	3580770855.4	2881514983.4	4029459205.2
4122000000.0	3581532746.9	2882006310.7	4030428183.1
4123000000.0	3582294592.9	2882497567.1	4031397156.9
4124000000.0	3583056393.4	2882988752.6	4032366126.5
4125000000.0	3583818148.4	2883479867.4	4033335092.0
4126000000.0	3584579857.8	2883970911.3	4034304053.2
4127000000.0	3585341521.8	2884461884.4	4035273010.3
4128000000.0	3586103140.3	2884952786.8	4036241963.2
4129000000.0	3586864713.3	2885443618.4	4037210912.0
4130000000.0	3587626240.9	2885934379.2	4038179856.6
4131000000.0	3588387722.9	2886425069.3	4039148797.0
4132000000.0	3589149159.5	2886915688.7	4040117733.2
4133000000.0	3589910550.6	2887406237.4	4041086665.3
4134000000.0	3590671896.3	2887896715.4	4042055593.2
4135000000.0	3591433196.5	2888387122.7	4043024516.9
4136000000.0	3592194451.2	2888877459.3	4043993436.4
4137000000.0	3592955660.5	2889367725.4	4044962351.8
4138000000.0	3593716824.4	2889857920.7	4045931263.0
4139000000.0	3594477942.8	2890348045.5	4046900170.1
4140000000.0	3595239015.7	2890838099.7	4047869072.9
4141000000.0	3596000043.2	2891328083.3	4048837971.6
4142000000.0	3596761025.3	2891817996.4	4049806866.2
4143000000.0	3597521962.0	2892307838.8	4050775756.5
4144000000.0	3598282853.2	2892797610.8	4051744642.7
4145000000.0	3599043699.0	2893287312.2	4052713524.7
4146000000.0	3599804499.4	2893776943.2	4053682402.6
4147000000.0	3600565254.4	2894266503.6	4054651276.2
4148000000.0	3601325964.0	2894755993.6	4055620145.7
4149000000.0	3602086628.2	2895245413.1	4056589011.1
4150000000.0	3602847247.0	2895734762.1	4057557872.2
4151000000.0	3603607820.4	2896224040.7	4058526729.2
4152000000.0	3604368348.4	2896713249.0	4059495582.0
4153000000.0	3605128831.0	2897202386.8	4060464430.7
4154000000.0	3605889268.2	2897691454.2	4061433275.2
4155000000.0	3606649660.0	2898180451.3	4062402115.5
4156000000.0	3607410006.5	2898669378.0	4063370951.6
4157000000.0	3608170307.6	2899158234.4	4064339783.6
4158000000.0	3608930563.3	2899647020.4	4065308611.4
4159000000.0	3609690773.7	2900135736.2	4066277435.0
4160000000.0	3610450938.7	2900624381.6	4067246254.5
4161000000.0	3611211058.4	2901112956.8	4068215069.7
4162000000.0	3611971132.7	2901601461.7	4069183880.9
4163000000.0	3612731161.7	2902089896.4	4070152687.8
4164000000.0	3613491145.3	2902578260.8	4071121490.6
4165000000.0	3614251083.6	2903066555.0	4072090289.2
4166000000.0	3615010976.5	2903554779.1	4073059083.6
4167000000.0	3615770824.1	2904042932.9	4074027873.9
4168000000.0	3616530626.4	2904531016.6	4074996660.0
4169000000.0	3617290383.4	2905019030.1	4075965441.9
4170000000.0	3618050095.1	2905506973.4	4076934219.6
4171000000.0	3618809761.4	2905994846.7	4077902993.2
4172000000.0	3619569382.4	2906482649.8	4078871762.6
4173000000.0	3620328958.1	2906970382.8	4079840527.9
4174000000.0	3621088488.6	2907458045.8	4080809289.0
4175000000.0	3621847973.7	2907945638.7	4081778045.9
4176000000.0	3622607413.5	2908433161.5	4082746798.6
4177000000.0	3623366808.1	2908920614.3	4083715547.2
4178000000.0	3624126157.3	2909407997.1	4084684291.5
4179000000.0	3624885461.3	2909895309.9	4085653031.8
4180000000.0	3625644720.0	2910382552.7	4086621767.8
4181000000.0	3626403933.4	2910869725.5	4087590499.7
4182000000.0	3627163101.6	2911356828.4	4088559227.4
4183000000.0	3627922224.5	2911843861.3	4089527951.0
4184000000.0	3628681302.1	2912330824.3	4090496670.3
4185000000.0	3629440334.5	2912817717.3	4091465385.5
4186000000.0	3630199321.6	2913304540.5	4092434096.6
4187000000.0	3630958263.4	2913791293.8	4093402803.4
4188000000.0	3631717160.1	2914277977.2	4094371506.1
4189000000.0	3632476011.4	2914764590.8	4095340204.7
4190000000.0	3633234817.6	2915251134.5	4096308899.0
4191000000.0	3633993578.5	2915737608.4	4097277589.2
4192000000.0	3634752294.2	2916224012.5	4098246275.2
4193000000.0	3635510964.7	2916710346.8	4099214957.1
4194000000.0	3636269589.9	2917196611.3	4100183634.8
4195000000.0	3637028169.9	2917682806.1	4101152308.3
4196000000.0	3637786704.7	2918168931.1	4102120977.6
4197000000.0	3638545194.3	2918654986.4	4103089642.8
4198000000.0	3639303638.7	2919140971.9	4104058303.8
4199000000.0	3640062037.9	2919626887.8	4105026960.6
4200000000.0	3640820391.9	2920112733.9	4105995613.3
4201000000.0	3641578700.7	2920598510.4	4106964261.8
4202000000.0	3642336964.3	2921084217.2	4107932906.1
4203000000.0	3643095182.8	2921569854.4	4108901546.3
4204000000.0	3643853356.0	2922055422.0	4109870182.2
4205000000.0	3644611484.1	2922540919.9	4110838814.1
4206000000.0	3645369567.0	2923026348.3	4111807441.7
4207000000.0	3646127604.7	2923511707.0	4112776065.2
4208000000.0	3646885597.3	2923996996.2	4113744684.5
4209000000.0	3647643544.7	2924482215.9	4114713299.6
4210000000.0	3648401447.0	2924967366.0	4115681910.6
4211000000.0	3649159304.1	2925452446.5	4116650517.4
4212000000.0	3649917116.1	2925937457.6	4117619120.1
4213000000.0	3650674882.9	2926422399.2	4118587718.5
4214000000.0	3651432604.5	2926907271.3	4119556312.8
4215000000.0	3652190281.1	2927392073.9	4120524903.0
4216000000.0	3652947912.5	2927876807.1	4121493488.9
4217000000.0	3653705498.8	2928361470.8	4122462070.7
4218000000.0	3654463039.9	2928846065.2	4123430648.3
4219000000.0	3655220535.9	2929330590.1	4124399221.8
4220000000.0	3655977986.9	2929815045.6	4125367791.1
4221000000.0	3656735392.7	2930299431.8	4126336356.2
4222000000.0	3657492753.4	2930783748.6	4127304917.1
4223000000.0	3658250069.0	2931267996.0	4128273473.9
4224000000.0	3659007339.5	2931752174.2	4129242026.5
4225000000.0	3659764564.9	2932236283.0	4130210575.0
4226000000.0	3660521745.2	2932720322.5	4131179119.2
4227000000.0	3661278880.4	2933204292.7	4132147659.3
4228000000.0	3662035970.5	2933688193.6	4133116195.3
4229000000.0	3662793015.6	2934172025.3	4134084727.0
4230000000.0	3663550015.6	2934655787.8	4135053254.6
4231000000.0	3664306970.5	2935139481.0	4136021778.1
4232000000.0	3665063880.3	2935623105.1	4136990297.3
4233000000.0	3665820745.1	2936106659.9	4137958812.4
4234000000.0	3666577564.8	2936590145.5	4138927323.4
4235000000.0	3667334339.5	2937073562.0	4139895830.1
4236000000.0	3668091069.1	2937556909.3	4140864332.7
4237000000.0	3668847753.7	2938040187.5	4141832831.1
4238000000.0	3669604393.2	2938523396.6	4142801325.4
4239000000.0	3670360987.7	2939006536.5	4143769815.5
4240000000.0	3671117537.1	2939489607.4	4144738301.4
4241000000.0	3671874041.5	2939972609.2	4145706783.1
4242000000.0	3672630500.9	2940455541.9	4146675260.7
4243000000.0	3673386915.3	2940938405.6	4147643734.1
4244000000.0	3674143284.7	2941421200.3	4148612203.4
4245000000.0	3674899609.0	2941903925.9	4149580668.4
4246000000.0	3675655888.3	2942386582.5	4150549129.4
4247000000.0	3676412122.6	2942869170.1	4151517586.1
4248000000.0	3677168311.9	2943351688.8	4152486038.7
4249000000.0	3677924456.2	2943834138.5	4153454487.1
4250000000.0	3678680555.6	2944316519.3	4154422931.3
4251000000.0	3679436609.9	2944798831.1	4155391371.4
4252000000.0	3680192619.2	2945281074.0	4156359807.3
4253000000.0	3680948583.6	2945763248.0	4157328239.0
4254000000.0	3681704503.0	2946245353.2	4158296666.6
4255000000.0	3682460377.4	2946727389.4	4159265090.0
4256000000.0	3683216206.8	2947209356.8	4160233509.2
4257000000.0	3683971991.3	2947691255.4	4161201924.3
4258000000.0	3684727730.8	2948173085.2	4162170335.2
4259000000.0	3685483425.3	2948654846.1	4163138741.9
4260000000.0	3686239074.9	2949136538.2	4164107144.5
4261000000.0	3686994679.5	2949618161.6	4165075542.9
4262000000.0	3687750239.2	2950099716.1	4166043937.1
4263000000.0	3688505754.0	2950581202.0	4167012327.1
4264000000.0	3689261223.8	2951062619.1	4167980713.0
4265000000.0	3690016648.7	2951543967.4	4168949094.8
4266000000.0	3690772028.6	2952025247.1	4169917472.3
4267000000.0	3691527363.6	2952506458.1	4170885845.7
4268000000.0	3692282653.7	2952987600.4	4171854214.9
4269000000.0	3693037898.9	2953468674.0	4172822580.0
4270000000.0	3693793099.2	2953949679.0	4173790940.9
4271000000.0	3694548254.5	2954430615.3	4174759297.6
4272000000.0	3695303364.9	2954911483.0	4175727650.1
4273000000.0	3696058430.5	2955392282.2	4176695998.5
4274000000.0	3696813451.1	2955873012.7	4177664342.7
4275000000.0	3697568426.9	2956353674.7	4178632682.8
4276000000.0	3698323357.7	2956834268.0	4179601018.7
4277000000.0	3699078243.7	2957314792.9	4180569350.4
4278000000.0	3699833084.8	2957795249.2	4181537677.9
4279000000.0	3700587881.0	2958275637.0	4182506001.3
4280000000.0	3701342632.3	2958755956.3	4183474320.5
4281000000.0	3702097338.8	2959236207.1	4184442635.6
4282000000.0	3702852000.4	2959716389.4	4185410946.5
4283000000.0	3703606617.1	2960196503.3	4186379253.2
4284000000.0	3704361189.0	2960676548.7	4187347555.7
4285000000.0	3705115716.0	2961156525.7	4188315854.1
4286000000.0	3705870198.2	2961636434.3	4189284148.3
4287000000.0	3706624635.5	2962116274.5	4190252438.4
4288000000.0	3707379028.0	2962596046.3	4191220724.3
4289000000.0	3708133375.6	2963075749.8	4192189006.0
4290000000.0	3708887678.4	2963555384.8	4193157283.5
4291000000.0	3709641936.4	2964034951.6	4194125556.9
4292000000.0	3710396149.5	2964514450.0	4195093826.1
4293000000.0	3711150317.9	2964993880.1	4196062091.2
4294000000.0	3711904441.4	2965473241.9	4197030352.0
4295000000.0	3712658520.1	2965952535.4	4197998608.7
4296000000.0	3713412553.9	2966431760.6	4198966861.3
4297000000.0	3714166543.0	2966910917.6	4199935109.7
4298000000.0	3714920487.3	2967390006.4	4200903353.9
4299000000.0	3715674386.8	2967869026.9	4201871593.9
4300000000.0	3716428241.4	2968347979.2	4202839829.8
4301000000.0	3717182051.3	2968826863.4	4203808061.5
4302000000.0	3717935816.4	2969305679.3	4204776289.1
4303000000.0	3718689536.7	2969784427.1	4205744512.5
4304000000.0	3719443212.3	2970263106.7	4206712731.7
4305000000.0	3720196843.0	2970741718.2	4207680946.7
4306000000.0	3720950429.0	2971220261.6	4208649157.6
4307000000.0	3721703970.3	2971698736.8	4209617364.3
4308000000.0	3722457466.7	2972177144.0	4210585566.9
4309000000.0	3723210918.4	2972655483.1	4211553765.3
4310000000.0	3723964325.4	2973133754.1	4212521959.5
4311000000.0	3724717687.6	2973611957.1	4213490149.5
4312000000.0	3725471005.0	2974090092.0	4214458335.4
4313000000.0	3726224277.7	2974568158.9	4215426517.2
4314000000.0	3726977505.7	2975046157.8	4216394694.7
4315000000.0	3727730688.9	2975524088.7	4217362868.1
4316000000.0	3728483827.4	2976001951.7	4218331037.3
4317000000.0	3729236921.2	2976479746.7	4219299202.4
4318000000.0	3729989970.3	2976957473.7	4220267363.3
4319000000.0	3730742974.6	2977435132.8	4221235520.0
4320000000.0	3731495934.2	2977912724.0	4222203672.5
4321000000.0	3732248849.1	2978390247.2	4223171820.9
4322000000.0	3733001719.3	2978867702.6	4224139965.2
4323000000.0	3733754544.8	2979345090.1	4225108105.2
4324000000.0	3734507325.6	2979822409.8	4226076241.1
4325000000.0	3735260061.7	2980299661.6	4227044372.9
4326000000.0	3736012753.1	2980776845.5	4228012500.4
4327000000.0	3736765399.9	2981253961.7	4228980623.8
4328000000.0	3737518001.9	2981731010.0	4229948743.1
4329000000.0	3738270559.3	2982207990.6	4230916858.1
4330000000.0	3739023072.0	2982684903.3	4231884969.0
4331000000.0	3739775540.0	2983161748.4	4232853075.8
4332000000.0	3740527963.3	2983638525.6	4233821178.3
4333000000.0	3741280342.0	2984115235.2	4234789276.7
4334000000.0	3742032676.0	2984591877.0	4235757371.0
4335000000.0	3742784965.4	2985068451.1	4236725461.0
4336000000.0	3743537210.1	2985544957.5	4237693547.0
4337000000.0	3744289410.2	2986021396.3	4238661628.7
4338000000.0	3745041565.6	2986497767.4	4239629706.3
4339000000.0	3745793676.4	2986974070.9	4240597779.7
4340000000.0	3746545742.6	2987450306.7	4241565848.9
4341000000.0	3747297764.1	2987926474.9	4242533914.0
4342000000.0	3748049741.0	2988402575.5	4243501974.9
4343000000.0	3748801673.3	2988878608.5	4244470031.7
4344000000.0	3749553560.9	2989354574.0	4245438084.3
4345000000.0	3750305404.0	2989830471.9	4246406132.7
4346000000.0	3751057202.4	2990306302.2	4247374177.0
4347000000.0	3751808956.2	2990782065.0	4248342217.0
4348000000.0	3752560665.4	2991257760.4	4249310253.0
4349000000.0	3753312330.0	2991733388.2	4250278284.7
4350000000.0	3754063950.1	2992208948.5	4251246312.3
4351000000.0	3754815525.5	2992684441.3	4252214335.8
4352000000.0	3755567056.3	2993159866.7	4253182355.0
4353000000.0	3756318542.6	2993635224.6	4254150370.1
4354000000.0	3757069984.2	2994110515.2	4255118381.1
4355000000.0	3757821381.3	2994585738.3	4256086387.8
4356000000.0	3758572733.9	2995060894.0	4257054390.4
4357000000.0	3759324041.8	2995535982.3	4258022388.9
4358000000.0	3760075305.2	2996011003.2	4258990383.2
4359000000.0	3760826524.1	2996485956.8	4259958373.3
4360000000.0	3761577698.3	2996960843.0	4260926359.2
4361000000.0	3762328828.1	2997435662.0	4261894341.0
4362000000.0	3763079913.2	2997910413.6	4262862318.6
4363000000.0	3763830953.9	2998385097.9	4263830292.1
4364000000.0	3764581950.0	2998859714.9	4264798261.4
4365000000.0	3765332901.5	2999334264.6	4265766226.5
4366000000.0	3766083808.6	2999808747.1	4266734187.4
4367000000.0	3766834671.1	3000283162.3	4267702144.2
4368000000.0	3767585489.0	3000757510.4	4268670096.9
4369000000.0	3768336262.5	3001231791.2	4269638045.3
4370000000.0	3769086991.4	3001706004.8	4270605989.6
4371000000.0	3769837675.8	3002180151.2	4271573929.8
4372000000.0	3770588315.8	3002654230.4	4272541865.7
4373000000.0	3771338911.2	3003128242.5	4273509797.6
4374000000.0	3772089462.1	3003602187.5	4274477725.2
4375000000.0	3772839968.5	3004076065.3	4275445648.7
4376000000.0	3773590430.4	3004549876.0	4276413568.0
4377000000.0	3774340847.8	3005023619.6	4277381483.1
4378000000.0	3775091220.8	3005497296.1	4278349394.1
4379000000.0	3775841549.2	3005970905.5	4279317300.9
4380000000.0	3776591833.2	3006444447.9	4280285203.6
4381000000.0	3777342072.8	3006917923.3	4281253102.1
4382000000.0	3778092267.8	3007391331.6	4282220996.4
4383000000.0	3778842418.4	3007864672.9	4283188886.6
4384000000.0	3779592524.5	3008337947.2	4284156772.6
4385000000.0	3780342586.2	3008811154.5	4285124654.4
4386000000.0	3781092603.4	3009284294.9	4286092532.1
4387000000.0	3781842576.1	3009757368.3	4287060405.6
4388000000.0	3782592504.5	3010230374.7	4288028275.0
4389000000.0	3783342388.3	3010703314.2	4288996140.1
4390000000.0	3784092227.8	3011176186.8	4289964001.2
4391000000.0	3784842022.8	3011648992.5	4290931858.0
4392000000.0	3785591773.3	3012121731.3	4291899710.7
4393000000.0	3786341479.5	3012594403.3	4292867559.2
4394000000.0	3787091141.2	3013067008.4	4293835403.6
4395000000.0	3787840758.5	3013539546.6	4294803243.8
4396000000.0	3788590331.4	3014012018.0	4295771079.8
4397000000.0	3789339859.9	3014484422.6	4296738911.7
4398000000.0	3790089344.0	3014956760.4	4297706739.4
4399000000.0	3790838783.7	3015429031.4	4298674563.0
4400000000.0	3791588179.0	3015901235.6	4299642382.3
4401000000.0	3792337529.8	3016373373.1	4300610197.6
4402000000.0	3793086836.3	3016845443.8	4301578008.6
4403000000.0	3793836098.4	3017317447.8	4302545815.5
4404000000.0	3794585316.2	3017789385.1	4303513618.2
4405000000.0	3795334489.5	3018261255.7	4304481416.8
4406000000.0	3796083618.5	3018733059.6	4305449211.2
4407000000.0	3796832703.1	3019204796.8	4306417001.4
4408000000.0	3797581743.3	3019676467.4	4307384787.5
4409000000.0	3798330739.2	3020148071.3	4308352569.4
4410000000.0	3799079690.7	3020619608.6	4309320347.1
4411000000.0	3799828597.9	3021091079.3	4310288120.7
4412000000.0	3800577460.7	3021562483.3	4311255890.1
4413000000.0	3801326279.2	3022033820.8	4312223655.4
4414000000.0	3802075053.3	3022505091.7	4313191416.5
4415000000.0	3802823783.1	3022976296.0	4314159173.4
4416000000.0	3803572468.5	3023447433.8	4315126926.2
4417000000.0	3804321109.7	3023918505.1	4316094674.8
4418000000.0	3805069706.5	3024389509.8	4317062419.2
4419000000.0	3805818258.9	3024860448.1	4318030159.5
4420000000.0	3806566767.1	3025331319.8	4318997895.6
4421000000.0	3807315230.9	3025802125.1	4319965627.6
4422000000.0	3808063650.4	3026272863.9	4320933355.4
4423000000.0	3808812025.7	3026743536.3	4321901079.0
4424000000.0	3809560356.6	3027214142.2	4322868798.4
4425000000.0	3810308643.2	3027684681.7	4323836513.7
4426000000.0	3811056885.5	3028155154.8	4324804224.9
4427000000.0	3811805083.5	3028625561.5	4325771931.9
4428000000.0	3812553237.3	3029095901.8	4326739634.7
4429000000.0	3813301346.7	3029566175.8	4327707333.3
4430000000.0	3814049411.9	3030036383.4	4328675027.8
4431000000.0	3814797432.8	3030506524.7	4329642718.1
4432000000.0	3815545409.4	3030976599.7	4330610404.3
4433000000.0	3816293341.8	3031446608.3	4331578086.3
4434000000.0	3817041229.9	3031916550.7	4332545764.1
4435000000.0	3817789073.7	3032386426.7	4333513437.8
4436000000.0	3818536873.3	3032856236.6	4334481107.3
4437000000.0	3819284628.6	3033325980.1	4335448772.6
4438000000.0	3820032339.7	3033795657.4	4336416433.8
4439000000.0	3820780006.6	3034265268.5	4337384090.8
4440000000.0	3821527629.2	3034734813.4	4338351743.7
4441000000.0	3822275207.5	3035204292.1	4339319392.4
4442000000.0	3823022741.6	3035673704.7	4340287036.9
4443000000.0	3823770231.5	3036143051.0	4341254677.3
4444000000.0	3824517677.2	3036612331.2	4342222313.5
4445000000.0	3825265078.7	3037081545.3	4343189945.5
4446000000.0	3826012435.9	3037550693.2	4344157573.4
4447000000.0	3826759748.9	3038019775.0	4345125197.2
4448000000.0	3827507017.7	3038488790.7	4346092816.7
4449000000.0	3828254242.3	3038957740.4	4347060432.1
4450000000.0	3829001422.7	3039426623.9	4348028043.3
4451000000.0	3829748559.0	3039895441.5	4348995650.4
4452000000.0	3830495651.0	3040364192.9	4349963253.3
4453000000.0	3831242698.8	3040832878.4	4350930852.1
4454000000.0	3831989702.4	3041301497.8	4351898446.7
4455000000.0	3832736661.9	3041770051.2	4352866037.1
4456000000.0	3833483577.2	3042238538.7	4353833623.3
4457000000.0	3834230448.3	3042706960.1	4354801205.4
4458000000.0	3834977275.2	3043175315.7	4355768783.4
4459000000.0	3835724058.0	3043643605.2	4356736357.2
4460000000.0	3836470796.6	3044111828.9	4357703926.8
4461000000.0	3837217491.1	3044579986.6	4358671492.2
4462000000.0	3837964141.4	3045048078.4	4359639053.5
4463000000.0	3838710747.5	3045516104.4	4360606610.6
4464000000.0	3839457309.5	3045984064.4	4361574163.6
4465000000.0	3840203827.4	3046451958.6	4362541712.4
4466000000.0	3840950301.1	3046919787.0	4363509257.1
4467000000.0	3841696730.7	3047387549.5	4364476797.5
4468000000.0	3842443116.1	3047855246.2	4365444333.9
4469000000.0	3843189457.5	3048322877.1	4366411866.0
4470000000.0	3843935754.7	3048790442.2	4367379394.0
4471000000.0	3844682007.8	3049257941.6	4368346917.8
4472000000.0	3845428216.7	3049725375.1	4369314437.5
4473000000.0	3846174381.6	3050192742.9	4370281953.0
4474000000.0	3846920502.3	3050660045.0	4371249464.4
4475000000.0	3847666579.0	3051127281.4	4372216971.6
4476000000.0	3848412611.6	3051594452.0	4373184474.6
4477000000.0	3849158600.0	3052061557.0	4374151973.5
4478000000.0	3849904544.4	3052528596.3	4375119468.2
4479000000.0	3850650444.6	3052995569.9	4376086958.7
4480000000.0	3851396300.8	3053462477.9	4377054445.1
4481000000.0	3852142113.0	3053929320.2	4378021927.3
4482000000.0	3852887881.0	3054396096.9	4378989405.4
4483000000.0	3853633605.0	3054862808.0	4379956879.3
4484000000.0	3854379284.9	3055329453.5	4380924349.0
4485000000.0	3855124920.7	3055796033.4	4381891814.6
4486000000.0	3855870512.5	3056262547.7	4382859276.0
4487000000.0	3856616060.2	3056728996.5	4383826733.2
4488000000.0	3857361563.8	3057195379.7	4384794186.3
4489000000.0	3858107023.5	3057661697.5	4385761635.2
4490000000.0	3858852439.0	3058127949.7	4386729080.0
4491000000.0	3859597810.6	3058594136.4	4387696520.6
4492000000.0	3860343138.0	3059060257.6	4388663957.1
4493000000.0	3861088421.5	3059526313.3	4389631389.4
4494000000.0	3861833660.9	3059992303.6	4390598817.5
4495000000.0	3862578856.3	3060458228.5	4391566241.4
4496000000.0	3863324007.7	3060924087.9	4392533661.2
4497000000.0	3864069115.1	3061389881.9	4393501076.9
4498000000.0	3864814178.4	3061855610.5	4394468488.4
4499000000.0	3865559197.8	3062321273.7	4395435895.7
4500000000.0	3866304173.1	3062786871.5	4396403298.8
4501000000.0	3867049104.5	3063252403.9	4397370697.8
4502000000.0	3867793991.8	3063717871.1	4398338092.7
4503000000.0	3868538835.2	3064183272.8	4399305483.4
4504000000.0	3869283634.5	3064648609.3	4400272869.9
4505000000.0	3870028389.9	3065113880.4	4401240252.2
4506000000.0	3870773101.3	3065579086.3	4402207630.4
4507000000.0	3871517768.7	3066044226.9	4403175004.5
4508000000.0	3872262392.1	3066509302.2	4404142374.3
4509000000.0	3873006971.6	3066974312.2	4405109740.0
4510000000.0	3873751507.1	3067439257.1	4406077101.6
4511000000.0	3874495998.6	3067904136.7	4407044459.0
4512000000.0	3875240446.2	3068368951.1	4408011812.2
4513000000.0	3875984849.8	3068833700.2	4408979161.3
4514000000.0	3876729209.5	3069298384.2	4409946506.2
4515000000.0	3877473525.2	3069763003.1	4410913846.9
4516000000.0	3878217797.0	3070227556.8	4411881183.5
4517000000.0	3878962024.8	3070692045.3	4412848516.0
4518000000.0	3879706208.7	3071156468.7	4413815844.2
4519000000.0	3880450348.7	3071620827.0	4414783168.3
4520000000.0	3881194444.7	3072085120.2	4415750488.3
4521000000.0	3881938496.8	3072549348.3	4416717804.1
4522000000.0	3882682505.0	3073013511.3	4417685115.7
4523000000.0	3883426469.3	3073477609.3	4418652423.2
4524000000.0	3884170389.7	3073941642.2	4419619726.5
4525000000.0	3884914266.1	3074405610.1	4420587025.6
4526000000.0	3885658098.7	3074869513.0	4421554320.6
4527000000.0	3886401887.4	3075333350.9	4422521611.4
4528000000.0	3887145632.1	3075797123.8	4423488898.1
4529000000.0	3887889333.0	3076260831.7	4424456180.6
4530000000.0	3888632990.0	3076724474.6	4425423459.0
4531000000.0	3889376603.1	3077188052.6	4426390733.2
4532000000.0	3890120172.3	3077651565.6	4427358003.2
4533000000.0	3890863697.6	3078115013.7	4428325269.0
4534000000.0	3891607179.1	3078578397.0	4429292530.8
4535000000.0	3892350616.7	3079041715.3	4430259788.3
4536000000.0	3893094010.4	3079504968.7	4431227041.7
4537000000.0	3893837360.3	3079968157.3	4432194290.9
4538000000.0	3894580666.3	3080431281.0	4433161536.0
4539000000.0	3895323928.4	3080894339.9	4434128776.9
4540000000.0	3896067146.7	3081357333.9	4435096013.6
4541000000.0	3896810321.2	3081820263.1	4436063246.2
4542000000.0	3897553451.8	3082283127.5	4437030474.7
4543000000.0	3898296538.6	3082745927.2	4437997698.9
4544000000.0	3899039581.5	3083208662.1	4438964919.0
4545000000.0	3899782580.6	3083671332.2	4439932135.0
4546000000.0	3900525535.9	3084133937.5	4440899346.8
4547000000.0	3901268447.4	3084596478.1	4441866554.4
4548000000.0	3902011315.0	3085058954.1	4442833757.9
4549000000.0	3902754138.9	3085521365.3	4443800957.2
4550000000.0	3903496918.9	3085983711.8	4444768152.3
4551000000.0	3904239655.1	3086445993.6	4445735343.3
4552000000.0	3904982347.5	3086908210.8	4446702530.2
4553000000.0	3905724996.1	3087370363.3	4447669712.8
4554000000.0	3906467600.9	3087832451.2	4448636891.4
4555000000.0	3907210161.9	3088294474.4	4449604065.7
4556000000.0	3907952679.2	3088756433.1	4450571235.9
4557000000.0	3908695152.6	3089218327.1	4451538402.0
4558000000.0	3909437582.3	3089680156.6	4452505563.8
4559000000.0	3910179968.2	3090141921.5	4453472721.6
4560000000.0	3910922310.3	3090603621.8	4454439875.1
4561000000.0	3911664608.6	3091065257.6	4455407024.5
4562000000.0	3912406863.2	3091526828.9	4456374169.8
4563000000.0	3913149074.0	3091988335.6	4457341310.8
4564000000.0	3913891241.1	3092449777.8	4458308447.8
4565000000.0	3914633364.4	3092911155.6	4459275580.5
4566000000.0	3915375444.0	3093372468.9	4460242709.1
4567000000.0	3916117479.8	3093833717.7	4461209833.6
4568000000.0	3916859471.9	3094294902.1	4462176953.9
4569000000.0	3917601420.2	3094756022.0	4463144070.0
4570000000.0	3918343324.8	3095217077.5	4464111182.0
4571000000.0	3919085185.7	3095678068.6	4465078289.8
4572000000.0	3919827002.9	3096138995.4	4466045393.4
4573000000.0	3920568776.3	3096599857.7	4467012492.9
4574000000.0	3921310506.0	3097060655.7	4467979588.3
4575000000.0	3922052192.0	3097521389.3	4468946679.4
4576000000.0	3922793834.3	3097982058.6	4469913766.4
4577000000.0	3923535432.8	3098442663.5	4470880849.3
4578000000.0	3924276987.7	3098903204.1	4471847928.0
4579000000.0	3925018498.9	3099363680.5	4472815002.5
4580000000.0	3925759966.4	3099824092.5	4473782072.9
4581000000.0	3926501390.2	3100284440.3	4474749139.2
4582000000.0	3927242770.3	3100744723.8	4475716201.2
4583000000.0	3927984106.7	3101204943.1	4476683259.1
4584000000.0	3928725399.4	3101665098.1	4477650312.9
4585000000.0	3929466648.5	3102125188.9	4478617362.5
4586000000.0	3930207853.9	3102585215.6	4479584407.9
4587000000.0	3930949015.6	3103045178.0	4480551449.2
4588000000.0	3931690133.6	3103505076.2	4481518486.3
4589000000.0	3932431208.0	3103964910.3	4482485519.2
4590000000.0	3933172238.8	3104424680.2	4483452548.0
4591000000.0	3933913225.9	3104884386.0	4484419572.7
4592000000.0	3934654169.3	3105344027.7	4485386593.2
4593000000.0	3935395069.1	3105803605.2	4486353609.5
4594000000.0	3936135925.2	3106263118.7	4487320621.7
4595000000.0	3936876737.8	3106722568.1	4488287629.7
4596000000.0	3937617506.6	3107181953.4	4489254633.5
4597000000.0	3938358231.9	3107641274.6	4490221633.2
4598000000.0	3939098913.5	3108100531.8	4491188628.7
4599000000.0	3939839551.5	3108559725.0	4492155620.1
4600000000.0	3940580145.9	3109018854.1	4493122607.3
4601000000.0	3941320696.7	3109477919.3	4494089590.4
4602000000.0	3942061203.8	3109936920.4	4495056569.3
4603000000.0	3942801667.4	3110395857.6	4496023544.0
4604000000.0	3943542087.4	3110854730.8	4496990514.6
4605000000.0	3944282463.7	3111313540.1	4497957481.0
4606000000.0	3945022796.5	3111772285.4	4498924443.3
4607000000.0	3945763085.6	3112230966.8	4499891401.4
4608000000.0	3946503331.2	3112689584.3	4500858355.4
4609000000.0	3947243533.2	3113148137.9	4501825305.2
4610000000.0	3947983691.6	3113606627.6	4502792250.8
4611000000.0	3948723806.5	3114065053.4	4503759192.3
4612000000.0	3949463877.7	3114523415.4	4504726129.6
4613000000.0	3950203905.4	3114981713.5	4505693062.8
4614000000.0	3950943889.6	3115439947.8	4506659991.8
4615000000.0	3951683830.2	3115898118.3	4507626916.6
4616000000.0	3952423727.2	3116356225.0	4508593837.3
4617000000.0	3953163580.6	3116814267.9	4509560753.9
4618000000.0	3953903390.6	3117272247.0	4510527666.2
4619000000.0	3954643156.9	3117730162.4	4511494574.5
4620000000.0	3955382879.8	3118188014.0	4512461478.5
4621000000.0	3956122559.1	3118645801.9	4513428378.4
4622000000.0	3956862194.8	3119103526.0	4514395274.2
4623000000.0	3957601787.1	3119561186.4	4515362165.8
4624000000.0	3958341335.8	3120018783.2	4516329053.2
4625000000.0	3959080841.0	3120476316.2	4517295936.5
4626000000.0	3959820302.6	3120933785.6	4518262815.6
4627000000.0	3960559720.8	3121391191.3	4519229690.5
4628000000.0	3961299095.4	3121848533.4	4520196561.3
4629000000.0	3962038426.6	3122305811.9	4521163428.0
4630000000.0	3962777714.2	3122763026.7	4522130290.5
4631000000.0	3963516958.3	3123220177.9	4523097148.8
4632000000.0	3964256159.0	3123677265.6	4524064003.0
4633000000.0	3964995316.1	3124134289.6	4525030853.0
4634000000.0	3965734429.8	3124591250.1	4525997698.9
4635000000.0	3966473500.0	3125048147.0	4526964540.6
4636000000.0	3967212526.7	3125504980.5	4527931378.1
4637000000.0	3967951509.9	3125961750.3	4528898211.5
4638000000.0	3968690449.7	3126418456.7	4529865040.7
4639000000.0	3969429345.9	3126875099.6	4530831865.8
4640000000.0	3970168198.8	3127331679.0	4531798686.7
4641000000.0	3970907008.1	3127788194.9	4532765503.5
4642000000.0	3971645774.0	3128244647.3	4533732316.1
4643000000.0	3972384496.5	3128701036.3	4534699124.5
4644000000.0	3973123175.5	3129157361.9	4535665928.8
4645000000.0	3973861811.0	3129613624.1	4536632729.0
4646000000.0	3974600403.1	3130069822.8	4537599524.9
4647000000.0	3975338951.8	3130525958.2	4538566316.8
4648000000.0	3976077457.1	3130982030.2	4539533104.4
4649000000.0	3976815918.9	3131438038.8	4540499887.9
4650000000.0	3977554337.3	3131893984.1	4541466667.3
4651000000.0	3978292712.2	3132349866.0	4542433442.5
4652000000.0	3979031043.8	3132805684.6	4543400213.5
4653000000.0	3979769331.9	3133261439.9	4544366980.4
4654000000.0	3980507576.6	3133717131.9	4545333743.1
4655000000.0	3981245777.9	3134172760.6	4546300501.7
4656000000.0	3981983935.9	3134628326.0	4547267256.1
4657000000.0	3982722050.4	3135083828.2	4548234006.3
4658000000.0	3983460121.5	3135539267.1	4549200752.4
4659000000.0	3984198149.2	3135994642.8	4550167494.4
4660000000.0	3984936133.6	3136449955.3	4551134232.2
4661000000.0	3985674074.5	3136905204.5	4552100965.8
4662000000.0	3986411972.1	3137360390.6	4553067695.3
4663000000.0	3987149826.3	3137815513.5	4554034420.6
4664000000.0	3987887637.1	3138270573.2	4555001141.7
4665000000.0	3988625404.6	3138725569.8	4555967858.7
4666000000.0	3989363128.7	3139180503.2	4556934571.6
4667000000.0	3990100809.4	3139635373.5	4557901280.3
4668000000.0	3990838446.8	3140090180.7	4558867984.8
4669000000.0	3991576040.8	3140544924.7	4559834685.2
4670000000.0	3992313591.5	3140999605.7	4560801381.4
4671000000.0	3993051098.8	3141454223.6	4561768073.5
4672000000.0	3993788562.8	3141908778.5	4562734761.4
4673000000.0	3994525983.4	3142363270.3	4563701445.2
4674000000.0	3995263360.8	3142817699.0	4564668124.8
4675000000.0	3996000694.7	3143272064.8	4565634800.2
4676000000.0	3996737985.4	3143726367.5	4566601471.5
4677000000.0	3997475232.7	3144180607.2	4567568138.6
4678000000.0	3998212436.7	3144634784.0	4568534801.6
4679000000.0	3998949597.4	3145088897.7	4569501460.4
4680000000.0	3999686714.8	3145542948.6	4570468115.1
4681000000.0	4000423788.9	3145996936.4	4571434765.6
4682000000.0	4001160819.7	3146450861.4	4572401411.9
4683000000.0	4001897807.2	3146904723.4	4573368054.1
4684000000.0	4002634751.4	3147358522.5	4574334692.2
4685000000.0	4003371652.2	3147812258.7	4575301326.1
4686000000.0	4004108509.8	3148265932.1	4576267955.8
4687000000.0	4004845324.2	3148719542.5	4577234581.4
4688000000.0	4005582095.2	3149173090.2	4578201202.8
4689000000.0	4006318823.0	3149626575.0	4579167820.0
4690000000.0	4007055507.5	3150079996.9	4580134433.2
4691000000.0	4007792148.7	3150533356.1	4581101042.1
4692000000.0	4008528746.6	3150986652.4	4582067646.9
4693000000.0	4009265301.3	3151439885.9	4583034247.5
4694000000.0	4010001812.7	3151893056.7	4584000844.0
4695000000.0	4010738280.9	3152346164.7	4584967436.4
4696000000.0	4011474705.9	3152799210.0	4585934024.5
4697000000.0	4012211087.5	3153252192.5	4586900608.6
4698000000.0	4012947426.0	3153705112.4	4587867188.4
4699000000.0	4013683721.2	3154157969.5	4588833764.1
4700000000.0	4014419973.1	3154610763.9	4589800335.7
4701000000.0	4015156181.9	3155063495.6	4590766903.1
4702000000.0	4015892347.4	3155516164.6	4591733466.3
4703000000.0	4016628469.7	3155968771.0	4592700025.4
4704000000.0	4017364548.7	3156421314.8	4593666580.3
4705000000.0	4018100584.6	3156873795.9	4594633131.1
4706000000.0	4018836577.2	3157326214.4	4595599677.7
4707000000.0	4019572526.7	3157778570.3	4596566220.2
4708000000.0	4020308432.9	3158230863.6	4597532758.5
4709000000.0	4021044295.9	3158683094.3	4598499292.7
4710000000.0	4021780115.7	3159135262.4	4599465822.7
4711000000.0	4022515892.4	3159587368.0	4600432348.5
4712000000.0	4023251625.8	3160039411.1	4601398870.2
4713000000.0	4023987316.1	3160491391.6	4602365387.8
4714000000.0	4024722963.1	3160943309.7	4603331901.1
4715000000.0	4025458567.0	3161395165.2	4604298410.4
4716000000.0	4026194127.8	3161846958.2	4605264915.4
4717000000.0	4026929645.3	3162298688.7	4606231416.4
4718000000.0	4027665119.7	3162750356.8	4607197913.1
4719000000.0	4028400550.9	3163201962.5	4608164405.7
4720000000.0	4029135939.0	3163653505.7	4609130894.2
4721000000.0	4029871283.9	3164104986.4	4610097378.5
4722000000.0	4030606585.7	3164556404.8	4611063858.6
4723000000.0	4031341844.3	3165007760.8	4612030334.6
4724000000.0	4032077059.8	3165459054.4	4612996806.5
4725000000.0	4032812232.1	3165910285.6	4613963274.1
4726000000.0	4033547361.3	3166361454.4	4614929737.7
4727000000.0	4034282447.3	3166812560.9	4615896197.0
4728000000.0	4035017490.3	3167263605.1	4616862652.2
4729000000.0	4035752490.1	3167714587.0	4617829103.3
4730000000.0	4036487446.8	3168165506.5	4618795550.2
4731000000.0	4037222360.3	3168616363.8	4619761993.0
4732000000.0	4037957230.8	3169067158.7	4620728431.6
4733000000.0	4038692058.1	3169517891.4	4621694866.0
4734000000.0	4039426842.4	3169968561.9	4622661296.3
4735000000.0	4040161583.5	3170419170.1	4623627722.4
4736000000.0	4040896281.6	3170869716.0	4624594144.4
4737000000.0	4041630936.5	3171320199.8	4625560562.3
4738000000.0	4042365548.4	3171770621.3	4626526975.9
4739000000.0	4043100117.1	3172220980.7	4627493385.5
4740000000.0	4043834642.8	3172671277.9	4628459790.8
4741000000.0	4044569125.4	3173121512.9	4629426192.0
4742000000.0	4045303565.0	3173571685.8	4630392589.1
4743000000.0	4046037961.4	3174021796.5	4631358982.0
4744000000.0	4046772314.8	3174471845.1	4632325370.7
4745000000.0	4047506625.2	3174921831.5	4633291755.3
4746000000.0	4048240892.4	3175371755.9	4634258135.8
4747000000.0	4048975116.6	3175821618.2	4635224512.1
4748000000.0	4049709297.8	3176271418.4	4636190884.2
4749000000.0	4050443435.9	3176721156.6	4637157252.2
4750000000.0	4051177531.0	3177170832.7	4638123616.0
4751000000.0	4051911583.0	3177620446.8	4639089975.7
4752000000.0	4052645592.0	3178069998.8	4640056331.2
4753000000.0	4053379557.9	3178519488.8	4641022682.6
4754000000.0	4054113480.9	3178968916.9	4641989029.8
4755000000.0	4054847360.8	3179418282.9	4642955372.8
4756000000.0	4055581197.6	3179867587.0	4643921711.7
4757000000.0	4056314991.5	3180316829.1	4644888046.5
4758000000.0	4057048742.3	3180766009.3	4645854377.1
4759000000.0	4057782450.2	3181215127.5	4646820703.5
4760000000.0	4058516115.0	3181664183.8	4647787025.8
4761000000.0	4059249736.8	3182113178.2	4648753343.9
4762000000.0	4059983315.6	3182562110.7	4649719657.9
4763000000.0	4060716851.4	3183010981.3	4650685967.8
4764000000.0	4061450344.3	3183459790.1	4651652273.4
4765000000.0	4062183794.1	3183908537.0	4652618575.0
4766000000.0	4062917201.0	3184357222.0	4653584872.3
4767000000.0	4063650564.9	3184805845.2	4654551165.5
4768000000.0	4064383885.8	3185254406.6	4655517454.6
4769000000.0	4065117163.7	3185702906.2	4656483739.5
4770000000.0	4065850398.6	3186151344.0	4657450020.3
4771000000.0	4066583590.6	3186599720.1	4658416296.9
4772000000.0	4067316739.7	3187048034.3	4659382569.3
4773000000.0	4068049845.7	3187496286.8	4660348837.6
4774000000.0	4068782908.9	3187944477.6	4661315101.7
4775000000.0	4069515929.0	3188392606.6	4662281361.7
4776000000.0	4070248906.2	3188840673.9	4663247617.6
4777000000.0	4070981840.5	3189288679.5	4664213869.3
4778000000.0	4071714731.9	3189736623.4	4665180116.8
4779000000.0	4072447580.3	3190184505.6	4666146360.2
4780000000.0	4073180385.7	3190632326.2	4667112599.4
4781000000.0	4073913148.3	3191080085.1	4668078834.4
4782000000.0	4074645867.9	3191527782.4	4669045065.4
4783000000.0	4075378544.6	3191975418.0	4670011292.1
4784000000.0	4076111178.4	3192422992.1	4670977514.7
4785000000.0	4076843769.2	3192870504.5	4671943733.2
4786000000.0	4077576317.2	3193317955.3	4672909947.5
4787000000.0	4078308822.3	3193765344.6	4673876157.7
4788000000.0	4079041284.4	3194212672.3	4674842363.7
4789000000.0	4079773703.7	3194659938.4	4675808565.5
4790000000.0	4080506080.0	3195107143.0	4676774763.2
4791000000.0	4081238413.5	3195554286.1	4677740956.7
4792000000.0	4081970704.1	3196001367.7	4678707146.1
4793000000.0	4082702951.8	3196448387.7	4679673331.4
4794000000.0	4083435156.6	3196895346.3	4680639512.4
4795000000.0	4084167318.6	3197342243.4	4681605689.4
4796000000.0	4084899437.6	3197789079.1	4682571862.2
4797000000.0	4085631513.9	3198235853.2	4683538030.8
4798000000.0	4086363547.2	3198682566.0	4684504195.3
4799000000.0	4087095537.7	3199129217.3	4685470355.6
4800000000.0	4087827485.3	3199575807.2	4686436511.7
4801000000.0	4088559390.1	3200022335.8	4687402663.8
4802000000.0	4089291252.0	3200468802.9	4688368811.6
4803000000.0	4090023071.1	3200915208.7	4689334955.3
4804000000.0	4090754847.3	3201361553.0	4690301094.9
4805000000.0	4091486580.7	3201807836.1	4691267230.3
4806000000.0	4092218271.3	3202254057.8	4692233361.6
4807000000.0	4092949919.1	3202700218.2	4693199488.7
4808000000.0	4093681524.0	3203146317.3	4694165611.6
4809000000.0	4094413086.1	3203592355.1	4695131730.4
4810000000.0	4095144605.3	3204038331.5	4696097845.0
4811000000.0	4095876081.8	3204484246.8	4697063955.5
4812000000.0	4096607515.4	3204930100.7	4698030061.9
4813000000.0	4097338906.3	3205375893.4	4698996164.1
4814000000.0	4098070254.3	3205821624.9	4699962262.1
4815000000.0	4098801559.6	3206267295.2	4700928356.0
4816000000.0	4099532822.0	3206712904.2	4701894445.7
4817000000.0	4100264041.6	3207158452.1	4702860531.3
4818000000.0	4100995218.5	3207603938.8	4703826612.7
4819000000.0	4101726352.6	3208049364.2	4704792690.0
4820000000.0	4102457443.9	3208494728.6	4705758763.1
4821000000.0	4103188492.4	3208940031.8	4706724832.1
4822000000.0	4103919498.1	3209385273.8	4707690896.9
4823000000.0	4104650461.1	3209830454.8	4708656957.6
4824000000.0	4105381381.3	3210275574.6	4709623014.1
4825000000.0	4106112258.7	3210720633.3	4710589066.5
4826000000.0	4106843093.4	3211165631.0	4711555114.7
4827000000.0	4107573885.4	3211610567.5	4712521158.8
4828000000.0	4108304634.5	3212055443.1	4713487198.7
4829000000.0	4109035341.0	3212500257.5	4714453234.4
4830000000.0	4109766004.7	3212945011.0	4715419266.0
4831000000.0	4110496625.6	3213389703.4	4716385293.5
4832000000.0	4111227203.8	3213834334.8	4717351316.8
4833000000.0	4111957739.3	3214278905.2	4718317335.9
4834000000.0	4112688232.0	3214723414.6	4719283350.9
4835000000.0	4113418682.1	3215167863.1	4720249361.8
4836000000.0	4114149089.4	3215612250.6	4721215368.5
4837000000.0	4114879454.0	3216056577.1	4722181371.0
4838000000.0	4115609775.8	3216500842.8	4723147369.4
4839000000.0	4116340055.0	3216945047.5	4724113363.7
4840000000.0	4117070291.5	3217389191.3	4725079353.8
4841000000.0	4117800485.2	3217833274.2	4726045339.7
4842000000.0	4118530636.3	3218277296.2	4727011321.5
4843000000.0	4119260744.6	3218721257.3	4727977299.1
4844000000.0	4119990810.3	3219165157.6	4728943272.6
4845000000.0	4120720833.3	3219608997.1	4729909242.0
4846000000.0	4121450813.6	3220052775.7	4730875207.1
4847000000.0	4122180751.2	3220496493.5	4731841168.2
4848000000.0	4122910646.1	3220940150.5	4732807125.1
4849000000.0	4123640498.4	3221383746.6	4733773077.8
4850000000.0	4124370308.0	3221827282.1	4734739026.4
4851000000.0	4125100075.0	3222270756.7	4735704970.8
4852000000.0	4125829799.2	3222714170.6	4736670911.1
4853000000.0	4126559480.9	3223157523.7	4737636847.2
4854000000.0	4127289119.8	3223600816.1	4738602779.2
4855000000.0	4128018716.1	3224044047.8	4739568707.0
4856000000.0	4128748269.8	3224487218.8	4740534630.7
4857000000.0	4129477780.8	3224930329.0	4741500550.2
4858000000.0	4130207249.2	3225373378.6	4742466465.6
4859000000.0	4130936675.0	3225816367.6	4743432376.8
4860000000.0	4131666058.1	3226259295.8	4744398283.9
4861000000.0	4132395398.6	3226702163.4	4745364186.8
4862000000.0	4133124696.5	3227144970.4	4746330085.5
4863000000.0	4133853951.7	3227587716.8	4747295980.2
4864000000.0	4134583164.3	3228030402.6	4748261870.6
4865000000.0	4135312334.4	3228473027.7	4749227756.9
4866000000.0	4136041461.8	3228915592.3	4750193639.1
4867000000.0	4136770546.6	3229358096.3	4751159517.1
4868000000.0	4137499588.8	3229800539.8	4752125391.0
4869000000.0	4138228588.4	3230242922.7	4753091260.7
4870000000.0	4138957545.4	3230685245.1	4754057126.3
4871000000.0	4139686459.8	3231127506.9	4755022987.7
4872000000.0	4140415331.7	3231569708.3	4755988844.9
4873000000.0	4141144160.9	3232011849.1	4756954698.1
4874000000.0	4141872947.6	3232453929.5	4757920547.0
4875000000.0	4142601691.7	3232895949.4	4758886391.8
4876000000.0	4143330393.2	3233337908.8	4759852232.5
4877000000.0	4144059052.2	3233779807.8	4760818069.0
4878000000.0	4144787668.6	3234221646.3	4761783901.4
4879000000.0	4145516242.4	3234663424.5	4762749729.6
4880000000.0	4146244773.7	3235105142.2	4763715553.6
4881000000.0	4146973262.4	3235546799.5	4764681373.5
4882000000.0	4147701708.6	3235988396.5	4765647189.3
4883000000.0	4148430112.2	3236429933.0	4766613000.9
4884000000.0	4149158473.3	3236871409.3	4767578808.4
4885000000.0	4149886791.9	3237312825.1	4768544611.7
4886000000.0	4150615067.9	3237754180.6	4769510410.8
4887000000.0	4151343301.4	3238195475.9	4770476205.9
4888000000.0	4152071492.4	3238636710.8	4771441996.7
4889000000.0	4152799640.8	3239077885.3	4772407783.4
4890000000.0	4153527746.7	3239518999.7	4773373566.0
4891000000.0	4154255810.1	3239960053.7	4774339344.4
4892000000.0	4154983831.0	3240401047.5	4775305118.6
4893000000.0	4155711809.4	3240841981.0	4776270888.8
4894000000.0	4156439745.3	3241282854.3	4777236654.7
4895000000.0	4157167638.6	3241723667.4	4778202416.5
4896000000.0	4157895489.5	3242164420.2	4779168174.2
4897000000.0	4158623297.9	3242605112.9	4780133927.7
4898000000.0	4159351063.8	3243045745.4	4781099677.1
4899000000.0	4160078787.2	3243486317.7	4782065422.3
4900000000.0	4160806468.2	3243926829.8	4783031163.3
4901000000.0	4161534106.6	3244367281.8	4783996900.2
4902000000.0	4162261702.6	3244807673.7	4784962633.0
4903000000.0	4162989256.1	3245248005.4	4785928361.6
4904000000.0	4163716767.1	3245688277.0	4786894086.1
4905000000.0	4164444235.7	3246128488.5	4787859806.4
4906000000.0	4165171661.8	3246568639.9	4788825522.5
4907000000.0	4165899045.5	3247008731.3	4789791234.6
4908000000.0	4166626386.7	3247448762.6	4790756942.4
4909000000.0	4167353685.4	3247888733.8	4791722646.1
4910000000.0	4168080941.8	3248328645.0	4792688345.7
4911000000.0	4168808155.6	3248768496.2	4793654041.1
4912000000.0	4169535327.1	3249208287.4	4794619732.4
4913000000.0	4170262456.1	3249648018.5	4795585419.5
4914000000.0	4170989542.6	3250087689.7	4796551102.5
4915000000.0	4171716586.8	3250527300.9	4797516781.3
4916000000.0	4172443588.5	3250966852.1	4798482456.0
4917000000.0	4173170547.8	3251406343.4	4799448126.5
4918000000.0	4173897464.7	3251845774.7	4800413792.9
4919000000.0	4174624339.2	3252285146.1	4801379455.1
4920000000.0	4175351171.2	3252724457.6	4802345113.1
4921000000.0	4176077960.9	3253163709.1	4803310767.1
4922000000.0	4176804708.2	3253602900.8	4804276416.8
4923000000.0	4177531413.0	3254042032.6	4805242062.5
4924000000.0	4178258075.5	3254481104.6	4806207703.9
4925000000.0	4178984695.6	3254920116.7	4807173341.3
4926000000.0	4179711273.3	3255359068.9	4808138974.5
4927000000.0	4180437808.6	3255797961.3	4809104603.5
4928000000.0	4181164301.5	3256236793.9	4810070228.4
4929000000.0	4181890752.1	3256675566.7	4811035849.1
4930000000.0	4182617160.3	3257114279.7	4812001465.7
4931000000.0	4183343526.1	3257552933.0	4812967078.1
4932000000.0	4184069849.6	3257991526.4	4813932686.4
4933000000.0	4184796130.7	3258430060.1	4814898290.5
4934000000.0	4185522369.5	3258868534.0	4815863890.5
4935000000.0	4186248565.8	3259306948.3	4816829486.4
4936000000.0	4186974719.9	3259745302.7	4817795078.0
4937000000.0	4187700831.6	3260183597.5	4818760665.6
4938000000.0	4188426901.0	3260621832.6	4819726249.0
4939000000.0	4189152928.0	3261060008.0	4820691828.2
4940000000.0	4189878912.7	3261498123.8	4821657403.3
4941000000.0	4190604855.0	3261936179.8	4822622974.3
4942000000.0	4191330755.1	3262374176.3	4823588541.1
4943000000.0	4192056612.8	3262812113.1	4824554103.7
4944000000.0	4192782428.2	3263249990.2	4825519662.2
4945000000.0	4193508201.3	3263687807.8	4826485216.6
4946000000.0	4194233932.0	3264125565.8	4827450766.8
4947000000.0	4194959620.5	3264563264.1	4828416312.8
4948000000.0	4195685266.6	3265000902.9	4829381854.7
4949000000.0	4196410870.5	3265438482.2	4830347392.5
4950000000.0	4197136432.0	3265876001.9	4831312926.1
4951000000.0	4197861951.3	3266313462.0	4832278455.6
4952000000.0	4198587428.3	3266750862.6	4833243980.9
4953000000.0	4199312863.0	3267188203.8	4834209502.1
4954000000.0	4200038255.4	3267625485.4	4835175019.1
4955000000.0	4200763605.5	3268062707.5	4836140531.9
4956000000.0	4201488913.4	3268499870.1	4837106040.7
4957000000.0	4202214179.0	3268936973.3	4838071545.2
4958000000.0	4202939402.3	3269374017.1	4839037045.7
4959000000.0	4203664583.3	3269811001.4	4840002541.9
4960000000.0	4204389722.1	3270247926.2	4840968034.1
4961000000.0	4205114818.7	3270684791.7	4841933522.0
4962000000.0	4205839872.9	3271121597.7	4842899005.9
4963000000.0	4206564885.0	3271558344.4	4843864485.6
4964000000.0	4207289854.8	3271995031.6	4844829961.1
4965000000.0	4208014782.3	3272431659.5	4845795432.5
4966000000.0	4208739667.6	3272868228.1	4846760899.7
4967000000.0	4209464510.7	3273304737.3	4847726362.8
4968000000.0	4210189311.6	3273741187.2	4848691821.8
4969000000.0	4210914070.2	3274177577.7	4849657276.6
4970000000.0	4211638786.6	3274613909.0	4850622727.2
4971000000.0	4212363460.8	3275050180.9	4851588173.7
4972000000.0	4213088092.7	3275486393.6	4852553616.1
4973000000.0	4213812682.5	3275922547.0	4853519054.3
4974000000.0	4214537230.0	3276358641.1	4854484488.4
4975000000.0	4215261735.4	3276794676.0	4855449918.3
4976000000.0	4215986198.5	3277230651.7	4856415344.0
4977000000.0	4216710619.5	3277666568.1	4857380765.6
4978000000.0	4217434998.2	3278102425.3	4858346183.1
4979000000.0	4218159334.8	3278538223.3	4859311596.4
4980000000.0	4218883629.2	3278973962.2	4860277005.6
4981000000.0	4219607881.4	3279409641.9	4861242410.6
4982000000.0	4220332091.4	3279845262.4	4862207811.5
4983000000.0	4221056259.2	3280280823.7	4863173208.2
4984000000.0	4221780384.9	3280716325.9	4864138600.8
4985000000.0	4222504468.4	3281151769.0	4865103989.3
4986000000.0	4223228509.7	3281587153.0	4866069373.6
4987000000.0	4223952508.9	3282022477.9	4867034753.7
4988000000.0	4224676465.9	3282457743.7	4868000129.7
4989000000.0	4225400380.8	3282892950.4	4868965501.5
4990000000.0	4226124253.5	3283328098.0	4869930869.2
4991000000.0	4226848084.1	3283763186.6	4870896232.8
4992000000.0	4227571872.5	3284198216.1	4871861592.2
4993000000.0	4228295618.8	3284633186.6	4872826947.5
4994000000.0	4229019323.0	3285068098.1	4873792298.6
4995000000.0	4229742985.0	3285502950.6	4874757645.5
4996000000.0	4230466604.9	3285937744.1	4875722988.4
4997000000.0	4231190182.7	3286372478.6	4876688327.0
4998000000.0	4231913718.3	3286807154.2	4877653661.6
4999000000.0	4232637211.9	3287241770.8	4878618991.9
5000000000.0	4233360663.3	3287676328.4	4879584318.2
5001000000.0	4234084072.6	3288110827.1	4880549640.3
5002000000.0	4234807439.9	3288545266.9	4881514958.2
5003000000.0	4235530765.0	3288979647.8	4882480272.0
5004000000.0	4236254048.0	3289413969.8	4883445581.6
5005000000.0	4236977288.9	3289848232.9	4884410887.1
5006000000.0	4237700487.8	3290282437.1	4885376188.5
5007000000.0	4238423644.5	3290716582.5	4886341485.7
5008000000.0	4239146759.2	3291150669.0	4887306778.7
5009000000.0	4239869831.8	3291584696.6	4888272067.6
5010000000.0	4240592862.3	3292018665.5	4889237352.4
5011000000.0	4241315850.7	3292452575.5	4890202633.0
5012000000.0	4242038797.1	3292886426.7	4891167909.5
5013000000.0	4242761701.4	3293320219.2	4892133181.8
5014000000.0	4243484563.6	3293753952.8	4893098450.0
5015000000.0	4244207383.8	3294187627.7	4894063714.0
5016000000.0	4244930162.0	3294621243.9	4895028973.9
5017000000.0	4245652898.0	3295054801.3	4895994229.6
5018000000.0	4246375592.1	3295488299.9	4896959481.2
5019000000.0	4247098244.1	3295921739.9	4897924728.7
5020000000.0	4247820854.0	3296355121.1	4898889972.0
5021000000.0	4248543422.0	3296788443.7	4899855211.1
5022000000.0	4249265947.9	3297221707.6	4900820446.1
5023000000.0	4249988431.7	3297654912.7	4901785677.0
5024000000.0	4250710873.6	3298088059.3	4902750903.7
5025000000.0	4251433273.4	3298521147.2	4903716126.3
5026000000.0	4252155631.2	3298954176.4	4904681344.7
5027000000.0	4252877947.0	3299387147.1	4905646559.0
5028000000.0	4253600220.7	3299820059.1	4906611769.1
5029000000.0	4254322452.5	3300252912.5	4907576975.1
5030000000.0	4255044642.3	3300685707.3	4908542176.9
5031000000.0	4255766790.1	3301118443.6	4909507374.6
5032000000.0	4256488895.8	3301551121.3	4910472568.1
5033000000.0	4257210959.6	3301983740.4	4911437757.5
5034000000.0	4257932981.4	3302416301.1	4912402942.8
5035000000.0	4258654961.2	3302848803.1	4913368123.9
5036000000.0	4259376899.1	3303281246.7	4914333300.8
5037000000.0	4260098794.9	3303713631.8	4915298473.7
5038000000.0	4260820648.8	3304145958.3	4916263642.3
5039000000.0	4261542460.7	3304578226.4	4917228806.9
5040000000.0	4262264230.7	3305010436.0	4918193967.2
5041000000.0	4262985958.7	3305442587.2	4919159123.5
5042000000.0	4263707644.7	3305874679.9	4920124275.5
5043000000.0	4264429288.8	3306306714.2	4921089423.5
5044000000.0	4265150890.9	3306738690.0	4922054567.3
5045000000.0	4265872451.1	3307170607.5	4923019706.9
5046000000.0	4266593969.3	3307602466.6	4923984842.4
5047000000.0	4267315445.6	3308034267.2	4924949973.8
5048000000.0	4268036880.0	3308466009.5	4925915101.0
5049000000.0	4268758272.4	3308897693.5	4926880224.1
5050000000.0	4269479622.9	3309329319.0	4927845343.0
5051000000.0	4270200931.5	3309760886.3	4928810457.7
5052000000.0	4270922198.1	3310192395.2	4929775568.4
5053000000.0	4271643422.9	3310623845.8	4930740674.9
5054000000.0	4272364605.7	3311055238.1	4931705777.2
5055000000.0	4273085746.6	3311486572.1	4932670875.4
5056000000.0	4273806845.6	3311917847.9	4933635969.4
5057000000.0	4274527902.7	3312349065.3	4934601059.3
5058000000.0	4275248917.9	3312780224.5	4935566145.1
5059000000.0	4275969891.2	3313211325.5	4936531226.7
5060000000.0	4276690822.6	3313642368.3	4937496304.2
5061000000.0	4277411712.1	3314073352.8	4938461377.5
5062000000.0	4278132559.7	3314504279.1	4939426446.7
5063000000.0	4278853365.5	3314935147.2	4940391511.7
5064000000.0	4279574129.4	3315365957.1	4941356572.6
5065000000.0	4280294851.4	3315796708.9	4942321629.3
5066000000.0	4281015531.5	3316227402.5	4943286681.9
5067000000.0	4281736169.8	3316658037.9	4944251730.4
5068000000.0	4282456766.2	3317088615.2	4945216774.7
5069000000.0	4283177320.7	3317519134.4	4946181814.8
5070000000.0	4283897833.4	3317949595.5	4947146850.8
5071000000.0	4284618304.2	3318379998.4	4948111882.7
5072000000.0	4285338733.2	3318810343.3	4949076910.4
5073000000.0	4286059120.4	3319240630.1	4950041934.0
5074000000.0	4286779465.7	3319670858.9	4951006953.4
5075000000.0	4287499769.1	3320101029.5	4951971968.7
5076000000.0	4288220030.7	3320531142.2	4952936979.9
5077000000.0	4288940250.5	3320961196.8	4953901986.9
5078000000.0	4289660428.5	3321391193.3	4954866989.7
5079000000.0	4290380564.7	3321821131.9	4955831988.4
5080000000.0	4291100659.0	3322251012.5	4956796983.0
5081000000.0	4291820711.5	3322680835.1	4957761973.4
5082000000.0	4292540722.2	3323110599.7	4958726959.7
5083000000.0	4293260691.1	3323540306.4	4959691941.8
5084000000.0	4293980618.2	3323969955.1	4960656919.8
5085000000.0	4294700503.5	3324399545.9	4961621893.7
5086000000.0	4295420346.9	3324829078.7	4962586863.4
5087000000.0	4296140148.6	3325258553.6	4963551828.9
5088000000.0	4296859908.5	3325687970.7	4964516790.3
5089000000.0	4297579626.7	3326117329.8	4965481747.6
5090000000.0	4298299303.0	3326546631.1	4966446700.7
5091000000.0	4299018937.5	3326975874.5	4967411649.7
5092000000.0	4299738530.3	3327405060.0	4968376594.5
5093000000.0	4300458081.3	3327834187.7	4969341535.2
5094000000.0	4301177590.6	3328263257.6	4970306471.7
5095000000.0	4301897058.0	3328692269.6	4971271404.1
5096000000.0	4302616483.7	3329121223.8	4972236332.4
5097000000.0	4303335867.7	3329550120.3	4973201256.5
5098000000.0	4304055209.9	3329978958.9	4974166176.5
5099000000.0	4304774510.3	3330407739.8	4975131092.3
5100000000.0	4305493769.0	3330836462.9	4976096004.0
5101000000.0	4306212986.0	3331265128.3	4977060911.5
5102000000.0	4306932161.2	3331693735.9	4978025814.9
5103000000.0	4307651294.7	3332122285.8	4978990714.1
5104000000.0	4308370386.5	3332550778.0	4979955609.2
5105000000.0	4309089436.5	3332979212.5	4980920500.2
5106000000.0	4309808444.8	3333407589.2	4981885387.0
5107000000.0	4310527411.4	3333835908.4	4982850269.7
5108000000.0	4311246336.2	3334264169.8	4983815148.2
5109000000.0	4311965219.4	3334692373.6	4984780022.6
5110000000.0	4312684060.8	3335120519.7	4985744892.8
5111000000.0	4313402860.5	3335548608.2	4986709758.9
5112000000.0	4314121618.6	3335976639.1	4987674620.9
5113000000.0	4314840334.9	3336404612.4	4988639478.7
5114000000.0	4315559009.5	3336832528.0	4989604332.3
5115000000.0	4316277642.4	3337260386.1	4990569181.8
5116000000.0	4316996233.7	3337688186.6	4991534027.2
5117000000.0	4317714783.3	3338115929.6	4992498868.5
5118000000.0	4318433291.1	3338543615.0	4993463705.5
5119000000.0	4319151757.3	3338971242.8	4994428538.5
5120000000.0	4319870181.9	3339398813.1	4995393367.3
5121000000.0	4320588564.7	3339826325.9	4996358191.9
5122000000.0	4321306905.9	3340253781.2	4997323012.4
5123000000.0	4322025205.5	3340681179.0	4998287828.8
5124000000.0	4322743463.3	3341108519.4	4999252641.0
5125000000.0	4323461679.6	3341535802.2	5000217449.1
5126000000.0	4324179854.1	3341963027.6	5001182253.1
5127000000.0	4324897987.0	3342390195.5	5002147052.9
5128000000.0	4325616078.3	3342817306.0	5003111848.5
5129000000.0	4326334127.9	3343244359.1	5004076640.0
5130000000.0	4327052135.9	3343671354.8	5005041427.4
5131000000.0	4327770102.3	3344098293.1	5006006210.6
5132000000.0	4328488027.0	3344525173.9	5006970989.7
5133000000.0	4329205910.1	3344951997.4	5007935764.6
5134000000.0	4329923751.6	3345378763.6	5008900535.4
5135000000.0	4330641551.4	3345805472.3	5009865302.1
5136000000.0	4331359309.7	3346232123.8	5010830064.6
5137000000.0	4332077026.3	3346658717.9	5011794822.9
5138000000.0	4332794701.3	3347085254.7	5012759577.1
5139000000.0	4333512334.7	3347511734.1	5013724327.2
5140000000.0	4334229926.5	3347938156.3	5014689073.2
5141000000.0	4334947476.7	3348364521.2	5015653814.9
5142000000.0	4335664985.4	3348790828.8	5016618552.6
5143000000.0	4336382452.4	3349217079.1	5017583286.1
5144000000.0	4337099877.8	3349643272.2	5018548015.5
5145000000.0	4337817261.7	3350069408.1	5019512740.7
5146000000.0	4338534604.0	3350495486.7	5020477461.8
5147000000.0	4339251904.7	3350921508.1	5021442178.7
5148000000.0	4339969163.8	3351347472.4	5022406891.5
5149000000.0	4340686381.3	3351773379.4	5023371600.1
5150000000.0	4341403557.3	3352199229.2	5024336304.6
5151000000.0	4342120691.8	3352625021.9	5025301005.0
5152000000.0	4342837784.6	3353050757.4	5026265701.2
5153000000.0	4343554836.0	3353476435.7	5027230393.3
5154000000.0	4344271845.7	3353902056.9	5028195081.2
5155000000.0	4344988813.9	3354327621.0	5029159765.0
5156000000.0	4345705740.6	3354753128.0	5030124444.7
5157000000.0	4346422625.8	3355178577.9	5031089120.2
5158000000.0	4347139469.4	3355603970.7	5032053791.5
5159000000.0	4347856271.4	3356029306.4	5033018458.7
5160000000.0	4348573032.0	3356454585.1	5033983121.8
5161000000.0	4349289751.0	3356879806.6	5034947780.8
5162000000.0	4350006428.5	3357304971.2	5035912435.5
5163000000.0	4350723064.4	3357730078.7	5036877086.2
5164000000.0	4351439658.9	3358155129.2	5037841732.7
5165000000.0	4352156211.8	3358580122.7	5038806375.1
5166000000.0	4352872723.3	3359005059.2	5039771013.3
5167000000.0	4353589193.2	3359429938.7	5040735647.4
5168000000.0	4354305621.6	3359854761.2	5041700277.3
5169000000.0	4355022008.6	3360279526.7	5042664903.1
5170000000.0	4355738354.0	3360704235.4	5043629524.8
5171000000.0	4356454658.0	3361128887.0	5044594142.3
5172000000.0	4357170920.4	3361553481.8	5045558755.6
5173000000.0	4357887141.4	3361978019.6	5046523364.9
5174000000.0	4358603320.9	3362402500.5	5047487970.0
5175000000.0	4359319458.9	3362826924.5	5048452570.9
5176000000.0	4360035555.5	3363251291.6	5049417167.7
5177000000.0	4360751610.6	3363675601.9	5050381760.4
5178000000.0	4361467624.2	3364099855.3	5051346348.9
5179000000.0	4362183596.4	3364524051.8	5052310933.3
5180000000.0	4362899527.1	3364948191.6	5053275513.5
5181000000.0	4363615416.3	3365372274.4	5054240089.6
5182000000.0	4364331264.1	3365796300.5	5055204661.5
5183000000.0	4365047070.5	3366220269.8	5056169229.3
5184000000.0	4365762835.4	3366644182.3	5057133793.0
5185000000.0	4366478558.9	3367068038.0	5058098352.5
5186000000.0	4367194240.9	3367491836.9	5059062907.9
5187000000.0	4367909881.5	3367915579.0	5060027459.1
5188000000.0	4368625480.7	3368339264.5	5060992006.2
5189000000.0	4369341038.5	3368762893.2	5061956549.2
5190000000.0	4370056554.8	3369186465.1	5062921088.0
5191000000.0	4370772029.7	3369609980.4	5063885622.7
5192000000.0	4371487463.2	3370033438.9	5064850153.2
5193000000.0	4372202855.3	3370456840.8	5065814679.6
5194000000.0	4372918206.0	3370880186.0	5066779201.9
5195000000.0	4373633515.3	3371303474.5	5067743720.0
5196000000.0	4374348783.1	3371726706.3	5068708233.9
5197000000.0	4375064009.6	3372149881.6	5069672743.8
5198000000.0	4375779194.7	3372573000.1	5070637249.4
5199000000.0	4376494338.4	3372996062.1	5071601751.0
5200000000.0	4377209440.7	3373419067.4	5072566248.4
5201000000.0	4377924501.7	3373842016.2	5073530741.6
5202000000.0	4378639521.2	3374264908.4	5074495230.8
5203000000.0	4379354499.4	3374687744.0	5075459715.7
5204000000.0	4380069436.2	3375110523.0	5076424196.6
5205000000.0	4380784331.7	3375533245.5	5077388673.3
5206000000.0	4381499185.8	3375955911.4	5078353145.8
5207000000.0	4382213998.5	3376378520.8	5079317614.2
5208000000.0	4382928769.8	3376801073.7	5080282078.5
5209000000.0	4383643499.8	3377223570.0	5081246538.6
5210000000.0	4384358188.5	3377646009.9	5082210994.6
5211000000.0	4385072835.8	3378068393.3	5083175446.5
5212000000.0	4385787441.8	3378490720.2	5084139894.2
5213000000.0	4386502006.4	3378912990.7	5085104337.7
5214000000.0	4387216529.7	3379335204.7	5086068777.1
5215000000.0	4387931011.7	3379757362.3	5087033212.4
5216000000.0	4388645452.3	3380179463.4	5087997643.6
5217000000.0	4389359851.7	3380601508.1	5088962070.6
5218000000.0	4390074209.7	3381023496.4	5089926493.4
5219000000.0	4390788526.3	3381445428.3	5090890912.2
5220000000.0	4391502801.7	3381867303.9	5091855326.7
5221000000.0	4392217035.8	3382289123.1	5092819737.2
5222000000.0	4392931228.5	3382710885.9	5093784143.5
5223000000.0	4393645379.9	3383132592.3	5094748545.6
5224000000.0	4394359490.1	3383554242.4	5095712943.6
5225000000.0	4395073558.9	3383975836.2	5096677337.5
5226000000.0	4395787586.5	3384397373.7	5097641727.2
5227000000.0	4396501572.8	3384818854.9	5098606112.8
5228000000.0	4397215517.8	3385240279.7	5099570494.3
5229000000.0	4397929421.5	3385661648.3	5100534871.6
5230000000.0	4398643283.9	3386082960.7	5101499244.8
5231000000.0	4399357105.0	3386504216.7	5102463613.8
5232000000.0	4400070884.9	3386925416.6	5103427978.7
5233000000.0	4400784623.5	3387346560.1	5104392339.4
5234000000.0	4401498320.9	3387767647.5	5105356696.0
5235000000.0	4402211977.0	3388188678.6	5106321048.5
5236000000.0	4402925591.8	3388609653.6	5107285396.8
5237000000.0	4403639165.4	3389030572.3	5108249741.0
5238000000.0	4404352697.7	3389451434.9	5109214081.1
5239000000.0	4405066188.8	3389872241.3	5110178417.0
5240000000.0	4405779638.7	3390292991.5	5111142748.7
5241000000.0	4406493047.3	3390713685.6	5112107076.4
5242000000.0	4407206414.6	3391134323.6	5113071399.9
5243000000.0	4407919740.8	3391554905.4	5114035719.2
5244000000.0	4408633025.7	3391975431.2	5115000034.4
5245000000.0	4409346269.4	3392395900.8	5115964345.5
5246000000.0	4410059471.8	3392816314.3	5116928652.4
5247000000.0	4410772633.1	3393236671.8	5117892955.2
5248000000.0	4411485753.1	3393656973.2	5118857253.8
5249000000.0	4412198832.0	3394077218.5	5119821548.3
5250000000.0	4412911869.6	3394497407.8	5120785838.7
5251000000.0	4413624866.0	3394917541.0	5121750124.9
5252000000.0	4414337821.2	3395337618.3	5122714407.0
5253000000.0	4415050735.3	3395757639.5	5123678685.0
5254000000.0	4415763608.1	3396177604.7	5124642958.8
5255000000.0	4416476439.7	3396597513.9	5125607228.4
5256000000.0	4417189230.2	3397017367.2	5126571493.9
5257000000.0	4417901979.5	3397437164.5	5127535755.3
5258000000.0	4418614687.6	3397856905.8	5128500012.6
5259000000.0	4419327354.5	3398276591.2	5129464265.7
5260000000.0	4420039980.3	3398696220.6	5130428514.6
5261000000.0	4420752564.9	3399115794.2	5131392759.5
5262000000.0	4421465108.3	3399535311.8	5132357000.2
5263000000.0	4422177610.5	3399954773.5	5133321236.7
5264000000.0	4422890071.7	3400374179.3	5134285469.1
5265000000.0	4423602491.6	3400793529.3	5135249697.4
5266000000.0	4424314870.4	3401212823.3	5136213921.5
5267000000.0	4425027208.1	3401632061.6	5137178141.5
5268000000.0	4425739504.6	3402051244.0	5138142357.3
5269000000.0	4426451760.0	3402470370.5	5139106569.1
5270000000.0	4427163974.2	3402889441.2	5140070776.6
5271000000.0	4427876147.4	3403308456.2	5141034980.1
5272000000.0	4428588279.3	3403727415.3	5141999179.4
5273000000.0	4429300370.2	3404146318.6	5142963374.5
5274000000.0	4430012420.0	3404565166.2	5143927565.5
5275000000.0	4430724428.6	3404983958.0	5144891752.4
5276000000.0	4431436396.1	3405402694.0	5145855935.1
5277000000.0	4432148322.5	3405821374.3	5146820113.7
5278000000.0	4432860207.8	3406239998.9	5147784288.2
5279000000.0	4433572052.0	3406658567.7	5148748458.5
5280000000.0	4434283855.1	3407077080.8	5149712624.7
5281000000.0	4434995617.1	3407495538.3	5150676786.7
5282000000.0	4435707338.0	3407913940.0	5151640944.6
5283000000.0	4436419017.8	3408332286.1	5152605098.4
5284000000.0	4437130656.5	3408750576.5	5153569248.0
5285000000.0	4437842254.2	3409168811.2	5154533393.5
5286000000.0	4438553810.8	3409586990.3	5155497534.8
5287000000.0	4439265326.3	3410005113.8	5156461672.0
5288000000.0	4439976800.7	3410423181.6	5157425805.1
5289000000.0	4440688234.1	3410841193.9	5158389934.0
5290000000.0	4441399626.4	3411259150.5	5159354058.8
5291000000.0	4442110977.6	3411677051.5	5160318179.4
5292000000.0	4442822287.8	3412094897.0	5161282295.9
5293000000.0	4443533556.9	3412512686.9	5162246408.3
5294000000.0	4444244785.0	3412930421.3	5163210516.5
5295000000.0	4444955972.0	3413348100.1	5164174620.6
5296000000.0	4445667118.0	3413765723.4	5165138720.6
5297000000.0	4446378223.0	3414183291.1	5166102816.4
5298000000.0	4447089286.9	3414600803.4	5167066908.1
5299000000.0	4447800309.8	3415018260.1	5168030995.6
5300000000.0	4448511291.6	3415435661.4	5168995079.0
5301000000.0	4449222232.5	3415853007.2	5169959158.3
5302000000.0	4449933132.3	3416270297.5	5170923233.4
5303000000.0	4450643991.1	3416687532.3	5171887304.4
5304000000.0	4451354808.8	3417104711.7	5172851371.2
5305000000.0	4452065585.6	3417521835.7	5173815433.9
5306000000.0	4452776321.4	3417938904.3	5174779492.5
5307000000.0	4453487016.1	3418355917.4	5175743546.9
5308000000.0	4454197669.9	3418772875.2	5176707597.2
5309000000.0	4454908282.7	3419189777.6	5177671643.4
5310000000.0	4455618854.4	3419606624.5	5178635685.4
5311000000.0	4456329385.2	3420023416.2	5179599723.3
5312000000.0	4457039875.0	3420440152.4	5180563757.0
5313000000.0	4457750323.8	3420856833.3	5181527786.6
5314000000.0	4458460731.7	3421273458.9	5182491812.1
5315000000.0	4459171098.5	3421690029.2	5183455833.4
5316000000.0	4459881424.4	3422106544.1	5184419850.6
5317000000.0	4460591709.3	3422523003.8	5185383863.6
5318000000.0	4461301953.3	3422939408.1	5186347872.5
5319000000.0	4462012156.3	3423355757.2	5187311877.3
5320000000.0	4462722318.3	3423772051.0	5188275877.9
5321000000.0	4463432439.4	3424188289.6	5189239874.4
5322000000.0	4464142519.6	3424604472.9	5190203866.8
5323000000.0	4464852558.8	3425020601.0	5191167855.0
5324000000.0	4465562557.0	3425436673.8	5192131839.1
5325000000.0	4466272514.3	3425852691.5	5193095819.0
5326000000.0	4466982430.7	3426268653.9	5194059794.8
5327000000.0	4467692306.1	3426684561.2	5195023766.5
5328000000.0	4468402140.6	3427100413.3	5195987734.0
5329000000.0	4469111934.2	3427516210.2	5196951697.4
5330000000.0	4469821686.9	3427931951.9	5197915656.6
5331000000.0	4470531398.6	3428347638.5	5198879611.8
5332000000.0	4471241069.5	3428763270.0	5199843562.7
5333000000.0	4471950699.4	3429178846.3	5200807509.6
5334000000.0	4472660288.4	3429594367.5	5201771452.3
5335000000.0	4473369836.5	3430009833.7	5202735390.8
5336000000.0	4474079343.7	3430425244.7	5203699325.3
5337000000.0	4474788810.0	3430840600.6	5204663255.5
5338000000.0	4475498235.4	3431255901.5	5205627181.7
5339000000.0	4476207619.9	3431671147.3	5206591103.7
5340000000.0	4476916963.6	3432086338.1	5207555021.6
5341000000.0	4477626266.3	3432501473.8	5208518935.3
5342000000.0	4478335528.2	3432916554.6	5209482844.9
5343000000.0	4479044749.2	3433331580.3	5210446750.4
5344000000.0	4479753929.4	3433746550.9	5211410651.7
5345000000.0	4480463068.6	3434161466.6	5212374548.9
5346000000.0	4481172167.0	3434576327.4	5213338441.9
5347000000.0	4481881224.5	3434991133.1	5214302330.9
5348000000.0	4482590241.2	3435405883.9	5215266215.6
5349000000.0	4483299217.0	3435820579.7	5216230096.3
5350000000.0	4484008152.0	3436235220.6	5217193972.8
5351000000.0	4484717046.1	3436649806.6	5218157845.1
5352000000.0	4485425899.4	3437064337.7	5219121713.4
5353000000.0	4486134711.9	3437478813.8	5220085577.5
5354000000.0	4486843483.5	3437893235.1	5221049437.4
5355000000.0	4487552214.2	3438307601.4	5222013293.2
5356000000.0	4488260904.2	3438721912.9	5222977144.9
5357000000.0	4488969553.3	3439136169.6	5223940992.4
5358000000.0	4489678161.6	3439550371.3	5224904835.8
5359000000.0	4490386729.0	3439964518.3	5225868675.1
5360000000.0	4491095255.7	3440378610.4	5226832510.2
5361000000.0	4491803741.5	3440792647.7	5227796341.2
5362000000.0	4492512186.6	3441206630.2	5228760168.1
5363000000.0	4493220590.8	3441620557.9	5229723990.8
5364000000.0	4493928954.2	3442034430.8	5230687809.4
5365000000.0	4494637276.8	3442448248.9	5231651623.8
5366000000.0	4495345558.7	3442862012.3	5232615434.2
5367000000.0	4496053799.7	3443275720.9	5233579240.3
5368000000.0	4496762000.0	3443689374.8	5234543042.4
5369000000.0	4497470159.4	3444102973.9	5235506840.3
5370000000.0	4498178278.1	3444516518.3	5236470634.0
5371000000.0	4498886356.1	3444930008.0	5237434423.6
5372000000.0	4499594393.2	3445343443.0	5238398209.1
5373000000.0	4500302389.6	3445756823.4	5239361990.5
5374000000.0	4501010345.2	3446170149.0	5240325767.7
5375000000.0	4501718260.0	3446583420.0	5241289540.8
5376000000.0	4502426134.1	3446996636.3	5242253309.7
5377000000.0	4503133967.4	3447409798.0	5243217074.5
5378000000.0	4503841760.0	3447822905.0	5244180835.2
5379000000.0	4504549511.8	3448235957.4	5245144591.7
5380000000.0	4505257222.9	3448648955.3	5246108344.1
5381000000.0	4505964893.2	3449061898.5	5247072092.4
5382000000.0	4506672522.8	3449474787.1	5248035836.5
5383000000.0	4507380111.7	3449887621.1	5248999576.5
5384000000.0	4508087659.8	3450300400.6	5249963312.3
5385000000.0	4508795167.2	3450713125.5	5250927044.1
5386000000.0	4509502633.9	3451125795.9	5251890771.6
5387000000.0	4510210059.9	3451538411.7	5252854495.1
5388000000.0	4510917445.1	3451950973.0	5253818214.4
5389000000.0	4511624789.6	3452363479.8	5254781929.5
5390000000.0	4512332093.4	3452775932.1	5255745640.6
5391000000.0	4513039356.6	3453188329.9	5256709347.5
5392000000.0	4513746579.0	3453600673.2	5257673050.2
5393000000.0	4514453760.7	3454012962.0	5258636748.9
5394000000.0	4515160901.7	3454425196.4	5259600443.4
5395000000.0	4515868002.0	3454837376.3	5260564133.7
5396000000.0	4516575061.6	3455249501.8	5261527819.9
5397000000.0	4517282080.6	3455661572.9	5262491502.0
5398000000.0	4517989058.9	3456073589.5	5263455179.9
5399000000.0	4518695996.4	3456485551.7	5264418853.8
5400000000.0	4519402893.4	3456897459.6	5265382523.4
5401000000.0	4520109749.6	3457309313.0	5266346189.0
5402000000.0	4520816565.2	3457721112.1	5267309850.4
5403000000.0	4521523340.1	3458132856.8	5268273507.6
5404000000.0	4522230074.3	3458544547.2	5269237160.8
5405000000.0	4522936767.9	3458956183.2	5270200809.8
5406000000.0	4523643420.8	3459367764.9	5271164454.6
5407000000.0	4524350033.1	3459779292.3	5272128095.3
5408000000.0	4525056604.8	3460190765.3	5273091731.9
5409000000.0	4525763135.7	3460602184.1	5274055364.4
5410000000.0	4526469626.1	3461013548.6	5275018992.7
5411000000.0	4527176075.8	3461424858.8	5275982616.9
5412000000.0	4527882484.9	3461836114.7	5276946236.9
5413000000.0	4528588853.4	3462247316.4	5277909852.8
5414000000.0	4529295181.2	3462658463.8	5278873464.6
5415000000.0	4530001468.4	3463069557.0	5279837072.2
5416000000.0	4530707715.0	3463480596.0	5280800675.7
5417000000.0	4531413921.0	3463891580.7	5281764275.1
5418000000.0	4532120086.3	3464302511.3	5282727870.3
5419000000.0	4532826211.1	3464713387.6	5283691461.4
5420000000.0	4533532295.2	3465124209.8	5284655048.4
5421000000.0	4534238338.8	3465534977.8	5285618631.2
5422000000.0	4534944341.7	3465945691.7	5286582209.9
5423000000.0	4535650304.1	3466356351.4	5287545784.5
5424000000.0	4536356225.8	3466766956.9	5288509354.9
5425000000.0	4537062107.0	3467177508.4	5289472921.2
5426000000.0	4537767947.6	3467588005.7	5290436483.3
5427000000.0	4538473747.6	3467998448.9	5291400041.3
5428000000.0	4539179507.0	3468408838.0	5292363595.2
5429000000.0	4539885225.9	3468819173.1	5293327145.0
5430000000.0	4540590904.2	3469229454.0	5294290690.6
5431000000.0	4541296541.9	3469639680.9	5295254232.0
5432000000.0	4542002139.1	3470049853.8	5296217769.4
5433000000.0	4542707695.7	3470459972.6	5297181302.6
5434000000.0	4543413211.7	3470870037.3	5298144831.6
5435000000.0	4544118687.2	3471280048.1	5299108356.6
5436000000.0	4544824122.1	3471690004.8	5300071877.4
5437000000.0	4545529516.5	3472099907.6	5301035394.0
5438000000.0	4546234870.4	3472509756.3	5301998906.6
5439000000.0	4546940183.7	3472919551.1	5302962415.0
5440000000.0	4547645456.5	3473329291.9	5303925919.2
5441000000.0	4548350688.8	3473738978.8	5304889419.3
5442000000.0	4549055880.5	3474148611.7	5305852915.3
5443000000.0	4549761031.7	3474558190.6	5306816407.2
5444000000.0	4550466142.4	3474967715.7	5307779894.9
5445000000.0	4551171212.5	3475377186.8	5308743378.5
5446000000.0	4551876242.2	3475786604.1	5309706858.0
5447000000.0	4552581231.3	3476195967.4	5310670333.3
5448000000.0	4553286179.9	3476605276.9	5311633804.5
5449000000.0	4553991088.1	3477014532.4	5312597271.5
5450000000.0	4554695955.7	3477423734.2	5313560734.4
5451000000.0	4555400782.8	3477832882.0	5314524193.2
5452000000.0	4556105569.5	3478241976.1	5315487647.8
5453000000.0	4556810315.6	3478651016.3	5316451098.3
5454000000.0	4557515021.3	3479060002.7	5317414544.7
5455000000.0	4558219686.4	3479468935.3	5318377987.0
5456000000.0	4558924311.1	3479877814.0	5319341425.1
5457000000.0	4559628895.4	3480286639.0	5320304859.0
5458000000.0	4560333439.1	3480695410.3	5321268288.9
5459000000.0	4561037942.4	3481104127.7	5322231714.6
5460000000.0	4561742405.2	3481512791.4	5323195136.2
5461000000.0	4562446827.6	3481921401.4	5324158553.6
5462000000.0	4563151209.5	3482329957.6	5325121966.9
5463000000.0	4563855550.9	3482738460.1	5326085376.1
5464000000.0	4564559851.9	3483146908.9	5327048781.1
5465000000.0	4565264112.5	3483555304.0	5328012182.0
5466000000.0	4565968332.6	3483963645.4	5328975578.7
5467000000.0	4566672512.2	3484371933.1	5329938971.4
5468000000.0	4567376651.4	3484780167.2	5330902359.9
5469000000.0	4568080750.2	3485188347.6	5331865744.2
5470000000.0	4568784808.6	3485596474.3	5332829124.5
5471000000.0	4569488826.5	3486004547.4	5333792500.6
5472000000.0	4570192804.0	3486412566.9	5334755872.5
5473000000.0	4570896741.1	3486820532.8	5335719240.3
5474000000.0	4571600637.8	3487228445.0	5336682604.0
5475000000.0	4572304494.1	3487636303.7	5337645963.6
5476000000.0	4573008309.9	3488044108.7	5338609319.0
5477000000.0	4573712085.4	3488451860.2	5339572670.3
5478000000.0	4574415820.4	3488859558.2	5340536017.5
5479000000.0	4575119515.0	3489267202.6	5341499360.5
5480000000.0	4575823169.3	3489674793.4	5342462699.4
5481000000.0	4576526783.1	3490082330.7	5343426034.1
5482000000.0	4577230356.6	3490489814.5	5344389364.8
5483000000.0	4577933889.7	3490897244.8	5345352691.3
5484000000.0	4578637382.4	3491304621.6	5346316013.6
5485000000.0	4579340834.7	3491711944.8	5347279331.8
5486000000.0	4580044246.7	3492119214.7	5348242645.9
5487000000.0	4580747618.2	3492526431.0	5349205955.9
5488000000.0	4581450949.5	3492933593.9	5350169261.7
5489000000.0	4582154240.3	3493340703.3	5351132563.4
5490000000.0	4582857490.8	3493747759.3	5352095860.9
5491000000.0	4583560700.9	3494154761.9	5353059154.4
5492000000.0	4584263870.7	3494561711.0	5354022443.7
5493000000.0	4584967000.1	3494968606.8	5354985728.8
5494000000.0	4585670089.2	3495375449.1	5355949009.8
5495000000.0	4586373137.9	3495782238.1	5356912286.7
5496000000.0	4587076146.3	3496188973.7	5357875559.5
5497000000.0	4587779114.4	3496595655.9	5358838828.1
5498000000.0	4588482042.1	3497002284.8	5359802092.6
5499000000.0	4589184929.5	3497408860.3	5360765352.9
5500000000.0	4589887776.6	3497815382.5	5361728609.2
5501000000.0	4590590583.3	3498221851.4	5362691861.2
5502000000.0	4591293349.7	3498628267.0	5363655109.2
5503000000.0	4591996075.8	3499034629.2	5364618353.0
5504000000.0	4592698761.6	3499440938.2	5365581592.7
5505000000.0	4593401407.1	3499847193.9	5366544828.3
5506000000.0	4594104012.3	3500253396.3	5367508059.7
5507000000.0	4594806577.2	3500659545.5	5368471287.0
5508000000.0	4595509101.8	3501065641.4	5369434510.1
5509000000.0	4596211586.1	3501471684.1	5370397729.2
5510000000.0	4596914030.1	3501877673.5	5371360944.1
5511000000.0	4597616433.8	3502283609.8	5372324154.8
5512000000.0	4598318797.2	3502689492.8	5373287361.4
5513000000.0	4599021120.4	3503095322.7	5374250563.9
5514000000.0	4599723403.2	3503501099.3	5375213762.3
5515000000.0	4600425645.8	3503906822.8	5376176956.5
5516000000.0	4601127848.2	3504312493.1	5377140146.6
5517000000.0	4601830010.2	3504718110.2	5378103332.6
5518000000.0	4602532132.0	3505123674.3	5379066514.4
5519000000.0	4603234213.5	3505529185.1	5380029692.1
5520000000.0	4603936254.8	3505934642.9	5380992865.7
5521000000.0	4604638255.9	3506340047.5	5381956035.1
5522000000.0	4605340216.6	3506745399.1	5382919200.4
5523000000.0	4606042137.2	3507150697.5	5383882361.6
5524000000.0	4606744017.4	3507555942.9	5384845518.6
5525000000.0	4607445857.5	3507961135.2	5385808671.5
5526000000.0	4608147657.3	3508366274.4	5386771820.3
5527000000.0	4608849416.9	3508771360.6	5387734964.9
5528000000.0	4609551136.2	3509176393.8	5388698105.4
5529000000.0	4610252815.3	3509581373.9	5389661241.8
5530000000.0	4610954454.3	3509986301.0	5390624374.0
5531000000.0	4611656052.9	3510391175.1	5391587502.2
5532000000.0	4612357611.4	3510795996.2	5392550626.1
5533000000.0	4613059129.7	3511200764.3	5393513746.0
5534000000.0	4613760607.7	3511605479.5	5394476861.7
5535000000.0	4614462045.6	3512010141.6	5395439973.3
5536000000.0	4615163443.2	3512414750.8	5396403080.7
5537000000.0	4615864800.6	3512819307.1	5397366184.0
5538000000.0	4616566117.9	3513223810.4	5398329283.2
5539000000.0	4617267394.9	3513628260.8	5399292378.3
5540000000.0	4617968631.8	3514032658.3	5400255469.2
5541000000.0	4618669828.5	3514437002.9	5401218556.0
5542000000.0	4619370985.0	3514841294.6	5402181638.6
5543000000.0	4620072101.3	3515245533.4	5403144717.1
5544000000.0	4620773177.5	3515649719.4	5404107791.5
5545000000.0	4621474213.5	3516053852.4	5405070861.8
5546000000.0	4622175209.3	3516457932.7	5406033927.9
5547000000.0	4622876165.0	3516861960.0	5406996989.9
5548000000.0	4623577080.5	3517265934.6	5407960047.8
5549000000.0	4624277955.8	3517669856.3	5408923101.5
5550000000.0	4624978791.0	3518073725.2	5409886151.1
5551000000.0	4625679586.0	3518477541.4	5410849196.6
5552000000.0	4626380340.9	3518881304.7	5411812237.9
5553000000.0	4627081055.7	3519285015.2	5412775275.1
5554000000.0	4627781730.3	3519688673.0	5413738308.2
5555000000.0	4628482364.7	3520092278.0	5414701337.1
5556000000.0	4629182959.1	3520495830.3	5415664361.9
5557000000.0	4629883513.3	3520899329.8	5416627382.6
5558000000.0	4630584027.4	3521302776.6	5417590399.2
5559000000.0	4631284501.4	3521706170.7	5418553411.6
5560000000.0	4631984935.2	3522109512.1	5419516419.9
5561000000.0	4632685328.9	3522512800.8	5420479424.0
5562000000.0	4633385682.6	3522916036.8	5421442424.0
5563000000.0	4634085996.1	3523319220.1	5422405419.9
5564000000.0	4634786269.5	3523722350.8	5423368411.7
5565000000.0	4635486502.8	3524125428.8	5424331399.3
5566000000.0	4636186696.0	3524528454.1	5425294382.8
5567000000.0	4636886849.1	3524931426.8	5426257362.2
5568000000.0	4637586962.1	3525334346.9	5427220337.4
5569000000.0	4638287035.1	3525737214.4	5428183308.5
5570000000.0	4638987067.9	3526140029.3	5429146275.5
5571000000.0	4639687060.7	3526542791.6	5430109238.3
5572000000.0	4640387013.4	3526945501.3	5431072197.0
5573000000.0	4641086926.0	3527348158.4	5432035151.6
5574000000.0	4641786798.6	3527750763.0	5432998102.0
5575000000.0	4642486631.0	3528153315.0	5433961048.4
5576000000.0	4643186423.5	3528555814.4	5434923990.5
5577000000.0	4643886175.8	3528958261.4	5435886928.6
5578000000.0	4644585888.1	3529360655.8	5436849862.5
5579000000.0	4645285560.4	3529762997.7	5437812792.3
5580000000.0	4645985192.6	3530165287.1	5438775718.0
5581000000.0	4646684784.7	3530567524.0	5439738639.5
5582000000.0	4647384336.9	3530969708.4	5440701556.9
5583000000.0	4648083848.9	3531371840.4	5441664470.2
5584000000.0	4648783321.0	3531773919.9	5442627379.3
5585000000.0	4649482753.0	3532175947.0	5443590284.3
5586000000.0	4650182144.9	3532577921.6	5444553185.2
5587000000.0	4650881496.9	3532979843.8	5445516081.9
5588000000.0	4651580808.8	3533381713.5	5446478974.5
5589000000.0	4652280080.7	3533783530.9	5447441863.0
5590000000.0	4652979312.6	3534185295.8	5448404747.4
5591000000.0	4653678504.5	3534587008.4	5449367627.6
5592000000.0	4654377656.4	3534988668.6	5450330503.7
5593000000.0	4655076768.3	3535390276.4	5451293375.6
5594000000.0	4655775840.1	3535791831.9	5452256243.5
5595000000.0	4656474872.0	3536193335.0	5453219107.2
5596000000.0	4657173863.9	3536594785.8	5454181966.7
5597000000.0	4657872815.8	3536996184.2	5455144822.2
5598000000.0	4658571727.7	3537397530.4	5456107673.5
5599000000.0	4659270599.6	3537798824.2	5457070520.6
5600000000.0	4659969431.5	3538200065.7	5458033363.7
5601000000.0	4660668223.5	3538601255.0	5458996202.6
5602000000.0	4661366975.4	3539002392.0	5459959037.4
5603000000.0	4662065687.4	3539403476.7	5460921868.0
5604000000.0	4662764359.5	3539804509.1	5461884694.6
5605000000.0	4663462991.6	3540205489.3	5462847517.0
5606000000.0	4664161583.7	3540606417.3	5463810335.2
5607000000.0	4664860135.9	3541007293.1	5464773149.4
5608000000.0	4665558648.1	3541408116.6	5465735959.4
5609000000.0	4666257120.3	3541808887.9	5466698765.2
5610000000.0	4666955552.6	3542209607.1	5467661567.0
5611000000.0	4667653945.0	3542610274.0	5468624364.6
5612000000.0	4668352297.4	3543010888.8	5469587158.1
5613000000.0	4669050609.9	3543411451.4	5470549947.4
5614000000.0	4669748882.5	3543811961.9	5471512732.7
5615000000.0	4670447115.1	3544212420.2	5472475513.8
5616000000.0	4671145307.8	3544612826.4	5473438290.7
5617000000.0	4671843460.6	3545013180.5	5474401063.6
5618000000.0	4672541573.5	3545413482.4	5475363832.3
5619000000.0	4673239646.4	3545813732.3	5476326596.8
5620000000.0	4673937679.4	3546213930.1	5477289357.3
5621000000.0	4674635672.6	3546614075.7	5478252113.6
5622000000.0	4675333625.8	3547014169.3	5479214865.8
5623000000.0	4676031539.1	3547414210.9	5480177613.8
5624000000.0	4676729412.5	3547814200.4	5481140357.7
5625000000.0	4677427246.0	3548214137.8	5482103097.5
5626000000.0	4678125039.7	3548614023.3	5483065833.2
5627000000.0	4678822793.4	3549013856.7	5484028564.7
5628000000.0	4679520507.3	3549413638.1	5484991292.2
5629000000.0	4680218181.2	3549813367.5	5485954015.4
5630000000.0	4680915815.3	3550213044.9	5486916734.6
5631000000.0	4681613409.6	3550612670.3	5487879449.6
5632000000.0	4682310963.9	3551012243.7	5488842160.5
5633000000.0	4683008478.4	3551411765.2	5489804867.2
5634000000.0	4683705953.0	3551811234.8	5490767569.9
5635000000.0	4684403387.8	3552210652.4	5491730268.4
5636000000.0	4685100782.7	3552610018.0	5492692962.7
5637000000.0	4685798137.7	3553009331.8	5493655653.0
5638000000.0	4686495452.9	3553408593.6	5494618339.1
5639000000.0	4687192728.3	3553807803.6	5495581021.1
5640000000.0	4687889963.8	3554206961.6	5496543698.9
5641000000.0	4688587159.5	3554606067.8	5497506372.6
5642000000.0	4689284315.3	3555005122.1	5498469042.2
5643000000.0	4689981431.3	3555404124.6	5499431707.7
5644000000.0	4690678507.4	3555803075.2	5500394369.0
5645000000.0	4691375543.8	3556201973.9	5501357026.2
5646000000.0	4692072540.3	3556600820.8	5502319679.3
5647000000.0	4692769497.0	3556999616.0	5503282328.3
5648000000.0	4693466413.9	3557398359.3	5504244973.1
5649000000.0	4694163290.9	3557797050.8	5505207613.8
5650000000.0	4694860128.2	3558195690.5	5506170250.3
5651000000.0	4695556925.6	3558594278.4	5507132882.8
5652000000.0	4696253683.3	3558992814.6	5508095511.1
5653000000.0	4696950401.1	3559391299.0	5509058135.2
5654000000.0	4697647079.2	3559789731.7	5510020755.3
5655000000.0	4698343717.4	3560188112.6	5510983371.2
5656000000.0	4699040315.9	3560586441.8	5511945983.0
5657000000.0	4699736874.6	3560984719.3	5512908590.7
5658000000.0	4700433393.5	3561382945.1	5513871194.2
5659000000.0	4701129872.6	3561781119.2	5514833793.6
5660000000.0	4701826311.9	3562179241.6	5515796388.9
5661000000.0	4702522711.5	3562577312.3	5516758980.0
5662000000.0	4703219071.3	3562975331.4	5517721567.0
5663000000.0	4703915391.3	3563373298.8	5518684149.9
5664000000.0	4704611671.6	3563771214.5	5519646728.7
5665000000.0	4705307912.1	3564169078.6	5520609303.3
5666000000.0	4706004112.9	3564566891.1	5521571873.8
5667000000.0	4706700273.9	3564964652.0	5522534440.2
5668000000.0	4707396395.1	3565362361.2	5523497002.4
5669000000.0	4708092476.7	3565760018.9	5524459560.5
5670000000.0	4708788518.4	3566157625.0	5525422114.5
5671000000.0	4709484520.5	3566555179.5	5526384664.4
5672000000.0	4710180482.8	3566952682.4	5527347210.1
5673000000.0	4710876405.3	3567350133.8	5528309751.7
5674000000.0	4711572288.2	3567747533.6	5529272289.2
5675000000.0	4712268131.3	3568144881.9	5530234822.5
5676000000.0	4712963934.7	3568542178.7	5531197351.7
5677000000.0	4713659698.4	3568939423.9	5532159876.8
5678000000.0	4714355422.3	3569336617.7	5533122397.8
5679000000.0	4715051106.6	3569733759.9	5534084914.6
5680000000.0	4715746751.1	3570130850.7	5535047427.3
5681000000.0	4716442356.0	3570527890.0	5536009935.9
5682000000.0	4717137921.1	3570924877.8	5536972440.3
5683000000.0	4717833446.5	3571321814.2	5537934940.6
5684000000.0	4718528932.3	3571718699.1	5538897436.8
5685000000.0	4719224378.3	3572115532.6	5539859928.9
5686000000.0	4719919784.7	3572512314.6	5540822416.8
5687000000.0	4720615151.4	3572909045.3	5541784900.6
5688000000.0	4721310478.4	3573305724.5	5542747380.3
5689000000.0	4722005765.7	3573702352.4	5543709855.9
5690000000.0	4722701013.4	3574098928.8	5544672327.3
5691000000.0	4723396221.4	3574495453.9	5545634794.6
5692000000.0	4724091389.7	3574891927.6	5546597257.7
5693000000.0	4724786518.3	3575288350.0	5547559716.8
5694000000.0	4725481607.3	3575684721.0	5548522171.7
5695000000.0	4726176656.7	3576081040.6	5549484622.5
5696000000.0	4726871666.3	3576477309.0	5550447069.1
5697000000.0	4727566636.4	3576873526.0	5551409511.7
5698000000.0	4728261566.8	3577269691.7	5552371950.1
5699000000.0	4728956457.5	3577665806.1	5553334384.3
5700000000.0	4729651308.6	3578061869.3	5554296814.5
5701000000.0	4730346120.1	3578457881.2	5555259240.5
5702000000.0	4731040891.9	3578853841.7	5556221662.4
5703000000.0	4731735624.1	3579249751.1	5557184080.1
5704000000.0	4732430316.7	3579645609.2	5558146493.8
5705000000.0	4733124969.7	3580041416.0	5559108903.3
5706000000.0	4733819583.0	3580437171.7	5560071308.7
5707000000.0	4734514156.7	3580832876.1	5561033709.9
5708000000.0	4735208690.8	3581228529.3	5561996107.0
5709000000.0	4735903185.3	3581624131.3	5562958500.0
5710000000.0	4736597640.2	3582019682.1	5563920888.9
5711000000.0	4737292055.5	3582415181.8	5564883273.7
5712000000.0	4737986431.2	3582810630.2	5565845654.3
5713000000.0	4738680767.3	3583206027.6	5566808030.8
5714000000.0	4739375063.8	3583601373.7	5567770403.1
5715000000.0	4740069320.7	3583996668.8	5568732771.3
5716000000.0	4740763538.0	3584391912.7	5569695135.5
5717000000.0	4741457715.8	3584787105.5	5570657495.4
5718000000.0	4742151854.0	3585182247.2	5571619851.3
5719000000.0	4742845952.5	3585577337.7	5572582203.0
5720000000.0	4743540011.6	3585972377.2	5573544550.6
5721000000.0	4744234031.0	3586367365.7	5574506894.1
5722000000.0	4744928010.9	3586762303.0	5575469233.4
5723000000.0	4745621951.2	3587157189.3	5576431568.6
5724000000.0	4746315852.0	3587552024.6	5577393899.7
5725000000.0	4747009713.2	3587946808.8	5578356226.7
5726000000.0	4747703534.9	3588341541.9	5579318549.5
5727000000.0	4748397317.0	3588736224.1	5580280868.2
5728000000.0	4749091059.5	3589130855.3	5581243182.8
5729000000.0	4749784762.6	3589525435.4	5582205493.3
5730000000.0	4750478426.1	3589919964.6	5583167799.6
5731000000.0	4751172050.0	3590314442.8	5584130101.8
5732000000.0	4751865634.4	3590708870.0	5585092399.9
5733000000.0	4752559179.3	3591103246.2	5586054693.8
5734000000.0	4753252684.7	3591497571.6	5587016983.6
5735000000.0	4753946150.5	3591891845.9	5587979269.3
5736000000.0	4754639576.9	3592286069.4	5588941550.9
5737000000.0	4755332963.7	3592680241.9	5589903828.3
5738000000.0	4756026311.0	3593074363.5	5590866101.6
5739000000.0	4756719618.8	3593468434.2	5591828370.8
5740000000.0	4757412887.1	3593862454.0	5592790635.9
5741000000.0	4758106115.9	3594256423.0	5593752896.8
5742000000.0	4758799305.2	3594650341.1	5594715153.6
5743000000.0	4759492455.0	3595044208.3	5595677406.3
5744000000.0	4760185565.3	3595438024.6	5596639654.9
5745000000.0	4760878636.1	3595831790.2	5597601899.3
5746000000.0	4761571667.4	3596225504.8	5598564139.6
5747000000.0	4762264659.3	3596619168.7	5599526375.8
5748000000.0	4762957611.7	3597012781.8	5600488607.8
5749000000.0	4763650524.6	3597406344.0	5601450835.7
5750000000.0	4764343398.0	3597799855.5	5602413059.5
5751000000.0	4765036232.0	3598193316.2	5603375279.2
5752000000.0	4765729026.5	3598586726.1	5604337494.8
5753000000.0	4766421781.5	3598980085.2	5605299706.2
5754000000.0	4767114497.1	3599373393.6	5606261913.5
5755000000.0	4767807173.2	3599766651.3	5607224116.6
5756000000.0	4768499809.9	3600159858.2	5608186315.7
5757000000.0	4769192407.1	3600553014.4	5609148510.6
5758000000.0	4769884964.9	3600946119.9	5610110701.4
5759000000.0	4770577483.3	3601339174.7	5611072888.0
5760000000.0	4771269962.2	3601732178.8	5612035070.6
5761000000.0	4771962401.7	3602125132.2	5612997249.0
5762000000.0	4772654801.7	3602518034.9	5613959423.3
5763000000.0	4773347162.3	3602910887.0	5614921593.4
5764000000.0	4774039483.5	3603303688.4	5615883759.4
5765000000.0	4774731765.3	3603696439.2	5616845921.3
5766000000.0	4775424007.7	3604089139.3	5617808079.1
5767000000.0	4776116210.6	3604481788.8	5618770232.8
5768000000.0	4776808374.2	3604874387.7	5619732382.3
5769000000.0	4777500498.3	3605266936.0	5620694527.7
5770000000.0	4778192583.0	3605659433.7	5621656669.0
5771000000.0	4778884628.3	3606051880.9	5622618806.1
5772000000.0	4779576634.3	3606444277.4	5623580939.2
5773000000.0	4780268600.8	3606836623.4	5624543068.1
5774000000.0	4780960528.0	3607228918.8	5625505192.8
5775000000.0	4781652415.7	3607621163.7	5626467313.5
5776000000.0	4782344264.1	3608013358.0	5627429430.0
5777000000.0	4783036073.1	3608405501.8	5628391542.4
5778000000.0	4783727842.7	3608797595.1	5629353650.7
5779000000.0	4784419573.0	3609189637.9	5630315754.8
5780000000.0	4785111263.9	3609581630.1	5631277854.8
5781000000.0	4785802915.4	3609973571.9	5632239950.7
5782000000.0	4786494527.5	3610365463.3	5633202042.5
5783000000.0	4787186100.3	3610757304.1	5634164130.1
5784000000.0	4787877633.8	3611149094.5	5635126213.7
5785000000.0	4788569127.9	3611540834.4	5636088293.1
5786000000.0	4789260582.6	3611932524.0	5637050368.3
5787000000.0	4789951998.0	3612324163.0	5638012439.5
5788000000.0	4790643374.0	3612715751.7	5638974506.5
5789000000.0	4791334710.7	3613107289.9	5639936569.4
5790000000.0	4792026008.1	3613498777.8	5640898628.1
5791000000.0	4792717266.1	3613890215.2	5641860682.8
5792000000.0	4793408484.8	3614281602.3	5642822733.3
5793000000.0	4794099664.2	3614672939.0	5643784779.7
5794000000.0	4794790804.3	3615064225.4	5644746822.0
5795000000.0	4795481905.0	3615455461.4	5645708860.1
5796000000.0	4796172966.5	3615846647.0	5646670894.1
5797000000.0	4796863988.6	3616237782.3	5647632924.0
5798000000.0	4797554971.4	3616628867.3	5648594949.8
5799000000.0	4798245914.9	3617019902.0	5649556971.4
5800000000.0	4798936819.1	3617410886.4	5650518988.9
5801000000.0	4799627684.0	3617801820.5	5651481002.3
5802000000.0	4800318509.6	3618192704.3	5652443011.6
5803000000.0	4801009295.9	3618583537.8	5653405016.7
5804000000.0	4801700042.9	3618974321.1	5654367017.8
5805000000.0	4802390750.6	3619365054.1	5655329014.6
5806000000.0	4803081419.1	3619755736.9	5656291007.4
5807000000.0	4803772048.2	3620146369.4	5657252996.1
5808000000.0	4804462638.1	3620536951.7	5658214980.6
5809000000.0	4805153188.8	3620927483.8	5659176961.0
5810000000.0	4805843700.1	3621317965.7	5660138937.2
5811000000.0	4806534172.2	3621708397.4	5661100909.4
5812000000.0	4807224605.0	3622098778.9	5662062877.4
5813000000.0	4807914998.6	3622489110.2	5663024841.3
5814000000.0	4808605352.9	3622879391.4	5663986801.1
5815000000.0	4809295668.0	3623269622.4	5664948756.7
5816000000.0	4809985943.8	3623659803.2	5665910708.2
5817000000.0	4810676180.3	3624049933.9	5666872655.6
5818000000.0	4811366377.7	3624440014.5	5667834598.9
5819000000.0	4812056535.7	3624830045.0	5668796538.1
5820000000.0	4812746654.6	3625220025.4	5669758473.1
5821000000.0	4813436734.2	3625609955.6	5670720404.0
5822000000.0	4814126774.6	3625999835.8	5671682330.7
5823000000.0	4814816775.8	3626389665.9	5672644253.4
5824000000.0	4815506737.7	3626779445.9	5673606171.9
5825000000.0	4816196660.4	3627169175.9	5674568086.3
5826000000.0	4816886543.9	3627558855.8	5675529996.6
5827000000.0	4817576388.2	3627948485.7	5676491902.8
5828000000.0	4818266193.3	3628338065.5	5677453804.8
5829000000.0	4818955959.2	3628727595.3	5678415702.7
5830000000.0	4819645685.9	3629117075.1	5679377596.5
5831000000.0	4820335373.4	3629506504.9	5680339486.1
5832000000.0	4821025021.6	3629895884.7	5681301371.7
5833000000.0	4821714630.7	3630285214.5	5682263253.1
5834000000.0	4822404200.6	3630674494.4	5683225130.4
5835000000.0	4823093731.4	3631063724.3	5684187003.5
5836000000.0	4823783222.9	3631452904.2	5685148872.6
5837000000.0	4824472675.3	3631842034.2	5686110737.5
5838000000.0	4825162088.4	3632231114.2	5687072598.3
5839000000.0	4825851462.4	3632620144.3	5688034454.9
5840000000.0	4826540797.3	3633009124.5	5688996307.5
5841000000.0	4827230093.0	3633398054.8	5689958155.9
5842000000.0	4827919349.5	3633786935.3	5690920000.2
5843000000.0	4828608566.8	3634175765.8	5691881840.4
5844000000.0	4829297745.0	3634564546.4	5692843676.4
5845000000.0	4829986884.1	3634953277.2	5693805508.3
5846000000.0	4830675984.0	3635341958.1	5694767336.1
5847000000.0	4831365044.7	3635730589.1	5695729159.8
5848000000.0	4832054066.4	3636119170.4	5696690979.4
5849000000.0	4832743048.8	3636507701.8	5697652794.8
5850000000.0	4833431992.2	3636896183.3	5698614606.1
5851000000.0	4834120896.4	3637284615.1	5699576413.3
5852000000.0	4834809761.5	3637672997.0	5700538216.3
5853000000.0	4835498587.4	3638061329.2	5701500015.3
5854000000.0	4836187374.2	3638449611.6	5702461810.1
5855000000.0	4836876122.0	3638837844.2	5703423600.8
5856000000.0	4837564830.6	3639226027.1	5704385387.3
5857000000.0	4838253500.0	3639614160.1	5705347169.8
5858000000.0	4838942130.4	3640002243.5	5706308948.1
5859000000.0	4839630721.7	3640390277.1	5707270722.3
5860000000.0	4840319273.9	3640778261.0	5708232492.4
5861000000.0	4841007786.9	3641166195.2	5709194258.3
5862000000.0	4841696260.9	3641554079.7	5710156020.1
5863000000.0	4842384695.8	3641941914.4	5711117777.8
5864000000.0	4843073091.6	3642329699.5	5712079531.4
5865000000.0	4843761448.3	3642717434.9	5713041280.9
5866000000.0	4844449765.9	3643105120.7	5714003026.2
5867000000.0	4845138044.5	3643492756.8	5714964767.4
5868000000.0	4845826284.0	3643880343.2	5715926504.5
5869000000.0	4846514484.4	3644267880.0	5716888237.5
5870000000.0	4847202645.7	3644655367.2	5717849966.3
5871000000.0	4847890768.0	3645042804.8	5718811691.0
5872000000.0	4848578851.2	3645430192.7	5719773411.6
5873000000.0	4849266895.3	3645817531.0	5720735128.1
5874000000.0	4849954900.4	3646204819.8	5721696840.4
5875000000.0	4850642866.5	3646592059.0	5722658548.7
5876000000.0	4851330793.4	3646979248.6	5723620252.8
5877000000.0	4852018681.4	3647366388.6	5724581952.7
5878000000.0	4852706530.3	3647753479.1	5725543648.6
5879000000.0	4853394340.2	3648140520.0	5726505340.3
5880000000.0	4854082111.0	3648527511.4	5727467027.9
5881000000.0	4854769842.8	3648914453.3	5728428711.4
5882000000.0	4855457535.6	3649301345.7	5729390390.8
5883000000.0	4856145189.3	3649688188.5	5730352066.0
5884000000.0	4856832804.0	3650074981.9	5731313737.2
5885000000.0	4857520379.7	3650461725.8	5732275404.2
5886000000.0	4858207916.4	3650848420.2	5733237067.0
5887000000.0	4858895414.1	3651235065.1	5734198725.8
5888000000.0	4859582872.8	3651621660.6	5735160380.4
5889000000.0	4860270292.4	3652008206.6	5736122030.9
5890000000.0	4860957673.1	3652394703.2	5737083677.3
5891000000.0	4861645014.8	3652781150.4	5738045319.6
5892000000.0	4862332317.4	3653167548.1	5739006957.7
5893000000.0	4863019581.1	3653553896.4	5739968591.7
5894000000.0	4863706805.8	3653940195.4	5740930221.6
5895000000.0	4864393991.5	3654326444.9	5741891847.4
5896000000.0	4865081138.2	3654712645.1	5742853469.1
5897000000.0	4865768245.9	3655098795.9	5743815086.6
5898000000.0	4866455314.7	3655484897.3	5744776700.0
5899000000.0	4867142344.5	3655870949.3	5745738309.3
5900000000.0	4867829335.3	3656256952.1	5746699914.4
5901000000.0	4868516287.2	3656642905.5	5747661515.5
5902000000.0	4869203200.1	3657028809.5	5748623112.4
5903000000.0	4869890074.0	3657414664.3	5749584705.2
5904000000.0	4870576909.0	3657800469.7	5750546293.9
5905000000.0	4871263705.0	3658186225.9	5751507878.4
5906000000.0	4871950462.1	3658571932.7	5752469458.8
5907000000.0	4872637180.2	3658957590.3	5753431035.2
5908000000.0	4873323859.4	3659343198.6	5754392607.3
5909000000.0	4874010499.6	3659728757.7	5755354175.4
5910000000.0	4874697100.9	3660114267.5	5756315739.3
5911000000.0	4875383663.3	3660499728.0	5757277299.2
5912000000.0	4876070186.8	3660885139.4	5758238854.9
5913000000.0	4876756671.3	3661270501.5	5759200406.4
5914000000.0	4877443116.9	3661655814.4	5760161953.9
5915000000.0	4878129523.6	3662041078.1	5761123497.2
5916000000.0	4878815891.4	3662426292.6	5762085036.4
5917000000.0	4879502220.2	3662811457.9	5763046571.5
5918000000.0	4880188510.2	3663196574.0	5764008102.5
5919000000.0	4880874761.2	3663581641.0	5764969629.3
5920000000.0	4881560973.3	3663966658.8	5765931152.1
5921000000.0	4882247146.6	3664351627.5	5766892670.7
5922000000.0	4882933280.9	3664736547.1	5767854185.2
5923000000.0	4883619376.4	3665121417.5	5768815695.5
5924000000.0	4884305432.9	3665506238.8	5769777201.8
5925000000.0	4884991450.6	3665891011.0	5770738703.9
5926000000.0	4885677429.4	3666275734.0	5771700201.9
5927000000.0	4886363369.3	3666660408.1	5772661695.7
5928000000.0	4887049270.3	3667045033.0	5773623185.5
5929000000.0	4887735132.5	3667429608.8	5774584671.1
5930000000.0	4888420955.8	3667814135.6	5775546152.6
5931000000.0	4889106740.2	3668198613.4	5776507630.0
5932000000.0	4889792485.8	3668583042.1	5777469103.3
5933000000.0	4890478192.5	3668967421.7	5778430572.4
5934000000.0	4891163860.3	3669351752.4	5779392037.5
5935000000.0	4891849489.3	3669736034.0	5780353498.4
5936000000.0	4892535079.4	3670120266.6	5781314955.1
5937000000.0	4893220630.7	3670504450.2	5782276407.8
5938000000.0	4893906143.2	3670888584.9	5783237856.3
5939000000.0	4894591616.8	3671272670.5	5784199300.8
5940000000.0	4895277051.6	3671656707.2	5785160741.1
5941000000.0	4895962447.5	3672040695.0	5786122177.2
5942000000.0	4896647804.6	3672424633.7	5787083609.3
5943000000.0	4897333122.9	3672808523.6	5788045037.2
5944000000.0	4898018402.4	3673192364.5	5789006461.0
5945000000.0	4898703643.0	3673576156.5	5789967880.7
5946000000.0	4899388844.9	3673959899.6	5790929296.3
5947000000.0	4900074007.9	3674343593.8	5791890707.7
5948000000.0	4900759132.1	3674727239.1	5792852115.1
5949000000.0	4901444217.5	3675110835.5	5793813518.3
5950000000.0	4902129264.1	3675494383.0	5794774917.4
5951000000.0	4902814271.8	3675877881.7	5795736312.3
5952000000.0	4903499240.8	3676261331.5	5796697703.2
5953000000.0	4904184171.0	3676644732.5	5797659089.9
5954000000.0	4904869062.4	3677028084.6	5798620472.5
5955000000.0	4905553915.1	3677411387.9	5799581851.0
5956000000.0	4906238728.9	3677794642.4	5800543225.4
5957000000.0	4906923504.0	3678177848.1	5801504595.6
5958000000.0	4907608240.2	3678561004.9	5802465961.7
5959000000.0	4908292937.7	3678944113.0	5803427323.7
5960000000.0	4908977596.5	3679327172.3	5804388681.6
5961000000.0	4909662216.5	3679710182.9	5805350035.4
5962000000.0	4910346797.7	3680093144.7	5806311385.0
5963000000.0	4911031340.1	3680476057.7	5807272730.5
5964000000.0	4911715843.8	3680858922.0	5808234071.9
5965000000.0	4912400308.7	3681241737.5	5809195409.2
5966000000.0	4913084734.9	3681624504.3	5810156742.4
5967000000.0	4913769122.3	3682007222.4	5811118071.4
5968000000.0	4914453471.0	3682389891.8	5812079396.3
5969000000.0	4915137781.0	3682772512.5	5813040717.1
5970000000.0	4915822052.2	3683155084.6	5814002033.8
5971000000.0	4916506284.6	3683537607.9	5814963346.4
5972000000.0	4917190478.4	3683920082.6	5815924654.8
5973000000.0	4917874633.4	3684302508.6	5816885959.1
5974000000.0	4918558749.7	3684684885.9	5817847259.3
5975000000.0	4919242827.3	3685067214.6	5818808555.4
5976000000.0	4919926866.1	3685449494.7	5819769847.3
5977000000.0	4920610866.3	3685831726.2	5820731135.2
5978000000.0	4921294827.7	3686213909.0	5821692418.9
5979000000.0	4921978750.4	3686596043.3	5822653698.5
5980000000.0	4922662634.4	3686978128.9	5823614974.0
5981000000.0	4923346479.7	3687360166.0	5824576245.3
5982000000.0	4924030286.3	3687742154.5	5825537512.6
5983000000.0	4924714054.2	3688124094.4	5826498775.7
5984000000.0	4925397783.5	3688505985.8	5827460034.7
5985000000.0	4926081474.0	3688887828.6	5828421289.5
5986000000.0	4926765125.9	3689269622.9	5829382540.3
5987000000.0	4927448739.0	3689651368.6	5830343786.9
5988000000.0	4928132313.5	3690033065.9	5831305029.5
5989000000.0	4928815849.3	3690414714.6	5832266267.9
5990000000.0	4929499346.5	3690796314.8	5833227502.1
5991000000.0	4930182805.0	3691177866.5	5834188732.3
5992000000.0	4930866224.8	3691559369.8	5835149958.3
5993000000.0	4931549605.9	3691940824.5	5836111180.2
5994000000.0	4932232948.4	3692322230.8	5837072398.0
5995000000.0	4932916252.2	3692703588.7	5838033611.7
5996000000.0	4933599517.4	3693084898.1	5838994821.3
5997000000.0	4934282743.9	3693466159.0	5839956026.7
5998000000.0	4934965931.8	3693847371.6	5840917228.0
5999000000.0	4935649081.1	3694228535.7	5841878425.2
6000000000.0	4936332191.7	3694609651.4	5842839618.3
6001000000.0	4937015263.6	3694990718.7	5843800807.3
6002000000.0	4937698297.0	3695371737.6	5844761992.1
6003000000.0	4938381291.7	3695752708.1	5845723172.9
6004000000.0	4939064247.8	3696133630.3	5846684349.5
6005000000.0	4939747165.2	3696514504.1	5847645521.9
6006000000.0	4940430044.0	3696895329.5	5848606690.3
6007000000.0	4941112884.3	3697276106.6	5849567854.6
6008000000.0	4941795685.9	3697656835.4	5850529014.7
6009000000.0	4942478448.9	3698037515.8	5851490170.7
6010000000.0	4943161173.3	3698418147.9	5852451322.6
6011000000.0	4943843859.0	3698798731.7	5853412470.4
6012000000.0	4944526506.2	3699179267.2	5854373614.0
6013000000.0	4945209114.8	3699559754.5	5855334753.5
6014000000.0	4945891684.8	3699940193.4	5856295888.9
6015000000.0	4946574216.2	3700320584.1	5857257020.2
6016000000.0	4947256709.0	3700700926.5	5858218147.4
6017000000.0	4947939163.3	3701081220.6	5859179270.5
6018000000.0	4948621578.9	3701461466.5	5860140389.4
6019000000.0	4949303956.0	3701841664.2	5861101504.2
6020000000.0	4949986294.5	3702221813.6	5862062614.9
6021000000.0	4950668594.5	3702601914.9	5863023721.5
6022000000.0	4951350855.8	3702981967.9	5863984824.0
6023000000.0	4952033078.6	3703361972.7	5864945922.3
6024000000.0	4952715262.9	3703741929.4	5865907016.5
6025000000.0	4953397408.6	3704121837.8	5866868106.6
6026000000.0	4954079515.7	3704501698.1	5867829192.6
6027000000.0	4954761584.3	3704881510.2	5868790274.5
6028000000.0	4955443614.3	3705261274.2	5869751352.2
6029000000.0	4956125605.8	3705640990.0	5870712425.9
6030000000.0	4956807558.7	3706020657.7	5871673495.4
6031000000.0	4957489473.1	3706400277.3	5872634560.8
6032000000.0	4958171349.0	3706779848.7	5873595622.0
6033000000.0	4958853186.4	3707159372.1	5874556679.2
6034000000.0	4959534985.2	3707538847.3	5875517732.2
6035000000.0	4960216745.5	3707918274.5	5876478781.1
6036000000.0	4960898467.2	3708297653.6	5877439825.9
6037000000.0	4961580150.5	3708676984.6	5878400866.6
6038000000.0	4962261795.2	3709056267.6	5879361903.2
6039000000.0	4962943401.4	3709435502.5	5880322935.6
6040000000.0	4963624969.2	3709814689.3	5881283964.0
6041000000.0	4964306498.4	3710193828.1	5882244988.2
6042000000.0	4964987989.1	3710572918.9	5883206008.3
6043000000.0	4965669441.3	3710951961.7	5884167024.2
6044000000.0	4966350855.0	3711330956.5	5885128036.1
6045000000.0	4967032230.2	3711709903.3	5886089043.8
6046000000.0	4967713567.0	3712088802.1	5887050047.4
6047000000.0	4968394865.2	3712467652.9	5888011046.9
6048000000.0	4969076125.0	3712846455.8	5888972042.3
6049000000.0	4969757346.3	3713225210.6	5889933033.6
6050000000.0	4970438529.1	3713603917.6	5890894020.7
6051000000.0	4971119673.4	3713982576.6	5891855003.7
6052000000.0	4971800779.3	3714361187.6	5892815982.6
6053000000.0	4972481846.7	3714739750.8	5893776957.4
6054000000.0	4973162875.6	3715118266.0	5894737928.1
6055000000.0	4973843866.1	3715496733.3	5895698894.7
6056000000.0	4974524818.1	3715875152.7	5896659857.1
6057000000.0	4975205731.7	3716253524.3	5897620815.4
6058000000.0	4975886606.8	3716631847.9	5898581769.6
6059000000.0	4976567443.5	3717010123.7	5899542719.7
6060000000.0	4977248241.7	3717388351.6	5900503665.7
6061000000.0	4977929001.5	3717766531.7	5901464607.5
6062000000.0	4978609722.9	3718144663.9	5902425545.2
6063000000.0	4979290405.8	3718522748.3	5903386478.8
6064000000.0	4979971050.3	3718900784.9	5904347408.3
6065000000.0	4980651656.3	3719278773.7	5905308333.7
6066000000.0	4981332224.0	3719656714.6	5906269255.0
6067000000.0	4982012753.2	3720034607.8	5907230172.1
6068000000.0	4982693244.0	3720412453.2	5908191085.1
6069000000.0	4983373696.4	3720790250.7	5909151994.0
6070000000.0	4984054110.4	3721168000.6	5910112898.8
6071000000.0	4984734485.9	3721545702.6	5911073799.5
6072000000.0	4985414823.1	3721923356.9	5912034696.0
6073000000.0	4986095121.9	3722300963.5	5912995588.5
6074000000.0	4986775382.2	3722678522.3	5913956476.8
6075000000.0	4987455604.2	3723056033.4	5914917361.0
6076000000.0	4988135787.8	3723433496.8	5915878241.1
6077000000.0	4988815933.0	3723810912.5	5916839117.0
6078000000.0	4989496039.8	3724188280.5	5917799988.9
6079000000.0	4990176108.2	3724565600.8	5918760856.6
6080000000.0	4990856138.3	3724942873.5	5919721720.2
6081000000.0	4991536129.9	3725320098.4	5920682579.7
6082000000.0	4992216083.3	3725697275.7	5921643435.1
6083000000.0	4992895998.2	3726074405.3	5922604286.4
6084000000.0	4993575874.8	3726451487.3	5923565133.5
6085000000.0	4994255713.0	3726828521.7	5924525976.5
6086000000.0	4994935512.8	3727205508.5	5925486815.5
6087000000.0	4995615274.3	3727582447.6	5926447650.3
6088000000.0	4996294997.4	3727959339.1	5927408480.9
6089000000.0	4996974682.2	3728336183.0	5928369307.5
6090000000.0	4997654328.7	3728712979.4	5929330129.9
6091000000.0	4998333936.8	3729089728.1	5930290948.3
6092000000.0	4999013506.6	3729466429.3	5931251762.5
6093000000.0	4999693038.0	3729843082.9	5932212572.6
6094000000.0	5000372531.1	3730219689.0	5933173378.5
6095000000.0	5001051985.8	3730596247.5	5934134180.4
6096000000.0	5001731402.3	3730972758.5	5935094978.1
6097000000.0	5002410780.4	3731349222.0	5936055771.8
6098000000.0	5003090120.2	3731725637.9	5937016561.3
6099000000.0	5003769421.7	3732102006.3	5937977346.7
6100000000.0	5004448684.8	3732478327.3	5938938127.9
6101000000.0	5005127909.7	3732854600.7	5939898905.1
6102000000.0	5005807096.3	3733230826.7	5940859678.1
6103000000.0	5006486244.5	3733607005.2	5941820447.0
6104000000.0	5007165354.4	3733983136.2	5942781211.9
6105000000.0	5007844426.1	3734359219.8	5943741972.5
6106000000.0	5008523459.5	3734735256.0	5944702729.1
6107000000.0	5009202454.5	3735111244.7	5945663481.6
6108000000.0	5009881411.3	3735487185.9	5946624229.9
6109000000.0	5010560329.8	3735863079.8	5947584974.1
6110000000.0	5011239210.0	3736238926.2	5948545714.2
6111000000.0	5011918051.9	3736614725.3	5949506450.2
6112000000.0	5012596855.6	3736990477.0	5950467182.1
6113000000.0	5013275621.0	3737366181.2	5951427909.9
6114000000.0	5013954348.1	3737741838.1	5952388633.5
6115000000.0	5014633037.0	3738117447.7	5953349353.0
6116000000.0	5015311687.6	3738493009.9	5954310068.5
6117000000.0	5015990299.9	3738868524.7	5955270779.7
6118000000.0	5016668874.0	3739243992.2	5956231486.9
6119000000.0	5017347409.8	3739619412.4	5957192190.0
6120000000.0	5018025907.4	3739994785.2	5958152888.9
6121000000.0	5018704366.7	3740370110.8	5959113583.8
6122000000.0	5019382787.8	3740745389.0	5960074274.5
6123000000.0	5020061170.7	3741120620.0	5961034961.1
6124000000.0	5020739515.3	3741495803.6	5961995643.5
6125000000.0	5021417821.7	3741870940.0	5962956321.9
6126000000.0	5022096089.8	3742246029.2	5963916996.2
6127000000.0	5022774319.8	3742621071.0	5964877666.3
6128000000.0	5023452511.5	3742996065.7	5965838332.3
6129000000.0	5024130665.0	3743371013.0	5966798994.2
6130000000.0	5024808780.3	3743745913.2	5967759652.0
6131000000.0	5025486857.3	3744120766.1	5968720305.7
6132000000.0	5026164896.2	3744495571.9	5969680955.2
6133000000.0	5026842896.8	3744870330.4	5970641600.7
6134000000.0	5027520859.3	3745245041.7	5971602242.0
6135000000.0	5028198783.5	3745619705.8	5972562879.2
6136000000.0	5028876669.5	3745994322.8	5973523512.3
6137000000.0	5029554517.4	3746368892.6	5974484141.2
6138000000.0	5030232327.0	3746743415.2	5975444766.1
6139000000.0	5030910098.5	3747117890.7	5976405386.8
6140000000.0	5031587831.8	3747492319.1	5977366003.5
6141000000.0	5032265526.9	3747866700.3	5978326616.0
6142000000.0	5032943183.9	3748241034.4	5979287224.4
6143000000.0	5033620802.6	3748615321.4	5980247828.7
6144000000.0	5034298383.2	3748989561.2	5981208428.8
6145000000.0	5034975925.6	3749363754.0	5982169024.9
6146000000.0	5035653429.9	3749737899.7	5983129616.8
6147000000.0	5036330896.0	3750111998.3	5984090204.6
6148000000.0	5037008323.9	3750486049.9	5985050788.3
6149000000.0	5037685713.7	3750860054.4	5986011367.9
6150000000.0	5038363065.3	3751234011.8	5986971943.4
6151000000.0	5039040378.8	3751607922.2	5987932514.7
6152000000.0	5039717654.1	3751981785.5	5988893082.0
6153000000.0	5040394891.3	3752355601.9	5989853645.1
6154000000.0	5041072090.4	3752729371.2	5990814204.1
6155000000.0	5041749251.3	3753103093.5	5991774759.0
6156000000.0	5042426374.1	3753476768.8	5992735309.8
6157000000.0	5043103458.7	3753850397.1	5993695856.5
6158000000.0	5043780505.3	3754223978.4	5994656399.0
6159000000.0	5044457513.7	3754597512.8	5995616937.5
6160000000.0	5045134484.0	3754971000.2	5996577471.8
6161000000.0	5045811416.1	3755344440.7	5997538002.0
6162000000.0	5046488310.2	3755717834.2	5998498528.1
6163000000.0	5047165166.1	3756091180.7	5999459050.0
6164000000.0	5047841984.0	3756464480.4	6000419567.9
6165000000.0	5048518763.7	3756837733.1	6001380081.6
6166000000.0	5049195505.4	3757210938.9	6002340591.3
6167000000.0	5049872208.9	3757584097.8	6003301096.8
6168000000.0	5050548874.3	3757957209.8	6004261598.2
6169000000.0	5051225501.7	3758330275.0	6005222095.5
6170000000.0	5051902091.0	3758703293.2	6006182588.6
6171000000.0	5052578642.2	3759076264.6	6007143077.7
6172000000.0	5053255155.3	3759449189.2	6008103562.6
6173000000.0	5053931630.3	3759822066.9	6009064043.5
6174000000.0	5054608067.2	3760194897.7	6010024520.2
6175000000.0	5055284466.1	3760567681.7	6010984992.8
6176000000.0	5055960826.9	3760940418.9	6011945461.3
6177000000.0	5056637149.7	3761313109.3	6012905925.6
6178000000.0	5057313434.4	3761685752.9	6013866385.9
6179000000.0	5057989681.0	3762058349.7	6014826842.0
6180000000.0	5058665889.6	3762430899.7	6015787294.0
6181000000.0	5059342060.1	3762803402.9	6016747742.0
6182000000.0	5060018192.6	3763175859.4	6017708185.7
6183000000.0	5060694287.0	3763548269.1	6018668625.4
6184000000.0	5061370343.4	3763920632.0	6019629061.0
6185000000.0	5062046361.7	3764292948.2	6020589492.4
6186000000.0	5062722342.1	3764665217.7	6021549919.8
6187000000.0	5063398284.3	3765037440.4	6022510343.0
6188000000.0	5064074188.6	3765409616.5	6023470762.1
6189000000.0	5064750054.8	3765781745.8	6024431177.1
6190000000.0	5065425883.0	3766153828.4	6025391588.0
6191000000.0	5066101673.2	3766525864.3	6026351994.8
6192000000.0	5066777425.4	3766897853.6	6027312397.4
6193000000.0	5067453139.5	3767269796.2	6028272795.9
6194000000.0	5068128815.6	3767641692.1	6029233190.4
6195000000.0	5068804453.8	3768013541.4	6030193580.7
6196000000.0	5069480053.9	3768385344.0	6031153966.9
6197000000.0	5070155616.0	3768757100.0	6032114348.9
6198000000.0	5070831140.2	3769128809.3	6033074726.9
6199000000.0	5071506626.3	3769500472.1	6034035100.8
6200000000.0	5072182074.5	3769872088.2	6034995470.5
6201000000.0	5072857484.6	3770243657.7	6035955836.1
6202000000.0	5073532856.8	3770615180.6	6036916197.6
6203000000.0	5074208191.0	3770986657.0	6037876555.0
6204000000.0	5074883487.2	3771358086.8	6038836908.3
6205000000.0	5075558745.4	3771729470.0	6039797257.5
6206000000.0	5076233965.7	3772100806.6	6040757602.5
6207000000.0	5076909148.0	3772472096.7	6041717943.5
6208000000.0	5077584292.3	3772843340.3	6042678280.3
6209000000.0	5078259398.7	3773214537.3	6043638613.0
6210000000.0	5078934467.1	3773585687.8	6044598941.6
6211000000.0	5079609497.6	3773956791.8	6045559266.1
6212000000.0	5080284490.1	3774327849.3	6046519586.5
6213000000.0	5080959444.6	3774698860.3	6047479902.7
6214000000.0	5081634361.2	3775069824.8	6048440214.9
6215000000.0	5082309239.9	3775440742.8	6049400522.9
6216000000.0	5082984080.6	3775811614.4	6050360826.8
6217000000.0	5083658883.4	3776182439.4	6051321126.6
6218000000.0	5084333648.3	3776553218.1	6052281422.3
6219000000.0	5085008375.2	3776923950.3	6053241713.9
6220000000.0	5085683064.2	3777294636.0	6054202001.4
6221000000.0	5086357715.3	3777665275.4	6055162284.7
6222000000.0	5087032328.4	3778035868.3	6056122564.0
6223000000.0	5087706903.7	3778406414.8	6057082839.1
6224000000.0	5088381441.0	3778776914.9	6058043110.1
6225000000.0	5089055940.4	3779147368.6	6059003377.0
6226000000.0	5089730401.9	3779517775.9	6059963639.8
6227000000.0	5090404825.5	3779888136.9	6060923898.5
6228000000.0	5091079211.2	3780258451.5	6061884153.0
6229000000.0	5091753559.0	3780628719.7	6062844403.5
6230000000.0	5092427868.9	3780998941.6	6063804649.8
6231000000.0	5093102140.9	3781369117.1	6064764892.0
6232000000.0	5093776375.1	3781739246.4	6065725130.1
6233000000.0	5094450571.3	3782109329.3	6066685364.1
6234000000.0	5095124729.7	3782479365.8	6067645594.0
6235000000.0	5095798850.2	3782849356.1	6068605819.7
6236000000.0	5096472932.8	3783219300.1	6069566041.4
6237000000.0	5097146977.5	3783589197.8	6070526258.9
6238000000.0	5097820984.3	3783959049.2	6071486472.4
6239000000.0	5098494953.3	3784328854.3	6072446681.7
6240000000.0	5099168884.5	3784698613.2	6073406886.9
6241000000.0	5099842777.7	3785068325.8	6074367088.0
6242000000.0	5100516633.2	3785437992.2	6075327284.9
6243000000.0	5101190450.7	3785807612.4	6076287477.8
6244000000.0	5101864230.4	3786177186.3	6077247666.5
6245000000.0	5102537972.3	3786546714.0	6078207851.2
6246000000.0	5103211676.3	3786916195.5	6079168031.7
6247000000.0	5103885342.5	3787285630.8	6080128208.1
6248000000.0	5104558970.8	3787655019.9	6081088380.4
6249000000.0	5105232561.4	3788024362.8	6082048548.6
6250000000.0	5105906114.0	3788393659.6	6083008712.7
6251000000.0	5106579628.9	3788762910.2	6083968872.6
6252000000.0	5107253105.9	3789132114.6	6084929028.5
6253000000.0	5107926545.1	3789501272.9	6085889180.2
6254000000.0	5108599946.5	3789870385.0	6086849327.8
6255000000.0	5109273310.1	3790239451.0	6087809471.4
6256000000.0	5109946635.8	3790608470.9	6088769610.8
6257000000.0	5110619923.8	3790977444.7	6089729746.0
6258000000.0	5111293173.9	3791346372.3	6090689877.2
6259000000.0	5111966386.3	3791715253.9	6091650004.3
6260000000.0	5112639560.8	3792084089.4	6092610127.2
6261000000.0	5113312697.5	3792452878.8	6093570246.1
6262000000.0	5113985796.5	3792821622.1	6094530360.8
6263000000.0	5114658857.7	3793190319.4	6095490471.4
6264000000.0	5115331881.0	3793558970.6	6096450577.9
6265000000.0	5116004866.6	3793927575.7	6097410680.3
6266000000.0	5116677814.4	3794296134.9	6098370778.5
6267000000.0	5117350724.5	3794664648.0	6099330872.7
6268000000.0	5118023596.7	3795033115.1	6100290962.8
6269000000.0	5118696431.2	3795401536.1	6101251048.7
6270000000.0	5119369227.9	3795769911.2	6102211130.5
6271000000.0	5120041986.9	3796138240.3	6103171208.2
6272000000.0	5120714708.1	3796506523.4	6104131281.8
6273000000.0	5121387391.5	3796874760.5	6105091351.3
6274000000.0	5122060037.2	3797242951.7	6106051416.7
6275000000.0	5122732645.2	3797611096.9	6107011478.0
6276000000.0	5123405215.4	3797979196.1	6107971535.1
6277000000.0	5124077747.8	3798347249.4	6108931588.2
6278000000.0	5124750242.5	3798715256.8	6109891637.1
6279000000.0	5125422699.4	3799083218.2	6110851681.9
6280000000.0	5126095118.7	3799451133.8	6111811722.6
6281000000.0	5126767500.2	3799819003.4	6112771759.2
6282000000.0	5127439843.9	3800186827.1	6113731791.7
6283000000.0	5128112150.0	3800554605.0	6114691820.1
6284000000.0	5128784418.3	3800922336.9	6115651844.3
6285000000.0	5129456648.9	3801290023.0	6116611864.5
6286000000.0	5130128841.7	3801657663.2	6117571880.5
6287000000.0	5130800996.9	3802025257.6	6118531892.4
6288000000.0	5131473114.4	3802392806.1	6119491900.3
6289000000.0	5132145194.1	3802760308.8	6120451904.0
6290000000.0	5132817236.1	3803127765.6	6121411903.5
6291000000.0	5133489240.5	3803495176.6	6122371899.0
6292000000.0	5134161207.1	3803862541.9	6123331890.4
6293000000.0	5134833136.1	3804229861.3	6124291877.6
6294000000.0	5135505027.3	3804597134.9	6125251860.8
6295000000.0	5136176880.9	3804964362.7	6126211839.8
6296000000.0	5136848696.8	3805331544.8	6127171814.7
6297000000.0	5137520475.0	3805698681.0	6128131785.5
6298000000.0	5138192215.5	3806065771.6	6129091752.2
6299000000.0	5138863918.4	3806432816.3	6130051714.8
6300000000.0	5139535583.5	3806799815.3	6131011673.3
6301000000.0	5140207211.0	3807166768.6	6131971627.7
6302000000.0	5140878800.9	3807533676.2	6132931577.9
6303000000.0	5141550353.1	3807900538.0	6133891524.1
6304000000.0	5142221867.6	3808267354.2	6134851466.1
6305000000.0	5142893344.4	3808634124.6	6135811404.0
6306000000.0	5143564783.7	3809000849.3	6136771337.8
6307000000.0	5144236185.2	3809367528.4	6137731267.5
6308000000.0	5144907549.1	3809734161.8	6138691193.1
6309000000.0	5145578875.4	3810100749.5	6139651114.6
6310000000.0	5146250164.0	3810467291.5	6140611032.0
6311000000.0	5146921415.0	3810833787.9	6141570945.2
6312000000.0	5147592628.4	3811200238.7	6142530854.3
6313000000.0	5148263804.1	3811566643.8	6143490759.4
6314000000.0	5148934942.2	3811933003.3	6144450660.3
6315000000.0	5149606042.7	3812299317.2	6145410557.1
6316000000.0	5150277105.5	3812665585.5	6146370449.8
6317000000.0	5150948130.8	3813031808.2	6147330338.4
6318000000.0	5151619118.4	3813397985.3	6148290222.9
6319000000.0	5152290068.4	3813764116.8	6149250103.2
6320000000.0	5152960980.8	3814130202.7	6150209979.5
6321000000.0	5153631855.6	3814496243.1	6151169851.6
6322000000.0	5154302692.8	3814862237.9	6152129719.7
6323000000.0	5154973492.3	3815228187.1	6153089583.6
6324000000.0	5155644254.3	3815594090.9	6154049443.4
6325000000.0	5156314978.7	3815959949.1	6155009299.1
6326000000.0	5156985665.5	3816325761.7	6155969150.7
6327000000.0	5157656314.8	3816691528.9	6156928998.2
6328000000.0	5158326926.4	3817057250.6	6157888841.6
6329000000.0	5158997500.5	3817422926.7	6158848680.8
6330000000.0	5159668037.0	3817788557.4	6159808516.0
6331000000.0	5160338535.9	3818154142.6	6160768347.0
6332000000.0	5161008997.2	3818519682.3	6161728173.9
6333000000.0	5161679421.0	3818885176.5	6162687996.8
6334000000.0	5162349807.2	3819250625.3	6163647815.5
6335000000.0	5163020155.8	3819616028.7	6164607630.1
6336000000.0	5163690466.9	3819981386.6	6165567440.5
6337000000.0	5164360740.4	3820346699.1	6166527246.9
6338000000.0	5165030976.4	3820711966.2	6167487049.2
6339000000.0	5165701174.8	3821077187.8	6168446847.3
6340000000.0	5166371335.7	3821442364.1	6169406641.4
6341000000.0	5167041459.0	3821807494.9	6170366431.3
6342000000.0	5167711544.9	3822172580.4	6171326217.2
6343000000.0	5168381593.1	3822537620.5	6172285998.9
6344000000.0	5169051603.8	3822902615.2	6173245776.5
6345000000.0	5169721577.0	3823267564.6	6174205550.0
6346000000.0	5170391512.7	3823632468.6	6175165319.4
6347000000.0	5171061410.9	3823997327.3	6176125084.6
6348000000.0	5171731271.5	3824362140.6	6177084845.8
6349000000.0	5172401094.6	3824726908.6	6178044602.9
6350000000.0	5173070880.2	3825091631.3	6179004355.8
6351000000.0	5173740628.3	3825456308.6	6179964104.6
6352000000.0	5174410338.9	3825820940.7	6180923849.4
6353000000.0	5175080012.0	3826185527.5	6181883590.0
6354000000.0	5175749647.5	3826550069.0	6182843326.5
6355000000.0	5176419245.6	3826914565.2	6183803058.9
6356000000.0	5177088806.2	3827279016.1	6184762787.2
6357000000.0	5177758329.3	3827643421.8	6185722511.4
6358000000.0	5178427814.9	3828007782.3	6186682231.4
6359000000.0	5179097263.0	3828372097.5	6187641947.4
6360000000.0	5179766673.6	3828736367.4	6188601659.2
6361000000.0	5180436046.8	3829100592.1	6189561367.0
6362000000.0	5181105382.4	3829464771.7	6190521070.6
6363000000.0	5181774680.6	3829828906.0	6191480770.1
6364000000.0	5182443941.4	3830192995.1	6192440465.5
6365000000.0	5183113164.6	3830557039.0	6193400156.8
6366000000.0	5183782350.4	3830921037.7	6194359844.0
6367000000.0	5184451498.8	3831284991.2	6195319527.1
6368000000.0	5185120609.6	3831648899.6	6196279206.1
6369000000.0	5185789683.1	3832012762.9	6197238880.9
6370000000.0	5186458719.1	3832376580.9	6198198551.7
6371000000.0	5187127717.6	3832740353.9	6199158218.3
6372000000.0	5187796678.7	3833104081.7	6200117880.9
6373000000.0	5188465602.3	3833467764.3	6201077539.3
6374000000.0	5189134488.5	3833831401.9	6202037193.6
6375000000.0	5189803337.3	3834194994.3	6202996843.8
6376000000.0	5190472148.6	3834558541.7	6203956489.9
6377000000.0	5191140922.5	3834922043.9	6204916131.9
6378000000.0	5191809659.0	3835285501.1	6205875769.8
6379000000.0	5192478358.0	3835648913.2	6206835403.5
6380000000.0	5193147019.7	3836012280.3	6207795033.2
6381000000.0	5193815643.9	3836375602.2	6208754658.8
6382000000.0	5194484230.7	3836738879.2	6209714280.2
6383000000.0	5195152780.1	3837102111.0	6210673897.5
6384000000.0	5195821292.1	3837465297.9	6211633510.8
6385000000.0	5196489766.7	3837828439.7	6212593119.9
6386000000.0	5197158203.9	3838191536.5	6213552724.9
6387000000.0	5197826603.6	3838554588.3	6214512325.8
6388000000.0	5198494966.0	3838917595.1	6215471922.6
6389000000.0	5199163291.0	3839280556.9	6216431515.3
6390000000.0	5199831578.7	3839643473.8	6217391103.8
6391000000.0	5200499828.9	3840006345.6	6218350688.3
6392000000.0	5201168041.7	3840369172.5	6219310268.6
6393000000.0	5201836217.2	3840731954.4	6220269844.9
6394000000.0	5202504355.3	3841094691.4	6221229417.0
6395000000.0	5203172456.0	3841457383.5	6222188985.0
6396000000.0	5203840519.3	3841820030.6	6223148549.0
6397000000.0	5204508545.3	3842182632.8	6224108108.8
6398000000.0	5205176533.9	3842545190.0	6225067664.5
6399000000.0	5205844485.2	3842907702.4	6226027216.1
6400000000.0	5206512399.1	3843270169.9	6226986763.6
6401000000.0	5207180275.6	3843632592.4	6227946306.9
6402000000.0	5207848114.8	3843994970.1	6228905846.2
6403000000.0	5208515916.7	3844357302.9	6229865381.4
6404000000.0	5209183681.2	3844719590.9	6230824912.4
6405000000.0	5209851408.3	3845081834.0	6231784439.4
6406000000.0	5210519098.2	3845444032.2	6232743962.2
6407000000.0	5211186750.7	3845806185.6	6233703480.9
6408000000.0	5211854365.8	3846168294.2	6234662995.5
6409000000.0	5212521943.6	3846530357.9	6235622506.0
6410000000.0	5213189484.1	3846892376.9	6236582012.4
6411000000.0	5213856987.3	3847254351.0	6237541514.7
6412000000.0	5214524453.2	3847616280.3	6238501012.9
6413000000.0	5215191881.7	3847978164.8	6239460507.0
6414000000.0	5215859272.9	3848340004.6	6240419997.0
6415000000.0	5216526626.9	3848701799.6	6241379482.8
6416000000.0	5217193943.5	3849063549.8	6242338964.6
6417000000.0	5217861222.8	3849425255.2	6243298442.2
6418000000.0	5218528464.8	3849786915.9	6244257915.7
6419000000.0	5219195669.5	3850148531.9	6245217385.2
6420000000.0	5219862836.9	3850510103.1	6246176850.5
6421000000.0	5220529967.0	3850871629.6	6247136311.7
6422000000.0	5221197059.9	3851233111.4	6248095768.8
6423000000.0	5221864115.4	3851594548.5	6249055221.8
6424000000.0	5222531133.7	3851955940.9	6250014670.7
6425000000.0	5223198114.7	3852317288.6	6250974115.5
6426000000.0	5223865058.4	3852678591.6	6251933556.1
6427000000.0	5224531964.9	3853039849.9	6252892992.7
6428000000.0	5225198834.0	3853401063.6	6253852425.2
6429000000.0	5225865665.9	3853762232.6	6254811853.5
6430000000.0	5226532460.6	3854123356.9	6255771277.7
6431000000.0	5227199218.0	3854484436.7	6256730697.9
6432000000.0	5227865938.1	3854845471.7	6257690113.9
6433000000.0	5228532621.0	3855206462.2	6258649525.8
6434000000.0	5229199266.6	3855567408.0	6259608933.6
6435000000.0	5229865875.0	3855928309.3	6260568337.3
6436000000.0	5230532446.1	3856289165.9	6261527736.9
6437000000.0	5231198980.0	3856649978.0	6262487132.4
6438000000.0	5231865476.6	3857010745.4	6263446523.8
6439000000.0	5232531936.0	3857371468.3	6264405911.1
6440000000.0	5233198358.2	3857732146.6	6265365294.2
6441000000.0	5233864743.2	3858092780.4	6266324673.3
6442000000.0	5234531090.9	3858453369.6	6267284048.2
6443000000.0	5235197401.4	3858813914.3	6268243419.1
6444000000.0	5235863674.7	3859174414.4	6269202785.8
6445000000.0	5236529910.8	3859534870.0	6270162148.4
6446000000.0	5237196109.6	3859895281.1	6271121507.0
6447000000.0	5237862271.3	3860255647.7	6272080861.4
6448000000.0	5238528395.7	3860615969.7	6273040211.7
6449000000.0	5239194483.0	3860976247.3	6273999557.9
6450000000.0	5239860533.0	3861336480.4	6274958900.0
6451000000.0	5240526545.8	3861696669.1	6275918238.0
6452000000.0	5241192521.5	3862056813.2	6276877571.8
6453000000.0	5241858459.9	3862416912.9	6277836901.6
6454000000.0	5242524361.2	3862776968.2	6278796227.3
6455000000.0	5243190225.3	3863136979.0	6279755548.8
6456000000.0	5243856052.2	3863496945.3	6280714866.3
6457000000.0	5244521841.9	3863856867.3	6281674179.6
6458000000.0	5245187594.4	3864216744.8	6282633488.8
6459000000.0	5245853309.8	3864576577.9	6283592794.0
6460000000.0	5246518988.0	3864936366.6	6284552095.0
6461000000.0	5247184629.0	3865296110.9	6285511391.9
6462000000.0	5247850232.9	3865655810.9	6286470684.7
6463000000.0	5248515799.6	3866015466.4	6287429973.4
6464000000.0	5249181329.2	3866375077.6	6288389258.0
6465000000.0	5249846821.5	3866734644.4	6289348538.5
6466000000.0	5250512276.8	3867094166.9	6290307814.9
6467000000.0	5251177694.9	3867453645.0	6291267087.1
6468000000.0	5251843075.8	3867813078.8	6292226355.3
6469000000.0	5252508419.7	3868172468.3	6293185619.4
6470000000.0	5253173726.3	3868531813.4	6294144879.3
6471000000.0	5253838995.9	3868891114.2	6295104135.2
6472000000.0	5254504228.3	3869250370.8	6296063386.9
6473000000.0	5255169423.6	3869609583.0	6297022634.5
6474000000.0	5255834581.7	3869968750.9	6297981878.1
6475000000.0	5256499702.7	3870327874.6	6298941117.5
6476000000.0	5257164786.6	3870686954.0	6299900352.8
6477000000.0	5257829833.4	3871045989.1	6300859584.0
6478000000.0	5258494843.1	3871404980.0	6301818811.1
6479000000.0	5259159815.7	3871763926.6	6302778034.1
6480000000.0	5259824751.1	3872122829.0	6303737253.0
6481000000.0	5260489649.5	3872481687.2	6304696467.8
6482000000.0	5261154510.7	3872840501.1	6305655678.4
6483000000.0	5261819334.9	3873199270.9	6306614885.0
6484000000.0	5262484122.0	3873557996.4	6307574087.5
6485000000.0	5263148871.9	3873916677.7	6308533285.8
6486000000.0	5263813584.8	3874275314.8	6309492480.1
6487000000.0	5264478260.6	3874633907.8	6310451670.2
6488000000.0	5265142899.3	3874992456.6	6311410856.3
6489000000.0	5265807501.0	3875350961.2	6312370038.2
6490000000.0	5266472065.5	3875709421.6	6313329216.0
6491000000.0	5267136593.0	3876067838.0	6314288389.7
6492000000.0	5267801083.4	3876426210.1	6315247559.3
6493000000.0	5268465536.7	3876784538.2	6316206724.9
6494000000.0	5269129953.0	3877142822.1	6317165886.3
6495000000.0	5269794332.3	3877501061.9	6318125043.5
6496000000.0	5270458674.4	3877859257.6	6319084196.7
6497000000.0	5271122979.5	3878217409.2	6320043345.8
6498000000.0	5271787247.6	3878575516.7	6321002490.8
6499000000.0	5272451478.6	3878933580.1	6321961631.7
6500000000.0	5273115672.5	3879291599.4	6322920768.4
6501000000.0	5273779829.5	3879649574.7	6323879901.1
6502000000.0	5274443949.4	3880007505.9	6324839029.6
6503000000.0	5275108032.2	3880365393.1	6325798154.1
6504000000.0	5275772078.0	3880723236.2	6326757274.4
6505000000.0	5276436086.8	3881081035.3	6327716390.7
6506000000.0	5277100058.5	3881438790.4	6328675502.8
6507000000.0	5277763993.3	3881796501.4	6329634610.8
6508000000.0	5278427891.0	3882154168.5	6330593714.7
6509000000.0	5279091751.7	3882511791.5	6331552814.6
6510000000.0	5279755575.4	3882869370.6	6332511910.3
6511000000.0	5280419362.0	3883226905.6	6333471001.9
6512000000.0	5281083111.7	3883584396.7	6334430089.4
6513000000.0	5281746824.3	3883941843.8	6335389172.8
6514000000.0	5282410500.0	3884299247.0	6336348252.0
6515000000.0	5283074138.7	3884656606.2	6337307327.2
6516000000.0	5283737740.3	3885013921.4	6338266398.3
6517000000.0	5284401305.0	3885371192.7	6339225465.3
6518000000.0	5285064832.6	3885728420.1	6340184528.1
6519000000.0	5285728323.3	3886085603.6	6341143586.9
6520000000.0	5286391777.0	3886442743.1	6342102641.6
6521000000.0	5287055193.8	3886799838.8	6343061692.1
6522000000.0	5287718573.5	3887156890.5	6344020738.5
6523000000.0	5288381916.3	3887513898.4	6344979780.9
6524000000.0	5289045222.1	3887870862.4	6345938819.1
6525000000.0	5289708490.9	3888227782.5	6346897853.2
6526000000.0	5290371722.8	3888584658.8	6347856883.3
6527000000.0	5291034917.7	3888941491.1	6348815909.2
6528000000.0	5291698075.7	3889298279.7	6349774931.0
6529000000.0	5292361196.6	3889655024.4	6350733948.7
6530000000.0	5293024280.7	3890011725.3	6351692962.3
6531000000.0	5293687327.8	3890368382.3	6352651971.8
6532000000.0	5294350337.9	3890724995.6	6353610977.2
6533000000.0	5295013311.1	3891081565.0	6354569978.5
6534000000.0	5295676247.4	3891438090.6	6355528975.7
6535000000.0	5296339146.7	3891794572.5	6356487968.7
6536000000.0	5297002009.1	3892151010.5	6357446957.7
6537000000.0	5297664834.6	3892507404.8	6358405942.6
6538000000.0	5298327623.1	3892863755.3	6359364923.4
6539000000.0	5298990374.7	3893220062.1	6360323900.0
6540000000.0	5299653089.4	3893576325.1	6361282872.6
6541000000.0	5300315767.2	3893932544.3	6362241841.0
6542000000.0	5300978408.0	3894288719.8	6363200805.4
6543000000.0	5301641011.9	3894644851.6	6364159765.6
6544000000.0	5302303579.0	3895000939.7	6365118721.7
6545000000.0	5302966109.1	3895356984.1	6366077673.8
6546000000.0	5303628602.3	3895712984.8	6367036621.7
6547000000.0	5304291058.6	3896068941.7	6367995565.5
6548000000.0	5304953478.1	3896424855.0	6368954505.2
6549000000.0	5305615860.6	3896780724.6	6369913440.8
6550000000.0	5306278206.2	3897136550.6	6370872372.3
6551000000.0	5306940515.0	3897492332.8	6371831299.7
6552000000.0	5307602786.8	3897848071.5	6372790223.0
6553000000.0	5308265021.8	3898203766.4	6373749142.2
6554000000.0	5308927219.9	3898559417.8	6374708057.3
6555000000.0	5309589381.2	3898915025.5	6375666968.3
6556000000.0	5310251505.5	3899270589.6	6376625875.2
6557000000.0	5310913593.0	3899626110.0	6377584778.0
6558000000.0	5311575643.6	3899981586.9	6378543676.6
6559000000.0	5312237657.4	3900337020.2	6379502571.2
6560000000.0	5312899634.3	3900692409.9	6380461461.7
6561000000.0	5313561574.3	3901047756.0	6381420348.0
6562000000.0	5314223477.5	3901403058.5	6382379230.3
6563000000.0	5314885343.8	3901758317.4	6383338108.4
6564000000.0	5315547173.3	3902113532.8	6384296982.5
6565000000.0	5316208966.0	3902468704.7	6385255852.4
6566000000.0	5316870721.8	3902823833.0	6386214718.3
6567000000.0	5317532440.7	3903178917.7	6387173580.0
6568000000.0	5318194122.9	3903533959.0	6388132437.6
6569000000.0	5318855768.2	3903888956.7	6389091291.2
6570000000.0	5319517376.6	3904243910.9	6390050140.6
6571000000.0	5320178948.3	3904598821.7	6391008985.9
6572000000.0	5320840483.1	3904953688.9	6391967827.1
6573000000.0	5321501981.1	3905308512.6	6392926664.2
6574000000.0	5322163442.3	3905663292.9	6393885497.2
6575000000.0	5322824866.6	3906018029.7	6394844326.1
6576000000.0	5323486254.2	3906372723.0	6395803150.9
6577000000.0	5324147605.0	3906727372.9	6396761971.6
6578000000.0	5324808918.9	3907081979.3	6397720788.2
6579000000.0	5325470196.0	3907436542.3	6398679600.7
6580000000.0	5326131436.4	3907791061.8	6399638409.1
6581000000.0	5326792639.9	3908145538.0	6400597213.4
6582000000.0	5327453806.7	3908499970.7	6401556013.6
6583000000.0	5328114936.7	3908854360.0	6402514809.6
6584000000.0	5328776029.8	3909208705.9	6403473601.6
6585000000.0	5329437086.2	3909563008.5	6404432389.5
6586000000.0	5330098105.9	3909917267.6	6405391173.2
6587000000.0	5330759088.7	3910271483.4	6406349952.9
6588000000.0	5331420034.8	3910625655.8	6407308728.5
6589000000.0	5332080944.1	3910979784.8	6408267499.9
6590000000.0	5332741816.6	3911333870.5	6409226267.3
6591000000.0	5333402652.3	3911687912.9	6410185030.5
6592000000.0	5334063451.3	3912041911.9	6411143789.7
6593000000.0	5334724213.6	3912395867.6	6412102544.7
6594000000.0	5335384939.1	3912749780.0	6413061295.6
6595000000.0	5336045627.8	3913103649.0	6414020042.5
6596000000.0	5336706279.8	3913457474.8	6414978785.2
6597000000.0	5337366895.0	3913811257.3	6415937523.8
6598000000.0	5338027473.5	3914164996.5	6416896258.4
6599000000.0	5338688015.3	3914518692.4	6417854988.8
6600000000.0	5339348520.3	3914872345.0	6418813715.1
6601000000.0	5340008988.6	3915225954.4	6419772437.3
6602000000.0	5340669420.1	3915579520.5	6420731155.4
6603000000.0	5341329815.0	3915933043.4	6421689869.4
6604000000.0	5341990173.1	3916286523.0	6422648579.3
6605000000.0	5342650494.4	3916639959.4	6423607285.1
6606000000.0	5343310779.1	3916993352.6	6424565986.8
6607000000.0	5343971027.0	3917346702.5	6425524684.4
6608000000.0	5344631238.3	3917700009.3	6426483377.9
6609000000.0	5345291412.8	3918053272.8	6427442067.3
6610000000.0	5345951550.6	3918406493.2	6428400752.6
6611000000.0	5346611651.7	3918759670.4	6429359433.8
6612000000.0	5347271716.1	3919112804.4	6430318110.9
6613000000.0	5347931743.8	3919465895.2	6431276783.8
6614000000.0	5348591734.9	3919818942.9	6432235452.7
6615000000.0	5349251689.2	3920171947.4	6433194117.5
6616000000.0	5349911606.8	3920524908.8	6434152778.2
6617000000.0	5350571487.8	3920877827.0	6435111434.7
6618000000.0	5351231332.1	3921230702.2	6436070087.2
6619000000.0	5351891139.6	3921583534.2	6437028735.6
6620000000.0	5352550910.6	3921936323.0	6437987379.8
6621000000.0	5353210644.8	3922289068.8	6438946020.0
6622000000.0	5353870342.4	3922641771.5	6439904656.0
6623000000.0	5354530003.3	3922994431.1	6440863288.0
6624000000.0	5355189627.5	3923347047.6	6441821915.8
6625000000.0	5355849215.1	3923699621.1	6442780539.6
6626000000.0	5356508766.0	3924052151.4	6443739159.2
6627000000.0	5357168280.3	3924404638.8	6444697774.8
6628000000.0	5357827757.9	3924757083.0	6445656386.2
6629000000.0	5358487198.9	3925109484.3	6446614993.6
6630000000.0	5359146603.2	3925461842.5	6447573596.8
6631000000.0	5359805970.9	3925814157.6	6448532195.9
6632000000.0	5360465302.0	3926166429.8	6449490791.0
6633000000.0	5361124596.4	3926518658.9	6450449381.9
6634000000.0	5361783854.2	3926870845.1	6451407968.7
6635000000.0	5362443075.3	3927222988.2	6452366551.4
6636000000.0	5363102259.8	3927575088.4	6453325130.1
6637000000.0	5363761407.7	3927927145.6	6454283704.6
6638000000.0	5364420519.0	3928279159.8	6455242275.0
6639000000.0	5365079593.6	3928631131.0	6456200841.3
6640000000.0	5365738631.7	3928983059.3	6457159403.5
6641000000.0	5366397633.1	3929334944.7	6458117961.6
6642000000.0	5367056597.9	3929686787.1	6459076515.6
6643000000.0	5367715526.1	3930038586.6	6460035065.6
6644000000.0	5368374417.8	3930390343.1	6460993611.4
6645000000.0	5369033272.8	3930742056.8	6461952153.1
6646000000.0	5369692091.2	3931093727.5	6462910690.7
6647000000.0	5370350873.0	3931445355.4	6463869224.2
6648000000.0	5371009618.2	3931796940.3	6464827753.6
6649000000.0	5371668326.9	3932148482.4	6465786278.9
6650000000.0	5372326998.9	3932499981.6	6466744800.1
6651000000.0	5372985634.4	3932851437.9	6467703317.2
6652000000.0	5373644233.3	3933202851.3	6468661830.1
6653000000.0	5374302795.6	3933554221.9	6469620339.0
6654000000.0	5374961321.4	3933905549.7	6470578843.8
6655000000.0	5375619810.6	3934256834.6	6471537344.5
6656000000.0	5376278263.2	3934608076.7	6472495841.1
6657000000.0	5376936679.3	3934959276.0	6473454333.6
6658000000.0	5377595058.7	3935310432.4	6474412822.0
6659000000.0	5378253401.7	3935661546.1	6475371306.2
6660000000.0	5378911708.1	3936012617.0	6476329786.4
6661000000.0	5379569977.9	3936363645.0	6477288262.5
6662000000.0	5380228211.2	3936714630.3	6478246734.5
6663000000.0	5380886407.9	3937065572.8	6479205202.3
6664000000.0	5381544568.1	3937416472.6	6480163666.1
6665000000.0	5382202691.8	3937767329.6	6481122125.8
6666000000.0	5382860778.9	3938118143.8	6482080581.4
6667000000.0	5383518829.5	3938468915.3	6483039032.8
6668000000.0	5384176843.6	3938819644.0	6483997480.2
6669000000.0	5384834821.1	3939170330.1	6484955923.5
6670000000.0	5385492762.1	3939520973.4	6485914362.6
6671000000.0	5386150666.6	3939871574.0	6486872797.7
6672000000.0	5386808534.6	3940222131.9	6487831228.7
6673000000.0	5387466366.0	3940572647.1	6488789655.5
6674000000.0	5388124161.0	3940923119.6	6489748078.3
6675000000.0	5388781919.4	3941273549.4	6490706496.9
6676000000.0	5389439641.4	3941623936.6	6491664911.5
6677000000.0	5390097326.8	3941974281.1	6492623322.0
6678000000.0	5390754975.7	3942324582.9	6493581728.3
6679000000.0	5391412588.2	3942674842.1	6494540130.6
6680000000.0	5392070164.1	3943025058.7	6495498528.7
6681000000.0	5392727703.6	3943375232.6	6496456922.8
6682000000.0	5393385206.5	3943725363.9	6497415312.7
6683000000.0	5394042673.0	3944075452.5	6498373698.6
6684000000.0	5394700103.0	3944425498.6	6499332080.3
6685000000.0	5395357496.6	3944775502.0	6500290458.0
6686000000.0	5396014853.6	3945125462.9	6501248831.5
6687000000.0	5396672174.2	3945475381.2	6502207201.0
6688000000.0	5397329458.3	3945825256.9	6503165566.3
6689000000.0	5397986705.9	3946175090.0	6504123927.6
6690000000.0	5398643917.1	3946524880.6	6505082284.7
6691000000.0	5399301091.8	3946874628.6	6506040637.8
6692000000.0	5399958230.1	3947224334.0	6506998986.7
6693000000.0	5400615331.9	3947573996.9	6507957331.6
6694000000.0	5401272397.3	3947923617.3	6508915672.3
6695000000.0	5401929426.2	3948273195.2	6509874008.9
6696000000.0	5402586418.7	3948622730.5	6510832341.5
6697000000.0	5403243374.7	3948972223.4	6511790669.9
6698000000.0	5403900294.3	3949321673.7	6512748994.3
6699000000.0	5404557177.4	3949671081.5	6513707314.5
6700000000.0	5405214024.2	3950020446.9	6514665630.6
6701000000.0	5405870834.4	3950369769.8	6515623942.7
6702000000.0	5406527608.3	3950719050.2	6516582250.6
6703000000.0	5407184345.8	3951068288.1	6517540554.5
6704000000.0	5407841046.8	3951417483.6	6518498854.2
6705000000.0	5408497711.4	3951766636.6	6519457149.8
6706000000.0	5409154339.6	3952115747.2	6520415441.4
6707000000.0	5409810931.4	3952464815.4	6521373728.8
6708000000.0	5410467486.7	3952813841.2	6522332012.2
6709000000.0	5411124005.7	3953162824.5	6523290291.4
6710000000.0	5411780488.3	3953511765.4	6524248566.5
6711000000.0	5412436934.4	3953860663.9	6525206837.6
6712000000.0	5413093344.2	3954209520.0	6526165104.5
6713000000.0	5413749717.6	3954558333.8	6527123367.3
6714000000.0	5414406054.6	3954907105.1	6528081626.1
6715000000.0	5415062355.2	3955255834.1	6529039880.7
6716000000.0	5415718619.4	3955604520.8	6529998131.3
6717000000.0	5416374847.2	3955953165.0	6530956377.7
6718000000.0	5417031038.7	3956301767.0	6531914620.0
6719000000.0	5417687193.7	3956650326.6	6532872858.3
6720000000.0	5418343312.4	3956998843.8	6533831092.4
6721000000.0	5418999394.8	3957347318.8	6534789322.4
6722000000.0	5419655440.8	3957695751.4	6535747548.4
6723000000.0	5420311450.4	3958044141.7	6536705770.2
6724000000.0	5420967423.6	3958392489.7	6537663988.0
6725000000.0	5421623360.5	3958740795.4	6538622201.6
6726000000.0	5422279261.1	3959089058.9	6539580411.1
6727000000.0	5422935125.3	3959437280.0	6540538616.6
6728000000.0	5423590953.1	3959785458.9	6541496817.9
6729000000.0	5424246744.6	3960133595.5	6542455015.2
6730000000.0	5424902499.8	3960481689.9	6543413208.3
6731000000.0	5425558218.6	3960829742.0	6544371397.3
6732000000.0	5426213901.1	3961177751.9	6545329582.3
6733000000.0	5426869547.2	3961525719.6	6546287763.1
6734000000.0	5427525157.0	3961873645.0	6547245939.9
6735000000.0	5428180730.5	3962221528.2	6548204112.5
6736000000.0	5428836267.7	3962569369.2	6549162281.1
6737000000.0	5429491768.6	3962917168.0	6550120445.5
6738000000.0	5430147233.1	3963264924.6	6551078605.8
6739000000.0	5430802661.3	3963612639.0	6552036762.1
6740000000.0	5431458053.2	3963960311.3	6552994914.2
6741000000.0	5432113408.8	3964307941.4	6553953062.3
6742000000.0	5432768728.1	3964655529.3	6554911206.2
6743000000.0	5433424011.1	3965003075.1	6555869346.1
6744000000.0	5434079257.8	3965350578.7	6556827481.8
6745000000.0	5434734468.2	3965698040.2	6557785613.5
6746000000.0	5435389642.3	3966045459.5	6558743741.0
6747000000.0	5436044780.1	3966392836.7	6559701864.5
6748000000.0	5436699881.6	3966740171.8	6560659983.8
6749000000.0	5437354946.9	3967087464.8	6561618099.1
6750000000.0	5438009975.8	3967434715.7	6562576210.2
6751000000.0	5438664968.5	3967781924.5	6563534317.3
6752000000.0	5439319924.9	3968129091.3	6564492420.2
6753000000.0	5439974845.1	3968476215.9	6565450519.1
6754000000.0	5440629728.9	3968823298.5	6566408613.9
6755000000.0	5441284576.5	3969170339.0	6567366704.5
6756000000.0	5441939387.9	3969517337.4	6568324791.1
6757000000.0	5442594162.9	3969864293.8	6569282873.5
6758000000.0	5443248901.8	3970211208.2	6570240951.9
6759000000.0	5443903604.3	3970558080.6	6571199026.2
6760000000.0	5444558270.6	3970904910.9	6572157096.3
6761000000.0	5445212900.7	3971251699.2	6573115162.4
6762000000.0	5445867494.5	3971598445.4	6574073224.4
6763000000.0	5446522052.1	3971945149.7	6575031282.2
6764000000.0	5447176573.5	3972291812.0	6575989336.0
6765000000.0	5447831058.6	3972638432.3	6576947385.7
6766000000.0	5448485507.4	3972985010.7	6577905431.2
6767000000.0	5449139920.1	3973331547.0	6578863472.7
6768000000.0	5449794296.5	3973678041.4	6579821510.1
6769000000.0	5450448636.7	3974024493.8	6580779543.4
6770000000.0	5451102940.6	3974370904.3	6581737572.5
6771000000.0	5451757208.4	3974717272.9	6582695597.6
6772000000.0	5452411439.9	3975063599.5	6583653618.6
6773000000.0	5453065635.2	3975409884.2	6584611635.5
6774000000.0	5453719794.4	3975756127.0	6585569648.3
6775000000.0	5454373917.3	3976102327.8	6586527657.0
6776000000.0	5455028004.0	3976448486.8	6587485661.5
6777000000.0	5455682054.5	3976794603.9	6588443662.0
6778000000.0	5456336068.8	3977140679.0	6589401658.4
6779000000.0	5456990046.9	3977486712.3	6590359650.7
6780000000.0	5457643988.8	3977832703.8	6591317638.9
6781000000.0	5458297894.6	3978178653.3	6592275623.0
6782000000.0	5458951764.1	3978524561.1	6593233603.0
6783000000.0	5459605597.5	3978870426.9	6594191578.9
6784000000.0	5460259394.7	3979216250.9	6595149550.7
6785000000.0	5460913155.7	3979562033.1	6596107518.4
6786000000.0	5461566880.5	3979907773.5	6597065482.0
6787000000.0	5462220569.2	3980253472.0	6598023441.5
6788000000.0	5462874221.7	3980599128.7	6598981396.9
6789000000.0	5463527838.0	3980944743.7	6599939348.2
6790000000.0	5464181418.2	3981290316.8	6600897295.5
6791000000.0	5464834962.2	3981635848.1	6601855238.6
6792000000.0	5465488470.1	3981981337.7	6602813177.6
6793000000.0	5466141941.8	3982326785.5	6603771112.5
6794000000.0	5466795377.4	3982672191.5	6604729043.3
6795000000.0	5467448776.8	3983017555.8	6605686970.1
6796000000.0	5468102140.1	3983362878.3	6606644892.7
6797000000.0	5468755467.2	3983708159.1	6607602811.2
6798000000.0	5469408758.2	3984053398.1	6608560725.6
6799000000.0	5470062013.1	3984398595.4	6609518636.0
6800000000.0	5470715231.8	3984743751.0	6610476542.2
6801000000.0	5471368414.4	3985088864.9	6611434444.3
6802000000.0	5472021560.9	3985433937.0	6612392342.4
6803000000.0	5472674671.3	3985778967.5	6613350236.3
6804000000.0	5473327745.5	3986123956.3	6614308126.2
6805000000.0	5473980783.6	3986468903.4	6615266011.9
6806000000.0	5474633785.7	3986813808.8	6616223893.6
6807000000.0	5475286751.6	3987158672.6	6617181771.1
6808000000.0	5475939681.4	3987503494.7	6618139644.6
6809000000.0	5476592575.0	3987848275.1	6619097513.9
6810000000.0	5477245432.6	3988193013.9	6620055379.2
6811000000.0	5477898254.1	3988537711.1	6621013240.3
6812000000.0	5478551039.5	3988882366.6	6621971097.4
6813000000.0	5479203788.8	3989226980.6	6622928950.4
6814000000.0	5479856502.0	3989571552.9	6623886799.2
6815000000.0	5480509179.2	3989916083.5	6624844644.0
6816000000.0	5481161820.2	3990260572.6	6625802484.7
6817000000.0	5481814425.2	3990605020.1	6626760321.3
6818000000.0	5482466994.1	3990949426.1	6627718153.7
6819000000.0	5483119526.9	3991293790.4	6628675982.1
6820000000.0	5483772023.6	3991638113.2	6629633806.4
6821000000.0	5484424484.3	3991982394.4	6630591626.6
6822000000.0	5485076908.9	3992326634.0	6631549442.7
6823000000.0	5485729297.5	3992670832.2	6632507254.7
6824000000.0	5486381650.0	3993014988.7	6633465062.6
6825000000.0	5487033966.4	3993359103.8	6634422866.4
6826000000.0	5487686246.8	3993703177.3	6635380666.1
6827000000.0	5488338491.1	3994047209.3	6636338461.7
6828000000.0	5488990699.4	3994391199.8	6637296253.2
6829000000.0	5489642871.7	3994735148.8	6638254040.6
6830000000.0	5490295007.9	3995079056.3	6639211823.9
6831000000.0	5490947108.0	3995422922.3	6640169603.2
6832000000.0	5491599172.1	3995766746.8	6641127378.3
6833000000.0	5492251200.2	3996110529.8	6642085149.3
6834000000.0	5492903192.3	3996454271.4	6643042916.2
6835000000.0	5493555148.3	3996797971.6	6644000679.1
6836000000.0	5494207068.4	3997141630.3	6644958437.8
6837000000.0	5494858952.3	3997485247.5	6645916192.4
6838000000.0	5495510800.3	3997828823.3	6646873943.0
6839000000.0	5496162612.3	3998172357.7	6647831689.4
6840000000.0	5496814388.2	3998515850.7	6648789431.8
6841000000.0	5497466128.2	3998859302.2	6649747170.0
6842000000.0	5498117832.1	3999202712.4	6650704904.2
6843000000.0	5498769500.1	3999546081.2	6651662634.2
6844000000.0	5499421132.0	3999889408.5	6652620360.2
6845000000.0	5500072727.9	4000232694.5	6653578082.1
6846000000.0	5500724287.9	4000575939.1	6654535799.8
6847000000.0	5501375811.8	4000919142.4	6655493513.5
6848000000.0	5502027299.8	4001262304.2	6656451223.1
6849000000.0	5502678751.8	4001605424.8	6657408928.6
6850000000.0	5503330167.8	4001948504.0	6658366629.9
6851000000.0	5503981547.8	4002291541.8	6659324327.2
6852000000.0	5504632891.9	4002634538.4	6660282020.4
6853000000.0	5505284200.0	4002977493.6	6661239709.5
6854000000.0	5505935472.1	4003320407.4	6662197394.5
6855000000.0	5506586708.2	4003663280.0	6663155075.4
6856000000.0	5507237908.4	4004006111.3	6664112752.2
6857000000.0	5507889072.6	4004348901.3	6665070424.9
6858000000.0	5508540200.9	4004691650.0	6666028093.5
6859000000.0	5509191293.2	4005034357.4	6666985758.1
6860000000.0	5509842349.5	4005377023.6	6667943418.5
6861000000.0	5510493369.9	4005719648.5	6668901074.8
6862000000.0	5511144354.4	4006062232.2	6669858727.0
6863000000.0	5511795302.9	4006404774.5	6670816375.2
6864000000.0	5512446215.5	4006747275.7	6671774019.2
6865000000.0	5513097092.1	4007089735.6	6672731659.1
6866000000.0	5513747932.8	4007432154.3	6673689295.0
6867000000.0	5514398737.6	4007774531.8	6674646926.7
6868000000.0	5515049506.4	4008116868.1	6675604554.4
6869000000.0	5515700239.4	4008459163.2	6676562177.9
6870000000.0	5516350936.4	4008801417.0	6677519797.4
6871000000.0	5517001597.4	4009143629.7	6678477412.8
6872000000.0	5517652222.6	4009485801.2	6679435024.0
6873000000.0	5518302811.9	4009827931.6	6680392631.2
6874000000.0	5518953365.2	4010170020.7	6681350234.3
6875000000.0	5519603882.6	4010512068.8	6682307833.3
6876000000.0	5520254364.2	4010854075.6	6683265428.2
6877000000.0	5520904809.8	4011196041.3	6684223019.0
6878000000.0	5521555219.5	4011537965.9	6685180605.6
6879000000.0	5522205593.4	4011879849.4	6686138188.2
6880000000.0	5522855931.3	4012221691.7	6687095766.8
6881000000.0	5523506233.4	4012563493.0	6688053341.2
6882000000.0	5524156499.5	4012905253.1	6689010911.5
6883000000.0	5524806729.8	4013246972.1	6689968477.7
6884000000.0	5525456924.2	4013588650.0	6690926039.8
6885000000.0	5526107082.7	4013930286.9	6691883597.8
6886000000.0	5526757205.4	4014271882.6	6692841151.8
6887000000.0	5527407292.2	4014613437.3	6693798701.6
6888000000.0	5528057343.1	4014954951.0	6694756247.4
6889000000.0	5528707358.1	4015296423.6	6695713789.0
6890000000.0	5529357337.3	4015637855.1	6696671326.5
6891000000.0	5530007280.7	4015979245.6	6697628860.0
6892000000.0	5530657188.1	4016320595.1	6698586389.4
6893000000.0	5531307059.7	4016661903.5	6699543914.6
6894000000.0	5531956895.5	4017003170.9	6700501435.8
6895000000.0	5532606695.4	4017344397.3	6701458952.9
6896000000.0	5533256459.5	4017685582.8	6702416465.9
6897000000.0	5533906187.7	4018026727.2	6703373974.7
6898000000.0	5534555880.1	4018367830.6	6704331479.5
6899000000.0	5535205536.7	4018708893.1	6705288980.2
6900000000.0	5535855157.4	4019049914.6	6706246476.8
6901000000.0	5536504742.3	4019390895.1	6707203969.3
6902000000.0	5537154291.4	4019731834.6	6708161457.7
6903000000.0	5537803804.6	4020072733.2	6709118942.0
6904000000.0	5538453282.0	4020413590.9	6710076422.3
6905000000.0	5539102723.6	4020754407.6	6711033898.4
6906000000.0	5539752129.4	4021095183.4	6711991370.4
6907000000.0	5540401499.4	4021435918.3	6712948838.4
6908000000.0	5541050833.6	4021776612.3	6713906302.2
6909000000.0	5541700131.9	4022117265.3	6714863761.9
6910000000.0	5542349394.5	4022457877.5	6715821217.6
6911000000.0	5542998621.3	4022798448.8	6716778669.1
6912000000.0	5543647812.2	4023138979.1	6717736116.6
6913000000.0	5544296967.4	4023479468.7	6718693560.0
6914000000.0	5544946086.8	4023819917.3	6719650999.2
6915000000.0	5545595170.4	4024160325.1	6720608434.4
6916000000.0	5546244218.2	4024500692.0	6721565865.5
6917000000.0	5546893230.2	4024841018.1	6722523292.5
6918000000.0	5547542206.4	4025181303.3	6723480715.4
6919000000.0	5548191146.9	4025521547.7	6724438134.2
6920000000.0	5548840051.6	4025861751.3	6725395548.9
6921000000.0	5549488920.5	4026201914.1	6726352959.5
6922000000.0	5550137753.7	4026542036.0	6727310366.0
6923000000.0	5550786551.0	4026882117.1	6728267768.4
6924000000.0	5551435312.7	4027222157.5	6729225166.8
6925000000.0	5552084038.5	4027562157.1	6730182561.0
6926000000.0	5552732728.6	4027902115.8	6731139951.1
6927000000.0	5553381383.0	4028242033.9	6732097337.2
6928000000.0	5554030001.6	4028581911.1	6733054719.1
6929000000.0	5554678584.5	4028921747.6	6734012097.0
6930000000.0	5555327131.6	4029261543.3	6734969470.7
6931000000.0	5555975643.0	4029601298.3	6735926840.4
6932000000.0	5556624118.6	4029941012.5	6736884206.0
6933000000.0	5557272558.5	4030280686.1	6737841567.5
6934000000.0	5557920962.7	4030620318.9	6738798924.8
6935000000.0	5558569331.1	4030959910.9	6739756278.1
6936000000.0	5559217663.8	4031299462.3	6740713627.3
6937000000.0	5559865960.8	4031638973.0	6741670972.4
6938000000.0	5560514222.1	4031978443.0	6742628313.4
6939000000.0	5561162447.7	4032317872.3	6743585650.4
6940000000.0	5561810637.5	4032657260.9	6744542983.2
6941000000.0	5562458791.6	4032996608.8	6745500311.9
6942000000.0	5563106910.0	4033335916.1	6746457636.5
6943000000.0	5563754992.8	4033675182.7	6747414957.1
6944000000.0	5564403039.8	4034014408.7	6748372273.5
6945000000.0	5565051051.1	4034353594.0	6749329585.9
6946000000.0	5565699026.7	4034692738.7	6750286894.1
6947000000.0	5566346966.6	4035031842.8	6751244198.3
6948000000.0	5566994870.8	4035370906.3	6752201498.4
6949000000.0	5567642739.4	4035709929.1	6753158794.3
6950000000.0	5568290572.2	4036048911.3	6754116086.2
6951000000.0	5568938369.4	4036387853.0	6755073374.0
6952000000.0	5569586130.9	4036726754.0	6756030657.7
6953000000.0	5570233856.7	4037065614.5	6756987937.3
6954000000.0	5570881546.9	4037404434.4	6757945212.8
6955000000.0	5571529201.4	4037743213.7	6758902484.2
6956000000.0	5572176820.2	4038081952.4	6759859751.6
6957000000.0	5572824403.3	4038420650.6	6760817014.8
6958000000.0	5573471950.8	4038759308.3	6761774273.9
6959000000.0	5574119462.6	4039097925.4	6762731529.0
6960000000.0	5574766938.8	4039436502.0	6763688779.9
6961000000.0	5575414379.3	4039775038.0	6764646026.8
6962000000.0	5576061784.2	4040113533.6	6765603269.5
6963000000.0	5576709153.4	4040451988.6	6766560508.2
6964000000.0	5577356487.0	4040790403.1	6767517742.8
6965000000.0	5578003784.9	4041128777.1	6768474973.2
6966000000.0	5578651047.2	4041467110.7	6769432199.6
6967000000.0	5579298273.9	4041805403.7	6770389421.9
6968000000.0	5579945464.9	4042143656.3	6771346640.1
6969000000.0	5580592620.3	4042481868.4	6772303854.2
6970000000.0	5581239740.1	4042820040.1	6773261064.2
6971000000.0	5581886824.2	4043158171.3	6774218270.2
6972000000.0	5582533872.8	4043496262.0	6775175472.0
6973000000.0	5583180885.7	4043834312.3	6776132669.7
6974000000.0	5583827863.0	4044172322.2	6777089863.4
6975000000.0	5584474804.7	4044510291.7	6778047052.9
6976000000.0	5585121710.8	4044848220.7	6779004238.4
6977000000.0	5585768581.2	4045186109.4	6779961419.7
6978000000.0	5586415416.1	4045523957.6	6780918597.0
6979000000.0	5587062215.4	4045861765.5	6781875770.2
6980000000.0	5587708979.1	4046199532.9	6782832939.3
6981000000.0	5588355707.2	4046537260.0	6783790104.3
6982000000.0	5589002399.6	4046874946.7	6784747265.2
6983000000.0	5589649056.6	4047212593.0	6785704422.0
6984000000.0	5590295677.9	4047550199.0	6786661574.7
6985000000.0	5590942263.6	4047887764.6	6787618723.3
6986000000.0	5591588813.8	4048225289.9	6788575867.8
6987000000.0	5592235328.4	4048562774.9	6789533008.3
6988000000.0	5592881807.4	4048900219.5	6790490144.6
6989000000.0	5593528250.8	4049237623.8	6791447276.9
6990000000.0	5594174658.7	4049574987.8	6792404405.0
6991000000.0	5594821031.0	4049912311.4	6793361529.1
6992000000.0	5595467367.7	4050249594.8	6794318649.1
6993000000.0	5596113668.9	4050586837.9	6795275765.0
6994000000.0	5596759934.6	4050924040.7	6796232876.7
6995000000.0	5597406164.6	4051261203.2	6797189984.4
6996000000.0	5598052359.2	4051598325.4	6798147088.0
6997000000.0	5598698518.1	4051935407.4	6799104187.6
6998000000.0	5599344641.6	4052272449.1	6800061283.0
6999000000.0	5599990729.5	4052609450.6	6801018374.3
7000000000.0	5600636781.8	4052946411.8	6801975461.5
7001000000.0	5601282798.7	4053283332.8	6802932544.7
7002000000.0	5601928780.0	4053620213.6	6803889623.7
7003000000.0	5602574725.7	4053957054.1	6804846698.7
7004000000.0	5603220636.0	4054293854.4	6805803769.5
7005000000.0	5603866510.7	4054630614.6	6806760836.3
7006000000.0	5604512349.9	4054967334.5	6807717899.0
7007000000.0	5605158153.6	4055304014.2	6808674957.6
7008000000.0	5605803921.7	4055640653.8	6809632012.1
7009000000.0	5606449654.4	4055977253.1	6810589062.5
7010000000.0	5607095351.5	4056313812.3	6811546108.8
7011000000.0	5607741013.2	4056650331.4	6812503151.0
7012000000.0	5608386639.3	4056986810.2	6813460189.1
7013000000.0	5609032229.9	4057323249.0	6814417223.2
7014000000.0	5609677785.1	4057659647.6	6815374253.1
7015000000.0	5610323304.7	4057996006.0	6816331279.0
7016000000.0	5610968788.9	4058332324.3	6817288300.7
7017000000.0	5611614237.5	4058668602.5	6818245318.4
7018000000.0	5612259650.7	4059004840.6	6819202332.0
7019000000.0	5612905028.4	4059341038.6	6820159341.5
7020000000.0	5613550370.6	4059677196.5	6821116346.9
7021000000.0	5614195677.4	4060013314.3	6822073348.2
7022000000.0	5614840948.6	4060349392.0	6823030345.4
7023000000.0	5615486184.4	4060685429.6	6823987338.5
7024000000.0	5616131384.7	4061021427.2	6824944327.5
7025000000.0	5616776549.6	4061357384.7	6825901312.5
7026000000.0	5617421679.0	4061693302.1	6826858293.3
7027000000.0	5618066773.0	4062029179.5	6827815270.0
7028000000.0	5618711831.4	4062365016.9	6828772242.7
7029000000.0	5619356854.5	4062700814.2	6829729211.3
7030000000.0	5620001842.1	4063036571.5	6830686175.8
7031000000.0	5620646794.2	4063372288.8	6831643136.1
7032000000.0	5621291710.9	4063707966.0	6832600092.4
7033000000.0	5621936592.1	4064043603.3	6833557044.6
7034000000.0	5622581438.0	4064379200.5	6834513992.7
7035000000.0	5623226248.3	4064714757.8	6835470936.8
7036000000.0	5623871023.3	4065050275.1	6836427876.7
7037000000.0	5624515762.8	4065385752.4	6837384812.5
7038000000.0	5625160466.9	4065721189.7	6838341744.3
7039000000.0	5625805135.5	4066056587.1	6839298671.9
7040000000.0	5626449768.8	4066391944.5	6840255595.5
7041000000.0	5627094366.6	4066727261.9	6841212515.0
7042000000.0	5627738929.0	4067062539.5	6842169430.3
7043000000.0	5628383456.0	4067397777.0	6843126341.6
7044000000.0	5629027947.6	4067732974.7	6844083248.8
7045000000.0	5629672403.8	4068068132.4	6845040151.9
7046000000.0	5630316824.6	4068403250.3	6845997051.0
7047000000.0	5630961210.0	4068738328.2	6846953945.9
7048000000.0	5631605559.9	4069073366.2	6847910836.7
7049000000.0	5632249874.5	4069408364.4	6848867723.5
7050000000.0	5632894153.7	4069743322.6	6849824606.1
7051000000.0	5633538397.5	4070078241.0	6850781484.7
7052000000.0	5634182605.9	4070413119.5	6851738359.1
7053000000.0	5634826779.0	4070747958.1	6852695229.5
7054000000.0	5635470916.6	4071082756.9	6853652095.8
7055000000.0	5636115018.9	4071417515.8	6854608958.0
7056000000.0	5636759085.8	4071752234.9	6855565816.1
7057000000.0	5637403117.4	4072086914.2	6856522670.1
7058000000.0	5638047113.5	4072421553.6	6857479520.1
7059000000.0	5638691074.3	4072756153.2	6858436365.9
7060000000.0	5639334999.8	4073090713.0	6859393207.6
7061000000.0	5639978889.8	4073425233.0	6860350045.3
7062000000.0	5640622744.6	4073759713.2	6861306878.9
7063000000.0	5641266563.9	4074094153.6	6862263708.3
7064000000.0	5641910348.0	4074428554.2	6863220533.7
7065000000.0	5642554096.6	4074762915.1	6864177355.0
7066000000.0	5643197809.9	4075097236.1	6865134172.2
7067000000.0	5643841487.9	4075431517.4	6866090985.3
7068000000.0	5644485130.6	4075765759.0	6867047794.3
7069000000.0	5645128737.9	4076099960.8	6868004599.3
7070000000.0	5645772309.8	4076434122.8	6868961400.1
7071000000.0	5646415846.5	4076768245.1	6869918196.9
7072000000.0	5647059347.8	4077102327.7	6870874989.5
7073000000.0	5647702813.8	4077436370.6	6871831778.1
7074000000.0	5648346244.5	4077770373.8	6872788562.6
7075000000.0	5648989639.8	4078104337.2	6873745342.9
7076000000.0	5649632999.8	4078438261.0	6874702119.2
7077000000.0	5650276324.6	4078772145.0	6875658891.4
7078000000.0	5650919614.0	4079105989.4	6876615659.6
7079000000.0	5651562868.1	4079439794.1	6877572423.6
7080000000.0	5652206086.9	4079773559.1	6878529183.5
7081000000.0	5652849270.4	4080107284.5	6879485939.4
7082000000.0	5653492418.6	4080440970.2	6880442691.1
7083000000.0	5654135531.5	4080774616.2	6881399438.8
7084000000.0	5654778609.1	4081108222.6	6882356182.4
7085000000.0	5655421651.4	4081441789.4	6883312921.9
7086000000.0	5656064658.4	4081775316.6	6884269657.2
7087000000.0	5656707630.2	4082108804.1	6885226388.6
7088000000.0	5657350566.6	4082442252.0	6886183115.8
7089000000.0	5657993467.8	4082775660.3	6887139838.9
7090000000.0	5658636333.7	4083109029.0	6888096557.9
7091000000.0	5659279164.4	4083442358.1	6889053272.9
7092000000.0	5659921959.8	4083775647.6	6890009983.7
7093000000.0	5660564719.9	4084108897.6	6890966690.5
7094000000.0	5661207444.7	4084442107.9	6891923393.2
7095000000.0	5661850134.3	4084775278.7	6892880091.8
7096000000.0	5662492788.6	4085108410.0	6893836786.3
7097000000.0	5663135407.7	4085441501.7	6894793476.7
7098000000.0	5663777991.5	4085774553.8	6895750163.0
7099000000.0	5664420540.0	4086107566.4	6896706845.2
7100000000.0	5665063053.4	4086440539.5	6897663523.4
7101000000.0	5665705531.4	4086773473.1	6898620197.4
7102000000.0	5666347974.3	4087106367.1	6899576867.4
7103000000.0	5666990381.9	4087439221.6	6900533533.2
7104000000.0	5667632754.2	4087772036.7	6901490195.0
7105000000.0	5668275091.4	4088104812.2	6902446852.7
7106000000.0	5668917393.3	4088437548.2	6903403506.3
7107000000.0	5669559659.9	4088770244.8	6904360155.8
7108000000.0	5670201891.4	4089102901.9	6905316801.2
7109000000.0	5670844087.6	4089435519.5	6906273442.6
7110000000.0	5671486248.6	4089768097.7	6907230079.8
7111000000.0	5672128374.4	4090100636.4	6908186713.0
7112000000.0	5672770465.0	4090433135.7	6909143342.0
7113000000.0	5673412520.4	4090765595.5	6910099967.0
7114000000.0	5674054540.6	4091098015.9	6911056587.9
7115000000.0	5674696525.6	4091430396.9	6912013204.7
7116000000.0	5675338475.3	4091762738.4	6912969817.4
7117000000.0	5675980389.9	4092095040.6	6913926426.0
7118000000.0	5676622269.3	4092427303.3	6914883030.5
7119000000.0	5677264113.5	4092759526.7	6915839631.0
7120000000.0	5677905922.5	4093091710.6	6916796227.3
7121000000.0	5678547696.3	4093423855.2	6917752819.6
7122000000.0	5679189434.9	4093755960.4	6918709407.8
7123000000.0	5679831138.4	4094088026.2	6919665991.9
7124000000.0	5680472806.7	4094420052.7	6920622571.9
7125000000.0	5681114439.8	4094752039.8	6921579147.8
7126000000.0	5681756037.7	4095083987.5	6922535719.6
7127000000.0	5682397600.5	4095415896.0	6923492287.3
7128000000.0	5683039128.1	4095747765.0	6924448851.0
7129000000.0	5683680620.5	4096079594.8	6925405410.5
7130000000.0	5684322077.8	4096411385.2	6926361966.0
7131000000.0	5684963499.9	4096743136.4	6927318517.3
7132000000.0	5685604886.9	4097074848.2	6928275064.6
7133000000.0	5686246238.7	4097406520.7	6929231607.8
7134000000.0	5686887555.3	4097738154.0	6930188146.9
7135000000.0	5687528836.9	4098069747.9	6931144681.9
7136000000.0	5688170083.2	4098401302.6	6932101212.9
7137000000.0	5688811294.5	4098732818.0	6933057739.7
7138000000.0	5689452470.6	4099064294.1	6934014262.5
7139000000.0	5690093611.6	4099395731.0	6934970781.1
7140000000.0	5690734717.4	4099727128.6	6935927295.7
7141000000.0	5691375788.1	4100058487.0	6936883806.2
7142000000.0	5692016823.7	4100389806.2	6937840312.6
7143000000.0	5692657824.2	4100721086.1	6938796814.9
7144000000.0	5693298789.5	4101052326.8	6939753313.1
7145000000.0	5693939719.8	4101383528.3	6940709807.3
7146000000.0	5694580614.9	4101714690.5	6941666297.3
7147000000.0	5695221474.9	4102045813.6	6942622783.3
7148000000.0	5695862299.8	4102376897.5	6943579265.1
7149000000.0	5696503089.6	4102707942.2	6944535742.9
7150000000.0	5697143844.3	4103038947.7	6945492216.6
7151000000.0	5697784563.9	4103369914.0	6946448686.2
7152000000.0	5698425248.4	4103700841.2	6947405151.7
7153000000.0	5699065897.8	4104031729.2	6948361613.2
7154000000.0	5699706512.1	4104362578.1	6949318070.5
7155000000.0	5700347091.3	4104693387.8	6950274523.7
7156000000.0	5700987635.5	4105024158.4	6951230972.9
7157000000.0	5701628144.5	4105354889.8	6952187418.0
7158000000.0	5702268618.5	4105685582.2	6953143859.0
7159000000.0	5702909057.4	4106016235.4	6954100295.9
7160000000.0	5703549461.2	4106346849.5	6955056728.7
7161000000.0	5704189830.0	4106677424.5	6956013157.4
7162000000.0	5704830163.7	4107007960.3	6956969582.0
7163000000.0	5705470462.3	4107338457.2	6957926002.6
7164000000.0	5706110725.9	4107668914.9	6958882419.0
7165000000.0	5706750954.4	4107999333.5	6959838831.4
7166000000.0	5707391147.9	4108329713.1	6960795239.7
7167000000.0	5708031306.3	4108660053.6	6961751643.9
7168000000.0	5708671429.6	4108990355.1	6962708044.0
7169000000.0	5709311518.0	4109320617.5	6963664440.0
7170000000.0	5709951571.2	4109650840.8	6964620832.0
7171000000.0	5710591589.4	4109981025.2	6965577219.8
7172000000.0	5711231572.6	4110311170.5	6966533603.6
7173000000.0	5711871520.8	4110641276.8	6967489983.2
7174000000.0	5712511433.9	4110971344.0	6968446358.8
7175000000.0	5713151312.0	4111301372.3	6969402730.3
7176000000.0	5713791155.0	4111631361.6	6970359097.7
7177000000.0	5714430963.1	4111961311.9	6971315461.0
7178000000.0	5715070736.1	4112291223.1	6972271820.3
7179000000.0	5715710474.1	4112621095.5	6973228175.4
7180000000.0	5716350177.1	4112950928.8	6974184526.5
7181000000.0	5716989845.0	4113280723.2	6975140873.4
7182000000.0	5717629478.0	4113610478.6	6976097216.3
7183000000.0	5718269076.0	4113940195.0	6977053555.1
7184000000.0	5718908638.9	4114269872.5	6978009889.8
7185000000.0	5719548166.9	4114599511.1	6978966220.4
7186000000.0	5720187659.8	4114929110.8	6979922547.0
7187000000.0	5720827117.8	4115258671.5	6980878869.4
7188000000.0	5721466540.7	4115588193.3	6981835187.8
7189000000.0	5722105928.7	4115917676.2	6982791502.0
7190000000.0	5722745281.7	4116247120.2	6983747812.2
7191000000.0	5723384599.7	4116576525.3	6984704118.3
7192000000.0	5724023882.7	4116905891.5	6985660420.3
7193000000.0	5724663130.8	4117235218.8	6986616718.2
7194000000.0	5725302343.8	4117564507.3	6987573012.1
7195000000.0	5725941521.9	4117893756.9	6988529301.8
7196000000.0	5726580665.1	4118222967.6	6989485587.5
7197000000.0	5727219773.2	4118552139.4	6990441869.1
7198000000.0	5727858846.4	4118881272.5	6991398146.5
7199000000.0	5728497884.6	4119210366.6	6992354419.9
7200000000.0	5729136887.9	4119539422.0	6993310689.3
7201000000.0	5729775856.3	4119868438.5	6994266954.5
7202000000.0	5730414789.6	4120197416.2	6995223215.6
7203000000.0	5731053688.0	4120526355.1	6996179472.7
7204000000.0	5731692551.5	4120855255.1	6997135725.6
7205000000.0	5732331380.1	4121184116.4	6998091974.5
7206000000.0	5732970173.6	4121512938.9	6999048219.3
7207000000.0	5733608932.3	4121841722.6	7000004460.0
7208000000.0	5734247656.0	4122170467.5	7000960696.6
7209000000.0	5734886344.8	4122499173.6	7001916929.2
7210000000.0	5735524998.7	4122827841.0	7002873157.6
7211000000.0	5736163617.6	4123156469.6	7003829382.0
7212000000.0	5736802201.6	4123485059.5	7004785602.2
7213000000.0	5737440750.7	4123813610.6	7005741818.4
7214000000.0	5738079264.9	4124142123.0	7006698030.5
7215000000.0	5738717744.1	4124470596.6	7007654238.5
7216000000.0	5739356188.5	4124799031.6	7008610442.5
7217000000.0	5739994597.9	4125127427.8	7009566642.3
7218000000.0	5740632972.4	4125455785.3	7010522838.1
7219000000.0	5741271312.0	4125784104.1	7011479029.7
7220000000.0	5741909616.8	4126112384.2	7012435217.3
7221000000.0	5742547886.6	4126440625.6	7013391400.8
7222000000.0	5743186121.5	4126768828.3	7014347580.2
7223000000.0	5743824321.6	4127096992.3	7015303755.5
7224000000.0	5744462486.7	4127425117.7	7016259926.8
7225000000.0	5745100617.0	4127753204.4	7017216093.9
7226000000.0	5745738712.4	4128081252.5	7018172257.0
7227000000.0	5746376772.9	4128409261.9	7019128415.9
7228000000.0	5747014798.5	4128737232.7	7020084570.8
7229000000.0	5747652789.2	4129065164.8	7021040721.6
7230000000.0	5748290745.1	4129393058.3	7021996868.4
7231000000.0	5748928666.1	4129720913.2	7022953011.0
7232000000.0	5749566552.2	4130048729.4	7023909149.5
7233000000.0	5750204403.5	4130376507.1	7024865284.0
7234000000.0	5750842219.9	4130704246.1	7025821414.4
7235000000.0	5751480001.5	4131031946.6	7026777540.6
7236000000.0	5752117748.2	4131359608.5	7027733662.9
7237000000.0	5752755460.0	4131687231.8	7028689781.0
7238000000.0	5753393137.0	4132014816.5	7029645895.0
7239000000.0	5754030779.2	4132342362.6	7030602004.9
7240000000.0	5754668386.5	4132669870.2	7031558110.8
7241000000.0	5755305959.0	4132997339.2	7032514212.6
7242000000.0	5755943496.6	4133324769.7	7033470310.3
7243000000.0	5756580999.4	4133652161.7	7034426403.9
7244000000.0	5757218467.4	4133979515.1	7035382493.4
7245000000.0	5757855900.5	4134306830.0	7036338578.8
7246000000.0	5758493298.8	4134634106.4	7037294660.1
7247000000.0	5759130662.3	4134961344.2	7038250737.4
7248000000.0	5759767991.0	4135288543.6	7039206810.6
7249000000.0	5760405284.8	4135615704.4	7040162879.7
7250000000.0	5761042543.9	4135942826.8	7041118944.7
7251000000.0	5761679768.1	4136269910.6	7042075005.6
7252000000.0	5762316957.5	4136596956.0	7043031062.4
7253000000.0	5762954112.1	4136923962.9	7043987115.2
7254000000.0	5763591231.9	4137250931.4	7044943163.8
7255000000.0	5764228316.9	4137577861.4	7045899208.4
7256000000.0	5764865367.1	4137904752.9	7046855248.9
7257000000.0	5765502382.6	4138231606.0	7047811285.3
7258000000.0	5766139363.2	4138558420.7	7048767317.6
7259000000.0	5766776309.0	4138885196.9	7049723345.8
7260000000.0	5767413220.0	4139211934.7	7050679370.0
7261000000.0	5768050096.3	4139538634.1	7051635390.0
7262000000.0	5768686937.8	4139865295.1	7052591406.0
7263000000.0	5769323744.5	4140191917.7	7053547417.9
7264000000.0	5769960516.4	4140518501.9	7054503425.7
7265000000.0	5770597253.6	4140845047.6	7055459429.4
7266000000.0	5771233956.0	4141171555.0	7056415429.1
7267000000.0	5771870623.6	4141498024.1	7057371424.6
7268000000.0	5772507256.4	4141824454.7	7058327416.1
7269000000.0	5773143854.5	4142150847.0	7059283403.5
7270000000.0	5773780417.9	4142477200.9	7060239386.8
7271000000.0	5774416946.4	4142803516.5	7061195366.0
7272000000.0	5775053440.3	4143129793.7	7062151341.1
7273000000.0	5775689899.4	4143456032.6	7063107312.1
7274000000.0	5776326323.7	4143782233.2	7064063279.1
7275000000.0	5776962713.3	4144108395.5	7065019242.0
7276000000.0	5777599068.1	4144434519.4	7065975200.7
7277000000.0	5778235388.2	4144760605.0	7066931155.4
7278000000.0	5778871673.6	4145086652.3	7067887106.1
7279000000.0	5779507924.3	4145412661.4	7068843052.6
7280000000.0	5780144140.2	4145738632.1	7069798995.0
7281000000.0	5780780321.4	4146064564.5	7070754933.4
7282000000.0	5781416467.8	4146390458.7	7071710867.7
7283000000.0	5782052579.6	4146716314.6	7072666797.9
7284000000.0	5782688656.6	4147042132.3	7073622724.0
7285000000.0	5783324698.9	4147367911.7	7074578646.0
7286000000.0	5783960706.5	4147693652.8	7075534563.9
7287000000.0	5784596679.4	4148019355.7	7076490477.8
7288000000.0	5785232617.6	4148345020.4	7077446387.6
7289000000.0	5785868521.1	4148670646.8	7078402293.2
7290000000.0	5786504389.8	4148996235.0	7079358194.8
7291000000.0	5787140223.9	4149321785.0	7080314092.4
7292000000.0	5787776023.3	4149647296.8	7081269985.8
7293000000.0	5788411788.0	4149972770.4	7082225875.1
7294000000.0	5789047518.0	4150298205.8	7083181760.4
7295000000.0	5789683213.3	4150623603.0	7084137641.6
7296000000.0	5790318873.9	4150948962.0	7085093518.7
7297000000.0	5790954499.9	4151274282.8	7086049391.7
7298000000.0	5791590091.2	4151599565.5	7087005260.6
7299000000.0	5792225647.8	4151924810.0	7087961125.4
7300000000.0	5792861169.7	4152250016.4	7088916986.2
7301000000.0	5793496656.9	4152575184.6	7089872842.9
7302000000.0	5794132109.5	4152900314.7	7090828695.5
7303000000.0	5794767527.5	4153225406.6	7091784544.0
7304000000.0	5795402910.7	4153550460.4	7092740388.4
7305000000.0	5796038259.3	4153875476.1	7093696228.7
7306000000.0	5796673573.3	4154200453.7	7094652065.0
7307000000.0	5797308852.6	4154525393.1	7095607897.1
7308000000.0	5797944097.2	4154850294.5	7096563725.2
7309000000.0	5798579307.2	4155175157.8	7097519549.2
7310000000.0	5799214482.6	4155499983.0	7098475369.1
7311000000.0	5799849623.3	4155824770.1	7099431185.0
7312000000.0	5800484729.4	4156149519.1	7100386996.7
7313000000.0	5801119800.8	4156474230.0	7101342804.4
7314000000.0	5801754837.6	4156798902.9	7102298608.0
7315000000.0	5802389839.8	4157123537.8	7103254407.5
7316000000.0	5803024807.3	4157448134.6	7104210202.9
7317000000.0	5803659740.2	4157772693.3	7105165994.2
7318000000.0	5804294638.5	4158097214.1	7106121781.4
7319000000.0	5804929502.2	4158421696.8	7107077564.6
7320000000.0	5805564331.3	4158746141.4	7108033343.7
7321000000.0	5806199125.8	4159070548.1	7108989118.7
7322000000.0	5806833885.6	4159394916.7	7109944889.6
7323000000.0	5807468610.8	4159719247.4	7110900656.4
7324000000.0	5808103301.5	4160043540.1	7111856419.2
7325000000.0	5808737957.5	4160367794.7	7112812177.8
7326000000.0	5809372578.9	4160692011.4	7113767932.4
7327000000.0	5810007165.8	4161016190.1	7114723682.9
7328000000.0	5810641718.0	4161340330.9	7115679429.3
7329000000.0	5811276235.7	4161664433.7	7116635171.6
7330000000.0	5811910718.7	4161988498.5	7117590909.9
7331000000.0	5812545167.2	4162312525.4	7118546644.0
7332000000.0	5813179581.1	4162636514.3	7119502374.1
7333000000.0	5813813960.4	4162960465.4	7120458100.1
7334000000.0	5814448305.2	4163284378.4	7121413822.0
7335000000.0	5815082615.3	4163608253.6	7122369539.8
7336000000.0	5815716890.9	4163932090.9	7123325253.6
7337000000.0	5816351132.0	4164255890.2	7124280963.2
7338000000.0	5816985338.4	4164579651.6	7125236668.8
7339000000.0	5817619510.3	4164903375.2	7126192370.3
7340000000.0	5818253647.7	4165227060.8	7127148067.7
7341000000.0	5818887750.5	4165550708.6	7128103761.0
7342000000.0	5819521818.7	4165874318.5	7129059450.3
7343000000.0	5820155852.4	4166197890.6	7130015135.4
7344000000.0	5820789851.5	4166521424.8	7130970816.5
7345000000.0	5821423816.1	4166844921.1	7131926493.5
7346000000.0	5822057746.2	4167168379.6	7132882166.4
7347000000.0	5822691641.7	4167491800.2	7133837835.2
7348000000.0	5823325502.6	4167815183.0	7134793500.0
7349000000.0	5823959329.1	4168138528.0	7135749160.6
7350000000.0	5824593121.0	4168461835.1	7136704817.2
7351000000.0	5825226878.4	4168785104.5	7137660469.7
7352000000.0	5825860601.2	4169108336.0	7138616118.1
7353000000.0	5826494289.5	4169431529.7	7139571762.5
7354000000.0	5827127943.4	4169754685.7	7140527402.7
7355000000.0	5827761562.6	4170077803.8	7141483038.9
7356000000.0	5828395147.4	4170400884.2	7142438671.0
7357000000.0	5829028697.7	4170723926.8	7143394299.0
7358000000.0	5829662213.4	4171046931.6	7144349922.9
7359000000.0	5830295694.7	4171369898.7	7145305542.7
7360000000.0	5830929141.5	4171692828.0	7146261158.5
7361000000.0	5831562553.7	4172015719.5	7147216770.1
7362000000.0	5832195931.5	4172338573.4	7148172377.7
7363000000.0	5832829274.7	4172661389.4	7149127981.2
7364000000.0	5833462583.5	4172984167.8	7150083580.6
7365000000.0	5834095857.8	4173306908.4	7151039176.0
7366000000.0	5834729097.6	4173629611.4	7151994767.2
7367000000.0	5835362302.9	4173952276.6	7152950354.4
7368000000.0	5835995473.7	4174274904.1	7153905937.5
7369000000.0	5836628610.0	4174597493.9	7154861516.5
7370000000.0	5837261711.9	4174920046.0	7155817091.4
7371000000.0	5837894779.3	4175242560.5	7156772662.3
7372000000.0	5838527812.3	4175565037.2	7157728229.0
7373000000.0	5839160810.7	4175887476.3	7158683791.7
7374000000.0	5839793774.7	4176209877.8	7159639350.3
7375000000.0	5840426704.3	4176532241.6	7160594904.8
7376000000.0	5841059599.4	4176854567.7	7161550455.3
7377000000.0	5841692460.0	4177176856.2	7162506001.6
7378000000.0	5842325286.2	4177499107.1	7163461543.9
7379000000.0	5842958077.9	4177821320.3	7164417082.1
7380000000.0	5843590835.2	4178143495.9	7165372616.2
7381000000.0	5844223558.0	4178465633.9	7166328146.2
7382000000.0	5844856246.4	4178787734.3	7167283672.2
7383000000.0	5845488900.4	4179109797.0	7168239194.0
7384000000.0	5846121519.9	4179431822.2	7169194711.8
7385000000.0	5846754105.0	4179753809.8	7170150225.5
7386000000.0	5847386655.7	4180075759.8	7171105735.1
7387000000.0	5848019171.9	4180397672.3	7172061240.6
7388000000.0	5848651653.7	4180719547.1	7173016742.1
7389000000.0	5849284101.1	4181041384.4	7173972239.4
7390000000.0	5849916514.1	4181363184.2	7174927732.7
7391000000.0	5850548892.6	4181684946.4	7175883221.9
7392000000.0	5851181236.8	4182006671.0	7176838707.1
7393000000.0	5851813546.5	4182328358.1	7177794188.1
7394000000.0	5852445821.9	4182650007.7	7178749665.1
7395000000.0	5853078062.8	4182971619.8	7179705137.9
7396000000.0	5853710269.3	4183293194.3	7180660606.7
7397000000.0	5854342441.4	4183614731.4	7181616071.4
7398000000.0	5854974579.1	4183936230.9	7182571532.1
7399000000.0	5855606682.5	4184257692.9	7183526988.6
7400000000.0	5856238751.4	4184579117.5	7184482441.1
7401000000.0	5856870786.0	4184900504.5	7185437889.5
7402000000.0	5857502786.2	4185221854.1	7186393333.8
7403000000.0	5858134751.9	4185543166.2	7187348774.0
7404000000.0	5858766683.4	4185864440.8	7188304210.2
7405000000.0	5859398580.4	4186185678.0	7189259642.2
7406000000.0	5860030443.0	4186506877.8	7190215070.2
7407000000.0	5860662271.3	4186828040.0	7191170494.1
7408000000.0	5861294065.3	4187149164.9	7192125913.9
7409000000.0	5861925824.8	4187470252.3	7193081329.7
7410000000.0	5862557550.0	4187791302.3	7194036741.3
7411000000.0	5863189240.8	4188112314.9	7194992148.9
7412000000.0	5863820897.3	4188433290.0	7195947552.4
7413000000.0	5864452519.4	4188754227.8	7196902951.8
7414000000.0	5865084107.2	4189075128.1	7197858347.1
7415000000.0	5865715660.6	4189395991.1	7198813738.4
7416000000.0	5866347179.7	4189716816.7	7199769125.5
7417000000.0	5866978664.4	4190037604.9	7200724508.6
7418000000.0	5867610114.8	4190358355.7	7201679887.6
7419000000.0	5868241530.9	4190679069.2	7202635262.6
7420000000.0	5868872912.6	4190999745.3	7203590633.4
7421000000.0	5869504260.0	4191320384.0	7204546000.2
7422000000.0	5870135573.1	4191640985.4	7205501362.8
7423000000.0	5870766851.8	4191961549.5	7206456721.4
7424000000.0	5871398096.2	4192282076.2	7207412076.0
7425000000.0	5872029306.3	4192602565.6	7208367426.4
7426000000.0	5872660482.1	4192923017.7	7209322772.8
7427000000.0	5873291623.6	4193243432.4	7210278115.0
7428000000.0	5873922730.7	4193563809.9	7211233453.2
7429000000.0	5874553803.6	4193884150.0	7212188787.4
7430000000.0	5875184842.1	4194204452.9	7213144117.4
7431000000.0	5875815846.3	4194524718.4	7214099443.3
7432000000.0	5876446816.3	4194844946.7	7215054765.2
7433000000.0	5877077751.9	4195165137.7	7216010083.0
7434000000.0	5877708653.2	4195485291.5	7216965396.7
7435000000.0	5878339520.3	4195805408.0	7217920706.4
7436000000.0	5878970353.0	4196125487.2	7218876011.9
7437000000.0	5879601151.5	4196445529.2	7219831313.4
7438000000.0	5880231915.7	4196765533.9	7220786610.8
7439000000.0	5880862645.6	4197085501.4	7221741904.1
7440000000.0	5881493341.2	4197405431.7	7222697193.3
7441000000.0	5882124002.6	4197725324.7	7223652478.5
7442000000.0	5882754629.7	4198045180.5	7224607759.5
7443000000.0	5883385222.5	4198364999.1	7225563036.5
7444000000.0	5884015781.0	4198684780.6	7226518309.4
7445000000.0	5884646305.3	4199004524.8	7227473578.3
7446000000.0	5885276795.3	4199324231.8	7228428843.0
7447000000.0	5885907251.1	4199643901.6	7229384103.7
7448000000.0	5886537672.6	4199963534.3	7230339360.3
7449000000.0	5887168059.8	4200283129.8	7231294612.8
7450000000.0	5887798412.8	4200602688.1	7232249861.2
7451000000.0	5888428731.5	4200922209.3	7233205105.5
7452000000.0	5889059016.0	4201241693.3	7234160345.8
7453000000.0	5889689266.3	4201561140.2	7235115582.0
7454000000.0	5890319482.3	4201880549.9	7236070814.1
7455000000.0	5890949664.1	4202199922.5	7237026042.1
7456000000.0	5891579811.7	4202519258.0	7237981266.1
7457000000.0	5892209925.0	4202838556.3	7238936485.9
7458000000.0	5892840004.1	4203157817.6	7239891701.7
7459000000.0	5893470049.0	4203477041.7	7240846913.4
7460000000.0	5894100059.6	4203796228.8	7241802121.0
7461000000.0	5894730036.0	4204115378.7	7242757324.6
7462000000.0	5895359978.2	4204434491.6	7243712524.1
7463000000.0	5895989886.2	4204753567.3	7244667719.4
7464000000.0	5896619760.0	4205072606.0	7245622910.8
7465000000.0	5897249599.6	4205391607.7	7246578098.0
7466000000.0	5897879405.0	4205710572.2	7247533281.1
7467000000.0	5898509176.1	4206029499.8	7248488460.2
7468000000.0	5899138913.1	4206348390.2	7249443635.2
7469000000.0	5899768615.9	4206667243.7	7250398806.1
7470000000.0	5900398284.4	4206986060.0	7251353972.9
7471000000.0	5901027918.8	4207304839.4	7252309135.7
7472000000.0	5901657519.0	4207623581.7	7253264294.3
7473000000.0	5902287085.0	4207942287.1	7254219448.9
7474000000.0	5902916616.8	4208260955.4	7255174599.4
7475000000.0	5903546114.5	4208579586.7	7256129745.9
7476000000.0	5904175577.9	4208898181.0	7257084888.2
7477000000.0	5904805007.2	4209216738.3	7258040026.5
7478000000.0	5905434402.3	4209535258.7	7258995160.7
7479000000.0	5906063763.3	4209853742.0	7259950290.8
7480000000.0	5906693090.1	4210172188.4	7260905416.8
7481000000.0	5907322382.7	4210490597.9	7261860538.8
7482000000.0	5907951641.1	4210808970.3	7262815656.7
7483000000.0	5908580865.4	4211127305.9	7263770770.4
7484000000.0	5909210055.6	4211445604.4	7264725880.2
7485000000.0	5909839211.6	4211763866.1	7265680985.8
7486000000.0	5910468333.4	4212082090.8	7266636087.4
7487000000.0	5911097421.1	4212400278.5	7267591184.8
7488000000.0	5911726474.6	4212718429.4	7268546278.2
7489000000.0	5912355494.0	4213036543.3	7269501367.6
7490000000.0	5912984479.3	4213354620.4	7270456452.8
7491000000.0	5913613430.4	4213672660.5	7271411534.0
7492000000.0	5914242347.4	4213990663.8	7272366611.0
7493000000.0	5914871230.3	4214308630.1	7273321684.0
7494000000.0	5915500079.0	4214626559.6	7274276753.0
7495000000.0	5916128893.7	4214944452.2	7275231817.8
7496000000.0	5916757674.1	4215262307.9	7276186878.6
7497000000.0	5917386420.5	4215580126.8	7277141935.3
7498000000.0	5918015132.8	4215897908.8	7278096987.9
7499000000.0	5918643810.9	4216215654.0	7279052036.4
7500000000.0	5919272454.9	4216533362.3	7280007080.9
7501000000.0	5919901064.9	4216851033.8	7280962121.2
7502000000.0	5920529640.7	4217168668.5	7281917157.5
7503000000.0	5921158182.4	4217486266.3	7282872189.7
7504000000.0	5921786690.0	4217803827.3	7283827217.9
7505000000.0	5922415163.5	4218121351.5	7284782241.9
7506000000.0	5923043602.9	4218438838.9	7285737261.9
7507000000.0	5923672008.3	4218756289.5	7286692277.8
7508000000.0	5924300379.5	4219073703.3	7287647289.6
7509000000.0	5924928716.6	4219391080.4	7288602297.4
7510000000.0	5925557019.7	4219708420.6	7289557301.0
7511000000.0	5926185288.7	4220025724.1	7290512300.6
7512000000.0	5926813523.6	4220342990.8	7291467296.1
7513000000.0	5927441724.4	4220660220.8	7292422287.6
7514000000.0	5928069891.2	4220977414.0	7293377274.9
7515000000.0	5928698023.9	4221294570.4	7294332258.2
7516000000.0	5929326122.5	4221611690.2	7295287237.4
7517000000.0	5929954187.1	4221928773.1	7296242212.5
7518000000.0	5930582217.6	4222245819.4	7297197183.5
7519000000.0	5931210214.0	4222562828.9	7298152150.5
7520000000.0	5931838176.4	4222879801.8	7299107113.4
7521000000.0	5932466104.7	4223196737.9	7300062072.2
7522000000.0	5933093999.0	4223513637.3	7301017026.9
7523000000.0	5933721859.3	4223830500.0	7301971977.5
7524000000.0	5934349685.5	4224147326.0	7302926924.1
7525000000.0	5934977477.6	4224464115.4	7303881866.6
7526000000.0	5935605235.7	4224780868.0	7304836805.0
7527000000.0	5936232959.8	4225097584.0	7305791739.3
7528000000.0	5936860649.8	4225414263.4	7306746669.6
7529000000.0	5937488305.8	4225730906.1	7307701595.7
7530000000.0	5938115927.8	4226047512.1	7308656517.8
7531000000.0	5938743515.8	4226364081.5	7309611435.9
7532000000.0	5939371069.7	4226680614.2	7310566349.8
7533000000.0	5939998589.6	4226997110.3	7311521259.7
7534000000.0	5940626075.5	4227313569.8	7312476165.5
7535000000.0	5941253527.4	4227629992.7	7313431067.2
7536000000.0	5941880945.3	4227946378.9	7314385964.8
7537000000.0	5942508329.1	4228262728.6	7315340858.3
7538000000.0	5943135679.0	4228579041.6	7316295747.8
7539000000.0	5943762994.8	4228895318.1	7317250633.2
7540000000.0	5944390276.7	4229211558.0	7318205514.5
7541000000.0	5945017524.5	4229527761.2	7319160391.8
7542000000.0	5945644738.4	4229843928.0	7320115264.9
7543000000.0	5946271918.3	4230160058.1	7321070134.0
7544000000.0	5946899064.2	4230476151.7	7322024999.0
7545000000.0	5947526176.0	4230792208.7	7322979860.0
7546000000.0	5948153254.0	4231108229.2	7323934716.8
7547000000.0	5948780297.9	4231424213.1	7324889569.6
7548000000.0	5949407307.8	4231740160.5	7325844418.3
7549000000.0	5950034283.8	4232056071.4	7326799262.9
7550000000.0	5950661225.8	4232371945.7	7327754103.5
7551000000.0	5951288133.8	4232687783.6	7328708939.9
7552000000.0	5951915007.9	4233003584.9	7329663772.3
7553000000.0	5952541848.0	4233319349.7	7330618600.6
7554000000.0	5953168654.1	4233635078.0	7331573424.8
7555000000.0	5953795426.3	4233950769.8	7332528245.0
7556000000.0	5954422164.5	4234266425.2	7333483061.1
7557000000.0	5955048868.8	4234582044.0	7334437873.1
7558000000.0	5955675539.1	4234897626.4	7335392681.0
7559000000.0	5956302175.5	4235213172.3	7336347484.8
7560000000.0	5956928777.9	4235528681.8	7337302284.6
7561000000.0	5957555346.4	4235844154.8	7338257080.3
7562000000.0	5958181880.9	4236159591.4	7339211871.9
7563000000.0	5958808381.5	4236474991.5	7340166659.5
7564000000.0	5959434848.2	4236790355.1	7341121442.9
7565000000.0	5960061281.0	4237105682.4	7342076222.3
7566000000.0	5960687679.8	4237420973.2	7343030997.6
7567000000.0	5961314044.7	4237736227.6	7343985768.8
7568000000.0	5961940375.6	4238051445.6	7344940536.0
7569000000.0	5962566672.7	4238366627.2	7345895299.1
7570000000.0	5963192935.8	4238681772.4	7346850058.1
7571000000.0	5963819165.0	4238996881.2	7347804813.0
7572000000.0	5964445360.3	4239311953.7	7348759563.8
7573000000.0	5965071521.7	4239626989.7	7349714310.6
7574000000.0	5965697649.2	4239941989.4	7350669053.3
7575000000.0	5966323742.7	4240256952.7	7351623791.9
7576000000.0	5966949802.4	4240571879.6	7352578526.4
7577000000.0	5967575828.2	4240886770.2	7353533256.9
7578000000.0	5968201820.1	4241201624.5	7354487983.3
7579000000.0	5968827778.1	4241516442.4	7355442705.6
7580000000.0	5969453702.2	4241831224.0	7356397423.8
7581000000.0	5970079592.4	4242145969.2	7357352138.0
7582000000.0	5970705448.7	4242460678.1	7358306848.0
7583000000.0	5971331271.2	4242775350.7	7359261554.0
7584000000.0	5971957059.7	4243089987.0	7360216256.0
7585000000.0	5972582814.4	4243404587.0	7361170953.8
7586000000.0	5973208535.2	4243719150.7	7362125647.6
7587000000.0	5973834222.2	4244033678.1	7363080337.3
7588000000.0	5974459875.3	4244348169.3	7364035022.9
7589000000.0	5975085494.5	4244662624.1	7364989704.4
7590000000.0	5975711079.8	4244977042.7	7365944381.9
7591000000.0	5976336631.3	4245291425.0	7366899055.3
7592000000.0	5976962148.9	4245605771.1	7367853724.6
7593000000.0	5977587632.7	4245920080.9	7368808389.8
7594000000.0	5978213082.6	4246234354.4	7369763051.0
7595000000.0	5978838498.7	4246548591.7	7370717708.1
7596000000.0	5979463881.0	4246862792.8	7371672361.1
7597000000.0	5980089229.3	4247176957.6	7372627010.0
7598000000.0	5980714543.9	4247491086.3	7373581654.9
7599000000.0	5981339824.6	4247805178.7	7374536295.6
7600000000.0	5981965071.5	4248119234.9	7375490932.3
7601000000.0	5982590284.5	4248433254.9	7376445565.0
7602000000.0	5983215463.7	4248747238.7	7377400193.5
7603000000.0	5983840609.1	4249061186.3	7378354818.0
7604000000.0	5984465720.7	4249375097.8	7379309438.4
7605000000.0	5985090798.4	4249688973.0	7380264054.7
7606000000.0	5985715842.4	4250002812.1	7381218666.9
7607000000.0	5986340852.5	4250316615.0	7382173275.1
7608000000.0	5986965828.8	4250630381.8	7383127879.2
7609000000.0	5987590771.2	4250944112.4	7384082479.2
7610000000.0	5988215679.9	4251257806.9	7385037075.2
7611000000.0	5988840554.8	4251571465.2	7385991667.0
7612000000.0	5989465395.9	4251885087.4	7386946254.8
7613000000.0	5990090203.1	4252198673.4	7387900838.5
7614000000.0	5990714976.6	4252512223.4	7388855418.2
7615000000.0	5991339716.3	4252825737.2	7389809993.7
7616000000.0	5991964422.2	4253139214.9	7390764565.2
7617000000.0	5992589094.3	4253452656.5	7391719132.6
7618000000.0	5993213732.6	4253766062.0	7392673696.0
7619000000.0	5993838337.1	4254079431.5	7393628255.2
7620000000.0	5994462907.9	4254392764.8	7394582810.4
7621000000.0	5995087444.8	4254706062.1	7395537361.5
7622000000.0	5995711948.0	4255019323.3	7396491908.5
7623000000.0	5996336417.5	4255332548.4	7397446451.5
7624000000.0	5996960853.1	4255645737.5	7398400990.4
7625000000.0	5997585255.0	4255958890.5	7399355525.2
7626000000.0	5998209623.1	4256272007.5	7400310055.9
7627000000.0	5998833957.5	4256585088.4	7401264582.6
7628000000.0	5999458258.1	4256898133.3	7402219105.2
7629000000.0	6000082525.0	4257211142.2	7403173623.7
7630000000.0	6000706758.1	4257524115.0	7404128138.1
7631000000.0	6001330957.4	4257837051.9	7405082648.4
7632000000.0	6001955123.0	4258149952.7	7406037154.7
7633000000.0	6002579254.9	4258462817.5	7406991656.9
7634000000.0	6003203353.0	4258775646.3	7407946155.0
7635000000.0	6003827417.4	4259088439.2	7408900649.1
7636000000.0	6004451448.0	4259401196.0	7409855139.1
7637000000.0	6005075444.9	4259713916.9	7410809625.0
7638000000.0	6005699408.1	4260026601.8	7411764106.8
7639000000.0	6006323337.5	4260339250.7	7412718584.6
7640000000.0	6006947233.3	4260651863.7	7413673058.2
7641000000.0	6007571095.3	4260964440.7	7414627527.8
7642000000.0	6008194923.5	4261276981.8	7415581993.4
7643000000.0	6008818718.1	4261589486.9	7416536454.8
7644000000.0	6009442478.9	4261901956.1	7417490912.2
7645000000.0	6010066206.1	4262214389.4	7418445365.5
7646000000.0	6010689899.5	4262526786.8	7419399814.7
7647000000.0	6011313559.2	4262839148.2	7420354259.9
7648000000.0	6011937185.2	4263151473.7	7421308700.9
7649000000.0	6012560777.6	4263463763.3	7422263137.9
7650000000.0	6013184336.2	4263776017.1	7423217570.9
7651000000.0	6013807861.1	4264088234.9	7424171999.7
7652000000.0	6014431352.3	4264400416.8	7425126424.5
7653000000.0	6015054809.9	4264712562.9	7426080845.2
7654000000.0	6015678233.7	4265024673.1	7427035261.8
7655000000.0	6016301623.9	4265336747.4	7427989674.4
7656000000.0	6016924980.4	4265648785.9	7428944082.9
7657000000.0	6017548303.2	4265960788.5	7429898487.3
7658000000.0	6018171592.3	4266272755.3	7430852887.6
7659000000.0	6018794847.8	4266584686.2	7431807283.8
7660000000.0	6019418069.5	4266896581.3	7432761676.0
7661000000.0	6020041257.7	4267208440.6	7433716064.1
7662000000.0	6020664412.1	4267520264.0	7434670448.2
7663000000.0	6021287532.9	4267832051.6	7435624828.1
7664000000.0	6021910620.0	4268143803.4	7436579204.0
7665000000.0	6022533673.5	4268455519.4	7437533575.8
7666000000.0	6023156693.3	4268767199.6	7438487943.5
7667000000.0	6023779679.5	4269078844.0	7439442307.2
7668000000.0	6024402632.0	4269390452.7	7440396666.8
7669000000.0	6025025550.9	4269702025.5	7441351022.3
7670000000.0	6025648436.1	4270013562.6	7442305373.7
7671000000.0	6026271287.7	4270325063.9	7443259721.1
7672000000.0	6026894105.7	4270636529.4	7444214064.4
7673000000.0	6027516890.0	4270947959.2	7445168403.6
7674000000.0	6028139640.6	4271259353.3	7446122738.7
7675000000.0	6028762357.7	4271570711.6	7447077069.8
7676000000.0	6029385041.1	4271882034.1	7448031396.8
7677000000.0	6030007690.9	4272193321.0	7448985719.7
7678000000.0	6030630307.1	4272504572.1	7449940038.5
7679000000.0	6031252889.7	4272815787.4	7450894353.3
7680000000.0	6031875438.6	4273126967.1	7451848664.0
7681000000.0	6032497953.9	4273438111.1	7452802970.6
7682000000.0	6033120435.6	4273749219.4	7453757273.2
7683000000.0	6033742883.8	4274060291.9	7454711571.6
7684000000.0	6034365298.3	4274371328.8	7455665866.0
7685000000.0	6034987679.2	4274682330.0	7456620156.4
7686000000.0	6035610026.5	4274993295.6	7457574442.6
7687000000.0	6036232340.2	4275304225.4	7458528724.8
7688000000.0	6036854620.3	4275615119.6	7459483002.9
7689000000.0	6037476866.8	4275925978.1	7460437276.9
7690000000.0	6038099079.7	4276236801.0	7461391546.9
7691000000.0	6038721259.1	4276547588.3	7462345812.8
7692000000.0	6039343404.8	4276858339.9	7463300074.6
7693000000.0	6039965517.0	4277169055.9	7464254332.3
7694000000.0	6040587595.6	4277479736.2	7465208586.0
7695000000.0	6041209640.6	4277790380.9	7466162835.6
7696000000.0	6041831652.1	4278100990.0	7467117081.1
7697000000.0	6042453630.0	4278411563.6	7468071322.5
7698000000.0	6043075574.3	4278722101.5	7469025559.9
7699000000.0	6043697485.0	4279032603.8	7469979793.2
7700000000.0	6044319362.2	4279343070.5	7470934022.4
7701000000.0	6044941205.8	4279653501.6	7471888247.5
7702000000.0	6045563015.9	4279963897.2	7472842468.6
7703000000.0	6046184792.4	4280274257.2	7473796685.6
7704000000.0	6046806535.4	4280584581.6	7474750898.5
7705000000.0	6047428244.8	4280894870.4	7475705107.4
7706000000.0	6048049920.7	4281205123.7	7476659312.2
7707000000.0	6048671563.0	4281515341.5	7477613512.9
7708000000.0	6049293171.8	4281825523.7	7478567709.5
7709000000.0	6049914747.1	4282135670.4	7479521902.1
7710000000.0	6050536288.8	4282445781.6	7480476090.6
7711000000.0	6051157797.0	4282755857.2	7481430275.0
7712000000.0	6051779271.6	4283065897.3	7482384455.3
7713000000.0	6052400712.8	4283375901.9	7483338631.6
7714000000.0	6053022120.4	4283685871.0	7484292803.8
7715000000.0	6053643494.4	4283995804.7	7485246971.9
7716000000.0	6054264835.0	4284305702.8	7486201135.9
7717000000.0	6054886142.1	4284615565.4	7487155295.9
7718000000.0	6055507415.6	4284925392.6	7488109451.8
7719000000.0	6056128655.6	4285235184.2	7489063603.6
7720000000.0	6056749862.1	4285544940.4	7490017751.4
7721000000.0	6057371035.2	4285854661.2	7490971895.1
7722000000.0	6057992174.7	4286164346.5	7491926034.7
7723000000.0	6058613280.7	4286473996.3	7492880170.2
7724000000.0	6059234353.2	4286783610.7	7493834301.7
7725000000.0	6059855392.2	4287093189.7	7494788429.1
7726000000.0	6060476397.8	4287402733.2	7495742552.4
7727000000.0	6061097369.8	4287712241.3	7496696671.6
7728000000.0	6061718308.3	4288021714.0	7497650786.8
7729000000.0	6062339213.4	4288331151.3	7498604897.9
7730000000.0	6062960085.0	4288640553.2	7499559004.9
7731000000.0	6063580923.1	4288949919.6	7500513107.9
7732000000.0	6064201727.8	4289259250.7	7501467206.8
7733000000.0	6064822498.9	4289568546.4	7502421301.6
7734000000.0	6065443236.6	4289877806.7	7503375392.3
7735000000.0	6066063940.9	4290187031.6	7504329479.0
7736000000.0	6066684611.6	4290496221.2	7505283561.6
7737000000.0	6067305248.9	4290805375.4	7506237640.1
7738000000.0	6067925852.8	4291114494.2	7507191714.5
7739000000.0	6068546423.2	4291423577.7	7508145784.9
7740000000.0	6069166960.1	4291732625.8	7509099851.2
7741000000.0	6069787463.6	4292041638.6	7510053913.5
7742000000.0	6070407933.6	4292350616.1	7511007971.6
7743000000.0	6071028370.2	4292659558.2	7511962025.7
7744000000.0	6071648773.4	4292968465.1	7512916075.7
7745000000.0	6072269143.1	4293277336.6	7513870121.6
7746000000.0	6072889479.3	4293586172.8	7514824163.5
7747000000.0	6073509782.2	4293894973.6	7515778201.3
7748000000.0	6074130051.6	4294203739.2	7516732235.0
7749000000.0	6074750287.6	4294512469.5	7517686264.7
7750000000.0	6075370490.1	4294821164.5	7518640290.3
7751000000.0	6075990659.2	4295129824.3	7519594311.8
7752000000.0	6076610794.9	4295438448.7	7520548329.2
7753000000.0	6077230897.2	4295747037.9	7521502342.6
7754000000.0	6077850966.1	4296055591.9	7522456351.9
7755000000.0	6078471001.6	4296364110.5	7523410357.1
7756000000.0	6079091003.6	4296672594.0	7524364358.2
7757000000.0	6079710972.2	4296981042.2	7525318355.3
7758000000.0	6080330907.5	4297289455.1	7526272348.3
7759000000.0	6080950809.3	4297597832.8	7527226337.2
7760000000.0	6081570677.7	4297906175.3	7528180322.1
7761000000.0	6082190512.8	4298214482.6	7529134302.9
7762000000.0	6082810314.4	4298522754.6	7530088279.6
7763000000.0	6083430082.7	4298830991.5	7531042252.2
7764000000.0	6084049817.5	4299139193.2	7531996220.8
7765000000.0	6084669519.0	4299447359.6	7532950185.3
7766000000.0	6085289187.1	4299755490.9	7533904145.7
7767000000.0	6085908821.8	4300063587.0	7534858102.1
7768000000.0	6086528423.2	4300371647.9	7535812054.4
7769000000.0	6087147991.1	4300679673.6	7536766002.6
7770000000.0	6087767525.7	4300987664.2	7537719946.7
7771000000.0	6088387026.9	4301295619.6	7538673886.8
7772000000.0	6089006494.8	4301603539.9	7539627822.8
7773000000.0	6089625929.3	4301911425.0	7540581754.7
7774000000.0	6090245330.4	4302219275.0	7541535682.6
7775000000.0	6090864698.2	4302527089.8	7542489606.4
7776000000.0	6091484032.6	4302834869.5	7543443526.1
7777000000.0	6092103333.6	4303142614.1	7544397441.7
7778000000.0	6092722601.3	4303450323.6	7545351353.3
7779000000.0	6093341835.7	4303757998.0	7546305260.8
7780000000.0	6093961036.7	4304065637.2	7547259164.2
7781000000.0	6094580204.4	4304373241.4	7548213063.6
7782000000.0	6095199338.7	4304680810.5	7549166958.9
7783000000.0	6095818439.7	4304988344.5	7550120850.1
7784000000.0	6096437507.3	4305295843.4	7551074737.2
7785000000.0	6097056541.7	4305603307.2	7552028620.3
7786000000.0	6097675542.7	4305910736.0	7552982499.3
7787000000.0	6098294510.3	4306218129.7	7553936374.2
7788000000.0	6098913444.7	4306525488.3	7554890245.1
7789000000.0	6099532345.7	4306832811.9	7555844111.9
7790000000.0	6100151213.4	4307140100.5	7556797974.6
7791000000.0	6100770047.8	4307447354.0	7557751833.2
7792000000.0	6101388848.9	4307754572.4	7558705687.8
7793000000.0	6102007616.6	4308061755.9	7559659538.3
7794000000.0	6102626351.1	4308368904.3	7560613384.7
7795000000.0	6103245052.3	4308676017.7	7561567227.1
7796000000.0	6103863720.1	4308983096.1	7562521065.4
7797000000.0	6104482354.7	4309290139.6	7563474899.6
7798000000.0	6105100955.9	4309597148.0	7564428729.8
7799000000.0	6105719523.9	4309904121.4	7565382555.8
7800000000.0	6106338058.5	4310211059.8	7566336377.8
7801000000.0	6106956559.9	4310517963.3	7567290195.8
7802000000.0	6107575028.0	4310824831.8	7568244009.6
7803000000.0	6108193462.8	4311131665.3	7569197819.4
7804000000.0	6108811864.3	4311438463.8	7570151625.2
7805000000.0	6109430232.6	4311745227.4	7571105426.8
7806000000.0	6110048567.6	4312051956.1	7572059224.4
7807000000.0	6110666869.3	4312358649.8	7573013017.9
7808000000.0	6111285137.7	4312665308.6	7573966807.3
7809000000.0	6111903372.9	4312971932.4	7574920592.7
7810000000.0	6112521574.8	4313278521.3	7575874374.0
7811000000.0	6113139743.4	4313585075.3	7576828151.2
7812000000.0	6113757878.8	4313891594.4	7577781924.4
7813000000.0	6114375980.9	4314198078.6	7578735693.5
7814000000.0	6114994049.8	4314504527.9	7579689458.5
7815000000.0	6115612085.4	4314810942.3	7580643219.4
7816000000.0	6116230087.7	4315117321.8	7581596976.3
7817000000.0	6116848056.9	4315423666.4	7582550729.1
7818000000.0	6117465992.7	4315729976.1	7583504477.9
7819000000.0	6118083895.4	4316036251.0	7584458222.5
7820000000.0	6118701764.8	4316342491.0	7585411963.1
7821000000.0	6119319600.9	4316648696.1	7586365699.7
7822000000.0	6119937403.9	4316954866.4	7587319432.1
7823000000.0	6120555173.6	4317261001.9	7588273160.5
7824000000.0	6121172910.0	4317567102.5	7589226884.8
7825000000.0	6121790613.3	4317873168.2	7590180605.1
7826000000.0	6122408283.3	4318179199.2	7591134321.2
7827000000.0	6123025920.1	4318485195.3	7592088033.3
7828000000.0	6123643523.7	4318791156.6	7593041741.4
7829000000.0	6124261094.1	4319097083.1	7593995445.3
7830000000.0	6124878631.2	4319402974.7	7594949145.2
7831000000.0	6125496135.2	4319708831.6	7595902841.0
7832000000.0	6126113606.0	4320014653.7	7596856532.8
7833000000.0	6126731043.5	4320320441.0	7597810220.5
7834000000.0	6127348447.8	4320626193.5	7598763904.1
7835000000.0	6127965819.0	4320931911.3	7599717583.6
7836000000.0	6128583157.0	4321237594.2	7600671259.1
7837000000.0	6129200461.7	4321543242.4	7601624930.5
7838000000.0	6129817733.3	4321848855.9	7602578597.9
7839000000.0	6130434971.7	4322154434.6	7603532261.1
7840000000.0	6131052176.9	4322459978.5	7604485920.3
7841000000.0	6131669348.9	4322765487.7	7605439575.4
7842000000.0	6132286487.7	4323070962.2	7606393226.5
7843000000.0	6132903593.4	4323376401.9	7607346873.5
7844000000.0	6133520665.9	4323681807.0	7608300516.4
7845000000.0	6134137705.2	4323987177.3	7609254155.3
7846000000.0	6134754711.4	4324292512.9	7610207790.0
7847000000.0	6135371684.3	4324597813.8	7611161420.7
7848000000.0	6135988624.2	4324903080.0	7612115047.4
7849000000.0	6136605530.8	4325208311.5	7613068669.9
7850000000.0	6137222404.3	4325513508.3	7614022288.4
7851000000.0	6137839244.7	4325818670.4	7614975902.9
7852000000.0	6138456051.9	4326123797.9	7615929513.2
7853000000.0	6139072825.9	4326428890.6	7616883119.5
7854000000.0	6139689566.8	4326733948.8	7617836721.8
7855000000.0	6140306274.6	4327038972.2	7618790319.9
7856000000.0	6140922949.2	4327343961.0	7619743914.0
7857000000.0	6141539590.7	4327648915.2	7620697504.0
7858000000.0	6142156199.0	4327953834.7	7621651089.9
7859000000.0	6142772774.2	4328258719.6	7622604671.8
7860000000.0	6143389316.3	4328563569.9	7623558249.6
7861000000.0	6144005825.2	4328868385.6	7624511823.4
7862000000.0	6144622301.1	4329173166.6	7625465393.0
7863000000.0	6145238743.8	4329477913.0	7626418958.6
7864000000.0	6145855153.3	4329782624.8	7627372520.2
7865000000.0	6146471529.8	4330087302.0	7628326077.6
7866000000.0	6147087873.1	4330391944.7	7629279631.0
7867000000.0	6147704183.4	4330696552.7	7630233180.3
7868000000.0	6148320460.5	4331001126.1	7631186725.6
7869000000.0	6148936704.5	4331305665.0	7632140266.8
7870000000.0	6149552915.4	4331610169.3	7633093803.9
7871000000.0	6150169093.2	4331914639.1	7634047336.9
7872000000.0	6150785237.9	4332219074.3	7635000865.9
7873000000.0	6151401349.6	4332523474.9	7635954390.8
7874000000.0	6152017428.1	4332827841.0	7636907911.7
7875000000.0	6152633473.5	4333132172.6	7637861428.4
7876000000.0	6153249485.9	4333436469.6	7638814941.1
7877000000.0	6153865465.1	4333740732.1	7639768449.8
7878000000.0	6154481411.3	4334044960.1	7640721954.3
7879000000.0	6155097324.4	4334349153.5	7641675454.8
7880000000.0	6155713204.4	4334653312.5	7642628951.3
7881000000.0	6156329051.3	4334957436.9	7643582443.6
7882000000.0	6156944865.2	4335261526.9	7644535931.9
7883000000.0	6157560646.0	4335565582.3	7645489416.1
7884000000.0	6158176393.7	4335869603.3	7646442896.3
7885000000.0	6158792108.4	4336173589.8	7647396372.4
7886000000.0	6159407790.0	4336477541.8	7648349844.4
7887000000.0	6160023438.6	4336781459.3	7649303312.3
7888000000.0	6160639054.1	4337085342.4	7650256776.2
7889000000.0	6161254636.5	4337389191.0	7651210236.0
7890000000.0	6161870185.9	4337693005.2	7652163691.8
7891000000.0	6162485702.2	4337996784.9	7653117143.5
7892000000.0	6163101185.5	4338300530.2	7654070591.1
7893000000.0	6163716635.8	4338604241.0	7655024034.6
7894000000.0	6164332053.0	4338907917.4	7655977474.1
7895000000.0	6164947437.1	4339211559.4	7656930909.5
7896000000.0	6165562788.3	4339515167.0	7657884340.8
7897000000.0	6166178106.4	4339818740.2	7658837768.1
7898000000.0	6166793391.5	4340122279.0	7659791191.3
7899000000.0	6167408643.5	4340425783.3	7660744610.4
7900000000.0	6168023862.5	4340729253.3	7661698025.5
7901000000.0	6168639048.5	4341032688.9	7662651436.4
7902000000.0	6169254201.5	4341336090.1	7663604843.4
7903000000.0	6169869321.5	4341639456.9	7664558246.2
7904000000.0	6170484408.4	4341942789.4	7665511645.0
7905000000.0	6171099462.4	4342246087.5	7666465039.7
7906000000.0	6171714483.3	4342549351.2	7667418430.4
7907000000.0	6172329471.3	4342852580.6	7668371817.0
7908000000.0	6172944426.2	4343155775.7	7669325199.5
7909000000.0	6173559348.1	4343458936.4	7670278577.9
7910000000.0	6174174237.0	4343762062.7	7671231952.3
7911000000.0	6174789093.0	4344065154.8	7672185322.6
7912000000.0	6175403915.9	4344368212.5	7673138688.9
7913000000.0	6176018705.8	4344671235.9	7674092051.0
7914000000.0	6176633462.8	4344974225.0	7675045409.2
7915000000.0	6177248186.8	4345277179.7	7675998763.2
7916000000.0	6177862877.8	4345580100.2	7676952113.2
7917000000.0	6178477535.8	4345882986.4	7677905459.1
7918000000.0	6179092160.8	4346185838.3	7678858800.9
7919000000.0	6179706752.9	4346488655.9	7679812138.7
7920000000.0	6180321312.0	4346791439.3	7680765472.4
7921000000.0	6180935838.1	4347094188.3	7681718802.0
7922000000.0	6181550331.3	4347396903.2	7682672127.6
7923000000.0	6182164791.5	4347699583.7	7683625449.1
7924000000.0	6182779218.7	4348002230.0	7684578766.5
7925000000.0	6183393613.0	4348304842.0	7685532079.9
7926000000.0	6184007974.3	4348607419.9	7686485389.2
7927000000.0	6184622302.7	4348909963.4	7687438694.4
7928000000.0	6185236598.1	4349212472.8	7688391995.6
7929000000.0	6185850860.6	4349514947.9	7689345292.7
7930000000.0	6186465090.1	4349817388.8	7690298585.7
7931000000.0	6187079286.7	4350119795.5	7691251874.7
7932000000.0	6187693450.4	4350422168.0	7692205159.6
7933000000.0	6188307581.1	4350724506.2	7693158440.4
7934000000.0	6188921678.9	4351026810.3	7694111717.2
7935000000.0	6189535743.7	4351329080.2	7695064989.8
7936000000.0	6190149775.6	4351631315.9	7696018258.5
7937000000.0	6190763774.6	4351933517.5	7696971523.0
7938000000.0	6191377740.7	4352235684.8	7697924783.5
7939000000.0	6191991673.8	4352537818.0	7698878039.9
7940000000.0	6192605574.0	4352839917.1	7699831292.3
7941000000.0	6193219441.4	4353141982.0	7700784540.6
7942000000.0	6193833275.8	4353444012.7	7701737784.8
7943000000.0	6194447077.2	4353746009.3	7702691025.0
7944000000.0	6195060845.8	4354047971.7	7703644261.1
7945000000.0	6195674581.5	4354349900.1	7704597493.1
7946000000.0	6196288284.3	4354651794.3	7705550721.0
7947000000.0	6196901954.2	4354953654.3	7706503944.9
7948000000.0	6197515591.1	4355255480.3	7707457164.8
7949000000.0	6198129195.2	4355557272.2	7708410380.5
7950000000.0	6198742766.4	4355859029.9	7709363592.2
7951000000.0	6199356304.7	4356160753.6	7710316799.8
7952000000.0	6199969810.1	4356462443.2	7711270003.4
7953000000.0	6200583282.7	4356764098.6	7712223202.9
7954000000.0	6201196722.3	4357065720.0	7713176398.3
7955000000.0	6201810129.1	4357367307.4	7714129589.6
7956000000.0	6202423503.0	4357668860.6	7715082776.9
7957000000.0	6203036844.0	4357970379.8	7716035960.1
7958000000.0	6203650152.2	4358271865.0	7716989139.3
7959000000.0	6204263427.4	4358573316.1	7717942314.4
7960000000.0	6204876669.9	4358874733.1	7718895485.4
7961000000.0	6205489879.4	4359176116.1	7719848652.4
7962000000.0	6206103056.1	4359477465.1	7720801815.2
7963000000.0	6206716200.0	4359778780.1	7721754974.1
7964000000.0	6207329310.9	4360080061.0	7722708128.8
7965000000.0	6207942389.1	4360381307.9	7723661279.5
7966000000.0	6208555434.4	4360682520.8	7724614426.1
7967000000.0	6209168446.8	4360983699.7	7725567568.7
7968000000.0	6209781426.4	4361284844.6	7726520707.2
7969000000.0	6210394373.1	4361585955.6	7727473841.6
7970000000.0	6211007287.0	4361887032.5	7728426972.0
7971000000.0	6211620168.1	4362188075.4	7729380098.3
7972000000.0	6212233016.4	4362489084.4	7730333220.5
7973000000.0	6212845831.8	4362790059.4	7731286338.6
7974000000.0	6213458614.4	4363091000.4	7732239452.7
7975000000.0	6214071364.1	4363391907.5	7733192562.8
7976000000.0	6214684081.0	4363692780.6	7734145668.7
7977000000.0	6215296765.2	4363993619.8	7735098770.6
7978000000.0	6215909416.5	4364294425.0	7736051868.4
7979000000.0	6216522034.9	4364595196.3	7737004962.2
7980000000.0	6217134620.6	4364895933.7	7737958051.9
7981000000.0	6217747173.5	4365196637.2	7738911137.5
7982000000.0	6218359693.5	4365497306.7	7739864219.1
7983000000.0	6218972180.8	4365797942.3	7740817296.6
7984000000.0	6219584635.2	4366098544.0	7741770370.0
7985000000.0	6220197056.8	4366399111.8	7742723439.4
7986000000.0	6220809445.7	4366699645.8	7743676504.7
7987000000.0	6221421801.7	4367000145.8	7744629565.9
7988000000.0	6222034125.0	4367300611.9	7745582623.1
7989000000.0	6222646415.5	4367601044.2	7746535676.2
7990000000.0	6223258673.2	4367901442.6	7747488725.2
7991000000.0	6223870898.1	4368201807.1	7748441770.2
7992000000.0	6224483090.2	4368502137.8	7749394811.1
7993000000.0	6225095249.5	4368802434.6	7750347848.0
7994000000.0	6225707376.1	4369102697.6	7751300880.7
7995000000.0	6226319469.9	4369402926.7	7752253909.4
7996000000.0	6226931530.9	4369703122.0	7753206934.1
7997000000.0	6227543559.2	4370003283.4	7754159954.7
7998000000.0	6228155554.7	4370303411.1	7755112971.2
7999000000.0	6228767517.4	4370603504.9	7756065983.6
8000000000.0	6229379447.4	4370903564.9	7757018992.0
8001000000.0	6229991344.6	4371203591.0	7757971996.3
8002000000.0	6230603209.1	4371503583.4	7758924996.6
8003000000.0	6231215040.8	4371803542.0	7759877992.8
8004000000.0	6231826839.7	4372103466.8	7760830984.9
8005000000.0	6232438605.9	4372403357.8	7761783972.9
8006000000.0	6233050339.4	4372703215.0	7762736956.9
8007000000.0	6233662040.1	4373003038.5	7763689936.9
8008000000.0	6234273708.1	4373302828.2	7764642912.7
8009000000.0	6234885343.4	4373602584.1	7765595884.5
8010000000.0	6235496945.9	4373902306.2	7766548852.2
8011000000.0	6236108515.7	4374201994.6	7767501815.9
8012000000.0	6236720052.7	4374501649.3	7768454775.5
8013000000.0	6237331557.1	4374801270.2	7769407731.0
8014000000.0	6237943028.7	4375100857.4	7770360682.5
8015000000.0	6238554467.6	4375400410.9	7771313629.9
8016000000.0	6239165873.7	4375699930.6	7772266573.2
8017000000.0	6239777247.2	4375999416.6	7773219512.5
8018000000.0	6240388587.9	4376298868.9	7774172447.7
8019000000.0	6240999896.0	4376598287.5	7775125378.9
8020000000.0	6241611171.3	4376897672.4	7776078305.9
8021000000.0	6242222413.9	4377197023.6	7777031229.0
8022000000.0	6242833623.8	4377496341.1	7777984147.9
8023000000.0	6243444801.0	4377795624.9	7778937062.8
8024000000.0	6244055945.6	4378094875.1	7779889973.6
8025000000.0	6244667057.4	4378394091.6	7780842880.4
8026000000.0	6245278136.5	4378693274.4	7781795783.1
8027000000.0	6245889183.0	4378992423.5	7782748681.7
8028000000.0	6246500196.7	4379291539.0	7783701576.2
8029000000.0	6247111177.8	4379590620.9	7784654466.7
8030000000.0	6247722126.2	4379889669.1	7785607353.2
8031000000.0	6248333041.9	4380188683.6	7786560235.5
8032000000.0	6248943925.0	4380487664.6	7787513113.8
8033000000.0	6249554775.3	4380786611.9	7788465988.1
8034000000.0	6250165593.0	4381085525.6	7789418858.2
8035000000.0	6250776378.1	4381384405.6	7790371724.4
8036000000.0	6251387130.4	4381683252.1	7791324586.4
8037000000.0	6251997850.1	4381982064.9	7792277444.4
8038000000.0	6252608537.2	4382280844.2	7793230298.3
8039000000.0	6253219191.6	4382579589.9	7794183148.1
8040000000.0	6253829813.3	4382878301.9	7795135993.9
8041000000.0	6254440402.4	4383176980.4	7796088835.6
8042000000.0	6255050958.8	4383475625.4	7797041673.3
8043000000.0	6255661482.6	4383774236.7	7797994506.9
8044000000.0	6256271973.7	4384072814.5	7798947336.4
8045000000.0	6256882432.2	4384371358.7	7799900161.9
8046000000.0	6257492858.1	4384669869.4	7800852983.3
8047000000.0	6258103251.3	4384968346.5	7801805800.6
8048000000.0	6258713611.9	4385266790.1	7802758613.9
8049000000.0	6259323939.8	4385565200.2	7803711423.1
8050000000.0	6259934235.2	4385863576.7	7804664228.2
8051000000.0	6260544497.9	4386161919.7	7805617029.3
8052000000.0	6261154728.0	4386460229.1	7806569826.3
8053000000.0	6261764925.4	4386758505.1	7807522619.3
8054000000.0	6262375090.2	4387056747.6	7808475408.2
8055000000.0	6262985222.5	4387354956.5	7809428193.0
8056000000.0	6263595322.1	4387653132.0	7810380973.8
8057000000.0	6264205389.1	4387951273.9	7811333750.5
8058000000.0	6264815423.5	4388249382.4	7812286523.1
8059000000.0	6265425425.3	4388547457.4	7813239291.7
8060000000.0	6266035394.4	4388845498.9	7814192056.2
8061000000.0	6266645331.0	4389143507.0	7815144816.6
8062000000.0	6267255235.0	4389441481.6	7816097573.0
8063000000.0	6267865106.4	4389739422.7	7817050325.3
8064000000.0	6268474945.2	4390037330.4	7818003073.5
8065000000.0	6269084751.4	4390335204.6	7818955817.7
8066000000.0	6269694525.0	4390633045.4	7819908557.8
8067000000.0	6270304266.1	4390930852.8	7820861293.9
8068000000.0	6270913974.5	4391228626.7	7821814025.9
8069000000.0	6271523650.4	4391526367.3	7822766753.8
8070000000.0	6272133293.7	4391824074.3	7823719477.7
8071000000.0	6272742904.4	4392121748.0	7824672197.5
8072000000.0	6273352482.6	4392419388.3	7825624913.2
8073000000.0	6273962028.2	4392716995.2	7826577624.9
8074000000.0	6274571541.2	4393014568.7	7827530332.5
8075000000.0	6275181021.7	4393312108.8	7828483036.1
8076000000.0	6275790469.6	4393609615.5	7829435735.6
8077000000.0	6276399884.9	4393907088.8	7830388431.0
8078000000.0	6277009267.7	4394204528.7	7831341122.3
8079000000.0	6277618617.9	4394501935.3	7832293809.6
8080000000.0	6278227935.6	4394799308.6	7833246492.9
8081000000.0	6278837220.7	4395096648.4	7834199172.0
8082000000.0	6279446473.3	4395393955.0	7835151847.1
8083000000.0	6280055693.4	4395691228.1	7836104518.2
8084000000.0	6280664880.9	4395988468.0	7837057185.2
8085000000.0	6281274035.8	4396285674.5	7838009848.1
8086000000.0	6281883158.3	4396582847.7	7838962506.9
8087000000.0	6282492248.2	4396879987.5	7839915161.7
8088000000.0	6283101305.6	4397177094.0	7840867812.4
8089000000.0	6283710330.4	4397474167.3	7841820459.1
8090000000.0	6284319322.7	4397771207.2	7842773101.7
8091000000.0	6284928282.5	4398068213.8	7843725740.2
8092000000.0	6285537209.8	4398365187.1	7844678374.7
8093000000.0	6286146104.6	4398662127.2	7845631005.1
8094000000.0	6286754966.8	4398959033.9	7846583631.5
8095000000.0	6287363796.6	4399255907.4	7847536253.8
8096000000.0	6287972593.8	4399552747.6	7848488872.0
8097000000.0	6288581358.5	4399849554.6	7849441486.1
8098000000.0	6289190090.7	4400146328.3	7850394096.2
8099000000.0	6289798790.5	4400443068.7	7851346702.3
8100000000.0	6290407457.7	4400739775.9	7852299304.2
8101000000.0	6291016092.4	4401036449.8	7853251902.2
8102000000.0	6291624694.7	4401333090.5	7854204496.0
8103000000.0	6292233264.4	4401629698.0	7855157085.8
8104000000.0	6292841801.7	4401926272.2	7856109671.5
8105000000.0	6293450306.4	4402222813.2	7857062253.2
8106000000.0	6294058778.7	4402519321.0	7858014830.8
8107000000.0	6294667218.5	4402815795.6	7858967404.3
8108000000.0	6295275625.9	4403112237.0	7859919973.8
8109000000.0	6295884000.7	4403408645.2	7860872539.2
8110000000.0	6296492343.1	4403705020.1	7861825100.5
8111000000.0	6297100653.0	4404001361.9	7862777657.8
8112000000.0	6297708930.5	4404297670.6	7863730211.0
8113000000.0	6298317175.4	4404593946.0	7864682760.2
8114000000.0	6298925388.0	4404890188.3	7865635305.3
8115000000.0	6299533568.0	4405186397.4	7866587846.3
8116000000.0	6300141715.6	4405482573.3	7867540383.3
8117000000.0	6300749830.8	4405778716.1	7868492916.2
8118000000.0	6301357913.5	4406074825.8	7869445445.0
8119000000.0	6301965963.7	4406370902.3	7870397969.8
8120000000.0	6302573981.5	4406666945.6	7871350490.5
8121000000.0	6303181966.9	4406962955.9	7872303007.2
8122000000.0	6303789919.8	4407258933.0	7873255519.8
8123000000.0	6304397840.3	4407554876.9	7874208028.3
8124000000.0	6305005728.4	4407850787.8	7875160532.8
8125000000.0	6305613584.0	4408146665.6	7876113033.2
8126000000.0	6306221407.2	4408442510.2	7877065529.5
8127000000.0	6306829197.9	4408738321.8	7878018021.8
8128000000.0	6307436956.2	4409034100.2	7878970510.1
8129000000.0	6308044682.1	4409329845.6	7879922994.2
8130000000.0	6308652375.6	4409625557.9	7880875474.3
8131000000.0	6309260036.7	4409921237.1	7881827950.4
8132000000.0	6309867665.4	4410216883.3	7882780422.3
8133000000.0	6310475261.6	4410512496.3	7883732890.2
8134000000.0	6311082825.4	4410808076.3	7884685354.1
8135000000.0	6311690356.9	4411103623.3	7885637813.9
8136000000.0	6312297855.9	4411399137.2	7886590269.6
8137000000.0	6312905322.5	4411694618.1	7887542721.3
8138000000.0	6313512756.7	4411990065.9	7888495168.9
8139000000.0	6314120158.5	4412285480.7	7889447612.4
8140000000.0	6314727528.0	4412580862.5	7890400051.9
8141000000.0	6315334865.0	4412876211.2	7891352487.3
8142000000.0	6315942169.6	4413171527.0	7892304918.7
8143000000.0	6316549441.9	4413466809.7	7893257346.0
8144000000.0	6317156681.8	4413762059.4	7894209769.2
8145000000.0	6317763889.3	4414057276.2	7895162188.4
8146000000.0	6318371064.4	4414352459.9	7896114603.5
8147000000.0	6318978207.1	4414647610.6	7897067014.6
8148000000.0	6319585317.5	4414942728.4	7898019421.6
8149000000.0	6320192395.5	4415237813.2	7898971824.5
8150000000.0	6320799441.1	4415532865.0	7899924223.3
8151000000.0	6321406454.4	4415827883.8	7900876618.1
8152000000.0	6322013435.3	4416122869.7	7901829008.9
8153000000.0	6322620383.8	4416417822.6	7902781395.6
8154000000.0	6323227300.0	4416712742.6	7903733778.2
8155000000.0	6323834183.8	4417007629.6	7904686156.8
8156000000.0	6324441035.3	4417302483.7	7905638531.2
8157000000.0	6325047854.4	4417597304.9	7906590901.7
8158000000.0	6325654641.2	4417892093.1	7907543268.1
8159000000.0	6326261395.6	4418186848.5	7908495630.4
8160000000.0	6326868117.7	4418481570.9	7909447988.6
8161000000.0	6327474807.4	4418776260.3	7910400342.8
8162000000.0	6328081464.8	4419070916.9	7911352693.0
8163000000.0	6328688089.9	4419365540.6	7912305039.0
8164000000.0	6329294682.7	4419660131.4	7913257381.0
8165000000.0	6329901243.1	4419954689.3	7914209719.0
8166000000.0	6330507771.2	4420249214.3	7915162052.9
8167000000.0	6331114266.9	4420543706.5	7916114382.7
8168000000.0	6331720730.4	4420838165.7	7917066708.5
8169000000.0	6332327161.5	4421132592.1	7918019030.2
8170000000.0	6332933560.3	4421426985.7	7918971347.8
8171000000.0	6333539926.8	4421721346.4	7919923661.4
8172000000.0	6334146260.9	4422015674.2	7920875970.9
8173000000.0	6334752562.8	4422309969.2	7921828276.4
8174000000.0	6335358832.4	4422604231.3	7922780577.8
8175000000.0	6335965069.6	4422898460.7	7923732875.1
8176000000.0	6336571274.6	4423192657.1	7924685168.4
8177000000.0	6337177447.2	4423486820.8	7925637457.6
8178000000.0	6337783587.6	4423780951.7	7926589742.7
8179000000.0	6338389695.7	4424075049.7	7927542023.8
8180000000.0	6338995771.5	4424369114.9	7928494300.9
8181000000.0	6339601814.9	4424663147.4	7929446573.9
8182000000.0	6340207826.1	4424957147.0	7930398842.8
8183000000.0	6340813805.1	4425251113.8	7931351107.6
8184000000.0	6341419751.7	4425545047.9	7932303368.4
8185000000.0	6342025666.1	4425838949.2	7933255625.1
8186000000.0	6342631548.2	4426132817.7	7934207877.8
8187000000.0	6343237398.0	4426426653.4	7935160126.4
8188000000.0	6343843215.5	4426720456.4	7936112371.0
8189000000.0	6344449000.8	4427014226.6	7937064611.5
8190000000.0	6345054753.8	4427307964.1	7938016847.9
8191000000.0	6345660474.5	4427601668.8	7938969080.3
8192000000.0	6346266163.0	4427895340.8	7939921308.6
8193000000.0	6346871819.3	4428188980.1	7940873532.8
8194000000.0	6347477443.2	4428482586.6	7941825753.0
8195000000.0	6348083035.0	4428776160.4	7942777969.1
8196000000.0	6348688594.4	4429069701.5	7943730181.2
8197000000.0	6349294121.7	4429363209.9	7944682389.2
8198000000.0	6349899616.7	4429656685.5	7945634593.2
8199000000.0	6350505079.4	4429950128.5	7946586793.0
8200000000.0	6351110509.9	4430243538.7	7947538988.9
8201000000.0	6351715908.2	4430536916.3	7948491180.6
8202000000.0	6352321274.2	4430830261.2	7949443368.3
8203000000.0	6352926608.0	4431123573.4	7950395552.0
8204000000.0	6353531909.6	4431416852.9	7951347731.6
8205000000.0	6354137178.9	4431710099.8	7952299907.1
8206000000.0	6354742416.0	4432003314.0	7953252078.6
8207000000.0	6355347620.9	4432296495.5	7954204246.0
8208000000.0	6355952793.6	4432589644.4	7955156409.3
8209000000.0	6356557934.1	4432882760.6	7956108568.6
8210000000.0	6357163042.3	4433175844.2	7957060723.8
8211000000.0	6357768118.4	4433468895.2	7958012875.0
8212000000.0	6358373162.2	4433761913.5	7958965022.1
8213000000.0	6358978173.8	4434054899.2	7959917165.2
8214000000.0	6359583153.2	4434347852.3	7960869304.2
8215000000.0	6360188100.5	4434640772.8	7961821439.1
8216000000.0	6360793015.5	4434933660.6	7962773570.0
8217000000.0	6361397898.3	4435226515.9	7963725696.8
8218000000.0	6362002749.0	4435519338.5	7964677819.5
8219000000.0	6362607567.4	4435812128.6	7965629938.2
8220000000.0	6363212353.7	4436104886.1	7966582052.8
8221000000.0	6363817107.7	4436397611.0	7967534163.4
8222000000.0	6364421829.6	4436690303.3	7968486269.9
8223000000.0	6365026519.3	4436982963.0	7969438372.4
8224000000.0	6365631176.9	4437275590.2	7970390470.8
8225000000.0	6366235802.2	4437568184.8	7971342565.1
8226000000.0	6366840395.4	4437860746.9	7972294655.4
8227000000.0	6367444956.4	4438153276.4	7973246741.6
8228000000.0	6368049485.3	4438445773.4	7974198823.7
8229000000.0	6368653981.9	4438738237.8	7975150901.8
8230000000.0	6369258446.5	4439030669.7	7976102975.9
8231000000.0	6369862878.8	4439323069.1	7977055045.8
8232000000.0	6370467279.0	4439615435.9	7978007111.8
8233000000.0	6371071647.1	4439907770.3	7978959173.6
8234000000.0	6371675983.0	4440200072.1	7979911231.4
8235000000.0	6372280286.7	4440492341.4	7980863285.2
8236000000.0	6372884558.3	4440784578.2	7981815334.8
8237000000.0	6373488797.8	4441076782.6	7982767380.5
8238000000.0	6374093005.1	4441368954.4	7983719422.0
8239000000.0	6374697180.3	4441661093.7	7984671459.5
8240000000.0	6375301323.3	4441953200.6	7985623493.0
8241000000.0	6375905434.2	4442245275.0	7986575522.4
8242000000.0	6376509513.0	4442537316.9	7987527547.7
8243000000.0	6377113559.6	4442829326.4	7988479569.0
8244000000.0	6377717574.1	4443121303.4	7989431586.2
8245000000.0	6378321556.5	4443413247.9	7990383599.3
8246000000.0	6378925506.8	4443705160.1	7991335608.4
8247000000.0	6379529425.0	4443997039.7	7992287613.4
8248000000.0	6380133311.0	4444288887.0	7993239614.4
8249000000.0	6380737164.9	4444580701.8	7994191611.3
8250000000.0	6381340986.7	4444872484.1	7995143604.2
8251000000.0	6381944776.5	4445164234.1	7996095593.0
8252000000.0	6382548534.1	4445455951.6	7997047577.7
8253000000.0	6383152259.6	4445747636.8	7997999558.4
8254000000.0	6383755952.9	4446039289.5	7998951535.0
8255000000.0	6384359614.2	4446330909.8	7999903507.6
8256000000.0	6384963243.5	4446622497.8	8000855476.1
8257000000.0	6385566840.6	4446914053.3	8001807440.5
8258000000.0	6386170405.6	4447205576.5	8002759400.9
8259000000.0	6386773938.5	4447497067.3	8003711357.2
8260000000.0	6387377439.4	4447788525.7	8004663309.5
8261000000.0	6387980908.1	4448079951.8	8005615257.7
8262000000.0	6388584344.8	4448371345.5	8006567201.9
8263000000.0	6389187749.4	4448662706.8	8007519142.0
8264000000.0	6389791121.9	4448954035.8	8008471078.0
8265000000.0	6390394462.4	4449245332.5	8009423010.0
8266000000.0	6390997770.8	4449536596.8	8010374937.9
8267000000.0	6391601047.1	4449827828.8	8011326861.7
8268000000.0	6392204291.4	4450119028.4	8012278781.5
8269000000.0	6392807503.6	4450410195.8	8013230697.3
8270000000.0	6393410683.7	4450701330.8	8014182609.0
8271000000.0	6394013831.8	4450992433.5	8015134516.6
8272000000.0	6394616947.8	4451283503.9	8016086420.2
8273000000.0	6395220031.8	4451574542.0	8017038319.7
8274000000.0	6395823083.7	4451865547.8	8017990215.1
8275000000.0	6396426103.6	4452156521.3	8018942106.5
8276000000.0	6397029091.4	4452447462.5	8019893993.9
8277000000.0	6397632047.2	4452738371.5	8020845877.1
8278000000.0	6398234970.9	4453029248.2	8021797756.4
8279000000.0	6398837862.7	4453320092.6	8022749631.5
8280000000.0	6399440722.3	4453610904.7	8023701502.6
8281000000.0	6400043550.0	4453901684.6	8024653369.7
8282000000.0	6400646345.6	4454192432.2	8025605232.7
8283000000.0	6401249109.2	4454483147.6	8026557091.6
8284000000.0	6401851840.8	4454773830.8	8027508946.5
8285000000.0	6402454540.3	4455064481.7	8028460797.3
8286000000.0	6403057207.8	4455355100.3	8029412644.0
8287000000.0	6403659843.3	4455645686.8	8030364486.7
8288000000.0	6404262446.8	4455936241.0	8031316325.4
8289000000.0	6404865018.3	4456226763.0	8032268160.0
8290000000.0	6405467557.8	4456517252.8	8033219990.5
8291000000.0	6406070065.3	4456807710.5	8034171817.0
8292000000.0	6406672540.7	4457098135.9	8035123639.4
8293000000.0	6407274984.2	4457388529.1	8036075457.7
8294000000.0	6407877395.7	4457678890.1	8037027272.0
8295000000.0	6408479775.1	4457969218.9	8037979082.3
8296000000.0	6409082122.6	4458259515.6	8038930888.4
8297000000.0	6409684438.1	4458549780.1	8039882690.6
8298000000.0	6410286721.6	4458840012.4	8040834488.6
8299000000.0	6410888973.1	4459130212.6	8041786282.6
8300000000.0	6411491192.7	4459420380.6	8042738072.6
8301000000.0	6412093380.2	4459710516.4	8043689858.5
8302000000.0	6412695535.8	4460000620.1	8044641640.3
8303000000.0	6413297659.4	4460290691.7	8045593418.1
8304000000.0	6413899751.0	4460580731.2	8046545191.8
8305000000.0	6414501810.7	4460870738.5	8047496961.5
8306000000.0	6415103838.3	4461160713.6	8048448727.1
8307000000.0	6415705834.1	4461450656.7	8049400488.6
8308000000.0	6416307797.8	4461740567.7	8050352246.1
8309000000.0	6416909729.6	4462030446.5	8051303999.5
8310000000.0	6417511629.5	4462320293.2	8052255748.9
8311000000.0	6418113497.3	4462610107.9	8053207494.2
8312000000.0	6418715333.3	4462899890.4	8054159235.5
8313000000.0	6419317137.3	4463189640.9	8055110972.7
8314000000.0	6419918909.3	4463479359.3	8056062705.9
8315000000.0	6420520649.4	4463769045.6	8057014434.9
8316000000.0	6421122357.5	4464058699.8	8057966160.0
8317000000.0	6421724033.7	4464348322.0	8058917881.0
8318000000.0	6422325678.0	4464637912.1	8059869597.9
8319000000.0	6422927290.3	4464927470.2	8060821310.7
8320000000.0	6423528870.8	4465216996.2	8061773019.6
8321000000.0	6424130419.2	4465506490.2	8062724724.3
8322000000.0	6424731935.8	4465795952.1	8063676425.0
8323000000.0	6425333420.4	4466085382.0	8064628121.6
8324000000.0	6425934873.1	4466374779.8	8065579814.2
8325000000.0	6426536293.9	4466664145.7	8066531502.7
8326000000.0	6427137682.7	4466953479.5	8067483187.2
8327000000.0	6427739039.7	4467242781.3	8068434867.6
8328000000.0	6428340364.7	4467532051.1	8069386544.0
8329000000.0	6428941657.8	4467821288.9	8070338216.3
8330000000.0	6429542919.1	4468110494.7	8071289884.5
8331000000.0	6430144148.4	4468399668.6	8072241548.7
8332000000.0	6430745345.8	4468688810.4	8073193208.8
8333000000.0	6431346511.3	4468977920.2	8074144864.9
8334000000.0	6431947644.9	4469266998.1	8075096516.9
8335000000.0	6432548746.7	4469556044.0	8076048164.8
8336000000.0	6433149816.5	4469845058.0	8076999808.7
8337000000.0	6433750854.4	4470134040.0	8077951448.6
8338000000.0	6434351860.5	4470422990.0	8078903084.4
8339000000.0	6434952834.7	4470711908.1	8079854716.1
8340000000.0	6435553777.0	4471000794.2	8080806343.8
8341000000.0	6436154687.4	4471289648.4	8081757967.4
8342000000.0	6436755565.9	4471578470.7	8082709586.9
8343000000.0	6437356412.6	4471867261.0	8083661202.5
8344000000.0	6437957227.4	4472156019.5	8084612813.9
8345000000.0	6438558010.3	4472444746.0	8085564421.3
8346000000.0	6439158761.3	4472733440.6	8086516024.6
8347000000.0	6439759480.5	4473022103.2	8087467623.9
8348000000.0	6440360167.9	4473310734.0	8088419219.1
8349000000.0	6440960823.3	4473599332.9	8089370810.3
8350000000.0	6441561447.0	4473887899.9	8090322397.4
8351000000.0	6442162038.7	4474176435.0	8091273980.5
8352000000.0	6442762598.6	4474464938.3	8092225559.5
8353000000.0	6443363126.7	4474753409.6	8093177134.4
8354000000.0	6443963622.9	4475041849.1	8094128705.3
8355000000.0	6444564087.3	4475330256.8	8095080272.1
8356000000.0	6445164519.8	4475618632.5	8096031834.9
8357000000.0	6445764920.5	4475906976.4	8096983393.6
8358000000.0	6446365289.4	4476195288.5	8097934948.3
8359000000.0	6446965626.4	4476483568.7	8098886498.9
8360000000.0	6447565931.6	4476771817.1	8099838045.4
8361000000.0	6448166205.0	4477060033.7	8100789587.9
8362000000.0	6448766446.5	4477348218.4	8101741126.4
8363000000.0	6449366656.2	4477636371.3	8102692660.8
8364000000.0	6449966834.1	4477924492.4	8103644191.1
8365000000.0	6450566980.2	4478212581.7	8104595717.4
8366000000.0	6451167094.5	4478500639.2	8105547239.6
8367000000.0	6451767176.9	4478788664.9	8106498757.7
8368000000.0	6452367227.6	4479076658.8	8107450271.8
8369000000.0	6452967246.4	4479364620.8	8108401781.9
8370000000.0	6453567233.4	4479652551.2	8109353287.9
8371000000.0	6454167188.6	4479940449.7	8110304789.8
8372000000.0	6454767112.1	4480228316.4	8111256287.7
8373000000.0	6455367003.7	4480516151.4	8112207781.5
8374000000.0	6455966863.5	4480803954.6	8113159271.3
8375000000.0	6456566691.6	4481091726.1	8114110757.0
8376000000.0	6457166487.8	4481379465.8	8115062238.7
8377000000.0	6457766252.3	4481667173.8	8116013716.3
8378000000.0	6458365984.9	4481954850.0	8116965189.9
8379000000.0	6458965685.8	4482242494.5	8117916659.3
8380000000.0	6459565354.9	4482530107.2	8118868124.8
8381000000.0	6460164992.3	4482817688.3	8119819586.2
8382000000.0	6460764597.8	4483105237.6	8120771043.5
8383000000.0	6461364171.6	4483392755.2	8121722496.8
8384000000.0	6461963713.6	4483680241.0	8122673946.0
8385000000.0	6462563223.9	4483967695.2	8123625391.2
8386000000.0	6463162702.4	4484255117.7	8124576832.3
8387000000.0	6463762149.1	4484542508.4	8125528269.3
8388000000.0	6464361564.0	4484829867.5	8126479702.3
8389000000.0	6464960947.2	4485117194.9	8127431131.3
8390000000.0	6465560298.7	4485404490.6	8128382556.2
8391000000.0	6466159618.4	4485691754.7	8129333977.0
8392000000.0	6466758906.3	4485978987.1	8130285393.8
8393000000.0	6467358162.5	4486266187.8	8131236806.5
8394000000.0	6467957387.0	4486553356.8	8132188215.2
8395000000.0	6468556579.7	4486840494.2	8133139619.8
8396000000.0	6469155740.7	4487127600.0	8134091020.3
8397000000.0	6469754869.9	4487414674.1	8135042416.8
8398000000.0	6470353967.4	4487701716.6	8135993809.3
8399000000.0	6470953033.2	4487988727.4	8136945197.7
8400000000.0	6471552067.2	4488275706.6	8137896582.0
8401000000.0	6472151069.5	4488562654.2	8138847962.3
8402000000.0	6472750040.1	4488849570.2	8139799338.5
8403000000.0	6473348979.0	4489136454.6	8140750710.7
8404000000.0	6473947886.1	4489423307.3	8141702078.8
8405000000.0	6474546761.6	4489710128.5	8142653442.9
8406000000.0	6475145605.3	4489996918.0	8143604802.9
8407000000.0	6475744417.3	4490283676.0	8144556158.9
8408000000.0	6476343197.6	4490570402.4	8145507510.8
8409000000.0	6476941946.1	4490857097.2	8146458858.6
8410000000.0	6477540663.0	4491143760.4	8147410202.4
8411000000.0	6478139348.2	4491430392.1	8148361542.1
8412000000.0	6478738001.7	4491716992.2	8149312877.8
8413000000.0	6479336623.5	4492003560.7	8150264209.4
8414000000.0	6479935213.5	4492290097.7	8151215537.0
8415000000.0	6480533771.9	4492576603.1	8152166860.5
8416000000.0	6481132298.6	4492863077.0	8153118180.0
8417000000.0	6481730793.7	4493149519.4	8154069495.4
8418000000.0	6482329257.0	4493435930.2	8155020806.8
8419000000.0	6482927688.7	4493722309.5	8155972114.1
8420000000.0	6483526088.6	4494008657.2	8156923417.3
8421000000.0	6484124456.9	4494294973.5	8157874716.5
8422000000.0	6484722793.5	4494581258.2	8158826011.7
8423000000.0	6485321098.5	4494867511.4	8159777302.8
8424000000.0	6485919371.8	4495153733.2	8160728589.8
8425000000.0	6486517613.4	4495439923.4	8161679872.8
8426000000.0	6487115823.3	4495726082.1	8162631151.7
8427000000.0	6487714001.6	4496012209.4	8163582426.6
8428000000.0	6488312148.3	4496298305.2	8164533697.4
8429000000.0	6488910263.2	4496584369.4	8165484964.1
8430000000.0	6489508346.5	4496870402.3	8166436226.8
8431000000.0	6490106398.2	4497156403.6	8167387485.5
8432000000.0	6490704418.2	4497442373.5	8168338740.1
8433000000.0	6491302406.6	4497728312.0	8169289990.6
8434000000.0	6491900363.3	4498014219.0	8170241237.1
8435000000.0	6492498288.4	4498300094.5	8171192479.6
8436000000.0	6493096181.9	4498585938.6	8172143718.0
8437000000.0	6493694043.7	4498871751.3	8173094952.3
8438000000.0	6494291873.8	4499157532.5	8174046182.6
8439000000.0	6494889672.4	4499443282.4	8174997408.8
8440000000.0	6495487439.3	4499729000.8	8175948631.0
8441000000.0	6496085174.6	4500014687.7	8176899849.1
8442000000.0	6496682878.2	4500300343.3	8177851063.1
8443000000.0	6497280550.3	4500585967.5	8178802273.1
8444000000.0	6497878190.7	4500871560.3	8179753479.1
8445000000.0	6498475799.5	4501157121.7	8180704681.0
8446000000.0	6499073376.7	4501442651.7	8181655878.9
8447000000.0	6499670922.3	4501728150.3	8182607072.6
8448000000.0	6500268436.3	4502013617.5	8183558262.4
8449000000.0	6500865918.6	4502299053.4	8184509448.1
8450000000.0	6501463369.4	4502584457.9	8185460629.7
8451000000.0	6502060788.6	4502869831.0	8186411807.3
8452000000.0	6502658176.1	4503155172.8	8187362980.8
8453000000.0	6503255532.1	4503440483.2	8188314150.3
8454000000.0	6503852856.5	4503725762.3	8189265315.7
8455000000.0	6504450149.2	4504011010.0	8190216477.1
8456000000.0	6505047410.4	4504296226.4	8191167634.4
8457000000.0	6505644640.0	4504581411.5	8192118787.6
8458000000.0	6506241838.0	4504866565.2	8193069936.9
8459000000.0	6506839004.5	4505151687.7	8194021082.0
8460000000.0	6507436139.3	4505436778.8	8194972223.1
8461000000.0	6508033242.6	4505721838.6	8195923360.2
8462000000.0	6508630314.3	4506006867.1	8196874493.2
8463000000.0	6509227354.5	4506291864.3	8197825622.1
8464000000.0	6509824363.0	4506576830.2	8198776747.0
8465000000.0	6510421340.0	4506861764.8	8199727867.8
8466000000.0	6511018285.5	4507146668.1	8200678984.6
8467000000.0	6511615199.4	4507431540.1	8201630097.3
8468000000.0	6512212081.7	4507716380.9	8202581206.0
8469000000.0	6512808932.4	4508001190.4	8203532310.6
8470000000.0	6513405751.6	4508285968.7	8204483411.2
8471000000.0	6514002539.3	4508570715.6	8205434507.7
8472000000.0	6514599295.4	4508855431.4	8206385600.2
8473000000.0	6515196020.0	4509140115.8	8207336688.6
8474000000.0	6515792713.0	4509424769.1	8208287772.9
8475000000.0	6516389374.5	4509709391.1	8209238853.3
8476000000.0	6516986004.4	4509993981.8	8210189929.5
8477000000.0	6517582602.8	4510278541.4	8211141001.7
8478000000.0	6518179169.7	4510563069.7	8212092069.9
8479000000.0	6518775705.0	4510847566.8	8213043133.9
8480000000.0	6519372208.8	4511132032.7	8213994194.0
8481000000.0	6519968681.1	4511416467.3	8214945250.0
8482000000.0	6520565121.9	4511700870.8	8215896301.9
8483000000.0	6521161531.1	4511985243.1	8216847349.8
8484000000.0	6521757908.8	4512269584.2	8217798393.6
8485000000.0	6522354255.0	4512553894.1	8218749433.4
8486000000.0	6522950569.7	4512838172.8	8219700469.1
8487000000.0	6523546852.9	4513122420.3	8220651500.8
8488000000.0	6524143104.5	4513406636.7	8221602528.4
8489000000.0	6524739324.7	4513690821.9	8222553552.0
8490000000.0	6525335513.3	4513974975.9	8223504571.5
8491000000.0	6525931670.5	4514259098.8	8224455587.0
8492000000.0	6526527796.2	4514543190.5	8225406598.4
8493000000.0	6527123890.3	4514827251.1	8226357605.8
8494000000.0	6527719953.0	4515111280.6	8227308609.1
8495000000.0	6528315984.2	4515395278.9	8228259608.3
8496000000.0	6528911983.8	4515679246.1	8229210603.5
8497000000.0	6529507952.0	4515963182.1	8230161594.7
8498000000.0	6530103888.7	4516247087.0	8231112581.8
8499000000.0	6530699794.0	4516530960.9	8232063564.8
8500000000.0	6531295667.7	4516814803.6	8233014543.8
8501000000.0	6531891510.0	4517098615.2	8233965518.8
8502000000.0	6532487320.8	4517382395.7	8234916489.7
8503000000.0	6533083100.1	4517666145.1	8235867456.5
8504000000.0	6533678848.0	4517949863.4	8236818419.3
8505000000.0	6534274564.4	4518233550.7	8237769378.0
8506000000.0	6534870249.3	4518517206.8	8238720332.7
8507000000.0	6535465902.8	4518800831.9	8239671283.3
8508000000.0	6536061524.8	4519084425.9	8240622229.9
8509000000.0	6536657115.4	4519367988.9	8241573172.4
8510000000.0	6537252674.5	4519651520.8	8242524110.9
8511000000.0	6537848202.1	4519935021.6	8243475045.3
8512000000.0	6538443698.3	4520218491.4	8244425975.7
8513000000.0	6539039163.1	4520501930.1	8245376902.0
8514000000.0	6539634596.4	4520785337.8	8246327824.3
8515000000.0	6540229998.3	4521068714.5	8247278742.5
8516000000.0	6540825368.7	4521352060.2	8248229656.7
8517000000.0	6541420707.7	4521635374.8	8249180566.8
8518000000.0	6542016015.3	4521918658.4	8250131472.8
8519000000.0	6542611291.4	4522201911.0	8251082374.9
8520000000.0	6543206536.1	4522485132.6	8252033272.8
8521000000.0	6543801749.3	4522768323.1	8252984166.7
8522000000.0	6544396931.2	4523051482.7	8253935056.6
8523000000.0	6544992081.6	4523334611.3	8254885942.4
8524000000.0	6545587200.6	4523617708.9	8255836824.1
8525000000.0	6546182288.2	4523900775.5	8256787701.8
8526000000.0	6546777344.4	4524183811.2	8257738575.5
8527000000.0	6547372369.2	4524466815.8	8258689445.1
8528000000.0	6547967362.5	4524749789.5	8259640310.6
8529000000.0	6548562324.5	4525032732.3	8260591172.1
8530000000.0	6549157255.0	4525315644.1	8261542029.6
8531000000.0	6549752154.2	4525598524.9	8262492882.9
8532000000.0	6550347021.9	4525881374.8	8263443732.3
8533000000.0	6550941858.2	4526164193.7	8264394577.6
8534000000.0	6551536663.2	4526446981.7	8265345418.8
8535000000.0	6552131436.8	4526729738.8	8266296256.0
8536000000.0	6552726178.9	4527012465.0	8267247089.1
8537000000.0	6553320889.7	4527295160.2	8268197918.2
8538000000.0	6553915569.1	4527577824.5	8269148743.3
8539000000.0	6554510217.1	4527860457.9	8270099564.2
8540000000.0	6555104833.8	4528143060.4	8271050381.2
8541000000.0	6555699419.0	4528425632.0	8272001194.0
8542000000.0	6556293972.9	4528708172.7	8272952002.9
8543000000.0	6556888495.4	4528990682.5	8273902807.7
8544000000.0	6557482986.6	4529273161.4	8274853608.4
8545000000.0	6558077446.4	4529555609.5	8275804405.1
8546000000.0	6558671874.8	4529838026.6	8276755197.7
8547000000.0	6559266271.8	4530120412.9	8277705986.3
8548000000.0	6559860637.5	4530402768.3	8278656770.8
8549000000.0	6560454971.9	4530685092.9	8279607551.3
8550000000.0	6561049274.8	4530967386.6	8280558327.7
8551000000.0	6561643546.5	4531249649.5	8281509100.1
8552000000.0	6562237786.8	4531531881.5	8282459868.4
8553000000.0	6562831995.7	4531814082.7	8283410632.6
8554000000.0	6563426173.3	4532096253.0	8284361392.9
8555000000.0	6564020319.5	4532378392.5	8285312149.0
8556000000.0	6564614434.4	4532660501.2	8286262901.1
8557000000.0	6565208518.0	4532942579.1	8287213649.2
8558000000.0	6565802570.2	4533224626.1	8288164393.2
8559000000.0	6566396591.1	4533506642.3	8289115133.2
8560000000.0	6566990580.7	4533788627.8	8290065869.1
8561000000.0	6567584539.0	4534070582.4	8291016601.0
8562000000.0	6568178465.9	4534352506.3	8291967328.8
8563000000.0	6568772361.5	4534634399.3	8292918052.6
8564000000.0	6569366225.8	4534916261.6	8293868772.3
8565000000.0	6569960058.7	4535198093.0	8294819487.9
8566000000.0	6570553860.4	4535479893.8	8295770199.5
8567000000.0	6571147630.7	4535761663.7	8296720907.1
8568000000.0	6571741369.7	4536043402.9	8297671610.6
8569000000.0	6572335077.4	4536325111.3	8298622310.1
8570000000.0	6572928753.9	4536606788.9	8299573005.5
8571000000.0	6573522399.0	4536888435.9	8300523696.9
8572000000.0	6574116012.8	4537170052.0	8301474384.2
8573000000.0	6574709595.3	4537451637.4	8302425067.4
8574000000.0	6575303146.5	4537733192.1	8303375746.6
8575000000.0	6575896666.4	4538014716.1	8304326421.8
8576000000.0	6576490155.1	4538296209.3	8305277092.9
8577000000.0	6577083612.4	4538577671.9	8306227760.0
8578000000.0	6577677038.5	4538859103.7	8307178423.0
8579000000.0	6578270433.2	4539140504.8	8308129081.9
8580000000.0	6578863796.7	4539421875.2	8309079736.9
8581000000.0	6579457129.0	4539703214.8	8310030387.7
8582000000.0	6580050429.9	4539984523.8	8310981034.5
8583000000.0	6580643699.6	4540265802.2	8311931677.3
8584000000.0	6581236938.0	4540547049.8	8312882316.0
8585000000.0	6581830145.1	4540828266.7	8313832950.7
8586000000.0	6582423321.0	4541109453.0	8314783581.3
8587000000.0	6583016465.6	4541390608.6	8315734207.8
8588000000.0	6583609578.9	4541671733.5	8316684830.3
8589000000.0	6584202661.0	4541952827.8	8317635448.8
8590000000.0	6584795711.9	4542233891.4	8318586063.2
8591000000.0	6585388731.4	4542514924.4	8319536673.6
8592000000.0	6585981719.8	4542795926.7	8320487279.9
8593000000.0	6586574676.9	4543076898.4	8321437882.2
8594000000.0	6587167602.7	4543357839.5	8322388480.4
8595000000.0	6587760497.3	4543638749.9	8323339074.5
8596000000.0	6588353360.6	4543919629.7	8324289664.6
8597000000.0	6588946192.7	4544200478.9	8325240250.7
8598000000.0	6589538993.6	4544481297.5	8326190832.7
8599000000.0	6590131763.3	4544762085.5	8327141410.7
8600000000.0	6590724501.7	4545042842.8	8328091984.6
8601000000.0	6591317208.9	4545323569.6	8329042554.5
8602000000.0	6591909884.8	4545604265.7	8329993120.3
8603000000.0	6592502529.6	4545884931.3	8330943682.1
8604000000.0	6593095143.1	4546165566.3	8331894239.8
8605000000.0	6593687725.4	4546446170.7	8332844793.4
8606000000.0	6594280276.5	4546726744.6	8333795343.1
8607000000.0	6594872796.3	4547007287.8	8334745888.6
8608000000.0	6595465285.0	4547287800.6	8335696430.2
8609000000.0	6596057742.4	4547568282.7	8336646967.6
8610000000.0	6596650168.7	4547848734.3	8337597501.1
8611000000.0	6597242563.7	4548129155.3	8338548030.4
8612000000.0	6597834927.5	4548409545.9	8339498555.8
8613000000.0	6598427260.2	4548689905.8	8340449077.0
8614000000.0	6599019561.6	4548970235.2	8341399594.3
8615000000.0	6599611831.9	4549250534.1	8342350107.4
8616000000.0	6600204070.9	4549530802.5	8343300616.6
8617000000.0	6600796278.8	4549811040.4	8344251121.6
8618000000.0	6601388455.5	4550091247.7	8345201622.7
8619000000.0	6601980601.0	4550371424.6	8346152119.7
8620000000.0	6602572715.3	4550651570.9	8347102612.6
8621000000.0	6603164798.4	4550931686.7	8348053101.5
8622000000.0	6603756850.4	4551211772.1	8349003586.3
8623000000.0	6604348871.2	4551491826.9	8349954067.1
8624000000.0	6604940860.8	4551771851.3	8350904543.8
8625000000.0	6605532819.2	4552051845.2	8351855016.5
8626000000.0	6606124746.5	4552331808.6	8352805485.2
8627000000.0	6606716642.6	4552611741.5	8353755949.7
8628000000.0	6607308507.6	4552891644.0	8354706410.3
8629000000.0	6607900341.4	4553171516.0	8355656866.8
8630000000.0	6608492144.0	4553451357.6	8356607319.2
8631000000.0	6609083915.5	4553731168.7	8357557767.6
8632000000.0	6609675655.8	4554010949.4	8358508212.0
8633000000.0	6610267365.0	4554290699.6	8359458652.3
8634000000.0	6610859043.0	4554570419.4	8360409088.5
8635000000.0	6611450689.9	4554850108.7	8361359520.7
8636000000.0	6612042305.7	4555129767.7	8362309948.9
8637000000.0	6612633890.3	4555409396.2	8363260373.0
8638000000.0	6613225443.7	4555688994.3	8364210793.0
8639000000.0	6613816966.1	4555968562.0	8365161209.0
8640000000.0	6614408457.3	4556248099.3	8366111621.0
8641000000.0	6614999917.3	4556527606.2	8367062028.9
8642000000.0	6615591346.3	4556807082.7	8368012432.8
8643000000.0	6616182744.1	4557086528.8	8368962832.6
8644000000.0	6616774110.8	4557365944.5	8369913228.3
8645000000.0	6617365446.4	4557645329.9	8370863620.1
8646000000.0	6617956750.8	4557924684.9	8371814007.7
8647000000.0	6618548024.2	4558204009.5	8372764391.4
8648000000.0	6619139266.4	4558483303.7	8373714770.9
8649000000.0	6619730477.5	4558762567.6	8374665146.5
8650000000.0	6620321657.6	4559041801.1	8375615517.9
8651000000.0	6620912806.5	4559321004.3	8376565885.4
8652000000.0	6621503924.3	4559600177.1	8377516248.7
8653000000.0	6622095011.0	4559879319.6	8378466608.1
8654000000.0	6622686066.6	4560158431.7	8379416963.4
8655000000.0	6623277091.1	4560437513.5	8380367314.6
8656000000.0	6623868084.5	4560716565.0	8381317661.8
8657000000.0	6624459046.9	4560995586.2	8382268004.9
8658000000.0	6625049978.1	4561274577.1	8383218344.0
8659000000.0	6625640878.2	4561553537.6	8384168679.1
8660000000.0	6626231747.3	4561832467.9	8385119010.1
8661000000.0	6626822585.3	4562111367.8	8386069337.0
8662000000.0	6627413392.2	4562390237.5	8387019659.9
8663000000.0	6628004168.1	4562669076.8	8387969978.8
8664000000.0	6628594912.8	4562947885.9	8388920293.6
8665000000.0	6629185626.5	4563226664.7	8389870604.3
8666000000.0	6629776309.1	4563505413.2	8390820911.0
8667000000.0	6630366960.7	4563784131.4	8391771213.7
8668000000.0	6630957581.2	4564062819.4	8392721512.3
8669000000.0	6631548170.6	4564341477.1	8393671806.9
8670000000.0	6632138729.0	4564620104.6	8394622097.4
8671000000.0	6632729256.3	4564898701.8	8395572383.9
8672000000.0	6633319752.6	4565177268.7	8396522666.3
8673000000.0	6633910217.8	4565455805.5	8397472944.7
8674000000.0	6634500652.0	4565734311.9	8398423219.0
8675000000.0	6635091055.1	4566012788.2	8399373489.3
8676000000.0	6635681427.2	4566291234.2	8400323755.5
8677000000.0	6636271768.2	4566569650.0	8401274017.7
8678000000.0	6636862078.2	4566848035.6	8402224275.8
8679000000.0	6637452357.2	4567126391.0	8403174529.9
8680000000.0	6638042605.1	4567404716.1	8404124780.0
8681000000.0	6638632822.0	4567683011.1	8405075026.0
8682000000.0	6639223007.8	4567961275.9	8406025267.9
8683000000.0	6639813162.7	4568239510.4	8406975505.8
8684000000.0	6640403286.5	4568517714.8	8407925739.7
8685000000.0	6640993379.3	4568795889.0	8408875969.5
8686000000.0	6641583441.1	4569074033.1	8409826195.2
8687000000.0	6642173471.8	4569352146.9	8410776417.0
8688000000.0	6642763471.5	4569630230.6	8411726634.6
8689000000.0	6643353440.3	4569908284.1	8412676848.2
8690000000.0	6643943378.0	4570186307.5	8413627057.8
8691000000.0	6644533284.7	4570464300.7	8414577263.3
8692000000.0	6645123160.4	4570742263.8	8415527464.8
8693000000.0	6645713005.1	4571020196.7	8416477662.3
8694000000.0	6646302818.8	4571298099.5	8417427855.6
8695000000.0	6646892601.5	4571575972.1	8418378045.0
8696000000.0	6647482353.2	4571853814.7	8419328230.3
8697000000.0	6648072073.9	4572131627.1	8420278411.5
8698000000.0	6648661763.7	4572409409.3	8421228588.7
8699000000.0	6649251422.4	4572687161.5	8422178761.9
8700000000.0	6649841050.2	4572964883.6	8423128931.0
8701000000.0	6650430646.9	4573242575.5	8424079096.0
8702000000.0	6651020212.7	4573520237.4	8425029257.0
8703000000.0	6651609747.5	4573797869.1	8425979414.0
8704000000.0	6652199251.4	4574075470.8	8426929566.9
8705000000.0	6652788724.2	4574353042.4	8427879715.8
8706000000.0	6653378166.1	4574630583.9	8428829860.6
8707000000.0	6653967577.1	4574908095.3	8429780001.4
8708000000.0	6654556957.0	4575185576.7	8430730138.1
8709000000.0	6655146306.0	4575463028.0	8431680270.8
8710000000.0	6655735624.1	4575740449.2	8432630399.4
8711000000.0	6656324911.1	4576017840.4	8433580524.0
8712000000.0	6656914167.3	4576295201.5	8434530644.6
8713000000.0	6657503392.4	4576572532.6	8435480761.1
8714000000.0	6658092586.6	4576849833.7	8436430873.5
8715000000.0	6658681749.9	4577127104.7	8437380981.9
8716000000.0	6659270882.2	4577404345.7	8438331086.3
8717000000.0	6659859983.6	4577681556.6	8439281186.6
8718000000.0	6660449054.1	4577958737.6	8440231282.8
8719000000.0	6661038093.5	4578235888.5	8441181375.1
8720000000.0	6661627102.1	4578513009.4	8442131463.2
8721000000.0	6662216079.7	4578790100.3	8443081547.4
8722000000.0	6662805026.4	4579067161.2	8444031627.4
8723000000.0	6663393942.2	4579344192.1	8444981703.5
8724000000.0	6663982827.0	4579621193.0	8445931775.5
8725000000.0	6664571681.0	4579898163.9	8446881843.4
8726000000.0	6665160504.0	4580175104.9	8447831907.3
8727000000.0	6665749296.0	4580452015.8	8448781967.2
8728000000.0	6666338057.2	4580728896.8	8449732023.0
8729000000.0	6666926787.4	4581005747.8	8450682074.7
8730000000.0	6667515486.8	4581282568.9	8451632122.4
8731000000.0	6668104155.2	4581559360.0	8452582166.1
8732000000.0	6668692792.7	4581836121.2	8453532205.7
8733000000.0	6669281399.3	4582112852.4	8454482241.3
8734000000.0	6669869975.0	4582389553.6	8455432272.8
8735000000.0	6670458519.8	4582666225.0	8456382300.3
8736000000.0	6671047033.7	4582942866.4	8457332323.7
8737000000.0	6671635516.7	4583219477.8	8458282343.1
8738000000.0	6672223968.9	4583496059.4	8459232358.5
8739000000.0	6672812390.1	4583772611.0	8460182369.8
8740000000.0	6673400780.4	4584049132.7	8461132377.0
8741000000.0	6673989139.9	4584325624.5	8462082380.2
8742000000.0	6674577468.5	4584602086.4	8463032379.4
8743000000.0	6675165766.2	4584878518.4	8463982374.5
8744000000.0	6675754033.0	4585154920.5	8464932365.6
8745000000.0	6676342268.9	4585431292.7	8465882352.6
8746000000.0	6676930474.0	4585707635.0	8466832335.6
8747000000.0	6677518648.2	4585983947.5	8467782314.5
8748000000.0	6678106791.5	4586260230.0	8468732289.4
8749000000.0	6678694904.0	4586536482.7	8469682260.2
8750000000.0	6679282985.6	4586812705.6	8470632227.0
8751000000.0	6679871036.3	4587088898.5	8471582189.8
8752000000.0	6680459056.2	4587365061.7	8472532148.5
8753000000.0	6681047045.2	4587641194.9	8473482103.1
8754000000.0	6681635003.4	4587917298.4	8474432053.8
8755000000.0	6682222930.7	4588193371.9	8475382000.3
8756000000.0	6682810827.2	4588469415.7	8476331942.8
8757000000.0	6683398692.8	4588745429.6	8477281881.3
8758000000.0	6683986527.6	4589021413.7	8478231815.8
8759000000.0	6684574331.5	4589297367.9	8479181746.1
8760000000.0	6685162104.6	4589573292.4	8480131672.5
8761000000.0	6685749846.9	4589849187.0	8481081594.8
8762000000.0	6686337558.3	4590125051.9	8482031513.0
8763000000.0	6686925238.9	4590400886.9	8482981427.3
8764000000.0	6687512888.7	4590676692.1	8483931337.4
8765000000.0	6688100507.6	4590952467.6	8484881243.5
8766000000.0	6688688095.7	4591228213.2	8485831145.6
8767000000.0	6689275653.0	4591503929.1	8486781043.6
8768000000.0	6689863179.5	4591779615.2	8487730937.6
8769000000.0	6690450675.2	4592055271.5	8488680827.5
8770000000.0	6691038140.0	4592330898.0	8489630713.4
8771000000.0	6691625574.0	4592606494.8	8490580595.3
8772000000.0	6692212977.2	4592882061.8	8491530473.1
8773000000.0	6692800349.7	4593157599.1	8492480346.8
8774000000.0	6693387691.3	4593433106.6	8493430216.6
8775000000.0	6693975002.1	4593708584.4	8494380082.2
8776000000.0	6694562282.1	4593984032.4	8495329943.9
8777000000.0	6695149531.3	4594259450.7	8496279801.4
8778000000.0	6695736749.7	4594534839.3	8497229655.0
8779000000.0	6696323937.3	4594810198.1	8498179504.5
8780000000.0	6696911094.1	4595085527.3	8499129349.9
8781000000.0	6697498220.2	4595360826.7	8500079191.3
8782000000.0	6698085315.4	4595636096.4	8501029028.7
8783000000.0	6698672379.9	4595911336.4	8501978862.0
8784000000.0	6699259413.6	4596186546.6	8502928691.2
8785000000.0	6699846416.5	4596461727.2	8503878516.4
8786000000.0	6700433388.6	4596736878.1	8504828337.6
8787000000.0	6701020330.0	4597011999.4	8505778154.8
8788000000.0	6701607240.5	4597287090.9	8506727967.8
8789000000.0	6702194120.4	4597562152.8	8507677776.9
8790000000.0	6702780969.4	4597837184.9	8508627581.9
8791000000.0	6703367787.7	4598112187.5	8509577382.8
8792000000.0	6703954575.2	4598387160.3	8510527179.8
8793000000.0	6704541332.0	4598662103.5	8511476972.6
8794000000.0	6705128058.0	4598937017.0	8512426761.4
8795000000.0	6705714753.3	4599211900.9	8513376546.2
8796000000.0	6706301417.8	4599486755.2	8514326326.9
8797000000.0	6706888051.5	4599761579.8	8515276103.6
8798000000.0	6707474654.5	4600036374.8	8516225876.3
8799000000.0	6708061226.8	4600311140.1	8517175644.9
8800000000.0	6708647768.3	4600585875.9	8518125409.4
8801000000.0	6709234279.1	4600860582.0	8519075169.9
8802000000.0	6709820759.1	4601135258.5	8520024926.4
8803000000.0	6710407208.4	4601409905.3	8520974678.8
8804000000.0	6710993627.0	4601684522.6	8521924427.2
8805000000.0	6711580014.8	4601959110.3	8522874171.6
8806000000.0	6712166372.0	4602233668.4	8523823911.8
8807000000.0	6712752698.3	4602508196.8	8524773648.1
8808000000.0	6713338994.0	4602782695.7	8525723380.3
8809000000.0	6713925259.0	4603057165.1	8526673108.5
8810000000.0	6714511493.2	4603331604.8	8527622832.6
8811000000.0	6715097696.7	4603606015.0	8528572552.6
8812000000.0	6715683869.5	4603880395.6	8529522268.7
8813000000.0	6716270011.6	4604154746.6	8530471980.7
8814000000.0	6716856123.0	4604429068.1	8531421688.6
8815000000.0	6717442203.6	4604703360.1	8532371392.5
8816000000.0	6718028253.6	4604977622.4	8533321092.3
8817000000.0	6718614272.9	4605251855.3	8534270788.2
8818000000.0	6719200261.5	4605526058.6	8535220479.9
8819000000.0	6719786219.3	4605800232.4	8536170167.6
8820000000.0	6720372146.5	4606074376.6	8537119851.3
8821000000.0	6720958043.0	4606348491.3	8538069531.0
8822000000.0	6721543908.8	4606622576.5	8539019206.5
8823000000.0	6722129743.9	4606896632.2	8539968878.1
8824000000.0	6722715548.3	4607170658.4	8540918545.6
8825000000.0	6723301322.1	4607444655.0	8541868209.1
8826000000.0	6723887065.2	4607718622.2	8542817868.5
8827000000.0	6724472777.5	4607992559.9	8543767523.8
8828000000.0	6725058459.3	4608266468.1	8544717175.2
8829000000.0	6725644110.3	4608540346.8	8545666822.5
8830000000.0	6726229730.7	4608814196.0	8546616465.7
8831000000.0	6726815320.4	4609088015.7	8547566104.9
8832000000.0	6727400879.4	4609361806.0	8548515740.1
8833000000.0	6727986407.8	4609635566.8	8549465371.2
8834000000.0	6728571905.5	4609909298.1	8550414998.3
8835000000.0	6729157372.6	4610183000.0	8551364621.3
8836000000.0	6729742809.0	4610456672.4	8552314240.3
8837000000.0	6730328214.7	4610730315.4	8553263855.2
8838000000.0	6730913589.8	4611003929.0	8554213466.1
8839000000.0	6731498934.3	4611277513.1	8555163073.0
8840000000.0	6732084248.1	4611551067.7	8556112675.8
8841000000.0	6732669531.3	4611824593.0	8557062274.5
8842000000.0	6733254783.8	4612098088.8	8558011869.3
8843000000.0	6733840005.7	4612371555.2	8558961459.9
8844000000.0	6734425196.9	4612644992.2	8559911046.6
8845000000.0	6735010357.5	4612918399.7	8560860629.2
8846000000.0	6735595487.5	4613191777.9	8561810207.7
8847000000.0	6736180586.9	4613465126.7	8562759782.2
8848000000.0	6736765655.6	4613738446.0	8563709352.7
8849000000.0	6737350693.7	4614011736.0	8564658919.1
8850000000.0	6737935701.2	4614284996.6	8565608481.5
8851000000.0	6738520678.0	4614558227.8	8566558039.9
8852000000.0	6739105624.3	4614831429.7	8567507594.1
8853000000.0	6739690539.9	4615104602.1	8568457144.4
8854000000.0	6740275424.9	4615377745.2	8569406690.6
8855000000.0	6740860279.3	4615650859.0	8570356232.8
8856000000.0	6741445103.1	4615923943.3	8571305770.9
8857000000.0	6742029896.3	4616196998.4	8572255305.0
8858000000.0	6742614658.9	4616470024.0	8573204835.0
8859000000.0	6743199390.9	4616743020.4	8574154361.0
8860000000.0	6743784092.3	4617015987.4	8575103883.0
8861000000.0	6744368763.1	4617288925.0	8576053400.9
8862000000.0	6744953403.3	4617561833.3	8577002914.8
8863000000.0	6745538012.9	4617834712.4	8577952424.6
8864000000.0	6746122592.0	4618107562.0	8578901930.4
8865000000.0	6746707140.4	4618380382.4	8579851432.1
8866000000.0	6747291658.3	4618653173.5	8580800929.8
8867000000.0	6747876145.5	4618925935.2	8581750423.5
8868000000.0	6748460602.2	4619198667.7	8582699913.1
8869000000.0	6749045028.4	4619471370.8	8583649398.7
8870000000.0	6749629423.9	4619744044.7	8584598880.2
8871000000.0	6750213788.9	4620016689.3	8585548357.7
8872000000.0	6750798123.3	4620289304.6	8586497831.1
8873000000.0	6751382427.1	4620561890.6	8587447300.5
8874000000.0	6751966700.4	4620834447.4	8588396765.9
8875000000.0	6752550943.1	4621106974.8	8589346227.2
8876000000.0	6753135155.3	4621379473.0	8590295684.5
8877000000.0	6753719336.9	4621651942.0	8591245137.7
8878000000.0	6754303487.9	4621924381.7	8592194586.9
8879000000.0	6754887608.4	4622196792.2	8593144032.1
8880000000.0	6755471698.4	4622469173.4	8594093473.2
8881000000.0	6756055757.8	4622741525.4	8595042910.2
8882000000.0	6756639786.6	4623013848.1	8595992343.3
8883000000.0	6757223784.9	4623286141.6	8596941772.3
8884000000.0	6757807752.7	4623558405.9	8597891197.2
8885000000.0	6758391689.9	4623830640.9	8598840618.1
8886000000.0	6758975596.6	4624102846.8	8599790034.9
8887000000.0	6759559472.8	4624375023.4	8600739447.8
8888000000.0	6760143318.4	4624647170.8	8601688856.5
8889000000.0	6760727133.5	4624919289.1	8602638261.3
8890000000.0	6761310918.1	4625191378.1	8603587662.0
8891000000.0	6761894672.2	4625463437.9	8604537058.6
8892000000.0	6762478395.7	4625735468.6	8605486451.2
8893000000.0	6763062088.7	4626007470.0	8606435839.8
8894000000.0	6763645751.2	4626279442.3	8607385224.3
8895000000.0	6764229383.2	4626551385.4	8608334604.8
8896000000.0	6764812984.7	4626823299.4	8609283981.2
8897000000.0	6765396555.6	4627095184.2	8610233353.6
8898000000.0	6765980096.1	4627367039.8	8611182722.0
8899000000.0	6766563606.0	4627638866.2	8612132086.3
8900000000.0	6767147085.5	4627910663.6	8613081446.6
8901000000.0	6767730534.5	4628182431.7	8614030802.8
8902000000.0	6768313952.9	4628454170.8	8614980155.0
8903000000.0	6768897340.9	4628725880.6	8615929503.1
8904000000.0	6769480698.3	4628997561.4	8616878847.2
8905000000.0	6770064025.3	4629269213.0	8617828187.3
8906000000.0	6770647321.8	4629540835.6	8618777523.3
8907000000.0	6771230587.8	4629812428.9	8619726855.3
8908000000.0	6771813823.3	4630083993.2	8620676183.3
8909000000.0	6772397028.4	4630355528.4	8621625507.2
8910000000.0	6772980202.9	4630627034.5	8622574827.0
8911000000.0	6773563347.0	4630898511.4	8623524142.8
8912000000.0	6774146460.7	4631169959.3	8624473454.6
8913000000.0	6774729543.8	4631441378.1	8625422762.4
8914000000.0	6775312596.5	4631712767.8	8626372066.1
8915000000.0	6775895618.7	4631984128.4	8627321365.7
8916000000.0	6776478610.4	4632255460.0	8628270661.3
8917000000.0	6777061571.7	4632526762.4	8629219952.9
8918000000.0	6777644502.5	4632798035.9	8630169240.4
8919000000.0	6778227402.9	4633069280.2	8631118523.9
8920000000.0	6778810272.8	4633340495.5	8632067803.4
8921000000.0	6779393112.3	4633611681.7	8633017078.8
8922000000.0	6779975921.3	4633882838.9	8633966350.1
8923000000.0	6780558699.9	4634153967.1	8634915617.5
8924000000.0	6781141448.0	4634425066.2	8635864880.8
8925000000.0	6781724165.7	4634696136.3	8636814140.0
8926000000.0	6782306852.9	4634967177.3	8637763395.2
8927000000.0	6782889509.7	4635238189.3	8638712646.4
8928000000.0	6783472136.1	4635509172.4	8639661893.5
8929000000.0	6784054732.0	4635780126.3	8640611136.6
8930000000.0	6784637297.6	4636051051.3	8641560375.6
8931000000.0	6785219832.6	4636321947.3	8642509610.6
8932000000.0	6785802337.3	4636592814.3	8643458841.6
8933000000.0	6786384811.5	4636863652.3	8644408068.5
8934000000.0	6786967255.3	4637134461.3	8645357291.4
8935000000.0	6787549668.7	4637405241.3	8646306510.2
8936000000.0	6788132051.7	4637675992.3	8647255725.0
8937000000.0	6788714404.3	4637946714.3	8648204935.8
8938000000.0	6789296726.4	4638217407.4	8649154142.5
8939000000.0	6789879018.2	4638488071.5	8650103345.1
8940000000.0	6790461279.5	4638758706.6	8651052543.8
8941000000.0	6791043510.4	4639029312.8	8652001738.4
8942000000.0	6791625711.0	4639299890.0	8652950928.9
8943000000.0	6792207881.1	4639570438.3	8653900115.4
8944000000.0	6792790020.8	4639840957.6	8654849297.9
8945000000.0	6793372130.2	4640111448.0	8655798476.4
8946000000.0	6793954209.1	4640381909.5	8656747650.7
8947000000.0	6794536257.7	4640652342.0	8657696821.1
8948000000.0	6795118275.8	4640922745.6	8658645987.4
8949000000.0	6795700263.6	4641193120.3	8659595149.7
8950000000.0	6796282221.0	4641463466.0	8660544307.9
8951000000.0	6796864148.0	4641733782.9	8661493462.1
8952000000.0	6797446044.7	4642004070.8	8662442612.3
8953000000.0	6798027911.0	4642274329.9	8663391758.4
8954000000.0	6798609746.9	4642544560.0	8664340900.4
8955000000.0	6799191552.4	4642814761.2	8665290038.5
8956000000.0	6799773327.5	4643084933.6	8666239172.5
8957000000.0	6800355072.3	4643355077.1	8667188302.4
8958000000.0	6800936786.8	4643625191.7	8668137428.3
8959000000.0	6801518470.8	4643895277.4	8669086550.2
8960000000.0	6802100124.5	4644165334.2	8670035668.0
8961000000.0	6802681747.9	4644435362.2	8670984781.8
8962000000.0	6803263340.9	4644705361.3	8671933891.6
8963000000.0	6803844903.5	4644975331.6	8672882997.3
8964000000.0	6804426435.8	4645245273.0	8673832099.0
8965000000.0	6805007937.8	4645515185.5	8674781196.6
8966000000.0	6805589409.4	4645785069.3	8675730290.2
8967000000.0	6806170850.6	4646054924.1	8676679379.7
8968000000.0	6806752261.6	4646324750.2	8677628465.3
8969000000.0	6807333642.2	4646594547.4	8678577546.7
8970000000.0	6807914992.4	4646864315.8	8679526624.2
8971000000.0	6808496312.3	4647134055.4	8680475697.6
8972000000.0	6809077601.9	4647403766.1	8681424766.9
8973000000.0	6809658861.2	4647673448.1	8682373832.2
8974000000.0	6810240090.1	4647943101.2	8683322893.5
8975000000.0	6810821288.7	4648212725.6	8684271950.7
8976000000.0	6811402457.0	4648482321.1	8685221003.9
8977000000.0	6811983595.0	4648751887.9	8686170053.1
8978000000.0	6812564702.6	4649021425.8	8687119098.2
8979000000.0	6813145780.0	4649290935.0	8688068139.3
8980000000.0	6813726827.0	4649560415.4	8689017176.3
8981000000.0	6814307843.7	4649829867.0	8689966209.3
8982000000.0	6814888830.1	4650099289.9	8690915238.3
8983000000.0	6815469786.3	4650368684.0	8691864263.2
8984000000.0	6816050712.1	4650638049.3	8692813284.1
8985000000.0	6816631607.6	4650907385.9	8693762300.9
8986000000.0	6817212472.8	4651176693.7	8694711313.7
8987000000.0	6817793307.7	4651445972.8	8695660322.5
8988000000.0	6818374112.3	4651715223.2	8696609327.2
8989000000.0	6818954886.7	4651984444.8	8697558327.9
8990000000.0	6819535630.7	4652253637.6	8698507324.5
8991000000.0	6820116344.5	4652522801.8	8699456317.2
8992000000.0	6820697028.0	4652791937.2	8700405305.7
8993000000.0	6821277681.1	4653061043.9	8701354290.3
8994000000.0	6821858304.1	4653330121.9	8702303270.7
8995000000.0	6822438896.7	4653599171.2	8703252247.2
8996000000.0	6823019459.1	4653868191.8	8704201219.6
8997000000.0	6823599991.2	4654137183.6	8705150188.0
8998000000.0	6824180493.0	4654406146.8	8706099152.3
8999000000.0	6824760964.6	4654675081.3	8707048112.6
9000000000.0	6825341405.9	4654943987.1	8707997068.9
9001000000.0	6825921816.9	4655212864.2	8708946021.1
9002000000.0	6826502197.7	4655481712.7	8709894969.3
9003000000.0	6827082548.2	4655750532.5	8710843913.4
9004000000.0	6827662868.5	4656019323.6	8711792853.5
9005000000.0	6828243158.5	4656288086.0	8712741789.6
9006000000.0	6828823418.3	4656556819.8	8713690721.6
9007000000.0	6829403647.8	4656825524.9	8714639649.6
9008000000.0	6829983847.1	4657094201.4	8715588573.5
9009000000.0	6830564016.1	4657362849.2	8716537493.4
9010000000.0	6831144154.9	4657631468.4	8717486409.3
9011000000.0	6831724263.5	4657900059.0	8718435321.1
9012000000.0	6832304341.8	4658168620.9	8719384228.9
9013000000.0	6832884389.9	4658437154.2	8720333132.7
9014000000.0	6833464407.7	4658705658.9	8721282032.4
9015000000.0	6834044395.4	4658974135.0	8722230928.1
9016000000.0	6834624352.8	4659242582.4	8723179819.7
9017000000.0	6835204279.9	4659511001.3	8724128707.3
9018000000.0	6835784176.9	4659779391.5	8725077590.9
9019000000.0	6836364043.6	4660047753.1	8726026470.4
9020000000.0	6836943880.1	4660316086.2	8726975345.9
9021000000.0	6837523686.5	4660584390.6	8727924217.3
9022000000.0	6838103462.5	4660852666.5	8728873084.7
9023000000.0	6838683208.4	4661120913.8	8729821948.1
9024000000.0	6839262924.1	4661389132.5	8730770807.4
9025000000.0	6839842609.6	4661657322.6	8731719662.7
9026000000.0	6840422264.8	4661925484.2	8732668514.0
9027000000.0	6841001889.9	4662193617.2	8733617361.2
9028000000.0	6841581484.8	4662461721.7	8734566204.4
9029000000.0	6842161049.5	4662729797.6	8735515043.5
9030000000.0	6842740583.9	4662997844.9	8736463878.6
9031000000.0	6843320088.2	4663265863.7	8737412709.7
9032000000.0	6843899562.3	4663533854.0	8738361536.7
9033000000.0	6844479006.3	4663801815.7	8739310359.7
9034000000.0	6845058420.0	4664069748.9	8740259178.7
9035000000.0	6845637803.6	4664337653.6	8741207993.6
9036000000.0	6846217156.9	4664605529.7	8742156804.4
9037000000.0	6846796480.1	4664873377.4	8743105611.3
9038000000.0	6847375773.1	4665141196.5	8744054414.1
9039000000.0	6847955036.0	4665408987.1	8745003212.8
9040000000.0	6848534268.7	4665676749.2	8745952007.6
9041000000.0	6849113471.2	4665944482.8	8746900798.3
9042000000.0	6849692643.6	4666212188.0	8747849584.9
9043000000.0	6850271785.7	4666479864.6	8748798367.5
9044000000.0	6850850897.8	4666747512.7	8749747146.1
9045000000.0	6851429979.6	4667015132.4	8750695920.6
9046000000.0	6852009031.4	4667282723.6	8751644691.1
9047000000.0	6852588052.9	4667550286.3	8752593457.6
9048000000.0	6853167044.3	4667817820.5	8753542220.0
9049000000.0	6853746005.6	4668085326.3	8754490978.4
9050000000.0	6854324936.7	4668352803.6	8755439732.7
9051000000.0	6854903837.7	4668620252.5	8756388483.0
9052000000.0	6855482708.5	4668887672.9	8757337229.3
9053000000.0	6856061549.2	4669155064.9	8758285971.5
9054000000.0	6856640359.8	4669422428.5	8759234709.7
9055000000.0	6857219140.2	4669689763.6	8760183443.9
9056000000.0	6857797890.5	4669957070.3	8761132174.0
9057000000.0	6858376610.6	4670224348.5	8762080900.1
9058000000.0	6858955300.7	4670491598.3	8763029622.2
9059000000.0	6859533960.6	4670758819.7	8763978340.2
9060000000.0	6860112590.4	4671026012.7	8764927054.1
9061000000.0	6860691190.0	4671293177.3	8765875764.1
9062000000.0	6861269759.6	4671560313.5	8766824470.0
9063000000.0	6861848299.0	4671827421.3	8767773171.8
9064000000.0	6862426808.4	4672094500.7	8768721869.7
9065000000.0	6863005287.6	4672361551.7	8769670563.5
9066000000.0	6863583736.7	4672628574.3	8770619253.2
9067000000.0	6864162155.7	4672895568.6	8771567938.9
9068000000.0	6864740544.6	4673162534.4	8772516620.6
9069000000.0	6865318903.4	4673429471.9	8773465298.2
9070000000.0	6865897232.1	4673696381.0	8774413971.8
9071000000.0	6866475530.6	4673963261.8	8775362641.4
9072000000.0	6867053799.2	4674230114.2	8776311306.9
9073000000.0	6867632037.6	4674496938.2	8777259968.4
9074000000.0	6868210245.9	4674763733.9	8778208625.9
9075000000.0	6868788424.1	4675030501.3	8779157279.3
9076000000.0	6869366572.3	4675297240.3	8780105928.7
9077000000.0	6869944690.3	4675563951.0	8781054574.0
9078000000.0	6870522778.3	4675830633.3	8782003215.3
9079000000.0	6871100836.2	4676097287.4	8782951852.6
9080000000.0	6871678864.1	4676363913.1	8783900485.8
9081000000.0	6872256861.8	4676630510.4	8784849115.0
9082000000.0	6872834829.5	4676897079.5	8785797740.2
9083000000.0	6873412767.1	4677163620.3	8786746361.3
9084000000.0	6873990674.7	4677430132.7	8787694978.4
9085000000.0	6874568552.2	4677696616.9	8788643591.4
9086000000.0	6875146399.6	4677963072.7	8789592200.5
9087000000.0	6875724217.0	4678229500.3	8790540805.4
9088000000.0	6876302004.3	4678495899.6	8791489406.4
9089000000.0	6876879761.6	4678762270.6	8792438003.3
9090000000.0	6877457488.8	4679028613.3	8793386596.1
9091000000.0	6878035186.0	4679294927.8	8794335185.0
9092000000.0	6878612853.1	4679561214.0	8795283769.8
9093000000.0	6879190490.1	4679827471.9	8796232350.5
9094000000.0	6879768097.2	4680093701.6	8797180927.2
9095000000.0	6880345674.1	4680359903.0	8798129499.9
9096000000.0	6880923221.1	4680626076.1	8799078068.6
9097000000.0	6881500738.0	4680892221.0	8800026633.2
9098000000.0	6882078224.9	4681158337.7	8800975193.8
9099000000.0	6882655681.7	4681424426.1	8801923750.3
9100000000.0	6883233108.6	4681690486.4	8802872302.8
9101000000.0	6883810505.3	4681956518.3	8803820851.3
9102000000.0	6884387872.1	4682222522.1	8804769395.7
9103000000.0	6884965208.9	4682488497.6	8805717936.1
9104000000.0	6885542515.6	4682754444.9	8806666472.5
9105000000.0	6886119792.3	4683020364.1	8807615004.8
9106000000.0	6886697039.0	4683286255.0	8808563533.1
9107000000.0	6887274255.7	4683552117.7	8809512057.3
9108000000.0	6887851442.4	4683817952.2	8810460577.5
9109000000.0	6888428599.0	4684083758.5	8811409093.7
9110000000.0	6889005725.7	4684349536.6	8812357605.9
9111000000.0	6889582822.4	4684615286.6	8813306114.0
9112000000.0	6890159889.0	4684881008.4	8814254618.0
9113000000.0	6890736925.7	4685146702.0	8815203118.1
9114000000.0	6891313932.4	4685412367.4	8816151614.1
9115000000.0	6891890909.0	4685678004.6	8817100106.0
9116000000.0	6892467855.7	4685943613.8	8818048594.0
9117000000.0	6893044772.4	4686209194.7	8818997077.9
9118000000.0	6893621659.1	4686474747.5	8819945557.7
9119000000.0	6894198515.8	4686740272.1	8820894033.5
9120000000.0	6894775342.6	4687005768.7	8821842505.3
9121000000.0	6895352139.3	4687271237.0	8822790973.1
9122000000.0	6895928906.1	4687536677.3	8823739436.8
9123000000.0	6896505642.9	4687802089.4	8824687896.5
9124000000.0	6897082349.8	4688067473.4	8825636352.1
9125000000.0	6897659026.6	4688332829.2	8826584803.7
9126000000.0	6898235673.5	4688598157.0	8827533251.3
9127000000.0	6898812290.5	4688863456.6	8828481694.8
9128000000.0	6899388877.5	4689128728.1	8829430134.3
9129000000.0	6899965434.5	4689393971.6	8830378569.8
9130000000.0	6900541961.5	4689659186.9	8831327001.2
9131000000.0	6901118458.6	4689924374.1	8832275428.6
9132000000.0	6901694925.8	4690189533.3	8833223852.0
9133000000.0	6902271363.0	4690454664.4	8834172271.3
9134000000.0	6902847770.2	4690719767.3	8835120686.6
9135000000.0	6903424147.5	4690984842.3	8836069097.8
9136000000.0	6904000494.8	4691249889.1	8837017505.1
9137000000.0	6904576812.3	4691514907.9	8837965908.2
9138000000.0	6905153099.7	4691779898.6	8838914307.4
9139000000.0	6905729357.3	4692044861.2	8839862702.5
9140000000.0	6906305584.9	4692309795.8	8840811093.6
9141000000.0	6906881782.5	4692574702.4	8841759480.6
9142000000.0	6907457950.3	4692839580.9	8842707863.6
9143000000.0	6908034088.1	4693104431.4	8843656242.6
9144000000.0	6908610196.0	4693369253.8	8844604617.5
9145000000.0	6909186273.9	4693634048.2	8845552988.4
9146000000.0	6909762322.0	4693898814.6	8846501355.3
9147000000.0	6910338340.1	4694163552.9	8847449718.1
9148000000.0	6910914328.3	4694428263.3	8848398076.9
9149000000.0	6911490286.6	4694692945.6	8849346431.7
9150000000.0	6912066214.9	4694957599.9	8850294782.4
9151000000.0	6912642113.4	4695222226.2	8851243129.1
9152000000.0	6913217982.0	4695486824.6	8852191471.8
9153000000.0	6913793820.6	4695751394.9	8853139810.4
9154000000.0	6914369629.4	4696015937.2	8854088145.0
9155000000.0	6914945408.2	4696280451.5	8855036475.5
9156000000.0	6915521157.2	4696544937.9	8855984802.1
9157000000.0	6916096876.3	4696809396.3	8856933124.5
9158000000.0	6916672565.4	4697073826.7	8857881443.0
9159000000.0	6917248224.7	4697338229.1	8858829757.4
9160000000.0	6917823854.1	4697602603.6	8859778067.8
9161000000.0	6918399453.6	4697866950.1	8860726374.1
9162000000.0	6918975023.2	4698131268.7	8861674676.4
9163000000.0	6919550563.0	4698395559.3	8862622974.7
9164000000.0	6920126072.8	4698659822.0	8863571269.0
9165000000.0	6920701552.8	4698924056.7	8864519559.2
9166000000.0	6921277002.9	4699188263.5	8865467845.3
9167000000.0	6921852423.1	4699452442.3	8866416127.5
9168000000.0	6922427813.5	4699716593.3	8867364405.6
9169000000.0	6923003174.0	4699980716.3	8868312679.6
9170000000.0	6923578504.6	4700244811.3	8869260949.7
9171000000.0	6924153805.4	4700508878.5	8870209215.7
9172000000.0	6924729076.3	4700772917.8	8871157477.6
9173000000.0	6925304317.4	4701036929.1	8872105735.6
9174000000.0	6925879528.6	4701300912.6	8873053989.5
9175000000.0	6926454709.9	4701564868.1	8874002239.3
9176000000.0	6927029861.4	4701828795.8	8874950485.2
9177000000.0	6927604983.0	4702092695.5	8875898727.0
9178000000.0	6928180074.8	4702356567.4	8876846964.7
9179000000.0	6928755136.8	4702620411.4	8877795198.4
9180000000.0	6929330168.9	4702884227.6	8878743428.1
9181000000.0	6929905171.2	4703148015.8	8879691653.8
9182000000.0	6930480143.6	4703411776.2	8880639875.4
9183000000.0	6931055086.2	4703675508.7	8881588093.0
9184000000.0	6931629999.0	4703939213.4	8882536306.6
9185000000.0	6932204881.9	4704202890.2	8883484516.1
9186000000.0	6932779735.0	4704466539.2	8884432721.6
9187000000.0	6933354558.3	4704730160.3	8885380923.0
9188000000.0	6933929351.8	4704993753.6	8886329120.5
9189000000.0	6934504115.4	4705257319.0	8887277313.8
9190000000.0	6935078849.2	4705520856.7	8888225503.2
9191000000.0	6935653553.2	4705784366.5	8889173688.5
9192000000.0	6936228227.4	4706047848.4	8890121869.8
9193000000.0	6936802871.8	4706311302.6	8891070047.1
9194000000.0	6937377486.4	4706574728.9	8892018220.3
9195000000.0	6937952071.1	4706838127.4	8892966389.5
9196000000.0	6938526626.1	4707101498.2	8893914554.6
9197000000.0	6939101151.2	4707364841.1	8894862715.7
9198000000.0	6939675646.6	4707628156.2	8895810872.8
9199000000.0	6940250112.1	4707891443.5	8896759025.9
9200000000.0	6940824547.9	4708154703.1	8897707174.9
9201000000.0	6941398953.9	4708417934.8	8898655319.9
9202000000.0	6941973330.1	4708681138.8	8899603460.8
9203000000.0	6942547676.4	4708944315.0	8900551597.7
9204000000.0	6943121993.0	4709207463.5	8901499730.6
9205000000.0	6943696279.9	4709470584.2	8902447859.4
9206000000.0	6944270536.9	4709733677.1	8903395984.3
9207000000.0	6944844764.2	4709996742.2	8904344105.0
9208000000.0	6945418961.6	4710259779.6	8905292221.8
9209000000.0	6945993129.3	4710522789.3	8906240334.5
9210000000.0	6946567267.3	4710785771.2	8907188443.2
9211000000.0	6947141375.4	4711048725.4	8908136547.8
9212000000.0	6947715453.8	4711311651.8	8909084648.5
9213000000.0	6948289502.5	4711574550.5	8910032745.0
9214000000.0	6948863521.3	4711837421.5	8910980837.6
9215000000.0	6949437510.4	4712100264.8	8911928926.1
9216000000.0	6950011469.8	4712363080.3	8912877010.6
9217000000.0	6950585399.4	4712625868.2	8913825091.0
9218000000.0	6951159299.2	4712888628.3	8914773167.4
9219000000.0	6951733169.3	4713151360.7	8915721239.8
9220000000.0	6952307009.6	4713414065.5	8916669308.2
9221000000.0	6952880820.2	4713676742.5	8917617372.5
9222000000.0	6953454601.1	4713939391.8	8918565432.8
9223000000.0	6954028352.2	4714202013.5	8919513489.0
9224000000.0	6954602073.6	4714464607.5	8920461541.3
9225000000.0	6955175765.2	4714727173.7	8921409589.4
9226000000.0	6955749427.1	4714989712.4	8922357633.6
9227000000.0	6956323059.2	4715252223.3	8923305673.7
9228000000.0	6956896661.7	4715514706.6	8924253709.8
9229000000.0	6957470234.4	4715777162.2	8925201741.9
9230000000.0	6958043777.3	4716039590.2	8926149769.9
9231000000.0	6958617290.6	4716301990.5	8927097793.9
9232000000.0	6959190774.1	4716564363.2	8928045813.8
9233000000.0	6959764227.9	4716826708.2	8928993829.7
9234000000.0	6960337652.0	4717089025.6	8929941841.6
9235000000.0	6960911046.4	4717351315.4	8930889849.5
9236000000.0	6961484411.1	4717613577.5	8931837853.3
9237000000.0	6962057746.0	4717875812.0	8932785853.1
9238000000.0	6962631051.3	4718138018.9	8933733848.9
9239000000.0	6963204326.8	4718400198.2	8934681840.6
9240000000.0	6963777572.7	4718662349.8	8935629828.3
9241000000.0	6964350788.8	4718924473.9	8936577811.9
9242000000.0	6964923975.2	4719186570.3	8937525791.6
9243000000.0	6965497132.0	4719448639.2	8938473767.2
9244000000.0	6966070259.0	4719710680.4	8939421738.7
9245000000.0	6966643356.4	4719972694.1	8940369706.3
9246000000.0	6967216424.1	4720234680.1	8941317669.8
9247000000.0	6967789462.1	4720496638.6	8942265629.2
9248000000.0	6968362470.4	4720758569.5	8943213584.7
9249000000.0	6968935449.0	4721020472.9	8944161536.1
9250000000.0	6969508397.9	4721282348.7	8945109483.5
9251000000.0	6970081317.2	4721544196.9	8946057426.8
9252000000.0	6970654206.8	4721806017.5	8947005366.1
9253000000.0	6971227066.7	4722067810.6	8947953301.4
9254000000.0	6971799896.9	4722329576.2	8948901232.6
9255000000.0	6972372697.5	4722591314.2	8949849159.8
9256000000.0	6972945468.4	4722853024.6	8950797083.0
9257000000.0	6973518209.7	4723114707.5	8951745002.1
9258000000.0	6974090921.2	4723376362.9	8952692917.3
9259000000.0	6974663603.2	4723637990.8	8953640828.3
9260000000.0	6975236255.4	4723899591.1	8954588735.4
9261000000.0	6975808878.1	4724161163.9	8955536638.4
9262000000.0	6976381471.0	4724422709.2	8956484537.4
9263000000.0	6976954034.3	4724684227.0	8957432432.4
9264000000.0	6977526568.0	4724945717.3	8958380323.3
9265000000.0	6978099072.0	4725207180.0	8959328210.2
9266000000.0	6978671546.4	4725468615.3	8960276093.0
9267000000.0	6979243991.1	4725730023.1	8961223971.9
9268000000.0	6979816406.2	4725991403.4	8962171846.6
9269000000.0	6980388791.7	4726252756.2	8963119717.4
9270000000.0	6980961147.5	4726514081.5	8964067584.1
9271000000.0	6981533473.7	4726775379.4	8965015446.8
9272000000.0	6982105770.3	4727036649.7	8965963305.5
9273000000.0	6982678037.2	4727297892.6	8966911160.1
9274000000.0	6983250274.5	4727559108.1	8967859010.8
9275000000.0	6983822482.2	4727820296.0	8968806857.3
9276000000.0	6984394660.3	4728081456.6	8969754699.9
9277000000.0	6984966808.7	4728342589.6	8970702538.4
9278000000.0	6985538927.6	4728603695.3	8971650372.9
9279000000.0	6986111016.8	4728864773.4	8972598203.3
9280000000.0	6986683076.4	4729125824.2	8973546029.7
9281000000.0	6987255106.4	4729386847.5	8974493852.1
9282000000.0	6987827106.8	4729647843.4	8975441670.5
9283000000.0	6988399077.6	4729908811.8	8976389484.8
9284000000.0	6988971018.8	4730169752.9	8977337295.1
9285000000.0	6989542930.4	4730430666.5	8978285101.3
9286000000.0	6990114812.4	4730691552.7	8979232903.6
9287000000.0	6990686664.8	4730952411.5	8980180701.8
9288000000.0	6991258487.6	4731213242.9	8981128495.9
9289000000.0	6991830280.8	4731474046.9	8982076286.1
9290000000.0	6992402044.5	4731734823.5	8983024072.2
9291000000.0	6992973778.5	4731995572.7	8983971854.2
9292000000.0	6993545483.0	4732256294.5	8984919632.3
9293000000.0	6994117157.9	4732516989.0	8985867406.3
9294000000.0	6994688803.2	4732777656.0	8986815176.3
9295000000.0	6995260418.9	4733038295.7	8987762942.2
9296000000.0	6995832005.1	4733298908.0	8988710704.1
9297000000.0	6996403561.7	4733559493.0	8989658462.0
9298000000.0	6996975088.7	4733820050.6	8990606215.9
9299000000.0	6997546586.1	4734080580.8	8991553965.7
9300000000.0	6998118054.0	4734341083.7	8992501711.5
9301000000.0	6998689492.3	4734601559.3	8993449453.2
9302000000.0	6999260901.1	4734862007.5	8994397191.0
9303000000.0	6999832280.3	4735122428.3	8995344924.7
9304000000.0	7000403629.9	4735382821.8	8996292654.3
9305000000.0	7000974950.0	4735643188.0	8997240380.0
9306000000.0	7001546240.6	4735903526.9	8998188101.6
9307000000.0	7002117501.6	4736163838.4	8999135819.2
9308000000.0	7002688733.0	4736424122.7	9000083532.7
9309000000.0	7003259934.9	4736684379.6	9001031242.2
9310000000.0	7003831107.3	4736944609.2	9001978947.7
9311000000.0	7004402250.1	4737204811.5	9002926649.2
9312000000.0	7004973363.4	4737464986.5	9003874346.6
9313000000.0	7005544447.1	4737725134.2	9004822040.0
9314000000.0	7006115501.3	4737985254.6	9005769729.3
9315000000.0	7006686526.0	4738245347.8	9006717414.7
9316000000.0	7007257521.2	4738505413.6	9007665096.0
9317000000.0	7007828486.8	4738765452.2	9008612773.2
9318000000.0	7008399422.9	4739025463.5	9009560446.5
9319000000.0	7008970329.5	4739285447.5	9010508115.7
9320000000.0	7009541206.6	4739545404.2	9011455780.9
9321000000.0	7010112054.1	4739805333.7	9012403442.0
9322000000.0	7010682872.2	4740065236.0	9013351099.1
9323000000.0	7011253660.7	4740325110.9	9014298752.2
9324000000.0	7011824419.7	4740584958.7	9015246401.3
9325000000.0	7012395149.2	4740844779.2	9016194046.3
9326000000.0	7012965849.2	4741104572.4	9017141687.3
9327000000.0	7013536519.7	4741364338.4	9018089324.3
9328000000.0	7014107160.7	4741624077.2	9019036957.2
9329000000.0	7014677772.2	4741883788.8	9019984586.1
9330000000.0	7015248354.2	4742143473.1	9020932211.0
9331000000.0	7015818906.7	4742403130.2	9021879831.8
9332000000.0	7016389429.8	4742662760.1	9022827448.7
9333000000.0	7016959923.3	4742922362.8	9023775061.4
9334000000.0	7017530387.3	4743181938.3	9024722670.2
9335000000.0	7018100821.9	4743441486.6	9025670274.9
9336000000.0	7018671227.0	4743701007.7	9026617875.6
9337000000.0	7019241602.6	4743960501.6	9027565472.3
9338000000.0	7019811948.7	4744219968.3	9028513064.9
9339000000.0	7020382265.3	4744479407.8	9029460653.5
9340000000.0	7020952552.5	4744738820.1	9030408238.1
9341000000.0	7021522810.2	4744998205.3	9031355818.6
9342000000.0	7022093038.4	4745257563.3	9032303395.2
9343000000.0	7022663237.2	4745516894.1	9033250967.7
9344000000.0	7023233406.5	4745776197.8	9034198536.1
9345000000.0	7023803546.3	4746035474.3	9035146100.5
9346000000.0	7024373656.7	4746294723.6	9036093660.9
9347000000.0	7024943737.6	4746553945.8	9037041217.3
9348000000.0	7025513789.1	4746813140.9	9037988769.6
9349000000.0	7026083811.1	4747072308.8	9038936318.0
9350000000.0	7026653803.6	4747331449.5	9039883862.2
9351000000.0	7027223766.8	4747590563.2	9040831402.5
9352000000.0	7027793700.4	4747849649.7	9041778938.7
9353000000.0	7028363604.7	4748108709.1	9042726470.9
9354000000.0	7028933479.4	4748367741.3	9043673999.1
9355000000.0	7029503324.8	4748626746.5	9044621523.2
9356000000.0	7030073140.7	4748885724.5	9045569043.3
9357000000.0	7030642927.2	4749144675.4	9046516559.4
9358000000.0	7031212684.2	4749403599.3	9047464071.4
9359000000.0	7031782411.8	4749662496.0	9048411579.4
9360000000.0	7032352110.0	4749921365.6	9049359083.4
9361000000.0	7032921778.8	4750180208.2	9050306583.4
9362000000.0	7033491418.1	4750439023.6	9051254079.3
9363000000.0	7034061028.0	4750697812.0	9052201571.2
9364000000.0	7034630608.5	4750956573.3	9053149059.0
9365000000.0	7035200159.6	4751215307.5	9054096542.9
9366000000.0	7035769681.2	4751474014.7	9055044022.7
9367000000.0	7036339173.5	4751732694.7	9055991498.5
9368000000.0	7036908636.3	4751991347.8	9056938970.2
9369000000.0	7037478069.8	4752249973.7	9057886437.9
9370000000.0	7038047473.8	4752508572.6	9058833901.6
9371000000.0	7038616848.4	4752767144.5	9059781361.3
9372000000.0	7039186193.7	4753025689.3	9060728816.9
9373000000.0	7039755509.5	4753284207.1	9061676268.5
9374000000.0	7040324795.9	4753542697.9	9062623716.1
9375000000.0	7040894053.0	4753801161.6	9063571159.7
9376000000.0	7041463280.6	4754059598.3	9064518599.2
9377000000.0	7042032478.9	4754318007.9	9065466034.7
9378000000.0	7042601647.8	4754576390.6	9066413466.1
9379000000.0	7043170787.3	4754834746.2	9067360893.6
9380000000.0	7043739897.4	4755093074.9	9068308317.0
9381000000.0	7044308978.1	4755351376.5	9069255736.3
9382000000.0	7044878029.5	4755609651.1	9070203151.7
9383000000.0	7045447051.4	4755867898.7	9071150563.0
9384000000.0	7046016044.0	4756126119.3	9072097970.3
9385000000.0	7046585007.3	4756384313.0	9073045373.6
9386000000.0	7047153941.1	4756642479.6	9073992772.8
9387000000.0	7047722845.6	4756900619.3	9074940168.0
9388000000.0	7048291720.8	4757158732.0	9075887559.2
9389000000.0	7048860566.6	4757416817.7	9076834946.3
9390000000.0	7049429383.0	4757674876.5	9077782329.4
9391000000.0	7049998170.0	4757932908.3	9078729708.5
9392000000.0	7050566927.7	4758190913.1	9079677083.6
9393000000.0	7051135656.1	4758448891.0	9080624454.6
9394000000.0	7051704355.1	4758706841.9	9081571821.6
9395000000.0	7052273024.7	4758964765.9	9082519184.6
9396000000.0	7052841665.0	4759222662.9	9083466543.5
9397000000.0	7053410276.0	4759480533.0	9084413898.4
9398000000.0	7053978857.6	4759738376.2	9085361249.3
9399000000.0	7054547409.9	4759996192.4	9086308596.2
9400000000.0	7055115932.9	4760253981.8	9087255939.0
9401000000.0	7055684426.5	4760511744.2	9088203277.8
9402000000.0	7056252890.8	4760769479.6	9089150612.6
9403000000.0	7056821325.7	4761027188.2	9090097943.4
9404000000.0	7057389731.3	4761284869.8	9091045270.1
9405000000.0	7057958107.6	4761542524.6	9091992592.8
9406000000.0	7058526454.6	4761800152.4	9092939911.4
9407000000.0	7059094772.3	4762057753.4	9093887226.1
9408000000.0	7059663060.6	4762315327.5	9094834536.7
9409000000.0	7060231319.6	4762572874.6	9095781843.3
9410000000.0	7060799549.3	4762830394.9	9096729145.8
9411000000.0	7061367749.7	4763087888.3	9097676444.3
9412000000.0	7061935920.8	4763345354.9	9098623738.8
9413000000.0	7062504062.6	4763602794.5	9099571029.3
9414000000.0	7063072175.0	4763860207.3	9100518315.7
9415000000.0	7063640258.2	4764117593.3	9101465598.1
9416000000.0	7064208312.1	4764374952.3	9102412876.5
9417000000.0	7064776336.7	4764632284.6	9103360150.9
9418000000.0	7065344331.9	4764889589.9	9104307421.2
9419000000.0	7065912297.9	4765146868.5	9105254687.5
9420000000.0	7066480234.6	4765404120.2	9106201949.8
9421000000.0	7067048142.0	4765661345.0	9107149208.0
9422000000.0	7067616020.1	4765918543.0	9108096462.2
9423000000.0	7068183869.0	4766175714.2	9109043712.4
9424000000.0	7068751688.5	4766432858.6	9109990958.6
9425000000.0	7069319478.8	4766689976.1	9110938200.7
9426000000.0	7069887239.8	4766947066.9	9111885438.8
9427000000.0	7070454971.5	4767204130.8	9112832672.9
9428000000.0	7071022673.9	4767461167.9	9113779903.0
9429000000.0	7071590347.1	4767718178.2	9114727129.0
9430000000.0	7072157991.0	4767975161.7	9115674351.0
9431000000.0	7072725605.7	4768232118.4	9116621568.9
9432000000.0	7073293191.0	4768489048.3	9117568782.9
9433000000.0	7073860747.1	4768745951.5	9118515992.8
9434000000.0	7074428274.0	4769002827.8	9119463198.7
9435000000.0	7074995771.6	4769259677.4	9120410400.5
9436000000.0	7075563239.9	4769516500.2	9121357598.4
9437000000.0	7076130679.0	4769773296.2	9122304792.2
9438000000.0	7076698088.9	4770030065.5	9123251982.0
9439000000.0	7077265469.4	4770286808.0	9124199167.7
9440000000.0	7077832820.8	4770543523.7	9125146349.4
9441000000.0	7078400142.9	4770800212.7	9126093527.1
9442000000.0	7078967435.7	4771056875.0	9127040700.8
9443000000.0	7079534699.4	4771313510.5	9127987870.4
9444000000.0	7080101933.8	4771570119.2	9128935036.0
9445000000.0	7080669138.9	4771826701.3	9129882197.6
9446000000.0	7081236314.8	4772083256.5	9130829355.2
9447000000.0	7081803461.5	4772339785.1	9131776508.7
9448000000.0	7082370579.0	4772596286.9	9132723658.2
9449000000.0	7082937667.2	4772852762.1	9133670803.7
9450000000.0	7083504726.2	4773109210.5	9134617945.2
9451000000.0	7084071756.0	4773365632.2	9135565082.6
9452000000.0	7084638756.6	4773622027.1	9136512216.0
9453000000.0	7085205727.9	4773878395.4	9137459345.4
9454000000.0	7085772670.0	4774134737.0	9138406470.7
9455000000.0	7086339583.0	4774391051.9	9139353592.0
9456000000.0	7086906466.7	4774647340.1	9140300709.3
9457000000.0	7087473321.2	4774903601.6	9141247822.6
9458000000.0	7088040146.5	4775159836.4	9142194931.8
9459000000.0	7088606942.6	4775416044.6	9143142037.0
9460000000.0	7089173709.5	4775672226.0	9144089138.2
9461000000.0	7089740447.2	4775928380.8	9145036235.4
9462000000.0	7090307155.7	4776184509.0	9145983328.5
9463000000.0	7090873835.0	4776440610.5	9146930417.6
9464000000.0	7091440485.1	4776696685.3	9147877502.7
9465000000.0	7092007106.1	4776952733.5	9148824583.7
9466000000.0	7092573697.8	4777208755.0	9149771660.7
9467000000.0	7093140260.4	4777464749.8	9150718733.7
9468000000.0	7093706793.7	4777720718.1	9151665802.7
9469000000.0	7094273297.9	4777976659.7	9152612867.6
9470000000.0	7094839772.9	4778232574.6	9153559928.6
9471000000.0	7095406218.8	4778488463.0	9154506985.5
9472000000.0	7095972635.5	4778744324.7	9155454038.3
9473000000.0	7096539022.9	4779000159.8	9156401087.2
9474000000.0	7097105381.3	4779255968.3	9157348132.0
9475000000.0	7097671710.4	4779511750.1	9158295172.8
9476000000.0	7098238010.4	4779767505.4	9159242209.5
9477000000.0	7098804281.3	4780023234.0	9160189242.2
9478000000.0	7099370522.9	4780278936.1	9161136271.0
9479000000.0	7099936735.4	4780534611.6	9162083295.6
9480000000.0	7100502918.8	4780790260.4	9163030316.3
9481000000.0	7101069073.0	4781045882.7	9163977332.9
9482000000.0	7101635198.1	4781301478.4	9164924345.5
9483000000.0	7102201294.0	4781557047.6	9165871354.1
9484000000.0	7102767360.7	4781812590.1	9166818358.6
9485000000.0	7103333398.3	4782068106.1	9167765359.2
9486000000.0	7103899406.8	4782323595.5	9168712355.7
9487000000.0	7104465386.1	4782579058.3	9169659348.1
9488000000.0	7105031336.3	4782834494.6	9170606336.6
9489000000.0	7105597257.4	4783089904.4	9171553321.0
9490000000.0	7106163149.3	4783345287.6	9172500301.4
9491000000.0	7106729012.1	4783600644.2	9173447277.8
9492000000.0	7107294845.8	4783855974.3	9174394250.1
9493000000.0	7107860650.3	4784111277.9	9175341218.4
9494000000.0	7108426425.7	4784366554.9	9176288182.7
9495000000.0	7108992172.0	4784621805.4	9177235143.0
9496000000.0	7109557889.2	4784877029.4	9178182099.2
9497000000.0	7110123577.3	4785132226.9	9179129051.4
9498000000.0	7110689236.2	4785387397.8	9180075999.6
9499000000.0	7111254866.0	4785642542.3	9181022943.8
9500000000.0	7111820466.7	4785897660.2	9181969883.9
9501000000.0	7112386038.3	4786152751.6	9182916820.0
9502000000.0	7112951580.8	4786407816.6	9183863752.1
9503000000.0	7113517094.2	4786662855.0	9184810680.2
9504000000.0	7114082578.5	4786917866.9	9185757604.2
9505000000.0	7114648033.7	4787172852.4	9186704524.2
9506000000.0	7115213459.8	4787427811.3	9187651440.2
9507000000.0	7115778856.8	4787682743.8	9188598352.2
9508000000.0	7116344224.8	4787937649.8	9189545260.1
9509000000.0	7116909563.6	4788192529.4	9190492164.0
9510000000.0	7117474873.3	4788447382.5	9191439063.9
9511000000.0	7118040154.0	4788702209.1	9192385959.7
9512000000.0	7118605405.5	4788957009.2	9193332851.6
9513000000.0	7119170628.0	4789211782.9	9194279739.4
9514000000.0	7119735821.4	4789466530.2	9195226623.2
9515000000.0	7120300985.7	4789721251.0	9196173502.9
9516000000.0	7120866121.0	4789975945.3	9197120378.6
9517000000.0	7121431227.2	4790230613.3	9198067250.3
9518000000.0	7121996304.3	4790485254.8	9199014118.0
9519000000.0	7122561352.3	4790739869.8	9199960981.7
9520000000.0	7123126371.3	4790994458.4	9200907841.3
9521000000.0	7123691361.2	4791249020.7	9201854696.9
9522000000.0	7124256322.1	4791503556.5	9202801548.5
9523000000.0	7124821253.9	4791758065.8	9203748396.0
9524000000.0	7125386156.6	4792012548.8	9204695239.6
9525000000.0	7125951030.3	4792267005.4	9205642079.1
9526000000.0	7126515874.9	4792521435.6	9206588914.5
9527000000.0	7127080690.5	4792775839.3	9207535746.0
9528000000.0	7127645477.0	4793030216.7	9208482573.4
9529000000.0	7128210234.5	4793284567.7	9209429396.8
9530000000.0	7128774962.9	4793538892.3	9210376216.2
9531000000.0	7129339662.3	4793793190.5	9211323031.6
9532000000.0	7129904332.7	4794047462.4	9212269842.9
9533000000.0	7130468974.0	4794301707.9	9213216650.2
9534000000.0	7131033586.3	4794555927.0	9214163453.5
9535000000.0	7131598169.6	4794810119.7	9215110252.7
9536000000.0	7132162723.8	4795064286.1	9216057048.0
9537000000.0	7132727249.0	4795318426.2	9217003839.2
9538000000.0	7133291745.2	4795572539.8	9217950626.4
9539000000.0	7133856212.3	4795826627.2	9218897409.5
9540000000.0	7134420650.5	4796080688.2	9219844188.6
9541000000.0	7134985059.6	4796334722.8	9220790963.7
9542000000.0	7135549439.7	4796588731.1	9221737734.8
9543000000.0	7136113790.7	4796842713.1	9222684501.9
9544000000.0	7136678112.8	4797096668.8	9223631264.9
9545000000.0	7137242405.9	4797350598.1	9224578023.9
9546000000.0	7137806669.9	4797604501.1	9225524778.9
9547000000.0	7138370905.0	4797858377.8	9226471529.9
9548000000.0	7138935111.0	4798112228.2	9227418276.8
9549000000.0	7139499288.1	4798366052.3	9228365019.7
9550000000.0	7140063436.1	4798619850.1	9229311758.6
9551000000.0	7140627555.2	4798873621.6	9230258493.5
9552000000.0	7141191645.2	4799127366.8	9231205224.3
9553000000.0	7141755706.3	4799381085.7	9232151951.1
9554000000.0	7142319738.3	4799634778.3	9233098673.9
9555000000.0	7142883741.4	4799888444.6	9234045392.7
9556000000.0	7143447715.5	4800142084.7	9234992107.4
9557000000.0	7144011660.6	4800395698.4	9235938818.1
9558000000.0	7144575576.8	4800649286.0	9236885524.8
9559000000.0	7145139463.9	4800902847.2	9237832227.5
9560000000.0	7145703322.1	4801156382.2	9238778926.1
9561000000.0	7146267151.3	4801409890.9	9239725620.8
9562000000.0	7146830951.6	4801663373.4	9240672311.4
9563000000.0	7147394722.8	4801916829.6	9241618997.9
9564000000.0	7147958465.1	4802170259.6	9242565680.5
9565000000.0	7148522178.5	4802423663.3	9243512359.0
9566000000.0	7149085862.8	4802677040.8	9244459033.5
9567000000.0	7149649518.2	4802930392.1	9245405704.0
9568000000.0	7150213144.7	4803183717.1	9246352370.4
9569000000.0	7150776742.2	4803437015.9	9247299032.9
9570000000.0	7151340310.7	4803690288.5	9248245691.3
9571000000.0	7151903850.3	4803943534.9	9249192345.7
9572000000.0	7152467361.0	4804196755.1	9250138996.0
9573000000.0	7153030842.7	4804449949.0	9251085642.4
9574000000.0	7153594295.4	4804703116.8	9252032284.7
9575000000.0	7154157719.2	4804956258.3	9252978923.0
9576000000.0	7154721114.1	4805209373.7	9253925557.2
9577000000.0	7155284480.0	4805462462.9	9254872187.5
9578000000.0	7155847817.0	4805715525.8	9255818813.7
9579000000.0	7156411125.0	4805968562.6	9256765435.9
9580000000.0	7156974404.2	4806221573.2	9257712054.0
9581000000.0	7157537654.4	4806474557.7	9258658668.2
9582000000.0	7158100875.6	4806727515.9	9259605278.3
9583000000.0	7158664068.0	4806980448.0	9260551884.4
9584000000.0	7159227231.4	4807233354.0	9261498486.5
9585000000.0	7159790365.9	4807486233.7	9262445084.5
9586000000.0	7160353471.5	4807739087.3	9263391678.6
9587000000.0	7160916548.2	4807991914.8	9264338268.6
9588000000.0	7161479595.9	4808244716.1	9265284854.5
9589000000.0	7162042614.7	4808497491.3	9266231436.5
9590000000.0	7162605604.7	4808750240.3	9267178014.4
9591000000.0	7163168565.7	4809002963.2	9268124588.4
9592000000.0	7163731497.8	4809255660.0	9269071158.2
9593000000.0	7164294401.0	4809508330.6	9270017724.1
9594000000.0	7164857275.4	4809760975.1	9270964285.9
9595000000.0	7165420120.8	4810013593.5	9271910843.8
9596000000.0	7165982937.3	4810266185.8	9272857397.6
9597000000.0	7166545724.9	4810518752.0	9273803947.3
9598000000.0	7167108483.7	4810771292.1	9274750493.1
9599000000.0	7167671213.5	4811023806.0	9275697034.8
9600000000.0	7168233914.5	4811276293.9	9276643572.5
9601000000.0	7168796586.6	4811528755.6	9277590106.2
9602000000.0	7169359229.7	4811781191.3	9278536635.9
9603000000.0	7169921844.1	4812033600.9	9279483161.5
9604000000.0	7170484429.5	4812285984.4	9280429683.1
9605000000.0	7171046986.1	4812538341.8	9281376200.7
9606000000.0	7171609513.7	4812790673.2	9282322714.3
9607000000.0	7172172012.6	4813042978.5	9283269223.8
9608000000.0	7172734482.5	4813295257.7	9284215729.3
9609000000.0	7173296923.6	4813547510.8	9285162230.8
9610000000.0	7173859335.8	4813799737.9	9286108728.3
9611000000.0	7174421719.1	4814051939.0	9287055221.7
9612000000.0	7174984073.6	4814304114.0	9288001711.2
9613000000.0	7175546399.3	4814556262.9	9288948196.6
9614000000.0	7176108696.0	4814808385.8	9289894678.0
9615000000.0	7176670964.0	4815060482.7	9290841155.3
9616000000.0	7177233203.0	4815312553.5	9291787628.7
9617000000.0	7177795413.2	4815564598.3	9292734098.0
9618000000.0	7178357594.6	4815816617.1	9293680563.3
9619000000.0	7178919747.1	4816068609.8	9294627024.6
9620000000.0	7179481870.8	4816320576.5	9295573481.8
9621000000.0	7180043965.7	4816572517.3	9296519935.0
9622000000.0	7180606031.7	4816824432.0	9297466384.2
9623000000.0	7181168068.9	4817076320.7	9298412829.4
9624000000.0	7181730077.2	4817328183.4	9299359270.6
9625000000.0	7182292056.7	4817580020.1	9300305707.7
9626000000.0	7182854007.4	4817831830.8	9301252140.8
9627000000.0	7183415929.2	4818083615.5	9302198569.9
9628000000.0	7183977822.3	4818335374.2	9303144995.0
9629000000.0	7184539686.5	4818587107.0	9304091416.0
9630000000.0	7185101521.8	4818838813.7	9305037833.1
9631000000.0	7185663328.4	4819090494.5	9305984246.1
9632000000.0	7186225106.1	4819342149.4	9306930655.0
9633000000.0	7186786855.1	4819593778.2	9307877060.0
9634000000.0	7187348575.2	4819845381.1	9308823460.9
9635000000.0	7187910266.5	4820096958.1	9309769857.9
9636000000.0	7188471929.0	4820348509.1	9310716250.7
9637000000.0	7189033562.7	4820600034.1	9311662639.6
9638000000.0	7189595167.6	4820851533.2	9312609024.5
9639000000.0	7190156743.7	4821103006.3	9313555405.3
9640000000.0	7190718291.0	4821354453.6	9314501782.1
9641000000.0	7191279809.5	4821605874.8	9315448154.9
9642000000.0	7191841299.2	4821857270.2	9316394523.6
9643000000.0	7192402760.2	4822108639.6	9317340888.4
9644000000.0	7192964192.3	4822359983.1	9318287249.1
9645000000.0	7193525595.6	4822611300.7	9319233605.8
9646000000.0	7194086970.2	4822862592.4	9320179958.5
9647000000.0	7194648316.0	4823113858.1	9321126307.1
9648000000.0	7195209632.9	4823365098.0	9322072651.7
9649000000.0	7195770921.2	4823616311.9	9323018992.3
9650000000.0	7196332180.6	4823867500.0	9323965328.9
9651000000.0	7196893411.3	4824118662.2	9324911661.5
9652000000.0	7197454613.2	4824369798.4	9325857990.0
9653000000.0	7198015786.3	4824620908.8	9326804314.6
9654000000.0	7198576930.6	4824871993.3	9327750635.1
9655000000.0	7199138046.2	4825123052.0	9328696951.5
9656000000.0	7199699133.1	4825374084.7	9329643264.0
9657000000.0	7200260191.1	4825625091.6	9330589572.4
9658000000.0	7200821220.4	4825876072.6	9331535876.8
9659000000.0	7201382221.0	4826127027.8	9332482177.2
9660000000.0	7201943192.8	4826377957.1	9333428473.6
9661000000.0	7202504135.8	4826628860.5	9334374766.0
9662000000.0	7203065050.1	4826879738.1	9335321054.3
9663000000.0	7203625935.7	4827130589.9	9336267338.6
9664000000.0	7204186792.5	4827381415.8	9337213618.9
9665000000.0	7204747620.5	4827632215.9	9338159895.1
9666000000.0	7205308419.9	4827882990.1	9339106167.4
9667000000.0	7205869190.4	4828133738.5	9340052435.6
9668000000.0	7206429932.3	4828384461.1	9340998699.8
9669000000.0	7206990645.4	4828635157.9	9341944960.0
9670000000.0	7207551329.8	4828885828.8	9342891216.1
9671000000.0	7208111985.4	4829136473.9	9343837468.3
9672000000.0	7208672612.4	4829387093.3	9344783716.4
9673000000.0	7209233210.6	4829637686.8	9345729960.5
9674000000.0	7209793780.0	4829888254.5	9346676200.6
9675000000.0	7210354320.8	4830138796.4	9347622436.6
9676000000.0	7210914832.8	4830389312.5	9348568668.6
9677000000.0	7211475316.1	4830639802.9	9349514896.7
9678000000.0	7212035770.7	4830890267.4	9350461120.6
9679000000.0	7212596196.6	4831140706.2	9351407340.6
9680000000.0	7213156593.8	4831391119.2	9352353556.6
9681000000.0	7213716962.3	4831641506.4	9353299768.5
9682000000.0	7214277302.1	4831891867.8	9354245976.4
9683000000.0	7214837613.1	4832142203.5	9355192180.3
9684000000.0	7215397895.5	4832392513.4	9356138380.1
9685000000.0	7215958149.2	4832642797.6	9357084576.0
9686000000.0	7216518374.1	4832893056.0	9358030767.8
9687000000.0	7217078570.4	4833143288.6	9358976955.6
9688000000.0	7217638738.0	4833393495.5	9359923139.4
9689000000.0	7218198876.9	4833643676.7	9360869319.1
9690000000.0	7218758987.1	4833893832.1	9361815494.9
9691000000.0	7219319068.6	4834143961.8	9362761666.6
9692000000.0	7219879121.4	4834394065.8	9363707834.3
9693000000.0	7220439145.6	4834644144.0	9364653998.0
9694000000.0	7220999141.1	4834894196.6	9365600157.6
9695000000.0	7221559107.9	4835144223.4	9366546313.3
9696000000.0	7222119046.0	4835394224.4	9367492464.9
9697000000.0	7222678955.4	4835644199.8	9368438612.5
9698000000.0	7223238836.2	4835894149.5	9369384756.1
9699000000.0	7223798688.3	4836144073.4	9370330895.6
9700000000.0	7224358511.8	4836393971.7	9371277031.2
9701000000.0	7224918306.6	4836643844.3	9372223162.7
9702000000.0	7225478072.7	4836893691.2	9373169290.2
9703000000.0	7226037810.2	4837143512.4	9374115413.6
9704000000.0	7226597519.0	4837393307.9	9375061533.1
9705000000.0	7227157199.1	4837643077.7	9376007648.5
9706000000.0	7227716850.6	4837892821.9	9376953759.9
9707000000.0	7228276473.5	4838142540.3	9377899867.3
9708000000.0	7228836067.7	4838392233.2	9378845970.7
9709000000.0	7229395633.2	4838641900.3	9379792070.0
9710000000.0	7229955170.1	4838891541.8	9380738165.4
9711000000.0	7230514678.4	4839141157.7	9381684256.7
9712000000.0	7231074158.0	4839390747.9	9382630344.0
9713000000.0	7231633609.0	4839640312.4	9383576427.3
9714000000.0	7232193031.4	4839889851.3	9384522506.5
9715000000.0	7232752425.1	4840139364.6	9385468581.7
9716000000.0	7233311790.2	4840388852.2	9386414652.9
9717000000.0	7233871126.7	4840638314.2	9387360720.1
9718000000.0	7234430434.5	4840887750.6	9388306783.3
9719000000.0	7234989713.7	4841137161.4	9389252842.5
9720000000.0	7235548964.3	4841386546.5	9390198897.6
9721000000.0	7236108186.3	4841635906.0	9391144948.7
9722000000.0	7236667379.7	4841885239.9	9392090995.8
9723000000.0	7237226544.4	4842134548.2	9393037038.9
9724000000.0	7237785680.5	4842383830.9	9393983077.9
9725000000.0	7238344788.0	4842633088.0	9394929113.0
9726000000.0	7238903867.0	4842882319.5	9395875144.0
9727000000.0	7239462917.3	4843131525.4	9396821171.0
9728000000.0	7240021939.0	4843380705.7	9397767193.9
9729000000.0	7240580932.1	4843629860.4	9398713212.9
9730000000.0	7241139896.6	4843878989.6	9399659227.8
9731000000.0	7241698832.5	4844128093.2	9400605238.7
9732000000.0	7242257739.8	4844377171.2	9401551245.6
9733000000.0	7242816618.5	4844626223.6	9402497248.5
9734000000.0	7243375468.6	4844875250.5	9403443247.4
9735000000.0	7243934290.1	4845124251.8	9404389242.2
9736000000.0	7244493083.1	4845373227.6	9405335233.0
9737000000.0	7245051847.4	4845622177.8	9406281219.8
9738000000.0	7245610583.2	4845871102.5	9407227202.6
9739000000.0	7246169290.4	4846120001.6	9408173181.4
9740000000.0	7246727969.0	4846368875.1	9409119156.1
9741000000.0	7247286619.1	4846617723.2	9410065126.8
9742000000.0	7247845240.5	4846866545.7	9411011093.5
9743000000.0	7248403833.4	4847115342.7	9411957056.2
9744000000.0	7248962397.8	4847364114.1	9412903014.9
9745000000.0	7249520933.5	4847612860.0	9413848969.5
9746000000.0	7250079440.7	4847861580.5	9414794920.1
9747000000.0	7250637919.4	4848110275.4	9415740866.8
9748000000.0	7251196369.4	4848358944.8	9416686809.3
9749000000.0	7251754791.0	4848607588.6	9417632747.9
9750000000.0	7252313183.9	4848856207.0	9418578682.5
9751000000.0	7252871548.3	4849104799.9	9419524613.0
9752000000.0	7253429884.2	4849353367.3	9420470539.5
9753000000.0	7253988191.5	4849601909.2	9421416462.0
9754000000.0	7254546470.3	4849850425.6	9422362380.5
9755000000.0	7255104720.5	4850098916.6	9423308294.9
9756000000.0	7255662942.1	4850347382.0	9424254205.3
9757000000.0	7256221135.3	4850595822.0	9425200111.8
9758000000.0	7256779299.9	4850844236.6	9426146014.2
9759000000.0	7257337435.9	4851092625.6	9427091912.5
9760000000.0	7257895543.4	4851340989.2	9428037806.9
9761000000.0	7258453622.4	4851589327.3	9428983697.2
9762000000.0	7259011672.9	4851837640.0	9429929583.6
9763000000.0	7259569694.8	4852085927.2	9430875465.9
9764000000.0	7260127688.2	4852334189.0	9431821344.1
9765000000.0	7260685653.1	4852582425.4	9432767218.4
9766000000.0	7261243589.5	4852830636.3	9433713088.7
9767000000.0	7261801497.3	4853078821.7	9434658954.9
9768000000.0	7262359376.7	4853326981.8	9435604817.1
9769000000.0	7262917227.5	4853575116.4	9436550675.3
9770000000.0	7263475049.8	4853823225.6	9437496529.5
9771000000.0	7264032843.6	4854071309.3	9438442379.6
9772000000.0	7264590608.9	4854319367.7	9439388225.7
9773000000.0	7265148345.6	4854567400.6	9440334067.9
9774000000.0	7265706053.9	4854815408.2	9441279906.0
9775000000.0	7266263733.7	4855063390.3	9442225740.0
9776000000.0	7266821385.0	4855311347.0	9443171570.1
9777000000.0	7267379007.7	4855559278.4	9444117396.1
9778000000.0	7267936602.0	4855807184.3	9445063218.2
9779000000.0	7268494167.8	4856055064.9	9446009036.2
9780000000.0	7269051705.1	4856302920.0	9446954850.2
9781000000.0	7269609213.9	4856550749.8	9447900660.1
9782000000.0	7270166694.3	4856798554.3	9448846466.1
9783000000.0	7270724146.1	4857046333.3	9449792268.0
9784000000.0	7271281569.5	4857294087.0	9450738065.9
9785000000.0	7271838964.3	4857541815.3	9451683859.8
9786000000.0	7272396330.7	4857789518.2	9452629649.7
9787000000.0	7272953668.7	4858037195.8	9453575435.6
9788000000.0	7273510978.1	4858284848.1	9454521217.4
9789000000.0	7274068259.1	4858532475.0	9455466995.2
9790000000.0	7274625511.6	4858780076.5	9456412769.0
9791000000.0	7275182735.7	4859027652.7	9457358538.8
9792000000.0	7275739931.3	4859275203.6	9458304304.6
9793000000.0	7276297098.4	4859522729.2	9459250066.4
9794000000.0	7276854237.1	4859770229.4	9460195824.1
9795000000.0	7277411347.3	4860017704.3	9461141577.8
9796000000.0	7277968429.0	4860265153.8	9462087327.5
9797000000.0	7278525482.3	4860512578.1	9463033073.2
9798000000.0	7279082507.2	4860759977.0	9463978814.9
9799000000.0	7279639503.6	4861007350.6	9464924552.5
9800000000.0	7280196471.5	4861254698.9	9465870286.1
9801000000.0	7280753411.0	4861502022.0	9466816015.7
9802000000.0	7281310322.1	4861749319.7	9467761741.3
9803000000.0	7281867204.7	4861996592.1	9468707462.9
9804000000.0	7282424058.9	4862243839.2	9469653180.5
9805000000.0	7282980884.7	4862491061.1	9470598894.0
9806000000.0	7283537682.0	4862738257.6	9471544603.5
9807000000.0	7284094450.9	4862985428.9	9472490309.0
9808000000.0	7284651191.3	4863232574.9	9473436010.5
9809000000.0	7285207903.3	4863479695.7	9474381708.0
9810000000.0	7285764586.9	4863726791.1	9475327401.4
9811000000.0	7286321242.1	4863973861.3	9476273090.9
9812000000.0	7286877868.9	4864220906.3	9477218776.3
9813000000.0	7287434467.2	4864467926.0	9478164457.7
9814000000.0	7287991037.2	4864714920.4	9479110135.1
9815000000.0	7288547578.7	4864961889.6	9480055808.4
9816000000.0	7289104091.8	4865208833.6	9481001477.8
9817000000.0	7289660576.5	4865455752.3	9481947143.1
9818000000.0	7290217032.7	4865702645.8	9482892804.4
9819000000.0	7290773460.6	4865949514.0	9483838461.7
9820000000.0	7291329860.1	4866196357.0	9484784115.0
9821000000.0	7291886231.2	4866443174.8	9485729764.3
9822000000.0	7292442573.8	4866689967.4	9486675409.5
9823000000.0	7292998888.1	4866936734.7	9487621050.7
9824000000.0	7293555174.0	4867183476.9	9488566687.9
9825000000.0	7294111431.5	4867430193.8	9489512321.1
9826000000.0	7294667660.6	4867676885.5	9490457950.3
9827000000.0	7295223861.3	4867923552.0	9491403575.5
9828000000.0	7295780033.6	4868170193.4	9492349196.6
9829000000.0	7296336177.6	4868416809.5	9493294813.7
9830000000.0	7296892293.1	4868663400.4	9494240426.8
9831000000.0	7297448380.3	4868909966.2	9495186035.9
9832000000.0	7298004439.1	4869156506.8	9496131641.0
9833000000.0	7298560469.6	4869403022.2	9497077242.1
9834000000.0	7299116471.6	4869649512.4	9498022839.1
9835000000.0	7299672445.3	4869895977.4	9498968432.1
9836000000.0	7300228390.6	4870142417.3	9499914021.1
9837000000.0	7300784307.6	4870388832.0	9500859606.1
9838000000.0	7301340196.2	4870635221.6	9501805187.1
9839000000.0	7301896056.4	4870881586.0	9502750764.1
9840000000.0	7302451888.3	4871127925.3	9503696337.0
9841000000.0	7303007691.8	4871374239.4	9504641905.9
9842000000.0	7303563466.9	4871620528.3	9505587470.8
9843000000.0	7304119213.7	4871866792.2	9506533031.7
9844000000.0	7304674932.2	4872113030.8	9507478588.6
9845000000.0	7305230622.3	4872359244.4	9508424141.4
9846000000.0	7305786284.0	4872605432.8	9509369690.3
9847000000.0	7306341917.5	4872851596.1	9510315235.1
9848000000.0	7306897522.5	4873097734.3	9511260775.9
9849000000.0	7307453099.3	4873343847.4	9512206312.7
9850000000.0	7308008647.6	4873589935.4	9513151845.5
9851000000.0	7308564167.7	4873835998.2	9514097374.2
9852000000.0	7309119659.4	4874082035.9	9515042899.0
9853000000.0	7309675122.8	4874328048.6	9515988419.7
9854000000.0	7310230557.9	4874574036.1	9516933936.4
9855000000.0	7310785964.6	4874819998.6	9517879449.1
9856000000.0	7311341343.0	4875065935.9	9518824957.8
9857000000.0	7311896693.1	4875311848.2	9519770462.4
9858000000.0	7312452014.9	4875557735.4	9520715963.1
9859000000.0	7313007308.3	4875803597.5	9521661459.7
9860000000.0	7313562573.4	4876049434.6	9522606952.3
9861000000.0	7314117810.2	4876295246.5	9523552440.9
9862000000.0	7314673018.7	4876541033.4	9524497925.5
9863000000.0	7315228198.9	4876786795.3	9525443406.0
9864000000.0	7315783350.8	4877032532.1	9526388882.6
9865000000.0	7316338474.4	4877278243.8	9527334355.1
9866000000.0	7316893569.7	4877523930.5	9528279823.6
9867000000.0	7317448636.7	4877769592.1	9529225288.1
9868000000.0	7318003675.3	4878015228.7	9530170748.6
9869000000.0	7318558685.7	4878260840.2	9531116205.1
9870000000.0	7319113667.8	4878506426.7	9532061657.5
9871000000.0	7319668621.6	4878751988.2	9533007106.0
9872000000.0	7320223547.1	4878997524.7	9533952550.4
9873000000.0	7320778444.3	4879243036.1	9534897990.8
9874000000.0	7321333313.2	4879488522.5	9535843427.2
9875000000.0	7321888153.9	4879733983.9	9536788859.5
9876000000.0	7322442966.2	4879979420.2	9537734287.9
9877000000.0	7322997750.3	4880224831.6	9538679712.2
9878000000.0	7323552506.1	4880470218.0	9539625132.6
9879000000.0	7324107233.6	4880715579.3	9540570548.9
9880000000.0	7324661932.9	4880960915.7	9541515961.2
9881000000.0	7325216603.9	4881206227.1	9542461369.4
9882000000.0	7325771246.6	4881451513.4	9543406773.7
9883000000.0	7326325861.1	4881696774.8	9544352173.9
9884000000.0	7326880447.2	4881942011.2	9545297570.2
9885000000.0	7327435005.2	4882187222.7	9546242962.4
9886000000.0	7327989534.8	4882432409.1	9547188350.6
9887000000.0	7328544036.2	4882677570.6	9548133734.8
9888000000.0	7329098509.4	4882922707.1	9549079114.9
9889000000.0	7329652954.3	4883167818.7	9550024491.1
9890000000.0	7330207370.9	4883412905.2	9550969863.2
9891000000.0	7330761759.3	4883657966.9	9551915231.3
9892000000.0	7331316119.5	4883903003.6	9552860595.5
9893000000.0	7331870451.4	4884148015.3	9553805955.5
9894000000.0	7332424755.0	4884393002.1	9554751311.6
9895000000.0	7332979030.4	4884637964.0	9555696663.7
9896000000.0	7333533277.6	4884882900.9	9556642011.7
9897000000.0	7334087496.6	4885127812.9	9557587355.8
9898000000.0	7334641687.3	4885372699.9	9558532695.8
9899000000.0	7335195849.8	4885617562.0	9559478031.8
9900000000.0	7335749984.0	4885862399.2	9560423363.8
9901000000.0	7336304090.0	4886107211.5	9561368691.7
9902000000.0	7336858167.8	4886351998.9	9562314015.7
9903000000.0	7337412217.4	4886596761.4	9563259335.6
9904000000.0	7337966238.7	4886841498.9	9564204651.5
9905000000.0	7338520231.9	4887086211.6	9565149963.5
9906000000.0	7339074196.8	4887330899.3	9566095271.3
9907000000.0	7339628133.5	4887575562.2	9567040575.2
9908000000.0	7340182042.0	4887820200.2	9567985875.1
9909000000.0	7340735922.2	4888064813.3	9568931170.9
9910000000.0	7341289774.3	4888309401.5	9569876462.8
9911000000.0	7341843598.2	4888553964.8	9570821750.6
9912000000.0	7342397393.8	4888798503.2	9571767034.4
9913000000.0	7342951161.3	4889043016.8	9572712314.2
9914000000.0	7343504900.5	4889287505.5	9573657590.0
9915000000.0	7344058611.6	4889531969.4	9574602861.7
9916000000.0	7344612294.5	4889776408.3	9575548129.5
9917000000.0	7345165949.1	4890020822.5	9576493393.2
9918000000.0	7345719575.6	4890265211.7	9577438652.9
9919000000.0	7346273173.9	4890509576.2	9578383908.6
9920000000.0	7346826744.0	4890753915.7	9579329160.3
9921000000.0	7347380285.9	4890998230.5	9580274408.0
9922000000.0	7347933799.7	4891242520.4	9581219651.6
9923000000.0	7348487285.2	4891486785.4	9582164891.3
9924000000.0	7349040742.6	4891731025.7	9583110126.9
9925000000.0	7349594171.8	4891975241.1	9584055358.5
9926000000.0	7350147572.8	4892219431.6	9585000586.1
9927000000.0	7350700945.7	4892463597.4	9585945809.7
9928000000.0	7351254290.4	4892707738.4	9586891029.3
9929000000.0	7351807606.9	4892951854.5	9587836244.8
9930000000.0	7352360895.2	4893195945.8	9588781456.4
9931000000.0	7352914155.4	4893440012.4	9589726663.9
9932000000.0	7353467387.5	4893684054.1	9590671867.4
9933000000.0	7354020591.3	4893928071.0	9591617066.9
9934000000.0	7354573767.0	4894172063.1	9592562262.4
9935000000.0	7355126914.6	4894416030.5	9593507453.9
9936000000.0	7355680034.0	4894659973.1	9594452641.3
9937000000.0	7356233125.3	4894903890.8	9595397824.8
9938000000.0	7356786188.4	4895147783.8	9596343004.2
9939000000.0	7357339223.3	4895391652.1	9597288179.6
9940000000.0	7357892230.2	4895635495.5	9598233351.0
9941000000.0	7358445208.8	4895879314.2	9599178518.4
9942000000.0	7358998159.4	4896123108.2	9600123681.8
9943000000.0	7359551081.8	4896366877.3	9601068841.1
9944000000.0	7360103976.0	4896610621.8	9602013996.5
9945000000.0	7360656842.2	4896854341.4	9602959147.8
9946000000.0	7361209680.2	4897098036.4	9603904295.1
9947000000.0	7361762490.0	4897341706.5	9604849438.4
9948000000.0	7362315271.8	4897585352.0	9605794577.7
9949000000.0	7362868025.4	4897828972.7	9606739713.0
9950000000.0	7363420750.9	4898072568.6	9607684844.3
9951000000.0	7363973448.3	4898316139.9	9608629971.5
9952000000.0	7364526117.6	4898559686.4	9609575094.7
9953000000.0	7365078758.7	4898803208.2	9610520214.0
9954000000.0	7365631371.7	4899046705.3	9611465329.2
9955000000.0	7366183956.7	4899290177.7	9612410440.4
9956000000.0	7366736513.5	4899533625.3	9613355547.5
9957000000.0	7367289042.2	4899777048.3	9614300650.7
9958000000.0	7367841542.8	4900020446.5	9615245749.9
9959000000.0	7368394015.3	4900263820.1	9616190845.0
9960000000.0	7368946459.7	4900507168.9	9617135936.1
9961000000.0	7369498875.9	4900750493.1	9618081023.2
9962000000.0	7370051264.1	4900993792.6	9619026106.3
9963000000.0	7370603624.3	4901237067.4	9619971185.4
9964000000.0	7371155956.3	4901480317.5	9620916260.5
9965000000.0	7371708260.2	4901723542.9	9621861331.5
9966000000.0	7372260536.0	4901966743.7	9622806398.6
9967000000.0	7372812783.8	4902209919.8	9623751461.6
9968000000.0	7373365003.4	4902453071.2	9624696520.6
9969000000.0	7373917195.0	4902696198.0	9625641575.6
9970000000.0	7374469358.5	4902939300.1	9626586626.6
9971000000.0	7375021493.9	4903182377.6	9627531673.6
9972000000.0	7375573601.3	4903425430.4	9628476716.6
9973000000.0	7376125680.6	4903668458.6	9629421755.5
9974000000.0	7376677731.8	4903911462.1	9630366790.5
9975000000.0	7377229754.9	4904154441.0	9631311821.4
9976000000.0	7377781750.0	4904397395.2	9632256848.3
9977000000.0	7378333717.0	4904640324.9	9633201871.2
9978000000.0	7378885655.9	4904883229.9	9634146890.1
9979000000.0	7379437566.8	4905126110.2	9635091904.9
9980000000.0	7379989449.7	4905368966.0	9636036915.8
9981000000.0	7380541304.4	4905611797.1	9636981922.6
9982000000.0	7381093131.1	4905854603.7	9637926925.5
9983000000.0	7381644929.8	4906097385.6	9638871924.3
9984000000.0	7382196700.4	4906340142.9	9639816919.1
9985000000.0	7382748443.0	4906582875.6	9640761909.9
9986000000.0	7383300157.5	4906825583.7	9641706896.7
9987000000.0	7383851844.0	4907068267.3	9642651879.4
9988000000.0	7384403502.4	4907310926.2	9643596858.2
9989000000.0	7384955132.8	4907553560.5	9644541832.9
9990000000.0	7385506735.2	4907796170.3	9645486803.7
9991000000.0	7386058309.5	4908038755.5	9646431770.4
9992000000.0	7386609855.8	4908281316.1	9647376733.1
9993000000.0	7387161374.1	4908523852.2	9648321691.8
9994000000.0	7387712864.3	4908766363.6	9649266646.5
9995000000.0	7388264326.6	4909008850.5	9650211597.1
9996000000.0	7388815760.7	4909251312.9	9651156543.8
9997000000.0	7389367166.9	4909493750.7	9652101486.4
9998000000.0	7389918545.1	4909736163.9	9653046425.1
9999000000.0	7390469895.2	4909978552.6	9653991359.7
