TOTAL_READS	EXPECTED_DISTINCT	LOWER_0.95CI	UPPER_0.95CI
0	0	0	0
1000000.0	999419.5	999409.5	999432.0
2000000.0	1997769.5	1997731.0	1997814.7
3000000.0	2995191.5	2995116.4	2995289.1
4000000.0	3991800.5	3991671.9	3991963.2
5000000.0	4987680.5	4987493.1	4987921.9
6000000.0	5982911.0	5982656.3	5983241.4
7000000.0	6977557.0	6977227.7	6977979.9
8000000.0	7971668.5	7971260.6	7972192.1
9000000.0	8965292.5	8964802.1	8965924.9
10000000.0	9958464.7	9957893.0	9959215.8
11000000.0	10951226.2	10950572.2	10952090.0
12000000.0	11943614.1	11942870.9	11944586.5
13000000.0	12935651.1	12934818.2	12936733.6
14000000.0	13927357.7	13926439.6	13928564.2
15000000.0	14918751.7	14917744.9	14920103.5
16000000.0	15909869.5	15908750.8	15911369.3
17000000.0	16900705.7	16899486.4	16902382.4
18000000.0	17891330.9	17889969.2	17893161.7
19000000.0	18881747.1	18880213.6	18883725.2
20000000.0	19871926.4	19870243.8	19874089.0
21000000.0	20861837.1	20860076.7	20864268.1
22000000.0	21851615.0	21849617.5	21854275.7
23000000.0	22841262.5	22838851.8	22844123.4
24000000.0	23830720.6	23828006.2	23833821.2
25000000.0	24820010.9	24816955.9	24823407.4
26000000.0	25809235.9	25805584.2	25812888.1
27000000.0	26798168.3	26793971.0	26802259.7
28000000.0	27786790.6	27781688.2	27791504.2
29000000.0	28775539.4	28769069.2	28780513.7
30000000.0	29764007.6	29756448.8	29769417.9
31000000.0	30752307.8	30743557.5	30758211.6
32000000.0	31740516.8	31730062.9	31746907.4
33000000.0	32728732.3	32715922.9	32735505.2
34000000.0	33716617.0	33701379.5	33724070.3
35000000.0	34704424.0	34686443.6	34712726.8
36000000.0	35692250.2	35671129.9	35701318.2
37000000.0	36679876.2	36655456.5	36689847.1
38000000.0	37667273.5	37639443.0	37678151.9
39000000.0	38654709.9	38623109.8	38666107.6
40000000.0	39642123.2	39606094.1	39653974.2
41000000.0	40629269.7	40588196.0	40641730.3
42000000.0	41616597.7	41571105.6	41629377.0
43000000.0	42603626.9	42554959.3	42616915.7
44000000.0	43590251.6	43538711.4	43604580.0
45000000.0	44576997.5	44522300.1	44592341.2
46000000.0	45563581.0	45505497.0	45580080.8
47000000.0	46550183.9	46486792.4	46567768.8
48000000.0	47536683.2	47467258.3	47555407.0
49000000.0	48522645.2	48444327.6	48542997.1
50000000.0	49509102.6	49420856.9	49530540.9
51000000.0	50495544.4	50397312.5	50518039.9
52000000.0	51481897.4	51375524.6	51505495.7
53000000.0	52468189.9	52353371.2	52492909.7
54000000.0	53454414.4	53330881.8	53480283.3
55000000.0	54440227.3	54308067.3	54467617.8
56000000.0	55426238.9	55284938.2	55454382.1
57000000.0	56412179.7	56261504.3	56441020.0
58000000.0	57398050.6	57237775.1	57427554.2
59000000.0	58383869.4	58213759.4	58413984.5
60000000.0	59369714.6	59189465.4	59400310.5
61000000.0	60355299.8	60164900.5	60386547.0
62000000.0	61340854.9	61140071.6	61372741.1
63000000.0	62326390.4	62114984.7	62359290.3
64000000.0	63311861.1	63089645.6	63345986.1
65000000.0	64297234.0	64064058.9	64332202.1
66000000.0	65282541.9	65038229.2	65318359.1
67000000.0	66267674.2	66012160.1	66304840.4
68000000.0	67252739.0	66985855.0	67291561.8
69000000.0	68237736.7	67959316.9	68278258.7
70000000.0	69222667.9	68932548.0	69264950.1
71000000.0	70207533.2	69905550.5	70251617.7
72000000.0	71192333.1	70878326.2	71238262.0
73000000.0	72177068.0	71850876.4	72224883.7
74000000.0	73161738.5	72823202.4	73211483.4
75000000.0	74146345.0	73795305.1	74198061.8
76000000.0	75130887.9	74767351.6	75184619.2
77000000.0	76115367.6	75739967.2	76171156.4
78000000.0	77099784.5	76712383.3	77157673.8
79000000.0	78084139.1	77684597.6	78144171.8
80000000.0	79068431.6	78656607.7	79130651.0
81000000.0	80052662.5	79628411.6	80117111.9
82000000.0	81036832.1	80597040.2	81103554.8
83000000.0	82020940.6	81565026.2	82089980.3
84000000.0	83004333.2	82532754.0	83076388.6
85000000.0	83986948.3	83500225.8	84062780.3
86000000.0	84969447.7	84467443.6	85049155.7
87000000.0	85952528.4	85434409.1	86035560.0
88000000.0	86936242.0	86401123.9	87021924.4
89000000.0	87919895.8	87367589.4	88008223.0
90000000.0	88903490.1	88333806.8	88994504.7
91000000.0	89887025.1	89299777.1	89980769.9
92000000.0	90870501.0	90265501.4	90967018.8
93000000.0	91853918.2	91230980.3	91953251.8
94000000.0	92837276.7	92196214.5	92939469.1
95000000.0	93820576.9	93161204.5	93925671.0
96000000.0	94803819.0	94125950.8	94911857.7
97000000.0	95787003.1	95090453.8	95898029.5
98000000.0	96770129.5	96054713.7	96884186.6
99000000.0	97752775.3	97018730.7	97870329.3
100000000.0	98735178.1	97982505.0	98856457.7
101000000.0	99717503.6	98946036.6	99842572.2
102000000.0	100699751.7	99909325.6	100828680.9
103000000.0	101681922.7	100872372.0	101814783.7
104000000.0	102664016.8	101835175.8	102800873.5
105000000.0	103646033.9	102797736.8	103786950.6
106000000.0	104627974.4	103760055.0	104773015.1
107000000.0	105609838.2	104722130.2	105759067.2
108000000.0	106592098.0	105683962.4	106745107.0
109000000.0	107574359.2	106645551.3	107731134.8
110000000.0	108556560.0	107606896.7	108717150.6
111000000.0	109538700.5	108567998.5	109703154.8
112000000.0	110520576.4	109528856.5	110689147.4
113000000.0	111501617.4	110489470.5	111675128.5
114000000.0	112482574.5	111449840.3	112661224.2
115000000.0	113463447.6	112409965.6	113647351.0
116000000.0	114444237.0	113369846.3	114633470.9
117000000.0	115424942.9	114329482.1	115619583.9
118000000.0	116405565.3	115288740.6	116605690.3
119000000.0	117386104.4	116247684.6	117591790.1
120000000.0	118367059.6	117206382.9	118577883.4
121000000.0	119348217.3	118164835.4	119563970.5
122000000.0	120329455.5	119123041.9	120550051.4
123000000.0	121310628.7	120081002.1	121536126.2
124000000.0	122291739.4	121038715.9	122522195.1
125000000.0	123272787.7	121996183.0	123508258.1
126000000.0	124253773.7	122953403.3	124494315.5
127000000.0	125234697.5	123910376.6	125480367.2
128000000.0	126215559.1	124867102.6	126466413.4
129000000.0	127196358.5	125823581.2	127452454.2
130000000.0	128177096.0	126779812.1	128438489.7
131000000.0	129157771.5	127735795.4	129424520.0
132000000.0	130138385.1	128691530.7	130410545.1
133000000.0	131118936.8	129647017.9	131396565.3
134000000.0	132099426.8	130602256.9	132382580.5
135000000.0	133079855.1	131557247.5	133368590.8
136000000.0	134060221.8	132511989.5	134354596.4
137000000.0	135040526.9	133466482.9	135340597.3
138000000.0	136020770.5	134420727.5	136326593.6
139000000.0	137000952.6	135374723.2	137312585.4
140000000.0	137981073.3	136328469.9	138298549.4
141000000.0	138961132.7	137281967.4	139284467.5
142000000.0	139941130.8	138235215.7	140270380.2
143000000.0	140921067.6	139188214.6	141256287.5
144000000.0	141900943.2	140140964.0	142242189.6
145000000.0	142880757.7	141093463.9	143228086.5
146000000.0	143860511.1	142045714.2	144213978.2
147000000.0	144840203.5	142997714.8	145199864.8
148000000.0	145819834.9	143949465.7	146185746.5
149000000.0	146799405.3	144900966.6	147171623.1
150000000.0	147778914.8	145852217.7	148157494.9
151000000.0	148758363.4	146803218.8	149143361.9
152000000.0	149737751.2	147753969.8	150129224.1
153000000.0	150717078.3	148704470.8	151115081.6
154000000.0	151696344.6	149654721.7	152100934.4
155000000.0	152675550.2	150604722.3	153086782.7
156000000.0	153654695.2	151554472.8	154072626.3
157000000.0	154633779.6	152503973.0	155058465.5
158000000.0	155612803.4	153453223.0	156044300.3
159000000.0	156591766.6	154402222.6	157030130.6
160000000.0	157570669.4	155350971.9	158015956.6
161000000.0	158549511.6	156299470.9	159001778.3
162000000.0	159528332.8	157247719.5	159987595.7
163000000.0	160507116.8	158195717.7	160973408.9
164000000.0	161485841.5	159144337.3	161959218.0
165000000.0	162464507.0	160092880.4	162945022.9
166000000.0	163443113.5	161041176.6	163930823.8
167000000.0	164421660.8	161989225.6	164916620.6
168000000.0	165400149.1	162937027.8	165902413.5
169000000.0	166378578.3	163884583.0	166888202.4
170000000.0	167356948.6	164831891.4	167873987.3
171000000.0	168335259.9	165778953.0	168859768.4
172000000.0	169313512.3	166725767.9	169845545.7
173000000.0	170291705.7	167672336.1	170831319.2
174000000.0	171269840.3	168618657.7	171817088.9
175000000.0	172247916.1	169564732.8	172802854.8
176000000.0	173225933.0	170510561.4	173788617.1
177000000.0	174203891.2	171456143.6	174774375.7
178000000.0	175181790.6	172401479.5	175760130.7
179000000.0	176159631.3	173346569.1	176745882.1
180000000.0	177137413.2	174291412.6	177731630.0
181000000.0	178115136.5	175236009.8	178717374.3
182000000.0	179092801.2	176180361.1	179703115.1
183000000.0	180070407.2	177124466.3	180688852.4
184000000.0	181047954.7	178068325.7	181674586.3
185000000.0	182025443.5	179011939.1	182660316.8
186000000.0	183002873.8	179955306.9	183646044.0
187000000.0	183980245.6	180898428.9	184631767.7
188000000.0	184957558.9	181841305.3	185617488.2
189000000.0	185934813.8	182783936.2	186603205.3
190000000.0	186912010.1	183726321.6	187588919.2
191000000.0	187889148.1	184668461.6	188574629.9
192000000.0	188866227.6	185610356.3	189560337.3
193000000.0	189843248.8	186552005.8	190546041.5
194000000.0	190820211.6	187493410.1	191531742.6
195000000.0	191797116.0	188434569.3	192517440.5
196000000.0	192773962.1	189375483.6	193503141.9
197000000.0	193750750.0	190316152.9	194488841.9
198000000.0	194727479.5	191256577.4	195474538.9
199000000.0	195704150.8	192196757.1	196460233.0
200000000.0	196680763.9	193136692.2	197445924.1
201000000.0	197657318.7	194076382.6	198431612.3
202000000.0	198633815.4	195015828.6	199417297.7
203000000.0	199610253.9	195955030.1	200402980.2
204000000.0	200586634.2	196893987.2	201388659.8
205000000.0	201562956.4	197832700.1	202374336.6
206000000.0	202539220.4	198771168.8	203360010.7
207000000.0	203515426.4	199709393.5	204345681.9
208000000.0	204491574.3	200647374.1	205331350.4
209000000.0	205467664.1	201585110.7	206317016.1
210000000.0	206443695.8	202522603.5	207302679.1
211000000.0	207419669.5	203459852.6	208288339.4
212000000.0	208395585.3	204396858.0	209273997.0
213000000.0	209371443.0	205333619.8	210259652.0
214000000.0	210347242.7	206270138.0	211245304.3
215000000.0	211322984.5	207206412.9	212230953.9
216000000.0	212298668.3	208142444.4	213216601.0
217000000.0	213274294.2	209078232.7	214202245.4
218000000.0	214249862.2	210013777.8	215187887.3
219000000.0	215225372.3	210949079.8	216173526.6
220000000.0	216200824.5	211884138.8	217159163.3
221000000.0	217176218.8	212818955.0	218144797.5
222000000.0	218151555.3	213753528.3	219130429.2
223000000.0	219126833.9	214687858.9	220116058.3
224000000.0	220102054.8	215621946.8	221101685.0
225000000.0	221077217.8	216555792.2	222087309.2
226000000.0	222052323.0	217489395.1	223072930.9
227000000.0	223027370.5	218422755.6	224058550.2
228000000.0	224002360.2	219355873.8	225044167.0
229000000.0	224977292.1	220288749.9	226029781.5
230000000.0	225952166.3	221221383.8	227015393.5
231000000.0	226926982.8	222153775.6	228001003.1
232000000.0	227901741.6	223085925.6	228986610.3
233000000.0	228876442.7	224017833.7	229972215.2
234000000.0	229851086.1	224949500.0	230957817.7
235000000.0	230825671.8	225880924.6	231943417.9
236000000.0	231800199.9	226812107.7	232929015.7
237000000.0	232774670.3	227743049.2	233914611.2
238000000.0	233749083.2	228673749.3	234900204.4
239000000.0	234723438.4	229604208.2	235885795.3
240000000.0	235697736.0	230534425.7	236871384.0
241000000.0	236671976.0	231464402.2	237856970.3
242000000.0	237646158.5	232394137.6	238842554.4
243000000.0	238620283.4	233323632.0	239828136.3
244000000.0	239594350.7	234252885.5	240813715.9
245000000.0	240568360.5	235181898.3	241799293.2
246000000.0	241542312.8	236110670.3	242784868.4
247000000.0	242516207.5	237039201.8	243770441.3
248000000.0	243490044.8	237967492.7	244756012.1
249000000.0	244463824.5	238895543.2	245741580.7
250000000.0	245437546.8	239823353.4	246727147.0
251000000.0	246411211.6	240750923.3	247712711.3
252000000.0	247384819.0	241678253.0	248698273.3
253000000.0	248358368.9	242605342.7	249683833.2
254000000.0	249331861.4	243532192.4	250669391.0
255000000.0	250305296.5	244458802.2	251654946.6
256000000.0	251278674.1	245385172.2	252640500.2
257000000.0	252251994.4	246311302.5	253626051.6
258000000.0	253225257.3	247237193.2	254611600.9
259000000.0	254198462.8	248162844.3	255597148.1
260000000.0	255171610.9	249088256.0	256582720.5
261000000.0	256144701.6	250013428.4	257568342.7
262000000.0	257117735.1	250938361.5	258553963.6
263000000.0	258090711.2	251863055.4	259539583.2
264000000.0	259063629.9	252787510.2	260525201.5
265000000.0	260036491.4	253711726.1	261510818.5
266000000.0	261009295.5	254635703.0	262496434.3
267000000.0	261982042.4	255559441.1	263482048.8
268000000.0	262954731.9	256482940.5	264467662.1
269000000.0	263927364.2	257406201.3	265453274.2
270000000.0	264899939.3	258329223.5	266438885.0
271000000.0	265872457.1	259252007.3	267424494.5
272000000.0	266844917.6	260174552.7	268410102.9
273000000.0	267817320.9	261096859.9	269395710.0
274000000.0	268789667.0	262018928.8	270381316.0
275000000.0	269761955.8	262940759.7	271366920.7
276000000.0	270734187.5	263862352.6	272352524.3
277000000.0	271706362.0	264783707.6	273338126.7
278000000.0	272678479.3	265704824.7	274323727.9
279000000.0	273650539.4	266625704.1	275309327.9
280000000.0	274622542.3	267546345.9	276294926.8
281000000.0	275594488.1	268466750.1	277280524.5
282000000.0	276566376.7	269386916.9	278266121.1
283000000.0	277538208.2	270306846.3	279251716.5
284000000.0	278509982.6	271226538.4	280237310.8
285000000.0	279481699.8	272145993.3	281222904.0
286000000.0	280453360.0	273065211.1	282208496.0
287000000.0	281424963.0	273984191.9	283194087.0
288000000.0	282396509.0	274902935.8	284179676.8
289000000.0	283367997.8	275821442.9	285165265.5
290000000.0	284339429.6	276739713.2	286150853.1
291000000.0	285310804.3	277657746.9	287136439.7
292000000.0	286282122.0	278575544.0	288122025.1
293000000.0	287253382.6	279493104.7	289107609.5
294000000.0	288224586.2	280410428.9	290093192.8
295000000.0	289195732.7	281327516.9	291078775.0
296000000.0	290166822.2	282244368.7	292064356.2
297000000.0	291137854.7	283160984.4	293049936.3
298000000.0	292108830.2	284077364.0	294035515.3
299000000.0	293079748.7	284993507.7	295021093.3
300000000.0	294050610.2	285909415.6	296006670.3
301000000.0	295021414.7	286825087.7	296992246.2
302000000.0	295992162.3	287740524.2	297977821.1
303000000.0	296962852.8	288655725.1	298963395.0
304000000.0	297933486.5	289570690.5	299948967.9
305000000.0	298904063.2	290485420.5	300934539.7
306000000.0	299874582.9	291399915.3	301920110.5
307000000.0	300845045.7	292314174.8	302905680.4
308000000.0	301815451.6	293228199.2	303891249.2
309000000.0	302785800.5	294141988.5	304876817.0
310000000.0	303756092.6	295055543.0	305862383.8
311000000.0	304726327.8	295968862.5	306847949.7
312000000.0	305696506.0	296881947.3	307833514.5
313000000.0	306666627.4	297794797.4	308819078.4
314000000.0	307636691.9	298707413.0	309804641.3
315000000.0	308606699.5	299619794.0	310790203.3
316000000.0	309576650.3	300531940.7	311775764.2
317000000.0	310546544.2	301443853.0	312761324.3
318000000.0	311516381.3	302355531.1	313746883.3
319000000.0	312486161.6	303266975.1	314732441.4
320000000.0	313455885.0	304178185.0	315717998.6
321000000.0	314425551.6	305089160.9	316703554.8
322000000.0	315395161.3	305999903.0	317689110.1
323000000.0	316364714.3	306910411.3	318674664.4
324000000.0	317334210.4	307820686.0	319660217.8
325000000.0	318303649.8	308730727.0	320645770.3
326000000.0	319273032.4	309640534.5	321631321.9
327000000.0	320242358.2	310550108.6	322616872.5
328000000.0	321211627.2	311459449.3	323602422.2
329000000.0	322180839.5	312368556.8	324587971.0
330000000.0	323149995.0	313277431.2	325573518.9
331000000.0	324119093.8	314186072.4	326559065.9
332000000.0	325088135.8	315094480.7	327544612.0
333000000.0	326057121.1	316002656.2	328530157.2
334000000.0	327026049.7	316910598.8	329515701.5
335000000.0	327994921.5	317818308.7	330501244.9
336000000.0	328963736.7	318725786.0	331486787.5
337000000.0	329932495.1	319633030.7	332472329.1
338000000.0	330901196.8	320540043.0	333457869.9
339000000.0	331869841.9	321446823.0	334443409.7
340000000.0	332838430.2	322353370.6	335428948.7
341000000.0	333806961.9	323259686.1	336414486.9
342000000.0	334775436.9	324165769.6	337400024.2
343000000.0	335743855.3	325071621.0	338385560.6
344000000.0	336712217.0	325977240.5	339371096.1
345000000.0	337680522.0	326882628.2	340356630.8
346000000.0	338648770.4	327787784.1	341342164.6
347000000.0	339616962.2	328692708.4	342327697.6
348000000.0	340585097.3	329597401.1	343313229.8
349000000.0	341553175.8	330501862.4	344298761.0
350000000.0	342521197.7	331406092.3	345284291.5
351000000.0	343489163.0	332310090.9	346269821.1
352000000.0	344457071.7	333213858.3	347255349.9
353000000.0	345424923.8	334117394.5	348240877.8
354000000.0	346392719.3	335020699.8	349226404.9
355000000.0	347360458.3	335923774.1	350211931.2
356000000.0	348328140.6	336826617.5	351197456.6
357000000.0	349295766.4	337729230.2	352182981.3
358000000.0	350263335.6	338631612.2	353168505.1
359000000.0	351230848.3	339533763.7	354154028.1
360000000.0	352198304.4	340435684.6	355139550.3
361000000.0	353165704.0	341337375.1	356125071.6
362000000.0	354133047.1	342238835.3	357110592.2
363000000.0	355100333.6	343140065.2	358096111.9
364000000.0	356067563.6	344041065.0	359081630.9
365000000.0	357034737.1	344941834.8	360067149.0
366000000.0	358001854.1	345842374.5	361052666.4
367000000.0	358968914.6	346742684.4	362038183.0
368000000.0	359935918.6	347642764.5	363023698.7
369000000.0	360902866.1	348542614.9	364009213.7
370000000.0	361869757.1	349442235.7	364994727.9
371000000.0	362836591.7	350341626.9	365980241.3
372000000.0	363803369.7	351240788.7	366965753.9
373000000.0	364770091.3	352139721.1	367951265.7
374000000.0	365736756.5	353038424.2	368936776.7
375000000.0	366703365.2	353936898.2	369922287.0
376000000.0	367669917.5	354835143.0	370907796.5
377000000.0	368636413.3	355733158.9	371893305.2
378000000.0	369602852.7	356630945.8	372878813.2
379000000.0	370569235.7	357528503.9	373864320.4
380000000.0	371534980.9	358425833.3	374849826.8
381000000.0	372500553.0	359322934.0	375835332.5
382000000.0	373466064.4	360219806.1	376820837.4
383000000.0	374431515.4	361116449.7	377806341.5
384000000.0	375396905.8	362012864.9	378791844.9
385000000.0	376362235.7	362909051.8	379777347.5
386000000.0	377327505.0	363805010.5	380762849.4
387000000.0	378292713.9	364700741.1	381748350.5
388000000.0	379257862.2	365596243.6	382733850.9
389000000.0	380222950.1	366491518.1	383719350.5
390000000.0	381187977.5	367386564.8	384704849.4
391000000.0	382152944.4	368281383.6	385690347.5
392000000.0	383117850.8	369175974.8	386675844.9
393000000.0	384082696.7	370070338.4	387661341.6
394000000.0	385047482.2	370964474.4	388646837.5
395000000.0	386012207.3	371858382.9	389632332.7
396000000.0	386976871.9	372752064.2	390617827.1
397000000.0	387941476.0	373645518.1	391603320.8
398000000.0	388906019.7	374538744.9	392588813.8
399000000.0	389870503.0	375431744.5	393574306.1
400000000.0	390834925.8	376324517.2	394559797.6
401000000.0	391799288.3	377217062.9	395545288.4
402000000.0	392763590.3	378109381.8	396530778.5
403000000.0	393727832.0	379001473.9	397516267.9
404000000.0	394692013.2	379893339.4	398501756.5
405000000.0	395656134.1	380784978.2	399487244.5
406000000.0	396620194.5	381676390.6	400472731.7
407000000.0	397584194.6	382567576.6	401458218.2
408000000.0	398548134.3	383458536.3	402443704.0
409000000.0	399512013.7	384349269.7	403429189.0
410000000.0	400475832.7	385239777.0	404414673.4
411000000.0	401439591.4	386130058.2	405400157.1
412000000.0	402403289.7	387020113.4	406385640.0
413000000.0	403366927.7	387909942.8	407371122.3
414000000.0	404330505.3	388799546.3	408356603.8
415000000.0	405294022.7	389688924.1	409342084.7
416000000.0	406257479.7	390578076.3	410327564.8
417000000.0	407220876.4	391467002.9	411313044.3
418000000.0	408184212.8	392355704.1	412298523.0
419000000.0	409147488.9	393244179.9	413284001.1
420000000.0	410110704.7	394132430.4	414269478.5
421000000.0	411073860.3	395020455.7	415254955.1
422000000.0	412036955.5	395908255.9	416240431.1
423000000.0	412999990.5	396795831.0	417225906.4
424000000.0	413962965.2	397683181.2	418211381.0
425000000.0	414925879.7	398570306.5	419196855.0
426000000.0	415888733.9	399457207.1	420182328.2
427000000.0	416851527.9	400343882.9	421167800.8
428000000.0	417814261.6	401230334.2	422153272.6
429000000.0	418776935.1	402116560.9	423138743.8
430000000.0	419739548.4	403002563.2	424124214.3
431000000.0	420702101.5	403888341.1	425109684.2
432000000.0	421664594.3	404773894.8	426095153.3
433000000.0	422627026.9	405659224.2	427080621.8
434000000.0	423589399.4	406544329.6	428066089.6
435000000.0	424551711.6	407429211.0	429051556.8
436000000.0	425513963.7	408313868.4	430037023.3
437000000.0	426476155.5	409198302.0	431022489.1
438000000.0	427438287.2	410082511.9	432007954.2
439000000.0	428400358.8	410966498.0	432993418.7
440000000.0	429362370.1	411850260.6	433978882.5
441000000.0	430324321.3	412733799.7	434964345.6
442000000.0	431286212.4	413617115.4	435949808.1
443000000.0	432248043.3	414500207.7	436935269.9
444000000.0	433209814.1	415383076.8	437920731.0
445000000.0	434171524.8	416265722.7	438906191.5
446000000.0	435133175.3	417148145.5	439891651.4
447000000.0	436094765.7	418030345.3	440877110.5
448000000.0	437056296.0	418912322.3	441862569.0
449000000.0	438017766.2	419794076.3	442848026.9
450000000.0	438979176.3	420675607.7	443833484.1
451000000.0	439940526.3	421556916.4	444818940.7
452000000.0	440901816.2	422438002.5	445804396.6
453000000.0	441863046.1	423318866.1	446789851.8
454000000.0	442824215.8	424199507.4	447775306.5
455000000.0	443785325.5	425079926.3	448760760.4
456000000.0	444746375.2	425960122.9	449746213.7
457000000.0	445707364.8	426840097.5	450731666.4
458000000.0	446668294.3	427719849.9	451717118.4
459000000.0	447629163.8	428599380.4	452702569.8
460000000.0	448589973.2	429478688.9	453688020.5
461000000.0	449550722.7	430357775.7	454673470.6
462000000.0	450511412.1	431236640.7	455658920.1
463000000.0	451472041.4	432115284.0	456644368.9
464000000.0	452432610.8	432993705.8	457629817.1
465000000.0	453393120.2	433871906.1	458615264.6
466000000.0	454353569.5	434749885.1	459600711.5
467000000.0	455313958.9	435627642.6	460586157.8
468000000.0	456274288.3	436505179.0	461571603.4
469000000.0	457234557.7	437382494.2	462557048.4
470000000.0	458194767.1	438259588.4	463542492.8
471000000.0	459154916.6	439136461.6	464527936.5
472000000.0	460115006.1	440013113.8	465513379.6
473000000.0	461075035.6	440889545.3	466498822.1
474000000.0	462035005.2	441765756.1	467484264.0
475000000.0	462994914.9	442641746.1	468469705.2
476000000.0	463954764.6	443517515.7	469455145.8
477000000.0	464914554.4	444393064.7	470440585.7
478000000.0	465874284.2	445268393.4	471426025.1
479000000.0	466833954.1	446143501.7	472411463.8
480000000.0	467793564.2	447018389.8	473396901.9
481000000.0	468753114.3	447893057.8	474382339.4
482000000.0	469712604.5	448767505.7	475367776.2
483000000.0	470672034.8	449641733.6	476353212.5
484000000.0	471631405.2	450515741.6	477338648.1
485000000.0	472590715.8	451389529.8	478324083.1
486000000.0	473549966.5	452263098.2	479309517.4
487000000.0	474509157.2	453136447.1	480294951.2
488000000.0	475468288.2	454009576.3	481280384.4
489000000.0	476427359.3	454882486.1	482265816.9
490000000.0	477386370.5	455755176.4	483251248.8
491000000.0	478345321.9	456627647.5	484236680.1
492000000.0	479304213.4	457499899.3	485222110.8
493000000.0	480263045.1	458371932.0	486207540.9
494000000.0	481221817.0	459243745.5	487192970.3
495000000.0	482180529.0	460115340.1	488178399.2
496000000.0	483139181.3	460986715.8	489163827.4
497000000.0	484097773.7	461857872.7	490149255.1
498000000.0	485056306.3	462728810.8	491134682.1
499000000.0	486014779.1	463599530.3	492120108.5
500000000.0	486973192.2	464470031.2	493105534.4
501000000.0	487931545.4	465340313.6	494090959.6
502000000.0	488889838.9	466210377.6	495076384.2
503000000.0	489848072.6	467080223.2	496061808.2
504000000.0	490806246.5	467949850.6	497047231.6
505000000.0	491764360.7	468819259.9	498032654.4
506000000.0	492722415.1	469688451.0	499018076.6
507000000.0	493680409.7	470557424.2	500003498.2
508000000.0	494638344.6	471426179.4	500988919.2
509000000.0	495596219.8	472294716.8	501974339.6
510000000.0	496554035.2	473163036.5	502959759.4
511000000.0	497511791.0	474031138.5	503945178.6
512000000.0	498469487.0	474899022.8	504930597.2
513000000.0	499427123.2	475766689.7	505916015.2
514000000.0	500384699.8	476634139.2	506901432.6
515000000.0	501342216.7	477501371.3	507886849.4
516000000.0	502299673.9	478368386.1	508872265.6
517000000.0	503257071.4	479235183.7	509857681.3
518000000.0	504214409.2	480101764.3	510843096.3
519000000.0	505171687.3	480968127.8	511828510.7
520000000.0	506128905.7	481834274.4	512813924.6
521000000.0	507086064.5	482700204.1	513799337.9
522000000.0	508043163.6	483565917.1	514784750.5
523000000.0	509000203.1	484431413.4	515770162.6
524000000.0	509957182.9	485296693.0	516755574.1
525000000.0	510914103.1	486161756.1	517740985.0
526000000.0	511871499.9	487026602.8	518726395.3
527000000.0	512829204.8	487891233.1	519711805.0
528000000.0	513786853.7	488755647.1	520697214.2
529000000.0	514744446.7	489619844.9	521682622.7
530000000.0	515701983.7	490483826.6	522668030.7
531000000.0	516659464.9	491347592.2	523653438.1
532000000.0	517616890.1	492211141.9	524638844.9
533000000.0	518574259.3	493074475.7	525624251.1
534000000.0	519531572.7	493937593.7	526609656.7
535000000.0	520488830.2	494800496.0	527595061.8
536000000.0	521446031.7	495663182.6	528580466.3
537000000.0	522403177.4	496525653.7	529565870.1
538000000.0	523360267.2	497387909.3	530551273.5
539000000.0	524317301.0	498249949.5	531536676.2
540000000.0	525274279.0	499111774.3	532522078.3
541000000.0	526231201.2	499973384.0	533507479.9
542000000.0	527188067.4	500834778.5	534492880.9
543000000.0	528144877.8	501695957.9	535478281.3
544000000.0	529101632.3	502556922.3	536463681.2
545000000.0	530058331.0	503417671.8	537449080.4
546000000.0	531014973.8	504278206.5	538434479.1
547000000.0	531971560.8	505138526.4	539419877.2
548000000.0	532928092.0	505998631.6	540405274.7
549000000.0	533884567.3	506858522.3	541390671.7
550000000.0	534840986.8	507718198.4	542376068.1
551000000.0	535797350.4	508577660.2	543361463.9
552000000.0	536753658.2	509436907.5	544346859.1
553000000.0	537709910.3	510295940.6	545332253.8
554000000.0	538666106.5	511154759.5	546317647.9
555000000.0	539622246.9	512013364.3	547303041.4
556000000.0	540578331.5	512871755.1	548288434.4
557000000.0	541534360.3	513729931.9	549273826.8
558000000.0	542490333.4	514587894.8	550259218.6
559000000.0	543446250.6	515445643.9	551244609.8
560000000.0	544402112.1	516303179.4	552230000.5
561000000.0	545357917.8	517160501.2	553215390.6
562000000.0	546313667.8	518017609.4	554200780.2
563000000.0	547269361.9	518874504.2	555186169.2
564000000.0	548225000.4	519731185.6	556171557.6
565000000.0	549180583.0	520587653.7	557156945.4
566000000.0	550136110.0	521443908.5	558142332.7
567000000.0	551091581.2	522299950.2	559127719.4
568000000.0	552046996.6	523155778.8	560113105.6
569000000.0	553002356.3	524011394.5	561098491.1
570000000.0	553957660.3	524866797.2	562083876.2
571000000.0	554912908.6	525721987.1	563069260.6
572000000.0	555868101.2	526576964.2	564054644.5
573000000.0	556823238.1	527431728.6	565040027.8
574000000.0	557778319.2	528286280.5	566025410.6
575000000.0	558733344.7	529140619.8	567010792.8
576000000.0	559688314.4	529994746.7	567996174.5
577000000.0	560643228.5	530848661.3	568981555.6
578000000.0	561598086.9	531702363.5	569966936.1
579000000.0	562552889.6	532555853.6	570952316.1
580000000.0	563507636.6	533409131.5	571937695.5
581000000.0	564462328.0	534262197.4	572923074.3
582000000.0	565416963.7	535115051.4	573908452.6
583000000.0	566371543.8	535967693.4	574893830.3
584000000.0	567326068.2	536820123.7	575879207.5
585000000.0	568280536.9	537672342.2	576864584.1
586000000.0	569234950.1	538524349.0	577849960.2
587000000.0	570189307.5	539376144.4	578835335.7
588000000.0	571143609.4	540227728.2	579820710.7
589000000.0	572097855.6	541079100.6	580806085.1
590000000.0	573052046.2	541930261.7	581791458.9
591000000.0	574006181.2	542781211.5	582776832.2
592000000.0	574960260.5	543631950.1	583762204.9
593000000.0	575914284.3	544482477.7	584747577.1
594000000.0	576868252.5	545332794.2	585732948.7
595000000.0	577822165.0	546182899.8	586718319.8
596000000.0	578776022.0	547032794.5	587703690.3
597000000.0	579729823.4	547882478.5	588689060.3
598000000.0	580683569.2	548731951.7	589674429.7
599000000.0	581637259.5	549581214.4	590659798.6
600000000.0	582590894.1	550430266.4	591645166.9
601000000.0	583544473.2	551279108.1	592630534.7
602000000.0	584497996.8	552127739.3	593615901.9
603000000.0	585451464.8	552976160.2	594601268.6
604000000.0	586404877.2	553824370.9	595586634.7
605000000.0	587358234.1	554672371.4	596572000.2
606000000.0	588311535.4	555520161.8	597557365.3
607000000.0	589264781.3	556367742.3	598542729.7
608000000.0	590217971.5	557215112.8	599528093.7
609000000.0	591171106.3	558062273.5	600513457.0
610000000.0	592124185.6	558909224.4	601498819.9
611000000.0	593077209.3	559755965.6	602484182.1
612000000.0	594030177.5	560602497.2	603469543.9
613000000.0	594983090.2	561448819.3	604454905.1
614000000.0	595935947.4	562294931.9	605440265.7
615000000.0	596888749.2	563140835.2	606425625.8
616000000.0	597841495.4	563986529.2	607410985.4
617000000.0	598794186.2	564832013.9	608396344.4
618000000.0	599746821.4	565677289.5	609381702.8
619000000.0	600699401.2	566522356.0	610367060.8
620000000.0	601651925.6	567367213.6	611352418.1
621000000.0	602604394.4	568211862.2	612337775.0
622000000.0	603556807.9	569056302.0	613323131.3
623000000.0	604509165.8	569900533.0	614308487.0
624000000.0	605461468.3	570744555.4	615293842.2
625000000.0	606413715.4	571588369.2	616279196.9
626000000.0	607365907.0	572431974.4	617264551.0
627000000.0	608318043.2	573275371.2	618249904.6
628000000.0	609270124.0	574118559.6	619235257.6
629000000.0	610222149.3	574961539.8	620220610.1
630000000.0	611174119.3	575804311.7	621205962.1
631000000.0	612126033.8	576646875.5	622191313.5
632000000.0	613077892.9	577489231.2	623176664.4
633000000.0	614029696.6	578331379.0	624162014.7
634000000.0	614981444.9	579173318.8	625147364.5
635000000.0	615933137.8	580015050.8	626132713.8
636000000.0	616884775.4	580856575.1	627118062.5
637000000.0	617836357.5	581697891.6	628103410.7
638000000.0	618787884.3	582539000.6	629088758.4
639000000.0	619739355.7	583379902.1	630074105.5
640000000.0	620690771.7	584220596.1	631059452.0
641000000.0	621642132.4	585061082.8	632044798.1
642000000.0	622593437.7	585901362.1	633030143.6
643000000.0	623544687.6	586741434.3	634015488.5
644000000.0	624495882.3	587581299.3	635000833.0
645000000.0	625447021.5	588420957.2	635986176.9
646000000.0	626398105.5	589260408.2	636971520.2
647000000.0	627349134.0	590099652.2	637956863.0
648000000.0	628300107.3	590938689.5	638942205.3
649000000.0	629251025.3	591777519.9	639927547.1
650000000.0	630201887.9	592616143.7	640912888.3
651000000.0	631152695.2	593454560.9	641898229.0
652000000.0	632103447.2	594292771.6	642883569.1
653000000.0	633054143.9	595130775.8	643868908.8
654000000.0	634004785.4	595968573.7	644854247.8
655000000.0	634955371.5	596806165.2	645839586.4
656000000.0	635905902.3	597643550.5	646824924.4
657000000.0	636856377.9	598480729.7	647810261.9
658000000.0	637806798.1	599317702.8	648795598.9
659000000.0	638757163.1	600154470.0	649780935.3
660000000.0	639707472.9	600991031.2	650766271.2
661000000.0	640657727.4	601827386.5	651751606.5
662000000.0	641607926.6	602663536.1	652736941.4
663000000.0	642558070.5	603499480.0	653722275.7
664000000.0	643508159.3	604335218.3	654707609.4
665000000.0	644458192.7	605170751.1	655692942.7
666000000.0	645408171.0	606006078.4	656678275.4
667000000.0	646358094.0	606841200.3	657663607.6
668000000.0	647307961.8	607676117.0	658648939.2
669000000.0	648257774.3	608510828.3	659634270.3
670000000.0	649207531.6	609345334.6	660619600.9
671000000.0	650157233.8	610179635.7	661604931.0
672000000.0	651106880.7	611013731.8	662590260.5
673000000.0	652056472.4	611847623.0	663575589.5
674000000.0	653006008.9	612681309.4	664560918.0
675000000.0	653955490.3	613514791.0	665546246.0
676000000.0	654904916.4	614348067.8	666531573.4
677000000.0	655854287.4	615181140.1	667516900.3
678000000.0	656803603.1	616014007.8	668502226.6
679000000.0	657752863.7	616846671.0	669487552.5
680000000.0	658702069.2	617679129.8	670472877.8
681000000.0	659651219.5	618511384.3	671458202.6
682000000.0	660600314.6	619343434.5	672443526.9
683000000.0	661549354.6	620175280.5	673428850.6
684000000.0	662498339.4	621006922.5	674414173.8
685000000.0	663447269.0	621838360.4	675399496.5
686000000.0	664396143.6	622669594.4	676384818.7
687000000.0	665344963.0	623500624.5	677370140.3
688000000.0	666293727.3	624331450.8	678355461.4
689000000.0	667242436.4	625162073.3	679340782.0
690000000.0	668191090.5	625992492.2	680326102.1
691000000.0	669139689.4	626822707.6	681311421.6
692000000.0	670088233.2	627652719.4	682296740.6
693000000.0	671036721.9	628482527.8	683282059.1
694000000.0	671985155.5	629312132.9	684267377.1
695000000.0	672933534.1	630141534.7	685252694.5
696000000.0	673881857.5	630970733.2	686238011.5
697000000.0	674830125.8	631799728.7	687223327.9
698000000.0	675778339.1	632628521.1	688208643.8
699000000.0	676726497.3	633457110.5	689193959.1
700000000.0	677674600.5	634285497.0	690179274.0
701000000.0	678622648.5	635113680.7	691164588.3
702000000.0	679570641.5	635941661.6	692149902.1
703000000.0	680518579.5	636769439.9	693135215.3
704000000.0	681466462.4	637597015.5	694120528.1
705000000.0	682414290.2	638424388.7	695105840.3
706000000.0	683362063.1	639251559.3	696091152.0
707000000.0	684309780.9	640078527.6	697076463.2
708000000.0	685257443.6	640905293.6	698061773.9
709000000.0	686205051.4	641731857.3	699047084.0
710000000.0	687152604.1	642558218.9	700032393.7
711000000.0	688100101.8	643384378.3	701017702.8
712000000.0	689047544.5	644210335.8	702003011.4
713000000.0	689994932.2	645036091.4	702988319.4
714000000.0	690942264.8	645861645.0	703973627.0
715000000.0	691889542.5	646686996.9	704958934.0
716000000.0	692836765.2	647512147.1	705944240.5
717000000.0	693783933.0	648337095.6	706929546.5
718000000.0	694731045.7	649161842.6	707914852.0
719000000.0	695678103.5	649986388.0	708900157.0
720000000.0	696625106.3	650810732.1	709885461.4
721000000.0	697572054.1	651634874.8	710870765.3
722000000.0	698518947.0	652458816.2	711856068.8
723000000.0	699465784.9	653282556.4	712841371.6
724000000.0	700412567.8	654106095.5	713826674.0
725000000.0	701359295.9	654929433.6	714811975.9
726000000.0	702305968.9	655752570.7	715797277.2
727000000.0	703252587.1	656575506.8	716782578.0
728000000.0	704199150.3	657398242.2	717767878.3
729000000.0	705145658.6	658220776.8	718753178.1
730000000.0	706092111.9	659043110.7	719738477.4
731000000.0	707038510.4	659865244.0	720723776.2
732000000.0	707984853.9	660687176.7	721709074.4
733000000.0	708931142.6	661508909.0	722694372.1
734000000.0	709877376.3	662330440.9	723679669.4
735000000.0	710823555.1	663151772.5	724664966.0
736000000.0	711769679.1	663972903.8	725650262.2
737000000.0	712715748.1	664793835.0	726635557.9
738000000.0	713661762.3	665614566.1	727620853.1
739000000.0	714607721.6	666435097.1	728606147.7
740000000.0	715553626.0	667255428.3	729591441.8
741000000.0	716499475.6	668075559.5	730576735.4
742000000.0	717445270.3	668895490.9	731562028.5
743000000.0	718391010.1	669715222.6	732547321.1
744000000.0	719336695.1	670534754.6	733532613.2
745000000.0	720282325.2	671354087.1	734517904.7
746000000.0	721227900.5	672173220.0	735503195.8
747000000.0	722173421.0	672992153.5	736488486.3
748000000.0	723118886.6	673810887.6	737473776.3
749000000.0	724064297.4	674629422.5	738459065.8
750000000.0	725009653.3	675447758.1	739444354.8
751000000.0	725954954.5	676265894.6	740429643.3
752000000.0	726900200.8	677083832.0	741414931.3
753000000.0	727845392.4	677901570.3	742400218.7
754000000.0	728790529.1	678719109.8	743385505.7
755000000.0	729735611.0	679536450.4	744370792.1
756000000.0	730680638.1	680353592.2	745356078.0
757000000.0	731625610.5	681170535.3	746341363.4
758000000.0	732570528.1	681987279.8	747326648.3
759000000.0	733515390.8	682803825.7	748311932.7
760000000.0	734460198.8	683620173.1	749297216.6
761000000.0	735404952.1	684436322.1	750282500.0
762000000.0	736349650.5	685252272.7	751267782.8
763000000.0	737294294.3	686068025.1	752253065.2
764000000.0	738238883.2	686883579.2	753238347.0
765000000.0	739183417.4	687698935.2	754223628.3
766000000.0	740127896.9	688514093.2	755208909.1
767000000.0	741072321.6	689329053.1	756194189.4
768000000.0	742016691.6	690143815.2	757179469.2
769000000.0	742961006.8	690958379.4	758164748.5
770000000.0	743905267.4	691772745.8	759150027.3
771000000.0	744849473.2	692586914.5	760135305.6
772000000.0	745793624.3	693400885.6	761120583.3
773000000.0	746737720.6	694214659.2	762105860.6
774000000.0	747681762.3	695028235.3	763091137.3
775000000.0	748625749.3	695841613.9	764076413.5
776000000.0	749569681.5	696654795.2	765061689.3
777000000.0	750513559.1	697467779.2	766046964.5
778000000.0	751457382.0	698280566.1	767032239.2
779000000.0	752401150.2	699093155.8	768017513.4
780000000.0	753344863.8	699905548.5	769002787.1
781000000.0	754288522.6	700717744.1	769988060.3
782000000.0	755232126.8	701529742.9	770973332.9
783000000.0	756175676.3	702341544.8	771958605.1
784000000.0	757119171.2	703153150.0	772943876.8
785000000.0	758062611.4	703964558.5	773929147.9
786000000.0	759005997.0	704775770.3	774914418.6
787000000.0	759949327.9	705586785.6	775899688.7
788000000.0	760892604.2	706397604.4	776884958.3
789000000.0	761835825.9	707208226.8	777870227.4
790000000.0	762778992.9	708018652.9	778855496.1
791000000.0	763722105.3	708828882.7	779840764.2
792000000.0	764665163.1	709638916.3	780826031.8
793000000.0	765608166.2	710448753.7	781811298.9
794000000.0	766551114.8	711258395.2	782796565.5
795000000.0	767494008.7	712067840.6	783781831.6
796000000.0	768436848.1	712877090.1	784767097.1
797000000.0	769379632.9	713686143.8	785752362.2
798000000.0	770322363.0	714495001.7	786737626.8
799000000.0	771265038.6	715303664.0	787722890.9
800000000.0	772207659.6	716112130.6	788708154.4
801000000.0	773150226.0	716920401.6	789693417.5
802000000.0	774092737.9	717728477.2	790678680.0
803000000.0	775035195.1	718536357.3	791663942.1
804000000.0	775977597.9	719344042.1	792649203.6
805000000.0	776919946.0	720151531.6	793634464.6
806000000.0	777862239.6	720958826.0	794619725.2
807000000.0	778804478.7	721765925.2	795604985.2
808000000.0	779746663.2	722572829.3	796590244.7
809000000.0	780688793.2	723379538.5	797575503.7
810000000.0	781630868.7	724186052.7	798560762.3
811000000.0	782572889.6	724992372.1	799546020.3
812000000.0	783514856.0	725798496.7	800531277.8
813000000.0	784456767.9	726604426.6	801516534.8
814000000.0	785398625.3	727410161.9	802501791.3
815000000.0	786340428.1	728215702.6	803487047.3
816000000.0	787282176.5	729021048.8	804472302.8
817000000.0	788223870.3	729826200.6	805457557.7
818000000.0	789165509.7	730631158.0	806442812.2
819000000.0	790107094.6	731435921.1	807428066.2
820000000.0	791048625.0	732240490.1	808413319.7
821000000.0	791990100.9	733044864.9	809398572.7
822000000.0	792931522.3	733849045.6	810383825.2
823000000.0	793872889.3	734653032.3	811369077.1
824000000.0	794814201.8	735456825.1	812354328.6
825000000.0	795755459.8	736260424.0	813339579.6
826000000.0	796696663.4	737063829.2	814324830.0
827000000.0	797637812.5	737867040.6	815310080.0
828000000.0	798578907.2	738670058.3	816295329.5
829000000.0	799519947.5	739472882.5	817280578.4
830000000.0	800460933.3	740275513.2	818265826.9
831000000.0	801401864.7	741077950.4	819251074.8
832000000.0	802342741.6	741880194.3	820236322.3
833000000.0	803283564.1	742682244.8	821221569.2
834000000.0	804224332.3	743484102.2	822206815.7
835000000.0	805165045.9	744285766.3	823192061.6
836000000.0	806105705.2	745087237.4	824177307.1
837000000.0	807046310.1	745888515.4	825162552.0
838000000.0	807986860.6	746689600.5	826147796.5
839000000.0	808927356.7	747490492.8	827133040.4
840000000.0	809867798.4	748291192.2	828118283.9
841000000.0	810808185.7	749091698.8	829103526.8
842000000.0	811748518.7	749892012.8	830088769.3
843000000.0	812688797.2	750692134.2	831074011.2
844000000.0	813629021.4	751492063.0	832059252.7
845000000.0	814569191.3	752291799.4	833044493.6
846000000.0	815509306.8	753091343.4	834029734.1
847000000.0	816449367.9	753890695.1	835014974.0
848000000.0	817389374.6	754689854.5	836000213.5
849000000.0	818329327.1	755488821.7	836985452.4
850000000.0	819269225.1	756287596.8	837970690.9
851000000.0	820209068.9	757086179.8	838955928.8
852000000.0	821148858.3	757884570.9	839941166.3
853000000.0	822088593.4	758682770.1	840926403.2
854000000.0	823028274.2	759480777.4	841911639.7
855000000.0	823967900.6	760278592.9	842896875.6
856000000.0	824907472.7	761076216.8	843882111.1
857000000.0	825846990.6	761873649.0	844867346.0
858000000.0	826786454.1	762670889.6	845852580.5
859000000.0	827725863.3	763467938.8	846837814.4
860000000.0	828665218.3	764264796.5	847823047.9
861000000.0	829604518.9	765061462.9	848808280.8
862000000.0	830543765.3	765857938.0	849793513.3
863000000.0	831482957.3	766654221.8	850778745.3
864000000.0	832422095.2	767450314.5	851763976.7
865000000.0	833361178.7	768246216.2	852749207.7
866000000.0	834300208.0	769041926.8	853734438.2
867000000.0	835239183.0	769837446.5	854719668.1
868000000.0	836178103.8	770632775.3	855704897.6
869000000.0	837116970.3	771427913.2	856690126.6
870000000.0	838055782.5	772222860.5	857675355.1
871000000.0	838994540.6	773017617.1	858660583.0
872000000.0	839933244.3	773812183.1	859645810.5
873000000.0	840871893.9	774606558.5	860631037.5
874000000.0	841810489.2	775400743.5	861616264.0
875000000.0	842749030.3	776194738.1	862601490.0
876000000.0	843687517.2	776988542.4	863586715.5
877000000.0	844625949.9	777782156.4	864571940.5
878000000.0	845564328.4	778575580.2	865557165.0
879000000.0	846502652.6	779368813.9	866542389.0
880000000.0	847440922.7	780161857.5	867527612.5
881000000.0	848379138.6	780954711.2	868512835.5
882000000.0	849317300.3	781747374.9	869498058.0
883000000.0	850255407.8	782539848.8	870483280.0
884000000.0	851193461.1	783332132.9	871468501.5
885000000.0	852131460.3	784124227.3	872453722.5
886000000.0	853069405.3	784916132.1	873438943.1
887000000.0	854007296.1	785707847.3	874424163.1
888000000.0	854945132.7	786499372.9	875409382.6
889000000.0	855882915.2	787290709.2	876394601.7
890000000.0	856820643.6	788081856.0	877379820.2
891000000.0	857758317.8	788872813.6	878365038.3
892000000.0	858695937.9	789663581.9	879350255.8
893000000.0	859633503.8	790454161.1	880335472.9
894000000.0	860571015.6	791244551.1	881320689.4
895000000.0	861508473.3	792034752.2	882305905.5
896000000.0	862445876.8	792824764.2	883291121.1
897000000.0	863383226.2	793614587.4	884276336.1
898000000.0	864320521.6	794404221.7	885261550.7
899000000.0	865257762.8	795193667.3	886246764.8
900000000.0	866194949.9	795982924.2	887231978.4
901000000.0	867132082.9	796771992.5	888217191.5
902000000.0	868069161.8	797560872.2	889202404.1
903000000.0	869006186.6	798349563.4	890187616.2
904000000.0	869943157.4	799138066.2	891172827.8
905000000.0	870880074.0	799926380.6	892158038.9
906000000.0	871816936.6	800714506.8	893143249.5
907000000.0	872753745.1	801502444.7	894128459.7
908000000.0	873690499.6	802290194.5	895113669.3
909000000.0	874627200.0	803077756.2	896098878.4
910000000.0	875563846.3	803865129.8	897084087.1
911000000.0	876500438.6	804652315.6	898069295.2
912000000.0	877436976.8	805439313.4	899054502.9
913000000.0	878373461.0	806226123.4	900039710.0
914000000.0	879309891.2	807012745.7	901024916.7
915000000.0	880246267.3	807799180.3	902010122.9
916000000.0	881182589.4	808585427.3	902995328.6
917000000.0	882118857.5	809371486.7	903980533.7
918000000.0	883055071.6	810157358.7	904965738.4
919000000.0	883991231.6	810943043.2	905950942.6
920000000.0	884927337.7	811728540.4	906936146.3
921000000.0	885863389.7	812513850.3	907921349.5
922000000.0	886799387.7	813298973.0	908906552.3
923000000.0	887735331.8	814083908.6	909891754.5
924000000.0	888671221.8	814868657.1	910876956.2
925000000.0	889607057.9	815653218.6	911862157.5
926000000.0	890542840.0	816437593.1	912847358.2
927000000.0	891478568.1	817221780.7	913832558.5
928000000.0	892414242.2	818005781.6	914817758.2
929000000.0	893349862.4	818789595.7	915802957.5
930000000.0	894285428.6	819573223.1	916788156.3
931000000.0	895220940.9	820356663.9	917773354.5
932000000.0	896156399.2	821139918.2	918758552.3
933000000.0	897091803.5	821922986.0	919743749.6
934000000.0	898027154.0	822705867.4	920728946.4
935000000.0	898962450.4	823488562.4	921714142.7
936000000.0	899897693.0	824271071.2	922699338.6
937000000.0	900832881.6	825053393.7	923684533.9
938000000.0	901768016.3	825835530.1	924669728.7
939000000.0	902703097.1	826617480.4	925654923.1
940000000.0	903638123.9	827399244.8	926640116.9
941000000.0	904573096.9	828180823.1	927625310.3
942000000.0	905508015.9	828962215.6	928610503.1
943000000.0	906442881.1	829743422.3	929595695.5
944000000.0	907377692.3	830524443.3	930580887.4
945000000.0	908312449.7	831305278.5	931566078.8
946000000.0	909247153.1	832085928.2	932551269.7
947000000.0	910181802.7	832866392.2	933536460.1
948000000.0	911116398.5	833646670.9	934521650.0
949000000.0	912050940.3	834426764.1	935506839.4
950000000.0	912985428.3	835206671.9	936492028.4
951000000.0	913919862.4	835986394.5	937477216.8
952000000.0	914854242.6	836765931.8	938462404.8
953000000.0	915788569.0	837545284.0	939447592.2
954000000.0	916722841.6	838324451.2	940432779.2
955000000.0	917657060.3	839103433.3	941417965.7
956000000.0	918591225.2	839882230.4	942403151.6
957000000.0	919525336.2	840660842.7	943388337.1
958000000.0	920459393.4	841439270.1	944373522.1
959000000.0	921393396.8	842217512.8	945358706.7
960000000.0	922327346.4	842995570.8	946343890.7
961000000.0	923261242.1	843773444.2	947329074.2
962000000.0	924195084.0	844551133.0	948314257.3
963000000.0	925128872.2	845328637.3	949299439.8
964000000.0	926062606.5	846105957.2	950284621.9
965000000.0	926996287.0	846883092.7	951269803.4
966000000.0	927929913.8	847660043.9	952254984.5
967000000.0	928863486.7	848436811.0	953240165.1
968000000.0	929797005.9	849213393.8	954225345.2
969000000.0	930730471.3	849989792.5	955210524.8
970000000.0	931663882.9	850766007.3	956195703.9
971000000.0	932597240.7	851542038.0	957180882.6
972000000.0	933530544.8	852317884.8	958166060.7
973000000.0	934463795.2	853093547.8	959151238.4
974000000.0	935396991.7	853869027.1	960136415.5
975000000.0	936330134.5	854644322.6	961121592.2
976000000.0	937263223.6	855419434.5	962106768.4
977000000.0	938196259.0	856194362.8	963091944.0
978000000.0	939129240.6	856969107.6	964077119.2
979000000.0	940062168.4	857743668.9	965062294.0
980000000.0	940995042.6	858518046.9	966047468.2
981000000.0	941927863.0	859292241.6	967032641.9
982000000.0	942860629.7	860066253.0	968017815.2
983000000.0	943793342.7	860840081.2	969002987.9
984000000.0	944726002.0	861613726.3	969988160.2
985000000.0	945658607.5	862387188.4	970973331.9
986000000.0	946591159.4	863160467.4	971958503.2
987000000.0	947523657.6	863933563.6	972943674.0
988000000.0	948456102.1	864706476.8	973928844.3
989000000.0	949388492.9	865479207.3	974914014.1
990000000.0	950320830.0	866251755.1	975899183.5
991000000.0	951253113.5	867024120.2	976884352.3
992000000.0	952185343.3	867796302.6	977869520.7
993000000.0	953117519.4	868568302.6	978854688.5
994000000.0	954049641.9	869340120.1	979839855.9
995000000.0	954981710.7	870111755.1	980825022.8
996000000.0	955913725.8	870883207.9	981810189.2
997000000.0	956845687.3	871654478.3	982795355.1
998000000.0	957777595.2	872425566.6	983780520.5
999000000.0	958709449.4	873196472.6	984765685.4
1000000000.0	959641250.0	873967196.7	985750849.9
1001000000.0	960572997.0	874737738.6	986736013.8
1002000000.0	961504690.3	875508098.7	987721177.3
1003000000.0	962436330.0	876278276.8	988706340.3
1004000000.0	963367916.1	877048273.2	989691502.8
1005000000.0	964299448.6	877818087.7	990676664.8
1006000000.0	965230927.5	878587720.6	991661826.3
1007000000.0	966162352.8	879357171.8	992646987.3
1008000000.0	967093724.5	880126441.5	993632147.8
1009000000.0	968025042.6	880895529.6	994617307.9
1010000000.0	968956307.1	881664436.4	995602467.5
1011000000.0	969887518.0	882433161.7	996587626.5
1012000000.0	970818675.4	883201705.7	997572785.1
1013000000.0	971749779.2	883970068.5	998557943.2
1014000000.0	972680829.4	884738250.1	999543100.8
1015000000.0	973611826.0	885506250.6	1000528257.9
1016000000.0	974542769.1	886274070.1	1001513414.6
1017000000.0	975473658.7	887041708.5	1002498570.7
1018000000.0	976404494.7	887809166.0	1003483726.4
1019000000.0	977335277.1	888576442.7	1004468881.6
1020000000.0	978266006.0	889343538.5	1005454036.2
1021000000.0	979196681.4	890110453.6	1006439190.4
1022000000.0	980127303.2	890877188.1	1007424344.2
1023000000.0	981057871.6	891643741.9	1008409497.4
1024000000.0	981988386.3	892410115.2	1009394650.1
1025000000.0	982918847.6	893176308.0	1010379802.4
1026000000.0	983849255.4	893942320.5	1011364954.1
1027000000.0	984779609.6	894708152.5	1012350105.4
1028000000.0	985709910.4	895473804.3	1013335256.2
1029000000.0	986640157.7	896239275.8	1014320406.5
1030000000.0	987570351.4	897004567.2	1015305556.3
1031000000.0	988500491.7	897769678.5	1016290705.6
1032000000.0	989430578.5	898534609.7	1017275854.5
1033000000.0	990360611.8	899299361.0	1018261002.8
1034000000.0	991290591.6	900063932.4	1019246150.7
1035000000.0	992220518.0	900828323.9	1020231298.1
1036000000.0	993150390.9	901592535.7	1021216445.0
1037000000.0	994080210.3	902356567.7	1022201591.4
1038000000.0	995009976.3	903120420.1	1023186737.3
1039000000.0	995939688.8	903884092.9	1024171882.7
1040000000.0	996869347.9	904647586.1	1025157027.7
1041000000.0	997798953.6	905410899.9	1026142172.1
1042000000.0	998728505.8	906174034.4	1027127316.1
1043000000.0	999658004.5	906936989.4	1028112459.6
1044000000.0	1000587449.9	907699765.2	1029097602.6
1045000000.0	1001516841.8	908462361.8	1030082745.1
1046000000.0	1002446180.3	909224779.3	1031067887.2
1047000000.0	1003375465.4	909987017.6	1032053028.7
1048000000.0	1004304697.0	910749076.9	1033038169.8
1049000000.0	1005233875.3	911510957.3	1034023310.3
1050000000.0	1006163000.2	912272658.8	1035008450.4
1051000000.0	1007092071.7	913034181.5	1035993590.0
1052000000.0	1008021089.7	913795525.4	1036978729.1
1053000000.0	1008950054.4	914556690.5	1037963867.8
1054000000.0	1009878965.7	915317677.1	1038949005.9
1055000000.0	1010807823.7	916078485.0	1039934143.6
1056000000.0	1011736628.2	916839114.5	1040919280.7
1057000000.0	1012665379.4	917599565.5	1041904417.4
1058000000.0	1013594077.2	918359838.1	1042889553.6
1059000000.0	1014522721.7	919119932.4	1043874689.3
1060000000.0	1015451312.8	919879848.4	1044859824.6
1061000000.0	1016379850.6	920639586.2	1045844959.3
1062000000.0	1017308335.0	921399145.8	1046830093.6
1063000000.0	1018236766.1	922158527.4	1047815227.3
1064000000.0	1019165143.8	922917731.0	1048800360.6
1065000000.0	1020093468.2	923676756.6	1049785493.4
1066000000.0	1021021739.3	924435604.4	1050770625.7
1067000000.0	1021949957.1	925194274.3	1051755757.6
1068000000.0	1022878121.5	925952766.4	1052740888.9
1069000000.0	1023806232.7	926711080.9	1053726019.8
1070000000.0	1024734290.5	927469217.7	1054711150.2
1071000000.0	1025662295.0	928227176.9	1055696280.1
1072000000.0	1026590246.2	928984958.6	1056681409.5
1073000000.0	1027518144.2	929742562.9	1057666538.4
1074000000.0	1028445988.8	930499989.7	1058651666.8
1075000000.0	1029373780.2	931257239.3	1059636794.8
1076000000.0	1030301518.2	932014311.5	1060621922.2
1077000000.0	1031229203.0	932771206.6	1061607049.2
1078000000.0	1032156834.5	933527924.6	1062592175.7
1079000000.0	1033084412.8	934284465.4	1063577301.7
1080000000.0	1034011937.8	935040829.3	1064562427.3
1081000000.0	1034939409.5	935797016.1	1065547552.3
1082000000.0	1035866828.0	936553026.1	1066532676.9
1083000000.0	1036794193.3	937308859.3	1067517800.9
1084000000.0	1037721505.2	938064515.7	1068502924.5
1085000000.0	1038648764.0	938819995.4	1069488047.6
1086000000.0	1039575969.5	939575298.4	1070473170.2
1087000000.0	1040503121.8	940330424.9	1071458292.4
1088000000.0	1041430220.9	941085374.8	1072443414.0
1089000000.0	1042357266.7	941840148.3	1073428535.2
1090000000.0	1043284259.3	942594745.4	1074413655.9
1091000000.0	1044211198.8	943349166.2	1075398776.1
1092000000.0	1045138085.0	944103410.7	1076383895.8
1093000000.0	1046064918.0	944857478.9	1077369015.0
1094000000.0	1046991697.8	945611371.1	1078354133.8
1095000000.0	1047918424.4	946365087.1	1079339252.0
1096000000.0	1048845097.8	947118627.1	1080324369.8
1097000000.0	1049771718.1	947871991.2	1081309487.1
1098000000.0	1050698285.2	948625179.3	1082294603.9
1099000000.0	1051624799.0	949378191.6	1083279720.2
1100000000.0	1052551259.8	950131028.1	1084264836.1
1101000000.0	1053477667.3	950883689.0	1085249951.4
1102000000.0	1054404021.7	951636174.1	1086235066.3
1103000000.0	1055330323.0	952388483.7	1087220180.7
1104000000.0	1056256571.0	953140617.7	1088205294.6
1105000000.0	1057182766.0	953892576.3	1089190408.0
1106000000.0	1058108907.8	954644359.4	1090175521.0
1107000000.0	1059034996.4	955395967.2	1091160633.4
1108000000.0	1059961032.0	956147399.7	1092145745.4
1109000000.0	1060887014.4	956898657.0	1093130856.9
1110000000.0	1061812943.7	957649739.1	1094115967.9
1111000000.0	1062738819.8	958400646.1	1095101078.4
1112000000.0	1063664642.8	959151378.1	1096086188.5
1113000000.0	1064590412.8	959901935.1	1097071298.0
1114000000.0	1065516129.6	960652317.2	1098056407.1
1115000000.0	1066441793.3	961402524.4	1099041515.7
1116000000.0	1067367404.0	962152556.8	1100026623.8
1117000000.0	1068292961.5	962902414.5	1101011731.4
1118000000.0	1069218465.9	963652097.5	1101996838.5
1119000000.0	1070143917.3	964401605.9	1102981945.2
1120000000.0	1071069315.6	965150939.7	1103967051.4
1121000000.0	1071994660.8	965900099.1	1104952157.1
1122000000.0	1072919953.0	966649084.0	1105937262.3
1123000000.0	1073845192.0	967397894.6	1106922367.0
1124000000.0	1074770378.1	968146530.8	1107907471.2
1125000000.0	1075695511.0	968894992.8	1108892575.0
1126000000.0	1076620590.9	969643280.6	1109877678.3
1127000000.0	1077545617.8	970391394.3	1110862781.0
1128000000.0	1078470591.6	971139333.9	1111847883.4
1129000000.0	1079395512.4	971887099.5	1112832985.2
1130000000.0	1080320380.2	972634691.1	1113818086.5
1131000000.0	1081245194.9	973382108.9	1114803187.4
1132000000.0	1082169956.6	974129352.9	1115788287.8
1133000000.0	1083094665.3	974876423.1	1116773387.6
1134000000.0	1084019321.0	975623319.6	1117758487.1
1135000000.0	1084943923.7	976370042.4	1118743586.0
1136000000.0	1085868473.3	977116591.7	1119728684.4
1137000000.0	1086792970.0	977862967.4	1120713782.4
1138000000.0	1087717413.7	978609169.7	1121698879.9
1139000000.0	1088641804.3	979355198.6	1122683976.9
1140000000.0	1089566142.0	980101054.1	1123669073.4
1141000000.0	1090490426.7	980846736.4	1124654169.4
1142000000.0	1091414658.5	981592245.5	1125639265.0
1143000000.0	1092338837.2	982337581.4	1126624360.0
1144000000.0	1093262963.0	983082744.2	1127609454.6
1145000000.0	1094187035.8	983827733.9	1128594548.7
1146000000.0	1095111055.7	984572550.7	1129579642.3
1147000000.0	1096035022.6	985317194.6	1130564735.5
1148000000.0	1096958936.6	986061665.6	1131549828.1
1149000000.0	1097882797.6	986805963.8	1132534920.3
1150000000.0	1098806605.7	987550089.3	1133520012.0
1151000000.0	1099730360.8	988294042.1	1134505103.2
1152000000.0	1100654063.0	989037822.3	1135490193.9
1153000000.0	1101577712.3	989781429.9	1136475284.2
1154000000.0	1102501308.7	990524865.1	1137460374.0
1155000000.0	1103424852.1	991268127.8	1138445463.2
1156000000.0	1104348342.6	992011218.1	1139430552.0
1157000000.0	1105271780.3	992754136.1	1140415640.3
1158000000.0	1106195165.0	993496881.9	1141400728.2
1159000000.0	1107118496.8	994239455.5	1142385815.5
1160000000.0	1108041775.7	994981856.9	1143370902.4
1161000000.0	1108965001.8	995724086.2	1144355988.8
1162000000.0	1109888174.9	996466143.6	1145341074.7
1163000000.0	1110811295.2	997208029.0	1146326160.1
1164000000.0	1111734362.5	997949742.5	1147311245.1
1165000000.0	1112657377.1	998691284.1	1148296329.5
1166000000.0	1113580338.7	999432654.0	1149281413.5
1167000000.0	1114503247.5	1000173852.1	1150266497.0
1168000000.0	1115426103.4	1000914878.6	1151251580.0
1169000000.0	1116348906.5	1001655733.5	1152236662.6
1170000000.0	1117271656.7	1002396416.9	1153221744.6
1171000000.0	1118194354.1	1003136928.8	1154206826.2
1172000000.0	1119116998.6	1003877269.3	1155191907.3
1173000000.0	1120039590.3	1004617438.4	1156176987.9
1174000000.0	1120962129.2	1005357436.2	1157162068.0
1175000000.0	1121884615.2	1006097262.7	1158147147.7
1176000000.0	1122807048.5	1006836918.1	1159132226.8
1177000000.0	1123729428.9	1007576402.4	1160117305.5
1178000000.0	1124651756.5	1008315715.6	1161102383.7
1179000000.0	1125574031.2	1009054857.8	1162087461.4
1180000000.0	1126496253.2	1009793829.0	1163072538.7
1181000000.0	1127418422.4	1010532629.4	1164057615.4
1182000000.0	1128340538.8	1011271259.0	1165042691.7
1183000000.0	1129262602.4	1012009717.7	1166027767.5
1184000000.0	1130184613.2	1012748005.8	1167012842.8
1185000000.0	1131106571.2	1013486123.2	1167997917.7
1186000000.0	1132028476.5	1014224070.1	1168982992.0
1187000000.0	1132950329.0	1014961846.4	1169968065.9
1188000000.0	1133872128.7	1015699452.2	1170953139.3
1189000000.0	1134793875.6	1016436887.7	1171938212.2
1190000000.0	1135715569.8	1017174152.7	1172923284.6
1191000000.0	1136637211.2	1017911247.5	1173908356.6
1192000000.0	1137558799.9	1018648172.1	1174893428.0
1193000000.0	1138480335.9	1019384926.5	1175878499.0
1194000000.0	1139401819.1	1020121510.7	1176863569.5
1195000000.0	1140323249.5	1020857924.9	1177848639.5
1196000000.0	1141244627.3	1021594169.2	1178833709.1
1197000000.0	1142165952.3	1022330243.4	1179818778.1
1198000000.0	1143087224.6	1023066147.8	1180803846.7
1199000000.0	1144008444.2	1023801882.4	1181788914.8
1200000000.0	1144929611.0	1024537447.2	1182773982.4
1201000000.0	1145850725.2	1025272842.3	1183759049.6
1202000000.0	1146771786.6	1026008067.8	1184744116.2
1203000000.0	1147692795.4	1026743123.6	1185729182.4
1204000000.0	1148613751.4	1027478010.0	1186714248.1
1205000000.0	1149534654.8	1028212726.9	1187699313.3
1206000000.0	1150455505.4	1028947274.3	1188684378.1
1207000000.0	1151376303.4	1029681652.4	1189669442.3
1208000000.0	1152297048.8	1030415861.3	1190654506.1
1209000000.0	1153217741.4	1031149900.9	1191639569.4
1210000000.0	1154138381.4	1031883771.3	1192624632.2
1211000000.0	1155058968.7	1032617472.6	1193609694.5
1212000000.0	1155979503.4	1033351004.8	1194594756.4
1213000000.0	1156899985.4	1034084368.0	1195579817.8
1214000000.0	1157820414.7	1034817562.3	1196564878.6
1215000000.0	1158740791.4	1035550587.7	1197549939.1
1216000000.0	1159661115.5	1036283444.3	1198534999.0
1217000000.0	1160581386.9	1037016132.1	1199520058.4
1218000000.0	1161501605.7	1037748651.2	1200505117.4
1219000000.0	1162421771.9	1038481001.7	1201490175.9
1220000000.0	1163341885.4	1039213183.6	1202475233.9
1221000000.0	1164261946.4	1039945196.9	1203460291.4
1222000000.0	1165181954.7	1040677041.8	1204445348.5
1223000000.0	1166101910.4	1041408718.2	1205430405.1
1224000000.0	1167021813.5	1042140226.3	1206415461.1
1225000000.0	1167941664.0	1042871566.1	1207400516.7
1226000000.0	1168861462.0	1043602737.6	1208385571.9
1227000000.0	1169781207.3	1044333741.0	1209370626.5
1228000000.0	1170700900.0	1045064576.2	1210355680.7
1229000000.0	1171620540.2	1045795243.3	1211340734.4
1230000000.0	1172540127.7	1046525742.5	1212325787.6
1231000000.0	1173459662.8	1047256073.7	1213310840.3
1232000000.0	1174379145.2	1047986237.0	1214295892.6
1233000000.0	1175298575.1	1048716232.4	1215280944.3
1234000000.0	1176217952.4	1049446060.1	1216265995.6
1235000000.0	1177137277.2	1050175720.1	1217251046.4
1236000000.0	1178056549.4	1050905212.4	1218236096.8
1237000000.0	1178975769.0	1051634537.1	1219221146.6
1238000000.0	1179894936.2	1052363694.2	1220206196.0
1239000000.0	1180814050.8	1053092683.8	1221191244.9
1240000000.0	1181733112.8	1053821506.1	1222176293.3
1241000000.0	1182652122.3	1054550160.9	1223161341.2
1242000000.0	1183571079.4	1055278648.4	1224146388.7
1243000000.0	1184489983.8	1056006968.7	1225131435.6
1244000000.0	1185408835.8	1056735121.8	1226116482.1
1245000000.0	1186327635.3	1057463107.7	1227101528.1
1246000000.0	1187246382.3	1058190926.5	1228086573.7
1247000000.0	1188165076.7	1058918578.3	1229071618.7
1248000000.0	1189083718.7	1059646063.1	1230056663.3
1249000000.0	1190002308.2	1060373381.1	1231041707.4
1250000000.0	1190920845.2	1061100532.1	1232026751.0
1251000000.0	1191839329.7	1061827516.4	1233011794.1
1252000000.0	1192757761.7	1062554333.9	1233996836.8
1253000000.0	1193676141.2	1063280984.7	1234981879.0
1254000000.0	1194594468.3	1064007469.0	1235966920.7
1255000000.0	1195512743.0	1064733786.6	1236951961.9
1256000000.0	1196430965.1	1065459937.7	1237937002.6
1257000000.0	1197349134.8	1066185922.4	1238922042.9
1258000000.0	1198267252.1	1066911740.7	1239907082.6
1259000000.0	1199185316.9	1067637392.6	1240892121.9
1260000000.0	1200103329.3	1068362878.2	1241877160.8
1261000000.0	1201021289.2	1069088197.7	1242862199.1
1262000000.0	1201939196.7	1069813350.9	1243847237.0
1263000000.0	1202857051.8	1070538338.0	1244832274.4
1264000000.0	1203774854.5	1071263159.1	1245817311.3
1265000000.0	1204692604.7	1071987814.2	1246802347.7
1266000000.0	1205610302.5	1072712303.4	1247787383.6
1267000000.0	1206527947.9	1073436626.6	1248772419.1
1268000000.0	1207445540.9	1074160784.0	1249757454.1
1269000000.0	1208363081.5	1074884775.7	1250742488.6
1270000000.0	1209280569.7	1075608601.7	1251727522.6
1271000000.0	1210198005.5	1076332262.0	1252712556.2
1272000000.0	1211115389.0	1077055756.6	1253697589.2
1273000000.0	1212032720.0	1077779085.8	1254682621.8
1274000000.0	1212949998.7	1078502249.5	1255667653.9
1275000000.0	1213867225.0	1079225247.7	1256652685.6
1276000000.0	1214784398.9	1079948080.6	1257637716.7
1277000000.0	1215701520.5	1080670748.1	1258622747.4
1278000000.0	1216618589.6	1081393250.4	1259607777.6
1279000000.0	1217535606.5	1082115587.5	1260592807.3
1280000000.0	1218452571.0	1082837759.4	1261577836.5
1281000000.0	1219369483.1	1083559766.3	1262562865.3
1282000000.0	1220286342.9	1084281608.1	1263547893.6
1283000000.0	1221203150.4	1085003285.0	1264532921.4
1284000000.0	1222119905.5	1085724796.9	1265517948.7
1285000000.0	1223036608.3	1086446143.9	1266502975.5
1286000000.0	1223953258.8	1087167326.2	1267488001.9
1287000000.0	1224869856.9	1087888343.7	1268473027.8
1288000000.0	1225786402.8	1088609196.5	1269458053.2
1289000000.0	1226702896.3	1089329884.7	1270443078.1
1290000000.0	1227619337.5	1090050408.3	1271428102.6
1291000000.0	1228535726.5	1090770767.4	1272413126.6
1292000000.0	1229452063.1	1091490962.0	1273398150.1
1293000000.0	1230368347.4	1092210992.2	1274383173.1
1294000000.0	1231284579.4	1092930858.0	1275368195.6
1295000000.0	1232200759.2	1093650559.6	1276353217.7
1296000000.0	1233116886.7	1094370096.9	1277338239.2
1297000000.0	1234032961.9	1095089470.0	1278323260.3
1298000000.0	1234948984.8	1095808679.0	1279308281.0
1299000000.0	1235864955.5	1096527723.9	1280293301.1
1300000000.0	1236780873.9	1097246604.8	1281278320.8
1301000000.0	1237696740.0	1097965321.7	1282263340.0
1302000000.0	1238612553.9	1098683874.8	1283248358.7
1303000000.0	1239528315.6	1099402264.0	1284233376.9
1304000000.0	1240444025.0	1100120489.4	1285218394.6
1305000000.0	1241359682.1	1100838551.0	1286203411.9
1306000000.0	1242275287.1	1101556449.0	1287188428.7
1307000000.0	1243190839.8	1102274183.3	1288173445.0
1308000000.0	1244106340.2	1102991754.1	1289158460.9
1309000000.0	1245021788.5	1103709161.4	1290143476.2
1310000000.0	1245937184.5	1104426405.2	1291128491.1
1311000000.0	1246852528.4	1105143485.6	1292113505.5
1312000000.0	1247767820.0	1105860402.6	1293098519.4
1313000000.0	1248683059.4	1106577156.4	1294083532.9
1314000000.0	1249598246.6	1107293746.9	1295068545.9
1315000000.0	1250513381.6	1108010174.3	1296053558.3
1316000000.0	1251428464.4	1108726438.5	1297038570.4
1317000000.0	1252343495.1	1109442539.7	1298023581.9
1318000000.0	1253258473.5	1110158477.9	1299008592.9
1319000000.0	1254173399.8	1110874253.1	1299993603.5
1320000000.0	1255088273.9	1111589865.4	1300978613.6
1321000000.0	1256003095.9	1112305314.8	1301963623.2
1322000000.0	1256917865.7	1113020601.5	1302948632.4
1323000000.0	1257832583.3	1113735725.4	1303933641.1
1324000000.0	1258747248.8	1114450686.7	1304918649.2
1325000000.0	1259661862.1	1115165485.3	1305903656.9
1326000000.0	1260576423.3	1115880121.4	1306888664.2
1327000000.0	1261490932.3	1116594595.0	1307873670.9
1328000000.0	1262405389.2	1117308906.1	1308858677.2
1329000000.0	1263319794.0	1118023054.8	1309843683.0
1330000000.0	1264234146.6	1118737041.2	1310828688.3
1331000000.0	1265148447.1	1119450865.2	1311813693.2
1332000000.0	1266062695.5	1120164527.1	1312798697.5
1333000000.0	1266976891.8	1120878026.7	1313783701.4
1334000000.0	1267891036.0	1121591364.3	1314768704.8
1335000000.0	1268805128.0	1122304539.7	1315753707.8
1336000000.0	1269719168.0	1123017553.2	1316738710.2
1337000000.0	1270633155.9	1123730404.7	1317723712.2
1338000000.0	1271547091.7	1124443094.3	1318708713.7
1339000000.0	1272460975.3	1125155622.1	1319693714.7
1340000000.0	1273374807.0	1125867988.0	1320678715.2
1341000000.0	1274288586.5	1126580192.2	1321663715.3
1342000000.0	1275202314.0	1127292234.8	1322648714.9
1343000000.0	1276115989.3	1128004115.7	1323633714.0
1344000000.0	1277029612.7	1128715835.0	1324618712.6
1345000000.0	1277943183.9	1129427392.9	1325603710.8
1346000000.0	1278856703.1	1130138789.2	1326588708.5
1347000000.0	1279770170.3	1130850024.2	1327573705.7
1348000000.0	1280683585.4	1131561097.8	1328558702.4
1349000000.0	1281596948.5	1132272010.1	1329543698.6
1350000000.0	1282510259.5	1132982761.2	1330528694.4
1351000000.0	1283423518.5	1133693351.0	1331513689.7
1352000000.0	1284336725.5	1134403779.8	1332498684.5
1353000000.0	1285249880.4	1135114047.5	1333483678.8
1354000000.0	1286162983.3	1135824154.1	1334468672.7
1355000000.0	1287076034.2	1136534099.8	1335453666.0
1356000000.0	1287989033.1	1137243884.6	1336438658.9
1357000000.0	1288901980.0	1137953508.5	1337423651.4
1358000000.0	1289814874.9	1138662971.6	1338408643.3
1359000000.0	1290727717.8	1139372273.9	1339393634.8
1360000000.0	1291640508.7	1140081415.6	1340378625.8
1361000000.0	1292553247.6	1140790396.6	1341363616.3
1362000000.0	1293465934.5	1141499217.0	1342348606.3
1363000000.0	1294378569.5	1142207877.0	1343333595.9
1364000000.0	1295291152.4	1142916376.4	1344318585.0
1365000000.0	1296203683.4	1143624715.4	1345303573.6
1366000000.0	1297116162.4	1144332894.0	1346288561.7
1367000000.0	1298028589.5	1145040912.4	1347273549.3
1368000000.0	1298940964.6	1145748770.4	1348258536.5
1369000000.0	1299853287.8	1146456468.3	1349243523.2
1370000000.0	1300765559.0	1147164006.0	1350228509.4
1371000000.0	1301677778.2	1147871383.6	1351213495.2
1372000000.0	1302589945.6	1148578601.2	1352198480.4
1373000000.0	1303502060.9	1149285658.8	1353183465.2
1374000000.0	1304414124.4	1149992556.5	1354168449.5
1375000000.0	1305326135.9	1150699294.3	1355153433.4
1376000000.0	1306238095.5	1151405872.2	1356138416.7
1377000000.0	1307150003.2	1152112290.4	1357123399.6
1378000000.0	1308061859.0	1152818548.9	1358108382.0
1379000000.0	1308973662.8	1153524647.7	1359093363.9
1380000000.0	1309885414.8	1154230586.9	1360078345.4
1381000000.0	1310797114.9	1154936366.6	1361063326.3
1382000000.0	1311708763.0	1155641986.8	1362048306.8
1383000000.0	1312620359.3	1156347447.5	1363033286.8
1384000000.0	1313531903.7	1157052748.8	1364018266.4
1385000000.0	1314443396.2	1157757890.8	1365003245.4
1386000000.0	1315354836.8	1158462873.5	1365988224.0
1387000000.0	1316266225.6	1159167697.0	1366973202.1
1388000000.0	1317177562.4	1159872361.3	1367958179.8
1389000000.0	1318088847.5	1160576866.5	1368943156.9
1390000000.0	1319000080.6	1161281212.6	1369928133.6
1391000000.0	1319911261.9	1161985399.7	1370913109.8
1392000000.0	1320822391.4	1162689427.8	1371898085.5
1393000000.0	1321733469.0	1163393297.1	1372883060.8
1394000000.0	1322644494.7	1164097007.5	1373868035.5
1395000000.0	1323555468.7	1164800559.1	1374853009.8
1396000000.0	1324466390.7	1165503951.9	1375837983.6
1397000000.0	1325377261.0	1166207186.1	1376822957.0
1398000000.0	1326288079.4	1166910261.6	1377807929.8
1399000000.0	1327198846.1	1167613178.5	1378792902.2
1400000000.0	1328109560.9	1168315936.9	1379777874.1
1401000000.0	1329020223.8	1169018536.9	1380762845.5
1402000000.0	1329930835.0	1169720978.4	1381747816.5
1403000000.0	1330841394.4	1170423261.5	1382732787.0
1404000000.0	1331751902.0	1171125386.4	1383717757.0
1405000000.0	1332662357.8	1171827353.0	1384702726.5
1406000000.0	1333572761.8	1172529161.3	1385687695.6
1407000000.0	1334483114.0	1173230811.5	1386672664.1
1408000000.0	1335393414.4	1173932303.6	1387657632.2
1409000000.0	1336303663.1	1174633637.7	1388642599.8
1410000000.0	1337213860.0	1175334813.8	1389627567.0
1411000000.0	1338124005.1	1176035831.9	1390612533.6
1412000000.0	1339034098.4	1176736692.2	1391597499.8
1413000000.0	1339944140.0	1177437394.6	1392582465.5
1414000000.0	1340854129.9	1178137939.2	1393567430.8
1415000000.0	1341764068.0	1178838326.1	1394552395.5
1416000000.0	1342673954.3	1179538555.3	1395537359.8
1417000000.0	1343583788.9	1180238626.9	1396522323.6
1418000000.0	1344493571.8	1180938541.0	1397507286.9
1419000000.0	1345403302.9	1181638297.5	1398492249.8
1420000000.0	1346312982.3	1182337896.6	1399477212.2
1421000000.0	1347222610.0	1183037338.2	1400462174.1
1422000000.0	1348132186.0	1183736622.5	1401447135.5
1423000000.0	1349041710.3	1184435749.6	1402432096.4
1424000000.0	1349951182.8	1185134719.3	1403417056.9
1425000000.0	1350860603.6	1185833531.9	1404402016.9
1426000000.0	1351769972.8	1186532187.3	1405386976.4
1427000000.0	1352679290.2	1187230685.6	1406371935.5
1428000000.0	1353588556.0	1187929026.9	1407356894.0
1429000000.0	1354497770.1	1188627211.2	1408341852.1
1430000000.0	1355406932.4	1189325238.6	1409326809.7
1431000000.0	1356316043.1	1190023109.1	1410311766.9
1432000000.0	1357225102.2	1190720822.8	1411296723.5
1433000000.0	1358134109.5	1191418379.7	1412281679.7
1434000000.0	1359043065.2	1192115779.9	1413266635.4
1435000000.0	1359951969.3	1192813023.4	1414251590.6
1436000000.0	1360860821.6	1193510110.4	1415236545.4
1437000000.0	1361769622.4	1194207040.7	1416221499.7
1438000000.0	1362678371.4	1194903814.6	1417206453.5
1439000000.0	1363587068.9	1195600431.9	1418191406.8
1440000000.0	1364495714.7	1196296892.9	1419176359.6
1441000000.0	1365404308.8	1196993197.6	1420161312.0
1442000000.0	1366312851.3	1197689345.9	1421146263.9
1443000000.0	1367221342.2	1198385338.0	1422131215.3
1444000000.0	1368129781.5	1199081173.9	1423116166.3
1445000000.0	1369038169.2	1199776853.7	1424101116.7
1446000000.0	1369946505.2	1200472377.4	1425086066.7
1447000000.0	1370854789.7	1201167745.0	1426071016.3
1448000000.0	1371763022.5	1201862956.7	1427055965.3
1449000000.0	1372671203.8	1202558012.4	1428040913.9
1450000000.0	1373579333.4	1203252912.3	1429025861.9
1451000000.0	1374487411.5	1203947656.3	1430010809.6
1452000000.0	1375395437.9	1204642244.6	1430995756.7
1453000000.0	1376303412.8	1205336677.2	1431980703.3
1454000000.0	1377211336.1	1206030954.0	1432965649.5
1455000000.0	1378119207.9	1206725075.3	1433950595.2
1456000000.0	1379027028.0	1207419041.0	1434935540.5
1457000000.0	1379934796.6	1208112851.2	1435920485.2
1458000000.0	1380842513.7	1208806505.9	1436905429.5
1459000000.0	1381750179.2	1209500005.3	1437890373.3
1460000000.0	1382657793.1	1210193349.3	1438875316.6
1461000000.0	1383565355.5	1210886537.9	1439860259.5
1462000000.0	1384472866.4	1211579571.4	1440845201.9
1463000000.0	1385380325.7	1212272449.6	1441830143.8
1464000000.0	1386287733.5	1212965172.7	1442815085.2
1465000000.0	1387195089.7	1213657740.7	1443800026.1
1466000000.0	1388102394.4	1214350153.7	1444784966.6
1467000000.0	1389009647.6	1215042411.6	1445769906.6
1468000000.0	1389916849.3	1215734514.7	1446754846.1
1469000000.0	1390823999.5	1216426462.8	1447739785.2
1470000000.0	1391731098.2	1217118256.2	1448724723.7
1471000000.0	1392638145.3	1217809894.7	1449709661.8
1472000000.0	1393545141.0	1218501378.5	1450694599.4
1473000000.0	1394452085.2	1219192707.6	1451679536.6
1474000000.0	1395358977.9	1219883882.2	1452664473.2
1475000000.0	1396265819.1	1220574902.1	1453649409.4
1476000000.0	1397172608.8	1221265767.5	1454634345.1
1477000000.0	1398079347.0	1221956478.5	1455619280.4
1478000000.0	1398986033.8	1222647035.0	1456604215.1
1479000000.0	1399892669.1	1223337437.2	1457589149.4
1480000000.0	1400799253.0	1224027685.1	1458574083.2
1481000000.0	1401705785.4	1224717778.6	1459559016.6
1482000000.0	1402612266.3	1225407718.0	1460543949.4
1483000000.0	1403518695.8	1226097503.3	1461528881.8
1484000000.0	1404425073.8	1226787134.4	1462513813.7
1485000000.0	1405331400.4	1227476611.5	1463498745.2
1486000000.0	1406237675.6	1228165934.5	1464483676.1
1487000000.0	1407143899.3	1228855103.6	1465468606.6
1488000000.0	1408050071.6	1229544118.9	1466453536.6
1489000000.0	1408956192.4	1230232980.2	1467438466.1
1490000000.0	1409862261.9	1230921687.8	1468423395.2
1491000000.0	1410768279.9	1231610241.6	1469408323.8
1492000000.0	1411674246.6	1232298641.8	1470393251.9
1493000000.0	1412580161.8	1232986888.3	1471378179.5
1494000000.0	1413486025.6	1233674981.2	1472363106.6
1495000000.0	1414391838.0	1234362920.5	1473348033.3
1496000000.0	1415297599.1	1235050706.4	1474332959.5
1497000000.0	1416203308.7	1235738338.8	1475317885.2
1498000000.0	1417108967.0	1236425817.9	1476302810.5
1499000000.0	1418014573.8	1237113143.6	1477287735.3
1500000000.0	1418920129.4	1237800316.0	1478272659.6
1501000000.0	1419825633.5	1238487335.2	1479257583.4
1502000000.0	1420731086.3	1239174201.3	1480242506.7
1503000000.0	1421636487.7	1239860914.2	1481227429.6
1504000000.0	1422541837.7	1240547474.0	1482212352.0
1505000000.0	1423447136.4	1241233880.8	1483197273.9
1506000000.0	1424352383.7	1241920134.6	1484182195.4
1507000000.0	1425257579.7	1242606235.5	1485167116.4
1508000000.0	1426162724.4	1243292183.5	1486152036.8
1509000000.0	1427067817.7	1243977978.7	1487136956.9
1510000000.0	1427972859.7	1244663621.1	1488121876.4
1511000000.0	1428877850.4	1245349110.8	1489106795.5
1512000000.0	1429782789.7	1246034447.9	1490091714.1
1513000000.0	1430687677.7	1246719632.3	1491076632.2
1514000000.0	1431592514.4	1247404664.1	1492061549.8
1515000000.0	1432497299.8	1248089543.5	1493046467.0
1516000000.0	1433402033.9	1248774270.4	1494031383.7
1517000000.0	1434306716.7	1249458844.8	1495016299.9
1518000000.0	1435211348.2	1250143266.9	1496001215.7
1519000000.0	1436115928.4	1250827536.7	1496986130.9
1520000000.0	1437020457.3	1251511654.2	1497971045.7
1521000000.0	1437924935.0	1252195619.5	1498955960.0
1522000000.0	1438829361.3	1252879432.7	1499940873.9
1523000000.0	1439733736.4	1253563093.7	1500925787.2
1524000000.0	1440638060.2	1254246602.7	1501910700.1
1525000000.0	1441542332.7	1254929959.7	1502895612.5
1526000000.0	1442446554.0	1255613164.7	1503880524.5
1527000000.0	1443350724.0	1256296217.9	1504865436.0
1528000000.0	1444254842.8	1256979119.1	1505850346.9
1529000000.0	1445158910.3	1257661868.6	1506835257.5
1530000000.0	1446062926.6	1258344466.3	1507820167.5
1531000000.0	1446966891.7	1259026912.3	1508805077.1
1532000000.0	1447870805.5	1259709206.6	1509789986.1
1533000000.0	1448774668.0	1260391349.4	1510774894.8
1534000000.0	1449678479.4	1261073340.6	1511759802.9
1535000000.0	1450582239.5	1261755180.3	1512744710.6
1536000000.0	1451485948.4	1262436868.5	1513729617.8
1537000000.0	1452389606.1	1263118405.4	1514714524.5
1538000000.0	1453293212.6	1263799790.9	1515699430.7
1539000000.0	1454196767.8	1264481025.1	1516684336.5
1540000000.0	1455100271.9	1265162108.0	1517669241.8
1541000000.0	1456003724.8	1265843039.8	1518654146.6
1542000000.0	1456907126.5	1266523820.4	1519639050.9
1543000000.0	1457810477.0	1267204449.9	1520623954.8
1544000000.0	1458713776.3	1267884928.3	1521608858.2
1545000000.0	1459617024.4	1268565255.8	1522593761.1
1546000000.0	1460520221.4	1269245432.3	1523578663.5
1547000000.0	1461423367.2	1269925457.9	1524563565.5
1548000000.0	1462326461.8	1270605332.7	1525548467.0
1549000000.0	1463229505.3	1271285056.6	1526533368.0
1550000000.0	1464132497.6	1271964629.9	1527518268.5
1551000000.0	1465035438.7	1272644052.4	1528503168.6
1552000000.0	1465938328.7	1273323324.3	1529488068.2
1553000000.0	1466841167.6	1274002445.6	1530472967.3
1554000000.0	1467743955.3	1274681416.3	1531457865.9
1555000000.0	1468646691.9	1275360236.6	1532442764.1
1556000000.0	1469549377.4	1276038906.4	1533427661.8
1557000000.0	1470452011.7	1276717425.8	1534412559.0
1558000000.0	1471354594.9	1277395794.8	1535397455.7
1559000000.0	1472257127.0	1278074013.6	1536382352.0
1560000000.0	1473159608.0	1278752082.1	1537367247.8
1561000000.0	1474062037.8	1279430000.5	1538352143.1
1562000000.0	1474964416.6	1280107768.6	1539337037.9
1563000000.0	1475866744.3	1280785386.7	1540321932.3
1564000000.0	1476769020.8	1281462854.8	1541306826.2
1565000000.0	1477671246.3	1282140172.8	1542291719.6
1566000000.0	1478573420.7	1282817340.9	1543276612.6
1567000000.0	1479475544.0	1283494359.1	1544261505.0
1568000000.0	1480377616.2	1284171227.5	1545246397.0
1569000000.0	1481279637.4	1284847946.0	1546231288.5
1570000000.0	1482181607.4	1285524514.8	1547216179.6
1571000000.0	1483083526.5	1286200933.9	1548201070.1
1572000000.0	1483985394.4	1286877203.4	1549185960.2
1573000000.0	1484887211.3	1287553323.3	1550170849.9
1574000000.0	1485788977.1	1288229293.6	1551155739.0
1575000000.0	1486690691.9	1288905114.4	1552140627.7
1576000000.0	1487592355.7	1289580785.8	1553125515.9
1577000000.0	1488493968.4	1290256307.7	1554110403.6
1578000000.0	1489395530.1	1290931680.4	1555095290.8
1579000000.0	1490297040.7	1291606903.7	1556080177.6
1580000000.0	1491198500.3	1292281977.7	1557065063.9
1581000000.0	1492099908.9	1292956902.6	1558049949.7
1582000000.0	1493001266.5	1293631678.3	1559034835.0
1583000000.0	1493902573.1	1294306304.9	1560019719.9
1584000000.0	1494803828.6	1294980782.5	1561004604.3
1585000000.0	1495705033.2	1295655111.1	1561989488.2
1586000000.0	1496606186.7	1296329290.7	1562974371.7
1587000000.0	1497507289.3	1297003321.4	1563959254.7
1588000000.0	1498408340.8	1297677203.2	1564944137.2
1589000000.0	1499309341.4	1298350936.2	1565929019.2
1590000000.0	1500210291.0	1299024520.5	1566913900.7
1591000000.0	1501111189.6	1299697956.1	1567898781.8
1592000000.0	1502012037.2	1300371243.0	1568883662.4
1593000000.0	1502912833.9	1301044381.3	1569868542.5
1594000000.0	1503813579.6	1301717371.0	1570853422.2
1595000000.0	1504714274.3	1302390212.3	1571838301.4
1596000000.0	1505614918.1	1303062905.0	1572823180.1
1597000000.0	1506515510.9	1303735449.4	1573808058.3
1598000000.0	1507416052.8	1304407845.4	1574792936.0
1599000000.0	1508316543.8	1305080093.1	1575777813.3
1600000000.0	1509216983.8	1305752192.5	1576762690.1
1601000000.0	1510117372.8	1306424143.7	1577747566.4
1602000000.0	1511017710.9	1307095946.7	1578732442.3
1603000000.0	1511917998.1	1307767601.6	1579717317.7
1604000000.0	1512818234.4	1308439108.5	1580702192.6
1605000000.0	1513718419.8	1309110467.3	1581687067.0
1606000000.0	1514618554.2	1309781678.2	1582671941.0
1607000000.0	1515518637.8	1310452741.1	1583656814.5
1608000000.0	1516418670.4	1311123656.2	1584641687.5
1609000000.0	1517318652.1	1311794423.4	1585626560.0
1610000000.0	1518218582.9	1312465042.8	1586611432.1
1611000000.0	1519118462.9	1313135514.6	1587596303.6
1612000000.0	1520018291.9	1313805838.6	1588581174.8
1613000000.0	1520918070.1	1314476015.1	1589566045.4
1614000000.0	1521817797.4	1315146043.9	1590550915.6
1615000000.0	1522717473.8	1315815925.2	1591535785.2
1616000000.0	1523617099.3	1316485659.0	1592520654.5
1617000000.0	1524516674.0	1317155245.4	1593505523.2
1618000000.0	1525416197.8	1317824684.4	1594490391.5
1619000000.0	1526315670.8	1318493976.1	1595475259.3
1620000000.0	1527215092.9	1319163120.5	1596460126.6
1621000000.0	1528114464.1	1319832117.6	1597444993.4
1622000000.0	1529013784.5	1320500967.6	1598429859.8
1623000000.0	1529913054.1	1321169670.4	1599414725.7
1624000000.0	1530812272.8	1321838226.1	1600399591.1
1625000000.0	1531711440.7	1322506634.8	1601384456.0
1626000000.0	1532610557.8	1323174896.5	1602369320.5
1627000000.0	1533509624.1	1323843011.2	1603354184.5
1628000000.0	1534408639.5	1324510979.0	1604339048.0
1629000000.0	1535307604.1	1325178800.0	1605323911.1
1630000000.0	1536206517.9	1325846474.2	1606308773.6
1631000000.0	1537105380.9	1326514001.6	1607293635.7
1632000000.0	1538004193.1	1327181382.3	1608278497.4
1633000000.0	1538902954.5	1327848616.4	1609263358.5
1634000000.0	1539801665.1	1328515703.8	1610248219.2
1635000000.0	1540700324.9	1329182644.7	1611233079.4
1636000000.0	1541598933.9	1329849439.1	1612217939.1
1637000000.0	1542497492.2	1330516087.0	1613202798.4
1638000000.0	1543395999.7	1331182588.5	1614187657.2
1639000000.0	1544294456.4	1331848943.6	1615172515.5
1640000000.0	1545192862.3	1332515152.4	1616157373.3
1641000000.0	1546091217.5	1333181214.9	1617142230.7
1642000000.0	1546989521.9	1333847131.3	1618127087.5
1643000000.0	1547887775.5	1334512901.4	1619111943.9
1644000000.0	1548785978.5	1335178525.4	1620096799.9
1645000000.0	1549684130.6	1335844003.3	1621081655.3
1646000000.0	1550582232.0	1336509335.2	1622066510.3
1647000000.0	1551480282.7	1337174521.1	1623051364.8
1648000000.0	1552378282.7	1337839561.1	1624036218.9
1649000000.0	1553276231.9	1338504455.2	1625021072.4
1650000000.0	1554174130.4	1339169203.5	1626005925.5
1651000000.0	1555071978.2	1339833805.9	1626990778.2
1652000000.0	1555969775.2	1340498262.7	1627975630.3
1653000000.0	1556867521.6	1341162573.7	1628960482.0
1654000000.0	1557765217.2	1341826739.1	1629945333.2
1655000000.0	1558662862.2	1342490758.9	1630930183.9
1656000000.0	1559560456.4	1343154633.1	1631915034.1
1657000000.0	1560458000.0	1343818361.8	1632899883.9
1658000000.0	1561355492.8	1344481945.1	1633884733.2
1659000000.0	1562252935.0	1345145383.0	1634869582.0
1660000000.0	1563150326.5	1345808675.5	1635854430.4
1661000000.0	1564047667.3	1346471822.7	1636839278.3
1662000000.0	1564944957.5	1347134824.6	1637824125.7
1663000000.0	1565842196.9	1347797681.3	1638808972.6
1664000000.0	1566739385.8	1348460392.8	1639793819.0
1665000000.0	1567636523.9	1349122959.3	1640778665.0
1666000000.0	1568533611.4	1349785380.6	1641763510.5
1667000000.0	1569430648.2	1350447656.9	1642748355.6
1668000000.0	1570327634.4	1351109788.3	1643733200.1
1669000000.0	1571224570.0	1351771774.7	1644718044.2
1670000000.0	1572121454.9	1352433616.2	1645702887.8
1671000000.0	1573018289.2	1353095312.9	1646687731.0
1672000000.0	1573915072.9	1353756864.9	1647672573.6
1673000000.0	1574811805.9	1354418272.0	1648657415.8
1674000000.0	1575708488.3	1355079534.5	1649642257.5
1675000000.0	1576605120.1	1355740652.3	1650627098.8
1676000000.0	1577501701.3	1356401625.6	1651611939.5
1677000000.0	1578398231.8	1357062454.3	1652596779.8
1678000000.0	1579294711.8	1357723138.5	1653581619.6
1679000000.0	1580191141.2	1358383678.2	1654566459.0
1680000000.0	1581087519.9	1359044073.5	1655551297.9
1681000000.0	1581983848.1	1359704324.5	1656536136.3
1682000000.0	1582880125.7	1360364431.1	1657520974.2
1683000000.0	1583776352.7	1361024393.5	1658505811.6
1684000000.0	1584672529.1	1361684211.7	1659490648.6
1685000000.0	1585568655.0	1362343885.6	1660475485.1
1686000000.0	1586464730.3	1363003415.5	1661460321.1
1687000000.0	1587360755.0	1363662801.3	1662445156.7
1688000000.0	1588256729.2	1364322043.1	1663429991.8
1689000000.0	1589152652.8	1364981140.8	1664414826.4
1690000000.0	1590048525.8	1365640094.7	1665399660.5
1691000000.0	1590944348.3	1366298904.6	1666384494.2
1692000000.0	1591840120.3	1366957570.7	1667369327.4
1693000000.0	1592735841.7	1367616093.1	1668354160.1
1694000000.0	1593631512.6	1368274471.6	1669338992.3
1695000000.0	1594527132.9	1368932706.5	1670323824.1
1696000000.0	1595422702.8	1369590797.7	1671308655.4
1697000000.0	1596318222.1	1370248745.4	1672293486.2
1698000000.0	1597213690.8	1370906549.4	1673278316.6
1699000000.0	1598109109.1	1371564210.0	1674263146.4
1700000000.0	1599004476.9	1372221727.0	1675247975.8
1701000000.0	1599899794.1	1372879100.7	1676232804.7
1702000000.0	1600795060.9	1373536331.0	1677217633.2
1703000000.0	1601690277.1	1374193418.0	1678202461.2
1704000000.0	1602585442.9	1374850361.6	1679187288.7
1705000000.0	1603480558.2	1375507162.1	1680172115.7
1706000000.0	1604375623.0	1376163819.4	1681156942.3
1707000000.0	1605270637.3	1376820333.5	1682141768.3
1708000000.0	1606165601.1	1377476704.6	1683126594.0
1709000000.0	1607060514.5	1378132932.6	1684111419.1
1710000000.0	1607955377.4	1378789017.6	1685096080.6
1711000000.0	1608850189.8	1379444959.7	1686080656.8
1712000000.0	1609744951.8	1380100758.8	1687065232.2
1713000000.0	1610639663.3	1380756415.1	1688049806.9
1714000000.0	1611534324.4	1381411928.6	1689034380.8
1715000000.0	1612428935.0	1382067299.4	1690018954.0
1716000000.0	1613323495.2	1382722527.4	1691003526.3
1717000000.0	1614218005.0	1383377612.7	1691988097.9
1718000000.0	1615112464.3	1384032555.5	1692972668.7
1719000000.0	1616006873.2	1384687355.6	1693957238.8
1720000000.0	1616901231.6	1385342013.2	1694941808.1
1721000000.0	1617795539.7	1385996528.4	1695926376.6
1722000000.0	1618689797.3	1386650901.1	1696910944.3
1723000000.0	1619584004.5	1387305131.4	1697895511.3
1724000000.0	1620478161.3	1387959219.3	1698880077.5
1725000000.0	1621372267.7	1388613165.0	1699864642.9
1726000000.0	1622266323.8	1389266968.4	1700849207.6
1727000000.0	1623160329.4	1389920629.6	1701833771.5
1728000000.0	1624054284.6	1390574148.7	1702818334.6
1729000000.0	1624948189.4	1391227525.7	1703802896.9
1730000000.0	1625842043.9	1391880760.5	1704787458.5
1731000000.0	1626735848.0	1392533853.4	1705772019.3
1732000000.0	1627629601.7	1393186804.3	1706756579.3
1733000000.0	1628523305.0	1393839613.3	1707741138.6
1734000000.0	1629416958.0	1394492280.3	1708725697.1
1735000000.0	1630310560.6	1395144805.6	1709710254.8
1736000000.0	1631204112.8	1395797189.1	1710694811.7
1737000000.0	1632097614.8	1396449430.8	1711679367.9
1738000000.0	1632991066.3	1397101530.8	1712663923.3
1739000000.0	1633884467.5	1397753489.2	1713648477.9
1740000000.0	1634777818.4	1398405306.0	1714633031.8
1741000000.0	1635671118.9	1399056981.2	1715617584.9
1742000000.0	1636564369.1	1399708514.9	1716602137.2
1743000000.0	1637457569.0	1400359907.2	1717586688.8
1744000000.0	1638350718.6	1401011158.0	1718571239.6
1745000000.0	1639243817.8	1401662267.4	1719555789.6
1746000000.0	1640136866.8	1402313235.6	1720540338.8
1747000000.0	1641029865.4	1402964062.4	1721524887.3
1748000000.0	1641922813.7	1403614748.1	1722509435.0
1749000000.0	1642815711.7	1404265292.5	1723493981.9
1750000000.0	1643708559.4	1404915695.8	1724478528.1
1751000000.0	1644601356.9	1405565958.0	1725463073.4
1752000000.0	1645494104.0	1406216079.1	1726447618.1
1753000000.0	1646386800.8	1406866059.2	1727432161.9
1754000000.0	1647279447.4	1407515898.4	1728416705.0
1755000000.0	1648172043.7	1408165596.7	1729401247.3
1756000000.0	1649064589.7	1408815154.1	1730385788.8
1757000000.0	1649957085.5	1409464570.7	1731370329.6
1758000000.0	1650849531.0	1410113846.5	1732354869.6
1759000000.0	1651741926.3	1410762981.6	1733339408.8
1760000000.0	1652634271.2	1411411976.0	1734323947.3
1761000000.0	1653526566.0	1412060829.7	1735308484.9
1762000000.0	1654418810.5	1412709542.9	1736293021.8
1763000000.0	1655311004.7	1413358115.5	1737277558.0
1764000000.0	1656203148.7	1414006547.6	1738262093.3
1765000000.0	1657095242.5	1414654839.3	1739246627.9
1766000000.0	1657987286.1	1415302990.5	1740231161.8
1767000000.0	1658879279.4	1415951001.4	1741215694.8
1768000000.0	1659771222.5	1416598872.0	1742200227.1
1769000000.0	1660663115.4	1417246602.3	1743184758.6
1770000000.0	1661554958.1	1417894192.4	1744169289.4
1771000000.0	1662446750.6	1418541642.2	1745153819.4
1772000000.0	1663338492.8	1419188952.0	1746138348.6
1773000000.0	1664230184.9	1419836121.7	1747122877.0
1774000000.0	1665121826.8	1420483151.3	1748107404.7
1775000000.0	1666013418.5	1421130040.9	1749091931.5
1776000000.0	1666904960.0	1421776790.6	1750076457.7
1777000000.0	1667796451.3	1422423400.3	1751060983.0
1778000000.0	1668687892.4	1423069870.2	1752045507.6
1779000000.0	1669579283.4	1423716200.3	1753030031.4
1780000000.0	1670470624.2	1424362390.6	1754014554.5
1781000000.0	1671361914.8	1425008441.2	1754999076.7
1782000000.0	1672253155.3	1425654352.1	1755983598.2
1783000000.0	1673144345.6	1426300123.3	1756968119.0
1784000000.0	1674035485.8	1426945755.0	1757952638.9
1785000000.0	1674926575.8	1427591247.1	1758937158.1
1786000000.0	1675817615.7	1428236599.8	1759921676.5
1787000000.0	1676708605.4	1428881812.9	1760906194.2
1788000000.0	1677599545.0	1429526886.7	1761890711.0
1789000000.0	1678490434.5	1430171821.1	1762875227.1
1790000000.0	1679381273.8	1430816616.1	1763859742.5
1791000000.0	1680272063.1	1431461271.9	1764844257.0
1792000000.0	1681162802.2	1432105788.5	1765828770.8
1793000000.0	1682053491.1	1432750165.9	1766813283.9
1794000000.0	1682944130.0	1433394404.1	1767797796.1
1795000000.0	1683834718.8	1434038503.3	1768782307.6
1796000000.0	1684725257.5	1434682463.4	1769766818.3
1797000000.0	1685615746.0	1435326284.5	1770751328.3
1798000000.0	1686506184.5	1435969966.6	1771735837.4
1799000000.0	1687396572.9	1436613509.8	1772720345.8
1800000000.0	1688286911.2	1437256914.2	1773704853.5
1801000000.0	1689177199.4	1437900179.7	1774689360.3
1802000000.0	1690067437.6	1438543306.5	1775673866.4
1803000000.0	1690957625.7	1439186294.5	1776658371.7
1804000000.0	1691847763.7	1439829143.8	1777642876.3
1805000000.0	1692737851.6	1440471854.5	1778627380.1
1806000000.0	1693627889.5	1441114426.6	1779611883.1
1807000000.0	1694517877.4	1441756860.1	1780596385.3
1808000000.0	1695407815.2	1442399155.1	1781580886.8
1809000000.0	1696297702.9	1443041311.7	1782565387.5
1810000000.0	1697187540.6	1443683329.8	1783549887.4
1811000000.0	1698077328.2	1444325209.6	1784534386.6
1812000000.0	1698967065.9	1444966951.0	1785518885.0
1813000000.0	1699856753.5	1445608554.2	1786503382.6
1814000000.0	1700746391.0	1446250019.1	1787487879.4
1815000000.0	1701635978.6	1446891345.8	1788472375.5
1816000000.0	1702525516.1	1447532534.3	1789456870.8
1817000000.0	1703415003.6	1448173584.7	1790441365.4
1818000000.0	1704304441.2	1448814497.1	1791425859.1
1819000000.0	1705193828.7	1449455271.5	1792410352.1
1820000000.0	1706083166.2	1450095907.9	1793394844.3
1821000000.0	1706972453.7	1450736406.3	1794379335.8
1822000000.0	1707861691.2	1451376766.9	1795363826.5
1823000000.0	1708750878.7	1452016989.6	1796348316.4
1824000000.0	1709640016.3	1452657074.6	1797332805.6
1825000000.0	1710529103.9	1453297021.8	1798317293.9
1826000000.0	1711418141.5	1453936831.3	1799301781.5
1827000000.0	1712307129.1	1454576503.1	1800286268.4
1828000000.0	1713196066.7	1455216037.3	1801270754.4
1829000000.0	1714084954.4	1455855433.9	1802255239.7
1830000000.0	1714973792.2	1456494693.0	1803239724.3
1831000000.0	1715862580.0	1457133814.6	1804224208.0
1832000000.0	1716751317.8	1457772798.8	1805208691.0
1833000000.0	1717640005.7	1458411645.6	1806193173.2
1834000000.0	1718528643.7	1459050355.0	1807177654.6
1835000000.0	1719417231.7	1459688927.1	1808162135.3
1836000000.0	1720305769.8	1460327362.0	1809146615.2
1837000000.0	1721194257.9	1460965659.6	1810131094.4
1838000000.0	1722082696.1	1461603820.1	1811115572.7
1839000000.0	1722971084.5	1462241843.4	1812100050.3
1840000000.0	1723859422.9	1462879729.7	1813084527.1
1841000000.0	1724747711.3	1463517478.9	1814069003.2
1842000000.0	1725635949.9	1464155091.1	1815053478.5
1843000000.0	1726524138.6	1464792566.4	1816037953.0
1844000000.0	1727412277.4	1465429904.7	1817022426.7
1845000000.0	1728300366.2	1466067106.2	1818006899.7
1846000000.0	1729188405.2	1466704170.8	1818991371.9
1847000000.0	1730076394.3	1467341098.7	1819975843.3
1848000000.0	1730964333.6	1467977889.9	1820960314.0
1849000000.0	1731852222.9	1468614544.3	1821944783.9
1850000000.0	1732740062.4	1469251062.2	1822929253.0
1851000000.0	1733627852.0	1469887443.4	1823913721.4
1852000000.0	1734515591.7	1470523688.0	1824898188.9
1853000000.0	1735403281.6	1471159796.2	1825882655.8
1854000000.0	1736290921.6	1471795767.9	1826867121.8
1855000000.0	1737178511.8	1472431603.1	1827851587.1
1856000000.0	1738066052.1	1473067302.0	1828836051.6
1857000000.0	1738953542.6	1473702864.5	1829820515.3
1858000000.0	1739840983.2	1474338290.8	1830804978.3
1859000000.0	1740728374.0	1474973580.8	1831789440.5
1860000000.0	1741615715.0	1475608734.5	1832773901.9
1861000000.0	1742503006.1	1476243752.2	1833758362.5
1862000000.0	1743390247.4	1476878633.7	1834742822.4
1863000000.0	1744277438.9	1477513379.1	1835727281.5
1864000000.0	1745164580.6	1478147988.5	1836711739.9
1865000000.0	1746051672.5	1478782461.9	1837696197.4
1866000000.0	1746938714.5	1479416799.4	1838680654.2
1867000000.0	1747825706.8	1480051001.0	1839665110.3
1868000000.0	1748712649.3	1480685066.7	1840649565.5
1869000000.0	1749599542.0	1481318996.6	1841634020.0
1870000000.0	1750486384.8	1481952790.7	1842618473.7
1871000000.0	1751373177.9	1482586449.1	1843602926.7
1872000000.0	1752259921.3	1483219971.9	1844587378.9
1873000000.0	1753146614.8	1483853359.0	1845571830.3
1874000000.0	1754033258.6	1484486610.5	1846556280.9
1875000000.0	1754919852.6	1485119726.4	1847540730.8
1876000000.0	1755806396.8	1485752706.8	1848525179.9
1877000000.0	1756692891.3	1486385551.8	1849509628.2
1878000000.0	1757579336.0	1487018261.4	1850494075.8
1879000000.0	1758465730.9	1487650835.6	1851478522.6
1880000000.0	1759352076.2	1488283274.4	1852462968.6
1881000000.0	1760238371.6	1488915578.0	1853447413.9
1882000000.0	1761124617.4	1489547746.3	1854431858.3
1883000000.0	1762010813.4	1490179779.4	1855416302.1
1884000000.0	1762896959.7	1490811677.3	1856400745.0
1885000000.0	1763783056.2	1491443440.2	1857385187.2
1886000000.0	1764669103.0	1492075067.9	1858369628.6
1887000000.0	1765555100.1	1492706560.7	1859354069.2
1888000000.0	1766441047.5	1493337918.4	1860338509.1
1889000000.0	1767326945.2	1493969141.2	1861322948.2
1890000000.0	1768212793.2	1494600229.1	1862307386.5
1891000000.0	1769098591.4	1495231182.2	1863291824.0
1892000000.0	1769984340.0	1495862000.4	1864276260.8
1893000000.0	1770870038.9	1496492683.9	1865260696.8
1894000000.0	1771755688.1	1497123232.6	1866245132.1
1895000000.0	1772641287.6	1497753646.7	1867229566.6
1896000000.0	1773526837.4	1498383926.1	1868214000.3
1897000000.0	1774412337.6	1499014070.9	1869198433.2
1898000000.0	1775297788.0	1499644081.1	1870182865.4
1899000000.0	1776183188.9	1500273956.9	1871167296.8
1900000000.0	1777068540.0	1500903698.2	1872151727.4
1901000000.0	1777953841.5	1501533305.0	1873136157.2
1902000000.0	1778839093.3	1502162777.5	1874120586.3
1903000000.0	1779724295.5	1502792115.7	1875105014.6
1904000000.0	1780609448.0	1503421319.5	1876089442.2
1905000000.0	1781494550.9	1504050389.1	1877073869.0
1906000000.0	1782379604.2	1504679324.5	1878058295.0
1907000000.0	1783264607.8	1505308125.7	1879042720.2
1908000000.0	1784149561.8	1505936792.8	1880027144.7
1909000000.0	1785034466.1	1506565325.8	1881011568.4
1910000000.0	1785919320.9	1507193724.8	1881995991.3
1911000000.0	1786804126.0	1507821989.7	1882980413.5
1912000000.0	1787688881.5	1508450120.8	1883964834.8
1913000000.0	1788573587.4	1509078117.9	1884949255.5
1914000000.0	1789458243.7	1509705981.1	1885933675.3
1915000000.0	1790342850.4	1510333710.5	1886918094.4
1916000000.0	1791227407.5	1510961306.2	1887902512.7
1917000000.0	1792111915.0	1511588768.1	1888886930.2
1918000000.0	1792996372.9	1512216096.3	1889871347.0
1919000000.0	1793880781.2	1512843290.9	1890855763.0
1920000000.0	1794765140.0	1513470351.8	1891840178.2
1921000000.0	1795649449.1	1514097279.2	1892824592.7
1922000000.0	1796533708.7	1514724073.0	1893809006.4
1923000000.0	1797417918.8	1515350733.4	1894793419.3
1924000000.0	1798302079.2	1515977260.3	1895777831.5
1925000000.0	1799186190.1	1516603653.9	1896762242.8
1926000000.0	1800070251.5	1517229914.1	1897746653.5
1927000000.0	1800954263.3	1517856040.9	1898731063.3
1928000000.0	1801838225.6	1518482034.5	1899715472.4
1929000000.0	1802722138.3	1519107894.9	1900699880.7
1930000000.0	1803606001.4	1519733622.1	1901684288.2
1931000000.0	1804489815.1	1520359216.2	1902668695.0
1932000000.0	1805373579.2	1520984677.1	1903653101.0
1933000000.0	1806257293.8	1521610005.0	1904637506.2
1934000000.0	1807140958.8	1522235199.9	1905621910.6
1935000000.0	1808024574.4	1522860261.8	1906606314.3
1936000000.0	1808908140.4	1523485190.8	1907590717.2
1937000000.0	1809791656.9	1524109986.9	1908575119.4
1938000000.0	1810675123.9	1524734650.1	1909559520.8
1939000000.0	1811558541.4	1525359180.6	1910543921.4
1940000000.0	1812441909.5	1525983578.3	1911528321.2
1941000000.0	1813325228.0	1526607843.2	1912512720.3
1942000000.0	1814208497.0	1527231975.5	1913497118.6
1943000000.0	1815091716.6	1527855975.2	1914481516.1
1944000000.0	1815974886.6	1528479842.3	1915465912.9
1945000000.0	1816858007.2	1529103576.8	1916450308.9
1946000000.0	1817741078.4	1529727178.8	1917434704.1
1947000000.0	1818624100.0	1530350648.4	1918419098.5
1948000000.0	1819507072.2	1530973985.5	1919403492.2
1949000000.0	1820389994.9	1531597190.3	1920387885.1
1950000000.0	1821272868.2	1532220262.7	1921372277.3
1951000000.0	1822155692.0	1532843202.8	1922356668.6
1952000000.0	1823038466.4	1533466010.7	1923341059.2
1953000000.0	1823921191.3	1534088686.4	1924325449.1
1954000000.0	1824803866.8	1534711229.9	1925309838.1
1955000000.0	1825686492.9	1535333641.2	1926294226.4
1956000000.0	1826569069.5	1535955920.5	1927278613.9
1957000000.0	1827451596.7	1536578067.8	1928263000.7
1958000000.0	1828334074.5	1537200083.0	1929247386.7
1959000000.0	1829216502.9	1537821966.3	1930231771.9
1960000000.0	1830098881.8	1538443717.7	1931216156.3
1961000000.0	1830981211.4	1539065337.1	1932200540.0
1962000000.0	1831863491.5	1539686824.8	1933184922.9
1963000000.0	1832745722.2	1540308180.7	1934169305.1
1964000000.0	1833627903.6	1540929404.8	1935153686.4
1965000000.0	1834510035.5	1541550497.2	1936138067.0
1966000000.0	1835392118.1	1542171458.0	1937122446.9
1967000000.0	1836274151.2	1542792287.1	1938106825.9
1968000000.0	1837156135.0	1543412984.7	1939091204.2
1969000000.0	1838038069.4	1544033550.7	1940075581.7
1970000000.0	1838919954.5	1544653985.2	1941059958.5
1971000000.0	1839801790.2	1545274288.2	1942044334.5
1972000000.0	1840683576.5	1545894459.9	1943028709.7
1973000000.0	1841565313.4	1546514500.2	1944013084.1
1974000000.0	1842447001.0	1547134409.1	1944997457.8
1975000000.0	1843328639.3	1547754186.8	1945981830.7
1976000000.0	1844210228.1	1548373833.2	1946966202.8
1977000000.0	1845091767.7	1548993348.4	1947950574.2
1978000000.0	1845973257.9	1549612732.4	1948934944.8
1979000000.0	1846854698.8	1550231985.3	1949919314.6
1980000000.0	1847736090.3	1550851107.2	1950903683.7
1981000000.0	1848617432.5	1551470098.0	1951888052.0
1982000000.0	1849498725.4	1552088957.8	1952872419.5
1983000000.0	1850379969.0	1552707686.6	1953856786.2
1984000000.0	1851261163.3	1553326284.6	1954841152.2
1985000000.0	1852142308.2	1553944751.6	1955825517.4
1986000000.0	1853023403.9	1554563087.9	1956809881.9
1987000000.0	1853904450.2	1555181293.3	1957794245.5
1988000000.0	1854785447.3	1555799368.0	1958778608.4
1989000000.0	1855666395.0	1556417312.0	1959762970.6
1990000000.0	1856547293.5	1557035125.3	1960747331.9
1991000000.0	1857428142.7	1557652808.0	1961731692.5
1992000000.0	1858308942.6	1558270360.1	1962716052.3
1993000000.0	1859189693.2	1558887781.7	1963700411.4
1994000000.0	1860070394.5	1559505072.8	1964684769.7
1995000000.0	1860951046.6	1560122233.4	1965669127.2
1996000000.0	1861831649.4	1560739263.6	1966653483.9
1997000000.0	1862712203.0	1561356163.5	1967637839.9
1998000000.0	1863592707.3	1561972933.0	1968622195.1
1999000000.0	1864473162.3	1562589572.2	1969606549.6
2000000000.0	1865353568.1	1563206081.2	1970590903.2
2001000000.0	1866233924.7	1563822459.9	1971575256.1
2002000000.0	1867114232.0	1564438708.5	1972559608.3
2003000000.0	1867994490.1	1565054826.9	1973543959.6
2004000000.0	1868874698.9	1565670815.3	1974528310.2
2005000000.0	1869754858.6	1566286673.6	1975512660.0
2006000000.0	1870634968.9	1566902402.0	1976497009.1
2007000000.0	1871515030.1	1567518000.3	1977481357.4
2008000000.0	1872395042.1	1568133468.8	1978465704.9
2009000000.0	1873275004.8	1568748807.3	1979450051.6
2010000000.0	1874154918.4	1569364016.0	1980434397.6
2011000000.0	1875034782.7	1569979095.0	1981418742.8
2012000000.0	1875914597.9	1570594044.1	1982403087.3
2013000000.0	1876794363.8	1571208863.6	1983387430.9
2014000000.0	1877674080.6	1571823553.4	1984371773.8
2015000000.0	1878553748.1	1572438113.5	1985356116.0
2016000000.0	1879433366.5	1573052544.1	1986340457.3
2017000000.0	1880312935.8	1573666845.1	1987324797.9
2018000000.0	1881192455.8	1574281016.5	1988309137.7
2019000000.0	1882071926.7	1574895058.6	1989293476.8
2020000000.0	1882951348.4	1575508971.2	1990277815.1
2021000000.0	1883830720.9	1576122754.4	1991262152.6
2022000000.0	1884710044.3	1576736408.2	1992246489.3
2023000000.0	1885589318.5	1577349932.8	1993230825.3
2024000000.0	1886468543.6	1577963328.1	1994215160.5
2025000000.0	1887347719.5	1578576594.1	1995199494.9
2026000000.0	1888226846.3	1579189731.0	1996183828.6
2027000000.0	1889105924.0	1579802738.7	1997168161.5
2028000000.0	1889984952.5	1580415617.4	1998152493.6
2029000000.0	1890863931.9	1581028367.0	1999136825.0
2030000000.0	1891742862.2	1581640987.5	2000121155.6
2031000000.0	1892621743.4	1582253479.1	2001105485.4
2032000000.0	1893500575.4	1582865841.7	2002089814.5
2033000000.0	1894379358.3	1583478075.5	2003074142.7
2034000000.0	1895258092.2	1584090180.3	2004058470.3
2035000000.0	1896136776.9	1584702156.4	2005042797.0
2036000000.0	1897015412.5	1585314003.7	2006027123.0
2037000000.0	1897893999.0	1585925722.3	2007011448.2
2038000000.0	1898772536.4	1586537312.1	2007995772.6
2039000000.0	1899651024.8	1587148773.3	2008980096.3
2040000000.0	1900529464.0	1587760105.9	2009964419.2
2041000000.0	1901407854.2	1588371309.9	2010948741.3
2042000000.0	1902286195.3	1588982385.4	2011933062.7
2043000000.0	1903164487.4	1589593332.4	2012917383.3
2044000000.0	1904042730.3	1590204151.0	2013901703.1
2045000000.0	1904920924.2	1590814841.1	2014886022.1
2046000000.0	1905799069.1	1591425402.9	2015870340.4
2047000000.0	1906677164.9	1592035836.3	2016854657.9
2048000000.0	1907555211.6	1592646141.5	2017838974.7
2049000000.0	1908433209.3	1593256318.4	2018823290.7
2050000000.0	1909311158.0	1593866367.1	2019807605.9
2051000000.0	1910189057.6	1594476287.6	2020791920.3
2052000000.0	1911066908.2	1595086080.0	2021776234.0
2053000000.0	1911944709.7	1595695744.3	2022760546.9
2054000000.0	1912822462.3	1596305280.5	2023744859.0
2055000000.0	1913700165.8	1596914688.8	2024729170.4
2056000000.0	1914577820.3	1597523969.1	2025713481.0
2057000000.0	1915455425.7	1598133121.5	2026697790.8
2058000000.0	1916332982.2	1598742145.9	2027682099.8
2059000000.0	1917210489.7	1599351042.6	2028666408.1
2060000000.0	1918087948.1	1599959811.4	2029650715.6
2061000000.0	1918965357.6	1600568452.5	2030635022.4
2062000000.0	1919842718.1	1601176965.8	2031619328.4
2063000000.0	1920720029.6	1601785351.5	2032603633.6
2064000000.0	1921597292.1	1602393609.5	2033587938.0
2065000000.0	1922474505.6	1603001739.9	2034572241.7
2066000000.0	1923351670.1	1603609742.7	2035556544.6
2067000000.0	1924228785.7	1604217618.1	2036540846.7
2068000000.0	1925105852.3	1604825365.9	2037525148.1
2069000000.0	1925982869.9	1605432986.3	2038509448.7
2070000000.0	1926859838.6	1606040479.3	2039493748.5
2071000000.0	1927736758.3	1606647844.9	2040478047.6
2072000000.0	1928613629.1	1607255083.2	2041462345.8
2073000000.0	1929490450.9	1607862194.3	2042446643.4
2074000000.0	1930367223.8	1608469178.0	2043430940.1
2075000000.0	1931243947.8	1609076034.6	2044415236.1
2076000000.0	1932120622.8	1609682764.0	2045399531.3
2077000000.0	1932997248.8	1610289366.3	2046383825.8
2078000000.0	1933873826.0	1610895841.5	2047368119.4
2079000000.0	1934750354.2	1611502189.7	2048352412.3
2080000000.0	1935626833.5	1612108410.9	2049336704.5
2081000000.0	1936503263.9	1612714505.1	2050320995.8
2082000000.0	1937379645.4	1613320472.3	2051305286.4
2083000000.0	1938255978.0	1613926312.7	2052289576.3
2084000000.0	1939132261.7	1614532026.3	2053273865.3
2085000000.0	1940008496.4	1615137613.0	2054258153.6
2086000000.0	1940884682.3	1615743073.0	2055242441.1
2087000000.0	1941760819.3	1616348406.3	2056226727.9
2088000000.0	1942636907.4	1616953612.9	2057211013.9
2089000000.0	1943512946.6	1617558692.8	2058195299.1
2090000000.0	1944388937.0	1618163646.1	2059179583.5
2091000000.0	1945264878.4	1618768472.9	2060163867.2
2092000000.0	1946140771.0	1619373173.1	2061148150.1
2093000000.0	1947016614.8	1619977746.9	2062132432.2
2094000000.0	1947892409.7	1620582194.2	2063116713.6
2095000000.0	1948768155.7	1621186515.1	2064100994.2
2096000000.0	1949643852.8	1621790709.6	2065085274.0
2097000000.0	1950519501.1	1622394777.8	2066069553.1
2098000000.0	1951395100.6	1622998719.7	2067053831.4
2099000000.0	1952270651.2	1623602535.4	2068038108.9
2100000000.0	1953146153.0	1624206224.8	2069022385.7
2101000000.0	1954021606.0	1624809788.1	2070006661.7
2102000000.0	1954897010.1	1625413225.3	2070990936.9
2103000000.0	1955772365.4	1626016536.4	2071975211.3
2104000000.0	1956647671.9	1626619721.4	2072959485.0
2105000000.0	1957522929.6	1627222780.4	2073943757.9
2106000000.0	1958398138.4	1627825713.5	2074928030.1
2107000000.0	1959273298.5	1628428520.6	2075912301.4
2108000000.0	1960148409.7	1629031201.8	2076896572.0
2109000000.0	1961023472.2	1629633757.2	2077880841.9
2110000000.0	1961898485.8	1630236186.7	2078865110.9
2111000000.0	1962773450.7	1630838490.5	2079849379.2
2112000000.0	1963648366.7	1631440668.6	2080833646.8
2113000000.0	1964523234.0	1632042720.9	2081817913.5
2114000000.0	1965398052.5	1632644647.6	2082802179.5
2115000000.0	1966272822.2	1633246448.7	2083786444.7
2116000000.0	1967147543.2	1633848124.2	2084770709.2
2117000000.0	1968022215.4	1634449674.2	2085754972.9
2118000000.0	1968896838.8	1635051098.6	2086739235.8
2119000000.0	1969771413.5	1635652397.6	2087723497.9
2120000000.0	1970645939.4	1636253571.2	2088707759.3
2121000000.0	1971520416.5	1636854619.4	2089692019.9
2122000000.0	1972394844.9	1637455542.3	2090676279.8
2123000000.0	1973269224.6	1638056339.9	2091660538.8
2124000000.0	1974143555.5	1638657012.2	2092644797.1
2125000000.0	1975017837.7	1639257559.2	2093629054.7
2126000000.0	1975892071.2	1639857981.1	2094613311.4
2127000000.0	1976766255.9	1640458277.9	2095597567.4
2128000000.0	1977640392.0	1641058449.5	2096581822.7
2129000000.0	1978514479.3	1641658496.1	2097566077.1
2130000000.0	1979388517.8	1642258417.7	2098550330.8
2131000000.0	1980262507.7	1642858214.2	2099534583.7
2132000000.0	1981136448.9	1643457885.8	2100518835.9
2133000000.0	1982010341.3	1644057432.5	2101503087.3
2134000000.0	1982884185.1	1644656854.4	2102487337.9
2135000000.0	1983757980.2	1645256151.3	2103471587.7
2136000000.0	1984631726.5	1645855323.5	2104455836.8
2137000000.0	1985505424.2	1646454371.0	2105440085.1
2138000000.0	1986379073.2	1647053293.7	2106424332.6
2139000000.0	1987252673.6	1647652091.8	2107408579.4
2140000000.0	1988126225.2	1648250765.2	2108392825.4
2141000000.0	1988999728.2	1648849314.0	2109377070.6
2142000000.0	1989873182.6	1649447738.3	2110361315.1
2143000000.0	1990746588.2	1650046038.0	2111345558.8
2144000000.0	1991619945.2	1650644213.3	2112329801.7
2145000000.0	1992493253.6	1651242264.1	2113314043.9
2146000000.0	1993366513.3	1651840190.5	2114298285.3
2147000000.0	1994239724.3	1652437992.5	2115282525.9
2148000000.0	1995112886.7	1653035670.2	2116266765.7
2149000000.0	1995986000.5	1653633223.6	2117251004.8
2150000000.0	1996859065.7	1654230652.8	2118235243.1
2151000000.0	1997732082.2	1654827957.8	2119219480.7
2152000000.0	1998605050.1	1655425138.6	2120203717.4
2153000000.0	1999477969.3	1656022195.2	2121187953.5
2154000000.0	2000350840.0	1656619127.8	2122172188.7
2155000000.0	2001223662.0	1657215936.3	2123156423.2
2156000000.0	2002096435.5	1657812620.8	2124140656.9
2157000000.0	2002969160.3	1658409181.3	2125124889.8
2158000000.0	2003841836.5	1659005617.9	2126109122.0
2159000000.0	2004714464.2	1659601930.6	2127093353.4
2160000000.0	2005587043.2	1660198119.4	2128077584.0
2161000000.0	2006459573.6	1660794184.4	2129061813.8
2162000000.0	2007332055.5	1661390125.6	2130046042.9
2163000000.0	2008204488.8	1661985943.0	2131030271.2
2164000000.0	2009076873.5	1662581636.8	2132014498.8
2165000000.0	2009949209.6	1663177206.8	2132998725.6
2166000000.0	2010821497.2	1663772653.3	2133982951.6
2167000000.0	2011693736.2	1664367976.1	2134967176.8
2168000000.0	2012565926.7	1664963175.4	2135951401.3
2169000000.0	2013438068.5	1665558251.2	2136935625.0
2170000000.0	2014310161.9	1666153203.5	2137919848.0
2171000000.0	2015182206.7	1666748032.4	2138904070.1
2172000000.0	2016054202.9	1667342737.8	2139888291.5
2173000000.0	2016926150.6	1667937320.0	2140872512.2
2174000000.0	2017798049.8	1668531778.7	2141856732.0
2175000000.0	2018669900.4	1669126114.2	2142840951.1
2176000000.0	2019541702.5	1669720326.5	2143825169.4
2177000000.0	2020413456.1	1670314415.5	2144809387.0
2178000000.0	2021285161.2	1670908381.4	2145793603.8
2179000000.0	2022156817.7	1671502224.1	2146777819.8
2180000000.0	2023028425.8	1672095943.8	2147762035.1
2181000000.0	2023899985.3	1672689540.4	2148746249.5
2182000000.0	2024771496.3	1673283013.9	2149730463.3
2183000000.0	2025642958.9	1673876364.5	2150714676.2
2184000000.0	2026514372.9	1674469592.2	2151698888.4
2185000000.0	2027385738.4	1675062696.9	2152683099.8
2186000000.0	2028257055.5	1675655678.8	2153667310.4
2187000000.0	2029128324.1	1676248537.9	2154651520.3
2188000000.0	2029999544.2	1676841274.1	2155635729.4
2189000000.0	2030870715.8	1677433887.7	2156619937.7
2190000000.0	2031741838.9	1678026378.5	2157604145.3
2191000000.0	2032612913.6	1678618746.6	2158588352.1
2192000000.0	2033483939.8	1679210992.1	2159572558.1
2193000000.0	2034354917.6	1679803115.0	2160556763.4
2194000000.0	2035225846.9	1680395115.3	2161540967.9
2195000000.0	2036096727.8	1680986993.2	2162525171.6
2196000000.0	2036967560.2	1681578748.5	2163509374.5
2197000000.0	2037838344.1	1682170381.4	2164493576.7
2198000000.0	2038709079.7	1682761891.9	2165477778.2
2199000000.0	2039579766.8	1683353280.0	2166461978.8
2200000000.0	2040450405.4	1683944545.8	2167446178.7
2201000000.0	2041320995.7	1684535689.3	2168430377.8
2202000000.0	2042191537.5	1685126710.5	2169414576.1
2203000000.0	2043062030.9	1685717609.6	2170398773.7
2204000000.0	2043932475.8	1686308386.4	2171382970.5
2205000000.0	2044802872.4	1686899041.1	2172367166.5
2206000000.0	2045673220.6	1687489573.7	2173351361.8
2207000000.0	2046543520.3	1688079984.2	2174335556.3
2208000000.0	2047413771.7	1688670272.7	2175319750.0
2209000000.0	2048283974.7	1689260439.3	2176303943.0
2210000000.0	2049154129.3	1689850483.8	2177288135.2
2211000000.0	2050024235.4	1690440406.5	2178272326.6
2212000000.0	2050894293.3	1691030207.2	2179256517.3
2213000000.0	2051764302.7	1691619886.2	2180240707.2
2214000000.0	2052634263.8	1692209443.3	2181224896.3
2215000000.0	2053504176.4	1692798878.7	2182209084.6
2216000000.0	2054374040.8	1693388192.3	2183193272.2
2217000000.0	2055243856.7	1693977384.3	2184177459.0
2218000000.0	2056113624.3	1694566454.6	2185161645.1
2219000000.0	2056983343.6	1695155403.3	2186145830.3
2220000000.0	2057853014.5	1695744230.4	2187130014.9
2221000000.0	2058722637.0	1696332936.0	2188114198.6
2222000000.0	2059592211.3	1696921520.1	2189098381.6
2223000000.0	2060461737.1	1697509982.7	2190082563.8
2224000000.0	2061331214.7	1698098323.9	2191066745.2
2225000000.0	2062200643.9	1698686543.7	2192050925.9
2226000000.0	2063070024.8	1699274642.1	2193035105.8
2227000000.0	2063939357.4	1699862619.3	2194019284.9
2228000000.0	2064808641.6	1700450475.2	2195003463.3
2229000000.0	2065677877.5	1701038209.8	2195987640.8
2230000000.0	2066547065.2	1701625823.2	2196971817.7
2231000000.0	2067416204.5	1702213315.5	2197955993.7
2232000000.0	2068285295.5	1702800686.7	2198940169.0
2233000000.0	2069154338.2	1703387936.7	2199924343.5
2234000000.0	2070023332.7	1703975065.7	2200908517.3
2235000000.0	2070892278.8	1704562073.8	2201892690.2
2236000000.0	2071761176.7	1705148960.8	2202876862.5
2237000000.0	2072630026.2	1705735726.9	2203861033.9
2238000000.0	2073498827.5	1706322372.1	2204845204.6
2239000000.0	2074367580.5	1706908896.4	2205829374.5
2240000000.0	2075236285.3	1707495299.9	2206813543.6
2241000000.0	2076104941.8	1708081582.6	2207797712.0
2242000000.0	2076973550.0	1708667744.6	2208781879.6
2243000000.0	2077842110.0	1709253785.9	2209766046.4
2244000000.0	2078710621.7	1709839706.4	2210750212.5
2245000000.0	2079579085.2	1710425506.4	2211734377.8
2246000000.0	2080447500.4	1711011185.7	2212718542.3
2247000000.0	2081315867.4	1711596744.5	2213702706.1
2248000000.0	2082184186.1	1712182182.8	2214686869.1
2249000000.0	2083052456.6	1712767500.5	2215671031.3
2250000000.0	2083920678.9	1713352697.8	2216655192.7
2251000000.0	2084788853.0	1713937774.7	2217639353.4
2252000000.0	2085656978.8	1714522731.3	2218623513.3
2253000000.0	2086525056.5	1715107567.4	2219607672.5
2254000000.0	2087393085.9	1715692283.3	2220591830.9
2255000000.0	2088261067.1	1716276878.9	2221575988.5
2256000000.0	2089129000.1	1716861354.3	2222560145.3
2257000000.0	2089996884.9	1717445709.5	2223544301.4
2258000000.0	2090864721.5	1718029944.5	2224528456.7
2259000000.0	2091732509.9	1718614059.4	2225512611.2
2260000000.0	2092600250.1	1719198054.3	2226496765.0
2261000000.0	2093467942.1	1719781929.1	2227480918.0
2262000000.0	2094335586.0	1720365683.8	2228465070.2
2263000000.0	2095203181.6	1720949318.7	2229449221.7
2264000000.0	2096070729.1	1721532833.5	2230433372.4
2265000000.0	2096938228.5	1722116228.5	2231417522.3
2266000000.0	2097805679.6	1722699503.6	2232401671.5
2267000000.0	2098673082.6	1723282658.9	2233385819.9
2268000000.0	2099540437.5	1723865694.5	2234369967.5
2269000000.0	2100407744.2	1724448610.2	2235354114.3
2270000000.0	2101275002.8	1725031406.3	2236338260.4
2271000000.0	2102142213.2	1725614082.7	2237322405.7
2272000000.0	2103009375.4	1726196639.4	2238306550.3
2273000000.0	2103876489.6	1726779076.6	2239290694.1
2274000000.0	2104743555.5	1727361394.2	2240274837.1
2275000000.0	2105610573.4	1727943592.2	2241258979.3
2276000000.0	2106477543.2	1728525670.8	2242243120.8
2277000000.0	2107344464.8	1729107629.9	2243227261.5
2278000000.0	2108211338.3	1729689469.6	2244211401.4
2279000000.0	2109078163.7	1730271189.9	2245195540.6
2280000000.0	2109944941.0	1730852790.9	2246179679.0
2281000000.0	2110811670.1	1731434272.6	2247163816.6
2282000000.0	2111678351.2	1732015635.0	2248147953.5
2283000000.0	2112544984.2	1732596878.1	2249132089.6
2284000000.0	2113411569.1	1733178002.1	2250116224.9
2285000000.0	2114278105.9	1733759006.9	2251100359.5
2286000000.0	2115144594.6	1734339892.6	2252084493.3
2287000000.0	2116011035.3	1734920659.2	2253068626.3
2288000000.0	2116877427.8	1735501306.7	2254052758.6
2289000000.0	2117743772.3	1736081835.3	2255036890.0
2290000000.0	2118610068.7	1736662244.8	2256021020.8
2291000000.0	2119476317.1	1737242535.5	2257005150.7
2292000000.0	2120342517.4	1737822707.2	2257989279.9
2293000000.0	2121208669.6	1738402760.0	2258973408.3
2294000000.0	2122074773.8	1738982694.0	2259957536.0
2295000000.0	2122940830.0	1739562509.3	2260941662.8
2296000000.0	2123806838.1	1740142205.7	2261925788.9
2297000000.0	2124672798.1	1740721783.5	2262909914.3
2298000000.0	2125538710.1	1741301242.6	2263894038.8
2299000000.0	2126404574.1	1741880583.0	2264878162.7
2300000000.0	2127270390.1	1742459804.8	2265862285.7
2301000000.0	2128136158.0	1743038908.0	2266846408.0
2302000000.0	2129001877.9	1743617892.7	2267830529.5
2303000000.0	2129867549.8	1744196758.9	2268814650.2
2304000000.0	2130733173.7	1744775506.6	2269798770.1
2305000000.0	2131598749.6	1745354135.9	2270782889.3
2306000000.0	2132464277.4	1745932646.8	2271767007.8
2307000000.0	2133329757.3	1746511039.4	2272751125.4
2308000000.0	2134195189.2	1747089313.6	2273735242.3
2309000000.0	2135060573.1	1747667469.5	2274719358.4
2310000000.0	2135925908.9	1748245507.2	2275703473.8
2311000000.0	2136791196.8	1748823426.7	2276687588.4
2312000000.0	2137656436.8	1749401228.0	2277671702.2
2313000000.0	2138521628.7	1749978911.2	2278655815.2
2314000000.0	2139386772.7	1750556476.2	2279639927.5
2315000000.0	2140251868.7	1751133923.2	2280624039.0
2316000000.0	2141116916.8	1751711252.2	2281608149.8
2317000000.0	2141981916.8	1752288463.2	2282592259.7
2318000000.0	2142846869.0	1752865556.2	2283576368.9
2319000000.0	2143711773.1	1753442531.3	2284560477.4
2320000000.0	2144576629.4	1754019388.5	2285544585.0
2321000000.0	2145441437.7	1754596127.9	2286528691.9
2322000000.0	2146306198.0	1755172749.4	2287512798.1
2323000000.0	2147170910.4	1755749253.2	2288496903.4
2324000000.0	2148035574.9	1756325639.2	2289481008.0
2325000000.0	2148900191.4	1756901907.6	2290465111.9
2326000000.0	2149764760.0	1757478058.2	2291449214.9
2327000000.0	2150629280.7	1758054091.2	2292433317.2
2328000000.0	2151493753.5	1758630006.7	2293417418.7
2329000000.0	2152358178.4	1759205804.5	2294401519.5
2330000000.0	2153222555.3	1759781484.9	2295385619.5
2331000000.0	2154086884.4	1760357047.7	2296369718.7
2332000000.0	2154951165.5	1760932493.1	2297353817.2
2333000000.0	2155815398.8	1761507821.1	2298337914.8
2334000000.0	2156679584.2	1762083031.7	2299322011.7
2335000000.0	2157543721.6	1762658125.0	2300306107.9
2336000000.0	2158407811.2	1763233100.9	2301290203.3
2337000000.0	2159271852.9	1763807959.6	2302274297.9
2338000000.0	2160135846.8	1764382701.0	2303258391.7
2339000000.0	2160999792.7	1764957325.2	2304242484.8
2340000000.0	2161863690.8	1765531832.3	2305226577.1
2341000000.0	2162727541.1	1766106222.3	2306210668.6
2342000000.0	2163591343.4	1766680495.1	2307194759.4
2343000000.0	2164455097.9	1767254650.9	2308178849.4
2344000000.0	2165318804.6	1767828689.6	2309162938.6
2345000000.0	2166182463.4	1768402611.4	2310147027.1
2346000000.0	2167046074.4	1768976416.3	2311131114.8
2347000000.0	2167909637.5	1769550104.2	2312115201.7
2348000000.0	2168773152.8	1770123675.2	2313099287.9
2349000000.0	2169636620.2	1770697129.4	2314083373.3
2350000000.0	2170500039.8	1771270466.8	2315067457.9
2351000000.0	2171363411.6	1771843687.4	2316051541.8
2352000000.0	2172226735.6	1772416791.3	2317035624.8
2353000000.0	2173090011.8	1772989778.4	2318019707.2
2354000000.0	2173953240.1	1773562648.9	2319003788.7
2355000000.0	2174816420.6	1774135402.8	2319987869.5
2356000000.0	2175679553.4	1774708040.1	2320971949.5
2357000000.0	2176542638.3	1775280560.8	2321956028.8
2358000000.0	2177405675.4	1775852965.0	2322940107.2
2359000000.0	2178268664.8	1776425252.7	2323924184.9
2360000000.0	2179131606.3	1776997424.0	2324908261.9
2361000000.0	2179994500.1	1777569478.8	2325892338.1
2362000000.0	2180857346.1	1778141417.3	2326876413.5
2363000000.0	2181720144.3	1778713239.4	2327860488.1
2364000000.0	2182582894.7	1779284945.2	2328844562.0
2365000000.0	2183445597.4	1779856534.8	2329828635.1
2366000000.0	2184308252.3	1780428008.1	2330812707.4
2367000000.0	2185170859.4	1780999365.2	2331796779.0
2368000000.0	2186033418.8	1781570606.1	2332780849.8
2369000000.0	2186895930.4	1782141730.9	2333764919.8
2370000000.0	2187758394.3	1782712739.6	2334748989.1
2371000000.0	2188620810.4	1783283632.2	2335733057.6
2372000000.0	2189483178.8	1783854408.9	2336717125.3
2373000000.0	2190345499.4	1784425069.5	2337701192.2
2374000000.0	2191207772.3	1784995614.1	2338685258.4
2375000000.0	2192069997.5	1785566042.9	2339669323.8
2376000000.0	2192932175.0	1786136355.8	2340653388.5
2377000000.0	2193794304.7	1786706552.8	2341637452.4
2378000000.0	2194656386.7	1787276634.0	2342621515.5
2379000000.0	2195518421.0	1787846599.4	2343605577.8
2380000000.0	2196380407.6	1788416449.1	2344589639.4
2381000000.0	2197242346.5	1788986183.0	2345573700.2
2382000000.0	2198104237.7	1789555801.3	2346557760.3
2383000000.0	2198966081.2	1790125304.0	2347541819.6
2384000000.0	2199827877.0	1790694691.0	2348525878.1
2385000000.0	2200689625.1	1791263962.5	2349509935.8
2386000000.0	2201551325.5	1791833118.5	2350493992.8
2387000000.0	2202412978.2	1792402158.9	2351478049.0
2388000000.0	2203274583.3	1792971083.9	2352462104.4
2389000000.0	2204136140.7	1793539893.5	2353446159.1
2390000000.0	2204997650.4	1794108587.7	2354430213.0
2391000000.0	2205859112.4	1794677166.5	2355414266.1
2392000000.0	2206720526.8	1795245630.0	2356398318.5
2393000000.0	2207581893.5	1795813978.2	2357382370.1
2394000000.0	2208443212.6	1796382211.2	2358366420.9
2395000000.0	2209304484.0	1796950329.0	2359350471.0
2396000000.0	2210165707.8	1797518331.5	2360334520.3
2397000000.0	2211026883.9	1798086219.0	2361318568.8
2398000000.0	2211888012.4	1798653991.3	2362302616.5
2399000000.0	2212749093.3	1799221648.5	2363286663.5
2400000000.0	2213610126.5	1799789190.7	2364270709.7
2401000000.0	2214471112.1	1800356617.9	2365254755.2
2402000000.0	2215332050.1	1800923930.1	2366238799.9
2403000000.0	2216192940.4	1801491127.4	2367222843.8
2404000000.0	2217053783.2	1802058209.8	2368206886.9
2405000000.0	2217914578.3	1802625177.3	2369190929.3
2406000000.0	2218775325.8	1803192030.0	2370174970.9
2407000000.0	2219636025.7	1803758767.9	2371159011.8
2408000000.0	2220496678.1	1804325391.0	2372143051.8
2409000000.0	2221357282.8	1804891899.4	2373127091.1
2410000000.0	2222217839.9	1805458293.1	2374111129.7
2411000000.0	2223078349.5	1806024572.1	2375095167.5
2412000000.0	2223938811.4	1806590736.6	2376079204.5
2413000000.0	2224799225.8	1807156786.4	2377063240.7
2414000000.0	2225659592.6	1807722721.7	2378047276.2
2415000000.0	2226519911.8	1808288542.5	2379031310.9
2416000000.0	2227380183.5	1808854248.8	2380015344.8
2417000000.0	2228240407.6	1809419840.6	2380999378.0
2418000000.0	2229100584.2	1809985318.0	2381983410.3
2419000000.0	2229960713.1	1810550681.1	2382967442.0
2420000000.0	2230820794.6	1811115929.8	2383951472.8
2421000000.0	2231680828.5	1811681064.2	2384935502.9
2422000000.0	2232540814.8	1812246084.3	2385919532.2
2423000000.0	2233400753.6	1812810990.2	2386903560.8
2424000000.0	2234260644.9	1813375781.9	2387887588.6
2425000000.0	2235120488.6	1813940459.4	2388871615.6
2426000000.0	2235980284.8	1814505022.7	2389855641.9
2427000000.0	2236840033.5	1815069472.0	2390839667.3
2428000000.0	2237699734.7	1815633807.2	2391823692.1
2429000000.0	2238559388.3	1816198028.4	2392807716.0
2430000000.0	2239418994.4	1816762135.5	2393791739.2
2431000000.0	2240278553.1	1817326128.7	2394775761.6
2432000000.0	2241138064.2	1817890008.0	2395759783.2
2433000000.0	2241997527.8	1818453773.4	2396743804.1
2434000000.0	2242856943.9	1819017424.9	2397727824.2
2435000000.0	2243716312.6	1819580962.6	2398711843.6
2436000000.0	2244575633.7	1820144386.5	2399695862.1
2437000000.0	2245434907.4	1820707696.7	2400679879.9
2438000000.0	2246294133.5	1821270893.1	2401663897.0
2439000000.0	2247153312.2	1821833975.9	2402647913.2
2440000000.0	2248012443.5	1822396945.0	2403631928.7
2441000000.0	2248871527.2	1822959800.4	2404615943.5
2442000000.0	2249730563.5	1823522542.3	2405599957.4
2443000000.0	2250589552.3	1824085170.7	2406583970.6
2444000000.0	2251448493.7	1824647685.5	2407567983.1
2445000000.0	2252307387.6	1825210086.8	2408551994.7
2446000000.0	2253166234.1	1825772374.7	2409536005.6
2447000000.0	2254025033.1	1826334549.2	2410520015.7
2448000000.0	2254883784.7	1826896610.3	2411504025.1
2449000000.0	2255742488.8	1827458558.1	2412488033.7
2450000000.0	2256601145.5	1828020392.5	2413472041.5
2451000000.0	2257459754.8	1828582113.7	2414456048.6
2452000000.0	2258318316.7	1829143721.6	2415440054.8
2453000000.0	2259176831.1	1829705216.4	2416424060.4
2454000000.0	2260035298.1	1830266597.9	2417408065.1
2455000000.0	2260893717.7	1830827866.3	2418392069.1
2456000000.0	2261752089.9	1831389021.7	2419376072.3
2457000000.0	2262610414.7	1831950063.9	2420360074.7
2458000000.0	2263468692.1	1832510993.1	2421344076.4
2459000000.0	2264326922.1	1833071809.3	2422328077.3
2460000000.0	2265185104.7	1833632512.6	2423312077.5
2461000000.0	2266043239.8	1834193102.9	2424296076.9
2462000000.0	2266901327.7	1834753580.3	2425280075.5
2463000000.0	2267759368.1	1835313944.8	2426264073.3
2464000000.0	2268617361.1	1835874196.6	2427248070.4
2465000000.0	2269475306.8	1836434335.5	2428232066.7
2466000000.0	2270333205.1	1836994361.6	2429216062.2
2467000000.0	2271191056.0	1837554275.1	2430200057.0
2468000000.0	2272048859.6	1838114075.8	2431184051.0
2469000000.0	2272906615.8	1838673763.9	2432168044.2
2470000000.0	2273764324.7	1839233339.3	2433152036.7
2471000000.0	2274621986.2	1839792802.2	2434136028.4
2472000000.0	2275479600.4	1840352152.5	2435120019.3
2473000000.0	2276337167.2	1840911390.2	2436104009.4
2474000000.0	2277194686.7	1841470515.5	2437087998.8
2475000000.0	2278052158.8	1842029528.3	2438071987.5
2476000000.0	2278909583.6	1842588428.7	2439055975.3
2477000000.0	2279766961.1	1843147216.7	2440039962.4
2478000000.0	2280624291.2	1843705892.4	2441023948.7
2479000000.0	2281481574.1	1844264455.7	2442007934.3
2480000000.0	2282338809.6	1844822906.8	2442991919.1
2481000000.0	2283195997.8	1845381245.6	2443975903.1
2482000000.0	2284053138.7	1845939472.2	2444959886.3
2483000000.0	2284910232.3	1846497586.6	2445943868.8
2484000000.0	2285767278.6	1847055588.8	2446927850.5
2485000000.0	2286624277.6	1847613478.9	2447911831.5
2486000000.0	2287481229.3	1848171257.0	2448895811.6
2487000000.0	2288338133.7	1848728922.9	2449879791.1
2488000000.0	2289194990.9	1849286476.9	2450863769.7
2489000000.0	2290051800.7	1849843918.9	2451847747.6
2490000000.0	2290908563.3	1850401248.9	2452831724.7
2491000000.0	2291765278.6	1850958467.1	2453815701.0
2492000000.0	2292621946.6	1851515573.3	2454799676.6
2493000000.0	2293478567.4	1852072567.7	2455783651.4
2494000000.0	2294335140.9	1852629450.3	2456767625.4
2495000000.0	2295191667.2	1853186221.1	2457751598.7
2496000000.0	2296048146.2	1853742880.1	2458735571.2
2497000000.0	2296904577.9	1854299427.5	2459719542.9
2498000000.0	2297760962.4	1854855863.1	2460703513.9
2499000000.0	2298617299.7	1855412187.2	2461687484.1
2500000000.0	2299473589.7	1855968399.6	2462671453.5
2501000000.0	2300329832.5	1856524500.4	2463655422.2
2502000000.0	2301186028.1	1857080489.7	2464639390.1
2503000000.0	2302042176.4	1857636367.4	2465623357.2
2504000000.0	2302898277.5	1858192133.7	2466607323.6
2505000000.0	2303754331.4	1858747788.6	2467591289.1
2506000000.0	2304610338.1	1859303332.0	2468575254.0
2507000000.0	2305466297.5	1859858764.0	2469559218.0
2508000000.0	2306322209.8	1860414084.8	2470543181.3
2509000000.0	2307178074.9	1860969294.2	2471527143.8
2510000000.0	2308033892.7	1861524392.3	2472511105.6
2511000000.0	2308889663.4	1862079379.2	2473495066.6
2512000000.0	2309745386.9	1862634254.8	2474479026.8
2513000000.0	2310601063.1	1863189019.3	2475462986.2
2514000000.0	2311456692.3	1863743672.7	2476446944.9
2515000000.0	2312312274.2	1864298214.9	2477430902.8
2516000000.0	2313167808.9	1864852646.1	2478414860.0
2517000000.0	2314023296.5	1865406966.2	2479398816.3
2518000000.0	2314878736.9	1865961175.3	2480382771.9
2519000000.0	2315734130.2	1866515273.5	2481366726.8
2520000000.0	2316589476.3	1867069260.6	2482350680.9
2521000000.0	2317444775.2	1867623136.9	2483334634.2
2522000000.0	2318300027.0	1868176902.3	2484318586.7
2523000000.0	2319155231.6	1868730556.9	2485302538.5
2524000000.0	2320010389.1	1869284100.7	2486286489.5
2525000000.0	2320865499.4	1869837533.6	2487270439.7
2526000000.0	2321720562.6	1870390855.9	2488254389.2
2527000000.0	2322575578.7	1870944067.4	2489238337.9
2528000000.0	2323430547.7	1871497168.2	2490222285.8
2529000000.0	2324285469.5	1872050158.4	2491206233.0
2530000000.0	2325140344.2	1872603038.0	2492190179.4
2531000000.0	2325995171.8	1873155807.0	2493174125.0
2532000000.0	2326849952.3	1873708465.5	2494158069.9
2533000000.0	2327704685.6	1874261013.5	2495142014.0
2534000000.0	2328559371.9	1874813451.0	2496125957.3
2535000000.0	2329414011.1	1875365778.0	2497109899.8
2536000000.0	2330268603.1	1875917994.6	2498093841.6
2537000000.0	2331123148.1	1876470100.9	2499077782.6
2538000000.0	2331977646.0	1877022096.8	2500061722.9
2539000000.0	2332832096.8	1877573982.4	2501045662.4
2540000000.0	2333686500.5	1878125757.7	2502029601.1
2541000000.0	2334540857.1	1878677422.7	2503013539.1
2542000000.0	2335395166.7	1879228977.6	2503997476.2
2543000000.0	2336249429.2	1879780422.3	2504981412.7
2544000000.0	2337103644.6	1880331756.8	2505965348.3
2545000000.0	2337957813.0	1880882981.2	2506949283.2
2546000000.0	2338811934.3	1881434095.5	2507933217.3
2547000000.0	2339666008.5	1881985099.8	2508917150.6
2548000000.0	2340520035.7	1882535994.1	2509901083.2
2549000000.0	2341374015.9	1883086778.4	2510885015.0
2550000000.0	2342227949.0	1883637452.7	2511868946.1
2551000000.0	2343081835.1	1884188017.1	2512852876.4
2552000000.0	2343935674.1	1884738471.7	2513836805.9
2553000000.0	2344789466.1	1885288816.4	2514820734.6
2554000000.0	2345643211.1	1885839051.2	2515804662.6
2555000000.0	2346496909.0	1886389176.3	2516788589.8
2556000000.0	2347350560.0	1886939191.6	2517772516.2
2557000000.0	2348204163.9	1887489097.3	2518756441.9
2558000000.0	2349057720.8	1888038893.2	2519740366.8
2559000000.0	2349911230.7	1888588579.5	2520724290.9
2560000000.0	2350764693.6	1889138156.1	2521708214.3
2561000000.0	2351618109.5	1889687623.2	2522692136.9
2562000000.0	2352471478.4	1890236980.7	2523676058.7
2563000000.0	2353324800.3	1890786228.7	2524659979.8
2564000000.0	2354178075.2	1891335367.2	2525643900.1
2565000000.0	2355031303.2	1891884396.2	2526627819.6
2566000000.0	2355884484.1	1892433315.9	2527611738.4
2567000000.0	2356737618.1	1892982126.1	2528595656.3
2568000000.0	2357590705.1	1893530827.0	2529579573.6
2569000000.0	2358443745.1	1894079418.5	2530563490.0
2570000000.0	2359296738.2	1894627900.8	2531547405.7
2571000000.0	2360149684.3	1895176273.7	2532531320.6
2572000000.0	2361002583.5	1895724537.5	2533515234.8
2573000000.0	2361855435.6	1896272692.1	2534499148.2
2574000000.0	2362708240.9	1896820737.5	2535483060.8
2575000000.0	2363560999.2	1897368673.8	2536466972.7
2576000000.0	2364413710.6	1897916500.9	2537450883.7
2577000000.0	2365266375.0	1898464219.1	2538434794.1
2578000000.0	2366118992.5	1899011828.1	2539418703.6
2579000000.0	2366971563.0	1899559328.2	2540402612.4
2580000000.0	2367824086.7	1900106719.3	2541386520.4
2581000000.0	2368676563.4	1900654001.5	2542370427.6
2582000000.0	2369528993.2	1901201174.8	2543354334.1
2583000000.0	2370381376.0	1901748239.2	2544338239.8
2584000000.0	2371233712.0	1902295194.8	2545322144.8
2585000000.0	2372086001.1	1902842041.6	2546306048.9
2586000000.0	2372938243.2	1903388779.6	2547289952.4
2587000000.0	2373790438.5	1903935408.8	2548273855.0
2588000000.0	2374642586.8	1904481929.4	2549257756.9
2589000000.0	2375494688.3	1905028341.2	2550241658.0
2590000000.0	2376346742.9	1905574644.5	2551225558.3
2591000000.0	2377198750.6	1906120839.1	2552209457.9
2592000000.0	2378050711.4	1906666925.1	2553193356.7
2593000000.0	2378902625.3	1907212902.6	2554177254.7
2594000000.0	2379754492.4	1907758771.6	2555161152.0
2595000000.0	2380606312.6	1908304532.1	2556145048.5
2596000000.0	2381458085.9	1908850184.2	2557128944.2
2597000000.0	2382309812.4	1909395727.8	2558112839.2
2598000000.0	2383161492.0	1909941163.1	2559096733.4
2599000000.0	2384013124.8	1910486490.0	2560080626.8
2600000000.0	2384864710.7	1911031708.6	2561064519.5
2601000000.0	2385716249.8	1911576818.9	2562048411.4
2602000000.0	2386567742.0	1912121821.0	2563032302.5
2603000000.0	2387419187.4	1912666714.8	2564016192.8
2604000000.0	2388270586.0	1913211500.4	2565000082.4
2605000000.0	2389121937.7	1913756177.9	2565983971.3
2606000000.0	2389973242.6	1914300747.3	2566967859.3
2607000000.0	2390824500.7	1914845208.5	2567951746.6
2608000000.0	2391675712.0	1915389561.7	2568935633.1
2609000000.0	2392526876.4	1915933806.9	2569919518.9
2610000000.0	2393377994.1	1916477944.1	2570903403.9
2611000000.0	2394229064.9	1917021973.3	2571887288.1
2612000000.0	2395080088.9	1917565894.6	2572871171.5
2613000000.0	2395931066.1	1918109708.0	2573855054.2
2614000000.0	2396781996.6	1918653413.5	2574838936.1
2615000000.0	2397632880.2	1919197011.2	2575822817.3
2616000000.0	2398483717.1	1919740501.0	2576806697.7
2617000000.0	2399334507.2	1920283883.1	2577790577.3
2618000000.0	2400185250.5	1920827157.5	2578774456.1
2619000000.0	2401035947.0	1921370324.1	2579758334.2
2620000000.0	2401886596.7	1921913383.1	2580742211.5
2621000000.0	2402737199.7	1922456334.5	2581726088.1
2622000000.0	2403587755.9	1922999178.2	2582709963.8
2623000000.0	2404438265.4	1923541914.3	2583693838.8
2624000000.0	2405288728.1	1924084542.9	2584677713.1
2625000000.0	2406139144.0	1924627064.0	2585661586.5
2626000000.0	2406989513.2	1925169477.6	2586645459.3
2627000000.0	2407839835.7	1925711783.7	2587629331.2
2628000000.0	2408690111.4	1926253982.5	2588613202.4
2629000000.0	2409540340.4	1926796073.8	2589597072.8
2630000000.0	2410390522.6	1927338057.8	2590580942.4
2631000000.0	2411240658.2	1927879934.4	2591564811.3
2632000000.0	2412090746.9	1928421703.8	2592548679.4
2633000000.0	2412940789.0	1928963365.9	2593532546.7
2634000000.0	2413790784.4	1929504920.8	2594516413.3
2635000000.0	2414640733.0	1930046368.5	2595500279.1
2636000000.0	2415490634.9	1930587709.0	2596484144.1
2637000000.0	2416340490.1	1931128942.4	2597468008.4
2638000000.0	2417190298.7	1931670068.6	2598451871.9
2639000000.0	2418040060.5	1932211087.9	2599435734.6
2640000000.0	2418889775.6	1932752000.0	2600419596.5
2641000000.0	2419739444.0	1933292805.2	2601403457.7
2642000000.0	2420589065.8	1933833503.4	2602387318.2
2643000000.0	2421438640.9	1934374094.6	2603371177.8
2644000000.0	2422288169.2	1934914579.0	2604355036.7
2645000000.0	2423137651.0	1935454956.4	2605338894.8
2646000000.0	2423987086.0	1935995227.1	2606322752.2
2647000000.0	2424836474.4	1936535390.9	2607306608.8
2648000000.0	2425685816.1	1937075447.9	2608290464.6
2649000000.0	2426535111.1	1937615398.1	2609274319.7
2650000000.0	2427384359.5	1938155241.7	2610258173.9
2651000000.0	2428233561.2	1938694978.5	2611242027.5
2652000000.0	2429082716.3	1939234608.7	2612225880.2
2653000000.0	2429931824.8	1939774132.3	2613209732.2
2654000000.0	2430780886.6	1940313549.3	2614193583.4
2655000000.0	2431629901.8	1940852859.7	2615177433.9
2656000000.0	2432478870.3	1941392063.6	2616161283.5
2657000000.0	2433327792.2	1941931161.0	2617145132.5
2658000000.0	2434176667.5	1942470151.9	2618128980.6
2659000000.0	2435025496.1	1943009036.4	2619112828.0
2660000000.0	2435874278.2	1943547814.4	2620096674.6
2661000000.0	2436723013.6	1944086486.1	2621080520.4
2662000000.0	2437571702.4	1944625051.5	2622064365.5
2663000000.0	2438420344.6	1945163510.6	2623048209.8
2664000000.0	2439268940.2	1945701863.3	2624032053.4
2665000000.0	2440117489.2	1946240109.9	2625015896.1
2666000000.0	2440965991.7	1946778250.2	2625999738.1
2667000000.0	2441814447.5	1947316284.3	2626983579.4
2668000000.0	2442662856.7	1947854212.3	2627967419.9
2669000000.0	2443511219.4	1948392034.1	2628951259.6
2670000000.0	2444359535.5	1948929749.9	2629935098.5
2671000000.0	2445207804.9	1949467359.6	2630918936.7
2672000000.0	2446056027.9	1950004863.3	2631902774.1
2673000000.0	2446904204.2	1950542260.9	2632886610.7
2674000000.0	2447752334.0	1951079552.7	2633870446.6
2675000000.0	2448600417.3	1951616738.4	2634854281.7
2676000000.0	2449448453.9	1952153818.3	2635838116.0
2677000000.0	2450296444.1	1952690792.3	2636821949.6
2678000000.0	2451144387.7	1953227660.5	2637805782.4
2679000000.0	2451992284.7	1953764422.9	2638789614.4
2680000000.0	2452840135.2	1954301079.5	2639773445.7
2681000000.0	2453687939.1	1954837630.3	2640757276.2
2682000000.0	2454535696.6	1955374075.4	2641741105.9
2683000000.0	2455383407.4	1955910414.9	2642724934.8
2684000000.0	2456231071.8	1956446648.7	2643708763.0
2685000000.0	2457078689.7	1956982776.8	2644692590.5
2686000000.0	2457926261.0	1957518799.4	2645676417.1
2687000000.0	2458773785.8	1958054716.4	2646660243.0
2688000000.0	2459621264.1	1958590527.9	2647644068.1
2689000000.0	2460468695.9	1959126233.9	2648627892.5
2690000000.0	2461316081.2	1959661834.5	2649611716.1
2691000000.0	2462163420.0	1960197329.6	2650595538.9
2692000000.0	2463010712.3	1960732719.3	2651579361.0
2693000000.0	2463857958.1	1961268003.6	2652563182.2
2694000000.0	2464705157.4	1961803182.6	2653547002.8
2695000000.0	2465552310.3	1962338256.3	2654530822.5
2696000000.0	2466399416.6	1962873224.7	2655514641.5
2697000000.0	2467246476.5	1963408087.9	2656498459.7
2698000000.0	2468093489.9	1963942845.8	2657482277.2
2699000000.0	2468940456.8	1964477498.6	2658466093.9
2700000000.0	2469787377.3	1965012046.2	2659449909.8
2701000000.0	2470634251.3	1965546488.7	2660433724.9
2702000000.0	2471481078.9	1966080826.1	2661417539.3
2703000000.0	2472327860.0	1966615058.4	2662401352.9
2704000000.0	2473174594.7	1967149185.7	2663385165.8
2705000000.0	2474021282.9	1967683208.0	2664368977.8
2706000000.0	2474867924.6	1968217125.3	2665352789.1
2707000000.0	2475714520.0	1968750937.7	2666336599.7
2708000000.0	2476561068.9	1969284645.2	2667320409.5
2709000000.0	2477407571.3	1969818247.8	2668304218.5
2710000000.0	2478254027.4	1970351745.6	2669288026.7
2711000000.0	2479100437.0	1970885138.6	2670271834.2
2712000000.0	2479946800.2	1971418426.8	2671255640.9
2713000000.0	2480793117.0	1971951610.2	2672239446.8
2714000000.0	2481639387.4	1972484688.9	2673223252.0
2715000000.0	2482485611.4	1973017662.9	2674207056.4
2716000000.0	2483331788.9	1973550532.3	2675190860.1
2717000000.0	2484177920.1	1974083297.0	2676174662.9
2718000000.0	2485024004.9	1974615957.2	2677158465.0
2719000000.0	2485870043.2	1975148512.7	2678142266.4
2720000000.0	2486716035.2	1975680963.8	2679126066.9
2721000000.0	2487561980.8	1976213310.3	2680109866.7
2722000000.0	2488407880.1	1976745552.3	2681093665.8
2723000000.0	2489253732.9	1977277690.0	2682077464.0
2724000000.0	2490099539.4	1977809723.2	2683061261.5
2725000000.0	2490945299.5	1978341652.0	2684045058.3
2726000000.0	2491791013.2	1978873476.5	2685028854.2
2727000000.0	2492636680.6	1979405196.6	2686012649.4
2728000000.0	2493482301.6	1979936812.5	2686996443.9
2729000000.0	2494327876.3	1980468324.1	2687980237.5
2730000000.0	2495173404.6	1980999731.4	2688964030.4
2731000000.0	2496018886.6	1981531034.6	2689947822.5
2732000000.0	2496864322.3	1982062233.6	2690931613.9
2733000000.0	2497709711.5	1982593328.5	2691915404.5
2734000000.0	2498555054.5	1983124319.3	2692899194.3
2735000000.0	2499400351.1	1983655206.0	2693882983.4
2736000000.0	2500245601.4	1984185988.6	2694866771.7
2737000000.0	2501090805.4	1984716667.2	2695850559.2
2738000000.0	2501935963.1	1985247241.9	2696834346.0
2739000000.0	2502781074.4	1985777712.6	2697818131.9
2740000000.0	2503626139.5	1986308079.4	2698801917.2
2741000000.0	2504471158.2	1986838342.3	2699785701.6
2742000000.0	2505316130.6	1987368501.3	2700769485.3
2743000000.0	2506161056.7	1987898556.5	2701753268.2
2744000000.0	2507005936.5	1988428507.9	2702737050.4
2745000000.0	2507850770.1	1988958355.5	2703720831.8
2746000000.0	2508695557.3	1989488099.4	2704704612.4
2747000000.0	2509540298.3	1990017739.6	2705688392.2
2748000000.0	2510384992.9	1990547276.1	2706672171.3
2749000000.0	2511229641.3	1991076708.9	2707655949.6
2750000000.0	2512074243.5	1991606038.2	2708639727.2
2751000000.0	2512918799.3	1992135263.8	2709623504.0
2752000000.0	2513763308.9	1992664385.9	2710607280.0
2753000000.0	2514607772.2	1993193404.5	2711591055.2
2754000000.0	2515452189.3	1993722319.5	2712574829.7
2755000000.0	2516296560.1	1994251131.1	2713558603.4
2756000000.0	2517140884.7	1994779839.3	2714542376.4
2757000000.0	2517985163.0	1995308444.1	2715526148.6
2758000000.0	2518829395.1	1995836945.5	2716509920.0
2759000000.0	2519673580.9	1996365343.5	2717493690.6
2760000000.0	2520517720.5	1996893638.3	2718477460.5
2761000000.0	2521361813.9	1997421829.7	2719461229.6
2762000000.0	2522205861.0	1997949917.9	2720444997.9
2763000000.0	2523049861.9	1998477902.9	2721428765.5
2764000000.0	2523893816.6	1999005784.7	2722412532.3
2765000000.0	2524737725.1	1999533563.3	2723396298.4
2766000000.0	2525581587.3	2000061238.8	2724380063.6
2767000000.0	2526425403.4	2000588811.2	2725363828.1
2768000000.0	2527269173.2	2001116280.5	2726347591.9
2769000000.0	2528112896.9	2001643646.8	2727331354.9
2770000000.0	2528956574.3	2002170910.1	2728315117.1
2771000000.0	2529800205.6	2002698070.4	2729298878.5
2772000000.0	2530643790.6	2003225127.7	2730282639.2
2773000000.0	2531487329.5	2003752082.1	2731266399.1
2774000000.0	2532330822.2	2004278933.6	2732250158.2
2775000000.0	2533174268.7	2004805682.3	2733233916.6
2776000000.0	2534017669.1	2005332328.1	2734217674.2
2777000000.0	2534861023.2	2005858871.2	2735201431.0
2778000000.0	2535704331.2	2006385311.4	2736185187.1
2779000000.0	2536547593.1	2006911649.0	2737168942.4
2780000000.0	2537390808.8	2007437883.8	2738152696.9
2781000000.0	2538233978.3	2007964015.9	2739136450.7
2782000000.0	2539077101.7	2008490045.4	2740120203.7
2783000000.0	2539920178.9	2009015972.3	2741103955.9
2784000000.0	2540763210.0	2009541796.6	2742087707.4
2785000000.0	2541606194.9	2010067518.3	2743071458.1
2786000000.0	2542449133.7	2010593137.5	2744055208.0
2787000000.0	2543292026.4	2011118654.2	2745038957.2
2788000000.0	2544134872.9	2011644068.4	2746022705.6
2789000000.0	2544977673.3	2012169380.2	2747006453.2
2790000000.0	2545820427.6	2012694589.6	2747990200.0
2791000000.0	2546663135.8	2013219696.6	2748973946.1
2792000000.0	2547505797.8	2013744701.2	2749957691.5
2793000000.0	2548348413.8	2014269603.5	2750941436.0
2794000000.0	2549190983.6	2014794403.6	2751925179.8
2795000000.0	2550033507.4	2015319101.3	2752908922.8
2796000000.0	2550875985.0	2015843696.9	2753892665.1
2797000000.0	2551718416.5	2016368190.2	2754876406.6
2798000000.0	2552560802.0	2016892581.4	2755860147.3
2799000000.0	2553403141.4	2017416870.4	2756843887.3
2800000000.0	2554245434.6	2017941057.4	2757827626.5
2801000000.0	2555087681.8	2018465142.2	2758811364.9
2802000000.0	2555929883.0	2018989125.0	2759795102.5
2803000000.0	2556772038.0	2019513005.8	2760778839.4
2804000000.0	2557614147.0	2020036784.6	2761762575.5
2805000000.0	2558456209.9	2020560461.4	2762746310.9
2806000000.0	2559298226.8	2021084036.3	2763730045.5
2807000000.0	2560140197.5	2021607509.3	2764713779.3
2808000000.0	2560982122.3	2022130880.4	2765697512.3
2809000000.0	2561824001.0	2022654149.7	2766681244.6
2810000000.0	2562665833.6	2023177317.1	2767664976.1
2811000000.0	2563507620.2	2023700382.8	2768648706.9
2812000000.0	2564349360.8	2024223346.7	2769632436.9
2813000000.0	2565191055.3	2024746208.9	2770616166.1
2814000000.0	2566032703.8	2025268969.4	2771599894.5
2815000000.0	2566874306.3	2025791628.3	2772583622.2
2816000000.0	2567715862.7	2026314185.5	2773567349.1
2817000000.0	2568557373.2	2026836641.1	2774551075.3
2818000000.0	2569398837.6	2027358995.1	2775534800.7
2819000000.0	2570240256.0	2027881247.6	2776518525.3
2820000000.0	2571081628.4	2028403398.6	2777502249.1
2821000000.0	2571922954.8	2028925448.0	2778485972.2
2822000000.0	2572764235.2	2029447396.1	2779469694.5
2823000000.0	2573605469.5	2029969242.7	2780453416.1
2824000000.0	2574446657.9	2030490987.9	2781437136.8
2825000000.0	2575287800.3	2031012631.7	2782420856.8
2826000000.0	2576128896.8	2031534174.2	2783404576.1
2827000000.0	2576969947.2	2032055615.4	2784388294.6
2828000000.0	2577810951.7	2032576955.3	2785372012.3
2829000000.0	2578651910.1	2033098193.9	2786355729.2
2830000000.0	2579492822.7	2033619331.4	2787339445.4
2831000000.0	2580333689.2	2034140367.6	2788323160.8
2832000000.0	2581174509.8	2034661302.7	2789306875.4
2833000000.0	2582015284.4	2035182136.6	2790290589.3
2834000000.0	2582856013.1	2035702869.5	2791274302.4
2835000000.0	2583696695.8	2036223501.3	2792258014.8
2836000000.0	2584537332.6	2036744032.0	2793241726.3
2837000000.0	2585377923.4	2037264461.7	2794225437.1
2838000000.0	2586218468.3	2037784790.4	2795209147.2
2839000000.0	2587058967.2	2038305018.2	2796192856.4
2840000000.0	2587899420.2	2038825145.1	2797176564.9
2841000000.0	2588739827.3	2039345171.0	2798160272.7
2842000000.0	2589580188.5	2039865096.1	2799143979.6
2843000000.0	2590420503.7	2040384920.4	2800127685.8
2844000000.0	2591260773.0	2040904643.8	2801111391.3
2845000000.0	2592100996.4	2041424266.5	2802095095.9
2846000000.0	2592941173.9	2041943788.4	2803078799.8
2847000000.0	2593781305.5	2042463209.6	2804062503.0
2848000000.0	2594621391.2	2042982530.1	2805046205.3
2849000000.0	2595461431.0	2043501749.9	2806029906.9
2850000000.0	2596301424.9	2044020869.1	2807013607.8
2851000000.0	2597141372.9	2044539887.7	2807997307.8
2852000000.0	2597981275.0	2045058805.7	2808981007.1
2853000000.0	2598821131.2	2045577623.2	2809964705.7
2854000000.0	2599660941.6	2046096340.2	2810948403.4
2855000000.0	2600500706.0	2046614956.7	2811932100.4
2856000000.0	2601340424.6	2047133472.7	2812915796.7
2857000000.0	2602180097.4	2047651888.3	2813899492.1
2858000000.0	2603019724.2	2048170203.5	2814883186.8
2859000000.0	2603859305.2	2048688418.3	2815866880.8
2860000000.0	2604698840.4	2049206532.8	2816850573.9
2861000000.0	2605538329.6	2049724546.9	2817834266.3
2862000000.0	2606377773.1	2050242460.8	2818817957.9
2863000000.0	2607217170.7	2050760274.5	2819801648.8
2864000000.0	2608056522.4	2051277987.9	2820785338.9
2865000000.0	2608895828.3	2051795601.1	2821769028.2
2866000000.0	2609735088.4	2052313114.1	2822752716.8
2867000000.0	2610574302.7	2052830527.1	2823736404.6
2868000000.0	2611413471.1	2053347839.9	2824720091.6
2869000000.0	2612252593.7	2053865052.6	2825703777.8
2870000000.0	2613091670.4	2054382165.3	2826687463.3
2871000000.0	2613930701.4	2054899177.9	2827671148.1
2872000000.0	2614769686.5	2055416090.6	2828654832.0
2873000000.0	2615608625.9	2055932903.3	2829638515.2
2874000000.0	2616447519.4	2056449616.0	2830622197.6
2875000000.0	2617286367.1	2056966228.9	2831605879.3
2876000000.0	2618125169.0	2057482741.9	2832589560.2
2877000000.0	2618963925.2	2057999155.0	2833573240.3
2878000000.0	2619802635.5	2058515468.4	2834556919.7
2879000000.0	2620641300.1	2059031681.9	2835540598.2
2880000000.0	2621479918.8	2059547795.7	2836524276.1
2881000000.0	2622318491.8	2060063809.7	2837507953.1
2882000000.0	2623157019.1	2060579724.0	2838491629.4
2883000000.0	2623995500.5	2061095538.7	2839475304.9
2884000000.0	2624833936.2	2061611253.7	2840458979.7
2885000000.0	2625672326.1	2062126869.1	2841442653.7
2886000000.0	2626510670.3	2062642385.0	2842426326.9
2887000000.0	2627348968.7	2063157801.2	2843409999.3
2888000000.0	2628187221.3	2063673118.0	2844393671.0
2889000000.0	2629025428.2	2064188335.2	2845377341.9
2890000000.0	2629863589.4	2064703453.0	2846361012.1
2891000000.0	2630701704.8	2065218471.3	2847344681.5
2892000000.0	2631539774.4	2065733390.2	2848328350.1
2893000000.0	2632377798.4	2066248209.7	2849312017.9
2894000000.0	2633215776.6	2066762929.9	2850295685.0
2895000000.0	2634053709.1	2067277550.7	2851279351.3
2896000000.0	2634891595.8	2067792072.3	2852263016.9
2897000000.0	2635729436.9	2068306494.5	2853246681.7
2898000000.0	2636567232.2	2068820817.6	2854230345.7
2899000000.0	2637404981.8	2069335041.4	2855214008.9
2900000000.0	2638242685.7	2069849166.0	2856197671.4
2901000000.0	2639080343.9	2070363191.5	2857181333.1
2902000000.0	2639917956.4	2070877117.8	2858164994.1
2903000000.0	2640755523.2	2071390945.1	2859148654.2
2904000000.0	2641593044.3	2071904673.3	2860132313.6
2905000000.0	2642430519.7	2072418302.4	2861115972.3
2906000000.0	2643267949.5	2072931832.6	2862099630.2
2907000000.0	2644105333.5	2073445263.7	2863083287.3
2908000000.0	2644942671.9	2073958595.9	2864066943.6
2909000000.0	2645779964.6	2074471829.2	2865050599.2
2910000000.0	2646617211.6	2074984963.5	2866034254.0
2911000000.0	2647454413.0	2075497999.0	2867017908.0
2912000000.0	2648291568.7	2076010935.7	2868001561.3
2913000000.0	2649128678.8	2076523773.6	2868985213.8
2914000000.0	2649965743.1	2077036512.6	2869968865.6
2915000000.0	2650802761.9	2077549153.0	2870952516.6
2916000000.0	2651639735.0	2078061694.5	2871936166.8
2917000000.0	2652476662.4	2078574137.4	2872919816.2
2918000000.0	2653313544.2	2079086481.7	2873903464.9
2919000000.0	2654150380.4	2079598727.2	2874887112.8
2920000000.0	2654987170.9	2080110874.2	2875870759.9
2921000000.0	2655823915.8	2080622922.6	2876854406.3
2922000000.0	2656660615.1	2081134872.4	2877838051.9
2923000000.0	2657497268.8	2081646723.8	2878821696.7
2924000000.0	2658333876.8	2082158476.6	2879805340.8
2925000000.0	2659170439.2	2082670130.9	2880788984.1
2926000000.0	2660006956.0	2083181686.8	2881772626.7
2927000000.0	2660843427.2	2083693144.3	2882756268.4
2928000000.0	2661679852.8	2084204503.4	2883739909.4
2929000000.0	2662516232.8	2084715764.1	2884723549.7
2930000000.0	2663352567.2	2085226926.6	2885707189.1
2931000000.0	2664188856.1	2085737990.7	2886690827.8
2932000000.0	2665025099.3	2086248956.5	2887674465.8
2933000000.0	2665861296.9	2086759824.1	2888658103.0
2934000000.0	2666697449.0	2087270593.5	2889641739.4
2935000000.0	2667533555.5	2087781264.7	2890625375.0
2936000000.0	2668369616.4	2088291837.8	2891609009.9
2937000000.0	2669205631.7	2088802312.7	2892592644.0
2938000000.0	2670041601.5	2089312689.5	2893576277.3
2939000000.0	2670877525.7	2089822968.3	2894559909.9
2940000000.0	2671713404.4	2090333149.0	2895543541.7
2941000000.0	2672549237.5	2090843231.7	2896527172.7
2942000000.0	2673385025.0	2091353216.4	2897510803.0
2943000000.0	2674220767.0	2091863103.1	2898494432.5
2944000000.0	2675056463.5	2092372891.9	2899478061.2
2945000000.0	2675892114.4	2092882582.8	2900461689.2
2946000000.0	2676727719.8	2093392175.9	2901445316.4
2947000000.0	2677563279.6	2093901671.0	2902428942.8
2948000000.0	2678398793.9	2094411068.4	2903412568.5
2949000000.0	2679234262.7	2094920368.0	2904396193.4
2950000000.0	2680069686.0	2095429569.8	2905379817.5
2951000000.0	2680905063.8	2095938673.9	2906363440.9
2952000000.0	2681740396.0	2096447680.2	2907347063.5
2953000000.0	2682575682.7	2096956588.9	2908330685.3
2954000000.0	2683410924.0	2097465400.0	2909314306.4
2955000000.0	2684246119.7	2097974113.4	2910297926.7
2956000000.0	2685081269.9	2098482729.2	2911281546.2
2957000000.0	2685916374.6	2098991247.5	2912265165.0
2958000000.0	2686751433.9	2099499668.2	2913248782.9
2959000000.0	2687586447.6	2100007991.5	2914232400.2
2960000000.0	2688421415.9	2100516217.2	2915216016.6
2961000000.0	2689256338.7	2101024345.5	2916199632.3
2962000000.0	2690091216.0	2101532376.3	2917183247.3
2963000000.0	2690926047.8	2102040309.8	2918166861.4
2964000000.0	2691760834.2	2102548145.9	2919150474.8
2965000000.0	2692595575.1	2103055884.7	2920134087.5
2966000000.0	2693430270.5	2103563526.1	2921117699.3
2967000000.0	2694264920.5	2104071070.3	2922101310.4
2968000000.0	2695099525.0	2104578517.2	2923084920.7
2969000000.0	2695934084.1	2105085866.8	2924068530.3
2970000000.0	2696768597.7	2105593119.3	2925052139.1
2971000000.0	2697603065.9	2106100274.6	2926035747.1
2972000000.0	2698437488.7	2106607332.7	2927019354.4
2973000000.0	2699271866.0	2107114293.8	2928002960.9
2974000000.0	2700106197.8	2107621157.7	2928986566.6
2975000000.0	2700940484.3	2108127924.6	2929970171.6
2976000000.0	2701774725.3	2108634594.4	2930953775.8
2977000000.0	2702608920.9	2109141167.3	2931937379.2
2978000000.0	2703443071.1	2109647643.1	2932920981.8
2979000000.0	2704277175.9	2110154022.1	2933904583.7
2980000000.0	2705111235.2	2110660304.0	2934888184.9
2981000000.0	2705945249.2	2111166489.1	2935871785.2
2982000000.0	2706779217.8	2111672577.4	2936855384.8
2983000000.0	2707613140.9	2112178568.8	2937838983.6
2984000000.0	2708447018.7	2112684463.3	2938822581.7
2985000000.0	2709280851.0	2113190261.1	2939806179.0
2986000000.0	2710114638.0	2113695962.2	2940789775.5
2987000000.0	2710948379.6	2114201566.5	2941773371.3
2988000000.0	2711782075.8	2114707074.1	2942756966.2
2989000000.0	2712615726.7	2115212485.1	2943740560.5
2990000000.0	2713449332.1	2115717799.4	2944724153.9
2991000000.0	2714282892.2	2116223017.0	2945707746.6
2992000000.0	2715116407.0	2116728138.1	2946691338.5
2993000000.0	2715949876.3	2117233162.7	2947674929.7
2994000000.0	2716783300.4	2117738090.7	2948658520.1
2995000000.0	2717616679.0	2118242922.1	2949642109.7
2996000000.0	2718450012.3	2118747657.2	2950625698.6
2997000000.0	2719283300.3	2119252295.7	2951609286.7
2998000000.0	2720116542.9	2119756837.9	2952592874.0
2999000000.0	2720949740.2	2120261283.6	2953576460.5
3000000000.0	2721782892.1	2120765633.0	2954560046.3
3001000000.0	2722615998.7	2121269886.0	2955543631.3
3002000000.0	2723449060.0	2121774042.7	2956527215.6
3003000000.0	2724282076.0	2122278103.2	2957510799.1
3004000000.0	2725115046.6	2122782067.4	2958494381.8
3005000000.0	2725947971.9	2123285935.3	2959477963.8
3006000000.0	2726780852.0	2123789707.1	2960461544.9
3007000000.0	2727613686.7	2124293382.6	2961445125.4
3008000000.0	2728446476.0	2124796962.1	2962428705.0
3009000000.0	2729279220.1	2125300445.4	2963412283.9
3010000000.0	2730111918.9	2125803832.6	2964395862.0
3011000000.0	2730944572.4	2126307123.7	2965379439.4
3012000000.0	2731777180.6	2126810318.9	2966363016.0
3013000000.0	2732609743.5	2127313418.0	2967346591.8
3014000000.0	2733442261.2	2127816421.1	2968330166.8
3015000000.0	2734274733.5	2128319328.3	2969313741.1
3016000000.0	2735107160.6	2128822139.5	2970297314.6
3017000000.0	2735939542.4	2129324854.8	2971280887.4
3018000000.0	2736771878.9	2129827474.3	2972264459.4
3019000000.0	2737604170.2	2130329997.9	2973248030.6
3020000000.0	2738436416.2	2130832425.8	2974231601.0
3021000000.0	2739268616.9	2131334757.8	2975215170.7
3022000000.0	2740100772.4	2131836994.0	2976198739.7
3023000000.0	2740932882.7	2132339134.5	2977182307.8
3024000000.0	2741764947.7	2132841179.4	2978165875.2
3025000000.0	2742596967.4	2133343128.5	2979149441.8
3026000000.0	2743428941.9	2133844982.0	2980133007.7
3027000000.0	2744260871.2	2134346739.8	2981116572.7
3028000000.0	2745092755.3	2134848402.1	2982100137.1
3029000000.0	2745924594.1	2135349968.8	2983083700.6
3030000000.0	2746756387.7	2135851439.9	2984067263.4
3031000000.0	2747588136.0	2136352815.5	2985050825.4
3032000000.0	2748419839.2	2136854095.7	2986034386.7
3033000000.0	2749251497.1	2137355280.3	2987017947.1
3034000000.0	2750083109.8	2137856369.6	2988001506.9
3035000000.0	2750914677.4	2138357363.4	2988985065.8
3036000000.0	2751746199.7	2138858261.9	2989968624.0
3037000000.0	2752577676.8	2139359065.0	2990952181.4
3038000000.0	2753409108.7	2139859772.7	2991935738.1
3039000000.0	2754240495.5	2140360385.2	2992919293.9
3040000000.0	2755071837.0	2140860902.4	2993902849.1
3041000000.0	2755903133.4	2141361324.4	2994886403.4
3042000000.0	2756734384.5	2141861651.1	2995869957.0
3043000000.0	2757565590.5	2142361882.7	2996853509.8
3044000000.0	2758396751.4	2142862019.1	2997837061.9
3045000000.0	2759227867.0	2143362060.3	2998820613.1
3046000000.0	2760058937.5	2143862006.5	2999804163.7
3047000000.0	2760889962.9	2144361857.5	3000787713.4
3048000000.0	2761720943.0	2144861613.5	3001771262.4
3049000000.0	2762551878.0	2145361274.5	3002754810.6
3050000000.0	2763382767.9	2145860840.5	3003738358.0
3051000000.0	2764213612.6	2146360311.5	3004721904.7
3052000000.0	2765044412.2	2146859687.6	3005705450.6
3053000000.0	2765875166.6	2147358968.7	3006688995.8
3054000000.0	2766705875.9	2147858155.0	3007672540.2
3055000000.0	2767536540.1	2148357246.4	3008656083.8
3056000000.0	2768367159.1	2148856243.0	3009639626.6
3057000000.0	2769197733.0	2149355144.7	3010623168.7
3058000000.0	2770028261.8	2149853951.7	3011606710.0
3059000000.0	2770858745.5	2150352663.9	3012590250.6
3060000000.0	2771689184.1	2150851281.3	3013573790.4
3061000000.0	2772519577.5	2151349804.1	3014557329.4
3062000000.0	2773349925.8	2151848232.2	3015540867.6
3063000000.0	2774180229.1	2152346565.7	3016524405.1
3064000000.0	2775010487.2	2152844804.5	3017507941.8
3065000000.0	2775840700.3	2153342948.7	3018491477.8
3066000000.0	2776670868.2	2153840998.4	3019475012.9
3067000000.0	2777500991.1	2154338953.5	3020458547.4
3068000000.0	2778331068.8	2154836814.2	3021442081.0
3069000000.0	2779161101.5	2155334580.3	3022425613.9
3070000000.0	2779991089.1	2155832252.0	3023409146.0
3071000000.0	2780821031.7	2156329829.2	3024392677.3
3072000000.0	2781650929.1	2156827312.0	3025376207.9
3073000000.0	2782480781.5	2157324700.5	3026359737.7
3074000000.0	2783310588.9	2157821994.6	3027343266.8
3075000000.0	2784140351.2	2158319194.4	3028326795.1
3076000000.0	2784970068.4	2158816299.8	3029310322.6
3077000000.0	2785799740.6	2159313311.0	3030293849.3
3078000000.0	2786629367.7	2159810228.0	3031277375.3
3079000000.0	2787458949.8	2160307050.7	3032260900.5
3080000000.0	2788288486.8	2160803779.3	3033244425.0
3081000000.0	2789117978.8	2161300413.7	3034227948.6
3082000000.0	2789947425.8	2161796953.9	3035211471.6
3083000000.0	2790776827.7	2162293400.1	3036194993.7
3084000000.0	2791606184.6	2162789752.1	3037178515.1
3085000000.0	2792435496.5	2163286010.1	3038162035.7
3086000000.0	2793264763.4	2163782174.1	3039145555.5
3087000000.0	2794093985.2	2164278244.0	3040129074.6
3088000000.0	2794923162.1	2164774220.0	3041112592.9
3089000000.0	2795752293.9	2165270102.1	3042096110.5
3090000000.0	2796581380.7	2165765890.2	3043079627.3
3091000000.0	2797410422.6	2166261584.4	3044063143.3
3092000000.0	2798239419.4	2166757184.7	3045046658.5
3093000000.0	2799068371.2	2167252691.2	3046030173.0
3094000000.0	2799897278.1	2167748103.9	3047013686.7
3095000000.0	2800726140.0	2168243422.8	3047997199.6
3096000000.0	2801554956.8	2168738647.9	3048980711.8
3097000000.0	2802383728.7	2169233779.3	3049964223.2
3098000000.0	2803212455.7	2169728817.0	3050947733.9
3099000000.0	2804041137.6	2170223761.0	3051931243.8
3100000000.0	2804869774.6	2170718611.3	3052914752.9
3101000000.0	2805698366.6	2171213368.0	3053898261.2
3102000000.0	2806526913.7	2171708031.1	3054881768.8
3103000000.0	2807355415.8	2172202600.7	3055865275.6
3104000000.0	2808183873.0	2172697076.6	3056848781.7
3105000000.0	2809012285.2	2173191459.1	3057832286.9
3106000000.0	2809840652.4	2173685748.1	3058815791.4
3107000000.0	2810668974.8	2174179943.5	3059799295.2
3108000000.0	2811497252.1	2174674045.6	3060782798.2
3109000000.0	2812325484.6	2175168054.2	3061766300.4
3110000000.0	2813153672.1	2175661969.4	3062749801.8
3111000000.0	2813981814.7	2176155791.3	3063733302.5
3112000000.0	2814809912.3	2176649519.8	3064716802.4
3113000000.0	2815637965.1	2177143155.0	3065700301.6
3114000000.0	2816465972.9	2177636696.9	3066683799.9
3115000000.0	2817293935.8	2178130145.6	3067667297.6
3116000000.0	2818121853.8	2178623501.0	3068650794.4
3117000000.0	2818949726.9	2179116763.2	3069634290.5
3118000000.0	2819777555.1	2179609932.3	3070617785.8
3119000000.0	2820605338.4	2180103008.2	3071601280.3
3120000000.0	2821433076.8	2180595990.9	3072584774.1
3121000000.0	2822260770.3	2181088880.6	3073568267.1
3122000000.0	2823088419.0	2181581677.2	3074551759.4
3123000000.0	2823916022.7	2182074380.7	3075535250.9
3124000000.0	2824743581.6	2182566991.2	3076518741.6
3125000000.0	2825571095.5	2183059508.8	3077502231.5
3126000000.0	2826398564.7	2183551933.3	3078485720.7
3127000000.0	2827225988.9	2184044264.9	3079469209.1
3128000000.0	2828053368.3	2184536503.6	3080452696.8
3129000000.0	2828880702.8	2185028649.4	3081436183.6
3130000000.0	2829707992.5	2185520702.3	3082419669.7
3131000000.0	2830535237.3	2186012662.4	3083403155.1
3132000000.0	2831362437.2	2186504529.7	3084386639.7
3133000000.0	2832189592.3	2186996304.2	3085370123.5
3134000000.0	2833016702.6	2187487986.0	3086353606.5
3135000000.0	2833843768.0	2187979575.0	3087337088.8
3136000000.0	2834670788.6	2188471071.3	3088320570.3
3137000000.0	2835497764.3	2188962474.9	3089304051.1
3138000000.0	2836324695.3	2189453785.9	3090287531.0
3139000000.0	2837151581.4	2189945004.2	3091271010.3
3140000000.0	2837978422.7	2190436130.0	3092254488.7
3141000000.0	2838805219.1	2190927163.1	3093237966.4
3142000000.0	2839631970.8	2191418103.7	3094221443.3
3143000000.0	2840458677.6	2191908951.8	3095204919.4
3144000000.0	2841285339.6	2192399707.4	3096188394.8
3145000000.0	2842111956.9	2192890370.5	3097171869.4
3146000000.0	2842938529.3	2193380941.2	3098155343.3
3147000000.0	2843765056.9	2193871419.5	3099138816.4
3148000000.0	2844591539.7	2194361805.3	3100122288.7
3149000000.0	2845417977.8	2194852098.8	3101105760.2
3150000000.0	2846244371.1	2195342300.0	3102089231.0
3151000000.0	2847070719.5	2195832408.9	3103072701.0
3152000000.0	2847897023.2	2196322425.4	3104056170.3
3153000000.0	2848723282.2	2196812349.7	3105039638.7
3154000000.0	2849549496.3	2197302181.8	3106023106.5
3155000000.0	2850375665.7	2197791921.6	3107006573.4
3156000000.0	2851201790.4	2198281569.3	3107990039.6
3157000000.0	2852027870.2	2198771124.8	3108973505.0
3158000000.0	2852853905.3	2199260588.2	3109956969.6
3159000000.0	2853679895.7	2199749959.4	3110940433.5
3160000000.0	2854505841.3	2200239238.6	3111923896.6
3161000000.0	2855331742.2	2200728425.8	3112907359.0
3162000000.0	2856157598.3	2201217520.9	3113890820.6
3163000000.0	2856983409.7	2201706524.0	3114874281.4
3164000000.0	2857809176.3	2202195435.1	3115857741.4
3165000000.0	2858634898.3	2202684254.3	3116841200.7
3166000000.0	2859460575.5	2203172981.6	3117824659.2
3167000000.0	2860286207.9	2203661616.9	3118808117.0
3168000000.0	2861111795.7	2204150160.4	3119791573.9
3169000000.0	2861937338.7	2204638612.1	3120775030.2
3170000000.0	2862762837.1	2205126971.9	3121758485.6
3171000000.0	2863588290.7	2205615239.9	3122741940.3
3172000000.0	2864413699.6	2206103416.2	3123725394.2
3173000000.0	2865239063.8	2206591500.7	3124708847.4
3174000000.0	2866064383.3	2207079493.5	3125692299.7
3175000000.0	2866889658.1	2207567394.6	3126675751.4
3176000000.0	2867714888.2	2208055204.0	3127659202.2
3177000000.0	2868540073.7	2208542921.8	3128642652.3
3178000000.0	2869365214.4	2209030548.0	3129626101.6
3179000000.0	2870190310.5	2209518082.6	3130609550.1
3180000000.0	2871015361.9	2210005525.7	3131592997.9
3181000000.0	2871840368.6	2210492877.2	3132576444.9
3182000000.0	2872665330.7	2210980137.2	3133559891.2
3183000000.0	2873490248.1	2211467305.7	3134543336.7
3184000000.0	2874315120.8	2211954382.7	3135526781.4
3185000000.0	2875139948.9	2212441368.4	3136510225.3
3186000000.0	2875964732.3	2212928262.6	3137493668.5
3187000000.0	2876789471.1	2213415065.4	3138477110.9
3188000000.0	2877614165.2	2213901776.9	3139460552.6
3189000000.0	2878438814.7	2214388397.0	3140443993.5
3190000000.0	2879263419.5	2214874925.9	3141427433.6
3191000000.0	2880087979.7	2215361363.4	3142410872.9
3192000000.0	2880912495.3	2215847709.7	3143394311.5
3193000000.0	2881736966.2	2216333964.8	3144377749.3
3194000000.0	2882561392.6	2216820128.7	3145361186.4
3195000000.0	2883385774.3	2217306201.4	3146344622.7
3196000000.0	2884210111.3	2217792182.9	3147328058.2
3197000000.0	2885034403.8	2218278073.4	3148311492.9
3198000000.0	2885858651.6	2218763872.7	3149294926.9
3199000000.0	2886682854.9	2219249581.0	3150278360.2
3200000000.0	2887507013.5	2219735198.2	3151261792.6
3201000000.0	2888331127.6	2220220724.4	3152245224.3
3202000000.0	2889155197.0	2220706159.5	3153228655.2
3203000000.0	2889979221.9	2221191503.8	3154212085.4
3204000000.0	2890803202.1	2221676757.0	3155195514.7
3205000000.0	2891627137.8	2222161919.4	3156178943.4
3206000000.0	2892451028.9	2222646990.9	3157162371.2
3207000000.0	2893274875.4	2223131971.4	3158145798.3
3208000000.0	2894098677.3	2223616861.2	3159129224.6
3209000000.0	2894922434.7	2224101660.1	3160112650.2
3210000000.0	2895746147.5	2224586368.3	3161096075.0
3211000000.0	2896569815.8	2225070985.6	3162079499.0
3212000000.0	2897393439.4	2225555512.3	3163062922.2
3213000000.0	2898217018.6	2226039948.2	3164046344.7
3214000000.0	2899040553.1	2226524293.4	3165029766.4
3215000000.0	2899864043.2	2227008548.0	3166013187.4
3216000000.0	2900687488.6	2227492711.9	3166996607.6
3217000000.0	2901510889.6	2227976785.2	3167980027.0
3218000000.0	2902334246.0	2228460767.9	3168963445.7
3219000000.0	2903157557.8	2228944660.1	3169946863.5
3220000000.0	2903980825.1	2229428461.7	3170930280.7
3221000000.0	2904804047.9	2229912172.8	3171913697.0
3222000000.0	2905627226.2	2230395793.4	3172897112.6
3223000000.0	2906450360.0	2230879323.6	3173880527.4
3224000000.0	2907273449.2	2231362763.3	3174863941.5
3225000000.0	2908096493.9	2231846112.6	3175847354.8
3226000000.0	2908919494.2	2232329371.5	3176830767.3
3227000000.0	2909742449.9	2232812540.1	3177814179.0
3228000000.0	2910565361.1	2233295618.3	3178797590.0
3229000000.0	2911388227.8	2233778606.3	3179781000.3
3230000000.0	2912211050.0	2234261503.9	3180764409.7
3231000000.0	2913033827.7	2234744311.3	3181747818.4
3232000000.0	2913856561.0	2235227028.4	3182731226.3
3233000000.0	2914679249.7	2235709655.4	3183714633.5
3234000000.0	2915501894.0	2236192192.1	3184698039.9
3235000000.0	2916324493.8	2236674638.7	3185681445.5
3236000000.0	2917147049.1	2237156995.2	3186664850.4
3237000000.0	2917969559.9	2237639261.6	3187648254.4
3238000000.0	2918792026.3	2238121437.8	3188631657.8
3239000000.0	2919614448.2	2238603524.1	3189615060.3
3240000000.0	2920436825.7	2239085520.2	3190598462.1
3241000000.0	2921259158.7	2239567426.4	3191581863.1
3242000000.0	2922081447.3	2240049242.6	3192565263.4
3243000000.0	2922903691.4	2240530968.9	3193548662.9
3244000000.0	2923725891.0	2241012605.2	3194532061.6
3245000000.0	2924548046.2	2241494151.6	3195515459.6
3246000000.0	2925370157.0	2241975608.2	3196498856.8
3247000000.0	2926192223.4	2242456974.8	3197482253.2
3248000000.0	2927014245.3	2242938251.7	3198465648.9
3249000000.0	2927836222.8	2243419438.7	3199449043.7
3250000000.0	2928658155.9	2243900536.0	3200432437.9
3251000000.0	2929480044.5	2244381543.5	3201415831.2
3252000000.0	2930301888.7	2244862461.3	3202399223.8
3253000000.0	2931123688.6	2245343289.4	3203382615.7
3254000000.0	2931945444.0	2245824027.8	3204366006.7
3255000000.0	2932767155.0	2246304676.5	3205349397.0
3256000000.0	2933588821.6	2246785235.7	3206332786.5
3257000000.0	2934410443.8	2247265705.2	3207316175.3
3258000000.0	2935232021.6	2247746085.1	3208299563.3
3259000000.0	2936053555.0	2248226375.5	3209282950.5
3260000000.0	2936875044.1	2248706576.4	3210266337.0
3261000000.0	2937696488.7	2249186687.7	3211249722.7
3262000000.0	2938517889.0	2249666709.6	3212233107.6
3263000000.0	2939339244.9	2250146642.0	3213216491.8
3264000000.0	2940160556.4	2250626485.0	3214199875.2
3265000000.0	2940981823.6	2251106238.6	3215183257.8
3266000000.0	2941803046.4	2251585902.8	3216166639.7
3267000000.0	2942624224.8	2252065477.7	3217150020.8
3268000000.0	2943445358.9	2252544963.2	3218133401.1
3269000000.0	2944266448.6	2253024359.4	3219116780.6
3270000000.0	2945087493.9	2253503666.4	3220100159.4
3271000000.0	2945908495.0	2253982884.1	3221083537.5
3272000000.0	2946729451.6	2254462012.5	3222066914.7
3273000000.0	2947550364.0	2254941051.8	3223050291.2
3274000000.0	2948371232.0	2255420001.9	3224033667.0
3275000000.0	2949192055.6	2255898862.8	3225017041.9
3276000000.0	2950012835.0	2256377634.6	3226000416.1
3277000000.0	2950833570.0	2256856317.3	3226983789.6
3278000000.0	2951654260.7	2257334910.9	3227967162.2
3279000000.0	2952474907.0	2257813415.5	3228950534.1
3280000000.0	2953295509.1	2258291831.0	3229933905.3
3281000000.0	2954116066.8	2258770157.5	3230917275.6
3282000000.0	2954936580.2	2259248395.1	3231900645.2
3283000000.0	2955757049.4	2259726543.7	3232884014.1
3284000000.0	2956577474.2	2260204603.4	3233867382.1
3285000000.0	2957397854.7	2260682574.1	3234850749.4
3286000000.0	2958218191.0	2261160456.0	3235834116.0
3287000000.0	2959038482.9	2261638249.0	3236817481.7
3288000000.0	2959858730.6	2262115953.2	3237800846.7
3289000000.0	2960678933.9	2262593568.6	3238784211.0
3290000000.0	2961499093.0	2263071095.2	3239767574.4
3291000000.0	2962319207.9	2263548533.1	3240750937.1
3292000000.0	2963139278.4	2264025882.2	3241734299.1
3293000000.0	2963959304.7	2264503142.6	3242717660.2
3294000000.0	2964779286.7	2264980314.3	3243701020.7
3295000000.0	2965599224.5	2265457397.4	3244684380.3
3296000000.0	2966419118.0	2265934391.8	3245667739.2
3297000000.0	2967238967.2	2266411297.6	3246651097.3
3298000000.0	2968058772.2	2266888114.9	3247634454.6
3299000000.0	2968878532.9	2267364843.6	3248617811.2
3300000000.0	2969698249.4	2267841483.7	3249601167.0
3301000000.0	2970517921.7	2268318035.4	3250584522.0
3302000000.0	2971337549.7	2268794498.5	3251567876.3
3303000000.0	2972157133.5	2269270873.2	3252551229.8
3304000000.0	2972976673.1	2269747159.5	3253534582.5
3305000000.0	2973796168.4	2270223357.3	3254517934.5
3306000000.0	2974615619.5	2270699466.8	3255501285.7
3307000000.0	2975435026.4	2271175487.9	3256484636.2
3308000000.0	2976254389.1	2271651420.7	3257467985.8
3309000000.0	2977073707.6	2272127265.1	3258451334.7
3310000000.0	2977892981.9	2272603021.3	3259434682.9
3311000000.0	2978712211.9	2273078689.2	3260418030.2
3312000000.0	2979531397.8	2273554268.9	3261401376.9
3313000000.0	2980350539.4	2274029760.3	3262384722.7
3314000000.0	2981169636.9	2274505163.6	3263368067.8
3315000000.0	2981988690.2	2274980478.7	3264351412.1
3316000000.0	2982807699.3	2275455705.6	3265334755.6
3317000000.0	2983626664.2	2275930844.4	3266318098.4
3318000000.0	2984445584.9	2276405895.2	3267301440.4
3319000000.0	2985264461.5	2276880857.9	3268284781.7
3320000000.0	2986083293.9	2277355732.5	3269268122.1
3321000000.0	2986902082.1	2277830519.1	3270251461.8
3322000000.0	2987720826.1	2278305217.7	3271234800.8
3323000000.0	2988539526.0	2278779828.4	3272218139.0
3324000000.0	2989358181.8	2279254351.1	3273201476.4
3325000000.0	2990176793.3	2279728785.9	3274184813.0
3326000000.0	2990995360.8	2280203132.8	3275168148.9
3327000000.0	2991813884.1	2280677391.8	3276151484.0
3328000000.0	2992632363.2	2281151563.0	3277134818.4
3329000000.0	2993450798.2	2281625646.3	3278118151.9
3330000000.0	2994269189.1	2282099641.9	3279101484.8
3331000000.0	2995087535.8	2282573549.7	3280084816.8
3332000000.0	2995905838.4	2283047369.7	3281068148.1
3333000000.0	2996724096.9	2283521102.0	3282051478.6
3334000000.0	2997542311.2	2283994746.6	3283034808.3
3335000000.0	2998360481.4	2284468303.6	3284018137.3
3336000000.0	2999178607.6	2284941772.8	3285001465.5
3337000000.0	2999996689.6	2285415154.5	3285984793.0
3338000000.0	3000814727.5	2285888448.5	3286968119.7
3339000000.0	3001632721.3	2286361655.0	3287951445.6
3340000000.0	3002450671.0	2286834773.9	3288934770.7
3341000000.0	3003268576.6	2287307805.3	3289918095.1
3342000000.0	3004086438.1	2287780749.2	3290901418.7
3343000000.0	3004904255.5	2288253605.6	3291884741.6
3344000000.0	3005722028.8	2288726374.5	3292868063.7
3345000000.0	3006539758.1	2289199056.0	3293851385.0
3346000000.0	3007357443.3	2289671650.1	3294834705.6
3347000000.0	3008175084.4	2290144156.8	3295818025.3
3348000000.0	3008992681.4	2290616576.2	3296801344.4
3349000000.0	3009810234.3	2291088908.2	3297784662.6
3350000000.0	3010627743.2	2291561152.9	3298767980.1
3351000000.0	3011445208.0	2292033310.3	3299751296.8
3352000000.0	3012262628.8	2292505380.4	3300734612.8
3353000000.0	3013080005.5	2292977363.3	3301717928.0
3354000000.0	3013897338.2	2293449259.0	3302701242.4
3355000000.0	3014714626.8	2293921067.5	3303684556.0
3356000000.0	3015531871.4	2294392788.9	3304667868.9
3357000000.0	3016349071.9	2294864423.1	3305651181.0
3358000000.0	3017166228.4	2295335970.1	3306634492.4
3359000000.0	3017983340.9	2295807430.1	3307617803.0
3360000000.0	3018800409.3	2296278803.0	3308601112.8
3361000000.0	3019617433.7	2296750088.9	3309584421.9
3362000000.0	3020434414.1	2297221287.7	3310567730.2
3363000000.0	3021251350.5	2297692399.6	3311551037.7
3364000000.0	3022068242.9	2298163424.5	3312534344.4
3365000000.0	3022885091.2	2298634362.4	3313517650.4
3366000000.0	3023701895.5	2299105213.4	3314500955.7
3367000000.0	3024518655.9	2299575977.5	3315484260.1
3368000000.0	3025335372.2	2300046654.7	3316467563.8
3369000000.0	3026152044.5	2300517245.1	3317450866.7
3370000000.0	3026968672.9	2300987748.6	3318434168.9
3371000000.0	3027785257.2	2301458165.3	3319417470.3
3372000000.0	3028601797.6	2301928495.3	3320400770.9
3373000000.0	3029418294.0	2302398738.4	3321384070.8
3374000000.0	3030234746.4	2302868894.9	3322367369.9
3375000000.0	3031051154.8	2303338964.6	3323350668.2
3376000000.0	3031867519.3	2303808947.7	3324333965.8
3377000000.0	3032683839.8	2304278844.1	3325317262.6
3378000000.0	3033500116.3	2304748653.9	3326300558.6
3379000000.0	3034316348.8	2305218377.0	3327283853.9
3380000000.0	3035132537.4	2305688013.6	3328267148.4
3381000000.0	3035948682.1	2306157563.6	3329250442.1
3382000000.0	3036764782.8	2306627027.0	3330233735.1
3383000000.0	3037580839.5	2307096403.9	3331217027.3
3384000000.0	3038396852.3	2307565694.4	3332200318.7
3385000000.0	3039212821.2	2308034898.4	3333183609.4
3386000000.0	3040028746.1	2308504015.9	3334166899.3
3387000000.0	3040844627.1	2308973047.0	3335150188.4
3388000000.0	3041660464.2	2309441991.7	3336133476.8
3389000000.0	3042476257.3	2309910850.0	3337116764.4
3390000000.0	3043292006.5	2310379622.0	3338100051.2
3391000000.0	3044107711.8	2310848307.6	3339083337.3
3392000000.0	3044923373.2	2311316907.0	3340066622.6
3393000000.0	3045738990.7	2311785420.1	3341049907.1
3394000000.0	3046554564.2	2312253846.9	3342033190.9
3395000000.0	3047370093.9	2312722187.5	3343016473.9
3396000000.0	3048185579.6	2313190441.8	3343999756.1
3397000000.0	3049001021.5	2313658610.0	3344983037.6
3398000000.0	3049816419.5	2314126692.1	3345966318.3
3399000000.0	3050631773.5	2314594687.9	3346949598.2
3400000000.0	3051447083.7	2315062597.7	3347932877.4
3401000000.0	3052262350.0	2315530421.4	3348916155.8
3402000000.0	3053077572.4	2315998159.1	3349899433.4
3403000000.0	3053892751.0	2316465810.6	3350882710.3
3404000000.0	3054707885.7	2316933376.2	3351865986.4
3405000000.0	3055522976.5	2317400855.8	3352849261.8
3406000000.0	3056338023.4	2317868249.4	3353832536.3
3407000000.0	3057153026.5	2318335557.1	3354815810.1
3408000000.0	3057967985.7	2318802778.8	3355799083.2
3409000000.0	3058782901.0	2319269914.6	3356782355.5
3410000000.0	3059597772.6	2319736964.6	3357765627.0
3411000000.0	3060412600.2	2320203928.7	3358748897.7
3412000000.0	3061227384.0	2320670807.0	3359732167.7
3413000000.0	3062042124.0	2321137599.5	3360715436.9
3414000000.0	3062856820.1	2321604306.2	3361698705.4
3415000000.0	3063671472.4	2322070927.1	3362681973.0
3416000000.0	3064486080.9	2322537462.4	3363665239.9
3417000000.0	3065300645.6	2323003911.9	3364648506.1
3418000000.0	3066115166.4	2323470275.7	3365631771.5
3419000000.0	3066929643.4	2323936553.8	3366615036.1
3420000000.0	3067744076.6	2324402746.3	3367598299.9
3421000000.0	3068558465.9	2324868853.3	3368581563.0
3422000000.0	3069372811.5	2325334874.6	3369564825.3
3423000000.0	3070187113.3	2325800810.3	3370548086.9
3424000000.0	3071001371.2	2326266660.5	3371531347.7
3425000000.0	3071815585.4	2326732425.2	3372514607.7
3426000000.0	3072629755.7	2327198104.4	3373497866.9
3427000000.0	3073443882.3	2327663698.1	3374481125.4
3428000000.0	3074257965.1	2328129206.3	3375464383.1
3429000000.0	3075072004.1	2328594629.2	3376447640.1
3430000000.0	3075885999.3	2329059966.6	3377430896.3
3431000000.0	3076699950.7	2329525218.6	3378414151.7
3432000000.0	3077513858.4	2329990385.3	3379397406.3
3433000000.0	3078327722.3	2330455466.7	3380380660.2
3434000000.0	3079141542.4	2330920462.7	3381363913.3
3435000000.0	3079955318.8	2331385373.5	3382347165.7
3436000000.0	3080769051.4	2331850199.0	3383330417.3
3437000000.0	3081582740.3	2332314939.3	3384313668.1
3438000000.0	3082396385.3	2332779594.3	3385296918.2
3439000000.0	3083209986.7	2333244164.2	3386280167.4
3440000000.0	3084023544.3	2333708648.9	3387263416.0
3441000000.0	3084837058.2	2334173048.4	3388246663.7
3442000000.0	3085650528.3	2334637362.8	3389229910.7
3443000000.0	3086463954.7	2335101592.1	3390213156.9
3444000000.0	3087277337.3	2335565736.4	3391196402.4
3445000000.0	3088090676.2	2336029795.6	3392179647.1
3446000000.0	3088903971.4	2336493769.8	3393162891.0
3447000000.0	3089717222.9	2336957658.9	3394146134.2
3448000000.0	3090530430.7	2337421463.1	3395129376.6
3449000000.0	3091343594.7	2337885182.3	3396112618.2
3450000000.0	3092156715.1	2338348816.6	3397095859.0
3451000000.0	3092969791.7	2338812366.0	3398079099.1
3452000000.0	3093782824.6	2339275830.5	3399062338.5
3453000000.0	3094595813.9	2339739210.1	3400045577.0
3454000000.0	3095408759.4	2340202504.9	3401028814.8
3455000000.0	3096221661.2	2340665714.9	3402012051.9
3456000000.0	3097034519.4	2341128840.1	3402995288.1
3457000000.0	3097847333.8	2341591880.5	3403978523.6
3458000000.0	3098660104.6	2342054836.1	3404961758.4
3459000000.0	3099472831.7	2342517707.0	3405944992.3
3460000000.0	3100285515.2	2342980493.3	3406928225.5
3461000000.0	3101098154.9	2343443194.8	3407911457.9
3462000000.0	3101910751.0	2343905811.7	3408894689.6
3463000000.0	3102723303.4	2344368344.0	3409877920.5
3464000000.0	3103535812.2	2344830791.6	3410861150.6
3465000000.0	3104348277.3	2345293154.7	3411844380.0
3466000000.0	3105160698.7	2345755433.2	3412827608.6
3467000000.0	3105973076.5	2346217627.2	3413810836.5
3468000000.0	3106785410.7	2346679736.6	3414794063.5
3469000000.0	3107597701.2	2347141761.6	3415777289.8
3470000000.0	3108409948.1	2347603702.1	3416760515.4
3471000000.0	3109222151.3	2348065558.1	3417743740.1
3472000000.0	3110034310.9	2348527329.8	3418726964.1
3473000000.0	3110846426.9	2348989017.0	3419710187.4
3474000000.0	3111658499.2	2349450619.8	3420693409.9
3475000000.0	3112470528.0	2349912138.3	3421676631.6
3476000000.0	3113282513.1	2350373572.5	3422659852.5
3477000000.0	3114094454.5	2350834922.3	3423643072.7
3478000000.0	3114906352.4	2351296187.9	3424626292.1
3479000000.0	3115718206.7	2351757369.2	3425609510.7
3480000000.0	3116530017.4	2352218466.3	3426592728.6
3481000000.0	3117341784.4	2352679479.1	3427575945.7
3482000000.0	3118153507.9	2353140407.8	3428559162.0
3483000000.0	3118965187.8	2353601252.3	3429542377.6
3484000000.0	3119776824.0	2354062012.7	3430525592.4
3485000000.0	3120588416.7	2354522688.9	3431508806.5
3486000000.0	3121399965.8	2354983281.0	3432492019.8
3487000000.0	3122211471.4	2355443789.1	3433475232.3
3488000000.0	3123022933.3	2355904213.1	3434458444.0
3489000000.0	3123834351.7	2356364553.0	3435441655.0
3490000000.0	3124645726.5	2356824809.0	3436424865.2
3491000000.0	3125457057.7	2357284980.9	3437408074.7
3492000000.0	3126268345.4	2357745069.0	3438391283.3
3493000000.0	3127079589.5	2358205073.0	3439374491.3
3494000000.0	3127890790.1	2358664993.2	3440357698.4
3495000000.0	3128701947.1	2359124829.5	3441340904.8
3496000000.0	3129513060.6	2359584581.9	3442324110.4
3497000000.0	3130324130.5	2360044250.4	3443307315.3
3498000000.0	3131135156.9	2360503835.1	3444290519.3
3499000000.0	3131946139.7	2360963336.0	3445273722.7
3500000000.0	3132757079.0	2361422753.2	3446256925.2
3501000000.0	3133567974.8	2361882086.6	3447240127.0
3502000000.0	3134378827.0	2362341336.2	3448223328.0
3503000000.0	3135189635.8	2362800502.2	3449206528.3
3504000000.0	3136000401.0	2363259584.4	3450189727.8
3505000000.0	3136811122.6	2363718583.0	3451172926.5
3506000000.0	3137621800.8	2364177498.0	3452156124.4
3507000000.0	3138432435.5	2364636329.3	3453139321.6
3508000000.0	3139243026.6	2365095077.1	3454122518.1
3509000000.0	3140053574.3	2365553741.3	3455105713.7
3510000000.0	3140864078.4	2366012321.9	3456088908.6
3511000000.0	3141674539.1	2366470819.0	3457072102.7
3512000000.0	3142484956.2	2366929232.6	3458055296.1
3513000000.0	3143295329.9	2367387562.7	3459038488.7
3514000000.0	3144105660.1	2367845809.3	3460021680.5
3515000000.0	3144915946.8	2368303972.6	3461004871.6
3516000000.0	3145726190.0	2368762052.4	3461988061.9
3517000000.0	3146536389.8	2369220048.8	3462971251.4
3518000000.0	3147346546.1	2369677961.8	3463954440.2
3519000000.0	3148156658.9	2370135791.5	3464937628.2
3520000000.0	3148966728.2	2370593537.9	3465920815.4
3521000000.0	3149776754.1	2371051201.0	3466904001.8
3522000000.0	3150586736.5	2371508780.8	3467887187.5
3523000000.0	3151396675.5	2371966277.4	3468870372.5
3524000000.0	3152206571.0	2372423690.7	3469853556.6
3525000000.0	3153016423.1	2372881020.8	3470836740.0
3526000000.0	3153826231.7	2373338267.8	3471819922.7
3527000000.0	3154635996.9	2373795431.5	3472803104.5
3528000000.0	3155445718.7	2374252512.2	3473786285.6
3529000000.0	3156255397.0	2374709509.7	3474769466.0
3530000000.0	3157065031.9	2375166424.1	3475752645.5
3531000000.0	3157874623.4	2375623255.5	3476735824.4
3532000000.0	3158684171.4	2376080003.8	3477719002.4
3533000000.0	3159493676.0	2376536669.0	3478702179.7
3534000000.0	3160303137.2	2376993251.3	3479685356.2
3535000000.0	3161112555.0	2377449750.6	3480668531.9
3536000000.0	3161921929.4	2377906166.9	3481651706.9
3537000000.0	3162731260.4	2378362500.3	3482634881.1
3538000000.0	3163540548.0	2378818750.8	3483618054.5
3539000000.0	3164349792.2	2379274918.4	3484601227.2
3540000000.0	3165158993.0	2379731003.1	3485584399.1
3541000000.0	3165968150.4	2380187005.0	3486567570.2
3542000000.0	3166777264.4	2380642924.1	3487550740.6
3543000000.0	3167586335.0	2381098760.3	3488533910.2
3544000000.0	3168395362.3	2381554513.8	3489517079.1
3545000000.0	3169204346.1	2382010184.5	3490500247.2
3546000000.0	3170013286.6	2382465772.5	3491483414.5
3547000000.0	3170822183.7	2382921277.8	3492466581.0
3548000000.0	3171631037.5	2383376700.4	3493449746.8
3549000000.0	3172439847.9	2383832040.3	3494432911.8
3550000000.0	3173248614.9	2384287297.6	3495416076.1
3551000000.0	3174057338.6	2384742472.3	3496399239.5
3552000000.0	3174866018.9	2385197564.3	3497382402.3
3553000000.0	3175674655.9	2385652573.8	3498365564.2
3554000000.0	3176483249.5	2386107500.8	3499348725.4
3555000000.0	3177291799.8	2386562345.2	3500331885.8
3556000000.0	3178100306.8	2387017107.1	3501315045.5
3557000000.0	3178908770.4	2387471786.5	3502298204.3
3558000000.0	3179717190.7	2387926383.5	3503281362.5
3559000000.0	3180525567.6	2388380898.0	3504264519.8
3560000000.0	3181333901.2	2388835330.1	3505247676.4
3561000000.0	3182142191.5	2389289679.8	3506230832.2
3562000000.0	3182950438.5	2389743947.1	3507213987.3
3563000000.0	3183758642.2	2390198132.1	3508197141.6
3564000000.0	3184566802.6	2390652234.7	3509180295.1
3565000000.0	3185374919.6	2391106255.1	3510163447.8
3566000000.0	3186182993.4	2391560193.2	3511146599.8
3567000000.0	3186991023.8	2392014049.0	3512129751.1
3568000000.0	3187799011.0	2392467822.5	3513112901.5
3569000000.0	3188606954.8	2392921513.9	3514096051.2
3570000000.0	3189414855.4	2393375123.0	3515079200.1
3571000000.0	3190222712.7	2393828650.0	3516062348.3
3572000000.0	3191030526.7	2394282094.8	3517045495.7
3573000000.0	3191838297.4	2394735457.5	3518028642.3
3574000000.0	3192646024.8	2395188738.1	3519011788.2
3575000000.0	3193453709.0	2395641936.6	3519994933.3
3576000000.0	3194261349.9	2396095053.1	3520978077.6
3577000000.0	3195068947.6	2396548087.5	3521961221.2
3578000000.0	3195876501.9	2397001039.9	3522944364.0
3579000000.0	3196684013.0	2397453910.3	3523927506.0
3580000000.0	3197491480.9	2397906698.8	3524910647.3
3581000000.0	3198298905.5	2398359405.2	3525893787.8
3582000000.0	3199106286.9	2398812029.8	3526876927.5
3583000000.0	3199913625.0	2399264572.5	3527860066.5
3584000000.0	3200720919.9	2399717033.2	3528843204.7
3585000000.0	3201528171.5	2400169412.2	3529826342.1
3586000000.0	3202335379.9	2400621709.2	3530809478.8
3587000000.0	3203142545.1	2401073924.5	3531792614.7
3588000000.0	3203949667.0	2401526058.0	3532775749.8
3589000000.0	3204756745.7	2401978109.7	3533758884.2
3590000000.0	3205563781.2	2402430079.6	3534742017.8
3591000000.0	3206370773.5	2402881967.9	3535725150.6
3592000000.0	3207177722.6	2403333774.4	3536708282.7
3593000000.0	3207984628.4	2403785499.2	3537691414.0
3594000000.0	3208791491.1	2404237142.4	3538674544.6
3595000000.0	3209598310.5	2404688703.9	3539657674.3
3596000000.0	3210405086.7	2405140183.9	3540640803.4
3597000000.0	3211211819.8	2405591582.2	3541623931.6
3598000000.0	3212018509.7	2406042898.9	3542607059.1
3599000000.0	3212825156.3	2406494134.2	3543590185.8
3600000000.0	3213631759.8	2406945287.8	3544573311.7
3601000000.0	3214438320.1	2407396360.0	3545556436.9
3602000000.0	3215244837.2	2407847350.7	3546539561.3
3603000000.0	3216051311.2	2408298259.9	3547522685.0
3604000000.0	3216857741.9	2408749087.7	3548505807.9
3605000000.0	3217664129.5	2409199834.1	3549488930.0
3606000000.0	3218470474.0	2409650499.1	3550472051.3
3607000000.0	3219276775.3	2410101082.7	3551455171.9
3608000000.0	3220083033.4	2410551585.0	3552438291.7
3609000000.0	3220889248.3	2411002005.9	3553421410.8
3610000000.0	3221695420.1	2411452345.5	3554404529.1
3611000000.0	3222501548.8	2411902603.8	3555387646.6
3612000000.0	3223307634.3	2412352780.9	3556370763.3
3613000000.0	3224113676.7	2412802876.8	3557353879.3
3614000000.0	3224919676.0	2413252891.4	3558336994.5
3615000000.0	3225725632.1	2413702824.8	3559320109.0
3616000000.0	3226531545.0	2414152677.0	3560303222.7
3617000000.0	3227337414.9	2414602448.1	3561286335.6
3618000000.0	3228143241.6	2415052138.1	3562269447.8
3619000000.0	3228949025.2	2415501746.9	3563252559.2
3620000000.0	3229754765.7	2415951274.7	3564235669.8
3621000000.0	3230560463.1	2416400721.4	3565218779.6
3622000000.0	3231366117.4	2416850087.1	3566201888.7
3623000000.0	3232171728.5	2417299371.7	3567184997.1
3624000000.0	3232977296.6	2417748575.3	3568168104.6
3625000000.0	3233782821.5	2418197698.0	3569151211.4
3626000000.0	3234588303.4	2418646739.7	3570134317.5
3627000000.0	3235393742.2	2419095700.5	3571117422.7
3628000000.0	3236199137.9	2419544580.3	3572100527.2
3629000000.0	3237004490.5	2419993379.3	3573083631.0
3630000000.0	3237809800.0	2420442097.4	3574066733.9
3631000000.0	3238615066.4	2420890734.6	3575049836.1
3632000000.0	3239420289.8	2421339291.1	3576032937.6
3633000000.0	3240225470.0	2421787766.7	3577016038.2
3634000000.0	3241030607.3	2422236161.6	3577999138.1
3635000000.0	3241835701.4	2422684475.6	3578982237.3
3636000000.0	3242640752.5	2423132709.0	3579965335.6
3637000000.0	3243445760.6	2423580861.6	3580948433.2
3638000000.0	3244250725.5	2424028933.6	3581931530.1
3639000000.0	3245055647.5	2424476924.8	3582914626.1
3640000000.0	3245860526.4	2424924835.5	3583897721.5
3641000000.0	3246665362.2	2425372665.5	3584880816.0
3642000000.0	3247470155.0	2425820414.9	3585863909.8
3643000000.0	3248274904.8	2426268083.7	3586847002.8
3644000000.0	3249079611.5	2426715671.9	3587830095.0
3645000000.0	3249884275.2	2427163179.6	3588813186.5
3646000000.0	3250688895.9	2427610606.8	3589796277.2
3647000000.0	3251493473.5	2428057953.5	3590779367.2
3648000000.0	3252298008.1	2428505219.7	3591762456.3
3649000000.0	3253102499.7	2428952405.4	3592745544.7
3650000000.0	3253906948.3	2429399510.8	3593728632.4
3651000000.0	3254711353.9	2429846535.7	3594711719.3
3652000000.0	3255515716.5	2430293480.2	3595694805.4
3653000000.0	3256320036.1	2430740344.3	3596677890.7
3654000000.0	3257124312.7	2431187128.2	3597660975.3
3655000000.0	3257928546.3	2431633831.6	3598644059.1
3656000000.0	3258732736.9	2432080454.8	3599627142.2
3657000000.0	3259536884.5	2432526997.7	3600610224.5
3658000000.0	3260340989.1	2432973460.4	3601593306.0
3659000000.0	3261145050.7	2433419842.8	3602576386.8
3660000000.0	3261949069.4	2433866145.0	3603559466.7
3661000000.0	3262753045.1	2434312367.0	3604542546.0
3662000000.0	3263556977.8	2434758508.8	3605525624.4
3663000000.0	3264360867.5	2435204570.5	3606508702.1
3664000000.0	3265164714.3	2435650552.0	3607491779.0
3665000000.0	3265968518.1	2436096453.5	3608474855.2
3666000000.0	3266772279.0	2436542274.8	3609457930.6
3667000000.0	3267575996.9	2436988016.1	3610441005.2
3668000000.0	3268379671.8	2437433677.4	3611424079.1
3669000000.0	3269183303.8	2437879258.6	3612407152.2
3670000000.0	3269986892.9	2438324759.8	3613390224.5
3671000000.0	3270790439.0	2438770181.0	3614373296.1
3672000000.0	3271593942.2	2439215522.3	3615356366.9
3673000000.0	3272397402.5	2439660783.7	3616339436.9
3674000000.0	3273200819.8	2440105965.1	3617322506.1
3675000000.0	3274004194.2	2440551066.7	3618305574.6
3676000000.0	3274807525.7	2440996088.4	3619288642.4
3677000000.0	3275610814.2	2441441030.2	3620271709.3
3678000000.0	3276414059.8	2441885892.2	3621254775.5
3679000000.0	3277217262.6	2442330674.4	3622237841.0
3680000000.0	3278020422.4	2442775376.8	3623220905.7
3681000000.0	3278823539.3	2443219999.5	3624203969.6
3682000000.0	3279626613.3	2443664542.4	3625187032.7
3683000000.0	3280429644.4	2444109005.6	3626170095.1
3684000000.0	3281232632.6	2444553389.0	3627153156.7
3685000000.0	3282035577.9	2444997692.9	3628136217.5
3686000000.0	3282838480.3	2445441917.0	3629119277.6
3687000000.0	3283641339.9	2445886061.5	3630102336.9
3688000000.0	3284444156.5	2446330126.4	3631085395.4
3689000000.0	3285246930.3	2446774111.8	3632068453.2
3690000000.0	3286049661.2	2447218017.5	3633051510.2
3691000000.0	3286852349.3	2447661843.7	3634034566.5
3692000000.0	3287654994.4	2448105590.4	3635017621.9
3693000000.0	3288457596.7	2448549257.5	3636000676.7
3694000000.0	3289260156.2	2448992845.2	3636983730.6
3695000000.0	3290062672.7	2449436353.4	3637966783.8
3696000000.0	3290865146.5	2449879782.2	3638949836.2
3697000000.0	3291667577.3	2450323131.6	3639932887.8
3698000000.0	3292469965.4	2450766401.5	3640915938.7
3699000000.0	3293272310.5	2451209592.1	3641898988.9
3700000000.0	3294074612.9	2451652703.3	3642882038.2
3701000000.0	3294876872.4	2452095735.2	3643865086.8
3702000000.0	3295679089.1	2452538687.8	3644848134.6
3703000000.0	3296481262.9	2452981561.1	3645831181.7
3704000000.0	3297283393.9	2453424355.1	3646814227.9
3705000000.0	3298085482.1	2453867069.8	3647797273.5
3706000000.0	3298887527.5	2454309705.3	3648780318.2
3707000000.0	3299689530.0	2454752261.7	3649763362.2
3708000000.0	3300491489.8	2455194738.8	3650746405.4
3709000000.0	3301293406.7	2455637136.8	3651729447.9
3710000000.0	3302095280.8	2456079455.6	3652712489.6
3711000000.0	3302897112.1	2456521695.3	3653695530.5
3712000000.0	3303698900.6	2456963855.9	3654678570.7
3713000000.0	3304500646.4	2457405937.4	3655661610.1
3714000000.0	3305302349.3	2457847939.9	3656644648.7
3715000000.0	3306104009.4	2458289863.3	3657627686.6
3716000000.0	3306905626.8	2458731707.7	3658610723.7
3717000000.0	3307707201.4	2459173473.1	3659593760.0
3718000000.0	3308508733.1	2459615159.6	3660576795.6
3719000000.0	3309310222.2	2460056767.1	3661559830.4
3720000000.0	3310111668.4	2460498295.6	3662542864.4
3721000000.0	3310913071.9	2460939745.3	3663525897.7
3722000000.0	3311714432.6	2461381116.0	3664508930.2
3723000000.0	3312515750.5	2461822407.9	3665491961.9
3724000000.0	3313317025.7	2462263620.9	3666474992.9
3725000000.0	3314118258.1	2462704755.2	3667458023.1
3726000000.0	3314919447.8	2463145810.6	3668441052.5
3727000000.0	3315720594.8	2463586787.2	3669424081.2
3728000000.0	3316521698.9	2464027685.0	3670407109.1
3729000000.0	3317322760.4	2464468504.2	3671390136.2
3730000000.0	3318123779.1	2464909244.6	3672373162.6
3731000000.0	3318924755.1	2465349906.3	3673356188.2
3732000000.0	3319725688.3	2465790489.3	3674339213.1
3733000000.0	3320526578.8	2466230993.7	3675322237.2
3734000000.0	3321327426.6	2466671419.4	3676305260.5
3735000000.0	3322128231.7	2467111766.5	3677288283.0
3736000000.0	3322928994.0	2467552035.0	3678271304.8
3737000000.0	3323729713.7	2467992225.0	3679254325.8
3738000000.0	3324530390.6	2468432336.4	3680237346.1
3739000000.0	3325331024.8	2468872369.2	3681220365.5
3740000000.0	3326131616.3	2469312323.6	3682203384.3
3741000000.0	3326932165.1	2469752199.4	3683186402.2
3742000000.0	3327732671.3	2470191996.8	3684169419.4
3743000000.0	3328533134.7	2470631715.8	3685152435.8
3744000000.0	3329333555.4	2471071356.3	3686135451.5
3745000000.0	3330133933.5	2471510918.4	3687118466.4
3746000000.0	3330934268.8	2471950402.2	3688101480.5
3747000000.0	3331734561.5	2472389807.5	3689084493.8
3748000000.0	3332534811.5	2472829134.6	3690067506.4
3749000000.0	3333335018.8	2473268383.3	3691050518.2
3750000000.0	3334135183.5	2473707553.7	3692033529.3
3751000000.0	3334935305.5	2474146645.8	3693016539.6
3752000000.0	3335735384.8	2474585659.7	3693999549.1
3753000000.0	3336535421.5	2475024595.3	3694982557.9
3754000000.0	3337335415.5	2475463452.8	3695965565.9
3755000000.0	3338135366.9	2475902232.0	3696948573.1
3756000000.0	3338935275.6	2476340933.0	3697931579.6
3757000000.0	3339735141.7	2476779555.9	3698914585.3
3758000000.0	3340534965.1	2477218100.7	3699897590.2
3759000000.0	3341334745.9	2477656567.3	3700880594.4
3760000000.0	3342134484.0	2478094955.9	3701863597.8
3761000000.0	3342934179.5	2478533266.4	3702846600.4
3762000000.0	3343733832.4	2478971498.8	3703829602.3
3763000000.0	3344533442.7	2479409653.2	3704812603.4
3764000000.0	3345333010.3	2479847729.6	3705795603.7
3765000000.0	3346132535.4	2480285728.1	3706778603.3
3766000000.0	3346932017.8	2480723648.5	3707761602.1
3767000000.0	3347731457.6	2481161491.0	3708744600.1
3768000000.0	3348530854.8	2481599255.6	3709727597.4
3769000000.0	3349330209.3	2482036942.3	3710710593.9
3770000000.0	3350129521.3	2482474551.1	3711693589.7
3771000000.0	3350928790.7	2482912082.0	3712676584.6
3772000000.0	3351728017.5	2483349535.1	3713659578.9
3773000000.0	3352527201.7	2483786910.4	3714642572.3
3774000000.0	3353326343.3	2484224207.8	3715625565.0
3775000000.0	3354125442.3	2484661427.5	3716608556.9
3776000000.0	3354924498.8	2485098569.5	3717591548.0
3777000000.0	3355723512.6	2485535633.7	3718574538.4
3778000000.0	3356522483.9	2485972620.2	3719557528.0
3779000000.0	3357321412.7	2486409528.9	3720540516.9
3780000000.0	3358120298.8	2486846360.1	3721523505.0
3781000000.0	3358919142.4	2487283113.5	3722506492.3
3782000000.0	3359717943.4	2487719789.3	3723489478.8
3783000000.0	3360516701.9	2488156387.5	3724472464.6
3784000000.0	3361315417.8	2488592908.2	3725455449.7
3785000000.0	3362114091.2	2489029351.2	3726438433.9
3786000000.0	3362912722.0	2489465716.7	3727421417.4
3787000000.0	3363711310.3	2489902004.7	3728404400.1
3788000000.0	3364509856.0	2490338215.1	3729387382.1
3789000000.0	3365308359.2	2490774348.1	3730370363.3
3790000000.0	3366106819.9	2491210403.6	3731353343.7
3791000000.0	3366905238.0	2491646381.6	3732336323.4
3792000000.0	3367703613.6	2492082282.3	3733319302.3
3793000000.0	3368501946.7	2492518105.5	3734302280.4
3794000000.0	3369300237.3	2492953851.3	3735285257.8
3795000000.0	3370098485.3	2493389519.8	3736268234.3
3796000000.0	3370896690.8	2493825110.9	3737251210.2
3797000000.0	3371694853.9	2494260624.7	3738234185.2
3798000000.0	3372492974.4	2494696061.2	3739217159.5
3799000000.0	3373291052.4	2495131420.4	3740200133.1
3800000000.0	3374089087.9	2495566702.3	3741183105.9
3801000000.0	3374887080.9	2496001907.0	3742166077.9
3802000000.0	3375685031.5	2496437034.5	3743149049.1
3803000000.0	3376482939.5	2496872084.8	3744132019.6
3804000000.0	3377280805.1	2497307057.9	3745114989.3
3805000000.0	3378078628.1	2497741953.9	3746097958.2
3806000000.0	3378876408.7	2498176772.7	3747080926.4
3807000000.0	3379674146.8	2498611514.3	3748063893.8
3808000000.0	3380471842.5	2499046178.9	3749046860.4
3809000000.0	3381269495.6	2499480766.4	3750029826.3
3810000000.0	3382067106.3	2499915276.9	3751012791.4
3811000000.0	3382864674.6	2500349710.3	3751995755.8
3812000000.0	3383662200.4	2500784066.7	3752978719.4
3813000000.0	3384459683.7	2501218346.1	3753961682.2
3814000000.0	3385257124.6	2501652548.6	3754944644.2
3815000000.0	3386054523.0	2502086674.0	3755927605.5
3816000000.0	3386851879.0	2502520722.6	3756910566.0
3817000000.0	3387649192.5	2502954694.2	3757893525.8
3818000000.0	3388446463.6	2503388589.0	3758876484.8
3819000000.0	3389243692.3	2503822406.8	3759859443.0
3820000000.0	3390040878.5	2504256147.8	3760842400.4
3821000000.0	3390838022.4	2504689812.0	3761825357.1
3822000000.0	3391635123.7	2505123399.4	3762808313.0
3823000000.0	3392432182.7	2505556910.0	3763791268.2
3824000000.0	3393229199.2	2505990343.8	3764774222.6
3825000000.0	3394026173.4	2506423700.8	3765757176.2
3826000000.0	3394823105.1	2506856981.2	3766740129.1
3827000000.0	3395619994.4	2507290184.8	3767723081.2
3828000000.0	3396416841.3	2507723311.7	3768706032.5
3829000000.0	3397213645.8	2508156362.0	3769688983.1
3830000000.0	3398010407.9	2508589335.6	3770671932.9
3831000000.0	3398807127.6	2509022232.6	3771654881.9
3832000000.0	3399603804.9	2509455052.9	3772637830.2
3833000000.0	3400400439.9	2509887796.7	3773620777.7
3834000000.0	3401197032.4	2510320464.0	3774603724.4
3835000000.0	3401993582.6	2510753054.6	3775586670.4
3836000000.0	3402790090.4	2511185568.8	3776569615.6
3837000000.0	3403586555.8	2511618006.4	3777552560.0
3838000000.0	3404382978.8	2512050367.6	3778535503.7
3839000000.0	3405179359.5	2512482652.3	3779518446.6
3840000000.0	3405975697.8	2512914860.5	3780501388.7
3841000000.0	3406771993.8	2513346992.3	3781484330.1
3842000000.0	3407568247.4	2513779047.8	3782467270.7
3843000000.0	3408364458.6	2514211026.8	3783450210.5
3844000000.0	3409160627.5	2514642929.5	3784433149.6
3845000000.0	3409956754.0	2515074755.8	3785416087.9
3846000000.0	3410752838.2	2515506505.8	3786399025.5
3847000000.0	3411548880.1	2515938179.5	3787381962.2
3848000000.0	3412344879.6	2516369776.9	3788364898.3
3849000000.0	3413140836.8	2516801298.1	3789347833.5
3850000000.0	3413936751.6	2517232743.0	3790330768.0
3851000000.0	3414732624.2	2517664111.7	3791313701.7
3852000000.0	3415528454.4	2518095404.1	3792296634.7
3853000000.0	3416324242.3	2518526620.4	3793279566.8
3854000000.0	3417119987.8	2518957760.6	3794262498.3
3855000000.0	3417915691.1	2519388824.6	3795245428.9
3856000000.0	3418711352.0	2519819812.5	3796228358.8
3857000000.0	3419506970.7	2520250724.2	3797211287.9
3858000000.0	3420302547.0	2520681559.9	3798194216.3
3859000000.0	3421098081.0	2521112319.6	3799177143.9
3860000000.0	3421893572.8	2521543003.2	3800160070.7
3861000000.0	3422689022.2	2521973610.7	3801142996.8
3862000000.0	3423484429.4	2522404142.3	3802125922.1
3863000000.0	3424279794.3	2522834597.9	3803108846.6
3864000000.0	3425075116.8	2523264977.5	3804091770.3
3865000000.0	3425870397.2	2523695281.2	3805074693.3
3866000000.0	3426665635.2	2524125509.0	3806057615.6
3867000000.0	3427460830.9	2524555660.9	3807040537.0
3868000000.0	3428255984.4	2524985736.9	3808023457.7
3869000000.0	3429051095.7	2525415737.0	3809006377.7
3870000000.0	3429846164.6	2525845661.3	3809989296.8
3871000000.0	3430641191.3	2526275509.8	3810972215.3
3872000000.0	3431436175.8	2526705282.4	3811955132.9
3873000000.0	3432231117.9	2527134979.3	3812938049.8
3874000000.0	3433026017.9	2527564600.4	3813920965.9
3875000000.0	3433820875.6	2527994145.8	3814903881.2
3876000000.0	3434615691.0	2528423615.5	3815886795.8
3877000000.0	3435410464.3	2528853009.5	3816869709.6
3878000000.0	3436205195.2	2529282327.8	3817852622.6
3879000000.0	3436999884.0	2529711570.4	3818835534.9
3880000000.0	3437794530.5	2530140737.4	3819818446.4
3881000000.0	3438589134.8	2530569828.8	3820801357.2
3882000000.0	3439383696.9	2530998844.6	3821784267.1
3883000000.0	3440178216.7	2531427784.8	3822767176.4
3884000000.0	3440972694.3	2531856649.4	3823750084.8
3885000000.0	3441767129.8	2532285438.5	3824732992.5
3886000000.0	3442561523.0	2532714152.1	3825715899.4
3887000000.0	3443355874.0	2533142790.1	3826698805.6
3888000000.0	3444150182.8	2533571352.7	3827681711.0
3889000000.0	3444944449.4	2533999839.9	3828664615.6
3890000000.0	3445738673.8	2534428251.6	3829647519.4
3891000000.0	3446532856.0	2534856587.9	3830630422.5
3892000000.0	3447326996.0	2535284848.7	3831613324.8
3893000000.0	3448121093.9	2535713034.2	3832596226.4
3894000000.0	3448915149.5	2536141144.4	3833579127.2
3895000000.0	3449709163.0	2536569179.2	3834562027.2
3896000000.0	3450503134.3	2536997138.6	3835544926.5
3897000000.0	3451297063.5	2537425022.8	3836527825.0
3898000000.0	3452090950.4	2537852831.7	3837510722.7
3899000000.0	3452884795.2	2538280565.4	3838493619.7
3900000000.0	3453678597.9	2538708223.7	3839476515.9
3901000000.0	3454472358.4	2539135806.9	3840459411.3
3902000000.0	3455266076.7	2539563314.9	3841442306.0
3903000000.0	3456059752.9	2539990747.7	3842425199.9
3904000000.0	3456853386.9	2540418105.3	3843408093.0
3905000000.0	3457646978.8	2540845387.8	3844390985.4
3906000000.0	3458440528.5	2541272595.2	3845373877.0
3907000000.0	3459234036.1	2541699727.4	3846356767.8
3908000000.0	3460027501.6	2542126784.6	3847339657.9
3909000000.0	3460820924.9	2542553766.7	3848322547.2
3910000000.0	3461614306.1	2542980673.8	3849305435.7
3911000000.0	3462407645.2	2543407505.9	3850288323.5
3912000000.0	3463200942.2	2543834262.9	3851271210.5
3913000000.0	3463994197.0	2544260945.0	3852254096.8
3914000000.0	3464787409.7	2544687552.1	3853236982.3
3915000000.0	3465580580.3	2545114084.2	3854219867.0
3916000000.0	3466373708.8	2545540541.5	3855202750.9
3917000000.0	3467166795.2	2545966923.8	3856185634.1
3918000000.0	3467959839.5	2546393231.2	3857168516.5
3919000000.0	3468752841.8	2546819463.8	3858151398.2
3920000000.0	3469545801.9	2547245621.6	3859134279.1
3921000000.0	3470338719.9	2547671704.5	3860117159.2
3922000000.0	3471131595.8	2548097712.6	3861100038.5
3923000000.0	3471924429.6	2548523645.9	3862082917.1
3924000000.0	3472717221.4	2548949504.4	3863065795.0
3925000000.0	3473509971.1	2549375288.2	3864048672.0
3926000000.0	3474302678.7	2549800997.3	3865031548.3
3927000000.0	3475095344.2	2550226631.7	3866014423.8
3928000000.0	3475887967.7	2550652191.4	3866997298.6
3929000000.0	3476680549.1	2551077676.4	3867980172.6
3930000000.0	3477473088.5	2551503086.8	3868963045.8
3931000000.0	3478265585.7	2551928422.5	3869945918.3
3932000000.0	3479058041.0	2552353683.6	3870928790.0
3933000000.0	3479850454.2	2552778870.2	3871911660.9
3934000000.0	3480642825.3	2553203982.1	3872894531.1
3935000000.0	3481435154.4	2553629019.5	3873877400.5
3936000000.0	3482227441.4	2554053982.4	3874860269.1
3937000000.0	3483019686.4	2554478870.8	3875843137.0
3938000000.0	3483811889.4	2554903684.7	3876826004.1
3939000000.0	3484604050.3	2555328424.1	3877808870.4
3940000000.0	3485396169.3	2555753089.1	3878791736.0
3941000000.0	3486188246.1	2556177679.6	3879774600.8
3942000000.0	3486980281.0	2556602195.7	3880757464.9
3943000000.0	3487772273.9	2557026637.4	3881740328.1
3944000000.0	3488564224.7	2557451004.8	3882723190.6
3945000000.0	3489356133.5	2557875297.8	3883706052.4
3946000000.0	3490148000.4	2558299516.5	3884688913.4
3947000000.0	3490939825.2	2558723660.8	3885671773.6
3948000000.0	3491731608.0	2559147730.8	3886654633.0
3949000000.0	3492523348.8	2559571726.6	3887637491.7
3950000000.0	3493315047.6	2559995648.1	3888620349.6
3951000000.0	3494106704.4	2560419495.4	3889603206.8
3952000000.0	3494898319.3	2560843268.5	3890586063.2
3953000000.0	3495689892.1	2561266967.3	3891568918.8
3954000000.0	3496481423.0	2561690592.0	3892551773.6
3955000000.0	3497272911.9	2562114142.6	3893534627.7
3956000000.0	3498064358.8	2562537618.9	3894517481.1
3957000000.0	3498855763.8	2562961021.2	3895500333.6
3958000000.0	3499647126.8	2563384349.4	3896483185.4
3959000000.0	3500438447.8	2563807603.5	3897466036.4
3960000000.0	3501229726.9	2564230783.5	3898448886.7
3961000000.0	3502020964.0	2564653889.5	3899431736.2
3962000000.0	3502812159.1	2565076921.4	3900414584.9
3963000000.0	3503603312.3	2565499879.4	3901397432.9
3964000000.0	3504394423.6	2565922763.3	3902380280.1
3965000000.0	3505185492.9	2566345573.3	3903363126.5
3966000000.0	3505976520.2	2566768309.4	3904345972.2
3967000000.0	3506767505.7	2567190971.5	3905328817.1
3968000000.0	3507558449.2	2567613559.7	3906311661.2
3969000000.0	3508349350.7	2568036074.1	3907294504.6
3970000000.0	3509140210.4	2568458514.6	3908277347.2
3971000000.0	3509931028.1	2568880881.2	3909260189.1
3972000000.0	3510721803.9	2569303174.0	3910243030.1
3973000000.0	3511512537.7	2569725392.9	3911225870.4
3974000000.0	3512303229.7	2570147538.1	3912208710.0
3975000000.0	3513093879.7	2570569609.6	3913191548.8
3976000000.0	3513884487.9	2570991607.2	3914174386.8
3977000000.0	3514675054.1	2571413531.2	3915157224.0
3978000000.0	3515465578.4	2571835381.4	3916140060.5
3979000000.0	3516256060.9	2572257157.9	3917122896.2
3980000000.0	3517046501.4	2572678860.8	3918105731.2
3981000000.0	3517836900.1	2573100490.0	3919088565.4
3982000000.0	3518627256.8	2573522045.5	3920071398.8
3983000000.0	3519417571.7	2573943527.5	3921054231.4
3984000000.0	3520207844.7	2574364935.8	3922037063.3
3985000000.0	3520998075.8	2574786270.6	3923019894.4
3986000000.0	3521788265.1	2575207531.8	3924002724.8
3987000000.0	3522578412.5	2575628719.5	3924985554.4
3988000000.0	3523368518.0	2576049833.7	3925968383.2
3989000000.0	3524158581.6	2576470874.3	3926951211.3
3990000000.0	3524948603.4	2576891841.5	3927934038.6
3991000000.0	3525738583.3	2577312735.2	3928916865.1
3992000000.0	3526528521.4	2577733555.5	3929899690.9
3993000000.0	3527318417.6	2578154302.3	3930882515.9
3994000000.0	3528108272.0	2578574975.8	3931865340.1
3995000000.0	3528898084.5	2578995575.8	3932848163.6
3996000000.0	3529687855.2	2579416102.5	3933830986.3
3997000000.0	3530477584.0	2579836555.8	3934813808.2
3998000000.0	3531267271.0	2580256935.8	3935796629.4
3999000000.0	3532056916.2	2580677242.5	3936779449.8
4000000000.0	3532846519.6	2581097476.0	3937762269.4
4001000000.0	3533636081.1	2581517636.1	3938745088.3
4002000000.0	3534425600.8	2581937723.0	3939727906.4
4003000000.0	3535215078.7	2582357736.7	3940710723.7
4004000000.0	3536004514.8	2582777677.1	3941693540.3
4005000000.0	3536793909.1	2583197544.4	3942676356.1
4006000000.0	3537583261.5	2583617338.4	3943659171.2
4007000000.0	3538372572.2	2584037059.4	3944641985.5
4008000000.0	3539161841.0	2584456707.1	3945624799.0
4009000000.0	3539951068.1	2584876281.8	3946607611.7
4010000000.0	3540740253.3	2585295783.4	3947590423.7
4011000000.0	3541529396.8	2585715211.9	3948573234.9
4012000000.0	3542318498.5	2586134567.3	3949556045.4
4013000000.0	3543107558.4	2586553849.7	3950538855.1
4014000000.0	3543896576.5	2586973059.1	3951521664.0
4015000000.0	3544685552.8	2587392195.4	3952504472.2
4016000000.0	3545474487.4	2587811258.8	3953487279.5
4017000000.0	3546263380.2	2588230249.2	3954470086.2
4018000000.0	3547052231.2	2588649166.7	3955452892.0
4019000000.0	3547841040.5	2589068011.3	3956435697.1
4020000000.0	3548629808.0	2589486782.9	3957418501.5
4021000000.0	3549418533.7	2589905481.6	3958401305.0
4022000000.0	3550207217.7	2590324107.5	3959384107.8
4023000000.0	3550995859.9	2590742660.6	3960366909.9
4024000000.0	3551784460.4	2591161140.8	3961349711.1
4025000000.0	3552573019.2	2591579548.1	3962332511.6
4026000000.0	3553361536.2	2591997882.7	3963315311.4
4027000000.0	3554150011.4	2592416144.6	3964298110.3
4028000000.0	3554938444.9	2592834333.6	3965280908.5
4029000000.0	3555726836.7	2593252449.9	3966263706.0
4030000000.0	3556515186.8	2593670493.6	3967246502.6
4031000000.0	3557303495.1	2594088464.5	3968229298.6
4032000000.0	3558091761.8	2594506362.7	3969212093.7
4033000000.0	3558879986.7	2594924188.3	3970194888.1
4034000000.0	3559668169.9	2595341941.2	3971177681.7
4035000000.0	3560456311.3	2595759621.5	3972160474.5
4036000000.0	3561244411.1	2596177229.2	3973143266.6
4037000000.0	3562032469.2	2596594764.3	3974126057.9
4038000000.0	3562820485.5	2597012226.9	3975108848.5
4039000000.0	3563608460.2	2597429616.9	3976091638.3
4040000000.0	3564396393.1	2597846934.4	3977074427.3
4041000000.0	3565184284.4	2598264179.4	3978057215.5
4042000000.0	3565972134.0	2598681351.8	3979040003.0
4043000000.0	3566759941.9	2599098451.8	3980022789.8
4044000000.0	3567547708.1	2599515479.4	3981005575.7
4045000000.0	3568335432.7	2599932434.5	3981988360.9
4046000000.0	3569123115.5	2600349317.2	3982971145.3
4047000000.0	3569910756.7	2600766127.5	3983953929.0
4048000000.0	3570698356.3	2601182865.5	3984936711.9
4049000000.0	3571485914.1	2601599531.1	3985919494.0
4050000000.0	3572273430.3	2602016124.3	3986902275.4
4051000000.0	3573060904.9	2602432645.2	3987885056.0
4052000000.0	3573848337.7	2602849093.8	3988867835.8
4053000000.0	3574635729.0	2603265470.2	3989850614.9
4054000000.0	3575423078.5	2603681774.2	3990833393.2
4055000000.0	3576210386.5	2604098006.1	3991816170.7
4056000000.0	3576997652.8	2604514165.7	3992798947.5
4057000000.0	3577784877.4	2604930253.1	3993781723.5
4058000000.0	3578572060.5	2605346268.3	3994764498.7
4059000000.0	3579359201.8	2605762211.3	3995747273.2
4060000000.0	3580146301.6	2606178082.2	3996730046.9
4061000000.0	3580933359.7	2606593880.9	3997712819.9
4062000000.0	3581720376.3	2607009607.6	3998695592.0
4063000000.0	3582507351.1	2607425262.1	3999678363.5
4064000000.0	3583294284.4	2607840844.6	4000661134.1
4065000000.0	3584081176.1	2608256355.0	4001643904.0
4066000000.0	3584868026.1	2608671793.4	4002626673.1
4067000000.0	3585654834.6	2609087159.7	4003609441.5
4068000000.0	3586441601.4	2609502454.1	4004592209.0
4069000000.0	3587228326.7	2609917676.4	4005574975.9
4070000000.0	3588015010.3	2610332826.8	4006557741.9
4071000000.0	3588801652.4	2610747905.3	4007540507.2
4072000000.0	3589588252.9	2611162911.8	4008523271.7
4073000000.0	3590374811.8	2611577846.4	4009506035.5
4074000000.0	3591161329.1	2611992709.2	4010488798.5
4075000000.0	3591947804.8	2612407500.1	4011471560.7
4076000000.0	3592734238.9	2612822219.1	4012454322.2
4077000000.0	3593520631.5	2613236866.3	4013437082.9
4078000000.0	3594306982.5	2613651441.6	4014419842.8
4079000000.0	3595093291.9	2614065945.2	4015402602.0
4080000000.0	3595879559.8	2614480377.0	4016385360.4
4081000000.0	3596665786.1	2614894737.0	4017368118.0
4082000000.0	3597451970.9	2615309025.3	4018350874.9
4083000000.0	3598238114.1	2615723241.9	4019333631.0
4084000000.0	3599024215.7	2616137386.8	4020316386.3
4085000000.0	3599810275.8	2616551460.0	4021299140.9
4086000000.0	3600596294.4	2616965461.5	4022281894.7
4087000000.0	3601382271.4	2617379391.4	4023264647.7
4088000000.0	3602168206.9	2617793249.6	4024247400.0
4089000000.0	3602954100.9	2618207036.3	4025230151.5
4090000000.0	3603739953.3	2618620751.3	4026212902.3
4091000000.0	3604525764.2	2619034394.8	4027195652.3
4092000000.0	3605311533.6	2619447966.7	4028178401.5
4093000000.0	3606097261.4	2619861467.1	4029161149.9
4094000000.0	3606882947.8	2620274896.0	4030143897.6
4095000000.0	3607668592.6	2620688253.4	4031126644.5
4096000000.0	3608454195.9	2621101539.3	4032109390.7
4097000000.0	3609239757.7	2621514753.7	4033092136.1
4098000000.0	3610025278.0	2621927896.7	4034074880.7
4099000000.0	3610810756.8	2622340968.3	4035057624.6
4100000000.0	3611596194.1	2622753968.5	4036040367.6
4101000000.0	3612381589.9	2623166897.2	4037023110.0
4102000000.0	3613166944.3	2623579754.6	4038005851.5
4103000000.0	3613952257.1	2623992540.7	4038988592.3
4104000000.0	3614737528.4	2624405255.4	4039971332.4
4105000000.0	3615522758.3	2624817898.9	4040954071.6
4106000000.0	3616307946.7	2625230471.0	4041936810.1
4107000000.0	3617093093.6	2625642971.8	4042919547.9
4108000000.0	3617878199.1	2626055401.4	4043902284.8
4109000000.0	3618663263.1	2626467759.8	4044885021.0
4110000000.0	3619448285.6	2626880046.9	4045867756.5
4111000000.0	3620233266.6	2627292262.9	4046850491.1
4112000000.0	3621018206.2	2627704407.6	4047833225.0
4113000000.0	3621803104.4	2628116481.2	4048815958.2
4114000000.0	3622587961.1	2628528483.6	4049798690.6
4115000000.0	3623372776.3	2628940414.9	4050781422.2
4116000000.0	3624157550.1	2629352275.1	4051764153.0
4117000000.0	3624942282.5	2629764064.2	4052746883.1
4118000000.0	3625726973.4	2630175782.3	4053729612.4
4119000000.0	3626511622.9	2630587429.3	4054712341.0
4120000000.0	3627296230.9	2630999005.2	4055695068.7
4121000000.0	3628080797.5	2631410510.1	4056677795.8
4122000000.0	3628865322.7	2631821944.1	4057660522.0
4123000000.0	3629649806.5	2632233307.0	4058643247.5
4124000000.0	3630434248.9	2632644599.0	4059625972.2
4125000000.0	3631218649.8	2633055820.0	4060608696.2
4126000000.0	3632003009.4	2633466970.1	4061591419.4
4127000000.0	3632787327.5	2633878049.4	4062574141.8
4128000000.0	3633571604.2	2634289057.7	4063556863.5
4129000000.0	3634355839.5	2634699995.1	4064539584.4
4130000000.0	3635140033.4	2635110861.7	4065522304.5
4131000000.0	3635924186.0	2635521657.5	4066505023.9
4132000000.0	3636708297.1	2635932382.4	4067487742.5
4133000000.0	3637492366.8	2636343036.6	4068470460.3
4134000000.0	3638276395.2	2636753619.9	4069453177.4
4135000000.0	3639060382.2	2637164132.6	4070435893.7
4136000000.0	3639844327.8	2637574574.4	4071418609.2
4137000000.0	3640628232.0	2637984945.6	4072401324.0
4138000000.0	3641412094.8	2638395246.0	4073384038.0
4139000000.0	3642195916.3	2638805475.7	4074366751.2
4140000000.0	3642979696.4	2639215634.8	4075349463.7
4141000000.0	3643763435.2	2639625723.3	4076332175.4
4142000000.0	3644547132.6	2640035741.1	4077314886.3
4143000000.0	3645330788.6	2640445688.2	4078297596.5
4144000000.0	3646114403.3	2640855564.8	4079280305.9
4145000000.0	3646897976.6	2641265370.8	4080263014.6
4146000000.0	3647681508.6	2641675106.3	4081245722.5
4147000000.0	3648464999.3	2642084771.2	4082228429.6
4148000000.0	3649248448.6	2642494365.6	4083211135.9
4149000000.0	3650031856.5	2642903889.4	4084193841.5
4150000000.0	3650815223.2	2643313342.8	4085176546.4
4151000000.0	3651598548.5	2643722725.7	4086159250.4
4152000000.0	3652381832.5	2644132038.2	4087141953.7
4153000000.0	3653165075.1	2644541280.2	4088124656.2
4154000000.0	3653948276.4	2644950451.9	4089107358.0
4155000000.0	3654731436.5	2645359553.1	4090090059.0
4156000000.0	3655514555.2	2645768583.9	4091072759.2
4157000000.0	3656297632.6	2646177544.4	4092055458.7
4158000000.0	3657080668.7	2646586434.6	4093038157.4
4159000000.0	3657863663.4	2646995254.4	4094020855.3
4160000000.0	3658646616.9	2647404003.9	4095003552.5
4161000000.0	3659429529.1	2647812683.1	4095986248.9
4162000000.0	3660212400.0	2648221292.1	4096968944.5
4163000000.0	3660995229.6	2648629830.8	4097951639.4
4164000000.0	3661778017.9	2649038299.3	4098934333.5
4165000000.0	3662560764.9	2649446697.6	4099917026.8
4166000000.0	3663343470.7	2649855025.6	4100899719.4
4167000000.0	3664126135.2	2650263283.5	4101882411.2
4168000000.0	3664908758.4	2650671471.2	4102865102.3
4169000000.0	3665691340.3	2651079588.8	4103847792.6
4170000000.0	3666473881.0	2651487636.3	4104830482.1
4171000000.0	3667256380.3	2651895613.6	4105813170.8
4172000000.0	3668038838.5	2652303520.9	4106795858.8
4173000000.0	3668821255.4	2652711358.1	4107778546.0
4174000000.0	3669603631.0	2653119125.2	4108761232.5
4175000000.0	3670385965.3	2653526822.4	4109743918.2
4176000000.0	3671168258.5	2653934449.5	4110726603.1
4177000000.0	3671950510.3	2654342006.6	4111709287.3
4178000000.0	3672732721.0	2654749493.7	4112691970.6
4179000000.0	3673514890.4	2655156910.8	4113674653.3
4180000000.0	3674297018.5	2655564258.0	4114657335.1
4181000000.0	3675079105.5	2655971535.3	4115640016.2
4182000000.0	3675861151.2	2656378742.7	4116622696.6
4183000000.0	3676643155.6	2656785880.2	4117605376.1
4184000000.0	3677425118.9	2657192947.8	4118588054.9
4185000000.0	3678207040.9	2657599945.6	4119570733.0
4186000000.0	3678988921.8	2658006873.5	4120553410.2
4187000000.0	3679770761.4	2658413731.6	4121536086.7
4188000000.0	3680552559.8	2658820519.9	4122518762.5
4189000000.0	3681334316.9	2659227238.4	4123501437.4
4190000000.0	3682116032.9	2659633887.2	4124484111.7
4191000000.0	3682897707.7	2660040466.2	4125466785.1
4192000000.0	3683679341.3	2660446975.5	4126449457.8
4193000000.0	3684460933.7	2660853415.1	4127432129.7
4194000000.0	3685242484.9	2661259785.0	4128414800.8
4195000000.0	3686023995.0	2661666085.2	4129397471.2
4196000000.0	3686805463.8	2662072315.7	4130380140.8
4197000000.0	3687586891.5	2662478476.7	4131362809.7
4198000000.0	3688368277.9	2662884568.0	4132345477.8
4199000000.0	3689149623.3	2663290589.7	4133328145.1
4200000000.0	3689930927.4	2663696541.8	4134310811.7
4201000000.0	3690712190.4	2664102424.3	4135293477.4
4202000000.0	3691493412.2	2664508237.3	4136276142.5
4203000000.0	3692274592.8	2664913980.8	4137258806.7
4204000000.0	3693055732.3	2665319654.7	4138241470.2
4205000000.0	3693836830.7	2665725259.2	4139224132.9
4206000000.0	3694617887.9	2666130794.2	4140206794.9
4207000000.0	3695398903.9	2666536259.7	4141189456.1
4208000000.0	3696179878.8	2666941655.7	4142172116.5
4209000000.0	3696960812.6	2667346982.4	4143154776.2
4210000000.0	3697741705.2	2667752239.6	4144137435.1
4211000000.0	3698522556.7	2668157427.5	4145120093.2
4212000000.0	3699303367.0	2668562546.0	4146102750.6
4213000000.0	3700084136.3	2668967595.1	4147085407.2
4214000000.0	3700864864.4	2669372574.9	4148068063.1
4215000000.0	3701645551.4	2669777485.4	4149050718.1
4216000000.0	3702426197.2	2670182326.6	4150033372.5
4217000000.0	3703206802.0	2670587098.5	4151016026.0
4218000000.0	3703987365.6	2670991801.1	4151998678.8
4219000000.0	3704767888.1	2671396434.5	4152981330.8
4220000000.0	3705548369.6	2671800998.7	4153963982.0
4221000000.0	3706328809.9	2672205493.6	4154946632.5
4222000000.0	3707109209.1	2672609919.4	4155929282.2
4223000000.0	3707889567.3	2673014276.0	4156911931.2
4224000000.0	3708669884.3	2673418563.4	4157894579.4
4225000000.0	3709450160.2	2673822781.7	4158877226.8
4226000000.0	3710230395.1	2674226930.9	4159859873.5
4227000000.0	3711010588.9	2674631011.0	4160842519.4
4228000000.0	3711790741.6	2675035021.9	4161825164.5
4229000000.0	3712570853.2	2675438963.8	4162807808.8
4230000000.0	3713350923.8	2675842836.7	4163790452.4
4231000000.0	3714130953.3	2676246640.5	4164773095.3
4232000000.0	3714910941.7	2676650375.3	4165755737.3
4233000000.0	3715690889.0	2677054041.2	4166738378.6
4234000000.0	3716470795.3	2677457638.0	4167721019.2
4235000000.0	3717250660.6	2677861165.9	4168703658.9
4236000000.0	3718030484.8	2678264624.8	4169686298.0
4237000000.0	3718810267.9	2678668014.8	4170668936.2
4238000000.0	3719590010.0	2679071335.9	4171651573.7
4239000000.0	3720369711.0	2679474588.1	4172634210.4
4240000000.0	3721149371.0	2679877771.4	4173616846.3
4241000000.0	3721928990.0	2680280885.9	4174599481.5
4242000000.0	3722708568.0	2680683931.5	4175582115.9
4243000000.0	3723488104.9	2681086908.3	4176564749.6
4244000000.0	3724267600.7	2681489816.3	4177547382.4
4245000000.0	3725047055.6	2681892655.6	4178530014.6
4246000000.0	3725826469.4	2682295426.0	4179512645.9
4247000000.0	3726605842.3	2682698127.7	4180495276.5
4248000000.0	3727385174.1	2683100760.7	4181477906.3
4249000000.0	3728164464.9	2683503324.9	4182460535.4
4250000000.0	3728943714.6	2683905820.5	4183443163.7
4251000000.0	3729722923.4	2684308247.4	4184425791.2
4252000000.0	3730502091.2	2684710605.6	4185408418.0
4253000000.0	3731281218.0	2685112895.2	4186391043.9
4254000000.0	3732060303.8	2685515116.1	4187373669.2
4255000000.0	3732839348.6	2685917268.4	4188356293.6
4256000000.0	3733618352.4	2686319352.2	4189338917.3
4257000000.0	3734397315.2	2686721367.4	4190321540.3
4258000000.0	3735176237.0	2687123314.0	4191304162.4
4259000000.0	3735955117.9	2687525192.0	4192286783.9
4260000000.0	3736733957.8	2687927001.6	4193269404.5
4261000000.0	3737512756.7	2688328742.6	4194252024.4
4262000000.0	3738291514.6	2688730415.2	4195234643.5
4263000000.0	3739070231.6	2689132019.3	4196217261.8
4264000000.0	3739848907.6	2689533554.9	4197199879.4
4265000000.0	3740627542.7	2689935022.1	4198182496.2
4266000000.0	3741406136.8	2690336420.9	4199165112.3
4267000000.0	3742184689.9	2690737751.3	4200147727.5
4268000000.0	3742963202.1	2691139013.3	4201130342.0
4269000000.0	3743741673.4	2691540206.9	4202112955.8
4270000000.0	3744520103.7	2691941332.2	4203095568.8
4271000000.0	3745298493.1	2692342389.2	4204078181.0
4272000000.0	3746076841.5	2692743377.8	4205060792.5
4273000000.0	3746855149.0	2693144298.2	4206043403.2
4274000000.0	3747633415.6	2693545150.2	4207026013.1
4275000000.0	3748411641.2	2693945934.0	4208008622.2
4276000000.0	3749189826.0	2694346649.6	4208991230.6
4277000000.0	3749967969.8	2694747297.0	4209973838.3
4278000000.0	3750746072.6	2695147876.1	4210956445.1
4279000000.0	3751524134.6	2695548387.1	4211939051.2
4280000000.0	3752302155.7	2695948829.8	4212921656.6
4281000000.0	3753080135.8	2696349204.5	4213904261.1
4282000000.0	3753858075.1	2696749511.0	4214886864.9
4283000000.0	3754635973.4	2697149749.3	4215869468.0
4284000000.0	3755413830.9	2697549919.6	4216852070.2
4285000000.0	3756191647.4	2697950021.8	4217834671.8
4286000000.0	3756969423.1	2698350055.9	4218817272.5
4287000000.0	3757747157.8	2698750021.9	4219799872.5
4288000000.0	3758524851.7	2699149919.9	4220782471.7
4289000000.0	3759302504.7	2699549750.0	4221765070.1
4290000000.0	3760080116.9	2699949512.0	4222747667.8
4291000000.0	3760857688.1	2700349206.0	4223730264.7
4292000000.0	3761635218.5	2700748832.0	4224712860.9
4293000000.0	3762412708.0	2701148390.2	4225695456.3
4294000000.0	3763190156.7	2701547880.3	4226678050.9
4295000000.0	3763967564.4	2701947302.6	4227660644.7
4296000000.0	3764744931.4	2702346657.0	4228643237.8
4297000000.0	3765522257.4	2702745943.5	4229625830.2
4298000000.0	3766299542.6	2703145162.1	4230608421.7
4299000000.0	3767076787.0	2703544312.9	4231591012.5
4300000000.0	3767853990.5	2703943395.9	4232573602.5
4301000000.0	3768631153.2	2704342411.1	4233556191.8
4302000000.0	3769408275.1	2704741358.5	4234538780.3
4303000000.0	3770185356.1	2705140238.1	4235521368.0
4304000000.0	3770962396.2	2705539049.9	4236503955.0
4305000000.0	3771739395.6	2705937794.0	4237486541.2
4306000000.0	3772516354.1	2706336470.4	4238469126.6
4307000000.0	3773293271.8	2706735079.1	4239451711.3
4308000000.0	3774070148.6	2707133620.0	4240434295.2
4309000000.0	3774846984.7	2707532093.4	4241416878.4
4310000000.0	3775623779.9	2707930499.0	4242399460.8
4311000000.0	3776400534.3	2708328837.1	4243382042.4
4312000000.0	3777177247.9	2708727107.5	4244364623.2
4313000000.0	3777953920.8	2709125310.3	4245347203.3
4314000000.0	3778730552.8	2709523445.5	4246329782.6
4315000000.0	3779507144.0	2709921513.2	4247312361.2
4316000000.0	3780283694.4	2710319513.3	4248294938.9
4317000000.0	3781060204.0	2710717445.9	4249277516.0
4318000000.0	3781836672.9	2711115310.9	4250260092.2
4319000000.0	3782613100.9	2711513108.5	4251242667.7
4320000000.0	3783389488.2	2711910838.6	4252225242.4
4321000000.0	3784165834.7	2712308501.2	4253207816.4
4322000000.0	3784942140.4	2712706096.4	4254190389.6
4323000000.0	3785718405.3	2713103624.1	4255172962.0
4324000000.0	3786494629.5	2713501084.4	4256155533.7
4325000000.0	3787270812.9	2713898477.4	4257138104.6
4326000000.0	3788046955.6	2714295802.9	4258120674.7
4327000000.0	3788823057.5	2714693061.1	4259103244.1
4328000000.0	3789599118.6	2715090252.0	4260085812.7
4329000000.0	3790375139.0	2715487375.5	4261068380.5
4330000000.0	3791151118.6	2715884431.7	4262050947.6
4331000000.0	3791927057.5	2716281420.6	4263033513.9
4332000000.0	3792702955.6	2716678342.3	4264016079.5
4333000000.0	3793478813.0	2717075196.7	4264998644.2
4334000000.0	3794254629.7	2717471983.8	4265981208.3
4335000000.0	3795030405.6	2717868703.7	4266963771.5
4336000000.0	3795806140.8	2718265356.5	4267946334.0
4337000000.0	3796581835.3	2718661942.0	4268928895.7
4338000000.0	3797357489.0	2719058460.3	4269911456.7
4339000000.0	3798133102.0	2719454911.5	4270894016.8
4340000000.0	3798908674.3	2719851295.6	4271876576.3
4341000000.0	3799684205.9	2720247612.5	4272859134.9
4342000000.0	3800459696.8	2720643862.4	4273841692.8
4343000000.0	3801235147.0	2721040045.1	4274824249.9
4344000000.0	3802010556.5	2721436160.8	4275806806.3
4345000000.0	3802785925.2	2721832209.4	4276789361.9
4346000000.0	3803561253.3	2722228191.0	4277771916.7
4347000000.0	3804336540.7	2722624105.6	4278754470.8
4348000000.0	3805111787.3	2723019953.2	4279737024.1
4349000000.0	3805886993.3	2723415733.7	4280719576.6
4350000000.0	3806662158.6	2723811447.3	4281702128.4
4351000000.0	3807437283.3	2724207094.0	4282684679.4
4352000000.0	3808212367.2	2724602673.7	4283667229.7
4353000000.0	3808987410.5	2724998186.5	4284649779.1
4354000000.0	3809762413.1	2725393632.4	4285632327.8
4355000000.0	3810537375.0	2725789011.5	4286614875.8
4356000000.0	3811312296.2	2726184323.6	4287597423.0
4357000000.0	3812087176.8	2726579568.9	4288579969.4
4358000000.0	3812862016.8	2726974747.4	4289562515.0
4359000000.0	3813636816.1	2727369859.1	4290545059.9
4360000000.0	3814411574.7	2727764903.9	4291527604.0
4361000000.0	3815186292.7	2728159882.0	4292510147.4
4362000000.0	3815960970.0	2728554793.3	4293492690.0
4363000000.0	3816735606.7	2728949637.9	4294475231.8
4364000000.0	3817510202.7	2729344415.7	4295457772.9
4365000000.0	3818284758.1	2729739126.9	4296440313.2
4366000000.0	3819059272.9	2730133771.3	4297422852.7
4367000000.0	3819833747.0	2730528349.0	4298405391.4
4368000000.0	3820608180.5	2730922860.1	4299387929.4
4369000000.0	3821382573.4	2731317304.6	4300370466.7
4370000000.0	3822156925.7	2731711682.4	4301353003.1
4371000000.0	3822931237.3	2732105993.6	4302335538.8
4372000000.0	3823705508.4	2732500238.2	4303318073.8
4373000000.0	3824479738.8	2732894416.2	4304300608.0
4374000000.0	3825253928.6	2733288527.6	4305283141.4
4375000000.0	3826028077.8	2733682572.5	4306265674.0
4376000000.0	3826802186.4	2734076550.9	4307248205.9
4377000000.0	3827576254.4	2734470462.8	4308230737.0
4378000000.0	3828350281.8	2734864308.2	4309213267.3
4379000000.0	3829124268.6	2735258087.1	4310195796.9
4380000000.0	3829898214.8	2735651799.5	4311178325.7
4381000000.0	3830672120.5	2736045445.5	4312160853.8
4382000000.0	3831445985.5	2736439025.1	4313143381.1
4383000000.0	3832219810.0	2736832538.2	4314125907.6
4384000000.0	3832993593.9	2737225985.0	4315108433.4
4385000000.0	3833767337.2	2737619365.4	4316090958.3
4386000000.0	3834541040.0	2738012679.4	4317073482.6
4387000000.0	3835314702.1	2738405927.1	4318056006.0
4388000000.0	3836088323.8	2738799108.5	4319038528.7
4389000000.0	3836861904.8	2739192223.5	4320021050.7
4390000000.0	3837635445.3	2739585272.3	4321003571.8
4391000000.0	3838408945.3	2739978254.8	4321986092.2
4392000000.0	3839182404.7	2740371171.0	4322968611.9
4393000000.0	3839955823.5	2740764021.0	4323951130.7
4394000000.0	3840729201.8	2741156804.7	4324933648.8
4395000000.0	3841502539.6	2741549522.2	4325916166.2
4396000000.0	3842275836.8	2741942173.6	4326898682.7
4397000000.0	3843049093.5	2742334758.8	4327881198.6
4398000000.0	3843822309.6	2742727277.8	4328863713.6
4399000000.0	3844595485.3	2743119730.7	4329846227.9
4400000000.0	3845368620.4	2743512117.4	4330828741.4
4401000000.0	3846141714.9	2743904438.1	4331811254.1
4402000000.0	3846914769.0	2744296692.6	4332793766.1
4403000000.0	3847687782.5	2744688881.1	4333776277.4
4404000000.0	3848460755.5	2745081003.5	4334758787.8
4405000000.0	3849233688.1	2745473059.9	4335741297.5
4406000000.0	3850006580.1	2745865050.2	4336723806.4
4407000000.0	3850779431.6	2746256974.5	4337706314.6
4408000000.0	3851552242.6	2746648832.9	4338688822.0
4409000000.0	3852325013.1	2747040625.3	4339671328.6
4410000000.0	3853097743.1	2747432351.7	4340653834.5
4411000000.0	3853870432.6	2747824012.1	4341636339.6
4412000000.0	3854643081.7	2748215606.7	4342618843.9
4413000000.0	3855415690.2	2748607135.3	4343601347.5
4414000000.0	3856188258.3	2748998598.1	4344583850.3
4415000000.0	3856960785.9	2749389994.9	4345566352.3
4416000000.0	3857733273.0	2749781325.9	4346548853.6
4417000000.0	3858505719.6	2750172591.1	4347531354.1
4418000000.0	3859278125.8	2750563790.5	4348513853.8
4419000000.0	3860050491.5	2750954924.0	4349496352.8
4420000000.0	3860822816.8	2751345991.7	4350478851.0
4421000000.0	3861595101.6	2751736993.7	4351461348.5
4422000000.0	3862367345.9	2752127929.9	4352443845.1
4423000000.0	3863139549.8	2752518800.4	4353426341.1
4424000000.0	3863911713.2	2752909605.1	4354408836.2
4425000000.0	3864683836.2	2753300344.1	4355391330.6
4426000000.0	3865455918.7	2753691017.5	4356373824.2
4427000000.0	3866227960.8	2754081625.1	4357356317.1
4428000000.0	3866999962.5	2754472167.1	4358338809.2
4429000000.0	3867771923.7	2754862643.5	4359321300.5
4430000000.0	3868543844.5	2755253054.2	4360303791.1
4431000000.0	3869315724.9	2755643399.4	4361286280.9
4432000000.0	3870087564.8	2756033678.9	4362268769.9
4433000000.0	3870859364.4	2756423892.8	4363251258.2
4434000000.0	3871631123.5	2756814041.2	4364233745.7
4435000000.0	3872402842.2	2757204124.1	4365216232.4
4436000000.0	3873174520.5	2757594141.4	4366198718.4
4437000000.0	3873946158.3	2757984093.2	4367181203.6
4438000000.0	3874717755.8	2758373979.5	4368163688.0
4439000000.0	3875489312.9	2758763800.4	4369146171.7
4440000000.0	3876260829.5	2759153555.7	4370128654.6
4441000000.0	3877032305.8	2759543245.7	4371111136.8
4442000000.0	3877803741.7	2759932870.2	4372093618.1
4443000000.0	3878575137.2	2760322429.3	4373076098.8
4444000000.0	3879346492.3	2760711923.0	4374058578.6
4445000000.0	3880117807.0	2761101351.3	4375041057.7
4446000000.0	3880889081.4	2761490714.2	4376023536.0
4447000000.0	3881660315.3	2761880011.9	4377006013.6
4448000000.0	3882431508.9	2762269244.1	4377988490.4
4449000000.0	3883202662.1	2762658411.1	4378970966.4
4450000000.0	3883973775.0	2763047512.8	4379953441.6
4451000000.0	3884744847.5	2763436549.2	4380935916.1
4452000000.0	3885515879.6	2763825520.3	4381918389.9
4453000000.0	3886286871.4	2764214426.2	4382900862.8
4454000000.0	3887057822.8	2764603266.8	4383883335.0
4455000000.0	3887828733.9	2764992042.2	4384865806.5
4456000000.0	3888599604.6	2765380752.5	4385848277.1
4457000000.0	3889370435.0	2765769397.5	4386830747.1
4458000000.0	3890141225.0	2766157977.4	4387813216.2
4459000000.0	3890911974.7	2766546492.2	4388795684.6
4460000000.0	3891682684.1	2766934941.8	4389778152.2
4461000000.0	3892453353.1	2767323326.3	4390760619.0
4462000000.0	3893223981.8	2767711645.7	4391743085.1
4463000000.0	3893994570.2	2768099900.0	4392725550.4
4464000000.0	3894765118.2	2768488089.2	4393708015.0
4465000000.0	3895535626.0	2768876213.4	4394690478.8
4466000000.0	3896306093.4	2769264272.6	4395672941.8
4467000000.0	3897076520.5	2769652266.7	4396655404.0
4468000000.0	3897846907.3	2770040195.8	4397637865.5
4469000000.0	3898617253.8	2770428060.0	4398620326.2
4470000000.0	3899387559.9	2770815859.2	4399602786.2
4471000000.0	3900157825.8	2771203593.4	4400585245.4
4472000000.0	3900928051.4	2771591262.7	4401567703.8
4473000000.0	3901698236.7	2771978867.1	4402550161.5
4474000000.0	3902468381.7	2772366406.5	4403532618.4
4475000000.0	3903238486.4	2772753881.1	4404515074.5
4476000000.0	3904008550.8	2773141290.8	4405497529.9
4477000000.0	3904778575.0	2773528635.7	4406479984.5
4478000000.0	3905548558.8	2773915915.7	4407462438.3
4479000000.0	3906318502.4	2774303130.9	4408444891.4
4480000000.0	3907088405.7	2774690281.3	4409427343.7
4481000000.0	3907858268.8	2775077366.9	4410409795.3
4482000000.0	3908628091.6	2775464387.7	4411392246.1
4483000000.0	3909397874.1	2775851343.8	4412374696.1
4484000000.0	3910167616.3	2776238235.1	4413357145.3
4485000000.0	3910937318.4	2776625061.7	4414339593.8
4486000000.0	3911706980.1	2777011823.6	4415322041.5
4487000000.0	3912476601.6	2777398520.8	4416304488.5
4488000000.0	3913246182.9	2777785153.4	4417286934.7
4489000000.0	3914015723.9	2778171721.2	4418269380.1
4490000000.0	3914785224.6	2778558224.4	4419251824.8
4491000000.0	3915554685.2	2778944663.0	4420234268.7
4492000000.0	3916324105.5	2779331037.0	4421216711.8
4493000000.0	3917093485.5	2779717346.4	4422199154.1
4494000000.0	3917862825.4	2780103591.2	4423181595.7
4495000000.0	3918632125.0	2780489771.5	4424164036.6
4496000000.0	3919401384.4	2780875887.2	4425146476.7
4497000000.0	3920170603.6	2781261938.4	4426128916.0
4498000000.0	3920939782.5	2781647925.0	4427111354.5
4499000000.0	3921708921.3	2782033847.2	4428093792.3
4500000000.0	3922478019.8	2782419704.9	4429076229.3
4501000000.0	3923247078.1	2782805498.1	4430058665.5
4502000000.0	3924016096.3	2783191226.9	4431041101.0
4503000000.0	3924785074.2	2783576891.2	4432023535.7
4504000000.0	3925554011.9	2783962491.1	4433005969.7
4505000000.0	3926322909.5	2784348026.6	4433988402.9
4506000000.0	3927091766.8	2784733497.8	4434970835.3
4507000000.0	3927860584.0	2785118904.5	4435953266.9
4508000000.0	3928629361.0	2785504246.9	4436935697.8
4509000000.0	3929398097.8	2785889525.0	4437918128.0
4510000000.0	3930166794.4	2786274738.8	4438900557.3
4511000000.0	3930935450.9	2786659888.2	4439882985.9
4512000000.0	3931704067.1	2787044973.4	4440865413.7
4513000000.0	3932472643.2	2787429994.3	4441847840.8
4514000000.0	3933241179.2	2787814950.9	4442830267.1
4515000000.0	3934009675.0	2788199843.3	4443812692.6
4516000000.0	3934778130.6	2788584671.5	4444795117.4
4517000000.0	3935546546.1	2788969435.4	4445777541.4
4518000000.0	3936314921.4	2789354135.2	4446759964.7
4519000000.0	3937083256.5	2789738770.8	4447742387.1
4520000000.0	3937851551.6	2790123342.2	4448724808.8
4521000000.0	3938619806.4	2790507849.5	4449707229.8
4522000000.0	3939388021.2	2790892292.7	4450689650.0
4523000000.0	3940156195.8	2791276671.7	4451672069.4
4524000000.0	3940924330.3	2791660986.7	4452654488.0
4525000000.0	3941692424.6	2792045237.6	4453636905.9
4526000000.0	3942460478.8	2792429424.4	4454619323.0
4527000000.0	3943228492.9	2792813547.2	4455601739.4
4528000000.0	3943996466.9	2793197605.9	4456584155.0
4529000000.0	3944764400.7	2793581600.6	4457566569.8
4530000000.0	3945532294.4	2793965531.4	4458548983.9
4531000000.0	3946300148.1	2794349398.1	4459531397.2
4532000000.0	3947067961.6	2794733200.9	4460513809.7
4533000000.0	3947835735.0	2795116939.7	4461496221.5
4534000000.0	3948603468.3	2795500614.6	4462478632.5
4535000000.0	3949371161.5	2795884225.6	4463461042.7
4536000000.0	3950138814.6	2796267772.6	4464443452.2
4537000000.0	3950906427.7	2796651255.8	4465425860.9
4538000000.0	3951674000.6	2797034675.1	4466408268.8
4539000000.0	3952441533.4	2797418030.6	4467390676.0
4540000000.0	3953209026.2	2797801322.2	4468373082.4
4541000000.0	3953976478.9	2798184550.0	4469355488.1
4542000000.0	3954743891.5	2798567714.0	4470337892.9
4543000000.0	3955511264.0	2798950814.2	4471320297.0
4544000000.0	3956278596.5	2799333850.6	4472302700.4
4545000000.0	3957045888.9	2799716823.2	4473285103.0
4546000000.0	3957813141.2	2800099732.1	4474267504.8
4547000000.0	3958580353.5	2800482577.3	4475249905.9
4548000000.0	3959347525.7	2800865358.8	4476232306.2
4549000000.0	3960114657.8	2801248076.6	4477214705.7
4550000000.0	3960881749.9	2801630730.7	4478197104.4
4551000000.0	3961648802.0	2802013321.1	4479179502.4
4552000000.0	3962415814.0	2802395847.9	4480161899.7
4553000000.0	3963182786.0	2802778311.1	4481144296.1
4554000000.0	3963949717.9	2803160710.6	4482126691.8
4555000000.0	3964716609.8	2803543046.5	4483109086.8
4556000000.0	3965483461.7	2803925318.9	4484091481.0
4557000000.0	3966250273.5	2804307527.7	4485073874.4
4558000000.0	3967017045.3	2804689672.9	4486056267.0
4559000000.0	3967783777.1	2805071754.6	4487038658.9
4560000000.0	3968550468.8	2805453772.8	4488021050.0
4561000000.0	3969317120.6	2805835727.4	4489003440.3
4562000000.0	3970083732.3	2806217618.6	4489985829.9
4563000000.0	3970850304.0	2806599446.3	4490968218.7
4564000000.0	3971616835.7	2806981210.5	4491950606.8
4565000000.0	3972383327.4	2807362911.3	4492932994.1
4566000000.0	3973149779.1	2807744548.7	4493915380.6
4567000000.0	3973916190.8	2808126122.7	4494897766.4
4568000000.0	3974682562.6	2808507633.3	4495880151.4
4569000000.0	3975448894.3	2808889080.5	4496862535.6
4570000000.0	3976215186.0	2809270464.3	4497844919.0
4571000000.0	3976981437.7	2809651784.8	4498827301.7
4572000000.0	3977747649.5	2810033041.9	4499809683.7
4573000000.0	3978513821.3	2810414235.7	4500792064.8
4574000000.0	3979279953.1	2810795366.3	4501774445.2
4575000000.0	3980046044.9	2811176433.5	4502756824.9
4576000000.0	3980812096.8	2811557437.5	4503739203.8
4577000000.0	3981578108.7	2811938378.2	4504721581.9
4578000000.0	3982344080.6	2812319255.7	4505703959.2
4579000000.0	3983110012.6	2812700070.0	4506686335.8
4580000000.0	3983875904.6	2813080821.1	4507668711.6
4581000000.0	3984641756.6	2813461508.9	4508651086.7
4582000000.0	3985407568.7	2813842133.6	4509633460.9
4583000000.0	3986173340.9	2814222695.2	4510615834.5
4584000000.0	3986939073.1	2814603193.6	4511598207.2
4585000000.0	3987704765.4	2814983628.9	4512580579.2
4586000000.0	3988470417.7	2815364001.0	4513562950.4
4587000000.0	3989236030.1	2815744310.1	4514545320.9
4588000000.0	3990001602.6	2816124556.1	4515527690.6
4589000000.0	3990767135.1	2816504739.0	4516510059.5
4590000000.0	3991532627.7	2816884858.9	4517492427.7
4591000000.0	3992298080.4	2817264915.7	4518474795.1
4592000000.0	3993063493.1	2817644909.5	4519457161.7
4593000000.0	3993828866.0	2818024840.4	4520439527.6
4594000000.0	3994594198.9	2818404708.2	4521421892.7
4595000000.0	3995359491.9	2818784513.1	4522404257.0
4596000000.0	3996124745.1	2819164255.0	4523386620.6
4597000000.0	3996889958.3	2819543934.0	4524368983.4
4598000000.0	3997655131.6	2819923550.0	4525351345.5
4599000000.0	3998420265.0	2820303103.2	4526333706.7
4600000000.0	3999185358.5	2820682593.4	4527316067.3
4601000000.0	3999950412.1	2821062020.8	4528298427.0
4602000000.0	4000715425.8	2821441385.3	4529280786.0
4603000000.0	4001480399.7	2821820687.0	4530263144.2
4604000000.0	4002245333.6	2822199925.8	4531245501.7
4605000000.0	4003010227.7	2822579101.8	4532227858.4
4606000000.0	4003775081.9	2822958215.1	4533210214.3
4607000000.0	4004539896.3	2823337265.5	4534192569.4
4608000000.0	4005304670.7	2823716253.2	4535174923.8
4609000000.0	4006069405.3	2824095178.1	4536157277.5
4610000000.0	4006834100.0	2824474040.3	4537139630.3
4611000000.0	4007598754.9	2824852839.8	4538121982.4
4612000000.0	4008363369.9	2825231576.6	4539104333.8
4613000000.0	4009127945.1	2825610250.7	4540086684.4
4614000000.0	4009892480.4	2825988862.1	4541069034.2
4615000000.0	4010656975.9	2826367410.8	4542051383.2
4616000000.0	4011421431.5	2826745896.9	4543033731.5
4617000000.0	4012185847.2	2827124320.4	4544016079.0
4618000000.0	4012950223.2	2827502681.3	4544998425.7
4619000000.0	4013714559.3	2827880979.5	4545980771.7
4620000000.0	4014478855.5	2828259215.2	4546963116.9
4621000000.0	4015243111.9	2828637388.4	4547945461.4
4622000000.0	4016007328.6	2829015498.9	4548927805.1
4623000000.0	4016771505.3	2829393547.0	4549910148.0
4624000000.0	4017535642.3	2829771532.5	4550892490.2
4625000000.0	4018299739.4	2830149455.6	4551874831.6
4626000000.0	4019063796.8	2830527316.1	4552857172.2
4627000000.0	4019827814.3	2830905114.2	4553839512.1
4628000000.0	4020591792.0	2831282849.8	4554821851.2
4629000000.0	4021355729.9	2831660522.9	4555804189.5
4630000000.0	4022119628.0	2832038133.7	4556786527.1
4631000000.0	4022883486.3	2832415682.0	4557768863.9
4632000000.0	4023647304.8	2832793168.0	4558751199.9
4633000000.0	4024411083.5	2833170591.5	4559733535.2
4634000000.0	4025174822.5	2833547952.7	4560715869.7
4635000000.0	4025938521.6	2833925251.6	4561698203.4
4636000000.0	4026702181.0	2834302488.1	4562680536.4
4637000000.0	4027465800.5	2834679662.3	4563662868.6
4638000000.0	4028229380.3	2835056774.2	4564645200.1
4639000000.0	4028992920.4	2835433823.8	4565627530.8
4640000000.0	4029756420.6	2835810811.2	4566609860.7
4641000000.0	4030519881.1	2836187736.3	4567592189.9
4642000000.0	4031283301.8	2836564599.1	4568574518.2
4643000000.0	4032046682.8	2836941399.8	4569556845.9
4644000000.0	4032810024.0	2837318138.2	4570539172.7
4645000000.0	4033573325.5	2837694814.4	4571521498.8
4646000000.0	4034336587.1	2838071428.5	4572503824.2
4647000000.0	4035099809.1	2838447980.3	4573486148.7
4648000000.0	4035862991.3	2838824470.1	4574468472.5
4649000000.0	4036626133.8	2839200897.7	4575450795.6
4650000000.0	4037389236.5	2839577263.2	4576433117.8
4651000000.0	4038152299.5	2839953566.6	4577415439.4
4652000000.0	4038915322.7	2840329807.9	4578397760.1
4653000000.0	4039678306.2	2840705987.1	4579380080.1
4654000000.0	4040441250.0	2841082104.3	4580362399.3
4655000000.0	4041204154.1	2841458159.4	4581344717.7
4656000000.0	4041967018.4	2841834152.5	4582327035.4
4657000000.0	4042729843.1	2842210083.7	4583309352.3
4658000000.0	4043492628.0	2842585952.8	4584291668.5
4659000000.0	4044255373.2	2842961759.9	4585273983.9
4660000000.0	4045018078.7	2843337505.1	4586256298.5
4661000000.0	4045780744.5	2843713188.3	4587238612.4
4662000000.0	4046543370.6	2844088809.6	4588220925.5
4663000000.0	4047305956.9	2844464369.0	4589203237.8
4664000000.0	4048068503.6	2844839866.4	4590185549.4
4665000000.0	4048831010.6	2845215302.0	4591167860.2
4666000000.0	4049593477.9	2845590675.7	4592150170.2
4667000000.0	4050355905.6	2845965987.6	4593132479.5
4668000000.0	4051118293.5	2846341237.6	4594114788.0
4669000000.0	4051880641.8	2846716425.8	4595097095.7
4670000000.0	4052642950.3	2847091552.2	4596079402.7
4671000000.0	4053405219.2	2847466616.8	4597061708.9
4672000000.0	4054167448.5	2847841619.6	4598044014.3
4673000000.0	4054929638.0	2848216560.7	4599026319.0
4674000000.0	4055691787.9	2848591440.0	4600008622.9
4675000000.0	4056453898.2	2848966257.5	4600990926.1
4676000000.0	4057215968.7	2849341013.4	4601973228.5
4677000000.0	4057977999.7	2849715707.5	4602955530.1
4678000000.0	4058739990.9	2850090340.0	4603937831.0
4679000000.0	4059501942.6	2850464910.7	4604920131.1
4680000000.0	4060263854.5	2850839419.9	4605902430.4
4681000000.0	4061025726.9	2851213867.4	4606884729.0
4682000000.0	4061787559.5	2851588253.2	4607867026.7
4683000000.0	4062549352.6	2851962577.5	4608849323.8
4684000000.0	4063311106.0	2852336840.1	4609831620.1
4685000000.0	4064072819.8	2852711041.2	4610813915.6
4686000000.0	4064834494.0	2853085180.7	4611796210.3
4687000000.0	4065596128.5	2853459258.6	4612778504.3
4688000000.0	4066357723.4	2853833275.0	4613760797.5
4689000000.0	4067119278.7	2854207229.9	4614743089.9
4690000000.0	4067880794.4	2854581123.3	4615725381.6
4691000000.0	4068642270.4	2854954955.2	4616707672.5
4692000000.0	4069403706.9	2855328725.7	4617689962.7
4693000000.0	4070165103.7	2855702434.6	4618672252.1
4694000000.0	4070926461.0	2856076082.1	4619654540.7
4695000000.0	4071687778.6	2856449668.2	4620636828.5
4696000000.0	4072449056.7	2856823192.9	4621619115.6
4697000000.0	4073210295.1	2857196656.2	4622601402.0
4698000000.0	4073971494.0	2857570058.1	4623583687.5
4699000000.0	4074732653.3	2857943398.6	4624565972.3
4700000000.0	4075493772.9	2858316677.8	4625548256.3
4701000000.0	4076254853.1	2858689895.6	4626530539.6
4702000000.0	4077015893.6	2859063052.1	4627512822.1
4703000000.0	4077776894.5	2859436147.3	4628495103.9
4704000000.0	4078537855.9	2859809181.2	4629477384.8
4705000000.0	4079298777.7	2860182153.8	4630459665.0
4706000000.0	4080059660.0	2860555065.2	4631441944.5
4707000000.0	4080820502.6	2860927915.3	4632424223.2
4708000000.0	4081581305.8	2861300704.2	4633406501.1
4709000000.0	4082342069.3	2861673431.9	4634388778.2
4710000000.0	4083102793.3	2862046098.3	4635371054.6
4711000000.0	4083863477.8	2862418703.6	4636353330.2
4712000000.0	4084624122.7	2862791247.7	4637335605.1
4713000000.0	4085384728.1	2863163730.7	4638317879.2
4714000000.0	4086145293.9	2863536152.5	4639300152.5
4715000000.0	4086905820.2	2863908513.2	4640282425.1
4716000000.0	4087666306.9	2864280812.7	4641264696.9
4717000000.0	4088426754.2	2864653051.2	4642246967.9
4718000000.0	4089187161.9	2865025228.6	4643229238.2
4719000000.0	4089947530.0	2865397344.9	4644211507.7
4720000000.0	4090707858.7	2865769400.2	4645193776.4
4721000000.0	4091468147.8	2866141394.4	4646176044.4
4722000000.0	4092228397.4	2866513327.6	4647158311.6
4723000000.0	4092988607.5	2866885199.8	4648140578.0
4724000000.0	4093748778.0	2867257011.0	4649122843.7
4725000000.0	4094508909.1	2867628761.2	4650105108.6
4726000000.0	4095269000.7	2868000450.5	4651087372.7
4727000000.0	4096029052.7	2868372078.8	4652069636.1
4728000000.0	4096789065.3	2868743646.2	4653051898.8
4729000000.0	4097549038.4	2869115152.7	4654034160.6
4730000000.0	4098308972.0	2869486598.2	4655016421.7
4731000000.0	4099068866.0	2869857982.9	4655998682.0
4732000000.0	4099828720.6	2870229306.7	4656980941.6
4733000000.0	4100588535.8	2870600569.7	4657963200.4
4734000000.0	4101348311.4	2870971771.8	4658945458.4
4735000000.0	4102108047.6	2871342913.1	4659927715.7
4736000000.0	4102867744.3	2871713993.5	4660909972.2
4737000000.0	4103627401.5	2872085013.2	4661892227.9
4738000000.0	4104387019.2	2872455972.1	4662874482.9
4739000000.0	4105146597.5	2872826870.2	4663856737.1
4740000000.0	4105906136.3	2873197707.6	4664838990.5
4741000000.0	4106665635.7	2873568484.2	4665821243.2
4742000000.0	4107425095.6	2873939200.1	4666803495.1
4743000000.0	4108184516.1	2874309855.3	4667785746.3
4744000000.0	4108943897.1	2874680449.9	4668767996.6
4745000000.0	4109703238.6	2875050983.7	4669750246.3
4746000000.0	4110462540.8	2875421456.9	4670732495.1
4747000000.0	4111221803.4	2875791869.4	4671714743.2
4748000000.0	4111981026.7	2876162221.3	4672696990.5
4749000000.0	4112740210.5	2876532512.5	4673679237.1
4750000000.0	4113499354.9	2876902743.2	4674661482.9
4751000000.0	4114258459.8	2877272913.3	4675643727.9
4752000000.0	4115017525.3	2877643022.8	4676625972.2
4753000000.0	4115776551.4	2878013071.7	4677608215.7
4754000000.0	4116535538.1	2878383060.1	4678590458.4
4755000000.0	4117294485.4	2878752988.0	4679572700.4
4756000000.0	4118053393.3	2879122855.3	4680554941.6
4757000000.0	4118812261.7	2879492662.2	4681537182.0
4758000000.0	4119571090.7	2879862408.6	4682519421.7
4759000000.0	4120329880.4	2880232094.5	4683501660.6
4760000000.0	4121088630.6	2880601719.9	4684483898.8
4761000000.0	4121847341.5	2880971284.9	4685466136.1
4762000000.0	4122606012.9	2881340789.5	4686448372.8
4763000000.0	4123364645.0	2881710233.7	4687430608.6
4764000000.0	4124123237.6	2882079617.4	4688412843.7
4765000000.0	4124881790.9	2882448940.8	4689395078.0
4766000000.0	4125640304.8	2882818203.9	4690377311.6
4767000000.0	4126398779.3	2883187406.5	4691359544.4
4768000000.0	4127157214.5	2883556548.9	4692341776.4
4769000000.0	4127915610.3	2883925630.9	4693324007.7
4770000000.0	4128673966.7	2884294652.6	4694306238.2
4771000000.0	4129432283.7	2884663614.0	4695288467.9
4772000000.0	4130190561.4	2885032515.2	4696270696.9
4773000000.0	4130948799.7	2885401356.1	4697252925.1
4774000000.0	4131706998.7	2885770136.7	4698235152.5
4775000000.0	4132465158.3	2886138857.1	4699217379.2
4776000000.0	4133223278.5	2886507517.3	4700199605.1
4777000000.0	4133981359.4	2886876117.2	4701181830.3
4778000000.0	4134739401.0	2887244657.0	4702164054.6
4779000000.0	4135497403.2	2887613136.6	4703146278.3
4780000000.0	4136255366.1	2887981556.1	4704128501.1
4781000000.0	4137013289.6	2888349915.4	4705110723.2
4782000000.0	4137771173.8	2888718214.6	4706092944.5
4783000000.0	4138529018.7	2889086453.7	4707075165.1
4784000000.0	4139286824.3	2889454632.6	4708057384.9
4785000000.0	4140044590.5	2889822751.5	4709039603.9
4786000000.0	4140802317.4	2890190810.3	4710021822.2
4787000000.0	4141560005.0	2890558809.1	4711004039.7
4788000000.0	4142317653.3	2890926747.8	4711986256.4
4789000000.0	4143075262.2	2891294626.5	4712968472.4
4790000000.0	4143832831.9	2891662445.1	4713950687.6
4791000000.0	4144590362.3	2892030203.8	4714932902.0
4792000000.0	4145347853.3	2892397902.5	4715915115.7
4793000000.0	4146105305.1	2892765541.2	4716897328.6
4794000000.0	4146862717.5	2893133120.0	4717879540.8
4795000000.0	4147620090.7	2893500638.8	4718861752.1
4796000000.0	4148377424.6	2893868097.7	4719843962.8
4797000000.0	4149134719.2	2894235496.7	4720826172.6
4798000000.0	4149891974.5	2894602835.8	4721808381.7
4799000000.0	4150649190.5	2894970115.0	4722790590.0
4800000000.0	4151406367.2	2895337334.4	4723772797.6
4801000000.0	4152163504.7	2895704493.9	4724755004.4
4802000000.0	4152920602.9	2896071593.6	4725737210.4
4803000000.0	4153677661.8	2896438633.4	4726719415.7
4804000000.0	4154434681.5	2896805613.5	4727701620.2
4805000000.0	4155191661.9	2897172533.7	4728683823.9
4806000000.0	4155948603.0	2897539394.2	4729666026.9
4807000000.0	4156705504.9	2897906194.9	4730648229.1
4808000000.0	4157462367.6	2898272935.9	4731630430.5
4809000000.0	4158219191.0	2898639617.1	4732612631.2
4810000000.0	4158975975.1	2899006238.6	4733594831.1
4811000000.0	4159732720.0	2899372800.4	4734577030.3
4812000000.0	4160489425.6	2899739302.5	4735559228.6
4813000000.0	4161246092.1	2900105744.9	4736541426.3
4814000000.0	4162002719.2	2900472127.7	4737523623.1
4815000000.0	4162759307.2	2900838450.8	4738505819.2
4816000000.0	4163515855.9	2901204714.3	4739488014.5
4817000000.0	4164272365.4	2901570918.2	4740470209.1
4818000000.0	4165028835.7	2901937062.5	4741452402.9
4819000000.0	4165785266.7	2902303147.2	4742434595.9
4820000000.0	4166541658.5	2902669172.3	4743416788.2
4821000000.0	4167298011.2	2903035137.8	4744398979.7
4822000000.0	4168054324.6	2903401043.8	4745381170.4
4823000000.0	4168810598.8	2903766890.3	4746363360.4
4824000000.0	4169566833.8	2904132677.3	4747345549.6
4825000000.0	4170323029.6	2904498404.8	4748327738.0
4826000000.0	4171079186.2	2904864072.7	4749309925.7
4827000000.0	4171835303.6	2905229681.2	4750292112.6
4828000000.0	4172591381.8	2905595230.3	4751274298.8
4829000000.0	4173347420.8	2905960719.9	4752256484.2
4830000000.0	4174103420.7	2906326150.1	4753238668.8
4831000000.0	4174859381.3	2906691520.8	4754220852.6
4832000000.0	4175615302.8	2907056832.2	4755203035.7
4833000000.0	4176371185.1	2907422084.2	4756185218.1
4834000000.0	4177127028.2	2907787276.8	4757167399.6
4835000000.0	4177882832.2	2908152410.0	4758149580.4
4836000000.0	4178638596.9	2908517483.9	4759131760.4
4837000000.0	4179394322.6	2908882498.5	4760113939.7
4838000000.0	4180150009.0	2909247453.8	4761096118.2
4839000000.0	4180905656.3	2909612349.8	4762078295.9
4840000000.0	4181661264.5	2909977186.5	4763060472.9
4841000000.0	4182416833.5	2910341963.9	4764042649.1
4842000000.0	4183172363.3	2910706682.0	4765024824.6
4843000000.0	4183927854.0	2911071341.0	4766006999.2
4844000000.0	4184683305.5	2911435940.7	4766989173.2
4845000000.0	4185438718.0	2911800481.1	4767971346.3
4846000000.0	4186194091.2	2912164962.4	4768953518.7
4847000000.0	4186949425.4	2912529384.5	4769935690.3
4848000000.0	4187704720.4	2912893747.5	4770917861.2
4849000000.0	4188459976.3	2913258051.3	4771900031.3
4850000000.0	4189215193.0	2913622295.9	4772882200.6
4851000000.0	4189970370.6	2913986481.4	4773864369.1
4852000000.0	4190725509.2	2914350607.8	4774846536.9
4853000000.0	4191480608.6	2914714675.1	4775828704.0
4854000000.0	4192235668.8	2915078683.4	4776810870.2
4855000000.0	4192990690.0	2915442632.5	4777793035.7
4856000000.0	4193745672.1	2915806522.6	4778775200.5
4857000000.0	4194500615.1	2916170353.7	4779757364.5
4858000000.0	4195255518.9	2916534125.8	4780739527.7
4859000000.0	4196010383.7	2916897838.8	4781721690.1
4860000000.0	4196765209.3	2917261492.8	4782703851.8
4861000000.0	4197519995.9	2917625087.9	4783686012.7
4862000000.0	4198274743.4	2917988624.0	4784668172.9
4863000000.0	4199029451.8	2918352101.1	4785650332.2
4864000000.0	4199784121.1	2918715519.3	4786632490.9
4865000000.0	4200538751.4	2919078878.6	4787614648.7
4866000000.0	4201293342.5	2919442179.0	4788596805.8
4867000000.0	4202047894.6	2919805420.5	4789578962.1
4868000000.0	4202802407.7	2920168603.1	4790561117.7
4869000000.0	4203556881.6	2920531726.8	4791543272.5
4870000000.0	4204311316.5	2920894791.7	4792525426.5
4871000000.0	4205065712.3	2921257797.7	4793507579.8
4872000000.0	4205820069.1	2921620744.9	4794489732.3
4873000000.0	4206574386.8	2921983633.3	4795471884.0
4874000000.0	4207328665.5	2922346462.9	4796454035.0
4875000000.0	4208082905.1	2922709233.7	4797436185.2
4876000000.0	4208837105.7	2923071945.8	4798418334.7
4877000000.0	4209591267.2	2923434599.1	4799400483.4
4878000000.0	4210345389.7	2923797193.7	4800382631.3
4879000000.0	4211099473.1	2924159729.5	4801364778.4
4880000000.0	4211853517.5	2924522206.7	4802346924.8
4881000000.0	4212607522.9	2924884625.1	4803329070.4
4882000000.0	4213361489.2	2925246984.9	4804311215.3
4883000000.0	4214115416.6	2925609286.0	4805293359.4
4884000000.0	4214869304.9	2925971528.4	4806275502.7
4885000000.0	4215623154.2	2926333712.2	4807257645.3
4886000000.0	4216376964.4	2926695837.4	4808239787.1
4887000000.0	4217130735.7	2927057904.0	4809221928.1
4888000000.0	4217884467.9	2927419911.9	4810204068.4
4889000000.0	4218638161.2	2927781861.3	4811186207.9
4890000000.0	4219391815.4	2928143752.2	4812168346.6
4891000000.0	4220145430.7	2928505584.4	4813150484.6
4892000000.0	4220899006.9	2928867358.2	4814132621.8
4893000000.0	4221652544.1	2929229073.4	4815114758.3
4894000000.0	4222406042.4	2929590730.1	4816096894.0
4895000000.0	4223159501.6	2929952328.3	4817079028.9
4896000000.0	4223912921.9	2930313868.0	4818061163.0
4897000000.0	4224666303.2	2930675349.3	4819043296.4
4898000000.0	4225419645.5	2931036772.1	4820025429.0
4899000000.0	4226172948.9	2931398136.4	4821007560.9
4900000000.0	4226926213.2	2931759442.4	4821989692.0
4901000000.0	4227679438.6	2932120689.9	4822971822.3
4902000000.0	4228432625.1	2932481879.0	4823953951.9
4903000000.0	4229185772.5	2932843009.8	4824936080.7
4904000000.0	4229938881.0	2933204082.2	4825918208.7
4905000000.0	4230691950.6	2933565096.2	4826900336.0
4906000000.0	4231444981.2	2933926051.9	4827882462.5
4907000000.0	4232197972.8	2934286949.2	4828864588.3
4908000000.0	4232950925.5	2934647788.3	4829846713.2
4909000000.0	4233703839.2	2935008569.0	4830828837.5
4910000000.0	4234456714.0	2935369291.5	4831810960.9
4911000000.0	4235209549.9	2935729955.7	4832793083.6
4912000000.0	4235962346.8	2936090561.6	4833775205.5
4913000000.0	4236715104.8	2936451109.3	4834757326.7
4914000000.0	4237467823.8	2936811598.8	4835739447.1
4915000000.0	4238220503.9	2937172030.1	4836721566.7
4916000000.0	4238973145.1	2937532403.1	4837703685.5
4917000000.0	4239725747.4	2937892718.0	4838685803.6
4918000000.0	4240478310.8	2938252974.7	4839667921.0
4919000000.0	4241230835.2	2938613173.2	4840650037.5
4920000000.0	4241983320.7	2938973313.7	4841632153.4
4921000000.0	4242735767.4	2939333395.9	4842614268.4
4922000000.0	4243488175.1	2939693420.1	4843596382.7
4923000000.0	4244240543.9	2940053386.2	4844578496.2
4924000000.0	4244992873.8	2940413294.1	4845560608.9
4925000000.0	4245745164.8	2940773144.0	4846542720.9
4926000000.0	4246497416.9	2941132935.9	4847524832.1
4927000000.0	4247249630.1	2941492669.7	4848506942.6
4928000000.0	4248001804.5	2941852345.5	4849489052.3
4929000000.0	4248753939.9	2942211963.2	4850471161.2
4930000000.0	4249506036.5	2942571523.0	4851453278.1
4931000000.0	4250258094.1	2942931024.7	4852435411.9
4932000000.0	4251010113.0	2943290468.5	4853417544.9
4933000000.0	4251762092.9	2943649854.4	4854399677.1
4934000000.0	4252514033.9	2944009182.3	4855381808.6
4935000000.0	4253265936.1	2944368452.2	4856363939.3
4936000000.0	4254017799.5	2944727664.2	4857346069.3
4937000000.0	4254769623.9	2945086818.4	4858328198.6
4938000000.0	4255521409.5	2945445914.6	4859310327.0
4939000000.0	4256273156.3	2945804953.0	4860292454.8
4940000000.0	4257024864.2	2946163933.5	4861274581.7
4941000000.0	4257776533.2	2946522856.2	4862256707.9
4942000000.0	4258528163.4	2946881721.0	4863238833.4
4943000000.0	4259279754.8	2947240528.0	4864220958.1
4944000000.0	4260031307.3	2947599277.2	4865203082.1
4945000000.0	4260782821.0	2947957968.6	4866185205.3
4946000000.0	4261534295.8	2948316602.2	4867167327.7
4947000000.0	4262285731.9	2948675178.1	4868149449.4
4948000000.0	4263037129.0	2949033696.2	4869131570.3
4949000000.0	4263788487.4	2949392156.6	4870113690.5
4950000000.0	4264539806.9	2949750559.2	4871095809.9
4951000000.0	4265291087.7	2950108904.2	4872077928.6
4952000000.0	4266042329.6	2950467191.4	4873060046.5
4953000000.0	4266793532.6	2950825421.0	4874042163.7
4954000000.0	4267544696.9	2951183592.9	4875024280.1
4955000000.0	4268295822.4	2951541707.2	4876006395.8
4956000000.0	4269046909.0	2951899763.8	4876988510.7
4957000000.0	4269797956.9	2952257762.8	4877970624.9
4958000000.0	4270548966.0	2952615704.2	4878952738.3
4959000000.0	4271299936.2	2952973588.0	4879934850.9
4960000000.0	4272050867.7	2953331414.2	4880916962.8
4961000000.0	4272801760.4	2953689182.8	4881899073.9
4962000000.0	4273552614.3	2954046893.9	4882881184.3
4963000000.0	4274303429.4	2954404547.4	4883863293.9
4964000000.0	4275054205.7	2954762143.4	4884845402.8
4965000000.0	4275804943.3	2955119681.9	4885827510.9
4966000000.0	4276555642.1	2955477162.9	4886809618.3
4967000000.0	4277306302.1	2955834586.4	4887791724.9
4968000000.0	4278056923.3	2956191952.5	4888773830.8
4969000000.0	4278807505.8	2956549261.0	4889755935.9
4970000000.0	4279558049.5	2956906512.2	4890738040.3
4971000000.0	4280308554.5	2957263705.9	4891720143.9
4972000000.0	4281059020.7	2957620842.2	4892702246.7
4973000000.0	4281809448.1	2957977921.1	4893684348.8
4974000000.0	4282559836.8	2958334942.6	4894666450.1
4975000000.0	4283310186.7	2958691906.7	4895648550.7
4976000000.0	4284060497.9	2959048813.5	4896630650.6
4977000000.0	4284810770.4	2959405662.9	4897612749.6
4978000000.0	4285561004.1	2959762454.9	4898594848.0
4979000000.0	4286311199.1	2960119189.7	4899576945.5
4980000000.0	4287061355.4	2960475867.2	4900559042.4
4981000000.0	4287811472.9	2960832487.3	4901541138.4
4982000000.0	4288561551.7	2961189050.2	4902523233.7
4983000000.0	4289311591.8	2961545555.8	4903505328.3
4984000000.0	4290061593.1	2961902004.2	4904487422.1
4985000000.0	4290811555.7	2962258395.4	4905469515.1
4986000000.0	4291561479.7	2962614729.3	4906451607.4
4987000000.0	4292311364.9	2962971006.0	4907433699.0
4988000000.0	4293061211.4	2963327225.5	4908415789.8
4989000000.0	4293811019.2	2963683387.8	4909397879.8
4990000000.0	4294560788.3	2964039493.0	4910379969.1
4991000000.0	4295310518.6	2964395541.0	4911362057.6
4992000000.0	4296060210.3	2964751531.8	4912344145.4
4993000000.0	4296809863.3	2965107465.6	4913326232.4
4994000000.0	4297559477.7	2965463342.2	4914308318.7
4995000000.0	4298309053.3	2965819161.7	4915290404.2
4996000000.0	4299058590.2	2966174924.1	4916272489.0
4997000000.0	4299808088.5	2966530629.5	4917254573.0
4998000000.0	4300557548.0	2966886277.8	4918236656.2
4999000000.0	4301306969.0	2967241869.1	4919218738.7
5000000000.0	4302056351.2	2967597403.3	4920200820.4
5001000000.0	4302805694.7	2967952880.5	4921182901.4
5002000000.0	4303554999.6	2968308300.8	4922164981.7
5003000000.0	4304304265.9	2968663664.0	4923147061.2
5004000000.0	4305053493.4	2969018970.2	4924129139.9
5005000000.0	4305802682.3	2969374219.5	4925111217.9
5006000000.0	4306551832.6	2969729411.9	4926093295.1
5007000000.0	4307300944.2	2970084547.3	4927075371.6
5008000000.0	4308050017.2	2970439625.8	4928057447.3
5009000000.0	4308799051.5	2970794647.3	4929039522.2
5010000000.0	4309548047.1	2971149612.0	4930021596.4
5011000000.0	4310297004.2	2971504519.8	4931003669.9
5012000000.0	4311045922.6	2971859370.8	4931985742.6
5013000000.0	4311794802.3	2972214164.9	4932967814.5
5014000000.0	4312543643.4	2972568902.1	4933949885.7
5015000000.0	4313292445.9	2972923582.5	4934931956.2
5016000000.0	4314041209.8	2973278206.1	4935914025.9
5017000000.0	4314789935.1	2973632773.0	4936896094.8
5018000000.0	4315538621.7	2973987283.0	4937878163.0
5019000000.0	4316287269.7	2974341736.2	4938860230.4
5020000000.0	4317035879.1	2974696132.7	4939842297.1
5021000000.0	4317784449.9	2975050472.5	4940824363.0
5022000000.0	4318532982.1	2975404755.5	4941806428.1
5023000000.0	4319281475.7	2975758981.8	4942788492.5
5024000000.0	4320029930.7	2976113151.5	4943770556.2
5025000000.0	4320778347.1	2976467264.4	4944752619.1
5026000000.0	4321526724.9	2976821320.6	4945734681.3
5027000000.0	4322275064.1	2977175320.2	4946716742.6
5028000000.0	4323023364.7	2977529263.2	4947698803.3
5029000000.0	4323771626.7	2977883149.5	4948680863.2
5030000000.0	4324519850.1	2978236979.1	4949662922.3
5031000000.0	4325268035.0	2978590752.2	4950644980.7
5032000000.0	4326016181.3	2978944468.7	4951627038.3
5033000000.0	4326764289.0	2979298128.6	4952609095.2
5034000000.0	4327512358.1	2979651731.9	4953591151.3
5035000000.0	4328260388.7	2980005278.7	4954573206.7
5036000000.0	4329008380.7	2980358769.0	4955555261.3
5037000000.0	4329756334.1	2980712202.7	4956537315.1
5038000000.0	4330504249.0	2981065579.9	4957519368.2
5039000000.0	4331252125.4	2981418900.6	4958501420.6
5040000000.0	4331999963.1	2981772164.8	4959483472.2
5041000000.0	4332747762.4	2982125372.6	4960465523.0
5042000000.0	4333495523.0	2982478523.9	4961447573.1
5043000000.0	4334243245.2	2982831618.7	4962429622.5
5044000000.0	4334990928.8	2983184657.1	4963411671.0
5045000000.0	4335738573.8	2983537639.1	4964393718.9
5046000000.0	4336486180.3	2983890564.7	4965375765.9
5047000000.0	4337233748.3	2984243433.9	4966357812.3
5048000000.0	4337981277.8	2984596246.8	4967339857.8
5049000000.0	4338728768.7	2984949003.2	4968321902.6
5050000000.0	4339476221.1	2985301703.4	4969303946.7
5051000000.0	4340223635.0	2985654347.1	4970285990.0
5052000000.0	4340971010.4	2986006934.6	4971268032.6
5053000000.0	4341718347.2	2986359465.7	4972250074.4
5054000000.0	4342465645.6	2986711940.6	4973232115.4
5055000000.0	4343212905.4	2987064359.2	4974214155.7
5056000000.0	4343960126.7	2987416721.5	4975196195.2
5057000000.0	4344707309.6	2987769027.5	4976178234.0
5058000000.0	4345454453.9	2988121277.3	4977160272.1
5059000000.0	4346201559.7	2988473470.9	4978142309.3
5060000000.0	4346948627.1	2988825608.3	4979124345.9
5061000000.0	4347695655.9	2989177689.4	4980106381.6
5062000000.0	4348442646.3	2989529714.4	4981088416.7
5063000000.0	4349189598.1	2989881683.2	4982070450.9
5064000000.0	4349936511.5	2990233595.8	4983052484.4
5065000000.0	4350683386.5	2990585452.3	4984034517.2
5066000000.0	4351430222.9	2990937252.7	4985016549.2
5067000000.0	4352177020.9	2991288996.9	4985998580.4
5068000000.0	4352923780.4	2991640685.0	4986980610.9
5069000000.0	4353670501.4	2991992317.1	4987962640.7
5070000000.0	4354417183.9	2992343893.0	4988944669.7
5071000000.0	4355163828.1	2992695412.9	4989926697.9
5072000000.0	4355910433.7	2993046876.7	4990908725.4
5073000000.0	4356657000.9	2993398284.5	4991890752.1
5074000000.0	4357403529.6	2993749636.3	4992872778.1
5075000000.0	4358150019.9	2994100932.0	4993854803.3
5076000000.0	4358896471.8	2994452171.8	4994836827.8
5077000000.0	4359642885.2	2994803355.5	4995818851.5
5078000000.0	4360389260.1	2995154483.3	4996800874.4
5079000000.0	4361135596.7	2995505555.2	4997782896.6
5080000000.0	4361881894.7	2995856571.1	4998764918.1
5081000000.0	4362628154.4	2996207531.0	4999746938.8
5082000000.0	4363374375.6	2996558435.0	5000728958.7
5083000000.0	4364120558.4	2996909283.2	5001710977.9
5084000000.0	4364866702.8	2997260075.4	5002692996.3
5085000000.0	4365612808.8	2997610811.7	5003675014.0
5086000000.0	4366358876.3	2997961492.2	5004657031.0
5087000000.0	4367104905.5	2998312116.9	5005639047.1
5088000000.0	4367850896.2	2998662685.7	5006621062.6
5089000000.0	4368596848.5	2999013198.6	5007603077.2
5090000000.0	4369342762.4	2999363655.8	5008585091.1
5091000000.0	4370088637.9	2999714057.1	5009567104.3
5092000000.0	4370834475.0	3000064402.7	5010549116.7
5093000000.0	4371580273.8	3000414692.5	5011531128.4
5094000000.0	4372326034.1	3000764926.5	5012513139.3
5095000000.0	4373071756.0	3001115104.8	5013495149.4
5096000000.0	4373817439.6	3001465227.4	5014477158.8
5097000000.0	4374563084.7	3001815294.2	5015459167.5
5098000000.0	4375308691.5	3002165305.3	5016441175.3
5099000000.0	4376054259.9	3002515260.8	5017423182.5
5100000000.0	4376799789.9	3002865160.5	5018405188.8
5101000000.0	4377545281.6	3003215004.6	5019387194.5
5102000000.0	4378290734.9	3003564793.1	5020369199.3
5103000000.0	4379036149.8	3003914525.9	5021351203.5
5104000000.0	4379781526.4	3004264203.0	5022333206.8
5105000000.0	4380526864.6	3004613824.6	5023315209.4
5106000000.0	4381272164.4	3004963390.5	5024297211.3
5107000000.0	4382017425.9	3005312900.9	5025279212.4
5108000000.0	4382762649.1	3005662355.7	5026261212.8
5109000000.0	4383507833.8	3006011754.9	5027243212.3
5110000000.0	4384252980.3	3006361098.6	5028225211.2
5111000000.0	4384998088.4	3006710386.8	5029207209.3
5112000000.0	4385743158.2	3007059619.4	5030189206.6
5113000000.0	4386488189.6	3007408796.5	5031171203.2
5114000000.0	4387233182.7	3007757918.2	5032153199.0
5115000000.0	4387978137.4	3008106984.3	5033135194.1
5116000000.0	4388723053.9	3008455995.0	5034117188.4
5117000000.0	4389467932.0	3008804950.2	5035099182.0
5118000000.0	4390212771.8	3009153850.0	5036081174.8
5119000000.0	4390957573.2	3009502694.4	5037063166.9
5120000000.0	4391702336.4	3009851483.3	5038045158.2
5121000000.0	4392447061.2	3010200216.9	5039027148.7
5122000000.0	4393191747.8	3010548895.0	5040009138.5
5123000000.0	4393936396.0	3010897517.8	5040991127.6
5124000000.0	4394681005.9	3011246085.2	5041973115.9
5125000000.0	4395425577.5	3011594597.3	5042955103.4
5126000000.0	4396170110.9	3011943054.0	5043937090.2
5127000000.0	4396914605.9	3012291455.4	5044919076.2
5128000000.0	4397659062.6	3012639801.5	5045901061.5
5129000000.0	4398403481.1	3012988092.3	5046883046.0
5130000000.0	4399147861.2	3013336327.9	5047865029.8
5131000000.0	4399892203.1	3013684508.1	5048847012.8
5132000000.0	4400636506.7	3014032633.1	5049828995.1
5133000000.0	4401380772.0	3014380702.9	5050810976.6
5134000000.0	4402124999.1	3014728717.4	5051792957.4
5135000000.0	4402869187.9	3015076676.7	5052774937.4
5136000000.0	4403613338.4	3015424580.8	5053756916.6
5137000000.0	4404357450.6	3015772429.7	5054738895.1
5138000000.0	4405101524.6	3016120223.4	5055720872.8
5139000000.0	4405845560.3	3016467962.0	5056702849.8
5140000000.0	4406589557.8	3016815645.4	5057684826.1
5141000000.0	4407333517.0	3017163273.7	5058666801.6
5142000000.0	4408077438.0	3017510846.8	5059648776.3
5143000000.0	4408821320.7	3017858364.9	5060630750.3
5144000000.0	4409565165.1	3018205827.8	5061612723.5
5145000000.0	4410308971.4	3018553235.7	5062594695.9
5146000000.0	4411052739.3	3018900588.5	5063576667.7
5147000000.0	4411796469.1	3019247886.2	5064558638.6
5148000000.0	4412540160.6	3019595128.8	5065540608.8
5149000000.0	4413283813.9	3019942316.5	5066522578.3
5150000000.0	4414027429.0	3020289449.1	5067504547.0
5151000000.0	4414771005.8	3020636526.7	5068486514.9
5152000000.0	4415514544.4	3020983549.3	5069468482.1
5153000000.0	4416258044.8	3021330517.0	5070450448.6
5154000000.0	4417001507.0	3021677429.6	5071432414.3
5155000000.0	4417744931.0	3022024287.4	5072414379.2
5156000000.0	4418488316.7	3022371090.1	5073396343.4
5157000000.0	4419231664.3	3022717838.0	5074378306.8
5158000000.0	4419974973.6	3023064530.9	5075360269.5
5159000000.0	4420718244.8	3023411168.9	5076342231.4
5160000000.0	4421461477.7	3023757752.1	5077324192.5
5161000000.0	4422204672.5	3024104280.3	5078306153.0
5162000000.0	4422947829.0	3024450753.7	5079288112.6
5163000000.0	4423690947.4	3024797172.3	5080270071.5
5164000000.0	4424434027.6	3025143536.0	5081252029.7
5165000000.0	4425177069.6	3025489844.8	5082233987.1
5166000000.0	4425920073.4	3025836098.9	5083215943.7
5167000000.0	4426663039.1	3026182298.2	5084197899.6
5168000000.0	4427405966.6	3026528442.7	5085179854.7
5169000000.0	4428148855.9	3026874532.4	5086161809.1
5170000000.0	4428891707.0	3027220567.3	5087143762.7
5171000000.0	4429634520.0	3027566547.5	5088125715.6
5172000000.0	4430377294.8	3027912473.0	5089107667.7
5173000000.0	4431120031.5	3028258343.7	5090089619.1
5174000000.0	4431862729.9	3028604159.8	5091071569.7
5175000000.0	4432605390.3	3028949921.1	5092053519.6
5176000000.0	4433348012.5	3029295627.8	5093035468.7
5177000000.0	4434090596.5	3029641279.8	5094017417.1
5178000000.0	4434833142.4	3029986877.1	5094999364.7
5179000000.0	4435575650.2	3030332419.8	5095981311.5
5180000000.0	4436318119.8	3030677907.9	5096963257.6
5181000000.0	4437060551.3	3031023341.4	5097945202.9
5182000000.0	4437802944.6	3031368720.2	5098927147.5
5183000000.0	4438545299.8	3031714044.5	5099909091.4
5184000000.0	4439287616.9	3032059314.1	5100891034.4
5185000000.0	4440029895.9	3032404529.2	5101872976.8
5186000000.0	4440772136.7	3032749689.8	5102854918.3
5187000000.0	4441514339.5	3033094795.8	5103836859.2
5188000000.0	4442256504.1	3033439847.3	5104818799.2
5189000000.0	4442998630.6	3033784844.3	5105800738.5
5190000000.0	4443740719.0	3034129786.8	5106782677.1
5191000000.0	4444482769.3	3034474674.8	5107764614.9
5192000000.0	4445224781.5	3034819508.3	5108746552.0
5193000000.0	4445966755.5	3035164287.4	5109728488.3
5194000000.0	4446708691.5	3035509012.0	5110710423.8
5195000000.0	4447450589.4	3035853682.1	5111692358.6
5196000000.0	4448192449.2	3036198297.9	5112674292.6
5197000000.0	4448934270.9	3036542859.2	5113656225.9
5198000000.0	4449676054.5	3036887366.2	5114638158.4
5199000000.0	4450417800.1	3037231818.7	5115620090.2
5200000000.0	4451159507.5	3037576216.9	5116602021.2
5201000000.0	4451901176.9	3037920560.7	5117583951.5
5202000000.0	4452642808.2	3038264850.2	5118565881.0
5203000000.0	4453384401.5	3038609085.4	5119547809.8
5204000000.0	4454125956.6	3038953266.2	5120529737.8
5205000000.0	4454867473.7	3039297392.7	5121511665.1
5206000000.0	4455608952.8	3039641464.9	5122493591.6
5207000000.0	4456350393.7	3039985482.9	5123475517.3
5208000000.0	4457091796.7	3040329446.5	5124457442.3
5209000000.0	4457833161.5	3040673356.0	5125439366.6
5210000000.0	4458574488.4	3041017211.1	5126421290.0
5211000000.0	4459315777.1	3041361012.1	5127403212.8
5212000000.0	4460057027.9	3041704758.8	5128385134.8
5213000000.0	4460798240.5	3042048451.3	5129367056.0
5214000000.0	4461539415.2	3042392089.7	5130348976.5
5215000000.0	4462280551.8	3042735673.8	5131330896.2
5216000000.0	4463021650.4	3043079203.8	5132312815.1
5217000000.0	4463762710.9	3043422679.7	5133294733.4
5218000000.0	4464503733.4	3043766101.3	5134276650.8
5219000000.0	4465244717.9	3044109468.9	5135258567.5
5220000000.0	4465985664.4	3044452782.4	5136240483.5
5221000000.0	4466726572.9	3044796041.7	5137222398.7
5222000000.0	4467467443.3	3045139247.0	5138204313.1
5223000000.0	4468208275.7	3045482398.2	5139186226.8
5224000000.0	4468949070.2	3045825495.3	5140168139.8
5225000000.0	4469689826.6	3046168538.3	5141150052.0
5226000000.0	4470430545.0	3046511527.4	5142131963.4
5227000000.0	4471171225.4	3046854462.4	5143113874.1
5228000000.0	4471911867.8	3047197343.4	5144095784.0
5229000000.0	4472652472.2	3047540170.4	5145077693.2
5230000000.0	4473393038.6	3047882943.4	5146059601.6
5231000000.0	4474133567.0	3048225662.4	5147041509.3
5232000000.0	4474874057.5	3048568327.5	5148023416.2
5233000000.0	4475614510.0	3048910938.6	5149005322.3
5234000000.0	4476354924.4	3049253495.8	5149987227.7
5235000000.0	4477095300.9	3049595999.0	5150969132.4
5236000000.0	4477835639.5	3049938448.4	5151951036.3
5237000000.0	4478575940.0	3050280843.8	5152932939.4
5238000000.0	4479316202.6	3050623185.4	5153914841.8
5239000000.0	4480056427.2	3050965473.1	5154896743.5
5240000000.0	4480796613.9	3051307706.9	5155878644.3
5241000000.0	4481536762.6	3051649886.9	5156860544.5
5242000000.0	4482276873.3	3051992013.1	5157842443.8
5243000000.0	4483016946.1	3052334085.4	5158824342.5
5244000000.0	4483756980.9	3052676103.9	5159806240.3
5245000000.0	4484496977.8	3053018068.7	5160788137.5
5246000000.0	4485236936.8	3053359979.6	5161770033.8
5247000000.0	4485976857.8	3053701836.8	5162751929.4
5248000000.0	4486716740.8	3054043640.2	5163733824.3
5249000000.0	4487456586.0	3054385389.9	5164715718.4
5250000000.0	4488196393.2	3054727085.8	5165697611.7
5251000000.0	4488936162.4	3055068728.0	5166679504.3
5252000000.0	4489675893.7	3055410316.5	5167661396.2
5253000000.0	4490415587.1	3055751851.3	5168643287.3
5254000000.0	4491155242.6	3056093332.5	5169625177.6
5255000000.0	4491894860.2	3056434759.9	5170607067.2
5256000000.0	4492634439.8	3056776133.7	5171588956.0
5257000000.0	4493373981.6	3057117453.9	5172570844.1
5258000000.0	4494113485.4	3057458720.4	5173552731.4
5259000000.0	4494852951.3	3057799933.3	5174534618.0
5260000000.0	4495592379.3	3058141092.7	5175516503.8
5261000000.0	4496331769.4	3058482198.4	5176498388.9
5262000000.0	4497071121.6	3058823250.5	5177480273.2
5263000000.0	4497810436.0	3059164249.1	5178462156.7
5264000000.0	4498549712.4	3059505194.1	5179444039.5
5265000000.0	4499288950.9	3059846085.5	5180425921.6
5266000000.0	4500028151.6	3060186923.5	5181407802.9
5267000000.0	4500767314.3	3060527707.9	5182389683.4
5268000000.0	4501506439.2	3060868438.8	5183371563.2
5269000000.0	4502245526.2	3061209116.2	5184353442.2
5270000000.0	4502984575.3	3061549740.1	5185335320.5
5271000000.0	4503723586.6	3061890310.6	5186317198.0
5272000000.0	4504462560.0	3062230827.6	5187299074.8
5273000000.0	4505201495.5	3062571291.2	5188280950.8
5274000000.0	4505940393.1	3062911701.3	5189262826.1
5275000000.0	4506679252.9	3063252058.1	5190244700.6
5276000000.0	4507418074.9	3063592361.4	5191226574.4
5277000000.0	4508156858.9	3063932611.3	5192208447.4
5278000000.0	4508895605.2	3064272807.9	5193190319.6
5279000000.0	4509634313.5	3064612951.0	5194172191.1
5280000000.0	4510372984.1	3064953040.9	5195154061.9
5281000000.0	4511111616.8	3065293077.3	5196135931.9
5282000000.0	4511850211.6	3065633060.5	5197117801.1
5283000000.0	4512588768.6	3065972990.3	5198099669.6
5284000000.0	4513327287.8	3066312866.9	5199081537.3
5285000000.0	4514065769.1	3066652690.1	5200063404.3
5286000000.0	4514804212.6	3066992460.1	5201045270.5
5287000000.0	4515542618.3	3067332176.8	5202027136.0
5288000000.0	4516280986.2	3067671840.2	5203009000.7
5289000000.0	4517019316.2	3068011450.4	5203990864.7
5290000000.0	4517757608.5	3068351007.4	5204972727.9
5291000000.0	4518495862.9	3068690511.2	5205954590.4
5292000000.0	4519234079.5	3069029961.7	5206936452.1
5293000000.0	4519972258.3	3069369359.1	5207918313.0
5294000000.0	4520710399.3	3069708703.3	5208900173.2
5295000000.0	4521448502.4	3070047994.3	5209882032.7
5296000000.0	4522186567.8	3070387232.1	5210863891.4
5297000000.0	4522924595.4	3070726416.9	5211845749.3
5298000000.0	4523662585.2	3071065548.5	5212827606.5
5299000000.0	4524400537.2	3071404626.9	5213809462.9
5300000000.0	4525138451.4	3071743652.3	5214791318.6
5301000000.0	4525876327.9	3072082624.6	5215773173.5
5302000000.0	4526614166.5	3072421543.8	5216755027.7
5303000000.0	4527351967.4	3072760409.9	5217736881.1
5304000000.0	4528089730.5	3073099223.0	5218718733.8
5305000000.0	4528827455.8	3073437983.0	5219700585.7
5306000000.0	4529565143.3	3073776690.1	5220682436.8
5307000000.0	4530302793.1	3074115344.0	5221664287.3
5308000000.0	4531040405.1	3074453945.0	5222646136.9
5309000000.0	4531777979.3	3074792493.0	5223627985.8
5310000000.0	4532515515.8	3075130988.0	5224609833.9
5311000000.0	4533253014.6	3075469430.1	5225591681.3
5312000000.0	4533990475.6	3075807819.2	5226573528.0
5313000000.0	4534727898.8	3076146155.4	5227555373.9
5314000000.0	4535465284.3	3076484438.6	5228537219.0
5315000000.0	4536202632.0	3076822668.9	5229519063.4
5316000000.0	4536939942.0	3077160846.3	5230500907.0
5317000000.0	4537677214.3	3077498970.8	5231482749.9
5318000000.0	4538414448.8	3077837042.4	5232464592.0
5319000000.0	4539151645.6	3078175061.2	5233446433.3
5320000000.0	4539888804.6	3078513027.1	5234428273.9
5321000000.0	4540625925.9	3078850940.2	5235410113.8
5322000000.0	4541363009.5	3079188800.4	5236391952.9
5323000000.0	4542100055.4	3079526607.8	5237373791.3
5324000000.0	4542837063.6	3079864362.4	5238355628.9
5325000000.0	4543574034.0	3080202064.2	5239337465.7
5326000000.0	4544310966.8	3080539713.3	5240319301.8
5327000000.0	4545047861.8	3080877309.5	5241301137.1
5328000000.0	4545784719.1	3081214853.0	5242282971.7
5329000000.0	4546521538.7	3081552343.8	5243264805.5
5330000000.0	4547258320.7	3081889781.9	5244246638.6
5331000000.0	4547995064.9	3082227167.2	5245228470.9
5332000000.0	4548731771.4	3082564499.8	5246210302.5
5333000000.0	4549468440.2	3082901779.7	5247192133.3
5334000000.0	4550205071.3	3083239006.9	5248173963.4
5335000000.0	4550941664.8	3083576181.5	5249155792.7
5336000000.0	4551678220.6	3083913303.4	5250137621.3
5337000000.0	4552414738.6	3084250372.7	5251119449.1
5338000000.0	4553151219.1	3084587389.3	5252101276.1
5339000000.0	4553887661.8	3084924353.3	5253083102.4
5340000000.0	4554624066.8	3085261264.7	5254064927.9
5341000000.0	4555360434.2	3085598123.5	5255046752.7
5342000000.0	4556096764.0	3085934929.7	5256028576.8
5343000000.0	4556833056.0	3086271683.4	5257010400.1
5344000000.0	4557569310.4	3086608384.5	5257992222.6
5345000000.0	4558305527.2	3086945033.0	5258974044.4
5346000000.0	4559041706.2	3087281629.0	5259955865.4
5347000000.0	4559777847.7	3087618172.5	5260937685.6
5348000000.0	4560513951.5	3087954663.5	5261919505.2
5349000000.0	4561250017.6	3088291102.0	5262901323.9
5350000000.0	4561986046.1	3088627488.0	5263883141.9
5351000000.0	4562722036.9	3088963821.5	5264864959.2
5352000000.0	4563457990.1	3089300102.6	5265846775.7
5353000000.0	4564193905.7	3089636331.2	5266828591.4
5354000000.0	4564929783.7	3089972507.4	5267810406.4
5355000000.0	4565665624.0	3090308631.1	5268792220.7
5356000000.0	4566401426.7	3090644702.5	5269774034.2
5357000000.0	4567137191.8	3090980721.4	5270755846.9
5358000000.0	4567872919.2	3091316688.0	5271737658.9
5359000000.0	4568608609.0	3091652602.2	5272719470.1
5360000000.0	4569344261.3	3091988464.0	5273701280.6
5361000000.0	4570079875.9	3092324273.5	5274683090.3
5362000000.0	4570815452.9	3092660030.6	5275664899.3
5363000000.0	4571550992.2	3092995735.4	5276646707.5
5364000000.0	4572286494.0	3093331387.9	5277628515.0
5365000000.0	4573021958.2	3093666988.1	5278610321.7
5366000000.0	4573757384.8	3094002536.0	5279592127.6
5367000000.0	4574492773.8	3094338031.6	5280573932.8
5368000000.0	4575228125.2	3094673475.0	5281555737.3
5369000000.0	4575963439.0	3095008866.1	5282537541.0
5370000000.0	4576698715.3	3095344205.0	5283519343.9
5371000000.0	4577433953.9	3095679491.6	5284501146.1
5372000000.0	4578169155.0	3096014726.1	5285482947.5
5373000000.0	4578904318.5	3096349908.3	5286464748.2
5374000000.0	4579639444.4	3096685038.3	5287446548.1
5375000000.0	4580374532.7	3097020116.2	5288428347.3
5376000000.0	4581109583.5	3097355141.9	5289410145.7
5377000000.0	4581844596.7	3097690115.4	5290391943.4
5378000000.0	4582579572.3	3098025036.8	5291373740.3
5379000000.0	4583314510.4	3098359906.1	5292355536.5
5380000000.0	4584049411.0	3098694723.2	5293337331.9
5381000000.0	4584784273.9	3099029488.2	5294319126.6
5382000000.0	4585519099.4	3099364201.2	5295300920.5
5383000000.0	4586253887.2	3099698862.1	5296282713.6
5384000000.0	4586988637.6	3100033470.8	5297264506.0
5385000000.0	4587723350.4	3100368027.6	5298246297.6
5386000000.0	4588458025.6	3100702532.3	5299228088.5
5387000000.0	4589192663.3	3101036984.9	5300209878.7
5388000000.0	4589927263.5	3101371385.6	5301191668.0
5389000000.0	4590661826.1	3101705734.2	5302173456.7
5390000000.0	4591396351.2	3102040030.8	5303155244.6
5391000000.0	4592130838.8	3102374275.5	5304137031.7
5392000000.0	4592865288.9	3102708468.1	5305118818.0
5393000000.0	4593599701.5	3103042608.9	5306100603.7
5394000000.0	4594334076.5	3103376697.6	5307082388.5
5395000000.0	4595068414.0	3103710734.4	5308064172.6
5396000000.0	4595802714.0	3104044719.4	5309045956.0
5397000000.0	4596536976.5	3104378652.3	5310027738.6
5398000000.0	4597271201.5	3104712533.4	5311009520.4
5399000000.0	4598005389.0	3105046362.6	5311991301.5
5400000000.0	4598739539.0	3105380140.0	5312973081.9
5401000000.0	4599473651.5	3105713865.4	5313954861.5
5402000000.0	4600207726.5	3106047539.1	5314936640.3
5403000000.0	4600941764.0	3106381160.8	5315918418.4
5404000000.0	4601675764.0	3106714730.8	5316900195.7
5405000000.0	4602409726.6	3107048248.9	5317881972.3
5406000000.0	4603143651.6	3107381715.3	5318863748.1
5407000000.0	4603877539.2	3107715129.8	5319845523.2
5408000000.0	4604611389.3	3108048492.6	5320827297.5
5409000000.0	4605345201.9	3108381803.6	5321809071.1
5410000000.0	4606078977.1	3108715062.8	5322790843.9
5411000000.0	4606812714.8	3109048270.3	5323772615.9
5412000000.0	4607546415.0	3109381426.1	5324754387.2
5413000000.0	4608280077.8	3109714530.1	5325736157.8
5414000000.0	4609013703.1	3110047582.5	5326717927.6
5415000000.0	4609747290.9	3110380583.1	5327699696.6
5416000000.0	4610480841.3	3110713532.1	5328681464.9
5417000000.0	4611214354.2	3111046429.4	5329663232.4
5418000000.0	4611947829.7	3111379275.0	5330644999.2
5419000000.0	4612681267.8	3111712069.0	5331626765.2
5420000000.0	4613414668.4	3112044811.3	5332608530.5
5421000000.0	4614148031.6	3112377502.1	5333590295.0
5422000000.0	4614881357.3	3112710141.2	5334572058.8
5423000000.0	4615614645.6	3113042728.7	5335553821.8
5424000000.0	4616347896.5	3113375264.7	5336535584.1
5425000000.0	4617081109.9	3113707749.0	5337517345.6
5426000000.0	4617814285.9	3114040181.8	5338499106.4
5427000000.0	4618547424.5	3114372563.1	5339480866.4
5428000000.0	4619280525.7	3114704892.8	5340462625.6
5429000000.0	4620013589.4	3115037171.0	5341444384.1
5430000000.0	4620746615.8	3115369397.6	5342426141.9
5431000000.0	4621479604.7	3115701572.8	5343407898.8
5432000000.0	4622212556.2	3116033696.5	5344389655.1
5433000000.0	4622945470.3	3116365768.7	5345371410.6
5434000000.0	4623678347.1	3116697789.4	5346353165.3
5435000000.0	4624411186.4	3117029758.7	5347334919.3
5436000000.0	4625143988.3	3117361676.5	5348316672.5
5437000000.0	4625876752.8	3117693543.0	5349298425.0
5438000000.0	4626609480.0	3118025357.9	5350280176.7
5439000000.0	4627342169.7	3118357121.5	5351261927.6
5440000000.0	4628074822.1	3118688833.7	5352243677.9
5441000000.0	4628807437.1	3119020494.5	5353225427.3
5442000000.0	4629540014.7	3119352103.9	5354207176.0
5443000000.0	4630272554.9	3119683662.0	5355188924.0
5444000000.0	4631005057.8	3120015168.7	5356170671.2
5445000000.0	4631737523.2	3120346624.1	5357152417.6
5446000000.0	4632469951.4	3120678028.2	5358134163.3
5447000000.0	4633202342.1	3121009381.0	5359115908.2
5448000000.0	4633934695.5	3121340682.4	5360097652.4
5449000000.0	4634667011.5	3121671932.6	5361079395.8
5450000000.0	4635399290.2	3122003131.5	5362061138.5
5451000000.0	4636131531.5	3122334279.1	5363042880.5
5452000000.0	4636863735.5	3122665375.5	5364024621.6
5453000000.0	4637595902.1	3122996420.6	5365006362.0
5454000000.0	4638328031.4	3123327414.6	5365988101.7
5455000000.0	4639060123.3	3123658357.3	5366969840.6
5456000000.0	4639792177.9	3123989248.8	5367951578.8
5457000000.0	4640524195.2	3124320089.1	5368933316.2
5458000000.0	4641256175.1	3124650878.2	5369915052.8
5459000000.0	4641988117.7	3124981616.1	5370896788.7
5460000000.0	4642720023.0	3125312302.9	5371878523.9
5461000000.0	4643451891.0	3125642938.6	5372860258.3
5462000000.0	4644183721.6	3125973523.1	5373841991.9
5463000000.0	4644915514.9	3126304056.5	5374823724.8
5464000000.0	4645647270.9	3126634538.8	5375805456.9
5465000000.0	4646378989.5	3126964970.0	5376787188.3
5466000000.0	4647110670.9	3127295350.1	5377768918.9
5467000000.0	4647842315.0	3127625679.1	5378750648.8
5468000000.0	4648573921.7	3127955957.1	5379732377.9
5469000000.0	4649305491.2	3128286184.0	5380714106.3
5470000000.0	4650037023.3	3128616359.9	5381695833.9
5471000000.0	4650768518.2	3128946484.7	5382677560.8
5472000000.0	4651499975.7	3129276558.6	5383659286.9
5473000000.0	4652231396.0	3129606581.4	5384641012.2
5474000000.0	4652962779.0	3129936553.3	5385622736.8
5475000000.0	4653694124.7	3130266474.1	5386604460.7
5476000000.0	4654425433.1	3130596344.0	5387586183.8
5477000000.0	4655156704.2	3130926163.0	5388567906.1
5478000000.0	4655887938.1	3131255931.0	5389549627.7
5479000000.0	4656619134.7	3131585648.1	5390531348.5
5480000000.0	4657350294.0	3131915314.2	5391513068.6
5481000000.0	4658081416.1	3132244929.4	5392494787.9
5482000000.0	4658812500.8	3132574493.8	5393476506.5
5483000000.0	4659543548.4	3132904007.3	5394458224.3
5484000000.0	4660274558.6	3133233469.9	5395439941.4
5485000000.0	4661005531.6	3133562881.6	5396421657.7
5486000000.0	4661736467.4	3133892242.5	5397403373.3
5487000000.0	4662467365.9	3134221552.5	5398385088.1
5488000000.0	4663198227.1	3134550811.7	5399366802.1
5489000000.0	4663929051.2	3134880020.1	5400348515.4
5490000000.0	4664659837.9	3135209177.7	5401330228.0
5491000000.0	4665390587.5	3135538284.5	5402311939.8
5492000000.0	4666121299.7	3135867340.6	5403293650.8
5493000000.0	4666851974.8	3136196345.8	5404275361.1
5494000000.0	4667582612.6	3136525300.4	5405257070.6
5495000000.0	4668313213.2	3136854204.1	5406238779.4
5496000000.0	4669043776.6	3137183057.2	5407220487.4
5497000000.0	4669774302.8	3137511859.5	5408202194.7
5498000000.0	4670504791.7	3137840611.1	5409183901.2
5499000000.0	4671235243.4	3138169312.0	5410165607.0
5500000000.0	4671965657.9	3138497962.2	5411147312.0
5501000000.0	4672696035.2	3138826561.8	5412129016.3
5502000000.0	4673426375.3	3139155110.7	5413110719.8
5503000000.0	4674156678.2	3139483608.9	5414092422.5
5504000000.0	4674886943.8	3139812056.5	5415074124.5
5505000000.0	4675617172.3	3140140453.5	5416055825.8
5506000000.0	4676347363.6	3140468799.9	5417037526.3
5507000000.0	4677077517.7	3140797095.6	5418019226.0
5508000000.0	4677807634.6	3141125340.8	5419000925.0
5509000000.0	4678537714.3	3141453535.4	5419982623.3
5510000000.0	4679267756.8	3141781679.4	5420964320.7
5511000000.0	4679997762.2	3142109772.9	5421946017.5
5512000000.0	4680727730.3	3142437815.8	5422927713.5
5513000000.0	4681457661.3	3142765808.2	5423909408.7
5514000000.0	4682187555.1	3143093750.1	5424891103.1
5515000000.0	4682917411.8	3143421641.4	5425872796.9
5516000000.0	4683647231.2	3143749482.3	5426854489.8
5517000000.0	4684377013.5	3144077272.7	5427836182.0
5518000000.0	4685106758.7	3144405012.6	5428817873.5
5519000000.0	4685836466.7	3144732702.0	5429799564.2
5520000000.0	4686566137.5	3145060341.0	5430781254.2
5521000000.0	4687295771.2	3145387929.6	5431762943.4
5522000000.0	4688025367.7	3145715467.7	5432744631.8
5523000000.0	4688754927.1	3146042955.4	5433726319.5
5524000000.0	4689484449.3	3146370392.7	5434708006.4
5525000000.0	4690213934.4	3146697779.6	5435689692.6
5526000000.0	4690943382.3	3147025116.2	5436671378.0
5527000000.0	4691672793.1	3147352402.3	5437653062.7
5528000000.0	4692402166.8	3147679638.1	5438634746.7
5529000000.0	4693131503.4	3148006823.6	5439616429.8
5530000000.0	4693860802.8	3148333958.7	5440598112.2
5531000000.0	4694590065.1	3148661043.5	5441579793.9
5532000000.0	4695319290.2	3148988078.0	5442561474.8
5533000000.0	4696048478.3	3149315062.2	5443543155.0
5534000000.0	4696777629.2	3149641996.1	5444524834.4
5535000000.0	4697506743.0	3149968879.7	5445506513.0
5536000000.0	4698235819.7	3150295713.1	5446488190.9
5537000000.0	4698964859.3	3150622496.2	5447469868.1
5538000000.0	4699693861.8	3150949229.1	5448451544.5
5539000000.0	4700422827.2	3151275911.7	5449433220.1
5540000000.0	4701151755.5	3151602544.1	5450414895.0
5541000000.0	4701880646.7	3151929126.3	5451396569.1
5542000000.0	4702609500.8	3152255658.3	5452378242.5
5543000000.0	4703338317.8	3152582140.2	5453359915.2
5544000000.0	4704067097.7	3152908571.8	5454341587.0
5545000000.0	4704795840.5	3153234953.3	5455323258.2
5546000000.0	4705524546.3	3153561284.7	5456304928.5
5547000000.0	4706253214.9	3153887565.9	5457286598.1
5548000000.0	4706981846.5	3154213797.0	5458268267.0
5549000000.0	4707710441.0	3154539977.9	5459249935.1
5550000000.0	4708438998.5	3154866108.8	5460231602.5
5551000000.0	4709167518.8	3155192189.6	5461213269.1
5552000000.0	4709896002.2	3155518220.3	5462194934.9
5553000000.0	4710624448.4	3155844200.9	5463176600.0
5554000000.0	4711352857.6	3156170131.5	5464158264.4
5555000000.0	4712081229.7	3156496012.0	5465139927.9
5556000000.0	4712809564.8	3156821842.5	5466121590.8
5557000000.0	4713537862.8	3157147623.0	5467103252.9
5558000000.0	4714266123.8	3157473353.4	5468084914.2
5559000000.0	4714994347.7	3157799033.9	5469066574.8
5560000000.0	4715722534.6	3158124664.4	5470048234.6
5561000000.0	4716450684.4	3158450244.9	5471029893.7
5562000000.0	4717178797.2	3158775775.4	5472011552.0
5563000000.0	4717906873.0	3159101256.0	5472993209.6
5564000000.0	4718634911.7	3159426686.6	5473974866.4
5565000000.0	4719362913.4	3159752067.4	5474956522.4
5566000000.0	4720090878.1	3160077398.1	5475938177.7
5567000000.0	4720818805.7	3160402679.0	5476919832.3
5568000000.0	4721546696.4	3160727910.0	5477901486.1
5569000000.0	4722274550.0	3161053091.1	5478883139.1
5570000000.0	4723002366.6	3161378222.4	5479864791.4
5571000000.0	4723730146.2	3161703303.7	5480846443.0
5572000000.0	4724457888.7	3162028335.2	5481828093.7
5573000000.0	4725185594.3	3162353316.9	5482809743.8
5574000000.0	4725913262.9	3162678248.8	5483791393.1
5575000000.0	4726640894.4	3163003130.8	5484773041.6
5576000000.0	4727368489.0	3163327963.1	5485754689.4
5577000000.0	4728096046.6	3163652745.5	5486736336.4
5578000000.0	4728823567.2	3163977478.2	5487717982.6
5579000000.0	4729551050.8	3164302161.1	5488699628.2
5580000000.0	4730278497.4	3164626794.2	5489681272.9
5581000000.0	4731005907.0	3164951377.6	5490662916.9
5582000000.0	4731733279.6	3165275911.2	5491644560.2
5583000000.0	4732460615.3	3165600395.2	5492626202.7
5584000000.0	4733187913.9	3165924829.4	5493607844.4
5585000000.0	4733915175.7	3166249213.9	5494589485.4
5586000000.0	4734642400.4	3166573548.7	5495571125.7
5587000000.0	4735369588.2	3166897833.9	5496552765.2
5588000000.0	4736096739.0	3167222069.4	5497534403.9
5589000000.0	4736823852.8	3167546255.2	5498516041.9
5590000000.0	4737550929.7	3167870391.4	5499497679.1
5591000000.0	4738277969.6	3168194477.9	5500479315.6
5592000000.0	4739004972.6	3168518514.9	5501460951.3
5593000000.0	4739731938.6	3168842502.2	5502442586.3
5594000000.0	4740458867.7	3169166439.9	5503424220.5
5595000000.0	4741185759.9	3169490328.1	5504405854.0
5596000000.0	4741912615.0	3169814166.6	5505387486.7
5597000000.0	4742639433.3	3170137955.6	5506369118.6
5598000000.0	4743366214.6	3170461695.1	5507350749.8
5599000000.0	4744092959.0	3170785385.0	5508332380.3
5600000000.0	4744819666.5	3171109025.3	5509314010.0
5601000000.0	4745546337.0	3171432616.2	5510295638.9
5602000000.0	4746272970.6	3171756157.5	5511277267.1
5603000000.0	4746999567.3	3172079649.4	5512258894.6
5604000000.0	4747726127.0	3172403091.8	5513240521.2
5605000000.0	4748452649.9	3172726484.6	5514222147.2
5606000000.0	4749179135.8	3173049828.1	5515203772.4
5607000000.0	4749905584.8	3173373122.1	5516185396.8
5608000000.0	4750631996.9	3173696366.6	5517167020.5
5609000000.0	4751358372.1	3174019561.7	5518148643.4
5610000000.0	4752084710.4	3174342707.4	5519130265.5
5611000000.0	4752811011.8	3174665803.7	5520111887.0
5612000000.0	4753537276.3	3174988850.6	5521093507.6
5613000000.0	4754263503.9	3175311848.1	5522075127.5
5614000000.0	4754989694.6	3175634796.3	5523056746.7
5615000000.0	4755715848.5	3175957695.1	5524038365.1
5616000000.0	4756441965.4	3176280544.5	5525019982.7
5617000000.0	4757168045.5	3176603344.6	5526001599.6
5618000000.0	4757894088.7	3176926095.4	5526983215.8
5619000000.0	4758620095.0	3177248796.8	5527964831.2
5620000000.0	4759346064.4	3177571449.0	5528946445.8
5621000000.0	4760071997.0	3177894051.9	5529928059.7
5622000000.0	4760797892.6	3178216605.4	5530909672.8
5623000000.0	4761523751.5	3178539109.8	5531891285.2
5624000000.0	4762249573.4	3178861564.8	5532872896.8
5625000000.0	4762975358.5	3179183970.6	5533854507.7
5626000000.0	4763701106.8	3179506327.2	5534836117.8
5627000000.0	4764426818.2	3179828634.6	5535817727.2
5628000000.0	4765152492.7	3180150892.7	5536799335.8
5629000000.0	4765878130.4	3180473101.6	5537780943.6
5630000000.0	4766603731.2	3180795261.4	5538762550.7
5631000000.0	4767329295.2	3181117371.9	5539744157.1
5632000000.0	4768054822.4	3181439433.3	5540725762.7
5633000000.0	4768780312.7	3181761445.6	5541707367.5
5634000000.0	4769505766.2	3182083408.7	5542688971.6
5635000000.0	4770231182.8	3182405322.6	5543670575.0
5636000000.0	4770956562.6	3182727187.5	5544652177.6
5637000000.0	4771681905.6	3183049003.2	5545633779.4
5638000000.0	4772407211.8	3183370769.8	5546615380.5
5639000000.0	4773132481.2	3183692487.4	5547596980.8
5640000000.0	4773857713.7	3184014155.9	5548578580.4
5641000000.0	4774582909.4	3184335775.2	5549560179.2
5642000000.0	4775308068.3	3184657345.6	5550541777.3
5643000000.0	4776033190.4	3184978866.9	5551523374.6
5644000000.0	4776758275.7	3185300339.1	5552504971.1
5645000000.0	4777483324.2	3185621762.4	5553486566.9
5646000000.0	4778208335.9	3185943136.6	5554468162.0
5647000000.0	4778933310.7	3186264461.8	5555449756.3
5648000000.0	4779658248.8	3186585738.1	5556431349.9
5649000000.0	4780383150.1	3186906965.4	5557412942.7
5650000000.0	4781108014.6	3187228143.7	5558394534.7
5651000000.0	4781832842.3	3187549273.0	5559376126.0
5652000000.0	4782557633.3	3187870353.4	5560357716.5
5653000000.0	4783282387.4	3188191384.9	5561339306.3
5654000000.0	4784007104.8	3188512367.4	5562320895.3
5655000000.0	4784731785.4	3188833301.1	5563302483.6
5656000000.0	4785456429.2	3189154185.8	5564284071.1
5657000000.0	4786181036.2	3189475021.7	5565265657.9
5658000000.0	4786905606.5	3189795808.6	5566247243.9
5659000000.0	4787630140.0	3190116546.8	5567228829.2
5660000000.0	4788354636.8	3190437236.0	5568210413.7
5661000000.0	4789079096.8	3190757876.4	5569191997.5
5662000000.0	4789803520.0	3191078468.0	5570173580.5
5663000000.0	4790527906.5	3191399010.8	5571155162.7
5664000000.0	4791252256.2	3191719504.7	5572136744.2
5665000000.0	4791976569.2	3192039949.9	5573118325.0
5666000000.0	4792700845.5	3192360346.3	5574099905.0
5667000000.0	4793425084.9	3192680693.8	5575081484.2
5668000000.0	4794149287.7	3193000992.7	5576063062.7
5669000000.0	4794873453.7	3193321242.8	5577044640.4
5670000000.0	4795597583.0	3193641444.1	5578026217.4
5671000000.0	4796321675.6	3193961596.7	5579007793.6
5672000000.0	4797045731.4	3194281700.6	5579989369.1
5673000000.0	4797769750.5	3194601755.7	5580970943.8
5674000000.0	4798493732.9	3194921762.2	5581952517.8
5675000000.0	4799217678.5	3195241720.0	5582934091.0
5676000000.0	4799941587.4	3195561629.1	5583915663.5
5677000000.0	4800665459.7	3195881489.6	5584897235.2
5678000000.0	4801389295.2	3196201301.4	5585878806.2
5679000000.0	4802113094.0	3196521064.5	5586860376.4
5680000000.0	4802836856.1	3196840779.0	5587841945.8
5681000000.0	4803560581.5	3197160444.9	5588823514.5
5682000000.0	4804284270.2	3197480062.2	5589805082.5
5683000000.0	4805007922.1	3197799630.9	5590786649.7
5684000000.0	4805731537.4	3198119151.0	5591768216.1
5685000000.0	4806455116.1	3198438622.5	5592749781.8
5686000000.0	4807178658.0	3198758045.5	5593731346.7
5687000000.0	4807902163.2	3199077419.9	5594712910.9
5688000000.0	4808625631.7	3199396745.8	5595694474.3
5689000000.0	4809349063.6	3199716023.1	5596676037.0
5690000000.0	4810072458.8	3200035251.9	5597657598.9
5691000000.0	4810795817.3	3200354432.3	5598639160.1
5692000000.0	4811519139.1	3200673564.1	5599620720.5
5693000000.0	4812242424.3	3200992647.4	5600602280.2
5694000000.0	4812965672.8	3201311682.2	5601583839.1
5695000000.0	4813688884.6	3201630668.6	5602565397.2
5696000000.0	4814412059.8	3201949606.5	5603546954.6
5697000000.0	4815135198.3	3202268496.0	5604528511.3
5698000000.0	4815858300.2	3202587337.1	5605510067.2
5699000000.0	4816581365.4	3202906129.7	5606491622.3
5700000000.0	4817304393.9	3203224873.9	5607473176.7
5701000000.0	4818027385.8	3203543569.7	5608454730.3
5702000000.0	4818750341.1	3203862217.2	5609436283.2
5703000000.0	4819473259.7	3204180816.2	5610417835.4
5704000000.0	4820196141.7	3204499366.9	5611399386.7
5705000000.0	4820918987.0	3204817869.3	5612380937.4
5706000000.0	4821641795.7	3205136323.3	5613362487.2
5707000000.0	4822364567.8	3205454728.9	5614344036.4
5708000000.0	4823087303.3	3205773086.2	5615325584.7
5709000000.0	4823810002.1	3206091395.3	5616307132.3
5710000000.0	4824532664.3	3206409656.0	5617288679.2
5711000000.0	4825255289.9	3206727868.4	5618270225.3
5712000000.0	4825977878.8	3207046032.6	5619251770.7
5713000000.0	4826700431.2	3207364148.5	5620233315.3
5714000000.0	4827422946.9	3207682216.1	5621214859.1
5715000000.0	4828145426.1	3208000235.5	5622196402.2
5716000000.0	4828867868.6	3208318206.7	5623177944.6
5717000000.0	4829590274.5	3208636129.6	5624159486.1
5718000000.0	4830312643.8	3208954004.3	5625141027.0
5719000000.0	4831034976.5	3209271830.8	5626122567.1
5720000000.0	4831757272.7	3209589609.2	5627104106.4
5721000000.0	4832479532.2	3209907339.3	5628085645.0
5722000000.0	4833201755.1	3210225021.3	5629067182.8
5723000000.0	4833923941.5	3210542655.1	5630048719.9
5724000000.0	4834646091.3	3210860240.8	5631030256.2
5725000000.0	4835368204.5	3211177778.4	5632011791.7
5726000000.0	4836090281.1	3211495267.8	5632993326.6
5727000000.0	4836812321.1	3211812709.1	5633974860.6
5728000000.0	4837534324.6	3212130102.3	5634956393.9
5729000000.0	4838256291.5	3212447447.4	5635937926.5
5730000000.0	4838978221.8	3212764744.4	5636919458.3
5731000000.0	4839700115.6	3213081993.4	5637900989.3
5732000000.0	4840421972.8	3213399194.3	5638882519.6
5733000000.0	4841143793.4	3213716347.2	5639864049.2
5734000000.0	4841865577.5	3214033452.0	5640845578.0
5735000000.0	4842587325.1	3214350508.8	5641827106.0
5736000000.0	4843309036.0	3214667517.5	5642808633.3
5737000000.0	4844030710.5	3214984478.3	5643790159.8
5738000000.0	4844752348.4	3215301391.1	5644771685.6
5739000000.0	4845473949.7	3215618255.9	5645753210.6
5740000000.0	4846195514.5	3215935072.7	5646734734.9
5741000000.0	4846917042.8	3216251841.6	5647716258.4
5742000000.0	4847638534.6	3216568562.5	5648697781.1
5743000000.0	4848359989.8	3216885235.5	5649679303.2
5744000000.0	4849081408.4	3217201860.5	5650660824.4
5745000000.0	4849802790.6	3217518437.7	5651642344.9
5746000000.0	4850524136.2	3217834966.9	5652623864.7
5747000000.0	4851245445.3	3218151448.2	5653605383.7
5748000000.0	4851966717.9	3218467881.7	5654586901.9
5749000000.0	4852687954.0	3218784267.2	5655568419.4
5750000000.0	4853409153.6	3219100604.9	5656549936.2
5751000000.0	4854130316.7	3219416894.8	5657531452.1
5752000000.0	4854851443.2	3219733136.8	5658512967.4
5753000000.0	4855572533.3	3220049331.0	5659494481.9
5754000000.0	4856293586.8	3220365477.4	5660475995.6
5755000000.0	4857014603.9	3220681575.9	5661457508.6
5756000000.0	4857735584.4	3220997626.7	5662439020.8
5757000000.0	4858456528.5	3221313629.7	5663420532.3
5758000000.0	4859177436.1	3221629584.8	5664402043.0
5759000000.0	4859898307.2	3221945492.3	5665383552.9
5760000000.0	4860619141.8	3222261352.0	5666365062.1
5761000000.0	4861339939.9	3222577163.9	5667346570.6
5762000000.0	4862060701.6	3222892928.1	5668328078.3
5763000000.0	4862781426.7	3223208644.6	5669309585.3
5764000000.0	4863502115.4	3223524313.3	5670291091.5
5765000000.0	4864222767.7	3223839934.4	5671272596.9
5766000000.0	4864943383.4	3224155507.8	5672254101.6
5767000000.0	4865663962.7	3224471033.5	5673235605.5
5768000000.0	4866384505.5	3224786511.5	5674217108.7
5769000000.0	4867105011.9	3225101941.9	5675198611.2
5770000000.0	4867825481.8	3225417324.6	5676180112.8
5771000000.0	4868545915.3	3225732659.7	5677161613.8
5772000000.0	4869266312.3	3226047947.2	5678143113.9
5773000000.0	4869986672.9	3226363187.1	5679124613.4
5774000000.0	4870706997.0	3226678379.3	5680106112.0
5775000000.0	4871427284.7	3226993524.0	5681087609.9
5776000000.0	4872147535.9	3227308621.1	5682069107.1
5777000000.0	4872867750.8	3227623670.6	5683050603.5
5778000000.0	4873587929.1	3227938672.5	5684032099.2
5779000000.0	4874308071.1	3228253626.9	5685013594.1
5780000000.0	4875028176.6	3228568533.8	5685995088.2
5781000000.0	4875748245.7	3228883393.1	5686976581.6
5782000000.0	4876468278.3	3229198204.9	5687958074.3
5783000000.0	4877188274.6	3229512969.2	5688939566.2
5784000000.0	4877908234.4	3229827686.1	5689921057.3
5785000000.0	4878628157.8	3230142355.4	5690902547.7
5786000000.0	4879348044.8	3230456977.3	5691884037.3
5787000000.0	4880067895.4	3230771551.7	5692865526.2
5788000000.0	4880787709.6	3231086078.6	5693847014.3
5789000000.0	4881507487.3	3231400558.1	5694828501.7
5790000000.0	4882227228.7	3231714990.2	5695809988.3
5791000000.0	4882946933.7	3232029374.8	5696791474.2
5792000000.0	4883666602.3	3232343712.1	5697772959.3
5793000000.0	4884386234.5	3232658001.9	5698754443.7
5794000000.0	4885105830.3	3232972244.4	5699735927.3
5795000000.0	4885825389.7	3233286439.4	5700717410.2
5796000000.0	4886544912.7	3233600587.1	5701698892.3
5797000000.0	4887264399.4	3233914687.5	5702680373.6
5798000000.0	4887983849.6	3234228740.5	5703661854.2
5799000000.0	4888703263.5	3234542746.2	5704643334.1
5800000000.0	4889422641.0	3234856704.5	5705624813.1
5801000000.0	4890141982.2	3235170615.6	5706606291.5
5802000000.0	4890861287.0	3235484479.3	5707587769.1
5803000000.0	4891580555.4	3235798295.8	5708569245.9
5804000000.0	4892299787.5	3236112064.9	5709550722.0
5805000000.0	4893018983.1	3236425786.8	5710532197.3
5806000000.0	4893738142.5	3236739461.5	5711513671.9
5807000000.0	4894457265.5	3237053088.8	5712495145.7
5808000000.0	4895176352.1	3237366669.0	5713476618.8
5809000000.0	4895895402.4	3237680201.9	5714458091.1
5810000000.0	4896614416.3	3237993687.6	5715439562.7
5811000000.0	4897333393.9	3238307126.1	5716421033.5
5812000000.0	4898052335.2	3238620517.4	5717402503.5
5813000000.0	4898771240.1	3238933861.5	5718383972.8
5814000000.0	4899490108.7	3239247158.5	5719365441.4
5815000000.0	4900208940.9	3239560408.3	5720346909.2
5816000000.0	4900927736.8	3239873610.9	5721328376.2
5817000000.0	4901646496.4	3240186766.4	5722309842.5
5818000000.0	4902365219.7	3240499874.7	5723291308.1
5819000000.0	4903083906.7	3240812936.0	5724272772.8
5820000000.0	4903802557.3	3241125950.1	5725254236.9
5821000000.0	4904521171.6	3241438917.1	5726235700.2
5822000000.0	4905239749.6	3241751837.0	5727217162.7
5823000000.0	4905958291.3	3242064709.9	5728198624.5
5824000000.0	4906676796.7	3242377535.7	5729180085.5
5825000000.0	4907395265.8	3242690314.4	5730161545.8
5826000000.0	4908113698.6	3243003046.1	5731143005.3
5827000000.0	4908832095.0	3243315730.7	5732124464.0
5828000000.0	4909550455.2	3243628368.4	5733105922.0
5829000000.0	4910268779.1	3243940959.0	5734087379.3
5830000000.0	4910987066.7	3244253502.6	5735068835.8
5831000000.0	4911705318.0	3244565999.2	5736050291.6
5832000000.0	4912423533.1	3244878448.8	5737031746.6
5833000000.0	4913141711.8	3245190851.5	5738013200.8
5834000000.0	4913859854.3	3245503207.1	5738994654.3
5835000000.0	4914577960.5	3245815515.9	5739976107.0
5836000000.0	4915296030.4	3246127777.7	5740957559.0
5837000000.0	4916014064.0	3246439992.6	5741939010.3
5838000000.0	4916732061.4	3246752160.5	5742920460.7
5839000000.0	4917450022.5	3247064281.6	5743901910.5
5840000000.0	4918167947.4	3247376355.7	5744883359.4
5841000000.0	4918885836.0	3247688383.0	5745864807.7
5842000000.0	4919603688.3	3248000363.3	5746846255.1
5843000000.0	4920321504.4	3248312296.8	5747827701.9
5844000000.0	4921039284.2	3248624183.5	5748809147.8
5845000000.0	4921757027.7	3248936023.3	5749790593.0
5846000000.0	4922474735.1	3249247816.3	5750772037.5
5847000000.0	4923192406.2	3249559562.4	5751753481.2
5848000000.0	4923910041.0	3249871261.8	5752734924.1
5849000000.0	4924627639.6	3250182914.3	5753716366.3
5850000000.0	4925345202.0	3250494520.1	5754697807.8
5851000000.0	4926062728.1	3250806079.0	5755679248.5
5852000000.0	4926780218.0	3251117591.2	5756660688.4
5853000000.0	4927497671.7	3251429056.6	5757642127.6
5854000000.0	4928215089.1	3251740475.3	5758623566.0
5855000000.0	4928932470.3	3252051847.3	5759605003.7
5856000000.0	4929649815.4	3252363172.5	5760586440.7
5857000000.0	4930367124.1	3252674451.0	5761567876.8
5858000000.0	4931084396.7	3252985682.7	5762549312.3
5859000000.0	4931801633.1	3253296867.8	5763530746.9
5860000000.0	4932518833.3	3253608006.2	5764512180.8
5861000000.0	4933235997.2	3253919097.9	5765493614.0
5862000000.0	4933953125.0	3254230143.0	5766475046.4
5863000000.0	4934670216.5	3254541141.4	5767456478.1
5864000000.0	4935387271.9	3254852093.1	5768437909.0
5865000000.0	4936104291.0	3255162998.3	5769419339.1
5866000000.0	4936821274.0	3255473856.8	5770400768.5
5867000000.0	4937538220.8	3255784668.6	5771382197.2
5868000000.0	4938255131.4	3256095433.9	5772363625.1
5869000000.0	4938972005.8	3256406152.6	5773345052.2
5870000000.0	4939688844.0	3256716824.7	5774326478.6
5871000000.0	4940405646.0	3257027450.2	5775307904.3
5872000000.0	4941122411.9	3257338029.2	5776289329.1
5873000000.0	4941839141.6	3257648561.6	5777270753.3
5874000000.0	4942555835.1	3257959047.5	5778252176.6
5875000000.0	4943272492.5	3258269486.8	5779233599.3
5876000000.0	4943989113.7	3258579879.6	5780215021.1
5877000000.0	4944705698.7	3258890226.0	5781196442.3
5878000000.0	4945422247.6	3259200525.8	5782177862.6
5879000000.0	4946138760.3	3259510779.1	5783159282.2
5880000000.0	4946855236.9	3259820985.9	5784140701.1
5881000000.0	4947571677.3	3260131146.3	5785122119.2
5882000000.0	4948288081.6	3260441260.3	5786103536.6
5883000000.0	4949004449.7	3260751327.7	5787084953.2
5884000000.0	4949720781.7	3261061348.8	5788066369.0
5885000000.0	4950437077.5	3261371323.4	5789047784.1
5886000000.0	4951153337.3	3261681251.6	5790029198.5
5887000000.0	4951869560.8	3261991133.4	5791010612.0
5888000000.0	4952585748.3	3262300968.8	5791992024.9
5889000000.0	4953301899.6	3262610757.8	5792973437.0
5890000000.0	4954018014.8	3262920500.5	5793954848.3
5891000000.0	4954734093.8	3263230196.7	5794936258.9
5892000000.0	4955450136.8	3263539846.7	5795917668.7
5893000000.0	4956166143.6	3263849450.3	5796899077.8
5894000000.0	4956882114.3	3264159007.5	5797880486.1
5895000000.0	4957598048.9	3264468518.5	5798861893.7
5896000000.0	4958313947.4	3264777983.1	5799843300.5
5897000000.0	4959029809.7	3265087401.4	5800824706.5
5898000000.0	4959745636.0	3265396773.4	5801806111.9
5899000000.0	4960461426.2	3265706099.2	5802787516.4
5900000000.0	4961177180.3	3266015378.7	5803768920.2
5901000000.0	4961892898.2	3266324611.9	5804750323.3
5902000000.0	4962608580.1	3266633798.9	5805731725.6
5903000000.0	4963324225.9	3266942939.6	5806713127.1
5904000000.0	4964039835.6	3267252034.1	5807694527.9
5905000000.0	4964755409.2	3267561082.4	5808675927.9
5906000000.0	4965470946.8	3267870084.5	5809657327.2
5907000000.0	4966186448.2	3268179040.4	5810638725.8
5908000000.0	4966901913.6	3268487950.1	5811620123.5
5909000000.0	4967617342.9	3268796813.6	5812601520.6
5910000000.0	4968332736.1	3269105630.9	5813582916.8
5911000000.0	4969048093.3	3269414402.2	5814564312.4
5912000000.0	4969763414.4	3269723127.2	5815545707.1
5913000000.0	4970478699.4	3270031806.1	5816527101.1
5914000000.0	4971193948.4	3270340438.9	5817508494.4
5915000000.0	4971909161.3	3270649025.6	5818489886.9
5916000000.0	4972624338.2	3270957566.2	5819471278.7
5917000000.0	4973339479.0	3271266060.7	5820452669.7
5918000000.0	4974054583.8	3271574509.1	5821434059.9
5919000000.0	4974769652.5	3271882911.4	5822415449.4
5920000000.0	4975484685.2	3272191267.7	5823396838.2
5921000000.0	4976199681.8	3272499577.9	5824378226.2
5922000000.0	4976914642.4	3272807842.1	5825359613.4
5923000000.0	4977629566.9	3273116060.2	5826340999.9
5924000000.0	4978344455.4	3273424232.3	5827322385.6
5925000000.0	4979059307.9	3273732358.4	5828303770.6
5926000000.0	4979774124.4	3274040438.5	5829285154.9
5927000000.0	4980488904.8	3274348472.7	5830266538.3
5928000000.0	4981203649.2	3274656460.8	5831247921.1
5929000000.0	4981918357.6	3274964403.0	5832229303.0
5930000000.0	4982633030.0	3275272299.2	5833210684.2
5931000000.0	4983347666.4	3275580149.4	5834192064.7
5932000000.0	4984062266.7	3275887953.8	5835173444.4
5933000000.0	4984776831.1	3276195712.2	5836154823.4
5934000000.0	4985491359.4	3276503424.6	5837136201.6
5935000000.0	4986205851.7	3276811091.2	5838117579.0
5936000000.0	4986920308.1	3277118711.9	5839098955.7
5937000000.0	4987634728.4	3277426286.7	5840080331.7
5938000000.0	4988349112.7	3277733815.6	5841061706.9
5939000000.0	4989063461.1	3278041298.6	5842043081.3
5940000000.0	4989777773.4	3278348735.8	5843024455.0
5941000000.0	4990492049.8	3278656127.1	5844005828.0
5942000000.0	4991206290.2	3278963472.6	5844987200.1
5943000000.0	4991920494.6	3279270772.3	5845968571.6
5944000000.0	4992634663.0	3279578026.1	5846949942.3
5945000000.0	4993348795.5	3279885234.2	5847931312.2
5946000000.0	4994062891.9	3280192396.4	5848912681.4
5947000000.0	4994776952.4	3280499512.9	5849894049.8
5948000000.0	4995490977.0	3280806583.6	5850875417.4
5949000000.0	4996204965.5	3281113608.5	5851856784.4
5950000000.0	4996918918.1	3281420587.7	5852838150.5
5951000000.0	4997632834.8	3281727521.2	5853819515.9
5952000000.0	4998346715.5	3282034408.9	5854800880.6
5953000000.0	4999060560.2	3282341250.8	5855782244.5
5954000000.0	4999774369.0	3282648047.1	5856763607.6
5955000000.0	5000488141.8	3282954797.7	5857744970.0
5956000000.0	5001201878.7	3283261502.5	5858726331.7
5957000000.0	5001915579.7	3283568161.7	5859707692.6
5958000000.0	5002629244.7	3283874775.2	5860689052.7
5959000000.0	5003342873.7	3284181343.1	5861670412.1
5960000000.0	5004056466.9	3284487865.3	5862651770.7
5961000000.0	5004770024.1	3284794341.8	5863633128.6
5962000000.0	5005483545.3	3285100772.7	5864614485.8
5963000000.0	5006197030.7	3285407158.0	5865595842.1
5964000000.0	5006910480.1	3285713497.7	5866577197.8
5965000000.0	5007623893.6	3286019791.8	5867558552.6
5966000000.0	5008337271.2	3286326040.3	5868539906.7
5967000000.0	5009050612.8	3286632243.2	5869521260.1
5968000000.0	5009763918.6	3286938400.6	5870502612.7
5969000000.0	5010477188.4	3287244512.4	5871483964.6
5970000000.0	5011190422.3	3287550578.6	5872465315.7
5971000000.0	5011903620.3	3287856599.3	5873446666.0
5972000000.0	5012616782.4	3288162574.5	5874428015.6
5973000000.0	5013329908.7	3288468504.1	5875409364.5
5974000000.0	5014042999.0	3288774388.3	5876390712.6
5975000000.0	5014756053.4	3289080226.9	5877372059.9
5976000000.0	5015469071.9	3289386020.1	5878353406.5
5977000000.0	5016182054.6	3289691767.7	5879334752.4
5978000000.0	5016895001.3	3289997469.9	5880316097.4
5979000000.0	5017607912.2	3290303126.7	5881297441.8
5980000000.0	5018320787.2	3290608738.0	5882278785.4
5981000000.0	5019033626.3	3290914303.8	5883260128.2
5982000000.0	5019746429.5	3291219824.2	5884241470.2
5983000000.0	5020459196.9	3291525299.2	5885222811.6
5984000000.0	5021171928.4	3291830728.8	5886204152.1
5985000000.0	5021884624.0	3292136113.1	5887185492.0
5986000000.0	5022597283.8	3292441451.9	5888166831.0
5987000000.0	5023309907.7	3292746745.3	5889148169.3
5988000000.0	5024022495.7	3293051993.4	5890129506.9
5989000000.0	5024735047.9	3293357196.1	5891110843.7
5990000000.0	5025447564.2	3293662353.4	5892092179.7
5991000000.0	5026160044.7	3293967465.5	5893073515.0
5992000000.0	5026872489.3	3294272532.2	5894054849.6
5993000000.0	5027584898.1	3294577553.5	5895036183.4
5994000000.0	5028297271.0	3294882529.6	5896017516.4
5995000000.0	5029009608.1	3295187460.4	5896998848.7
5996000000.0	5029721909.4	3295492345.9	5897980180.2
5997000000.0	5030434174.8	3295797186.1	5898961511.0
5998000000.0	5031146404.4	3296101981.1	5899942841.0
5999000000.0	5031858598.2	3296406730.7	5900924170.3
6000000000.0	5032570756.1	3296711435.2	5901905498.8
6001000000.0	5033282878.2	3297016094.4	5902886826.6
6002000000.0	5033994964.5	3297320708.4	5903868153.6
6003000000.0	5034707015.0	3297625277.1	5904849479.9
6004000000.0	5035419029.6	3297929800.7	5905830805.4
6005000000.0	5036131008.5	3298234279.1	5906812130.2
6006000000.0	5036842951.5	3298538712.2	5907793454.2
6007000000.0	5037554858.7	3298843100.2	5908774777.4
6008000000.0	5038266730.1	3299147443.1	5909756099.9
6009000000.0	5038978565.7	3299451740.8	5910737421.7
6010000000.0	5039690365.5	3299755993.3	5911718742.7
6011000000.0	5040402129.6	3300060200.7	5912700062.9
6012000000.0	5041113857.8	3300364363.0	5913681382.4
6013000000.0	5041825550.2	3300668480.1	5914662701.2
6014000000.0	5042537206.8	3300972552.2	5915644019.1
6015000000.0	5043248827.7	3301276579.1	5916625336.4
6016000000.0	5043960412.8	3301580561.0	5917606652.9
6017000000.0	5044671962.1	3301884497.8	5918587968.6
6018000000.0	5045383475.6	3302188389.5	5919569283.6
6019000000.0	5046094953.3	3302492236.2	5920550597.8
6020000000.0	5046806395.3	3302796037.8	5921531911.2
6021000000.0	5047517801.4	3303099794.4	5922513224.0
6022000000.0	5048229171.9	3303403506.0	5923494535.9
6023000000.0	5048940506.5	3303707172.5	5924475847.1
6024000000.0	5049651805.4	3304010794.0	5925457157.6
6025000000.0	5050363068.5	3304314370.6	5926438467.3
6026000000.0	5051074295.9	3304617902.2	5927419776.3
6027000000.0	5051785487.5	3304921388.7	5928401084.5
6028000000.0	5052496643.4	3305224830.4	5929382391.9
6029000000.0	5053207763.5	3305528227.0	5930363698.6
6030000000.0	5053918847.9	3305831578.8	5931345004.5
6031000000.0	5054629896.5	3306134885.5	5932326309.7
6032000000.0	5055340909.4	3306438147.4	5933307614.2
6033000000.0	5056051886.6	3306741364.3	5934288917.8
6034000000.0	5056762828.0	3307044536.4	5935270220.8
6035000000.0	5057473733.7	3307347663.5	5936251523.0
6036000000.0	5058184603.7	3307650745.8	5937232824.4
6037000000.0	5058895437.9	3307953783.2	5938214125.0
6038000000.0	5059606236.4	3308256775.7	5939195425.0
6039000000.0	5060316999.2	3308559723.3	5940176724.1
6040000000.0	5061027726.2	3308862626.2	5941158022.6
6041000000.0	5061738417.6	3309165484.1	5942139320.2
6042000000.0	5062449073.2	3309468297.3	5943120617.1
6043000000.0	5063159693.1	3309771065.6	5944101913.3
6044000000.0	5063870277.3	3310073789.2	5945083208.7
6045000000.0	5064580825.9	3310376467.9	5946064503.3
6046000000.0	5065291338.7	3310679101.8	5947045797.2
6047000000.0	5066001815.8	3310981691.0	5948027090.4
6048000000.0	5066712257.2	3311284235.4	5949008382.8
6049000000.0	5067422662.9	3311586735.1	5949989674.4
6050000000.0	5068133032.9	3311889190.0	5950970965.3
6051000000.0	5068843367.2	3312191600.1	5951952255.4
6052000000.0	5069553665.9	3312493965.6	5952933544.8
6053000000.0	5070263928.8	3312796286.3	5953914833.4
6054000000.0	5070974156.1	3313098562.3	5954896121.3
6055000000.0	5071684347.7	3313400793.6	5955877408.4
6056000000.0	5072394503.6	3313702980.3	5956858694.8
6057000000.0	5073104623.9	3314005122.2	5957839980.4
6058000000.0	5073814708.5	3314307219.5	5958821265.3
6059000000.0	5074524757.4	3314609272.2	5959802549.4
6060000000.0	5075234770.6	3314911280.2	5960783832.8
6061000000.0	5075944748.2	3315213243.5	5961765115.4
6062000000.0	5076654690.1	3315515162.2	5962746397.2
6063000000.0	5077364596.4	3315817036.3	5963727678.3
6064000000.0	5078074467.0	3316118865.8	5964708958.7
6065000000.0	5078784301.9	3316420650.7	5965690238.3
6066000000.0	5079494101.3	3316722391.0	5966671517.1
6067000000.0	5080203864.9	3317024086.8	5967652795.2
6068000000.0	5080913592.9	3317325737.9	5968634072.6
6069000000.0	5081623285.3	3317627344.5	5969615349.1
6070000000.0	5082332942.1	3317928906.6	5970596625.0
6071000000.0	5083042563.2	3318230424.1	5971577900.1
6072000000.0	5083752148.6	3318531897.1	5972559174.4
6073000000.0	5084461698.5	3318833325.6	5973540448.0
6074000000.0	5085171212.7	3319134709.6	5974521720.8
6075000000.0	5085880691.3	3319436049.0	5975502992.9
6076000000.0	5086590134.2	3319737344.0	5976484264.2
6077000000.0	5087299541.6	3320038594.5	5977465534.7
6078000000.0	5088008913.3	3320339800.5	5978446804.5
6079000000.0	5088718249.4	3320640962.1	5979428073.6
6080000000.0	5089427549.9	3320942079.2	5980409341.9
6081000000.0	5090136814.8	3321243151.9	5981390609.5
6082000000.0	5090846044.1	3321544180.1	5982371876.3
6083000000.0	5091555237.8	3321845164.0	5983353142.3
6084000000.0	5092264395.9	3322146103.4	5984334407.6
6085000000.0	5092973518.3	3322446998.4	5985315672.2
6086000000.0	5093682605.2	3322747849.0	5986296935.9
6087000000.0	5094391656.5	3323048655.3	5987278199.0
6088000000.0	5095100672.2	3323349417.1	5988259461.3
6089000000.0	5095809652.3	3323650134.7	5989240722.8
6090000000.0	5096518596.9	3323950807.8	5990221983.6
6091000000.0	5097227505.8	3324251436.6	5991203243.6
6092000000.0	5097936379.2	3324552021.1	5992184502.9
6093000000.0	5098645217.0	3324852561.3	5993165761.4
6094000000.0	5099354019.2	3325153057.2	5994147019.2
6095000000.0	5100062785.8	3325453508.7	5995128276.2
6096000000.0	5100771516.9	3325753916.0	5996109532.5
6097000000.0	5101480212.4	3326054278.9	5997090788.0
6098000000.0	5102188872.4	3326354597.6	5998072042.7
6099000000.0	5102897496.8	3326654872.1	5999053296.7
6100000000.0	5103606085.6	3326955102.3	6000034550.0
6101000000.0	5104314638.9	3327255288.2	6001015802.5
6102000000.0	5105023156.6	3327555429.9	6001997054.2
6103000000.0	5105731638.8	3327855527.4	6002978305.2
6104000000.0	5106440085.4	3328155580.7	6003959555.5
6105000000.0	5107148496.5	3328455589.7	6004940805.0
6106000000.0	5107856872.0	3328755554.6	6005922053.7
6107000000.0	5108565212.0	3329055475.3	6006903301.7
6108000000.0	5109273516.5	3329355351.8	6007884548.9
6109000000.0	5109981785.4	3329655184.2	6008865795.4
6110000000.0	5110690018.8	3329954972.4	6009847041.1
6111000000.0	5111398216.7	3330254716.4	6010828286.1
6112000000.0	5112106379.0	3330554416.3	6011809530.3
6113000000.0	5112814505.8	3330854072.1	6012790773.8
6114000000.0	5113522597.1	3331153683.8	6013772016.5
6115000000.0	5114230652.9	3331453251.3	6014753258.5
6116000000.0	5114938673.2	3331752774.8	6015734499.7
6117000000.0	5115646657.9	3332052254.1	6016715740.1
6118000000.0	5116354607.2	3332351689.4	6017696979.8
6119000000.0	5117062520.9	3332651080.7	6018678218.8
6120000000.0	5117770399.1	3332950427.8	6019659457.0
6121000000.0	5118478241.8	3333249731.0	6020640694.4
6122000000.0	5119186049.1	3333548990.0	6021621931.1
6123000000.0	5119893820.8	3333848205.1	6022603167.1
6124000000.0	5120601557.0	3334147376.1	6023584402.3
6125000000.0	5121309257.8	3334446503.1	6024565636.7
6126000000.0	5122016923.0	3334745586.2	6025546870.4
6127000000.0	5122724552.8	3335044625.2	6026528103.3
6128000000.0	5123432147.1	3335343620.3	6027509335.5
6129000000.0	5124139705.9	3335642571.3	6028490566.9
6130000000.0	5124847229.2	3335941478.5	6029471797.6
6131000000.0	5125554717.1	3336240341.6	6030453027.5
6132000000.0	5126262169.5	3336539160.9	6031434256.7
6133000000.0	5126969586.4	3336837936.1	6032415485.1
6134000000.0	5127676967.8	3337136667.5	6033396712.8
6135000000.0	5128384313.8	3337435355.0	6034377939.7
6136000000.0	5129091624.3	3337733998.5	6035359165.8
6137000000.0	5129798899.4	3338032598.2	6036340391.2
6138000000.0	5130506139.0	3338331154.0	6037321615.9
6139000000.0	5131213343.1	3338629665.9	6038302839.8
6140000000.0	5131920511.8	3338928133.9	6039284062.9
6141000000.0	5132627645.1	3339226558.1	6040265285.3
6142000000.0	5133334742.9	3339524938.5	6041246507.0
6143000000.0	5134041805.3	3339823275.0	6042227727.9
6144000000.0	5134748832.2	3340121567.6	6043208948.0
6145000000.0	5135455823.7	3340419816.5	6044190167.4
6146000000.0	5136162779.7	3340718021.6	6045171386.0
6147000000.0	5136869700.3	3341016182.8	6046152603.9
6148000000.0	5137576585.5	3341314300.3	6047133821.0
6149000000.0	5138283435.3	3341612374.0	6048115037.4
6150000000.0	5138990249.6	3341910403.9	6049096253.0
6151000000.0	5139697028.5	3342208390.1	6050077467.9
6152000000.0	5140403772.0	3342506332.5	6051058682.0
6153000000.0	5141110480.1	3342804231.2	6052039895.4
6154000000.0	5141817152.7	3343102086.2	6053021108.0
6155000000.0	5142523790.0	3343399897.4	6054002319.8
6156000000.0	5143230391.8	3343697664.9	6054983531.0
6157000000.0	5143936958.2	3343995388.7	6055964741.3
6158000000.0	5144643489.3	3344293068.9	6056945950.9
6159000000.0	5145349984.9	3344590705.3	6057927159.8
6160000000.0	5146056445.1	3344888298.1	6058908367.8
6161000000.0	5146762870.0	3345185847.2	6059889575.2
6162000000.0	5147469259.4	3345483352.7	6060870781.8
6163000000.0	5148175613.5	3345780814.5	6061851987.6
6164000000.0	5148881932.1	3346078232.7	6062833192.7
6165000000.0	5149588215.4	3346375607.3	6063814397.0
6166000000.0	5150294463.3	3346672938.2	6064795600.6
6167000000.0	5151000675.8	3346970225.6	6065776803.4
6168000000.0	5151706853.0	3347267469.3	6066758005.5
6169000000.0	5152412994.7	3347564669.5	6067739206.8
6170000000.0	5153119101.1	3347861826.1	6068720407.4
6171000000.0	5153825172.2	3348158939.1	6069701607.2
6172000000.0	5154531207.8	3348456008.6	6070682806.3
6173000000.0	5155237208.1	3348753034.5	6071664004.6
6174000000.0	5155943173.1	3349050016.9	6072645202.2
6175000000.0	5156649102.6	3349346955.8	6073626399.0
6176000000.0	5157354996.9	3349643851.1	6074607595.0
6177000000.0	5158060855.7	3349940702.9	6075588790.3
6178000000.0	5158766679.3	3350237511.3	6076569984.9
6179000000.0	5159472467.4	3350534276.1	6077551178.7
6180000000.0	5160178220.3	3350830997.5	6078532371.7
6181000000.0	5160883937.8	3351127675.4	6079513564.0
6182000000.0	5161589619.9	3351424309.8	6080494755.5
6183000000.0	5162295266.7	3351720900.8	6081475946.3
6184000000.0	5163000878.2	3352017448.3	6082457136.4
6185000000.0	5163706454.3	3352313952.5	6083438325.6
6186000000.0	5164411995.2	3352610413.1	6084419514.2
6187000000.0	5165117500.7	3352906830.4	6085400701.9
6188000000.0	5165822970.8	3353203204.3	6086381889.0
6189000000.0	5166528405.7	3353499534.8	6087363075.2
6190000000.0	5167233805.2	3353795821.9	6088344260.8
6191000000.0	5167939169.4	3354092065.6	6089325445.5
6192000000.0	5168644498.3	3354388265.9	6090306629.5
6193000000.0	5169349791.9	3354684422.9	6091287812.8
6194000000.0	5170055050.2	3354980536.6	6092268995.3
6195000000.0	5170760273.1	3355276606.9	6093250177.1
6196000000.0	5171465460.8	3355572633.9	6094231358.1
6197000000.0	5172170613.2	3355868617.5	6095212538.3
6198000000.0	5172875730.3	3356164557.9	6096193717.8
6199000000.0	5173580812.1	3356460455.0	6097174896.5
6200000000.0	5174285858.5	3356756308.7	6098156074.5
6201000000.0	5174990869.7	3357052119.2	6099137251.8
6202000000.0	5175695845.7	3357347886.5	6100118428.3
6203000000.0	5176400786.3	3357643610.4	6101099604.0
6204000000.0	5177105691.6	3357939291.1	6102080779.0
6205000000.0	5177810561.7	3358234928.6	6103061953.2
6206000000.0	5178515396.5	3358530522.8	6104043126.7
6207000000.0	5179220196.0	3358826073.8	6105024299.4
6208000000.0	5179924960.3	3359121581.6	6106005471.4
6209000000.0	5180629689.3	3359417046.2	6106986642.6
6210000000.0	5181334383.0	3359712467.6	6107967813.1
6211000000.0	5182039041.4	3360007845.9	6108948982.8
6212000000.0	5182743664.6	3360303180.9	6109930151.7
6213000000.0	5183448252.6	3360598472.8	6110911320.0
6214000000.0	5184152805.3	3360893721.5	6111892487.4
6215000000.0	5184857322.7	3361188927.1	6112873654.1
6216000000.0	5185561804.9	3361484089.5	6113854820.1
6217000000.0	5186266251.8	3361779208.8	6114835985.3
6218000000.0	5186970663.5	3362074285.0	6115817149.7
6219000000.0	5187675039.9	3362369318.1	6116798313.4
6220000000.0	5188379381.2	3362664308.1	6117779476.3
6221000000.0	5189083687.1	3362959255.0	6118760638.5
6222000000.0	5189787957.9	3363254158.8	6119741800.0
6223000000.0	5190492193.4	3363549019.5	6120722960.7
6224000000.0	5191196393.7	3363843837.2	6121704120.6
6225000000.0	5191900558.7	3364138611.8	6122685279.8
6226000000.0	5192604688.5	3364433343.4	6123666438.2
6227000000.0	5193308783.2	3364728031.9	6124647595.9
6228000000.0	5194012842.6	3365022677.4	6125628752.8
6229000000.0	5194716866.7	3365317280.0	6126609908.9
6230000000.0	5195420855.7	3365611839.5	6127591064.4
6231000000.0	5196124809.5	3365906356.0	6128572219.0
6232000000.0	5196828728.0	3366200829.5	6129553372.9
6233000000.0	5197532611.4	3366495260.0	6130534526.1
6234000000.0	5198236459.5	3366789647.6	6131515678.5
6235000000.0	5198940272.4	3367083992.2	6132496830.2
6236000000.0	5199644050.2	3367378293.9	6133477981.1
6237000000.0	5200347792.8	3367672552.6	6134459131.2
6238000000.0	5201051500.1	3367966768.4	6135440280.6
6239000000.0	5201755172.3	3368260941.3	6136421429.2
6240000000.0	5202458809.3	3368555071.2	6137402577.1
6241000000.0	5203162411.1	3368849158.3	6138383724.3
6242000000.0	5203865977.7	3369143202.5	6139364870.7
6243000000.0	5204569509.2	3369437203.8	6140346016.3
6244000000.0	5205273005.4	3369731162.2	6141327161.2
6245000000.0	5205976466.5	3370025077.7	6142308305.3
6246000000.0	5206679892.5	3370318950.4	6143289448.7
6247000000.0	5207383283.2	3370612780.3	6144270591.3
6248000000.0	5208086638.8	3370906567.3	6145251733.2
6249000000.0	5208789959.2	3371200311.5	6146232874.3
6250000000.0	5209493244.5	3371494012.8	6147214014.6
6251000000.0	5210196494.6	3371787671.4	6148195154.3
6252000000.0	5210899709.6	3372081287.1	6149176293.1
6253000000.0	5211602889.4	3372374860.1	6150157431.2
6254000000.0	5212306034.1	3372668390.3	6151138568.6
6255000000.0	5213009143.6	3372961877.7	6152119705.2
6256000000.0	5213712218.0	3373255322.4	6153100841.0
6257000000.0	5214415257.2	3373548724.3	6154081976.1
6258000000.0	5215118261.3	3373842083.5	6155063110.5
6259000000.0	5215821230.2	3374135399.9	6156044244.1
6260000000.0	5216524164.1	3374428673.6	6157025376.9
6261000000.0	5217227062.7	3374721904.6	6158006509.0
6262000000.0	5217929926.3	3375015092.9	6158987640.3
6263000000.0	5218632754.7	3375308238.5	6159968770.9
6264000000.0	5219335548.1	3375601341.4	6160949900.7
6265000000.0	5220038306.3	3375894401.6	6161931029.8
6266000000.0	5220741029.3	3376187419.1	6162912158.1
6267000000.0	5221443717.3	3376480394.0	6163893285.7
6268000000.0	5222146370.1	3376773326.3	6164874412.5
6269000000.0	5222848987.9	3377066215.9	6165855538.6
6270000000.0	5223551570.5	3377359062.9	6166836663.9
6271000000.0	5224254118.1	3377651867.2	6167817788.5
6272000000.0	5224956630.5	3377944629.0	6168798912.3
6273000000.0	5225659107.8	3378237348.1	6169780035.3
6274000000.0	5226361550.0	3378530024.7	6170761157.6
6275000000.0	5227063957.2	3378822658.6	6171742279.2
6276000000.0	5227766329.2	3379115250.0	6172723400.0
6277000000.0	5228468666.2	3379407798.8	6173704520.0
6278000000.0	5229170968.1	3379700305.1	6174685639.3
6279000000.0	5229873234.9	3379992768.8	6175666757.9
6280000000.0	5230575466.6	3380285190.0	6176647875.7
6281000000.0	5231277663.2	3380577568.7	6177628992.7
6282000000.0	5231979824.8	3380869904.8	6178610109.0
6283000000.0	5232681951.2	3381162198.4	6179591224.5
6284000000.0	5233384042.7	3381454449.5	6180572339.3
6285000000.0	5234086099.0	3381746658.2	6181553453.3
6286000000.0	5234788120.3	3382038824.3	6182534566.6
6287000000.0	5235490106.5	3382330948.0	6183515679.1
6288000000.0	5236192057.7	3382623029.2	6184496790.9
6289000000.0	5236893973.8	3382915068.0	6185477901.9
6290000000.0	5237595854.8	3383207064.3	6186459012.2
6291000000.0	5238297700.8	3383499018.1	6187440121.7
6292000000.0	5238999511.7	3383790929.6	6188421230.5
6293000000.0	5239701287.6	3384082798.6	6189402338.5
6294000000.0	5240403028.5	3384374625.2	6190383445.7
6295000000.0	5241104734.3	3384666409.5	6191364552.2
6296000000.0	5241806405.1	3384958151.3	6192345658.0
6297000000.0	5242508040.8	3385249850.8	6193326763.0
6298000000.0	5243209641.5	3385541507.8	6194307867.2
6299000000.0	5243911207.2	3385833122.6	6195288970.7
6300000000.0	5244612737.9	3386124694.9	6196270073.4
6301000000.0	5245314233.5	3386416225.0	6197251175.4
6302000000.0	5246015694.1	3386707712.6	6198232276.7
6303000000.0	5246717119.7	3386999158.0	6199213377.1
6304000000.0	5247418510.2	3387290561.1	6200194476.9
6305000000.0	5248119865.8	3387581921.8	6201175575.9
6306000000.0	5248821186.3	3387873240.2	6202156674.1
6307000000.0	5249522471.8	3388164516.4	6203137771.6
6308000000.0	5250223722.4	3388455750.3	6204118868.3
6309000000.0	5250924937.9	3388746941.9	6205099964.2
6310000000.0	5251626118.4	3389038091.2	6206081059.5
6311000000.0	5252327263.9	3389329198.3	6207062153.9
6312000000.0	5253028374.4	3389620263.2	6208043247.6
6313000000.0	5253729449.9	3389911285.8	6209024340.6
6314000000.0	5254430490.5	3390202266.2	6210005432.8
6315000000.0	5255131496.0	3390493204.4	6210986524.2
6316000000.0	5255832466.6	3390784100.4	6211967614.9
6317000000.0	5256533402.1	3391074954.1	6212948704.9
6318000000.0	5257234302.7	3391365765.7	6213929794.1
6319000000.0	5257935168.3	3391656535.1	6214910882.5
6320000000.0	5258635999.0	3391947262.4	6215891970.2
6321000000.0	5259336794.6	3392237947.5	6216873057.2
6322000000.0	5260037555.3	3392528590.4	6217854143.4
6323000000.0	5260738281.1	3392819191.2	6218835228.8
6324000000.0	5261438971.8	3393109749.9	6219816313.5
6325000000.0	5262139627.6	3393400266.4	6220797397.4
6326000000.0	5262840248.4	3393690740.8	6221778480.6
6327000000.0	5263540834.3	3393981173.2	6222759563.0
6328000000.0	5264241385.3	3394271563.4	6223740644.7
6329000000.0	5264941901.2	3394561911.5	6224721725.6
6330000000.0	5265642382.2	3394852217.6	6225702805.8
6331000000.0	5266342828.3	3395142481.6	6226683885.2
6332000000.0	5267043239.5	3395432703.5	6227664963.8
6333000000.0	5267743615.6	3395722883.4	6228646041.7
6334000000.0	5268443956.9	3396013021.3	6229627118.9
6335000000.0	5269144263.2	3396303117.1	6230608195.3
6336000000.0	5269844534.6	3396593170.9	6231589270.9
6337000000.0	5270544771.0	3396883182.6	6232570345.8
6338000000.0	5271244972.6	3397173152.4	6233551420.0
6339000000.0	5271945139.2	3397463080.2	6234532493.4
6340000000.0	5272645270.8	3397752966.0	6235513566.0
6341000000.0	5273345367.6	3398042809.8	6236494637.9
6342000000.0	5274045429.4	3398332611.7	6237475709.1
6343000000.0	5274745456.3	3398622371.6	6238456779.4
6344000000.0	5275445448.3	3398912089.5	6239437849.1
6345000000.0	5276145405.4	3399201765.5	6240418918.0
6346000000.0	5276845327.6	3399491399.6	6241399986.1
6347000000.0	5277545214.9	3399780991.7	6242381053.5
6348000000.0	5278245067.3	3400070542.0	6243362120.1
6349000000.0	5278944884.8	3400360050.3	6244343185.9
6350000000.0	5279644667.3	3400649516.7	6245324251.1
6351000000.0	5280344415.0	3400938941.3	6246305315.4
6352000000.0	5281044127.8	3401228323.9	6247286379.0
6353000000.0	5281743805.7	3401517664.8	6248267441.9
6354000000.0	5282443448.7	3401806963.7	6249248504.0
6355000000.0	5283143056.9	3402096220.8	6250229565.4
6356000000.0	5283842630.1	3402385436.1	6251210626.0
6357000000.0	5284542168.5	3402674609.5	6252191685.8
6358000000.0	5285241672.0	3402963741.1	6253172744.9
6359000000.0	5285941140.6	3403252830.9	6254153803.3
6360000000.0	5286640574.4	3403541878.9	6255134860.9
6361000000.0	5287339973.3	3403830885.1	6256115917.7
6362000000.0	5288039337.3	3404119849.5	6257096973.8
6363000000.0	5288738666.4	3404408772.1	6258078029.1
6364000000.0	5289437960.7	3404697653.0	6259059083.7
6365000000.0	5290137220.2	3404986492.1	6260040137.5
6366000000.0	5290836444.7	3405275289.5	6261021190.6
6367000000.0	5291535634.5	3405564045.1	6262002242.9
6368000000.0	5292234789.3	3405852759.0	6262983294.5
6369000000.0	5292933909.4	3406141431.1	6263964345.3
6370000000.0	5293632994.6	3406430061.6	6264945395.4
6371000000.0	5294332044.9	3406718650.3	6265926444.7
6372000000.0	5295031060.4	3407007197.4	6266907493.3
6373000000.0	5295730041.1	3407295702.7	6267888541.1
6374000000.0	5296428986.9	3407584166.4	6268869588.2
6375000000.0	5297127897.9	3407872588.4	6269850634.5
6376000000.0	5297826774.1	3408160968.8	6270831680.0
6377000000.0	5298525615.4	3408449307.5	6271812724.8
6378000000.0	5299224421.9	3408737604.6	6272793768.9
6379000000.0	5299923193.6	3409025860.0	6273774812.2
6380000000.0	5300621930.5	3409314073.8	6274755854.7
6381000000.0	5301320632.5	3409602246.0	6275736896.5
6382000000.0	5302019299.8	3409890376.6	6276717937.5
6383000000.0	5302717932.2	3410178465.6	6277698977.8
6384000000.0	5303416529.8	3410466513.0	6278680017.4
6385000000.0	5304115092.7	3410754518.9	6279661056.2
6386000000.0	5304813620.7	3411042483.1	6280642094.2
6387000000.0	5305512113.9	3411330405.8	6281623131.5
6388000000.0	5306210572.3	3411618287.0	6282604168.0
6389000000.0	5306908995.9	3411906126.6	6283585203.8
6390000000.0	5307607384.8	3412193924.7	6284566238.8
6391000000.0	5308305738.8	3412481681.2	6285547273.1
6392000000.0	5309004058.1	3412769396.3	6286528306.6
6393000000.0	5309702342.5	3413057069.8	6287509339.3
6394000000.0	5310400592.2	3413344701.8	6288490371.3
6395000000.0	5311098807.1	3413632292.4	6289471402.6
6396000000.0	5311796987.2	3413919841.5	6290452433.1
6397000000.0	5312495132.6	3414207349.1	6291433462.9
6398000000.0	5313193243.2	3414494815.2	6292414491.9
6399000000.0	5313891319.0	3414782239.9	6293395520.1
6400000000.0	5314589360.0	3415069623.1	6294376547.6
6401000000.0	5315287366.3	3415356964.9	6295357574.4
6402000000.0	5315985337.8	3415644265.3	6296338600.4
6403000000.0	5316683274.5	3415931524.3	6297319625.6
6404000000.0	5317381176.5	3416218741.8	6298300650.1
6405000000.0	5318079043.8	3416505918.0	6299281673.8
6406000000.0	5318776876.3	3416793052.8	6300262696.8
6407000000.0	5319474674.0	3417080146.2	6301243719.0
6408000000.0	5320172437.0	3417367198.2	6302224740.5
6409000000.0	5320870165.3	3417654208.8	6303205761.2
6410000000.0	5321567858.8	3417941178.1	6304186781.2
6411000000.0	5322265517.6	3418228106.1	6305167800.4
6412000000.0	5322963141.6	3418514992.7	6306148818.9
6413000000.0	5323660730.9	3418801838.0	6307129836.6
6414000000.0	5324358285.5	3419088642.0	6308110853.6
6415000000.0	5325055805.3	3419375404.7	6309091869.8
6416000000.0	5325753290.4	3419662126.0	6310072885.2
6417000000.0	5326450740.8	3419948806.1	6311053900.0
6418000000.0	5327148156.5	3420235444.9	6312034913.9
6419000000.0	5327845537.5	3420522042.4	6313015927.1
6420000000.0	5328542883.7	3420808598.7	6313996939.6
6421000000.0	5329240195.2	3421095113.7	6314977951.3
6422000000.0	5329937472.1	3421381587.5	6315958962.2
6423000000.0	5330634714.2	3421668020.0	6316939972.4
6424000000.0	5331331921.6	3421954411.3	6317920981.8
6425000000.0	5332029094.3	3422240761.3	6318901990.5
6426000000.0	5332726232.3	3422527070.2	6319882998.5
6427000000.0	5333423335.6	3422813337.8	6320864005.6
6428000000.0	5334120404.2	3423099564.3	6321845012.1
6429000000.0	5334817438.2	3423385749.6	6322826017.8
6430000000.0	5335514437.4	3423671893.7	6323807022.7
6431000000.0	5336211401.9	3423957996.6	6324788026.9
6432000000.0	5336908331.8	3424244058.4	6325769030.3
6433000000.0	5337605227.0	3424530079.0	6326750032.9
6434000000.0	5338302087.5	3424816058.5	6327731034.9
6435000000.0	5338998913.3	3425101996.9	6328712036.0
6436000000.0	5339695704.5	3425387894.1	6329693036.4
6437000000.0	5340392460.9	3425673750.3	6330674036.1
6438000000.0	5341089182.8	3425959565.3	6331655035.0
6439000000.0	5341785869.9	3426245339.2	6332636033.2
6440000000.0	5342482522.4	3426531072.0	6333617030.6
6441000000.0	5343179140.2	3426816763.8	6334598027.2
6442000000.0	5343875723.4	3427102414.5	6335579023.1
6443000000.0	5344572271.9	3427388024.1	6336560018.3
6444000000.0	5345268785.7	3427673592.7	6337541012.6
6445000000.0	5345965265.0	3427959120.2	6338522006.3
6446000000.0	5346661709.5	3428244606.7	6339502999.2
6447000000.0	5347358119.4	3428530052.2	6340483991.3
6448000000.0	5348054494.7	3428815456.7	6341464982.7
6449000000.0	5348750835.3	3429100820.1	6342445973.3
6450000000.0	5349447141.3	3429386142.6	6343426963.2
6451000000.0	5350143412.7	3429671424.1	6344407952.3
6452000000.0	5350839649.4	3429956664.6	6345388940.7
6453000000.0	5351535851.5	3430241864.1	6346369928.3
6454000000.0	5352232019.0	3430527022.6	6347350915.2
6455000000.0	5352928151.8	3430812140.2	6348331901.3
6456000000.0	5353624250.0	3431097216.9	6349312886.7
6457000000.0	5354320313.6	3431382252.6	6350293871.3
6458000000.0	5355016342.6	3431667247.4	6351274855.2
6459000000.0	5355712337.0	3431952201.3	6352255838.3
6460000000.0	5356408296.7	3432237114.2	6353236820.6
6461000000.0	5357104221.9	3432521986.3	6354217802.2
6462000000.0	5357800112.4	3432806817.5	6355198783.1
6463000000.0	5358495968.4	3433091607.7	6356179763.2
6464000000.0	5359191789.7	3433376357.2	6357160742.5
6465000000.0	5359887576.5	3433661065.7	6358141721.1
6466000000.0	5360583328.6	3433945733.4	6359122699.0
6467000000.0	5361279046.2	3434230360.2	6360103676.1
6468000000.0	5361974729.1	3434514946.2	6361084652.4
6469000000.0	5362670377.5	3434799491.4	6362065628.0
6470000000.0	5363365991.3	3435083995.7	6363046602.8
6471000000.0	5364061570.5	3435368459.3	6364027576.9
6472000000.0	5364757115.1	3435652882.0	6365008550.2
6473000000.0	5365452625.1	3435937263.9	6365989522.8
6474000000.0	5366148100.6	3436221605.1	6366970494.6
6475000000.0	5366843541.5	3436505905.5	6367951465.7
6476000000.0	5367538947.8	3436790165.1	6368932436.0
6477000000.0	5368234319.6	3437074383.9	6369913405.6
6478000000.0	5368929656.8	3437358562.0	6370894374.4
6479000000.0	5369624959.4	3437642699.3	6371875342.4
6480000000.0	5370320227.5	3437926796.0	6372856309.8
6481000000.0	5371015461.0	3438210851.8	6373837276.3
6482000000.0	5371710659.9	3438494867.0	6374818242.1
6483000000.0	5372405824.3	3438778841.5	6375799207.2
6484000000.0	5373100954.2	3439062775.2	6376780171.5
6485000000.0	5373796049.5	3439346668.3	6377761135.0
6486000000.0	5374491110.2	3439630520.7	6378742097.8
6487000000.0	5375186136.5	3439914332.4	6379723059.9
6488000000.0	5375881128.1	3440198103.5	6380704021.2
6489000000.0	5376576085.3	3440481833.9	6381684981.7
6490000000.0	5377271007.9	3440765523.6	6382665941.5
6491000000.0	5377965896.0	3441049172.7	6383646900.5
6492000000.0	5378660749.5	3441332781.2	6384627858.8
6493000000.0	5379355568.5	3441616349.1	6385608816.3
6494000000.0	5380050353.0	3441899876.3	6386589773.1
6495000000.0	5380745103.0	3442183363.0	6387570729.1
6496000000.0	5381439818.5	3442466809.0	6388551684.4
6497000000.0	5382134499.4	3442750214.5	6389532638.9
6498000000.0	5382829145.8	3443033579.4	6390513592.7
6499000000.0	5383523757.7	3443316903.7	6391494545.7
6500000000.0	5384218335.1	3443600187.5	6392475498.0
6501000000.0	5384912878.0	3443883430.7	6393456449.5
6502000000.0	5385607386.4	3444166633.4	6394437400.2
6503000000.0	5386301860.3	3444449795.5	6395418350.2
6504000000.0	5386996299.7	3444732917.1	6396399299.5
6505000000.0	5387690704.6	3445015998.2	6397380248.0
6506000000.0	5388385075.0	3445299038.8	6398361195.8
6507000000.0	5389079411.0	3445582038.9	6399342142.7
6508000000.0	5389773712.4	3445864998.5	6400323089.0
6509000000.0	5390467979.3	3446147917.6	6401304034.5
6510000000.0	5391162211.8	3446430796.3	6402284979.2
6511000000.0	5391856409.8	3446713634.4	6403265923.2
6512000000.0	5392550573.3	3446996432.2	6404246866.5
6513000000.0	5393244702.3	3447279189.4	6405227808.9
6514000000.0	5393938796.9	3447561906.3	6406208750.7
6515000000.0	5394632856.9	3447844582.7	6407189691.6
6516000000.0	5395326882.6	3448127218.7	6408170631.9
6517000000.0	5396020873.7	3448409814.3	6409151571.3
6518000000.0	5396714830.4	3448692369.5	6410132510.1
6519000000.0	5397408752.6	3448974884.3	6411113448.0
6520000000.0	5398102640.4	3449257358.7	6412094385.3
6521000000.0	5398796493.7	3449539792.7	6413075321.7
6522000000.0	5399490312.6	3449822186.3	6414056257.4
6523000000.0	5400184097.0	3450104539.6	6415037192.4
6524000000.0	5400877847.0	3450386852.6	6416018126.6
6525000000.0	5401571562.5	3450669125.2	6416999060.1
6526000000.0	5402265243.6	3450951357.4	6417979992.8
6527000000.0	5402958890.2	3451233549.4	6418960924.7
6528000000.0	5403652502.4	3451515701.0	6419941855.9
6529000000.0	5404346080.2	3451797812.3	6420922786.4
6530000000.0	5405039623.6	3452079883.3	6421903716.1
6531000000.0	5405733132.5	3452361914.1	6422884645.0
6532000000.0	5406426607.0	3452643904.5	6423865573.2
6533000000.0	5407120047.0	3452925854.7	6424846500.6
6534000000.0	5407813452.7	3453207764.6	6425827427.3
6535000000.0	5408506823.9	3453489634.3	6426808353.3
6536000000.0	5409200160.7	3453771463.7	6427789278.4
6537000000.0	5409893463.1	3454053252.8	6428770202.9
6538000000.0	5410586731.1	3454335001.8	6429751126.5
6539000000.0	5411279964.6	3454616710.5	6430732049.5
6540000000.0	5411973163.8	3454898379.0	6431712971.6
6541000000.0	5412666328.6	3455180007.3	6432693893.1
6542000000.0	5413359458.9	3455461595.4	6433674813.7
6543000000.0	5414052554.9	3455743143.3	6434655733.6
6544000000.0	5414745616.5	3456024651.0	6435636652.8
6545000000.0	5415438643.6	3456306118.6	6436617571.2
6546000000.0	5416131636.4	3456587546.0	6437598488.9
6547000000.0	5416824594.8	3456868933.2	6438579405.8
6548000000.0	5417517518.8	3457150280.3	6439560321.9
6549000000.0	5418210408.5	3457431587.3	6440541237.3
6550000000.0	5418903263.7	3457712854.2	6441522152.0
6551000000.0	5419596084.6	3457994080.9	6442503065.9
6552000000.0	5420288871.1	3458275267.5	6443483979.0
6553000000.0	5420981623.2	3458556414.0	6444464891.4
6554000000.0	5421674340.9	3458837520.4	6445445803.1
6555000000.0	5422367024.3	3459118586.8	6446426714.0
6556000000.0	5423059673.3	3459399613.0	6447407624.1
6557000000.0	5423752288.0	3459680599.2	6448388533.5
6558000000.0	5424444868.3	3459961545.4	6449369442.1
6559000000.0	5425137414.2	3460242451.5	6450350350.0
6560000000.0	5425829925.8	3460523317.5	6451331257.1
6561000000.0	5426522403.1	3460804143.5	6452312163.5
6562000000.0	5427214845.9	3461084929.5	6453293069.1
6563000000.0	5427907254.5	3461365675.5	6454273974.0
6564000000.0	5428599628.7	3461646381.5	6455254878.1
6565000000.0	5429291968.5	3461927047.4	6456235781.5
6566000000.0	5429984274.0	3462207673.4	6457216684.1
6567000000.0	5430676545.2	3462488259.4	6458197586.0
6568000000.0	5431368782.0	3462768805.4	6459178487.1
6569000000.0	5432060984.6	3463049311.5	6460159387.4
6570000000.0	5432753152.7	3463329777.6	6461140287.0
6571000000.0	5433445286.6	3463610203.7	6462121185.9
6572000000.0	5434137386.1	3463890590.0	6463102084.0
6573000000.0	5434829451.3	3464170936.2	6464082981.3
6574000000.0	5435521482.2	3464451242.6	6465063877.9
6575000000.0	5436213478.8	3464731509.1	6466044773.8
6576000000.0	5436905441.0	3465011735.6	6467025668.9
6577000000.0	5437597369.0	3465291922.3	6468006563.2
6578000000.0	5438289262.6	3465572069.0	6468987456.8
6579000000.0	5438981121.9	3465852175.9	6469968349.6
6580000000.0	5439672947.0	3466132242.9	6470949241.7
6581000000.0	5440364737.7	3466412270.1	6471930133.0
6582000000.0	5441056494.1	3466692257.4	6472911023.6
6583000000.0	5441748216.2	3466972204.8	6473891913.5
6584000000.0	5442439904.1	3467252112.5	6474872802.5
6585000000.0	5443131557.6	3467531980.3	6475853690.9
6586000000.0	5443823176.9	3467811808.2	6476834578.4
6587000000.0	5444514761.9	3468091596.4	6477815465.2
6588000000.0	5445206312.5	3468371344.7	6478796351.3
6589000000.0	5445897829.0	3468651053.3	6479777236.6
6590000000.0	5446589311.1	3468930722.1	6480758121.2
6591000000.0	5447280758.9	3469210351.1	6481739005.0
6592000000.0	5447972172.5	3469489940.3	6482719888.0
6593000000.0	5448663551.8	3469769489.8	6483700770.3
6594000000.0	5449354896.9	3470048999.5	6484681651.9
6595000000.0	5450046207.6	3470328469.5	6485662532.7
6596000000.0	5450737484.2	3470607899.7	6486643412.7
6597000000.0	5451428726.4	3470887290.3	6487624292.0
6598000000.0	5452119934.4	3471166641.1	6488605170.6
6599000000.0	5452811108.2	3471445952.2	6489586048.4
6600000000.0	5453502247.6	3471725223.5	6490566925.4
6601000000.0	5454193352.9	3472004455.2	6491547801.7
6602000000.0	5454884423.9	3472283647.3	6492528677.2
6603000000.0	5455575460.6	3472562799.6	6493509552.0
6604000000.0	5456266463.1	3472841912.3	6494490426.1
6605000000.0	5456957431.4	3473120985.3	6495471299.3
6606000000.0	5457648365.4	3473400018.6	6496452171.9
6607000000.0	5458339265.2	3473679012.4	6497433043.6
6608000000.0	5459030130.7	3473957966.5	6498413914.7
6609000000.0	5459720962.1	3474236880.9	6499394784.9
6610000000.0	5460411759.2	3474515755.8	6500375654.4
6611000000.0	5461102522.1	3474794591.0	6501356523.2
6612000000.0	5461793250.7	3475073386.7	6502337391.2
6613000000.0	5462483945.1	3475352142.7	6503318258.5
6614000000.0	5463174605.4	3475630859.2	6504299125.0
6615000000.0	5463865231.4	3475909536.1	6505279990.7
6616000000.0	5464555823.1	3476188173.4	6506260855.7
6617000000.0	5465246380.7	3476466771.2	6507241720.0
6618000000.0	5465936904.1	3476745329.4	6508222583.5
6619000000.0	5466627393.3	3477023848.1	6509203446.2
6620000000.0	5467317848.2	3477302327.2	6510184308.2
6621000000.0	5468008269.0	3477580766.9	6511165169.5
6622000000.0	5468698655.6	3477859167.0	6512146030.0
6623000000.0	5469389008.0	3478137527.6	6513126889.7
6624000000.0	5470079326.1	3478415848.7	6514107748.7
6625000000.0	5470769610.1	3478694130.3	6515088606.9
6626000000.0	5471459859.9	3478972372.4	6516069464.4
6627000000.0	5472150075.6	3479250575.1	6517050321.1
6628000000.0	5472840257.0	3479528738.3	6518031177.1
6629000000.0	5473530404.3	3479806862.1	6519012032.4
6630000000.0	5474220517.4	3480084946.3	6519992886.8
6631000000.0	5474910596.3	3480362991.2	6520973740.5
6632000000.0	5475600641.0	3480640996.6	6521954593.5
6633000000.0	5476290651.6	3480918962.6	6522935445.7
6634000000.0	5476980628.0	3481196889.2	6523916297.2
6635000000.0	5477670570.3	3481474776.4	6524897147.9
6636000000.0	5478360478.3	3481752624.2	6525877997.9
6637000000.0	5479050352.3	3482030432.6	6526858847.1
6638000000.0	5479740192.0	3482308201.6	6527839695.5
6639000000.0	5480429997.7	3482585931.2	6528820543.2
6640000000.0	5481119769.1	3482863621.5	6529801390.2
6641000000.0	5481809506.4	3483141272.4	6530782236.4
6642000000.0	5482499209.6	3483418884.0	6531763081.8
6643000000.0	5483188878.6	3483696456.3	6532743926.5
6644000000.0	5483878513.5	3483973989.2	6533724770.5
6645000000.0	5484568114.3	3484251482.8	6534705613.7
6646000000.0	5485257680.9	3484528937.0	6535686456.1
6647000000.0	5485947213.3	3484806352.0	6536667297.8
6648000000.0	5486636711.7	3485083727.7	6537648138.7
6649000000.0	5487326175.9	3485361064.0	6538628978.9
6650000000.0	5488015606.0	3485638361.1	6539609818.3
6651000000.0	5488705002.0	3485915619.0	6540590657.0
6652000000.0	5489394363.8	3486192837.5	6541571494.9
6653000000.0	5490083691.6	3486470016.8	6542552332.1
6654000000.0	5490772985.2	3486747156.9	6543533168.5
6655000000.0	5491462244.7	3487024257.7	6544514004.2
6656000000.0	5492151470.1	3487301319.3	6545494839.1
6657000000.0	5492840661.3	3487578341.7	6546475673.3
6658000000.0	5493529818.5	3487855324.8	6547456506.7
6659000000.0	5494218941.6	3488132268.8	6548437339.4
6660000000.0	5494908030.6	3488409173.5	6549418171.3
6661000000.0	5495597085.5	3488686039.1	6550399002.4
6662000000.0	5496286106.2	3488962865.5	6551379832.8
6663000000.0	5496975092.9	3489239652.7	6552360662.5
6664000000.0	5497664045.5	3489516400.8	6553341491.4
6665000000.0	5498352964.0	3489793109.7	6554322319.5
6666000000.0	5499041848.5	3490069779.4	6555303146.9
6667000000.0	5499730698.8	3490346410.0	6556283973.6
6668000000.0	5500419515.1	3490623001.5	6557264799.5
6669000000.0	5501108297.2	3490899553.8	6558245624.6
6670000000.0	5501797045.4	3491176067.1	6559226449.0
6671000000.0	5502485759.4	3491452541.2	6560207272.6
6672000000.0	5503174439.4	3491728976.3	6561188095.5
6673000000.0	5503863085.3	3492005372.2	6562168917.6
6674000000.0	5504551697.1	3492281729.1	6563149739.0
6675000000.0	5505240274.9	3492558046.9	6564130559.7
6676000000.0	5505928818.6	3492834325.6	6565111379.5
6677000000.0	5506617328.2	3493110565.3	6566092198.7
6678000000.0	5507305803.8	3493386765.9	6567073017.0
6679000000.0	5507994245.4	3493662927.5	6568053834.6
6680000000.0	5508682652.9	3493939050.1	6569034651.5
6681000000.0	5509371026.3	3494215133.6	6570015467.6
6682000000.0	5510059365.7	3494491178.1	6570996283.0
6683000000.0	5510747671.1	3494767183.6	6571977097.6
6684000000.0	5511435942.4	3495043150.2	6572957911.4
6685000000.0	5512124179.7	3495319077.7	6573938724.6
6686000000.0	5512812383.0	3495594966.2	6574919536.9
6687000000.0	5513500552.2	3495870815.8	6575900348.5
6688000000.0	5514188687.4	3496146626.4	6576881159.4
6689000000.0	5514876788.5	3496422398.1	6577861969.5
6690000000.0	5515564855.7	3496698130.8	6578842778.8
6691000000.0	5516252888.8	3496973824.5	6579823587.4
6692000000.0	5516940887.9	3497249479.4	6580804395.2
6693000000.0	5517628853.0	3497525095.3	6581785202.3
6694000000.0	5518316784.0	3497800672.3	6582766008.7
6695000000.0	5519004681.1	3498076210.3	6583746814.2
6696000000.0	5519692544.1	3498351709.5	6584727619.1
6697000000.0	5520380373.2	3498627169.8	6585708423.2
6698000000.0	5521068168.2	3498902591.2	6586689226.5
6699000000.0	5521755929.2	3499177973.8	6587670029.1
6700000000.0	5522443656.3	3499453317.5	6588650830.9
6701000000.0	5523131349.3	3499728622.3	6589631632.0
6702000000.0	5523819008.4	3500003888.2	6590612432.3
6703000000.0	5524506633.4	3500279115.4	6591593231.8
6704000000.0	5525194224.5	3500554303.6	6592574030.7
6705000000.0	5525881781.5	3500829453.1	6593554828.7
6706000000.0	5526569304.6	3501104563.8	6594535626.0
6707000000.0	5527256793.7	3501379635.6	6595516422.6
6708000000.0	5527944248.9	3501654668.6	6596497218.4
6709000000.0	5528631670.0	3501929662.9	6597478013.5
6710000000.0	5529319057.2	3502204618.4	6598458807.8
6711000000.0	5530006410.4	3502479535.1	6599439601.3
6712000000.0	5530693729.6	3502754413.0	6600420394.1
6713000000.0	5531381014.9	3503029252.1	6601401186.2
6714000000.0	5532068266.2	3503304052.5	6602381977.4
6715000000.0	5532755483.5	3503578814.2	6603362768.0
6716000000.0	5533442666.9	3503853537.2	6604343557.8
6717000000.0	5534129816.4	3504128221.4	6605324346.8
6718000000.0	5534816931.8	3504402866.9	6606305135.1
6719000000.0	5535504013.4	3504677473.6	6607285922.6
6720000000.0	5536191060.9	3504952041.7	6608266709.4
6721000000.0	5536878074.6	3505226571.1	6609247495.4
6722000000.0	5537565054.2	3505501061.8	6610228280.7
6723000000.0	5538252000.0	3505775513.8	6611209065.3
6724000000.0	5538938911.8	3506049927.2	6612189849.0
6725000000.0	5539625789.7	3506324301.9	6613170632.0
6726000000.0	5540312633.6	3506598637.9	6614151414.3
6727000000.0	5540999443.6	3506872935.3	6615132195.8
6728000000.0	5541686219.7	3507147194.1	6616112976.6
6729000000.0	5542372961.8	3507421414.2	6617093756.6
6730000000.0	5543059670.0	3507695595.7	6618074535.9
6731000000.0	5543746344.3	3507969738.6	6619055314.4
6732000000.0	5544432984.7	3508243842.9	6620036092.1
6733000000.0	5545119591.2	3508517908.6	6621016869.1
6734000000.0	5545806163.7	3508791935.7	6621997645.4
6735000000.0	5546492702.4	3509065924.2	6622978420.9
6736000000.0	5547179207.1	3509339874.2	6623959195.6
6737000000.0	5547865677.9	3509613785.6	6624939969.6
6738000000.0	5548552114.9	3509887658.4	6625920742.9
6739000000.0	5549238517.9	3510161492.7	6626901515.4
6740000000.0	5549924887.0	3510435288.5	6627882287.1
6741000000.0	5550611222.2	3510709045.7	6628863058.1
6742000000.0	5551297523.6	3510982764.4	6629843828.3
6743000000.0	5551983791.0	3511256444.6	6630824597.8
6744000000.0	5552670024.6	3511530086.3	6631805366.6
6745000000.0	5553356224.2	3511803689.5	6632786134.5
6746000000.0	5554042390.0	3512077254.2	6633766901.8
6747000000.0	5554728521.9	3512350780.4	6634747668.2
6748000000.0	5555414619.9	3512624268.1	6635728434.0
6749000000.0	5556100684.1	3512897717.4	6636709198.9
6750000000.0	5556786714.4	3513171128.2	6637689963.2
6751000000.0	5557472710.8	3513444500.6	6638670726.6
6752000000.0	5558158673.3	3513717834.5	6639651489.3
6753000000.0	5558844602.0	3513991130.0	6640632251.3
6754000000.0	5559530496.8	3514264387.1	6641613012.5
6755000000.0	5560216357.7	3514537605.7	6642593773.0
6756000000.0	5560902184.8	3514810786.0	6643574532.7
6757000000.0	5561587978.0	3515083927.8	6644555291.6
6758000000.0	5562273737.4	3515357031.2	6645536049.8
6759000000.0	5562959462.9	3515630096.3	6646516807.3
6760000000.0	5563645154.6	3515903123.0	6647497564.0
6761000000.0	5564330812.4	3516176111.3	6648478319.9
6762000000.0	5565016436.4	3516449061.3	6649459075.1
6763000000.0	5565702026.6	3516721972.9	6650439829.6
6764000000.0	5566387582.9	3516994846.2	6651420583.3
6765000000.0	5567073105.3	3517267681.1	6652401336.2
6766000000.0	5567758594.0	3517540477.7	6653382088.4
6767000000.0	5568444048.8	3517813236.0	6654362839.8
6768000000.0	5569129469.8	3518085955.9	6655343590.5
6769000000.0	5569814856.9	3518358637.6	6656324340.4
6770000000.0	5570500210.3	3518631281.0	6657305089.6
6771000000.0	5571185529.8	3518903886.1	6658285838.0
6772000000.0	5571870815.4	3519176452.9	6659266585.7
6773000000.0	5572556067.3	3519448981.4	6660247332.6
6774000000.0	5573241285.4	3519721471.7	6661228078.8
6775000000.0	5573926469.6	3519993923.7	6662208824.2
6776000000.0	5574611620.1	3520266337.4	6663189568.9
6777000000.0	5575296736.7	3520538713.0	6664170312.8
6778000000.0	5575981819.5	3520811050.3	6665151056.0
6779000000.0	5576666868.6	3521083349.3	6666131798.4
6780000000.0	5577351883.8	3521355610.2	6667112540.0
6781000000.0	5578036865.2	3521627832.9	6668093280.9
6782000000.0	5578721812.9	3521900017.3	6669074021.1
6783000000.0	5579406726.7	3522172163.6	6670054760.5
6784000000.0	5580091606.8	3522444271.6	6671035499.1
6785000000.0	5580776453.1	3522716341.5	6672016237.0
6786000000.0	5581461265.6	3522988373.3	6672996974.2
6787000000.0	5582146044.3	3523260366.9	6673977710.6
6788000000.0	5582830789.2	3523532322.3	6674958446.2
6789000000.0	5583515500.4	3523804239.6	6675939181.1
6790000000.0	5584200177.7	3524076118.7	6676919915.3
6791000000.0	5584884821.4	3524347959.8	6677900648.6
6792000000.0	5585569431.2	3524619762.7	6678881381.3
6793000000.0	5586254007.3	3524891527.5	6679862113.2
6794000000.0	5586938549.6	3525163254.1	6680842844.3
6795000000.0	5587623058.2	3525434942.7	6681823574.7
6796000000.0	5588307533.0	3525706593.3	6682804304.3
6797000000.0	5588991974.0	3525978205.7	6683785033.2
6798000000.0	5589676381.3	3526249780.0	6684765761.3
6799000000.0	5590360754.8	3526521316.3	6685746488.7
6800000000.0	5591045094.6	3526792814.6	6686727215.3
6801000000.0	5591729400.7	3527064274.8	6687707941.1
6802000000.0	5592413672.9	3527335697.0	6688688666.3
6803000000.0	5593097911.5	3527607081.1	6689669390.6
6804000000.0	5593782116.3	3527878427.2	6690650114.2
6805000000.0	5594466287.4	3528149735.3	6691630837.1
6806000000.0	5595150424.8	3528421005.4	6692611559.2
6807000000.0	5595834528.4	3528692237.5	6693592280.5
6808000000.0	5596518598.3	3528963431.6	6694573001.1
6809000000.0	5597202634.4	3529234587.7	6695553721.0
6810000000.0	5597886636.9	3529505705.8	6696534440.1
6811000000.0	5598570605.6	3529776786.0	6697515158.4
6812000000.0	5599254540.6	3530047828.2	6698495876.0
6813000000.0	5599938441.9	3530318832.5	6699476592.9
6814000000.0	5600622309.4	3530589798.8	6700457309.0
6815000000.0	5601306143.3	3530860727.2	6701438024.3
6816000000.0	5601989943.5	3531131617.6	6702418738.9
6817000000.0	5602673709.9	3531402470.2	6703399452.7
6818000000.0	5603357442.6	3531673284.8	6704380165.8
6819000000.0	5604041141.7	3531944061.5	6705360878.1
6820000000.0	5604724807.0	3532214800.4	6706341589.7
6821000000.0	5605408438.7	3532485501.3	6707322300.5
6822000000.0	5606092036.6	3532756164.4	6708303010.6
6823000000.0	5606775600.9	3533026789.6	6709283719.9
6824000000.0	5607459131.5	3533297376.9	6710264428.5
6825000000.0	5608142628.4	3533567926.4	6711245136.3
6826000000.0	5608826091.6	3533838438.0	6712225843.4
6827000000.0	5609509521.1	3534108911.8	6713206549.7
6828000000.0	5610192916.9	3534379347.8	6714187255.2
6829000000.0	5610876279.1	3534649745.9	6715167960.1
6830000000.0	5611559607.6	3534920106.2	6716148664.1
6831000000.0	5612242902.4	3535190428.7	6717129367.4
6832000000.0	5612926163.6	3535460713.4	6718110070.0
6833000000.0	5613609391.0	3535730960.4	6719090771.8
6834000000.0	5614292584.9	3536001169.5	6720071472.8
6835000000.0	5614975745.0	3536271340.9	6721052173.1
6836000000.0	5615658871.5	3536541474.4	6722032872.7
6837000000.0	5616341964.4	3536811570.3	6723013571.5
6838000000.0	5617025023.6	3537081628.4	6723994269.5
6839000000.0	5617708049.1	3537351648.7	6724974966.8
6840000000.0	5618391041.0	3537621631.3	6725955663.3
6841000000.0	5619073999.3	3537891576.2	6726936359.1
6842000000.0	5619756923.9	3538161483.3	6727917054.2
6843000000.0	5620439814.8	3538431352.8	6728897748.4
6844000000.0	5621122672.2	3538701184.5	6729878442.0
6845000000.0	5621805495.8	3538970978.5	6730859134.7
6846000000.0	5622488285.9	3539240734.9	6731839826.8
6847000000.0	5623171042.3	3539510453.6	6732820518.0
6848000000.0	5623853765.1	3539780134.6	6733801208.6
6849000000.0	5624536454.3	3540049777.9	6734781898.3
6850000000.0	5625219109.8	3540319383.6	6735762587.3
6851000000.0	5625901731.7	3540588951.6	6736743275.6
6852000000.0	5626584320.0	3540858482.0	6737723963.1
6853000000.0	5627266874.7	3541127974.7	6738704649.9
6854000000.0	5627949395.8	3541397429.8	6739685335.9
6855000000.0	5628631883.3	3541666847.3	6740666021.2
6856000000.0	5629314337.1	3541936227.2	6741646705.7
6857000000.0	5629996757.4	3542205569.5	6742627389.4
6858000000.0	5630679144.0	3542474874.2	6743608072.4
6859000000.0	5631361497.0	3542744141.3	6744588754.7
6860000000.0	5632043816.5	3543013370.9	6745569436.2
6861000000.0	5632726102.3	3543282562.8	6746550116.9
6862000000.0	5633408354.6	3543551717.3	6747530796.9
6863000000.0	5634090573.2	3543820834.1	6748511476.2
6864000000.0	5634772758.3	3544089913.4	6749492154.6
6865000000.0	5635454909.8	3544358955.2	6750472832.4
6866000000.0	5636137027.7	3544627959.4	6751453509.4
6867000000.0	5636819112.0	3544896926.1	6752434185.6
6868000000.0	5637501162.7	3545165855.3	6753414861.1
6869000000.0	5638183179.9	3545434747.0	6754395535.8
6870000000.0	5638865163.5	3545703601.1	6755376209.8
6871000000.0	5639547113.5	3545972417.8	6756356883.0
6872000000.0	5640229029.9	3546241197.0	6757337555.5
6873000000.0	5640910912.8	3546509938.8	6758318227.2
6874000000.0	5641592762.1	3546778643.0	6759298898.2
6875000000.0	5642274577.9	3547047309.8	6760279568.4
6876000000.0	5642956360.1	3547315939.2	6761260237.9
6877000000.0	5643638108.7	3547584531.1	6762240906.6
6878000000.0	5644319823.8	3547853085.6	6763221574.6
6879000000.0	5645001505.3	3548121602.6	6764202241.8
6880000000.0	5645683153.3	3548390082.2	6765182908.2
6881000000.0	5646364767.7	3548658524.4	6766163573.9
6882000000.0	5647046348.6	3548926929.2	6767144238.9
6883000000.0	5647727895.9	3549195296.6	6768124903.1
6884000000.0	5648409409.7	3549463626.6	6769105566.5
6885000000.0	5649090890.0	3549731919.2	6770086229.2
6886000000.0	5649772336.7	3550000174.5	6771066891.2
6887000000.0	5650453749.9	3550268392.4	6772047552.4
6888000000.0	5651135129.6	3550536572.9	6773028212.8
6889000000.0	5651816475.8	3550804716.1	6774008872.5
6890000000.0	5652497788.4	3551072821.9	6774989531.5
6891000000.0	5653179067.5	3551340890.4	6775970189.6
6892000000.0	5653860313.1	3551608921.6	6776950847.1
6893000000.0	5654541525.1	3551876915.4	6777931503.8
6894000000.0	5655222703.7	3552144871.9	6778912159.7
6895000000.0	5655903848.7	3552412791.2	6779892814.9
6896000000.0	5656584960.2	3552680673.1	6780873469.3
6897000000.0	5657266038.2	3552948517.7	6781854123.0
6898000000.0	5657947082.7	3553216325.1	6782834775.9
6899000000.0	5658628093.7	3553484095.2	6783815428.1
6900000000.0	5659309071.3	3553751828.0	6784796079.5
6901000000.0	5659990015.3	3554019523.6	6785776730.2
6902000000.0	5660670925.8	3554287181.9	6786757380.1
6903000000.0	5661351802.8	3554554803.0	6787738029.2
6904000000.0	5662032646.3	3554822386.8	6788718677.7
6905000000.0	5662713456.4	3555089933.4	6789699325.3
6906000000.0	5663394232.9	3555357442.8	6790679972.2
6907000000.0	5664074976.0	3555624915.0	6791660618.4
6908000000.0	5664755685.6	3555892350.0	6792641263.8
6909000000.0	5665436361.7	3556159747.8	6793621908.4
6910000000.0	5666117004.4	3556427108.4	6794602552.3
6911000000.0	5666797613.5	3556694431.8	6795583195.5
6912000000.0	5667478189.2	3556961718.0	6796563837.9
6913000000.0	5668158731.5	3557228967.1	6797544479.5
6914000000.0	5668839240.2	3557496179.1	6798525120.4
6915000000.0	5669519715.5	3557763353.8	6799505760.6
6916000000.0	5670200157.4	3558030491.5	6800486400.0
6917000000.0	5670880565.8	3558297592.0	6801467038.6
6918000000.0	5671560940.7	3558564655.3	6802447676.5
6919000000.0	5672241282.2	3558831681.6	6803428313.6
6920000000.0	5672921590.2	3559098670.7	6804408950.0
6921000000.0	5673601864.8	3559365622.8	6805389585.6
6922000000.0	5674282105.9	3559632537.7	6806370220.5
6923000000.0	5674962313.6	3559899415.6	6807350854.6
6924000000.0	5675642487.8	3560166256.4	6808331488.0
6925000000.0	5676322628.7	3560433060.1	6809312120.6
6926000000.0	5677002736.0	3560699826.7	6810292752.5
6927000000.0	5677682810.0	3560966556.3	6811273383.6
6928000000.0	5678362850.5	3561233248.9	6812254014.0
6929000000.0	5679042857.6	3561499904.4	6813234643.6
6930000000.0	5679722831.2	3561766522.8	6814215272.5
6931000000.0	5680402771.4	3562033104.3	6815195900.6
6932000000.0	5681082678.3	3562299648.7	6816176527.9
6933000000.0	5681762551.6	3562566156.1	6817157154.5
6934000000.0	5682442391.6	3562832626.5	6818137780.4
6935000000.0	5683122198.2	3563099060.0	6819118405.5
6936000000.0	5683801971.3	3563365456.4	6820099029.9
6937000000.0	5684481711.1	3563631815.8	6821079653.5
6938000000.0	5685161417.4	3563898138.3	6822060276.3
6939000000.0	5685841090.3	3564164423.8	6823040898.4
6940000000.0	5686520729.9	3564430672.4	6824021519.7
6941000000.0	5687200336.0	3564696884.0	6825002140.3
6942000000.0	5687879908.7	3564963058.7	6825982760.2
6943000000.0	5688559448.1	3565229196.4	6826963379.3
6944000000.0	5689238954.0	3565495297.2	6827943997.6
6945000000.0	5689918426.6	3565761361.1	6828924615.2
6946000000.0	5690597865.8	3566027388.1	6829905232.0
6947000000.0	5691277271.6	3566293378.2	6830885848.1
6948000000.0	5691956644.0	3566559331.4	6831866463.4
6949000000.0	5692635983.0	3566825247.7	6832847078.0
6950000000.0	5693315288.6	3567091127.1	6833827691.8
6951000000.0	5693994560.9	3567356969.7	6834808304.9
6952000000.0	5694673799.8	3567622775.4	6835788917.2
6953000000.0	5695353005.4	3567888544.2	6836769528.8
6954000000.0	5696032177.5	3568154276.2	6837750139.6
6955000000.0	5696711316.3	3568419971.3	6838730749.7
6956000000.0	5697390421.8	3568685629.7	6839711359.0
6957000000.0	5698069493.9	3568951251.1	6840691967.6
6958000000.0	5698748532.6	3569216835.8	6841672575.4
6959000000.0	5699427538.0	3569482383.7	6842653182.4
6960000000.0	5700106510.0	3569747894.7	6843633788.7
6961000000.0	5700785448.7	3570013369.0	6844614394.3
6962000000.0	5701464354.0	3570278806.5	6845594999.1
6963000000.0	5702143226.0	3570544207.2	6846575603.1
6964000000.0	5702822064.6	3570809571.1	6847556206.4
6965000000.0	5703500869.9	3571074898.2	6848536809.0
6966000000.0	5704179641.9	3571340188.6	6849517410.8
6967000000.0	5704858380.5	3571605442.3	6850498011.8
6968000000.0	5705537085.8	3571870659.2	6851478612.1
6969000000.0	5706215757.7	3572135839.4	6852459211.7
6970000000.0	5706894396.4	3572400982.8	6853439810.4
6971000000.0	5707573001.7	3572666089.6	6854420408.5
6972000000.0	5708251573.7	3572931159.6	6855401005.8
6973000000.0	5708930112.3	3573196192.9	6856381602.3
6974000000.0	5709608617.7	3573461189.5	6857362198.1
6975000000.0	5710287089.7	3573726149.5	6858342793.1
6976000000.0	5710965528.4	3573991072.7	6859323387.4
6977000000.0	5711643933.8	3574255959.3	6860303980.9
6978000000.0	5712322305.9	3574520809.2	6861284573.7
6979000000.0	5713000644.7	3574785622.5	6862265165.7
6980000000.0	5713678950.2	3575050399.1	6863245757.0
6981000000.0	5714357222.4	3575315139.0	6864226347.5
6982000000.0	5715035461.3	3575579842.4	6865206937.2
6983000000.0	5715713666.9	3575844509.1	6866187526.3
6984000000.0	5716391839.2	3576109139.2	6867168114.5
6985000000.0	5717069978.2	3576373732.6	6868148702.0
6986000000.0	5717748083.9	3576638289.5	6869129288.8
6987000000.0	5718426156.4	3576902809.8	6870109874.8
6988000000.0	5719104195.5	3577167293.5	6871090460.1
6989000000.0	5719782201.4	3577431740.6	6872071044.6
6990000000.0	5720460174.0	3577696151.1	6873051628.3
6991000000.0	5721138113.3	3577960525.1	6874032211.3
6992000000.0	5721816019.4	3578224862.5	6875012793.5
6993000000.0	5722493892.2	3578489163.3	6875993375.0
6994000000.0	5723171731.7	3578753427.6	6876973955.8
6995000000.0	5723849537.9	3579017655.4	6877954535.8
6996000000.0	5724527310.9	3579281846.7	6878935115.0
6997000000.0	5725205050.6	3579546001.4	6879915693.5
6998000000.0	5725882757.1	3579810119.6	6880896271.2
6999000000.0	5726560430.3	3580074201.3	6881876848.2
7000000000.0	5727238070.2	3580338246.5	6882857424.5
7001000000.0	5727915676.9	3580602255.2	6883837999.9
7002000000.0	5728593250.3	3580866227.4	6884818574.7
7003000000.0	5729270790.5	3581130163.2	6885799148.6
7004000000.0	5729948297.5	3581394062.5	6886779721.9
7005000000.0	5730625771.2	3581657925.3	6887760294.3
7006000000.0	5731303211.7	3581921751.7	6888740866.1
7007000000.0	5731980618.9	3582185541.6	6889721437.0
7008000000.0	5732657992.9	3582449295.1	6890702007.3
7009000000.0	5733335333.7	3582713012.2	6891682576.7
7010000000.0	5734012641.2	3582976692.8	6892663145.4
7011000000.0	5734689915.6	3583240337.1	6893643713.4
7012000000.0	5735367156.6	3583503944.9	6894624280.6
7013000000.0	5736044364.5	3583767516.3	6895604847.1
7014000000.0	5736721539.2	3584031051.3	6896585412.8
7015000000.0	5737398680.6	3584294550.0	6897565977.7
7016000000.0	5738075788.8	3584558012.2	6898546541.9
7017000000.0	5738752863.8	3584821438.1	6899527105.4
7018000000.0	5739429905.6	3585084827.7	6900507668.1
7019000000.0	5740106914.2	3585348180.8	6901488230.0
7020000000.0	5740783889.6	3585611497.7	6902468791.2
7021000000.0	5741460831.7	3585874778.2	6903449351.7
7022000000.0	5742137740.7	3586138022.3	6904429911.4
7023000000.0	5742814616.5	3586401230.2	6905410470.3
7024000000.0	5743491459.1	3586664401.7	6906391028.5
7025000000.0	5744168268.5	3586927536.9	6907371585.9
7026000000.0	5744845044.7	3587190635.8	6908352142.6
7027000000.0	5745521787.7	3587453698.4	6909332698.5
7028000000.0	5746198497.5	3587716724.7	6910313253.7
7029000000.0	5746875174.1	3587979714.8	6911293808.2
7030000000.0	5747551817.6	3588242668.5	6912274361.8
7031000000.0	5748228427.9	3588505586.1	6913254914.8
7032000000.0	5748905005.0	3588768467.3	6914235466.9
7033000000.0	5749581548.9	3589031312.3	6915216018.4
7034000000.0	5750258059.7	3589294121.1	6916196569.0
7035000000.0	5750934537.3	3589556893.6	6917177118.9
7036000000.0	5751610981.7	3589819629.9	6918157668.1
7037000000.0	5752287393.0	3590082330.0	6919138216.5
7038000000.0	5752963771.1	3590344993.8	6920118764.2
7039000000.0	5753640116.0	3590607621.5	6921099311.1
7040000000.0	5754316427.8	3590870213.0	6922079857.3
7041000000.0	5754992706.5	3591132768.2	6923060402.7
7042000000.0	5755668951.9	3591395287.3	6924040947.3
7043000000.0	5756345164.3	3591657770.3	6925021491.2
7044000000.0	5757021343.5	3591920217.0	6926002034.4
7045000000.0	5757697489.5	3592182627.6	6926982576.8
7046000000.0	5758373602.4	3592445002.0	6927963118.4
7047000000.0	5759049682.2	3592707340.3	6928943659.3
7048000000.0	5759725728.8	3592969642.5	6929924199.5
7049000000.0	5760401742.3	3593231908.5	6930904738.9
7050000000.0	5761077722.6	3593494138.4	6931885277.5
7051000000.0	5761753669.9	3593756332.2	6932865815.4
7052000000.0	5762429584.0	3594018489.9	6933846352.5
7053000000.0	5763105465.0	3594280611.5	6934826888.9
7054000000.0	5763781312.8	3594542697.0	6935807424.6
7055000000.0	5764457127.5	3594804746.4	6936787959.4
7056000000.0	5765132909.2	3595066759.7	6937768493.6
7057000000.0	5765808657.7	3595328737.0	6938749026.9
7058000000.0	5766484373.1	3595590678.2	6939729559.6
7059000000.0	5767160055.3	3595852583.3	6940710091.4
7060000000.0	5767835704.5	3596114452.4	6941690622.6
7061000000.0	5768511320.6	3596376285.5	6942671152.9
7062000000.0	5769186903.6	3596638082.5	6943651682.6
7063000000.0	5769862453.4	3596899843.5	6944632211.4
7064000000.0	5770537970.2	3597161568.4	6945612739.5
7065000000.0	5771213453.9	3597423257.4	6946593266.9
7066000000.0	5771888904.4	3597684910.4	6947573793.5
7067000000.0	5772564321.9	3597946527.3	6948554319.4
7068000000.0	5773239706.3	3598208108.3	6949534844.5
7069000000.0	5773915057.6	3598469653.3	6950515368.9
7070000000.0	5774590375.9	3598731162.3	6951495892.5
7071000000.0	5775265661.0	3598992635.4	6952476415.3
7072000000.0	5775940913.1	3599254072.5	6953456937.4
7073000000.0	5776616132.1	3599515473.6	6954437458.8
7074000000.0	5777291318.0	3599776838.8	6955417979.4
7075000000.0	5777966470.9	3600038168.1	6956398499.2
7076000000.0	5778641590.7	3600299461.5	6957379018.3
7077000000.0	5779316677.4	3600560718.9	6958359536.7
7078000000.0	5779991731.0	3600821940.4	6959340054.2
7079000000.0	5780666751.6	3601083126.0	6960320571.1
7080000000.0	5781341739.2	3601344275.7	6961301087.2
7081000000.0	5782016693.6	3601605389.5	6962281602.5
7082000000.0	5782691615.0	3601866467.4	6963262117.1
7083000000.0	5783366503.4	3602127509.4	6964242630.9
7084000000.0	5784041358.7	3602388515.6	6965223144.0
7085000000.0	5784716181.0	3602649485.9	6966203656.3
7086000000.0	5785390970.2	3602910420.4	6967184167.9
7087000000.0	5786065726.4	3603171319.0	6968164678.7
7088000000.0	5786740449.6	3603432181.8	6969145188.8
7089000000.0	5787415139.7	3603693008.7	6970125698.1
7090000000.0	5788089796.8	3603953799.8	6971106206.7
7091000000.0	5788764420.8	3604214555.1	6972086714.5
7092000000.0	5789439011.8	3604475274.6	6973067221.6
7093000000.0	5790113569.8	3604735958.3	6974047727.9
7094000000.0	5790788094.8	3604996606.2	6975028233.5
7095000000.0	5791462586.7	3605257218.2	6976008738.3
7096000000.0	5792137045.6	3605517794.6	6976989242.3
7097000000.0	5792811471.5	3605778335.1	6977969745.7
7098000000.0	5793485864.4	3606038839.9	6978950248.2
7099000000.0	5794160224.3	3606299308.9	6979930750.0
7100000000.0	5794834551.2	3606559742.2	6980911251.1
7101000000.0	5795508845.0	3606820139.7	6981891751.4
7102000000.0	5796183105.9	3607080501.5	6982872250.9
7103000000.0	5796857333.7	3607340827.5	6983852749.7
7104000000.0	5797531528.5	3607601117.8	6984833247.8
7105000000.0	5798205690.4	3607861372.4	6985813745.1
7106000000.0	5798879819.2	3608121591.4	6986794241.6
7107000000.0	5799553915.1	3608381774.6	6987774737.4
7108000000.0	5800227978.0	3608641922.1	6988755232.4
7109000000.0	5800902007.8	3608902033.9	6989735726.7
7110000000.0	5801576004.7	3609162110.1	6990716220.3
7111000000.0	5802249968.6	3609422150.5	6991696713.0
7112000000.0	5802923899.6	3609682155.4	6992677205.1
7113000000.0	5803597797.5	3609942124.5	6993657696.4
7114000000.0	5804271662.5	3610202058.0	6994638186.9
7115000000.0	5804945494.5	3610461955.9	6995618676.7
7116000000.0	5805619293.5	3610721818.1	6996599165.7
7117000000.0	5806293059.6	3610981644.7	6997579654.0
7118000000.0	5806966792.7	3611241435.7	6998560141.5
7119000000.0	5807640492.8	3611501191.1	6999540628.3
7120000000.0	5808314159.9	3611760910.9	7000521114.3
7121000000.0	5808987794.1	3612020595.1	7001501599.5
7122000000.0	5809661395.4	3612280243.6	7002482084.1
7123000000.0	5810334963.7	3612539856.6	7003462567.8
7124000000.0	5811008499.0	3612799434.1	7004443050.8
7125000000.0	5811682001.4	3613058975.9	7005423533.1
7126000000.0	5812355470.8	3613318482.2	7006404014.6
7127000000.0	5813028907.3	3613577953.0	7007384495.4
7128000000.0	5813702310.9	3613837388.2	7008364975.4
7129000000.0	5814375681.5	3614096787.8	7009345454.6
7130000000.0	5815049019.2	3614356152.0	7010325933.1
7131000000.0	5815722323.9	3614615480.6	7011306410.9
7132000000.0	5816395595.7	3614874773.6	7012286887.9
7133000000.0	5817068834.6	3615134031.2	7013267364.1
7134000000.0	5817742040.5	3615393253.3	7014247839.6
7135000000.0	5818415213.6	3615652439.9	7015228314.3
7136000000.0	5819088353.7	3615911591.0	7016208788.3
7137000000.0	5819761460.8	3616170706.6	7017189261.6
7138000000.0	5820434535.1	3616429786.7	7018169734.1
7139000000.0	5821107576.4	3616688831.4	7019150205.8
7140000000.0	5821780584.9	3616947840.6	7020130676.8
7141000000.0	5822453560.4	3617206814.3	7021111147.0
7142000000.0	5823126503.0	3617465752.7	7022091616.5
7143000000.0	5823799412.7	3617724655.5	7023072085.2
7144000000.0	5824472289.5	3617983523.0	7024052553.2
7145000000.0	5825145133.4	3618242355.0	7025033020.4
7146000000.0	5825817944.4	3618501151.6	7026013486.9
7147000000.0	5826490722.5	3618759912.8	7026993952.6
7148000000.0	5827163467.7	3619018638.6	7027974417.6
7149000000.0	5827836180.0	3619277329.0	7028954881.8
7150000000.0	5828508859.4	3619535984.1	7029935345.3
7151000000.0	5829181506.0	3619794603.7	7030915808.0
7152000000.0	5829854119.6	3620053188.0	7031896270.0
7153000000.0	5830526700.4	3620311736.9	7032876731.2
7154000000.0	5831199248.3	3620570250.4	7033857191.6
7155000000.0	5831871763.3	3620828728.6	7034837651.3
7156000000.0	5832544245.5	3621087171.5	7035818110.3
7157000000.0	5833216694.7	3621345579.0	7036798568.5
7158000000.0	5833889111.1	3621603951.2	7037779026.0
7159000000.0	5834561494.6	3621862288.1	7038759482.7
7160000000.0	5835233845.3	3622120589.7	7039739938.6
7161000000.0	5835906163.1	3622378855.9	7040720393.8
7162000000.0	5836578448.0	3622637086.9	7041700848.3
7163000000.0	5837250700.1	3622895282.5	7042681301.9
7164000000.0	5837922919.3	3623153442.9	7043661754.9
7165000000.0	5838595105.7	3623411568.0	7044642207.1
7166000000.0	5839267259.2	3623669657.8	7045622658.5
7167000000.0	5839939379.9	3623927712.4	7046603109.2
7168000000.0	5840611467.7	3624185731.7	7047583559.1
7169000000.0	5841283522.7	3624443715.8	7048564008.3
7170000000.0	5841955544.9	3624701664.6	7049544456.8
7171000000.0	5842627534.2	3624959578.2	7050524904.4
7172000000.0	5843299490.6	3625217456.6	7051505351.4
7173000000.0	5843971414.2	3625475299.7	7052485797.6
7174000000.0	5844643305.0	3625733107.6	7053466243.0
7175000000.0	5845315163.0	3625990880.4	7054446687.7
7176000000.0	5845986988.2	3626248617.9	7055427131.6
7177000000.0	5846658780.5	3626506320.2	7056407574.8
7178000000.0	5847330540.0	3626763987.4	7057388017.2
7179000000.0	5848002266.6	3627021619.4	7058368458.8
7180000000.0	5848673960.5	3627279216.2	7059348899.8
7181000000.0	5849345621.5	3627536777.8	7060329339.9
7182000000.0	5850017249.8	3627794304.3	7061309779.3
7183000000.0	5850688845.2	3628051795.7	7062290218.0
7184000000.0	5851360407.8	3628309251.9	7063270655.9
7185000000.0	5852031937.6	3628566672.9	7064251093.1
7186000000.0	5852703434.6	3628824058.9	7065231529.5
7187000000.0	5853374898.8	3629081409.7	7066211965.1
7188000000.0	5854046330.2	3629338725.4	7067192400.0
7189000000.0	5854717728.9	3629596006.0	7068172834.2
7190000000.0	5855389094.7	3629853251.5	7069153267.6
7191000000.0	5856060427.7	3630110462.0	7070133700.2
7192000000.0	5856731727.9	3630367637.3	7071114132.1
7193000000.0	5857402995.4	3630624777.6	7072094563.3
7194000000.0	5858074230.1	3630881882.8	7073074993.7
7195000000.0	5858745431.9	3631138952.9	7074055423.3
7196000000.0	5859416601.1	3631395988.0	7075035852.2
7197000000.0	5860087737.4	3631652988.0	7076016280.3
7198000000.0	5860758840.9	3631909953.0	7076996707.7
7199000000.0	5861429911.7	3632166883.0	7077977134.4
7200000000.0	5862100949.7	3632423777.9	7078957560.2
7201000000.0	5862771955.0	3632680637.8	7079937985.4
7202000000.0	5863442927.5	3632937462.7	7080918409.7
7203000000.0	5864113867.2	3633194252.6	7081898833.4
7204000000.0	5864784774.2	3633451007.5	7082879256.3
7205000000.0	5865455648.4	3633707727.5	7083859678.4
7206000000.0	5866126489.8	3633964412.4	7084840099.8
7207000000.0	5866797298.5	3634221062.3	7085820520.4
7208000000.0	5867468074.5	3634477677.3	7086800940.2
7209000000.0	5868138817.7	3634734257.4	7087781359.4
7210000000.0	5868809528.1	3634990802.4	7088761777.7
7211000000.0	5869480205.9	3635247312.6	7089742195.3
7212000000.0	5870150850.8	3635503787.8	7090722612.2
7213000000.0	5870821463.1	3635760228.0	7091703028.3
7214000000.0	5871492042.6	3636016633.3	7092683443.7
7215000000.0	5872162589.3	3636273003.8	7093663858.3
7216000000.0	5872833103.4	3636529339.3	7094644272.1
7217000000.0	5873503584.7	3636785639.9	7095624685.2
7218000000.0	5874174033.3	3637041905.6	7096605097.6
7219000000.0	5874844449.1	3637298136.4	7097585509.2
7220000000.0	5875514832.2	3637554332.3	7098565920.1
7221000000.0	5876185182.7	3637810493.4	7099546330.2
7222000000.0	5876855500.4	3638066619.5	7100526739.5
7223000000.0	5877525785.4	3638322710.9	7101507148.1
7224000000.0	5878196037.6	3638578767.3	7102487555.9
7225000000.0	5878866257.2	3638834789.0	7103467963.0
7226000000.0	5879536444.1	3639090775.7	7104448369.4
7227000000.0	5880206598.2	3639346727.7	7105428775.0
7228000000.0	5880876719.7	3639602644.8	7106409179.8
7229000000.0	5881546808.4	3639858527.1	7107389583.9
7230000000.0	5882216864.5	3640114374.6	7108369987.2
7231000000.0	5882886887.8	3640370187.3	7109350389.8
7232000000.0	5883556878.5	3640625965.2	7110330791.6
7233000000.0	5884226836.5	3640881708.3	7111311192.7
7234000000.0	5884896761.8	3641137416.6	7112291593.0
7235000000.0	5885566654.4	3641393090.2	7113271992.6
7236000000.0	5886236514.3	3641648728.9	7114252391.4
7237000000.0	5886906341.5	3641904332.9	7115232789.5
7238000000.0	5887576136.1	3642159902.2	7116213186.8
7239000000.0	5888245898.0	3642415436.7	7117193583.4
7240000000.0	5888915627.2	3642670936.5	7118173979.2
7241000000.0	5889585323.7	3642926401.5	7119154374.3
7242000000.0	5890254987.6	3643181831.8	7120134768.6
7243000000.0	5890924618.8	3643437227.4	7121115162.2
7244000000.0	5891594217.4	3643692588.3	7122095555.0
7245000000.0	5892263783.2	3643947914.5	7123075947.0
7246000000.0	5892933316.5	3644203206.0	7124056338.3
7247000000.0	5893602817.0	3644458462.7	7125036728.9
7248000000.0	5894272284.9	3644713684.8	7126017118.7
7249000000.0	5894941720.2	3644968872.3	7126997507.8
7250000000.0	5895611122.8	3645224025.0	7127977896.1
7251000000.0	5896280492.8	3645479143.1	7128958283.6
7252000000.0	5896949830.1	3645734226.6	7129938670.4
7253000000.0	5897619134.8	3645989275.3	7130919056.5
7254000000.0	5898288406.8	3646244289.5	7131899441.7
7255000000.0	5898957646.2	3646499269.0	7132879826.3
7256000000.0	5899626853.0	3646754213.9	7133860210.1
7257000000.0	5900296027.1	3647009124.2	7134840593.1
7258000000.0	5900965168.6	3647263999.8	7135820975.4
7259000000.0	5901634277.5	3647518840.9	7136801357.0
7260000000.0	5902303353.7	3647773647.3	7137781737.7
7261000000.0	5902972397.3	3648028419.2	7138762117.8
7262000000.0	5903641408.3	3648283156.4	7139742497.1
7263000000.0	5904310386.7	3648537859.1	7140722875.6
7264000000.0	5904979332.5	3648792527.2	7141703253.4
7265000000.0	5905648245.6	3649047160.8	7142683630.4
7266000000.0	5906317126.2	3649301759.8	7143664006.7
7267000000.0	5906985974.1	3649556324.2	7144644382.2
7268000000.0	5907654789.4	3649810854.1	7145624757.0
7269000000.0	5908323572.2	3650065349.5	7146605131.0
7270000000.0	5908992322.3	3650319810.4	7147585504.3
7271000000.0	5909661039.8	3650574236.7	7148565876.8
7272000000.0	5910329724.7	3650828628.5	7149546248.5
7273000000.0	5910998377.1	3651082985.8	7150526619.6
7274000000.0	5911666996.8	3651337308.6	7151506989.8
7275000000.0	5912335584.0	3651591596.9	7152487359.3
7276000000.0	5913004138.5	3651845850.7	7153467728.1
7277000000.0	5913672660.5	3652100070.0	7154448096.1
7278000000.0	5914341149.9	3652354254.9	7155428463.4
7279000000.0	5915009606.7	3652608405.3	7156408829.9
7280000000.0	5915678030.9	3652862521.2	7157389195.6
7281000000.0	5916346422.6	3653116602.7	7158369560.6
7282000000.0	5917014781.7	3653370649.8	7159349924.9
7283000000.0	5917683108.2	3653624662.4	7160330288.4
7284000000.0	5918351402.1	3653878640.6	7161310651.1
7285000000.0	5919019663.5	3654132584.3	7162291013.1
7286000000.0	5919687892.3	3654386493.7	7163271374.4
7287000000.0	5920356088.6	3654640368.6	7164251734.8
7288000000.0	5921024252.3	3654894209.1	7165232094.6
7289000000.0	5921692383.4	3655148015.2	7166212453.6
7290000000.0	5922360482.0	3655401787.0	7167192811.8
7291000000.0	5923028548.0	3655655524.3	7168173169.3
7292000000.0	5923696581.5	3655909227.3	7169153526.0
7293000000.0	5924364582.5	3656162895.9	7170133882.0
7294000000.0	5925032550.9	3656416530.2	7171114237.3
7295000000.0	5925700486.7	3656670130.1	7172094591.7
7296000000.0	5926368390.0	3656923695.6	7173074945.5
7297000000.0	5927036260.8	3657177226.9	7174055298.4
7298000000.0	5927704099.0	3657430723.7	7175035650.7
7299000000.0	5928371904.7	3657684186.3	7176016002.1
7300000000.0	5929039677.9	3657937614.5	7176996352.9
7301000000.0	5929707418.6	3658191008.5	7177976702.8
7302000000.0	5930375126.7	3658444368.1	7178957052.0
7303000000.0	5931042802.3	3658697693.4	7179937400.5
7304000000.0	5931710445.4	3658950984.5	7180917748.2
7305000000.0	5932378055.9	3659204241.2	7181898095.2
7306000000.0	5933045634.0	3659457463.7	7182878441.4
7307000000.0	5933713179.5	3659710651.9	7183858786.9
7308000000.0	5934380692.5	3659963805.8	7184839131.6
7309000000.0	5935048173.0	3660216925.5	7185819475.5
7310000000.0	5935715621.0	3660470010.9	7186799818.7
7311000000.0	5936383036.5	3660723062.1	7187780161.2
7312000000.0	5937050419.5	3660976079.1	7188760502.9
7313000000.0	5937717770.0	3661229061.8	7189740843.9
7314000000.0	5938385088.0	3661482010.3	7190721184.1
7315000000.0	5939052373.5	3661734924.6	7191701523.5
7316000000.0	5939719626.5	3661987804.7	7192681862.2
7317000000.0	5940386847.0	3662240650.6	7193662200.1
7318000000.0	5941054035.1	3662493462.3	7194642537.3
7319000000.0	5941721190.6	3662746239.8	7195622873.8
7320000000.0	5942388313.7	3662998983.1	7196603209.5
7321000000.0	5943055404.3	3663251692.3	7197583544.4
7322000000.0	5943722462.4	3663504367.2	7198563878.6
7323000000.0	5944389488.0	3663757008.1	7199544212.0
7324000000.0	5945056481.2	3664009614.7	7200524544.7
7325000000.0	5945723441.9	3664262187.3	7201504876.7
7326000000.0	5946390370.1	3664514725.7	7202485207.8
7327000000.0	5947057265.8	3664767229.9	7203465538.3
7328000000.0	5947724129.1	3665019700.1	7204445868.0
7329000000.0	5948390959.9	3665272136.1	7205426196.9
7330000000.0	5949057758.3	3665524538.0	7206406525.1
7331000000.0	5949724524.2	3665776905.8	7207386852.5
7332000000.0	5950391257.7	3666029239.5	7208367179.2
7333000000.0	5951057958.7	3666281539.1	7209347505.1
7334000000.0	5951724627.2	3666533804.7	7210327830.2
7335000000.0	5952391263.3	3666786036.1	7211308154.7
7336000000.0	5953057867.0	3667038233.5	7212288478.3
7337000000.0	5953724438.2	3667290396.8	7213268801.2
7338000000.0	5954390977.0	3667542526.1	7214249123.4
7339000000.0	5955057483.3	3667794621.3	7215229444.8
7340000000.0	5955723957.3	3668046682.5	7216209765.5
7341000000.0	5956390398.7	3668298709.7	7217190085.4
7342000000.0	5957056807.8	3668550702.8	7218170404.5
7343000000.0	5957723184.4	3668802661.9	7219150722.9
7344000000.0	5958389528.6	3669054587.0	7220131040.6
7345000000.0	5959055840.3	3669306478.1	7221111357.5
7346000000.0	5959722119.7	3669558335.1	7222091673.7
7347000000.0	5960388366.6	3669810158.2	7223071989.1
7348000000.0	5961054581.1	3670061947.3	7224052303.7
7349000000.0	5961720763.2	3670313702.4	7225032617.6
7350000000.0	5962386912.9	3670565423.6	7226012930.7
7351000000.0	5963053030.2	3670817110.8	7226993243.1
7352000000.0	5963719115.0	3671068764.0	7227973554.8
7353000000.0	5964385167.5	3671320383.3	7228953865.7
7354000000.0	5965051187.5	3671571968.6	7229934175.8
7355000000.0	5965717175.2	3671823520.0	7230914485.2
7356000000.0	5966383130.5	3672075037.4	7231894793.8
7357000000.0	5967049053.3	3672326521.0	7232875101.7
7358000000.0	5967714943.8	3672577970.6	7233855408.9
7359000000.0	5968380801.9	3672829386.3	7234835715.2
7360000000.0	5969046627.6	3673080768.1	7235816020.9
7361000000.0	5969712420.9	3673332116.0	7236796325.7
7362000000.0	5970378181.8	3673583430.0	7237776629.9
7363000000.0	5971043910.4	3673834710.2	7238756933.2
7364000000.0	5971709606.5	3674085956.4	7239737235.9
7365000000.0	5972375270.3	3674337168.8	7240717537.7
7366000000.0	5973040901.7	3674588347.3	7241697838.9
7367000000.0	5973706500.8	3674839492.0	7242678139.2
7368000000.0	5974372067.4	3675090602.8	7243658438.9
7369000000.0	5975037601.7	3675341679.8	7244638737.7
7370000000.0	5975703103.7	3675592722.9	7245619035.8
7371000000.0	5976368573.3	3675843732.2	7246599333.2
7372000000.0	5977034010.5	3676094707.7	7247579629.8
7373000000.0	5977699415.3	3676345649.4	7248559925.7
7374000000.0	5978364787.9	3676596557.2	7249540220.8
7375000000.0	5979030128.0	3676847431.3	7250520515.1
7376000000.0	5979695435.8	3677098271.6	7251500808.7
7377000000.0	5980360711.3	3677349078.1	7252481101.6
7378000000.0	5981025954.4	3677599850.8	7253461393.7
7379000000.0	5981691165.1	3677850589.7	7254441685.1
7380000000.0	5982356343.6	3678101294.9	7255421975.7
7381000000.0	5983021489.7	3678351966.3	7256402265.5
7382000000.0	5983686603.4	3678602603.9	7257382554.6
7383000000.0	5984351684.8	3678853207.8	7258362842.9
7384000000.0	5985016733.9	3679103778.0	7259343130.5
7385000000.0	5985681750.7	3679354314.4	7260323417.4
7386000000.0	5986346735.1	3679604817.1	7261303703.5
7387000000.0	5987011687.2	3679855286.1	7262283988.8
7388000000.0	5987676607.0	3680105721.4	7263264273.4
7389000000.0	5988341494.5	3680356122.9	7264244557.2
7390000000.0	5989006349.6	3680606490.8	7265224840.3
7391000000.0	5989671172.4	3680856825.0	7266205122.7
7392000000.0	5990335962.9	3681107125.5	7267185404.2
7393000000.0	5991000721.2	3681357392.3	7268165685.1
7394000000.0	5991665447.1	3681607625.4	7269145965.1
7395000000.0	5992330140.6	3681857824.9	7270126244.5
7396000000.0	5992994801.9	3682107990.7	7271106523.0
7397000000.0	5993659430.9	3682358122.9	7272086800.9
7398000000.0	5994324027.6	3682608221.4	7273067077.9
7399000000.0	5994988592.0	3682858286.3	7274047354.3
7400000000.0	5995653124.1	3683108317.5	7275027629.8
7401000000.0	5996317623.9	3683358315.1	7276007904.7
7402000000.0	5996982091.5	3683608279.1	7276988178.7
7403000000.0	5997646526.7	3683858209.5	7277968452.0
7404000000.0	5998310929.6	3684108106.3	7278948724.6
7405000000.0	5998975300.3	3684357969.5	7279928996.4
7406000000.0	5999639638.7	3684607799.1	7280909267.5
7407000000.0	6000303944.8	3684857595.2	7281889537.8
7408000000.0	6000968218.6	3685107357.6	7282869807.3
7409000000.0	6001632460.2	3685357086.5	7283850076.2
7410000000.0	6002296669.5	3685606781.8	7284830344.2
7411000000.0	6002960846.5	3685856443.6	7285810611.5
7412000000.0	6003624991.3	3686106071.8	7286790878.1
7413000000.0	6004289103.8	3686355666.4	7287771143.9
7414000000.0	6004953184.0	3686605227.6	7288751408.9
7415000000.0	6005617232.0	3686854755.2	7289731673.2
7416000000.0	6006281247.7	3687104249.2	7290711936.8
7417000000.0	6006945231.2	3687353709.8	7291692199.6
7418000000.0	6007609182.4	3687603136.8	7292672461.6
7419000000.0	6008273101.4	3687852530.4	7293652722.9
7420000000.0	6008936988.1	3688101890.5	7294632983.4
7421000000.0	6009600842.6	3688351217.0	7295613243.2
7422000000.0	6010264664.8	3688600510.1	7296593502.3
7423000000.0	6010928454.8	3688849769.7	7297573760.6
7424000000.0	6011592212.5	3689098995.8	7298554018.1
7425000000.0	6012255938.1	3689348188.5	7299534274.9
7426000000.0	6012919631.4	3689597347.7	7300514530.9
7427000000.0	6013583292.4	3689846473.5	7301494786.2
7428000000.0	6014246921.2	3690095565.8	7302475040.7
7429000000.0	6014910517.8	3690344624.7	7303455294.5
7430000000.0	6015574082.2	3690593650.2	7304435547.5
7431000000.0	6016237614.4	3690842642.3	7305415799.8
7432000000.0	6016901114.3	3691091600.9	7306396051.3
7433000000.0	6017564582.0	3691340526.1	7307376302.1
7434000000.0	6018228017.6	3691589417.9	7308356552.1
7435000000.0	6018891420.9	3691838276.4	7309336801.4
7436000000.0	6019554792.0	3692087101.4	7310317049.9
7437000000.0	6020218130.8	3692335893.1	7311297297.7
7438000000.0	6020881437.5	3692584651.3	7312277544.7
7439000000.0	6021544712.0	3692833376.3	7313257790.9
7440000000.0	6022207954.3	3693082067.8	7314238036.5
7441000000.0	6022871164.3	3693330726.0	7315218281.2
7442000000.0	6023534342.2	3693579350.9	7316198525.2
7443000000.0	6024197487.9	3693827942.4	7317178768.5
7444000000.0	6024860601.4	3694076500.6	7318159011.0
7445000000.0	6025523682.7	3694325025.4	7319139252.7
7446000000.0	6026186731.9	3694573517.0	7320119493.7
7447000000.0	6026849748.8	3694821975.2	7321099734.0
7448000000.0	6027512733.6	3695070400.1	7322079973.5
7449000000.0	6028175686.2	3695318791.7	7323060212.2
7450000000.0	6028838606.6	3695567150.0	7324040450.2
7451000000.0	6029501494.8	3695815475.0	7325020687.5
7452000000.0	6030164350.9	3696063766.8	7326000924.0
7453000000.0	6030827174.7	3696312025.3	7326981159.7
7454000000.0	6031489966.5	3696560250.5	7327961394.7
7455000000.0	6032152726.0	3696808442.4	7328941629.0
7456000000.0	6032815453.4	3697056601.1	7329921862.5
7457000000.0	6033478148.7	3697304726.5	7330902095.2
7458000000.0	6034140811.7	3697552818.7	7331882327.2
7459000000.0	6034803442.7	3697800877.7	7332862558.4
7460000000.0	6035466041.4	3698048903.5	7333842788.9
7461000000.0	6036128608.1	3698296896.0	7334823018.6
7462000000.0	6036791142.5	3698544855.3	7335803247.6
7463000000.0	6037453644.9	3698792781.4	7336783475.8
7464000000.0	6038116115.0	3699040674.3	7337763703.3
7465000000.0	6038778553.1	3699288534.0	7338743930.0
7466000000.0	6039440959.0	3699536360.5	7339724156.0
7467000000.0	6040103332.8	3699784153.9	7340704381.2
7468000000.0	6040765674.4	3700031914.0	7341684605.7
7469000000.0	6041427983.9	3700279641.0	7342664829.4
7470000000.0	6042090261.3	3700527334.9	7343645052.4
7471000000.0	6042752506.5	3700774995.6	7344625274.6
7472000000.0	6043414719.6	3701022623.1	7345605496.1
7473000000.0	6044076900.6	3701270217.5	7346585716.8
7474000000.0	6044739049.5	3701517778.8	7347565936.8
7475000000.0	6045401166.3	3701765306.9	7348546156.0
7476000000.0	6046063250.9	3702012801.9	7349526374.4
7477000000.0	6046725303.4	3702260263.8	7350506592.1
7478000000.0	6047387323.8	3702507692.6	7351486809.1
7479000000.0	6048049312.2	3702755088.3	7352467025.3
7480000000.0	6048711268.4	3703002450.9	7353447240.8
7481000000.0	6049373192.5	3703249780.4	7354427455.5
7482000000.0	6050035084.5	3703497076.8	7355407669.4
7483000000.0	6050696944.4	3703744340.2	7356387882.6
7484000000.0	6051358772.2	3703991570.5	7357368095.1
7485000000.0	6052020567.9	3704238767.7	7358348306.8
7486000000.0	6052682331.5	3704485931.9	7359328517.7
7487000000.0	6053344063.0	3704733063.0	7360308727.9
7488000000.0	6054005762.4	3704980161.1	7361288937.4
7489000000.0	6054667429.8	3705227226.2	7362269146.1
7490000000.0	6055329065.1	3705474258.2	7363249354.0
7491000000.0	6055990668.3	3705721257.2	7364229561.2
7492000000.0	6056652239.4	3705968223.2	7365209767.6
7493000000.0	6057313778.4	3706215156.2	7366189973.3
7494000000.0	6057975285.4	3706462056.2	7367170178.2
7495000000.0	6058636760.2	3706708923.2	7368150382.4
7496000000.0	6059298203.1	3706955757.2	7369130585.9
7497000000.0	6059959613.8	3707202558.2	7370110788.5
7498000000.0	6060620992.5	3707449326.2	7371090990.5
7499000000.0	6061282339.1	3707696061.3	7372071191.7
7500000000.0	6061943653.7	3707942763.4	7373051392.1
7501000000.0	6062604936.2	3708189432.6	7374031591.8
7502000000.0	6063266186.7	3708436068.8	7375011790.7
7503000000.0	6063927405.1	3708682672.1	7375991988.9
7504000000.0	6064588591.4	3708929242.4	7376972186.3
7505000000.0	6065249745.7	3709175779.8	7377952382.9
7506000000.0	6065910868.0	3709422284.3	7378932578.9
7507000000.0	6066571958.2	3709668755.9	7379912774.0
7508000000.0	6067233016.4	3709915194.5	7380892968.4
7509000000.0	6067894042.5	3710161600.3	7381873162.1
7510000000.0	6068555036.6	3710407973.1	7382853355.0
7511000000.0	6069215998.7	3710654313.1	7383833547.2
7512000000.0	6069876928.7	3710900620.2	7384813738.6
7513000000.0	6070537826.7	3711146894.4	7385793929.3
7514000000.0	6071198692.7	3711393135.8	7386774119.2
7515000000.0	6071859526.7	3711639344.3	7387754308.3
7516000000.0	6072520328.6	3711885519.9	7388734496.7
7517000000.0	6073181098.5	3712131662.7	7389714684.4
7518000000.0	6073841836.4	3712377772.6	7390694871.3
7519000000.0	6074502542.3	3712623849.7	7391675057.4
7520000000.0	6075163216.2	3712869894.0	7392655242.8
7521000000.0	6075823858.0	3713115905.4	7393635427.5
7522000000.0	6076484467.9	3713361884.0	7394615611.4
7523000000.0	6077145045.7	3713607829.9	7395595794.5
7524000000.0	6077805591.6	3713853742.9	7396575976.9
7525000000.0	6078466105.4	3714099623.1	7397556158.6
7526000000.0	6079126587.2	3714345470.5	7398536339.5
7527000000.0	6079787037.1	3714591285.2	7399516519.6
7528000000.0	6080447454.9	3714837067.1	7400496699.0
7529000000.0	6081107840.8	3715082816.2	7401476877.6
7530000000.0	6081768194.6	3715328532.5	7402457055.5
7531000000.0	6082428516.5	3715574216.1	7403437232.6
7532000000.0	6083088806.4	3715819866.9	7404417409.0
7533000000.0	6083749064.3	3716065485.0	7405397584.7
7534000000.0	6084409290.2	3716311070.3	7406377759.5
7535000000.0	6085069484.2	3716556622.9	7407357933.7
7536000000.0	6085729646.2	3716802142.8	7408338107.0
7537000000.0	6086389776.2	3717047630.0	7409318279.7
7538000000.0	6087049874.2	3717293084.5	7410298451.6
7539000000.0	6087709940.3	3717538506.2	7411278622.7
7540000000.0	6088369974.4	3717783895.3	7412258793.0
7541000000.0	6089029976.5	3718029251.6	7413238962.7
7542000000.0	6089689946.7	3718274575.3	7414219131.5
7543000000.0	6090349884.9	3718519866.3	7415199299.7
7544000000.0	6091009791.1	3718765124.6	7416179467.0
7545000000.0	6091669665.4	3719010350.3	7417159633.6
7546000000.0	6092329507.8	3719255543.3	7418139799.5
7547000000.0	6092989318.2	3719500703.6	7419119964.6
7548000000.0	6093649096.6	3719745831.3	7420100129.0
7549000000.0	6094308843.1	3719990926.4	7421080292.6
7550000000.0	6094968557.7	3720235988.8	7422060455.5
7551000000.0	6095628240.3	3720481018.6	7423040617.6
7552000000.0	6096287891.0	3720726015.8	7424020778.9
7553000000.0	6096947509.7	3720970980.4	7425000939.5
7554000000.0	6097607096.5	3721215912.3	7425981099.4
7555000000.0	6098266651.4	3721460811.7	7426961258.5
7556000000.0	6098926174.3	3721705678.5	7427941416.8
7557000000.0	6099585665.4	3721950512.6	7428921574.4
7558000000.0	6100245124.5	3722195314.2	7429901731.3
7559000000.0	6100904551.6	3722440083.3	7430881887.4
7560000000.0	6101563946.9	3722684819.7	7431862042.7
7561000000.0	6102223310.2	3722929523.6	7432842197.3
7562000000.0	6102882641.6	3723174194.9	7433822351.2
7563000000.0	6103541941.1	3723418833.7	7434802504.3
7564000000.0	6104201208.7	3723663440.0	7435782656.6
7565000000.0	6104860444.4	3723908013.7	7436762808.2
7566000000.0	6105519648.2	3724152554.9	7437742959.0
7567000000.0	6106178820.1	3724397063.5	7438723109.1
7568000000.0	6106837960.1	3724641539.7	7439703258.4
7569000000.0	6107497068.1	3724885983.3	7440683407.0
7570000000.0	6108156144.3	3725130394.4	7441663554.9
7571000000.0	6108815188.6	3725374773.1	7442643701.9
7572000000.0	6109474201.0	3725619119.2	7443623848.3
7573000000.0	6110133181.5	3725863432.9	7444603993.8
7574000000.0	6110792130.1	3726107714.0	7445584138.7
7575000000.0	6111451046.8	3726351962.7	7446564282.8
7576000000.0	6112109931.7	3726596179.0	7447544426.1
7577000000.0	6112768784.7	3726840362.8	7448524568.7
7578000000.0	6113427605.7	3727084514.1	7449504710.5
7579000000.0	6114086395.0	3727328633.0	7450484851.5
7580000000.0	6114745152.3	3727572719.5	7451464991.9
7581000000.0	6115403877.8	3727816773.5	7452445131.4
7582000000.0	6116062571.4	3728060795.1	7453425270.2
7583000000.0	6116721233.1	3728304784.2	7454405408.3
7584000000.0	6117379863.0	3728548741.0	7455385545.6
7585000000.0	6118038461.0	3728792665.4	7456365682.2
7586000000.0	6118697027.1	3729036557.3	7457345818.0
7587000000.0	6119355561.4	3729280416.9	7458325953.1
7588000000.0	6120014063.8	3729524244.1	7459306087.4
7589000000.0	6120672534.4	3729768038.9	7460286220.9
7590000000.0	6121330973.1	3730011801.3	7461266353.7
7591000000.0	6121989380.0	3730255531.3	7462246485.8
7592000000.0	6122647755.0	3730499229.0	7463226617.1
7593000000.0	6123306098.2	3730742894.4	7464206747.6
7594000000.0	6123964409.6	3730986527.4	7465186877.4
7595000000.0	6124622689.1	3731230128.0	7466167006.5
7596000000.0	6125280936.8	3731473696.3	7467147134.8
7597000000.0	6125939152.6	3731717232.3	7468127262.3
7598000000.0	6126597336.6	3731960736.0	7469107389.1
7599000000.0	6127255488.8	3732204207.3	7470087515.2
7600000000.0	6127913609.1	3732447646.3	7471067640.5
7601000000.0	6128571697.6	3732691053.1	7472047765.0
7602000000.0	6129229754.3	3732934427.5	7473027888.8
7603000000.0	6129887779.2	3733177769.7	7474008011.9
7604000000.0	6130545772.3	3733421079.5	7474988134.1
7605000000.0	6131203733.5	3733664357.1	7475968255.7
7606000000.0	6131861663.0	3733907602.4	7476948376.5
7607000000.0	6132519560.6	3734150815.5	7477928496.5
7608000000.0	6133177426.4	3734393996.3	7478908615.8
7609000000.0	6133835260.4	3734637144.8	7479888734.3
7610000000.0	6134493062.6	3734880261.1	7480868852.1
7611000000.0	6135150833.0	3735123345.2	7481848969.1
7612000000.0	6135808571.6	3735366397.0	7482829085.4
7613000000.0	6136466278.4	3735609416.6	7483809200.9
7614000000.0	6137123953.4	3735852403.9	7484789315.7
7615000000.0	6137781596.6	3736095359.1	7485769429.7
7616000000.0	6138439208.0	3736338282.1	7486749543.0
7617000000.0	6139096787.6	3736581172.8	7487729655.5
7618000000.0	6139754335.5	3736824031.4	7488709767.3
7619000000.0	6140411851.6	3737066857.8	7489689878.3
7620000000.0	6141069335.8	3737309652.0	7490669988.6
7621000000.0	6141726788.3	3737552414.0	7491650098.1
7622000000.0	6142384209.1	3737795143.8	7492630206.9
7623000000.0	6143041598.0	3738037841.5	7493610314.9
7624000000.0	6143698955.2	3738280507.0	7494590422.1
7625000000.0	6144356280.6	3738523140.4	7495570528.6
7626000000.0	6145013574.2	3738765741.7	7496550634.4
7627000000.0	6145670836.1	3739008310.8	7497530739.4
7628000000.0	6146328066.2	3739250847.7	7498510843.7
7629000000.0	6146985264.6	3739493352.6	7499490947.2
7630000000.0	6147642431.2	3739735825.3	7500471049.9
7631000000.0	6148299566.0	3739978266.0	7501451151.9
7632000000.0	6148956669.1	3740220674.5	7502431253.2
7633000000.0	6149613740.4	3740463050.9	7503411353.7
7634000000.0	6150270780.0	3740705395.2	7504391453.4
7635000000.0	6150927787.8	3740947707.5	7505371552.4
7636000000.0	6151584763.9	3741189987.6	7506351650.7
7637000000.0	6152241708.3	3741432235.7	7507331748.2
7638000000.0	6152898620.9	3741674451.7	7508311844.9
7639000000.0	6153555501.8	3741916635.7	7509291940.9
7640000000.0	6154212350.9	3742158787.6	7510272036.2
7641000000.0	6154869168.3	3742400907.5	7511252130.7
7642000000.0	6155525954.0	3742642995.3	7512232224.4
7643000000.0	6156182707.9	3742885051.1	7513212317.4
7644000000.0	6156839430.1	3743127074.8	7514192409.6
7645000000.0	6157496120.6	3743369066.6	7515172501.1
7646000000.0	6158152779.4	3743611026.3	7516152591.8
7647000000.0	6158809406.5	3743852954.0	7517132681.8
7648000000.0	6159466001.8	3744094849.7	7518112771.1
7649000000.0	6160122565.4	3744336713.4	7519092859.5
7650000000.0	6160779097.3	3744578545.2	7520072947.3
7651000000.0	6161435597.5	3744820344.9	7521053034.2
7652000000.0	6162092066.0	3745062112.7	7522033120.5
7653000000.0	6162748502.8	3745303848.5	7523013206.0
7654000000.0	6163404907.9	3745545552.3	7523993290.7
7655000000.0	6164061281.3	3745787224.2	7524973374.6
7656000000.0	6164717622.9	3746028864.1	7525953457.9
7657000000.0	6165373932.9	3746270472.0	7526933540.3
7658000000.0	6166030211.2	3746512048.1	7527913622.1
7659000000.0	6166686457.8	3746753592.2	7528893703.0
7660000000.0	6167342672.7	3746995104.3	7529873783.2
7661000000.0	6167998856.0	3747236584.6	7530853862.7
7662000000.0	6168655007.5	3747478032.9	7531833941.4
7663000000.0	6169311127.4	3747719449.4	7532814019.4
7664000000.0	6169967215.5	3747960833.9	7533794096.6
7665000000.0	6170623272.0	3748202186.5	7534774173.1
7666000000.0	6171279296.9	3748443507.3	7535754248.8
7667000000.0	6171935290.0	3748684796.1	7536734323.7
7668000000.0	6172591251.5	3748926053.1	7537714397.9
7669000000.0	6173247181.3	3749167278.2	7538694471.4
7670000000.0	6173903079.4	3749408471.5	7539674544.1
7671000000.0	6174558945.9	3749649632.9	7540654616.1
7672000000.0	6175214780.7	3749890762.4	7541634687.3
7673000000.0	6175870583.9	3750131860.1	7542614757.7
7674000000.0	6176526355.4	3750372926.0	7543594827.4
7675000000.0	6177182095.2	3750613960.0	7544574896.4
7676000000.0	6177837803.4	3750854962.2	7545554964.6
7677000000.0	6178493480.0	3751095932.6	7546535032.0
7678000000.0	6179149124.9	3751336871.2	7547515098.7
7679000000.0	6179804738.1	3751577778.0	7548495164.6
7680000000.0	6180460319.7	3751818652.9	7549475229.8
7681000000.0	6181115869.7	3752059496.1	7550455294.3
7682000000.0	6181771388.0	3752300307.5	7551435358.0
7683000000.0	6182426874.7	3752541087.1	7552415420.9
7684000000.0	6183082329.7	3752781834.9	7553395483.1
7685000000.0	6183737753.2	3753022551.0	7554375544.5
7686000000.0	6184393145.0	3753263235.3	7555355605.2
7687000000.0	6185048505.1	3753503887.8	7556335665.2
7688000000.0	6185703833.7	3753744508.6	7557315724.3
7689000000.0	6186359130.6	3753985097.6	7558295782.8
7690000000.0	6187014395.9	3754225654.9	7559275840.4
7691000000.0	6187669629.5	3754466180.5	7560255897.4
7692000000.0	6188324831.6	3754706674.4	7561235953.6
7693000000.0	6188980002.1	3754947136.5	7562216009.0
7694000000.0	6189635140.9	3755187566.9	7563196063.7
7695000000.0	6190290248.1	3755427965.6	7564176117.6
7696000000.0	6190945323.7	3755668332.7	7565156170.8
7697000000.0	6191600367.7	3755908668.0	7566136223.2
7698000000.0	6192255380.2	3756148971.6	7567116274.8
7699000000.0	6192910361.0	3756389243.6	7568096325.8
7700000000.0	6193565310.2	3756629483.8	7569076375.9
7701000000.0	6194220227.8	3756869692.5	7570056425.4
7702000000.0	6194875113.8	3757109869.4	7571036474.0
7703000000.0	6195529968.3	3757350014.7	7572016521.9
7704000000.0	6196184791.1	3757590128.3	7572996569.1
7705000000.0	6196839582.4	3757830210.3	7573976615.5
7706000000.0	6197494342.0	3758070260.7	7574956661.2
7707000000.0	6198149070.1	3758310279.4	7575936706.1
7708000000.0	6198803766.6	3758550266.5	7576916750.2
7709000000.0	6199458431.6	3758790222.0	7577896793.6
7710000000.0	6200113064.9	3759030145.9	7578876836.3
7711000000.0	6200767666.7	3759270038.2	7579856878.2
7712000000.0	6201422237.0	3759509898.8	7580836919.4
7713000000.0	6202076775.6	3759749727.9	7581816959.8
7714000000.0	6202731282.7	3759989525.4	7582796999.4
7715000000.0	6203385758.2	3760229291.3	7583777038.3
7716000000.0	6204040202.2	3760469025.6	7584757076.5
7717000000.0	6204694614.6	3760708728.4	7585737113.9
7718000000.0	6205348995.4	3760948399.6	7586717150.5
7719000000.0	6206003344.7	3761188039.3	7587697186.4
7720000000.0	6206657662.4	3761427647.4	7588677221.6
7721000000.0	6207311948.6	3761667223.9	7589657255.9
7722000000.0	6207966203.3	3761906768.9	7590637289.6
7723000000.0	6208620426.4	3762146282.4	7591617322.5
7724000000.0	6209274617.9	3762385764.4	7592597354.6
7725000000.0	6209928777.9	3762625214.8	7593577386.0
7726000000.0	6210582906.4	3762864633.7	7594557416.6
7727000000.0	6211237003.3	3763104021.2	7595537446.5
7728000000.0	6211891068.7	3763343377.1	7596517475.7
7729000000.0	6212545102.6	3763582701.5	7597497504.1
7730000000.0	6213199105.0	3763821994.5	7598477531.7
7731000000.0	6213853075.8	3764061255.9	7599457558.6
7732000000.0	6214507015.1	3764300485.9	7600437584.7
7733000000.0	6215160922.8	3764539684.4	7601417610.1
7734000000.0	6215814799.1	3764778851.5	7602397634.7
7735000000.0	6216468643.8	3765017987.1	7603377658.6
7736000000.0	6217122457.0	3765257091.2	7604357681.7
7737000000.0	6217776238.7	3765496163.9	7605337704.1
7738000000.0	6218429988.9	3765735205.2	7606317725.7
7739000000.0	6219083707.6	3765974215.0	7607297746.6
7740000000.0	6219737394.8	3766213193.4	7608277766.7
7741000000.0	6220391050.5	3766452140.4	7609257786.1
7742000000.0	6221044674.6	3766691056.0	7610237804.7
7743000000.0	6221698267.3	3766929940.1	7611217822.6
7744000000.0	6222351828.5	3767168792.9	7612197839.7
7745000000.0	6223005358.1	3767407614.3	7613177856.0
7746000000.0	6223658856.3	3767646404.3	7614157871.6
7747000000.0	6224312323.0	3767885162.9	7615137886.5
7748000000.0	6224965758.2	3768123890.1	7616117900.6
7749000000.0	6225619161.9	3768362586.0	7617097914.0
7750000000.0	6226272534.2	3768601250.5	7618077926.6
7751000000.0	6226925874.9	3768839883.6	7619057938.5
7752000000.0	6227579184.2	3769078485.4	7620037949.6
7753000000.0	6228232462.0	3769317055.8	7621017959.9
7754000000.0	6228885708.3	3769555594.9	7621997969.5
7755000000.0	6229538923.2	3769794102.7	7622977978.4
7756000000.0	6230192106.6	3770032579.1	7623957986.5
7757000000.0	6230845258.5	3770271024.2	7624937993.8
7758000000.0	6231498378.9	3770509438.0	7625918000.4
7759000000.0	6232151467.9	3770747820.5	7626898006.3
7760000000.0	6232804525.4	3770986171.7	7627878011.4
7761000000.0	6233457551.5	3771224491.6	7628858015.7
7762000000.0	6234110546.1	3771462780.3	7629838019.3
7763000000.0	6234763509.3	3771701037.6	7630818022.2
7764000000.0	6235416441.0	3771939263.6	7631798024.3
7765000000.0	6236069341.2	3772177458.4	7632778025.6
7766000000.0	6236722210.0	3772415621.9	7633758026.2
7767000000.0	6237375047.4	3772653754.2	7634738026.0
7768000000.0	6238027853.3	3772891855.2	7635718025.1
7769000000.0	6238680627.8	3773129925.0	7636698023.5
7770000000.0	6239333370.8	3773367963.5	7637678021.0
7771000000.0	6239986082.4	3773605970.8	7638658017.9
7772000000.0	6240638762.6	3773843946.8	7639638014.0
7773000000.0	6241291411.3	3774081891.6	7640618009.3
7774000000.0	6241944028.6	3774319805.3	7641598003.9
7775000000.0	6242596614.5	3774557687.7	7642577997.7
7776000000.0	6243249169.0	3774795538.9	7643557990.8
7777000000.0	6243901692.0	3775033358.9	7644537983.1
7778000000.0	6244554183.6	3775271147.7	7645517974.7
7779000000.0	6245206643.8	3775508905.3	7646497965.5
7780000000.0	6245859072.6	3775746631.8	7647477955.6
7781000000.0	6246511470.0	3775984327.1	7648457944.9
7782000000.0	6247163835.9	3776221991.2	7649437933.5
7783000000.0	6247816170.5	3776459624.1	7650417921.3
7784000000.0	6248468473.6	3776697225.9	7651397908.4
7785000000.0	6249120745.3	3776934796.6	7652377894.7
7786000000.0	6249772985.7	3777172336.1	7653357880.3
7787000000.0	6250425194.6	3777409844.5	7654337865.1
7788000000.0	6251077372.1	3777647321.7	7655317849.1
7789000000.0	6251729518.3	3777884767.8	7656297832.5
7790000000.0	6252381633.0	3778122182.8	7657277815.0
7791000000.0	6253033716.4	3778359566.7	7658257796.8
7792000000.0	6253685768.4	3778596919.5	7659237777.9
7793000000.0	6254337788.9	3778834241.2	7660217758.2
7794000000.0	6254989778.1	3779071531.8	7661197737.8
7795000000.0	6255641736.0	3779308791.3	7662177716.6
7796000000.0	6256293662.4	3779546019.7	7663157694.6
7797000000.0	6256945557.5	3779783217.1	7664137671.9
7798000000.0	6257597421.2	3780020383.3	7665117648.5
7799000000.0	6258249253.5	3780257518.6	7666097624.3
7800000000.0	6258901054.4	3780494622.7	7667077599.4
7801000000.0	6259552824.0	3780731695.8	7668057573.7
7802000000.0	6260204562.2	3780968737.9	7669037547.2
7803000000.0	6260856269.1	3781205748.9	7670017520.0
7804000000.0	6261507944.5	3781442728.9	7670997492.1
7805000000.0	6262159588.7	3781679677.9	7671977463.3
7806000000.0	6262811201.4	3781916595.8	7672957433.9
7807000000.0	6263462782.9	3782153482.8	7673937403.7
7808000000.0	6264114332.9	3782390338.7	7674917372.7
7809000000.0	6264765851.6	3782627163.6	7675897341.0
7810000000.0	6265417339.0	3782863957.6	7676877308.6
7811000000.0	6266068795.0	3783100720.5	7677857275.4
7812000000.0	6266720219.7	3783337452.5	7678837241.4
7813000000.0	6267371613.1	3783574153.5	7679817206.7
7814000000.0	6268022975.1	3783810823.5	7680797171.2
7815000000.0	6268674305.7	3784047462.5	7681777135.0
7816000000.0	6269325605.1	3784284070.6	7682757098.0
7817000000.0	6269976873.0	3784520647.7	7683737060.3
7818000000.0	6270628109.7	3784757193.9	7684717021.9
7819000000.0	6271279315.1	3784993709.2	7685696982.6
7820000000.0	6271930489.1	3785230193.5	7686676942.7
7821000000.0	6272581631.8	3785466646.9	7687656901.9
7822000000.0	6273232743.1	3785703069.3	7688636860.5
7823000000.0	6273883823.2	3785939460.9	7689616818.3
7824000000.0	6274534871.9	3786175821.5	7690596775.3
7825000000.0	6275185889.4	3786412151.2	7691576731.6
7826000000.0	6275836875.5	3786648450.1	7692556687.1
7827000000.0	6276487830.3	3786884718.0	7693536641.9
7828000000.0	6277138753.8	3787120955.1	7694516595.9
7829000000.0	6277789646.0	3787357161.2	7695496549.1
7830000000.0	6278440506.9	3787593336.5	7696476501.7
7831000000.0	6279091336.5	3787829481.0	7697456453.4
7832000000.0	6279742134.7	3788065594.5	7698436404.4
7833000000.0	6280392901.7	3788301677.2	7699416354.7
7834000000.0	6281043637.5	3788537729.1	7700396304.2
7835000000.0	6281694341.9	3788773750.1	7701376253.0
7836000000.0	6282345015.0	3789009740.3	7702356201.0
7837000000.0	6282995656.8	3789245699.6	7703336148.3
7838000000.0	6283646267.4	3789481628.2	7704316094.8
7839000000.0	6284296846.7	3789717525.9	7705296040.5
7840000000.0	6284947394.6	3789953392.8	7706275985.5
7841000000.0	6285597911.4	3790189228.8	7707255929.8
7842000000.0	6286248396.8	3790425034.1	7708235873.3
7843000000.0	6286898851.0	3790660808.6	7709215816.1
7844000000.0	6287549273.9	3790896552.3	7710195758.1
7845000000.0	6288199665.5	3791132265.2	7711175699.3
7846000000.0	6288850025.8	3791367947.3	7712155639.8
7847000000.0	6289500354.9	3791603598.7	7713135579.6
7848000000.0	6290150652.8	3791839219.3	7714115518.6
7849000000.0	6290800919.3	3792074809.1	7715095456.8
7850000000.0	6291451154.7	3792310368.2	7716075394.3
7851000000.0	6292101358.7	3792545896.6	7717055331.1
7852000000.0	6292751531.5	3792781394.2	7718035267.1
7853000000.0	6293401673.1	3793016861.0	7719015202.3
7854000000.0	6294051783.4	3793252297.2	7719995136.8
7855000000.0	6294701862.5	3793487702.6	7720975070.5
7856000000.0	6295351910.3	3793723077.2	7721955003.5
7857000000.0	6296001926.9	3793958421.2	7722934935.8
7858000000.0	6296651912.2	3794193734.5	7723914867.3
7859000000.0	6297301866.3	3794429017.1	7724894798.0
7860000000.0	6297951789.2	3794664269.0	7725874728.0
7861000000.0	6298601680.8	3794899490.2	7726854657.2
7862000000.0	6299251541.2	3795134680.7	7727834585.7
7863000000.0	6299901370.4	3795369840.5	7728814513.4
7864000000.0	6300551168.4	3795604969.7	7729794440.4
7865000000.0	6301200935.1	3795840068.2	7730774366.7
7866000000.0	6301850670.6	3796075136.0	7731754292.1
7867000000.0	6302500374.9	3796310173.2	7732734216.9
7868000000.0	6303150048.0	3796545179.8	7733714140.9
7869000000.0	6303799689.8	3796780155.7	7734694064.1
7870000000.0	6304449300.5	3797015101.0	7735673986.6
7871000000.0	6305098879.9	3797250015.6	7736653908.3
7872000000.0	6305748428.1	3797484899.7	7737633829.3
7873000000.0	6306397945.1	3797719753.1	7738613749.5
7874000000.0	6307047431.0	3797954575.9	7739593669.0
7875000000.0	6307696885.6	3798189368.1	7740573587.7
7876000000.0	6308346309.0	3798424129.7	7741553505.6
7877000000.0	6308995701.2	3798658860.7	7742533422.9
7878000000.0	6309645062.3	3798893561.1	7743513339.3
7879000000.0	6310294392.1	3799128231.0	7744493255.0
7880000000.0	6310943690.7	3799362870.3	7745473170.0
7881000000.0	6311592958.2	3799597479.0	7746453084.2
7882000000.0	6312242194.5	3799832057.1	7747432997.7
7883000000.0	6312891399.6	3800066604.7	7748412910.4
7884000000.0	6313540573.5	3800301121.7	7749392822.4
7885000000.0	6314189716.2	3800535608.2	7750372733.6
7886000000.0	6314838827.8	3800770064.2	7751352644.0
7887000000.0	6315487908.1	3801004489.6	7752332553.7
7888000000.0	6316136957.3	3801238884.5	7753312462.7
7889000000.0	6316785975.4	3801473248.9	7754292370.9
7890000000.0	6317434962.3	3801707582.8	7755272278.4
7891000000.0	6318083918.0	3801941886.2	7756252185.1
7892000000.0	6318732842.5	3802176159.0	7757232091.0
7893000000.0	6319381735.9	3802410401.4	7758211996.2
7894000000.0	6320030598.1	3802644613.3	7759191900.7
7895000000.0	6320679429.2	3802878794.7	7760171804.4
7896000000.0	6321328229.1	3803112945.6	7761151707.3
7897000000.0	6321976997.9	3803347066.0	7762131609.5
7898000000.0	6322625735.5	3803581156.0	7763111511.0
7899000000.0	6323274442.0	3803815215.5	7764091411.7
7900000000.0	6323923117.3	3804049244.6	7765071311.6
7901000000.0	6324571761.5	3804283243.2	7766051210.8
7902000000.0	6325220374.5	3804517211.4	7767031109.3
7903000000.0	6325868956.4	3804751149.1	7768011007.0
7904000000.0	6326517507.2	3804985056.4	7768990903.9
7905000000.0	6327166026.8	3805218933.3	7769970800.1
7906000000.0	6327814515.3	3805452779.7	7770950695.5
7907000000.0	6328462972.7	3805686595.8	7771930590.2
7908000000.0	6329111398.9	3805920381.4	7772910484.1
7909000000.0	6329759794.0	3806154136.7	7773890377.3
7910000000.0	6330408158.0	3806387861.5	7774870269.8
7911000000.0	6331056490.9	3806621556.0	7775850161.5
7912000000.0	6331704792.7	3806855220.0	7776830052.4
7913000000.0	6332353063.3	3807088853.7	7777809942.6
7914000000.0	6333001302.9	3807322457.1	7778789832.0
7915000000.0	6333649511.3	3807556030.0	7779769720.7
7916000000.0	6334297688.6	3807789572.6	7780749608.6
7917000000.0	6334945834.8	3808023084.9	7781729495.8
7918000000.0	6335593949.9	3808256566.8	7782709382.2
7919000000.0	6336242033.9	3808490018.3	7783689267.9
7920000000.0	6336890086.8	3808723439.6	7784669152.8
7921000000.0	6337538108.6	3808956830.5	7785649037.0
7922000000.0	6338186099.3	3809190191.0	7786628920.4
7923000000.0	6338834058.9	3809423521.3	7787608803.1
7924000000.0	6339481987.4	3809656821.2	7788588685.0
7925000000.0	6340129884.9	3809890090.9	7789568566.2
7926000000.0	6340777751.2	3810123330.2	7790548446.6
7927000000.0	6341425586.5	3810356539.2	7791528326.3
7928000000.0	6342073390.6	3810589718.0	7792508205.2
7929000000.0	6342721163.7	3810822866.5	7793488083.3
7930000000.0	6343368905.8	3811055984.6	7794467960.8
7931000000.0	6344016616.7	3811289072.6	7795447837.4
7932000000.0	6344664296.6	3811522130.2	7796427713.3
7933000000.0	6345311945.4	3811755157.6	7797407588.5
7934000000.0	6345959563.1	3811988154.8	7798387462.9
7935000000.0	6346607149.8	3812221121.7	7799367336.6
7936000000.0	6347254705.4	3812454058.3	7800347209.5
7937000000.0	6347902229.9	3812686964.8	7801327081.6
7938000000.0	6348549723.4	3812919840.9	7802306953.0
7939000000.0	6349197185.8	3813152686.9	7803286823.7
7940000000.0	6349844617.2	3813385502.7	7804266693.6
7941000000.0	6350492017.5	3813618288.2	7805246562.8
7942000000.0	6351139386.8	3813851043.5	7806226431.2
7943000000.0	6351786725.0	3814083768.7	7807206298.8
7944000000.0	6352434032.1	3814316463.6	7808186165.7
7945000000.0	6353081308.3	3814549128.4	7809166031.9
7946000000.0	6353728553.4	3814781762.9	7810145897.3
7947000000.0	6354375767.4	3815014367.3	7811125761.9
7948000000.0	6355022950.4	3815246941.6	7812105625.8
7949000000.0	6355670102.4	3815479485.6	7813085489.0
7950000000.0	6356317223.3	3815711999.5	7814065351.4
7951000000.0	6356964313.2	3815944483.3	7815045213.0
7952000000.0	6357611372.1	3816176936.9	7816025073.9
7953000000.0	6358258399.9	3816409360.3	7817004934.0
7954000000.0	6358905396.8	3816641753.6	7817984793.4
7955000000.0	6359552362.6	3816874116.8	7818964652.1
7956000000.0	6360199297.4	3817106449.9	7819944510.0
7957000000.0	6360846201.1	3817338752.8	7820924367.1
7958000000.0	6361493073.9	3817571025.7	7821904223.5
7959000000.0	6362139915.6	3817803268.4	7822884079.1
7960000000.0	6362786726.4	3818035481.0	7823863934.0
7961000000.0	6363433506.1	3818267663.6	7824843788.1
7962000000.0	6364080254.8	3818499816.0	7825823641.5
7963000000.0	6364726972.5	3818731938.4	7826803494.2
7964000000.0	6365373659.2	3818964030.7	7827783346.0
7965000000.0	6366020314.9	3819196092.9	7828763197.2
7966000000.0	6366666939.6	3819428125.1	7829743047.5
7967000000.0	6367313533.4	3819660127.2	7830722897.2
7968000000.0	6367960096.1	3819892099.2	7831702746.1
7969000000.0	6368606627.8	3820124041.2	7832682594.2
7970000000.0	6369253128.6	3820355953.1	7833662441.6
7971000000.0	6369899598.3	3820587835.1	7834642288.2
7972000000.0	6370546037.1	3820819686.9	7835622134.1
7973000000.0	6371192444.9	3821051508.8	7836601979.2
7974000000.0	6371838821.7	3821283300.7	7837581823.5
7975000000.0	6372485167.5	3821515062.5	7838561667.2
7976000000.0	6373131482.4	3821746794.3	7839541510.0
7977000000.0	6373777766.3	3821978496.1	7840521352.2
7978000000.0	6374424019.2	3822210168.0	7841501193.5
7979000000.0	6375070241.2	3822441809.8	7842481034.1
7980000000.0	6375716432.2	3822673421.6	7843460874.0
7981000000.0	6376362592.2	3822905003.5	7844440713.1
7982000000.0	6377008721.2	3823136555.4	7845420551.5
7983000000.0	6377654819.3	3823368077.4	7846400389.1
7984000000.0	6378300886.5	3823599569.3	7847380226.0
7985000000.0	6378946922.7	3823831031.4	7848360062.1
7986000000.0	6379592927.9	3824062463.4	7849339897.4
7987000000.0	6380238902.2	3824293865.6	7850319732.0
7988000000.0	6380884845.5	3824525237.8	7851299565.9
7989000000.0	6381530757.9	3824756580.0	7852279399.0
7990000000.0	6382176639.4	3824987892.4	7853259231.4
7991000000.0	6382822489.9	3825219174.8	7854239063.0
7992000000.0	6383468309.4	3825450427.3	7855218893.8
7993000000.0	6384114098.1	3825681649.9	7856198723.9
7994000000.0	6384759855.8	3825912842.6	7857178553.3
7995000000.0	6385405582.5	3826144005.4	7858158381.9
7996000000.0	6386051278.4	3826375138.3	7859138209.7
7997000000.0	6386696943.3	3826606241.3	7860118036.8
7998000000.0	6387342577.2	3826837314.5	7861097863.2
7999000000.0	6387988180.3	3827068357.7	7862077688.8
8000000000.0	6388633752.4	3827299371.1	7863057513.6
8001000000.0	6389279293.6	3827530354.7	7864037337.7
8002000000.0	6389924803.9	3827761308.4	7865017161.1
8003000000.0	6390570283.3	3827992232.2	7865996983.7
8004000000.0	6391215731.8	3828223126.2	7866976805.5
8005000000.0	6391861149.3	3828453990.4	7867956626.6
8006000000.0	6392506536.0	3828684824.7	7868936447.0
8007000000.0	6393151891.7	3828915629.2	7869916266.5
8008000000.0	6393797216.6	3829146403.8	7870896085.4
8009000000.0	6394442510.5	3829377148.7	7871875903.5
8010000000.0	6395087773.5	3829607863.8	7872855720.8
8011000000.0	6395733005.7	3829838549.0	7873835537.4
8012000000.0	6396378206.9	3830069204.4	7874815353.2
8013000000.0	6397023377.3	3830299830.1	7875795168.3
8014000000.0	6397668516.7	3830530426.0	7876774982.7
8015000000.0	6398313625.3	3830760992.1	7877754796.2
8016000000.0	6398958703.0	3830991528.4	7878734609.1
8017000000.0	6399603749.8	3831222034.9	7879714421.2
8018000000.0	6400248765.7	3831452511.7	7880694232.5
8019000000.0	6400893750.8	3831682958.7	7881674043.1
8020000000.0	6401538704.9	3831913376.0	7882653852.9
8021000000.0	6402183628.2	3832143763.5	7883633662.0
8022000000.0	6402828520.6	3832374121.3	7884613470.3
8023000000.0	6403473382.2	3832604449.4	7885593277.9
8024000000.0	6404118212.9	3832834747.7	7886573084.7
8025000000.0	6404763012.7	3833065016.3	7887552890.8
8026000000.0	6405407781.6	3833295255.2	7888532696.1
8027000000.0	6406052519.7	3833525464.3	7889512500.7
8028000000.0	6406697226.9	3833755643.8	7890492304.5
8029000000.0	6407341903.3	3833985793.6	7891472107.6
8030000000.0	6407986548.8	3834215913.6	7892451909.9
8031000000.0	6408631163.5	3834446004.0	7893431711.4
8032000000.0	6409275747.3	3834676064.7	7894411512.3
8033000000.0	6409920300.2	3834906095.7	7895391312.3
8034000000.0	6410564822.4	3835136097.1	7896371111.6
8035000000.0	6411209313.6	3835366068.8	7897350910.2
8036000000.0	6411853774.1	3835596010.8	7898330708.0
8037000000.0	6412498203.7	3835825923.2	7899310505.1
8038000000.0	6413142602.4	3836055805.9	7900290301.4
8039000000.0	6413786970.3	3836285659.0	7901270097.0
8040000000.0	6414431307.4	3836515482.4	7902249891.8
8041000000.0	6415075613.7	3836745276.2	7903229685.8
8042000000.0	6415719889.1	3836975040.4	7904209479.1
8043000000.0	6416364133.7	3837204775.0	7905189271.7
8044000000.0	6417008347.5	3837434479.9	7906169063.5
8045000000.0	6417652530.4	3837664155.3	7907148854.6
8046000000.0	6418296682.6	3837893801.0	7908128644.9
8047000000.0	6418940803.9	3838123417.1	7909108434.4
8048000000.0	6419584894.4	3838353003.7	7910088223.2
8049000000.0	6420228954.1	3838582560.7	7911068011.3
8050000000.0	6420872983.0	3838812088.1	7912047798.6
8051000000.0	6421516981.0	3839041585.9	7913027585.1
8052000000.0	6422160948.3	3839271054.1	7914007370.9
8053000000.0	6422804884.7	3839500492.8	7914987156.0
8054000000.0	6423448790.4	3839729901.9	7915966940.3
8055000000.0	6424092665.3	3839959281.5	7916946723.8
8056000000.0	6424736509.3	3840188631.5	7917926506.6
8057000000.0	6425380322.6	3840417952.0	7918906288.7
8058000000.0	6426024105.1	3840647243.0	7919886070.0
8059000000.0	6426667856.7	3840876504.4	7920865850.5
8060000000.0	6427311577.6	3841105736.3	7921845630.3
8061000000.0	6427955267.7	3841334938.7	7922825409.3
8062000000.0	6428598927.1	3841564111.6	7923805187.6
8063000000.0	6429242555.6	3841793255.0	7924784965.2
8064000000.0	6429886153.4	3842022368.9	7925764742.0
8065000000.0	6430529720.3	3842251453.2	7926744518.0
8066000000.0	6431173256.6	3842480508.1	7927724293.3
8067000000.0	6431816762.0	3842709533.5	7928704067.8
8068000000.0	6432460236.6	3842938529.5	7929683841.6
8069000000.0	6433103680.5	3843167495.9	7930663614.6
8070000000.0	6433747093.7	3843396432.9	7931643386.9
8071000000.0	6434390476.0	3843625340.5	7932623158.5
8072000000.0	6435033827.6	3843854218.5	7933602929.2
8073000000.0	6435677148.5	3844083067.2	7934582699.3
8074000000.0	6436320438.6	3844311886.4	7935562468.6
8075000000.0	6436963697.9	3844540676.1	7936542237.1
8076000000.0	6437606926.5	3844769436.4	7937522004.9
8077000000.0	6438250124.3	3844998167.3	7938501771.9
8078000000.0	6438893291.3	3845226868.8	7939481538.2
8079000000.0	6439536427.7	3845455540.9	7940461303.7
8080000000.0	6440179533.3	3845684183.5	7941441068.5
8081000000.0	6440822608.1	3845912796.8	7942420832.5
8082000000.0	6441465652.2	3846141380.6	7943400595.8
8083000000.0	6442108665.6	3846369935.1	7944380358.3
8084000000.0	6442751648.2	3846598460.2	7945360120.1
8085000000.0	6443394600.1	3846826955.9	7946339881.1
8086000000.0	6444037521.2	3847055422.2	7947319641.4
8087000000.0	6444680411.7	3847283859.1	7948299400.9
8088000000.0	6445323271.4	3847512266.7	7949279159.6
8089000000.0	6445966100.4	3847740645.0	7950258917.7
8090000000.0	6446608898.6	3847968993.8	7951238674.9
8091000000.0	6447251666.2	3848197313.4	7952218431.4
8092000000.0	6447894403.0	3848425603.6	7953198187.2
8093000000.0	6448537109.1	3848653864.4	7954177942.2
8094000000.0	6449179784.5	3848882095.9	7955157696.5
8095000000.0	6449822429.1	3849110298.1	7956137450.0
8096000000.0	6450465043.1	3849338471.0	7957117202.8
8097000000.0	6451107626.4	3849566614.6	7958096954.8
8098000000.0	6451750178.9	3849794728.9	7959076706.0
8099000000.0	6452392700.8	3850022813.8	7960056456.5
8100000000.0	6453035191.9	3850250869.5	7961036206.3
8101000000.0	6453677652.4	3850478895.9	7962015955.3
8102000000.0	6454320082.2	3850706893.0	7962995703.6
8103000000.0	6454962481.2	3850934860.8	7963975451.1
8104000000.0	6455604849.6	3851162799.3	7964955197.8
8105000000.0	6456247187.3	3851390708.6	7965934943.8
8106000000.0	6456889494.3	3851618588.6	7966914689.1
8107000000.0	6457531770.6	3851846439.4	7967894433.6
8108000000.0	6458174016.2	3852074260.9	7968874177.3
8109000000.0	6458816231.2	3852302053.1	7969853920.3
8110000000.0	6459458415.4	3852529816.2	7970833662.6
8111000000.0	6460100569.0	3852757549.9	7971813404.1
8112000000.0	6460742691.9	3852985254.5	7972793144.8
8113000000.0	6461384784.2	3853212929.8	7973772884.8
8114000000.0	6462026845.8	3853440576.0	7974752624.1
8115000000.0	6462668876.7	3853668192.9	7975732362.6
8116000000.0	6463310876.9	3853895780.6	7976712100.3
8117000000.0	6463952846.5	3854123339.1	7977691837.3
8118000000.0	6464594785.4	3854350868.4	7978671573.6
8119000000.0	6465236693.7	3854578368.5	7979651309.0
8120000000.0	6465878571.3	3854805839.5	7980631043.8
8121000000.0	6466520418.2	3855033281.2	7981610777.8
8122000000.0	6467162234.5	3855260693.8	7982590511.0
8123000000.0	6467804020.2	3855488077.2	7983570243.5
8124000000.0	6468445775.2	3855715431.5	7984549975.2
8125000000.0	6469087499.5	3855942756.6	7985529706.2
8126000000.0	6469729193.3	3856170052.6	7986509436.5
8127000000.0	6470370856.3	3856397319.4	7987489166.0
8128000000.0	6471012488.8	3856624557.1	7988468894.7
8129000000.0	6471654090.6	3856851765.6	7989448622.7
8130000000.0	6472295661.7	3857078945.0	7990428349.9
8131000000.0	6472937202.2	3857306095.3	7991408076.4
8132000000.0	6473578712.1	3857533216.5	7992387802.1
8133000000.0	6474220191.4	3857760308.6	7993367527.1
8134000000.0	6474861640.1	3857987371.6	7994347251.3
8135000000.0	6475503058.1	3858214405.4	7995326974.8
8136000000.0	6476144445.5	3858441410.2	7996306697.5
8137000000.0	6476785802.3	3858668385.9	7997286419.5
8138000000.0	6477427128.4	3858895332.5	7998266140.7
8139000000.0	6478068424.0	3859122250.0	7999245861.2
8140000000.0	6478709688.9	3859349138.5	8000225580.9
8141000000.0	6479350923.2	3859575997.9	8001205299.9
8142000000.0	6479992127.0	3859802828.2	8002185018.1
8143000000.0	6480633300.1	3860029629.5	8003164735.6
8144000000.0	6481274442.6	3860256401.7	8004144452.3
8145000000.0	6481915554.5	3860483144.9	8005124168.3
8146000000.0	6482556635.8	3860709859.1	8006103883.5
8147000000.0	6483197686.5	3860936544.2	8007083598.0
8148000000.0	6483838706.6	3861163200.3	8008063311.7
8149000000.0	6484479696.1	3861389827.4	8009043024.7
8150000000.0	6485120655.1	3861616425.4	8010022736.9
8151000000.0	6485761583.4	3861842994.5	8011002448.4
8152000000.0	6486402481.1	3862069534.5	8011982159.1
8153000000.0	6487043348.3	3862296045.6	8012961869.0
8154000000.0	6487684184.9	3862522527.6	8013941578.3
8155000000.0	6488324990.9	3862748980.7	8014921286.7
8156000000.0	6488965766.3	3862975404.8	8015900994.4
8157000000.0	6489606511.2	3863201799.9	8016880701.4
8158000000.0	6490247225.5	3863428166.0	8017860407.6
8159000000.0	6490887909.2	3863654503.2	8018840113.1
8160000000.0	6491528562.3	3863880811.4	8019819817.8
8161000000.0	6492169184.9	3864107090.7	8020799521.7
8162000000.0	6492809776.9	3864333341.0	8021779224.9
8163000000.0	6493450338.4	3864559562.3	8022758927.4
8164000000.0	6494090869.3	3864785754.8	8023738629.1
8165000000.0	6494731369.6	3865011918.3	8024718330.1
8166000000.0	6495371839.4	3865238052.8	8025698030.3
8167000000.0	6496012278.6	3865464158.5	8026677729.7
8168000000.0	6496652687.3	3865690235.2	8027657428.4
8169000000.0	6497293065.4	3865916283.1	8028637126.4
8170000000.0	6497933413.0	3866142302.0	8029616823.6
8171000000.0	6498573730.0	3866368292.0	8030596520.0
8172000000.0	6499214016.5	3866594253.1	8031576215.7
8173000000.0	6499854272.4	3866820185.4	8032555910.7
8174000000.0	6500494497.8	3867046088.8	8033535604.9
8175000000.0	6501134692.7	3867271963.2	8034515298.3
8176000000.0	6501774857.0	3867497808.9	8035494991.0
8177000000.0	6502414990.8	3867723625.6	8036474683.0
8178000000.0	6503055094.1	3867949413.5	8037454374.2
8179000000.0	6503695166.9	3868175172.5	8038434064.6
8180000000.0	6504335209.1	3868400902.7	8039413754.3
8181000000.0	6504975220.8	3868626604.1	8040393443.2
8182000000.0	6505615202.0	3868852276.6	8041373131.4
8183000000.0	6506255152.6	3869077920.3	8042352818.9
8184000000.0	6506895072.8	3869303535.1	8043332505.6
8185000000.0	6507534962.4	3869529121.1	8044312191.5
8186000000.0	6508174821.5	3869754678.4	8045291876.7
8187000000.0	6508814650.2	3869980206.8	8046271561.1
8188000000.0	6509454448.3	3870205706.4	8047251244.8
8189000000.0	6510094215.9	3870431177.2	8048230927.7
8190000000.0	6510733952.9	3870656619.2	8049210609.9
8191000000.0	6511373659.5	3870882032.4	8050190291.4
8192000000.0	6512013335.6	3871107416.8	8051169972.1
8193000000.0	6512652981.2	3871332772.5	8052149652.0
8194000000.0	6513292596.3	3871558099.4	8053129331.2
8195000000.0	6513932180.9	3871783397.5	8054109009.6
8196000000.0	6514571735.1	3872008666.9	8055088687.3
8197000000.0	6515211258.7	3872233907.5	8056068364.2
8198000000.0	6515850751.8	3872459119.3	8057048040.4
8199000000.0	6516490214.5	3872684302.5	8058027715.8
8200000000.0	6517129646.7	3872909456.8	8059007390.5
8201000000.0	6517769048.4	3873134582.5	8059987064.4
8202000000.0	6518408419.6	3873359679.4	8060966737.6
8203000000.0	6519047760.4	3873584747.6	8061946410.0
8204000000.0	6519687070.6	3873809787.1	8062926081.7
8205000000.0	6520326350.4	3874034797.9	8063905752.6
8206000000.0	6520965599.8	3874259779.9	8064885422.8
8207000000.0	6521604818.6	3874484733.3	8065865092.2
8208000000.0	6522244007.0	3874709658.0	8066844760.9
8209000000.0	6522883165.0	3874934553.9	8067824428.8
8210000000.0	6523522292.5	3875159421.2	8068804096.0
8211000000.0	6524161389.5	3875384259.9	8069783762.4
8212000000.0	6524800456.1	3875609069.8	8070763428.1
8213000000.0	6525439492.2	3875833851.1	8071743093.0
8214000000.0	6526078497.9	3876058603.7	8072722757.2
8215000000.0	6526717473.1	3876283327.7	8073702420.6
8216000000.0	6527356417.9	3876508023.0	8074682083.2
8217000000.0	6527995332.2	3876732689.7	8075661745.2
8218000000.0	6528634216.1	3876957327.7	8076641406.3
8219000000.0	6529273069.5	3877181937.1	8077621066.7
8220000000.0	6529911892.5	3877406517.9	8078600726.4
8221000000.0	6530550685.1	3877631070.0	8079580385.3
8222000000.0	6531189447.2	3877855593.5	8080560043.5
8223000000.0	6531828178.9	3878080088.4	8081539700.9
8224000000.0	6532466880.2	3878304554.8	8082519357.5
8225000000.0	6533105551.1	3878528992.5	8083499013.5
8226000000.0	6533744191.5	3878753401.6	8084478668.6
8227000000.0	6534382801.5	3878977782.1	8085458323.0
8228000000.0	6535021381.1	3879202134.0	8086437976.7
8229000000.0	6535659930.2	3879426457.4	8087417629.6
8230000000.0	6536298449.0	3879650752.2	8088397281.7
8231000000.0	6536936937.3	3879875018.4	8089376933.1
8232000000.0	6537575395.2	3880099256.0	8090356583.8
8233000000.0	6538213822.8	3880323465.1	8091336233.7
8234000000.0	6538852219.9	3880547645.7	8092315882.9
8235000000.0	6539490586.6	3880771797.7	8093295531.3
8236000000.0	6540128922.9	3880995921.1	8094275178.9
8237000000.0	6540767228.7	3881220016.1	8095254825.8
8238000000.0	6541405504.2	3881444082.4	8096234472.0
8239000000.0	6542043749.3	3881668120.3	8097214117.4
8240000000.0	6542681964.1	3881892129.7	8098193762.0
8241000000.0	6543320148.4	3882116110.5	8099173405.9
8242000000.0	6543958302.3	3882340062.8	8100153049.1
8243000000.0	6544596425.8	3882563986.6	8101132691.5
8244000000.0	6545234519.0	3882787882.0	8102112333.1
8245000000.0	6545872581.7	3883011748.8	8103091974.0
8246000000.0	6546510614.1	3883235587.1	8104071614.1
8247000000.0	6547148616.1	3883459397.0	8105051253.5
8248000000.0	6547786587.7	3883683178.4	8106030892.2
8249000000.0	6548424529.0	3883906931.3	8107010530.1
8250000000.0	6549062439.9	3884130655.8	8107990167.2
8251000000.0	6549700320.4	3884354351.8	8108969803.6
8252000000.0	6550338170.5	3884578019.3	8109949439.2
8253000000.0	6550975990.3	3884801658.4	8110929074.1
8254000000.0	6551613779.7	3885025269.0	8111908708.3
8255000000.0	6552251538.8	3885248851.3	8112888341.6
8256000000.0	6552889267.5	3885472405.0	8113867974.3
8257000000.0	6553526965.8	3885695930.4	8114847606.2
8258000000.0	6554164633.8	3885919427.3	8115827237.3
8259000000.0	6554802271.4	3886142895.8	8116806867.7
8260000000.0	6555439878.7	3886366335.9	8117786497.3
8261000000.0	6556077455.6	3886589747.6	8118766126.2
8262000000.0	6556715002.1	3886813130.9	8119745754.3
8263000000.0	6557352518.4	3887036485.8	8120725381.7
8264000000.0	6557990004.3	3887259812.3	8121705008.4
8265000000.0	6558627459.8	3887483110.5	8122684634.2
8266000000.0	6559264885.0	3887706380.2	8123664259.4
8267000000.0	6559902279.9	3887929621.6	8124643883.7
8268000000.0	6560539644.4	3888152834.6	8125623507.4
8269000000.0	6561176978.6	3888376019.3	8126603130.3
8270000000.0	6561814282.5	3888599175.6	8127582752.4
8271000000.0	6562451556.1	3888822303.5	8128562373.8
8272000000.0	6563088799.3	3889045403.1	8129541994.4
8273000000.0	6563726012.2	3889268474.4	8130521614.3
8274000000.0	6564363194.8	3889491517.3	8131501233.4
8275000000.0	6565000347.1	3889714531.9	8132480851.8
8276000000.0	6565637469.0	3889937518.2	8133460469.4
8277000000.0	6566274560.6	3890160476.1	8134440086.3
8278000000.0	6566911622.0	3890383405.8	8135419702.4
8279000000.0	6567548653.0	3890606307.1	8136399317.7
8280000000.0	6568185653.7	3890829180.1	8137378932.4
8281000000.0	6568822624.1	3891052024.8	8138358546.2
8282000000.0	6569459564.2	3891274841.3	8139338159.4
8283000000.0	6570096474.0	3891497629.4	8140317771.7
8284000000.0	6570733353.5	3891720389.3	8141297383.3
8285000000.0	6571370202.7	3891943120.9	8142276994.2
8286000000.0	6572007021.6	3892165824.2	8143256604.3
8287000000.0	6572643810.2	3892388499.3	8144236213.7
8288000000.0	6573280568.5	3892611146.1	8145215822.3
8289000000.0	6573917296.5	3892833764.6	8146195430.2
8290000000.0	6574553994.3	3893056354.9	8147175037.3
8291000000.0	6575190661.7	3893278917.0	8148154643.6
8292000000.0	6575827298.9	3893501450.8	8149134249.3
8293000000.0	6576463905.8	3893723956.4	8150113854.1
8294000000.0	6577100482.4	3893946433.8	8151093458.2
8295000000.0	6577737028.8	3894168882.9	8152073061.6
8296000000.0	6578373544.8	3894391303.8	8153052664.2
8297000000.0	6579010030.6	3894613696.5	8154032266.1
8298000000.0	6579646486.2	3894836061.0	8155011867.2
8299000000.0	6580282911.4	3895058397.3	8155991467.5
8300000000.0	6580919306.4	3895280705.4	8156971067.1
8301000000.0	6581555671.2	3895502985.4	8157950666.0
8302000000.0	6582192005.7	3895725237.1	8158930264.1
8303000000.0	6582828309.9	3895947460.7	8159909861.4
8304000000.0	6583464583.8	3896169656.0	8160889458.0
8305000000.0	6584100827.6	3896391823.3	8161869053.9
8306000000.0	6584737041.0	3896613962.3	8162848649.0
8307000000.0	6585373224.2	3896836073.2	8163828243.4
8308000000.0	6586009377.2	3897058155.9	8164807837.0
8309000000.0	6586645499.9	3897280210.5	8165787429.8
8310000000.0	6587281592.4	3897502237.0	8166767021.9
8311000000.0	6587917654.6	3897724235.3	8167746613.3
8312000000.0	6588553686.6	3897946205.5	8168726203.9
8313000000.0	6589189688.4	3898168147.6	8169705793.7
8314000000.0	6589825659.9	3898390061.5	8170685382.8
8315000000.0	6590461601.2	3898611947.3	8171664971.2
8316000000.0	6591097512.2	3898833805.0	8172644558.7
8317000000.0	6591733393.1	3899055634.7	8173624145.6
8318000000.0	6592369243.7	3899277436.2	8174603731.7
8319000000.0	6593005064.1	3899499209.6	8175583317.0
8320000000.0	6593640854.2	3899720954.9	8176562901.6
8321000000.0	6594276614.2	3899942672.2	8177542485.5
8322000000.0	6594912343.9	3900164361.4	8178522068.6
8323000000.0	6595548043.4	3900386022.5	8179501650.9
8324000000.0	6596183712.7	3900607655.5	8180481232.5
8325000000.0	6596819351.8	3900829260.5	8181460813.3
8326000000.0	6597454960.7	3901050837.4	8182440393.4
8327000000.0	6598090539.4	3901272386.3	8183419972.8
8328000000.0	6598726087.8	3901493907.1	8184399551.4
8329000000.0	6599361606.1	3901715399.9	8185379129.2
8330000000.0	6599997094.2	3901936864.6	8186358706.3
8331000000.0	6600632552.0	3902158301.3	8187338282.6
8332000000.0	6601267979.7	3902379710.0	8188317858.2
8333000000.0	6601903377.2	3902601090.7	8189297433.0
8334000000.0	6602538744.5	3902822443.4	8190277007.1
8335000000.0	6603174081.6	3903043768.0	8191256580.5
8336000000.0	6603809388.5	3903265064.7	8192236153.0
8337000000.0	6604444665.2	3903486333.3	8193215724.9
8338000000.0	6605079911.8	3903707574.0	8194195296.0
8339000000.0	6605715128.1	3903928786.7	8195174866.3
8340000000.0	6606350314.3	3904149971.4	8196154435.9
8341000000.0	6606985470.3	3904371128.1	8197134004.7
8342000000.0	6607620596.2	3904592256.8	8198113572.8
8343000000.0	6608255691.8	3904813357.6	8199093140.1
8344000000.0	6608890757.3	3905034430.4	8200072706.7
8345000000.0	6609525792.6	3905255475.3	8201052272.5
8346000000.0	6610160797.8	3905476492.2	8202031837.6
8347000000.0	6610795772.8	3905697481.2	8203011401.9
8348000000.0	6611430717.6	3905918442.2	8203990965.5
8349000000.0	6612065632.3	3906139375.3	8204970528.3
8350000000.0	6612700516.8	3906360280.5	8205950090.4
8351000000.0	6613335371.2	3906581157.8	8206929651.7
8352000000.0	6613970195.4	3906802007.1	8207909212.3
8353000000.0	6614604989.5	3907022828.5	8208888772.1
8354000000.0	6615239753.4	3907243622.0	8209868331.2
8355000000.0	6615874487.2	3907464387.6	8210847889.5
8356000000.0	6616509190.8	3907685125.3	8211827447.1
8357000000.0	6617143864.3	3907905835.2	8212807003.9
8358000000.0	6617778507.6	3908126517.1	8213786560.0
8359000000.0	6618413120.8	3908347171.1	8214766115.3
8360000000.0	6619047703.9	3908567797.3	8215745669.8
8361000000.0	6619682256.8	3908788395.6	8216725223.7
8362000000.0	6620316779.6	3909008966.1	8217704776.7
8363000000.0	6620951272.3	3909229508.7	8218684329.0
8364000000.0	6621585734.8	3909450023.4	8219663880.6
8365000000.0	6622220167.3	3909670510.3	8220643431.4
8366000000.0	6622854569.6	3909890969.3	8221622981.5
8367000000.0	6623488941.8	3910111400.5	8222602530.8
8368000000.0	6624123283.8	3910331803.9	8223582079.4
8369000000.0	6624757595.8	3910552179.4	8224561627.2
8370000000.0	6625391877.6	3910772527.1	8225541174.2
8371000000.0	6626026129.3	3910992847.0	8226520720.6
8372000000.0	6626660350.9	3911213139.1	8227500266.1
8373000000.0	6627294542.4	3911433403.4	8228479810.9
8374000000.0	6627928703.8	3911653639.9	8229459355.0
8375000000.0	6628562835.1	3911873848.5	8230438898.3
8376000000.0	6629196936.3	3912094029.4	8231418440.9
8377000000.0	6629831007.4	3912314182.5	8232397982.7
8378000000.0	6630465048.4	3912534307.8	8233377523.7
8379000000.0	6631099059.3	3912754405.4	8234357064.0
8380000000.0	6631733040.1	3912974475.2	8235336603.6
8381000000.0	6632366990.9	3913194517.2	8236316142.4
8382000000.0	6633000911.5	3913414531.4	8237295680.4
8383000000.0	6633634802.0	3913634517.9	8238275217.8
8384000000.0	6634268662.5	3913854476.7	8239254754.3
8385000000.0	6634902492.9	3914074407.7	8240234290.1
8386000000.0	6635536293.2	3914294310.9	8241213825.2
8387000000.0	6636170063.4	3914514186.5	8242193359.5
8388000000.0	6636803803.6	3914734034.3	8243172893.0
8389000000.0	6637437513.6	3914953854.4	8244152425.8
8390000000.0	6638071193.6	3915173646.7	8245131957.9
8391000000.0	6638704843.6	3915393411.4	8246111489.2
8392000000.0	6639338463.4	3915613148.3	8247091019.7
8393000000.0	6639972053.3	3915832857.6	8248070549.5
8394000000.0	6640605613.0	3916052539.1	8249050078.6
8395000000.0	6641239142.7	3916272193.0	8250029606.9
8396000000.0	6641872642.3	3916491819.1	8251009134.4
8397000000.0	6642506111.9	3916711417.6	8251988661.2
8398000000.0	6643139551.4	3916930988.4	8252968187.2
8399000000.0	6643772960.8	3917150531.6	8253947712.5
8400000000.0	6644406340.2	3917370047.1	8254927237.1
8401000000.0	6645039689.6	3917589534.9	8255906760.9
8402000000.0	6645673008.9	3917808995.0	8256886283.9
8403000000.0	6646306298.2	3918028427.5	8257865806.2
8404000000.0	6646939557.4	3918247832.4	8258845327.8
8405000000.0	6647572786.6	3918467209.6	8259824848.5
8406000000.0	6648205985.8	3918686559.2	8260804368.6
8407000000.0	6648839154.9	3918905881.2	8261783887.9
8408000000.0	6649472294.0	3919125175.5	8262763406.4
8409000000.0	6650105403.1	3919344442.3	8263742924.2
8410000000.0	6650738482.1	3919563681.4	8264722441.2
8411000000.0	6651371531.1	3919782892.9	8265701957.5
8412000000.0	6652004550.1	3920002076.8	8266681473.1
8413000000.0	6652637539.0	3920221233.1	8267660987.9
8414000000.0	6653270498.0	3920440361.8	8268640501.9
8415000000.0	6653903426.9	3920659462.9	8269620015.2
8416000000.0	6654536325.8	3920878536.4	8270599527.7
8417000000.0	6655169194.7	3921097582.4	8271579039.5
8418000000.0	6655802033.6	3921316600.8	8272558550.5
8419000000.0	6656434842.5	3921535591.6	8273538060.8
8420000000.0	6657067621.3	3921754554.9	8274517570.4
8421000000.0	6657700370.2	3921973490.6	8275497079.1
8422000000.0	6658333089.0	3922192398.8	8276476587.2
8423000000.0	6658965777.9	3922411279.4	8277456094.4
8424000000.0	6659598436.8	3922630132.5	8278435601.0
8425000000.0	6660231065.6	3922848958.0	8279415106.8
8426000000.0	6660863664.5	3923067756.0	8280394611.8
8427000000.0	6661496233.4	3923286526.5	8281374116.1
8428000000.0	6662128772.3	3923505269.5	8282353619.6
8429000000.0	6662761281.2	3923723984.9	8283333122.4
8430000000.0	6663393760.1	3923942672.9	8284312624.4
8431000000.0	6664026209.0	3924161333.3	8285292125.7
8432000000.0	6664658627.9	3924379966.2	8286271626.2
8433000000.0	6665291016.9	3924598571.7	8287251126.0
8434000000.0	6665923375.9	3924817149.7	8288230625.0
8435000000.0	6666555704.9	3925035700.1	8289210123.3
8436000000.0	6667188004.0	3925254223.1	8290189620.8
8437000000.0	6667820273.0	3925472718.7	8291169117.6
8438000000.0	6668452512.1	3925691186.7	8292148613.6
8439000000.0	6669084721.3	3925909627.3	8293128108.9
8440000000.0	6669716900.5	3926128040.4	8294107603.4
8441000000.0	6670349049.7	3926346426.1	8295087097.2
8442000000.0	6670981168.9	3926564784.4	8296066590.2
8443000000.0	6671613258.2	3926783115.2	8297046082.5
8444000000.0	6672245317.5	3927001418.5	8298025574.0
8445000000.0	6672877346.9	3927219694.5	8299005064.7
8446000000.0	6673509346.4	3927437943.0	8299984554.8
8447000000.0	6674141315.8	3927656164.1	8300964044.0
8448000000.0	6674773255.4	3927874357.7	8301943532.6
8449000000.0	6675405165.0	3928092524.0	8302923020.3
8450000000.0	6676037044.6	3928310662.8	8303902507.3
8451000000.0	6676668894.3	3928528774.3	8304881993.6
8452000000.0	6677300714.1	3928746858.3	8305861479.1
8453000000.0	6677932503.9	3928964915.0	8306840963.9
8454000000.0	6678564263.8	3929182944.3	8307820447.9
8455000000.0	6679195993.8	3929400946.2	8308799931.2
8456000000.0	6679827693.8	3929618920.7	8309779413.7
8457000000.0	6680459363.9	3929836867.9	8310758895.4
8458000000.0	6681091004.1	3930054787.7	8311738376.5
8459000000.0	6681722614.4	3930272680.1	8312717856.7
8460000000.0	6682354194.7	3930490545.2	8313697336.2
8461000000.0	6682985745.1	3930708382.9	8314676815.0
8462000000.0	6683617265.6	3930926193.3	8315656293.0
8463000000.0	6684248756.2	3931143976.4	8316635770.3
8464000000.0	6684880216.9	3931361732.1	8317615246.8
8465000000.0	6685511647.6	3931579460.5	8318594722.5
8466000000.0	6686143048.5	3931797161.6	8319574197.5
8467000000.0	6686774419.4	3932014835.3	8320553671.8
8468000000.0	6687405760.4	3932232481.7	8321533145.3
8469000000.0	6688037071.6	3932450100.9	8322512618.1
8470000000.0	6688668352.8	3932667692.7	8323492090.1
8471000000.0	6689299604.1	3932885257.2	8324471561.3
8472000000.0	6689930825.6	3933102794.5	8325451031.8
8473000000.0	6690562017.1	3933320304.4	8326430501.6
8474000000.0	6691193178.8	3933537787.1	8327409970.6
8475000000.0	6691824310.5	3933755242.5	8328389438.8
8476000000.0	6692455412.4	3933972670.6	8329368906.3
8477000000.0	6693086484.4	3934190071.5	8330348373.1
8478000000.0	6693717526.5	3934407445.0	8331327839.1
8479000000.0	6694348538.7	3934624791.4	8332307304.3
8480000000.0	6694979521.1	3934842110.5	8333286768.8
8481000000.0	6695610473.6	3935059402.3	8334266232.6
8482000000.0	6696241396.1	3935276666.9	8335245695.6
8483000000.0	6696872288.9	3935493904.3	8336225157.8
8484000000.0	6697503151.7	3935711114.4	8337204619.3
8485000000.0	6698133984.7	3935928297.3	8338184080.1
8486000000.0	6698764787.8	3936145453.0	8339163540.1
8487000000.0	6699395561.1	3936362581.5	8340142999.3
8488000000.0	6700026304.4	3936579682.7	8341122457.8
8489000000.0	6700657018.0	3936796756.8	8342101915.6
8490000000.0	6701287701.6	3937013803.7	8343081372.6
8491000000.0	6701918355.5	3937230823.3	8344060828.8
8492000000.0	6702548979.4	3937447815.8	8345040284.3
8493000000.0	6703179573.5	3937664781.1	8346019739.1
8494000000.0	6703810137.8	3937881719.2	8346999193.1
8495000000.0	6704440672.2	3938098630.1	8347978646.3
8496000000.0	6705071176.8	3938315513.9	8348958098.8
8497000000.0	6705701651.5	3938532370.5	8349937550.5
8498000000.0	6706332096.4	3938749199.9	8350917001.5
8499000000.0	6706962511.4	3938966002.2	8351896451.8
8500000000.0	6707592896.6	3939182777.4	8352875901.3
8501000000.0	6708223252.0	3939399525.4	8353855350.0
8502000000.0	6708853577.5	3939616246.2	8354834798.0
8503000000.0	6709483873.2	3939832939.9	8355814245.2
8504000000.0	6710114139.1	3940049606.5	8356793691.7
8505000000.0	6710744375.1	3940266246.0	8357773137.5
8506000000.0	6711374581.4	3940482858.4	8358752582.4
8507000000.0	6712004757.8	3940699443.6	8359732026.7
8508000000.0	6712634904.4	3940916001.7	8360711470.2
8509000000.0	6713265021.1	3941132532.8	8361690912.9
8510000000.0	6713895108.1	3941349036.7	8362670354.9
8511000000.0	6714525165.2	3941565513.5	8363649796.1
8512000000.0	6715155192.6	3941781963.3	8364629236.6
8513000000.0	6715785190.1	3941998386.0	8365608676.3
8514000000.0	6716415157.8	3942214781.6	8366588115.3
8515000000.0	6717045095.7	3942431150.1	8367567553.6
8516000000.0	6717675003.8	3942647491.5	8368546991.0
8517000000.0	6718304882.1	3942863805.9	8369526427.8
8518000000.0	6718934730.6	3943080093.3	8370505863.8
8519000000.0	6719564549.3	3943296353.5	8371485299.0
8520000000.0	6720194338.2	3943512586.8	8372464733.5
8521000000.0	6720824097.3	3943728793.0	8373444167.2
8522000000.0	6721453826.7	3943944972.1	8374423600.2
8523000000.0	6722083526.2	3944161124.2	8375403032.4
8524000000.0	6722713196.0	3944377249.3	8376382463.9
8525000000.0	6723342835.9	3944593347.4	8377361894.6
8526000000.0	6723972446.1	3944809418.5	8378341324.6
8527000000.0	6724602026.5	3945025462.5	8379320753.8
8528000000.0	6725231577.2	3945241479.6	8380300182.3
8529000000.0	6725861098.0	3945457469.6	8381279610.0
8530000000.0	6726490589.1	3945673432.6	8382259037.0
8531000000.0	6727120050.4	3945889368.7	8383238463.2
8532000000.0	6727749481.9	3946105277.7	8384217888.7
8533000000.0	6728378883.7	3946321159.8	8385197313.4
8534000000.0	6729008255.7	3946537014.9	8386176737.4
8535000000.0	6729637598.0	3946752843.1	8387156160.6
8536000000.0	6730266910.5	3946968644.2	8388135583.1
8537000000.0	6730896193.2	3947184418.5	8389115004.8
8538000000.0	6731525446.2	3947400165.7	8390094425.8
8539000000.0	6732154669.4	3947615886.0	8391073846.0
8540000000.0	6732783862.8	3947831579.4	8392053265.5
8541000000.0	6733413026.6	3948047245.8	8393032684.2
8542000000.0	6734042160.5	3948262885.3	8394012102.2
8543000000.0	6734671264.7	3948478497.8	8394991519.4
8544000000.0	6735300339.2	3948694083.4	8395970935.9
8545000000.0	6735929384.0	3948909642.1	8396950351.6
8546000000.0	6736558399.0	3949125173.9	8397929766.6
8547000000.0	6737187384.2	3949340678.8	8398909180.8
8548000000.0	6737816339.7	3949556156.8	8399888594.3
8549000000.0	6738445265.5	3949771607.9	8400868007.0
8550000000.0	6739074161.6	3949987032.0	8401847419.0
8551000000.0	6739703027.9	3950202429.3	8402826830.2
8552000000.0	6740331864.5	3950417799.7	8403806240.6
8553000000.0	6740960671.4	3950633143.2	8404785650.4
8554000000.0	6741589448.5	3950848459.9	8405765059.3
8555000000.0	6742218196.0	3951063749.7	8406744467.5
8556000000.0	6742846913.7	3951279012.6	8407723875.0
8557000000.0	6743475601.7	3951494248.6	8408703281.7
8558000000.0	6744104260.0	3951709457.8	8409682687.7
8559000000.0	6744732888.5	3951924640.2	8410662092.9
8560000000.0	6745361487.4	3952139795.7	8411641497.4
8561000000.0	6745990056.6	3952354924.3	8412620901.1
8562000000.0	6746618596.0	3952570026.1	8413600304.0
8563000000.0	6747247105.7	3952785101.1	8414579706.2
8564000000.0	6747875585.8	3953000149.3	8415559107.7
8565000000.0	6748504036.1	3953215170.7	8416538508.4
8566000000.0	6749132456.8	3953430165.2	8417517908.4
8567000000.0	6749760847.7	3953645132.9	8418497307.6
8568000000.0	6750389209.0	3953860073.8	8419476706.0
8569000000.0	6751017540.5	3954074988.0	8420456103.8
8570000000.0	6751645842.4	3954289875.3	8421435500.7
8571000000.0	6752274114.6	3954504735.8	8422414896.9
8572000000.0	6752902357.1	3954719569.6	8423394292.4
8573000000.0	6753530569.9	3954934376.5	8424373687.1
8574000000.0	6754158753.1	3955149156.7	8425353081.0
8575000000.0	6754786906.5	3955363910.2	8426332474.3
8576000000.0	6755415030.3	3955578636.8	8427311866.7
8577000000.0	6756043124.4	3955793336.7	8428291258.4
8578000000.0	6756671188.9	3956008009.9	8429270649.4
8579000000.0	6757299223.6	3956222656.3	8430250039.6
8580000000.0	6757927228.7	3956437275.9	8431229429.0
8581000000.0	6758555204.2	3956651868.8	8432208817.7
8582000000.0	6759183149.9	3956866435.0	8433188205.7
8583000000.0	6759811066.1	3957080974.5	8434167592.9
8584000000.0	6760438952.5	3957295487.2	8435146979.3
8585000000.0	6761066809.3	3957509973.2	8436126365.0
8586000000.0	6761694636.4	3957724432.5	8437105750.0
8587000000.0	6762322433.9	3957938865.1	8438085134.2
8588000000.0	6762950201.7	3958153270.9	8439064517.7
8589000000.0	6763577939.9	3958367650.1	8440043900.4
8590000000.0	6764205648.5	3958582002.6	8441023282.3
8591000000.0	6764833327.4	3958796328.4	8442002663.5
8592000000.0	6765460976.6	3959010627.5	8442982044.0
8593000000.0	6766088596.2	3959224899.9	8443961423.7
8594000000.0	6766716186.2	3959439145.7	8444940802.6
8595000000.0	6767343746.5	3959653364.7	8445920180.8
8596000000.0	6767971277.2	3959867557.1	8446899558.2
8597000000.0	6768598778.3	3960081722.9	8447878934.9
8598000000.0	6769226249.7	3960295862.0	8448858310.9
8599000000.0	6769853691.5	3960509974.5	8449837686.1
8600000000.0	6770481103.7	3960724060.3	8450817060.5
8601000000.0	6771108486.3	3960938119.4	8451796434.2
8602000000.0	6771735839.2	3961152151.9	8452775807.2
8603000000.0	6772363162.5	3961366157.8	8453755179.4
8604000000.0	6772990456.2	3961580137.1	8454734550.8
8605000000.0	6773617720.3	3961794089.8	8455713921.5
8606000000.0	6774244954.8	3962008015.8	8456693291.5
8607000000.0	6774872159.6	3962221915.2	8457672660.7
8608000000.0	6775499334.9	3962435788.1	8458652029.1
8609000000.0	6776126480.5	3962649634.3	8459631396.8
8610000000.0	6776753596.5	3962863453.9	8460610763.7
8611000000.0	6777380683.0	3963077246.9	8461590129.9
8612000000.0	6778007739.8	3963291013.4	8462569495.4
8613000000.0	6778634767.0	3963504753.3	8463548860.1
8614000000.0	6779261764.7	3963718466.6	8464528224.0
8615000000.0	6779888732.7	3963932153.3	8465507587.2
8616000000.0	6780515671.2	3964145813.4	8466486949.6
8617000000.0	6781142580.0	3964359447.0	8467466311.3
8618000000.0	6781769459.3	3964573054.1	8468445672.3
8619000000.0	6782396309.0	3964786634.6	8469425032.4
8620000000.0	6783023129.1	3965000188.5	8470404391.9
8621000000.0	6783649919.6	3965213715.9	8471383750.6
8622000000.0	6784276680.5	3965427216.8	8472363108.5
8623000000.0	6784903411.9	3965640691.1	8473342465.7
8624000000.0	6785530113.7	3965854138.9	8474321822.1
8625000000.0	6786156785.9	3966067560.2	8475301177.8
8626000000.0	6786783428.5	3966280955.0	8476280532.8
8627000000.0	6787410041.6	3966494323.3	8477259886.9
8628000000.0	6788036625.1	3966707665.0	8478239240.4
8629000000.0	6788663179.0	3966920980.3	8479218593.1
8630000000.0	6789289703.4	3967134269.1	8480197945.0
8631000000.0	6789916198.2	3967347531.3	8481177296.2
8632000000.0	6790542663.5	3967560767.1	8482156646.6
8633000000.0	6791169099.2	3967773976.4	8483135996.3
8634000000.0	6791795505.3	3967987159.2	8484115345.2
8635000000.0	6792421881.9	3968200315.6	8485094693.4
8636000000.0	6793048228.9	3968413445.5	8486074040.9
8637000000.0	6793674546.4	3968626548.9	8487053387.5
8638000000.0	6794300834.4	3968839625.8	8488032733.5
8639000000.0	6794927092.8	3969052676.4	8489012078.6
8640000000.0	6795553321.6	3969265700.4	8489991423.1
8641000000.0	6796179521.0	3969478698.1	8490970766.8
8642000000.0	6796805690.7	3969691669.2	8491950109.7
8643000000.0	6797431831.0	3969904614.0	8492929451.9
8644000000.0	6798057941.7	3970117532.3	8493908793.3
8645000000.0	6798684022.9	3970330424.2	8494888134.0
8646000000.0	6799310074.5	3970543289.7	8495867473.9
8647000000.0	6799936096.6	3970756128.8	8496846813.1
8648000000.0	6800562089.2	3970968941.5	8497826151.5
8649000000.0	6801188052.3	3971181727.7	8498805489.2
8650000000.0	6801813985.9	3971394487.6	8499784826.1
8651000000.0	6802439889.9	3971607221.1	8500764162.3
8652000000.0	6803065764.4	3971819928.1	8501743497.7
8653000000.0	6803691609.4	3972032608.9	8502722832.4
8654000000.0	6804317424.9	3972245263.2	8503702166.3
8655000000.0	6804943210.9	3972457891.1	8504681499.5
8656000000.0	6805568967.3	3972670492.7	8505660831.9
8657000000.0	6806194694.3	3972883067.9	8506640163.6
8658000000.0	6806820391.7	3973095616.8	8507619494.5
8659000000.0	6807446059.7	3973308139.3	8508598824.7
8660000000.0	6808071698.1	3973520635.5	8509578154.1
8661000000.0	6808697307.1	3973733105.3	8510557482.8
8662000000.0	6809322886.5	3973945548.7	8511536810.7
8663000000.0	6809948436.5	3974157965.9	8512516137.9
8664000000.0	6810573957.0	3974370356.7	8513495464.3
8665000000.0	6811199448.0	3974582721.2	8514474790.0
8666000000.0	6811824909.4	3974795059.3	8515454114.9
8667000000.0	6812450341.5	3975007371.2	8516433439.1
8668000000.0	6813075744.0	3975219656.7	8517412762.5
8669000000.0	6813701117.0	3975431916.0	8518392085.2
8670000000.0	6814326460.6	3975644148.9	8519371407.1
8671000000.0	6814951774.7	3975856355.6	8520350728.3
8672000000.0	6815577059.3	3976068535.9	8521330048.7
8673000000.0	6816202314.4	3976280690.0	8522309368.4
8674000000.0	6816827540.1	3976492817.8	8523288687.3
8675000000.0	6817452736.3	3976704919.3	8524268005.4
8676000000.0	6818077903.0	3976916994.5	8525247322.9
8677000000.0	6818703040.2	3977129043.5	8526226639.5
8678000000.0	6819328148.0	3977341066.2	8527205955.5
8679000000.0	6819953226.4	3977553062.7	8528185270.6
8680000000.0	6820578275.3	3977765032.9	8529164585.0
8681000000.0	6821203294.7	3977976976.9	8530143898.7
8682000000.0	6821828284.6	3978188894.6	8531123211.6
8683000000.0	6822453245.2	3978400786.1	8532102523.8
8684000000.0	6823078176.2	3978612651.3	8533081835.2
8685000000.0	6823703077.8	3978824490.3	8534061145.9
8686000000.0	6824327950.0	3979036303.1	8535040455.8
8687000000.0	6824952792.7	3979248089.7	8536019764.9
8688000000.0	6825577606.0	3979459850.1	8536999073.4
8689000000.0	6826202389.9	3979671584.3	8537978381.0
8690000000.0	6826827144.3	3979883292.2	8538957687.9
8691000000.0	6827451869.2	3980094974.0	8539936994.1
8692000000.0	6828076564.8	3980306629.6	8540916299.5
8693000000.0	6828701230.9	3980518259.0	8541895604.2
8694000000.0	6829325867.6	3980729862.2	8542874908.1
8695000000.0	6829950474.8	3980941439.2	8543854211.3
8696000000.0	6830575052.6	3981152990.1	8544833513.7
8697000000.0	6831199601.0	3981364514.8	8545812815.3
8698000000.0	6831824120.0	3981576013.3	8546792116.2
8699000000.0	6832448609.6	3981787485.6	8547771416.4
8700000000.0	6833073069.7	3981998931.9	8548750715.8
8701000000.0	6833697500.4	3982210351.9	8549730014.5
8702000000.0	6834321901.7	3982421745.8	8550709312.4
8703000000.0	6834946273.6	3982633113.6	8551688609.5
8704000000.0	6835570616.1	3982844455.3	8552667906.0
8705000000.0	6836194929.2	3983055770.8	8553647201.6
8706000000.0	6836819212.9	3983267060.2	8554626496.5
8707000000.0	6837443467.2	3983478323.4	8555605790.7
8708000000.0	6838067692.0	3983689560.6	8556585084.1
8709000000.0	6838691887.5	3983900771.6	8557564376.7
8710000000.0	6839316053.6	3984111956.6	8558543668.7
8711000000.0	6839940190.3	3984323115.4	8559522959.8
8712000000.0	6840564297.6	3984534248.1	8560502250.2
8713000000.0	6841188375.5	3984745354.8	8561481539.9
8714000000.0	6841812424.0	3984956435.4	8562460828.8
8715000000.0	6842436443.1	3985167489.9	8563440116.9
8716000000.0	6843060432.9	3985378518.3	8564419404.3
8717000000.0	6843684393.3	3985589520.6	8565398691.0
8718000000.0	6844308324.2	3985800496.9	8566377976.9
8719000000.0	6844932225.8	3986011447.1	8567357262.1
8720000000.0	6845556098.1	3986222371.2	8568336546.5
8721000000.0	6846179940.9	3986433269.3	8569315830.1
8722000000.0	6846803754.4	3986644141.4	8570295113.0
8723000000.0	6847427538.5	3986854987.4	8571274395.2
8724000000.0	6848051293.3	3987065807.4	8572253676.6
8725000000.0	6848675018.7	3987276601.3	8573232957.2
8726000000.0	6849298714.7	3987487369.2	8574212237.1
8727000000.0	6849922381.4	3987698111.1	8575191516.3
8728000000.0	6850546018.7	3987908827.0	8576170794.7
8729000000.0	6851169626.6	3988119516.8	8577150072.3
8730000000.0	6851793205.2	3988330180.7	8578129349.3
8731000000.0	6852416754.4	3988540818.5	8579108625.4
8732000000.0	6853040274.3	3988751430.4	8580087900.8
8733000000.0	6853663764.9	3988962016.2	8581067175.5
8734000000.0	6854287226.0	3989172576.1	8582046449.4
8735000000.0	6854910657.9	3989383110.0	8583025722.5
8736000000.0	6855534060.4	3989593617.9	8584004994.9
8737000000.0	6856157433.6	3989804099.8	8584984266.6
8738000000.0	6856780777.4	3990014555.7	8585963537.5
8739000000.0	6857404091.9	3990224985.7	8586942807.6
8740000000.0	6858027377.0	3990435389.8	8587922077.0
8741000000.0	6858650632.9	3990645767.8	8588901345.7
8742000000.0	6859273859.3	3990856119.9	8589880613.6
8743000000.0	6859897056.5	3991066446.1	8590859880.7
8744000000.0	6860520224.3	3991276746.3	8591839147.1
8745000000.0	6861143362.9	3991487020.6	8592818412.7
8746000000.0	6861766472.1	3991697269.0	8593797677.6
8747000000.0	6862389551.9	3991907491.4	8594776941.8
8748000000.0	6863012602.5	3992117688.0	8595756205.2
8749000000.0	6863635623.7	3992327858.6	8596735467.8
8750000000.0	6864258615.6	3992538003.2	8597714729.7
8751000000.0	6864881578.3	3992748122.0	8598693990.9
8752000000.0	6865504511.6	3992958214.9	8599673251.3
8753000000.0	6866127415.6	3993168281.9	8600652510.9
8754000000.0	6866750290.3	3993378322.9	8601631769.8
8755000000.0	6867373135.7	3993588338.1	8602611028.0
8756000000.0	6867995951.7	3993798327.4	8603590285.4
8757000000.0	6868618738.5	3994008290.9	8604569542.0
8758000000.0	6869241496.0	3994218228.4	8605548797.9
8759000000.0	6869864224.2	3994428140.1	8606528053.0
8760000000.0	6870486923.1	3994638025.9	8607507307.4
8761000000.0	6871109592.7	3994847885.9	8608486561.1
8762000000.0	6871732233.1	3995057720.0	8609465814.0
8763000000.0	6872354844.1	3995267528.3	8610445066.1
8764000000.0	6872977425.9	3995477310.7	8611424317.5
8765000000.0	6873599978.3	3995687067.2	8612403568.1
8766000000.0	6874222501.5	3995896798.0	8613382818.0
8767000000.0	6874844995.4	3996106502.9	8614362067.2
8768000000.0	6875467460.1	3996316182.0	8615341315.6
8769000000.0	6876089895.4	3996525835.2	8616320563.2
8770000000.0	6876712301.5	3996735462.6	8617299810.1
8771000000.0	6877334678.3	3996945064.3	8618279056.2
8772000000.0	6877957025.9	3997154640.1	8619258301.6
8773000000.0	6878579344.2	3997364190.1	8620237546.3
8774000000.0	6879201633.2	3997573714.3	8621216790.2
8775000000.0	6879823893.0	3997783212.7	8622196033.3
8776000000.0	6880446123.5	3997992685.4	8623175275.7
8777000000.0	6881068324.7	3998202132.2	8624154517.3
8778000000.0	6881690496.7	3998411553.3	8625133758.2
8779000000.0	6882312639.4	3998620948.6	8626112998.4
8780000000.0	6882934752.9	3998830318.1	8627092237.8
8781000000.0	6883556837.1	3999039661.9	8628071476.4
8782000000.0	6884178892.1	3999248979.9	8629050714.3
8783000000.0	6884800917.9	3999458272.1	8630029951.4
8784000000.0	6885422914.4	3999667538.6	8631009187.8
8785000000.0	6886044881.6	3999876779.4	8631988423.4
8786000000.0	6886666819.6	4000085994.4	8632967658.3
8787000000.0	6887288728.4	4000295183.7	8633946892.5
8788000000.0	6887910608.0	4000504347.2	8634926125.9
8789000000.0	6888532458.3	4000713485.0	8635905358.5
8790000000.0	6889154279.4	4000922597.1	8636884590.4
8791000000.0	6889776071.2	4001131683.5	8637863821.5
8792000000.0	6890397833.8	4001340744.2	8638843051.9
8793000000.0	6891019567.2	4001549779.1	8639822281.5
8794000000.0	6891641271.4	4001758788.4	8640801510.4
8795000000.0	6892262946.4	4001967772.0	8641780738.6
8796000000.0	6892884592.1	4002176729.8	8642759965.9
8797000000.0	6893506208.6	4002385662.0	8643739192.6
8798000000.0	6894127795.9	4002594568.5	8644718418.5
8799000000.0	6894749354.0	4002803449.3	8645697643.6
8800000000.0	6895370882.9	4003012304.4	8646676868.0
8801000000.0	6895992382.6	4003221133.9	8647656091.6
8802000000.0	6896613853.1	4003429937.7	8648635314.5
8803000000.0	6897235294.3	4003638715.9	8649614536.6
8804000000.0	6897856706.4	4003847468.4	8650593758.0
8805000000.0	6898478089.3	4004056195.2	8651572978.6
8806000000.0	6899099442.9	4004264896.4	8652552198.5
8807000000.0	6899720767.4	4004473571.9	8653531417.7
8808000000.0	6900342062.7	4004682221.8	8654510636.0
8809000000.0	6900963328.8	4004890846.1	8655489853.7
8810000000.0	6901584565.7	4005099444.8	8656469070.6
8811000000.0	6902205773.4	4005308017.8	8657448286.7
8812000000.0	6902826951.9	4005516565.2	8658427502.1
8813000000.0	6903448101.2	4005725087.0	8659406716.7
8814000000.0	6904069221.4	4005933583.2	8660385930.6
8815000000.0	6904690312.4	4006142053.8	8661365143.7
8816000000.0	6905311374.2	4006350498.8	8662344356.1
8817000000.0	6905932406.8	4006558918.2	8663323567.7
8818000000.0	6906553410.2	4006767312.0	8664302778.6
8819000000.0	6907174384.5	4006975680.2	8665281988.7
8820000000.0	6907795329.6	4007184022.9	8666261198.1
8821000000.0	6908416245.6	4007392339.9	8667240406.7
8822000000.0	6909037132.3	4007600631.4	8668219614.6
8823000000.0	6909657990.0	4007808897.4	8669198821.8
8824000000.0	6910278818.4	4008017137.7	8670178028.1
8825000000.0	6910899617.7	4008225352.6	8671157233.8
8826000000.0	6911520387.9	4008433541.8	8672136438.6
8827000000.0	6912141128.8	4008641705.5	8673115642.8
8828000000.0	6912761840.7	4008849843.7	8674094846.2
8829000000.0	6913382523.4	4009057956.3	8675074048.8
8830000000.0	6914003176.9	4009266043.4	8676053250.7
8831000000.0	6914623801.3	4009474105.0	8677032451.8
8832000000.0	6915244396.5	4009682141.1	8678011652.2
8833000000.0	6915864962.6	4009890151.6	8678990851.8
8834000000.0	6916485499.6	4010098136.6	8679970050.7
8835000000.0	6917106007.4	4010306096.1	8680949248.8
8836000000.0	6917726486.1	4010514030.1	8681928446.2
8837000000.0	6918346935.6	4010721938.6	8682907642.8
8838000000.0	6918967356.0	4010929821.6	8683886838.7
8839000000.0	6919587747.3	4011137679.2	8684866033.8
8840000000.0	6920208109.5	4011345511.2	8685845228.2
8841000000.0	6920828442.5	4011553317.7	8686824421.8
8842000000.0	6921448746.4	4011761098.8	8687803614.7
8843000000.0	6922069021.2	4011968854.4	8688782806.8
8844000000.0	6922689266.9	4012176584.5	8689761998.2
8845000000.0	6923309483.4	4012384289.2	8690741188.8
8846000000.0	6923929670.9	4012591968.4	8691720378.7
8847000000.0	6924549829.2	4012799622.2	8692699567.8
8848000000.0	6925169958.4	4013007250.5	8693678756.2
8849000000.0	6925790058.5	4013214853.4	8694657943.8
8850000000.0	6926410129.5	4013422430.8	8695637130.7
8851000000.0	6927030171.4	4013629982.8	8696616316.8
8852000000.0	6927650184.2	4013837509.4	8697595502.2
8853000000.0	6928270167.8	4014045010.5	8698574686.8
8854000000.0	6928890122.4	4014252486.2	8699553870.7
8855000000.0	6929510047.9	4014459936.5	8700533053.8
8856000000.0	6930129944.3	4014667361.4	8701512236.2
8857000000.0	6930749811.6	4014874760.9	8702491417.8
8858000000.0	6931369649.8	4015082135.0	8703470598.7
8859000000.0	6931989458.9	4015289483.7	8704449778.8
8860000000.0	6932609238.9	4015496807.0	8705428958.2
8861000000.0	6933228989.9	4015704104.9	8706408136.8
8862000000.0	6933848711.7	4015911377.4	8707387314.7
8863000000.0	6934468404.5	4016118624.5	8708366491.8
8864000000.0	6935088068.2	4016325846.3	8709345668.1
8865000000.0	6935707702.8	4016533042.7	8710324843.8
8866000000.0	6936327308.4	4016740213.7	8711304018.6
8867000000.0	6936946884.9	4016947359.4	8712283192.8
8868000000.0	6937566432.3	4017154479.7	8713262366.1
8869000000.0	6938185950.6	4017361574.7	8714241538.8
8870000000.0	6938805439.9	4017568644.3	8715220710.6
8871000000.0	6939424900.1	4017775688.6	8716199881.7
8872000000.0	6940044331.2	4017982707.6	8717179052.1
8873000000.0	6940663733.3	4018189701.2	8718158221.7
8874000000.0	6941283106.3	4018396669.5	8719137390.6
8875000000.0	6941902450.3	4018603612.4	8720116558.7
8876000000.0	6942521765.2	4018810530.1	8721095726.1
8877000000.0	6943141051.1	4019017422.4	8722074892.7
8878000000.0	6943760307.9	4019224289.4	8723054058.6
8879000000.0	6944379535.6	4019431131.2	8724033223.7
8880000000.0	6944998734.4	4019637947.6	8725012388.1
8881000000.0	6945617904.0	4019844738.7	8725991551.7
8882000000.0	6946237044.7	4020051504.6	8726970714.6
8883000000.0	6946856156.3	4020258245.1	8727949876.7
8884000000.0	6947475238.8	4020464960.4	8728929038.0
8885000000.0	6948094292.3	4020671650.4	8729908198.7
8886000000.0	6948713316.8	4020878315.1	8730887358.5
8887000000.0	6949332312.3	4021084954.6	8731866517.7
8888000000.0	6949951278.7	4021291568.7	8732845676.0
8889000000.0	6950570216.1	4021498157.7	8733824833.6
8890000000.0	6951189124.4	4021704721.4	8734803990.5
8891000000.0	6951808003.8	4021911259.8	8735783146.6
8892000000.0	6952426854.1	4022117773.0	8736762302.0
8893000000.0	6953045675.4	4022324260.9	8737741456.6
8894000000.0	6953664467.7	4022530723.7	8738720610.5
8895000000.0	6954283231.0	4022737161.2	8739699763.6
8896000000.0	6954901965.2	4022943573.4	8740678916.0
8897000000.0	6955520670.4	4023149960.5	8741658067.6
8898000000.0	6956139346.7	4023356322.3	8742637218.4
8899000000.0	6956757993.9	4023562658.9	8743616368.6
8900000000.0	6957376612.1	4023768970.3	8744595517.9
8901000000.0	6957995201.4	4023975256.5	8745574666.5
8902000000.0	6958613761.6	4024181517.5	8746553814.4
8903000000.0	6959232292.8	4024387753.3	8747532961.5
8904000000.0	6959850795.0	4024593964.0	8748512107.9
8905000000.0	6960469268.2	4024800149.4	8749491253.5
8906000000.0	6961087712.5	4025006309.7	8750470398.4
8907000000.0	6961706127.7	4025212444.8	8751449542.5
8908000000.0	6962324514.0	4025418554.7	8752428685.8
8909000000.0	6962942871.2	4025624639.4	8753407828.5
8910000000.0	6963561199.5	4025830699.0	8754386970.3
8911000000.0	6964179498.8	4026036733.5	8755366111.4
8912000000.0	6964797769.1	4026242742.8	8756345251.8
8913000000.0	6965416010.5	4026448726.9	8757324391.4
8914000000.0	6966034222.8	4026654685.9	8758303530.3
8915000000.0	6966652406.2	4026860619.8	8759282668.4
8916000000.0	6967270560.6	4027066528.5	8760261805.8
8917000000.0	6967888686.1	4027272412.1	8761240942.4
8918000000.0	6968506782.5	4027478270.6	8762220078.2
8919000000.0	6969124850.0	4027684103.9	8763199213.4
8920000000.0	6969742888.6	4027889912.2	8764178347.7
8921000000.0	6970360898.2	4028095695.3	8765157481.3
8922000000.0	6970978878.8	4028301453.3	8766136614.2
8923000000.0	6971596830.4	4028507186.2	8767115746.3
8924000000.0	6972214753.1	4028712894.1	8768094877.7
8925000000.0	6972832646.9	4028918576.8	8769074008.3
8926000000.0	6973450511.7	4029124234.5	8770053138.2
8927000000.0	6974068347.5	4029329867.0	8771032267.3
8928000000.0	6974686154.4	4029535474.5	8772011395.6
8929000000.0	6975303932.4	4029741056.9	8772990523.2
8930000000.0	6975921681.4	4029946614.3	8773969650.1
8931000000.0	6976539401.5	4030152146.6	8774948776.2
8932000000.0	6977157092.6	4030357653.8	8775927901.6
8933000000.0	6977774754.8	4030563136.0	8776907026.2
8934000000.0	6978392388.0	4030768593.1	8777886150.1
8935000000.0	6979009992.4	4030974025.1	8778865273.2
8936000000.0	6979627567.7	4031179432.2	8779844395.5
8937000000.0	6980245114.2	4031384814.2	8780823517.1
8938000000.0	6980862631.7	4031590171.1	8781802638.0
8939000000.0	6981480120.3	4031795503.1	8782781758.1
8940000000.0	6982097580.0	4032000810.0	8783760877.5
8941000000.0	6982715010.8	4032206091.9	8784739996.1
8942000000.0	6983332412.6	4032411348.8	8785719114.0
8943000000.0	6983949785.5	4032616580.6	8786698231.1
8944000000.0	6984567129.5	4032821787.5	8787677347.4
8945000000.0	6985184444.6	4033026969.4	8788656463.0
8946000000.0	6985801730.8	4033232126.2	8789635577.9
8947000000.0	6986418988.1	4033437258.1	8790614692.0
8948000000.0	6987036216.4	4033642365.0	8791593805.4
8949000000.0	6987653415.9	4033847446.9	8792572918.0
8950000000.0	6988270586.4	4034052503.9	8793552029.8
8951000000.0	6988887728.1	4034257535.8	8794531141.0
8952000000.0	6989504840.8	4034462542.8	8795510251.3
8953000000.0	6990121924.7	4034667524.9	8796489360.9
8954000000.0	6990738979.6	4034872481.9	8797468469.8
8955000000.0	6991356005.7	4035077414.0	8798447577.9
8956000000.0	6991973002.9	4035282321.2	8799426685.3
8957000000.0	6992589971.1	4035487203.4	8800405791.9
8958000000.0	6993206910.5	4035692060.7	8801384897.7
8959000000.0	6993823821.1	4035896893.1	8802364002.8
8960000000.0	6994440702.7	4036101700.5	8803343107.2
8961000000.0	6995057555.4	4036306483.0	8804322210.8
8962000000.0	6995674379.3	4036511240.5	8805301313.7
8963000000.0	6996291174.3	4036715973.2	8806280415.8
8964000000.0	6996907940.4	4036920680.9	8807259517.1
8965000000.0	6997524677.6	4037125363.7	8808238617.7
8966000000.0	6998141386.0	4037330021.7	8809217717.6
8967000000.0	6998758065.5	4037534654.7	8810196816.7
8968000000.0	6999374716.1	4037739262.8	8811175915.1
8969000000.0	6999991337.9	4037943846.0	8812155012.7
8970000000.0	7000607930.8	4038148404.4	8813134109.5
8971000000.0	7001224494.9	4038352937.9	8814113205.6
8972000000.0	7001841030.0	4038557446.4	8815092301.0
8973000000.0	7002457536.4	4038761930.2	8816071395.6
8974000000.0	7003074013.8	4038966389.0	8817050489.5
8975000000.0	7003690462.5	4039170823.0	8818029582.6
8976000000.0	7004306882.2	4039375232.1	8819008674.9
8977000000.0	7004923273.2	4039579616.4	8819987766.6
8978000000.0	7005539635.2	4039783975.8	8820966857.4
8979000000.0	7006155968.5	4039988310.4	8821945947.5
8980000000.0	7006772272.9	4040192620.1	8822925036.9
8981000000.0	7007388548.4	4040396905.0	8823904125.5
8982000000.0	7008004795.1	4040601165.1	8824883213.3
8983000000.0	7008621013.0	4040805400.3	8825862300.5
8984000000.0	7009237202.0	4041009610.8	8826841386.8
8985000000.0	7009853362.2	4041213796.4	8827820472.4
8986000000.0	7010469493.6	4041417957.2	8828799557.3
8987000000.0	7011085596.1	4041622093.1	8829778641.4
8988000000.0	7011701669.8	4041826204.3	8830757724.7
8989000000.0	7012317714.7	4042030290.7	8831736807.3
8990000000.0	7012933730.8	4042234352.3	8832715889.2
8991000000.0	7013549718.1	4042438389.0	8833694970.3
8992000000.0	7014165676.5	4042642401.0	8834674050.7
8993000000.0	7014781606.1	4042846388.3	8835653130.3
8994000000.0	7015397506.9	4043050350.7	8836632209.1
8995000000.0	7016013378.9	4043254288.4	8837611287.2
8996000000.0	7016629222.1	4043458201.3	8838590364.6
8997000000.0	7017245036.4	4043662089.4	8839569441.2
8998000000.0	7017860822.0	4043865952.8	8840548517.1
8999000000.0	7018476578.8	4044069791.4	8841527592.2
9000000000.0	7019092306.7	4044273605.3	8842506666.5
9001000000.0	7019708005.9	4044477394.4	8843485740.1
9002000000.0	7020323676.2	4044681158.8	8844464813.0
9003000000.0	7020939317.8	4044884898.4	8845443885.1
9004000000.0	7021554930.6	4045088613.4	8846422956.5
9005000000.0	7022170514.5	4045292303.5	8847402027.1
9006000000.0	7022786069.7	4045495969.0	8848381096.9
9007000000.0	7023401596.1	4045699609.8	8849360166.0
9008000000.0	7024017093.7	4045903225.8	8850339234.4
9009000000.0	7024632562.6	4046106817.1	8851318302.0
9010000000.0	7025248002.6	4046310383.7	8852297368.9
9011000000.0	7025863413.9	4046513925.6	8853276435.0
9012000000.0	7026478796.4	4046717442.8	8854255500.3
9013000000.0	7027094150.1	4046920935.4	8855234564.9
9014000000.0	7027709475.0	4047124403.2	8856213628.8
9015000000.0	7028324771.2	4047327846.4	8857192691.9
9016000000.0	7028940038.6	4047531264.8	8858171754.2
9017000000.0	7029555277.2	4047734658.7	8859150815.9
9018000000.0	7030170487.1	4047938027.8	8860129876.7
9019000000.0	7030785668.2	4048141372.3	8861108936.8
9020000000.0	7031400820.5	4048344692.1	8862087996.2
9021000000.0	7032015944.1	4048547987.2	8863067054.8
9022000000.0	7032631038.9	4048751257.7	8864046112.6
9023000000.0	7033246104.9	4048954503.6	8865025169.7
9024000000.0	7033861142.3	4049157724.8	8866004226.1
9025000000.0	7034476150.8	4049360921.4	8866983281.7
9026000000.0	7035091130.6	4049564093.3	8867962336.6
9027000000.0	7035706081.7	4049767240.6	8868941390.7
9028000000.0	7036321004.0	4049970363.3	8869920444.0
9029000000.0	7036935897.6	4050173461.4	8870899496.6
9030000000.0	7037550762.4	4050376534.8	8871878548.5
9031000000.0	7038165598.5	4050579583.7	8872857599.6
9032000000.0	7038780405.8	4050782607.9	8873836650.0
9033000000.0	7039395184.4	4050985607.5	8874815699.6
9034000000.0	7040009934.3	4051188582.6	8875794748.4
9035000000.0	7040624655.5	4051391533.0	8876773796.5
9036000000.0	7041239347.9	4051594458.8	8877752843.9
9037000000.0	7041854011.6	4051797360.1	8878731890.5
9038000000.0	7042468646.5	4052000236.8	8879710936.3
9039000000.0	7043083252.8	4052203088.9	8880689981.4
9040000000.0	7043697830.3	4052405916.4	8881669025.8
9041000000.0	7044312379.1	4052608719.4	8882648069.4
9042000000.0	7044926899.2	4052811497.8	8883627112.3
9043000000.0	7045541390.5	4053014251.7	8884606154.4
9044000000.0	7046155853.2	4053216981.0	8885585195.7
9045000000.0	7046770287.1	4053419685.7	8886564236.3
9046000000.0	7047384692.4	4053622366.0	8887543276.2
9047000000.0	7047999068.9	4053825021.6	8888522315.3
9048000000.0	7048613416.7	4054027652.8	8889501353.7
9049000000.0	7049227735.8	4054230259.4	8890480391.3
9050000000.0	7049842026.2	4054432841.4	8891459428.1
9051000000.0	7050456288.0	4054635399.0	8892438464.2
9052000000.0	7051070521.0	4054837932.0	8893417499.6
9053000000.0	7051684725.3	4055040440.6	8894396534.2
9054000000.0	7052298900.9	4055242924.6	8895375568.0
9055000000.0	7052913047.9	4055445384.1	8896354601.1
9056000000.0	7053527166.1	4055647819.1	8897333633.5
9057000000.0	7054141255.7	4055850229.6	8898312665.1
9058000000.0	7054755316.5	4056052615.6	8899291696.0
9059000000.0	7055369348.7	4056254977.2	8900270726.1
9060000000.0	7055983352.2	4056457314.2	8901249755.4
9061000000.0	7056597327.1	4056659626.8	8902228784.0
9062000000.0	7057211273.2	4056861914.9	8903207811.9
9063000000.0	7057825190.7	4057064178.6	8904186839.0
9064000000.0	7058439079.5	4057266417.7	8905165865.4
9065000000.0	7059052939.6	4057468632.5	8906144891.0
9066000000.0	7059666771.1	4057670822.7	8907123915.8
9067000000.0	7060280573.9	4057872988.5	8908102939.9
9068000000.0	7060894348.0	4058075129.9	8909081963.3
9069000000.0	7061508093.5	4058277246.8	8910060985.9
9070000000.0	7062121810.3	4058479339.3	8911040007.7
9071000000.0	7062735498.5	4058681407.4	8912019028.8
9072000000.0	7063349158.0	4058883451.0	8912998049.2
9073000000.0	7063962788.8	4059085470.2	8913977068.8
9074000000.0	7064576391.0	4059287465.0	8914956087.7
9075000000.0	7065189964.5	4059489435.3	8915935105.8
9076000000.0	7065803509.4	4059691381.3	8916914123.1
9077000000.0	7066417025.6	4059893302.8	8917893139.7
9078000000.0	7067030513.2	4060095200.0	8918872155.6
9079000000.0	7067643972.2	4060297072.7	8919851170.7
9080000000.0	7068257402.5	4060498921.1	8920830185.1
9081000000.0	7068870804.1	4060700745.0	8921809198.7
9082000000.0	7069484177.2	4060902544.6	8922788211.5
9083000000.0	7070097521.5	4061104319.8	8923767223.6
9084000000.0	7070710837.3	4061306070.6	8924746235.0
9085000000.0	7071324124.4	4061507797.1	8925725245.6
9086000000.0	7071937382.9	4061709499.2	8926704255.4
9087000000.0	7072550612.8	4061911176.9	8927683264.6
9088000000.0	7073163814.0	4062112830.3	8928662272.9
9089000000.0	7073776986.7	4062314459.3	8929641280.5
9090000000.0	7074390130.7	4062516063.9	8930620287.4
9091000000.0	7075003246.1	4062717644.3	8931599293.5
9092000000.0	7075616332.8	4062919200.2	8932578298.8
9093000000.0	7076229391.0	4063120731.9	8933557303.4
9094000000.0	7076842420.5	4063322239.2	8934536307.3
9095000000.0	7077455421.4	4063523722.2	8935515310.4
9096000000.0	7078068393.8	4063725180.8	8936494312.8
9097000000.0	7078681337.5	4063926615.2	8937473314.4
9098000000.0	7079294252.6	4064128025.2	8938452315.2
9099000000.0	7079907139.1	4064329410.9	8939431315.3
9100000000.0	7080519997.0	4064530772.4	8940410314.7
9101000000.0	7081132826.3	4064732109.5	8941389313.3
9102000000.0	7081745627.0	4064933422.3	8942368311.2
9103000000.0	7082358399.1	4065134710.8	8943347308.3
9104000000.0	7082971142.6	4065335975.1	8944326304.6
9105000000.0	7083583857.5	4065537215.0	8945305300.2
9106000000.0	7084196543.9	4065738430.7	8946284295.1
9107000000.0	7084809201.6	4065939622.1	8947263289.2
9108000000.0	7085421830.8	4066140789.2	8948242282.6
9109000000.0	7086034431.4	4066341932.1	8949221275.2
9110000000.0	7086647003.4	4066543050.7	8950200267.0
9111000000.0	7087259546.8	4066744145.1	8951179258.1
9112000000.0	7087872061.6	4066945215.2	8952158248.5
9113000000.0	7088484547.9	4067146261.0	8953137238.1
9114000000.0	7089097005.6	4067347282.6	8954116227.0
9115000000.0	7089709434.7	4067548280.0	8955095215.1
9116000000.0	7090321835.3	4067749253.1	8956074202.4
9117000000.0	7090934207.3	4067950202.0	8957053189.0
9118000000.0	7091546550.7	4068151126.7	8958032174.9
9119000000.0	7092158865.5	4068352027.2	8959011160.0
9120000000.0	7092771151.8	4068552903.4	8959990144.4
9121000000.0	7093383409.6	4068753755.4	8960969128.0
9122000000.0	7093995638.8	4068954583.3	8961948110.8
9123000000.0	7094607839.4	4069155386.9	8962927092.9
9124000000.0	7095220011.5	4069356166.3	8963906074.3
9125000000.0	7095832155.0	4069556921.5	8964885054.9
9126000000.0	7096444269.9	4069757652.5	8965864034.8
9127000000.0	7097056356.4	4069958359.4	8966843013.9
9128000000.0	7097668414.3	4070159042.0	8967821992.2
9129000000.0	7098280443.6	4070359700.5	8968800969.8
9130000000.0	7098892444.4	4070560334.8	8969779946.7
9131000000.0	7099504416.6	4070760945.0	8970758922.8
9132000000.0	7100116360.4	4070961531.0	8971737898.2
9133000000.0	7100728275.6	4071162092.8	8972716872.8
9134000000.0	7101340162.2	4071362630.4	8973695846.6
9135000000.0	7101952020.3	4071563143.9	8974674819.7
9136000000.0	7102563849.9	4071763633.3	8975653792.1
9137000000.0	7103175651.0	4071964098.5	8976632763.7
9138000000.0	7103787423.5	4072164539.6	8977611734.6
9139000000.0	7104399167.5	4072364956.5	8978590704.7
9140000000.0	7105010883.0	4072565349.4	8979569674.0
9141000000.0	7105622570.0	4072765718.0	8980548642.6
9142000000.0	7106234228.5	4072966062.6	8981527610.5
9143000000.0	7106845858.4	4073166383.1	8982506577.6
9144000000.0	7107457459.8	4073366679.4	8983485544.0
9145000000.0	7108069032.8	4073566951.6	8984464509.6
9146000000.0	7108680577.2	4073767199.8	8985443474.4
9147000000.0	7109292093.1	4073967423.8	8986422438.6
9148000000.0	7109903580.5	4074167623.7	8987401401.9
9149000000.0	7110515039.4	4074367799.6	8988380364.5
9150000000.0	7111126469.8	4074567951.3	8989359326.4
9151000000.0	7111737871.6	4074768079.0	8990338287.5
9152000000.0	7112349245.0	4074968182.6	8991317247.9
9153000000.0	7112960589.9	4075168262.1	8992296207.5
9154000000.0	7113571906.3	4075368317.6	8993275166.3
9155000000.0	7114183194.3	4075568349.0	8994254124.4
9156000000.0	7114794453.7	4075768356.3	8995233081.8
9157000000.0	7115405684.6	4075968339.6	8996212038.4
9158000000.0	7116016887.1	4076168298.8	8997190994.3
9159000000.0	7116628061.1	4076368234.0	8998169949.4
9160000000.0	7117239206.5	4076568145.1	8999148903.8
9161000000.0	7117850323.6	4076768032.2	9000127857.4
9162000000.0	7118461412.1	4076967895.3	9001106810.2
9163000000.0	7119072472.1	4077167734.3	9002085762.3
9164000000.0	7119683503.7	4077367549.3	9003064713.7
9165000000.0	7120294506.8	4077567340.3	9004043664.3
9166000000.0	7120905481.5	4077767107.3	9005022614.2
9167000000.0	7121516427.7	4077966850.2	9006001563.3
9168000000.0	7122127345.4	4078166569.2	9006980511.6
9169000000.0	7122738234.6	4078366264.1	9007959459.3
9170000000.0	7123349095.4	4078565935.0	9008938406.1
9171000000.0	7123959927.7	4078765582.0	9009917352.2
9172000000.0	7124570731.6	4078965205.0	9010896297.6
9173000000.0	7125181507.0	4079164803.9	9011875242.2
9174000000.0	7125792254.0	4079364378.9	9012854186.1
9175000000.0	7126402972.5	4079563929.9	9013833129.2
9176000000.0	7127013662.5	4079763457.0	9014812071.6
9177000000.0	7127624324.1	4079962960.0	9015791013.2
9178000000.0	7128234957.3	4080162439.1	9016769954.0
9179000000.0	7128845562.0	4080361894.3	9017748894.1
9180000000.0	7129456138.3	4080561325.5	9018727833.5
9181000000.0	7130066686.1	4080760732.7	9019706772.1
9182000000.0	7130677205.6	4080960116.0	9020685710.0
9183000000.0	7131287696.5	4081159475.3	9021664647.1
9184000000.0	7131898159.1	4081358810.7	9022643583.5
9185000000.0	7132508593.2	4081558122.2	9023622519.1
9186000000.0	7133118998.8	4081757409.7	9024601453.9
9187000000.0	7133729376.1	4081956673.4	9025580388.1
9188000000.0	7134339724.9	4082155913.0	9026559321.4
9189000000.0	7134950045.3	4082355128.8	9027538254.0
9190000000.0	7135560337.3	4082554320.7	9028517185.9
9191000000.0	7136170600.8	4082753488.6	9029496117.0
9192000000.0	7136780836.0	4082952632.7	9030475047.4
9193000000.0	7137391042.7	4083151752.8	9031453977.0
9194000000.0	7138001221.0	4083350849.1	9032432905.9
9195000000.0	7138611370.9	4083549921.4	9033411834.0
9196000000.0	7139221492.4	4083748969.9	9034390761.3
9197000000.0	7139831585.4	4083947994.5	9035369688.0
9198000000.0	7140441650.1	4084146995.2	9036348613.8
9199000000.0	7141051686.4	4084345972.0	9037327538.9
9200000000.0	7141661694.2	4084544925.0	9038306463.3
9201000000.0	7142271673.7	4084743854.1	9039285386.9
9202000000.0	7142881624.8	4084942759.3	9040264309.8
9203000000.0	7143491547.4	4085141640.7	9041243231.9
9204000000.0	7144101441.7	4085340498.3	9042222153.3
9205000000.0	7144711307.6	4085539331.9	9043201073.9
9206000000.0	7145321145.1	4085738141.8	9044179993.8
9207000000.0	7145930954.2	4085936927.8	9045158912.9
9208000000.0	7146540734.9	4086135689.9	9046137831.2
9209000000.0	7147150487.3	4086334428.3	9047116748.9
9210000000.0	7147760211.2	4086533142.8	9048095665.7
9211000000.0	7148369906.8	4086731833.4	9049074581.8
9212000000.0	7148979574.0	4086930500.3	9050053497.2
9213000000.0	7149589212.8	4087129143.3	9051032411.8
9214000000.0	7150198823.3	4087327762.6	9052011325.7
9215000000.0	7150808405.4	4087526358.0	9052990238.8
9216000000.0	7151417959.1	4087724929.6	9053969151.2
9217000000.0	7152027484.4	4087923477.5	9054948062.8
9218000000.0	7152636981.4	4088122001.5	9055926973.7
9219000000.0	7153246450.0	4088320501.7	9056905883.8
9220000000.0	7153855890.2	4088518978.2	9057884793.2
9221000000.0	7154465302.1	4088717430.9	9058863701.8
9222000000.0	7155074685.6	4088915859.8	9059842609.6
9223000000.0	7155684040.8	4089114264.9	9060821516.8
9224000000.0	7156293367.6	4089312646.3	9061800423.1
9225000000.0	7156902666.1	4089511003.9	9062779328.8
9226000000.0	7157511936.2	4089709337.7	9063758233.6
9227000000.0	7158121178.0	4089907647.8	9064737137.7
9228000000.0	7158730391.4	4090105934.2	9065716041.1
9229000000.0	7159339576.4	4090304196.8	9066694943.7
9230000000.0	7159948733.2	4090502435.6	9067673845.6
9231000000.0	7160557861.6	4090700650.7	9068652746.7
9232000000.0	7161166961.6	4090898842.1	9069631647.1
9233000000.0	7161776033.3	4091097009.8	9070610546.7
9234000000.0	7162385076.7	4091295153.7	9071589445.6
9235000000.0	7162994091.8	4091493273.9	9072568343.7
9236000000.0	7163603078.5	4091691370.4	9073547241.1
9237000000.0	7164212036.9	4091889443.2	9074526137.7
9238000000.0	7164820966.9	4092087492.3	9075505033.6
9239000000.0	7165429868.7	4092285517.6	9076483928.7
9240000000.0	7166038742.1	4092483519.3	9077462823.1
9241000000.0	7166647587.2	4092681497.3	9078441716.7
9242000000.0	7167256404.0	4092879451.6	9079420609.6
9243000000.0	7167865192.4	4093077382.2	9080399501.7
9244000000.0	7168473952.6	4093275289.1	9081378393.1
9245000000.0	7169082684.4	4093473172.3	9082357283.7
9246000000.0	7169691387.9	4093671031.9	9083336173.6
9247000000.0	7170300063.1	4093868867.8	9084315062.7
9248000000.0	7170908710.0	4094066680.0	9085293951.1
9249000000.0	7171517328.6	4094264468.6	9086272838.7
9250000000.0	7172125918.9	4094462233.5	9087251725.6
9251000000.0	7172734480.9	4094659974.8	9088230611.7
9252000000.0	7173343014.6	4094857692.4	9089209497.1
9253000000.0	7173951520.0	4095055386.3	9090188381.7
9254000000.0	7174559997.1	4095253056.7	9091167265.6
9255000000.0	7175168446.0	4095450703.4	9092146148.7
9256000000.0	7175776866.5	4095648326.4	9093125031.1
9257000000.0	7176385258.7	4095845925.9	9094103912.7
9258000000.0	7176993622.7	4096043501.7	9095082793.6
9259000000.0	7177601958.3	4096241053.9	9096061673.7
9260000000.0	7178210265.7	4096438582.5	9097040553.1
9261000000.0	7178818544.8	4096636087.4	9098019431.7
9262000000.0	7179426795.6	4096833568.8	9098998309.6
9263000000.0	7180035018.1	4097031026.6	9099977186.7
9264000000.0	7180643212.4	4097228460.7	9100956063.1
9265000000.0	7181251378.4	4097425871.3	9101934938.7
9266000000.0	7181859516.1	4097623258.3	9102913813.6
9267000000.0	7182467625.6	4097820621.7	9103892687.7
9268000000.0	7183075706.8	4098017961.5	9104871561.1
9269000000.0	7183683759.7	4098215277.7	9105850433.7
9270000000.0	7184291784.3	4098412570.4	9106829305.6
9271000000.0	7184899780.7	4098609839.5	9107808176.7
9272000000.0	7185507748.8	4098807085.0	9108787047.1
9273000000.0	7186115688.7	4099004307.0	9109765916.7
9274000000.0	7186723600.3	4099201505.5	9110744785.6
9275000000.0	7187331483.7	4099398680.3	9111723653.7
9276000000.0	7187939338.8	4099595831.7	9112702521.1
9277000000.0	7188547165.7	4099792959.4	9113681387.7
9278000000.0	7189154964.3	4099990063.7	9114660253.6
9279000000.0	7189762734.7	4100187144.4	9115639118.7
9280000000.0	7190370476.8	4100384201.6	9116617983.1
9281000000.0	7190978190.7	4100581235.2	9117596846.7
9282000000.0	7191585876.3	4100778245.4	9118575709.6
9283000000.0	7192193533.7	4100975232.0	9119554571.7
9284000000.0	7192801162.9	4101172195.1	9120533433.1
9285000000.0	7193408763.9	4101369134.7	9121512293.8
9286000000.0	7194016336.6	4101566050.8	9122491153.6
9287000000.0	7194623881.0	4101762943.4	9123470012.8
9288000000.0	7195231397.3	4101959812.5	9124448871.2
9289000000.0	7195838885.3	4102156658.1	9125427728.8
9290000000.0	7196446345.1	4102353480.2	9126406585.7
9291000000.0	7197053776.7	4102550278.8	9127385441.8
9292000000.0	7197661180.0	4102747054.0	9128364297.2
9293000000.0	7198268555.2	4102943805.7	9129343151.8
9294000000.0	7198875902.1	4103140533.9	9130322005.7
9295000000.0	7199483220.8	4103337238.6	9131300858.8
9296000000.0	7200090511.3	4103533919.9	9132279711.2
9297000000.0	7200697773.6	4103730577.7	9133258562.8
9298000000.0	7201305007.7	4103927212.1	9134237413.7
9299000000.0	7201912213.5	4104123823.0	9135216263.9
9300000000.0	7202519391.2	4104320410.5	9136195113.2
9301000000.0	7203126540.7	4104516974.5	9137173961.9
9302000000.0	7203733661.9	4104713515.1	9138152809.8
9303000000.0	7204340755.0	4104910032.3	9139131656.9
9304000000.0	7204947819.9	4105106526.0	9140110503.3
9305000000.0	7205554856.5	4105302996.3	9141089348.9
9306000000.0	7206161865.0	4105499443.2	9142068193.8
9307000000.0	7206768845.3	4105695866.7	9143047037.9
9308000000.0	7207375797.4	4105892266.7	9144025881.3
9309000000.0	7207982721.3	4106088643.4	9145004724.0
9310000000.0	7208589617.0	4106284996.6	9145983565.8
9311000000.0	7209196484.6	4106481326.5	9146962407.0
9312000000.0	7209803324.0	4106677632.9	9147941247.4
9313000000.0	7210410135.1	4106873916.0	9148920087.0
9314000000.0	7211016918.2	4107070175.6	9149898925.9
9315000000.0	7211623673.0	4107266411.9	9150877764.0
9316000000.0	7212230399.6	4107462624.8	9151856601.4
9317000000.0	7212837098.1	4107658814.4	9152835438.1
9318000000.0	7213443768.5	4107854980.5	9153814273.9
9319000000.0	7214050410.6	4108051123.3	9154793109.1
9320000000.0	7214657024.6	4108247242.8	9155771943.5
9321000000.0	7215263610.4	4108443338.9	9156750777.1
9322000000.0	7215870168.1	4108639411.6	9157729610.0
9323000000.0	7216476697.6	4108835461.0	9158708442.1
9324000000.0	7217083199.0	4109031487.0	9159687273.5
9325000000.0	7217689672.1	4109227489.7	9160666104.2
9326000000.0	7218296117.2	4109423469.0	9161644934.1
9327000000.0	7218902534.1	4109619425.1	9162623763.2
9328000000.0	7219508922.8	4109815357.8	9163602591.6
9329000000.0	7220115283.4	4110011267.1	9164581419.2
9330000000.0	7220721615.8	4110207153.2	9165560246.1
9331000000.0	7221327920.2	4110403015.9	9166539072.3
9332000000.0	7221934196.3	4110598855.3	9167517897.6
9333000000.0	7222540444.3	4110794671.4	9168496722.3
9334000000.0	7223146664.2	4110990464.2	9169475546.2
9335000000.0	7223752856.0	4111186233.8	9170454369.3
9336000000.0	7224359019.6	4111381980.0	9171433191.7
9337000000.0	7224965155.1	4111577702.9	9172412013.4
9338000000.0	7225571262.4	4111773402.5	9173390834.3
9339000000.0	7226177341.6	4111969078.9	9174369654.4
9340000000.0	7226783392.7	4112164732.0	9175348473.8
9341000000.0	7227389415.7	4112360361.7	9176327292.4
9342000000.0	7227995410.6	4112555968.3	9177306110.3
9343000000.0	7228601377.3	4112751551.5	9178284927.5
9344000000.0	7229207315.9	4112947111.5	9179263743.9
9345000000.0	7229813226.4	4113142648.3	9180242559.5
9346000000.0	7230419108.8	4113338161.8	9181221374.4
9347000000.0	7231024963.1	4113533652.0	9182200188.6
9348000000.0	7231630789.2	4113729119.0	9183179001.9
9349000000.0	7232236587.3	4113924562.8	9184157814.6
9350000000.0	7232842357.2	4114119983.3	9185136626.5
9351000000.0	7233448099.1	4114315380.6	9186115437.6
9352000000.0	7234053812.8	4114510754.6	9187094248.0
9353000000.0	7234659498.4	4114706105.4	9188073057.7
9354000000.0	7235265156.0	4114901433.0	9189051866.6
9355000000.0	7235870785.4	4115096737.4	9190030674.7
9356000000.0	7236476386.8	4115292018.6	9191009482.1
9357000000.0	7237081960.0	4115487276.6	9191988288.8
9358000000.0	7237687505.2	4115682511.4	9192967094.7
9359000000.0	7238293022.3	4115877722.9	9193945899.8
9360000000.0	7238898511.3	4116072911.3	9194924704.2
9361000000.0	7239503972.2	4116268076.5	9195903507.9
9362000000.0	7240109405.0	4116463218.5	9196882310.8
9363000000.0	7240714809.7	4116658337.3	9197861112.9
9364000000.0	7241320186.4	4116853432.9	9198839914.3
9365000000.0	7241925535.0	4117048505.4	9199818715.0
9366000000.0	7242530855.5	4117243554.6	9200797514.9
9367000000.0	7243136147.9	4117438580.8	9201776314.0
9368000000.0	7243741412.3	4117633583.7	9202755112.4
9369000000.0	7244346648.6	4117828563.5	9203733910.1
9370000000.0	7244951856.8	4118023520.1	9204712707.0
9371000000.0	7245557037.0	4118218453.6	9205691503.1
9372000000.0	7246162189.1	4118413364.0	9206670298.5
9373000000.0	7246767313.1	4118608251.2	9207649093.2
9374000000.0	7247372409.1	4118803115.2	9208627887.1
9375000000.0	7247977477.0	4118997956.2	9209606680.2
9376000000.0	7248582516.9	4119192774.0	9210585472.6
9377000000.0	7249187528.7	4119387568.6	9211564264.3
9378000000.0	7249792512.5	4119582340.2	9212543055.2
9379000000.0	7250397468.2	4119777088.6	9213521845.3
9380000000.0	7251002395.8	4119971814.0	9214500634.7
9381000000.0	7251607295.4	4120166516.2	9215479423.4
9382000000.0	7252212167.0	4120361195.3	9216458211.3
9383000000.0	7252817010.6	4120555851.3	9217436998.5
9384000000.0	7253421826.0	4120750484.2	9218415784.9
9385000000.0	7254026613.5	4120945094.0	9219394570.5
9386000000.0	7254631372.9	4121139680.7	9220373355.4
9387000000.0	7255236104.3	4121334244.4	9221352139.6
9388000000.0	7255840807.6	4121528785.0	9222330923.0
9389000000.0	7256445483.0	4121723302.4	9223309705.7
9390000000.0	7257050130.3	4121917796.9	9224288487.6
9391000000.0	7257654749.5	4122112268.2	9225267268.7
9392000000.0	7258259340.8	4122306716.5	9226246049.1
9393000000.0	7258863904.0	4122501141.7	9227224828.8
9394000000.0	7259468439.2	4122695543.9	9228203607.7
9395000000.0	7260072946.4	4122889923.0	9229182385.8
9396000000.0	7260677425.5	4123084279.1	9230161163.3
9397000000.0	7261281876.7	4123278612.1	9231139939.9
9398000000.0	7261886299.8	4123472922.1	9232118715.8
9399000000.0	7262490694.9	4123667209.0	9233097491.0
9400000000.0	7263095062.1	4123861472.9	9234076265.4
9401000000.0	7263699401.2	4124055713.8	9235055039.1
9402000000.0	7264303712.3	4124249931.7	9236033812.0
9403000000.0	7264907995.4	4124444126.6	9237012584.1
9404000000.0	7265512250.5	4124638298.4	9237991355.5
9405000000.0	7266116477.6	4124832447.2	9238970126.2
9406000000.0	7266720676.7	4125026573.0	9239948896.1
9407000000.0	7267324847.8	4125220675.9	9240927665.3
9408000000.0	7267928990.9	4125414755.7	9241906433.7
9409000000.0	7268533106.0	4125608812.5	9242885201.4
9410000000.0	7269137193.2	4125802846.3	9243863968.3
9411000000.0	7269741252.3	4125996857.2	9244842734.4
9412000000.0	7270345283.5	4126190845.0	9245821499.8
9413000000.0	7270949286.7	4126384809.9	9246800264.5
9414000000.0	7271553261.9	4126578751.8	9247779028.4
9415000000.0	7272157209.1	4126772670.8	9248757791.6
9416000000.0	7272761128.3	4126966566.8	9249736554.0
9417000000.0	7273365019.6	4127160439.8	9250715315.7
9418000000.0	7273968882.9	4127354289.8	9251694076.6
9419000000.0	7274572718.2	4127548116.9	9252672836.8
9420000000.0	7275176525.5	4127741921.1	9253651596.2
9421000000.0	7275780304.9	4127935702.3	9254630354.8
9422000000.0	7276384056.3	4128129460.6	9255609112.8
9423000000.0	7276987779.8	4128323195.9	9256587869.9
9424000000.0	7277591475.3	4128516908.3	9257566626.3
9425000000.0	7278195142.8	4128710597.8	9258545382.0
9426000000.0	7278798782.4	4128904264.3	9259524136.9
9427000000.0	7279402394.0	4129097907.9	9260502891.1
9428000000.0	7280005977.7	4129291528.6	9261481644.5
9429000000.0	7280609533.4	4129485126.4	9262460397.2
9430000000.0	7281213061.1	4129678701.3	9263439149.1
9431000000.0	7281816560.9	4129872253.3	9264417900.3
9432000000.0	7282420032.8	4130065782.4	9265396650.7
9433000000.0	7283023476.7	4130259288.6	9266375400.4
9434000000.0	7283626892.7	4130452771.8	9267354149.3
9435000000.0	7284230280.7	4130646232.2	9268332897.5
9436000000.0	7284833640.8	4130839669.8	9269311644.9
9437000000.0	7285436973.0	4131033084.4	9270290391.6
9438000000.0	7286040277.2	4131226476.2	9271269137.5
9439000000.0	7286643553.5	4131419845.0	9272247882.7
9440000000.0	7287246801.8	4131613191.1	9273226627.1
9441000000.0	7287850022.3	4131806514.2	9274205370.8
9442000000.0	7288453214.8	4131999814.5	9275184113.7
9443000000.0	7289056379.3	4132193092.0	9276162855.9
9444000000.0	7289659516.0	4132386346.5	9277141597.3
9445000000.0	7290262624.7	4132579578.3	9278120338.0
9446000000.0	7290865705.5	4132772787.2	9279099077.9
9447000000.0	7291468758.4	4132965973.2	9280077817.1
9448000000.0	7292071783.4	4133159136.5	9281056555.5
9449000000.0	7292674780.5	4133352276.9	9282035293.2
9450000000.0	7293277749.6	4133545394.4	9283014030.1
9451000000.0	7293880690.9	4133738489.2	9283992766.3
9452000000.0	7294483604.2	4133931561.1	9284971501.7
9453000000.0	7295086489.7	4134124610.2	9285950236.4
9454000000.0	7295689347.2	4134317636.5	9286928970.3
9455000000.0	7296292176.8	4134510640.0	9287907703.5
9456000000.0	7296894978.5	4134703620.6	9288886435.9
9457000000.0	7297497752.4	4134896578.5	9289865167.6
9458000000.0	7298100498.3	4135089513.6	9290843898.5
9459000000.0	7298703216.3	4135282425.9	9291822628.7
9460000000.0	7299305906.5	4135475315.4	9292801358.1
9461000000.0	7299908568.7	4135668182.1	9293780086.8
9462000000.0	7300511203.1	4135861026.1	9294758814.7
9463000000.0	7301113809.6	4136053847.2	9295737541.9
9464000000.0	7301716388.2	4136246645.6	9296716268.3
9465000000.0	7302318938.9	4136439421.3	9297694994.0
9466000000.0	7302921461.7	4136632174.2	9298673719.0
9467000000.0	7303523956.7	4136824904.3	9299652443.1
9468000000.0	7304126423.7	4137017611.6	9300631166.6
9469000000.0	7304728862.9	4137210296.2	9301609889.3
9470000000.0	7305331274.3	4137402958.1	9302588611.2
9471000000.0	7305933657.7	4137595597.2	9303567332.4
9472000000.0	7306536013.3	4137788213.6	9304546052.8
9473000000.0	7307138341.0	4137980807.2	9305524772.5
9474000000.0	7307740640.9	4138173378.1	9306503491.4
9475000000.0	7308342912.9	4138365926.3	9307482209.6
9476000000.0	7308945157.0	4138558451.8	9308460927.1
9477000000.0	7309547373.3	4138750954.5	9309439643.7
9478000000.0	7310149561.7	4138943434.6	9310418359.7
9479000000.0	7310751722.3	4139135891.9	9311397074.9
9480000000.0	7311353855.0	4139328326.5	9312375789.3
9481000000.0	7311955959.8	4139520738.4	9313354503.0
9482000000.0	7312558036.8	4139713127.6	9314333215.9
9483000000.0	7313160086.0	4139905494.1	9315311928.1
9484000000.0	7313762107.3	4140097837.9	9316290639.6
9485000000.0	7314364100.8	4140290159.1	9317269350.3
9486000000.0	7314966066.4	4140482457.5	9318248060.2
9487000000.0	7315568004.2	4140674733.3	9319226769.4
9488000000.0	7316169914.1	4140866986.4	9320205477.8
9489000000.0	7316771796.2	4141059216.9	9321184185.5
9490000000.0	7317373650.5	4141251424.6	9322162892.5
9491000000.0	7317975476.9	4141443609.7	9323141598.7
9492000000.0	7318577275.5	4141635772.2	9324120304.1
9493000000.0	7319179046.3	4141827912.0	9325099008.8
9494000000.0	7319780789.3	4142020029.1	9326077712.7
9495000000.0	7320382504.4	4142212123.6	9327056415.9
9496000000.0	7320984191.7	4142404195.5	9328035118.4
9497000000.0	7321585851.2	4142596244.7	9329013820.1
9498000000.0	7322187482.9	4142788271.2	9329992521.0
9499000000.0	7322789086.7	4142980275.2	9330971221.2
9500000000.0	7323390662.8	4143172256.5	9331949920.7
9501000000.0	7323992211.0	4143364215.2	9332928619.4
9502000000.0	7324593731.4	4143556151.3	9333907317.3
9503000000.0	7325195224.0	4143748064.8	9334886014.5
9504000000.0	7325796688.8	4143939955.6	9335864710.9
9505000000.0	7326398125.8	4144131823.9	9336843406.6
9506000000.0	7326999535.0	4144323669.5	9337822101.6
9507000000.0	7327600916.4	4144515492.6	9338800795.8
9508000000.0	7328202270.0	4144707293.0	9339779489.2
9509000000.0	7328803595.8	4144899070.9	9340758181.9
9510000000.0	7329404893.8	4145090826.2	9341736873.9
9511000000.0	7330006164.0	4145282558.9	9342715565.1
9512000000.0	7330607406.4	4145474269.0	9343694255.5
9513000000.0	7331208621.0	4145665956.5	9344672945.2
9514000000.0	7331809807.8	4145857621.5	9345651634.2
9515000000.0	7332410966.9	4146049263.9	9346630322.4
9516000000.0	7333012098.1	4146240883.7	9347609009.8
9517000000.0	7333613201.6	4146432481.0	9348587696.5
9518000000.0	7334214277.3	4146624055.8	9349566382.5
9519000000.0	7334815325.2	4146815607.9	9350545067.7
9520000000.0	7335416345.4	4147007137.6	9351523752.2
9521000000.0	7336017337.7	4147198644.7	9352502435.9
9522000000.0	7336618302.3	4147390129.2	9353481118.8
9523000000.0	7337219239.1	4147581591.2	9354459801.0
9524000000.0	7337820148.2	4147773030.7	9355438482.5
9525000000.0	7338421029.5	4147964447.7	9356417163.2
9526000000.0	7339021883.0	4148155842.1	9357395843.1
9527000000.0	7339622708.8	4148347214.0	9358374522.3
9528000000.0	7340223506.8	4148538563.4	9359353200.8
9529000000.0	7340824277.0	4148729890.3	9360331878.5
9530000000.0	7341425019.5	4148921194.7	9361310555.5
9531000000.0	7342025734.2	4149112476.6	9362289231.7
9532000000.0	7342626421.2	4149303736.0	9363267907.1
9533000000.0	7343227080.4	4149494972.9	9364246581.8
9534000000.0	7343827711.9	4149686187.3	9365225255.8
9535000000.0	7344428315.6	4149877379.2	9366203929.0
9536000000.0	7345028891.6	4150068548.6	9367182601.5
9537000000.0	7345629439.8	4150259695.6	9368161273.2
9538000000.0	7346229960.3	4150450820.0	9369139944.2
9539000000.0	7346830453.1	4150641922.0	9370118614.4
9540000000.0	7347430918.1	4150833001.6	9371097283.8
9541000000.0	7348031355.4	4151024058.7	9372075952.5
9542000000.0	7348631764.9	4151215093.3	9373054620.5
9543000000.0	7349232146.8	4151406105.4	9374033287.7
9544000000.0	7349832500.8	4151597095.1	9375011954.2
9545000000.0	7350432827.2	4151788062.4	9375990619.9
9546000000.0	7351033125.8	4151979007.2	9376969284.9
9547000000.0	7351633396.7	4152169929.6	9377947949.1
9548000000.0	7352233639.9	4152360829.5	9378926612.5
9549000000.0	7352833855.4	4152551707.0	9379905275.3
9550000000.0	7353434043.1	4152742562.1	9380883937.2
9551000000.0	7354034203.1	4152933394.8	9381862598.4
9552000000.0	7354634335.5	4153124205.0	9382841258.9
9553000000.0	7355234440.1	4153314992.8	9383819918.6
9554000000.0	7355834516.9	4153505758.3	9384798577.6
9555000000.0	7356434566.1	4153696501.3	9385777235.8
9556000000.0	7357034587.6	4153887221.9	9386755893.3
9557000000.0	7357634581.4	4154077920.1	9387734550.0
9558000000.0	7358234547.4	4154268595.9	9388713206.0
9559000000.0	7358834485.8	4154459249.3	9389691861.2
9560000000.0	7359434396.4	4154649880.3	9390670515.7
9561000000.0	7360034279.4	4154840488.9	9391649169.4
9562000000.0	7360634134.7	4155031075.2	9392627822.4
9563000000.0	7361233962.3	4155221639.1	9393606474.6
9564000000.0	7361833762.1	4155412180.6	9394585126.1
9565000000.0	7362433534.3	4155602699.7	9395563776.8
9566000000.0	7363033278.8	4155793196.5	9396542426.8
9567000000.0	7363632995.6	4155983670.9	9397521076.0
9568000000.0	7364232684.8	4156174123.0	9398499724.5
9569000000.0	7364832346.2	4156364552.7	9399478372.2
9570000000.0	7365431980.0	4156554960.1	9400457019.2
9571000000.0	7366031586.1	4156745345.1	9401435665.4
9572000000.0	7366631164.5	4156935707.8	9402414310.9
9573000000.0	7367230715.3	4157126048.1	9403392955.6
9574000000.0	7367830238.3	4157316366.1	9404371599.6
9575000000.0	7368429733.7	4157506661.8	9405350242.8
9576000000.0	7369029201.4	4157696935.1	9406328885.3
9577000000.0	7369628641.5	4157887186.1	9407307527.0
9578000000.0	7370228053.9	4158077414.9	9408286168.0
9579000000.0	7370827438.6	4158267621.3	9409264808.2
9580000000.0	7371426795.7	4158457805.3	9410243447.7
9581000000.0	7372026125.1	4158647967.1	9411222086.4
9582000000.0	7372625426.9	4158838106.6	9412200724.4
9583000000.0	7373224701.0	4159028223.8	9413179361.6
9584000000.0	7373823947.4	4159218318.7	9414157998.1
9585000000.0	7374423166.2	4159408391.3	9415136633.9
9586000000.0	7375022357.4	4159598441.6	9416115268.8
9587000000.0	7375621520.9	4159788469.6	9417093903.1
9588000000.0	7376220656.7	4159978475.4	9418072536.6
9589000000.0	7376819764.9	4160168458.9	9419051169.3
9590000000.0	7377418845.5	4160358420.1	9420029801.3
9591000000.0	7378017898.4	4160548359.0	9421008432.5
9592000000.0	7378616923.7	4160738275.7	9421987063.0
9593000000.0	7379215921.4	4160928170.1	9422965692.7
9594000000.0	7379814891.4	4161118042.3	9423944321.7
9595000000.0	7380413833.8	4161307892.2	9424922950.0
9596000000.0	7381012748.5	4161497719.9	9425901577.4
9597000000.0	7381611635.6	4161687525.3	9426880204.2
9598000000.0	7382210495.1	4161877308.5	9427858830.2
9599000000.0	7382809327.0	4162067069.5	9428837455.4
9600000000.0	7383408131.2	4162256808.2	9429816079.9
9601000000.0	7384006907.9	4162446524.7	9430794703.6
9602000000.0	7384605656.9	4162636219.0	9431773326.6
9603000000.0	7385204378.3	4162825891.0	9432751948.9
9604000000.0	7385803072.1	4163015540.9	9433730570.4
9605000000.0	7386401738.2	4163205168.5	9434709191.1
9606000000.0	7387000376.8	4163394773.9	9435687811.1
9607000000.0	7387598987.7	4163584357.1	9436666430.3
9608000000.0	7388197571.0	4163773918.1	9437645048.8
9609000000.0	7388796126.8	4163963457.0	9438623666.6
9610000000.0	7389394654.9	4164152973.6	9439602283.6
9611000000.0	7389993155.4	4164342468.0	9440580899.8
9612000000.0	7390591628.3	4164531940.3	9441559515.3
9613000000.0	7391190073.7	4164721390.4	9442538130.1
9614000000.0	7391788491.4	4164910818.3	9443516744.1
9615000000.0	7392386881.5	4165100224.0	9444495357.3
9616000000.0	7392985244.1	4165289607.6	9445473969.8
9617000000.0	7393583579.0	4165478968.9	9446452581.6
9618000000.0	7394181886.4	4165668308.2	9447431192.6
9619000000.0	7394780166.2	4165857625.3	9448409802.8
9620000000.0	7395378418.4	4166046920.2	9449388412.3
9621000000.0	7395976643.0	4166236192.9	9450367021.1
9622000000.0	7396574840.0	4166425443.6	9451345629.1
9623000000.0	7397173009.4	4166614672.1	9452324236.3
9624000000.0	7397771151.3	4166803878.4	9453302842.8
9625000000.0	7398369265.6	4166993062.6	9454281448.6
9626000000.0	7398967352.3	4167182224.7	9455260053.6
9627000000.0	7399565411.5	4167371364.7	9456238657.8
9628000000.0	7400163443.1	4167560482.5	9457217261.3
9629000000.0	7400761447.1	4167749578.2	9458195864.1
9630000000.0	7401359423.5	4167938651.8	9459174466.1
9631000000.0	7401957372.4	4168127703.3	9460153067.3
9632000000.0	7402555293.7	4168316732.7	9461131667.8
9633000000.0	7403153187.5	4168505740.0	9462110267.6
9634000000.0	7403751053.7	4168694725.2	9463088866.6
9635000000.0	7404348892.3	4168883688.3	9464067464.9
9636000000.0	7404946703.4	4169072629.3	9465046062.4
9637000000.0	7405544487.0	4169261548.2	9466024659.1
9638000000.0	7406142243.0	4169450445.0	9467003255.1
9639000000.0	7406739971.4	4169639319.8	9467981850.4
9640000000.0	7407337672.3	4169828172.5	9468960444.9
9641000000.0	7407935345.7	4170017003.1	9469939038.7
9642000000.0	7408532991.5	4170205811.6	9470917631.7
9643000000.0	7409130609.7	4170394598.1	9471896223.9
9644000000.0	7409728200.5	4170583362.5	9472874815.5
9645000000.0	7410325763.6	4170772104.8	9473853406.2
9646000000.0	7410923299.3	4170960825.1	9474831996.2
9647000000.0	7411520807.4	4171149523.4	9475810585.5
9648000000.0	7412118288.0	4171338199.6	9476789174.0
9649000000.0	7412715741.1	4171526853.8	9477767761.8
9650000000.0	7413313166.6	4171715485.9	9478746348.8
9651000000.0	7413910564.6	4171904096.0	9479724935.1
9652000000.0	7414507935.1	4172092684.1	9480703520.6
9653000000.0	7415105278.1	4172281250.1	9481682105.3
9654000000.0	7415702593.5	4172469794.2	9482660689.4
9655000000.0	7416299881.4	4172658316.2	9483639272.6
9656000000.0	7416897141.8	4172846816.2	9484617855.2
9657000000.0	7417494374.7	4173035294.1	9485596436.9
9658000000.0	7418091580.1	4173223750.1	9486575017.9
9659000000.0	7418688758.0	4173412184.1	9487553598.2
9660000000.0	7419285908.3	4173600596.1	9488532177.7
9661000000.0	7419883031.2	4173788986.1	9489510756.5
9662000000.0	7420480126.5	4173977354.0	9490489334.5
9663000000.0	7421077194.4	4174165700.1	9491467911.8
9664000000.0	7421674234.7	4174354024.1	9492446488.3
9665000000.0	7422271247.6	4174542326.1	9493425064.1
9666000000.0	7422868232.9	4174730606.2	9494403639.1
9667000000.0	7423465190.8	4174918864.3	9495382213.4
9668000000.0	7424062121.2	4175107100.4	9496360786.9
9669000000.0	7424659024.0	4175295314.6	9497339359.7
9670000000.0	7425255899.4	4175483506.8	9498317931.7
9671000000.0	7425852747.3	4175671677.0	9499296503.0
9672000000.0	7426449567.7	4175859825.3	9500275073.5
9673000000.0	7427046360.6	4176047951.7	9501253643.3
9674000000.0	7427643126.1	4176236056.1	9502232212.3
9675000000.0	7428239864.0	4176424138.6	9503210780.6
9676000000.0	7428836574.5	4176612199.1	9504189348.1
9677000000.0	7429433257.5	4176800237.7	9505167914.9
9678000000.0	7430029913.0	4176988254.3	9506146481.0
9679000000.0	7430626541.1	4177176249.1	9507125046.2
9680000000.0	7431223141.7	4177364221.9	9508103610.8
9681000000.0	7431819714.8	4177552172.8	9509082174.5
9682000000.0	7432416260.5	4177740101.8	9510060737.6
9683000000.0	7433012778.7	4177928008.9	9511039299.9
9684000000.0	7433609269.4	4178115894.0	9512017861.4
9685000000.0	7434205732.6	4178303757.3	9512996422.2
9686000000.0	7434802168.4	4178491598.7	9513974982.2
9687000000.0	7435398576.8	4178679418.2	9514953541.5
9688000000.0	7435994957.7	4178867215.8	9515932100.0
9689000000.0	7436591311.1	4179054991.5	9516910657.8
9690000000.0	7437187637.1	4179242745.3	9517889214.9
9691000000.0	7437783935.6	4179430477.2	9518867771.2
9692000000.0	7438380206.7	4179618187.3	9519846326.7
9693000000.0	7438976450.4	4179805875.5	9520824881.5
9694000000.0	7439572666.6	4179993541.8	9521803435.5
9695000000.0	7440168855.3	4180181186.2	9522781988.8
9696000000.0	7440765016.6	4180368808.8	9523760541.4
9697000000.0	7441361150.5	4180556409.6	9524739093.1
9698000000.0	7441957257.0	4180743988.5	9525717644.2
9699000000.0	7442553336.0	4180931545.5	9526696194.5
9700000000.0	7443149387.5	4181119080.7	9527674744.0
9701000000.0	7443745411.7	4181306594.1	9528653292.8
9702000000.0	7444341408.4	4181494085.6	9529631840.9
9703000000.0	7444937377.7	4181681555.3	9530610388.2
9704000000.0	7445533319.6	4181869003.1	9531588934.7
9705000000.0	7446129234.0	4182056429.1	9532567480.5
9706000000.0	7446725121.0	4182243833.4	9533546025.5
9707000000.0	7447320980.6	4182431215.7	9534524569.8
9708000000.0	7447916812.8	4182618576.3	9535503113.4
9709000000.0	7448512617.6	4182805915.1	9536481656.2
9710000000.0	7449108394.9	4182993232.0	9537460198.2
9711000000.0	7449704144.8	4183180527.2	9538438739.5
9712000000.0	7450299867.4	4183367800.5	9539417280.1
9713000000.0	7450895562.5	4183555052.1	9540395819.9
9714000000.0	7451491230.2	4183742281.9	9541374358.9
9715000000.0	7452086870.5	4183929489.9	9542352897.2
9716000000.0	7452682483.4	4184116676.1	9543331434.8
9717000000.0	7453278068.9	4184303840.5	9544309971.6
9718000000.0	7453873627.0	4184490983.1	9545288507.6
9719000000.0	7454469157.8	4184678104.0	9546267043.0
9720000000.0	7455064661.1	4184865203.1	9547245577.5
9721000000.0	7455660137.0	4185052280.4	9548224111.3
9722000000.0	7456255585.5	4185239336.0	9549202644.4
9723000000.0	7456851006.7	4185426369.8	9550181176.7
9724000000.0	7457446400.4	4185613381.9	9551159708.2
9725000000.0	7458041766.8	4185800372.2	9552138239.0
9726000000.0	7458637105.8	4185987340.7	9553116769.1
9727000000.0	7459232417.4	4186174287.6	9554095298.4
9728000000.0	7459827701.6	4186361212.6	9555073827.0
9729000000.0	7460422958.5	4186548116.0	9556052354.8
9730000000.0	7461018187.9	4186734997.6	9557030881.8
9731000000.0	7461613390.0	4186921857.5	9558009408.2
9732000000.0	7462208564.8	4187108695.7	9558987933.7
9733000000.0	7462803712.1	4187295512.1	9559966458.5
9734000000.0	7463398832.1	4187482306.9	9560944982.6
9735000000.0	7463993924.7	4187669079.9	9561923505.9
9736000000.0	7464588990.0	4187855831.2	9562902028.5
9737000000.0	7465184027.9	4188042560.8	9563880550.3
9738000000.0	7465779038.4	4188229268.7	9564859071.3
9739000000.0	7466374021.6	4188415954.9	9565837591.7
9740000000.0	7466968977.4	4188602619.5	9566816111.2
9741000000.0	7467563905.9	4188789262.3	9567794630.1
9742000000.0	7468158807.0	4188975883.4	9568773148.1
9743000000.0	7468753680.7	4189162482.9	9569751665.4
9744000000.0	7469348527.1	4189349060.7	9570730182.0
9745000000.0	7469943346.2	4189535616.8	9571708697.8
9746000000.0	7470538137.9	4189722151.2	9572687212.9
9747000000.0	7471132902.3	4189908664.0	9573665727.2
9748000000.0	7471727639.3	4190095155.1	9574644240.8
9749000000.0	7472322349.0	4190281624.6	9575622753.6
9750000000.0	7472917031.3	4190468072.4	9576601265.7
9751000000.0	7473511686.3	4190654498.5	9577579777.0
9752000000.0	7474106314.0	4190840903.0	9578558287.6
9753000000.0	7474700914.4	4191027285.9	9579536797.4
9754000000.0	7475295487.4	4191213647.1	9580515306.5
9755000000.0	7475890033.1	4191399986.7	9581493814.8
9756000000.0	7476484551.4	4191586304.6	9582472322.4
9757000000.0	7477079042.5	4191772601.0	9583450829.2
9758000000.0	7477673506.2	4191958875.7	9584429335.3
9759000000.0	7478267942.6	4192145128.7	9585407840.6
9760000000.0	7478862351.6	4192331360.2	9586386345.2
9761000000.0	7479456733.4	4192517570.0	9587364849.0
9762000000.0	7480051087.8	4192703758.3	9588343352.1
9763000000.0	7480645414.9	4192889924.9	9589321854.4
9764000000.0	7481239714.8	4193076069.9	9590300356.0
9765000000.0	7481833987.3	4193262193.3	9591278856.9
9766000000.0	7482428232.4	4193448295.2	9592257356.9
9767000000.0	7483022450.3	4193634375.4	9593235856.3
9768000000.0	7483616640.9	4193820434.1	9594214354.9
9769000000.0	7484210804.2	4194006471.1	9595192852.7
9770000000.0	7484804940.2	4194192486.6	9596171349.8
9771000000.0	7485399048.9	4194378480.5	9597149846.1
9772000000.0	7485993130.2	4194564452.9	9598128341.7
9773000000.0	7486587184.3	4194750403.6	9599106836.5
9774000000.0	7487181211.1	4194936332.8	9600085330.6
9775000000.0	7487775210.6	4195122240.5	9601063824.0
9776000000.0	7488369182.8	4195308126.6	9602042316.6
9777000000.0	7488963127.8	4195493991.1	9603020808.4
9778000000.0	7489557045.4	4195679834.1	9603999299.5
9779000000.0	7490150935.8	4195865655.5	9604977789.8
9780000000.0	7490744798.8	4196051455.4	9605956279.4
9781000000.0	7491338634.6	4196237233.8	9606934768.3
9782000000.0	7491932443.2	4196422990.6	9607913256.4
9783000000.0	7492526224.4	4196608725.9	9608891743.7
9784000000.0	7493119978.4	4196794439.7	9609870230.3
9785000000.0	7493713705.1	4196980131.9	9610848716.1
9786000000.0	7494307404.5	4197165802.6	9611827201.2
9787000000.0	7494901076.7	4197351451.8	9612805685.6
9788000000.0	7495494721.5	4197537079.5	9613784169.2
9789000000.0	7496088339.2	4197722685.7	9614762652.0
9790000000.0	7496681929.5	4197908270.4	9615741134.1
9791000000.0	7497275492.6	4198093833.6	9616719615.5
9792000000.0	7497869028.5	4198279375.2	9617698096.1
9793000000.0	7498462537.1	4198464895.4	9618676575.9
9794000000.0	7499056018.4	4198650394.1	9619655055.0
9795000000.0	7499649472.5	4198835871.3	9620633533.4
9796000000.0	7500242899.3	4199021327.0	9621612011.0
9797000000.0	7500836298.9	4199206761.3	9622590487.8
9798000000.0	7501429671.2	4199392174.1	9623568963.9
9799000000.0	7502023016.3	4199577565.4	9624547439.3
9800000000.0	7502616334.1	4199762935.2	9625525913.9
9801000000.0	7503209624.7	4199948283.6	9626504387.8
9802000000.0	7503802888.1	4200133610.5	9627482860.9
9803000000.0	7504396124.2	4200318915.9	9628461333.2
9804000000.0	7504989333.1	4200504199.9	9629439804.8
9805000000.0	7505582514.7	4200689462.5	9630418275.7
9806000000.0	7506175669.1	4200874703.6	9631396745.8
9807000000.0	7506768796.3	4201059923.3	9632375215.2
9808000000.0	7507361896.2	4201245121.5	9633353683.8
9809000000.0	7507954969.0	4201430298.3	9634332151.6
9810000000.0	7508548014.5	4201615453.7	9635310618.7
9811000000.0	7509141032.7	4201800587.6	9636289085.1
9812000000.0	7509734023.8	4201985700.1	9637267550.7
9813000000.0	7510326987.6	4202170791.2	9638246015.6
9814000000.0	7510919924.2	4202355860.9	9639224479.7
9815000000.0	7511512833.6	4202540909.1	9640202943.1
9816000000.0	7512105715.8	4202725936.0	9641181405.7
9817000000.0	7512698570.8	4202910941.5	9642159867.5
9818000000.0	7513291398.5	4203095925.5	9643138328.7
9819000000.0	7513884199.1	4203280888.2	9644116789.0
9820000000.0	7514476972.4	4203465829.4	9645095248.6
9821000000.0	7515069718.6	4203650749.3	9646073707.5
9822000000.0	7515662437.5	4203835647.8	9647052165.6
9823000000.0	7516255129.3	4204020524.9	9648030623.0
9824000000.0	7516847793.8	4204205380.6	9649009079.6
9825000000.0	7517440431.1	4204390215.0	9649987535.5
9826000000.0	7518033041.3	4204575028.0	9650965990.6
9827000000.0	7518625624.2	4204759819.6	9651944445.0
9828000000.0	7519218180.0	4204944589.8	9652922898.6
9829000000.0	7519810708.6	4205129338.7	9653901351.5
9830000000.0	7520403209.9	4205314066.3	9654879803.6
9831000000.0	7520995684.1	4205498772.5	9655858255.0
9832000000.0	7521588131.1	4205683457.3	9656836705.6
9833000000.0	7522180551.0	4205868120.8	9657815155.5
9834000000.0	7522772943.6	4206052762.9	9658793604.6
9835000000.0	7523365309.1	4206237383.8	9659772053.0
9836000000.0	7523957647.4	4206421983.2	9660750500.6
9837000000.0	7524549958.5	4206606561.4	9661728947.5
9838000000.0	7525142242.5	4206791118.2	9662707393.7
9839000000.0	7525734499.2	4206975653.7	9663685839.0
9840000000.0	7526326728.8	4207160167.9	9664664283.7
9841000000.0	7526918931.3	4207344660.7	9665642727.5
9842000000.0	7527511106.5	4207529132.3	9666621170.7
9843000000.0	7528103254.6	4207713582.5	9667599613.1
9844000000.0	7528695375.6	4207898011.5	9668578054.7
9845000000.0	7529287469.4	4208082419.1	9669556495.6
9846000000.0	7529879536.0	4208266805.5	9670534935.7
9847000000.0	7530471575.5	4208451170.5	9671513375.1
9848000000.0	7531063587.8	4208635514.3	9672491813.7
9849000000.0	7531655573.0	4208819836.7	9673470251.6
9850000000.0	7532247531.0	4209004137.9	9674448688.8
9851000000.0	7532839461.8	4209188417.8	9675427125.2
9852000000.0	7533431365.6	4209372676.5	9676405560.8
9853000000.0	7534023242.1	4209556913.9	9677383995.7
9854000000.0	7534615091.6	4209741130.0	9678362429.8
9855000000.0	7535206913.9	4209925324.8	9679340863.2
9856000000.0	7535798709.0	4210109498.4	9680319295.9
9857000000.0	7536390477.0	4210293650.7	9681297727.8
9858000000.0	7536982217.9	4210477781.7	9682276158.9
9859000000.0	7537573931.6	4210661891.6	9683254589.3
9860000000.0	7538165618.3	4210845980.1	9684233019.0
9861000000.0	7538757277.7	4211030047.5	9685211447.9
9862000000.0	7539348910.1	4211214093.6	9686189876.0
9863000000.0	7539940515.3	4211398118.4	9687168303.4
9864000000.0	7540532093.4	4211582122.0	9688146730.1
9865000000.0	7541123644.4	4211766104.4	9689125156.0
9866000000.0	7541715168.3	4211950065.6	9690103581.1
9867000000.0	7542306665.0	4212134005.6	9691082005.5
9868000000.0	7542898134.6	4212317924.3	9692060429.2
9869000000.0	7543489577.1	4212501821.9	9693038852.1
9870000000.0	7544080992.5	4212685698.2	9694017274.2
9871000000.0	7544672380.8	4212869553.3	9694995695.6
9872000000.0	7545263742.0	4213053387.2	9695974116.3
9873000000.0	7545855076.0	4213237199.9	9696952536.2
9874000000.0	7546446383.0	4213420991.4	9697930955.3
9875000000.0	7547037662.9	4213604761.8	9698909373.7
9876000000.0	7547628915.6	4213788510.9	9699887791.4
9877000000.0	7548220141.3	4213972238.9	9700866208.3
9878000000.0	7548811339.8	4214155945.7	9701844624.5
9879000000.0	7549402511.3	4214339631.3	9702823039.9
9880000000.0	7549993655.7	4214523295.7	9703801454.5
9881000000.0	7550584772.9	4214706939.0	9704779868.5
9882000000.0	7551175863.1	4214890561.1	9705758281.6
9883000000.0	7551766926.2	4215074162.0	9706736694.0
9884000000.0	7552357962.2	4215257741.8	9707715105.7
9885000000.0	7552948971.1	4215441300.4	9708693516.6
9886000000.0	7553539953.0	4215624837.9	9709671926.8
9887000000.0	7554130907.7	4215808354.3	9710650336.2
9888000000.0	7554721835.4	4215991849.4	9711628744.9
9889000000.0	7555312736.0	4216175323.5	9712607152.8
9890000000.0	7555903609.5	4216358776.4	9713585559.9
9891000000.0	7556494456.0	4216542208.2	9714563966.4
9892000000.0	7557085275.3	4216725618.9	9715542372.0
9893000000.0	7557676067.6	4216909008.4	9716520777.0
9894000000.0	7558266832.9	4217092376.8	9717499181.1
9895000000.0	7558857571.0	4217275724.1	9718477584.6
9896000000.0	7559448282.1	4217459050.3	9719455987.2
9897000000.0	7560038966.2	4217642355.3	9720434389.2
9898000000.0	7560629623.2	4217825639.3	9721412790.3
9899000000.0	7561220253.1	4218008902.2	9722391190.8
9900000000.0	7561810855.9	4218192143.9	9723369590.4
9901000000.0	7562401431.7	4218375364.6	9724347989.4
9902000000.0	7562991980.5	4218558564.2	9725326387.5
9903000000.0	7563582502.2	4218741742.7	9726304785.0
9904000000.0	7564172996.9	4218924900.1	9727283181.6
9905000000.0	7564763464.5	4219108036.4	9728261577.6
9906000000.0	7565353905.0	4219291151.6	9729239972.7
9907000000.0	7565944318.5	4219474245.8	9730218367.2
9908000000.0	7566534705.0	4219657318.9	9731196760.9
9909000000.0	7567125064.4	4219840371.0	9732175153.8
9910000000.0	7567715396.8	4220023401.9	9733153546.0
9911000000.0	7568305702.2	4220206411.9	9734131937.4
9912000000.0	7568895980.5	4220389400.7	9735110328.1
9913000000.0	7569486231.8	4220572368.5	9736088718.0
9914000000.0	7570076456.0	4220755315.3	9737067107.2
9915000000.0	7570666653.3	4220938241.0	9738045495.7
9916000000.0	7571256823.5	4221121145.7	9739023883.3
9917000000.0	7571846966.6	4221304029.3	9740002270.3
9918000000.0	7572437082.8	4221486891.9	9740980656.5
9919000000.0	7573027171.9	4221669733.5	9741959041.9
9920000000.0	7573617234.0	4221852554.0	9742937426.6
9921000000.0	7574207269.1	4222035353.6	9743915810.5
9922000000.0	7574797277.2	4222218132.1	9744894193.7
9923000000.0	7575387258.2	4222400889.6	9745872576.2
9924000000.0	7575977212.3	4222583626.0	9746850957.9
9925000000.0	7576567139.3	4222766341.5	9747829338.8
9926000000.0	7577157039.3	4222949036.0	9748807719.0
9927000000.0	7577746912.3	4223131709.5	9749786098.5
9928000000.0	7578336758.3	4223314361.9	9750764477.2
9929000000.0	7578926577.3	4223496993.4	9751742855.1
9930000000.0	7579516369.3	4223679603.9	9752721232.3
9931000000.0	7580106134.3	4223862193.4	9753699608.8
9932000000.0	7580695872.4	4224044761.9	9754677984.5
9933000000.0	7581285583.4	4224227309.4	9755656359.4
9934000000.0	7581875267.4	4224409836.0	9756634733.6
9935000000.0	7582464924.4	4224592341.6	9757613107.1
9936000000.0	7583054554.4	4224774826.2	9758591479.8
9937000000.0	7583644157.5	4224957289.9	9759569851.7
9938000000.0	7584233733.5	4225139732.6	9760548222.9
9939000000.0	7584823282.6	4225322154.3	9761526593.4
9940000000.0	7585412804.7	4225504555.1	9762504963.1
9941000000.0	7586002299.8	4225686934.9	9763483332.1
9942000000.0	7586591767.9	4225869293.8	9764461700.3
9943000000.0	7587181209.1	4226051631.8	9765440067.7
9944000000.0	7587770623.3	4226233948.8	9766418434.4
9945000000.0	7588360010.5	4226416244.8	9767396800.4
9946000000.0	7588949370.7	4226598520.0	9768375165.6
9947000000.0	7589538704.0	4226780774.2	9769353530.1
9948000000.0	7590128010.2	4226963007.5	9770331893.8
9949000000.0	7590717289.6	4227145219.8	9771310256.7
9950000000.0	7591306541.9	4227327411.3	9772288619.0
9951000000.0	7591895767.3	4227509581.8	9773266980.4
9952000000.0	7592484965.8	4227691731.4	9774245341.1
9953000000.0	7593074137.2	4227873860.1	9775223701.1
9954000000.0	7593663281.8	4228055968.0	9776202060.3
9955000000.0	7594252399.3	4228238054.9	9777180418.8
9956000000.0	7594841489.9	4228420120.9	9778158776.5
9957000000.0	7595430553.6	4228602166.0	9779137133.5
9958000000.0	7596019590.3	4228784190.2	9780115489.7
9959000000.0	7596608600.1	4228966193.6	9781093845.2
9960000000.0	7597197582.9	4229148176.0	9782072199.9
9961000000.0	7597786538.7	4229330137.6	9783050553.9
9962000000.0	7598375467.7	4229512078.3	9784028907.1
9963000000.0	7598964369.7	4229693998.2	9785007259.6
9964000000.0	7599553244.7	4229875897.2	9785985611.3
9965000000.0	7600142092.8	4230057775.3	9786963962.3
9966000000.0	7600730914.0	4230239632.5	9787942312.5
9967000000.0	7601319708.2	4230421468.9	9788920662.0
9968000000.0	7601908475.5	4230603284.5	9789899010.7
9969000000.0	7602497215.9	4230785079.1	9790877358.7
9970000000.0	7603085929.4	4230966853.0	9791855705.9
9971000000.0	7603674615.9	4231148606.0	9792834052.4
9972000000.0	7604263275.5	4231330338.2	9793812398.1
9973000000.0	7604851908.2	4231512049.5	9794790743.1
9974000000.0	7605440514.0	4231693740.0	9795769087.4
9975000000.0	7606029092.8	4231875409.7	9796747430.8
9976000000.0	7606617644.7	4232057058.5	9797725773.6
9977000000.0	7607206169.7	4232238686.5	9798704115.6
9978000000.0	7607794667.8	4232420293.7	9799682456.8
9979000000.0	7608383139.0	4232601880.1	9800660797.3
9980000000.0	7608971583.3	4232783445.7	9801639137.0
9981000000.0	7609560000.7	4232964990.5	9802617476.0
9982000000.0	7610148391.1	4233146514.5	9803595814.3
9983000000.0	7610736754.7	4233328017.6	9804574151.7
9984000000.0	7611325091.4	4233509500.0	9805552488.5
9985000000.0	7611913401.1	4233690961.6	9806530824.5
9986000000.0	7612501684.0	4233872402.4	9807509159.7
9987000000.0	7613089940.0	4234053822.4	9808487494.2
9988000000.0	7613678169.0	4234235221.6	9809465828.0
9989000000.0	7614266371.2	4234416600.1	9810444161.0
9990000000.0	7614854546.5	4234597957.8	9811422493.2
9991000000.0	7615442694.9	4234779294.7	9812400824.7
9992000000.0	7616030816.4	4234960610.8	9813379155.5
9993000000.0	7616618911.0	4235141906.2	9814357485.5
9994000000.0	7617206978.8	4235323180.8	9815335814.7
9995000000.0	7617795019.6	4235504434.7	9816314143.2
9996000000.0	7618383033.6	4235685667.8	9817292471.0
9997000000.0	7618971020.7	4235866880.2	9818270798.0
9998000000.0	7619558981.0	4236048071.8	9819249124.2
9999000000.0	7620146914.3	4236229242.6	9820227449.7
