chr	pos1	pos2	chr2	pos3	pos4	pvalue_added	Stripiness_added	O_Mean_added	O_Sum_added	O/E_Mean_added	O/E_Total_added
chr1	6360001	6430000	chr1	6360001	7190000	0.7740286298568507	0.06658020377651025	14.213233972755196	8257.888938170769	2.5582753782659604	10404.50596340766
chr1	13770001	13810000	chr1	13770001	15690000	0.4396728016359918	0.4848771081521689	7.1523562764144195	5493.009620286274	2.9816046421431732	9159.489460663828
chr1	15970001	16020000	chr1	15090001	16020000	0.3496932515337423	-0.5720245894444044	10.10643539948876	4699.492460762273	1.0703080332029447	2488.4661771968463
chr1	16090001	16130000	chr1	16090001	17170000	0.12372188139059304	0.9870927208719441	9.361312461144463	4044.086983214408	1.5787964504483427	2728.1602663747362
chr1	16650001	16690000	chr1	16650001	17130000	0.4703476482617587	-1.0831378101420757	17.187330853542345	3299.9675238801306	1.4025587591215238	1077.1651270053303
chr1	21380001	21420000	chr1	21380001	23540000	0.547034764826176	-2.596568126639584	5.342585411612657	4573.253112340435	1.8780442717810506	6490.521003275311
chr1	22240001	22280000	chr1	20790001	22280000	0.3670756646216769	-0.5326417282451542	8.3830384904166	4996.290940288294	2.8694136039580167	6840.682031835911
chr1	22370001	22410000	chr1	22370001	23130000	0.15081799591002046	-3.1764191837038176	15.287336643844768	4525.051646578051	1.6755333852364962	1983.8315281200114
chr1	23230001	23280000	chr1	22260001	23280000	0.11094069529652352	-0.7743607680043735	11.104824665101019	5552.412332550509	2.0319057252040413	5181.359599270305
chr1	23320001	23390000	chr1	23320001	24240000	0.22443762781186094	-1.1912609637891949	14.197256954749289	9143.033478858542	1.8259819484906814	8231.526623795991
chr1	23620001	23660000	chr1	22250001	23660000	0.5378323108384458	-1.2707882838909714	8.123157019109945	4516.475302625129	1.213508401296966	2737.674953325955
chr1	23730001	23770000	chr1	23730001	25470000	0.7024539877300613	-2.158376115596443	7.060454347868881	4914.076226116741	1.2917975530268302	3596.364387626695
chr1	23810001	23850000	chr1	23810001	25830000	0.7438650306748467	-2.5222531274321023	6.768684256906333	5469.096879580317	1.260583117717103	4074.2046364616767
chr1	23810001	23850000	chr1	22280001	23850000	0.852760736196319	-2.3329834560870677	6.77770152862898	4202.174947749968	1.1596610252793456	2913.068495501716
chr1	23990001	24030000	chr1	22300001	24030000	0.7556237218813906	-2.107552642167103	7.691949550118176	5261.293492280833	1.3105674008803274	3627.6505656367463
chr1	24350001	24400000	chr1	24350001	25870000	0.09049079754601227	0.7756745532285381	9.542548365417698	7252.33675771745	2.173755741569309	8260.271817963374
chr1	24730001	24770000	chr1	24730001	25840000	0.8476482617586912	-4.888761882122296	11.38996895301341	5057.146215137954	2.1162783316372797	3758.5103169878084
chr1	24850001	24910000	chr1	24850001	25840000	0.10224948875255624	0.6216864313263721	12.306612730739499	7310.127962059262	1.8440010276759968	6572.019662637253
chr1	25770001	25830000	chr1	25040001	25830000	0.16973415132924335	1.0504540818692407	18.377485933559445	8710.928332507177	1.9744767097860159	5615.411762631429
chr1	25830001	25890000	chr1	25830001	28900000	0.5265848670756647	-2.997246628812988	4.826908177676856	8891.164863280768	2.55116539603369	28195.47995696434
chr1	26660001	26700000	chr1	26660001	28980000	0.824642126789366	-4.560146026225133	4.547039344072269	4219.652511299066	1.9102047253426844	7090.679940472044
chr1	26670001	26710000	chr1	24330001	26710000	0.8123721881390593	-2.6804216617684666	4.143911620610624	3945.0038628213147	1.316183075709754	5012.025152302743
chr1	28320001	28360000	chr1	25030001	28360000	0.8711656441717791	-7.948818438497385	4.228612725195096	5632.512149959868	2.3474000840571927	12506.947647856723
chr1	34390001	34460000	chr1	33740001	34460000	0.04243353783231084	2.346299862449198	17.963064212767943	9053.384363235044	1.7615567191872294	6214.772105292545
chr1	34560001	34600000	chr1	33700001	34600000	0.34100204498977504	-0.6973052704539422	14.332639581306923	5159.7502492704925	1.1858450848579956	1707.6169221955136
chr1	34650001	34710000	chr1	34650001	35620000	0.5787321063394683	-1.297075756214081	11.11312312557682	6467.83765908571	1.0617425458631322	3707.604970154058
chr1	35640001	35680000	chr1	33570001	35680000	0.7433537832310838	-1.8611832607702474	6.189539955490672	5223.9717224341275	1.2060622107386103	4071.6660234535484
chr1	35640001	35690000	chr1	35640001	36300000	0.7372188139059305	-1.50142123703032	15.757642571659485	5200.02204864763	1.38953740186239	2292.7367130729435
chr1	35830001	35880000	chr1	35830001	36570000	0.6416155419222904	-0.8937099789029337	14.78064053189134	5468.836996799796	0.9885144611838046	1828.7517531900385
chr1	35830001	35860000	chr1	34560001	35860000	0.8404907975460123	-3.972678002134307	9.449212421773197	3685.192844491547	1.8733468384225769	2191.815800954415
chr1	35830001	35860000	chr1	34670001	35860000	0.8047034764826176	-3.7955039884969777	10.192918956944062	3638.8720676290304	1.9136431555602995	2049.5118196050807
chr1	35960001	36000000	chr1	35010001	36000000	0.901840490797546	-6.335110809999081	13.38677615866423	5301.163358831035	2.166161022903084	3431.199060278485
chr1	36050001	36090000	chr1	34130001	36090000	0.8256646216768917	-8.909953771092452	7.684276169750282	6024.472517084221	2.639619161040091	8277.845689021726
chr1	36050001	36090000	chr1	34430001	36090000	0.8573619631901841	-9.591290223627343	8.91970235401285	5922.682363064533	2.868807798533672	7619.553512905432
chr1	36510001	36560000	chr1	36510001	38120000	0.7147239263803681	-1.9052381662549096	9.436358244102236	7596.2683865023	1.4125506946187274	5685.516545840378
chr1	37850001	37890000	chr1	36100001	37890000	0.803680981595092	-2.143919211546652	6.666941780545838	4773.53031487082	1.5061837634371682	4313.710298484049
chr1	38720001	38790000	chr1	38280001	38790000	0.08895705521472393	2.19229134507187	22.04307290817089	7869.377028217007	2.0357286349473074	5087.285858733321
chr1	38980001	39020000	chr1	38980001	40090000	0.278118609406953	1.4000363821205886	12.006747405044903	5330.995847839937	2.3402403174207884	4156.2668037393205
chr1	39500001	39560000	chr1	38000001	39560000	0.31850715746421265	-0.6489418533300861	8.975452568476397	8401.023604093907	1.620375283506028	9100.027592169854
chr1	40070001	40110000	chr1	37280001	40110000	0.6707566462167689	-1.3075775528705922	3.6000722096204534	4075.2817412903532	0.8731136534901751	3953.458623003513
chr1	40340001	40380000	chr1	39600001	40380000	0.2581799591002045	-0.7733727650124864	12.240259575298268	3818.9609874930593	1.4718496258047942	1836.8683330043832
chr1	43070001	43110000	chr1	43070001	44220000	0.901840490797546	-2.4018318714054	7.8363848351902705	3604.7370241875246	1.354668623088507	2492.5902664828527
chr1	43250001	43310000	chr1	43250001	44060000	0.7147239263803681	-0.865780245755123	12.7607521976577	6201.725568061643	1.7349261992490863	5059.044797010336
chr1	47260001	47320000	chr1	47260001	50980000	0.8374233128834356	-8.857971594541448	3.437968266041628	7673.545169804914	3.5176912716976685	47108.92151057518
chr1	47780001	47820000	chr1	47780001	49570000	0.6278118609406953	-4.135984425381928	6.4277109329831665	4602.241028015947	2.959382654384694	8475.671922157764
chr1	48500001	48540000	chr1	48500001	49270000	0.7331288343558282	-2.1277028841722787	13.542787043316773	4171.178409341566	1.7078345036560183	2104.0521085042146
chr1	50020001	50060000	chr1	47290001	50060000	0.8650306748466258	-7.324549191565038	4.5254581622750285	5014.207643800732	2.79993746812395	12409.322858725347
chr1	51320001	51370000	chr1	49040001	51370000	0.6359918200408998	-3.2287367668744538	5.737371601030594	6684.037915200642	2.0167958050999264	11747.835564707071
chr1	51450001	51490000	chr1	51450001	53370000	0.6068507157464214	-0.9028162726317761	5.713267589728261	4387.789508911304	0.9930606021842108	3050.6821699098955
chr1	51580001	51630000	chr1	50500001	51630000	0.20143149284253578	0.09307033348495418	10.105971259121482	5709.873761403637	1.497862517082969	4231.461610759387
chr1	51610001	51650000	chr1	51610001	52680000	0.7822085889570553	-1.993737577614211	8.795201114460438	3764.3460769890676	1.272000401481449	2177.6646873362406
chr1	52260001	52300000	chr1	52260001	52970000	0.8384458077709611	-2.1658047403580625	13.330498531847706	3785.8615830447484	1.4643019430579474	1663.4470073138282
chr1	52480001	52520000	chr1	52480001	53350000	0.5010224948875256	-1.63432185586984	13.45291981974647	4681.616097271772	1.4795679338109016	2059.558563864775
chr1	53010001	53050000	chr1	52100001	53050000	0.3312883435582822	-0.9923550768989065	13.081320094956704	4970.901636083548	1.6092581960196286	2446.0724579498356
chr1	54310001	54370000	chr1	53670001	54370000	0.4570552147239264	-4.375832926574123	16.926193604081732	7109.001313714327	2.3248795333484997	5858.696424038219
chr1	54640001	54680000	chr1	54640001	55250000	0.2331288343558282	0.006553656960818024	15.271968194089133	3726.3602393577485	1.4408029424164426	1406.2236717984479
chr1	55960001	55990000	chr1	55960001	57420000	0.7878323108384458	-5.795278246102828	7.52993979834013	3298.1136316729767	2.6523639479079777	3485.2062275510825
chr1	57370001	57420000	chr1	57370001	60580000	0.5848670756646217	-1.6619931167466628	3.1603135725350047	5072.303283918683	1.3254028683968844	10636.358018884997
chr1	60840001	60880000	chr1	59850001	60880000	0.065439672801636	3.6411310458647583	11.89747361650431	4901.759129999776	2.1995792526691904	3624.9066083988255
chr1	61130001	61180000	chr1	61130001	63210000	0.7234151329243353	-8.365245264943772	6.5119236846254145	6772.400632010431	2.9546439134287463	15364.14834982948
chr1	61900001	61950000	chr1	61900001	62980000	0.6554192229038855	-0.8083646379552031	10.666093919304522	5759.690716424442	2.2403630124191807	6048.980133531788
chr1	62550001	62590000	chr1	60370001	62590000	0.8650306748466258	-5.803910698428285	5.9212286260949245	5258.051019972293	2.0029295277825763	7114.405682683711
chr1	62740001	62810000	chr1	62740001	63180000	0.4105316973415133	-2.1310016398777547	24.212077576964035	7457.319893704923	1.3329265383787472	2873.789616744579
chr1	63630001	63670000	chr1	63630001	65070000	0.4652351738241309	-1.5200472087681547	9.388120579525154	5407.557453806488	3.541038639499682	8158.553025407267
chr1	63730001	63770000	chr1	63730001	65010000	0.5030674846625767	-4.865623017280152	12.27108540794449	6282.795728867579	3.656467051662539	7488.4445218048795
chr1	64410001	64450000	chr1	63660001	64450000	0.03783231083844581	-11.094781520893328	22.632505257852145	7151.871661481277	4.387512564404144	5545.815881406837
chr1	64690001	64730000	chr1	62690001	64730000	0.675357873210634	-1.9641492163829934	5.269945484190641	4300.275515099564	1.570447768636838	5125.94151683064
chr1	64890001	64930000	chr1	63040001	64930000	0.8261758691206544	-3.434341382655638	7.074463054795384	5348.29406942531	1.7069146368596726	5161.70986186365
chr1	65160001	65190000	chr1	63260001	65190000	0.4437627811860941	-1.9656504554323215	5.4183502611633445	3137.2248012135765	1.4489292229790716	2516.7900603146472
chr1	65270001	65320000	chr1	65270001	66710000	0.8982617586912065	-13.61282234590826	11.983668752449741	8628.241501763814	4.876320326785339	17554.75317642722
chr1	65520001	65560000	chr1	65520001	66830000	0.7310838445807771	-2.4078242676981314	9.705946265820028	5085.915843289695	1.8256512111197998	3826.5649385071
chr1	66060001	66110000	chr1	65230001	66110000	0.24897750511247446	2.8977056530713963	16.020707819138615	7049.111440420991	3.8273238561655085	8420.112483564119
chr1	66410001	66450000	chr1	65010001	66450000	0.5342535787321063	-3.8539706524933774	9.720537002339757	5599.0293133477	2.3384932585662104	5387.888467736549
chr1	66780001	66830000	chr1	66090001	66830000	0.6728016359918201	-0.9358782905139474	13.710261841258417	5072.7968812656145	1.0640471935760003	1968.4873081156004
chr1	67610001	67650000	chr1	67610001	69160000	0.24539877300613497	1.035194685985257	7.280878975806963	4514.144965000317	2.568932125103536	6370.95167025677
chr1	69080001	69120000	chr1	67780001	69120000	0.47137014314928427	-6.252559702475977	11.339049257434421	6077.73040198485	3.4852358670638144	7472.345698984818
chr1	72810001	72870000	chr1	72180001	72870000	0.06646216768916155	1.14520140919222	16.571348492256604	6860.538275794234	1.5446343203525126	3836.8716517556413
chr1	72850001	72890000	chr1	72850001	74390000	0.8471370143149284	-0.6608678912722045	9.970816498342508	6142.022962978985	3.802222370554714	9368.675921046815
chr1	72990001	73020000	chr1	72990001	74410000	0.8829243353783232	-5.418359096692839	9.78289831764072	4167.5146833149465	1.8834486491761082	2407.0473736470663
chr1	73500001	73550000	chr1	72400001	73550000	0.8957055214723927	-4.386996720911082	11.200084518365724	6440.048598060292	1.803143148876203	5184.036553019084
chr1	73580001	73620000	chr1	72720001	73620000	0.21830265848670755	-1.5046403411703728	15.228656815948579	5482.316453741489	2.893180241410439	4166.179547631032
chr1	73810001	73850000	chr1	72180001	73850000	0.3946830265848671	-1.5934168395374633	9.970606310412807	6660.365015355755	3.466081625082262	9261.370102219804
chr1	74070001	74110000	chr1	72170001	74110000	0.810838445807771	-3.7902000792577994	7.128876544359796	5532.008198423202	1.6218031354671285	5034.076932489967
chr1	74840001	74880000	chr1	74840001	75610000	0.7484662576687117	-1.8929655340673708	14.883252787066878	4226.843791526993	1.2800628937262755	1577.0374850707713
chr1	75270001	75320000	chr1	74070001	75320000	0.13394683026584867	-0.010815144771901765	12.714801930399412	7565.30714858765	1.686410712690907	5270.033477159084
chr1	75630001	75670000	chr1	75630001	77900000	0.1492842535787321	-1.7463554425279633	6.975625392209045	6333.867856125813	4.316163768767719	15676.306808164358
chr1	75900001	75940000	chr1	75900001	77390000	0.3834355828220859	0.0291158496973435	8.524123353846406	5080.377518892457	3.0154320328315833	7188.789966270495
chr1	76480001	76520000	chr1	76480001	77490000	0.8415132924335378	-4.173976987419019	11.950798169094403	4828.122460314139	2.0388420582841693	3294.7687661872174
chr1	77490001	77540000	chr1	75480001	77540000	0.03067484662576687	9.287441827383645	8.152431659407824	8397.004609190059	5.1579462126270315	26563.42299502921
chr1	77950001	77990000	chr1	77950001	78680000	0.15030674846625766	2.0947015234564947	13.78771592691736	4026.013050659869	2.0238265770876187	2363.8294420383386
chr1	79410001	79450000	chr1	78180001	79450000	0.5899795501022495	-1.5589523835760473	8.328719544581991	4230.989528647651	1.5640418318483178	3178.1330023157816
chr1	79630001	79680000	chr1	78200001	79680000	0.4340490797546012	-2.542337304659838	8.505479554040347	6294.054869989856	2.6196697789601484	9627.286437678546
chr1	80800001	80850000	chr1	80800001	82460000	0.637525562372188	-1.7028287098970993	7.878052685201991	6538.783728717653	2.1932460846201622	9101.971251173672
chr1	81250001	81300000	chr1	80160001	81300000	0.26942740286298567	-0.49013666828618807	11.372242832051198	6482.178414269182	2.16369187967614	6166.521857076999
chr1	82100001	82140000	chr1	79830001	82140000	0.8548057259713702	-3.726414768114734	5.21633007786446	4819.888991946761	1.4735570722073377	5446.26693887832
chr1	83690001	83740000	chr1	82730001	83740000	0.16462167689161555	1.659800160715998	14.743736594162492	7445.586980052059	2.811058780194024	7097.923419989911
chr1	84280001	84330000	chr1	83060001	84330000	0.5020449897750511	-1.5991689303012666	9.10604197777777	5782.336655888884	2.0453659315956427	6494.036832816166
chr1	84470001	84510000	chr1	83040001	84510000	0.7239263803680982	-2.412842105312688	7.8441958590687255	4612.387165132411	1.7080943137576883	4017.4378259580826
chr1	84920001	84960000	chr1	83040001	84960000	0.3609406952965235	-0.4101803477178273	4.811737422869751	3695.4143407639685	1.0685224280179906	3282.500898871267
chr1	85060001	85100000	chr1	85060001	85780000	0.7167689161554192	-0.880661761333189	7.024447345444323	1770.1607310519694	0.9415397275486654	1084.6537661360626
chr1	85070001	85110000	chr1	83530001	85110000	0.861963190184049	-0.41344564316974636	1.7614936881495027	1113.2640109104857	0.28567924455009486	722.1971302226398
chr1	85240001	85280000	chr1	83750001	85280000	0.7259713701431493	-0.2520619952484795	2.096861011713042	1283.2789391683818	0.3037343506868135	743.5416904813194
chr1	85240001	85290000	chr1	85240001	85760000	0.8450920245398773	-0.5892360315489703	7.326058243621385	1575.1025223785978	0.604098634953391	785.3282254394082
chr1	85570001	85610000	chr1	83750001	85610000	0.7453987730061349	-0.30279525000834956	2.589140257596997	1833.111302378674	0.5440504521701311	1619.0941456583103
chr1	85570001	85610000	chr1	85570001	86320000	0.7709611451942741	-0.27398448907887124	4.176655598105208	1252.9966794315626	0.405496665458927	486.59599855071235
chr1	86320001	86370000	chr1	85810001	86370000	0.3328220858895705	0.5099648832125054	21.35969537742015	5980.714705677642	1.5877694825246453	2222.8772755345035
chr1	86990001	87050000	chr1	86030001	87050000	0.4100204498977505	-1.9674975157068653	14.334636567408829	8772.797579254204	1.6992916194281418	6239.798826540136
chr1	87170001	87230000	chr1	85780001	87230000	0.4775051124744376	-0.5776624820986292	8.682322148769119	7553.620269429133	1.5814826148386047	8255.339249457516
chr1	88200001	88260000	chr1	88200001	90980000	0.9488752556237219	-2.8735656807311045	2.2885548410244128	3817.3094748287203	0.9359988971681727	9367.476962859073
chr1	88230001	88280000	chr1	85610001	88280000	0.8936605316973415	-1.0868286945822525	2.081835723196771	2779.250690467689	0.5998346578883464	4003.8963414047125
chr1	88680001	88720000	chr1	87740001	88720000	0.3614519427402863	-0.09218154323575835	14.664524102206776	5748.493448065056	1.9117249124515034	2997.5846627239575
chr1	88760001	88800000	chr1	88760001	90980000	0.8307770961145194	-4.9830106619375645	7.137586604221812	6338.176904548969	1.8498518115008888	6570.673634451157
chr1	89130001	89190000	chr1	88260001	89190000	0.7300613496932515	-8.234317621813963	15.363773660364252	8572.985702483253	2.387656644423045	7993.874445528355
chr1	89220001	89250000	chr1	89220001	90330000	0.06850715746421268	1.9543078678475767	13.990921341297218	4658.976806651974	2.4196796497182698	2417.2599700685514
chr1	89840001	89880000	chr1	87040001	89880000	0.8532719836400818	-3.9959698085283075	4.930218674718118	5600.728414479782	1.3813090124374598	6276.668152515817
chr1	89840001	89880000	chr1	87350001	89880000	0.8609406952965235	-3.982736680347905	5.461372105623528	5526.90857089101	1.3600445087875763	5505.460171572109
chr1	89970001	90010000	chr1	88360001	90010000	0.9335378323108384	-6.457094151615284	6.899641393633627	4553.763319798194	1.814347615619628	4789.877705235818
chr1	90040001	90090000	chr1	90040001	90970000	0.06134969325153374	0.650747383600629	15.848811850379999	7369.697510426699	3.0656650806879386	7127.671312599457
chr1	90470001	90510000	chr1	87010001	90510000	0.862474437627812	-4.101891652872756	4.500841834982439	6301.178568975415	1.3968645699166589	7822.441591533289
chr1	90560001	90600000	chr1	89440001	90600000	0.25869120654396727	0.3124503073616295	14.114181984067521	6548.98044060733	2.8367077814329265	5264.929642339512
chr1	90640001	90680000	chr1	90640001	91220000	0.07719836400817996	1.4935956460550621	21.325199618937724	4947.446311593552	2.1803585138161576	2023.3727008213943
chr1	92430001	92470000	chr1	91450001	92470000	0.661042944785276	-1.500501794429109	14.186565385284462	5788.11867719606	2.728208469418777	4452.4362220914445
chr1	92580001	92620000	chr1	91320001	92620000	0.4616564417177914	-3.0128744255616358	9.678659566968374	5032.902974823554	2.1159263274287397	4401.126761051779
chr1	98310001	98350000	chr1	97470001	98350000	0.4657464212678937	-1.1980494876874657	10.563665107257684	3718.4101177547045	1.5256024307777556	2148.0482225350797
chr1	103780001	103820000	chr1	103780001	105800000	0.25255623721881393	1.0738557798536585	5.270516379531404	4258.577234661375	2.0400901960442943	6593.571513615159
chr1	104970001	105010000	chr1	104970001	106240000	0.24335378323108384	1.2519823075128773	11.174282901157552	5676.535713788036	2.7879957293259285	5665.207321990287
chr1	105610001	105640000	chr1	104770001	105640000	0.07259713701431493	1.611657345018549	15.522647272918366	4051.4109382316938	3.429773893628778	2685.5129587113333
chr1	105860001	105910000	chr1	105860001	106810000	0.35787321063394684	-0.41072596121239474	12.320563228536255	5852.267533554721	1.5682177889438418	3724.5172487416244
chr1	106040001	106080000	chr1	106040001	106810000	0.16462167689161555	-0.4994897940338779	15.473984492531924	4765.987223699833	2.133710045975674	2628.7307766420304
chr1	106140001	106180000	chr1	106140001	106800000	0.8087934560327199	-2.2252631280417074	16.726179600291076	4415.711414476844	1.7804451486774133	1880.1500770033485
chr1	106140001	106180000	chr1	106140001	106800000	0.8087934560327199	-2.2252631280417074	16.726179600291076	4415.711414476844	1.7804451486774133	1880.1500770033485
chr1	106330001	106400000	chr1	104880001	106400000	0.623721881390593	-0.7307701716865822	9.848632385487791	10478.94485815901	1.5480337199662153	11529.755146308371
chr1	107230001	107270000	chr1	107230001	110740000	0.6595092024539877	-4.6247067493834715	3.5095243072237046	4927.3721273420815	2.0258943150801074	11377.422473489883
chr1	107560001	107610000	chr1	105020001	107610000	0.5398773006134969	-0.6039219961647981	3.6860373408268594	4773.418356370783	0.8819898379881351	5710.884200973175
chr1	109080001	109120000	chr1	109080001	111310000	0.8844580777096115	-6.235869647867863	5.598265855733045	4993.653143313876	2.121064376399956	7567.957694995043
chr1	109080001	109120000	chr1	107310001	109120000	0.9079754601226994	-3.230078748951388	5.555182554085335	4021.9521691577825	1.3682142207656898	3962.3483833374376
chr1	109660001	109700000	chr1	107620001	109700000	0.9192229038854806	-6.211261037315805	5.886678489149085	4897.716502972038	1.8403174057246994	6124.576326251799
chr1	109660001	109710000	chr1	109660001	110940000	0.8568507157464212	-2.228037714917824	8.07973324155299	5171.029274593913	1.2504397657652782	4001.4072504488904
chr1	109980001	110030000	chr1	107670001	110030000	0.8803680981595092	-6.369904046089182	5.6132383231550875	6623.621221323003	2.2091878568851215	13034.208355622217
chr1	110100001	110140000	chr1	108060001	110140000	0.9074642126789366	-8.909360785367538	5.959440605645354	4958.2545838969345	2.1928976257532713	7297.9632985068865
chr1	110100001	110140000	chr1	107620001	110140000	0.9074642126789366	-10.690459937329836	5.226385100758718	5268.196181564788	2.495516150081547	10061.921117128797
chr1	111210001	111250000	chr1	109040001	111250000	0.549079754601227	-2.8523923801663242	4.811964943053181	4253.777009659012	1.9722971419438478	6974.042693913446
chr1	113230001	113300000	chr1	113230001	116220000	0.8517382413087935	-7.5897258335711	4.630129406341007	9690.860847471728	2.5990709655603705	38078.98871642499
chr1	113410001	113460000	chr1	113410001	116190000	0.8844580777096115	-6.988231830703026	4.528263559092914	6294.286347139151	2.3428329109202473	16282.68873089572
chr1	113550001	113590000	chr1	113550001	116510000	0.9059304703476483	-7.745872016535073	4.258170575985759	5041.673961967139	2.286456242255778	10828.656763323364
chr1	113640001	113680000	chr1	113640001	116640000	0.8798568507157465	-7.449830556583857	4.223808920090823	5068.570704108988	2.3163420589182238	11118.441882807474
chr1	114310001	114350000	chr1	114310001	115180000	0.4386503067484663	-0.3866909218581412	11.090171490199264	3859.379678589344	1.8047808526784777	2512.254946928441
chr1	114310001	114350000	chr1	112970001	114350000	0.7898773006134969	-2.55922001994659	7.391037278342225	4079.852577644908	1.7844822120363735	3940.136724176313
chr1	114840001	114880000	chr1	113270001	114880000	0.7955010224948875	-4.013998235528033	7.2768671544706836	4686.30244747912	2.0677569128748674	5326.541807565658
chr1	118730001	118770000	chr1	118290001	118770000	0.07566462167689161	1.6696805108403034	17.97468956613385	3451.1403966976995	1.3626639524222295	1046.5259154602722
chr1	119040001	119090000	chr1	118280001	119090000	0.1738241308793456	0.5946409239344226	15.081967044914839	6108.19665319051	1.8628287239877872	3772.228166075269
chr1	119060001	119100000	chr1	119060001	120130000	0.5112474437627812	-0.3950239317299804	9.888516119319874	4232.284899068906	1.7826384808923728	3051.877079287742
chr1	119380001	119420000	chr1	118680001	119420000	0.8001022494887526	-5.225276238553796	15.59410984519342	4615.856514177252	1.8446617866935024	2184.079555445107
chr1	119880001	119930000	chr1	119500001	119930000	0.23006134969325154	-1.094971841336898	24.858676980472108	5344.615550801504	1.8046140416049852	1939.960094725359
chr1	120000001	120040000	chr1	118310001	120040000	0.7300613496932515	-1.8204955656280002	6.1607916854562434	4263.267846335721	1.378532372620038	3815.7776074122653
chr1	120090001	120140000	chr1	119610001	120140000	0.3967280163599182	-0.4827864666305624	16.507879805290838	4374.588148402072	1.1702504679158976	1550.5818699885644
chr1	120590001	120620000	chr1	120590001	121580000	0.418200408997955	-3.632890140872577	10.568450061208779	3138.829668179007	2.3054582126720002	2054.1632674907523
chr1	121580001	121620000	chr1	121580001	124980000	0.4606339468302658	-5.550180644227909	4.0470889521317055	5504.04097489912	3.351350964335784	18231.349245986665
chr1	121780001	121810000	chr1	121780001	124620000	0.721881390593047	-7.255186533700066	4.792601228128448	4083.2962463654376	2.6731746092508644	6832.63430124521
chr1	125900001	125940000	chr1	125900001	126980000	0.6850715746421268	-2.8213209896528486	9.852707104778908	4256.3694692644885	1.8176749630506335	3140.9423361514946
chr1	126440001	126480000	chr1	126440001	128250000	0.6820040899795501	-1.369684205526309	6.112134812616933	4425.18560433466	1.0710751117306432	3101.8335235719424
chr1	126690001	126740000	chr1	125360001	126740000	0.4657464212678937	-5.356806250608181	8.978371589507185	6195.076396759958	1.81679073879592	6267.9280488459235
chr1	126910001	126980000	chr1	125370001	126980000	0.2995910020449898	-1.358417662584614	7.997479172491682	9013.159027398126	2.6798602770611835	21141.417725735675
chr1	127180001	127220000	chr1	127180001	128440000	0.39314928425357876	-0.46703751175029146	9.283772456241136	4679.021317945533	1.5473139444724409	3119.384912056441
chr1	127450001	127520000	chr1	127450001	128420000	0.065439672801636	0.6215367508441403	12.762797830643292	8665.939727006795	1.8302612503685665	8699.231723001796
chr1	127810001	127850000	chr1	127810001	128460000	0.43660531697341515	-0.24399904518534943	15.872932113311764	4126.962349461059	1.729663350716855	1798.8498847455294
chr1	128800001	128840000	chr1	127450001	128840000	0.13803680981595093	0.8298550427558127	7.743911403098929	4305.614740123005	1.4188686136763167	3155.563796816128
chr1	128870001	128910000	chr1	128870001	130520000	0.23721881390593047	-1.0987645895509834	7.159630133818317	4725.355888320089	2.6645228492133803	7034.340321923324
chr1	129230001	129280000	chr1	129230001	130360000	0.778118609406953	-2.9733991562817685	9.5026685720089	5369.007743185029	1.8892606818755973	5337.161426298562
chr1	130690001	130730000	chr1	130690001	131610000	0.22597137014314927	-0.10831802854402854	10.034384553502466	3692.6535156889076	0.9717224946758681	1430.3755121628778
chr1	131550001	131610000	chr1	130380001	131610000	0.8231083844580777	-2.279453820782338	9.860258248451395	7276.87058735713	1.2442395227585656	5509.492606774928
chr1	132150001	132220000	chr1	132150001	134740000	0.6983640081799591	-1.7211553045649073	6.05677928639103	10980.940846226937	1.1273663661804212	14307.406553195726
chr1	132290001	132330000	chr1	131240001	132330000	0.8946830265848671	-2.060266482844559	11.821937838993492	5154.364897801162	1.107340186625095	1931.2012854741656
chr1	133590001	133660000	chr1	132300001	133660000	0.25306748466257667	-0.4602862825209563	9.3429460535572	8894.484642986456	1.3912852172987882	9271.524688079124
chr1	133710001	133750000	chr1	133710001	134540000	0.19325153374233128	-0.6494603407549042	17.591269594256605	5840.301505293193	1.9357978490021128	2570.739543474806
chr1	134410001	134450000	chr1	131380001	134450000	0.8343558282208589	-3.9831397569143876	4.984114341201667	6120.492410995646	1.488951099888868	7313.72780265412
chr1	134800001	134840000	chr1	131230001	134840000	0.8773006134969326	-4.197609964182548	5.093821237650999	7355.4778671680415	1.3595692499081298	7852.871987469358
chr1	134900001	134940000	chr1	131420001	134940000	0.8629856850715747	-5.103954645324648	4.249871472191589	5983.819032845757	1.671732826454071	9415.199278589327
chr1	135150001	135190000	chr1	135150001	135760000	0.22085889570552147	-0.09041489619970876	22.691182061139003	5536.648422917917	1.8320911795226684	1788.1209912141244
chr1	135370001	135430000	chr1	134400001	135430000	0.6533742331288344	-1.4665083766980933	12.85555133541968	7944.730725289362	1.4298642614181685	5301.936681338569
chr1	136440001	136480000	chr1	135740001	136480000	0.26431492842535786	0.1976321115435053	15.676623234638626	4640.280477453033	1.7387016444714407	2058.6227470541858
chr1	136530001	136570000	chr1	136530001	138380000	0.15644171779141106	0.18745029143444178	6.983967598695917	5168.136023034978	2.231479509101632	6605.179346940831
chr1	138810001	138860000	chr1	138810001	139510000	0.6073619631901841	-0.29426663386342433	15.161044981611921	5306.365743564173	1.8934260622035717	3313.4956088562503
chr1	143340001	143380000	chr1	141970001	143380000	0.5040899795501023	-4.3994525505918025	6.684412915825228	3770.0088845254286	1.3396002652405983	2957.837385651241
chr1	143980001	144030000	chr1	143590001	144030000	0.07259713701431493	0.6059258220867386	18.274445127997758	4020.3779281595066	1.2465593735370772	1371.215310890785
chr1	146210001	146250000	chr1	146210001	147010000	0.46779141104294475	-0.7990878469265178	11.944901076989	3822.36834463648	1.3954206788079209	1786.1384688741387
chr1	149530001	149580000	chr1	147040001	149580000	0.7418200408997955	-6.187411374742108	4.951539617814044	6288.455314623836	2.219724330326936	14095.249497576044
chr1	152150001	152190000	chr1	151340001	152190000	0.5705521472392638	-1.8595640110837588	13.767873944591221	4681.077141161015	1.264973895788971	1720.3644982730004
chr1	152160001	152210000	chr1	152160001	154840000	0.7914110429447853	-1.7177374066699047	4.373434489060549	5860.402215341136	0.9213375339851785	6172.9614777006955
chr1	152390001	152440000	chr1	152390001	154140000	0.7801635991820041	-1.6636732069154698	5.89460209229413	5157.776830757363	1.1068364497956729	4842.409467856069
chr1	152500001	152540000	chr1	152500001	153530000	0.19734151329243355	0.1789352521640236	11.757854767611263	4844.236164255841	1.7874081616632986	2945.648650421116
chr1	152730001	152780000	chr1	151320001	152780000	0.6247443762781186	-1.4975531820190178	8.101793981686638	5914.309606631246	1.4135415678821643	5159.4267227699
chr1	153100001	153140000	chr1	153100001	153770000	0.17893660531697342	0.18520279049396238	19.001271110612624	5092.340657644183	1.6397349048597476	1757.7958180096493
chr1	153720001	153760000	chr1	153050001	153760000	0.48466257668711654	-0.38733308070037503	19.649258800728173	5580.389499406801	1.820881180102538	2068.521020596483
chr1	153870001	153910000	chr1	153870001	154980000	0.12474437627811862	0.8468661915184004	11.488768425677993	5101.013181001029	1.8954100660138054	3366.2482772405183
chr1	154260001	154300000	chr1	154260001	155290000	0.05828220858895705	2.1110563492762955	12.520715746647422	5158.534887618738	2.0868107807818053	3439.0641667284153
chr1	154610001	154640000	chr1	154610001	155770000	0.6835378323108384	-1.4363230976598875	9.682898353497636	3369.6486270171777	1.0494084844265832	1095.5824577413528
chr1	154700001	154740000	chr1	153440001	154740000	0.3266871165644172	-0.45374335469330074	12.008949666390468	6244.653826523043	1.9336722130061026	4022.0382030526935
chr1	154970001	155020000	chr1	154370001	155020000	0.17177914110429449	2.0476830820635756	22.97602419545204	7467.207863521913	2.194843646376958	3566.6209253625566
chr1	155000001	155040000	chr1	155000001	155560000	0.310838445807771	-2.0192221393624386	22.188193891787623	4970.155431760428	2.165061741299067	1939.8953202039643
chr1	155510001	155570000	chr1	154710001	155570000	0.10224948875255624	1.2290183296803523	15.518540465763975	8007.5668803342105	2.017449440037583	6246.023466356357
chr1	156040001	156080000	chr1	156040001	156930000	0.5051124744376279	-3.4919012505269684	12.44338372091818	4230.750465112181	1.6976155166121523	2390.2426473899104
chr1	156240001	156280000	chr1	156240001	156760000	0.21370143149284254	-0.21897452736139772	17.396364221220622	3618.4437580138892	1.459132756423698	1213.9984533445167
chr1	157040001	157100000	chr1	156500001	157100000	0.17177914110429449	0.7041440827863038	19.668218091203414	7080.5585128332295	1.8716551299195263	4042.775080626177
chr1	157530001	157570000	chr1	157530001	158960000	0.5224948875255624	-0.901625152723928	8.52643858116921	4877.122868428788	2.911222097756414	6660.876159666675
chr1	157710001	157750000	chr1	157710001	158650000	0.5122699386503067	-1.3074837701573467	12.494251233576486	4697.838463824759	2.377617757115465	3575.937106701659
chr1	158280001	158330000	chr1	158280001	160340000	0.7990797546012269	-2.4458270150447032	6.102858133140597	6285.943877134815	1.2093536898456285	6228.171502704987
chr1	159120001	159160000	chr1	157310001	159160000	0.6359918200408998	-3.193276427091913	7.427300058606848	5496.202043369068	2.4862367190434767	7359.260688368691
chr1	159360001	159410000	chr1	159360001	160380000	0.3369120654396728	-1.484995036471164	13.329239332477687	6797.9120595636205	2.689873844980247	6859.17830469963
chr1	160190001	160230000	chr1	160190001	161240000	0.4049079754601227	-1.2994861792328014	12.322625491784622	5175.5027065495415	2.034845780844973	3418.540911819555
chr1	164860001	164900000	chr1	164300001	164900000	0.8404907975460123	-6.033332260436565	21.628334568056673	5190.800296333601	2.360993349536589	2266.5536155551254
chr1	165450001	165490000	chr1	165450001	167390000	0.7776073619631901	-1.4365376423997425	4.748437024273143	3684.7871308359586	0.983430572226186	3052.5684961900815
chr1	165610001	165650000	chr1	165610001	167400000	0.8609406952965235	-1.7983292695564224	5.727449311873484	4100.853707301415	1.2070912967477248	3457.1094738854836
chr1	165610001	165650000	chr1	163760001	165650000	0.7883435582822086	-1.1625284030213978	5.413394005886748	4092.525868450382	0.8875921931616905	2684.078792120952
chr1	166110001	166160000	chr1	165530001	166160000	0.07157464212678936	0.9559319682100041	18.09563092524998	5700.1237414537445	2.218996373089215	3494.9192876155134
chr1	166780001	166820000	chr1	166780001	167390000	0.6728016359918201	-8.2645777926903	20.870696572132825	5092.449963600409	2.557752622436742	2496.3665594982604
chr1	167930001	167970000	chr1	167930001	169470000	0.3179959100204499	-1.7070882363103745	7.55677144167303	4654.971208070587	2.8814446699453096	7099.8796667452425
chr1	168660001	168710000	chr1	168660001	170240000	0.8021472392638036	-2.214417008714373	6.693598821298284	5287.943068825644	1.3455011985699585	5314.729734351336
chr1	168660001	168710000	chr1	167560001	168710000	0.5081799591002045	-1.4835724025296138	8.701231316236996	5003.208006836272	1.3361872176265008	3841.53825067619
chr1	169450001	169490000	chr1	167650001	169490000	0.200920245398773	-2.546033895937121	7.303370051884903	5375.280358187289	3.3100154471337517	9744.685476361765
chr1	169930001	169980000	chr1	169930001	171500000	0.3231083844580777	0.10681190200511764	5.985374442457203	4698.518937328904	1.0221665366332362	4012.003656285452
chr1	170860001	170900000	chr1	170860001	171510000	0.16768916155419222	0.03808256399245769	14.804979675509008	3849.294715632342	1.3132466539486747	1365.7765201066218
chr1	171010001	171050000	chr1	171010001	171510000	0.27300613496932513	-0.29740095484352846	16.811510045272552	3362.30200905451	1.0278521032017673	822.2816825614138
chr1	171100001	171140000	chr1	171100001	172370000	0.5419222903885481	-0.48375499954083423	9.055112556549318	4599.997178727053	1.0300015847386967	2092.9632201890317
chr1	175410001	175460000	chr1	175410001	177710000	0.7816973415132924	-1.544908827999255	5.119941806674281	5887.933077675423	1.1225519888355322	6454.67393580431
chr1	176170001	176210000	chr1	175040001	176210000	0.7944785276073619	-2.0180626416548986	11.806099920058777	5525.254762587508	1.2478934241966797	2336.0564900961845
chr1	176180001	176220000	chr1	176180001	177660000	0.9304703476482618	-4.220604489597661	7.404305088412484	4383.348612340191	1.5246853358702501	3610.4548753407526
chr1	177580001	177620000	chr1	176740001	177620000	0.9299591002044989	-5.930061657335706	18.63848215449467	6560.745718382124	2.294535375517799	3230.7058087290607
chr1	177680001	177720000	chr1	175690001	177720000	0.6523517382413088	-2.5804910779887558	9.200523906098788	7470.825411752216	3.1829325760090423	10338.165006877369
chr1	177770001	177820000	chr1	177770001	179830000	0.6912065439672801	-2.047820291770943	5.0821354890745685	5234.599553746805	1.4588194419360245	7512.920125970526
chr1	177770001	177800000	chr1	175170001	177800000	0.8312883435582822	-5.996335930484523	4.334647830460341	3420.0371382332087	1.830088911623554	4331.820453812952
chr1	177770001	177810000	chr1	175020001	177810000	0.8251533742331288	-6.427003777326375	4.0746381205730495	4547.296142559523	1.772789136302718	7913.730704455333
chr1	177960001	178000000	chr1	177960001	180690000	0.7730061349693251	-3.798750462731737	4.427723878718292	4835.0744755603755	1.5123080929808013	6605.76175014014
chr1	178180001	178230000	chr1	178180001	180860000	0.8047034764826175	-5.257258859758203	5.78431748547369	7750.985430534744	1.6272725220518114	10902.725897747136
chr1	178510001	178550000	chr1	178510001	179400000	0.05112474437627812	-0.18933263379024917	19.154413715247557	6818.97128262813	4.185683156852382	5960.412815357791
chr1	179110001	179150000	chr1	177850001	179150000	0.5276073619631902	-5.301315809931163	13.255368879439969	6892.791817308784	2.6121705997574343	5433.314847495463
chr1	179420001	179490000	chr1	178250001	179490000	0.05572597137014315	1.4015389738416422	12.041455574852773	10451.983438972207	2.5869782629343803	15718.479925589296
chr1	179800001	179870000	chr1	179800001	181010000	0.7004089979550102	-1.3213502394140846	12.436080630343326	10533.360293900798	1.9433452513600427	11522.093995313693
chr1	180250001	180310000	chr1	180250001	180760000	0.06748466257668712	1.8038835318036854	28.981833423120026	8868.441027474728	2.3063274570780568	4234.417211195312
chr1	180760001	180800000	chr1	177010001	180800000	0.8333333333333334	-3.2342984749196093	3.7780813159369315	5727.571274960388	1.203884349286476	7300.35469407319
chr1	182930001	182980000	chr1	181360001	182980000	0.31390593047034765	-1.8331784882095927	7.763468020186205	6288.409096350826	1.4627864016937746	5814.575946732754
chr1	183040001	183070000	chr1	181320001	183070000	0.4233128834355828	-3.173674200797205	5.419577300423476	2796.5018870185136	1.1210985176192731	1735.4605052746347
chr1	183400001	183440000	chr1	183400001	185520000	0.10122699386503067	-10.569417973472927	5.594007387729527	4654.214146590966	2.209799164721844	7389.568406829847
chr1	183400001	183450000	chr1	183400001	185490000	0.04805725971370143	-10.219820626473753	6.066615239166238	6218.280620145393	2.313805907661447	11858.255276764914
chr1	183500001	183540000	chr1	183500001	185520000	0.24591002044989774	-8.878843778499489	6.560482332637726	5300.869724771283	1.9411058287657978	6149.4232655300475
chr1	184020001	184060000	chr1	182250001	184060000	0.7944785276073619	-1.947250692757343	6.018303273256234	4188.739078186339	1.2661732093738995	3666.837614346813
chr1	184180001	184250000	chr1	183530001	184250000	0.38752556237218816	0.3565733816055694	13.984126342852662	7047.999676797742	1.7202191180937607	6068.933048634788
chr1	184720001	184760000	chr1	182270001	184760000	0.8609406952965235	-4.834004265643738	4.891840956551159	4735.302045941522	1.7786588425289063	7086.176828635163
chr1	185650001	185690000	chr1	185650001	186980000	0.5685071574642127	-0.874367760850991	7.857161026053263	4180.009665860336	2.33720056674673	4973.562806037042
chr1	186660001	186710000	chr1	185490001	186710000	0.6395705521472392	-7.75828265496931	10.1971863898424	6220.283697803864	2.382979999185464	7268.088997515664
chr1	187820001	187860000	chr1	187820001	190290000	0.7627811860940695	-2.5346773462359593	4.571647297302269	4516.787529734642	1.227506555019226	4851.105905435981
chr1	189680001	189720000	chr1	189680001	190940000	0.5122699386503068	-0.8025222971235101	9.380335314412159	4727.688998463728	1.6891110937164153	3405.247964932293
chr1	190710001	190770000	chr1	189350001	190770000	0.8992842535787322	-7.754758170222319	9.604042173645531	8182.643931945993	2.1612001068083035	11048.054946004047
chr1	190910001	190950000	chr1	190910001	191830000	0.36042944785276076	-0.2922857559203398	12.472672268164974	4589.94339468471	1.295662324767931	1907.2149420583946
chr1	191790001	191840000	chr1	191190001	191840000	0.17893660531697342	0.042158287105214055	18.574045605877142	6036.564821910071	2.0576663994197006	3343.7078990570135
chr1	191960001	192000000	chr1	191960001	194980000	0.4320040899795501	-5.868415757218312	4.705439927560418	5608.884393652018	1.395215715351217	6652.388530794603
chr1	192060001	192130000	chr1	190920001	192130000	0.06646216768916155	-3.201868914059954	11.046743232742282	9047.282707615928	1.6016334537422068	9182.164590304072
chr1	192090001	192120000	chr1	192090001	193350000	0.9330265848670756	-6.72003891001587	8.5208266745858	3220.8724829934326	1.7300144472780277	1946.266253187781
chr1	193190001	193230000	chr1	193190001	194470000	0.5025562372188139	-1.2341523642459202	9.163822740820478	4691.877243300085	1.3294701752230973	2722.7549188569033
chr1	193670001	193730000	chr1	193670001	194850000	0.13957055214723926	0.2592429802414722	13.102784700422541	9276.771567899159	3.4475412573330306	14645.155261150714
chr1	193840001	193890000	chr1	193840001	194530000	0.8537832310838446	-3.4944808263172416	17.2477480410139	5950.473074149795	1.8500494131205083	3191.3352376328767
chr1	194010001	194050000	chr1	194010001	195150000	0.8594069529652352	-2.2245388087735014	10.304928670415181	4699.047473709323	1.584456783081487	2890.0491723406326
chr1	194010001	194050000	chr1	193170001	194050000	0.6605316973415133	-2.0336739703361926	13.46032061853591	4738.03285772464	1.6191746318637117	2279.797881664106
chr1	194560001	194620000	chr1	193190001	194620000	0.6881390593047034	-3.4581203658180457	10.750037664531643	9223.53231616815	2.7062407076409287	13931.7271629355
chr1	195100001	195150000	chr1	193010001	195150000	0.8399795501022496	-2.21745582790601	5.219536521600001	5584.904078112001	1.1178980881479437	5980.754771591499
chr10	3150001	3210000	chr10	3150001	4460000	0.8834355828220859	-3.348870614328051	11.120969371893976	8741.081926308665	1.417607233697381	6685.435714116849
chr10	3330001	3370000	chr10	3330001	5690000	0.7167689161554192	-2.001914657551942	6.808793851455618	6427.501395774103	1.3597911315037774	5134.571312558263
chr10	3690001	3750000	chr10	3160001	3750000	0.467280163599182	-1.4166546896453702	19.466515219793223	6891.146387806801	1.2783138268606864	2715.1385682520977
chr10	3910001	3980000	chr10	3220001	3980000	0.0516359918200409	4.08229996789335	18.206182009859557	9685.688829245284	2.7796851312150808	10351.54742864496
chr10	5520001	5560000	chr10	5010001	5560000	0.43660531697341515	-0.23518279007850423	30.508211953248217	6711.806629714608	2.3400566059238495	2059.2498132129876
chr10	5780001	5820000	chr10	5010001	5820000	0.05725971370143149	1.0154597881422625	12.349638315071092	4001.282814083034	1.5999472525572238	2073.531639314162
chr10	6010001	6050000	chr10	6010001	7460000	0.19427402862985685	-0.5381488045350258	9.019277735258045	5231.1810864496665	2.6174784858483293	6072.550087168124
chr10	7590001	7630000	chr10	7010001	7630000	0.1390593047034765	-5.919323883938004	19.81811367954669	4439.257464218459	1.8235946105440117	1721.473312353547
chr10	8200001	8240000	chr10	7040001	8240000	0.467280163599182	-1.0136425848878743	10.782965900317718	4917.03245054488	1.5652551566271475	3005.289900724123
chr10	9650001	9690000	chr10	8750001	9690000	0.18609406952965235	0.865211300129508	12.32897235206821	4635.693604377647	2.5184746712471853	3787.7859055557665
chr10	10370001	10410000	chr10	10370001	11350000	0.5807770961145194	-0.6944262017356821	11.904670704571057	4666.630916191854	2.644666240369002	4146.836664898595
chr10	12580001	12650000	chr10	11130001	12650000	0.2852760736196319	-0.1796506018020336	9.17621031939498	9763.48777983626	3.016917809378299	22470.00384424957
chr10	12690001	12740000	chr10	12690001	14200000	0.6400817995910021	-1.587303841399931	8.933376301517548	6744.699107645749	1.3223668701514095	4991.934934821571
chr10	13400001	13450000	chr10	12600001	13450000	0.278118609406953	0.07506781839618451	13.799770489093524	5864.902457864748	2.00368015410918	4257.820327482008
chr10	13530001	13580000	chr10	13530001	14180000	0.02556237218813906	6.517943575108278	18.112807299123922	5886.662372215274	2.7525338827159174	4472.867559413366
chr10	14190001	14230000	chr10	13010001	14230000	0.516359918200409	-3.0929060723717403	11.792652276868324	5754.814311111742	2.97058991412501	5798.591512372019
chr10	14290001	14330000	chr10	13600001	14330000	0.14008179959100203	0.17417790196715793	12.04105562694642	3515.9882430683547	1.3033130522404675	1522.269645016866
chr10	15260001	15320000	chr10	15260001	18750000	0.27607361963190186	1.2339459566208901	4.893977901136768	10247.989724980393	4.798591530361078	60289.50398745658
chr10	15500001	15540000	chr10	15500001	17900000	0.906441717791411	-7.420135047099471	5.5153055172705505	5294.693296579729	2.481187494643743	9527.759979431974
chr10	15720001	15750000	chr10	15720001	17850000	0.8650306748466258	-5.641930031665485	5.739345430560007	3667.4417301278445	2.324252940880162	4455.592887667271
chr10	15820001	15870000	chr10	15820001	18560000	0.8870143149284253	-7.171196465620119	5.082793461787676	6963.427042649117	2.510729774832112	17198.498957599964
chr10	16970001	17010000	chr10	15840001	17010000	0.7955010224948875	-2.498096400397522	9.549668491503988	4469.2448540238665	1.534917798017337	2873.366117888455
chr10	16980001	17020000	chr10	16980001	17620000	0.6758691206543967	-2.067779675078858	17.446866609142116	4466.397851940382	1.8935658836753384	1939.0114648835465
chr10	17220001	17280000	chr10	16550001	17280000	0.8987730061349694	-3.8389574925883445	16.17059758536633	7082.721742390453	1.7552388602860847	4612.7677248318305
chr10	17330001	17370000	chr10	15830001	17370000	0.8512269938650306	-7.749591059074493	8.92278384250598	5496.434846983684	2.2452231238593976	5532.2297771895555
chr10	17510001	17550000	chr10	16510001	17550000	0.8190184049079754	-4.1249658277945	11.955733519731483	4973.585144208297	2.209261993088444	3676.211956499171
chr10	17690001	17730000	chr10	15810001	17730000	0.09713701431492842	0.8751601303684335	8.47744421123072	6510.677154225194	4.223397897109709	12974.278339921026
chr10	17710001	17750000	chr10	17710001	18750000	0.5940695296523517	-0.5361658315735711	7.984914194847966	3321.724305056754	1.4204592653518207	2363.6442175454295
chr10	19170001	19210000	chr10	18540001	19210000	0.2310838445807771	0.2490107871561846	14.47019019284972	3878.010971683725	1.3640496786170264	1462.2612554774523
chr10	19570001	19610000	chr10	19570001	20340000	0.20552147239263804	0.11210747018689818	11.581844172934	3567.208005263672	1.220448503532843	1503.5925563524625
chr10	19890001	19940000	chr10	19890001	20320000	0.17995910020449898	0.45700202386408934	24.765379409580802	5324.556573059873	1.784334623950648	1918.1597207469465
chr10	21440001	21480000	chr10	21440001	21970000	0.08384458077709611	1.6506522775973618	18.52544447952611	3927.394229659536	1.8372992731839937	1558.0297836600266
chr10	21980001	22020000	chr10	21290001	22020000	0.03885480572597137	4.732958482048671	20.07718874315265	5862.539113000574	4.207683955823179	4914.574860401473
chr10	22130001	22170000	chr10	19970001	22170000	0.5414110429447853	-1.9618156384048773	4.998978117246241	4399.100743176692	1.2717231933507716	4476.465640594716
chr10	23580001	23620000	chr10	22550001	23620000	0.6073619631901841	-1.5917356016804582	9.558091015805916	4090.8629547649316	1.502133183231228	2571.652009691862
chr10	28720001	28760000	chr10	27030001	28760000	0.6421267893660532	-5.18391553365565	7.407144102200446	5125.743718722709	2.391238721757052	6618.948781823519
chr10	28810001	28870000	chr10	26250001	28870000	0.8292433537832311	-7.474064019215851	5.293962000089505	8322.108264140701	2.555977704952677	24107.98171311365
chr10	29510001	29560000	chr10	29510001	30870000	0.6196319018404908	-0.9659861800204798	8.09050741020934	5501.545038942352	1.8514334481429593	6294.873723686062
chr10	31270001	31310000	chr10	30500001	31310000	0.4059304703476483	-0.03540755695804789	12.247931548643349	3968.329821760445	2.1101971220978384	2734.8154702387988
chr10	37110001	37150000	chr10	37110001	38120000	0.43660531697341515	-0.4323613829570947	10.965992234193248	4430.260862614072	2.6522700979596623	4286.068478302815
chr10	37880001	37920000	chr10	36670001	37920000	0.803680981595092	-3.1010197417046883	9.445239263768064	4722.619631884032	1.5216337092405638	3043.2674184811276
chr10	37970001	38010000	chr10	37290001	38010000	0.7341513292433538	-2.384085356800319	16.266603015600495	4684.781668492943	1.870091398966461	2154.345291609363
chr10	38530001	38570000	chr10	36960001	38570000	0.12678936605316973	4.341918729232372	8.793926050087267	5663.2883762562	4.22714459245067	10889.124470152925
chr10	38650001	38700000	chr10	36950001	38700000	0.8047034764826176	-4.342528548989749	6.81217503096215	5960.653152091882	2.4107994045888734	10547.247395076321
chr10	38650001	38700000	chr10	36990001	38700000	0.8302658486707567	-4.355860390518039	6.913116417003411	5910.7145365379165	2.3759556531388037	10157.210417168386
chr10	38800001	38870000	chr10	37250001	38870000	0.2668711656441718	-0.3105086404725441	7.428045619082607	8423.403732039676	2.1025716818970857	16690.214010899064
chr10	39130001	39180000	chr10	39130001	40260000	0.49591002044989774	-0.9261227635839634	10.729861586794497	6062.3717965388905	2.3268042347484776	6573.221963164449
chr10	39590001	39630000	chr10	39590001	40260000	0.8404907975460123	-2.327864771678874	16.473900579193735	4415.0053552239215	1.1530736943356632	1236.095000327831
chr10	40230001	40270000	chr10	40230001	40980000	0.5766871165644172	-1.6997396413539814	14.989657857149908	4496.897357144972	1.8078879125346357	2169.465495041563
chr10	40510001	40550000	chr10	39900001	40550000	0.26993865030674846	0.20376230301601628	18.358706159341427	4773.263601428771	2.150853353470839	2236.8874876096725
chr10	41000001	41040000	chr10	41000001	41710000	0.22699386503067484	0.15348600098738363	16.712037433466953	4746.218631104615	1.97121060505871	2239.2952473466944
chr10	41260001	41310000	chr10	41260001	43390000	0.7034764826175869	-1.6247319360818167	4.569775063464702	4866.810442589907	1.095434141973329	5833.186806007976
chr10	41270001	41310000	chr10	39370001	41310000	0.7249488752556237	-1.9721539907664307	6.695518074671319	5195.722025944943	1.6331745827809938	5069.373904952205
chr10	41450001	41520000	chr10	41450001	42300000	0.37014314928425357	-1.2078014615943378	13.273394395337384	7897.669665225743	1.2170026110292445	5068.815874936803
chr10	41660001	41700000	chr10	39150001	41700000	0.7443762781186094	-2.255387916095115	5.611238925882485	5723.463704400135	1.4416783941100502	5882.047847969005
chr10	42490001	42530000	chr10	41790001	42530000	0.5122699386503068	-1.6736718622908815	13.690645663170269	4052.4311162983995	1.252420579620542	1482.8659662707219
chr10	42610001	42670000	chr10	41300001	42670000	0.3803680981595092	-1.5912264068236892	9.462646046778866	7778.295050452229	1.9054584979224864	9397.721311753703
chr10	42750001	42790000	chr10	39730001	42790000	0.806237218813906	-4.112787092674652	3.8192538199402186	4674.766675606827	1.573089363072913	7701.845521604982
chr10	43350001	43390000	chr10	42750001	43390000	0.2060327198364008	-1.1465538408427998	18.136934899792557	4643.055334346895	1.9109174552291563	1956.779474154656
chr10	43570001	43610000	chr10	43570001	44260000	0.2085889570552147	0.10222389429580564	13.093473724483053	3613.7987479573226	1.4782709460328392	1632.0111244202544
chr10	45900001	45940000	chr10	45360001	45940000	0.1273006134969325	0.42989917934310534	15.780669554904579	3661.1153367378624	1.4730548341387597	1366.994886080769
chr10	46030001	46070000	chr10	46030001	48830000	0.24284253578732107	-5.626695943960455	5.103058269313809	5715.425261631466	3.60950387421304	16170.57735647442
chr10	49510001	49550000	chr10	48450001	49550000	0.6421267893660532	-1.279275908261618	11.170380278805531	4914.9673226744335	1.3268745127273374	2335.299142400114
chr10	49510001	49550000	chr10	49510001	50220000	0.6022494887525562	-1.9959503120216047	16.2079899447716	4603.0691443151345	1.5214088956442275	1728.3205054518426
chr10	49750001	49800000	chr10	48850001	49800000	0.310838445807771	-0.1794620690323873	15.087693042085052	7166.654194990399	2.6710225374151326	6343.67852636094
chr10	50200001	50240000	chr10	48280001	50240000	0.8798568507157464	-12.367497658142465	7.320859038507417	5739.553486189815	2.9830964562755646	9354.990486880171
chr10	50570001	50610000	chr10	49210001	50610000	0.5322085889570551	-0.5249475024507814	5.409819934207192	3029.499163156028	0.9524986476056776	2133.5969706367177
chr10	51770001	51810000	chr10	51770001	52440000	0.130879345603272	0.7328436089836431	12.764937733636756	3421.003312614651	1.4631004822242293	1568.4437169443738
chr10	53500001	53540000	chr10	52690001	53540000	0.41411042944785276	-0.3151934515321196	12.58868581243755	4280.153176228767	1.4242415661088894	1936.9685299080897
chr10	53770001	53820000	chr10	53270001	53820000	0.3016359918200409	-0.010433264959528805	16.977856919007596	4668.910652727089	1.2729068187562003	1750.2468757897755
chr10	56350001	56390000	chr10	56350001	57450000	0.29141104294478526	1.9512429438715166	11.925727961822382	5247.320303201848	3.7931027914525477	6675.860912956484
chr10	58200001	58240000	chr10	55010001	58240000	0.09202453987730061		2.02922720785839	2353.9035611157324	1.5763664523945509	8020.552509783474
chr10	58210001	58250000	chr10	58210001	59540000	0.7310838445807771	-1.4352048247696896	3.318195748334781	1765.2801381141035	0.541282992584042	1117.2080966934627
chr10	58800001	58850000	chr10	58800001	59880000	0.27096114519427406	-0.2933928189952412	9.513807998948625	5137.456319432257	1.2158749606678285	3282.862393803137
chr10	59300001	59350000	chr10	59300001	60320000	0.8374233128834356	-1.91206169319348	9.87843499967641	5038.001849834969	1.311595311016533	3344.5680430921593
chr10	59590001	59630000	chr10	59590001	60320000	0.7106339468302658	-1.4445180376567928	13.85263792645764	4044.970274525631	1.0370962402124315	1211.32840856812
chr10	59690001	59730000	chr10	58330001	59730000	0.7551124744376279	-1.761283667294035	8.481141778963563	4749.439396219595	1.066829044808305	2389.6970603706036
chr10	60830001	60890000	chr10	60320001	60890000	0.8865030674846626	-3.6256526795031156	18.67939614574178	6388.353481843688	1.3932709289753407	2858.991946257399
chr10	61020001	61070000	chr10	60110001	61070000	0.3507157464212679	-1.8069134754857827	16.472326577994753	7906.716757437482	2.555751282148124	6133.803077155498
chr10	61180001	61220000	chr10	61180001	61680000	0.10224948875255624	1.8958904727795534	28.889261998228875	5777.852399645775	2.3585047871475395	1886.8038297180315
chr10	62500001	62540000	chr10	60350001	62540000	0.7096114519427403	-1.958044475332001	5.355344017714888	4691.2813595182415	1.2243971648353906	4290.287665583209
chr10	63550001	63590000	chr10	63550001	66850000	0.5899795501022495	-8.91836939027539	5.138279169735018	6782.528504050224	4.132600253002833	21820.12933585496
chr10	64060001	64100000	chr10	64060001	66980000	0.7254601226993865	-6.534299031746233	4.793280644834392	5598.55179316657	3.5037744815263907	16369.634377691298
chr10	64240001	64280000	chr10	64240001	66820000	0.9038854805725971	-7.412840934928498	5.279751367401407	5448.7034111582525	2.3241887031829127	9594.250966739064
chr10	64250001	64290000	chr10	63810001	64290000	0.38701431492842536	-0.45141391390538793	18.148080668810213	3484.431488411561	1.0867434142935943	834.6189421774804
chr10	64720001	64760000	chr10	64720001	66850000	0.26993865030674846	-2.2720868273746198	6.837248548050257	5825.335762938819	3.8721282113556583	13196.212944300083
chr10	65240001	65280000	chr10	64180001	65280000	0.8440695296523517	-3.413164383334646	10.077117260763636	4433.931594736	1.6900396937040016	2974.4698609190427
chr10	65770001	65800000	chr10	65770001	66790000	0.7004089979550102	-2.584035614943628	11.956661671926115	3658.738471609391	2.4951312432010595	2290.5304812585728
chr10	65850001	65890000	chr10	63630001	65890000	0.8875255623721882	-6.672734504535293	5.637753360949303	5096.52903829817	2.1015909788838654	7599.352979644057
chr10	66030001	66070000	chr10	63850001	66070000	0.8287321063394684	-5.346089311578997	6.077893063026778	5397.169039967779	2.0391067438690875	7242.9071542229985
chr10	66120001	66190000	chr10	66120001	67290000	0.8067484662576687	-1.5057005014683413	11.036434030628376	9038.83947108464	1.4457949843125517	8288.74264506386
chr10	66350001	66400000	chr10	63880001	66400000	0.9171779141104295	-9.600542002883287	6.110717934636988	7699.504597642605	2.479428321175999	15620.398423408793
chr10	66540001	66570000	chr10	63940001	66570000	0.8159509202453987	-16.47934582911764	6.596840732369435	5204.907337839484	3.834138137884642	9075.404972372948
chr10	66680001	66720000	chr10	63420001	66720000	0.7786298568507157	-17.484347417079185	5.44996658411527	7193.955891032156	4.2491540297712795	22435.533277192357
chr10	66800001	66850000	chr10	63460001	66850000	0.11554192229038855	1.0436519227719327	4.852422402452054	8224.85597215623	4.9173633838686674	41674.654678286955
chr10	68250001	68290000	chr10	66710001	68290000	0.6743353783231084	-0.8149110950467582	6.416086618027384	4054.9667425933067	0.9221172649997071	2331.1124459192597
chr10	69320001	69360000	chr10	69320001	71400000	0.7806748466257669	-1.918929309099201	4.116526777954738	3424.950279258342	1.1709484015214828	3896.9162802634946
chr10	69420001	69470000	chr10	69420001	70330000	0.06952965235173825	1.1488794984732162	12.933178097063658	5884.596034163965	1.7543920069967298	3991.2418159175604
chr10	70560001	70600000	chr10	69430001	70600000	0.5265848670756647	-1.5586880085003672	9.684299298086602	4532.252071504529	1.4353356915761606	2686.9484146305726
chr10	70940001	70980000	chr10	69890001	70980000	0.12474437627811862	1.2770399988005585	9.59546228107547	4183.621554548905	1.7746774186525371	3095.037418130025
chr10	71220001	71270000	chr10	69520001	71270000	0.7862985685071575	-2.3966301463482043	5.5715088066358245	4875.070205806346	1.4254637520462283	6236.403915202249
chr10	71450001	71490000	chr10	71450001	74980000	0.7443762781186094	-8.050004358417384	3.399805083776817	4800.524778292865	2.855012333032645	16125.109656968378
chr10	74180001	74220000	chr10	73050001	74220000	0.5102249488752556	-1.0998749985332252	9.19801856684401	4304.6726892829965	2.0244528900439116	3789.775810162202
chr10	75580001	75620000	chr10	75580001	76730000	0.310838445807771	-1.1205910706274234	12.366463861369189	5688.573376229827	1.6057379599311363	2954.557846273291
chr10	75930001	75970000	chr10	75170001	75970000	0.26226993865030673	-0.26919696479619826	16.86312377772368	5396.199608871577	1.7614561829314077	2254.663914152202
chr10	76180001	76250000	chr10	75650001	76250000	0.12678936605316973	0.3454194664448541	18.594694827821133	7809.7718276848755	1.443547895665543	4244.030813256696
chr10	76530001	76560000	chr10	76530001	77090000	0.66359918200409	-1.399479123585174	15.578411131522708	2617.173070095815	1.1609578464685932	585.122754620171
chr10	76780001	76820000	chr10	76780001	77680000	0.8077709611451943	-4.0240981767297885	15.888689092763428	5719.928073394834	1.9276937220205093	2775.8789597095333
chr10	77040001	77100000	chr10	76240001	77100000	0.47137014314928427	-2.7117746851692774	14.988835808909183	7734.239277397139	1.6384932322748593	5072.775047122965
chr10	77070001	77140000	chr10	77070001	78160000	0.516359918200409	-0.6654737358830103	12.481196441136278	9523.15288458698	1.3039554907872306	6964.426276294598
chr10	77190001	77230000	chr10	76030001	77230000	0.8875255623721882	-3.0546091107629905	10.639595699515061	5107.005935767229	1.1914957461247184	2287.6718325594593
chr10	78140001	78180000	chr10	77240001	78180000	0.42280163599182	-0.46882158207470026	12.272462949141525	4614.446068877213	1.2793098197117623	1924.0819688464903
chr10	78570001	78600000	chr10	77480001	78600000	0.40644171779141103	-0.49735483928018975	8.268371897608912	2778.172957596594	0.8813868799229696	888.4379749623533
chr10	78750001	78790000	chr10	75010001	78790000	0.5301635991820042	-0.6711375033960911	2.251328271926806	3404.0083471533303	0.7774613017396996	4702.085952921703
chr10	80140001	80180000	chr10	80140001	81440000	0.640081799591002	-1.6982370673789737	11.706332318352514	6087.292805543308	1.6489514957481342	3429.819111156119
chr10	80670001	80730000	chr10	79880001	80730000	0.679959100204499	-1.7279919378540822	19.486882490841065	9938.310070328944	1.5989666046730568	4892.837810299554
chr10	81160001	81200000	chr10	79710001	81200000	0.8149284253578732	-3.3708831226158735	10.61808684002028	6328.379756652087	1.8629988995013758	4441.38937641128
chr10	81340001	81390000	chr10	79700001	81390000	0.7709611451942741	-2.692250165508256	9.628528032228193	8136.106187232823	1.834787481612655	7751.977109813468
chr10	82330001	82370000	chr10	82330001	84670000	0.6814928425357873	-0.8731464066923187	3.5882400420833966	3358.5926793900594	0.6375326497384743	2386.922240620848
chr10	83520001	83550000	chr10	81380001	83550000	0.8190184049079755	-3.8427591005933506	5.075240734047726	3303.981717865069	1.3969960912035766	2728.333366120585
chr10	83800001	83850000	chr10	83800001	84660000	0.028118609406952967	6.931207441647182	17.825103431513757	7664.794475550916	3.6096350609610877	7760.7153810663385
chr10	85180001	85240000	chr10	85180001	85950000	0.16666666666666666	0.47419099602846465	16.08588825441871	7431.680373541443	2.1997842234546767	6097.801867416364
chr10	85620001	85660000	chr10	84520001	85660000	0.37474437627811863	-0.6169533487190219	11.463364429490975	5227.294179847884	1.9434571170289685	3544.8657814608387
chr10	85950001	85980000	chr10	85950001	86830000	0.6523517382413088	-3.139971612909322	11.797410179773198	3114.516287460124	2.0753510182137633	1643.6780064253005
chr10	86040001	86080000	chr10	86040001	86840000	0.44683026584867075	-2.193706951269291	14.933871166207535	4778.838773186411	2.283948045312937	2923.453498000559
chr10	88280001	88350000	chr10	86900001	88350000	0.11349693251533742	2.258322731400817	7.813470580847048	7930.672639559754	2.1869779532519145	15538.478357854852
chr10	89720001	89760000	chr10	89720001	91180000	0.7786298568507157	-3.5865578080564036	9.484772019163909	5539.106859191723	2.16489905757743	5057.204198500876
chr10	89880001	89920000	chr10	89880001	90950000	0.8660531697341514	-3.2175836193598597	13.800917987303054	5906.792898565707	1.5611287220179035	2672.6523720946507
chr10	90150001	90190000	chr10	90150001	91020000	0.8609406952965235	-6.168139936089686	16.75835894426122	5831.908912602905	2.366682267136473	3294.4217158539705
chr10	90660001	90710000	chr10	89690001	90710000	0.026073619631901843	5.0940624681027655	16.539511074504695	8435.150647997394	3.26838522784334	8334.382331000517
chr10	91270001	91310000	chr10	91270001	92980000	0.20040899795501022	1.4856269799716038	7.233625576148068	4947.7998940852785	2.8014736709196453	7664.831963636149
chr10	92630001	92670000	chr10	91220001	92670000	0.44785276073619634	-1.5533495525114605	7.176738858334191	4162.508537833831	1.9189460402520824	4451.954813384831
chr10	92990001	93040000	chr10	91170001	93040000	0.4130879345603272	0.6079919300493735	6.360170868490827	5946.759762038923	3.181417851901562	14873.128457639801
chr10	93060001	93100000	chr10	93060001	94480000	0.5184049079754601	-1.5080042662768671	7.627016044599157	4332.145113332321	1.2660667013019082	2876.5035453579353
chr10	93250001	93290000	chr10	93250001	93930000	0.8583844580777096	-1.9308049208966984	15.233655002041942	4143.554160555408	1.1118537503617878	1209.6968803936252
chr10	94110001	94150000	chr10	93460001	94150000	0.2955010224948875	-0.7433586563450112	16.782140930081663	4631.8708967025395	1.554885972177279	1716.594113283716
chr10	94890001	94960000	chr10	93110001	94960000	0.483640081799591	-0.7819344555016186	7.066252042668179	9150.796395255291	1.2628558137768813	11447.787951887429
chr10	95080001	95120000	chr10	95080001	96070000	0.6942740286298569	-0.9520257540661312	12.640948779891602	5005.815716837074	1.9210337834037317	3042.917512911511
chr10	95500001	95570000	chr10	95500001	97290000	0.37627811860940696	-0.30232451520755604	7.112939672747927	8912.513409953151	1.4509860876384584	12726.59897467692
chr10	96180001	96230000	chr10	96180001	96980000	0.7315950920245399	1.4796703912333784	14.934099625082018	5973.639850032807	2.6184040305335987	5236.808061067198
chr10	96460001	96500000	chr10	96460001	97120000	0.6257668711656441	-1.7388488786639966	16.724670125950148	4415.312913250839	1.4972652863357887	1581.112142370593
chr10	96600001	96640000	chr10	96600001	97290000	0.7096114519427403	-3.57424380815682	19.30607551820396	5328.476843024293	2.8287999418134886	3122.995135762091
chr10	97140001	97190000	chr10	96230001	97190000	0.37065439672801637	-1.907884175620218	15.582191611716588	7479.451973623963	3.2296309310385976	7751.114234492634
chr10	97300001	97350000	chr10	95680001	97350000	0.25664621676891614	2.2573353793647764	10.574109379602218	8829.381331967852	4.847760604048737	20239.400521903477
chr10	97660001	97700000	chr10	96150001	97700000	0.21063394683026584	0.15683187724708753	8.959011686842612	5554.587245842419	2.242739829549115	5561.994777281805
chr10	98960001	99000000	chr10	97010001	99000000	0.9458077709611452	-9.83250521640694	7.099856868706702	5651.486067490535	2.1166143578100707	6739.300115267265
chr10	98960001	99000000	chr10	97010001	99000000	0.9458077709611452	-9.83250521640694	7.099856868706702	5651.486067490535	2.1166143578100707	6739.300115267265
chr10	99060001	99100000	chr10	97690001	99100000	0.1083844580777096	-0.5223125098365629	10.076357118954364	5683.065415090262	3.462170821288819	7810.657372827576
chr10	99560001	99620000	chr10	98890001	99620000	0.1196319018404908	1.6209413267711454	15.60238143814989	6833.8430699096525	2.227156403079526	5852.967027292994
chr10	105560001	105600000	chr10	104110001	105600000	0.7014314928425358	-5.3657231031215	8.446587409532285	4899.020697528726	1.882070528222892	4486.856139283374
chr10	105710001	105780000	chr10	103530001	105780000	0.21881390593047034	-1.6437930262461902	6.398488563628456	9898.461807933221	3.5979850423456807	39667.78509186113
chr10	105830001	105870000	chr10	105830001	106980000	0.4110429447852761	2.7143468548035585	9.843646397189382	4528.077342707115	2.9906984698227324	5502.885184473827
chr10	106240001	106280000	chr10	106240001	107510000	0.42024539877300615	-1.284801254361342	8.017726384262648	4073.0050032054255	1.2282721693898646	2495.849048200205
chr10	106460001	106500000	chr10	106460001	106870000	0.21267893660531698	-0.27467363636674186	21.969266886440415	3602.959769376228	1.1778792218401029	772.6887695271075
chr10	106550001	106590000	chr10	105930001	106590000	0.06339468302658487	1.893967735747488	17.16251377270157	4530.903635993214	1.857764669756122	1961.799491262465
chr10	107370001	107420000	chr10	106460001	107420000	0.44274028629856854	-2.872218556179975	14.441390285080612	6931.8673368386935	2.2415249856664605	5379.659965599505
chr10	107770001	107810000	chr10	107770001	110080000	0.7597137014314929	-1.919640675513815	4.250599184722536	3927.553646683624	1.1119541930963595	4109.782697684144
chr10	108280001	108340000	chr10	108280001	109890000	0.4222903885480573	-0.2658569681791663	6.4107473279984495	6192.781918846502	1.6192731235314057	9385.307023988027
chr10	108720001	108760000	chr10	108720001	109730000	0.2147239263803681	0.7043778246366758	13.1376132466783	5307.595751658034	2.871411746677312	4640.2013826305365
chr10	109000001	109040000	chr10	109000001	109700000	0.4621676891615542	-1.44604162536242	15.328655104298406	4292.023429203554	1.9987731600403542	2238.6259392451966
chr10	109450001	109500000	chr10	108440001	109500000	0.3926380368098159	-1.8544214323433275	12.229531184633826	6481.651527855928	2.397528054607392	6353.449344709588
chr10	109820001	109880000	chr10	108320001	109880000	0.5945807770961146	-2.3503575310509897	8.24643368856793	7718.661932499583	2.0111273981919955	11294.491468246248
chr10	109890001	109930000	chr10	109890001	111190000	0.1278118609406953	0.09985742192130827	10.337375091912602	5375.435047794553	2.640617121730451	5492.483613199338
chr10	110440001	110480000	chr10	108160001	110480000	0.7643149284253579	-2.6051877649121655	5.429739116699625	5038.7979002972515	1.3446764720695457	4991.439064322153
chr10	110560001	110600000	chr10	109940001	110600000	0.876278118609407	-3.1568814584569287	16.36380783279562	4320.045267858043	1.5523139734433435	1639.2435559561707
chr10	110560001	110600000	chr10	109730001	110600000	0.885480572597137	-3.73267485007332	13.09829578727621	4558.206933972121	1.5618220258525228	2174.0562599867117
chr10	110720001	110770000	chr10	108430001	110770000	0.733640081799591	-3.024542545527463	5.654718568050914	6616.020724619569	1.8809033616171804	11003.284665460505
chr10	110740001	110810000	chr10	110740001	111120000	0.11912065439672802	1.0947565361680744	24.80104963706379	6597.079203458969	1.5907247115201812	2961.9294128505776
chr10	111470001	111510000	chr10	110910001	111510000	0.26891615541922287	-0.3950317481304156	14.727622140708203	3534.6293137699686	1.3499810558778482	1295.9818136427343
chr10	111940001	111980000	chr10	110760001	111980000	0.5899795501022495	-3.361773563373286	10.357312617752124	5054.368557463036	2.44777092541289	4778.048846405962
chr10	114770001	114810000	chr10	114130001	114810000	0.7438650306748467	-0.7912812509254744	15.840307963182575	4308.56376598566	1.483674743384621	1614.2381208024676
chr10	115080001	115150000	chr10	113400001	115150000	0.20552147239263804	-0.06136689183886256	8.508578652138622	10423.008848869813	2.4492096875369715	21001.97307062953
chr10	115550001	115600000	chr10	115550001	117880000	0.7965235173824131	-2.751077705014983	4.76195261442294	5547.674795802725	1.4347842987080008	8357.618539974104
chr10	116170001	116220000	chr10	115330001	116220000	0.24028629856850717	-0.28141548122808796	13.941627362530804	6204.024176326207	1.981425435207957	4408.6715933377045
chr10	117200001	117240000	chr10	115170001	117240000	0.5777096114519428	-1.9692090067511345	5.497021580232384	4551.533868432414	1.5817070986794697	5238.613910826403
chr10	117670001	117710000	chr10	115200001	117710000	0.7392638036809815	-2.7144748199085043	4.643688368786123	4662.263122261267	1.4367112249652392	5769.832279460401
chr10	122030001	122080000	chr10	121250001	122080000	0.29754601226993865	1.006022468861745	12.917509605711748	5360.766486370376	1.794463463905353	3723.5116876036072
chr10	122050001	122110000	chr10	122050001	123270000	0.37423312883435583	-0.3302206016603376	7.025704686984667	5142.815830872776	1.3274706100860132	5830.25091949777
chr10	122530001	122580000	chr10	122530001	123230000	0.043456032719836404	2.0266456139116653	14.501671220605095	5075.584927211783	1.8707339978060806	3273.784496160641
chr10	126840001	126880000	chr10	123010001	126880000	0.6349693251533742	-6.360912957014908	3.158412338602071	4889.222300156006	2.948257365203814	18255.60960534202
chr10	127040001	127070000	chr10	127040001	128870000	0.9100204498977505	-4.213415374687729	6.583185210937122	3614.16868080448	1.7921090767699017	2951.603649440028
chr10	127640001	127680000	chr10	127640001	128940000	0.8926380368098159	-4.141518172183334	10.265657405976494	5338.141851107777	1.5307947155698316	3184.0530083852495
chr10	128060001	128100000	chr10	127050001	128100000	0.8773006134969326	-3.434905700870458	11.311602489340249	4750.873045522904	1.6572406286729762	2784.1642561706
chr10	128900001	128940000	chr10	126890001	128940000	0.7310838445807771	-1.1409760272909026	5.354881856829831	4391.003122600461	1.0726694856376862	3518.3559128916104
chr11	3130001	3190000	chr11	3130001	6980000	0.9529652351738241	-1.633508999303413	4.836361619256432	11171.995340482357	0.4588220613568477	6326.2385819882165
chr11	3640001	3680000	chr11	3640001	6470000	0.9202453987730062	-5.400823513720176	6.132221508375959	6941.674747481585	1.7440634949774094	7897.1195052577095
chr11	3640001	3680000	chr11	3290001	3680000	0.17893660531697342	-2.451221873701405	34.75030067557233	5421.046905389284	1.5386275420254973	960.1035862239104
chr11	3640001	3680000	chr11	3640001	6610000	0.9202453987730062	-5.195756246282705	5.877427894268842	6982.3843383913845	1.7562711396834636	8345.80045577582
chr11	4080001	4120000	chr11	3250001	4120000	0.565439672801636	-1.4397242453974957	15.311821099839856	5328.51374274427	1.1514958245339908	1602.8821877513153
chr11	4080001	4120000	chr11	4080001	6470000	0.9284253578732107	-5.765408274726154	7.119488797144991	6806.231290070612	1.8740797544806123	7166.480981133861
chr11	4390001	4440000	chr11	3970001	4440000	0.10531697341513292	0.14479269090166094	33.465050015741795	7864.286753699322	2.1786624529615266	2559.928382229794
chr11	4680001	4720000	chr11	3730001	4720000	0.8537832310838446	-3.5327244582244006	15.870766541966146	6284.823550618594	1.4692727728013675	2327.328072117366
chr11	5090001	5120000	chr11	5090001	6620000	0.4662576687116564	-2.403695299935814	10.698412879985755	4910.571511913461	1.8924455317720017	2605.8974972500464
chr11	5270001	5320000	chr11	5270001	6330000	0.4366053169734151	-1.9503692050707313	16.94556210081949	8981.14791343433	1.9663169180093294	5210.739832724723
chr11	5410001	5480000	chr11	5010001	5480000	0.0950920245398773	-1.4128239187065825	35.36657854500208	11635.604341305683	2.0089385935570903	4626.585580961979
chr11	5470001	5530000	chr11	5470001	6500000	0.2116564417177914	0.05610940585318059	15.573457854981633	9624.39695437865	1.7345145291228545	6431.5798739875445
chr11	5730001	5770000	chr11	5730001	6500000	0.6850715746421268	-1.109646268081384	19.767546526196416	6088.404330068496	1.5484523875119178	1907.693341414683
chr11	5890001	5930000	chr11	3580001	5930000	0.8445807770961146	-3.315559847755466	7.4107029525814285	6966.060775426543	1.6064463108846756	6040.23812892638
chr11	6450001	6490000	chr11	6450001	7140000	0.25766871165644173	-0.6864816026532613	22.962264298533444	6337.584946395231	1.4422717280676707	1592.2679877867085
chr11	7800001	7830000	chr11	7800001	9410000	0.9008179959100204	-3.1355929897639783	8.020828892527353	3874.0603550907113	1.2982895130580563	1881.2215044211234
chr11	8650001	8700000	chr11	8650001	9170000	0.8542944785276074	-2.442574356529017	23.271201051021087	6050.512273265483	1.3759714819623245	1788.762926551022
chr11	9100001	9160000	chr11	8280001	9160000	0.1088957055214724	1.0343040573464286	17.45007442006467	9213.639293794145	2.270970505295912	7194.434560777449
chr11	11770001	11830000	chr11	11770001	12560000	0.5020449897750511	-0.6429305135314264	17.118382065828502	8114.113099202709	2.2541658484707052	6410.847673050685
chr11	16490001	16530000	chr11	16490001	17270000	0.37423312883435583	0.6991722365924924	14.606177583703808	4557.127406115588	1.6793278493255384	2095.801155958272
chr11	17420001	17480000	chr11	17420001	19520000	0.4233128834355828	-2.44154150518828	7.325344027808047	9229.933475038139	3.0056263755079566	22722.53539884015
chr11	18720001	18770000	chr11	17170001	18770000	0.971881390593047	-8.848662088052373	9.7040022292034	7763.201783362721	2.21649536428694	8865.98145714776
chr11	19000001	19040000	chr11	17580001	19040000	0.9657464212678937	-9.900845978808002	12.441565211749657	7265.8740836618	2.7130706092286205	6337.732943158057
chr11	19520001	19550000	chr11	17660001	19550000	0.8394683026584867	-5.069108062690956	7.661836792287386	4344.261461226948	2.4360502690332266	4143.721507625519
chr11	19810001	19840000	chr11	19810001	21100000	0.0705521472392638	0.7337457071040278	14.03291273270213	5430.7372275557245	2.3564490805902745	2735.837382565309
chr11	20320001	20360000	chr11	19810001	20360000	0.5265848670756647	-3.232715070020799	20.869931676783008	4591.384968892262	1.258785497885076	1107.731238138867
chr11	20420001	20470000	chr11	20420001	21310000	0.08486707566462168	0.9391461701782068	16.948785610105848	7542.209596497102	1.9496195286775102	4337.90345130746
chr11	20530001	20570000	chr11	19830001	20570000	0.7147239263803681	-1.328277153529795	16.433038261919556	4864.179325528189	1.030993880200176	1220.6967541570082
chr11	20810001	20850000	chr11	19820001	20850000	0.6860940695296524	-1.0003067520995435	11.162424386711974	4598.918847325333	1.0975303475115892	1808.730012699099
chr11	21550001	21590000	chr11	19820001	21590000	0.21881390593047034	-0.21147106028012175	6.034084359361035	4272.131726427613	1.158010926570992	3279.486944049049
chr11	22970001	23010000	chr11	22970001	23780000	0.0408997955010225	0.8602739637480294	15.999342646979349	5183.787017621309	1.6813713409826632	2179.0572579135314
chr11	23160001	23220000	chr11	21280001	23220000	0.8813905930470347	-4.385911753011414	7.495325679185729	8724.55909057219	1.612896551637503	11264.46951663632
chr11	23250001	23290000	chr11	22090001	23290000	0.7939672801635992	-2.8727141576719184	11.758229690056618	5643.9502512271765	1.6809661225804704	3227.454955354503
chr11	23850001	23890000	chr11	23260001	23890000	0.027607361963190184	1.5821091680159147	19.10773274569639	4815.14865191549	1.4667674809273472	1478.501620774766
chr11	24030001	24070000	chr11	24030001	26980000	0.918200408997955	-23.48295902102455	6.367148890126352	7513.235690349096	4.7004246945938615	22186.004558483026
chr11	24420001	24480000	chr11	24420001	25200000	0.7530674846625767	-1.8410000385768472	18.085279090799453	8463.910614494143	2.0578338321333716	5778.397400630507
chr11	24640001	24690000	chr11	24640001	25860000	0.8992842535787321	-3.3762999000903786	11.692464522898973	7132.403358968373	1.607204312512184	4901.973153162161
chr11	24650001	24690000	chr11	24060001	24690000	0.8231083844580777	-2.8520169942481353	20.034205904778872	5048.619888004276	1.5576580005397334	1570.1192645440512
chr11	25280001	25320000	chr11	23960001	25320000	0.11809815950920245	3.1643166808402317	11.876088771283678	6460.592291578321	3.82577222757373	8324.880367200436
chr11	25830001	25880000	chr11	23970001	25880000	0.065439672801636	5.278508521050948	8.008384119071389	7648.006833713177	3.7224123642937728	17774.519039502764
chr11	26190001	26230000	chr11	26190001	26990000	0.696319018404908	-1.7650392540569868	13.78312751104706	4410.600803535059	1.576583009613757	2018.026252305609
chr11	26470001	26510000	chr11	23710001	26510000	0.6855828220858895	-2.4599588062286544	4.585677178753522	5135.9584402039445	1.4903590872793022	6676.808711011274
chr11	29520001	29560000	chr11	29520001	30980000	0.6477505112474438	-1.170774482628699	8.711144219654559	5087.308224278262	1.5056044572563632	3517.0920121508643
chr11	29820001	29860000	chr11	29820001	30990000	0.8946830265848671	-2.6429680431119222	11.607455578840794	5432.289210897491	1.9323340395004291	3617.3293219448033
chr11	29990001	30030000	chr11	29990001	30980000	0.9294478527607362	-3.6306293963692644	12.644409810234103	5007.186284852705	1.7741653002736966	2810.2778356335352
chr11	30620001	30680000	chr11	29700001	30680000	0.1114519427402863	3.4299656905230593	17.40957904118814	10236.832476218628	3.1072843129145307	10962.499055962464
chr11	31230001	31270000	chr11	31230001	32170000	0.1247443762781186	1.8124003550097918	14.61182364612697	5494.045690943741	2.066767112307976	3108.4177369111953
chr11	31590001	31660000	chr11	30670001	31660000	0.16257668711656442	0.6389123728225004	13.906474368149766	9637.186737127788	1.7865214431098753	8666.415520526005
chr11	32190001	32260000	chr11	32190001	32710000	0.8236196319018405	-1.1074499387143553	26.699796704625978	9718.726000483855	1.1515545418242994	2934.1609725683147
chr11	32700001	32740000	chr11	31540001	32740000	0.7801635991820042	-1.6431019411587735	13.776440605962785	6612.691490862137	1.3124116956737772	2519.8304556936523
chr11	32710001	32740000	chr11	32710001	33610000	0.9187116564417177	-2.5258969916094376	14.57752448451359	3935.9316108186695	1.451827514746462	1175.9802869446344
chr11	32930001	32980000	chr11	32450001	32980000	0.046012269938650305	0.5120472557731375	25.609934743660943	6786.63270707015	1.6233929907003677	2150.9957126779873
chr11	33120001	33160000	chr11	32200001	33160000	0.017893660531697345	4.253920644657913	17.047233049965087	6546.137491186593	2.842624856187385	4366.271779103823
chr11	34120001	34160000	chr11	34120001	36170000	0.6329243353783232	-1.2315212781565248	6.762452082755952	5193.563199556571	1.3591709869862307	4458.080837314837
chr11	34870001	34910000	chr11	34870001	36370000	0.8542944785276074	-6.583380435198666	10.38153913811009	6228.923482866055	2.301946707358822	5524.672097661172
chr11	35000001	35040000	chr11	35000001	36690000	0.8231083844580777	-2.2994158795940964	7.3866483721428615	4993.374299568574	1.2411105209559552	3355.9628486649026
chr11	35540001	35610000	chr11	35000001	35610000	0.843558282208589	-2.655345775326195	20.40073809925332	8711.115168381168	1.276553137888956	3815.61732915009
chr11	35660001	35700000	chr11	35080001	35700000	0.1058282208588957	0.9591126706340681	20.800968600427364	5158.640212905986	1.8492002940700147	1834.4066917174546
chr11	35970001	36010000	chr11	35120001	36010000	0.19222903885480572	0.2748760735120011	14.692343112540108	5230.474148064279	1.0942188364345922	1558.1676230828593
chr11	36020001	36070000	chr11	36020001	37130000	0.17075664621676892	0.4492105686822356	11.277720963204441	6259.135134578465	1.5669431513119934	4348.2672448907815
chr11	36190001	36230000	chr11	36190001	38220000	0.5286298568507157	-1.8180106356330277	6.928380105543104	5625.844645701	2.266369453874762	7361.167986185226
chr11	40460001	40500000	chr11	37870001	40500000	0.8660531697341514	-6.80901292104799	5.015025803782229	5275.807145578905	2.211987651140845	9308.044036000676
chr11	40560001	40600000	chr11	37040001	40600000	0.8870143149284253	-13.466275967928711	3.9541052189228423	5630.645831746127	2.898141860268493	16507.816036089338
chr11	40740001	40780000	chr11	40740001	42980000	0.8471370143149284	-3.667504367828477	5.177781989166393	4639.292662293088	2.2300557274079877	7992.519727030228
chr11	40890001	40930000	chr11	40890001	42980000	0.19631901840490798	-6.26924970667537	7.952722255584895	6648.4758056689725	3.538911267866311	11834.119279744944
chr11	41140001	41180000	chr11	41140001	43730000	0.5449897750511248	-2.598458738901144	6.258573008640662	6483.881636951725	2.8612918701163848	11857.193509762299
chr11	41570001	41610000	chr11	41570001	43730000	0.5644171779141105	-2.7502859281460728	6.557856405150438	5665.987934049978	1.9969475670914942	6901.450791868204
chr11	42030001	42100000	chr11	40460001	42100000	0.12883435582822086	-0.9168525330755868	9.930302788694286	11399.98760142104	2.5512738954243446	20502.037023630033
chr11	42130001	42200000	chr11	42130001	43390000	0.3982617586912065	-0.5680730648422347	13.156631921412357	11604.149354685698	3.091969747449871	19089.821220755504
chr11	42130001	42190000	chr11	42130001	42630000	0.029141104294478526	1.421095515862067	22.874006073317982	6862.201821995394	1.5307037945718633	2755.266830229354
chr11	42280001	42340000	chr11	42280001	43340000	0.12985685071574643	-1.5580010271382965	15.766386475103163	10027.421798165611	2.8988269526342454	11061.92365125228
chr11	42600001	42650000	chr11	41610001	42650000	0.8951942740286298	-2.8411276901673657	15.09988442258563	7851.939899744528	1.3618499612783572	3540.809899323729
chr11	42600001	42650000	chr11	42600001	43410000	0.8957055214723927	-4.300278021161748	17.991173551761968	7286.425288463597	1.9157357185914972	3879.364830147782
chr11	42600001	42650000	chr11	41650001	42650000	0.8951942740286298	-2.871720433820732	15.670562023194103	7835.2810115970515	1.3913913416266326	3478.4783540665812
chr11	42710001	42760000	chr11	41950001	42760000	0.24335378323108384	-1.6613937733581154	18.44818685079081	7471.515674570279	1.8907028939330839	3828.673360214495
chr11	42710001	42760000	chr11	42710001	43620000	0.8916155419222904	-2.548530595579459	15.314507433755924	6968.1008823589455	1.6534653932502497	3761.633769644318
chr11	43020001	43060000	chr11	42160001	43060000	0.7581799591002045	-4.86419974581351	17.02851742035599	6130.266271328156	2.2655772372630483	3262.4312216587896
chr11	43020001	43060000	chr11	42170001	43060000	0.7290388548057259	-4.68682534521795	17.164450369685696	6110.544331608108	2.2553040852351125	3211.5530173748
chr11	43200001	43270000	chr11	41970001	43270000	0.787321063394683	-7.9089638627825085	13.295185695535011	12098.61898293686	2.9824357779092097	18998.115905281666
chr11	43330001	43360000	chr11	41010001	43360000	0.24130879345603273	-9.59037867557986	8.711136406642831	6141.3511666831955	4.708654171195832	9958.803572079185
chr11	43760001	43800000	chr11	43760001	45790000	0.869120654396728	-2.844210798224789	7.829868235732707	6357.8530074149585	2.2065721590872234	7166.946372715302
chr11	44590001	44630000	chr11	44590001	46310000	0.26891615541922287	-5.775515134529116	11.16436495776881	7681.083090944941	3.436909232928534	9458.374209019325
chr11	44970001	45020000	chr11	44400001	45020000	0.08691206543967281	1.485576121645223	22.02627388908921	6828.144905617655	2.1241962054471633	3292.5041184431034
chr11	45000001	45070000	chr11	45000001	45710000	0.34151329243353784	-0.30893121430861237	18.08455831991437	8988.02548499744	2.1065515020366528	7328.692675585515
chr11	45450001	45490000	chr11	43500001	45490000	0.9335378323108384	-5.857875782048064	7.969367525175626	6343.616550039798	1.863191256955523	5932.400962146385
chr11	45530001	45580000	chr11	44380001	45580000	0.1579754601226994	1.9723214257237138	13.55974948895706	8135.849693374235	3.2809187968929447	9842.756390678835
chr11	45670001	45710000	chr11	43810001	45710000	0.7387525562372188	-4.008096185105479	7.173202026048047	5451.633539796516	2.2918830470223837	6967.324462948046
chr11	48400001	48450000	chr11	46570001	48450000	0.899795501022495	-3.3606327996576484	6.054902517522166	5691.608366470836	1.4840951954291288	6975.247418516906
chr11	48560001	48600000	chr11	46780001	48600000	0.5143149284253579	-1.4373177031061717	6.56994249673649	4782.918137624165	2.3389542957394713	6811.03490919334
chr11	49680001	49720000	chr11	49680001	50440000	0.18609406952965235	-0.17418571608562555	14.571141549942672	4429.627031182572	1.1212858769414085	1363.4836263607526
chr11	51030001	51080000	chr11	50290001	51080000	0.21881390593047034	-0.09997218196801543	14.205438865322275	5611.148351802299	1.0841392474111573	2141.1750136370356
chr11	51240001	51280000	chr11	49790001	51280000	0.48261758691206547	-0.5807322607870926	7.1573166637923356	4265.760731620232	1.016115055907064	2422.4182932824406
chr11	51240001	51280000	chr11	51240001	53470000	0.7106339468302658	-1.62457368948961	5.33189529135045	4756.050599884601	1.0820982086380808	3860.9264084206725
chr11	51580001	51620000	chr11	51580001	53580000	0.7239263803680982	-1.3989441508421827	6.8306193762109135	5464.495500968731	1.0267949933821834	3285.7439788229867
chr11	52080001	52120000	chr11	51580001	52120000	0.30316973415132925	-0.9629045868855217	21.79790694691765	4708.347900534212	1.261241495309265	1089.712651947205
chr11	52080001	52120000	chr11	52080001	54980000	0.824642126789366	-2.578840072723471	4.373909990824895	5073.735589356878	1.261799856754377	5854.751335340308
chr11	52210001	52250000	chr11	51580001	52250000	0.15644171779141106	0.142431531253843	18.60947005062691	4987.337973568012	1.6156966805471527	1732.0268415465475
chr11	52210001	52250000	chr11	51600001	52250000	0.14519427402862986	0.15893831216098805	19.11208954712512	4969.143282252531	1.6345205633076882	1699.9013858399958
chr11	52330001	52370000	chr11	51580001	52370000	0.32004089979550104	-0.2788268397752645	17.77428031180845	5616.67257853147	1.5002185472355052	1896.2762437056786
chr11	52410001	52460000	chr11	52410001	53460000	0.22699386503067484	-2.4915712033334723	14.31759909145365	7516.739523013166	2.982855315347723	7829.9952027877725
chr11	53140001	53170000	chr11	52230001	53170000	0.7806748466257669	-5.060549719714982	16.14313691394232	4552.364609731734	2.326533942571398	1968.2477154154024
chr11	53420001	53470000	chr11	53420001	55080000	0.4867075664621677	-2.065392415902912	9.49623347864493	7881.873787275292	1.396173778811976	5794.1211820697
chr11	53700001	53740000	chr11	53700001	55150000	0.7627811860940695	-2.3800271630089274	9.773309217609738	5668.519346213648	1.4873699600184849	3450.6983072428848
chr11	53850001	53890000	chr11	53320001	53890000	0.2147239263803681	-0.24495090596460195	22.49096246083271	5127.939441069858	1.376559685586445	1255.4224332548379
chr11	53870001	53900000	chr11	53870001	55350000	0.8992842535787322	-2.684639819809591	8.544713028686902	3793.852584736984	1.4322467734629007	1907.7527022525837
chr11	53970001	54010000	chr11	53970001	55480000	0.8343558282208589	-2.8712056773678394	10.96451873658436	6622.569316896953	1.469369572642078	3549.99688750326
chr11	53980001	54010000	chr11	53330001	54010000	0.8353783231083844	-1.3168637682089914	13.945329781120194	2844.8472753485194	0.7956930525348493	486.9641481513278
chr11	54290001	54350000	chr11	54290001	55470000	0.6702453987730062	-1.0739828153749464	12.264707963661271	8683.41323827218	1.0401731894521455	4418.655708792714
chr11	54290001	54340000	chr11	54290001	55480000	0.6666666666666666	-0.8885624866047654	12.073353337754188	7183.6452359637415	1.0598672165934733	3153.104969365583
chr11	54290001	54320000	chr11	53340001	54320000	0.8977505112474438	-3.8353015895846747	12.982911951286852	3816.9761136783345	1.363503994535674	1202.6105231804645
chr11	54420001	54460000	chr11	54420001	55480000	0.8957055214723926	-1.2912725277674628	11.798603560064583	5002.607909467383	0.9929047107271654	1683.9663893932725
chr11	54420001	54460000	chr11	53290001	54460000	0.8895705521472392	-3.0999854501705584	11.478952556835267	5372.149796598905	1.4205266595401795	2659.225906659216
chr11	54510001	54550000	chr11	54510001	55480000	0.7464212678936605	-1.0339225198630524	12.479867082989253	4842.18842819983	1.1426474061217091	1773.3887743008925
chr11	54610001	54660000	chr11	53310001	54660000	0.8006134969325154	-2.0551359248302896	10.3507657024377	6986.766849145447	1.3099274339284441	4421.005089508499
chr11	54840001	54880000	chr11	53280001	54880000	0.7786298568507157	-2.136888918033662	9.40964070081928	6022.170048524339	1.4077033228694085	3603.7205065456856
chr11	55390001	55460000	chr11	54650001	55460000	0.13496932515337423	-0.006615617243300146	21.165646725033387	12000.921693093931	1.5228625577330572	6044.241491642504
chr11	55570001	55610000	chr11	55570001	58850000	0.8496932515337423	-5.608907852479909	4.344328306290829	5699.758737853567	1.894516647002615	9942.423363469723
chr11	55950001	56000000	chr11	55510001	56000000	0.6257668711656442	-0.5882785669234926	21.100490818404538	5169.620250509111	1.5905706239707225	1948.449014364135
chr11	56070001	56120000	chr11	55480001	56120000	0.08179959100204498	1.1446981106217282	18.785221688012996	6011.270940164159	1.968815658739803	3150.1050539836847
chr11	57770001	57820000	chr11	57770001	58320000	0.1605316973415133	-0.11232372220193884	17.279370046655192	4751.826762830177	1.0173855489071062	1398.905129747271
chr11	57900001	57940000	chr11	57460001	57940000	0.06134969325153374	0.4369968878040239	21.153959584882216	4061.5602402973855	1.3468069534205558	1034.3477402269868
chr11	58290001	58340000	chr11	57920001	58340000	0.10276073619631901	0.23479108632364015	22.50930522811342	4726.954097903818	0.9153433111709957	961.1104767295454
chr11	58920001	58970000	chr11	58920001	60540000	0.5710633946830266	-0.8499244563382385	8.141607214513845	6594.701843756215	0.9935004838100786	4023.6769594308184
chr11	59500001	59550000	chr11	59500001	62620000	0.712678936605317	-2.4523827889277565	4.853910247024449	7547.830434123018	1.14531701188722	8933.472692720316
chr11	59820001	59890000	chr11	59820001	60540000	0.26533742331288346	0.2313781644720078	20.614932064866156	10389.925760692542	1.9621599797528781	6922.500408568154
chr11	60020001	60080000	chr11	59290001	60080000	0.6932515337423313	-0.8513597509856682	19.98972731877416	9475.130749098953	1.299886561064843	3696.877379668413
chr11	60520001	60550000	chr11	60520001	62740000	0.7530674846625767	-2.06625302256375	5.654331285492874	3748.8216422817754	1.2109121477006437	2419.402471105886
chr11	60520001	60560000	chr11	57970001	60560000	0.7576687116564417	-2.987981192362271	5.007615011351791	5187.889151760455	1.046488309287146	4336.6475536859325
chr11	60760001	60790000	chr11	60760001	62400000	0.8164621676891615	-2.0045215035133324	8.076279063001813	3973.529298996892	1.1979716515624559	1768.206157706185
chr11	60860001	60920000	chr11	59510001	60920000	0.7034764826175869	-1.1347534129170564	10.287464134059096	8641.469872609641	1.1608511388250935	5892.480380676175
chr11	61350001	61410000	chr11	60700001	61410000	0.05214723926380368	-0.09479928817949022	24.284366033628366	10345.139930325684	2.1314414409072713	5447.964322958986
chr11	62720001	62770000	chr11	62720001	63170000	0.12576687116564417	0.16476510101482422	22.252178116127094	5006.740076128596	1.0809225021873088	1216.0378149607225
chr11	63110001	63180000	chr11	62740001	63180000	0.16206543967280163	1.7276875178932471	29.114851655520916	8967.374309900442	1.9797579726837318	4268.358189106126
chr11	63370001	63430000	chr11	63370001	64970000	0.5102249488752556	-1.2425868998765062	7.759904997801489	7449.50879788943	2.2472185210292133	12943.978681128268
chr11	65370001	65420000	chr11	64830001	65420000	0.8302658486707567	-1.3049889504921024	17.366438305566675	5123.099300142169	0.8287737796013745	1222.4413249120275
chr11	66100001	66140000	chr11	66100001	67100000	0.2602249488752556	0.3542722348394404	11.420421015633696	4568.168406253479	1.9918777532214478	3187.0044051543164
chr11	66860001	66900000	chr11	65660001	66900000	0.5552147239263804	-1.3466671814273823	8.894353502466481	4411.599337223375	1.9025769500513978	3774.7126689019733
chr11	66870001	66930000	chr11	66870001	68490000	0.537321063394683	-0.5851127306020981	7.043106854735864	6845.89986280326	0.8279195927483759	4828.427064908528
chr11	66980001	67020000	chr11	65010001	67020000	0.7668711656441718	-2.1823328398538964	5.9588313069944325	4790.900370823524	1.248128776223536	4013.982144334892
chr11	67080001	67130000	chr11	67080001	67830000	0.06646216768916155	2.0078820909551114	16.722585891472065	6270.969709302024	2.094192785984181	3926.611473720339
chr11	67800001	67840000	chr11	67800001	69050000	0.5051124744376279	-0.4678227373585349	8.717037095274277	4358.518547637138	0.9384021175727696	1876.8042351455392
chr11	67900001	67940000	chr11	66020001	67940000	0.7397750511247444	-1.2492875024549532	5.850737399961038	4493.3663231700775	0.9170663103933604	2817.227705528403
chr11	68360001	68410000	chr11	66980001	68410000	0.8404907975460123	-2.3672954591337794	12.16663348604586	8699.14294252279	1.6159210909740755	5776.91790023232
chr11	68540001	68580000	chr11	68540001	69130000	0.10122699386503067	-1.3919825832781485	27.15991282295304	6409.739426216917	2.1775046688608084	2055.564407404603
chr11	69990001	70040000	chr11	68710001	70040000	0.7750511247443763	-1.4729647958791252	11.442417669780651	7609.207750404133	1.3201295863932292	4389.430874757487
chr11	70200001	70240000	chr11	68690001	70240000	0.13190184049079753	-0.30962338348335405	9.808004991657473	6080.9630948276335	1.3942135498033936	3457.6496035124164
chr11	70420001	70470000	chr11	69030001	70470000	0.66359918200409	-1.0710808306789945	8.047548105240748	5794.2346357733395	0.9729170369840444	3502.50133314256
chr11	70640001	70690000	chr11	68940001	70690000	0.8220858895705522	-2.739174047606076	9.45600724729388	8274.006341382144	1.5480592426444908	6772.759186569648
chr11	71310001	71350000	chr11	71310001	72430000	0.20705521472392638	-0.3308951254633537	12.629753722057112	5658.129667481586	2.711439283041024	4858.899195209515
chr11	71740001	71790000	chr11	71740001	72210000	0.3967280163599182	-0.20932445288413187	25.247471593724377	5933.155824525229	1.3372922978740345	1571.3184500019904
chr11	72190001	72250000	chr11	72190001	72800000	0.1656441717791411	0.22328388871991137	18.94116727984472	6932.467224423168	1.4009726531641347	3076.5359463484397
chr11	74340001	74380000	chr11	72890001	74380000	0.7648261758691206	-0.8009944761980404	7.343361943908791	4376.6437185696395	2.096499852153448	4998.05564753382
chr11	74820001	74860000	chr11	74370001	74860000	0.5224948875255624	-0.7114094931630696	25.765159020122923	5049.9711679440925	1.2313936806912553	965.4126456619441
chr11	74920001	74960000	chr11	74920001	76250000	0.7249488752556237	-1.6819847399257248	12.084729782189367	6429.076244124743	1.6182072182312253	3443.5449603960474
chr11	75170001	75210000	chr11	75170001	75750000	0.12372188139059305	0.2910935234307971	28.560468623278005	6626.028720600497	1.7151443621890483	1591.6539681114368
chr11	75270001	75330000	chr11	74950001	75330000	0.05265848670756646	-1.4551373638567402	38.57577731947391	8795.27722884005	1.863692405404322	2549.5312105931125
chr11	76140001	76180000	chr11	75130001	76180000	0.7627811860940695	-2.029534765852688	15.49202958586021	6506.652426061289	1.7814828242522676	2992.8911447438095
chr11	76380001	76420000	chr11	75440001	76420000	0.5010224948875256	-1.2942132168671252	19.37585737841221	7595.336092337587	1.8449208521558145	2892.835896180317
chr11	77080001	77120000	chr11	77080001	77680000	0.032719836400818	1.7341828469713374	24.3318082260494	5839.633974251856	2.3653619616854504	2270.7474832180324
chr11	77550001	77590000	chr11	76010001	77590000	0.8394683026584867	-2.3200100790606295	9.146878714726174	5780.827347706942	1.2910886719875583	3263.8721627845475
chr11	77560001	77590000	chr11	77560001	78320000	0.7494887525562373	-2.141121995249937	17.483973789087756	3986.3460239120086	1.1279561655544124	771.522017239218
chr11	78480001	78520000	chr11	77690001	78520000	0.6032719836400818	-0.9160926133554492	14.203745923096859	4715.643646468157	0.8381054879814255	1113.004088039333
chr11	78820001	78860000	chr11	78820001	79410000	0.7423312883435583	-0.735468042305395	20.439400402312312	4823.6984949457055	1.3681184738026226	1291.5038392696758
chr11	78920001	78970000	chr11	78290001	78970000	0.36247443762781184	-0.9360585899561346	19.583647363518274	6658.440103596214	1.2541583782934862	2132.0692430989266
chr11	79000001	79040000	chr11	79000001	79620000	0.18762781186094069	0.694017442479261	23.904946143810474	5928.426643664998	2.0187183369544797	2002.5685902588439
chr11	80060001	80100000	chr11	77740001	80100000	0.824642126789366	-2.644025475234613	5.622609873429313	5307.743720517271	1.2470082708718064	4708.7032308119415
chr11	80370001	80410000	chr11	79390001	80410000	0.7157464212678937	-1.1862622950831465	11.34000329915606	4626.721346055672	1.1066495141689137	1806.0520071236672
chr11	80680001	80720000	chr11	80680001	81590000	0.11349693251533742	0.5483364562274022	13.572849244711021	4940.517125074812	1.806028553715282	2629.5775742094506
chr11	80880001	80920000	chr11	80880001	81620000	0.6528629856850716	-2.1075405379799736	17.836000987155206	5279.4562921979405	1.9851237981561798	2350.386577016917
chr11	81570001	81630000	chr11	80040001	81630000	0.7903885480572597	-1.1332934959322243	8.66270521141665	8264.220771691484	1.720311841071089	9847.064978290913
chr11	82160001	82200000	chr11	81230001	82200000	0.15030674846625766	0.542256778412583	12.711604193096946	4932.102426921615	1.6710444917468497	2593.4610511911105
chr11	82230001	82270000	chr11	82230001	83640000	0.32004089979550104	0.013117652891234411	11.323920605533232	6386.691221520743	2.319780069023578	5233.423835717193
chr11	82760001	82800000	chr11	79950001	82800000	0.8997955010224948	-3.2543361991772457	5.168157885259878	5891.6999891962605	1.3953847738978165	6362.954568974043
chr11	82870001	82920000	chr11	82370001	82920000	0.30879345603271985	-0.3528763365058409	19.14351867503419	5264.4676356344025	1.23967138095263	1704.5481488098665
chr11	83670001	83710000	chr11	81200001	83710000	0.810838445807771	-2.0825548726302134	4.7651531954051185	4784.213808186739	1.057986510725831	4248.873827074937
chr11	83750001	83820000	chr11	83750001	84290000	0.06032719836400818	0.6159281889557958	19.37754550634116	7324.712201396958	1.1478939140599478	3037.3272966026216
chr11	84260001	84290000	chr11	84260001	84980000	0.584355828220859	-1.312851339088205	15.752156781984775	3402.4658649087114	1.455646186207087	943.2587286621924
chr11	84790001	84840000	chr11	83940001	84840000	0.4749488752556237	-0.7554694088961263	18.201855151212005	8190.834818045402	2.667539977899287	6001.9649502733955
chr11	85820001	85860000	chr11	85820001	86480000	0.4105316973415133	-0.1726288636620178	17.087104964944288	4510.995710745292	1.339226665958819	1414.2233592525129
chr11	86730001	86780000	chr11	86730001	87620000	0.7464212678936605	-1.9532914600419056	15.837236908269174	7047.570424179783	1.43698201004888	3197.284972358758
chr11	87490001	87540000	chr11	85660001	87540000	0.7080777096114519	-1.0893960784341952	7.8372044462102535	7366.972179437638	1.1204526479692898	5266.127445455662
chr11	88020001	88060000	chr11	88020001	88980000	0.8931492842535788	-3.4068117911237628	14.690991474957107	5641.340726383529	1.7073772926842918	2622.531521563072
chr11	88180001	88220000	chr11	87070001	88220000	0.523517382413088	-0.7081119903589114	14.156951783762555	6512.197820530775	1.3057072160567333	2402.5012775443893
chr11	88800001	88850000	chr11	87570001	88850000	0.2694274028629857	-0.7126449385619078	13.272900090513104	8494.656057928387	3.0600616894987955	9792.197406396146
chr11	88810001	88850000	chr11	87840001	88850000	0.10122699386503067	0.8504459306409827	16.057169646470598	6487.096537174122	3.458665508996517	5589.203462538371
chr11	88940001	88980000	chr11	87470001	88980000	0.4263803680981595	-1.6083018651598762	7.930277975397551	4789.887897140121	1.625965224086705	3928.3319813934795
chr11	88950001	88980000	chr11	88950001	90710000	0.8067484662576687	-0.6414387485153782	3.8408459714578327	2027.9666729297358	0.5398196265263236	855.0742884176966
chr11	89130001	89170000	chr11	89130001	89990000	0.3062372188139059	-0.38242657417020526	13.179312326303636	4533.683440248451	1.2881469157417438	1772.4901560606395
chr11	89980001	90020000	chr11	89980001	90800000	0.26175869120654394	-0.19575308519489035	13.459576219079478	4414.740999858069	1.2291209737685143	1612.6067175842907
chr11	90450001	90490000	chr11	89240001	90490000	0.679959100204499	-1.0754795749036359	8.663921688388216	4331.960844194108	0.8375281481180628	1675.0562962361255
chr11	90600001	90640000	chr11	90170001	90640000	0.03374233128834356	2.335039516895784	24.83333168900673	4668.666357533265	2.27410973811444	1710.1305230620587
chr11	90680001	90740000	chr11	90680001	92980000	0.7505112474437627	-2.567839503489281	5.315343214097895	7335.173635455096	2.3415251968239956	19387.828629702683
chr11	92380001	92420000	chr11	92380001	93850000	0.028629856850715747	8.78722099665228	10.061304249401687	5916.046898648192	3.4426193613578575	8097.040737913681
chr11	92720001	92780000	chr11	92720001	93860000	0.19785276073619634	0.3886583256173362	11.088906693998558	7584.812178695014	1.8012997976568212	7392.5343695835945
chr11	93060001	93100000	chr11	92420001	93100000	0.06390593047034765	1.2729453989409347	18.1914953040845	4948.086722710985	1.7385542999417343	1891.547078336607
chr11	93440001	93490000	chr11	92350001	93490000	0.08640081799591003	-0.21065583277721073	15.964262494638959	9099.629621944207	2.4180035465816396	6891.310107757673
chr11	93480001	93520000	chr11	93480001	94510000	0.7034764826175869	-0.562720077181386	13.801677554328059	5686.29115238316	1.0018294735273745	1651.014972373113
chr11	93760001	93830000	chr11	93010001	93830000	0.07310838445807771	0.294962027645521	18.5748843513165	10661.98361765567	2.261806389628155	9087.938073525927
chr11	94100001	94150000	chr11	94100001	95080000	0.6078732106339468	-0.644318623994533	16.419049100752293	8045.3340593686235	1.214446603220057	2975.3941778891394
chr11	94270001	94320000	chr11	93900001	94320000	0.03169734151329243	0.3088483631281517	37.30373094562701	7833.783498581672	2.00843720014425	2108.8590601514625
chr11	94460001	94510000	chr11	93900001	94510000	0.29243353783231085	-2.9884693985602766	27.627261794110197	8426.31484720361	1.8523025359919494	2824.7613673877227
chr11	94640001	94680000	chr11	93110001	94680000	0.6053169734151329	-0.5072747873856845	7.021342787967934	4409.403270843863	0.6757866151703273	1697.5759773078623
chr11	95220001	95260000	chr11	94760001	95260000	0.12321063394683027	0.02895101551271249	27.262145563767007	5452.429112753402	1.7592264376987663	1407.381150159013
chr11	95490001	95530000	chr11	94840001	95530000	0.24028629856850717	-0.8927997283168961	23.813490374816745	6572.523343449421	1.705099186733885	1882.4295021542089
chr11	95810001	95860000	chr11	93020001	95860000	0.637525562372188	-1.1859774742185512	4.631392015638901	6576.57666220724	0.8512658992528771	6043.987884695427
chr11	96030001	96080000	chr11	96030001	98980000	0.5265848670756647	-0.7539400954190902	3.926732680287512	5791.93070342408	1.0799506316990946	7964.635908780822
chr11	96030001	96080000	chr11	93870001	96080000	0.3220858895705521	-0.727968159848482	6.006694356096448	6637.397263486575	1.2024852604250873	6643.731063848608
chr11	96240001	96310000	chr11	96240001	97140000	0.11605316973415133	1.1785311063812227	14.473750050032987	9118.462531520781	1.6437637813771975	7248.998275873441
chr11	97600001	97640000	chr11	97110001	97640000	0.3261758691206544	-1.1835838006397317	35.494510148582826	7524.8361514995595	2.0185962707386644	1711.7696375863875
chr11	98550001	98600000	chr11	96720001	98600000	0.6226993865030674	-1.170745472324116	6.7245951286844825	6321.119420963413	1.0301875121886306	4841.881307286563
chr11	100000001	100040000	chr11	99090001	100040000	0.3946830265848671	-0.48125714768073147	13.788938188409611	5239.796511595652	2.0203573420109415	3070.943159856631
chr11	100500001	100530000	chr11	100500001	102980000	0.7944785276073619	-1.9795503243831862	5.843550248541381	4347.601384914788	1.1350525026421505	2533.43718589728
chr11	100680001	100730000	chr11	100310001	100730000	0.052147239263803685	1.4197196361195785	33.78411327076099	7094.663786859808	1.9410227066630286	2038.07384199618
chr11	101020001	101070000	chr11	100320001	101070000	0.7944785276073619	-1.0188692610829737	21.07263576566748	7902.238412125305	1.4282081396270325	2677.890261800686
chr11	101390001	101450000	chr11	101050001	101450000	0.04703476482617587	0.3722293721259287	32.36332344330642	7767.19762639354	1.362898668907137	1962.5740832262773
chr11	101620001	101670000	chr11	101620001	104290000	0.6676891615541922	-1.8837712328308638	5.811391161923648	7758.20720116807	1.1204596888496534	7479.068423071436
chr11	101720001	101760000	chr11	100300001	101760000	0.4074642126789366	-0.8999617136849153	10.279380148127048	6003.158006506196	1.1993366507808425	2801.650416224048
chr11	101810001	101850000	chr11	101810001	102490000	0.5797546012269938	-1.4439952915689906	23.663011750628467	6436.339196170943	1.2368042814441775	1345.6430582112653
chr11	102390001	102460000	chr11	101920001	102460000	0.021983640081799594	2.7288174969836585	34.93407168840488	13205.079098217044	2.1354136506693	5650.304519670967
chr11	102670001	102710000	chr11	100310001	102710000	0.640081799591002	-1.9529075569782848	6.195669637697985	5947.842852190065	1.2610591629377208	4842.467185680848
chr11	102830001	102880000	chr11	102420001	102880000	0.21983640081799588	-0.17142590794279203	34.045441104701965	7830.4514540814525	1.6861442616859166	1939.0659009388041
chr11	102860001	102900000	chr11	102860001	103260000	0.5771983640081799	-0.936127522614225	30.116852782185113	4818.696445149618	1.347704578821983	862.5309304460691
chr11	103880001	103950000	chr11	103160001	103950000	0.25766871165644173	0.06690764021251296	19.335571330688186	10692.570945870568	1.3487756404263518	5221.110504090408
chr11	104180001	104220000	chr11	103620001	104220000	0.119120654396728	-1.2436518821812437	27.125498937459962	6510.119744990391	1.8764578004095227	1801.3994883931418
chr11	105570001	105620000	chr11	105110001	105620000	0.20756646216768918	0.6948815498502054	25.960130743321447	6619.833339546969	1.933487085145492	2465.196033560502
chr11	105580001	105620000	chr11	105580001	107780000	0.75	-0.7796347006317917	4.925701303432243	4334.6171470203735	0.7609970245907826	2678.7095265595544
chr11	105870001	105930000	chr11	105190001	105930000	0.10378323108384457	4.305266896564812	19.4509266696463	8636.211441322957	2.9407838092868555	7834.248067940183
chr11	106740001	106780000	chr11	106050001	106780000	0.24028629856850717	-1.4258851128491847	21.450515896925975	6263.550641902384	1.864683415086102	2177.950228820567
chr11	107450001	107490000	chr11	105920001	107490000	0.4897750511247444	-0.9266295144413436	11.027412336250741	6925.214947165466	1.4802018606242147	3718.2670738880274
chr11	107960001	108010000	chr11	107490001	108010000	0.04396728016359918	1.354496131450041	23.31684866487661	6062.380652867919	1.5518839748837627	2017.4491673488915
chr11	107990001	108030000	chr11	107990001	109670000	0.6717791411042945	-1.3199248738843736	8.184813314747167	5500.1945475100965	1.7518524409714913	4708.979361331369
chr11	108420001	108460000	chr11	108420001	109690000	0.04396728016359918	2.317659345358012	11.387636020463255	5784.919098395333	3.0381742074494094	6173.5699895372
chr11	108880001	108930000	chr11	108880001	109660000	0.5731083844580778	-0.5440843560949455	15.81818143494219	6169.090759627454	1.2644955146178611	2465.7662535048294
chr11	108980001	109030000	chr11	108490001	109030000	0.6365030674846626	-1.2496995189938633	21.11265271931944	5700.416234216248	1.2968754229759372	1750.781821017515
chr11	109170001	109220000	chr11	108410001	109220000	0.3670756646216769	0.7330839673237615	17.825094260732953	7219.1631755968465	3.0506344658384648	6177.534793322891
chr11	109830001	109880000	chr11	109220001	109880000	0.04754601226993865	1.152536138508148	16.46736666824508	5434.2310005208765	1.3845797698954887	2284.556620327556
chr11	110250001	110290000	chr11	109210001	110290000	0.6661554192229039	-0.745257032934256	12.787340847959603	5524.131246318549	2.040255198149344	3525.5609824020667
chr11	111030001	111070000	chr11	109760001	111070000	0.6431492842535788	-0.8456545584687996	7.650612443504577	4008.9209203963983	0.9482993305651032	1987.6353968644562
chr11	111040001	111070000	chr11	111040001	112980000	0.8067484662576687	-1.8572728263530418	5.075698418949932	2954.05647982886	1.131244677989064	1975.1532077689058
chr11	112790001	112830000	chr11	112790001	113220000	0.5787321063394683	-0.8967195010609663	22.03937779779476	3790.772981220699	1.098020258518029	755.437937860404
chr11	113180001	113220000	chr11	113180001	114730000	0.3885480572597137	-0.6209385714589359	8.838005210160226	5479.56323029934	1.2439845824111777	3085.081764379721
chr11	113180001	113220000	chr11	113180001	114890000	0.294478527607362	-0.5371235187691263	8.068227760576413	5518.6677882342665	1.2040648170268236	3294.3213393853894
chr11	113420001	113470000	chr11	111630001	113470000	0.8057259713701432	-1.824160781467284	6.669369366752552	6135.819817412348	1.4214156233643591	6538.511867476052
chr11	113570001	113610000	chr11	111510001	113610000	0.40337423312883436	-1.886661688582619	7.076833381586278	5944.5400405324735	1.512176669522689	5080.913609596235
chr11	113790001	113830000	chr11	113080001	113830000	0.23006134969325154	0.34902842558818387	18.6519540113946	5595.58620341838	1.4112409944219617	1693.489193306354
chr11	113850001	113930000	chr11	113850001	114560000	0.027607361963190184	4.257336611230372	23.31203091101223	13241.233557454947	2.441809507570894	11095.582402402142
chr11	114380001	114420000	chr11	113700001	114420000	0.9309815950920246	-6.230279952324263	21.759390779843283	6266.704544594865	1.985299905133216	2287.065490713465
chr11	114470001	114530000	chr11	114470001	115290000	0.6375255623721882	-0.7214790327081115	19.978762689091557	9829.551243033045	0.9387298769674065	2771.130596807784
chr11	114590001	114650000	chr11	113680001	114650000	0.012269938650306749	5.961018317839363	21.83643459421868	12708.804933835272	3.3974482508436155	11863.889291945905
chr11	115150001	115200000	chr11	115150001	115500000	0.10736196319018405	-1.3366265571820402	42.13813086485817	7374.17290135018	1.6382904690152496	1433.5041603883433
chr11	115470001	115520000	chr11	115470001	116680000	0.8650306748466258	-1.9014504341325764	13.462570359539377	8144.855067521323	1.2488220132004317	3777.686589931306
chr11	115620001	115650000	chr11	115620001	116570000	0.3374233128834356	-1.614225303167349	18.494890810926446	5271.043881114037	1.6600622441580495	1419.3532187551323
chr11	116270001	116310000	chr11	115250001	116310000	0.684560327198364	-0.9434395959858805	15.245129329963426	6463.9348359044925	1.4085740970595797	2388.941668613047
chr11	116430001	116480000	chr11	115820001	116480000	0.028118609406952967	2.633019450908969	26.294757384719183	8677.269936957331	2.211747701210322	3649.3837069970314
chr11	116820001	116860000	chr11	115350001	116860000	0.532719836400818	-1.2900017510094566	10.275649401594004	6206.492238562778	1.3664269159798683	3301.287429007362
chr11	117180001	117240000	chr11	117180001	117820000	0.6825153374233128	-1.3566169110244144	23.25928991623822	8931.567327835477	1.7576285495187969	4049.576178091308
chr11	117380001	117410000	chr11	117380001	119080000	0.4442740286298569	-1.063978363166672	12.608100292636674	6430.131149244704	2.013569174616233	3080.7608371628367
chr11	117780001	117840000	chr11	117020001	117840000	0.043456032719836404	3.277439707609119	23.380993172546724	11503.448640892988	2.829676254169245	8353.204302307611
chr11	117820001	117880000	chr11	117820001	118420000	0.7234151329243353	-0.9221968401254564	23.400720344903615	8424.259324165301	1.7640240646598542	3810.291979665285
chr11	118200001	118250000	chr11	117940001	118250000	0.43660531697341515	-1.2571892496046966	49.452998646420184	7665.214790195128	1.855006429981313	1437.6299832355176
chr11	119180001	119220000	chr11	118390001	119220000	0.49591002044989774	-1.6611756030792206	19.942214442572997	6620.815194934235	1.5895245578786676	2110.8886128628706
chr11	119190001	119220000	chr11	119190001	120440000	0.8006134969325154	-1.6557345194011333	12.22364808512619	4583.868031922321	1.1031771488859188	1241.0742924966587
chr11	119490001	119540000	chr11	119490001	120700000	0.7740286298568507	-1.5989249799705958	18.356831125979323	11105.88283121749	2.1926513430615846	6632.770312761293
chr11	119600001	119650000	chr11	119600001	120440000	0.9084867075664622	-3.116537097411397	22.860661070482266	9601.477649602552	1.6147576554399161	3390.991076423824
chr11	121230001	121270000	chr11	119920001	121270000	0.7310838445807771	-0.9558997365827892	9.640772142123424	5206.016956746649	0.8955063831959106	1934.2937877031668
chr11	121230001	121270000	chr11	121230001	121710000	0.9033742331288344	-1.1180829360389213	25.27345374949436	4852.503119902917	1.0157433558637896	780.0908973033904
chr11	121770001	121810000	chr11	121240001	121810000	0.07464212678936605	-0.3462059890110735	22.903062058494655	5221.898149336781	1.584065481116448	1444.6677187782007
chr12	3370001	3440000	chr12	3370001	5370000	0.8870143149284253	-2.075390548890206	5.210238958792857	7294.33454231	1.0040239431289875	9839.434642664077
chr12	4120001	4160000	chr12	4120001	5380000	0.6825153374233128	-1.8724996908164016	10.616768270220799	5350.851208191283	1.2760450679873683	2572.5068570625344
chr12	5030001	5070000	chr12	5030001	7910000	0.6293456032719836	-2.8664004468767996	4.177326036577601	4812.279594137397	1.900538914896887	8757.683319844855
chr12	5110001	5160000	chr12	5110001	6980000	0.6298568507157464	-2.066330448900731	6.813338022335672	6370.471050883853	1.9265749337463767	9006.73781526431
chr12	5330001	5380000	chr12	3230001	5380000	0.3946830265848671	-0.41068263678706673	5.668332706269163	6093.45765923935	0.9592843437174059	5156.153347481057
chr12	6020001	6060000	chr12	4830001	6060000	0.44785276073619634	-1.8091400237729447	9.351840975368624	4601.105759881363	1.9039010070528533	3746.877181880015
chr12	6630001	6660000	chr12	6630001	7980000	0.843558282208589	-3.118949088937936	7.792237194496126	3155.856063770931	1.586349509719342	1927.4146543090005
chr12	6630001	6670000	chr12	5080001	6670000	0.8415132924335378	-4.341671165719222	7.538238375319539	4794.319606703227	1.8929290274286517	4815.61144577849
chr12	7180001	7220000	chr12	5050001	7220000	0.8466257668711656	-6.246456517609673	5.4703968773354665	4748.304489527185	2.189025256625608	7600.29569100411
chr12	8290001	8350000	chr12	8290001	9040000	0.20756646216768918	0.36821345095218794	15.560609445617454	7002.274250527854	1.6922808114543173	4569.158190926657
chr12	8970001	9010000	chr12	8440001	9010000	0.10224948875255624	0.7847576678532904	21.33142890825866	4863.565791082974	2.488125995403011	2269.170907807546
chr12	9230001	9280000	chr12	8300001	9280000	0.2816973415132924	-0.21326971888048366	9.289406750475006	4551.809307732753	0.9338187609851333	2287.8559644135767
chr12	9530001	9580000	chr12	9530001	10590000	0.7423312883435582	-2.2542177507915167	10.622292772034973	5629.815169178535	2.8437653257330076	7535.97811319247
chr12	9550001	9590000	chr12	8640001	9590000	0.44069529652351735	-0.6867126392634524	9.027428218891393	3430.422723178729	1.3855631700285147	2106.0560184433425
chr12	9900001	9940000	chr12	8060001	9940000	0.7581799591002045	-2.8733752289734764	6.124494357669448	4605.619756967425	1.4728128804524039	4430.221144400831
chr12	11310001	11360000	chr12	11310001	11830000	0.10480572597137014	-0.07920570159539057	20.283974398612962	5273.8333436393705	1.6472239688543175	2141.391159510613
chr12	12110001	12150000	chr12	10400001	12150000	0.6492842535787321	-3.0628328986289843	6.757346782762415	4730.142747933691	2.1541359324384963	6031.580610827789
chr12	12400001	12440000	chr12	12400001	12960000	0.10122699386503067	0.8358569796302844	15.122048452069878	3387.3388532636527	2.0306453068954333	1819.4581949783083
chr12	14290001	14330000	chr12	13250001	14330000	0.2934560327198364	-0.7302112986222753	9.796204607045993	4231.960390243869	1.8250570125646766	3153.6985177117613
chr12	15470001	15510000	chr12	13180001	15510000	0.6257668711656442	-2.490102792786971	4.062955492508225	3786.6745190176653	1.772890823747939	6609.336990932316
chr12	15790001	15840000	chr12	15790001	16980000	0.294478527607362	0.019499847084343457	9.747263041305864	5799.6215095769885	2.126949911965722	6327.675988098023
chr12	16250001	16290000	chr12	15560001	16290000	0.8496932515337423	-3.5243828326628246	13.705540041217729	4002.0176920355766	1.6580018895369768	1936.5462069791888
chr12	16550001	16590000	chr12	16550001	17790000	0.25204498977505113	-0.4673769385634151	9.372299481977716	4648.660543060947	1.387849838339142	2753.4940792648576
chr12	17770001	17810000	chr12	17220001	17810000	0.11860940695296524	0.20192159101950174	22.43648179594642	5295.009703843355	2.4896410477874125	2350.2211491113176
chr12	24930001	24970000	chr12	24450001	24970000	0.08640081799591001	1.4655376453165925	21.275674875392554	4425.340374081651	2.169523846631089	1805.043840397066
chr12	25350001	25390000	chr12	25350001	26150000	0.6763803680981595	-3.197548660219104	13.851127117972672	4432.360677751255	1.960276928681609	2509.1544687124597
chr12	26200001	26240000	chr12	25180001	26240000	0.9493865030674846	-12.092712405902144	13.833796175982613	5865.529578616628	2.6346155643893643	4468.3079972043615
chr12	27320001	27360000	chr12	25010001	27360000	0.4662576687116564	-1.2748546118244581	4.8908622801524135	4597.410543343269	1.5097808761814622	5676.776094442298
chr12	28400001	28460000	chr12	25020001	28460000	0.3231083844580777	0.3673877010461714	4.121838563144394	8507.474794330028	2.999498864279529	37145.793935237685
chr12	28570001	28620000	chr12	28570001	29900000	0.3537832310838446	-0.3365982201586712	9.365313815130973	6227.933687062097	2.4477295100783927	8138.700621010656
chr12	29610001	29660000	chr12	28800001	29660000	0.4350715746421268	0.3821364375564728	12.97003403851997	5577.114636563587	2.2068521295892034	4744.7320786167875
chr12	29850001	29920000	chr12	28580001	29920000	0.8583844580777096	-3.245972211441112	9.011636255026401	8452.914807214764	2.169673620966375	14246.076995265219
chr12	30560001	30600000	chr12	28580001	30600000	0.32413087934560325	-0.4157801086007071	4.353006187896359	3517.2289998202577	1.180577951593461	3815.627939550066
chr12	30570001	30610000	chr12	30570001	32050000	0.44274028629856854	-0.1307712689840407	5.908958267582026	3498.1032944085596	1.1590329358619065	2744.5899921209943
chr12	31470001	31540000	chr12	31470001	32250000	0.0950920245398773	1.1587841195095396	15.606974035203386	8521.407823221049	2.2966108207504714	8777.646556908301
chr12	31950001	31990000	chr12	31950001	33040000	0.2822085889570552	-0.5415987462889436	9.66438702391945	4213.67274242888	1.4881193835506463	2595.280204912327
chr12	32610001	32680000	chr12	32610001	33430000	0.07668711656441718	1.8804430817793627	13.842919820991103	7945.835977248893	1.7741290709765691	7128.450607183855
chr12	34650001	34690000	chr12	34650001	35210000	0.2939672801635992	0.49192099251580623	16.54537717363092	3706.1644868933263	2.1638583757305345	1938.8171046545588
chr12	38080001	38150000	chr12	38080001	40840000	0.8645194274028629	-5.309078765841082	4.732561767517127	9143.309334843088	2.828303914569212	38249.98214063402
chr12	38320001	38360000	chr12	38320001	39420000	0.1446830265848671	3.3257011072947322	11.922214050499205	5245.77418221965	3.030110038490558	5332.993667743382
chr12	38550001	38600000	chr12	38550001	39480000	0.4396728016359918	-0.9968906918223949	12.365291829761615	5749.860700839151	1.6852368233392914	3918.1756142638524
chr12	38770001	38810000	chr12	38770001	40830000	0.8686094069529653	-5.514613620540213	7.123712883542649	5869.939416039143	1.8844120382387783	6211.022078035014
chr12	39030001	39080000	chr12	39030001	40810000	0.7489775051124744	-1.0511882065853495	7.267444150760437	6468.025294176789	1.3722142589568385	6106.353452357931
chr12	39460001	39510000	chr12	38090001	39510000	0.0787321063394683	3.5948684408709544	11.904143251836057	8451.9417088036	4.834669750883992	17163.077615638173
chr12	40020001	40060000	chr12	38300001	40060000	0.5178936605316974	-2.819928860308709	5.658216754179749	3983.3845949425436	1.7774716987235033	5005.3603036053855
chr12	40200001	40260000	chr12	40200001	40830000	0.24335378323108384	0.6287363975415486	15.258263674393321	5767.623668920675	2.32348314682936	5269.659777008989
chr12	41450001	41500000	chr12	40210001	41500000	0.16359918200409	0.5863288697115759	8.912416573803425	5748.508690103209	2.1278397940252067	6862.283335731291
chr12	45140001	45180000	chr12	44590001	45180000	0.24130879345603273	-0.3343794649345259	14.97018526744018	3532.963723115882	1.887282387012709	1781.5945733399972
chr12	47420001	47460000	chr12	45540001	47460000	0.8793456032719836	-6.403245482772338	5.699817818493283	4377.460084602842	2.019930988336686	6205.227996170299
chr12	50910001	50960000	chr12	48240001	50960000	0.7387525562372188	-3.6020015039069673	3.8885599047278205	5288.441470429836	1.824339227582046	12405.506747557913
chr12	53230001	53270000	chr12	51620001	53270000	0.6278118609406953	-1.4127963508037393	5.682945212329491	3750.7438401374643	1.1469289413917545	3027.892405274232
chr12	54030001	54070000	chr12	52920001	54070000	0.32413087934560325	-0.3685066582089138	9.051724799086713	4163.7934075798885	2.127237699066207	3914.117366281821
chr12	54460001	54530000	chr12	52910001	54530000	0.7520449897750512	-4.117672232215836	7.306565712061595	8285.64551747785	2.0142518196331523	15989.130944247963
chr12	54630001	54670000	chr12	51600001	54670000	0.885480572597137	-6.591882652729028	3.2967343236234004	4048.3897494095354	2.116450239148154	10396.003574695733
chr12	54630001	54680000	chr12	54630001	55870000	0.6523517382413088	-1.6467015405170249	7.724712330501384	4287.215343428268	0.9110232514109822	2824.1720793740446
chr12	68850001	68890000	chr12	65530001	68890000	0.4386503067484663	-5.9115627089921645	3.691453793850977	4961.313898935713	2.8247414332396854	15185.80994509655
chr12	69720001	69770000	chr12	69720001	70440000	0.20961145194274028	0.6469727958513897	17.572801941249473	6326.20869884981	1.8248240528234172	3284.683295082151
chr12	70410001	70450000	chr12	69960001	70450000	0.07464212678936605	2.0057746741174505	24.848506848750418	4870.307342355082	2.0653688934721814	1619.2492124821904
chr12	70880001	70920000	chr12	69720001	70920000	0.8895705521472392	-5.266257945832194	13.675156932627875	6564.07532766138	2.469520572504079	4741.479499207831
chr12	71110001	71160000	chr12	69580001	71160000	0.7479550102249488	-2.424079607345602	7.344581266362004	5802.219200425983	1.416489076027838	5595.13185030996
chr12	71290001	71320000	chr12	71290001	72380000	0.6451942740286298	-3.372205405835897	12.471760832955225	4078.2657923763586	2.4333646892912264	2387.1307601946933
chr12	72210001	72250000	chr12	70840001	72250000	0.7321063394683026	-1.6141474339913473	7.47298119641787	4214.761394779679	1.136191715689392	2563.2485105952683
chr12	72650001	72690000	chr12	71750001	72690000	0.47137014314928427	-1.1789253274003875	10.406312282530065	3912.7734182313043	1.3515599762574593	2032.7462042912186
chr12	72740001	72780000	chr12	69140001	72780000	0.7193251533742331	-1.9068525428410317	2.918183114505469	4248.874614719963	1.1960263413707712	6965.657412143371
chr12	72980001	73050000	chr12	72980001	73700000	0.3164621676891616	1.827188273372801	15.33447964605513	7728.577741611785	2.4318881206660237	8579.701289709732
chr12	74320001	74360000	chr12	74320001	76000000	0.48364008179959095	-1.0812857380371241	8.103378108265874	5445.470088754667	3.3672265428203514	9051.104947101105
chr12	75390001	75430000	chr12	73420001	75430000	0.22188139059304704	-2.224355895642345	6.534425852262896	5253.6783852193685	2.6179314283192254	8419.267473474629
chr12	75450001	75490000	chr12	75450001	76400000	0.4049079754601227	-0.860871729173841	13.518734151600063	5137.118977608024	1.4719058381769585	2237.296874028977
chr12	75540001	75580000	chr12	75540001	77530000	0.7269938650306749	-1.0036950649321783	5.365599202671719	4271.0169653266885	0.8289867420768483	2639.493786772685
chr12	75760001	75820000	chr12	75760001	76850000	0.40797546012269936	0.17249137255055852	11.212051982478114	7332.681996540687	1.509397380788063	5922.875322212359
chr12	76070001	76110000	chr12	76070001	77050000	0.5490797546012269	-1.1036446437591165	11.301352533346474	4430.130193071818	0.9248883645411717	1450.2249556005572
chr12	76240001	76270000	chr12	76240001	78440000	0.729038854805726	-2.0851642041290956	5.07580189120679	3350.0292481964816	1.1147817617921547	2207.2678883484664
chr12	76360001	76410000	chr12	76360001	78160000	0.5005112474437627	-1.9876095903170723	6.990702986963817	6291.632688267436	1.2437058320515038	5596.676244231767
chr12	77480001	77520000	chr12	76500001	77520000	0.9084867075664622	-6.739948522535249	15.150423412035275	6181.372752110392	1.9231878510343203	3138.642572888011
chr12	77660001	77710000	chr12	75340001	77710000	0.803680981595092	-2.584471807281635	6.473824321946814	7671.4818215069745	1.8514906838582847	10970.082301860337
chr12	77660001	77710000	chr12	76200001	77710000	0.7965235173824131	-3.089605917758974	9.897781415692814	7472.824968848075	2.4465711568778192	9235.806117213768
chr12	77670001	77720000	chr12	77670001	79020000	0.8139059304703476	-1.4607648081707523	7.800812438296415	5265.54839585008	1.0374192423815038	3501.2899430375755
chr12	77770001	77810000	chr12	76570001	77810000	0.06441717791411043	1.7920599435194027	11.142920603250706	5526.88861921235	2.8024662078195757	5560.092956314038
chr12	78060001	78100000	chr12	78060001	79180000	0.47443762781186094	-2.0642901705219305	10.217533829383118	4577.455155563637	1.7303825438468086	3100.845518573481
chr12	78070001	78110000	chr12	76110001	78110000	0.30930470347648265	-0.7277213972262396	5.755842716427449	4604.67417314196	1.53993314039803	4927.786049273696
chr12	78170001	78220000	chr12	78170001	78900000	0.1114519427402863	1.9449152660031364	15.566037305208214	5681.603616400998	2.391215626019355	4363.968517485323
chr12	78290001	78360000	chr12	78290001	79010000	0.6733128834355828	-1.019803706178915	16.866976626175706	8500.956219592555	1.6792143440867007	5924.26820593788
chr12	78290001	78360000	chr12	78290001	78900000	0.50920245398773	-0.6610575600200544	19.612843975342887	8374.684377471413	1.8255497985697078	5456.568347924856
chr12	79580001	79640000	chr12	79580001	81330000	0.4938650306748466	-0.23310273944702314	7.487275059195214	7861.638812154975	1.6440067849915183	10357.242745446565
chr12	80340001	80390000	chr12	80340001	80900000	0.8307770961145194	-1.1007430340798545	16.405040704904053	4593.411397373135	0.9732557396744875	1362.5580355442826
chr12	80350001	80390000	chr12	78540001	80390000	0.8220858895705522	-3.5133656292091375	6.529403716239735	4831.758750017404	1.553384280428287	4598.017470067729
chr12	80890001	80960000	chr12	80340001	80960000	0.09151329243353783	-0.6902223208054051	18.091448987608384	7851.688860622038	1.513718934085209	4598.678121750865
chr12	81160001	81220000	chr12	81160001	81770000	0.11451942740286299	0.12201297517679299	19.723565931920252	7218.825131082812	2.0050120356900383	4403.006430375324
chr12	81300001	81340000	chr12	80700001	81340000	0.934560327198364	-4.224102332869897	20.409143232452106	5224.740667507739	1.5962436990380824	1634.5535478149964
chr12	81610001	81650000	chr12	81610001	84980000	0.7965235173824131	-4.412022143438285	4.199569729366289	5644.221716268292	1.5752701371144504	8493.856579321116
chr12	82080001	82120000	chr12	82080001	84220000	0.7862985685071575	-15.088483022981482	7.060709832820991	6043.967616894768	1.893581868235338	6453.327006946032
chr12	83010001	83050000	chr12	81860001	83050000	0.549079754601227	-7.818416994465833	11.350164926770802	5357.277845435819	3.0057724375534076	5722.990721101688
chr12	84280001	84320000	chr12	83580001	84320000	0.918200408997955	-3.5378490224753976	15.467922454561917	4578.505046550327	1.9394207434856212	2296.2741602869755
chr12	85260001	85310000	chr12	83750001	85310000	0.651840490797546	-2.0397385918690576	9.060082703862077	7066.86450901242	1.4681317554790623	5725.713846368343
chr12	85440001	85490000	chr12	84790001	85490000	0.36809815950920244	-0.999301726723259	19.64238447522602	6874.834566329107	1.4058970810933071	2460.3198919132874
chr12	86060001	86100000	chr12	85010001	86100000	0.6002044989775052	-0.43330888917123517	11.498083867418234	5013.16456619435	1.3055437053396457	2276.868222112342
chr12	86380001	86430000	chr12	85720001	86430000	0.45296523517382414	-1.8533596452537247	17.50580309610865	6214.56009911857	1.938301133255451	3440.4845115284256
chr12	86590001	86620000	chr12	85690001	86620000	0.23415132924335377	-0.4964247367592482	13.159065027173954	3671.379142581533	2.116328920183454	1771.367306193551
chr12	86930001	86970000	chr12	83090001	86970000	0.7131901840490797	-1.7260162734672517	3.661884480435159	5683.244713635367	0.9936703956064027	6168.705815924548
chr12	89500001	89560000	chr12	89500001	91850000	0.843558282208589	-32.239433142252395	7.990886552496233	11219.204719704712	4.218781929068633	35690.895119920635
chr12	89670001	89710000	chr12	89670001	90360000	0.1492842535787321	0.18146738141682725	15.675945896713259	4326.561067492859	1.8283950147413592	2018.5480962744607
chr12	90380001	90440000	chr12	89640001	90440000	0.18456032719836402	1.4930675627363392	15.705275426407047	7538.532204675383	2.5104803936176907	7230.183533618949
chr12	90700001	90740000	chr12	89780001	90740000	0.20449897750511248	0.24410624146334536	10.277931000362335	3946.7255041391363	1.4538784452529327	2233.1572919085047
chr12	90900001	90940000	chr12	89720001	90940000	0.7188139059304703	-2.439055394550683	8.721179533174862	4255.9356121893325	1.4280544687235603	2787.56232294839
chr12	91030001	91070000	chr12	89800001	91070000	0.36298568507157464	-3.36094533457015	10.643322642339083	5406.807902308254	2.2203707278842315	4511.793319060758
chr12	91290001	91330000	chr12	89580001	91330000	0.013292433537832311	11.155142178696009	8.13382195781477	5693.67537047034	3.4714645897483876	9720.100851295485
chr12	91560001	91600000	chr12	89550001	91600000	0.45296523517382414	-0.23603577476847434	3.7853756060269577	3088.8664945179976	0.8392821247472723	2752.845369171053
chr12	92280001	92320000	chr12	92280001	94360000	0.6927402862985685	-3.857051968807984	4.984228810626522	4146.878370441266	2.21873317198388	7383.943996362353
chr12	98250001	98320000	chr12	98250001	98620000	0.8261758691206544	-1.4299133174859289	30.11786735780168	7800.527645670635	2.207515381448528	4002.2253865661814
chr12	99060001	99100000	chr12	99060001	100580000	0.7919222903885481	-1.8913524658944625	10.637662284198326	6467.698668792582	3.7051973132857	9011.039865910823
chr12	99520001	99580000	chr12	98680001	99580000	0.3553169734151329	-2.095324781833136	16.3503048003669	8829.164592198125	2.203038281757387	7137.844032893934
chr12	99850001	99890000	chr12	98380001	99890000	0.6748466257668712	-4.79678838779455	10.303688434323423	6223.427814331348	3.2207780973787603	7781.399883267085
chr12	100150001	100190000	chr12	100150001	102980000	0.5869120654396728	-1.5615480705469986	5.085093718263724	5756.326089074535	1.1997892669270418	5432.645800645645
chr12	100690001	100730000	chr12	98460001	100730000	0.6063394683026585	-1.293437464221451	4.984979013905039	4526.360944625775	1.1001766735878764	3995.841678471167
chr12	100840001	100910000	chr12	98460001	100910000	0.6349693251533742	-1.7261381585879023	5.085856488093229	8722.243877079887	1.2173168342935707	14613.888595694316
chr12	102170001	102220000	chr12	102170001	103040000	0.6676891615541922	-1.0313467078690306	12.099179132720527	5263.142922733429	0.9838030253156654	2139.7715800615724
chr12	102490001	102530000	chr12	102490001	103410000	0.5986707566462168	-2.3011771235638165	14.177968567412185	5217.492432807684	2.077378423211095	3057.901038966732
chr12	104410001	104480000	chr12	104410001	105030000	0.06441717791411043	3.0602049742435726	16.906690754004725	7337.503787238051	2.212160248170022	6720.542833940527
chr12	104910001	104950000	chr12	104450001	104950000	0.15644171779141103	0.20276171548342467	22.191458906955486	4438.291781391097	2.1861557840046384	1748.9246272037108
chr12	105030001	105090000	chr12	105030001	105710000	0.060838445807770966	2.9834463777833995	17.311842636479767	7063.231795683745	2.506800193922494	6136.646874722266
chr12	105680001	105740000	chr12	103950001	105740000	0.7331288343558282	-1.491421531105667	5.663699830404094	6082.813617853997	0.9432481054251727	6078.290791359813
chr12	106250001	106290000	chr12	106250001	108760000	0.8486707566462167	-4.676910059748966	4.954278414876449	4974.095528535955	2.00347930900501	8045.972904964121
chr12	107260001	107290000	chr12	105880001	107290000	0.8496932515337423	-4.53372989285456	7.931541668016887	3355.0421255711435	1.7931267009373868	2275.477783489544
chr12	107550001	107590000	chr12	105910001	107590000	0.8041922290388548	-5.443553966423577	7.305635503011528	4909.387058023747	2.3011473498860964	6185.484076493827
chr12	107760001	107830000	chr12	105110001	107830000	0.8353783231083844	-5.8234809729850046	5.210676137220185	9921.127365267232	2.295819567915576	30598.6832011788
chr12	107970001	108010000	chr12	105830001	108010000	0.06339468302658487	3.164699095595019	7.4375468275999985	6485.540833667199	4.174516582529755	14560.713839863784
chr12	108030001	108070000	chr12	108030001	108570000	0.15950920245398773	-0.24283068736455068	20.302356994569983	4385.3091108271165	1.1731119584527865	1013.5687321032075
chr12	108100001	108130000	chr12	105460001	108130000	0.3609406952965235	-3.654204791328529	5.5121774805528245	4415.254161922812	2.39663683699656	5759.118319302734
chr12	108770001	108840000	chr12	108070001	108840000	0.7310838445807771	-1.407801822802159	13.91141835927769	7498.2544956506745	1.01604237066677	3833.527864525723
chr12	109630001	109690000	chr12	109630001	111600000	0.8578732106339468	-2.733255661927266	6.205382796437973	7334.762465389684	1.400401598511875	9931.648136646218
chr12	109950001	109990000	chr12	108880001	109990000	0.7689161554192229	-1.826245136833232	9.207124660318192	4087.9633491812774	1.6327110551847575	2899.6948340081294
chr12	110430001	110470000	chr12	110430001	111770000	0.4606339468302658	-1.5688815038150612	10.609596163424778	5686.74354359568	1.6332565511771002	3501.7020457237027
chr12	110600001	110670000	chr12	110600001	112080000	0.7070552147239264	-1.7687647903179395	9.377670742088348	9715.26688880353	1.51938737705936	11018.597258434478
chr12	111560001	111600000	chr12	110370001	111600000	0.8394683026584867	-3.4479715898711527	10.692447886038158	5260.684359930774	1.5714237409739926	3092.5619222368173
chr12	114760001	114800000	chr12	113220001	114800000	0.7085889570552147	-1.2803827617718602	4.613693264092076	2915.854142906192	1.0106411305097631	2554.9007779286812
chr12	116370001	116410000	chr12	116370001	118320000	0.7903885480572597	-2.8251890313772616	6.016076586655982	4692.539737591666	1.3962091857548138	4356.172659555019
chr12	116620001	116670000	chr12	116620001	118310000	0.36298568507157464	0.1505442882947792	7.612538907045191	6432.595376453186	1.9182891238720534	8104.771548359426
chr12	117310001	117350000	chr12	116410001	117350000	0.19478527607361962	-1.214177617294621	12.498051579503853	4699.267393893449	2.371053597269091	3566.0646102927126
chr12	117740001	117780000	chr12	116040001	117780000	0.5086912065439673	-0.9417452987097357	7.336016945465345	5105.86779404388	1.8620944160962594	5184.070854411986
chr12	117970001	118010000	chr12	117970001	118820000	0.29243353783231085	-1.3272560470685433	13.310920032225717	4525.712810956744	2.560514855982462	3482.3002041361487
chr12	118820001	118870000	chr12	117770001	118870000	0.16411042944785276	1.4072073275272612	9.49607997286625	5222.843985076437	2.3363873026595483	6425.065082313758
chr13	3870001	3920000	chr13	3520001	3920000	0.057259713701431486	2.183620006912065	22.676564132459674	4535.312826491935	1.9671521775160665	1967.1521775160666
chr13	5840001	5880000	chr13	5840001	6660000	0.8415132924335378	-1.145518228281467	9.03328476188938	2962.9174018997164	1.247747084247141	1637.044174532249
chr13	6450001	6490000	chr13	4200001	6490000	0.4396728016359918	-2.715020066344386	5.704961510904485	5225.744743988508	3.8804291868183554	14217.892540502455
chr13	8830001	8880000	chr13	8830001	9790000	0.36042944785276076	-0.4576864430854325	9.205943829424351	4418.853038123689	1.0254593931102656	2461.102543464637
chr13	9250001	9290000	chr13	9250001	9850000	0.3379345603271984	-2.59689199446982	20.28304026753032	4867.929664207277	2.5469365212903425	2445.059060438729
chr13	9860001	9900000	chr13	9860001	11710000	0.3394683026584867	-0.39890917921084385	6.961503065527568	5067.974231704069	3.3185436466942164	9822.88919421488
chr13	10330001	10370000	chr13	8970001	10370000	0.4100204498977505	-0.8187080658114215	7.463898552622189	4179.783189468426	1.408018065800994	3153.9604673942267
chr13	10330001	10370000	chr13	10330001	12360000	0.679959100204499	-2.2536881907186777	4.9875663159387	3990.05305275096	1.5081941718167342	4898.614670060752
chr13	11190001	11220000	chr13	9300001	11220000	0.8680981595092024	-4.646297876681029	5.637165283221446	3196.27271558656	1.7614593846230717	3043.801816628668
chr13	11520001	11570000	chr13	9030001	11570000	0.8711656441717792	-9.938342854312145	5.177342740552423	6497.565139393291	2.9441879798857027	18695.59367227421
chr13	12540001	12580000	chr13	11550001	12580000	0.6697341513292433	-1.0082110207218882	7.18364810416825	2959.663018917319	0.6759867690621619	1114.0261954144428
chr13	13480001	13520000	chr13	13480001	14330000	0.4059304703476483	-0.4207207291399209	10.381510374433695	3529.7135273074564	1.1178377428026582	1520.2593302116152
chr13	14600001	14660000	chr13	13460001	14660000	0.24591002044989774	0.5286357109400529	7.492562111366277	5394.644720183719	1.526343000037936	6593.801760163884
chr13	15730001	15780000	chr13	13500001	15780000	0.45552147239263807	-0.28510601191523915	4.5810446643759235	5222.390917388553	2.102329329793821	11983.277179824778
chr13	17390001	17440000	chr13	15360001	17440000	0.7060327198364008	-3.712913402861144	5.3588261025709905	5573.1791466738305	2.369308568625166	12320.404556850863
chr13	18020001	18060000	chr13	18020001	19790000	0.5071574642126789	-2.9540808639706744	6.259742439845957	4431.897647410938	2.1641343876632444	6128.8285858623085
chr13	19150001	19190000	chr13	19150001	21510000	0.6993865030674846	-3.234288059226237	5.673892546221446	5356.154563633046	2.017498538851574	7618.074482703542
chr13	19350001	19420000	chr13	18720001	19420000	0.3236196319018405	-1.8583803043203833	13.714637965811963	6720.172603247862	1.1538298499846247	3957.636385447263
chr13	20280001	20330000	chr13	20280001	21320000	0.04498977505112474	4.068137526466932	12.83453785355732	6673.959683849806	3.576986148432244	9300.163985923835
chr13	21000001	21060000	chr13	20270001	21060000	0.046012269938650305	6.00549425391754	16.46999823615825	7806.779163939012	3.481417880210655	9901.152451319103
chr13	23770001	23840000	chr13	23770001	24740000	0.2791411042944785	0.9159997821314673	10.860984544084975	7374.608505433698	1.9327569849455573	9186.393949446234
chr13	25550001	25590000	chr13	25550001	28980000	0.803680981595092	-6.967688725062042	3.279316823808022	4499.222682264606	2.7611895806029145	15153.408418348794
chr13	28390001	28430000	chr13	28390001	30110000	0.3011247443762781	-1.219401660213683	6.841723441141153	4707.1057275051135	2.3441032557342867	6450.9721597807575
chr13	28930001	28970000	chr13	28930001	30080000	0.4488752556237219	-0.33900098005502244	10.1623573032429	4674.684359491734	3.1902410037188917	5870.043446842761
chr13	30030001	30090000	chr13	29150001	30090000	0.5204498977505112	-0.9893564449333603	11.882199238329743	6701.560370417976	1.259894448100363	4263.482812371629
chr13	30230001	30270000	chr13	29840001	30270000	0.11860940695296524	0.6974799327095083	18.615650698893365	3201.8919202096586	1.3884799721518377	955.2742208404643
chr13	34180001	34220000	chr13	34180001	34820000	0.03067484662576687	3.7767333512975028	18.209869544342737	4661.726603351741	2.484792981374655	2544.4280129276467
chr13	34620001	34660000	chr13	33930001	34660000	0.1687116564417178	0.3846164667357621	13.2035609297961	3855.439791500461	2.0459390254973266	2389.6567817808773
chr13	34840001	34890000	chr13	33930001	34890000	0.18967280163599182	1.087649495058267	10.308700141047783	4948.176067702936	2.1244931272103837	5098.783505304921
chr13	34960001	35000000	chr13	34960001	36640000	0.8726993865030674	-5.34379787534294	6.828056560369317	4588.454008568181	2.1540255305994345	5790.020626251279
chr13	35740001	35800000	chr13	34010001	35800000	0.8466257668711656	-3.9081573105805067	7.778210038794816	8353.797581665633	2.197394488984677	14160.010087017257
chr13	36690001	36750000	chr13	35730001	36750000	0.6968302658486707	-2.7076979572299793	12.190326094736346	7460.479569978644	1.6776285565506965	6160.252059654158
chr13	37070001	37140000	chr13	35640001	37140000	0.7658486707566463	-3.245121977177671	7.901602957555272	8296.683105433036	1.813798205333809	13331.416809203496
chr13	37270001	37320000	chr13	35970001	37320000	0.1032719836400818	0.035957167147222004	10.439649268766813	7046.763256417598	4.198965823899823	14171.509655661903
chr13	40720001	40770000	chr13	37940001	40770000	0.549079754601227	-4.990024585282923	4.593734965002304	6454.1976258282375	3.317147182099825	23468.81631335626
chr13	41220001	41260000	chr13	40710001	41260000	0.278118609406953	-0.37870144578370374	14.905446258541037	3279.1981768790283	1.255322093579765	1104.6834423501932
chr13	43550001	43610000	chr13	43550001	44960000	0.13394683026584867	0.5837150887782677	11.342360596451812	9595.637064598233	2.4749217684469516	12562.702896636725
chr13	44040001	44080000	chr13	44040001	45760000	0.8231083844580777	-4.213554597595968	9.277072760939006	6382.626059526036	2.07809350830023	5718.913334842233
chr13	44040001	44080000	chr13	42790001	44080000	0.7924335378323109	-1.0630086252758402	8.849404470935598	4566.292707002768	0.8709196206767268	1797.5780970767642
chr13	44190001	44230000	chr13	44190001	44980000	0.8026584867075665	-4.260195618674586	16.61795447471191	5251.273614008965	2.1768947306666955	2751.594939562703
chr13	44200001	44240000	chr13	43500001	44240000	0.7479550102249488	-3.422961471074897	17.210786487618897	5094.392800335194	1.8081410904440784	2140.839051085789
chr13	44280001	44320000	chr13	43200001	44320000	0.6763803680981595	-2.9568029603024737	11.931183489481398	5345.1702032876665	1.79727457317701	3220.716035133202
chr13	44720001	44790000	chr13	43590001	44790000	0.9360940695296524	-12.572235723820501	12.9470093683447	10875.487869409548	3.340555048962618	19642.463687900196
chr13	45440001	45510000	chr13	43560001	45510000	0.21370143149284254	-0.4410561949665637	7.4017982002729585	10103.454543372589	2.1440950859212236	20486.828545977292
chr13	46290001	46340000	chr13	46290001	47060000	0.044989775051124746	3.601768180340719	17.113276316582684	6588.611381884333	2.4622009896236476	4739.736905025522
chr13	46610001	46650000	chr13	45040001	46650000	0.7372188139059305	-4.359714639549718	8.282699333895934	5334.058371028982	1.7654004362217555	4547.671523707242
chr13	47320001	47360000	chr13	47320001	48480000	0.6446830265848671	-1.779014081475343	8.326522600166598	3863.506486477301	2.5173632398685064	4672.226173195948
chr13	48230001	48270000	chr13	46490001	48270000	0.8951942740286298	-3.204166995829697	5.490605439775376	3909.3110731200677	1.3570386340057623	3864.846029648411
chr13	48450001	48480000	chr13	47130001	48480000	0.4059304703476483	-0.06923932685509966	8.715518557788265	3529.7850159042473	3.7785491125019246	4590.937171689839
chr13	49640001	49680000	chr13	48490001	49680000	0.434560327198364	-0.548439720773571	7.407839679760959	3526.1316875662164	1.144633605287394	2179.3823844671983
chr13	50920001	50970000	chr13	50920001	51630000	0.130879345603272	2.835494209782655	14.584676896178095	5177.560298143224	2.539780860614663	4508.111027591027
chr13	51810001	51850000	chr13	51810001	52990000	0.8190184049079754	-3.177568420578234	11.162595806801782	5268.745220810441	2.291251760805319	4325.883324400443
chr13	52190001	52240000	chr13	51400001	52240000	0.06595092024539878	2.0772806308844176	15.49783871756553	6509.092261377523	2.348812382896531	4932.506004082716
chr13	52720001	52760000	chr13	52720001	54240000	0.7980572597137015	-3.840739007928044	8.396352603657036	5104.982383023477	1.4464576141510226	3517.7849176152868
chr13	52730001	52770000	chr13	51820001	52770000	0.7443762781186094	-1.2133641807112052	9.37992151264578	3564.3701748053963	0.9765847725630926	1484.4088542959007
chr13	52960001	53000000	chr13	51540001	53000000	0.7321063394683027	-3.7804619909344583	9.67489130081231	5650.136519674389	2.065511713294767	4825.035362256576
chr13	54050001	54080000	chr13	52330001	54080000	0.7259713701431493	-1.7900822714873696	6.8676852094666625	3605.5347349699978	1.6106010134322217	2536.6965961557494
chr13	54070001	54120000	chr13	54070001	54650000	0.15644171779141103	-0.5430836375459435	18.71898554708628	5428.505808655022	2.173097091171579	3150.9907821987895
chr13	54390001	54440000	chr13	53520001	54440000	0.34202453987730064	-3.191579649434228	14.340046227454977	6596.421264629289	1.6156739617876625	3716.050112111624
chr13	55270001	55310000	chr13	54330001	55310000	0.7091002044989775	-2.7018549606315627	15.090726241326175	5915.564686599861	1.76589505247602	2768.9234422823993
chr13	55690001	55730000	chr13	54230001	55730000	0.6630879345603271	-1.7688182751102104	9.0289234567663	5417.35407405978	1.5414567772921401	3699.4962655011363
chr13	56760001	56820000	chr13	56760001	57940000	0.66359918200409	-0.9873182054198045	10.994758578471851	7784.28907355807	2.1789853957345766	9256.32996108048
chr13	57220001	57270000	chr13	56440001	57270000	0.47955010224948874	-3.069569737321169	17.51821904072986	7270.0609019028925	3.25526286741425	6754.670449884568
chr13	57270001	57310000	chr13	57270001	57890000	0.18967280163599182	0.2263335797087863	14.044202039198133	3482.962105721137	1.3000599472811398	1289.6594677028907
chr13	57850001	57920000	chr13	56440001	57920000	0.46114519427402867	-1.370858072839966	10.918774543267213	11311.850426824833	1.8878903569849559	13690.9808688549
chr13	58370001	58410000	chr13	57750001	58410000	0.09815950920245399	0.9565277655577143	15.942191843027562	4208.738646559276	1.3389746533840945	1413.9572339736037
chr13	58770001	58810000	chr13	58770001	59660000	0.878323108384458	-5.042817496356004	15.079041246677662	5368.1386838172475	2.8446283602682647	4050.750785022009
chr13	59150001	59190000	chr13	57440001	59190000	0.7658486707566462	-3.0597102175437545	7.422110478907281	5195.477335235097	1.7489152268707013	4896.962635237964
chr13	59740001	59780000	chr13	57770001	59780000	0.7464212678936605	-2.644429975674266	5.652192684699841	4544.362918498672	1.546011195784768	4971.972005643814
chr13	62430001	62470000	chr13	62430001	64520000	0.48568507157464214	-0.8442250984628483	4.267502621398326	3567.6321914890004	0.9933620747509961	3321.802777967331
chr13	62900001	62930000	chr13	62900001	64850000	0.6615541922290389	-2.928155120467352	6.4169462094447285	3753.913532525166	2.0211797410919234	3547.1704456163257
chr13	63370001	63410000	chr13	63370001	64420000	0.8578732106339468	-3.0746180383591994	11.179503324308081	4695.391396209394	1.8455161275552179	3100.467094292766
chr13	63790001	63830000	chr13	62920001	63830000	0.35173824130879344	-0.6301021949804502	11.763808811440255	4282.026407364253	1.770432319508245	2577.7494572040046
chr13	63790001	63830000	chr13	63790001	64460000	0.7566462167689162	-1.1600284413329904	13.23945475584848	3548.1738745673924	1.202475012681285	1289.0532135943376
chr13	64010001	64050000	chr13	62920001	64050000	0.4222903885480573	-2.4605146103016327	11.902300115639706	5379.839652269147	2.2384435186848948	4047.1058817822895
chr13	64430001	64470000	chr13	62610001	64470000	0.7060327198364008	-1.6147224186355624	5.32103400991797	3958.849303378969	1.1696630935941352	3480.9173665361463
chr13	64440001	64480000	chr13	64440001	65280000	0.3640081799591002	-0.6471893560657438	10.172596109106928	3417.992292659928	1.4105068978778146	1895.721270747783
chr13	65070001	65120000	chr13	63030001	65120000	0.49591002044989774	-0.5131581869794806	4.149619305856221	4336.35217461975	1.0701279831855852	5591.418712144683
chr13	65230001	65300000	chr13	63030001	65300000	0.4560327198364008	-0.6297881169413058	4.404903220337864	6999.391217116866	1.1825603399048386	13153.61866076152
chr13	67100001	67150000	chr13	67100001	67830000	0.2965235173824131	-2.463573351771104	14.347055912315748	5236.675407995248	2.02806588479536	3701.2202397515316
chr13	67710001	67750000	chr13	67310001	67750000	0.6554192229038855	-2.841261937171301	19.64934218197774	3458.2842240280825	1.45849770184946	1026.78238210202
chr13	70210001	70250000	chr13	69440001	70250000	0.1983640081799591	0.8364071481676796	12.335805843218878	3996.8010932029165	1.9541773252297805	2532.6138134977955
chr13	70960001	71010000	chr13	70550001	71010000	0.12883435582822086	0.22907246045107912	17.02914330926721	3916.7029611314583	1.3800492513618032	1587.0566390660738
chr13	71450001	71490000	chr13	71450001	73380000	0.4703476482617587	-1.6986158266388784	5.163453399035195	3986.1860240551705	1.9259306313776043	5947.2737896940425
chr13	72320001	72370000	chr13	71010001	72370000	0.6528629856850716	-1.935315266502288	6.677510911469878	4540.707419799517	1.4502671876532736	4930.90843802113
chr13	73030001	73070000	chr13	71010001	73070000	0.8123721881390593	-5.258148240927998	5.325708538553561	4388.383835768134	2.3164127237885466	7634.89633760705
chr13	76150001	76200000	chr13	76150001	77150000	0.876278118609407	-4.589885274080965	13.445860781819974	6722.930390909987	2.156070491985999	5390.176229964998
chr13	76270001	76310000	chr13	75840001	76310000	0.3537832310838446	-0.38450820542852865	21.400087772051943	4023.2165011457655	1.2939099558818457	973.020286823148
chr13	76280001	76320000	chr13	76280001	77170000	0.6860940695296524	-2.2589861918395853	13.256741057011139	4719.399816295965	1.6495404637374664	2348.945620362152
chr13	76660001	76700000	chr13	76070001	76700000	0.016359918200409	8.639825207370146	22.603206660831745	5696.0080785295995	3.751200147596639	3781.2097487774117
chr13	78170001	78220000	chr13	76020001	78220000	0.6569529652351738	-1.783718574540143	4.9647771951187085	5461.254914630579	1.8460981608360867	10153.539884598476
chr13	78380001	78420000	chr13	75600001	78420000	0.7239263803680982	-2.273530328421199	3.842058237721121	4333.8416921494245	1.3322858361071277	6011.27369251536
chr13	81930001	81970000	chr13	81930001	84800000	0.5766871165644172	-1.8997658631759524	3.952659797327088	4537.653447331497	3.0284097227785334	13906.457446999026
chr13	83610001	83670000	chr13	81970001	83670000	0.6073619631901841	-1.560802096638706	5.687958764566031	5801.717939857352	1.886129073653615	11543.109930760123
chr13	84720001	84770000	chr13	83630001	84770000	0.058793456032719835	5.670171712874804	10.957301352520677	6245.661770936786	3.6555333195832516	10418.269960812268
chr13	91620001	91660000	chr13	90950001	91660000	0.04805725971370143	1.1371047935760201	17.422399410683905	4947.961432634229	3.145713836519164	3573.5309182857704
chr13	92510001	92560000	chr13	92510001	93780000	0.8445807770961146	-3.1579687899040754	8.706059468117855	5528.347762254838	1.7838431860309525	5663.702115648274
chr13	92730001	92770000	chr13	92730001	93780000	0.2085889570552147	0.6907022468593174	11.576345228411299	4862.064995932746	2.8398364213059657	4770.925187794022
chr13	92860001	92920000	chr13	92860001	94390000	0.8936605316973415	-4.193224051184713	8.761140783502583	8042.727239255371	1.6321322589147798	8989.784482102606
chr13	93600001	93640000	chr13	92830001	93640000	0.1165644171779141	-0.04165331396781628	14.911936638094422	4831.467470742593	2.3919937749280646	3100.0239323067717
chr13	93740001	93800000	chr13	93740001	94980000	0.8619631901840491	-2.589441538246447	9.338564508965904	6947.891994670632	1.9218477426099254	8579.128323010707
chr13	94160001	94200000	chr13	93290001	94200000	0.6983640081799591	-3.901595338173349	13.31597687092219	4847.0155810156775	1.712667699399742	2493.6441703260243
chr13	96540001	96600000	chr13	95900001	96600000	0.806237218813906	-2.9088129199907073	16.207474728442186	6807.139385945718	1.6750868461804187	4221.218852374655
chr13	97210001	97280000	chr13	97210001	97920000	0.40899795501022496	2.315364365554391	17.36769438580656	8631.74410974586	2.9619795641218003	10304.726903579744
chr13	97740001	97790000	chr13	96850001	97790000	0.7101226993865031	-4.011340859176632	13.679104065345099	6429.178910712197	1.962284005711008	4611.367413420869
chr13	97900001	97960000	chr13	97200001	97960000	0.15184049079754602	2.988390623228858	17.015680805040148	7759.150447098308	3.6126018916170604	9884.078775464277
chr13	98840001	98890000	chr13	98840001	99320000	0.2816973415132924	-0.510531602282004	21.048959596783863	5051.750303228127	1.806261155988646	2167.513387186375
chr13	101680001	101720000	chr13	100530001	101720000	0.2842535787321063	2.316675766925593	12.324931511529575	5866.6673994880775	4.057830994908269	7726.110214305343
chr13	102630001	102670000	chr13	100550001	102670000	0.11451942740286299	1.5680767600574432	5.678014521829571	4814.956314511476	2.7126140744938274	9201.186940683063
chr13	103610001	103670000	chr13	102670001	103670000	0.44631901840490795	-1.0288200855848544	9.925333562426923	5955.200137456154	1.69597679480762	6105.516461307432
chr13	105020001	105060000	chr13	104040001	105060000	0.7566462167689161	-1.4638884562799228	10.045611646015809	4098.60955157445	1.1984661720754224	1955.8967928270893
chr13	107090001	107150000	chr13	107090001	108320000	0.6411042944785276	-1.1787931663107531	9.337549570517288	6891.111583041758	2.2931319162551236	10153.988125177688
chr13	108140001	108180000	chr13	107110001	108180000	0.7955010224948875	-3.6910722876366706	9.976678717172184	4270.018490949695	2.794437420014219	4784.076863064342
chr13	108140001	108180000	chr13	108140001	109930000	0.8599182004089979	-3.8875370876944477	5.490479056462648	3931.1830044272565	1.9242730652077862	5511.1180587551
chr13	108300001	108350000	chr13	107120001	108350000	0.5511247443762781	-0.9834336245493716	8.53266499696743	5247.588973134969	1.6991065463144395	5224.752629916901
chr13	108310001	108350000	chr13	108310001	109760000	0.8885480572597138	-5.749597559498949	7.349879380763396	4262.93004084277	2.2673090396732545	5260.15697204195
chr13	108800001	108840000	chr13	108800001	109930000	0.19631901840490798	-0.22521128391643225	10.726758160523199	4848.494688556486	2.0061469501024733	3627.1136857852716
chr13	109180001	109220000	chr13	108340001	109220000	0.023006134969325152	3.9596471220359137	15.424597795953906	5429.458424175775	2.8691371798267906	4039.745149196121
chr13	109210001	109270000	chr13	109210001	110010000	0.19325153374233128	0.4930382176907237	16.274290716753377	7811.659544041621	2.5144869087756567	7241.722297273892
chr13	109710001	109750000	chr13	107580001	109750000	0.4723926380368098	-3.2066433257511373	7.187005750439168	6238.320991381198	1.9674411844989317	6830.955792580291
chr13	110350001	110390000	chr13	109110001	110390000	0.5143149284253579	-1.6151632377433274	8.912724942470067	4563.315170544674	1.5772705301431285	3230.250045733127
chr13	110370001	110420000	chr13	110370001	111470000	0.08691206543967281	10.518920911483697	13.584504619676435	7471.477540822039	5.112360051973074	14058.990142925952
chr13	110940001	110990000	chr13	109830001	110990000	0.6370143149284253	-1.930492407515163	10.894684423562179	6318.916965666064	2.312455805429627	6706.121835745918
chr13	111380001	111420000	chr13	109930001	111420000	0.1523517382413088	-2.3534668897776188	10.595575769615353	6314.963158690751	3.992614656333597	9518.393340699295
chr13	111440001	111490000	chr13	111440001	113030000	0.6533742331288344	-2.627787882534645	7.739803166709223	6153.143517533832	1.8467350747966178	7340.771922316556
chr13	111760001	111800000	chr13	111760001	113050000	0.8680981595092024	-4.377711112235511	10.325897772195697	5328.16325045298	2.3806578750735654	4913.677854151839
chr13	112240001	112290000	chr13	111480001	112290000	0.7944785276073619	0.4271827598534682	15.606298004179694	6320.550691692776	3.0863361381052883	6249.830679663209
chr13	112640001	112690000	chr13	112640001	113050000	0.6451942740286298	0.588250922043585	23.20118540796677	4756.243008633188	2.091213060389051	2143.4933868987773
chr13	114450001	114490000	chr13	113670001	114490000	0.08282208588957055	1.4178778759479607	13.92151282713156	4566.256207299151	2.9001069398080963	3804.9403050282226
chr13	117190001	117240000	chr13	117190001	118060000	0.4591002044989775	-0.7476443671474314	10.845774995946217	4717.912123236604	0.9358674385504987	2035.5116788473347
chr13	118340001	118390000	chr13	117200001	118390000	0.3374233128834356	-1.4019396166792504	9.749993254324552	5801.245986323109	2.9771626774452886	8857.058965399734
chr13	119590001	119630000	chr13	119590001	120290000	0.6508179959100204		7.139630832328276	1941.9795863932911	0.7552588445319176	785.4691983131943
chr13	119600001	119640000	chr13	117010001	119640000	0.34662576687116564	-1.0870620165165914	1.847054741992446	1876.607617864325	0.6336989853039128	2626.0485950994143
chr14	7780001	7820000	chr14	7780001	8210000	0.6973415132924335	-0.7599114961473438	18.000812209681776	3096.1397000652655	1.3494615945195458	928.4295770294475
chr14	8310001	8370000	chr14	7800001	8370000	0.18711656441717792	0.4110456179383315	16.367895523333377	5597.820268980015	1.354677160904432	2779.7975341758943
chr14	8350001	8420000	chr14	8350001	10980000	0.8302658486707567	-4.081309917539298	3.6929370468867018	6798.697103318418	1.8571636188277956	23933.2675558338
chr14	10440001	10480000	chr14	7840001	10480000	0.7776073619631902	-3.241503738354757	3.7477896018575767	3957.665819561601	1.4996481978808365	6334.513987848653
chr14	11530001	11570000	chr14	11530001	12820000	0.3006134969325153	-0.6147735927645327	8.449209757917036	4359.79223508519	2.0426717131996353	4216.074416044047
chr14	12110001	12150000	chr14	10630001	12150000	0.09918200408997954	0.9792622863857484	7.653978901803793	4653.619172296706	2.593326645942124	6306.970402931245
chr14	12550001	12600000	chr14	12550001	14120000	0.689161554192229	-1.7665696969098776	7.419039386673143	5823.945918538418	2.2659175877588433	8893.72653195346
chr14	13340001	13400000	chr14	13340001	13980000	0.41002044989775055	-0.06336682406499407	15.411887239741398	5918.164700060697	2.3573434610933686	5431.319334359121
chr14	14270001	14310000	chr14	14270001	16630000	0.630879345603272	-2.0185503473167272	4.449943638475083	4200.746794720478	1.481754010878387	5595.10314507679
chr14	14870001	14910000	chr14	14870001	15970000	0.565439672801636	-1.699393096497611	9.09163357599191	4000.31877343644	1.760003056554472	3097.6053795358707
chr14	15000001	15040000	chr14	15000001	16240000	0.7044989775051125	-3.0848600630006016	9.425295649691547	4674.946642247008	2.222969158519797	4410.3708105032765
chr14	15350001	15380000	chr14	15350001	16830000	0.7091002044989775	-5.150179638415371	10.080690083698244	4475.82639716202	2.856382977424463	3804.702125929385
chr14	15570001	15610000	chr14	15570001	16720000	0.83640081799591	-3.213963247445322	9.984990980765232	4593.095851152007	1.6568912285740918	3048.679860576329
chr14	15570001	15610000	chr14	14850001	15610000	0.8139059304703476	-2.813772416566458	13.137516941483335	3993.805150210934	1.5462225474398537	1880.206617686862
chr14	15880001	15930000	chr14	15030001	15930000	0.8292433537832311	-4.335570442819971	12.912921172084449	5810.814527438002	2.010093049506448	4522.709361389509
chr14	16060001	16100000	chr14	14000001	16100000	0.796523517382413	-5.248042035648574	7.075674999260263	5943.566999378621	2.134075220009681	7170.492739232528
chr14	16180001	16230000	chr14	15000001	16230000	0.09202453987730061	2.9548388435985675	11.146065924687374	6854.830543682735	3.666154700649063	11273.425704495869
chr14	16350001	16390000	chr14	14690001	16390000	0.13445807770961146	-1.9315596736440463	7.652389830118671	5203.625084480696	3.0393679396780193	8267.080795924212
chr14	17630001	17680000	chr14	17630001	18960000	0.24539877300613497	0.021924037242204757	8.007331141771974	5324.8752092783625	1.5971832121064304	5310.634180253881
chr14	18870001	18910000	chr14	18200001	18910000	0.19938650306748465	0.5988004187202448	16.138118832078234	4583.2257483102185	2.5848244985440805	2936.3606303460756
chr14	20230001	20280000	chr14	19690001	20280000	0.3997955010224949	-0.277261441055868	15.821341968904616	4667.295880826861	1.6947552220583513	2499.7639525360682
chr14	20340001	20400000	chr14	20340001	21870000	0.6083844580777096	-0.7671529726047337	6.766782077377251	6211.905947032316	1.1715236389303851	6452.7522032285615
chr14	22530001	22570000	chr14	22530001	24020000	0.7229038854805726	-1.8332693945751024	5.174602506279131	3084.063093742362	1.2437327338497681	2965.058837497847
chr14	22530001	22570000	chr14	21870001	22570000	0.6988752556237219	-3.2571693229114365	10.934467891297924	3061.651009563419	1.555759663932352	1742.4508236042343
chr14	22880001	22920000	chr14	22880001	24210000	0.7914110429447853	-1.441334485768474	5.428899646062674	2888.1746117053426	0.895669305657204	1905.9842824385303
chr14	22890001	22930000	chr14	21630001	22930000	0.37627811860940696	-0.19489840199068248	6.84089572846793	3557.265778803324	1.6296241594965835	3389.6182517528937
chr14	23040001	23090000	chr14	23040001	23570000	0.5398773006134969	-1.2344750893263767	16.203565154559303	4293.944765958216	1.3361951782363792	1770.4586111632025
chr14	23370001	23410000	chr14	21830001	23410000	0.495398773006135	-2.5879189216524194	7.025446162296278	4440.081974571248	2.1833674661303264	5519.552954377465
chr14	23540001	23580000	chr14	23540001	24290000	0.8517382413087935	-3.4337345008500653	12.806273968427808	3841.8821905283426	2.0563930011786162	2467.6716014143394
chr14	24470001	24510000	chr14	24470001	26670000	0.5618609406952966	-3.4243147990067166	7.836952621723675	5611.258077154152	2.8754454031034675	10121.567818924206
chr14	25750001	25790000	chr14	23590001	25790000	0.8415132924335378	-3.2426652846125315	5.2627214334844945	4546.991318530603	1.541159867935461	5424.882735132823
chr14	27710001	27780000	chr14	27110001	27780000	0.1441717791411043	0.48237132121821163	14.264925655393752	6690.25013237967	1.3388718225298823	4395.516193365604
chr14	27770001	27810000	chr14	27770001	29450000	0.4560327198364008	-1.633666134186181	7.248347099844141	4870.889251095263	2.8688215136233377	7711.392228619532
chr14	28310001	28340000	chr14	26770001	28340000	0.7014314928425358	-1.6614474681793017	6.102531198688456	2874.2921945822627	1.0198654830989695	1441.0699276188438
chr14	28500001	28540000	chr14	28500001	29470000	0.24335378323108384	-0.2893248334648997	10.972392694697083	4257.2883655424685	2.1991064421729645	3413.013198252441
chr14	28640001	28680000	chr14	28640001	29730000	0.4550102249488753	-1.8719621938852273	10.08728430997278	4398.055959148132	1.7318340446470746	3020.318573864498
chr14	29050001	29110000	chr14	27740001	29110000	0.11554192229038855	0.8699079505501441	9.55455117229554	7853.841063626934	3.081567526675535	15198.291041563738
chr14	29300001	29340000	chr14	29300001	30320000	0.6983640081799591	-1.4606430608606495	9.267757857598081	3781.245205900017	1.0862030622111605	1772.683397528614
chr14	29450001	29490000	chr14	29450001	30770000	0.7091002044989775	-0.932076762675094	7.474962263882808	3946.7800753301226	1.0201234557349013	2154.5007385121116
chr14	29780001	29820000	chr14	27030001	29820000	0.8650306748466258	-5.924559220843243	4.187356586556064	4673.089950596567	2.162780720121269	9654.653134621345
chr14	29880001	29950000	chr14	27170001	29950000	0.43558282208588955	-3.993390850898218	4.904677939193109	9544.503269669789	2.5267360963507453	34419.19910448985
chr14	32050001	32090000	chr14	31140001	32090000	0.4427402862985685	-3.0825239039700367	14.284808453092342	5428.22721217509	2.265722678796253	3443.898471770305
chr14	32150001	32200000	chr14	30950001	32200000	0.7300613496932515	-3.6164166132380187	9.44717199282954	5904.482495518463	1.9400113550003264	6062.53548437602
chr14	32320001	32360000	chr14	32320001	33550000	0.8353783231083844	-2.064241538986031	8.480475145900947	4172.393771783266	1.0253271448141497	2017.8438209942467
chr14	33520001	33560000	chr14	33520001	34580000	0.8128834355828221	-1.4337951822009924	8.17910591181352	3467.940906608933	0.9548785115078929	1619.4739555173865
chr14	33520001	33560000	chr14	33520001	34230000	0.8701431492842536	-1.691835896590844	11.687521923390907	3319.256226243018	1.0342196409787259	1174.8735121518325
chr14	34550001	34600000	chr14	33970001	34600000	0.2842535787321063	0.25442469071369	15.182258646535042	4782.411473658538	1.4657107796705906	2308.4944779811804
chr14	34740001	34780000	chr14	34010001	34780000	0.29243353783231085	-0.39058145188105664	12.551710211213946	3865.926745053895	1.3380113179665913	1648.4299437348404
chr14	34810001	34850000	chr14	34810001	36860000	0.23721881390593047	-1.6441260824658523	5.815256344372582	4768.510202385517	2.546860985328909	8353.70403187882
chr14	38140001	38170000	chr14	38140001	40810000	0.8241308793456033	-4.198874726553526	3.6769652694530817	2945.2491808319182	1.8516780512692812	4449.582357200083
chr14	39430001	39490000	chr14	38740001	39490000	0.25971370143149286	0.12686433762881819	13.620728546457679	6129.327845905956	2.06848614501009	5584.912591527243
chr14	40880001	40910000	chr14	37140001	40910000	0.7914110429447853	-8.102669309917808	2.787031100234457	3152.1321743651706	2.515319172816458	8534.477953366242
chr14	45770001	45810000	chr14	45060001	45810000	0.5020449897750511	-0.6592371208515583	8.912879887151728	2673.8639661455186	0.9299248898112051	1115.9098677734462
chr14	47720001	47760000	chr14	47720001	49180000	0.7183026584867076	-3.7945463915921844	8.577346976001063	5009.170633984621	3.001697781449094	7011.9660174650835
chr14	48340001	48380000	chr14	47580001	48380000	0.1385480572597137	3.0275429331886397	15.518564549530762	4965.940655849844	3.6768940690084704	4706.424408330842
chr14	51860001	51910000	chr14	51860001	52360000	0.03680981595092024	2.1715743777270173	19.260604454390464	4815.151113597616	1.954324258043407	2442.905322554259
chr14	54040001	54080000	chr14	54040001	54670000	0.0950920245398773	0.5320165229714984	12.828965470830516	3232.89929864929	1.1715588988154497	1180.9313700059733
chr14	54210001	54260000	chr14	54210001	55740000	0.418200408997955	0.3704483232381427	7.306442570263002	5589.428566251197	1.1559180200136085	4421.386426552052
chr14	54490001	54530000	chr14	54490001	56930000	0.7816973415132924	-1.7226173259609636	3.886674167345551	3793.393987329258	1.018991472976039	3978.142710498456
chr14	55860001	55900000	chr14	54590001	55900000	0.6165644171779141	-1.7619902309778712	9.238185241849369	4840.809066729069	1.31316993592778	2752.404185704627
chr14	56140001	56180000	chr14	55740001	56180000	0.4320040899795501	-0.6040266801775916	20.878900763538287	3674.6865343827385	1.3363755161761288	940.8083633879946
chr14	56350001	56390000	chr14	56350001	57120000	0.147239263803681	1.296073271181932	13.470873673908866	4149.029091563931	2.1538026661037524	2653.4848846398227
chr14	57570001	57610000	chr14	56650001	57610000	0.647239263803681	-1.5444373272166143	10.611154500156822	4074.6833280602195	1.1015274032112092	1691.9460913324174
chr14	57570001	57610000	chr14	57570001	60880000	0.7985685071574642	-2.977596025323903	3.227615422567742	4273.36281947969	1.2870670368351431	6816.3070270789185
chr14	58010001	58040000	chr14	58010001	60120000	0.7004089979550102	-4.205822825773564	7.0263073795049795	4447.652571226652	3.165527594157024	6011.336901304188
chr14	58070001	58110000	chr14	57490001	58110000	0.5086912065439673	-0.5510511731020289	12.623598246436435	3130.652365116236	0.7591225611277014	753.0495806386798
chr14	58340001	58370000	chr14	58340001	59540000	0.7694274028629857	-3.8452168927836716	9.05768318337657	3260.765946015565	1.8637459804808276	2012.8456589192938
chr14	59060001	59130000	chr14	57340001	59130000	0.11042944785276074	2.520767154870663	8.394873833955678	10518.776913946465	3.6547957513895897	32056.21353543809
chr14	60240001	60280000	chr14	60240001	61450000	0.6503067484662577	-1.720396744160655	8.82712181162115	4272.326956824637	1.4776679940926583	2860.765236563386
chr14	60360001	60400000	chr14	60360001	61660000	0.8312883435582822	-1.9290485537193893	7.993703956946291	4156.726057612072	1.0718816284511183	2229.5137871783263
chr14	60360001	60410000	chr14	57520001	60410000	0.8241308793456033	-1.8177615360653858	3.8479458295526694	5560.281723703607	0.8955456687469702	6470.317456696859
chr14	60490001	60540000	chr14	60490001	61680000	0.6523517382413088	-0.5396833345309935	9.763244776029605	5809.130641737615	1.545577222458325	4598.092236813517
chr14	60680001	60730000	chr14	59780001	60730000	0.6370143149284253	-1.8612310215876984	11.767232059451686	5589.435228239551	1.5315888920442704	3637.523618605142
chr14	60770001	60820000	chr14	60770001	61660000	0.4274028629856851	-0.21237739193129437	11.640336016182781	5179.949527201337	2.050056092925155	4561.374806758469
chr14	61080001	61120000	chr14	60510001	61120000	0.4662576687116564	-1.153841512096389	16.572800498649155	4043.7633216703935	2.05360347572869	2004.3169923112014
chr14	62220001	62260000	chr14	61000001	62260000	0.2995910020449898	-1.2589325832815612	8.73064895762731	4400.247074644164	2.051201546861294	4135.222318472368
chr14	62430001	62470000	chr14	61540001	62470000	0.08895705521472393	1.985925093162041	12.08829491308589	4496.8457076679515	2.1998634387659655	3273.3967968837565
chr14	63530001	63590000	chr14	63530001	65100000	0.6922290388548057	-2.1268253767864826	9.472770552305658	8923.34986027193	1.6786730776147898	9487.860234678792
chr14	64390001	64430000	chr14	63690001	64430000	0.810838445807771	-3.9131218004099124	20.52726287172475	6076.069810030526	2.076463511688016	2458.532797838611
chr14	64550001	64590000	chr14	63670001	64590000	0.584355828220859	-3.114800064939738	17.79471054132795	6548.453479208686	2.592697303566681	3816.450430850154
chr14	64940001	64980000	chr14	63390001	64980000	0.689161554192229	-2.215149311063148	8.143503552508966	5179.268259395702	1.5504688897626961	3944.392855556299
chr14	64940001	64980000	chr14	63380001	64980000	0.693762781186094	-2.213334820697505	8.097738410457307	5182.552582692677	1.5485244669806977	3964.2226354705863
chr14	65060001	65100000	chr14	63550001	65100000	0.7730061349693251	-2.0825489118523595	6.800530923753482	4216.329172727159	1.0387502232241497	2576.100553595891
chr14	65330001	65390000	chr14	63310001	65390000	0.5608384458077709	-1.2301181233367946	6.422817254834441	8015.675934033382	1.0607983561859151	7943.258091120133
chr14	67920001	67960000	chr14	66960001	67960000	0.2229038854805726	0.35099999126739	9.187387268568207	3674.9549074272827	1.4971600336606472	2395.4560538570354
chr14	69830001	69880000	chr14	69830001	70420000	0.04396728016359918	4.789266126408681	19.74938110157933	5826.067424965902	2.8197567136914596	4159.141152694903
chr14	71160001	71200000	chr14	71160001	72460000	0.7750511247443763	-4.142271173625489	7.894012237603495	4104.886363553817	1.9687801692797284	4095.062752101835
chr14	72200001	72250000	chr14	70420001	72250000	0.9427402862985685	-10.03959725885519	6.491275464687062	5939.517050188661	2.506336414626948	11466.489096918287
chr14	72430001	72490000	chr14	70780001	72490000	0.8517382413087935	-3.2287150744360087	5.410757998787709	5551.437706756189	1.682691764737661	10358.65050372504
chr14	72580001	72620000	chr14	72580001	73630000	0.5306748466257669	-1.6459388613640586	8.772447876728236	3684.428108225859	1.4431590320783607	2424.507173891646
chr14	73080001	73150000	chr14	73080001	73600000	0.3619631901840491	0.7186968581881217	19.00411388098134	6917.497452677208	1.7084331297652542	4353.087614641868
chr14	76140001	76170000	chr14	76140001	78750000	0.8210633946830266	-5.474367573662623	4.767940225766986	3733.29719677555	1.882978423638228	4423.116317126198
chr14	76870001	76910000	chr14	76220001	76910000	0.4652351738241309	-0.9932220556292467	15.695414752095777	4331.934471578435	2.3079426635411	2547.9687005493743
chr14	76990001	77040000	chr14	75760001	77040000	0.09406952965235174	3.1108973456321136	9.864934954005635	6313.558370563606	2.7443896943958843	8782.04702206683
chr14	77020001	77060000	chr14	77020001	78220000	0.8323108384458078	-4.263591952518483	7.6364173868712335	3665.480345698192	2.1986126653448332	4221.33631746208
chr14	77020001	77060000	chr14	77020001	78310000	0.8374233128834356	-4.717946849307295	7.616331565515285	3930.0270878058873	2.615622977755082	5398.645826086489
chr14	77120001	77160000	chr14	77120001	78550000	0.5449897750511248	-7.729733517630183	10.396237499076332	5946.647849471662	3.945469933643585	9027.235208176522
chr14	77240001	77280000	chr14	77240001	77940000	0.7315950920245399	-4.426622649285008	16.153828142139922	4523.0718797991785	1.9888214024481041	2227.4799707418765
chr14	77240001	77280000	chr14	77240001	77860000	0.7315950920245399	-3.8375115221278273	17.68175025633182	4385.074063570291	1.9392467274389384	1923.7327536194268
chr14	77810001	77860000	chr14	77220001	77860000	0.1165644171779141	0.04225616180108805	15.905075054689243	5089.624017500558	2.0284838508021745	3245.574161283479
chr14	78250001	78290000	chr14	76130001	78290000	0.434560327198364	-3.731203019913305	5.730591439653065	4951.231003860248	2.4414098093422636	8437.512301086863
chr14	78820001	78860000	chr14	78820001	79620000	0.5255623721881391	-0.7958899844416506	11.478080888283099	3672.985884250592	1.2041530245119412	1541.3158713752846
chr14	79280001	79330000	chr14	78540001	79330000	0.656441717791411	-2.55599594330921	14.965072551633384	5911.203657895187	1.9734332768538327	3897.5307217863196
chr14	79720001	79790000	chr14	79720001	80250000	0.7259713701431493	-1.4807724156651982	17.007244030911355	6309.687535468112	1.758290019244708	4566.279179978506
chr14	80190001	80240000	chr14	79390001	80240000	0.09406952965235174	2.711569946902829	11.51016148016158	4891.818629068672	2.2916800499946794	4869.820106238694
chr14	80240001	80310000	chr14	80240001	82980000	0.4933537832310838	-1.7814570876848166	3.5469374865576335	6803.026099217541	2.0952452454195227	28130.762665002512
chr14	80820001	80860000	chr14	80820001	82980000	0.4892638036809816	-2.567338292944483	4.458804446647682	3852.407041903597	2.55042111554844	8814.25537533541
chr14	84410001	84450000	chr14	84410001	86570000	0.630879345603272	-2.1832130396512577	3.9640758402400422	3424.9615259673965	1.8040250709436134	6234.710645181128
chr14	86760001	86800000	chr14	85230001	86800000	0.6073619631901841	-3.7260705858660805	6.245996611716282	3922.4858721578253	1.9832463197477206	4981.914755206274
chr14	92140001	92200000	chr14	90220001	92200000	0.873721881390593	-5.259634143388569	5.239775071841813	6224.852785348075	1.9207653083132452	13691.215117656811
chr14	92710001	92750000	chr14	90280001	92750000	0.8609406952965235	-6.046764586032422	4.457862838485962	4404.368484424131	2.1834297629654027	8628.914423239272
chr14	93230001	93270000	chr14	91270001	93270000	0.8323108384458078	-4.875903388128211	5.599531580204586	4479.625264163669	1.7073999873603365	5463.6799595530765
chr14	93870001	93920000	chr14	91050001	93920000	0.8067484662576687	-12.324073159767101	5.038015761707148	7229.552618049756	3.8624900412837047	27713.36604621058
chr14	103650001	103690000	chr14	101440001	103690000	0.8404907975460123	-3.713806293721439	5.474698758057246	4927.228882251522	1.3864295061790253	4991.146222244491
chr14	104000001	104050000	chr14	104000001	105350000	0.2556237218813906	-0.5473548817785338	7.577990719827775	5115.143735883748	2.292783699184524	7738.144984747769
chr14	105880001	105920000	chr14	105170001	105920000	0.2934560327198364	-0.8238689535770901	14.549359230082285	4364.8077690246855	2.714487339883792	3257.38480786055
chr14	106750001	106790000	chr14	106750001	108980000	0.5480572597137015	-4.49962506243028	5.699306257525782	5083.781181712998	3.482265024813344	12424.721608534011
chr14	108890001	108920000	chr14	105240001	108920000	0.9826175869120655	-16.629064656047518	4.250110254918907	4692.121721430473	2.5801754364427256	8545.541045498307
chr14	117880001	117950000	chr14	116180001	117950000	0.7760736196319018	-2.876433575566283	5.669485118098624	7024.492061324196	1.9319894446646568	16756.14445357657
chr14	119080001	119150000	chr14	119080001	120520000	0.6978527607361963	-6.975644715469909	9.361957040438414	9436.852696761922	3.136920916821407	22134.11398909185
chr14	119800001	119870000	chr14	118870001	119870000	0.4749488752556237	0.5629532157006545	12.294183735355984	8605.92861474919	2.6295967493105232	12885.024071621563
chr14	120090001	120140000	chr14	120090001	121230000	0.6492842535787321	-2.149490867300485	9.80384763219144	5588.1931503491205	1.6068404434605992	4579.495263862707
chr14	120810001	120850000	chr14	120810001	121500000	0.09304703476482618	0.15680859698930175	14.979758637166716	4134.413383858014	1.8818755113009895	2077.5905644762925
chr14	121730001	121770000	chr14	121110001	121770000	0.6267893660531698	-1.4834441274283403	20.184505912600553	5328.709560926546	1.4750021528915565	1557.6022734534836
chr14	122300001	122330000	chr14	122300001	123580000	0.91359918200409	-6.438927969135067	10.24737956056094	3934.993751255401	2.0297187237606944	2338.23596977232
chr14	122560001	122590000	chr14	122560001	124200000	0.8195296523517381	-3.6756987865363864	8.16354213960177	4016.462732684071	1.6204145904935212	2391.731935568437
chr14	122870001	122910000	chr14	121610001	122910000	0.864519427402863	-3.8814349523386866	11.536308488127377	5998.880413826236	2.665198456061957	5543.61278860887
chr14	123260001	123310000	chr14	122350001	123310000	0.7658486707566463	-4.715499552258587	13.585161401496089	6520.877472718123	2.6278871799718826	6306.929231932518
chr14	123340001	123390000	chr14	123340001	124760000	0.3343558282208589	-0.07381469125210337	8.624731049711787	6123.559045295369	2.421655568344365	8596.877267622494
chr14	123620001	123660000	chr14	123620001	124600000	0.7898773006134969	-2.6440359301162593	11.769125172491176	4613.497067616541	1.7730759091735462	2780.1830255841205
chr14	124150001	124210000	chr14	121950001	124210000	0.6871165644171779	-1.9542900110749142	6.639023754353525	9002.51621090338	1.556380702802595	12662.713398001913
chr14	124600001	124650000	chr14	121620001	124650000	0.9028629856850716	-6.4985039340332404	5.818590983882685	8815.165340582267	1.5169436574172916	11490.848204935985
chr14	124600001	124640000	chr14	123990001	124640000	0.9631901840490797	-14.982068515436413	23.045843812406147	5991.919391225599	2.448485894042134	2546.4253298038193
chr14	124710001	124750000	chr14	123930001	124750000	0.9683026584867076	-16.711585247575172	18.509570917791986	6071.139261035772	3.237670194170903	4247.823294752225
chr15	4340001	4380000	chr15	4340001	5100000	0.9314928425357873	-4.638005875244271	16.519166813889488	5021.8267114224045	2.0379910371940433	2478.197101227957
chr15	4790001	4830000	chr15	3990001	4830000	0.16206543967280163	-0.5009012494471913	15.76551581367424	5297.2133133945445	2.30050771874687	3091.8823739957934
chr15	5080001	5120000	chr15	4150001	5120000	0.9038854805725971	-3.8093954190249333	11.352105550833379	4404.616953723351	2.2283177439905204	3458.3491386732876
chr15	8560001	8600000	chr15	7900001	8600000	0.12372188139059305	0.5181252421865494	17.786066752498513	4980.098690699584	1.5543317338843836	1740.8515419505097
chr15	8600001	8640000	chr15	8600001	9130000	0.4539877300613497	-2.2584529940879863	24.720178577179812	4944.035715435963	2.680609039274246	2273.1564653045607
chr15	9270001	9310000	chr15	9270001	12010000	0.8865030674846626	-5.493757381723833	4.211938045098723	4616.284097428201	1.807391377279423	7923.603797992991
chr15	11360001	11410000	chr15	11360001	12950000	0.5930470347648262	-0.5217900833642561	5.509499843986905	4380.05237596959	1.2661374134693295	5032.896218540584
chr15	11950001	12000000	chr15	11950001	12460000	0.022494887525562373	2.3959728305178993	20.804508745209233	5305.1497300283545	1.6561972568463117	2111.6515024790474
chr15	12540001	12600000	chr15	12110001	12600000	0.08282208588957055	0.9610371471160662	23.0716667810432	6783.0700336267	1.7292799404283046	3050.4498149155293
chr15	12790001	12830000	chr15	12110001	12830000	0.2387525562372188	-1.5402011294160338	16.638150474347217	4791.787336611998	2.445966797453653	2817.7537506666085
chr15	22120001	22180000	chr15	22120001	24460000	0.7489775051124745	-4.89553911582993	6.0950325659811115	8557.425722637481	2.524488119881657	21266.28792188308
chr15	22710001	22750000	chr15	22710001	23890000	0.31901840490797545	-0.7518245442259007	8.869985822004905	4186.633307986315	1.6887153090830052	3188.2945035487137
chr15	23010001	23050000	chr15	23010001	24040000	0.6002044989775052	-1.7228975740782464	12.327665607189148	5078.998230161929	2.3984533041607143	3952.6510452568573
chr15	23550001	23600000	chr15	23020001	23600000	0.217280163599182	0.008624980421073368	18.031014023686062	5228.994066868958	1.5367803401137525	2228.331493164941
chr15	23830001	23870000	chr15	21510001	23870000	0.8312883435582823	-7.626616125083736	5.9607373260965675	5626.93603583516	2.4586655825827317	9283.921239832394
chr15	24090001	24130000	chr15	21690001	24130000	0.8583844580777096	-8.991699044719375	6.212227658501455	6063.13419469742	2.803618648795123	10945.32720489616
chr15	24170001	24210000	chr15	21620001	24210000	0.9141104294478528	-11.111619072004896	5.882085217728376	6093.840285566597	2.920525162344434	12102.656272755334
chr15	24270001	24310000	chr15	22550001	24310000	0.6886503067484663	-7.081978877493717	8.098661807941129	5701.457912790555	2.683329294202439	7556.255292474068
chr15	24390001	24440000	chr15	21790001	24440000	0.3670756646216769	-11.259038997368263	6.677441704502537	8847.610258465862	4.479914248766148	29679.43189807573
chr15	24390001	24440000	chr15	21550001	24440000	0.418200408997955	-14.245115993516142	6.310315115287311	9118.405341590165	4.558635645282771	32936.14253716802
chr15	24680001	24720000	chr15	24680001	26200000	0.864519427402863	-3.8439647420845255	7.968315350406506	4844.735733047156	1.756142051149551	4270.937468395708
chr15	24690001	24730000	chr15	24690001	25770000	0.7765848670756645	-3.588949014344708	11.058206514797186	4777.145214392384	2.1158843256894477	3656.248114791366
chr15	25690001	25730000	chr15	24880001	25730000	0.5501022494887525	-1.4737999374853854	14.460491754995559	4916.56719669849	1.787918812113825	2431.569584474802
chr15	27310001	27350000	chr15	27310001	28020000	0.03067484662576687	4.45187967940735	19.567572969879695	5557.190723445833	2.298104301111569	2610.6464860627425
chr15	27460001	27520000	chr15	27460001	28020000	0.25869120654396727	-0.17015759544406742	23.85371502187158	8014.848247348851	1.3506868344346628	2722.98465822028
chr15	28160001	28200000	chr15	27320001	28200000	0.04652351738241309	1.9160857437214045	14.053526770573654	4946.841423241926	1.804020805069631	2540.0612935380404
chr15	28170001	28210000	chr15	28170001	30980000	0.8926380368098159	-7.07062949533407	3.5173933909103967	3953.550171383286	1.9879517670852773	8937.831144815407
chr15	28290001	28330000	chr15	28290001	30980000	0.5040899795501023	-4.880386521671406	5.617148623338629	6044.051918712365	3.075794944633077	13238.221441700762
chr15	29030001	29070000	chr15	29030001	32620000	0.803680981595092	-2.99322304825758	3.7237436496364045	5347.295880877877	1.366100519900145	7846.881386306433
chr15	29040001	29070000	chr15	27430001	29070000	0.7776073619631902	-1.6366303388360834	6.21371346245291	3057.1470235268316	1.0529781807559777	1554.195794795823
chr15	29550001	29590000	chr15	28300001	29590000	0.852760736196319	-4.539842014351692	9.28737952110466	4792.287832890004	2.2342823613277347	4611.558793780445
chr15	30000001	30060000	chr15	30000001	31450000	0.09713701431492842	0.894851880232529	8.417906452097704	7323.578613325002	2.457273306028595	12826.966657469267
chr15	30130001	30190000	chr15	30130001	31600000	0.43558282208588955	-2.417967029387484	9.950286522315768	8776.152712682508	2.4203167907958227	12808.316456891494
chr15	30260001	30300000	chr15	30260001	30970000	0.820040899795501	-3.433737516432409	17.237529975653302	4895.458513085538	1.7950046231201906	2039.1252518645365
chr15	30690001	30720000	chr15	30690001	31600000	0.8568507157464212	-1.380715652143486	9.783076606846498	2670.7799136690937	0.9807775225876713	803.2567909993028
chr15	30700001	30750000	chr15	30200001	30750000	0.4120654396728016	0.9562011649142301	20.80469737997437	5721.291779492952	2.066145026029358	2840.949410790367
chr15	31130001	31170000	chr15	30260001	31170000	0.39059304703476483	-1.2945851509384414	11.98280627047319	4361.741482452241	1.405604327130622	2046.5599003021857
chr15	32230001	32270000	chr15	32230001	32770000	0.12065439672801637	-0.7329286596502664	19.746495849493748	4265.243103490649	1.977671679934991	1708.708331463832
chr15	32230001	32270000	chr15	30170001	32270000	0.717280163599182	-1.4331431296563666	5.637839672391763	4735.785324809081	1.3283704080118013	4463.324570919653
chr15	32320001	32360000	chr15	31340001	32360000	0.8098159509202454	-2.543595614966568	10.824579263047799	4416.428339323502	1.4599145551068033	2382.580553934303
chr15	32540001	32580000	chr15	31620001	32580000	0.22188139059304704	-0.5884453626221164	12.69614346817751	4875.319091780164	2.105610186318534	3234.217246185268
chr15	32890001	32940000	chr15	32890001	34150000	0.9038854805725971	-4.123762903953196	8.569995408244958	5399.097107194324	1.6737338431549569	5272.261605938114
chr15	32900001	32940000	chr15	30150001	32940000	0.6247443762781186	-1.0124373264912736	2.913409524128022	3251.3650289268726	0.9198463627275164	4106.194163215633
chr15	34510001	34550000	chr15	34510001	35950000	0.6160531697341514	-1.4738469229598785	9.153386565343123	5272.350661637639	2.0913950519688935	4818.574199736331
chr15	34640001	34680000	chr15	34640001	36980000	0.8834355828220859	-3.4446345290692983	5.416316127536303	5069.67189537398	1.3715242012079776	5134.986609322668
chr15	34650001	34690000	chr15	34650001	36980000	0.9100204498977505	-3.168509487906835	5.360723494391853	4996.194296773207	1.401199080485186	5223.670172048774
chr15	35140001	35180000	chr15	35140001	37030000	0.7791411042944786	-2.2505731001418208	5.746498332841146	4344.352739627906	1.3230708147107142	4000.9661436851998
chr15	35260001	35310000	chr15	35260001	37050000	0.621676891615542	-1.5252950377623422	7.081319143586572	6337.780633509981	1.720114823774708	7697.513836391818
chr15	35270001	35310000	chr15	35270001	37060000	0.556237218813906	-1.4740907297999515	7.191438370728423	5149.069873441551	1.809833151282312	5183.362145272542
chr15	35910001	35950000	chr15	35910001	38540000	0.5777096114519428	-1.4644794977373943	4.324269566859606	4549.131584336305	1.02046171618261	4294.102901696423
chr15	36110001	36160000	chr15	34700001	36160000	0.07004089979550102	2.0771040578153532	9.518761909323311	6948.696193806018	2.490658124931719	9090.902156000775
chr15	37110001	37150000	chr15	37110001	38070000	0.0516359918200409	1.9875440020279223	16.14517801698951	6199.7483585239725	3.3042012060641888	5075.253052514594
chr15	37790001	37830000	chr15	37100001	37830000	0.8997955010224948	-7.271109462088675	18.153074567881898	5300.697773821515	2.3970415106197547	2799.7444844038732
chr15	37890001	37950000	chr15	36700001	37950000	0.33844580777096117	-0.46734434760990146	12.732914462102398	9549.685846576798	3.1349757565398275	14107.390904429223
chr15	38650001	38710000	chr15	38650001	39940000	0.050102249488752554	-2.4924479317687536	11.178860876933552	7713.414005084151	2.010273023315457	9190.96826259827
chr15	38910001	38960000	chr15	38910001	40130000	0.558282208588957	-2.458224454877432	9.345139498199543	5700.535093901722	1.1253147804224015	3375.9443412672044
chr15	38910001	38950000	chr15	36180001	38950000	0.7617586912065439	-3.333301397422503	4.437769966158555	4668.5340043988	1.0997037956361446	4838.696700799036
chr15	39370001	39440000	chr15	39370001	41780000	0.7719836400817995	-4.0017389638741	7.603869077299001	12827.727133403416	1.7377076986184232	20520.59021298496
chr15	39630001	39670000	chr15	39190001	39670000	0.5976482617586911	-2.8195867050234202	25.572916002722447	4909.99987252271	1.7705168246878535	1359.7569213602715
chr15	39810001	39850000	chr15	39100001	39850000	0.014314928425357873	4.2068980863040535	22.114487124835808	6634.346137450742	3.474297963867322	4169.157556640786
chr15	39900001	39950000	chr15	39900001	41840000	0.8026584867075665	-3.1553240496581156	6.2968655245599905	6107.9595588231905	1.502075819104581	7285.067722657219
chr15	40100001	40160000	chr15	38680001	40160000	0.13599182004089977	-0.22316666575910243	9.36300909800166	7527.859314793334	1.6353962387429564	8713.391160022471
chr15	40130001	40180000	chr15	40130001	41850000	0.23210633946830267	1.8357855678776491	8.702263752988799	7483.9468275703675	2.8161874895879517	12109.606205228192
chr15	40350001	40390000	chr15	40350001	41850000	0.40541922290388543	-1.8113492900020132	9.893262660410713	5935.957596246428	1.9245842515188094	4619.002203645143
chr15	40360001	40400000	chr15	39090001	40400000	0.8895705521472392	-1.4086012990834256	8.119271222095783	4254.49812037819	0.8193789765935618	1717.4183349401055
chr15	41050001	41120000	chr15	39010001	41120000	0.6850715746421268	-3.4456972331913294	8.163523965924599	12057.524897670632	2.631734182427942	27209.49971212249
chr15	41150001	41190000	chr15	41150001	41980000	0.04805725971370143	1.9022653752848344	14.373340282669062	4771.948973846129	2.649182796401969	3518.1147536218145
chr15	41750001	41790000	chr15	39790001	41790000	0.8507157464212679	-3.4780766091608055	7.302364669576735	5841.891735661388	1.6236425654330873	5195.656209385879
chr15	41950001	41990000	chr15	40240001	41990000	0.4325153374233129	-0.9181492229281587	6.0249410424169625	4217.4587296918735	1.45123964619897	4063.471009357116
chr15	42300001	42340000	chr15	39100001	42340000	0.3502044989775051	-1.215129710649153	3.707270383219961	4804.622416653069	1.1969395123437692	6204.934431990099
chr15	42660001	42710000	chr15	41110001	42710000	0.21012269938650308	-0.8109967953720641	8.523744348367677	6818.995478694142	2.088944371938215	8355.77748775286
chr15	42890001	42930000	chr15	41090001	42930000	0.23108384458077708	0.8951698199360294	6.940967556875598	5108.55212186044	2.424994025713999	7139.182411702012
chr15	43460001	43500000	chr15	41010001	43500000	0.7832310838445807	-2.0627118005073397	4.131601720543847	4115.075313661671	1.1428924860960532	4553.283664606676
chr15	44410001	44450000	chr15	44410001	44830000	0.07310838445807771	1.1854950380786613	19.939313990616263	3349.804750423532	1.8538579703980118	1245.792556107464
chr15	44800001	44860000	chr15	43760001	44860000	0.6012269938650308	-1.321304037070479	9.3310792919967	6158.512332717822	1.4459137936404467	5725.8186228161685
chr15	44820001	44860000	chr15	44820001	46980000	0.7796523517382412	-4.06116473652562	3.9802663272521017	3438.950106745816	1.5718405407443352	5432.280908812422
chr15	48070001	48110000	chr15	48070001	48780000	0.7965235173824131	-1.91940251252112	14.423406266105566	4096.247379573981	2.1806254582215336	2477.190520539662
chr15	48760001	48800000	chr15	47570001	48800000	0.08486707566462168	1.034198373763518	11.358472001634656	5588.3682248042505	2.9934894106959717	5891.187160249672
chr15	52140001	52190000	chr15	50670001	52190000	0.7234151329243355	-1.9137420834934877	6.615085289938514	5027.464820353271	1.4310613512628765	5438.03313479893
chr15	52150001	52190000	chr15	52150001	53910000	0.7121676891615543	-0.7085269027290787	5.271072269888493	3710.8348780014994	0.8950053285967037	2520.3350053283175
chr15	52420001	52460000	chr15	51630001	52460000	0.4458077709611452	-2.052095392966427	13.557955077408295	4501.241085699554	2.0408933771906907	2710.3064049092372
chr15	52490001	52540000	chr15	52490001	54440000	0.4601226993865031	-1.467671593750189	5.153567461746109	5024.728275202456	2.047342354266092	9980.793977047198
chr15	52680001	52730000	chr15	52680001	54020000	0.5112474437627812	-0.7727775919030678	8.189529235339519	5486.984587677478	1.95128506285148	6536.8049605524575
chr15	53320001	53360000	chr15	53320001	54020000	0.7944785276073619	-1.1326406002279275	13.08055425379612	3662.5551910629133	1.6245964676983888	1819.5480438221955
chr15	53320001	53360000	chr15	52670001	53360000	0.8568507157464212	-3.350294774727595	16.88555591577084	4660.413432752752	1.7975275511708664	1984.4704164926366
chr15	53740001	53790000	chr15	52700001	53790000	0.3333333333333333	-2.485466054058501	12.587875056448578	6860.391905764475	2.2396445976725374	6103.031528657664
chr15	57200001	57240000	chr15	56040001	57240000	0.5557259713701431	-2.558944771951356	9.456905027573155	4539.314413235114	1.7847454450617564	3426.7112545185723
chr15	57970001	58040000	chr15	57970001	59680000	0.8926380368098159	-1.5531397876328505	6.593166334144138	7892.020101970534	0.913048386673587	7650.432431937986
chr15	58120001	58170000	chr15	57510001	58170000	0.9054192229038855	-2.1385106053254836	14.463838578353391	4773.066730856619	1.3726652535424866	2264.897668345103
chr15	58390001	58430000	chr15	57500001	58430000	0.2903885480572597	0.17875931876334844	10.636444003375605	3956.757169255725	1.3631489404242831	2028.3656233513332
chr15	58860001	58900000	chr15	57540001	58900000	0.48210633946830267	-1.6275990017778055	9.830082742512445	5347.56501192677	2.149465710059914	4677.237385090373
chr15	58930001	58990000	chr15	58930001	59780000	0.08282208588957055	1.7441867785658902	16.028570103595055	8174.570752833477	2.1633269888391355	6619.780585847755
chr15	59260001	59310000	chr15	58980001	59310000	0.0736196319018405	-0.45316375074265636	35.11590109281889	5794.123680315116	2.1836011272640876	1801.4709299928722
chr15	59360001	59410000	chr15	59360001	59840000	0.5209611451942741	0.35510922045322607	22.081117532330683	5299.468207759364	2.312262862352144	2774.7154348225727
chr15	59790001	59850000	chr15	58970001	59850000	0.04550102249488752	1.8689014840984974	13.380355992048694	7064.82796380171	1.7397807520882322	5511.62542261552
chr15	60810001	60850000	chr15	57460001	60850000	0.5746421267893661	-0.9835540254530828	2.9961623158951096	4062.7961003537685	1.1021925766303302	5978.292535642911
chr15	61150001	61190000	chr15	61150001	64630000	0.4989775051124744	-5.808090197186411	4.269912464107548	5943.718150037706	3.6725982455863613	20449.02703142486
chr15	61970001	62010000	chr15	61970001	64090000	0.18251533742331288	-2.2326359669255407	6.66622092968259	5652.955348370836	3.094311672910658	10495.905194512952
chr15	62440001	62480000	chr15	61560001	62480000	0.6651329243353783	-1.626570432344936	10.632617480995956	3912.8032330065116	1.3599590745557777	2001.8597577461046
chr15	63650001	63690000	chr15	61510001	63690000	0.7443762781186094	-5.562494632987675	5.323710070653368	4642.275181609737	2.9967448968853327	10452.646200336041
chr15	64600001	64640000	chr15	61050001	64640000	0.7382413087934561	-2.5195550983906827	3.6872499422179588	5294.890917024989	1.4275461982217463	8199.82536258571
chr15	64740001	64780000	chr15	64740001	66540000	0.705521472392638	-2.875852634337413	7.57574050394304	5454.533162838989	2.3453260445999042	6754.539008447724
chr15	65620001	65660000	chr15	64700001	65660000	0.6630879345603272	-11.587765357181317	14.014168007761567	5381.440514980442	3.211265585409563	4932.503939189089
chr15	65760001	65800000	chr15	63920001	65800000	0.8803680981595092	-6.2331415380731565	6.067469037936656	4562.736716528365	2.111074338941244	6350.1116115352615
chr15	66420001	66480000	chr15	66040001	66480000	0.03067484662576687	1.7082876753063083	25.322501922155812	6685.140507449134	2.199956368415712	3484.730887570488
chr15	68410001	68450000	chr15	68410001	70980000	0.6431492842535788	-2.731513155699393	4.493079771622338	4618.886005227764	1.8221724822150485	7492.773246868279
chr15	68900001	68940000	chr15	68900001	70980000	0.782719836400818	-4.0095422891077925	5.482897768477951	4561.770943373655	2.2787359067209683	7583.633097567383
chr15	70780001	70820000	chr15	69030001	70820000	0.7014314928425358	-2.6233730450566757	5.561591127805745	3982.099247508913	1.320999519151177	3783.342622848971
chr15	71860001	71910000	chr15	71530001	71910000	0.05112474437627812	1.5021695122171697	24.33689690938354	4624.010412782873	1.5665627282740835	1488.2345918603794
chr15	71890001	71930000	chr15	71890001	73330000	0.16308793456032722	0.24249412667684972	7.4660616698736675	4300.4515218472325	1.9045854698333946	4388.164922496141
chr15	72140001	72180000	chr15	72140001	73940000	0.9013292433537832	-4.46383894421672	8.024694576079192	5777.780094777018	1.6251732084932498	4680.498840460559
chr15	72470001	72540000	chr15	71460001	72540000	0.5	-0.631722614761687	12.93973625867445	9782.440611557884	1.77196240646078	9377.225054990447
chr15	72800001	72860000	chr15	72050001	72860000	0.6615541922290389	-1.882933490147614	16.456129208944002	7997.678795546784	2.01872584481361	5886.604563476487
chr15	72990001	73050000	chr15	71680001	73050000	0.06850715746421268	3.2337252481247942	12.316555597010515	10124.208700742643	3.2983471939880493	16267.448360749058
chr15	73260001	73330000	chr15	73260001	73710000	0.418200408997955	0.07674068046041486	25.80986265312259	8130.106735733616	1.8268382956312677	4028.1784418669454
chr15	74310001	74340000	chr15	73430001	74340000	0.8670756646216768	-3.2477481604026748	12.9038729324804	3522.7573105671495	1.5350993341363521	1257.2463546576723
chr15	74510001	74540000	chr15	73160001	74540000	0.6175869120654397	-2.6501027741678094	11.749580060857696	4864.326145195086	2.6928617497228213	3344.5342931557443
chr15	74750001	74790000	chr15	74750001	76070000	0.8231083844580778	-1.319845793013502	9.03853555094235	4772.346770897561	1.3463934421783168	2843.582949880605
chr15	75680001	75720000	chr15	75680001	76170000	0.7576687116564417	-2.3274137281782137	21.165792977248714	4148.495423540748	1.5179460301776706	1190.0696876592938
chr15	76060001	76100000	chr15	76060001	76740000	0.2229038854805726	-0.8650754300482935	18.10343099562117	4924.133230808959	1.3509166527595842	1469.7973182024275
chr15	76610001	76660000	chr15	75880001	76660000	0.6625766871165644	-1.1400601904656202	17.62908202260906	6875.341988817534	1.390340586698429	2711.164144061937
chr15	76710001	76750000	chr15	76710001	77360000	0.3588957055214724	0.05144287799704064	20.098808178678414	5225.690126456388	1.6736642661909333	1740.6108368385708
chr15	77920001	77960000	chr15	76080001	77960000	0.8026584867075666	-1.686781787071457	6.528475483555917	4909.41356363405	1.0754573172428807	3234.9756102665856
chr15	78530001	78570000	chr15	77920001	78570000	0.3496932515337423	-1.4930358779925563	20.341396962682538	5288.763210297459	1.3935066250713535	1449.2468900742076
chr15	78850001	78890000	chr15	76460001	78890000	0.8742331288343558	-2.7029189333430805	5.7913969267341	5629.237812785545	1.1596048929465435	4508.543823776161
chr15	79200001	79240000	chr15	79200001	79960000	0.7627811860940695	-1.3075984501544016	18.415988018703814	5598.460357685959	2.0879165634975942	2538.9065412130744
chr15	79510001	79550000	chr15	79510001	82080000	0.6574642126789366	-2.2135946274519713	5.206802261797538	5352.592725127869	1.3396470908957103	5508.628837763161
chr15	79920001	79960000	chr15	79920001	80990000	0.516359918200409	-0.5374491541238997	13.2447632898138	5668.758688040307	1.5457848043233084	2646.383585001504
chr15	80070001	80110000	chr15	80070001	82280000	0.8445807770961146	-2.544493351883152	6.855067510606752	6059.879679376369	1.3612513769232677	4813.384868800675
chr15	80250001	80290000	chr15	80250001	81870000	0.5976482617586911	-2.1181573420913002	10.712516156546254	6941.710469441972	2.138830367240044	5543.848311886195
chr15	80680001	80720000	chr15	79660001	80720000	0.4074642126789366	-0.13702221018917132	15.273342612141844	6475.897267548142	2.791544844925916	4734.460056994353
chr15	81060001	81110000	chr15	79460001	81110000	0.876278118609407	-2.1659174342465666	7.839130912214344	6467.2830025768335	1.078115775101861	4447.227572295177
chr15	81060001	81110000	chr15	79230001	81110000	0.8773006134969326	-2.334483966740348	6.986865917113742	6567.653962086918	1.1074342637664658	5204.941039702389
chr15	81400001	81470000	chr15	81400001	82290000	0.523517382413088	-0.810147586896693	16.373605689638264	10200.756344644638	1.6137232348179742	7037.447027041186
chr15	82250001	82290000	chr15	82250001	84960000	0.7995910020449898	-1.9114284661609022	4.701193642042384	5096.093907973944	1.0630546646342571	4609.405025854139
chr15	82430001	82470000	chr15	82430001	84790000	0.806237218813906	-2.2413696766511744	5.084329102812186	4799.606673054704	1.2680336289907237	4788.094983068972
chr15	82760001	82820000	chr15	82760001	83640000	0.09611451942740286	-0.22787497235672974	14.626190686267533	7722.628682349257	2.2756536749991576	7209.270842397331
chr15	83750001	83780000	chr15	83750001	84590000	0.43609406952965235	-0.48015944220793233	13.824525290898965	3483.7803733065393	1.5519153155367031	1173.2479785457476
chr15	84040001	84090000	chr15	83540001	84090000	0.05930470347648262	1.2356077067809952	22.51158903580503	6190.686984846383	2.2063115040483487	3033.6783180664797
chr15	84600001	84660000	chr15	83770001	84660000	0.7137014314928425	0.37294849798762436	16.79448421620512	8968.254571453534	2.776030479569137	8894.401656539514
chr15	84640001	84680000	chr15	84640001	86190000	0.6922290388548057	-1.259584051605672	6.974966718708656	4324.479365599367	0.940810655696976	2333.2104261285003
chr15	85230001	85280000	chr15	85230001	88500000	0.9028629856850716	-3.899534640541438	4.358528421103738	7126.193968504613	1.365237700839201	11160.818204360468
chr15	85690001	85730000	chr15	85690001	86230000	0.6293456032719836	-1.798404441054855	20.756205751742208	4483.340442376317	1.5979696609535796	1380.6457870638928
chr15	85800001	85870000	chr15	85270001	85870000	0.38548057259713703	-1.6747780416314515	22.836910428837797	9591.502380111875	1.7307433357683368	5088.38540715891
chr15	86220001	86290000	chr15	86220001	88300000	0.18353783231083842	1.2626811063160814	8.451424983973027	12305.274776664728	3.160588431144444	32212.717290224173
chr15	86510001	86560000	chr15	86510001	88480000	0.8118609406952966	-6.231572787973601	8.407399048783036	8281.28806305129	2.744743285394939	13517.860680570075
chr15	87080001	87130000	chr15	87080001	88650000	0.8844580777096115	-3.4302635241793986	8.99352787000492	7059.919377953863	1.5512914869100978	6088.819086122134
chr15	87170001	87210000	chr15	86040001	87210000	0.6267893660531697	-3.091908723252968	12.428509266053219	5816.542336512906	2.1421545884683417	4010.1133896127353
chr15	87370001	87410000	chr15	85970001	87410000	0.8890593047034765	-5.151675410418102	10.563867079390254	6084.787437728786	2.280258350339263	5253.715239181662
chr15	87520001	87560000	chr15	86330001	87560000	0.12985685071574643	0.976644215702437	12.527720591507256	6163.63853102157	3.271206947010579	6437.73527171682
chr15	87600001	87670000	chr15	87600001	88460000	0.2280163599182004	0.3690924104255078	15.201555928793358	9151.336669133601	1.904738885778325	8026.569664669862
chr15	88230001	88270000	chr15	87170001	88270000	0.15746421267893662	-0.08133582071756808	11.85744504127558	5217.275818161255	2.040701907622315	3591.6353574152745
chr15	88500001	88550000	chr15	86280001	88550000	0.7280163599182005	-3.927602852635326	7.346602867194943	8338.39425426626	2.183871999404994	12393.473596623342
chr15	88510001	88550000	chr15	86110001	88550000	0.7387525562372188	-5.276173215205308	6.875444044491246	6710.433387423456	2.2619376773487967	8830.604692369703
chr15	88620001	88680000	chr15	86070001	88680000	0.07259713701431493	-1.375497944058979	6.897832102524771	10802.005072553791	2.598895295000255	24419.220191822395
chr15	88810001	88870000	chr15	88810001	89550000	0.2167689161554192	-0.7283291345528504	20.45886609524613	9083.736546289281	1.6248170319056352	4328.512572996612
chr15	89440001	89480000	chr15	89080001	89480000	0.18660531697341515	-0.5368708645993058	32.691654172317634	5230.664667570822	1.736416153254464	1111.3063380828569
chr15	90970001	91040000	chr15	90970001	92300000	0.6462167689161554	-1.783918234768497	9.449613885316012	8797.590527229208	1.3783165014695913	8982.488640077327
chr15	92150001	92220000	chr15	91220001	92220000	0.9202453987730062	-3.6692725958569636	13.492532012622386	9444.77240883567	1.2565878201428422	6157.280318699926
chr15	92390001	92460000	chr15	92390001	94260000	0.7259713701431493	-2.4978388717937228	6.85068335660722	8967.544513798852	2.1939720771551343	20103.366142972496
chr15	93190001	93230000	chr15	92430001	93230000	0.1743353783231084	1.154241141627266	13.829988034416397	4425.596171013247	2.712902679802265	3472.515430146899
chr15	93580001	93620000	chr15	93580001	94030000	0.7280163599182005	-0.556865504209855	17.263327769923425	3107.3989985862163	1.0774046045299157	775.7313152615393
chr15	94530001	94590000	chr15	94530001	96470000	0.6830265848670756	-1.9134490991335784	5.65133236452128	6578.15087230277	1.3161298943088156	9191.851181852768
chr15	95470001	95520000	chr15	95030001	95520000	0.9560327198364008	-4.70556360029819	24.68174922950959	6047.02856122985	1.5466857565194192	1894.6900517362885
chr15	99250001	99320000	chr15	98680001	99320000	0.5475460122699387	-0.7044035074899041	19.683684842218845	8818.290809314043	1.4352063443097083	4500.807095755245
chr15	99450001	99510000	chr15	99450001	101270000	0.8737218813905931	-2.7429199138153786	8.463400156788513	9242.032971213055	1.3619827460535319	8923.710952142741
chr15	99450001	99510000	chr15	99450001	100300000	0.8609406952965235	-2.385953942903028	16.76940013541702	8552.39406906268	1.5772366437990406	4826.344130025064
chr15	99460001	99510000	chr15	98630001	99510000	0.7857873210633947	-1.607169394797917	14.007078893331927	6163.114713066048	1.1238727800390163	2472.5201160858355
chr15	99560001	99600000	chr15	99560001	99980000	0.12321063394683027	-2.975831761989506	30.571218984551592	5135.9647894046675	2.2011451490566736	1479.1695401660847
chr15	100960001	101010000	chr15	99950001	101010000	0.8512269938650306	-2.5976565091037864	15.18668143014564	8048.9411579771895	1.6086128875386694	4262.824151977474
chr15	101300001	101360000	chr15	101300001	102130000	0.02965235173824131	3.435065024914994	18.089822396408238	9008.731553411302	2.736447343134521	8176.504661285948
chr15	101510001	101560000	chr15	101510001	102040000	0.09611451942740286	1.0552400351601279	24.353886156121423	6453.779831372177	2.721223284094364	3605.6208514250325
chr15	102040001	102080000	chr15	100470001	102080000	0.7433537832310838	-2.6404469430245685	9.349268965742874	6020.929213938411	1.9742697082640497	5085.718768488192
chr15	102620001	102680000	chr15	102180001	102680000	0.1303680981595092	0.6705872492746565	29.825864964200075	8947.759489260023	1.701437157136865	3062.5868828463567
chr15	102960001	103030000	chr15	102960001	103350000	0.032719836400818	1.6768555858576162	32.035907806237944	8745.80283110296	1.9890365533423624	3801.0488534372544
chr15	103490001	103540000	chr15	102040001	103540000	0.4867075664621677	-0.3232408061040018	7.402881716512873	5552.161287384654	0.6885550629566397	2582.081486087399
chr15	103870001	103910000	chr15	103340001	103910000	0.4120654396728016	-0.4686413769652295	14.383437597025381	3049.2887705693806	0.8068065104227424	722.8986333387772
chr16	3710001	3750000	chr16	3710001	4320000	0.4120654396728016	-0.5187392443883786	14.130893435264278	3447.937998204484	0.7732413775390766	754.6835844781388
chr16	4770001	4810000	chr16	3850001	4810000	0.702965235173824	-1.2270325137775127	13.534832021064858	5197.3754960889055	1.2010077218886108	1844.7478608209062
chr16	5420001	5480000	chr16	5420001	7230000	0.6329243353783232	-1.8054717657512345	7.671310798689515	8331.043527376813	1.8805016699306027	12253.348881267808
chr16	5570001	5610000	chr16	5570001	8400000	0.8486707566462167	-6.549789812012102	5.515229737022616	6243.240062309601	2.2040996130595745	9980.163047933753
chr16	6010001	6080000	chr16	6010001	7390000	0.6748466257668713	-1.0463942433207452	11.359401652296112	10973.181996118044	1.603370541749462	10841.991603309862
chr16	6140001	6200000	chr16	6140001	6980000	0.6860940695296524	-1.8173770320911968	16.140334218097166	8134.728445920972	1.3077212438079955	3954.5490412753784
chr16	6150001	6200000	chr16	5210001	6200000	0.820040899795501	-2.2829250335981626	13.194424076335947	6531.2399177862935	1.3542688472726527	3351.8153969998157
chr16	6440001	6490000	chr16	5180001	6490000	0.03169734151329243	1.4819722771160742	13.389713681957135	8770.262461681923	2.9389526495407012	9625.069927245797
chr16	7760001	7800000	chr16	6730001	7800000	0.6267893660531697	-1.814254939920482	11.124925946484867	4761.468305095523	1.7138001816465327	2934.025910978864
chr16	7870001	7910000	chr16	5330001	7910000	0.9279141104294478	-6.823909518508071	5.786404128948059	5971.569061074397	2.1059477046843673	8693.352124937068
chr16	8300001	8360000	chr16	6480001	8360000	0.03783231083844581	5.8245770201816445	8.236163860947734	9290.392835149043	3.129486569028259	21180.36509918326
chr16	8370001	8430000	chr16	8370001	8930000	0.7765848670756645	-0.9519229689063001	19.249640447133498	6467.879190236855	1.543541211570916	3111.7790825269667
chr16	8510001	8570000	chr16	5150001	8570000	0.8169734151329243	-2.694093270155922	3.6340000159910875	7456.968032813711	1.3185802431147295	16234.35995322855
chr16	8510001	8570000	chr16	8510001	10530000	0.8946830265848671	-2.9111748263527355	6.368876867287642	7719.078763152622	1.3039261788224192	9482.151172396632
chr16	8820001	8870000	chr16	5030001	8870000	0.8282208588957055	-1.5953962501729866	3.803421750256467	7302.569760492416	0.9739548737646192	9349.966788140344
chr16	9300001	9340000	chr16	9300001	10200000	0.40899795501022496	-0.7838828821802698	12.32981210089177	4438.7323563210375	1.8489728843753934	2662.5209535005665
chr16	9590001	9630000	chr16	9590001	10550000	0.838957055214724	-2.2755137126083596	13.381975906354988	5138.678748040315	1.6001335196431388	2457.805086171861
chr16	9590001	9630000	chr16	8680001	9630000	0.9028629856850716	-2.5289905110842215	11.211854633036832	4260.504760553997	1.4040424324447613	2134.1444973160374
chr16	10250001	10290000	chr16	10250001	10910000	0.17893660531697342	0.33104420125621326	15.80108416192229	4171.486218747485	1.211068367769864	1278.8881963649762
chr16	10410001	10450000	chr16	10410001	10870000	0.28629856850715746	-0.2663844910532246	21.588974777358363	3972.371359033939	1.0906933523836784	802.7503073543874
chr16	10840001	10880000	chr16	10840001	11630000	0.32004089979550104	-0.7191393747471088	13.738531251519126	4341.375875480044	1.4719142258149098	1860.499581430046
chr16	11440001	11480000	chr16	11440001	13440000	0.4386503067484663	-2.9221694643265033	7.233727356666406	5786.981885333124	1.6602157274917175	5312.690327973496
chr16	11690001	11730000	chr16	11690001	13460000	0.6124744376278118	-1.7030700581199956	7.011032276555647	4963.810851801398	1.3672880264396259	3872.1596908770202
chr16	11890001	11940000	chr16	11010001	11940000	0.2822085889570552	-0.6951140420632341	12.708178038949987	5909.302788111744	1.638401441303277	3809.283351030119
chr16	12180001	12220000	chr16	11410001	12220000	0.06441717791411043	2.4536800517641755	13.851060710018334	4487.74367004594	1.9743900803719387	2558.8095441620326
chr16	13110001	13160000	chr16	13110001	14160000	0.09713701431492842	1.4324463188911374	11.69979088122446	6142.390212642842	1.8945955381203528	4973.313287565926
chr16	14120001	14180000	chr16	13330001	14180000	0.6758691206543967	-0.4840210961494422	13.3261681686826	6796.345766028126	1.5543330333078142	4756.259081921911
chr16	15850001	15890000	chr16	15850001	18500000	0.6615541922290389	-1.06337538369943	3.6713410794523957	3891.6215442195394	0.9256120349110238	3924.595028022741
chr16	16290001	16360000	chr16	16290001	17570000	0.518916155419223	-0.6209043675032514	8.591867586643923	7698.313357632955	1.1270203392605644	7068.671567842261
chr16	17170001	17210000	chr16	17170001	18470000	0.6830265848670757	-1.7451479880970695	9.283939473147909	4827.648526036913	1.2487702873010653	2597.442197586216
chr16	17620001	17660000	chr16	17620001	18270000	0.6697341513292433	-1.5752490744616972	19.49987504948758	5069.967512866771	1.5468723921944874	1608.7472878822668
chr16	18590001	18630000	chr16	18010001	18630000	0.05623721881390593	1.609472863236532	18.843760230398896	4673.2525371389265	1.6679327935364094	1654.5893311881182
chr16	21050001	21090000	chr16	20510001	21090000	0.14826175869120656	0.2119029839481015	17.176780148676265	3985.0129944928935	1.3559039640706598	1258.2788786575722
chr16	21150001	21210000	chr16	20080001	21210000	0.36298568507157464	-0.35068536003854683	8.920264580677959	6047.939385699656	1.2766914378258616	5193.580769075605
chr16	21180001	21220000	chr16	21180001	22020000	0.4171779141104295	-0.2532874877400292	12.057346866985975	4051.268547307288	1.184418355799765	1591.858270194884
chr16	21300001	21360000	chr16	20090001	21360000	0.8210633946830266	-2.355263921216116	9.030796518946733	6881.466947437411	1.1453088553317854	5236.352086576922
chr16	21990001	22030000	chr16	20080001	22030000	0.712678936605317	-1.9017359118610135	5.947520564297266	4639.066040151867	1.2470923907889215	3890.928259261435
chr16	22090001	22130000	chr16	22090001	23530000	0.7719836400817996	-1.0798114277635489	6.219139778473427	3582.224512400694	0.9320831950971136	2147.51968150375
chr16	22300001	22350000	chr16	22300001	23850000	0.6186094069529653	-1.4128435167613864	7.84304579607546	6078.360491958481	1.264879200302465	4901.406901172051
chr16	22790001	22850000	chr16	22250001	22850000	0.03885480572597137	2.3110346580174963	21.186999665495286	7627.319879578303	2.512743119807741	5427.52513878472
chr16	23090001	23140000	chr16	22400001	23140000	0.25766871165644173	-0.15892683365252275	12.13798370996067	4491.053972685448	1.0615586749822705	1963.8835487172005
chr16	23500001	23540000	chr16	23500001	26110000	0.8149284253578732	-3.4018005362678525	4.101477510152718	4281.942520599438	1.706993565292576	7128.405128661798
chr16	23870001	23920000	chr16	23190001	23920000	0.2832310838445808	-0.9182353608699326	13.666311682040341	4988.203763944724	1.8503361990047071	3376.8635631835905
chr16	23960001	24010000	chr16	23960001	25010000	0.015337423312883436	11.074981066173864	12.984038614616141	6816.620272673474	3.514541974938322	9225.672684213096
chr16	24130001	24180000	chr16	24130001	24980000	0.7402862985685071	-2.3367792559048506	16.455273282547846	6993.491145082834	2.1846138963728023	4642.304529792205
chr16	24360001	24410000	chr16	24360001	24990000	0.516359918200409	-1.2131063706331655	17.97103019100761	5660.874510167398	1.7196108279092732	2708.3870539571053
chr16	24620001	24690000	chr16	24070001	24690000	0.7484662576687117	-1.6130975200698288	18.362686010338482	7969.405728486901	1.6265919799717146	4941.586435154069
chr16	25030001	25080000	chr16	24000001	25080000	0.039366053169734155	6.370268637925483	13.182360405603278	7118.47461902577	3.09382957239716	8353.339845472332
chr16	25240001	25280000	chr16	23940001	25280000	0.05828220858895705	2.851361581967923	8.168317164482097	4378.218000162404	2.094960424273779	4491.5951496429825
chr16	27370001	27410000	chr16	27370001	29140000	0.8936605316973415	-2.803545206615521	5.326357087107153	3771.0608176718642	1.3715307925777864	3884.1752045802914
chr16	27380001	27420000	chr16	27380001	30390000	0.8752556237218814	-3.501270572696259	3.5739134398572463	4302.9917815881245	1.3850745529803605	6670.519047153416
chr16	27450001	27490000	chr16	27450001	28980000	0.3609406952965235	-1.0613356522941435	7.803396322461469	4775.6785493464195	2.494044178449891	6105.420148845333
chr16	28210001	28250000	chr16	28210001	29010000	0.6569529652351738	-1.3721896925851338	14.067715467114535	4501.6689494766515	1.2089290189097877	1547.4291442045283
chr16	28460001	28500000	chr16	27410001	28500000	0.07668711656441718	0.06503422717718707	13.10318860087073	5712.990229979639	2.8889146932900527	5038.267225097852
chr16	28570001	28610000	chr16	28570001	30390000	0.5715746421267893	-1.5774986448437587	7.581959012364757	5519.666161001543	1.6750259333589568	4877.675517941282
chr16	28730001	28770000	chr16	28200001	28770000	0.7310838445807771	-2.80790200055469	19.293559631342276	4398.931595946039	1.3375018779122965	1219.8017126560144
chr16	28810001	28850000	chr16	28810001	29540000	0.03987730061349693	4.030772252233982	15.123691861266463	4416.1180234898075	2.4584096674781204	2871.422491614445
chr16	28980001	29030000	chr16	28220001	29030000	0.5255623721881391	-0.7783861085106695	12.543785176632257	5080.232996536064	0.9656358385767307	1955.4125731178797
chr16	29180001	29220000	chr16	28200001	29220000	0.24795501022494887	-0.8686636562033722	10.778338822630642	4397.562239633302	1.3649693612963427	2227.6299976356313
chr16	29540001	29580000	chr16	28660001	29580000	0.08282208588957055	5.6850386891317894	14.062863853859477	5175.133898220288	3.1658674339797006	4660.156862818119
chr16	30370001	30400000	chr16	30370001	31960000	0.6421267893660532	-1.7057512319552324	8.033841616444128	3832.142451043849	1.5256408284762466	2183.192025549509
chr16	30500001	30540000	chr16	28210001	30540000	0.7065439672801636	-1.2501131653217465	5.296230489413956	4936.086816133807	1.0797650847922744	4025.364236105599
chr16	30580001	30630000	chr16	30580001	31790000	0.38139059304703476	-1.676110085670366	12.962032428687575	7842.0296193559825	2.716177130669028	8216.43582027381
chr16	30960001	30990000	chr16	30960001	31770000	0.6707566462167689	-1.4225150030888074	12.608608384443059	3063.8918374196633	0.9649248185703068	703.4301927377536
chr16	31030001	31080000	chr16	30330001	31080000	0.20449897750511248	-3.086209055442775	19.808896966190286	7428.336362321357	2.3661432909075883	4436.518670451728
chr16	32000001	32040000	chr16	32000001	33280000	0.8164621676891616	-3.121556387829559	10.26816010406139	5257.297973279432	1.900801651046786	3892.8417813438177
chr16	32600001	32670000	chr16	31430001	32670000	0.48568507157464214	-1.1623143722342217	10.14917753758481	8809.486102623616	1.2590006238477207	7649.6877904987505
chr16	33730001	33800000	chr16	33120001	33800000	0.532719836400818	0.6433043668261389	18.700438945101414	8901.408937868273	2.4931493760240757	8307.17372091222
chr16	33930001	33980000	chr16	33170001	33980000	0.28732106339468305	-0.03991713067551606	15.249094388655143	6175.883227405333	1.6269448260695891	3294.563272790918
chr16	34080001	34120000	chr16	33110001	34120000	0.2392638036809816	0.026609945534440925	11.569233126950856	4673.970183288146	1.4185356769751876	2292.3536539919032
chr16	34160001	34200000	chr16	34160001	34720000	0.23210633946830267	0.34139871006639616	18.16091245699433	4068.044390366729	1.9988150432314213	1790.9382787353536
chr16	35510001	35550000	chr16	35510001	35990000	0.1492842535787321	-0.19114868497823317	20.984726637087974	4029.067514320891	1.5408702208574543	1183.388329618525
chr16	35600001	35640000	chr16	35020001	35640000	0.2903885480572597	-1.7209930725507323	19.636833348531432	4869.934670435795	1.6298653588660965	1616.8264359951677
chr16	35790001	35840000	chr16	35020001	35840000	0.21370143149284254	0.37431502851187126	13.465335610978537	5520.7876005012	1.7783764548629328	3645.671732469012
chr16	37070001	37110000	chr16	37070001	38560000	0.9294478527607362	-4.714066803840607	8.156010562700063	4860.982295369237	2.239714113537561	5339.4784466735455
chr16	37680001	37750000	chr16	37680001	38520000	0.32975460122699385	0.11689560036849085	12.657132218340182	7442.393744384027	1.354855759579169	5576.58630642786
chr16	38440001	38510000	chr16	37680001	38510000	0.39161554192229037	-0.13371671686449593	14.377863814815674	8353.538876407907	1.519250162025106	6178.790408956106
chr16	39100001	39140000	chr16	39100001	42210000	0.5460122699386503	-2.170487971575725	4.160487820871678	5175.646849164367	2.527254367547081	12575.617732914274
chr16	39980001	40010000	chr16	39980001	42010000	0.4161554192229039	-5.530346609588971	7.527182715584816	4584.054273791153	2.4597810599692664	4494.019996563849
chr16	40190001	40240000	chr16	40190001	42470000	0.834355828220859	-2.656339106615721	5.32223388155852	6067.3466249767125	1.437671205003166	8194.725868518046
chr16	40930001	40990000	chr16	39920001	40990000	0.1411042944785276	0.0943096425281946	11.289448916172791	7247.826204182932	2.351308854427051	9057.241707253
chr16	41090001	41160000	chr16	39050001	41160000	0.7770961145194274	-5.191587649620549	6.494086731940217	9591.7661030757	2.6580198608745538	27481.26734158201
chr16	41210001	41260000	chr16	39470001	41260000	0.7321063394683026	-3.5707057735762895	6.00035632215609	5370.318908329701	2.0799258812818087	9307.668318736094
chr16	41230001	41300000	chr16	41230001	42170000	0.061860940695296525	1.7861087173552526	11.04805104932208	7269.617590453929	1.820738132095757	8386.319836433056
chr16	41390001	41430000	chr16	41390001	42180000	0.48261758691206547	-0.916705292359381	12.600463326381739	3981.7464111366294	1.5051566842450073	1902.518048885689
chr16	41390001	41430000	chr16	41390001	42160000	0.48261758691206547	-0.869434362755528	12.835257420430755	3953.2592854926725	1.4914726886940792	1837.4943524711057
chr16	41500001	41540000	chr16	41500001	42150000	0.03885480572597137	4.504774897531059	19.205222204721302	4993.357773227539	2.713319295529936	2821.8520673511334
chr16	41790001	41840000	chr16	40250001	41840000	0.4897750511247444	-1.244913537151309	8.513890545346772	6768.542983550684	1.2486468222254887	4963.371118346317
chr16	42160001	42200000	chr16	42160001	43680000	0.2167689161554192	0.5250959868252578	9.291928254740734	5649.492378882366	3.4485316803157455	8386.829046527893
chr16	42760001	42800000	chr16	41380001	42800000	0.24846625766871167	-0.05573413388158819	9.916685437415262	5632.6773284518695	2.2467661873117675	5104.652777572335
chr16	42770001	42810000	chr16	41410001	42810000	0.3277096114519428	-0.5346505549991847	9.656736676073834	5407.772538601347	2.231156276328877	4997.790058976685
chr16	42870001	42930000	chr16	42870001	43590000	0.9151329243353783	-3.530629915284178	15.529696736925391	6708.828990351769	2.0229606743840662	5243.5140680035
chr16	42870001	42920000	chr16	41540001	42920000	0.5572597137014315	-0.9892336842669912	8.26440626864978	5702.440325368349	1.657651008836518	5718.895980485987
chr16	43040001	43080000	chr16	43040001	43500000	0.6457055214723926	-2.12558029587434	22.114576902952756	4069.082150143307	1.5554302248965513	1144.7966455238618
chr16	43160001	43200000	chr16	41640001	43200000	0.5725971370143149	-1.4480717660409184	7.981680193518787	4980.568440755723	1.6071299668832841	4011.396397340677
chr16	43490001	43520000	chr16	41540001	43520000	0.6993865030674846	-3.3271475733094786	6.775707789367438	4024.770426884258	1.99750119865282	3559.5471359993253
chr16	43790001	43830000	chr16	41620001	43830000	0.4447852760736196	-1.8118532188231198	5.53403753774617	4892.089183367614	1.6266708466256385	5751.908113668258
chr16	45140001	45170000	chr16	44100001	45170000	0.647239263803681	-1.9208090325367964	8.727973342283548	2801.679442873019	1.485789562007025	1430.815348212765
chr16	45370001	45420000	chr16	44030001	45420000	0.3670756646216769	-0.3719072599577999	7.396017862809262	5140.232414652437	1.0226098141890332	3553.56910430689
chr16	45690001	45730000	chr16	43330001	45730000	0.876278118609407	-2.2164661572565416	4.399138175904292	4223.17264886812	1.093596814645706	4199.411768239511
chr16	45950001	46010000	chr16	43010001	46010000	0.7484662576687117	-1.3177225754446242	3.755427546437095	6759.769583586772	0.9469238788518175	10226.77789159963
chr16	46460001	46500000	chr16	46460001	48690000	0.4887525562372188	-0.7164959457276229	5.983973792683385	5337.70462307358	3.6729358373934655	13105.035067819885
chr16	46690001	46730000	chr16	46690001	48980000	0.901840490797546	-7.108379865996117	5.55547220553816	5088.812540272955	2.3724049972489456	8692.491909920136
chr16	47320001	47350000	chr16	47320001	48800000	0.8793456032719836	-3.709286349597113	7.14557225896497	3172.6340829804467	1.7878396192150596	2381.4023727944596
chr16	48560001	48600000	chr16	46550001	48600000	0.591002044989775	-8.809596664250497	7.064824176528156	5793.155824753088	3.291837479421548	10797.226932502677
chr16	48890001	48930000	chr16	45630001	48930000	0.83640081799591	-8.311322236236437	3.320765416665884	4383.410349998967	2.5298203687105296	13357.451546791595
chr16	49270001	49310000	chr16	49270001	50330000	0.26891615541922287	-0.6066255024849503	10.196035161895448	4323.11890864367	1.7489007732277164	2966.135711394207
chr16	49480001	49520000	chr16	49480001	50440000	0.06492842535787322	1.6958207999489725	12.407751107425113	4764.576425251244	2.4657933188221137	3787.458537710767
chr16	49840001	49890000	chr16	49840001	50440000	0.5618609406952966	-1.5044731963266607	17.666379840579815	5299.913952173944	1.3285298294920942	1992.7947442381412
chr16	50690001	50760000	chr16	49190001	50760000	0.07770961145194274	1.8774676209277963	7.8268232327496525	8601.678732791868	1.9826043257477308	15252.175077977294
chr16	51280001	51320000	chr16	51280001	53340000	0.8205521472392638	-5.798907900669188	6.316264855115619	5204.60224061527	3.012628097310755	9929.622208736248
chr16	51860001	51920000	chr16	51310001	51920000	0.9038854805725971	-2.6306413432830125	16.391221937605295	5999.187229163537	1.5483625555626217	3400.204172015517
chr16	52430001	52470000	chr16	51290001	52470000	0.3215746421267894	-0.4104507403385754	7.433074281300945	3508.411060774046	1.3068167210809547	2467.2699694008425
chr16	56670001	56720000	chr16	55810001	56720000	0.3721881390593047	0.12479644309097411	9.915536993700828	4511.569332133877	1.546439455499815	3518.149761262079
chr16	63850001	63900000	chr16	63850001	64880000	0.7556237218813906	-1.4143454788339505	10.497652919591264	5406.291253589501	2.39864627117523	6176.514148276217
chr16	64710001	64750000	chr16	62940001	64750000	0.1492842535787321	1.7140284458988049	7.890283117031417	5712.564976730746	4.025460625916109	11657.733972653052
chr16	66640001	66700000	chr16	66640001	68920000	0.8634969325153374	-5.958905196793372	5.833680512758396	7980.474941453485	1.9170389890711808	15735.056022296252
chr16	67210001	67250000	chr16	67210001	67880000	0.147239263803681	-0.5878679879509322	16.27661527403165	4362.132893440482	2.1048952976357853	2256.447759065562
chr16	67590001	67630000	chr16	66670001	67630000	0.09713701431492842	1.238105466693501	14.125331146226081	5424.127160150815	2.445480207378223	3756.2575985329504
chr16	67840001	67880000	chr16	66780001	67880000	0.24846625766871167	-0.41771806055375776	9.722930221119041	4278.089297292378	1.8583250183286424	3270.6520322584106
chr16	68270001	68310000	chr16	66120001	68310000	0.8558282208588958	-5.497448216932117	5.25741849980571	4605.498605829802	1.9962024163451133	6994.693266873277
chr16	68370001	68410000	chr16	66120001	68410000	0.778118609406953	-4.607067565687819	5.162183498571189	4728.560084691209	2.209847594785699	8096.8815872948
chr16	68890001	68930000	chr16	66060001	68930000	0.8384458077709611	-5.8716201647344946	3.9907548870163523	4581.386610294772	2.067753806882569	9495.125481204757
chr16	72630001	72690000	chr16	72630001	73100000	0.4376278118609407	-1.0558813831224954	20.315491812569977	5728.968691144733	1.62515835042398	2749.767928917374
chr16	73090001	73120000	chr16	72770001	73120000	0.4918200408997955	-0.37687202314326373	17.88528930437775	1877.9553769596637	0.7732189412795444	243.56396650305646
chr16	74390001	74440000	chr16	72660001	74440000	0.3118609406952965	0.7821211470359316	7.364532652666705	6554.434060873367	3.077958623033426	13696.915872498745
chr16	75750001	75790000	chr16	75750001	78390000	0.8041922290388548	-4.30547456364546	4.871705049361138	5144.520532125362	2.290521457474246	9675.162636371215
chr16	76160001	76210000	chr16	76160001	76910000	0.23210633946830267	-2.5522545320154157	15.002414383660371	5625.905393872639	2.2214695317524273	4165.255372035801
chr16	78120001	78160000	chr16	77230001	78160000	0.1901840490797546	0.48115451455045993	11.797484389302607	4388.66419282057	2.1723429896759403	3232.4463686377994
chr16	78290001	78330000	chr16	77010001	78330000	0.7510224948875256	-1.8268071764061584	7.933810158487039	4189.051763681156	1.4961050517405154	3159.7738692759685
chr16	79140001	79190000	chr16	79140001	81350000	0.7075664621676891	-3.5951332301910064	6.689319015533773	7391.697512164819	4.305513631868027	23787.962816070845
chr16	79690001	79730000	chr16	79170001	79730000	0.4233128834355828	-1.1609004453923648	19.542171019741836	4377.446308422172	2.0284443836542283	1817.4861677541885
chr16	81180001	81220000	chr16	81180001	84860000	0.6252556237218814	-7.775411795978839	3.9386792368046017	5797.735836576374	3.277134283373171	19295.76666050123
chr16	81320001	81360000	chr16	81320001	84570000	0.7280163599182005	-8.644974734259362	4.372537079715983	5684.298203630778	2.8618182411290083	14881.454853870842
chr16	84100001	84150000	chr16	81230001	84150000	0.6779141104294479	-5.196363100551595	4.737274307713803	6916.420489262153	3.359928735529248	24527.479769363512
chr16	84700001	84740000	chr16	84700001	85210000	0.12474437627811862	0.08169890020507396	15.210951899315967	3103.0341874604574	0.9299822229595333	758.8654939349791
chr16	84820001	84870000	chr16	84820001	85180000	0.1083844580777096	0.22298549069877865	20.662376574856726	3719.227783474211	0.9447352870224813	850.2617583202332
chr16	84950001	85000000	chr16	84950001	85480000	0.9478527607361963	-5.364445403940827	23.588157939685964	6250.86185401678	2.0610185292766756	2730.849551291595
chr16	85650001	85690000	chr16	84730001	85690000	0.09815950920245399	2.348318158455747	11.951254545537894	4589.281745486552	2.7628389137637117	4243.720571541061
chr16	85800001	85830000	chr16	85800001	87860000	0.46421267893660534	-4.929669280114698	7.772453907109533	4803.376514593691	3.987224875604446	7392.314919370643
chr16	87240001	87280000	chr16	85020001	87280000	0.7137014314928425	-2.84769098716482	5.81675484671444	5258.346381429854	2.80710667257839	10150.497728043458
chr16	90160001	90200000	chr16	89480001	90200000	0.6359918200408998	-1.703877405800318	19.087888933081572	5497.312012727492	2.870621954364623	3306.956491428046
chr16	90360001	90400000	chr16	90360001	90940000	0.3118609406952965	-0.748055636135095	23.173118873428237	5376.163578635351	2.835664221381903	2631.496397442406
chr16	90690001	90730000	chr16	90170001	90730000	0.1467280163599182	0.19026056012748055	24.15419965808864	5410.540723411856	2.906534246016466	2604.2546844307535
chr16	91340001	91380000	chr16	91340001	92170000	0.29243353783231085	-0.06010262182049169	12.029844595424406	3993.9084056809024	1.0314658947388404	1369.78670821318
chr16	92270001	92320000	chr16	91590001	92320000	0.03169734151329243	2.0410246580895484	18.491084075250363	6749.245687466382	2.4883907327068484	4541.313087189998
chr16	92440001	92480000	chr16	91470001	92480000	0.16257668711656442	0.1112312076139133	13.123399029625842	5301.85320796884	1.4410014181845667	2328.6582917862597
chr16	92520001	92570000	chr16	92520001	93510000	0.5184049079754601	0.14449324550383583	13.411724001902163	6638.803380941571	3.1621851378583448	7826.408216199404
chr16	92530001	92570000	chr16	92530001	93490000	0.26175869120654394	0.5856755001258085	13.748122464896625	5279.279026520304	3.231369319037366	4963.383274041394
chr16	92660001	92710000	chr16	92660001	93530000	0.8047034764826176	-1.8366262331112684	15.63203815427988	6799.936597111748	3.189966475355312	6938.177083897804
chr16	92830001	92880000	chr16	92830001	93450000	0.75920245398773	-2.969538007775401	19.576294578159068	6068.651319229311	1.9241014158417267	2982.3571945546764
chr16	94290001	94330000	chr16	94290001	94990000	0.6774028629856851	-1.7066429325828496	18.6834259432284	5231.359264103952	1.3722929284715162	1536.9680798880981
chr16	94310001	94350000	chr16	93700001	94350000	0.5572597137014315	-1.9388911286584023	18.271543541410697	4750.601320766781	1.3352967577300219	1388.7086280392227
chr16	94970001	95010000	chr16	94970001	96330000	0.9683026584867076	-3.729659846755959	7.86059507001449	4276.163718087882	1.1754545192418564	2557.7890338702796
chr16	94980001	95010000	chr16	93830001	95010000	0.7039877300613497	-1.1376873779326842	12.753518123362642	4514.745415670375	1.5013781681773986	1594.4636146043972
chr16	95310001	95360000	chr16	94310001	95360000	0.1165644171779141	0.7787048490926939	12.501274768480624	6563.169253452327	1.7150438804176582	4501.990186096353
chr16	95940001	95980000	chr16	94320001	95980000	0.2223926380368098	-3.401125963431319	10.644425391489962	7067.898459949335	2.9294583649719543	7780.64141736551
chr16	96320001	96370000	chr16	95960001	96370000	0.041922290388548056	2.2260038669446685	28.632824341096484	5869.728989924779	1.9642706122384987	2013.3773775444613
chr16	96790001	96850000	chr16	96340001	96850000	0.2443762781186094	0.1549318734869644	21.069749388366166	6447.343312840047	1.4710880139076123	2700.9175935343765
chr16	97400001	97450000	chr16	95050001	97450000	0.7346625766871167	-1.78180390480809	5.177337581380791	6212.805097656949	1.1156016823555106	6693.610094133064
chr16	97410001	97450000	chr16	97410001	97970000	0.8041922290388548	-1.5309485540447925	18.848865618206087	4222.145898478164	1.4370957264991635	1287.6377709432504
chr17	3080001	3130000	chr17	3080001	6020000	0.7719836400817996	-1.426276439738992	4.145531540155275	6093.931364028254	0.8215722220738987	6038.555832243155
chr17	4760001	4800000	chr17	4760001	5380000	0.03118609406952965	3.6905999401435183	18.838679433352148	4671.992499471333	2.0170317562087763	2000.895502159106
chr17	5320001	5390000	chr17	3660001	5390000	0.2791411042944785	-1.0454734628803335	8.652288155952055	10477.920956857939	1.722958681114331	14605.520739806183
chr17	5820001	5870000	chr17	4860001	5870000	0.8629856850715747	-3.15243168240427	12.751663597713524	6439.590116845329	1.3185874695502757	3329.433360614446
chr17	6430001	6480000	chr17	3070001	6480000	0.8047034764826176	-3.102261986671746	3.9691160576367173	6747.49729798242	1.0151092083655522	8628.428271107194
chr17	6800001	6840000	chr17	5030001	6840000	0.6411042944785276	-1.9406009712837087	7.169664357392305	5162.158337322459	1.1757244362240191	3404.8979673047593
chr17	8600001	8670000	chr17	8600001	10930000	0.5194274028629857	-0.3899455058841319	6.7839972898456296	11064.699579738222	1.1451988540986344	13074.735317244109
chr17	8920001	8960000	chr17	8280001	8960000	0.1416155419222904	0.6486335583802947	21.7512302791976	5916.334635941747	2.678317447581865	2914.0093829690695
chr17	9020001	9060000	chr17	9020001	12390000	0.7331288343558282	-11.615045647415647	5.160858822819089	6956.8376931601315	4.738912295892837	25552.215099454177
chr17	9160001	9200000	chr17	9160001	11420000	0.2847648261758691	-2.5470225008673997	6.53133503908116	5904.326875329369	3.426051461314114	12388.602084111837
chr17	9380001	9440000	chr17	9380001	12400000	0.8517382413087935	-5.855314061873353	4.690510685346158	8499.205361847238	2.097256245879319	22801.369905199957
chr17	9740001	9800000	chr17	9740001	12340000	0.30828220858895705	-0.4469020656960441	5.711417865804924	8909.811870655682	3.0897209931196477	28919.788495599903
chr17	10310001	10360000	chr17	10310001	12330000	0.6257668711656441	-2.9819036319094274	6.787813648283301	6855.691784766133	2.574126688227397	12999.339775548355
chr17	11000001	11070000	chr17	10340001	11070000	0.6462167689161554	-1.0044104373176463	15.387258813649602	7862.889253774947	1.5419740501619608	5515.641177429334
chr17	11590001	11630000	chr17	10510001	11630000	0.147239263803681	1.2475585669713831	10.956078450740474	4908.323145931732	2.6052881128326084	4668.676298196035
chr17	11880001	11920000	chr17	10240001	11920000	0.9519427402862985	-9.945527445730768	8.395334052423076	5641.664483228307	2.3634694575602646	6353.005901921992
chr17	12390001	12430000	chr17	12390001	12990000	0.07668711656441718	0.858234256508784	16.408923323961613	3938.141597750787	1.6937963198963506	1626.0444671004966
chr17	12770001	12830000	chr17	12020001	12830000	0.3660531697341513	-0.7361667656376635	16.38531146112583	7963.261370107154	1.4603702706466999	4258.439709205777
chr17	12960001	13000000	chr17	12110001	13000000	0.6717791411042945	-1.2821732244799238	13.070780112293898	4653.197719976628	1.1298144692960865	1608.8558042776272
chr17	13190001	13240000	chr17	13190001	16980000	0.5398773006134969	-3.310287206921269	1.9401672440226734	3579.6085652218326	1.0994111058427263	10334.464394921626
chr17	13450001	13490000	chr17	13450001	13920000	0.13701431492842536	1.8070839289233551	27.35595899704466	4486.377275515324	2.7435022931750135	2063.11372446761
chr17	15060001	15110000	chr17	15060001	15780000	0.6349693251533743	-8.92360276530547	19.483890514437004	7014.200585197322	2.5050528079305323	4509.095054274958
chr17	15790001	15830000	chr17	15790001	17460000	0.7361963190184049	-4.052053268672994	6.811941025328903	4550.3766049197075	2.182577275723577	5831.846480733398
chr17	16930001	16970000	chr17	16930001	17920000	0.5204498977505112	-1.0541428258323988	9.90380523027825	3921.906871190187	1.3591734758969378	2152.9307858207494
chr17	17360001	17400000	chr17	17360001	17920000	0.09764826175869121	-0.9667175989462629	19.427891217045275	4351.847632618142	2.1946650660986697	1966.419899224408
chr17	23170001	23220000	chr17	21350001	23220000	0.2903885480572597	-0.339703161568933	5.529032249740107	5169.645153507	1.6309548083099072	7624.713728848817
chr17	23540001	23600000	chr17	23540001	24550000	0.5306748466257669	-0.2045456510692548	10.450977643389413	6333.292451893984	0.677666523194856	2463.9954783364965
chr17	25260001	25300000	chr17	24830001	25300000	0.24846625766871167	0.14409495374042836	26.34160300979991	4952.221365842383	1.9571728404292104	1471.7939760027662
chr17	25440001	25480000	chr17	24920001	25480000	0.45194274028629855	-1.4395542509553225	21.12308748748472	4731.571597196577	1.3516987908616702	1211.1221166120565
chr17	26010001	26050000	chr17	26010001	28060000	0.7505112474437627	-1.969979369155904	7.5441085493035756	6186.169010428932	1.1007509982812325	3610.4632743624425
chr17	26220001	26270000	chr17	25720001	26270000	0.19120654396728015	-0.062423184364300506	21.54971287823508	5926.171041514647	1.3860113552209254	1905.7656134287724
chr17	26250001	26290000	chr17	26250001	26870000	0.8047034764826175	-2.048379260790528	19.47752382894012	4830.42590957715	1.6538234463638561	1640.5928587929452
chr17	27390001	27430000	chr17	26750001	27430000	0.6303680981595092	-2.486285074016854	24.752355669083073	6732.640741990595	2.142406440740019	2330.9382075251406
chr17	27510001	27570000	chr17	27510001	28160000	0.23517382413087934	-0.38632213593016246	22.230880636496746	8670.043448233731	1.6047254871482268	3755.0576399268507
chr17	27610001	27650000	chr17	26510001	27650000	0.6477505112474438	-1.3795763596817443	13.836063049347503	6309.244750502461	1.260515262853692	2299.1798394451343
chr17	28150001	28190000	chr17	26120001	28190000	0.4498977505112474	-1.790942487310585	7.73437829773643	6404.065230525764	1.4644156044359593	4850.144481891897
chr17	28300001	28340000	chr17	27800001	28340000	0.3732106339468303	-0.5409842295012814	24.067015387912196	5198.4753237890345	1.4953851859644354	1292.012800673272
chr17	28680001	28710000	chr17	27010001	28710000	0.7903885480572597	-1.6945336918823057	6.386750934543549	3257.2429766172104	0.9017413561093831	1379.6642748473562
chr17	29240001	29280000	chr17	29240001	31690000	0.8415132924335378	-3.1892409251350156	5.967468865255935	5848.119487950816	1.2492566555255666	4897.086089660222
chr17	29240001	29280000	chr17	28710001	29280000	0.778118609406953	-2.0985412858060406	19.341825703774564	4409.9362604606	1.5147799633237713	1381.4793265512794
chr17	29490001	29560000	chr17	27820001	29560000	0.46932515337423314	-0.9681442727910864	9.14659156327602	11140.548524070193	1.5297469444999239	13042.62244880635
chr17	29850001	29890000	chr17	27840001	29890000	0.6850715746421268	-1.0707801851012242	7.9903205135734865	6552.062821130259	1.138634659184333	3734.721682124612
chr17	29860001	29900000	chr17	29860001	31010000	0.9713701431492843	-5.982479337030939	10.618708495158073	4884.605907772713	1.7863113265380763	3286.8128408300604
chr17	30440001	30480000	chr17	29570001	30480000	0.12678936605316973	0.04549937852041821	17.62805552159351	6416.612209860038	3.1741951012747855	4621.628067456088
chr17	30990001	31030000	chr17	30990001	31800000	0.4161554192229039	-0.14709377369750215	17.64331712223895	5716.43474760542	1.9616839152237835	2542.3423541300235
chr17	31090001	31140000	chr17	31090001	31580000	0.37321063394683024	-1.811900321447135	24.12516549969959	5910.6655474264	1.4417868044736752	1766.1888354802522
chr17	31220001	31260000	chr17	31220001	31980000	0.6835378323108384	-1.32964984373786	15.37482592958635	4673.947082594251	1.622276393157308	1972.6880940792867
chr17	31680001	31720000	chr17	31680001	32790000	0.30879345603271985	-0.26634381025787085	13.672412395712367	6070.551103696291	1.7457532555307202	3100.4577818225594
chr17	32010001	32060000	chr17	30900001	32060000	0.5603271983640081	-2.2301921139966714	11.000572103715337	6380.3318201548955	1.7359186527954569	5034.164093106825
chr17	32460001	32520000	chr17	31520001	32520000	0.5214723926380368	-0.26628920554239827	11.219417616872983	6731.650570123789	1.1345863729177734	4084.510942503984
chr17	32480001	32550000	chr17	32480001	34410000	0.8742331288343558	-3.0927883465558375	6.206930028317915	8385.562468257503	1.6149399014245238	15272.486647771722
chr17	33080001	33120000	chr17	33080001	34120000	0.19427402862985685	-0.8252446063870993	10.991947068840211	4572.649980637528	1.6524050880085328	2749.6020664461985
chr17	33080001	33130000	chr17	33080001	34050000	0.19631901840490798	-0.8824252920607474	11.974422372984204	5807.594850897339	1.6574835137080437	4019.3975207420062
chr17	33330001	33360000	chr17	32310001	33360000	0.7034764826175869	-2.7516200406648923	10.73265440020417	3380.7861360643137	1.4471358917652641	1367.5434177181746
chr17	33810001	33850000	chr17	32190001	33850000	0.899795501022495	-4.766750329231179	7.690629771580532	5106.578168329474	1.935340474592307	5140.264300517168
chr17	34580001	34650000	chr17	34580001	36020000	0.5915132924335378	-1.4728892214938323	9.729258179328545	9738.987437507873	1.4662481051647904	10345.84663004276
chr17	34820001	34860000	chr17	34820001	35990000	0.8558282208588958	-2.1432145621446606	10.042038923118449	4659.50606032696	1.287290004252356	2409.8068879604107
chr17	36400001	36440000	chr17	35920001	36440000	0.1032719836400818	0.6196721015153053	18.478840917810007	3843.5989109044817	1.1880586858738549	988.4648266470472
chr17	36930001	36970000	chr17	33920001	36970000	0.7811860940695297	-2.160580661327407	3.45765572945284	4204.509367014653	1.2776435250457	6234.900402223016
chr17	37180001	37220000	chr17	36750001	37220000	0.07975460122699386	0.5645240419571744	20.425385809309336	3839.972532150155	1.472852838272287	1107.5853343807598
chr17	39820001	39860000	chr17	37100001	39860000	0.8139059304703476	-3.1170608366894297	3.8905588387355174	4295.176957964011	1.4253002907266212	6294.12608384876
chr17	39820001	39860000	chr17	39820001	41640000	0.7919222903885481	-0.8790249637941245	4.8656471351512005	3542.1911143900743	0.6065655950553325	1766.319012801128
chr17	43210001	43270000	chr17	42950001	43270000	0.266359918200409	0.38721297639023616	26.975229732714336	5179.244108681152	1.6207061312708835	1867.0534632240579
chr17	43230001	43290000	chr17	43230001	43860000	0.3486707566462168	-0.15194520608751566	15.068469285898805	5695.881390069749	1.254972801882107	2846.2783146686183
chr17	43670001	43710000	chr17	43670001	44140000	0.12883435582822086	0.2528996897770916	20.494405045268895	3852.948148510552	1.6486109835080947	1239.755459598087
chr17	44230001	44280000	chr17	44230001	45410000	0.4243353783231084	1.7934733595094359	9.918046848146986	5851.647640406722	2.641455491737442	7792.293700625454
chr17	45660001	45730000	chr17	45660001	46980000	0.5419222903885481	-3.768870689012252	11.20797618620721	10356.169996055462	1.962070464868162	12690.671766767271
chr17	47590001	47630000	chr17	45410001	47630000	0.8011247443762781	-2.3808098514750933	5.401980414301344	4796.9586078995935	1.445826736787581	5135.576569069488
chr17	48250001	48290000	chr17	48250001	49920000	0.5419222903885481	-1.2779398553946788	6.124940177932315	4091.460038858786	1.473191786291095	3936.368452969806
chr17	48380001	48420000	chr17	45380001	48420000	0.4176891615541922	-0.5674862394968132	2.874709474398238	3495.6467208682575	0.9282071271100844	4514.79946626345
chr17	48410001	48470000	chr17	48410001	49580000	0.14314928425357873	-0.24825685913707943	10.871088938378591	7631.504434741772	2.096833695542902	8831.863525626704
chr17	48920001	48960000	chr17	48920001	50720000	0.30214723926380366	-0.9731899022122887	7.545134874792756	5432.497109850784	1.7521894947270886	5046.305744814015
chr17	49180001	49220000	chr17	49180001	50810000	0.7167689161554193	-1.5118297617746148	7.265500093614966	4737.106061036958	1.2657527043092835	3301.0830528386114
chr17	49370001	49410000	chr17	48430001	49410000	0.06134969325153374	2.1948764468439435	13.363634664593745	5238.544788520748	2.724071121781363	4271.343518953177
chr17	49870001	49910000	chr17	48380001	49910000	0.13190184049079753	1.7195986210500829	9.658798954159936	5911.184959945881	2.649496236546271	6485.966787065272
chr17	49950001	50010000	chr17	49950001	50710000	0.24846625766871167	-0.3347274089402649	18.951425141199575	8641.849864387006	2.182936382635014	5972.513942889398
chr17	50170001	50210000	chr17	48380001	50210000	0.8496932515337423	-3.670738295991392	7.5368576228477995	5516.979779924589	1.3884035863465254	4065.2457008226265
chr17	50740001	50810000	chr17	50130001	50810000	0.05777096114519427	2.544640591528953	18.92639697584368	9008.964960501591	2.46445216701508	8211.554620494248
chr17	50960001	51000000	chr17	50960001	52430000	0.581799591002045	-1.5412409467087789	7.786784629054796	4578.62936188422	1.7790938243475791	4184.428674865506
chr17	51770001	51820000	chr17	49800001	51820000	0.5204498977505112	-1.5993742033411065	5.599241286754983	5655.233699622532	1.7081379181237895	8626.096486525137
chr17	52400001	52470000	chr17	50250001	52470000	0.40797546012269936	-1.120727963621712	5.133653763881318	7977.6979490715685	1.6998579829876046	18491.055138939162
chr17	55680001	55720000	chr17	55680001	56090000	0.1032719836400818	0.6621778921021898	18.30718807362814	3002.378844075015	0.9666843399813635	634.1449270277744
chr17	55940001	55980000	chr17	55940001	56950000	0.8261758691206544	-1.7599317851118443	12.08926957197862	4884.0649070793625	1.4259954075450239	2304.4085785927587
chr17	56550001	56610000	chr17	55950001	56610000	0.12985685071574643	-0.2882552601979921	23.647614085783804	9364.455177970387	2.364133324731531	5617.180779562117
chr17	56550001	56600000	chr17	55960001	56600000	0.10633946830265849	-0.07939344699163337	24.390883533500443	7805.082730720142	2.4678796325688874	3948.60741211022
chr17	56660001	56700000	chr17	55920001	56700000	0.7213701431492843	-2.11812093472322	14.629906767514262	4564.53091146445	1.5971965952776617	1993.3013509065217
chr17	56780001	56840000	chr17	56780001	57260000	0.1605316973415133	0.0689192686797356	22.566841570114303	6499.250372192919	1.692979604888823	2925.468757247886
chr17	57230001	57270000	chr17	55870001	57270000	0.29447852760736193	-0.041905583125520666	7.292431422260282	4083.761596465758	1.198800698041319	2685.313563612555
chr17	63560001	63600000	chr17	63560001	64380000	0.08537832310838446	0.932334426535482	14.851224424614143	4871.201611273439	2.338972787862923	3068.7322976761548
chr17	63690001	63730000	chr17	63690001	66550000	0.8614519427402862	-4.385102658287615	4.794837891436073	5485.294547802867	1.5603438807781767	7140.133598440936
chr17	63690001	63730000	chr17	63690001	66530000	0.8578732106339468	-4.2473788290840835	4.825075497186363	5481.285764803709	1.5613177053382874	7094.627653057178
chr17	64550001	64620000	chr17	63340001	64620000	0.5270961145194274	-0.8627068144726172	8.188653926106268	7337.033917791216	1.4507802528241778	9099.293745713243
chr17	65020001	65060000	chr17	63490001	65060000	0.7464212678936605	-3.178795017204961	7.696131974748302	4833.170880141934	1.5558820796331376	3908.3757840384415
chr17	65230001	65270000	chr17	64450001	65270000	0.8588957055214723	-3.8099543261127264	13.235177888072064	4341.138347287637	1.8359465852856351	2408.761919894753
chr17	65520001	65580000	chr17	63540001	65580000	0.6180981595092025	-2.7673708689614234	5.395109024569085	6603.613446072561	2.050747174782462	15060.687251602403
chr17	65580001	65620000	chr17	65580001	66490000	0.1738241308793456	0.29732707063610647	13.44931675630821	4895.5512992961885	1.4099186293264565	2052.8415242993206
chr17	65590001	65630000	chr17	65590001	66530000	0.1523517382413088	0.08500172734259144	13.385064003073762	5032.784065155734	1.4820700603704609	2229.033370797173
chr17	65680001	65720000	chr17	65680001	66510000	0.5828220858895705	-0.8924994127321686	13.83165651307697	4592.109962341554	1.0768420052037306	1430.0461829105543
chr17	65930001	65970000	chr17	65930001	66470000	0.8369120654396728	-2.1397346322129938	20.729708481162955	4477.617031931199	1.2179971378703283	1052.3495271199636
chr17	66450001	66520000	chr17	65600001	66520000	0.03016359918200409	2.1023627957681987	16.548776314388657	10657.411946466296	2.3017641635261437	10376.352849175855
chr17	66670001	66720000	chr17	66670001	67670000	0.6528629856850716	-3.45693548730331	13.203544120871328	6601.772060435664	2.79010644737169	6975.266118429226
chr17	68130001	68170000	chr17	67840001	68170000	0.1492842535787321	0.1320143687744486	25.84934797654402	3412.1139329038106	1.7868464466597946	943.4549238363716
chr17	68550001	68580000	chr17	68550001	69290000	0.696319018404908	-1.1494051649185968	12.588472642190778	2794.640926566353	1.0627959428592477	707.822097944259
chr17	68840001	68900000	chr17	68840001	69460000	0.0679959100204499	1.129930860418777	15.945344582895903	5931.6681848372755	1.5807166482644197	3528.1595589261847
chr17	69470001	69510000	chr17	69470001	71270000	0.9146216768916156	-7.79038005625348	7.2912412316328234	5249.693686775633	2.4131685790727935	6949.925507729646
chr17	69470001	69500000	chr17	69470001	70970000	0.8732106339468303	-5.324195928328192	8.0778062812758	3635.0128265741096	2.279027794635549	3076.6875227579912
chr17	69560001	69610000	chr17	69560001	70400000	0.09049079754601227	2.411179729225802	16.722330232541637	7023.378697667487	3.0724793872112954	6452.206713143721
chr17	69970001	70020000	chr17	69970001	70680000	0.14826175869120656	-0.2577309408826722	21.608796802580716	7671.122864916155	2.245144934322274	3985.1322584220366
chr17	70070001	70110000	chr17	70070001	70980000	0.8404907975460123	-2.5700727239089085	14.47035288519989	5267.20845021276	1.4709938431140988	2141.767035574128
chr17	70250001	70290000	chr17	69950001	70290000	0.9059304703476483	-4.071714228753334	31.672842454191795	4307.506573770084	1.8450323388456495	1003.6975923320333
chr17	70510001	70550000	chr17	70510001	70990000	0.32413087934560325	-1.8864989787728765	26.348429333970586	5058.8984321223525	1.6749220212340123	1286.3401123077215
chr17	70960001	71000000	chr17	70380001	71000000	0.02965235173824131	2.4216683175170908	19.838038823442385	4919.833628213712	2.07399814104744	2057.4061559190604
chr17	71170001	71220000	chr17	69040001	71220000	0.48261758691206547	-1.6244250491624637	5.871042944466029	6399.436809467972	1.446760727157409	7884.84596300788
chr17	72010001	72050000	chr17	69060001	72050000	0.5746421267893661	-1.164888405546897	3.7780450417642664	4518.541869950062	0.9404129572583808	4498.9355875240935
chr17	72190001	72250000	chr17	71550001	72250000	0.15286298568507156	-0.7517537495195794	17.76750305764381	7462.351284210401	2.06289315743034	5198.490756724457
chr17	72500001	72540000	chr17	71540001	72540000	0.16768916155419222	-0.039623056283372406	12.394295789390547	4957.7183157562185	2.5196660879092887	4031.465740654862
chr17	72750001	72790000	chr17	71540001	72790000	0.12678936605316973	0.022999967110092334	9.783764885719565	4891.882442859783	2.798739018171562	5597.478036343124
chr17	73280001	73330000	chr17	73280001	73930000	0.39059304703476483	3.228220895398319	16.945356777043195	5507.2409525390385	2.824596775359508	4589.9697599592
chr17	73710001	73770000	chr17	72860001	73770000	0.5051124744376279	-0.8726009361466439	12.522401890976893	6837.231432473383	1.9506329359086036	6390.273498036586
chr17	73800001	73840000	chr17	73800001	74740000	0.7704498977505112	-0.8172006004305696	10.612831083728727	3990.424487482001	0.8183695686209213	1230.8278312058656
chr17	73880001	73930000	chr17	73280001	73930000	0.21881390593047034	-0.9952684668538934	15.731467851575564	5112.727051762058	1.883230009130666	3060.248764837332
chr17	74340001	74410000	chr17	74340001	74730000	0.16257668711656442	0.533082701479888	25.838635352849703	7053.947451327969	1.4970865766868773	2860.9324480486225
chr17	77870001	77910000	chr17	75740001	77910000	0.8844580777096115	-3.7299306127823275	4.759923456985842	4131.613560663711	1.5324191037333252	5320.5591281621055
chr17	78150001	78200000	chr17	78150001	78720000	0.8578732106339468	-1.2167399411324298	14.610177174110087	4163.9004946213745	1.2300482110457258	1752.8187007401593
chr17	78900001	78950000	chr17	78570001	78950000	0.17791411042944785	0.35018910516360874	25.611925467465223	4866.265838818393	1.2617556906462755	1198.6679061139616
chr17	79330001	79370000	chr17	79330001	81100000	0.3987730061349693	-0.30816926419493573	5.4877613011179305	3885.3350011914945	0.942213696635347	2668.349188871303
chr17	79330001	79370000	chr17	78570001	79370000	0.7709611451942741	-0.9139952574760646	11.26873352019243	3605.9947264615776	1.0335975017814207	1323.0048022802184
chr17	79550001	79600000	chr17	78590001	79600000	0.5828220858895705	-0.7404206649782663	12.141394006869403	6131.403973469049	2.3103835803399115	5833.718540358276
chr17	80020001	80070000	chr17	80020001	81060000	0.34355828220858897	-0.10825470845235055	11.813154093169747	6142.840128448268	1.2125493450017228	3152.6282970044795
chr17	80170001	80210000	chr17	79590001	80210000	0.17177914110429449	-0.2732596525248118	20.28813027794181	5031.456308929569	1.9391499534985703	1923.6367538705817
chr17	81170001	81210000	chr17	81170001	83320000	0.4539877300613497	-5.914298431579623	7.120840620214421	6123.922933384402	3.7139264726590215	12775.907065947034
chr17	81760001	81800000	chr17	81220001	81800000	0.1630879345603272	0.5227537704237201	17.973755576424548	4169.911293730495	2.170804161540274	2014.5062619093742
chr17	81760001	81800000	chr17	81250001	81800000	0.17075664621676892	0.4172193308266313	18.284833505435692	4022.663371195852	2.01020398853643	1768.9795099120581
chr17	83260001	83300000	chr17	83260001	83870000	0.08588957055214724	1.6973667910257395	17.74459617622656	4329.68146699928	1.7549531826131528	1712.834306230437
chr17	83850001	83890000	chr17	83850001	84980000	0.8650306748466258	-2.323659074536956	10.379003513809474	4691.309588241882	1.7982382790806812	3251.2148085778717
chr17	84360001	84410000	chr17	83900001	84410000	0.22188139059304704	0.024268174883003753	21.31100923633257	5434.307355264806	1.7482883030738494	2229.067586419158
chr17	84800001	84850000	chr17	84800001	86090000	0.08793456032719836	0.26479868606287876	10.728442136482654	6919.845178031312	2.1174001658196926	6828.615534768509
chr17	85610001	85660000	chr17	84680001	85660000	0.05316973415132924	2.996544119243036	12.573096058340896	6160.817068587039	2.6226986310684053	6425.611646117593
chr17	85630001	85670000	chr17	85630001	86860000	0.4560327198364008	-0.7541694244428748	7.601953209432076	3740.1609790405814	1.1151302231360674	2194.5762791317807
chr17	86130001	86170000	chr17	86130001	87590000	0.8307770961145194	-3.6163971051159036	10.852732696257696	6337.995894614495	2.201045464965897	5141.642206160335
chr17	86480001	86520000	chr17	86480001	88040000	0.5204498977505112	-1.3249169685082036	9.366901203697061	5844.946351106966	1.7777847509821443	4437.350738451432
chr17	86580001	86620000	chr17	86580001	87670000	0.8803680981595092	-3.126922450795922	11.469446483186166	5000.678666669169	1.2878611646671625	2246.0298711795313
chr17	86780001	86820000	chr17	86130001	86820000	0.07770961145194274	0.9312168800933209	18.293267474280512	5048.941822901421	1.938721104010348	2140.348098827424
chr17	87230001	87280000	chr17	86470001	87280000	0.12985685071574643	0.5833481223722954	14.546588328473076	5891.368273031596	1.692610110923852	3427.5354746208004
chr17	87760001	87800000	chr17	87760001	88650000	0.8844580777096115	-2.894608281214382	14.588786304217056	5193.607924301272	1.1550968484777606	1644.857912232331
chr17	88930001	88980000	chr17	88930001	90940000	0.11860940695296524	2.5415657204878963	5.953770018016838	5983.538868106923	2.113303305550373	10619.349110390625
chr17	89620001	89670000	chr17	89620001	91120000	0.17586912065439672	3.294641320339253	9.677946535529301	7258.4599016469765	2.6658539419432774	9996.95228228729
chr17	89770001	89810000	chr17	89770001	90600000	0.41922290388548056	-2.881069701794898	15.868444280733758	5268.3235012036075	2.2453145778709795	2981.7777594126605
chr17	89850001	89900000	chr17	88730001	89900000	0.787321063394683	-2.107961058213008	10.046690311508472	5877.313832232456	1.1590377565271732	3390.1854378419816
chr17	90040001	90090000	chr17	90040001	90610000	0.5255623721881391	0.4261550170125056	24.501620005670357	6982.961701616052	2.5958101913977654	3699.0295227418155
chr17	90450001	90500000	chr17	89270001	90500000	0.3231083844580777	-5.226745236710198	13.352769523396583	8211.953256888899	3.015933561682886	9273.995702174874
chr17	90780001	90820000	chr17	90780001	91780000	0.34151329243353784	-1.3996563488237663	14.092505003357921	5637.002001343169	1.9898802820802353	3183.8084513283766
chr17	91700001	91740000	chr17	90420001	91740000	0.37167689161554196	-1.0788683503392262	9.1722348611172	4842.940006669882	2.113184440618478	4463.045538586226
chr17	91910001	91940000	chr17	89170001	91940000	0.8159509202453987	-5.907065584970721	4.680821297550718	3889.7624982646466	2.1334972388220157	5318.808616383285
chr17	92200001	92240000	chr17	89010001	92240000	0.8210633946830266	-5.254893457541242	4.156825368751145	5370.618376426479	2.296024187974669	11865.853003453089
chr17	94700001	94750000	chr17	93190001	94750000	0.30930470347648265	-1.3053164436980453	7.7187148883184715	6020.597612888408	1.7703886449727713	6904.515715393808
chr18	3480001	3520000	chr18	3480001	6300000	0.665644171779141	-1.783419229958945	4.015156750416916	4529.096814470282	1.3371959049523119	6033.427923144831
chr18	4580001	4620000	chr18	4580001	6880000	0.8399795501022495	-2.5188580067688107	4.705219171895228	4328.80163814361	1.1561473950110472	4254.622413640654
chr18	5130001	5170000	chr18	5130001	6510000	0.39723926380368096	-0.25871693966824527	9.936503255152976	5484.949796844443	2.770666307277609	6117.631206468961
chr18	5290001	5340000	chr18	5290001	6500000	0.614519427402863	-1.8286634765569874	10.506030838216304	6356.148657120864	1.792997321466227	5423.816897435337
chr18	5690001	5740000	chr18	4980001	5740000	0.8911042944785276	-3.5081761612293603	15.547974753045025	5908.230406157109	1.5337531552539632	2914.13099498253
chr18	5700001	5740000	chr18	4690001	5740000	0.7730061349693251	-2.617731204375614	11.420046294246731	4796.419443583627	1.440173159824307	2419.4909085048357
chr18	5800001	5840000	chr18	4710001	5840000	0.7944785276073619	-2.8492223835674606	10.52324322306019	4756.505936823206	1.6637947061282323	3008.140828679844
chr18	5960001	6010000	chr18	5170001	6010000	0.06390593047034765	1.6078931744642202	14.385769907532618	6042.0233611636995	2.5142874939820987	5280.003737362407
chr18	8520001	8560000	chr18	8520001	9460000	0.7039877300613497	-1.911066472976598	11.719948636224458	4406.7006872203965	1.6080079992851428	2418.444030924855
chr18	12220001	12290000	chr18	12220001	12980000	0.2740286298568507	-0.9295568261461694	16.350453374820564	8698.44119540454	1.9757223323281248	7357.589965589937
chr18	12430001	12470000	chr18	12430001	12980000	0.2995910020449898	-0.375781847103845	19.8724946827012	4371.948830194264	2.0302558166423226	1786.6251186452437
chr18	13110001	13150000	chr18	13110001	15170000	0.30163599182004086	-3.293655755140631	7.155020331265772	5895.7367529629955	2.8922465064877856	9532.84448538374
chr18	13360001	13400000	chr18	13360001	13980000	0.2607361963190184	-0.5588177172178292	17.070613592951737	4233.512171052031	1.544305576369554	1531.9511317585975
chr18	13440001	13480000	chr18	13440001	14680000	0.14519427402862983	-1.1652179985207076	11.526384009073286	5717.08646850035	3.2827526471824737	6512.981252010028
chr18	13940001	13980000	chr18	12950001	13980000	0.8967280163599182	-6.445292563271516	15.517004056285174	6393.005671189491	2.1887574487649744	3607.0722755646775
chr18	14450001	14510000	chr18	13210001	14510000	0.19785276073619631	-3.611003896675183	11.888253453360253	9272.837693620997	2.9551749633311615	13830.218828389836
chr18	15120001	15160000	chr18	14600001	15160000	0.10685071574642127	0.2117121641655782	18.833073495315265	4218.6084629506195	1.7344664753469725	1554.0819619108875
chr18	16200001	16240000	chr18	16200001	16940000	0.28578732106339466	0.6970030861745421	13.807215622225792	4086.9358241788345	2.268643977913597	2686.074469849699
chr18	20020001	20060000	chr18	20020001	21310000	0.7229038854805726	-1.4024268475808557	7.960875103051617	4107.811553174634	1.1722613633245067	2419.547453901782
chr18	21270001	21310000	chr18	20540001	21310000	0.4059304703476483	-1.1667140061514638	14.67983916284825	4521.390462157261	1.4490856425681504	1785.2735116439612
chr18	22010001	22050000	chr18	22010001	23760000	0.2740286298568507	0.0545178918736833	6.18103906505284	4326.727345536988	1.3119428407565195	3673.4399541182543
chr18	22920001	22990000	chr18	22920001	23640000	0.18251533742331288	-0.7304358379065606	17.92461915793489	9034.008055599186	1.9827491502286656	6995.139002006732
chr18	23010001	23050000	chr18	23010001	24020000	0.4447852760736196	-1.5803289157895264	10.661812288195035	4307.372164430794	1.5872566566471193	2565.006757141745
chr18	23010001	23050000	chr18	23010001	24040000	0.44069529652351735	-1.5249809917026613	10.48759240601509	4320.888071278217	1.5815837550689251	2606.4500283535886
chr18	23520001	23580000	chr18	23010001	23580000	0.38752556237218816	-1.8592669185491102	24.0073033974774	8210.497761937271	2.5180404928972733	5167.019091425204
chr18	23620001	23680000	chr18	23620001	23980000	0.07310838445807771	0.5001636172548789	26.938902049636813	5818.802842721551	1.4060201138539943	1822.2020675547765
chr18	23950001	23990000	chr18	22730001	23990000	0.6349693251533742	-1.2745082549569848	10.224989881898054	5153.394900476619	1.3450704941187435	2711.662116143387
chr18	24090001	24130000	chr18	23290001	24130000	0.3599182004089979	-0.5064202916538897	11.434317322741776	3841.930620441237	0.8554664963831454	1149.7469711389474
chr18	24600001	24640000	chr18	23310001	24640000	0.8507157464212679	-2.652250045407503	7.741128246914768	4118.280227358657	1.1589658534170235	2466.279336071426
chr18	24670001	24710000	chr18	24670001	25150000	0.25460122699386506	-0.0632511184268417	23.563584780422858	4524.208277841189	2.4485042706856803	1880.4512798866024
chr18	25520001	25560000	chr18	25520001	26540000	0.3430470347648262	-0.9213298611277695	12.197483855173433	4976.57341291076	1.38767010827599	2264.6776167064154
chr18	25810001	25850000	chr18	25810001	28070000	0.8767893660531697	-5.499757146868348	5.739766021754498	5188.748483666066	1.9659343627387942	7108.81865566348
chr18	25820001	25860000	chr18	25820001	28640000	0.8992842535787321	-7.03798790729338	4.746984520292982	5354.598538890484	2.120074388265399	9565.77563985348
chr18	25900001	25940000	chr18	25130001	25940000	0.27300613496932513	-0.6256117614808221	12.182014783326553	3946.972789797803	1.2332651340050398	1598.3116136705316
chr18	26060001	26100000	chr18	25470001	26100000	0.6124744376278118	-0.9151274611748396	12.841186999545855	3235.9791238855555	1.011818510144208	1019.9130582253617
chr18	26170001	26220000	chr18	25450001	26220000	0.5531697341513292	-1.1734592431911468	12.460571019265107	4797.319842417066	1.2445412661074258	2395.7419372567947
chr18	26170001	26210000	chr18	25380001	26210000	0.46830265848670755	-0.8597379405420924	11.424062843422925	3792.788864016411	1.2795556255172704	1699.249870686935
chr18	28670001	28720000	chr18	28670001	30040000	0.803680981595092	-2.414875765341036	7.360834720931724	5042.171783838231	1.5663476237904208	5364.7406114821915
chr18	28690001	28740000	chr18	25640001	28740000	0.766359918200409	-4.4075526456342775	3.981185957048685	6170.838233425462	2.1396469194821277	16582.26362598649
chr18	30020001	30060000	chr18	27520001	30060000	0.7009202453987731	-5.383493328804405	4.4701083434010185	4541.630076895435	2.4343211400013947	9893.081112965669
chr18	30350001	30400000	chr18	30350001	31370000	0.3215746421267893	-0.883389225520491	11.739389362554755	5987.088574902925	2.13759837829468	5450.875864651434
chr18	30490001	30550000	chr18	30490001	31390000	0.6968302658486707	-0.9993142508838972	13.762528456286494	7431.765366394707	2.5612011398119106	8298.29169299059
chr18	31290001	31330000	chr18	30540001	31330000	0.6574642126789366	-3.2748801408320434	15.34552848017826	4849.18699973633	2.2507302378225065	2844.923020607648
chr18	31400001	31460000	chr18	30380001	31460000	0.5690184049079754	-4.994629665265255	13.093547071907025	8484.618502595753	3.4917410023653725	13575.889017196569
chr18	31890001	31930000	chr18	31890001	32460000	0.26789366053169733	-0.6354239591754844	15.910538125481144	3627.602692609701	1.3443630145349237	1226.0590692558503
chr18	32930001	32970000	chr18	32930001	33700000	0.9560327198364008	-5.350051004662387	21.21217658820501	6448.501682814323	2.2021605638208372	2713.0618146272714
chr18	33200001	33260000	chr18	33200001	34270000	0.5961145194274029	-1.7892060014160494	13.456073626940205	8638.799268495612	2.563727359870672	9875.477790221828
chr18	33210001	33260000	chr18	33210001	34120000	0.34662576687116564	-1.3106194632999617	15.703883957877379	7145.267200834207	2.8162005548652	6406.85626231833
chr18	33340001	33380000	chr18	33340001	34720000	0.8793456032719836	-3.341885900410972	9.618715111902105	5309.530741769962	1.462035812784822	3228.175074628887
chr18	33420001	33460000	chr18	32890001	33460000	0.3057259713701431	-0.27784411693791045	21.892900089516704	4904.009620051742	1.7619806554259585	1606.9263577484742
chr18	33740001	33800000	chr18	32920001	33800000	0.01278118609406953	9.460704769440678	20.457695623861778	10678.917115655848	3.6283636676136743	11494.65609900012
chr18	33770001	33840000	chr18	33770001	34520000	0.5357873210633947	-0.3850156784768584	12.993472262769806	6821.572937954148	1.276663358770306	4691.737843480874
chr18	33990001	34050000	chr18	32840001	34050000	0.26380368098159507	-0.9901724534545725	10.600924417062355	7632.665580284896	1.5106618676374037	6580.443095428531
chr18	34210001	34270000	chr18	32880001	34270000	0.35276073619631904	-1.6117091421636254	10.864606813314971	8995.894441424796	1.5943935743766353	7978.345446180683
chr18	35520001	35580000	chr18	34770001	35580000	0.5224948875255624	-1.8014345895643293	19.59084706619798	9521.151674172219	3.413948950951723	9955.075140975225
chr18	35550001	35590000	chr18	35550001	36670000	0.623721881390593	-1.0616358176095135	10.660670498283201	4775.980383230874	1.1517355903334712	2063.9101778775803
chr18	36490001	36530000	chr18	35270001	36530000	0.5184049079754601	-2.014424403640949	12.89557304861113	6499.368816500009	1.6567518825118175	3340.011795143824
chr18	37140001	37180000	chr18	37140001	39480000	0.5925357873210634	-0.7284759006636862	4.3936413005158474	4112.448257282833	0.7259976657050998	2718.135260399894
chr18	37850001	37910000	chr18	37410001	37910000	0.019427402862985686	2.257969996742513	23.835011403307398	7150.50342099222	2.032073105655928	3657.7315901806705
chr18	37960001	38000000	chr18	37960001	39110000	0.6554192229038854	-4.708093885660343	11.640030972650443	5354.414247419204	1.9741451782922623	3632.4271280577627
chr18	38790001	38860000	chr18	38050001	38860000	0.2883435582822086	0.20694849622618453	16.73646926242113	9489.578071792781	2.061906362526959	8183.706352869502
chr18	38920001	38970000	chr18	38430001	38970000	0.46881390593047034	-1.2652933172156675	18.444166389163446	4979.92492507413	1.2867544859706905	1737.1185560604322
chr18	38930001	38980000	chr18	38930001	39980000	0.26789366053169733	-0.07075302278454627	13.01935989813901	6835.16394652298	1.4615412523335498	3836.545787375568
chr18	39090001	39130000	chr18	38230001	39130000	0.2280163599182004	-0.2673598381836076	14.217722430831436	5118.380075099317	1.7204642983935028	2477.468589686644
chr18	39110001	39150000	chr18	39110001	40220000	0.20961145194274028	-0.22902383644785826	12.622878456807161	5604.558034822379	3.320642799369806	5897.461611680776
chr18	39270001	39310000	chr18	39270001	40010000	0.7351738241308794	-3.1709930124018415	16.752041286086452	4958.60422068159	1.7211512316882691	2037.8430583189106
chr18	39730001	39770000	chr18	38840001	39770000	0.3721881390593047	-0.9134752325524054	11.949123048128875	4445.073773903941	1.554464425357806	2313.0430649324153
chr18	39870001	39910000	chr18	38720001	39910000	0.689161554192229	-2.1263141032924615	9.661894551830859	4599.061806671489	1.4192588287473806	2702.2688099350125
chr18	40020001	40060000	chr18	39150001	40060000	0.35685071574642124	-0.47933606532590106	12.754313874570164	4642.57025034354	2.0734178294710963	3018.8963597099164
chr18	40180001	40230000	chr18	37640001	40230000	0.467280163599182	-1.9567028230945314	4.499909436618575	5827.382720421054	1.9670767405759086	12736.821895229008
chr18	40240001	40280000	chr18	40240001	42240000	0.39059304703476483	0.3623894352623132	7.021263295999354	5617.010636799483	3.7571746775901227	12022.958968288392
chr18	41760001	41800000	chr18	40240001	41800000	0.7704498977505112	-2.225825277687675	7.0006028089856915	4368.376152807072	1.6740214911197517	4178.3576418349
chr18	41990001	42040000	chr18	39650001	42040000	0.6421267893660532	-3.7039697498314603	5.345150928749114	6387.455359855192	2.5831478048199075	15434.308133798946
chr18	43140001	43180000	chr18	42510001	43180000	0.13496932515337423	0.5908062167153519	15.025335290794716	4026.789857932984	1.9199736847721145	2058.2117900757066
chr18	43340001	43410000	chr18	43340001	43830000	0.2361963190184049	-0.32669581701343936	17.321204370355776	5941.173099032031	1.0408174629259481	2499.0027284852013
chr18	44800001	44840000	chr18	42580001	44840000	0.6722903885480573	-1.6988724979638443	5.654389588309915	5111.568187832163	1.5358590773046235	5553.666423533518
chr18	44990001	45020000	chr18	44990001	46800000	0.7658486707566462	-4.574025103704663	7.765190682009396	4216.498540331102	2.549779024102748	4153.590030263376
chr18	45230001	45270000	chr18	45230001	46660000	0.4284253578732106	-1.5755624519619922	8.329377399522633	4764.403872526946	1.8329549220774357	4193.800861713173
chr18	45620001	45670000	chr18	44430001	45670000	0.5695296523517382	-1.1081623763444672	9.840630570133317	6101.190953482657	1.5817069730595756	4903.291616484685
chr18	45620001	45670000	chr18	45620001	46600000	0.8849693251533742	-2.2872345953828788	11.171350140648046	5473.9615689175425	1.4652983514836857	3589.98096113503
chr18	46110001	46150000	chr18	44910001	46150000	0.08077709611451943	0.46855067106854265	12.53465054755746	6217.1866715885	3.4797524234445114	6903.828808113911
chr18	47310001	47370000	chr18	47310001	50180000	0.8752556237218814	-7.533171786937119	5.229031756824156	9004.392685251198	3.1336548128280888	32376.921526139813
chr18	47830001	47870000	chr18	47830001	49850000	0.8957055214723927	-7.628205857210955	6.642860328802814	5367.431145672674	2.382021547297978	7698.6936408670645
chr18	47960001	48010000	chr18	47960001	49430000	0.876278118609407	-4.397928575376115	8.087268682945437	5944.142481964896	2.05698048064065	7559.403266354389
chr18	47970001	48010000	chr18	46930001	48010000	0.6896728016359919	-1.586445589736959	9.644176193296403	4166.284115504046	1.371233113630124	2369.490820352854
chr18	47970001	48010000	chr18	47970001	50100000	0.8006134969325154	-4.517777121705298	6.0736799098190275	5174.775283165812	2.2153365783329044	7549.867058958538
chr18	49450001	49490000	chr18	47040001	49490000	0.721881390593047	-11.487012852133232	6.6328025879832815	6500.146536223616	3.786089928623049	14841.472520202353
chr18	49550001	49590000	chr18	47010001	49590000	0.9391615541922291	-15.10385928637827	5.629631681359416	5809.7798951629175	3.4239689968523694	14134.14401900658
chr18	49550001	49590000	chr18	47380001	49590000	0.9355828220858896	-10.198296493968872	6.113791595419927	5404.591770351215	2.973547709922695	10514.464702286648
chr18	50090001	50130000	chr18	49750001	50130000	0.1492842535787321	-0.15098251941276705	23.41652941010482	3559.312470335932	1.504418177913336	914.6862521713083
chr18	50200001	50240000	chr18	50200001	52460000	0.7653374233128835	-4.141272477968588	5.568376815393467	5011.53913385412	3.1762896537074665	11485.4633878062
chr18	52930001	52970000	chr18	52930001	53820000	0.08895705521472393	1.8024048633953564	12.20105808800646	4343.5766793303	2.13894899461299	3045.863368328897
chr18	53960001	54020000	chr18	53960001	56510000	0.6012269938650306	-8.521415267482535	5.8791069455023	8995.033626618519	3.7813700626327185	34712.97717496836
chr18	54240001	54290000	chr18	54240001	56330000	0.9028629856850716	-7.514060995588797	6.632342713089897	6930.798135178942	2.7125414897176645	14173.029283774797
chr18	54240001	54290000	chr18	54240001	56380000	0.9054192229038855	-8.311058037556668	6.5459433084366365	7004.159340027201	2.7768714736802913	14856.262384189558
chr18	54350001	54390000	chr18	54350001	55870000	0.7837423312883436	-3.958179932017966	8.20817092877887	4990.567924697552	2.157421912663936	5246.8500915986915
chr18	54350001	54390000	chr18	53190001	54390000	0.6728016359918201	-0.9523708477893593	7.412530969455821	3558.014865338794	0.821226138425897	1576.7541857777221
chr18	55220001	55290000	chr18	54820001	55290000	0.45296523517382414	-1.041605595438053	21.041934308399963	6922.796387463588	1.467439533549025	3379.5132457634045
chr18	56350001	56390000	chr18	56350001	57340000	0.2770961145194274	-0.05783542152988974	9.087384249337157	3598.6041627375143	1.1205597543905983	1774.9666509547078
chr18	56550001	56620000	chr18	56550001	56980000	0.17586912065439672	-0.030014812833735905	21.1054791127587	6352.749212940369	1.3095962472763965	2759.3192930113673
chr18	57050001	57100000	chr18	56590001	57100000	0.03885480572597137	2.9123398596855186	21.245359565755738	5417.566689267713	2.2036635160864977	2809.6709830102845
chr18	58630001	58670000	chr18	56550001	58670000	0.6037832310838446	-0.8941446037616901	4.257156075614419	3610.068352121027	1.0511116382344494	3565.370676891252
chr18	59040001	59090000	chr18	59040001	60950000	0.803680981595092	-2.2774585692893448	4.9119461149922765	4690.908539817624	1.4716228124027046	7026.998929222915
chr18	59050001	59090000	chr18	57390001	59090000	0.5577709611451942	-0.9357987613596788	5.843489518473339	3973.5728725618706	1.4662079855289334	3988.085720638699
chr18	60590001	60630000	chr18	60590001	61930000	0.6871165644171779	-0.8292989377598592	7.777333103525229	4168.6505434895225	0.7707513917674569	1652.4909839494276
chr18	61150001	61220000	chr18	61150001	61920000	0.06441717791411043	2.1837994624745476	17.684134755520407	9531.7486332255	2.0621814629555772	7780.610659731393
chr18	61520001	61560000	chr18	61520001	62250000	0.1492842535787321	0.30992641395679016	17.928378890905503	5235.086636144407	1.5169912044671932	1771.8457268176817
chr18	62520001	62560000	chr18	60550001	62560000	0.37116564417177916	-0.3596297019666635	4.243394521247446	3411.689195082947	0.9108124789003967	2929.172932143676
chr18	63980001	64020000	chr18	63980001	64480000	0.731083844580777	-3.0040131010615023	23.176195990808793	4635.239198161758	2.0547840835554667	1643.8272668443733
chr18	64130001	64170000	chr18	64130001	65280000	0.7085889570552147	-0.7187746744850514	10.060564471137516	4627.859656723257	0.9102799341071918	1674.9150787572328
chr18	64130001	64170000	chr18	63770001	64170000	0.6799591002044989	-2.158207664185623	25.38826748725727	4062.122797961163	1.4476821163843436	926.5165544859799
chr18	64470001	64540000	chr18	64470001	65690000	0.10991820040899795	-0.6534630985844334	9.049687616004652	7728.433224067972	1.8377780538399056	10986.237205854955
chr18	65290001	65340000	chr18	65290001	65940000	0.15337423312883436	0.4154678441325177	16.155636768973064	5250.581949916245	1.5627667155142984	2539.495912710735
chr18	65490001	65530000	chr18	65490001	65950000	0.2361963190184049	0.058251657721745065	25.346785895951104	4663.808604855003	2.372221524891722	1745.9550423203077
chr18	66050001	66100000	chr18	66050001	66530000	0.17842535787321062	1.5766779503224277	20.322081019069106	4877.299444576585	1.9041169402511033	2284.940328301324
chr18	67440001	67480000	chr18	67440001	68320000	0.6104294478527608	-1.244853303686562	16.695994164532767	5876.989945915534	1.8051105141109554	2541.595603868225
chr18	68310001	68350000	chr18	68310001	70510000	0.8604294478527608	-5.338964626655862	5.372699357346189	4727.975434464646	1.7841979998682023	6280.376959536072
chr18	69140001	69210000	chr18	68520001	69210000	0.8517382413087935	-2.0624374301969253	16.782829322862327	8106.106562942503	2.0202052149616914	6830.313831785479
chr18	69310001	69360000	chr18	68510001	69360000	0.4335378323108384	-1.1459175799493193	13.394127503197513	5692.504188858943	2.031346414954325	4316.611131777941
chr18	69510001	69550000	chr18	67570001	69550000	0.5521472392638037	-5.86197590145085	7.719786248906137	6114.07070913366	2.052987494166844	6503.8643815205605
chr18	69770001	69810000	chr18	68660001	69810000	0.08486707566462168	1.260068363044461	10.611446055704825	4881.265185624219	2.4384738016578535	4486.791795050451
chr18	71340001	71390000	chr18	71340001	74120000	0.7177914110429449	-3.984559282165101	4.5637312639625005	6343.586456907876	2.4857626117572384	17276.050151712807
chr18	73510001	73550000	chr18	71050001	73550000	0.6881390593047034	-3.8690072429586713	4.814929998841718	4814.929998841718	1.8609105461261681	7443.6421845046725
chr18	73590001	73630000	chr18	71450001	73630000	0.27351738241308793	-0.5780936359351643	5.260996487845841	4587.588937401573	1.887929712163519	6585.098836026355
chr18	73830001	73870000	chr18	71330001	73870000	0.2995910020449898	-0.5933602128717286	4.65710978119276	4731.623537691845	1.395075831154712	5669.58817781275
chr18	74180001	74220000	chr18	73550001	74220000	0.15030674846625766	0.053690575835853765	16.218693914517424	4346.609969090669	1.7755017586190618	1903.3378852396343
chr18	75680001	75740000	chr18	75010001	75740000	0.06237218813905931	0.9642978782991883	19.93952398231389	8733.511504253484	2.2766139903194333	5982.941566559471
chr18	75760001	75800000	chr18	75760001	76340000	0.40286298568507156	-1.0455754117288583	21.13634934150843	4903.633047229956	2.670609320168478	2478.325449116348
chr18	76120001	76160000	chr18	74960001	76160000	0.4038854805725971	-0.4994312147046112	12.222190865155138	5866.651615274466	2.1095628509586186	4050.3606738405474
chr18	77270001	77340000	chr18	77270001	77820000	0.02965235173824131	3.37385390971536	23.761786839638344	9148.287933260763	2.571099129953196	6929.112155223864
chr18	78440001	78500000	chr18	78440001	79610000	0.8517382413087935	-6.397599613609969	11.773450236016542	8264.962065683612	2.4613513907069478	10367.212057657664
chr18	78440001	78500000	chr18	78440001	79440000	0.65439672801636	-3.5266370303124215	13.06764935367938	7840.589612207628	2.3080423221657567	8308.952359796724
chr18	78570001	78610000	chr18	78570001	80170000	0.6886503067484663	-4.288144904919855	8.667740634860095	5547.354006310461	2.0710630321389827	5301.921362275795
chr18	78780001	78820000	chr18	77020001	78820000	0.8031697341513293	-1.5612980649980772	6.408661219173962	4511.697498298469	0.8843615408715986	2546.961237710204
chr18	79090001	79140000	chr18	78180001	79140000	0.3512269938650307	-3.4470348697862887	15.997914788026812	7678.99909825287	3.122381585604327	7493.715805450385
chr18	79320001	79360000	chr18	77800001	79360000	0.6922290388548057	-3.260182921533999	8.211305712582499	4992.473873250159	2.0079379589407607	5011.813145516138
chr18	79560001	79610000	chr18	78160001	79610000	0.19325153374233128	-0.05726772288900116	8.98629205273002	6515.061738229264	2.687897593870638	9743.628777781063
chr18	80440001	80490000	chr18	80000001	80490000	0.03169734151329243	1.014683988369626	21.46314882401734	5258.471461884248	1.7946856237737085	2198.489889122793
chr18	80700001	80750000	chr18	80100001	80750000	0.2791411042944785	-0.008990392549832468	18.16220123406689	5902.7154010717395	1.5707979515568828	2552.546671279935
chr18	81950001	82010000	chr18	81950001	82730000	0.14877300613496933	3.3338729892440946	17.2439454892342	7656.311797219985	2.9600402781865562	8311.79310114785
chr18	82710001	82750000	chr18	82050001	82750000	0.4412065439672802	-0.5321696870342241	14.627886823873139	3861.7621215025088	1.1085060407714298	1241.5267656640012
chr18	83030001	83070000	chr18	83030001	84440000	0.8333333333333334	-3.931426539781188	8.095963217690402	4566.123254777387	2.3985876555061036	5411.21375082177
chr18	83210001	83250000	chr18	83210001	84350000	0.8568507157464212	-3.884184048376902	9.544679810127246	4352.373993418024	1.6012674377287819	2920.7118064172982
chr18	83790001	83830000	chr18	83790001	84350000	0.2142126789366053	0.4170651402349234	17.38612812087145	3894.492699075205	1.8374338450165735	1646.34072513485
chr18	84490001	84560000	chr18	83040001	84560000	0.09713701431492842	0.8232651438515948	9.360036403114615	9959.07873291395	2.742497408897797	20426.120701470794
chr19	3750001	3790000	chr19	3750001	4430000	0.5771983640081799	-1.0606128839744104	19.43578596088062	5286.533781359528	1.6398311147218598	1784.1362528173836
chr19	4980001	5030000	chr19	4040001	5030000	0.9151329243353783	-3.317825006452749	15.709644869998833	7776.2742106494225	1.8571713370940643	4596.499059307809
chr19	5080001	5120000	chr19	5080001	6430000	0.8026584867075665	-2.979244657424483	12.373293953131606	6681.578734691067	1.6843530591159472	3638.2026076904463
chr19	5270001	5300000	chr19	4090001	5300000	0.6359918200408998	-2.346353191510111	11.920083651768547	4326.9903655919825	1.535860830653117	1672.5524445812443
chr19	6020001	6060000	chr19	5270001	6060000	0.4897750511247444	-3.108359451322102	18.49641745391084	5844.867915435826	2.0308542797239806	2566.999809571111
chr19	6450001	6500000	chr19	6450001	6980000	0.7004089979550102	-3.394383616528281	35.79727617957018	7338.441616811887	2.4314001124661218	3221.6051490176114
chr19	7030001	7080000	chr19	7030001	7490000	0.06032719836400818	1.8984418525951792	31.447865924025777	7233.009162525928	2.471556747536089	2842.2902596665026
chr19	8560001	8600000	chr19	8560001	9220000	0.13957055214723926	0.30052056368830465	16.19930104193242	4276.615475070159	1.2925964413138336	1364.9818420274082
chr19	9060001	9130000	chr19	8680001	9130000	0.015337423312883436	3.8325955267544303	29.038215142663645	9147.037769939048	2.0388500099696176	4495.664271983007
chr19	9890001	9930000	chr19	9890001	10670000	0.11605316973415133	1.0258828394860293	15.527429408499062	4844.5579754517075	1.6696185237357366	2083.6839176221993
chr19	10380001	10440000	chr19	10380001	10860000	0.4437627811860941	-2.772619119001034	26.96832347619356	7766.877161143745	1.1491544297450689	1985.738854599479
chr19	11580001	11620000	chr19	11580001	12050000	0.12474437627811862	0.34933926801656573	18.56591358777046	3490.3917545008467	1.1502586056944974	864.994471482262
chr19	13950001	13990000	chr19	13950001	16100000	0.5787321063394683	-5.779871600018131	6.389952449813502	5495.359106839612	3.944884739626524	13570.403504315243
chr19	14850001	14910000	chr19	14060001	14910000	0.7137014314928425	-2.0914820584451896	12.510402105338951	6380.305073722865	1.6147205776143128	4941.044967499797
chr19	15010001	15050000	chr19	14020001	15050000	0.532719836400818	-1.1281259346585497	9.904003304349013	4080.449361391793	2.1179489092956594	3490.3798025192464
chr19	16560001	16600000	chr19	15980001	16600000	0.10991820040899795	-0.48317694126406446	19.92347280675911	4941.021256076259	3.0946402895941802	3069.8831672774268
chr19	17110001	17150000	chr19	17110001	18730000	0.8829243353783232	-4.193850886269493	8.939912501651055	5793.063301069883	2.239365100843205	5804.434341385588
chr19	17450001	17490000	chr19	17450001	18910000	0.4325153374233129	-3.5787348271934394	8.611179817769708	5028.929013577509	2.6108772541933645	6099.009265795699
chr19	18400001	18440000	chr19	17170001	18440000	0.6523517382413088	-4.453665805842055	9.169263264869254	4657.9857385535815	2.097984802433155	4263.105118544171
chr19	20780001	20830000	chr19	20780001	22300000	0.3675869120654397	-1.5507105563946688	8.360528806649723	6354.00189305379	2.4759318771945833	9408.541133339417
chr19	21000001	21040000	chr19	21000001	21800000	0.7029652351738241	-1.5722810596937586	15.425038267928718	4936.01224573719	2.214171458000514	2834.139466240658
chr19	21110001	21160000	chr19	21110001	23410000	0.7039877300613497	-2.1403833102731515	5.937165326577206	6827.740125563787	1.4296951949116796	8220.747370742158
chr19	21120001	21160000	chr19	21120001	23300000	0.7203476482617588	-1.971664478189394	6.186907001953681	5394.98290570361	1.432481577792189	4996.4957433391555
chr19	21250001	21290000	chr19	21250001	24550000	0.7459100204498978	-2.4912600205055866	3.1341737304914163	4137.1093242486695	1.3127672794402507	6931.411235444524
chr19	21640001	21680000	chr19	21640001	23570000	0.5449897750511248	-1.7917513914076357	6.550948211445989	5057.3320192363035	1.563136003518155	4826.9639788640625
chr19	22260001	22320000	chr19	21550001	22320000	0.17995910020449898	4.434249789446263	15.558234261865087	7187.90422898167	2.5326855171719904	7020.604253600757
chr19	22290001	22360000	chr19	22290001	23380000	0.05828220858895705	2.5097835475526784	11.846441021649584	9038.834499518633	2.3858407340413876	12742.775360515052
chr19	22740001	22800000	chr19	22450001	22800000	0.7413087934560327	-5.72042533065915	36.97275774163036	7764.279125742376	1.8913978050390914	2383.161234349255
chr19	22860001	22910000	chr19	22110001	22910000	0.18609406952965235	-0.30251707849721277	18.811054035116378	7524.4216140465505	2.6789490963446863	5357.898192689372
chr19	22880001	22940000	chr19	22880001	23960000	0.3553169734151329	-0.7898949108751983	13.422099523847189	8697.520491452979	2.028317636478228	7886.09897062735
chr19	23130001	23170000	chr19	22430001	23170000	0.5700408997955011	-4.19233118133217	20.243158164276117	5991.97481662573	2.1956549902854987	2599.6555084980305
chr19	23340001	23380000	chr19	22450001	23380000	0.4867075664621677	-0.8764118975827817	11.60654204600255	4317.633641112949	1.0770321055886283	1602.623773115879
chr19	23350001	23390000	chr19	23350001	23980000	0.556237218813906	-3.6947037635784987	20.588121053409896	5188.206505459294	1.9817423281520314	1997.5962667772476
chr19	23500001	23570000	chr19	22430001	23570000	0.21830265848670755	0.0019565558504185754	11.640059499982174	9288.767480985774	1.5704138383689934	8772.331701129197
chr19	23510001	23570000	chr19	23510001	23920000	0.2505112474437628	-0.36728583575627977	26.383248345847168	6490.279093078403	1.708370476531083	2521.5548233598784
chr19	23670001	23700000	chr19	22900001	23700000	0.4176891615541922	-1.6063460298184735	14.379565575268169	3451.0957380643604	1.529179405321527	1101.0091718314995
chr19	23930001	23970000	chr19	22470001	23970000	0.348159509202454	-1.5383478193040072	11.157043759545681	6694.226255727409	2.1603786433551733	5184.908744052415
chr19	24240001	24280000	chr19	23420001	24280000	0.20040899795501022	0.15828222795690763	13.774140261151961	4738.304249836275	1.5060679969030804	2072.3495637386386
chr19	24500001	24540000	chr19	22430001	24540000	0.7464212678936605	-2.2112091303913095	6.769930363508081	5713.82122680082	1.361263100363851	4595.62422682836
chr19	24850001	24900000	chr19	24130001	24900000	0.10531697341513292	0.7447312804041886	13.380636269267033	5151.544963667808	1.6312669083985303	3140.188798667171
chr19	25650001	25690000	chr19	25650001	27700000	0.8231083844580777	-3.6169730370686186	5.3576750506275035	4393.293541514553	1.6748661283156374	5493.560900875291
chr19	26930001	26970000	chr19	26590001	26970000	0.287321063394683	-0.9035984485392815	25.149948183870798	3822.792123948361	1.1928798329922323	725.2709384592773
chr19	27190001	27230000	chr19	26600001	27230000	0.17075664621676892	-0.38683298315750625	20.138647060664006	5074.93905928733	2.629315428249426	2650.349951675422
chr19	27430001	27470000	chr19	27430001	29100000	0.08588957055214724	1.5341486736515901	8.268921114639527	5523.639304579204	3.0053115281063683	8030.192403100216
chr19	29330001	29370000	chr19	28770001	29370000	0.36247443762781184	-0.07139999302205578	18.9404111694252	4545.698680662048	2.080228360050883	1997.0192256488476
chr19	29490001	29540000	chr19	28960001	29540000	0.44274028629856854	-1.0491221352459847	15.737478563914298	4563.868783535147	1.3225120548099951	1917.6424794744928
chr19	33190001	33250000	chr19	31960001	33250000	0.1196319018404908	2.6168301982398012	10.346150134868635	8007.920204388323	2.548136275781578	11833.544864729647
chr19	34210001	34260000	chr19	34210001	34920000	0.5255623721881391	-0.9095446159339292	13.59798477040071	4827.2845934922525	1.5246043806248233	2706.1727756090613
chr19	34570001	34610000	chr19	31050001	34610000	0.7939672801635992	-3.6930254558827045	3.09766856769424	4411.080040396598	1.360064063201011	7746.924903992959
chr19	34580001	34610000	chr19	34580001	36410000	0.7955010224948875	-1.346701472891505	4.403402125526292	2417.4677669139346	1.0133168387803866	1668.9328334712968
chr19	34650001	34700000	chr19	34650001	34980000	0.13701431492842536	-0.030243764079093936	25.529259054717638	4212.32774402841	1.1924668480869207	983.7851496717095
chr19	34650001	34690000	chr19	34650001	34980000	0.1329243353783231	0.04140102479166268	24.679748177808484	3257.72675947072	1.2386450342908846	654.004578105587
chr19	36080001	36120000	chr19	36080001	37370000	0.26380368098159507	0.022399843572766236	7.853797635119033	4052.559579721421	1.4210493130894617	2933.045782216649
chr19	37240001	37280000	chr19	36840001	37280000	0.806237218813906	-4.2478054823680065	29.760601857441692	5237.865926909738	2.8069298765553317	1976.0786330949534
chr19	37920001	37980000	chr19	37920001	38420000	0.061860940695296525	1.0965329788956004	21.970937356371408	6591.2812069114225	1.7092438227183402	3076.6388808930124
chr19	38800001	38840000	chr19	36360001	38840000	0.7668711656441718	-2.176595733376174	3.9416236380311185	3910.0906489268696	1.454654160289696	5772.067708029514
chr19	40570001	40620000	chr19	40570001	42280000	0.614519427402863	-0.9171887310002057	6.028792410340524	5154.617510841148	0.9954528778301105	4255.561052723722
chr19	40700001	40750000	chr19	40230001	40750000	0.13548057259713703	0.10877108854065803	18.736678483300267	4871.536405658069	1.347183140344868	1751.3380824483284
chr19	41070001	41110000	chr19	41070001	42300000	0.20040899795501022	-0.0007931886506820533	10.474504941314539	5153.456431126753	1.5504550051936994	3051.2954502212006
chr19	43660001	43700000	chr19	43660001	46980000	0.8425357873210634	-3.6483978832318793	3.738254197734073	4964.401574590849	1.4164966871904254	7524.43040235554
chr19	44530001	44570000	chr19	41810001	44570000	0.7888548057259714	-2.1759411037934377	4.727854430740633	5219.551291537659	1.2838784441545463	5669.607209386477
chr19	44540001	44580000	chr19	44540001	46980000	0.6252556237218814	-1.3591709891658237	5.0595611506015565	4938.131682987119	1.4155133869466572	5526.16426263975
chr19	45720001	45750000	chr19	44930001	45750000	0.5255623721881391	-3.1165001141565924	17.93672974473457	4412.435517204704	2.2986335777744182	1696.3915803975208
chr19	45750001	45820000	chr19	45750001	46570000	0.5035787321063394	-0.3883654522598263	16.930676612513437	9718.208375582713	1.6239768551403517	6525.139003953933
chr19	46130001	46180000	chr19	46130001	47330000	0.5961145194274029	-2.6409950908316	13.286299947536682	7971.779968522009	1.510131792213602	4530.395376640806
chr19	46530001	46600000	chr19	46530001	47080000	0.7832310838445807	-0.8152024846327134	25.76575484726932	9919.815616198688	2.058196882591066	5546.840598582923
chr19	46820001	46870000	chr19	46530001	46870000	0.3292433537832311	-3.5590047878887088	42.02495142363809	7144.241742018476	2.1547706806200595	1831.5550785270507
chr19	46950001	47020000	chr19	46310001	47020000	0.6094069529652352	-5.332786773411573	22.83963574299463	11351.298964268331	2.082598479146843	7245.360108951867
chr19	47830001	47870000	chr19	46960001	47870000	0.7024539877300614	-1.8940019605326923	11.467117900560915	4174.030915804173	1.265438716490886	1842.47877121073
chr19	50230001	50270000	chr19	50230001	51610000	0.39570552147239263	-1.941416922441077	8.419312813792766	4647.460673213607	2.5429011259532475	5614.725686104771
chr19	52990001	53040000	chr19	52990001	54050000	0.4647239263803681	-0.5692606935118633	12.340331145293462	6540.375507005535	1.8011391972033386	4773.018872588847
chr19	53540001	53610000	chr19	53010001	53610000	0.06492842535787322	-1.600562302438559	24.729994752791495	10386.597796172427	2.1759337132869088	6397.245117063511
chr19	55050001	55090000	chr19	53010001	55090000	0.6942740286298568	-0.8811220968313901	6.000418465685612	4992.348163450429	3.207647009975674	10675.049249199044
chr19	56420001	56460000	chr19	56420001	57210000	0.0787321063394683	-0.3298488067444829	16.52475837723125	5221.823647205076	2.0108855408281765	2541.759323606815
chr19	56530001	56570000	chr19	56530001	57340000	0.2893660531697341	-0.22547602697769176	14.499889299440973	4697.964133018875	1.6003051113838231	2073.995424353435
chr19	56530001	56570000	chr19	56530001	57420000	0.35991820040899797	-0.3520943648357277	13.469818592907837	4795.25541907519	1.660358030905973	2364.3498360101053
chr19	56780001	56820000	chr19	56780001	57270000	0.2607361963190184	-0.31252919930542433	18.807622184056864	3686.2939480751456	1.1275211829778378	883.9766074546247
chr19	57000001	57050000	chr19	56270001	57050000	0.10991820040899795	0.3216453483842974	17.489948291174468	6821.079833558042	1.5577216533906424	3037.5572241117525
chr19	57390001	57430000	chr19	57390001	59030000	0.5158486707566463	-1.9973422088651709	7.30985687896642	4795.266112601971	1.5461901573878434	4057.2029729857013
chr19	58450001	58490000	chr19	57650001	58490000	0.26022494887525566	-0.8815227562984257	14.61278310706121	4909.895123972567	3.3934249021450076	4560.76306848289
chr19	59180001	59220000	chr19	58780001	59220000	0.0516359918200409	1.7326269796197	22.480858947295346	3956.6311747239806	2.00020281953886	1408.1427849553575
chr19	60110001	60170000	chr19	59230001	60170000	0.5107361963190185	0.7309154869283572	12.705908016828385	7166.132121491209	2.8878909557712986	9772.622994330075
chr19	60560001	60600000	chr19	60560001	61150000	0.24642126789366053	-0.5562186848086123	16.711986630429365	3944.0288447813305	1.2140603000272034	1146.0729232256801
chr2	3870001	3910000	chr2	3870001	4640000	0.9314928425357873	-6.271215226754889	16.63083988745867	5122.29868533727	1.7949557664384452	2211.3855042521645
chr2	3880001	3920000	chr2	3280001	3920000	0.6094069529652352	-1.3095310007487952	15.520786390557182	3973.3213159826387	1.0178626037566754	1042.2913062468356
chr2	4220001	4250000	chr2	4220001	4880000	0.30725971370143146	-1.1793880219517947	16.82300279955018	3330.9545543109357	1.5789167554575991	937.8765527418138
chr2	4850001	4890000	chr2	3420001	4890000	0.2065439672801636	-0.34542577159991755	8.865275661090712	5212.782088721338	2.0079449649708976	4722.686557611551
chr2	4890001	4930000	chr2	4890001	6060000	0.3987730061349693	0.156933443996019	10.514788931024702	4920.92121971956	2.120123126107802	3968.870492073805
chr2	6190001	6230000	chr2	6190001	7100000	0.13701431492842536	0.38779079591081916	14.7176487630048	5357.224149733747	1.6523770882905804	2405.861040551085
chr2	6530001	6570000	chr2	6530001	7070000	0.8696319018404908	-2.1315627822668244	20.0492187921195	4330.631259097812	1.611708544505975	1392.5161824531624
chr2	6780001	6810000	chr2	6260001	6810000	0.8793456032719836	-2.5426345375982047	19.63609624282763	3239.955880066559	1.1307910454955648	559.7415675203046
chr2	6860001	6890000	chr2	5860001	6890000	0.3445807770961145	-1.0323281824821202	12.832515499769285	3965.247289428709	1.5268538483280305	1415.3935174000842
chr2	7150001	7190000	chr2	6110001	7190000	0.5112474437627812	-1.3625811795728804	10.420714155484541	4501.748515169322	1.4616667210429053	2525.76009396214
chr2	7150001	7190000	chr2	7150001	8660000	0.9049079754601227	-5.93005819383335	8.452482329667529	5105.299327119187	2.226689147229668	5379.680979706878
chr2	7320001	7370000	chr2	7320001	8650000	0.8251533742331288	-5.0272212736561634	9.797383918025773	6515.260305487139	2.249123540484564	7478.335772111176
chr2	7330001	7370000	chr2	6470001	7370000	0.8568507157464214	-2.3634011096022793	11.646087444494183	4192.591480017906	1.416666943172244	2040.0003981680316
chr2	7600001	7640000	chr2	5830001	7640000	0.4386503067484663	-1.538413108374738	7.16918100998651	5190.487051230233	2.088815604053364	6049.209989338542
chr2	8080001	8120000	chr2	5820001	8120000	0.7566462167689161	-3.9056815705385843	6.1246453479972045	5634.673720157428	2.423431036422229	8918.226214033803
chr2	8350001	8390000	chr2	6420001	8390000	0.09918200408997956	2.508614950979723	8.174555034788838	6441.549367413604	3.986118028030427	12564.244024351907
chr2	9820001	9890000	chr2	8890001	9890000	0.7566462167689161	-1.6494275431164889	10.852086833528887	7596.460783470221	1.6740138832656921	8202.668028001892
chr2	11030001	11070000	chr2	10080001	11070000	0.2065439672801636	-0.10331480252693187	10.310982414046443	4083.1490359623913	1.4695308171619406	2327.7368143845138
chr2	11280001	11340000	chr2	11280001	11770000	0.49795501022494887	-0.13032497777930946	19.246525763334876	5658.478574420454	1.5282519906621745	2695.836511528076
chr2	12670001	12710000	chr2	12670001	14960000	0.7903885480572597	-3.0948544307083394	5.261802921321913	4819.811475930873	1.55099327981195	5682.839377230985
chr2	14660001	14720000	chr2	13380001	14720000	0.18456032719836402	-0.33770458880986515	8.945429460941611	7192.1252865970555	1.7861131762474445	8616.209962217672
chr2	16340001	16370000	chr2	16340001	18810000	0.5316973415132924	-2.9051379193644182	5.213951631958	3863.538159280878	1.9986639882059491	4443.030045781825
chr2	17400001	17440000	chr2	17400001	19090000	0.2443762781186094	-1.0409062480635782	7.762760202851154	5247.62589712738	2.2662799677179626	6128.021032709371
chr2	18010001	18050000	chr2	18010001	19000000	0.42024539877300615	-2.1365023440617064	13.569643633925665	5373.578879034563	2.2397395168018757	3547.747394614171
chr2	18350001	18420000	chr2	18350001	18990000	0.11247443762781187	0.7698257809467749	16.904989836951646	7573.435446954338	1.663068861312716	5215.383949076678
chr2	18660001	18700000	chr2	18050001	18700000	0.5961145194274029	-1.8988955568710661	17.124346735170448	4452.330151144317	1.6402257808104679	1705.8348120428866
chr2	19250001	19290000	chr2	17470001	19290000	0.4161554192229039	-5.604246023266318	7.808806289625336	5684.810978847245	2.8592212164020645	8326.052182162812
chr2	21520001	21560000	chr2	20620001	21560000	0.7862985685071575	-1.7114008970492698	12.964652551124166	4874.7093592226865	1.1365974988925203	1709.4426383343505
chr2	21640001	21700000	chr2	20840001	21700000	0.7566462167689161	-2.5377006827337683	15.448318955309286	7971.332580939592	1.5808759665221432	4894.3919923525555
chr2	21890001	21930000	chr2	20780001	21930000	0.05112474437627812	7.535775174399482	13.608214082100144	6259.778477766066	3.6855199913528227	6781.356784089194
chr2	22690001	22730000	chr2	20610001	22730000	0.6508179959100204	-1.7570543960613958	5.630237359250616	4526.710836837496	1.7784449381922578	6032.485230348138
chr2	25640001	25670000	chr2	25640001	28930000	0.7995910020449898	-4.342709605048645	4.497922132101834	4439.449144384511	1.724119338565526	5105.117361492523
chr2	25750001	25790000	chr2	25750001	28180000	0.9366053169734151	-3.915808052743002	5.2853777566079145	5137.387179422893	1.7143762546402341	6665.494878041231
chr2	25850001	25920000	chr2	25170001	25920000	0.7474437627811861	-1.9176207934234542	18.703144355734693	9819.150786760714	1.1130357674954172	4090.4064455456582
chr2	26280001	26320000	chr2	25170001	26320000	0.9447852760736196	-4.42641414718538	12.270779282782675	5644.55847008003	1.4976769350367676	2755.7255604676525
chr2	26400001	26450000	chr2	24630001	26450000	0.8389570552147239	-2.3930096690875544	7.917198345177218	7204.650494111269	1.456923598795056	6629.002374517505
chr2	26620001	26660000	chr2	24690001	26660000	0.7464212678936605	-1.9752679644733555	6.147412193064332	4844.160808134693	1.2449245335424886	3924.0021297259236
chr2	26630001	26670000	chr2	26630001	27600000	0.7208588957055214	-1.2323982320658053	11.17556210625371	4336.118097226439	1.4893527279222967	2311.4754337354043
chr2	26890001	26940000	chr2	25190001	26940000	0.6513292433537833	-2.0808409446461624	6.523828271280233	5708.349737370204	1.2720693809148753	5565.30354150258
chr2	27200001	27240000	chr2	25200001	27240000	0.6273006134969326	-1.85288779416682	8.435550480225729	6883.409191864195	1.3048342573141418	4258.979015873359
chr2	27410001	27450000	chr2	26900001	27450000	0.23721881390593047	-0.4765184071471483	22.5362985816482	4957.985687962604	1.8275295946082244	1608.2260432552375
chr2	27540001	27590000	chr2	27540001	28520000	0.08793456032719836	-0.1184326028530006	15.869510751587434	7776.060268277843	2.416032853831193	5919.280491886422
chr2	28290001	28330000	chr2	27000001	28330000	0.7985685071574642	-3.6405648812784053	11.683684410389725	6215.720106327334	1.3631942052942396	2900.877268866142
chr2	28420001	28470000	chr2	27470001	28470000	0.025051124744376277	-1.7202600255663092	15.944277074195146	7972.138537097573	3.2411327582927756	8102.831895731939
chr2	29030001	29070000	chr2	28460001	29070000	0.13701431492842536	-0.6304704662815439	22.410847264675294	5468.246732580772	2.291293367484489	2236.3023266648615
chr2	29580001	29620000	chr2	28650001	29620000	0.46319018404907975	-0.5145103992250327	17.426860785817784	6761.6219848973005	2.4636353184899775	3823.562014296445
chr2	30790001	30830000	chr2	29530001	30830000	0.6646216768916156	-1.5038813417979973	13.259347674797066	6894.860790894474	1.9557845752771204	4068.0319165764104
chr2	30800001	30830000	chr2	30800001	32770000	0.7965235173824131	-2.4721266235229553	6.417348302770526	3792.6528469373807	1.150265527788828	2039.420780769592
chr2	31240001	31280000	chr2	29520001	31280000	0.712678936605317	-1.5487080601596552	9.154714168397142	6444.918774551587	1.0916959757899851	3074.2158678245983
chr2	31350001	31390000	chr2	30500001	31390000	0.7862985685071575	-1.9290841991668282	14.758467489928284	5254.014426414469	1.2121919193841941	1726.1612932030926
chr2	31460001	31500000	chr2	31460001	32290000	0.16973415132924335	0.22865299236535905	19.54810438631795	6489.970656257559	2.2458165486156125	2982.4443765615333
chr2	31940001	31980000	chr2	29210001	31980000	0.878323108384458	-4.295511258194319	5.649593034462908	6259.749082184902	1.4960693297517333	6630.579269459682
chr2	32530001	32580000	chr2	32110001	32580000	0.7505112474437627	-1.1000682808977844	31.479413439440446	7397.662158268505	1.5836040989980662	1860.7348163227277
chr2	33960001	34010000	chr2	33960001	34910000	0.3128834355828221	-0.2966557563216071	14.04765532615673	6672.636279924447	2.2039444039973293	5234.3679594936575
chr2	34620001	34670000	chr2	33630001	34670000	0.22443762781186094	1.5305031988234294	13.441522042414558	6989.59146205557	2.8141925517703736	7316.900634602971
chr2	34770001	34820000	chr2	34770001	35980000	0.8128834355828221	-1.031637358181573	9.052108215916006	5476.5254706291835	0.8701844816048006	2632.3080568545215
chr2	34960001	35000000	chr2	34650001	35000000	0.1574642126789366	0.13110980732368954	26.366998425983965	3691.3797796377553	1.2198264378025774	683.1028051694433
chr2	35070001	35140000	chr2	33530001	35140000	0.8047034764826176	-1.776009921218192	7.334130401264968	8265.564962225619	1.2108663276769653	9552.52445904358
chr2	35290001	35340000	chr2	35290001	35980000	0.36400817995910023	-0.8092527534069308	17.94468274386525	6190.915546633511	1.1245268147021705	1939.808755361244
chr2	36210001	36260000	chr2	35110001	36260000	0.6032719836400818	-0.9994152665558834	8.808008743265418	5064.605027377615	1.1558241717744222	3322.994493851464
chr2	38340001	38390000	chr2	37370001	38390000	0.6676891615541922	-1.9285947986102707	13.24759773311169	6756.274843886961	1.857811008984329	4737.418072910039
chr2	41460001	41510000	chr2	41460001	42640000	0.6063394683026585	-2.943057354484048	11.749215202636332	6932.036969555436	2.468415350010724	7281.825282531636
chr2	41970001	42030000	chr2	41110001	42030000	0.8880368098159509	-5.702166549409818	13.675278508332129	7548.753736599335	1.8861706835024492	6246.997303760112
chr2	41970001	42020000	chr2	41100001	42020000	0.8522494887525562	-5.036630951047983	13.49966767681969	6209.847131337057	1.911210835291823	4395.784921171193
chr2	42400001	42450000	chr2	41160001	42450000	0.8517382413087935	-4.753960362877784	10.61171623548932	6844.556971890612	2.131176341971573	6873.043702858322
chr2	42400001	42450000	chr2	41130001	42450000	0.8522494887525562	-4.665145591900432	10.437165002360297	6888.528901557796	2.153799339742688	7107.5378211508705
chr2	42630001	42670000	chr2	40830001	42670000	0.06237218813905931	-1.3988707219328969	9.67002478519668	7117.138241904757	4.429738767294213	13041.150930914162
chr2	44890001	44930000	chr2	43860001	44930000	0.6431492842535788	-1.4502164931511026	9.997095084697172	4278.75669625039	1.667557607191406	2854.8586235116873
chr2	46410001	46450000	chr2	43690001	46450000	0.6630879345603272	-7.0183578527888555	5.426086599181443	5990.399605496313	2.929837065768991	12938.160482435866
chr2	47480001	47520000	chr2	47480001	50380000	0.49795501022494887	-1.412941759152682	4.065177954878322	4715.606427658853	1.864520072803472	8651.37313780811
chr2	47970001	48020000	chr2	47970001	48880000	0.2167689161554192	0.7991115710121499	13.480624114367505	6133.6839720372145	2.5968880196359616	5907.920244671813
chr2	48890001	48960000	chr2	48890001	49720000	0.09713701431492842	1.8381594706672932	15.971785396447064	9279.607315335745	2.2653175877593146	9213.046629417133
chr2	49700001	49770000	chr2	48800001	49770000	0.0869120654396728	0.6270076938905756	15.41324491615294	10465.593298067846	2.2028217577179974	10470.011814433641
chr2	50260001	50300000	chr2	48790001	50300000	0.09611451942740286	1.056133187911534	8.223688491809423	4967.107849052891	2.0966480700632606	5065.501737272837
chr2	50270001	50310000	chr2	50270001	52980000	0.8752556237218814	-4.764101206501935	4.33210339269398	4696.0000776802735	2.4965525879487522	10825.05202134579
chr2	50630001	50670000	chr2	50630001	52980000	0.8578732106339468	-3.4755918786332693	5.546617318401385	5213.820279297302	1.7356675446917822	6526.109968041101
chr2	50630001	50670000	chr2	48790001	50670000	0.5925357873210634	-0.6903186712122696	5.413131991403866	4070.675257535707	0.9016829246817722	2712.262237442771
chr2	51110001	51150000	chr2	51110001	53240000	0.7280163599182005	-0.9700977942078608	4.352090948482213	3707.981488106846	1.0993078522318005	3746.441160405976
chr2	51110001	51150000	chr2	49040001	51150000	0.7535787321063395	-3.06873962328778	6.321565871348999	5335.401595418555	1.7995486837797645	6075.276356440485
chr2	51830001	51870000	chr2	49900001	51870000	0.8844580777096115	-12.913928990743573	7.494079695463079	5905.334800024906	2.7983661016296675	8820.449952336712
chr2	52360001	52430000	chr2	51930001	52430000	0.11809815950920245	-1.0419448758506542	27.258956320794045	9540.634712277915	2.097850160805035	5139.732893972336
chr2	52940001	52980000	chr2	52000001	52980000	0.7469325153374233	-2.238273306205211	13.453924197122758	5273.938285272121	1.1299618493361803	1771.7801797591305
chr2	54060001	54130000	chr2	52880001	54130000	0.23824130879345604	0.2655811947048701	9.525124984190915	8334.484361167051	2.2409760413598154	13725.978253328869
chr2	54620001	54670000	chr2	52410001	54670000	0.8113496932515338	-5.178266173582739	6.115933047795008	6911.004344008359	1.111848891328087	6281.946236003692
chr2	54910001	54980000	chr2	54110001	54980000	0.9805725971370143	-6.529533312596883	14.315480850928212	8718.127838215281	1.664511313120182	7095.811727831337
chr2	56000001	56040000	chr2	54110001	56040000	0.23210633946830267	-0.6571357313249285	6.342027468699681	4896.045205836153	2.0746009963963585	6406.367876871955
chr2	56080001	56130000	chr2	56080001	58780000	0.14468302658486706	3.837522556060747	5.875301593523975	7931.657151257366	4.28079568570367	28895.370878499773
chr2	57090001	57130000	chr2	57090001	60240000	0.549079754601227	-1.3217023688098284	4.182955048624013	5170.13244009928	1.2980743541344795	6542.294744837776
chr2	57230001	57270000	chr2	57230001	60240000	0.7750511247443763	-1.7675058339830472	4.199637353776234	4955.572077455956	1.253592313449197	6037.300581571333
chr2	57880001	57920000	chr2	57880001	60250000	0.6687116564417178	-1.0522330285040036	3.9312849435837633	3632.5072878713972	0.9590758424540784	3636.8155945858653
chr2	57900001	57930000	chr2	55410001	57930000	0.7269938650306749	-4.952282604469697	5.536782737302261	4185.807749400509	2.461124080153128	5581.8294137872945
chr2	58020001	58060000	chr2	58020001	60910000	0.6073619631901841	-2.601663366930815	5.929267787678529	6711.931135652095	1.7266900799199667	7984.214929549926
chr2	58530001	58580000	chr2	58530001	60220000	0.7791411042944786	-2.957070777324771	7.821450996653621	6374.482562272701	1.3662895341673682	5772.5732818571305
chr2	58640001	58680000	chr2	57230001	58680000	0.2668711656441718	-0.047264951285856845	10.463791621076155	6068.999140224169	1.7179437219184186	3985.6294348507313
chr2	59160001	59230000	chr2	59160001	59820000	0.19171779141104295	-1.129074067701442	22.247613311117444	10278.397349736259	1.4098432769942768	4490.350837226772
chr2	59400001	59440000	chr2	58470001	59440000	0.12065439672801637	-2.638346773877679	17.348316492230058	6314.787203171742	2.9539612638681567	4584.547881523379
chr2	59540001	59590000	chr2	59540001	60920000	0.675357873210634	-2.420799671313517	11.838443103980088	8168.525741746261	1.6833845307863922	5807.676631213053
chr2	60190001	60240000	chr2	59200001	60240000	0.17177914110429449	0.044487250698624456	12.87423453375858	6694.6019575544615	1.690629604355037	4395.636971323096
chr2	66610001	66650000	chr2	66150001	66650000	0.2034764826175869	-0.9026687088353783	19.971455816656064	3994.291163331213	1.4714471069375312	1177.157685550025
chr2	66770001	66810000	chr2	66060001	66810000	0.050102249488752554	1.3705588314821155	16.634812606200292	4990.443781860087	2.0327889990911476	2439.346798909377
chr2	66910001	66970000	chr2	66910001	68810000	0.6503067484662577	-1.600831164053453	6.483361885355497	7391.032549305266	2.2759573031636213	15567.547953639169
chr2	69400001	69440000	chr2	68220001	69440000	0.18813905930470348	0.028992171067160573	10.286402537719734	5019.76443840723	2.213299520598148	4320.360664207585
chr2	72020001	72070000	chr2	72020001	72530000	0.23210633946830267	0.08093106051989392	25.117073460142148	6404.853732336248	1.442277730769687	1838.904106731351
chr2	72020001	72060000	chr2	71260001	72060000	0.7300613496932515	-0.8693711619806589	13.559899677371112	4339.167896758756	0.8022088319711299	1026.8273049230463
chr2	72490001	72530000	chr2	72490001	73420000	0.09611451942740286	2.1606919553145856	14.693787948498924	5466.0891168416	2.8657338708131195	4264.211999769922
chr2	72720001	72760000	chr2	72720001	74080000	0.6319018404907976	-1.1122053321057168	9.510666098016657	5173.802357321061	1.347861654073554	2932.9469592640535
chr2	72720001	72760000	chr2	71110001	72760000	0.8179959100204499	-1.352305133708901	5.923931097455637	3909.7945243207205	0.8626473222590755	2277.3889307639593
chr2	73260001	73300000	chr2	72020001	73300000	0.6104294478527608	-1.9194221556399678	10.085137566226198	5163.590433907813	2.542284428175096	5206.598508902596
chr2	73550001	73590000	chr2	73550001	74060000	0.08077709611451943	0.7785995446849069	18.998439028863316	3875.6815618881164	1.5286262036316969	1247.3589821634646
chr2	74030001	74070000	chr2	74030001	76160000	0.5132924335378323	-2.4921020199836517	5.9045469871842915	5030.674033081016	1.78481613829223	6082.65339929992
chr2	74650001	74700000	chr2	72160001	74700000	0.6748466257668713	-1.5656977372518388	4.761658176335147	6047.305883945637	1.585885883291876	10070.375358903413
chr2	75570001	75640000	chr2	75570001	76150000	0.22597137014314927	0.5424448536040749	19.702022511661834	7999.021139734705	1.7983837520913633	5111.0066234436545
chr2	77040001	77090000	chr2	77040001	77350000	0.3558282208588957	-1.093168680925142	31.60570998313264	4898.885047385559	1.5289601478393877	1184.9441145755254
chr2	77230001	77270000	chr2	77230001	77800000	0.0787321063394683	0.574171565041306	20.823845120979474	4747.83668758332	1.615076986238303	1472.9502114493323
chr2	77690001	77730000	chr2	76960001	77730000	0.11860940695296524	0.5880031472733434	19.347973757755767	5959.175917388777	2.2955009430682076	2828.057161860032
chr2	77910001	77940000	chr2	76970001	77940000	0.4938650306748466	-3.2920135788278224	14.147858743672005	4117.026894408554	1.8499120852232567	1614.973250399903
chr2	78020001	78080000	chr2	78020001	79670000	0.29243353783231085	6.596822098183081	10.353221091826027	10249.688880907766	4.0180928532075475	23867.471548052832
chr2	78160001	78200000	chr2	78160001	80630000	0.911042944785276	-6.056316995084324	6.507212453735437	6429.125904290611	1.828434407805765	7225.972779648383
chr2	78530001	78570000	chr2	78530001	79380000	0.696319018404908	-1.7707114868452476	13.672069589639753	4648.503660477516	1.4292762013455578	1943.8156338299586
chr2	78530001	78570000	chr2	77040001	78570000	0.7822085889570553	-1.9826980914631067	8.269405342858299	5060.876069829279	1.309976487017829	3206.8224402196456
chr2	78860001	78910000	chr2	77370001	78910000	0.869120654396728	-6.504551195195008	9.770767186643639	7523.490733715601	2.6307664470313	10128.450821070504
chr2	79030001	79070000	chr2	79030001	79710000	0.7581799591002045	-3.1006134219389145	16.052765864757994	4366.352315214174	1.5178804964907526	1651.453980181939
chr2	79330001	79380000	chr2	79330001	79790000	0.14826175869120656	-1.3978021049704696	24.396832574070114	5611.271492036126	1.9215124035527318	2209.7392640856415
chr2	80750001	80790000	chr2	80750001	82870000	0.25920245398773006	-1.9544130581644958	5.825585393787423	4940.096413931735	2.5233774545771093	8559.296325925554
chr2	84440001	84500000	chr2	84440001	84880000	0.49642126789366053	-0.10476659636101035	19.687915129535796	5197.60959419745	1.105196428696988	1750.631143056029
chr2	85010001	85050000	chr2	83610001	85050000	0.6441717791411042	-0.8719415204242882	6.081193674203974	3429.7932322510414	0.8670228716904351	1997.6206963747625
chr2	90460001	90500000	chr2	90460001	91100000	0.28016359918200406	0.08920433751554566	21.661300334292815	5545.2928855789605	1.585728023633361	1623.7854962005617
chr2	90740001	90790000	chr2	90740001	92060000	0.553680981595092	-1.5323639405384024	11.21873004978524	7404.361832858258	1.506487298487287	4971.408085008047
chr2	90890001	90930000	chr2	90890001	91730000	0.42024539877300615	-1.4185654975438138	18.666728871873506	6272.020900949498	1.6681698215756726	2242.020240197704
chr2	91450001	91500000	chr2	90770001	91500000	0.565439672801636	-1.3652540172802048	20.86895798835392	7617.169665749181	1.8954950607747874	3459.278485913987
chr2	91770001	91810000	chr2	91770001	92320000	0.4662576687116564	-1.9067354459110395	26.83649575476249	5904.029066047748	1.8502613621342099	1628.2299986781047
chr2	91880001	91920000	chr2	91170001	91920000	0.3660531697341513	-1.119010052098799	20.984315106527728	6295.294531958319	1.6731267567517776	2007.752108102133
chr2	92040001	92080000	chr2	91030001	92080000	0.7402862985685071	-0.9672381253032705	11.961842452152013	5023.973829903845	0.973731862671374	1635.8695292879083
chr2	92050001	92090000	chr2	92050001	93360000	0.8905930470347648	-2.974102898880231	11.069582392392388	5800.461173613611	1.3842664348292202	2901.4224474020457
chr2	92390001	92440000	chr2	90730001	92440000	0.8047034764826176	-2.156733572097344	11.037106482254416	9436.726042327526	1.5235972029591685	6513.378042650445
chr2	92480001	92520000	chr2	92480001	93640000	0.5771983640081799	-1.3957422748276735	13.132616508914998	6093.534060136559	1.8689134887572636	3468.7034351334814
chr2	93140001	93190000	chr2	91760001	93190000	0.8507157464212679	-1.963562257472493	11.24785466484795	8042.216085366284	1.1668168395964003	4171.370201557131
chr2	93620001	93670000	chr2	92490001	93670000	0.7505112474437627	-2.5685687646563924	12.321032456927767	7269.409149587383	1.5766798943655176	4651.205688378277
chr2	93830001	93870000	chr2	93830001	94390000	0.5991820040899796	-0.8799705605081852	20.10474726846252	4503.463388135605	1.4744274519157616	1321.0869969165224
chr2	93950001	94010000	chr2	91890001	94010000	0.6329243353783232	-1.3583432748898085	6.830770698350877	8688.740328302316	1.0682811472833222	8153.121716066315
chr2	94240001	94280000	chr2	91010001	94280000	0.7648261758691206	-2.0327277355097717	4.024730077543586	5264.34694142701	0.9324644342185475	4878.65391983144
chr2	94440001	94490000	chr2	94440001	96980000	0.0541922290388548	3.293294279141822	5.742347470191373	7292.781287143043	3.3085384060249883	21009.218878258675
chr2	96300001	96340000	chr2	96300001	97620000	0.6359918200408998	-1.7006110934864893	8.50147199825187	4488.777215076987	1.9664272856608718	4153.094427315761
chr2	96580001	96620000	chr2	96580001	98720000	0.5884458077709611	-3.5093698084618175	6.095414690462191	5217.674975035636	2.267533137781746	7764.033463764698
chr2	97220001	97280000	chr2	96450001	97280000	0.8476482617586912	-3.435240787940005	14.148258022944859	7045.83249542654	1.7704110610133454	5289.988250307876
chr2	97440001	97480000	chr2	97440001	99250000	0.5940695296523517	-2.72289183877756	5.834801083127686	4224.395984184444	1.9106171085567645	5533.14714638039
chr2	97450001	97490000	chr2	96380001	97490000	0.8537832310838446	-2.9222377499460768	7.743161468209396	3437.963691884972	1.6625725705493382	2952.7288852956244
chr2	98240001	98280000	chr2	96220001	98280000	0.7597137014314929	-2.227425475762531	4.951932547335194	4080.3924190042	1.517485152057768	5001.631061182403
chr2	98620001	98670000	chr2	95350001	98670000	0.9151329243353783	-6.4572744828087245	3.6876728353356887	6121.536906657243	1.6465871165042834	13666.673066985551
chr2	101430001	101470000	chr2	101430001	102470000	0.5501022494887526	-0.3298573397443956	8.239473883321942	3427.621135461928	0.7145623885110446	1189.0318144823782
chr2	101640001	101680000	chr2	101180001	101680000	0.2908997955010225	-0.19816092573344332	18.543260448710566	3708.6520897421133	1.0305758638885538	824.4606911108431
chr2	102070001	102110000	chr2	102070001	102650000	0.07975460122699386	0.15774139516478122	23.342547673495428	5415.471060250939	2.1226665825531517	1969.8345886093246
chr2	102270001	102320000	chr2	101670001	102320000	0.6942740286298569	-2.2526477913017087	19.13843110686161	6219.9901097300235	1.62311862562292	2637.567766637245
chr2	103020001	103090000	chr2	101830001	103090000	0.06032719836400818	2.092025668840826	10.79266891153395	9519.133979972943	2.1382892978306547	13201.798124806463
chr2	103960001	104010000	chr2	103430001	104010000	0.15184049079754602	-0.20539321184463508	20.52144454664573	5951.218918527261	1.561305632684107	2263.893167391955
chr2	104560001	104600000	chr2	104170001	104600000	0.21881390593047034	-1.010723140724398	22.914405224239022	3941.277698569112	1.2908052874644098	888.074037775514
chr2	105460001	105510000	chr2	105460001	106340000	0.4003067484662577	-1.0869555048808222	14.345637073232679	6312.080312222379	2.518271743075772	5540.197834766698
chr2	105580001	105620000	chr2	105580001	107210000	0.8732106339468303	-3.6327538637867782	8.188994888669505	5339.224667412517	1.7734705977942036	4625.211319047283
chr2	106170001	106210000	chr2	105620001	106210000	0.06339468302658487	1.9747853378600206	17.386339668547535	4103.176161777218	1.7856645325270415	1685.6673187055271
chr2	106170001	106210000	chr2	104050001	106210000	0.5127811860940695	-1.4127523245962077	6.4109806996207945	5539.087324472366	1.6801523771349995	5806.606615378559
chr2	106310001	106350000	chr2	105150001	106350000	0.703476482617587	-2.324354237054613	8.723635374307161	4187.344979667438	1.5321697987074485	2941.766013518301
chr2	106940001	107010000	chr2	105010001	107010000	0.6830265848670757	-2.2998738960878007	6.66868447918635	9336.15827086089	2.028815033126801	19882.387324642652
chr2	109250001	109290000	chr2	109250001	110060000	0.6840490797546013	-1.2871699784396127	12.899142957817846	4179.322318332982	1.481510750166972	1920.0379322163956
chr2	109660001	109710000	chr2	108260001	109710000	0.8159509202453987	-4.863228638870376	10.006399189131121	7254.639412120063	2.9931396784597633	10850.131334416641
chr2	109850001	109890000	chr2	108690001	109890000	0.5168711656441718	-1.1325324977833804	8.165158458321422	3919.276059994282	1.559505535604814	2994.250628361243
chr2	110170001	110210000	chr2	109850001	110210000	0.017893660531697345	3.7541173601706026	30.0246158729949	4323.544685711266	2.3744704849417246	1367.6949993264334
chr2	113770001	113850000	chr2	112230001	113850000	0.6543967280163598	-0.8806750821491304	7.080014458730225	9175.698738514371	1.3509667970943173	14006.823752273882
chr2	116860001	116900000	chr2	116860001	117450000	0.6728016359918201	-0.9427915400691126	16.943005100359922	3998.549203684942	2.0736067803499236	1957.4848006503278
chr2	118080001	118120000	chr2	117220001	118120000	0.2684049079754601	0.04217178391585656	11.265735213568092	4055.664676884513	1.732087912695151	2494.2065942810173
chr2	118250001	118290000	chr2	118250001	119170000	0.26431492842535786	-0.011236833392552275	11.893508203896035	4376.811019033741	0.949605984351447	1397.82000896533
chr2	119170001	119210000	chr2	118460001	119210000	0.39059304703476483	-0.31394627995104524	15.473537590381332	4642.0612771144	1.359815464571464	1631.7785574857567
chr2	119180001	119220000	chr2	119180001	120670000	0.8333333333333334	-1.8687592872379495	7.381272926778678	4399.238664360092	1.1530212896139116	2748.8027544395654
chr2	119530001	119600000	chr2	119530001	121440000	0.8752556237218814	-3.004211094225306	7.207316489224058	9636.182146092566	1.6743588856229399	15670.324810545095
chr2	119530001	119590000	chr2	118510001	119590000	0.815439672801636	-1.5247686228607598	10.887123848656886	7054.856253929663	1.0538806774815956	4097.488074048444
chr2	119670001	119740000	chr2	119670001	121440000	0.8609406952965235	-3.6085535812216083	8.51753631686434	10553.227496594918	1.9664571441384606	17055.08281111287
chr2	119670001	119740000	chr2	119670001	122110000	0.8220858895705521	-3.794441759663697	6.499792217725355	11101.645107874907	2.038506356307577	24372.38199601339
chr2	120380001	120420000	chr2	120380001	121990000	0.6390593047034765	-2.5494737180221523	8.257949533987004	5318.119499887631	1.6727141595419253	4308.91167498
chr2	120710001	120750000	chr2	120710001	122040000	0.7484662576687117	-2.2307135544643035	9.591712561213185	5102.791082565414	1.4571833178735325	3100.8861004348773
chr2	120820001	120860000	chr2	119050001	120860000	0.8885480572597138	-4.267072777671159	7.559773872517277	5473.276283702508	1.5652190753799753	4532.874442300408
chr2	122590001	122630000	chr2	122010001	122630000	0.119120654396728	-0.6675438806252898	18.750576743831022	4650.143032470093	1.8266429613111579	1812.0298176206686
chr2	124080001	124130000	chr2	124080001	125190000	0.03783231083844581	6.270428051461602	13.085933849360611	7262.693286395139	3.49283322963141	9692.612212227163
chr2	124900001	124940000	chr2	124080001	124940000	0.10633946830265849	1.5246866460906576	15.385406867676185	5292.579962480608	2.8197509724253997	3879.97733805735
chr2	125030001	125070000	chr2	123350001	125070000	0.8169734151329244	-3.279476394282952	7.90346000886488	5437.580486099037	1.5783166640688275	4343.527459517413
chr2	125030001	125070000	chr2	123380001	125070000	0.8087934560327198	-3.3084715059203953	8.031068351379021	5429.002205532218	1.5874416012777823	4292.442089855123
chr2	125160001	125230000	chr2	123030001	125230000	0.05112474437627812	2.6850368768937134	7.610394029332215	11720.006805171612	3.3376130643020376	35979.46883317597
chr2	126840001	126880000	chr2	126840001	127600000	0.8456032719836402	-1.7694079999877868	13.653391125500828	4150.630902152252	1.0251715390692773	1246.6085915082413
chr2	128340001	128380000	chr2	127360001	128380000	0.9539877300613497	-8.444113161310645	13.789028122610395	5625.923474025041	1.6930140479003688	2762.9989261734017
chr2	128550001	128600000	chr2	127280001	128600000	0.2832310838445808	-0.826458891719997	10.389714284341713	6857.21142766553	2.43256037759223	8027.449246054359
chr2	128880001	128920000	chr2	127000001	128920000	0.7561349693251533	-2.247196192252501	5.658164544158307	4345.47036991358	1.1827123797034143	3633.292430448889
chr2	129460001	129500000	chr2	129460001	130410000	0.1901840490797546	-2.3234809889788615	14.200982175078174	5396.373226529706	2.259962433844788	3435.1428994440776
chr2	129660001	129710000	chr2	129660001	130280000	0.455521472392638	-0.6409122020374185	21.146516977083365	6555.420262895843	2.0050563317773356	3107.8373142548703
chr2	129860001	129910000	chr2	129120001	129910000	0.3783231083844581	-1.1303272608504698	16.240225767446514	6414.889178141373	1.856559215775702	3666.7044511570116
chr2	130270001	130310000	chr2	130270001	130980000	0.12576687116564417	0.2360217657211723	14.631749410461824	4155.416832571158	1.1358874266566727	1290.3681166819802
chr2	131060001	131120000	chr2	131060001	131830000	0.1411042944785276	0.7470277756638344	15.396437469444596	7113.1541108834035	1.5995105256195872	4433.843177017496
chr2	131480001	131550000	chr2	131140001	131550000	0.16768916155419222	0.6215046832843187	26.03458151343939	7471.924894357106	1.3870900731308162	2786.6639569198096
chr2	131800001	131840000	chr2	131800001	132930000	0.22699386503067484	-0.07592736376373464	11.371409923509319	5139.877285426212	1.3388165412440014	2420.5803065691543
chr2	132900001	132930000	chr2	131570001	132930000	0.640081799591002	-2.2392866767233084	7.721694634055774	3150.451410694756	1.3440165321040454	1645.0762352953516
chr2	133520001	133560000	chr2	133520001	134470000	0.5378323108384458	-0.5875743881681071	10.161682293053994	3861.4392713605175	1.6065668089168381	2441.981549553594
chr2	133990001	134030000	chr2	132950001	134030000	0.5076687116564418	-2.2063485362837514	10.24868992247528	4427.434046509321	1.9670832373871112	3399.1198342049283
chr2	134460001	134500000	chr2	133300001	134500000	0.19938650306748468	1.0741804327719926	9.9284806772739	4765.6707250914715	2.3987303497393015	4605.562271499459
chr2	135280001	135350000	chr2	134530001	135350000	0.09815950920245399	2.977352426740052	19.034382585828737	10925.735604265696	3.8452664071566476	15450.28042395541
chr2	135970001	136020000	chr2	135970001	136900000	0.27300613496932513	-0.04886939559290297	13.98180845614654	6501.5409321081415	1.644034455663921	3822.3801094186165
chr2	136110001	136170000	chr2	136110001	136910000	0.0598159509202454	1.5906239495398515	16.788608790510214	8058.532219444903	2.373808359540772	6836.568075477424
chr2	136110001	136150000	chr2	135380001	136150000	0.40388548057259716	-0.3915599891949386	14.583244159526867	4491.639201134275	1.4436226076547527	1778.5430526306554
chr2	136450001	136490000	chr2	136450001	137820000	0.5930470347648262	-1.5156002703225766	9.877651046956567	5412.952773732199	1.9083421939424638	4183.086089121881
chr2	136890001	136930000	chr2	136890001	138980000	0.7914110429447853	-2.679808891498803	6.023463834954357	5035.615766021842	2.070780236718375	6924.689111586247
chr2	137700001	137740000	chr2	136460001	137740000	0.6160531697341514	-2.4328373911879546	10.420227726388244	5335.156595910781	2.5994518264781035	5323.677340627156
chr2	137910001	137960000	chr2	136000001	137960000	0.3655419222903885	-0.10304854568678844	6.910192054337671	6771.988213250917	2.5129077346749926	12313.247899907463
chr2	138000001	138070000	chr2	138000001	138980000	0.04907975460122699	1.798912972750783	14.584363413876181	10004.87330191906	2.728531519563566	13102.408356944245
chr2	138250001	138300000	chr2	138250001	139360000	0.5347648261758691	1.7410506980571225	13.572715823631462	7532.857282115461	3.415525055797805	9478.08202983891
chr2	138470001	138510000	chr2	138470001	139310000	0.8087934560327199	-3.755480153569764	16.039263402059998	5389.192503092159	2.181350161294983	2931.734616780457
chr2	139350001	139390000	chr2	137960001	139390000	0.49795501022494887	-7.070867440775645	11.5333331608869	6597.066568027306	3.689531173128462	8441.647324117921
chr2	139360001	139400000	chr2	139360001	140210000	0.9427402862985685	-2.50260674739745	10.778125852866648	3664.5627899746605	1.1540091031764905	1569.452380320027
chr2	139560001	139600000	chr2	137710001	139600000	0.065439672801636	2.954980165659877	7.848261776428244	5933.285902979753	3.4004061497434135	10282.828196824083
chr2	139580001	139620000	chr2	139580001	140220000	0.5690184049079754	-0.4272002390790226	14.184130915812851	3631.13751444809	1.1305164991972942	1157.6488951780293
chr2	140460001	140510000	chr2	140460001	142980000	0.7413087934560327	-5.622867622127806	6.233462522114473	7854.162777864236	4.2809605884047395	26970.05170694986
chr2	140650001	140690000	chr2	140650001	142150000	0.08895705521472393	0.9760234435206274	10.175124519818645	6105.074711891187	3.6619128804565118	8788.590913095628
chr2	141200001	141240000	chr2	141200001	142750000	0.803680981595092	-5.024473807369975	9.012902666729966	5587.999653372579	2.4185171242658328	5997.922468179266
chr2	141800001	141860000	chr2	140800001	141860000	0.8992842535787321	-3.9179010409318398	12.47667124898832	7935.162914356571	1.777838020230323	6784.229885198913
chr2	142220001	142270000	chr2	140390001	142270000	0.22750511247443764	-4.66325210375155	8.975608487616276	8437.0719783593	4.233214040684684	19896.105991218017
chr2	142340001	142380000	chr2	140770001	142380000	0.8588957055214724	-5.170929262909144	8.097307670225169	5214.666139625008	2.0455309566310027	5269.287744281462
chr2	142340001	142380000	chr2	140770001	142380000	0.8588957055214724	-5.170929262909144	8.097307670225169	5214.666139625008	2.0455309566310027	5269.287744281462
chr2	142580001	142620000	chr2	140780001	142620000	0.7397750511247444	-4.745618251273794	8.005471309819477	5892.026884027135	2.5078350390834796	7383.066355061764
chr2	142800001	142840000	chr2	140090001	142840000	0.2167689161554192	-4.160544202392217	6.492872950096169	7142.160245105786	4.7522685930153825	20909.981809267683
chr2	143520001	143560000	chr2	143520001	144620000	0.6543967280163598	-0.9377946991074401	10.491958240238295	4616.46162570485	1.170476513288474	2060.038663387714
chr2	143530001	143560000	chr2	142320001	143560000	0.6784253578732107	-1.0756578020979692	9.615697857856821	3577.0396031227374	1.3322817743509983	1486.8264601757141
chr2	144440001	144490000	chr2	143800001	144490000	0.6073619631901841	-0.19705156960386172	15.967922154397957	5508.933143267295	1.6994943571073258	2931.627766010137
chr2	144600001	144660000	chr2	144600001	145900000	0.2929447852760736	-0.45367715421285243	9.645002076323674	7523.101619532466	1.9809209718097611	9270.710148069682
chr2	145160001	145190000	chr2	145160001	146800000	0.6998977505112474	-1.6646548875945346	9.041269648884242	4448.304667251047	1.5904781444692928	2347.5457412366763
chr2	145500001	145540000	chr2	144140001	145540000	0.8834355828220859	-5.793893795391668	10.099251380261123	5655.5807729462285	1.8033814436469442	4039.574433769155
chr2	145930001	145970000	chr2	145930001	146560000	0.06441717791411043	2.430717487641884	18.893398113006786	4761.13632447771	2.5877088274174525	2608.410498036792
chr2	146380001	146420000	chr2	145700001	146420000	0.06543967280163598	0.18522277123341208	17.159269254814475	4941.869545386569	2.1758941173139017	2506.630023145615
chr2	147150001	147190000	chr2	146400001	147190000	0.09100204498977506	0.27474643697209084	13.452775763944851	4251.077141406573	1.9096682476555535	2413.8206650366196
chr2	149990001	150040000	chr2	149370001	150040000	0.07668711656441718	-3.50376362722665	20.12154143525782	6740.71638081137	3.0121541997306327	5045.35828454881
chr2	150110001	150150000	chr2	150110001	150970000	0.3880368098159509	-0.19013402295666926	9.257857149046293	3184.702859271925	0.8695745686811961	1196.5346065053259
chr2	152660001	152710000	chr2	152660001	153540000	0.41922290388548056	-0.3019134471607711	15.549500887188113	6841.78039036277	1.4876117530486586	3272.745856707049
chr2	152890001	152940000	chr2	152890001	153630000	0.2280163599182004	0.08871849057997096	19.302522298267	7141.93325035879	1.8318482598004049	3388.919280630749
chr2	154190001	154230000	chr2	151490001	154230000	0.7607361963190185	-1.5172244529773173	3.7967688693431167	4161.258680800056	0.9510246341829002	4169.291996257834
chr2	154190001	154230000	chr2	154190001	155010000	0.4233128834355828	-0.5633838833058848	13.060301422726791	4283.7788666543875	0.890746575288566	1168.6595067785986
chr2	155050001	155090000	chr2	155050001	155990000	0.5904907975460123	-0.6203581037773788	13.04093599695678	4903.391934855749	1.1622399869816518	1748.0089404204043
chr2	157530001	157570000	chr2	155110001	157570000	0.37014314928425357	-1.0188190842747484	5.897511313311671	5803.151132298684	1.0873965455136967	4279.99280314191
chr2	157600001	157650000	chr2	157600001	158670000	0.08895705521472393	1.6840381896574508	13.473660119906906	7208.408164150195	2.4141694535816485	6457.903288330909
chr2	158330001	158370000	chr2	157190001	158370000	0.36860940695296524	-1.845706161845036	12.656488191497262	5973.862426386708	2.3693612414376153	4473.3540238342175
chr2	159050001	159100000	chr2	159050001	161300000	0.7955010224948875	-3.996379513869497	5.72872125351329	6444.811410202451	1.9814362698314725	11145.579017802032
chr2	159700001	159760000	chr2	159020001	159760000	0.8220858895705521	-0.985072259212041	12.119398096288148	5381.012754751938	1.0294943808611718	2742.573030614162
chr2	160330001	160370000	chr2	158610001	160370000	0.630879345603272	-3.0408300979313743	6.929975030015305	4878.702421130774	2.353426103634867	6627.2479078357865
chr2	160550001	160590000	chr2	158870001	160590000	0.15184049079754602	0.04814500955960352	7.54299187732968	5189.57841160282	2.58188778106186	7105.3551734822395
chr2	161060001	161110000	chr2	161060001	164210000	0.8578732106339468	-4.211150529571323	4.028635405300911	6345.1007633489335	1.6011731847159487	12609.238829638096
chr2	161450001	161520000	chr2	161450001	162570000	0.23568507157464214	1.2585367679075126	12.775764407914052	10016.199295804616	2.409428498062186	13222.943597365276
chr2	161690001	161730000	chr2	161690001	162530000	0.9284253578732107	-6.219503426377964	15.57432285147161	5232.972478094461	2.0372226969913094	2738.02730475632
chr2	162440001	162480000	chr2	161240001	162480000	0.7745398773006135	-5.639010140477694	11.873375455186135	5889.194225772323	2.330239794429871	4623.195752148864
chr2	162620001	162690000	chr2	161040001	162690000	0.19631901840490798	-9.218889908129263	11.441193881837405	13214.578933522203	4.126166886130104	33360.05927436189
chr2	164070001	164110000	chr2	164070001	164770000	0.8941717791411044	-1.7287509304381596	16.71952517835034	4681.467049938095	1.8778625928115016	2103.2061039488817
chr2	165050001	165110000	chr2	165050001	165770000	0.10378323108384457	0.5557293219621615	22.902143163958474	9893.72584683006	2.3414712518740535	6069.093484857547
chr2	165530001	165580000	chr2	165530001	166770000	0.7489775051124745	-3.0558196049523945	12.133749108399353	7522.924447207599	2.062514606856014	6393.795281253643
chr2	165690001	165760000	chr2	165690001	166760000	0.7484662576687117	-3.276308969432006	11.481154369002185	8599.384622382637	1.5997273573761612	8387.370534723213
chr2	165980001	166030000	chr2	164770001	166030000	0.815439672801636	-2.8721373091205282	10.812556099443864	6811.910342649634	1.30718090531578	4117.6198517447065
chr2	166770001	166810000	chr2	165020001	166810000	0.8261758691206544	-4.466260460419745	8.838455283015534	6328.333982639122	2.229654296719582	6385.729905804883
chr2	166970001	167010000	chr2	165180001	167010000	0.8333333333333334	-2.33128751626268	8.20788639146881	6008.172838555169	1.1935450364551232	3494.699866740601
chr2	167060001	167120000	chr2	167060001	167480000	0.04141104294478527	2.430605807760442	37.140241884869276	9359.340954987058	2.345058043882541	3545.727762350402
chr2	167620001	167670000	chr2	166790001	167670000	0.787321063394683	-1.7617956299069863	13.517208250907855	5947.571630399456	1.1931813779988256	2624.9990315974164
chr2	167640001	167710000	chr2	167640001	168090000	0.16462167689161555	0.16546125245111812	25.988900430461314	8186.503635595314	1.9521975767821795	4304.595656804706
chr2	169040001	169080000	chr2	169040001	170420000	0.6293456032719836	-1.9584744360782291	8.093717737738261	4467.73219123152	2.22898368742406	4921.5959818323245
chr2	173510001	173570000	chr2	172930001	173570000	0.0843558282208589	2.004716888694826	18.048774082423293	6930.7292476505445	2.1758254815207554	5013.10190942382
chr2	174880001	174920000	chr2	173120001	174920000	0.5552147239263804	-3.040849544456947	7.14542079646633	5144.702973455757	2.426407947108608	6988.054887672792
chr2	178490001	178520000	chr2	178490001	180840000	0.5316973415132924	-2.7329043238223836	5.762364634320811	4062.4670671961717	1.7913488318872777	3788.702779441592
chr2	178500001	178560000	chr2	178080001	178560000	0.35224948875255624	-0.3017059200598087	16.85943168979231	4855.516326660185	0.5906447001686933	1020.6340418915021
chr2	179690001	179730000	chr2	178600001	179730000	0.6840490797546013	-2.0514037088124515	11.559906356320997	5225.077673057091	1.3923650445359002	2517.3960005209074
chr2	179840001	179890000	chr2	178540001	179890000	0.03169734151329243	3.986637704942357	11.867751433434115	8010.732217568027	2.700739358110555	9114.995333623123
chr2	180110001	180150000	chr2	180110001	181860000	0.8210633946830266	-1.4351194745215419	7.19712642523246	5037.988497662722	1.0173029296964378	2848.4482031500256
chr2	180110001	180150000	chr2	178130001	180150000	0.885480572597137	-1.6071212483062907	6.161362660955764	4978.381030052257	0.8723164702716212	2819.3268319178796
chr2	180560001	180600000	chr2	180560001	181880000	0.45858895705521474	-0.36683615359796945	9.5417875787134	5038.063841560675	0.9801127942471227	2069.998221449923
chr2	180560001	180600000	chr2	179900001	180600000	0.42126789366053174	-1.0072189869651715	16.530523796944333	4628.546663144413	1.2705466781821506	1423.0122795640086
chr2	180670001	180710000	chr2	180670001	181850000	0.6503067484662577	-1.013599130593102	10.593000008703306	4999.896004107961	1.011887778937811	1910.4441266345868
chr2	180770001	180830000	chr2	180770001	181850000	0.6319018404907975	-1.021123577816329	14.032110646350397	9092.807698835057	1.0738478631690302	4175.12049200119
chr2	181760001	181800000	chr2	180850001	181800000	0.8977505112474438	-2.725717475807796	16.29399875429618	6191.719526632548	1.2009744603567418	1825.4811797422476
chr3	8930001	8980000	chr3	8930001	10000000	0.12985685071574643	-0.2805120075652099	11.83136918327659	6329.782513052976	2.0387601926077004	5453.683515225598
chr3	9580001	9620000	chr3	8500001	9620000	0.7551124744376279	-2.6643198449036696	10.950000724150145	4905.600324419265	1.58874562270169	2847.0321558814285
chr3	9580001	9620000	chr3	8490001	9620000	0.7423312883435583	-2.5691440541855473	10.865779354240157	4911.332268116551	1.5867866985536303	2868.9103509849638
chr3	9680001	9730000	chr3	7350001	9730000	0.8016359918200409	-2.6500266021468746	4.908677864055628	5841.326658226197	1.3969468749389804	8311.833905886933
chr3	10850001	10920000	chr3	10850001	12980000	0.9141104294478528	-5.135032407902417	5.22284742914311	7787.265516852378	1.8314418079865056	19114.75814995516
chr3	12930001	12970000	chr3	12930001	13930000	0.3890593047034765	-0.961028167780156	9.65179135636479	3860.7165425459157	1.652818353149492	2644.5093650391873
chr3	13850001	13920000	chr3	11030001	13920000	0.3609406952965235	-1.8815041598356268	4.708427257080021	9525.148341072882	2.4661036191857204	34922.493351288984
chr3	14140001	14200000	chr3	11190001	14200000	0.9458077709611452	-11.105509859092422	4.302557480629833	7770.418810017478	2.0832049648609705	22573.608999233475
chr3	17770001	17810000	chr3	16820001	17810000	0.7730061349693251	-4.103489297305123	10.847135027363173	4295.465470835817	2.461661124928728	3899.2712218871056
chr3	18040001	18080000	chr3	18040001	20160000	0.40848670756646216	-0.591107865509314	6.806718860832651	5772.097593986088	3.0058090479775235	10195.704290739759
chr3	19860001	19900000	chr3	19110001	19900000	0.1196319018404908	0.5337702148916356	12.595085927195315	3980.0471529937195	1.8665882261537807	2359.367517858379
chr3	20560001	20600000	chr3	20560001	22320000	0.9560327198364008	-14.499609674617439	6.26322907630707	4409.313269720177	3.1262025372030084	8803.386344763672
chr3	20640001	20690000	chr3	20640001	20980000	0.6891615541922291	-0.6838480922679298	21.39073579958689	3636.4250859297713	1.3828203461267448	1175.397294207733
chr3	21200001	21230000	chr3	21200001	23130000	0.852760736196319	-5.097359635734037	5.944117503056181	3441.6440342695287	1.726257995453565	2998.5101381028426
chr3	21890001	21940000	chr3	19540001	21940000	0.7678936605316973	-4.127982486512083	5.941088373215505	7129.306047858607	2.136377674329687	12818.266045978122
chr3	22180001	22220000	chr3	20710001	22220000	0.18711656441717792	-2.1351634047726655	9.19608805977863	5554.4371881062925	3.2003306157066294	7731.998767547217
chr3	22480001	22510000	chr3	22480001	24960000	0.8440695296523517	-4.448743679195152	4.039107819363563	3005.0962176064913	1.6159990162225804	3606.9098042087994
chr3	24550001	24600000	chr3	22730001	24600000	0.876278118609407	-4.197660092946976	5.907989342537678	5523.970035272729	1.64901055804264	7709.124358849342
chr3	24550001	24600000	chr3	24550001	25690000	0.7684049079754601	-1.942357395387925	9.001360455214963	5130.775459472528	1.6838393422045765	4798.942125283043
chr3	25050001	25090000	chr3	25050001	26330000	0.8747443762781186	-5.076268170366983	8.886916869378474	4550.101437121779	2.0488588351415578	4196.06289436991
chr3	25990001	26030000	chr3	24370001	26030000	0.6186094069529653	-3.885261832548712	7.968142459107049	5290.8465928470805	2.4032570590478817	6383.050748831174
chr3	26130001	26180000	chr3	23940001	26180000	0.2341513292433538	-5.241082796652959	6.714270510129286	7519.982971344801	3.565901071429116	19969.04600000305
chr3	27430001	27470000	chr3	27430001	28810000	0.47443762781186094	-1.305825395147227	8.376808771884765	4623.99844208039	2.6684299209659508	5891.893265492819
chr3	31570001	31610000	chr3	30530001	31610000	0.07413087934560328	1.5649726122252634	10.439087196187325	4509.685668752924	2.0666803215111136	3571.2235955712044
chr3	37940001	37980000	chr3	37410001	37980000	0.2392638036809816	0.3473681424737024	16.871413562659473	3846.6822922863603	1.958927074843586	1786.5414922573505
chr3	38440001	38480000	chr3	37430001	38480000	0.820040899795501	-2.209173713250819	9.454569684915715	3970.9192676646003	1.1939954474814765	2005.9123517688804
chr3	38690001	38730000	chr3	37530001	38730000	0.8512269938650306	-2.096501188742008	7.787584733934415	3738.0406722885195	1.2386220550301832	2378.1543456579516
chr3	38840001	38910000	chr3	36890001	38910000	0.8179959100204499	-2.3115933042892185	4.738055585216678	6699.610597496382	1.6406027547302484	16238.686066319999
chr3	38860001	38910000	chr3	38860001	40980000	0.4325153374233129	0.19215489781613496	5.552270522951015	5635.55458079528	2.7905576072466474	14789.95531840723
chr3	40500001	40540000	chr3	40500001	40980000	0.02556237218813906	-2.702236307868255	21.53598685929078	3359.613950049362	2.0314933489775506	1462.6752112638364
chr3	41560001	41610000	chr3	40660001	41610000	0.8701431492842536	-4.048782261983582	13.089618426203266	6217.568752446551	2.4790345933364946	5887.707159174174
chr3	45370001	45420000	chr3	45370001	48980000	0.9468302658486708	-9.218350825787248	2.827145580142517	5102.997772157243	2.367082592144508	21362.920394104185
chr3	49740001	49790000	chr3	49740001	51420000	0.5766871165644172	-1.10055130418431	5.740696903724497	4707.371461054087	1.3521700287053524	5679.11412056248
chr3	50250001	50310000	chr3	50250001	51490000	0.6053169734151329	-0.6418163864143432	7.489503286563642	5392.442366325822	1.5035155728236533	6711.693517084788
chr3	50570001	50630000	chr3	50570001	51200000	0.7341513292433538	-1.9417138014262336	15.054227373181291	5329.196490106177	1.303140540220108	2955.522745219205
chr3	50880001	50920000	chr3	47550001	50920000	0.6932515337423313	-4.724253095157334	3.7712505908963783	5023.305787073976	2.0992229500960717	11319.010146918019
chr3	51120001	51180000	chr3	49300001	51180000	0.6349693251533742	-1.5334729335816144	5.508697989792999	6081.602580731471	1.8912835131214347	12800.20681680587
chr3	51550001	51590000	chr3	51550001	53290000	0.7377300613496933	-8.16144167951106	8.087910610827944	5629.185785136248	2.4262296846536198	6754.623442075677
chr3	52180001	52250000	chr3	51200001	52250000	0.07157464212678936	7.568871175641266	15.013434044609163	11034.874022787735	3.4352641563671167	17674.434084508815
chr3	52230001	52270000	chr3	52230001	53510000	0.5966257668711656	-0.25940380295116516	10.043814436736774	5142.432991609228	3.25601755757207	6668.323957907599
chr3	52570001	52610000	chr3	51180001	52610000	0.7975460122699386	-2.418916707177362	8.420372029407593	4816.452800821144	1.3793037771760726	3155.847042178854
chr3	52930001	52980000	chr3	51190001	52980000	0.7198364008179959	-5.34630020840931	8.133627116120747	7279.59626892807	2.451004213104418	10968.24385364227
chr3	53430001	53470000	chr3	51200001	53470000	0.8721881390593047	-6.249498676765187	7.531467775067354	6838.572739761158	2.507781452787724	9108.262236525014
chr3	55490001	55560000	chr3	55490001	56190000	0.054703476482617586	2.495224725465499	19.59633596140187	9602.204621086916	2.401387233632367	8236.758211359018
chr3	55620001	55660000	chr3	55620001	56360000	0.6411042944785276	-1.169483127642177	14.68928645833628	4348.028791667539	1.2359649257010872	1463.3824720300872
chr3	56050001	56090000	chr3	56050001	57150000	0.4125766871165644	-7.644872161690596	12.028741097375462	5196.4161540662	2.510614908709461	4418.682239328651
chr3	56470001	56510000	chr3	55340001	56510000	0.3885480572597137	-1.2827108281270838	9.359696821460512	4380.338112443519	1.4751880418652343	2761.5520143717185
chr3	56730001	56780000	chr3	55330001	56780000	0.2505112474437628	-0.9849620955087238	8.121583723215593	5888.1481993313055	1.9070122945473857	6912.919567734273
chr3	57180001	57220000	chr3	55050001	57220000	0.06339468302658487	6.564716899096532	6.9057975733594565	5938.985913089133	3.9193230909886396	13607.889771912556
chr3	57810001	57850000	chr3	57810001	59340000	0.6482617586912065	-0.978501326387578	6.756575206748828	4135.024026530283	1.626000511408368	3980.4492519276846
chr3	58090001	58150000	chr3	57660001	58150000	0.08793456032719836	1.4554288940317561	19.656089775054955	5778.890393866157	2.0283212421196457	3577.958671099055
chr3	58390001	58440000	chr3	58390001	59410000	0.5531697341513293	-0.4264239569028241	9.031447678769426	4606.038316172408	1.001304333149137	2553.326049530299
chr3	58780001	58820000	chr3	58410001	58820000	0.15439672801635992	-0.09869465491437462	23.63292750405511	3875.800110665038	1.605485385202349	1053.198412692741
chr3	59310001	59350000	chr3	59310001	60820000	0.28732106339468305	-2.5507083010409537	8.449577859630507	5103.545027216826	2.548543225350708	6157.28043244731
chr3	59320001	59350000	chr3	58400001	59350000	0.7566462167689162	-1.1864488538130895	7.682315057284775	2189.459791326161	0.8296279304078086	709.3318804986764
chr3	59400001	59440000	chr3	59400001	60760000	0.8921267893660532	-4.7019959866587575	8.06739821079054	4388.664626670054	1.7277991606102923	3759.690973487996
chr3	59710001	59760000	chr3	59090001	59760000	0.3343558282208589	0.33006353359990137	14.395043429759358	4822.339548969385	1.6813842509453927	2816.3186203335326
chr3	63550001	63590000	chr3	63550001	65990000	0.5071574642126789	-1.323874369659246	4.405207470839196	4299.482491539055	1.4727994674029334	5749.8091207410525
chr3	67570001	67610000	chr3	67570001	69940000	0.6942740286298569	-1.2956176167727858	3.5253719638176193	3342.052621699103	1.2005953843214545	4552.6576973469555
chr3	68020001	68080000	chr3	68020001	68780000	0.6973415132924335	-0.9465884768712645	13.523469496486564	6166.702090397874	2.3882979671088456	6534.383238009802
chr3	68560001	68630000	chr3	68560001	69860000	0.6109406952965235	-0.5364698482587796	8.55948700824652	7789.1331775043345	0.825174363022821	5256.36069245537
chr3	69100001	69140000	chr3	69100001	69530000	0.29141104294478526	-0.24204829090137694	17.802555169478737	3062.039489150343	1.1682838247380631	803.7792714197875
chr3	69680001	69730000	chr3	69010001	69730000	0.07719836400817996	0.6251569556848058	14.101786717750535	5076.6432183901925	2.1895395106051967	3941.171119089354
chr3	69870001	69920000	chr3	68970001	69920000	0.21881390593047034	0.13663496165445255	12.30505426091355	5844.900773933937	1.852657150100732	4400.060731489239
chr3	70070001	70120000	chr3	70070001	72980000	0.7955010224948875	-8.200978538300278	4.432255066691898	6448.931122036711	3.8464379009666443	27982.835729532337
chr3	75140001	75210000	chr3	73280001	75210000	0.3824130879345603	-2.231204861397448	5.321888892689008	7189.87189402285	2.3209783132397153	21949.491908307988
chr3	75690001	75730000	chr3	75190001	75730000	0.3675869120654397	-0.9958078514827852	14.55790148944104	3144.5067217192645	1.4759666490934018	1275.235184816699
chr3	76030001	76070000	chr3	76030001	77900000	0.6871165644171779	-3.0592221599731917	5.950456521861767	4450.941478352602	2.996200171658002	8964.630913600742
chr3	78890001	78930000	chr3	75890001	78930000	0.22648261758691207	-2.1823673745511876	4.10600831072634	4992.906105843229	3.3647576824601955	16366.181367486392
chr3	78950001	79020000	chr3	78950001	79700000	0.2065439672801636	0.7642854024738286	13.653069611118646	7167.861545837289	1.9004011267416918	6983.974140775717
chr3	79570001	79620000	chr3	78950001	79620000	0.026584867075664622	2.7344042512916324	18.705397475141293	6266.308154172333	2.9227684995492593	4895.637236745009
chr3	79790001	79860000	chr3	78870001	79860000	0.22699386503067484	0.037158613273111506	9.10790207724478	6311.7761395306325	1.1341930193531016	5501.9703368818955
chr3	80800001	80830000	chr3	79090001	80830000	0.44734151329243355	-2.531370751889332	6.338763254236578	3308.8344187114935	1.7465041691118215	2735.0255288291123
chr3	80990001	81040000	chr3	80990001	82570000	0.8742331288343558	-3.496003952922459	5.925185516501861	4680.89655803647	1.4209824677100242	5612.880747454596
chr3	81010001	81040000	chr3	79400001	81040000	0.6600204498977504	-1.3854651263067173	4.7572594865611215	2340.571667388072	1.010881374067072	1492.0609081229982
chr3	82310001	82360000	chr3	81910001	82360000	0.08486707566462168	2.4523410478961614	22.244235799324272	5004.9530548479615	2.5019609625797212	2814.7060829021866
chr3	84160001	84230000	chr3	84160001	86980000	0.7929447852760736	-2.822537685449674	5.032077526667883	9933.321037642401	1.2222668380412258	16889.28316805366
chr3	84280001	84340000	chr3	83890001	84340000	0.1114519427402863	0.32244401838557724	24.006711906861238	6481.812214852534	1.940674003477478	3143.8918856335144
chr3	84510001	84580000	chr3	83910001	84580000	0.17280163599182005	-0.02122012638188376	17.081590393540473	8011.2658945704825	1.751347833433605	5749.674937162526
chr3	84650001	84690000	chr3	84650001	86140000	0.7464212678936605	-3.547865581990853	7.7371836785904	4611.3614724398785	1.966892034098519	4689.0706092908695
chr3	85650001	85700000	chr3	84160001	85700000	0.638036809815951	-3.108188832605856	7.958102189657675	6127.7386860364095	1.8792514919302772	7235.118243931567
chr3	85870001	85940000	chr3	84980001	85940000	0.1303680981595092	0.6612471782263298	11.536594654991033	7752.591608153974	1.860031704363732	8749.589137326995
chr3	86100001	86150000	chr3	84170001	86150000	0.3394683026584867	-0.21797047698755628	6.069400971549988	6008.706961834488	2.3827997105047785	11794.858566998653
chr3	88290001	88330000	chr3	88290001	90500000	0.6574642126789366	-2.9257358882260442	6.785230321115075	5998.143603865727	1.7651292779449017	6241.497126813172
chr3	88390001	88440000	chr3	88390001	89420000	0.9038854805725971	-3.9138019220411784	15.04797951670152	7749.709451101283	1.4880227323947923	3831.65853591659
chr3	88390001	88440000	chr3	88390001	89430000	0.9038854805725971	-3.8939404563959017	14.919452296950372	7758.115194414193	1.487407747776608	3867.2601442191803
chr3	88390001	88420000	chr3	87890001	88420000	0.9008179959100204	-3.3271420000693963	18.68903842498897	2971.557109573246	1.190411243525851	567.8261631618309
chr3	88710001	88760000	chr3	87630001	88760000	0.8813905930470347	-1.9419296994490267	11.775072945186649	6652.916214030457	1.085456345066505	3066.4141748128764
chr3	89710001	89780000	chr3	89710001	90510000	0.7678936605316973	-1.1093349700527142	15.021368713525437	8411.966479574245	1.0037310902510754	3934.6258737842154
chr3	89740001	89780000	chr3	87880001	89780000	0.6441717791411044	-2.0149023811937257	8.104273294134195	6159.247703541989	1.5850384635427692	4818.516929170019
chr3	89850001	89910000	chr3	89020001	89910000	0.6104294478527608	-2.663781152071069	14.723258648387313	7862.220118238825	1.925850915112999	6170.426332022049
chr3	90030001	90070000	chr3	88030001	90070000	0.7147239263803681	-3.1049457810512044	6.085059864718468	4965.4088496102695	1.8185697351494	5935.811615527641
chr3	94440001	94480000	chr3	94440001	96060000	0.6278118609406953	-1.3652534271516967	7.773599106699891	5037.292221141529	1.2763211708907738	3308.2244749488855
chr3	95480001	95520000	chr3	95480001	96170000	0.17995910020449898	-0.3532951951367335	17.878946882193095	4934.589339485294	1.8599502729221429	2053.3851013060457
chr3	96020001	96060000	chr3	95020001	96060000	0.5945807770961145	-1.7670666373047133	14.80913761970336	6160.601249796598	1.712956428953381	2850.359497778426
chr3	96120001	96170000	chr3	94980001	96170000	0.6196319018404908	-2.9574223276045335	12.861283201922808	7652.46350514407	1.7950650682059885	5340.318577912816
chr3	96250001	96290000	chr3	94430001	96290000	0.9028629856850716	-3.567620581526925	6.5069717428229135	4841.186976660248	1.3458627125685758	4005.287432604082
chr3	96250001	96300000	chr3	96250001	96980000	0.4396728016359918	-1.0025447038587934	15.410719775869573	5624.912718192394	1.5067218196175933	2749.767320802108
chr3	96250001	96290000	chr3	94300001	96290000	0.8957055214723927	-3.4548600015103186	6.139176203853699	4886.784258267545	1.3610159648241758	4333.474832000175
chr3	97200001	97240000	chr3	97200001	98020000	0.6712678936605316	-1.3327169882172243	12.831304846153232	4208.66798953826	1.1104415652312627	1456.8993335834166
chr3	97900001	97940000	chr3	97900001	98430000	0.3118609406952965	-0.9759054507923923	15.91309845688861	3373.5768728603853	1.5629750026156444	1325.4028022180664
chr3	98000001	98050000	chr3	97670001	98050000	0.45552147239263807	-1.2022890870824996	19.644198055182816	3732.397630484735	0.9694774871436771	921.0036127864932
chr3	100920001	100980000	chr3	100920001	102270000	0.3312883435582822	-0.5157192836330053	8.134838101582396	6589.218862281741	1.8966229479682934	9217.587527125906
chr3	101140001	101180000	chr3	101140001	102820000	0.8369120654396728	-2.4077810929704824	5.586122231502661	3753.874139569788	1.2218152572458938	3284.2394114769622
chr3	101140001	101180000	chr3	100410001	101180000	0.7822085889570553	-1.1881620217699045	11.197883242544881	3448.9480387038234	0.9109468217882393	1122.2864844431108
chr3	101810001	101870000	chr3	101020001	101870000	0.19631901840490798	-3.106671341491103	13.988598506201674	7134.185238162854	2.1330744978642047	6527.207963464467
chr3	101840001	101880000	chr3	101840001	103380000	0.6134969325153374	-1.1395768221664344	6.547596396305634	4033.3193801242705	1.1594632057119316	2856.9173388741997
chr3	101970001	102020000	chr3	101330001	102020000	0.7944785276073619	-4.673985362723296	16.38019975739308	5651.168916300612	1.607043877128427	2772.1506880465367
chr3	103020001	103060000	chr3	103020001	105960000	0.7346625766871167	-1.7508821277892217	3.7851660433879575	4451.355267024238	1.1825001268924744	5562.4805969022
chr3	103480001	103520000	chr3	103480001	105790000	0.8271983640081799	-2.6513630059531335	5.890182463402174	5442.528596183609	1.216222636377799	4495.158864052345
chr3	104640001	104690000	chr3	103760001	104690000	0.41513292433537835	-1.20252883420661	14.436651559011121	6713.042974940171	1.8731795799730815	4355.142523437415
chr3	105610001	105670000	chr3	105070001	105670000	0.15439672801635992	0.032871051205087466	22.765835669268736	8195.700840936744	2.2052601144871136	4763.361847292165
chr3	105870001	105910000	chr3	105060001	105910000	0.15644171779141106	-0.5641680285108026	13.520282429118904	4596.896025900427	1.9944162455524281	2712.4060939513024
chr3	105930001	105970000	chr3	105930001	108980000	0.7638036809815951	-3.4459890588154587	3.3683885240382865	4109.433999326709	1.3761485929373733	6715.605133534382
chr3	106690001	106730000	chr3	106690001	108440000	0.5316973415132924	-0.40148893753913745	4.4439993052831435	3110.7995136982004	0.6254252479749132	1751.190694329757
chr3	106690001	106730000	chr3	103500001	106730000	0.5725971370143149	-0.987137196236302	2.814338858570144	3636.125805272626	0.8282504956471289	4280.398561504362
chr3	107080001	107120000	chr3	107080001	108860000	0.6339468302658486	-0.9076913859948553	7.077069487945249	5038.873475417017	0.9186807439823836	2616.4027588618287
chr3	107330001	107380000	chr3	107330001	108660000	0.5153374233128835	-1.1139756353804806	9.39012222874546	6244.431282115731	1.3657806848537029	4541.220777138562
chr3	108550001	108590000	chr3	107430001	108590000	0.5265848670756645	-1.2108811608074679	9.991965656566224	4636.272064646728	1.4590435193998206	2707.984772006067
chr3	109510001	109550000	chr3	109510001	111630000	0.08077709611451941	1.1349451627613634	6.188040427846841	5247.458282814121	3.349105257434556	11360.165033218014
chr3	110230001	110270000	chr3	109550001	110270000	0.1334355828220859	0.3884410301749609	12.924241869692992	3722.1816584715816	1.972994700993794	2272.889895544851
chr3	110330001	110370000	chr3	108810001	110370000	0.6288343558282209	-1.7835340015191166	6.134813998351097	3828.1239349710845	1.3783354325901058	3440.325239744904
chr3	110340001	110380000	chr3	109030001	110380000	0.5858895705521472	-1.6749035628768656	6.831258523708323	3688.8796028024944	1.5177604646555627	3278.3626036560154
chr3	110810001	110850000	chr3	109010001	110850000	0.810838445807771	-2.9071678592676746	5.123796373136097	3771.114130628167	1.4391752888479883	4236.932050368478
chr3	111050001	111110000	chr3	109150001	111110000	0.5337423312883436	-1.6469057365667468	5.2697349496102195	6197.208300741619	2.178226056918496	15369.56305761691
chr3	114870001	114910000	chr3	114870001	115650000	0.6722903885480572	-6.357397678037375	14.241345414085519	4443.299769194682	2.579140323336554	3218.7671235240196
chr3	115130001	115170000	chr3	114000001	115170000	0.9406952965235174	-6.858653612768155	9.292801946538148	4349.0313109798535	1.7875052997620193	3346.2099211545
chr3	115600001	115640000	chr3	114050001	115640000	0.5685071574642127	-7.721318075255321	7.860568115402824	4999.321321396196	3.4413226957737026	8754.724938048299
chr3	118410001	118450000	chr3	118410001	120980000	0.29243353783231085	2.0207962172728635	5.243591585459952	5390.41214985283	3.9287763609988273	16155.128396427179
chr3	119350001	119390000	chr3	119350001	122500000	0.7137014314928425	-3.3460963433087922	3.7730365303665363	4754.026028261836	1.8600131882153077	9374.466468605151
chr3	120850001	120890000	chr3	120200001	120890000	0.7116564417177914	-2.087581824355602	15.69981583480563	4333.149170406354	1.6172268989580363	1785.4184964496721
chr3	121080001	121120000	chr3	120190001	121120000	0.05521472392638037	3.9077259349463525	13.317089135507125	4953.957158408651	3.121031302182428	4644.094577647453
chr3	121690001	121730000	chr3	121150001	121730000	0.8875255623721882	-7.73445747740365	18.87236458519432	4378.388583765082	1.848178364948088	1715.1095226718257
chr3	122450001	122490000	chr3	121140001	122490000	0.5030674846625767	-0.9907608914230889	8.657896258762603	4675.263979731806	1.3210681277059266	2853.5071558448017
chr3	123950001	124000000	chr3	123500001	124000000	0.2392638036809816	-3.747284213541542	22.918257075880465	5729.564268970116	2.2976344083001545	2872.0430103751933
chr3	124060001	124130000	chr3	123510001	124130000	0.7980572597137015	-4.207422630346571	19.366706863788725	8405.150778884306	2.194954438708916	6668.271584797687
chr3	125810001	125870000	chr3	125810001	128040000	0.2474437627811861	-0.5260917404108181	4.792511784369524	6412.380767486424	1.7253398079625697	13851.02797832351
chr3	126830001	126900000	chr3	125930001	126900000	0.2116564417177914	-1.1987657881023066	11.009786753141244	7475.645205382904	1.9742350472984773	9383.539179809663
chr3	127300001	127340000	chr3	127300001	127940000	0.21472392638036808	0.0968857690272202	16.33460160934044	4181.658011991152	1.557785754212853	1595.1726123139615
chr3	129270001	129320000	chr3	129270001	129780000	0.05214723926380368	2.644469937628383	18.097219685368135	4614.791019768874	2.3328306097173	2974.359027389558
chr3	130040001	130080000	chr3	129190001	130080000	0.5286298568507157	-0.7655323572750963	10.949623310160812	3898.0658984172487	1.1388018971844347	1621.653901590635
chr3	131630001	131670000	chr3	131630001	132120000	0.7494887525562373	-1.0277041020686855	14.098500353846672	2763.306069353948	0.9307649601015819	729.7197287196402
chr3	131630001	131670000	chr3	129100001	131670000	0.7566462167689162	-1.772843866271831	3.2621361213454563	3249.0875768600745	0.962514329426938	3957.858922603569
chr3	133860001	133900000	chr3	133860001	135270000	0.3149284253578732	0.5895997158533454	7.3835047887938465	4164.2967008797295	2.5365339443406576	5722.420578432523
chr3	135260001	135310000	chr3	135260001	135750000	0.10020449897750511	0.9560143853043628	16.718466472161847	4096.024285679652	1.5817992922011452	1937.704132946403
chr3	135860001	135910000	chr3	135860001	138380000	0.11247443762781187	1.5070218173728596	7.35422741880706	9266.326547696895	5.219645290511265	32883.765330220966
chr3	136130001	136170000	chr3	136130001	138150000	0.8568507157464212	-7.757828685194956	7.217375045597809	5831.639036843029	2.7258649196603173	8809.995420342146
chr3	136350001	136390000	chr3	136350001	138980000	0.745398773006135	-3.2920716467577193	4.9040233387591785	5159.032552374656	1.8412260893172185	7747.8793838468555
chr3	136640001	136690000	chr3	136640001	137560000	0.41462167689161555	-2.5814376039327906	14.824170634549144	6819.1184918926065	2.8291779688467336	6507.1093283474875
chr3	136650001	136690000	chr3	135410001	136690000	0.9299591002044989	-4.441049232702981	7.582301024007569	3882.138124291875	1.5233104573509557	3119.7398166547573
chr3	137080001	137120000	chr3	135930001	137120000	0.4611451942740286	-3.1929821872388944	12.114637308133778	5766.567358671678	2.3772302388522917	4526.246374774763
chr3	137240001	137280000	chr3	135590001	137280000	0.8404907975460123	-6.310602495728341	8.584701281208837	5803.2580660971735	2.2804012477876077	6166.204974017691
chr3	137530001	137570000	chr3	136320001	137570000	0.5501022494887525	-2.407568392901843	8.647517882328799	4323.758941164399	1.8423331840613064	3684.6663681226128
chr3	137710001	137770000	chr3	135830001	137770000	0.08537832310838446	2.191628296225115	7.357178505373599	8563.755780254869	3.9629843857909033	27677.48295036367
chr3	138010001	138060000	chr3	136660001	138060000	0.7341513292433537	-1.227790112673196	7.155668657063755	5008.968059944628	0.8876245825019212	3106.6860387567244
chr3	139060001	139100000	chr3	138140001	139100000	0.6252556237218814	-3.0981358995066484	11.801727999179882	4531.8635516850745	1.9387354196195066	2977.897604535562
chr3	139170001	139230000	chr3	137850001	139230000	0.1661554192229039	0.22239534071649394	8.405090605431592	6959.415021297358	2.181905895737724	10839.708490025014
chr3	139280001	139320000	chr3	139280001	141760000	0.35327198364008183	-3.9108959868779425	5.036569962035604	4996.277402339319	3.248459701612472	12889.888095998289
chr3	139490001	139530000	chr3	139490001	142500000	0.4376278118609407	-14.196057355539898	6.046446748152178	7279.921884775223	5.05469940916048	24343.432354516874
chr3	139920001	139960000	chr3	139920001	141750000	0.8261758691206544	-6.909128846936009	7.8123481823039995	5718.638869446528	2.614456702353849	7655.12922449207
chr3	140210001	140250000	chr3	139570001	140250000	0.8353783231083844	-2.9560447143727027	15.494826053196993	4214.592686469582	1.8230490972165205	1983.4774177715744
chr3	140210001	140250000	chr3	140210001	141760000	0.8926380368098159	-5.58237884091583	7.600691710919897	4712.428860770336	2.117436898198082	5251.243507531242
chr3	140670001	140730000	chr3	140670001	141750000	0.6712678936605316	-2.4034960478792193	10.938896866232978	7088.40516931897	2.1564066814314735	8384.10917740557
chr3	140930001	141000000	chr3	140930001	141810000	0.7648261758691206	-2.3279844539718804	12.740367812316713	7848.066572387095	1.7258766669099814	7441.98018771584
chr3	140950001	140990000	chr3	139880001	140990000	0.8323108384458078	-3.4579520148606937	10.26320797890448	4556.864342633589	1.9064861144241627	3385.919339217313
chr3	141210001	141250000	chr3	140080001	141250000	0.5081799591002045	-3.6013117153587757	9.978513517183602	4669.944326041926	2.2401671522815945	4193.592909071145
chr3	141800001	141840000	chr3	139850001	141840000	0.06646216768916155	3.6362518174299234	8.262848227586598	6577.227189158932	3.997187674127509	12727.04555442199
chr3	144200001	144250000	chr3	143010001	144250000	0.3859918200408998	-2.0640411766265268	8.942164357276205	5544.141901511247	2.650719241063943	8217.229647298223
chr3	151540001	151580000	chr3	149010001	151580000	0.6339468302658486	-10.559806105276252	5.488804709670884	5642.491241541668	3.3941187934490484	13956.616478662487
chr3	152700001	152770000	chr3	152090001	152770000	0.060838445807770966	1.53705708336548	14.858689556040382	7072.736228675221	1.6966704824078755	5653.306047383041
chr3	152950001	152990000	chr3	152950001	153920000	0.21779141104294478	-0.28332686830628273	12.593696406325574	4886.354205654323	2.5334096035029323	3931.851704636551
chr3	153450001	153510000	chr3	152350001	153510000	0.5214723926380368	-2.68744833379999	11.241554028931482	7824.121604136311	2.1967172907616757	9173.491406220757
chr3	153630001	153670000	chr3	152330001	153670000	0.4238241308793456	-1.1441518881205652	9.528435043016913	5107.241183057065	2.358201849797642	5055.984765966144
chr3	155210001	155260000	chr3	155210001	158140000	0.32719836400818	-1.1704378997085432	4.463002502677812	6538.298666422995	3.380241760548734	24760.270896019476
chr3	156330001	156370000	chr3	156330001	157560000	0.30879345603271985	-1.7019960693741074	8.710783387953313	4285.70542687303	2.109742840630823	4151.973910361459
chr3	156480001	156550000	chr3	155310001	156550000	0.7765848670756647	-1.7978478014472978	8.604842363641769	7469.003171641055	1.406465842308357	8545.686457865577
chr3	157500001	157550000	chr3	157010001	157550000	0.2551124744376278	0.3865268808507137	13.781137786466697	3720.9072023460085	1.3829371851741412	1866.9651999850907
chr4	4740001	4790000	chr4	4740001	6550000	0.4560327198364008	-1.021284383266675	6.683588910109444	6048.647963649047	2.691735205895356	12180.101806676485
chr4	8350001	8420000	chr4	8350001	9680000	0.03885480572597137	2.8669967602692714	9.286646653484718	8645.868034394272	2.068954406555919	13483.375867524925
chr4	9410001	9460000	chr4	8680001	9460000	0.6804703476482618	-2.8304809159602646	18.935104239588142	7384.690653439376	1.8219536577294897	3552.809632572505
chr4	9420001	9460000	chr4	8660001	9460000	0.6998977505112475	-2.7274211237243695	18.255486822911383	5841.755783331642	1.9067643453802894	2440.6583620867705
chr4	9510001	9550000	chr4	8570001	9550000	0.05572597137014315	1.0839268770895216	16.288052695957973	6384.916656815525	3.0495242824440627	4781.65407487229
chr4	9630001	9670000	chr4	8530001	9670000	0.25715746421267893	-1.083716784695409	11.731228404144625	5349.440152289949	1.666880879949501	3040.39072502789
chr4	9750001	9790000	chr4	9050001	9790000	0.10224948875255624	1.2101261405656338	13.998618721950923	4143.591141697473	1.3218898387042013	1565.1175690257744
chr4	9750001	9790000	chr4	8700001	9790000	0.15644171779141106	0.5560864024603447	9.686208108318741	4223.186735226971	1.0303998803475571	1797.0173913261397
chr4	9820001	9860000	chr4	9820001	11710000	0.5470347648261759	-1.6121099268312271	5.156386410081189	3898.228126021379	1.581738799447364	4783.178129528828
chr4	12350001	12390000	chr4	12350001	14240000	0.8578732106339468	-7.170999933186321	7.640886240697741	5776.509997967492	2.981528357378079	9016.141752711312
chr4	12500001	12560000	chr4	12500001	14480000	0.766359918200409	-7.846541875029639	8.354222553310974	9924.816393333438	4.434236756578005	31607.239600888017
chr4	12880001	12920000	chr4	12880001	14480000	0.729038854805726	-6.779946166720934	8.548833910036832	5471.253702423573	2.6183754618489052	6703.041182333198
chr4	13030001	13080000	chr4	13030001	14480000	0.9366053169734151	-7.712064390198189	9.163623674421903	6643.62716395588	2.3752041844015164	8610.115168455497
chr4	13710001	13780000	chr4	12630001	13780000	0.5644171779141104	-2.324956105111711	12.666540143819248	10196.564815774494	2.7295055591512685	15380.763825817397
chr4	14940001	14980000	chr4	14940001	16020000	0.10736196319018404	0.9419080387810149	11.714754671606826	5060.774018134149	2.280415829204825	3940.558552865937
chr4	15300001	15340000	chr4	15300001	15990000	0.8865030674846626	-3.59936464299672	15.172037643335681	4187.482389560648	2.3715850700895054	2618.2299173788138
chr4	15890001	15950000	chr4	15030001	15950000	0.852760736196319	-3.613520397374987	12.751434252022563	7038.791707116455	2.204232897271126	7300.419355761969
chr4	20100001	20140000	chr4	20100001	20920000	0.6676891615541922	-0.5014027750347974	12.606258019020878	4134.852630238848	2.450751332313699	3215.385747995573
chr4	20740001	20780000	chr4	19820001	20780000	0.6017382413087935	-1.9704252320204156	12.872338779292123	4942.978091248176	2.106813430034846	3236.065428533523
chr4	21330001	21370000	chr4	19880001	21370000	0.588957055214724	-1.006081894089952	6.951708858747144	4143.218479813298	2.3076492954537984	5501.435920361855
chr4	21520001	21560000	chr4	21520001	22020000	0.14212678936605316	0.20146893049758519	14.505639205047688	2901.1278410095374	0.9256195555597508	740.4956444478007
chr4	25250001	25290000	chr4	25250001	26550000	0.7694274028629857	-4.258162616596935	10.754705775872845	5592.447003453879	3.8267662126860786	7959.673722387043
chr4	25610001	25680000	chr4	24720001	25680000	0.9141104294478528	-2.4909138130146733	11.245840300701735	7557.204682071566	1.0765294570139041	5063.994565793405
chr4	25610001	25670000	chr4	24750001	25670000	0.8962167689161554	-2.1959159639217747	11.326207648205527	6252.066621809451	1.0622835199097322	3518.2830179410334
chr4	25760001	25810000	chr4	25760001	26540000	0.9570552147239264	-4.113658764869691	12.642205599262711	4930.460183712457	1.5414491988841987	3005.8259378241873
chr4	25770001	25810000	chr4	24700001	25810000	0.8875255623721882	-4.284269588185727	11.485656441339023	5099.631459954526	1.691064445163592	3003.330454610539
chr4	26150001	26180000	chr4	24900001	26180000	0.8778118609406953	-8.572370081689836	10.275303804226269	3945.716660822887	2.5442484496068514	2930.9742139470927
chr4	32500001	32570000	chr4	32070001	32570000	0.10378323108384457	1.503687432980718	25.52874302068801	8935.060057240804	2.639807778452374	6467.529057208316
chr4	33890001	33950000	chr4	32980001	33950000	0.31901840490797545	-1.3541892704674563	15.354170695493842	8936.127344777417	2.0620630432365448	7200.724146982014
chr4	34210001	34250000	chr4	33050001	34250000	0.08026584867075665	2.2537849913998733	11.756611068067006	5643.173312672163	3.0470682829062423	5850.371103179985
chr4	34540001	34580000	chr4	33330001	34580000	0.549079754601227	-4.188917962460038	10.23414555106754	5117.07277553377	2.5462781425491197	5092.55628509824
chr4	41700001	41750000	chr4	40930001	41750000	0.20552147239263802	-0.8972597816758588	17.92277420635838	7348.337424606936	1.6436468519756138	3369.476046550008
chr4	44140001	44180000	chr4	44140001	45100000	0.5061349693251533	-0.8023685878195492	11.8305210166307	4542.920070386189	1.4526390291636968	2231.2535487954383
chr4	44980001	45020000	chr4	44980001	46200000	0.8302658486707566	-2.6143255332629955	9.354547636866192	4565.019246790702	1.582595382478195	3089.226186597437
chr4	45730001	45770000	chr4	43390001	45770000	0.8967280163599183	-2.8548881402556834	6.645764311717039	6326.767624754621	1.0862599013898189	4136.47770449243
chr4	45850001	45890000	chr4	45010001	45890000	0.8645194274028629	-4.724430490435466	14.548062223564257	5120.9179026946185	2.7224844675538	3833.2581303157503
chr4	46050001	46100000	chr4	46050001	46990000	0.787321063394683	-1.580955156591135	13.25324028647536	6229.02293464342	0.8804252064432967	2068.9992351417472
chr4	46590001	46630000	chr4	46590001	47480000	0.6533742331288344	-3.0862797312678656	14.879880292529327	5297.237384140441	1.8628406824813106	2652.6851318533863
chr4	47570001	47610000	chr4	47570001	48290000	0.8476482617586911	-9.192174868724614	20.25788443969849	5834.270718633165	2.809539844087455	3236.5899003887484
chr4	47670001	47710000	chr4	45380001	47710000	0.7668711656441718	-1.1924604865374708	4.989874759802683	4650.563276136101	0.7978506529008315	2974.3872340143
chr4	48040001	48070000	chr4	47100001	48070000	0.46319018404907975	-2.131874330842074	14.123103647081154	4109.8231613006155	2.8836716863578236	2517.44538219038
chr4	48180001	48230000	chr4	46000001	48230000	0.8578732106339468	-2.854963252963201	5.888922657522861	6566.1487631379905	1.6138593988410896	8997.266148539074
chr4	48350001	48400000	chr4	47230001	48400000	0.18404907975460122	-0.8002843638508076	11.31445362266862	6618.955369261143	2.4575478035013765	7188.327325241526
chr4	48740001	48780000	chr4	48740001	49720000	0.6978527607361964	-2.896833813291498	12.820147184401806	5025.497696285508	2.4938375820079783	3910.33732858851
chr4	49040001	49090000	chr4	47220001	49090000	0.6738241308793456	-1.1380209400584387	6.332979913183982	5921.336218827023	1.0685450126830882	4995.447934293437
chr4	49660001	49720000	chr4	49660001	52500000	0.46676891615541927	-2.018608244954682	3.928244724138552	6693.729009932093	2.1640368225591393	22125.11247384464
chr4	51760001	51790000	chr4	50110001	51790000	0.8404907975460123	-4.184691288242167	6.645712942692292	3349.439323116915	1.6456664227033233	2488.247631127425
chr4	52000001	52050000	chr4	49960001	52050000	0.8384458077709611	-5.728066976965177	5.770674691302896	6030.355052411527	2.036625529883322	10641.368393640358
chr4	52420001	52460000	chr4	51400001	52460000	0.4989775051124744	-0.6782034955736994	9.442563790865167	4003.647047326831	1.6710397968367572	2834.0834954351403
chr4	53860001	53900000	chr4	53860001	56820000	0.6477505112474438	-5.222617104698281	4.448900008988737	5267.497610642665	3.032997014510319	14364.273860720872
chr4	54270001	54310000	chr4	54270001	56660000	0.8384458077709611	-2.887158162463864	4.584734449419981	4383.006133645502	1.4558786071441316	5567.279793719159
chr4	55500001	55540000	chr4	55500001	56920000	0.5352760736196318	-3.677756934783501	9.7166885804693	5519.079113706563	3.4412244130162906	7818.4618663730125
chr4	55620001	55670000	chr4	55620001	58880000	0.8093047034764826	-3.1569889100588004	4.086538927174019	6661.058451293651	1.3110834402856382	10685.330038327951
chr4	55620001	55660000	chr4	55620001	56250000	0.6042944785276073	-2.6594734068210344	15.95600872272715	4020.914198127242	1.7206573732881618	1734.422632274467
chr4	56350001	56390000	chr4	55050001	56390000	0.5940695296523517	-1.6035863445001577	9.219127939866869	4941.4525757686415	2.4723168529544965	5300.64733273444
chr4	56460001	56510000	chr4	55020001	56510000	0.4059304703476483	-0.10801276382663282	8.070320515403465	6012.388783975581	2.587096869643234	9636.935839421047
chr4	57900001	57960000	chr4	56780001	57960000	0.7852760736196319	-1.2896371722698583	8.458410818796589	5988.554859707985	1.1463379683188357	4869.643689418414
chr4	57900001	57970000	chr4	57900001	59910000	0.7249488752556237	-1.379696764292888	5.6138901489414375	7898.743439560602	1.2317634216030466	12131.637939368407
chr4	59350001	59390000	chr4	59350001	59950000	0.07106339468302658	1.8263360302128755	19.412298387241314	4658.951612937915	2.012390801870242	1931.8951697954324
chr4	62760001	62800000	chr4	62760001	63360000	0.7919222903885481	-1.4543487988521044	13.750831853358106	3300.1996448059454	1.2915450789890826	1239.8832758295193
chr4	63400001	63450000	chr4	63400001	66510000	0.614519427402863	-2.81776209802677	4.803172207268359	7468.932782302299	1.938918807234779	15075.093726250407
chr4	63500001	63550000	chr4	63500001	66030000	0.84560327198364	-3.981109653488918	4.963574360956443	6278.921566609901	1.5399484316710497	9740.173830319389
chr4	63510001	63560000	chr4	62190001	63560000	0.5961145194274029	-0.8340978043234529	6.781149778135758	4645.087598022994	0.8279997047263192	2835.8989886876434
chr4	63940001	63980000	chr4	62340001	63980000	0.7285276073619632	-1.5342317412534703	7.0598854794592	4631.284874525235	1.5659838329782123	4109.141577734829
chr4	63940001	63980000	chr4	63940001	66580000	0.656441717791411	-1.5323640814729915	4.452649825947483	4701.998216200542	1.3851916062686689	5851.0493448788575
chr4	64470001	64510000	chr4	63410001	64510000	0.16922290388548056	1.9756956770981482	11.235819463712687	4943.760564033582	2.83282441683334	4985.770973626678
chr4	64520001	64560000	chr4	64520001	66810000	0.1083844580777096	2.4270673310762874	8.07775926905544	7399.227490454783	3.1182575050364663	11425.295498453612
chr4	64610001	64650000	chr4	64610001	66670000	0.7428425357873211	-3.6009855042499237	7.414599676871273	6109.630133741929	2.059774958777197	6789.018264129642
chr4	64790001	64830000	chr4	64790001	66840000	0.7321063394683026	-2.2661898789601356	6.351172291814042	5207.961279287515	1.5439836980823043	5064.266529709958
chr4	65110001	65150000	chr4	65110001	66010000	0.273517382413088	0.10017622645073715	13.846540162792335	4984.754458605241	1.656146636117445	2384.851156009121
chr4	65460001	65520000	chr4	64560001	65520000	0.5342535787321063	-2.6322032300823537	14.345672325250584	8263.107259344337	2.3079518023415497	7976.2814288923955
chr4	66180001	66230000	chr4	65130001	66230000	0.7627811860940695	-3.6296485559756237	13.19703100699236	7258.367053845797	1.7220589161533608	4735.662019421742
chr4	66180001	66230000	chr4	65630001	66230000	0.7627811860940695	-5.030122300427283	22.51752363497403	6755.257090492209	2.1615949237963012	3242.392385694452
chr4	66370001	66420000	chr4	65650001	66420000	0.024539877300613498	5.410393854601933	20.56105967394388	7916.0079744683935	3.539930806579551	6814.366802665636
chr4	66500001	66540000	chr4	66500001	68690000	0.22699386503067484	-0.4940392644338571	6.19638597268749	5428.034112074241	2.3002586615820486	8060.106350183499
chr4	66900001	66940000	chr4	66900001	68980000	0.6973415132924335	-3.9537800970944375	6.5843384671872665	5478.169604699806	3.242420186646683	10790.774381160161
chr4	67260001	67320000	chr4	67260001	70360000	0.8461145194274029	-16.396684690534567	4.874749582653029	9067.034223734634	3.3957569146788864	37896.64716781637
chr4	67580001	67620000	chr4	67580001	68590000	0.5255623721881391	-1.9746729861435333	12.363334070026724	4994.786964290796	1.7475472178362166	2824.036304023326
chr4	67750001	67790000	chr4	67750001	70310000	0.8491820040899796	-3.638981559458922	5.334848460678652	5462.884823734939	1.7089095281668436	6999.693427371391
chr4	67750001	67790000	chr4	65510001	67790000	0.8195296523517382	-3.0991022942249185	5.832258955173856	5319.020167118557	1.42822910876313	5210.179788767899
chr4	67860001	67900000	chr4	65590001	67900000	0.7249488752556237	-3.0556243259108165	6.202242148555846	5730.871745265602	1.8407796630096431	6803.521634483641
chr4	67960001	68020000	chr4	67450001	68020000	0.6912065439672802	-0.7646558974533438	19.31262164365235	6604.916602129103	1.838118226803396	3771.8186014005687
chr4	67960001	68030000	chr4	67960001	70400000	0.9381390593047034	-7.551550081365628	5.502900173316286	9398.953496024216	2.2309011763891657	26672.65446490887
chr4	68150001	68180000	chr4	68150001	70400000	0.8875255623721882	-5.933805099088141	5.938509169084167	4008.4936891318125	2.1759073656471313	4406.212415435441
chr4	68920001	68960000	chr4	66090001	68960000	0.8057259713701431	-15.450596282825064	6.405213154915422	7353.184701842904	4.199997894999887	19286.39033383948
chr4	69090001	69140000	chr4	67310001	69140000	0.8210633946830266	-3.6477024566304705	6.691454897301607	6122.68123103097	2.168626797241099	9921.467597378029
chr4	69720001	69770000	chr4	67050001	69770000	0.7730061349693251	-4.849558436096501	4.643368085829215	6314.980596727732	2.1838094815773363	14849.904474725889
chr4	70190001	70230000	chr4	68740001	70230000	0.8936605316973415	-5.603160093745333	8.022199916180893	4781.231150043813	2.0093030023688194	4790.178357647265
chr4	70790001	70830000	chr4	70790001	72980000	0.8905930470347648	-5.103006601507616	5.190205840749829	4546.62031649685	2.10527986232174	7376.900637575377
chr4	72160001	72210000	chr4	70390001	72210000	0.8174846625766872	-2.8096133887149124	5.623798478237238	5117.656615195887	1.971837503206456	8971.860639589375
chr4	73000001	73060000	chr4	71470001	73060000	0.3496932515337423	-0.524970648367825	7.383711118923353	7044.060407452878	2.2935324071366328	13128.179498450085
chr4	74540001	74580000	chr4	74540001	76980000	0.25869120654396727	0.5936045166192597	4.932783226305405	4814.396428874075	3.228712741219596	12604.894541721304
chr4	75150001	75190000	chr4	75150001	77560000	0.911042944785276	-10.365729872318104	5.985537679054999	5770.058322609018	2.795363041924068	10778.919889659206
chr4	75440001	75480000	chr4	75440001	76540000	0.31288343558282206	-0.41891424043093417	10.914027260694324	4802.171994705503	2.2410896224800996	3944.3177355649755
chr4	75440001	75480000	chr4	74260001	75480000	0.8404907975460123	-2.357522868555767	8.903976679368796	4345.140619531972	1.142506028349754	2230.1717673387197
chr4	75960001	76010000	chr4	74250001	76010000	0.918200408997955	-6.209394204811203	6.987122495475199	6148.667796018175	1.8392586392837533	8092.738012848515
chr4	75960001	76000000	chr4	75960001	76870000	0.7484662576687117	-3.209183280943369	12.627468086282775	4596.39838340693	1.9020539748335075	2769.390587357587
chr4	76420001	76460000	chr4	75250001	76460000	0.5388548057259713	-7.233369516103683	13.60587545452042	6585.243719987883	2.8074729900920694	5435.267708818246
chr4	76670001	76710000	chr4	74920001	76710000	0.6595092024539877	-6.1039516094657085	6.6838264186593985	4785.619715760129	2.5448432072618767	7288.430945598015
chr4	76930001	76990000	chr4	75050001	76990000	0.48926380368098155	-2.748355217938276	6.046424939805459	7038.038629933555	2.196100835992819	15337.568238573847
chr4	77230001	77270000	chr4	75250001	77270000	0.649795501022495	-1.934816681069771	5.44738858680225	4401.489978136217	1.4437498907493655	4666.19964690195
chr4	81150001	81190000	chr4	81150001	83420000	0.27096114519427406	-0.8713057771880226	4.599169628711899	4176.046022870404	2.0379905329618997	7401.98161571762
chr4	81290001	81330000	chr4	81290001	83610000	0.7423312883435582	-3.378937920072991	4.785155345061218	4440.62416021681	1.7902342634885358	6645.349586069445
chr4	81550001	81600000	chr4	81550001	82610000	0.0679959100204499	19.564533195117058	14.581528510587578	7728.210110611416	4.751453325726931	12591.351313176368
chr4	81720001	81760000	chr4	81720001	83290000	0.46319018404907975	-2.457678453613762	8.930406874009785	5608.2955168781455	2.2993411170319176	5775.944885984177
chr4	81920001	81970000	chr4	81920001	82700000	0.22188139059304704	0.44017808781063694	15.198766942902305	5927.519107731899	2.1867508585429722	4264.1641741587955
chr4	81930001	81990000	chr4	81170001	81990000	0.9043967280163598	-2.7445595401267817	13.418552851395301	6601.928002886488	1.4114813891195996	4166.693060681058
chr4	82050001	82100000	chr4	82050001	82600000	0.3885480572597137	-0.26668316494231864	18.77908247836816	5164.247681551244	1.6361050662647414	2249.6444661140195
chr4	82520001	82560000	chr4	81250001	82560000	0.7995910020449898	-15.68090981442626	11.988394219509592	6281.918571023027	3.4772331518828246	7288.2806863464
chr4	82610001	82650000	chr4	80830001	82650000	0.880879345603272	-7.87608600358288	7.2006869790188865	5242.10012072575	3.0549093784103283	8895.896109930876
chr4	82890001	82950000	chr4	80830001	82950000	0.5194274028629857	-2.0904898753907437	6.363099643416065	8093.862746425235	1.979333535003118	15106.273539143796
chr4	83170001	83210000	chr4	82270001	83210000	0.528118609406953	-1.1434369005755047	13.104484667570137	4927.2862350063715	1.99807493598635	3005.1047037234707
chr4	84830001	84890000	chr4	84830001	85460000	0.21267893660531698	0.12827487074325084	14.889177661527805	5628.1091560575105	1.2133412587198489	2751.857974776617
chr4	85130001	85170000	chr4	85130001	86860000	0.1390593047034765	-0.7696224301795462	8.644412409140225	5981.933387125036	3.083726361959564	8535.754569904073
chr4	87320001	87370000	chr4	86620001	87370000	0.5419222903885481	-0.3447657534962843	11.91195546807215	4466.983300527057	1.2777440167343825	2395.7700313769674
chr4	87340001	87400000	chr4	87340001	88460000	0.11042944785276074	1.8213200410998143	11.012073187470568	7400.113181980222	2.7299102630132217	11006.99818046931
chr4	87760001	87810000	chr4	87760001	88350000	0.053169734151329244	2.0131357602011852	21.856078265888197	6447.543088437018	2.8693863452627633	4232.3448592625755
chr4	88290001	88350000	chr4	86550001	88350000	0.6692229038854806	-5.966499410126424	8.651917041006206	9344.070404286702	2.675591157994585	17337.83070380491
chr4	88320001	88360000	chr4	86950001	88360000	0.7852760736196319	-6.920597347672456	10.056516645507715	5671.875388066352	3.0385639554120276	6855.000283409534
chr4	88520001	88560000	chr4	86560001	88560000	0.40848670756646216	-2.0541999369902717	5.658830260221273	4527.064208177018	1.9334774642022654	6187.127885447249
chr4	88630001	88670000	chr4	86550001	88670000	0.6952965235173825	-2.7878979196904483	5.054192696967738	4285.955407028642	1.6183425236430389	5489.417840197188
chr4	88710001	88750000	chr4	86560001	88750000	0.885480572597137	-3.9487316725978183	4.53955462620789	3976.649852558112	1.32257687107201	4634.309356236323
chr4	89120001	89160000	chr4	89120001	89540000	0.08486707566462168	0.7853655413983698	21.15749771749534	3385.1996347992545	2.1489926974201885	1444.1230926663666
chr4	89490001	89530000	chr4	88830001	89530000	0.4228016359918201	-1.0371042184822694	15.500228876176038	4216.062254319882	1.954003631162967	2188.484066902523
chr4	90900001	90940000	chr4	90900001	91440000	0.20449897750511248	0.3438282433982555	18.544131158860036	4005.5323303137675	1.9522193660733382	1686.7175322873643
chr4	91670001	91710000	chr4	89840001	91710000	0.820040899795501	-6.130729479277839	6.197410340032352	4635.662934344199	2.123387478179742	6353.175334713789
chr4	95000001	95060000	chr4	95000001	95990000	0.6595092024539877	-2.9622086532697893	12.862940817775751	7640.586845758797	3.4290193566593823	12221.024987134038
chr4	96670001	96720000	chr4	96670001	98890000	0.2116564417177914	-0.9845234703140368	5.651547180302639	6273.21737013593	2.7480423972139434	15251.635304537385
chr4	97680001	97750000	chr4	96860001	97750000	0.10633946830265849	0.8785924644215785	12.699322181399637	7911.677719011974	1.5894573746701783	6931.623610936647
chr4	97740001	97790000	chr4	97740001	98270000	0.09304703476482618	0.6952992097705173	23.694574334201747	6279.0621985634625	2.5700291197995213	3405.2885837343656
chr4	98290001	98330000	chr4	97550001	98330000	0.2566462167689162	-1.3423144190203384	14.424796507818487	4500.536510439368	2.2748922656265744	2839.065547501965
chr4	98870001	98930000	chr4	97580001	98930000	0.25971370143149286	0.05265032693890176	8.496312875218841	6882.013428927261	1.3465998497947396	6544.475270002435
chr4	99170001	99210000	chr4	98370001	99210000	0.1385480572597137	0.45494667050721566	13.519113381823873	4542.422096292821	1.4868264065705499	1998.2946904308192
chr4	100500001	100540000	chr4	100090001	100540000	0.13803680981595093	0.11212959850314694	19.540869172437624	3517.3564510387723	1.455971571762414	1048.299531668938
chr4	100970001	101010000	chr4	100970001	102690000	0.5071574642126789	-0.5842316387955475	5.563668907706131	3827.8042085018187	0.9052114382051527	2491.1418779405803
chr4	101630001	101670000	chr4	101630001	102670000	0.4544989775051125	-1.3226362615149383	9.288694898874935	3864.0970779319728	1.5410537975346061	2564.3135190975845
chr4	101980001	102020000	chr4	101150001	102020000	0.0869120654396728	1.0667987896804147	13.327966745531828	4638.132427445076	2.359794992195501	3284.834629136137
chr4	102200001	102240000	chr4	102200001	102850000	0.19222903885480572	0.007617771753695284	20.9898213787474	5457.353558474324	2.5912948847725357	2694.946680163437
chr4	102640001	102680000	chr4	102000001	102680000	0.09969325153374234	0.37158291137453975	19.462907026713943	5293.910711266192	2.420277321393959	2633.2617256766275
chr4	102760001	102800000	chr4	102110001	102800000	0.6932515337423313	-1.6018711999194097	14.593844753733652	4027.901152030488	1.146584649807624	1265.829453387617
chr4	102890001	102930000	chr4	101160001	102930000	0.8732106339468303	-2.850683078897742	6.669882306777228	4722.276673198277	1.3064408649838328	3699.8405296342144
chr4	103520001	103560000	chr4	103520001	104820000	0.831799591002045	-3.2124377929313055	9.071631866115663	4717.248570380145	1.8124652723890544	3769.927766569233
chr4	103750001	103790000	chr4	103750001	104830000	0.7970347648261759	-3.2566361846684133	10.77193898928388	4653.4776433706365	1.7308426139718824	2990.896036943413
chr4	103750001	103790000	chr4	103750001	104780000	0.7842535787321063	-3.0980804512328355	11.122498464611896	4582.469367420101	1.668251064364964	2749.2777540734605
chr4	104180001	104230000	chr4	104180001	104840000	0.3123721881390593	-0.6111284447590967	15.431297926806014	5092.328315845984	1.6671378276013797	2750.7774155422767
chr4	104340001	104380000	chr4	103640001	104380000	0.6324130879345604	-1.3837850635739943	12.322920176374623	3647.5843722068885	1.538361051735737	1821.4194852551125
chr4	104880001	104920000	chr4	102940001	104920000	0.05828220858895705	2.1233092979494064	7.821921652307976	6194.961948627917	3.703034621109553	11731.213679675064
chr4	105080001	105120000	chr4	104350001	105120000	0.43149284253578735	-0.3384533879952868	11.958881095397073	3683.3353773822987	0.8012109512018576	987.0918918806885
chr4	107230001	107270000	chr4	107230001	109500000	0.7883435582822086	-2.653213187287263	5.834935844519373	5298.121746823591	1.4526158697682883	5275.900838998423
chr4	107880001	107930000	chr4	107880001	109200000	0.6901840490797546	-0.975918236231222	10.353012157120572	6832.988023699578	1.7544455549668236	5789.670331390518
chr4	108600001	108640000	chr4	106640001	108640000	0.8461145194274029	-2.6611720556893843	6.453221505565217	5162.577204452174	1.3367038173938035	4277.4522156601715
chr4	109440001	109500000	chr4	109440001	110030000	0.5102249488752556	-1.3876163366784349	17.292281845295605	6121.467773234644	1.4700164212377784	3122.3148787090413
chr4	109660001	109730000	chr4	109170001	109730000	0.09662576687116564	-0.14217871185815983	19.819586776777303	7769.278016496703	1.6703690853881872	4583.492770305185
chr4	115730001	115770000	chr4	115730001	117270000	0.6257668711656441	-1.0886731743244757	6.4678946665848125	3984.2231146162444	0.9852235589806689	2427.590849328368
chr4	116780001	116820000	chr4	116000001	116820000	0.5296523517382413	-0.6024576036341602	13.307697448894798	4364.924763237494	1.2334673813660584	1618.3092043522686
chr4	116970001	117010000	chr4	116060001	117010000	0.6871165644171779	-1.8425427598376376	13.043271286946684	4956.44308903974	1.5757674130120332	2395.1664677782906
chr4	116970001	117010000	chr4	116070001	117010000	0.6922290388548058	-1.830915343602133	13.155762412949457	4946.566667268996	1.57286168393279	2365.5839726349163
chr4	117110001	117150000	chr4	116010001	117150000	0.6866053169734151	-1.1899626967367443	10.61001419545387	4838.166473126965	1.4335757273378094	2614.8421266641644
chr4	117630001	117670000	chr4	115970001	117670000	0.7530674846625767	-1.9612454362361473	7.559121575147583	5140.202671100356	1.093194113399566	2973.487988446819
chr4	118250001	118300000	chr4	117810001	118300000	0.3047034764826176	-0.05379558420955422	24.31745260795211	5957.775888948267	1.728294253691723	2117.1604607723607
chr4	118980001	119020000	chr4	118980001	119680000	0.21421267893660534	0.47701290356146425	15.216769906042208	4260.695573691818	1.190168139112732	1332.9883158062598
chr4	119170001	119200000	chr4	117460001	119200000	0.782719836400818	-1.9008646267507308	5.852629832700341	3055.072772669578	0.9990739605058161	1564.549822152108
chr4	120180001	120220000	chr4	120180001	121000000	0.6947852760736196	-1.3723450422360983	14.93466619575974	4898.570512209195	1.284229918008917	1684.909652427699
chr4	120350001	120400000	chr4	119360001	120400000	0.3992842535787321	-1.7620325865688617	13.23122811374381	6880.238619146781	1.9605270473203613	5097.370323032939
chr4	121190001	121230000	chr4	119020001	121230000	0.5184049079754601	-0.6207847563851914	4.63268071101067	4095.289748533432	1.1365468686796762	4018.829727651335
chr4	122010001	122050000	chr4	121250001	122050000	0.7510224948875255	-1.9303116542216652	9.110653825348574	2587.4256863989954	0.8033499867763089	1015.4343832852544
chr4	122860001	122900000	chr4	122860001	123820000	0.37065439672801637	-0.3945141151086872	10.685335657028842	4103.168892299075	1.0437617673593547	1603.2180746639688
chr4	123870001	123940000	chr4	123120001	123940000	0.03680981595092025	2.0487000975461345	13.439660328871776	7714.3650287723995	1.4869577965609753	5974.5964265819985
chr4	123920001	123960000	chr4	123920001	125130000	0.7044989775051125	-1.3173578251958349	8.875804163420016	4295.889215095288	1.7984780173883728	3481.8534416638895
chr4	125220001	125250000	chr4	125220001	126380000	0.6370143149284253	-2.3780224451474163	11.390676724433773	3963.955500102953	2.391039161253329	2496.2448843484754
chr4	125820001	125860000	chr4	125250001	125860000	0.6687116564417178	-3.033671786978117	19.26680712232724	4701.100937847847	2.1030767162976716	2052.6028751065273
chr4	126730001	126770000	chr4	126040001	126770000	0.8159509202453987	-1.9329433209672655	16.269669683766125	4750.743547659708	1.4754551372030114	1723.3316002531174
chr4	127020001	127060000	chr4	126080001	127060000	0.8374233128834356	-2.255690382026362	12.567220203768784	4926.350319877363	1.428947304850895	2240.5893740062033
chr4	127350001	127390000	chr4	127350001	128540000	0.04294478527607362	4.411926130247729	12.83835089737972	6111.055027152746	2.931164566988181	5580.937335545497
chr4	128120001	128160000	chr4	126520001	128160000	0.7980572597137015	-2.3527983316333225	8.27785896984695	5430.275484219599	1.1561033616538807	3033.615220979783
chr4	128300001	128340000	chr4	127040001	128340000	0.7730061349693251	-4.40530855472439	11.256772475777812	5853.521687404462	2.0407883066958195	4244.839677927304
chr4	129060001	129130000	chr4	128670001	129130000	0.043456032719836404	1.5947694276410982	31.804377245904746	10241.009473181328	2.0829132310679	4694.886422827047
chr4	129440001	129480000	chr4	128590001	129480000	0.17280163599182005	0.04205410041909537	15.422634163470072	5490.457762195346	1.6017332715034653	2280.8681786209345
chr4	129590001	129630000	chr4	128880001	129630000	0.5613496932515337	-1.085479546560809	17.8306825109586	5349.2047532875795	1.3875255844677654	1665.0307013613185
chr4	130530001	130570000	chr4	128880001	130570000	0.06441717791411043	-4.334844739944424	10.13940228456624	6408.102243845863	1.3284551953063546	3485.866432483874
chr4	130770001	130810000	chr4	130770001	132320000	0.6523517382413088	-2.4047871077026115	10.027247196359177	6216.89326174269	1.81182650397041	4493.329729846617
chr4	130850001	130900000	chr4	130230001	130900000	0.3118609406952965	-1.2361044239133827	28.085529120140883	7302.237571236629	1.4826722022942482	2483.4759388428656
chr4	130940001	130980000	chr4	130940001	132080000	0.19631901840490795	1.9348773633262744	15.241792475983472	6950.257369048463	3.8317534114119582	6989.118222415412
chr4	131240001	131280000	chr4	131240001	132080000	0.4493865030674847	-0.9766149894474188	16.502186810727885	5544.734768404569	2.2446246163750594	3016.7754844080796
chr4	131810001	131850000	chr4	130300001	131850000	0.5419222903885481	-1.4301642830524466	12.010936318268524	6726.124338230373	2.9550963914894464	7328.6390508938275
chr4	131920001	131960000	chr4	131920001	132800000	0.7929447852760736	-2.699447085302624	15.218016915579888	5356.741954284121	1.4366508201988752	2022.8043548400165
chr4	132500001	132540000	chr4	129010001	132540000	0.689161554192229	-2.541032652429917	4.301786236750042	5816.014992086056	1.3782399911044747	7784.2994697580725
chr4	132500001	132550000	chr4	132500001	134740000	0.6876278118609407	-1.3101632267863712	5.0797705360940695	5689.343000425358	0.9752242303808674	5461.255690132857
chr4	132920001	132960000	chr4	132920001	134720000	0.7229038854805726	-1.943700598773736	8.966885837730246	6456.157803165776	1.3542216444554251	3900.1583360316245
chr4	133240001	133310000	chr4	132340001	133310000	0.7484662576687117	-1.9518727137374121	16.540972480407138	11231.320314196446	1.5755921772947465	7488.789618681931
chr4	133360001	133400000	chr4	133360001	134930000	0.843558282208589	-1.4825610883227396	8.910052018233946	5595.512667450918	1.010140907945859	2537.4739607599977
chr4	134890001	134930000	chr4	134350001	134930000	0.8701431492842535	-2.430825324529231	20.694094980035942	4801.030035368339	1.4621231981483878	1356.8503278817038
chr4	136310001	136340000	chr4	136310001	138330000	0.876278118609407	-3.0740183690471343	5.856917119691752	3549.2917745332015	1.2951097012106958	2354.509436801045
chr4	136650001	136690000	chr4	136650001	138630000	0.5950920245398773	-1.5905463735005843	8.940567650934376	7080.929579540027	1.6476590653484622	5219.783919023928
chr4	137070001	137110000	chr4	137070001	137560000	0.23415132924335377	0.25781545547629076	26.47038799709779	5188.196047431167	2.331197798134008	1827.6590737370623
chr4	137290001	137350000	chr4	136530001	137350000	0.3016359918200409	-1.8127408335561042	17.213041908124705	8468.816618797355	2.132156520799046	6294.126049398784
chr4	137510001	137580000	chr4	136440001	137580000	0.6242331288343559	-2.638521631268723	14.057735849825475	11218.07320816073	1.5951009130940585	8910.233700543411
chr4	137920001	137960000	chr4	137320001	137960000	0.12934560327198363	-0.3187064017950322	25.67386951991183	6572.510597097428	1.782562948212782	1825.3444589698888
chr4	138090001	138160000	chr4	137360001	138160000	0.5552147239263804	-2.8369888030832326	21.185024277724686	11863.613595525825	1.9923149951486592	7809.874780982744
chr4	138830001	138870000	chr4	138260001	138870000	0.11247443762781185	-0.9199892770067211	23.758705499393187	5797.124141851938	2.6248925496851694	2561.8951284927252
chr4	139030001	139080000	chr4	138320001	139080000	0.5695296523517382	-1.1281776984477576	15.595625477158132	5926.33768132009	1.3899372833395416	2640.880838345129
chr4	139250001	139290000	chr4	137890001	139290000	0.8067484662576687	-2.595589070298038	10.758640930094366	6024.838920852845	1.2141706472720293	2719.7422498893457
chr4	139840001	139890000	chr4	139840001	140690000	0.09815950920245399	1.7797876665083125	15.537361540460257	6603.378654695609	2.8330628587026956	6020.258574743229
chr4	140000001	140030000	chr4	140000001	140880000	0.8578732106339468	-4.718165578721402	15.26239158216595	4029.271377691811	2.3484242333477754	1859.9519928114382
chr4	140610001	140650000	chr4	137660001	140650000	0.8537832310838446	-3.8533539237174126	5.308705714318704	6349.21203432517	1.319660688961258	6313.256735990659
chr4	140870001	140910000	chr4	139670001	140910000	0.7510224948875255	-2.6878984576238643	10.997135164164295	5454.57904142549	1.8830467148227632	3735.9646822083623
chr4	141130001	141170000	chr4	141130001	141870000	0.584355828220859	-1.409753118332241	16.438104765437718	4865.6790105695645	1.4676800877318603	1737.7332238745225
chr4	141840001	141880000	chr4	141840001	142400000	0.15695296523517382	0.20023513925728284	20.149898319095342	4513.577223477357	1.2667644198109778	1135.0209201506361
chr4	141980001	142020000	chr4	141980001	143050000	0.1738241308793456	0.34613313100295795	13.210468642854819	5654.0805791418625	1.943820944495913	3327.821456977003
chr4	142840001	142900000	chr4	141980001	142900000	0.0516359918200409	1.6744715764654972	17.454543482092443	9634.90800211503	3.2982544076630473	10923.818598180012
chr4	143010001	143050000	chr4	143010001	143420000	0.23824130879345604	-0.3135006328685452	22.975283247695227	3767.946452622017	1.5109018330325261	991.1516024693371
chr4	143110001	143170000	chr4	141050001	143170000	0.7464212678936606	-1.9402844071677956	5.710871578118633	7264.228647366901	1.3116984510326224	10010.882578280974
chr4	146460001	146500000	chr4	143700001	146500000	0.6426380368098159	-4.481060167645564	2.916239387967346	2939.5693030710845	1.8507208534318098	8261.617889719599
chr4	147230001	147280000	chr4	147230001	147790000	0.8522494887525562	-1.5297843086890799	8.841377264081224	2387.1718613019307	0.8169292176212152	1143.7009046697012
chr4	147400001	147440000	chr4	147400001	148190000	0.46932515337423314	-0.5301586632053418	6.0526610274095365	1888.4302405517753	0.6491177627592241	810.0989679235116
chr4	149040001	149110000	chr4	148100001	149110000	0.46421267893660534	-0.16313016524083884	14.807309495232582	10468.767813129436	2.029076126307388	10041.897749095264
chr4	149760001	149820000	chr4	149760001	150210000	0.05112474437627812	0.2867311888529533	31.58651509800845	8528.359076462282	2.6099747405646747	4228.159079714773
chr4	149940001	149990000	chr4	149560001	149990000	0.10020449897750511	-0.8747695940186027	31.690575785634877	6813.473793911498	2.222088144177716	2388.7447549910444
chr4	150200001	150240000	chr4	148830001	150240000	0.6809815950920245	-1.4037854414807454	9.541872205620214	5381.615923969801	1.1132075752627533	2511.3962897927713
chr4	150550001	150590000	chr4	149020001	150590000	0.8098159509202454	-2.2067341746669835	9.731301928290076	6111.257610966168	1.2486905856634802	3136.7107511866625
chr4	150550001	150590000	chr4	149080001	150590000	0.8016359918200409	-2.2033661881022657	10.101410376370241	6101.251867327625	1.2758385640742873	3082.425970803478
chr4	151630001	151670000	chr4	150970001	151670000	0.7024539877300613	-2.45386695051932	20.354666489001477	5699.306616920414	2.362954545253019	2646.509090683381
chr4	152680001	152720000	chr4	152680001	153950000	0.8793456032719836	-8.381891978344951	11.208747778998665	5694.043871731322	2.7520316450517264	5592.128302745108
chr4	152830001	152870000	chr4	152830001	154810000	0.9192229038854806	-5.850677754038178	6.983982977494163	5531.314518175377	2.0316681259868044	6436.324623126196
chr4	152970001	153040000	chr4	152970001	154780000	0.9049079754601227	-5.4817580142958775	7.806775405256784	9891.184438460345	1.9856402289157318	17610.643190253624
chr4	153350001	153400000	chr4	151950001	153400000	0.8517382413087935	-2.9081049407902264	9.682652032066132	7019.922723247946	1.6726369634425535	6063.308992479257
chr4	153450001	153490000	chr4	152490001	153490000	0.39110429447852757	-2.5060450544639443	14.978025266429064	5991.210106571626	3.162384904289248	5059.815846862796
chr4	153910001	153950000	chr4	152470001	153950000	0.3880368098159509	-2.1013231783753796	9.762755577784816	5779.551302048611	2.786656361787914	6598.8022647137805
chr4	154200001	154240000	chr4	152000001	154240000	0.8885480572597138	-3.8739783965221672	6.33580331076961	5676.8797664495705	1.4164309289185912	5076.488449244231
chr4	154870001	154910000	chr4	154870001	155880000	0.4427402862985685	-0.5737926198346152	16.01070859766782	6468.326273457798	1.5620688169739503	2524.3032082299037
chr4	155060001	155100000	chr4	155060001	155850000	0.4948875255623722	-0.5560913073968251	19.190552055516775	6064.214449543301	2.05462072612887	2597.0405978268914
chr4	156190001	156240000	chr4	155590001	156240000	0.1441717791411043	-3.2834334382069583	21.42031031561166	6961.600852573789	1.383273973170624	2144.074658414467
chr5	3580001	3650000	chr5	3580001	4110000	0.787321063394683	0.05305987530769581	21.574061294052598	8003.976740093514	1.6353520954067522	4247.009391771336
chr5	4950001	4990000	chr5	4950001	5770000	0.12321063394683027	1.0486881598066222	13.944170882708285	4573.688049528318	2.1037970294424877	2760.181702628544
chr5	8570001	8630000	chr5	7980001	8630000	0.43047034764826175	-0.3045109498277889	15.276735592881636	5957.926881223838	1.1295467337662837	2643.139357013104
chr5	9250001	9300000	chr5	7970001	9300000	0.8118609406952966	-1.9678958935991702	7.973968645342125	5302.689149152513	1.1558715537422013	3843.2729161928196
chr5	9410001	9450000	chr5	8050001	9450000	0.48773006134969327	-1.3110293650627023	9.509088879500782	5325.089772520438	1.7025286552816314	3813.664187830854
chr5	12550001	12620000	chr5	12550001	14260000	0.25255623721881393	1.6095874027987493	8.689472958212056	10401.29913097983	3.248394184934163	27218.29487556335
chr5	13630001	13670000	chr5	13630001	14840000	0.6687116564417178	-0.9071338752992371	7.695743058522278	3724.7396403247826	1.1030529672217013	2135.5105445412137
chr5	14990001	15030000	chr5	13620001	15030000	0.6175869120654397	-0.43977993237637586	3.151522554722157	1777.4587208632965	0.7248215946023352	1623.600371909231
chr5	15480001	15520000	chr5	15480001	18690000	0.6370143149284253	-2.441059863370146	1.700564049108512	2183.5242390553294	0.903612324980322	4612.0373066995635
chr5	18330001	18380000	chr5	18330001	20950000	0.8461145194274029	-2.8297071729605703	3.657619851527568	4791.482005501114	1.438262894972309	9420.621962068624
chr5	19370001	19420000	chr5	18890001	19420000	0.3312883435582822	0.4269588365913922	19.037772557538442	5045.009727747687	1.832072600169771	2427.4961952249464
chr5	19410001	19450000	chr5	19410001	20650000	0.7893660531697342	-3.279717025360268	8.945753867223594	4437.093918142903	2.015689107369154	3999.1271890204016
chr5	19500001	19540000	chr5	19500001	21070000	0.08486707566462168	3.270448392153884	9.972892636334103	6262.976575617817	4.034482755777002	10134.62068251183
chr5	19890001	19930000	chr5	19890001	20720000	0.6267893660531697	-1.1877187791226167	14.955267516229323	4965.1488153881355	2.3186713765297178	3079.195588031465
chr5	20200001	20240000	chr5	20200001	20700000	0.8537832310838447	-2.3541431612210806	21.424836605048228	4284.967321009645	1.6999392875705541	1359.9514300564433
chr5	20670001	20720000	chr5	19590001	20720000	0.7648261758691206	-2.7731235834486787	11.459938214564476	6474.865091228929	2.8052063955762754	7924.708067502978
chr5	21250001	21290000	chr5	21250001	21880000	0.07975460122699386	1.3393849315719835	18.10028819056595	4561.272624022619	1.9702293684145402	1985.9912033618566
chr5	22290001	22330000	chr5	21720001	22330000	0.9202453987730062	-6.101622826010908	25.740418449629917	6280.6621017096995	2.185281310157157	2132.8345587133854
chr5	22480001	22550000	chr5	21630001	22550000	0.014826175869120654	10.283120501632443	17.585435061281657	11325.020179465388	3.788554981067231	17078.805854651077
chr5	22730001	22780000	chr5	22730001	23280000	0.5940695296523517	-2.715332203681486	21.3875595499047	5881.578876223793	2.1443448113109187	2948.474115552513
chr5	23190001	23260000	chr5	21380001	23260000	0.6569529652351738	-3.5437884755263944	7.885805937228923	10377.720613393263	2.3554156534917436	21698.08899996594
chr5	24660001	24700000	chr5	24660001	25540000	0.2223926380368098	0.6650586265780452	15.617829800880576	5497.476089909963	1.856993985595588	2614.6475317185877
chr5	24970001	25010000	chr5	24350001	25010000	0.3282208588957055	-0.8183525370089899	22.03243874827773	5816.563829545321	1.7027613493996783	1798.1159849660603
chr5	25700001	25770000	chr5	24660001	25770000	0.39161554192229037	-0.1704304071400234	13.353893905658804	10375.975564696892	1.9181064573556066	10432.581021557144
chr5	26000001	26040000	chr5	26000001	28040000	0.8220858895705521	-3.879586788788935	5.739926148881907	4683.779737487636	1.5868580282761828	5179.504604293461
chr5	26270001	26340000	chr5	26270001	27800000	0.3292433537832311	0.8097165889017728	10.739295795763338	11501.785797262535	2.3810250044913652	17850.544458671764
chr5	26700001	26740000	chr5	25540001	26740000	0.9320040899795501	-5.232337469411926	11.55656120132516	5547.149376636076	1.7715457641222763	3401.3678671147704
chr5	27230001	27270000	chr5	26830001	27270000	0.7019427402862985	-1.8284914890426793	27.246662817139704	4795.412655816588	1.3310195421675635	937.0377576859646
chr5	27230001	27270000	chr5	27230001	28220000	0.7433537832310838	-1.4323511951393773	14.309569171580744	5666.589391945975	1.2750389629549235	2019.6617173205987
chr5	27590001	27630000	chr5	26410001	27630000	0.6635991820040901	-4.221764712081694	13.743039592086218	6706.603320938074	2.6113314874724622	5097.319063546246
chr5	27770001	27810000	chr5	27770001	28400000	0.5224948875255624	-0.40468598626238905	15.712752631539413	3959.613663147932	1.5545916254691166	1567.0283584728695
chr5	28520001	28560000	chr5	28520001	29550000	0.9498977505112475	-7.205972563783647	12.131463472947463	4998.162950854355	1.9863882723018114	3273.567872753385
chr5	28520001	28560000	chr5	28520001	28980000	0.9105316973415133	-3.2862929190559953	21.379225157594924	3933.777428997466	1.5643939520769257	1151.3939487286173
chr5	28820001	28860000	chr5	27920001	28860000	0.6165644171779141	-1.4375900900195746	11.975967392977902	4502.963739759691	1.1845346083748243	1781.5400509957358
chr5	29270001	29310000	chr5	28510001	29310000	0.4125766871165644	-0.5098525830907062	12.57300707468502	4023.3622638992065	1.3546603358109444	1733.9652298380088
chr5	29740001	29780000	chr5	29740001	32980000	0.7903885480572597	-2.6096913595249855	3.7214160550261624	4763.412550433488	1.2735992480352716	6602.338501814847
chr5	31540001	31580000	chr5	31540001	32970000	0.6850715746421268	-5.521134668766579	10.2935271375013	5887.897522650744	2.8232439136908014	6459.582074524554
chr5	32100001	32150000	chr5	30570001	32150000	0.7648261758691206	-2.9215406402213233	9.482869803360083	7491.467144654465	1.691493364036256	6681.398787943211
chr5	32300001	32340000	chr5	32300001	32860000	0.8568507157464212	-0.4064215674793672	23.72539818344384	5314.48919309142	1.8613758282445543	1667.7927421071206
chr5	33350001	33390000	chr5	32710001	33390000	0.6140081799591002	-0.6515911677762783	16.90210437610104	4597.3723902994825	1.2284633740447952	1336.5681509607373
chr5	33350001	33390000	chr5	33350001	34980000	0.7515337423312883	-1.8324244701112529	6.6177910122098424	4314.7997399608175	1.1685475029356704	3047.5718876562287
chr5	33620001	33660000	chr5	33620001	34660000	0.2847648261758691	-0.31561441206172597	11.228368340333777	4671.001229578851	1.4036339988744555	2335.646974127094
chr5	34660001	34700000	chr5	31160001	34700000	0.8660531697341514	-6.240709327903612	3.9641339342663375	5613.213650921134	1.9523694690762297	11058.220672847765
chr5	34740001	34790000	chr5	33630001	34790000	0.7776073619631901	-3.302595189000979	10.259897491751062	5950.740545215615	1.5533237250701526	4504.638802703443
chr5	37230001	37280000	chr5	36450001	37280000	0.4437627811860941	-0.41095025469223917	13.03862861103852	5280.6445874706005	0.9759159551395923	2025.025606914654
chr5	38280001	38330000	chr5	38280001	38760000	0.04141104294478527	3.5653256457604954	24.76896513107649	5944.551631458358	2.261343649760043	2713.6123797120517
chr5	38750001	38790000	chr5	38750001	40050000	0.37065439672801637	-4.012454320007427	11.266298606303913	5858.475275278035	4.040295418059259	8403.814469563258
chr5	38750001	38790000	chr5	38750001	39880000	0.4601226993865031	-3.8034769303430274	11.716668423474417	5295.934127410436	3.3884520621350998	6126.32132834026
chr5	38850001	38890000	chr5	38850001	39980000	0.8711656441717791	-7.459959181367647	13.122477025405395	5931.3596154832385	2.8073904495042803	5075.761932703739
chr5	38850001	38890000	chr5	38430001	38890000	0.6170756646216768	-0.49925010191434654	19.304413653439454	3552.0121122328596	0.755262169493615	555.8729567473007
chr5	38990001	39020000	chr5	38990001	39910000	0.8773006134969326	-4.290660582063345	13.404582990492102	3699.66490537582	1.8955482094722087	1569.5139174429887
chr5	39410001	39480000	chr5	38410001	39480000	0.5552147239263804	-2.381247693488687	13.110859373227324	9820.033670547266	1.8538236038915636	9719.597155203468
chr5	39610001	39650000	chr5	38080001	39650000	0.14008179959100203	0.18800830379911807	10.774011527266001	6766.079239123049	3.078575382852557	7733.381361725624
chr5	39630001	39690000	chr5	39630001	40590000	0.861963190184049	-1.325324091999388	10.323014006710421	5946.056067865203	1.1606231074276188	4011.1134592698504
chr5	39750001	39790000	chr5	38440001	39790000	0.42433537832310836	-2.0695062262537713	8.551666193340143	4617.899744403677	1.9031468267380947	4110.797145754284
chr5	39750001	39790000	chr5	38450001	39790000	0.43047034764826175	-2.0774031459956497	8.6032724089103	4611.354011175921	1.9029590150565152	4079.9441282811686
chr5	39940001	39980000	chr5	38890001	39980000	0.049079754601226995	2.667769983542835	10.77813439485583	4699.266596157142	2.243215231994112	3912.167364597731
chr5	40930001	40970000	chr5	38310001	40970000	0.30777096114519426	0.21647618630428989	5.619822025197248	5979.490634809872	3.109003611273201	13231.919369578743
chr5	41860001	41910000	chr5	41860001	43360000	0.4831288343558282	3.271040134264778	8.97273319848937	6729.549898867028	3.525559510489296	13220.84816433486
chr5	42050001	42090000	chr5	42050001	44310000	0.8675869120654397	-5.751422359486135	5.565877626293081	5031.553374168945	1.8645112096643086	6742.07253414614
chr5	42200001	42240000	chr5	42200001	44040000	0.8486707566462168	-3.981713403123131	6.567703736300723	4833.829949917333	1.7761428152269703	5228.9644480282
chr5	42390001	42440000	chr5	42390001	43670000	0.6104294478527608	-1.5435131569737222	9.474765328161508	6063.8498100233655	2.1984221516105023	7034.9508851536075
chr5	43010001	43050000	chr5	41570001	43050000	0.8773006134969326	-3.0048083499730973	7.887601275374803	4669.459955021884	1.7898899632298173	4238.459432928207
chr5	43230001	43270000	chr5	41540001	43270000	0.9611451942740287	-6.049112922751803	6.758375536468468	4676.79587123618	2.147996648282766	5945.654722446697
chr5	43360001	43400000	chr5	41600001	43400000	0.4437627811860941	-6.5398608321939	8.541306240047039	6149.740492833867	3.486847960040179	10042.122124915715
chr5	43650001	43690000	chr5	43650001	44280000	0.1574642126789366	-0.10701748771251104	13.95755704438619	3517.30437518532	1.2730339111821314	1283.2181824715885
chr5	49060001	49100000	chr5	49060001	50010000	0.294478527607362	-0.1993358161467231	12.631937055885368	4800.13608123644	2.161115049638316	3284.8948754502403
chr5	49310001	49350000	chr5	48400001	49350000	0.20756646216768918	-0.5998412340615442	13.911946603189108	5286.539709211861	1.9324532524537852	2937.3289437297535
chr5	50030001	50070000	chr5	48450001	50070000	0.6569529652351738	-2.540447000282153	6.465949565267891	4189.935318293594	1.5477501685954236	4011.768436999338
chr5	52040001	52090000	chr5	51020001	52090000	0.11247443762781185	1.3001629777951504	12.23999997306009	6548.399985587148	2.1903414351289014	5859.163338969811
chr5	53580001	53620000	chr5	52020001	53620000	0.7868098159509203	-3.7172815434304156	7.871158351708294	5037.541345093308	1.6026171492254253	4102.699902017089
chr5	53790001	53830000	chr5	52020001	53830000	0.6267893660531697	-0.844142118354513	4.94540764928053	3580.4751380791035	1.1329181899859715	3280.9310781993736
chr5	53980001	54020000	chr5	52100001	54020000	0.6814928425357873	-1.113747727232099	4.6643586647034	3582.227454492211	0.9787958733819391	3006.860923029317
chr5	57690001	57730000	chr5	57690001	60000000	0.591002044989775	-3.4518816541504433	4.873416335199441	4503.036693724283	2.3257131338327297	8595.83574264577
chr5	60570001	60620000	chr5	57700001	60620000	0.7372188139059305	-6.164750015247974	4.160990329456319	6075.0458810062255	2.4342338827945538	17769.907344400242
chr5	64060001	64100000	chr5	64060001	65830000	0.8404907975460123	-1.9689306789144092	5.355245162934973	3791.513575357961	1.015744829910061	2876.589358305293
chr5	64790001	64830000	chr5	63880001	64830000	0.36912065439672803	-4.127170867514901	13.525343292039368	5139.63045097496	2.2828301515049914	3469.9018302875866
chr5	66980001	67020000	chr5	66320001	67020000	0.1543967280163599	0.2773417268301934	21.625472730393206	6055.132364510097	2.818099714566958	3156.2716803149933
chr5	67220001	67270000	chr5	66340001	67270000	0.34151329243353784	-0.5380379865516215	12.07576363084547	5615.2300883431435	1.5783917389583517	3669.760793078168
chr5	67720001	67760000	chr5	67720001	69500000	0.6088957055214723	-1.95159190968328	7.385213709358833	5258.272161063489	1.7715675840314784	5045.42447932165
chr5	67810001	67850000	chr5	66310001	67850000	0.7111451942740286	-0.7902215194651045	7.213817880849685	4443.711814603406	0.7615023172384374	1876.3417096755097
chr5	68110001	68160000	chr5	68110001	69290000	0.6431492842535788	-1.683705433408552	10.375309055932268	6121.432343000039	2.5667042254735795	7571.77746514706
chr5	68230001	68270000	chr5	68230001	69340000	0.10633946830265849	1.0153315432395034	13.222446136249252	5870.766084494668	3.480109990903096	6180.675343843899
chr5	68460001	68530000	chr5	68460001	69600000	0.8936605316973415	-4.5690883747949	11.635428107877088	9285.071630085917	2.0828171428109243	11634.616559741822
chr5	69310001	69340000	chr5	67630001	69340000	0.943762781186094	-10.981398592410988	9.967566657327364	5113.361695208938	3.045256295545104	4686.649438843915
chr5	69500001	69540000	chr5	68040001	69540000	0.15081799591002046	3.6190832012652723	10.854841426855806	6512.904856113483	5.3997191370587645	12959.325928941034
chr5	71470001	71520000	chr5	71470001	72310000	0.5	-0.26595681620567596	12.728835560780785	5346.1109355279295	2.3163795434189605	4864.397041179817
chr5	73400001	73440000	chr5	73400001	76040000	0.6523517382413088	-2.3709060896171006	4.604452887132397	4862.302248811811	1.5366502371913315	6490.810601896184
chr5	73640001	73680000	chr5	73640001	74680000	0.705521472392638	-1.4601438407697178	8.241550670644862	3428.4850789882626	1.271276601941159	2115.4042656300885
chr5	74260001	74320000	chr5	73710001	74320000	0.09918200408997956	1.725817159465934	20.79418665389685	7610.672315326247	2.5616408990328567	5625.363414276153
chr5	74490001	74540000	chr5	73470001	74540000	0.7198364008179959	-2.508453807633923	9.790030158659816	5237.666134883001	1.3562880121147154	3628.070432406864
chr5	74930001	74970000	chr5	73680001	74970000	0.6952965235173824	-2.29343177184119	8.275425554795873	4270.119586274671	1.7792940061024365	3672.462828595429
chr5	75020001	75060000	chr5	73840001	75060000	0.9105316973415133	-3.9649130763111513	8.725823842600658	4258.202035189121	1.4637365057771117	2857.213659276922
chr5	75020001	75060000	chr5	73160001	75060000	0.908997955010225	-5.4677541019247675	6.194527939419644	4707.8412339589295	1.7496658226151078	5318.984100749928
chr5	75150001	75190000	chr5	73780001	75190000	0.29243353783231085	-1.91349514448782	8.992198870303115	5071.600162850957	2.6556170896331217	5991.072154212323
chr5	80990001	81030000	chr5	80990001	81860000	0.1441717791411043	0.5934411065122992	13.781794578149439	4796.064513196005	2.479635236524556	3451.652249242182
chr5	81640001	81680000	chr5	80340001	81680000	0.8338445807770961	-3.492263467382867	9.025024181245067	4837.412961147356	1.679119730278181	3600.0327017164204
chr5	83740001	83780000	chr5	83740001	85990000	0.8773006134969326	-11.39975194723858	6.177679121596166	5559.91120943655	4.008688718067087	14431.279385041513
chr5	84380001	84420000	chr5	84380001	86510000	0.8793456032719836	-4.986565091652848	5.481058664335633	4669.861982013959	1.7540047149713711	5977.648068622433
chr5	84390001	84440000	chr5	84050001	84440000	0.467280163599182	-0.40795655936330205	24.62906635240408	4802.667938718796	1.5080042540925958	1470.3041477402808
chr5	88760001	88830000	chr5	88760001	89200000	0.09918200408997954	3.2811421020001643	30.873373568363036	9508.999059055815	2.5389474273142154	5473.970653289449
chr5	89350001	89390000	chr5	88560001	89390000	0.022494887525562373	3.181199350062193	14.734019489643321	4891.694470561582	2.4900535032633573	3306.7910523337387
chr5	91940001	91980000	chr5	91940001	93300000	0.2719836400817996	-0.14708131223980458	7.088409592443853	3856.094818289456	0.9346790089767716	2033.861523533455
chr5	93260001	93300000	chr5	92040001	93300000	0.5567484662576687	-2.582171451262444	10.102654804782826	5091.738021610545	1.655199549918561	3336.882292635819
chr5	97090001	97150000	chr5	97090001	98130000	0.17893660531697342	1.1731756729687242	12.2345177344456	7634.339066294055	2.658287618216061	9952.628842600932
chr5	97900001	97960000	chr5	97010001	97960000	0.3312883435582822	-1.3207255190316403	11.990855713473303	6834.787756679783	1.7755241481932718	6072.2925868209895
chr5	98150001	98190000	chr5	97090001	98190000	0.39672801635991817	-4.531762605450837	11.274091870169125	4960.600422874415	3.0707998346139345	5404.607708920525
chr5	98310001	98350000	chr5	96960001	98350000	0.3374233128834356	-1.3506619459742841	8.413971747188011	4678.168291436534	2.3328974260960473	5188.363875637609
chr5	99180001	99250000	chr5	99180001	100340000	0.6344580777096114	-1.0846148853480597	10.918080682341506	8865.481514061303	2.4635814819370516	14002.997143330202
chr5	99840001	99890000	chr5	99290001	99890000	0.4074642126789366	-1.3726583198908282	19.340679637769142	5802.203891330742	1.805194194698257	2707.7912920473855
chr5	100030001	100090000	chr5	100030001	100410000	0.0541922290388548	0.9973281764046529	28.69684083261046	6542.879709835184	2.0478515936072417	2801.460980054707
chr5	100280001	100350000	chr5	98800001	100350000	0.7372188139059305	-1.2708512833572985	8.43469980592796	9151.649289431836	1.2380284503062968	9402.826080076324
chr5	101650001	101690000	chr5	100530001	101690000	0.450920245398773	-1.3633884166477839	10.391541433949788	4821.675225352702	2.617208678894504	4857.539308028199
chr5	102660001	102700000	chr5	101660001	102700000	0.09969325153374234	1.0169615564428038	11.349739060457356	4721.49144915026	2.069808474724299	3444.1613019412334
chr5	103640001	103680000	chr5	102670001	103680000	0.16359918200409	0.5407621076426674	11.946102381619593	4826.225362174316	1.9970511056658042	3227.2345867559397
chr5	105300001	105340000	chr5	103900001	105340000	0.5659509202453987	-1.0070639705219508	6.678084246906148	3846.576526217941	1.3303981449713527	3065.2373260139966
chr5	105680001	105720000	chr5	105680001	108680000	0.684560327198364	-2.2249314438711156	4.485775649668019	5382.930779601623	1.349380024473993	6477.024117475166
chr5	106450001	106480000	chr5	105600001	106480000	0.7223926380368099	-2.007891234331269	13.335862294246828	3520.667645681163	1.5561838022962486	1232.497571418629
chr5	106780001	106830000	chr5	105680001	106830000	0.18404907975460122	0.22754691334252952	10.605162680507615	6097.968541291879	2.2388461645143374	6436.6827229787195
chr5	107490001	107530000	chr5	105980001	107530000	0.689161554192229	-1.3803397170183958	7.736432805845569	4796.5883396242525	1.2966906748322227	3215.7928735839123
chr5	108240001	108280000	chr5	106240001	108280000	0.7269938650306749	-1.8481033253016008	4.827225951944557	3939.016376786759	0.9432057252934388	3078.623487357784
chr5	111200001	111270000	chr5	110520001	111270000	0.418200408997955	-0.40103108246056257	21.217976567325305	11139.437697845786	2.559451572369603	9405.984528458292
chr5	111380001	111420000	chr5	111380001	112240000	0.8578732106339468	-2.4579702754735924	13.347788819583377	4591.639353936682	2.295269604570608	3158.290975889157
chr5	113040001	113080000	chr5	112230001	113080000	0.04294478527607362	2.848310300863083	19.727568870758386	6707.3734160578515	2.7443942555881207	3732.3761875998443
chr5	113450001	113490000	chr5	113450001	113970000	0.9125766871165644	-4.401456756857715	28.147454183369923	5854.670470140944	1.9874429742365267	1653.5525545647902
chr5	113920001	113960000	chr5	113090001	113960000	0.598159509202454	-2.039314848608998	17.421919026576983	6062.82782124879	1.7069956990738822	2376.138013110844
chr5	114910001	114950000	chr5	113740001	114950000	0.810838445807771	-2.4914374468888303	10.119912112037417	4898.03746222611	1.4009251667098594	2712.191122750288
chr5	115650001	115700000	chr5	115650001	118120000	0.8098159509202454	-2.1431666643667198	5.915876874290957	7306.107939749332	1.0580950651567358	6533.737027342844
chr5	115660001	115700000	chr5	114570001	115700000	0.8568507157464212	-1.5622864524478055	9.978421749227806	4510.246630650969	0.8002222108670094	1446.801757247553
chr5	115900001	115940000	chr5	115020001	115940000	0.42484662576687116	-0.8426578048306664	12.714048402543401	4678.769812135972	1.0530132795186216	1550.0355474514108
chr5	116230001	116270000	chr5	116230001	117770000	0.5403885480572597	-4.177710076477896	10.499593344778534	6467.749500383577	2.3252996346594546	5729.538299800896
chr5	117030001	117100000	chr5	116120001	117100000	0.015337423312883437	5.815260518247206	16.68615291971702	11446.700902925877	3.303896458266161	15865.310792594106
chr5	117090001	117130000	chr5	117090001	118100000	0.7004089979550102	-1.2077855067084486	12.678305750530642	5122.035523214379	1.4191564646657415	2293.3568468998383
chr5	117920001	117980000	chr5	117230001	117980000	0.07566462167689161	2.2890789136405023	22.90804058038788	10308.618261174546	3.0769457274134355	8307.753464016276
chr5	118180001	118250000	chr5	117050001	118250000	0.6702453987730062	-1.0141996363089305	11.684880453763228	9815.29958116111	1.2448141691842933	7319.507314803645
chr5	118860001	118900000	chr5	118860001	119690000	0.39775051124744376	-0.06871459633942133	13.867033388021657	4603.85508482319	2.7318053780072082	3627.837541993573
chr5	119670001	119720000	chr5	118250001	119720000	0.39570552147239263	1.971036002958152	10.231400727182173	7520.079534478897	3.770773736880076	13857.59348303428
chr5	119830001	119870000	chr5	118220001	119870000	0.8292433537832311	-2.5971686449577196	6.492219340579748	4284.864764782634	1.3761923908489653	3633.147911841268
chr5	120030001	120080000	chr5	119010001	120080000	0.8006134969325154	-2.5971138904912636	10.890530204610087	5826.433659466396	1.6789019314149285	4491.062666534934
chr5	120040001	120080000	chr5	118320001	120080000	0.808282208588957	-4.35176097961711	7.30951712923251	5145.900058979687	1.9109676691074584	5381.284956206603
chr5	120930001	121000000	chr5	120930001	121600000	0.14008179959100203	0.728951965171219	22.51345943309121	10558.812474119777	1.8790630067671379	6168.963851216514
chr5	122040001	122100000	chr5	121620001	122100000	0.06441717791411043	1.9403856537424191	31.404655760108223	9044.540858911168	2.2989749586058292	3972.6287284708733
chr5	122120001	122160000	chr5	122120001	123150000	0.47955010224948874	-1.5757251713936746	16.73820320312175	6896.139719686161	1.7277377746170839	2847.3118525689542
chr5	122840001	122890000	chr5	122420001	122890000	0.8220858895705522	-2.044388753056378	27.041610516337084	6354.778471339215	1.427294936773925	1677.0715507093619
chr5	123560001	123600000	chr5	121090001	123600000	0.8394683026584867	-2.357641278238522	5.272186627764304	5293.275374275361	1.3215806830807457	5307.468023252275
chr5	124290001	124340000	chr5	121110001	124340000	0.8752556237218814	-4.6685458538913815	4.864355270073049	7855.933761167974	1.5060793811122826	12161.591002481682
chr5	124400001	124440000	chr5	124400001	125480000	0.7034764826175869	-1.2402977862384734	12.063449920369747	4921.887567510857	1.14070078556189	1971.130957450946
chr5	124400001	124440000	chr5	121490001	124440000	0.8660531697341514	-3.33126097026518	4.52879507761574	5343.978191586573	1.3878532175987839	6550.66718706626
chr5	124570001	124610000	chr5	121160001	124610000	0.7341513292433538	-3.8702947696951835	3.972620505881015	5482.216298115801	1.5238085338321101	8387.042170211935
chr5	124570001	124640000	chr5	124570001	125230000	0.09406952965235174	-2.357179727509515	18.08663870299082	7596.3882552561445	1.2052898019973892	3661.6704184680684
chr5	124840001	124880000	chr5	123920001	124880000	0.22955010224948874	-0.4167246826076477	14.80940431970659	5331.385555094373	1.2241467525109055	1880.289411856751
chr5	125540001	125590000	chr5	125540001	128980000	0.8307770961145194	-7.475076558499209	4.128935383944089	7101.768860383834	2.2473879441904137	19327.536320037558
chr5	125550001	125590000	chr5	125550001	128980000	0.885480572597137	-8.727480135312545	3.9844572987412463	5466.67541387299	2.187883423583794	12007.10422862786
chr5	125960001	126010000	chr5	125960001	128980000	0.8670756646216768	-4.0471904969055466	3.8616236022663495	5831.051639422188	1.5858951942538655	11973.508716616685
chr5	127910001	127970000	chr5	127910001	128650000	0.7893660531697342	-1.5270608903368952	12.920102247569243	5736.525397920744	1.2320540243182851	3282.1919207839114
chr5	129570001	129610000	chr5	129010001	129610000	0.040388548057259714	0.10979316491155494	22.30351461472158	5352.843507533179	3.051741859803662	2929.6721854115153
chr5	130820001	130870000	chr5	130020001	130870000	0.294478527607362	3.9203636117048672	20.410891248461215	8674.628780596016	3.8557593590888195	8193.488638063742
chr5	131100001	131140000	chr5	131100001	134020000	0.8773006134969326	-3.425061034162089	4.885488469415285	5706.250532277053	1.4440962009472564	6746.8174508255825
chr5	131290001	131330000	chr5	129980001	131330000	0.598159509202454	-2.670543483699501	11.09797931942342	5992.908832488647	1.8756558550050486	4051.416646810905
chr5	131290001	131330000	chr5	129990001	131330000	0.5904907975460123	-2.714475205368142	11.177463116213243	5991.120230290298	1.8856906247588112	4042.9206994828915
chr5	131400001	131440000	chr5	130280001	131440000	0.07668711656441718	1.474754729242978	14.17532802545744	6577.352203812252	3.240071782676737	6013.573228648024
chr5	131520001	131550000	chr5	131520001	134640000	0.41462167689161555	-7.223967824571879	6.531313427521265	6113.309368159905	3.7431089275939455	10510.649868683799
chr5	131750001	131820000	chr5	131750001	133060000	0.588957055214724	-1.0107750456666649	10.841347756097218	9941.515892341149	1.5111821329156212	9700.278111185373
chr5	132460001	132500000	chr5	130130001	132500000	0.7760736196319018	-2.7004698265522555	6.045899053429016	5731.512302650707	1.175029021416137	4455.710049209992
chr5	132460001	132500000	chr5	132460001	134680000	0.9309815950920246	-6.8259640241619985	6.676466411784703	5928.702173664816	2.1667467935799882	7696.284610796118
chr5	132860001	132900000	chr5	130280001	132900000	0.5986707566462168	-1.810101088255922	5.437729359848147	5698.740369120858	1.4784402539359567	6197.6215444995305
chr5	133150001	133190000	chr5	131100001	133190000	0.8343558282208589	-4.260944261669408	6.959916303129026	5818.490029415865	1.9220048135789598	6427.184096608042
chr5	133350001	133420000	chr5	131380001	133420000	0.8895705521472392	-6.401572351912303	7.762326051646259	11084.601601750857	2.243304922245834	22424.076002769358
chr5	133350001	133420000	chr5	133350001	134090000	0.8256646216768917	-3.3839443306608343	16.65513744870842	8627.361198430961	1.5491620947549334	5617.261755581389
chr5	133730001	133800000	chr5	131490001	133800000	0.7361963190184049	-10.498031751281657	8.07724451935722	13060.904387800625	3.9089219396885375	44245.08743533456
chr5	133880001	133920000	chr5	132110001	133920000	0.878323108384458	-6.68649723878029	8.486984622611018	6144.576866770378	3.0961239659713997	8966.375005453174
chr5	133990001	134030000	chr5	131540001	134030000	0.5470347648261759	-21.1495163756491	7.887353206106072	7855.803793281648	4.701745627532938	18731.754580091227
chr5	134180001	134230000	chr5	134180001	135530000	0.5531697341513292	-1.0365887264832685	10.786820705185345	7281.103976000108	1.3913618725204029	4695.84631975636
chr5	135520001	135560000	chr5	135520001	137810000	0.7464212678936605	-1.9216442937395963	5.093079059306415	4583.771153375774	1.1171623623958928	4093.2828958185514
chr5	135520001	135560000	chr5	135010001	135560000	0.878323108384458	-2.2020272194784476	20.37686818225271	4482.911000095596	1.1796992782917957	1038.1353648967802
chr5	137270001	137330000	chr5	135640001	137330000	0.3486707566462168	-2.532279988348014	7.198821419984887	7126.8332057850375	1.1214187245900034	6661.22722406462
chr5	137750001	137790000	chr5	136900001	137790000	0.20040899795501022	-1.0998191184346726	15.436615486085751	5248.449265269155	1.8071308530581425	2573.3543347547948
chr5	138080001	138120000	chr5	135050001	138120000	0.7811860940695297	-4.107103314735703	3.546350331306543	4269.805798893078	1.0614811802542203	5180.028159640595
chr5	138410001	138450000	chr5	135050001	138450000	0.6620654396728016	-1.8214066923566685	3.0774405075417635	4111.460518075796	0.9534055799589949	5186.526354976932
chr5	138830001	138870000	chr5	138830001	139510000	0.03425357873210634	3.4904968402053904	19.99233747314604	5437.915792695723	2.298447824268548	2500.7112328041803
chr5	139310001	139370000	chr5	139310001	139770000	0.6779141104294478	-1.672646337892793	27.147638923686838	7492.748342937567	1.6108473663701324	2667.563238708939
chr5	141050001	141080000	chr5	141050001	142630000	0.9222903885480573	-6.851614843334225	7.568382280459436	3587.4132009377727	2.0862902033030304	2966.704669096909
chr5	141210001	141260000	chr5	141210001	142440000	0.07770961145194274	4.188234661690337	12.072269665186974	7424.445844089989	3.4970077501345527	10753.29883166375
chr5	141370001	141420000	chr5	141370001	142330000	0.8609406952965235	-3.992847032924696	12.913469474094821	6198.465347565514	1.9570245755762243	4696.8589813829385
chr5	141800001	141860000	chr5	141800001	142330000	0.721881390593047	-1.2054966907670919	18.858191899180206	5996.9050239393055	1.28087689983589	2443.913124886878
chr5	141800001	141860000	chr5	140870001	141860000	0.8333333333333334	-6.367941874636815	13.573055086002906	8062.394721085726	2.235058096973629	7965.747057614015
chr5	141990001	142030000	chr5	139890001	142030000	0.7356850715746421	-3.5692600703950177	6.399644471755215	5478.095667822464	1.9288896054713511	6604.518009133906
chr5	142070001	142100000	chr5	142070001	142980000	0.5460122699386503	-0.37894419843119254	12.160087632222636	3319.7039235967795	0.8253252824132389	675.9414062964427
chr5	142280001	142340000	chr5	141350001	142340000	0.2249488752556237	1.318909382186185	13.873013214983336	8240.569849700101	2.337009007849261	8329.100103974766
chr5	143010001	143050000	chr5	142540001	143050000	0.450920245398773	-2.3100054655382345	24.322557328761732	4961.801695067394	1.58377404894543	1292.3596239394708
chr5	143240001	143280000	chr5	142400001	143280000	0.4207566462167689	-1.0035554228520656	12.720575935102522	4477.642729156088	1.068876001213601	1504.97740970875
chr5	143540001	143590000	chr5	143540001	144110000	0.48261758691206547	-0.6035488433761252	19.616992032491403	5198.502888610222	1.358694507692153	1936.1396734613181
chr5	143890001	143920000	chr5	142380001	143920000	0.2837423312883436	-2.421870262938833	7.454464118225887	3354.508853201649	1.2073819946075561	1640.832130671669
chr5	144710001	144760000	chr5	143890001	144760000	0.21370143149284254	-0.3148347157148966	14.829331450575086	6450.759181000162	2.3105099519796863	5025.359145555818
chr5	145620001	145670000	chr5	145620001	146120000	0.5587934560327199	-0.8203369718038915	15.219862196313045	3804.965549078261	1.0226512375527288	1278.314046940911
chr5	146760001	146800000	chr5	146760001	148310000	0.9468302658486708	-3.175549113754546	7.661285345289253	4749.996914079336	1.1911527664524661	2954.058860802116
chr5	147180001	147240000	chr5	146700001	147240000	0.306237218813906	-1.7850331039811482	24.9206611747447	8074.294220617283	2.309469940026207	4489.609563410947
chr5	147840001	147900000	chr5	146190001	147900000	0.7576687116564417	-2.1835259899955726	6.8976494728158215	7076.988359109033	1.5506760879931822	9545.96199768603
chr5	147860001	147900000	chr5	147860001	150800000	0.8139059304703476	-2.5439335452534597	4.352920573098048	5101.622911670913	1.3436076061032665	6320.330179109766
chr5	149320001	149350000	chr5	147930001	149350000	0.31390593047034765	-2.6551434340151663	8.87642328344578	3754.7270488975646	1.688236206066767	2142.3717454987273
chr5	149510001	149550000	chr5	148830001	149550000	0.12269938650306748	0.32335460918854203	16.191758460440887	4598.459402765212	1.734615527707187	1998.2770879186796
chr5	151340001	151380000	chr5	150120001	151380000	0.24693251533742333	0.3052731398800746	8.560485487305344	4314.484685601894	1.735567453120903	3498.9039854917405
chr6	5080001	5150000	chr6	4440001	5150000	0.7648261758691206	-0.23743055997384577	15.985202643240282	7944.64571369042	2.273770217387689	7910.44658629177
chr6	5360001	5400000	chr6	3480001	5400000	0.39059304703476483	-2.827911534165869	5.879434408939788	4515.405626065757	2.4781336776846388	7612.82665784721
chr6	5620001	5670000	chr6	5620001	6210000	0.0950920245398773	1.2633057653957411	19.118327666018782	5639.906661475541	1.6794778675569253	2477.229854646465
chr6	6540001	6590000	chr6	5630001	6590000	0.2883435582822086	-0.4368595819606367	11.01423755887156	5286.834028258349	1.7684840476039145	4244.361714249395
chr6	6860001	6900000	chr6	5760001	6900000	0.6620654396728016	-4.902988806483234	9.996491513567538	4558.4001301867975	2.5983363400480033	4739.365484247558
chr6	7630001	7700000	chr6	5600001	7700000	0.7443762781186094	-1.5721137601698991	5.512542973731838	8103.438171385802	2.0843353945361693	21447.811209777185
chr6	7820001	7870000	chr6	7820001	8850000	0.19222903885480572	0.0638667247568163	9.771636201165045	5032.392643599998	1.490070480503754	3836.9314872971663
chr6	8920001	8960000	chr6	8920001	10040000	0.41973415132924335	-0.9730401795130686	8.40782732304224	3766.7066407229236	1.8837910162091234	3375.753501046749
chr6	12240001	12280000	chr6	10800001	12280000	0.5894683026584867	-1.7350411732322977	7.0562918566764825	4149.099611725772	1.4881625535032874	3523.9689266957844
chr6	14170001	14210000	chr6	13530001	14210000	0.18302658486707568	-1.6247434660903093	16.721875109525257	4548.35002979087	2.329540099551305	2534.53962831182
chr6	14490001	14530000	chr6	13110001	14530000	0.23210633946830267	0.6380993212024022	8.025045329420037	4558.22574711058	2.572633192479575	5845.022613313595
chr6	17050001	17120000	chr6	17050001	17610000	0.7929447852760736	-1.9538240046119526	17.73723140044942	6952.994708976174	1.8866704765583784	5177.02378767619
chr6	18790001	18850000	chr6	17630001	18850000	0.28016359918200406	0.3241168245333531	10.237217109147668	7493.642923896093	2.033575162208135	8931.462112418129
chr6	18910001	18950000	chr6	18910001	19990000	0.4780163599182004	-0.7541513895826022	10.115200263900986	4369.766514005226	2.172533989744195	3754.138734277969
chr6	18910001	18950000	chr6	18910001	20970000	0.5168711656441718	-4.92124877345849	7.262504637730398	5984.303821489848	3.946132867042126	13006.453929770847
chr6	19000001	19040000	chr6	19000001	20980000	0.4601226993865031	-7.729673165644022	8.638502182578977	6841.6937286025495	3.919444730001671	12416.800904645293
chr6	19540001	19610000	chr6	19540001	21450000	0.5705521472392638	-2.184685468334493	8.091074145404315	10817.76613240557	3.157895491681644	29554.74390664851
chr6	19940001	19990000	chr6	19940001	20980000	0.8338445807770961	-2.963495029370237	12.471267253660177	6485.058971903291	1.9990735501596015	5197.591230414964
chr6	20080001	20120000	chr6	19080001	20120000	0.7361963190184049	-2.6735467492672167	11.614330068525058	4831.561308506424	1.6226455817992826	2700.0822481140062
chr6	20090001	20120000	chr6	20090001	22030000	0.9023517382413088	-6.079182877620414	7.176624030525259	4176.795185765701	2.1705268928377954	3789.739954894791
chr6	20300001	20340000	chr6	20300001	21590000	0.7597137014314929	-3.579905375882494	9.666923762496257	4988.132661448069	1.8465622409478852	3811.304465316435
chr6	20610001	20660000	chr6	20610001	21700000	0.7106339468302658	-1.5624908992964128	10.818349559448713	5896.000509899549	1.613798143676131	4397.599941517457
chr6	20720001	20760000	chr6	18930001	20760000	0.8271983640081799	-6.685770999825664	8.121610010770334	5945.018527883885	2.8655637433346155	8390.370640483754
chr6	20970001	21010000	chr6	19390001	21010000	0.8425357873210635	-4.8960280309761774	8.152435177811713	5282.77799522199	2.1869146556730517	5668.48278750455
chr6	21170001	21220000	chr6	19330001	21220000	0.05623721881390593	4.707226486544363	8.319309889090619	7861.7478451906345	4.023382082443696	19010.480339546462
chr6	21660001	21720000	chr6	19050001	21720000	0.581799591002045	-5.7206509320880015	6.759954959153459	10829.447844563841	3.2335554779833533	31080.935254375992
chr6	22050001	22090000	chr6	19030001	22090000	0.21063394683026587	-0.610106789279992	4.2801916324642795	5238.954558136278	2.0421992163459266	9998.607363229656
chr6	22950001	22990000	chr6	22240001	22990000	0.20756646216768918	-0.534926763625023	13.585685798420933	4075.70573952628	1.8729524112645473	2247.542893517457
chr6	24170001	24240000	chr6	23430001	24240000	0.7975460122699386	-4.832163675704077	18.056109501750836	10237.814087492723	2.1342278359317137	8470.750280812972
chr6	24310001	24380000	chr6	23290001	24380000	0.06339468302658487	1.8277212395747038	15.150229271649897	11559.624934268872	3.5123120236518477	18759.258518324517
chr6	24610001	24650000	chr6	23170001	24650000	0.24284253578732107	-0.198242345133984	7.856014022602952	4650.760301380948	1.6390541241850212	3881.2801660701302
chr6	28110001	28150000	chr6	25780001	28150000	0.5061349693251533	-1.661969960918935	4.379686429438409	4151.942735107612	1.7667488616372486	6699.511683328446
chr6	29680001	29720000	chr6	29680001	31750000	0.7484662576687117	-3.0183173548828166	6.489331900158117	5269.337502928391	1.2796676185922449	4238.259152777515
chr6	30340001	30380000	chr6	29820001	30380000	0.03425357873210634	4.065170789173981	23.30030934147539	5219.269292490488	2.4313767187102866	2178.513539964417
chr6	31630001	31680000	chr6	31630001	34460000	0.21063394683026584	-3.7193374183060235	6.1308938990915465	8675.214867214538	4.0150988090409125	28406.824073964453
chr6	31910001	31950000	chr6	31910001	34380000	0.7576687116564417	-7.161299530974523	6.006527939452501	5934.449604179071	2.5387250603939915	10033.041438677054
chr6	32290001	32330000	chr6	31020001	32330000	0.5408997955010225	-1.4286091698621188	9.284592394193037	4865.126414557151	1.5913551831610993	3335.4804639056642
chr6	32290001	32330000	chr6	32290001	34410000	0.7239263803680982	-4.861705266613576	6.248074112251831	5298.366847189553	2.2083470102276306	7490.713058692123
chr6	32560001	32600000	chr6	31730001	32600000	0.09202453987730061	-1.493792666068308	16.68926942689334	5807.865760558882	2.6817801804305352	3733.038011159305
chr6	32690001	32720000	chr6	32690001	34750000	0.8946830265848671	-5.146811915924436	6.520031941543623	4029.379739873959	1.7649018241094012	3272.12798189883
chr6	33230001	33270000	chr6	33230001	35170000	0.8476482617586911	-3.536974915115452	6.764100836305617	5248.942248973159	1.663120053655141	5162.324646545558
chr6	33350001	33420000	chr6	31770001	33420000	0.38139059304703476	-0.889973211244977	8.08136224675471	9333.973395001689	1.879843280341362	15198.532921559912
chr6	33810001	33840000	chr6	32750001	33840000	0.6687116564417178	-4.832170701341866	12.547047326243774	4102.884475681714	2.137877247699334	2097.2575799930464
chr6	33900001	33940000	chr6	32180001	33940000	0.18149284253578732	-3.1368706251703324	9.236577187577636	6502.550340054655	3.0991885384730953	8727.314924340237
chr6	35810001	35850000	chr6	35810001	37470000	0.8185071574642127	-2.756984589286916	7.472192308283699	4961.535692700376	1.4373041585115989	3817.4798450068065
chr6	36130001	36170000	chr6	35320001	36170000	0.8670756646216768	-4.006076338507277	13.145395173856825	4469.43435911132	1.8638617022952424	2534.8519151215296
chr6	36130001	36170000	chr6	36130001	37900000	0.8333333333333334	-2.091461411593849	6.142550017509965	4348.925412397055	1.171445973144122	3317.5349959441537
chr6	36130001	36170000	chr6	35530001	36170000	0.8282208588957055	-1.9228506494504114	16.007051849735728	4097.805273532346	1.616591893507469	1655.3900989516483
chr6	36230001	36270000	chr6	35310001	36270000	0.26635991820040905	-1.1198425100001281	12.517940462807958	4806.889137718256	2.502158700694419	3843.3157642666274
chr6	36230001	36270000	chr6	36230001	37510000	0.7300613496932515	-1.7288128191427914	7.607810847696712	3895.1991540207164	1.1207404753820638	2295.2764935824666
chr6	36840001	36890000	chr6	35260001	36890000	0.8844580777096115	-5.290410777694476	8.159235600800265	6649.777014652216	1.8335198308033946	7471.593310523833
chr6	37420001	37470000	chr6	36610001	37470000	0.16973415132924335	0.27697162770051315	12.715032327761357	5467.463900937383	1.6674836653498586	3585.089880502196
chr6	37430001	37470000	chr6	37430001	40460000	0.6267893660531697	-1.5314092080546968	3.1906825237054717	3867.107218731032	1.1514080831354834	5582.0263870408235
chr6	37570001	37610000	chr6	37570001	38460000	0.25971370143149286	-0.0920718760357186	13.129224230814012	4674.003826169788	2.01157720465972	2864.4859394354407
chr6	37860001	37930000	chr6	36650001	37930000	0.8123721881390593	-2.123961906999241	8.791348272149843	7877.048051846259	1.2230987656867927	7671.275458387563
chr6	38310001	38360000	chr6	36980001	38360000	0.588957055214724	-1.6190260023347334	9.310202589969007	6424.039787078615	1.522173820427961	5251.499680476465
chr6	38740001	38780000	chr6	38740001	40250000	0.7648261758691206	-2.6979280016192457	9.538070115900169	5760.9943500037025	1.3750307691337165	3322.074338227059
chr6	39690001	39730000	chr6	39690001	40480000	0.6809815950920245	-1.9388597566992363	13.144119834766816	4153.541867786314	1.3964547448852394	1765.1187975349426
chr6	39690001	39730000	chr6	38110001	39730000	0.8548057259713702	-2.482973697195233	6.9372965602904415	4495.368171068206	1.0942343734495443	2836.2554959812187
chr6	43260001	43300000	chr6	42230001	43300000	0.5388548057259713	-1.5190259446669032	9.481430435676788	4058.052226469665	1.283083874989379	2196.6395939818167
chr6	43350001	43410000	chr6	43350001	44980000	0.6114519427402862	-1.1423104020247983	6.767597078046692	6618.709942329665	1.4846215466328045	8711.759235641297
chr6	43650001	43710000	chr6	43650001	46980000	0.8537832310838446	-6.105689591123109	3.6333969267073756	7259.5270595613365	2.3556615503340854	28239.670665405018
chr6	43650001	43690000	chr6	42240001	43690000	0.6973415132924335	-1.0113698886704203	6.578002766108682	3815.2416043430358	1.0514795084069983	2439.4324595042362
chr6	44990001	45030000	chr6	43050001	45030000	0.621676891615542	-5.856307092824268	6.708879345186022	5313.432441387329	3.1373869991630294	9939.242013348477
chr6	46600001	46640000	chr6	43830001	46640000	0.8773006134969326	-5.942248763477054	4.479030041515203	5034.429766663087	1.8795302808732608	8450.368142806181
chr6	46940001	46990000	chr6	45010001	46990000	0.49846625766871167	-4.318913239963846	6.902577370868907	6833.551597160218	3.6416609377215345	18026.221641721597
chr6	48180001	48220000	chr6	48180001	49470000	0.7893660531697342	-3.629891597006374	10.039453907886141	5180.358216469249	1.7615144234063387	3635.765769910683
chr6	48380001	48430000	chr6	47790001	48430000	0.6707566462167689	-1.9671411110142893	16.373285242472228	5239.4512775911135	1.3915519085266417	2226.4830536426266
chr6	48760001	48800000	chr6	47880001	48800000	0.3619631901840491	-0.618872641293304	10.390345169585384	3823.647022407421	1.3675735163801934	2013.0682161116447
chr6	49480001	49520000	chr6	49480001	50580000	0.7995910020449898	-3.167369176815772	10.323396065088682	4542.29426863902	2.269265503182426	3993.90728560107
chr6	50080001	50120000	chr6	50080001	50820000	0.4994887525562372	-0.568608720879591	11.214444441244762	3319.47555460845	0.9582203730585459	1134.5329217013184
chr6	50650001	50690000	chr6	50650001	52980000	0.8476482617586912	-3.3142719827359026	5.336929557433152	4974.018347527697	1.4400520763169113	5368.5141405094455
chr6	51140001	51180000	chr6	49250001	51180000	0.6267893660531697	-1.5159291724071833	5.454661172737669	4210.99842535348	1.168143954680846	3607.2285320544524
chr6	51140001	51200000	chr6	51140001	52930000	0.9488752556237219	-6.379613546264007	6.8664494411369015	7374.566699781032	2.4881991332968894	16033.955214965154
chr6	51830001	51890000	chr6	51350001	51890000	0.06850715746421268	1.5440457119058542	21.147053577699907	6851.64535917477	2.2214897874572803	4318.576146816953
chr6	52190001	52230000	chr6	51250001	52230000	0.217280163599182	-0.6192624347555383	11.118543282452881	4358.46896672153	1.986433223725782	3114.7272948020263
chr6	52240001	52290000	chr6	52240001	53220000	0.15337423312883436	0.9313066228269027	12.111719215749364	5934.742415717188	2.141649040272333	5247.040148667216
chr6	52980001	53020000	chr6	52980001	54750000	0.7505112474437627	-2.3386214128350065	6.56967774837167	4651.331845847142	1.4269409894641247	4041.096882162401
chr6	53000001	53030000	chr6	51480001	53030000	0.7832310838445807	-1.704780920507641	6.156291049621453	2862.6753380739756	0.9866719859956695	1376.407420463959
chr6	54790001	54830000	chr6	53940001	54830000	0.401840490797546	-0.5417651774378754	11.108155910777473	3954.5035042367804	0.8750577058305292	1246.0821731026736
chr6	54800001	54830000	chr6	54800001	56440000	0.8251533742331287	-1.7145101972651904	6.458121681715286	3177.395867403921	0.8953059845051258	1321.4716331295656
chr6	57520001	57560000	chr6	55410001	57560000	0.8057259713701431	-1.2696179604955355	4.043617358788728	3477.510928558306	1.0073409854741104	3465.25299003094
chr6	58720001	58780000	chr6	58460001	58780000	0.266359918200409	0.08132040916236968	25.54908517862067	4905.424354295168	1.344044262417678	1548.3389903051652
chr6	59140001	59180000	chr6	58470001	59180000	0.26278118609406953	-2.3120566176365664	14.786771857792669	4199.443207613118	2.151396365346211	2443.986271033296
chr6	59210001	59260000	chr6	59210001	59520000	0.3282208588957055	0.09610071020620836	30.405450223178207	4712.844784592622	2.2055416467877746	1709.2947762605254
chr6	61280001	61320000	chr6	60670001	61320000	0.11554192229038855	0.5527205186096044	15.218900458261688	3956.914119148039	1.7374949013146026	1806.9946973671867
chr6	63230001	63270000	chr6	63230001	64120000	0.5501022494887525	-1.1765161796102546	11.304473715074929	4024.3926425666746	1.9378181033585038	2759.4529791825094
chr6	64270001	64310000	chr6	61340001	64310000	0.876278118609407	-9.375361978601882	4.681493889260384	5561.614740441337	2.526769181954298	12007.207152646824
chr6	64610001	64650000	chr6	61410001	64650000	0.5848670756646217	-10.640319505447183	4.705618053138251	6098.480996867174	4.052770766543419	21009.563653761084
chr6	65110001	65180000	chr6	65110001	65580000	0.6554192229038854	-0.3799551335824107	17.87051479480865	5879.399367492046	1.2681906418212987	2920.6430481144507
chr6	66510001	66550000	chr6	65500001	66550000	0.8476482617586912	-3.322614473640845	8.54041897061173	3586.9759676569265	2.4311792735413467	4084.381179549462
chr6	70840001	70880000	chr6	70840001	72440000	0.8430470347648262	-1.5929474637296896	5.765682818392958	3690.037003771493	0.9801938533617246	2509.296264606015
chr6	71080001	71150000	chr6	70780001	71150000	0.06032719836400818	0.945321651602367	25.114404494811623	6504.630764156211	1.383644268236845	2508.5470583134
chr6	71120001	71160000	chr6	71120001	72420000	0.5889570552147239	-1.0912604259630647	7.799736948948096	4055.8632134530103	1.3994854474982157	2910.929730796289
chr6	71250001	71290000	chr6	71250001	72630000	0.4120654396728016	-0.44473441587508294	8.001892430856062	4417.044621832546	1.2243549224461419	2703.375668761081
chr6	71390001	71440000	chr6	71390001	72440000	0.6226993865030674	-0.9099516954381089	11.273741983954341	5918.71454157603	1.310283375662587	3439.4938611142907
chr6	72590001	72630000	chr6	70850001	72630000	0.824642126789366	-2.039010968592294	5.6625672762770325	4031.747900709247	1.0896237756811329	3103.248513139866
chr6	72590001	72660000	chr6	72590001	73010000	0.18353783231083845	0.03737187314926563	21.517214234636135	6326.060984983023	1.3576159767851195	2793.973680223776
chr6	73130001	73170000	chr6	72600001	73170000	0.588957055214724	-2.171408843367243	17.15932924289159	3912.3270673792827	1.468021963605524	1338.8360308082379
chr6	73230001	73270000	chr6	71380001	73270000	0.6400817995910021	-0.8436151668256073	4.834375643374449	3654.7879863910835	0.9477541438711795	2866.0085310664467
chr6	73350001	73390000	chr6	73350001	76870000	0.7806748466257669	-11.951826810825178	4.164874621791008	5864.143467481739	3.2367263989610593	18229.243078948686
chr6	73480001	73540000	chr6	73480001	76980000	0.8721881390593047	-13.249920873319903	4.221471284254816	8865.089696935114	3.9186772586748577	49375.333459303205
chr6	76750001	76790000	chr6	76750001	77870000	0.25869120654396727	-0.7231661831134043	9.678884895418149	4336.14043314733	1.6754542914301018	3002.4140902427425
chr6	77210001	77260000	chr6	76160001	77260000	0.3210633946830266	-0.7122642865317708	10.420352822723093	5731.194052497701	2.007854774546593	5521.600630003131
chr6	77560001	77600000	chr6	76150001	77600000	0.19938650306748465	0.17158563437326443	8.558263419868243	4963.792783523581	2.3849912873885177	5533.179786741362
chr6	77630001	77670000	chr6	77630001	78520000	0.03680981595092025	3.8920057837228743	13.273602828314244	4725.402606879871	2.834069694452603	4035.7152449005066
chr6	77920001	77990000	chr6	76840001	77990000	0.5521472392638037	-0.7996973888827307	9.644520934563742	7763.839352323812	1.113016411700804	6271.84747993403
chr6	78500001	78540000	chr6	76900001	78540000	0.40439672801635995	-0.4557018072114873	6.26473072113905	4109.663353067217	1.6773695333215146	4401.4176554356545
chr6	81730001	81770000	chr6	81070001	81770000	0.47443762781186094	-0.961822053232071	13.786707426000484	3860.2780792801354	1.9286485720502842	2160.0864006963184
chr6	82710001	82780000	chr6	82710001	83640000	0.2229038854805726	0.4197540368302411	11.180204090248527	7278.312862751791	1.0199393535616639	4647.863634180502
chr6	83650001	83690000	chr6	82750001	83690000	0.5086912065439673	-1.5795108113429985	11.56690801471225	4349.157413531806	1.5749077840356898	2368.6613071896772
chr6	83650001	83700000	chr6	82940001	83700000	0.37372188139059304	-1.2699621743813048	13.861373573261053	5267.3219578392	1.6419945026501634	3119.7895550353105
chr6	84050001	84120000	chr6	84050001	85130000	0.1058282208588957	1.6379579379741245	13.960421764847375	10554.078854224615	3.353551895446444	17746.996630702582
chr6	84880001	84930000	chr6	84070001	84930000	0.1252556237218814	0.23344079847199486	15.071371557878173	6480.689769887615	2.495605574669214	5365.55198553881
chr6	85020001	85070000	chr6	85020001	85580000	0.261758691206544	-0.30273849420076865	20.96084380877536	5869.0362664571	1.3330313280015433	1866.2438592021608
chr6	85590001	85630000	chr6	83050001	85630000	0.7188139059304703	-1.9747450749574398	5.328397271518768	5498.905984207368	1.1451019654612102	4726.980913423876
chr6	85590001	85640000	chr6	85590001	87070000	0.8200408997955011	-1.8689562194812364	9.263039802213543	6854.649453638021	1.4502450291371272	5365.90660780737
chr6	85890001	85940000	chr6	85260001	85940000	0.07770961145194274	0.7296593222061566	19.029136803556423	6469.906513209184	2.120724547706285	3605.2317311006846
chr6	87850001	87890000	chr6	87850001	88450000	0.6180981595092025	-1.0163269733634712	17.73035998194711	4255.286395667306	1.3583513449042888	1304.0172911081172
chr6	88520001	88560000	chr6	88520001	89650000	0.22903885480572597	-0.578679002049397	12.408196893693958	5608.504995949669	2.3595064609905574	4265.987681470928
chr6	89210001	89250000	chr6	89210001	92250000	0.8282208588957055	-2.3960645641310614	3.885644389382425	4724.943577489029	1.0820537421493097	5263.109401814242
chr6	89210001	89250000	chr6	87780001	89250000	0.7116564417177914	-1.7395835956189705	7.580747506591771	4457.479533875961	0.9992874646472855	2350.3241168504155
chr6	89320001	89360000	chr6	88550001	89360000	0.7024539877300614	-1.5919899372087212	14.879723370362568	4821.030371997472	1.8531152884037876	2401.6374137713087
chr6	89330001	89370000	chr6	87660001	89370000	0.7638036809815951	-1.74534375375114	7.4271368068957955	5080.161575916724	1.3926021100815635	3810.159373183158
chr6	89540001	89570000	chr6	88060001	89570000	0.4897750511247444	-4.151788500207392	10.806579420748164	4895.380477598918	2.4985184311611115	3395.4865479479504
chr6	90810001	90850000	chr6	90810001	91430000	0.24539877300613497	-0.004885374638609178	16.74969342436499	4153.923969242518	1.717774894943834	1704.0326957842833
chr6	91400001	91430000	chr6	90730001	91430000	0.16768916155419222	-1.3717551897080345	21.26563874605516	4465.784136671584	2.313005901688604	1457.1937180638206
chr6	91860001	91900000	chr6	91860001	92240000	0.16462167689161555	-2.0369908207629583	24.2828778265008	3690.9974296281216	1.6657179477339683	1012.7565122222527
chr6	92070001	92110000	chr6	91020001	92110000	0.7208588957055214	-2.1271042314120177	9.59246085229047	4182.312931598645	1.409391475554263	2457.9787333666345
chr6	92740001	92800000	chr6	92740001	94600000	0.4340490797546012	-0.27090423065840624	5.568307076488339	6214.230697360987	1.7981679336585574	12040.5324837777
chr6	94060001	94130000	chr6	94060001	94710000	0.3496932515337423	0.5392505080285757	17.508127368802672	7966.197952805216	1.7562686167356476	5593.715544303038
chr6	94950001	94990000	chr6	94050001	94990000	0.08026584867075665	2.011621431848959	12.783905721861059	4806.748551419758	2.403591494932024	3615.0016083777637
chr6	95080001	95130000	chr6	93760001	95130000	0.598159509202454	-0.7671324019391416	5.381879349408225	3686.587354344634	0.9487439245917729	3249.447941726822
chr6	95090001	95140000	chr6	93690001	95140000	0.5306748466257669	-0.5999207587814838	5.123601462607094	3714.611060390143	0.9713966613013111	3521.3128972172526
chr6	96980001	97050000	chr6	95040001	97050000	0.6002044989775052	-0.4841030442683715	5.177421870784323	7284.632572193542	2.4746224621081816	24372.55662930348
chr6	98100001	98140000	chr6	98100001	99620000	0.37525562372188137	-0.19439520694372156	6.187226709939188	3761.8338396430263	1.5822860107380932	3848.1195781150427
chr6	98500001	98540000	chr6	98500001	99780000	0.13445807770961146	1.5166395668006443	8.244340982435892	4221.102583007177	2.305773617839939	4722.224369336195
chr6	99550001	99610000	chr6	97930001	99610000	0.23977505112474437	-0.027840541308926162	7.991250546857919	8055.180551232782	2.480442498621538	15001.71623166306
chr6	99630001	99690000	chr6	99630001	100540000	0.46421267893660534	-0.7304132913988045	10.529342793489382	5749.021165245203	1.2227515955541677	4005.7342270354534
chr6	100620001	100660000	chr6	99670001	100660000	0.3885480572597137	-0.7491784674471395	11.776534802409788	4663.507781754276	2.820036112897282	4466.937202829295
chr6	100870001	100920000	chr6	100870001	101290000	0.7786298568507157	-0.2590368660835548	19.797336379640594	4157.440639724525	1.6420184492589456	1724.1193717218928
chr6	103490001	103530000	chr6	103490001	106660000	0.810838445807771	-2.619804386107147	3.821977563570062	4846.267550606839	1.2066155764489221	6119.954203748934
chr6	103790001	103840000	chr6	103790001	106250000	0.7765848670756647	-8.208648514594158	5.21940726049255	6419.870930405836	2.7396904698488522	16849.09638957044
chr6	103980001	104040000	chr6	103980001	106810000	0.5930470347648262	-5.739177072570694	6.017737070680849	10218.117546016081	3.901150402189189	39744.92029750346
chr6	104290001	104330000	chr6	104290001	104870000	0.5035787321063394	-1.331064920032643	19.937221940923063	4625.43549029415	1.9031402979344592	1766.1141964831781
chr6	104470001	104510000	chr6	104470001	106570000	0.7689161554192229	-3.0119088770370834	6.052350803753781	5083.974675153177	1.886619156845333	6339.040367000319
chr6	104470001	104510000	chr6	103500001	104510000	0.810838445807771	-2.433194024749142	11.459149247120475	4629.496295836672	1.6427188042183722	2654.6335876168896
chr6	104680001	104710000	chr6	103540001	104710000	0.6901840490797546	-3.9286201575640796	10.995000301344458	3859.2451057719045	2.025289275990876	2132.629607618392
chr6	106430001	106470000	chr6	103520001	106470000	0.9233128834355828	-10.10812333228994	5.165558659773742	6095.359218533016	2.496775960176249	11784.782532031895
chr6	106620001	106670000	chr6	104380001	106670000	0.5081799591002045	-3.9595473867289472	6.644898617365554	7608.408916883559	3.9231984767206973	22460.311279225993
chr6	106790001	106830000	chr6	106790001	108820000	0.7719836400817995	-4.72676510891091	7.929653411608195	6438.878570225854	3.829832513487578	12439.296003807653
chr6	107520001	107560000	chr6	106130001	107560000	0.6523517382413088	-2.2900390112826883	9.19262684597284	5258.182555896465	1.8466676947957232	4225.175685692615
chr6	107520001	107560000	chr6	107520001	108820000	0.7878323108384457	-1.447823790673927	8.020996827449354	4170.918350273664	1.230502431489183	2559.445057497501
chr6	107710001	107750000	chr6	106690001	107750000	0.8057259713701432	-4.374226686434945	11.024767693579795	4674.501502077833	2.2334543740070836	3787.9386183160136
chr6	108010001	108070000	chr6	106140001	108070000	0.2719836400817996	1.1270044742833412	7.887775656309574	9134.044210006487	3.115202735909022	21644.428609095885
chr6	111860001	111900000	chr6	110580001	111900000	0.8859918200408998	-6.489123184507472	9.10265639536599	4806.202576753243	1.842159246688544	3890.640329006205
chr6	112730001	112770000	chr6	112730001	114060000	0.8987730061349694	-4.395143674996224	12.314313831156099	6551.214958175045	1.6313011584524875	3471.4088651868933
chr6	113370001	113410000	chr6	112830001	113410000	0.7223926380368098	-1.245543827122498	20.339320706731076	4718.722403961609	1.3643239566670713	1266.0926317870421
chr6	113590001	113630000	chr6	112800001	113630000	0.3773006134969325	-0.6256862643962048	14.120671455010415	4688.062923063458	1.2418740536250619	1649.2087432140822
chr6	114070001	114100000	chr6	114070001	116280000	0.8282208588957055	-2.7435643035398316	6.117854993711497	4056.1378608307227	1.4005164130238863	2785.62714550451
chr6	114870001	114940000	chr6	114870001	115800000	0.7975460122699386	-1.59791027062916	13.441368640912245	8750.330985233872	1.4897206303931245	6788.656912701468
chr6	116120001	116190000	chr6	115100001	116190000	0.5715746421267893	-0.8128662129679616	13.036323773809755	9946.715039416844	1.3904105842512178	7426.182930485755
chr6	116600001	116650000	chr6	115820001	116650000	0.7689161554192229	-0.910665536879636	10.023607134055053	4159.796960632847	0.9050036321957704	1877.8825368062237
chr6	116760001	116800000	chr6	116760001	118140000	0.3670756646216769	-1.1458900494221194	7.956915949007184	4392.217603851966	1.8753397267629452	4140.750116692583
chr6	118440001	118480000	chr6	118440001	119860000	0.7806748466257669	-2.3948250355397414	7.569697528257732	4299.588196050392	1.3950336632855478	3169.5164829847645
chr6	118590001	118630000	chr6	118590001	120830000	0.9565439672801637	-8.028422521578772	7.394578830040134	6625.54263171596	2.8040350719593987	10049.661697902486
chr6	118690001	118730000	chr6	118690001	120040000	0.9396728016359919	-8.638357513696471	13.048214923545745	7046.036058714702	2.007310061027012	4335.789731818346
chr6	118700001	118740000	chr6	118700001	119870000	0.8680981595092024	-8.188030727465156	15.089860208508938	7062.054577582183	2.08374760796527	3900.775522110985
chr6	119140001	119170000	chr6	119140001	120850000	0.7852760736196319	-2.2579792824391896	6.833508747716038	3505.5899875783275	1.2648727530816257	1946.639166992622
chr6	119220001	119260000	chr6	119220001	120730000	0.7229038854805726	-2.3998180012307704	10.16354708347098	6138.782438416472	1.4230639177362832	3438.12242525086
chr6	119480001	119520000	chr6	119480001	120720000	0.2995910020449898	0.265931978089399	13.659392713615413	6775.058785953244	2.7047015774421577	5366.127929645241
chr6	120160001	120210000	chr6	119440001	120210000	0.07975460122699386	0.6910384126663847	18.1297216585427	6979.942838538939	2.172028104876728	4181.1541018877015
chr6	120350001	120420000	chr6	118420001	120420000	0.8721881390593047	-4.1999094293044354	6.5664003462660805	9192.960484772513	1.874243927098166	18367.590485562025
chr6	121140001	121200000	chr6	120360001	121200000	0.21370143149284254	-1.1079612941703776	15.383431343452916	7753.24939710027	1.6504583323691546	4990.985997084324
chr6	125600001	125630000	chr6	125600001	128080000	0.8098159509202454	-3.2270461264191197	5.096371101508193	3791.7000995220956	1.9185430045423557	4282.187986138538
chr6	126330001	126380000	chr6	125080001	126380000	0.9739263803680982	-6.405738720434353	11.209390738241515	7286.103979856985	1.5762702544105889	5122.878326834414
chr6	127110001	127150000	chr6	127110001	128490000	0.7377300613496933	-1.1746030731007218	7.661857197653586	4229.34517310478	1.2370049295358185	2731.306884415087
chr6	127440001	127470000	chr6	127440001	128480000	0.8225971370143149	-1.776217453084989	7.958523046911561	2483.059190636407	0.9669876077467328	905.1004008509418
chr6	127740001	127780000	chr6	127740001	128500000	0.2995910020449898	-1.0053155020097546	13.85626595628058	4212.304850709296	1.2970000383207967	1577.1520465980889
chr6	128250001	128300000	chr6	127980001	128300000	0.7377300613496933	-4.0960806997099	33.75824199863847	5401.318719782155	1.255749416214686	1004.5995329717489
chr6	133940001	133980000	chr6	133940001	135390000	0.6779141104294478	-1.2086996980918712	8.068979063469648	4680.007856812395	1.689988667772665	3920.773709232583
chr6	134020001	134060000	chr6	134020001	135010000	0.39161554192229037	-2.2734801631300394	11.09505952826892	4393.643573194492	1.5405527119607514	2440.23549574583
chr6	135060001	135100000	chr6	135060001	136300000	0.5306748466257669	-1.1793109637415848	8.406969757906134	4169.856999921442	1.2770779400129162	2533.7226329856258
chr6	135800001	135840000	chr6	135070001	135840000	0.18609406952965235	-0.2554341314927503	16.491568343053526	5079.403049660486	2.3455901186313115	2889.767026153776
chr6	136110001	136160000	chr6	135380001	136160000	0.6293456032719836	-2.128164330023409	14.0585935006306	5482.851465245934	1.7524778168441593	3417.3317428461105
chr6	136330001	136380000	chr6	135090001	136380000	0.1983640081799591	0.3953162160328153	8.884112966903759	5730.252863652924	2.1353903089759596	6886.633746447469
chr6	140710001	140770000	chr6	140710001	142960000	0.6840490797546013	-1.9300699635194312	6.090106747850541	8221.64410959823	1.7060618264741085	13819.100794440279
chr6	141230001	141270000	chr6	140350001	141270000	0.7684049079754601	-5.2257717021734855	13.643676849916929	5020.87308076943	1.962170516999229	2888.315001022865
chr6	141410001	141470000	chr6	140660001	141470000	0.6451942740286298	-1.3142835473454384	14.842865511046407	7213.632638368554	2.4528029111323435	7152.373288861913
chr6	142490001	142530000	chr6	142490001	143210000	0.32617586912065444	-0.25474014715189375	12.813928452255125	3690.411394249476	1.5630680030246786	1800.6543394844298
chr6	145340001	145380000	chr6	145340001	146770000	0.7310838445807771	-3.627192926191003	9.068076021321156	5005.5779637692785	2.350011908016123	5376.82724554089
chr6	145800001	145860000	chr6	145800001	146420000	0.26533742331288346	-0.7914537521555884	21.635188719713543	7399.234542142031	2.8612778188863004	6386.372091754222
chr6	148190001	148240000	chr6	148190001	149570000	0.37065439672801637	-0.5346704962123523	7.135169086769069	4923.266669870657	1.5842710485165583	5465.735117382126
chr7	3280001	3340000	chr7	3280001	5090000	0.8537832310838446	-3.9938199232111917	7.721044091895107	8199.748825592604	1.6557563853925283	10788.908607217714
chr7	3620001	3680000	chr7	3620001	5070000	0.9498977505112475	-5.350673676560514	8.900323610416345	7743.281541062221	2.2902524323955284	11955.117697104659
chr7	4100001	4140000	chr7	4100001	5080000	0.07566462167689161	0.3366159183093971	12.997510875442027	5095.024263173274	2.2342759627233932	3503.3447095502806
chr7	4480001	4550000	chr7	4480001	5130000	0.9744376278118609	-4.221804112570415	17.767784894068082	8084.342126800977	1.8178793813605403	5789.9458296333205
chr7	6880001	6950000	chr7	6270001	6950000	0.05777096114519427	0.6610397215726141	21.280143285981993	10129.34820412743	3.175153168941902	10579.610358914419
chr7	7260001	7300000	chr7	6110001	7300000	0.42433537832310836	-1.2340419945727017	11.129957502348917	5297.859771118085	2.9460760882632973	5609.328872053318
chr7	12450001	12490000	chr7	12450001	13080000	0.1554192229038855	-0.4278958841093026	16.1133331165233	4060.559945363872	2.1238886468910856	2140.879756066214
chr7	12830001	12880000	chr7	12140001	12880000	0.06543967280163598	-0.12370972702880483	15.658880324103386	5793.785719918253	1.7971490460469681	3324.725735186891
chr7	13260001	13300000	chr7	12760001	13300000	0.07310838445807771	0.17286532765267135	16.00658740336855	3457.422879127607	1.3241877595409246	1144.0982242433588
chr7	15910001	15950000	chr7	15910001	17090000	0.8563394683026585	-3.1848604909585942	9.060818055938329	4276.706122402891	1.6009025982795195	3022.5041055517327
chr7	16370001	16410000	chr7	16370001	17070000	0.6584867075664622	-2.586538771880037	18.611853317942288	5211.318929023841	1.6378016353466303	1834.337831588226
chr7	16590001	16630000	chr7	15920001	16630000	0.1656441717791411	0.692766111174517	20.31584867042409	5769.701022400441	1.7196964691166323	1953.5751889164942
chr7	16590001	16640000	chr7	16590001	17090000	0.3123721881390593	-0.9286521179789035	20.55730220927037	5139.325552317593	1.207314451673769	1509.1430645922112
chr7	18880001	18930000	chr7	18880001	19690000	0.6400817995910021	-0.6220677085736273	14.483556517002244	5865.840389385909	1.287527680587856	2607.2435531904084
chr7	19910001	19950000	chr7	18880001	19950000	0.22188139059304704	-0.13094093053953818	8.899994139580777	3809.1974917405723	0.9083324236188939	1555.0651092355463
chr7	24070001	24120000	chr7	24070001	25340000	0.467280163599182	-0.3961654142210952	8.115012252599685	5153.0327804008	0.9885812630464607	3138.7455101725127
chr7	25370001	25410000	chr7	24090001	25410000	0.8471370143149284	-2.266731678528873	9.295433771722081	4907.989031469258	1.4277351946311363	3015.37673106096
chr7	25370001	25430000	chr7	25370001	25810000	0.7546012269938651	-1.116396570193061	21.819497815435394	5760.347423274944	1.3487894789305535	2136.482534625997
chr7	27650001	27690000	chr7	27160001	27690000	0.07668711656441718	-1.0453139465880714	29.073138354475034	6163.505331148707	2.436379305563543	2066.0496511178844
chr7	27800001	27840000	chr7	27800001	30640000	0.7903885480572597	-3.413311082901622	4.122270680169286	4682.899492672308	1.6647029391835084	7564.410155649863
chr7	27810001	27850000	chr7	27110001	27850000	0.40439672801635995	-0.5855680378293229	11.234223135620885	3325.330048143782	0.9449001501272491	1118.761777750663
chr7	27810001	27850000	chr7	27810001	30850000	0.7402862985685071	-4.049885950668831	3.9241395293907013	4771.753667739093	1.716726307649206	8350.156760405738
chr7	28140001	28190000	chr7	28140001	28980000	0.25971370143149286	-0.6461698045340513	12.994885598065528	5457.851951187522	1.223484911947898	2569.318315090586
chr7	28270001	28320000	chr7	27150001	28320000	0.8333333333333334	-2.198994490214777	9.796172381280506	5730.760843049096	1.2404500198785644	3628.316308144801
chr7	29140001	29180000	chr7	27130001	29180000	0.6421267893660532	-2.7423323707870724	5.960540425176159	4887.643148644451	1.431859928787442	4696.50056642281
chr7	29140001	29180000	chr7	29140001	30670000	0.5071574642126789	-2.465458957912857	8.365249610741955	5119.532761774077	1.3781335317464167	3373.670885715228
chr7	29140001	29180000	chr7	27150001	29180000	0.6400817995910021	-2.7492178038028166	6.014182854184759	4883.516477598025	1.435524090476108	4662.582245866399
chr7	29750001	29800000	chr7	27170001	29800000	0.754601226993865	-4.485013551125381	4.278148918117445	5625.765827324441	1.9811451785657783	13026.029549069992
chr7	30420001	30460000	chr7	30040001	30460000	0.4708588957055215	-2.469320777054115	30.206882432402928	5074.756248643692	1.7500909280629193	1176.0611036582818
chr7	30950001	31000000	chr7	30190001	31000000	0.41411042944785276	-0.2915553386561282	11.735517850723022	4752.884729542824	1.101340033937666	2230.2135687237737
chr7	34370001	34410000	chr7	34370001	35410000	0.8277096114519428	-2.8329015152724772	9.967757760400097	4146.587228326441	1.9882120880622973	3308.3849145356626
chr7	34630001	34700000	chr7	34090001	34700000	0.044989775051124746	1.7775515315278676	18.37551476699255	7846.344805505819	1.8391000253756182	5497.069975847723
chr7	34660001	34700000	chr7	34660001	35390000	0.48466257668711654	-0.32464835544159787	13.057024024743576	3812.6510152251244	1.6151616496348822	1886.5088067735423
chr7	35020001	35060000	chr7	35020001	35650000	0.2443762781186094	-1.0314902293098769	18.894999791670873	4761.53994750106	1.4718726959216644	1483.6476774890377
chr7	35130001	35190000	chr7	34730001	35190000	0.15388548057259716	0.22329885029244328	23.778212251844543	6562.786581509094	1.682061559600209	2785.4939426979463
chr7	35250001	35290000	chr7	34500001	35290000	0.26278118609406953	-0.5259321887742409	12.931554170276355	4086.371117807328	1.484933181807991	1876.9555418053005
chr7	35870001	35910000	chr7	35870001	38290000	0.23261758691206544	1.0095286197086029	6.491232095936101	6283.512668866146	4.5765363171163145	17720.34861987437
chr7	36860001	36910000	chr7	35710001	36910000	0.8742331288343559	-5.866601173310769	9.790882965566217	5874.52977933973	2.0048939565341284	6014.681869602386
chr7	37320001	37370000	chr7	35190001	37370000	0.5925357873210634	-1.9468931192764865	6.895046469716663	7515.6006519911625	3.948566594688535	21519.687941052514
chr7	37330001	37380000	chr7	37330001	38270000	0.9299591002044989	-5.107312658326193	11.909645393465082	5597.533334928588	2.504360664209853	5885.2475608931545
chr7	37720001	37780000	chr7	37720001	38270000	0.8946830265848671	-1.6378895547146373	17.490591416918527	5771.895167583114	1.0761189226259533	2130.7154667993877
chr7	37900001	37940000	chr7	37370001	37940000	0.3609406952965235	-1.7329294491716103	18.87232342752281	4302.889741475201	2.0376737834396943	1858.3584904970012
chr7	38020001	38060000	chr7	35110001	38060000	0.7208588957055214	-4.7637961235387	4.383696323243511	5172.761661427343	2.241404769107127	10579.430510185639
chr7	38120001	38160000	chr7	35980001	38160000	0.5076687116564418	-2.0524576946092337	5.878319031325788	5125.894195316087	1.6058603515438068	5601.240906184798
chr7	40880001	40920000	chr7	39420001	40920000	0.3374233128834356	-2.7139411398121003	7.579179565945218	4547.507739567131	2.3601552174204814	5664.372521809156
chr7	44180001	44240000	chr7	43290001	44240000	0.630879345603272	-0.6467722733697847	8.186272313569916	4666.175218734852	0.9127952174399216	3121.759643644532
chr7	45100001	45140000	chr7	45100001	46890000	0.7290388548057259	-2.77182886705206	8.268395226567343	5920.170982222217	1.5468105394398624	4430.065384955766
chr7	45560001	45600000	chr7	45230001	45600000	0.47955010224948874	-2.7022654311118175	37.49922888475465	5549.885874943689	2.1391268815340494	1266.3631138681571
chr7	45780001	45820000	chr7	44250001	45820000	0.5480572597137015	-2.8971841584368083	10.059358134153129	6317.276908248165	1.8541162169474652	4657.539936972033
chr7	46260001	46310000	chr7	46260001	46890000	0.06134969325153374	2.292563733470067	21.211465098289633	6681.611505961234	2.5005818200187386	3938.4163665295137
chr7	46700001	46740000	chr7	44440001	46740000	0.8773006134969326	-4.340970853802815	6.055132578352346	5570.721972084159	1.4670799872147289	5398.854352950202
chr7	48740001	48780000	chr7	48740001	50680000	0.5368098159509203	-3.055567700682132	7.49546498621746	5816.480829304749	1.7088474824292559	5304.26258546041
chr7	49740001	49780000	chr7	48950001	49780000	0.09100204498977506	0.6099011548739142	12.765325950596333	4238.0882155979825	1.4216672742144172	1887.974140156746
chr7	49920001	49960000	chr7	49920001	51440000	0.6523517382413089	-6.659340439943514	8.857503894045976	5385.362367579954	4.46775820314172	10865.587950040663
chr7	50010001	50050000	chr7	50010001	51460000	0.9366053169734151	-19.34744196500556	9.771479010284155	5667.45782596481	3.4767498166262465	8066.0595745728915
chr7	50240001	50280000	chr7	50240001	52000000	0.7730061349693251	-6.026973004191151	7.575323270848543	5333.027582677374	2.343536170213474	6599.397855321142
chr7	50470001	50510000	chr7	48820001	50510000	0.6595092024539877	-1.6719250507991845	7.114784846735227	4809.594556393014	1.4256837000698455	3855.048724988862
chr7	50470001	50510000	chr7	50470001	52110000	0.8854805725971371	-3.5185996721430293	7.100678788289226	4658.045285117732	1.6966975930466437	4452.134484154393
chr7	51210001	51250000	chr7	49010001	51250000	0.9079754601226994	-12.111667405438325	6.3075049510367025	5651.524436128885	2.644772490682079	9478.864606604571
chr7	51590001	51660000	chr7	51590001	52040000	0.02556237218813906	5.629186017288162	25.234326748914672	7948.8129259081215	2.601132556218901	5735.497286462676
chr7	62860001	62920000	chr7	62860001	64910000	0.7044989775051125	-2.368778042050237	5.309287832439048	6530.424033900029	1.490041992937807	10996.509907881016
chr7	63200001	63240000	chr7	63200001	64650000	0.25357873210633947	-0.7275893204577542	6.59600281428662	3825.6816322862396	1.2249095794699647	2841.7902243703184
chr7	63300001	63330000	chr7	63300001	64340000	0.37474437627811863	-0.3720783376179849	10.990051006595388	3428.8959140577613	2.10353386995293	1968.9077022759425
chr7	63300001	63340000	chr7	63300001	64350000	0.1738241308793456	0.929370098775276	11.761336999558758	4939.761539814678	2.144829164651615	3603.312996614713
chr7	63720001	63760000	chr7	63720001	65050000	0.4570552147239264	-1.604403202372343	10.670140847216736	5676.514930719303	2.324078891352268	4945.639880797627
chr7	64140001	64180000	chr7	63240001	64180000	0.1820040899795501	0.6586013398404716	13.873331005097022	5216.37245791648	2.130864037542807	3204.8195124643817
chr7	64270001	64310000	chr7	63230001	64310000	0.7050102249488752	-4.247258401697891	11.120337416852326	4803.985764080205	1.8852523125567413	3257.715996098049
chr7	64270001	64320000	chr7	63380001	64320000	0.41359918200408996	-3.0897384976542597	12.812347232932103	6021.803199478089	1.9367535970269922	4551.370953013432
chr7	64510001	64570000	chr7	63440001	64570000	0.8660531697341514	-2.343194019115822	11.171964602344984	7574.592000389899	1.035866281624472	4213.904033648352
chr7	64620001	64660000	chr7	63480001	64660000	0.878323108384458	-3.6530446249633943	12.522641982990827	5910.68701597167	1.3637593601097642	2574.7776718872346
chr7	64630001	64660000	chr7	63460001	64660000	0.8957055214723927	-3.75924090697455	11.988371555714307	4315.813760057151	1.404061762834261	1516.386703861002
chr7	64700001	64750000	chr7	63690001	64750000	0.47137014314928427	-1.493453809119184	16.368945413465852	8675.541069136902	2.5404978267729716	6732.3192409483745
chr7	64850001	64890000	chr7	63420001	64890000	0.4601226993865031	-1.033207536873477	6.971271970998963	4099.10791894739	1.1672433244066425	2745.356299004423
chr7	64850001	64890000	chr7	63430001	64890000	0.44683026584867075	-1.0332521204070022	7.01436319405237	4096.388105326584	1.1684559141871669	2729.5130155412216
chr7	66250001	66320000	chr7	65300001	66320000	0.5189161554192229	-1.0396908333044945	12.058868712939399	8610.03226103873	1.529785485680879	7645.867857433033
chr7	66670001	66710000	chr7	66670001	67670000	0.22494887525562374	0.062027558001039734	10.640402580607223	4256.161032242889	2.0085960031002226	3213.7536049603564
chr7	66810001	66850000	chr7	66810001	67660000	0.1768916155419223	0.3671283729352716	14.05703110183249	4779.390574623047	2.602419787540617	3539.290911055239
chr7	67180001	67230000	chr7	66690001	67230000	0.2883435582822086	1.5071916933590428	21.535064350739002	5814.46737469953	2.6900810403141024	3631.609404424038
chr7	67200001	67250000	chr7	67200001	68380000	0.6794478527607362	-1.7381445601597116	11.522436221599289	6798.237370743581	2.081078451745234	6139.18143264844
chr7	67320001	67380000	chr7	67320001	68220000	0.7627811860940695	-2.179939252117709	14.894112433723944	8042.8207142109295	1.4258491990166846	4619.751404814058
chr7	67620001	67650000	chr7	65040001	67650000	0.7903885480572597	-4.705521840598116	6.561063909565896	5137.313041190097	2.4516885608549184	5759.016429448203
chr7	67740001	67810000	chr7	67740001	68480000	0.08179959100204498	2.8802482400176808	16.393516825257763	8491.84171548352	2.8115549179669355	10194.698132548108
chr7	68300001	68350000	chr7	67810001	68350000	0.4815950920245399	-0.67032584901679	18.76736947366283	5067.189757888964	1.8936878006649271	2556.4785308976516
chr7	68720001	68760000	chr7	65510001	68760000	0.5940695296523517	-1.8862062917342688	3.1608448835062672	4109.098348558147	1.2339121377145228	6416.343116115519
chr7	70700001	70740000	chr7	68560001	70740000	0.808282208588957	-3.068106579566614	4.568829134160698	3984.019004988128	1.4506407290086634	5059.834862782218
chr7	70700001	70740000	chr7	70700001	71410000	0.630879345603272	-1.719105303861769	12.242954948155205	3476.999205276078	1.4218233586089883	1615.1913353798109
chr7	71200001	71240000	chr7	69020001	71240000	0.7607361963190185	-5.893540053946798	5.142870805271936	4566.869275081479	2.181125024619605	7747.356087448836
chr7	71370001	71410000	chr7	69010001	71410000	0.8619631901840491	-7.706116112490428	4.548267583137246	4366.336879811756	2.3982604381775605	9209.320082601833
chr7	71370001	71410000	chr7	71370001	71890000	0.6666666666666666	-0.7288404172234505	16.59485302250615	3451.7294286812794	1.841932775153236	1532.4880689274923
chr7	71850001	71900000	chr7	69050001	71900000	0.7300613496932515	-7.012029439716765	4.731220588898038	6741.989339179705	3.045506228391067	21699.23187728635
chr7	72370001	72410000	chr7	72370001	74360000	0.3946830265848671	3.0713404934019723	7.921649494723289	6305.632997799738	4.152709356133993	13222.226589930633
chr7	72560001	72600000	chr7	72560001	74780000	0.8476482617586911	-5.025330580262402	6.084427321659146	5402.971461633322	1.9135949605342795	6797.089299817761
chr7	72570001	72610000	chr7	72570001	74560000	0.8353783231083844	-4.856244938276584	6.620866913840046	5270.210063416676	1.8801848115097997	5986.508439847202
chr7	72670001	72710000	chr7	72670001	73650000	0.7617586912065439	-2.1423798464584918	11.480942718984062	4500.529545841752	1.9613376872676986	3075.3774936357513
chr7	72940001	72980000	chr7	72370001	72980000	0.8139059304703476	-3.8383550327771108	15.81109481775713	3857.9071355327396	1.660170999123818	1620.3268951448465
chr7	72950001	72980000	chr7	72950001	73390000	0.7223926380368098	-1.5993776647986422	19.41934446304686	2563.3534691221853	1.3982538295522702	553.708516502699
chr7	73350001	73400000	chr7	72670001	73400000	0.19222903885480572	0.046595712559259476	16.828482750778196	6142.396204034041	2.429544292832786	4433.9183344198345
chr7	73630001	73670000	chr7	73630001	75800000	0.8312883435582822	-7.10828456002722	6.9954714233149256	6072.069195437355	3.084729872166704	10710.182116162796
chr7	73720001	73770000	chr7	73720001	75780000	0.9263803680981595	-8.74897132766434	7.031918337924309	7242.875888062038	2.1783749879173966	11218.631187774592
chr7	74310001	74360000	chr7	73680001	74360000	0.06390593047034765	3.0281260912394794	17.24251564250929	5862.455318453158	2.531601341691545	4303.722280875627
chr7	74350001	74390000	chr7	74350001	75380000	0.11554192229038855	-0.6277421932764503	13.170419549151005	5426.212854250214	2.907799500582132	4792.053576959353
chr7	75080001	75120000	chr7	73320001	75120000	0.2065439672801636	0.9045970366864161	8.130549817544624	5853.99586863213	3.367710764415643	9699.007001517051
chr7	75100001	75140000	chr7	75100001	75750000	0.4775051124744376	-3.663552998729092	17.2702379765019	4490.261873890494	2.1938320556984663	2281.585337926405
chr7	75830001	75880000	chr7	73130001	75880000	0.39161554192229037	-1.2785644258007494	4.475063197983687	6153.211897227569	1.4784277216924624	10164.19058663568
chr7	75890001	75940000	chr7	75890001	78980000	0.4100204498977505	-1.300972312969691	4.484480619669185	6928.522557388891	3.7860006084223445	29246.854700062613
chr7	76360001	76410000	chr7	76360001	78930000	0.2392638036809816	1.9300260719755937	4.982926986857962	6403.061178112482	3.285999658747097	21112.5478074501
chr7	76910001	76960000	chr7	75590001	76960000	0.7423312883435583	-1.889145565100694	7.592695665794967	5200.9965310695525	1.964322367047884	6727.804107139003
chr7	76940001	77010000	chr7	76940001	78570000	0.5265848670756647	-0.7873836069424273	6.660518189195227	7599.651253871754	1.926230731711002	15384.804854175773
chr7	77100001	77170000	chr7	77100001	78570000	0.3721881390593047	0.9350620814438945	8.011317484132746	8243.645691172596	2.431237493520522	17512.20366582832
chr7	77260001	77300000	chr7	77260001	78770000	0.8537832310838446	-4.688454508681966	7.5558074818893814	4563.707719061186	2.202677648205214	5321.669198063797
chr7	78100001	78140000	chr7	75420001	78140000	0.8144171779141105	-6.293000947240699	5.010990206622355	5451.957344805122	2.1615369361177947	9407.008745984644
chr7	78570001	78610000	chr7	77120001	78610000	0.5214723926380368	-9.733470223063797	10.759869667226402	6412.882321666935	3.771656117116522	8991.628183205788
chr7	78860001	78900000	chr7	78020001	78900000	0.4003067484662577	-0.3317108454552228	11.033554783554253	3883.8112838110974	1.006480583578101	1417.124661677966
chr7	79760001	79800000	chr7	79760001	80330000	0.14314928425357873	0.5258456933920468	16.421836141542137	3744.1786402716075	1.3475001774499855	1228.9201618343868
chr7	79760001	79800000	chr7	79760001	80270000	0.14826175869120656	0.4338063925298579	18.010769350468657	3674.196947495606	1.351627425559602	1102.9279792566351
chr7	79900001	79940000	chr7	79900001	81030000	0.1738241308793456	0.0005563029765219402	11.57806255216791	5233.284273579896	1.76054751467759	3183.0699065370827
chr7	80370001	80430000	chr7	80370001	81030000	0.2561349693251534	-0.6342450331747286	22.833027026296612	9041.878702413458	2.2962887927583684	5455.982171593883
chr7	80990001	81030000	chr7	79700001	81030000	0.6779141104294478	-2.65359555345382	9.717704328501034	5169.81870276255	1.515254701388989	3224.4620045557685
chr7	81120001	81160000	chr7	80050001	81160000	0.26993865030674846	-0.6160886075651092	10.501713207555769	4662.760664154761	1.4809152298739898	2630.105448256206
chr7	81460001	81530000	chr7	80540001	81530000	0.7535787321063395	-1.344687374874188	10.660007407344056	7387.385133289431	1.0612017968752345	5147.889916641762
chr7	82240001	82290000	chr7	81390001	82290000	0.1630879345603272	0.3480936476224767	13.451332513700049	6053.0996311650215	1.850511640541477	4163.651191218323
chr7	82840001	82880000	chr7	82840001	84160000	0.1303680981595092	1.6490791001295306	9.445077517901193	4987.00092945183	2.5541644645529322	5394.3953491357925
chr7	83120001	83150000	chr7	83120001	84530000	0.84560327198364	-2.3185775093408623	7.245795394924433	3064.971452053035	1.292281619314822	1639.9053749105092
chr7	83200001	83240000	chr7	83200001	84180000	0.25408997955010226	-0.7690686934402899	12.299388672989451	4821.360359811865	1.604428022311774	2515.7431389848616
chr7	83530001	83570000	chr7	83530001	84700000	0.721881390593047	-1.6736758349478895	8.611877169566062	4030.3585153569175	1.3086479183869124	2449.7889032203
chr7	84240001	84280000	chr7	83630001	84280000	0.07157464212678936	-1.0075304854814282	17.982222444134763	4675.377835475038	2.064330784040764	2146.9040154023946
chr7	84320001	84360000	chr7	82090001	84360000	0.8169734151329243	-4.907268234844323	5.704454449237951	5179.64463990806	1.9366189482820442	7033.8000201603845
chr7	89030001	89070000	chr7	87250001	89070000	0.6426380368098159	-3.88204240734304	6.621414486124893	4820.389745898922	2.2890249544389873	6665.640667326331
chr7	89400001	89470000	chr7	89040001	89470000	0.8415132924335378	-1.575629780315516	24.060304451266877	7242.15163983133	2.1399749663968315	4508.927254198124
chr7	89610001	89650000	chr7	89610001	92900000	0.8261758691206544	-3.9200492843449455	3.904992728612208	5138.970430853666	1.5080064466041732	7938.145934924368
chr7	89970001	90040000	chr7	89970001	90480000	0.07259713701431493	-2.2222784385225554	28.58631441529568	10205.314246260557	2.6874920027347122	6716.0425148340455
chr7	90420001	90490000	chr7	89170001	90490000	0.7724948875255624	-2.209215212182029	9.394901447259922	8680.888937268168	1.7963686953447031	11618.91272148954
chr7	90470001	90500000	chr7	90470001	92980000	0.8987730061349694	-9.07221011600271	4.380306920940091	3298.371111467889	2.329532507121482	5262.413933587428
chr7	91410001	91450000	chr7	89890001	91450000	0.19631901840490795	0.44475671669113853	7.607188578833996	4746.885673192413	2.224082854491681	5551.310804811236
chr7	91430001	91470000	chr7	91430001	92810000	0.37474437627811863	-0.5268343446336284	8.995417667017334	4965.470552193568	2.4172721639252095	5337.336937946862
chr7	91540001	91580000	chr7	91540001	92890000	0.7801635991820041	-2.7513686036234053	8.980513541250902	4849.477312275487	1.8370329060702535	3967.9910771117475
chr7	91990001	92040000	chr7	91220001	92040000	0.7050102249488752	-3.163468906430945	14.720877512467178	6035.559780111543	2.4173369828535494	4955.540814849776
chr7	92090001	92130000	chr7	92090001	92700000	0.032719836400818	9.795704744590447	25.68321197351278	6266.703721537118	4.107504711080986	4008.9245980150417
chr7	93070001	93120000	chr7	91990001	93120000	0.1083844580777096	0.5890910327047728	9.86844086610162	5575.669089347415	1.3618727698590565	3847.2905748518347
chr7	96200001	96240000	chr7	96200001	96880000	0.3098159509202454	-0.5898926454376401	14.80222506602802	4026.2052179596217	1.7373258216952834	1890.2104940044683
chr7	96840001	96910000	chr7	96300001	96910000	0.5807770961145194	-4.5244656020180285	21.527758859275167	9192.353032910496	2.4213350046824798	7237.370328995932
chr7	97390001	97430000	chr7	97390001	97980000	0.5030674846625767	-1.3505939108498752	20.773361609396954	4902.513339817681	1.6924576961279325	1597.6800651447684
chr7	98090001	98130000	chr7	97310001	98130000	0.5674846625766872	-1.0572190232785685	15.969422094580924	5237.970447022543	1.595925586469341	2093.8543694477753
chr7	98450001	98500000	chr7	98450001	99190000	0.10122699386503067	1.2836712767033487	18.30807137136929	6773.986407406638	1.93289319976438	3575.852419564103
chr7	99020001	99070000	chr7	98600001	99070000	0.9621676891615542	-13.8913184038065	32.11894014539025	7547.950934166709	2.4728899308925127	2905.6456687987024
chr7	100340001	100380000	chr7	97330001	100380000	0.8680981595092024	-4.987093369608126	4.581386853875344	5589.291961727919	1.7557423690020335	8568.022760729924
chr7	101640001	101680000	chr7	101640001	102270000	0.019427402862985686	5.3628605038825015	20.407379758609355	5142.659699169558	2.5684079372314996	2588.9552007293514
chr7	102360001	102430000	chr7	101830001	102430000	0.45858895705521474	-0.4831483113883054	21.021326148853397	8828.956982518426	1.4707382307145864	4323.970398300884
chr7	106230001	106280000	chr7	103010001	106280000	0.4049079754601227	-9.247618315823733	2.4985196397640665	3985.138825423686	1.6691826482805365	13645.568149693387
chr7	106230001	106270000	chr7	106230001	108760000	0.7832310838445807	-6.9691777124596355	2.5924202575232207	2623.5293006134993	1.1850153278517321	4796.942047143812
chr7	109500001	109550000	chr7	109500001	110140000	0.17331288343558282	0.531067496825323	19.32737066301859	6184.75861216595	1.695790860664425	2713.26537706308
chr7	110270001	110320000	chr7	110270001	110820000	0.06748466257668712	1.029839357320833	23.20959509974526	6382.638652429947	2.4341063364735067	3346.8962126510714
chr7	110620001	110670000	chr7	110110001	110670000	0.039366053169734155	1.172483361573596	23.611192384055652	6611.133867535583	2.557771395001157	3580.87995300162
chr7	111560001	111600000	chr7	111560001	112410000	0.6523517382413088	-1.5770871135657583	13.4827503605167	4584.135122575678	1.2991567143594378	1766.8531315288355
chr7	111780001	111820000	chr7	110780001	111820000	0.871676891615542	-4.877579036688154	11.900477132692824	4950.598487200215	2.305579811617986	3836.4848065323285
chr7	111930001	111970000	chr7	110810001	111970000	0.18302658486707568	-2.823704492695388	13.226295280192518	6137.001010009329	3.818222090133399	7086.620199287589
chr7	112370001	112410000	chr7	112370001	113990000	0.34918200408997957	-1.3612235664002905	9.911479310754949	6422.638593369206	2.7101193940729997	7024.629469437215
chr7	112830001	112890000	chr7	112050001	112890000	0.041922290388548056	4.616990938423709	19.587587148106092	9872.14392264547	3.5055699197509367	10600.843437326832
chr7	113300001	113340000	chr7	112020001	113340000	0.7469325153374233	-2.7755964963062816	10.918812200208436	5765.132841710054	2.202229235918577	4651.108146260035
chr7	113320001	113390000	chr7	113320001	114290000	0.5920245398773006	-1.3410156018129087	13.314598087405297	9040.612101348197	1.933417463134624	9189.533202278868
chr7	114010001	114050000	chr7	112010001	114050000	0.7479550102249488	-2.6230056694162514	7.4632307871170065	6089.996322287478	2.155750964213799	7036.3711471938395
chr7	114170001	114220000	chr7	113600001	114220000	0.2694274028629857	-1.1300404097129337	20.705382857992387	6418.66868597764	1.7670027747518002	2738.8543008652905
chr7	114610001	114650000	chr7	114050001	114650000	0.5449897750511248	-1.52987742397795	15.896245266095582	3815.0988638629397	1.4499509954741863	1391.9529556552188
chr7	114790001	114830000	chr7	114030001	114830000	0.09458077709611451	1.3895042622613165	12.583003224466607	4026.5610318293143	1.5628228048649089	2000.4131902270833
chr7	115200001	115250000	chr7	115200001	115990000	0.08895705521472393	2.517261054112332	14.841808735117183	5862.514450371287	2.6445605742627256	5223.007134168883
chr7	116020001	116060000	chr7	114570001	116060000	0.06237218813905931	4.922789286867076	9.986333593060955	5951.854821464329	3.742497786156441	8922.114722196955
chr7	116590001	116630000	chr7	116030001	116630000	0.07924335378323108	0.9739810250614931	15.246651739297684	3659.1964174314444	1.3518285853902985	1297.7554419746866
chr7	117360001	117410000	chr7	116050001	117410000	0.742842535787321	-1.0681555922147452	6.645385509966514	4518.862146777229	1.483717156132442	5044.638330850303
chr7	117370001	117410000	chr7	117370001	120780000	0.7331288343558282	-2.983681977060681	3.407108450133136	4647.295925981598	1.3694482712359315	7471.709767863242
chr7	117850001	117890000	chr7	116790001	117890000	0.2965235173824131	-1.6663406270200034	9.50224557728432	4180.988054005101	2.0592241379792076	3624.234482843405
chr7	118970001	119020000	chr7	118110001	119020000	0.14008179959100203	1.340107660740072	15.224083169427724	6926.957842089614	1.8467278538855796	4201.305867589694
chr7	120080001	120120000	chr7	120080001	121140000	0.6206543967280164	-1.1912213750735012	9.351886875051706	3965.200035021923	1.3447529346116895	2280.7009771014255
chr7	120300001	120340000	chr7	119660001	120340000	0.2955010224948875	-0.24339418326194867	14.258999182147749	3878.447777544188	1.5308861975197787	1665.6041829015192
chr7	120820001	120860000	chr7	120820001	122640000	0.8420245398773006	-1.513668652996277	6.5994149513661915	4804.374084594588	0.9980835456635344	2906.419284972212
chr7	121680001	121750000	chr7	121680001	122550000	0.2331288343558282	0.4404326933788138	14.716389012772606	8962.280908778517	1.7399303232485912	7417.322968008744
chr7	122220001	122260000	chr7	122220001	122880000	0.8430470347648262	-8.47572066838637	19.361313399293003	5111.386737413352	2.577817901770576	2722.175704269728
chr7	122460001	122500000	chr7	122460001	124390000	0.565439672801636	-0.9580656939776975	7.0002086664694225	5404.161090514394	1.3286588554250507	4102.898545552556
chr7	122920001	122970000	chr7	122010001	122970000	0.6390593047034765	-4.799267866662407	12.716429682626764	6103.8862476608465	2.7370962188053682	6569.030925132884
chr7	123500001	123540000	chr7	123500001	125700000	0.4504089979550102	0.5413112376002522	5.9844453347861055	5266.311894611773	4.022565898995246	14159.431964463267
chr7	123790001	123840000	chr7	123790001	126060000	0.8609406952965235	-4.601139001756674	5.362594500237803	6086.544757769906	2.0244041347907187	11488.493464937328
chr7	124090001	124130000	chr7	124090001	125730000	0.34560327198364005	-3.2100099719603663	8.938622349791078	5863.736261462947	3.93804573089091	10333.431997857748
chr7	124470001	124510000	chr7	123540001	124510000	0.8159509202453987	-2.6432883097122395	10.568108482918497	4100.4260913723765	1.4294354295839073	2218.483786714224
chr7	124750001	124800000	chr7	123230001	124800000	0.6625766871165644	-3.4128672292654882	8.800814836477626	6908.639646634936	2.134771998042985	8378.980092318716
chr7	124830001	124870000	chr7	124830001	126160000	0.7719836400817995	-2.15386718741713	8.309951524963289	4420.89421128047	1.145641099624694	2437.9242600013486
chr7	124830001	124870000	chr7	123220001	124870000	0.8404907975460123	-5.723024423138493	7.757003468761961	5119.622289382894	1.9590130814553801	5171.794535042203
chr7	125030001	125090000	chr7	123800001	125090000	0.8139059304703476	-8.290816542766072	10.109994894393893	7825.136048260873	2.510555356091358	11659.019073688265
chr7	125150001	125190000	chr7	124140001	125190000	0.49693251533742333	-3.6410471117993954	11.79706658391096	4954.767965242603	2.7753007407633765	4662.505244482472
chr7	125420001	125490000	chr7	125420001	126290000	0.3824130879345603	-0.047340225998482366	13.011454169149733	7923.975589012188	1.1153755092190143	4754.8457958006575
chr7	125670001	125730000	chr7	125670001	128760000	0.6411042944785276	-2.5462572004628425	4.8598273353430255	9010.11987972597	1.430067489599284	15908.070754302435
chr7	126250001	126290000	chr7	126250001	128010000	0.7985685071574642	-2.8829705451348984	8.280661043837226	5829.585374861406	1.3666120714363303	3848.379593164706
chr7	126550001	126590000	chr7	126550001	128760000	0.7678936605316974	-5.319380551249704	7.1148807186673055	6289.554555301898	2.0390108859419502	7209.942492690736
chr7	126860001	126900000	chr7	126860001	127920000	0.8721881390593047	-7.433761048266896	15.450083154027274	6550.8352573075645	1.8573625739829291	3150.086925475048
chr7	127100001	127140000	chr7	126430001	127140000	0.12576687116564417	-4.9447783477583505	22.436019862186622	6371.829640861	3.4065044757426786	3869.789084443683
chr7	127410001	127480000	chr7	126420001	127480000	0.6876278118609407	-4.066514822495419	14.8749611295349	11037.221158114895	1.9492821601669106	10124.571539906934
chr7	127430001	127480000	chr7	125670001	127480000	0.7494887525562373	-3.015182386221315	8.87204974805336	8029.20502198829	1.5864573930470074	7178.7197035377085
chr7	128210001	128250000	chr7	126010001	128250000	0.7014314928425358	-2.3170624815065657	4.92166342429157	4409.810428165247	1.3981075701754324	5010.81753150875
chr7	128680001	128750000	chr7	127880001	128750000	0.06441717791411043	1.7415190865126295	17.00995112545361	10359.06023540125	2.6791934479440123	11421.401668585324
chr7	129760001	129800000	chr7	129760001	130990000	0.803680981595092	-3.594997054247069	9.893645233540996	4867.67345490217	1.608053546500209	3164.6493795124115
chr7	130520001	130560000	chr7	130520001	132980000	0.7924335378323109	-1.7201142569321286	5.084182844879374	5002.835919361304	1.1089465098604419	4364.813462810699
chr7	131100001	131130000	chr7	131100001	132590000	0.7147239263803681	-2.107179808452142	7.222879243780075	3228.6270219696935	1.350012520979937	1810.3667906340954
chr7	131530001	131580000	chr7	131530001	132980000	0.36400817995910023	-0.9848526865951849	8.39314314915224	6085.0287831353735	1.9422111276036362	7040.515337563182
chr7	131860001	131930000	chr7	131860001	133000000	0.06543967280163598	3.178877987489952	11.721110945670851	9353.44653464534	2.4841412680936004	13876.413123570852
chr7	132530001	132570000	chr7	131320001	132570000	0.5971370143149284	-5.843451564326273	12.151956683557064	6075.978341778532	3.121918112197693	6243.836224395386
chr7	133280001	133320000	chr7	132630001	133320000	0.2832310838445808	-1.261930645132996	18.56196773750123	5123.10309555034	1.4249014017668655	1573.0911475506196
chr7	133550001	133590000	chr7	132670001	133590000	0.8742331288343559	-12.740767746327831	18.87223292902394	6944.98171788081	3.605393256845583	5307.138874076698
chr7	133790001	133850000	chr7	133790001	135490000	0.8865030674846626	-9.07502460166987	8.537331744243252	8708.078379128117	3.5017025000792237	21430.41930048485
chr7	133890001	133940000	chr7	133890001	136980000	0.9192229038854806	-13.669280130098631	5.07840278769263	7846.132306985113	2.6679938592025696	20610.25256233985
chr7	134120001	134160000	chr7	134120001	136770000	0.7310838445807771	-3.5831258416361793	4.647120402156265	4925.947626285641	1.8172139470268402	7704.987135393802
chr7	135070001	135110000	chr7	134140001	135110000	0.7750511247443763	-2.8404861892384083	11.442028624481576	4439.507106298852	1.7802270993769567	2762.912458233037
chr7	135450001	135490000	chr7	133850001	135490000	0.2121676891615542	-0.2461098404824188	8.133892672814147	5335.83359336608	3.3455422770914782	8778.702935088038
chr7	135930001	135970000	chr7	133030001	135970000	0.6973415132924335	-2.0898400234201757	3.582035977812495	4212.474309907494	1.240749348507973	5836.484935381505
chr7	135940001	135980000	chr7	135940001	138970000	0.9212678936605317	-6.349523873899002	4.0161392467961985	4867.560767116993	1.8005670242098508	8729.148933369357
chr7	137140001	137180000	chr7	136030001	137180000	0.9038854805725971	-3.609307958545176	9.758344598751604	4488.838515425738	1.5086094904385992	2775.8414624070224
chr7	137310001	137370000	chr7	136000001	137370000	0.17893660531697342	1.4510698835959022	8.993410354637334	7392.583311511888	2.9740014478260424	14667.77514067804
chr7	137460001	137500000	chr7	137460001	138940000	0.3778118609406953	-2.2456318388237158	8.038559279835953	4758.827093662884	2.843769938490719	6734.047214346022
chr7	137830001	137870000	chr7	137830001	138810000	0.628323108384458	-2.3699559579912344	10.896382823401938	4271.38206677356	1.6715185706339906	2620.9411187540973
chr7	138370001	138410000	chr7	138370001	140210000	0.5812883435582822	-0.6902593280137155	5.166780464223571	3761.4161779547594	0.9583269683777276	2821.31459490403
chr7	138380001	138420000	chr7	137700001	138420000	0.5388548057259713	-1.2507496011421348	13.030658570616437	3752.829668337534	1.6206058132833299	1866.937896902396
chr7	139070001	139110000	chr7	139070001	141580000	0.6462167689161554	-2.7030499932727055	6.54627002814793	6572.455108260522	1.1972333233077992	4769.777560058272
chr7	139450001	139510000	chr7	139010001	139510000	0.3133946830265849	-2.6084845029587083	30.030483527936365	8648.779256045673	2.312115770098953	4161.808386178115
chr7	139870001	139910000	chr7	138840001	139910000	0.4601226993865031	-1.8438084117607823	12.108730848378944	5085.666956319156	1.6933498985927193	2899.0150263907353
chr7	140040001	140090000	chr7	140040001	141840000	0.5455010224948875	-2.670501551240144	6.9022699607898375	6108.508915299006	1.867192050026286	8402.364225118286
chr7	140810001	140860000	chr7	140810001	142040000	0.8006134969325154	-2.285255700214323	9.536827416281273	5722.096449768764	1.2531291731526515	3853.3722074444036
chr7	141330001	141390000	chr7	140830001	141390000	0.24284253578732107	0.1702024073571939	24.115769585846095	8102.898580844288	1.57521325362492	3175.6299193078385
chr7	141530001	141590000	chr7	140830001	141590000	0.7668711656441718	-2.4744808167225933	16.920739389005938	7715.857161386707	1.1846004992166177	3241.066965856666
chr7	141760001	141830000	chr7	141760001	144180000	0.4616564417177914	-4.618233597147883	5.432469961090679	9202.604114087611	1.5756986087011002	18453.006406498585
chr7	142260001	142300000	chr7	140580001	142300000	0.6273006134969326	-2.0665807374508707	6.336892639281367	4283.739424154204	1.2083800184080469	3325.461810658945
chr7	142670001	142730000	chr7	142140001	142730000	0.33640081799591004	-2.210053213914833	19.067503076956893	6749.89608924274	2.0239674281582705	4298.906817408167
chr7	143030001	143070000	chr7	141040001	143070000	0.5511247443762781	-1.2587973097966116	5.949541586049056	4759.633268839245	1.069864393610296	3474.9195504462414
chr7	143730001	143770000	chr7	143010001	143770000	0.5751533742331288	-1.289290930249102	16.925391790286934	5145.319104247228	1.4180502881245025	1724.349150359395
chr7	143810001	143840000	chr7	143810001	145320000	0.7423312883435583	-2.5985314383112224	7.425272383588525	3363.6483897656017	1.5103676995926676	2052.589703746435
chr7	143870001	143910000	chr7	143870001	144730000	0.6912065439672802	-2.544456530103627	12.478832363087797	4292.718332902202	1.4176063158743817	1950.6262906431493
chr7	145190001	145250000	chr7	144480001	145250000	0.7770961145194274	-3.8448363826551173	22.19208241290746	10252.742074763246	2.3461746238229773	6503.596057237293
chr8	4140001	4180000	chr8	3170001	4180000	0.8629856850715747	-1.733314607120686	6.978438945329858	2819.2893339132625	0.9023412291245965	1458.1834262653479
chr8	4470001	4520000	chr8	3160001	4520000	0.5986707566462168	-1.7105918142294492	7.972827627776433	5421.522786887975	1.114365486837119	3788.8426552462042
chr8	4480001	4520000	chr8	3400001	4520000	0.7535787321063394	-1.5751161898127002	9.435392741135953	4227.055948028907	1.1605336292917923	2079.6762636908916
chr8	4590001	4630000	chr8	3150001	4630000	0.7699386503067485	-1.9032614530344687	6.841199000198034	4049.989808117236	1.2280935267129927	2908.125471256367
chr8	8630001	8670000	chr8	6660001	8670000	0.29141104294478526	-1.2439712456434644	6.276978391082618	5046.690626430424	2.6897524359889076	8650.243834140327
chr8	9200001	9270000	chr8	9200001	9970000	0.06134969325153374	4.715157384899054	17.289298392700022	9318.931833665312	3.2144222325862413	12128.015083547889
chr8	9740001	9800000	chr8	9240001	9800000	0.11042944785276074	2.1383706726531493	22.449686354055842	7543.0946149627625	2.8530506780399607	5751.750166928561
chr8	9920001	9960000	chr8	9220001	9960000	0.07004089979550102	1.6213178325950552	15.317745945016062	4534.052799724755	2.855585844221479	3381.0136395582313
chr8	10120001	10180000	chr8	9220001	10180000	0.5674846625766872	-0.7083539098335041	10.210203470864336	5881.077199217858	0.9194784411068118	3177.7174924651413
chr8	10380001	10420000	chr8	9930001	10420000	0.1196319018404908	1.7158771092124347	20.24990144460829	3968.980683143225	2.4008409910562643	1882.259336988111
chr8	10540001	10590000	chr8	10540001	11470000	0.24335378323108384	0.12981365634040778	13.786734387693176	6410.831490277327	2.923663419178967	6797.517449591098
chr8	11170001	11210000	chr8	10640001	11210000	0.10633946830265849	0.2091701688711613	17.3904779304538	3965.028968143467	1.940484373761429	1769.7217488704232
chr8	11230001	11270000	chr8	11230001	11970000	0.2847648261758691	0.2931853270491563	14.032839642873467	4153.720534290546	1.3641406257184123	1615.1425008506
chr8	12640001	12680000	chr8	12640001	13800000	0.3215746421267893	-0.906643028669496	8.918478824626378	4138.17417462664	1.3434519749945077	2493.4468655898063
chr8	12670001	12710000	chr8	10430001	12710000	0.7811860940695297	-2.7898242373250413	4.7447473063650625	4327.209543404937	1.5066536309890433	5496.27244584803
chr8	13740001	13790000	chr8	12770001	13790000	0.8558282208588956	-3.033877306269489	13.729551747672623	7002.071391313038	2.097588451497084	5348.850551317564
chr8	14080001	14110000	chr8	14080001	15370000	0.45807770961145194	-1.8608189590824682	8.472791148064921	3278.9701743011246	1.6551777143842568	1921.661326400122
chr8	14370001	14420000	chr8	14370001	14810000	0.467280163599182	-2.331910205490901	24.57325665683528	5406.116464503762	2.1788289572847943	2396.711853013274
chr8	14820001	14860000	chr8	13760001	14860000	0.12883435582822086	1.2509728202652426	13.001725775757127	5720.759341333136	3.442367975958534	6058.56763768702
chr8	15900001	15940000	chr8	15900001	18910000	0.8231083844580777	-6.685697530974721	4.201831642710725	5059.005297823713	2.131190170344317	10263.811860378231
chr8	16300001	16340000	chr8	16300001	17510000	0.8312883435582822	-2.445938429744391	8.53843409238618	4132.602100714911	1.6674038389625303	3228.0938322314587
chr8	16830001	16870000	chr8	15990001	16870000	0.7515337423312883	-1.6676905840118235	11.581183972764677	4076.5767584131663	1.436379613935134	2022.4224964206685
chr8	17510001	17550000	chr8	15150001	17550000	0.28629856850715746	-5.769374305940233	6.573452717851129	6310.514609137084	3.537341757480543	13583.392348725285
chr8	17650001	17690000	chr8	15850001	17690000	0.5925357873210634	-2.775219932427476	5.494802999527946	4044.175007652568	1.6591577383440401	4884.560381684854
chr8	22150001	22200000	chr8	22150001	23250000	0.3767893660531697	-0.2925907954203021	7.894775277353322	4342.126402544327	0.8448842148535997	2323.431590847399
chr8	22470001	22510000	chr8	22470001	23220000	0.8834355828220859	-3.788838803089659	16.944931629764497	5083.479488929349	1.419986493177336	1703.9837918128032
chr8	22750001	22800000	chr8	22380001	22800000	0.17433537832310836	-0.7518961449479031	26.681969525421433	5603.213600338501	1.5066369341580768	1581.9687808659805
chr8	25960001	26010000	chr8	25170001	26010000	0.712678936605317	-1.7043012220748865	12.621513921457128	5301.035847011994	1.3157210268468997	2763.0141563784896
chr8	26990001	27030000	chr8	25710001	27030000	0.9504089979550102	-10.39665308285486	9.951459205967113	5254.370460750636	3.0342937189042383	6408.428334325751
chr8	27630001	27670000	chr8	27630001	30980000	0.8773006134969326	-11.583935081522895	3.3579456512775865	4499.647172711966	2.697782712824505	14460.115340739347
chr8	29270001	29320000	chr8	27620001	29320000	0.5731083844580778	-1.8554475601204157	6.384844525903069	5427.117847017608	2.3473179982889305	9976.101492727954
chr8	34780001	34830000	chr8	34140001	34830000	0.10633946830265849	0.7981078751898681	19.185410205901775	6618.966521036113	3.364102367999244	5803.076584798696
chr8	35150001	35190000	chr8	35150001	36660000	0.4938650306748466	-1.300739157829932	7.279727944070596	4396.95567821864	1.3277051444402792	3207.7356289677145
chr8	35410001	35470000	chr8	34290001	35470000	0.733640081799591	-2.923441885864278	10.961251192260086	7760.56584412014	1.9823807358136385	8421.153365736336
chr8	35570001	35610000	chr8	35570001	36510000	0.537321063394683	-1.8055945355187872	12.68950632574117	4771.25437847868	1.6275687910471175	2447.863461734865
chr8	36470001	36520000	chr8	35860001	36520000	0.5224948875255624	-2.9634524341368187	20.414627435658723	6736.827053767378	1.6534192444566174	2728.1417533534186
chr8	40260001	40310000	chr8	40260001	41120000	0.6952965235173825	-1.4634036653261424	12.493790477779669	5372.329905445257	1.0819859366469164	2326.2697637908705
chr8	44910001	44950000	chr8	41030001	44950000	0.5807770961145193	-10.173253815676027	4.112359902916955	6448.180327773785	3.095729027449262	19416.41246016177
chr8	46990001	47040000	chr8	46990001	47760000	0.15030674846625766	0.37353895369075996	14.411341024289197	5548.366294351341	2.0620014395008948	3969.3527710392227
chr8	47660001	47700000	chr8	46460001	47700000	0.48568507157464214	-1.2685095477067012	7.392440804061225	3666.6506388143675	1.2367094780955075	2453.631604541487
chr8	54490001	54540000	chr8	54490001	55110000	0.044989775051124746	1.6644630057889123	15.41986152244739	4780.157071958691	1.8310683372015497	2838.155922662402
chr8	55040001	55110000	chr8	54480001	55110000	0.019427402862985686	-9.179549199764095	21.29074719320612	9389.2195122039	2.346883336821109	6899.837010254059
chr8	58520001	58560000	chr8	57430001	58560000	0.37014314928425357	-0.5304426895196157	8.368660794920936	3782.6346793042635	1.470044032577235	2657.839610899641
chr8	60610001	60660000	chr8	60610001	61130000	0.3609406952965235	0.0007955060559132053	18.31958608904953	4763.092383152878	1.8387145017223003	2390.3288522389903
chr8	64000001	64040000	chr8	64000001	64960000	0.17535787321063395	1.264303225889021	14.026392652320128	5386.134778490929	3.106816477195943	4772.070108972968
chr8	64510001	64550000	chr8	64040001	64550000	0.13190184049079753	0.5050246530143392	20.279804865523293	4137.080192566752	2.289648729061389	1868.3533629140934
chr8	64820001	64860000	chr8	64070001	64860000	0.46932515337423314	-0.8457533639442566	11.654666639766731	3682.8746581662867	1.0090488006770528	1275.4376840557948
chr8	64820001	64860000	chr8	64060001	64860000	0.4381390593047035	-0.8433933393893724	11.549739800196742	3695.916736062957	1.0232057372069039	1309.7033436248369
chr8	64920001	64960000	chr8	63980001	64960000	0.15746421267893662	1.0316508516130076	10.876524749923227	4263.597701969905	1.4809972914058347	2322.203752924349
chr8	69270001	69330000	chr8	69270001	69810000	0.6768916155419222	-1.3074058951949628	17.34328239304549	5619.22349534674	1.5504702193024253	3014.1141063239147
chr8	69600001	69640000	chr8	69600001	72580000	0.44274028629856854	-1.8292733846873075	3.836257182237548	4572.818561227157	1.4448981464624289	6889.274362332861
chr8	70750001	70800000	chr8	70040001	70800000	0.6779141104294479	-1.8271139777961756	15.648800777141089	5946.5442953136135	1.1377304492266598	2161.6878535306537
chr8	71110001	71150000	chr8	71110001	74980000	0.803680981595092	-2.3109714330994113	2.2589249870257224	3460.6730801234066	1.1792448103545166	7301.883865715166
chr8	71250001	71290000	chr8	71250001	72570000	0.6078732106339468	-1.775352056570457	7.096650505217581	3747.031466754883	1.0859836843077209	2293.5975412579064
chr8	71350001	71410000	chr8	69740001	71410000	0.6850715746421268	-1.8865848520218123	6.643755443166367	6657.0429540527	1.4464982555772925	8696.347512530683
chr8	71460001	71500000	chr8	70130001	71500000	0.7331288343558282	-2.374362263502972	8.072753138498138	4423.868719896979	1.372464054137829	3008.441206670121
chr8	71670001	71740000	chr8	71670001	72580000	0.6359918200408998	-1.358554735435611	11.099674726206912	7070.492800593803	1.2795424135574185	5705.4796220525295
chr8	71690001	71740000	chr8	71690001	72580000	0.6748466257668712	-1.6382548429320656	10.821260627673297	4815.460979314617	1.3203452313121877	2937.7681396696175
chr8	71800001	71840000	chr8	69010001	71840000	0.8987730061349694	-1.4850669967598027	2.224263495273895	2517.8662766500493	0.9959879907869001	4509.833622283084
chr8	71810001	71850000	chr8	71810001	74980000	0.7423312883435583	-1.1899109202632145	1.968050590949633	2463.9993398689408	0.9177303475466989	4654.728322756857
chr8	72470001	72510000	chr8	69090001	72510000	0.7689161554192229	-2.832516889739268	3.0427144811550773	4162.433410220146	1.3169471480372728	7206.334794059956
chr8	72710001	72750000	chr8	72150001	72750000	0.12116564417177914	0.46465409824922715	14.530473316515954	3254.8260228995737	1.2455445029570298	1195.7227228387485
chr8	73190001	73230000	chr8	73190001	75110000	0.7448875255623721	-1.8151138366578914	4.768532969327849	3662.2333204437878	1.2327493965922258	3787.0061463313177
chr8	73310001	73360000	chr8	71260001	73360000	0.49284253578732107	-0.5813912152852847	4.893734988472498	5040.547038126673	0.8348175888593112	4382.792341511384
chr8	74640001	74680000	chr8	72790001	74680000	0.8169734151329243	-2.3794125693101504	4.873736835647986	3684.545047749878	1.3022589500087782	3938.0310648265454
chr8	74910001	74950000	chr8	73540001	74950000	0.08486707566462168	1.417324814471869	7.382740893312272	4163.865863828121	1.9065828099882687	4301.250819333534
chr8	75200001	75270000	chr8	74970001	75270000	0.06748466257668712	0.6466191877161723	26.237475070660892	5509.869764838787	1.3360400770416467	1963.9789132512205
chr8	76870001	76920000	chr8	76870001	77680000	0.2852760736196319	0.32230068848580024	11.03917078618582	4470.864168405257	1.331068693728392	2695.4141047999938
chr8	78030001	78080000	chr8	78030001	79750000	0.2724948875255624	-0.37920008063635835	6.584506411556033	5662.6755139381885	1.965600262420434	8452.081128407866
chr8	78210001	78250000	chr8	78210001	79760000	0.2903885480572597	-0.7666394901404749	7.340250533380697	4550.955330696032	1.8770116898707645	4654.988990879496
chr8	79350001	79410000	chr8	79020001	79410000	0.6748466257668712	-1.0075774182514308	25.552088604147784	5979.188733370582	1.3702630951638242	1923.849385610009
chr8	79580001	79620000	chr8	78860001	79620000	0.4831288343558282	-1.8993192232935505	14.504520752368906	4409.374308720147	2.1874575419150286	2659.9483709686747
chr8	80300001	80340000	chr8	78000001	80340000	0.6840490797546013	-1.8811200619549562	4.076368145600678	3815.4805842822343	1.1108744403699737	4159.113904745182
chr8	80470001	80520000	chr8	78900001	80520000	0.5956032719836402	-0.666303350377305	6.230276339536404	5046.523835024487	1.836813892352038	7439.096264025754
chr8	81020001	81060000	chr8	81020001	83580000	0.7617586912065439	-10.651947459691844	5.0529643559390856	5174.235500481624	3.409074644304493	13963.569743071203
chr8	81410001	81440000	chr8	81410001	83060000	0.9243353783231084	-6.5279110402255	8.39060762037028	4153.350772083289	2.2028032071745764	3271.1627626542463
chr8	81980001	82030000	chr8	80730001	82030000	0.7044989775051125	-5.223599541034953	11.203533151710387	7282.296548611752	2.3904685596012634	7769.022818704107
chr8	82740001	82790000	chr8	80650001	82790000	0.8312883435582823	-7.066278074968828	5.700304961944276	6099.326309280375	3.54965388970186	18990.64830990495
chr8	82750001	82790000	chr8	82750001	83470000	0.5455010224948875	-1.1456745294496753	10.878151537832597	3132.907642895788	1.2320287647222055	1419.2971369599807
chr8	82840001	82870000	chr8	82840001	83860000	0.3052147239263804	-0.20350471337319928	11.119498775730795	3402.566625373623	1.7577755592224455	1613.637963366205
chr8	83650001	83720000	chr8	83650001	84230000	0.9146216768916156	-1.4534597241206015	21.047198174094685	8545.162458682442	1.7491650498409235	4971.127071647905
chr8	84820001	84860000	chr8	83970001	84860000	0.18507157464212678	-2.697476076468408	15.783339776623524	5618.868960477975	1.9111569131173862	2721.487444279158
chr8	85670001	85720000	chr8	85670001	86920000	0.5081799591002045	-2.666562912170016	12.408038463454814	7755.024039659258	3.972796844220137	12414.990138187928
chr8	86840001	86880000	chr8	83890001	86880000	0.7832310838445807	-3.416367842186384	4.7887228256175325	5727.312499438569	1.6378637046277895	7835.539962939345
chr8	86910001	86960000	chr8	86910001	88090000	0.09100204498977504	2.7866087494081664	12.42533373053164	7330.946901013668	2.9345153934174064	8656.82041058135
chr8	87170001	87210000	chr8	85420001	87210000	0.565439672801636	-1.4534203985570529	7.334371927719031	5251.410300246826	1.3290785601049098	3806.4809961404617
chr8	87510001	87580000	chr8	85430001	87580000	0.35276073619631904	-1.5032017470455468	7.4120806784024325	11155.181420995661	2.205666267833008	23236.69413162074
chr8	87920001	87960000	chr8	87190001	87960000	0.6860940695296524	-3.914881042277078	17.20483685810424	5299.089752296106	1.6027511060928015	1974.5893627063315
chr8	87920001	87970000	chr8	85440001	87970000	0.8824130879345603	-4.8905542508312445	6.001322687885628	7591.673200175319	1.4445793035191068	9136.96409475835
chr8	88020001	88060000	chr8	85380001	88060000	0.808282208588957	-5.207943065833847	5.524138603166655	5921.876582594654	2.095283510052534	8984.575691105267
chr8	89750001	89790000	chr8	88240001	89790000	0.36400817995910023	-0.34646247697221316	5.965479027452652	3698.5969970206443	1.4352746703193655	3559.4811823920263
chr8	89970001	90010000	chr8	89970001	91200000	0.3987730061349693	-0.06695500449050365	9.64114034006341	4743.4410473111975	2.7770795726814317	5465.292599037058
chr8	90130001	90180000	chr8	90130001	90820000	0.8231083844580777	-3.3478787970978408	14.776139562154055	5097.768148943149	1.745355875265502	3010.738884832991
chr8	91770001	91810000	chr8	90800001	91810000	0.34049079754601225	-0.1328848349580343	10.580484942852435	4274.515916912384	1.2838908423641775	2074.7676012605107
chr8	92040001	92080000	chr8	91180001	92080000	0.7607361963190185	-1.9487436198815908	10.16854392082788	3660.6758114980366	1.3367747673420887	1924.9556649726078
chr8	92830001	92880000	chr8	89780001	92880000	0.7995910020449897	-3.02176056118909	3.3871461279998343	5250.076498399743	1.4644272786541692	11349.311409569811
chr8	92960001	93020000	chr8	91210001	93020000	0.450920245398773	-0.9564229110586354	5.330816575458987	5789.26680094846	1.4859904896504228	9682.714030562154
chr8	95050001	95100000	chr8	93810001	95100000	0.6646216768916156	-0.8419950575444449	7.870732195427986	5076.622266051051	0.8959335953017976	2889.3858448482974
chr8	95050001	95090000	chr8	95050001	95900000	0.7852760736196319	-1.2291667769774028	10.599436061869074	3603.808261035485	0.8985834992814716	1222.0735590228014
chr8	95200001	95250000	chr8	94320001	95250000	0.6226993865030674	-0.9785520555793816	11.10757496909671	5165.0223606299705	1.2981108721832664	3018.107777826094
chr8	95310001	95370000	chr8	95310001	95910000	0.233640081799591	0.012147491620455761	14.598593256993809	5255.493572517771	1.1220198502166818	2423.5628764680328
chr8	95420001	95460000	chr8	93550001	95460000	0.6625766871165644	-1.1866932703649766	5.054068110067363	3861.3080360914655	0.9940210227668983	3037.7282455756413
chr8	95420001	95470000	chr8	95420001	95920000	0.7530674846625767	-0.7509484602202712	16.09927474532688	4024.81868633172	1.074752415058635	1343.4405188232936
chr8	95430001	95480000	chr8	95430001	95910000	0.6503067484662577	-0.23572988058151675	16.920610347943356	4060.946483506405	1.1241101109518272	1348.9321331421927
chr8	95590001	95630000	chr8	95590001	95930000	0.05061349693251534	1.113756054998648	28.256356252905007	3842.864450395081	1.7366882039315554	944.7583829387662
chr8	96130001	96170000	chr8	96130001	98980000	0.8517382413087935	-6.132483088012224	3.7681086690824017	4295.643882753938	2.217286409768388	10110.82602854385
chr8	98290001	98330000	chr8	98290001	100590000	0.7847648261758691	-5.073806620058119	5.038664263600061	4635.571122512056	2.031934266600105	7477.518101088385
chr8	98510001	98560000	chr8	98510001	100240000	0.7842535787321063	-3.5383805885829487	6.542280129104073	5659.072311675023	1.7704414071780392	7657.15908604502
chr8	99020001	99070000	chr8	97850001	99070000	0.8471370143149284	-2.5156171525723385	9.005362252002316	5493.270973721413	1.7937303412557881	5470.8775408301535
chr8	99020001	99070000	chr8	99020001	99410000	0.8312883435582822	-0.9664644434680694	20.3329895696099	3964.9329660739304	1.19605545843598	1166.1540719750803
chr8	99410001	99450000	chr8	97280001	99450000	0.7965235173824131	-11.545855194313182	6.309506081082657	5476.651278379746	2.857747599000297	9922.099663729032
chr8	103520001	103560000	chr8	103520001	105290000	0.7668711656441718	-1.549838681055745	5.191932792020331	3675.8884167503943	0.9876679230279612	2797.0755580151863
chr8	103870001	103910000	chr8	103130001	103910000	0.7995910020449898	-1.9546360633628101	10.89489518866233	3399.207298862647	1.352721578326022	1688.1965297508755
chr8	104020001	104060000	chr8	102590001	104060000	0.28629856850715746	-0.08581476744783917	6.693138824583192	3935.565628854917	2.3087441314175163	5430.166197093999
chr8	104900001	104970000	chr8	104080001	104970000	0.4775051124744376	-1.4940567694718043	10.520545731070019	6554.299990456621	0.9331535379392022	4069.482578952861
chr8	105790001	105830000	chr8	105320001	105830000	0.8353783231083844	-3.6192236767209174	22.304863311148807	4550.192115474357	1.3755578921830525	1122.4552400213709
chr8	106310001	106350000	chr8	105220001	106350000	0.6063394683026585	-0.8177427984212149	9.015947230841437	4075.20814834033	0.8904648382797872	1609.9604276098553
chr8	106380001	106420000	chr8	106380001	107200000	0.8384458077709611	-2.5178947490892436	10.697608451604733	3508.8155721263524	1.2536010228507493	1644.724541980183
chr8	106660001	106720000	chr8	106660001	107480000	0.25920245398773006	0.037971812261683065	13.284565378875959	6536.006166406972	1.5454453867692906	4562.1547817429455
chr8	109400001	109440000	chr8	107400001	109440000	0.5940695296523517	-2.9542316911959765	5.292834503244117	4318.9529546471995	2.341303986011055	7642.0162103400835
chr8	110050001	110090000	chr8	109540001	110090000	0.1411042944785276	0.35561414046150286	16.28115613594541	3581.85434990799	1.1168056991656956	982.7890152658122
chr8	110130001	110170000	chr8	110130001	111260000	0.4498977505112474	-3.3007605668016406	12.740018416220114	5758.488324131491	2.0337206672201775	3676.966966334081
chr8	110640001	110680000	chr8	110640001	111660000	0.8558282208588956	-2.83933879766471	14.984940016370194	6113.855526679039	1.4481781339109145	2363.4267145426124
chr8	110810001	110850000	chr8	110810001	111400000	0.5460122699386503	-3.8786867563409144	20.300968619376228	4791.02859417279	2.145832160115218	2025.6655591487656
chr8	111610001	111660000	chr8	110620001	111660000	0.49028629856850714	-0.9694392024084436	12.96213632188283	6740.310887379072	1.333989726351333	3468.3732885134655
chr8	112050001	112110000	chr8	112050001	113630000	0.12321063394683027	-0.08530642721152114	10.148620191983786	9620.89194200063	4.281546199450012	24353.434782471668
chr8	112380001	112440000	chr8	112380001	113980000	0.8404907975460123	-5.268943412013346	8.120443512493216	7795.625771993487	2.2951870584172416	13220.27745648331
chr8	113180001	113210000	chr8	111170001	113210000	0.7653374233128835	-2.80708429926605	5.849980031685718	3580.187779391659	1.3920955175761092	2555.8873702697365
chr8	113610001	113650000	chr8	111390001	113650000	0.8200408997955011	-8.810770528487442	6.024664705319865	5446.296893609158	3.536753324243342	12788.900020463925
chr8	113630001	113680000	chr8	113630001	116980000	0.7648261758691206	-3.0848537690913584	4.121596585422043	6903.674280581922	1.6885375290482176	14141.501805778822
chr8	114200001	114260000	chr8	111090001	114260000	0.8742331288343558	-3.5407876312538877	4.1035392855677095	7804.931721149783	1.2692041487473003	14484.157745504192
chr8	114340001	114380000	chr8	113670001	114380000	0.21779141104294478	-3.7020968525792766	19.077245760903967	5417.937796096727	2.5160209267431335	2858.1997727801995
chr8	114420001	114460000	chr8	114420001	116870000	0.7955010224948875	-7.943772688608298	5.681616947985296	5567.98460902559	3.5587297963310403	13950.220801617677
chr8	114590001	114620000	chr8	114590001	116800000	0.9560327198364008	-9.391161822353432	6.863506319085774	4550.504689553868	2.020430694938682	4018.636652233038
chr8	115060001	115100000	chr8	115060001	116790000	0.8179959100204499	-6.303196198167	7.7493402574343175	5362.543458144548	2.531023559028109	7005.873211389806
chr8	115060001	115100000	chr8	113660001	115100000	0.8389570552147239	-2.3273584194004426	6.843140520901305	3941.648940039152	1.1017742786691227	2538.4879380536586
chr8	115210001	115250000	chr8	115210001	116790000	0.8762781186094069	-5.450191083516118	7.960620707158309	5031.112286924052	2.0655944753203768	5221.822833609913
chr8	115210001	115250000	chr8	113260001	115250000	0.8374233128834356	-2.754703939218194	5.538139696292095	4408.359198248508	1.1760721854965124	3744.6138386208954
chr8	115580001	115620000	chr8	114460001	115620000	0.8895705521472392	-4.798839568931891	10.36562072988255	4809.6480186655035	1.9373244678926465	3595.674212408752
chr8	115590001	115630000	chr8	115590001	116940000	0.8404907975460123	-2.443391594540656	7.918602175961405	4276.045175019159	1.556857232971141	3362.8116232176644
chr8	115710001	115760000	chr8	115710001	116920000	0.7351738241308794	-2.317824382085741	10.969041201621854	6636.269926981222	2.0981589798256652	6346.930913972637
chr8	115820001	115860000	chr8	114000001	115860000	0.7535787321063395	-3.512367848942592	6.218739779587174	4626.742396012857	1.7517759043285142	5213.285091281658
chr8	116110001	116160000	chr8	114450001	116160000	0.5143149284253579	-4.124222897558684	8.541514937716517	7302.995271747623	2.7687688499049505	11836.486833343664
chr8	116420001	116460000	chr8	114480001	116460000	0.14877300613496933	5.155861607657414	7.862413898597585	6227.031807689287	4.390215536758491	13908.2028204509
chr8	116830001	116870000	chr8	114200001	116870000	0.9212678936605317	-6.191139335576836	5.833885041651973	6230.589224484307	1.929967451321333	8244.820952044734
chr8	116840001	116890000	chr8	113640001	116890000	0.8118609406952966	-5.85191421307255	4.856493282049597	7891.801583330596	2.1310800472219125	17315.02538367804
chr8	116920001	116960000	chr8	113640001	116960000	0.9458077709611452	-6.604722245032876	3.379439558183222	4487.895733267319	1.7426668412357311	9257.046260644203
chr8	117890001	117950000	chr8	117890001	119390000	0.23210633946830267	-0.5763749707258653	9.01023621420737	8109.212592786635	2.938746460259818	15869.230885403016
chr8	118270001	118330000	chr8	118270001	119310000	0.2177914110429448	-0.2331011210411204	12.022290244017492	7501.909112266915	2.435765055281324	9119.504366973277
chr8	118480001	118520000	chr8	118480001	119310000	0.7586912065439673	-2.3176797041342336	12.80752503628211	4252.09831204566	1.5873149978296024	2107.954317117712
chr8	118590001	118640000	chr8	118590001	120750000	0.5260736196319018	-0.6947040052026889	5.3779101894730195	5808.143004630861	0.9132592705116773	4931.600060763058
chr8	118810001	118880000	chr8	118030001	118880000	0.49897750511247446	-0.1311936336607276	13.395509307132336	7970.32803774374	2.0581205969907668	8572.072286466544
chr8	118860001	118910000	chr8	118860001	119290000	0.4284253578732106	-0.5042752187396198	22.591873091320114	4857.252714633824	1.2485880080676284	1342.2321086727004
chr8	119280001	119320000	chr8	117120001	119320000	0.5332310838445808	-3.9162751128360487	6.090446057447475	5359.5925305537785	2.178139233479724	7667.0501018486275
chr8	119400001	119440000	chr8	119400001	120780000	0.572597137014315	-0.7447944688104493	9.128937212948863	5039.173341547772	1.2148731883855943	2682.439999955392
chr8	119910001	119950000	chr8	119910001	120690000	0.4381390593047035	-0.9168251932088183	15.15505738010061	4728.37790259139	1.4596610563966528	1821.6569983830227
chr8	121090001	121140000	chr8	121090001	121950000	0.09304703476482618	2.088484241420095	15.635951372285882	6723.45909008293	2.549082598971622	5480.527587788987
chr8	121480001	121520000	chr8	120660001	121520000	0.06850715746421268	0.23848349476296496	18.271765733991536	6285.487412493088	3.17833646778994	4373.390979678958
chr8	123210001	123250000	chr8	123210001	126560000	0.8302658486707567	-2.9435191270056884	4.15273903944138	5498.226488220388	0.9998403365189459	5359.14420374155
chr8	123210001	123250000	chr8	121560001	123250000	0.7269938650306749	-2.295032673043331	7.939217972343099	5366.911349303935	1.4927695401474295	4036.4488365586494
chr8	123630001	123670000	chr8	123630001	123990000	0.07259713701431493	-2.8655845381981524	36.15784840146497	5206.730169810955	2.4684058449267887	1382.3072731590016
chr8	124010001	124050000	chr8	124010001	124810000	0.6416155419222904	-4.207321051618698	17.145394266218336	5486.526165189867	2.566438151815626	3285.0408343240015
chr8	124780001	124820000	chr8	123140001	124820000	0.7898773006134969	-3.7010012299241484	8.19192873530804	5373.905250362074	1.3049541814875008	3507.716839838402
chr8	125180001	125220000	chr8	125180001	126860000	0.8057259713701431	-3.609086557483426	9.936618706116006	6677.407770509956	2.081484047391857	5595.029119389313
chr8	125550001	125590000	chr8	123740001	125590000	0.6492842535787321	-1.8042278804618528	7.5181415950799515	5563.424780359164	1.4812743459025262	4384.572063871477
chr8	125850001	125900000	chr8	124910001	125900000	0.06952965235173825	2.5814647784924745	14.562878785459375	7208.624998802391	3.33472967253182	8253.455939516254
chr8	126340001	126390000	chr8	124640001	126390000	0.843558282208589	-2.9243748740433237	8.65158551027022	7570.1373214864425	1.2406552503202772	5427.866720151213
chr8	126440001	126510000	chr8	126440001	127190000	0.3118609406952965	0.15501572998171223	17.390794353547342	9130.167035612354	2.6588808468895153	9771.38711231897
chr8	126720001	126760000	chr8	125920001	126760000	0.5807770961145194	-1.7619075954976764	15.545242545746554	5223.201495370842	1.3651776695485363	1834.7987878732326
chr8	126920001	126960000	chr8	125890001	126960000	0.08486707566462168	-2.2306958364133407	13.227802101340622	5661.499299373786	2.8459265790767145	4872.226303379335
chr8	127000001	127070000	chr8	127000001	128300000	0.37423312883435583	-1.1003697710707188	9.450122116921559	8599.611126398619	1.4198254182203458	9044.287914063603
chr8	127160001	127200000	chr8	127160001	128740000	0.7402862985685071	-3.470312349117981	7.6396270949779215	4828.244324026046	2.465067558607779	6231.690788160466
chr8	128330001	128370000	chr8	126980001	128370000	0.14008179959100203	-0.26324881303301373	10.088087148748523	5608.976454704179	3.5982962530351847	8002.610866750251
chr9	3500001	3550000	chr9	3500001	4820000	0.35327198364008183	-0.8880984076219203	11.115125293240347	7335.982693538629	2.0650068191805677	6814.522503295873
chr9	4270001	4310000	chr9	4270001	5570000	0.8573619631901841	-4.222325966780521	9.149728175001306	4757.858651000679	1.7326496569806409	3603.911286519733
chr9	4510001	4550000	chr9	4510001	5580000	0.2791411042944785	-4.876587594816206	16.437372188791095	7035.195296802589	2.7542289984887875	4715.240045412805
chr9	4790001	4830000	chr9	4790001	5320000	0.6094069529652352	-0.2714499669005997	21.58671116573605	4576.382767136043	1.8105072388351187	1535.3101385321806
chr9	4900001	4940000	chr9	4280001	4940000	0.10173824130879346	-0.9578166046680118	20.335522737573722	5368.578002719462	1.8061586417114246	1907.3035256472645
chr9	5610001	5650000	chr9	4280001	5650000	0.04703476482617587	9.544651205119182	12.568194830495127	6887.37076711133	4.070288511159293	8922.072416461171
chr9	7690001	7730000	chr9	7690001	8120000	0.05828220858895705	0.6833059495247017	27.092666804294353	4659.9386903386285	1.9929035714128767	1371.117657132059
chr9	9500001	9540000	chr9	9500001	10230000	0.8629856850715747	-2.236717073147165	15.323009884587812	4474.318886299641	1.4687887200109908	1715.5452249728373
chr9	10580001	10650000	chr9	9380001	10650000	0.7760736196319018	-2.3522975100166534	10.151748572509018	9024.904480960517	1.7259871114321284	10740.817794442135
chr9	10900001	10940000	chr9	10900001	12970000	0.523517382413088	-2.3395311972210227	6.742184843664948	5582.529050554576	2.5468708608020876	8435.236290976514
chr9	11420001	11460000	chr9	10920001	11460000	0.5025562372188139	-0.9950393194996155	19.67554151049038	4249.916966265922	1.5484577933969434	1337.8675334949592
chr9	13180001	13240000	chr9	13180001	15360000	0.7653374233128835	-4.797711643188729	5.840206117440332	7358.659707974819	2.113596392916188	16587.504491606243
chr9	13860001	13900000	chr9	13860001	14780000	0.18200408997955012	-0.39426108675795335	15.161469344039308	5579.420718606465	2.74931281019463	4046.988456606495
chr9	14480001	14520000	chr9	13490001	14520000	0.4335378323108384	-0.5279750727391441	11.307326186245312	4658.618388733069	1.485594210034966	2448.259258137624
chr9	15930001	15980000	chr9	15930001	16490000	0.7919222903885481	-0.6342497276818364	21.08100605878192	5902.681696458938	1.8394370477817608	2575.211866894465
chr9	16470001	16510000	chr9	15870001	16510000	0.07004089979550102	1.290245507562935	23.39160644570949	5988.251250101629	2.801793816072878	2869.036867658627
chr9	21000001	21040000	chr9	21000001	22450000	0.7801635991820041	-1.8400557258569883	9.634114612574175	5587.786475293022	1.3255327041843297	3075.2358737076447
chr9	21420001	21470000	chr9	21420001	22110000	0.9294478527607362	-1.8109338464337355	21.15610968880649	7298.857842638239	1.2113125596034624	2089.5141653159726
chr9	21900001	21940000	chr9	21070001	21940000	0.8997955010224948	-2.567569479033684	17.383808410743278	6049.565326938661	1.6520549594373013	2299.6605035367234
chr9	22400001	22470000	chr9	20500001	22470000	0.5378323108384458	-0.693835694064851	6.255066607011757	8625.736851069212	0.9877399986275917	9534.654206752142
chr9	22650001	22690000	chr9	22650001	24880000	0.9120654396728016	-7.5556052157257305	6.259440080858345	5583.420552125644	2.147079905504419	7660.781102839768
chr9	22770001	22810000	chr9	22770001	24920000	0.8813905930470347	-5.401534626680449	6.339249079778484	5451.754208609496	1.5032717751072258	5171.254906368857
chr9	23000001	23040000	chr9	23000001	23590000	0.5940695296523517	-0.4612043822812306	16.818903540816297	3969.261235632646	1.1086957146913212	1046.6087546686072
chr9	23550001	23590000	chr9	23550001	24530000	0.48721881390593047	-1.6633347754440413	12.186147159361195	4776.969686469588	2.046169882352066	3208.3943755280397
chr9	23770001	23810000	chr9	23770001	25560000	0.745398773006135	-1.7795761367648422	6.670945628539164	4776.3970700340415	1.263251939746733	3617.9535554346435
chr9	23770001	23810000	chr9	22800001	23810000	0.7811860940695297	-1.4707666894037703	10.464960479929909	4227.8440338916835	1.1456092830973708	1851.3046014853512
chr9	24280001	24320000	chr9	22580001	24320000	0.8542944785276074	-3.9131363288376106	7.4263013649157354	5168.705749981352	1.505279731686801	4190.698773016054
chr9	24480001	24520000	chr9	22020001	24520000	0.7397750511247444	-5.919166233012248	6.268456295949638	6268.456295949638	2.438995121594026	9755.980486376106
chr9	24620001	24690000	chr9	22660001	24690000	0.83640081799591	-4.530663296711077	5.455782115281353	7752.666385814802	1.5164413287863718	15084.04189743804
chr9	24980001	25050000	chr9	23080001	25050000	0.20143149284253578	-0.6922602764086628	6.548089913555165	9029.815990792573	1.8603141785072117	17957.612765130114
chr9	26730001	26770000	chr9	25880001	26770000	0.2995910020449898	-0.4113595621397702	13.92099534498514	4955.87434281471	2.125617493542947	3026.8793108051564
chr9	27360001	27430000	chr9	27360001	30490000	0.1605316973415133	0.39006528791463246	5.395266254087277	11821.028362705223	3.340137657040719	51227.69124603351
chr9	27910001	27940000	chr9	27910001	30270000	0.679959100204499	-1.2157641383883	4.489485172934086	3178.555502437333	1.0288142970610825	2185.2015669577395
chr9	28400001	28440000	chr9	28400001	29830000	0.8128834355828221	-8.81223363026828	14.965290947261488	8560.146421833571	3.3010607938812977	7552.82709640041
chr9	28670001	28720000	chr9	28670001	29600000	0.2280163599182004	-0.16354581120659673	16.913506656726746	7864.780595377937	2.255870080938082	5244.89793818104
chr9	29000001	29040000	chr9	27190001	29040000	0.8885480572597138	-2.605326250972214	8.384153574544037	6204.273645162587	1.479058339382499	4378.012684572197
chr9	29010001	29050000	chr9	29010001	30440000	0.869120654396728	-2.491540746970325	11.375799480978307	6506.957303119591	1.3913799277449392	3183.477274680421
chr9	29160001	29230000	chr9	28620001	29230000	0.8813905930470347	-1.5892022715140548	23.318655958996192	9957.066094491374	1.750484372255152	5232.197788670649
chr9	29400001	29440000	chr9	27780001	29440000	0.39672801635991817	-6.038018545826907	10.658776685983193	7077.42771949284	2.515965784855282	6682.405124575629
chr9	29660001	29700000	chr9	29660001	31100000	0.38650306748466257	0.7983279825743809	12.106721404236652	6973.471528840311	2.1403625235268233	4931.3952542058005
chr9	29790001	29830000	chr9	29160001	29830000	0.42535787321063395	-0.5197710138174491	16.484584973352266	4417.868772858407	0.7862303453944465	842.8389302628466
chr9	29930001	29970000	chr9	29010001	29970000	0.38394683026584864	-0.5649852846774909	14.27561453560336	5481.83598167169	1.2135888041833767	1864.0724032256667
chr9	30260001	30300000	chr9	28560001	30300000	0.12985685071574643	-1.3361814291407588	10.644528766862411	7408.592021736238	2.5269870183691134	7035.131859139612
chr9	31340001	31410000	chr9	31010001	31410000	0.07924335378323108	0.026623105576076972	32.69559600142602	9154.766880399286	2.0813689472353305	4079.483136581248
chr9	33070001	33110000	chr9	32100001	33110000	0.1411042944785276	0.4829690572712852	11.96530992703891	4833.98521052372	2.0471236938186848	3308.1518892109943
chr9	33230001	33290000	chr9	33230001	35570000	0.08793456032719836	5.144019985382352	7.400437728946546	10390.21457144095	3.7431704227279963	31532.46764106064
chr9	33330001	33370000	chr9	33330001	34930000	0.9478527607361964	-8.839417814268337	8.811072161404043	5639.0861832985875	2.026124734091936	5186.8793192753565
chr9	33540001	33580000	chr9	33540001	35560000	0.7525562372188139	-3.1843405727746625	6.793765358843604	5489.362409945632	1.8072770609566327	5841.119461011836
chr9	33540001	33580000	chr9	33540001	35570000	0.7505112474437627	-3.194255904072951	6.770548505050612	5497.685386101097	1.8172594096455592	5902.458562528776
chr9	34210001	34250000	chr9	34210001	34990000	0.5025562372188139	-0.6143561253759675	13.17514184340133	4110.644255141215	1.1042569354967462	1378.1126554999394
chr9	34370001	34410000	chr9	31520001	34410000	0.8997955010224948	-6.653806001328864	5.426746639044825	6273.3191147358175	2.0697069083471487	9570.324744197216
chr9	34470001	34510000	chr9	34470001	35570000	0.5664621676891615	0.2841354917309335	14.57662638107583	6413.715607673365	2.4131929359307565	4247.219567238131
chr9	34720001	34770000	chr9	33790001	34770000	0.6380368098159509	-1.4653953637793853	15.03736058831246	7368.3066882731055	1.281644499058928	3140.0290226943735
chr9	35000001	35050000	chr9	33480001	35050000	0.1901840490797546	-7.449841102416464	10.918266277423557	8570.839027777492	2.9284302669994435	11494.088797972816
chr9	35130001	35170000	chr9	33660001	35170000	0.28732106339468305	-4.3520848586258	9.501791236142823	5739.081906630266	2.1598658046634793	5218.235784066966
chr9	35130001	35170000	chr9	33470001	35170000	0.2837423312883436	-5.134881096908114	8.765567586988533	5960.585959152202	2.357279607784161	6411.800533172918
chr9	35500001	35570000	chr9	34460001	35570000	0.2443762781186094	0.10705825446561068	13.424696023865392	10430.98881054341	1.41538212982517	7698.2634041191
chr9	37200001	37240000	chr9	36700001	37240000	0.037321063394683024	2.5731047142499417	26.257768735844607	5671.678046942435	2.5387595361144726	2193.4882392029044
chr9	37600001	37650000	chr9	36680001	37650000	0.15644171779141106	0.48938533214779606	14.161546103794583	6868.349860340373	1.4840830556565798	3598.9014099672063
chr9	37600001	37640000	chr9	36710001	37640000	0.1738241308793456	0.26930315677867805	14.75148333051704	5487.551798952339	1.5329805047153222	2281.0749910163995
chr9	40200001	40240000	chr9	40200001	40820000	0.11707566462167689	0.38705377416530906	19.486911425649087	4832.754033560974	1.5067112373168317	1494.657547418297
chr9	40960001	41000000	chr9	40300001	41000000	0.23261758691206544	-0.42069202316316545	15.798686498356503	4423.632219539821	1.158895477965149	1297.9629353209668
chr9	41180001	41220000	chr9	40200001	41220000	0.38496932515337423	-0.5100832940969445	16.63275756017081	6786.165084549691	1.8839183212379642	3074.5547002603575
chr9	41200001	41240000	chr9	41200001	42620000	0.7648261758691206	-1.945637172213607	10.292654710298065	5846.227875449301	2.2381775614763826	5085.139419674341
chr9	41420001	41460000	chr9	40230001	41460000	0.4498977505112474	-1.1617607005055781	11.043749636721273	5433.524821266867	1.1371331015472637	2237.8779438450147
chr9	41940001	41990000	chr9	40380001	41990000	0.401840490797546	-1.1860137919242764	8.867792556442403	7138.573007936134	2.2112549736118705	8900.301268787778
chr9	41940001	41980000	chr9	41940001	43580000	0.9330265848670756	-3.3869858294052735	6.894842637657163	4523.016770303099	1.1844508572781853	3107.9990494979584
chr9	42910001	42950000	chr9	42330001	42950000	0.04089979550102249	0.38609164294478	23.943200004779793	5937.913601185389	2.6814780117049635	2660.0261876113236
chr9	43080001	43120000	chr9	41920001	43120000	0.8103271983640081	-2.0503879187428127	12.318190090080154	5912.731243238474	1.3999051815821697	2687.8179486377658
chr9	43720001	43760000	chr9	43720001	44510000	0.3507157464212679	-0.38535198001421384	15.446144712784747	4880.98172923998	0.9682679438156455	1223.890680982976
chr9	43950001	44000000	chr9	43950001	44580000	0.4161554192229039	-0.21296472170422337	19.048184258013038	6000.178041274107	1.1682950354074801	1840.064680766781
chr9	44060001	44110000	chr9	44060001	44950000	0.8793456032719836	-1.8585292314713076	16.43241710378624	7312.425611184877	1.2710478685460787	2828.081507515025
chr9	44290001	44330000	chr9	44290001	46320000	0.8098159509202454	-2.051568769859392	7.780456753804065	6317.730884088901	1.2707182964500872	4127.293026869883
chr9	44450001	44490000	chr9	44450001	45140000	0.9427402862985685	-3.137305823275905	26.381027258869373	7281.163523447947	2.021262753213703	2231.4740795479283
chr9	45110001	45150000	chr9	44670001	45150000	0.17995910020449896	-1.2512970489790134	36.617809993401515	7030.619518733091	2.0678573148502895	1588.1144178050222
chr9	45930001	45970000	chr9	44090001	45970000	0.7791411042944785	-3.0331454304218632	8.583938855822549	6455.122019578557	1.8307446303888486	5506.879848209656
chr9	46180001	46220000	chr9	44680001	46220000	0.8834355828220859	-3.342475778291701	11.715496821483141	7216.746042033615	1.5363632750548188	3785.5991097350734
chr9	46710001	46750000	chr9	46710001	48600000	0.48057259713701433	-1.2284422129151287	9.024240981295613	6822.326181859484	3.308954532003079	10006.27850477731
chr9	46890001	46930000	chr9	46890001	48980000	0.8149284253578732	-5.075013519269677	7.501938608334238	6271.620676567423	2.0597412925683938	6887.774882348709
chr9	47270001	47310000	chr9	45940001	47310000	0.7852760736196319	-2.624995767450535	10.8888183584639	5967.072460438217	1.44564890436686	3168.8623983721573
chr9	47700001	47740000	chr9	46330001	47740000	0.14519427402862986	-0.9795267146751562	11.777301282221401	6642.39792317287	3.5159193890829616	7931.914141771162
chr9	48230001	48270000	chr9	45800001	48270000	0.549079754601227	-1.056700354109637	5.329182530563606	5265.232340196842	1.9073213141301166	7537.733833442221
chr9	48580001	48630000	chr9	46660001	48630000	0.6267893660531697	-1.0701030705631076	6.016708771883392	5926.458140305142	1.2679625263407361	6244.7154422281255
chr9	48590001	48650000	chr9	48590001	49490000	0.4151329243353783	-0.917373414392065	12.958738860444182	6997.718984639858	1.4416904399180148	4671.077025334368
chr9	49040001	49080000	chr9	49040001	51010000	0.6288343558282209	-4.448854865067895	7.612146598956054	5998.371519977371	2.6578558611494736	8377.56167434314
chr9	49450001	49500000	chr9	48900001	49500000	0.08895705521472393	1.791702241825196	21.68715970392662	6506.147911177986	2.394812058101934	3592.218087152901
chr9	50130001	50180000	chr9	49050001	50180000	0.07259713701431493	-0.6593392435979555	15.414431515131316	8709.153806049193	3.148958687698385	8895.808292747937
chr9	50400001	50450000	chr9	49090001	50450000	0.18098159509202455	-0.5084333851288922	9.81534463229151	6674.434349958226	2.3083606746608702	7848.426293846958
chr9	51120001	51180000	chr9	50660001	51180000	0.261758691206544	-0.04316865496580881	20.897020478511717	6519.8703892956555	1.5106699428911778	2827.974133092285
chr9	51260001	51310000	chr9	50460001	51310000	0.07770961145194274	0.6564394370927535	14.898538926610007	6331.879043809253	1.3142934149377046	2792.8735067426223
chr9	51260001	51310000	chr9	50450001	51310000	0.08384458077709611	0.6557807529631725	14.739320113049779	6337.9076486114045	1.3076216832095213	2811.3866189004707
chr9	52250001	52290000	chr9	51900001	52290000	0.07464212678936605	0.40507907058735687	23.69838644614114	3696.9482855980177	1.3015689408622695	812.1790190980562
chr9	52930001	52970000	chr9	50730001	52970000	0.7259713701431493	-4.450899568778129	5.180166558740266	4641.429236631278	1.156328477352597	4144.281262831708
chr9	53110001	53150000	chr9	51820001	53150000	0.532719836400818	-3.0496751018715713	9.74392573412443	5183.768490554196	2.220576689379803	4725.38719500022
chr9	53210001	53260000	chr9	53210001	53670000	0.03783231083844581	0.7226622255238183	24.600758010580464	5658.174342433506	1.8096979160073035	2081.152603408399
chr9	53970001	54000000	chr9	53040001	54000000	0.7234151329243355	-0.7005314563261476	11.37796993553274	3276.8553414334287	0.7874821466246301	680.3845746836804
chr9	53970001	54010000	chr9	53970001	54800000	0.6738241308793456	-1.3296095102901886	12.394627520755057	4115.016336890679	1.2920841494887225	1715.8877505210235
chr9	54300001	54340000	chr9	53700001	54340000	0.09867075664621677	0.01800187128618979	18.698046240893675	4786.699837668781	1.879435951075661	1924.542413901477
chr9	54830001	54880000	chr9	54830001	56980000	0.7965235173824131	-1.7810232883468349	5.822017885610192	6258.669227030957	1.0463405646154496	5624.080534808041
chr9	54840001	54880000	chr9	54420001	54880000	0.7934560327198364	-1.1322014954387325	19.93765329337715	3668.528205981396	0.8844036771488861	650.9211063815802
chr9	55270001	55310000	chr9	54450001	55310000	0.6927402862985685	-1.2029176418459129	16.101602066121625	5538.951110745839	1.1083394856274191	1525.0751322233286
chr9	55380001	55430000	chr9	54870001	55430000	0.12167689161554192	-0.26149444440371655	26.41783120352072	7396.9927369858015	1.6714965704698963	2340.095198657855
chr9	55880001	55940000	chr9	55030001	55940000	0.2832310838445808	0.13946497682710574	14.750233864785988	8053.62769017315	1.5553016855734088	5095.168321938487
chr9	56770001	56830000	chr9	56270001	56830000	0.20910020449897748	-0.41493159084123526	27.684989914709632	9302.156611342436	1.8930596621828084	3816.408278960542
chr9	56910001	56950000	chr9	56910001	57610000	0.7653374233128835	-1.4294355644317205	18.488337881351928	5176.73460677854	1.3971876356169093	1564.8501518909384
chr9	57040001	57080000	chr9	55940001	57080000	0.7535787321063394	-1.0436452591228338	10.641967883580136	4852.737354912542	0.9608792586622856	1752.643767800009
chr9	57900001	57940000	chr9	57430001	57940000	0.5347648261758691	-2.2736437411267345	26.092273396852637	5322.823772957938	1.2685854117230664	1035.1656959660222
chr9	58000001	58060000	chr9	58000001	58520000	0.04294478527607362	1.0336120351559464	28.88232797910836	9011.286329481809	2.064435666392334	3864.623567486449
chr9	58220001	58260000	chr9	56250001	58260000	0.5971370143149284	-2.391061718637133	7.478366915671604	6012.60700019997	1.2519926200900395	4026.408266209567
chr9	58290001	58350000	chr9	58290001	59280000	0.1687116564417178	-0.34682634719995714	15.674805842322629	9310.834670339642	1.7892332879343864	6376.827438198153
chr9	58500001	58550000	chr9	58500001	59660000	0.8992842535787321	-2.2087526031924116	12.439782724436848	7215.073980173372	1.2721273968101896	3689.16945074955
chr9	58880001	58930000	chr9	58880001	59770000	0.7832310838445807	-1.3747027204989815	14.859542632314001	6612.496471379731	1.6262409226754777	3618.386052952938
chr9	58980001	59010000	chr9	58980001	60010000	0.8650306748466258	-3.7907333100750953	13.58343667604725	4197.2819328986	1.8144036294087063	1681.9521644618708
chr9	58980001	59020000	chr9	58980001	59670000	0.8179959100204499	-2.0348664176083813	20.69977632542019	5713.138265815972	2.160975418811832	2385.7168623682624
chr9	59260001	59300000	chr9	57420001	59300000	0.7428425357873211	-1.9568303724220975	8.694843071829565	6538.521990015833	1.663209780041801	5002.935018365738
chr9	60140001	60190000	chr9	60140001	61980000	0.888036809815951	-3.226315959450346	6.872629444265397	6322.819088724165	1.3698761305426486	6301.430200496184
chr9	60230001	60270000	chr9	60230001	60880000	0.07157464212678936	2.0109472726020714	24.78797747789503	6444.874144252708	3.4675806223986463	3606.2838472945923
chr9	61660001	61700000	chr9	61030001	61700000	0.30368098159509205	-3.0759201586685916	21.99179438728431	5893.800895792195	2.493545682595038	2673.0809717418806
chr9	61850001	61890000	chr9	60210001	61890000	0.8875255623721882	-8.331307260503767	11.320164951919605	7607.150847689974	3.4790975816187455	9351.814299391188
chr9	62150001	62190000	chr9	60610001	62190000	0.9003067484662577	-3.8546298740455924	9.87016281265812	6237.942897599931	1.317699426178695	3331.1441493797406
chr9	62250001	62310000	chr9	62250001	63120000	0.02147239263803681	2.9261971189494687	19.036606479728295	9937.10858241817	2.713675740618124	8499.232419615964
chr9	62540001	62580000	chr9	61920001	62580000	0.3369120654396728	-2.4119492249006327	24.487803952776833	6464.780243533084	2.412697108061635	2547.8081461130864
chr9	62650001	62690000	chr9	59930001	62690000	0.8542944785276073	-5.4410893577912915	5.353738202402119	5910.5269754519395	2.065968880503768	9123.318576304639
chr9	62760001	62830000	chr9	62040001	62830000	0.07157464212678936	0.15706561196663277	18.450346930366898	10203.041852492895	2.1006648333288163	8131.673569815848
chr9	62760001	62830000	chr9	61910001	62830000	0.07361963190184048	-0.35232713400097326	16.605211902231275	10693.756465036942	2.25825930874774	10180.232963834813
chr9	63100001	63140000	chr9	62270001	63140000	0.09202453987730061	0.8852300024955416	16.469861091665777	5731.51165989969	1.795258353260252	2498.9996277382706
chr9	63120001	63150000	chr9	63120001	66980000	0.8118609406952966	-2.95591799560224	3.540166514702004	4099.5128240249205	1.2964503314702278	4503.868451527572
chr9	63820001	63860000	chr9	63010001	63860000	0.04294478527607362	2.49716592046007	18.19583092676919	6186.582515101524	2.559934026188558	3481.510275616439
chr9	64280001	64320000	chr9	64280001	65850000	0.6615541922290389	-2.8788912747607514	10.561653354682011	6632.718306740303	2.552994294878917	6413.121668735839
chr9	64920001	64960000	chr9	64370001	64960000	0.5255623721881391	-1.1177550626869188	20.953657524932254	4945.063175884012	1.2023402508266152	1135.0091967803248
chr9	65010001	65050000	chr9	65010001	66810000	0.7704498977505112	-2.195680196189344	7.823243246885646	5632.735137757665	1.3526366884850152	3895.5936628368436
chr9	65190001	65220000	chr9	65190001	66660000	0.7822085889570553	-1.312850664997219	9.443975467691292	4164.79318125186	1.1124553465511318	1471.7784234871474
chr9	65570001	65610000	chr9	65570001	66660000	0.6850715746421268	-1.7404714446386824	12.510725095940423	5454.676141830024	1.4869709165266867	2593.2772784225417
chr9	65820001	65860000	chr9	65430001	65860000	0.46421267893660534	-2.1543226292957844	36.23269761220427	6232.023989299134	2.330459525147675	1603.3561533016004
chr9	66700001	66740000	chr9	65500001	66740000	0.9396728016359919	-3.0539881084900053	11.146764481817286	5528.795182981374	1.070531878546529	2123.9352470363133
chr9	66910001	66950000	chr9	66040001	66950000	0.46932515337423314	-1.228555821368828	14.440048875569875	5256.177790707435	1.4194330596427818	2066.6945348398904
chr9	68000001	68040000	chr9	68000001	69940000	0.11349693251533742	3.535692203738896	8.426241802421675	6538.76363867922	3.4842099462369323	10814.987673119438
chr9	68230001	68280000	chr9	68230001	70090000	0.6365030674846626	-2.4745614539287626	7.214208819464988	6709.214202102438	1.6575457103981508	7707.587553351401
chr9	69280001	69320000	chr9	67760001	69320000	0.5812883435582822	-5.540758996003936	11.724557225632262	7316.123708794531	2.9371032694070367	7331.009760439963
chr9	71130001	71180000	chr9	69410001	71180000	0.950920245398773	-7.682775583708171	6.728619126538401	5954.827926986485	1.8211965575361715	8058.794767097559
chr9	71610001	71650000	chr9	71610001	72440000	0.3149284253578732	-0.5158801330306115	16.03556562799601	5323.807788494675	2.170818994324895	2882.8476244634603
chr9	71810001	71850000	chr9	71810001	73760000	0.6513292433537833	-1.4494750260676734	8.980506391189563	7004.794985127859	1.5823248734303772	4936.853605102777
chr9	72160001	72200000	chr9	70480001	72200000	0.8696319018404908	-2.284578385715277	9.750873821737398	6708.60118935533	1.2964513341207666	3567.8340715003496
chr9	72660001	72700000	chr9	70490001	72700000	0.7525562372188139	-1.5190387504405614	6.9831952736226075	6173.144621882385	0.969249112235707	3427.26486086546
chr9	73130001	73200000	chr9	73130001	74020000	0.02965235173824131	5.063735130741194	19.0848191181111	11889.842310583215	2.8354785932217705	12365.52214504014
chr9	73850001	73890000	chr9	72980001	73890000	0.9284253578732107	-4.261515888447495	16.56381908731952	6029.230147784305	1.4398288712386473	2096.3908365234706
chr9	73950001	74000000	chr9	73200001	74000000	0.544478527607362	-4.215711163059636	22.48685779797894	8994.743119191575	2.8528258074944626	5705.651614988925
chr9	76000001	76040000	chr9	74950001	76040000	0.7556237218813906	-1.2431688571299242	9.930963512718487	4329.90009154526	0.955978472614454	1667.2264562396078
chr9	77350001	77390000	chr9	76190001	77390000	0.20245398773006135	0.1510990463775538	9.062455662845572	4349.978718165875	1.809708745891766	3474.640792112191
chr9	77990001	78040000	chr9	77550001	78040000	0.16462167689161555	-1.6979015159390742	27.542463378302546	6747.903527684124	2.0822957229574377	2550.8122606228612
chr9	78770001	78850000	chr9	78770001	79360000	0.07770961145194274	0.6275674363546483	19.144602379586697	9036.252323164921	1.652373077251595	6239.360739702022
chr9	79700001	79740000	chr9	78590001	79740000	0.147239263803681	8.265113124442905	14.053556783412272	6464.636120369645	4.877562057466519	8974.714185738394
chr9	83950001	83990000	chr9	83950001	86580000	0.8220858895705522	-6.312306649248905	5.720592227619992	6018.063023456231	2.4358265802916703	10249.958249867348
chr9	85310001	85350000	chr9	83650001	85350000	0.2724948875255624	-1.069981377001612	7.711019651985181	5243.493363349923	2.563281754687978	6972.1263727513
chr9	85570001	85620000	chr9	83810001	85620000	0.8558282208588958	-4.048569998467642	6.961561395251455	6300.213062702567	2.1780877567839787	9855.847099447503
chr9	87190001	87260000	chr9	86490001	87260000	0.04805725971370143	2.2407509074821497	17.592801049831156	9482.519765858993	1.8815337928718312	7099.027000505419
chr9	88520001	88560000	chr9	88210001	88560000	0.12167689161554192	-0.4808394167581231	30.315286160144854	4244.14006242028	1.462366355057963	818.9251588324594
chr9	90660001	90710000	chr9	90660001	92220000	0.4534764826175869	8.306163614181377	11.086299783938276	8647.313831471856	4.574029909703409	17838.716647843296
chr9	90660001	90700000	chr9	89810001	90700000	0.6155419222903885	-0.5370040323960344	9.930224364660477	3535.1598738191296	0.9767565468906513	1390.9013227722874
chr9	91100001	91140000	chr9	91100001	92220000	0.09049079754601227	1.2975679090356544	13.227296016535618	5925.828615407957	2.853846067294335	5114.092152591448
chr9	91330001	91360000	chr9	90250001	91360000	0.9171779141104295	-5.830721089221178	11.926628317964507	3971.567229882181	2.0324193261803907	2030.38690685421
chr9	91740001	91810000	chr9	90250001	91810000	0.7898773006134969	-4.099857209622887	10.50873716930787	11475.540988884195	2.0366689161585434	15568.297195115905
chr9	91930001	91970000	chr9	90340001	91970000	0.6952965235173824	-5.919596519749871	11.142910643951796	7265.177739856571	2.9288029389621952	7638.318064813405
chr9	92040001	92080000	chr9	90210001	92080000	0.4130879345603272	-14.421791443034472	9.938025302096305	7433.642925968036	3.943868972065281	11800.05596441932
chr9	92160001	92220000	chr9	89840001	92220000	0.873721881390593	-9.266675155605787	6.692856853222979	9557.399586402415	3.2869422811368176	28162.521464780253
chr9	92170001	92220000	chr9	89930001	92220000	0.810838445807771	-9.15739570665848	6.856343004960385	7850.512740679641	3.397294673599598	19449.512006357698
chr9	93060001	93100000	chr9	93060001	95700000	0.8374233128834356	-5.255734800765876	5.334662979904913	5633.404106779588	2.3319115066856777	9849.994204240302
chr9	93150001	93180000	chr9	93150001	95380000	0.878323108384458	-5.436111299008919	5.952815270330785	3982.4334158512947	2.0052857092270338	4024.608418418657
chr9	93870001	93910000	chr9	93870001	94590000	0.8190184049079754	-2.3385924080535174	17.444222120478702	5023.935970697867	1.9325786407359828	2226.3305941278522
chr9	94350001	94380000	chr9	91960001	94380000	0.9003067484662577	-4.684847558520429	6.585013468741431	4780.719778306278	1.5293973460434138	3331.0274196825553
chr9	94510001	94550000	chr9	93840001	94550000	0.46830265848670755	-1.9453330584978623	19.646261670378767	5579.53831438757	2.387355622568303	2712.035987237592
chr9	94670001	94710000	chr9	91040001	94710000	0.9253578732106339	-13.211393201008667	4.399829935916826	6458.9503459259	2.8786815121733356	16903.617839481827
chr9	94730001	94780000	chr9	94730001	95230000	0.5649284253578732	0.8663916429916796	20.579406260583877	5144.851565145969	1.5255312730717803	1906.9140913397252
chr9	97060001	97120000	chr9	95460001	97120000	0.26329243353783227	-0.40406876228603505	7.672681115546731	7641.990391084544	1.2107117989585783	7235.213710576463
chr9	97270001	97310000	chr9	97270001	98650000	0.29703476482617586	0.4118491253903543	9.914320223319935	5472.704763272604	3.192943923302596	7050.020182652132
chr9	98210001	98250000	chr9	97450001	98250000	0.6676891615541922	-1.2580668694142227	14.823583558851482	4743.546738832474	1.4583051616445482	1866.6306069050215
chr9	98400001	98450000	chr9	97450001	98450000	0.7832310838445807	-1.9281490814274371	11.510035541249199	5755.0177706245995	1.4178274175644239	3544.56854391106
chr9	98510001	98550000	chr9	97170001	98550000	0.09764826175869121	1.5158577395984103	10.122386603342797	5587.557405045224	3.08076694150645	6802.333406846241
chr9	98520001	98560000	chr9	97030001	98560000	0.18098159509202455	-0.8586861162943775	9.106040017851445	5572.896490925084	2.9960939382019474	7334.437960718367
chr9	99820001	99860000	chr9	99820001	101210000	0.30777096114519426	0.8846108801222772	8.988192012248762	4997.434758810312	2.01509163843547	4481.563803880485
chr9	100440001	100480000	chr9	100440001	102330000	0.7576687116564417	-2.414216263241523	9.21367948808758	6965.541692994211	1.7021408797324047	5147.2740203107915
chr9	101100001	101180000	chr9	100390001	101180000	0.10736196319018405	1.8115683521965982	18.912989858960653	11953.009590863132	2.344159433460716	11852.070095577381
chr9	101380001	101420000	chr9	101380001	102280000	0.878323108384458	-3.6799688202920824	15.378108686659225	5536.119127197321	1.7085794612596314	2460.354424213869
chr9	101670001	101720000	chr9	101670001	102340000	0.027607361963190184	3.7292779000429888	19.725010786351994	6607.878613427918	2.102087344061403	3520.99630130285
chr9	102340001	102380000	chr9	101220001	102380000	0.3415132924335378	-6.055306015988112	16.947983831772603	7863.864497942488	3.8382962480999088	7123.877836473431
chr9	102350001	102390000	chr9	101230001	102390000	0.06134969325153375	-0.8892462104566428	15.528990909769895	7205.451782133231	4.063129259213639	7541.167905100514
chr9	102510001	102570000	chr9	101190001	102570000	0.20040899795501022	-0.24765676975948273	12.38536696312756	10255.083845469619	3.052424256800227	15164.443707783528
chr9	103050001	103090000	chr9	102610001	103090000	0.3179959100204499	-0.4784109589463007	23.009927091848066	4417.9060016348285	1.1366184360394216	872.9229588782757
chr9	103060001	103100000	chr9	103060001	104420000	0.7694274028629857	-1.7441464228550119	9.952535717485988	5414.179430312378	1.1748464100967935	2556.4657883706227
chr9	103460001	103510000	chr9	103460001	104220000	0.24130879345603273	-1.887770916507104	22.56312390538101	8573.987084044784	2.9063747048554243	5522.111939225306
chr9	103720001	103760000	chr9	103050001	103760000	0.7852760736196319	-2.2357774821424576	24.36241263618165	6918.925188675588	1.7406007495865756	1977.32245153035
chr9	103850001	103900000	chr9	103540001	103900000	0.19171779141104295	-1.7520177095862743	31.89351143881412	5740.832058986542	1.3457353414425408	1211.1618072982867
chr9	103980001	104020000	chr9	103060001	104020000	0.13650306748466257	1.5840896892165095	16.623102061455594	6383.2711915989485	3.1480855297276533	4835.459373661675
chr9	105340001	105400000	chr9	104260001	105400000	0.3798568507157464	0.5090900279543346	9.917771252487155	6783.755536701214	2.0321938974522222	8340.12375514392
chr9	105640001	105680000	chr9	105640001	106890000	0.8773006134969326	-1.9770269312010038	8.639767690102964	4319.883845051482	1.223347295233806	2446.694590467612
chr9	106090001	106130000	chr9	105660001	106130000	0.03783231083844581	1.5649108767233793	24.399934594294297	4587.187703727328	1.8068297477061788	1358.7359702750464
chr9	107230001	107270000	chr9	107230001	108980000	0.8047034764826176	-1.3472116940264873	8.782770650014507	6007.415124609923	0.8825832047145085	2471.2329732006237
chr9	107320001	107360000	chr9	107320001	108960000	0.5828220858895705	-1.4775929999424096	9.302300637259712	5953.472407846216	1.121757638848523	2943.4920443385245
chr9	108280001	108320000	chr9	106690001	108320000	0.8231083844580777	-2.7028719432966892	9.776050167909666	6373.984709477102	1.4297667333658934	3728.8316406182503
chr9	108430001	108470000	chr9	106660001	108470000	0.7566462167689162	-2.9205539985485816	8.944282649755397	6475.660638422907	1.4258354324513056	4129.219412378981
chr9	108780001	108840000	chr9	107190001	108840000	0.7106339468302658	-2.285585614463503	9.237371553523856	9144.997837988618	1.1963766285175652	7020.338056141073
chr9	108940001	108980000	chr9	106360001	108980000	0.4274028629856851	-2.971866807145969	4.9042546031595675	5061.190750460673	1.276422128424194	5309.916054244646
chr9	109860001	109900000	chr9	109860001	110410000	0.7055214723926381	-0.6218322298656578	20.407660863482736	4489.685389966202	1.4083876391146681	1239.381122420908
chr9	111460001	111500000	chr9	111460001	114330000	0.7055214723926381	-6.881872622436218	5.592294145724162	6419.953679291339	3.2350537380594524	14855.366765169005
chr9	112420001	112460000	chr9	112420001	113370000	0.8926380368098159	-4.231552384433293	14.595671772586504	5546.355273582872	2.2307303844880666	3390.7101844218614
chr9	112430001	112460000	chr9	111700001	112460000	0.8445807770961146	-1.1482294568103626	15.233551528097557	3473.249748406243	1.2921405728532278	883.8241518316079
chr9	112690001	112750000	chr9	112090001	112750000	0.6073619631901841	-1.4343482251256785	19.462553875266565	7707.17133460556	1.7312248618002155	4113.390271637312
chr9	112800001	112840000	chr9	111950001	112840000	0.6175869120654397	-1.577499938490139	15.083177743910516	5369.611276832144	1.9981104543336647	2845.3092869711386
chr9	112800001	112850000	chr9	112800001	114070000	0.7965235173824131	-2.637934398504067	11.461550430633167	7278.084523452061	1.5903415946001827	5049.33456285558
chr9	113020001	113070000	chr9	111530001	113070000	0.8839468302658486	-4.376874824328366	10.3848376961518	7996.325026036887	2.086265768400626	8032.123208342409
chr9	113230001	113270000	chr9	111940001	113270000	0.8977505112474438	-7.6162935259634255	11.757966460487257	6255.238156979221	2.5736360137061585	5476.697437166706
chr9	113410001	113450000	chr9	111680001	113450000	0.12678936605316973	-2.248418961217144	11.227412769383884	7949.00824072379	4.376848177795587	12395.234039517101
chr9	114900001	114940000	chr9	114600001	114940000	0.4161554192229039	-1.9791806660156712	29.555827168581757	4019.592494927119	1.2180612285720145	662.6253083431759
chr9	115090001	115130000	chr9	115090001	116090000	0.7208588957055215	-1.5127913550780985	11.390863922356344	4556.345568942537	1.2975133835534047	2076.0214136854474
chr9	117930001	117990000	chr9	117010001	117990000	0.40848670756646216	-0.4994107709005714	12.597456533856823	7407.304441907811	1.4181691082840588	5003.30061402616
chr9	119060001	119100000	chr9	118060001	119100000	0.7085889570552147	-1.2981077666752854	11.749024251831884	4887.594088762064	1.2621858942724289	2100.277328069322
chr9	120280001	120320000	chr9	120280001	122980000	0.7668711656441718	-3.167942772871914	5.199763439134773	5594.945460509016	1.3467847754247362	5818.110229834861
chr9	120670001	120710000	chr9	120670001	122210000	0.91359918200409	-5.7294662429089644	11.921268195272345	7295.816135506676	1.5948984049354489	3929.8296697609458
chr9	120670001	120710000	chr9	120670001	122180000	0.9120654396728016	-5.774798781675881	12.14855079017076	7289.130474102456	1.6128742988585474	3896.7043060422507
chr9	121040001	121080000	chr9	119940001	121080000	0.878323108384458	-3.757984679934203	13.820224974846276	6302.022588529902	1.5793774334108597	2880.7844385414082
chr9	121040001	121080000	chr9	121040001	122370000	0.8241308793456033	-1.5129637353156669	10.206894975132197	5389.2405468698	0.842587883869632	1793.027016874577
chr9	121160001	121200000	chr9	120180001	121200000	0.8052147239263804	-13.332722641770786	15.405196309706124	6285.320094360099	2.329906614395801	3765.129088863615
chr9	121160001	121200000	chr9	119590001	121200000	0.7464212678936605	-9.093245126002692	10.228277767344574	6587.010882169906	1.9420881693270282	4971.745713477192
chr9	121440001	121490000	chr9	121440001	121880000	0.07873210633946831	-0.6247207576501395	30.711411537350735	6756.510538217161	1.8541463087092602	2039.5609395801862
chr9	121580001	121650000	chr9	120790001	121650000	0.7331288343558282	-3.4160024937309528	18.34030017940072	10912.478606743429	1.5750191945749503	6637.130885938841
chr9	121820001	121880000	chr9	121290001	121880000	0.5419222903885481	-0.5558247427901016	21.963943122028578	7775.235865198117	1.0570213479400485	2245.113343024663
chr9	122350001	122390000	chr9	122350001	123840000	0.901840490797546	-1.9005312529454432	7.210881509932211	4297.685379919598	1.0862736779798596	2589.676448303985
chr9	122350001	122390000	chr9	119170001	122390000	0.8425357873210634	-2.2921952973797026	3.574166099674165	4589.229271981628	1.249778747348948	6438.860106341779
chr9	122710001	122750000	chr9	122710001	123170000	0.8001022494887525	-0.6241468723664501	19.018774959673785	3499.4545925799766	1.0531592556893354	775.1252121873509
chr9	122920001	122960000	chr9	122920001	123860000	0.7392638036809815	-1.263154941793047	11.168848074524183	4199.486876021093	1.0784838138385093	1622.039656013118
chr9	123100001	123170000	chr9	123100001	123580000	0.13957055214723926	0.5867404845771463	22.525520350263758	7568.574837688622	1.5256344002506397	3588.2921093895047
chr9	123240001	123290000	chr9	123240001	123860000	0.26533742331288346	-0.5428578999240122	19.57436278743409	6068.052464104568	1.2959216465784753	2008.6785521966367
chr9	123440001	123480000	chr9	121630001	123480000	0.8323108384458078	-2.0997059290280284	6.983965988746992	5168.134831672774	1.0982400524316713	3250.7905551977474
chr9	123440001	123480000	chr9	123440001	123860000	0.5332310838445808	-0.7061649873976045	24.792056049650444	4165.065416341275	0.9303365618071331	625.1861695343935
