=========================================
Modality Run - CHG Context
=========================================
Job ID: 45991965
Node: exp-17-55
CPUs: 16
Memory: 128GB
Start time: Wed Jan 21 14:29:04 PST 2026
=========================================

Using config_CHG.txt

Zarr=/expanse/lustre/projects/csd940/zalibhai/biomodal/evoC-run/output/duet-1.5.0_evoC_Bap1_run_6bp/sample_outputs/zarr_store/CHG/evoC_Bap1_run.genome.GRCm38_primary_assembly.dedup.CHG.zarrz
Metadata=/expanse/lustre/projects/csd940/zalibhai/biomodal/modality/metadata.tsv
Group_Column=condition
Condition_Order=control mutant
Covariates=sex
QC_Region=
Regions_Directory=/expanse/lustre/projects/csd940/zalibhai/biomodal/modality/mm10
Main_Output=/expanse/lustre/projects/csd940/zalibhai/biomodal/modality/outputs_CHG
Depth_Filter=10
Overdispersion=False

=========================================


=======================================
STEP 0 - CONFIGURATION & INITIALISATION
=======================================
[INFO] 2026-01-21 14:29:06 - Starting modality XPLR Core Workflow Pipeline
[INFO] 2026-01-21 14:29:06 - Reading configuration from ./config.txt


>>Provided inputs
[INFO] 2026-01-21 14:29:06 - ZARR path(s): /expanse/lustre/projects/csd940/zalibhai/biomodal/evoC-run/output/duet-1.5.0_evoC_Bap1_run_6bp/sample_outputs/zarr_store/CHG/evoC_Bap1_run.genome.GRCm38_primary_assembly.dedup.CHG.zarrz
[INFO] 2026-01-21 14:29:06 - Metadata file: /expanse/lustre/projects/csd940/zalibhai/biomodal/modality/metadata.tsv
[INFO] 2026-01-21 14:29:06 - Group column: condition
[INFO] 2026-01-21 14:29:06 - Covariates: sex
[INFO] 2026-01-21 14:29:06 - Condition order: control mutant
[INFO] 2026-01-21 14:29:06 - QC region: 
[INFO] 2026-01-21 14:29:06 - Regions directory: /expanse/lustre/projects/csd940/zalibhai/biomodal/modality/mm10
[INFO] 2026-01-21 14:29:06 - Main output directory: /expanse/lustre/projects/csd940/zalibhai/biomodal/modality/outputs_CHG
[INFO] 2026-01-21 14:29:06 - Depth filter: 10
[INFO] 2026-01-21 14:29:06 - Overdispersion correction: False


>>Validation & directory creation
[INFO] 2026-01-21 14:29:06 - Validating inputs...
[INFO] 2026-01-21 14:29:06 - Identified 1 zarr path(s):
[INFO] 2026-01-21 14:29:06 -   [1] /expanse/lustre/projects/csd940/zalibhai/biomodal/evoC-run/output/duet-1.5.0_evoC_Bap1_run_6bp/sample_outputs/zarr_store/CHG/evoC_Bap1_run.genome.GRCm38_primary_assembly.dedup.CHG.zarrz
[INFO] 2026-01-21 14:29:06 - Processed metadata file path: /expanse/lustre/projects/csd940/zalibhai/biomodal/modality/metadata.tsv
[INFO] 2026-01-21 14:29:06 - Processed main output directory: /expanse/lustre/projects/csd940/zalibhai/biomodal/modality/outputs_CHG
[INFO] 2026-01-21 14:29:06 - Processed regions directory: /expanse/lustre/projects/csd940/zalibhai/biomodal/modality/mm10
[INFO] 2026-01-21 14:29:06 - Validating metadata file headers...
[INFO] 2026-01-21 14:29:06 - Metadata validation passed
[INFO] 2026-01-21 14:29:06 - Creating output directories under /expanse/lustre/projects/csd940/zalibhai/biomodal/modality/outputs_CHG...
[INFO] 2026-01-21 14:29:06 - Directory ready: /expanse/lustre/projects/csd940/zalibhai/biomodal/modality/outputs_CHG
[INFO] 2026-01-21 14:29:06 - Directory ready: /expanse/lustre/projects/csd940/zalibhai/biomodal/modality/outputs_CHG/Results
[INFO] 2026-01-21 14:29:06 - Directory ready: /expanse/lustre/projects/csd940/zalibhai/biomodal/modality/outputs_CHG/Reports
[INFO] 2026-01-21 14:29:06 - Creating region-specific subdirectories...
[INFO] 2026-01-21 14:29:06 - Directory ready: /expanse/lustre/projects/csd940/zalibhai/biomodal/modality/outputs_CHG/Results/gencode.vM25.mouse.cpg_islands.annotation
[INFO] 2026-01-21 14:29:06 - Directory ready: /expanse/lustre/projects/csd940/zalibhai/biomodal/modality/outputs_CHG/Reports/gencode.vM25.mouse.cpg_islands.annotation
[INFO] 2026-01-21 14:29:06 - Created region directories: /expanse/lustre/projects/csd940/zalibhai/biomodal/modality/outputs_CHG/Results/gencode.vM25.mouse.cpg_islands.annotation and /expanse/lustre/projects/csd940/zalibhai/biomodal/modality/outputs_CHG/Reports/gencode.vM25.mouse.cpg_islands.annotation
[INFO] 2026-01-21 14:29:06 - Directory ready: /expanse/lustre/projects/csd940/zalibhai/biomodal/modality/outputs_CHG/Results/gencode.vM25.mouse.cpg_islands.annotation
[INFO] 2026-01-21 14:29:06 - Directory ready: /expanse/lustre/projects/csd940/zalibhai/biomodal/modality/outputs_CHG/Reports/gencode.vM25.mouse.cpg_islands.annotation
[INFO] 2026-01-21 14:29:06 - Created region directories: /expanse/lustre/projects/csd940/zalibhai/biomodal/modality/outputs_CHG/Results/gencode.vM25.mouse.cpg_islands.annotation and /expanse/lustre/projects/csd940/zalibhai/biomodal/modality/outputs_CHG/Reports/gencode.vM25.mouse.cpg_islands.annotation
[INFO] 2026-01-21 14:29:06 - Directory ready: /expanse/lustre/projects/csd940/zalibhai/biomodal/modality/outputs_CHG/Results/gencode.vM25.mouse.cpg_shelves.annotation
[INFO] 2026-01-21 14:29:06 - Directory ready: /expanse/lustre/projects/csd940/zalibhai/biomodal/modality/outputs_CHG/Reports/gencode.vM25.mouse.cpg_shelves.annotation
[INFO] 2026-01-21 14:29:06 - Created region directories: /expanse/lustre/projects/csd940/zalibhai/biomodal/modality/outputs_CHG/Results/gencode.vM25.mouse.cpg_shelves.annotation and /expanse/lustre/projects/csd940/zalibhai/biomodal/modality/outputs_CHG/Reports/gencode.vM25.mouse.cpg_shelves.annotation
[INFO] 2026-01-21 14:29:06 - Directory ready: /expanse/lustre/projects/csd940/zalibhai/biomodal/modality/outputs_CHG/Results/gencode.vM25.mouse.cpg_shores.annotation
[INFO] 2026-01-21 14:29:06 - Directory ready: /expanse/lustre/projects/csd940/zalibhai/biomodal/modality/outputs_CHG/Reports/gencode.vM25.mouse.cpg_shores.annotation
[INFO] 2026-01-21 14:29:06 - Created region directories: /expanse/lustre/projects/csd940/zalibhai/biomodal/modality/outputs_CHG/Results/gencode.vM25.mouse.cpg_shores.annotation and /expanse/lustre/projects/csd940/zalibhai/biomodal/modality/outputs_CHG/Reports/gencode.vM25.mouse.cpg_shores.annotation
[INFO] 2026-01-21 14:29:06 - Directory ready: /expanse/lustre/projects/csd940/zalibhai/biomodal/modality/outputs_CHG/Results/gencode.vM25.mouse.genes.annotation
[INFO] 2026-01-21 14:29:06 - Directory ready: /expanse/lustre/projects/csd940/zalibhai/biomodal/modality/outputs_CHG/Reports/gencode.vM25.mouse.genes.annotation
[INFO] 2026-01-21 14:29:06 - Created region directories: /expanse/lustre/projects/csd940/zalibhai/biomodal/modality/outputs_CHG/Results/gencode.vM25.mouse.genes.annotation and /expanse/lustre/projects/csd940/zalibhai/biomodal/modality/outputs_CHG/Reports/gencode.vM25.mouse.genes.annotation
[INFO] 2026-01-21 14:29:06 - Directory ready: /expanse/lustre/projects/csd940/zalibhai/biomodal/modality/outputs_CHG/Results/gencode.vM25.mouse.promoters.annotation
[INFO] 2026-01-21 14:29:06 - Directory ready: /expanse/lustre/projects/csd940/zalibhai/biomodal/modality/outputs_CHG/Reports/gencode.vM25.mouse.promoters.annotation
[INFO] 2026-01-21 14:29:06 - Created region directories: /expanse/lustre/projects/csd940/zalibhai/biomodal/modality/outputs_CHG/Results/gencode.vM25.mouse.promoters.annotation and /expanse/lustre/projects/csd940/zalibhai/biomodal/modality/outputs_CHG/Reports/gencode.vM25.mouse.promoters.annotation
[INFO] 2026-01-21 14:29:06 - Directory ready: /expanse/lustre/projects/csd940/zalibhai/biomodal/modality/outputs_CHG/Results/gencode.vM25.mouse.tss_region.annotation
[INFO] 2026-01-21 14:29:06 - Directory ready: /expanse/lustre/projects/csd940/zalibhai/biomodal/modality/outputs_CHG/Reports/gencode.vM25.mouse.tss_region.annotation
[INFO] 2026-01-21 14:29:06 - Created region directories: /expanse/lustre/projects/csd940/zalibhai/biomodal/modality/outputs_CHG/Results/gencode.vM25.mouse.tss_region.annotation and /expanse/lustre/projects/csd940/zalibhai/biomodal/modality/outputs_CHG/Reports/gencode.vM25.mouse.tss_region.annotation


======================================
STEP 1: RUNNING BIOLOGICAL QC ANALYSES
======================================
[INFO] 2026-01-21 14:29:06 - Running biological QC without aggregation...
Logged in using stored credentials
[38;5;23m2026-01-21 14:29:54[39m  [1m[38;5;123mProvenance information:[39m
[38;5;23m2026-01-21 14:29:54[39m  cmd='/home/zalibhai/miniforge3/envs/modality/bin/modality -v biological-qc --zarr-path /expanse/lustre/projects/csd940/zalibhai/biomodal/evoC-run/output/duet-1.5.0_evoC_Bap1_run_6bp/sample_outputs/zarr_store/CHG/evoC_Bap1_run.genome.GRCm38_primary_assembly.dedup.CHG.zarrz --sample-sheet /expanse/lustre/projects/csd940/zalibhai/biomodal/modality/metadata.tsv --order-by-group condition --output-dir /expanse/lustre/projects/csd940/zalibhai/biomodal/modality/outputs_CHG/Results'
timestamp=2026-01-21T14:29:54.532810
version=1.0.0
user=zalibhai

[39m
[38;5;23m2026-01-21 14:29:54[39m  [1m[38;5;123mRunning biological QC analysis:[39m
[38;5;23m2026-01-21 14:29:54[39m  [38;5;248mZarr path(s)[39m: ['/expanse/lustre/projects/csd940/zalibhai/biomodal/evoC-run/output/duet-1.5.0_evoC_Bap1_run_6bp/sample_outputs/zarr_store/CHG/evoC_Bap1_run.genome.GRCm38_primary_assembly.dedup.CHG.zarrz'][39m
[38;5;23m2026-01-21 14:29:54[39m  [38;5;248mSample Sheet[39m: /expanse/lustre/projects/csd940/zalibhai/biomodal/modality/metadata.tsv[39m
[38;5;23m2026-01-21 14:29:54[39m  [38;5;248mOrder By Group[39m: condition[39m
[38;5;23m2026-01-21 14:29:54[39m  [38;5;248mOutput Dir[39m: /expanse/lustre/projects/csd940/zalibhai/biomodal/modality/outputs_CHG/Results[39m
[38;5;23m2026-01-21 14:29:54[39m  [38;5;248mRegion[39m: None[39m
[38;5;23m2026-01-21 14:29:54[39m  [38;5;248mDisable Strand Merging[39m: False[39m
[38;5;23m2026-01-21 14:29:54[39m  [38;5;248mAggregate By Group[39m: None[39m
[38;5;23m2026-01-21 14:29:54[39m  [38;5;248mCase Sensitive[39m: False[39m
[38;5;23m2026-01-21 14:29:54[39m | [38;5;23mINFO[39m | Loading Zarr dataset...[39m
[38;5;23m2026-01-21 14:30:15[39m | [38;5;23mINFO[39m | Starting biological quality control process[39m
[38;5;23m2026-01-21 14:30:28[39m | [38;5;23mINFO[39m | Computing mean coverage for each sample...[39m
[38;5;23m2026-01-21 14:30:35[39m | [38;5;23mINFO[39m | Extracted coverage info for 4 samples[39m
[38;5;23m2026-01-21 14:30:35[39m | [38;5;23mINFO[39m | Created sample-to-group mapping for ordering by 'condition'[39m
[38;5;23m2026-01-21 14:30:35[39m | [38;5;23mINFO[39m | Found 5mC and 5hmC data[39m
[38;5;23m2026-01-21 14:31:27[39m | [38;5;23mINFO[39m | Successfully extracted 5mC correlation data[39m
[38;5;23m2026-01-21 14:32:20[39m | [38;5;23mINFO[39m | Successfully extracted 5hmC correlation data[39m
[38;5;23m2026-01-21 14:32:20[39m | [38;5;23mINFO[39m | Found 5mC and 5hmC data[39m
[38;5;23m2026-01-21 14:32:51[39m | [38;5;23mINFO[39m | Successfully extracted 5mC PCA data[39m
[38;5;23m2026-01-21 14:33:23[39m | [38;5;23mINFO[39m | Successfully extracted 5hmC PCA data[39m
[38;5;23m2026-01-21 14:33:23[39m | [38;5;23mINFO[39m | Rendering template: bio_qc_template.html[39m
[38;5;23m2026-01-21 14:33:23[39m | [38;5;23mINFO[39m | Generated biological QC JSON report: /expanse/lustre/projects/csd940/zalibhai/biomodal/modality/outputs_CHG/Results/BioQC_20260121_143323/biological_qc_report_4_samples_20260121_143323.json[39m
[38;5;23m2026-01-21 14:33:23[39m | [38;5;23mINFO[39m | Generated biological QC report: /expanse/lustre/projects/csd940/zalibhai/biomodal/modality/outputs_CHG/Results/BioQC_20260121_143323/biological_qc_report_4_samples_20260121_143323.html[39m
[38;5;23m2026-01-21 14:33:23[39m  [1m[38;5;154mBiological QC report generated: /expanse/lustre/projects/csd940/zalibhai/biomodal/modality/outputs_CHG/Results/BioQC_20260121_143323/biological_qc_report_4_samples_20260121_143323.html[39m
[38;5;23m2026-01-21 14:33:23[39m  Wrote provenance sidecar file to /expanse/lustre/projects/csd940/zalibhai/biomodal/modality/outputs_CHG/Results/BioQC_20260121_143323/modality_metadata_20260121_143323.json[39m
[INFO] 2026-01-21 14:33:23 - Copying Biological QC HTML reports to /expanse/lustre/projects/csd940/zalibhai/biomodal/modality/outputs_CHG/Reports...
[INFO] 2026-01-21 14:33:23 - Copied 1 Biological QC HTML report(s)


==================================================
STEP 2: RUNNING FEATURE EXTRACTION ON REGION FILES
==================================================
[INFO] 2026-01-21 14:33:23 - Processing region file: /expanse/lustre/projects/csd940/zalibhai/biomodal/modality/mm10/gencode.vM25.mouse.cpg_islands.annotation.bed
[INFO] 2026-01-21 14:33:23 - Running feature extraction: count total_c...
Logged in using stored credentials
[38;5;23m2026-01-21 14:33:28[39m  [1m[38;5;123mProvenance information:[39m
[38;5;23m2026-01-21 14:33:28[39m  cmd='/home/zalibhai/miniforge3/envs/modality/bin/modality -v get count --zarr-path /expanse/lustre/projects/csd940/zalibhai/biomodal/evoC-run/output/duet-1.5.0_evoC_Bap1_run_6bp/sample_outputs/zarr_store/CHG/evoC_Bap1_run.genome.GRCm38_primary_assembly.dedup.CHG.zarrz --sample-sheet /expanse/lustre/projects/csd940/zalibhai/biomodal/modality/metadata.tsv --bedfile /expanse/lustre/projects/csd940/zalibhai/biomodal/modality/mm10/gencode.vM25.mouse.cpg_islands.annotation.bed --fields total_c --output-dir /expanse/lustre/projects/csd940/zalibhai/biomodal/modality/outputs_CHG/Results/gencode.vM25.mouse.cpg_islands.annotation'
timestamp=2026-01-21T14:33:28.045935
version=1.0.0
user=zalibhai

[39m
[38;5;23m2026-01-21 14:33:28[39m  [1m[38;5;123mExtracting methylation features:[39m
[38;5;23m2026-01-21 14:33:28[39m  [38;5;248mZarr path(s)[39m: ['/expanse/lustre/projects/csd940/zalibhai/biomodal/evoC-run/output/duet-1.5.0_evoC_Bap1_run_6bp/sample_outputs/zarr_store/CHG/evoC_Bap1_run.genome.GRCm38_primary_assembly.dedup.CHG.zarrz'][39m
[38;5;23m2026-01-21 14:33:28[39m  [38;5;248mSample Sheet[39m: /expanse/lustre/projects/csd940/zalibhai/biomodal/modality/metadata.tsv[39m
[38;5;23m2026-01-21 14:33:28[39m  [38;5;248mBedfile[39m: /expanse/lustre/projects/csd940/zalibhai/biomodal/modality/mm10/gencode.vM25.mouse.cpg_islands.annotation.bed[39m
[38;5;23m2026-01-21 14:33:28[39m  [38;5;248mFields[39m: ['num_total_c'][39m
[38;5;23m2026-01-21 14:33:28[39m  [38;5;248mOutput Dir[39m: /expanse/lustre/projects/csd940/zalibhai/biomodal/modality/outputs_CHG/Results/gencode.vM25.mouse.cpg_islands.annotation[39m
[38;5;23m2026-01-21 14:33:28[39m  [38;5;248mMin Coverage[39m: 0[39m
[38;5;23m2026-01-21 14:33:28[39m  [38;5;248mNum Contexts[39m: 0[39m
[38;5;23m2026-01-21 14:33:28[39m  [38;5;248mDisable Strand Merging[39m: False[39m
[38;5;23m2026-01-21 14:33:28[39m  [38;5;248mWindow Size[39m: None[39m
[38;5;23m2026-01-21 14:33:28[39m  [38;5;248mTabix[39m: False[39m
[38;5;23m2026-01-21 14:33:28[39m  [38;5;248mRegion[39m: None[39m
[38;5;23m2026-01-21 14:33:28[39m | [38;5;23mINFO[39m | Loading Zarr dataset...[39m
[38;5;23m2026-01-21 14:33:52[39m | [38;5;23mINFO[39m | Performing ['count'] on variables ['num_total_c'] and min coverage 0.[39m
[38;5;23m2026-01-21 14:33:52[39m | [38;5;23mINFO[39m | ['num_total_c'][39m
[38;5;23m2026-01-21 14:33:52[39m | [38;5;23mINFO[39m | Adding Ranges_ID column to validate merging.[39m
[38;5;23m2026-01-21 14:34:05[39m | [38;5;23mINFO[39m | Summarized over 16009 regions.[39m
[38;5;23m2026-01-21 14:34:05[39m | [38;5;23mINFO[39m | Applying post-processor <lambda> to DataFrame.[39m
[38;5;23m2026-01-21 14:34:05[39m | [38;5;23mINFO[39m | Dataframe has 16009 rows, processing large dataset[39m
[38;5;23m2026-01-21 14:34:05[39m | [38;5;23mINFO[39m | Concatenating files without compression.[39m
[38;5;23m2026-01-21 14:34:05[39m | [38;5;23mINFO[39m | Exported total_c stats for count to <modality.infrastructure.file_name_service.ExtractDataFileName object at 0x1554e44d9d10>.[39m
[38;5;23m2026-01-21 14:34:05[39m | [38;5;23mINFO[39m | Results written to file[39m
[38;5;23m2026-01-21 14:34:05[39m  16009 regions extracted.[39m
[38;5;23m2026-01-21 14:34:05[39m  [1m[38;5;154mData extracted successfully to /expanse/lustre/projects/csd940/zalibhai/biomodal/modality/outputs_CHG/Results/gencode.vM25.mouse.cpg_islands.annotation/Extract_20260121_143405[39m
[38;5;23m2026-01-21 14:34:05[39m | [38;5;23mINFO[39m | No plots generated. Sample sheet / group provided but no plots requested.[39m
[38;5;23m2026-01-21 14:34:05[39m  Wrote provenance sidecar file to /expanse/lustre/projects/csd940/zalibhai/biomodal/modality/outputs_CHG/Results/gencode.vM25.mouse.cpg_islands.annotation/Extract_20260121_143405/modality_metadata_20260121_143405.json[39m
[INFO] 2026-01-21 14:34:06 - Running feature extraction: mean total_c (plots generated automatically)...
Logged in using stored credentials
[38;5;23m2026-01-21 14:34:10[39m  [1m[38;5;123mProvenance information:[39m
[38;5;23m2026-01-21 14:34:10[39m  cmd='/home/zalibhai/miniforge3/envs/modality/bin/modality -v get mean --zarr-path /expanse/lustre/projects/csd940/zalibhai/biomodal/evoC-run/output/duet-1.5.0_evoC_Bap1_run_6bp/sample_outputs/zarr_store/CHG/evoC_Bap1_run.genome.GRCm38_primary_assembly.dedup.CHG.zarrz --sample-sheet /expanse/lustre/projects/csd940/zalibhai/biomodal/modality/metadata.tsv --bedfile /expanse/lustre/projects/csd940/zalibhai/biomodal/modality/mm10/gencode.vM25.mouse.cpg_islands.annotation.bed --fields total_c --order-by-group condition --output-dir /expanse/lustre/projects/csd940/zalibhai/biomodal/modality/outputs_CHG/Results/gencode.vM25.mouse.cpg_islands.annotation'
timestamp=2026-01-21T14:34:10.284444
version=1.0.0
user=zalibhai

[39m
[38;5;23m2026-01-21 14:34:10[39m  [1m[38;5;123mExtracting methylation features:[39m
[38;5;23m2026-01-21 14:34:10[39m  [38;5;248mZarr path(s)[39m: ['/expanse/lustre/projects/csd940/zalibhai/biomodal/evoC-run/output/duet-1.5.0_evoC_Bap1_run_6bp/sample_outputs/zarr_store/CHG/evoC_Bap1_run.genome.GRCm38_primary_assembly.dedup.CHG.zarrz'][39m
[38;5;23m2026-01-21 14:34:10[39m  [38;5;248mSample Sheet[39m: /expanse/lustre/projects/csd940/zalibhai/biomodal/modality/metadata.tsv[39m
[38;5;23m2026-01-21 14:34:10[39m  [38;5;248mBedfile[39m: /expanse/lustre/projects/csd940/zalibhai/biomodal/modality/mm10/gencode.vM25.mouse.cpg_islands.annotation.bed[39m
[38;5;23m2026-01-21 14:34:10[39m  [38;5;248mFields[39m: ['num_total_c'][39m
[38;5;23m2026-01-21 14:34:10[39m  [38;5;248mOrder By Group[39m: condition[39m
[38;5;23m2026-01-21 14:34:10[39m  [38;5;248mOutput Dir[39m: /expanse/lustre/projects/csd940/zalibhai/biomodal/modality/outputs_CHG/Results/gencode.vM25.mouse.cpg_islands.annotation[39m
[38;5;23m2026-01-21 14:34:10[39m  [38;5;248mMin Coverage[39m: 0[39m
[38;5;23m2026-01-21 14:34:10[39m  [38;5;248mNum Contexts[39m: 0[39m
[38;5;23m2026-01-21 14:34:10[39m  [38;5;248mDisable Strand Merging[39m: False[39m
[38;5;23m2026-01-21 14:34:10[39m  [38;5;248mWindow Size[39m: None[39m
[38;5;23m2026-01-21 14:34:10[39m  [38;5;248mTabix[39m: False[39m
[38;5;23m2026-01-21 14:34:10[39m  [38;5;248mRegion[39m: None[39m
[38;5;23m2026-01-21 14:34:10[39m  [38;5;248mAggregate By Group[39m: None[39m
[38;5;23m2026-01-21 14:34:10[39m  [38;5;248mCase Sensitive[39m: False[39m
[38;5;23m2026-01-21 14:34:10[39m  [38;5;248mHeatmap[39m: False[39m
[38;5;23m2026-01-21 14:34:10[39m | [38;5;23mINFO[39m | Sample sheet: /expanse/lustre/projects/csd940/zalibhai/biomodal/modality/metadata.tsv[39m
[38;5;23m2026-01-21 14:34:10[39m | [38;5;23mINFO[39m | Order samples by: condition, case-insensitive[39m
[38;5;23m2026-01-21 14:34:10[39m | [38;5;23mINFO[39m | Loading Zarr dataset...[39m
[38;5;23m2026-01-21 14:34:35[39m | [38;5;23mINFO[39m | Performing ['mean'] on variables ['num_total_c'] and min coverage 0.[39m
[38;5;23m2026-01-21 14:34:35[39m | [38;5;23mINFO[39m | ['num_total_c'][39m
[38;5;23m2026-01-21 14:34:35[39m | [38;5;23mINFO[39m | Adding Ranges_ID column to validate merging.[39m
[38;5;23m2026-01-21 14:34:46[39m | [38;5;23mINFO[39m | Summarized over 16009 regions.[39m
[38;5;23m2026-01-21 14:34:46[39m | [38;5;23mINFO[39m | Applying post-processor <lambda> to DataFrame.[39m
[38;5;23m2026-01-21 14:34:46[39m | [38;5;23mINFO[39m | Dataframe has 16009 rows, processing large dataset[39m
[38;5;23m2026-01-21 14:34:47[39m | [38;5;23mINFO[39m | Concatenating files without compression.[39m
[38;5;23m2026-01-21 14:34:47[39m | [38;5;23mINFO[39m | Exported total_c stats for mean to <modality.infrastructure.file_name_service.ExtractDataFileName object at 0x1554e4f11990>.[39m
[38;5;23m2026-01-21 14:34:47[39m | [38;5;23mINFO[39m | Results written to file[39m
[38;5;23m2026-01-21 14:34:47[39m  16009 regions extracted.[39m
[38;5;23m2026-01-21 14:34:47[39m  [1m[38;5;154mData extracted successfully to /expanse/lustre/projects/csd940/zalibhai/biomodal/modality/outputs_CHG/Results/gencode.vM25.mouse.cpg_islands.annotation/Extract_20260121_143446[39m
[38;5;23m2026-01-21 14:34:47[39m  Generating plots: violin, correlation[39m
[38;5;23m2026-01-21 14:34:48[39m | [38;5;23mINFO[39m | Feature report saved to /expanse/lustre/projects/csd940/zalibhai/biomodal/modality/outputs_CHG/Results/gencode.vM25.mouse.cpg_islands.annotation/Extract_20260121_143446/total_c_mean_extract_report_20260121_143446.html[39m
[38;5;23m2026-01-21 14:34:48[39m | [38;5;23mINFO[39m | JSON report saved to /expanse/lustre/projects/csd940/zalibhai/biomodal/modality/outputs_CHG/Results/gencode.vM25.mouse.cpg_islands.annotation/Extract_20260121_143446/total_c_mean_extract_report_20260121_143446.json[39m
[38;5;23m2026-01-21 14:34:48[39m  [1m[38;5;154mFeature report with violin, correlation visualizations generated successfully at /expanse/lustre/projects/csd940/zalibhai/biomodal/modality/outputs_CHG/Results/gencode.vM25.mouse.cpg_islands.annotation/Extract_20260121_143446/total_c_mean_extract_report_20260121_143446.html.[39m
[38;5;23m2026-01-21 14:34:48[39m  Wrote provenance sidecar file to /expanse/lustre/projects/csd940/zalibhai/biomodal/modality/outputs_CHG/Results/gencode.vM25.mouse.cpg_islands.annotation/Extract_20260121_143446/modality_metadata_20260121_143448.json[39m
[INFO] 2026-01-21 14:34:48 - Running feature extraction: regional-frac for mc and hmc with minimum depth 10 (plots generated automatically)...
Logged in using stored credentials
[38;5;23m2026-01-21 14:34:52[39m  [1m[38;5;123mProvenance information:[39m
[38;5;23m2026-01-21 14:34:52[39m  cmd='/home/zalibhai/miniforge3/envs/modality/bin/modality -v get regional-frac --zarr-path /expanse/lustre/projects/csd940/zalibhai/biomodal/evoC-run/output/duet-1.5.0_evoC_Bap1_run_6bp/sample_outputs/zarr_store/CHG/evoC_Bap1_run.genome.GRCm38_primary_assembly.dedup.CHG.zarrz --sample-sheet /expanse/lustre/projects/csd940/zalibhai/biomodal/modality/metadata.tsv --bedfile /expanse/lustre/projects/csd940/zalibhai/biomodal/modality/mm10/gencode.vM25.mouse.cpg_islands.annotation.bed --fields mc hmc --min-coverage 10 --order-by-group condition --output-dir /expanse/lustre/projects/csd940/zalibhai/biomodal/modality/outputs_CHG/Results/gencode.vM25.mouse.cpg_islands.annotation'
timestamp=2026-01-21T14:34:52.851513
version=1.0.0
user=zalibhai

[39m
[38;5;23m2026-01-21 14:34:52[39m  [1m[38;5;123mExtracting methylation features:[39m
[38;5;23m2026-01-21 14:34:52[39m  [38;5;248mZarr path(s)[39m: ['/expanse/lustre/projects/csd940/zalibhai/biomodal/evoC-run/output/duet-1.5.0_evoC_Bap1_run_6bp/sample_outputs/zarr_store/CHG/evoC_Bap1_run.genome.GRCm38_primary_assembly.dedup.CHG.zarrz'][39m
[38;5;23m2026-01-21 14:34:52[39m  [38;5;248mSample Sheet[39m: /expanse/lustre/projects/csd940/zalibhai/biomodal/modality/metadata.tsv[39m
[38;5;23m2026-01-21 14:34:52[39m  [38;5;248mBedfile[39m: /expanse/lustre/projects/csd940/zalibhai/biomodal/modality/mm10/gencode.vM25.mouse.cpg_islands.annotation.bed[39m
[38;5;23m2026-01-21 14:34:52[39m  [38;5;248mFields[39m: ['num_mc', 'num_hmc'][39m
[38;5;23m2026-01-21 14:34:52[39m  [38;5;248mMin Coverage[39m: 10[39m
[38;5;23m2026-01-21 14:34:52[39m  [38;5;248mOrder By Group[39m: condition[39m
[38;5;23m2026-01-21 14:34:52[39m  [38;5;248mOutput Dir[39m: /expanse/lustre/projects/csd940/zalibhai/biomodal/modality/outputs_CHG/Results/gencode.vM25.mouse.cpg_islands.annotation[39m
[38;5;23m2026-01-21 14:34:52[39m  [38;5;248mNum Contexts[39m: 0[39m
[38;5;23m2026-01-21 14:34:52[39m  [38;5;248mDisable Strand Merging[39m: False[39m
[38;5;23m2026-01-21 14:34:52[39m  [38;5;248mWindow Size[39m: None[39m
[38;5;23m2026-01-21 14:34:52[39m  [38;5;248mTabix[39m: False[39m
[38;5;23m2026-01-21 14:34:52[39m  [38;5;248mRegion[39m: None[39m
[38;5;23m2026-01-21 14:34:52[39m  [38;5;248mAggregate By Group[39m: None[39m
[38;5;23m2026-01-21 14:34:52[39m  [38;5;248mCase Sensitive[39m: False[39m
[38;5;23m2026-01-21 14:34:52[39m  [38;5;248mHeatmap[39m: False[39m
[38;5;23m2026-01-21 14:34:52[39m | [38;5;23mINFO[39m | Sample sheet: /expanse/lustre/projects/csd940/zalibhai/biomodal/modality/metadata.tsv[39m
[38;5;23m2026-01-21 14:34:52[39m | [38;5;23mINFO[39m | Order samples by: condition, case-insensitive[39m
[38;5;23m2026-01-21 14:34:52[39m | [38;5;23mINFO[39m | Loading Zarr dataset...[39m
[38;5;23m2026-01-21 14:35:58[39m | [38;5;23mINFO[39m | Performing ['regional-frac'] on variables ['num_mc', 'num_hmc'] and min coverage 10.[39m
[38;5;23m2026-01-21 14:35:58[39m | [38;5;23mINFO[39m | ['num_mc', 'num_hmc', 'num_total_c'][39m
[38;5;23m2026-01-21 14:35:58[39m | [38;5;23mINFO[39m | Adding Ranges_ID column to validate merging.[39m
[38;5;23m2026-01-21 14:36:15[39m | [38;5;23mINFO[39m | Summarized over 16009 regions.[39m
[38;5;23m2026-01-21 14:36:15[39m | [38;5;23mINFO[39m | Applying post-processor <lambda> to DataFrame.[39m
[38;5;23m2026-01-21 14:36:15[39m | [38;5;23mINFO[39m | Dataframe has 16009 rows, processing large dataset[39m
[38;5;23m2026-01-21 14:36:15[39m | [38;5;23mINFO[39m | Concatenating files without compression.[39m
[38;5;23m2026-01-21 14:36:15[39m | [38;5;23mINFO[39m | Exported mc stats for regional-frac to <modality.infrastructure.file_name_service.ExtractDataFileName object at 0x1554e2539310>.[39m
[38;5;23m2026-01-21 14:36:15[39m | [38;5;23mINFO[39m | Applying post-processor <lambda> to DataFrame.[39m
[38;5;23m2026-01-21 14:36:16[39m | [38;5;23mINFO[39m | Dataframe has 16009 rows, processing large dataset[39m
[38;5;23m2026-01-21 14:36:16[39m | [38;5;23mINFO[39m | Concatenating files without compression.[39m
[38;5;23m2026-01-21 14:36:16[39m | [38;5;23mINFO[39m | Exported hmc stats for regional-frac to <modality.infrastructure.file_name_service.ExtractDataFileName object at 0x1554e1db7e50>.[39m
[38;5;23m2026-01-21 14:36:16[39m | [38;5;23mINFO[39m | Results written to file[39m
[38;5;23m2026-01-21 14:36:16[39m  16009 regions extracted.[39m
[38;5;23m2026-01-21 14:36:16[39m  [1m[38;5;154mData extracted successfully to /expanse/lustre/projects/csd940/zalibhai/biomodal/modality/outputs_CHG/Results/gencode.vM25.mouse.cpg_islands.annotation/Extract_20260121_143615[39m
[38;5;23m2026-01-21 14:36:16[39m  Generating plots: violin, correlation[39m
[38;5;23m2026-01-21 14:36:16[39m | [38;5;23mINFO[39m | Feature report saved to /expanse/lustre/projects/csd940/zalibhai/biomodal/modality/outputs_CHG/Results/gencode.vM25.mouse.cpg_islands.annotation/Extract_20260121_143615/hmc-mc_regional-frac_extract_report_20260121_143615.html[39m
[38;5;23m2026-01-21 14:36:16[39m | [38;5;23mINFO[39m | JSON report saved to /expanse/lustre/projects/csd940/zalibhai/biomodal/modality/outputs_CHG/Results/gencode.vM25.mouse.cpg_islands.annotation/Extract_20260121_143615/hmc-mc_regional-frac_extract_report_20260121_143615.json[39m
[38;5;23m2026-01-21 14:36:16[39m  [1m[38;5;154mFeature report with violin, correlation visualizations generated successfully at /expanse/lustre/projects/csd940/zalibhai/biomodal/modality/outputs_CHG/Results/gencode.vM25.mouse.cpg_islands.annotation/Extract_20260121_143615/hmc-mc_regional-frac_extract_report_20260121_143615.html.[39m
[38;5;23m2026-01-21 14:36:16[39m  Wrote provenance sidecar file to /expanse/lustre/projects/csd940/zalibhai/biomodal/modality/outputs_CHG/Results/gencode.vM25.mouse.cpg_islands.annotation/Extract_20260121_143615/modality_metadata_20260121_143616.json[39m
[INFO] 2026-01-21 14:36:17 - Feature extraction completed for gencode.vM25.mouse.cpg_islands.annotation
[INFO] 2026-01-21 14:36:17 - Processing region file: /expanse/lustre/projects/csd940/zalibhai/biomodal/modality/mm10/gencode.vM25.mouse.cpg_islands.annotation.bed.gz
[INFO] 2026-01-21 14:36:17 - Running feature extraction: count total_c...
Logged in using stored credentials
[38;5;23m2026-01-21 14:36:21[39m  [1m[38;5;123mProvenance information:[39m
[38;5;23m2026-01-21 14:36:21[39m  cmd='/home/zalibhai/miniforge3/envs/modality/bin/modality -v get count --zarr-path /expanse/lustre/projects/csd940/zalibhai/biomodal/evoC-run/output/duet-1.5.0_evoC_Bap1_run_6bp/sample_outputs/zarr_store/CHG/evoC_Bap1_run.genome.GRCm38_primary_assembly.dedup.CHG.zarrz --sample-sheet /expanse/lustre/projects/csd940/zalibhai/biomodal/modality/metadata.tsv --bedfile /expanse/lustre/projects/csd940/zalibhai/biomodal/modality/mm10/gencode.vM25.mouse.cpg_islands.annotation.bed.gz --fields total_c --output-dir /expanse/lustre/projects/csd940/zalibhai/biomodal/modality/outputs_CHG/Results/gencode.vM25.mouse.cpg_islands.annotation'
timestamp=2026-01-21T14:36:21.670413
version=1.0.0
user=zalibhai

[39m
[38;5;23m2026-01-21 14:36:21[39m  [1m[38;5;123mExtracting methylation features:[39m
[38;5;23m2026-01-21 14:36:21[39m  [38;5;248mZarr path(s)[39m: ['/expanse/lustre/projects/csd940/zalibhai/biomodal/evoC-run/output/duet-1.5.0_evoC_Bap1_run_6bp/sample_outputs/zarr_store/CHG/evoC_Bap1_run.genome.GRCm38_primary_assembly.dedup.CHG.zarrz'][39m
[38;5;23m2026-01-21 14:36:21[39m  [38;5;248mSample Sheet[39m: /expanse/lustre/projects/csd940/zalibhai/biomodal/modality/metadata.tsv[39m
[38;5;23m2026-01-21 14:36:21[39m  [38;5;248mBedfile[39m: /expanse/lustre/projects/csd940/zalibhai/biomodal/modality/mm10/gencode.vM25.mouse.cpg_islands.annotation.bed.gz[39m
[38;5;23m2026-01-21 14:36:21[39m  [38;5;248mFields[39m: ['num_total_c'][39m
[38;5;23m2026-01-21 14:36:21[39m  [38;5;248mOutput Dir[39m: /expanse/lustre/projects/csd940/zalibhai/biomodal/modality/outputs_CHG/Results/gencode.vM25.mouse.cpg_islands.annotation[39m
[38;5;23m2026-01-21 14:36:21[39m  [38;5;248mMin Coverage[39m: 0[39m
[38;5;23m2026-01-21 14:36:21[39m  [38;5;248mNum Contexts[39m: 0[39m
[38;5;23m2026-01-21 14:36:21[39m  [38;5;248mDisable Strand Merging[39m: False[39m
[38;5;23m2026-01-21 14:36:21[39m  [38;5;248mWindow Size[39m: None[39m
[38;5;23m2026-01-21 14:36:21[39m  [38;5;248mTabix[39m: False[39m
[38;5;23m2026-01-21 14:36:21[39m  [38;5;248mRegion[39m: None[39m
[38;5;23m2026-01-21 14:36:21[39m | [38;5;23mINFO[39m | Loading Zarr dataset...[39m
[38;5;23m2026-01-21 14:36:46[39m | [38;5;23mINFO[39m | Performing ['count'] on variables ['num_total_c'] and min coverage 0.[39m
[38;5;23m2026-01-21 14:36:46[39m | [38;5;23mINFO[39m | ['num_total_c'][39m
[38;5;23m2026-01-21 14:36:46[39m | [38;5;23mINFO[39m | Adding Ranges_ID column to validate merging.[39m
[38;5;23m2026-01-21 14:36:58[39m | [38;5;23mINFO[39m | Summarized over 16009 regions.[39m
[38;5;23m2026-01-21 14:36:58[39m | [38;5;23mINFO[39m | Applying post-processor <lambda> to DataFrame.[39m
[38;5;23m2026-01-21 14:36:58[39m | [38;5;23mINFO[39m | Dataframe has 16009 rows, processing large dataset[39m
[38;5;23m2026-01-21 14:36:59[39m | [38;5;23mINFO[39m | Concatenating files without compression.[39m
[38;5;23m2026-01-21 14:36:59[39m | [38;5;23mINFO[39m | Exported total_c stats for count to <modality.infrastructure.file_name_service.ExtractDataFileName object at 0x1554e300ddd0>.[39m
[38;5;23m2026-01-21 14:36:59[39m | [38;5;23mINFO[39m | Results written to file[39m
[38;5;23m2026-01-21 14:36:59[39m  16009 regions extracted.[39m
[38;5;23m2026-01-21 14:36:59[39m  [1m[38;5;154mData extracted successfully to /expanse/lustre/projects/csd940/zalibhai/biomodal/modality/outputs_CHG/Results/gencode.vM25.mouse.cpg_islands.annotation/Extract_20260121_143658[39m
[38;5;23m2026-01-21 14:36:59[39m | [38;5;23mINFO[39m | No plots generated. Sample sheet / group provided but no plots requested.[39m
[38;5;23m2026-01-21 14:36:59[39m  Wrote provenance sidecar file to /expanse/lustre/projects/csd940/zalibhai/biomodal/modality/outputs_CHG/Results/gencode.vM25.mouse.cpg_islands.annotation/Extract_20260121_143658/modality_metadata_20260121_143659.json[39m
[INFO] 2026-01-21 14:36:59 - Running feature extraction: mean total_c (plots generated automatically)...
Logged in using stored credentials
[38;5;23m2026-01-21 14:37:02[39m  [1m[38;5;123mProvenance information:[39m
[38;5;23m2026-01-21 14:37:02[39m  cmd='/home/zalibhai/miniforge3/envs/modality/bin/modality -v get mean --zarr-path /expanse/lustre/projects/csd940/zalibhai/biomodal/evoC-run/output/duet-1.5.0_evoC_Bap1_run_6bp/sample_outputs/zarr_store/CHG/evoC_Bap1_run.genome.GRCm38_primary_assembly.dedup.CHG.zarrz --sample-sheet /expanse/lustre/projects/csd940/zalibhai/biomodal/modality/metadata.tsv --bedfile /expanse/lustre/projects/csd940/zalibhai/biomodal/modality/mm10/gencode.vM25.mouse.cpg_islands.annotation.bed.gz --fields total_c --order-by-group condition --output-dir /expanse/lustre/projects/csd940/zalibhai/biomodal/modality/outputs_CHG/Results/gencode.vM25.mouse.cpg_islands.annotation'
timestamp=2026-01-21T14:37:02.931774
version=1.0.0
user=zalibhai

[39m
[38;5;23m2026-01-21 14:37:02[39m  [1m[38;5;123mExtracting methylation features:[39m
[38;5;23m2026-01-21 14:37:02[39m  [38;5;248mZarr path(s)[39m: ['/expanse/lustre/projects/csd940/zalibhai/biomodal/evoC-run/output/duet-1.5.0_evoC_Bap1_run_6bp/sample_outputs/zarr_store/CHG/evoC_Bap1_run.genome.GRCm38_primary_assembly.dedup.CHG.zarrz'][39m
[38;5;23m2026-01-21 14:37:02[39m  [38;5;248mSample Sheet[39m: /expanse/lustre/projects/csd940/zalibhai/biomodal/modality/metadata.tsv[39m
[38;5;23m2026-01-21 14:37:02[39m  [38;5;248mBedfile[39m: /expanse/lustre/projects/csd940/zalibhai/biomodal/modality/mm10/gencode.vM25.mouse.cpg_islands.annotation.bed.gz[39m
[38;5;23m2026-01-21 14:37:02[39m  [38;5;248mFields[39m: ['num_total_c'][39m
[38;5;23m2026-01-21 14:37:02[39m  [38;5;248mOrder By Group[39m: condition[39m
[38;5;23m2026-01-21 14:37:02[39m  [38;5;248mOutput Dir[39m: /expanse/lustre/projects/csd940/zalibhai/biomodal/modality/outputs_CHG/Results/gencode.vM25.mouse.cpg_islands.annotation[39m
[38;5;23m2026-01-21 14:37:02[39m  [38;5;248mMin Coverage[39m: 0[39m
[38;5;23m2026-01-21 14:37:02[39m  [38;5;248mNum Contexts[39m: 0[39m
[38;5;23m2026-01-21 14:37:02[39m  [38;5;248mDisable Strand Merging[39m: False[39m
[38;5;23m2026-01-21 14:37:02[39m  [38;5;248mWindow Size[39m: None[39m
[38;5;23m2026-01-21 14:37:02[39m  [38;5;248mTabix[39m: False[39m
[38;5;23m2026-01-21 14:37:02[39m  [38;5;248mRegion[39m: None[39m
[38;5;23m2026-01-21 14:37:02[39m  [38;5;248mAggregate By Group[39m: None[39m
[38;5;23m2026-01-21 14:37:02[39m  [38;5;248mCase Sensitive[39m: False[39m
[38;5;23m2026-01-21 14:37:02[39m  [38;5;248mHeatmap[39m: False[39m
[38;5;23m2026-01-21 14:37:02[39m | [38;5;23mINFO[39m | Sample sheet: /expanse/lustre/projects/csd940/zalibhai/biomodal/modality/metadata.tsv[39m
[38;5;23m2026-01-21 14:37:02[39m | [38;5;23mINFO[39m | Order samples by: condition, case-insensitive[39m
[38;5;23m2026-01-21 14:37:02[39m | [38;5;23mINFO[39m | Loading Zarr dataset...[39m
[38;5;23m2026-01-21 14:37:27[39m | [38;5;23mINFO[39m | Performing ['mean'] on variables ['num_total_c'] and min coverage 0.[39m
[38;5;23m2026-01-21 14:37:27[39m | [38;5;23mINFO[39m | ['num_total_c'][39m
[38;5;23m2026-01-21 14:37:27[39m | [38;5;23mINFO[39m | Adding Ranges_ID column to validate merging.[39m
[38;5;23m2026-01-21 14:37:39[39m | [38;5;23mINFO[39m | Summarized over 16009 regions.[39m
[38;5;23m2026-01-21 14:37:40[39m | [38;5;23mINFO[39m | Applying post-processor <lambda> to DataFrame.[39m
[38;5;23m2026-01-21 14:37:40[39m | [38;5;23mINFO[39m | Dataframe has 16009 rows, processing large dataset[39m
[38;5;23m2026-01-21 14:37:40[39m | [38;5;23mINFO[39m | Concatenating files without compression.[39m
[38;5;23m2026-01-21 14:37:40[39m | [38;5;23mINFO[39m | Exported total_c stats for mean to <modality.infrastructure.file_name_service.ExtractDataFileName object at 0x1554e37bdf10>.[39m
[38;5;23m2026-01-21 14:37:40[39m | [38;5;23mINFO[39m | Results written to file[39m
[38;5;23m2026-01-21 14:37:40[39m  16009 regions extracted.[39m
[38;5;23m2026-01-21 14:37:40[39m  [1m[38;5;154mData extracted successfully to /expanse/lustre/projects/csd940/zalibhai/biomodal/modality/outputs_CHG/Results/gencode.vM25.mouse.cpg_islands.annotation/Extract_20260121_143740[39m
[38;5;23m2026-01-21 14:37:40[39m  Generating plots: correlation, violin[39m
[38;5;23m2026-01-21 14:37:40[39m | [38;5;23mINFO[39m | Feature report saved to /expanse/lustre/projects/csd940/zalibhai/biomodal/modality/outputs_CHG/Results/gencode.vM25.mouse.cpg_islands.annotation/Extract_20260121_143740/total_c_mean_extract_report_20260121_143740.html[39m
[38;5;23m2026-01-21 14:37:40[39m | [38;5;23mINFO[39m | JSON report saved to /expanse/lustre/projects/csd940/zalibhai/biomodal/modality/outputs_CHG/Results/gencode.vM25.mouse.cpg_islands.annotation/Extract_20260121_143740/total_c_mean_extract_report_20260121_143740.json[39m
[38;5;23m2026-01-21 14:37:40[39m  [1m[38;5;154mFeature report with correlation, violin visualizations generated successfully at /expanse/lustre/projects/csd940/zalibhai/biomodal/modality/outputs_CHG/Results/gencode.vM25.mouse.cpg_islands.annotation/Extract_20260121_143740/total_c_mean_extract_report_20260121_143740.html.[39m
[38;5;23m2026-01-21 14:37:40[39m  Wrote provenance sidecar file to /expanse/lustre/projects/csd940/zalibhai/biomodal/modality/outputs_CHG/Results/gencode.vM25.mouse.cpg_islands.annotation/Extract_20260121_143740/modality_metadata_20260121_143740.json[39m
[INFO] 2026-01-21 14:37:41 - Running feature extraction: regional-frac for mc and hmc with minimum depth 10 (plots generated automatically)...
Logged in using stored credentials
[38;5;23m2026-01-21 14:37:45[39m  [1m[38;5;123mProvenance information:[39m
[38;5;23m2026-01-21 14:37:45[39m  cmd='/home/zalibhai/miniforge3/envs/modality/bin/modality -v get regional-frac --zarr-path /expanse/lustre/projects/csd940/zalibhai/biomodal/evoC-run/output/duet-1.5.0_evoC_Bap1_run_6bp/sample_outputs/zarr_store/CHG/evoC_Bap1_run.genome.GRCm38_primary_assembly.dedup.CHG.zarrz --sample-sheet /expanse/lustre/projects/csd940/zalibhai/biomodal/modality/metadata.tsv --bedfile /expanse/lustre/projects/csd940/zalibhai/biomodal/modality/mm10/gencode.vM25.mouse.cpg_islands.annotation.bed.gz --fields mc hmc --min-coverage 10 --order-by-group condition --output-dir /expanse/lustre/projects/csd940/zalibhai/biomodal/modality/outputs_CHG/Results/gencode.vM25.mouse.cpg_islands.annotation'
timestamp=2026-01-21T14:37:45.875781
version=1.0.0
user=zalibhai

[39m
[38;5;23m2026-01-21 14:37:45[39m  [1m[38;5;123mExtracting methylation features:[39m
[38;5;23m2026-01-21 14:37:45[39m  [38;5;248mZarr path(s)[39m: ['/expanse/lustre/projects/csd940/zalibhai/biomodal/evoC-run/output/duet-1.5.0_evoC_Bap1_run_6bp/sample_outputs/zarr_store/CHG/evoC_Bap1_run.genome.GRCm38_primary_assembly.dedup.CHG.zarrz'][39m
[38;5;23m2026-01-21 14:37:45[39m  [38;5;248mSample Sheet[39m: /expanse/lustre/projects/csd940/zalibhai/biomodal/modality/metadata.tsv[39m
[38;5;23m2026-01-21 14:37:45[39m  [38;5;248mBedfile[39m: /expanse/lustre/projects/csd940/zalibhai/biomodal/modality/mm10/gencode.vM25.mouse.cpg_islands.annotation.bed.gz[39m
[38;5;23m2026-01-21 14:37:45[39m  [38;5;248mFields[39m: ['num_mc', 'num_hmc'][39m
[38;5;23m2026-01-21 14:37:45[39m  [38;5;248mMin Coverage[39m: 10[39m
[38;5;23m2026-01-21 14:37:45[39m  [38;5;248mOrder By Group[39m: condition[39m
[38;5;23m2026-01-21 14:37:45[39m  [38;5;248mOutput Dir[39m: /expanse/lustre/projects/csd940/zalibhai/biomodal/modality/outputs_CHG/Results/gencode.vM25.mouse.cpg_islands.annotation[39m
[38;5;23m2026-01-21 14:37:45[39m  [38;5;248mNum Contexts[39m: 0[39m
[38;5;23m2026-01-21 14:37:45[39m  [38;5;248mDisable Strand Merging[39m: False[39m
[38;5;23m2026-01-21 14:37:45[39m  [38;5;248mWindow Size[39m: None[39m
[38;5;23m2026-01-21 14:37:45[39m  [38;5;248mTabix[39m: False[39m
[38;5;23m2026-01-21 14:37:45[39m  [38;5;248mRegion[39m: None[39m
[38;5;23m2026-01-21 14:37:45[39m  [38;5;248mAggregate By Group[39m: None[39m
[38;5;23m2026-01-21 14:37:45[39m  [38;5;248mCase Sensitive[39m: False[39m
[38;5;23m2026-01-21 14:37:45[39m  [38;5;248mHeatmap[39m: False[39m
[38;5;23m2026-01-21 14:37:45[39m | [38;5;23mINFO[39m | Sample sheet: /expanse/lustre/projects/csd940/zalibhai/biomodal/modality/metadata.tsv[39m
[38;5;23m2026-01-21 14:37:45[39m | [38;5;23mINFO[39m | Order samples by: condition, case-insensitive[39m
[38;5;23m2026-01-21 14:37:45[39m | [38;5;23mINFO[39m | Loading Zarr dataset...[39m
[38;5;23m2026-01-21 14:38:53[39m | [38;5;23mINFO[39m | Performing ['regional-frac'] on variables ['num_mc', 'num_hmc'] and min coverage 10.[39m
[38;5;23m2026-01-21 14:38:53[39m | [38;5;23mINFO[39m | ['num_mc', 'num_hmc', 'num_total_c'][39m
[38;5;23m2026-01-21 14:38:53[39m | [38;5;23mINFO[39m | Adding Ranges_ID column to validate merging.[39m
[38;5;23m2026-01-21 14:39:11[39m | [38;5;23mINFO[39m | Summarized over 16009 regions.[39m
[38;5;23m2026-01-21 14:39:11[39m | [38;5;23mINFO[39m | Applying post-processor <lambda> to DataFrame.[39m
[38;5;23m2026-01-21 14:39:11[39m | [38;5;23mINFO[39m | Dataframe has 16009 rows, processing large dataset[39m
[38;5;23m2026-01-21 14:39:11[39m | [38;5;23mINFO[39m | Concatenating files without compression.[39m
[38;5;23m2026-01-21 14:39:11[39m | [38;5;23mINFO[39m | Exported mc stats for regional-frac to <modality.infrastructure.file_name_service.ExtractDataFileName object at 0x1554e5836f90>.[39m
[38;5;23m2026-01-21 14:39:11[39m | [38;5;23mINFO[39m | Applying post-processor <lambda> to DataFrame.[39m
[38;5;23m2026-01-21 14:39:12[39m | [38;5;23mINFO[39m | Dataframe has 16009 rows, processing large dataset[39m
[38;5;23m2026-01-21 14:39:12[39m | [38;5;23mINFO[39m | Concatenating files without compression.[39m
[38;5;23m2026-01-21 14:39:12[39m | [38;5;23mINFO[39m | Exported hmc stats for regional-frac to <modality.infrastructure.file_name_service.ExtractDataFileName object at 0x1554e4c19690>.[39m
[38;5;23m2026-01-21 14:39:12[39m | [38;5;23mINFO[39m | Results written to file[39m
[38;5;23m2026-01-21 14:39:12[39m  16009 regions extracted.[39m
[38;5;23m2026-01-21 14:39:12[39m  [1m[38;5;154mData extracted successfully to /expanse/lustre/projects/csd940/zalibhai/biomodal/modality/outputs_CHG/Results/gencode.vM25.mouse.cpg_islands.annotation/Extract_20260121_143911[39m
[38;5;23m2026-01-21 14:39:12[39m  Generating plots: correlation, violin[39m
[38;5;23m2026-01-21 14:39:12[39m | [38;5;23mINFO[39m | Feature report saved to /expanse/lustre/projects/csd940/zalibhai/biomodal/modality/outputs_CHG/Results/gencode.vM25.mouse.cpg_islands.annotation/Extract_20260121_143911/hmc-mc_regional-frac_extract_report_20260121_143911.html[39m
[38;5;23m2026-01-21 14:39:12[39m | [38;5;23mINFO[39m | JSON report saved to /expanse/lustre/projects/csd940/zalibhai/biomodal/modality/outputs_CHG/Results/gencode.vM25.mouse.cpg_islands.annotation/Extract_20260121_143911/hmc-mc_regional-frac_extract_report_20260121_143911.json[39m
[38;5;23m2026-01-21 14:39:12[39m  [1m[38;5;154mFeature report with correlation, violin visualizations generated successfully at /expanse/lustre/projects/csd940/zalibhai/biomodal/modality/outputs_CHG/Results/gencode.vM25.mouse.cpg_islands.annotation/Extract_20260121_143911/hmc-mc_regional-frac_extract_report_20260121_143911.html.[39m
[38;5;23m2026-01-21 14:39:12[39m  Wrote provenance sidecar file to /expanse/lustre/projects/csd940/zalibhai/biomodal/modality/outputs_CHG/Results/gencode.vM25.mouse.cpg_islands.annotation/Extract_20260121_143911/modality_metadata_20260121_143912.json[39m
[INFO] 2026-01-21 14:39:13 - Feature extraction completed for gencode.vM25.mouse.cpg_islands.annotation
[INFO] 2026-01-21 14:39:13 - Processing region file: /expanse/lustre/projects/csd940/zalibhai/biomodal/modality/mm10/gencode.vM25.mouse.cpg_shelves.annotation.bed.gz
[INFO] 2026-01-21 14:39:13 - Running feature extraction: count total_c...
Logged in using stored credentials
[38;5;23m2026-01-21 14:39:18[39m  [1m[38;5;123mProvenance information:[39m
[38;5;23m2026-01-21 14:39:18[39m  cmd='/home/zalibhai/miniforge3/envs/modality/bin/modality -v get count --zarr-path /expanse/lustre/projects/csd940/zalibhai/biomodal/evoC-run/output/duet-1.5.0_evoC_Bap1_run_6bp/sample_outputs/zarr_store/CHG/evoC_Bap1_run.genome.GRCm38_primary_assembly.dedup.CHG.zarrz --sample-sheet /expanse/lustre/projects/csd940/zalibhai/biomodal/modality/metadata.tsv --bedfile /expanse/lustre/projects/csd940/zalibhai/biomodal/modality/mm10/gencode.vM25.mouse.cpg_shelves.annotation.bed.gz --fields total_c --output-dir /expanse/lustre/projects/csd940/zalibhai/biomodal/modality/outputs_CHG/Results/gencode.vM25.mouse.cpg_shelves.annotation'
timestamp=2026-01-21T14:39:18.181032
version=1.0.0
user=zalibhai

[39m
[38;5;23m2026-01-21 14:39:18[39m  [1m[38;5;123mExtracting methylation features:[39m
[38;5;23m2026-01-21 14:39:18[39m  [38;5;248mZarr path(s)[39m: ['/expanse/lustre/projects/csd940/zalibhai/biomodal/evoC-run/output/duet-1.5.0_evoC_Bap1_run_6bp/sample_outputs/zarr_store/CHG/evoC_Bap1_run.genome.GRCm38_primary_assembly.dedup.CHG.zarrz'][39m
[38;5;23m2026-01-21 14:39:18[39m  [38;5;248mSample Sheet[39m: /expanse/lustre/projects/csd940/zalibhai/biomodal/modality/metadata.tsv[39m
[38;5;23m2026-01-21 14:39:18[39m  [38;5;248mBedfile[39m: /expanse/lustre/projects/csd940/zalibhai/biomodal/modality/mm10/gencode.vM25.mouse.cpg_shelves.annotation.bed.gz[39m
[38;5;23m2026-01-21 14:39:18[39m  [38;5;248mFields[39m: ['num_total_c'][39m
[38;5;23m2026-01-21 14:39:18[39m  [38;5;248mOutput Dir[39m: /expanse/lustre/projects/csd940/zalibhai/biomodal/modality/outputs_CHG/Results/gencode.vM25.mouse.cpg_shelves.annotation[39m
[38;5;23m2026-01-21 14:39:18[39m  [38;5;248mMin Coverage[39m: 0[39m
[38;5;23m2026-01-21 14:39:18[39m  [38;5;248mNum Contexts[39m: 0[39m
[38;5;23m2026-01-21 14:39:18[39m  [38;5;248mDisable Strand Merging[39m: False[39m
[38;5;23m2026-01-21 14:39:18[39m  [38;5;248mWindow Size[39m: None[39m
[38;5;23m2026-01-21 14:39:18[39m  [38;5;248mTabix[39m: False[39m
[38;5;23m2026-01-21 14:39:18[39m  [38;5;248mRegion[39m: None[39m
[38;5;23m2026-01-21 14:39:18[39m | [38;5;23mINFO[39m | Loading Zarr dataset...[39m
[38;5;23m2026-01-21 14:39:41[39m | [38;5;23mINFO[39m | Performing ['count'] on variables ['num_total_c'] and min coverage 0.[39m
[38;5;23m2026-01-21 14:39:41[39m | [38;5;23mINFO[39m | ['num_total_c'][39m
[38;5;23m2026-01-21 14:39:41[39m | [38;5;23mINFO[39m | Adding Ranges_ID column to validate merging.[39m
[38;5;23m2026-01-21 14:39:54[39m | [38;5;23mINFO[39m | Summarized over 29912 regions.[39m
[38;5;23m2026-01-21 14:39:54[39m | [38;5;23mINFO[39m | Applying post-processor <lambda> to DataFrame.[39m
[38;5;23m2026-01-21 14:39:54[39m | [38;5;23mINFO[39m | Dataframe has 31066 rows, processing large dataset[39m
[38;5;23m2026-01-21 14:39:54[39m | [38;5;23mINFO[39m | Concatenating files without compression.[39m
[38;5;23m2026-01-21 14:39:54[39m | [38;5;23mINFO[39m | Exported total_c stats for count to <modality.infrastructure.file_name_service.ExtractDataFileName object at 0x1554e1971110>.[39m
[38;5;23m2026-01-21 14:39:54[39m | [38;5;23mINFO[39m | Results written to file[39m
[38;5;23m2026-01-21 14:39:54[39m  29912 regions extracted.[39m
[38;5;23m2026-01-21 14:39:54[39m  [1m[38;5;154mData extracted successfully to /expanse/lustre/projects/csd940/zalibhai/biomodal/modality/outputs_CHG/Results/gencode.vM25.mouse.cpg_shelves.annotation/Extract_20260121_143954[39m
[38;5;23m2026-01-21 14:39:54[39m | [38;5;23mINFO[39m | No plots generated. Sample sheet / group provided but no plots requested.[39m
[38;5;23m2026-01-21 14:39:54[39m  Wrote provenance sidecar file to /expanse/lustre/projects/csd940/zalibhai/biomodal/modality/outputs_CHG/Results/gencode.vM25.mouse.cpg_shelves.annotation/Extract_20260121_143954/modality_metadata_20260121_143954.json[39m
[INFO] 2026-01-21 14:39:55 - Running feature extraction: mean total_c (plots generated automatically)...
Logged in using stored credentials
[38;5;23m2026-01-21 14:39:58[39m  [1m[38;5;123mProvenance information:[39m
[38;5;23m2026-01-21 14:39:58[39m  cmd='/home/zalibhai/miniforge3/envs/modality/bin/modality -v get mean --zarr-path /expanse/lustre/projects/csd940/zalibhai/biomodal/evoC-run/output/duet-1.5.0_evoC_Bap1_run_6bp/sample_outputs/zarr_store/CHG/evoC_Bap1_run.genome.GRCm38_primary_assembly.dedup.CHG.zarrz --sample-sheet /expanse/lustre/projects/csd940/zalibhai/biomodal/modality/metadata.tsv --bedfile /expanse/lustre/projects/csd940/zalibhai/biomodal/modality/mm10/gencode.vM25.mouse.cpg_shelves.annotation.bed.gz --fields total_c --order-by-group condition --output-dir /expanse/lustre/projects/csd940/zalibhai/biomodal/modality/outputs_CHG/Results/gencode.vM25.mouse.cpg_shelves.annotation'
timestamp=2026-01-21T14:39:58.615448
version=1.0.0
user=zalibhai

[39m
[38;5;23m2026-01-21 14:39:58[39m  [1m[38;5;123mExtracting methylation features:[39m
[38;5;23m2026-01-21 14:39:58[39m  [38;5;248mZarr path(s)[39m: ['/expanse/lustre/projects/csd940/zalibhai/biomodal/evoC-run/output/duet-1.5.0_evoC_Bap1_run_6bp/sample_outputs/zarr_store/CHG/evoC_Bap1_run.genome.GRCm38_primary_assembly.dedup.CHG.zarrz'][39m
[38;5;23m2026-01-21 14:39:58[39m  [38;5;248mSample Sheet[39m: /expanse/lustre/projects/csd940/zalibhai/biomodal/modality/metadata.tsv[39m
[38;5;23m2026-01-21 14:39:58[39m  [38;5;248mBedfile[39m: /expanse/lustre/projects/csd940/zalibhai/biomodal/modality/mm10/gencode.vM25.mouse.cpg_shelves.annotation.bed.gz[39m
[38;5;23m2026-01-21 14:39:58[39m  [38;5;248mFields[39m: ['num_total_c'][39m
[38;5;23m2026-01-21 14:39:58[39m  [38;5;248mOrder By Group[39m: condition[39m
[38;5;23m2026-01-21 14:39:58[39m  [38;5;248mOutput Dir[39m: /expanse/lustre/projects/csd940/zalibhai/biomodal/modality/outputs_CHG/Results/gencode.vM25.mouse.cpg_shelves.annotation[39m
[38;5;23m2026-01-21 14:39:58[39m  [38;5;248mMin Coverage[39m: 0[39m
[38;5;23m2026-01-21 14:39:58[39m  [38;5;248mNum Contexts[39m: 0[39m
[38;5;23m2026-01-21 14:39:58[39m  [38;5;248mDisable Strand Merging[39m: False[39m
[38;5;23m2026-01-21 14:39:58[39m  [38;5;248mWindow Size[39m: None[39m
[38;5;23m2026-01-21 14:39:58[39m  [38;5;248mTabix[39m: False[39m
[38;5;23m2026-01-21 14:39:58[39m  [38;5;248mRegion[39m: None[39m
[38;5;23m2026-01-21 14:39:58[39m  [38;5;248mAggregate By Group[39m: None[39m
[38;5;23m2026-01-21 14:39:58[39m  [38;5;248mCase Sensitive[39m: False[39m
[38;5;23m2026-01-21 14:39:58[39m  [38;5;248mHeatmap[39m: False[39m
[38;5;23m2026-01-21 14:39:58[39m | [38;5;23mINFO[39m | Sample sheet: /expanse/lustre/projects/csd940/zalibhai/biomodal/modality/metadata.tsv[39m
[38;5;23m2026-01-21 14:39:58[39m | [38;5;23mINFO[39m | Order samples by: condition, case-insensitive[39m
[38;5;23m2026-01-21 14:39:58[39m | [38;5;23mINFO[39m | Loading Zarr dataset...[39m
[38;5;23m2026-01-21 14:40:23[39m | [38;5;23mINFO[39m | Performing ['mean'] on variables ['num_total_c'] and min coverage 0.[39m
[38;5;23m2026-01-21 14:40:23[39m | [38;5;23mINFO[39m | ['num_total_c'][39m
[38;5;23m2026-01-21 14:40:23[39m | [38;5;23mINFO[39m | Adding Ranges_ID column to validate merging.[39m
[38;5;23m2026-01-21 14:40:35[39m | [38;5;23mINFO[39m | Summarized over 29912 regions.[39m
[38;5;23m2026-01-21 14:40:35[39m | [38;5;23mINFO[39m | Applying post-processor <lambda> to DataFrame.[39m
[38;5;23m2026-01-21 14:40:35[39m | [38;5;23mINFO[39m | Dataframe has 31066 rows, processing large dataset[39m
[38;5;23m2026-01-21 14:40:35[39m | [38;5;23mINFO[39m | Concatenating files without compression.[39m
[38;5;23m2026-01-21 14:40:35[39m | [38;5;23mINFO[39m | Exported total_c stats for mean to <modality.infrastructure.file_name_service.ExtractDataFileName object at 0x1554e197ffd0>.[39m
[38;5;23m2026-01-21 14:40:35[39m | [38;5;23mINFO[39m | Results written to file[39m
[38;5;23m2026-01-21 14:40:35[39m  29912 regions extracted.[39m
[38;5;23m2026-01-21 14:40:35[39m  [1m[38;5;154mData extracted successfully to /expanse/lustre/projects/csd940/zalibhai/biomodal/modality/outputs_CHG/Results/gencode.vM25.mouse.cpg_shelves.annotation/Extract_20260121_144035[39m
[38;5;23m2026-01-21 14:40:35[39m  Generating plots: violin, correlation[39m
[38;5;23m2026-01-21 14:40:36[39m | [38;5;23mINFO[39m | Feature report saved to /expanse/lustre/projects/csd940/zalibhai/biomodal/modality/outputs_CHG/Results/gencode.vM25.mouse.cpg_shelves.annotation/Extract_20260121_144035/total_c_mean_extract_report_20260121_144035.html[39m
[38;5;23m2026-01-21 14:40:36[39m | [38;5;23mINFO[39m | JSON report saved to /expanse/lustre/projects/csd940/zalibhai/biomodal/modality/outputs_CHG/Results/gencode.vM25.mouse.cpg_shelves.annotation/Extract_20260121_144035/total_c_mean_extract_report_20260121_144035.json[39m
[38;5;23m2026-01-21 14:40:36[39m  [1m[38;5;154mFeature report with violin, correlation visualizations generated successfully at /expanse/lustre/projects/csd940/zalibhai/biomodal/modality/outputs_CHG/Results/gencode.vM25.mouse.cpg_shelves.annotation/Extract_20260121_144035/total_c_mean_extract_report_20260121_144035.html.[39m
[38;5;23m2026-01-21 14:40:36[39m  Wrote provenance sidecar file to /expanse/lustre/projects/csd940/zalibhai/biomodal/modality/outputs_CHG/Results/gencode.vM25.mouse.cpg_shelves.annotation/Extract_20260121_144035/modality_metadata_20260121_144036.json[39m
[INFO] 2026-01-21 14:40:37 - Running feature extraction: regional-frac for mc and hmc with minimum depth 10 (plots generated automatically)...
Logged in using stored credentials
[38;5;23m2026-01-21 14:40:41[39m  [1m[38;5;123mProvenance information:[39m
[38;5;23m2026-01-21 14:40:41[39m  cmd='/home/zalibhai/miniforge3/envs/modality/bin/modality -v get regional-frac --zarr-path /expanse/lustre/projects/csd940/zalibhai/biomodal/evoC-run/output/duet-1.5.0_evoC_Bap1_run_6bp/sample_outputs/zarr_store/CHG/evoC_Bap1_run.genome.GRCm38_primary_assembly.dedup.CHG.zarrz --sample-sheet /expanse/lustre/projects/csd940/zalibhai/biomodal/modality/metadata.tsv --bedfile /expanse/lustre/projects/csd940/zalibhai/biomodal/modality/mm10/gencode.vM25.mouse.cpg_shelves.annotation.bed.gz --fields mc hmc --min-coverage 10 --order-by-group condition --output-dir /expanse/lustre/projects/csd940/zalibhai/biomodal/modality/outputs_CHG/Results/gencode.vM25.mouse.cpg_shelves.annotation'
timestamp=2026-01-21T14:40:41.755396
version=1.0.0
user=zalibhai

[39m
[38;5;23m2026-01-21 14:40:41[39m  [1m[38;5;123mExtracting methylation features:[39m
[38;5;23m2026-01-21 14:40:41[39m  [38;5;248mZarr path(s)[39m: ['/expanse/lustre/projects/csd940/zalibhai/biomodal/evoC-run/output/duet-1.5.0_evoC_Bap1_run_6bp/sample_outputs/zarr_store/CHG/evoC_Bap1_run.genome.GRCm38_primary_assembly.dedup.CHG.zarrz'][39m
[38;5;23m2026-01-21 14:40:41[39m  [38;5;248mSample Sheet[39m: /expanse/lustre/projects/csd940/zalibhai/biomodal/modality/metadata.tsv[39m
[38;5;23m2026-01-21 14:40:41[39m  [38;5;248mBedfile[39m: /expanse/lustre/projects/csd940/zalibhai/biomodal/modality/mm10/gencode.vM25.mouse.cpg_shelves.annotation.bed.gz[39m
[38;5;23m2026-01-21 14:40:41[39m  [38;5;248mFields[39m: ['num_mc', 'num_hmc'][39m
[38;5;23m2026-01-21 14:40:41[39m  [38;5;248mMin Coverage[39m: 10[39m
[38;5;23m2026-01-21 14:40:41[39m  [38;5;248mOrder By Group[39m: condition[39m
[38;5;23m2026-01-21 14:40:41[39m  [38;5;248mOutput Dir[39m: /expanse/lustre/projects/csd940/zalibhai/biomodal/modality/outputs_CHG/Results/gencode.vM25.mouse.cpg_shelves.annotation[39m
[38;5;23m2026-01-21 14:40:41[39m  [38;5;248mNum Contexts[39m: 0[39m
[38;5;23m2026-01-21 14:40:41[39m  [38;5;248mDisable Strand Merging[39m: False[39m
[38;5;23m2026-01-21 14:40:41[39m  [38;5;248mWindow Size[39m: None[39m
[38;5;23m2026-01-21 14:40:41[39m  [38;5;248mTabix[39m: False[39m
[38;5;23m2026-01-21 14:40:41[39m  [38;5;248mRegion[39m: None[39m
[38;5;23m2026-01-21 14:40:41[39m  [38;5;248mAggregate By Group[39m: None[39m
[38;5;23m2026-01-21 14:40:41[39m  [38;5;248mCase Sensitive[39m: False[39m
[38;5;23m2026-01-21 14:40:41[39m  [38;5;248mHeatmap[39m: False[39m
[38;5;23m2026-01-21 14:40:41[39m | [38;5;23mINFO[39m | Sample sheet: /expanse/lustre/projects/csd940/zalibhai/biomodal/modality/metadata.tsv[39m
[38;5;23m2026-01-21 14:40:41[39m | [38;5;23mINFO[39m | Order samples by: condition, case-insensitive[39m
[38;5;23m2026-01-21 14:40:41[39m | [38;5;23mINFO[39m | Loading Zarr dataset...[39m
[38;5;23m2026-01-21 14:41:54[39m | [38;5;23mINFO[39m | Performing ['regional-frac'] on variables ['num_mc', 'num_hmc'] and min coverage 10.[39m
[38;5;23m2026-01-21 14:41:54[39m | [38;5;23mINFO[39m | ['num_mc', 'num_hmc', 'num_total_c'][39m
[38;5;23m2026-01-21 14:41:54[39m | [38;5;23mINFO[39m | Adding Ranges_ID column to validate merging.[39m
[38;5;23m2026-01-21 14:42:11[39m | [38;5;23mINFO[39m | Summarized over 29912 regions.[39m
[38;5;23m2026-01-21 14:42:11[39m | [38;5;23mINFO[39m | Applying post-processor <lambda> to DataFrame.[39m
[38;5;23m2026-01-21 14:42:11[39m | [38;5;23mINFO[39m | Dataframe has 31066 rows, processing large dataset[39m
[38;5;23m2026-01-21 14:42:11[39m | [38;5;23mINFO[39m | Concatenating files without compression.[39m
[38;5;23m2026-01-21 14:42:11[39m | [38;5;23mINFO[39m | Exported mc stats for regional-frac to <modality.infrastructure.file_name_service.ExtractDataFileName object at 0x1554dedbfe10>.[39m
[38;5;23m2026-01-21 14:42:11[39m | [38;5;23mINFO[39m | Applying post-processor <lambda> to DataFrame.[39m
[38;5;23m2026-01-21 14:42:11[39m | [38;5;23mINFO[39m | Dataframe has 31066 rows, processing large dataset[39m
[38;5;23m2026-01-21 14:42:12[39m | [38;5;23mINFO[39m | Concatenating files without compression.[39m
[38;5;23m2026-01-21 14:42:12[39m | [38;5;23mINFO[39m | Exported hmc stats for regional-frac to <modality.infrastructure.file_name_service.ExtractDataFileName object at 0x1554df095510>.[39m
[38;5;23m2026-01-21 14:42:12[39m | [38;5;23mINFO[39m | Results written to file[39m
[38;5;23m2026-01-21 14:42:12[39m  29912 regions extracted.[39m
[38;5;23m2026-01-21 14:42:12[39m  [1m[38;5;154mData extracted successfully to /expanse/lustre/projects/csd940/zalibhai/biomodal/modality/outputs_CHG/Results/gencode.vM25.mouse.cpg_shelves.annotation/Extract_20260121_144211[39m
[38;5;23m2026-01-21 14:42:12[39m  Generating plots: correlation, violin[39m
[38;5;23m2026-01-21 14:42:12[39m | [38;5;23mINFO[39m | Feature report saved to /expanse/lustre/projects/csd940/zalibhai/biomodal/modality/outputs_CHG/Results/gencode.vM25.mouse.cpg_shelves.annotation/Extract_20260121_144211/hmc-mc_regional-frac_extract_report_20260121_144211.html[39m
[38;5;23m2026-01-21 14:42:12[39m | [38;5;23mINFO[39m | JSON report saved to /expanse/lustre/projects/csd940/zalibhai/biomodal/modality/outputs_CHG/Results/gencode.vM25.mouse.cpg_shelves.annotation/Extract_20260121_144211/hmc-mc_regional-frac_extract_report_20260121_144211.json[39m
[38;5;23m2026-01-21 14:42:12[39m  [1m[38;5;154mFeature report with correlation, violin visualizations generated successfully at /expanse/lustre/projects/csd940/zalibhai/biomodal/modality/outputs_CHG/Results/gencode.vM25.mouse.cpg_shelves.annotation/Extract_20260121_144211/hmc-mc_regional-frac_extract_report_20260121_144211.html.[39m
[38;5;23m2026-01-21 14:42:12[39m  Wrote provenance sidecar file to /expanse/lustre/projects/csd940/zalibhai/biomodal/modality/outputs_CHG/Results/gencode.vM25.mouse.cpg_shelves.annotation/Extract_20260121_144211/modality_metadata_20260121_144212.json[39m
[INFO] 2026-01-21 14:42:14 - Feature extraction completed for gencode.vM25.mouse.cpg_shelves.annotation
[INFO] 2026-01-21 14:42:14 - Processing region file: /expanse/lustre/projects/csd940/zalibhai/biomodal/modality/mm10/gencode.vM25.mouse.cpg_shores.annotation.bed.gz
[INFO] 2026-01-21 14:42:14 - Running feature extraction: count total_c...
Logged in using stored credentials
[38;5;23m2026-01-21 14:42:18[39m  [1m[38;5;123mProvenance information:[39m
[38;5;23m2026-01-21 14:42:18[39m  cmd='/home/zalibhai/miniforge3/envs/modality/bin/modality -v get count --zarr-path /expanse/lustre/projects/csd940/zalibhai/biomodal/evoC-run/output/duet-1.5.0_evoC_Bap1_run_6bp/sample_outputs/zarr_store/CHG/evoC_Bap1_run.genome.GRCm38_primary_assembly.dedup.CHG.zarrz --sample-sheet /expanse/lustre/projects/csd940/zalibhai/biomodal/modality/metadata.tsv --bedfile /expanse/lustre/projects/csd940/zalibhai/biomodal/modality/mm10/gencode.vM25.mouse.cpg_shores.annotation.bed.gz --fields total_c --output-dir /expanse/lustre/projects/csd940/zalibhai/biomodal/modality/outputs_CHG/Results/gencode.vM25.mouse.cpg_shores.annotation'
timestamp=2026-01-21T14:42:18.294627
version=1.0.0
user=zalibhai

[39m
[38;5;23m2026-01-21 14:42:18[39m  [1m[38;5;123mExtracting methylation features:[39m
[38;5;23m2026-01-21 14:42:18[39m  [38;5;248mZarr path(s)[39m: ['/expanse/lustre/projects/csd940/zalibhai/biomodal/evoC-run/output/duet-1.5.0_evoC_Bap1_run_6bp/sample_outputs/zarr_store/CHG/evoC_Bap1_run.genome.GRCm38_primary_assembly.dedup.CHG.zarrz'][39m
[38;5;23m2026-01-21 14:42:18[39m  [38;5;248mSample Sheet[39m: /expanse/lustre/projects/csd940/zalibhai/biomodal/modality/metadata.tsv[39m
[38;5;23m2026-01-21 14:42:18[39m  [38;5;248mBedfile[39m: /expanse/lustre/projects/csd940/zalibhai/biomodal/modality/mm10/gencode.vM25.mouse.cpg_shores.annotation.bed.gz[39m
[38;5;23m2026-01-21 14:42:18[39m  [38;5;248mFields[39m: ['num_total_c'][39m
[38;5;23m2026-01-21 14:42:18[39m  [38;5;248mOutput Dir[39m: /expanse/lustre/projects/csd940/zalibhai/biomodal/modality/outputs_CHG/Results/gencode.vM25.mouse.cpg_shores.annotation[39m
[38;5;23m2026-01-21 14:42:18[39m  [38;5;248mMin Coverage[39m: 0[39m
[38;5;23m2026-01-21 14:42:18[39m  [38;5;248mNum Contexts[39m: 0[39m
[38;5;23m2026-01-21 14:42:18[39m  [38;5;248mDisable Strand Merging[39m: False[39m
[38;5;23m2026-01-21 14:42:18[39m  [38;5;248mWindow Size[39m: None[39m
[38;5;23m2026-01-21 14:42:18[39m  [38;5;248mTabix[39m: False[39m
[38;5;23m2026-01-21 14:42:18[39m  [38;5;248mRegion[39m: None[39m
[38;5;23m2026-01-21 14:42:18[39m | [38;5;23mINFO[39m | Loading Zarr dataset...[39m
[38;5;23m2026-01-21 14:42:41[39m | [38;5;23mINFO[39m | Performing ['count'] on variables ['num_total_c'] and min coverage 0.[39m
[38;5;23m2026-01-21 14:42:41[39m | [38;5;23mINFO[39m | ['num_total_c'][39m
[38;5;23m2026-01-21 14:42:41[39m | [38;5;23mINFO[39m | Adding Ranges_ID column to validate merging.[39m
[38;5;23m2026-01-21 14:42:52[39m | [38;5;23mINFO[39m | Summarized over 33962 regions.[39m
[38;5;23m2026-01-21 14:42:52[39m | [38;5;23mINFO[39m | Applying post-processor <lambda> to DataFrame.[39m
[38;5;23m2026-01-21 14:42:53[39m | [38;5;23mINFO[39m | Dataframe has 36866 rows, processing large dataset[39m
[38;5;23m2026-01-21 14:42:53[39m | [38;5;23mINFO[39m | Concatenating files without compression.[39m
[38;5;23m2026-01-21 14:42:53[39m | [38;5;23mINFO[39m | Exported total_c stats for count to <modality.infrastructure.file_name_service.ExtractDataFileName object at 0x1554e4c2e890>.[39m
[38;5;23m2026-01-21 14:42:53[39m | [38;5;23mINFO[39m | Results written to file[39m
[38;5;23m2026-01-21 14:42:53[39m  33962 regions extracted.[39m
[38;5;23m2026-01-21 14:42:53[39m  [1m[38;5;154mData extracted successfully to /expanse/lustre/projects/csd940/zalibhai/biomodal/modality/outputs_CHG/Results/gencode.vM25.mouse.cpg_shores.annotation/Extract_20260121_144253[39m
[38;5;23m2026-01-21 14:42:53[39m | [38;5;23mINFO[39m | No plots generated. Sample sheet / group provided but no plots requested.[39m
[38;5;23m2026-01-21 14:42:53[39m  Wrote provenance sidecar file to /expanse/lustre/projects/csd940/zalibhai/biomodal/modality/outputs_CHG/Results/gencode.vM25.mouse.cpg_shores.annotation/Extract_20260121_144253/modality_metadata_20260121_144253.json[39m
[INFO] 2026-01-21 14:42:53 - Running feature extraction: mean total_c (plots generated automatically)...
Logged in using stored credentials
[38;5;23m2026-01-21 14:42:57[39m  [1m[38;5;123mProvenance information:[39m
[38;5;23m2026-01-21 14:42:57[39m  cmd='/home/zalibhai/miniforge3/envs/modality/bin/modality -v get mean --zarr-path /expanse/lustre/projects/csd940/zalibhai/biomodal/evoC-run/output/duet-1.5.0_evoC_Bap1_run_6bp/sample_outputs/zarr_store/CHG/evoC_Bap1_run.genome.GRCm38_primary_assembly.dedup.CHG.zarrz --sample-sheet /expanse/lustre/projects/csd940/zalibhai/biomodal/modality/metadata.tsv --bedfile /expanse/lustre/projects/csd940/zalibhai/biomodal/modality/mm10/gencode.vM25.mouse.cpg_shores.annotation.bed.gz --fields total_c --order-by-group condition --output-dir /expanse/lustre/projects/csd940/zalibhai/biomodal/modality/outputs_CHG/Results/gencode.vM25.mouse.cpg_shores.annotation'
timestamp=2026-01-21T14:42:57.140305
version=1.0.0
user=zalibhai

[39m
[38;5;23m2026-01-21 14:42:57[39m  [1m[38;5;123mExtracting methylation features:[39m
[38;5;23m2026-01-21 14:42:57[39m  [38;5;248mZarr path(s)[39m: ['/expanse/lustre/projects/csd940/zalibhai/biomodal/evoC-run/output/duet-1.5.0_evoC_Bap1_run_6bp/sample_outputs/zarr_store/CHG/evoC_Bap1_run.genome.GRCm38_primary_assembly.dedup.CHG.zarrz'][39m
[38;5;23m2026-01-21 14:42:57[39m  [38;5;248mSample Sheet[39m: /expanse/lustre/projects/csd940/zalibhai/biomodal/modality/metadata.tsv[39m
[38;5;23m2026-01-21 14:42:57[39m  [38;5;248mBedfile[39m: /expanse/lustre/projects/csd940/zalibhai/biomodal/modality/mm10/gencode.vM25.mouse.cpg_shores.annotation.bed.gz[39m
[38;5;23m2026-01-21 14:42:57[39m  [38;5;248mFields[39m: ['num_total_c'][39m
[38;5;23m2026-01-21 14:42:57[39m  [38;5;248mOrder By Group[39m: condition[39m
[38;5;23m2026-01-21 14:42:57[39m  [38;5;248mOutput Dir[39m: /expanse/lustre/projects/csd940/zalibhai/biomodal/modality/outputs_CHG/Results/gencode.vM25.mouse.cpg_shores.annotation[39m
[38;5;23m2026-01-21 14:42:57[39m  [38;5;248mMin Coverage[39m: 0[39m
[38;5;23m2026-01-21 14:42:57[39m  [38;5;248mNum Contexts[39m: 0[39m
[38;5;23m2026-01-21 14:42:57[39m  [38;5;248mDisable Strand Merging[39m: False[39m
[38;5;23m2026-01-21 14:42:57[39m  [38;5;248mWindow Size[39m: None[39m
[38;5;23m2026-01-21 14:42:57[39m  [38;5;248mTabix[39m: False[39m
[38;5;23m2026-01-21 14:42:57[39m  [38;5;248mRegion[39m: None[39m
[38;5;23m2026-01-21 14:42:57[39m  [38;5;248mAggregate By Group[39m: None[39m
[38;5;23m2026-01-21 14:42:57[39m  [38;5;248mCase Sensitive[39m: False[39m
[38;5;23m2026-01-21 14:42:57[39m  [38;5;248mHeatmap[39m: False[39m
[38;5;23m2026-01-21 14:42:57[39m | [38;5;23mINFO[39m | Sample sheet: /expanse/lustre/projects/csd940/zalibhai/biomodal/modality/metadata.tsv[39m
[38;5;23m2026-01-21 14:42:57[39m | [38;5;23mINFO[39m | Order samples by: condition, case-insensitive[39m
[38;5;23m2026-01-21 14:42:57[39m | [38;5;23mINFO[39m | Loading Zarr dataset...[39m
[38;5;23m2026-01-21 14:43:20[39m | [38;5;23mINFO[39m | Performing ['mean'] on variables ['num_total_c'] and min coverage 0.[39m
[38;5;23m2026-01-21 14:43:20[39m | [38;5;23mINFO[39m | ['num_total_c'][39m
[38;5;23m2026-01-21 14:43:20[39m | [38;5;23mINFO[39m | Adding Ranges_ID column to validate merging.[39m
[38;5;23m2026-01-21 14:43:32[39m | [38;5;23mINFO[39m | Summarized over 33962 regions.[39m
[38;5;23m2026-01-21 14:43:32[39m | [38;5;23mINFO[39m | Applying post-processor <lambda> to DataFrame.[39m
[38;5;23m2026-01-21 14:43:32[39m | [38;5;23mINFO[39m | Dataframe has 36866 rows, processing large dataset[39m
[38;5;23m2026-01-21 14:43:32[39m | [38;5;23mINFO[39m | Concatenating files without compression.[39m
[38;5;23m2026-01-21 14:43:32[39m | [38;5;23mINFO[39m | Exported total_c stats for mean to <modality.infrastructure.file_name_service.ExtractDataFileName object at 0x1554e373bad0>.[39m
[38;5;23m2026-01-21 14:43:32[39m | [38;5;23mINFO[39m | Results written to file[39m
[38;5;23m2026-01-21 14:43:32[39m  33962 regions extracted.[39m
[38;5;23m2026-01-21 14:43:32[39m  [1m[38;5;154mData extracted successfully to /expanse/lustre/projects/csd940/zalibhai/biomodal/modality/outputs_CHG/Results/gencode.vM25.mouse.cpg_shores.annotation/Extract_20260121_144332[39m
[38;5;23m2026-01-21 14:43:32[39m  Generating plots: violin, correlation[39m
[38;5;23m2026-01-21 14:43:33[39m | [38;5;23mINFO[39m | Feature report saved to /expanse/lustre/projects/csd940/zalibhai/biomodal/modality/outputs_CHG/Results/gencode.vM25.mouse.cpg_shores.annotation/Extract_20260121_144332/total_c_mean_extract_report_20260121_144332.html[39m
[38;5;23m2026-01-21 14:43:33[39m | [38;5;23mINFO[39m | JSON report saved to /expanse/lustre/projects/csd940/zalibhai/biomodal/modality/outputs_CHG/Results/gencode.vM25.mouse.cpg_shores.annotation/Extract_20260121_144332/total_c_mean_extract_report_20260121_144332.json[39m
[38;5;23m2026-01-21 14:43:33[39m  [1m[38;5;154mFeature report with violin, correlation visualizations generated successfully at /expanse/lustre/projects/csd940/zalibhai/biomodal/modality/outputs_CHG/Results/gencode.vM25.mouse.cpg_shores.annotation/Extract_20260121_144332/total_c_mean_extract_report_20260121_144332.html.[39m
[38;5;23m2026-01-21 14:43:33[39m  Wrote provenance sidecar file to /expanse/lustre/projects/csd940/zalibhai/biomodal/modality/outputs_CHG/Results/gencode.vM25.mouse.cpg_shores.annotation/Extract_20260121_144332/modality_metadata_20260121_144333.json[39m
[INFO] 2026-01-21 14:43:33 - Running feature extraction: regional-frac for mc and hmc with minimum depth 10 (plots generated automatically)...
Logged in using stored credentials
[38;5;23m2026-01-21 14:43:37[39m  [1m[38;5;123mProvenance information:[39m
[38;5;23m2026-01-21 14:43:37[39m  cmd='/home/zalibhai/miniforge3/envs/modality/bin/modality -v get regional-frac --zarr-path /expanse/lustre/projects/csd940/zalibhai/biomodal/evoC-run/output/duet-1.5.0_evoC_Bap1_run_6bp/sample_outputs/zarr_store/CHG/evoC_Bap1_run.genome.GRCm38_primary_assembly.dedup.CHG.zarrz --sample-sheet /expanse/lustre/projects/csd940/zalibhai/biomodal/modality/metadata.tsv --bedfile /expanse/lustre/projects/csd940/zalibhai/biomodal/modality/mm10/gencode.vM25.mouse.cpg_shores.annotation.bed.gz --fields mc hmc --min-coverage 10 --order-by-group condition --output-dir /expanse/lustre/projects/csd940/zalibhai/biomodal/modality/outputs_CHG/Results/gencode.vM25.mouse.cpg_shores.annotation'
timestamp=2026-01-21T14:43:37.903626
version=1.0.0
user=zalibhai

[39m
[38;5;23m2026-01-21 14:43:37[39m  [1m[38;5;123mExtracting methylation features:[39m
[38;5;23m2026-01-21 14:43:37[39m  [38;5;248mZarr path(s)[39m: ['/expanse/lustre/projects/csd940/zalibhai/biomodal/evoC-run/output/duet-1.5.0_evoC_Bap1_run_6bp/sample_outputs/zarr_store/CHG/evoC_Bap1_run.genome.GRCm38_primary_assembly.dedup.CHG.zarrz'][39m
[38;5;23m2026-01-21 14:43:37[39m  [38;5;248mSample Sheet[39m: /expanse/lustre/projects/csd940/zalibhai/biomodal/modality/metadata.tsv[39m
[38;5;23m2026-01-21 14:43:37[39m  [38;5;248mBedfile[39m: /expanse/lustre/projects/csd940/zalibhai/biomodal/modality/mm10/gencode.vM25.mouse.cpg_shores.annotation.bed.gz[39m
[38;5;23m2026-01-21 14:43:37[39m  [38;5;248mFields[39m: ['num_mc', 'num_hmc'][39m
[38;5;23m2026-01-21 14:43:37[39m  [38;5;248mMin Coverage[39m: 10[39m
[38;5;23m2026-01-21 14:43:37[39m  [38;5;248mOrder By Group[39m: condition[39m
[38;5;23m2026-01-21 14:43:37[39m  [38;5;248mOutput Dir[39m: /expanse/lustre/projects/csd940/zalibhai/biomodal/modality/outputs_CHG/Results/gencode.vM25.mouse.cpg_shores.annotation[39m
[38;5;23m2026-01-21 14:43:37[39m  [38;5;248mNum Contexts[39m: 0[39m
[38;5;23m2026-01-21 14:43:37[39m  [38;5;248mDisable Strand Merging[39m: False[39m
[38;5;23m2026-01-21 14:43:37[39m  [38;5;248mWindow Size[39m: None[39m
[38;5;23m2026-01-21 14:43:37[39m  [38;5;248mTabix[39m: False[39m
[38;5;23m2026-01-21 14:43:37[39m  [38;5;248mRegion[39m: None[39m
[38;5;23m2026-01-21 14:43:37[39m  [38;5;248mAggregate By Group[39m: None[39m
[38;5;23m2026-01-21 14:43:37[39m  [38;5;248mCase Sensitive[39m: False[39m
[38;5;23m2026-01-21 14:43:37[39m  [38;5;248mHeatmap[39m: False[39m
[38;5;23m2026-01-21 14:43:37[39m | [38;5;23mINFO[39m | Sample sheet: /expanse/lustre/projects/csd940/zalibhai/biomodal/modality/metadata.tsv[39m
[38;5;23m2026-01-21 14:43:37[39m | [38;5;23mINFO[39m | Order samples by: condition, case-insensitive[39m
[38;5;23m2026-01-21 14:43:37[39m | [38;5;23mINFO[39m | Loading Zarr dataset...[39m
[38;5;23m2026-01-21 14:45:04[39m | [38;5;23mINFO[39m | Performing ['regional-frac'] on variables ['num_mc', 'num_hmc'] and min coverage 10.[39m
[38;5;23m2026-01-21 14:45:04[39m | [38;5;23mINFO[39m | ['num_mc', 'num_hmc', 'num_total_c'][39m
[38;5;23m2026-01-21 14:45:04[39m | [38;5;23mINFO[39m | Adding Ranges_ID column to validate merging.[39m
[38;5;23m2026-01-21 14:45:22[39m | [38;5;23mINFO[39m | Summarized over 33962 regions.[39m
[38;5;23m2026-01-21 14:45:22[39m | [38;5;23mINFO[39m | Applying post-processor <lambda> to DataFrame.[39m
[38;5;23m2026-01-21 14:45:22[39m | [38;5;23mINFO[39m | Dataframe has 36866 rows, processing large dataset[39m
[38;5;23m2026-01-21 14:45:23[39m | [38;5;23mINFO[39m | Concatenating files without compression.[39m
[38;5;23m2026-01-21 14:45:23[39m | [38;5;23mINFO[39m | Exported mc stats for regional-frac to <modality.infrastructure.file_name_service.ExtractDataFileName object at 0x1554e52dbf90>.[39m
[38;5;23m2026-01-21 14:45:23[39m | [38;5;23mINFO[39m | Applying post-processor <lambda> to DataFrame.[39m
[38;5;23m2026-01-21 14:45:23[39m | [38;5;23mINFO[39m | Dataframe has 36866 rows, processing large dataset[39m
[38;5;23m2026-01-21 14:45:23[39m | [38;5;23mINFO[39m | Concatenating files without compression.[39m
[38;5;23m2026-01-21 14:45:23[39m | [38;5;23mINFO[39m | Exported hmc stats for regional-frac to <modality.infrastructure.file_name_service.ExtractDataFileName object at 0x1554e4240490>.[39m
[38;5;23m2026-01-21 14:45:23[39m | [38;5;23mINFO[39m | Results written to file[39m
[38;5;23m2026-01-21 14:45:23[39m  33962 regions extracted.[39m
[38;5;23m2026-01-21 14:45:23[39m  [1m[38;5;154mData extracted successfully to /expanse/lustre/projects/csd940/zalibhai/biomodal/modality/outputs_CHG/Results/gencode.vM25.mouse.cpg_shores.annotation/Extract_20260121_144522[39m
[38;5;23m2026-01-21 14:45:23[39m  Generating plots: correlation, violin[39m
[38;5;23m2026-01-21 14:45:24[39m | [38;5;23mINFO[39m | Feature report saved to /expanse/lustre/projects/csd940/zalibhai/biomodal/modality/outputs_CHG/Results/gencode.vM25.mouse.cpg_shores.annotation/Extract_20260121_144522/hmc-mc_regional-frac_extract_report_20260121_144522.html[39m
[38;5;23m2026-01-21 14:45:24[39m | [38;5;23mINFO[39m | JSON report saved to /expanse/lustre/projects/csd940/zalibhai/biomodal/modality/outputs_CHG/Results/gencode.vM25.mouse.cpg_shores.annotation/Extract_20260121_144522/hmc-mc_regional-frac_extract_report_20260121_144522.json[39m
[38;5;23m2026-01-21 14:45:24[39m  [1m[38;5;154mFeature report with correlation, violin visualizations generated successfully at /expanse/lustre/projects/csd940/zalibhai/biomodal/modality/outputs_CHG/Results/gencode.vM25.mouse.cpg_shores.annotation/Extract_20260121_144522/hmc-mc_regional-frac_extract_report_20260121_144522.html.[39m
[38;5;23m2026-01-21 14:45:24[39m  Wrote provenance sidecar file to /expanse/lustre/projects/csd940/zalibhai/biomodal/modality/outputs_CHG/Results/gencode.vM25.mouse.cpg_shores.annotation/Extract_20260121_144522/modality_metadata_20260121_144524.json[39m
[INFO] 2026-01-21 14:45:25 - Feature extraction completed for gencode.vM25.mouse.cpg_shores.annotation
[INFO] 2026-01-21 14:45:25 - Processing region file: /expanse/lustre/projects/csd940/zalibhai/biomodal/modality/mm10/gencode.vM25.mouse.genes.annotation.bed.gz
[INFO] 2026-01-21 14:45:25 - Running feature extraction: count total_c...
Logged in using stored credentials
[38;5;23m2026-01-21 14:45:29[39m  [1m[38;5;123mProvenance information:[39m
[38;5;23m2026-01-21 14:45:29[39m  cmd='/home/zalibhai/miniforge3/envs/modality/bin/modality -v get count --zarr-path /expanse/lustre/projects/csd940/zalibhai/biomodal/evoC-run/output/duet-1.5.0_evoC_Bap1_run_6bp/sample_outputs/zarr_store/CHG/evoC_Bap1_run.genome.GRCm38_primary_assembly.dedup.CHG.zarrz --sample-sheet /expanse/lustre/projects/csd940/zalibhai/biomodal/modality/metadata.tsv --bedfile /expanse/lustre/projects/csd940/zalibhai/biomodal/modality/mm10/gencode.vM25.mouse.genes.annotation.bed.gz --fields total_c --output-dir /expanse/lustre/projects/csd940/zalibhai/biomodal/modality/outputs_CHG/Results/gencode.vM25.mouse.genes.annotation'
timestamp=2026-01-21T14:45:29.467451
version=1.0.0
user=zalibhai

[39m
[38;5;23m2026-01-21 14:45:29[39m  [1m[38;5;123mExtracting methylation features:[39m
[38;5;23m2026-01-21 14:45:29[39m  [38;5;248mZarr path(s)[39m: ['/expanse/lustre/projects/csd940/zalibhai/biomodal/evoC-run/output/duet-1.5.0_evoC_Bap1_run_6bp/sample_outputs/zarr_store/CHG/evoC_Bap1_run.genome.GRCm38_primary_assembly.dedup.CHG.zarrz'][39m
[38;5;23m2026-01-21 14:45:29[39m  [38;5;248mSample Sheet[39m: /expanse/lustre/projects/csd940/zalibhai/biomodal/modality/metadata.tsv[39m
[38;5;23m2026-01-21 14:45:29[39m  [38;5;248mBedfile[39m: /expanse/lustre/projects/csd940/zalibhai/biomodal/modality/mm10/gencode.vM25.mouse.genes.annotation.bed.gz[39m
[38;5;23m2026-01-21 14:45:29[39m  [38;5;248mFields[39m: ['num_total_c'][39m
[38;5;23m2026-01-21 14:45:29[39m  [38;5;248mOutput Dir[39m: /expanse/lustre/projects/csd940/zalibhai/biomodal/modality/outputs_CHG/Results/gencode.vM25.mouse.genes.annotation[39m
[38;5;23m2026-01-21 14:45:29[39m  [38;5;248mMin Coverage[39m: 0[39m
[38;5;23m2026-01-21 14:45:29[39m  [38;5;248mNum Contexts[39m: 0[39m
[38;5;23m2026-01-21 14:45:29[39m  [38;5;248mDisable Strand Merging[39m: False[39m
[38;5;23m2026-01-21 14:45:29[39m  [38;5;248mWindow Size[39m: None[39m
[38;5;23m2026-01-21 14:45:29[39m  [38;5;248mTabix[39m: False[39m
[38;5;23m2026-01-21 14:45:29[39m  [38;5;248mRegion[39m: None[39m
[38;5;23m2026-01-21 14:45:29[39m | [38;5;23mINFO[39m | Loading Zarr dataset...[39m
[38;5;23m2026-01-21 14:45:52[39m | [38;5;23mINFO[39m | Performing ['count'] on variables ['num_total_c'] and min coverage 0.[39m
[38;5;23m2026-01-21 14:45:52[39m | [38;5;23mINFO[39m | ['num_total_c'][39m
[38;5;23m2026-01-21 14:45:52[39m | [38;5;23mINFO[39m | Adding Ranges_ID column to validate merging.[39m
[38;5;23m2026-01-21 14:46:04[39m | [38;5;23mINFO[39m | Summarized over 21673 regions.[39m
[38;5;23m2026-01-21 14:46:04[39m | [38;5;23mINFO[39m | Applying post-processor <lambda> to DataFrame.[39m
[38;5;23m2026-01-21 14:46:04[39m | [38;5;23mINFO[39m | Dataframe has 21673 rows, processing large dataset[39m
[38;5;23m2026-01-21 14:46:04[39m | [38;5;23mINFO[39m | Concatenating files without compression.[39m
[38;5;23m2026-01-21 14:46:04[39m | [38;5;23mINFO[39m | Exported total_c stats for count to <modality.infrastructure.file_name_service.ExtractDataFileName object at 0x1554e3d9ad50>.[39m
[38;5;23m2026-01-21 14:46:04[39m | [38;5;23mINFO[39m | Results written to file[39m
[38;5;23m2026-01-21 14:46:04[39m  21673 regions extracted.[39m
[38;5;23m2026-01-21 14:46:04[39m  [1m[38;5;154mData extracted successfully to /expanse/lustre/projects/csd940/zalibhai/biomodal/modality/outputs_CHG/Results/gencode.vM25.mouse.genes.annotation/Extract_20260121_144604[39m
[38;5;23m2026-01-21 14:46:04[39m | [38;5;23mINFO[39m | No plots generated. Sample sheet / group provided but no plots requested.[39m
[38;5;23m2026-01-21 14:46:05[39m  Wrote provenance sidecar file to /expanse/lustre/projects/csd940/zalibhai/biomodal/modality/outputs_CHG/Results/gencode.vM25.mouse.genes.annotation/Extract_20260121_144604/modality_metadata_20260121_144604.json[39m
[INFO] 2026-01-21 14:46:05 - Running feature extraction: mean total_c (plots generated automatically)...
Logged in using stored credentials
[38;5;23m2026-01-21 14:46:08[39m  [1m[38;5;123mProvenance information:[39m
[38;5;23m2026-01-21 14:46:08[39m  cmd='/home/zalibhai/miniforge3/envs/modality/bin/modality -v get mean --zarr-path /expanse/lustre/projects/csd940/zalibhai/biomodal/evoC-run/output/duet-1.5.0_evoC_Bap1_run_6bp/sample_outputs/zarr_store/CHG/evoC_Bap1_run.genome.GRCm38_primary_assembly.dedup.CHG.zarrz --sample-sheet /expanse/lustre/projects/csd940/zalibhai/biomodal/modality/metadata.tsv --bedfile /expanse/lustre/projects/csd940/zalibhai/biomodal/modality/mm10/gencode.vM25.mouse.genes.annotation.bed.gz --fields total_c --order-by-group condition --output-dir /expanse/lustre/projects/csd940/zalibhai/biomodal/modality/outputs_CHG/Results/gencode.vM25.mouse.genes.annotation'
timestamp=2026-01-21T14:46:08.537962
version=1.0.0
user=zalibhai

[39m
[38;5;23m2026-01-21 14:46:08[39m  [1m[38;5;123mExtracting methylation features:[39m
[38;5;23m2026-01-21 14:46:08[39m  [38;5;248mZarr path(s)[39m: ['/expanse/lustre/projects/csd940/zalibhai/biomodal/evoC-run/output/duet-1.5.0_evoC_Bap1_run_6bp/sample_outputs/zarr_store/CHG/evoC_Bap1_run.genome.GRCm38_primary_assembly.dedup.CHG.zarrz'][39m
[38;5;23m2026-01-21 14:46:08[39m  [38;5;248mSample Sheet[39m: /expanse/lustre/projects/csd940/zalibhai/biomodal/modality/metadata.tsv[39m
[38;5;23m2026-01-21 14:46:08[39m  [38;5;248mBedfile[39m: /expanse/lustre/projects/csd940/zalibhai/biomodal/modality/mm10/gencode.vM25.mouse.genes.annotation.bed.gz[39m
[38;5;23m2026-01-21 14:46:08[39m  [38;5;248mFields[39m: ['num_total_c'][39m
[38;5;23m2026-01-21 14:46:08[39m  [38;5;248mOrder By Group[39m: condition[39m
[38;5;23m2026-01-21 14:46:08[39m  [38;5;248mOutput Dir[39m: /expanse/lustre/projects/csd940/zalibhai/biomodal/modality/outputs_CHG/Results/gencode.vM25.mouse.genes.annotation[39m
[38;5;23m2026-01-21 14:46:08[39m  [38;5;248mMin Coverage[39m: 0[39m
[38;5;23m2026-01-21 14:46:08[39m  [38;5;248mNum Contexts[39m: 0[39m
[38;5;23m2026-01-21 14:46:08[39m  [38;5;248mDisable Strand Merging[39m: False[39m
[38;5;23m2026-01-21 14:46:08[39m  [38;5;248mWindow Size[39m: None[39m
[38;5;23m2026-01-21 14:46:08[39m  [38;5;248mTabix[39m: False[39m
[38;5;23m2026-01-21 14:46:08[39m  [38;5;248mRegion[39m: None[39m
[38;5;23m2026-01-21 14:46:08[39m  [38;5;248mAggregate By Group[39m: None[39m
[38;5;23m2026-01-21 14:46:08[39m  [38;5;248mCase Sensitive[39m: False[39m
[38;5;23m2026-01-21 14:46:08[39m  [38;5;248mHeatmap[39m: False[39m
[38;5;23m2026-01-21 14:46:08[39m | [38;5;23mINFO[39m | Sample sheet: /expanse/lustre/projects/csd940/zalibhai/biomodal/modality/metadata.tsv[39m
[38;5;23m2026-01-21 14:46:08[39m | [38;5;23mINFO[39m | Order samples by: condition, case-insensitive[39m
[38;5;23m2026-01-21 14:46:08[39m | [38;5;23mINFO[39m | Loading Zarr dataset...[39m
[38;5;23m2026-01-21 14:46:31[39m | [38;5;23mINFO[39m | Performing ['mean'] on variables ['num_total_c'] and min coverage 0.[39m
[38;5;23m2026-01-21 14:46:31[39m | [38;5;23mINFO[39m | ['num_total_c'][39m
[38;5;23m2026-01-21 14:46:31[39m | [38;5;23mINFO[39m | Adding Ranges_ID column to validate merging.[39m
[38;5;23m2026-01-21 14:46:43[39m | [38;5;23mINFO[39m | Summarized over 21673 regions.[39m
[38;5;23m2026-01-21 14:46:43[39m | [38;5;23mINFO[39m | Applying post-processor <lambda> to DataFrame.[39m
[38;5;23m2026-01-21 14:46:43[39m | [38;5;23mINFO[39m | Dataframe has 21673 rows, processing large dataset[39m
[38;5;23m2026-01-21 14:46:44[39m | [38;5;23mINFO[39m | Concatenating files without compression.[39m
[38;5;23m2026-01-21 14:46:44[39m | [38;5;23mINFO[39m | Exported total_c stats for mean to <modality.infrastructure.file_name_service.ExtractDataFileName object at 0x1554e206b850>.[39m
[38;5;23m2026-01-21 14:46:44[39m | [38;5;23mINFO[39m | Results written to file[39m
[38;5;23m2026-01-21 14:46:44[39m  21673 regions extracted.[39m
[38;5;23m2026-01-21 14:46:44[39m  [1m[38;5;154mData extracted successfully to /expanse/lustre/projects/csd940/zalibhai/biomodal/modality/outputs_CHG/Results/gencode.vM25.mouse.genes.annotation/Extract_20260121_144643[39m
[38;5;23m2026-01-21 14:46:44[39m  Generating plots: correlation, violin[39m
[38;5;23m2026-01-21 14:46:44[39m | [38;5;23mINFO[39m | Feature report saved to /expanse/lustre/projects/csd940/zalibhai/biomodal/modality/outputs_CHG/Results/gencode.vM25.mouse.genes.annotation/Extract_20260121_144643/total_c_mean_extract_report_20260121_144643.html[39m
[38;5;23m2026-01-21 14:46:44[39m | [38;5;23mINFO[39m | JSON report saved to /expanse/lustre/projects/csd940/zalibhai/biomodal/modality/outputs_CHG/Results/gencode.vM25.mouse.genes.annotation/Extract_20260121_144643/total_c_mean_extract_report_20260121_144643.json[39m
[38;5;23m2026-01-21 14:46:44[39m  [1m[38;5;154mFeature report with correlation, violin visualizations generated successfully at /expanse/lustre/projects/csd940/zalibhai/biomodal/modality/outputs_CHG/Results/gencode.vM25.mouse.genes.annotation/Extract_20260121_144643/total_c_mean_extract_report_20260121_144643.html.[39m
[38;5;23m2026-01-21 14:46:44[39m  Wrote provenance sidecar file to /expanse/lustre/projects/csd940/zalibhai/biomodal/modality/outputs_CHG/Results/gencode.vM25.mouse.genes.annotation/Extract_20260121_144643/modality_metadata_20260121_144644.json[39m
[INFO] 2026-01-21 14:46:45 - Running feature extraction: regional-frac for mc and hmc with minimum depth 10 (plots generated automatically)...
Logged in using stored credentials
[38;5;23m2026-01-21 14:46:50[39m  [1m[38;5;123mProvenance information:[39m
[38;5;23m2026-01-21 14:46:50[39m  cmd='/home/zalibhai/miniforge3/envs/modality/bin/modality -v get regional-frac --zarr-path /expanse/lustre/projects/csd940/zalibhai/biomodal/evoC-run/output/duet-1.5.0_evoC_Bap1_run_6bp/sample_outputs/zarr_store/CHG/evoC_Bap1_run.genome.GRCm38_primary_assembly.dedup.CHG.zarrz --sample-sheet /expanse/lustre/projects/csd940/zalibhai/biomodal/modality/metadata.tsv --bedfile /expanse/lustre/projects/csd940/zalibhai/biomodal/modality/mm10/gencode.vM25.mouse.genes.annotation.bed.gz --fields mc hmc --min-coverage 10 --order-by-group condition --output-dir /expanse/lustre/projects/csd940/zalibhai/biomodal/modality/outputs_CHG/Results/gencode.vM25.mouse.genes.annotation'
timestamp=2026-01-21T14:46:50.012377
version=1.0.0
user=zalibhai

[39m
[38;5;23m2026-01-21 14:46:50[39m  [1m[38;5;123mExtracting methylation features:[39m
[38;5;23m2026-01-21 14:46:50[39m  [38;5;248mZarr path(s)[39m: ['/expanse/lustre/projects/csd940/zalibhai/biomodal/evoC-run/output/duet-1.5.0_evoC_Bap1_run_6bp/sample_outputs/zarr_store/CHG/evoC_Bap1_run.genome.GRCm38_primary_assembly.dedup.CHG.zarrz'][39m
[38;5;23m2026-01-21 14:46:50[39m  [38;5;248mSample Sheet[39m: /expanse/lustre/projects/csd940/zalibhai/biomodal/modality/metadata.tsv[39m
[38;5;23m2026-01-21 14:46:50[39m  [38;5;248mBedfile[39m: /expanse/lustre/projects/csd940/zalibhai/biomodal/modality/mm10/gencode.vM25.mouse.genes.annotation.bed.gz[39m
[38;5;23m2026-01-21 14:46:50[39m  [38;5;248mFields[39m: ['num_mc', 'num_hmc'][39m
[38;5;23m2026-01-21 14:46:50[39m  [38;5;248mMin Coverage[39m: 10[39m
[38;5;23m2026-01-21 14:46:50[39m  [38;5;248mOrder By Group[39m: condition[39m
[38;5;23m2026-01-21 14:46:50[39m  [38;5;248mOutput Dir[39m: /expanse/lustre/projects/csd940/zalibhai/biomodal/modality/outputs_CHG/Results/gencode.vM25.mouse.genes.annotation[39m
[38;5;23m2026-01-21 14:46:50[39m  [38;5;248mNum Contexts[39m: 0[39m
[38;5;23m2026-01-21 14:46:50[39m  [38;5;248mDisable Strand Merging[39m: False[39m
[38;5;23m2026-01-21 14:46:50[39m  [38;5;248mWindow Size[39m: None[39m
[38;5;23m2026-01-21 14:46:50[39m  [38;5;248mTabix[39m: False[39m
[38;5;23m2026-01-21 14:46:50[39m  [38;5;248mRegion[39m: None[39m
[38;5;23m2026-01-21 14:46:50[39m  [38;5;248mAggregate By Group[39m: None[39m
[38;5;23m2026-01-21 14:46:50[39m  [38;5;248mCase Sensitive[39m: False[39m
[38;5;23m2026-01-21 14:46:50[39m  [38;5;248mHeatmap[39m: False[39m
[38;5;23m2026-01-21 14:46:50[39m | [38;5;23mINFO[39m | Sample sheet: /expanse/lustre/projects/csd940/zalibhai/biomodal/modality/metadata.tsv[39m
[38;5;23m2026-01-21 14:46:50[39m | [38;5;23mINFO[39m | Order samples by: condition, case-insensitive[39m
[38;5;23m2026-01-21 14:46:50[39m | [38;5;23mINFO[39m | Loading Zarr dataset...[39m
[38;5;23m2026-01-21 14:48:00[39m | [38;5;23mINFO[39m | Performing ['regional-frac'] on variables ['num_mc', 'num_hmc'] and min coverage 10.[39m
[38;5;23m2026-01-21 14:48:00[39m | [38;5;23mINFO[39m | ['num_mc', 'num_hmc', 'num_total_c'][39m
[38;5;23m2026-01-21 14:48:00[39m | [38;5;23mINFO[39m | Adding Ranges_ID column to validate merging.[39m
[38;5;23m2026-01-21 14:48:16[39m | [38;5;23mINFO[39m | Summarized over 21673 regions.[39m
[38;5;23m2026-01-21 14:48:16[39m | [38;5;23mINFO[39m | Applying post-processor <lambda> to DataFrame.[39m
[38;5;23m2026-01-21 14:48:16[39m | [38;5;23mINFO[39m | Dataframe has 21673 rows, processing large dataset[39m
[38;5;23m2026-01-21 14:48:16[39m | [38;5;23mINFO[39m | Concatenating files without compression.[39m
[38;5;23m2026-01-21 14:48:17[39m | [38;5;23mINFO[39m | Exported mc stats for regional-frac to <modality.infrastructure.file_name_service.ExtractDataFileName object at 0x1554e2967d90>.[39m
[38;5;23m2026-01-21 14:48:17[39m | [38;5;23mINFO[39m | Applying post-processor <lambda> to DataFrame.[39m
[38;5;23m2026-01-21 14:48:17[39m | [38;5;23mINFO[39m | Dataframe has 21673 rows, processing large dataset[39m
[38;5;23m2026-01-21 14:48:17[39m | [38;5;23mINFO[39m | Concatenating files without compression.[39m
[38;5;23m2026-01-21 14:48:17[39m | [38;5;23mINFO[39m | Exported hmc stats for regional-frac to <modality.infrastructure.file_name_service.ExtractDataFileName object at 0x1554e4675590>.[39m
[38;5;23m2026-01-21 14:48:17[39m | [38;5;23mINFO[39m | Results written to file[39m
[38;5;23m2026-01-21 14:48:17[39m  21673 regions extracted.[39m
[38;5;23m2026-01-21 14:48:17[39m  [1m[38;5;154mData extracted successfully to /expanse/lustre/projects/csd940/zalibhai/biomodal/modality/outputs_CHG/Results/gencode.vM25.mouse.genes.annotation/Extract_20260121_144816[39m
[38;5;23m2026-01-21 14:48:17[39m  Generating plots: violin, correlation[39m
[38;5;23m2026-01-21 14:48:17[39m | [38;5;23mINFO[39m | Feature report saved to /expanse/lustre/projects/csd940/zalibhai/biomodal/modality/outputs_CHG/Results/gencode.vM25.mouse.genes.annotation/Extract_20260121_144816/hmc-mc_regional-frac_extract_report_20260121_144816.html[39m
[38;5;23m2026-01-21 14:48:18[39m | [38;5;23mINFO[39m | JSON report saved to /expanse/lustre/projects/csd940/zalibhai/biomodal/modality/outputs_CHG/Results/gencode.vM25.mouse.genes.annotation/Extract_20260121_144816/hmc-mc_regional-frac_extract_report_20260121_144816.json[39m
[38;5;23m2026-01-21 14:48:18[39m  [1m[38;5;154mFeature report with violin, correlation visualizations generated successfully at /expanse/lustre/projects/csd940/zalibhai/biomodal/modality/outputs_CHG/Results/gencode.vM25.mouse.genes.annotation/Extract_20260121_144816/hmc-mc_regional-frac_extract_report_20260121_144816.html.[39m
[38;5;23m2026-01-21 14:48:18[39m  Wrote provenance sidecar file to /expanse/lustre/projects/csd940/zalibhai/biomodal/modality/outputs_CHG/Results/gencode.vM25.mouse.genes.annotation/Extract_20260121_144816/modality_metadata_20260121_144818.json[39m
[INFO] 2026-01-21 14:48:18 - Feature extraction completed for gencode.vM25.mouse.genes.annotation
[INFO] 2026-01-21 14:48:18 - Processing region file: /expanse/lustre/projects/csd940/zalibhai/biomodal/modality/mm10/gencode.vM25.mouse.promoters.annotation.bed.gz
[INFO] 2026-01-21 14:48:18 - Running feature extraction: count total_c...
Logged in using stored credentials
[38;5;23m2026-01-21 14:48:22[39m  [1m[38;5;123mProvenance information:[39m
[38;5;23m2026-01-21 14:48:22[39m  cmd='/home/zalibhai/miniforge3/envs/modality/bin/modality -v get count --zarr-path /expanse/lustre/projects/csd940/zalibhai/biomodal/evoC-run/output/duet-1.5.0_evoC_Bap1_run_6bp/sample_outputs/zarr_store/CHG/evoC_Bap1_run.genome.GRCm38_primary_assembly.dedup.CHG.zarrz --sample-sheet /expanse/lustre/projects/csd940/zalibhai/biomodal/modality/metadata.tsv --bedfile /expanse/lustre/projects/csd940/zalibhai/biomodal/modality/mm10/gencode.vM25.mouse.promoters.annotation.bed.gz --fields total_c --output-dir /expanse/lustre/projects/csd940/zalibhai/biomodal/modality/outputs_CHG/Results/gencode.vM25.mouse.promoters.annotation'
timestamp=2026-01-21T14:48:22.431639
version=1.0.0
user=zalibhai

[39m
[38;5;23m2026-01-21 14:48:22[39m  [1m[38;5;123mExtracting methylation features:[39m
[38;5;23m2026-01-21 14:48:22[39m  [38;5;248mZarr path(s)[39m: ['/expanse/lustre/projects/csd940/zalibhai/biomodal/evoC-run/output/duet-1.5.0_evoC_Bap1_run_6bp/sample_outputs/zarr_store/CHG/evoC_Bap1_run.genome.GRCm38_primary_assembly.dedup.CHG.zarrz'][39m
[38;5;23m2026-01-21 14:48:22[39m  [38;5;248mSample Sheet[39m: /expanse/lustre/projects/csd940/zalibhai/biomodal/modality/metadata.tsv[39m
[38;5;23m2026-01-21 14:48:22[39m  [38;5;248mBedfile[39m: /expanse/lustre/projects/csd940/zalibhai/biomodal/modality/mm10/gencode.vM25.mouse.promoters.annotation.bed.gz[39m
[38;5;23m2026-01-21 14:48:22[39m  [38;5;248mFields[39m: ['num_total_c'][39m
[38;5;23m2026-01-21 14:48:22[39m  [38;5;248mOutput Dir[39m: /expanse/lustre/projects/csd940/zalibhai/biomodal/modality/outputs_CHG/Results/gencode.vM25.mouse.promoters.annotation[39m
[38;5;23m2026-01-21 14:48:22[39m  [38;5;248mMin Coverage[39m: 0[39m
[38;5;23m2026-01-21 14:48:22[39m  [38;5;248mNum Contexts[39m: 0[39m
[38;5;23m2026-01-21 14:48:22[39m  [38;5;248mDisable Strand Merging[39m: False[39m
[38;5;23m2026-01-21 14:48:22[39m  [38;5;248mWindow Size[39m: None[39m
[38;5;23m2026-01-21 14:48:22[39m  [38;5;248mTabix[39m: False[39m
[38;5;23m2026-01-21 14:48:22[39m  [38;5;248mRegion[39m: None[39m
[38;5;23m2026-01-21 14:48:22[39m | [38;5;23mINFO[39m | Loading Zarr dataset...[39m
[38;5;23m2026-01-21 14:48:45[39m | [38;5;23mINFO[39m | Performing ['count'] on variables ['num_total_c'] and min coverage 0.[39m
[38;5;23m2026-01-21 14:48:45[39m | [38;5;23mINFO[39m | ['num_total_c'][39m
[38;5;23m2026-01-21 14:48:45[39m | [38;5;23mINFO[39m | Adding Ranges_ID column to validate merging.[39m
[38;5;23m2026-01-21 14:48:57[39m | [38;5;23mINFO[39m | Summarized over 21673 regions.[39m
[38;5;23m2026-01-21 14:48:57[39m | [38;5;23mINFO[39m | Applying post-processor <lambda> to DataFrame.[39m
[38;5;23m2026-01-21 14:48:57[39m | [38;5;23mINFO[39m | Dataframe has 21703 rows, processing large dataset[39m
[38;5;23m2026-01-21 14:48:57[39m | [38;5;23mINFO[39m | Concatenating files without compression.[39m
[38;5;23m2026-01-21 14:48:57[39m | [38;5;23mINFO[39m | Exported total_c stats for count to <modality.infrastructure.file_name_service.ExtractDataFileName object at 0x1554e619c150>.[39m
[38;5;23m2026-01-21 14:48:57[39m | [38;5;23mINFO[39m | Results written to file[39m
[38;5;23m2026-01-21 14:48:57[39m  21673 regions extracted.[39m
[38;5;23m2026-01-21 14:48:57[39m  [1m[38;5;154mData extracted successfully to /expanse/lustre/projects/csd940/zalibhai/biomodal/modality/outputs_CHG/Results/gencode.vM25.mouse.promoters.annotation/Extract_20260121_144857[39m
[38;5;23m2026-01-21 14:48:57[39m | [38;5;23mINFO[39m | No plots generated. Sample sheet / group provided but no plots requested.[39m
[38;5;23m2026-01-21 14:48:57[39m  Wrote provenance sidecar file to /expanse/lustre/projects/csd940/zalibhai/biomodal/modality/outputs_CHG/Results/gencode.vM25.mouse.promoters.annotation/Extract_20260121_144857/modality_metadata_20260121_144857.json[39m
[INFO] 2026-01-21 14:48:58 - Running feature extraction: mean total_c (plots generated automatically)...
Logged in using stored credentials
[38;5;23m2026-01-21 14:49:01[39m  [1m[38;5;123mProvenance information:[39m
[38;5;23m2026-01-21 14:49:01[39m  cmd='/home/zalibhai/miniforge3/envs/modality/bin/modality -v get mean --zarr-path /expanse/lustre/projects/csd940/zalibhai/biomodal/evoC-run/output/duet-1.5.0_evoC_Bap1_run_6bp/sample_outputs/zarr_store/CHG/evoC_Bap1_run.genome.GRCm38_primary_assembly.dedup.CHG.zarrz --sample-sheet /expanse/lustre/projects/csd940/zalibhai/biomodal/modality/metadata.tsv --bedfile /expanse/lustre/projects/csd940/zalibhai/biomodal/modality/mm10/gencode.vM25.mouse.promoters.annotation.bed.gz --fields total_c --order-by-group condition --output-dir /expanse/lustre/projects/csd940/zalibhai/biomodal/modality/outputs_CHG/Results/gencode.vM25.mouse.promoters.annotation'
timestamp=2026-01-21T14:49:01.431524
version=1.0.0
user=zalibhai

[39m
[38;5;23m2026-01-21 14:49:01[39m  [1m[38;5;123mExtracting methylation features:[39m
[38;5;23m2026-01-21 14:49:01[39m  [38;5;248mZarr path(s)[39m: ['/expanse/lustre/projects/csd940/zalibhai/biomodal/evoC-run/output/duet-1.5.0_evoC_Bap1_run_6bp/sample_outputs/zarr_store/CHG/evoC_Bap1_run.genome.GRCm38_primary_assembly.dedup.CHG.zarrz'][39m
[38;5;23m2026-01-21 14:49:01[39m  [38;5;248mSample Sheet[39m: /expanse/lustre/projects/csd940/zalibhai/biomodal/modality/metadata.tsv[39m
[38;5;23m2026-01-21 14:49:01[39m  [38;5;248mBedfile[39m: /expanse/lustre/projects/csd940/zalibhai/biomodal/modality/mm10/gencode.vM25.mouse.promoters.annotation.bed.gz[39m
[38;5;23m2026-01-21 14:49:01[39m  [38;5;248mFields[39m: ['num_total_c'][39m
[38;5;23m2026-01-21 14:49:01[39m  [38;5;248mOrder By Group[39m: condition[39m
[38;5;23m2026-01-21 14:49:01[39m  [38;5;248mOutput Dir[39m: /expanse/lustre/projects/csd940/zalibhai/biomodal/modality/outputs_CHG/Results/gencode.vM25.mouse.promoters.annotation[39m
[38;5;23m2026-01-21 14:49:01[39m  [38;5;248mMin Coverage[39m: 0[39m
[38;5;23m2026-01-21 14:49:01[39m  [38;5;248mNum Contexts[39m: 0[39m
[38;5;23m2026-01-21 14:49:01[39m  [38;5;248mDisable Strand Merging[39m: False[39m
[38;5;23m2026-01-21 14:49:01[39m  [38;5;248mWindow Size[39m: None[39m
[38;5;23m2026-01-21 14:49:01[39m  [38;5;248mTabix[39m: False[39m
[38;5;23m2026-01-21 14:49:01[39m  [38;5;248mRegion[39m: None[39m
[38;5;23m2026-01-21 14:49:01[39m  [38;5;248mAggregate By Group[39m: None[39m
[38;5;23m2026-01-21 14:49:01[39m  [38;5;248mCase Sensitive[39m: False[39m
[38;5;23m2026-01-21 14:49:01[39m  [38;5;248mHeatmap[39m: False[39m
[38;5;23m2026-01-21 14:49:01[39m | [38;5;23mINFO[39m | Sample sheet: /expanse/lustre/projects/csd940/zalibhai/biomodal/modality/metadata.tsv[39m
[38;5;23m2026-01-21 14:49:01[39m | [38;5;23mINFO[39m | Order samples by: condition, case-insensitive[39m
[38;5;23m2026-01-21 14:49:01[39m | [38;5;23mINFO[39m | Loading Zarr dataset...[39m
[38;5;23m2026-01-21 14:49:23[39m | [38;5;23mINFO[39m | Performing ['mean'] on variables ['num_total_c'] and min coverage 0.[39m
[38;5;23m2026-01-21 14:49:23[39m | [38;5;23mINFO[39m | ['num_total_c'][39m
[38;5;23m2026-01-21 14:49:23[39m | [38;5;23mINFO[39m | Adding Ranges_ID column to validate merging.[39m
[38;5;23m2026-01-21 14:49:34[39m | [38;5;23mINFO[39m | Summarized over 21673 regions.[39m
[38;5;23m2026-01-21 14:49:34[39m | [38;5;23mINFO[39m | Applying post-processor <lambda> to DataFrame.[39m
[38;5;23m2026-01-21 14:49:34[39m | [38;5;23mINFO[39m | Dataframe has 21703 rows, processing large dataset[39m
[38;5;23m2026-01-21 14:49:35[39m | [38;5;23mINFO[39m | Concatenating files without compression.[39m
[38;5;23m2026-01-21 14:49:35[39m | [38;5;23mINFO[39m | Exported total_c stats for mean to <modality.infrastructure.file_name_service.ExtractDataFileName object at 0x1554e3584610>.[39m
[38;5;23m2026-01-21 14:49:35[39m | [38;5;23mINFO[39m | Results written to file[39m
[38;5;23m2026-01-21 14:49:35[39m  21673 regions extracted.[39m
[38;5;23m2026-01-21 14:49:35[39m  [1m[38;5;154mData extracted successfully to /expanse/lustre/projects/csd940/zalibhai/biomodal/modality/outputs_CHG/Results/gencode.vM25.mouse.promoters.annotation/Extract_20260121_144934[39m
[38;5;23m2026-01-21 14:49:35[39m  Generating plots: violin, correlation[39m
[38;5;23m2026-01-21 14:49:35[39m | [38;5;23mINFO[39m | Feature report saved to /expanse/lustre/projects/csd940/zalibhai/biomodal/modality/outputs_CHG/Results/gencode.vM25.mouse.promoters.annotation/Extract_20260121_144934/total_c_mean_extract_report_20260121_144934.html[39m
[38;5;23m2026-01-21 14:49:35[39m | [38;5;23mINFO[39m | JSON report saved to /expanse/lustre/projects/csd940/zalibhai/biomodal/modality/outputs_CHG/Results/gencode.vM25.mouse.promoters.annotation/Extract_20260121_144934/total_c_mean_extract_report_20260121_144934.json[39m
[38;5;23m2026-01-21 14:49:35[39m  [1m[38;5;154mFeature report with violin, correlation visualizations generated successfully at /expanse/lustre/projects/csd940/zalibhai/biomodal/modality/outputs_CHG/Results/gencode.vM25.mouse.promoters.annotation/Extract_20260121_144934/total_c_mean_extract_report_20260121_144934.html.[39m
[38;5;23m2026-01-21 14:49:35[39m  Wrote provenance sidecar file to /expanse/lustre/projects/csd940/zalibhai/biomodal/modality/outputs_CHG/Results/gencode.vM25.mouse.promoters.annotation/Extract_20260121_144934/modality_metadata_20260121_144935.json[39m
[INFO] 2026-01-21 14:49:36 - Running feature extraction: regional-frac for mc and hmc with minimum depth 10 (plots generated automatically)...
Logged in using stored credentials
[38;5;23m2026-01-21 14:49:39[39m  [1m[38;5;123mProvenance information:[39m
[38;5;23m2026-01-21 14:49:39[39m  cmd='/home/zalibhai/miniforge3/envs/modality/bin/modality -v get regional-frac --zarr-path /expanse/lustre/projects/csd940/zalibhai/biomodal/evoC-run/output/duet-1.5.0_evoC_Bap1_run_6bp/sample_outputs/zarr_store/CHG/evoC_Bap1_run.genome.GRCm38_primary_assembly.dedup.CHG.zarrz --sample-sheet /expanse/lustre/projects/csd940/zalibhai/biomodal/modality/metadata.tsv --bedfile /expanse/lustre/projects/csd940/zalibhai/biomodal/modality/mm10/gencode.vM25.mouse.promoters.annotation.bed.gz --fields mc hmc --min-coverage 10 --order-by-group condition --output-dir /expanse/lustre/projects/csd940/zalibhai/biomodal/modality/outputs_CHG/Results/gencode.vM25.mouse.promoters.annotation'
timestamp=2026-01-21T14:49:39.900228
version=1.0.0
user=zalibhai

[39m
[38;5;23m2026-01-21 14:49:39[39m  [1m[38;5;123mExtracting methylation features:[39m
[38;5;23m2026-01-21 14:49:39[39m  [38;5;248mZarr path(s)[39m: ['/expanse/lustre/projects/csd940/zalibhai/biomodal/evoC-run/output/duet-1.5.0_evoC_Bap1_run_6bp/sample_outputs/zarr_store/CHG/evoC_Bap1_run.genome.GRCm38_primary_assembly.dedup.CHG.zarrz'][39m
[38;5;23m2026-01-21 14:49:39[39m  [38;5;248mSample Sheet[39m: /expanse/lustre/projects/csd940/zalibhai/biomodal/modality/metadata.tsv[39m
[38;5;23m2026-01-21 14:49:39[39m  [38;5;248mBedfile[39m: /expanse/lustre/projects/csd940/zalibhai/biomodal/modality/mm10/gencode.vM25.mouse.promoters.annotation.bed.gz[39m
[38;5;23m2026-01-21 14:49:39[39m  [38;5;248mFields[39m: ['num_mc', 'num_hmc'][39m
[38;5;23m2026-01-21 14:49:39[39m  [38;5;248mMin Coverage[39m: 10[39m
[38;5;23m2026-01-21 14:49:39[39m  [38;5;248mOrder By Group[39m: condition[39m
[38;5;23m2026-01-21 14:49:39[39m  [38;5;248mOutput Dir[39m: /expanse/lustre/projects/csd940/zalibhai/biomodal/modality/outputs_CHG/Results/gencode.vM25.mouse.promoters.annotation[39m
[38;5;23m2026-01-21 14:49:39[39m  [38;5;248mNum Contexts[39m: 0[39m
[38;5;23m2026-01-21 14:49:39[39m  [38;5;248mDisable Strand Merging[39m: False[39m
[38;5;23m2026-01-21 14:49:39[39m  [38;5;248mWindow Size[39m: None[39m
[38;5;23m2026-01-21 14:49:39[39m  [38;5;248mTabix[39m: False[39m
[38;5;23m2026-01-21 14:49:39[39m  [38;5;248mRegion[39m: None[39m
[38;5;23m2026-01-21 14:49:39[39m  [38;5;248mAggregate By Group[39m: None[39m
[38;5;23m2026-01-21 14:49:39[39m  [38;5;248mCase Sensitive[39m: False[39m
[38;5;23m2026-01-21 14:49:39[39m  [38;5;248mHeatmap[39m: False[39m
[38;5;23m2026-01-21 14:49:39[39m | [38;5;23mINFO[39m | Sample sheet: /expanse/lustre/projects/csd940/zalibhai/biomodal/modality/metadata.tsv[39m
[38;5;23m2026-01-21 14:49:39[39m | [38;5;23mINFO[39m | Order samples by: condition, case-insensitive[39m
[38;5;23m2026-01-21 14:49:39[39m | [38;5;23mINFO[39m | Loading Zarr dataset...[39m
[38;5;23m2026-01-21 14:50:42[39m | [38;5;23mINFO[39m | Performing ['regional-frac'] on variables ['num_mc', 'num_hmc'] and min coverage 10.[39m
[38;5;23m2026-01-21 14:50:42[39m | [38;5;23mINFO[39m | ['num_mc', 'num_hmc', 'num_total_c'][39m
[38;5;23m2026-01-21 14:50:42[39m | [38;5;23mINFO[39m | Adding Ranges_ID column to validate merging.[39m
[38;5;23m2026-01-21 14:50:59[39m | [38;5;23mINFO[39m | Summarized over 21673 regions.[39m
[38;5;23m2026-01-21 14:50:59[39m | [38;5;23mINFO[39m | Applying post-processor <lambda> to DataFrame.[39m
[38;5;23m2026-01-21 14:50:59[39m | [38;5;23mINFO[39m | Dataframe has 21703 rows, processing large dataset[39m
[38;5;23m2026-01-21 14:50:59[39m | [38;5;23mINFO[39m | Concatenating files without compression.[39m
[38;5;23m2026-01-21 14:50:59[39m | [38;5;23mINFO[39m | Exported mc stats for regional-frac to <modality.infrastructure.file_name_service.ExtractDataFileName object at 0x1554dfec6290>.[39m
[38;5;23m2026-01-21 14:50:59[39m | [38;5;23mINFO[39m | Applying post-processor <lambda> to DataFrame.[39m
[38;5;23m2026-01-21 14:50:59[39m | [38;5;23mINFO[39m | Dataframe has 21703 rows, processing large dataset[39m
[38;5;23m2026-01-21 14:51:00[39m | [38;5;23mINFO[39m | Concatenating files without compression.[39m
[38;5;23m2026-01-21 14:51:00[39m | [38;5;23mINFO[39m | Exported hmc stats for regional-frac to <modality.infrastructure.file_name_service.ExtractDataFileName object at 0x1554e5d58250>.[39m
[38;5;23m2026-01-21 14:51:00[39m | [38;5;23mINFO[39m | Results written to file[39m
[38;5;23m2026-01-21 14:51:00[39m  21673 regions extracted.[39m
[38;5;23m2026-01-21 14:51:00[39m  [1m[38;5;154mData extracted successfully to /expanse/lustre/projects/csd940/zalibhai/biomodal/modality/outputs_CHG/Results/gencode.vM25.mouse.promoters.annotation/Extract_20260121_145059[39m
[38;5;23m2026-01-21 14:51:00[39m  Generating plots: violin, correlation[39m
[38;5;23m2026-01-21 14:51:00[39m | [38;5;23mINFO[39m | Feature report saved to /expanse/lustre/projects/csd940/zalibhai/biomodal/modality/outputs_CHG/Results/gencode.vM25.mouse.promoters.annotation/Extract_20260121_145059/hmc-mc_regional-frac_extract_report_20260121_145059.html[39m
[38;5;23m2026-01-21 14:51:00[39m | [38;5;23mINFO[39m | JSON report saved to /expanse/lustre/projects/csd940/zalibhai/biomodal/modality/outputs_CHG/Results/gencode.vM25.mouse.promoters.annotation/Extract_20260121_145059/hmc-mc_regional-frac_extract_report_20260121_145059.json[39m
[38;5;23m2026-01-21 14:51:00[39m  [1m[38;5;154mFeature report with violin, correlation visualizations generated successfully at /expanse/lustre/projects/csd940/zalibhai/biomodal/modality/outputs_CHG/Results/gencode.vM25.mouse.promoters.annotation/Extract_20260121_145059/hmc-mc_regional-frac_extract_report_20260121_145059.html.[39m
[38;5;23m2026-01-21 14:51:00[39m  Wrote provenance sidecar file to /expanse/lustre/projects/csd940/zalibhai/biomodal/modality/outputs_CHG/Results/gencode.vM25.mouse.promoters.annotation/Extract_20260121_145059/modality_metadata_20260121_145100.json[39m
[INFO] 2026-01-21 14:51:01 - Feature extraction completed for gencode.vM25.mouse.promoters.annotation
[INFO] 2026-01-21 14:51:01 - Processing region file: /expanse/lustre/projects/csd940/zalibhai/biomodal/modality/mm10/gencode.vM25.mouse.tss_region.annotation.bed.gz
[INFO] 2026-01-21 14:51:01 - Running feature extraction: count total_c...
Logged in using stored credentials
[38;5;23m2026-01-21 14:51:05[39m  [1m[38;5;123mProvenance information:[39m
[38;5;23m2026-01-21 14:51:05[39m  cmd='/home/zalibhai/miniforge3/envs/modality/bin/modality -v get count --zarr-path /expanse/lustre/projects/csd940/zalibhai/biomodal/evoC-run/output/duet-1.5.0_evoC_Bap1_run_6bp/sample_outputs/zarr_store/CHG/evoC_Bap1_run.genome.GRCm38_primary_assembly.dedup.CHG.zarrz --sample-sheet /expanse/lustre/projects/csd940/zalibhai/biomodal/modality/metadata.tsv --bedfile /expanse/lustre/projects/csd940/zalibhai/biomodal/modality/mm10/gencode.vM25.mouse.tss_region.annotation.bed.gz --fields total_c --output-dir /expanse/lustre/projects/csd940/zalibhai/biomodal/modality/outputs_CHG/Results/gencode.vM25.mouse.tss_region.annotation'
timestamp=2026-01-21T14:51:05.023556
version=1.0.0
user=zalibhai

[39m
[38;5;23m2026-01-21 14:51:05[39m  [1m[38;5;123mExtracting methylation features:[39m
[38;5;23m2026-01-21 14:51:05[39m  [38;5;248mZarr path(s)[39m: ['/expanse/lustre/projects/csd940/zalibhai/biomodal/evoC-run/output/duet-1.5.0_evoC_Bap1_run_6bp/sample_outputs/zarr_store/CHG/evoC_Bap1_run.genome.GRCm38_primary_assembly.dedup.CHG.zarrz'][39m
[38;5;23m2026-01-21 14:51:05[39m  [38;5;248mSample Sheet[39m: /expanse/lustre/projects/csd940/zalibhai/biomodal/modality/metadata.tsv[39m
[38;5;23m2026-01-21 14:51:05[39m  [38;5;248mBedfile[39m: /expanse/lustre/projects/csd940/zalibhai/biomodal/modality/mm10/gencode.vM25.mouse.tss_region.annotation.bed.gz[39m
[38;5;23m2026-01-21 14:51:05[39m  [38;5;248mFields[39m: ['num_total_c'][39m
[38;5;23m2026-01-21 14:51:05[39m  [38;5;248mOutput Dir[39m: /expanse/lustre/projects/csd940/zalibhai/biomodal/modality/outputs_CHG/Results/gencode.vM25.mouse.tss_region.annotation[39m
[38;5;23m2026-01-21 14:51:05[39m  [38;5;248mMin Coverage[39m: 0[39m
[38;5;23m2026-01-21 14:51:05[39m  [38;5;248mNum Contexts[39m: 0[39m
[38;5;23m2026-01-21 14:51:05[39m  [38;5;248mDisable Strand Merging[39m: False[39m
[38;5;23m2026-01-21 14:51:05[39m  [38;5;248mWindow Size[39m: None[39m
[38;5;23m2026-01-21 14:51:05[39m  [38;5;248mTabix[39m: False[39m
[38;5;23m2026-01-21 14:51:05[39m  [38;5;248mRegion[39m: None[39m
[38;5;23m2026-01-21 14:51:05[39m | [38;5;23mINFO[39m | Loading Zarr dataset...[39m
[38;5;23m2026-01-21 14:51:26[39m | [38;5;23mINFO[39m | Performing ['count'] on variables ['num_total_c'] and min coverage 0.[39m
[38;5;23m2026-01-21 14:51:26[39m | [38;5;23mINFO[39m | ['num_total_c'][39m
[38;5;23m2026-01-21 14:51:26[39m | [38;5;23mINFO[39m | Adding Ranges_ID column to validate merging.[39m
[38;5;23m2026-01-21 14:51:38[39m | [38;5;23mINFO[39m | Summarized over 21673 regions.[39m
[38;5;23m2026-01-21 14:51:38[39m | [38;5;23mINFO[39m | Applying post-processor <lambda> to DataFrame.[39m
[38;5;23m2026-01-21 14:51:38[39m | [38;5;23mINFO[39m | Dataframe has 21705 rows, processing large dataset[39m
[38;5;23m2026-01-21 14:51:38[39m | [38;5;23mINFO[39m | Concatenating files without compression.[39m
[38;5;23m2026-01-21 14:51:38[39m | [38;5;23mINFO[39m | Exported total_c stats for count to <modality.infrastructure.file_name_service.ExtractDataFileName object at 0x1554e1d49c10>.[39m
[38;5;23m2026-01-21 14:51:38[39m | [38;5;23mINFO[39m | Results written to file[39m
[38;5;23m2026-01-21 14:51:38[39m  21673 regions extracted.[39m
[38;5;23m2026-01-21 14:51:38[39m  [1m[38;5;154mData extracted successfully to /expanse/lustre/projects/csd940/zalibhai/biomodal/modality/outputs_CHG/Results/gencode.vM25.mouse.tss_region.annotation/Extract_20260121_145138[39m
[38;5;23m2026-01-21 14:51:38[39m | [38;5;23mINFO[39m | No plots generated. Sample sheet / group provided but no plots requested.[39m
[38;5;23m2026-01-21 14:51:38[39m  Wrote provenance sidecar file to /expanse/lustre/projects/csd940/zalibhai/biomodal/modality/outputs_CHG/Results/gencode.vM25.mouse.tss_region.annotation/Extract_20260121_145138/modality_metadata_20260121_145138.json[39m
[INFO] 2026-01-21 14:51:39 - Running feature extraction: mean total_c (plots generated automatically)...
Logged in using stored credentials
[38;5;23m2026-01-21 14:51:42[39m  [1m[38;5;123mProvenance information:[39m
[38;5;23m2026-01-21 14:51:42[39m  cmd='/home/zalibhai/miniforge3/envs/modality/bin/modality -v get mean --zarr-path /expanse/lustre/projects/csd940/zalibhai/biomodal/evoC-run/output/duet-1.5.0_evoC_Bap1_run_6bp/sample_outputs/zarr_store/CHG/evoC_Bap1_run.genome.GRCm38_primary_assembly.dedup.CHG.zarrz --sample-sheet /expanse/lustre/projects/csd940/zalibhai/biomodal/modality/metadata.tsv --bedfile /expanse/lustre/projects/csd940/zalibhai/biomodal/modality/mm10/gencode.vM25.mouse.tss_region.annotation.bed.gz --fields total_c --order-by-group condition --output-dir /expanse/lustre/projects/csd940/zalibhai/biomodal/modality/outputs_CHG/Results/gencode.vM25.mouse.tss_region.annotation'
timestamp=2026-01-21T14:51:42.135718
version=1.0.0
user=zalibhai

[39m
[38;5;23m2026-01-21 14:51:42[39m  [1m[38;5;123mExtracting methylation features:[39m
[38;5;23m2026-01-21 14:51:42[39m  [38;5;248mZarr path(s)[39m: ['/expanse/lustre/projects/csd940/zalibhai/biomodal/evoC-run/output/duet-1.5.0_evoC_Bap1_run_6bp/sample_outputs/zarr_store/CHG/evoC_Bap1_run.genome.GRCm38_primary_assembly.dedup.CHG.zarrz'][39m
[38;5;23m2026-01-21 14:51:42[39m  [38;5;248mSample Sheet[39m: /expanse/lustre/projects/csd940/zalibhai/biomodal/modality/metadata.tsv[39m
[38;5;23m2026-01-21 14:51:42[39m  [38;5;248mBedfile[39m: /expanse/lustre/projects/csd940/zalibhai/biomodal/modality/mm10/gencode.vM25.mouse.tss_region.annotation.bed.gz[39m
[38;5;23m2026-01-21 14:51:42[39m  [38;5;248mFields[39m: ['num_total_c'][39m
[38;5;23m2026-01-21 14:51:42[39m  [38;5;248mOrder By Group[39m: condition[39m
[38;5;23m2026-01-21 14:51:42[39m  [38;5;248mOutput Dir[39m: /expanse/lustre/projects/csd940/zalibhai/biomodal/modality/outputs_CHG/Results/gencode.vM25.mouse.tss_region.annotation[39m
[38;5;23m2026-01-21 14:51:42[39m  [38;5;248mMin Coverage[39m: 0[39m
[38;5;23m2026-01-21 14:51:42[39m  [38;5;248mNum Contexts[39m: 0[39m
[38;5;23m2026-01-21 14:51:42[39m  [38;5;248mDisable Strand Merging[39m: False[39m
[38;5;23m2026-01-21 14:51:42[39m  [38;5;248mWindow Size[39m: None[39m
[38;5;23m2026-01-21 14:51:42[39m  [38;5;248mTabix[39m: False[39m
[38;5;23m2026-01-21 14:51:42[39m  [38;5;248mRegion[39m: None[39m
[38;5;23m2026-01-21 14:51:42[39m  [38;5;248mAggregate By Group[39m: None[39m
[38;5;23m2026-01-21 14:51:42[39m  [38;5;248mCase Sensitive[39m: False[39m
[38;5;23m2026-01-21 14:51:42[39m  [38;5;248mHeatmap[39m: False[39m
[38;5;23m2026-01-21 14:51:42[39m | [38;5;23mINFO[39m | Sample sheet: /expanse/lustre/projects/csd940/zalibhai/biomodal/modality/metadata.tsv[39m
[38;5;23m2026-01-21 14:51:42[39m | [38;5;23mINFO[39m | Order samples by: condition, case-insensitive[39m
[38;5;23m2026-01-21 14:51:42[39m | [38;5;23mINFO[39m | Loading Zarr dataset...[39m
[38;5;23m2026-01-21 14:52:03[39m | [38;5;23mINFO[39m | Performing ['mean'] on variables ['num_total_c'] and min coverage 0.[39m
[38;5;23m2026-01-21 14:52:03[39m | [38;5;23mINFO[39m | ['num_total_c'][39m
[38;5;23m2026-01-21 14:52:03[39m | [38;5;23mINFO[39m | Adding Ranges_ID column to validate merging.[39m
[38;5;23m2026-01-21 14:52:14[39m | [38;5;23mINFO[39m | Summarized over 21673 regions.[39m
[38;5;23m2026-01-21 14:52:15[39m | [38;5;23mINFO[39m | Applying post-processor <lambda> to DataFrame.[39m
[38;5;23m2026-01-21 14:52:15[39m | [38;5;23mINFO[39m | Dataframe has 21705 rows, processing large dataset[39m
[38;5;23m2026-01-21 14:52:15[39m | [38;5;23mINFO[39m | Concatenating files without compression.[39m
[38;5;23m2026-01-21 14:52:15[39m | [38;5;23mINFO[39m | Exported total_c stats for mean to <modality.infrastructure.file_name_service.ExtractDataFileName object at 0x1554e1a3b850>.[39m
[38;5;23m2026-01-21 14:52:15[39m | [38;5;23mINFO[39m | Results written to file[39m
[38;5;23m2026-01-21 14:52:15[39m  21673 regions extracted.[39m
[38;5;23m2026-01-21 14:52:15[39m  [1m[38;5;154mData extracted successfully to /expanse/lustre/projects/csd940/zalibhai/biomodal/modality/outputs_CHG/Results/gencode.vM25.mouse.tss_region.annotation/Extract_20260121_145215[39m
[38;5;23m2026-01-21 14:52:15[39m  Generating plots: correlation, violin[39m
[38;5;23m2026-01-21 14:52:15[39m | [38;5;23mINFO[39m | Feature report saved to /expanse/lustre/projects/csd940/zalibhai/biomodal/modality/outputs_CHG/Results/gencode.vM25.mouse.tss_region.annotation/Extract_20260121_145215/total_c_mean_extract_report_20260121_145215.html[39m
[38;5;23m2026-01-21 14:52:15[39m | [38;5;23mINFO[39m | JSON report saved to /expanse/lustre/projects/csd940/zalibhai/biomodal/modality/outputs_CHG/Results/gencode.vM25.mouse.tss_region.annotation/Extract_20260121_145215/total_c_mean_extract_report_20260121_145215.json[39m
[38;5;23m2026-01-21 14:52:15[39m  [1m[38;5;154mFeature report with correlation, violin visualizations generated successfully at /expanse/lustre/projects/csd940/zalibhai/biomodal/modality/outputs_CHG/Results/gencode.vM25.mouse.tss_region.annotation/Extract_20260121_145215/total_c_mean_extract_report_20260121_145215.html.[39m
[38;5;23m2026-01-21 14:52:15[39m  Wrote provenance sidecar file to /expanse/lustre/projects/csd940/zalibhai/biomodal/modality/outputs_CHG/Results/gencode.vM25.mouse.tss_region.annotation/Extract_20260121_145215/modality_metadata_20260121_145215.json[39m
[INFO] 2026-01-21 14:52:16 - Running feature extraction: regional-frac for mc and hmc with minimum depth 10 (plots generated automatically)...
Logged in using stored credentials
[38;5;23m2026-01-21 14:52:20[39m  [1m[38;5;123mProvenance information:[39m
[38;5;23m2026-01-21 14:52:20[39m  cmd='/home/zalibhai/miniforge3/envs/modality/bin/modality -v get regional-frac --zarr-path /expanse/lustre/projects/csd940/zalibhai/biomodal/evoC-run/output/duet-1.5.0_evoC_Bap1_run_6bp/sample_outputs/zarr_store/CHG/evoC_Bap1_run.genome.GRCm38_primary_assembly.dedup.CHG.zarrz --sample-sheet /expanse/lustre/projects/csd940/zalibhai/biomodal/modality/metadata.tsv --bedfile /expanse/lustre/projects/csd940/zalibhai/biomodal/modality/mm10/gencode.vM25.mouse.tss_region.annotation.bed.gz --fields mc hmc --min-coverage 10 --order-by-group condition --output-dir /expanse/lustre/projects/csd940/zalibhai/biomodal/modality/outputs_CHG/Results/gencode.vM25.mouse.tss_region.annotation'
timestamp=2026-01-21T14:52:20.445374
version=1.0.0
user=zalibhai

[39m
[38;5;23m2026-01-21 14:52:20[39m  [1m[38;5;123mExtracting methylation features:[39m
[38;5;23m2026-01-21 14:52:20[39m  [38;5;248mZarr path(s)[39m: ['/expanse/lustre/projects/csd940/zalibhai/biomodal/evoC-run/output/duet-1.5.0_evoC_Bap1_run_6bp/sample_outputs/zarr_store/CHG/evoC_Bap1_run.genome.GRCm38_primary_assembly.dedup.CHG.zarrz'][39m
[38;5;23m2026-01-21 14:52:20[39m  [38;5;248mSample Sheet[39m: /expanse/lustre/projects/csd940/zalibhai/biomodal/modality/metadata.tsv[39m
[38;5;23m2026-01-21 14:52:20[39m  [38;5;248mBedfile[39m: /expanse/lustre/projects/csd940/zalibhai/biomodal/modality/mm10/gencode.vM25.mouse.tss_region.annotation.bed.gz[39m
[38;5;23m2026-01-21 14:52:20[39m  [38;5;248mFields[39m: ['num_mc', 'num_hmc'][39m
[38;5;23m2026-01-21 14:52:20[39m  [38;5;248mMin Coverage[39m: 10[39m
[38;5;23m2026-01-21 14:52:20[39m  [38;5;248mOrder By Group[39m: condition[39m
[38;5;23m2026-01-21 14:52:20[39m  [38;5;248mOutput Dir[39m: /expanse/lustre/projects/csd940/zalibhai/biomodal/modality/outputs_CHG/Results/gencode.vM25.mouse.tss_region.annotation[39m
[38;5;23m2026-01-21 14:52:20[39m  [38;5;248mNum Contexts[39m: 0[39m
[38;5;23m2026-01-21 14:52:20[39m  [38;5;248mDisable Strand Merging[39m: False[39m
[38;5;23m2026-01-21 14:52:20[39m  [38;5;248mWindow Size[39m: None[39m
[38;5;23m2026-01-21 14:52:20[39m  [38;5;248mTabix[39m: False[39m
[38;5;23m2026-01-21 14:52:20[39m  [38;5;248mRegion[39m: None[39m
[38;5;23m2026-01-21 14:52:20[39m  [38;5;248mAggregate By Group[39m: None[39m
[38;5;23m2026-01-21 14:52:20[39m  [38;5;248mCase Sensitive[39m: False[39m
[38;5;23m2026-01-21 14:52:20[39m  [38;5;248mHeatmap[39m: False[39m
[38;5;23m2026-01-21 14:52:20[39m | [38;5;23mINFO[39m | Sample sheet: /expanse/lustre/projects/csd940/zalibhai/biomodal/modality/metadata.tsv[39m
[38;5;23m2026-01-21 14:52:20[39m | [38;5;23mINFO[39m | Order samples by: condition, case-insensitive[39m
[38;5;23m2026-01-21 14:52:20[39m | [38;5;23mINFO[39m | Loading Zarr dataset...[39m
[38;5;23m2026-01-21 14:53:21[39m | [38;5;23mINFO[39m | Performing ['regional-frac'] on variables ['num_mc', 'num_hmc'] and min coverage 10.[39m
[38;5;23m2026-01-21 14:53:21[39m | [38;5;23mINFO[39m | ['num_mc', 'num_hmc', 'num_total_c'][39m
[38;5;23m2026-01-21 14:53:21[39m | [38;5;23mINFO[39m | Adding Ranges_ID column to validate merging.[39m
[38;5;23m2026-01-21 14:53:36[39m | [38;5;23mINFO[39m | Summarized over 21673 regions.[39m
[38;5;23m2026-01-21 14:53:36[39m | [38;5;23mINFO[39m | Applying post-processor <lambda> to DataFrame.[39m
[38;5;23m2026-01-21 14:53:36[39m | [38;5;23mINFO[39m | Dataframe has 21705 rows, processing large dataset[39m
[38;5;23m2026-01-21 14:53:37[39m | [38;5;23mINFO[39m | Concatenating files without compression.[39m
[38;5;23m2026-01-21 14:53:37[39m | [38;5;23mINFO[39m | Exported mc stats for regional-frac to <modality.infrastructure.file_name_service.ExtractDataFileName object at 0x1554e1fb5a50>.[39m
[38;5;23m2026-01-21 14:53:37[39m | [38;5;23mINFO[39m | Applying post-processor <lambda> to DataFrame.[39m
[38;5;23m2026-01-21 14:53:37[39m | [38;5;23mINFO[39m | Dataframe has 21705 rows, processing large dataset[39m
[38;5;23m2026-01-21 14:53:37[39m | [38;5;23mINFO[39m | Concatenating files without compression.[39m
[38;5;23m2026-01-21 14:53:37[39m | [38;5;23mINFO[39m | Exported hmc stats for regional-frac to <modality.infrastructure.file_name_service.ExtractDataFileName object at 0x1554de0837d0>.[39m
[38;5;23m2026-01-21 14:53:37[39m | [38;5;23mINFO[39m | Results written to file[39m
[38;5;23m2026-01-21 14:53:37[39m  21673 regions extracted.[39m
[38;5;23m2026-01-21 14:53:37[39m  [1m[38;5;154mData extracted successfully to /expanse/lustre/projects/csd940/zalibhai/biomodal/modality/outputs_CHG/Results/gencode.vM25.mouse.tss_region.annotation/Extract_20260121_145336[39m
[38;5;23m2026-01-21 14:53:37[39m  Generating plots: correlation, violin[39m
[38;5;23m2026-01-21 14:53:38[39m | [38;5;23mINFO[39m | Feature report saved to /expanse/lustre/projects/csd940/zalibhai/biomodal/modality/outputs_CHG/Results/gencode.vM25.mouse.tss_region.annotation/Extract_20260121_145336/hmc-mc_regional-frac_extract_report_20260121_145336.html[39m
[38;5;23m2026-01-21 14:53:38[39m | [38;5;23mINFO[39m | JSON report saved to /expanse/lustre/projects/csd940/zalibhai/biomodal/modality/outputs_CHG/Results/gencode.vM25.mouse.tss_region.annotation/Extract_20260121_145336/hmc-mc_regional-frac_extract_report_20260121_145336.json[39m
[38;5;23m2026-01-21 14:53:38[39m  [1m[38;5;154mFeature report with correlation, violin visualizations generated successfully at /expanse/lustre/projects/csd940/zalibhai/biomodal/modality/outputs_CHG/Results/gencode.vM25.mouse.tss_region.annotation/Extract_20260121_145336/hmc-mc_regional-frac_extract_report_20260121_145336.html.[39m
[38;5;23m2026-01-21 14:53:38[39m  Wrote provenance sidecar file to /expanse/lustre/projects/csd940/zalibhai/biomodal/modality/outputs_CHG/Results/gencode.vM25.mouse.tss_region.annotation/Extract_20260121_145336/modality_metadata_20260121_145338.json[39m
[INFO] 2026-01-21 14:53:39 - Feature extraction completed for gencode.vM25.mouse.tss_region.annotation
[INFO] 2026-01-21 14:53:39 - Feature extraction HTML reports copied to region-specific directories


===========================
STEP 3: RUNNING DMR CALLING
===========================
[INFO] 2026-01-21 14:53:39 - Running DMR calling on region file: /expanse/lustre/projects/csd940/zalibhai/biomodal/modality/mm10/gencode.vM25.mouse.cpg_islands.annotation.bed
Logged in using stored credentials
[38;5;23m2026-01-21 14:53:43[39m  [1m[38;5;123mProvenance information:[39m
[38;5;23m2026-01-21 14:53:43[39m  cmd='/home/zalibhai/miniforge3/envs/modality/bin/modality -v dmr call --zarr-path /expanse/lustre/projects/csd940/zalibhai/biomodal/evoC-run/output/duet-1.5.0_evoC_Bap1_run_6bp/sample_outputs/zarr_store/CHG/evoC_Bap1_run.genome.GRCm38_primary_assembly.dedup.CHG.zarrz --sample-sheet /expanse/lustre/projects/csd940/zalibhai/biomodal/modality/metadata.tsv --condition-array-name condition --methylation-contexts num_mc num_hmc --bedfile /expanse/lustre/projects/csd940/zalibhai/biomodal/modality/mm10/gencode.vM25.mouse.cpg_islands.annotation.bed --covariates sex --filter-context-depth 10 --condition-order control mutant --output-dir /expanse/lustre/projects/csd940/zalibhai/biomodal/modality/outputs_CHG/Results/gencode.vM25.mouse.cpg_islands.annotation'
timestamp=2026-01-21T14:53:43.287878
version=1.0.0
user=zalibhai

[39m
[38;5;23m2026-01-21 14:53:43[39m  [1m[38;5;123mStarting differential methylation analysis:[39m
[38;5;23m2026-01-21 14:53:43[39m  [38;5;248mZarr path(s)[39m: ['/expanse/lustre/projects/csd940/zalibhai/biomodal/evoC-run/output/duet-1.5.0_evoC_Bap1_run_6bp/sample_outputs/zarr_store/CHG/evoC_Bap1_run.genome.GRCm38_primary_assembly.dedup.CHG.zarrz'][39m
[38;5;23m2026-01-21 14:53:43[39m  [38;5;248mSample Sheet[39m: /expanse/lustre/projects/csd940/zalibhai/biomodal/modality/metadata.tsv[39m
[38;5;23m2026-01-21 14:53:43[39m  [38;5;248mCondition Array Name[39m: condition[39m
[38;5;23m2026-01-21 14:53:43[39m  [38;5;248mMethylation Contexts[39m: ['num_mc', 'num_hmc'][39m
[38;5;23m2026-01-21 14:53:43[39m  [38;5;248mBedfile[39m: /expanse/lustre/projects/csd940/zalibhai/biomodal/modality/mm10/gencode.vM25.mouse.cpg_islands.annotation.bed[39m
[38;5;23m2026-01-21 14:53:43[39m  [38;5;248mCovariates[39m: ['sex'][39m
[38;5;23m2026-01-21 14:53:43[39m  [38;5;248mMin Coverage[39m: 10[39m
[38;5;23m2026-01-21 14:53:43[39m  [38;5;248mCondition Order[39m: ['control', 'mutant'][39m
[38;5;23m2026-01-21 14:53:43[39m  [38;5;248mOutput Dir[39m: /expanse/lustre/projects/csd940/zalibhai/biomodal/modality/outputs_CHG/Results/gencode.vM25.mouse.cpg_islands.annotation[39m
[38;5;23m2026-01-21 14:53:43[39m  [38;5;248mWindow Size[39m: None[39m
[38;5;23m2026-01-21 14:53:43[39m  [38;5;248mNum Contexts[39m: 0[39m
[38;5;23m2026-01-21 14:53:43[39m  [38;5;248mRegion[39m: None[39m
[38;5;23m2026-01-21 14:53:43[39m  [38;5;248mOverdispersion[39m: False[39m
[38;5;23m2026-01-21 14:53:43[39m  [38;5;248mStatistical Test[39m: wald[39m
[38;5;23m2026-01-21 14:53:43[39m  [38;5;248mDisable Strand Merging[39m: False[39m
[38;5;23m2026-01-21 14:53:43[39m  [38;5;248mCompress[39m: False[39m
[38;5;23m2026-01-21 14:53:43[39m | [38;5;23mINFO[39m | Loading Zarr dataset...[39m
[38;5;23m2026-01-21 14:53:55[39m | [38;5;23mINFO[39m | Starting DMR calling process, this could take a few minutes...[39m
[38;5;23m2026-01-21 14:53:55[39m | [38;5;23mINFO[39m | Aligning sample sheet with dataset...[39m
[                                        ] | 0% Completed | 1.09 s[                                        ] | 0% Completed | 1.35 s[                                        ] | 0% Completed | 1.57 s[                                        ] | 0% Completed | 1.68 s[                                        ] | 2% Completed | 1.78 s[#                                       ] | 3% Completed | 1.88 s[#                                       ] | 4% Completed | 1.98 s[##                                      ] | 5% Completed | 2.08 s[##                                      ] | 6% Completed | 2.18 s[##                                      ] | 7% Completed | 2.28 s[###                                     ] | 8% Completed | 2.38 s[###                                     ] | 9% Completed | 2.48 s[####                                    ] | 10% Completed | 2.58 s[####                                    ] | 11% Completed | 2.68 s[#####                                   ] | 12% Completed | 2.78 s[#####                                   ] | 13% Completed | 2.88 s[#####                                   ] | 14% Completed | 2.98 s[######                                  ] | 15% Completed | 3.08 s[######                                  ] | 16% Completed | 3.18 s[#######                                 ] | 17% Completed | 3.28 s[#######                                 ] | 18% Completed | 3.38 s[#######                                 ] | 19% Completed | 3.48 s[########                                ] | 21% Completed | 3.58 s[########                                ] | 22% Completed | 3.68 s[#########                               ] | 23% Completed | 3.78 s[#########                               ] | 24% Completed | 3.88 s[##########                              ] | 25% Completed | 3.98 s[##########                              ] | 26% Completed | 4.08 s[##########                              ] | 27% Completed | 4.18 s[###########                             ] | 28% Completed | 4.28 s[###########                             ] | 29% Completed | 4.38 s[############                            ] | 30% Completed | 4.48 s[############                            ] | 31% Completed | 4.58 s[#############                           ] | 32% Completed | 4.68 s[#############                           ] | 33% Completed | 4.78 s[#############                           ] | 34% Completed | 4.88 s[##############                          ] | 35% Completed | 4.98 s[##############                          ] | 36% Completed | 5.08 s[###############                         ] | 38% Completed | 5.18 s[###############                         ] | 39% Completed | 5.28 s[################                        ] | 40% Completed | 5.38 s[################                        ] | 41% Completed | 5.48 s[################                        ] | 42% Completed | 5.58 s[#################                       ] | 43% Completed | 5.68 s[#################                       ] | 44% Completed | 5.78 s[##################                      ] | 45% Completed | 5.88 s[##################                      ] | 46% Completed | 5.98 s[###################                     ] | 47% Completed | 6.08 s[###################                     ] | 48% Completed | 6.18 s[###################                     ] | 49% Completed | 6.28 s[####################                    ] | 50% Completed | 6.38 s[####################                    ] | 52% Completed | 6.48 s[#####################                   ] | 53% Completed | 6.58 s[#####################                   ] | 54% Completed | 6.68 s[######################                  ] | 55% Completed | 6.78 s[######################                  ] | 56% Completed | 6.88 s[######################                  ] | 57% Completed | 6.98 s[#######################                 ] | 58% Completed | 7.08 s[#######################                 ] | 59% Completed | 7.18 s[########################                ] | 60% Completed | 7.28 s[########################                ] | 61% Completed | 7.38 s[#########################               ] | 62% Completed | 7.48 s[#########################               ] | 64% Completed | 7.58 s[##########################              ] | 65% Completed | 7.68 s[##########################              ] | 66% Completed | 7.78 s[##########################              ] | 67% Completed | 7.88 s[###########################             ] | 68% Completed | 7.98 s[###########################             ] | 69% Completed | 8.08 s[############################            ] | 70% Completed | 8.18 s[############################            ] | 71% Completed | 8.28 s[#############################           ] | 72% Completed | 8.38 s[#############################           ] | 73% Completed | 8.48 s[#############################           ] | 74% Completed | 8.58 s[##############################          ] | 75% Completed | 8.68 s[##############################          ] | 76% Completed | 8.78 s[###############################         ] | 78% Completed | 8.88 s[########################################] | 100% Completed | 9.31 s
[38;5;23m2026-01-21 14:54:06[39m | [38;5;23mINFO[39m | filtering low coverage contexts (this may take multiple steps)...[39m
[############                            ] | 30% Completed | 1.00 s[#############                           ] | 33% Completed | 1.10 s[##############                          ] | 36% Completed | 1.20 s[###############                         ] | 39% Completed | 1.30 s[#################                       ] | 43% Completed | 1.40 s[##################                      ] | 46% Completed | 1.50 s[###################                     ] | 49% Completed | 1.60 s[#####################                   ] | 52% Completed | 1.70 s[######################                  ] | 55% Completed | 1.80 s[#######################                 ] | 58% Completed | 1.90 s[########################                ] | 62% Completed | 2.00 s[##########################              ] | 65% Completed | 2.10 s[###########################             ] | 68% Completed | 2.20 s[############################            ] | 71% Completed | 2.30 s[#############################           ] | 74% Completed | 2.40 s[###############################         ] | 77% Completed | 2.50 s[################################        ] | 80% Completed | 2.60 s[#################################       ] | 83% Completed | 2.70 s[##################################      ] | 87% Completed | 2.80 s[####################################    ] | 90% Completed | 2.90 s[#####################################   ] | 93% Completed | 3.00 s[######################################  ] | 96% Completed | 3.10 s[####################################### ] | 99% Completed | 3.20 s[########################################] | 100% Completed | 3.30 s
[                                        ] | 0% Completed | 1.00 s[                                        ] | 0% Completed | 1.10 s[                                        ] | 0% Completed | 1.20 s[                                        ] | 0% Completed | 1.30 s[                                        ] | 0% Completed | 1.40 s[                                        ] | 0% Completed | 1.50 s[                                        ] | 0% Completed | 1.60 s[                                        ] | 0% Completed | 1.70 s[                                        ] | 0% Completed | 1.80 s[                                        ] | 0% Completed | 1.90 s[                                        ] | 0% Completed | 2.00 s[                                        ] | 0% Completed | 2.10 s[                                        ] | 0% Completed | 2.20 s[                                        ] | 0% Completed | 2.30 s[                                        ] | 0% Completed | 2.40 s[                                        ] | 0% Completed | 2.50 s[                                        ] | 0% Completed | 2.60 s[                                        ] | 0% Completed | 2.70 s[                                        ] | 0% Completed | 2.80 s[                                        ] | 0% Completed | 2.90 s[                                        ] | 0% Completed | 3.00 s[                                        ] | 0% Completed | 3.10 s[                                        ] | 0% Completed | 3.20 s[                                        ] | 0% Completed | 3.30 s[                                        ] | 0% Completed | 3.40 s[                                        ] | 0% Completed | 3.50 s[                                        ] | 0% Completed | 3.60 s[                                        ] | 0% Completed | 3.70 s[                                        ] | 0% Completed | 3.80 s[                                        ] | 0% Completed | 3.90 s[                                        ] | 0% Completed | 4.00 s[                                        ] | 0% Completed | 4.10 s[                                        ] | 0% Completed | 4.20 s[                                        ] | 0% Completed | 4.30 s[                                        ] | 0% Completed | 4.40 s[                                        ] | 0% Completed | 4.50 s[                                        ] | 0% Completed | 4.60 s[                                        ] | 0% Completed | 4.70 s[                                        ] | 0% Completed | 4.80 s[                                        ] | 0% Completed | 4.90 s[                                        ] | 0% Completed | 5.00 s[                                        ] | 0% Completed | 5.10 s[                                        ] | 0% Completed | 5.20 s[                                        ] | 0% Completed | 5.30 s[                                        ] | 0% Completed | 5.40 s[                                        ] | 0% Completed | 5.50 s[                                        ] | 0% Completed | 5.60 s[                                        ] | 0% Completed | 5.70 s[                                        ] | 0% Completed | 5.80 s[                                        ] | 0% Completed | 5.90 s[                                        ] | 0% Completed | 6.00 s[                                        ] | 0% Completed | 6.10 s[                                        ] | 0% Completed | 6.20 s[                                        ] | 0% Completed | 6.30 s[                                        ] | 0% Completed | 6.40 s[                                        ] | 0% Completed | 6.50 s[                                        ] | 0% Completed | 6.60 s[                                        ] | 0% Completed | 6.70 s[                                        ] | 0% Completed | 6.81 s[                                        ] | 0% Completed | 6.91 s[                                        ] | 0% Completed | 7.01 s[                                        ] | 0% Completed | 7.11 s[                                        ] | 0% Completed | 7.21 s[                                        ] | 0% Completed | 7.31 s[                                        ] | 0% Completed | 7.41 s[                                        ] | 0% Completed | 7.51 s[                                        ] | 0% Completed | 7.61 s[                                        ] | 0% Completed | 7.71 s[                                        ] | 0% Completed | 7.81 s[                                        ] | 0% Completed | 7.91 s[                                        ] | 0% Completed | 8.01 s[                                        ] | 0% Completed | 8.11 s[                                        ] | 0% Completed | 8.21 s[                                        ] | 0% Completed | 8.31 s[                                        ] | 0% Completed | 8.41 s[                                        ] | 0% Completed | 8.51 s[                                        ] | 0% Completed | 8.61 s[                                        ] | 0% Completed | 8.71 s[                                        ] | 0% Completed | 8.81 s[                                        ] | 0% Completed | 8.91 s[                                        ] | 0% Completed | 9.01 s[                                        ] | 0% Completed | 9.11 s[                                        ] | 0% Completed | 9.21 s[                                        ] | 0% Completed | 9.31 s[                                        ] | 0% Completed | 9.41 s[                                        ] | 0% Completed | 9.51 s[                                        ] | 0% Completed | 9.61 s[                                        ] | 0% Completed | 9.71 s[                                        ] | 0% Completed | 9.81 s[                                        ] | 0% Completed | 9.91 s[                                        ] | 0% Completed | 10.01 s[                                        ] | 0% Completed | 10.11 s[                                        ] | 0% Completed | 10.21 s[                                        ] | 0% Completed | 10.31 s[                                        ] | 0% Completed | 10.41 s[                                        ] | 0% Completed | 10.51 s[                                        ] | 0% Completed | 10.61 s[                                        ] | 0% Completed | 10.71 s[                                        ] | 0% Completed | 10.81 s[                                        ] | 0% Completed | 10.91 s[                                        ] | 0% Completed | 11.01 s[                                        ] | 0% Completed | 11.11 s[                                        ] | 0% Completed | 11.21 s[                                        ] | 0% Completed | 11.31 s[                                        ] | 0% Completed | 11.41 s[                                        ] | 0% Completed | 11.51 s[                                        ] | 0% Completed | 11.61 s[                                        ] | 0% Completed | 11.71 s[                                        ] | 0% Completed | 11.81 s[                                        ] | 0% Completed | 11.91 s[                                        ] | 0% Completed | 12.01 s[                                        ] | 0% Completed | 12.11 s[                                        ] | 0% Completed | 12.21 s[                                        ] | 0% Completed | 12.31 s[                                        ] | 0% Completed | 12.41 s[                                        ] | 0% Completed | 12.51 s[                                        ] | 0% Completed | 12.61 s[                                        ] | 0% Completed | 12.71 s[                                        ] | 0% Completed | 12.81 s[                                        ] | 0% Completed | 12.91 s[                                        ] | 0% Completed | 13.01 s[                                        ] | 0% Completed | 13.11 s[                                        ] | 0% Completed | 13.21 s[                                        ] | 0% Completed | 13.31 s[                                        ] | 0% Completed | 13.41 s[                                        ] | 0% Completed | 13.51 s[                                        ] | 0% Completed | 13.61 s[                                        ] | 0% Completed | 13.71 s[                                        ] | 0% Completed | 13.81 s[                                        ] | 0% Completed | 13.91 s[                                        ] | 0% Completed | 14.01 s[                                        ] | 0% Completed | 14.11 s[                                        ] | 0% Completed | 14.21 s[                                        ] | 0% Completed | 14.31 s[                                        ] | 0% Completed | 14.41 s[                                        ] | 0% Completed | 14.51 s[                                        ] | 0% Completed | 14.61 s[                                        ] | 0% Completed | 14.71 s[                                        ] | 0% Completed | 14.81 s[                                        ] | 0% Completed | 14.91 s[                                        ] | 0% Completed | 15.01 s[                                        ] | 0% Completed | 15.11 s[                                        ] | 0% Completed | 15.21 s[                                        ] | 0% Completed | 15.31 s[                                        ] | 0% Completed | 15.41 s[                                        ] | 0% Completed | 15.51 s[                                        ] | 0% Completed | 15.61 s[                                        ] | 0% Completed | 15.71 s[                                        ] | 0% Completed | 15.81 s[                                        ] | 0% Completed | 15.91 s[                                        ] | 0% Completed | 16.01 s[                                        ] | 0% Completed | 16.11 s[                                        ] | 0% Completed | 16.21 s[                                        ] | 0% Completed | 16.31 s[                                        ] | 0% Completed | 16.41 s[                                        ] | 0% Completed | 16.51 s[                                        ] | 0% Completed | 16.61 s[########################################] | 100% Completed | 16.71 s
[                                        ] | 0% Completed | 1.10 s[                                        ] | 0% Completed | 1.21 s[                                        ] | 0% Completed | 1.33 s[                                        ] | 0% Completed | 1.56 s[                                        ] | 1% Completed | 1.67 s[#                                       ] | 2% Completed | 1.77 s[#                                       ] | 4% Completed | 1.87 s[##                                      ] | 6% Completed | 1.97 s[###                                     ] | 7% Completed | 2.07 s[###                                     ] | 9% Completed | 2.17 s[####                                    ] | 11% Completed | 2.27 s[#####                                   ] | 12% Completed | 2.37 s[#####                                   ] | 14% Completed | 2.47 s[######                                  ] | 16% Completed | 2.57 s[#######                                 ] | 17% Completed | 2.67 s[#######                                 ] | 19% Completed | 2.77 s[########                                ] | 21% Completed | 2.87 s[#########                               ] | 22% Completed | 2.97 s[#########                               ] | 24% Completed | 3.07 s[##########                              ] | 26% Completed | 3.17 s[###########                             ] | 28% Completed | 3.27 s[###########                             ] | 29% Completed | 3.37 s[############                            ] | 31% Completed | 3.47 s[#############                           ] | 33% Completed | 3.57 s[#############                           ] | 34% Completed | 3.67 s[##############                          ] | 36% Completed | 3.77 s[###############                         ] | 38% Completed | 3.87 s[###############                         ] | 39% Completed | 3.97 s[################                        ] | 41% Completed | 4.07 s[#################                       ] | 43% Completed | 4.17 s[#################                       ] | 44% Completed | 4.27 s[##################                      ] | 46% Completed | 4.37 s[###################                     ] | 48% Completed | 4.47 s[###################                     ] | 49% Completed | 4.57 s[####################                    ] | 51% Completed | 4.67 s[#####################                   ] | 53% Completed | 4.77 s[#####################                   ] | 54% Completed | 4.87 s[######################                  ] | 56% Completed | 4.97 s[#######################                 ] | 57% Completed | 5.07 s[#######################                 ] | 59% Completed | 5.17 s[########################                ] | 60% Completed | 5.27 s[#########################               ] | 62% Completed | 5.37 s[#########################               ] | 64% Completed | 5.47 s[##########################              ] | 65% Completed | 5.57 s[###########################             ] | 67% Completed | 5.67 s[###########################             ] | 69% Completed | 5.77 s[############################            ] | 70% Completed | 5.87 s[############################            ] | 72% Completed | 5.97 s[#############################           ] | 74% Completed | 6.07 s[##############################          ] | 75% Completed | 6.17 s[##############################          ] | 77% Completed | 6.27 s[###############################         ] | 78% Completed | 6.37 s[########################################] | 100% Completed | 6.74 s
[#########                               ] | 24% Completed | 1.07 s[##########                              ] | 27% Completed | 1.17 s[############                            ] | 30% Completed | 1.27 s[#############                           ] | 33% Completed | 1.37 s[##############                          ] | 36% Completed | 1.47 s[###############                         ] | 39% Completed | 1.57 s[################                        ] | 42% Completed | 1.67 s[##################                      ] | 45% Completed | 1.77 s[###################                     ] | 48% Completed | 1.87 s[####################                    ] | 51% Completed | 1.97 s[#####################                   ] | 54% Completed | 2.07 s[#######################                 ] | 57% Completed | 2.17 s[########################                ] | 60% Completed | 2.27 s[#########################               ] | 63% Completed | 2.37 s[##########################              ] | 66% Completed | 2.47 s[###########################             ] | 68% Completed | 2.57 s[############################            ] | 71% Completed | 2.67 s[#############################           ] | 73% Completed | 2.77 s[##############################          ] | 76% Completed | 2.87 s[###############################         ] | 79% Completed | 2.97 s[#################################       ] | 82% Completed | 3.07 s[##################################      ] | 85% Completed | 3.17 s[###################################     ] | 88% Completed | 3.28 s[####################################    ] | 91% Completed | 3.38 s[#####################################   ] | 94% Completed | 3.48 s[####################################### ] | 98% Completed | 3.58 s[########################################] | 100% Completed | 3.68 s
[##########                              ] | 26% Completed | 1.00 s[###########                             ] | 29% Completed | 1.10 s[############                            ] | 31% Completed | 1.20 s[#############                           ] | 34% Completed | 1.30 s[##############                          ] | 37% Completed | 1.40 s[################                        ] | 40% Completed | 1.50 s[#################                       ] | 43% Completed | 1.60 s[##################                      ] | 45% Completed | 1.70 s[###################                     ] | 48% Completed | 1.80 s[####################                    ] | 51% Completed | 1.90 s[#####################                   ] | 54% Completed | 2.00 s[######################                  ] | 57% Completed | 2.10 s[#######################                 ] | 59% Completed | 2.20 s[#########################               ] | 62% Completed | 2.30 s[##########################              ] | 65% Completed | 2.40 s[###########################             ] | 68% Completed | 2.50 s[############################            ] | 70% Completed | 2.60 s[#############################           ] | 73% Completed | 2.70 s[##############################          ] | 76% Completed | 2.80 s[###############################         ] | 78% Completed | 2.90 s[################################        ] | 81% Completed | 3.00 s[#################################       ] | 84% Completed | 3.10 s[##################################      ] | 87% Completed | 3.20 s[####################################    ] | 90% Completed | 3.30 s[#####################################   ] | 93% Completed | 3.40 s[######################################  ] | 95% Completed | 3.50 s[####################################### ] | 98% Completed | 3.60 s[########################################] | 100% Completed | 3.70 s
[38;5;23m2026-01-21 14:54:48[39m | [38;5;23mINFO[39m | Aggregating dataset for DMR calling (this may take multiple steps)...[39m
[38;5;23m2026-01-21 14:54:48[39m | [38;5;23mINFO[39m | Adding Ranges_ID column to validate merging.[39m
[##########################              ] | 66% Completed | 1.00 s[#############################           ] | 73% Completed | 1.10 s[################################        ] | 81% Completed | 1.20 s[###################################     ] | 88% Completed | 1.30 s[######################################  ] | 96% Completed | 1.40 s[########################################] | 100% Completed | 1.50 s
[#################                       ] | 42% Completed | 1.00 s[##################                      ] | 47% Completed | 1.10 s[####################                    ] | 52% Completed | 1.20 s[#######################                 ] | 57% Completed | 1.30 s[#########################               ] | 62% Completed | 1.40 s[###########################             ] | 67% Completed | 1.50 s[#############################           ] | 72% Completed | 1.60 s[###############################         ] | 78% Completed | 1.70 s[#################################       ] | 83% Completed | 1.80 s[###################################     ] | 88% Completed | 1.90 s[#####################################   ] | 93% Completed | 2.00 s[####################################### ] | 98% Completed | 2.10 s[########################################] | 100% Completed | 2.20 s
[38;5;23m2026-01-21 14:55:06[39m | [38;5;23mINFO[39m | Recoding given covariates from ['sex'] to: ['sex_male'] to handle categorical variables.[39m
[38;5;23m2026-01-21 14:55:06[39m | [33mWARNING[39m | [33m
                    Insufficient number of samples for statistical modeling.
                    Group 0: 2 samples
                    Group 1: 2 samples
                    Need more than 2 samples per group (> 1 + 1 optional covariates).
                    Setting all p-values to 1 and test statistics to 0.[39m
[38;5;23m2026-01-21 14:55:06[39m | [38;5;23mINFO[39m | Returning conservative results due to insufficient sample sizes[39m
[38;5;23m2026-01-21 14:55:06[39m | [33mWARNING[39m | [33mExtra columns detected: Index(['Annotation'], dtype='object'). These will be retained but are not validated.[39m
[38;5;23m2026-01-21 14:55:06[39m | [38;5;23mINFO[39m | Writing DMRs to /expanse/lustre/projects/csd940/zalibhai/biomodal/modality/outputs_CHG/Results/gencode.vM25.mouse.cpg_islands.annotation/DMR_20260121_145506/DMR_mc_control__mutant_20260121_145506.bed.
Columns are :
`Chromosome Start End Name Score Strand num_contexts mean_coverage_across_samples mean_mod_group_1mean_mod_group_2 mod_fold_change mod_difference test_statistic dmr_pvalue dmr_qvalue
Please note that:
 - Name, Score, Strand are not used and are set to `.` for compatibility with pyranges
[39m
[38;5;23m2026-01-21 14:55:06[39m | [38;5;23mINFO[39m | Aggregating dataset for DMR calling (this may take multiple steps)...[39m
[######################                  ] | 56% Completed | 1.00 s[#########################               ] | 62% Completed | 1.10 s[###########################             ] | 68% Completed | 1.20 s[#############################           ] | 74% Completed | 1.30 s[################################        ] | 80% Completed | 1.40 s[##################################      ] | 86% Completed | 1.50 s[#####################################   ] | 92% Completed | 1.60 s[####################################### ] | 98% Completed | 1.70 s[########################################] | 100% Completed | 1.80 s
[###############                         ] | 37% Completed | 1.00 s[################                        ] | 41% Completed | 1.10 s[##################                      ] | 45% Completed | 1.20 s[####################                    ] | 50% Completed | 1.30 s[#####################                   ] | 54% Completed | 1.40 s[#######################                 ] | 59% Completed | 1.50 s[#########################               ] | 63% Completed | 1.60 s[###########################             ] | 68% Completed | 1.70 s[#############################           ] | 73% Completed | 1.80 s[###############################         ] | 77% Completed | 1.90 s[################################        ] | 82% Completed | 2.00 s[##################################      ] | 86% Completed | 2.10 s[####################################    ] | 90% Completed | 2.20 s[######################################  ] | 95% Completed | 2.30 s[####################################### ] | 99% Completed | 2.40 s[########################################] | 100% Completed | 2.50 s
[38;5;23m2026-01-21 14:55:20[39m | [38;5;23mINFO[39m | Recoding given covariates from ['sex'] to: ['sex_male'] to handle categorical variables.[39m
[38;5;23m2026-01-21 14:55:20[39m | [33mWARNING[39m | [33m
                    Insufficient number of samples for statistical modeling.
                    Group 0: 2 samples
                    Group 1: 2 samples
                    Need more than 2 samples per group (> 1 + 1 optional covariates).
                    Setting all p-values to 1 and test statistics to 0.[39m
[38;5;23m2026-01-21 14:55:20[39m | [38;5;23mINFO[39m | Returning conservative results due to insufficient sample sizes[39m
[38;5;23m2026-01-21 14:55:20[39m | [33mWARNING[39m | [33mExtra columns detected: Index(['Annotation'], dtype='object'). These will be retained but are not validated.[39m
[38;5;23m2026-01-21 14:55:20[39m | [38;5;23mINFO[39m | Writing DMRs to /expanse/lustre/projects/csd940/zalibhai/biomodal/modality/outputs_CHG/Results/gencode.vM25.mouse.cpg_islands.annotation/DMR_20260121_145506/DMR_hmc_control__mutant_20260121_145506.bed.
Columns are :
`Chromosome Start End Name Score Strand num_contexts mean_coverage_across_samples mean_mod_group_1mean_mod_group_2 mod_fold_change mod_difference test_statistic dmr_pvalue dmr_qvalue
Please note that:
 - Name, Score, Strand are not used and are set to `.` for compatibility with pyranges
[39m
[38;5;23m2026-01-21 14:55:20[39m  [1m[38;5;154mDMR calling completed successfully! Outputs saved to: /expanse/lustre/projects/csd940/zalibhai/biomodal/modality/outputs_CHG/Results/gencode.vM25.mouse.cpg_islands.annotation[39m
[38;5;23m2026-01-21 14:55:20[39m | [38;5;23mINFO[39m | DMR track configuration files saved successfully.[39m
[38;5;23m2026-01-21 14:55:20[39m  Wrote provenance sidecar file to /expanse/lustre/projects/csd940/zalibhai/biomodal/modality/outputs_CHG/Results/gencode.vM25.mouse.cpg_islands.annotation/DMR_20260121_145506/modality_metadata_20260121_145520.json[39m
/expanse/lustre/projects/csd940/zalibhai/biomodal/modality/outputs_CHG/Results/gencode.vM25.mouse.cpg_islands.annotation/DMR_20260121_145506/DMR_mc_control__mutant_20260121_145506.bed /expanse/lustre/projects/csd940/zalibhai/biomodal/modality/outputs_CHG/Results/gencode.vM25.mouse.cpg_islands.annotation/DMR_20260121_145506/DMR_hmc_control__mutant_20260121_145506.bed
[INFO] 2026-01-21 14:55:21 - DMR calling completed for /expanse/lustre/projects/csd940/zalibhai/biomodal/modality/mm10/gencode.vM25.mouse.cpg_islands.annotation.bed
[INFO] 2026-01-21 14:55:21 - Running DMR calling on region file: /expanse/lustre/projects/csd940/zalibhai/biomodal/modality/mm10/gencode.vM25.mouse.cpg_islands.annotation.bed.gz
Logged in using stored credentials
[38;5;23m2026-01-21 14:55:25[39m  [1m[38;5;123mProvenance information:[39m
[38;5;23m2026-01-21 14:55:25[39m  cmd='/home/zalibhai/miniforge3/envs/modality/bin/modality -v dmr call --zarr-path /expanse/lustre/projects/csd940/zalibhai/biomodal/evoC-run/output/duet-1.5.0_evoC_Bap1_run_6bp/sample_outputs/zarr_store/CHG/evoC_Bap1_run.genome.GRCm38_primary_assembly.dedup.CHG.zarrz --sample-sheet /expanse/lustre/projects/csd940/zalibhai/biomodal/modality/metadata.tsv --condition-array-name condition --methylation-contexts num_mc num_hmc --bedfile /expanse/lustre/projects/csd940/zalibhai/biomodal/modality/mm10/gencode.vM25.mouse.cpg_islands.annotation.bed.gz --covariates sex --filter-context-depth 10 --condition-order control mutant --output-dir /expanse/lustre/projects/csd940/zalibhai/biomodal/modality/outputs_CHG/Results/gencode.vM25.mouse.cpg_islands.annotation'
timestamp=2026-01-21T14:55:25.499255
version=1.0.0
user=zalibhai

[39m
[38;5;23m2026-01-21 14:55:25[39m  [1m[38;5;123mStarting differential methylation analysis:[39m
[38;5;23m2026-01-21 14:55:25[39m  [38;5;248mZarr path(s)[39m: ['/expanse/lustre/projects/csd940/zalibhai/biomodal/evoC-run/output/duet-1.5.0_evoC_Bap1_run_6bp/sample_outputs/zarr_store/CHG/evoC_Bap1_run.genome.GRCm38_primary_assembly.dedup.CHG.zarrz'][39m
[38;5;23m2026-01-21 14:55:25[39m  [38;5;248mSample Sheet[39m: /expanse/lustre/projects/csd940/zalibhai/biomodal/modality/metadata.tsv[39m
[38;5;23m2026-01-21 14:55:25[39m  [38;5;248mCondition Array Name[39m: condition[39m
[38;5;23m2026-01-21 14:55:25[39m  [38;5;248mMethylation Contexts[39m: ['num_mc', 'num_hmc'][39m
[38;5;23m2026-01-21 14:55:25[39m  [38;5;248mBedfile[39m: /expanse/lustre/projects/csd940/zalibhai/biomodal/modality/mm10/gencode.vM25.mouse.cpg_islands.annotation.bed.gz[39m
[38;5;23m2026-01-21 14:55:25[39m  [38;5;248mCovariates[39m: ['sex'][39m
[38;5;23m2026-01-21 14:55:25[39m  [38;5;248mMin Coverage[39m: 10[39m
[38;5;23m2026-01-21 14:55:25[39m  [38;5;248mCondition Order[39m: ['control', 'mutant'][39m
[38;5;23m2026-01-21 14:55:25[39m  [38;5;248mOutput Dir[39m: /expanse/lustre/projects/csd940/zalibhai/biomodal/modality/outputs_CHG/Results/gencode.vM25.mouse.cpg_islands.annotation[39m
[38;5;23m2026-01-21 14:55:25[39m  [38;5;248mWindow Size[39m: None[39m
[38;5;23m2026-01-21 14:55:25[39m  [38;5;248mNum Contexts[39m: 0[39m
[38;5;23m2026-01-21 14:55:25[39m  [38;5;248mRegion[39m: None[39m
[38;5;23m2026-01-21 14:55:25[39m  [38;5;248mOverdispersion[39m: False[39m
[38;5;23m2026-01-21 14:55:25[39m  [38;5;248mStatistical Test[39m: wald[39m
[38;5;23m2026-01-21 14:55:25[39m  [38;5;248mDisable Strand Merging[39m: False[39m
[38;5;23m2026-01-21 14:55:25[39m  [38;5;248mCompress[39m: False[39m
[38;5;23m2026-01-21 14:55:25[39m | [38;5;23mINFO[39m | Loading Zarr dataset...[39m
[38;5;23m2026-01-21 14:55:37[39m | [38;5;23mINFO[39m | Starting DMR calling process, this could take a few minutes...[39m
[38;5;23m2026-01-21 14:55:37[39m | [38;5;23mINFO[39m | Aligning sample sheet with dataset...[39m
[                                        ] | 0% Completed | 1.09 s[                                        ] | 0% Completed | 1.32 s[                                        ] | 0% Completed | 1.54 s[                                        ] | 0% Completed | 1.65 s[                                        ] | 2% Completed | 1.75 s[#                                       ] | 3% Completed | 1.85 s[#                                       ] | 4% Completed | 1.95 s[##                                      ] | 5% Completed | 2.05 s[##                                      ] | 6% Completed | 2.15 s[###                                     ] | 7% Completed | 2.25 s[###                                     ] | 8% Completed | 2.35 s[###                                     ] | 9% Completed | 2.45 s[####                                    ] | 11% Completed | 2.55 s[####                                    ] | 12% Completed | 2.65 s[#####                                   ] | 13% Completed | 2.75 s[#####                                   ] | 14% Completed | 2.85 s[######                                  ] | 15% Completed | 2.95 s[######                                  ] | 16% Completed | 3.05 s[#######                                 ] | 17% Completed | 3.15 s[#######                                 ] | 18% Completed | 3.25 s[#######                                 ] | 19% Completed | 3.35 s[########                                ] | 20% Completed | 3.45 s[########                                ] | 22% Completed | 3.55 s[#########                               ] | 23% Completed | 3.65 s[#########                               ] | 24% Completed | 3.75 s[##########                              ] | 25% Completed | 3.85 s[##########                              ] | 26% Completed | 3.95 s[###########                             ] | 27% Completed | 4.05 s[###########                             ] | 28% Completed | 4.15 s[###########                             ] | 29% Completed | 4.25 s[############                            ] | 30% Completed | 4.35 s[############                            ] | 32% Completed | 4.45 s[#############                           ] | 33% Completed | 4.55 s[#############                           ] | 34% Completed | 4.65 s[##############                          ] | 35% Completed | 4.75 s[##############                          ] | 36% Completed | 4.85 s[###############                         ] | 37% Completed | 4.95 s[###############                         ] | 38% Completed | 5.05 s[###############                         ] | 39% Completed | 5.15 s[################                        ] | 40% Completed | 5.25 s[################                        ] | 42% Completed | 5.35 s[#################                       ] | 43% Completed | 5.45 s[#################                       ] | 44% Completed | 5.55 s[##################                      ] | 45% Completed | 5.65 s[##################                      ] | 46% Completed | 5.75 s[###################                     ] | 47% Completed | 5.85 s[###################                     ] | 48% Completed | 5.95 s[###################                     ] | 49% Completed | 6.05 s[####################                    ] | 50% Completed | 6.15 s[####################                    ] | 51% Completed | 6.25 s[#####################                   ] | 53% Completed | 6.35 s[#####################                   ] | 54% Completed | 6.45 s[######################                  ] | 55% Completed | 6.55 s[######################                  ] | 56% Completed | 6.65 s[######################                  ] | 57% Completed | 6.75 s[#######################                 ] | 58% Completed | 6.85 s[#######################                 ] | 59% Completed | 6.95 s[########################                ] | 60% Completed | 7.05 s[########################                ] | 61% Completed | 7.15 s[#########################               ] | 62% Completed | 7.25 s[#########################               ] | 63% Completed | 7.35 s[#########################               ] | 64% Completed | 7.45 s[##########################              ] | 65% Completed | 7.55 s[##########################              ] | 67% Completed | 7.65 s[###########################             ] | 68% Completed | 7.75 s[###########################             ] | 69% Completed | 7.85 s[############################            ] | 70% Completed | 7.95 s[############################            ] | 71% Completed | 8.05 s[############################            ] | 72% Completed | 8.15 s[#############################           ] | 73% Completed | 8.25 s[#############################           ] | 74% Completed | 8.35 s[##############################          ] | 75% Completed | 8.45 s[##############################          ] | 76% Completed | 8.55 s[###############################         ] | 77% Completed | 8.65 s[###############################         ] | 78% Completed | 8.75 s[####################################### ] | 97% Completed | 9.04 s[########################################] | 100% Completed | 9.14 s
[38;5;23m2026-01-21 14:55:48[39m | [38;5;23mINFO[39m | filtering low coverage contexts (this may take multiple steps)...[39m
[#############                           ] | 34% Completed | 1.00 s[###############                         ] | 37% Completed | 1.10 s[################                        ] | 41% Completed | 1.20 s[##################                      ] | 45% Completed | 1.30 s[###################                     ] | 48% Completed | 1.40 s[####################                    ] | 52% Completed | 1.50 s[######################                  ] | 55% Completed | 1.60 s[#######################                 ] | 59% Completed | 1.70 s[#########################               ] | 63% Completed | 1.80 s[##########################              ] | 66% Completed | 1.90 s[############################            ] | 70% Completed | 2.00 s[#############################           ] | 74% Completed | 2.10 s[###############################         ] | 77% Completed | 2.20 s[################################        ] | 81% Completed | 2.30 s[#################################       ] | 84% Completed | 2.40 s[###################################     ] | 88% Completed | 2.50 s[####################################    ] | 92% Completed | 2.60 s[######################################  ] | 95% Completed | 2.70 s[####################################### ] | 99% Completed | 2.80 s[########################################] | 100% Completed | 2.90 s
[                                        ] | 0% Completed | 1.00 s[                                        ] | 0% Completed | 1.10 s[                                        ] | 0% Completed | 1.20 s[                                        ] | 0% Completed | 1.30 s[                                        ] | 0% Completed | 1.40 s[                                        ] | 0% Completed | 1.50 s[                                        ] | 0% Completed | 1.60 s[                                        ] | 0% Completed | 1.70 s[                                        ] | 0% Completed | 1.80 s[                                        ] | 0% Completed | 1.90 s[                                        ] | 0% Completed | 2.00 s[                                        ] | 0% Completed | 2.10 s[                                        ] | 0% Completed | 2.20 s[                                        ] | 0% Completed | 2.30 s[                                        ] | 0% Completed | 2.40 s[                                        ] | 0% Completed | 2.50 s[                                        ] | 0% Completed | 2.60 s[                                        ] | 0% Completed | 2.70 s[                                        ] | 0% Completed | 2.80 s[                                        ] | 0% Completed | 2.90 s[                                        ] | 0% Completed | 3.00 s[                                        ] | 0% Completed | 3.10 s[                                        ] | 0% Completed | 3.20 s[                                        ] | 0% Completed | 3.30 s[                                        ] | 0% Completed | 3.40 s[                                        ] | 0% Completed | 3.50 s[                                        ] | 0% Completed | 3.60 s[                                        ] | 0% Completed | 3.70 s[                                        ] | 0% Completed | 3.80 s[                                        ] | 0% Completed | 3.90 s[                                        ] | 0% Completed | 4.00 s[                                        ] | 0% Completed | 4.10 s[                                        ] | 0% Completed | 4.20 s[                                        ] | 0% Completed | 4.30 s[                                        ] | 0% Completed | 4.40 s[                                        ] | 0% Completed | 4.50 s[                                        ] | 0% Completed | 4.60 s[                                        ] | 0% Completed | 4.70 s[                                        ] | 0% Completed | 4.80 s[                                        ] | 0% Completed | 4.90 s[                                        ] | 0% Completed | 5.00 s[                                        ] | 0% Completed | 5.10 s[                                        ] | 0% Completed | 5.20 s[                                        ] | 0% Completed | 5.30 s[                                        ] | 0% Completed | 5.40 s[                                        ] | 0% Completed | 5.50 s[                                        ] | 0% Completed | 5.60 s[                                        ] | 0% Completed | 5.70 s[                                        ] | 0% Completed | 5.80 s[                                        ] | 0% Completed | 5.90 s[                                        ] | 0% Completed | 6.00 s[                                        ] | 0% Completed | 6.10 s[                                        ] | 0% Completed | 6.20 s[                                        ] | 0% Completed | 6.30 s[                                        ] | 0% Completed | 6.41 s[                                        ] | 0% Completed | 6.51 s[                                        ] | 0% Completed | 6.61 s[                                        ] | 0% Completed | 6.71 s[                                        ] | 0% Completed | 6.81 s[                                        ] | 0% Completed | 6.91 s[                                        ] | 0% Completed | 7.01 s[                                        ] | 0% Completed | 7.11 s[                                        ] | 0% Completed | 7.21 s[                                        ] | 0% Completed | 7.31 s[                                        ] | 0% Completed | 7.41 s[                                        ] | 0% Completed | 7.51 s[                                        ] | 0% Completed | 7.61 s[                                        ] | 0% Completed | 7.71 s[                                        ] | 0% Completed | 7.81 s[                                        ] | 0% Completed | 7.91 s[                                        ] | 0% Completed | 8.01 s[                                        ] | 0% Completed | 8.11 s[                                        ] | 0% Completed | 8.21 s[                                        ] | 0% Completed | 8.31 s[                                        ] | 0% Completed | 8.41 s[                                        ] | 0% Completed | 8.51 s[                                        ] | 0% Completed | 8.61 s[                                        ] | 0% Completed | 8.71 s[                                        ] | 0% Completed | 8.81 s[                                        ] | 0% Completed | 8.91 s[                                        ] | 0% Completed | 9.01 s[                                        ] | 0% Completed | 9.11 s[                                        ] | 0% Completed | 9.21 s[                                        ] | 0% Completed | 9.31 s[                                        ] | 0% Completed | 9.41 s[                                        ] | 0% Completed | 9.51 s[                                        ] | 0% Completed | 9.61 s[                                        ] | 0% Completed | 9.71 s[                                        ] | 0% Completed | 9.81 s[                                        ] | 0% Completed | 9.91 s[                                        ] | 0% Completed | 10.01 s[                                        ] | 0% Completed | 10.11 s[                                        ] | 0% Completed | 10.21 s[                                        ] | 0% Completed | 10.31 s[                                        ] | 0% Completed | 10.41 s[                                        ] | 0% Completed | 10.51 s[                                        ] | 0% Completed | 10.61 s[                                        ] | 0% Completed | 10.71 s[                                        ] | 0% Completed | 10.81 s[                                        ] | 0% Completed | 10.91 s[                                        ] | 0% Completed | 11.01 s[                                        ] | 0% Completed | 11.11 s[                                        ] | 0% Completed | 11.21 s[                                        ] | 0% Completed | 11.31 s[                                        ] | 0% Completed | 11.41 s[                                        ] | 0% Completed | 11.51 s[                                        ] | 0% Completed | 11.61 s[                                        ] | 0% Completed | 11.71 s[                                        ] | 0% Completed | 11.81 s[                                        ] | 0% Completed | 11.91 s[                                        ] | 0% Completed | 12.01 s[                                        ] | 0% Completed | 12.11 s[                                        ] | 0% Completed | 12.21 s[                                        ] | 0% Completed | 12.31 s[                                        ] | 0% Completed | 12.41 s[                                        ] | 0% Completed | 12.51 s[                                        ] | 0% Completed | 12.61 s[                                        ] | 0% Completed | 12.71 s[                                        ] | 0% Completed | 12.81 s[                                        ] | 0% Completed | 12.91 s[                                        ] | 0% Completed | 13.01 s[                                        ] | 0% Completed | 13.11 s[                                        ] | 0% Completed | 13.21 s[                                        ] | 0% Completed | 13.31 s[                                        ] | 0% Completed | 13.41 s[                                        ] | 0% Completed | 13.51 s[                                        ] | 0% Completed | 13.61 s[                                        ] | 0% Completed | 13.71 s[                                        ] | 0% Completed | 13.81 s[                                        ] | 0% Completed | 13.91 s[                                        ] | 0% Completed | 14.01 s[                                        ] | 0% Completed | 14.11 s[                                        ] | 0% Completed | 14.21 s[                                        ] | 0% Completed | 14.31 s[                                        ] | 0% Completed | 14.41 s[                                        ] | 0% Completed | 14.51 s[                                        ] | 0% Completed | 14.61 s[                                        ] | 0% Completed | 14.71 s[                                        ] | 0% Completed | 14.81 s[                                        ] | 0% Completed | 14.91 s[                                        ] | 0% Completed | 15.01 s[                                        ] | 0% Completed | 15.11 s[                                        ] | 0% Completed | 15.21 s[                                        ] | 0% Completed | 15.31 s[                                        ] | 0% Completed | 15.41 s[                                        ] | 0% Completed | 15.51 s[                                        ] | 0% Completed | 15.61 s[                                        ] | 0% Completed | 15.71 s[                                        ] | 0% Completed | 15.81 s[                                        ] | 0% Completed | 15.91 s[                                        ] | 0% Completed | 16.01 s[                                        ] | 0% Completed | 16.11 s[                                        ] | 0% Completed | 16.21 s[                                        ] | 0% Completed | 16.31 s[                                        ] | 0% Completed | 16.41 s[                                        ] | 0% Completed | 16.51 s[########################################] | 100% Completed | 16.61 s
[                                        ] | 0% Completed | 1.01 s[                                        ] | 0% Completed | 1.12 s[                                        ] | 0% Completed | 1.23 s[                                        ] | 0% Completed | 1.34 s[                                        ] | 0% Completed | 1.54 s[                                        ] | 0% Completed | 1.65 s[#                                       ] | 2% Completed | 1.75 s[#                                       ] | 4% Completed | 1.85 s[##                                      ] | 6% Completed | 1.95 s[###                                     ] | 9% Completed | 2.05 s[####                                    ] | 11% Completed | 2.15 s[#####                                   ] | 13% Completed | 2.25 s[######                                  ] | 15% Completed | 2.35 s[######                                  ] | 17% Completed | 2.45 s[#######                                 ] | 19% Completed | 2.55 s[########                                ] | 21% Completed | 2.65 s[#########                               ] | 22% Completed | 2.75 s[#########                               ] | 24% Completed | 2.85 s[##########                              ] | 26% Completed | 2.95 s[###########                             ] | 28% Completed | 3.05 s[###########                             ] | 29% Completed | 3.15 s[############                            ] | 31% Completed | 3.25 s[#############                           ] | 33% Completed | 3.35 s[#############                           ] | 34% Completed | 3.45 s[##############                          ] | 36% Completed | 3.55 s[###############                         ] | 38% Completed | 3.65 s[################                        ] | 40% Completed | 3.75 s[################                        ] | 41% Completed | 3.85 s[#################                       ] | 43% Completed | 3.95 s[##################                      ] | 45% Completed | 4.05 s[##################                      ] | 47% Completed | 4.15 s[###################                     ] | 48% Completed | 4.25 s[####################                    ] | 50% Completed | 4.35 s[####################                    ] | 52% Completed | 4.45 s[#####################                   ] | 53% Completed | 4.55 s[######################                  ] | 55% Completed | 4.65 s[######################                  ] | 57% Completed | 4.75 s[#######################                 ] | 58% Completed | 4.85 s[########################                ] | 60% Completed | 4.95 s[########################                ] | 62% Completed | 5.05 s[#########################               ] | 64% Completed | 5.15 s[##########################              ] | 65% Completed | 5.25 s[##########################              ] | 67% Completed | 5.35 s[###########################             ] | 69% Completed | 5.45 s[############################            ] | 70% Completed | 5.55 s[#############################           ] | 72% Completed | 5.65 s[#############################           ] | 74% Completed | 5.75 s[##############################          ] | 76% Completed | 5.85 s[###############################         ] | 77% Completed | 5.95 s[###############################         ] | 79% Completed | 6.05 s[########################################] | 100% Completed | 6.38 s
[#########                               ] | 23% Completed | 1.02 s[##########                              ] | 26% Completed | 1.12 s[###########                             ] | 29% Completed | 1.22 s[#############                           ] | 32% Completed | 1.32 s[##############                          ] | 35% Completed | 1.42 s[###############                         ] | 38% Completed | 1.52 s[################                        ] | 41% Completed | 1.62 s[#################                       ] | 44% Completed | 1.72 s[###################                     ] | 48% Completed | 1.82 s[####################                    ] | 51% Completed | 1.92 s[#####################                   ] | 54% Completed | 2.02 s[######################                  ] | 57% Completed | 2.12 s[#######################                 ] | 59% Completed | 2.22 s[########################                ] | 61% Completed | 2.32 s[#########################               ] | 63% Completed | 2.42 s[#########################               ] | 64% Completed | 2.52 s[##########################              ] | 66% Completed | 2.62 s[###########################             ] | 68% Completed | 2.72 s[###########################             ] | 69% Completed | 2.82 s[############################            ] | 71% Completed | 2.92 s[#############################           ] | 73% Completed | 3.02 s[#############################           ] | 74% Completed | 3.12 s[##############################          ] | 77% Completed | 3.22 s[###############################         ] | 79% Completed | 3.32 s[################################        ] | 81% Completed | 3.42 s[#################################       ] | 83% Completed | 3.52 s[##################################      ] | 85% Completed | 3.62 s[###################################     ] | 88% Completed | 3.72 s[####################################    ] | 90% Completed | 3.82 s[#####################################   ] | 92% Completed | 3.92 s[######################################  ] | 95% Completed | 4.02 s[####################################### ] | 97% Completed | 4.12 s[########################################] | 100% Completed | 4.22 s
[#######                                 ] | 17% Completed | 1.00 s[#######                                 ] | 19% Completed | 1.10 s[########                                ] | 22% Completed | 1.20 s[#########                               ] | 24% Completed | 1.30 s[##########                              ] | 27% Completed | 1.40 s[###########                             ] | 29% Completed | 1.50 s[############                            ] | 32% Completed | 1.60 s[#############                           ] | 34% Completed | 1.70 s[##############                          ] | 37% Completed | 1.80 s[###############                         ] | 39% Completed | 1.90 s[#################                       ] | 42% Completed | 2.00 s[##################                      ] | 45% Completed | 2.10 s[###################                     ] | 47% Completed | 2.20 s[####################                    ] | 50% Completed | 2.30 s[#####################                   ] | 52% Completed | 2.40 s[######################                  ] | 55% Completed | 2.50 s[#######################                 ] | 58% Completed | 2.60 s[########################                ] | 61% Completed | 2.70 s[#########################               ] | 64% Completed | 2.80 s[##########################              ] | 66% Completed | 2.90 s[###########################             ] | 69% Completed | 3.00 s[############################            ] | 72% Completed | 3.10 s[##############################          ] | 75% Completed | 3.20 s[###############################         ] | 77% Completed | 3.30 s[################################        ] | 80% Completed | 3.41 s[#################################       ] | 83% Completed | 3.51 s[##################################      ] | 86% Completed | 3.61 s[###################################     ] | 89% Completed | 3.71 s[####################################    ] | 92% Completed | 3.81 s[######################################  ] | 95% Completed | 3.91 s[####################################### ] | 98% Completed | 4.01 s[########################################] | 100% Completed | 4.11 s
[38;5;23m2026-01-21 14:56:30[39m | [38;5;23mINFO[39m | Aggregating dataset for DMR calling (this may take multiple steps)...[39m
[38;5;23m2026-01-21 14:56:30[39m | [38;5;23mINFO[39m | Adding Ranges_ID column to validate merging.[39m
[#######################                 ] | 58% Completed | 1.00 s[#########################               ] | 64% Completed | 1.10 s[############################            ] | 71% Completed | 1.20 s[###############################         ] | 77% Completed | 1.30 s[#################################       ] | 84% Completed | 1.40 s[####################################    ] | 90% Completed | 1.50 s[####################################### ] | 97% Completed | 1.60 s[########################################] | 100% Completed | 1.70 s
[#############                           ] | 34% Completed | 1.03 s[###############                         ] | 39% Completed | 1.13 s[#################                       ] | 43% Completed | 1.23 s[###################                     ] | 48% Completed | 1.33 s[#####################                   ] | 53% Completed | 1.43 s[#######################                 ] | 57% Completed | 1.53 s[########################                ] | 62% Completed | 1.63 s[##########################              ] | 66% Completed | 1.73 s[############################            ] | 70% Completed | 1.83 s[##############################          ] | 75% Completed | 1.93 s[###############################         ] | 79% Completed | 2.03 s[#################################       ] | 84% Completed | 2.13 s[###################################     ] | 89% Completed | 2.23 s[#####################################   ] | 94% Completed | 2.33 s[####################################### ] | 98% Completed | 2.43 s[########################################] | 100% Completed | 2.53 s
[38;5;23m2026-01-21 14:56:48[39m | [38;5;23mINFO[39m | Recoding given covariates from ['sex'] to: ['sex_male'] to handle categorical variables.[39m
[38;5;23m2026-01-21 14:56:48[39m | [33mWARNING[39m | [33m
                    Insufficient number of samples for statistical modeling.
                    Group 0: 2 samples
                    Group 1: 2 samples
                    Need more than 2 samples per group (> 1 + 1 optional covariates).
                    Setting all p-values to 1 and test statistics to 0.[39m
[38;5;23m2026-01-21 14:56:48[39m | [38;5;23mINFO[39m | Returning conservative results due to insufficient sample sizes[39m
[38;5;23m2026-01-21 14:56:48[39m | [33mWARNING[39m | [33mExtra columns detected: Index(['Annotation'], dtype='object'). These will be retained but are not validated.[39m
[38;5;23m2026-01-21 14:56:48[39m | [38;5;23mINFO[39m | Writing DMRs to /expanse/lustre/projects/csd940/zalibhai/biomodal/modality/outputs_CHG/Results/gencode.vM25.mouse.cpg_islands.annotation/DMR_20260121_145648/DMR_mc_control__mutant_20260121_145648.bed.
Columns are :
`Chromosome Start End Name Score Strand num_contexts mean_coverage_across_samples mean_mod_group_1mean_mod_group_2 mod_fold_change mod_difference test_statistic dmr_pvalue dmr_qvalue
Please note that:
 - Name, Score, Strand are not used and are set to `.` for compatibility with pyranges
[39m
[38;5;23m2026-01-21 14:56:48[39m | [38;5;23mINFO[39m | Aggregating dataset for DMR calling (this may take multiple steps)...[39m
[#########################               ] | 63% Completed | 1.00 s[############################            ] | 71% Completed | 1.10 s[###############################         ] | 79% Completed | 1.20 s[##################################      ] | 86% Completed | 1.30 s[#####################################   ] | 94% Completed | 1.40 s[########################################] | 100% Completed | 1.50 s
[#################                       ] | 43% Completed | 1.00 s[###################                     ] | 48% Completed | 1.10 s[#####################                   ] | 53% Completed | 1.20 s[#######################                 ] | 58% Completed | 1.30 s[#########################               ] | 63% Completed | 1.40 s[###########################             ] | 68% Completed | 1.50 s[############################            ] | 72% Completed | 1.60 s[##############################          ] | 77% Completed | 1.70 s[#################################       ] | 82% Completed | 1.80 s[###################################     ] | 87% Completed | 1.90 s[#####################################   ] | 92% Completed | 2.00 s[####################################### ] | 97% Completed | 2.10 s[########################################] | 100% Completed | 2.20 s
[38;5;23m2026-01-21 14:57:02[39m | [38;5;23mINFO[39m | Recoding given covariates from ['sex'] to: ['sex_male'] to handle categorical variables.[39m
[38;5;23m2026-01-21 14:57:02[39m | [33mWARNING[39m | [33m
                    Insufficient number of samples for statistical modeling.
                    Group 0: 2 samples
                    Group 1: 2 samples
                    Need more than 2 samples per group (> 1 + 1 optional covariates).
                    Setting all p-values to 1 and test statistics to 0.[39m
[38;5;23m2026-01-21 14:57:02[39m | [38;5;23mINFO[39m | Returning conservative results due to insufficient sample sizes[39m
[38;5;23m2026-01-21 14:57:02[39m | [33mWARNING[39m | [33mExtra columns detected: Index(['Annotation'], dtype='object'). These will be retained but are not validated.[39m
[38;5;23m2026-01-21 14:57:02[39m | [38;5;23mINFO[39m | Writing DMRs to /expanse/lustre/projects/csd940/zalibhai/biomodal/modality/outputs_CHG/Results/gencode.vM25.mouse.cpg_islands.annotation/DMR_20260121_145648/DMR_hmc_control__mutant_20260121_145648.bed.
Columns are :
`Chromosome Start End Name Score Strand num_contexts mean_coverage_across_samples mean_mod_group_1mean_mod_group_2 mod_fold_change mod_difference test_statistic dmr_pvalue dmr_qvalue
Please note that:
 - Name, Score, Strand are not used and are set to `.` for compatibility with pyranges
[39m
[38;5;23m2026-01-21 14:57:02[39m  [1m[38;5;154mDMR calling completed successfully! Outputs saved to: /expanse/lustre/projects/csd940/zalibhai/biomodal/modality/outputs_CHG/Results/gencode.vM25.mouse.cpg_islands.annotation[39m
[38;5;23m2026-01-21 14:57:02[39m | [38;5;23mINFO[39m | DMR track configuration files saved successfully.[39m
[38;5;23m2026-01-21 14:57:02[39m  Wrote provenance sidecar file to /expanse/lustre/projects/csd940/zalibhai/biomodal/modality/outputs_CHG/Results/gencode.vM25.mouse.cpg_islands.annotation/DMR_20260121_145648/modality_metadata_20260121_145702.json[39m
/expanse/lustre/projects/csd940/zalibhai/biomodal/modality/outputs_CHG/Results/gencode.vM25.mouse.cpg_islands.annotation/DMR_20260121_145648/DMR_mc_control__mutant_20260121_145648.bed /expanse/lustre/projects/csd940/zalibhai/biomodal/modality/outputs_CHG/Results/gencode.vM25.mouse.cpg_islands.annotation/DMR_20260121_145648/DMR_hmc_control__mutant_20260121_145648.bed
[INFO] 2026-01-21 14:57:03 - DMR calling completed for /expanse/lustre/projects/csd940/zalibhai/biomodal/modality/mm10/gencode.vM25.mouse.cpg_islands.annotation.bed.gz
[INFO] 2026-01-21 14:57:03 - Running DMR calling on region file: /expanse/lustre/projects/csd940/zalibhai/biomodal/modality/mm10/gencode.vM25.mouse.cpg_shelves.annotation.bed.gz
Logged in using stored credentials
[38;5;23m2026-01-21 14:57:07[39m  [1m[38;5;123mProvenance information:[39m
[38;5;23m2026-01-21 14:57:07[39m  cmd='/home/zalibhai/miniforge3/envs/modality/bin/modality -v dmr call --zarr-path /expanse/lustre/projects/csd940/zalibhai/biomodal/evoC-run/output/duet-1.5.0_evoC_Bap1_run_6bp/sample_outputs/zarr_store/CHG/evoC_Bap1_run.genome.GRCm38_primary_assembly.dedup.CHG.zarrz --sample-sheet /expanse/lustre/projects/csd940/zalibhai/biomodal/modality/metadata.tsv --condition-array-name condition --methylation-contexts num_mc num_hmc --bedfile /expanse/lustre/projects/csd940/zalibhai/biomodal/modality/mm10/gencode.vM25.mouse.cpg_shelves.annotation.bed.gz --covariates sex --filter-context-depth 10 --condition-order control mutant --output-dir /expanse/lustre/projects/csd940/zalibhai/biomodal/modality/outputs_CHG/Results/gencode.vM25.mouse.cpg_shelves.annotation'
timestamp=2026-01-21T14:57:07.289457
version=1.0.0
user=zalibhai

[39m
[38;5;23m2026-01-21 14:57:07[39m  [1m[38;5;123mStarting differential methylation analysis:[39m
[38;5;23m2026-01-21 14:57:07[39m  [38;5;248mZarr path(s)[39m: ['/expanse/lustre/projects/csd940/zalibhai/biomodal/evoC-run/output/duet-1.5.0_evoC_Bap1_run_6bp/sample_outputs/zarr_store/CHG/evoC_Bap1_run.genome.GRCm38_primary_assembly.dedup.CHG.zarrz'][39m
[38;5;23m2026-01-21 14:57:07[39m  [38;5;248mSample Sheet[39m: /expanse/lustre/projects/csd940/zalibhai/biomodal/modality/metadata.tsv[39m
[38;5;23m2026-01-21 14:57:07[39m  [38;5;248mCondition Array Name[39m: condition[39m
[38;5;23m2026-01-21 14:57:07[39m  [38;5;248mMethylation Contexts[39m: ['num_mc', 'num_hmc'][39m
[38;5;23m2026-01-21 14:57:07[39m  [38;5;248mBedfile[39m: /expanse/lustre/projects/csd940/zalibhai/biomodal/modality/mm10/gencode.vM25.mouse.cpg_shelves.annotation.bed.gz[39m
[38;5;23m2026-01-21 14:57:07[39m  [38;5;248mCovariates[39m: ['sex'][39m
[38;5;23m2026-01-21 14:57:07[39m  [38;5;248mMin Coverage[39m: 10[39m
[38;5;23m2026-01-21 14:57:07[39m  [38;5;248mCondition Order[39m: ['control', 'mutant'][39m
[38;5;23m2026-01-21 14:57:07[39m  [38;5;248mOutput Dir[39m: /expanse/lustre/projects/csd940/zalibhai/biomodal/modality/outputs_CHG/Results/gencode.vM25.mouse.cpg_shelves.annotation[39m
[38;5;23m2026-01-21 14:57:07[39m  [38;5;248mWindow Size[39m: None[39m
[38;5;23m2026-01-21 14:57:07[39m  [38;5;248mNum Contexts[39m: 0[39m
[38;5;23m2026-01-21 14:57:07[39m  [38;5;248mRegion[39m: None[39m
[38;5;23m2026-01-21 14:57:07[39m  [38;5;248mOverdispersion[39m: False[39m
[38;5;23m2026-01-21 14:57:07[39m  [38;5;248mStatistical Test[39m: wald[39m
[38;5;23m2026-01-21 14:57:07[39m  [38;5;248mDisable Strand Merging[39m: False[39m
[38;5;23m2026-01-21 14:57:07[39m  [38;5;248mCompress[39m: False[39m
[38;5;23m2026-01-21 14:57:07[39m | [38;5;23mINFO[39m | Loading Zarr dataset...[39m
[38;5;23m2026-01-21 14:57:19[39m | [38;5;23mINFO[39m | Starting DMR calling process, this could take a few minutes...[39m
[38;5;23m2026-01-21 14:57:19[39m | [38;5;23mINFO[39m | Aligning sample sheet with dataset...[39m
[                                        ] | 0% Completed | 1.09 s[                                        ] | 0% Completed | 1.37 s[                                        ] | 0% Completed | 1.59 s[                                        ] | 0% Completed | 1.70 s[                                        ] | 2% Completed | 1.80 s[#                                       ] | 3% Completed | 1.90 s[#                                       ] | 4% Completed | 2.00 s[##                                      ] | 5% Completed | 2.10 s[##                                      ] | 6% Completed | 2.20 s[##                                      ] | 7% Completed | 2.30 s[###                                     ] | 8% Completed | 2.40 s[###                                     ] | 9% Completed | 2.50 s[####                                    ] | 10% Completed | 2.60 s[####                                    ] | 11% Completed | 2.70 s[#####                                   ] | 12% Completed | 2.80 s[#####                                   ] | 13% Completed | 2.90 s[######                                  ] | 15% Completed | 3.00 s[######                                  ] | 16% Completed | 3.10 s[######                                  ] | 17% Completed | 3.20 s[#######                                 ] | 18% Completed | 3.30 s[#######                                 ] | 19% Completed | 3.40 s[########                                ] | 20% Completed | 3.50 s[########                                ] | 21% Completed | 3.60 s[#########                               ] | 22% Completed | 3.70 s[#########                               ] | 23% Completed | 3.80 s[#########                               ] | 24% Completed | 3.90 s[##########                              ] | 25% Completed | 4.00 s[##########                              ] | 26% Completed | 4.10 s[###########                             ] | 28% Completed | 4.20 s[###########                             ] | 29% Completed | 4.30 s[############                            ] | 30% Completed | 4.40 s[############                            ] | 31% Completed | 4.50 s[############                            ] | 32% Completed | 4.60 s[#############                           ] | 33% Completed | 4.70 s[#############                           ] | 34% Completed | 4.80 s[##############                          ] | 35% Completed | 4.90 s[##############                          ] | 36% Completed | 5.00 s[###############                         ] | 37% Completed | 5.10 s[###############                         ] | 38% Completed | 5.20 s[###############                         ] | 39% Completed | 5.30 s[################                        ] | 41% Completed | 5.40 s[################                        ] | 42% Completed | 5.50 s[#################                       ] | 43% Completed | 5.60 s[#################                       ] | 44% Completed | 5.70 s[##################                      ] | 45% Completed | 5.80 s[##################                      ] | 46% Completed | 5.90 s[###################                     ] | 47% Completed | 6.00 s[###################                     ] | 48% Completed | 6.11 s[###################                     ] | 49% Completed | 6.21 s[####################                    ] | 50% Completed | 6.31 s[####################                    ] | 51% Completed | 6.41 s[#####################                   ] | 53% Completed | 6.51 s[#####################                   ] | 54% Completed | 6.61 s[######################                  ] | 55% Completed | 6.71 s[######################                  ] | 56% Completed | 6.81 s[######################                  ] | 57% Completed | 6.91 s[#######################                 ] | 58% Completed | 7.01 s[#######################                 ] | 59% Completed | 7.11 s[########################                ] | 60% Completed | 7.21 s[########################                ] | 61% Completed | 7.31 s[#########################               ] | 62% Completed | 7.41 s[#########################               ] | 63% Completed | 7.51 s[#########################               ] | 64% Completed | 7.61 s[##########################              ] | 66% Completed | 7.71 s[##########################              ] | 67% Completed | 7.81 s[###########################             ] | 68% Completed | 7.91 s[###########################             ] | 69% Completed | 8.01 s[############################            ] | 70% Completed | 8.11 s[############################            ] | 71% Completed | 8.21 s[#############################           ] | 72% Completed | 8.31 s[#############################           ] | 73% Completed | 8.41 s[#############################           ] | 74% Completed | 8.51 s[##############################          ] | 75% Completed | 8.61 s[##############################          ] | 77% Completed | 8.71 s[###############################         ] | 78% Completed | 8.81 s[########################################] | 100% Completed | 9.21 s
[38;5;23m2026-01-21 14:57:30[39m | [38;5;23mINFO[39m | filtering low coverage contexts (this may take multiple steps)...[39m
[#############                           ] | 32% Completed | 1.00 s[##############                          ] | 36% Completed | 1.10 s[###############                         ] | 39% Completed | 1.20 s[#################                       ] | 43% Completed | 1.30 s[##################                      ] | 46% Completed | 1.40 s[####################                    ] | 50% Completed | 1.50 s[#####################                   ] | 53% Completed | 1.60 s[######################                  ] | 56% Completed | 1.70 s[########################                ] | 60% Completed | 1.80 s[#########################               ] | 64% Completed | 1.90 s[###########################             ] | 67% Completed | 2.00 s[############################            ] | 70% Completed | 2.10 s[#############################           ] | 74% Completed | 2.20 s[##############################          ] | 77% Completed | 2.30 s[################################        ] | 80% Completed | 2.40 s[#################################       ] | 83% Completed | 2.50 s[##################################      ] | 86% Completed | 2.60 s[####################################    ] | 90% Completed | 2.70 s[#####################################   ] | 93% Completed | 2.80 s[######################################  ] | 96% Completed | 2.90 s[####################################### ] | 99% Completed | 3.00 s[########################################] | 100% Completed | 3.10 s
[                                        ] | 0% Completed | 1.00 s[                                        ] | 0% Completed | 1.10 s[                                        ] | 0% Completed | 1.20 s[                                        ] | 0% Completed | 1.30 s[                                        ] | 0% Completed | 1.40 s[                                        ] | 0% Completed | 1.50 s[                                        ] | 0% Completed | 1.60 s[                                        ] | 0% Completed | 1.70 s[                                        ] | 0% Completed | 1.80 s[                                        ] | 0% Completed | 1.90 s[                                        ] | 0% Completed | 2.00 s[                                        ] | 0% Completed | 2.10 s[                                        ] | 0% Completed | 2.20 s[                                        ] | 0% Completed | 2.30 s[                                        ] | 0% Completed | 2.40 s[                                        ] | 0% Completed | 2.50 s[                                        ] | 0% Completed | 2.60 s[                                        ] | 0% Completed | 2.70 s[                                        ] | 0% Completed | 2.80 s[                                        ] | 0% Completed | 2.90 s[                                        ] | 0% Completed | 3.00 s[                                        ] | 0% Completed | 3.10 s[                                        ] | 0% Completed | 3.20 s[                                        ] | 0% Completed | 3.30 s[                                        ] | 0% Completed | 3.40 s[                                        ] | 0% Completed | 3.50 s[                                        ] | 0% Completed | 3.60 s[                                        ] | 0% Completed | 3.70 s[                                        ] | 0% Completed | 3.80 s[                                        ] | 0% Completed | 3.90 s[                                        ] | 0% Completed | 4.00 s[                                        ] | 0% Completed | 4.10 s[                                        ] | 0% Completed | 4.20 s[                                        ] | 0% Completed | 4.30 s[                                        ] | 0% Completed | 4.40 s[                                        ] | 0% Completed | 4.50 s[                                        ] | 0% Completed | 4.60 s[                                        ] | 0% Completed | 4.70 s[                                        ] | 0% Completed | 4.80 s[                                        ] | 0% Completed | 4.90 s[                                        ] | 0% Completed | 5.00 s[                                        ] | 0% Completed | 5.10 s[                                        ] | 0% Completed | 5.20 s[                                        ] | 0% Completed | 5.30 s[                                        ] | 0% Completed | 5.40 s[                                        ] | 0% Completed | 5.50 s[                                        ] | 0% Completed | 5.60 s[                                        ] | 0% Completed | 5.70 s[                                        ] | 0% Completed | 5.80 s[                                        ] | 0% Completed | 5.90 s[                                        ] | 0% Completed | 6.00 s[                                        ] | 0% Completed | 6.10 s[                                        ] | 0% Completed | 6.20 s[                                        ] | 0% Completed | 6.30 s[                                        ] | 0% Completed | 6.40 s[                                        ] | 0% Completed | 6.50 s[                                        ] | 0% Completed | 6.60 s[                                        ] | 0% Completed | 6.70 s[                                        ] | 0% Completed | 6.80 s[                                        ] | 0% Completed | 6.90 s[                                        ] | 0% Completed | 7.00 s[                                        ] | 0% Completed | 7.10 s[                                        ] | 0% Completed | 7.20 s[                                        ] | 0% Completed | 7.31 s[                                        ] | 0% Completed | 7.41 s[                                        ] | 0% Completed | 7.51 s[                                        ] | 0% Completed | 7.61 s[                                        ] | 0% Completed | 7.71 s[                                        ] | 0% Completed | 7.81 s[                                        ] | 0% Completed | 7.91 s[                                        ] | 0% Completed | 8.01 s[                                        ] | 0% Completed | 8.11 s[                                        ] | 0% Completed | 8.21 s[                                        ] | 0% Completed | 8.31 s[                                        ] | 0% Completed | 8.41 s[                                        ] | 0% Completed | 8.51 s[                                        ] | 0% Completed | 8.61 s[                                        ] | 0% Completed | 8.71 s[                                        ] | 0% Completed | 8.81 s[                                        ] | 0% Completed | 8.91 s[                                        ] | 0% Completed | 9.01 s[                                        ] | 0% Completed | 9.11 s[                                        ] | 0% Completed | 9.21 s[                                        ] | 0% Completed | 9.31 s[                                        ] | 0% Completed | 9.41 s[                                        ] | 0% Completed | 9.51 s[                                        ] | 0% Completed | 9.61 s[                                        ] | 0% Completed | 9.71 s[                                        ] | 0% Completed | 9.81 s[                                        ] | 0% Completed | 9.91 s[                                        ] | 0% Completed | 10.01 s[                                        ] | 0% Completed | 10.11 s[                                        ] | 0% Completed | 10.21 s[                                        ] | 0% Completed | 10.31 s[                                        ] | 0% Completed | 10.41 s[                                        ] | 0% Completed | 10.51 s[                                        ] | 0% Completed | 10.61 s[                                        ] | 0% Completed | 10.71 s[                                        ] | 0% Completed | 10.81 s[                                        ] | 0% Completed | 10.91 s[                                        ] | 0% Completed | 11.01 s[                                        ] | 0% Completed | 11.11 s[                                        ] | 0% Completed | 11.21 s[                                        ] | 0% Completed | 11.31 s[                                        ] | 0% Completed | 11.41 s[                                        ] | 0% Completed | 11.51 s[                                        ] | 0% Completed | 11.61 s[                                        ] | 0% Completed | 11.71 s[                                        ] | 0% Completed | 11.81 s[                                        ] | 0% Completed | 11.91 s[                                        ] | 0% Completed | 12.01 s[                                        ] | 0% Completed | 12.11 s[                                        ] | 0% Completed | 12.21 s[                                        ] | 0% Completed | 12.31 s[                                        ] | 0% Completed | 12.41 s[                                        ] | 0% Completed | 12.51 s[                                        ] | 0% Completed | 12.61 s[                                        ] | 0% Completed | 12.71 s[                                        ] | 0% Completed | 12.81 s[                                        ] | 0% Completed | 12.91 s[                                        ] | 0% Completed | 13.01 s[                                        ] | 0% Completed | 13.11 s[                                        ] | 0% Completed | 13.21 s[                                        ] | 0% Completed | 13.31 s[                                        ] | 0% Completed | 13.41 s[                                        ] | 0% Completed | 13.51 s[                                        ] | 0% Completed | 13.61 s[                                        ] | 0% Completed | 13.71 s[                                        ] | 0% Completed | 13.81 s[                                        ] | 0% Completed | 13.91 s[                                        ] | 0% Completed | 14.01 s[                                        ] | 0% Completed | 14.11 s[                                        ] | 0% Completed | 14.21 s[                                        ] | 0% Completed | 14.31 s[                                        ] | 0% Completed | 14.41 s[                                        ] | 0% Completed | 14.51 s[                                        ] | 0% Completed | 14.61 s[                                        ] | 0% Completed | 14.71 s[                                        ] | 0% Completed | 14.81 s[                                        ] | 0% Completed | 14.91 s[                                        ] | 0% Completed | 15.01 s[                                        ] | 0% Completed | 15.11 s[                                        ] | 0% Completed | 15.21 s[                                        ] | 0% Completed | 15.31 s[                                        ] | 0% Completed | 15.41 s[                                        ] | 0% Completed | 15.51 s[                                        ] | 0% Completed | 15.61 s[                                        ] | 0% Completed | 15.71 s[                                        ] | 0% Completed | 15.81 s[                                        ] | 0% Completed | 15.91 s[                                        ] | 0% Completed | 16.01 s[                                        ] | 0% Completed | 16.11 s[                                        ] | 0% Completed | 16.21 s[                                        ] | 0% Completed | 16.31 s[                                        ] | 0% Completed | 16.41 s[                                        ] | 0% Completed | 16.51 s[                                        ] | 0% Completed | 16.61 s[                                        ] | 0% Completed | 16.71 s[                                        ] | 0% Completed | 16.81 s[                                        ] | 0% Completed | 16.91 s[                                        ] | 0% Completed | 17.01 s[                                        ] | 0% Completed | 17.11 s[                                        ] | 0% Completed | 17.21 s[                                        ] | 0% Completed | 17.31 s[                                        ] | 0% Completed | 17.41 s[                                        ] | 0% Completed | 17.51 s[                                        ] | 0% Completed | 17.61 s[                                        ] | 0% Completed | 17.71 s[                                        ] | 0% Completed | 17.81 s[                                        ] | 0% Completed | 17.91 s[                                        ] | 0% Completed | 18.01 s[                                        ] | 0% Completed | 18.11 s[                                        ] | 0% Completed | 18.21 s[                                        ] | 0% Completed | 18.31 s[                                        ] | 0% Completed | 18.41 s[                                        ] | 0% Completed | 18.51 s[                                        ] | 0% Completed | 18.61 s[                                        ] | 0% Completed | 18.71 s[                                        ] | 0% Completed | 18.81 s[                                        ] | 0% Completed | 18.91 s[                                        ] | 0% Completed | 19.01 s[                                        ] | 0% Completed | 19.11 s[                                        ] | 0% Completed | 19.21 s[                                        ] | 0% Completed | 19.31 s[                                        ] | 0% Completed | 19.41 s[                                        ] | 0% Completed | 19.51 s[                                        ] | 0% Completed | 19.61 s[                                        ] | 0% Completed | 19.71 s[                                        ] | 0% Completed | 19.81 s[                                        ] | 0% Completed | 19.91 s[                                        ] | 0% Completed | 20.01 s[                                        ] | 0% Completed | 20.11 s[                                        ] | 0% Completed | 20.21 s[                                        ] | 0% Completed | 20.31 s[                                        ] | 0% Completed | 20.41 s[                                        ] | 0% Completed | 20.51 s[########################################] | 100% Completed | 20.61 s
[                                        ] | 0% Completed | 1.01 s[                                        ] | 0% Completed | 1.12 s[                                        ] | 0% Completed | 1.23 s[                                        ] | 0% Completed | 1.34 s[                                        ] | 0% Completed | 1.54 s[                                        ] | 0% Completed | 1.65 s[#                                       ] | 2% Completed | 1.75 s[#                                       ] | 4% Completed | 1.85 s[##                                      ] | 6% Completed | 1.95 s[###                                     ] | 8% Completed | 2.05 s[###                                     ] | 9% Completed | 2.15 s[####                                    ] | 11% Completed | 2.25 s[#####                                   ] | 13% Completed | 2.35 s[######                                  ] | 15% Completed | 2.45 s[######                                  ] | 17% Completed | 2.55 s[#######                                 ] | 19% Completed | 2.65 s[########                                ] | 20% Completed | 2.75 s[#########                               ] | 22% Completed | 2.85 s[#########                               ] | 24% Completed | 2.95 s[##########                              ] | 26% Completed | 3.05 s[###########                             ] | 28% Completed | 3.15 s[############                            ] | 30% Completed | 3.25 s[############                            ] | 32% Completed | 3.35 s[#############                           ] | 34% Completed | 3.45 s[##############                          ] | 35% Completed | 3.55 s[###############                         ] | 37% Completed | 3.65 s[###############                         ] | 39% Completed | 3.75 s[################                        ] | 41% Completed | 3.85 s[#################                       ] | 43% Completed | 3.95 s[##################                      ] | 45% Completed | 4.05 s[###################                     ] | 47% Completed | 4.15 s[###################                     ] | 49% Completed | 4.25 s[####################                    ] | 51% Completed | 4.35 s[#####################                   ] | 53% Completed | 4.45 s[######################                  ] | 55% Completed | 4.55 s[#######################                 ] | 57% Completed | 4.65 s[#######################                 ] | 59% Completed | 4.75 s[########################                ] | 61% Completed | 4.86 s[#########################               ] | 63% Completed | 4.96 s[##########################              ] | 65% Completed | 5.06 s[###########################             ] | 67% Completed | 5.16 s[###########################             ] | 69% Completed | 5.26 s[############################            ] | 71% Completed | 5.36 s[#############################           ] | 73% Completed | 5.46 s[##############################          ] | 76% Completed | 5.56 s[###############################         ] | 78% Completed | 5.66 s[################################        ] | 80% Completed | 5.76 s[########################################] | 100% Completed | 6.05 s
[###########                             ] | 28% Completed | 1.02 s[############                            ] | 31% Completed | 1.12 s[##############                          ] | 35% Completed | 1.22 s[###############                         ] | 39% Completed | 1.32 s[#################                       ] | 43% Completed | 1.42 s[###################                     ] | 47% Completed | 1.52 s[####################                    ] | 51% Completed | 1.62 s[######################                  ] | 55% Completed | 1.72 s[#######################                 ] | 58% Completed | 1.82 s[#########################               ] | 62% Completed | 1.92 s[##########################              ] | 65% Completed | 2.02 s[###########################             ] | 69% Completed | 2.12 s[############################            ] | 72% Completed | 2.22 s[##############################          ] | 75% Completed | 2.32 s[###############################         ] | 79% Completed | 2.42 s[#################################       ] | 83% Completed | 2.52 s[##################################      ] | 87% Completed | 2.62 s[####################################    ] | 91% Completed | 2.72 s[#####################################   ] | 94% Completed | 2.82 s[####################################### ] | 98% Completed | 2.92 s[########################################] | 100% Completed | 3.02 s
[############                            ] | 32% Completed | 1.00 s[##############                          ] | 35% Completed | 1.10 s[###############                         ] | 39% Completed | 1.20 s[#################                       ] | 42% Completed | 1.30 s[##################                      ] | 46% Completed | 1.40 s[###################                     ] | 49% Completed | 1.50 s[#####################                   ] | 53% Completed | 1.60 s[######################                  ] | 56% Completed | 1.70 s[########################                ] | 60% Completed | 1.80 s[#########################               ] | 63% Completed | 1.90 s[##########################              ] | 66% Completed | 2.00 s[############################            ] | 70% Completed | 2.10 s[#############################           ] | 73% Completed | 2.20 s[##############################          ] | 76% Completed | 2.30 s[################################        ] | 80% Completed | 2.40 s[#################################       ] | 83% Completed | 2.50 s[###################################     ] | 87% Completed | 2.60 s[####################################    ] | 90% Completed | 2.70 s[#####################################   ] | 93% Completed | 2.80 s[######################################  ] | 96% Completed | 2.90 s[####################################### ] | 99% Completed | 3.00 s[########################################] | 100% Completed | 3.10 s
[38;5;23m2026-01-21 14:58:13[39m | [38;5;23mINFO[39m | Aggregating dataset for DMR calling (this may take multiple steps)...[39m
[38;5;23m2026-01-21 14:58:13[39m | [38;5;23mINFO[39m | Adding Ranges_ID column to validate merging.[39m
[################                        ] | 41% Completed | 1.07 s[##################                      ] | 46% Completed | 1.17 s[####################                    ] | 52% Completed | 1.27 s[######################                  ] | 57% Completed | 1.37 s[#########################               ] | 62% Completed | 1.47 s[###########################             ] | 67% Completed | 1.57 s[#############################           ] | 73% Completed | 1.67 s[###############################         ] | 78% Completed | 1.77 s[#################################       ] | 83% Completed | 1.87 s[###################################     ] | 89% Completed | 1.97 s[#####################################   ] | 94% Completed | 2.07 s[########################################] | 100% Completed | 2.17 s
[############                            ] | 31% Completed | 1.00 s[##############                          ] | 35% Completed | 1.10 s[###############                         ] | 38% Completed | 1.20 s[#################                       ] | 42% Completed | 1.30 s[##################                      ] | 46% Completed | 1.40 s[####################                    ] | 50% Completed | 1.50 s[#####################                   ] | 54% Completed | 1.60 s[#######################                 ] | 58% Completed | 1.70 s[########################                ] | 62% Completed | 1.80 s[##########################              ] | 66% Completed | 1.90 s[############################            ] | 70% Completed | 2.00 s[#############################           ] | 74% Completed | 2.10 s[###############################         ] | 77% Completed | 2.20 s[################################        ] | 81% Completed | 2.30 s[##################################      ] | 85% Completed | 2.40 s[###################################     ] | 89% Completed | 2.50 s[#####################################   ] | 93% Completed | 2.60 s[####################################### ] | 97% Completed | 2.70 s[########################################] | 100% Completed | 2.80 s
[38;5;23m2026-01-21 14:58:33[39m | [38;5;23mINFO[39m | Recoding given covariates from ['sex'] to: ['sex_male'] to handle categorical variables.[39m
[38;5;23m2026-01-21 14:58:33[39m | [33mWARNING[39m | [33m
                    Insufficient number of samples for statistical modeling.
                    Group 0: 2 samples
                    Group 1: 2 samples
                    Need more than 2 samples per group (> 1 + 1 optional covariates).
                    Setting all p-values to 1 and test statistics to 0.[39m
[38;5;23m2026-01-21 14:58:33[39m | [38;5;23mINFO[39m | Returning conservative results due to insufficient sample sizes[39m
[38;5;23m2026-01-21 14:58:33[39m | [33mWARNING[39m | [33mExtra columns detected: Index(['Annotation'], dtype='object'). These will be retained but are not validated.[39m
[38;5;23m2026-01-21 14:58:33[39m | [38;5;23mINFO[39m | Writing DMRs to /expanse/lustre/projects/csd940/zalibhai/biomodal/modality/outputs_CHG/Results/gencode.vM25.mouse.cpg_shelves.annotation/DMR_20260121_145833/DMR_mc_control__mutant_20260121_145833.bed.
Columns are :
`Chromosome Start End Name Score Strand num_contexts mean_coverage_across_samples mean_mod_group_1mean_mod_group_2 mod_fold_change mod_difference test_statistic dmr_pvalue dmr_qvalue
Please note that:
 - Name, Score, Strand are not used and are set to `.` for compatibility with pyranges
[39m
[38;5;23m2026-01-21 14:58:33[39m | [38;5;23mINFO[39m | Aggregating dataset for DMR calling (this may take multiple steps)...[39m
[###################                     ] | 47% Completed | 1.00 s[#####################                   ] | 53% Completed | 1.10 s[#######################                 ] | 58% Completed | 1.20 s[#########################               ] | 64% Completed | 1.30 s[###########################             ] | 69% Completed | 1.40 s[##############################          ] | 75% Completed | 1.50 s[################################        ] | 80% Completed | 1.60 s[##################################      ] | 86% Completed | 1.70 s[####################################    ] | 91% Completed | 1.80 s[######################################  ] | 97% Completed | 1.90 s[########################################] | 100% Completed | 2.00 s
[###########                             ] | 29% Completed | 1.00 s[#############                           ] | 33% Completed | 1.10 s[##############                          ] | 37% Completed | 1.20 s[################                        ] | 41% Completed | 1.30 s[##################                      ] | 45% Completed | 1.40 s[###################                     ] | 49% Completed | 1.50 s[#####################                   ] | 53% Completed | 1.60 s[######################                  ] | 56% Completed | 1.70 s[########################                ] | 60% Completed | 1.80 s[#########################               ] | 64% Completed | 1.90 s[###########################             ] | 68% Completed | 2.00 s[############################            ] | 72% Completed | 2.10 s[##############################          ] | 75% Completed | 2.20 s[###############################         ] | 79% Completed | 2.30 s[#################################       ] | 83% Completed | 2.40 s[###################################     ] | 87% Completed | 2.50 s[####################################    ] | 91% Completed | 2.60 s[######################################  ] | 95% Completed | 2.70 s[########################################] | 100% Completed | 2.80 s
[38;5;23m2026-01-21 14:58:48[39m | [38;5;23mINFO[39m | Recoding given covariates from ['sex'] to: ['sex_male'] to handle categorical variables.[39m
[38;5;23m2026-01-21 14:58:49[39m | [33mWARNING[39m | [33m
                    Insufficient number of samples for statistical modeling.
                    Group 0: 2 samples
                    Group 1: 2 samples
                    Need more than 2 samples per group (> 1 + 1 optional covariates).
                    Setting all p-values to 1 and test statistics to 0.[39m
[38;5;23m2026-01-21 14:58:49[39m | [38;5;23mINFO[39m | Returning conservative results due to insufficient sample sizes[39m
[38;5;23m2026-01-21 14:58:49[39m | [33mWARNING[39m | [33mExtra columns detected: Index(['Annotation'], dtype='object'). These will be retained but are not validated.[39m
[38;5;23m2026-01-21 14:58:49[39m | [38;5;23mINFO[39m | Writing DMRs to /expanse/lustre/projects/csd940/zalibhai/biomodal/modality/outputs_CHG/Results/gencode.vM25.mouse.cpg_shelves.annotation/DMR_20260121_145833/DMR_hmc_control__mutant_20260121_145833.bed.
Columns are :
`Chromosome Start End Name Score Strand num_contexts mean_coverage_across_samples mean_mod_group_1mean_mod_group_2 mod_fold_change mod_difference test_statistic dmr_pvalue dmr_qvalue
Please note that:
 - Name, Score, Strand are not used and are set to `.` for compatibility with pyranges
[39m
[38;5;23m2026-01-21 14:58:49[39m  [1m[38;5;154mDMR calling completed successfully! Outputs saved to: /expanse/lustre/projects/csd940/zalibhai/biomodal/modality/outputs_CHG/Results/gencode.vM25.mouse.cpg_shelves.annotation[39m
[38;5;23m2026-01-21 14:58:49[39m | [38;5;23mINFO[39m | DMR track configuration files saved successfully.[39m
[38;5;23m2026-01-21 14:58:49[39m  Wrote provenance sidecar file to /expanse/lustre/projects/csd940/zalibhai/biomodal/modality/outputs_CHG/Results/gencode.vM25.mouse.cpg_shelves.annotation/DMR_20260121_145833/modality_metadata_20260121_145849.json[39m
/expanse/lustre/projects/csd940/zalibhai/biomodal/modality/outputs_CHG/Results/gencode.vM25.mouse.cpg_shelves.annotation/DMR_20260121_145833/DMR_mc_control__mutant_20260121_145833.bed /expanse/lustre/projects/csd940/zalibhai/biomodal/modality/outputs_CHG/Results/gencode.vM25.mouse.cpg_shelves.annotation/DMR_20260121_145833/DMR_hmc_control__mutant_20260121_145833.bed
[INFO] 2026-01-21 14:58:49 - DMR calling completed for /expanse/lustre/projects/csd940/zalibhai/biomodal/modality/mm10/gencode.vM25.mouse.cpg_shelves.annotation.bed.gz
[INFO] 2026-01-21 14:58:49 - Running DMR calling on region file: /expanse/lustre/projects/csd940/zalibhai/biomodal/modality/mm10/gencode.vM25.mouse.cpg_shores.annotation.bed.gz
Logged in using stored credentials
[38;5;23m2026-01-21 14:58:54[39m  [1m[38;5;123mProvenance information:[39m
[38;5;23m2026-01-21 14:58:54[39m  cmd='/home/zalibhai/miniforge3/envs/modality/bin/modality -v dmr call --zarr-path /expanse/lustre/projects/csd940/zalibhai/biomodal/evoC-run/output/duet-1.5.0_evoC_Bap1_run_6bp/sample_outputs/zarr_store/CHG/evoC_Bap1_run.genome.GRCm38_primary_assembly.dedup.CHG.zarrz --sample-sheet /expanse/lustre/projects/csd940/zalibhai/biomodal/modality/metadata.tsv --condition-array-name condition --methylation-contexts num_mc num_hmc --bedfile /expanse/lustre/projects/csd940/zalibhai/biomodal/modality/mm10/gencode.vM25.mouse.cpg_shores.annotation.bed.gz --covariates sex --filter-context-depth 10 --condition-order control mutant --output-dir /expanse/lustre/projects/csd940/zalibhai/biomodal/modality/outputs_CHG/Results/gencode.vM25.mouse.cpg_shores.annotation'
timestamp=2026-01-21T14:58:54.045290
version=1.0.0
user=zalibhai

[39m
[38;5;23m2026-01-21 14:58:54[39m  [1m[38;5;123mStarting differential methylation analysis:[39m
[38;5;23m2026-01-21 14:58:54[39m  [38;5;248mZarr path(s)[39m: ['/expanse/lustre/projects/csd940/zalibhai/biomodal/evoC-run/output/duet-1.5.0_evoC_Bap1_run_6bp/sample_outputs/zarr_store/CHG/evoC_Bap1_run.genome.GRCm38_primary_assembly.dedup.CHG.zarrz'][39m
[38;5;23m2026-01-21 14:58:54[39m  [38;5;248mSample Sheet[39m: /expanse/lustre/projects/csd940/zalibhai/biomodal/modality/metadata.tsv[39m
[38;5;23m2026-01-21 14:58:54[39m  [38;5;248mCondition Array Name[39m: condition[39m
[38;5;23m2026-01-21 14:58:54[39m  [38;5;248mMethylation Contexts[39m: ['num_mc', 'num_hmc'][39m
[38;5;23m2026-01-21 14:58:54[39m  [38;5;248mBedfile[39m: /expanse/lustre/projects/csd940/zalibhai/biomodal/modality/mm10/gencode.vM25.mouse.cpg_shores.annotation.bed.gz[39m
[38;5;23m2026-01-21 14:58:54[39m  [38;5;248mCovariates[39m: ['sex'][39m
[38;5;23m2026-01-21 14:58:54[39m  [38;5;248mMin Coverage[39m: 10[39m
[38;5;23m2026-01-21 14:58:54[39m  [38;5;248mCondition Order[39m: ['control', 'mutant'][39m
[38;5;23m2026-01-21 14:58:54[39m  [38;5;248mOutput Dir[39m: /expanse/lustre/projects/csd940/zalibhai/biomodal/modality/outputs_CHG/Results/gencode.vM25.mouse.cpg_shores.annotation[39m
[38;5;23m2026-01-21 14:58:54[39m  [38;5;248mWindow Size[39m: None[39m
[38;5;23m2026-01-21 14:58:54[39m  [38;5;248mNum Contexts[39m: 0[39m
[38;5;23m2026-01-21 14:58:54[39m  [38;5;248mRegion[39m: None[39m
[38;5;23m2026-01-21 14:58:54[39m  [38;5;248mOverdispersion[39m: False[39m
[38;5;23m2026-01-21 14:58:54[39m  [38;5;248mStatistical Test[39m: wald[39m
[38;5;23m2026-01-21 14:58:54[39m  [38;5;248mDisable Strand Merging[39m: False[39m
[38;5;23m2026-01-21 14:58:54[39m  [38;5;248mCompress[39m: False[39m
[38;5;23m2026-01-21 14:58:54[39m | [38;5;23mINFO[39m | Loading Zarr dataset...[39m
[38;5;23m2026-01-21 14:59:09[39m | [38;5;23mINFO[39m | Starting DMR calling process, this could take a few minutes...[39m
[38;5;23m2026-01-21 14:59:09[39m | [38;5;23mINFO[39m | Aligning sample sheet with dataset...[39m
[                                        ] | 0% Completed | 1.10 s[                                        ] | 0% Completed | 1.22 s[                                        ] | 0% Completed | 1.43 s[                                        ] | 0% Completed | 1.66 s[                                        ] | 0% Completed | 1.77 s[                                        ] | 1% Completed | 1.87 s[                                        ] | 2% Completed | 1.97 s[#                                       ] | 3% Completed | 2.07 s[#                                       ] | 3% Completed | 2.17 s[#                                       ] | 4% Completed | 2.27 s[##                                      ] | 5% Completed | 2.37 s[##                                      ] | 6% Completed | 2.47 s[##                                      ] | 7% Completed | 2.57 s[###                                     ] | 8% Completed | 2.67 s[###                                     ] | 8% Completed | 2.77 s[###                                     ] | 9% Completed | 2.87 s[####                                    ] | 10% Completed | 2.97 s[####                                    ] | 11% Completed | 3.07 s[####                                    ] | 12% Completed | 3.17 s[#####                                   ] | 13% Completed | 3.27 s[#####                                   ] | 13% Completed | 3.37 s[#####                                   ] | 14% Completed | 3.47 s[######                                  ] | 15% Completed | 3.57 s[######                                  ] | 16% Completed | 3.67 s[######                                  ] | 17% Completed | 3.77 s[#######                                 ] | 18% Completed | 3.87 s[#######                                 ] | 18% Completed | 3.97 s[#######                                 ] | 19% Completed | 4.07 s[#######                                 ] | 19% Completed | 4.17 s[########                                ] | 20% Completed | 4.27 s[########                                ] | 21% Completed | 4.37 s[########                                ] | 21% Completed | 4.47 s[########                                ] | 22% Completed | 4.57 s[#########                               ] | 22% Completed | 4.67 s[#########                               ] | 23% Completed | 4.77 s[#########                               ] | 24% Completed | 4.87 s[#########                               ] | 24% Completed | 4.97 s[##########                              ] | 25% Completed | 5.07 s[##########                              ] | 26% Completed | 5.17 s[##########                              ] | 27% Completed | 5.27 s[###########                             ] | 27% Completed | 5.37 s[###########                             ] | 28% Completed | 5.47 s[###########                             ] | 29% Completed | 5.57 s[############                            ] | 30% Completed | 5.67 s[############                            ] | 31% Completed | 5.77 s[############                            ] | 31% Completed | 5.87 s[#############                           ] | 32% Completed | 5.97 s[#############                           ] | 33% Completed | 6.07 s[#############                           ] | 34% Completed | 6.17 s[##############                          ] | 35% Completed | 6.27 s[##############                          ] | 35% Completed | 6.37 s[##############                          ] | 36% Completed | 6.47 s[###############                         ] | 37% Completed | 6.57 s[###############                         ] | 38% Completed | 6.67 s[###############                         ] | 38% Completed | 6.77 s[###############                         ] | 39% Completed | 6.87 s[################                        ] | 40% Completed | 6.97 s[################                        ] | 41% Completed | 7.07 s[################                        ] | 41% Completed | 7.17 s[#################                       ] | 42% Completed | 7.27 s[#################                       ] | 43% Completed | 7.37 s[#################                       ] | 43% Completed | 7.47 s[#################                       ] | 44% Completed | 7.57 s[##################                      ] | 45% Completed | 7.67 s[##################                      ] | 46% Completed | 7.77 s[##################                      ] | 46% Completed | 7.87 s[###################                     ] | 47% Completed | 7.97 s[###################                     ] | 48% Completed | 8.07 s[###################                     ] | 49% Completed | 8.17 s[###################                     ] | 49% Completed | 8.27 s[####################                    ] | 50% Completed | 8.37 s[####################                    ] | 51% Completed | 8.47 s[####################                    ] | 52% Completed | 8.57 s[#####################                   ] | 52% Completed | 8.67 s[#####################                   ] | 53% Completed | 8.77 s[#####################                   ] | 54% Completed | 8.88 s[#####################                   ] | 54% Completed | 8.98 s[######################                  ] | 55% Completed | 9.08 s[######################                  ] | 56% Completed | 9.18 s[######################                  ] | 57% Completed | 9.28 s[#######################                 ] | 58% Completed | 9.38 s[#######################                 ] | 58% Completed | 9.48 s[#######################                 ] | 59% Completed | 9.58 s[########################                ] | 60% Completed | 9.68 s[########################                ] | 60% Completed | 9.78 s[########################                ] | 61% Completed | 9.88 s[########################                ] | 62% Completed | 9.98 s[#########################               ] | 63% Completed | 10.08 s[#########################               ] | 63% Completed | 10.18 s[#########################               ] | 64% Completed | 10.28 s[#########################               ] | 64% Completed | 10.38 s[##########################              ] | 65% Completed | 10.48 s[##########################              ] | 65% Completed | 10.58 s[##########################              ] | 66% Completed | 10.68 s[##########################              ] | 67% Completed | 10.78 s[###########################             ] | 67% Completed | 10.88 s[###########################             ] | 68% Completed | 10.98 s[###########################             ] | 68% Completed | 11.08 s[###########################             ] | 69% Completed | 11.18 s[############################            ] | 70% Completed | 11.28 s[############################            ] | 71% Completed | 11.38 s[############################            ] | 72% Completed | 11.48 s[#############################           ] | 72% Completed | 11.58 s[#############################           ] | 73% Completed | 11.68 s[#############################           ] | 74% Completed | 11.78 s[##############################          ] | 75% Completed | 11.88 s[##############################          ] | 76% Completed | 11.98 s[##############################          ] | 77% Completed | 12.08 s[###############################         ] | 78% Completed | 12.18 s[###############################         ] | 78% Completed | 12.28 s[########################################] | 100% Completed | 12.62 s
[38;5;23m2026-01-21 14:59:23[39m | [38;5;23mINFO[39m | filtering low coverage contexts (this may take multiple steps)...[39m
[########                                ] | 20% Completed | 1.00 s[########                                ] | 22% Completed | 1.10 s[#########                               ] | 24% Completed | 1.20 s[##########                              ] | 27% Completed | 1.30 s[###########                             ] | 29% Completed | 1.40 s[############                            ] | 31% Completed | 1.50 s[#############                           ] | 33% Completed | 1.60 s[##############                          ] | 35% Completed | 1.70 s[###############                         ] | 37% Completed | 1.80 s[###############                         ] | 39% Completed | 1.90 s[################                        ] | 41% Completed | 2.00 s[#################                       ] | 43% Completed | 2.10 s[##################                      ] | 46% Completed | 2.20 s[###################                     ] | 49% Completed | 2.30 s[####################                    ] | 51% Completed | 2.40 s[#####################                   ] | 54% Completed | 2.50 s[######################                  ] | 56% Completed | 2.60 s[#######################                 ] | 59% Completed | 2.70 s[########################                ] | 62% Completed | 2.80 s[#########################               ] | 63% Completed | 2.90 s[##########################              ] | 65% Completed | 3.00 s[###########################             ] | 68% Completed | 3.10 s[############################            ] | 70% Completed | 3.20 s[#############################           ] | 73% Completed | 3.30 s[##############################          ] | 75% Completed | 3.41 s[###############################         ] | 78% Completed | 3.51 s[################################        ] | 80% Completed | 3.61 s[#################################       ] | 83% Completed | 3.71 s[##################################      ] | 85% Completed | 3.81 s[###################################     ] | 88% Completed | 3.91 s[####################################    ] | 90% Completed | 4.01 s[#####################################   ] | 93% Completed | 4.11 s[######################################  ] | 95% Completed | 4.21 s[####################################### ] | 98% Completed | 4.31 s[########################################] | 100% Completed | 4.41 s
[                                        ] | 0% Completed | 1.00 s[                                        ] | 0% Completed | 1.10 s[                                        ] | 0% Completed | 1.20 s[                                        ] | 0% Completed | 1.30 s[                                        ] | 0% Completed | 1.40 s[                                        ] | 0% Completed | 1.50 s[                                        ] | 0% Completed | 1.60 s[                                        ] | 0% Completed | 1.70 s[                                        ] | 0% Completed | 1.80 s[                                        ] | 0% Completed | 1.90 s[                                        ] | 0% Completed | 2.00 s[                                        ] | 0% Completed | 2.10 s[                                        ] | 0% Completed | 2.20 s[                                        ] | 0% Completed | 2.30 s[                                        ] | 0% Completed | 2.40 s[                                        ] | 0% Completed | 2.50 s[                                        ] | 0% Completed | 2.60 s[                                        ] | 0% Completed | 2.70 s[                                        ] | 0% Completed | 2.80 s[                                        ] | 0% Completed | 2.90 s[                                        ] | 0% Completed | 3.00 s[                                        ] | 0% Completed | 3.10 s[                                        ] | 0% Completed | 3.20 s[                                        ] | 0% Completed | 3.30 s[                                        ] | 0% Completed | 3.40 s[                                        ] | 0% Completed | 3.50 s[                                        ] | 0% Completed | 3.60 s[                                        ] | 0% Completed | 3.70 s[                                        ] | 0% Completed | 3.80 s[                                        ] | 0% Completed | 3.90 s[                                        ] | 0% Completed | 4.00 s[                                        ] | 0% Completed | 4.10 s[                                        ] | 0% Completed | 4.20 s[                                        ] | 0% Completed | 4.30 s[                                        ] | 0% Completed | 4.40 s[                                        ] | 0% Completed | 4.50 s[                                        ] | 0% Completed | 4.60 s[                                        ] | 0% Completed | 4.70 s[                                        ] | 0% Completed | 4.80 s[                                        ] | 0% Completed | 4.90 s[                                        ] | 0% Completed | 5.00 s[                                        ] | 0% Completed | 5.10 s[                                        ] | 0% Completed | 5.20 s[                                        ] | 0% Completed | 5.30 s[                                        ] | 0% Completed | 5.40 s[                                        ] | 0% Completed | 5.50 s[                                        ] | 0% Completed | 5.60 s[                                        ] | 0% Completed | 5.70 s[                                        ] | 0% Completed | 5.80 s[                                        ] | 0% Completed | 5.90 s[                                        ] | 0% Completed | 6.00 s[                                        ] | 0% Completed | 6.10 s[                                        ] | 0% Completed | 6.20 s[                                        ] | 0% Completed | 6.30 s[                                        ] | 0% Completed | 6.40 s[                                        ] | 0% Completed | 6.50 s[                                        ] | 0% Completed | 6.61 s[                                        ] | 0% Completed | 6.71 s[                                        ] | 0% Completed | 6.81 s[                                        ] | 0% Completed | 6.91 s[                                        ] | 0% Completed | 7.01 s[                                        ] | 0% Completed | 7.11 s[                                        ] | 0% Completed | 7.21 s[                                        ] | 0% Completed | 7.31 s[                                        ] | 0% Completed | 7.41 s[                                        ] | 0% Completed | 7.51 s[                                        ] | 0% Completed | 7.61 s[                                        ] | 0% Completed | 7.71 s[                                        ] | 0% Completed | 7.81 s[                                        ] | 0% Completed | 7.91 s[                                        ] | 0% Completed | 8.01 s[                                        ] | 0% Completed | 8.11 s[                                        ] | 0% Completed | 8.21 s[                                        ] | 0% Completed | 8.31 s[                                        ] | 0% Completed | 8.41 s[                                        ] | 0% Completed | 8.51 s[                                        ] | 0% Completed | 8.61 s[                                        ] | 0% Completed | 8.71 s[                                        ] | 0% Completed | 8.81 s[                                        ] | 0% Completed | 8.91 s[                                        ] | 0% Completed | 9.01 s[                                        ] | 0% Completed | 9.11 s[                                        ] | 0% Completed | 9.21 s[                                        ] | 0% Completed | 9.31 s[                                        ] | 0% Completed | 9.41 s[                                        ] | 0% Completed | 9.51 s[                                        ] | 0% Completed | 9.61 s[                                        ] | 0% Completed | 9.71 s[                                        ] | 0% Completed | 9.81 s[                                        ] | 0% Completed | 9.91 s[                                        ] | 0% Completed | 10.01 s[                                        ] | 0% Completed | 10.11 s[                                        ] | 0% Completed | 10.21 s[                                        ] | 0% Completed | 10.31 s[                                        ] | 0% Completed | 10.41 s[                                        ] | 0% Completed | 10.51 s[                                        ] | 0% Completed | 10.61 s[                                        ] | 0% Completed | 10.71 s[                                        ] | 0% Completed | 10.81 s[                                        ] | 0% Completed | 10.91 s[                                        ] | 0% Completed | 11.01 s[                                        ] | 0% Completed | 11.11 s[                                        ] | 0% Completed | 11.21 s[                                        ] | 0% Completed | 11.31 s[                                        ] | 0% Completed | 11.41 s[                                        ] | 0% Completed | 11.51 s[                                        ] | 0% Completed | 11.61 s[                                        ] | 0% Completed | 11.71 s[                                        ] | 0% Completed | 11.81 s[                                        ] | 0% Completed | 11.91 s[                                        ] | 0% Completed | 12.01 s[                                        ] | 0% Completed | 12.11 s[                                        ] | 0% Completed | 12.21 s[                                        ] | 0% Completed | 12.31 s[                                        ] | 0% Completed | 12.41 s[                                        ] | 0% Completed | 12.51 s[                                        ] | 0% Completed | 12.61 s[                                        ] | 0% Completed | 12.71 s[                                        ] | 0% Completed | 12.81 s[                                        ] | 0% Completed | 12.91 s[                                        ] | 0% Completed | 13.01 s[                                        ] | 0% Completed | 13.11 s[                                        ] | 0% Completed | 13.21 s[                                        ] | 0% Completed | 13.31 s[                                        ] | 0% Completed | 13.41 s[                                        ] | 0% Completed | 13.51 s[                                        ] | 0% Completed | 13.61 s[                                        ] | 0% Completed | 13.71 s[                                        ] | 0% Completed | 13.81 s[                                        ] | 0% Completed | 13.91 s[                                        ] | 0% Completed | 14.01 s[                                        ] | 0% Completed | 14.11 s[                                        ] | 0% Completed | 14.21 s[                                        ] | 0% Completed | 14.31 s[                                        ] | 0% Completed | 14.41 s[                                        ] | 0% Completed | 14.51 s[                                        ] | 0% Completed | 14.61 s[                                        ] | 0% Completed | 14.71 s[                                        ] | 0% Completed | 14.81 s[                                        ] | 0% Completed | 14.91 s[                                        ] | 0% Completed | 15.01 s[                                        ] | 0% Completed | 15.11 s[                                        ] | 0% Completed | 15.21 s[                                        ] | 0% Completed | 15.31 s[                                        ] | 0% Completed | 15.41 s[                                        ] | 0% Completed | 15.51 s[                                        ] | 0% Completed | 15.61 s[                                        ] | 0% Completed | 15.71 s[                                        ] | 0% Completed | 15.81 s[                                        ] | 0% Completed | 15.91 s[                                        ] | 0% Completed | 16.01 s[                                        ] | 0% Completed | 16.11 s[                                        ] | 0% Completed | 16.21 s[                                        ] | 0% Completed | 16.31 s[                                        ] | 0% Completed | 16.41 s[                                        ] | 0% Completed | 16.51 s[                                        ] | 0% Completed | 16.61 s[                                        ] | 0% Completed | 16.71 s[                                        ] | 0% Completed | 16.81 s[                                        ] | 0% Completed | 16.91 s[                                        ] | 0% Completed | 17.01 s[                                        ] | 0% Completed | 17.11 s[                                        ] | 0% Completed | 17.21 s[                                        ] | 0% Completed | 17.31 s[                                        ] | 0% Completed | 17.41 s[                                        ] | 0% Completed | 17.51 s[                                        ] | 0% Completed | 17.61 s[                                        ] | 0% Completed | 17.71 s[                                        ] | 0% Completed | 17.81 s[                                        ] | 0% Completed | 17.91 s[                                        ] | 0% Completed | 18.01 s[                                        ] | 0% Completed | 18.11 s[                                        ] | 0% Completed | 18.21 s[                                        ] | 0% Completed | 18.31 s[                                        ] | 0% Completed | 18.41 s[                                        ] | 0% Completed | 18.51 s[                                        ] | 0% Completed | 18.61 s[                                        ] | 0% Completed | 18.71 s[                                        ] | 0% Completed | 18.81 s[                                        ] | 0% Completed | 18.91 s[                                        ] | 0% Completed | 19.01 s[                                        ] | 0% Completed | 19.11 s[                                        ] | 0% Completed | 19.21 s[                                        ] | 0% Completed | 19.31 s[                                        ] | 0% Completed | 19.41 s[                                        ] | 0% Completed | 19.51 s[                                        ] | 0% Completed | 19.62 s[                                        ] | 0% Completed | 19.72 s[                                        ] | 0% Completed | 19.82 s[                                        ] | 0% Completed | 19.92 s[                                        ] | 0% Completed | 20.02 s[                                        ] | 0% Completed | 20.12 s[########################################] | 100% Completed | 20.22 s
[                                        ] | 0% Completed | 1.09 s[                                        ] | 0% Completed | 1.20 s[                                        ] | 0% Completed | 1.31 s[                                        ] | 0% Completed | 1.42 s[                                        ] | 0% Completed | 1.72 s[                                        ] | 0% Completed | 1.82 s[                                        ] | 1% Completed | 1.92 s[#                                       ] | 3% Completed | 2.02 s[#                                       ] | 4% Completed | 2.12 s[##                                      ] | 5% Completed | 2.23 s[##                                      ] | 6% Completed | 2.33 s[##                                      ] | 7% Completed | 2.43 s[###                                     ] | 8% Completed | 2.53 s[###                                     ] | 9% Completed | 2.63 s[####                                    ] | 10% Completed | 2.73 s[####                                    ] | 11% Completed | 2.83 s[####                                    ] | 12% Completed | 2.93 s[#####                                   ] | 13% Completed | 3.03 s[#####                                   ] | 14% Completed | 3.13 s[######                                  ] | 15% Completed | 3.23 s[######                                  ] | 16% Completed | 3.33 s[#######                                 ] | 17% Completed | 3.43 s[#######                                 ] | 18% Completed | 3.53 s[#######                                 ] | 19% Completed | 3.63 s[########                                ] | 20% Completed | 3.73 s[########                                ] | 21% Completed | 3.83 s[#########                               ] | 22% Completed | 3.93 s[#########                               ] | 23% Completed | 4.03 s[#########                               ] | 24% Completed | 4.13 s[##########                              ] | 25% Completed | 4.23 s[##########                              ] | 26% Completed | 4.33 s[###########                             ] | 27% Completed | 4.43 s[###########                             ] | 28% Completed | 4.53 s[############                            ] | 30% Completed | 4.63 s[############                            ] | 31% Completed | 4.73 s[############                            ] | 32% Completed | 4.83 s[#############                           ] | 33% Completed | 4.93 s[#############                           ] | 34% Completed | 5.03 s[##############                          ] | 35% Completed | 5.13 s[##############                          ] | 37% Completed | 5.23 s[###############                         ] | 38% Completed | 5.33 s[###############                         ] | 39% Completed | 5.43 s[################                        ] | 40% Completed | 5.53 s[################                        ] | 41% Completed | 5.63 s[################                        ] | 42% Completed | 5.73 s[#################                       ] | 43% Completed | 5.83 s[#################                       ] | 44% Completed | 5.93 s[##################                      ] | 45% Completed | 6.03 s[##################                      ] | 46% Completed | 6.13 s[###################                     ] | 47% Completed | 6.23 s[###################                     ] | 48% Completed | 6.33 s[###################                     ] | 49% Completed | 6.43 s[####################                    ] | 50% Completed | 6.53 s[####################                    ] | 52% Completed | 6.63 s[#####################                   ] | 53% Completed | 6.73 s[#####################                   ] | 54% Completed | 6.83 s[######################                  ] | 55% Completed | 6.93 s[######################                  ] | 56% Completed | 7.03 s[######################                  ] | 57% Completed | 7.13 s[#######################                 ] | 58% Completed | 7.23 s[#######################                 ] | 59% Completed | 7.33 s[########################                ] | 60% Completed | 7.43 s[########################                ] | 61% Completed | 7.53 s[#########################               ] | 62% Completed | 7.63 s[#########################               ] | 64% Completed | 7.73 s[##########################              ] | 65% Completed | 7.83 s[##########################              ] | 66% Completed | 7.93 s[###########################             ] | 67% Completed | 8.03 s[###########################             ] | 68% Completed | 8.13 s[############################            ] | 70% Completed | 8.23 s[############################            ] | 71% Completed | 8.33 s[############################            ] | 72% Completed | 8.43 s[#############################           ] | 73% Completed | 8.53 s[#############################           ] | 74% Completed | 8.63 s[##############################          ] | 76% Completed | 8.73 s[##############################          ] | 77% Completed | 8.83 s[###############################         ] | 78% Completed | 8.93 s[########################################] | 100% Completed | 9.35 s
[#####                                   ] | 14% Completed | 1.09 s[######                                  ] | 15% Completed | 1.19 s[######                                  ] | 17% Completed | 1.29 s[#######                                 ] | 18% Completed | 1.39 s[########                                ] | 20% Completed | 1.49 s[########                                ] | 22% Completed | 1.59 s[#########                               ] | 23% Completed | 1.69 s[##########                              ] | 25% Completed | 1.79 s[##########                              ] | 26% Completed | 1.89 s[###########                             ] | 28% Completed | 1.99 s[############                            ] | 30% Completed | 2.09 s[############                            ] | 32% Completed | 2.19 s[#############                           ] | 33% Completed | 2.29 s[#############                           ] | 34% Completed | 2.39 s[##############                          ] | 35% Completed | 2.49 s[##############                          ] | 36% Completed | 2.59 s[##############                          ] | 37% Completed | 2.69 s[###############                         ] | 38% Completed | 2.79 s[###############                         ] | 39% Completed | 2.89 s[################                        ] | 40% Completed | 2.99 s[################                        ] | 41% Completed | 3.09 s[################                        ] | 42% Completed | 3.19 s[#################                       ] | 43% Completed | 3.29 s[#################                       ] | 44% Completed | 3.39 s[##################                      ] | 45% Completed | 3.49 s[##################                      ] | 47% Completed | 3.59 s[###################                     ] | 49% Completed | 3.69 s[####################                    ] | 51% Completed | 3.79 s[#####################                   ] | 53% Completed | 3.89 s[######################                  ] | 55% Completed | 3.99 s[#######################                 ] | 57% Completed | 4.09 s[#######################                 ] | 59% Completed | 4.19 s[########################                ] | 61% Completed | 4.29 s[#########################               ] | 63% Completed | 4.39 s[#########################               ] | 64% Completed | 4.49 s[##########################              ] | 65% Completed | 4.59 s[##########################              ] | 67% Completed | 4.69 s[###########################             ] | 68% Completed | 4.79 s[###########################             ] | 69% Completed | 4.89 s[############################            ] | 70% Completed | 4.99 s[############################            ] | 72% Completed | 5.09 s[#############################           ] | 73% Completed | 5.19 s[#############################           ] | 74% Completed | 5.29 s[##############################          ] | 76% Completed | 5.39 s[###############################         ] | 78% Completed | 5.49 s[###############################         ] | 79% Completed | 5.59 s[################################        ] | 81% Completed | 5.69 s[#################################       ] | 83% Completed | 5.79 s[#################################       ] | 84% Completed | 5.89 s[##################################      ] | 85% Completed | 5.99 s[##################################      ] | 87% Completed | 6.09 s[###################################     ] | 89% Completed | 6.19 s[####################################    ] | 90% Completed | 6.29 s[#####################################   ] | 92% Completed | 6.39 s[#####################################   ] | 94% Completed | 6.49 s[######################################  ] | 96% Completed | 6.59 s[####################################### ] | 98% Completed | 6.69 s[########################################] | 100% Completed | 6.79 s
[####                                    ] | 12% Completed | 1.00 s[#####                                   ] | 13% Completed | 1.10 s[#####                                   ] | 14% Completed | 1.20 s[######                                  ] | 15% Completed | 1.30 s[######                                  ] | 17% Completed | 1.40 s[#######                                 ] | 18% Completed | 1.50 s[#######                                 ] | 19% Completed | 1.60 s[########                                ] | 21% Completed | 1.70 s[########                                ] | 22% Completed | 1.80 s[#########                               ] | 23% Completed | 1.90 s[##########                              ] | 25% Completed | 2.00 s[##########                              ] | 26% Completed | 2.10 s[###########                             ] | 27% Completed | 2.20 s[###########                             ] | 29% Completed | 2.30 s[############                            ] | 30% Completed | 2.40 s[############                            ] | 32% Completed | 2.50 s[#############                           ] | 33% Completed | 2.60 s[#############                           ] | 34% Completed | 2.70 s[##############                          ] | 35% Completed | 2.80 s[##############                          ] | 37% Completed | 2.90 s[###############                         ] | 38% Completed | 3.00 s[################                        ] | 40% Completed | 3.10 s[################                        ] | 41% Completed | 3.20 s[#################                       ] | 42% Completed | 3.30 s[#################                       ] | 44% Completed | 3.40 s[##################                      ] | 45% Completed | 3.50 s[##################                      ] | 47% Completed | 3.60 s[###################                     ] | 48% Completed | 3.70 s[###################                     ] | 49% Completed | 3.80 s[####################                    ] | 51% Completed | 3.90 s[#####################                   ] | 52% Completed | 4.00 s[#####################                   ] | 54% Completed | 4.10 s[######################                  ] | 55% Completed | 4.20 s[######################                  ] | 57% Completed | 4.30 s[#######################                 ] | 58% Completed | 4.40 s[########################                ] | 60% Completed | 4.50 s[########################                ] | 61% Completed | 4.60 s[#########################               ] | 63% Completed | 4.70 s[#########################               ] | 64% Completed | 4.80 s[##########################              ] | 65% Completed | 4.90 s[##########################              ] | 67% Completed | 5.00 s[###########################             ] | 68% Completed | 5.10 s[############################            ] | 70% Completed | 5.20 s[############################            ] | 71% Completed | 5.30 s[#############################           ] | 73% Completed | 5.40 s[#############################           ] | 74% Completed | 5.50 s[##############################          ] | 75% Completed | 5.60 s[##############################          ] | 77% Completed | 5.71 s[###############################         ] | 78% Completed | 5.81 s[################################        ] | 80% Completed | 5.91 s[################################        ] | 81% Completed | 6.01 s[#################################       ] | 83% Completed | 6.11 s[##################################      ] | 85% Completed | 6.21 s[##################################      ] | 86% Completed | 6.31 s[###################################     ] | 88% Completed | 6.41 s[###################################     ] | 89% Completed | 6.51 s[####################################    ] | 91% Completed | 6.61 s[#####################################   ] | 92% Completed | 6.71 s[#####################################   ] | 94% Completed | 6.81 s[######################################  ] | 95% Completed | 6.91 s[######################################  ] | 97% Completed | 7.01 s[####################################### ] | 98% Completed | 7.11 s[########################################] | 100% Completed | 7.21 s
[38;5;23m2026-01-21 15:00:19[39m | [38;5;23mINFO[39m | Aggregating dataset for DMR calling (this may take multiple steps)...[39m
[38;5;23m2026-01-21 15:00:19[39m | [38;5;23mINFO[39m | Adding Ranges_ID column to validate merging.[39m
[#########                               ] | 24% Completed | 1.00 s[###########                             ] | 27% Completed | 1.10 s[############                            ] | 31% Completed | 1.20 s[##############                          ] | 35% Completed | 1.30 s[###############                         ] | 38% Completed | 1.40 s[################                        ] | 40% Completed | 1.50 s[#################                       ] | 43% Completed | 1.60 s[##################                      ] | 45% Completed | 1.70 s[###################                     ] | 49% Completed | 1.80 s[#####################                   ] | 54% Completed | 1.90 s[#######################                 ] | 58% Completed | 2.00 s[#########################               ] | 63% Completed | 2.10 s[###########################             ] | 67% Completed | 2.20 s[############################            ] | 72% Completed | 2.30 s[##############################          ] | 76% Completed | 2.40 s[################################        ] | 80% Completed | 2.50 s[##################################      ] | 86% Completed | 2.60 s[#####################################   ] | 92% Completed | 2.70 s[####################################### ] | 99% Completed | 2.80 s[########################################] | 100% Completed | 2.90 s
[#########                               ] | 24% Completed | 1.00 s[##########                              ] | 26% Completed | 1.10 s[###########                             ] | 29% Completed | 1.20 s[############                            ] | 32% Completed | 1.30 s[#############                           ] | 34% Completed | 1.40 s[##############                          ] | 35% Completed | 1.50 s[###############                         ] | 37% Completed | 1.60 s[################                        ] | 40% Completed | 1.70 s[#################                       ] | 43% Completed | 1.80 s[##################                      ] | 46% Completed | 1.90 s[####################                    ] | 50% Completed | 2.00 s[#####################                   ] | 53% Completed | 2.10 s[######################                  ] | 56% Completed | 2.20 s[#######################                 ] | 59% Completed | 2.30 s[########################                ] | 62% Completed | 2.40 s[##########################              ] | 65% Completed | 2.50 s[###########################             ] | 68% Completed | 2.60 s[############################            ] | 71% Completed | 2.70 s[#############################           ] | 73% Completed | 2.80 s[##############################          ] | 76% Completed | 2.90 s[###############################         ] | 79% Completed | 3.00 s[################################        ] | 81% Completed | 3.10 s[#################################       ] | 83% Completed | 3.20 s[##################################      ] | 85% Completed | 3.30 s[###################################     ] | 88% Completed | 3.40 s[####################################    ] | 91% Completed | 3.50 s[#####################################   ] | 93% Completed | 3.60 s[######################################  ] | 95% Completed | 3.70 s[####################################### ] | 98% Completed | 3.80 s[########################################] | 100% Completed | 3.90 s
[38;5;23m2026-01-21 15:00:42[39m | [38;5;23mINFO[39m | Recoding given covariates from ['sex'] to: ['sex_male'] to handle categorical variables.[39m
[38;5;23m2026-01-21 15:00:42[39m | [33mWARNING[39m | [33m
                    Insufficient number of samples for statistical modeling.
                    Group 0: 2 samples
                    Group 1: 2 samples
                    Need more than 2 samples per group (> 1 + 1 optional covariates).
                    Setting all p-values to 1 and test statistics to 0.[39m
[38;5;23m2026-01-21 15:00:42[39m | [38;5;23mINFO[39m | Returning conservative results due to insufficient sample sizes[39m
[38;5;23m2026-01-21 15:00:42[39m | [33mWARNING[39m | [33mExtra columns detected: Index(['Annotation'], dtype='object'). These will be retained but are not validated.[39m
[38;5;23m2026-01-21 15:00:42[39m | [38;5;23mINFO[39m | Writing DMRs to /expanse/lustre/projects/csd940/zalibhai/biomodal/modality/outputs_CHG/Results/gencode.vM25.mouse.cpg_shores.annotation/DMR_20260121_150042/DMR_mc_control__mutant_20260121_150042.bed.
Columns are :
`Chromosome Start End Name Score Strand num_contexts mean_coverage_across_samples mean_mod_group_1mean_mod_group_2 mod_fold_change mod_difference test_statistic dmr_pvalue dmr_qvalue
Please note that:
 - Name, Score, Strand are not used and are set to `.` for compatibility with pyranges
[39m
[38;5;23m2026-01-21 15:00:42[39m | [38;5;23mINFO[39m | Aggregating dataset for DMR calling (this may take multiple steps)...[39m
[#########                               ] | 24% Completed | 1.00 s[##########                              ] | 26% Completed | 1.10 s[############                            ] | 30% Completed | 1.20 s[#############                           ] | 33% Completed | 1.30 s[##############                          ] | 36% Completed | 1.40 s[###############                         ] | 38% Completed | 1.50 s[################                        ] | 41% Completed | 1.60 s[#################                       ] | 44% Completed | 1.70 s[##################                      ] | 46% Completed | 1.80 s[###################                     ] | 49% Completed | 1.90 s[#####################                   ] | 52% Completed | 2.00 s[######################                  ] | 55% Completed | 2.10 s[#######################                 ] | 58% Completed | 2.20 s[########################                ] | 61% Completed | 2.30 s[#########################               ] | 64% Completed | 2.40 s[###########################             ] | 68% Completed | 2.50 s[############################            ] | 71% Completed | 2.60 s[##############################          ] | 75% Completed | 2.70 s[###############################         ] | 78% Completed | 2.80 s[#################################       ] | 82% Completed | 2.90 s[##################################      ] | 87% Completed | 3.00 s[####################################    ] | 91% Completed | 3.10 s[######################################  ] | 95% Completed | 3.20 s[####################################### ] | 99% Completed | 3.30 s[########################################] | 100% Completed | 3.40 s
[####                                    ] | 10% Completed | 1.01 s[####                                    ] | 11% Completed | 1.11 s[#####                                   ] | 12% Completed | 1.21 s[######                                  ] | 15% Completed | 1.31 s[#######                                 ] | 17% Completed | 1.41 s[#######                                 ] | 19% Completed | 1.51 s[########                                ] | 21% Completed | 1.61 s[#########                               ] | 23% Completed | 1.71 s[##########                              ] | 25% Completed | 1.81 s[###########                             ] | 28% Completed | 1.91 s[############                            ] | 30% Completed | 2.01 s[#############                           ] | 33% Completed | 2.11 s[##############                          ] | 36% Completed | 2.21 s[################                        ] | 40% Completed | 2.31 s[#################                       ] | 43% Completed | 2.41 s[##################                      ] | 47% Completed | 2.51 s[####################                    ] | 50% Completed | 2.61 s[#####################                   ] | 53% Completed | 2.71 s[######################                  ] | 57% Completed | 2.81 s[########################                ] | 60% Completed | 2.91 s[#########################               ] | 64% Completed | 3.01 s[###########################             ] | 68% Completed | 3.11 s[############################            ] | 71% Completed | 3.21 s[#############################           ] | 74% Completed | 3.31 s[###############################         ] | 78% Completed | 3.41 s[################################        ] | 80% Completed | 3.51 s[#################################       ] | 82% Completed | 3.61 s[##################################      ] | 85% Completed | 3.71 s[###################################     ] | 89% Completed | 3.81 s[#####################################   ] | 93% Completed | 3.91 s[######################################  ] | 97% Completed | 4.01 s[########################################] | 100% Completed | 4.11 s
[38;5;23m2026-01-21 15:01:02[39m | [38;5;23mINFO[39m | Recoding given covariates from ['sex'] to: ['sex_male'] to handle categorical variables.[39m
[38;5;23m2026-01-21 15:01:02[39m | [33mWARNING[39m | [33m
                    Insufficient number of samples for statistical modeling.
                    Group 0: 2 samples
                    Group 1: 2 samples
                    Need more than 2 samples per group (> 1 + 1 optional covariates).
                    Setting all p-values to 1 and test statistics to 0.[39m
[38;5;23m2026-01-21 15:01:02[39m | [38;5;23mINFO[39m | Returning conservative results due to insufficient sample sizes[39m
[38;5;23m2026-01-21 15:01:02[39m | [33mWARNING[39m | [33mExtra columns detected: Index(['Annotation'], dtype='object'). These will be retained but are not validated.[39m
[38;5;23m2026-01-21 15:01:02[39m | [38;5;23mINFO[39m | Writing DMRs to /expanse/lustre/projects/csd940/zalibhai/biomodal/modality/outputs_CHG/Results/gencode.vM25.mouse.cpg_shores.annotation/DMR_20260121_150042/DMR_hmc_control__mutant_20260121_150042.bed.
Columns are :
`Chromosome Start End Name Score Strand num_contexts mean_coverage_across_samples mean_mod_group_1mean_mod_group_2 mod_fold_change mod_difference test_statistic dmr_pvalue dmr_qvalue
Please note that:
 - Name, Score, Strand are not used and are set to `.` for compatibility with pyranges
[39m
[38;5;23m2026-01-21 15:01:03[39m  [1m[38;5;154mDMR calling completed successfully! Outputs saved to: /expanse/lustre/projects/csd940/zalibhai/biomodal/modality/outputs_CHG/Results/gencode.vM25.mouse.cpg_shores.annotation[39m
[38;5;23m2026-01-21 15:01:03[39m | [38;5;23mINFO[39m | DMR track configuration files saved successfully.[39m
[38;5;23m2026-01-21 15:01:03[39m  Wrote provenance sidecar file to /expanse/lustre/projects/csd940/zalibhai/biomodal/modality/outputs_CHG/Results/gencode.vM25.mouse.cpg_shores.annotation/DMR_20260121_150042/modality_metadata_20260121_150103.json[39m
/expanse/lustre/projects/csd940/zalibhai/biomodal/modality/outputs_CHG/Results/gencode.vM25.mouse.cpg_shores.annotation/DMR_20260121_150042/DMR_mc_control__mutant_20260121_150042.bed /expanse/lustre/projects/csd940/zalibhai/biomodal/modality/outputs_CHG/Results/gencode.vM25.mouse.cpg_shores.annotation/DMR_20260121_150042/DMR_hmc_control__mutant_20260121_150042.bed
[INFO] 2026-01-21 15:01:03 - DMR calling completed for /expanse/lustre/projects/csd940/zalibhai/biomodal/modality/mm10/gencode.vM25.mouse.cpg_shores.annotation.bed.gz
[INFO] 2026-01-21 15:01:03 - Running DMR calling on region file: /expanse/lustre/projects/csd940/zalibhai/biomodal/modality/mm10/gencode.vM25.mouse.genes.annotation.bed.gz
Logged in using stored credentials
[38;5;23m2026-01-21 15:01:08[39m  [1m[38;5;123mProvenance information:[39m
[38;5;23m2026-01-21 15:01:08[39m  cmd='/home/zalibhai/miniforge3/envs/modality/bin/modality -v dmr call --zarr-path /expanse/lustre/projects/csd940/zalibhai/biomodal/evoC-run/output/duet-1.5.0_evoC_Bap1_run_6bp/sample_outputs/zarr_store/CHG/evoC_Bap1_run.genome.GRCm38_primary_assembly.dedup.CHG.zarrz --sample-sheet /expanse/lustre/projects/csd940/zalibhai/biomodal/modality/metadata.tsv --condition-array-name condition --methylation-contexts num_mc num_hmc --bedfile /expanse/lustre/projects/csd940/zalibhai/biomodal/modality/mm10/gencode.vM25.mouse.genes.annotation.bed.gz --covariates sex --filter-context-depth 10 --condition-order control mutant --output-dir /expanse/lustre/projects/csd940/zalibhai/biomodal/modality/outputs_CHG/Results/gencode.vM25.mouse.genes.annotation'
timestamp=2026-01-21T15:01:08.023339
version=1.0.0
user=zalibhai

[39m
[38;5;23m2026-01-21 15:01:08[39m  [1m[38;5;123mStarting differential methylation analysis:[39m
[38;5;23m2026-01-21 15:01:08[39m  [38;5;248mZarr path(s)[39m: ['/expanse/lustre/projects/csd940/zalibhai/biomodal/evoC-run/output/duet-1.5.0_evoC_Bap1_run_6bp/sample_outputs/zarr_store/CHG/evoC_Bap1_run.genome.GRCm38_primary_assembly.dedup.CHG.zarrz'][39m
[38;5;23m2026-01-21 15:01:08[39m  [38;5;248mSample Sheet[39m: /expanse/lustre/projects/csd940/zalibhai/biomodal/modality/metadata.tsv[39m
[38;5;23m2026-01-21 15:01:08[39m  [38;5;248mCondition Array Name[39m: condition[39m
[38;5;23m2026-01-21 15:01:08[39m  [38;5;248mMethylation Contexts[39m: ['num_mc', 'num_hmc'][39m
[38;5;23m2026-01-21 15:01:08[39m  [38;5;248mBedfile[39m: /expanse/lustre/projects/csd940/zalibhai/biomodal/modality/mm10/gencode.vM25.mouse.genes.annotation.bed.gz[39m
[38;5;23m2026-01-21 15:01:08[39m  [38;5;248mCovariates[39m: ['sex'][39m
[38;5;23m2026-01-21 15:01:08[39m  [38;5;248mMin Coverage[39m: 10[39m
[38;5;23m2026-01-21 15:01:08[39m  [38;5;248mCondition Order[39m: ['control', 'mutant'][39m
[38;5;23m2026-01-21 15:01:08[39m  [38;5;248mOutput Dir[39m: /expanse/lustre/projects/csd940/zalibhai/biomodal/modality/outputs_CHG/Results/gencode.vM25.mouse.genes.annotation[39m
[38;5;23m2026-01-21 15:01:08[39m  [38;5;248mWindow Size[39m: None[39m
[38;5;23m2026-01-21 15:01:08[39m  [38;5;248mNum Contexts[39m: 0[39m
[38;5;23m2026-01-21 15:01:08[39m  [38;5;248mRegion[39m: None[39m
[38;5;23m2026-01-21 15:01:08[39m  [38;5;248mOverdispersion[39m: False[39m
[38;5;23m2026-01-21 15:01:08[39m  [38;5;248mStatistical Test[39m: wald[39m
[38;5;23m2026-01-21 15:01:08[39m  [38;5;248mDisable Strand Merging[39m: False[39m
[38;5;23m2026-01-21 15:01:08[39m  [38;5;248mCompress[39m: False[39m
[38;5;23m2026-01-21 15:01:08[39m | [38;5;23mINFO[39m | Loading Zarr dataset...[39m
[38;5;23m2026-01-21 15:01:22[39m | [38;5;23mINFO[39m | Starting DMR calling process, this could take a few minutes...[39m
[38;5;23m2026-01-21 15:01:22[39m | [38;5;23mINFO[39m | Aligning sample sheet with dataset...[39m
[                                        ] | 0% Completed | 1.08 s[                                        ] | 0% Completed | 1.31 s[                                        ] | 0% Completed | 1.54 s[                                        ] | 0% Completed | 1.65 s[                                        ] | 1% Completed | 1.75 s[#                                       ] | 2% Completed | 1.85 s[#                                       ] | 3% Completed | 1.95 s[#                                       ] | 4% Completed | 2.05 s[##                                      ] | 5% Completed | 2.15 s[##                                      ] | 6% Completed | 2.25 s[###                                     ] | 7% Completed | 2.35 s[###                                     ] | 8% Completed | 2.45 s[###                                     ] | 9% Completed | 2.55 s[####                                    ] | 10% Completed | 2.65 s[####                                    ] | 11% Completed | 2.75 s[####                                    ] | 12% Completed | 2.85 s[#####                                   ] | 13% Completed | 2.95 s[#####                                   ] | 14% Completed | 3.05 s[######                                  ] | 15% Completed | 3.15 s[######                                  ] | 16% Completed | 3.25 s[######                                  ] | 17% Completed | 3.35 s[#######                                 ] | 18% Completed | 3.45 s[#######                                 ] | 19% Completed | 3.55 s[########                                ] | 20% Completed | 3.65 s[########                                ] | 21% Completed | 3.75 s[########                                ] | 21% Completed | 3.85 s[#########                               ] | 22% Completed | 3.95 s[#########                               ] | 23% Completed | 4.05 s[#########                               ] | 24% Completed | 4.15 s[##########                              ] | 25% Completed | 4.25 s[##########                              ] | 26% Completed | 4.35 s[###########                             ] | 27% Completed | 4.45 s[###########                             ] | 28% Completed | 4.55 s[###########                             ] | 29% Completed | 4.65 s[############                            ] | 30% Completed | 4.75 s[############                            ] | 31% Completed | 4.85 s[#############                           ] | 32% Completed | 4.95 s[#############                           ] | 33% Completed | 5.05 s[#############                           ] | 34% Completed | 5.15 s[##############                          ] | 35% Completed | 5.25 s[##############                          ] | 36% Completed | 5.35 s[###############                         ] | 37% Completed | 5.45 s[###############                         ] | 38% Completed | 5.55 s[###############                         ] | 39% Completed | 5.65 s[################                        ] | 40% Completed | 5.75 s[################                        ] | 41% Completed | 5.85 s[#################                       ] | 42% Completed | 5.95 s[#################                       ] | 43% Completed | 6.05 s[#################                       ] | 44% Completed | 6.15 s[##################                      ] | 45% Completed | 6.25 s[##################                      ] | 46% Completed | 6.35 s[###################                     ] | 47% Completed | 6.45 s[###################                     ] | 48% Completed | 6.55 s[###################                     ] | 49% Completed | 6.65 s[####################                    ] | 50% Completed | 6.75 s[####################                    ] | 51% Completed | 6.85 s[#####################                   ] | 52% Completed | 6.95 s[#####################                   ] | 53% Completed | 7.05 s[#####################                   ] | 54% Completed | 7.15 s[######################                  ] | 55% Completed | 7.25 s[######################                  ] | 56% Completed | 7.35 s[#######################                 ] | 57% Completed | 7.45 s[#######################                 ] | 58% Completed | 7.55 s[#######################                 ] | 59% Completed | 7.65 s[########################                ] | 60% Completed | 7.75 s[########################                ] | 61% Completed | 7.85 s[#########################               ] | 62% Completed | 7.95 s[#########################               ] | 63% Completed | 8.05 s[#########################               ] | 64% Completed | 8.15 s[##########################              ] | 65% Completed | 8.25 s[##########################              ] | 66% Completed | 8.35 s[###########################             ] | 67% Completed | 8.45 s[###########################             ] | 68% Completed | 8.55 s[###########################             ] | 69% Completed | 8.65 s[############################            ] | 70% Completed | 8.75 s[############################            ] | 71% Completed | 8.85 s[#############################           ] | 73% Completed | 8.95 s[#############################           ] | 74% Completed | 9.05 s[##############################          ] | 75% Completed | 9.15 s[##############################          ] | 76% Completed | 9.25 s[##############################          ] | 77% Completed | 9.35 s[###############################         ] | 78% Completed | 9.45 s[########################################] | 100% Completed | 9.81 s
[38;5;23m2026-01-21 15:01:33[39m | [38;5;23mINFO[39m | filtering low coverage contexts (this may take multiple steps)...[39m
[###########                             ] | 28% Completed | 1.00 s[############                            ] | 31% Completed | 1.10 s[#############                           ] | 34% Completed | 1.20 s[###############                         ] | 37% Completed | 1.30 s[################                        ] | 40% Completed | 1.40 s[#################                       ] | 43% Completed | 1.50 s[##################                      ] | 46% Completed | 1.60 s[###################                     ] | 49% Completed | 1.70 s[#####################                   ] | 52% Completed | 1.80 s[######################                  ] | 55% Completed | 1.90 s[#######################                 ] | 58% Completed | 2.00 s[########################                ] | 61% Completed | 2.10 s[#########################               ] | 64% Completed | 2.20 s[###########################             ] | 67% Completed | 2.30 s[############################            ] | 70% Completed | 2.40 s[#############################           ] | 72% Completed | 2.50 s[##############################          ] | 75% Completed | 2.60 s[###############################         ] | 78% Completed | 2.70 s[################################        ] | 80% Completed | 2.80 s[#################################       ] | 83% Completed | 2.90 s[##################################      ] | 86% Completed | 3.00 s[###################################     ] | 88% Completed | 3.10 s[####################################    ] | 91% Completed | 3.20 s[#####################################   ] | 94% Completed | 3.30 s[######################################  ] | 96% Completed | 3.40 s[####################################### ] | 98% Completed | 3.50 s[########################################] | 100% Completed | 3.60 s
[                                        ] | 0% Completed | 1.00 s[                                        ] | 0% Completed | 1.10 s[                                        ] | 0% Completed | 1.20 s[                                        ] | 0% Completed | 1.30 s[                                        ] | 0% Completed | 1.40 s[                                        ] | 0% Completed | 1.50 s[                                        ] | 0% Completed | 1.60 s[                                        ] | 0% Completed | 1.70 s[                                        ] | 0% Completed | 1.80 s[                                        ] | 0% Completed | 1.90 s[                                        ] | 0% Completed | 2.00 s[                                        ] | 0% Completed | 2.10 s[                                        ] | 0% Completed | 2.20 s[                                        ] | 0% Completed | 2.30 s[                                        ] | 0% Completed | 2.40 s[                                        ] | 0% Completed | 2.50 s[                                        ] | 0% Completed | 2.60 s[                                        ] | 0% Completed | 2.70 s[                                        ] | 0% Completed | 2.80 s[                                        ] | 0% Completed | 2.90 s[                                        ] | 0% Completed | 3.00 s[                                        ] | 0% Completed | 3.10 s[                                        ] | 0% Completed | 3.20 s[                                        ] | 0% Completed | 3.30 s[                                        ] | 0% Completed | 3.40 s[                                        ] | 0% Completed | 3.50 s[                                        ] | 0% Completed | 3.60 s[                                        ] | 0% Completed | 3.70 s[                                        ] | 0% Completed | 3.80 s[                                        ] | 0% Completed | 3.90 s[                                        ] | 0% Completed | 4.00 s[                                        ] | 0% Completed | 4.10 s[                                        ] | 0% Completed | 4.20 s[                                        ] | 0% Completed | 4.30 s[                                        ] | 0% Completed | 4.40 s[                                        ] | 0% Completed | 4.50 s[                                        ] | 0% Completed | 4.60 s[                                        ] | 0% Completed | 4.70 s[                                        ] | 0% Completed | 4.80 s[                                        ] | 0% Completed | 4.90 s[                                        ] | 0% Completed | 5.00 s[                                        ] | 0% Completed | 5.10 s[                                        ] | 0% Completed | 5.20 s[                                        ] | 0% Completed | 5.30 s[                                        ] | 0% Completed | 5.40 s[                                        ] | 0% Completed | 5.50 s[                                        ] | 0% Completed | 5.60 s[                                        ] | 0% Completed | 5.70 s[                                        ] | 0% Completed | 5.80 s[                                        ] | 0% Completed | 5.91 s[                                        ] | 0% Completed | 6.01 s[                                        ] | 0% Completed | 6.11 s[                                        ] | 0% Completed | 6.21 s[                                        ] | 0% Completed | 6.31 s[                                        ] | 0% Completed | 6.41 s[                                        ] | 0% Completed | 6.51 s[                                        ] | 0% Completed | 6.61 s[                                        ] | 0% Completed | 6.71 s[                                        ] | 0% Completed | 6.81 s[                                        ] | 0% Completed | 6.91 s[                                        ] | 0% Completed | 7.01 s[                                        ] | 0% Completed | 7.11 s[                                        ] | 0% Completed | 7.21 s[                                        ] | 0% Completed | 7.31 s[                                        ] | 0% Completed | 7.41 s[                                        ] | 0% Completed | 7.51 s[                                        ] | 0% Completed | 7.61 s[                                        ] | 0% Completed | 7.71 s[                                        ] | 0% Completed | 7.81 s[                                        ] | 0% Completed | 7.91 s[                                        ] | 0% Completed | 8.01 s[                                        ] | 0% Completed | 8.11 s[                                        ] | 0% Completed | 8.21 s[                                        ] | 0% Completed | 8.31 s[                                        ] | 0% Completed | 8.41 s[                                        ] | 0% Completed | 8.51 s[                                        ] | 0% Completed | 8.61 s[                                        ] | 0% Completed | 8.71 s[                                        ] | 0% Completed | 8.81 s[                                        ] | 0% Completed | 8.91 s[                                        ] | 0% Completed | 9.01 s[                                        ] | 0% Completed | 9.11 s[                                        ] | 0% Completed | 9.21 s[                                        ] | 0% Completed | 9.31 s[                                        ] | 0% Completed | 9.41 s[                                        ] | 0% Completed | 9.51 s[                                        ] | 0% Completed | 9.61 s[                                        ] | 0% Completed | 9.71 s[                                        ] | 0% Completed | 9.81 s[                                        ] | 0% Completed | 9.91 s[                                        ] | 0% Completed | 10.01 s[                                        ] | 0% Completed | 10.11 s[                                        ] | 0% Completed | 10.21 s[                                        ] | 0% Completed | 10.31 s[                                        ] | 0% Completed | 10.41 s[                                        ] | 0% Completed | 10.51 s[                                        ] | 0% Completed | 10.61 s[                                        ] | 0% Completed | 10.71 s[                                        ] | 0% Completed | 10.81 s[                                        ] | 0% Completed | 10.91 s[                                        ] | 0% Completed | 11.01 s[                                        ] | 0% Completed | 11.11 s[                                        ] | 0% Completed | 11.21 s[                                        ] | 0% Completed | 11.31 s[                                        ] | 0% Completed | 11.41 s[                                        ] | 0% Completed | 11.51 s[                                        ] | 0% Completed | 11.61 s[                                        ] | 0% Completed | 11.71 s[                                        ] | 0% Completed | 11.81 s[                                        ] | 0% Completed | 11.91 s[                                        ] | 0% Completed | 12.01 s[                                        ] | 0% Completed | 12.11 s[                                        ] | 0% Completed | 12.21 s[                                        ] | 0% Completed | 12.31 s[                                        ] | 0% Completed | 12.41 s[                                        ] | 0% Completed | 12.51 s[                                        ] | 0% Completed | 12.61 s[                                        ] | 0% Completed | 12.71 s[                                        ] | 0% Completed | 12.81 s[                                        ] | 0% Completed | 12.91 s[                                        ] | 0% Completed | 13.01 s[                                        ] | 0% Completed | 13.11 s[                                        ] | 0% Completed | 13.21 s[                                        ] | 0% Completed | 13.31 s[                                        ] | 0% Completed | 13.41 s[                                        ] | 0% Completed | 13.51 s[                                        ] | 0% Completed | 13.61 s[                                        ] | 0% Completed | 13.71 s[                                        ] | 0% Completed | 13.81 s[                                        ] | 0% Completed | 13.91 s[                                        ] | 0% Completed | 14.01 s[                                        ] | 0% Completed | 14.11 s[                                        ] | 0% Completed | 14.21 s[                                        ] | 0% Completed | 14.31 s[                                        ] | 0% Completed | 14.41 s[                                        ] | 0% Completed | 14.51 s[                                        ] | 0% Completed | 14.61 s[                                        ] | 0% Completed | 14.71 s[                                        ] | 0% Completed | 14.81 s[                                        ] | 0% Completed | 14.91 s[                                        ] | 0% Completed | 15.01 s[                                        ] | 0% Completed | 15.11 s[                                        ] | 0% Completed | 15.21 s[                                        ] | 0% Completed | 15.31 s[                                        ] | 0% Completed | 15.41 s[                                        ] | 0% Completed | 15.51 s[                                        ] | 0% Completed | 15.61 s[                                        ] | 0% Completed | 15.71 s[                                        ] | 0% Completed | 15.81 s[                                        ] | 0% Completed | 15.91 s[                                        ] | 0% Completed | 16.01 s[                                        ] | 0% Completed | 16.11 s[                                        ] | 0% Completed | 16.21 s[                                        ] | 0% Completed | 16.31 s[                                        ] | 0% Completed | 16.41 s[########################################] | 100% Completed | 16.51 s
[                                        ] | 0% Completed | 1.05 s[                                        ] | 0% Completed | 1.16 s[                                        ] | 0% Completed | 1.27 s[                                        ] | 0% Completed | 1.38 s[                                        ] | 0% Completed | 1.49 s[                                        ] | 0% Completed | 1.60 s[                                        ] | 0% Completed | 1.72 s[                                        ] | 0% Completed | 1.83 s[                                        ] | 0% Completed | 1.94 s[                                        ] | 0% Completed | 2.24 s[                                        ] | 0% Completed | 2.34 s[                                        ] | 2% Completed | 2.44 s[#                                       ] | 3% Completed | 2.54 s[##                                      ] | 5% Completed | 2.64 s[##                                      ] | 7% Completed | 2.74 s[###                                     ] | 8% Completed | 2.84 s[####                                    ] | 10% Completed | 2.94 s[####                                    ] | 12% Completed | 3.04 s[#####                                   ] | 13% Completed | 3.14 s[######                                  ] | 15% Completed | 3.24 s[######                                  ] | 17% Completed | 3.34 s[#######                                 ] | 18% Completed | 3.44 s[########                                ] | 20% Completed | 3.54 s[#########                               ] | 22% Completed | 3.64 s[#########                               ] | 24% Completed | 3.74 s[##########                              ] | 26% Completed | 3.85 s[###########                             ] | 27% Completed | 3.95 s[###########                             ] | 29% Completed | 4.05 s[############                            ] | 31% Completed | 4.15 s[#############                           ] | 33% Completed | 4.25 s[#############                           ] | 34% Completed | 4.35 s[##############                          ] | 36% Completed | 4.45 s[###############                         ] | 38% Completed | 4.55 s[################                        ] | 40% Completed | 4.65 s[################                        ] | 42% Completed | 4.75 s[#################                       ] | 43% Completed | 4.85 s[##################                      ] | 45% Completed | 4.95 s[###################                     ] | 47% Completed | 5.05 s[###################                     ] | 49% Completed | 5.15 s[####################                    ] | 51% Completed | 5.25 s[#####################                   ] | 53% Completed | 5.35 s[#####################                   ] | 54% Completed | 5.45 s[######################                  ] | 56% Completed | 5.55 s[#######################                 ] | 57% Completed | 5.65 s[#######################                 ] | 59% Completed | 5.75 s[########################                ] | 61% Completed | 5.85 s[#########################               ] | 63% Completed | 5.95 s[#########################               ] | 64% Completed | 6.05 s[##########################              ] | 66% Completed | 6.15 s[###########################             ] | 68% Completed | 6.25 s[###########################             ] | 69% Completed | 6.35 s[############################            ] | 71% Completed | 6.45 s[#############################           ] | 73% Completed | 6.55 s[#############################           ] | 74% Completed | 6.65 s[##############################          ] | 76% Completed | 6.75 s[###############################         ] | 77% Completed | 6.85 s[###############################         ] | 79% Completed | 6.95 s[########################################] | 100% Completed | 7.28 s
[#######                                 ] | 19% Completed | 1.02 s[########                                ] | 22% Completed | 1.12 s[#########                               ] | 24% Completed | 1.22 s[##########                              ] | 27% Completed | 1.32 s[###########                             ] | 29% Completed | 1.42 s[#############                           ] | 32% Completed | 1.52 s[##############                          ] | 35% Completed | 1.62 s[###############                         ] | 38% Completed | 1.72 s[################                        ] | 41% Completed | 1.82 s[#################                       ] | 44% Completed | 1.92 s[###################                     ] | 47% Completed | 2.02 s[####################                    ] | 50% Completed | 2.12 s[#####################                   ] | 53% Completed | 2.22 s[######################                  ] | 56% Completed | 2.32 s[########################                ] | 60% Completed | 2.42 s[#########################               ] | 63% Completed | 2.52 s[##########################              ] | 65% Completed | 2.62 s[###########################             ] | 68% Completed | 2.72 s[############################            ] | 70% Completed | 2.82 s[#############################           ] | 73% Completed | 2.92 s[##############################          ] | 76% Completed | 3.03 s[###############################         ] | 79% Completed | 3.13 s[################################        ] | 82% Completed | 3.23 s[#################################       ] | 84% Completed | 3.33 s[###################################     ] | 87% Completed | 3.43 s[####################################    ] | 91% Completed | 3.53 s[#####################################   ] | 94% Completed | 3.63 s[######################################  ] | 97% Completed | 3.73 s[########################################] | 100% Completed | 3.83 s
[##########                              ] | 25% Completed | 1.00 s[###########                             ] | 28% Completed | 1.10 s[############                            ] | 30% Completed | 1.20 s[#############                           ] | 32% Completed | 1.30 s[##############                          ] | 35% Completed | 1.40 s[###############                         ] | 38% Completed | 1.50 s[################                        ] | 40% Completed | 1.60 s[#################                       ] | 43% Completed | 1.70 s[##################                      ] | 45% Completed | 1.80 s[###################                     ] | 48% Completed | 1.90 s[####################                    ] | 51% Completed | 2.00 s[#####################                   ] | 53% Completed | 2.10 s[######################                  ] | 56% Completed | 2.20 s[#######################                 ] | 58% Completed | 2.30 s[########################                ] | 61% Completed | 2.40 s[#########################               ] | 63% Completed | 2.50 s[##########################              ] | 65% Completed | 2.60 s[###########################             ] | 68% Completed | 2.70 s[############################            ] | 70% Completed | 2.80 s[#############################           ] | 72% Completed | 2.90 s[##############################          ] | 75% Completed | 3.00 s[###############################         ] | 77% Completed | 3.10 s[################################        ] | 80% Completed | 3.20 s[#################################       ] | 83% Completed | 3.30 s[##################################      ] | 86% Completed | 3.40 s[###################################     ] | 88% Completed | 3.50 s[####################################    ] | 91% Completed | 3.60 s[#####################################   ] | 93% Completed | 3.70 s[######################################  ] | 96% Completed | 3.80 s[####################################### ] | 98% Completed | 3.90 s[########################################] | 100% Completed | 4.00 s
[38;5;23m2026-01-21 15:02:16[39m | [38;5;23mINFO[39m | Aggregating dataset for DMR calling (this may take multiple steps)...[39m
[38;5;23m2026-01-21 15:02:16[39m | [38;5;23mINFO[39m | Adding Ranges_ID column to validate merging.[39m
[#################                       ] | 42% Completed | 1.06 s[###################                     ] | 47% Completed | 1.16 s[#####################                   ] | 53% Completed | 1.26 s[#######################                 ] | 58% Completed | 1.36 s[#########################               ] | 63% Completed | 1.46 s[###########################             ] | 68% Completed | 1.56 s[#############################           ] | 73% Completed | 1.66 s[###############################         ] | 78% Completed | 1.76 s[#################################       ] | 83% Completed | 1.86 s[###################################     ] | 88% Completed | 1.96 s[#####################################   ] | 93% Completed | 2.06 s[####################################### ] | 98% Completed | 2.17 s[########################################] | 100% Completed | 2.27 s
[########                                ] | 21% Completed | 1.00 s[#########                               ] | 24% Completed | 1.10 s[###########                             ] | 28% Completed | 1.20 s[############                            ] | 31% Completed | 1.30 s[#############                           ] | 34% Completed | 1.40 s[###############                         ] | 38% Completed | 1.50 s[################                        ] | 41% Completed | 1.60 s[#################                       ] | 44% Completed | 1.70 s[###################                     ] | 48% Completed | 1.80 s[####################                    ] | 50% Completed | 1.90 s[####################                    ] | 51% Completed | 2.00 s[#####################                   ] | 52% Completed | 2.10 s[#####################                   ] | 54% Completed | 2.20 s[######################                  ] | 57% Completed | 2.30 s[########################                ] | 60% Completed | 2.40 s[#########################               ] | 64% Completed | 2.50 s[###########################             ] | 67% Completed | 2.60 s[############################            ] | 71% Completed | 2.70 s[#############################           ] | 74% Completed | 2.80 s[###############################         ] | 78% Completed | 2.90 s[################################        ] | 81% Completed | 3.00 s[##################################      ] | 85% Completed | 3.10 s[###################################     ] | 89% Completed | 3.20 s[#####################################   ] | 92% Completed | 3.30 s[######################################  ] | 96% Completed | 3.40 s[########################################] | 100% Completed | 3.51 s
[38;5;23m2026-01-21 15:02:36[39m | [38;5;23mINFO[39m | Recoding given covariates from ['sex'] to: ['sex_male'] to handle categorical variables.[39m
[38;5;23m2026-01-21 15:02:36[39m | [33mWARNING[39m | [33m
                    Insufficient number of samples for statistical modeling.
                    Group 0: 2 samples
                    Group 1: 2 samples
                    Need more than 2 samples per group (> 1 + 1 optional covariates).
                    Setting all p-values to 1 and test statistics to 0.[39m
[38;5;23m2026-01-21 15:02:36[39m | [38;5;23mINFO[39m | Returning conservative results due to insufficient sample sizes[39m
[38;5;23m2026-01-21 15:02:36[39m | [33mWARNING[39m | [33mExtra columns detected: Index(['Annotation', 'Name'], dtype='object'). These will be retained but are not validated.[39m
[38;5;23m2026-01-21 15:02:36[39m | [38;5;23mINFO[39m | Writing DMRs to /expanse/lustre/projects/csd940/zalibhai/biomodal/modality/outputs_CHG/Results/gencode.vM25.mouse.genes.annotation/DMR_20260121_150236/DMR_mc_control__mutant_20260121_150236.bed.
Columns are :
`Chromosome Start End Name Score Strand num_contexts mean_coverage_across_samples mean_mod_group_1mean_mod_group_2 mod_fold_change mod_difference test_statistic dmr_pvalue dmr_qvalue
Please note that:
 - Name, Score, Strand are not used and are set to `.` for compatibility with pyranges
[39m
[38;5;23m2026-01-21 15:02:36[39m | [38;5;23mINFO[39m | Aggregating dataset for DMR calling (this may take multiple steps)...[39m
[#####################                   ] | 53% Completed | 1.00 s[#######################                 ] | 59% Completed | 1.10 s[##########################              ] | 65% Completed | 1.20 s[############################            ] | 71% Completed | 1.30 s[###############################         ] | 78% Completed | 1.40 s[#################################       ] | 84% Completed | 1.50 s[####################################    ] | 90% Completed | 1.60 s[######################################  ] | 96% Completed | 1.70 s[########################################] | 100% Completed | 1.80 s
[#############                           ] | 34% Completed | 1.00 s[###############                         ] | 38% Completed | 1.10 s[################                        ] | 41% Completed | 1.20 s[##################                      ] | 46% Completed | 1.30 s[###################                     ] | 49% Completed | 1.40 s[#####################                   ] | 53% Completed | 1.50 s[#######################                 ] | 57% Completed | 1.60 s[########################                ] | 61% Completed | 1.70 s[##########################              ] | 65% Completed | 1.80 s[############################            ] | 70% Completed | 1.90 s[#############################           ] | 74% Completed | 2.00 s[###############################         ] | 78% Completed | 2.10 s[#################################       ] | 82% Completed | 2.20 s[##################################      ] | 86% Completed | 2.30 s[####################################    ] | 90% Completed | 2.40 s[######################################  ] | 95% Completed | 2.50 s[####################################### ] | 99% Completed | 2.60 s[########################################] | 100% Completed | 2.70 s
[38;5;23m2026-01-21 15:02:52[39m | [38;5;23mINFO[39m | Recoding given covariates from ['sex'] to: ['sex_male'] to handle categorical variables.[39m
[38;5;23m2026-01-21 15:02:52[39m | [33mWARNING[39m | [33m
                    Insufficient number of samples for statistical modeling.
                    Group 0: 2 samples
                    Group 1: 2 samples
                    Need more than 2 samples per group (> 1 + 1 optional covariates).
                    Setting all p-values to 1 and test statistics to 0.[39m
[38;5;23m2026-01-21 15:02:52[39m | [38;5;23mINFO[39m | Returning conservative results due to insufficient sample sizes[39m
[38;5;23m2026-01-21 15:02:52[39m | [33mWARNING[39m | [33mExtra columns detected: Index(['Annotation', 'Name'], dtype='object'). These will be retained but are not validated.[39m
[38;5;23m2026-01-21 15:02:52[39m | [38;5;23mINFO[39m | Writing DMRs to /expanse/lustre/projects/csd940/zalibhai/biomodal/modality/outputs_CHG/Results/gencode.vM25.mouse.genes.annotation/DMR_20260121_150236/DMR_hmc_control__mutant_20260121_150236.bed.
Columns are :
`Chromosome Start End Name Score Strand num_contexts mean_coverage_across_samples mean_mod_group_1mean_mod_group_2 mod_fold_change mod_difference test_statistic dmr_pvalue dmr_qvalue
Please note that:
 - Name, Score, Strand are not used and are set to `.` for compatibility with pyranges
[39m
[38;5;23m2026-01-21 15:02:52[39m  [1m[38;5;154mDMR calling completed successfully! Outputs saved to: /expanse/lustre/projects/csd940/zalibhai/biomodal/modality/outputs_CHG/Results/gencode.vM25.mouse.genes.annotation[39m
[38;5;23m2026-01-21 15:02:52[39m | [38;5;23mINFO[39m | DMR track configuration files saved successfully.[39m
[38;5;23m2026-01-21 15:02:52[39m  Wrote provenance sidecar file to /expanse/lustre/projects/csd940/zalibhai/biomodal/modality/outputs_CHG/Results/gencode.vM25.mouse.genes.annotation/DMR_20260121_150236/modality_metadata_20260121_150252.json[39m
/expanse/lustre/projects/csd940/zalibhai/biomodal/modality/outputs_CHG/Results/gencode.vM25.mouse.genes.annotation/DMR_20260121_150236/DMR_mc_control__mutant_20260121_150236.bed /expanse/lustre/projects/csd940/zalibhai/biomodal/modality/outputs_CHG/Results/gencode.vM25.mouse.genes.annotation/DMR_20260121_150236/DMR_hmc_control__mutant_20260121_150236.bed
[INFO] 2026-01-21 15:02:53 - DMR calling completed for /expanse/lustre/projects/csd940/zalibhai/biomodal/modality/mm10/gencode.vM25.mouse.genes.annotation.bed.gz
[INFO] 2026-01-21 15:02:53 - Running DMR calling on region file: /expanse/lustre/projects/csd940/zalibhai/biomodal/modality/mm10/gencode.vM25.mouse.promoters.annotation.bed.gz
Logged in using stored credentials
[38;5;23m2026-01-21 15:02:57[39m  [1m[38;5;123mProvenance information:[39m
[38;5;23m2026-01-21 15:02:57[39m  cmd='/home/zalibhai/miniforge3/envs/modality/bin/modality -v dmr call --zarr-path /expanse/lustre/projects/csd940/zalibhai/biomodal/evoC-run/output/duet-1.5.0_evoC_Bap1_run_6bp/sample_outputs/zarr_store/CHG/evoC_Bap1_run.genome.GRCm38_primary_assembly.dedup.CHG.zarrz --sample-sheet /expanse/lustre/projects/csd940/zalibhai/biomodal/modality/metadata.tsv --condition-array-name condition --methylation-contexts num_mc num_hmc --bedfile /expanse/lustre/projects/csd940/zalibhai/biomodal/modality/mm10/gencode.vM25.mouse.promoters.annotation.bed.gz --covariates sex --filter-context-depth 10 --condition-order control mutant --output-dir /expanse/lustre/projects/csd940/zalibhai/biomodal/modality/outputs_CHG/Results/gencode.vM25.mouse.promoters.annotation'
timestamp=2026-01-21T15:02:57.870912
version=1.0.0
user=zalibhai

[39m
[38;5;23m2026-01-21 15:02:57[39m  [1m[38;5;123mStarting differential methylation analysis:[39m
[38;5;23m2026-01-21 15:02:57[39m  [38;5;248mZarr path(s)[39m: ['/expanse/lustre/projects/csd940/zalibhai/biomodal/evoC-run/output/duet-1.5.0_evoC_Bap1_run_6bp/sample_outputs/zarr_store/CHG/evoC_Bap1_run.genome.GRCm38_primary_assembly.dedup.CHG.zarrz'][39m
[38;5;23m2026-01-21 15:02:57[39m  [38;5;248mSample Sheet[39m: /expanse/lustre/projects/csd940/zalibhai/biomodal/modality/metadata.tsv[39m
[38;5;23m2026-01-21 15:02:57[39m  [38;5;248mCondition Array Name[39m: condition[39m
[38;5;23m2026-01-21 15:02:57[39m  [38;5;248mMethylation Contexts[39m: ['num_mc', 'num_hmc'][39m
[38;5;23m2026-01-21 15:02:57[39m  [38;5;248mBedfile[39m: /expanse/lustre/projects/csd940/zalibhai/biomodal/modality/mm10/gencode.vM25.mouse.promoters.annotation.bed.gz[39m
[38;5;23m2026-01-21 15:02:57[39m  [38;5;248mCovariates[39m: ['sex'][39m
[38;5;23m2026-01-21 15:02:57[39m  [38;5;248mMin Coverage[39m: 10[39m
[38;5;23m2026-01-21 15:02:57[39m  [38;5;248mCondition Order[39m: ['control', 'mutant'][39m
[38;5;23m2026-01-21 15:02:57[39m  [38;5;248mOutput Dir[39m: /expanse/lustre/projects/csd940/zalibhai/biomodal/modality/outputs_CHG/Results/gencode.vM25.mouse.promoters.annotation[39m
[38;5;23m2026-01-21 15:02:57[39m  [38;5;248mWindow Size[39m: None[39m
[38;5;23m2026-01-21 15:02:57[39m  [38;5;248mNum Contexts[39m: 0[39m
[38;5;23m2026-01-21 15:02:57[39m  [38;5;248mRegion[39m: None[39m
[38;5;23m2026-01-21 15:02:57[39m  [38;5;248mOverdispersion[39m: False[39m
[38;5;23m2026-01-21 15:02:57[39m  [38;5;248mStatistical Test[39m: wald[39m
[38;5;23m2026-01-21 15:02:57[39m  [38;5;248mDisable Strand Merging[39m: False[39m
[38;5;23m2026-01-21 15:02:57[39m  [38;5;248mCompress[39m: False[39m
[38;5;23m2026-01-21 15:02:57[39m | [38;5;23mINFO[39m | Loading Zarr dataset...[39m
[38;5;23m2026-01-21 15:03:11[39m | [38;5;23mINFO[39m | Starting DMR calling process, this could take a few minutes...[39m
[38;5;23m2026-01-21 15:03:12[39m | [38;5;23mINFO[39m | Aligning sample sheet with dataset...[39m
[                                        ] | 0% Completed | 1.09 s[                                        ] | 0% Completed | 1.35 s[                                        ] | 0% Completed | 1.57 s[                                        ] | 0% Completed | 1.68 s[                                        ] | 1% Completed | 1.78 s[#                                       ] | 2% Completed | 1.88 s[#                                       ] | 3% Completed | 1.98 s[#                                       ] | 4% Completed | 2.08 s[##                                      ] | 5% Completed | 2.18 s[##                                      ] | 6% Completed | 2.28 s[###                                     ] | 7% Completed | 2.38 s[###                                     ] | 8% Completed | 2.48 s[####                                    ] | 10% Completed | 2.58 s[####                                    ] | 11% Completed | 2.68 s[####                                    ] | 12% Completed | 2.78 s[#####                                   ] | 13% Completed | 2.88 s[#####                                   ] | 14% Completed | 2.98 s[######                                  ] | 15% Completed | 3.08 s[######                                  ] | 16% Completed | 3.18 s[######                                  ] | 17% Completed | 3.28 s[#######                                 ] | 18% Completed | 3.38 s[#######                                 ] | 19% Completed | 3.48 s[########                                ] | 20% Completed | 3.58 s[########                                ] | 21% Completed | 3.68 s[#########                               ] | 22% Completed | 3.78 s[#########                               ] | 23% Completed | 3.88 s[#########                               ] | 24% Completed | 3.98 s[##########                              ] | 25% Completed | 4.08 s[##########                              ] | 26% Completed | 4.18 s[##########                              ] | 27% Completed | 4.28 s[###########                             ] | 28% Completed | 4.38 s[###########                             ] | 29% Completed | 4.49 s[############                            ] | 30% Completed | 4.59 s[############                            ] | 31% Completed | 4.69 s[############                            ] | 32% Completed | 4.79 s[#############                           ] | 33% Completed | 4.89 s[#############                           ] | 34% Completed | 4.99 s[##############                          ] | 35% Completed | 5.09 s[##############                          ] | 36% Completed | 5.19 s[##############                          ] | 37% Completed | 5.29 s[###############                         ] | 38% Completed | 5.39 s[###############                         ] | 39% Completed | 5.49 s[################                        ] | 40% Completed | 5.59 s[################                        ] | 41% Completed | 5.69 s[################                        ] | 41% Completed | 5.79 s[#################                       ] | 42% Completed | 5.89 s[#################                       ] | 43% Completed | 5.99 s[#################                       ] | 44% Completed | 6.09 s[##################                      ] | 45% Completed | 6.19 s[##################                      ] | 46% Completed | 6.29 s[###################                     ] | 47% Completed | 6.39 s[###################                     ] | 48% Completed | 6.49 s[###################                     ] | 49% Completed | 6.59 s[####################                    ] | 50% Completed | 6.69 s[####################                    ] | 51% Completed | 6.79 s[####################                    ] | 52% Completed | 6.89 s[#####################                   ] | 53% Completed | 6.99 s[#####################                   ] | 54% Completed | 7.09 s[######################                  ] | 55% Completed | 7.19 s[######################                  ] | 55% Completed | 7.29 s[######################                  ] | 56% Completed | 7.39 s[#######################                 ] | 57% Completed | 7.49 s[#######################                 ] | 58% Completed | 7.59 s[#######################                 ] | 59% Completed | 7.69 s[########################                ] | 60% Completed | 7.79 s[########################                ] | 61% Completed | 7.89 s[########################                ] | 62% Completed | 7.99 s[#########################               ] | 63% Completed | 8.09 s[#########################               ] | 64% Completed | 8.19 s[##########################              ] | 65% Completed | 8.29 s[##########################              ] | 66% Completed | 8.39 s[##########################              ] | 67% Completed | 8.49 s[###########################             ] | 67% Completed | 8.59 s[###########################             ] | 68% Completed | 8.69 s[###########################             ] | 69% Completed | 8.79 s[############################            ] | 70% Completed | 8.89 s[############################            ] | 71% Completed | 8.99 s[############################            ] | 72% Completed | 9.09 s[#############################           ] | 73% Completed | 9.19 s[#############################           ] | 74% Completed | 9.29 s[##############################          ] | 75% Completed | 9.39 s[##############################          ] | 75% Completed | 9.49 s[##############################          ] | 76% Completed | 9.59 s[###############################         ] | 77% Completed | 9.69 s[########################################] | 100% Completed | 10.12 s
[38;5;23m2026-01-21 15:03:23[39m | [38;5;23mINFO[39m | filtering low coverage contexts (this may take multiple steps)...[39m
[###########                             ] | 27% Completed | 1.00 s[############                            ] | 31% Completed | 1.10 s[#############                           ] | 34% Completed | 1.20 s[###############                         ] | 37% Completed | 1.30 s[################                        ] | 40% Completed | 1.40 s[#################                       ] | 43% Completed | 1.50 s[##################                      ] | 46% Completed | 1.60 s[###################                     ] | 49% Completed | 1.70 s[####################                    ] | 52% Completed | 1.80 s[######################                  ] | 55% Completed | 1.90 s[#######################                 ] | 58% Completed | 2.00 s[########################                ] | 61% Completed | 2.10 s[#########################               ] | 64% Completed | 2.20 s[##########################              ] | 67% Completed | 2.30 s[############################            ] | 70% Completed | 2.40 s[#############################           ] | 73% Completed | 2.50 s[##############################          ] | 76% Completed | 2.60 s[###############################         ] | 78% Completed | 2.70 s[################################        ] | 81% Completed | 2.80 s[#################################       ] | 84% Completed | 2.90 s[###################################     ] | 87% Completed | 3.00 s[####################################    ] | 90% Completed | 3.10 s[#####################################   ] | 93% Completed | 3.20 s[######################################  ] | 96% Completed | 3.30 s[####################################### ] | 99% Completed | 3.40 s[########################################] | 100% Completed | 3.50 s
[                                        ] | 0% Completed | 1.00 s[                                        ] | 0% Completed | 1.10 s[                                        ] | 0% Completed | 1.20 s[                                        ] | 0% Completed | 1.30 s[                                        ] | 0% Completed | 1.40 s[                                        ] | 0% Completed | 1.50 s[                                        ] | 0% Completed | 1.60 s[                                        ] | 0% Completed | 1.70 s[                                        ] | 0% Completed | 1.80 s[                                        ] | 0% Completed | 1.90 s[                                        ] | 0% Completed | 2.00 s[                                        ] | 0% Completed | 2.10 s[                                        ] | 0% Completed | 2.20 s[                                        ] | 0% Completed | 2.30 s[                                        ] | 0% Completed | 2.40 s[                                        ] | 0% Completed | 2.50 s[                                        ] | 0% Completed | 2.60 s[                                        ] | 0% Completed | 2.70 s[                                        ] | 0% Completed | 2.80 s[                                        ] | 0% Completed | 2.90 s[                                        ] | 0% Completed | 3.00 s[                                        ] | 0% Completed | 3.10 s[                                        ] | 0% Completed | 3.20 s[                                        ] | 0% Completed | 3.30 s[                                        ] | 0% Completed | 3.40 s[                                        ] | 0% Completed | 3.50 s[                                        ] | 0% Completed | 3.60 s[                                        ] | 0% Completed | 3.70 s[                                        ] | 0% Completed | 3.80 s[                                        ] | 0% Completed | 3.90 s[                                        ] | 0% Completed | 4.00 s[                                        ] | 0% Completed | 4.10 s[                                        ] | 0% Completed | 4.20 s[                                        ] | 0% Completed | 4.30 s[                                        ] | 0% Completed | 4.40 s[                                        ] | 0% Completed | 4.50 s[                                        ] | 0% Completed | 4.60 s[                                        ] | 0% Completed | 4.70 s[                                        ] | 0% Completed | 4.80 s[                                        ] | 0% Completed | 4.90 s[                                        ] | 0% Completed | 5.00 s[                                        ] | 0% Completed | 5.10 s[                                        ] | 0% Completed | 5.21 s[                                        ] | 0% Completed | 5.31 s[                                        ] | 0% Completed | 5.41 s[                                        ] | 0% Completed | 5.51 s[                                        ] | 0% Completed | 5.61 s[                                        ] | 0% Completed | 5.71 s[                                        ] | 0% Completed | 5.81 s[                                        ] | 0% Completed | 5.91 s[                                        ] | 0% Completed | 6.01 s[                                        ] | 0% Completed | 6.11 s[                                        ] | 0% Completed | 6.21 s[                                        ] | 0% Completed | 6.31 s[                                        ] | 0% Completed | 6.41 s[                                        ] | 0% Completed | 6.51 s[                                        ] | 0% Completed | 6.61 s[                                        ] | 0% Completed | 6.71 s[                                        ] | 0% Completed | 6.81 s[                                        ] | 0% Completed | 6.91 s[                                        ] | 0% Completed | 7.01 s[                                        ] | 0% Completed | 7.11 s[                                        ] | 0% Completed | 7.21 s[                                        ] | 0% Completed | 7.31 s[                                        ] | 0% Completed | 7.41 s[                                        ] | 0% Completed | 7.51 s[                                        ] | 0% Completed | 7.61 s[                                        ] | 0% Completed | 7.71 s[                                        ] | 0% Completed | 7.81 s[                                        ] | 0% Completed | 7.91 s[                                        ] | 0% Completed | 8.01 s[                                        ] | 0% Completed | 8.11 s[                                        ] | 0% Completed | 8.21 s[                                        ] | 0% Completed | 8.31 s[                                        ] | 0% Completed | 8.41 s[                                        ] | 0% Completed | 8.51 s[                                        ] | 0% Completed | 8.61 s[                                        ] | 0% Completed | 8.71 s[                                        ] | 0% Completed | 8.81 s[                                        ] | 0% Completed | 8.91 s[                                        ] | 0% Completed | 9.01 s[                                        ] | 0% Completed | 9.11 s[                                        ] | 0% Completed | 9.21 s[                                        ] | 0% Completed | 9.31 s[                                        ] | 0% Completed | 9.41 s[                                        ] | 0% Completed | 9.51 s[                                        ] | 0% Completed | 9.61 s[                                        ] | 0% Completed | 9.71 s[                                        ] | 0% Completed | 9.81 s[                                        ] | 0% Completed | 9.91 s[                                        ] | 0% Completed | 10.01 s[                                        ] | 0% Completed | 10.11 s[                                        ] | 0% Completed | 10.21 s[                                        ] | 0% Completed | 10.31 s[                                        ] | 0% Completed | 10.41 s[                                        ] | 0% Completed | 10.51 s[                                        ] | 0% Completed | 10.61 s[                                        ] | 0% Completed | 10.71 s[                                        ] | 0% Completed | 10.81 s[                                        ] | 0% Completed | 10.91 s[                                        ] | 0% Completed | 11.01 s[                                        ] | 0% Completed | 11.11 s[                                        ] | 0% Completed | 11.21 s[                                        ] | 0% Completed | 11.31 s[                                        ] | 0% Completed | 11.41 s[                                        ] | 0% Completed | 11.51 s[                                        ] | 0% Completed | 11.61 s[                                        ] | 0% Completed | 11.71 s[                                        ] | 0% Completed | 11.81 s[                                        ] | 0% Completed | 11.91 s[                                        ] | 0% Completed | 12.01 s[                                        ] | 0% Completed | 12.11 s[                                        ] | 0% Completed | 12.21 s[                                        ] | 0% Completed | 12.31 s[                                        ] | 0% Completed | 12.41 s[                                        ] | 0% Completed | 12.51 s[                                        ] | 0% Completed | 12.61 s[                                        ] | 0% Completed | 12.71 s[                                        ] | 0% Completed | 12.81 s[                                        ] | 0% Completed | 12.91 s[                                        ] | 0% Completed | 13.01 s[                                        ] | 0% Completed | 13.11 s[                                        ] | 0% Completed | 13.21 s[                                        ] | 0% Completed | 13.31 s[                                        ] | 0% Completed | 13.41 s[                                        ] | 0% Completed | 13.51 s[                                        ] | 0% Completed | 13.61 s[                                        ] | 0% Completed | 13.71 s[                                        ] | 0% Completed | 13.81 s[                                        ] | 0% Completed | 13.91 s[                                        ] | 0% Completed | 14.01 s[                                        ] | 0% Completed | 14.11 s[                                        ] | 0% Completed | 14.21 s[                                        ] | 0% Completed | 14.31 s[                                        ] | 0% Completed | 14.41 s[                                        ] | 0% Completed | 14.51 s[                                        ] | 0% Completed | 14.61 s[                                        ] | 0% Completed | 14.71 s[                                        ] | 0% Completed | 14.81 s[                                        ] | 0% Completed | 14.91 s[                                        ] | 0% Completed | 15.01 s[                                        ] | 0% Completed | 15.11 s[                                        ] | 0% Completed | 15.21 s[                                        ] | 0% Completed | 15.31 s[                                        ] | 0% Completed | 15.41 s[                                        ] | 0% Completed | 15.51 s[                                        ] | 0% Completed | 15.61 s[                                        ] | 0% Completed | 15.71 s[                                        ] | 0% Completed | 15.81 s[                                        ] | 0% Completed | 15.91 s[                                        ] | 0% Completed | 16.01 s[                                        ] | 0% Completed | 16.11 s[                                        ] | 0% Completed | 16.21 s[                                        ] | 0% Completed | 16.31 s[                                        ] | 0% Completed | 16.41 s[                                        ] | 0% Completed | 16.51 s[                                        ] | 0% Completed | 16.61 s[                                        ] | 0% Completed | 16.71 s[                                        ] | 0% Completed | 16.81 s[                                        ] | 0% Completed | 16.92 s[                                        ] | 0% Completed | 17.02 s[                                        ] | 0% Completed | 17.12 s[########################################] | 100% Completed | 17.22 s
[                                        ] | 0% Completed | 1.07 s[                                        ] | 0% Completed | 1.18 s[                                        ] | 0% Completed | 1.29 s[                                        ] | 0% Completed | 1.40 s[                                        ] | 0% Completed | 1.69 s[                                        ] | 0% Completed | 1.79 s[                                        ] | 2% Completed | 1.90 s[#                                       ] | 3% Completed | 2.00 s[#                                       ] | 4% Completed | 2.10 s[##                                      ] | 6% Completed | 2.20 s[###                                     ] | 7% Completed | 2.30 s[###                                     ] | 9% Completed | 2.40 s[####                                    ] | 10% Completed | 2.50 s[####                                    ] | 12% Completed | 2.60 s[#####                                   ] | 13% Completed | 2.70 s[######                                  ] | 15% Completed | 2.80 s[######                                  ] | 16% Completed | 2.90 s[#######                                 ] | 17% Completed | 3.00 s[#######                                 ] | 19% Completed | 3.10 s[########                                ] | 20% Completed | 3.20 s[########                                ] | 22% Completed | 3.30 s[#########                               ] | 23% Completed | 3.40 s[##########                              ] | 25% Completed | 3.50 s[##########                              ] | 26% Completed | 3.60 s[###########                             ] | 28% Completed | 3.70 s[###########                             ] | 29% Completed | 3.80 s[############                            ] | 31% Completed | 3.90 s[#############                           ] | 32% Completed | 4.00 s[#############                           ] | 34% Completed | 4.10 s[##############                          ] | 35% Completed | 4.20 s[##############                          ] | 37% Completed | 4.30 s[###############                         ] | 38% Completed | 4.40 s[################                        ] | 40% Completed | 4.50 s[################                        ] | 41% Completed | 4.60 s[#################                       ] | 43% Completed | 4.70 s[#################                       ] | 44% Completed | 4.80 s[##################                      ] | 46% Completed | 4.90 s[###################                     ] | 47% Completed | 5.00 s[###################                     ] | 49% Completed | 5.10 s[####################                    ] | 50% Completed | 5.20 s[####################                    ] | 52% Completed | 5.30 s[#####################                   ] | 53% Completed | 5.40 s[######################                  ] | 55% Completed | 5.50 s[######################                  ] | 56% Completed | 5.60 s[#######################                 ] | 58% Completed | 5.70 s[########################                ] | 60% Completed | 5.80 s[########################                ] | 61% Completed | 5.90 s[#########################               ] | 63% Completed | 6.00 s[#########################               ] | 64% Completed | 6.10 s[##########################              ] | 66% Completed | 6.20 s[###########################             ] | 68% Completed | 6.30 s[############################            ] | 70% Completed | 6.40 s[############################            ] | 71% Completed | 6.50 s[#############################           ] | 73% Completed | 6.60 s[##############################          ] | 75% Completed | 6.70 s[##############################          ] | 76% Completed | 6.80 s[###############################         ] | 78% Completed | 6.90 s[########################################] | 100% Completed | 7.30 s
[##########                              ] | 26% Completed | 1.02 s[############                            ] | 30% Completed | 1.12 s[#############                           ] | 34% Completed | 1.22 s[###############                         ] | 38% Completed | 1.32 s[#################                       ] | 43% Completed | 1.43 s[###################                     ] | 47% Completed | 1.53 s[####################                    ] | 51% Completed | 1.63 s[######################                  ] | 56% Completed | 1.73 s[########################                ] | 60% Completed | 1.83 s[#########################               ] | 63% Completed | 1.93 s[##########################              ] | 67% Completed | 2.03 s[############################            ] | 70% Completed | 2.13 s[#############################           ] | 73% Completed | 2.23 s[##############################          ] | 77% Completed | 2.33 s[################################        ] | 80% Completed | 2.43 s[#################################       ] | 84% Completed | 2.53 s[###################################     ] | 88% Completed | 2.63 s[####################################    ] | 90% Completed | 2.73 s[#####################################   ] | 94% Completed | 2.83 s[####################################### ] | 97% Completed | 2.93 s[########################################] | 100% Completed | 3.03 s
[###########                             ] | 29% Completed | 1.00 s[#############                           ] | 32% Completed | 1.10 s[##############                          ] | 36% Completed | 1.20 s[###############                         ] | 39% Completed | 1.30 s[#################                       ] | 42% Completed | 1.40 s[##################                      ] | 46% Completed | 1.50 s[###################                     ] | 49% Completed | 1.60 s[#####################                   ] | 52% Completed | 1.70 s[######################                  ] | 55% Completed | 1.80 s[#######################                 ] | 58% Completed | 1.90 s[########################                ] | 61% Completed | 2.00 s[#########################               ] | 63% Completed | 2.10 s[##########################              ] | 66% Completed | 2.20 s[###########################             ] | 68% Completed | 2.30 s[############################            ] | 70% Completed | 2.40 s[#############################           ] | 73% Completed | 2.50 s[##############################          ] | 75% Completed | 2.60 s[###############################         ] | 77% Completed | 2.70 s[################################        ] | 80% Completed | 2.80 s[#################################       ] | 83% Completed | 2.90 s[##################################      ] | 85% Completed | 3.00 s[###################################     ] | 88% Completed | 3.10 s[####################################    ] | 90% Completed | 3.20 s[#####################################   ] | 92% Completed | 3.30 s[######################################  ] | 95% Completed | 3.40 s[####################################### ] | 97% Completed | 3.50 s[########################################] | 100% Completed | 3.60 s
[38;5;23m2026-01-21 15:04:06[39m | [38;5;23mINFO[39m | Aggregating dataset for DMR calling (this may take multiple steps)...[39m
[38;5;23m2026-01-21 15:04:06[39m | [38;5;23mINFO[39m | Adding Ranges_ID column to validate merging.[39m
[####################                    ] | 50% Completed | 1.07 s[######################                  ] | 56% Completed | 1.17 s[########################                ] | 62% Completed | 1.27 s[###########################             ] | 68% Completed | 1.37 s[#############################           ] | 74% Completed | 1.47 s[################################        ] | 80% Completed | 1.57 s[##################################      ] | 86% Completed | 1.67 s[#####################################   ] | 93% Completed | 1.77 s[####################################### ] | 99% Completed | 1.87 s[########################################] | 100% Completed | 1.97 s
[##############                          ] | 36% Completed | 1.00 s[################                        ] | 41% Completed | 1.10 s[##################                      ] | 45% Completed | 1.20 s[###################                     ] | 49% Completed | 1.30 s[#####################                   ] | 53% Completed | 1.40 s[######################                  ] | 57% Completed | 1.50 s[########################                ] | 61% Completed | 1.60 s[##########################              ] | 66% Completed | 1.70 s[############################            ] | 70% Completed | 1.80 s[##############################          ] | 75% Completed | 1.90 s[###############################         ] | 79% Completed | 2.00 s[#################################       ] | 84% Completed | 2.10 s[###################################     ] | 88% Completed | 2.20 s[#####################################   ] | 92% Completed | 2.30 s[######################################  ] | 96% Completed | 2.40 s[########################################] | 100% Completed | 2.50 s
[38;5;23m2026-01-21 15:04:25[39m | [38;5;23mINFO[39m | Recoding given covariates from ['sex'] to: ['sex_male'] to handle categorical variables.[39m
[38;5;23m2026-01-21 15:04:25[39m | [33mWARNING[39m | [33m
                    Insufficient number of samples for statistical modeling.
                    Group 0: 2 samples
                    Group 1: 2 samples
                    Need more than 2 samples per group (> 1 + 1 optional covariates).
                    Setting all p-values to 1 and test statistics to 0.[39m
[38;5;23m2026-01-21 15:04:25[39m | [38;5;23mINFO[39m | Returning conservative results due to insufficient sample sizes[39m
[38;5;23m2026-01-21 15:04:25[39m | [33mWARNING[39m | [33mExtra columns detected: Index(['Annotation', 'Name'], dtype='object'). These will be retained but are not validated.[39m
[38;5;23m2026-01-21 15:04:25[39m | [38;5;23mINFO[39m | Writing DMRs to /expanse/lustre/projects/csd940/zalibhai/biomodal/modality/outputs_CHG/Results/gencode.vM25.mouse.promoters.annotation/DMR_20260121_150425/DMR_mc_control__mutant_20260121_150425.bed.
Columns are :
`Chromosome Start End Name Score Strand num_contexts mean_coverage_across_samples mean_mod_group_1mean_mod_group_2 mod_fold_change mod_difference test_statistic dmr_pvalue dmr_qvalue
Please note that:
 - Name, Score, Strand are not used and are set to `.` for compatibility with pyranges
[39m
[38;5;23m2026-01-21 15:04:25[39m | [38;5;23mINFO[39m | Aggregating dataset for DMR calling (this may take multiple steps)...[39m
[######################                  ] | 56% Completed | 1.00 s[########################                ] | 61% Completed | 1.10 s[###########################             ] | 68% Completed | 1.20 s[#############################           ] | 74% Completed | 1.30 s[################################        ] | 81% Completed | 1.40 s[##################################      ] | 87% Completed | 1.50 s[#####################################   ] | 93% Completed | 1.60 s[########################################] | 100% Completed | 1.70 s
[###############                         ] | 38% Completed | 1.00 s[#################                       ] | 43% Completed | 1.10 s[###################                     ] | 47% Completed | 1.20 s[####################                    ] | 51% Completed | 1.30 s[######################                  ] | 55% Completed | 1.40 s[#######################                 ] | 59% Completed | 1.50 s[#########################               ] | 64% Completed | 1.60 s[###########################             ] | 68% Completed | 1.70 s[#############################           ] | 73% Completed | 1.80 s[###############################         ] | 77% Completed | 1.90 s[#################################       ] | 82% Completed | 2.00 s[##################################      ] | 86% Completed | 2.10 s[####################################    ] | 91% Completed | 2.20 s[######################################  ] | 96% Completed | 2.30 s[########################################] | 100% Completed | 2.40 s
[38;5;23m2026-01-21 15:04:40[39m | [38;5;23mINFO[39m | Recoding given covariates from ['sex'] to: ['sex_male'] to handle categorical variables.[39m
[38;5;23m2026-01-21 15:04:40[39m | [33mWARNING[39m | [33m
                    Insufficient number of samples for statistical modeling.
                    Group 0: 2 samples
                    Group 1: 2 samples
                    Need more than 2 samples per group (> 1 + 1 optional covariates).
                    Setting all p-values to 1 and test statistics to 0.[39m
[38;5;23m2026-01-21 15:04:40[39m | [38;5;23mINFO[39m | Returning conservative results due to insufficient sample sizes[39m
[38;5;23m2026-01-21 15:04:40[39m | [33mWARNING[39m | [33mExtra columns detected: Index(['Annotation', 'Name'], dtype='object'). These will be retained but are not validated.[39m
[38;5;23m2026-01-21 15:04:40[39m | [38;5;23mINFO[39m | Writing DMRs to /expanse/lustre/projects/csd940/zalibhai/biomodal/modality/outputs_CHG/Results/gencode.vM25.mouse.promoters.annotation/DMR_20260121_150425/DMR_hmc_control__mutant_20260121_150425.bed.
Columns are :
`Chromosome Start End Name Score Strand num_contexts mean_coverage_across_samples mean_mod_group_1mean_mod_group_2 mod_fold_change mod_difference test_statistic dmr_pvalue dmr_qvalue
Please note that:
 - Name, Score, Strand are not used and are set to `.` for compatibility with pyranges
[39m
[38;5;23m2026-01-21 15:04:40[39m  [1m[38;5;154mDMR calling completed successfully! Outputs saved to: /expanse/lustre/projects/csd940/zalibhai/biomodal/modality/outputs_CHG/Results/gencode.vM25.mouse.promoters.annotation[39m
[38;5;23m2026-01-21 15:04:40[39m | [38;5;23mINFO[39m | DMR track configuration files saved successfully.[39m
[38;5;23m2026-01-21 15:04:40[39m  Wrote provenance sidecar file to /expanse/lustre/projects/csd940/zalibhai/biomodal/modality/outputs_CHG/Results/gencode.vM25.mouse.promoters.annotation/DMR_20260121_150425/modality_metadata_20260121_150440.json[39m
/expanse/lustre/projects/csd940/zalibhai/biomodal/modality/outputs_CHG/Results/gencode.vM25.mouse.promoters.annotation/DMR_20260121_150425/DMR_mc_control__mutant_20260121_150425.bed /expanse/lustre/projects/csd940/zalibhai/biomodal/modality/outputs_CHG/Results/gencode.vM25.mouse.promoters.annotation/DMR_20260121_150425/DMR_hmc_control__mutant_20260121_150425.bed
[INFO] 2026-01-21 15:04:41 - DMR calling completed for /expanse/lustre/projects/csd940/zalibhai/biomodal/modality/mm10/gencode.vM25.mouse.promoters.annotation.bed.gz
[INFO] 2026-01-21 15:04:41 - Running DMR calling on region file: /expanse/lustre/projects/csd940/zalibhai/biomodal/modality/mm10/gencode.vM25.mouse.tss_region.annotation.bed.gz
Logged in using stored credentials
[38;5;23m2026-01-21 15:04:45[39m  [1m[38;5;123mProvenance information:[39m
[38;5;23m2026-01-21 15:04:45[39m  cmd='/home/zalibhai/miniforge3/envs/modality/bin/modality -v dmr call --zarr-path /expanse/lustre/projects/csd940/zalibhai/biomodal/evoC-run/output/duet-1.5.0_evoC_Bap1_run_6bp/sample_outputs/zarr_store/CHG/evoC_Bap1_run.genome.GRCm38_primary_assembly.dedup.CHG.zarrz --sample-sheet /expanse/lustre/projects/csd940/zalibhai/biomodal/modality/metadata.tsv --condition-array-name condition --methylation-contexts num_mc num_hmc --bedfile /expanse/lustre/projects/csd940/zalibhai/biomodal/modality/mm10/gencode.vM25.mouse.tss_region.annotation.bed.gz --covariates sex --filter-context-depth 10 --condition-order control mutant --output-dir /expanse/lustre/projects/csd940/zalibhai/biomodal/modality/outputs_CHG/Results/gencode.vM25.mouse.tss_region.annotation'
timestamp=2026-01-21T15:04:45.878996
version=1.0.0
user=zalibhai

[39m
[38;5;23m2026-01-21 15:04:45[39m  [1m[38;5;123mStarting differential methylation analysis:[39m
[38;5;23m2026-01-21 15:04:45[39m  [38;5;248mZarr path(s)[39m: ['/expanse/lustre/projects/csd940/zalibhai/biomodal/evoC-run/output/duet-1.5.0_evoC_Bap1_run_6bp/sample_outputs/zarr_store/CHG/evoC_Bap1_run.genome.GRCm38_primary_assembly.dedup.CHG.zarrz'][39m
[38;5;23m2026-01-21 15:04:45[39m  [38;5;248mSample Sheet[39m: /expanse/lustre/projects/csd940/zalibhai/biomodal/modality/metadata.tsv[39m
[38;5;23m2026-01-21 15:04:45[39m  [38;5;248mCondition Array Name[39m: condition[39m
[38;5;23m2026-01-21 15:04:45[39m  [38;5;248mMethylation Contexts[39m: ['num_mc', 'num_hmc'][39m
[38;5;23m2026-01-21 15:04:45[39m  [38;5;248mBedfile[39m: /expanse/lustre/projects/csd940/zalibhai/biomodal/modality/mm10/gencode.vM25.mouse.tss_region.annotation.bed.gz[39m
[38;5;23m2026-01-21 15:04:45[39m  [38;5;248mCovariates[39m: ['sex'][39m
[38;5;23m2026-01-21 15:04:45[39m  [38;5;248mMin Coverage[39m: 10[39m
[38;5;23m2026-01-21 15:04:45[39m  [38;5;248mCondition Order[39m: ['control', 'mutant'][39m
[38;5;23m2026-01-21 15:04:45[39m  [38;5;248mOutput Dir[39m: /expanse/lustre/projects/csd940/zalibhai/biomodal/modality/outputs_CHG/Results/gencode.vM25.mouse.tss_region.annotation[39m
[38;5;23m2026-01-21 15:04:45[39m  [38;5;248mWindow Size[39m: None[39m
[38;5;23m2026-01-21 15:04:45[39m  [38;5;248mNum Contexts[39m: 0[39m
[38;5;23m2026-01-21 15:04:45[39m  [38;5;248mRegion[39m: None[39m
[38;5;23m2026-01-21 15:04:45[39m  [38;5;248mOverdispersion[39m: False[39m
[38;5;23m2026-01-21 15:04:45[39m  [38;5;248mStatistical Test[39m: wald[39m
[38;5;23m2026-01-21 15:04:45[39m  [38;5;248mDisable Strand Merging[39m: False[39m
[38;5;23m2026-01-21 15:04:45[39m  [38;5;248mCompress[39m: False[39m
[38;5;23m2026-01-21 15:04:45[39m | [38;5;23mINFO[39m | Loading Zarr dataset...[39m
[38;5;23m2026-01-21 15:05:00[39m | [38;5;23mINFO[39m | Starting DMR calling process, this could take a few minutes...[39m
[38;5;23m2026-01-21 15:05:00[39m | [38;5;23mINFO[39m | Aligning sample sheet with dataset...[39m
[                                        ] | 0% Completed | 1.10 s[                                        ] | 0% Completed | 1.21 s[                                        ] | 0% Completed | 1.42 s[                                        ] | 0% Completed | 1.67 s[                                        ] | 0% Completed | 1.77 s[                                        ] | 1% Completed | 1.87 s[#                                       ] | 2% Completed | 1.97 s[#                                       ] | 3% Completed | 2.07 s[#                                       ] | 4% Completed | 2.17 s[##                                      ] | 5% Completed | 2.27 s[##                                      ] | 6% Completed | 2.37 s[##                                      ] | 7% Completed | 2.47 s[###                                     ] | 8% Completed | 2.57 s[###                                     ] | 9% Completed | 2.67 s[###                                     ] | 9% Completed | 2.77 s[####                                    ] | 10% Completed | 2.87 s[####                                    ] | 11% Completed | 2.97 s[#####                                   ] | 12% Completed | 3.07 s[#####                                   ] | 13% Completed | 3.17 s[#####                                   ] | 14% Completed | 3.27 s[######                                  ] | 15% Completed | 3.37 s[######                                  ] | 16% Completed | 3.47 s[######                                  ] | 17% Completed | 3.57 s[#######                                 ] | 17% Completed | 3.67 s[#######                                 ] | 18% Completed | 3.77 s[#######                                 ] | 19% Completed | 3.87 s[########                                ] | 20% Completed | 3.97 s[########                                ] | 21% Completed | 4.07 s[########                                ] | 22% Completed | 4.17 s[#########                               ] | 23% Completed | 4.27 s[#########                               ] | 24% Completed | 4.37 s[##########                              ] | 25% Completed | 4.47 s[##########                              ] | 26% Completed | 4.57 s[##########                              ] | 27% Completed | 4.67 s[###########                             ] | 28% Completed | 4.77 s[###########                             ] | 29% Completed | 4.87 s[############                            ] | 30% Completed | 4.97 s[############                            ] | 31% Completed | 5.07 s[############                            ] | 32% Completed | 5.17 s[#############                           ] | 33% Completed | 5.27 s[#############                           ] | 34% Completed | 5.37 s[##############                          ] | 35% Completed | 5.47 s[##############                          ] | 36% Completed | 5.57 s[###############                         ] | 37% Completed | 5.67 s[###############                         ] | 38% Completed | 5.77 s[################                        ] | 40% Completed | 5.87 s[################                        ] | 40% Completed | 5.97 s[################                        ] | 41% Completed | 6.08 s[#################                       ] | 43% Completed | 6.18 s[#################                       ] | 43% Completed | 6.28 s[#################                       ] | 44% Completed | 6.38 s[##################                      ] | 46% Completed | 6.48 s[##################                      ] | 47% Completed | 6.58 s[###################                     ] | 48% Completed | 6.68 s[###################                     ] | 49% Completed | 6.78 s[####################                    ] | 50% Completed | 6.88 s[####################                    ] | 51% Completed | 6.98 s[#####################                   ] | 52% Completed | 7.08 s[#####################                   ] | 53% Completed | 7.18 s[#####################                   ] | 54% Completed | 7.28 s[######################                  ] | 55% Completed | 7.38 s[######################                  ] | 56% Completed | 7.48 s[#######################                 ] | 57% Completed | 7.58 s[#######################                 ] | 58% Completed | 7.68 s[#######################                 ] | 59% Completed | 7.78 s[########################                ] | 60% Completed | 7.88 s[########################                ] | 61% Completed | 7.98 s[#########################               ] | 62% Completed | 8.08 s[#########################               ] | 63% Completed | 8.18 s[#########################               ] | 64% Completed | 8.28 s[##########################              ] | 65% Completed | 8.38 s[##########################              ] | 66% Completed | 8.48 s[##########################              ] | 67% Completed | 8.58 s[###########################             ] | 68% Completed | 8.68 s[###########################             ] | 69% Completed | 8.78 s[############################            ] | 70% Completed | 8.88 s[############################            ] | 71% Completed | 8.98 s[############################            ] | 72% Completed | 9.08 s[#############################           ] | 73% Completed | 9.18 s[#############################           ] | 73% Completed | 9.28 s[#############################           ] | 74% Completed | 9.38 s[##############################          ] | 75% Completed | 9.48 s[##############################          ] | 76% Completed | 9.58 s[###############################         ] | 77% Completed | 9.68 s[###############################         ] | 78% Completed | 9.78 s[########################################] | 100% Completed | 10.17 s
[38;5;23m2026-01-21 15:05:12[39m | [38;5;23mINFO[39m | filtering low coverage contexts (this may take multiple steps)...[39m
[######                                  ] | 16% Completed | 1.00 s[#######                                 ] | 17% Completed | 1.10 s[#######                                 ] | 19% Completed | 1.20 s[########                                ] | 21% Completed | 1.30 s[#########                               ] | 22% Completed | 1.40 s[#########                               ] | 24% Completed | 1.50 s[##########                              ] | 26% Completed | 1.60 s[###########                             ] | 29% Completed | 1.70 s[############                            ] | 32% Completed | 1.80 s[#############                           ] | 34% Completed | 1.90 s[###############                         ] | 37% Completed | 2.00 s[################                        ] | 40% Completed | 2.10 s[#################                       ] | 43% Completed | 2.20 s[##################                      ] | 46% Completed | 2.30 s[####################                    ] | 50% Completed | 2.40 s[#####################                   ] | 53% Completed | 2.50 s[######################                  ] | 56% Completed | 2.60 s[#######################                 ] | 59% Completed | 2.70 s[#########################               ] | 62% Completed | 2.80 s[##########################              ] | 65% Completed | 2.90 s[###########################             ] | 68% Completed | 3.00 s[############################            ] | 71% Completed | 3.10 s[#############################           ] | 74% Completed | 3.20 s[###############################         ] | 77% Completed | 3.30 s[################################        ] | 80% Completed | 3.40 s[#################################       ] | 83% Completed | 3.50 s[##################################      ] | 86% Completed | 3.60 s[####################################    ] | 90% Completed | 3.70 s[#####################################   ] | 93% Completed | 3.80 s[######################################  ] | 96% Completed | 3.91 s[####################################### ] | 99% Completed | 4.01 s[########################################] | 100% Completed | 4.11 s
[                                        ] | 0% Completed | 1.00 s[                                        ] | 0% Completed | 1.10 s[                                        ] | 0% Completed | 1.20 s[                                        ] | 0% Completed | 1.30 s[                                        ] | 0% Completed | 1.40 s[                                        ] | 0% Completed | 1.50 s[                                        ] | 0% Completed | 1.60 s[                                        ] | 0% Completed | 1.70 s[                                        ] | 0% Completed | 1.80 s[                                        ] | 0% Completed | 1.90 s[                                        ] | 0% Completed | 2.00 s[                                        ] | 0% Completed | 2.10 s[                                        ] | 0% Completed | 2.20 s[                                        ] | 0% Completed | 2.30 s[                                        ] | 0% Completed | 2.40 s[                                        ] | 0% Completed | 2.50 s[                                        ] | 0% Completed | 2.60 s[                                        ] | 0% Completed | 2.70 s[                                        ] | 0% Completed | 2.80 s[                                        ] | 0% Completed | 2.90 s[                                        ] | 0% Completed | 3.00 s[                                        ] | 0% Completed | 3.10 s[                                        ] | 0% Completed | 3.20 s[                                        ] | 0% Completed | 3.30 s[                                        ] | 0% Completed | 3.40 s[                                        ] | 0% Completed | 3.50 s[                                        ] | 0% Completed | 3.60 s[                                        ] | 0% Completed | 3.70 s[                                        ] | 0% Completed | 3.80 s[                                        ] | 0% Completed | 3.90 s[                                        ] | 0% Completed | 4.00 s[                                        ] | 0% Completed | 4.10 s[                                        ] | 0% Completed | 4.20 s[                                        ] | 0% Completed | 4.30 s[                                        ] | 0% Completed | 4.40 s[                                        ] | 0% Completed | 4.50 s[                                        ] | 0% Completed | 4.60 s[                                        ] | 0% Completed | 4.70 s[                                        ] | 0% Completed | 4.80 s[                                        ] | 0% Completed | 4.90 s[                                        ] | 0% Completed | 5.00 s[                                        ] | 0% Completed | 5.10 s[                                        ] | 0% Completed | 5.20 s[                                        ] | 0% Completed | 5.30 s[                                        ] | 0% Completed | 5.40 s[                                        ] | 0% Completed | 5.50 s[                                        ] | 0% Completed | 5.61 s[                                        ] | 0% Completed | 5.71 s[                                        ] | 0% Completed | 5.81 s[                                        ] | 0% Completed | 5.91 s[                                        ] | 0% Completed | 6.01 s[                                        ] | 0% Completed | 6.11 s[                                        ] | 0% Completed | 6.21 s[                                        ] | 0% Completed | 6.31 s[                                        ] | 0% Completed | 6.41 s[                                        ] | 0% Completed | 6.51 s[                                        ] | 0% Completed | 6.61 s[                                        ] | 0% Completed | 6.71 s[                                        ] | 0% Completed | 6.81 s[                                        ] | 0% Completed | 6.91 s[                                        ] | 0% Completed | 7.01 s[                                        ] | 0% Completed | 7.11 s[                                        ] | 0% Completed | 7.21 s[                                        ] | 0% Completed | 7.31 s[                                        ] | 0% Completed | 7.41 s[                                        ] | 0% Completed | 7.51 s[                                        ] | 0% Completed | 7.61 s[                                        ] | 0% Completed | 7.71 s[                                        ] | 0% Completed | 7.81 s[                                        ] | 0% Completed | 7.91 s[                                        ] | 0% Completed | 8.01 s[                                        ] | 0% Completed | 8.11 s[                                        ] | 0% Completed | 8.21 s[                                        ] | 0% Completed | 8.31 s[                                        ] | 0% Completed | 8.41 s[                                        ] | 0% Completed | 8.51 s[                                        ] | 0% Completed | 8.61 s[                                        ] | 0% Completed | 8.71 s[                                        ] | 0% Completed | 8.81 s[                                        ] | 0% Completed | 8.91 s[                                        ] | 0% Completed | 9.01 s[                                        ] | 0% Completed | 9.11 s[                                        ] | 0% Completed | 9.21 s[                                        ] | 0% Completed | 9.31 s[                                        ] | 0% Completed | 9.41 s[                                        ] | 0% Completed | 9.51 s[                                        ] | 0% Completed | 9.61 s[                                        ] | 0% Completed | 9.71 s[                                        ] | 0% Completed | 9.81 s[                                        ] | 0% Completed | 9.91 s[                                        ] | 0% Completed | 10.01 s[                                        ] | 0% Completed | 10.11 s[                                        ] | 0% Completed | 10.21 s[                                        ] | 0% Completed | 10.31 s[                                        ] | 0% Completed | 10.41 s[                                        ] | 0% Completed | 10.51 s[                                        ] | 0% Completed | 10.61 s[                                        ] | 0% Completed | 10.71 s[                                        ] | 0% Completed | 10.81 s[                                        ] | 0% Completed | 10.91 s[                                        ] | 0% Completed | 11.01 s[                                        ] | 0% Completed | 11.11 s[                                        ] | 0% Completed | 11.21 s[                                        ] | 0% Completed | 11.31 s[                                        ] | 0% Completed | 11.41 s[                                        ] | 0% Completed | 11.51 s[                                        ] | 0% Completed | 11.61 s[                                        ] | 0% Completed | 11.71 s[                                        ] | 0% Completed | 11.81 s[                                        ] | 0% Completed | 11.91 s[                                        ] | 0% Completed | 12.01 s[                                        ] | 0% Completed | 12.11 s[                                        ] | 0% Completed | 12.21 s[                                        ] | 0% Completed | 12.31 s[                                        ] | 0% Completed | 12.41 s[                                        ] | 0% Completed | 12.51 s[                                        ] | 0% Completed | 12.61 s[                                        ] | 0% Completed | 12.71 s[                                        ] | 0% Completed | 12.81 s[                                        ] | 0% Completed | 12.91 s[                                        ] | 0% Completed | 13.01 s[                                        ] | 0% Completed | 13.11 s[                                        ] | 0% Completed | 13.21 s[                                        ] | 0% Completed | 13.31 s[                                        ] | 0% Completed | 13.41 s[                                        ] | 0% Completed | 13.51 s[                                        ] | 0% Completed | 13.61 s[                                        ] | 0% Completed | 13.71 s[                                        ] | 0% Completed | 13.81 s[                                        ] | 0% Completed | 13.91 s[                                        ] | 0% Completed | 14.01 s[                                        ] | 0% Completed | 14.11 s[                                        ] | 0% Completed | 14.21 s[                                        ] | 0% Completed | 14.31 s[                                        ] | 0% Completed | 14.41 s[                                        ] | 0% Completed | 14.51 s[                                        ] | 0% Completed | 14.61 s[                                        ] | 0% Completed | 14.71 s[                                        ] | 0% Completed | 14.81 s[                                        ] | 0% Completed | 14.91 s[                                        ] | 0% Completed | 15.01 s[                                        ] | 0% Completed | 15.11 s[                                        ] | 0% Completed | 15.21 s[                                        ] | 0% Completed | 15.31 s[                                        ] | 0% Completed | 15.41 s[                                        ] | 0% Completed | 15.51 s[                                        ] | 0% Completed | 15.61 s[                                        ] | 0% Completed | 15.71 s[                                        ] | 0% Completed | 15.81 s[                                        ] | 0% Completed | 15.91 s[                                        ] | 0% Completed | 16.01 s[                                        ] | 0% Completed | 16.11 s[                                        ] | 0% Completed | 16.21 s[                                        ] | 0% Completed | 16.31 s[                                        ] | 0% Completed | 16.41 s[                                        ] | 0% Completed | 16.51 s[                                        ] | 0% Completed | 16.61 s[                                        ] | 0% Completed | 16.71 s[                                        ] | 0% Completed | 16.81 s[                                        ] | 0% Completed | 16.91 s[                                        ] | 0% Completed | 17.01 s[                                        ] | 0% Completed | 17.11 s[                                        ] | 0% Completed | 17.21 s[                                        ] | 0% Completed | 17.31 s[########################################] | 100% Completed | 17.41 s
[                                        ] | 0% Completed | 1.09 s[                                        ] | 0% Completed | 1.20 s[                                        ] | 0% Completed | 1.31 s[                                        ] | 0% Completed | 1.43 s[                                        ] | 0% Completed | 1.54 s[                                        ] | 0% Completed | 1.65 s[                                        ] | 0% Completed | 1.89 s[                                        ] | 0% Completed | 1.99 s[                                        ] | 2% Completed | 2.09 s[#                                       ] | 4% Completed | 2.19 s[##                                      ] | 6% Completed | 2.29 s[###                                     ] | 8% Completed | 2.39 s[####                                    ] | 10% Completed | 2.49 s[####                                    ] | 12% Completed | 2.59 s[#####                                   ] | 14% Completed | 2.69 s[######                                  ] | 16% Completed | 2.79 s[#######                                 ] | 18% Completed | 2.89 s[########                                ] | 20% Completed | 2.99 s[########                                ] | 22% Completed | 3.09 s[#########                               ] | 23% Completed | 3.19 s[##########                              ] | 25% Completed | 3.29 s[###########                             ] | 27% Completed | 3.39 s[###########                             ] | 29% Completed | 3.49 s[############                            ] | 31% Completed | 3.59 s[#############                           ] | 33% Completed | 3.69 s[##############                          ] | 35% Completed | 3.79 s[##############                          ] | 37% Completed | 3.89 s[###############                         ] | 38% Completed | 3.99 s[################                        ] | 40% Completed | 4.09 s[#################                       ] | 42% Completed | 4.19 s[#################                       ] | 44% Completed | 4.29 s[##################                      ] | 46% Completed | 4.39 s[###################                     ] | 48% Completed | 4.49 s[####################                    ] | 50% Completed | 4.59 s[####################                    ] | 52% Completed | 4.69 s[#####################                   ] | 54% Completed | 4.79 s[######################                  ] | 55% Completed | 4.89 s[######################                  ] | 57% Completed | 4.99 s[#######################                 ] | 59% Completed | 5.09 s[########################                ] | 60% Completed | 5.19 s[########################                ] | 62% Completed | 5.29 s[#########################               ] | 63% Completed | 5.39 s[#########################               ] | 64% Completed | 5.49 s[##########################              ] | 66% Completed | 5.60 s[###########################             ] | 67% Completed | 5.70 s[###########################             ] | 69% Completed | 5.80 s[############################            ] | 70% Completed | 5.90 s[############################            ] | 72% Completed | 6.00 s[#############################           ] | 73% Completed | 6.10 s[#############################           ] | 74% Completed | 6.20 s[##############################          ] | 76% Completed | 6.30 s[###############################         ] | 77% Completed | 6.40 s[###############################         ] | 79% Completed | 6.50 s[########################################] | 100% Completed | 6.89 s
[########                                ] | 21% Completed | 1.04 s[#########                               ] | 24% Completed | 1.14 s[##########                              ] | 27% Completed | 1.24 s[############                            ] | 30% Completed | 1.34 s[#############                           ] | 33% Completed | 1.44 s[##############                          ] | 36% Completed | 1.54 s[################                        ] | 40% Completed | 1.64 s[#################                       ] | 43% Completed | 1.74 s[##################                      ] | 47% Completed | 1.84 s[####################                    ] | 50% Completed | 1.94 s[#####################                   ] | 53% Completed | 2.04 s[######################                  ] | 56% Completed | 2.14 s[#######################                 ] | 59% Completed | 2.24 s[########################                ] | 62% Completed | 2.34 s[#########################               ] | 64% Completed | 2.44 s[##########################              ] | 67% Completed | 2.54 s[############################            ] | 70% Completed | 2.64 s[#############################           ] | 72% Completed | 2.74 s[##############################          ] | 75% Completed | 2.84 s[###############################         ] | 78% Completed | 2.94 s[################################        ] | 82% Completed | 3.04 s[##################################      ] | 85% Completed | 3.14 s[###################################     ] | 88% Completed | 3.24 s[####################################    ] | 92% Completed | 3.34 s[######################################  ] | 95% Completed | 3.44 s[####################################### ] | 98% Completed | 3.54 s[########################################] | 100% Completed | 3.64 s
[##########                              ] | 27% Completed | 1.00 s[############                            ] | 30% Completed | 1.10 s[#############                           ] | 33% Completed | 1.20 s[##############                          ] | 35% Completed | 1.30 s[###############                         ] | 38% Completed | 1.40 s[################                        ] | 41% Completed | 1.50 s[#################                       ] | 44% Completed | 1.60 s[##################                      ] | 46% Completed | 1.70 s[###################                     ] | 49% Completed | 1.80 s[####################                    ] | 52% Completed | 1.90 s[#####################                   ] | 54% Completed | 2.00 s[#######################                 ] | 57% Completed | 2.10 s[########################                ] | 60% Completed | 2.20 s[#########################               ] | 63% Completed | 2.30 s[##########################              ] | 65% Completed | 2.40 s[###########################             ] | 67% Completed | 2.50 s[############################            ] | 70% Completed | 2.60 s[#############################           ] | 73% Completed | 2.70 s[##############################          ] | 75% Completed | 2.80 s[###############################         ] | 78% Completed | 2.90 s[################################        ] | 81% Completed | 3.00 s[#################################       ] | 84% Completed | 3.10 s[##################################      ] | 87% Completed | 3.20 s[###################################     ] | 89% Completed | 3.30 s[#####################################   ] | 92% Completed | 3.40 s[######################################  ] | 95% Completed | 3.50 s[####################################### ] | 98% Completed | 3.60 s[########################################] | 100% Completed | 3.70 s
[38;5;23m2026-01-21 15:05:56[39m | [38;5;23mINFO[39m | Aggregating dataset for DMR calling (this may take multiple steps)...[39m
[38;5;23m2026-01-21 15:05:56[39m | [38;5;23mINFO[39m | Adding Ranges_ID column to validate merging.[39m
[##################                      ] | 45% Completed | 1.06 s[####################                    ] | 50% Completed | 1.16 s[######################                  ] | 56% Completed | 1.26 s[########################                ] | 61% Completed | 1.36 s[###########################             ] | 67% Completed | 1.46 s[#############################           ] | 73% Completed | 1.56 s[###############################         ] | 79% Completed | 1.66 s[##################################      ] | 85% Completed | 1.76 s[####################################    ] | 91% Completed | 1.86 s[####################################### ] | 98% Completed | 1.96 s[########################################] | 100% Completed | 2.06 s
[############                            ] | 30% Completed | 1.00 s[#############                           ] | 34% Completed | 1.10 s[##############                          ] | 37% Completed | 1.20 s[################                        ] | 40% Completed | 1.30 s[#################                       ] | 44% Completed | 1.40 s[##################                      ] | 47% Completed | 1.50 s[####################                    ] | 50% Completed | 1.60 s[#####################                   ] | 53% Completed | 1.70 s[######################                  ] | 56% Completed | 1.80 s[#######################                 ] | 58% Completed | 1.90 s[########################                ] | 60% Completed | 2.00 s[########################                ] | 62% Completed | 2.10 s[#########################               ] | 64% Completed | 2.20 s[##########################              ] | 66% Completed | 2.30 s[###########################             ] | 68% Completed | 2.40 s[############################            ] | 70% Completed | 2.50 s[#############################           ] | 73% Completed | 2.60 s[##############################          ] | 75% Completed | 2.70 s[##############################          ] | 77% Completed | 2.80 s[###############################         ] | 79% Completed | 2.90 s[################################        ] | 81% Completed | 3.00 s[#################################       ] | 83% Completed | 3.10 s[##################################      ] | 85% Completed | 3.20 s[###################################     ] | 87% Completed | 3.31 s[####################################    ] | 90% Completed | 3.41 s[####################################    ] | 92% Completed | 3.51 s[#####################################   ] | 94% Completed | 3.61 s[######################################  ] | 96% Completed | 3.71 s[####################################### ] | 98% Completed | 3.81 s[########################################] | 100% Completed | 3.91 s
[38;5;23m2026-01-21 15:06:17[39m | [38;5;23mINFO[39m | Recoding given covariates from ['sex'] to: ['sex_male'] to handle categorical variables.[39m
[38;5;23m2026-01-21 15:06:17[39m | [33mWARNING[39m | [33m
                    Insufficient number of samples for statistical modeling.
                    Group 0: 2 samples
                    Group 1: 2 samples
                    Need more than 2 samples per group (> 1 + 1 optional covariates).
                    Setting all p-values to 1 and test statistics to 0.[39m
[38;5;23m2026-01-21 15:06:17[39m | [38;5;23mINFO[39m | Returning conservative results due to insufficient sample sizes[39m
[38;5;23m2026-01-21 15:06:17[39m | [33mWARNING[39m | [33mExtra columns detected: Index(['Annotation', 'Name'], dtype='object'). These will be retained but are not validated.[39m
[38;5;23m2026-01-21 15:06:17[39m | [38;5;23mINFO[39m | Writing DMRs to /expanse/lustre/projects/csd940/zalibhai/biomodal/modality/outputs_CHG/Results/gencode.vM25.mouse.tss_region.annotation/DMR_20260121_150617/DMR_mc_control__mutant_20260121_150617.bed.
Columns are :
`Chromosome Start End Name Score Strand num_contexts mean_coverage_across_samples mean_mod_group_1mean_mod_group_2 mod_fold_change mod_difference test_statistic dmr_pvalue dmr_qvalue
Please note that:
 - Name, Score, Strand are not used and are set to `.` for compatibility with pyranges
[39m
[38;5;23m2026-01-21 15:06:17[39m | [38;5;23mINFO[39m | Aggregating dataset for DMR calling (this may take multiple steps)...[39m
[###################                     ] | 49% Completed | 1.00 s[######################                  ] | 55% Completed | 1.10 s[########################                ] | 60% Completed | 1.20 s[##########################              ] | 66% Completed | 1.30 s[############################            ] | 71% Completed | 1.40 s[##############################          ] | 77% Completed | 1.50 s[#################################       ] | 82% Completed | 1.60 s[###################################     ] | 88% Completed | 1.70 s[#####################################   ] | 93% Completed | 1.80 s[####################################### ] | 99% Completed | 1.90 s[########################################] | 100% Completed | 2.00 s
[###########                             ] | 29% Completed | 1.00 s[#############                           ] | 33% Completed | 1.10 s[##############                          ] | 36% Completed | 1.20 s[################                        ] | 40% Completed | 1.30 s[#################                       ] | 43% Completed | 1.40 s[###################                     ] | 47% Completed | 1.50 s[####################                    ] | 51% Completed | 1.60 s[######################                  ] | 55% Completed | 1.70 s[#######################                 ] | 59% Completed | 1.80 s[#########################               ] | 63% Completed | 1.90 s[##########################              ] | 66% Completed | 2.00 s[############################            ] | 70% Completed | 2.10 s[#############################           ] | 74% Completed | 2.20 s[###############################         ] | 78% Completed | 2.30 s[#################################       ] | 82% Completed | 2.40 s[##################################      ] | 86% Completed | 2.50 s[####################################    ] | 90% Completed | 2.60 s[######################################  ] | 95% Completed | 2.70 s[####################################### ] | 99% Completed | 2.80 s[########################################] | 100% Completed | 2.90 s
[38;5;23m2026-01-21 15:06:33[39m | [38;5;23mINFO[39m | Recoding given covariates from ['sex'] to: ['sex_male'] to handle categorical variables.[39m
[38;5;23m2026-01-21 15:06:33[39m | [33mWARNING[39m | [33m
                    Insufficient number of samples for statistical modeling.
                    Group 0: 2 samples
                    Group 1: 2 samples
                    Need more than 2 samples per group (> 1 + 1 optional covariates).
                    Setting all p-values to 1 and test statistics to 0.[39m
[38;5;23m2026-01-21 15:06:33[39m | [38;5;23mINFO[39m | Returning conservative results due to insufficient sample sizes[39m
[38;5;23m2026-01-21 15:06:33[39m | [33mWARNING[39m | [33mExtra columns detected: Index(['Annotation', 'Name'], dtype='object'). These will be retained but are not validated.[39m
[38;5;23m2026-01-21 15:06:33[39m | [38;5;23mINFO[39m | Writing DMRs to /expanse/lustre/projects/csd940/zalibhai/biomodal/modality/outputs_CHG/Results/gencode.vM25.mouse.tss_region.annotation/DMR_20260121_150617/DMR_hmc_control__mutant_20260121_150617.bed.
Columns are :
`Chromosome Start End Name Score Strand num_contexts mean_coverage_across_samples mean_mod_group_1mean_mod_group_2 mod_fold_change mod_difference test_statistic dmr_pvalue dmr_qvalue
Please note that:
 - Name, Score, Strand are not used and are set to `.` for compatibility with pyranges
[39m
[38;5;23m2026-01-21 15:06:33[39m  [1m[38;5;154mDMR calling completed successfully! Outputs saved to: /expanse/lustre/projects/csd940/zalibhai/biomodal/modality/outputs_CHG/Results/gencode.vM25.mouse.tss_region.annotation[39m
[38;5;23m2026-01-21 15:06:33[39m | [38;5;23mINFO[39m | DMR track configuration files saved successfully.[39m
[38;5;23m2026-01-21 15:06:33[39m  Wrote provenance sidecar file to /expanse/lustre/projects/csd940/zalibhai/biomodal/modality/outputs_CHG/Results/gencode.vM25.mouse.tss_region.annotation/DMR_20260121_150617/modality_metadata_20260121_150633.json[39m
/expanse/lustre/projects/csd940/zalibhai/biomodal/modality/outputs_CHG/Results/gencode.vM25.mouse.tss_region.annotation/DMR_20260121_150617/DMR_mc_control__mutant_20260121_150617.bed /expanse/lustre/projects/csd940/zalibhai/biomodal/modality/outputs_CHG/Results/gencode.vM25.mouse.tss_region.annotation/DMR_20260121_150617/DMR_hmc_control__mutant_20260121_150617.bed
[INFO] 2026-01-21 15:06:34 - DMR calling completed for /expanse/lustre/projects/csd940/zalibhai/biomodal/modality/mm10/gencode.vM25.mouse.tss_region.annotation.bed.gz
[INFO] 2026-01-21 15:06:34 - All DMR calling completed


=====================================
STEP 4: GENERATING DMR VISUALISATIONS
=====================================
[INFO] 2026-01-21 15:06:34 - Processing DMR visualisation for region: gencode.vM25.mouse.cpg_islands.annotation
[INFO] 2026-01-21 15:06:34 - Generating DMR plots for /expanse/lustre/projects/csd940/zalibhai/biomodal/modality/outputs_CHG/Results/gencode.vM25.mouse.cpg_islands.annotation/DMR_20260121_145506/DMR_hmc_control__mutant_20260121_145506.bed...
Logged in using stored credentials
[38;5;23m2026-01-21 15:06:38[39m  [1m[38;5;123mProvenance information:[39m
[38;5;23m2026-01-21 15:06:38[39m  cmd='/home/zalibhai/miniforge3/envs/modality/bin/modality -v dmr plot --dmr-results /expanse/lustre/projects/csd940/zalibhai/biomodal/modality/outputs_CHG/Results/gencode.vM25.mouse.cpg_islands.annotation/DMR_20260121_145506/DMR_hmc_control__mutant_20260121_145506.bed --output-dir /expanse/lustre/projects/csd940/zalibhai/biomodal/modality/outputs_CHG/Results/gencode.vM25.mouse.cpg_islands.annotation'
timestamp=2026-01-21T15:06:38.486123
version=1.0.0
user=zalibhai

[39m
[38;5;23m2026-01-21 15:06:38[39m  [1m[38;5;123mGenerating DMR plots:[39m
[38;5;23m2026-01-21 15:06:38[39m  [38;5;248mDmr Results[39m: ['/expanse/lustre/projects/csd940/zalibhai/biomodal/modality/outputs_CHG/Results/gencode.vM25.mouse.cpg_islands.annotation/DMR_20260121_145506/DMR_hmc_control__mutant_20260121_145506.bed'][39m
[38;5;23m2026-01-21 15:06:38[39m  [38;5;248mOutput Dir[39m: /expanse/lustre/projects/csd940/zalibhai/biomodal/modality/outputs_CHG/Results/gencode.vM25.mouse.cpg_islands.annotation[39m
[38;5;23m2026-01-21 15:06:38[39m  [38;5;248mFilter Qvalue[39m: None[39m
[38;5;23m2026-01-21 15:06:38[39m  [38;5;248mFilter Mod Difference[39m: None[39m
[38;5;23m2026-01-21 15:06:38[39m | [38;5;23mINFO[39m | Loading DMR file: /expanse/lustre/projects/csd940/zalibhai/biomodal/modality/outputs_CHG/Results/gencode.vM25.mouse.cpg_islands.annotation/DMR_20260121_145506/DMR_hmc_control__mutant_20260121_145506.bed[39m
[38;5;23m2026-01-21 15:06:38[39m | [33mWARNING[39m | [33mExtra columns detected: Index(['Annotation'], dtype='object'). These will be retained but are not validated.[39m
[38;5;23m2026-01-21 15:06:38[39m | [38;5;23mINFO[39m | Loaded DMR file with 36 rows[39m
[38;5;23m2026-01-21 15:06:38[39m | [38;5;23mINFO[39m | Detected insufficient sample size condition (all p-values=1.0 and test_statistics=0.0)[39m
[38;5;23m2026-01-21 15:06:38[39m | [38;5;23mINFO[39m | No filtering applied to DMRs[39m
[38;5;23m2026-01-21 15:06:38[39m | [38;5;23mINFO[39m | After filtering, DMR result has 36 rows[39m
[38;5;23m2026-01-21 15:06:38[39m | [38;5;23mINFO[39m | Data ranges - mod_difference: [-0.0009834836426576, 0.0004158004158004], min q-value: 1.0[39m
[38;5;23m2026-01-21 15:06:38[39m | [38;5;23mINFO[39m | Preparing volcano plot data[39m
[38;5;23m2026-01-21 15:06:38[39m | [38;5;23mINFO[39m | Preparing histogram plot data[39m
[38;5;23m2026-01-21 15:06:38[39m | [38;5;23mINFO[39m | Histogram data for group 'CpG_island': 36 p-values[39m
[38;5;23m2026-01-21 15:06:38[39m | [38;5;23mINFO[39m | p-value range: [1.0, 1.0][39m
[38;5;23m2026-01-21 15:06:38[39m | [38;5;23mINFO[39m | Volcano plot has 36 total points across 1 groups[39m
[38;5;23m2026-01-21 15:06:38[39m | [33mWARNING[39m | [33mExtra columns detected: Index(['Annotation'], dtype='object'). These will be retained but are not validated.[39m
[38;5;23m2026-01-21 15:06:38[39m | [38;5;23mINFO[39m | Generated DMR report: /expanse/lustre/projects/csd940/zalibhai/biomodal/modality/outputs_CHG/Results/gencode.vM25.mouse.cpg_islands.annotation/DMR_Report_20260121_150638/DMR_Report_hmc_control__mutant.dmr.volcano_20260121_150638.html[39m
[38;5;23m2026-01-21 15:06:38[39m | [38;5;23mINFO[39m | Generated 1 DMR reports.[39m
[38;5;23m2026-01-21 15:06:38[39m  [1m[38;5;154mDMR report successfully generated: /expanse/lustre/projects/csd940/zalibhai/biomodal/modality/outputs_CHG/Results/gencode.vM25.mouse.cpg_islands.annotation/DMR_Report_20260121_150638/DMR_Report_hmc_control__mutant.dmr.volcano_20260121_150638.html[39m
[38;5;23m2026-01-21 15:06:38[39m | [38;5;23mINFO[39m | No filtered DMR files were generated. Check your filter parameters.[39m
[38;5;23m2026-01-21 15:06:38[39m  Wrote provenance sidecar file to /expanse/lustre/projects/csd940/zalibhai/biomodal/modality/outputs_CHG/Results/gencode.vM25.mouse.cpg_islands.annotation/DMR_Report_20260121_150638/modality_metadata_20260121_150638.json[39m
Logged in using stored credentials
[38;5;23m2026-01-21 15:06:42[39m  [1m[38;5;123mProvenance information:[39m
[38;5;23m2026-01-21 15:06:42[39m  cmd='/home/zalibhai/miniforge3/envs/modality/bin/modality dmr plot --dmr-results /expanse/lustre/projects/csd940/zalibhai/biomodal/modality/outputs_CHG/Results/gencode.vM25.mouse.cpg_islands.annotation/DMR_20260121_145506/DMR_hmc_control__mutant_20260121_145506.bed --filter-qvalue 0.05 --output-dir /expanse/lustre/projects/csd940/zalibhai/biomodal/modality/outputs_CHG/Results/gencode.vM25.mouse.cpg_islands.annotation'
timestamp=2026-01-21T15:06:42.270601
version=1.0.0
user=zalibhai

[39m
[38;5;23m2026-01-21 15:06:42[39m  [1m[38;5;123mGenerating DMR plots:[39m
[38;5;23m2026-01-21 15:06:42[39m  [38;5;248mDmr Results[39m: ['/expanse/lustre/projects/csd940/zalibhai/biomodal/modality/outputs_CHG/Results/gencode.vM25.mouse.cpg_islands.annotation/DMR_20260121_145506/DMR_hmc_control__mutant_20260121_145506.bed'][39m
[38;5;23m2026-01-21 15:06:42[39m  [38;5;248mFilter Qvalue[39m: 0.05[39m
[38;5;23m2026-01-21 15:06:42[39m  [38;5;248mOutput Dir[39m: /expanse/lustre/projects/csd940/zalibhai/biomodal/modality/outputs_CHG/Results/gencode.vM25.mouse.cpg_islands.annotation[39m
[38;5;23m2026-01-21 15:06:42[39m  [38;5;248mFilter Mod Difference[39m: None[39m
[38;5;23m2026-01-21 15:06:42[39m | [33mWARNING[39m | [33mExtra columns detected: Index(['Annotation'], dtype='object'). These will be retained but are not validated.[39m
[38;5;23m2026-01-21 15:06:42[39m | [33mWARNING[39m | [33mDMR results empty after applying filters (filter_qvalue=0.05, filter_mod_difference=None) for condition-pair=control__mutant and methylation-context=hmc. No filtered output and plot will be produced.[39m
[38;5;23m2026-01-21 15:06:42[39m | [33mWARNING[39m | [33mNo DMR reports were generated. Check your input files and filter parameters.[39m
[INFO] 2026-01-21 15:06:42 - DMR plots generated for /expanse/lustre/projects/csd940/zalibhai/biomodal/modality/outputs_CHG/Results/gencode.vM25.mouse.cpg_islands.annotation/DMR_20260121_145506/DMR_hmc_control__mutant_20260121_145506.bed
[INFO] 2026-01-21 15:06:42 - Generating DMR plots for /expanse/lustre/projects/csd940/zalibhai/biomodal/modality/outputs_CHG/Results/gencode.vM25.mouse.cpg_islands.annotation/DMR_20260121_145506/DMR_mc_control__mutant_20260121_145506.bed...
Logged in using stored credentials
[38;5;23m2026-01-21 15:06:45[39m  [1m[38;5;123mProvenance information:[39m
[38;5;23m2026-01-21 15:06:45[39m  cmd='/home/zalibhai/miniforge3/envs/modality/bin/modality -v dmr plot --dmr-results /expanse/lustre/projects/csd940/zalibhai/biomodal/modality/outputs_CHG/Results/gencode.vM25.mouse.cpg_islands.annotation/DMR_20260121_145506/DMR_mc_control__mutant_20260121_145506.bed --output-dir /expanse/lustre/projects/csd940/zalibhai/biomodal/modality/outputs_CHG/Results/gencode.vM25.mouse.cpg_islands.annotation'
timestamp=2026-01-21T15:06:45.970446
version=1.0.0
user=zalibhai

[39m
[38;5;23m2026-01-21 15:06:45[39m  [1m[38;5;123mGenerating DMR plots:[39m
[38;5;23m2026-01-21 15:06:45[39m  [38;5;248mDmr Results[39m: ['/expanse/lustre/projects/csd940/zalibhai/biomodal/modality/outputs_CHG/Results/gencode.vM25.mouse.cpg_islands.annotation/DMR_20260121_145506/DMR_mc_control__mutant_20260121_145506.bed'][39m
[38;5;23m2026-01-21 15:06:45[39m  [38;5;248mOutput Dir[39m: /expanse/lustre/projects/csd940/zalibhai/biomodal/modality/outputs_CHG/Results/gencode.vM25.mouse.cpg_islands.annotation[39m
[38;5;23m2026-01-21 15:06:45[39m  [38;5;248mFilter Qvalue[39m: None[39m
[38;5;23m2026-01-21 15:06:45[39m  [38;5;248mFilter Mod Difference[39m: None[39m
[38;5;23m2026-01-21 15:06:45[39m | [38;5;23mINFO[39m | Loading DMR file: /expanse/lustre/projects/csd940/zalibhai/biomodal/modality/outputs_CHG/Results/gencode.vM25.mouse.cpg_islands.annotation/DMR_20260121_145506/DMR_mc_control__mutant_20260121_145506.bed[39m
[38;5;23m2026-01-21 15:06:45[39m | [33mWARNING[39m | [33mExtra columns detected: Index(['Annotation'], dtype='object'). These will be retained but are not validated.[39m
[38;5;23m2026-01-21 15:06:45[39m | [38;5;23mINFO[39m | Loaded DMR file with 36 rows[39m
[38;5;23m2026-01-21 15:06:45[39m | [38;5;23mINFO[39m | Detected insufficient sample size condition (all p-values=1.0 and test_statistics=0.0)[39m
[38;5;23m2026-01-21 15:06:45[39m | [38;5;23mINFO[39m | No filtering applied to DMRs[39m
[38;5;23m2026-01-21 15:06:45[39m | [38;5;23mINFO[39m | After filtering, DMR result has 36 rows[39m
[38;5;23m2026-01-21 15:06:46[39m | [38;5;23mINFO[39m | Data ranges - mod_difference: [-0.0178799434626293, 0.0064277763535397], min q-value: 1.0[39m
[38;5;23m2026-01-21 15:06:46[39m | [38;5;23mINFO[39m | Preparing volcano plot data[39m
[38;5;23m2026-01-21 15:06:46[39m | [38;5;23mINFO[39m | Preparing histogram plot data[39m
[38;5;23m2026-01-21 15:06:46[39m | [38;5;23mINFO[39m | Histogram data for group 'CpG_island': 36 p-values[39m
[38;5;23m2026-01-21 15:06:46[39m | [38;5;23mINFO[39m | p-value range: [1.0, 1.0][39m
[38;5;23m2026-01-21 15:06:46[39m | [38;5;23mINFO[39m | Volcano plot has 36 total points across 1 groups[39m
[38;5;23m2026-01-21 15:06:46[39m | [33mWARNING[39m | [33mExtra columns detected: Index(['Annotation'], dtype='object'). These will be retained but are not validated.[39m
[38;5;23m2026-01-21 15:06:46[39m | [38;5;23mINFO[39m | Generated DMR report: /expanse/lustre/projects/csd940/zalibhai/biomodal/modality/outputs_CHG/Results/gencode.vM25.mouse.cpg_islands.annotation/DMR_Report_20260121_150646/DMR_Report_mc_control__mutant.dmr.volcano_20260121_150646.html[39m
[38;5;23m2026-01-21 15:06:46[39m | [38;5;23mINFO[39m | Generated 1 DMR reports.[39m
[38;5;23m2026-01-21 15:06:46[39m  [1m[38;5;154mDMR report successfully generated: /expanse/lustre/projects/csd940/zalibhai/biomodal/modality/outputs_CHG/Results/gencode.vM25.mouse.cpg_islands.annotation/DMR_Report_20260121_150646/DMR_Report_mc_control__mutant.dmr.volcano_20260121_150646.html[39m
[38;5;23m2026-01-21 15:06:46[39m | [38;5;23mINFO[39m | No filtered DMR files were generated. Check your filter parameters.[39m
[38;5;23m2026-01-21 15:06:46[39m  Wrote provenance sidecar file to /expanse/lustre/projects/csd940/zalibhai/biomodal/modality/outputs_CHG/Results/gencode.vM25.mouse.cpg_islands.annotation/DMR_Report_20260121_150646/modality_metadata_20260121_150646.json[39m
Logged in using stored credentials
[38;5;23m2026-01-21 15:06:49[39m  [1m[38;5;123mProvenance information:[39m
[38;5;23m2026-01-21 15:06:49[39m  cmd='/home/zalibhai/miniforge3/envs/modality/bin/modality dmr plot --dmr-results /expanse/lustre/projects/csd940/zalibhai/biomodal/modality/outputs_CHG/Results/gencode.vM25.mouse.cpg_islands.annotation/DMR_20260121_145506/DMR_mc_control__mutant_20260121_145506.bed --filter-qvalue 0.05 --output-dir /expanse/lustre/projects/csd940/zalibhai/biomodal/modality/outputs_CHG/Results/gencode.vM25.mouse.cpg_islands.annotation'
timestamp=2026-01-21T15:06:49.872398
version=1.0.0
user=zalibhai

[39m
[38;5;23m2026-01-21 15:06:49[39m  [1m[38;5;123mGenerating DMR plots:[39m
[38;5;23m2026-01-21 15:06:49[39m  [38;5;248mDmr Results[39m: ['/expanse/lustre/projects/csd940/zalibhai/biomodal/modality/outputs_CHG/Results/gencode.vM25.mouse.cpg_islands.annotation/DMR_20260121_145506/DMR_mc_control__mutant_20260121_145506.bed'][39m
[38;5;23m2026-01-21 15:06:49[39m  [38;5;248mFilter Qvalue[39m: 0.05[39m
[38;5;23m2026-01-21 15:06:49[39m  [38;5;248mOutput Dir[39m: /expanse/lustre/projects/csd940/zalibhai/biomodal/modality/outputs_CHG/Results/gencode.vM25.mouse.cpg_islands.annotation[39m
[38;5;23m2026-01-21 15:06:49[39m  [38;5;248mFilter Mod Difference[39m: None[39m
[38;5;23m2026-01-21 15:06:49[39m | [33mWARNING[39m | [33mExtra columns detected: Index(['Annotation'], dtype='object'). These will be retained but are not validated.[39m
[38;5;23m2026-01-21 15:06:49[39m | [33mWARNING[39m | [33mDMR results empty after applying filters (filter_qvalue=0.05, filter_mod_difference=None) for condition-pair=control__mutant and methylation-context=mc. No filtered output and plot will be produced.[39m
[38;5;23m2026-01-21 15:06:49[39m | [33mWARNING[39m | [33mNo DMR reports were generated. Check your input files and filter parameters.[39m
[INFO] 2026-01-21 15:06:50 - DMR plots generated for /expanse/lustre/projects/csd940/zalibhai/biomodal/modality/outputs_CHG/Results/gencode.vM25.mouse.cpg_islands.annotation/DMR_20260121_145506/DMR_mc_control__mutant_20260121_145506.bed
[INFO] 2026-01-21 15:06:50 - Generating DMR plots for /expanse/lustre/projects/csd940/zalibhai/biomodal/modality/outputs_CHG/Results/gencode.vM25.mouse.cpg_islands.annotation/DMR_20260121_145648/DMR_hmc_control__mutant_20260121_145648.bed...
Logged in using stored credentials
[38;5;23m2026-01-21 15:06:53[39m  [1m[38;5;123mProvenance information:[39m
[38;5;23m2026-01-21 15:06:53[39m  cmd='/home/zalibhai/miniforge3/envs/modality/bin/modality -v dmr plot --dmr-results /expanse/lustre/projects/csd940/zalibhai/biomodal/modality/outputs_CHG/Results/gencode.vM25.mouse.cpg_islands.annotation/DMR_20260121_145648/DMR_hmc_control__mutant_20260121_145648.bed --output-dir /expanse/lustre/projects/csd940/zalibhai/biomodal/modality/outputs_CHG/Results/gencode.vM25.mouse.cpg_islands.annotation'
timestamp=2026-01-21T15:06:53.641139
version=1.0.0
user=zalibhai

[39m
[38;5;23m2026-01-21 15:06:53[39m  [1m[38;5;123mGenerating DMR plots:[39m
[38;5;23m2026-01-21 15:06:53[39m  [38;5;248mDmr Results[39m: ['/expanse/lustre/projects/csd940/zalibhai/biomodal/modality/outputs_CHG/Results/gencode.vM25.mouse.cpg_islands.annotation/DMR_20260121_145648/DMR_hmc_control__mutant_20260121_145648.bed'][39m
[38;5;23m2026-01-21 15:06:53[39m  [38;5;248mOutput Dir[39m: /expanse/lustre/projects/csd940/zalibhai/biomodal/modality/outputs_CHG/Results/gencode.vM25.mouse.cpg_islands.annotation[39m
[38;5;23m2026-01-21 15:06:53[39m  [38;5;248mFilter Qvalue[39m: None[39m
[38;5;23m2026-01-21 15:06:53[39m  [38;5;248mFilter Mod Difference[39m: None[39m
[38;5;23m2026-01-21 15:06:53[39m | [38;5;23mINFO[39m | Loading DMR file: /expanse/lustre/projects/csd940/zalibhai/biomodal/modality/outputs_CHG/Results/gencode.vM25.mouse.cpg_islands.annotation/DMR_20260121_145648/DMR_hmc_control__mutant_20260121_145648.bed[39m
[38;5;23m2026-01-21 15:06:53[39m | [33mWARNING[39m | [33mExtra columns detected: Index(['Annotation'], dtype='object'). These will be retained but are not validated.[39m
[38;5;23m2026-01-21 15:06:53[39m | [38;5;23mINFO[39m | Loaded DMR file with 36 rows[39m
[38;5;23m2026-01-21 15:06:53[39m | [38;5;23mINFO[39m | Detected insufficient sample size condition (all p-values=1.0 and test_statistics=0.0)[39m
[38;5;23m2026-01-21 15:06:53[39m | [38;5;23mINFO[39m | No filtering applied to DMRs[39m
[38;5;23m2026-01-21 15:06:53[39m | [38;5;23mINFO[39m | After filtering, DMR result has 36 rows[39m
[38;5;23m2026-01-21 15:06:53[39m | [38;5;23mINFO[39m | Data ranges - mod_difference: [-0.0009834836426576, 0.0004158004158004], min q-value: 1.0[39m
[38;5;23m2026-01-21 15:06:53[39m | [38;5;23mINFO[39m | Preparing volcano plot data[39m
[38;5;23m2026-01-21 15:06:53[39m | [38;5;23mINFO[39m | Preparing histogram plot data[39m
[38;5;23m2026-01-21 15:06:53[39m | [38;5;23mINFO[39m | Histogram data for group 'CpG_island': 36 p-values[39m
[38;5;23m2026-01-21 15:06:53[39m | [38;5;23mINFO[39m | p-value range: [1.0, 1.0][39m
[38;5;23m2026-01-21 15:06:53[39m | [38;5;23mINFO[39m | Volcano plot has 36 total points across 1 groups[39m
[38;5;23m2026-01-21 15:06:53[39m | [33mWARNING[39m | [33mExtra columns detected: Index(['Annotation'], dtype='object'). These will be retained but are not validated.[39m
[38;5;23m2026-01-21 15:06:53[39m | [38;5;23mINFO[39m | Generated DMR report: /expanse/lustre/projects/csd940/zalibhai/biomodal/modality/outputs_CHG/Results/gencode.vM25.mouse.cpg_islands.annotation/DMR_Report_20260121_150653/DMR_Report_hmc_control__mutant.dmr.volcano_20260121_150653.html[39m
[38;5;23m2026-01-21 15:06:53[39m | [38;5;23mINFO[39m | Generated 1 DMR reports.[39m
[38;5;23m2026-01-21 15:06:53[39m  [1m[38;5;154mDMR report successfully generated: /expanse/lustre/projects/csd940/zalibhai/biomodal/modality/outputs_CHG/Results/gencode.vM25.mouse.cpg_islands.annotation/DMR_Report_20260121_150653/DMR_Report_hmc_control__mutant.dmr.volcano_20260121_150653.html[39m
[38;5;23m2026-01-21 15:06:53[39m | [38;5;23mINFO[39m | No filtered DMR files were generated. Check your filter parameters.[39m
[38;5;23m2026-01-21 15:06:53[39m  Wrote provenance sidecar file to /expanse/lustre/projects/csd940/zalibhai/biomodal/modality/outputs_CHG/Results/gencode.vM25.mouse.cpg_islands.annotation/DMR_Report_20260121_150653/modality_metadata_20260121_150653.json[39m
Logged in using stored credentials
[38;5;23m2026-01-21 15:06:58[39m  [1m[38;5;123mProvenance information:[39m
[38;5;23m2026-01-21 15:06:58[39m  cmd='/home/zalibhai/miniforge3/envs/modality/bin/modality dmr plot --dmr-results /expanse/lustre/projects/csd940/zalibhai/biomodal/modality/outputs_CHG/Results/gencode.vM25.mouse.cpg_islands.annotation/DMR_20260121_145648/DMR_hmc_control__mutant_20260121_145648.bed --filter-qvalue 0.05 --output-dir /expanse/lustre/projects/csd940/zalibhai/biomodal/modality/outputs_CHG/Results/gencode.vM25.mouse.cpg_islands.annotation'
timestamp=2026-01-21T15:06:58.202594
version=1.0.0
user=zalibhai

[39m
[38;5;23m2026-01-21 15:06:58[39m  [1m[38;5;123mGenerating DMR plots:[39m
[38;5;23m2026-01-21 15:06:58[39m  [38;5;248mDmr Results[39m: ['/expanse/lustre/projects/csd940/zalibhai/biomodal/modality/outputs_CHG/Results/gencode.vM25.mouse.cpg_islands.annotation/DMR_20260121_145648/DMR_hmc_control__mutant_20260121_145648.bed'][39m
[38;5;23m2026-01-21 15:06:58[39m  [38;5;248mFilter Qvalue[39m: 0.05[39m
[38;5;23m2026-01-21 15:06:58[39m  [38;5;248mOutput Dir[39m: /expanse/lustre/projects/csd940/zalibhai/biomodal/modality/outputs_CHG/Results/gencode.vM25.mouse.cpg_islands.annotation[39m
[38;5;23m2026-01-21 15:06:58[39m  [38;5;248mFilter Mod Difference[39m: None[39m
[38;5;23m2026-01-21 15:06:58[39m | [33mWARNING[39m | [33mExtra columns detected: Index(['Annotation'], dtype='object'). These will be retained but are not validated.[39m
[38;5;23m2026-01-21 15:06:58[39m | [33mWARNING[39m | [33mDMR results empty after applying filters (filter_qvalue=0.05, filter_mod_difference=None) for condition-pair=control__mutant and methylation-context=hmc. No filtered output and plot will be produced.[39m
[38;5;23m2026-01-21 15:06:58[39m | [33mWARNING[39m | [33mNo DMR reports were generated. Check your input files and filter parameters.[39m
[INFO] 2026-01-21 15:06:58 - DMR plots generated for /expanse/lustre/projects/csd940/zalibhai/biomodal/modality/outputs_CHG/Results/gencode.vM25.mouse.cpg_islands.annotation/DMR_20260121_145648/DMR_hmc_control__mutant_20260121_145648.bed
[INFO] 2026-01-21 15:06:58 - Generating DMR plots for /expanse/lustre/projects/csd940/zalibhai/biomodal/modality/outputs_CHG/Results/gencode.vM25.mouse.cpg_islands.annotation/DMR_20260121_145648/DMR_mc_control__mutant_20260121_145648.bed...
Logged in using stored credentials
[38;5;23m2026-01-21 15:07:01[39m  [1m[38;5;123mProvenance information:[39m
[38;5;23m2026-01-21 15:07:01[39m  cmd='/home/zalibhai/miniforge3/envs/modality/bin/modality -v dmr plot --dmr-results /expanse/lustre/projects/csd940/zalibhai/biomodal/modality/outputs_CHG/Results/gencode.vM25.mouse.cpg_islands.annotation/DMR_20260121_145648/DMR_mc_control__mutant_20260121_145648.bed --output-dir /expanse/lustre/projects/csd940/zalibhai/biomodal/modality/outputs_CHG/Results/gencode.vM25.mouse.cpg_islands.annotation'
timestamp=2026-01-21T15:07:01.988260
version=1.0.0
user=zalibhai

[39m
[38;5;23m2026-01-21 15:07:02[39m  [1m[38;5;123mGenerating DMR plots:[39m
[38;5;23m2026-01-21 15:07:02[39m  [38;5;248mDmr Results[39m: ['/expanse/lustre/projects/csd940/zalibhai/biomodal/modality/outputs_CHG/Results/gencode.vM25.mouse.cpg_islands.annotation/DMR_20260121_145648/DMR_mc_control__mutant_20260121_145648.bed'][39m
[38;5;23m2026-01-21 15:07:02[39m  [38;5;248mOutput Dir[39m: /expanse/lustre/projects/csd940/zalibhai/biomodal/modality/outputs_CHG/Results/gencode.vM25.mouse.cpg_islands.annotation[39m
[38;5;23m2026-01-21 15:07:02[39m  [38;5;248mFilter Qvalue[39m: None[39m
[38;5;23m2026-01-21 15:07:02[39m  [38;5;248mFilter Mod Difference[39m: None[39m
[38;5;23m2026-01-21 15:07:02[39m | [38;5;23mINFO[39m | Loading DMR file: /expanse/lustre/projects/csd940/zalibhai/biomodal/modality/outputs_CHG/Results/gencode.vM25.mouse.cpg_islands.annotation/DMR_20260121_145648/DMR_mc_control__mutant_20260121_145648.bed[39m
[38;5;23m2026-01-21 15:07:02[39m | [33mWARNING[39m | [33mExtra columns detected: Index(['Annotation'], dtype='object'). These will be retained but are not validated.[39m
[38;5;23m2026-01-21 15:07:02[39m | [38;5;23mINFO[39m | Loaded DMR file with 36 rows[39m
[38;5;23m2026-01-21 15:07:02[39m | [38;5;23mINFO[39m | Detected insufficient sample size condition (all p-values=1.0 and test_statistics=0.0)[39m
[38;5;23m2026-01-21 15:07:02[39m | [38;5;23mINFO[39m | No filtering applied to DMRs[39m
[38;5;23m2026-01-21 15:07:02[39m | [38;5;23mINFO[39m | After filtering, DMR result has 36 rows[39m
[38;5;23m2026-01-21 15:07:02[39m | [38;5;23mINFO[39m | Data ranges - mod_difference: [-0.0178799434626293, 0.0064277763535397], min q-value: 1.0[39m
[38;5;23m2026-01-21 15:07:02[39m | [38;5;23mINFO[39m | Preparing volcano plot data[39m
[38;5;23m2026-01-21 15:07:02[39m | [38;5;23mINFO[39m | Preparing histogram plot data[39m
[38;5;23m2026-01-21 15:07:02[39m | [38;5;23mINFO[39m | Histogram data for group 'CpG_island': 36 p-values[39m
[38;5;23m2026-01-21 15:07:02[39m | [38;5;23mINFO[39m | p-value range: [1.0, 1.0][39m
[38;5;23m2026-01-21 15:07:02[39m | [38;5;23mINFO[39m | Volcano plot has 36 total points across 1 groups[39m
[38;5;23m2026-01-21 15:07:02[39m | [33mWARNING[39m | [33mExtra columns detected: Index(['Annotation'], dtype='object'). These will be retained but are not validated.[39m
[38;5;23m2026-01-21 15:07:02[39m | [38;5;23mINFO[39m | Generated DMR report: /expanse/lustre/projects/csd940/zalibhai/biomodal/modality/outputs_CHG/Results/gencode.vM25.mouse.cpg_islands.annotation/DMR_Report_20260121_150702/DMR_Report_mc_control__mutant.dmr.volcano_20260121_150702.html[39m
[38;5;23m2026-01-21 15:07:02[39m | [38;5;23mINFO[39m | Generated 1 DMR reports.[39m
[38;5;23m2026-01-21 15:07:02[39m  [1m[38;5;154mDMR report successfully generated: /expanse/lustre/projects/csd940/zalibhai/biomodal/modality/outputs_CHG/Results/gencode.vM25.mouse.cpg_islands.annotation/DMR_Report_20260121_150702/DMR_Report_mc_control__mutant.dmr.volcano_20260121_150702.html[39m
[38;5;23m2026-01-21 15:07:02[39m | [38;5;23mINFO[39m | No filtered DMR files were generated. Check your filter parameters.[39m
[38;5;23m2026-01-21 15:07:02[39m  Wrote provenance sidecar file to /expanse/lustre/projects/csd940/zalibhai/biomodal/modality/outputs_CHG/Results/gencode.vM25.mouse.cpg_islands.annotation/DMR_Report_20260121_150702/modality_metadata_20260121_150702.json[39m
Logged in using stored credentials
[38;5;23m2026-01-21 15:07:05[39m  [1m[38;5;123mProvenance information:[39m
[38;5;23m2026-01-21 15:07:05[39m  cmd='/home/zalibhai/miniforge3/envs/modality/bin/modality dmr plot --dmr-results /expanse/lustre/projects/csd940/zalibhai/biomodal/modality/outputs_CHG/Results/gencode.vM25.mouse.cpg_islands.annotation/DMR_20260121_145648/DMR_mc_control__mutant_20260121_145648.bed --filter-qvalue 0.05 --output-dir /expanse/lustre/projects/csd940/zalibhai/biomodal/modality/outputs_CHG/Results/gencode.vM25.mouse.cpg_islands.annotation'
timestamp=2026-01-21T15:07:05.893355
version=1.0.0
user=zalibhai

[39m
[38;5;23m2026-01-21 15:07:05[39m  [1m[38;5;123mGenerating DMR plots:[39m
[38;5;23m2026-01-21 15:07:05[39m  [38;5;248mDmr Results[39m: ['/expanse/lustre/projects/csd940/zalibhai/biomodal/modality/outputs_CHG/Results/gencode.vM25.mouse.cpg_islands.annotation/DMR_20260121_145648/DMR_mc_control__mutant_20260121_145648.bed'][39m
[38;5;23m2026-01-21 15:07:05[39m  [38;5;248mFilter Qvalue[39m: 0.05[39m
[38;5;23m2026-01-21 15:07:05[39m  [38;5;248mOutput Dir[39m: /expanse/lustre/projects/csd940/zalibhai/biomodal/modality/outputs_CHG/Results/gencode.vM25.mouse.cpg_islands.annotation[39m
[38;5;23m2026-01-21 15:07:05[39m  [38;5;248mFilter Mod Difference[39m: None[39m
[38;5;23m2026-01-21 15:07:05[39m | [33mWARNING[39m | [33mExtra columns detected: Index(['Annotation'], dtype='object'). These will be retained but are not validated.[39m
[38;5;23m2026-01-21 15:07:05[39m | [33mWARNING[39m | [33mDMR results empty after applying filters (filter_qvalue=0.05, filter_mod_difference=None) for condition-pair=control__mutant and methylation-context=mc. No filtered output and plot will be produced.[39m
[38;5;23m2026-01-21 15:07:05[39m | [33mWARNING[39m | [33mNo DMR reports were generated. Check your input files and filter parameters.[39m
[INFO] 2026-01-21 15:07:06 - DMR plots generated for /expanse/lustre/projects/csd940/zalibhai/biomodal/modality/outputs_CHG/Results/gencode.vM25.mouse.cpg_islands.annotation/DMR_20260121_145648/DMR_mc_control__mutant_20260121_145648.bed
[INFO] 2026-01-21 15:07:06 - DMR visualisation completed for region: gencode.vM25.mouse.cpg_islands.annotation
[INFO] 2026-01-21 15:07:06 - Processing DMR visualisation for region: gencode.vM25.mouse.cpg_shelves.annotation
[INFO] 2026-01-21 15:07:06 - Generating DMR plots for /expanse/lustre/projects/csd940/zalibhai/biomodal/modality/outputs_CHG/Results/gencode.vM25.mouse.cpg_shelves.annotation/DMR_20260121_145833/DMR_hmc_control__mutant_20260121_145833.bed...
Logged in using stored credentials
[38;5;23m2026-01-21 15:07:09[39m  [1m[38;5;123mProvenance information:[39m
[38;5;23m2026-01-21 15:07:09[39m  cmd='/home/zalibhai/miniforge3/envs/modality/bin/modality -v dmr plot --dmr-results /expanse/lustre/projects/csd940/zalibhai/biomodal/modality/outputs_CHG/Results/gencode.vM25.mouse.cpg_shelves.annotation/DMR_20260121_145833/DMR_hmc_control__mutant_20260121_145833.bed --output-dir /expanse/lustre/projects/csd940/zalibhai/biomodal/modality/outputs_CHG/Results/gencode.vM25.mouse.cpg_shelves.annotation'
timestamp=2026-01-21T15:07:09.862345
version=1.0.0
user=zalibhai

[39m
[38;5;23m2026-01-21 15:07:09[39m  [1m[38;5;123mGenerating DMR plots:[39m
[38;5;23m2026-01-21 15:07:09[39m  [38;5;248mDmr Results[39m: ['/expanse/lustre/projects/csd940/zalibhai/biomodal/modality/outputs_CHG/Results/gencode.vM25.mouse.cpg_shelves.annotation/DMR_20260121_145833/DMR_hmc_control__mutant_20260121_145833.bed'][39m
[38;5;23m2026-01-21 15:07:09[39m  [38;5;248mOutput Dir[39m: /expanse/lustre/projects/csd940/zalibhai/biomodal/modality/outputs_CHG/Results/gencode.vM25.mouse.cpg_shelves.annotation[39m
[38;5;23m2026-01-21 15:07:09[39m  [38;5;248mFilter Qvalue[39m: None[39m
[38;5;23m2026-01-21 15:07:09[39m  [38;5;248mFilter Mod Difference[39m: None[39m
[38;5;23m2026-01-21 15:07:09[39m | [38;5;23mINFO[39m | Loading DMR file: /expanse/lustre/projects/csd940/zalibhai/biomodal/modality/outputs_CHG/Results/gencode.vM25.mouse.cpg_shelves.annotation/DMR_20260121_145833/DMR_hmc_control__mutant_20260121_145833.bed[39m
[38;5;23m2026-01-21 15:07:09[39m | [33mWARNING[39m | [33mExtra columns detected: Index(['Annotation'], dtype='object'). These will be retained but are not validated.[39m
[38;5;23m2026-01-21 15:07:09[39m | [38;5;23mINFO[39m | Loaded DMR file with 2709 rows[39m
[38;5;23m2026-01-21 15:07:09[39m | [38;5;23mINFO[39m | Detected insufficient sample size condition (all p-values=1.0 and test_statistics=0.0)[39m
[38;5;23m2026-01-21 15:07:09[39m | [38;5;23mINFO[39m | No filtering applied to DMRs[39m
[38;5;23m2026-01-21 15:07:09[39m | [38;5;23mINFO[39m | After filtering, DMR result has 2709 rows[39m
[38;5;23m2026-01-21 15:07:09[39m | [38;5;23mINFO[39m | Data ranges - mod_difference: [-0.0208333333333333, 0.0535714285714285], min q-value: 1.0[39m
[38;5;23m2026-01-21 15:07:09[39m | [38;5;23mINFO[39m | Preparing volcano plot data[39m
[38;5;23m2026-01-21 15:07:09[39m | [38;5;23mINFO[39m | Preparing histogram plot data[39m
[38;5;23m2026-01-21 15:07:09[39m | [38;5;23mINFO[39m | Histogram data for group 'CpG_shelve': 2709 p-values[39m
[38;5;23m2026-01-21 15:07:09[39m | [38;5;23mINFO[39m | p-value range: [1.0, 1.0][39m
[38;5;23m2026-01-21 15:07:09[39m | [38;5;23mINFO[39m | Volcano plot has 2709 total points across 1 groups[39m
[38;5;23m2026-01-21 15:07:09[39m | [33mWARNING[39m | [33mExtra columns detected: Index(['Annotation'], dtype='object'). These will be retained but are not validated.[39m
[38;5;23m2026-01-21 15:07:10[39m | [38;5;23mINFO[39m | Generated DMR report: /expanse/lustre/projects/csd940/zalibhai/biomodal/modality/outputs_CHG/Results/gencode.vM25.mouse.cpg_shelves.annotation/DMR_Report_20260121_150709/DMR_Report_hmc_control__mutant.dmr.volcano_20260121_150709.html[39m
[38;5;23m2026-01-21 15:07:10[39m | [38;5;23mINFO[39m | Generated 1 DMR reports.[39m
[38;5;23m2026-01-21 15:07:10[39m  [1m[38;5;154mDMR report successfully generated: /expanse/lustre/projects/csd940/zalibhai/biomodal/modality/outputs_CHG/Results/gencode.vM25.mouse.cpg_shelves.annotation/DMR_Report_20260121_150709/DMR_Report_hmc_control__mutant.dmr.volcano_20260121_150709.html[39m
[38;5;23m2026-01-21 15:07:10[39m | [38;5;23mINFO[39m | No filtered DMR files were generated. Check your filter parameters.[39m
[38;5;23m2026-01-21 15:07:10[39m  Wrote provenance sidecar file to /expanse/lustre/projects/csd940/zalibhai/biomodal/modality/outputs_CHG/Results/gencode.vM25.mouse.cpg_shelves.annotation/DMR_Report_20260121_150709/modality_metadata_20260121_150710.json[39m
Logged in using stored credentials
[38;5;23m2026-01-21 15:07:13[39m  [1m[38;5;123mProvenance information:[39m
[38;5;23m2026-01-21 15:07:13[39m  cmd='/home/zalibhai/miniforge3/envs/modality/bin/modality dmr plot --dmr-results /expanse/lustre/projects/csd940/zalibhai/biomodal/modality/outputs_CHG/Results/gencode.vM25.mouse.cpg_shelves.annotation/DMR_20260121_145833/DMR_hmc_control__mutant_20260121_145833.bed --filter-qvalue 0.05 --output-dir /expanse/lustre/projects/csd940/zalibhai/biomodal/modality/outputs_CHG/Results/gencode.vM25.mouse.cpg_shelves.annotation'
timestamp=2026-01-21T15:07:13.796326
version=1.0.0
user=zalibhai

[39m
[38;5;23m2026-01-21 15:07:13[39m  [1m[38;5;123mGenerating DMR plots:[39m
[38;5;23m2026-01-21 15:07:13[39m  [38;5;248mDmr Results[39m: ['/expanse/lustre/projects/csd940/zalibhai/biomodal/modality/outputs_CHG/Results/gencode.vM25.mouse.cpg_shelves.annotation/DMR_20260121_145833/DMR_hmc_control__mutant_20260121_145833.bed'][39m
[38;5;23m2026-01-21 15:07:13[39m  [38;5;248mFilter Qvalue[39m: 0.05[39m
[38;5;23m2026-01-21 15:07:13[39m  [38;5;248mOutput Dir[39m: /expanse/lustre/projects/csd940/zalibhai/biomodal/modality/outputs_CHG/Results/gencode.vM25.mouse.cpg_shelves.annotation[39m
[38;5;23m2026-01-21 15:07:13[39m  [38;5;248mFilter Mod Difference[39m: None[39m
[38;5;23m2026-01-21 15:07:13[39m | [33mWARNING[39m | [33mExtra columns detected: Index(['Annotation'], dtype='object'). These will be retained but are not validated.[39m
[38;5;23m2026-01-21 15:07:13[39m | [33mWARNING[39m | [33mDMR results empty after applying filters (filter_qvalue=0.05, filter_mod_difference=None) for condition-pair=control__mutant and methylation-context=hmc. No filtered output and plot will be produced.[39m
[38;5;23m2026-01-21 15:07:13[39m | [33mWARNING[39m | [33mNo DMR reports were generated. Check your input files and filter parameters.[39m
[INFO] 2026-01-21 15:07:14 - DMR plots generated for /expanse/lustre/projects/csd940/zalibhai/biomodal/modality/outputs_CHG/Results/gencode.vM25.mouse.cpg_shelves.annotation/DMR_20260121_145833/DMR_hmc_control__mutant_20260121_145833.bed
[INFO] 2026-01-21 15:07:14 - Generating DMR plots for /expanse/lustre/projects/csd940/zalibhai/biomodal/modality/outputs_CHG/Results/gencode.vM25.mouse.cpg_shelves.annotation/DMR_20260121_145833/DMR_mc_control__mutant_20260121_145833.bed...
Logged in using stored credentials
[38;5;23m2026-01-21 15:07:17[39m  [1m[38;5;123mProvenance information:[39m
[38;5;23m2026-01-21 15:07:17[39m  cmd='/home/zalibhai/miniforge3/envs/modality/bin/modality -v dmr plot --dmr-results /expanse/lustre/projects/csd940/zalibhai/biomodal/modality/outputs_CHG/Results/gencode.vM25.mouse.cpg_shelves.annotation/DMR_20260121_145833/DMR_mc_control__mutant_20260121_145833.bed --output-dir /expanse/lustre/projects/csd940/zalibhai/biomodal/modality/outputs_CHG/Results/gencode.vM25.mouse.cpg_shelves.annotation'
timestamp=2026-01-21T15:07:17.550984
version=1.0.0
user=zalibhai

[39m
[38;5;23m2026-01-21 15:07:17[39m  [1m[38;5;123mGenerating DMR plots:[39m
[38;5;23m2026-01-21 15:07:17[39m  [38;5;248mDmr Results[39m: ['/expanse/lustre/projects/csd940/zalibhai/biomodal/modality/outputs_CHG/Results/gencode.vM25.mouse.cpg_shelves.annotation/DMR_20260121_145833/DMR_mc_control__mutant_20260121_145833.bed'][39m
[38;5;23m2026-01-21 15:07:17[39m  [38;5;248mOutput Dir[39m: /expanse/lustre/projects/csd940/zalibhai/biomodal/modality/outputs_CHG/Results/gencode.vM25.mouse.cpg_shelves.annotation[39m
[38;5;23m2026-01-21 15:07:17[39m  [38;5;248mFilter Qvalue[39m: None[39m
[38;5;23m2026-01-21 15:07:17[39m  [38;5;248mFilter Mod Difference[39m: None[39m
[38;5;23m2026-01-21 15:07:17[39m | [38;5;23mINFO[39m | Loading DMR file: /expanse/lustre/projects/csd940/zalibhai/biomodal/modality/outputs_CHG/Results/gencode.vM25.mouse.cpg_shelves.annotation/DMR_20260121_145833/DMR_mc_control__mutant_20260121_145833.bed[39m
[38;5;23m2026-01-21 15:07:17[39m | [33mWARNING[39m | [33mExtra columns detected: Index(['Annotation'], dtype='object'). These will be retained but are not validated.[39m
[38;5;23m2026-01-21 15:07:17[39m | [38;5;23mINFO[39m | Loaded DMR file with 2709 rows[39m
[38;5;23m2026-01-21 15:07:17[39m | [38;5;23mINFO[39m | Detected insufficient sample size condition (all p-values=1.0 and test_statistics=0.0)[39m
[38;5;23m2026-01-21 15:07:17[39m | [38;5;23mINFO[39m | No filtering applied to DMRs[39m
[38;5;23m2026-01-21 15:07:17[39m | [38;5;23mINFO[39m | After filtering, DMR result has 2709 rows[39m
[38;5;23m2026-01-21 15:07:17[39m | [38;5;23mINFO[39m | Data ranges - mod_difference: [-0.0037046296118237, 0.1125541125541125], min q-value: 1.0[39m
[38;5;23m2026-01-21 15:07:17[39m | [38;5;23mINFO[39m | Preparing volcano plot data[39m
[38;5;23m2026-01-21 15:07:17[39m | [38;5;23mINFO[39m | Preparing histogram plot data[39m
[38;5;23m2026-01-21 15:07:17[39m | [38;5;23mINFO[39m | Histogram data for group 'CpG_shelve': 2709 p-values[39m
[38;5;23m2026-01-21 15:07:17[39m | [38;5;23mINFO[39m | p-value range: [1.0, 1.0][39m
[38;5;23m2026-01-21 15:07:17[39m | [38;5;23mINFO[39m | Volcano plot has 2709 total points across 1 groups[39m
[38;5;23m2026-01-21 15:07:17[39m | [33mWARNING[39m | [33mExtra columns detected: Index(['Annotation'], dtype='object'). These will be retained but are not validated.[39m
[38;5;23m2026-01-21 15:07:17[39m | [38;5;23mINFO[39m | Generated DMR report: /expanse/lustre/projects/csd940/zalibhai/biomodal/modality/outputs_CHG/Results/gencode.vM25.mouse.cpg_shelves.annotation/DMR_Report_20260121_150717/DMR_Report_mc_control__mutant.dmr.volcano_20260121_150717.html[39m
[38;5;23m2026-01-21 15:07:17[39m | [38;5;23mINFO[39m | Generated 1 DMR reports.[39m
[38;5;23m2026-01-21 15:07:17[39m  [1m[38;5;154mDMR report successfully generated: /expanse/lustre/projects/csd940/zalibhai/biomodal/modality/outputs_CHG/Results/gencode.vM25.mouse.cpg_shelves.annotation/DMR_Report_20260121_150717/DMR_Report_mc_control__mutant.dmr.volcano_20260121_150717.html[39m
[38;5;23m2026-01-21 15:07:17[39m | [38;5;23mINFO[39m | No filtered DMR files were generated. Check your filter parameters.[39m
[38;5;23m2026-01-21 15:07:17[39m  Wrote provenance sidecar file to /expanse/lustre/projects/csd940/zalibhai/biomodal/modality/outputs_CHG/Results/gencode.vM25.mouse.cpg_shelves.annotation/DMR_Report_20260121_150717/modality_metadata_20260121_150717.json[39m
Logged in using stored credentials
[38;5;23m2026-01-21 15:07:21[39m  [1m[38;5;123mProvenance information:[39m
[38;5;23m2026-01-21 15:07:21[39m  cmd='/home/zalibhai/miniforge3/envs/modality/bin/modality dmr plot --dmr-results /expanse/lustre/projects/csd940/zalibhai/biomodal/modality/outputs_CHG/Results/gencode.vM25.mouse.cpg_shelves.annotation/DMR_20260121_145833/DMR_mc_control__mutant_20260121_145833.bed --filter-qvalue 0.05 --output-dir /expanse/lustre/projects/csd940/zalibhai/biomodal/modality/outputs_CHG/Results/gencode.vM25.mouse.cpg_shelves.annotation'
timestamp=2026-01-21T15:07:21.478797
version=1.0.0
user=zalibhai

[39m
[38;5;23m2026-01-21 15:07:21[39m  [1m[38;5;123mGenerating DMR plots:[39m
[38;5;23m2026-01-21 15:07:21[39m  [38;5;248mDmr Results[39m: ['/expanse/lustre/projects/csd940/zalibhai/biomodal/modality/outputs_CHG/Results/gencode.vM25.mouse.cpg_shelves.annotation/DMR_20260121_145833/DMR_mc_control__mutant_20260121_145833.bed'][39m
[38;5;23m2026-01-21 15:07:21[39m  [38;5;248mFilter Qvalue[39m: 0.05[39m
[38;5;23m2026-01-21 15:07:21[39m  [38;5;248mOutput Dir[39m: /expanse/lustre/projects/csd940/zalibhai/biomodal/modality/outputs_CHG/Results/gencode.vM25.mouse.cpg_shelves.annotation[39m
[38;5;23m2026-01-21 15:07:21[39m  [38;5;248mFilter Mod Difference[39m: None[39m
[38;5;23m2026-01-21 15:07:21[39m | [33mWARNING[39m | [33mExtra columns detected: Index(['Annotation'], dtype='object'). These will be retained but are not validated.[39m
[38;5;23m2026-01-21 15:07:21[39m | [33mWARNING[39m | [33mDMR results empty after applying filters (filter_qvalue=0.05, filter_mod_difference=None) for condition-pair=control__mutant and methylation-context=mc. No filtered output and plot will be produced.[39m
[38;5;23m2026-01-21 15:07:21[39m | [33mWARNING[39m | [33mNo DMR reports were generated. Check your input files and filter parameters.[39m
[INFO] 2026-01-21 15:07:21 - DMR plots generated for /expanse/lustre/projects/csd940/zalibhai/biomodal/modality/outputs_CHG/Results/gencode.vM25.mouse.cpg_shelves.annotation/DMR_20260121_145833/DMR_mc_control__mutant_20260121_145833.bed
[INFO] 2026-01-21 15:07:21 - DMR visualisation completed for region: gencode.vM25.mouse.cpg_shelves.annotation
[INFO] 2026-01-21 15:07:21 - Processing DMR visualisation for region: gencode.vM25.mouse.cpg_shores.annotation
[INFO] 2026-01-21 15:07:21 - Generating DMR plots for /expanse/lustre/projects/csd940/zalibhai/biomodal/modality/outputs_CHG/Results/gencode.vM25.mouse.cpg_shores.annotation/DMR_20260121_150042/DMR_hmc_control__mutant_20260121_150042.bed...
Logged in using stored credentials
[38;5;23m2026-01-21 15:07:25[39m  [1m[38;5;123mProvenance information:[39m
[38;5;23m2026-01-21 15:07:25[39m  cmd='/home/zalibhai/miniforge3/envs/modality/bin/modality -v dmr plot --dmr-results /expanse/lustre/projects/csd940/zalibhai/biomodal/modality/outputs_CHG/Results/gencode.vM25.mouse.cpg_shores.annotation/DMR_20260121_150042/DMR_hmc_control__mutant_20260121_150042.bed --output-dir /expanse/lustre/projects/csd940/zalibhai/biomodal/modality/outputs_CHG/Results/gencode.vM25.mouse.cpg_shores.annotation'
timestamp=2026-01-21T15:07:25.112010
version=1.0.0
user=zalibhai

[39m
[38;5;23m2026-01-21 15:07:25[39m  [1m[38;5;123mGenerating DMR plots:[39m
[38;5;23m2026-01-21 15:07:25[39m  [38;5;248mDmr Results[39m: ['/expanse/lustre/projects/csd940/zalibhai/biomodal/modality/outputs_CHG/Results/gencode.vM25.mouse.cpg_shores.annotation/DMR_20260121_150042/DMR_hmc_control__mutant_20260121_150042.bed'][39m
[38;5;23m2026-01-21 15:07:25[39m  [38;5;248mOutput Dir[39m: /expanse/lustre/projects/csd940/zalibhai/biomodal/modality/outputs_CHG/Results/gencode.vM25.mouse.cpg_shores.annotation[39m
[38;5;23m2026-01-21 15:07:25[39m  [38;5;248mFilter Qvalue[39m: None[39m
[38;5;23m2026-01-21 15:07:25[39m  [38;5;248mFilter Mod Difference[39m: None[39m
[38;5;23m2026-01-21 15:07:25[39m | [38;5;23mINFO[39m | Loading DMR file: /expanse/lustre/projects/csd940/zalibhai/biomodal/modality/outputs_CHG/Results/gencode.vM25.mouse.cpg_shores.annotation/DMR_20260121_150042/DMR_hmc_control__mutant_20260121_150042.bed[39m
[38;5;23m2026-01-21 15:07:25[39m | [33mWARNING[39m | [33mExtra columns detected: Index(['Annotation'], dtype='object'). These will be retained but are not validated.[39m
[38;5;23m2026-01-21 15:07:25[39m | [38;5;23mINFO[39m | Loaded DMR file with 2427 rows[39m
[38;5;23m2026-01-21 15:07:25[39m | [38;5;23mINFO[39m | Detected insufficient sample size condition (all p-values=1.0 and test_statistics=0.0)[39m
[38;5;23m2026-01-21 15:07:25[39m | [38;5;23mINFO[39m | No filtering applied to DMRs[39m
[38;5;23m2026-01-21 15:07:25[39m | [38;5;23mINFO[39m | After filtering, DMR result has 2427 rows[39m
[38;5;23m2026-01-21 15:07:25[39m | [38;5;23mINFO[39m | Data ranges - mod_difference: [-0.0065350488021295, 0.0005933810350795], min q-value: 1.0[39m
[38;5;23m2026-01-21 15:07:25[39m | [38;5;23mINFO[39m | Preparing volcano plot data[39m
[38;5;23m2026-01-21 15:07:25[39m | [38;5;23mINFO[39m | Preparing histogram plot data[39m
[38;5;23m2026-01-21 15:07:25[39m | [38;5;23mINFO[39m | Histogram data for group 'CpG_shore': 2427 p-values[39m
[38;5;23m2026-01-21 15:07:25[39m | [38;5;23mINFO[39m | p-value range: [1.0, 1.0][39m
[38;5;23m2026-01-21 15:07:25[39m | [38;5;23mINFO[39m | Volcano plot has 2427 total points across 1 groups[39m
[38;5;23m2026-01-21 15:07:25[39m | [33mWARNING[39m | [33mExtra columns detected: Index(['Annotation'], dtype='object'). These will be retained but are not validated.[39m
[38;5;23m2026-01-21 15:07:25[39m | [38;5;23mINFO[39m | Generated DMR report: /expanse/lustre/projects/csd940/zalibhai/biomodal/modality/outputs_CHG/Results/gencode.vM25.mouse.cpg_shores.annotation/DMR_Report_20260121_150725/DMR_Report_hmc_control__mutant.dmr.volcano_20260121_150725.html[39m
[38;5;23m2026-01-21 15:07:25[39m | [38;5;23mINFO[39m | Generated 1 DMR reports.[39m
[38;5;23m2026-01-21 15:07:25[39m  [1m[38;5;154mDMR report successfully generated: /expanse/lustre/projects/csd940/zalibhai/biomodal/modality/outputs_CHG/Results/gencode.vM25.mouse.cpg_shores.annotation/DMR_Report_20260121_150725/DMR_Report_hmc_control__mutant.dmr.volcano_20260121_150725.html[39m
[38;5;23m2026-01-21 15:07:25[39m | [38;5;23mINFO[39m | No filtered DMR files were generated. Check your filter parameters.[39m
[38;5;23m2026-01-21 15:07:25[39m  Wrote provenance sidecar file to /expanse/lustre/projects/csd940/zalibhai/biomodal/modality/outputs_CHG/Results/gencode.vM25.mouse.cpg_shores.annotation/DMR_Report_20260121_150725/modality_metadata_20260121_150725.json[39m
Logged in using stored credentials
[38;5;23m2026-01-21 15:07:28[39m  [1m[38;5;123mProvenance information:[39m
[38;5;23m2026-01-21 15:07:28[39m  cmd='/home/zalibhai/miniforge3/envs/modality/bin/modality dmr plot --dmr-results /expanse/lustre/projects/csd940/zalibhai/biomodal/modality/outputs_CHG/Results/gencode.vM25.mouse.cpg_shores.annotation/DMR_20260121_150042/DMR_hmc_control__mutant_20260121_150042.bed --filter-qvalue 0.05 --output-dir /expanse/lustre/projects/csd940/zalibhai/biomodal/modality/outputs_CHG/Results/gencode.vM25.mouse.cpg_shores.annotation'
timestamp=2026-01-21T15:07:28.904646
version=1.0.0
user=zalibhai

[39m
[38;5;23m2026-01-21 15:07:28[39m  [1m[38;5;123mGenerating DMR plots:[39m
[38;5;23m2026-01-21 15:07:28[39m  [38;5;248mDmr Results[39m: ['/expanse/lustre/projects/csd940/zalibhai/biomodal/modality/outputs_CHG/Results/gencode.vM25.mouse.cpg_shores.annotation/DMR_20260121_150042/DMR_hmc_control__mutant_20260121_150042.bed'][39m
[38;5;23m2026-01-21 15:07:28[39m  [38;5;248mFilter Qvalue[39m: 0.05[39m
[38;5;23m2026-01-21 15:07:28[39m  [38;5;248mOutput Dir[39m: /expanse/lustre/projects/csd940/zalibhai/biomodal/modality/outputs_CHG/Results/gencode.vM25.mouse.cpg_shores.annotation[39m
[38;5;23m2026-01-21 15:07:28[39m  [38;5;248mFilter Mod Difference[39m: None[39m
[38;5;23m2026-01-21 15:07:28[39m | [33mWARNING[39m | [33mExtra columns detected: Index(['Annotation'], dtype='object'). These will be retained but are not validated.[39m
[38;5;23m2026-01-21 15:07:28[39m | [33mWARNING[39m | [33mDMR results empty after applying filters (filter_qvalue=0.05, filter_mod_difference=None) for condition-pair=control__mutant and methylation-context=hmc. No filtered output and plot will be produced.[39m
[38;5;23m2026-01-21 15:07:28[39m | [33mWARNING[39m | [33mNo DMR reports were generated. Check your input files and filter parameters.[39m
[INFO] 2026-01-21 15:07:29 - DMR plots generated for /expanse/lustre/projects/csd940/zalibhai/biomodal/modality/outputs_CHG/Results/gencode.vM25.mouse.cpg_shores.annotation/DMR_20260121_150042/DMR_hmc_control__mutant_20260121_150042.bed
[INFO] 2026-01-21 15:07:29 - Generating DMR plots for /expanse/lustre/projects/csd940/zalibhai/biomodal/modality/outputs_CHG/Results/gencode.vM25.mouse.cpg_shores.annotation/DMR_20260121_150042/DMR_mc_control__mutant_20260121_150042.bed...
Logged in using stored credentials
[38;5;23m2026-01-21 15:07:32[39m  [1m[38;5;123mProvenance information:[39m
[38;5;23m2026-01-21 15:07:32[39m  cmd='/home/zalibhai/miniforge3/envs/modality/bin/modality -v dmr plot --dmr-results /expanse/lustre/projects/csd940/zalibhai/biomodal/modality/outputs_CHG/Results/gencode.vM25.mouse.cpg_shores.annotation/DMR_20260121_150042/DMR_mc_control__mutant_20260121_150042.bed --output-dir /expanse/lustre/projects/csd940/zalibhai/biomodal/modality/outputs_CHG/Results/gencode.vM25.mouse.cpg_shores.annotation'
timestamp=2026-01-21T15:07:32.834907
version=1.0.0
user=zalibhai

[39m
[38;5;23m2026-01-21 15:07:32[39m  [1m[38;5;123mGenerating DMR plots:[39m
[38;5;23m2026-01-21 15:07:32[39m  [38;5;248mDmr Results[39m: ['/expanse/lustre/projects/csd940/zalibhai/biomodal/modality/outputs_CHG/Results/gencode.vM25.mouse.cpg_shores.annotation/DMR_20260121_150042/DMR_mc_control__mutant_20260121_150042.bed'][39m
[38;5;23m2026-01-21 15:07:32[39m  [38;5;248mOutput Dir[39m: /expanse/lustre/projects/csd940/zalibhai/biomodal/modality/outputs_CHG/Results/gencode.vM25.mouse.cpg_shores.annotation[39m
[38;5;23m2026-01-21 15:07:32[39m  [38;5;248mFilter Qvalue[39m: None[39m
[38;5;23m2026-01-21 15:07:32[39m  [38;5;248mFilter Mod Difference[39m: None[39m
[38;5;23m2026-01-21 15:07:32[39m | [38;5;23mINFO[39m | Loading DMR file: /expanse/lustre/projects/csd940/zalibhai/biomodal/modality/outputs_CHG/Results/gencode.vM25.mouse.cpg_shores.annotation/DMR_20260121_150042/DMR_mc_control__mutant_20260121_150042.bed[39m
[38;5;23m2026-01-21 15:07:32[39m | [33mWARNING[39m | [33mExtra columns detected: Index(['Annotation'], dtype='object'). These will be retained but are not validated.[39m
[38;5;23m2026-01-21 15:07:32[39m | [38;5;23mINFO[39m | Loaded DMR file with 2427 rows[39m
[38;5;23m2026-01-21 15:07:32[39m | [38;5;23mINFO[39m | Detected insufficient sample size condition (all p-values=1.0 and test_statistics=0.0)[39m
[38;5;23m2026-01-21 15:07:32[39m | [38;5;23mINFO[39m | No filtering applied to DMRs[39m
[38;5;23m2026-01-21 15:07:32[39m | [38;5;23mINFO[39m | After filtering, DMR result has 2427 rows[39m
[38;5;23m2026-01-21 15:07:32[39m | [38;5;23mINFO[39m | Data ranges - mod_difference: [-0.0075231111121508, 0.0642323846361535], min q-value: 1.0[39m
[38;5;23m2026-01-21 15:07:32[39m | [38;5;23mINFO[39m | Preparing volcano plot data[39m
[38;5;23m2026-01-21 15:07:32[39m | [38;5;23mINFO[39m | Preparing histogram plot data[39m
[38;5;23m2026-01-21 15:07:32[39m | [38;5;23mINFO[39m | Histogram data for group 'CpG_shore': 2427 p-values[39m
[38;5;23m2026-01-21 15:07:32[39m | [38;5;23mINFO[39m | p-value range: [1.0, 1.0][39m
[38;5;23m2026-01-21 15:07:32[39m | [38;5;23mINFO[39m | Volcano plot has 2427 total points across 1 groups[39m
[38;5;23m2026-01-21 15:07:32[39m | [33mWARNING[39m | [33mExtra columns detected: Index(['Annotation'], dtype='object'). These will be retained but are not validated.[39m
[38;5;23m2026-01-21 15:07:32[39m | [38;5;23mINFO[39m | Generated DMR report: /expanse/lustre/projects/csd940/zalibhai/biomodal/modality/outputs_CHG/Results/gencode.vM25.mouse.cpg_shores.annotation/DMR_Report_20260121_150732/DMR_Report_mc_control__mutant.dmr.volcano_20260121_150732.html[39m
[38;5;23m2026-01-21 15:07:32[39m | [38;5;23mINFO[39m | Generated 1 DMR reports.[39m
[38;5;23m2026-01-21 15:07:32[39m  [1m[38;5;154mDMR report successfully generated: /expanse/lustre/projects/csd940/zalibhai/biomodal/modality/outputs_CHG/Results/gencode.vM25.mouse.cpg_shores.annotation/DMR_Report_20260121_150732/DMR_Report_mc_control__mutant.dmr.volcano_20260121_150732.html[39m
[38;5;23m2026-01-21 15:07:32[39m | [38;5;23mINFO[39m | No filtered DMR files were generated. Check your filter parameters.[39m
[38;5;23m2026-01-21 15:07:32[39m  Wrote provenance sidecar file to /expanse/lustre/projects/csd940/zalibhai/biomodal/modality/outputs_CHG/Results/gencode.vM25.mouse.cpg_shores.annotation/DMR_Report_20260121_150732/modality_metadata_20260121_150732.json[39m
Logged in using stored credentials
[38;5;23m2026-01-21 15:07:37[39m  [1m[38;5;123mProvenance information:[39m
[38;5;23m2026-01-21 15:07:37[39m  cmd='/home/zalibhai/miniforge3/envs/modality/bin/modality dmr plot --dmr-results /expanse/lustre/projects/csd940/zalibhai/biomodal/modality/outputs_CHG/Results/gencode.vM25.mouse.cpg_shores.annotation/DMR_20260121_150042/DMR_mc_control__mutant_20260121_150042.bed --filter-qvalue 0.05 --output-dir /expanse/lustre/projects/csd940/zalibhai/biomodal/modality/outputs_CHG/Results/gencode.vM25.mouse.cpg_shores.annotation'
timestamp=2026-01-21T15:07:37.256658
version=1.0.0
user=zalibhai

[39m
[38;5;23m2026-01-21 15:07:37[39m  [1m[38;5;123mGenerating DMR plots:[39m
[38;5;23m2026-01-21 15:07:37[39m  [38;5;248mDmr Results[39m: ['/expanse/lustre/projects/csd940/zalibhai/biomodal/modality/outputs_CHG/Results/gencode.vM25.mouse.cpg_shores.annotation/DMR_20260121_150042/DMR_mc_control__mutant_20260121_150042.bed'][39m
[38;5;23m2026-01-21 15:07:37[39m  [38;5;248mFilter Qvalue[39m: 0.05[39m
[38;5;23m2026-01-21 15:07:37[39m  [38;5;248mOutput Dir[39m: /expanse/lustre/projects/csd940/zalibhai/biomodal/modality/outputs_CHG/Results/gencode.vM25.mouse.cpg_shores.annotation[39m
[38;5;23m2026-01-21 15:07:37[39m  [38;5;248mFilter Mod Difference[39m: None[39m
[38;5;23m2026-01-21 15:07:37[39m | [33mWARNING[39m | [33mExtra columns detected: Index(['Annotation'], dtype='object'). These will be retained but are not validated.[39m
[38;5;23m2026-01-21 15:07:37[39m | [33mWARNING[39m | [33mDMR results empty after applying filters (filter_qvalue=0.05, filter_mod_difference=None) for condition-pair=control__mutant and methylation-context=mc. No filtered output and plot will be produced.[39m
[38;5;23m2026-01-21 15:07:37[39m | [33mWARNING[39m | [33mNo DMR reports were generated. Check your input files and filter parameters.[39m
[INFO] 2026-01-21 15:07:37 - DMR plots generated for /expanse/lustre/projects/csd940/zalibhai/biomodal/modality/outputs_CHG/Results/gencode.vM25.mouse.cpg_shores.annotation/DMR_20260121_150042/DMR_mc_control__mutant_20260121_150042.bed
[INFO] 2026-01-21 15:07:37 - DMR visualisation completed for region: gencode.vM25.mouse.cpg_shores.annotation
[INFO] 2026-01-21 15:07:37 - Processing DMR visualisation for region: gencode.vM25.mouse.genes.annotation
[INFO] 2026-01-21 15:07:37 - Generating DMR plots for /expanse/lustre/projects/csd940/zalibhai/biomodal/modality/outputs_CHG/Results/gencode.vM25.mouse.genes.annotation/DMR_20260121_150236/DMR_hmc_control__mutant_20260121_150236.bed...
Logged in using stored credentials
[38;5;23m2026-01-21 15:07:41[39m  [1m[38;5;123mProvenance information:[39m
[38;5;23m2026-01-21 15:07:41[39m  cmd='/home/zalibhai/miniforge3/envs/modality/bin/modality -v dmr plot --dmr-results /expanse/lustre/projects/csd940/zalibhai/biomodal/modality/outputs_CHG/Results/gencode.vM25.mouse.genes.annotation/DMR_20260121_150236/DMR_hmc_control__mutant_20260121_150236.bed --output-dir /expanse/lustre/projects/csd940/zalibhai/biomodal/modality/outputs_CHG/Results/gencode.vM25.mouse.genes.annotation'
timestamp=2026-01-21T15:07:41.739508
version=1.0.0
user=zalibhai

[39m
[38;5;23m2026-01-21 15:07:41[39m  [1m[38;5;123mGenerating DMR plots:[39m
[38;5;23m2026-01-21 15:07:41[39m  [38;5;248mDmr Results[39m: ['/expanse/lustre/projects/csd940/zalibhai/biomodal/modality/outputs_CHG/Results/gencode.vM25.mouse.genes.annotation/DMR_20260121_150236/DMR_hmc_control__mutant_20260121_150236.bed'][39m
[38;5;23m2026-01-21 15:07:41[39m  [38;5;248mOutput Dir[39m: /expanse/lustre/projects/csd940/zalibhai/biomodal/modality/outputs_CHG/Results/gencode.vM25.mouse.genes.annotation[39m
[38;5;23m2026-01-21 15:07:41[39m  [38;5;248mFilter Qvalue[39m: None[39m
[38;5;23m2026-01-21 15:07:41[39m  [38;5;248mFilter Mod Difference[39m: None[39m
[38;5;23m2026-01-21 15:07:41[39m | [38;5;23mINFO[39m | Loading DMR file: /expanse/lustre/projects/csd940/zalibhai/biomodal/modality/outputs_CHG/Results/gencode.vM25.mouse.genes.annotation/DMR_20260121_150236/DMR_hmc_control__mutant_20260121_150236.bed[39m
[38;5;23m2026-01-21 15:07:41[39m | [33mWARNING[39m | [33mExtra columns detected: Index(['Annotation', 'Name'], dtype='object'). These will be retained but are not validated.[39m
[38;5;23m2026-01-21 15:07:41[39m | [38;5;23mINFO[39m | Loaded DMR file with 10506 rows[39m
[38;5;23m2026-01-21 15:07:41[39m | [38;5;23mINFO[39m | Detected insufficient sample size condition (all p-values=1.0 and test_statistics=0.0)[39m
[38;5;23m2026-01-21 15:07:41[39m | [38;5;23mINFO[39m | No filtering applied to DMRs[39m
[38;5;23m2026-01-21 15:07:41[39m | [38;5;23mINFO[39m | After filtering, DMR result has 10506 rows[39m
[38;5;23m2026-01-21 15:07:41[39m | [38;5;23mINFO[39m | Data ranges - mod_difference: [-0.0333333333333333, 0.0535714285714285], min q-value: 1.0[39m
[38;5;23m2026-01-21 15:07:41[39m | [38;5;23mINFO[39m | Preparing volcano plot data[39m
[38;5;23m2026-01-21 15:07:41[39m | [38;5;23mINFO[39m | Preparing histogram plot data[39m
[38;5;23m2026-01-21 15:07:41[39m | [38;5;23mINFO[39m | Histogram data for group 'Gene': 10506 p-values[39m
[38;5;23m2026-01-21 15:07:41[39m | [38;5;23mINFO[39m | p-value range: [1.0, 1.0][39m
[38;5;23m2026-01-21 15:07:41[39m | [38;5;23mINFO[39m | Volcano plot has 10506 total points across 1 groups[39m
[38;5;23m2026-01-21 15:07:41[39m | [33mWARNING[39m | [33mExtra columns detected: Index(['Annotation', 'Name'], dtype='object'). These will be retained but are not validated.[39m
[38;5;23m2026-01-21 15:07:41[39m | [38;5;23mINFO[39m | Generated DMR report: /expanse/lustre/projects/csd940/zalibhai/biomodal/modality/outputs_CHG/Results/gencode.vM25.mouse.genes.annotation/DMR_Report_20260121_150741/DMR_Report_hmc_control__mutant.dmr.volcano_20260121_150741.html[39m
[38;5;23m2026-01-21 15:07:41[39m | [38;5;23mINFO[39m | Generated 1 DMR reports.[39m
[38;5;23m2026-01-21 15:07:41[39m  [1m[38;5;154mDMR report successfully generated: /expanse/lustre/projects/csd940/zalibhai/biomodal/modality/outputs_CHG/Results/gencode.vM25.mouse.genes.annotation/DMR_Report_20260121_150741/DMR_Report_hmc_control__mutant.dmr.volcano_20260121_150741.html[39m
[38;5;23m2026-01-21 15:07:41[39m | [38;5;23mINFO[39m | No filtered DMR files were generated. Check your filter parameters.[39m
[38;5;23m2026-01-21 15:07:41[39m  Wrote provenance sidecar file to /expanse/lustre/projects/csd940/zalibhai/biomodal/modality/outputs_CHG/Results/gencode.vM25.mouse.genes.annotation/DMR_Report_20260121_150741/modality_metadata_20260121_150741.json[39m
Logged in using stored credentials
[38;5;23m2026-01-21 15:07:45[39m  [1m[38;5;123mProvenance information:[39m
[38;5;23m2026-01-21 15:07:45[39m  cmd='/home/zalibhai/miniforge3/envs/modality/bin/modality dmr plot --dmr-results /expanse/lustre/projects/csd940/zalibhai/biomodal/modality/outputs_CHG/Results/gencode.vM25.mouse.genes.annotation/DMR_20260121_150236/DMR_hmc_control__mutant_20260121_150236.bed --filter-qvalue 0.05 --output-dir /expanse/lustre/projects/csd940/zalibhai/biomodal/modality/outputs_CHG/Results/gencode.vM25.mouse.genes.annotation'
timestamp=2026-01-21T15:07:45.835882
version=1.0.0
user=zalibhai

[39m
[38;5;23m2026-01-21 15:07:45[39m  [1m[38;5;123mGenerating DMR plots:[39m
[38;5;23m2026-01-21 15:07:45[39m  [38;5;248mDmr Results[39m: ['/expanse/lustre/projects/csd940/zalibhai/biomodal/modality/outputs_CHG/Results/gencode.vM25.mouse.genes.annotation/DMR_20260121_150236/DMR_hmc_control__mutant_20260121_150236.bed'][39m
[38;5;23m2026-01-21 15:07:45[39m  [38;5;248mFilter Qvalue[39m: 0.05[39m
[38;5;23m2026-01-21 15:07:45[39m  [38;5;248mOutput Dir[39m: /expanse/lustre/projects/csd940/zalibhai/biomodal/modality/outputs_CHG/Results/gencode.vM25.mouse.genes.annotation[39m
[38;5;23m2026-01-21 15:07:45[39m  [38;5;248mFilter Mod Difference[39m: None[39m
[38;5;23m2026-01-21 15:07:45[39m | [33mWARNING[39m | [33mExtra columns detected: Index(['Annotation', 'Name'], dtype='object'). These will be retained but are not validated.[39m
[38;5;23m2026-01-21 15:07:45[39m | [33mWARNING[39m | [33mDMR results empty after applying filters (filter_qvalue=0.05, filter_mod_difference=None) for condition-pair=control__mutant and methylation-context=hmc. No filtered output and plot will be produced.[39m
[38;5;23m2026-01-21 15:07:45[39m | [33mWARNING[39m | [33mNo DMR reports were generated. Check your input files and filter parameters.[39m
[INFO] 2026-01-21 15:07:46 - DMR plots generated for /expanse/lustre/projects/csd940/zalibhai/biomodal/modality/outputs_CHG/Results/gencode.vM25.mouse.genes.annotation/DMR_20260121_150236/DMR_hmc_control__mutant_20260121_150236.bed
[INFO] 2026-01-21 15:07:46 - Generating DMR plots for /expanse/lustre/projects/csd940/zalibhai/biomodal/modality/outputs_CHG/Results/gencode.vM25.mouse.genes.annotation/DMR_20260121_150236/DMR_mc_control__mutant_20260121_150236.bed...
Logged in using stored credentials
[38;5;23m2026-01-21 15:07:49[39m  [1m[38;5;123mProvenance information:[39m
[38;5;23m2026-01-21 15:07:49[39m  cmd='/home/zalibhai/miniforge3/envs/modality/bin/modality -v dmr plot --dmr-results /expanse/lustre/projects/csd940/zalibhai/biomodal/modality/outputs_CHG/Results/gencode.vM25.mouse.genes.annotation/DMR_20260121_150236/DMR_mc_control__mutant_20260121_150236.bed --output-dir /expanse/lustre/projects/csd940/zalibhai/biomodal/modality/outputs_CHG/Results/gencode.vM25.mouse.genes.annotation'
timestamp=2026-01-21T15:07:49.499885
version=1.0.0
user=zalibhai

[39m
[38;5;23m2026-01-21 15:07:49[39m  [1m[38;5;123mGenerating DMR plots:[39m
[38;5;23m2026-01-21 15:07:49[39m  [38;5;248mDmr Results[39m: ['/expanse/lustre/projects/csd940/zalibhai/biomodal/modality/outputs_CHG/Results/gencode.vM25.mouse.genes.annotation/DMR_20260121_150236/DMR_mc_control__mutant_20260121_150236.bed'][39m
[38;5;23m2026-01-21 15:07:49[39m  [38;5;248mOutput Dir[39m: /expanse/lustre/projects/csd940/zalibhai/biomodal/modality/outputs_CHG/Results/gencode.vM25.mouse.genes.annotation[39m
[38;5;23m2026-01-21 15:07:49[39m  [38;5;248mFilter Qvalue[39m: None[39m
[38;5;23m2026-01-21 15:07:49[39m  [38;5;248mFilter Mod Difference[39m: None[39m
[38;5;23m2026-01-21 15:07:49[39m | [38;5;23mINFO[39m | Loading DMR file: /expanse/lustre/projects/csd940/zalibhai/biomodal/modality/outputs_CHG/Results/gencode.vM25.mouse.genes.annotation/DMR_20260121_150236/DMR_mc_control__mutant_20260121_150236.bed[39m
[38;5;23m2026-01-21 15:07:49[39m | [33mWARNING[39m | [33mExtra columns detected: Index(['Annotation', 'Name'], dtype='object'). These will be retained but are not validated.[39m
[38;5;23m2026-01-21 15:07:49[39m | [38;5;23mINFO[39m | Loaded DMR file with 10506 rows[39m
[38;5;23m2026-01-21 15:07:49[39m | [38;5;23mINFO[39m | Detected insufficient sample size condition (all p-values=1.0 and test_statistics=0.0)[39m
[38;5;23m2026-01-21 15:07:49[39m | [38;5;23mINFO[39m | No filtering applied to DMRs[39m
[38;5;23m2026-01-21 15:07:49[39m | [38;5;23mINFO[39m | After filtering, DMR result has 10506 rows[39m
[38;5;23m2026-01-21 15:07:49[39m | [38;5;23mINFO[39m | Data ranges - mod_difference: [-0.0158438837926706, 0.1125541125541125], min q-value: 1.0[39m
[38;5;23m2026-01-21 15:07:49[39m | [38;5;23mINFO[39m | Preparing volcano plot data[39m
[38;5;23m2026-01-21 15:07:49[39m | [38;5;23mINFO[39m | Preparing histogram plot data[39m
[38;5;23m2026-01-21 15:07:49[39m | [38;5;23mINFO[39m | Histogram data for group 'Gene': 10506 p-values[39m
[38;5;23m2026-01-21 15:07:49[39m | [38;5;23mINFO[39m | p-value range: [1.0, 1.0][39m
[38;5;23m2026-01-21 15:07:49[39m | [38;5;23mINFO[39m | Volcano plot has 10506 total points across 1 groups[39m
[38;5;23m2026-01-21 15:07:49[39m | [33mWARNING[39m | [33mExtra columns detected: Index(['Annotation', 'Name'], dtype='object'). These will be retained but are not validated.[39m
[38;5;23m2026-01-21 15:07:49[39m | [38;5;23mINFO[39m | Generated DMR report: /expanse/lustre/projects/csd940/zalibhai/biomodal/modality/outputs_CHG/Results/gencode.vM25.mouse.genes.annotation/DMR_Report_20260121_150749/DMR_Report_mc_control__mutant.dmr.volcano_20260121_150749.html[39m
[38;5;23m2026-01-21 15:07:49[39m | [38;5;23mINFO[39m | Generated 1 DMR reports.[39m
[38;5;23m2026-01-21 15:07:49[39m  [1m[38;5;154mDMR report successfully generated: /expanse/lustre/projects/csd940/zalibhai/biomodal/modality/outputs_CHG/Results/gencode.vM25.mouse.genes.annotation/DMR_Report_20260121_150749/DMR_Report_mc_control__mutant.dmr.volcano_20260121_150749.html[39m
[38;5;23m2026-01-21 15:07:49[39m | [38;5;23mINFO[39m | No filtered DMR files were generated. Check your filter parameters.[39m
[38;5;23m2026-01-21 15:07:49[39m  Wrote provenance sidecar file to /expanse/lustre/projects/csd940/zalibhai/biomodal/modality/outputs_CHG/Results/gencode.vM25.mouse.genes.annotation/DMR_Report_20260121_150749/modality_metadata_20260121_150749.json[39m
Logged in using stored credentials
[38;5;23m2026-01-21 15:07:52[39m  [1m[38;5;123mProvenance information:[39m
[38;5;23m2026-01-21 15:07:52[39m  cmd='/home/zalibhai/miniforge3/envs/modality/bin/modality dmr plot --dmr-results /expanse/lustre/projects/csd940/zalibhai/biomodal/modality/outputs_CHG/Results/gencode.vM25.mouse.genes.annotation/DMR_20260121_150236/DMR_mc_control__mutant_20260121_150236.bed --filter-qvalue 0.05 --output-dir /expanse/lustre/projects/csd940/zalibhai/biomodal/modality/outputs_CHG/Results/gencode.vM25.mouse.genes.annotation'
timestamp=2026-01-21T15:07:52.989810
version=1.0.0
user=zalibhai

[39m
[38;5;23m2026-01-21 15:07:52[39m  [1m[38;5;123mGenerating DMR plots:[39m
[38;5;23m2026-01-21 15:07:52[39m  [38;5;248mDmr Results[39m: ['/expanse/lustre/projects/csd940/zalibhai/biomodal/modality/outputs_CHG/Results/gencode.vM25.mouse.genes.annotation/DMR_20260121_150236/DMR_mc_control__mutant_20260121_150236.bed'][39m
[38;5;23m2026-01-21 15:07:52[39m  [38;5;248mFilter Qvalue[39m: 0.05[39m
[38;5;23m2026-01-21 15:07:52[39m  [38;5;248mOutput Dir[39m: /expanse/lustre/projects/csd940/zalibhai/biomodal/modality/outputs_CHG/Results/gencode.vM25.mouse.genes.annotation[39m
[38;5;23m2026-01-21 15:07:53[39m  [38;5;248mFilter Mod Difference[39m: None[39m
[38;5;23m2026-01-21 15:07:53[39m | [33mWARNING[39m | [33mExtra columns detected: Index(['Annotation', 'Name'], dtype='object'). These will be retained but are not validated.[39m
[38;5;23m2026-01-21 15:07:53[39m | [33mWARNING[39m | [33mDMR results empty after applying filters (filter_qvalue=0.05, filter_mod_difference=None) for condition-pair=control__mutant and methylation-context=mc. No filtered output and plot will be produced.[39m
[38;5;23m2026-01-21 15:07:53[39m | [33mWARNING[39m | [33mNo DMR reports were generated. Check your input files and filter parameters.[39m
[INFO] 2026-01-21 15:07:53 - DMR plots generated for /expanse/lustre/projects/csd940/zalibhai/biomodal/modality/outputs_CHG/Results/gencode.vM25.mouse.genes.annotation/DMR_20260121_150236/DMR_mc_control__mutant_20260121_150236.bed
[INFO] 2026-01-21 15:07:53 - DMR visualisation completed for region: gencode.vM25.mouse.genes.annotation
[INFO] 2026-01-21 15:07:53 - Processing DMR visualisation for region: gencode.vM25.mouse.promoters.annotation
[INFO] 2026-01-21 15:07:53 - Generating DMR plots for /expanse/lustre/projects/csd940/zalibhai/biomodal/modality/outputs_CHG/Results/gencode.vM25.mouse.promoters.annotation/DMR_20260121_150425/DMR_hmc_control__mutant_20260121_150425.bed...
Logged in using stored credentials
[38;5;23m2026-01-21 15:07:56[39m  [1m[38;5;123mProvenance information:[39m
[38;5;23m2026-01-21 15:07:56[39m  cmd='/home/zalibhai/miniforge3/envs/modality/bin/modality -v dmr plot --dmr-results /expanse/lustre/projects/csd940/zalibhai/biomodal/modality/outputs_CHG/Results/gencode.vM25.mouse.promoters.annotation/DMR_20260121_150425/DMR_hmc_control__mutant_20260121_150425.bed --output-dir /expanse/lustre/projects/csd940/zalibhai/biomodal/modality/outputs_CHG/Results/gencode.vM25.mouse.promoters.annotation'
timestamp=2026-01-21T15:07:56.721266
version=1.0.0
user=zalibhai

[39m
[38;5;23m2026-01-21 15:07:56[39m  [1m[38;5;123mGenerating DMR plots:[39m
[38;5;23m2026-01-21 15:07:56[39m  [38;5;248mDmr Results[39m: ['/expanse/lustre/projects/csd940/zalibhai/biomodal/modality/outputs_CHG/Results/gencode.vM25.mouse.promoters.annotation/DMR_20260121_150425/DMR_hmc_control__mutant_20260121_150425.bed'][39m
[38;5;23m2026-01-21 15:07:56[39m  [38;5;248mOutput Dir[39m: /expanse/lustre/projects/csd940/zalibhai/biomodal/modality/outputs_CHG/Results/gencode.vM25.mouse.promoters.annotation[39m
[38;5;23m2026-01-21 15:07:56[39m  [38;5;248mFilter Qvalue[39m: None[39m
[38;5;23m2026-01-21 15:07:56[39m  [38;5;248mFilter Mod Difference[39m: None[39m
[38;5;23m2026-01-21 15:07:56[39m | [38;5;23mINFO[39m | Loading DMR file: /expanse/lustre/projects/csd940/zalibhai/biomodal/modality/outputs_CHG/Results/gencode.vM25.mouse.promoters.annotation/DMR_20260121_150425/DMR_hmc_control__mutant_20260121_150425.bed[39m
[38;5;23m2026-01-21 15:07:56[39m | [33mWARNING[39m | [33mExtra columns detected: Index(['Annotation', 'Name'], dtype='object'). These will be retained but are not validated.[39m
[38;5;23m2026-01-21 15:07:56[39m | [38;5;23mINFO[39m | Loaded DMR file with 1069 rows[39m
[38;5;23m2026-01-21 15:07:56[39m | [38;5;23mINFO[39m | Detected insufficient sample size condition (all p-values=1.0 and test_statistics=0.0)[39m
[38;5;23m2026-01-21 15:07:56[39m | [38;5;23mINFO[39m | No filtering applied to DMRs[39m
[38;5;23m2026-01-21 15:07:56[39m | [38;5;23mINFO[39m | After filtering, DMR result has 1069 rows[39m
[38;5;23m2026-01-21 15:07:56[39m | [38;5;23mINFO[39m | Data ranges - mod_difference: [0.0, 0.00423517473858], min q-value: 1.0[39m
[38;5;23m2026-01-21 15:07:56[39m | [38;5;23mINFO[39m | Preparing volcano plot data[39m
[38;5;23m2026-01-21 15:07:56[39m | [38;5;23mINFO[39m | Preparing histogram plot data[39m
[38;5;23m2026-01-21 15:07:56[39m | [38;5;23mINFO[39m | Histogram data for group 'Promoter': 1069 p-values[39m
[38;5;23m2026-01-21 15:07:56[39m | [38;5;23mINFO[39m | p-value range: [1.0, 1.0][39m
[38;5;23m2026-01-21 15:07:56[39m | [38;5;23mINFO[39m | Volcano plot has 1069 total points across 1 groups[39m
[38;5;23m2026-01-21 15:07:56[39m | [33mWARNING[39m | [33mExtra columns detected: Index(['Annotation', 'Name'], dtype='object'). These will be retained but are not validated.[39m
[38;5;23m2026-01-21 15:07:56[39m | [38;5;23mINFO[39m | Generated DMR report: /expanse/lustre/projects/csd940/zalibhai/biomodal/modality/outputs_CHG/Results/gencode.vM25.mouse.promoters.annotation/DMR_Report_20260121_150756/DMR_Report_hmc_control__mutant.dmr.volcano_20260121_150756.html[39m
[38;5;23m2026-01-21 15:07:56[39m | [38;5;23mINFO[39m | Generated 1 DMR reports.[39m
[38;5;23m2026-01-21 15:07:56[39m  [1m[38;5;154mDMR report successfully generated: /expanse/lustre/projects/csd940/zalibhai/biomodal/modality/outputs_CHG/Results/gencode.vM25.mouse.promoters.annotation/DMR_Report_20260121_150756/DMR_Report_hmc_control__mutant.dmr.volcano_20260121_150756.html[39m
[38;5;23m2026-01-21 15:07:56[39m | [38;5;23mINFO[39m | No filtered DMR files were generated. Check your filter parameters.[39m
[38;5;23m2026-01-21 15:07:56[39m  Wrote provenance sidecar file to /expanse/lustre/projects/csd940/zalibhai/biomodal/modality/outputs_CHG/Results/gencode.vM25.mouse.promoters.annotation/DMR_Report_20260121_150756/modality_metadata_20260121_150756.json[39m
Logged in using stored credentials
[38;5;23m2026-01-21 15:08:00[39m  [1m[38;5;123mProvenance information:[39m
[38;5;23m2026-01-21 15:08:00[39m  cmd='/home/zalibhai/miniforge3/envs/modality/bin/modality dmr plot --dmr-results /expanse/lustre/projects/csd940/zalibhai/biomodal/modality/outputs_CHG/Results/gencode.vM25.mouse.promoters.annotation/DMR_20260121_150425/DMR_hmc_control__mutant_20260121_150425.bed --filter-qvalue 0.05 --output-dir /expanse/lustre/projects/csd940/zalibhai/biomodal/modality/outputs_CHG/Results/gencode.vM25.mouse.promoters.annotation'
timestamp=2026-01-21T15:08:00.229998
version=1.0.0
user=zalibhai

[39m
[38;5;23m2026-01-21 15:08:00[39m  [1m[38;5;123mGenerating DMR plots:[39m
[38;5;23m2026-01-21 15:08:00[39m  [38;5;248mDmr Results[39m: ['/expanse/lustre/projects/csd940/zalibhai/biomodal/modality/outputs_CHG/Results/gencode.vM25.mouse.promoters.annotation/DMR_20260121_150425/DMR_hmc_control__mutant_20260121_150425.bed'][39m
[38;5;23m2026-01-21 15:08:00[39m  [38;5;248mFilter Qvalue[39m: 0.05[39m
[38;5;23m2026-01-21 15:08:00[39m  [38;5;248mOutput Dir[39m: /expanse/lustre/projects/csd940/zalibhai/biomodal/modality/outputs_CHG/Results/gencode.vM25.mouse.promoters.annotation[39m
[38;5;23m2026-01-21 15:08:00[39m  [38;5;248mFilter Mod Difference[39m: None[39m
[38;5;23m2026-01-21 15:08:00[39m | [33mWARNING[39m | [33mExtra columns detected: Index(['Annotation', 'Name'], dtype='object'). These will be retained but are not validated.[39m
[38;5;23m2026-01-21 15:08:00[39m | [33mWARNING[39m | [33mDMR results empty after applying filters (filter_qvalue=0.05, filter_mod_difference=None) for condition-pair=control__mutant and methylation-context=hmc. No filtered output and plot will be produced.[39m
[38;5;23m2026-01-21 15:08:00[39m | [33mWARNING[39m | [33mNo DMR reports were generated. Check your input files and filter parameters.[39m
[INFO] 2026-01-21 15:08:00 - DMR plots generated for /expanse/lustre/projects/csd940/zalibhai/biomodal/modality/outputs_CHG/Results/gencode.vM25.mouse.promoters.annotation/DMR_20260121_150425/DMR_hmc_control__mutant_20260121_150425.bed
[INFO] 2026-01-21 15:08:00 - Generating DMR plots for /expanse/lustre/projects/csd940/zalibhai/biomodal/modality/outputs_CHG/Results/gencode.vM25.mouse.promoters.annotation/DMR_20260121_150425/DMR_mc_control__mutant_20260121_150425.bed...
Logged in using stored credentials
[38;5;23m2026-01-21 15:08:03[39m  [1m[38;5;123mProvenance information:[39m
[38;5;23m2026-01-21 15:08:03[39m  cmd='/home/zalibhai/miniforge3/envs/modality/bin/modality -v dmr plot --dmr-results /expanse/lustre/projects/csd940/zalibhai/biomodal/modality/outputs_CHG/Results/gencode.vM25.mouse.promoters.annotation/DMR_20260121_150425/DMR_mc_control__mutant_20260121_150425.bed --output-dir /expanse/lustre/projects/csd940/zalibhai/biomodal/modality/outputs_CHG/Results/gencode.vM25.mouse.promoters.annotation'
timestamp=2026-01-21T15:08:03.849823
version=1.0.0
user=zalibhai

[39m
[38;5;23m2026-01-21 15:08:03[39m  [1m[38;5;123mGenerating DMR plots:[39m
[38;5;23m2026-01-21 15:08:03[39m  [38;5;248mDmr Results[39m: ['/expanse/lustre/projects/csd940/zalibhai/biomodal/modality/outputs_CHG/Results/gencode.vM25.mouse.promoters.annotation/DMR_20260121_150425/DMR_mc_control__mutant_20260121_150425.bed'][39m
[38;5;23m2026-01-21 15:08:03[39m  [38;5;248mOutput Dir[39m: /expanse/lustre/projects/csd940/zalibhai/biomodal/modality/outputs_CHG/Results/gencode.vM25.mouse.promoters.annotation[39m
[38;5;23m2026-01-21 15:08:03[39m  [38;5;248mFilter Qvalue[39m: None[39m
[38;5;23m2026-01-21 15:08:03[39m  [38;5;248mFilter Mod Difference[39m: None[39m
[38;5;23m2026-01-21 15:08:03[39m | [38;5;23mINFO[39m | Loading DMR file: /expanse/lustre/projects/csd940/zalibhai/biomodal/modality/outputs_CHG/Results/gencode.vM25.mouse.promoters.annotation/DMR_20260121_150425/DMR_mc_control__mutant_20260121_150425.bed[39m
[38;5;23m2026-01-21 15:08:03[39m | [33mWARNING[39m | [33mExtra columns detected: Index(['Annotation', 'Name'], dtype='object'). These will be retained but are not validated.[39m
[38;5;23m2026-01-21 15:08:03[39m | [38;5;23mINFO[39m | Loaded DMR file with 1069 rows[39m
[38;5;23m2026-01-21 15:08:03[39m | [38;5;23mINFO[39m | Detected insufficient sample size condition (all p-values=1.0 and test_statistics=0.0)[39m
[38;5;23m2026-01-21 15:08:03[39m | [38;5;23mINFO[39m | No filtering applied to DMRs[39m
[38;5;23m2026-01-21 15:08:03[39m | [38;5;23mINFO[39m | After filtering, DMR result has 1069 rows[39m
[38;5;23m2026-01-21 15:08:03[39m | [38;5;23mINFO[39m | Data ranges - mod_difference: [-0.0091830039314854, 0.0637684025866813], min q-value: 1.0[39m
[38;5;23m2026-01-21 15:08:03[39m | [38;5;23mINFO[39m | Preparing volcano plot data[39m
[38;5;23m2026-01-21 15:08:03[39m | [38;5;23mINFO[39m | Preparing histogram plot data[39m
[38;5;23m2026-01-21 15:08:03[39m | [38;5;23mINFO[39m | Histogram data for group 'Promoter': 1069 p-values[39m
[38;5;23m2026-01-21 15:08:03[39m | [38;5;23mINFO[39m | p-value range: [1.0, 1.0][39m
[38;5;23m2026-01-21 15:08:03[39m | [38;5;23mINFO[39m | Volcano plot has 1069 total points across 1 groups[39m
[38;5;23m2026-01-21 15:08:03[39m | [33mWARNING[39m | [33mExtra columns detected: Index(['Annotation', 'Name'], dtype='object'). These will be retained but are not validated.[39m
[38;5;23m2026-01-21 15:08:03[39m | [38;5;23mINFO[39m | Generated DMR report: /expanse/lustre/projects/csd940/zalibhai/biomodal/modality/outputs_CHG/Results/gencode.vM25.mouse.promoters.annotation/DMR_Report_20260121_150803/DMR_Report_mc_control__mutant.dmr.volcano_20260121_150803.html[39m
[38;5;23m2026-01-21 15:08:03[39m | [38;5;23mINFO[39m | Generated 1 DMR reports.[39m
[38;5;23m2026-01-21 15:08:03[39m  [1m[38;5;154mDMR report successfully generated: /expanse/lustre/projects/csd940/zalibhai/biomodal/modality/outputs_CHG/Results/gencode.vM25.mouse.promoters.annotation/DMR_Report_20260121_150803/DMR_Report_mc_control__mutant.dmr.volcano_20260121_150803.html[39m
[38;5;23m2026-01-21 15:08:03[39m | [38;5;23mINFO[39m | No filtered DMR files were generated. Check your filter parameters.[39m
[38;5;23m2026-01-21 15:08:03[39m  Wrote provenance sidecar file to /expanse/lustre/projects/csd940/zalibhai/biomodal/modality/outputs_CHG/Results/gencode.vM25.mouse.promoters.annotation/DMR_Report_20260121_150803/modality_metadata_20260121_150803.json[39m
Logged in using stored credentials
[38;5;23m2026-01-21 15:08:07[39m  [1m[38;5;123mProvenance information:[39m
[38;5;23m2026-01-21 15:08:07[39m  cmd='/home/zalibhai/miniforge3/envs/modality/bin/modality dmr plot --dmr-results /expanse/lustre/projects/csd940/zalibhai/biomodal/modality/outputs_CHG/Results/gencode.vM25.mouse.promoters.annotation/DMR_20260121_150425/DMR_mc_control__mutant_20260121_150425.bed --filter-qvalue 0.05 --output-dir /expanse/lustre/projects/csd940/zalibhai/biomodal/modality/outputs_CHG/Results/gencode.vM25.mouse.promoters.annotation'
timestamp=2026-01-21T15:08:07.375292
version=1.0.0
user=zalibhai

[39m
[38;5;23m2026-01-21 15:08:07[39m  [1m[38;5;123mGenerating DMR plots:[39m
[38;5;23m2026-01-21 15:08:07[39m  [38;5;248mDmr Results[39m: ['/expanse/lustre/projects/csd940/zalibhai/biomodal/modality/outputs_CHG/Results/gencode.vM25.mouse.promoters.annotation/DMR_20260121_150425/DMR_mc_control__mutant_20260121_150425.bed'][39m
[38;5;23m2026-01-21 15:08:07[39m  [38;5;248mFilter Qvalue[39m: 0.05[39m
[38;5;23m2026-01-21 15:08:07[39m  [38;5;248mOutput Dir[39m: /expanse/lustre/projects/csd940/zalibhai/biomodal/modality/outputs_CHG/Results/gencode.vM25.mouse.promoters.annotation[39m
[38;5;23m2026-01-21 15:08:07[39m  [38;5;248mFilter Mod Difference[39m: None[39m
[38;5;23m2026-01-21 15:08:07[39m | [33mWARNING[39m | [33mExtra columns detected: Index(['Annotation', 'Name'], dtype='object'). These will be retained but are not validated.[39m
[38;5;23m2026-01-21 15:08:07[39m | [33mWARNING[39m | [33mDMR results empty after applying filters (filter_qvalue=0.05, filter_mod_difference=None) for condition-pair=control__mutant and methylation-context=mc. No filtered output and plot will be produced.[39m
[38;5;23m2026-01-21 15:08:07[39m | [33mWARNING[39m | [33mNo DMR reports were generated. Check your input files and filter parameters.[39m
[INFO] 2026-01-21 15:08:07 - DMR plots generated for /expanse/lustre/projects/csd940/zalibhai/biomodal/modality/outputs_CHG/Results/gencode.vM25.mouse.promoters.annotation/DMR_20260121_150425/DMR_mc_control__mutant_20260121_150425.bed
[INFO] 2026-01-21 15:08:07 - DMR visualisation completed for region: gencode.vM25.mouse.promoters.annotation
[INFO] 2026-01-21 15:08:07 - Processing DMR visualisation for region: gencode.vM25.mouse.tss_region.annotation
[INFO] 2026-01-21 15:08:07 - Generating DMR plots for /expanse/lustre/projects/csd940/zalibhai/biomodal/modality/outputs_CHG/Results/gencode.vM25.mouse.tss_region.annotation/DMR_20260121_150617/DMR_hmc_control__mutant_20260121_150617.bed...
Logged in using stored credentials
[38;5;23m2026-01-21 15:08:11[39m  [1m[38;5;123mProvenance information:[39m
[38;5;23m2026-01-21 15:08:11[39m  cmd='/home/zalibhai/miniforge3/envs/modality/bin/modality -v dmr plot --dmr-results /expanse/lustre/projects/csd940/zalibhai/biomodal/modality/outputs_CHG/Results/gencode.vM25.mouse.tss_region.annotation/DMR_20260121_150617/DMR_hmc_control__mutant_20260121_150617.bed --output-dir /expanse/lustre/projects/csd940/zalibhai/biomodal/modality/outputs_CHG/Results/gencode.vM25.mouse.tss_region.annotation'
timestamp=2026-01-21T15:08:11.071266
version=1.0.0
user=zalibhai

[39m
[38;5;23m2026-01-21 15:08:11[39m  [1m[38;5;123mGenerating DMR plots:[39m
[38;5;23m2026-01-21 15:08:11[39m  [38;5;248mDmr Results[39m: ['/expanse/lustre/projects/csd940/zalibhai/biomodal/modality/outputs_CHG/Results/gencode.vM25.mouse.tss_region.annotation/DMR_20260121_150617/DMR_hmc_control__mutant_20260121_150617.bed'][39m
[38;5;23m2026-01-21 15:08:11[39m  [38;5;248mOutput Dir[39m: /expanse/lustre/projects/csd940/zalibhai/biomodal/modality/outputs_CHG/Results/gencode.vM25.mouse.tss_region.annotation[39m
[38;5;23m2026-01-21 15:08:11[39m  [38;5;248mFilter Qvalue[39m: None[39m
[38;5;23m2026-01-21 15:08:11[39m  [38;5;248mFilter Mod Difference[39m: None[39m
[38;5;23m2026-01-21 15:08:11[39m | [38;5;23mINFO[39m | Loading DMR file: /expanse/lustre/projects/csd940/zalibhai/biomodal/modality/outputs_CHG/Results/gencode.vM25.mouse.tss_region.annotation/DMR_20260121_150617/DMR_hmc_control__mutant_20260121_150617.bed[39m
[38;5;23m2026-01-21 15:08:11[39m | [33mWARNING[39m | [33mExtra columns detected: Index(['Annotation', 'Name'], dtype='object'). These will be retained but are not validated.[39m
[38;5;23m2026-01-21 15:08:11[39m | [38;5;23mINFO[39m | Loaded DMR file with 295 rows[39m
[38;5;23m2026-01-21 15:08:11[39m | [38;5;23mINFO[39m | Detected insufficient sample size condition (all p-values=1.0 and test_statistics=0.0)[39m
[38;5;23m2026-01-21 15:08:11[39m | [38;5;23mINFO[39m | No filtering applied to DMRs[39m
[38;5;23m2026-01-21 15:08:11[39m | [38;5;23mINFO[39m | After filtering, DMR result has 295 rows[39m
[38;5;23m2026-01-21 15:08:11[39m | [38;5;23mINFO[39m | Data ranges - mod_difference: [0.0, 7.590708972218005e-05], min q-value: 1.0[39m
[38;5;23m2026-01-21 15:08:11[39m | [38;5;23mINFO[39m | Preparing volcano plot data[39m
[38;5;23m2026-01-21 15:08:11[39m | [38;5;23mINFO[39m | Preparing histogram plot data[39m
[38;5;23m2026-01-21 15:08:11[39m | [38;5;23mINFO[39m | Histogram data for group 'TSS': 295 p-values[39m
[38;5;23m2026-01-21 15:08:11[39m | [38;5;23mINFO[39m | p-value range: [1.0, 1.0][39m
[38;5;23m2026-01-21 15:08:11[39m | [38;5;23mINFO[39m | Volcano plot has 295 total points across 1 groups[39m
[38;5;23m2026-01-21 15:08:11[39m | [33mWARNING[39m | [33mExtra columns detected: Index(['Annotation', 'Name'], dtype='object'). These will be retained but are not validated.[39m
[38;5;23m2026-01-21 15:08:11[39m | [38;5;23mINFO[39m | Generated DMR report: /expanse/lustre/projects/csd940/zalibhai/biomodal/modality/outputs_CHG/Results/gencode.vM25.mouse.tss_region.annotation/DMR_Report_20260121_150811/DMR_Report_hmc_control__mutant.dmr.volcano_20260121_150811.html[39m
[38;5;23m2026-01-21 15:08:11[39m | [38;5;23mINFO[39m | Generated 1 DMR reports.[39m
[38;5;23m2026-01-21 15:08:11[39m  [1m[38;5;154mDMR report successfully generated: /expanse/lustre/projects/csd940/zalibhai/biomodal/modality/outputs_CHG/Results/gencode.vM25.mouse.tss_region.annotation/DMR_Report_20260121_150811/DMR_Report_hmc_control__mutant.dmr.volcano_20260121_150811.html[39m
[38;5;23m2026-01-21 15:08:11[39m | [38;5;23mINFO[39m | No filtered DMR files were generated. Check your filter parameters.[39m
[38;5;23m2026-01-21 15:08:11[39m  Wrote provenance sidecar file to /expanse/lustre/projects/csd940/zalibhai/biomodal/modality/outputs_CHG/Results/gencode.vM25.mouse.tss_region.annotation/DMR_Report_20260121_150811/modality_metadata_20260121_150811.json[39m
Logged in using stored credentials
[38;5;23m2026-01-21 15:08:14[39m  [1m[38;5;123mProvenance information:[39m
[38;5;23m2026-01-21 15:08:14[39m  cmd='/home/zalibhai/miniforge3/envs/modality/bin/modality dmr plot --dmr-results /expanse/lustre/projects/csd940/zalibhai/biomodal/modality/outputs_CHG/Results/gencode.vM25.mouse.tss_region.annotation/DMR_20260121_150617/DMR_hmc_control__mutant_20260121_150617.bed --filter-qvalue 0.05 --output-dir /expanse/lustre/projects/csd940/zalibhai/biomodal/modality/outputs_CHG/Results/gencode.vM25.mouse.tss_region.annotation'
timestamp=2026-01-21T15:08:14.573316
version=1.0.0
user=zalibhai

[39m
[38;5;23m2026-01-21 15:08:14[39m  [1m[38;5;123mGenerating DMR plots:[39m
[38;5;23m2026-01-21 15:08:14[39m  [38;5;248mDmr Results[39m: ['/expanse/lustre/projects/csd940/zalibhai/biomodal/modality/outputs_CHG/Results/gencode.vM25.mouse.tss_region.annotation/DMR_20260121_150617/DMR_hmc_control__mutant_20260121_150617.bed'][39m
[38;5;23m2026-01-21 15:08:14[39m  [38;5;248mFilter Qvalue[39m: 0.05[39m
[38;5;23m2026-01-21 15:08:14[39m  [38;5;248mOutput Dir[39m: /expanse/lustre/projects/csd940/zalibhai/biomodal/modality/outputs_CHG/Results/gencode.vM25.mouse.tss_region.annotation[39m
[38;5;23m2026-01-21 15:08:14[39m  [38;5;248mFilter Mod Difference[39m: None[39m
[38;5;23m2026-01-21 15:08:14[39m | [33mWARNING[39m | [33mExtra columns detected: Index(['Annotation', 'Name'], dtype='object'). These will be retained but are not validated.[39m
[38;5;23m2026-01-21 15:08:14[39m | [33mWARNING[39m | [33mDMR results empty after applying filters (filter_qvalue=0.05, filter_mod_difference=None) for condition-pair=control__mutant and methylation-context=hmc. No filtered output and plot will be produced.[39m
[38;5;23m2026-01-21 15:08:14[39m | [33mWARNING[39m | [33mNo DMR reports were generated. Check your input files and filter parameters.[39m
[INFO] 2026-01-21 15:08:15 - DMR plots generated for /expanse/lustre/projects/csd940/zalibhai/biomodal/modality/outputs_CHG/Results/gencode.vM25.mouse.tss_region.annotation/DMR_20260121_150617/DMR_hmc_control__mutant_20260121_150617.bed
[INFO] 2026-01-21 15:08:15 - Generating DMR plots for /expanse/lustre/projects/csd940/zalibhai/biomodal/modality/outputs_CHG/Results/gencode.vM25.mouse.tss_region.annotation/DMR_20260121_150617/DMR_mc_control__mutant_20260121_150617.bed...
Logged in using stored credentials
[38;5;23m2026-01-21 15:08:18[39m  [1m[38;5;123mProvenance information:[39m
[38;5;23m2026-01-21 15:08:18[39m  cmd='/home/zalibhai/miniforge3/envs/modality/bin/modality -v dmr plot --dmr-results /expanse/lustre/projects/csd940/zalibhai/biomodal/modality/outputs_CHG/Results/gencode.vM25.mouse.tss_region.annotation/DMR_20260121_150617/DMR_mc_control__mutant_20260121_150617.bed --output-dir /expanse/lustre/projects/csd940/zalibhai/biomodal/modality/outputs_CHG/Results/gencode.vM25.mouse.tss_region.annotation'
timestamp=2026-01-21T15:08:18.552084
version=1.0.0
user=zalibhai

[39m
[38;5;23m2026-01-21 15:08:18[39m  [1m[38;5;123mGenerating DMR plots:[39m
[38;5;23m2026-01-21 15:08:18[39m  [38;5;248mDmr Results[39m: ['/expanse/lustre/projects/csd940/zalibhai/biomodal/modality/outputs_CHG/Results/gencode.vM25.mouse.tss_region.annotation/DMR_20260121_150617/DMR_mc_control__mutant_20260121_150617.bed'][39m
[38;5;23m2026-01-21 15:08:18[39m  [38;5;248mOutput Dir[39m: /expanse/lustre/projects/csd940/zalibhai/biomodal/modality/outputs_CHG/Results/gencode.vM25.mouse.tss_region.annotation[39m
[38;5;23m2026-01-21 15:08:18[39m  [38;5;248mFilter Qvalue[39m: None[39m
[38;5;23m2026-01-21 15:08:18[39m  [38;5;248mFilter Mod Difference[39m: None[39m
[38;5;23m2026-01-21 15:08:18[39m | [38;5;23mINFO[39m | Loading DMR file: /expanse/lustre/projects/csd940/zalibhai/biomodal/modality/outputs_CHG/Results/gencode.vM25.mouse.tss_region.annotation/DMR_20260121_150617/DMR_mc_control__mutant_20260121_150617.bed[39m
[38;5;23m2026-01-21 15:08:18[39m | [33mWARNING[39m | [33mExtra columns detected: Index(['Annotation', 'Name'], dtype='object'). These will be retained but are not validated.[39m
[38;5;23m2026-01-21 15:08:18[39m | [38;5;23mINFO[39m | Loaded DMR file with 295 rows[39m
[38;5;23m2026-01-21 15:08:18[39m | [38;5;23mINFO[39m | Detected insufficient sample size condition (all p-values=1.0 and test_statistics=0.0)[39m
[38;5;23m2026-01-21 15:08:18[39m | [38;5;23mINFO[39m | No filtering applied to DMRs[39m
[38;5;23m2026-01-21 15:08:18[39m | [38;5;23mINFO[39m | After filtering, DMR result has 295 rows[39m
[38;5;23m2026-01-21 15:08:18[39m | [38;5;23mINFO[39m | Data ranges - mod_difference: [-0.0178799434626293, 0.003644016660187], min q-value: 1.0[39m
[38;5;23m2026-01-21 15:08:18[39m | [38;5;23mINFO[39m | Preparing volcano plot data[39m
[38;5;23m2026-01-21 15:08:18[39m | [38;5;23mINFO[39m | Preparing histogram plot data[39m
[38;5;23m2026-01-21 15:08:18[39m | [38;5;23mINFO[39m | Histogram data for group 'TSS': 295 p-values[39m
[38;5;23m2026-01-21 15:08:18[39m | [38;5;23mINFO[39m | p-value range: [1.0, 1.0][39m
[38;5;23m2026-01-21 15:08:18[39m | [38;5;23mINFO[39m | Volcano plot has 295 total points across 1 groups[39m
[38;5;23m2026-01-21 15:08:18[39m | [33mWARNING[39m | [33mExtra columns detected: Index(['Annotation', 'Name'], dtype='object'). These will be retained but are not validated.[39m
[38;5;23m2026-01-21 15:08:18[39m | [38;5;23mINFO[39m | Generated DMR report: /expanse/lustre/projects/csd940/zalibhai/biomodal/modality/outputs_CHG/Results/gencode.vM25.mouse.tss_region.annotation/DMR_Report_20260121_150818/DMR_Report_mc_control__mutant.dmr.volcano_20260121_150818.html[39m
[38;5;23m2026-01-21 15:08:18[39m | [38;5;23mINFO[39m | Generated 1 DMR reports.[39m
[38;5;23m2026-01-21 15:08:18[39m  [1m[38;5;154mDMR report successfully generated: /expanse/lustre/projects/csd940/zalibhai/biomodal/modality/outputs_CHG/Results/gencode.vM25.mouse.tss_region.annotation/DMR_Report_20260121_150818/DMR_Report_mc_control__mutant.dmr.volcano_20260121_150818.html[39m
[38;5;23m2026-01-21 15:08:18[39m | [38;5;23mINFO[39m | No filtered DMR files were generated. Check your filter parameters.[39m
[38;5;23m2026-01-21 15:08:18[39m  Wrote provenance sidecar file to /expanse/lustre/projects/csd940/zalibhai/biomodal/modality/outputs_CHG/Results/gencode.vM25.mouse.tss_region.annotation/DMR_Report_20260121_150818/modality_metadata_20260121_150818.json[39m
Logged in using stored credentials
[38;5;23m2026-01-21 15:08:22[39m  [1m[38;5;123mProvenance information:[39m
[38;5;23m2026-01-21 15:08:22[39m  cmd='/home/zalibhai/miniforge3/envs/modality/bin/modality dmr plot --dmr-results /expanse/lustre/projects/csd940/zalibhai/biomodal/modality/outputs_CHG/Results/gencode.vM25.mouse.tss_region.annotation/DMR_20260121_150617/DMR_mc_control__mutant_20260121_150617.bed --filter-qvalue 0.05 --output-dir /expanse/lustre/projects/csd940/zalibhai/biomodal/modality/outputs_CHG/Results/gencode.vM25.mouse.tss_region.annotation'
timestamp=2026-01-21T15:08:22.082627
version=1.0.0
user=zalibhai

[39m
[38;5;23m2026-01-21 15:08:22[39m  [1m[38;5;123mGenerating DMR plots:[39m
[38;5;23m2026-01-21 15:08:22[39m  [38;5;248mDmr Results[39m: ['/expanse/lustre/projects/csd940/zalibhai/biomodal/modality/outputs_CHG/Results/gencode.vM25.mouse.tss_region.annotation/DMR_20260121_150617/DMR_mc_control__mutant_20260121_150617.bed'][39m
[38;5;23m2026-01-21 15:08:22[39m  [38;5;248mFilter Qvalue[39m: 0.05[39m
[38;5;23m2026-01-21 15:08:22[39m  [38;5;248mOutput Dir[39m: /expanse/lustre/projects/csd940/zalibhai/biomodal/modality/outputs_CHG/Results/gencode.vM25.mouse.tss_region.annotation[39m
[38;5;23m2026-01-21 15:08:22[39m  [38;5;248mFilter Mod Difference[39m: None[39m
[38;5;23m2026-01-21 15:08:22[39m | [33mWARNING[39m | [33mExtra columns detected: Index(['Annotation', 'Name'], dtype='object'). These will be retained but are not validated.[39m
[38;5;23m2026-01-21 15:08:22[39m | [33mWARNING[39m | [33mDMR results empty after applying filters (filter_qvalue=0.05, filter_mod_difference=None) for condition-pair=control__mutant and methylation-context=mc. No filtered output and plot will be produced.[39m
[38;5;23m2026-01-21 15:08:22[39m | [33mWARNING[39m | [33mNo DMR reports were generated. Check your input files and filter parameters.[39m
[INFO] 2026-01-21 15:08:22 - DMR plots generated for /expanse/lustre/projects/csd940/zalibhai/biomodal/modality/outputs_CHG/Results/gencode.vM25.mouse.tss_region.annotation/DMR_20260121_150617/DMR_mc_control__mutant_20260121_150617.bed
[INFO] 2026-01-21 15:08:22 - DMR visualisation completed for region: gencode.vM25.mouse.tss_region.annotation
[INFO] 2026-01-21 15:08:22 - DMR HTML reports copied to region-specific directories
[INFO] 2026-01-21 15:08:22 - Pipeline completed successfully. Reports are available in /expanse/lustre/projects/csd940/zalibhai/biomodal/modality/outputs_CHG/Reports and region-specific subdirectories
[INFO] 2026-01-21 15:08:22 - Script completed in 2356 seconds

=========================================
End time: Wed Jan 21 15:08:22 PST 2026
=========================================
